Date,Open,High,Low,Close,Volume,Dividends,Stock Splits
2000-12-13 00:00:00+09:00,1376.57275390625,1376.57275390625,1376.57275390625,1376.57275390625,2685620,0.0,0.0
2000-12-14 00:00:00+09:00,1326.7623291015625,1326.7623291015625,1326.7623291015625,1326.7623291015625,916743,0.0,0.0
2000-12-15 00:00:00+09:00,1263.367431640625,1263.367431640625,1263.367431640625,1263.367431640625,2022526,0.0,0.0
2000-12-18 00:00:00+09:00,1254.311279296875,1254.311279296875,1254.311279296875,1254.311279296875,1282386,0.0,0.0
2000-12-19 00:00:00+09:00,1113.9371337890625,1113.9371337890625,1113.9371337890625,1113.9371337890625,1687287,0.0,0.0
2000-12-20 00:00:00+09:00,982.619384765625,982.619384765625,982.619384765625,982.619384765625,788870,0.0,0.0
2000-12-21 00:00:00+09:00,864.8861083984374,864.8861083984374,864.8861083984374,864.8861083984375,832233,0.0,0.0
2000-12-22 00:00:00+09:00,824.1323852539061,824.1323852539061,824.1323852539061,824.1323852539062,912570,0.0,0.0
2000-12-25 00:00:00+09:00,824.1323852539061,824.1323852539061,824.1323852539061,824.1323852539062,0,0.0,0.0
2000-12-26 00:00:00+09:00,806.0195312499999,806.0195312499999,806.0195312499999,806.01953125,541543,0.0,0.0
2000-12-27 00:00:00+09:00,806.0195312499999,806.0195312499999,806.0195312499999,806.01953125,0,0.0,0.0
2000-12-28 00:00:00+09:00,806.0195312499999,806.0195312499999,806.0195312499999,806.01953125,0,0.0,0.0
2000-12-29 00:00:00+09:00,806.0195312499999,806.0195312499999,806.0195312499999,806.01953125,0,0.0,0.0
2001-01-01 00:00:00+09:00,806.0195312499999,806.0195312499999,806.0195312499999,806.01953125,0,0.0,0.0
2001-01-02 00:00:00+09:00,901.1116943359375,901.1116943359375,901.1116943359375,901.1116943359375,1057055,0.0,0.0
2001-01-03 00:00:00+09:00,941.8654174804688,941.8654174804688,941.8654174804688,941.8654174804688,1775340,0.0,0.0
2001-01-04 00:00:00+09:00,1050.54248046875,1050.54248046875,1050.54248046875,1050.54248046875,1448831,0.0,0.0
2001-01-05 00:00:00+09:00,1172.8035888671875,1172.8035888671875,1172.8035888671875,1172.8035888671875,1330279,0.0,0.0
2001-01-08 00:00:00+09:00,1313.1781005859375,1313.1781005859375,1313.1781005859375,1313.1781005859375,553854,0.0,0.0
2001-01-09 00:00:00+09:00,1467.13623046875,1467.13623046875,1467.13623046875,1467.13623046875,292747,0.0,0.0
2001-01-10 00:00:00+09:00,1639.2078857421875,1639.2078857421875,1639.2078857421875,1639.2078857421875,937103,0.0,0.0
2001-01-11 00:00:00+09:00,1833.9208984375,1833.9208984375,1833.9208984375,1833.9208984375,760250,0.0,0.0
2001-01-12 00:00:00+09:00,1720.7159423828125,1720.7159423828125,1720.7159423828125,1720.7159423828125,1024849,0.0,0.0
2001-01-15 00:00:00+09:00,1924.485107421875,1924.485107421875,1924.485107421875,1924.485107421875,1029176,0.0,0.0
2001-01-16 00:00:00+09:00,2155.4228515625,2155.4228515625,2155.4228515625,2155.4228515625,578320,0.0,0.0
2001-01-17 00:00:00+09:00,2413.530517578125,2413.530517578125,2413.530517578125,2413.530517578125,266795,0.0,0.0
2001-01-18 00:00:00+09:00,2698.8071289062505,2698.8071289062505,2698.8071289062505,2698.80712890625,68197,0.0,0.0
2001-01-19 00:00:00+09:00,2898.047607421875,2898.047607421875,2898.047607421875,2898.047607421875,654870,0.0,0.0
2001-01-22 00:00:00+09:00,3242.1906738281255,3242.1906738281255,3242.1906738281255,3242.190673828125,475082,0.0,0.0
2001-01-23 00:00:00+09:00,3242.1906738281255,3242.1906738281255,3242.1906738281255,3242.190673828125,0,0.0,0.0
2001-01-24 00:00:00+09:00,3242.1906738281255,3242.1906738281255,3242.1906738281255,3242.190673828125,0,0.0,0.0
2001-01-25 00:00:00+09:00,3242.1906738281255,3242.1906738281255,3242.1906738281255,3242.190673828125,0,0.0,0.0
2001-01-26 00:00:00+09:00,3627.0881347656245,3627.0881347656245,3627.0881347656245,3627.088134765625,277855,0.0,0.0
2001-01-29 00:00:00+09:00,4061.79443359375,4061.79443359375,4061.79443359375,4061.79443359375,232513,0.0,0.0
2001-01-30 00:00:00+09:00,3577.27734375,3577.27734375,3577.27734375,3577.27734375,2825217,0.0,0.0
2001-01-31 00:00:00+09:00,3151.6267089843755,3151.6267089843755,3151.6267089843755,3151.626708984375,127644,0.0,0.0
2001-02-01 00:00:00+09:00,2775.78662109375,2775.78662109375,2775.78662109375,2775.78662109375,5680546,0.0,0.0
2001-02-02 00:00:00+09:00,2513.150634765625,2513.150634765625,2513.150634765625,2513.150634765625,2314333,0.0,0.0
2001-02-05 00:00:00+09:00,2812.01220703125,2812.01220703125,2812.01220703125,2812.01220703125,3474560,0.0,0.0
2001-02-06 00:00:00+09:00,2485.9816894531245,2485.9816894531245,2485.9816894531245,2485.981689453125,2842947,0.0,0.0
2001-02-07 00:00:00+09:00,2205.233154296875,2205.233154296875,2205.233154296875,2205.233154296875,2356072,0.0,0.0
2001-02-08 00:00:00+09:00,2205.233154296875,2205.233154296875,2205.233154296875,2205.233154296875,2377051,0.0,0.0
2001-02-09 00:00:00+09:00,2354.66357421875,2354.66357421875,2354.66357421875,2354.66357421875,3724719,0.0,0.0
2001-02-12 00:00:00+09:00,2264.099609375,2264.099609375,2264.099609375,2264.099609375,1894790,0.0,0.0
2001-02-13 00:00:00+09:00,2322.96630859375,2322.96630859375,2322.96630859375,2322.96630859375,1355097,0.0,0.0
2001-02-14 00:00:00+09:00,2377.3046875,2377.3046875,2377.3046875,2377.3046875,1373229,0.0,0.0
2001-02-15 00:00:00+09:00,2359.19189453125,2359.19189453125,2359.19189453125,2359.19189453125,1132620,0.0,0.0
2001-02-16 00:00:00+09:00,2218.817626953125,2218.817626953125,2218.817626953125,2218.817626953125,927373,0.0,0.0
2001-02-19 00:00:00+09:00,2255.04345703125,2255.04345703125,2255.04345703125,2255.04345703125,704012,0.0,0.0
2001-02-20 00:00:00+09:00,2332.022705078125,2332.022705078125,2332.022705078125,2332.022705078125,1254146,0.0,0.0
2001-02-21 00:00:00+09:00,2368.2490234375,2368.2490234375,2368.2490234375,2368.2490234375,790607,0.0,0.0
2001-02-22 00:00:00+09:00,2087.50048828125,2087.50048828125,2087.50048828125,2087.50048828125,629047,0.0,0.0
2001-02-23 00:00:00+09:00,1901.843994140625,1901.843994140625,1901.843994140625,1901.843994140625,585362,0.0,0.0
2001-02-26 00:00:00+09:00,2001.4639892578125,2001.4639892578125,2001.4639892578125,2001.4639892578125,895455,0.0,0.0
2001-02-27 00:00:00+09:00,1765.9978027343752,1765.9978027343752,1765.9978027343752,1765.997802734375,649898,0.0,0.0
2001-02-28 00:00:00+09:00,1974.2950439453125,1974.2950439453125,1974.2950439453125,1974.2950439453125,1233741,0.0,0.0
2001-03-01 00:00:00+09:00,1974.2950439453125,1974.2950439453125,1974.2950439453125,1974.2950439453125,0,0.0,0.0
2001-03-02 00:00:00+09:00,2105.613037109375,2105.613037109375,2105.613037109375,2105.613037109375,1274334,0.0,0.0
2001-03-05 00:00:00+09:00,2169.007568359375,2169.007568359375,2169.007568359375,2169.007568359375,952286,0.0,0.0
2001-03-06 00:00:00+09:00,2196.176513671875,2196.176513671875,2196.176513671875,2196.176513671875,994220,0.0,0.0
2001-03-07 00:00:00+09:00,2458.812255859375,2458.812255859375,2458.812255859375,2458.812255859375,1585905,0.0,0.0
2001-03-08 00:00:00+09:00,2603.714599609375,2603.714599609375,2603.714599609375,2603.714599609375,1458368,0.0,0.0
2001-03-09 00:00:00+09:00,2526.73486328125,2526.73486328125,2526.73486328125,2526.73486328125,789528,0.0,0.0
2001-03-12 00:00:00+09:00,2227.874267578125,2227.874267578125,2227.874267578125,2227.874267578125,2104440,0.0,0.0
2001-03-13 00:00:00+09:00,1960.7103271484375,1960.7103271484375,1960.7103271484375,1960.7103271484375,1362961,0.0,0.0
2001-03-14 00:00:00+09:00,2033.161376953125,2033.161376953125,2033.161376953125,2033.161376953125,1106400,0.0,0.0
2001-03-15 00:00:00+09:00,1901.843994140625,1901.843994140625,1901.843994140625,1901.843994140625,684834,0.0,0.0
2001-03-16 00:00:00+09:00,2005.9923095703123,2005.9923095703123,2005.9923095703123,2005.9923095703125,765203,0.0,0.0
2001-03-19 00:00:00+09:00,2033.161376953125,2033.161376953125,2033.161376953125,2033.161376953125,487390,0.0,0.0
2001-03-20 00:00:00+09:00,2273.15625,2273.15625,2273.15625,2273.15625,1055795,0.0,0.0
2001-03-21 00:00:00+09:00,2169.007568359375,2169.007568359375,2169.007568359375,2169.007568359375,1664681,0.0,0.0
2001-03-22 00:00:00+09:00,2427.115234375,2427.115234375,2427.115234375,2427.115234375,831704,0.0,0.0
2001-03-23 00:00:00+09:00,2472.397216796875,2472.397216796875,2472.397216796875,2472.397216796875,868830,0.0,0.0
2001-03-26 00:00:00+09:00,2644.4687499999995,2644.4687499999995,2644.4687499999995,2644.46875,1557027,0.0,0.0
2001-03-27 00:00:00+09:00,2603.714599609375,2603.714599609375,2603.714599609375,2603.714599609375,570634,0.0,0.0
2001-03-28 00:00:00+09:00,2291.268798828125,2291.268798828125,2291.268798828125,2291.268798828125,803900,0.0,0.0
2001-03-29 00:00:00+09:00,2245.987060546875,2245.987060546875,2245.987060546875,2245.987060546875,665339,0.0,0.0
2001-03-30 00:00:00+09:00,2354.66357421875,2354.66357421875,2354.66357421875,2354.66357421875,714463,0.0,0.0
2001-04-02 00:00:00+09:00,2513.150634765625,2513.150634765625,2513.150634765625,2513.150634765625,860018,0.0,0.0
2001-04-03 00:00:00+09:00,2214.28955078125,2214.28955078125,2214.28955078125,2214.28955078125,1164660,0.0,0.0
2001-04-04 00:00:00+09:00,2087.50048828125,2087.50048828125,2087.50048828125,2087.50048828125,471704,0.0,0.0
2001-04-05 00:00:00+09:00,2087.50048828125,2087.50048828125,2087.50048828125,2087.50048828125,0,0.0,0.0
2001-04-06 00:00:00+09:00,2128.253662109375,2128.253662109375,2128.253662109375,2128.253662109375,226723,0.0,0.0
2001-04-09 00:00:00+09:00,2037.6898193359375,2037.6898193359375,2037.6898193359375,2037.6898193359375,208727,0.0,0.0
2001-04-10 00:00:00+09:00,2146.366455078125,2146.366455078125,2146.366455078125,2146.366455078125,435749,0.0,0.0
2001-04-11 00:00:00+09:00,2218.817626953125,2218.817626953125,2218.817626953125,2218.817626953125,301399,0.0,0.0
2001-04-12 00:00:00+09:00,2250.51513671875,2250.51513671875,2250.51513671875,2250.51513671875,328033,0.0,0.0
2001-04-13 00:00:00+09:00,2517.678955078125,2517.678955078125,2517.678955078125,2517.678955078125,679913,0.0,0.0
2001-04-16 00:00:00+09:00,2816.539794921875,2816.539794921875,2816.539794921875,2816.539794921875,1707183,0.0,0.0
2001-04-17 00:00:00+09:00,2830.125,2830.125,2830.125,2830.125,1500323,0.0,0.0
2001-04-18 00:00:00+09:00,2852.765380859375,2852.765380859375,2852.765380859375,2852.765380859375,1053173,0.0,0.0
2001-04-19 00:00:00+09:00,2762.201416015625,2762.201416015625,2762.201416015625,2762.201416015625,1159428,0.0,0.0
2001-04-20 00:00:00+09:00,2558.4326171875,2558.4326171875,2558.4326171875,2558.4326171875,753801,0.0,0.0
2001-04-23 00:00:00+09:00,2553.904296875,2553.904296875,2553.904296875,2553.904296875,696389,0.0,0.0
2001-04-24 00:00:00+09:00,2617.2998046875,2617.2998046875,2617.2998046875,2617.2998046875,870675,0.0,0.0
2001-04-25 00:00:00+09:00,2929.745361328125,2929.745361328125,2929.745361328125,2929.745361328125,1563019,0.0,0.0
2001-04-26 00:00:00+09:00,2648.996826171875,2648.996826171875,2648.996826171875,2648.996826171875,1335738,0.0,0.0
2001-04-27 00:00:00+09:00,2445.22802734375,2445.22802734375,2445.22802734375,2445.22802734375,653059,0.0,0.0
2001-04-30 00:00:00+09:00,2599.186279296875,2599.186279296875,2599.186279296875,2599.186279296875,667367,0.0,0.0
2001-05-01 00:00:00+09:00,2599.186279296875,2599.186279296875,2599.186279296875,2599.186279296875,0,0.0,0.0
2001-05-02 00:00:00+09:00,2562.9609375,2562.9609375,2562.9609375,2562.9609375,891951,0.0,0.0
2001-05-03 00:00:00+09:00,2562.9609375,2562.9609375,2562.9609375,2562.9609375,367295,0.0,0.0
2001-05-04 00:00:00+09:00,2648.996826171875,2648.996826171875,2648.996826171875,2648.996826171875,1073967,0.0,0.0
2001-05-07 00:00:00+09:00,2888.991943359375,2888.991943359375,2888.991943359375,2888.991943359375,1068666,0.0,0.0
2001-05-08 00:00:00+09:00,3233.1337890625,3233.1337890625,3233.1337890625,3233.1337890625,2461681,0.0,0.0
2001-05-09 00:00:00+09:00,2848.23779296875,2848.23779296875,2848.23779296875,2848.23779296875,1282734,0.0,0.0
2001-05-10 00:00:00+09:00,2875.40673828125,2875.40673828125,2875.40673828125,2875.40673828125,695820,0.0,0.0
2001-05-11 00:00:00+09:00,2852.765380859375,2852.765380859375,2852.765380859375,2852.765380859375,607427,0.0,0.0
2001-05-14 00:00:00+09:00,2866.35009765625,2866.35009765625,2866.35009765625,2866.35009765625,342314,0.0,0.0
2001-05-15 00:00:00+09:00,2852.765380859375,2852.765380859375,2852.765380859375,2852.765380859375,1254905,0.0,0.0
2001-05-16 00:00:00+09:00,2744.089111328125,2744.089111328125,2744.089111328125,2744.089111328125,740804,0.0,0.0
2001-05-17 00:00:00+09:00,2793.8989257812505,2793.8989257812505,2793.8989257812505,2793.89892578125,415280,0.0,0.0
2001-05-18 00:00:00+09:00,2653.524658203125,2653.524658203125,2653.524658203125,2653.524658203125,389064,0.0,0.0
2001-05-21 00:00:00+09:00,2671.6376953125,2671.6376953125,2671.6376953125,2671.6376953125,446434,0.0,0.0
2001-05-22 00:00:00+09:00,2617.2998046875,2617.2998046875,2617.2998046875,2617.2998046875,263435,0.0,0.0
2001-05-23 00:00:00+09:00,2648.996826171875,2648.996826171875,2648.996826171875,2648.996826171875,467676,0.0,0.0
2001-05-24 00:00:00+09:00,2830.125,2830.125,2830.125,2830.125,526416,0.0,0.0
2001-05-25 00:00:00+09:00,2875.40673828125,2875.40673828125,2875.40673828125,2875.40673828125,759732,0.0,0.0
2001-05-28 00:00:00+09:00,2694.278564453125,2694.278564453125,2694.278564453125,2694.278564453125,434364,0.0,0.0
2001-05-29 00:00:00+09:00,2662.581298828125,2662.581298828125,2662.581298828125,2662.581298828125,340453,0.0,0.0
2001-05-30 00:00:00+09:00,2694.278564453125,2694.278564453125,2694.278564453125,2694.278564453125,225395,0.0,0.0
2001-05-31 00:00:00+09:00,2567.489501953125,2567.489501953125,2567.489501953125,2567.489501953125,208476,0.0,0.0
2001-06-01 00:00:00+09:00,2626.356201171875,2626.356201171875,2626.356201171875,2626.356201171875,240187,0.0,0.0
2001-06-04 00:00:00+09:00,2635.411865234375,2635.411865234375,2635.411865234375,2635.411865234375,220315,0.0,0.0
2001-06-05 00:00:00+09:00,2418.05810546875,2418.05810546875,2418.05810546875,2418.05810546875,345546,0.0,0.0
2001-06-06 00:00:00+09:00,2418.05810546875,2418.05810546875,2418.05810546875,2418.05810546875,0,0.0,0.0
2001-06-07 00:00:00+09:00,2255.04345703125,2255.04345703125,2255.04345703125,2255.04345703125,253321,0.0,0.0
2001-06-08 00:00:00+09:00,2386.3605957031245,2386.3605957031245,2386.3605957031245,2386.360595703125,183626,0.0,0.0
2001-06-11 00:00:00+09:00,2291.268798828125,2291.268798828125,2291.268798828125,2291.268798828125,161242,0.0,0.0
2001-06-12 00:00:00+09:00,2286.740966796875,2286.740966796875,2286.740966796875,2286.740966796875,133774,0.0,0.0
2001-06-13 00:00:00+09:00,2345.607177734375,2345.607177734375,2345.607177734375,2345.607177734375,208166,0.0,0.0
2001-06-14 00:00:00+09:00,2354.66357421875,2354.66357421875,2354.66357421875,2354.66357421875,178090,0.0,0.0
2001-06-15 00:00:00+09:00,2322.96630859375,2322.96630859375,2322.96630859375,2322.96630859375,135092,0.0,0.0
2001-06-18 00:00:00+09:00,2341.0791015625,2341.0791015625,2341.0791015625,2341.0791015625,155892,0.0,0.0
2001-06-19 00:00:00+09:00,2295.796875,2295.796875,2295.796875,2295.796875,140262,0.0,0.0
2001-06-20 00:00:00+09:00,2150.89453125,2150.89453125,2150.89453125,2150.89453125,181502,0.0,0.0
2001-06-21 00:00:00+09:00,2146.366455078125,2146.366455078125,2146.366455078125,2146.366455078125,110396,0.0,0.0
2001-06-22 00:00:00+09:00,2060.33056640625,2060.33056640625,2060.33056640625,2060.33056640625,163320,0.0,0.0
2001-06-25 00:00:00+09:00,2046.7459716796873,2046.7459716796873,2046.7459716796873,2046.7459716796875,117229,0.0,0.0
2001-06-26 00:00:00+09:00,1956.1822509765627,1956.1822509765627,1956.1822509765627,1956.1822509765625,235007,0.0,0.0
2001-06-27 00:00:00+09:00,1838.4493408203127,1838.4493408203127,1838.4493408203127,1838.4493408203125,171973,0.0,0.0
2001-06-28 00:00:00+09:00,1901.843994140625,1901.843994140625,1901.843994140625,1901.843994140625,167521,0.0,0.0
2001-06-29 00:00:00+09:00,2119.197265625,2119.197265625,2119.197265625,2119.197265625,304781,0.0,0.0
2001-07-02 00:00:00+09:00,2055.802734375,2055.802734375,2055.802734375,2055.802734375,153269,0.0,0.0
2001-07-03 00:00:00+09:00,2005.9923095703123,2005.9923095703123,2005.9923095703123,2005.9923095703125,117704,0.0,0.0
2001-07-04 00:00:00+09:00,1910.900146484375,1910.900146484375,1910.900146484375,1910.900146484375,178495,0.0,0.0
2001-07-05 00:00:00+09:00,1888.2593994140625,1888.2593994140625,1888.2593994140625,1888.2593994140625,126936,0.0,0.0
2001-07-06 00:00:00+09:00,1765.9978027343752,1765.9978027343752,1765.9978027343752,1765.997802734375,164304,0.0,0.0
2001-07-09 00:00:00+09:00,1557.7005615234375,1557.7005615234375,1557.7005615234375,1557.7005615234375,290090,0.0,0.0
2001-07-10 00:00:00+09:00,1557.7005615234375,1557.7005615234375,1557.7005615234375,1557.7005615234375,211930,0.0,0.0
2001-07-11 00:00:00+09:00,1403.7418212890625,1403.7418212890625,1403.7418212890625,1403.7418212890625,201269,0.0,0.0
2001-07-12 00:00:00+09:00,1512.4188232421875,1512.4188232421875,1512.4188232421875,1512.4188232421875,181566,0.0,0.0
2001-07-13 00:00:00+09:00,1548.6442871093752,1548.6442871093752,1548.6442871093752,1548.644287109375,356207,0.0,0.0
2001-07-16 00:00:00+09:00,1571.28515625,1571.28515625,1571.28515625,1571.28515625,182165,0.0,0.0
2001-07-17 00:00:00+09:00,1571.28515625,1571.28515625,1571.28515625,1571.28515625,0,0.0,0.0
2001-07-18 00:00:00+09:00,1630.1513671875,1630.1513671875,1630.1513671875,1630.1513671875,591220,0.0,0.0
2001-07-19 00:00:00+09:00,1630.1513671875,1630.1513671875,1630.1513671875,1630.1513671875,0,0.0,0.0
2001-07-20 00:00:00+09:00,1722.5269775390625,1722.5269775390625,1722.5269775390625,1722.5269775390625,263879,0.0,1.2
2001-07-23 00:00:00+09:00,1516.0411376953125,1516.0411376953125,1516.0411376953125,1516.0411376953125,274212,0.0,0.0
2001-07-24 00:00:00+09:00,1439.96728515625,1439.96728515625,1439.96728515625,1439.96728515625,508943,0.0,0.0
2001-07-25 00:00:00+09:00,1439.96728515625,1439.96728515625,1439.96728515625,1439.96728515625,401336,0.0,0.0
2001-07-26 00:00:00+09:00,1478.0040283203123,1478.0040283203123,1478.0040283203123,1478.0040283203125,160950,0.0,0.0
2001-07-27 00:00:00+09:00,1651.8868408203125,1651.8868408203125,1651.8868408203125,1651.8868408203125,340859,0.0,0.0
2001-07-30 00:00:00+09:00,1646.453125,1646.453125,1646.453125,1646.453125,331720,0.0,0.0
2001-07-31 00:00:00+09:00,1613.8499755859375,1613.8499755859375,1613.8499755859375,1613.8499755859375,152547,0.0,0.0
2001-08-01 00:00:00+09:00,1700.7913818359377,1700.7913818359377,1700.7913818359377,1700.7913818359375,355563,0.0,0.0
2001-08-02 00:00:00+09:00,1901.843505859375,1901.843505859375,1901.843505859375,1901.843505859375,407664,0.0,0.0
2001-08-03 00:00:00+09:00,1847.5050048828125,1847.5050048828125,1847.5050048828125,1847.5050048828125,758233,0.0,0.0
2001-08-06 00:00:00+09:00,1820.3358154296877,1820.3358154296877,1820.3358154296877,1820.3358154296875,172097,0.0,0.0
2001-08-07 00:00:00+09:00,1782.2991943359373,1782.2991943359373,1782.2991943359373,1782.2991943359375,145965,0.0,0.0
2001-08-08 00:00:00+09:00,1727.9608154296875,1727.9608154296875,1727.9608154296875,1727.9608154296875,122589,0.0,0.0
2001-08-09 00:00:00+09:00,1641.0194091796875,1641.0194091796875,1641.0194091796875,1641.0194091796875,132299,0.0,0.0
2001-08-10 00:00:00+09:00,1668.1884765624998,1668.1884765624998,1668.1884765624998,1668.1884765625,97776,0.0,0.0
2001-08-13 00:00:00+09:00,1646.453125,1646.453125,1646.453125,1646.453125,69409,0.0,0.0
2001-08-14 00:00:00+09:00,1635.5855712890627,1635.5855712890627,1635.5855712890627,1635.5855712890625,86924,0.0,0.0
2001-08-15 00:00:00+09:00,1635.5855712890627,1635.5855712890627,1635.5855712890627,1635.5855712890625,0,0.0,0.0
2001-08-16 00:00:00+09:00,1554.0777587890623,1554.0777587890623,1554.0777587890623,1554.0777587890625,71536,0.0,0.0
2001-08-17 00:00:00+09:00,1559.5114746093748,1559.5114746093748,1559.5114746093748,1559.511474609375,59648,0.0,0.0
2001-08-20 00:00:00+09:00,1472.5701904296875,1472.5701904296875,1472.5701904296875,1472.5701904296875,71355,0.0,0.0
2001-08-21 00:00:00+09:00,1532.342529296875,1532.342529296875,1532.342529296875,1532.342529296875,58497,0.0,0.0
2001-08-22 00:00:00+09:00,1494.3055419921877,1494.3055419921877,1494.3055419921877,1494.3055419921875,58027,0.0,0.0
2001-08-23 00:00:00+09:00,1418.2320556640625,1418.2320556640625,1418.2320556640625,1418.2320556640625,78154,0.0,0.0
2001-08-24 00:00:00+09:00,1391.06298828125,1391.06298828125,1391.06298828125,1391.06298828125,54845,0.0,0.0
2001-08-27 00:00:00+09:00,1445.4011230468748,1445.4011230468748,1445.4011230468748,1445.401123046875,80099,0.0,0.0
2001-08-28 00:00:00+09:00,1391.06298828125,1391.06298828125,1391.06298828125,1391.06298828125,95228,0.0,0.0
2001-08-29 00:00:00+09:00,1347.592041015625,1347.592041015625,1347.592041015625,1347.592041015625,78364,0.0,0.0
2001-08-30 00:00:00+09:00,1298.6873779296875,1298.6873779296875,1298.6873779296875,1298.6873779296875,55529,0.0,0.0
2001-08-31 00:00:00+09:00,1168.275390625,1168.275390625,1168.275390625,1168.275390625,106641,0.0,0.0
2001-09-03 00:00:00+09:00,1168.275390625,1168.275390625,1168.275390625,1168.275390625,73442,0.0,0.0
2001-09-04 00:00:00+09:00,1266.08447265625,1266.08447265625,1266.08447265625,1266.08447265625,59803,0.0,0.0
2001-09-05 00:00:00+09:00,1200.8785400390625,1200.8785400390625,1200.8785400390625,1200.8785400390625,61194,0.0,0.0
2001-09-06 00:00:00+09:00,1233.481689453125,1233.481689453125,1233.481689453125,1233.481689453125,67367,0.0,0.0
2001-09-07 00:00:00+09:00,1260.6507568359375,1260.6507568359375,1260.6507568359375,1260.6507568359375,70341,0.0,0.0
2001-09-10 00:00:00+09:00,1358.459716796875,1358.459716796875,1358.459716796875,1358.459716796875,200061,0.0,0.0
2001-09-11 00:00:00+09:00,1320.4228515625,1320.4228515625,1320.4228515625,1320.4228515625,104166,0.0,0.0
2001-09-12 00:00:00+09:00,1162.8414306640625,1162.8414306640625,1162.8414306640625,1162.8414306640625,162486,0.0,0.0
2001-09-13 00:00:00+09:00,1195.444580078125,1195.444580078125,1195.444580078125,1195.444580078125,146193,0.0,0.0
2001-09-14 00:00:00+09:00,1054.16455078125,1054.16455078125,1054.16455078125,1054.16455078125,116499,0.0,0.0
2001-09-17 00:00:00+09:00,929.1862792968749,929.1862792968749,929.1862792968749,929.186279296875,79763,0.0,0.0
2001-09-18 00:00:00+09:00,994.3923950195311,994.3923950195311,994.3923950195311,994.3923950195312,206764,0.0,0.0
2001-09-19 00:00:00+09:00,972.6570434570311,972.6570434570311,972.6570434570311,972.6570434570312,152807,0.0,0.0
2001-09-20 00:00:00+09:00,923.7525024414062,923.7525024414062,923.7525024414062,923.7525024414062,111743,0.0,0.0
2001-09-21 00:00:00+09:00,902.0172729492188,902.0172729492188,902.0172729492188,902.0172729492188,97793,0.0,0.0
2001-09-24 00:00:00+09:00,912.8849487304688,912.8849487304688,912.8849487304688,912.8849487304688,153336,0.0,0.0
2001-09-25 00:00:00+09:00,874.8480224609375,874.8480224609375,874.8480224609375,874.8480224609375,116999,0.0,0.0
2001-09-26 00:00:00+09:00,896.5833129882812,896.5833129882812,896.5833129882812,896.5833129882812,79778,0.0,0.0
2001-09-27 00:00:00+09:00,945.4879150390625,945.4879150390625,945.4879150390625,945.4879150390625,140730,0.0,0.0
2001-09-28 00:00:00+09:00,994.3923950195311,994.3923950195311,994.3923950195311,994.3923950195312,141277,0.0,0.0
2001-10-01 00:00:00+09:00,994.3923950195311,994.3923950195311,994.3923950195311,994.3923950195312,0,0.0,0.0
2001-10-02 00:00:00+09:00,994.3923950195311,994.3923950195311,994.3923950195311,994.3923950195312,0,0.0,0.0
2001-10-03 00:00:00+09:00,994.3923950195311,994.3923950195311,994.3923950195311,994.3923950195312,0,0.0,0.0
2001-10-04 00:00:00+09:00,1108.5030517578125,1108.5030517578125,1108.5030517578125,1108.5030517578125,296467,0.0,0.0
2001-10-05 00:00:00+09:00,1086.7677001953125,1086.7677001953125,1086.7677001953125,1086.7677001953125,185007,0.0,0.0
2001-10-08 00:00:00+09:00,1217.179931640625,1217.179931640625,1217.179931640625,1217.179931640625,238550,0.0,0.0
2001-10-09 00:00:00+09:00,1358.459716796875,1358.459716796875,1358.459716796875,1358.459716796875,883486,0.0,0.0
2001-10-10 00:00:00+09:00,1336.7242431640625,1336.7242431640625,1336.7242431640625,1336.7242431640625,393290,0.0,0.0
2001-10-11 00:00:00+09:00,1331.29052734375,1331.29052734375,1331.29052734375,1331.29052734375,510246,0.0,0.0
2001-10-12 00:00:00+09:00,1287.8197021484375,1287.8197021484375,1287.8197021484375,1287.8197021484375,330394,0.0,0.0
2001-10-15 00:00:00+09:00,1331.29052734375,1331.29052734375,1331.29052734375,1331.29052734375,281477,0.0,0.0
2001-10-16 00:00:00+09:00,1478.0040283203123,1478.0040283203123,1478.0040283203123,1478.0040283203125,552470,0.0,0.0
2001-10-17 00:00:00+09:00,1483.4378662109373,1483.4378662109373,1483.4378662109373,1483.4378662109375,454581,0.0,0.0
2001-10-18 00:00:00+09:00,1347.592041015625,1347.592041015625,1347.592041015625,1347.592041015625,272309,0.0,0.0
2001-10-19 00:00:00+09:00,1363.8936767578123,1363.8936767578123,1363.8936767578123,1363.8936767578125,228304,0.0,0.0
2001-10-22 00:00:00+09:00,1526.9088134765625,1526.9088134765625,1526.9088134765625,1526.9088134765625,396494,0.0,0.0
2001-10-23 00:00:00+09:00,1521.4752197265623,1521.4752197265623,1521.4752197265623,1521.4752197265625,740506,0.0,0.0
2001-10-24 00:00:00+09:00,1467.1362304687498,1467.1362304687498,1467.1362304687498,1467.13623046875,165030,0.0,0.0
2001-10-25 00:00:00+09:00,1418.2320556640625,1418.2320556640625,1418.2320556640625,1418.2320556640625,151677,0.0,0.0
2001-10-26 00:00:00+09:00,1407.3642578124998,1407.3642578124998,1407.3642578124998,1407.3642578125,112533,0.0,0.0
2001-10-29 00:00:00+09:00,1434.533447265625,1434.533447265625,1434.533447265625,1434.533447265625,163139,0.0,0.0
2001-10-30 00:00:00+09:00,1325.8566894531252,1325.8566894531252,1325.8566894531252,1325.856689453125,147119,0.0,0.0
2001-10-31 00:00:00+09:00,1325.8566894531252,1325.8566894531252,1325.8566894531252,1325.856689453125,110842,0.0,0.0
2001-11-01 00:00:00+09:00,1418.2320556640625,1418.2320556640625,1418.2320556640625,1418.2320556640625,194218,0.0,0.0
2001-11-02 00:00:00+09:00,1586.6812744140623,1586.6812744140623,1586.6812744140623,1586.6812744140625,867753,0.0,0.0
2001-11-05 00:00:00+09:00,1776.8651123046873,1776.8651123046873,1776.8651123046873,1776.8651123046875,978668,0.0,0.0
2001-11-06 00:00:00+09:00,1684.4898681640627,1684.4898681640627,1684.4898681640627,1684.4898681640625,1346867,0.0,0.0
2001-11-07 00:00:00+09:00,1641.0194091796875,1641.0194091796875,1641.0194091796875,1641.0194091796875,1014036,0.0,0.0
2001-11-08 00:00:00+09:00,1684.4898681640627,1684.4898681640627,1684.4898681640627,1684.4898681640625,673893,0.0,0.0
2001-11-09 00:00:00+09:00,1608.4165039062498,1608.4165039062498,1608.4165039062498,1608.41650390625,315835,0.0,0.0
2001-11-12 00:00:00+09:00,1684.4898681640627,1684.4898681640627,1684.4898681640627,1684.4898681640625,592262,0.0,0.0
2001-11-13 00:00:00+09:00,1651.8868408203125,1651.8868408203125,1651.8868408203125,1651.8868408203125,231296,0.0,0.0
2001-11-14 00:00:00+09:00,1651.8868408203125,1651.8868408203125,1651.8868408203125,1651.8868408203125,217088,0.0,0.0
2001-11-15 00:00:00+09:00,1559.5114746093748,1559.5114746093748,1559.5114746093748,1559.511474609375,277719,0.0,0.0
2001-11-16 00:00:00+09:00,1537.7762451171875,1537.7762451171875,1537.7762451171875,1537.7762451171875,200217,0.0,0.0
2001-11-19 00:00:00+09:00,1559.5114746093748,1559.5114746093748,1559.5114746093748,1559.511474609375,176638,0.0,0.0
2001-11-20 00:00:00+09:00,1532.342529296875,1532.342529296875,1532.342529296875,1532.342529296875,192508,0.0,0.0
2001-11-21 00:00:00+09:00,1510.607177734375,1510.607177734375,1510.607177734375,1510.607177734375,156244,0.0,0.0
2001-11-22 00:00:00+09:00,1461.7027587890627,1461.7027587890627,1461.7027587890627,1461.7027587890625,179263,0.0,0.0
2001-11-23 00:00:00+09:00,1401.9304199218752,1401.9304199218752,1401.9304199218752,1401.930419921875,337597,0.0,0.0
2001-11-26 00:00:00+09:00,1391.06298828125,1391.06298828125,1391.06298828125,1391.06298828125,226483,0.0,0.0
2001-11-27 00:00:00+09:00,1391.06298828125,1391.06298828125,1391.06298828125,1391.06298828125,202346,0.0,0.0
2001-11-28 00:00:00+09:00,1304.121337890625,1304.121337890625,1304.121337890625,1304.121337890625,143926,0.0,0.0
2001-11-29 00:00:00+09:00,1385.6290283203125,1385.6290283203125,1385.6290283203125,1385.6290283203125,114876,0.0,0.0
2001-11-30 00:00:00+09:00,1374.761474609375,1374.761474609375,1374.761474609375,1374.761474609375,128574,0.0,0.0
2001-12-03 00:00:00+09:00,1331.29052734375,1331.29052734375,1331.29052734375,1331.29052734375,156936,0.0,0.0
2001-12-04 00:00:00+09:00,1314.9888916015625,1314.9888916015625,1314.9888916015625,1314.9888916015625,166687,0.0,0.0
2001-12-05 00:00:00+09:00,1347.592041015625,1347.592041015625,1347.592041015625,1347.592041015625,165456,0.0,0.0
2001-12-06 00:00:00+09:00,1434.533447265625,1434.533447265625,1434.533447265625,1434.533447265625,477056,0.0,0.0
2001-12-07 00:00:00+09:00,1401.9304199218752,1401.9304199218752,1401.9304199218752,1401.930419921875,204251,0.0,0.0
2001-12-10 00:00:00+09:00,1369.3273925781248,1369.3273925781248,1369.3273925781248,1369.327392578125,158727,0.0,0.0
2001-12-11 00:00:00+09:00,1342.1580810546875,1342.1580810546875,1342.1580810546875,1342.1580810546875,120476,0.0,0.0
2001-12-12 00:00:00+09:00,1353.0257568359375,1353.0257568359375,1353.0257568359375,1353.0257568359375,116331,0.0,0.0
2001-12-13 00:00:00+09:00,1358.459716796875,1358.459716796875,1358.459716796875,1358.459716796875,120270,0.0,0.0
2001-12-14 00:00:00+09:00,1418.2320556640625,1418.2320556640625,1418.2320556640625,1418.2320556640625,186490,0.0,0.0
2001-12-17 00:00:00+09:00,1494.3055419921877,1494.3055419921877,1494.3055419921877,1494.3055419921875,663123,0.0,0.0
2001-12-18 00:00:00+09:00,1358.459716796875,1358.459716796875,1358.459716796875,1358.459716796875,284883,0.0,0.0
2001-12-19 00:00:00+09:00,1200.8785400390625,1200.8785400390625,1200.8785400390625,1200.8785400390625,250600,0.0,0.0
2001-12-20 00:00:00+09:00,1228.0474853515625,1228.0474853515625,1228.0474853515625,1228.0474853515625,88627,0.0,0.0
2001-12-21 00:00:00+09:00,1168.275390625,1168.275390625,1168.275390625,1168.275390625,67838,0.0,0.0
2001-12-24 00:00:00+09:00,1141.1060791015625,1141.1060791015625,1141.1060791015625,1141.1060791015625,91094,0.0,0.0
2001-12-25 00:00:00+09:00,1141.1060791015625,1141.1060791015625,1141.1060791015625,1141.1060791015625,0,0.0,0.0
2001-12-26 00:00:00+09:00,1146.539794921875,1146.539794921875,1146.539794921875,1146.539794921875,29231,0.0,0.0
2001-12-27 00:00:00+09:00,1168.275390625,1168.275390625,1168.275390625,1168.275390625,51545,0.0,0.0
2001-12-28 00:00:00+09:00,1211.74609375,1211.74609375,1211.74609375,1211.74609375,109648,0.0,0.0
2001-12-31 00:00:00+09:00,1211.74609375,1211.74609375,1211.74609375,1211.74609375,0,0.0,0.0
2002-01-01 00:00:00+09:00,1211.74609375,1211.74609375,1211.74609375,1211.74609375,0,0.0,0.0
2002-01-02 00:00:00+09:00,1271.518310546875,1271.518310546875,1271.518310546875,1271.518310546875,97740,0.0,0.0
2002-01-03 00:00:00+09:00,1233.481689453125,1233.481689453125,1233.481689453125,1233.481689453125,73812,0.0,0.0
2002-01-04 00:00:00+09:00,1249.782958984375,1249.782958984375,1249.782958984375,1249.782958984375,117817,0.0,0.0
2002-01-07 00:00:00+09:00,1222.6138916015625,1222.6138916015625,1222.6138916015625,1222.6138916015625,98766,0.0,0.0
2002-01-08 00:00:00+09:00,1190.0106201171875,1190.0106201171875,1190.0106201171875,1190.0106201171875,66678,0.0,0.0
2002-01-09 00:00:00+09:00,1276.9520263671875,1276.9520263671875,1276.9520263671875,1276.9520263671875,131069,0.0,0.0
2002-01-10 00:00:00+09:00,1271.518310546875,1271.518310546875,1271.518310546875,1271.518310546875,111277,0.0,0.0
2002-01-11 00:00:00+09:00,1249.782958984375,1249.782958984375,1249.782958984375,1249.782958984375,85457,0.0,0.0
2002-01-14 00:00:00+09:00,1211.74609375,1211.74609375,1211.74609375,1211.74609375,73420,0.0,0.0
2002-01-15 00:00:00+09:00,1179.1429443359375,1179.1429443359375,1179.1429443359375,1179.1429443359375,55530,0.0,0.0
2002-01-16 00:00:00+09:00,1200.8785400390625,1200.8785400390625,1200.8785400390625,1200.8785400390625,46492,0.0,0.0
2002-01-17 00:00:00+09:00,1184.576904296875,1184.576904296875,1184.576904296875,1184.576904296875,33014,0.0,0.0
2002-01-18 00:00:00+09:00,1195.444580078125,1195.444580078125,1195.444580078125,1195.444580078125,303064,0.0,0.0
2002-01-21 00:00:00+09:00,1206.312255859375,1206.312255859375,1206.312255859375,1206.312255859375,44716,0.0,0.0
2002-01-22 00:00:00+09:00,1162.8414306640625,1162.8414306640625,1162.8414306640625,1162.8414306640625,77517,0.0,0.0
2002-01-23 00:00:00+09:00,1146.539794921875,1146.539794921875,1146.539794921875,1146.539794921875,57860,0.0,0.0
2002-01-24 00:00:00+09:00,1103.0693359375,1103.0693359375,1103.0693359375,1103.0693359375,117491,0.0,0.0
2002-01-25 00:00:00+09:00,1108.5030517578125,1108.5030517578125,1108.5030517578125,1108.5030517578125,88775,0.0,0.0
2002-01-28 00:00:00+09:00,1162.8414306640625,1162.8414306640625,1162.8414306640625,1162.8414306640625,107401,0.0,0.0
2002-01-29 00:00:00+09:00,1130.2386474609375,1130.2386474609375,1130.2386474609375,1130.2386474609375,105816,0.0,0.0
2002-01-30 00:00:00+09:00,1086.7677001953125,1086.7677001953125,1086.7677001953125,1086.7677001953125,95506,0.0,0.0
2002-01-31 00:00:00+09:00,1113.9368896484375,1113.9368896484375,1113.9368896484375,1113.9368896484375,103314,0.0,0.0
2002-02-01 00:00:00+09:00,1130.2386474609375,1130.2386474609375,1130.2386474609375,1130.2386474609375,108508,0.0,0.0
2002-02-04 00:00:00+09:00,1190.0106201171875,1190.0106201171875,1190.0106201171875,1190.0106201171875,124098,0.0,0.0
2002-02-05 00:00:00+09:00,1184.576904296875,1184.576904296875,1184.576904296875,1184.576904296875,364303,0.0,0.0
2002-02-06 00:00:00+09:00,1141.1060791015625,1141.1060791015625,1141.1060791015625,1141.1060791015625,136887,0.0,0.0
2002-02-07 00:00:00+09:00,1113.9368896484375,1113.9368896484375,1113.9368896484375,1113.9368896484375,170226,0.0,0.0
2002-02-08 00:00:00+09:00,1103.0693359375,1103.0693359375,1103.0693359375,1103.0693359375,54830,0.0,0.0
2002-02-11 00:00:00+09:00,1103.0693359375,1103.0693359375,1103.0693359375,1103.0693359375,0,0.0,0.0
2002-02-12 00:00:00+09:00,1103.0693359375,1103.0693359375,1103.0693359375,1103.0693359375,0,0.0,0.0
2002-02-13 00:00:00+09:00,1103.0693359375,1103.0693359375,1103.0693359375,1103.0693359375,0,0.0,0.0
2002-02-14 00:00:00+09:00,1124.8046875,1124.8046875,1124.8046875,1124.8046875,76828,0.0,0.0
2002-02-15 00:00:00+09:00,1113.9368896484375,1113.9368896484375,1113.9368896484375,1113.9368896484375,66095,0.0,0.0
2002-02-18 00:00:00+09:00,1119.3707275390625,1119.3707275390625,1119.3707275390625,1119.3707275390625,63631,0.0,0.0
2002-02-19 00:00:00+09:00,1092.2015380859375,1092.2015380859375,1092.2015380859375,1092.2015380859375,92275,0.0,0.0
2002-02-20 00:00:00+09:00,1108.5030517578125,1108.5030517578125,1108.5030517578125,1108.5030517578125,134050,0.0,0.0
2002-02-21 00:00:00+09:00,1124.8046875,1124.8046875,1124.8046875,1124.8046875,70443,0.0,0.0
2002-02-22 00:00:00+09:00,1157.4078369140625,1157.4078369140625,1157.4078369140625,1157.4078369140625,105456,0.0,0.0
2002-02-25 00:00:00+09:00,1200.8785400390625,1200.8785400390625,1200.8785400390625,1200.8785400390625,103224,0.0,0.0
2002-02-26 00:00:00+09:00,1233.481689453125,1233.481689453125,1233.481689453125,1233.481689453125,314588,0.0,0.0
2002-02-27 00:00:00+09:00,1260.6507568359375,1260.6507568359375,1260.6507568359375,1260.6507568359375,242523,0.0,0.0
2002-02-28 00:00:00+09:00,1314.9888916015625,1314.9888916015625,1314.9888916015625,1314.9888916015625,397289,0.0,0.0
2002-03-01 00:00:00+09:00,1314.9888916015625,1314.9888916015625,1314.9888916015625,1314.9888916015625,0,0.0,0.0
2002-03-04 00:00:00+09:00,1293.2536621093748,1293.2536621093748,1293.2536621093748,1293.253662109375,290984,0.0,0.0
2002-03-05 00:00:00+09:00,1304.121337890625,1304.121337890625,1304.121337890625,1304.121337890625,287215,0.0,0.0
2002-03-06 00:00:00+09:00,1331.29052734375,1331.29052734375,1331.29052734375,1331.29052734375,455055,0.0,0.0
2002-03-07 00:00:00+09:00,1309.5552978515625,1309.5552978515625,1309.5552978515625,1309.5552978515625,212808,0.0,0.0
2002-03-08 00:00:00+09:00,1309.5552978515625,1309.5552978515625,1309.5552978515625,1309.5552978515625,197725,0.0,0.0
2002-03-11 00:00:00+09:00,1461.7027587890627,1461.7027587890627,1461.7027587890627,1461.7027587890625,498115,0.0,0.0
2002-03-12 00:00:00+09:00,1461.7027587890627,1461.7027587890627,1461.7027587890627,1461.7027587890625,409180,0.0,0.0
2002-03-13 00:00:00+09:00,1505.17333984375,1505.17333984375,1505.17333984375,1505.17333984375,493388,0.0,0.0
2002-03-14 00:00:00+09:00,1467.1362304687498,1467.1362304687498,1467.1362304687498,1467.13623046875,190818,0.0,0.0
2002-03-15 00:00:00+09:00,1467.1362304687498,1467.1362304687498,1467.1362304687498,1467.13623046875,353045,0.0,0.0
2002-03-18 00:00:00+09:00,1439.96728515625,1439.96728515625,1439.96728515625,1439.96728515625,220316,0.0,0.0
2002-03-19 00:00:00+09:00,1439.96728515625,1439.96728515625,1439.96728515625,1439.96728515625,227591,0.0,0.0
2002-03-20 00:00:00+09:00,1429.099609375,1429.099609375,1429.099609375,1429.099609375,326131,0.0,0.0
2002-03-21 00:00:00+09:00,1586.6812744140623,1586.6812744140623,1586.6812744140623,1586.6812744140625,1121898,0.0,0.0
2002-03-22 00:00:00+09:00,1668.1884765624998,1668.1884765624998,1668.1884765624998,1668.1884765625,2230748,0.0,0.0
2002-03-25 00:00:00+09:00,1863.8067626953125,1863.8067626953125,1863.8067626953125,1863.8067626953125,1429841,0.0,0.0
2002-03-26 00:00:00+09:00,1733.3946533203125,1733.3946533203125,1733.3946533203125,1733.3946533203125,766734,0.0,0.0
2002-03-27 00:00:00+09:00,1733.3946533203125,1733.3946533203125,1733.3946533203125,1733.3946533203125,687825,0.0,0.0
2002-03-28 00:00:00+09:00,1575.8133544921875,1575.8133544921875,1575.8133544921875,1575.8133544921875,687918,0.0,0.0
2002-03-29 00:00:00+09:00,1570.3795166015625,1570.3795166015625,1570.3795166015625,1570.3795166015625,285691,0.0,0.0
2002-04-01 00:00:00+09:00,1445.4011230468748,1445.4011230468748,1445.4011230468748,1445.401123046875,417071,0.0,0.0
2002-04-02 00:00:00+09:00,1418.2320556640625,1418.2320556640625,1418.2320556640625,1418.2320556640625,362981,0.0,0.0
2002-04-03 00:00:00+09:00,1439.96728515625,1439.96728515625,1439.96728515625,1439.96728515625,302735,0.0,0.0
2002-04-04 00:00:00+09:00,1423.666015625,1423.666015625,1423.666015625,1423.666015625,278059,0.0,0.0
2002-04-05 00:00:00+09:00,1423.666015625,1423.666015625,1423.666015625,1423.666015625,0,0.0,0.0
2002-04-08 00:00:00+09:00,1445.4011230468748,1445.4011230468748,1445.4011230468748,1445.401123046875,271872,0.0,0.0
2002-04-09 00:00:00+09:00,1401.9304199218752,1401.9304199218752,1401.9304199218752,1401.930419921875,237232,0.0,0.0
2002-04-10 00:00:00+09:00,1287.8197021484375,1287.8197021484375,1287.8197021484375,1287.8197021484375,241978,0.0,0.0
2002-04-11 00:00:00+09:00,1439.96728515625,1439.96728515625,1439.96728515625,1439.96728515625,599818,0.0,0.0
2002-04-12 00:00:00+09:00,1439.96728515625,1439.96728515625,1439.96728515625,1439.96728515625,414139,0.0,0.0
2002-04-15 00:00:00+09:00,1439.96728515625,1439.96728515625,1439.96728515625,1439.96728515625,204145,0.0,0.0
2002-04-16 00:00:00+09:00,1429.099609375,1429.099609375,1429.099609375,1429.099609375,194115,0.0,0.0
2002-04-17 00:00:00+09:00,1418.2320556640625,1418.2320556640625,1418.2320556640625,1418.2320556640625,222157,0.0,0.0
2002-04-18 00:00:00+09:00,1407.3642578124998,1407.3642578124998,1407.3642578124998,1407.3642578125,205579,0.0,0.0
2002-04-19 00:00:00+09:00,1374.761474609375,1374.761474609375,1374.761474609375,1374.761474609375,130727,0.0,0.0
2002-04-22 00:00:00+09:00,1238.915283203125,1238.915283203125,1238.915283203125,1238.915283203125,186755,0.0,0.0
2002-04-23 00:00:00+09:00,1146.539794921875,1146.539794921875,1146.539794921875,1146.539794921875,147091,0.0,0.0
2002-04-24 00:00:00+09:00,1146.539794921875,1146.539794921875,1146.539794921875,1146.539794921875,129897,0.0,0.0
2002-04-25 00:00:00+09:00,1097.6353759765625,1097.6353759765625,1097.6353759765625,1097.6353759765625,129268,0.0,0.0
2002-04-26 00:00:00+09:00,1141.1060791015625,1141.1060791015625,1141.1060791015625,1141.1060791015625,72288,0.0,0.0
2002-04-29 00:00:00+09:00,1119.3707275390625,1119.3707275390625,1119.3707275390625,1119.3707275390625,72791,0.0,0.0
2002-04-30 00:00:00+09:00,1190.0106201171875,1190.0106201171875,1190.0106201171875,1190.0106201171875,85885,0.0,0.0
2002-05-01 00:00:00+09:00,1190.0106201171875,1190.0106201171875,1190.0106201171875,1190.0106201171875,0,0.0,0.0
2002-05-02 00:00:00+09:00,1217.179931640625,1217.179931640625,1217.179931640625,1217.179931640625,80401,0.0,0.0
2002-05-03 00:00:00+09:00,1184.576904296875,1184.576904296875,1184.576904296875,1184.576904296875,51882,0.0,0.0
2002-05-06 00:00:00+09:00,1168.275390625,1168.275390625,1168.275390625,1168.275390625,66400,0.0,0.0
2002-05-07 00:00:00+09:00,1184.576904296875,1184.576904296875,1184.576904296875,1184.576904296875,41879,0.0,0.0
2002-05-08 00:00:00+09:00,1211.74609375,1211.74609375,1211.74609375,1211.74609375,108979,0.0,0.0
2002-05-09 00:00:00+09:00,1217.179931640625,1217.179931640625,1217.179931640625,1217.179931640625,121150,0.0,0.0
2002-05-10 00:00:00+09:00,1179.1429443359375,1179.1429443359375,1179.1429443359375,1179.1429443359375,64127,0.0,0.0
2002-05-13 00:00:00+09:00,1217.179931640625,1217.179931640625,1217.179931640625,1217.179931640625,100884,0.0,0.0
2002-05-14 00:00:00+09:00,1217.179931640625,1217.179931640625,1217.179931640625,1217.179931640625,144466,0.0,0.0
2002-05-15 00:00:00+09:00,1206.312255859375,1206.312255859375,1206.312255859375,1206.312255859375,123789,0.0,0.0
2002-05-16 00:00:00+09:00,1260.6507568359375,1260.6507568359375,1260.6507568359375,1260.6507568359375,227117,0.0,0.0
2002-05-17 00:00:00+09:00,1282.3859863281248,1282.3859863281248,1282.3859863281248,1282.385986328125,157429,0.0,0.0
2002-05-20 00:00:00+09:00,1249.782958984375,1249.782958984375,1249.782958984375,1249.782958984375,177513,0.0,0.0
2002-05-21 00:00:00+09:00,1173.7091064453125,1173.7091064453125,1173.7091064453125,1173.7091064453125,100969,0.0,0.0
2002-05-22 00:00:00+09:00,1184.576904296875,1184.576904296875,1184.576904296875,1184.576904296875,79875,0.0,0.0
2002-05-23 00:00:00+09:00,1130.2386474609375,1130.2386474609375,1130.2386474609375,1130.2386474609375,99271,0.0,0.0
2002-05-24 00:00:00+09:00,1141.1060791015625,1141.1060791015625,1141.1060791015625,1141.1060791015625,56402,0.0,0.0
2002-05-27 00:00:00+09:00,1124.8046875,1124.8046875,1124.8046875,1124.8046875,26901,0.0,0.0
2002-05-28 00:00:00+09:00,1113.9368896484375,1113.9368896484375,1113.9368896484375,1113.9368896484375,32824,0.0,0.0
2002-05-29 00:00:00+09:00,1113.9368896484375,1113.9368896484375,1113.9368896484375,1113.9368896484375,73642,0.0,0.0
2002-05-30 00:00:00+09:00,1151.9737548828125,1151.9737548828125,1151.9737548828125,1151.9737548828125,98518,0.0,0.0
2002-05-31 00:00:00+09:00,1135.6722412109375,1135.6722412109375,1135.6722412109375,1135.6722412109375,52521,0.0,0.0
2002-06-03 00:00:00+09:00,1162.8414306640625,1162.8414306640625,1162.8414306640625,1162.8414306640625,87595,0.0,0.0
2002-06-04 00:00:00+09:00,1135.6722412109375,1135.6722412109375,1135.6722412109375,1135.6722412109375,54571,0.0,0.0
2002-06-05 00:00:00+09:00,1130.2386474609375,1130.2386474609375,1130.2386474609375,1130.2386474609375,34511,0.0,0.0
2002-06-06 00:00:00+09:00,1130.2386474609375,1130.2386474609375,1130.2386474609375,1130.2386474609375,0,0.0,0.0
2002-06-07 00:00:00+09:00,1113.9368896484375,1113.9368896484375,1113.9368896484375,1113.9368896484375,176508,0.0,0.0
2002-06-10 00:00:00+09:00,1130.2386474609375,1130.2386474609375,1130.2386474609375,1130.2386474609375,44558,0.0,0.0
2002-06-11 00:00:00+09:00,1119.3707275390625,1119.3707275390625,1119.3707275390625,1119.3707275390625,36254,0.0,0.0
2002-06-12 00:00:00+09:00,1141.1060791015625,1141.1060791015625,1141.1060791015625,1141.1060791015625,57717,0.0,0.0
2002-06-13 00:00:00+09:00,1141.1060791015625,1141.1060791015625,1141.1060791015625,1141.1060791015625,0,0.0,0.0
2002-06-14 00:00:00+09:00,1184.576904296875,1184.576904296875,1184.576904296875,1184.576904296875,162734,0.0,0.0
2002-06-17 00:00:00+09:00,1173.7091064453125,1173.7091064453125,1173.7091064453125,1173.7091064453125,40022,0.0,0.0
2002-06-18 00:00:00+09:00,1173.7091064453125,1173.7091064453125,1173.7091064453125,1173.7091064453125,167087,0.0,0.0
2002-06-19 00:00:00+09:00,1135.6722412109375,1135.6722412109375,1135.6722412109375,1135.6722412109375,64470,0.0,0.0
2002-06-20 00:00:00+09:00,1103.0693359375,1103.0693359375,1103.0693359375,1103.0693359375,40301,0.0,0.0
2002-06-21 00:00:00+09:00,1108.5030517578125,1108.5030517578125,1108.5030517578125,1108.5030517578125,33773,0.0,0.0
2002-06-24 00:00:00+09:00,1032.4293212890625,1032.4293212890625,1032.4293212890625,1032.4293212890625,52088,0.0,0.0
2002-06-25 00:00:00+09:00,983.5247802734375,983.5247802734375,983.5247802734375,983.5247802734375,50541,0.0,0.0
2002-06-26 00:00:00+09:00,885.7156982421875,885.7156982421875,885.7156982421875,885.7156982421875,77430,0.0,0.0
2002-06-27 00:00:00+09:00,923.7525024414062,923.7525024414062,923.7525024414062,923.7525024414062,38814,0.0,0.0
2002-06-28 00:00:00+09:00,972.6570434570311,972.6570434570311,972.6570434570311,972.6570434570312,43428,0.0,0.0
2002-07-01 00:00:00+09:00,972.6570434570311,972.6570434570311,972.6570434570311,972.6570434570312,0,0.0,0.0
2002-07-02 00:00:00+09:00,999.8263549804686,999.8263549804686,999.8263549804686,999.8263549804688,18876,0.0,0.0
2002-07-03 00:00:00+09:00,1005.2600708007812,1005.2600708007812,1005.2600708007812,1005.2600708007812,50774,0.0,0.0
2002-07-04 00:00:00+09:00,1016.1278076171875,1016.1278076171875,1016.1278076171875,1016.1278076171875,46923,0.0,0.0
2002-07-05 00:00:00+09:00,1005.2600708007812,1005.2600708007812,1005.2600708007812,1005.2600708007812,88814,0.0,0.0
2002-07-08 00:00:00+09:00,1005.2600708007812,1005.2600708007812,1005.2600708007812,1005.2600708007812,154801,0.0,0.0
2002-07-09 00:00:00+09:00,1026.9957275390625,1026.9957275390625,1026.9957275390625,1026.9957275390625,34593,0.0,0.0
2002-07-10 00:00:00+09:00,1032.4293212890625,1032.4293212890625,1032.4293212890625,1032.4293212890625,66971,0.0,0.0
2002-07-11 00:00:00+09:00,1026.9957275390625,1026.9957275390625,1026.9957275390625,1026.9957275390625,51930,0.0,0.0
2002-07-12 00:00:00+09:00,1048.7308349609375,1048.7308349609375,1048.7308349609375,1048.7308349609375,72201,0.0,0.0
2002-07-15 00:00:00+09:00,1032.4293212890625,1032.4293212890625,1032.4293212890625,1032.4293212890625,37275,0.0,0.0
2002-07-16 00:00:00+09:00,994.3923950195311,994.3923950195311,994.3923950195311,994.3923950195312,498078,0.0,0.0
2002-07-17 00:00:00+09:00,994.3923950195311,994.3923950195311,994.3923950195311,994.3923950195312,0,0.0,0.0
2002-07-18 00:00:00+09:00,1005.2600708007812,1005.2600708007812,1005.2600708007812,1005.2600708007812,73369,0.0,0.0
2002-07-19 00:00:00+09:00,961.7895507812499,961.7895507812499,961.7895507812499,961.78955078125,44079,0.0,0.0
2002-07-22 00:00:00+09:00,885.7156982421875,885.7156982421875,885.7156982421875,885.7156982421875,93751,0.0,0.0
2002-07-23 00:00:00+09:00,918.3189086914062,918.3189086914062,918.3189086914062,918.3189086914062,113499,0.0,0.0
2002-07-24 00:00:00+09:00,885.7156982421875,885.7156982421875,885.7156982421875,885.7156982421875,35781,0.0,0.0
2002-07-25 00:00:00+09:00,880.2820434570312,880.2820434570312,880.2820434570312,880.2820434570312,74322,0.0,0.0
2002-07-26 00:00:00+09:00,891.1495971679686,891.1495971679686,891.1495971679686,891.1495971679688,60945,0.0,0.0
2002-07-29 00:00:00+09:00,967.2232055664062,967.2232055664062,967.2232055664062,967.2232055664062,96236,0.0,0.0
2002-07-30 00:00:00+09:00,972.6570434570311,972.6570434570311,972.6570434570311,972.6570434570312,596606,0.0,0.0
2002-07-31 00:00:00+09:00,967.2232055664062,967.2232055664062,967.2232055664062,967.2232055664062,81206,0.0,0.0
2002-08-01 00:00:00+09:00,950.9217529296875,950.9217529296875,950.9217529296875,950.9217529296875,109994,0.0,0.0
2002-08-02 00:00:00+09:00,950.9217529296875,950.9217529296875,950.9217529296875,950.9217529296875,66919,0.0,0.0
2002-08-05 00:00:00+09:00,956.3555908203125,956.3555908203125,956.3555908203125,956.3555908203125,59946,0.0,0.0
2002-08-06 00:00:00+09:00,940.0540161132814,940.0540161132814,940.0540161132814,940.0540161132812,70184,0.0,0.0
2002-08-07 00:00:00+09:00,940.0540161132814,940.0540161132814,940.0540161132814,940.0540161132812,106844,0.0,0.0
2002-08-08 00:00:00+09:00,940.0540161132814,940.0540161132814,940.0540161132814,940.0540161132812,84735,0.0,0.0
2002-08-09 00:00:00+09:00,950.9217529296875,950.9217529296875,950.9217529296875,950.9217529296875,59314,0.0,0.0
2002-08-12 00:00:00+09:00,961.7895507812499,961.7895507812499,961.7895507812499,961.78955078125,116572,0.0,0.0
2002-08-13 00:00:00+09:00,983.5247802734375,983.5247802734375,983.5247802734375,983.5247802734375,117982,0.0,0.0
2002-08-14 00:00:00+09:00,983.5247802734375,983.5247802734375,983.5247802734375,983.5247802734375,87667,0.0,0.0
2002-08-15 00:00:00+09:00,983.5247802734375,983.5247802734375,983.5247802734375,983.5247802734375,0,0.0,0.0
2002-08-16 00:00:00+09:00,972.6570434570311,972.6570434570311,972.6570434570311,972.6570434570312,57106,0.0,0.0
2002-08-19 00:00:00+09:00,988.9586791992186,988.9586791992186,988.9586791992186,988.9586791992188,62215,0.0,0.0
2002-08-20 00:00:00+09:00,988.9586791992186,988.9586791992186,988.9586791992186,988.9586791992188,51929,0.0,0.0
2002-08-21 00:00:00+09:00,988.9586791992186,988.9586791992186,988.9586791992186,988.9586791992188,44718,0.0,0.0
2002-08-22 00:00:00+09:00,988.9586791992186,988.9586791992186,988.9586791992186,988.9586791992188,54865,0.0,0.0
2002-08-23 00:00:00+09:00,978.0910034179688,978.0910034179688,978.0910034179688,978.0910034179688,58196,0.0,0.0
2002-08-26 00:00:00+09:00,988.9586791992186,988.9586791992186,988.9586791992186,988.9586791992188,15155,0.0,0.0
2002-08-27 00:00:00+09:00,983.5247802734375,983.5247802734375,983.5247802734375,983.5247802734375,35898,0.0,0.0
2002-08-28 00:00:00+09:00,1021.5615234374999,1021.5615234374999,1021.5615234374999,1021.5615234375,184520,0.0,0.0
2002-08-29 00:00:00+09:00,1043.2972412109375,1043.2972412109375,1043.2972412109375,1043.2972412109375,241250,0.0,0.0
2002-08-30 00:00:00+09:00,1086.7677001953125,1086.7677001953125,1086.7677001953125,1086.7677001953125,134342,0.0,0.0
2002-09-02 00:00:00+09:00,1026.9957275390625,1026.9957275390625,1026.9957275390625,1026.9957275390625,273922,0.0,0.0
2002-09-03 00:00:00+09:00,1026.9957275390625,1026.9957275390625,1026.9957275390625,1026.9957275390625,28897,0.0,0.0
2002-09-04 00:00:00+09:00,1026.9957275390625,1026.9957275390625,1026.9957275390625,1026.9957275390625,28814,0.0,0.0
2002-09-05 00:00:00+09:00,1026.9957275390625,1026.9957275390625,1026.9957275390625,1026.9957275390625,41402,0.0,0.0
2002-09-06 00:00:00+09:00,1037.863037109375,1037.863037109375,1037.863037109375,1037.863037109375,41140,0.0,0.0
2002-09-09 00:00:00+09:00,972.6570434570311,972.6570434570311,972.6570434570311,972.6570434570312,70291,0.0,0.0
2002-09-10 00:00:00+09:00,978.0910034179688,978.0910034179688,978.0910034179688,978.0910034179688,11216,0.0,0.0
2002-09-11 00:00:00+09:00,972.6570434570311,972.6570434570311,972.6570434570311,972.6570434570312,49814,0.0,0.0
2002-09-12 00:00:00+09:00,978.0910034179688,978.0910034179688,978.0910034179688,978.0910034179688,28804,0.0,0.0
2002-09-13 00:00:00+09:00,978.0910034179688,978.0910034179688,978.0910034179688,978.0910034179688,25056,0.0,0.0
2002-09-16 00:00:00+09:00,972.6570434570311,972.6570434570311,972.6570434570311,972.6570434570312,24934,0.0,0.0
2002-09-17 00:00:00+09:00,983.5247802734375,983.5247802734375,983.5247802734375,983.5247802734375,44281,0.0,0.0
2002-09-18 00:00:00+09:00,1021.5615234374999,1021.5615234374999,1021.5615234374999,1021.5615234375,104627,0.0,0.0
2002-09-19 00:00:00+09:00,1070.4661865234375,1070.4661865234375,1070.4661865234375,1070.4661865234375,94179,0.0,0.0
2002-09-20 00:00:00+09:00,1070.4661865234375,1070.4661865234375,1070.4661865234375,1070.4661865234375,0,0.0,0.0
2002-09-23 00:00:00+09:00,1010.6942138671876,1010.6942138671876,1010.6942138671876,1010.6942138671875,109154,0.0,0.0
2002-09-24 00:00:00+09:00,978.0910034179688,978.0910034179688,978.0910034179688,978.0910034179688,55048,0.0,0.0
2002-09-25 00:00:00+09:00,940.0540161132814,940.0540161132814,940.0540161132814,940.0540161132812,301563,0.0,0.0
2002-09-26 00:00:00+09:00,972.6570434570311,972.6570434570311,972.6570434570311,972.6570434570312,46636,0.0,0.0
2002-09-27 00:00:00+09:00,950.9217529296875,950.9217529296875,950.9217529296875,950.9217529296875,23411,0.0,0.0
2002-09-30 00:00:00+09:00,950.9217529296875,950.9217529296875,950.9217529296875,950.9217529296875,20666,0.0,0.0
2002-10-01 00:00:00+09:00,907.4509887695314,907.4509887695314,907.4509887695314,907.4509887695312,34769,0.0,0.0
2002-10-02 00:00:00+09:00,945.4879150390625,945.4879150390625,945.4879150390625,945.4879150390625,18508,0.0,0.0
2002-10-03 00:00:00+09:00,945.4879150390625,945.4879150390625,945.4879150390625,945.4879150390625,0,0.0,0.0
2002-10-04 00:00:00+09:00,945.4879150390625,945.4879150390625,945.4879150390625,945.4879150390625,31726,0.0,0.0
2002-10-07 00:00:00+09:00,929.1862792968749,929.1862792968749,929.1862792968749,929.186279296875,36858,0.0,0.0
2002-10-08 00:00:00+09:00,950.9217529296875,950.9217529296875,950.9217529296875,950.9217529296875,55453,0.0,0.0
2002-10-09 00:00:00+09:00,940.0540161132814,940.0540161132814,940.0540161132814,940.0540161132812,42510,0.0,0.0
2002-10-10 00:00:00+09:00,907.4509887695314,907.4509887695314,907.4509887695314,907.4509887695312,32752,0.0,0.0
2002-10-11 00:00:00+09:00,918.3189086914062,918.3189086914062,918.3189086914062,918.3189086914062,42235,0.0,0.0
2002-10-14 00:00:00+09:00,934.6203002929688,934.6203002929688,934.6203002929688,934.6203002929688,13215,0.0,0.0
2002-10-15 00:00:00+09:00,945.4879150390625,945.4879150390625,945.4879150390625,945.4879150390625,26905,0.0,0.0
2002-10-16 00:00:00+09:00,950.9217529296875,950.9217529296875,950.9217529296875,950.9217529296875,117772,0.0,0.0
2002-10-17 00:00:00+09:00,956.3555908203125,956.3555908203125,956.3555908203125,956.3555908203125,82191,0.0,0.0
2002-10-18 00:00:00+09:00,1026.9957275390625,1026.9957275390625,1026.9957275390625,1026.9957275390625,160204,0.0,0.0
2002-10-21 00:00:00+09:00,1016.1278076171875,1016.1278076171875,1016.1278076171875,1016.1278076171875,275446,0.0,0.0
2002-10-22 00:00:00+09:00,983.5247802734375,983.5247802734375,983.5247802734375,983.5247802734375,88094,0.0,0.0
2002-10-23 00:00:00+09:00,967.2232055664062,967.2232055664062,967.2232055664062,967.2232055664062,73933,0.0,0.0
2002-10-24 00:00:00+09:00,967.2232055664062,967.2232055664062,967.2232055664062,967.2232055664062,70648,0.0,0.0
2002-10-25 00:00:00+09:00,978.0910034179688,978.0910034179688,978.0910034179688,978.0910034179688,49933,0.0,0.0
2002-10-28 00:00:00+09:00,1021.5615234374999,1021.5615234374999,1021.5615234374999,1021.5615234375,47025,0.0,0.0
2002-10-29 00:00:00+09:00,999.8263549804686,999.8263549804686,999.8263549804686,999.8263549804688,40708,0.0,0.0
2002-10-30 00:00:00+09:00,978.0910034179688,978.0910034179688,978.0910034179688,978.0910034179688,29967,0.0,0.0
2002-10-31 00:00:00+09:00,1026.9957275390625,1026.9957275390625,1026.9957275390625,1026.9957275390625,238446,0.0,0.0
2002-11-01 00:00:00+09:00,1005.2600708007812,1005.2600708007812,1005.2600708007812,1005.2600708007812,281199,0.0,0.0
2002-11-04 00:00:00+09:00,978.0910034179688,978.0910034179688,978.0910034179688,978.0910034179688,92960,0.0,0.0
2002-11-05 00:00:00+09:00,956.3555908203125,956.3555908203125,956.3555908203125,956.3555908203125,44170,0.0,0.0
2002-11-06 00:00:00+09:00,972.6570434570311,972.6570434570311,972.6570434570311,972.6570434570312,30995,0.0,0.0
2002-11-07 00:00:00+09:00,972.6570434570311,972.6570434570311,972.6570434570311,972.6570434570312,52649,0.0,0.0
2002-11-08 00:00:00+09:00,961.7895507812499,961.7895507812499,961.7895507812499,961.78955078125,26875,0.0,0.0
2002-11-11 00:00:00+09:00,940.0540161132814,940.0540161132814,940.0540161132814,940.0540161132812,38111,0.0,0.0
2002-11-12 00:00:00+09:00,940.0540161132814,940.0540161132814,940.0540161132814,940.0540161132812,32509,0.0,0.0
2002-11-13 00:00:00+09:00,940.0540161132814,940.0540161132814,940.0540161132814,940.0540161132812,86027,0.0,0.0
2002-11-14 00:00:00+09:00,945.4879150390625,945.4879150390625,945.4879150390625,945.4879150390625,18553,0.0,0.0
2002-11-15 00:00:00+09:00,934.6203002929688,934.6203002929688,934.6203002929688,934.6203002929688,28203,0.0,0.0
2002-11-18 00:00:00+09:00,912.8849487304688,912.8849487304688,912.8849487304688,912.8849487304688,51140,0.0,0.0
2002-11-19 00:00:00+09:00,912.8849487304688,912.8849487304688,912.8849487304688,912.8849487304688,38389,0.0,0.0
2002-11-20 00:00:00+09:00,896.5833129882812,896.5833129882812,896.5833129882812,896.5833129882812,47274,0.0,0.0
2002-11-21 00:00:00+09:00,907.4509887695314,907.4509887695314,907.4509887695314,907.4509887695312,20134,0.0,0.0
2002-11-22 00:00:00+09:00,902.0172729492188,902.0172729492188,902.0172729492188,902.0172729492188,32867,0.0,0.0
2002-11-25 00:00:00+09:00,923.7525024414062,923.7525024414062,923.7525024414062,923.7525024414062,61444,0.0,0.0
2002-11-26 00:00:00+09:00,923.7525024414062,923.7525024414062,923.7525024414062,923.7525024414062,37877,0.0,0.0
2002-11-27 00:00:00+09:00,961.7895507812499,961.7895507812499,961.7895507812499,961.78955078125,97296,0.0,0.0
2002-11-28 00:00:00+09:00,978.0910034179688,978.0910034179688,978.0910034179688,978.0910034179688,66202,0.0,0.0
2002-11-29 00:00:00+09:00,961.7895507812499,961.7895507812499,961.7895507812499,961.78955078125,37025,0.0,0.0
2002-12-02 00:00:00+09:00,967.2232055664062,967.2232055664062,967.2232055664062,967.2232055664062,45628,0.0,0.0
2002-12-03 00:00:00+09:00,988.9586791992186,988.9586791992186,988.9586791992186,988.9586791992188,97544,0.0,0.0
2002-12-04 00:00:00+09:00,967.2232055664062,967.2232055664062,967.2232055664062,967.2232055664062,40272,0.0,0.0
2002-12-05 00:00:00+09:00,983.5247802734375,983.5247802734375,983.5247802734375,983.5247802734375,59706,0.0,0.0
2002-12-06 00:00:00+09:00,956.3555908203125,956.3555908203125,956.3555908203125,956.3555908203125,45591,0.0,0.0
2002-12-09 00:00:00+09:00,961.7895507812499,961.7895507812499,961.7895507812499,961.78955078125,50808,0.0,0.0
2002-12-10 00:00:00+09:00,950.9217529296875,950.9217529296875,950.9217529296875,950.9217529296875,43128,0.0,0.0
2002-12-11 00:00:00+09:00,967.2232055664062,967.2232055664062,967.2232055664062,967.2232055664062,19708,0.0,0.0
2002-12-12 00:00:00+09:00,967.2232055664062,967.2232055664062,967.2232055664062,967.2232055664062,33256,0.0,0.0
2002-12-13 00:00:00+09:00,967.2232055664062,967.2232055664062,967.2232055664062,967.2232055664062,14331,0.0,0.0
2002-12-16 00:00:00+09:00,972.6570434570311,972.6570434570311,972.6570434570311,972.6570434570312,46166,0.0,0.0
2002-12-17 00:00:00+09:00,999.8263549804686,999.8263549804686,999.8263549804686,999.8263549804688,52748,0.0,0.0
2002-12-18 00:00:00+09:00,950.9217529296875,950.9217529296875,950.9217529296875,950.9217529296875,36004,0.0,0.0
2002-12-19 00:00:00+09:00,950.9217529296875,950.9217529296875,950.9217529296875,950.9217529296875,0,0.0,0.0
2002-12-20 00:00:00+09:00,945.4879150390625,945.4879150390625,945.4879150390625,945.4879150390625,32072,0.0,0.0
2002-12-23 00:00:00+09:00,874.8480224609375,874.8480224609375,874.8480224609375,874.8480224609375,61997,0.0,0.0
2002-12-24 00:00:00+09:00,853.1126708984375,853.1126708984375,853.1126708984375,853.1126708984375,30309,0.0,0.0
2002-12-25 00:00:00+09:00,853.1126708984375,853.1126708984375,853.1126708984375,853.1126708984375,0,0.0,0.0
2002-12-26 00:00:00+09:00,863.9804077148438,863.9804077148438,863.9804077148438,863.9804077148438,9204,0.0,0.0
2002-12-27 00:00:00+09:00,853.1126708984375,853.1126708984375,853.1126708984375,853.1126708984375,13931,0.0,0.0
2002-12-30 00:00:00+09:00,842.2449340820314,842.2449340820314,842.2449340820314,842.2449340820312,72863,0.0,0.0
2002-12-31 00:00:00+09:00,842.2449340820314,842.2449340820314,842.2449340820314,842.2449340820312,0,0.0,0.0
2003-01-01 00:00:00+09:00,842.2449340820314,842.2449340820314,842.2449340820314,842.2449340820312,0,0.0,0.0
2003-01-02 00:00:00+09:00,869.4144287109374,869.4144287109374,869.4144287109374,869.4144287109375,4519,0.0,0.0
2003-01-03 00:00:00+09:00,896.5833129882812,896.5833129882812,896.5833129882812,896.5833129882812,22028,0.0,0.0
2003-01-06 00:00:00+09:00,896.5833129882812,896.5833129882812,896.5833129882812,896.5833129882812,10982,0.0,0.0
2003-01-07 00:00:00+09:00,891.1495971679686,891.1495971679686,891.1495971679686,891.1495971679688,21389,0.0,0.0
2003-01-08 00:00:00+09:00,880.2820434570312,880.2820434570312,880.2820434570312,880.2820434570312,7834,0.0,0.0
2003-01-09 00:00:00+09:00,853.1126708984375,853.1126708984375,853.1126708984375,853.1126708984375,22483,0.0,0.0
2003-01-10 00:00:00+09:00,853.1126708984375,853.1126708984375,853.1126708984375,853.1126708984375,42746,0.0,0.0
2003-01-13 00:00:00+09:00,847.6787719726561,847.6787719726561,847.6787719726561,847.6787719726562,16657,0.0,0.0
2003-01-14 00:00:00+09:00,945.4879150390625,945.4879150390625,945.4879150390625,945.4879150390625,196340,0.0,0.0
2003-01-15 00:00:00+09:00,950.9217529296875,950.9217529296875,950.9217529296875,950.9217529296875,215560,0.0,0.0
2003-01-16 00:00:00+09:00,918.3189086914062,918.3189086914062,918.3189086914062,918.3189086914062,41991,0.0,0.0
2003-01-17 00:00:00+09:00,858.546630859375,858.546630859375,858.546630859375,858.546630859375,75209,0.0,0.0
2003-01-20 00:00:00+09:00,853.1126708984375,853.1126708984375,853.1126708984375,853.1126708984375,58191,0.0,0.0
2003-01-21 00:00:00+09:00,831.3772583007812,831.3772583007812,831.3772583007812,831.3772583007812,26607,0.0,0.0
2003-01-22 00:00:00+09:00,836.811279296875,836.811279296875,836.811279296875,836.811279296875,69913,0.0,0.0
2003-01-23 00:00:00+09:00,918.3189086914062,918.3189086914062,918.3189086914062,918.3189086914062,139107,0.0,0.0
2003-01-24 00:00:00+09:00,874.8480224609375,874.8480224609375,874.8480224609375,874.8480224609375,95624,0.0,0.0
2003-01-27 00:00:00+09:00,853.1126708984375,853.1126708984375,853.1126708984375,853.1126708984375,49116,0.0,0.0
2003-01-28 00:00:00+09:00,918.3189086914062,918.3189086914062,918.3189086914062,918.3189086914062,168150,0.0,0.0
2003-01-29 00:00:00+09:00,858.546630859375,858.546630859375,858.546630859375,858.546630859375,159044,0.0,0.0
2003-01-30 00:00:00+09:00,863.9804077148438,863.9804077148438,863.9804077148438,863.9804077148438,26046,0.0,0.0
2003-01-31 00:00:00+09:00,863.9804077148438,863.9804077148438,863.9804077148438,863.9804077148438,0,0.0,0.0
2003-02-03 00:00:00+09:00,853.1126708984375,853.1126708984375,853.1126708984375,853.1126708984375,42861,0.0,0.0
2003-02-04 00:00:00+09:00,836.811279296875,836.811279296875,836.811279296875,836.811279296875,50905,0.0,0.0
2003-02-05 00:00:00+09:00,836.811279296875,836.811279296875,836.811279296875,836.811279296875,28220,0.0,0.0
2003-02-06 00:00:00+09:00,853.1126708984375,853.1126708984375,853.1126708984375,853.1126708984375,15736,0.0,0.0
2003-02-07 00:00:00+09:00,842.2449340820314,842.2449340820314,842.2449340820314,842.2449340820312,33826,0.0,0.0
2003-02-10 00:00:00+09:00,847.6787719726561,885.7156399457882,831.3772571270282,847.6787719726562,69637,0.0,0.0
2003-02-11 00:00:00+09:00,820.5097045898438,858.5465783125517,809.6420263833558,820.5097045898438,28146,0.0,0.0
2003-02-12 00:00:00+09:00,825.9434204101562,836.8110969945004,815.0757438258121,825.9434204101562,7091,0.0,0.0
2003-02-13 00:00:00+09:00,798.7742919921875,825.943485597364,798.7742919921875,798.7742919921875,23225,0.0,0.0
2003-02-14 00:00:00+09:00,815.0755615234376,820.5093986002605,798.7740502929688,815.0755615234375,26002,0.0,0.0
2003-02-17 00:00:00+09:00,869.4144287109374,885.7159492492675,825.9437072753906,869.4144287109375,70032,0.0,0.0
2003-02-18 00:00:00+09:00,880.2820434570312,885.7158832314574,847.6790048104746,880.2820434570312,22530,0.0,0.0
2003-02-19 00:00:00+09:00,869.4144287109374,891.1497894287108,847.6790679931639,869.4144287109375,37513,0.0,0.0
2003-02-20 00:00:00+09:00,874.8480224609375,874.8480224609375,847.6788292168089,874.8480224609375,26625,0.0,0.0
2003-02-21 00:00:00+09:00,847.6787719726561,934.6201844826722,847.6787719726561,847.6787719726562,5096,0.0,0.0
2003-02-24 00:00:00+09:00,842.2449340820314,858.5464489352319,842.2449340820314,842.2449340820312,25104,0.0,0.0
2003-02-25 00:00:00+09:00,820.5097045898438,836.8112218995757,815.0758654865997,820.5097045898438,20991,0.0,0.0
2003-02-26 00:00:00+09:00,880.2820434570312,896.5835627803096,842.2451650360484,880.2820434570312,96801,0.0,0.0
2003-02-27 00:00:00+09:00,874.8480224609375,918.3187316515431,858.5465065144604,874.8480224609375,81064,0.0,0.0
2003-02-28 00:00:00+09:00,853.1126708984375,896.5833802435808,853.1126708984375,853.1126708984375,33584,0.0,0.0
2003-03-03 00:00:00+09:00,885.7156982421875,891.1495368817101,853.1126664050518,885.7156982421875,50806,0.0,0.0
2003-03-04 00:00:00+09:00,907.4509887695314,912.8848270256364,869.4141209767965,907.4509887695312,108152,0.0,0.0
2003-03-05 00:00:00+09:00,836.811279296875,907.4511924842735,825.9436003449674,836.811279296875,55621,0.0,0.0
2003-03-06 00:00:00+09:00,842.2449340820314,853.1126106508317,815.0757426600303,842.2449340820312,11132,0.0,0.0
2003-03-07 00:00:00+09:00,798.7742919921875,842.2450017604698,787.906614550117,798.7742919921875,20166,0.0,0.0
2003-03-10 00:00:00+09:00,798.7742919921875,853.1126792025403,793.3404532711522,798.7742919921875,12329,0.0,0.0
2003-03-11 00:00:00+09:00,733.5681152343749,793.3403320312499,733.5681152343749,733.568115234375,49908,0.0,0.0
2003-03-12 00:00:00+09:00,749.8698120117188,771.6051688816236,728.1344551418139,749.8698120117188,28215,0.0,0.0
2003-03-13 00:00:00+09:00,717.2667236328125,760.7374341560133,711.8328848174125,717.2667236328125,40448,0.0,0.0
2003-03-14 00:00:00+09:00,760.7376098632811,760.7376098632811,733.5684095110212,760.7376098632812,43333,0.0,0.0
2003-03-17 00:00:00+09:00,706.3990478515625,777.0389526367188,706.3990478515625,706.3990478515625,45073,0.0,0.0
2003-03-18 00:00:00+09:00,744.4360961914062,766.171456664148,728.1345758368499,744.4360961914062,44606,0.0,0.0
2003-03-19 00:00:00+09:00,782.4728393554688,782.4728393554688,749.8698043823242,782.4728393554688,38839,0.0,0.0
2003-03-20 00:00:00+09:00,836.811279296875,853.1127977247362,798.7744029651988,836.811279296875,70005,0.0,0.0
2003-03-21 00:00:00+09:00,836.811279296875,842.2451187728287,815.07592139306,836.811279296875,37600,0.0,0.0
2003-03-24 00:00:00+09:00,825.9434204101562,853.1126118710167,820.5095821179842,825.9434204101562,59750,0.0,0.0
2003-03-25 00:00:00+09:00,798.7742919921875,804.2081307132228,771.605098387011,798.7742919921875,60558,0.0,0.0
2003-03-26 00:00:00+09:00,891.1495971679686,891.1495971679686,831.3773680896293,891.1495971679688,267299,0.0,0.0
2003-03-27 00:00:00+09:00,994.3923950195311,994.3923950195311,869.4141158640709,994.3923950195312,471867,0.0,0.0
2003-03-28 00:00:00+09:00,988.9586791992186,1005.2601958893157,929.1864513355297,988.9586791992188,289920,0.0,0.0
2003-03-31 00:00:00+09:00,983.5247802734375,1086.7677130093232,940.0540717530646,983.5247802734375,421811,0.0,0.0
2003-04-01 00:00:00+09:00,978.0910034179688,999.8263590494792,934.6202921549478,978.0910034179688,151666,0.0,0.0
2003-04-02 00:00:00+09:00,972.6570434570311,988.9585581518418,934.6201758358064,972.6570434570312,138799,0.0,0.0
2003-04-03 00:00:00+09:00,999.8263549804686,1054.1647438381028,967.2233216658882,999.8263549804688,643111,0.0,0.0
2003-04-04 00:00:00+09:00,983.5247802734375,1010.6939730986705,961.789426013251,983.5247802734375,181379,0.0,0.0
2003-04-07 00:00:00+09:00,988.9586791992186,1026.9955514761116,988.9586791992186,988.9586791992188,250838,0.0,0.0
2003-04-08 00:00:00+09:00,1005.2600708007812,1043.2969383445945,988.9585561391469,1005.2600708007812,285772,0.0,0.0
2003-04-09 00:00:00+09:00,961.7895507812499,1032.4294612906072,961.7895507812499,961.78955078125,177848,0.0,0.0
2003-04-10 00:00:00+09:00,967.2232055664062,988.9585585004827,961.7893673328871,967.2232055664062,84768,0.0,0.0
2003-04-11 00:00:00+09:00,978.0910034179688,983.5248423258463,967.2233256022135,978.0910034179688,126684,0.0,0.0
2003-04-14 00:00:00+09:00,961.7895507812499,983.5249078610522,945.4880329713982,961.78955078125,134136,0.0,0.0
2003-04-15 00:00:00+09:00,956.3555908203125,967.2232679887251,945.4879136518998,956.3555908203125,133157,0.0,0.0
2003-04-16 00:00:00+09:00,961.7895507812499,967.2233900512005,945.4880329713982,961.78955078125,92602,0.0,0.0
2003-04-17 00:00:00+09:00,956.3555908203125,967.2232679887251,950.9217522361062,956.3555908203125,108511,0.0,0.0
2003-04-18 00:00:00+09:00,994.3923950195311,1032.4292625885842,956.355527450478,994.3923950195312,159944,0.0,0.0
2003-04-21 00:00:00+09:00,978.0910034179688,1026.995553588867,978.0910034179688,978.0910034179688,114506,0.0,0.0
2003-04-22 00:00:00+09:00,967.2232055664062,988.9585585004827,967.2232055664062,967.2232055664062,79013,0.0,0.0
2003-04-23 00:00:00+09:00,940.0540161132814,978.0908838172869,929.1863396264226,940.0540161132812,79275,0.0,0.0
2003-04-24 00:00:00+09:00,1010.6942138671876,1048.7310928836946,940.0542956936745,1010.6942138671875,285556,0.0,0.0
2003-04-25 00:00:00+09:00,923.7525024414062,1026.9954291848576,907.4509876924402,923.7525024414062,179896,0.0,0.0
2003-04-28 00:00:00+09:00,902.0172729492188,950.9218238922488,885.7157559682088,902.0172729492188,34140,0.0,0.0
2003-04-29 00:00:00+09:00,923.7525024414062,929.1863406910616,891.1494729434742,923.7525024414062,71356,0.0,0.0
2003-04-30 00:00:00+09:00,918.3189086914062,945.4881071734005,912.8850689950074,918.3189086914062,49501,0.0,0.0
2003-05-01 00:00:00+09:00,918.3189086914062,918.3189086914062,918.3189086914062,918.3189086914062,0,0.0,0.0
2003-05-02 00:00:00+09:00,918.3189086914062,929.1865880842039,891.149710209412,918.3189086914062,71871,0.0,0.0
2003-05-05 00:00:00+09:00,918.3189086914062,918.3189086914062,918.3189086914062,918.3189086914062,0,0.0,0.0
2003-05-06 00:00:00+09:00,929.1862792968749,940.0539550781249,912.8847656249999,929.186279296875,32912,0.0,0.0
2003-05-07 00:00:00+09:00,940.0540161132814,945.4878543567107,923.7525013829933,940.0540161132812,57501,0.0,0.0
2003-05-08 00:00:00+09:00,940.0540161132814,940.0540161132814,940.0540161132814,940.0540161132812,0,0.0,0.0
2003-05-09 00:00:00+09:00,945.4879150390625,950.921753631241,934.6202378547055,945.4879150390625,61475,0.0,0.0
2003-05-12 00:00:00+09:00,945.4879150390625,1037.8631711060973,945.4879150390625,945.4879150390625,386936,0.0,0.0
2003-05-13 00:00:00+09:00,940.0540161132814,978.0908838172869,929.1863396264226,940.0540161132812,52099,0.0,0.0
2003-05-14 00:00:00+09:00,923.7525024414062,956.3555319393382,918.3186641917508,923.7525024414062,40367,0.0,0.0
2003-05-15 00:00:00+09:00,923.7525024414062,934.6201789407169,912.8848259420955,923.7525024414062,25362,0.0,0.0
2003-05-16 00:00:00+09:00,918.3189086914062,929.1865880842039,907.4512292986085,918.3189086914062,76371,0.0,0.0
2003-05-19 00:00:00+09:00,902.0172729492188,923.7526289238988,902.0172729492188,902.0172729492188,32005,0.0,0.0
2003-05-20 00:00:00+09:00,923.7525024414062,940.0540171903722,891.1494729434742,923.7525024414062,38999,0.0,0.0
2003-05-21 00:00:00+09:00,902.0172729492188,923.7526289238988,896.5834339555488,902.0172729492188,48396,0.0,0.0
2003-05-22 00:00:00+09:00,896.5833129882812,918.3186660304214,896.5833129882812,896.5833129882812,18270,0.0,0.0
2003-05-23 00:00:00+09:00,934.6203002929688,934.6203002929688,902.0172665618187,934.6203002929688,69732,0.0,0.0
2003-05-26 00:00:00+09:00,961.7895507812499,988.9587471310027,912.8849973516948,961.78955078125,102829,0.0,0.0
2003-05-27 00:00:00+09:00,994.3923950195311,1005.2600714678321,945.4878510021772,994.3923950195312,100219,0.0,0.0
2003-05-28 00:00:00+09:00,1010.6942138671876,1059.5987726026967,972.6573348506805,1010.6942138671875,254557,0.0,0.0
2003-05-29 00:00:00+09:00,983.5247802734375,1021.5616502287638,978.0909417083909,983.5247802734375,28919,0.0,0.0
2003-05-30 00:00:00+09:00,994.3923950195311,1021.5615861402833,983.5247185712303,994.3923950195312,52654,0.0,0.0
2003-06-02 00:00:00+09:00,999.8263549804686,1010.6940327519956,978.090999437415,999.8263549804688,64186,0.0,0.0
2003-06-03 00:00:00+09:00,999.8263549804686,1010.6940327519956,983.5248383231784,999.8263549804688,59790,0.0,0.0
2003-06-04 00:00:00+09:00,1119.3707275390625,1119.3707275390625,978.0909269758798,1119.3707275390625,266893,0.0,0.0
2003-06-05 00:00:00+09:00,1059.5985107421875,1141.1060884915864,1048.7308337089341,1059.5985107421875,125201,0.0,0.0
2003-06-06 00:00:00+09:00,1059.5985107421875,1059.5985107421875,1059.5985107421875,1059.5985107421875,0,0.0,0.0
2003-06-09 00:00:00+09:00,1065.0322265625,1141.10595703125,1059.598388671875,1065.0322265625,396690,0.0,0.0
2003-06-10 00:00:00+09:00,1037.863037109375,1070.466064453125,1032.42919921875,1037.863037109375,65151,0.0,0.0
2003-06-11 00:00:00+09:00,1054.16455078125,1070.466064453125,1032.42919921875,1054.16455078125,166066,0.0,0.0
2003-06-12 00:00:00+09:00,1097.6353759765625,1103.0692144714958,1070.466183501895,1097.6353759765625,106796,0.0,0.0
2003-06-13 00:00:00+09:00,1092.2015380859375,1113.9368920776976,1075.9000225921177,1092.2015380859375,72760,0.0,0.0
2003-06-16 00:00:00+09:00,1103.0693359375,1141.1062095905172,1086.7678186576354,1103.0693359375,70098,0.0,0.0
2003-06-17 00:00:00+09:00,1135.6722412109375,1151.973756635018,1108.50304883747,1135.6722412109375,72697,0.0,0.0
2003-06-18 00:00:00+09:00,1124.8046875,1130.2385265700484,1103.0693312198068,1124.8046875,57033,0.0,0.0
2003-06-19 00:00:00+09:00,1097.6353759765625,1119.3707299562964,1092.201537481629,1097.6353759765625,67836,0.0,0.0
2003-06-20 00:00:00+09:00,1097.6353759765625,1113.9368914613628,1086.7676989866955,1097.6353759765625,43894,0.0,0.0
2003-06-23 00:00:00+09:00,1092.2015380859375,1113.9368920776976,1086.7676995879976,1092.2015380859375,49388,0.0,0.0
2003-06-24 00:00:00+09:00,1103.0693359375,1108.5031750307883,1059.5986231911945,1103.0693359375,43597,0.0,0.0
2003-06-25 00:00:00+09:00,1108.5030517578125,1130.2384057138481,1103.0692132688037,1108.5030517578125,73889,0.0,0.0
2003-06-26 00:00:00+09:00,1130.2386474609375,1151.9740060659556,1108.5032888559194,1130.2386474609375,117071,0.0,0.0
2003-06-27 00:00:00+09:00,1077.5333251953125,1177.0880345883577,1077.5333251953125,1077.5333251953125,124005,150.0,0.0
2003-06-30 00:00:00+09:00,1077.5333251953125,1095.1018033234968,1054.1086876910665,1077.5333251953125,48417,0.0,0.0
2003-07-01 00:00:00+09:00,1059.9644775390625,1089.2452642114122,1048.2521628701224,1059.9644775390625,33343,0.0,0.0
2003-07-02 00:00:00+09:00,1059.9644775390625,1071.6767922080023,1042.3960055356524,1059.9644775390625,53091,0.0,0.0
2003-07-03 00:00:00+09:00,1065.8206787109375,1089.2453090122767,1054.108363560268,1065.8206787109375,45019,0.0,0.0
2003-07-04 00:00:00+09:00,1048.2523193359375,1071.6769521702602,1030.6838447101954,1048.2523193359375,30056,0.0,0.0
2003-07-07 00:00:00+09:00,1054.1083984375,1071.6768717447917,1036.5399251302083,1054.1083984375,30644,0.0,0.0
2003-07-08 00:00:00+09:00,1059.9644775390625,1077.5329495424724,1054.1083202045925,1059.9644775390625,39949,0.0,0.0
2003-07-09 00:00:00+09:00,1059.9644775390625,1071.6767922080023,1048.2521628701224,1059.9644775390625,21045,0.0,0.0
2003-07-10 00:00:00+09:00,1042.39599609375,1065.8206252194523,1036.5398388123244,1042.39599609375,24464,0.0,0.0
2003-07-11 00:00:00+09:00,1030.6837158203125,1048.2521882490678,1001.4029284390535,1030.6837158203125,44092,0.0,0.0
2003-07-14 00:00:00+09:00,1036.539794921875,1048.252108988789,1007.2590097545905,1036.539794921875,16812,0.0,0.0
2003-07-15 00:00:00+09:00,1018.9712524414062,1048.2520355575386,1013.1150958181798,1018.9712524414062,18404,0.0,0.0
2003-07-16 00:00:00+09:00,1007.2591552734375,1024.8276289119276,1007.2591552734375,1007.2591552734375,13193,0.0,0.0
2003-07-17 00:00:00+09:00,1007.2591552734375,1007.2591552734375,1007.2591552734375,1007.2591552734375,0,0.0,0.0
2003-07-18 00:00:00+09:00,989.6906738281249,1007.2591473280324,983.8345159948224,989.690673828125,35557,0.0,0.0
2003-07-21 00:00:00+09:00,986.7625732421874,1013.1152829133438,986.7625732421874,986.7625732421875,12654,0.0,0.0
2003-07-22 00:00:00+09:00,972.1221313476562,998.4748397275625,966.2659739298992,972.1221313476562,16547,0.0,0.0
2003-07-23 00:00:00+09:00,951.6256713867189,983.8345402644231,951.6256713867189,951.6256713867188,13624,0.0,0.0
2003-07-24 00:00:00+09:00,948.6975708007812,969.1941232563537,942.841412956332,948.6975708007812,8115,0.0,0.0
2003-07-25 00:00:00+09:00,969.194091796875,1018.97143185895,866.7113328455438,969.194091796875,48605,0.0,0.0
2003-07-28 00:00:00+09:00,977.978271484375,995.5467434272081,960.4097995415419,977.978271484375,12014,0.0,0.0
2003-07-29 00:00:00+09:00,975.0501098632812,1083.3890109592014,960.4097178232921,975.0501098632812,136070,0.0,0.0
2003-07-30 00:00:00+09:00,977.978271484375,983.8344287986527,966.2659568558196,977.978271484375,13728,0.0,0.0
2003-07-31 00:00:00+09:00,972.1221313476562,980.9063674742916,954.5536590943854,972.1221313476562,11533,0.0,0.0
2003-08-01 00:00:00+09:00,986.7625732421874,995.5468097992396,972.1221789804339,986.7625732421875,10355,0.0,0.0
2003-08-04 00:00:00+09:00,972.1221313476562,992.6186823098056,942.8413442588715,972.1221313476562,13713,0.0,0.0
2003-08-05 00:00:00+09:00,963.337890625,983.8344414893617,936.9851823708207,963.337890625,8215,0.0,0.0
2003-08-06 00:00:00+09:00,957.481689453125,972.1220822582187,942.8412966480314,957.481689453125,3810,0.0,0.0
2003-08-07 00:00:00+09:00,936.9852905273439,966.2660808563234,910.6325792312623,936.9852905273438,52065,0.0,0.0
2003-08-08 00:00:00+09:00,934.0571899414062,936.9852689067399,913.5606371840713,934.0571899414062,9772,0.0,0.0
2003-08-11 00:00:00+09:00,922.3447265625,942.8412760416667,922.3447265625,922.3447265625,4008,0.0,0.0
2003-08-12 00:00:00+09:00,919.4168090820314,942.8414411605544,884.2798609642467,919.4168090820312,43100,0.0,0.0
2003-08-13 00:00:00+09:00,925.2729492187501,948.6975808445412,907.7044754994067,925.27294921875,55691,0.0,0.0
2003-08-14 00:00:00+09:00,907.7046508789064,922.3450484737274,907.7046508789064,907.7046508789062,6777,0.0,0.0
2003-08-15 00:00:00+09:00,907.7046508789064,907.7046508789064,907.7046508789064,907.7046508789062,0,0.0,0.0
2003-08-18 00:00:00+09:00,901.8482666015625,919.416739327567,898.9201878138952,901.8482666015625,20270,0.0,0.0
2003-08-19 00:00:00+09:00,913.560546875,922.3447829026443,901.8482321714744,913.560546875,16113,0.0,0.0
2003-08-20 00:00:00+09:00,919.4168090820314,934.0572041311083,907.7044930427697,919.4168090820312,14180,0.0,0.0
2003-08-21 00:00:00+09:00,931.129150390625,934.0572294799038,919.4168340335102,931.129150390625,22499,0.0,0.0
2003-08-22 00:00:00+09:00,913.560546875,936.9851762820513,910.6324681991186,913.560546875,15324,0.0,0.0
2003-08-25 00:00:00+09:00,910.6325073242188,925.2729013326467,901.8482709191619,910.6325073242188,21569,0.0,0.0
2003-08-26 00:00:00+09:00,904.7763671875001,919.4167614785599,890.1359728964402,904.7763671875,16475,0.0,0.0
2003-08-27 00:00:00+09:00,898.920166015625,919.416717032268,881.3516937156454,898.920166015625,36427,0.0,0.0
2003-08-28 00:00:00+09:00,887.2080078124999,898.9203247473184,887.2080078124999,887.2080078125,20364,0.0,0.0
2003-08-29 00:00:00+09:00,895.9920043945312,907.7043181774662,884.2796906115962,895.9920043945312,23094,0.0,0.0
2003-09-01 00:00:00+09:00,910.6325073242188,925.2729013326467,895.9921133157908,910.6325073242188,11902,0.0,0.0
2003-09-02 00:00:00+09:00,907.7046508789064,919.4169689547632,893.0642532840852,907.7046508789062,19218,0.0,0.0
2003-09-03 00:00:00+09:00,898.920166015625,928.2009531822578,898.920166015625,898.920166015625,14538,0.0,0.0
2003-09-04 00:00:00+09:00,901.8482666015625,913.5605817522322,890.1359514508929,901.8482666015625,27451,0.0,0.0
2003-09-05 00:00:00+09:00,895.9920043945312,919.4166319604013,895.9920043945312,895.9920043945312,9144,0.0,0.0
2003-09-08 00:00:00+09:00,910.6325073242188,919.4167437292755,895.9921133157908,910.6325073242188,6058,0.0,0.0
2003-09-09 00:00:00+09:00,980.9065551757812,1018.97158567514,895.9922563695196,980.9065551757812,216787,0.0,0.0
2003-09-10 00:00:00+09:00,980.9065551757812,980.9065551757812,980.9065551757812,980.9065551757812,0,0.0,0.0
2003-09-11 00:00:00+09:00,980.9065551757812,980.9065551757812,980.9065551757812,980.9065551757812,0,0.0,0.0
2003-09-12 00:00:00+09:00,980.9065551757812,980.9065551757812,980.9065551757812,980.9065551757812,0,0.0,0.0
2003-09-15 00:00:00+09:00,948.6975708007812,969.1941232563537,907.7044658896364,948.6975708007812,63487,0.0,0.0
2003-09-16 00:00:00+09:00,936.9852905273439,957.4818437576295,925.272974395752,936.9852905273438,29094,0.0,0.0
2003-09-17 00:00:00+09:00,948.6975708007812,951.6256497230058,934.0571761896581,948.6975708007812,27355,0.0,0.0
2003-09-18 00:00:00+09:00,957.481689453125,960.4097680141438,939.9132180870126,957.481689453125,22181,0.0,0.0
2003-09-19 00:00:00+09:00,972.1221313476562,977.9782887654133,951.6255803855069,972.1221313476562,31574,0.0,0.0
2003-09-22 00:00:00+09:00,1086.3172607421875,1086.3172607421875,948.6975538557109,1086.3172607421875,638541,0.0,0.0
2003-09-23 00:00:00+09:00,1036.539794921875,1077.5328941560736,1010.1870882713189,1036.539794921875,136105,0.0,0.0
2003-09-24 00:00:00+09:00,980.9065551757812,1071.677012520406,977.9784759065999,980.9065551757812,104031,0.0,0.0
2003-09-25 00:00:00+09:00,972.1221313476562,1001.402918436441,945.7694229677498,972.1221313476562,73478,0.0,0.0
2003-09-26 00:00:00+09:00,907.7046508789064,995.5470364478327,907.7046508789064,907.7046508789062,158719,0.0,0.0
2003-09-29 00:00:00+09:00,942.8414306640625,945.76950964128,913.5606408918866,942.8414306640625,47877,0.0,0.0
2003-09-30 00:00:00+09:00,954.5538330078125,960.4099914925231,928.2011198266152,954.5538330078125,69824,0.0,0.0
2003-10-01 00:00:00+09:00,931.129150390625,972.1222576405268,907.7045176763954,931.129150390625,26820,0.0,0.0
2003-10-02 00:00:00+09:00,928.2010498046876,951.6256819764147,928.2010498046876,928.2010498046875,65106,0.0,0.0
2003-10-03 00:00:00+09:00,928.2010498046876,928.2010498046876,928.2010498046876,928.2010498046875,0,0.0,0.0
2003-10-06 00:00:00+09:00,942.8414306640625,960.409904527368,925.2729568007569,942.8414306640625,36710,0.0,0.0
2003-10-07 00:00:00+09:00,945.7693481445312,969.1939759623524,942.8412696673035,945.7693481445312,36344,0.0,0.0
2003-10-08 00:00:00+09:00,966.2660522460939,972.1222101384944,942.8414206764916,966.2660522460938,12044,0.0,0.0
2003-10-09 00:00:00+09:00,948.6975708007812,972.1222021785783,948.6975708007812,948.6975708007812,28005,0.0,0.0
2003-10-10 00:00:00+09:00,963.337890625,963.337890625,928.2009462860942,963.337890625,75623,0.0,0.0
2003-10-13 00:00:00+09:00,960.4099121093751,966.2660701100419,934.0572011063739,960.409912109375,20873,0.0,0.0
2003-10-14 00:00:00+09:00,945.7693481445312,977.9782113940354,942.8412696673035,945.7693481445312,6593,0.0,0.0
2003-10-15 00:00:00+09:00,928.2010498046876,954.5537609978805,928.2010498046876,928.2010498046875,29323,0.0,0.0
2003-10-16 00:00:00+09:00,939.9132690429688,945.7694264824888,925.2728754441686,939.9132690429688,53021,0.0,0.0
2003-10-17 00:00:00+09:00,939.9132690429688,942.8413477627288,925.2728754441686,939.9132690429688,36753,0.0,0.0
2003-10-20 00:00:00+09:00,948.6975708007812,948.6975708007812,928.2010183452088,948.6975708007812,9745,0.0,0.0
2003-10-21 00:00:00+09:00,934.0571899414062,948.6975847680741,928.2010320107391,934.0571899414062,38645,0.0,0.0
2003-10-22 00:00:00+09:00,925.2729492187501,942.8414229380934,925.2729492187501,925.27294921875,18133,0.0,0.0
2003-10-23 00:00:00+09:00,907.7046508789064,934.0573665495842,907.7046508789064,907.7046508789062,23028,0.0,0.0
2003-10-24 00:00:00+09:00,916.4885864257812,931.1289791801867,890.1358794678514,916.4885864257812,13424,0.0,0.0
2003-10-27 00:00:00+09:00,928.2010498046876,942.841444912017,901.8483386114946,928.2010498046875,4934,0.0,0.0
2003-10-28 00:00:00+09:00,928.2010498046876,942.841444912017,907.7044966544263,928.2010498046875,13841,0.0,0.0
2003-10-29 00:00:00+09:00,925.2729492187501,942.8414229380934,913.5606334058546,925.27294921875,8756,0.0,0.0
2003-10-30 00:00:00+09:00,928.2010498046876,936.9852868690853,913.5606546973581,928.2010498046875,4414,0.0,0.0
2003-10-31 00:00:00+09:00,910.6325073242188,928.2009801343323,890.1359557124196,910.6325073242188,25942,0.0,0.0
2003-11-03 00:00:00+09:00,913.560546875,913.560546875,901.8482321714744,913.560546875,9086,0.0,0.0
2003-11-04 00:00:00+09:00,919.4168090820314,919.4168090820314,895.9921770035082,919.4168090820312,23855,0.0,0.0
2003-11-05 00:00:00+09:00,913.560546875,922.3447829026443,901.8482321714744,913.560546875,18323,0.0,0.0
2003-11-06 00:00:00+09:00,916.4885864257812,919.4166649766623,895.9920365696137,916.4885864257812,14943,0.0,0.0
2003-11-07 00:00:00+09:00,925.2729492187501,931.1291071251978,901.8483175929589,925.27294921875,22439,0.0,0.0
2003-11-10 00:00:00+09:00,919.4168090820314,931.1291251212929,910.6325720525851,919.4168090820312,23706,0.0,0.0
2003-11-11 00:00:00+09:00,942.8414306640625,948.6975886184977,910.632561914669,942.8414306640625,36900,0.0,0.0
2003-11-12 00:00:00+09:00,954.5538330078125,957.4819122501677,913.560723614839,954.5538330078125,22753,0.0,0.0
2003-11-13 00:00:00+09:00,972.1221313476562,1042.3960203607398,928.200950714479,972.1221313476562,164354,0.0,0.0
2003-11-14 00:00:00+09:00,954.5538330078125,983.8346254313651,951.6257537654573,954.5538330078125,13845,0.0,0.0
2003-11-17 00:00:00+09:00,931.129150390625,989.6907321761989,931.129150390625,931.129150390625,56237,0.0,0.0
2003-11-18 00:00:00+09:00,939.9132690429688,945.7694264824888,913.5605605651285,939.9132690429688,15467,0.0,0.0
2003-11-19 00:00:00+09:00,925.2729492187501,948.6975808445412,925.2729492187501,925.27294921875,13954,0.0,0.0
2003-11-20 00:00:00+09:00,925.2729492187501,966.2660545638846,925.2729492187501,925.27294921875,19171,0.0,0.0
2003-11-21 00:00:00+09:00,916.4885864257812,942.8412933837111,916.4885864257812,916.4885864257812,25105,0.0,0.0
2003-11-24 00:00:00+09:00,919.4168090820314,931.1291251212929,904.7764140329543,919.4168090820312,15617,0.0,0.0
2003-11-25 00:00:00+09:00,936.9852905273439,954.5537647247315,907.7045001983644,936.9852905273438,40326,0.0,0.0
2003-11-26 00:00:00+09:00,934.0571899414062,948.6975847680741,919.4167951147385,934.0571899414062,8415,0.0,0.0
2003-11-27 00:00:00+09:00,936.9852905273439,942.8414485931397,925.272974395752,936.9852905273438,7444,0.0,0.0
2003-11-28 00:00:00+09:00,945.7693481445312,960.4097405306694,936.9851127128483,945.7693481445312,20320,0.0,0.0
2003-12-01 00:00:00+09:00,951.6256713867189,960.4099083533655,939.91335543119,951.6256713867188,8378,0.0,0.0
2003-12-02 00:00:00+09:00,936.9852905273439,960.4099227905274,931.1291324615479,936.9852905273438,20626,0.0,0.0
2003-12-03 00:00:00+09:00,942.8414306640625,948.6975886184977,934.0571937324097,942.8414306640625,18032,0.0,0.0
2003-12-04 00:00:00+09:00,945.7693481445312,954.5535835762141,936.9851127128483,945.7693481445312,20159,0.0,0.0
2003-12-05 00:00:00+09:00,936.9852905273439,948.6976066589356,936.9852905273439,936.9852905273438,20229,0.0,0.0
2003-12-08 00:00:00+09:00,939.9132690429688,945.7694264824888,934.0571116034487,939.9132690429688,60249,0.0,0.0
2003-12-09 00:00:00+09:00,942.8414306640625,948.6975886184977,934.0571937324097,942.8414306640625,33038,0.0,0.0
2003-12-10 00:00:00+09:00,936.9852905273439,948.6976066589356,934.0572114944458,936.9852905273438,18878,0.0,0.0
2003-12-11 00:00:00+09:00,939.9132690429688,954.5536626417688,936.9851903232087,939.9132690429688,24900,0.0,0.0
2003-12-12 00:00:00+09:00,945.7693481445312,948.6974266217588,942.8412696673035,945.7693481445312,32194,0.0,0.0
2003-12-15 00:00:00+09:00,951.6256713867189,954.553750375601,945.7695134089544,951.6256713867188,23778,0.0,0.0
2003-12-16 00:00:00+09:00,931.129150390625,951.6257040155759,928.2010713013464,931.129150390625,45490,0.0,0.0
2003-12-17 00:00:00+09:00,954.5538330078125,963.3380707348783,928.2011198266152,954.5538330078125,119535,0.0,0.0
2003-12-18 00:00:00+09:00,948.6975708007812,966.266044334129,945.7694918785566,948.6975708007812,32195,0.0,0.0
2003-12-19 00:00:00+09:00,939.9132690429688,960.4098200812889,939.9132690429688,939.9132690429688,26424,0.0,0.0
2003-12-22 00:00:00+09:00,916.4885864257812,948.6974504854733,916.4885864257812,916.4885864257812,36795,0.0,0.0
2003-12-23 00:00:00+09:00,910.6325073242188,936.9852165393891,910.6325073242188,910.6325073242188,24060,0.0,0.0
2003-12-24 00:00:00+09:00,913.560546875,931.1290189302885,895.9920748197115,913.560546875,26613,0.0,0.0
2003-12-25 00:00:00+09:00,913.560546875,913.560546875,913.560546875,913.560546875,0,0.0,0.0
2003-12-26 00:00:00+09:00,913.560546875,928.2009402544071,904.7763108473558,913.560546875,7080,0.0,0.0
2003-12-29 00:00:00+09:00,925.6607666015625,949.861048081342,919.6106962316177,925.6607666015625,9870,50.0,0.0
2003-12-30 00:00:00+09:00,949.8610229492188,958.9361282640201,925.6607421097482,949.8610229492188,5598,0.0,0.0
2003-12-31 00:00:00+09:00,949.8610229492188,949.8610229492188,949.8610229492188,949.8610229492188,0,0.0,0.0
2004-01-01 00:00:00+09:00,949.8610229492188,949.8610229492188,949.8610229492188,949.8610229492188,0,0.0,0.0
2004-01-02 00:00:00+09:00,946.8359375,958.9360772763579,943.8109025559106,946.8359375,16348,0.0,0.0
2004-01-05 00:00:00+09:00,955.9111328125001,961.9612032733387,943.8109918908228,955.9111328125,1801,0.0,0.0
2004-01-06 00:00:00+09:00,955.9111328125001,961.9612032733387,940.7859566604036,955.9111328125,19742,0.0,0.0
2004-01-07 00:00:00+09:00,937.7608642578125,952.8860394877772,931.7107941658267,937.7608642578125,8340,0.0,0.0
2004-01-08 00:00:00+09:00,940.7860107421874,949.8611169551345,922.6357983162932,940.7860107421875,8902,0.0,0.0
2004-01-09 00:00:00+09:00,910.535400390625,937.76071136576,895.4102276266611,910.535400390625,39474,0.0,0.0
2004-01-12 00:00:00+09:00,907.5103149414064,934.7356243896485,889.3601086425782,907.5103149414062,23604,0.0,0.0
2004-01-13 00:00:00+09:00,895.4104003906249,904.4855057999894,859.1099787531672,895.410400390625,36685,0.0,0.0
2004-01-14 00:00:00+09:00,883.3101806640624,907.5104595863655,877.2601109334867,883.3101806640625,15572,0.0,0.0
2004-01-15 00:00:00+09:00,889.3602905273438,889.3602905273438,874.2351155183753,889.3602905273438,16496,0.0,0.0
2004-01-16 00:00:00+09:00,889.3602905273438,901.4604305345184,865.1600105129942,889.3602905273438,10626,0.0,0.0
2004-01-19 00:00:00+09:00,886.3352661132811,886.3352661132811,847.0098106202005,886.3352661132812,18904,0.0,0.0
2004-01-20 00:00:00+09:00,871.2101440429688,883.3102849324545,862.1350383758545,871.2101440429688,7119,0.0,0.0
2004-01-21 00:00:00+09:00,871.2101440429688,871.2101440429688,871.2101440429688,871.2101440429688,0,0.0,0.0
2004-01-22 00:00:00+09:00,871.2101440429688,871.2101440429688,871.2101440429688,871.2101440429688,0,0.0,0.0
2004-01-23 00:00:00+09:00,871.2101440429688,871.2101440429688,871.2101440429688,871.2101440429688,0,0.0,0.0
2004-01-26 00:00:00+09:00,871.2101440429688,883.3102849324545,865.160073598226,871.2101440429688,4392,0.0,0.0
2004-01-27 00:00:00+09:00,883.3101806640624,886.3352155293503,874.2350760681987,883.3101806640625,6413,0.0,0.0
2004-01-28 00:00:00+09:00,871.2101440429688,892.3853905995687,868.1851088205974,871.2101440429688,8866,0.0,0.0
2004-01-29 00:00:00+09:00,913.560546875,922.6356516452814,871.2100579470199,913.560546875,27247,0.0,0.0
2004-01-30 00:00:00+09:00,892.3853149414064,922.635664600437,883.3102100436971,892.3853149414062,19601,0.0,0.0
2004-02-02 00:00:00+09:00,904.4855346679688,907.510569900972,883.3102880369461,904.4855346679688,12238,0.0,0.0
2004-02-03 00:00:00+09:00,889.3602905273438,910.5355355398996,883.3102205237564,889.3602905273438,30408,0.0,0.0
2004-02-04 00:00:00+09:00,949.8610229492188,995.236549523226,880.2852155357409,949.8610229492188,93448,0.0,0.0
2004-02-05 00:00:00+09:00,955.9111328125001,1046.662189725079,937.7609214299843,955.9111328125,258785,0.0,0.0
2004-02-06 00:00:00+09:00,946.8359375,974.0612519968051,925.6606928913739,946.8359375,32381,0.0,0.0
2004-02-09 00:00:00+09:00,974.0615234375001,980.111595011646,952.8862729279892,974.0615234375,53595,0.0,0.0
2004-02-10 00:00:00+09:00,961.9610595703125,989.1863725770195,949.8609204562205,961.9610595703125,49152,0.0,0.0
2004-02-11 00:00:00+09:00,983.136474609375,1001.2866864483173,968.011298076923,983.136474609375,29274,0.0,0.0
2004-02-12 00:00:00+09:00,986.1614379882812,1004.311648503403,974.0612976448667,986.1614379882812,33738,0.0,0.0
2004-02-13 00:00:00+09:00,1067.8372802734375,1082.9624542149877,949.8609235293468,1067.8372802734375,557415,0.0,0.0
2004-02-16 00:00:00+09:00,1194.8887939453125,1194.8887939453125,1070.8623621687104,1194.8887939453125,619096,0.0,0.0
2004-02-17 00:00:00+09:00,1225.139404296875,1300.7652934510031,1149.5135151427469,1225.139404296875,519342,0.0,0.0
2004-02-18 00:00:00+09:00,1370.3410644531252,1370.3410644531252,1210.014184947572,1370.341064453125,818704,0.0,0.0
2004-02-19 00:00:00+09:00,1533.69287109375,1533.69287109375,1397.566284901997,1533.69287109375,1089696,0.0,0.0
2004-02-20 00:00:00+09:00,1709.144775390625,1715.194845392008,1455.04183533255,1709.144775390625,1375675,0.0,0.0
2004-02-23 00:00:00+09:00,1911.8222656250002,1911.8222656250002,1633.5190244264243,1911.822265625,1786877,0.0,0.0
2004-02-24 00:00:00+09:00,2138.69970703125,2138.69970703125,1848.296352186837,2138.69970703125,1561099,0.0,0.0
2004-02-25 00:00:00+09:00,1911.8222656250002,2392.8028672616697,1884.5969485512264,1911.822265625,1140286,0.0,0.0
2004-02-26 00:00:00+09:00,1966.27294921875,2053.998973106971,1742.4203365384615,1966.27294921875,2047495,0.0,0.0
2004-02-27 00:00:00+09:00,2178.02490234375,2178.02490234375,1875.5214436848958,2178.02490234375,1181749,0.0,0.0
2004-03-01 00:00:00+09:00,2178.02490234375,2178.02490234375,2178.02490234375,2178.02490234375,0,0.0,0.0
2004-03-02 00:00:00+09:00,1963.2476806640623,2238.525860849624,1951.147540875686,1963.2476806640625,1083145,0.0,0.0
2004-03-03 00:00:00+09:00,1963.2476806640623,2011.6482398175676,1905.7720166692748,1963.2476806640625,1151539,0.0,0.0
2004-03-04 00:00:00+09:00,1963.2476806640623,1990.4729951879092,1887.6218069867102,1963.2476806640625,1130874,0.0,0.0
2004-03-05 00:00:00+09:00,1963.2476806640623,1972.3227855053447,1821.0710381506403,1963.2476806640625,894779,0.0,0.0
2004-03-08 00:00:00+09:00,2187.10009765625,2196.1752017959025,1845.271175062673,2187.10009765625,3340395,0.0,0.0
2004-03-09 00:00:00+09:00,1969.2976074218752,2208.275350872456,1966.2725726946526,1969.297607421875,1045883,0.0,0.0
2004-03-10 00:00:00+09:00,2011.6485595703123,2175.0004726782777,1972.3230990072836,2011.6485595703125,1661502,0.0,0.0
2004-03-11 00:00:00+09:00,1966.27294921875,2132.649891075721,1905.7722430889423,1966.27294921875,1414136,0.0,0.0
2004-03-12 00:00:00+09:00,1730.3201904296875,2047.9488967148573,1730.3201904296875,1730.3201904296875,1453483,0.0,0.0
2004-03-15 00:00:00+09:00,1594.193603515625,1730.3201920511146,1594.193603515625,1594.193603515625,755313,0.0,0.0
2004-03-16 00:00:00+09:00,1542.7679443359375,1730.320125804228,1542.7679443359375,1542.7679443359375,1025885,0.0,0.0
2004-03-17 00:00:00+09:00,1603.268310546875,1669.8190706073115,1464.1167213295992,1603.268310546875,899258,0.0,0.0
2004-03-18 00:00:00+09:00,1545.7933349609377,1633.5193754968814,1536.7182273192882,1545.7933349609375,394258,0.0,0.0
2004-03-19 00:00:00+09:00,1536.7177734375,1666.7942778820127,1524.6176334891732,1536.7177734375,947907,0.0,0.0
2004-03-22 00:00:00+09:00,1594.193603515625,1624.4439565235116,1518.5677209959083,1594.193603515625,802046,0.0,0.0
2004-03-23 00:00:00+09:00,1403.6163330078125,1600.2436210369242,1403.6163330078125,1403.6163330078125,640368,0.0,0.0
2004-03-24 00:00:00+09:00,1409.666259765625,1527.6426205614605,1306.815073430794,1409.666259765625,1394957,0.0,0.0
2004-03-25 00:00:00+09:00,1318.9154052734373,1467.1421366000393,1318.9154052734373,1318.9154052734375,370351,0.0,0.0
2004-03-26 00:00:00+09:00,1312.865234375,1367.3158662154378,1276.5648131480416,1312.865234375,223433,0.0,0.0
2004-03-29 00:00:00+09:00,1470.166748046875,1470.166748046875,1306.8148871527778,1470.166748046875,682424,0.0,0.0
2004-03-30 00:00:00+09:00,1645.6192626953125,1645.6192626953125,1542.7680587768555,1645.6192626953125,2528604,0.0,0.0
2004-03-31 00:00:00+09:00,1448.9918212890625,1645.619103927453,1448.9918212890625,1448.9918212890625,1499408,0.0,0.0
2004-04-01 00:00:00+09:00,1557.89306640625,1588.143417210255,1385.4660668234224,1557.89306640625,1145524,0.0,0.0
2004-04-02 00:00:00+09:00,1476.2169189453125,1588.143201734199,1452.0166415855533,1476.2169189453125,822701,0.0,0.0
2004-04-05 00:00:00+09:00,1476.2169189453125,1476.2169189453125,1476.2169189453125,1476.2169189453125,0,0.0,0.0
2004-04-06 00:00:00+09:00,1379.4158935546873,1464.116869474712,1379.4158935546873,1379.4158935546875,705081,0.0,0.0
2004-04-07 00:00:00+09:00,1382.441162109375,1458.0670462510257,1379.416126743709,1382.441162109375,649346,0.0,0.0
2004-04-08 00:00:00+09:00,1452.016845703125,1482.2671966552734,1367.3158630371092,1452.016845703125,918488,0.0,0.0
2004-04-09 00:00:00+09:00,1397.566162109375,1461.0918967507102,1370.3408472630886,1397.566162109375,423149,0.0,0.0
2004-04-12 00:00:00+09:00,1379.4158935546873,1427.816451223273,1379.4158935546873,1379.4158935546875,383034,0.0,0.0
2004-04-13 00:00:00+09:00,1306.8153076171873,1436.8918312920464,1291.6901304456921,1306.8153076171875,409501,0.0,0.0
2004-04-14 00:00:00+09:00,1285.6400146484375,1373.3660391773897,1228.1643434053308,1285.6400146484375,600455,0.0,0.0
2004-04-15 00:00:00+09:00,1285.6400146484375,1285.6400146484375,1285.6400146484375,1285.6400146484375,0,0.0,0.0
2004-04-16 00:00:00+09:00,1225.139404296875,1306.8153645833333,1219.0893331645448,1225.139404296875,198418,0.0,0.0
2004-04-19 00:00:00+09:00,1210.013916015625,1228.1641247558593,1161.6133593749998,1210.013916015625,329894,0.0,0.0
2004-04-20 00:00:00+09:00,1312.865234375,1312.865234375,1216.0641111031107,1312.865234375,577514,0.0,0.0
2004-04-21 00:00:00+09:00,1288.6650390625,1321.9404273950997,1249.339580123973,1288.6650390625,324562,0.0,0.0
2004-04-22 00:00:00+09:00,1361.265869140625,1442.9418212890625,1331.0155164930557,1361.265869140625,1273965,0.0,0.0
2004-04-23 00:00:00+09:00,1240.2642822265625,1452.016720655488,1240.2642822265625,1240.2642822265625,832941,0.0,0.0
2004-04-26 00:00:00+09:00,1210.013916015625,1282.6147509765624,1210.013916015625,1210.013916015625,595240,0.0,0.0
2004-04-27 00:00:00+09:00,1194.8887939453125,1237.23928284464,1179.7636193384096,1194.8887939453125,257275,0.0,0.0
2004-04-28 00:00:00+09:00,1116.23779296875,1194.8886943703421,1116.23779296875,1116.23779296875,273703,0.0,0.0
2004-04-29 00:00:00+09:00,1010.3616943359375,1089.0126046734656,1004.3116243099738,1010.3616943359375,254240,0.0,0.0
2004-04-30 00:00:00+09:00,1013.38671875,1067.8373484141791,974.0612639925373,1013.38671875,234191,0.0,0.0
2004-05-03 00:00:00+09:00,1055.7371826171875,1082.9624967821005,986.1613797512983,1055.7371826171875,299803,0.0,0.0
2004-05-04 00:00:00+09:00,1040.6121826171875,1107.162961738054,1040.6121826171875,1040.6121826171875,391753,0.0,0.0
2004-05-05 00:00:00+09:00,1040.6121826171875,1040.6121826171875,1040.6121826171875,1040.6121826171875,0,0.0,0.0
2004-05-06 00:00:00+09:00,1058.7623808775154,1095.0628053647445,977.0864257812499,977.08642578125,178169,0.0,0.0
2004-05-07 00:00:00+09:00,955.9111184512868,986.161470301011,925.6607666015625,925.6607666015625,155684,0.0,0.0
2004-05-10 00:00:00+09:00,898.4355126615213,974.0613975656898,868.185158699854,874.2352294921875,267101,0.0,0.0
2004-05-11 00:00:00+09:00,825.834642547922,916.5857021685728,825.834642547922,880.2852783203125,260518,0.0,0.0
2004-05-12 00:00:00+09:00,892.3853255291374,925.660710548868,889.3602905273438,889.3602905273438,183732,0.0,0.0
2004-05-13 00:00:00+09:00,889.3601775473737,995.2363891601564,889.3601775473737,995.2363891601562,834323,0.0,0.0
2004-05-14 00:00:00+09:00,1025.486973490461,1028.5120088104918,928.6858432494735,964.9862670898438,416362,0.0,0.0
2004-05-17 00:00:00+09:00,961.9612172625668,961.9612172625668,850.0349121093751,850.034912109375,256562,0.0,0.0
2004-05-18 00:00:00+09:00,847.0097845373019,862.1349592611823,816.7594350895412,859.1099243164062,203108,0.0,0.0
2004-05-19 00:00:00+09:00,856.0849055076131,895.4103605309311,856.0849055076131,889.3602905273438,170635,0.0,0.0
2004-05-20 00:00:00+09:00,865.1599964169288,868.1850313694356,834.9096468918615,840.959716796875,172638,0.0,0.0
2004-05-21 00:00:00+09:00,853.0601196289064,877.2604067105774,840.9599760880708,853.0601196289062,120897,0.0,0.0
2004-05-24 00:00:00+09:00,865.1602328596443,916.5858411065462,865.1602328596443,877.2603759765625,194871,0.0,0.0
2004-05-25 00:00:00+09:00,877.2601633379537,937.7608642578125,853.0598829700101,937.7608642578125,324956,0.0,0.0
2004-05-26 00:00:00+09:00,937.7608642578125,937.7608642578125,937.7608642578125,937.7608642578125,0,0.0,0.0
2004-05-27 00:00:00+09:00,952.8861412635215,952.8861412635215,916.5857168344351,943.81103515625,228221,0.0,0.0
2004-05-28 00:00:00+09:00,955.9110803796141,955.9110803796141,895.410379089765,901.46044921875,198884,0.0,0.0
2004-05-31 00:00:00+09:00,901.4603561749286,943.8108427066368,889.3602171658692,928.6856689453125,225468,0.0,0.0
2004-06-01 00:00:00+09:00,916.5856338500976,995.2365463256835,916.5856338500976,968.01123046875,328006,0.0,0.0
2004-06-02 00:00:00+09:00,974.0611986844045,974.0611986844045,934.7357465636055,961.9610595703125,169998,0.0,0.0
2004-06-03 00:00:00+09:00,998.2616462329827,1010.3617873994431,904.4855521929146,916.585693359375,271743,0.0,0.0
2004-06-04 00:00:00+09:00,910.5355544122273,943.8109401216443,892.3853440252726,901.46044921875,182534,0.0,0.0
2004-06-07 00:00:00+09:00,919.6107286509902,949.8610815671411,916.585693359375,916.585693359375,106613,0.0,0.0
2004-06-08 00:00:00+09:00,940.7859574640075,943.8109926970109,904.4855346679688,904.4855346679688,144624,0.0,0.0
2004-06-09 00:00:00+09:00,907.5105409364442,916.5856463458086,895.4104003906249,895.410400390625,108231,0.0,0.0
2004-06-10 00:00:00+09:00,901.4602461751302,922.6354868570965,889.3601086425782,907.5103149414062,74018,0.0,0.0
2004-06-11 00:00:00+09:00,910.5355183775996,919.6106232119278,847.0097845373019,859.1099243164062,231899,0.0,0.0
2004-06-14 00:00:00+09:00,847.0098876953124,886.3353467668805,847.0098876953124,847.0098876953125,129686,0.0,0.0
2004-06-15 00:00:00+09:00,847.0097949563825,871.2100748122791,834.9096550284341,856.0848999023438,87853,0.0,0.0
2004-06-16 00:00:00+09:00,859.1100228186881,919.6107286509902,853.0599522354579,916.585693359375,334076,0.0,0.0
2004-06-17 00:00:00+09:00,916.5854180908204,922.6354868570965,886.3350742594401,907.5103149414062,152576,0.0,0.0
2004-06-18 00:00:00+09:00,904.4854247210776,907.5104595863655,877.2601109334867,883.3101806640625,96771,0.0,0.0
2004-06-21 00:00:00+09:00,874.2353401973329,889.3605190934805,865.1602328596443,877.2603759765625,74948,0.0,0.0
2004-06-22 00:00:00+09:00,874.2352011087057,877.2602364066597,853.0599540230278,865.1600952148438,46209,0.0,0.0
2004-06-23 00:00:00+09:00,853.0599540230278,877.2602364066597,853.0599540230278,865.1600952148438,70820,0.0,0.0
2004-06-24 00:00:00+09:00,889.3605190934805,934.7360557819235,877.2603759765625,877.2603759765625,502123,0.0,0.0
2004-06-25 00:00:00+09:00,895.4104003906249,895.4104003906249,874.2351544354412,895.410400390625,146995,0.0,0.0
2004-06-28 00:00:00+09:00,898.435302734375,904.4853721130577,886.3351639770096,898.435302734375,111336,0.0,0.0
2004-06-29 00:00:00+09:00,929.9595375327798,933.1119427447553,895.283080201049,901.587890625,137334,60.0,0.0
2004-06-30 00:00:00+09:00,895.283080201049,911.0451062609267,879.5210541411714,901.587890625,84664,0.0,0.0
2004-07-01 00:00:00+09:00,895.2831414473684,907.8927631578947,892.1307360197368,898.435546875,48779,0.0,0.0
2004-07-02 00:00:00+09:00,882.6733981708618,967.7883329944807,882.6733981708618,923.6546630859375,455613,0.0,0.0
2004-07-05 00:00:00+09:00,926.8071937561035,939.4168154398601,892.1307341257732,907.8927612304688,93606,0.0,0.0
2004-07-06 00:00:00+09:00,917.3498524846257,939.4166874241184,904.7402325192013,933.1118774414062,122291,0.0,0.0
2004-07-07 00:00:00+09:00,926.8071694734233,1043.4461669921875,920.5023587967333,1043.4461669921875,1129300,0.0,0.0
2004-07-08 00:00:00+09:00,1071.817626953125,1090.7320556640625,980.3978881835936,1027.6839599609375,958511,0.0,0.0
2004-07-09 00:00:00+09:00,1046.5982694738052,1150.6276155359606,1015.074225212546,1071.8175048828125,1094000,0.0,0.0
2004-07-12 00:00:00+09:00,1084.4270744635558,1178.9992030504939,1052.9030316012431,1156.932373046875,629986,0.0,0.0
2004-07-13 00:00:00+09:00,1141.1704696352692,1169.5421111455382,1074.9699727779746,1112.798828125,397969,0.0,0.0
2004-07-14 00:00:00+09:00,1109.646416170635,1125.4084391276042,980.3978279234871,993.0074462890625,596598,0.0,0.0
2004-07-15 00:00:00+09:00,1005.6172470234496,1024.531678001947,958.3311695772059,1018.2268676757812,389131,0.0,0.0
2004-07-16 00:00:00+09:00,1015.0744044232908,1033.988834319377,964.6359247003944,974.0931396484375,319894,0.0,0.0
2004-07-19 00:00:00+09:00,974.0930151120581,974.0930151120581,923.6545418376472,936.26416015625,258271,0.0,0.0
2004-07-20 00:00:00+09:00,929.9595353693487,945.721561392558,914.1975093461393,917.3499145507812,157378,0.0,0.0
2004-07-21 00:00:00+09:00,923.6545422404107,942.5689697265625,904.740114754259,942.5689697265625,144321,0.0,0.0
2004-07-22 00:00:00+09:00,911.0451045595368,929.9595357960669,907.8926993534483,914.197509765625,160962,0.0,0.0
2004-07-23 00:00:00+09:00,926.8070068359374,1021.3791503906249,914.1973876953124,999.3123168945312,604277,0.0,0.0
2004-07-26 00:00:00+09:00,980.3979496137995,1065.5128841461872,945.7214948043082,974.0931396484375,862892,0.0,0.0
2004-07-27 00:00:00+09:00,983.5502929687499,1078.1224365234375,948.8738403320311,1040.2935791015625,1127669,0.0,0.0
2004-07-28 00:00:00+09:00,1078.1225678066037,1084.427378144654,996.1600334119496,1002.46484375,735225,0.0,0.0
2004-07-29 00:00:00+09:00,986.7025695391148,1002.4645914167365,895.2828426489093,939.41650390625,462348,0.0,0.0
2004-07-30 00:00:00+09:00,945.721561392558,970.9408030296928,917.3499145507812,917.3499145507812,213064,0.0,0.0
2004-08-02 00:00:00+09:00,898.4354898203975,907.8927055027174,870.0638427734375,870.0638427734375,252723,0.0,0.0
2004-08-03 00:00:00+09:00,873.2162462506976,920.5023245675224,870.0638410295759,882.6734619140625,101108,0.0,0.0
2004-08-04 00:00:00+09:00,882.6735178629558,986.702896753947,857.4542744954427,907.8927612304688,244054,0.0,0.0
2004-08-05 00:00:00+09:00,923.6546624673379,961.4835223636111,901.5878275278452,933.1118774414062,221743,0.0,0.0
2004-08-06 00:00:00+09:00,914.197572072347,939.4168154398601,901.5879503885906,907.8927612304688,82313,0.0,0.0
2004-08-09 00:00:00+09:00,892.1305541992186,936.2642211914061,892.1305541992186,920.502197265625,127077,0.0,0.0
2004-08-10 00:00:00+09:00,914.1975097656251,933.1119410021553,904.7402941473599,914.197509765625,75754,0.0,0.0
2004-08-11 00:00:00+09:00,920.5022574759818,964.6359273549672,904.7402325192013,933.1118774414062,139072,0.0,0.0
2004-08-12 00:00:00+09:00,926.807067458694,939.4166874241184,911.0450425019135,933.1118774414062,70602,0.0,0.0
2004-08-13 00:00:00+09:00,933.1118762287872,958.3311161268625,926.8070662542684,952.0263061523438,109718,0.0,0.0
2004-08-16 00:00:00+09:00,961.4833353678387,967.7881441243491,933.1116959635417,945.7213134765625,96601,0.0,0.0
2004-08-17 00:00:00+09:00,958.3309301593958,961.4833345349202,933.1116951552012,939.41650390625,84670,0.0,0.0
2004-08-18 00:00:00+09:00,929.9594706550973,989.8551653752561,929.9594706550973,961.4835205078125,397448,0.0,0.0
2004-08-19 00:00:00+09:00,964.6358642578124,989.8551025390624,955.1786499023436,983.55029296875,109808,0.0,0.0
2004-08-20 00:00:00+09:00,1002.4647216796874,1033.98876953125,980.3978881835936,999.3123168945312,309640,0.0,0.0
2004-08-23 00:00:00+09:00,1015.074405897532,1015.074405897532,952.0263061523438,952.0263061523438,118121,0.0,0.0
2004-08-24 00:00:00+09:00,961.4833345349202,961.4833345349202,933.1116951552012,939.41650390625,92740,0.0,0.0
2004-08-25 00:00:00+09:00,945.7213134765626,955.1785266113282,939.4165047200521,945.7213134765625,65764,0.0,0.0
2004-08-26 00:00:00+09:00,952.0263057507967,977.2455456382351,945.7214957789371,958.3311157226562,59534,0.0,0.0
2004-08-27 00:00:00+09:00,958.3311155225409,967.7883304783555,952.0263055519979,961.4835205078125,50896,0.0,0.0
2004-08-30 00:00:00+09:00,961.4835187583972,1015.0744034105046,961.4835187583972,989.8551635742188,155339,0.0,0.0
2004-08-31 00:00:00+09:00,989.8551635742188,1008.7695934514331,986.702758594683,989.8551635742188,26237,0.0,0.0
2004-09-01 00:00:00+09:00,1008.7696548655064,1011.922060036961,980.3980083224141,996.1600341796875,58966,0.0,0.0
2004-09-02 00:00:00+09:00,996.1598508804564,1002.4646600632441,989.8550416976686,993.0074462890625,27255,0.0,0.0
2004-09-03 00:00:00+09:00,993.0075073242186,1002.4647216796874,964.6358642578124,964.6358642578125,49219,0.0,0.0
2004-09-06 00:00:00+09:00,961.4834594726561,989.8551025390624,958.3310546874999,964.6358642578125,20283,0.0,0.0
2004-09-07 00:00:00+09:00,974.0931400460606,980.3979500139963,958.3311151262214,967.788330078125,49863,0.0,0.0
2004-09-08 00:00:00+09:00,970.9407346657564,999.3123795098857,967.7883296830754,974.0931396484375,55918,0.0,0.0
2004-09-09 00:00:00+09:00,980.3979496137995,993.0075695445237,970.9407346657564,974.0931396484375,61352,0.0,0.0
2004-09-10 00:00:00+09:00,974.0931979795046,1002.464844522597,974.0931979795046,996.1600341796875,36873,0.0,0.0
2004-09-13 00:00:00+09:00,1005.6173084294685,1021.3793352073599,986.7028762959989,1011.922119140625,75340,0.0,0.0
2004-09-14 00:00:00+09:00,1015.0744652084157,1024.5316807227798,993.0076290082328,996.1600341796875,46699,0.0,0.0
2004-09-15 00:00:00+09:00,993.0075073242186,999.3123168945311,989.8551025390624,999.3123168945312,19707,0.0,0.0
2004-09-16 00:00:00+09:00,983.5503536151473,1002.4647834923617,983.5503536151473,989.8551635742188,23483,0.0,0.0
2004-09-17 00:00:00+09:00,983.5504134938687,1015.0744652084157,983.5504134938687,996.1600341796875,44892,0.0,0.0
2004-09-20 00:00:00+09:00,999.3123775470219,1011.9219974529781,996.1599725705329,1005.6171875,50735,0.0,0.0
2004-09-21 00:00:00+09:00,993.007567594044,1005.6171875,993.007567594044,1005.6171875,32649,0.0,0.0
2004-09-22 00:00:00+09:00,1008.7695934514331,1015.0744034105046,983.5503536151473,989.8551635742188,55769,0.0,0.0
2004-09-23 00:00:00+09:00,977.2455446311185,986.7027595791616,958.3311147350323,974.0931396484375,64855,0.0,0.0
2004-09-24 00:00:00+09:00,974.0930786132811,983.5502929687499,967.7882690429686,983.55029296875,29571,0.0,0.0
2004-09-27 00:00:00+09:00,983.5502929687499,983.5502929687499,983.5502929687499,983.55029296875,0,0.0,0.0
2004-09-28 00:00:00+09:00,983.5502929687499,983.5502929687499,983.5502929687499,983.55029296875,0,0.0,0.0
2004-09-29 00:00:00+09:00,983.5502929687499,983.5502929687499,983.5502929687499,983.55029296875,0,0.0,0.0
2004-09-30 00:00:00+09:00,977.245605076241,986.7028206092368,967.7883895432451,980.3980102539062,10463,0.0,0.0
2004-10-01 00:00:00+09:00,986.7026371062748,996.1598508804564,967.7882095579117,993.0074462890625,44683,0.0,0.0
2004-10-04 00:00:00+09:00,989.8553406140819,1027.6842071343654,989.8553406140819,1015.0745849609375,61164,0.0,0.0
2004-10-05 00:00:00+09:00,1027.6841403004626,1043.4461669921875,1015.0745189470828,1043.4461669921875,88211,0.0,0.0
2004-10-06 00:00:00+09:00,1040.2936406966742,1043.4460456684824,1018.2268058940175,1030.83642578125,54742,0.0,0.0
2004-10-07 00:00:00+09:00,1037.1411743164062,1037.1411743164062,1021.3791503906249,1033.98876953125,49591,0.0,0.0
2004-10-08 00:00:00+09:00,1030.8363647460938,1033.98876953125,1008.7695312499999,1033.98876953125,53514,0.0,0.0
2004-10-11 00:00:00+09:00,1033.988890130836,1071.817751964891,1033.988890130836,1046.5985107421875,48926,0.0,0.0
2004-10-12 00:00:00+09:00,1065.5130736546487,1065.5130736546487,1015.0745849609375,1015.0745849609375,67005,0.0,0.0
2004-10-13 00:00:00+09:00,1015.0744625126983,1030.8364883281129,1011.9220573496154,1018.2268676757812,22545,0.0,0.0
2004-10-14 00:00:00+09:00,1018.2267456054686,1033.98876953125,1018.2267456054686,1033.98876953125,21834,0.0,0.0
2004-10-15 00:00:00+09:00,1043.4461626711145,1068.6654052734375,1027.6841360446626,1068.6654052734375,26635,0.0,0.0
2004-10-18 00:00:00+09:00,1068.6651004566866,1090.7319314395681,1049.7506738999311,1071.8175048828125,38260,0.0,0.0
2004-10-19 00:00:00+09:00,1078.122374582715,1093.8843976029302,1046.598328542285,1062.3603515625,52905,0.0,0.0
2004-10-20 00:00:00+09:00,1062.3604125976562,1071.817626953125,1052.9031982421875,1065.5128173828125,28759,0.0,0.0
2004-10-21 00:00:00+09:00,1062.360641140408,1191.6092651367187,1059.2082356770834,1134.865966796875,227229,0.0,0.0
2004-10-22 00:00:00+09:00,1119.1038127698396,1219.980776174445,1103.34178723787,1197.9139404296875,338934,0.0,0.0
2004-10-25 00:00:00+09:00,1201.0662231445312,1308.2479858398438,1172.694580078125,1235.74267578125,520529,0.0,0.0
2004-10-26 00:00:00+09:00,1257.8095092773438,1295.6383666992188,1229.4378662109375,1286.18115234375,249247,0.0,0.0
2004-10-27 00:00:00+09:00,1317.7054730583639,1349.2295274377507,1169.5424174752463,1178.9996337890625,439391,0.0,0.0
2004-10-28 00:00:00+09:00,1204.2186279296875,1204.2186279296875,1109.646484375,1160.0849609375,229488,0.0,0.0
2004-10-29 00:00:00+09:00,1175.8470449321817,1235.7427389099603,1134.8657806315962,1194.761474609375,197159,0.0,0.0
2004-11-01 00:00:00+09:00,1178.9996213961374,1242.0477294921875,1166.3899997769274,1242.0477294921875,124986,0.0,0.0
2004-11-02 00:00:00+09:00,1229.4377483707842,1295.6382425138265,1223.1329394047802,1273.5714111328125,207654,0.0,0.0
2004-11-03 00:00:00+09:00,1270.4192514038086,1286.1812768554687,1232.590390319824,1260.9620361328125,87004,0.0,0.0
2004-11-04 00:00:00+09:00,1260.9617949695123,1317.7050757431402,1245.1997725323934,1292.48583984375,168480,0.0,0.0
2004-11-05 00:00:00+09:00,1292.4860870361329,1314.5529226684569,1242.0476055908202,1260.9620361328125,163568,0.0,0.0
2004-11-08 00:00:00+09:00,1257.8095092773438,1260.9619140625,1197.913818359375,1235.74267578125,130060,0.0,0.0
2004-11-09 00:00:00+09:00,1216.8284287636568,1251.5048865781653,1213.6760235077925,1226.28564453125,49449,0.0,0.0
2004-11-10 00:00:00+09:00,1223.133175048828,1260.9620361328125,1223.133175048828,1260.9620361328125,65039,0.0,0.0
2004-11-11 00:00:00+09:00,1260.9618531795513,1270.4190670783978,1238.895020748909,1264.1142578125,52357,0.0,0.0
2004-11-12 00:00:00+09:00,1273.5716564941406,1276.7240615844726,1251.5048208618164,1260.9620361328125,57430,0.0,0.0
2004-11-15 00:00:00+09:00,1260.9619140625,1292.4859619140625,1257.8095092773438,1286.18115234375,64154,0.0,0.0
2004-11-16 00:00:00+09:00,1286.1810929109486,1342.9243764217258,1286.1810929109486,1320.8575439453125,78444,0.0,0.0
2004-11-17 00:00:00+09:00,1311.4004489942529,1387.0581672054598,1311.4004489942529,1371.296142578125,105264,0.0,0.0
2004-11-18 00:00:00+09:00,1387.0582309615947,1431.1919019467364,1342.924559976453,1349.2293701171875,147582,0.0,0.0
2004-11-19 00:00:00+09:00,1349.229306750351,1415.4298101189431,1339.7720919834094,1402.8201904296875,124536,0.0,0.0
2004-11-22 00:00:00+09:00,1405.9726546295976,1446.9539203475006,1387.0582242982578,1424.8870849609375,139937,0.0,0.0
2004-11-23 00:00:00+09:00,1424.8871976811834,1560.4406257791723,1424.8871976811834,1481.6304931640625,305489,0.0,0.0
2004-11-24 00:00:00+09:00,1510.0018920898438,1516.3067016601562,1469.0206298828125,1513.154296875,64223,0.0,0.0
2004-11-25 00:00:00+09:00,1550.9833974490764,1582.5074502427567,1503.6973182585557,1557.2882080078125,190211,0.0,0.0
2004-11-26 00:00:00+09:00,1582.507327720767,1582.507327720767,1494.239986732358,1538.3736572265625,90027,0.0,0.0
2004-11-29 00:00:00+09:00,1557.2884386918677,1623.4889593650037,1516.3071639894501,1601.422119140625,156972,0.0,0.0
2004-11-30 00:00:00+09:00,1569.897642028216,1626.6409302942961,1550.9832126061895,1623.488525390625,93991,0.0,0.0
2004-12-01 00:00:00+09:00,1607.7265018259984,1617.183716542622,1563.592833148422,1598.269287109375,56997,0.0,0.0
2004-12-02 00:00:00+09:00,1595.1168212890625,1604.5740356445312,1544.6783447265625,1544.6783447265625,63657,0.0,0.0
2004-12-03 00:00:00+09:00,1513.1543633078231,1519.459173154939,1387.0581663655046,1390.2105712890625,159995,0.0,0.0
2004-12-06 00:00:00+09:00,1333.467342551695,1434.344304635984,1333.467342551695,1374.4486083984375,104019,0.0,0.0
2004-12-07 00:00:00+09:00,1424.8867320296156,1538.3732859080806,1387.057880736794,1506.8492431640625,199929,0.0,0.0
2004-12-08 00:00:00+09:00,1506.849678824193,1513.1544891958424,1418.5823336211022,1440.649169921875,63958,0.0,0.0
2004-12-09 00:00:00+09:00,1446.9537963867188,1469.0206298828125,1405.9725341796875,1418.5821533203125,37860,0.0,0.0
2004-12-10 00:00:00+09:00,1396.5153198242188,1513.154296875,1393.3629150390625,1443.8013916015625,42011,0.0,0.0
2004-12-13 00:00:00+09:00,1431.1918924174784,1481.6303732075216,1431.1918924174784,1456.4111328125,34325,0.0,0.0
2004-12-14 00:00:00+09:00,1456.4112517528044,1487.9353048210469,1437.496819911859,1475.32568359375,18057,0.0,0.0
2004-12-15 00:00:00+09:00,1494.2398077660164,1532.068663658827,1469.0205705041428,1510.0018310546875,46260,0.0,0.0
2004-12-16 00:00:00+09:00,1513.154296875,1528.9163208007812,1487.93505859375,1513.154296875,31236,0.0,0.0
2004-12-17 00:00:00+09:00,1513.154296875,1513.154296875,1475.325439453125,1500.544677734375,33553,0.0,0.0
2004-12-20 00:00:00+09:00,1462.7157611886744,1510.0018310546875,1462.7157611886744,1510.0018310546875,35668,0.0,0.0
2004-12-21 00:00:00+09:00,1484.7826538085938,1510.0018920898438,1456.4110107421875,1500.544677734375,30232,0.0,0.0
2004-12-22 00:00:00+09:00,1503.6970219919438,1516.306640625,1475.3253800675675,1516.306640625,30108,0.0,0.0
2004-12-23 00:00:00+09:00,1519.4591064453125,1695.9937744140623,1513.154296875,1695.9937744140625,165349,0.0,0.0
2004-12-24 00:00:00+09:00,1677.0793457031248,1721.2130126953123,1617.183654785156,1702.298583984375,156625,0.0,0.0
2004-12-27 00:00:00+09:00,1677.0796874999999,1891.4432565789473,1677.0796874999999,1796.87109375,159147,0.0,0.0
2004-12-28 00:00:00+09:00,1796.8711793577515,1954.4914582487825,1796.8711793577515,1941.8818359375,174030,0.0,0.0
2004-12-29 00:00:00+09:00,2045.7946472167969,2071.772991943359,1857.4516479492186,1948.3758544921875,127437,90.0,0.0
2004-12-30 00:00:00+09:00,1928.8922629105416,2013.3218905800265,1912.6557960510254,1974.3543701171875,108354,0.0,0.0
2005-01-03 00:00:00+09:00,2013.3216910057577,2195.1701018062777,1967.8595883056278,2185.42822265625,254607,0.0,0.0
2005-01-04 00:00:00+09:00,2078.267392966361,2198.4172266222286,2078.267392966361,2123.7294921875,161723,0.0,0.0
2005-01-05 00:00:00+09:00,2084.762233161317,2123.729751538164,1974.3542644269169,2032.8055419921875,316876,0.0,0.0
2005-01-06 00:00:00+09:00,2097.7513558100727,2169.1918044599515,1883.430009860437,2006.8271484375,251957,0.0,0.0
2005-01-07 00:00:00+09:00,1980.8491853828,2042.5477665668543,1961.365422903625,2010.0748291015625,81227,0.0,0.0
2005-01-10 00:00:00+09:00,1980.8488149491568,2117.2351267981153,1980.8488149491568,2045.794677734375,73901,0.0,0.0
2005-01-11 00:00:00+09:00,2023.0636199559922,2029.558206215883,1961.3650504870293,2026.3109130859375,71080,0.0,0.0
2005-01-12 00:00:00+09:00,1993.8383603689167,2029.5585915807376,1993.8383603689167,2010.0748291015625,48171,0.0,0.0
2005-01-13 00:00:00+09:00,2006.8272121263587,2110.7405952785325,2003.5799189028533,2091.2568359375,91787,0.0,0.0
2005-01-14 00:00:00+09:00,2110.74087543852,2110.74087543852,1997.0855975302923,2039.3004150390625,115069,0.0,0.0
2005-01-17 00:00:00+09:00,1967.8596345771368,1984.0961002089614,1909.4083583025686,1951.6231689453125,261518,0.0,0.0
2005-01-18 00:00:00+09:00,1951.6230980125633,1974.354149070946,1919.1501679291596,1922.3974609375,107669,0.0,0.0
2005-01-19 00:00:00+09:00,1919.1501916249592,1945.1285360124375,1837.9678654140896,1870.4407958984375,183615,0.0,0.0
2005-01-20 00:00:00+09:00,2091.2571008963178,2094.50439453125,1889.9248955305234,2094.50439453125,973925,0.0,0.0
2005-01-21 00:00:00+09:00,2094.5036754130615,2273.104764014175,2006.8267773725147,2204.91162109375,798647,0.0,0.0
2005-01-24 00:00:00+09:00,2204.911915884445,2331.556341097248,2078.267490671642,2175.686279296875,693656,0.0,0.0
2005-01-25 00:00:00+09:00,2169.191758192979,2169.191758192979,1977.6014681729403,2000.33251953125,363173,0.0,0.0
2005-01-26 00:00:00+09:00,2010.0747056138878,2237.38525390625,2006.827412066854,2237.38525390625,615892,0.0,0.0
2005-01-27 00:00:00+09:00,2240.6324240944605,2315.320171564276,2113.9879827325994,2143.213623046875,410218,0.0,0.0
2005-01-28 00:00:00+09:00,2084.7623628971255,2253.6216197049926,2084.7623628971255,2146.4609375,223849,0.0,0.0
2005-01-31 00:00:00+09:00,2208.1590213260133,2402.99658203125,2146.460460436022,2402.99658203125,652922,0.0,0.0
2005-02-01 00:00:00+09:00,2370.5239437124824,2493.921080508475,2247.1268069164903,2299.08349609375,529531,0.0,0.0
2005-02-02 00:00:00+09:00,2351.0402243740587,2351.0402243740587,2143.213464208396,2156.20263671875,281839,0.0,0.0
2005-02-03 00:00:00+09:00,2113.9878260600995,2208.1593267601656,2113.9878260600995,2156.20263671875,160018,0.0,0.0
2005-02-04 00:00:00+09:00,2182.18125,2299.0838169642857,2156.2029017857144,2273.10546875,389748,0.0,0.0
2005-02-07 00:00:00+09:00,2273.105117468525,2370.523908217176,2256.86865234375,2256.86865234375,0,0.0,0.0
2005-02-11 00:00:00+09:00,2240.6321428763326,2448.4588923605143,2227.6429710335715,2360.781982421875,487435,0.0,0.0
2005-02-14 00:00:00+09:00,2409.4912217881943,2435.4695638020835,2325.0616102430554,2338.05078125,291959,0.0,0.0
2005-02-15 00:00:00+09:00,2364.0299055358378,2380.2663746672656,2318.567791967841,2344.546142578125,147072,0.0,0.0
2005-02-16 00:00:00+09:00,2344.545605727785,2467.942742871353,2312.0726749005307,2448.458984375,274419,0.0,0.0
2005-02-17 00:00:00+09:00,2412.738748144268,2441.9643857395554,2373.7712313505517,2409.491455078125,112175,0.0,0.0
2005-02-18 00:00:00+09:00,2351.040651755137,2412.73923239512,2273.105602525685,2370.5244140625,237776,0.0,0.0
2005-02-21 00:00:00+09:00,2338.0512568399454,2399.7498316732217,2338.0512568399454,2373.771484375,120346,0.0,0.0
2005-02-22 00:00:00+09:00,2370.5242526991683,2396.502600673954,2156.202881907189,2269.858154296875,176241,0.0,0.0
2005-02-23 00:00:00+09:00,2334.8040521724147,2539.383544921875,2331.5567586367088,2539.383544921875,825911,0.0,0.0
2005-02-24 00:00:00+09:00,2584.84535250079,2692.006026662255,2467.942798870101,2568.60888671875,892452,0.0,0.0
2005-02-25 00:00:00+09:00,2630.3074784712358,2646.543944387725,2464.695526123047,2571.856201171875,562862,0.0,0.0
2005-02-28 00:00:00+09:00,2545.8778490538994,2831.6396484375,2513.404917305763,2831.6396484375,472092,0.0,0.0
2005-03-02 00:00:00+09:00,2792.6725406390137,3078.4343820067265,2695.253731081839,2896.5859375,408223,0.0,0.0
2005-03-03 00:00:00+09:00,2909.574781813063,3039.4665131440033,2825.145156447952,2883.596435546875,316156,0.0,0.0
2005-03-04 00:00:00+09:00,2864.112851479653,3127.1436235543147,2821.8980362084108,3062.19775390625,394360,0.0,0.0
2005-03-07 00:00:00+09:00,3084.9285241329308,3429.1416015625,2997.2516081838894,3429.1416015625,705376,0.0,0.0
2005-03-08 00:00:00+09:00,3565.528210055443,3682.4307743195563,3019.98291015625,3019.98291015625,1093302,0.0,0.0
2005-03-09 00:00:00+09:00,2987.509550995879,3013.4878949175827,2659.532958984375,2659.532958984375,980767,0.0,0.0
2005-03-10 00:00:00+09:00,2604.3288110317703,2659.5327883229675,2341.298095703125,2341.298095703125,820655,0.0,0.0
2005-03-11 00:00:00+09:00,2240.6323627166144,2565.3616906465586,2208.1594299236203,2471.190185546875,1204084,0.0,0.0
2005-03-14 00:00:00+09:00,2409.4919847057713,2493.9216229838707,2409.4919847057713,2415.986572265625,358678,0.0,0.0
2005-03-15 00:00:00+09:00,2445.211750828943,2461.4482166379,2224.3958158271257,2234.1376953125,363501,0.0,0.0
2005-03-16 00:00:00+09:00,2234.1377475350937,2493.9212065508023,2217.901281346612,2428.975341796875,553975,0.0,0.0
2005-03-17 00:00:00+09:00,2545.8780224609372,2659.533291320801,2467.942980957031,2597.834716796875,922418,0.0,0.0
2005-03-18 00:00:00+09:00,2591.3403292569246,2591.3403292569246,2286.0947265625,2286.0947265625,548328,0.0,0.0
2005-03-21 00:00:00+09:00,2273.1052677805833,2338.051132574314,2045.7947410025247,2130.224365234375,558926,0.0,0.0
2005-03-22 00:00:00+09:00,2084.7622598787634,2221.148575945598,2071.7730869200172,2130.224365234375,326832,0.0,0.0
2005-03-23 00:00:00+09:00,2104.246301529255,2204.9124054604385,2104.246301529255,2136.71923828125,236543,0.0,0.0
2005-03-24 00:00:00+09:00,2162.69726926889,2182.1810284514927,1893.171933909554,1958.1177978515625,294772,0.0,0.0
2005-03-25 00:00:00+09:00,1958.117757357084,2058.7838443853916,1883.4300153683394,2026.3109130859375,259381,0.0,0.0
2005-03-28 00:00:00+09:00,2169.192179872734,2328.3095703125,2143.21383041318,2328.3095703125,208584,0.0,0.0
2005-03-29 00:00:00+09:00,2402.9970660167705,2451.7064660035967,2110.740666095812,2214.654052734375,694088,0.0,0.0
2005-03-30 00:00:00+09:00,2276.352776470655,2467.9430957456457,2221.148786171081,2237.38525390625,1066674,0.0,0.0
2005-03-31 00:00:00+09:00,2273.1052341403906,2295.8362864817946,2143.213506475225,2162.697265625,296308,0.0,0.0
2005-04-01 00:00:00+09:00,2110.740666095812,2240.6323993940155,2100.9987860984465,2214.654052734375,280408,0.0,0.0
2005-04-04 00:00:00+09:00,2165.9445692688455,2208.1593809637407,2117.2351711593515,2126.97705078125,172641,0.0,0.0
2005-04-06 00:00:00+09:00,2172.4392075731575,2247.126953125,2143.213568009393,2247.126953125,347848,0.0,0.0
2005-04-07 00:00:00+09:00,2467.9430029653286,2532.888871464416,2214.6541158188866,2224.39599609375,977463,0.0,0.0
2005-04-08 00:00:00+09:00,2110.740651648029,2175.6865178525836,1935.386812895731,1987.343505859375,722231,0.0,0.0
2005-04-11 00:00:00+09:00,2023.0640781799004,2026.3113720453578,1896.4196174270655,1906.1614990234375,283875,0.0,0.0
2005-04-12 00:00:00+09:00,1906.1611702920643,1958.117863179071,1886.6774104594367,1893.1719970703125,260154,0.0,0.0
2005-04-13 00:00:00+09:00,1951.6234165047106,1974.3544712726523,1922.397774660214,1971.107177734375,326232,0.0,0.0
2005-04-14 00:00:00+09:00,2010.0745110043972,2062.031202726643,1886.6773681640625,1886.6773681640625,477789,0.0,0.0
2005-04-15 00:00:00+09:00,1831.4733493848778,1850.9571084208872,1685.3451566148078,1695.0870361328125,370232,0.0,0.0
2005-04-18 00:00:00+09:00,1695.087110643263,1792.5059101055194,1500.24951171875,1500.24951171875,482061,0.0,0.0
2005-04-19 00:00:00+09:00,1587.9265004882814,1623.646728515625,1506.7441640625,1623.646728515625,494124,0.0,0.0
2005-04-20 00:00:00+09:00,1750.2912109375002,1799.0006138392857,1578.1846540178572,1591.173828125,983135,0.0,0.0
2005-04-21 00:00:00+09:00,1526.2278830788352,1532.722469815341,1415.8199085582387,1428.80908203125,501412,0.0,0.0
2005-04-22 00:00:00+09:00,1474.2711859223136,1539.217053143561,1445.0455456727525,1503.496826171875,741875,0.0,0.0
2005-04-25 00:00:00+09:00,1467.7765568504649,1639.883100020984,1464.5292635830967,1571.68994140625,802585,0.0,0.0
2005-04-26 00:00:00+09:00,1591.1736845970154,1698.3343613147736,1587.926391363144,1662.6141357421875,718977,0.0,0.0
2005-04-27 00:00:00+09:00,1688.5925583612352,1701.5817318870909,1613.9048105875652,1636.6358642578125,262226,0.0,0.0
2005-04-28 00:00:00+09:00,1691.8395703979966,1730.8070844954552,1623.646420727444,1669.1085205078125,460314,0.0,0.0
2005-04-29 00:00:00+09:00,1656.1195609759086,1669.1087340031706,1539.2170037305505,1552.2061767578125,218888,0.0,0.0
2005-05-02 00:00:00+09:00,1545.711574388587,1578.1845066236413,1477.5184166949728,1493.7548828125,178483,0.0,0.0
2005-05-03 00:00:00+09:00,1506.7439394447424,1610.6573145788627,1506.7439394447424,1513.238525390625,185524,0.0,0.0
2005-05-04 00:00:00+09:00,1558.7008189006024,1617.152099609375,1519.7332984280872,1617.152099609375,164460,0.0,0.0
2005-05-06 00:00:00+09:00,1584.6793032137423,1633.3887080256402,1578.1847159054894,1600.915771484375,81386,0.0,0.0
2005-05-09 00:00:00+09:00,1610.6576524467546,1623.6468270632606,1545.7117793642242,1600.915771484375,44355,0.0,0.0
2005-05-10 00:00:00+09:00,1597.6682710647583,1730.8072936534882,1545.711579322815,1662.6141357421875,318002,0.0,0.0
2005-05-11 00:00:00+09:00,1623.6466284077535,1669.1087340031706,1552.2061767578125,1552.2061767578125,175708,0.0,0.0
2005-05-12 00:00:00+09:00,1581.4319512290706,1581.4319512290706,1477.51855812983,1497.0023193359375,104010,0.0,0.0
2005-05-13 00:00:00+09:00,1474.2711555989583,1506.7440885416665,1445.045515950521,1461.281982421875,114780,0.0,0.0
2005-05-16 00:00:00+09:00,1461.2818647388676,1678.8504979333213,1461.2818647388676,1535.9696044921875,373692,0.0,0.0
2005-05-17 00:00:00+09:00,1558.7006339380296,1591.1735638117386,1490.5074812032408,1532.7222900390625,156087,0.0,0.0
2005-05-18 00:00:00+09:00,1558.700568030384,1558.700568030384,1519.7330538296242,1522.9803466796875,77558,0.0,0.0
2005-05-19 00:00:00+09:00,1545.711817205074,1587.9266357421875,1529.4753485369536,1587.9266357421875,139599,0.0,0.0
2005-05-20 00:00:00+09:00,1600.9156412760415,1753.5384306066176,1574.9372941559436,1656.11962890625,678191,0.0,0.0
2005-05-23 00:00:00+09:00,1669.1085205078125,1678.8503990321772,1610.6572493616245,1669.1085205078125,113186,0.0,0.0
2005-05-24 00:00:00+09:00,1665.8615434570313,1688.59259765625,1623.646728515625,1623.646728515625,296878,0.0,0.0
2005-05-25 00:00:00+09:00,1604.1630326966172,1652.8724365234375,1591.1738583427984,1652.8724365234375,136955,0.0,0.0
2005-05-26 00:00:00+09:00,1662.614523809524,1899.6669852120538,1662.614523809524,1704.829345703125,1310840,0.0,0.0
2005-05-27 00:00:00+09:00,1747.0439570275012,1753.538544228347,1672.3562042177753,1691.8399658203125,222123,0.0,0.0
2005-05-30 00:00:00+09:00,1708.076106318721,1795.7530167191117,1695.0869344075522,1753.5382080078125,193920,0.0,0.0
2005-05-31 00:00:00+09:00,1740.5491028992394,1753.5382753089352,1698.3342925677282,1708.076171875,98641,0.0,0.0
2005-06-01 00:00:00+09:00,1685.3450632365755,1740.5490441133034,1685.3450632365755,1717.8179931640625,152751,0.0,0.0
2005-06-02 00:00:00+09:00,1721.0654508371586,1763.280263782221,1708.0762776232932,1724.312744140625,79897,0.0,0.0
2005-06-03 00:00:00+09:00,1734.0546875000002,1786.0113822565545,1717.818220388577,1734.0546875,208421,0.0,0.0
2005-06-07 00:00:00+09:00,1753.5385181864756,1792.5060408128415,1734.0547568732925,1782.76416015625,246588,0.0,0.0
2005-06-08 00:00:00+09:00,1815.2367374195771,1863.9461310891543,1740.5490004595588,1766.52734375,260404,0.0,0.0
2005-06-09 00:00:00+09:00,1776.269116518309,1841.2149708699837,1750.290774777639,1805.4947509765625,133872,0.0,0.0
2005-06-10 00:00:00+09:00,1818.4844970703125,1847.7101407732282,1802.2480283464704,1818.4844970703125,101469,0.0,0.0
2005-06-13 00:00:00+09:00,1821.7316548202166,1935.386927402583,1821.7316548202166,1854.20458984375,168817,0.0,0.0
2005-06-14 00:00:00+09:00,1883.4300266552139,1883.4300266552139,1828.2260431153197,1860.698974609375,79509,0.0,0.0
2005-06-15 00:00:00+09:00,1915.9030668793253,1915.9030668793253,1854.2044935391434,1876.935546875,70052,0.0,0.0
2005-06-16 00:00:00+09:00,1899.6664333343506,1899.6664333343506,1841.2151584625244,1870.4407958984375,51174,0.0,0.0
2005-06-17 00:00:00+09:00,1870.4410573555165,1870.4410573555165,1808.7424808108033,1854.20458984375,59231,0.0,0.0
2005-06-20 00:00:00+09:00,1841.2150307103207,1915.9027656421326,1828.2258594178315,1850.9569091796875,52379,0.0,0.0
2005-06-21 00:00:00+09:00,1834.7203188132205,1880.1824152085924,1779.5163446188405,1795.7528076171875,68917,0.0,0.0
2005-06-22 00:00:00+09:00,1779.516838415345,1786.011425416861,1730.807435903976,1740.54931640625,90641,0.0,0.0
2005-06-23 00:00:00+09:00,1730.807435903976,1776.2695449145872,1730.807435903976,1740.54931640625,48856,0.0,0.0
2005-06-24 00:00:00+09:00,1734.054450141059,1766.5273799189815,1714.5706922743057,1753.5382080078125,58599,0.0,0.0
2005-06-27 00:00:00+09:00,1740.5491625887134,1795.7531472230569,1740.5491625887134,1773.0220947265625,53612,0.0,0.0
2005-06-28 00:00:00+09:00,1747.043790719805,1792.5058967980156,1747.043790719805,1779.5167236328125,35084,0.0,0.0
2005-06-29 00:00:00+09:00,1753.5381441081904,1799.000244140625,1753.5381441081904,1799.000244140625,33545,0.0,0.0
2005-06-30 00:00:00+09:00,1773.0222794996585,1802.247921469433,1766.5276923952642,1782.76416015625,60018,0.0,0.0
2005-07-01 00:00:00+09:00,1799.0005260120738,1808.7424061168324,1769.7748856977983,1786.0113525390625,51247,0.0,0.0
2005-07-04 00:00:00+09:00,1786.011413364476,1902.9139786028782,1776.2695329279425,1889.9248046875,83422,0.0,0.0
2005-07-05 00:00:00+09:00,1915.9029482488763,1997.0852765645068,1876.9354306573737,1896.419189453125,156982,0.0,0.0
2005-07-06 00:00:00+09:00,1928.8922234301297,1928.8922234301297,1883.4301171539987,1893.1719970703125,64102,0.0,0.0
2005-07-07 00:00:00+09:00,1915.9027316485565,1980.848586958677,1883.4298039934963,1919.1500244140625,98645,0.0,0.0
2005-07-08 00:00:00+09:00,1909.4083374023437,1964.612319946289,1909.4083374023437,1948.3758544921875,77754,0.0,0.0
2005-07-11 00:00:00+09:00,2003.5799296394723,2003.5799296394723,1948.3759445440573,1980.848876953125,55769,0.0,0.0
2005-07-12 00:00:00+09:00,1967.8596780307757,2036.052835190258,1961.3650916346346,2032.8055419921875,48330,0.0,0.0
2005-07-13 00:00:00+09:00,2042.5475369408018,2234.1378464471727,2026.311070033482,2182.18115234375,187801,0.0,0.0
2005-07-14 00:00:00+09:00,2208.159829766087,2273.1057071121486,2117.2356014816014,2195.170654296875,103096,0.0,0.0
2005-07-15 00:00:00+09:00,2195.169866371448,2201.6644517749137,2110.740256126392,2113.987548828125,81691,0.0,0.0
2005-07-18 00:00:00+09:00,2084.7620917426216,2143.213365342882,2065.278333875868,2104.245849609375,67584,0.0,0.0
2005-07-19 00:00:00+09:00,2071.7729377802434,2253.6213461120515,2071.7729377802434,2217.901123046875,73955,0.0,0.0
2005-07-20 00:00:00+09:00,2253.621650129822,2253.621650129822,2013.3219352744807,2188.67578125,72492,0.0,0.0
2005-07-21 00:00:00+09:00,2208.15957785676,2325.0621437432937,2195.170403869367,2269.858154296875,123351,0.0,0.0
2005-07-22 00:00:00+09:00,2201.664867846997,2266.610734155168,2201.664867846997,2250.374267578125,30188,0.0,0.0
2005-07-25 00:00:00+09:00,2253.6217426687044,2308.825733483356,2221.1488068953804,2240.632568359375,76164,0.0,0.0
2005-07-26 00:00:00+09:00,2201.6645573697524,2279.5995859492127,2149.7078716501123,2165.9443359375,57876,0.0,0.0
2005-07-27 00:00:00+09:00,2169.192004206731,2188.6757647235577,2110.74072265625,2110.74072265625,69828,0.0,0.0
2005-07-28 00:00:00+09:00,2143.2135168177483,2156.2026896469465,2084.7622390863553,2126.97705078125,50157,0.0,0.0
2005-07-29 00:00:00+09:00,2113.9878578805856,2198.41748046875,2113.9878578805856,2198.41748046875,36102,0.0,0.0
2005-08-01 00:00:00+09:00,2204.911915884445,2234.137552472015,2172.438986342701,2175.686279296875,87962,0.0,0.0
2005-08-02 00:00:00+09:00,2162.697560864826,2201.665084484012,2094.50439453125,2094.50439453125,57285,0.0,0.0
2005-08-03 00:00:00+09:00,2110.740540519593,2110.740540519593,1987.3434012276787,2045.794677734375,158040,0.0,0.0
2005-08-04 00:00:00+09:00,2045.7946658828882,2058.7838383646845,1880.1827167399879,2006.8271484375,151878,0.0,0.0
2005-08-05 00:00:00+09:00,2000.3326861213234,2000.3326861213234,1873.6882465779279,1932.1395263671875,91345,0.0,0.0
2005-08-08 00:00:00+09:00,1889.9245788574217,1980.8487854003906,1889.9245788574217,1948.3758544921875,27004,0.0,0.0
2005-08-09 00:00:00+09:00,1893.1718892217839,2010.074441557949,1893.1718892217839,2006.8271484375,52473,0.0,0.0
2005-08-10 00:00:00+09:00,2016.5690760018347,2049.0420079825403,2003.5799032095522,2032.8055419921875,33607,0.0,0.0
2005-08-11 00:00:00+09:00,1993.8383603689167,2036.053179073796,1980.8491853828,2010.0748291015625,24560,0.0,0.0
2005-08-12 00:00:00+09:00,2010.074559030969,2039.3001988230187,1980.8489192389195,1987.343505859375,36040,0.0,0.0
2005-08-16 00:00:00+09:00,1987.3434150163519,1987.3434150163519,1935.3867244276892,1954.8704833984375,35079,0.0,0.0
2005-08-17 00:00:00+09:00,1951.6233165138644,1977.6016634890907,1928.8922629105416,1974.3543701171875,42812,0.0,0.0
2005-08-18 00:00:00+09:00,1954.8704316534115,2003.579827790955,1954.8704316534115,1984.0960693359375,52151,0.0,0.0
2005-08-19 00:00:00+09:00,1984.0959039697507,2006.8269536060654,1951.6229759178727,1977.601318359375,65889,0.0,0.0
2005-08-22 00:00:00+09:00,1977.6016146199086,2026.3110139947833,1977.6016146199086,2023.063720703125,33608,0.0,0.0
2005-08-23 00:00:00+09:00,2013.321571636057,2165.9443359375,2013.321571636057,2165.9443359375,65564,0.0,0.0
2005-08-24 00:00:00+09:00,2123.7297998715753,2208.159424942922,2110.740626783676,2133.4716796875,49650,0.0,0.0
2005-08-25 00:00:00+09:00,2143.2139524200256,2230.8908868372087,2078.2680750739646,2195.170654296875,52571,0.0,0.0
2005-08-26 00:00:00+09:00,2208.1594660694645,2286.094506048387,2182.181119409824,2214.654052734375,83621,0.0,0.0
2005-08-29 00:00:00+09:00,2221.1486638849433,2234.1378373579546,2097.751515891335,2143.213623046875,87044,0.0,0.0
2005-08-30 00:00:00+09:00,2143.2137410422715,2237.38525390625,2143.2137410422715,2237.38525390625,122174,0.0,0.0
2005-08-31 00:00:00+09:00,2208.15954469323,2338.0512826163613,2208.15954469323,2302.3310546875,66168,0.0,0.0
2005-09-01 00:00:00+09:00,2338.0508397905314,2422.480453449634,2305.5779114601073,2383.512939453125,153883,0.0,0.0
2005-09-02 00:00:00+09:00,2415.9859549669713,2415.9859549669713,2338.0509241615855,2396.502197265625,66281,0.0,0.0
2005-09-05 00:00:00+09:00,2396.5025955663805,2584.8456179821665,2396.5025955663805,2458.201171875,258544,0.0,0.0
2005-09-06 00:00:00+09:00,2458.200798999771,2480.931849981275,2409.4914040394056,2438.717041015625,57862,0.0,0.0
2005-09-07 00:00:00+09:00,2526.393703811233,2526.393703811233,2402.99658203125,2402.99658203125,84364,0.0,0.0
2005-09-08 00:00:00+09:00,2364.0291824548704,2422.480453449634,2357.5345967887856,2383.512939453125,74468,0.0,0.0
2005-09-09 00:00:00+09:00,2383.513110548981,2422.480627342697,2373.7712313505517,2409.491455078125,40713,0.0,0.0
2005-09-12 00:00:00+09:00,2419.2339136693386,2506.9108474533277,2415.9866198254867,2500.416259765625,55059,0.0,0.0
2005-09-13 00:00:00+09:00,2513.4049015045166,2513.4049015045166,2448.4590384165444,2493.921142578125,28690,0.0,0.0
2005-09-14 00:00:00+09:00,2487.4265013677054,2487.4265013677054,2402.9968812168436,2448.458984375,69396,0.0,0.0
2005-09-15 00:00:00+09:00,2409.4918309261925,2493.9214638157896,2409.4918309261925,2467.943115234375,38793,0.0,0.0
2005-09-16 00:00:00+09:00,2435.469989628755,2529.6414958944,2435.469989628755,2513.405029296875,75153,0.0,0.0
2005-09-20 00:00:00+09:00,2513.4053768603576,2594.5877210741933,2513.4053768603576,2529.641845703125,32392,0.0,0.0
2005-09-21 00:00:00+09:00,2529.6412720313438,2714.7369748629053,2519.899392934946,2701.747802734375,60177,0.0,0.0
2005-09-22 00:00:00+09:00,2669.2750091911767,2773.1883915441176,2669.2750091911767,2760.19921875,71102,0.0,0.0
2005-09-23 00:00:00+09:00,2786.177596609933,2786.177596609933,2597.8345889136904,2727.726318359375,143315,0.0,0.0
2005-09-26 00:00:00+09:00,2782.930271139706,2805.6613235294117,2737.468166360294,2760.19921875,29783,0.0,0.0
2005-09-27 00:00:00+09:00,2786.1781374099983,2792.672725142889,2727.7268478139845,2734.221435546875,35551,0.0,0.0
2005-09-28 00:00:00+09:00,2685.511663847563,2753.7048258074165,2685.511663847563,2714.7373046875,25242,0.0,0.0
2005-09-29 00:00:00+09:00,2708.2424226839867,2753.7045257026625,2704.995129611224,2743.962646484375,47806,0.0,0.0
2005-09-30 00:00:00+09:00,2727.726177577555,2779.6828666742704,2578.3506964244984,2669.27490234375,211991,0.0,0.0
2005-10-04 00:00:00+09:00,2669.275040108817,2727.726318359375,2601.0818821498324,2727.726318359375,65960,0.0,0.0
2005-10-05 00:00:00+09:00,2756.951892921147,2760.1991860812427,2662.780391278375,2717.984375,58000,0.0,0.0
2005-10-06 00:00:00+09:00,2692.0060282339336,2721.2316666586685,2643.296630859375,2643.296630859375,43161,0.0,0.0
2005-10-07 00:00:00+09:00,2630.3074157414176,2675.769519223368,2597.834484682882,2636.802001953125,78397,0.0,0.0
2005-10-10 00:00:00+09:00,2675.769965277778,3010.2412109375,2675.769965277778,3010.2412109375,642663,0.0,0.0
2005-10-11 00:00:00+09:00,2903.080420265735,2916.0695944056265,2760.1995047269293,2766.694091796875,243264,0.0,0.0
2005-10-12 00:00:00+09:00,2734.2208835388114,2805.6613341775924,2685.511485376006,2724.47900390625,132950,0.0,0.0
2005-10-13 00:00:00+09:00,2695.2536340274723,2792.672440076658,2662.7806986777437,2766.694091796875,76372,0.0,0.0
2005-10-14 00:00:00+09:00,2724.479275842228,2844.629136636224,2724.479275842228,2766.694091796875,81597,0.0,0.0
2005-10-17 00:00:00+09:00,2769.9407007617883,2805.6609208185055,2701.7475533807833,2737.4677734375,59352,0.0,0.0
2005-10-18 00:00:00+09:00,2724.479200922057,2838.1344715207124,2701.7481468023257,2792.67236328125,65736,0.0,0.0
2005-10-19 00:00:00+09:00,2737.4677548008112,2782.9298527453084,2545.8774848918574,2552.3720703125,138213,0.0,0.0
2005-10-20 00:00:00+09:00,2575.103075299944,2604.3287091936386,2519.899100167411,2545.87744140625,51708,0.0,0.0
2005-10-21 00:00:00+09:00,2510.157786722716,2584.8455345812185,2506.910493337564,2558.8671875,40207,0.0,0.0
2005-10-24 00:00:00+09:00,2565.361482945884,2714.736961699695,2562.1141899294967,2662.7802734375,34410,0.0,0.0
2005-10-25 00:00:00+09:00,2662.780747029182,2769.941435629137,2662.780747029182,2698.5009765625,28475,0.0,0.0
2005-10-26 00:00:00+09:00,2760.1995047269293,2766.694091796875,2669.2752857476894,2766.694091796875,45510,0.0,0.0
2005-10-27 00:00:00+09:00,2760.1993361920545,2789.424976222323,2708.24264280491,2740.715576171875,57194,0.0,0.0
2005-10-28 00:00:00+09:00,2704.995126097742,2753.7045221259127,2643.2965577953923,2669.27490234375,48233,0.0,0.0
2005-10-31 00:00:00+09:00,2714.737333443757,2818.650724197585,2714.737333443757,2756.9521484375,137131,0.0,0.0
2005-11-01 00:00:00+09:00,2792.671990495097,2792.671990495097,2730.973423263228,2773.188232421875,28799,0.0,0.0
2005-11-02 00:00:00+09:00,2730.9735461335804,2786.1775298247467,2640.049337701071,2643.296630859375,204449,0.0,0.0
2005-11-03 00:00:00+09:00,2649.7912171759826,2679.016855600718,2610.823699276336,2643.296630859375,103750,0.0,0.0
2005-11-04 00:00:00+09:00,2643.2965021416694,2669.2748461430615,2558.866884137144,2623.812744140625,149315,0.0,0.0
2005-11-07 00:00:00+09:00,2760.1990951726466,2766.693681278935,2620.5654938874422,2630.307373046875,198355,0.0,0.0
2005-11-08 00:00:00+09:00,2643.2964152625545,2643.2964152625545,2594.5870218609107,2610.823486328125,74035,0.0,0.0
2005-11-09 00:00:00+09:00,2588.092563355999,2669.2748896846065,2584.8452703028547,2630.307373046875,81017,0.0,0.0
2005-11-10 00:00:00+09:00,2620.565662785089,2662.780475196745,2620.565662785089,2656.285888671875,48664,0.0,0.0
2005-11-11 00:00:00+09:00,2656.2857300695714,2679.016781549384,2649.791143932482,2669.27490234375,60360,0.0,0.0
2005-11-14 00:00:00+09:00,2659.533329190341,2704.995437381629,2653.0387423058714,2679.01708984375,44349,0.0,0.0
2005-11-15 00:00:00+09:00,2679.0169198172434,2766.6938371930805,2679.0169198172434,2727.726318359375,84707,0.0,0.0
2005-11-16 00:00:00+09:00,2747.2100777762275,2763.446543956938,2714.7371454148065,2727.726318359375,59143,0.0,0.0
2005-11-17 00:00:00+09:00,2727.7261811205617,2760.199111848188,2724.4788880477995,2743.962646484375,49646,0.0,0.0
2005-11-18 00:00:00+09:00,2734.220788545361,2756.951840231605,2708.2424437610816,2747.2099609375,53319,0.0,0.0
2005-11-21 00:00:00+09:00,2773.18856078817,2808.908788151952,2753.704800407925,2786.177734375,55842,0.0,0.0
2005-11-22 00:00:00+09:00,2805.6616142165494,2805.6616142165494,2750.457624122011,2766.694091796875,37763,0.0,0.0
2005-11-23 00:00:00+09:00,2779.6835496771077,2779.6835496771077,2734.221435546875,2734.221435546875,45555,0.0,0.0
2005-11-24 00:00:00+09:00,2714.7371139705883,2779.6829779411764,2714.7371139705883,2760.19921875,50607,0.0,0.0
2005-11-25 00:00:00+09:00,2747.2103373209634,2805.66162109375,2747.2103373209634,2805.66162109375,65356,0.0,0.0
2005-11-28 00:00:00+09:00,2864.112698808278,2864.112698808278,2799.1668326221493,2812.156005859375,50731,0.0,0.0
2005-11-29 00:00:00+09:00,2818.6505284018767,3188.8419572472844,2792.6721825179884,2877.101806640625,307419,0.0,0.0
2005-11-30 00:00:00+09:00,2922.5640070676272,2961.5315271618624,2857.6181402439024,2929.05859375,68825,0.0,0.0
2005-12-01 00:00:00+09:00,2922.563911664604,3084.9285734237483,2893.338272547958,2951.78955078125,118929,0.0,0.0
2005-12-02 00:00:00+09:00,3003.745999970661,3065.444566456545,2942.0474334847772,3026.47705078125,84276,0.0,0.0
2005-12-05 00:00:00+09:00,3114.1542629118885,3240.798701132497,3029.7246374314827,3221.31494140625,120884,0.0,0.0
2005-12-06 00:00:00+09:00,3221.3151093750002,3286.260978515625,3065.4450234375,3247.29345703125,139072,0.0,0.0
2005-12-07 00:00:00+09:00,3247.2928076675257,3247.2928076675257,3130.3902665914948,3149.8740234375,138937,0.0,0.0
2005-12-08 00:00:00+09:00,3110.906835035132,3195.336456862808,3110.906835035132,3162.863525390625,52503,0.0,0.0
2005-12-09 00:00:00+09:00,3195.336830357143,3195.336830357143,3117.401785714286,3182.34765625,106358,0.0,0.0
2005-12-12 00:00:00+09:00,3123.8958089859757,3179.099788978451,3117.401223104508,3169.35791015625,50349,0.0,0.0
2005-12-13 00:00:00+09:00,3127.143332808938,3205.078369140625,3117.4014532674773,3205.078369140625,34021,0.0,0.0
2005-12-14 00:00:00+09:00,3208.3257048233695,3266.7769828464675,3162.8635996942935,3211.572998046875,26947,0.0,0.0
2005-12-15 00:00:00+09:00,3227.8096962890627,3247.29345703125,3182.347587890625,3247.29345703125,33140,0.0,0.0
2005-12-16 00:00:00+09:00,3208.3257260101013,3240.798658459596,3127.1433948863637,3214.8203125,69070,0.0,0.0
2005-12-19 00:00:00+09:00,3182.347716685597,3344.712396108331,3182.347716685597,3305.744873046875,60928,0.0,0.0
2005-12-20 00:00:00+09:00,3357.7012986403247,3396.6688185471758,3266.777085524339,3377.18505859375,85865,0.0,0.0
2005-12-21 00:00:00+09:00,3377.1854639237454,3403.1638136462357,3325.228764478765,3364.1962890625,53267,0.0,0.0
2005-12-22 00:00:00+09:00,3344.7121917126224,3403.163472732843,3299.250084252451,3312.2392578125,59419,0.0,0.0
2005-12-23 00:00:00+09:00,3266.777085524339,3500.582204965445,3266.777085524339,3377.18505859375,80031,0.0,0.0
2005-12-26 00:00:00+09:00,3383.6793724937775,3734.387023385647,3383.6793724937775,3669.441162109375,89121,0.0,0.0
2005-12-27 00:00:00+09:00,3747.3766819960406,3857.7846604950573,3643.463290467554,3818.817138671875,101522,0.0,0.0
2005-12-28 00:00:00+09:00,3698.854390807071,3932.115478515625,3698.854390807071,3932.115478515625,82285,150.0,0.0
2005-12-29 00:00:00+09:00,3858.8044831421525,4005.425724297813,3858.8044831421525,3885.462890625,57404,0.0,0.0
2006-01-02 00:00:00+09:00,3892.127699497768,3992.096732875279,3698.854234967913,3732.17724609375,93698,0.0,0.0
2006-01-03 00:00:00+09:00,3785.4936200245975,3785.4936200245975,3532.238765163797,3725.51220703125,109637,0.0,0.0
2006-01-04 00:00:00+09:00,3812.151956551535,4132.052820038377,3645.5369234854716,3798.82275390625,145831,0.0,0.0
2006-01-05 00:00:00+09:00,3785.494302542098,3932.115560739151,3765.5004946061363,3858.804931640625,90741,0.0,0.0
2006-01-06 00:00:00+09:00,3998.76121547035,3998.76121547035,3878.7983790062394,3905.456787109375,34571,0.0,0.0
2006-01-09 00:00:00+09:00,3865.4689138527683,3978.767140638108,3838.8105075503354,3972.1025390625,64551,0.0,0.0
2006-01-10 00:00:00+09:00,3938.779689414828,4112.059337341708,3932.115087571487,4078.736328125,52451,0.0,0.0
2006-01-11 00:00:00+09:00,4032.0842195883847,4318.662106269873,4032.0842195883847,4192.03466796875,78576,0.0,0.0
2006-01-12 00:00:00+09:00,4158.711615830838,4498.606315201629,4158.711615830838,4451.9541015625,81658,0.0,0.0
2006-01-13 00:00:00+09:00,4451.953558349609,4458.618159484863,4172.0403106689455,4265.3447265625,139421,0.0,0.0
2006-01-16 00:00:00+09:00,4265.345445736434,4331.991468326066,4132.053400557171,4298.66845703125,109726,0.0,0.0
2006-01-17 00:00:00+09:00,4298.668300222327,4398.637330460056,4132.053249826114,4192.03466796875,178002,0.0,0.0
2006-01-18 00:00:00+09:00,4172.040212470794,4172.040212470794,3565.5615234375,3565.5615234375,527644,0.0,0.0
2006-01-19 00:00:00+09:00,3465.5929487179487,3598.8849852071003,3232.331884861933,3378.953125,406044,0.0,0.0
2006-01-20 00:00:00+09:00,3518.910029364849,3518.910029364849,2872.443603515625,2872.443603515625,711763,0.0,0.0
2006-01-23 00:00:00+09:00,2619.1886151197987,2632.517819267991,2442.57666015625,2442.57666015625,558509,0.0,0.0
2006-01-24 00:00:00+09:00,2392.592530004529,2425.9155457427537,2079.3561820652176,2299.2880859375,973110,0.0,0.0
2006-01-25 00:00:00+09:00,2322.613543247064,2642.514404296875,2322.613543247064,2642.514404296875,729580,0.0,0.0
2006-01-26 00:00:00+09:00,2619.188901000681,2752.48095703125,2399.2570085502425,2752.48095703125,537204,0.0,0.0
2006-01-27 00:00:00+09:00,2825.791224729499,2945.7540597416,2772.4744091685648,2925.76025390625,257075,0.0,0.0
2006-01-31 00:00:00+09:00,2892.436944785815,2985.7413623595507,2839.12013474368,2965.74755859375,249036,0.0,0.0
2006-02-01 00:00:00+09:00,2929.092614900613,2932.4249159414558,2522.5518879178207,2632.517822265625,673896,0.0,0.0
2006-02-02 00:00:00+09:00,2762.4775628584853,2762.4775628584853,2432.579759815071,2632.517822265625,803987,0.0,0.0
2006-02-03 00:00:00+09:00,2485.8963698857337,2645.8468065539846,2485.8963698857337,2629.185302734375,322618,0.0,0.0
2006-02-06 00:00:00+09:00,2599.194750465132,3022.39697265625,2599.194750465132,3022.39697265625,605027,0.0,0.0
2006-02-07 00:00:00+09:00,3029.061664350881,3092.37538450783,2899.101922976091,2979.0771484375,301416,0.0,0.0
2006-02-08 00:00:00+09:00,2989.0740901837066,3169.018349793428,2979.0771868720553,3005.735595703125,402893,0.0,0.0
2006-02-09 00:00:00+09:00,3065.7171044869206,3159.0215381017397,2979.07727327316,3089.043212890625,370770,0.0,0.0
2006-02-10 00:00:00+09:00,3132.362691588321,3172.350300417108,3029.0613687806213,3145.69189453125,271031,0.0,0.0
2006-02-13 00:00:00+09:00,3132.362691588321,3169.017999681376,3049.0551731950145,3145.69189453125,227335,0.0,0.0
2006-02-14 00:00:00+09:00,3072.381398607337,3132.3628141983695,2992.4061778192936,3065.716796875,156109,0.0,0.0
2006-02-15 00:00:00+09:00,3079.0459914434523,3119.0336017219383,2929.092452899128,2939.08935546875,154525,0.0,0.0
2006-02-16 00:00:00+09:00,2892.436987304687,2965.74760219029,2665.8405412946427,2799.132568359375,465215,0.0,0.0
2006-02-17 00:00:00+09:00,2799.132991307218,2865.7790149097714,2765.809979505942,2839.12060546875,151826,0.0,0.0
2006-02-20 00:00:00+09:00,2799.1331499392163,2912.431396484375,2799.1331499392163,2912.431396484375,147257,0.0,0.0
2006-02-21 00:00:00+09:00,2919.0957425611055,3225.667441551541,2915.7634414851223,3135.6953125,352981,0.0,0.0
2006-02-22 00:00:00+09:00,3252.3253463273195,3252.3253463273195,3059.0519138611467,3232.33154296875,321373,0.0,0.0
2006-02-23 00:00:00+09:00,3292.3137244102495,3292.3137244102495,3059.052630575515,3072.3818359375,425486,0.0,0.0
2006-02-24 00:00:00+09:00,3085.71097461774,3152.3569999874535,2972.4127314892266,3112.369384765625,563061,0.0,0.0
2006-02-27 00:00:00+09:00,3119.0333004568106,3119.0333004568106,3002.402781743148,3009.0673828125,263258,0.0,0.0
2006-02-28 00:00:00+09:00,2985.7418968023253,3005.735704146984,2862.446751510265,2865.779052734375,379303,0.0,0.0
2006-03-02 00:00:00+09:00,2839.1204783818494,2965.7479175585045,2829.123575288955,2919.095703125,290861,0.0,0.0
2006-03-03 00:00:00+09:00,2945.753718583185,2959.0829209297153,2752.4802845584964,2809.12939453125,280281,0.0,0.0
2006-03-06 00:00:00+09:00,2772.473865131579,3165.685302734375,2705.8278587582236,3165.685302734375,698619,0.0,0.0
2006-03-07 00:00:00+09:00,3119.0337357954545,3192.344357790647,2859.1142578125,2859.1142578125,1052171,0.0,0.0
2006-03-08 00:00:00+09:00,2849.117315314798,2919.0956353400734,2749.148286707261,2832.455810546875,262355,0.0,0.0
2006-03-09 00:00:00+09:00,2865.779052734375,3089.043234749727,2865.779052734375,2865.779052734375,502610,0.0,0.0
2006-03-10 00:00:00+09:00,3132.362851519527,3199.008869636964,2995.7385143787815,3029.0615234375,2101203,0.0,0.0
2006-03-13 00:00:00+09:00,2949.086807729475,3062.385057969929,2855.782366354983,2869.111572265625,1043818,0.0,0.0
2006-03-14 00:00:00+09:00,2832.455655843905,2869.110964331296,2645.846812635365,2692.4990234375,759217,0.0,0.0
2006-03-15 00:00:00+09:00,2699.163746553309,2752.480561300041,2549.210205078125,2549.210205078125,599256,0.0,0.0
2006-03-16 00:00:00+09:00,2545.8778389084505,2572.5362455985914,2345.9397887323944,2365.93359375,484088,0.0,0.0
2006-03-17 00:00:00+09:00,2319.281635044643,2422.5829722377234,2279.2940206473218,2332.61083984375,429555,0.0,0.0
2006-03-20 00:00:00+09:00,2339.2756367722604,2442.576982555651,2312.617224957192,2432.580078125,478062,0.0,0.0
2006-03-21 00:00:00+09:00,2409.2536614157934,2455.905876159668,2332.610737193714,2345.93994140625,291085,0.0,0.0
2006-03-22 00:00:00+09:00,2345.939568014706,2349.271868537454,2265.96435546875,2265.96435546875,339378,0.0,0.0
2006-03-23 00:00:00+09:00,2282.625888824463,2319.281195068359,2072.6909530639646,2132.67236328125,246507,0.0,0.0
2006-03-24 00:00:00+09:00,2116.0110806551847,2222.6447099165484,2052.69736328125,2199.318603515625,464099,0.0,0.0
2006-03-27 00:00:00+09:00,2139.3373507861024,2219.3125788528723,2139.3373507861024,2146.001953125,227536,0.0,0.0
2006-03-28 00:00:00+09:00,2252.6355502530464,2265.964754692414,2119.343505859375,2119.343505859375,562174,0.0,0.0
2006-03-29 00:00:00+09:00,2052.697306315104,2066.0265096028643,1989.3835906982422,1999.3804931640625,376337,0.0,0.0
2006-03-30 00:00:00+09:00,2009.3773956298828,2029.3712005615234,1972.7220865885415,1999.3804931640625,273608,0.0,0.0
2006-03-31 00:00:00+09:00,1999.3805333187706,2059.3619493183337,1999.3805333187706,2026.0389404296875,243047,0.0,0.0
2006-04-03 00:00:00+09:00,2046.0328814428558,2155.9988180676346,2039.3682792231723,2119.343505859375,294599,0.0,0.0
2006-04-04 00:00:00+09:00,2119.3431766633066,2142.669280808972,2056.0294654107865,2066.0263671875,239608,0.0,0.0
2006-04-05 00:00:00+09:00,2069.3590262276784,2146.001953125,2066.0267250582297,2146.001953125,217328,0.0,0.0
2006-04-06 00:00:00+09:00,2146.0019017269738,2215.980224609375,2139.337299547697,2152.66650390625,256215,0.0,0.0
2006-04-07 00:00:00+09:00,2199.318705847724,2222.6448133339873,2122.67578125,2122.67578125,261009,0.0,0.0
2006-04-10 00:00:00+09:00,2169.3278952858664,2222.6447099165484,2139.3371870561077,2199.318603515625,515446,0.0,0.0
2006-04-11 00:00:00+09:00,2352.6045931890235,2529.216552734375,2299.2877752130685,2529.216552734375,2065003,0.0,0.0
2006-04-12 00:00:00+09:00,2365.933706263848,2392.5921142217503,2219.3124624953844,2255.9677734375,945938,0.0,0.0
2006-04-13 00:00:00+09:00,2299.2876309481535,2299.2876309481535,2199.318603515625,2199.318603515625,288591,0.0,0.0
2006-04-14 00:00:00+09:00,2219.3123726539216,2245.970779532647,2205.9831692145585,2235.973876953125,264135,0.0,0.0
2006-04-17 00:00:00+09:00,2305.952517760712,2365.9339416331004,2285.958709803249,2352.604736328125,754052,0.0,0.0
2006-04-18 00:00:00+09:00,2309.2845455228367,2312.616846454327,2165.99560546875,2165.99560546875,554976,0.0,0.0
2006-04-19 00:00:00+09:00,2185.9893814280063,2202.650885859622,2106.01416015625,2106.01416015625,296707,0.0,0.0
2006-04-20 00:00:00+09:00,2109.346489241724,2132.6725957578255,2006.0451603847046,2022.7066650390625,246688,0.0,0.0
2006-04-21 00:00:00+09:00,1999.3805280128465,2049.365041213168,1999.3805280128465,2042.700439453125,177046,0.0,0.0
2006-04-24 00:00:00+09:00,2155.998473003978,2209.3152822281872,2002.712646484375,2002.712646484375,1015446,0.0,0.0
2006-04-25 00:00:00+09:00,1986.0515500150502,2019.3745625991955,1899.4117172962729,1902.7440185546875,314610,0.0,0.0
2006-04-26 00:00:00+09:00,1902.7438340882288,1942.7314453124998,1889.414630346805,1942.7314453125,209889,0.0,0.0
2006-04-27 00:00:00+09:00,1926.0698700213802,1959.3928781532381,1926.0698700213802,1936.0667724609375,121530,0.0,0.0
2006-04-28 00:00:00+09:00,1919.405383425768,1952.7283935546875,1919.405383425768,1952.7283935546875,116507,0.0,0.0
2006-05-02 00:00:00+09:00,1986.0512799372439,2032.7034912109375,1972.7220767161884,2032.7034912109375,240242,0.0,0.0
2006-05-03 00:00:00+09:00,2016.04202603254,2182.6570695063037,2012.7097251630646,2139.337158203125,245788,0.0,0.0
2006-05-04 00:00:00+09:00,2139.337376524835,2192.6541958774787,2099.3497620103517,2142.669677734375,143896,0.0,0.0
2006-05-08 00:00:00+09:00,2185.989581279574,2185.989581279574,2106.014352696175,2112.678955078125,166996,0.0,0.0
2006-05-09 00:00:00+09:00,2159.331257705804,2215.980380207345,2102.682135204263,2195.986572265625,160265,0.0,0.0
2006-05-10 00:00:00+09:00,2199.3184747613473,2319.281300657421,2199.3184747613473,2312.61669921875,211416,0.0,0.0
2006-05-11 00:00:00+09:00,2269.297371773098,2312.6172922327896,2252.6358639039854,2299.2880859375,87701,0.0,0.0
2006-05-12 00:00:00+09:00,2265.9645443257737,2369.265869140625,2235.973837121462,2369.265869140625,152633,0.0,0.0
2006-05-15 00:00:00+09:00,2372.5984542410715,2372.5984542410715,2279.2940206473218,2332.61083984375,183056,0.0,0.0
2006-05-16 00:00:00+09:00,2305.9521484375,2422.5826761763906,2299.2875468524203,2305.9521484375,182872,0.0,0.0
2006-05-17 00:00:00+09:00,2322.613682878521,2375.9304962588026,2292.6229753521125,2365.93359375,105472,0.0,0.0
2006-05-18 00:00:00+09:00,2325.9458766580487,2325.9458766580487,2282.6259677804633,2315.948974609375,158110,0.0,0.0
2006-05-19 00:00:00+09:00,2285.9586230468753,2339.2754422433036,2285.9586230468753,2332.61083984375,88572,0.0,0.0
2006-05-22 00:00:00+09:00,2449.241062121445,2449.241062121445,2345.939738412921,2372.59814453125,55812,0.0,0.0
2006-05-23 00:00:00+09:00,2335.942836118548,2419.250355238325,2332.610535353757,2372.59814453125,106363,0.0,0.0
2006-05-24 00:00:00+09:00,2392.591746690538,2399.25634765625,2345.9395399305554,2399.25634765625,55207,0.0,0.0
2006-05-25 00:00:00+09:00,2382.5947016710675,2445.9084070301587,2369.265500542838,2385.927001953125,72399,0.0,0.0
2006-05-26 00:00:00+09:00,2399.2566215701218,2459.238037109375,2399.2566215701218,2459.238037109375,69684,0.0,0.0
2006-05-29 00:00:00+09:00,2505.8897363030205,2625.852542828165,2479.2313348529883,2592.529541015625,105814,0.0,0.0
2006-05-30 00:00:00+09:00,2585.8653771033655,2665.840594951923,2482.5640540489785,2599.194580078125,162830,0.0,0.0
2006-06-01 00:00:00+09:00,2585.8658948396383,2632.5181145919,2512.55526380037,2532.549072265625,73254,0.0,0.0
2006-06-02 00:00:00+09:00,2562.5391538072845,2562.5391538072845,2445.908633152857,2485.896240234375,186024,0.0,0.0
2006-06-05 00:00:00+09:00,2452.5738869863017,2499.2261076626714,2419.2508722174657,2432.580078125,63106,0.0,0.0
2006-06-07 00:00:00+09:00,2365.933540068477,2365.933540068477,2212.647705078125,2212.647705078125,147929,0.0,0.0
2006-06-08 00:00:00+09:00,2146.0020975869083,2299.2879617002586,2099.3498780741493,2252.6357421875,93205,0.0,0.0
2006-06-09 00:00:00+09:00,2295.955097602519,2432.5794212624655,2265.964392408872,2422.58251953125,72971,0.0,0.0
2006-06-12 00:00:00+09:00,2399.256796875,2515.8873356119793,2399.256796875,2499.225830078125,41967,0.0,0.0
2006-06-13 00:00:00+09:00,2422.5825290219714,2529.2161479060196,2419.250228431845,2485.896240234375,40002,0.0,0.0
2006-06-14 00:00:00+09:00,2485.8964131673174,2572.5362345377603,2465.902608235677,2559.20703125,59904,0.0,0.0
2006-06-15 00:00:00+09:00,2599.194461945565,2599.194461945565,2512.554646547379,2582.532958984375,48241,0.0,0.0
2006-06-16 00:00:00+09:00,2585.8658948396383,2645.847320235403,2532.549072265625,2532.549072265625,73055,0.0,0.0
2006-06-19 00:00:00+09:00,2572.5360555776642,2572.5360555776642,2479.231639054122,2485.896240234375,52585,0.0,0.0
2006-06-20 00:00:00+09:00,2485.8964183017592,2519.2194265899866,2439.2442066982408,2462.5703125,46077,0.0,0.0
2006-06-21 00:00:00+09:00,2499.2259052963855,2552.542724609375,2465.902893225767,2552.542724609375,17231,0.0,0.0
2006-06-22 00:00:00+09:00,2592.5302477384867,2659.17626953125,2532.548828125,2659.17626953125,56364,0.0,0.0
2006-06-23 00:00:00+09:00,2632.5178736962644,2672.5054869676,2579.20105600115,2625.853271484375,45144,0.0,0.0
2006-06-26 00:00:00+09:00,2599.1947998046876,2692.499228515625,2599.1947998046876,2665.8408203125,57315,0.0,0.0
2006-06-27 00:00:00+09:00,2665.840677999372,2705.8282881693626,2652.511474609375,2652.511474609375,31537,0.0,0.0
2006-06-28 00:00:00+09:00,2632.5174373322466,2715.824951171875,2532.548420724693,2715.824951171875,85639,0.0,0.0
2006-06-29 00:00:00+09:00,2773.3209311097016,2800.3777206815034,2739.499944144949,2749.646240234375,32816,60.0,0.0
2006-06-30 00:00:00+09:00,2749.6462192035347,2803.7597979332477,2688.768443132608,2709.06103515625,45098,0.0,0.0
2006-07-03 00:00:00+09:00,2739.5001892089845,2739.5001892089845,2688.7687042236325,2705.67919921875,30356,0.0,0.0
2006-07-04 00:00:00+09:00,2732.7353777629573,2776.7026548804306,2705.6785918445125,2773.320556640625,36181,0.0,0.0
2006-07-05 00:00:00+09:00,2692.1502483060576,2895.0761464195793,2692.1502483060576,2854.490966796875,81870,0.0,0.0
2006-07-06 00:00:00+09:00,2854.4915479203346,2895.0767358054577,2807.1421620543574,2881.54833984375,42194,0.0,0.0
2006-07-07 00:00:00+09:00,2840.963151958627,2901.840933786312,2840.963151958627,2881.54833984375,71543,0.0,0.0
2006-07-10 00:00:00+09:00,2888.312274463291,2888.312274463291,2840.9628929147125,2884.93017578125,22140,0.0,0.0
2006-07-11 00:00:00+09:00,2908.604866555539,2908.604866555539,2861.2554850069605,2884.93017578125,15959,0.0,0.0
2006-07-12 00:00:00+09:00,2888.3119934438964,2901.8403868558116,2847.726813208151,2891.694091796875,38752,0.0,0.0
2006-07-13 00:00:00+09:00,2840.9630036157023,2884.930288195469,2840.9630036157023,2864.6376953125,41546,0.0,0.0
2006-07-14 00:00:00+09:00,2773.3207686190117,2861.2553295752246,2736.117685137537,2824.05224609375,76211,0.0,0.0
2006-07-18 00:00:00+09:00,2820.67035558364,2874.783935546875,2766.556775620404,2874.783935546875,45037,0.0,0.0
2006-07-19 00:00:00+09:00,2874.783728257665,2881.5479252653304,2807.141758181014,2868.01953125,16236,0.0,0.0
2006-07-20 00:00:00+09:00,2820.6699837779547,2871.4014583063354,2820.6699837779547,2854.490966796875,15195,0.0,0.0
2006-07-21 00:00:00+09:00,2820.6697495058356,2847.7265336737573,2732.7352009600904,2807.141357421875,57037,0.0,0.0
2006-07-24 00:00:00+09:00,2800.377701742936,2800.377701742936,2715.8252349028717,2753.0283203125,25920,0.0,0.0
2006-07-25 00:00:00+09:00,2742.8816187917682,2783.466796875,2739.4995206181657,2783.466796875,20367,0.0,0.0
2006-07-26 00:00:00+09:00,2773.320556640625,2790.2310478396535,2753.0279672017914,2773.320556640625,29514,0.0,0.0
2006-07-27 00:00:00+09:00,2715.825531871339,2780.0854136964394,2715.825531871339,2742.88232421875,19443,0.0,0.0
2006-07-28 00:00:00+09:00,2705.678771219136,2739.499755859375,2705.678771219136,2739.499755859375,12509,0.0,0.0
2006-07-31 00:00:00+09:00,2800.3780055370144,2800.3780055370144,2732.7360247269417,2786.849609375,33525,0.0,0.0
2006-08-01 00:00:00+09:00,2759.792631519784,2834.1988054087983,2759.792631519784,2820.67041015625,24545,0.0,0.0
2006-08-02 00:00:00+09:00,2776.702705853358,2942.4255226460677,2776.702705853358,2854.490966796875,50956,0.0,0.0
2006-08-03 00:00:00+09:00,2868.0191361350576,2942.42529296875,2868.0191361350576,2942.42529296875,44651,0.0,0.0
2006-08-04 00:00:00+09:00,2959.3360537574404,2993.157037228954,2915.3687752444725,2983.0107421875,21381,0.0,0.0
2006-08-07 00:00:00+09:00,2993.1568830396595,3030.3599629418472,2942.425410445767,2966.10009765625,36279,0.0,0.0
2006-08-08 00:00:00+09:00,2966.100378627232,2972.8645756138394,2939.0435906808034,2959.336181640625,36145,0.0,0.0
2006-08-09 00:00:00+09:00,2939.043617621528,3057.417065972222,2939.043617621528,3043.888671875,49612,0.0,0.0
2006-08-10 00:00:00+09:00,3050.653207384017,3081.092097479867,3010.0680205895515,3070.94580078125,32033,0.0,0.0
2006-08-11 00:00:00+09:00,3043.8887088495267,3070.9454973726333,3037.12451171875,3037.12451171875,43390,0.0,0.0
2006-08-14 00:00:00+09:00,3064.180953739466,3064.180953739466,2983.0105973490167,3010.0673828125,10854,0.0,0.0
2006-08-16 00:00:00+09:00,2996.5393654959544,3040.506647382464,2952.5720836094447,3030.3603515625,25213,0.0,0.0
2006-08-17 00:00:00+09:00,3040.5063584149893,3040.5063584149893,2983.0106875662073,2993.156982421875,23560,0.0,0.0
2006-08-18 00:00:00+09:00,2976.247069218925,3043.8890480648092,2976.247069218925,3020.21435546875,18972,0.0,0.0
2006-08-21 00:00:00+09:00,2993.157563930396,3037.124850180221,2993.157563930396,3020.21435546875,7659,0.0,0.0
2006-08-22 00:00:00+09:00,3040.5066323081214,3077.709716796875,3023.596139358688,3077.709716796875,33643,0.0,0.0
2006-08-23 00:00:00+09:00,3077.709490919795,3091.2378842864755,3030.360114136414,3074.327392578125,28603,0.0,0.0
2006-08-24 00:00:00+09:00,3057.4171252575547,3108.148604105855,3040.5066323081214,3077.709716796875,19455,0.0,0.0
2006-08-25 00:00:00+09:00,3050.6531700721157,3094.6204552283657,2976.2469951923076,3033.74267578125,38755,0.0,0.0
2006-08-28 00:00:00+09:00,3084.473391755166,3084.473391755166,2840.9623345113373,2945.807373046875,47641,0.0,0.0
2006-08-29 00:00:00+09:00,2908.6043303635643,2955.953703183436,2857.87285948513,2939.043212890625,87279,0.0,0.0
2006-08-30 00:00:00+09:00,2942.425485164561,2942.425485164561,2861.255126953125,2861.255126953125,109980,0.0,0.0
2006-08-31 00:00:00+09:00,2864.6374191673617,2939.0435858989813,2840.9627297527554,2915.368896484375,78350,0.0,0.0
2006-09-01 00:00:00+09:00,2915.369177519923,2976.246956168831,2854.491398871015,2864.6376953125,53809,0.0,0.0
2006-09-04 00:00:00+09:00,2874.783728257665,2891.694220776828,2820.6701521963446,2868.01953125,74573,0.0,0.0
2006-09-05 00:00:00+09:00,2888.312330537684,2888.312330537684,2854.4913430606616,2874.783935546875,23995,0.0,0.0
2006-09-06 00:00:00+09:00,2878.1656549101194,2905.2224413252557,2854.490966796875,2854.490966796875,24684,0.0,0.0
2006-09-07 00:00:00+09:00,2854.4911961410985,2901.840576171875,2830.81650612571,2901.840576171875,24566,0.0,0.0
2006-09-08 00:00:00+09:00,2905.2228071424697,2922.13330078125,2888.3123135036894,2922.13330078125,18284,0.0,0.0
2006-09-11 00:00:00+09:00,2922.1334134615386,3030.360576923077,2922.1334134615386,2989.775390625,45632,0.0,0.0
2006-09-12 00:00:00+09:00,2989.775390625,3023.596379206731,2989.775390625,2989.775390625,12414,0.0,0.0
2006-09-13 00:00:00+09:00,3033.742297650989,3033.742297650989,2993.1571164115107,3013.44970703125,10250,0.0,0.0
2006-09-14 00:00:00+09:00,3016.8322576349433,3070.945840731534,2976.2470703125,2976.2470703125,17910,0.0,0.0
2006-09-15 00:00:00+09:00,2976.2469951923076,3003.3037860576924,2969.482797475962,2989.775390625,13471,0.0,0.0
2006-09-18 00:00:00+09:00,2989.7748841366524,3016.831670418432,2939.0434098583155,2993.156982421875,28081,0.0,0.0
2006-09-19 00:00:00+09:00,2996.5391355761053,3003.303332270408,2935.6613653273807,2983.0107421875,38247,0.0,0.0
2006-09-20 00:00:00+09:00,2955.954288058811,3006.685768975152,2908.604905870226,2922.13330078125,72527,0.0,0.0
2006-09-21 00:00:00+09:00,2895.0764557201555,2949.1900343317475,2895.0764557201555,2932.279541015625,45476,0.0,0.0
2006-09-22 00:00:00+09:00,2901.8405025331713,2959.336176825787,2901.8405025331713,2915.368896484375,15438,0.0,0.0
2006-09-25 00:00:00+09:00,2878.1660173204214,2935.6616956922744,2878.1660173204214,2922.13330078125,9959,0.0,0.0
2006-09-26 00:00:00+09:00,2915.368508665589,2966.099979234016,2915.368508665589,2942.42529296875,14664,0.0,0.0
2006-09-27 00:00:00+09:00,3003.3030393405566,3003.3030393405566,2942.4252750295996,2945.807373046875,10422,0.0,0.0
2006-09-28 00:00:00+09:00,3003.3035183127868,3003.3035183127868,2949.18994140625,2949.18994140625,12172,0.0,0.0
2006-09-29 00:00:00+09:00,2989.775105374785,2989.775105374785,2945.8078244133917,2952.572021484375,19880,0.0,0.0
2006-10-02 00:00:00+09:00,2939.0432764949514,2996.538944734784,2939.0432764949514,2972.8642578125,25213,0.0,0.0
2006-10-04 00:00:00+09:00,3003.30324309593,3003.30324309593,2898.4581974473112,2908.6044921875,15815,0.0,0.0
2006-10-09 00:00:00+09:00,2908.6049517463234,2935.6617419951262,2472.314208984375,2472.314208984375,327952,0.0,0.0
2006-10-10 00:00:00+09:00,2472.314192880112,2631.2728345563983,2468.932094121042,2563.630859375,163213,0.0,0.0
2006-10-11 00:00:00+09:00,2536.5738592751095,2590.687434939645,2441.875101862172,2512.899169921875,116938,0.0,0.0
2006-10-12 00:00:00+09:00,2475.6959155209693,2614.3619435761057,2475.6959155209693,2590.687255859375,48419,0.0,0.0
2006-10-13 00:00:00+09:00,2671.8580049978464,2725.971584845904,2634.6549188523068,2698.914794921875,66831,0.0,0.0
2006-10-16 00:00:00+09:00,2709.060879502,2827.434326171875,2709.060879502,2827.434326171875,34191,0.0,0.0
2006-10-17 00:00:00+09:00,2827.4339160872555,2857.8727979590085,2570.3944691702322,2766.55615234375,59964,0.0,0.0
2006-10-18 00:00:00+09:00,2753.0285815961715,2803.76006651502,2739.500185617812,2793.61376953125,30334,0.0,0.0
2006-10-19 00:00:00+09:00,2803.7594139174657,2803.7594139174657,2732.7353515625,2732.7353515625,23289,0.0,0.0
2006-10-20 00:00:00+09:00,2790.2317084155034,2803.760104577518,2749.64651992946,2786.849609375,7231,0.0,0.0
2006-10-23 00:00:00+09:00,2803.7595169209985,2905.2224668698886,2803.7595169209985,2895.076171875,29755,0.0,0.0
2006-10-24 00:00:00+09:00,2932.279044697964,2983.0105160595203,2915.3685542441117,2979.62841796875,60460,0.0,0.0
2006-10-25 00:00:00+09:00,3016.8321814903848,3016.8321814903848,2945.80810546875,2989.775390625,34161,0.0,0.0
2006-10-26 00:00:00+09:00,3020.2138055302416,3026.978002183165,2942.425544021624,2986.392822265625,18135,0.0,0.0
2006-10-27 00:00:00+09:00,2966.099961150527,3026.9777254614846,2911.986392874121,2945.807373046875,89839,0.0,0.0
2006-10-30 00:00:00+09:00,2972.8647223657968,2972.8647223657968,2884.930157199118,2888.312255859375,43634,0.0,0.0
2006-10-31 00:00:00+09:00,2861.2553298537796,3003.303466796875,2861.2553298537796,3003.303466796875,26132,0.0,0.0
2006-11-01 00:00:00+09:00,3043.888592960858,3043.888592960858,2955.9540336086557,3013.44970703125,17953,0.0,0.0
2006-11-02 00:00:00+09:00,2969.4825183188136,2996.539306640625,2908.604744594738,2996.539306640625,46298,0.0,0.0
2006-11-03 00:00:00+09:00,2996.5394947579794,3016.8320872732706,2949.1901122223003,3006.685791015625,15532,0.0,0.0
2006-11-06 00:00:00+09:00,3020.213668423069,3020.213668423069,2962.717999483324,2966.10009765625,36407,0.0,0.0
2006-11-07 00:00:00+09:00,3003.3030576508622,3010.0672537266523,2942.42529296875,2942.42529296875,30806,0.0,0.0
2006-11-08 00:00:00+09:00,2986.3927518622822,2986.3927518622822,2908.6044921875,2908.6044921875,35618,0.0,0.0
2006-11-09 00:00:00+09:00,2952.5716595022013,2952.5716595022013,2895.0759914477485,2928.89697265625,21284,0.0,0.0
2006-11-10 00:00:00+09:00,2949.18948904454,2972.864175309806,2898.4580184761135,2942.42529296875,23175,0.0,0.0
2006-11-13 00:00:00+09:00,2972.86463130286,2972.86463130286,2901.8405616130303,2949.18994140625,44051,0.0,0.0
2006-11-14 00:00:00+09:00,2922.133561643836,2976.2471461187215,2922.133561643836,2962.71875,9909,0.0,0.0
2006-11-15 00:00:00+09:00,2969.48291015625,3010.068097994377,2955.954514210208,2969.48291015625,25462,0.0,0.0
2006-11-16 00:00:00+09:00,2935.661547179616,2966.1004341895427,2922.1331529529816,2949.18994140625,20929,0.0,0.0
2006-11-17 00:00:00+09:00,2942.425702988894,2949.189900007259,2901.840520878702,2911.98681640625,31477,0.0,0.0
2006-11-20 00:00:00+09:00,2881.547598964348,2942.4253651396507,2881.547598964348,2928.89697265625,39950,0.0,0.0
2006-11-21 00:00:00+09:00,2969.482077271911,2969.482077271911,2898.4580184761135,2942.42529296875,21976,0.0,0.0
2006-11-22 00:00:00+09:00,2908.604905870226,2942.4258931477866,2908.604905870226,2922.13330078125,13676,0.0,0.0
2006-11-23 00:00:00+09:00,2949.1900343317475,2949.1900343317475,2918.751146362727,2932.279541015625,26160,0.0,0.0
2006-11-24 00:00:00+09:00,2935.6610789950487,2949.1894710641504,2881.547510718642,2945.807373046875,46434,0.0,0.0
2006-11-27 00:00:00+09:00,2976.246272821162,3229.9036256184204,2959.3357826346783,3172.407958984375,126638,0.0,0.0
2006-11-28 00:00:00+09:00,3172.408257958723,3240.0502250793784,2983.0107500208887,3162.261962890625,64518,0.0,0.0
2006-11-29 00:00:00+09:00,3206.2293772400026,3449.7404691822812,3165.644195249623,3361.805908203125,165403,0.0,0.0
2006-11-30 00:00:00+09:00,3368.5701052015215,3449.7404691822812,3314.456529214349,3361.805908203125,53525,0.0,0.0
2006-12-04 00:00:00+09:00,3348.2782341452203,3449.7412109375,3348.2782341452203,3449.7412109375,39812,0.0,0.0
2006-12-05 00:00:00+09:00,3429.4484802246093,3517.383056640625,3429.4484802246093,3517.383056640625,55436,0.0,0.0
2006-12-06 00:00:00+09:00,3524.1464592498482,3544.439049226335,3449.7402960027307,3483.561279296875,36450,0.0,0.0
2006-12-07 00:00:00+09:00,3483.561727777864,3530.911110485524,3368.570369773546,3402.391357421875,46377,0.0,0.0
2006-12-08 00:00:00+09:00,3402.391028923717,3436.2120133066564,3260.342894515371,3327.98486328125,81886,0.0,0.0
2006-12-11 00:00:00+09:00,3341.513201898113,3348.2773986630887,3246.81444718845,3338.131103515625,63449,0.0,0.0
2006-12-12 00:00:00+09:00,3287.3991081141216,3331.366380136224,3199.464564069917,3206.228759765625,45690,0.0,0.0
2006-12-13 00:00:00+09:00,3145.351402898366,3314.4563170326865,3145.351402898366,3311.07421875,53124,0.0,0.0
2006-12-14 00:00:00+09:00,3415.919885229145,3415.919885229145,3294.164324963552,3334.74951171875,38874,0.0,0.0
2006-12-15 00:00:00+09:00,3402.3908799694427,3402.3908799694427,3300.9279312626004,3355.04150390625,37340,0.0,0.0
2006-12-18 00:00:00+09:00,3402.3910477134727,3402.3910477134727,3324.602783203125,3324.602783203125,50104,0.0,0.0
2006-12-19 00:00:00+09:00,3300.9282783594554,3341.5134621097764,3284.017785130155,3290.781982421875,34216,0.0,0.0
2006-12-20 00:00:00+09:00,3290.7810234415188,3348.276683666088,3277.2526328004437,3287.39892578125,44975,0.0,0.0
2006-12-21 00:00:00+09:00,3240.0502250793784,3290.7817004198696,3145.3514711104613,3162.261962890625,64002,0.0,0.0
2006-12-22 00:00:00+09:00,3135.2055187830497,3179.172802217979,2725.9715729656286,2878.166015625,261770,0.0,0.0
2006-12-26 00:00:00+09:00,2834.1981415897967,2854.490729715738,2610.9796722044425,2807.141357421875,298650,0.0,0.0
2006-12-27 00:00:00+09:00,2793.312904251454,2993.8229889625727,2793.312904251454,2973.08056640625,75042,90.0,0.0
2006-12-28 00:00:00+09:00,2903.9398300438597,3076.793391355994,2903.9398300438597,2955.7958984375,59111,0.0,0.0
2007-01-02 00:00:00+09:00,2973.0814193316073,2993.823847838572,2959.2531336602974,2962.710205078125,48493,0.0,0.0
2007-01-03 00:00:00+09:00,2941.9674945822408,3007.6518452250875,2941.9674945822408,2966.1669921875,40474,0.0,0.0
2007-01-04 00:00:00+09:00,2941.9674213224416,3021.480054331156,2941.9674213224416,2993.823486328125,67623,0.0,0.0
2007-01-05 00:00:00+09:00,3028.3943941885964,3028.3943941885964,2834.798405519006,2955.7958984375,49844,0.0,0.0
2007-01-08 00:00:00+09:00,2907.3967683337983,2966.1669764927456,2903.939697265625,2903.939697265625,40614,0.0,0.0
2007-01-09 00:00:00+09:00,2917.768101991861,2966.1670989443323,2883.1973898829524,2893.568603515625,48949,0.0,0.0
2007-01-10 00:00:00+09:00,2869.3689865838915,2903.939697265625,2748.3714991978236,2903.939697265625,78698,0.0,0.0
2007-01-11 00:00:00+09:00,2910.8538641424334,2910.8538641424334,2793.313446825518,2838.25537109375,53744,0.0,0.0
2007-01-12 00:00:00+09:00,2838.255001002827,2848.626212943154,2772.5706587140894,2827.8837890625,66169,0.0,0.0
2007-01-15 00:00:00+09:00,2834.7982039541566,2952.3386172888413,2827.884061993293,2931.59619140625,92616,0.0,0.0
2007-01-16 00:00:00+09:00,2931.5963955756774,2966.167107787655,2900.482754584898,2935.053466796875,38004,0.0,0.0
2007-01-17 00:00:00+09:00,2897.0257510931847,2935.0535354154104,2834.798467656816,2865.912109375,35617,0.0,0.0
2007-01-18 00:00:00+09:00,2865.9120338284984,2938.5105292572057,2865.9120338284984,2893.568603515625,50885,0.0,0.0
2007-01-19 00:00:00+09:00,2872.8260576520647,2962.709905424572,2800.227565220424,2903.939697265625,114549,0.0,0.0
2007-01-22 00:00:00+09:00,2928.1392202092316,3007.65185546875,2883.1972959321124,3007.65185546875,156792,0.0,0.0
2007-01-23 00:00:00+09:00,3225.446961897511,3346.444436352401,3014.56564927613,3059.507568359375,991890,0.0,0.0
2007-01-24 00:00:00+09:00,3076.7930812597547,3173.591065838713,3035.308230725915,3045.679443359375,459314,0.0,0.0
2007-01-25 00:00:00+09:00,3049.1367539062503,3062.9650385044647,2997.2806866629467,3024.937255859375,161013,0.0,0.0
2007-01-26 00:00:00+09:00,2973.0812189584544,3024.9372867309853,2931.596364740429,2979.995361328125,161554,0.0,0.0
2007-01-29 00:00:00+09:00,3056.0512760272313,3163.220494982937,3024.937631814284,3118.278564453125,439618,0.0,0.0
2007-01-30 00:00:00+09:00,3180.505685763889,3180.505685763889,3090.6218294270834,3111.3642578125,251712,0.0,0.0
2007-01-31 00:00:00+09:00,3076.793247451869,3097.5356738391847,3007.6518261608153,3052.59375,134136,0.0,0.0
2007-02-01 00:00:00+09:00,3038.7657520191087,3069.87939453125,3004.19503811673,3069.87939453125,122298,0.0,0.0
2007-02-02 00:00:00+09:00,3111.3642610461507,3159.7632606624243,3069.879404232202,3132.106689453125,229948,0.0,0.0
2007-02-05 00:00:00+09:00,3187.419717761774,3218.533359258364,3156.306076265184,3183.962646484375,299524,0.0,0.0
2007-02-06 00:00:00+09:00,3194.3337003800675,3208.1619847972975,3139.0205627111486,3197.790771484375,124046,0.0,0.0
2007-02-07 00:00:00+09:00,3187.41967346991,3194.33381592863,3135.56360502951,3166.67724609375,116945,0.0,0.0
2007-02-08 00:00:00+09:00,3152.848832001103,3166.6771163519848,3128.6493343870593,3135.5634765625,122938,0.0,0.0
2007-02-09 00:00:00+09:00,3132.106320403343,3280.760373137718,3125.192178415698,3270.38916015625,293696,0.0,0.0
2007-02-12 00:00:00+09:00,3208.161394614362,3260.0174516393786,3163.219478526014,3249.646240234375,188575,0.0,0.0
2007-02-13 00:00:00+09:00,3266.9315925760475,3284.2169449177195,3208.161394614362,3249.646240234375,152009,0.0,0.0
2007-02-14 00:00:00+09:00,3256.5607784148183,3277.30320375504,3190.876431504116,3215.075927734375,154429,0.0,0.0
2007-02-15 00:00:00+09:00,3221.990178379444,3221.990178379444,3014.56591796875,3014.56591796875,432651,0.0,0.0
2007-02-16 00:00:00+09:00,2986.909332918618,3000.7376168673154,2907.3967002136087,2952.338623046875,248390,0.0,0.0
2007-02-20 00:00:00+09:00,2952.3381438499277,3000.7371298146804,2938.5098621457123,2973.08056640625,137150,0.0,0.0
2007-02-21 00:00:00+09:00,2952.3381438499277,2993.8229889625727,2935.0527917196587,2973.08056640625,182088,0.0,0.0
2007-02-22 00:00:00+09:00,3111.363790037954,3156.305711449613,3028.3940889702753,3045.679443359375,744595,0.0,0.0
2007-02-23 00:00:00+09:00,3000.738232011555,3000.738232011555,2879.74072265625,2879.74072265625,472681,0.0,0.0
2007-02-26 00:00:00+09:00,2848.6268123814793,2848.6268123814793,2731.086385657001,2734.54345703125,367546,0.0,0.0
2007-02-27 00:00:00+09:00,2717.257985229492,2779.485267333984,2717.257985229492,2765.656982421875,234425,0.0,0.0
2007-02-28 00:00:00+09:00,2489.091104822835,2689.60122160023,2489.091104822835,2634.2880859375,209095,0.0,0.0
2007-03-05 00:00:00+09:00,2620.4601677389705,2765.657169117647,2620.4601677389705,2644.65966796875,151424,0.0,0.0
2007-03-06 00:00:00+09:00,2665.4021373169585,2703.429923971286,2641.20263671875,2641.20263671875,131227,0.0,0.0
2007-03-07 00:00:00+09:00,2651.573440832103,2651.573440832103,2613.5456600639764,2634.2880859375,122530,0.0,0.0
2007-03-08 00:00:00+09:00,2679.2300809431854,2855.5407056246077,2675.773009871001,2755.28564453125,635202,0.0,0.0
2007-03-09 00:00:00+09:00,2734.5435429833806,2772.5713292954124,2703.4298996371726,2769.1142578125,151024,0.0,0.0
2007-03-12 00:00:00+09:00,2776.0281829443734,2776.0281829443734,2696.515545076726,2703.4296875,171180,0.0,0.0
2007-03-13 00:00:00+09:00,2706.8867092503647,2720.7149938442367,2655.0306420233464,2665.40185546875,145115,0.0,0.0
2007-03-14 00:00:00+09:00,2627.374429046792,2661.9451452184608,2558.2329967034557,2613.546142578125,156475,0.0,0.0
2007-03-15 00:00:00+09:00,2648.1166555878367,2655.0307982917216,2617.0030134203557,2630.831298828125,117588,0.0,0.0
2007-03-16 00:00:00+09:00,2630.8311920556266,2706.8867587116365,2630.8311920556266,2703.4296875,144824,0.0,0.0
2007-03-19 00:00:00+09:00,2675.7730339462164,2713.800816082403,2672.3159628429266,2689.601318359375,121810,0.0,0.0
2007-03-20 00:00:00+09:00,2696.515665115533,2710.3439505776637,2658.487880094673,2693.05859375,167194,0.0,0.0
2007-03-21 00:00:00+09:00,2699.9726602828187,2720.715087890625,2679.230232675012,2720.715087890625,108743,0.0,0.0
2007-03-22 00:00:00+09:00,2720.715168130474,2741.45759635002,2696.5156685410034,2713.801025390625,125369,0.0,0.0
2007-03-23 00:00:00+09:00,2703.429683095401,2703.429683095401,2665.401899829353,2682.687255859375,109542,0.0,0.0
2007-03-26 00:00:00+09:00,2675.773068914154,2717.2579226957687,2661.944784320282,2665.40185546875,101439,0.0,0.0
2007-03-27 00:00:00+09:00,2696.515545076726,2755.2857556745525,2682.6872602301787,2703.4296875,179748,0.0,0.0
2007-03-28 00:00:00+09:00,2686.1440498413417,2689.601120690558,2578.974853515625,2578.974853515625,197193,0.0,0.0
2007-03-29 00:00:00+09:00,2610.0889007486103,2610.0889007486103,2527.11918734733,2565.14697265625,124376,0.0,0.0
2007-03-30 00:00:00+09:00,2568.6041246568834,2599.7177681587837,2540.947552655194,2558.23291015625,128614,0.0,0.0
2007-04-02 00:00:00+09:00,2641.2023329432354,2672.315972990996,2558.232626149207,2561.689697265625,301144,0.0,0.0
2007-04-03 00:00:00+09:00,2554.775711247435,2558.232782575239,2496.0054986747605,2527.119140625,142927,0.0,0.0
2007-04-04 00:00:00+09:00,2509.8334899902343,2540.9471282958984,2468.3486389160153,2489.091064453125,249538,0.0,0.0
2007-04-05 00:00:00+09:00,2489.0912917564656,2489.0912917564656,2395.750368315598,2406.12158203125,261816,0.0,0.0
2007-04-06 00:00:00+09:00,2395.7503285565367,2430.3210403683197,2392.2932573753587,2409.57861328125,105858,0.0,0.0
2007-04-09 00:00:00+09:00,2413.035594068413,2413.035594068413,2350.808315138282,2375.0078125,192666,0.0,0.0
2007-04-10 00:00:00+09:00,2378.464888843795,2406.121457318723,2378.464888843795,2395.750244140625,106940,0.0,0.0
2007-04-11 00:00:00+09:00,2413.0358084542413,2447.6065220424107,2399.2075230189735,2419.949951171875,145799,0.0,0.0
2007-04-12 00:00:00+09:00,2457.9777361188617,2457.9777361188617,2416.492879813058,2419.949951171875,125532,0.0,0.0
2007-04-13 00:00:00+09:00,2406.1214284923867,2468.3487068154654,2388.8360734026423,2440.692138671875,172994,0.0,0.0
2007-04-16 00:00:00+09:00,2440.692422983156,2454.52070866578,2419.94999445922,2437.2353515625,85716,0.0,0.0
2007-04-17 00:00:00+09:00,2433.7781603107346,2447.6064453125,2406.1215903072034,2447.6064453125,103418,0.0,0.0
2007-04-18 00:00:00+09:00,2419.9498669854524,2447.606436893858,2406.12158203125,2406.12158203125,83994,0.0,0.0
2007-04-19 00:00:00+09:00,2388.836131735409,2406.1214872472424,2336.980065199908,2350.808349609375,129637,0.0,0.0
2007-04-20 00:00:00+09:00,2347.3511656386067,2409.578442489115,2347.3511656386067,2381.921875,83100,0.0,0.0
2007-04-23 00:00:00+09:00,2399.207508696607,2399.207508696607,2336.980224609375,2336.980224609375,141598,0.0,0.0
2007-04-24 00:00:00+09:00,2343.8941512302035,2350.8082932692305,2288.5810149179865,2292.0380859375,118001,0.0,0.0
2007-04-25 00:00:00+09:00,2281.667105741279,2285.124177113614,2229.81103515625,2229.81103515625,140236,0.0,0.0
2007-04-26 00:00:00+09:00,2215.9826306001637,2254.0104136525847,2215.9826306001637,2240.18212890625,57239,0.0,0.0
2007-04-27 00:00:00+09:00,2247.096033125478,2278.2096705072154,2240.181891485092,2260.92431640625,123771,0.0,0.0
2007-04-30 00:00:00+09:00,2247.096292951466,2357.722571989076,2247.096292951466,2343.894287109375,114220,0.0,0.0
2007-05-02 00:00:00+09:00,2350.808596597121,2371.551025390625,2330.0661678036167,2371.551025390625,115486,0.0,0.0
2007-05-03 00:00:00+09:00,2357.7224233665797,2423.4067724046517,2357.7224233665797,2399.207275390625,107761,0.0,0.0
2007-05-04 00:00:00+09:00,2395.75021543854,2444.1492096898237,2395.75021543854,2440.692138671875,80727,0.0,0.0
2007-05-07 00:00:00+09:00,2468.3487874811344,2468.3487874811344,2371.550795815208,2433.778076171875,59857,0.0,0.0
2007-05-08 00:00:00+09:00,2437.235067653926,2457.977493761619,2426.8638546000793,2440.692138671875,63651,0.0,0.0
2007-05-09 00:00:00+09:00,2447.6064853695193,2447.6064853695193,2430.3211288344237,2444.1494140625,72991,0.0,0.0
2007-05-10 00:00:00+09:00,2444.1493250930325,2444.1493250930325,2406.1215421000716,2409.57861328125,72055,0.0,0.0
2007-05-11 00:00:00+09:00,2392.2933012264066,2426.864013671875,2392.2933012264066,2426.864013671875,44345,0.0,0.0
2007-05-14 00:00:00+09:00,2426.8638546000793,2451.0633517257215,2409.5784995103354,2440.692138671875,59355,0.0,0.0
2007-05-15 00:00:00+09:00,2423.4067835821306,2496.0052749590564,2423.4067835821306,2440.692138671875,70007,0.0,0.0
2007-05-16 00:00:00+09:00,2482.176670961353,2482.176670961353,2440.6918240929185,2468.348388671875,47819,0.0,0.0
2007-05-17 00:00:00+09:00,2485.633835934802,2527.1186843787764,2475.2626238238086,2502.919189453125,71174,0.0,0.0
2007-05-18 00:00:00+09:00,2502.9195227350133,2603.174586490974,2502.9195227350133,2537.490234375,131477,0.0,0.0
2007-05-21 00:00:00+09:00,2537.4904015224897,2592.8035437900103,2537.4904015224897,2565.14697265625,49935,0.0,0.0
2007-05-22 00:00:00+09:00,2575.5177826664085,2592.803136912492,2558.232428420325,2578.974853515625,88577,0.0,0.0
2007-05-23 00:00:00+09:00,2575.5178560086383,2606.6314945376016,2513.2905789507113,2551.318359375,82844,0.0,0.0
2007-05-25 00:00:00+09:00,2551.318478954082,2568.6038345025513,2513.290696747449,2540.947265625,37591,0.0,0.0
2007-05-28 00:00:00+09:00,2540.9470878527004,2544.404158720527,2454.5203161570303,2492.548095703125,100007,0.0,0.0
2007-05-29 00:00:00+09:00,2489.090985327216,2523.661693456761,2461.4344188235805,2496.005126953125,65677,0.0,0.0
2007-05-30 00:00:00+09:00,2471.805631262444,2520.2046226438065,2471.805631262444,2496.005126953125,40784,0.0,0.0
2007-05-31 00:00:00+09:00,2499.46240234375,2523.6619000151277,2454.520478096905,2499.46240234375,88925,0.0,0.0
2007-06-01 00:00:00+09:00,2489.0911329231585,2509.8335590308516,2433.777996635977,2440.692138671875,85812,0.0,0.0
2007-06-04 00:00:00+09:00,2478.719908436712,2478.719908436712,2388.836062384614,2399.207275390625,63610,0.0,0.0
2007-06-05 00:00:00+09:00,2371.550816486791,2413.0356704195046,2316.23767790984,2347.351318359375,85088,0.0,0.0
2007-06-07 00:00:00+09:00,2343.8941338117734,2399.207269712936,2340.437062817951,2378.46484375,51305,0.0,0.0
2007-06-08 00:00:00+09:00,2378.4651711524566,2416.492957319138,2350.80859939487,2392.29345703125,57156,0.0,0.0
2007-06-11 00:00:00+09:00,2392.2933803013393,2471.8060215541295,2371.550952148438,2419.949951171875,32843,0.0,0.0
2007-06-12 00:00:00+09:00,2468.3487523074896,2475.262894470816,2426.8638993275317,2457.9775390625,25349,0.0,0.0
2007-06-13 00:00:00+09:00,2478.7199549859174,2478.7199549859174,2406.1214625804723,2416.49267578125,62663,0.0,0.0
2007-06-14 00:00:00+09:00,2395.7502937316895,2461.4346452192826,2385.3790803389115,2433.778076171875,54204,0.0,0.0
2007-06-15 00:00:00+09:00,2468.3486606744827,2468.3486606744827,2406.121383514622,2423.40673828125,66988,0.0,0.0
2007-06-18 00:00:00+09:00,2402.6644407460385,2454.5205078125,2399.207369608275,2454.5205078125,86893,0.0,0.0
2007-06-19 00:00:00+09:00,2454.520303271553,2482.176870068979,2426.863736474127,2451.063232421875,39100,0.0,0.0
2007-06-20 00:00:00+09:00,2457.9774596226334,2475.2628144723003,2451.0633176827664,2464.8916015625,84909,0.0,0.0
2007-06-21 00:00:00+09:00,2471.80599938013,2547.861568591826,2437.235286102086,2527.119140625,123169,0.0,0.0
2007-06-22 00:00:00+09:00,2537.490269971845,2565.1468396718105,2513.290771484375,2513.290771484375,58441,0.0,0.0
2007-06-25 00:00:00+09:00,2523.661985121862,2527.119056334358,2475.2629881469225,2513.290771484375,55494,0.0,0.0
2007-06-26 00:00:00+09:00,2547.861310807654,2547.861310807654,2433.7779685326846,2485.634033203125,51689,0.0,0.0
2007-06-27 00:00:00+09:00,2496.0055210658484,2496.0055210658484,2419.949951171875,2419.949951171875,40550,0.0,0.0
2007-06-28 00:00:00+09:00,2419.9497964348593,2471.8058635013203,2385.379085057218,2454.5205078125,22263,0.0,0.0
2007-06-29 00:00:00+09:00,2399.20732044662,2447.606315383584,2399.20732044662,2416.49267578125,35491,0.0,0.0
2007-07-02 00:00:00+09:00,2406.1215071244674,2454.520502957431,2388.8361514698377,2433.778076171875,16366,0.0,0.0
2007-07-03 00:00:00+09:00,2419.9499149133667,2454.5206279835575,2388.8362731501948,2444.1494140625,43381,0.0,0.0
2007-07-04 00:00:00+09:00,2444.1492846469823,2444.1492846469823,2375.007862167577,2413.03564453125,44634,0.0,0.0
2007-07-05 00:00:00+09:00,2381.921880971785,2426.8638032542713,2375.0077390821716,2402.664306640625,33870,0.0,0.0
2007-07-06 00:00:00+09:00,2402.664300616836,2419.949655297533,2381.921875,2381.921875,23367,0.0,0.0
2007-07-09 00:00:00+09:00,2381.921835371377,2416.492544157609,2371.550622735507,2385.37890625,42666,0.0,0.0
2007-07-10 00:00:00+09:00,2419.9498127416236,2419.9498127416236,2347.351318359375,2347.351318359375,49409,0.0,0.0
2007-07-11 00:00:00+09:00,2368.093870280425,2395.750441028226,2336.9802281891493,2357.72265625,33674,0.0,0.0
2007-07-12 00:00:00+09:00,2343.893861334008,2357.72214370176,2278.2095200871845,2295.494873046875,63691,0.0,0.0
2007-07-13 00:00:00+09:00,2285.1237248347356,2309.3232196514423,2240.1818058894232,2247.095947265625,133059,0.0,0.0
2007-07-16 00:00:00+09:00,2247.096323572603,2302.4094638451597,2212.5256109022553,2298.952392578125,71421,0.0,0.0
2007-07-18 00:00:00+09:00,2323.151437782379,2323.151437782379,2281.6665906791227,2295.494873046875,31160,0.0,0.0
2007-07-19 00:00:00+09:00,2305.866084822689,2316.2372965985032,2257.4670965355563,2295.494873046875,27941,0.0,0.0
2007-07-20 00:00:00+09:00,2278.209920987216,2305.8664905894884,2257.467493785511,2281.6669921875,37095,0.0,0.0
2007-07-23 00:00:00+09:00,2260.9246086407425,2316.2377489132987,2260.9246086407425,2298.952392578125,18609,0.0,0.0
2007-07-24 00:00:00+09:00,2309.3235214164147,2309.3235214164147,2267.8386677382755,2285.1240234375,30895,0.0,0.0
2007-07-25 00:00:00+09:00,2274.752810017965,2302.409379136725,2271.2957388781206,2285.1240234375,32478,0.0,0.0
2007-07-26 00:00:00+09:00,2302.409006043408,2302.409006043408,2267.8383002469604,2274.75244140625,26222,0.0,0.0
2007-07-27 00:00:00+09:00,2247.096105994824,2281.666815317821,2212.5253966718265,2233.267822265625,23790,0.0,0.0
2007-07-30 00:00:00+09:00,2236.72509765625,2247.096311401179,2212.5255989180837,2236.72509765625,30148,0.0,0.0
2007-07-31 00:00:00+09:00,2226.353537752549,2302.4090933900584,2226.353537752549,2288.580810546875,16042,0.0,0.0
2007-08-01 00:00:00+09:00,2309.323179183468,2309.323179183468,2250.552978515625,2250.552978515625,11751,0.0,0.0
2007-08-02 00:00:00+09:00,2247.096280184659,2316.237704190341,2267.8387073863637,2281.6669921875,9682,0.0,0.0
2007-08-03 00:00:00+09:00,2247.0958767690922,2336.9797118398556,2247.0958767690922,2274.75244140625,9682,0.0,0.0
2007-08-06 00:00:00+09:00,2302.409006043408,2302.409006043408,2264.381229667316,2274.75244140625,6066,0.0,0.0
2007-08-07 00:00:00+09:00,2274.752810017965,2302.409379136725,2254.0103831788956,2285.1240234375,37111,0.0,0.0
2007-08-08 00:00:00+09:00,2288.5808963260133,2312.780392208615,2274.752612964527,2302.4091796875,24177,0.0,0.0
2007-08-09 00:00:00+09:00,2309.323486328125,2316.2376285027603,2295.4952019788548,2309.323486328125,28511,0.0,0.0
2007-08-10 00:00:00+09:00,2309.323435419045,2309.323435419045,2254.010299241343,2271.295654296875,34772,0.0,0.0
2007-08-13 00:00:00+09:00,2292.038205788352,2292.038205788352,2254.0104225852274,2281.6669921875,23578,0.0,0.0
2007-08-14 00:00:00+09:00,2260.9246046329667,2302.409459763847,2254.010462111153,2278.2099609375,33405,0.0,0.0
2007-08-16 00:00:00+09:00,2247.0962753678004,2247.0962753678004,1956.7022951664233,2070.78564453125,66260,0.0,0.0
2007-08-17 00:00:00+09:00,2070.7856783130173,2136.4700320491565,1991.2730395797962,2036.2149658203125,21756,0.0,0.0
2007-08-20 00:00:00+09:00,2012.0157066593858,2074.2429965560677,1998.1874200156788,2015.4727783203125,85920,0.0,0.0
2007-08-21 00:00:00+09:00,2036.2150604546264,2126.098917113065,2012.0155605850468,2122.641845703125,52933,0.0,0.0
2007-08-22 00:00:00+09:00,2119.1844514128447,2139.926876712155,2070.785459047788,2129.5556640625,8153,0.0,0.0
2007-08-23 00:00:00+09:00,2122.641567752365,2209.0683416836505,2115.7274258378625,2146.841064453125,22489,0.0,0.0
2007-08-24 00:00:00+09:00,2174.4977581317607,2195.240185077374,2129.5558330829326,2157.21240234375,24954,0.0,0.0
2007-08-27 00:00:00+09:00,2174.497632111136,2174.497632111136,2115.7274258378625,2146.841064453125,17509,0.0,0.0
2007-08-28 00:00:00+09:00,2018.9293957995128,2143.3839475953732,2018.9293957995128,2129.5556640625,10107,0.0,0.0
2007-08-29 00:00:00+09:00,2136.469845655488,2136.469845655488,2074.242568597561,2126.0986328125,7218,0.0,0.0
2007-08-30 00:00:00+09:00,2191.7829868973936,2191.7829868973936,2126.098638709617,2146.841064453125,12822,0.0,0.0
2007-08-31 00:00:00+09:00,2119.1847446435627,2191.783243236572,2119.1847446435627,2188.326171875,44641,0.0,0.0
2007-09-03 00:00:00+09:00,2143.383612760008,2250.5527933980084,2143.383612760008,2202.15380859375,23828,0.0,0.0
2007-09-04 00:00:00+09:00,2222.8968889836415,2226.3539603506456,2177.954961212588,2209.068603515625,13964,0.0,0.0
2007-09-05 00:00:00+09:00,2209.068319702148,2240.181958007812,2184.8688232421873,2212.525390625,24147,0.0,0.0
2007-09-06 00:00:00+09:00,2212.5254702194356,2212.5254702194356,2177.954759747257,2205.611328125,5651,0.0,0.0
2007-09-07 00:00:00+09:00,2212.5257181677016,2247.096432514072,2205.611575298428,2226.35400390625,18394,0.0,0.0
2007-09-10 00:00:00+09:00,2236.7245120253633,2236.7245120253633,2157.211894132653,2202.15380859375,8897,0.0,0.0
2007-09-11 00:00:00+09:00,2188.3262181252426,2240.182289644798,2188.3262181252426,2226.35400390625,9151,0.0,0.0
2007-09-12 00:00:00+09:00,2240.182201301262,2240.182201301262,2184.8690605283914,2191.783203125,15005,0.0,0.0
2007-09-13 00:00:00+09:00,2177.9549179317823,2212.5256309148267,2177.9549179317823,2191.783203125,20831,0.0,0.0
2007-09-14 00:00:00+09:00,2236.7249675499606,2236.7249675499606,2195.2401149833463,2205.611328125,16273,0.0,0.0
2007-09-17 00:00:00+09:00,2205.6112487792966,2222.8966033935544,2150.2981140136717,2212.525390625,37379,0.0,0.0
2007-09-18 00:00:00+09:00,2212.5255408653848,2226.3538254957934,2157.21240234375,2157.21240234375,33327,0.0,0.0
2007-09-19 00:00:00+09:00,2174.497314453125,2198.69680761874,2129.5553985741253,2174.497314453125,23696,0.0,0.0
2007-09-20 00:00:00+09:00,2205.6113578125,2205.6113578125,2119.18458046875,2160.66943359375,23487,0.0,0.0
2007-09-21 00:00:00+09:00,2198.6975874824157,2198.6975874824157,2101.8995804863343,2150.298583984375,12897,0.0,0.0
2007-09-27 00:00:00+09:00,2212.5258326645267,2212.5258326645267,2108.8136842583767,2153.755615234375,36733,0.0,0.0
2007-09-28 00:00:00+09:00,2153.7552517534446,2184.868891024361,2119.184541452426,2164.12646484375,14050,0.0,0.0
2007-10-01 00:00:00+09:00,2174.498250325521,2174.498250325521,2108.8138834635415,2136.470458984375,54413,0.0,0.0
2007-10-02 00:00:00+09:00,2122.6418886939623,2160.6696749734956,2101.8994598142167,2139.92724609375,48432,0.0,0.0
2007-10-04 00:00:00+09:00,2108.8135631930445,2157.2125630040323,2105.3564917779736,2143.38427734375,37229,0.0,0.0
2007-10-05 00:00:00+09:00,2143.384440627512,2157.212727341238,2122.642010556923,2150.298583984375,50605,0.0,0.0
2007-10-08 00:00:00+09:00,2160.6696344191027,2160.6696344191027,2122.641848853327,2143.38427734375,25354,0.0,0.0
2007-10-09 00:00:00+09:00,2160.6697584614517,2160.6697584614517,2108.8136842583767,2153.755615234375,44310,0.0,0.0
2007-10-10 00:00:00+09:00,2129.5560288794863,2157.212600683116,2101.8994570758564,2119.184814453125,26589,0.0,0.0
2007-10-11 00:00:00+09:00,2108.8134409504155,2191.783150102563,2101.89929852107,2133.012939453125,117485,0.0,0.0
2007-10-12 00:00:00+09:00,2153.7556556628065,2164.126870698101,2115.7278672000602,2150.298583984375,16616,0.0,0.0
2007-10-15 00:00:00+09:00,2177.954754406893,2184.868896484375,2133.0128309032584,2184.868896484375,44206,0.0,0.0
2007-10-16 00:00:00+09:00,2177.954838590802,2274.75283141706,2157.212411556604,2198.697265625,53274,0.0,0.0
2007-10-17 00:00:00+09:00,2243.638723497739,2243.638723497739,2164.126103096433,2174.497314453125,49875,0.0,0.0
2007-10-18 00:00:00+09:00,2254.01032278605,2254.01032278605,2143.3840492750783,2205.611328125,22361,0.0,0.0
2007-10-19 00:00:00+09:00,2240.18212890625,2240.18212890625,2198.6972746672454,2240.18212890625,18518,0.0,0.0
2007-10-22 00:00:00+09:00,2126.0985931792816,2212.5253652597403,2122.641522296063,2129.5556640625,46291,0.0,0.0
2007-10-23 00:00:00+09:00,2205.6113578125,2205.6113578125,2108.8133671875,2160.66943359375,25965,0.0,0.0
2007-10-24 00:00:00+09:00,2198.697345721609,2229.810987406349,2133.012991053825,2191.783203125,21994,0.0,0.0
2007-10-25 00:00:00+09:00,2191.7829868973936,2205.611270726399,2139.9269225386224,2146.841064453125,16069,0.0,0.0
2007-10-26 00:00:00+09:00,2146.841272439167,2198.6973418217553,2101.8993456409235,2171.040771484375,45448,0.0,0.0
2007-10-29 00:00:00+09:00,2188.3259620544627,2188.3259620544627,2129.5557545427314,2164.12646484375,15417,0.0,0.0
2007-10-30 00:00:00+09:00,2184.86893125,2164.1265046875,2122.6416515625,2160.66943359375,15077,0.0,0.0
2007-10-31 00:00:00+09:00,2184.869134324597,2184.869134324597,2129.5559916834677,2143.38427734375,15077,0.0,0.0
2007-11-01 00:00:00+09:00,2122.641923860355,2160.669710769905,2074.242922339109,2094.9853515625,56989,0.0,0.0
2007-11-02 00:00:00+09:00,2070.785446470147,2119.1844385412355,2046.5859504346026,2088.07080078125,17604,0.0,0.0
2007-11-05 00:00:00+09:00,2177.9550323732838,2177.9550323732838,2091.528245374344,2139.92724609375,23583,0.0,0.0
2007-11-06 00:00:00+09:00,2112.2707955216288,2153.7556556628065,2112.2707955216288,2150.298583984375,2945,0.0,0.0
2007-11-07 00:00:00+09:00,2174.497585544338,2174.497585544338,2070.785459047788,2129.5556640625,14601,0.0,0.0
2007-11-08 00:00:00+09:00,2094.9849425056914,2115.727367679015,2074.2425173323677,2088.07080078125,19005,0.0,0.0
2007-11-09 00:00:00+09:00,2088.0710004956177,2094.985142881365,2070.78564453125,2070.78564453125,16778,0.0,0.0
2007-11-12 00:00:00+09:00,2074.2428694100217,2081.157012308055,1935.9600114493535,2005.1014404296875,37595,0.0,0.0
2007-11-13 00:00:00+09:00,2056.9575521681045,2056.9575521681045,1984.3590503268774,1991.273193359375,9061,0.0,0.0
2007-11-14 00:00:00+09:00,2012.0154522103323,2012.0154522103323,1956.702312630667,1963.616455078125,40785,0.0,0.0
2007-11-15 00:00:00+09:00,1984.3587913376455,1984.3587913376455,1925.5885832318268,1929.045654296875,85888,0.0,0.0
2007-11-16 00:00:00+09:00,1915.2173947704082,1922.1315369897961,1821.8764748086735,1863.361328125,69049,0.0,0.0
2007-11-19 00:00:00+09:00,1866.8182886649952,1870.2753595699303,1683.5935307034308,1766.563232421875,164163,0.0,0.0
2007-11-20 00:00:00+09:00,1718.164555577726,1776.9347717644894,1700.879197875737,1759.6494140625,49879,0.0,0.0
2007-11-21 00:00:00+09:00,1742.3637622705623,1908.3031682010921,1735.4496203567903,1859.9041748046875,72116,0.0,0.0
2007-11-22 00:00:00+09:00,1894.4750016614485,1894.4750016614485,1763.1062971666765,1828.7906494140625,39418,0.0,0.0
2007-11-23 00:00:00+09:00,1828.790833026047,1828.790833026047,1659.3943286436722,1666.3084716796875,42954,0.0,0.0
2007-11-26 00:00:00+09:00,1787.3059455422795,1828.790803079044,1673.2225873161765,1763.1064453125,32131,0.0,0.0
2007-11-27 00:00:00+09:00,1759.6490609723637,1818.4192653663326,1756.1919901256597,1801.1339111328125,52707,0.0,0.0
2007-11-28 00:00:00+09:00,1811.5054095928488,1828.7907665546124,1783.8488384540265,1797.6771240234375,13192,0.0,0.0
2007-11-29 00:00:00+09:00,1787.3059098463793,1832.2478379469653,1787.3059098463793,1797.6771240234375,9619,0.0,0.0
2007-11-30 00:00:00+09:00,1808.0482246571016,1849.5330787601326,1790.7628687808387,1839.161865234375,19124,0.0,0.0
2007-12-03 00:00:00+09:00,1849.5328995988175,1849.5328995988175,1790.7626953125,1790.7626953125,15151,0.0,0.0
2007-12-04 00:00:00+09:00,1756.1920862268519,1866.818359375,1756.1920862268519,1866.818359375,14066,0.0,0.0
2007-12-05 00:00:00+09:00,1852.990327875665,1956.7024730925864,1842.6191133539726,1949.788330078125,51548,0.0,0.0
2007-12-06 00:00:00+09:00,1994.7301844824558,2046.5862551362457,1953.2453279594238,1998.187255859375,47243,0.0,0.0
2007-12-07 00:00:00+09:00,1956.702399336343,2032.7579696285684,1908.3034000594723,1998.187255859375,42589,0.0,0.0
2007-12-10 00:00:00+09:00,2032.7583411282671,2098.4427092939763,1998.1876210410517,2050.043701171875,83197,0.0,0.0
2007-12-11 00:00:00+09:00,2050.043342991879,2139.9271995142885,2018.9297003495067,2101.8994140625,44802,0.0,0.0
2007-12-12 00:00:00+09:00,2060.414596633031,2119.1848116376646,2036.215096337006,2098.4423828125,33323,0.0,0.0
2007-12-13 00:00:00+09:00,2074.242523693648,2119.1844450403432,2060.4142402023567,2108.813232421875,17856,0.0,0.0
2007-12-14 00:00:00+09:00,2119.1848116376646,2119.1848116376646,2067.328739574753,2098.4423828125,14689,0.0,0.0
2007-12-17 00:00:00+09:00,2129.555823631536,2129.555823631536,2060.414400786356,2115.7275390625,12010,0.0,0.0
2007-12-18 00:00:00+09:00,2094.9850975576073,2094.9850975576073,2025.84367519597,2053.500244140625,12497,0.0,0.0
2007-12-20 00:00:00+09:00,2039.6717244466147,2094.9848559570314,2039.6717244466147,2074.242431640625,15119,0.0,0.0
2007-12-21 00:00:00+09:00,2053.5002885668823,2094.985142881365,2053.5002885668823,2070.78564453125,7838,0.0,0.0
2007-12-24 00:00:00+09:00,2105.3563971375943,2108.8134683972617,2029.300829424906,2067.32861328125,29141,0.0,0.0
2007-12-26 00:00:00+09:00,2094.9852647205325,2094.9852647205325,2025.8438368419672,2060.41455078125,20610,0.0,0.0
2007-12-27 00:00:00+09:00,2173.2637214467004,2173.2637214467004,2096.8172588832485,2151.421875,28871,150.0,0.0
2007-12-28 00:00:00+09:00,2140.5011434123744,2173.263916015625,2093.1771385410125,2173.263916015625,32591,0.0,0.0
2008-01-02 00:00:00+09:00,2184.1845703125,2198.7458007812497,2104.097802734375,2147.781494140625,89378,0.0,0.0
2008-01-03 00:00:00+09:00,2089.5370289719126,2147.7819635774013,2060.414561669168,2122.2998046875,19349,0.0,0.0
2008-01-04 00:00:00+09:00,2089.536964256447,2133.2206638576267,2071.3354227559553,2082.25634765625,14402,0.0,0.0
2008-01-07 00:00:00+09:00,2053.1336942165017,2074.975542027316,1998.5290746894673,2024.01123046875,13607,0.0,0.0
2008-01-08 00:00:00+09:00,2045.8531373211158,2053.133753468166,1940.2842031888874,1947.5648193359375,70794,0.0,0.0
2008-01-09 00:00:00+09:00,1900.240865263912,1925.7230224609375,1856.557167211868,1925.7230224609375,40404,0.0,0.0
2008-01-10 00:00:00+09:00,1925.7228765324803,1929.3631844276267,1882.0391817907228,1918.4422607421875,25979,0.0,0.0
2008-01-11 00:00:00+09:00,1925.7231411268988,1936.6440663128735,1823.7945060578002,1827.434814453125,39814,0.0,0.0
2008-01-14 00:00:00+09:00,1889.3202064150857,1889.3202064150857,1718.2256983196926,1834.715576171875,59331,0.0,0.0
2008-01-15 00:00:00+09:00,1834.715271226415,1954.8454377948115,1834.715271226415,1929.36328125,33549,0.0,0.0
2008-01-16 00:00:00+09:00,1911.1620585123699,1911.1620585123699,1805.5931067088295,1834.715576171875,30493,0.0,0.0
2008-01-17 00:00:00+09:00,1867.4781358780401,1867.4781358780401,1772.8301211941628,1805.5928955078125,15086,0.0,0.0
2008-01-18 00:00:00+09:00,1820.1541285361013,1820.1541285361013,1732.7867303663686,1805.5928955078125,30278,0.0,0.0
2008-01-21 00:00:00+09:00,1812.8735733032227,2020.371150970459,1805.5929565429688,1863.837890625,36230,0.0,0.0
2008-01-22 00:00:00+09:00,1692.743251362785,1852.9168063304464,1692.743251362785,1776.4703369140625,29881,0.0,0.0
2008-01-23 00:00:00+09:00,1874.7588077467315,1885.6797328404018,1718.2255480707909,1783.7510986328125,25119,0.0,0.0
2008-01-24 00:00:00+09:00,1820.1539589883855,1834.7151906602926,1761.9090323007572,1772.8299560546875,59967,0.0,0.0
2008-01-25 00:00:00+09:00,1812.8735954789336,1874.758838698094,1772.830202807712,1871.1185302734375,46323,0.0,0.0
2008-01-28 00:00:00+09:00,1863.8377766599597,1863.8377766599597,1809.233154296875,1809.233154296875,18463,0.0,0.0
2008-01-29 00:00:00+09:00,1831.0750732421875,1834.7153815388915,1801.9526068685543,1831.0750732421875,17859,0.0,0.0
2008-01-30 00:00:00+09:00,1834.7152954101562,1929.3633066813152,1747.347900390625,1747.347900390625,34297,0.0,0.0
2008-01-31 00:00:00+09:00,1761.9092633372761,1856.5572816157248,1747.3480297559763,1827.434814453125,41657,0.0,0.0
2008-02-01 00:00:00+09:00,1863.837844488189,1863.837844488189,1783.751062107837,1849.276611328125,22822,0.0,0.0
2008-02-04 00:00:00+09:00,1882.0392356917348,1882.0392356917348,1820.1539997018713,1860.1973876953125,35669,0.0,0.0
2008-02-05 00:00:00+09:00,1867.478152778205,1867.478152778205,1816.513836717981,1849.276611328125,29313,0.0,0.0
2008-02-11 00:00:00+09:00,1801.952603557917,1856.5572279081568,1801.952603557917,1849.276611328125,22803,0.0,0.0
2008-02-12 00:00:00+09:00,1903.8812828063965,1907.5215911865234,1849.2766571044922,1863.837890625,104353,0.0,0.0
2008-02-13 00:00:00+09:00,1889.3202064150857,1889.3202064150857,1772.830328562903,1834.715576171875,73092,0.0,0.0
2008-02-14 00:00:00+09:00,1783.751091308594,1867.4781833496095,1805.59294140625,1820.1541748046875,61228,0.0,0.0
2008-02-15 00:00:00+09:00,1783.751091308594,1820.1541748046875,1783.751091308594,1820.1541748046875,61228,0.0,0.0
2008-02-18 00:00:00+09:00,1820.1541285361013,1820.1541285361013,1783.7510459653795,1805.5928955078125,44307,0.0,0.0
2008-02-19 00:00:00+09:00,1776.4705985637627,1812.8736845999053,1776.4705985637627,1801.9527587890625,39103,0.0,0.0
2008-02-20 00:00:00+09:00,1787.3913542224516,1816.5138202790292,1780.1107377083072,1805.5928955078125,55408,0.0,0.0
2008-02-21 00:00:00+09:00,1809.23307570366,1878.398927692331,1794.671843706045,1860.1973876953125,158780,0.0,0.0
2008-02-22 00:00:00+09:00,1856.5572274584288,2016.7307921803326,1849.2766108801604,1983.968017578125,438676,0.0,0.0
2008-02-25 00:00:00+09:00,1983.9681101831898,2278.8330953663794,1965.7665678879312,2111.37890625,824877,0.0,0.0
2008-02-26 00:00:00+09:00,2104.0982473699214,2198.7462654177034,2027.651771254405,2195.10595703125,172153,0.0,0.0
2008-02-27 00:00:00+09:00,2206.0263933587767,2377.120849609375,2147.7814720819774,2377.120849609375,302996,0.0,0.0
2008-02-28 00:00:00+09:00,2337.077765213816,2460.8482387609647,2271.5522203947367,2282.47314453125,305366,0.0,0.0
2008-02-29 00:00:00+09:00,2373.480831705729,2395.3226798502606,2155.0623502604167,2184.184814453125,279695,0.0,0.0
2008-03-03 00:00:00+09:00,2293.3941412591316,2351.639071830792,1922.082708864796,1962.1260986328125,1004466,0.0,0.0
2008-03-04 00:00:00+09:00,2002.1697532129651,2027.6519137084028,1892.9604939468034,1907.521728515625,304691,0.0,0.0
2008-03-05 00:00:00+09:00,1943.9248149376788,1994.8891359285542,1907.5217285156248,1907.521728515625,255412,0.0,0.0
2008-03-06 00:00:00+09:00,1892.9602807806443,1943.924596032431,1849.2765819933988,1878.3990478515625,193587,0.0,0.0
2008-03-07 00:00:00+09:00,1878.3991241455078,1900.2409744262695,1831.0751152038574,1863.837890625,170224,0.0,0.0
2008-03-10 00:00:00+09:00,1831.0750060042715,1834.7153141673018,1761.9091509066945,1791.0316162109375,196933,0.0,0.0
2008-03-11 00:00:00+09:00,1765.5494819672,1812.8734887003416,1740.0673244955085,1798.312255859375,123823,0.0,0.0
2008-03-12 00:00:00+09:00,1841.9961071752482,1849.2767241996564,1783.7511709799835,1787.3914794921875,104749,0.0,0.0
2008-03-13 00:00:00+09:00,1780.1104000873447,1812.8731681871118,1750.9879395542184,1758.2685546875,68758,0.0,0.0
2008-03-14 00:00:00+09:00,1783.7507076539855,1783.7507076539855,1710.9445563211698,1758.2685546875,121395,0.0,0.0
2008-03-17 00:00:00+09:00,1747.3478389476616,1747.3478389476616,1601.7355190353564,1634.498291015625,155025,0.0,0.0
2008-03-18 00:00:00+09:00,1616.2969515713778,1634.4984938188031,1561.6923248291016,1601.7357177734375,103757,0.0,0.0
2008-03-19 00:00:00+09:00,1656.3405323240022,1725.5064007067626,1634.498679150499,1641.779296875,163486,0.0,0.0
2008-03-20 00:00:00+09:00,1609.0164023087164,1659.9807227438341,1609.0164023087164,1623.57763671875,70526,0.0,0.0
2008-03-21 00:00:00+09:00,1652.7000549452948,1652.7000549452948,1605.3760445613989,1627.2178955078125,73840,0.0,0.0
2008-03-24 00:00:00+09:00,1645.4193878173828,1652.7000045776367,1587.1744537353516,1630.858154296875,65051,0.0,0.0
2008-03-25 00:00:00+09:00,1641.779009374558,1649.0596258241126,1601.735618902008,1609.0162353515625,75160,0.0,0.0
2008-03-26 00:00:00+09:00,1605.3761809092787,1652.7001953125,1605.3761809092787,1652.7001953125,62741,0.0,0.0
2008-03-27 00:00:00+09:00,1634.4985081495438,1656.3403590379564,1619.9372742239354,1645.41943359375,57613,0.0,0.0
2008-03-28 00:00:00+09:00,1641.779102376302,1649.0597192382813,1609.0163264973958,1638.1387939453125,83333,0.0,0.0
2008-03-31 00:00:00+09:00,1627.2178348681323,1696.3836936209166,1612.6566014464936,1685.4627685546875,95831,0.0,0.0
2008-04-01 00:00:00+09:00,1681.822486943784,1685.4627953570823,1638.1387859842052,1674.5418701171875,69510,0.0,0.0
2008-04-02 00:00:00+09:00,1678.182151843868,1703.6643103317358,1649.0596850005904,1685.4627685546875,74219,0.0,0.0
2008-04-03 00:00:00+09:00,1721.8657033262439,1721.8657033262439,1663.6207746725022,1678.1820068359375,70593,0.0,0.0
2008-04-04 00:00:00+09:00,1674.541901444967,1674.541901444967,1616.2969657425333,1645.41943359375,81976,0.0,0.0
2008-04-07 00:00:00+09:00,1638.138820981019,1670.9015974006395,1612.6566615435368,1627.2178955078125,91110,0.0,0.0
2008-04-08 00:00:00+09:00,1627.2176750200097,1645.4192150090478,1616.296751026587,1634.498291015625,31643,0.0,0.0
2008-04-10 00:00:00+09:00,1627.2177501206988,1638.1386746181531,1605.37590112579,1619.9371337890625,44527,0.0,0.0
2008-04-11 00:00:00+09:00,1612.6567109112248,1627.2179453212584,1612.6567109112248,1623.57763671875,53988,0.0,0.0
2008-04-14 00:00:00+09:00,1612.6566123962402,1747.3480224609375,1605.3759956359863,1630.858154296875,293724,0.0,0.0
2008-04-15 00:00:00+09:00,1630.8582039988812,1667.2612889095706,1616.2969700346057,1627.2178955078125,26736,0.0,0.0
2008-04-16 00:00:00+09:00,1616.2967786724064,1627.2177028526255,1598.0952383720416,1605.3758544921875,80112,0.0,0.0
2008-04-17 00:00:00+09:00,1605.3758544921875,1623.5773947925525,1601.7355464321145,1605.3758544921875,59164,0.0,0.0
2008-04-18 00:00:00+09:00,1601.7357177734375,1605.3760262229225,1579.893867076527,1601.7357177734375,45655,0.0,0.0
2008-04-21 00:00:00+09:00,1612.6566201127284,1616.296928510274,1587.1744613299088,1594.455078125,57426,0.0,0.0
2008-04-22 00:00:00+09:00,1579.893654745133,1598.0951945463444,1547.130883102953,1554.4114990234375,82222,0.0,0.0
2008-04-23 00:00:00+09:00,1561.6920424074005,1565.3323501985599,1514.3680411223277,1532.569580078125,107774,0.0,0.0
2008-04-24 00:00:00+09:00,1492.5263870934502,1532.5697779666891,1485.245770571043,1518.008544921875,30296,0.0,0.0
2008-04-25 00:00:00+09:00,1492.5264358520508,1525.2892112731934,1492.5264358520508,1514.3682861328125,30296,0.0,0.0
2008-04-28 00:00:00+09:00,1525.2891881085823,1525.2891881085823,1499.807029834692,1507.087646484375,30702,0.0,0.0
2008-04-29 00:00:00+09:00,1507.0874490940823,1539.8502197265625,1499.8068333979757,1539.8502197265625,32969,0.0,0.0
2008-04-30 00:00:00+09:00,1539.8504214079483,1550.7713463824728,1499.807029834692,1507.087646484375,35403,0.0,0.0
2008-05-02 00:00:00+09:00,1510.7279023670014,1528.9294433593748,1499.8069777715773,1528.929443359375,70629,0.0,0.0
2008-05-06 00:00:00+09:00,1521.6488629386745,1718.225510303958,1521.6488629386745,1598.0953369140625,137954,0.0,0.0
2008-05-07 00:00:00+09:00,1543.4905751427107,1645.4191980294936,1528.9293433017417,1554.4114990234375,39864,0.0,0.0
2008-05-08 00:00:00+09:00,1543.4907455802525,1565.3325957535578,1521.6488954069468,1550.7713623046875,39864,0.0,0.0
2008-05-09 00:00:00+09:00,1550.7712867914242,1568.9728277162062,1536.2100540515987,1565.33251953125,33019,0.0,0.0
2008-05-13 00:00:00+09:00,1558.0519753299016,1576.2535170977742,1550.7713586227524,1568.972900390625,39090,0.0,0.0
2008-05-14 00:00:00+09:00,1558.0519753299016,1587.1744421584979,1558.0519753299016,1568.972900390625,39090,0.0,0.0
2008-05-15 00:00:00+09:00,1561.692283683476,1572.6132087441997,1547.1310502691779,1568.972900390625,25472,0.0,0.0
2008-05-16 00:00:00+09:00,1568.9728773423842,1568.9728773423842,1539.8504109415976,1561.6922607421875,14770,0.0,0.0
2008-05-19 00:00:00+09:00,1543.4904790982994,1561.6920177669115,1521.648632695965,1525.2889404296875,30097,0.0,0.0
2008-05-20 00:00:00+09:00,1510.7279252328012,1550.7713160221044,1510.7279252328012,1536.2100830078125,23970,0.0,0.0
2008-05-21 00:00:00+09:00,1550.771292550223,1550.771292550223,1507.0875941685267,1528.929443359375,21641,0.0,0.0
2008-05-22 00:00:00+09:00,1528.9294697054856,1543.4907027502998,1496.1666953546537,1518.008544921875,33635,0.0,0.0
2008-05-23 00:00:00+09:00,1514.3683089114832,1532.5698510859002,1507.0876920417165,1521.64892578125,25925,0.0,0.0
2008-05-26 00:00:00+09:00,1496.1667442321777,1539.8504447937012,1488.8861274719238,1514.3682861328125,14502,0.0,0.0
2008-05-27 00:00:00+09:00,1496.1667250654225,1521.64888339987,1485.2458000649451,1488.8861083984375,31991,0.0,0.0
2008-05-28 00:00:00+09:00,1492.5263671875,1514.3682164634147,1488.8860589748474,1492.5263671875,46134,0.0,0.0
2008-05-29 00:00:00+09:00,1496.1666754001524,1510.727908250762,1485.245750762195,1492.5263671875,46004,0.0,0.0
2008-05-30 00:00:00+09:00,1496.1666493265739,1528.9294226694915,1492.5263411773608,1503.447265625,39053,0.0,0.0
2008-06-02 00:00:00+09:00,1492.5263438505285,1503.4472683177275,1485.2457275390625,1485.2457275390625,15826,0.0,0.0
2008-06-03 00:00:00+09:00,1477.9651833979601,1492.52641673193,1470.684566730975,1488.8861083984375,27184,0.0,0.0
2008-06-04 00:00:00+09:00,1474.3247797923723,1492.526320283636,1463.403855497614,1477.965087890625,57700,0.0,0.0
2008-06-05 00:00:00+09:00,1474.3248750644675,1496.1667250654225,1474.3248750644675,1488.8861083984375,14445,0.0,0.0
2008-06-09 00:00:00+09:00,1477.9651944697812,1488.88611955207,1390.597793811469,1434.281494140625,34133,0.0,0.0
2008-06-10 00:00:00+09:00,1456.1231218030691,1459.7634296075767,1401.518504735454,1423.3603515625,11092,0.0,0.0
2008-06-11 00:00:00+09:00,1437.9218025013881,1485.2458111913072,1408.799335615284,1434.281494140625,22871,0.0,0.0
2008-06-12 00:00:00+09:00,1445.2023275380373,1448.8426356678558,1383.3170893311187,1386.9573974609375,33040,0.0,0.0
2008-06-13 00:00:00+09:00,1390.597652513154,1427.000732421875,1383.3170365314095,1427.000732421875,12978,0.0,0.0
2008-06-16 00:00:00+09:00,1434.2815017700195,1434.2815017700195,1390.597801208496,1397.87841796875,7944,0.0,0.0
2008-06-17 00:00:00+09:00,1390.597629331931,1427.0007086338142,1390.597629331931,1419.7200927734375,12815,0.0,0.0
2008-06-18 00:00:00+09:00,1416.079687947378,1416.079687947378,1379.6766111363916,1390.5975341796875,18262,0.0,0.0
2008-06-19 00:00:00+09:00,1416.0797622720504,1427.0006858885445,1390.597607166898,1394.2379150390625,32447,0.0,0.0
2008-06-20 00:00:00+09:00,1394.238109588623,1408.7993431091309,1390.597801208496,1397.87841796875,7812,0.0,0.0
2008-06-23 00:00:00+09:00,1390.597801208496,1401.518726348877,1383.3171844482422,1397.87841796875,7759,0.0,0.0
2008-06-24 00:00:00+09:00,1401.518530783392,1401.518530783392,1376.0363756782392,1394.2379150390625,20640,0.0,0.0
2008-06-25 00:00:00+09:00,1394.238109588623,1416.0799598693848,1386.9574928283691,1397.87841796875,7088,0.0,0.0
2008-06-26 00:00:00+09:00,1394.2379357446598,1477.965018047864,1394.2379357446598,1437.921630859375,48707,0.0,0.0
2008-06-27 00:00:00+09:00,1408.7994607567482,1416.080078125,1376.0366825996143,1416.080078125,27693,0.0,0.0
2008-06-30 00:00:00+09:00,1412.4395004583866,1430.6410404127473,1397.878268494898,1427.000732421875,19562,0.0,0.0
2008-07-01 00:00:00+09:00,1419.7200437579922,1547.1308169157608,1419.7200437579922,1423.3603515625,45775,0.0,0.0
2008-07-02 00:00:00+09:00,1416.0797949896917,1481.6053382025823,1295.9496324327256,1310.5108642578125,83143,0.0,0.0
2008-07-03 00:00:00+09:00,1237.7047563350645,1295.9496860449499,1237.7047563350645,1270.467529296875,28877,0.0,0.0
2008-07-04 00:00:00+09:00,1263.1869130831394,1368.7558481823066,1270.467529296875,1270.467529296875,6275,0.0,0.0
2008-07-07 00:00:00+09:00,1263.1869130831394,1303.2303022586855,1241.3450644419322,1270.467529296875,6275,0.0,0.0
2008-07-08 00:00:00+09:00,1270.4675582930488,1303.2303320026117,1204.9420108739232,1241.3450927734375,18736,0.0,0.0
2008-07-09 00:00:00+09:00,1277.7483462126359,1277.7483462126359,1204.9421726392663,1255.906494140625,42813,0.0,0.0
2008-07-10 00:00:00+09:00,1255.906398840118,1255.906398840118,1208.5823896084614,1244.9854736328125,4444,0.0,0.0
2008-07-11 00:00:00+09:00,1288.669069831214,1288.669069831214,1212.2225995869896,1270.467529296875,19504,0.0,0.0
2008-07-14 00:00:00+09:00,1270.4675268830551,1303.2302997826182,1234.0644458835407,1288.6690673828125,5526,0.0,0.0
2008-07-15 00:00:00+09:00,1274.1077916762408,1277.7480996524587,1201.3016321518842,1237.7047119140625,32470,0.0,0.0
2008-07-16 00:00:00+09:00,1255.906494140625,1281.3886548913044,1226.7840247112772,1255.906494140625,4494,0.0,0.0
2008-07-17 00:00:00+09:00,1244.9854736328125,1266.8273240474234,1215.8630064133315,1244.9854736328125,18259,0.0,0.0
2008-07-18 00:00:00+09:00,1263.1868434206267,1263.1868434206267,1208.5822248289571,1230.424072265625,17445,0.0,0.0
2008-07-21 00:00:00+09:00,1215.8630769690687,1255.9064717195472,1215.8630769690687,1248.6258544921875,21290,0.0,0.0
2008-07-22 00:00:00+09:00,1223.1434536637933,1310.510843211207,1208.5822220725574,1266.8271484375,189055,0.0,0.0
2008-07-23 00:00:00+09:00,1270.4675525980456,1277.7481689453125,1223.1435463408118,1277.7481689453125,145956,0.0,0.0
2008-07-24 00:00:00+09:00,1346.9139995410997,1408.7992373578527,1252.265988762536,1270.467529296875,235426,0.0,0.0
2008-07-25 00:00:00+09:00,1248.6256089484555,1266.8271484375,1234.0643773572199,1266.8271484375,25710,0.0,0.0
2008-07-28 00:00:00+09:00,1244.9855458785075,1259.546780333227,1237.7049286511478,1248.6258544921875,17315,0.0,0.0
2008-07-29 00:00:00+09:00,1226.7840247112772,1255.906494140625,1223.1437160326088,1255.906494140625,27258,0.0,0.0
2008-07-30 00:00:00+09:00,1241.3451652303775,1285.028866059599,1234.0645484255072,1244.9854736328125,6166,0.0,0.0
2008-07-31 00:00:00+09:00,1241.3451652303775,1248.6257820352478,1230.4242400230721,1244.9854736328125,6166,0.0,0.0
2008-08-01 00:00:00+09:00,1234.0645292822994,1252.2660710121268,1219.5032958984375,1219.5032958984375,18885,0.0,0.0
2008-08-04 00:00:00+09:00,1237.7047874813986,1248.6257120768228,1208.5823218936011,1223.1435546875,10936,0.0,0.0
2008-08-05 00:00:00+09:00,1234.0645292822994,1234.0645292822994,1208.582370860541,1219.5032958984375,6142,0.0,0.0
2008-08-06 00:00:00+09:00,1219.503325140908,1339.6335034383706,1219.503325140908,1306.8707275390625,148190,0.0,0.0
2008-08-07 00:00:00+09:00,1325.0720960828992,1346.9139438205293,1299.5899403889973,1310.5108642578125,39409,0.0,0.0
2008-08-08 00:00:00+09:00,1295.9497272081612,1368.7558916580579,1295.9497272081612,1321.431884765625,70403,0.0,0.0
2008-08-11 00:00:00+09:00,1361.4754978867827,1518.008777055584,1332.35302734375,1332.35302734375,1677803,0.0,0.0
2008-08-12 00:00:00+09:00,1354.1947371713964,1405.1590552369864,1274.1079516397547,1306.8707275390625,289987,0.0,0.0
2008-08-13 00:00:00+09:00,1321.431941986084,1339.6334838867188,1259.5466995239258,1281.3885498046875,127631,0.0,0.0
2008-08-14 00:00:00+09:00,1274.1078349830066,1303.2302997826182,1266.8272187831037,1288.6690673828125,27991,0.0,0.0
2008-08-18 00:00:00+09:00,1288.669181404533,1343.2738077352337,1288.669181404533,1325.072265625,53771,0.0,0.0
2008-08-19 00:00:00+09:00,1325.0722697053448,1335.993195005114,1295.9498022392931,1306.8707275390625,36139,0.0,0.0
2008-08-20 00:00:00+09:00,1325.0722697053448,1376.036587770935,1306.8707275390625,1306.8707275390625,83945,0.0,0.0
2008-08-21 00:00:00+09:00,1306.8706343343792,1346.9140242443464,1270.4675525980456,1277.7481689453125,33990,0.0,0.0
2008-08-22 00:00:00+09:00,1277.7482533440746,1306.8707206567599,1183.1002345778468,1226.783935546875,53284,0.0,0.0
2008-08-25 00:00:00+09:00,1230.424069459411,1339.6333063936781,1194.0209904813219,1266.8271484375,132753,0.0,0.0
2008-08-26 00:00:00+09:00,1226.7837643595137,1277.748075045072,1223.1434564534022,1230.424072265625,56667,0.0,0.0
2008-08-27 00:00:00+09:00,1212.2226828835226,1241.3451497395833,1194.0211410984848,1201.3017578125,68104,0.0,0.0
2008-08-28 00:00:00+09:00,1201.3017578125,1223.1436079545454,1186.7405243844696,1201.3017578125,25167,0.0,0.0
2008-08-29 00:00:00+09:00,1190.3807867319306,1241.345101760209,1186.740478515625,1186.740478515625,15604,0.0,0.0
2008-09-01 00:00:00+09:00,1153.977705404792,1172.1792464995049,1026.5669177418024,1033.8475341796875,74338,0.0,0.0
2008-09-02 00:00:00+09:00,1077.531204108905,1077.531204108905,961.0413442052396,968.3219604492188,68077,0.0,0.0
2008-09-03 00:00:00+09:00,968.3219348099152,1037.4877872963377,957.4010107331117,979.2428588867188,17102,0.0,0.0
2008-09-04 00:00:00+09:00,968.3219555840975,1019.2862690358921,968.3219555840975,1004.7250366210938,26364,0.0,0.0
2008-09-05 00:00:00+09:00,1004.7252140791816,1044.7686102924822,1004.7252140791816,1022.9267578125,7878,0.0,0.0
2008-09-08 00:00:00+09:00,1030.2073159413796,1077.531326921019,1030.2073159413796,1062.9700927734375,14104,0.0,0.0
2008-09-09 00:00:00+09:00,1059.3297615840518,1077.5313038793104,1055.689453125,1055.689453125,20982,0.0,0.0
2008-09-10 00:00:00+09:00,1055.689403625698,1077.531253355885,1052.0490953373335,1059.3297119140625,5834,0.0,0.0
2008-09-11 00:00:00+09:00,1048.4087611607142,1077.531226748512,1048.4087611607142,1070.2506103515625,8154,0.0,0.0
2008-09-12 00:00:00+09:00,1059.329727626083,1113.934352761448,1059.329727626083,1103.013427734375,30570,0.0,0.0
2008-09-16 00:00:00+09:00,1059.3296188244717,1059.3296188244717,986.5234594550922,1012.005615234375,21327,0.0,0.0
2008-09-17 00:00:00+09:00,1019.2863207420532,1059.3297119140625,1019.2863207420532,1059.3297119140625,17135,0.0,0.0
2008-09-18 00:00:00+09:00,990.163904879386,1059.3297658819902,982.8832879317434,1037.4879150390625,22867,0.0,0.0
2008-09-19 00:00:00+09:00,1070.250636779156,1070.250636779156,1048.408787048969,1059.3297119140625,18364,0.0,0.0
2008-09-22 00:00:00+09:00,1059.329615275065,1077.5311550564236,1048.40869140625,1048.40869140625,26218,0.0,0.0
2008-09-23 00:00:00+09:00,1044.768559449108,1048.408868018617,1019.2863994625444,1026.5670166015625,19730,0.0,0.0
2008-09-24 00:00:00+09:00,1030.2072001068434,1059.3296651275316,1026.5668919792574,1044.7684326171875,12201,0.0,0.0
2008-09-25 00:00:00+09:00,1041.1280754937065,1081.1714630126953,1026.5668436686196,1048.40869140625,16407,0.0,0.0
2008-09-26 00:00:00+09:00,1055.689475699647,1073.8910183841235,1041.1282415520657,1062.9700927734375,20104,0.0,0.0
2008-09-29 00:00:00+09:00,1048.4088362068967,1070.2506869612068,1033.8476023706896,1055.689453125,15107,0.0,0.0
2008-09-30 00:00:00+09:00,924.6382583397021,1015.6459609321926,924.6382583397021,1004.7250366210938,16064,0.0,0.0
2008-10-01 00:00:00+09:00,1012.0056528284929,1037.4878095543902,1004.7250366210938,1004.7250366210938,10200,0.0,0.0
2008-10-02 00:00:00+09:00,1001.0848834950436,1026.5670441658265,997.444574827789,1015.6461181640625,12478,0.0,0.0
2008-10-06 00:00:00+09:00,1012.0057786207933,1012.0057786207933,939.1996074969952,946.480224609375,19549,0.0,0.0
2008-10-07 00:00:00+09:00,895.5158615112305,946.4801788330078,895.5158615112305,931.9189453125,29043,0.0,0.0
2008-10-08 00:00:00+09:00,862.7530517578125,920.997983522053,862.7530517578125,862.7530517578125,30670,0.0,0.0
2008-10-09 00:00:00+09:00,862.7529175321935,899.1559942213156,800.8676871606859,859.1126098632812,30670,0.0,0.0
2008-10-10 00:00:00+09:00,808.1484917534723,884.5949707031251,764.4647894965278,786.306640625,24993,0.0,0.0
2008-10-13 00:00:00+09:00,789.9469184875488,859.1127777099609,786.3066101074219,815.4290771484375,51964,0.0,0.0
2008-10-14 00:00:00+09:00,855.472302194369,862.7529175321935,844.5513791876324,859.1126098632812,23775,0.0,0.0
2008-10-15 00:00:00+09:00,859.1127084585336,859.1127084585336,837.2708599384014,851.8320922851562,6831,0.0,0.0
2008-10-16 00:00:00+09:00,833.6305469197964,840.9111630501003,782.6662340076691,793.587158203125,19431,0.0,0.0
2008-10-17 00:00:00+09:00,757.1841315670289,837.2709147135416,677.0973484205163,753.5438232421875,216306,0.0,0.0
2008-10-20 00:00:00+09:00,757.1840697216386,866.393310546875,757.1840697216386,866.393310546875,216306,0.0,0.0
2008-10-21 00:00:00+09:00,870.0335825818651,888.2351219664229,833.6305038127493,855.4723510742188,66574,0.0,0.0
2008-10-22 00:00:00+09:00,855.4723980636277,917.3576353703583,815.4290092180962,870.0336303710938,54947,0.0,0.0
2008-10-23 00:00:00+09:00,870.033736617477,870.033736617477,749.9035554108797,786.306640625,19816,0.0,0.0
2008-10-24 00:00:00+09:00,786.3065260283802,873.6739178093113,669.816670320472,713.5003662109375,87270,0.0,0.0
2008-10-27 00:00:00+09:00,626.1329465656612,706.2197188008039,622.492638736791,629.7732543945312,43798,0.0,0.0
2008-10-28 00:00:00+09:00,538.7656827536962,698.9392641129032,538.7656827536962,677.097412109375,73778,0.0,0.0
2008-10-29 00:00:00+09:00,720.7809753417969,720.7809753417969,618.8523525661892,655.2554321289062,61007,0.0,0.0
2008-10-30 00:00:00+09:00,662.5360974121094,753.5438031005859,655.2554809570313,728.0616455078125,193129,0.0,0.0
2008-10-31 00:00:00+09:00,728.0616396949404,764.4647216796874,720.781023297991,764.4647216796875,42093,0.0,0.0
2008-11-03 00:00:00+09:00,786.3065945607311,786.3065945607311,742.6228948629127,771.745361328125,59713,0.0,0.0
2008-11-04 00:00:00+09:00,837.2709108748526,797.2275194851858,760.8244364036705,771.745361328125,104063,0.0,0.0
2008-11-05 00:00:00+09:00,775.3856080608604,884.5948486328125,775.3856080608604,884.5948486328125,134062,0.0,0.0
2008-11-06 00:00:00+09:00,837.2708983217935,851.8321313360856,764.4647332503332,768.1050415039062,104063,0.0,0.0
2008-11-07 00:00:00+09:00,728.0616497171336,873.6739796605603,706.2198002256196,844.551513671875,67986,0.0,0.0
2008-11-10 00:00:00+09:00,844.5514665570175,844.5514665570175,789.9468458744517,829.990234375,24088,0.0,0.0
2008-11-11 00:00:00+09:00,859.1128301919842,859.1128301919842,789.9469667443245,811.788818359375,2887,0.0,0.0
2008-11-12 00:00:00+09:00,829.9902415255622,917.3576353703583,786.3065446031642,870.0336303710938,37686,0.0,0.0
2008-11-13 00:00:00+09:00,804.508076025181,866.3933126425027,804.508076025181,848.1917724609375,17258,0.0,0.0
2008-11-14 00:00:00+09:00,924.6382540189302,924.6382540189302,829.9902437650239,851.8320922851562,21199,0.0,0.0
2008-11-17 00:00:00+09:00,840.9112054232893,873.6739796605603,833.630588926118,844.551513671875,15851,0.0,0.0
2008-11-18 00:00:00+09:00,884.5947635456668,884.5947635456668,826.3498408430714,859.1126098632812,4618,0.0,0.0
2008-11-19 00:00:00+09:00,891.8755176399328,891.8755176399328,829.9902776404273,862.7530517578125,3975,0.0,0.0
2008-11-20 00:00:00+09:00,815.429042350113,859.1127410474405,800.867809451004,804.5081176757812,3521,0.0,0.0
2008-11-21 00:00:00+09:00,731.7019844055176,870.0337028503418,731.7019844055176,815.4290771484375,11454,0.0,0.0
2008-11-24 00:00:00+09:00,800.8678509256115,859.1127855383832,800.8678509256115,837.2709350585938,3727,0.0,0.0
2008-11-25 00:00:00+09:00,819.0694635564631,866.3934770063921,815.4291548295455,840.9113159179688,9762,0.0,0.0
2008-11-26 00:00:00+09:00,822.7095801820146,870.0335825818651,822.7095801820146,855.4723510742188,15963,0.0,0.0
2008-11-27 00:00:00+09:00,873.6740226270747,888.2352563375259,848.191863633785,877.3143310546875,6140,0.0,0.0
2008-11-28 00:00:00+09:00,866.393310546875,877.3142346293986,851.8320784368435,866.393310546875,4533,0.0,0.0
2008-12-01 00:00:00+09:00,851.8320784368435,899.1560827944459,815.4289981617646,866.393310546875,23426,0.0,0.0
2008-12-02 00:00:00+09:00,859.1126589511304,859.1126589511304,826.3498880589262,855.4723510742188,5250,0.0,0.0
2008-12-03 00:00:00+09:00,899.1560926593719,935.5591733338404,866.3933200523502,888.2351684570312,28079,0.0,0.0
2008-12-04 00:00:00+09:00,888.2352563375259,917.3577237584284,859.1127889166235,877.3143310546875,10561,0.0,0.0
2008-12-05 00:00:00+09:00,880.9545754533473,961.0413550400152,859.1127264751651,895.5158081054688,19399,0.0,0.0
2008-12-08 00:00:00+09:00,910.0770642680507,920.9979890392673,880.9545982114731,902.7964477539062,26000,0.0,0.0
2008-12-09 00:00:00+09:00,917.3575689476656,924.6381845742344,888.2351064413905,906.4366455078125,29052,0.0,0.0
2008-12-10 00:00:00+09:00,920.9979548633546,986.5235010591664,920.9979548633546,968.3219604492188,52903,0.0,0.0
2008-12-11 00:00:00+09:00,968.3218381536843,1037.4876837360903,946.4799921802929,986.5233764648438,80290,0.0,0.0
2008-12-12 00:00:00+09:00,946.480224609375,1008.3654700646034,917.3577561598559,946.480224609375,53483,0.0,0.0
2008-12-15 00:00:00+09:00,946.4801976889258,964.6817399521744,910.0771131624288,957.401123046875,53483,0.0,0.0
2008-12-16 00:00:00+09:00,964.6817722694547,964.6817722694547,895.515909352022,928.2786865234375,33697,0.0,0.0
2008-12-17 00:00:00+09:00,935.5592271959458,975.6026182432431,924.6383023648648,942.83984375,33941,0.0,0.0
2008-12-18 00:00:00+09:00,982.8832227130268,982.8832227130268,917.3576745321584,939.1995239257812,17639,0.0,0.0
2008-12-19 00:00:00+09:00,931.9189723320159,950.1205147603755,902.7965044466404,920.998046875,22552,0.0,0.0
2008-12-22 00:00:00+09:00,953.7608642578124,975.6027161110447,931.9190124045801,953.7608642578125,32175,0.0,0.0
2008-12-23 00:00:00+09:00,953.7607875976563,990.16387109375,902.796470703125,910.0770874023438,25292,0.0,0.0
2008-12-24 00:00:00+09:00,880.9545982114731,935.5592220675561,873.6739816973287,902.7964477539062,15226,0.0,0.0
2008-12-26 00:00:00+09:00,913.7174072265626,913.7174072265626,895.5158652499379,913.7174072265625,10433,0.0,0.0
2008-12-29 00:00:00+09:00,992.2721080619748,1041.8857134650734,963.3308382435005,984.003173828125,33934,150.0,0.0
2008-12-30 00:00:00+09:00,984.003332571922,1008.8101392754158,950.9275903005969,963.3309936523438,17082,0.0,0.0
2009-01-02 00:00:00+09:00,992.2722239474373,988.1377563476564,959.1964831491894,988.1377563476562,12987,0.0,0.0
2009-01-05 00:00:00+09:00,992.2721080619748,1033.6167792312237,967.4653053604254,984.003173828125,12987,0.0,0.0
2009-01-06 00:00:00+09:00,992.2721421423037,1025.3478802137138,967.4653385887461,1000.5410766601562,23712,0.0,0.0
2009-01-07 00:00:00+09:00,988.1377600542447,1025.3479685918524,988.1377600542447,1021.2135009765625,28628,0.0,0.0
2009-01-08 00:00:00+09:00,975.7344226371952,1046.0203768102135,975.7344226371952,1017.0791015625,23851,0.0,0.0
2009-01-09 00:00:00+09:00,1017.079081613266,1070.8271631619345,1017.079081613266,1062.5582275390625,28076,0.0,0.0
2009-01-12 00:00:00+09:00,1033.6170346718134,1087.3651204747478,1033.6170346718134,1050.1549072265625,29954,0.0,0.0
2009-01-13 00:00:00+09:00,1041.885926231971,1083.230605844351,1033.6169903094951,1074.961669921875,11787,0.0,0.0
2009-01-14 00:00:00+09:00,1091.4994404368158,1149.3819865205862,1062.5581673949305,1132.8441162109375,75203,0.0,0.0
2009-01-15 00:00:00+09:00,1091.4995571402617,1136.9787053544392,1062.5582810039668,1066.6927490234375,39311,0.0,0.0
2009-01-16 00:00:00+09:00,1070.827119660468,1149.3820048865257,1046.020313799608,1087.364990234375,34597,0.0,0.0
2009-01-19 00:00:00+09:00,1141.1130109836254,1141.1130109836254,1087.3649343793243,1120.440673828125,27770,0.0,0.0
2009-01-20 00:00:00+09:00,1116.3064119709072,1174.188966665695,1041.88598450618,1108.0374755859375,45287,0.0,0.0
2009-01-21 00:00:00+09:00,1108.037383108428,1132.844190192945,1074.961640329072,1091.49951171875,46780,0.0,0.0
2009-01-22 00:00:00+09:00,1103.9028463111733,1112.1717814895342,1074.9615731869103,1095.6339111328125,24747,0.0,0.0
2009-01-23 00:00:00+09:00,1091.499649630248,1091.499649630248,1054.289434301944,1083.230712890625,11396,0.0,0.0
2009-01-28 00:00:00+09:00,1087.3650755951371,1141.1131591796875,1087.3650755951371,1141.1131591796875,32731,0.0,0.0
2009-01-29 00:00:00+09:00,1170.0544008197205,1170.0544008197205,1091.49951171875,1091.49951171875,44790,0.0,0.0
2009-01-30 00:00:00+09:00,1095.6338692415245,1120.440673828125,1066.692597223824,1120.440673828125,20410,0.0,0.0
2009-02-02 00:00:00+09:00,1116.3062600528492,1174.1888068704043,1083.2305190142463,1124.5751953125,51126,0.0,0.0
2009-02-03 00:00:00+09:00,1108.037128287302,1194.8609331157845,1108.037128287302,1174.1885986328125,44375,0.0,0.0
2009-02-04 00:00:00+09:00,1194.8610177069354,1347.8363037109375,1161.7852801925567,1347.8363037109375,269538,0.0,0.0
2009-02-05 00:00:00+09:00,1343.7019182801616,1434.6602019791264,1306.4917113124034,1335.4329833984375,181818,0.0,0.0
2009-02-06 00:00:00+09:00,1347.8363915878851,1513.2150899422268,1335.4329892113094,1476.0048828125,179839,0.0,0.0
2009-02-09 00:00:00+09:00,1542.1563561757405,1604.1733678181965,1529.7529538472493,1587.635498046875,193675,0.0,0.0
2009-02-10 00:00:00+09:00,1624.8458349609375,1823.3002880859376,1624.8458349609375,1757.1488037109375,1682704,0.0,0.0
2009-02-11 00:00:00+09:00,1653.7872023809523,1831.5693266369046,1612.4425223214284,1736.4765625,518775,0.0,0.0
2009-02-12 00:00:00+09:00,1777.821044921875,1777.821044921875,1579.3666026980377,1600.0389404296875,320737,0.0,0.0
2009-02-13 00:00:00+09:00,1600.0389727424172,1653.787051930147,1504.9462172564338,1546.2908935546875,243408,0.0,0.0
2009-02-16 00:00:00+09:00,1620.7113037109375,1620.7113037109375,1525.618548646265,1620.7113037109375,406088,0.0,0.0
2009-02-17 00:00:00+09:00,1620.7110749204714,1620.7110749204714,1380.9119873046875,1380.9119873046875,406088,0.0,0.0
2009-02-18 00:00:00+09:00,1571.0976520163476,1484.2738344049178,1298.2227966661399,1430.5257568359375,928490,0.0,0.0
2009-02-19 00:00:00+09:00,1571.0975996733312,1641.383544921875,1525.6184586301558,1641.383544921875,928490,0.0,0.0
2009-02-20 00:00:00+09:00,1802.6278866038601,1856.37596579159,1488.4083467371322,1546.2908935546875,1872904,0.0,0.0
2009-02-23 00:00:00+09:00,1492.5427622449943,1542.1563720703125,1422.2568149924598,1542.1563720703125,556287,0.0,0.0
2009-02-24 00:00:00+09:00,1546.2909889802108,1761.2833189988498,1513.2152459004203,1628.9803466796875,1227744,0.0,0.0
2009-02-25 00:00:00+09:00,1674.4594374946926,1690.9973084822943,1521.484130859375,1521.484130859375,381022,0.0,0.0
2009-02-26 00:00:00+09:00,1538.0218801684366,1600.038891465551,1447.0635969326688,1484.2738037109375,297460,0.0,0.0
2009-02-27 00:00:00+09:00,1430.5258170303891,1521.484105974518,1426.3913493511104,1500.811767578125,180063,0.0,0.0
2009-03-02 00:00:00+09:00,1463.6013278618543,1480.1391959732878,1347.8362510818206,1380.9119873046875,195547,0.0,0.0
2009-03-03 00:00:00+09:00,1289.9541752653302,1335.433328880454,1252.743958671138,1314.760986328125,191906,0.0,0.0
2009-03-04 00:00:00+09:00,1298.2229407141517,1426.3914475999438,1281.6850688579204,1376.77783203125,251176,0.0,0.0
2009-03-05 00:00:00+09:00,1447.0635732014975,1496.6771814255487,1389.1810302734375,1389.1810302734375,399925,0.0,0.0
2009-03-06 00:00:00+09:00,1364.3743987040987,1397.4501417029858,1323.0297199554896,1393.315673828125,150617,0.0,0.0
2009-03-09 00:00:00+09:00,1397.4501122617303,1430.525854563783,1372.6433055351906,1409.853515625,165887,0.0,0.0
2009-03-10 00:00:00+09:00,1409.85347625913,1426.3913469483866,1380.912202552931,1397.4500732421875,98096,0.0,0.0
2009-03-11 00:00:00+09:00,1413.9879258819842,1442.92919921875,1397.4500554038323,1442.92919921875,113474,0.0,0.0
2009-03-12 00:00:00+09:00,1438.7949058657787,1513.21533203125,1397.4502246627392,1513.21533203125,208153,0.0,0.0
2009-03-13 00:00:00+09:00,1571.0976704592429,1600.0389433361236,1521.4840598131614,1562.8287353515625,465463,0.0,0.0
2009-03-16 00:00:00+09:00,1724.0729602792646,1744.7452979324933,1496.67724609375,1496.67724609375,875975,0.0,0.0
2009-03-17 00:00:00+09:00,1480.139452697932,1488.4083881878646,1401.5845655435724,1418.1224365234375,517211,0.0,0.0
2009-03-18 00:00:00+09:00,1422.256807875359,1438.794677734375,1405.7189380163434,1438.794677734375,237233,0.0,0.0
2009-03-19 00:00:00+09:00,1438.7947901392963,1442.9292579270527,1409.853515625,1409.853515625,163733,0.0,0.0
2009-03-20 00:00:00+09:00,1409.8534054810973,1447.0636126638829,1409.8534054810973,1438.794677734375,155875,0.0,0.0
2009-03-23 00:00:00+09:00,1447.0636525385062,1451.1981201171875,1405.7189767516916,1451.1981201171875,61193,0.0,0.0
2009-03-24 00:00:00+09:00,1471.8705518265845,1480.1394875110036,1438.7948090889086,1467.736083984375,118748,0.0,0.0
2009-03-25 00:00:00+09:00,1484.2737625749144,1513.2150337114726,1471.8703606592467,1509.08056640625,146029,0.0,0.0
2009-03-26 00:00:00+09:00,1509.0805527689672,1517.3494873046875,1463.6014128225052,1517.3494873046875,102374,0.0,0.0
2009-03-27 00:00:00+09:00,1521.4839545725476,1521.4839545725476,1492.5426836975264,1517.3494873046875,102374,0.0,0.0
2009-03-30 00:00:00+09:00,1504.9462135118195,1504.9462135118195,1397.4500554038323,1442.92919921875,155920,0.0,0.0
2009-03-31 00:00:00+09:00,1405.7189518041005,1442.929159351856,1401.5844842987945,1430.5257568359375,133931,0.0,0.0
2009-04-01 00:00:00+09:00,1418.122287013689,1463.6014274135448,1418.122287013689,1434.66015625,109023,0.0,0.0
2009-04-02 00:00:00+09:00,1451.1981344578257,1467.7360049359777,1430.525796360136,1442.92919921875,136390,0.0,0.0
2009-04-03 00:00:00+09:00,1455.3326612903227,1463.6015968658357,1401.584580049487,1409.853515625,178374,0.0,0.0
2009-04-06 00:00:00+09:00,1413.9880222054414,1442.92929751374,1409.853554304256,1422.2569580078125,168570,0.0,0.0
2009-04-07 00:00:00+09:00,1442.9291295128612,1488.408271130745,1426.3912598336308,1484.2738037109375,139082,0.0,0.0
2009-04-08 00:00:00+09:00,1484.273955353213,1488.4084231954225,1451.198212615537,1467.736083984375,164160,0.0,0.0
2009-04-09 00:00:00+09:00,1496.677474807907,1521.4842837826236,1480.1396021580958,1504.9464111328125,218636,0.0,0.0
2009-04-10 00:00:00+09:00,1538.0221099028715,1571.0978542018581,1488.4084934543919,1529.753173828125,232566,0.0,0.0
2009-04-13 00:00:00+09:00,1550.42529296875,1554.5597604166667,1513.2150859375,1550.42529296875,221530,0.0,0.0
2009-04-14 00:00:00+09:00,1550.4253239921445,1566.9631941147272,1476.0049084405216,1496.67724609375,250932,0.0,0.0
2009-04-15 00:00:00+09:00,1488.4083881878646,1509.080726912696,1331.2986138791455,1418.1224365234375,294704,0.0,0.0
2009-04-16 00:00:00+09:00,1438.79478515625,1463.601591796875,1405.71904296875,1447.063720703125,205123,0.0,0.0
2009-04-17 00:00:00+09:00,1455.3328032817108,1480.1396124285582,1393.3157804145924,1401.584716796875,137670,0.0,0.0
2009-04-20 00:00:00+09:00,1401.5844047995174,1405.7188720703125,1360.2397320915672,1405.7188720703125,56122,0.0,0.0
2009-04-21 00:00:00+09:00,1364.374199362362,1405.7188720703125,1364.374199362362,1405.7188720703125,56122,0.0,0.0
2009-04-22 00:00:00+09:00,1422.2568502147296,1422.2568502147296,1393.315577099895,1413.9879150390625,88847,0.0,0.0
2009-04-23 00:00:00+09:00,1422.2568792760726,1434.660282293015,1397.4500732421875,1397.4500732421875,145175,0.0,0.0
2009-04-24 00:00:00+09:00,1422.2568470664175,1455.332587695869,1405.7189767516916,1451.1981201171875,277727,0.0,0.0
2009-04-27 00:00:00+09:00,1529.7529673950835,1604.1733820251145,1463.6014877239447,1579.3665771484375,964345,0.0,0.0
2009-04-28 00:00:00+09:00,1595.9047217805125,1608.3081263539361,1401.584716796875,1401.584716796875,486651,0.0,0.0
2009-04-29 00:00:00+09:00,1405.7189630178823,1459.467041015625,1385.0466253264428,1459.467041015625,282631,0.0,0.0
2009-04-30 00:00:00+09:00,1488.4082873114223,1513.215092099946,1438.794677734375,1438.794677734375,266299,0.0,0.0
2009-05-04 00:00:00+09:00,1459.4672239441802,1467.7361600571785,1409.8536072661911,1426.3914794921875,144301,0.0,0.0
2009-05-06 00:00:00+09:00,1509.0808639109462,1542.1566088733778,1480.1395870688184,1513.21533203125,396722,0.0,0.0
2009-05-07 00:00:00+09:00,1525.618548004321,1525.618548004321,1447.0636634187326,1480.139404296875,155151,0.0,0.0
2009-05-08 00:00:00+09:00,1480.1396021580958,1504.9464111328125,1447.0638568584736,1504.9464111328125,115433,0.0,0.0
2009-05-11 00:00:00+09:00,1513.2151666456652,1558.6943109984038,1509.0806989772345,1538.02197265625,250854,0.0,0.0
2009-05-12 00:00:00+09:00,1538.022156432435,1546.2910927573405,1484.2740703205486,1504.9464111328125,146977,0.0,0.0
2009-05-13 00:00:00+09:00,1496.6771243524681,1533.8873291015625,1496.6771243524681,1533.8873291015625,196151,0.0,0.0
2009-05-14 00:00:00+09:00,1521.4840346430967,1562.8287094975285,1492.5427622449943,1542.1563720703125,238025,0.0,0.0
2009-05-15 00:00:00+09:00,1554.5599016910346,1645.5181938112548,1529.7530947491564,1608.3079833984375,482429,0.0,0.0
2009-05-18 00:00:00+09:00,1628.980307358962,1848.1070999732385,1620.7113717886118,1719.9385986328125,1631009,0.0,0.0
2009-05-19 00:00:00+09:00,1732.3419771588922,1736.4764448848084,1637.2492194628194,1699.2662353515625,515896,0.0,0.0
2009-05-20 00:00:00+09:00,1728.207529296875,1769.55220703125,1649.6526416015627,1653.787109375,268143,0.0,0.0
2009-05-21 00:00:00+09:00,1678.5938954723931,1711.6696372551005,1591.7700732927867,1595.904541015625,292454,0.0,0.0
2009-05-22 00:00:00+09:00,1612.4422745852128,1649.6524809217944,1546.2907966535117,1604.17333984375,180305,0.0,0.0
2009-05-25 00:00:00+09:00,1616.5767163420376,1624.8456509524829,1368.5086780286815,1509.08056640625,285558,0.0,0.0
2009-05-26 00:00:00+09:00,1521.4839697406342,1562.8286428314123,1422.2567543227667,1434.66015625,222810,0.0,0.0
2009-05-27 00:00:00+09:00,1422.2568122632576,1471.8704219933713,1351.9708651455967,1364.374267578125,250727,0.0,0.0
2009-05-28 00:00:00+09:00,1364.374325201378,1380.9121958098797,1285.8194398109956,1331.298583984375,219576,0.0,0.0
2009-05-29 00:00:00+09:00,1343.7018768403304,1372.6431480338147,1331.298474900266,1360.23974609375,48322,0.0,0.0
2009-06-01 00:00:00+09:00,1351.9709665964076,1409.853515625,1339.567563233138,1409.853515625,104441,0.0,0.0
2009-06-02 00:00:00+09:00,1442.9291058494932,1442.9291058494932,1385.0465629214334,1389.1810302734375,106806,0.0,0.0
2009-06-03 00:00:00+09:00,1405.7190864030704,1438.7948296125544,1376.777811094772,1422.2569580078125,80544,0.0,0.0
2009-06-04 00:00:00+09:00,1426.391279740767,1426.391279740767,1364.374267578125,1364.374267578125,63963,0.0,0.0
2009-06-05 00:00:00+09:00,1372.6431903661958,1372.6431903661958,1323.0295810758514,1335.4329833984375,109976,0.0,0.0
2009-06-08 00:00:00+09:00,1339.5675155777944,1380.9121919845165,1339.5675155777944,1368.5087890625,50405,0.0,0.0
2009-06-09 00:00:00+09:00,1389.181127265861,1389.181127265861,1347.836450859139,1368.5087890625,37871,0.0,0.0
2009-06-10 00:00:00+09:00,1372.6433640671924,1397.4501718515392,1360.239960175019,1376.77783203125,37776,0.0,0.0
2009-06-11 00:00:00+09:00,1397.4501718515392,1397.4501718515392,1347.8365562828453,1376.77783203125,37776,0.0,0.0
2009-06-12 00:00:00+09:00,1397.4501173639871,1405.7190529696913,1356.1054393354668,1372.643310546875,46652,0.0,0.0
2009-06-15 00:00:00+09:00,1372.6432672083026,1405.7190085868158,1368.5087995359884,1397.4500732421875,33918,0.0,0.0
2009-06-16 00:00:00+09:00,1405.7190085868158,1405.7190085868158,1360.23986419136,1397.4500732421875,33918,0.0,0.0
2009-06-17 00:00:00+09:00,1405.7190529696913,1405.7190529696913,1356.1054393354668,1372.643310546875,20215,0.0,0.0
2009-06-18 00:00:00+09:00,1356.1053493583465,1380.9121545295357,1306.4917390159678,1318.8951416015625,85300,0.0,0.0
2009-06-19 00:00:00+09:00,1331.2985159575755,1335.4329833984375,1318.8951136349895,1335.4329833984375,15681,0.0,0.0
2009-06-22 00:00:00+09:00,1380.9121919845165,1380.9121919845165,1335.4330479371224,1368.5087890625,22995,0.0,0.0
2009-06-23 00:00:00+09:00,1351.9708964350848,1368.5087667278688,1306.491753129929,1310.626220703125,33239,0.0,0.0
2009-06-24 00:00:00+09:00,1302.357475184187,1323.0298160601264,1273.4161979578719,1306.491943359375,50852,0.0,0.0
2009-06-25 00:00:00+09:00,1318.8954548385907,1343.7022659013855,1298.2231122862618,1314.760986328125,20761,0.0,0.0
2009-06-26 00:00:00+09:00,1339.5676887608781,1343.7021569360659,1306.491943359375,1306.491943359375,16068,0.0,0.0
2009-06-29 00:00:00+09:00,1318.8954548385907,1331.2988603699882,1285.8197067548645,1314.760986328125,33197,0.0,0.0
2009-06-30 00:00:00+09:00,1314.7607062844668,1323.0296415441176,1265.1470947265625,1265.1470947265625,49673,0.0,0.0
2009-07-01 00:00:00+09:00,1248.609329818131,1281.685073654373,1240.3403938590707,1273.4161376953125,27658,0.0,0.0
2009-07-02 00:00:00+09:00,1281.6849224384016,1314.7606623722957,1277.5504549466648,1289.953857421875,22290,0.0,0.0
2009-07-03 00:00:00+09:00,1289.9540860121417,1306.4919589097333,1261.0128084413566,1298.2230224609375,18949,0.0,0.0
2009-07-06 00:00:00+09:00,1289.9539074631211,1343.701986940751,1289.9539074631211,1331.298583984375,55850,0.0,0.0
2009-07-07 00:00:00+09:00,1331.298583984375,1335.4330516365003,1306.4917780716225,1331.298583984375,16995,0.0,0.0
2009-07-08 00:00:00+09:00,1339.5674649532712,1339.5674649532712,1306.4917250778817,1327.1640625,25946,0.0,0.0
2009-07-09 00:00:00+09:00,1323.0295810758514,1335.4329833984375,1306.4917113124034,1335.4329833984375,31593,0.0,0.0
2009-07-10 00:00:00+09:00,1335.4331589687017,1356.105498890818,1314.7608190465855,1339.567626953125,32419,0.0,0.0
2009-07-13 00:00:00+09:00,1347.8363999221185,1356.1053348909659,1314.760660046729,1327.1640625,61726,0.0,0.0
2009-07-14 00:00:00+09:00,1331.2986699801772,1426.3914321216184,1331.2986699801772,1385.0467529296875,175013,0.0,0.0
2009-07-15 00:00:00+09:00,1372.6430932021722,1397.4498960913681,1351.9707574611757,1356.105224609375,95417,0.0,0.0
2009-07-16 00:00:00+09:00,1364.3742698598132,1380.9121397975077,1314.760660046729,1327.1640625,74467,0.0,0.0
2009-07-17 00:00:00+09:00,1306.4917780716225,1339.5675192886258,1306.4917780716225,1331.298583984375,36793,0.0,0.0
2009-07-20 00:00:00+09:00,1347.8362510818206,1385.0464543325459,1335.4328499982457,1380.9119873046875,43343,0.0,0.0
2009-07-21 00:00:00+09:00,1385.046670225245,1405.7190085868158,1368.5087995359884,1397.4500732421875,50467,0.0,0.0
2009-07-22 00:00:00+09:00,1389.1811623086735,1438.794775248269,1380.912226818741,1418.1224365234375,119145,0.0,0.0
2009-07-23 00:00:00+09:00,1413.9879687784712,1430.5258397583364,1397.450097798606,1418.1224365234375,59421,0.0,0.0
2009-07-24 00:00:00+09:00,1418.122365632746,1488.40831378364,1418.122365632746,1459.467041015625,95039,0.0,0.0
2009-07-27 00:00:00+09:00,1447.0636668382879,1463.6015373164398,1426.391328740598,1442.92919921875,51585,0.0,0.0
2009-07-28 00:00:00+09:00,1430.525849609375,1451.1981884765626,1426.3913818359376,1447.063720703125,77129,0.0,0.0
2009-07-29 00:00:00+09:00,1438.7947173811433,1463.601522853232,1426.3913146450989,1451.1981201171875,57901,0.0,0.0
2009-07-30 00:00:00+09:00,1484.2738754141296,1484.2738754141296,1438.794731599212,1442.92919921875,50288,0.0,0.0
2009-07-31 00:00:00+09:00,1459.467041015625,1459.467041015625,1442.9291708624733,1459.467041015625,50839,0.0,0.0
2009-08-03 00:00:00+09:00,1471.8704436304886,1480.1393787070645,1447.0636384007612,1459.467041015625,25917,0.0,0.0
2009-08-04 00:00:00+09:00,1463.6015085539127,1488.40831378364,1451.1981059390491,1459.467041015625,82760,0.0,0.0
2009-08-05 00:00:00+09:00,1496.677248860216,1496.677248860216,1451.1981059390491,1459.467041015625,53602,0.0,0.0
2009-08-06 00:00:00+09:00,1471.8705178965693,1554.5598728345788,1463.6015824027684,1521.484130859375,161869,0.0,0.0
2009-08-07 00:00:00+09:00,1525.6185188082702,1542.156388930853,1488.4083110324586,1496.67724609375,97723,0.0,0.0
2009-08-10 00:00:00+09:00,1525.6185188082702,1525.6185188082702,1480.1393759711673,1496.67724609375,38878,0.0,0.0
2009-08-11 00:00:00+09:00,1500.811927670338,1517.349800151554,1480.1395870688184,1513.21533203125,35180,0.0,0.0
2009-08-12 00:00:00+09:00,1517.3495951500042,1525.6185302734375,1492.5427897797044,1525.6185302734375,38753,0.0,0.0
2009-08-13 00:00:00+09:00,1529.7531374938806,1612.4424962773335,1529.7531374938806,1583.501220703125,200555,0.0,0.0
2009-08-14 00:00:00+09:00,1600.038983682948,1600.038983682948,1542.1564364696112,1575.232177734375,67767,0.0,0.0
2009-08-17 00:00:00+09:00,1653.7871294585475,1761.283292873353,1575.2322408092666,1608.3079833984375,495407,0.0,0.0
2009-08-18 00:00:00+09:00,1628.980196392117,1753.0142214981156,1571.0976513426508,1645.51806640625,837658,0.0,0.0
2009-08-19 00:00:00+09:00,1641.383515830352,1769.552001953125,1600.038842887522,1769.552001953125,461957,0.0,0.0
2009-08-20 00:00:00+09:00,1769.5522580030488,2034.158203125,1719.9386432926829,2034.158203125,923882,0.0,0.0
2009-08-21 00:00:00+09:00,2141.6545976216817,2335.974609375,2067.2341675884954,2335.974609375,1768999,0.0,0.0
2009-08-24 00:00:00+09:00,2522.025520783176,2683.269775390625,2352.512330042012,2683.269775390625,1644472,0.0,0.0
2009-08-25 00:00:00+09:00,2397.991421464561,2604.714819866678,2282.226318359375,2282.226318359375,1350943,0.0,0.0
2009-08-26 00:00:00+09:00,2249.150404188368,2600.5801548428003,2075.5027626885308,2381.453369140625,2028282,0.0,0.0
2009-08-27 00:00:00+09:00,2439.335666232639,2695.6726345486113,2397.9909939236113,2604.71435546875,1577340,0.0,0.0
2009-08-28 00:00:00+09:00,2724.6141026955283,2993.3544921875,2658.462622205197,2993.3544921875,1819888,0.0,0.0
2009-08-31 00:00:00+09:00,3042.968432934253,3104.9854526272065,2546.832275390625,2546.832275390625,1687312,0.0,0.0
2009-09-01 00:00:00+09:00,2480.680476008235,2811.437872809333,2261.5537006275076,2447.604736328125,2503430,0.0,0.0
2009-09-02 00:00:00+09:00,2381.4535495923915,2530.294396441916,2257.419510551121,2282.226318359375,940576,0.0,0.0
2009-09-03 00:00:00+09:00,2352.5123030788213,2373.1846431761746,2075.5029457742853,2133.385498046875,982869,0.0,0.0
2009-09-04 00:00:00+09:00,2141.654129309848,2273.957087105051,2042.4269109634456,2240.88134765625,1164018,0.0,0.0
2009-09-07 00:00:00+09:00,2162.326549141362,2377.318863778744,2154.057613963001,2191.267822265625,1283186,0.0,0.0
2009-09-08 00:00:00+09:00,2191.267876059322,2505.487420550847,2191.267876059322,2439.3359375,1557501,0.0,0.0
2009-09-09 00:00:00+09:00,2493.083956275796,2493.083956275796,2162.326549141362,2191.267822265625,752087,0.0,0.0
2009-09-10 00:00:00+09:00,2154.0577878368144,2154.0577878368144,1955.6033275370694,2025.8892822265625,514738,0.0,0.0
2009-09-11 00:00:00+09:00,2083.771941898376,2282.2264125553643,2046.5617286501906,2100.309814453125,955419,0.0,0.0
2009-09-14 00:00:00+09:00,2104.444192270132,2414.5292893629808,2017.6203650841346,2149.92333984375,2815600,0.0,0.0
2009-09-15 00:00:00+09:00,2224.3437261814024,2224.3437261814024,2001.082459984756,2034.158203125,636647,0.0,0.0
2009-09-16 00:00:00+09:00,2092.040753620427,2100.309689405488,1984.544588414634,2034.158203125,356007,0.0,0.0
2009-09-17 00:00:00+09:00,2030.0237689678486,2195.402487417368,2013.4858971228966,2149.92333984375,615399,0.0,0.0
2009-09-18 00:00:00+09:00,2133.385390700997,2162.326665381049,2050.696034472276,2125.116455078125,358658,0.0,0.0
2009-09-21 00:00:00+09:00,2211.940185546875,2364.915488098715,2182.9989120911214,2211.940185546875,920448,0.0,0.0
2009-09-22 00:00:00+09:00,2149.923272901966,2298.764114872102,2050.696044921875,2050.696044921875,457977,0.0,0.0
2009-09-23 00:00:00+09:00,2079.637340679365,2100.3096800499357,1992.8135153229703,2005.2169189453125,329223,0.0,0.0
2009-09-24 00:00:00+09:00,1984.5445063164893,2013.4857803669381,1934.9308936585771,1943.1998291015625,299279,0.0,0.0
2009-09-25 00:00:00+09:00,1947.3343262242659,1976.2756007116752,1881.1828416816156,1926.6619873046875,281488,0.0,0.0
2009-09-28 00:00:00+09:00,1926.6621937432506,1976.2758124662525,1901.8553843817494,1914.2587890625,229710,0.0,0.0
2009-09-29 00:00:00+09:00,1914.2587666740583,1930.796639388305,1868.7796167098797,1893.58642578125,165985,0.0,0.0
2009-09-30 00:00:00+09:00,1897.7207128172781,1943.19985844035,1868.7794383298685,1926.6619873046875,226805,0.0,0.0
2009-10-01 00:00:00+09:00,1918.3929729959239,1939.0653110670005,1889.4516996964164,1901.8551025390625,50893,0.0,0.0
2009-10-05 00:00:00+09:00,1885.3173094655313,1972.1411329277596,1819.165824922881,1926.6619873046875,159051,0.0,0.0
2009-10-06 00:00:00+09:00,1922.5273836576023,1980.4099285419172,1893.5861112154448,1934.9307861328125,137877,0.0,0.0
2009-10-07 00:00:00+09:00,1939.0655939275568,2083.771981534091,1934.9311257102272,2046.561767578125,1143982,0.0,0.0
2009-10-08 00:00:00+09:00,2017.6202435901619,2046.5615175760863,1934.9308893446635,1980.4100341796875,216348,0.0,0.0
2009-10-09 00:00:00+09:00,1972.1407183630993,1996.9475198519433,1939.0649830446405,1951.4683837890625,95669,0.0,0.0
2009-10-12 00:00:00+09:00,1959.7373176186773,2034.1577220852093,1943.199449959448,1951.4683837890625,173821,0.0,0.0
2009-10-13 00:00:00+09:00,1934.9308936585771,1959.7376999875332,1918.3930227726064,1943.1998291015625,90755,0.0,0.0
2009-10-14 00:00:00+09:00,1955.6031235914966,1968.0065260667068,1930.796318641076,1934.9307861328125,100854,0.0,0.0
2009-10-15 00:00:00+09:00,1968.0066354305186,1968.0066354305186,1930.7964259370845,1943.1998291015625,74471,0.0,0.0
2009-10-16 00:00:00+09:00,1943.1999893672369,1959.737861617171,1922.5276490548194,1955.6033935546875,100416,0.0,0.0
2009-10-19 00:00:00+09:00,2034.1582867418736,2054.830627054291,1955.6033935546875,1955.6033935546875,488644,0.0,0.0
2009-10-20 00:00:00+09:00,1968.0066507273707,2182.998973916075,1947.334311959226,2038.2926025390625,1138325,0.0,0.0
2009-10-21 00:00:00+09:00,2063.099578796751,2257.4195792044607,2005.2170254838159,2079.637451171875,1425048,0.0,0.0
2009-10-22 00:00:00+09:00,2079.636959813222,2104.4437625147716,1947.3340120716255,1968.00634765625,678641,0.0,0.0
2009-10-23 00:00:00+09:00,1976.2751852779065,1984.5441191075213,1943.199449959448,1951.4683837890625,190504,0.0,0.0
2009-10-26 00:00:00+09:00,2079.6371178433465,2240.88134765625,2079.6371178433465,2240.88134765625,1058822,0.0,0.0
2009-10-27 00:00:00+09:00,2331.839891387195,2513.7564786585367,2063.0994783727133,2203.67138671875,2769539,0.0,0.0
2009-10-28 00:00:00+09:00,2125.116512376435,2203.6714029117506,1980.4101350745375,2025.8892822265625,1089582,0.0,0.0
2009-10-29 00:00:00+09:00,2042.4269795735677,2108.5784606933594,1939.0652903238934,1984.54443359375,490362,0.0,0.0
2009-10-30 00:00:00+09:00,1984.5446702453987,2042.427223127556,1947.3344576782974,2021.7548828125,186371,0.0,0.0
2009-11-02 00:00:00+09:00,2104.444192270132,2265.6884427584137,2063.0995126577523,2149.92333984375,1000570,0.0,0.0
2009-11-03 00:00:00+09:00,2187.133078701525,2216.0743481739455,1984.5441923945782,2058.964599609375,560154,0.0,0.0
2009-11-04 00:00:00+09:00,2042.4272906591023,2100.309845455109,2005.2170768616693,2083.77197265625,210152,0.0,0.0
2009-11-05 00:00:00+09:00,2092.040655494193,2216.0746864523467,2083.771720096983,2158.192138671875,497788,0.0,0.0
2009-11-06 00:00:00+09:00,2199.536815657926,2265.6882988356083,2125.116397083034,2158.192138671875,452998,0.0,0.0
2009-11-09 00:00:00+09:00,2158.1923293920945,2220.2093503516376,2129.251052944308,2154.057861328125,274104,0.0,0.0
2009-11-10 00:00:00+09:00,2174.72998046875,2203.671253973087,2120.9819011035524,2174.72998046875,159030,0.0,0.0
2009-11-11 00:00:00+09:00,2199.5368296642177,2497.218505859375,2191.267894214352,2497.218505859375,1463806,0.0,0.0
2009-11-12 00:00:00+09:00,2703.941569010417,2794.899848090278,2563.369683159722,2604.71435546875,2170086,0.0,0.0
2009-11-13 00:00:00+09:00,2646.0590805471124,2720.4794921875,2464.1425187594987,2720.4794921875,1731785,0.0,0.0
2009-11-16 00:00:00+09:00,2782.496917527722,2832.110532699093,2563.3701171875,2563.3701171875,1342896,0.0,0.0
2009-11-17 00:00:00+09:00,2571.638642434513,2873.454753202551,2513.7561006433825,2811.437744140625,1620061,0.0,0.0
2009-11-18 00:00:00+09:00,2695.6726345486113,2778.361979166667,2555.100748697917,2604.71435546875,794207,0.0,0.0
2009-11-19 00:00:00+09:00,2546.8323845456484,2629.5217476802477,2356.6468493360708,2422.79833984375,910388,0.0,0.0
2009-11-20 00:00:00+09:00,2464.1424974451375,2464.1424974451375,2327.7050772845846,2402.12548828125,348575,0.0,0.0
2009-11-23 00:00:00+09:00,2435.2014228566936,2435.2014228566936,2327.705264971678,2360.781005859375,280546,0.0,0.0
2009-11-24 00:00:00+09:00,2340.108366434047,2360.7807018265744,2174.729683293832,2207.805419921875,396630,0.0,0.0
2009-11-25 00:00:00+09:00,2240.88143333579,2273.9571740492333,2145.78867878464,2191.267822265625,222980,0.0,0.0
2009-11-26 00:00:00+09:00,2191.26801945613,2249.1505709134617,2149.92333984375,2149.92333984375,178873,0.0,0.0
2009-11-27 00:00:00+09:00,2108.578625190549,2137.519900438262,2017.620331554878,2034.158203125,239950,0.0,0.0
2009-11-30 00:00:00+09:00,2050.6962671843175,2112.7132913935206,2030.0239257812498,2030.02392578125,323664,0.0,0.0
2009-12-01 00:00:00+09:00,2054.8306426091885,2100.30979164078,2009.3514935775968,2079.637451171875,124605,0.0,0.0
2009-12-02 00:00:00+09:00,2116.847549019608,2125.1164847579657,2083.7718060661764,2108.57861328125,195584,0.0,0.0
2009-12-03 00:00:00+09:00,2100.3096240330306,2145.7887694353203,2100.3096240330306,2104.444091796875,170389,0.0,0.0
2009-12-04 00:00:00+09:00,2092.0406064987183,2137.5197501182556,2075.5027360916138,2116.847412109375,95805,0.0,0.0
2009-12-07 00:00:00+09:00,2133.385380565672,2249.150478735902,2116.847509398496,2199.536865234375,287031,0.0,0.0
2009-12-08 00:00:00+09:00,2207.8055013020835,2257.419108072917,2182.998697916667,2195.402099609375,216237,0.0,0.0
2009-12-09 00:00:00+09:00,2191.267822265625,2220.209095389888,2158.1920815521817,2191.267822265625,79830,0.0,0.0
2009-12-10 00:00:00+09:00,2216.074435763889,2220.208902994792,2158.19189453125,2195.402099609375,59107,0.0,0.0
2009-12-11 00:00:00+09:00,2174.7302692470266,2224.3438875568445,2166.461332862057,2216.074951171875,88591,0.0,0.0
2009-12-14 00:00:00+09:00,2245.01595187717,2245.01595187717,2211.9402104130495,2232.612548828125,91154,0.0,0.0
2009-12-15 00:00:00+09:00,2245.016106646994,2311.1675941356716,2228.4782347748246,2282.226318359375,93081,0.0,0.0
2009-12-16 00:00:00+09:00,2282.226425005641,2327.705574779304,2265.6885523606725,2290.495361328125,81169,0.0,0.0
2009-12-17 00:00:00+09:00,2294.629204839254,2369.0496114826888,2294.629204839254,2298.763671875,140150,0.0,0.0
2009-12-18 00:00:00+09:00,2298.7641902315445,2315.302062103714,2257.419510551121,2282.226318359375,71109,0.0,0.0
2009-12-21 00:00:00+09:00,2298.763891691651,2307.0328265538515,2232.6124127940498,2240.88134765625,115854,0.0,0.0
2009-12-22 00:00:00+09:00,2236.7469593799897,2269.822699999287,2207.8056863381044,2265.688232421875,82064,0.0,0.0
2009-12-23 00:00:00+09:00,2257.4192138671874,2315.3017578125,2236.746876743862,2315.3017578125,57441,0.0,0.0
2009-12-24 00:00:00+09:00,2356.6462103754498,2356.6462103754498,2290.494737803507,2298.763671875,68500,0.0,0.0
2009-12-28 00:00:00+09:00,2294.629886191609,2439.3362754109,2286.3609496647923,2389.72265625,368731,0.0,0.0
2009-12-29 00:00:00+09:00,2433.33046875,2433.33046875,2328.67109375,2354.8359375,176100,150.0,0.0
2009-12-30 00:00:00+09:00,2346.114339821127,2367.918376436565,2250.1765787132,2258.898193359375,128451,0.0,0.0
2010-01-04 00:00:00+09:00,2232.733252427184,2306.8669736991806,2189.125181090716,2245.815673828125,97923,0.0,0.0
2010-01-05 00:00:00+09:00,2232.733477011494,2293.7847830235273,2224.011861866918,2276.341552734375,122123,0.0,0.0
2010-01-06 00:00:00+09:00,2271.980566592617,2293.784602740339,2267.6197593630723,2285.06298828125,76567,0.0,0.0
2010-01-07 00:00:00+09:00,2289.4239079840827,2341.753597309433,2280.7022930965245,2333.031982421875,76206,0.0,0.0
2010-01-08 00:00:00+09:00,2333.0319972591506,2389.7224943888123,2315.588767373101,2367.91845703125,85389,0.0,0.0
2010-01-11 00:00:00+09:00,2385.3617194680605,2385.3617194680605,2333.032029095818,2372.279296875,93084,0.0,0.0
2010-01-12 00:00:00+09:00,2372.279213763298,2642.649271214262,2372.279213763298,2459.495361328125,676536,0.0,0.0
2010-01-13 00:00:00+09:00,2472.577831008671,2616.484477257853,2459.495408622382,2498.74267578125,284227,0.0,0.0
2010-01-14 00:00:00+09:00,2529.268212806001,2564.1546709136696,2472.5777183810387,2516.185791015625,118746,0.0,0.0
2010-01-15 00:00:00+09:00,2494.381591796875,2524.907240647536,2459.4951359675483,2494.381591796875,102023,0.0,0.0
2010-01-18 00:00:00+09:00,2485.660028506885,2546.711327452668,2463.8559931691047,2533.62890625,94040,0.0,0.0
2010-01-19 00:00:00+09:00,2511.825130662021,2564.1548208841464,2472.5778629954266,2503.103515625,127719,0.0,0.0
2010-01-20 00:00:00+09:00,2503.1034181397767,2529.2682622318302,2481.299381396399,2490.02099609375,97142,0.0,0.0
2010-01-21 00:00:00+09:00,2485.6603175951086,2507.46435546875,2450.7738569972826,2507.46435546875,83892,0.0,0.0
2010-01-22 00:00:00+09:00,2455.134536482775,2555.43310546875,2455.134536482775,2555.43310546875,138916,0.0,0.0
2010-01-25 00:00:00+09:00,2564.1543181758598,2773.4730380269507,2537.9894781944736,2599.040771484375,266455,0.0,0.0
2010-01-26 00:00:00+09:00,2694.9786547851563,2708.0610754394534,2564.1544482421878,2616.484130859375,199671,0.0,0.0
2010-01-27 00:00:00+09:00,2660.0923637778073,2660.0923637778073,2572.876220703125,2572.876220703125,105157,0.0,0.0
2010-01-28 00:00:00+09:00,2599.0411458333333,2599.0411458333333,2433.33046875,2485.66015625,210848,0.0,0.0
2010-01-29 00:00:00+09:00,2420.247873159555,2503.1032057542066,2415.8870661808896,2494.381591796875,103583,0.0,0.0
2010-02-01 00:00:00+09:00,2524.9074540382358,2581.597949552048,2485.660187913289,2555.43310546875,99278,0.0,0.0
2010-02-02 00:00:00+09:00,2581.597965330387,2633.927653816814,2555.4331210871737,2590.319580078125,146975,0.0,0.0
2010-02-03 00:00:00+09:00,2620.845003552611,2660.0922665009866,2564.1545126271803,2625.205810546875,65519,0.0,0.0
2010-02-04 00:00:00+09:00,2625.2061885310914,2664.4534571303934,2572.8764970653556,2577.2373046875,165218,0.0,0.0
2010-02-05 00:00:00+09:00,2446.413003550823,2520.5467309311507,2398.444121128258,2468.217041015625,174795,0.0,0.0
2010-02-08 00:00:00+09:00,2503.1033854166667,2594.680338541667,2463.856119791667,2485.66015625,101491,0.0,0.0
2010-02-09 00:00:00+09:00,2485.660250916773,2568.5155926139987,2468.217021085778,2564.15478515625,94511,0.0,0.0
2010-02-10 00:00:00+09:00,2599.0410636255297,2607.762677932998,2542.350570626986,2572.876220703125,81475,0.0,0.0
2010-02-11 00:00:00+09:00,2590.3194989696367,2660.092414766799,2551.072233833733,2612.12353515625,111868,0.0,0.0
2010-02-12 00:00:00+09:00,2638.288570280998,2703.70068359375,2594.6804947391634,2703.70068359375,93203,0.0,0.0
2010-02-16 00:00:00+09:00,2808.36007943123,2878.1330006593353,2721.143927896099,2738.587158203125,194248,0.0,0.0
2010-02-17 00:00:00+09:00,2738.5867468631627,2878.132568359375,2703.70029148911,2878.132568359375,174652,0.0,0.0
2010-02-18 00:00:00+09:00,2847.6073760038576,2878.1330293454,2777.8344540803328,2808.360107421875,186156,0.0,0.0
2010-02-19 00:00:00+09:00,2751.669164557206,2799.6380406429894,2572.876080964741,2651.37060546875,332554,0.0,0.0
2010-02-22 00:00:00+09:00,2703.700928873445,2803.99951171875,2668.8144652750775,2803.99951171875,94456,0.0,0.0
2010-02-23 00:00:00+09:00,2808.3599450435254,2843.246403988165,2738.587027154245,2786.555908203125,86461,0.0,0.0
2010-02-24 00:00:00+09:00,2764.7517217498976,2764.7517217498976,2660.0923505795545,2668.81396484375,189856,0.0,0.0
2010-02-25 00:00:00+09:00,2673.175024078474,2673.175024078474,2533.629182691017,2537.989990234375,243376,0.0,0.0
2010-02-26 00:00:00+09:00,2559.7939776985013,2590.3196299027422,2476.9386360012754,2564.15478515625,148136,0.0,0.0
2010-03-02 00:00:00+09:00,2603.402150420368,2629.5669961532362,2529.2684208439086,2577.2373046875,98900,0.0,0.0
2010-03-03 00:00:00+09:00,2590.3196807546715,2590.3196807546715,2507.464337430869,2537.989990234375,112207,0.0,0.0
2010-03-04 00:00:00+09:00,2551.072233017177,2559.79384748903,2490.0209317142017,2546.71142578125,93282,0.0,0.0
2010-03-05 00:00:00+09:00,2546.711555325255,2572.8764000717474,2511.825095663265,2564.15478515625,110108,0.0,0.0
2010-03-08 00:00:00+09:00,2564.1547201631824,2594.6803715936967,2498.742609954938,2555.43310546875,195078,0.0,0.0
2010-03-09 00:00:00+09:00,2529.268144880022,2546.7113734654017,2442.052001953125,2442.052001953125,220000,0.0,0.0
2010-03-10 00:00:00+09:00,2420.24815859306,2476.938656001546,2415.8873511000993,2468.217041015625,100786,0.0,0.0
2010-03-11 00:00:00+09:00,2459.4953292512546,2485.6601731794594,2389.722412109375,2389.722412109375,105720,0.0,0.0
2010-03-12 00:00:00+09:00,2442.0520060911017,2599.0410636255297,2437.6911989373675,2572.876220703125,716425,0.0,0.0
2010-03-15 00:00:00+09:00,2625.2060870776327,2651.3709317993366,2537.989938005286,2629.56689453125,498444,0.0,0.0
2010-03-16 00:00:00+09:00,2668.814216535116,2668.814216535116,2529.2683751476593,2537.989990234375,455707,0.0,0.0
2010-03-17 00:00:00+09:00,2503.1034351105386,2581.597967918883,2450.7737465716423,2459.495361328125,369433,0.0,0.0
2010-03-18 00:00:00+09:00,2459.4955733792185,2516.1860741840587,2450.7739578707815,2455.134765625,121344,0.0,0.0
2010-03-19 00:00:00+09:00,2459.4952646891275,2537.9897944132485,2450.7736502753364,2511.824951171875,261941,0.0,0.0
2010-03-22 00:00:00+09:00,2660.092371544471,2886.8543442007212,2629.5667213792067,2834.524658203125,3144308,0.0,0.0
2010-03-23 00:00:00+09:00,2904.297826956201,2908.658634504183,2729.8655250369093,2769.11279296875,1165743,0.0,0.0
2010-03-24 00:00:00+09:00,2725.504482493681,2965.348876953125,2668.8139892578124,2965.348876953125,1126135,0.0,0.0
2010-03-25 00:00:00+09:00,2895.576141734182,2895.576141734182,2790.916763117284,2825.80322265625,463924,0.0,0.0
2010-03-26 00:00:00+09:00,2790.916763117284,2899.936949176553,2751.669496135947,2825.80322265625,337637,0.0,0.0
2010-03-29 00:00:00+09:00,2764.7516537525617,2769.1124607774077,2660.09228515625,2660.09228515625,382525,0.0,0.0
2010-03-30 00:00:00+09:00,2721.143927896099,2769.112811240421,2677.535852128533,2738.587158203125,164918,0.0,0.0
2010-03-31 00:00:00+09:00,2721.143733671624,2742.9477699991207,2668.814046485631,2712.422119140625,194528,0.0,0.0
2010-04-01 00:00:00+09:00,2747.3088007387905,2817.0817226623158,2747.3088007387905,2808.360107421875,330766,0.0,0.0
2010-04-02 00:00:00+09:00,2790.916514967638,2808.3597431861854,2681.8963386017144,2694.978759765625,224540,0.0,0.0
2010-04-05 00:00:00+09:00,2729.8654685507013,2729.8654685507013,2511.825095663265,2564.15478515625,326365,0.0,0.0
2010-04-06 00:00:00+09:00,2564.154881821066,2577.2373046875,2494.3819598667515,2577.2373046875,99413,0.0,0.0
2010-04-07 00:00:00+09:00,2607.7627936353456,2620.8452156769945,2546.711490774317,2555.43310546875,47252,0.0,0.0
2010-04-08 00:00:00+09:00,2529.268522641408,2590.319831808614,2503.103675855462,2524.90771484375,108429,0.0,0.0
2010-04-09 00:00:00+09:00,2546.711605321091,2559.7940279511654,2481.299492170721,2537.989990234375,94644,0.0,0.0
2010-04-12 00:00:00+09:00,2537.990086638622,2568.515740601629,2520.5468558026173,2551.072509765625,83744,0.0,0.0
2010-04-13 00:00:00+09:00,2555.433137909923,2607.762826740843,2537.9899082996167,2559.7939453125,79495,0.0,0.0
2010-04-14 00:00:00+09:00,2559.7939453125,2616.4844415459966,2555.433137909923,2559.7939453125,44964,0.0,0.0
2010-04-15 00:00:00+09:00,2572.876117412861,2572.876117412861,2481.2991708608774,2494.381591796875,113001,0.0,0.0
2010-04-16 00:00:00+09:00,2524.90738785396,2524.90738785396,2389.7223636338,2415.88720703125,187195,0.0,0.0
2010-04-19 00:00:00+09:00,2507.4642733869878,2607.7628443224676,2463.856199067214,2529.268310546875,316649,0.0,0.0
2010-04-20 00:00:00+09:00,2524.9073377336777,2524.9073377336777,2424.6087733677455,2442.052001953125,202671,0.0,0.0
2010-04-21 00:00:00+09:00,2428.9696129783592,2463.856070615391,2398.443962545956,2446.412841796875,148733,0.0,0.0
2010-04-22 00:00:00+09:00,2468.2170772828918,2468.2170772828918,2398.4441563703012,2407.165771484375,101520,0.0,0.0
2010-04-23 00:00:00+09:00,2407.165771484375,2424.609001712523,2367.918503471043,2407.165771484375,127322,0.0,0.0
2010-04-26 00:00:00+09:00,2520.546745699042,2529.2683607360627,2450.7738254028745,2503.103515625,244380,0.0,0.0
2010-04-27 00:00:00+09:00,2476.938325511466,2481.2991324225773,2420.247835667013,2424.608642578125,123932,0.0,0.0
2010-04-28 00:00:00+09:00,2381.0008141029343,2381.0008141029343,2319.949511177218,2359.19677734375,147108,0.0,0.0
2010-04-29 00:00:00+09:00,2346.1142379020025,2367.9182735702366,2184.764373957069,2245.815673828125,262041,0.0,0.0
2010-04-30 00:00:00+09:00,2241.455129067729,2258.8983596441317,2206.568667914924,2215.290283203125,124770,0.0,0.0
2010-05-03 00:00:00+09:00,2210.929443359375,2241.4550964235086,2206.5686357787845,2210.929443359375,61212,0.0,0.0
2010-05-04 00:00:00+09:00,2215.290136527642,2250.1765953705967,2210.9293291722724,2228.37255859375,47007,0.0,0.0
2010-05-06 00:00:00+09:00,2193.486434532523,2202.208050574402,2128.074314218432,2141.15673828125,95099,0.0,0.0
2010-05-07 00:00:00+09:00,2049.5794270833335,2132.434765625,1883.86875,2093.1875,107819,0.0,0.0
2010-05-10 00:00:00+09:00,2119.3525834517045,2167.321469085385,2119.3525834517045,2158.599853515625,49066,0.0,0.0
2010-05-11 00:00:00+09:00,2149.877978315099,2167.3212073480813,2106.269905732642,2123.713134765625,61704,0.0,0.0
2010-05-12 00:00:00+09:00,2088.826667720436,2136.7955473549346,2005.9713301699385,2040.8577880859375,183736,0.0,0.0
2010-05-13 00:00:00+09:00,2067.0227245229535,2075.744339394358,1971.0849609375,1971.0849609375,117126,0.0,0.0
2010-05-14 00:00:00+09:00,1923.1161668189613,2005.9715118746535,1918.7553591844512,1966.7242431640625,106618,0.0,0.0
2010-05-17 00:00:00+09:00,1988.5282486979165,1997.2498638237846,1936.1985579427082,1962.3634033203125,39095,0.0,0.0
2010-05-18 00:00:00+09:00,1958.002498481631,1988.5281499056207,1936.1984617502096,1949.2808837890625,60990,0.0,0.0
2010-05-19 00:00:00+09:00,1949.2808676613217,1958.0024822817304,1888.2295653184617,1914.3944091796875,61764,0.0,0.0
2010-05-20 00:00:00+09:00,1918.7552738844392,1966.7241557315504,1879.5080069186213,1905.6728515625,43536,0.0,0.0
2010-05-24 00:00:00+09:00,1840.2604849577506,1953.6414627039626,1822.8172576121794,1870.7861328125,55258,0.0,0.0
2010-05-25 00:00:00+09:00,1857.70390625,1910.0335937500001,1626.5811197916667,1700.71484375,129559,0.0,0.0
2010-05-26 00:00:00+09:00,1739.9620033149145,1822.817336806101,1691.9931260305434,1735.6011962890625,67009,0.0,0.0
2010-05-27 00:00:00+09:00,1761.7661376344297,1779.209366719919,1735.6012940061955,1748.6837158203125,47722,0.0,0.0
2010-05-28 00:00:00+09:00,1831.539112035779,1831.539112035779,1779.209423120471,1805.374267578125,26264,0.0,0.0
2010-05-31 00:00:00+09:00,1822.8171929888758,1866.4252598067917,1805.3739662617097,1862.064453125,24940,0.0,0.0
2010-06-01 00:00:00+09:00,1862.0647217372677,1875.1471436698482,1818.4566486286667,1848.9822998046875,46868,0.0,0.0
2010-06-03 00:00:00+09:00,1862.0646493396364,1905.6727207527426,1862.0646493396364,1888.2294921875,32709,0.0,0.0
2010-06-04 00:00:00+09:00,1888.2294594093605,1901.311880606192,1866.425424081308,1883.86865234375,19172,0.0,0.0
2010-06-07 00:00:00+09:00,1848.982135199135,1848.982135199135,1783.5700313595428,1827.1781005859375,32281,0.0,0.0
2010-06-08 00:00:00+09:00,1822.8174479166667,1848.9822916666667,1809.7350260416667,1831.5390625,18247,0.0,0.0
2010-06-09 00:00:00+09:00,1844.6215571013975,1870.7864018829775,1831.5391347106074,1857.7039794921875,25819,0.0,0.0
2010-06-10 00:00:00+09:00,1857.7036464432085,1862.064453125,1831.538806352459,1862.064453125,16686,0.0,0.0
2010-06-11 00:00:00+09:00,1875.1470291280302,1892.5902573059652,1853.3429939056111,1866.4254150390625,29625,0.0,0.0
2010-06-14 00:00:00+09:00,1883.8685533216783,1888.2293601580711,1848.982098630536,1870.7861328125,29245,0.0,0.0
2010-06-15 00:00:00+09:00,1862.0645519167879,1875.14697265625,1848.9821311773258,1875.14697265625,38761,0.0,0.0
2010-06-16 00:00:00+09:00,1879.5078779048788,1910.0335278940531,1857.7038421983257,1888.2294921875,39625,0.0,0.0
2010-06-17 00:00:00+09:00,1892.5905251242898,1918.75537109375,1883.8689098011364,1918.75537109375,24921,0.0,0.0
2010-06-18 00:00:00+09:00,1923.1158447265625,1923.1158447265625,1892.5901963975696,1923.1158447265625,33195,0.0,0.0
2010-06-21 00:00:00+09:00,1927.4766845703125,1940.55910550631,1892.5902287409856,1927.4766845703125,38815,0.0,0.0
2010-06-22 00:00:00+09:00,1914.394263634315,1927.4766845703125,1905.6726496769832,1927.4766845703125,65816,0.0,0.0
2010-06-23 00:00:00+09:00,1918.7552164898916,1927.4768311103003,1901.3119872490745,1914.3944091796875,32881,0.0,0.0
2010-06-24 00:00:00+09:00,1905.6726496769832,1958.0023334209736,1892.5902287409856,1927.4766845703125,44218,0.0,0.0
2010-06-25 00:00:00+09:00,1927.4769358271442,1944.920166015625,1905.672898091543,1944.920166015625,18135,0.0,0.0
2010-06-28 00:00:00+09:00,1940.5593013763428,1953.6417236328125,1923.1160717010498,1953.6417236328125,21821,0.0,0.0
2010-06-29 00:00:00+09:00,1958.0024822817304,1962.3632895919347,1892.5903726286658,1914.3944091796875,50147,0.0,0.0
2010-06-30 00:00:00+09:00,1892.5904292405608,1905.6728515625,1875.147199477975,1905.6728515625,38274,0.0,0.0
2010-07-01 00:00:00+09:00,1914.394466443793,1914.394466443793,1879.5080069186213,1905.6728515625,54841,0.0,0.0
2010-07-02 00:00:00+09:00,1910.0335038211367,1944.9199605119338,1892.5902754757383,1901.3118896484375,14215,0.0,0.0
2010-07-05 00:00:00+09:00,1918.75537109375,1940.5594094016335,1896.9513327858665,1918.75537109375,6194,0.0,0.0
2010-07-06 00:00:00+09:00,1914.3945634321733,1918.75537109375,1879.5081021395597,1918.75537109375,29974,0.0,0.0
2010-07-07 00:00:00+09:00,1918.7551753312212,1927.4767897645447,1883.8687175979262,1892.59033203125,27285,0.0,0.0
2010-07-08 00:00:00+09:00,1910.0335693359375,1958.0024489311322,1905.6727621000107,1910.0335693359375,14601,0.0,0.0
2010-07-09 00:00:00+09:00,1927.4767982796448,1944.920027223352,1901.3119548640839,1910.0335693359375,37722,0.0,0.0
2010-07-12 00:00:00+09:00,1910.0334566556492,1953.6415264423076,1910.0334566556492,1927.4766845703125,36415,0.0,0.0
2010-07-13 00:00:00+09:00,1936.198331466916,1944.9199455726227,1905.672682096942,1931.8375244140625,32365,0.0,0.0
2010-07-14 00:00:00+09:00,1927.4769358271442,1949.2809735627454,1918.7553207329038,1944.920166015625,37209,0.0,0.0
2010-07-15 00:00:00+09:00,1949.2807194636418,1949.2807194636418,1918.7550706129807,1927.4766845703125,32888,0.0,0.0
2010-07-16 00:00:00+09:00,1923.1159753006498,1953.6416257022472,1923.1159753006498,1940.5592041015625,43363,0.0,0.0
2010-07-19 00:00:00+09:00,1936.19860918939,2049.5796088266065,1923.1161861543264,2019.053955078125,92463,0.0,0.0
2010-07-20 00:00:00+09:00,2019.053808384187,2040.8578451917917,1979.8065421304989,2032.13623046875,34496,0.0,0.0
2010-07-21 00:00:00+09:00,2032.1361736069377,2040.8577880859375,2005.9713301699385,2040.8577880859375,40790,0.0,0.0
2010-07-22 00:00:00+09:00,2019.0539158983522,2053.9403766482155,1988.5282627422216,1997.2498779296875,73900,0.0,0.0
2010-07-23 00:00:00+09:00,2027.775570434834,2036.497185791543,1984.1674936512893,2019.053955078125,33467,0.0,0.0
2010-07-26 00:00:00+09:00,2001.6106855234204,2032.136338679551,1992.8890703359546,1997.2498779296875,23454,0.0,0.0
2010-07-27 00:00:00+09:00,1997.2498055517144,2010.3322278588219,1966.7241535017974,1971.0849609375,28850,0.0,0.0
2010-07-28 00:00:00+09:00,1979.8063729784942,2005.9712149121308,1971.0847590006153,1992.8887939453125,10492,0.0,0.0
2010-07-29 00:00:00+09:00,1992.8888833564624,1992.8888833564624,1966.7240402489379,1988.528076171875,22096,0.0,0.0
2010-07-30 00:00:00+09:00,1988.527986956373,2005.9712149121308,1975.4455659895548,1992.8887939453125,22051,0.0,0.0
2010-08-02 00:00:00+09:00,1992.8887800019363,2036.4968495862238,1992.8887800019363,2023.4144287109375,28090,0.0,0.0
2010-08-03 00:00:00+09:00,2027.7753590243344,2128.073925169624,2023.4145518006262,2088.82666015625,78672,0.0,0.0
2010-08-04 00:00:00+09:00,2093.187201433121,2097.5480081027736,1992.8886480311173,2053.93994140625,35427,0.0,0.0
2010-08-05 00:00:00+09:00,2053.9401702242417,2110.630663245293,2027.7753272914485,2084.4658203125,31473,0.0,0.0
2010-08-06 00:00:00+09:00,2084.46568845596,2110.63052973365,2040.85761965981,2067.0224609375,21545,0.0,0.0
2010-08-09 00:00:00+09:00,2093.187764270613,2093.187764270613,2049.5796858483086,2062.662109375,25729,0.0,0.0
2010-08-10 00:00:00+09:00,2084.4658529325416,2114.9915034984992,2049.579395142876,2088.82666015625,36694,0.0,0.0
2010-08-11 00:00:00+09:00,2097.548241778896,2097.548241778896,2053.9401702242417,2084.4658203125,14761,0.0,0.0
2010-08-12 00:00:00+09:00,2023.4145518006262,2093.187467379958,2023.4145518006262,2088.82666015625,19059,0.0,0.0
2010-08-13 00:00:00+09:00,2093.1875,2093.1875,2075.7442708333333,2093.1875,16175,0.0,0.0
2010-08-16 00:00:00+09:00,2062.6617845351725,2088.8266274679654,2058.300977379707,2084.4658203125,6363,0.0,0.0
2010-08-17 00:00:00+09:00,2075.74407469673,2084.46568845596,2040.85761965981,2067.0224609375,27374,0.0,0.0
2010-08-18 00:00:00+09:00,2049.5791677701272,2084.4656216896187,2049.5791677701272,2058.30078125,23917,0.0,0.0
2010-08-19 00:00:00+09:00,2080.1052382007088,2114.99169921875,2045.2187771826675,2114.99169921875,46784,0.0,0.0
2010-08-20 00:00:00+09:00,2110.630615234375,2110.630615234375,2075.74415878422,2110.630615234375,24441,0.0,0.0
2010-08-23 00:00:00+09:00,2106.270199718198,2128.074239052755,2093.1877761174637,2097.548583984375,19932,0.0,0.0
2010-08-24 00:00:00+09:00,2093.187354425466,2106.269775390625,2080.1049334603067,2106.269775390625,10238,0.0,0.0
2010-08-25 00:00:00+09:00,2106.269921875,2106.269921875,2049.5794270833335,2093.1875,12544,0.0,0.0
2010-08-26 00:00:00+09:00,2080.1050457088336,2097.5482746036664,2075.744238485125,2088.82666015625,26499,0.0,0.0
2010-08-27 00:00:00+09:00,2067.0225265887607,2088.826561679359,2067.0225265887607,2075.744140625,11980,0.0,0.0
2010-08-30 00:00:00+09:00,2093.1876474056603,2093.1876474056603,2071.3836094118515,2080.105224609375,17170,0.0,0.0
2010-08-31 00:00:00+09:00,2080.105078125,2106.269921875,2067.02265625,2093.1875,9491,0.0,0.0
2010-09-01 00:00:00+09:00,2093.1875,2106.269921875,2075.7442708333333,2093.1875,24901,0.0,0.0
2010-09-02 00:00:00+09:00,2093.1875,2101.9091145833336,2084.465885416667,2093.1875,25764,0.0,0.0
2010-09-03 00:00:00+09:00,2093.187467379958,2101.909081827375,2080.1050457088336,2088.82666015625,28041,0.0,0.0
2010-09-06 00:00:00+09:00,2093.1878500509165,2141.15673828125,2093.1878500509165,2141.15673828125,19572,0.0,0.0
2010-09-07 00:00:00+09:00,2167.321125309642,2167.321125309642,2128.0738614710367,2145.51708984375,9839,0.0,0.0
2010-09-08 00:00:00+09:00,2145.5174301609845,2167.321469085385,2136.795814591225,2158.599853515625,13257,0.0,0.0
2010-09-09 00:00:00+09:00,2171.681982714259,2189.1252114910803,2149.8779467432323,2184.764404296875,33713,0.0,0.0
2010-09-10 00:00:00+09:00,2189.1254054564224,2210.929443359375,2171.682175134061,2210.929443359375,18054,0.0,0.0
2010-09-13 00:00:00+09:00,2219.6510404000487,2241.455078125,2184.7645800401265,2241.455078125,31166,0.0,0.0
2010-09-14 00:00:00+09:00,2258.8981280659523,2263.2589352629907,2224.011670489644,2250.176513671875,36766,0.0,0.0
2010-09-15 00:00:00+09:00,2267.619742460029,2267.619742460029,2241.454899277798,2250.176513671875,27411,0.0,0.0
2010-09-16 00:00:00+09:00,2250.1766432542067,2306.8671400803787,2245.8158358060396,2267.619873046875,34126,0.0,0.0
2010-09-17 00:00:00+09:00,2267.6197593630723,2285.06298828125,2241.454915985806,2285.06298828125,26720,0.0,0.0
2010-09-20 00:00:00+09:00,2306.8670739133386,2306.8670739133386,2245.8157713901123,2258.898193359375,35153,0.0,0.0
2010-09-24 00:00:00+09:00,2215.290232855058,2280.7023460299124,2215.290232855058,2241.455078125,28867,0.0,0.0
2010-09-27 00:00:00+09:00,2228.372380128381,2250.1764151589914,2215.2899591100145,2237.093994140625,18299,0.0,0.0
2010-09-28 00:00:00+09:00,2197.8471162683823,2237.0943862017466,2197.8471162683823,2224.011962890625,16946,0.0,0.0
2010-09-29 00:00:00+09:00,2219.650831026244,2254.5372880954187,2206.5684096253035,2245.815673828125,11312,0.0,0.0
2010-09-30 00:00:00+09:00,2254.5372221651132,2254.5372221651132,2197.8467310855262,2237.093994140625,21024,0.0,0.0
2010-10-01 00:00:00+09:00,2224.011752220892,2224.011752220892,2154.238834504158,2162.96044921875,72754,0.0,0.0
2010-10-04 00:00:00+09:00,2154.2386379942604,2154.2386379942604,2093.1873405612246,2136.79541015625,70113,0.0,0.0
2010-10-05 00:00:00+09:00,2110.6309678819443,2167.321469085385,2110.6309678819443,2158.599853515625,18448,0.0,0.0
2010-10-06 00:00:00+09:00,2171.6818518533073,2176.0426587847396,2154.238624127578,2167.321044921875,26651,0.0,0.0
2010-10-07 00:00:00+09:00,2171.68193240282,2206.568389148247,2123.7130543778585,2145.51708984375,57756,0.0,0.0
2010-10-08 00:00:00+09:00,2136.795540628163,2176.042805660109,2136.795540628163,2154.23876953125,18678,0.0,0.0
2010-10-11 00:00:00+09:00,2171.682079496838,2202.207731216673,2145.5172351655506,2197.846923828125,21411,0.0,0.0
2010-10-12 00:00:00+09:00,2197.8469884819665,2215.2902185492835,2189.125373448308,2206.568603515625,7435,0.0,0.0
2010-10-13 00:00:00+09:00,2215.290186030322,2219.6509934831374,2189.125341313428,2202.207763671875,23816,0.0,0.0
2010-10-14 00:00:00+09:00,2197.8468913084,2197.8468913084,2167.3212400402276,2193.486083984375,40518,0.0,0.0
2010-10-15 00:00:00+09:00,2202.2078140656313,2202.2078140656313,2154.238930986974,2176.04296875,37202,0.0,0.0
2010-10-18 00:00:00+09:00,2171.6819501953123,2193.4859858398436,2171.6819501953123,2180.403564453125,31118,0.0,0.0
2010-10-19 00:00:00+09:00,2197.8470026750974,2241.455078125,2162.960542315175,2241.455078125,64053,0.0,0.0
2010-10-20 00:00:00+09:00,2228.372542576572,2228.372542576572,2189.1252766603507,2193.486083984375,15739,0.0,0.0
2010-10-21 00:00:00+09:00,2210.9295270091507,2232.733565737052,2189.12548828125,2189.12548828125,37900,0.0,0.0
2010-10-22 00:00:00+09:00,2219.650927928523,2219.650927928523,2162.960432716203,2193.486083984375,28053,0.0,0.0
2010-10-25 00:00:00+09:00,2202.2079115179904,2202.2079115179904,2171.682257298929,2189.12548828125,22854,0.0,0.0
2010-10-26 00:00:00+09:00,2171.681982714259,2206.5684402679017,2162.9603683258483,2184.764404296875,38232,0.0,0.0
2010-10-27 00:00:00+09:00,2189.1253914078156,2189.1253914078156,2149.8781234343687,2176.04296875,46015,0.0,0.0
2010-10-28 00:00:00+09:00,2180.403253639558,2180.403253639558,2154.2384145958836,2171.681640625,19313,0.0,0.0
2010-10-29 00:00:00+09:00,2176.0428712906373,2180.4036786479332,2136.7956050749744,2162.96044921875,33832,0.0,0.0
2010-11-01 00:00:00+09:00,2136.795188566767,2171.681640625,2136.795188566767,2171.681640625,10503,0.0,0.0
2010-11-02 00:00:00+09:00,2162.9600276104416,2176.042447132279,2149.8776080886046,2171.681640625,25409,0.0,0.0
2010-11-03 00:00:00+09:00,2180.4038727900897,2193.48629602683,2136.795795334288,2189.12548828125,21576,0.0,0.0
2010-11-04 00:00:00+09:00,2206.568603515625,2210.9294110324545,2171.682143380991,2206.568603515625,19132,0.0,0.0
2010-11-05 00:00:00+09:00,2210.9294110324545,2215.2902185492835,2180.4037584146495,2206.568603515625,71266,0.0,0.0
2010-11-08 00:00:00+09:00,2224.0115731222586,2289.4236782140897,2206.5683450977704,2237.093994140625,101847,0.0,0.0
2010-11-09 00:00:00+09:00,2254.5373208689134,2258.8981280659523,2224.011670489644,2250.176513671875,27220,0.0,0.0
2010-11-10 00:00:00+09:00,2263.2591158499513,2271.9807309399316,2228.372655490029,2241.455078125,25551,0.0,0.0
2010-11-11 00:00:00+09:00,2250.1766124906994,2267.619842044891,2171.682079496838,2197.846923828125,140420,0.0,0.0
2010-11-12 00:00:00+09:00,2210.9296666162804,2210.9296666162804,2110.631082134674,2141.15673828125,114593,0.0,0.0
2010-11-15 00:00:00+09:00,2154.2386379942604,2167.321058872768,2067.022498804209,2136.79541015625,49495,0.0,0.0
2010-11-16 00:00:00+09:00,2110.6307291666667,2136.7955729166665,2058.3010416666666,2093.1875,47874,0.0,0.0
2010-11-17 00:00:00+09:00,2053.940297993387,2110.630794540975,2053.940297993387,2101.9091796875,29399,0.0,0.0
2010-11-18 00:00:00+09:00,2101.9091306592595,2136.795589259413,2075.7442867091445,2128.073974609375,23753,0.0,0.0
2010-11-19 00:00:00+09:00,2162.960466193763,2162.960466193763,2119.352392278566,2132.434814453125,7144,0.0,0.0
2010-11-22 00:00:00+09:00,2128.074314218432,2154.2391623440685,2123.7135061974923,2141.15673828125,14334,0.0,0.0
2010-11-23 00:00:00+09:00,2154.238704030107,2154.238704030107,2114.9914401915016,2145.51708984375,11811,0.0,0.0
2010-11-24 00:00:00+09:00,2071.3833517279504,2119.3522293469136,2058.3009305591427,2110.630615234375,43568,0.0,0.0
2010-11-25 00:00:00+09:00,2110.6305823790112,2114.991389367398,2084.465740448693,2106.269775390625,10400,0.0,0.0
2010-11-26 00:00:00+09:00,2106.2700528971354,2106.2700528971354,1944.9201730685763,1962.3634033203125,136623,0.0,0.0
2010-11-29 00:00:00+09:00,1962.3632414444633,2014.6929278829823,1944.9200126316234,2005.9713134765625,63625,0.0,0.0
2010-11-30 00:00:00+09:00,2023.414615745708,2049.5794599148335,1988.5281568535406,2032.13623046875,18175,0.0,0.0
2010-12-01 00:00:00+09:00,2053.940105534401,2075.744140625,2032.1360704438025,2075.744140625,14044,0.0,0.0
2010-12-02 00:00:00+09:00,2114.9917125895345,2224.011903960129,2080.1052513509444,2149.878173828125,126244,0.0,0.0
2010-12-03 00:00:00+09:00,2136.7953964018484,2176.0426587847396,2110.6305548132545,2167.321044921875,29680,0.0,0.0
2010-12-06 00:00:00+09:00,2202.2076000976563,2202.2076000976563,2141.156300292969,2180.403564453125,21097,0.0,0.0
2010-12-07 00:00:00+09:00,2162.9603839827937,2184.7644201116523,2154.23876953125,2154.23876953125,28141,0.0,0.0
2010-12-08 00:00:00+09:00,2145.5174301609845,2167.321469085385,2136.795814591225,2158.599853515625,13714,0.0,0.0
2010-12-09 00:00:00+09:00,2158.5994310590104,2171.6818518533073,2128.073782538984,2167.321044921875,20639,0.0,0.0
2010-12-10 00:00:00+09:00,2180.4035971026697,2206.5684402679017,2149.8779467432323,2184.764404296875,19923,0.0,0.0
2010-12-13 00:00:00+09:00,2184.76468053567,2206.5687192635705,2167.321449553349,2189.12548828125,21623,0.0,0.0
2010-12-14 00:00:00+09:00,2206.568538605221,2215.2901533823165,2189.1253090510295,2197.846923828125,14816,0.0,0.0
2010-12-15 00:00:00+09:00,2197.846923828125,2224.0117681594124,2167.32127210829,2197.846923828125,40693,0.0,0.0
2010-12-16 00:00:00+09:00,2197.846923828125,2215.2901533823165,2180.4036942739335,2197.846923828125,20650,0.0,0.0
2010-12-17 00:00:00+09:00,2176.04295089782,2215.2902185492835,2167.3213358641615,2206.568603515625,19089,0.0,0.0
2010-12-20 00:00:00+09:00,2180.4035971026697,2193.4860186852857,2154.2387539374377,2184.764404296875,38057,0.0,0.0
2010-12-21 00:00:00+09:00,2210.9294755590245,2228.372706135427,2184.764629694421,2215.290283203125,24398,0.0,0.0
2010-12-22 00:00:00+09:00,2215.2902185492835,2232.733448616601,2193.486180965137,2206.568603515625,38688,0.0,0.0
2010-12-23 00:00:00+09:00,2219.65087890625,2232.733300589391,2206.5684572231094,2219.65087890625,48380,0.0,0.0
2010-12-24 00:00:00+09:00,2228.3724776866825,2258.8981280659523,2206.56844170149,2250.176513671875,42694,0.0,0.0
2010-12-27 00:00:00+09:00,2228.3725420977617,2271.9806153286377,2228.3725420977617,2258.898193359375,54681,0.0,0.0
2010-12-28 00:00:00+09:00,2267.620149052303,2333.032268736504,2254.5377251154628,2271.98095703125,174235,0.0,0.0
2010-12-29 00:00:00+09:00,2290.4895288624125,2313.6257867297095,2225.7080068339806,2308.99853515625,135885,150.0,0.0
2010-12-30 00:00:00+09:00,2308.99853515625,2341.389296170466,2276.607774142034,2308.99853515625,48080,0.0,0.0
2011-01-03 00:00:00+09:00,2285.862250434028,2295.116753472222,2267.353244357639,2290.489501953125,46305,0.0,0.0
2011-01-04 00:00:00+09:00,2267.353217773438,2318.252983886719,2267.353217773438,2313.625732421875,70240,0.0,0.0
2011-01-05 00:00:00+09:00,2318.2530929381587,2322.8803446206703,2295.1168345256024,2304.371337890625,15624,0.0,0.0
2011-01-06 00:00:00+09:00,2290.4892827248086,2313.6255381058672,2267.35302734375,2267.35302734375,40505,0.0,0.0
2011-01-07 00:00:00+09:00,2271.9804161208835,2332.134683757485,2271.9804161208835,2318.2529296875,59768,0.0,0.0
2011-01-10 00:00:00+09:00,2341.3892412109376,2346.016492675781,2295.1167265625,2313.625732421875,41392,0.0,0.0
2011-01-11 00:00:00+09:00,2295.1166729041915,2341.3891864708085,2290.48942154753,2318.2529296875,69164,0.0,0.0
2011-01-12 00:00:00+09:00,2308.9983732063934,2346.016383197678,2304.3711219574825,2322.880126953125,51776,0.0,0.0
2011-01-13 00:00:00+09:00,2350.644017779638,2350.644017779638,2322.8805057586187,2332.135009765625,33326,0.0,0.0
2011-01-14 00:00:00+09:00,2346.01646666768,2401.543483630229,2327.507461013497,2378.4072265625,88960,0.0,0.0
2011-01-17 00:00:00+09:00,2396.916449339174,2424.6799603353807,2378.4074420083693,2401.543701171875,34282,0.0,0.0
2011-01-18 00:00:00+09:00,2406.1709558823527,2406.1709558823527,2336.7621783088234,2359.8984375,42902,0.0,0.0
2011-01-19 00:00:00+09:00,2359.8982747395835,2387.661783854167,2332.134765625,2373.780029296875,6623,0.0,0.0
2011-01-20 00:00:00+09:00,2378.4073073238474,2438.5615777425437,2359.8983010411716,2433.934326171875,37618,0.0,0.0
2011-01-21 00:00:00+09:00,2415.4254018930287,2443.1889122596153,2378.4073880709134,2406.1708984375,37412,0.0,0.0
2011-01-24 00:00:00+09:00,2420.0529235373924,2452.443689244394,2350.6441398795323,2424.68017578125,69723,0.0,0.0
2011-01-25 00:00:00+09:00,2433.9340414880417,2577.378823400835,2433.9340414880417,2563.4970703125,114632,0.0,0.0
2011-01-26 00:00:00+09:00,2498.7154514669514,2591.2604681879493,2498.7154514669514,2572.75146484375,29625,0.0,0.0
2011-01-27 00:00:00+09:00,2544.988494223737,2632.9062785696474,2540.361242416057,2609.77001953125,124941,0.0,0.0
2011-01-28 00:00:00+09:00,2665.296985619469,2674.551489041759,2572.751951396571,2614.397216796875,63820,0.0,0.0
2011-01-31 00:00:00+09:00,2609.769774070946,2609.769774070946,2503.342992504223,2568.12451171875,66438,0.0,0.0
2011-02-01 00:00:00+09:00,2568.1247757460465,2674.551568254441,2563.4975238978554,2669.92431640625,79607,0.0,0.0
2011-02-07 00:00:00+09:00,2693.060572705578,2739.3330911369453,2669.9243134898943,2711.569580078125,112411,0.0,0.0
2011-02-08 00:00:00+09:00,2716.1968058687717,2716.1968058687717,2656.0425324849657,2693.060546875,43861,0.0,0.0
2011-02-09 00:00:00+09:00,2683.8059090719526,2702.3149153414147,2507.970349512066,2600.515380859375,61803,0.0,0.0
2011-02-10 00:00:00+09:00,2591.260743903779,2669.924016486572,2591.260743903779,2632.906005859375,30460,0.0,0.0
2011-02-11 00:00:00+09:00,2674.5513228295554,2679.178574253136,2582.0062943579446,2628.27880859375,24448,0.0,0.0
2011-02-14 00:00:00+09:00,2674.5514632515283,2739.3329865828805,2526.4794099227242,2554.242919921875,102345,0.0,0.0
2011-02-15 00:00:00+09:00,2572.7516722470236,2591.260677083333,2387.6616238839288,2429.306884765625,123920,0.0,0.0
2011-02-16 00:00:00+09:00,2452.443219030689,2480.2067271706587,2276.607667477545,2318.2529296875,131518,0.0,0.0
2011-02-17 00:00:00+09:00,2318.2532537551156,2396.9165378146704,2221.0809616815477,2332.135009765625,87209,0.0,0.0
2011-02-18 00:00:00+09:00,2332.1352370689656,2438.5620435225096,2290.4899649784484,2415.42578125,39038,0.0,0.0
2011-02-21 00:00:00+09:00,2415.425084731158,2544.9881160960476,2415.425084731158,2517.224609375,97378,0.0,0.0
2011-02-22 00:00:00+09:00,2568.1245930989585,2568.1245930989585,2378.407280815972,2457.070556640625,94562,0.0,0.0
2011-02-23 00:00:00+09:00,2494.088375681751,2494.088375681751,2406.1706036261794,2452.443115234375,69776,0.0,0.0
2011-02-24 00:00:00+09:00,2424.6799016902883,2507.970432664382,2415.425398248722,2489.46142578125,75509,0.0,0.0
2011-02-25 00:00:00+09:00,2577.3789031314154,2577.3789031314154,2461.69762381672,2535.733642578125,26492,0.0,0.0
2011-02-28 00:00:00+09:00,2507.97021484375,2531.1064714382496,2433.9341937413515,2507.97021484375,60525,0.0,0.0
2011-03-02 00:00:00+09:00,2494.0887059539164,2494.0887059539164,2433.934432897514,2466.3251953125,18138,0.0,0.0
2011-03-03 00:00:00+09:00,2461.698193732109,2475.5799504636807,2387.662157830391,2424.68017578125,148122,0.0,0.0
2011-03-04 00:00:00+09:00,2447.8161639873797,2447.8161639873797,2401.5436467097356,2406.1708984375,36379,0.0,0.0
2011-03-07 00:00:00+09:00,2406.1711668058206,2443.1891847566794,2392.2894100742483,2424.68017578125,28794,0.0,0.0
2011-03-08 00:00:00+09:00,2383.034479815261,2517.224770911654,2383.034479815261,2461.69775390625,67665,0.0,0.0
2011-03-09 00:00:00+09:00,2415.425400039875,2457.0706655578037,2383.0346379703747,2447.816162109375,58629,0.0,0.0
2011-03-10 00:00:00+09:00,2415.42523973508,2494.088513826069,2410.797988317963,2461.69775390625,37211,0.0,0.0
2011-03-11 00:00:00+09:00,2424.6797960069443,2480.2068142361113,2424.6797960069443,2457.070556640625,37448,0.0,0.0
2011-03-14 00:00:00+09:00,2804.114043288934,2822.623046875,2568.124247566598,2822.623046875,2310651,0.0,0.0
2011-03-15 00:00:00+09:00,2961.441021754636,3243.703369140625,2683.805925965139,3243.703369140625,2426038,0.0,0.0
2011-03-16 00:00:00+09:00,3331.620935602227,3729.564547354715,3248.3304122121713,3428.793212890625,6017379,0.0,0.0
2011-03-17 00:00:00+09:00,3886.891436509683,3942.41845703125,3812.855409147594,3942.41845703125,1289681,0.0,0.0
2011-03-18 00:00:00+09:00,4164.526241341817,4196.917000996697,3364.011752728334,3590.7470703125,8292862,0.0,0.0
2011-03-21 00:00:00+09:00,3424.166095739038,3600.0016520067184,3248.330539471358,3271.466796875,3338517,0.0,0.0
2011-03-22 00:00:00+09:00,3271.466531401699,3438.047571190187,3211.312267033634,3336.248046875,3363866,0.0,0.0
2011-03-23 00:00:00+09:00,3285.3486661044035,3433.4207186612216,3003.086315917969,3053.986083984375,2259576,0.0,0.0
2011-03-24 00:00:00+09:00,3109.512797162577,3188.176067328892,3016.9677734375,3016.9677734375,1558681,0.0,0.0
2011-03-25 00:00:00+09:00,3044.731815484421,3215.9401394554297,2979.950287495391,3137.27685546875,1743128,0.0,0.0
2011-03-28 00:00:00+09:00,3549.1014076791157,3604.62841796875,3359.3841225228657,3604.62841796875,6046749,0.0,0.0
2011-03-29 00:00:00+09:00,3937.7910685448674,4141.39013671875,3914.6548107978356,4141.39013671875,2172081,0.0,0.0
2011-03-30 00:00:00+09:00,4608.742407891537,4756.814453125,4368.1253343871595,4756.814453125,6002011,0.0,0.0
2011-03-31 00:00:00+09:00,4719.796252598579,5006.685828736923,4155.271602777964,4312.59814453125,11775380,0.0,0.0
2011-04-01 00:00:00+09:00,4451.416010148949,4951.1591796875,4419.025249160339,4951.1591796875,6698075,0.0,0.0
2011-04-04 00:00:00+09:00,5182.521404979675,5691.51904296875,4969.667847275152,5691.51904296875,8465481,0.0,0.0
2011-04-05 00:00:00+09:00,6200.516984176096,6542.93359375,6182.007978253182,6542.93359375,2059350,0.0,0.0
2011-04-06 00:00:00+09:00,7116.7135643875845,7440.621203859061,6385.6077495805375,6894.60546875,7420241,0.0,0.0
2011-04-07 00:00:00+09:00,6598.460887276786,7449.8751953125,6219.02625,6478.15234375,6714349,0.0,0.0
2011-04-08 00:00:00+09:00,6663.241604477613,6848.331649046435,5515.6833281509125,5580.46484375,5867516,0.0,0.0
2011-04-11 00:00:00+09:00,5275.067007882255,5367.612043108259,4914.141370500837,5182.52197265625,4293068,0.0,0.0
2011-04-12 00:00:00+09:00,5367.611643855734,5598.974214711584,4747.559953962053,4923.3955078125,7728798,0.0,0.0
2011-04-13 00:00:00+09:00,4951.159072176032,5173.267142703555,4784.57801928039,5043.7041015625,3600062,0.0,0.0
2011-04-14 00:00:00+09:00,5136.248759528404,5136.248759528404,4331.107062088816,4571.72412109375,2861657,0.0,0.0
2011-04-15 00:00:00+09:00,4567.097163258642,4590.233420418006,4173.780791549437,4317.2255859375,1760657,0.0,0.0
2011-04-18 00:00:00+09:00,4395.8893962482825,4395.8893962482825,4048.845496544471,4210.79931640625,1305721,0.0,0.0
2011-04-19 00:00:00+09:00,4164.526288685691,4340.3618430968645,4030.3359971613745,4317.2255859375,1175291,0.0,0.0
2011-04-20 00:00:00+09:00,4229.308034644937,4238.562538003022,3896.1459137538695,3923.909423828125,1036388,0.0,0.0
2011-04-21 00:00:00+09:00,3965.5544141434943,4201.544233421579,3900.772895125981,3905.400146484375,2154441,0.0,0.0
2011-04-22 00:00:00+09:00,3979.436165206946,4201.544230241752,3803.6006137210575,3822.109619140625,1735606,0.0,0.0
2011-04-25 00:00:00+09:00,3794.3460777810537,3942.418119840802,3637.019533092571,3678.664794921875,1089871,0.0,0.0
2011-04-26 00:00:00+09:00,3729.564302304537,3812.8548202220077,3549.1015134833497,3595.3740234375,940090,0.0,0.0
2011-04-27 00:00:00+09:00,3609.256575692612,3669.4108519541555,3456.557259028694,3507.45703125,704043,0.0,0.0
2011-04-28 00:00:00+09:00,3498.202121488995,3775.837210496058,3470.4386125882884,3521.33837890625,1202834,0.0,0.0
2011-04-29 00:00:00+09:00,3562.98359205584,3734.19189453125,3475.0658151090074,3734.19189453125,1387243,0.0,0.0
2011-05-02 00:00:00+09:00,3766.5828974865617,3798.973659504259,3174.294677734375,3174.294677734375,1450045,0.0,0.0
2011-05-03 00:00:00+09:00,3188.1764034598214,3401.02998046875,3081.749614955357,3239.076171875,1596053,0.0,0.0
2011-05-04 00:00:00+09:00,3239.075920380742,3391.7752137701195,3072.494873046875,3072.494873046875,1294981,0.0,0.0
2011-05-06 00:00:00+09:00,3091.0037447024033,3183.5487669988825,3026.222229094868,3104.885498046875,569076,0.0,0.0
2011-05-09 00:00:00+09:00,3146.530894084149,3285.348433529038,3021.595108583749,3072.494873046875,687946,0.0,0.0
2011-05-11 00:00:00+09:00,3081.749379267091,3424.165976963435,3072.4948766266493,3155.785400390625,1138813,0.0,0.0
2011-05-12 00:00:00+09:00,3239.0757700030726,3438.047567303261,3174.294254603011,3294.602783203125,1906676,0.0,0.0
2011-05-13 00:00:00+09:00,3266.83936812238,3285.3483730409207,3007.7132992628144,3035.476806640625,745456,0.0,0.0
2011-05-16 00:00:00+09:00,3109.513117539788,3488.94775390625,3086.3768592247598,3488.94775390625,2257605,0.0,0.0
2011-05-17 00:00:00+09:00,3516.7111241957723,3632.3924111758965,3109.5129940257357,3146.531005859375,2343919,0.0,0.0
2011-05-18 00:00:00+09:00,3169.667396763393,3405.657232142857,3100.2586216517857,3239.076171875,1261805,0.0,0.0
2011-05-19 00:00:00+09:00,3239.076511215114,3410.284841093627,2938.305120887996,2942.932373046875,1364321,0.0,0.0
2011-05-20 00:00:00+09:00,2915.1683126913535,2947.5590717212576,2734.7055123818886,2739.332763671875,671137,0.0,0.0
2011-05-23 00:00:00+09:00,2739.3328756893384,3146.531005859375,2697.6876123764937,3146.531005859375,1253565,0.0,0.0
2011-05-24 00:00:00+09:00,3026.222911906692,3257.5855198506288,2873.523590663694,2942.932373046875,2407558,0.0,0.0
2011-05-25 00:00:00+09:00,3030.8494837143844,3118.7672549977024,2827.2504344267004,2831.877685546875,600186,0.0,0.0
2011-05-26 00:00:00+09:00,2868.896082935717,2961.4411178691275,2711.5695235489197,2757.842041015625,542115,0.0,0.0
2011-05-27 00:00:00+09:00,2785.605467174899,3003.086292685232,2720.8239446824596,2868.89599609375,668372,0.0,0.0
2011-05-30 00:00:00+09:00,2970.6955589881313,3137.276618370643,2822.623506203676,2887.405029296875,1004171,0.0,0.0
2011-05-31 00:00:00+09:00,2915.168290301067,2915.168290301067,2794.8597576854672,2845.759521484375,271303,0.0,0.0
2011-06-01 00:00:00+09:00,2850.3869632928336,2924.4229883134267,2794.859944527389,2808.74169921875,228261,0.0,0.0
2011-06-02 00:00:00+09:00,2730.0784242967384,2785.605443095994,2623.6516382648315,2642.16064453125,258933,0.0,0.0
2011-06-03 00:00:00+09:00,2646.7881364493533,2780.9784440665408,2623.6518765153555,2683.80615234375,415496,0.0,0.0
2011-06-07 00:00:00+09:00,2656.0422864082534,2711.569302848844,2526.479248046875,2526.479248046875,236569,0.0,0.0
2011-06-08 00:00:00+09:00,2582.0064583452354,2841.1325545232517,2531.106689453125,2531.106689453125,1405492,0.0,0.0
2011-06-09 00:00:00+09:00,2582.0065037048967,2743.9603166612974,2531.1067339185997,2693.060546875,446472,0.0,0.0
2011-06-10 00:00:00+09:00,2693.060358147872,2813.368896484375,2651.415094877544,2813.368896484375,477547,0.0,0.0
2011-06-13 00:00:00+09:00,2813.3688943161633,2892.032169321714,2512.597548706705,2605.142578125,325877,0.0,0.0
2011-06-14 00:00:00+09:00,2544.988230619783,2720.8237810989676,2544.988230619783,2632.906005859375,145888,0.0,0.0
2011-06-15 00:00:00+09:00,2660.6695970438295,2757.8418779793433,2632.9060882051112,2730.078369140625,178511,0.0,0.0
2011-06-16 00:00:00+09:00,2859.641617145944,3012.3409267993684,2322.8804074551194,2609.77001953125,2063654,0.0,0.0
2011-06-17 00:00:00+09:00,2637.5334499193273,2674.5514632515283,2517.224906589674,2554.242919921875,375913,0.0,0.0
2011-06-20 00:00:00+09:00,2554.2428639643463,2725.451171875,2544.9883608340406,2725.451171875,268154,0.0,0.0
2011-06-21 00:00:00+09:00,2651.415146832555,2743.960178135611,2637.5333921370966,2725.451171875,232159,0.0,0.0
2011-06-22 00:00:00+09:00,2776.3509639616937,2882.7777509135585,2683.805931829637,2868.89599609375,411231,0.0,0.0
2011-06-23 00:00:00+09:00,3053.9855917008194,3299.2298892161884,2804.114043288934,2822.623046875,2865472,0.0,0.0
2011-06-24 00:00:00+09:00,2813.3692602040815,2836.505520567602,2679.1789500956634,2720.82421875,478573,0.0,0.0
2011-06-27 00:00:00+09:00,2688.4332733154297,2711.569532121931,2591.260986328125,2591.260986328125,368813,0.0,0.0
2011-06-28 00:00:00+09:00,2595.8880751831703,2660.6695957759766,2572.751817828597,2605.142578125,274957,0.0,0.0
2011-06-29 00:00:00+09:00,2605.1426052517363,2637.533365885417,2535.733832465278,2540.361083984375,240930,0.0,0.0
2011-06-30 00:00:00+09:00,2582.0064299210258,2642.1607015858526,2517.224906589674,2554.242919921875,260336,0.0,0.0
2011-07-01 00:00:00+09:00,2582.0064548188607,2697.6877475974834,2577.3792031077155,2614.397216796875,500172,0.0,0.0
2011-07-04 00:00:00+09:00,2628.278862847222,2632.9061143663193,2600.515353732639,2623.651611328125,177323,0.0,0.0
2011-07-05 00:00:00+09:00,2623.651584438511,2693.060356513604,2609.7698300234924,2646.787841796875,271526,0.0,0.0
2011-07-06 00:00:00+09:00,2665.296902802491,2674.5514059372217,2577.379123022548,2600.515380859375,273920,0.0,0.0
2011-07-07 00:00:00+09:00,2609.7700395291167,2711.569580078125,2609.7700395291167,2711.569580078125,371633,0.0,0.0
2011-07-08 00:00:00+09:00,2739.333036094549,2753.2147913450276,2665.297008091993,2716.19677734375,299538,0.0,0.0
2011-07-11 00:00:00+09:00,2716.196667559735,2868.8959691431614,2702.314912870333,2850.386962890625,941270,0.0,0.0
2011-07-12 00:00:00+09:00,2794.860096740723,3067.8679538726806,2790.2328449249267,2961.441162109375,1433832,0.0,0.0
2011-07-13 00:00:00+09:00,3007.713461483226,3211.3125265682447,2868.8959171070774,3146.531005859375,997911,0.0,0.0
2011-07-14 00:00:00+09:00,3192.803780691964,3197.4310325480396,2952.1866841760484,2979.9501953125,667119,0.0,0.0
2011-07-15 00:00:00+09:00,3016.9682101611024,3109.513247282609,2961.441187888199,2979.9501953125,385622,0.0,0.0
2011-07-18 00:00:00+09:00,3026.2223522404956,3128.021880909136,2892.0320644500152,2905.913818359375,527932,0.0,0.0
2011-07-19 00:00:00+09:00,2952.1863388613046,3100.258380935853,2887.40482045369,3072.494873046875,550634,0.0,0.0
2011-07-20 00:00:00+09:00,3081.7497093200686,3132.6494792938233,2961.441162109375,2961.441162109375,520507,0.0,0.0
2011-07-21 00:00:00+09:00,2979.9498909505205,2979.9498909505205,2776.350830078125,2776.350830078125,359683,0.0,0.0
2011-07-22 00:00:00+09:00,2794.8599703881046,2892.032254126764,2794.8599703881046,2868.89599609375,185556,0.0,0.0
2011-07-25 00:00:00+09:00,2868.8959691431614,2929.050239463905,2831.8779566380886,2850.386962890625,207339,0.0,0.0
2011-07-26 00:00:00+09:00,2868.8958861496276,2887.4048918667218,2753.2146004177876,2794.85986328125,276909,0.0,0.0
2011-07-27 00:00:00+09:00,2841.132328789245,3007.7133773827513,2808.741569340508,2966.068115234375,645593,0.0,0.0
2011-07-28 00:00:00+09:00,2938.304530818288,3040.10405787026,2882.777516062667,3035.476806640625,454548,0.0,0.0
2011-07-29 00:00:00+09:00,3053.985890880948,3160.412671926799,2933.6773557856377,2966.068115234375,940344,0.0,0.0
2011-08-01 00:00:00+09:00,2966.068010388708,3035.4767781825153,2938.304503271185,3016.9677734375,302574,0.0,0.0
2011-08-02 00:00:00+09:00,3040.103921032827,3192.8032047376723,3003.0859128619554,3026.22216796875,781588,0.0,0.0
2011-08-03 00:00:00+09:00,2933.6775711035616,2993.831843066253,2855.014292383119,2947.559326171875,200964,0.0,0.0
2011-08-04 00:00:00+09:00,2966.06822374132,2984.5772298177085,2804.114420572917,2915.16845703125,216383,0.0,0.0
2011-08-05 00:00:00+09:00,2600.51546166344,2730.0785095754977,2535.7339377074113,2614.397216796875,324796,0.0,0.0
2011-08-08 00:00:00+09:00,2498.7161248538205,2605.1429227642607,2225.708251953125,2225.708251953125,550472,0.0,0.0
2011-08-09 00:00:00+09:00,2012.8544244019117,2049.8724368047056,1892.545884092832,2008.2271728515625,396024,0.0,0.0
2011-08-10 00:00:00+09:00,2174.808545133252,2184.0630495806276,2082.263500659497,2137.79052734375,252623,0.0,0.0
2011-08-11 00:00:00+09:00,1971.2090487865692,2184.062608045213,1952.7000436336436,2174.80810546875,154165,0.0,0.0
2011-08-12 00:00:00+09:00,2230.335177497385,2308.998451392521,2184.0626634414225,2211.826171875,206906,0.0,0.0
2011-08-16 00:00:00+09:00,2318.2531453611355,2359.898411445467,2267.3533757025075,2341.389404296875,140187,0.0,0.0
2011-08-17 00:00:00+09:00,2341.3892947584955,2452.4433324545507,2322.8802884758197,2433.934326171875,141174,0.0,0.0
2011-08-18 00:00:00+09:00,2415.425320843073,2452.443333423044,2304.371283103162,2350.643798828125,175523,0.0,0.0
2011-08-19 00:00:00+09:00,2248.84423828125,2248.84423828125,2114.6539442274307,2123.908447265625,144377,0.0,0.0
2011-08-22 00:00:00+09:00,2073.008812364425,2193.3173595105745,2073.008812364425,2133.1630859375,106047,0.0,0.0
2011-08-23 00:00:00+09:00,2197.944793701172,2244.217315673828,2170.181280517578,2221.0810546875,56726,0.0,0.0
2011-08-24 00:00:00+09:00,2276.607577378583,2313.6255867668524,2174.8080515608412,2179.435302734375,109750,0.0,0.0
2011-08-25 00:00:00+09:00,2267.3530750315153,2304.371084419785,2179.435302734375,2179.435302734375,93918,0.0,0.0
2011-08-26 00:00:00+09:00,2142.4172404661017,2211.8260063559323,2128.5354872881358,2184.0625,69039,0.0,0.0
2011-08-29 00:00:00+09:00,2230.335046930352,2299.743813951006,2193.3170378526697,2285.862060546875,129680,0.0,0.0
2011-08-30 00:00:00+09:00,2304.3711219574825,2341.3891319487675,2267.353111966198,2322.880126953125,102995,0.0,0.0
2011-08-31 00:00:00+09:00,2313.625732421875,2359.8982470703127,2295.1167265625,2313.625732421875,136183,0.0,0.0
2011-09-01 00:00:00+09:00,2369.1527217741937,2447.8159957393523,2271.980442170174,2295.11669921875,341742,0.0,0.0
2011-09-02 00:00:00+09:00,2262.726229713077,2332.135009765625,2262.726229713077,2332.135009765625,116546,0.0,0.0
2011-09-05 00:00:00+09:00,2248.84423828125,2313.6257595486113,2239.5897352430557,2248.84423828125,64934,0.0,0.0
2011-09-06 00:00:00+09:00,2221.080646756329,2258.098657535601,2086.8903576814673,2193.317138671875,107335,0.0,0.0
2011-09-07 00:00:00+09:00,2202.5720458984374,2267.3535766601562,2184.063037109375,2221.0810546875,131823,0.0,0.0
2011-09-08 00:00:00+09:00,2234.9624837239585,2271.9804958767363,2193.3172200520835,2248.84423828125,117091,0.0,0.0
2011-09-09 00:00:00+09:00,2258.0986859309623,2258.0986859309623,2202.5716690638073,2211.826171875,70603,0.0,0.0
2011-09-14 00:00:00+09:00,2244.2169018817203,2244.2169018817203,2114.653864247312,2151.671875,76040,0.0,0.0
2011-09-15 00:00:00+09:00,2193.3173542699633,2234.9626204902793,2147.0448362473903,2216.45361328125,72591,0.0,0.0
2011-09-16 00:00:00+09:00,2271.980386702741,2271.980386702741,2221.0806224385246,2258.0986328125,50855,0.0,0.0
2011-09-19 00:00:00+09:00,2253.4714633789063,2313.625732421875,2230.3352060546877,2313.625732421875,99968,0.0,0.0
2011-09-20 00:00:00+09:00,2308.998534211799,2396.916314071567,2258.0987669245646,2392.2890625,279075,0.0,0.0
2011-09-21 00:00:00+09:00,2406.171007782336,2415.425511658422,2327.5077248356056,2396.91650390625,203877,0.0,0.0
2011-09-22 00:00:00+09:00,2359.898111016087,2415.4251253929365,2346.016357421875,2346.016357421875,187027,0.0,0.0
2011-09-23 00:00:00+09:00,2234.962824041193,2295.1171029491343,2110.0270140016232,2137.79052734375,256944,0.0,0.0
2011-09-26 00:00:00+09:00,2202.571582738904,2202.571582738904,1850.900489696558,1915.6820068359375,246273,0.0,0.0
2011-09-27 00:00:00+09:00,1924.9366449452764,2026.7361790529594,1924.9366449452764,2008.2271728515625,113639,0.0,0.0
2011-09-28 00:00:00+09:00,2035.990966796875,2068.381732177734,2012.8547058105469,2035.990966796875,85134,0.0,0.0
2011-09-29 00:00:00+09:00,2054.499571974734,2174.80810546875,1998.9725565159576,2174.80810546875,78885,0.0,0.0
2011-09-30 00:00:00+09:00,2170.1811736174145,2239.589953157417,2170.1811736174145,2230.33544921875,95822,0.0,0.0
2011-10-04 00:00:00+09:00,2091.5175822805854,2174.80810546875,2003.599807804189,2174.80810546875,78886,0.0,0.0
2011-10-05 00:00:00+09:00,2221.0810546875,2498.7161865234375,2054.4999755859376,2221.0810546875,1854584,0.0,0.0
2011-10-06 00:00:00+09:00,2295.1165338010205,2378.4070531728316,2221.0805165816328,2267.35302734375,311797,0.0,0.0
2011-10-07 00:00:00+09:00,2304.3711477851484,2383.0344198982957,2239.589629574321,2299.743896484375,206575,0.0,0.0
2011-10-10 00:00:00+09:00,2341.389296170466,2341.389296170466,2248.8442647012776,2308.99853515625,167477,0.0,0.0
2011-10-11 00:00:00+09:00,2318.252956267326,2359.8982189547633,2285.8621963993196,2295.11669921875,186461,0.0,0.0
2011-10-12 00:00:00+09:00,2313.6256503866953,2313.6256503866953,2253.4713834766408,2299.743896484375,97523,0.0,0.0
2011-10-13 00:00:00+09:00,2313.6255990353798,2401.543371798724,2295.1165942430966,2346.016357421875,272125,0.0,0.0
2011-10-14 00:00:00+09:00,2350.643460440195,2378.406965878465,2202.5714314360885,2253.47119140625,251826,0.0,0.0
2011-10-17 00:00:00+09:00,2267.353137378961,2336.761906890562,2267.353137378961,2299.743896484375,102929,0.0,0.0
2011-10-18 00:00:00+09:00,2285.8621405929816,2285.8621405929816,2211.826119845031,2258.0986328125,156077,0.0,0.0
2011-10-19 00:00:00+09:00,2262.7263244628907,2290.4898376464844,2202.5720458984374,2221.0810546875,190436,0.0,0.0
2011-10-20 00:00:00+09:00,2211.826142473118,2253.4714045698925,2147.0446236559137,2151.671875,169204,0.0,0.0
2011-10-21 00:00:00+09:00,2174.80810546875,2239.5896235039895,2156.2991003158245,2174.80810546875,81202,0.0,0.0
2011-10-24 00:00:00+09:00,2239.589438687115,2322.8799550019253,2197.94418052971,2253.47119140625,157854,0.0,0.0
2011-10-25 00:00:00+09:00,2290.4895288624125,2341.389296170466,2248.8442647012776,2308.99853515625,141143,0.0,0.0
2011-10-26 00:00:00+09:00,2267.353321637294,2392.289116911186,2258.0988182836722,2387.661865234375,242645,0.0,0.0
2011-10-27 00:00:00+09:00,2350.6438795713066,2420.0526555429,2346.016627839867,2364.525634765625,119759,0.0,0.0
2011-10-28 00:00:00+09:00,2392.2890874123086,2637.5334232592186,2346.0165712147787,2494.088623046875,618761,0.0,0.0
2011-10-31 00:00:00+09:00,2503.3433085342463,2609.7701035366263,2480.20704875112,2582.006591796875,318824,0.0,0.0
2011-11-01 00:00:00+09:00,2572.7518164791277,2572.7518164791277,2461.6977812354244,2480.206787109375,177530,0.0,0.0
2011-11-02 00:00:00+09:00,2521.852191631611,2674.5514986478365,2387.6618915264426,2406.1708984375,898743,0.0,0.0
2011-11-03 00:00:00+09:00,2452.443305121528,2498.7158203125,2387.661783854167,2457.070556640625,211592,0.0,0.0
2011-11-04 00:00:00+09:00,2466.325167177335,2549.615698151429,2466.325167177335,2489.46142578125,172976,0.0,0.0
2011-11-07 00:00:00+09:00,2503.343268254063,2535.734031429254,2406.1709787284894,2420.052734375,209327,0.0,0.0
2011-11-08 00:00:00+09:00,2424.6802861590036,2512.59808279454,2364.5260042504788,2415.42578125,351093,0.0,0.0
2011-11-09 00:00:00+09:00,2433.9345194105936,2452.4435271627653,2392.2892519682073,2396.91650390625,166648,0.0,0.0
2011-11-10 00:00:00+09:00,2332.1345424107144,2364.5252999441964,2225.707767657844,2267.35302734375,213076,0.0,0.0
2011-11-11 00:00:00+09:00,2304.3711219574825,2336.761880699857,2276.607614464019,2322.880126953125,56204,0.0,0.0
2011-11-14 00:00:00+09:00,2336.7622004959367,2475.5797569610418,2332.1349486137665,2420.052734375,153988,0.0,0.0
2011-11-15 00:00:00+09:00,2429.3072121680816,2433.934464000783,2373.7801901756684,2401.543701171875,163323,0.0,0.0
2011-11-16 00:00:00+09:00,2521.8521366915693,2540.3611431993972,2327.507568359375,2327.507568359375,255306,0.0,0.0
2011-11-17 00:00:00+09:00,2332.1349767736488,2396.91650390625,2304.371465145391,2396.91650390625,93620,0.0,0.0
2011-11-18 00:00:00+09:00,2369.152619047619,2480.206648065476,2332.134609375,2429.306884765625,166151,0.0,0.0
2011-11-21 00:00:00+09:00,2438.5616282587466,2619.0244432532268,2387.66185992697,2554.242919921875,627752,0.0,0.0
2011-11-22 00:00:00+09:00,2591.2609781354863,2771.7237962556364,2577.379222895475,2757.842041015625,1002318,0.0,0.0
2011-11-23 00:00:00+09:00,2822.62358499676,3091.0041881603865,2748.5875565378287,2901.286865234375,2128045,0.0,0.0
2011-11-24 00:00:00+09:00,2868.896082935717,2892.03234166907,2688.4332648155673,2757.842041015625,510275,0.0,0.0
2011-11-25 00:00:00+09:00,2743.9602684564957,2743.9602684564957,2498.715927430873,2531.106689453125,662306,0.0,0.0
2011-11-28 00:00:00+09:00,2577.378986448645,2656.042258925533,2535.7337245491153,2549.615478515625,300996,0.0,0.0
2011-11-29 00:00:00+09:00,2595.8878784179688,2600.5151295381434,2512.5973582548254,2517.224609375,205072,0.0,0.0
2011-11-30 00:00:00+09:00,2521.8522099086217,2609.769993373326,2498.7159511021205,2591.260986328125,213346,0.0,0.0
2011-12-01 00:00:00+09:00,2665.2967078877004,2669.923959116672,2535.7336734764926,2595.887939453125,321099,0.0,0.0
2011-12-02 00:00:00+09:00,2568.124644658337,2716.196696242241,2568.124644658337,2702.31494140625,278460,0.0,0.0
2011-12-05 00:00:00+09:00,2799.48716905382,2827.250678168403,2725.451144748264,2748.58740234375,331223,0.0,0.0
2011-12-06 00:00:00+09:00,2753.2148496736895,2804.114620003791,2656.042560861677,2669.92431640625,195917,0.0,0.0
2011-12-07 00:00:00+09:00,2711.5692559319573,2739.332763671875,2637.533235292177,2739.332763671875,122074,0.0,0.0
2011-12-08 00:00:00+09:00,2743.9603166612974,2762.4693238563145,2646.788028887457,2693.060546875,122850,0.0,0.0
2011-12-09 00:00:00+09:00,2646.788111368815,2683.806126912435,2619.0245997111,2665.297119140625,144911,0.0,0.0
2011-12-12 00:00:00+09:00,2706.942328234988,2734.705839293809,2665.297061646758,2711.569580078125,132190,0.0,0.0
2011-12-13 00:00:00+09:00,2693.060516562238,2757.842041015625,2656.0425025888735,2757.842041015625,127261,0.0,0.0
2011-12-14 00:00:00+09:00,2804.114281731683,2970.695328171189,2730.0782610919027,2739.332763671875,443744,0.0,0.0
2011-12-15 00:00:00+09:00,2693.060438182256,2725.4511994662353,2665.296928510274,2702.31494140625,104553,0.0,0.0
2011-12-16 00:00:00+09:00,2702.3146752194816,2804.114200655832,2693.0601729070863,2767.09619140625,123482,0.0,0.0
2011-12-19 00:00:00+09:00,2799.4873436461103,2799.4873436461103,2406.170939993351,2609.77001953125,254604,0.0,0.0
2011-12-20 00:00:00+09:00,2577.3792031077155,2665.296985619469,2568.1246996854256,2614.397216796875,101077,0.0,0.0
2011-12-21 00:00:00+09:00,2660.669596211894,2730.0783682869865,2642.160590325202,2646.787841796875,95286,0.0,0.0
2011-12-22 00:00:00+09:00,2646.788111368815,2702.3151346842446,2637.53360748291,2665.297119140625,57139,0.0,0.0
2011-12-23 00:00:00+09:00,2669.92431640625,2697.6878274953965,2646.7880571652945,2669.92431640625,63806,0.0,0.0
2011-12-26 00:00:00+09:00,2683.805881076389,2730.0783962673613,2660.669623480903,2706.942138671875,91374,0.0,0.0
2011-12-27 00:00:00+09:00,2683.8062021683672,2743.9604791135203,2646.788185586735,2720.82421875,221335,0.0,0.0
2011-12-28 00:00:00+09:00,2693.060356513604,2720.823865343641,2605.1425785518195,2646.787841796875,127175,0.0,0.0
2011-12-29 00:00:00+09:00,2646.7878960978546,2660.6696507976685,2544.9883616325524,2642.16064453125,98788,0.0,0.0
2012-01-02 00:00:00+09:00,2683.805712803587,2725.4509738643324,2591.260688224153,2595.887939453125,98045,0.0,0.0
2012-01-03 00:00:00+09:00,2600.5151906820965,2628.2786980559267,2572.7516833082664,2595.887939453125,135807,0.0,0.0
2012-01-04 00:00:00+09:00,2595.8880751831703,2619.024332537744,2577.3790692995112,2605.142578125,71604,0.0,0.0
2012-01-05 00:00:00+09:00,2614.3970316569007,2989.2043937174476,2614.3970316569007,2776.350830078125,564140,0.0,0.0
2012-01-06 00:00:00+09:00,2776.3509375,3146.5310624999997,2683.80590625,2892.0322265625,1237489,0.0,0.0
2012-01-09 00:00:00+09:00,2892.0321702546794,2942.9319364511616,2688.43310546875,2688.43310546875,518156,0.0,0.0
2012-01-10 00:00:00+09:00,2702.314702943314,2804.1142294240553,2660.6694421102834,2785.605224609375,163959,0.0,0.0
2012-01-11 00:00:00+09:00,2785.6053604227027,2901.2866461545427,2743.9600975592407,2794.85986328125,229092,0.0,0.0
2012-01-12 00:00:00+09:00,2804.114339593596,2859.641356219212,2748.5873229679805,2817.99609375,141001,0.0,0.0
2012-01-13 00:00:00+09:00,2845.759580139065,3067.8676449304066,2813.3688206903275,2966.068115234375,571366,0.0,0.0
2012-01-16 00:00:00+09:00,2979.949799254209,3350.1298985404464,2952.1862918077413,3160.41259765625,1711812,0.0,0.0
2012-01-17 00:00:00+09:00,3183.5487669988825,3285.3482915250097,3058.6129868986354,3104.885498046875,571362,0.0,0.0
2012-01-18 00:00:00+09:00,3104.8854102451633,3169.6669240207702,3040.1038964695563,3049.3583984375,278264,0.0,0.0
2012-01-19 00:00:00+09:00,3016.9680955725294,3114.140380859375,2979.9500821299216,3114.140380859375,190662,0.0,0.0
2012-01-20 00:00:00+09:00,3104.885952908299,3271.467017445853,3077.12244215204,3211.312744140625,389286,0.0,0.0
2012-01-25 00:00:00+09:00,3276.094266758535,3424.166324013158,3211.3127417096375,3252.9580078125,360271,0.0,0.0
2012-01-26 00:00:00+09:00,3197.430721266998,3322.3665092180963,3160.412710022228,3317.7392578125,315505,0.0,0.0
2012-01-27 00:00:00+09:00,3340.8757087053573,3340.8757087053573,3239.076171875,3239.076171875,165865,0.0,0.0
2012-01-30 00:00:00+09:00,3225.1940860439295,3285.3483516372885,3137.276313253636,3141.903564453125,164128,0.0,0.0
2012-01-31 00:00:00+09:00,3104.8857418187076,3174.294513990512,3012.340712256302,3063.240478515625,243210,0.0,0.0
2012-02-01 00:00:00+09:00,3118.7674186432105,3229.8214513545413,3091.003910465378,3215.939697265625,158872,0.0,0.0
2012-02-02 00:00:00+09:00,3229.821368796288,3239.0758712856755,3178.921605104656,3202.057861328125,117830,0.0,0.0
2012-02-03 00:00:00+09:00,3239.0760906115493,3266.8395999596482,3141.903807893203,3225.1943359375,114193,0.0,0.0
2012-02-06 00:00:00+09:00,3248.3303712367315,3248.3303712367315,3128.0218389687043,3160.41259765625,162588,0.0,0.0
2012-02-07 00:00:00+09:00,3211.312581616779,3211.312581616779,3141.9038082388947,3183.549072265625,116242,0.0,0.0
2012-02-08 00:00:00+09:00,3183.5491478249655,3438.047989584229,3165.0401411515645,3364.011962890625,656551,0.0,0.0
2012-02-09 00:00:00+09:00,3410.284451510737,3414.911703141009,3336.248425426379,3387.148193359375,200939,0.0,0.0
2012-02-10 00:00:00+09:00,3387.148111979167,3692.5467122395835,3331.62109375,3623.137939453125,431423,0.0,0.0
2012-02-13 00:00:00+09:00,3701.801300048828,3701.801300048828,3553.729248046875,3553.729248046875,333785,0.0,0.0
2012-02-14 00:00:00+09:00,3553.729166666667,3701.801215277778,3553.729166666667,3664.783203125,227585,0.0,0.0
2012-02-15 00:00:00+09:00,3692.546600656411,3692.546600656411,3553.72905927835,3590.7470703125,213863,0.0,0.0
2012-02-16 00:00:00+09:00,3553.7294407894738,3576.865700169614,3461.1844032689146,3516.71142578125,238802,0.0,0.0
2012-02-17 00:00:00+09:00,3553.728764478765,3595.3740234375,3544.4742624879345,3595.3740234375,82080,0.0,0.0
2012-02-20 00:00:00+09:00,3609.2562103271484,3905.4003096360425,3609.2562103271484,3849.873291015625,272943,0.0,0.0
2012-02-21 00:00:00+09:00,3849.8732364987864,3877.636745415845,3738.819200830552,3812.855224609375,149275,0.0,0.0
2012-02-22 00:00:00+09:00,3835.991561996853,4039.5906316323917,3766.582788257465,3951.6728515625,208578,0.0,0.0
2012-02-23 00:00:00+09:00,4016.454371488764,4331.107478932584,3933.163843047753,4118.25390625,294474,0.0,0.0
2012-02-24 00:00:00+09:00,4303.344110238809,4729.05126953125,4192.290068684259,4729.05126953125,1620409,0.0,0.0
2012-02-27 00:00:00+09:00,4886.3772767857145,5043.703817894345,4604.114953031994,4858.61376953125,1363888,0.0,0.0
2012-02-28 00:00:00+09:00,4830.85096498566,5089.977070387189,4747.560431106596,4840.10546875,904853,0.0,0.0
2012-02-29 00:00:00+09:00,4858.615046353143,4978.923609405697,4608.743415397838,4710.54296875,527630,0.0,0.0
2012-03-02 00:00:00+09:00,4571.724639734456,4701.287686204663,4368.125566709844,4465.2978515625,618997,0.0,0.0
2012-03-05 00:00:00+09:00,4442.1610331632655,4710.541595583546,4395.888522401148,4534.7060546875,437818,0.0,0.0
2012-03-06 00:00:00+09:00,4497.688679387019,4867.868817608173,4405.143644831731,4812.341796875,538697,0.0,0.0
2012-03-07 00:00:00+09:00,4793.832573784723,5293.575737847223,4719.796549479167,4997.431640625,1250832,0.0,0.0
2012-03-08 00:00:00+09:00,5006.686471608764,5182.522040851955,4793.8328877880585,4969.66845703125,478006,0.0,0.0
2012-03-09 00:00:00+09:00,4988.177083930619,5099.231119194381,4877.123048666858,5043.7041015625,340081,0.0,0.0
2012-03-12 00:00:00+09:00,5173.267560626867,5515.684197018984,5052.959012705312,5423.13916015625,1070264,0.0,0.0
2012-03-13 00:00:00+09:00,5376.866647598029,5450.902677169086,5238.049092152296,5339.8486328125,469347,0.0,0.0
2012-03-14 00:00:00+09:00,5339.848580831424,5413.884609681773,5191.776523130727,5302.83056640625,269771,0.0,0.0
2012-03-15 00:00:00+09:00,5349.102190038358,5497.174222980596,4812.341070622744,5126.994140625,598473,0.0,0.0
2012-03-16 00:00:00+09:00,5015.940221307075,5136.248750600418,4858.613683000396,5117.73974609375,361667,0.0,0.0
2012-03-19 00:00:00+09:00,5228.794383173404,5302.830409837806,5006.686303180197,5108.48583984375,280926,0.0,0.0
2012-03-20 00:00:00+09:00,5154.757755107086,5210.284768627091,5025.194723560409,5117.73974609375,237979,0.0,0.0
2012-03-21 00:00:00+09:00,5117.74049929355,5256.558053523936,4988.177448678523,5219.5400390625,292071,0.0,0.0
2012-03-22 00:00:00+09:00,5460.156792534723,5969.154459635417,5413.88427734375,5413.88427734375,1704530,0.0,0.0
2012-03-23 00:00:00+09:00,5515.683383696934,5534.192388340212,4766.068695644162,4904.88623046875,1777938,0.0,0.0
2012-03-26 00:00:00+09:00,4719.7969789356985,4729.051482815964,4173.78125,4173.78125,1991340,0.0,0.0
2012-03-27 00:00:00+09:00,4071.981145176319,4210.798684216421,3960.9271139442376,4034.963134765625,1301593,0.0,0.0
2012-03-28 00:00:00+09:00,4034.963351904522,4127.5083829115065,3984.0635848506804,4016.454345703125,571695,0.0,0.0
2012-03-29 00:00:00+09:00,3956.3004487136313,4030.3364805024244,3687.9198334792563,3757.32861328125,942514,0.0,0.0
2012-03-30 00:00:00+09:00,3812.855409147594,3960.927463871772,3775.837395466549,3942.41845703125,729315,0.0,0.0
2012-04-02 00:00:00+09:00,3942.418322981366,3956.300077639751,3692.5467391304346,3724.9375,749951,0.0,0.0
2012-04-03 00:00:00+09:00,3724.9371517405793,3724.9371517405793,3461.183837890625,3461.183837890625,873723,0.0,0.0
2012-04-04 00:00:00+09:00,3507.4567053030923,3595.3744855151754,3368.6391575998036,3535.22021484375,522593,0.0,0.0
2012-04-05 00:00:00+09:00,3535.220104501438,3595.3743732953108,3377.8935553482324,3419.538818359375,325315,0.0,0.0
2012-04-06 00:00:00+09:00,3433.420705795288,3553.729248046875,3396.4026927948,3553.729248046875,386152,0.0,0.0
2012-04-09 00:00:00+09:00,3641.647030924479,3729.564811848958,3470.438720703125,3470.438720703125,773815,0.0,0.0
2012-04-10 00:00:00+09:00,3414.9117951766307,3451.929809216486,3160.4129486526267,3192.8037109375,538876,0.0,0.0
2012-04-12 00:00:00+09:00,3192.803521010976,3266.839544686593,3155.7855091731676,3188.17626953125,301039,0.0,0.0
2012-04-13 00:00:00+09:00,3220.567057291667,3428.793375651042,3155.7855360243057,3373.266357421875,295565,0.0,0.0
2012-04-16 00:00:00+09:00,3276.0944106543625,3447.302734375,3220.567386744967,3447.302734375,237472,0.0,0.0
2012-04-17 00:00:00+09:00,3451.9295485747907,3470.4385541971756,3257.584989539749,3317.7392578125,279505,0.0,0.0
2012-04-18 00:00:00+09:00,3336.2482644493584,3377.893527112388,3257.584990530303,3359.384521484375,209719,0.0,0.0
2012-04-19 00:00:00+09:00,3331.621344150641,3354.757603485021,3248.330810546875,3248.330810546875,129510,0.0,0.0
2012-04-20 00:00:00+09:00,3174.294200652236,3239.0757149512615,2975.322406733802,3026.22216796875,423036,0.0,0.0
2012-04-23 00:00:00+09:00,3026.2225214720524,3086.3767917765426,2924.422987110607,2933.677490234375,212662,0.0,0.0
2012-04-24 00:00:00+09:00,2850.3869624999998,3044.731528125,2841.132459375,2892.0322265625,284867,0.0,0.0
2012-04-25 00:00:00+09:00,2933.6774356342353,2998.458956294928,2845.759657594723,2896.659423828125,184645,0.0,0.0
2012-04-26 00:00:00+09:00,2929.050211588542,2956.813720703125,2706.942138671875,2706.942138671875,242424,0.0,0.0
2012-04-27 00:00:00+09:00,2706.9419791830246,2767.0962453870916,2660.6694667183574,2762.468994140625,219731,0.0,0.0
2012-04-30 00:00:00+09:00,2762.4690980113637,2785.6053551136365,2498.7157670454544,2544.98828125,269463,0.0,0.0
2012-05-02 00:00:00+09:00,2549.615720476423,2591.260986328125,2480.20694405692,2591.260986328125,205350,0.0,0.0
2012-05-03 00:00:00+09:00,2656.041979892648,2656.041979892648,2568.1242140077,2572.75146484375,185512,0.0,0.0
2012-05-04 00:00:00+09:00,2568.124646298035,2619.0244140625,2531.1066333784233,2619.0244140625,113104,0.0,0.0
2012-05-07 00:00:00+09:00,2591.2605418207027,2609.7695456908505,2503.3427734375,2503.3427734375,125981,0.0,0.0
2012-05-08 00:00:00+09:00,2512.597521306818,2619.0243039772727,2512.597521306818,2544.98828125,193388,0.0,0.0
2012-05-09 00:00:00+09:00,2526.4793294270835,2586.633599175347,2526.4793294270835,2540.361083984375,67396,0.0,0.0
2012-05-10 00:00:00+09:00,2512.5977315699797,2674.551544838763,2512.5977315699797,2609.77001953125,209293,0.0,0.0
2012-05-11 00:00:00+09:00,2632.9059172024695,2679.1784289283473,2526.4791402329497,2535.733642578125,183158,0.0,0.0
2012-05-14 00:00:00+09:00,2512.597603360735,2554.2428675048354,2383.0345593568663,2392.2890625,165195,0.0,0.0
2012-05-15 00:00:00+09:00,2308.9985895731365,2369.152861445783,2239.589814335467,2304.371337890625,186899,0.0,0.0
2012-05-16 00:00:00+09:00,2290.4891986572766,2387.661467691222,2253.47119140625,2253.47119140625,84528,0.0,0.0
2012-05-17 00:00:00+09:00,2267.3528598753874,2341.3888716264205,2193.3168481243542,2239.58935546875,135672,0.0,0.0
2012-05-18 00:00:00+09:00,2174.8081606302303,2253.471434525366,2156.299155007845,2211.826171875,134983,0.0,0.0
2012-05-21 00:00:00+09:00,2174.80826857769,2239.5897914714933,2128.5357522249733,2160.926513671875,168051,0.0,0.0
2012-05-22 00:00:00+09:00,2211.826550292969,2234.962811279297,2165.5540283203127,2221.0810546875,251758,0.0,0.0
2012-05-23 00:00:00+09:00,2239.589652145965,2267.3531602304192,2174.808133282239,2193.317138671875,110454,0.0,0.0
2012-05-24 00:00:00+09:00,2248.844126080452,2248.844126080452,2156.2991003158245,2174.80810546875,139471,0.0,0.0
2012-05-25 00:00:00+09:00,2170.180962456597,2239.5897352430557,2170.180962456597,2207.198974609375,125481,0.0,0.0
2012-05-29 00:00:00+09:00,2197.944739454749,2244.2172602853757,2193.3174873716866,2225.708251953125,161034,0.0,0.0
2012-05-30 00:00:00+09:00,2248.844349300987,2267.3533562911184,2193.317328330592,2197.944580078125,174253,0.0,0.0
2012-05-31 00:00:00+09:00,2244.216986762153,2526.4793294270835,2239.5897352430557,2457.070556640625,1711022,0.0,0.0
2012-06-01 00:00:00+09:00,2406.1711668058206,2447.8164370005366,2359.898644367247,2424.68017578125,667632,0.0,0.0
2012-06-04 00:00:00+09:00,2359.8982747395835,2725.451144748264,2313.6257595486113,2540.361083984375,1497304,0.0,0.0
2012-06-05 00:00:00+09:00,2572.7519792829244,2642.1607557024277,2480.20694405692,2591.260986328125,573734,0.0,0.0
2012-06-07 00:00:00+09:00,2669.923947637649,2730.078213355655,2429.306884765625,2429.306884765625,734669,0.0,0.0
2012-06-08 00:00:00+09:00,2438.5616308776625,2549.6156709935335,2387.6618624912217,2470.952392578125,462296,0.0,0.0
2012-06-11 00:00:00+09:00,2494.088623046875,2558.8701457234174,2461.697861708604,2494.088623046875,331249,0.0,0.0
2012-06-12 00:00:00+09:00,2498.7162116829672,2498.7162116829672,2424.68017578125,2424.68017578125,203049,0.0,0.0
2012-06-13 00:00:00+09:00,2452.4437853020627,2452.4437853020627,2318.2534649742142,2355.271484375,328994,0.0,0.0
2012-06-14 00:00:00+09:00,2359.8984375,2396.9164522058823,2322.8804227941177,2359.8984375,221769,0.0,0.0
2012-06-15 00:00:00+09:00,2396.9164522058823,2401.5437040441175,2318.253170955882,2359.8984375,235121,0.0,0.0
2012-06-18 00:00:00+09:00,2369.1528037383177,2475.57958984375,2364.5255521685162,2475.57958984375,383640,0.0,0.0
2012-06-19 00:00:00+09:00,2498.7159310757324,2521.852189696804,2415.425400039875,2447.816162109375,228155,0.0,0.0
2012-06-20 00:00:00+09:00,2475.579536088016,2586.6335713517774,2475.579536088016,2521.85205078125,311521,0.0,0.0
2012-06-21 00:00:00+09:00,2531.1061710477097,2572.7514279753686,2489.460914120051,2512.59716796875,209008,0.0,0.0
2012-06-22 00:00:00+09:00,2470.9521261618956,2711.5691871364625,2443.188619126369,2535.733642578125,556964,0.0,0.0
2012-06-25 00:00:00+09:00,2549.615317224165,2679.1783460486236,2535.7335641358304,2563.4970703125,354925,0.0,0.0
2012-06-26 00:00:00+09:00,2554.242729837795,2600.5152430594944,2521.8519705826056,2549.615478515625,206921,0.0,0.0
2012-06-27 00:00:00+09:00,2577.3790697217823,2674.551350626912,2507.9702976466892,2646.787841796875,481187,0.0,0.0
2012-06-28 00:00:00+09:00,2656.042205429757,2693.0602152615306,2591.260688224153,2595.887939453125,303877,0.0,0.0
2012-06-29 00:00:00+09:00,2572.751951396571,2619.0244685080197,2531.1066859962666,2614.397216796875,190615,0.0,0.0
2012-07-02 00:00:00+09:00,2614.3972451346262,2637.5335039411275,2582.0064828055247,2591.260986328125,129573,0.0,0.0
2012-07-03 00:00:00+09:00,2577.3787156798,2651.4147290565984,2568.1242140077,2572.75146484375,164989,0.0,0.0
2012-07-04 00:00:00+09:00,2577.379042934364,2669.9240714059747,2568.1245400872026,2628.27880859375,209365,0.0,0.0
2012-07-05 00:00:00+09:00,2665.296875,2864.2686903211807,2637.533365885417,2748.58740234375,877176,0.0,0.0
2012-07-06 00:00:00+09:00,2813.3692602040815,2813.3692602040815,2716.196966677296,2720.82421875,190021,0.0,0.0
2012-07-09 00:00:00+09:00,2702.3148603019067,2757.8418779793433,2656.0423455707096,2730.078369140625,140138,0.0,0.0
2012-07-10 00:00:00+09:00,2739.332956051237,2743.960207666188,2619.0244140625,2619.0244140625,203937,0.0,0.0
2012-07-11 00:00:00+09:00,2609.7699108325974,2642.1606721372573,2554.24289145318,2619.0244140625,111086,0.0,0.0
2012-07-12 00:00:00+09:00,2642.160393326882,2646.787644453549,2558.869873046875,2558.869873046875,122168,0.0,0.0
2012-07-13 00:00:00+09:00,2526.479275568182,2544.98828125,2336.7619673295458,2544.98828125,231611,0.0,0.0
2012-07-16 00:00:00+09:00,2572.7516228170957,2572.7516228170957,2512.5973582548254,2517.224609375,58371,0.0,0.0
2012-07-17 00:00:00+09:00,2512.5975473887884,2526.479301794251,2457.070529766937,2480.206787109375,70981,0.0,0.0
2012-07-18 00:00:00+09:00,2480.206982327794,2517.224996989403,2401.543701171875,2401.543701171875,105855,0.0,0.0
2012-07-19 00:00:00+09:00,2406.1707636135725,2507.970295920301,2406.1707636135725,2480.206787109375,97469,0.0,0.0
2012-07-20 00:00:00+09:00,2498.7156362208257,2582.0061574281867,2457.070375617145,2577.37890625,80621,0.0,0.0
2012-07-23 00:00:00+09:00,2526.479111615349,2586.6333761776195,2475.5793492934285,2517.224609375,53004,0.0,0.0
2012-07-24 00:00:00+09:00,2521.8520779079863,2540.361083984375,2470.952311197917,2540.361083984375,46323,0.0,0.0
2012-07-25 00:00:00+09:00,2540.361194709863,2544.988446430646,2484.834174060467,2489.46142578125,50142,0.0,0.0
2012-07-26 00:00:00+09:00,2540.361083984375,2540.361083984375,2475.579562717014,2498.7158203125,35189,0.0,0.0
2012-07-27 00:00:00+09:00,2507.97029637328,2563.4973140051607,2507.97029637328,2521.85205078125,59056,0.0,0.0
2012-07-30 00:00:00+09:00,2526.4794073807566,2646.787950589364,2526.4794073807566,2637.533447265625,100581,0.0,0.0
2012-07-31 00:00:00+09:00,2660.669705574973,2660.669705574973,2609.769937294408,2637.533447265625,54623,0.0,0.0
2012-08-01 00:00:00+09:00,2637.533311440911,2665.2968199823945,2609.7698028994278,2628.27880859375,31438,0.0,0.0
2012-08-02 00:00:00+09:00,2665.296875,2665.296875,2623.651611328125,2623.651611328125,55399,0.0,0.0
2012-08-03 00:00:00+09:00,2628.2790004185267,2628.2790004185267,2563.4974757603236,2591.260986328125,36227,0.0,0.0
2012-08-06 00:00:00+09:00,2605.142659217646,2632.906168907354,2591.2609043727916,2619.0244140625,46070,0.0,0.0
2012-08-07 00:00:00+09:00,2619.024251874176,2679.178519143371,2614.397000545777,2632.906005859375,56325,0.0,0.0
2012-08-08 00:00:00+09:00,2632.9062236414547,2669.924237330614,2609.76996508573,2614.397216796875,50225,0.0,0.0
2012-08-09 00:00:00+09:00,2646.787950589364,2688.43321554619,2614.397188956277,2637.533447265625,78245,0.0,0.0
2012-08-10 00:00:00+09:00,2637.5335252899486,2725.4513094662802,2637.5335252899486,2693.060546875,114154,0.0,0.0
2012-08-13 00:00:00+09:00,2683.8059890249788,2716.196750961487,2669.924233909332,2697.687744140625,35365,0.0,0.0
2012-08-14 00:00:00+09:00,2706.9424122777477,2706.9424122777477,2656.0426404229524,2683.80615234375,52568,0.0,0.0
2012-08-16 00:00:00+09:00,2683.8062021683672,2757.8422353316328,2674.551698022959,2720.82421875,80889,0.0,0.0
2012-08-17 00:00:00+09:00,2757.841824544271,2790.2325842285154,2725.451064860026,2776.350830078125,118452,0.0,0.0
2012-08-20 00:00:00+09:00,2804.114043288934,2887.4045594262293,2757.8415343237702,2822.623046875,172946,0.0,0.0
2012-08-21 00:00:00+09:00,2841.132187787224,2855.013941147748,2817.995932186351,2831.877685546875,93149,0.0,0.0
2012-08-22 00:00:00+09:00,2841.1324601652595,2855.0142148566206,2780.9781898360275,2808.74169921875,95014,0.0,0.0
2012-08-23 00:00:00+09:00,2799.487032517419,2836.5050428647564,2780.97802734375,2780.97802734375,75783,0.0,0.0
2012-08-24 00:00:00+09:00,2767.096273463498,2831.8777915713395,2739.332765702995,2780.97802734375,95373,0.0,0.0
2012-08-27 00:00:00+09:00,2790.2328501023662,2910.5413975362994,2785.6055982779844,2878.150634765625,202179,0.0,0.0
2012-08-28 00:00:00+09:00,2892.0322765003552,3053.986083984375,2878.1505215731536,3053.986083984375,201248,0.0,0.0
2012-08-29 00:00:00+09:00,3100.2584903405873,3137.2765021655496,3007.713460778182,3063.240478515625,196970,0.0,0.0
2012-08-30 00:00:00+09:00,3044.7313394817356,3183.548877755979,3040.104088205928,3095.631103515625,88423,0.0,0.0
2012-08-31 00:00:00+09:00,3058.6130428623205,3169.66707165006,3058.6130428623205,3141.903564453125,68182,0.0,0.0
2012-09-03 00:00:00+09:00,3192.8035206514246,3197.43077213063,3091.0039881089156,3146.531005859375,73276,0.0,0.0
2012-09-04 00:00:00+09:00,3183.5489891772863,3183.5489891772863,2989.2044287914637,3086.376708984375,99989,0.0,0.0
2012-09-05 00:00:00+09:00,3053.9858115591655,3086.376570166611,2933.677279588653,3035.476806640625,182540,0.0,0.0
2012-09-06 00:00:00+09:00,3053.985976275276,3146.531005859375,3021.5952159208414,3146.531005859375,78745,0.0,0.0
2012-09-07 00:00:00+09:00,3155.7858549973057,3229.821886786099,3118.7678391029094,3220.5673828125,80705,0.0,0.0
2012-09-10 00:00:00+09:00,3239.076306813123,3266.8398180143786,3165.040276943109,3248.330810546875,101024,0.0,0.0
2012-09-11 00:00:00+09:00,3276.0938354492187,3377.893361409505,3211.3123189290363,3331.620849609375,74174,0.0,0.0
2012-09-12 00:00:00+09:00,3340.875308766085,3465.8110890107996,3313.1118020450367,3461.183837890625,141937,0.0,0.0
2012-09-13 00:00:00+09:00,3479.6931679883796,3822.1097829234063,3479.6931679883796,3683.292236328125,275701,0.0,0.0
2012-09-14 00:00:00+09:00,3701.801273458445,3752.7010409684985,3405.6571715817695,3451.9296875,295242,0.0,0.0
2012-09-17 00:00:00+09:00,3410.2840755687043,3461.183837890625,3266.8392908432907,3461.183837890625,162652,0.0,0.0
2012-09-18 00:00:00+09:00,3424.1657683939875,3655.5283203125,3424.1657683939875,3655.5283203125,100842,0.0,0.0
2012-09-19 00:00:00+09:00,3590.747044054097,3683.292070962708,3562.983535981514,3613.88330078125,90581,0.0,0.0
2012-09-20 00:00:00+09:00,3613.8837151778375,3692.5469970703125,3442.675395764803,3516.71142578125,73380,0.0,0.0
2012-09-21 00:00:00+09:00,3516.711261334197,3595.374539548251,3428.793479800842,3572.23828125,94229,0.0,0.0
2012-09-24 00:00:00+09:00,3562.983642578125,3595.374402965199,3470.438612900771,3562.983642578125,70270,0.0,0.0
2012-09-25 00:00:00+09:00,3521.338487627635,3525.9657392539525,3475.0659713644595,3512.083984375,68281,0.0,0.0
2012-09-26 00:00:00+09:00,3516.7112369791666,3516.7112369791666,3461.1842174479166,3470.438720703125,66687,0.0,0.0
2012-09-27 00:00:00+09:00,3428.7934560546873,3507.456733723958,3396.402694661458,3470.438720703125,47681,0.0,0.0
2012-09-28 00:00:00+09:00,3451.929528934439,3646.2740868637243,3424.166020658827,3590.7470703125,54320,0.0,0.0
2012-10-02 00:00:00+09:00,3595.374402965199,3600.0016544490663,3535.220133674919,3562.983642578125,30405,0.0,0.0
2012-10-04 00:00:00+09:00,3539.847493171692,3586.1200094223022,3521.3384866714478,3553.729248046875,20998,0.0,0.0
2012-10-05 00:00:00+09:00,3525.965684431892,3590.747206193108,3488.9476719969116,3558.3564453125,30631,0.0,0.0
2012-10-08 00:00:00+09:00,3567.6108121511365,3567.6108121511365,3521.3382983748575,3549.101806640625,39712,0.0,0.0
2012-10-09 00:00:00+09:00,3544.4750176625985,3549.1022696438813,3516.711505774902,3530.59326171875,26959,0.0,0.0
2012-10-10 00:00:00+09:00,3535.2200197966204,3549.1017738010573,3391.775228417438,3405.656982421875,65977,0.0,0.0
2012-10-11 00:00:00+09:00,3377.893581283825,3419.5388446147213,3234.4487853662927,3313.112060546875,116804,0.0,0.0
2012-10-12 00:00:00+09:00,3289.9756957667782,3326.9937064083174,3285.348444436586,3322.366455078125,32618,0.0,0.0
2012-10-15 00:00:00+09:00,3322.3665092180963,3382.520777490847,3289.9757493789225,3317.7392578125,64088,0.0,0.0
2012-10-16 00:00:00+09:00,3368.6389964941136,3373.266247862924,3266.8394663802806,3340.87548828125,30309,0.0,0.0
2012-10-17 00:00:00+09:00,3340.8756770566515,3451.9297161831882,3303.8576640144724,3387.148193359375,47028,0.0,0.0
2012-10-18 00:00:00+09:00,3387.1481914062497,3498.20223046875,3387.1481914062497,3470.438720703125,32880,0.0,0.0
2012-10-19 00:00:00+09:00,3451.929633246528,3641.646945529514,3424.166124131945,3581.49267578125,69250,0.0,0.0
2012-10-22 00:00:00+09:00,3539.847575510581,3567.611085906742,3488.9478064509517,3525.9658203125,55276,0.0,0.0
2012-10-23 00:00:00+09:00,3516.71142578125,3544.474937037418,3484.3206626490546,3516.71142578125,23447,0.0,0.0
2012-10-24 00:00:00+09:00,3484.320771149406,3530.5932913505935,3424.166494887863,3507.45703125,50987,0.0,0.0
2012-10-25 00:00:00+09:00,3447.302647640831,3567.611196417558,3447.302647640831,3516.71142578125,29274,0.0,0.0
2012-10-26 00:00:00+09:00,3479.693169523968,3525.9656850761485,3368.639132198735,3475.06591796875,53083,0.0,0.0
2012-10-29 00:00:00+09:00,3428.793212890625,3498.2019823823384,3401.02970509394,3428.793212890625,23598,0.0,0.0
2012-10-30 00:00:00+09:00,3401.0301038953994,3498.202392578125,3401.0301038953994,3498.202392578125,13962,0.0,0.0
2012-10-31 00:00:00+09:00,3433.420731460492,3572.23828125,3433.420731460492,3572.23828125,30182,0.0,0.0
2012-11-01 00:00:00+09:00,3562.983642578125,3595.374402965199,3530.592882191051,3562.983642578125,16613,0.0,0.0
2012-11-02 00:00:00+09:00,3535.2200537612757,3590.7470703125,3535.2200537612757,3590.7470703125,16309,0.0,0.0
2012-11-05 00:00:00+09:00,3590.7471005653656,3785.0916601320478,3544.4745863828225,3734.19189453125,124781,0.0,0.0
2012-11-06 00:00:00+09:00,3734.1919759114585,3831.3642578125,3697.1739637586807,3789.718994140625,93326,0.0,0.0
2012-11-07 00:00:00+09:00,3752.70092832984,3840.6187059355943,3752.70092832984,3794.34619140625,57409,0.0,0.0
2012-11-08 00:00:00+09:00,3715.6829167063643,3831.3642030297256,3655.5286478182165,3794.34619140625,64120,0.0,0.0
2012-11-09 00:00:00+09:00,3692.546659441692,3794.34619140625,3692.546659441692,3794.34619140625,35902,0.0,0.0
2012-11-12 00:00:00+09:00,3701.801188352978,3789.718966576361,3701.801188352978,3729.564697265625,54494,0.0,0.0
2012-11-13 00:00:00+09:00,3729.5648620759207,3757.328372215444,3674.037841796875,3674.037841796875,41763,0.0,0.0
2012-11-14 00:00:00+09:00,3618.510312005538,3701.8008306962024,3609.2558099287976,3655.5283203125,30540,0.0,0.0
2012-11-15 00:00:00+09:00,3613.8833576566376,3738.8191459495047,3613.8833576566376,3734.19189453125,37176,0.0,0.0
2012-11-16 00:00:00+09:00,3734.1919759114585,3785.091742621528,3683.292209201389,3748.07373046875,38713,0.0,0.0
2012-11-19 00:00:00+09:00,3729.5647778499388,3785.091796875,3701.8012683374086,3785.091796875,27047,0.0,0.0
2012-11-20 00:00:00+09:00,3812.8550087749095,3835.9912648961163,3752.7007428597713,3831.364013671875,50864,0.0,0.0
2012-11-21 00:00:00+09:00,3831.364013671875,3974.8088016233582,3822.109511223392,3831.364013671875,78412,0.0,0.0
2012-11-22 00:00:00+09:00,3845.2458513532365,3886.89111328125,3822.1095947265626,3886.89111328125,31703,0.0,0.0
2012-11-23 00:00:00+09:00,3868.382269965278,3965.55455186632,3868.382269965278,3956.300048828125,48031,0.0,0.0
2012-11-26 00:00:00+09:00,3956.300048828125,4007.199815538195,3919.2820366753476,3997.9453125,69139,0.0,0.0
2012-11-27 00:00:00+09:00,3997.945100874718,4108.999131454571,3997.945100874718,4099.74462890625,96194,0.0,0.0
2012-11-28 00:00:00+09:00,4108.99910563973,4132.135361865179,4067.3538444339224,4122.880859375,62188,0.0,0.0
2012-11-29 00:00:00+09:00,4127.508185824592,4127.508185824592,3942.4181326486014,3970.181640625,98364,0.0,0.0
2012-11-30 00:00:00+09:00,3928.5364611108153,4067.3540039062505,3859.1276897130974,4067.35400390625,65105,0.0,0.0
2012-12-03 00:00:00+09:00,4118.25376874551,4118.25376874551,4007.199734532148,4025.708740234375,39860,0.0,0.0
2012-12-04 00:00:00+09:00,3960.92722027658,4048.8449973621587,3960.92722027658,4025.708740234375,36573,0.0,0.0
2012-12-05 00:00:00+09:00,3997.9448581813,4058.09912109375,3960.9268502351765,4058.09912109375,46628,0.0,0.0
2012-12-06 00:00:00+09:00,4007.1997623292395,4085.863037109375,4007.1997623292395,4085.863037109375,43097,0.0,0.0
2012-12-07 00:00:00+09:00,4053.4723039388386,4108.999321801014,4048.845052450324,4104.3720703125,34555,0.0,0.0
2012-12-10 00:00:00+09:00,4104.371988564055,4108.999239960407,4021.0814634297226,4090.490234375,43048,0.0,0.0
2012-12-11 00:00:00+09:00,4062.726915333369,4095.117676617348,3984.06363792942,4053.472412109375,99838,0.0,0.0
2012-12-12 00:00:00+09:00,4034.9630496002906,4034.9630496002906,3914.6545183048693,3979.43603515625,113560,0.0,0.0
2012-12-13 00:00:00+09:00,3997.945447820439,4021.081706199029,3979.436441117566,4007.199951171875,17411,0.0,0.0
2012-12-14 00:00:00+09:00,4011.8274767938806,4011.8274767938806,3947.0459489102423,3984.06396484375,27979,0.0,0.0
2012-12-17 00:00:00+09:00,3947.0454057227034,3979.436165206946,3822.109619140625,3822.109619140625,81266,0.0,0.0
2012-12-18 00:00:00+09:00,3785.0916601320478,3835.9914257328455,3562.98359205584,3734.19189453125,115732,0.0,0.0
2012-12-20 00:00:00+09:00,3664.783203125,3956.300048828125,3655.5287000868057,3956.300048828125,59367,0.0,0.0
2012-12-21 00:00:00+09:00,3951.672635307401,3970.181640625,3896.1456193546037,3970.181640625,21048,0.0,0.0
2012-12-24 00:00:00+09:00,3928.536566808364,3933.163818359375,3840.6187873391546,3933.163818359375,52678,0.0,0.0
2012-12-26 00:00:00+09:00,3900.772764693859,4048.8448032113006,3900.772764693859,3979.43603515625,59311,0.0,0.0
2012-12-27 00:00:00+09:00,3979.436058242834,3979.436058242834,3882.2637824020208,3914.654541015625,50446,0.0,0.0
2012-12-28 00:00:00+09:00,3891.5186592789223,4007.199951171875,3886.8914076032042,4007.199951171875,37251,0.0,0.0
2013-01-02 00:00:00+09:00,3970.181957522765,4220.053549254967,3970.181957522765,4192.2900390625,87859,0.0,0.0
2013-01-03 00:00:00+09:00,4192.289798772674,4423.65237044887,4164.5262901715305,4400.51611328125,88028,0.0,0.0
2013-01-04 00:00:00+09:00,4395.889379005352,4395.889379005352,4321.853347358946,4377.38037109375,43241,0.0,0.0
2013-01-07 00:00:00+09:00,4326.480012818646,4571.72433440088,4326.480012818646,4469.9248046875,61702,0.0,0.0
2013-01-08 00:00:00+09:00,4460.669707999742,4516.196716813017,4414.397200655347,4479.1787109375,42104,0.0,0.0
2013-01-09 00:00:00+09:00,4479.1791482937115,4525.45166015625,4414.397631686158,4525.45166015625,60178,0.0,0.0
2013-01-10 00:00:00+09:00,4562.470024984137,4562.470024984137,4497.688503331218,4557.8427734375,36642,0.0,0.0
2013-01-11 00:00:00+09:00,4525.452123137953,4557.842884755505,4451.416096583549,4465.2978515625,51555,0.0,0.0
2013-01-14 00:00:00+09:00,4534.7067843939585,4664.269835376643,4534.7067843939585,4576.35205078125,111113,0.0,0.0
2013-01-15 00:00:00+09:00,4673.524256584369,4904.886843543991,4553.215711365366,4562.47021484375,180716,0.0,0.0
2013-01-16 00:00:00+09:00,4617.99721082509,4617.99721082509,4419.025387112186,4502.31591796875,94238,0.0,0.0
2013-01-17 00:00:00+09:00,4451.416613769531,4502.316387939453,4321.853552246093,4442.162109375,87692,0.0,0.0
2013-01-18 00:00:00+09:00,4419.025418893914,4479.179691611842,4368.125649671052,4395.88916015625,30938,0.0,0.0
2013-01-21 00:00:00+09:00,4395.889478909498,4474.552764321564,4395.889478909498,4451.41650390625,31412,0.0,0.0
2013-01-22 00:00:00+09:00,4506.9433811423505,4580.979412044073,4442.161854103343,4567.09765625,71094,0.0,0.0
2013-01-23 00:00:00+09:00,4608.742130171432,4608.742130171432,4525.451609746648,4571.72412109375,40638,0.0,0.0
2013-01-24 00:00:00+09:00,4571.724063297194,4571.724063297194,4488.433543925383,4534.7060546875,41194,0.0,0.0
2013-01-25 00:00:00+09:00,4534.7071533203125,4557.843414306641,4432.907604980469,4442.162109375,41045,0.0,0.0
2013-01-28 00:00:00+09:00,4442.160705061984,4497.687713875259,4409.769949920907,4479.1787109375,56336,0.0,0.0
2013-01-29 00:00:00+09:00,4516.197235202492,4516.197235202492,4442.161214953271,4456.04296875,44346,0.0,0.0
2013-01-30 00:00:00+09:00,4456.042835856959,4488.43359375,4437.53383134665,4488.43359375,46554,0.0,0.0
2013-01-31 00:00:00+09:00,4465.297768388339,4622.624321885959,4465.297768388339,4617.9970703125,88469,0.0,0.0
2013-02-01 00:00:00+09:00,4655.015192606363,4673.524199336408,4594.860920733716,4608.74267578125,82541,0.0,0.0
2013-02-04 00:00:00+09:00,4608.7425404505075,4622.624295090419,4534.706515704314,4557.8427734375,54891,0.0,0.0
2013-02-05 00:00:00+09:00,4543.960991753473,4673.524034288194,4525.451985677084,4580.97900390625,57730,0.0,0.0
2013-02-06 00:00:00+09:00,4543.960884340348,4613.369655486076,4543.960884340348,4590.2333984375,44518,0.0,0.0
2013-02-07 00:00:00+09:00,4585.606663975431,4585.606663975431,4534.706892730496,4567.09765625,46657,0.0,0.0
2013-02-08 00:00:00+09:00,4543.960777359469,4604.115044269523,4525.451772156375,4599.48779296875,43910,0.0,0.0
2013-02-12 00:00:00+09:00,4627.25146484375,5043.704096679688,4604.115207519531,4627.25146484375,592098,0.0,0.0
2013-02-13 00:00:00+09:00,4636.506290722271,4710.542319316638,4599.488276425087,4682.77880859375,127566,0.0,0.0
2013-02-14 00:00:00+09:00,4710.541730840774,4886.3772767857145,4664.26921875,4858.61376953125,202612,0.0,0.0
2013-02-15 00:00:00+09:00,4793.832252604167,4932.649788876488,4793.832252604167,4858.61376953125,128406,0.0,0.0
2013-02-18 00:00:00+09:00,4821.596461221319,4895.632491336042,4803.0874536926385,4840.10546875,109301,0.0,0.0
2013-02-19 00:00:00+09:00,4858.613933216442,4951.158960515802,4830.850425026633,4886.37744140625,93465,0.0,0.0
2013-02-20 00:00:00+09:00,4932.650891951932,4932.650891951932,4803.087829123926,4849.3603515625,112165,0.0,0.0
2013-02-21 00:00:00+09:00,4775.323462464756,5071.467553160244,4775.323462464756,4923.3955078125,370002,0.0,0.0
2013-02-22 00:00:00+09:00,4904.88623046875,4978.922249041863,4877.122723503832,4904.88623046875,109809,0.0,0.0
2013-02-25 00:00:00+09:00,4988.177137586806,4988.177137586806,4877.123101128473,4914.14111328125,96653,0.0,0.0
2013-02-26 00:00:00+09:00,4840.105088975694,4932.650119357639,4830.8505859375,4914.14111328125,74359,0.0,0.0
2013-02-27 00:00:00+09:00,4877.123155485087,4923.395671191777,4849.359646061074,4867.86865234375,87181,0.0,0.0
2013-02-28 00:00:00+09:00,5247.303634380975,5376.86668708174,4840.10546875,4840.10546875,808318,0.0,0.0
2013-03-04 00:00:00+09:00,4469.925026334269,4469.925026334269,4118.25390625,4118.25390625,805782,0.0,0.0
2013-03-05 00:00:00+09:00,3822.109781999924,3873.009549072562,3613.8834621573133,3808.22802734375,1873836,0.0,0.0
2013-03-06 00:00:00+09:00,3835.991509331597,3873.009521484375,3715.68296983507,3789.718994140625,724714,0.0,0.0
2013-03-07 00:00:00+09:00,3789.7188264666866,3826.7368369816236,3632.3922817782036,3678.664794921875,731838,0.0,0.0
2013-03-08 00:00:00+09:00,3724.9376103860004,3780.4646306650466,3674.037841796875,3674.037841796875,598045,0.0,0.0
2013-03-11 00:00:00+09:00,3618.510943513638,3627.7654472054887,3340.875832758116,3456.55712890625,979267,0.0,0.0
2013-03-12 00:00:00+09:00,3438.047904898813,3558.3564453125,3401.0298924638328,3558.3564453125,393138,0.0,0.0
2013-03-13 00:00:00+09:00,3516.7112097855224,3549.101970928284,3442.675184316354,3451.9296875,268505,0.0,0.0
2013-03-14 00:00:00+09:00,3438.047963374803,3470.438724806329,3234.4488915194984,3303.857666015625,441843,0.0,0.0
2013-03-15 00:00:00+09:00,3336.248427447151,3387.1481954109768,3271.466904584099,3303.857666015625,228554,0.0,0.0
2013-03-18 00:00:00+09:00,3331.62079200316,3336.2480431031645,3266.839276603099,3294.602783203125,191108,0.0,0.0
2013-03-19 00:00:00+09:00,3377.893608940972,3419.538872612847,3331.62109375,3414.91162109375,373367,0.0,0.0
2013-03-20 00:00:00+09:00,3405.6570345188284,3447.3022971691944,3308.484755001308,3317.7392578125,196987,0.0,0.0
2013-03-21 00:00:00+09:00,3317.7394596253384,3340.8757180606617,2966.0683314084267,2989.20458984375,435657,0.0,0.0
2013-03-22 00:00:00+09:00,3007.7133018092104,3081.7493215460527,2947.5590357730266,3077.1220703125,249767,0.0,0.0
2013-03-25 00:00:00+09:00,3091.0039349302497,3165.0399573237887,3058.6131751330763,3151.158203125,152323,0.0,0.0
2013-03-26 00:00:00+09:00,3169.667345720512,3169.667345720512,3091.004068527448,3118.767578125,92159,0.0,0.0
2013-03-27 00:00:00+09:00,3118.767163197079,3123.3944141810507,2979.949633677921,3049.3583984375,140278,0.0,0.0
2013-03-28 00:00:00+09:00,3086.3766824631466,3165.0399562290736,3049.3586712791807,3109.512939453125,111217,0.0,0.0
2013-03-29 00:00:00+09:00,3146.5308675495144,3169.6671239285547,3081.7493496882007,3095.631103515625,80305,0.0,0.0
2013-04-01 00:00:00+09:00,3188.1765362774886,3280.7215736150065,3169.667528809985,3248.330810546875,345544,0.0,0.0
2013-04-02 00:00:00+09:00,3280.7215235800636,3280.7215235800636,3155.7857250798356,3169.66748046875,159910,0.0,0.0
2013-04-03 00:00:00+09:00,3211.312525815474,3239.0760346841957,3063.240478515625,3063.240478515625,173448,0.0,0.0
2013-04-04 00:00:00+09:00,3035.4770493323444,3229.821616515208,2979.9500301372404,3118.767578125,213788,0.0,0.0
2013-04-05 00:00:00+09:00,3215.93974924159,3215.93974924159,3067.867703233344,3086.376708984375,129389,0.0,0.0
2013-04-08 00:00:00+09:00,3188.176199185646,3549.101806640625,3155.7854395422505,3549.101806640625,1615346,0.0,0.0
2013-04-09 00:00:00+09:00,3711.055779599472,3826.737069487236,3160.412839733715,3285.3486328125,4361075,0.0,0.0
2013-04-10 00:00:00+09:00,3299.23058108251,3350.1303516181447,3206.685543744992,3248.330810546875,817662,0.0,0.0
2013-04-11 00:00:00+09:00,3252.9577663148048,3683.292150763278,3239.0760119777574,3419.538818359375,1878240,0.0,0.0
2013-04-12 00:00:00+09:00,3419.5387907897534,3512.0838189572705,3382.5207795227466,3401.02978515625,642544,0.0,0.0
2013-04-15 00:00:00+09:00,3549.10232890736,3572.2385892001066,3257.58544921875,3257.58544921875,990157,0.0,0.0
2013-04-16 00:00:00+09:00,3308.485091359992,3701.801500822369,3257.585320723684,3516.71142578125,3004726,0.0,0.0
2013-04-17 00:00:00+09:00,3512.0836141158125,3674.03740396305,3414.9113402074695,3627.764892578125,1283768,0.0,0.0
2013-04-18 00:00:00+09:00,3627.765162691157,3641.6469171402305,3479.693115234375,3479.693115234375,482683,0.0,0.0
2013-04-19 00:00:00+09:00,3470.438801434885,3535.2203257283363,3317.7394941717503,3484.320556640625,376397,0.0,0.0
2013-04-22 00:00:00+09:00,3419.538845301324,3502.8293719798407,3377.8935819620656,3396.402587890625,327669,0.0,0.0
2013-04-23 00:00:00+09:00,3396.4026986771273,3447.3024666409533,3303.857666015625,3303.857666015625,352084,0.0,0.0
2013-04-24 00:00:00+09:00,3340.875596788195,3387.148111979167,3285.348578559028,3289.975830078125,316022,0.0,0.0
2013-04-25 00:00:00+09:00,3340.875570104947,3516.71112642626,3340.875570104947,3396.402587890625,610911,0.0,0.0
2013-04-26 00:00:00+09:00,3377.8934992317345,3410.284258813409,3262.2122150114697,3340.87548828125,384077,0.0,0.0
2013-04-29 00:00:00+09:00,3340.8754637345023,3451.929495769998,3326.9937097300653,3405.656982421875,617049,0.0,0.0
2013-04-30 00:00:00+09:00,3470.438667078786,3498.202176415416,3364.0118812883698,3391.775390625,452812,0.0,0.0
2013-05-02 00:00:00+09:00,3414.911544095553,3618.510606345152,3308.4847615559897,3609.256103515625,860518,0.0,0.0
2013-05-03 00:00:00+09:00,3609.2564367869545,3687.919718101542,3470.4388815259176,3498.202392578125,1267445,0.0,0.0
2013-05-06 00:00:00+09:00,3488.9478103473625,3562.9838381531417,3433.4207894930278,3442.67529296875,503122,0.0,0.0
2013-05-07 00:00:00+09:00,3456.557021682327,3479.693280194257,3405.6572529560813,3424.166259765625,249655,0.0,0.0
2013-05-08 00:00:00+09:00,3424.1660971147376,3544.474635662012,3401.0298397018,3438.0478515625,406214,0.0,0.0
2013-05-09 00:00:00+09:00,3447.302544706611,3525.965824250252,3433.4207894930278,3442.67529296875,492092,0.0,0.0
2013-05-10 00:00:00+09:00,3447.3020772019477,3456.556579422624,3373.2660594365366,3377.893310546875,208529,0.0,0.0
2013-05-13 00:00:00+09:00,3387.147918658727,3498.2019487786856,3308.4846473237567,3326.99365234375,165646,0.0,0.0
2013-05-14 00:00:00+09:00,3447.302102976832,3479.6928609913793,3322.3663220635776,3354.757080078125,277603,0.0,0.0
2013-05-15 00:00:00+09:00,3368.6388046116504,3419.538566769244,3331.620795769764,3336.248046875,143998,0.0,0.0
2013-05-16 00:00:00+09:00,3401.0299187305714,3632.3924982360522,3350.130151239365,3535.22021484375,1873326,0.0,0.0
2013-05-20 00:00:00+09:00,3535.2203257283363,3576.865591345555,3447.3025427586526,3484.320556640625,830564,0.0,0.0
2013-05-21 00:00:00+09:00,3484.320421079186,3623.137967735727,3419.5388993061333,3475.06591796875,1222256,0.0,0.0
2013-05-22 00:00:00+09:00,3475.0660029310307,3507.4567646094824,3340.8757045488737,3364.011962890625,587003,0.0,0.0
2013-05-23 00:00:00+09:00,3377.8933068221218,3401.0295623483007,3331.620795769764,3336.248046875,208960,0.0,0.0
2013-05-24 00:00:00+09:00,3377.8934446047283,3428.7932088384982,3336.2481829589165,3345.502685546875,220191,0.0,0.0
2013-05-27 00:00:00+09:00,3359.3847112222747,3391.7754729007265,3340.8757045488737,3364.011962890625,104266,0.0,0.0
2013-05-28 00:00:00+09:00,3377.8937178956758,3428.7934862475286,3359.3847112222747,3364.011962890625,218252,0.0,0.0
2013-05-29 00:00:00+09:00,3382.52069989615,3461.183971986758,3368.6389459978072,3428.793212890625,197224,0.0,0.0
2013-05-30 00:00:00+09:00,3428.7932642886512,3442.675018395083,3331.6209855436286,3340.87548828125,216496,0.0,0.0
2013-05-31 00:00:00+09:00,3313.1122543924357,3359.384771911883,3211.3127158496513,3234.448974609375,236488,0.0,0.0
2013-06-03 00:00:00+09:00,3234.4486095149346,3262.212116892745,3030.84955541099,3035.476806640625,383223,0.0,0.0
2013-06-04 00:00:00+09:00,3063.2409232679265,3081.749931867733,2938.3051152192347,2984.57763671875,198473,0.0,0.0
2013-06-05 00:00:00+09:00,2984.5774471685754,3035.4772175854037,2966.068439744274,2979.9501953125,87375,0.0,0.0
2013-06-07 00:00:00+09:00,2947.559435362328,2993.8319539708414,2924.423176058071,2938.304931640625,98083,0.0,0.0
2013-06-10 00:00:00+09:00,2887.4052357032456,2993.83203125,2887.4052357032456,2993.83203125,80160,0.0,0.0
2013-06-11 00:00:00+09:00,2998.4589309460484,3053.98594818579,2952.1864165795973,3044.7314453125,58967,0.0,0.0
2013-06-12 00:00:00+09:00,3035.476756052928,3118.7672767982826,3035.476756052928,3081.749267578125,75048,0.0,0.0
2013-06-13 00:00:00+09:00,3081.749565328264,3192.803603718472,3081.749565328264,3118.767578125,80457,0.0,0.0
2013-06-14 00:00:00+09:00,3165.0400390625,3165.0400390625,3081.74951171875,3123.394775390625,25980,0.0,0.0
2013-06-17 00:00:00+09:00,3137.2763951097413,3178.9216569917294,3100.2583845479744,3155.785400390625,91599,0.0,0.0
2013-06-18 00:00:00+09:00,3160.413136108222,3202.058404373191,3109.5133637843705,3197.43115234375,53566,0.0,0.0
2013-06-19 00:00:00+09:00,3197.4305653889974,3340.875351969401,3197.4305653889974,3331.620849609375,155383,0.0,0.0
2013-06-20 00:00:00+09:00,3317.739670254322,3354.757686100953,3192.8038667719416,3262.212646484375,158334,0.0,0.0
2013-06-21 00:00:00+09:00,3155.7858509253106,3262.212646484375,3132.649591021166,3262.212646484375,47323,0.0,0.0
2013-06-24 00:00:00+09:00,3252.9575233030855,3322.3662898031516,3229.8212678030636,3294.602783203125,80149,0.0,0.0
2013-06-25 00:00:00+09:00,3262.2120956398426,3313.1118588342233,3141.903564453125,3141.903564453125,111401,0.0,0.0
2013-06-26 00:00:00+09:00,3188.1761075940435,3234.448620040982,3146.530846391799,3202.057861328125,49683,0.0,0.0
2013-06-27 00:00:00+09:00,3248.330646418724,3303.857666015625,3239.0761431525734,3303.857666015625,42924,0.0,0.0
2013-06-28 00:00:00+09:00,3303.8575575844534,3317.7393120280854,3271.466797215978,3313.112060546875,47269,0.0,0.0
2013-07-01 00:00:00+09:00,3350.129854329427,3350.129854329427,3276.0938354492187,3331.620849609375,52995,0.0,0.0
2013-07-02 00:00:00+09:00,3345.502685546875,3359.384439428812,3299.230172607084,3345.502685546875,48949,0.0,0.0
2013-07-03 00:00:00+09:00,3350.12982893319,3373.2660846578665,3308.4845686287717,3354.757080078125,67035,0.0,0.0
2013-07-04 00:00:00+09:00,3368.639343833668,3456.55712890625,3359.384840141817,3456.55712890625,124265,0.0,0.0
2013-07-05 00:00:00+09:00,3433.4206798613386,3576.865479154737,3428.793428271229,3535.22021484375,184851,0.0,0.0
2013-07-08 00:00:00+09:00,3535.2202425065875,3535.2202425065875,3424.166203474967,3512.083984375,132582,0.0,0.0
2013-07-09 00:00:00+09:00,3475.066130514706,3549.1021599264704,3470.4388786764703,3539.84765625,70203,0.0,0.0
2013-07-10 00:00:00+09:00,3553.729274611399,3586.1200362289505,3521.338512993847,3572.23828125,78348,0.0,0.0
2013-07-11 00:00:00+09:00,3572.238092197516,3618.510606345152,3549.101835123698,3609.256103515625,108662,0.0,0.0
2013-07-12 00:00:00+09:00,3600.001492941776,3623.13774932315,3562.9834827315776,3618.510498046875,69525,0.0,0.0
2013-07-15 00:00:00+09:00,3627.7651091746793,3627.7651091746793,3567.6108407827523,3609.256103515625,46776,0.0,0.0
2013-07-16 00:00:00+09:00,3576.8653963778884,3637.0196656572057,3424.166097438082,3479.693115234375,209948,0.0,0.0
2013-07-17 00:00:00+09:00,3475.06552981606,3655.5283203125,3475.06552981606,3655.5283203125,206883,0.0,0.0
2013-07-18 00:00:00+09:00,3664.7833106813205,3697.174072265625,3632.392549097016,3697.174072265625,70733,0.0,0.0
2013-07-19 00:00:00+09:00,3775.837212423313,3886.891248082822,3655.528673792178,3771.2099609375,159366,0.0,0.0
2013-07-22 00:00:00+09:00,3706.4285460980273,3835.9915914048247,3683.2922880075275,3803.600830078125,116528,0.0,0.0
2013-07-23 00:00:00+09:00,3794.3464023070715,3951.672960451511,3775.837395466549,3942.41845703125,107574,0.0,0.0
2013-07-24 00:00:00+09:00,3928.5368907074294,3965.55490616757,3873.0098675172185,3947.0458984375,97159,0.0,0.0
2013-07-25 00:00:00+09:00,3974.808693850566,4058.099213628576,3794.3459009982125,3882.263671875,188246,0.0,0.0
2013-07-26 00:00:00+09:00,3896.1454251713353,3919.2816806652268,3748.073390010429,3882.263671875,131896,0.0,0.0
2013-07-29 00:00:00+09:00,3882.2640795632747,3886.8913311479746,3780.464544699875,3826.737060546875,53973,0.0,0.0
2013-07-30 00:00:00+09:00,3771.2098301478795,3891.518364606585,3771.2098301478795,3886.89111328125,23776,0.0,0.0
2013-07-31 00:00:00+09:00,3886.891302849265,3933.163818359375,3863.75504509421,3933.163818359375,43807,0.0,0.0
2013-08-01 00:00:00+09:00,3937.7912053211194,3956.3002121616414,3873.009681379291,3942.41845703125,35693,0.0,0.0
2013-08-02 00:00:00+09:00,3997.945063164894,3997.945063164894,3794.346009022237,3914.654541015625,86371,0.0,0.0
2013-08-05 00:00:00+09:00,3914.65459299772,3923.909095581639,3859.1275774942064,3868.382080078125,38054,0.0,0.0
2013-08-06 00:00:00+09:00,3868.382325412592,3873.0095769980135,3701.8012683374086,3785.091796875,148732,0.0,0.0
2013-08-07 00:00:00+09:00,3720.310275878906,3780.4645465087888,3664.783256835937,3701.80126953125,81165,0.0,0.0
2013-08-08 00:00:00+09:00,3701.801187737944,3701.801187737944,3516.7111283510467,3646.274169921875,177527,0.0,0.0
2013-08-09 00:00:00+09:00,3646.2741970486113,3748.07373046875,3609.2561848958335,3748.07373046875,36950,0.0,0.0
2013-08-12 00:00:00+09:00,3780.4644911024307,3873.009521484375,3729.5647243923613,3873.009521484375,68479,0.0,0.0
2013-08-13 00:00:00+09:00,3886.8911662274095,3886.8911662274095,3798.9733898484565,3840.61865234375,44626,0.0,0.0
2013-08-14 00:00:00+09:00,3840.618787912222,3868.3822972224307,3771.2100146366997,3849.873291015625,17559,0.0,0.0
2013-08-16 00:00:00+09:00,3822.109674174723,3859.127685546875,3775.837159959532,3859.127685546875,19657,0.0,0.0
2013-08-19 00:00:00+09:00,3933.1636546347377,4021.08143044422,3849.873130183649,3905.400146484375,262147,0.0,0.0
2013-08-20 00:00:00+09:00,3900.77278732408,3914.654541015625,3831.3640188663567,3914.654541015625,76049,0.0,0.0
2013-08-21 00:00:00+09:00,3942.4181543678114,3960.927159787379,3618.510559525386,3822.109619140625,91947,0.0,0.0
2013-08-22 00:00:00+09:00,3775.8374060150377,3785.091909461153,3687.9196232769427,3692.546875,57678,0.0,0.0
2013-08-23 00:00:00+09:00,3738.819091796875,3812.855113416615,3683.2920755820696,3738.819091796875,72273,0.0,0.0
2013-08-26 00:00:00+09:00,3761.95556640625,3798.973579359817,3701.8012953567036,3761.95556640625,20933,0.0,0.0
2013-08-27 00:00:00+09:00,3738.8194737047443,3775.83748829588,3706.4287109375,3706.4287109375,28230,0.0,0.0
2013-08-28 00:00:00+09:00,3637.0196402358524,3748.0736750522146,3618.5106344331257,3669.410400390625,94782,0.0,0.0
2013-08-29 00:00:00+09:00,3674.037572879602,3743.4463431481086,3674.037572879602,3738.819091796875,26895,0.0,0.0
2013-08-30 00:00:00+09:00,3738.81941661529,3775.837430641184,3678.665143823212,3752.701171875,62671,0.0,0.0
2013-09-02 00:00:00+09:00,3692.5466856786807,3789.7189668807514,3692.5466856786807,3771.2099609375,17467,0.0,0.0
2013-09-03 00:00:00+09:00,3771.210339848531,3780.46484375,3729.5650722919218,3780.46484375,28559,0.0,0.0
2013-09-04 00:00:00+09:00,3766.582817133326,3840.6188430229245,3748.0738106609265,3803.600830078125,16435,0.0,0.0
2013-09-05 00:00:00+09:00,3812.8551972179876,3822.109700123857,3766.582682688643,3794.34619140625,12230,0.0,0.0
2013-09-06 00:00:00+09:00,3789.7192670742475,3817.4827781883446,3729.564992993704,3766.5830078125,30178,0.0,0.0
2013-09-09 00:00:00+09:00,3766.582709451687,3808.227972824003,3724.937446079371,3771.2099609375,43863,0.0,0.0
2013-09-10 00:00:00+09:00,3766.582818025446,3785.0918245022294,3729.5648050718787,3761.95556640625,22973,0.0,0.0
2013-09-11 00:00:00+09:00,3761.9554579658743,3771.2099609375,3734.1919490509968,3771.2099609375,10051,0.0,0.0
2013-09-12 00:00:00+09:00,3771.2099609375,3798.973469852377,3734.1919490509968,3771.2099609375,23294,0.0,0.0
2013-09-13 00:00:00+09:00,3771.2102596648497,3771.2102596648497,3724.9377411413548,3766.5830078125,16168,0.0,0.0
2013-09-16 00:00:00+09:00,3766.5826544590304,3775.8371572955393,3701.80113460347,3734.19189453125,42738,0.0,0.0
2013-09-17 00:00:00+09:00,3715.6829431077454,3775.837212423313,3715.6829431077454,3771.2099609375,18013,0.0,0.0
2013-09-23 00:00:00+09:00,3771.2098301478795,3891.518364606585,3743.4463221958704,3886.89111328125,76895,0.0,0.0
2013-09-24 00:00:00+09:00,3886.891302849265,3979.436333869485,3859.1277935431985,3933.163818359375,69023,0.0,0.0
2013-09-25 00:00:00+09:00,3933.1639817923556,3960.9274922520663,3886.891464359504,3919.2822265625,31192,0.0,0.0
2013-09-26 00:00:00+09:00,3919.282361429347,3942.4186209419167,3882.264346209235,3928.536865234375,39573,0.0,0.0
2013-09-27 00:00:00+09:00,3928.536566808364,3942.418321461397,3896.145805951287,3933.163818359375,23161,0.0,0.0
2013-09-30 00:00:00+09:00,3933.163818359375,3960.927327665441,3905.400309053309,3933.163818359375,27601,0.0,0.0
2013-10-01 00:00:00+09:00,3933.1641171368888,3956.300376649459,3868.382590501693,3928.536865234375,60811,0.0,0.0
2013-10-02 00:00:00+09:00,3933.163845231996,3956.300103145126,3900.7730841536154,3951.6728515625,60997,0.0,0.0
2013-10-04 00:00:00+09:00,3947.045653163972,4053.472440998405,3923.9093949390954,3988.69091796875,31687,0.0,0.0
2013-10-07 00:00:00+09:00,4002.5724049368823,4095.117431640625,3988.6906509313208,4095.117431640625,59977,0.0,0.0
2013-10-08 00:00:00+09:00,4062.7269398576695,4164.526475936108,4053.4724365778115,4155.27197265625,61376,0.0,0.0
2013-10-10 00:00:00+09:00,4183.035292862022,4243.1895614540645,4122.881024269979,4233.93505859375,73839,0.0,0.0
2013-10-11 00:00:00+09:00,4275.580403645834,4289.462158203125,4215.426133897569,4247.81689453125,50510,0.0,0.0
2013-10-14 00:00:00+09:00,4224.680451516544,4326.47998046875,4215.4259488845255,4326.47998046875,51729,0.0,0.0
2013-10-15 00:00:00+09:00,4307.9709493434175,4349.6162109375,4275.580190325798,4349.6162109375,58350,0.0,0.0
2013-10-16 00:00:00+09:00,4344.988903127515,4349.616154355553,4284.834637163023,4312.59814453125,40228,0.0,0.0
2013-10-17 00:00:00+09:00,4294.08951753212,4326.480278979022,4229.307994638316,4321.85302734375,50587,0.0,0.0
2013-10-18 00:00:00+09:00,4326.479954496343,4349.6162109375,4298.716446766955,4349.6162109375,13233,0.0,0.0
2013-10-21 00:00:00+09:00,4326.480435110581,4437.534478364757,4326.480435110581,4432.9072265625,30947,0.0,0.0
2013-10-22 00:00:00+09:00,4432.906580219073,4497.688096005155,4419.02482683634,4488.43359375,27953,0.0,0.0
2013-10-23 00:00:00+09:00,4506.943255398617,4506.943255398617,4400.516463946698,4432.9072265625,40171,0.0,0.0
2013-10-24 00:00:00+09:00,4409.771343994141,4460.671118164062,4400.51683959961,4442.162109375,15861,0.0,0.0
2013-10-25 00:00:00+09:00,4456.043646468166,4465.298150406834,4358.871355112163,4460.6708984375,43909,0.0,0.0
2013-10-28 00:00:00+09:00,4460.67059990285,4469.92510322215,4419.025334965997,4465.2978515625,14897,0.0,0.0
2013-10-29 00:00:00+09:00,4506.942805775425,4590.233329906799,4206.171468634355,4220.05322265625,385744,0.0,0.0
2013-10-30 00:00:00+09:00,4201.544651807937,4243.189918180482,3974.8093126685217,4183.03564453125,247791,0.0,0.0
2013-10-31 00:00:00+09:00,4173.780496255799,4275.580020554722,4136.762487419828,4238.56201171875,65318,0.0,0.0
2013-11-01 00:00:00+09:00,4238.562819908405,4294.08984375,4187.66304805361,4294.08984375,56722,0.0,0.0
2013-11-04 00:00:00+09:00,4294.0893303102,4428.279621882393,4247.81681597496,4400.51611328125,74008,0.0,0.0
2013-11-05 00:00:00+09:00,4400.5162223709385,4400.5162223709385,4266.3259274721395,4307.97119140625,49261,0.0,0.0
2013-11-06 00:00:00+09:00,4395.889587402344,4395.889587402344,4071.98193359375,4071.98193359375,267937,0.0,0.0
2013-11-07 00:00:00+09:00,4071.98193359375,4104.372698974609,4021.082159423828,4071.98193359375,61621,0.0,0.0
2013-11-08 00:00:00+09:00,4067.3546813964845,4118.254455566406,4025.7094116210938,4071.98193359375,47510,0.0,0.0
2013-11-11 00:00:00+09:00,4062.7275150395094,4090.491028809711,3970.1824691388374,4044.218505859375,74909,0.0,0.0
2013-11-12 00:00:00+09:00,4021.081650825396,4062.726915333369,4007.199895989405,4053.472412109375,37294,0.0,0.0
2013-11-13 00:00:00+09:00,4039.591168212891,4099.745446777344,4007.200402832031,4071.98193359375,23461,0.0,0.0
2013-11-14 00:00:00+09:00,4071.980982142857,4090.489986607143,3984.0632109375,4048.8447265625,29902,0.0,0.0
2013-11-15 00:00:00+09:00,3979.4366133840463,4021.081880268298,3516.71142578125,3516.71142578125,305233,0.0,0.0
2013-11-18 00:00:00+09:00,3516.71093042346,3868.382023465806,3516.71093042346,3831.364013671875,128111,0.0,0.0
2013-11-19 00:00:00+09:00,3835.9915643146396,3835.9915643146396,3729.5647778499388,3785.091796875,36714,0.0,0.0
2013-11-20 00:00:00+09:00,3785.091769291804,3859.127794119028,3715.6829960162822,3849.873291015625,64731,0.0,0.0
2013-11-21 00:00:00+09:00,3849.873657718121,3849.873657718121,3405.657466442953,3447.302734375,237344,0.0,0.0
2013-11-22 00:00:00+09:00,3475.065784598578,3650.9013369484396,3470.43853322095,3549.101806640625,122322,0.0,0.0
2013-11-25 00:00:00+09:00,3530.592882191051,3567.610894061993,3498.202121803977,3562.983642578125,23035,0.0,0.0
2013-11-26 00:00:00+09:00,3558.356203682318,3613.8832185642273,3535.219947481523,3600.00146484375,19299,0.0,0.0
2013-11-27 00:00:00+09:00,3618.510498046875,3618.510498046875,3558.3562314553033,3618.510498046875,31656,0.0,0.0
2013-11-28 00:00:00+09:00,3618.5106600587224,3618.5106600587224,3479.6931155551906,3521.33837890625,73007,0.0,0.0
2013-11-29 00:00:00+09:00,3521.3384328775196,3567.610948421245,3516.711181323147,3558.3564453125,27396,0.0,0.0
2013-12-02 00:00:00+09:00,3558.3560485067246,3664.7828223892407,3539.8470443532437,3655.5283203125,62775,0.0,0.0
2013-12-03 00:00:00+09:00,3697.1734351181403,3697.1734351181403,3558.355909394055,3604.62841796875,82731,0.0,0.0
2013-12-04 00:00:00+09:00,3604.6290169013505,3623.1380234066205,3438.0479583539195,3512.083984375,56092,0.0,0.0
2013-12-05 00:00:00+09:00,3512.0840096745465,3572.23828125,3479.693248056995,3572.23828125,31318,0.0,0.0
2013-12-06 00:00:00+09:00,3572.23828125,3600.0017912079015,3521.338512993847,3572.23828125,35269,0.0,0.0
2013-12-09 00:00:00+09:00,3590.747567612137,3590.747567612137,3502.8297792298813,3507.45703125,31373,0.0,0.0
2013-12-10 00:00:00+09:00,3484.3206626490546,3539.84768516139,3475.0661588969983,3516.71142578125,28549,0.0,0.0
2013-12-11 00:00:00+09:00,3470.438720703125,3525.9657402343746,3225.194384440104,3470.438720703125,81200,0.0,0.0
2013-12-12 00:00:00+09:00,3456.5567471048107,3456.5567471048107,3340.8754637345023,3405.656982421875,45917,0.0,0.0
2013-12-13 00:00:00+09:00,3401.0297276913952,3401.0297276913952,3271.4666904460087,3322.366455078125,41710,0.0,0.0
2013-12-16 00:00:00+09:00,3391.775335727457,3391.775335727457,3285.3485516596106,3313.112060546875,19771,0.0,0.0
2013-12-17 00:00:00+09:00,3410.284451510737,3410.284451510737,3317.7394189052898,3387.148193359375,19603,0.0,0.0
2013-12-18 00:00:00+09:00,3387.1484502989842,3530.59326171875,3377.893946336419,3530.59326171875,31139,0.0,0.0
2013-12-19 00:00:00+09:00,3525.965603581919,3586.119872409432,3525.965603581919,3544.474609375,17660,0.0,0.0
2013-12-20 00:00:00+09:00,3553.7291122715405,3581.4926209611617,3502.8293463405676,3544.474609375,40722,0.0,0.0
2013-12-23 00:00:00+09:00,3572.2381727430557,3637.019694010417,3544.474663628472,3581.49267578125,33993,0.0,0.0
2013-12-24 00:00:00+09:00,3609.2559194146015,3687.919189453125,3576.865161163445,3687.919189453125,50174,0.0,0.0
2013-12-26 00:00:00+09:00,3687.9197263225583,3771.2102596648497,3674.0379707655097,3766.5830078125,51723,0.0,0.0
2013-12-27 00:00:00+09:00,3729.564697265625,3771.209960634596,3678.664930925772,3729.564697265625,33041,0.0,0.0
2013-12-30 00:00:00+09:00,3761.9552898575776,3761.9552898575776,3660.15576171875,3660.15576171875,26077,0.0,0.0
2014-01-02 00:00:00+09:00,3697.1739368675367,3761.955457663714,3692.5466853820953,3729.564697265625,29395,0.0,0.0
2014-01-03 00:00:00+09:00,3729.564779052734,3729.564779052734,3581.4927282714843,3701.80126953125,52732,0.0,0.0
2014-01-06 00:00:00+09:00,3701.801188352978,3748.07370320739,3646.274170527683,3729.564697265625,27458,0.0,0.0
2014-01-07 00:00:00+09:00,3729.5648059750074,3752.7010640765893,3701.8012962531093,3720.310302734375,20161,0.0,0.0
2014-01-08 00:00:00+09:00,3729.564779052734,3738.8192822265623,3701.80126953125,3701.80126953125,23497,0.0,0.0
2014-01-09 00:00:00+09:00,3734.1919213197475,3734.1919213197475,3674.037652450904,3711.0556640625,15213,0.0,0.0
2014-01-10 00:00:00+09:00,3715.6829155139494,3720.310166965399,3674.037652450904,3711.0556640625,19401,0.0,0.0
2014-01-13 00:00:00+09:00,3720.310275878906,3720.310275878906,3674.0377600097654,3701.80126953125,29396,0.0,0.0
2014-01-14 00:00:00+09:00,3701.80126953125,3724.93752746582,3627.765244140625,3701.80126953125,5363,0.0,0.0
2014-01-15 00:00:00+09:00,3697.173829635771,3738.819091796875,3692.546578284537,3738.819091796875,19541,0.0,0.0
2014-01-16 00:00:00+09:00,3738.8192534928658,3896.1458062388524,3720.3102472874552,3891.5185546875,74686,0.0,0.0
2014-01-17 00:00:00+09:00,3947.045872844431,3988.6911399670566,3868.382590501693,3928.536865234375,109896,0.0,0.0
2014-01-20 00:00:00+09:00,3984.0631052015037,4099.744380033138,3942.417846262115,4058.09912109375,117012,0.0,0.0
2014-01-21 00:00:00+09:00,4053.4728563373105,4062.727360575524,3974.8095703125,3974.8095703125,70837,0.0,0.0
2014-01-22 00:00:00+09:00,3965.5542815452395,4011.8267935819404,3905.400015897529,3979.43603515625,70476,0.0,0.0
2014-01-23 00:00:00+09:00,3970.18193776613,4007.199951171875,3947.0456793875396,4007.199951171875,49594,0.0,0.0
2014-01-24 00:00:00+09:00,4007.2003351462454,4007.2003351462454,3928.537049121435,3974.8095703125,28397,0.0,0.0
2014-01-27 00:00:00+09:00,3882.263759879179,4317.225373024165,3849.873001453488,3979.43603515625,414415,0.0,0.0
2014-01-28 00:00:00+09:00,3979.436193994729,4058.0994675969505,3794.3461384600905,3840.61865234375,297011,0.0,0.0
2014-01-29 00:00:00+09:00,3873.0092746900477,3886.8910283627715,3808.2277575506682,3831.364013671875,75041,0.0,0.0
2014-02-03 00:00:00+09:00,3794.346381128197,3854.500653024132,3766.582871022381,3798.9736328125,54418,0.0,0.0
2014-02-04 00:00:00+09:00,3729.5645593799136,3794.3460777810537,3567.610763377064,3678.664794921875,97882,0.0,0.0
2014-02-05 00:00:00+09:00,3678.664984774949,3748.0737580725895,3678.664984774949,3683.292236328125,38139,0.0,0.0
2014-02-06 00:00:00+09:00,3720.310466409176,3748.0739773525283,3683.2924518180403,3706.4287109375,45667,0.0,0.0
2014-02-07 00:00:00+09:00,3734.19208550483,3757.3283437793334,3692.5468206107244,3697.174072265625,66323,0.0,0.0
2014-02-10 00:00:00+09:00,3706.4286265653723,3775.83740234375,3706.4286265653723,3775.83740234375,37003,0.0,0.0
2014-02-11 00:00:00+09:00,3785.0917156923165,3831.3642305540807,3766.582709747611,3812.855224609375,42718,0.0,0.0
2014-02-12 00:00:00+09:00,3794.3462186646693,3840.6187335264335,3794.3462186646693,3812.855224609375,41751,0.0,0.0
2014-02-13 00:00:00+09:00,3812.8551972179876,3831.3642030297256,3748.073676876905,3794.34619140625,34228,0.0,0.0
2014-02-14 00:00:00+09:00,3831.36428510404,3835.991536656098,3780.464518031402,3808.22802734375,22983,0.0,0.0
2014-02-17 00:00:00+09:00,3812.855416092218,3831.3644229664524,3720.3103817210476,3775.83740234375,100676,0.0,0.0
2014-02-18 00:00:00+09:00,3757.3278431566455,3780.464098348497,3632.3920651206486,3655.5283203125,135190,0.0,0.0
2014-02-19 00:00:00+09:00,3655.5286176632612,3664.7831204927884,3544.4745837089345,3609.256103515625,129546,0.0,0.0
2014-02-20 00:00:00+09:00,3609.256157416802,3641.646917803876,3549.1018881265218,3562.983642578125,50400,0.0,0.0
2014-02-21 00:00:00+09:00,3586.120032548009,3711.055827230327,3586.120032548009,3697.174072265625,107355,0.0,0.0
2014-02-24 00:00:00+09:00,3775.83740234375,4058.0997571758194,3729.564885158165,3775.83740234375,862483,0.0,0.0
2014-02-25 00:00:00+09:00,3835.991678414787,3886.8914473684213,3683.292371553885,3692.546875,420637,0.0,0.0
2014-02-26 00:00:00+09:00,3748.073536020465,3748.073536020465,3660.15576171875,3660.15576171875,149972,0.0,0.0
2014-02-27 00:00:00+09:00,3646.273928844495,3761.9552083129115,3632.392175308285,3687.919189453125,203797,0.0,0.0
2014-02-28 00:00:00+09:00,3683.291987166613,3683.291987166613,3576.8652086429547,3600.00146484375,126394,0.0,0.0
2014-03-03 00:00:00+09:00,3576.8653149063925,3590.747069039276,3530.592801130113,3549.101806640625,90375,0.0,0.0
2014-03-04 00:00:00+09:00,3512.0840096745465,3581.4927845693005,3498.202254695596,3572.23828125,45245,0.0,0.0
2014-03-05 00:00:00+09:00,3595.3745943655763,3595.3745943655763,3516.7113149521724,3567.611083984375,65745,0.0,0.0
2014-03-06 00:00:00+09:00,3562.9837237477764,3595.374484872756,3549.1019689799277,3576.865478515625,41360,0.0,0.0
2014-03-07 00:00:00+09:00,3581.4927845693005,3613.883546186852,3572.23828125,3572.23828125,64741,0.0,0.0
2014-03-10 00:00:00+09:00,3572.2382555171275,3609.256268527668,3502.829481122365,3512.083984375,65826,0.0,0.0
2014-03-11 00:00:00+09:00,3521.338677657278,3553.7294407894738,3498.2024182771383,3516.71142578125,57746,0.0,0.0
2014-03-12 00:00:00+09:00,3530.5930759881135,3530.5930759881135,3391.775523852277,3442.67529296875,136003,0.0,0.0
2014-03-13 00:00:00+09:00,3438.0477735775544,3576.8653149063925,3433.4205221999264,3549.101806640625,125130,0.0,0.0
2014-03-14 00:00:00+09:00,3590.746914699655,3808.2277201002785,3572.2379099847085,3687.919189453125,613354,0.0,0.0
2014-03-17 00:00:00+09:00,3775.8374264927625,4058.0997831300892,3738.8194125075393,3835.99169921875,1363331,0.0,0.0
2014-03-18 00:00:00+09:00,3835.991509331597,3891.518527560764,3664.783203125,3664.783203125,504595,0.0,0.0
2014-03-19 00:00:00+09:00,3674.037652450904,3849.873207605985,3674.037652450904,3711.0556640625,331813,0.0,0.0
2014-03-20 00:00:00+09:00,3664.783285126431,3743.446562711216,3618.5107689000874,3637.019775390625,189555,0.0,0.0
2014-03-21 00:00:00+09:00,3637.0195620697323,3761.9553485530437,3637.0195620697323,3738.819091796875,146038,0.0,0.0
2014-03-24 00:00:00+09:00,3748.0734547767015,3771.209710670385,3660.155682380705,3687.919189453125,192804,0.0,0.0
2014-03-25 00:00:00+09:00,3683.2918265427215,3706.4280817345725,3650.90106927413,3655.5283203125,124560,0.0,0.0
2014-03-26 00:00:00+09:00,3669.410427345237,3678.664930314582,3637.01966695253,3646.274169921875,89360,0.0,0.0
2014-03-27 00:00:00+09:00,3646.273928844495,3701.800942989335,3627.7649241295485,3687.919189453125,131467,0.0,0.0
2014-03-28 00:00:00+09:00,3687.9192975506094,3701.801051493711,3655.5285383500395,3678.664794921875,130361,0.0,0.0
2014-03-31 00:00:00+09:00,3678.665072089481,3678.665072089481,3470.4387472542276,3488.94775390625,308289,0.0,0.0
2014-04-01 00:00:00+09:00,3600.001307852057,3692.5463286194617,3530.592542276503,3655.5283203125,432115,0.0,0.0
2014-04-02 00:00:00+09:00,3664.78328704834,3664.78328704834,3549.101996421814,3553.729248046875,240825,0.0,0.0
2014-04-03 00:00:00+09:00,3572.2381727430557,3780.4644911024307,3530.5929090711807,3664.783203125,709999,0.0,0.0
2014-04-04 00:00:00+09:00,3632.3920314008205,3641.646533391651,3572.237768460425,3595.3740234375,235832,0.0,0.0
2014-04-07 00:00:00+09:00,3553.7294146825398,3562.983918366609,3484.3206370520215,3498.202392578125,151229,0.0,0.0
2014-04-08 00:00:00+09:00,3484.3202847937873,3507.456541664928,3433.4205196772778,3465.811279296875,107257,0.0,0.0
2014-04-09 00:00:00+09:00,3512.083600212546,3525.96535357307,3461.183837890625,3461.183837890625,80860,0.0,0.0
2014-04-10 00:00:00+09:00,3479.693197050938,3553.729222520107,3428.7934295408845,3451.9296875,102213,0.0,0.0
2014-04-11 00:00:00+09:00,3433.420323870933,3438.0475749812713,3377.893310546875,3377.893310546875,150942,0.0,0.0
2014-04-14 00:00:00+09:00,3359.384576033506,3396.402587890625,3354.7573245513663,3396.402587890625,133429,0.0,0.0
2014-04-15 00:00:00+09:00,3396.402531707636,3405.6570345188284,3317.7392578125,3317.7392578125,157692,0.0,0.0
2014-04-16 00:00:00+09:00,3354.757509949387,3442.67529296875,3322.3667477843583,3442.67529296875,404146,0.0,0.0
2014-04-17 00:00:00+09:00,3461.184273384713,3475.066028491871,3387.1482461465375,3424.166259765625,178706,0.0,0.0
2014-04-18 00:00:00+09:00,3438.0478786892363,3451.929633246528,3396.4026150173613,3414.91162109375,58746,0.0,0.0
2014-04-21 00:00:00+09:00,3410.284148664106,3428.7931535415228,3350.1298828125,3350.1298828125,73442,0.0,0.0
2014-04-22 00:00:00+09:00,3373.266438468558,3410.284451510737,3359.384683577741,3387.148193359375,68450,0.0,0.0
2014-04-23 00:00:00+09:00,3405.6568974447514,3405.6568974447514,3331.620877935083,3350.1298828125,71675,0.0,0.0
2014-04-24 00:00:00+09:00,3354.7574339794514,3391.7754470440523,3294.603162749475,3303.857666015625,116892,0.0,0.0
2014-04-25 00:00:00+09:00,3285.348444436586,3359.384465719664,3285.348444436586,3322.366455078125,74978,0.0,0.0
2014-04-28 00:00:00+09:00,3317.7391498337533,3359.3844111287376,3317.7391498337533,3326.99365234375,43707,0.0,0.0
2014-04-29 00:00:00+09:00,3350.130182346376,3377.8936921448267,3303.857666015625,3303.857666015625,48256,0.0,0.0
2014-04-30 00:00:00+09:00,3322.366757896325,3322.366757896325,3215.939967601596,3234.448974609375,78570,0.0,0.0
2014-05-02 00:00:00+09:00,3239.076281003761,3294.6033029638256,3225.194525513745,3229.82177734375,41027,0.0,0.0
2014-05-07 00:00:00+09:00,3243.7034534865843,3248.3307052033983,3174.294677734375,3174.294677734375,47706,0.0,0.0
2014-05-08 00:00:00+09:00,3165.040231196838,3174.294734796829,3091.0042023969118,3128.022216796875,73909,0.0,0.0
2014-05-09 00:00:00+09:00,3141.903781467014,3206.685302734375,3128.022026909722,3206.685302734375,47318,0.0,0.0
2014-05-12 00:00:00+09:00,3257.5851232394366,3345.5029035541374,3220.5671104753524,3285.3486328125,147171,0.0,0.0
2014-05-13 00:00:00+09:00,3313.111791348821,3340.8752979802357,3285.3482847174064,3336.248046875,44652,0.0,0.0
2014-05-14 00:00:00+09:00,3340.8753803737914,3359.3843852512086,3313.111873057666,3350.1298828125,33632,0.0,0.0
2014-05-15 00:00:00+09:00,3354.75737785072,3442.6751574081873,3345.5028747394076,3433.420654296875,246057,0.0,0.0
2014-05-16 00:00:00+09:00,3410.284233756687,3424.165987761124,3350.129966404127,3405.656982421875,57280,0.0,0.0
2014-05-19 00:00:00+09:00,3433.420323870933,3433.420323870933,3243.7030283470676,3377.893310546875,63083,0.0,0.0
2014-05-20 00:00:00+09:00,3373.2665250099312,3377.893776758916,3234.448972540387,3276.09423828125,81728,0.0,0.0
2014-05-21 00:00:00+09:00,3229.8212991648707,3382.5205869477372,3229.8212991648707,3354.757080078125,44304,0.0,0.0
2014-05-22 00:00:00+09:00,3373.2660594365366,3382.520561657213,3326.9935483331546,3377.893310546875,51693,0.0,0.0
2014-05-23 00:00:00+09:00,3359.384683577741,3396.40269661992,3354.7574319474684,3387.148193359375,44486,0.0,0.0
2014-05-26 00:00:00+09:00,3405.657145293315,3405.657145293315,3364.0118812883698,3391.775390625,28404,0.0,0.0
2014-05-27 00:00:00+09:00,3382.520612589518,3391.775114949544,3317.7390960693356,3331.620849609375,45049,0.0,0.0
2014-05-28 00:00:00+09:00,3350.130017651674,3350.130017651674,3285.3484979733266,3317.7392578125,30851,0.0,0.0
2014-05-29 00:00:00+09:00,3326.9939241810007,3326.9939241810007,3257.585149684874,3303.857666015625,42018,0.0,0.0
2014-05-30 00:00:00+09:00,3289.9754784197494,3326.9934866157523,3248.330219199246,3299.22998046875,68575,0.0,0.0
2014-06-02 00:00:00+09:00,3266.839276603099,3303.857285403134,3229.8212678030636,3294.602783203125,42260,0.0,0.0
2014-06-03 00:00:00+09:00,3257.5850424328146,3299.2303057593704,3229.821533548444,3271.466796875,34305,0.0,0.0
2014-06-05 00:00:00+09:00,3276.094402426862,3313.112418273493,3229.821882618573,3262.212646484375,26161,0.0,0.0
2014-06-09 00:00:00+09:00,3266.8393883338344,3368.638916015625,3266.8393883338344,3368.638916015625,74120,0.0,0.0
2014-06-10 00:00:00+09:00,3368.6389459978072,3438.04771548952,3350.129940800017,3428.793212890625,93784,0.0,0.0
2014-06-11 00:00:00+09:00,3428.7934822871766,3507.4567605582724,3428.7934822871766,3488.94775390625,75404,0.0,0.0
2014-06-12 00:00:00+09:00,3502.8296473655037,3502.8296473655037,3414.911862292922,3456.55712890625,48783,0.0,0.0
2014-06-13 00:00:00+09:00,3456.557048182334,3456.557048182334,3373.266516900832,3442.67529296875,37564,0.0,0.0
2014-06-16 00:00:00+09:00,3442.675373368474,3456.55712890625,3401.0301067551454,3456.55712890625,27577,0.0,0.0
2014-06-17 00:00:00+09:00,3433.4207894930278,3461.184299920195,3401.030027327999,3442.67529296875,44268,0.0,0.0
2014-06-18 00:00:00+09:00,3373.2667024958055,3461.1844903523493,3373.2667024958055,3447.302734375,38744,0.0,0.0
2014-06-19 00:00:00+09:00,3391.7754161708403,3493.574951171875,3391.7754161708403,3493.574951171875,114418,0.0,0.0
2014-06-20 00:00:00+09:00,3498.202257232261,3498.202257232261,3447.302488939199,3488.94775390625,43696,0.0,0.0
2014-06-23 00:00:00+09:00,3488.9477835990288,3488.9477835990288,3410.284504658467,3424.166259765625,51051,0.0,0.0
2014-06-24 00:00:00+09:00,3424.1660971147376,3456.55685749285,3414.9115941495625,3438.0478515625,38153,0.0,0.0
2014-06-25 00:00:00+09:00,3438.0478786892363,3451.929633246528,3382.52086046007,3414.91162109375,31453,0.0,0.0
2014-06-26 00:00:00+09:00,3387.147921048678,3419.5386798565205,3331.6209059495195,3368.638916015625,46801,0.0,0.0
2014-06-27 00:00:00+09:00,3368.6392145589753,3396.402724569077,3354.7574595539245,3364.011962890625,13635,0.0,0.0
2014-06-30 00:00:00+09:00,3354.75737785072,3433.420654296875,3354.75737785072,3433.420654296875,31370,0.0,0.0
2014-07-01 00:00:00+09:00,3428.7930800494028,3461.183837890625,3428.7930800494028,3461.183837890625,35493,0.0,0.0
2014-07-02 00:00:00+09:00,3461.184163303096,3479.693169523968,3456.556911747878,3475.06591796875,39648,0.0,0.0
2014-07-03 00:00:00+09:00,3493.5748696834485,3502.829372649497,3451.9296063362285,3479.693115234375,37379,0.0,0.0
2014-07-04 00:00:00+09:00,3475.066053170132,3488.9478083758713,3447.3025427586526,3484.320556640625,37149,0.0,0.0
2014-07-07 00:00:00+09:00,3484.3205022432444,3498.202257232261,3451.9297406022047,3488.94775390625,62340,0.0,0.0
2014-07-08 00:00:00+09:00,3498.202338073811,3512.084093383628,3470.438827454178,3502.82958984375,43404,0.0,0.0
2014-07-09 00:00:00+09:00,3502.829481122365,3512.083984375,3479.693222990777,3512.083984375,31034,0.0,0.0
2014-07-10 00:00:00+09:00,3512.083849237108,3549.1018608232703,3507.456597788838,3544.474609375,60589,0.0,0.0
2014-07-11 00:00:00+09:00,3544.474556519813,3604.6288244503057,3516.711048244201,3590.7470703125,112104,0.0,0.0
2014-07-14 00:00:00+09:00,3590.747098780101,3655.5286186034537,3586.1198473641475,3650.9013671875,97944,0.0,0.0
2014-07-15 00:00:00+09:00,3655.5287267080744,3798.9735248447205,3655.5287267080744,3724.9375,262397,0.0,0.0
2014-07-16 00:00:00+09:00,3724.9374457801837,3734.1919487510663,3669.410427954889,3729.564697265625,52775,0.0,0.0
2014-07-17 00:00:00+09:00,3729.5647778499388,3785.091796875,3729.5647778499388,3785.091796875,96694,0.0,0.0
2014-07-18 00:00:00+09:00,3766.5826057325608,3905.400146484375,3761.9553543741667,3905.400146484375,167351,0.0,0.0
2014-07-21 00:00:00+09:00,3886.891135036355,3923.909145846225,3738.819091796875,3738.819091796875,139072,0.0,0.0
2014-07-22 00:00:00+09:00,3738.819147727273,3835.9914275568185,3738.819147727273,3817.482421875,44202,0.0,0.0
2014-07-23 00:00:00+09:00,3817.482421875,3854.5004332386366,3780.464410511364,3817.482421875,17325,0.0,0.0
2014-07-24 00:00:00+09:00,3817.482448670922,3817.482448670922,3748.073676876905,3794.34619140625,21569,0.0,0.0
2014-07-25 00:00:00+09:00,3794.3460867745534,3886.89111328125,3766.5825788225447,3886.89111328125,42350,0.0,0.0
2014-07-28 00:00:00+09:00,3956.300048828125,3997.9453125,3794.346245659722,3873.009521484375,166352,0.0,0.0
2014-07-29 00:00:00+09:00,3859.1278228571155,3873.0095776155945,3711.0557721000077,3743.446533203125,83384,0.0,0.0
2014-07-30 00:00:00+09:00,3715.68296983507,3794.346245659722,3701.801215277778,3748.07373046875,49730,0.0,0.0
2014-07-31 00:00:00+09:00,3729.5647243923613,3780.4644911024307,3687.9194607204863,3748.07373046875,50466,0.0,0.0
2014-08-01 00:00:00+09:00,3701.801402589396,3752.701171875,3683.2923955764486,3752.701171875,41769,0.0,0.0
2014-08-04 00:00:00+09:00,3720.3101420454545,3868.3821875000003,3720.3101420454545,3817.482421875,37996,0.0,0.0
2014-08-05 00:00:00+09:00,3817.482476095551,3840.6187335264335,3748.0737038029047,3812.855224609375,50174,0.0,0.0
2014-08-06 00:00:00+09:00,3771.2099609375,3812.8552243098156,3711.0556916219325,3771.2099609375,32040,0.0,0.0
2014-08-07 00:00:00+09:00,3766.582709451687,3780.4644639091257,3711.0556916219325,3771.2099609375,20917,0.0,0.0
2014-08-08 00:00:00+09:00,3771.2103692416486,3771.2103692416486,3701.801589439655,3757.32861328125,55867,0.0,0.0
2014-08-11 00:00:00+09:00,3757.3283147870543,3780.4645728830337,3711.0557985950954,3761.95556640625,21570,0.0,0.0
2014-08-12 00:00:00+09:00,3729.5648050718787,3775.8373212638376,3720.3103018334873,3761.95556640625,15848,0.0,0.0
2014-08-13 00:00:00+09:00,3761.9555124223602,3766.582763975155,3701.801242236025,3724.9375,34513,0.0,0.0
2014-08-14 00:00:00+09:00,3724.9374457801837,3748.07370320739,3692.5466853820953,3729.564697265625,24922,0.0,0.0
2014-08-18 00:00:00+09:00,3711.05569132386,3738.8192002365076,3706.428439838419,3729.564697265625,15740,0.0,0.0
2014-08-19 00:00:00+09:00,3729.5647243923613,3729.5647243923613,3618.510687934028,3623.137939453125,97190,0.0,0.0
2014-08-20 00:00:00+09:00,3637.019316159019,3674.037324465981,3623.1375630439084,3655.5283203125,32754,0.0,0.0
2014-08-21 00:00:00+09:00,3655.52839940908,3683.291906240035,3576.8651300547076,3627.764892578125,65379,0.0,0.0
2014-08-22 00:00:00+09:00,3627.7651091746793,3646.274114833734,3567.6108407827523,3609.256103515625,18195,0.0,0.0
2014-08-25 00:00:00+09:00,3609.256265654819,3655.5287818811626,3590.7472591642813,3637.019775390625,23162,0.0,0.0
2014-08-26 00:00:00+09:00,3637.0196402358524,3683.29215474267,3590.7471257290354,3669.410400390625,38374,0.0,0.0
2014-08-27 00:00:00+09:00,3669.410481668597,3692.5467394344773,3637.0197207963647,3683.292236328125,28417,0.0,0.0
2014-08-28 00:00:00+09:00,3683.292236328125,3697.1739909876533,3660.155978562245,3683.292236328125,21026,0.0,0.0
2014-08-29 00:00:00+09:00,3715.683214585284,3734.1922218808522,3646.274437226904,3706.4287109375,23289,0.0,0.0
2014-09-01 00:00:00+09:00,3706.428630169173,3706.428630169173,3641.647106046366,3692.546875,32063,0.0,0.0
2014-09-02 00:00:00+09:00,3664.7831204927884,3711.0556346404246,3595.3743492713343,3609.256103515625,56919,0.0,0.0
2014-09-03 00:00:00+09:00,3609.2561296507834,3650.9013926852153,3521.3383521336486,3544.474609375,57331,0.0,0.0
2014-09-04 00:00:00+09:00,3544.474663628472,3581.49267578125,3516.711154513889,3581.49267578125,20024,0.0,0.0
2014-09-05 00:00:00+09:00,3581.492649136461,3646.274169921875,3558.3563917130987,3646.274169921875,31675,0.0,0.0
2014-09-11 00:00:00+09:00,3669.4103215283685,3738.819091796875,3650.9013161234334,3738.819091796875,37576,0.0,0.0
2014-09-12 00:00:00+09:00,3738.8192002365076,3766.582709149155,3637.019667556801,3729.564697265625,48864,0.0,0.0
2014-09-15 00:00:00+09:00,3729.5648059750074,3729.5648059750074,3683.2922897718436,3720.310302734375,28077,0.0,0.0
2014-09-16 00:00:00+09:00,3715.6828888582327,3734.19189453125,3655.5286204209265,3734.19189453125,22353,0.0,0.0
2014-09-17 00:00:00+09:00,3734.1919487510663,3734.1919487510663,3697.1739368675367,3729.564697265625,16446,0.0,0.0
2014-09-18 00:00:00+09:00,3697.1739637586807,3724.937472873264,3646.2741970486113,3664.783203125,36542,0.0,0.0
2014-09-19 00:00:00+09:00,3664.783149548005,3715.6829155139494,3637.019640839308,3711.0556640625,34438,0.0,0.0
2014-09-22 00:00:00+09:00,3734.192140507519,3734.192140507519,3646.2743577694237,3692.546875,43171,0.0,0.0
2014-09-23 00:00:00+09:00,3687.9196232769427,3706.428630169173,3664.783364661654,3692.546875,23824,0.0,0.0
2014-09-24 00:00:00+09:00,3692.546848556557,3697.1741002464773,3618.510821517829,3674.037841796875,17818,0.0,0.0
2014-09-25 00:00:00+09:00,3674.037324465981,3678.6645755043514,3623.1375630439084,3655.5283203125,28641,0.0,0.0
2014-09-26 00:00:00+09:00,3655.528861215539,3692.546875,3595.3745888157896,3692.546875,15114,0.0,0.0
2014-09-29 00:00:00+09:00,3687.9194607204863,3692.5467122395835,3618.510687934028,3664.783203125,29126,0.0,0.0
2014-09-30 00:00:00+09:00,3664.783203125,3664.783203125,3581.49267578125,3623.137939453125,19674,0.0,0.0
2014-10-01 00:00:00+09:00,3600.0019595497533,3655.528982062089,3507.456922029194,3516.71142578125,63549,0.0,0.0
2014-10-02 00:00:00+09:00,3516.7114029032796,3516.7114029032796,3373.266595679593,3456.55712890625,92749,0.0,0.0
2014-10-06 00:00:00+09:00,3433.4207076822913,3470.438720703125,3410.2844495442705,3470.438720703125,25051,0.0,0.0
2014-10-07 00:00:00+09:00,3451.9296060102624,3475.0658634232,3405.657091184388,3438.0478515625,18853,0.0,0.0
2014-10-08 00:00:00+09:00,3387.1480582395975,3456.5568299248353,3387.1480582395975,3419.538818359375,19148,0.0,0.0
2014-10-10 00:00:00+09:00,3424.1661766811194,3539.8474664338596,3424.1661766811194,3535.22021484375,72429,0.0,0.0
2014-10-13 00:00:00+09:00,3535.2202425065875,3553.7292490118575,3377.8936872117915,3512.083984375,36918,0.0,0.0
2014-10-14 00:00:00+09:00,3516.7113095238096,3835.991678414787,3424.166275062657,3692.546875,818320,0.0,0.0
2014-10-15 00:00:00+09:00,3988.6906309637407,4243.189453125,3988.6906309637407,4243.189453125,1788638,0.0,0.0
2014-10-16 00:00:00+09:00,4331.107570011668,4428.279855236289,3965.5546875,3965.5546875,2575143,0.0,0.0
2014-10-17 00:00:00+09:00,3960.927708619505,4479.179932177198,3960.927708619505,4210.79931640625,2433669,0.0,0.0
2014-10-20 00:00:00+09:00,4358.871044813126,4840.105215365743,3997.9454168986636,4155.27197265625,4104527,0.0,0.0
2014-10-21 00:00:00+09:00,3979.43621969873,3993.317973953493,3734.19189453125,3734.19189453125,1533991,0.0,0.0
2014-10-22 00:00:00+09:00,3715.68296983507,4164.5263671875,3683.292209201389,3956.300048828125,2637354,0.0,0.0
2014-10-23 00:00:00+09:00,3900.772974823742,3937.790986447218,3752.70092832984,3794.34619140625,815233,0.0,0.0
2014-10-24 00:00:00+09:00,3877.6367460056044,4048.8450510201715,3798.973470728641,3896.145751953125,1085295,0.0,0.0
2014-10-27 00:00:00+09:00,3933.1637330794842,4044.2177678958465,3623.1378858838075,3669.410400390625,838738,0.0,0.0
2014-10-28 00:00:00+09:00,3609.2562377929685,3789.719049682617,3609.2562377929685,3701.80126953125,294532,0.0,0.0
2014-10-29 00:00:00+09:00,3692.5467122395835,3729.5647243923613,3581.49267578125,3581.49267578125,260267,0.0,0.0
2014-10-30 00:00:00+09:00,3549.1020229517485,3627.765301165803,3549.1020229517485,3572.23828125,157113,0.0,0.0
2014-10-31 00:00:00+09:00,3600.0017912079015,3655.5288111237046,3553.729274611399,3572.23828125,224975,0.0,0.0
2014-11-03 00:00:00+09:00,3576.865424262153,3627.765190972222,3558.356418185764,3581.49267578125,112488,0.0,0.0
2014-11-04 00:00:00+09:00,3576.865700169614,3600.0019595497533,3424.166388260691,3516.71142578125,206713,0.0,0.0
2014-11-05 00:00:00+09:00,3475.065944172325,3553.7292212041884,3475.065944172325,3535.22021484375,91541,0.0,0.0
2014-11-06 00:00:00+09:00,3488.9476995809187,3609.2562409457782,3465.8114416261383,3493.574951171875,122963,0.0,0.0
2014-11-07 00:00:00+09:00,3498.202121803977,3562.983642578125,3498.202121803977,3562.983642578125,59743,0.0,0.0
2014-11-10 00:00:00+09:00,3627.76532489767,3683.292345176716,3609.256318137988,3674.037841796875,161486,0.0,0.0
2014-11-11 00:00:00+09:00,3683.292345176716,3683.292345176716,3627.76532489767,3674.037841796875,73320,0.0,0.0
2014-11-12 00:00:00+09:00,3683.292156535823,3794.34619140625,3627.7651391006098,3794.34619140625,143643,0.0,0.0
2014-11-13 00:00:00+09:00,3748.073757763975,3798.9735248447205,3697.1739906832295,3724.9375,132316,0.0,0.0
2014-11-14 00:00:00+09:00,3729.5646412587134,3775.837155418251,3627.7651101077313,3650.9013671875,68468,0.0,0.0
2014-11-17 00:00:00+09:00,3697.1739108946263,3979.436249523628,3692.546659441692,3794.34619140625,541646,0.0,0.0
2014-11-18 00:00:00+09:00,3748.07373046875,3808.228000217014,3720.310221354167,3748.07373046875,97379,0.0,0.0
2014-11-19 00:00:00+09:00,3845.2464010304416,3914.6551808324352,3748.074109307651,3757.32861328125,231676,0.0,0.0
2014-11-20 00:00:00+09:00,3775.837185594512,3914.6547291825455,3738.8191739710364,3794.34619140625,149285,0.0,0.0
2014-11-21 00:00:00+09:00,3831.3642305540807,3835.991482040257,3743.4464523167285,3812.855224609375,76811,0.0,0.0
2014-11-24 00:00:00+09:00,3794.346412907268,3812.855419799499,3683.292371553885,3692.546875,102226,0.0,0.0
2014-11-25 00:00:00+09:00,3697.1739368675367,3743.446451721949,3674.0376794403305,3729.564697265625,43853,0.0,0.0
2014-11-26 00:00:00+09:00,3715.683133615288,3743.446643953634,3692.546875,3692.546875,47823,0.0,0.0
2014-11-27 00:00:00+09:00,3650.9015020751954,3715.6830242919923,3650.9015020751954,3701.80126953125,51232,0.0,0.0
2014-11-28 00:00:00+09:00,3701.801268927689,3766.5827911339234,3683.29226258305,3743.446533203125,59708,0.0,0.0
2014-12-01 00:00:00+09:00,3766.5825999042772,3771.2098512555112,3674.037572879602,3738.819091796875,74881,0.0,0.0
2014-12-02 00:00:00+09:00,3720.3102487535334,3734.1920034130617,3660.155978562245,3683.292236328125,69842,0.0,0.0
2014-12-03 00:00:00+09:00,3683.292209201389,3683.292209201389,3562.9836697048613,3623.137939453125,57460,0.0,0.0
2014-12-04 00:00:00+09:00,3623.137831222631,3660.1558422696057,3581.492568794785,3632.392333984375,43780,0.0,0.0
2014-12-05 00:00:00+09:00,3609.2560758295745,3632.392332725918,3567.6108134161564,3590.7470703125,108774,0.0,0.0
2014-12-08 00:00:00+09:00,3618.510578588112,3618.510578588112,3544.474556519813,3590.7470703125,73400,0.0,0.0
2014-12-09 00:00:00+09:00,3590.747151158016,3650.9014204428795,3521.33837890625,3521.33837890625,84845,0.0,0.0
2014-12-10 00:00:00+09:00,3516.71142578125,3553.7294407894738,3470.4389070209704,3516.71142578125,53111,0.0,0.0
2014-12-11 00:00:00+09:00,3512.084173905222,3553.7294407894738,3498.2024182771383,3516.71142578125,29997,0.0,0.0
2014-12-12 00:00:00+09:00,3516.7110469972295,3572.2380635287645,3507.4565442419735,3549.101806640625,51216,0.0,0.0
2014-12-15 00:00:00+09:00,3553.729248046875,3586.1200094223022,3544.474744796753,3553.729248046875,47056,0.0,0.0
2014-12-16 00:00:00+09:00,3576.865236560402,3623.13774932315,3544.474477626479,3618.510498046875,117003,0.0,0.0
2014-12-17 00:00:00+09:00,3627.765301165803,3627.765301165803,3549.1020229517485,3572.23828125,28367,0.0,0.0
2014-12-18 00:00:00+09:00,3572.2381452242116,3595.374402641467,3502.829372972446,3521.33837890625,75923,0.0,0.0
2014-12-19 00:00:00+09:00,3521.3385685798066,3572.238337639436,3502.8295616490323,3525.9658203125,57372,0.0,0.0
2014-12-22 00:00:00+09:00,3484.3204736709595,3553.729248046875,3484.3204736709595,3553.729248046875,29118,0.0,0.0
2014-12-23 00:00:00+09:00,3553.7293307086616,3553.7293307086616,3516.711316847113,3525.9658203125,25083,0.0,0.0
2014-12-24 00:00:00+09:00,3525.965767210295,3544.4747738623178,3484.3205022432444,3488.94775390625,82223,0.0,0.0
2014-12-26 00:00:00+09:00,3456.5572383598997,3516.7115142617454,3447.302734375,3447.302734375,68924,0.0,0.0
2014-12-29 00:00:00+09:00,3488.9478345339335,3512.084093383628,3451.929820374422,3502.82958984375,26693,0.0,0.0
2014-12-30 00:00:00+09:00,3562.9837243844077,3572.2382275646273,3512.083956893202,3535.22021484375,75683,0.0,0.0
2015-01-02 00:00:00+09:00,3512.0839834213257,3553.729248046875,3502.8294801712036,3553.729248046875,48982,0.0,0.0
2015-01-05 00:00:00+09:00,3558.3561255007376,3632.3921437166173,3535.219869808275,3627.764892578125,84920,0.0,0.0
2015-01-06 00:00:00+09:00,3604.6288530279626,3687.9193785151297,3590.747098780101,3650.9013671875,61228,0.0,0.0
2015-01-07 00:00:00+09:00,3655.5284312019685,3687.919189453125,3632.392175308285,3687.919189453125,55392,0.0,0.0
2015-01-08 00:00:00+09:00,3697.1739637586807,3697.1739637586807,3637.019694010417,3664.783203125,53961,0.0,0.0
2015-01-09 00:00:00+09:00,3692.5468470287205,3734.1921122207737,3646.2743301486616,3715.68310546875,61899,0.0,0.0
2015-01-12 00:00:00+09:00,3701.801242236025,3752.70100931677,3664.7832298136645,3724.9375,50142,0.0,0.0
2015-01-13 00:00:00+09:00,3711.0555836894723,3748.0735944993426,3706.4283323382383,3738.819091796875,54320,0.0,0.0
2015-01-14 00:00:00+09:00,3738.8193092156403,3761.955567317222,3720.310302734375,3720.310302734375,30369,0.0,0.0
2015-01-15 00:00:00+09:00,3720.310166965399,3724.9374184168482,3655.5286466451057,3711.0556640625,86209,0.0,0.0
2015-01-16 00:00:00+09:00,3706.428521118164,3706.428521118164,3664.783256835937,3701.80126953125,40295,0.0,0.0
2015-01-19 00:00:00+09:00,3706.4285991264464,3854.500653024132,3660.1560822834194,3798.9736328125,150282,0.0,0.0
2015-01-20 00:00:00+09:00,3835.991482040257,3835.991482040257,3757.3282067752575,3812.855224609375,47601,0.0,0.0
2015-01-21 00:00:00+09:00,3794.346272395207,3854.500542567326,3775.8372661884014,3849.873291015625,80295,0.0,0.0
2015-01-22 00:00:00+09:00,3849.873235887097,3849.873235887097,3729.564697265625,3729.564697265625,100524,0.0,0.0
2015-01-23 00:00:00+09:00,3752.701035191675,3859.1278216397745,3752.701035191675,3826.737060546875,87075,0.0,0.0
2015-01-26 00:00:00+09:00,3835.9913732053,3840.618624560192,3794.346111011274,3822.109619140625,56621,0.0,0.0
2015-01-27 00:00:00+09:00,3826.736898178652,3886.8911662274095,3822.109646790286,3840.61865234375,100350,0.0,0.0
2015-01-28 00:00:00+09:00,3840.618842132972,3859.127848601083,3798.973577579723,3845.24609375,45296,0.0,0.0
2015-01-29 00:00:00+09:00,3845.2457673445992,3868.382023465806,3794.346003877944,3831.364013671875,58871,0.0,0.0
2015-01-30 00:00:00+09:00,3812.8551164308415,3831.3641218504085,3780.464356946599,3822.109619140625,62179,0.0,0.0
2015-02-02 00:00:00+09:00,3835.991160887217,3882.263671875,3826.7366586896605,3882.263671875,49407,0.0,0.0
2015-02-03 00:00:00+09:00,3886.8911931818184,3974.808970170455,3808.227919034091,3817.482421875,134817,0.0,0.0
2015-02-04 00:00:00+09:00,3822.1096750352162,3960.92721771204,3808.227920767534,3900.77294921875,116906,0.0,0.0
2015-02-05 00:00:00+09:00,3951.672660068313,3951.672660068313,3882.263889692406,3905.400146484375,108988,0.0,0.0
2015-02-06 00:00:00+09:00,3905.400937008367,4048.8457581544085,3882.2646755331984,4044.218505859375,201185,0.0,0.0
2015-02-09 00:00:00+09:00,4044.2178809691013,4210.798937851124,3988.690862008427,4118.25390625,285639,0.0,0.0
2015-02-10 00:00:00+09:00,4136.76269365731,4136.76269365731,4039.590415618379,4095.117431640625,117151,0.0,0.0
2015-02-11 00:00:00+09:00,4099.744682975812,4141.389944992497,4062.726672294315,4095.117431640625,116484,0.0,0.0
2015-02-12 00:00:00+09:00,4076.608926114822,4076.608926114822,3923.909613331861,3928.536865234375,169023,0.0,0.0
2015-02-13 00:00:00+09:00,3979.4364146787993,3997.9454212587007,3905.400388359194,3988.69091796875,75540,0.0,0.0
2015-02-16 00:00:00+09:00,3988.6912419842847,4025.7092581511924,3947.045973796514,4002.572998046875,57075,0.0,0.0
2015-02-17 00:00:00+09:00,4002.5725640190976,4002.5725640190976,3914.65478515625,3956.300048828125,57420,0.0,0.0
2015-02-23 00:00:00+09:00,4400.51664409571,4442.161912020906,3984.06396484375,3984.06396484375,957341,0.0,0.0
2015-02-24 00:00:00+09:00,4025.7089607670623,4076.608729236531,3882.264158716742,3923.909423828125,437971,0.0,0.0
2015-02-25 00:00:00+09:00,3942.418157351525,3960.927162785101,3882.263889692406,3905.400146484375,163270,0.0,0.0
2015-02-26 00:00:00+09:00,3886.891464359504,3947.0457370222107,3886.891464359504,3919.2822265625,65683,0.0,0.0
2015-02-27 00:00:00+09:00,3910.0273496295335,4053.472139970972,3910.0273496295335,4034.963134765625,124935,0.0,0.0
2015-03-02 00:00:00+09:00,4071.981090707331,4071.981090707331,3997.945070876289,4039.59033203125,222752,0.0,0.0
2015-03-03 00:00:00+09:00,4071.981545746718,4294.089630060175,4053.4725387205963,4229.30810546875,675233,0.0,0.0
2015-03-04 00:00:00+09:00,4206.171657345092,4326.480197599188,4155.271890314514,4307.97119140625,249365,0.0,0.0
2015-03-05 00:00:00+09:00,4303.344457638702,4335.735222373617,4238.562928168872,4284.83544921875,170291,0.0,0.0
2015-03-06 00:00:00+09:00,4270.953533139436,4303.3442966627035,4150.644982910156,4257.07177734375,198344,0.0,0.0
2015-03-09 00:00:00+09:00,4164.52649858719,4298.716796875,4118.253981936222,4298.716796875,181227,0.0,0.0
2015-03-10 00:00:00+09:00,4303.343393443594,4312.597895364978,4173.780366544217,4270.95263671875,136943,0.0,0.0
2015-03-11 00:00:00+09:00,4238.562310023907,4252.444064314378,4169.153538571551,4233.93505859375,87228,0.0,0.0
2015-03-12 00:00:00+09:00,4289.462265896848,4442.161569860814,4233.935246273588,4321.85302734375,281129,0.0,0.0
2015-03-13 00:00:00+09:00,4349.6162109375,4349.6162109375,4261.6984364611035,4349.6162109375,104776,0.0,0.0
2015-03-16 00:00:00+09:00,4391.262335205078,4719.7972412109375,4317.226300048828,4442.162109375,483425,0.0,0.0
2015-03-17 00:00:00+09:00,4442.162109375,4673.524719238281,4377.380578613282,4442.162109375,406604,0.0,0.0
2015-03-18 00:00:00+09:00,4488.4336006689655,4622.623883575563,4456.042842725993,4571.72412109375,355074,0.0,0.0
2015-03-19 00:00:00+09:00,4627.2516025641025,4664.2696153846155,4405.143525641026,4511.5703125,217473,0.0,0.0
2015-03-20 00:00:00+09:00,4530.079640799138,4608.742923632219,4474.552617622847,4567.09765625,139290,0.0,0.0
2015-03-23 00:00:00+09:00,4673.5242278159685,4673.5242278159685,4553.215683337538,4585.6064453125,167407,0.0,0.0
2015-03-24 00:00:00+09:00,4599.487653388861,4599.487653388861,4497.688127861139,4548.587890625,128374,0.0,0.0
2015-03-25 00:00:00+09:00,4511.570780986064,4571.725058065878,4442.161999740125,4451.41650390625,133635,0.0,0.0
2015-03-26 00:00:00+09:00,4368.1252719541135,4451.415796207476,4321.852758480023,4386.63427734375,150551,0.0,0.0
2015-03-27 00:00:00+09:00,4437.534097966789,4483.806612022751,4372.752578288441,4423.65234375,115411,0.0,0.0
2015-03-30 00:00:00+09:00,4409.771343994141,4488.434631347656,4409.771343994141,4442.162109375,67697,0.0,0.0
2015-03-31 00:00:00+09:00,4451.415793010752,4460.670295698925,4298.716498655914,4303.34375,128954,0.0,0.0
2015-04-01 00:00:00+09:00,4372.752445969626,4520.824486468068,4331.107184579439,4456.04296875,162932,0.0,0.0
2015-04-02 00:00:00+09:00,4446.788496173796,4585.6060350762045,4446.788496173796,4516.197265625,140064,0.0,0.0
2015-04-03 00:00:00+09:00,4493.061518006667,4576.35205078125,4488.434266185856,4576.35205078125,115182,0.0,0.0
2015-04-06 00:00:00+09:00,4594.861197353138,4599.488449314219,4525.452417936927,4543.96142578125,73430,0.0,0.0
2015-04-07 00:00:00+09:00,4516.196884625257,4562.46939368904,4446.788121029582,4506.9423828125,85812,0.0,0.0
2015-04-08 00:00:00+09:00,4525.45166015625,4599.487679136311,4525.45166015625,4525.45166015625,67554,0.0,0.0
2015-04-09 00:00:00+09:00,4525.452396357392,4525.452396357392,4442.161861455108,4483.80712890625,50984,0.0,0.0
2015-04-10 00:00:00+09:00,4483.806804405858,4557.8428300720025,4405.1435271355795,4428.27978515625,75964,0.0,0.0
2015-04-13 00:00:00+09:00,4405.143226396277,4405.143226396277,4238.562180019947,4349.6162109375,240013,0.0,0.0
2015-04-14 00:00:00+09:00,4349.616319213086,4400.516084650687,4261.698542548142,4340.36181640625,93085,0.0,0.0
2015-04-15 00:00:00+09:00,4280.207628999935,4442.1614311783105,4280.207628999935,4437.5341796875,73849,0.0,0.0
2015-04-16 00:00:00+09:00,4488.434228989685,5099.231464274879,4488.434228989685,4766.0693359375,1365626,0.0,0.0
2015-04-17 00:00:00+09:00,4858.614534945102,5219.540186112452,4747.560488432071,4793.8330078125,673585,0.0,0.0
2015-04-20 00:00:00+09:00,4756.8151504018715,4877.123704789467,4673.524612748921,4821.5966796875,205307,0.0,0.0
2015-04-21 00:00:00+09:00,4858.614384220336,5469.41162109375,4858.614384220336,5469.41162109375,621454,0.0,0.0
2015-04-22 00:00:00+09:00,5663.755435247491,5691.518942283018,4664.269181968522,5071.46728515625,563363,0.0,0.0
2015-04-23 00:00:00+09:00,5052.958715170508,5089.976727735861,4729.051105223681,4867.86865234375,298199,0.0,0.0
2015-04-24 00:00:00+09:00,4867.869038821187,4951.159573705961,4701.287969051641,4793.8330078125,117066,0.0,0.0
2015-04-27 00:00:00+09:00,4756.814934870937,4951.1595139220835,4747.560431106596,4840.10546875,105152,0.0,0.0
2015-04-28 00:00:00+09:00,4747.560988150785,4803.088017251965,4645.761434798625,4710.54296875,118006,0.0,0.0
2015-04-29 00:00:00+09:00,4627.251356661677,4710.541881081587,4548.588083598428,4636.505859375,89949,0.0,0.0
2015-04-30 00:00:00+09:00,4766.069119671199,4775.323622816191,4673.524088221272,4701.28759765625,63668,0.0,0.0
2015-05-04 00:00:00+09:00,4710.542101781688,4812.341636397796,4562.470051430987,4617.9970703125,39651,0.0,0.0
2015-05-06 00:00:00+09:00,4617.997920248035,4729.051978450393,4506.943862045678,4710.54296875,49909,0.0,0.0
2015-05-07 00:00:00+09:00,4738.305882352941,4738.305882352941,4608.742830882353,4719.796875,37041,0.0,0.0
2015-05-08 00:00:00+09:00,4756.814561631944,4932.650119357639,4729.051052517361,4747.56005859375,67148,0.0,0.0
2015-05-11 00:00:00+09:00,4719.796496975806,4877.123046875,4719.796496975806,4877.123046875,45007,0.0,0.0
2015-05-12 00:00:00+09:00,4978.922580092701,5126.994627084305,4904.886556596898,4960.41357421875,128584,0.0,0.0
2015-05-13 00:00:00+09:00,4988.177083930619,5080.722113317087,4988.177083930619,5043.7041015625,62798,0.0,0.0
2015-05-14 00:00:00+09:00,5043.704155815973,5126.994683159723,4960.413628472223,4997.431640625,32106,0.0,0.0
2015-05-15 00:00:00+09:00,5006.686358296675,5062.21337890625,4941.904834252171,5062.21337890625,56585,0.0,0.0
2015-05-18 00:00:00+09:00,5117.739881295132,5126.994383792953,4627.2512489106075,4645.76025390625,208832,0.0,0.0
2015-05-19 00:00:00+09:00,4645.760417311262,4673.52392578125,4585.606148959622,4673.52392578125,42214,0.0,0.0
2015-05-20 00:00:00+09:00,4627.251411664604,4803.086965307859,4608.7424060179455,4673.52392578125,102522,0.0,0.0
2015-05-21 00:00:00+09:00,4701.287321585764,4710.541824187311,4599.48779296875,4599.48779296875,53159,0.0,0.0
2015-05-22 00:00:00+09:00,4729.050997070312,4951.159067382812,4617.996961914063,4627.25146484375,148085,0.0,0.0
2015-05-26 00:00:00+09:00,4627.2513805541375,4673.523894359679,4506.942844659729,4530.0791015625,48753,0.0,0.0
2015-05-27 00:00:00+09:00,4562.470081676136,4622.624352529879,4326.480249865302,4428.27978515625,124609,0.0,0.0
2015-05-28 00:00:00+09:00,4382.007682604668,4428.28020301232,4183.035844851763,4331.10791015625,107691,0.0,0.0
2015-05-29 00:00:00+09:00,4377.380223791027,4978.922960675628,4335.734957391323,4969.66845703125,589865,0.0,0.0
2015-06-01 00:00:00+09:00,5432.392815085019,5710.027882295496,5015.940214269302,5663.75537109375,1705963,0.0,0.0
2015-06-02 00:00:00+09:00,6496.661512046587,6505.916015625,6357.843958370378,6505.916015625,517386,0.0,0.0
2015-06-03 00:00:00+09:00,6505.915234375,7431.365481085527,5543.446977796053,6154.244140625,4714857,0.0,0.0
2015-06-04 00:00:00+09:00,6246.7897172407675,7070.440509588068,5626.737997159091,6107.97216796875,11683880,0.0,0.0
2015-06-05 00:00:00+09:00,6644.732716301306,6940.876792793843,5506.428922283116,6200.5166015625,7750972,0.0,0.0
2015-06-08 00:00:00+09:00,5969.1546438116775,6237.53524020011,5275.06689453125,5275.06689453125,3470952,0.0,0.0
2015-06-09 00:00:00+09:00,4701.287145618557,4932.649701997423,4488.43359375,4488.43359375,4940490,0.0,0.0
2015-06-10 00:00:00+09:00,4414.398435341851,4474.552711714434,4044.218273049033,4187.6630859375,3220918,0.0,0.0
2015-06-11 00:00:00+09:00,4238.562248851894,4340.361778846153,4030.3359375,4030.3359375,2330159,0.0,0.0
2015-06-12 00:00:00+09:00,4062.7265748839445,4085.8628310051517,3720.3099842900815,3831.364013671875,1344487,0.0,0.0
2015-06-15 00:00:00+09:00,3886.891085245963,4076.6083882163016,3831.3640697424494,3868.382080078125,1760721,0.0,0.0
2015-06-16 00:00:00+09:00,3905.400310880575,3910.027562433751,3609.2562114773086,3683.292236328125,786100,0.0,0.0
2015-06-17 00:00:00+09:00,3637.0196420064785,3817.482448670922,3632.392390553544,3794.34619140625,949644,0.0,0.0
2015-06-18 00:00:00+09:00,3766.5826544590304,3798.973414386811,3701.80113460347,3734.19189453125,529862,0.0,0.0
2015-06-19 00:00:00+09:00,3771.2098815182603,3956.299937052899,3743.4463731880646,3840.61865234375,842798,0.0,0.0
2015-06-22 00:00:00+09:00,3794.3466291756463,3794.3466291756463,3697.1743374528555,3757.32861328125,329653,0.0,0.0
2015-06-23 00:00:00+09:00,3798.9736609365427,3923.9094573376224,3729.564885158165,3775.83740234375,389662,0.0,0.0
2015-06-24 00:00:00+09:00,3794.3460594067737,3928.5363468735986,3766.5825516550167,3868.382080078125,434400,0.0,0.0
2015-06-25 00:00:00+09:00,3900.7730305989585,4025.7088216145835,3840.618760850695,3956.300048828125,369169,0.0,0.0
2015-06-26 00:00:00+09:00,3956.299809721327,4141.3898592989335,3868.3820361719645,4039.59033203125,912533,0.0,0.0
2015-06-29 00:00:00+09:00,4021.0815420988906,4021.0815420988906,3873.0094945187243,3896.145751953125,324538,0.0,0.0
2015-06-30 00:00:00+09:00,3859.1277669270835,4007.199815538195,3822.1097547743057,3956.300048828125,222499,0.0,0.0
2015-07-01 00:00:00+09:00,3997.945126276958,4136.762665383797,3933.1636080270996,4076.6083984375,261920,0.0,0.0
2015-07-02 00:00:00+09:00,4141.390270376311,4326.48033832609,4085.863249991377,4192.2900390625,439363,0.0,0.0
2015-07-03 00:00:00+09:00,4247.816539173984,4321.852557285949,4081.2354984220633,4215.42578125,274568,0.0,0.0
2015-07-06 00:00:00+09:00,4206.171553073245,4400.51611328125,4136.762781570386,4400.51611328125,362156,0.0,0.0
2015-07-07 00:00:00+09:00,4627.2517824635925,5719.283203125,4613.3700271162015,5719.283203125,2543284,0.0,0.0
2015-07-08 00:00:00+09:00,6570.697342310196,6802.059924785908,5654.501515706381,5774.81005859375,3231242,0.0,0.0
2015-07-09 00:00:00+09:00,5932.135971092561,6182.007533057458,5691.5189114226605,6080.2080078125,1286922,0.0,0.0
2015-07-10 00:00:00+09:00,6006.172813637742,6126.481359981796,5719.283203125,5719.283203125,635461,0.0,0.0
2015-07-13 00:00:00+09:00,5959.90015625,6515.170357142857,5941.391149553571,6478.15234375,1145420,0.0,0.0
2015-07-15 00:00:00+09:00,6135.735827105978,6987.150150022645,6015.42728147645,6385.607421875,973686,0.0,0.0
2015-07-16 00:00:00+09:00,6515.17013888889,6644.733181423611,5654.501356336806,5830.3369140625,899160,0.0,0.0
2015-07-17 00:00:00+09:00,5959.899533732035,6487.406169481609,5941.390528968892,6117.22607421875,568287,0.0,0.0
2015-07-20 00:00:00+09:00,6154.243963005838,6913.113143406557,6135.73495860582,6589.20556640625,554208,0.0,0.0
2015-07-21 00:00:00+09:00,6589.206163194444,6635.478678385417,6154.244520399306,6413.37060546875,244175,0.0,0.0
2015-07-22 00:00:00+09:00,6459.643497732931,6728.024101506935,6413.370979840861,6505.916015625,260831,0.0,0.0
2015-07-23 00:00:00+09:00,6431.87961154514,7200.003363715278,6431.87961154514,6579.95166015625,575225,0.0,0.0
2015-07-24 00:00:00+09:00,6598.460775198064,6755.787329445423,6468.897730523768,6570.697265625,137925,0.0,0.0
2015-07-27 00:00:00+09:00,6579.951289250301,6737.27783203125,6302.316213754508,6737.27783203125,191667,0.0,0.0
2015-07-28 00:00:00+09:00,6672.496637245615,6885.350205424046,6616.969619459936,6792.80517578125,262330,0.0,0.0
2015-07-29 00:00:00+09:00,6866.841715727973,6866.841715727973,6311.571496127329,6459.6435546875,219086,0.0,0.0
2015-07-30 00:00:00+09:00,6478.151786131353,6579.951314199131,6126.480689169936,6191.26220703125,92122,0.0,0.0
2015-07-31 00:00:00+09:00,6200.517035590278,6385.607096354167,5737.791883680556,5830.3369140625,184991,0.0,0.0
2015-08-03 00:00:00+09:00,5987.663735727164,6459.643411959135,5978.409232271635,6015.42724609375,154694,0.0,0.0
2015-08-04 00:00:00+09:00,6024.6817810320545,6478.152452722639,6024.6817810320545,6468.89794921875,146298,0.0,0.0
2015-08-05 00:00:00+09:00,7079.695061383929,7403.602678571428,6209.771746651786,6478.15234375,396762,0.0,0.0
2015-08-06 00:00:00+09:00,6570.697923140093,6635.479451959784,6478.152881969106,6515.1708984375,125742,0.0,0.0
2015-08-07 00:00:00+09:00,6515.170471014493,6542.933981544385,6320.825897305253,6385.607421875,68087,0.0,0.0
2015-08-10 00:00:00+09:00,6357.843148098076,6681.750732062316,6265.298124108293,6283.80712890625,246933,0.0,0.0
2015-08-11 00:00:00+09:00,6033.935771902696,6441.133891478951,6033.935771902696,6265.29833984375,104756,0.0,0.0
2015-08-12 00:00:00+09:00,6293.061672303735,6293.061672303735,5904.3725690143865,6070.95361328125,75746,0.0,0.0
2015-08-13 00:00:00+09:00,6172.753100118511,6311.570636103185,6043.190066532815,6283.80712890625,90992,0.0,0.0
2015-08-17 00:00:00+09:00,6283.807794256524,6283.807794256524,5895.11865234375,5895.11865234375,77172,0.0,0.0
2015-08-18 00:00:00+09:00,5774.809962475394,5895.118503360298,4585.606308343842,4701.28759765625,656261,0.0,0.0
2015-08-19 00:00:00+09:00,4534.707376596267,5043.705143357072,4395.88980384332,4710.54296875,308463,0.0,0.0
2015-08-20 00:00:00+09:00,4534.706249217968,4886.3773460960965,4534.706249217968,4622.6240234375,231605,0.0,0.0
2015-08-21 00:00:00+09:00,4164.526456289918,4562.470095446511,3683.2922880075275,3803.600830078125,807477,0.0,0.0
2015-08-24 00:00:00+09:00,3775.836998980978,3951.672545502151,3683.2919744961505,3831.364013671875,340398,0.0,0.0
2015-08-25 00:00:00+09:00,3951.673225817377,4095.118038464144,3882.2644455044256,4002.572998046875,296970,0.0,0.0
2015-08-26 00:00:00+09:00,4034.9630807918097,4095.1173469045316,3942.4180560030068,4039.59033203125,274577,0.0,0.0
2015-08-27 00:00:00+09:00,4122.881568321815,4617.997536683694,4118.25431628105,4331.10791015625,371562,0.0,0.0
2015-08-28 00:00:00+09:00,4395.888943142361,4483.806722005209,4331.107421875,4414.39794921875,152555,0.0,0.0
2015-08-31 00:00:00+09:00,4423.652367230191,4423.652367230191,4206.1715500128075,4233.93505859375,205805,0.0,0.0
2015-09-01 00:00:00+09:00,4247.816411817631,4307.970674730082,4039.5901171206883,4058.09912109375,217710,0.0,0.0
2015-09-02 00:00:00+09:00,3974.8093126685217,4210.799155446281,3886.8915281042587,4183.03564453125,242785,0.0,0.0
2015-09-03 00:00:00+09:00,4247.816727401426,4270.952984086619,4127.508192638423,4136.7626953125,253097,0.0,0.0
2015-09-04 00:00:00+09:00,4150.6447255428875,4178.4082354127395,3965.5546597438733,3988.69091796875,231694,0.0,0.0
2015-09-07 00:00:00+09:00,4002.572511407827,4224.680581405024,3974.809002658177,4127.50830078125,187355,0.0,0.0
2015-09-08 00:00:00+09:00,4127.508802610188,4127.508802610188,3914.6552096504697,4002.572998046875,211606,0.0,0.0
2015-09-09 00:00:00+09:00,4071.982019629577,4104.372785694812,3974.809721433871,4044.218505859375,210101,0.0,0.0
2015-09-10 00:00:00+09:00,4034.963504828618,4266.326091114663,4016.4544979257344,4252.4443359375,239326,0.0,0.0
2015-09-11 00:00:00+09:00,4238.561879993906,4312.597895364978,4206.171123269061,4270.95263671875,145457,0.0,0.0
2015-09-14 00:00:00+09:00,4284.834522763715,4307.970778286197,4127.507985210836,4238.56201171875,125323,0.0,0.0
2015-09-15 00:00:00+09:00,4257.071397569444,4506.942979600694,4215.426133897569,4497.6884765625,426973,0.0,0.0
2015-09-16 00:00:00+09:00,4488.434026255636,4617.9970703125,4414.398001080285,4617.9970703125,198204,0.0,0.0
2015-09-17 00:00:00+09:00,4617.996671186637,4617.996671186637,4358.87060546875,4358.87060546875,216649,0.0,0.0
2015-09-18 00:00:00+09:00,4331.107604541367,4502.31591796875,4294.089590827339,4502.31591796875,208163,0.0,0.0
2015-09-21 00:00:00+09:00,4497.688698601974,4511.5704538445725,4321.853132195723,4395.88916015625,152616,0.0,0.0
2015-09-22 00:00:00+09:00,4372.753218494186,4525.452537235252,4372.753218494186,4451.41650390625,209152,0.0,0.0
2015-09-23 00:00:00+09:00,4442.161259541985,4456.043013478054,4233.934950500954,4243.189453125,165080,0.0,0.0
2015-09-24 00:00:00+09:00,4247.817084211779,4358.871125629081,4229.308077308896,4252.4443359375,149750,0.0,0.0
2015-09-25 00:00:00+09:00,4224.681021341463,4331.107815964523,4141.390486419069,4173.78125,100964,0.0,0.0
2015-09-30 00:00:00+09:00,4159.8992242961785,4201.54448905554,4011.8271718184506,4155.27197265625,106378,0.0,0.0
2015-10-01 00:00:00+09:00,4164.526288685691,4317.2255859375,4146.017282958199,4317.2255859375,130653,0.0,0.0
2015-10-02 00:00:00+09:00,4317.225533122349,4456.043074380302,4247.816762493372,4363.498046875,194259,0.0,0.0
2015-10-05 00:00:00+09:00,4368.125896652497,4423.652920762486,4331.107880579171,4354.244140625,111797,0.0,0.0
2015-10-06 00:00:00+09:00,4432.907095162809,4432.907095162809,4294.089545209903,4298.716796875,122678,0.0,0.0
2015-10-07 00:00:00+09:00,4298.716498655914,4321.852755376344,4210.79872311828,4303.34375,98902,0.0,0.0
2015-10-08 00:00:00+09:00,4326.480556322181,4326.480556322181,4229.308265752377,4257.07177734375,131969,0.0,0.0
2015-10-12 00:00:00+09:00,4257.071016136736,4312.598029390693,4233.934760614254,4238.56201171875,100322,0.0,0.0
2015-10-13 00:00:00+09:00,4331.107149443402,4442.161178916309,4275.580134706947,4312.59814453125,209367,0.0,0.0
2015-10-14 00:00:00+09:00,4284.834799565232,4382.007079037014,4266.32579395156,4340.36181640625,96978,0.0,0.0
2015-10-15 00:00:00+09:00,4344.988760562819,4567.096812220982,4326.4797562579715,4534.7060546875,267064,0.0,0.0
2015-10-16 00:00:00+09:00,4548.58890991211,4553.216162109375,4405.144091796875,4442.162109375,134906,0.0,0.0
2015-10-19 00:00:00+09:00,4442.161458333334,4604.115261501736,4442.161458333334,4580.97900390625,226651,0.0,0.0
2015-10-20 00:00:00+09:00,4701.287217239891,4793.832241201307,4576.351434891981,4692.03271484375,255874,0.0,0.0
2015-10-21 00:00:00+09:00,4692.032931427909,4719.796439897897,4613.36965742961,4673.52392578125,183762,0.0,0.0
2015-10-22 00:00:00+09:00,4719.796634615384,4803.087163461539,4502.3158092948715,4511.5703125,305078,0.0,0.0
2015-10-23 00:00:00+09:00,4497.688635400979,4636.506185876317,4493.061383718467,4608.74267578125,141927,0.0,0.0
2015-10-26 00:00:00+09:00,4608.742597717476,4608.742597717476,4428.27978515625,4428.27978515625,177186,0.0,0.0
2015-10-27 00:00:00+09:00,4428.27992238898,4511.5704538445725,4395.88916015625,4395.88916015625,84209,0.0,0.0
2015-10-28 00:00:00+09:00,4405.142914578819,4446.788173225048,4257.070883836674,4270.95263671875,156314,0.0,0.0
2015-10-29 00:00:00+09:00,4270.953583816002,4331.107859644397,4257.071827855603,4294.08984375,98911,0.0,0.0
2015-10-30 00:00:00+09:00,4303.344304323725,4331.107815964523,4155.272242239468,4173.78125,100345,0.0,0.0
2015-11-02 00:00:00+09:00,4173.780496255799,4252.44376503224,4108.99898079285,4238.56201171875,134077,0.0,0.0
2015-11-03 00:00:00+09:00,4238.562447331461,4238.562447331461,4113.6266546699435,4118.25390625,161876,0.0,0.0
2015-11-04 00:00:00+09:00,4122.8815284812845,4210.79931640625,4071.9817565247254,4210.79931640625,90853,0.0,0.0
2015-11-05 00:00:00+09:00,4224.680500404837,4261.698511361287,4173.780735339719,4196.9169921875,113586,0.0,0.0
2015-11-06 00:00:00+09:00,4183.035753880266,4210.799265521064,4141.390486419069,4173.78125,92133,0.0,0.0
2015-11-09 00:00:00+09:00,4164.52619823205,4164.52619823205,3900.77287234402,4011.826904296875,230574,0.0,0.0
2015-11-10 00:00:00+09:00,3933.1636546347377,4099.744703536915,3849.873130183649,3905.400146484375,196674,0.0,0.0
2015-11-11 00:00:00+09:00,3970.181642314554,4034.9631609537196,3937.790882994972,4011.826904296875,107853,0.0,0.0
2015-11-12 00:00:00+09:00,4011.8275224342437,4071.9817990105357,3993.3185142569228,4062.727294921875,71107,0.0,0.0
2015-11-13 00:00:00+09:00,4053.4726782199104,4113.626953125,3979.436647567492,4113.626953125,85861,0.0,0.0
2015-11-16 00:00:00+09:00,4025.7089607670623,4076.608729236531,3886.8914103957845,3923.909423828125,119610,0.0,0.0
2015-11-17 00:00:00+09:00,3928.5365662464897,4048.8451065555696,3928.5365662464897,4016.454345703125,65856,0.0,0.0
2015-11-18 00:00:00+09:00,4021.0815172409266,4141.390055156075,4021.0815172409266,4127.50830078125,79536,0.0,0.0
2015-11-19 00:00:00+09:00,4132.135361865179,4159.898869335719,4067.3538444339224,4122.880859375,61914,0.0,0.0
2015-11-20 00:00:00+09:00,4108.999187290268,4150.644449323616,4081.2356792680366,4136.7626953125,44749,0.0,0.0
2015-11-23 00:00:00+09:00,4146.017141647855,4150.644392922016,4071.9811212612867,4099.74462890625,41300,0.0,0.0
2015-11-24 00:00:00+09:00,4099.7449282293455,4099.7449282293455,4007.199895989405,4053.472412109375,101862,0.0,0.0
2015-11-25 00:00:00+09:00,4067.3541914975985,4183.035482495824,4011.8271718184506,4155.27197265625,125836,0.0,0.0
2015-11-26 00:00:00+09:00,4146.017171857619,4164.526177089127,4118.253664010359,4159.89892578125,39069,0.0,0.0
2015-11-27 00:00:00+09:00,4164.526528870033,4233.9353043512,4159.899277171288,4192.2900390625,62625,0.0,0.0
2015-11-30 00:00:00+09:00,4215.426770388613,4215.426770388613,4071.981951637738,4132.13623046875,102339,0.0,0.0
2015-12-01 00:00:00+09:00,4132.135633619937,4164.526394465783,4071.9813634776538,4141.39013671875,33327,0.0,0.0
2015-12-02 00:00:00+09:00,4164.526836688702,4344.989666278546,4113.627064240284,4331.10791015625,161954,0.0,0.0
2015-12-03 00:00:00+09:00,4349.6169183193115,4451.416463216146,4243.190121381711,4331.10791015625,189847,0.0,0.0
2015-12-04 00:00:00+09:00,4331.1080813717535,4331.1080813717535,4192.29051466112,4275.5810546875,87421,0.0,0.0
2015-12-07 00:00:00+09:00,4284.834824325478,4321.852835766735,4233.93505859375,4233.93505859375,43513,0.0,0.0
2015-12-08 00:00:00+09:00,4233.9353043512,4257.0715628449225,4146.017522075055,4192.2900390625,75776,0.0,0.0
2015-12-09 00:00:00+09:00,4247.816762493372,4493.061085382423,4178.407991864396,4363.498046875,299500,0.0,0.0
2015-12-10 00:00:00+09:00,4358.870762875205,4358.870762875205,4164.526206568668,4220.05322265625,157132,0.0,0.0
2015-12-11 00:00:00+09:00,4238.562447331461,4303.343969452248,4095.1176483497193,4118.25390625,99173,0.0,0.0
2015-12-14 00:00:00+09:00,4085.863396672219,4085.863396672219,3960.9275963209734,3993.318359375,102680,0.0,0.0
2015-12-15 00:00:00+09:00,3997.9453651685394,4127.508409410112,3997.9453651685394,4118.25390625,58711,0.0,0.0
2015-12-16 00:00:00+09:00,4099.744792031601,4173.780815364,4090.4902891150505,4127.50830078125,46528,0.0,0.0
2015-12-17 00:00:00+09:00,4169.153483970163,4196.9169921875,4099.7447134268195,4196.9169921875,44613,0.0,0.0
2015-12-18 00:00:00+09:00,4173.781242569633,4266.326281207541,4127.508723250679,4257.07177734375,59877,0.0,0.0
2015-12-21 00:00:00+09:00,4275.580109391675,4358.870631003202,4252.443853388474,4335.734375,82300,0.0,0.0
2015-12-22 00:00:00+09:00,4428.279985340971,4460.670748034165,4229.308157368492,4266.326171875,183891,0.0,0.0
2015-12-23 00:00:00+09:00,4280.208037003227,4312.598800526494,4233.935517684273,4257.07177734375,68397,0.0,0.0
2015-12-24 00:00:00+09:00,4280.208037003227,4349.616815981657,4243.190021548064,4257.07177734375,94178,0.0,0.0
2015-12-28 00:00:00+09:00,4261.697921407262,4321.852180884237,4229.307166304275,4289.46142578125,66305,0.0,0.0
2015-12-29 00:00:00+09:00,4284.834637163023,4331.107149443402,4233.934873654607,4312.59814453125,57852,0.0,0.0
2015-12-30 00:00:00+09:00,4326.479797363281,4419.024819766774,4298.716290642234,4405.14306640625,101461,0.0,0.0
2016-01-04 00:00:00+09:00,4451.415823005037,4456.043074380302,4344.9890413739395,4363.498046875,133140,0.0,0.0
2016-01-05 00:00:00+09:00,4363.498046875,4419.025063378182,4303.343778996554,4363.498046875,68034,0.0,0.0
2016-01-06 00:00:00+09:00,4363.498262698374,4460.670546385188,4303.343991844631,4428.27978515625,117722,0.0,0.0
2016-01-07 00:00:00+09:00,4423.652699239418,4451.4162099041005,4335.734915467923,4372.7529296875,68798,0.0,0.0
2016-01-08 00:00:00+09:00,4303.344339447344,4409.771134939053,4257.07181966834,4377.38037109375,85380,0.0,0.0
2016-01-11 00:00:00+09:00,4382.0069699551195,4442.161236702128,4307.9709493434175,4349.6162109375,68596,0.0,0.0
2016-01-12 00:00:00+09:00,4349.6160599226805,4530.078853898196,4298.7162975193305,4488.43359375,182194,0.0,0.0
2016-01-13 00:00:00+09:00,4567.097249348959,4590.233506944444,4456.043212890625,4497.6884765625,139782,0.0,0.0
2016-01-14 00:00:00+09:00,4469.92510322215,4488.434109860751,4395.889076667746,4465.2978515625,69122,0.0,0.0
2016-01-15 00:00:00+09:00,4469.925622558594,4534.7071533203125,4391.262335205078,4442.162109375,72975,0.0,0.0
2016-01-18 00:00:00+09:00,4442.161214953271,4456.04296875,4349.616189641744,4456.04296875,64532,0.0,0.0
2016-01-19 00:00:00+09:00,4456.043865966797,4474.552874755859,4405.144091796875,4442.162109375,40606,0.0,0.0
2016-01-20 00:00:00+09:00,4442.1612903225805,4446.788541666667,4243.189482526882,4303.34375,107234,0.0,0.0
2016-01-21 00:00:00+09:00,4266.326281207541,4331.107808254076,4178.408494501528,4257.07177734375,47568,0.0,0.0
2016-01-22 00:00:00+09:00,4257.071424375671,4326.480197599188,4233.935166634499,4307.97119140625,35119,0.0,0.0
2016-01-25 00:00:00+09:00,4312.598200631649,4400.5159751080455,4303.343698055186,4349.6162109375,41973,0.0,0.0
2016-01-26 00:00:00+09:00,4349.6162109375,4363.4979648021945,4307.9709493434175,4349.6162109375,40892,0.0,0.0
2016-01-27 00:00:00+09:00,4386.6346850198415,4405.14369212963,4349.616670800265,4372.7529296875,51712,0.0,0.0
2016-01-28 00:00:00+09:00,4368.12585905083,4465.298150406834,4349.616851173496,4460.6708984375,84061,0.0,0.0
2016-01-29 00:00:00+09:00,4479.179111480713,4895.631714820862,4414.397595405579,4738.30517578125,676352,0.0,0.0
2016-02-01 00:00:00+09:00,4793.832419370994,5589.71965501946,4738.305402930403,5052.95849609375,1879035,0.0,0.0
2016-02-02 00:00:00+09:00,5052.958490545099,5136.249015114524,4784.577911376953,4886.37744140625,339148,0.0,0.0
2016-02-03 00:00:00+09:00,4849.359845842634,5330.594029017858,4812.341831752233,5182.52197265625,599484,0.0,0.0
2016-02-04 00:00:00+09:00,5293.575177685018,5321.338683861688,5025.194617977211,5126.994140625,263828,0.0,0.0
2016-02-05 00:00:00+09:00,5182.5213001179245,5182.5213001179245,4766.068695644162,4904.88623046875,283632,0.0,0.0
2016-02-11 00:00:00+09:00,4701.287543402778,5247.30322265625,4423.652452256944,5080.72216796875,1207655,0.0,0.0
2016-02-12 00:00:00+09:00,5043.704096679688,5071.46760546875,4604.115207519531,4627.25146484375,462350,0.0,0.0
2016-02-15 00:00:00+09:00,4645.760525173611,4821.596082899306,4627.251519097223,4747.56005859375,196239,0.0,0.0
2016-02-16 00:00:00+09:00,4775.323897058824,4858.614430147059,4719.796875,4719.796875,110252,0.0,0.0
2016-02-17 00:00:00+09:00,4784.577295911027,5099.230348253338,4692.03228051623,5025.1943359375,635966,0.0,0.0
2016-02-18 00:00:00+09:00,5052.958551136364,5145.503579545455,4932.650014204545,5089.9765625,258779,0.0,0.0
2016-02-19 00:00:00+09:00,5089.9768331776495,5201.0308731742525,5006.686303180197,5108.48583984375,184667,0.0,0.0
2016-02-22 00:00:00+09:00,5210.284985081296,5210.284985081296,4941.904408585101,5015.9404296875,170068,0.0,0.0
2016-02-23 00:00:00+09:00,5089.976276901533,5136.248788509729,4904.88623046875,4904.88623046875,134357,0.0,0.0
2016-02-24 00:00:00+09:00,4904.886716938196,5043.704265530786,4867.868703980172,4988.17724609375,100780,0.0,0.0
2016-02-25 00:00:00+09:00,5043.704321929132,5071.467831958099,4923.395778470272,4941.90478515625,123116,0.0,0.0
2016-02-26 00:00:00+09:00,5025.194932325299,5117.739958703298,4923.3954033095015,5015.9404296875,180655,0.0,0.0
2016-02-29 00:00:00+09:00,5043.704460642182,5460.157122530069,4997.431942654639,5386.12109375,705193,0.0,0.0
2016-03-02 00:00:00+09:00,5321.339301595337,5423.138836060639,5247.303276529663,5284.3212890625,341597,0.0,0.0
2016-03-03 00:00:00+09:00,5358.357148506272,5358.357148506272,5173.26709156305,5256.5576171875,213285,0.0,0.0
2016-03-04 00:00:00+09:00,5284.320717634861,5543.44677734375,5210.284700575177,5543.44677734375,389937,0.0,0.0
2016-03-07 00:00:00+09:00,5626.7377292039355,5765.555271865217,5173.26708984375,5173.26708984375,1373522,0.0,0.0
2016-03-08 00:00:00+09:00,5136.249186197917,5210.285210503473,4951.159125434028,4997.431640625,409740,0.0,0.0
2016-03-09 00:00:00+09:00,4997.431915454972,5025.1954260963885,4932.650390625,4932.650390625,161028,0.0,0.0
2016-03-10 00:00:00+09:00,4904.886716938196,5006.686252572762,4877.123207219678,4988.17724609375,105401,0.0,0.0
2016-03-11 00:00:00+09:00,4960.412825161142,5025.1943359375,4904.885815924264,5025.1943359375,117848,0.0,0.0
2016-03-14 00:00:00+09:00,4997.431749333256,5080.722278488811,4969.668239614738,4988.17724609375,105115,0.0,0.0
2016-03-15 00:00:00+09:00,4997.431585966651,5043.704100651527,4951.159071281774,4960.41357421875,91164,0.0,0.0
2016-03-16 00:00:00+09:00,4997.431979317197,4997.431979317197,4775.323891347543,4803.08740234375,220100,0.0,0.0
2016-03-17 00:00:00+09:00,4830.850902365572,4969.66845703125,4803.087391432437,4969.66845703125,120957,0.0,0.0
2016-03-18 00:00:00+09:00,4988.176707548254,5071.467227711397,4941.904196346508,5034.44921875,143796,0.0,0.0
2016-03-21 00:00:00+09:00,5071.467720502336,5080.722223641939,4914.141167129089,4951.1591796875,116622,0.0,0.0
2016-03-22 00:00:00+09:00,4960.413628472223,5339.848253038194,4941.904622395834,5080.72216796875,494871,0.0,0.0
2016-03-23 00:00:00+09:00,5089.976558828713,5099.231061662947,4904.886502144032,4923.3955078125,134226,0.0,0.0
2016-03-24 00:00:00+09:00,4941.904677474453,4951.159180615791,4849.359646061074,4867.86865234375,78145,0.0,0.0
2016-03-25 00:00:00+09:00,4858.614310425036,4904.886827667179,4784.578282837607,4895.63232421875,89644,0.0,0.0
2016-03-28 00:00:00+09:00,4849.359592013889,5015.940646701389,4849.359592013889,4914.14111328125,110354,0.0,0.0
2016-03-29 00:00:00+09:00,4951.159341237802,4988.177355004066,4923.395830913104,4978.9228515625,59024,0.0,0.0
2016-03-30 00:00:00+09:00,5006.6859270497,5089.976450789898,4988.1769217741,5015.9404296875,118973,0.0,0.0
2016-03-31 00:00:00+09:00,5062.2133825365945,5441.6480236408,4941.904837796236,4978.9228515625,484492,0.0,0.0
2016-04-01 00:00:00+09:00,4988.177137586806,5015.940646701389,4904.886610243056,4914.14111328125,126442,0.0,0.0
2016-04-04 00:00:00+09:00,4932.650014204545,5089.9765625,4914.141008522727,5089.9765625,92168,0.0,0.0
2016-04-05 00:00:00+09:00,5089.9765625,5089.9765625,4951.159019886364,5089.9765625,97028,0.0,0.0
2016-04-06 00:00:00+09:00,5089.976507054144,5173.26703171503,5006.685982393258,5052.95849609375,114888,0.0,0.0
2016-04-07 00:00:00+09:00,5043.704100651527,5080.722112399429,4914.141059533874,4960.41357421875,138874,0.0,0.0
2016-04-08 00:00:00+09:00,4923.395235112028,5015.94025832842,4867.868221182193,4904.88623046875,79192,0.0,0.0
2016-04-11 00:00:00+09:00,4877.123101128473,5052.958658854167,4877.123101128473,4997.431640625,90068,0.0,0.0
2016-04-12 00:00:00+09:00,4997.431805214185,5025.195315243153,4904.886771784293,4941.90478515625,72886,0.0,0.0
2016-04-14 00:00:00+09:00,4951.1591796875,4969.668185966705,4886.37765771028,4951.1591796875,70395,0.0,0.0
2016-04-15 00:00:00+09:00,4951.158742076946,4969.667746720224,4858.613718860554,4904.88623046875,90507,0.0,0.0
2016-04-18 00:00:00+09:00,4904.8869426631745,4904.8869426631745,4784.578395012945,4803.08740234375,111372,0.0,0.0
2016-04-19 00:00:00+09:00,4812.341957456979,4858.614476278681,4756.814934870937,4840.10546875,57468,0.0,0.0
2016-04-20 00:00:00+09:00,4877.123156431335,4877.123156431335,4756.8146155706,4784.578125,52017,0.0,0.0
2016-04-21 00:00:00+09:00,4803.087350197209,4803.087350197209,4692.033307418083,4766.0693359375,187316,0.0,0.0
2016-04-22 00:00:00+09:00,4775.323891347543,4803.08740234375,4719.79686935513,4803.08740234375,56066,0.0,0.0
2016-04-25 00:00:00+09:00,4895.631999309798,4988.177027652138,4793.832468133224,4923.3955078125,235062,0.0,0.0
2016-04-26 00:00:00+09:00,4960.41357421875,5043.704100651527,4895.632053659923,4960.41357421875,216548,0.0,0.0
2016-04-27 00:00:00+09:00,4960.413200827206,5173.266752355239,4960.413200827206,5034.44921875,323431,0.0,0.0
2016-04-28 00:00:00+09:00,5043.704321929132,5099.231341987067,4904.886771784293,4941.90478515625,124603,0.0,0.0
2016-04-29 00:00:00+09:00,4978.922524817905,4978.922524817905,4840.104982304394,4923.3955078125,95969,0.0,0.0
2016-05-02 00:00:00+09:00,4923.395286458333,4978.922300967262,4840.10476469494,4858.61376953125,68576,0.0,0.0
2016-05-03 00:00:00+09:00,4858.614041004506,4886.377549810247,4775.323514587287,4877.123046875,62832,0.0,0.0
2016-05-04 00:00:00+09:00,4858.614148291472,4969.668185966705,4830.850638872664,4951.1591796875,107121,0.0,0.0
2016-05-09 00:00:00+09:00,4969.6682344578185,6052.4451123564495,4932.650221538207,5238.048828125,4942222,0.0,0.0
2016-05-10 00:00:00+09:00,5275.066943945648,5497.175025795991,5136.249392789184,5395.37548828125,1351556,0.0,0.0
2016-05-11 00:00:00+09:00,5321.339408597798,5487.920468345207,5293.575898639896,5358.357421875,471580,0.0,0.0
2016-05-12 00:00:00+09:00,5330.593290441177,5663.75537109375,5275.066276999081,5663.75537109375,675083,0.0,0.0
2016-05-13 00:00:00+09:00,5737.7921144671955,5830.337148571505,5395.37548828125,5395.37548828125,597360,0.0,0.0
2016-05-16 00:00:00+09:00,5339.848532540458,5349.103036063058,5126.994951520647,5182.52197265625,382027,0.0,0.0
2016-05-17 00:00:00+09:00,5164.012749179827,5275.066786796597,5154.758246045096,5201.03076171875,201670,0.0,0.0
2016-05-18 00:00:00+09:00,5275.06628440043,5275.06628440043,5034.449225813743,5117.73974609375,176556,0.0,0.0
2016-05-19 00:00:00+09:00,5089.976726781541,5182.52175817757,4951.1591796875,4951.1591796875,137105,0.0,0.0
2016-05-20 00:00:00+09:00,4960.4134138607005,5145.503466616698,4941.904408585101,5015.9404296875,105663,0.0,0.0
2016-05-23 00:00:00+09:00,4978.922212293739,5210.284768627091,4978.922212293739,5117.73974609375,94871,0.0,0.0
2016-05-24 00:00:00+09:00,5117.739570095888,5182.521083641405,4978.922041069778,5006.685546875,106003,0.0,0.0
2016-05-25 00:00:00+09:00,5117.740348673045,5126.994852016034,4886.377765098315,4941.90478515625,166504,0.0,0.0
2016-05-26 00:00:00+09:00,4932.649694106158,5043.703720990349,4923.395191865809,5034.44921875,85783,0.0,0.0
2016-05-27 00:00:00+09:00,4997.431640625,5275.066731770834,4997.431640625,5247.30322265625,154867,0.0,0.0
2016-05-30 00:00:00+09:00,5312.084691141419,5589.719779528602,5201.030655786547,5460.15673828125,435520,0.0,0.0
2016-05-31 00:00:00+09:00,5506.429578537909,5728.537662378093,5441.648054084521,5515.68408203125,530048,0.0,0.0
2016-06-01 00:00:00+09:00,5598.97433810764,7162.9853515625,5598.97433810764,7162.9853515625,9104741,0.0,0.0
2016-06-02 00:00:00+09:00,7246.275254193474,7292.547765395221,6570.696590647978,6922.36767578125,3971289,0.0,0.0
2016-06-03 00:00:00+09:00,7079.694884544196,7505.402027928552,6283.807616477789,6367.09814453125,4849363,0.0,0.0
2016-06-07 00:00:00+09:00,6524.424213969624,6616.96923828125,6172.753121585446,6616.96923828125,1329517,0.0,0.0
2016-06-08 00:00:00+09:00,6505.915802401747,6857.586926855895,6293.062227074236,6357.84375,1569974,0.0,0.0
2016-06-09 00:00:00+09:00,6126.480476026919,6265.298009471638,6033.93545373044,6209.77099609375,642366,0.0,0.0
2016-06-10 00:00:00+09:00,6293.062285243313,6542.933875980915,6172.753741554838,6228.28076171875,764195,0.0,0.0
2016-06-13 00:00:00+09:00,6135.73545923861,6163.498968103943,5876.609376495501,6043.1904296875,562404,0.0,0.0
2016-06-14 00:00:00+09:00,5978.40940421998,6172.753982375738,5821.082840951033,5876.60986328125,363554,0.0,0.0
2016-06-15 00:00:00+09:00,5885.86474609375,5978.409789271324,5747.047181327388,5885.86474609375,357714,0.0,0.0
2016-06-16 00:00:00+09:00,5950.645163334546,6135.735215071235,5450.902023645486,5561.9560546875,756091,0.0,0.0
2016-06-17 00:00:00+09:00,5608.2289472026205,6246.789668913811,5561.956431136593,5737.7919921875,2859191,0.0,0.0
2016-06-20 00:00:00+09:00,5784.064826064223,5950.645893054872,5756.301314899114,5876.60986328125,385329,0.0,0.0
2016-06-21 00:00:00+09:00,5959.899899131374,5959.899899131374,5552.701769377056,5626.73779296875,398522,0.0,0.0
2016-06-22 00:00:00+09:00,5598.974076775229,5876.609154962431,5552.701563744029,5811.82763671875,394356,0.0,0.0
2016-06-23 00:00:00+09:00,5811.828076655322,5811.828076655322,5506.429467531714,5608.22900390625,239877,0.0,0.0
2016-06-24 00:00:00+09:00,5682.26486545139,5839.591417100694,5071.467664930556,5247.30322265625,593929,0.0,0.0
2016-06-27 00:00:00+09:00,4904.886610243056,5367.611762152778,4904.886610243056,5247.30322265625,239842,0.0,0.0
2016-06-28 00:00:00+09:00,5154.758558884857,5386.121151294411,5154.758558884857,5339.8486328125,139265,0.0,0.0
2016-06-29 00:00:00+09:00,5423.138998512543,5561.9565496690075,5367.6119780499575,5395.37548828125,152161,0.0,0.0
2016-06-30 00:00:00+09:00,5460.156321806066,6246.789012235754,5441.647317325368,5663.75537109375,2575070,0.0,0.0
2016-07-01 00:00:00+09:00,5663.755914075371,5830.336970371705,5608.228895309926,5617.4833984375,423433,0.0,0.0
2016-07-04 00:00:00+09:00,5626.737090163934,5793.318122438524,5598.973584784836,5645.24609375,205476,0.0,0.0
2016-07-05 00:00:00+09:00,5645.246162720706,5784.063691312199,5617.482657002408,5765.5546875,198814,0.0,0.0
2016-07-06 00:00:00+09:00,5728.537161861258,5913.627215556291,5598.974124274735,5682.2646484375,323226,0.0,0.0
2016-07-07 00:00:00+09:00,5700.774247638666,5895.118824262711,5691.519743989901,5756.30126953125,214259,0.0,0.0
2016-07-08 00:00:00+09:00,5793.318193218299,5858.099706560995,5645.246162720706,5765.5546875,158187,0.0,0.0
2016-07-11 00:00:00+09:00,5765.556178839632,5987.664282037306,5682.265640140504,5969.1552734375,359073,0.0,0.0
2016-07-12 00:00:00+09:00,5969.154842376709,6006.1728569030765,5848.846295166016,5922.88232421875,197062,0.0,0.0
2016-07-13 00:00:00+09:00,5950.645672617004,5987.663686132506,5867.355142207123,5895.11865234375,150829,0.0,0.0
2016-07-14 00:00:00+09:00,5941.391117976263,5941.391117976263,5747.046548696665,5774.81005859375,133291,0.0,0.0
2016-07-15 00:00:00+09:00,5774.810114600162,5922.882168820679,5710.0285908786855,5728.53759765625,105193,0.0,0.0
2016-07-18 00:00:00+09:00,5765.555605039492,5950.645672617004,5710.028584766238,5895.11865234375,126078,0.0,0.0
2016-07-19 00:00:00+09:00,5848.84592013889,5959.899956597223,5784.064398871528,5830.3369140625,92269,0.0,0.0
2016-07-20 00:00:00+09:00,5839.591159314995,6237.534772390343,5765.55513827772,6144.98974609375,395496,0.0,0.0
2016-07-21 00:00:00+09:00,6755.787891228748,7144.477057573416,5950.646046657651,5987.6640625,2497884,0.0,0.0
2016-07-22 00:00:00+09:00,6061.699490017361,6126.481011284723,5765.55539279514,5830.3369140625,444866,0.0,0.0
2016-07-25 00:00:00+09:00,5950.646276318052,6070.954832448899,5867.355737458235,5885.86474609375,257311,0.0,0.0
2016-07-26 00:00:00+09:00,5858.100855837844,5959.900396776575,5821.082840951033,5876.60986328125,156396,0.0,0.0
2016-07-27 00:00:00+09:00,5839.591581686949,5904.373104780148,5737.792045397637,5774.81005859375,203724,0.0,0.0
2016-07-28 00:00:00+09:00,5719.283198452452,5830.337241140849,5719.283198452452,5802.57373046875,104356,0.0,0.0
2016-07-29 00:00:00+09:00,5774.809189406099,5895.117714185393,5756.3001855939,5765.5546875,143763,0.0,0.0
2016-08-01 00:00:00+09:00,5802.573513109847,5839.591525952653,5747.046493845638,5821.08251953125,60955,0.0,0.0
2016-08-02 00:00:00+09:00,5839.591687938835,5904.37321221074,5802.5736740691755,5848.84619140625,110825,0.0,0.0
2016-08-03 00:00:00+09:00,5858.10014974995,5885.8636575686705,5747.04611847507,5811.82763671875,76629,0.0,0.0
2016-08-04 00:00:00+09:00,5811.828234026116,5848.8462482555815,5765.555716239284,5802.57373046875,94858,0.0,0.0
2016-08-05 00:00:00+09:00,5811.828544830608,5941.3916015625,5774.810528621495,5941.3916015625,104540,0.0,0.0
2016-08-08 00:00:00+09:00,5978.409789271324,5996.918797906839,5867.355737458235,5885.86474609375,119446,0.0,0.0
2016-08-09 00:00:00+09:00,5913.627878168061,5950.645893054872,5784.064826064223,5876.60986328125,113090,0.0,0.0
2016-08-10 00:00:00+09:00,5848.846027625392,5996.91807895768,5839.591524417124,5904.373046875,143694,0.0,0.0
2016-08-11 00:00:00+09:00,5932.13650156736,6006.17252654792,5904.37299219965,5950.6455078125,85904,0.0,0.0
2016-08-12 00:00:00+09:00,5978.409346008301,6061.699878692627,5895.118813323975,5922.88232421875,139195,0.0,0.0
2016-08-16 00:00:00+09:00,5913.627225069471,5978.4087439669465,5895.118219670193,5932.13623046875,57266,0.0,0.0
2016-08-17 00:00:00+09:00,5885.864367002952,5959.900396776575,5867.355359559548,5876.60986328125,81250,0.0,0.0
2016-08-18 00:00:00+09:00,5867.354652356191,5969.154181024831,5793.31863150627,5811.82763671875,89958,0.0,0.0
2016-08-19 00:00:00+09:00,5765.555005562091,5811.8275176452535,5645.246474145867,5654.5009765625,178097,0.0,0.0
2016-08-22 00:00:00+09:00,5663.755749430878,5691.5192580065195,5589.7197265625,5589.7197265625,55634,0.0,0.0
2016-08-23 00:00:00+09:00,5635.991864372702,5700.773380055147,5552.701344209559,5663.75537109375,63729,0.0,0.0
2016-08-24 00:00:00+09:00,5645.24690702364,5756.30094453886,5608.228894518567,5700.77392578125,45234,0.0,0.0
2016-08-25 00:00:00+09:00,5700.774195995145,5774.810224514563,5673.0106853003645,5719.283203125,63620,0.0,0.0
2016-08-26 00:00:00+09:00,5719.282932033787,5811.8279632964695,5682.264919528713,5700.77392578125,75075,0.0,0.0
2016-08-29 00:00:00+09:00,5645.246520689385,5700.773535646985,5524.93798828125,5524.93798828125,96340,0.0,0.0
2016-08-30 00:00:00+09:00,5524.937570440574,5700.773104508196,5506.428566854508,5645.24609375,29586,0.0,0.0
2016-08-31 00:00:00+09:00,5645.246798866674,5710.028319509406,5515.683757581209,5626.73779296875,46878,0.0,0.0
2016-09-01 00:00:00+09:00,5561.956272326018,5626.73779296875,5543.447266428095,5626.73779296875,52600,0.0,0.0
2016-09-02 00:00:00+09:00,5645.246530424289,5765.555063039888,5589.7195153709345,5691.51904296875,47216,0.0,0.0
2016-09-05 00:00:00+09:00,5700.77360544387,5858.10014974995,5700.77360544387,5811.82763671875,77537,0.0,0.0
2016-09-06 00:00:00+09:00,5848.84592013889,5959.899956597223,5793.318901909723,5913.62744140625,126928,0.0,0.0
2016-09-07 00:00:00+09:00,5969.154625481338,6043.190651843898,5811.8280694609,5858.1005859375,156201,0.0,0.0
2016-09-08 00:00:00+09:00,5858.100311129945,5941.390836880608,5626.737739600326,5673.01025390625,104268,0.0,0.0
2016-09-09 00:00:00+09:00,5673.010307713559,5710.028319509406,5589.719781172903,5626.73779296875,67546,0.0,0.0
2016-09-12 00:00:00+09:00,5561.956162923177,5617.483179524739,5506.429146321614,5552.70166015625,69464,0.0,0.0
2016-09-13 00:00:00+09:00,5561.956273108286,5719.2828232627635,5561.956273108286,5710.0283203125,43088,0.0,0.0
2016-09-19 00:00:00+09:00,5710.027882295496,5728.536886776195,5626.737362132353,5663.75537109375,38698,0.0,0.0
2016-09-20 00:00:00+09:00,5654.501618590536,5904.37321221074,5654.501618590536,5848.84619140625,85985,0.0,0.0
2016-09-21 00:00:00+09:00,5904.373316955566,5922.88232421875,5765.555762481689,5922.88232421875,66694,0.0,0.0
2016-09-22 00:00:00+09:00,5922.882381889764,5922.882381889764,5784.064826064223,5876.60986328125,70545,0.0,0.0
2016-09-23 00:00:00+09:00,5848.84608264218,5932.136612300059,5821.08257275622,5858.1005859375,29090,0.0,0.0
2016-09-26 00:00:00+09:00,5876.609806060791,6006.1728569030765,5858.100798797607,5922.88232421875,110820,0.0,0.0
2016-09-27 00:00:00+09:00,5959.900175995879,6357.843821287529,5895.11865234375,5895.11865234375,625420,0.0,0.0
2016-09-28 00:00:00+09:00,5922.882053291536,5950.64556291634,5830.337021208856,5904.373046875,117123,0.0,0.0
2016-09-29 00:00:00+09:00,5941.3912260804,5950.645729547815,5811.82817753659,5848.84619140625,69360,0.0,0.0
2016-09-30 00:00:00+09:00,5802.5734586023755,5932.1365023351245,5793.318955478608,5867.35498046875,63000,0.0,0.0
2016-10-04 00:00:00+09:00,5867.354617724683,6404.115765718423,5858.100115173066,6191.26220703125,704749,0.0,0.0
2016-10-05 00:00:00+09:00,6172.75341796875,6200.516926595295,6061.6993834625655,6172.75341796875,170476,0.0,0.0
2016-10-06 00:00:00+09:00,6228.280000553046,6228.280000553046,6089.4624671083275,6209.77099609375,106930,0.0,0.0
2016-10-07 00:00:00+09:00,6209.77243610964,6320.826488618307,6006.17333984375,6006.17333984375,175169,0.0,0.0
2016-10-10 00:00:00+09:00,5932.1360763921975,6107.971623118331,5932.1360763921975,6070.95361328125,62510,0.0,0.0
2016-10-11 00:00:00+09:00,6070.953556365031,6228.280096697661,5987.663035012462,6033.935546875,135691,0.0,0.0
2016-10-12 00:00:00+09:00,6052.444500927511,6182.007533057458,5969.153980272546,6080.2080078125,77643,0.0,0.0
2016-10-13 00:00:00+09:00,6061.700094184698,6135.736125869397,5978.4095585394125,5987.6640625,76587,0.0,0.0
2016-10-14 00:00:00+09:00,6052.445433993603,6052.445433993603,5858.100855837844,5876.60986328125,80647,0.0,0.0
2016-10-17 00:00:00+09:00,5876.60959252814,5978.409128776659,5858.1005859375,5858.1005859375,65163,0.0,0.0
2016-10-18 00:00:00+09:00,5858.100798797607,5922.88232421875,5802.573777008057,5922.88232421875,32061,0.0,0.0
2016-10-19 00:00:00+09:00,5932.136722612985,5932.136722612985,5830.33718447142,5848.84619140625,58229,0.0,0.0
2016-10-20 00:00:00+09:00,5848.845975,5895.118490625,5774.80995,5784.064453125,39807,0.0,0.0
2016-10-21 00:00:00+09:00,5802.57351467994,5811.8280178931445,5663.755966481855,5737.7919921875,107737,0.0,0.0
2016-10-24 00:00:00+09:00,5737.791828356291,5765.555337203176,5571.21077527498,5626.73779296875,85134,0.0,0.0
2016-10-25 00:00:00+09:00,5617.483129644239,5682.2646484375,5580.465118905232,5682.2646484375,50226,0.0,0.0
2016-10-26 00:00:00+09:00,5682.264100922131,5682.264100922131,5552.701075819672,5645.24609375,56097,0.0,0.0
2016-10-27 00:00:00+09:00,5589.719082991803,5737.791111680328,5561.9555776127045,5645.24609375,40105,0.0,0.0
2016-10-28 00:00:00+09:00,5654.501410947797,5700.773926585667,5571.210882799629,5617.4833984375,26858,0.0,0.0
2016-10-31 00:00:00+09:00,5561.957115727725,5561.957115727725,5349.103515625,5349.103515625,111215,0.0,0.0
2016-11-01 00:00:00+09:00,5238.048930303924,5478.666018975129,5228.7944268934925,5395.37548828125,62583,0.0,0.0
2016-11-02 00:00:00+09:00,5358.357488823983,5432.393516303417,5062.21337890625,5062.21337890625,87379,0.0,0.0
2016-11-03 00:00:00+09:00,4904.886711848499,5293.575847504418,4904.886711848499,5238.048828125,235518,0.0,0.0
2016-11-04 00:00:00+09:00,5201.030867941337,5321.339411149946,5201.030867941337,5275.06689453125,40558,0.0,0.0
2016-11-07 00:00:00+09:00,5293.575998191065,5515.68408203125,5293.575998191065,5515.68408203125,83426,0.0,0.0
2016-11-08 00:00:00+09:00,5534.192926262121,5571.2109391468175,5460.156900492728,5487.92041015625,35121,0.0,0.0
2016-11-09 00:00:00+09:00,5497.175032840155,5534.1930465293135,4997.431848036505,5228.79443359375,228473,0.0,0.0
2016-11-10 00:00:00+09:00,5293.575898639896,5423.138945110103,5293.575898639896,5358.357421875,72217,0.0,0.0
2016-11-11 00:00:00+09:00,5413.884223550053,5552.701767743644,5376.866211765096,5460.15673828125,71801,0.0,0.0
2016-11-14 00:00:00+09:00,5524.938423040947,5524.938423040947,5395.375377944509,5487.92041015625,45427,0.0,0.0
2016-11-15 00:00:00+09:00,5395.375271267361,5478.665798611111,5358.357259114584,5413.88427734375,65737,0.0,0.0
2016-11-16 00:00:00+09:00,5413.884925063776,5450.902941645409,5386.121412627551,5441.6484375,42084,0.0,0.0
2016-11-17 00:00:00+09:00,5441.648110326776,5497.175131860723,5404.630095970812,5469.41162109375,25098,0.0,0.0
2016-11-18 00:00:00+09:00,5469.411568688778,5515.684086190375,5404.630044186541,5432.3935546875,49217,0.0,0.0
2016-11-21 00:00:00+09:00,5469.41162109375,5635.99268569559,5441.648110326776,5469.41162109375,162196,0.0,0.0
2016-11-22 00:00:00+09:00,5478.665906935076,5580.465442367991,5460.156900492728,5487.92041015625,51205,0.0,0.0
2016-11-23 00:00:00+09:00,5506.42964574471,5524.938652957298,5293.576062799956,5302.83056640625,74618,0.0,0.0
2016-11-24 00:00:00+09:00,5284.321017032348,5367.6115409435415,5191.775990464356,5265.81201171875,52628,0.0,0.0
2016-11-25 00:00:00+09:00,5228.794377912554,5312.084907826206,5228.794377912554,5275.06689453125,23532,0.0,0.0
2016-11-28 00:00:00+09:00,5293.575901178728,5349.102921121163,5275.06689453125,5275.06689453125,18371,0.0,0.0
2016-11-29 00:00:00+09:00,5210.28553544714,5330.594082446808,5164.013017370346,5219.5400390625,47734,0.0,0.0
2016-11-30 00:00:00+09:00,5201.030600104534,5275.066622881822,5173.26709156305,5256.5576171875,19317,0.0,0.0
2016-12-01 00:00:00+09:00,5247.303277392404,5293.575793066058,5191.776258584019,5201.03076171875,38346,0.0,0.0
2016-12-02 00:00:00+09:00,5182.5212618670885,5228.793773133759,5089.976239333748,5117.73974609375,36324,0.0,0.0
2016-12-05 00:00:00+09:00,5089.975846713858,5145.502855950737,4969.667326700622,5025.1943359375,49988,0.0,0.0
2016-12-06 00:00:00+09:00,5015.940646701389,5071.467664930556,4997.431640625,4997.431640625,37424,0.0,0.0
2016-12-07 00:00:00+09:00,4997.431209788603,5062.212725471048,4978.922205307905,5034.44921875,36033,0.0,0.0
2016-12-08 00:00:00+09:00,5034.449868601462,5108.485896080896,5006.686358296675,5062.21337890625,20615,0.0,0.0
2016-12-09 00:00:00+09:00,5071.467128271661,5126.994140625,5034.449120036101,5126.994140625,43867,0.0,0.0
2016-12-12 00:00:00+09:00,5126.994736640902,5210.285264853481,5126.994736640902,5201.03076171875,38731,0.0,0.0
2016-12-13 00:00:00+09:00,5201.030707465278,5265.812228732639,5164.0126953125,5247.30322265625,22373,0.0,0.0
2016-12-14 00:00:00+09:00,5219.539713541667,5275.066731770834,5210.285210503473,5247.30322265625,22679,0.0,0.0
2016-12-15 00:00:00+09:00,5247.303168877022,5302.830186537096,5210.285157103639,5293.57568359375,29757,0.0,0.0
2016-12-16 00:00:00+09:00,5293.576114330589,5358.357640205264,5228.794588455914,5339.8486328125,43810,0.0,0.0
2016-12-19 00:00:00+09:00,5330.593857020548,5413.884386036494,5330.593857020548,5404.6298828125,42103,0.0,0.0
2016-12-20 00:00:00+09:00,5386.120768229167,5506.429307725694,5349.102756076389,5413.88427734375,64647,0.0,0.0
2016-12-21 00:00:00+09:00,5376.866590152491,5432.393611737543,5321.3395685674395,5386.12109375,37573,0.0,0.0
2016-12-22 00:00:00+09:00,5404.630269368489,5404.630269368489,5265.812711079915,5330.59423828125,32285,0.0,0.0
2016-12-23 00:00:00+09:00,5330.593964408234,5395.37548828125,5247.3034337143545,5395.37548828125,27141,0.0,0.0
2016-12-26 00:00:00+09:00,5367.61225382487,5367.61225382487,5284.321718851726,5330.59423828125,43315,0.0,0.0
2016-12-27 00:00:00+09:00,5330.594506920415,5349.103515625,5284.321985158953,5349.103515625,20910,0.0,0.0
2016-12-28 00:00:00+09:00,5349.102971229096,5432.393501922974,5293.57595076651,5395.37548828125,35684,0.0,0.0
2016-12-29 00:00:00+09:00,5386.120768229167,5450.902289496528,5339.848253038194,5413.88427734375,18620,0.0,0.0
2017-01-02 00:00:00+09:00,5441.648005333405,5460.157012154267,5367.6119780499575,5395.37548828125,44857,0.0,0.0
2017-01-03 00:00:00+09:00,5450.901917923328,5571.21044921875,5395.374903479287,5571.21044921875,59904,0.0,0.0
2017-01-04 00:00:00+09:00,5626.737296535893,5626.737296535893,5515.683270946369,5543.44677734375,52736,0.0,0.0
2017-01-05 00:00:00+09:00,5561.956270689883,5561.956270689883,5460.15673828125,5460.15673828125,45862,0.0,0.0
2017-01-06 00:00:00+09:00,5478.66569065126,5515.68370207458,5441.647679227941,5506.42919921875,31175,0.0,0.0
2017-01-09 00:00:00+09:00,5478.665368938127,5543.446885124896,5450.901862000941,5534.1923828125,34740,0.0,0.0
2017-01-10 00:00:00+09:00,5506.428768813908,5543.44677734375,5487.919764548988,5543.44677734375,23904,0.0,0.0
2017-01-11 00:00:00+09:00,5487.920571551227,5552.702096004614,5460.157061071203,5515.68408203125,45755,0.0,0.0
2017-01-12 00:00:00+09:00,5534.192707786239,5534.192707786239,5450.902182083771,5506.42919921875,28069,0.0,0.0
2017-01-13 00:00:00+09:00,5497.174266681448,5552.70127947621,5432.392751754226,5543.44677734375,28289,0.0,0.0
2017-01-16 00:00:00+09:00,5580.464894374478,5580.464894374478,5497.174373562918,5534.1923828125,32331,0.0,0.0
2017-01-17 00:00:00+09:00,5497.174373562918,5608.228401311664,5478.665368938127,5534.1923828125,68056,0.0,0.0
2017-01-18 00:00:00+09:00,5543.4471573893225,5580.465168457031,5478.665638020833,5552.70166015625,51652,0.0,0.0
2017-01-19 00:00:00+09:00,5589.719781172903,5774.809840152138,5552.701769377056,5626.73779296875,172585,0.0,0.0
2017-01-20 00:00:00+09:00,5598.974124274735,5747.046167230761,5561.956113535729,5682.2646484375,99246,0.0,0.0
2017-01-23 00:00:00+09:00,5682.264100922131,5700.773104508196,5617.482588370902,5645.24609375,52718,0.0,0.0
2017-01-24 00:00:00+09:00,5691.518602715164,5710.02760630123,5580.46458119877,5645.24609375,72621,0.0,0.0
2017-01-25 00:00:00+09:00,5691.51898622903,5691.51898622903,5598.973962062704,5654.5009765625,31877,0.0,0.0
2017-01-26 00:00:00+09:00,5654.500868853401,5691.518877814798,5580.464850930607,5663.75537109375,45364,0.0,0.0
2017-01-31 00:00:00+09:00,5710.027882295496,5710.027882295496,5617.482859892004,5663.75537109375,33527,0.0,0.0
2017-02-01 00:00:00+09:00,5682.26481146171,5719.2828232627635,5617.483290809866,5710.0283203125,41003,0.0,0.0
2017-02-02 00:00:00+09:00,5663.755145919422,5682.264149664256,5460.156104726239,5598.9736328125,83860,0.0,0.0
2017-02-03 00:00:00+09:00,5598.973898999268,5645.246410561246,5524.937880500104,5534.1923828125,48211,0.0,0.0
2017-02-06 00:00:00+09:00,5534.192657019705,5645.246690270936,5487.9201431650245,5635.9921875,44101,0.0,0.0
2017-02-07 00:00:00+09:00,5635.992240855236,5654.50124657233,5552.701715128312,5589.7197265625,32737,0.0,0.0
2017-02-08 00:00:00+09:00,5589.71945403343,5598.97395644077,5487.919927552689,5571.21044921875,35753,0.0,0.0
2017-02-09 00:00:00+09:00,5598.974173990885,5598.974173990885,5506.429146321614,5552.70166015625,23442,0.0,0.0
2017-02-10 00:00:00+09:00,5552.701713497899,5598.974227777048,5478.66569065126,5506.42919921875,58773,0.0,0.0
2017-02-13 00:00:00+09:00,5552.70215339467,5552.70215339467,5460.157117504758,5469.41162109375,55023,0.0,0.0
2017-02-14 00:00:00+09:00,5469.410866625732,5561.955889749686,5469.410866625732,5534.1923828125,29509,0.0,0.0
2017-02-15 00:00:00+09:00,5543.44694199673,5589.71945403343,5515.683434774709,5571.21044921875,46161,0.0,0.0
2017-02-16 00:00:00+09:00,5626.737463662791,5635.991966070131,5543.44694199673,5571.21044921875,32732,0.0,0.0
2017-02-17 00:00:00+09:00,5571.21077527498,5626.73779296875,5552.701769377056,5626.73779296875,28127,0.0,0.0
2017-02-20 00:00:00+09:00,5654.500595543032,5691.518602715164,5580.46458119877,5645.24609375,38418,0.0,0.0
2017-02-21 00:00:00+09:00,5682.264810662521,5682.264810662521,5571.21077527498,5626.73779296875,40415,0.0,0.0
2017-02-22 00:00:00+09:00,5645.246907820222,5645.246907820222,5580.465385927204,5617.4833984375,20997,0.0,0.0
2017-02-23 00:00:00+09:00,5589.719130940082,5626.737138429752,5561.955625322831,5598.9736328125,20321,0.0,0.0
2017-02-24 00:00:00+09:00,5598.973790138512,5608.228292270973,5534.19227521129,5543.44677734375,37799,0.0,0.0
2017-02-27 00:00:00+09:00,5543.447319878473,5543.447319878473,5478.665798611111,5497.1748046875,33054,0.0,0.0
2017-02-28 00:00:00+09:00,5506.42919921875,5552.701713497899,5506.42919921875,5506.42919921875,20705,0.0,0.0
2017-03-02 00:00:00+09:00,5506.429146321614,5580.465168457031,5487.92014078776,5552.70166015625,25393,0.0,0.0
2017-03-03 00:00:00+09:00,5552.701934396405,5571.210940844392,5395.375379588506,5404.6298828125,63987,0.0,0.0
2017-03-06 00:00:00+09:00,5395.375379588506,5441.647895708476,5330.593857020548,5404.6298828125,27306,0.0,0.0
2017-03-07 00:00:00+09:00,5404.6298828125,5413.884386036494,5339.848360244542,5404.6298828125,25076,0.0,0.0
2017-03-08 00:00:00+09:00,5395.375649097429,5423.13916015625,5358.3576343523355,5423.13916015625,25782,0.0,0.0
2017-03-09 00:00:00+09:00,5423.138726496292,5478.665744173729,5358.357205872617,5460.15673828125,32540,0.0,0.0
2017-03-10 00:00:00+09:00,5478.665798611111,5497.1748046875,5376.866265190973,5497.1748046875,30022,0.0,0.0
2017-03-13 00:00:00+09:00,5543.446834836236,5589.719345978441,5478.665319237148,5580.46484375,52757,0.0,0.0
2017-03-14 00:00:00+09:00,5598.973790138512,5617.482794403432,5534.19227521129,5543.44677734375,26044,0.0,0.0
2017-03-15 00:00:00+09:00,5543.447649805678,5543.447649805678,5450.902613915768,5469.41162109375,33291,0.0,0.0
2017-03-16 00:00:00+09:00,5432.3929633519165,5524.93798828125,5423.138460858982,5524.93798828125,23606,0.0,0.0
2017-03-17 00:00:00+09:00,5580.464785873592,5589.719288006052,5487.919764548988,5543.44677734375,64818,0.0,0.0
2017-03-20 00:00:00+09:00,5626.737362132353,5959.899442784927,5552.701344209559,5663.75537109375,568561,0.0,0.0
2017-03-21 00:00:00+09:00,5673.010468160026,5821.08251953125,5598.974442474414,5821.08251953125,162599,0.0,0.0
2017-03-22 00:00:00+09:00,5710.028428125,5811.8279625,5700.7739249999995,5784.064453125,161662,0.0,0.0
2017-03-23 00:00:00+09:00,5784.0645066884435,5830.337022741952,5737.791990634936,5821.08251953125,102715,0.0,0.0
2017-03-24 00:00:00+09:00,5756.3008350638165,5830.3368586659235,5626.7377937601295,5710.0283203125,175514,0.0,0.0
2017-03-27 00:00:00+09:00,5710.0282653509885,5710.0282653509885,5635.992242461511,5673.01025390625,57151,0.0,0.0
2017-03-28 00:00:00+09:00,5673.010618239183,6015.42724609375,5645.247107872597,6015.42724609375,374081,0.0,0.0
2017-03-29 00:00:00+09:00,5959.90023301523,6070.954274624209,5839.591687938835,5848.84619140625,451200,0.0,0.0
2017-03-30 00:00:00+09:00,5867.355403947242,6061.699983573254,5867.355403947242,5996.91845703125,288821,0.0,0.0
2017-03-31 00:00:00+09:00,5978.40944944782,6052.44547978154,5922.882426697531,5996.91845703125,159609,0.0,0.0
2017-04-03 00:00:00+09:00,6070.953938552833,6080.208441507944,5876.609376495501,6043.1904296875,167503,0.0,0.0
2017-04-04 00:00:00+09:00,6070.953993055556,6209.771538628473,5913.62744140625,5913.62744140625,423947,0.0,0.0
2017-04-05 00:00:00+09:00,6006.171825723911,6061.698837980218,5876.60879712586,6052.4443359375,186767,0.0,0.0
2017-04-06 00:00:00+09:00,6089.462841868576,6450.388451037078,5987.66331107746,6302.31640625,873697,0.0,0.0
2017-04-07 00:00:00+09:00,6385.606931442731,6478.1519594346555,6256.043892254039,6302.31640625,382384,0.0,0.0
2017-04-10 00:00:00+09:00,7033.422162292408,8190.235017932607,6496.660997275356,7801.5458984375,8496789,0.0,0.0
2017-04-11 00:00:00+09:00,7681.237210072448,8125.453337883867,7357.329616876622,8023.65380859375,3005074,0.0,0.0
2017-04-12 00:00:00+09:00,7857.073194580078,7949.618226318359,7357.330023193359,7403.6025390625,1273519,0.0,0.0
2017-04-13 00:00:00+09:00,7570.183336817168,9393.320399595874,7542.419828246934,8301.2890625,12290130,0.0,0.0
2017-04-14 00:00:00+09:00,8051.417749297752,8255.016818820224,8051.417749297752,8236.5078125,685073,0.0,0.0
2017-04-17 00:00:00+09:00,8329.052465201214,8467.8700062879,8245.7619405492,8393.833984375,461221,0.0,0.0
2017-04-18 00:00:00+09:00,8440.1071875,8838.050837787829,8440.1071875,8791.7783203125,596032,0.0,0.0
2017-04-19 00:00:00+09:00,8699.231991525423,10179.952330508475,8541.905455508475,8736.25,4417021,0.0,0.0
2017-04-20 00:00:00+09:00,9069.413894127154,9347.049013335129,8421.598615975216,8588.1796875,1420710,0.0,0.0
2017-04-21 00:00:00+09:00,8717.742080851847,8810.28711355728,8375.325459841742,8643.7060546875,674417,0.0,0.0
2017-04-24 00:00:00+09:00,8375.325249565973,8643.705837673611,7912.60009765625,7912.60009765625,693132,0.0,0.0
2017-04-25 00:00:00+09:00,7977.3814576598415,8273.525548895474,7884.836429148707,8051.41748046875,389584,0.0,0.0
2017-04-26 00:00:00+09:00,8282.780161515551,8292.03466448931,7718.255480116167,7792.29150390625,353963,0.0,0.0
2017-04-27 00:00:00+09:00,7792.291287535175,7884.83631470305,7551.674216898697,7810.80029296875,337576,0.0,0.0
2017-04-28 00:00:00+09:00,7875.5811905376995,9189.720472625071,7644.218640874429,8116.1982421875,4087296,0.0,0.0
2017-05-02 00:00:00+09:00,8282.780592698318,10365.043870192309,8282.780592698318,9624.68359375,6948315,0.0,0.0
2017-05-04 00:00:00+09:00,9856.044228374094,9948.58924460296,9347.046639115337,9578.4091796875,1270957,0.0,0.0
2017-05-08 00:00:00+09:00,11197.948725023234,12447.306640625,11151.676209630576,12447.306640625,6685540,0.0,0.0
2017-05-10 00:00:00+09:00,12308.489202949439,12586.124297752809,11845.76404494382,12354.76171875,2183951,0.0,0.0
2017-05-11 00:00:00+09:00,12354.760344460228,13002.575493607956,11383.037620738636,12724.9404296875,3029966,0.0,0.0
2017-05-12 00:00:00+09:00,12262.216698826556,12493.5792780497,11336.766381933987,11521.8564453125,1526481,0.0,0.0
2017-05-15 00:00:00+09:00,11568.12890625,12724.941796875,10966.586203125,11568.12890625,2251802,0.0,0.0
2017-05-16 00:00:00+09:00,11383.037205430328,11938.307313012294,11059.12964267418,11290.4921875,937580,0.0,0.0
2017-05-17 00:00:00+09:00,11614.400596217105,12771.213404605263,9624.682565789473,9670.955078125,5257161,0.0,0.0
2017-05-18 00:00:00+09:00,9763.500002995592,9902.317538583206,8921.340287097393,9050.9033203125,2474837,0.0,0.0
2017-05-19 00:00:00+09:00,9050.9033203125,9300.774884370208,8884.322277607362,9050.9033203125,1371129,0.0,0.0
2017-05-22 00:00:00+09:00,8865.815033156723,8967.614579466455,8514.143873177647,8569.6708984375,1095077,0.0,0.0
2017-05-23 00:00:00+09:00,8514.142259589593,8875.067855376543,8514.142259589593,8625.1962890625,953130,0.0,0.0
2017-05-24 00:00:00+09:00,8875.068239618171,9004.631279612597,8301.2890625,8301.2890625,1079776,0.0,0.0
2017-05-25 00:00:00+09:00,8338.306796037317,8449.36082661717,8060.671719587684,8199.4892578125,746636,0.0,0.0
2017-05-26 00:00:00+09:00,8199.490653211806,8458.616768663194,8134.7091243489585,8329.0537109375,541840,0.0,0.0
2017-05-29 00:00:00+09:00,8532.65308956817,8560.41660287479,8264.2724609375,8264.2724609375,529049,0.0,0.0
2017-05-30 00:00:00+09:00,8384.579809232791,8384.579809232791,7977.381672802059,8032.90869140625,410733,0.0,0.0
2017-05-31 00:00:00+09:00,8042.16418300713,8106.945712674621,7866.328602481082,7949.619140625,359876,0.0,0.0
2017-06-01 00:00:00+09:00,7958.871708416476,8255.015771985461,7875.5811905376995,8116.1982421875,567745,0.0,0.0
2017-06-02 00:00:00+09:00,8153.216842402389,8153.216842402389,7940.36328125,7940.36328125,225239,0.0,0.0
2017-06-05 00:00:00+09:00,7995.891339390387,8005.145843255422,7875.582789144929,7894.091796875,214639,0.0,0.0
2017-06-07 00:00:00+09:00,7912.599992590069,8393.83414418619,7783.036951775729,8171.72607421875,777026,0.0,0.0
2017-06-08 00:00:00+09:00,8180.980739350559,8366.070801326816,8032.908689769553,8282.7802734375,385461,0.0,0.0
2017-06-09 00:00:00+09:00,8282.779677254814,8329.052189418248,8143.962140764509,8292.0341796875,195061,0.0,0.0
2017-06-12 00:00:00+09:00,8236.509085159825,8366.072149420766,8032.909984178346,8088.43701171875,227667,0.0,0.0
2017-06-13 00:00:00+09:00,8088.435875416909,8190.235411606366,7977.3818359375,7977.3818359375,152817,0.0,0.0
2017-06-14 00:00:00+09:00,8005.1452974578815,8051.417813628159,7505.402122818892,7690.4921875,475495,0.0,0.0
2017-06-15 00:00:00+09:00,7690.492405430112,7783.03744039317,7644.219887948583,7671.9833984375,142624,0.0,0.0
2017-06-16 00:00:00+09:00,7801.547369426666,8791.779360563858,7783.038360246532,8088.43701171875,3948066,0.0,0.0
2017-06-19 00:00:00+09:00,8162.471279016522,8180.98028418436,7736.76416015625,7736.76416015625,499812,0.0,0.0
2017-06-20 00:00:00+09:00,7736.764197621856,7810.80021865173,7357.32958984375,7357.32958984375,379965,0.0,0.0
2017-06-21 00:00:00+09:00,7348.07487183383,7551.673923698244,7329.565867118883,7375.83837890625,176126,0.0,0.0
2017-06-22 00:00:00+09:00,7366.584310707606,7616.455889085879,7320.311796193111,7422.111328125,134538,0.0,0.0
2017-06-23 00:00:00+09:00,7422.112128977968,7597.947703105875,7403.6031211750305,7560.9296875,113480,0.0,0.0
2017-06-26 00:00:00+09:00,7533.165418903374,7634.964951591257,7468.3838981019935,7542.419921875,96510,0.0,0.0
2017-06-27 00:00:00+09:00,7542.419922467574,7653.473958135808,7449.874892744046,7625.71044921875,106976,0.0,0.0
2017-06-28 00:00:00+09:00,7671.982964080514,7718.255478942278,7579.437934356985,7625.71044921875,116999,0.0,0.0
2017-06-29 00:00:00+09:00,7662.728789205237,7690.492299311053,7551.674748781973,7597.947265625,72067,0.0,0.0
2017-06-30 00:00:00+09:00,7570.184250404094,7597.947762324892,7357.330659011314,7514.6572265625,104731,0.0,0.0
2017-07-03 00:00:00+09:00,7403.60248447205,7496.14751552795,7357.329968944099,7449.875,79471,0.0,0.0
2017-07-04 00:00:00+09:00,7496.1470090576795,7496.1470090576795,7190.7484272071815,7200.0029296875,120885,0.0,0.0
2017-07-05 00:00:00+09:00,7218.512423562579,7459.129504347999,7200.003417348316,7283.2939453125,92484,0.0,0.0
2017-07-06 00:00:00+09:00,7237.020624011076,7486.892180083069,7237.020624011076,7311.056640625,74910,0.0,0.0
2017-07-07 00:00:00+09:00,7385.093424479167,7514.65646701389,7320.311903211806,7496.1474609375,50967,0.0,0.0
2017-07-10 00:00:00+09:00,7496.14707204093,7496.14707204093,7301.802518321349,7320.3115234375,65995,0.0,0.0
2017-07-11 00:00:00+09:00,7292.548394097223,7394.347927517361,7181.49435763889,7246.27587890625,49113,0.0,0.0
2017-07-12 00:00:00+09:00,7246.275659934761,7301.802676485985,7181.494140625,7181.494140625,53775,0.0,0.0
2017-07-13 00:00:00+09:00,7181.4942477154045,7246.275767991187,7033.422201370757,7088.94921875,78374,0.0,0.0
2017-07-14 00:00:00+09:00,7098.204051050647,7200.00358763677,6959.386501160478,6977.8955078125,65913,0.0,0.0
2017-07-17 00:00:00+09:00,6977.895077462924,7162.985132568041,6977.895077462924,7098.20361328125,47700,0.0,0.0
2017-07-18 00:00:00+09:00,7042.676704267297,7144.476236129242,6968.640681094974,7088.94921875,50719,0.0,0.0
2017-07-19 00:00:00+09:00,7033.422466404262,7292.548557271787,7033.422466404262,7274.03955078125,62710,0.0,0.0
2017-07-20 00:00:00+09:00,7274.039388020834,7366.584418402778,7218.512369791667,7329.56640625,65075,0.0,0.0
2017-07-21 00:00:00+09:00,7366.58474310777,7422.111763784462,7246.276198308271,7385.09375,55688,0.0,0.0
2017-07-24 00:00:00+09:00,7385.093424479167,7403.602430555556,7237.021375868056,7246.27587890625,57108,0.0,0.0
2017-07-25 00:00:00+09:00,7227.766872829861,7320.311903211806,7162.9853515625,7162.9853515625,48203,0.0,0.0
2017-07-26 00:00:00+09:00,7218.512867647059,7218.512867647059,7079.6953125,7079.6953125,37547,0.0,0.0
2017-07-27 00:00:00+09:00,7070.4404296875,7181.4944678501315,7051.931423327062,7070.4404296875,35565,0.0,0.0
2017-07-28 00:00:00+09:00,7051.931258781079,7116.712779531037,6774.296169852691,6792.80517578125,96284,0.0,0.0
2017-07-31 00:00:00+09:00,6755.7866136442435,6848.331635748959,6533.678560592926,6672.49609375,91603,0.0,0.0
2017-08-01 00:00:00+09:00,6589.206368120026,7088.9495477246355,6589.206368120026,6977.8955078125,120681,0.0,0.0
2017-08-02 00:00:00+09:00,6931.622515454946,7292.548120398527,6931.622515454946,7227.7666015625,104220,0.0,0.0
2017-08-03 00:00:00+09:00,7190.749079096502,7283.294112289507,7033.422522668394,7144.4765625,40225,0.0,0.0
2017-08-04 00:00:00+09:00,7218.511995298672,7514.65607715708,7181.493985066372,7320.3115234375,124389,0.0,0.0
2017-08-07 00:00:00+09:00,7459.1295556998775,7588.692600091687,7320.312008137225,7570.18359375,118822,0.0,0.0
2017-08-08 00:00:00+09:00,7588.692601301762,7644.219620335677,7403.602537855378,7486.89306640625,72165,0.0,0.0
2017-08-09 00:00:00+09:00,7514.656744430888,7514.656744430888,7264.785153175181,7348.07568359375,56645,0.0,0.0
2017-08-10 00:00:00+09:00,7431.366052388219,7431.366052388219,7088.94943478129,7153.73095703125,64319,0.0,0.0
2017-08-11 00:00:00+09:00,7005.658284607317,7468.383402480983,7005.658284607317,7375.83837890625,112353,0.0,0.0
2017-08-14 00:00:00+09:00,7385.093369537199,7533.165417046716,7264.784830935715,7292.54833984375,82087,0.0,0.0
2017-08-16 00:00:00+09:00,7255.53032796637,7348.075357659819,7218.512316088991,7292.54833984375,31532,0.0,0.0
2017-08-17 00:00:00+09:00,7218.511619857595,7357.329151008703,7218.511619857595,7311.056640625,28749,0.0,0.0
2017-08-18 00:00:00+09:00,7264.784832726226,7570.183430789877,7218.512317868098,7542.419921875,80222,0.0,0.0
2017-08-21 00:00:00+09:00,7514.65646701389,8042.163140190973,7496.1474609375,7746.01904296875,310591,0.0,0.0
2017-08-22 00:00:00+09:00,7736.764265379085,7838.563795186705,7616.455730151899,7644.21923828125,64367,0.0,0.0
2017-08-23 00:00:00+09:00,7644.219563410832,7801.546116168683,7634.96506030743,7699.74658203125,59108,0.0,0.0
2017-08-24 00:00:00+09:00,7755.273655957149,7755.273655957149,7644.21961792435,7653.47412109375,41179,0.0,0.0
2017-08-25 00:00:00+09:00,7634.964650876135,8282.779833374716,7607.201143054767,8153.216796875,654747,0.0,0.0
2017-08-28 00:00:00+09:00,8329.052901594607,8329.052901594607,8069.9268113227745,8106.94482421875,261808,0.0,0.0
2017-08-29 00:00:00+09:00,8106.944554897702,8319.798121978349,7912.599993650155,8255.0166015625,199931,0.0,0.0
2017-08-30 00:00:00+09:00,8338.307455152073,8440.106991230512,8143.962886275055,8310.5439453125,190936,0.0,0.0
2017-08-31 00:00:00+09:00,8329.05152027027,8736.249594594596,8264.270008445947,8560.4140625,253388,0.0,0.0
2017-09-01 00:00:00+09:00,8569.669813368057,9050.903971354168,8569.669813368057,8995.376953125,544216,0.0,0.0
2017-09-04 00:00:00+09:00,8717.74170075907,9087.921815440983,8699.232695024974,8801.0322265625,294316,0.0,0.0
2017-09-05 00:00:00+09:00,8856.559462262909,8976.868002502635,8551.160860115911,8782.5234375,179617,0.0,0.0
2017-09-06 00:00:00+09:00,8819.541343435929,9347.048013505024,8717.741810615578,9208.23046875,589466,0.0,0.0
2017-09-07 00:00:00+09:00,9347.0478515625,9624.682936262376,9069.412766862624,9347.0478515625,545857,0.0,0.0
2017-09-08 00:00:00+09:00,9624.682514880953,9994.862611607143,9235.993413318452,9717.2275390625,706694,0.0,0.0
2017-09-11 00:00:00+09:00,9809.7724609375,9902.317484153891,9393.319856463739,9809.7724609375,349513,0.0,0.0
2017-09-12 00:00:00+09:00,9763.500051153274,9902.317587425596,9439.592466517857,9717.2275390625,216009,0.0,0.0
2017-09-13 00:00:00+09:00,9763.500590820313,9763.500590820313,9217.48491796875,9254.5029296875,452716,0.0,0.0
2017-09-14 00:00:00+09:00,9245.248480684673,9393.320528423366,8884.322864321608,9208.23046875,232936,0.0,0.0
2017-09-15 00:00:00+09:00,9069.412614329269,9532.137747713414,9069.412614329269,9485.865234375,162058,0.0,0.0
2017-09-18 00:00:00+09:00,9670.955674913195,10133.680826822918,9393.320583767361,9994.86328125,493134,0.0,0.0
2017-09-19 00:00:00+09:00,10087.408730295907,10550.133901410398,10041.136213184458,10457.5888671875,545252,0.0,0.0
2017-09-20 00:00:00+09:00,10318.770667613637,10550.133238636365,10041.135582386363,10179.953125,244059,0.0,0.0
2017-09-21 00:00:00+09:00,10226.226118995633,10735.223799126637,9994.863537117904,10596.40625,309278,0.0,0.0
2017-09-25 00:00:00+09:00,10920.31386462882,10920.31386462882,10272.49863537118,10596.40625,265418,0.0,0.0
2017-09-26 00:00:00+09:00,10642.679109445067,10920.314216647983,10179.953930773543,10318.771484375,320818,0.0,0.0
2017-09-27 00:00:00+09:00,10503.86155584361,10503.86155584361,9856.046305703476,10318.771484375,273468,0.0,0.0
2017-09-28 00:00:00+09:00,10272.500315020161,10365.045362903225,9717.230027721775,10041.1376953125,322079,0.0,0.0
2017-09-29 00:00:00+09:00,10041.135635166951,10365.04323630137,9902.31809182363,10133.6806640625,164242,0.0,0.0
2017-10-10 00:00:00+09:00,10226.22643924454,10226.22643924454,9300.77608275182,9532.138671875,297603,0.0,0.0
2017-10-11 00:00:00+09:00,9439.593490735619,10457.5888671875,9393.32097362417,10457.5888671875,301661,0.0,0.0
2017-10-12 00:00:00+09:00,10596.40619480299,10827.768775475544,10318.771097995925,10642.6787109375,259635,0.0,0.0
2017-10-13 00:00:00+09:00,10503.86155584361,10642.679109445067,10133.681412906391,10318.771484375,196144,0.0,0.0
2017-10-16 00:00:00+09:00,10318.771000657125,10411.316032053153,9624.683265186915,9902.318359375,237724,0.0,0.0
2017-10-17 00:00:00+09:00,9717.227488151659,9948.590047393365,9578.409952606635,9763.5,114472,0.0,0.0
2017-10-18 00:00:00+09:00,9763.500423337438,9809.772937192118,9300.775284790641,9393.3203125,190739,0.0,0.0
2017-10-19 00:00:00+09:00,9393.321231617647,9532.138786764706,9226.740165441177,9439.59375,92188,0.0,0.0
2017-10-20 00:00:00+09:00,9485.864928909952,9809.772511848341,9347.047393364928,9763.5,113988,0.0,0.0
2017-10-23 00:00:00+09:00,9717.228743173544,9763.50126099818,9347.048600576456,9532.138671875,131274,0.0,0.0
2017-10-24 00:00:00+09:00,9485.864928909952,10041.135071090046,9439.59241706161,9763.5,202048,0.0,0.0
2017-10-25 00:00:00+09:00,9763.499949329303,9948.589995762088,9578.409902896521,9809.7724609375,104197,0.0,0.0
2017-10-26 00:00:00+09:00,9994.862507370282,10179.952553803067,9670.954926112912,9809.7724609375,211060,0.0,0.0
2017-10-27 00:00:00+09:00,9809.772563244047,9902.317587425596,9485.864978608632,9717.2275390625,133686,0.0,0.0
2017-10-30 00:00:00+09:00,9717.227909482759,9717.227909482759,9347.04779864532,9393.3203125,121298,0.0,0.0
2017-10-31 00:00:00+09:00,9300.77608275182,9670.956225348908,9254.503564927185,9532.138671875,149633,0.0,0.0
2017-11-01 00:00:00+09:00,9624.683707524271,9670.956225348908,9485.866154050364,9532.138671875,74491,0.0,0.0
2017-11-02 00:00:00+09:00,9532.137490699404,10041.135123697917,9532.137490699404,9717.2275390625,192198,0.0,0.0
2017-11-03 00:00:00+09:00,9717.228628305289,9809.773662860576,9439.593524639424,9624.68359375,80745,0.0,0.0
2017-11-06 00:00:00+09:00,9485.864978608632,9809.772563244047,9485.864978608632,9717.2275390625,99380,0.0,0.0
2017-11-07 00:00:00+09:00,9624.682565789473,9763.500102796053,9532.137541118422,9670.955078125,69736,0.0,0.0
2017-11-08 00:00:00+09:00,9809.773220486111,10087.408311631945,9717.228190104168,9994.86328125,274972,0.0,0.0
2017-11-09 00:00:00+09:00,10179.953930773543,10365.044002242154,9902.318823570628,10318.771484375,241457,0.0,0.0
2017-11-10 00:00:00+09:00,10272.498169971113,11059.130912716648,10087.408112854517,11012.8583984375,468066,0.0,0.0
2017-11-13 00:00:00+09:00,10874.041171875,11753.21896875,10874.041171875,11568.12890625,482696,0.0,0.0
2017-11-14 00:00:00+09:00,11475.582223360656,11706.944768186475,10781.494588883197,11290.4921875,632964,0.0,0.0
2017-11-15 00:00:00+09:00,11151.67638841712,11290.493936820652,10365.043614130434,10642.6787109375,565810,0.0,0.0
2017-11-16 00:00:00+09:00,10503.860843981727,10920.3134765625,10365.043299788136,10920.3134765625,285133,0.0,0.0
2017-11-17 00:00:00+09:00,10966.586614583333,11012.859131944444,10365.04388888889,10411.31640625,322097,0.0,0.0
2017-11-20 00:00:00+09:00,10503.860792457806,10966.5859375,10318.770734440928,10966.5859375,291934,0.0,0.0
2017-11-21 00:00:00+09:00,10920.312549867022,11012.857571476065,10550.132463430851,10874.0400390625,168097,0.0,0.0
2017-11-22 00:00:00+09:00,10920.314169476142,11197.949275479772,10781.496616474325,11151.6767578125,325395,0.0,0.0
2017-11-23 00:00:00+09:00,11383.03884375,12030.8540625,11151.676265625,11568.12890625,825729,0.0,0.0
2017-11-24 00:00:00+09:00,11660.674519698445,12169.672216986868,11568.12948382782,11892.037109375,250868,0.0,0.0
2017-11-27 00:00:00+09:00,12215.94473492218,12354.762288728114,11521.85696589251,11892.037109375,263242,0.0,0.0
2017-11-28 00:00:00+09:00,11892.035871898855,12169.67095062023,11614.400793177481,12123.3984375,140487,0.0,0.0
2017-11-29 00:00:00+09:00,12169.672733637972,12262.2177734375,11845.765094339624,12262.2177734375,131248,0.0,0.0
2017-11-30 00:00:00+09:00,12262.21725285749,12308.489770792801,11892.037109375,11892.037109375,139864,0.0,0.0
2017-12-01 00:00:00+09:00,11892.036027238175,12123.398595861487,11614.400944890203,11984.5810546875,122754,0.0,0.0
2017-12-04 00:00:00+09:00,12077.127009465145,12077.127009465145,11753.219388521635,12030.8544921875,113992,0.0,0.0
2017-12-05 00:00:00+09:00,11845.7640562249,12030.854119603413,11475.583929467872,11521.8564453125,189280,0.0,0.0
2017-12-06 00:00:00+09:00,11475.583875,11938.309031249999,11383.03884375,11568.12890625,152669,0.0,0.0
2017-12-07 00:00:00+09:00,11475.582223360656,11660.672259221312,10827.76709784836,11290.4921875,182864,0.0,0.0
2017-12-08 00:00:00+09:00,11105.4033203125,11290.493375651042,10827.768237304686,11105.4033203125,94127,0.0,0.0
2017-12-11 00:00:00+09:00,11059.13049812627,11429.310598481961,10874.040447948424,11383.0380859375,71542,0.0,0.0
2017-12-12 00:00:00+09:00,11383.0380859375,11429.310598481961,11105.40301067073,11383.0380859375,58703,0.0,0.0
2017-12-13 00:00:00+09:00,11290.493920110886,11568.129016507057,11290.493920110886,11475.583984375,60608,0.0,0.0
2017-12-14 00:00:00+09:00,11475.583609068626,11892.036240042891,11475.583609068626,11799.4912109375,77638,0.0,0.0
2017-12-15 00:00:00+09:00,11845.764,11984.581546875,11568.12890625,11568.12890625,154809,0.0,0.0
2017-12-18 00:00:00+09:00,11521.855944824218,11660.673486328125,11105.4033203125,11105.4033203125,99394,0.0,0.0
2017-12-19 00:00:00+09:00,11012.858292643228,11244.220861816406,10735.223209635416,11105.4033203125,91466,0.0,0.0
2017-12-21 00:00:00+09:00,10920.313640021459,11059.131186292918,10735.22357832618,10781.49609375,66124,0.0,0.0
2017-12-22 00:00:00+09:00,10874.040597672325,11290.493216306584,10735.223058127573,11244.220703125,80445,0.0,0.0
2017-12-26 00:00:00+09:00,11336.766944789488,11521.857017357479,11059.1318359375,11059.1318359375,118933,0.0,0.0
2017-12-27 00:00:00+09:00,11246.573932926829,11574.59900597053,11246.573932926829,11527.73828125,48747,150.0,0.0
2017-12-28 00:00:00+09:00,11808.902522662214,12324.370489921279,11668.320349773378,12277.509765625,214090,0.0,0.0
2018-01-02 00:00:00+09:00,12792.977630395684,13214.724145683454,12558.674010791368,13027.28125,295756,0.0,0.0
2018-01-03 00:00:00+09:00,13121.002906976744,14105.078125,13074.14218230897,14105.078125,374669,0.0,0.0
2018-01-04 00:00:00+09:00,14526.825973252118,14573.686702198094,13542.750665386653,13823.9150390625,313484,0.0,0.0
2018-01-05 00:00:00+09:00,13777.053187358812,16026.367993458209,13683.331737104669,15557.7607421875,734942,0.0,0.0
2018-01-08 00:00:00+09:00,15651.481994806853,16260.6714137664,15323.456923059402,16073.228515625,334452,0.0,0.0
2018-01-09 00:00:00+09:00,16073.228571012127,16776.13944146455,15370.317700559703,15698.3427734375,280975,0.0,0.0
2018-01-10 00:00:00+09:00,15698.342886862607,17057.303912889518,15323.457086579321,16541.8359375,275698,0.0,0.0
2018-01-11 00:00:00+09:00,16494.976719197708,16729.28036577722,15979.508696722778,16354.39453125,166582,0.0,0.0
2018-01-12 00:00:00+09:00,16494.97610294118,17619.633564505348,16120.090282419787,17525.912109375,254399,0.0,0.0
2018-01-15 00:00:00+09:00,19587.78386003191,20150.112583286413,15464.039889498874,15604.6220703125,1203104,0.0,0.0
2018-01-16 00:00:00+09:00,15604.621324043845,16073.228571012127,14620.546105410449,15698.3427734375,516200,0.0,0.0
2018-01-17 00:00:00+09:00,16354.393243443896,16869.861225328947,15651.48235905519,16026.3681640625,563949,0.0,0.0
2018-01-18 00:00:00+09:00,16120.088817031723,16635.556773390294,15370.317244146527,15510.8994140625,299965,0.0,0.0
2018-01-19 00:00:00+09:00,15464.039436502659,15745.203789893616,14995.432180851063,15417.1787109375,177583,0.0,0.0
2018-01-22 00:00:00+09:00,15417.178539503331,15417.178539503331,14901.710564018418,14948.5712890625,112563,0.0,0.0
2018-01-23 00:00:00+09:00,15089.152037154796,16166.948611237282,14995.430595930233,16120.087890625,238876,0.0,0.0
2018-01-24 00:00:00+09:00,16120.091524480711,16120.091524480711,15651.484212722551,15792.06640625,137884,0.0,0.0
2018-01-25 00:00:00+09:00,16073.22927149541,16682.418719103105,15792.064911061087,16588.697265625,184936,0.0,0.0
2018-01-26 00:00:00+09:00,16588.69637883008,17057.303621169915,16354.392757660167,16823.0,198178,0.0,0.0
2018-01-29 00:00:00+09:00,16869.86086727528,16963.582316537922,16401.25362096208,16682.41796875,147534,0.0,0.0
2018-01-30 00:00:00+09:00,16729.2769921875,16822.99843191964,16354.391233258928,16401.251953125,126413,0.0,0.0
2018-01-31 00:00:00+09:00,16307.534505208334,16869.86328125,16073.230848524305,16869.86328125,167221,0.0,0.0
2018-02-01 00:00:00+09:00,16963.583079537428,17057.304533015536,16401.254358668786,16588.697265625,148733,0.0,0.0
2018-02-02 00:00:00+09:00,16494.973655523256,16588.69509674782,15838.923566951307,16120.087890625,155963,0.0,0.0
2018-02-05 00:00:00+09:00,15510.90061643675,15932.647158877628,15370.318435623123,15604.6220703125,97906,0.0,0.0
2018-02-07 00:00:00+09:00,15604.621761766679,16588.69700800422,15042.293049630944,15276.5966796875,299011,0.0,0.0
2018-02-08 00:00:00+09:00,15885.78515625,15932.64587942478,15276.595754977876,15885.78515625,72706,0.0,0.0
2018-02-09 00:00:00+09:00,15323.455640216205,16401.252214298693,15323.455640216205,16120.087890625,130418,0.0,0.0
2018-02-12 00:00:00+09:00,15979.509330953264,16260.67371800816,15651.484212722551,15792.06640625,109707,0.0,0.0
2018-02-13 00:00:00+09:00,16026.36876775568,16073.22949514678,15464.0400390625,15464.0400390625,79918,0.0,0.0
2018-02-14 00:00:00+09:00,15557.761638327205,16073.22964441636,15417.179454848345,15932.6474609375,63224,0.0,0.0
2018-02-19 00:00:00+09:00,16260.670052461845,16260.670052461845,15932.645008175872,16120.087890625,104777,0.0,0.0
2018-02-20 00:00:00+09:00,16026.366366771943,17713.352300116356,16026.366366771943,17619.630859375,603724,0.0,0.0
2018-02-21 00:00:00+09:00,17479.052841465404,17994.52088772846,17104.166989637728,17947.66015625,313633,0.0,0.0
2018-02-22 00:00:00+09:00,17666.493700412888,18603.708220328692,17525.91152242552,18088.240234375,311278,0.0,0.0
2018-02-23 00:00:00+09:00,18369.40459034974,18463.12604234132,17713.354426408678,18088.240234375,202369,0.0,0.0
2018-02-26 00:00:00+09:00,18041.377476751008,18041.377476751008,17385.32738668733,17479.048828125,146776,0.0,0.0
2018-02-27 00:00:00+09:00,17432.18976748021,18181.961370382585,17432.18976748021,17760.21484375,138229,0.0,0.0
2018-02-28 00:00:00+09:00,17619.634448625653,18135.102477707787,17479.05225887598,17900.798828125,158123,0.0,0.0
2018-03-07 00:00:00+09:00,16963.581744191284,16963.581744191284,16166.949452336996,16260.6708984375,178143,0.0,0.0
2018-03-08 00:00:00+09:00,16307.534349173553,17057.30604338843,16307.534349173553,17010.4453125,104422,0.0,0.0
2018-03-09 00:00:00+09:00,16916.720703125,17479.049369156855,16635.556370109072,16916.720703125,192388,0.0,0.0
2018-03-12 00:00:00+09:00,17197.887604166666,17666.494895833333,17010.4446875,17572.7734375,182768,0.0,0.0
2018-03-13 00:00:00+09:00,17760.213286528717,17994.516891891893,17151.02391258446,17338.466796875,251567,0.0,0.0
2018-03-14 00:00:00+09:00,17338.46905048077,17432.19050480769,16776.14032451923,17057.3046875,111100,0.0,0.0
2018-03-15 00:00:00+09:00,17104.166937934027,17104.166937934027,16682.420355902777,16869.86328125,136434,0.0,0.0
2018-03-16 00:00:00+09:00,16963.583984375,17104.166172090812,16776.14106742058,16963.583984375,61650,0.0,0.0
2018-03-19 00:00:00+09:00,16916.722352798377,16916.722352798377,16448.115085407837,16588.697265625,87753,0.0,0.0
2018-03-20 00:00:00+09:00,16588.697865316903,16916.72296434859,16401.254951584506,16635.55859375,88449,0.0,0.0
2018-03-21 00:00:00+09:00,16869.86311983471,17197.88823605372,16729.28092716942,17010.4453125,107635,0.0,0.0
2018-03-22 00:00:00+09:00,17104.166613302594,17479.05245688183,16916.723691512976,17151.02734375,157344,0.0,0.0
2018-03-23 00:00:00+09:00,16729.2800506162,17432.190977112678,16307.53349471831,16635.55859375,209562,0.0,0.0
2018-03-26 00:00:00+09:00,18135.101903609157,18509.987731073943,16635.55859375,16635.55859375,965402,0.0,0.0
2018-03-27 00:00:00+09:00,17057.305149647887,17244.74806338028,16307.53349471831,16635.55859375,357497,0.0,0.0
2018-03-28 00:00:00+09:00,16916.722358225477,17525.911806028613,16869.86163147139,17197.88671875,495399,0.0,0.0
2018-03-29 00:00:00+09:00,17385.330547522444,17479.052005999652,16588.69815046616,16963.583984375,266430,0.0,0.0
2018-03-30 00:00:00+09:00,16963.580591517857,16963.580591517857,16354.391233258928,16401.251953125,243930,0.0,0.0
2018-04-02 00:00:00+09:00,16448.11531427557,16635.558223839962,15042.293492542613,15464.0400390625,365574,0.0,0.0
2018-04-03 00:00:00+09:00,15136.012932692307,15370.316538461539,14901.709326923077,15229.734375,171709,0.0,0.0
2018-04-04 00:00:00+09:00,15042.292414738582,15182.874586838943,14479.96372633714,14620.5458984375,232001,0.0,0.0
2018-04-05 00:00:00+09:00,14714.267888434579,15136.014420268692,14479.96425963785,15042.29296875,119407,0.0,0.0
2018-04-06 00:00:00+09:00,15182.874941170934,15698.342917568712,15042.292765789722,15557.7607421875,156860,0.0,0.0
2018-04-09 00:00:00+09:00,15276.596218701476,15464.039117090451,14901.710421923526,15089.1533203125,125113,0.0,0.0
2018-04-10 00:00:00+09:00,14995.432098765432,15182.875,14573.685570987655,15182.875,125202,0.0,0.0
2018-04-11 00:00:00+09:00,15370.318584280303,15651.482948626894,14854.850582978219,15464.0400390625,165606,0.0,0.0
2018-04-12 00:00:00+09:00,15464.039264547415,15557.76071463558,14854.849838974334,14948.5712890625,115388,0.0,0.0
2018-04-13 00:00:00+09:00,14901.710421923526,15276.596218701476,14667.406798937307,15089.1533203125,81440,0.0,0.0
2018-04-16 00:00:00+09:00,15229.735725308643,15417.17862654321,14995.432098765432,15182.875,99956,0.0,0.0
2018-04-17 00:00:00+09:00,15370.317841679218,15932.646543204068,15182.874941170934,15557.7607421875,164608,0.0,0.0
2018-04-18 00:00:00+09:00,15651.482105313456,15745.203555045873,15182.874856651377,15323.45703125,100120,0.0,0.0
2018-04-19 00:00:00+09:00,15276.597681210063,15417.179868460462,14620.547474041532,14667.408203125,244201,0.0,0.0
2018-04-20 00:00:00+09:00,14807.990711522802,14854.851441622557,14386.244140625,14386.244140625,124410,0.0,0.0
2018-04-23 00:00:00+09:00,14292.520840045103,14386.242288176547,13355.30635873067,13636.470703125,283037,0.0,0.0
2018-04-24 00:00:00+09:00,13589.6107266436,13964.496539792388,13355.307093425605,13542.75,162442,0.0,0.0
2018-04-25 00:00:00+09:00,13495.888439685314,13636.470610932036,13074.141925945149,13402.1669921875,115758,0.0,0.0
2018-04-26 00:00:00+09:00,13589.6103515625,13636.471076912714,13355.306724811422,13589.6103515625,63418,0.0,0.0
2018-04-27 00:00:00+09:00,13589.611418162678,13589.611418162678,13121.004127881206,13214.7255859375,83363,0.0,0.0
2018-04-30 00:00:00+09:00,13167.863230235542,13308.445399953358,12511.813104885729,12558.673828125,222233,0.0,0.0
2018-05-02 00:00:00+09:00,12511.812550862629,13495.8876953125,12230.648223876953,13495.8876953125,174716,0.0,0.0
2018-05-03 00:00:00+09:00,13308.447232744109,14058.218907828283,13308.447232744109,13917.63671875,167964,0.0,0.0
2018-05-04 00:00:00+09:00,13683.332100022008,13964.496458241638,13121.003383582747,13308.4462890625,99709,0.0,0.0
2018-05-08 00:00:00+09:00,13121.003372924353,13261.585551919972,12652.396109605626,12699.2568359375,80366,0.0,0.0
2018-05-09 00:00:00+09:00,12699.25756662788,13261.586314965647,12558.67537954344,13214.7255859375,72900,0.0,0.0
2018-05-10 00:00:00+09:00,13214.724524763087,13214.724524763087,12792.977997377031,12980.4208984375,41748,0.0,0.0
2018-05-11 00:00:00+09:00,12980.420387566726,13214.72400467082,12886.69894072509,13167.86328125,35678,0.0,0.0
2018-05-14 00:00:00+09:00,13261.584728091637,13308.445451512456,13027.281110987546,13167.86328125,56494,0.0,0.0
2018-05-15 00:00:00+09:00,13167.864949247263,13308.447137317518,12464.954008895986,12839.83984375,161811,0.0,0.0
2018-05-16 00:00:00+09:00,12558.67457706767,12792.978207236842,12230.649494830828,12464.953125,109659,0.0,0.0
2018-05-17 00:00:00+09:00,12418.093150745739,12652.396795099432,12183.789506392046,12371.232421875,90079,0.0,0.0
2018-05-18 00:00:00+09:00,12324.371025282519,12699.2568359375,12277.510298950645,12699.2568359375,54886,0.0,0.0
2018-05-21 00:00:00+09:00,12933.561264038086,12933.561264038086,11808.903762817383,11996.3466796875,220997,0.0,0.0
2018-05-23 00:00:00+09:00,12090.067608173078,12277.510516826924,11996.346153846154,12183.7890625,89456,0.0,0.0
2018-05-24 00:00:00+09:00,12230.649789663463,12324.371243990385,11808.903245192309,12183.7890625,76350,0.0,0.0
2018-05-25 00:00:00+09:00,11855.765244371309,11949.486708753691,11668.322315606545,11902.6259765625,57052,0.0,0.0
2018-05-28 00:00:00+09:00,11855.763897824754,11996.346078431372,11574.59953661152,11949.4853515625,83749,0.0,0.0
2018-05-29 00:00:00+09:00,11949.485862038353,12652.396795099432,11808.903675426136,12371.232421875,131444,0.0,0.0
2018-05-30 00:00:00+09:00,12464.953265625,12464.953265625,11715.181640625,11715.181640625,115860,0.0,0.0
2018-05-31 00:00:00+09:00,11902.623179158367,12090.066063869523,11574.598130913844,11762.041015625,47603,0.0,0.0
2018-06-01 00:00:00+09:00,11715.183047797736,12043.208173136072,11715.183047797736,11902.6259765625,38479,0.0,0.0
2018-06-04 00:00:00+09:00,12043.20651116499,12277.510139786877,11902.624333991858,12230.6494140625,62248,0.0,0.0
2018-06-05 00:00:00+09:00,12230.650325775146,12418.093242645264,11902.625221252441,11996.3466796875,81369,0.0,0.0
2018-06-07 00:00:00+09:00,12043.207444685218,12933.561302463504,12043.207444685218,12839.83984375,189001,0.0,0.0
2018-06-08 00:00:00+09:00,12746.117332713755,13027.281685641263,12324.37080332249,12605.53515625,91572,0.0,0.0
2018-06-11 00:00:00+09:00,12605.535012637869,12886.699362362133,12277.50993795956,12746.1171875,51537,0.0,0.0
2018-06-12 00:00:00+09:00,12699.256462545956,12839.83863740809,12511.81356272978,12746.1171875,63821,0.0,0.0
2018-06-14 00:00:00+09:00,12605.535756655092,13074.143033854167,12605.535756655092,12652.396484375,82523,0.0,0.0
2018-06-15 00:00:00+09:00,12558.675167410714,13167.864634486607,12558.675167410714,13121.00390625,89827,0.0,0.0
2018-06-18 00:00:00+09:00,13027.282761177006,13074.14349053376,12605.53619696624,12839.83984375,114326,0.0,0.0
2018-06-19 00:00:00+09:00,12699.256546846796,13214.724524763087,12605.535096316562,12980.4208984375,119710,0.0,0.0
2018-06-20 00:00:00+09:00,12886.699390076754,13495.888815789473,12839.838665021929,13355.306640625,117134,0.0,0.0
2018-06-21 00:00:00+09:00,13355.306174933274,13449.02762177491,12886.69894072509,13167.86328125,75535,0.0,0.0
2018-06-22 00:00:00+09:00,12980.421125952062,13214.724756384408,12699.256769433243,13074.142578125,61029,0.0,0.0
2018-06-25 00:00:00+09:00,12933.560399865592,13167.864030297938,12886.699673779121,13074.142578125,43071,0.0,0.0
2018-06-26 00:00:00+09:00,13074.14201433634,13730.192151256442,12792.97766994201,13636.470703125,153140,0.0,0.0
2018-06-27 00:00:00+09:00,13636.471752269848,14198.800484322213,13542.750296927787,13870.775390625,149908,0.0,0.0
2018-06-28 00:00:00+09:00,13777.05415661703,14058.218527160234,13683.332699769295,13964.4970703125,80719,0.0,0.0
2018-06-29 00:00:00+09:00,13870.774948770491,14479.964389088114,13870.774948770491,14292.521484375,144627,0.0,0.0
2018-07-02 00:00:00+09:00,14479.965475063133,14620.547664141415,13870.77598905724,13917.63671875,85562,0.0,0.0
2018-07-03 00:00:00+09:00,13823.913223057576,14245.659728167808,13308.445272367295,13683.3310546875,93427,0.0,0.0
2018-07-04 00:00:00+09:00,13542.748886317422,13870.773945847603,13402.166717947346,13683.3310546875,28021,0.0,0.0
2018-07-05 00:00:00+09:00,13542.74916343422,13730.192058429851,13167.863373442962,13402.1669921875,72924,0.0,0.0
2018-07-06 00:00:00+09:00,13777.052927617051,13777.052927617051,12746.11699425795,13261.5849609375,46696,0.0,0.0
2018-07-09 00:00:00+09:00,13074.142411129182,13261.585313080855,12558.674430762081,12605.53515625,83243,0.0,0.0
2018-07-10 00:00:00+09:00,12558.674010791368,13121.002697841728,12558.674010791368,13027.28125,59544,0.0,0.0
2018-07-11 00:00:00+09:00,12980.421204472932,13449.028468172315,12886.699751733055,13308.4462890625,38597,0.0,0.0
2018-07-12 00:00:00+09:00,13121.003119843235,14245.660530115512,13121.003119843235,14198.7998046875,86239,0.0,0.0
2018-07-13 00:00:00+09:00,14058.217210036059,14761.128070537861,13917.635037935697,14620.5458984375,167852,0.0,0.0
2018-07-16 00:00:00+09:00,14433.103002303686,14714.267346504408,14245.660106169873,14620.5458984375,51180,0.0,0.0
2018-07-17 00:00:00+09:00,14620.547474041532,14948.572577625799,14339.383099540733,14667.408203125,99982,0.0,0.0
2018-07-18 00:00:00+09:00,14667.406938798002,15323.457089415166,14620.54621375392,14948.5712890625,135563,0.0,0.0
2018-07-19 00:00:00+09:00,14948.5712890625,15276.596364371082,14479.96403862167,14948.5712890625,105691,0.0,0.0
2018-07-20 00:00:00+09:00,14854.850436401368,14995.4326171875,14479.96462097168,14995.4326171875,58182,0.0,0.0
2018-07-23 00:00:00+09:00,14995.431690705129,15089.153138772035,14339.38155423678,14620.5458984375,78700,0.0,0.0
2018-07-24 00:00:00+09:00,14433.103515625,14901.710772625811,14433.103515625,14433.103515625,50451,0.0,0.0
2018-07-25 00:00:00+09:00,14386.244140625,14620.547791123778,13777.054649328174,14386.244140625,76783,0.0,0.0
2018-07-26 00:00:00+09:00,14151.938880871816,14714.267578125,14151.938880871816,14714.267578125,60770,0.0,0.0
2018-07-27 00:00:00+09:00,14714.267722568327,14807.989173030546,14151.939019795016,14573.685546875,70529,0.0,0.0
2018-07-30 00:00:00+09:00,14573.685546875,14714.267722568327,14339.381920719454,14573.685546875,18504,0.0,0.0
2018-07-31 00:00:00+09:00,14573.68531616606,14807.98893861246,14386.24241820894,14479.9638671875,14111,0.0,0.0
2018-08-01 00:00:00+09:00,14714.268255615234,14995.4326171875,14433.10389404297,14995.4326171875,52250,0.0,0.0
2018-08-02 00:00:00+09:00,15136.01357667551,15136.01357667551,14714.267068347091,14901.7099609375,41057,0.0,0.0
2018-08-03 00:00:00+09:00,14901.710564018418,14995.432014106584,14761.128388886169,14948.5712890625,21382,0.0,0.0
2018-08-06 00:00:00+09:00,14948.570448477058,15089.152615704115,14667.406114022944,14807.98828125,35188,0.0,0.0
2018-08-07 00:00:00+09:00,14995.431926751593,14995.431926751593,14667.406853353901,14714.267578125,13090,0.0,0.0
2018-08-08 00:00:00+09:00,14901.71184854233,14901.71184854233,14479.965286791134,14667.408203125,23481,0.0,0.0
2018-08-09 00:00:00+09:00,14761.128447799438,14761.128447799438,14339.381920719454,14573.685546875,28593,0.0,0.0
2018-08-10 00:00:00+09:00,14573.687061024022,14573.687061024022,14339.383410525244,14386.244140625,13641,0.0,0.0
2018-08-13 00:00:00+09:00,14386.243626127307,14386.243626127307,13777.05415661703,13964.4970703125,66049,0.0,0.0
2018-08-14 00:00:00+09:00,13964.497448442762,14620.547664141415,13777.054529671717,13917.63671875,48145,0.0,0.0
2018-08-16 00:00:00+09:00,13917.636272130972,14292.522097642917,13402.168262052048,13730.193359375,77941,0.0,0.0
2018-08-17 00:00:00+09:00,13870.77531352796,14339.382587633634,13495.88949424342,14245.6611328125,70050,0.0,0.0
2018-08-20 00:00:00+09:00,14245.6611328125,14339.382587633634,14011.357495759663,14245.6611328125,40350,0.0,0.0
2018-08-21 00:00:00+09:00,14105.078294563906,14573.685546875,14105.078294563906,14573.685546875,30377,0.0,0.0
2018-08-22 00:00:00+09:00,14433.103742439516,14854.850280367944,14433.103742439516,14526.8251953125,33669,0.0,0.0
2018-08-23 00:00:00+09:00,14620.546648185484,14807.989553931451,14386.243016003024,14526.8251953125,36193,0.0,0.0
2018-08-24 00:00:00+09:00,14386.243016003024,14714.268101058467,14386.243016003024,14526.8251953125,19457,0.0,0.0
2018-08-27 00:00:00+09:00,14526.8251953125,14761.128827494958,14292.52156313004,14526.8251953125,45867,0.0,0.0
2018-08-28 00:00:00+09:00,14620.546040655341,14667.40676514462,14339.38169371966,14479.9638671875,21545,0.0,0.0
2018-08-29 00:00:00+09:00,14573.685841444672,14573.685841444672,14151.939305840164,14292.521484375,34178,0.0,0.0
2018-08-30 00:00:00+09:00,14198.800179790976,14339.382359788908,13964.496546461092,14151.939453125,49828,0.0,0.0
2018-08-31 00:00:00+09:00,14058.218443627451,14479.964996936274,14011.357715482025,14339.3828125,20210,0.0,0.0
2018-09-03 00:00:00+09:00,14339.382064224837,14526.824967025163,14292.521338524757,14433.103515625,12993,0.0,0.0
2018-09-04 00:00:00+09:00,14433.104039333597,14995.432768138802,14198.800402331428,14854.8505859375,55944,0.0,0.0
2018-09-05 00:00:00+09:00,14854.851119458865,15042.294035792731,14620.547474041532,14667.408203125,50965,0.0,0.0
2018-09-06 00:00:00+09:00,14714.267346504408,14761.128070537861,14433.103002303686,14620.5458984375,31336,0.0,0.0
2018-09-07 00:00:00+09:00,14433.10337118167,14714.267722568327,14433.10337118167,14573.685546875,16946,0.0,0.0
2018-09-10 00:00:00+09:00,15370.31818647541,15464.039638831968,14292.521484375,14292.521484375,307546,0.0,0.0
2018-09-11 00:00:00+09:00,14292.521338524757,14620.546418425325,14151.939161424512,14433.103515625,43718,0.0,0.0
2018-09-12 00:00:00+09:00,14526.825497275904,14526.825497275904,14151.939677991364,14245.6611328125,51106,0.0,0.0
2018-09-13 00:00:00+09:00,14245.6611328125,14479.964769865337,14058.21822317023,14245.6611328125,37619,0.0,0.0
2018-09-14 00:00:00+09:00,14245.66135620915,14433.104268790848,14151.9398999183,14339.3828125,36861,0.0,0.0
2018-09-17 00:00:00+09:00,14386.243395006335,14386.243395006335,13683.332479940878,13870.775390625,122089,0.0,0.0
2018-09-18 00:00:00+09:00,13683.332631186006,14011.357728508958,13542.750446619028,13730.193359375,60685,0.0,0.0
2018-09-19 00:00:00+09:00,13730.193359375,13870.77554394198,13589.61117480802,13730.193359375,36882,0.0,0.0
2018-09-20 00:00:00+09:00,13823.914815752985,13917.636272130972,13683.332631186006,13730.193359375,25440,0.0,0.0
2018-09-21 00:00:00+09:00,13730.193058894232,14151.939603365385,13730.193058894232,14011.357421875,32425,0.0,0.0
2018-09-27 00:00:00+09:00,14011.357573638092,14105.079028980152,13777.05393528294,13870.775390625,20917,0.0,0.0
2018-09-28 00:00:00+09:00,13870.774323453608,13870.774323453608,13589.609979059278,13636.470703125,41749,0.0,0.0
2018-10-01 00:00:00+09:00,13589.610265899122,13730.192441063597,13308.445915570175,13355.306640625,39541,0.0,0.0
2018-10-02 00:00:00+09:00,13402.168596031022,13449.029325387773,12652.396926322992,12839.83984375,62468,0.0,0.0
2018-10-04 00:00:00+09:00,12839.839093636776,13214.724906589674,12792.978367017664,12933.560546875,37408,0.0,0.0
2018-10-05 00:00:00+09:00,12839.83863740809,13167.863712086397,12699.256462545956,12746.1171875,40450,0.0,0.0
2018-10-08 00:00:00+09:00,12746.116079545454,13027.280404829546,12558.673196022726,12886.6982421875,14111,0.0,0.0
2018-10-10 00:00:00+09:00,12746.118094569289,12980.421736013577,12371.232268258427,12511.814453125,33848,0.0,0.0
2018-10-11 00:00:00+09:00,11855.7633542937,12230.649152057927,11152.852483485773,11527.73828125,142094,0.0,0.0
2018-10-12 00:00:00+09:00,11105.991489955357,11855.76306733631,11105.991489955357,11808.90234375,101409,0.0,0.0
2018-10-15 00:00:00+09:00,12277.510298950645,13121.003372924353,12230.649572618773,12699.2568359375,176325,0.0,0.0
2018-10-16 00:00:00+09:00,12980.421721540179,13402.168275669643,12933.56099330357,13121.00390625,124347,0.0,0.0
2018-10-17 00:00:00+09:00,13402.167820069204,13730.192906574395,13121.003460207612,13542.75,101819,0.0,0.0
2018-10-18 00:00:00+09:00,13542.750296927787,14058.218301309122,13449.028841585727,13870.775390625,105010,0.0,0.0
2018-10-19 00:00:00+09:00,13683.332852224577,13917.63649695445,13449.029207494705,13823.9150390625,45587,0.0,0.0
2018-10-22 00:00:00+09:00,13870.775390625,14151.939756651182,13730.193207611908,13870.775390625,38648,0.0,0.0
2018-10-23 00:00:00+09:00,14011.35687971444,14058.217605064654,13542.749626212284,13589.6103515625,66830,0.0,0.0
2018-10-24 00:00:00+09:00,13589.609137641059,13917.634185791016,13167.862647162543,13495.8876953125,76062,0.0,0.0
2018-10-25 00:00:00+09:00,13074.14226217831,13402.167336856619,12605.535012637869,12746.1171875,105504,0.0,0.0
2018-10-26 00:00:00+09:00,12980.421502800707,12980.421502800707,12183.789136202831,12418.0927734375,59310,0.0,0.0
2018-10-29 00:00:00+09:00,12277.509682865466,12558.674026747882,11012.270135394598,11059.130859375,151830,0.0,0.0
2018-10-30 00:00:00+09:00,10777.967109375,11902.624546875,10590.524203125,11715.181640625,154748,0.0,0.0
2018-10-31 00:00:00+09:00,12183.789506392046,12371.232421875,11574.600031072443,12371.232421875,88469,0.0,0.0
2018-11-01 00:00:00+09:00,12418.092112821692,12839.83863740809,12277.50993795956,12746.1171875,62674,0.0,0.0
2018-11-02 00:00:00+09:00,12980.421273494112,13074.142726732338,12605.535460541214,12933.560546875,73029,0.0,0.0
2018-11-05 00:00:00+09:00,13167.864332932693,13214.725060096154,12605.535606971154,12792.978515625,105644,0.0,0.0
2018-11-06 00:00:00+09:00,12980.421940796765,13355.307773021941,12933.561211768618,13214.7255859375,131930,0.0,0.0
2018-11-07 00:00:00+09:00,13823.914195508512,14386.242908546146,12605.535317260305,13074.142578125,477102,0.0,0.0
2018-11-08 00:00:00+09:00,13355.30635873067,13777.052875322164,13027.28129027062,13636.470703125,151028,0.0,0.0
2018-11-09 00:00:00+09:00,13917.635452119432,14245.660530115512,13589.61037412335,14198.7998046875,242634,0.0,0.0
2018-11-12 00:00:00+09:00,14058.218443627451,14901.711550245098,14011.357715482025,14339.3828125,335412,0.0,0.0
2018-11-13 00:00:00+09:00,14011.357715482025,14479.964996936274,13777.054074754902,14339.3828125,120055,0.0,0.0
2018-11-14 00:00:00+09:00,14526.824362161275,14526.824362161275,13308.445544689685,13402.1669921875,352657,0.0,0.0
2018-11-15 00:00:00+09:00,13402.166717947346,13683.3310546875,13121.00238120719,13683.3310546875,87352,0.0,0.0
2018-11-16 00:00:00+09:00,13917.634185791016,13964.494906955295,13495.8876953125,13495.8876953125,85074,0.0,0.0
2018-11-19 00:00:00+09:00,13449.02762177491,13636.470515458186,13121.002557829182,13167.86328125,87766,0.0,0.0
2018-11-20 00:00:00+09:00,12839.838354316547,13167.863421762591,12792.977630395684,13027.28125,79857,0.0,0.0
2018-11-21 00:00:00+09:00,12839.838167560634,12839.838167560634,12277.509488689366,12558.673828125,123323,0.0,0.0
2018-11-22 00:00:00+09:00,12558.675337357956,12652.396795099432,12277.510964133524,12371.232421875,49263,0.0,0.0
2018-11-23 00:00:00+09:00,12371.23152881041,12980.420960153346,12371.23152881041,12605.53515625,98517,0.0,0.0
2018-11-26 00:00:00+09:00,12839.838947692653,13167.864030297938,12699.256769433243,13074.142578125,92511,0.0,0.0
2018-11-27 00:00:00+09:00,13542.749540844297,13870.77461622807,13121.003015350876,13355.306640625,194744,0.0,0.0
2018-11-28 00:00:00+09:00,13449.02776528777,13495.888489208633,12933.559802158274,13027.28125,80870,0.0,0.0
2018-11-29 00:00:00+09:00,13027.282151442309,13121.003605769232,12792.978515625,12792.978515625,54168,0.0,0.0
2018-11-30 00:00:00+09:00,12792.979114393247,13074.14349053376,12746.118385036496,12839.83984375,33698,0.0,0.0
2018-12-03 00:00:00+09:00,12980.419683948863,13074.141125710226,12605.533916903409,12886.6982421875,58830,0.0,0.0
2018-12-04 00:00:00+09:00,12886.699820255888,12980.421273494112,12746.11764039855,12933.560546875,43080,0.0,0.0
2018-12-05 00:00:00+09:00,12652.396334134615,12792.978515625,12511.81415264423,12792.978515625,47502,0.0,0.0
2018-12-06 00:00:00+09:00,12746.11898103113,12746.11898103113,11902.625813168775,12043.2080078125,138147,0.0,0.0
2018-12-07 00:00:00+09:00,12464.953347120098,12464.953347120098,11668.320990349264,11949.4853515625,98263,0.0,0.0
2018-12-10 00:00:00+09:00,11715.18089657738,11949.484514508928,11621.459449404761,11808.90234375,40035,0.0,0.0
2018-12-11 00:00:00+09:00,11762.041668000767,11949.48456310835,11434.0166015625,11434.0166015625,82730,0.0,0.0
2018-12-12 00:00:00+09:00,11434.017427884615,11668.321063701924,11246.57451923077,11574.599609375,89899,0.0,0.0
2018-12-13 00:00:00+09:00,11434.017356004902,11996.346078431372,11293.435175398285,11949.4853515625,85656,0.0,0.0
2018-12-14 00:00:00+09:00,11808.901736802789,12043.205342691734,11621.458852091633,11762.041015625,45633,0.0,0.0
2018-12-17 00:00:00+09:00,11949.485426682693,12090.067608173078,11480.878155048078,11574.599609375,111856,0.0,0.0
2018-12-18 00:00:00+09:00,11387.156477200255,11574.599382174745,11340.295750956631,11480.8779296875,102933,0.0,0.0
2018-12-19 00:00:00+09:00,11434.015967380477,11949.483900336156,11434.015967380477,11762.041015625,113324,0.0,0.0
2018-12-20 00:00:00+09:00,11668.32017299107,12043.205961681548,11527.738002232143,11808.90234375,74586,0.0,0.0
2018-12-21 00:00:00+09:00,11715.18052896492,12043.205583775938,11715.18052896492,11855.7626953125,82040,0.0,0.0
2018-12-24 00:00:00+09:00,11808.90451218012,11949.486708753691,11621.461583415354,11902.6259765625,37200,0.0,0.0
2018-12-26 00:00:00+09:00,11621.460414487448,11715.181869442991,11105.992412231957,11199.7138671875,142836,0.0,0.0
2018-12-27 00:00:00+09:00,11484.452552397088,12101.385953972138,11436.996136891315,11816.6474609375,72979,150.0,0.0
2018-12-28 00:00:00+09:00,11816.6469039917,12148.841796875,11816.6469039917,12148.841796875,49156,0.0,0.0
2019-01-02 00:00:00+09:00,12291.21140088848,12386.12423023897,11911.560083486518,12101.3857421875,42746,0.0,0.0
2019-01-03 00:00:00+09:00,12148.841897233202,12196.298310894268,11911.559828927866,12006.47265625,28954,0.0,0.0
2019-01-04 00:00:00+09:00,12053.929029060133,13097.970126065342,11769.190548058712,12528.4931640625,203454,0.0,0.0
2019-01-07 00:00:00+09:00,12623.405630896226,12860.68769162736,12243.754333726416,12575.94921875,118622,0.0,0.0
2019-01-08 00:00:00+09:00,12481.037972127586,12670.863644707473,12433.581553982613,12623.4072265625,43548,0.0,0.0
2019-01-09 00:00:00+09:00,12670.863644707473,12765.776480997416,12481.037972127586,12623.4072265625,54405,0.0,0.0
2019-01-10 00:00:00+09:00,12575.94921875,12670.862043042454,12433.579982311321,12575.94921875,34250,0.0,0.0
2019-01-11 00:00:00+09:00,12623.40640134917,13003.057721690499,12575.949986306503,12860.6884765625,74592,0.0,0.0
2019-01-14 00:00:00+09:00,13477.620751596714,13667.4463959854,12908.143818430657,13003.056640625,189129,0.0,0.0
2019-01-15 00:00:00+09:00,13097.971177045038,13430.166098201977,12813.232673196231,12908.1455078125,114113,0.0,0.0
2019-01-16 00:00:00+09:00,12908.144239323843,13335.251953125,12765.775001390124,13335.251953125,174466,0.0,0.0
2019-01-17 00:00:00+09:00,13287.79636548913,13287.79636548913,12908.14504076087,13097.970703125,94522,0.0,0.0
2019-01-18 00:00:00+09:00,13145.427013328854,13287.796258960574,12955.60135248656,13240.33984375,84213,0.0,0.0
2019-01-21 00:00:00+09:00,13287.79636548913,13335.252781080162,13097.970703125,13097.970703125,64155,0.0,0.0
2019-01-22 00:00:00+09:00,13097.97106534091,13192.883899147728,12955.601814630683,13050.5146484375,36952,0.0,0.0
2019-01-23 00:00:00+09:00,13240.340316051137,13619.99165127841,12765.776147017046,13050.5146484375,228896,0.0,0.0
2019-01-24 00:00:00+09:00,12955.600714343642,13762.359733185553,12955.600714343642,13714.9033203125,273816,0.0,0.0
2019-01-25 00:00:00+09:00,13809.816146058607,13857.272558931661,13382.708430201124,13714.9033203125,115244,0.0,0.0
2019-01-28 00:00:00+09:00,13714.90341933457,13714.90341933457,13430.164940040428,13572.5341796875,69976,0.0,0.0
2019-01-29 00:00:00+09:00,13430.165140206473,13525.077968052456,13192.883070591517,13287.7958984375,69422,0.0,0.0
2019-01-30 00:00:00+09:00,13382.708430201124,13809.816146058607,13145.426365835856,13714.9033203125,129708,0.0,0.0
2019-01-31 00:00:00+09:00,13572.533918353873,13809.815979863555,13430.164681448063,13477.62109375,44663,0.0,0.0
2019-02-01 00:00:00+09:00,13382.708269146126,13572.533918353873,13240.339032240316,13477.62109375,34766,0.0,0.0
2019-02-07 00:00:00+09:00,13477.622462951033,14047.099468427836,12623.406954735825,13809.8173828125,203126,0.0,0.0
2019-02-08 00:00:00+09:00,13714.904299965387,15043.683955325356,13714.904299965387,14996.2275390625,541428,0.0,0.0
2019-02-11 00:00:00+09:00,15186.052631578947,15708.073190789473,14711.488486842105,15328.421875,445787,0.0,0.0
2019-02-12 00:00:00+09:00,15375.878836287315,16419.919991837687,15375.878836287315,15897.8994140625,413002,0.0,0.0
2019-02-13 00:00:00+09:00,15992.81213884523,16182.637802214313,15565.704396264793,16040.2685546875,175448,0.0,0.0
2019-02-14 00:00:00+09:00,15945.354374999999,16609.744140625,15518.246668526786,16609.744140625,180392,0.0,0.0
2019-02-15 00:00:00+09:00,16609.745011929266,16609.745011929266,15850.4423828125,15850.4423828125,126003,0.0,0.0
2019-02-18 00:00:00+09:00,15897.898537509413,16087.724191688629,15613.160056240587,15755.529296875,99893,0.0,0.0
2019-02-19 00:00:00+09:00,15755.529500575152,15755.529500575152,15186.052530674846,15470.791015625,199421,0.0,0.0
2019-02-20 00:00:00+09:00,15660.617295011469,15708.073711056957,15470.791630829512,15518.248046875,80558,0.0,0.0
2019-02-21 00:00:00+09:00,15613.16020231427,15660.616616303067,15043.683234448703,15091.1396484375,161676,0.0,0.0
2019-02-22 00:00:00+09:00,15186.052431610942,15613.16015625,14901.313948518238,15613.16015625,130816,0.0,0.0
2019-02-25 00:00:00+09:00,15802.985649956598,15850.44206331983,15280.965102961034,15375.8779296875,109381,0.0,0.0
2019-02-26 00:00:00+09:00,15518.248265917056,15518.248265917056,15091.140515478972,15233.509765625,70954,0.0,0.0
2019-02-27 00:00:00+09:00,15186.051048136645,15423.33309576378,15091.138229085791,15280.9638671875,55947,0.0,0.0
2019-02-28 00:00:00+09:00,15186.051702657807,15233.508114228613,14236.923471241693,14284.3798828125,188598,0.0,0.0
2019-03-04 00:00:00+09:00,15138.596217105263,16277.550164473685,14996.22697368421,16230.09375,562890,0.0,0.0
2019-03-05 00:00:00+09:00,16562.28881538205,16894.483719988566,15328.42202684356,15565.7041015625,1010892,0.0,0.0
2019-03-06 00:00:00+09:00,16277.550164473685,17416.504111842107,15755.529605263158,16230.09375,2577835,0.0,0.0
2019-03-07 00:00:00+09:00,16372.463723575367,17084.309972426472,15660.617474724266,16135.181640625,825702,0.0,0.0
2019-03-08 00:00:00+09:00,16230.094034282345,17701.24290873484,16135.181203672506,17606.330078125,1449824,0.0,0.0
2019-03-11 00:00:00+09:00,18033.437067892697,22209.601441509956,17653.78576120022,21450.298828125,5113852,0.0,0.0
2019-03-12 00:00:00+09:00,21307.92999812772,21924.863383374184,20690.996612881263,21782.494140625,2045322,0.0,0.0
2019-03-13 00:00:00+09:00,21592.66898960583,22921.44861973542,21165.561251349893,21972.3203125,1497908,0.0,0.0
2019-03-14 00:00:00+09:00,22541.796334865874,22684.16557487555,21023.19110809596,21450.298828125,852344,0.0,0.0
2019-03-15 00:00:00+09:00,21592.66868461997,23348.55602820445,21307.930196471134,22399.427734375,1939582,0.0,0.0
2019-03-18 00:00:00+09:00,22399.427216880344,22399.427216880344,21592.66818576389,22209.6015625,662987,0.0,0.0
2019-03-19 00:00:00+09:00,22779.077953296703,27097.611481942535,22494.339478880494,25911.201171875,3717030,0.0,0.0
2019-03-20 00:00:00+09:00,25958.659328294838,27524.721042798912,25104.44384765625,26195.94140625,1896333,0.0,0.0
2019-03-21 00:00:00+09:00,26575.59051724138,28616.216217672412,25816.287931034483,27524.71875,2034543,0.0,0.0
2019-03-22 00:00:00+09:00,28378.935953776043,32744.926100510816,27334.89483173077,29612.802734375,2018746,0.0,0.0
2019-03-25 00:00:00+09:00,28948.41355326939,29280.60846289707,28141.654487030737,28758.587890625,735457,0.0,0.0
2019-03-26 00:00:00+09:00,29328.065844481604,29375.522261705686,26575.59364548495,28378.9375,1408799,0.0,0.0
2019-03-27 00:00:00+09:00,28378.937259721002,29138.239928877414,26385.767753185413,27002.701171875,794614,0.0,0.0
2019-03-28 00:00:00+09:00,27192.52346231284,27619.631160673776,25579.00549072709,26148.482421875,812923,0.0,0.0
2019-03-29 00:00:00+09:00,26148.484688508994,26195.94110355166,24582.422992101016,25721.376953125,828831,0.0,0.0
2019-04-01 00:00:00+09:00,25816.290795454548,26338.311381392046,25341.726626420455,26101.029296875,574953,0.0,0.0
2019-04-02 00:00:00+09:00,26195.941951815643,26717.96253418878,25436.639286545626,25484.095703125,494555,0.0,0.0
2019-04-03 00:00:00+09:00,25626.465954701835,26148.4865574828,24962.076096616973,25863.748046875,397953,0.0,0.0
2019-04-04 00:00:00+09:00,25721.376750059073,26195.94089673913,24819.704871366965,25104.443359375,358930,0.0,0.0
2019-04-05 00:00:00+09:00,25721.377490512332,25768.83390654649,24107.859345351044,25009.53125,540535,0.0,0.0
2019-04-08 00:00:00+09:00,25341.726307240097,25436.639139851482,23918.033818069307,23965.490234375,480595,0.0,0.0
2019-04-09 00:00:00+09:00,24060.402448381697,24440.05376906622,23206.18697684152,23918.033203125,468367,0.0,0.0
2019-04-10 00:00:00+09:00,23918.033710629923,24250.22862327756,23490.925965797247,24107.859375,310986,0.0,0.0
2019-04-11 00:00:00+09:00,24297.683712121212,25056.986328125,23775.66316361861,25056.986328125,359197,0.0,0.0
2019-04-12 00:00:00+09:00,25436.637829274354,25958.658381740806,23585.837688711483,23870.576171875,834897,0.0,0.0
2019-04-15 00:00:00+09:00,23775.66279296875,23823.119205729166,22731.621712239583,22779.078125,403663,0.0,0.0
2019-04-16 00:00:00+09:00,22968.903056924275,23016.35946819891,22162.144065255445,22873.990234375,291275,0.0,0.0
2019-04-17 00:00:00+09:00,22779.07857142857,26006.114702380954,22114.688779761906,24914.6171875,1681640,0.0,0.0
2019-04-18 00:00:00+09:00,24962.074127714513,25056.98695709746,22209.60207560911,22399.427734375,791695,0.0,0.0
2019-04-19 00:00:00+09:00,22399.426822916666,23063.8166015625,22399.426822916666,22779.078125,268241,0.0,0.0
2019-04-22 00:00:00+09:00,23016.360803909633,23206.18646002435,21924.86328125,21924.86328125,259882,0.0,0.0
2019-04-23 00:00:00+09:00,22067.23365146547,22731.623481832175,21972.32081855594,22162.146484375,250305,0.0,0.0
2019-04-24 00:00:00+09:00,22399.42752587146,22399.42752587146,21402.84282662718,21782.494140625,217263,0.0,0.0
2019-04-25 00:00:00+09:00,21735.037109375,22304.514064205785,21402.84221905704,21735.037109375,166102,0.0,0.0
2019-04-26 00:00:00+09:00,21450.299540245203,22399.42783848614,21165.56105077292,22257.05859375,208670,0.0,0.0
2019-04-29 00:00:00+09:00,22257.05859375,22731.62274287047,21924.86368936567,22257.05859375,141910,0.0,0.0
2019-04-30 00:00:00+09:00,22257.057584635415,22826.534537760417,21924.8626953125,22779.078125,172947,0.0,0.0
2019-05-02 00:00:00+09:00,22968.904605263157,24582.42269736842,22589.253289473683,23443.46875,677749,0.0,0.0
2019-05-03 00:00:00+09:00,23680.751552178608,25341.726109946645,23158.73097688008,23348.556640625,778224,0.0,0.0
2019-05-07 00:00:00+09:00,22731.623068104618,22826.535899286686,21735.038340692936,21829.951171875,305573,0.0,0.0
2019-05-08 00:00:00+09:00,21260.47194444444,22162.14374565972,21213.015533854166,21355.384765625,159268,0.0,0.0
2019-05-09 00:00:00+09:00,21260.47336065574,22209.601635685012,20026.60660311768,20263.888671875,310193,0.0,0.0
2019-05-10 00:00:00+09:00,20263.88767747574,20880.82102597032,19789.323563249145,20785.908203125,186751,0.0,0.0
2019-05-13 00:00:00+09:00,20643.539297921317,21829.949602399553,20358.80082484654,21260.47265625,246381,0.0,0.0
2019-05-14 00:00:00+09:00,20501.171635667397,21687.58203125,20453.715219844093,21687.58203125,138960,0.0,0.0
2019-05-15 00:00:00+09:00,21924.863272432278,23111.27362267212,20975.734992240406,21023.19140625,695745,0.0,0.0
2019-05-16 00:00:00+09:00,21592.668089006103,23016.360490479034,21450.29884885881,22351.970703125,897369,0.0,0.0
2019-05-17 00:00:00+09:00,22636.708609444755,22731.621433803015,21260.47265625,21260.47265625,363264,0.0,0.0
2019-05-20 00:00:00+09:00,21070.648127069537,22257.05849458471,21070.648127069537,21497.755859375,260038,0.0,0.0
2019-05-21 00:00:00+09:00,21497.755142513735,21829.950034340658,21260.473076923077,21592.66796875,158124,0.0,0.0
2019-05-22 00:00:00+09:00,21924.862627262442,21924.862627262442,20785.908724547513,20975.734375,187781,0.0,0.0
2019-05-23 00:00:00+09:00,21070.648131480415,21213.01737561204,20453.714740243373,20596.083984375,141061,0.0,0.0
2019-05-24 00:00:00+09:00,20406.25649449878,20548.625725855745,19172.389822738387,19409.671875,266571,0.0,0.0
2019-05-27 00:00:00+09:00,19362.2155557266,19741.866841133004,18745.282216941196,19267.302734375,198630,0.0,0.0
2019-05-28 00:00:00+09:00,19409.673224348655,20785.9092231411,19409.673224348655,20263.888671875,340129,0.0,0.0
2019-05-29 00:00:00+09:00,20311.344222911623,20358.800634647396,19457.128811667673,19599.498046875,113279,0.0,0.0
2019-05-30 00:00:00+09:00,19504.58522340345,20216.431399440073,19457.128811667673,19599.498046875,108580,0.0,0.0
2019-05-31 00:00:00+09:00,19646.956096341826,20216.433084641587,19267.30477080865,20026.607421875,96771,0.0,0.0
2019-06-03 00:00:00+09:00,20074.06284136477,21735.037308144358,19836.780774681967,21450.298828125,312816,0.0,0.0
2019-06-04 00:00:00+09:00,21355.386513157893,21640.125,21118.104440789473,21640.125,124054,0.0,0.0
2019-06-05 00:00:00+09:00,22019.776315789473,22067.232730263157,21402.84292763158,21640.125,134470,0.0,0.0
2019-06-07 00:00:00+09:00,21687.581925101902,22114.689665421196,21355.387015964672,21829.951171875,171656,0.0,0.0
2019-06-10 00:00:00+09:00,21924.86328125,22067.23252333604,21687.581211106604,21924.86328125,95245,0.0,0.0
2019-06-11 00:00:00+09:00,21924.862760985263,22589.25254162118,21735.037109375,21735.037109375,165987,0.0,0.0
2019-06-12 00:00:00+09:00,21829.95310740428,21877.409527202984,21070.650390625,21070.650390625,129342,0.0,0.0
2019-06-13 00:00:00+09:00,21070.648127069537,21545.212274075606,20880.822468267106,21497.755859375,92600,0.0,0.0
2019-06-14 00:00:00+09:00,21497.755546345936,21545.21196035553,20785.909336202032,21023.19140625,99427,0.0,0.0
2019-06-17 00:00:00+09:00,21260.475290697676,21307.931708757267,20358.80334756541,20406.259765625,79448,0.0,0.0
2019-06-18 00:00:00+09:00,20074.064564732143,20548.628738839285,19836.78247767857,19931.6953125,106524,0.0,0.0
2019-06-19 00:00:00+09:00,20074.06240371919,20453.713702134683,19884.236754511443,20216.431640625,75919,0.0,0.0
2019-06-20 00:00:00+09:00,20026.609971170274,20880.82556235763,20026.609971170274,20833.369140625,66306,0.0,0.0
2019-06-21 00:00:00+09:00,20833.36752816134,20833.36752816134,20168.977675327034,20406.259765625,63926,0.0,0.0
2019-06-24 00:00:00+09:00,20453.712443801593,20501.168853183965,19931.69194059552,20121.517578125,78369,0.0,0.0
2019-06-25 00:00:00+09:00,19979.149579115317,20548.626526738557,19979.149579115317,20216.431640625,78985,0.0,0.0
2019-06-26 00:00:00+09:00,20216.432872736565,20643.54060948452,19979.15079676548,20311.345703125,47790,0.0,0.0
2019-06-27 00:00:00+09:00,20358.801011029413,21402.8420885181,19979.149710124435,20975.734375,344282,0.0,0.0
2019-06-28 00:00:00+09:00,20785.908534458704,21450.298304966516,20453.713649204798,21260.47265625,391819,0.0,0.0
2019-07-01 00:00:00+09:00,21260.474425287357,21355.387257543105,20548.628183369252,20643.541015625,156771,0.0,0.0
2019-07-02 00:00:00+09:00,20643.54060948452,20880.82268545561,19979.15079676548,20311.345703125,117889,0.0,0.0
2019-07-03 00:00:00+09:00,20168.97666894994,20738.453657249705,19979.151006183354,20026.607421875,87511,0.0,0.0
2019-07-04 00:00:00+09:00,20026.60584984756,20263.887909679877,19267.303258384145,19457.12890625,133990,0.0,0.0
2019-07-05 00:00:00+09:00,19504.58583842844,20121.51921044686,19504.58583842844,19646.955078125,74080,0.0,0.0
2019-07-08 00:00:00+09:00,19504.58386977838,19694.409503547515,18460.54288404815,18602.912109375,189088,0.0,0.0
2019-07-09 00:00:00+09:00,18460.546150695332,18887.653902253835,18318.17690017583,18555.458984375,70545,0.0,0.0
2019-07-10 00:00:00+09:00,18365.63230235541,19172.391344060947,18318.175888137437,19077.478515625,63004,0.0,0.0
2019-07-11 00:00:00+09:00,18982.565888554218,19741.868524096386,18935.109473832832,19694.412109375,66210,0.0,0.0
2019-07-12 00:00:00+09:00,19694.413225446428,20216.433816964287,19552.043973214284,19931.6953125,54571,0.0,0.0
2019-07-15 00:00:00+09:00,20216.432036911232,20216.432036911232,19552.042251660627,19646.955078125,57814,0.0,0.0
2019-07-16 00:00:00+09:00,19741.869754196643,20263.890348658573,19694.413336518286,19789.326171875,51272,0.0,0.0
2019-07-17 00:00:00+09:00,19646.957761301575,19884.239859868023,19219.849983881977,19552.044921875,58346,0.0,0.0
2019-07-18 00:00:00+09:00,19362.21603732639,20548.626333731194,19030.021154333044,20501.169921875,145874,0.0,0.0
2019-07-19 00:00:00+09:00,20406.259765625,20833.36752816134,20311.346929505813,20406.259765625,90150,0.0,0.0
2019-07-22 00:00:00+09:00,20406.25791312939,20880.822050644027,20263.888671875,20263.888671875,41744,0.0,0.0
2019-07-23 00:00:00+09:00,20168.976256588856,20406.258330195782,19599.499279932228,19694.412109375,60818,0.0,0.0
2019-07-24 00:00:00+09:00,19694.413336518286,20406.259601693644,19552.044083483215,19789.326171875,51878,0.0,0.0
2019-07-25 00:00:00+09:00,19789.3236938181,20263.887811175846,19077.477517781477,19599.498046875,57215,0.0,0.0
2019-07-26 00:00:00+09:00,19362.216796875,19741.868106617647,19124.934728285843,19362.216796875,67702,0.0,0.0
2019-07-29 00:00:00+09:00,19362.215198863636,19409.671608664772,17653.784446022728,17748.697265625,226733,0.0,0.0
2019-07-30 00:00:00+09:00,17369.048667042527,18697.828346488404,17321.59224991946,18413.08984375,111892,0.0,0.0
2019-07-31 00:00:00+09:00,18175.80884720897,18840.19872674141,17843.61390744275,18650.373046875,53276,0.0,0.0
2019-08-01 00:00:00+09:00,18650.371494140625,19979.151142578125,18460.545830078125,18982.56640625,143539,0.0,0.0
2019-08-02 00:00:00+09:00,18650.37294732251,19884.239859868023,18650.37294732251,19552.044921875,74775,0.0,0.0
2019-08-05 00:00:00+09:00,19172.39078990765,19314.76002844657,17938.524055903694,17985.98046875,202978,0.0,0.0
2019-08-06 00:00:00+09:00,17369.04677972561,18270.718607088413,17084.30830792683,17511.416015625,195806,0.0,0.0
2019-08-07 00:00:00+09:00,17511.41775,18175.807583333335,17463.961333333333,17796.15625,89591,0.0,0.0
2019-08-08 00:00:00+09:00,17891.06776602057,18792.73961629747,17891.06776602057,18745.283203125,94339,0.0,0.0
2019-08-09 00:00:00+09:00,18840.195833658043,19599.49843652587,18792.739420978804,19030.021484375,81600,0.0,0.0
2019-08-12 00:00:00+09:00,19077.479108042062,20168.97666894994,18935.10986096712,20026.607421875,129140,0.0,0.0
2019-08-13 00:00:00+09:00,20026.60599141725,20548.626526738557,19836.780342209506,20216.431640625,80237,0.0,0.0
2019-08-14 00:00:00+09:00,20501.17094216418,20690.99659903607,18745.28361609919,19077.478515625,322232,0.0,0.0
2019-08-16 00:00:00+09:00,18792.740234375,19124.93513750789,18745.28381964173,18792.740234375,69845,0.0,0.0
2019-08-19 00:00:00+09:00,18887.652758487653,19504.586140046296,18792.739930555555,19219.84765625,52213,0.0,0.0
2019-08-20 00:00:00+09:00,19219.84856238732,19884.238389235277,19219.84856238732,19741.869140625,75691,0.0,0.0
2019-08-21 00:00:00+09:00,19552.04386450946,20358.802956006206,19552.04386450946,20074.064453125,87339,0.0,0.0
2019-08-22 00:00:00+09:00,19884.238895089286,20358.803069196427,19646.956808035713,19931.6953125,65733,0.0,0.0
2019-08-23 00:00:00+09:00,19646.955293105973,20263.888671875,19646.955293105973,20263.888671875,39670,0.0,0.0
2019-08-26 00:00:00+09:00,19741.866477272728,20453.712624289772,19552.04083806818,19836.779296875,104052,0.0,0.0
2019-08-27 00:00:00+09:00,19931.692739409307,20263.88761839946,19836.779916840693,19884.236328125,62353,0.0,0.0
2019-08-28 00:00:00+09:00,19884.235531213148,20121.517578125,19694.409893683667,20121.517578125,40990,0.0,0.0
2019-08-29 00:00:00+09:00,20216.433816964287,20216.433816964287,19694.413225446428,19931.6953125,53095,0.0,0.0
2019-08-30 00:00:00+09:00,20074.063422559044,20738.453228506623,20074.063422559044,20596.083984375,114307,0.0,0.0
2019-09-02 00:00:00+09:00,20453.714537464486,21118.104336825283,20453.714537464486,20880.822265625,91518,0.0,0.0
2019-09-03 00:00:00+09:00,20975.73509410511,21118.104336825283,20738.45302290483,20880.822265625,64406,0.0,0.0
2019-09-04 00:00:00+09:00,20880.821265243903,21450.29820884146,20738.452029344513,21402.841796875,105812,0.0,0.0
2019-09-05 00:00:00+09:00,21497.755655126635,22162.14545462282,21260.473583877996,21782.494140625,140452,0.0,0.0
2019-09-06 00:00:00+09:00,21877.406348082695,22114.688412595526,21450.29863195961,21735.037109375,74807,0.0,0.0
2019-09-09 00:00:00+09:00,23063.816567245118,24012.944821041216,21640.124186550976,21877.40625,438023,0.0,0.0
2019-09-10 00:00:00+09:00,21735.038132041307,22351.971528802307,21687.581716905846,22114.689453125,75497,0.0,0.0
2019-09-11 00:00:00+09:00,22067.232055664062,23538.380859375,22067.232055664062,23538.380859375,297682,0.0,0.0
2019-09-16 00:00:00+09:00,23490.924545195234,23823.11943775355,23063.816826191684,23396.01171875,186510,0.0,0.0
2019-09-17 00:00:00+09:00,23206.18667763158,23538.38157894737,23016.361019736843,23443.46875,78634,0.0,0.0
2019-09-18 00:00:00+09:00,23301.098892304766,23775.66302453093,23158.729652636917,23396.01171875,95925,0.0,0.0
2019-09-19 00:00:00+09:00,23490.92364099925,23823.118520770957,23396.010818207335,23775.662109375,89875,0.0,0.0
2019-09-20 00:00:00+09:00,24012.945921459126,25389.181952530893,23775.663847136406,24962.07421875,226207,0.0,0.0
2019-09-23 00:00:00+09:00,24962.072694359755,25484.09322599085,24677.334222560974,25294.267578125,103437,0.0,0.0
2019-09-24 00:00:00+09:00,25341.724809126423,25341.724809126423,24012.945231119793,25056.986328125,188532,0.0,0.0
2019-09-25 00:00:00+09:00,24819.70434473814,25009.529999382412,23918.032485177864,24012.9453125,141674,0.0,0.0
2019-09-26 00:00:00+09:00,24202.76996191973,24962.07254896035,24107.857138539654,24534.96484375,108951,0.0,0.0
2019-09-27 00:00:00+09:00,24345.14103064904,24867.161598557694,24250.228200120193,24677.3359375,61510,0.0,0.0
2019-09-30 00:00:00+09:00,24677.335822186345,26101.028273466327,24392.59733193035,25721.376953125,294636,0.0,0.0
2019-10-01 00:00:00+09:00,25816.288347069596,26243.39605869391,25484.093460250686,25911.201171875,194263,0.0,0.0
2019-10-02 00:00:00+09:00,25436.63746044304,26290.85289754747,25389.18104727057,26243.396484375,144112,0.0,0.0
2019-10-04 00:00:00+09:00,26101.026010946007,26433.22088744896,25626.461901656083,26148.482421875,107231,0.0,0.0
2019-10-07 00:00:00+09:00,26385.766141183034,27050.15593610491,26101.02765764509,26575.591796875,197800,0.0,0.0
2019-10-08 00:00:00+09:00,26670.502128765736,26765.414947729318,25484.091891721,26385.763671875,207603,0.0,0.0
2019-10-10 00:00:00+09:00,26385.765430382562,26670.50390625,25863.74489129226,26670.50390625,109168,0.0,0.0
2019-10-11 00:00:00+09:00,26670.506639268664,27524.722154405383,26385.76813422309,27334.896484375,157657,0.0,0.0
2019-10-14 00:00:00+09:00,27572.17587924416,27856.91435648248,27145.068163386677,27429.806640625,112453,0.0,0.0
2019-10-15 00:00:00+09:00,27192.524795764595,28568.76078019247,27097.611969252328,28046.740234375,218601,0.0,0.0
2019-10-16 00:00:00+09:00,28378.935855263157,31748.341282894737,28189.11019736842,29755.171875,560643,0.0,0.0
2019-10-17 00:00:00+09:00,29944.996419778665,31653.427277325467,29660.257943520865,30419.560546875,367848,0.0,0.0
2019-10-18 00:00:00+09:00,31226.322086967055,31273.778503512596,29185.69617550872,30609.388671875,214188,0.0,0.0
2019-10-21 00:00:00+09:00,31748.340102744733,31890.709340873633,29755.17076894013,30419.560546875,399111,0.0,0.0
2019-10-22 00:00:00+09:00,29944.995998250197,30229.734470499803,29517.88828987579,30087.365234375,227301,0.0,0.0
2019-10-23 00:00:00+09:00,29850.08393810808,29992.45317787648,27904.3709946066,28046.740234375,431375,0.0,0.0
2019-10-24 00:00:00+09:00,28094.196451005024,29470.43242580088,27904.370799309043,28331.478515625,282797,0.0,0.0
2019-10-25 00:00:00+09:00,28284.022072339965,28331.478485213018,27239.980989132786,27429.806640625,219670,0.0,0.0
2019-10-28 00:00:00+09:00,27382.350227751947,28094.19642084775,26670.50403465614,27429.806640625,139116,0.0,0.0
2019-10-29 00:00:00+09:00,28284.02240114796,28331.478814572703,27382.350546077807,27904.37109375,166561,0.0,0.0
2019-10-30 00:00:00+09:00,27477.2644987206,27856.915821673563,27192.52600650588,27239.982421875,104687,0.0,0.0
2019-10-31 00:00:00+09:00,27714.544302101203,27762.000713577403,27192.523775862996,27667.087890625,133979,0.0,0.0
2019-11-01 00:00:00+09:00,27999.28519870924,28189.110861073368,25816.29008152174,26195.94140625,432866,0.0,0.0
2019-11-04 00:00:00+09:00,26290.854964488637,26860.33196732955,25958.660046164772,26101.029296875,163492,0.0,0.0
2019-11-05 00:00:00+09:00,26290.85287189841,26385.76569815075,24914.616891239464,25341.724609375,282060,0.0,0.0
2019-11-06 00:00:00+09:00,25436.637143186003,26195.939744475138,24914.61660479972,25768.83203125,247147,0.0,0.0
2019-11-07 00:00:00+09:00,25721.376117128315,25721.376117128315,24914.61708762429,25056.986328125,128357,0.0,0.0
2019-11-08 00:00:00+09:00,25246.81366131757,25341.72649463079,24345.14174484194,24582.423828125,182193,0.0,0.0
2019-11-11 00:00:00+09:00,24677.334922316386,25294.268295374295,24012.945135946327,25199.35546875,151338,0.0,0.0
2019-11-12 00:00:00+09:00,25056.987259615387,25389.182166466348,24534.966691706733,24677.3359375,153476,0.0,0.0
2019-11-13 00:00:00+09:00,24772.248768028847,24819.70518329327,24202.77178485577,24677.3359375,90580,0.0,0.0
2019-11-14 00:00:00+09:00,24962.074556036645,25341.72588008283,23633.294921875,23633.294921875,241409,0.0,0.0
2019-11-15 00:00:00+09:00,23301.10057839648,24677.336661438225,23206.187745083254,24582.423828125,159530,0.0,0.0
2019-11-18 00:00:00+09:00,24440.05316038008,25816.289163585952,24440.05316038008,25673.919921875,193908,0.0,0.0
2019-11-19 00:00:00+09:00,25531.550065104166,26053.57060546875,24962.073111979167,25626.462890625,195064,0.0,0.0
2019-11-20 00:00:00+09:00,25626.464658444023,25768.83390654649,24819.705585863376,25009.53125,116528,0.0,0.0
2019-11-21 00:00:00+09:00,24914.617494095204,25199.355979742006,23918.032794331397,24487.509765625,104533,0.0,0.0
2019-11-22 00:00:00+09:00,24345.142578125,24867.1631792154,24202.773323282163,24345.142578125,53811,0.0,0.0
2019-11-25 00:00:00+09:00,24297.6827458256,25579.005859375,24297.6827458256,25579.005859375,115820,0.0,0.0
2019-11-26 00:00:00+09:00,25579.005859375,25816.287917439702,25104.441743245592,25579.005859375,87245,0.0,0.0
2019-11-27 00:00:00+09:00,25863.745783440423,25863.745783440423,24962.073912091124,25389.181640625,81187,0.0,0.0
2019-11-28 00:00:00+09:00,25151.89895687032,25626.463088132023,25009.529717491805,25341.724609375,78307,0.0,0.0
2019-11-29 00:00:00+09:00,25341.725751201924,25531.551412259618,24534.966691706733,24677.3359375,75161,0.0,0.0
2019-12-02 00:00:00+09:00,24677.33633776091,25341.726162239087,24250.22859345351,25009.53125,66738,0.0,0.0
2019-12-03 00:00:00+09:00,24772.248739919356,26670.505348342293,24677.335909498208,26480.6796875,368760,0.0,0.0
2019-12-04 00:00:00+09:00,26528.136423468804,26670.50567082195,25721.377355134333,26053.572265625,240202,0.0,0.0
2019-12-05 00:00:00+09:00,25863.744047958484,26338.3081589302,25436.63634808394,26006.11328125,144412,0.0,0.0
2019-12-06 00:00:00+09:00,26006.114129225978,26765.416731539146,25958.657716581405,26670.50390625,177004,0.0,0.0
2019-12-09 00:00:00+09:00,27239.982316941074,27856.915714363084,26860.330995450608,27382.3515625,257294,0.0,0.0
2019-12-10 00:00:00+09:00,28141.654313888284,28663.674882948606,27050.15676039852,27239.982421875,506173,0.0,0.0
2019-12-11 00:00:00+09:00,27619.63376266892,27762.003008868243,26195.941300675677,26338.310546875,286576,0.0,0.0
2019-12-12 00:00:00+09:00,26148.48593678194,26433.224440630744,25816.291015625,25816.291015625,206076,0.0,0.0
2019-12-13 00:00:00+09:00,25863.746198252997,26148.484688508994,25721.376953125,25721.376953125,122575,0.0,0.0
2019-12-16 00:00:00+09:00,25768.831795400944,25816.28820754717,25104.442025353776,25151.8984375,163334,0.0,0.0
2019-12-17 00:00:00+09:00,25104.444300323896,25484.09563189779,24629.880135856525,24724.79296875,179821,0.0,0.0
2019-12-18 00:00:00+09:00,24772.249385196737,25056.98788387716,24392.59805362284,24724.79296875,142110,0.0,0.0
2019-12-19 00:00:00+09:00,24962.072788915095,25579.00614681604,24819.703552476418,25151.8984375,116991,0.0,0.0
2019-12-20 00:00:00+09:00,25199.35546875,25436.637535310736,24772.247748940677,25199.35546875,80183,0.0,0.0
2019-12-23 00:00:00+09:00,25341.723525889596,26053.56969234717,25056.985059306568,26006.11328125,146028,0.0,0.0
2019-12-24 00:00:00+09:00,26006.114819200553,26148.484060911505,25579.0070940677,25673.919921875,89248,0.0,0.0
2019-12-26 00:00:00+09:00,25673.920939349955,26148.48509719376,25673.920939349955,26053.572265625,100123,0.0,0.0
2019-12-27 00:00:00+09:00,26149.534172559306,26581.361342381388,26149.534172559306,26293.4765625,80772,300.0,0.0
2019-12-30 00:00:00+09:00,26245.496401579483,26581.361986243206,26149.534805961277,26485.400390625,78909,0.0,0.0
2020-01-02 00:00:00+09:00,26533.379231770832,27492.9951171875,26437.417643229168,27349.052734375,173745,0.0,0.0
2020-01-03 00:00:00+09:00,27780.88021758437,27876.841807282413,26629.341141207813,27013.1875,183726,0.0,0.0
2020-01-06 00:00:00+09:00,26437.417643229168,26629.3408203125,25813.667317708332,25909.62890625,186364,0.0,0.0
2020-01-07 00:00:00+09:00,26149.53320674861,26293.475591372913,25477.802078501856,25861.6484375,150049,0.0,0.0
2020-01-08 00:00:00+09:00,25525.783905029297,25525.783905029297,24278.28318786621,24566.16796875,297425,0.0,0.0
2020-01-09 00:00:00+09:00,25717.705729166668,26101.552083333332,25333.859375,25621.744140625,143372,0.0,0.0
2020-01-10 00:00:00+09:00,25813.666993992607,25957.609375,25525.78223197782,25957.609375,105147,0.0,0.0
2020-01-13 00:00:00+09:00,26101.55240825688,26197.51399799312,25669.725254443805,26149.533203125,97894,0.0,0.0
2020-01-14 00:00:00+09:00,26197.512076413823,26821.262363947488,26005.58891101885,26725.30078125,130902,0.0,0.0
2020-01-15 00:00:00+09:00,27061.16895053476,27253.092134581104,26725.303378453653,26917.2265625,141785,0.0,0.0
2020-01-16 00:00:00+09:00,26917.22431334386,28212.70569740854,26869.243521341465,27540.974609375,320239,0.0,0.0
2020-01-17 00:00:00+09:00,27684.920604953866,27684.920604953866,26917.227832546134,27301.07421875,146378,0.0,0.0
2020-01-20 00:00:00+09:00,27397.03576807229,28164.728539156626,27349.05496987952,27876.84375,247520,0.0,0.0
2020-01-21 00:00:00+09:00,28164.726236979168,28212.70703125,27061.16796875,27349.052734375,188194,0.0,0.0
2020-01-22 00:00:00+09:00,27780.88053273168,27876.84212351832,26725.303034078664,27828.861328125,216435,0.0,0.0
2020-01-23 00:00:00+09:00,28116.74577445652,28692.5153125,27445.014646739128,27588.95703125,357072,0.0,0.0
2020-01-28 00:00:00+09:00,28692.519005408652,34450.21512689534,28116.749393259983,32435.021484375,4512135,0.0,0.0
2020-01-29 00:00:00+09:00,31043.575594456786,31043.575594456786,28980.401327746367,29700.11328125,1019473,0.0,0.0
2020-01-30 00:00:00+09:00,30035.97651567851,30707.707619863017,27924.82161681293,28020.783203125,814330,0.0,0.0
2020-01-31 00:00:00+09:00,29172.32258735441,30227.900049396838,27588.956394290766,28836.45703125,1214050,0.0,0.0
2020-02-03 00:00:00+09:00,28404.632258421985,30035.979381371897,26869.246730939718,27061.169921875,787587,0.0,0.0
2020-02-04 00:00:00+09:00,27109.148763020832,27349.052734375,26245.494466145832,26773.283203125,352134,0.0,0.0
2020-02-05 00:00:00+09:00,27013.188154523174,28068.765666778076,26677.322582442066,26917.2265625,389773,0.0,0.0
2020-02-06 00:00:00+09:00,27157.13021296708,27253.091803825624,26629.341463245106,26965.20703125,180809,0.0,0.0
2020-02-07 00:00:00+09:00,27301.071305784462,28260.68716890518,27061.167340004282,28020.783203125,407427,0.0,0.0
2020-02-10 00:00:00+09:00,28452.613584996867,28692.517578125,27924.824800114966,28692.517578125,268550,0.0,0.0
2020-02-11 00:00:00+09:00,28644.53319321066,28788.475571065992,28116.744474407784,28356.6484375,216045,0.0,0.0
2020-02-12 00:00:00+09:00,28404.63154195502,28404.63154195502,27636.938797577855,27732.900390625,189470,0.0,0.0
2020-02-13 00:00:00+09:00,27972.804033119657,28308.669604700855,27588.95766559829,28068.765625,168890,0.0,0.0
2020-02-14 00:00:00+09:00,28116.746100484914,28260.68848666487,27397.034169585128,27828.861328125,156687,0.0,0.0
2020-02-17 00:00:00+09:00,27828.86295180723,28020.786144578313,27684.920557228917,27876.84375,100342,0.0,0.0
2020-02-18 00:00:00+09:00,27876.840823656894,28260.68716890518,27445.01368525257,28020.783203125,198620,0.0,0.0
2020-02-19 00:00:00+09:00,27972.80432088351,29700.112992498962,27732.9003387147,28884.439453125,761314,0.0,0.0
2020-02-20 00:00:00+09:00,29748.094466145834,29796.075263671875,28308.670540364583,28788.478515625,497628,0.0,0.0
2020-02-21 00:00:00+09:00,29700.112953629032,30515.786491935483,28788.477822580648,29748.09375,743480,0.0,0.0
2020-02-24 00:00:00+09:00,30227.900390625,30323.861979166664,27253.091145833332,27349.052734375,473023,0.0,0.0
2020-02-25 00:00:00+09:00,26725.301774885273,27780.879223803542,26197.513050426136,27445.013671875,304823,0.0,0.0
2020-02-26 00:00:00+09:00,26677.321614583332,27445.014322916668,26629.3408203125,26773.283203125,152958,0.0,0.0
2020-02-27 00:00:00+09:00,27445.01597068584,28212.708725110617,26869.246404867255,27109.150390625,385613,0.0,0.0
2020-02-28 00:00:00+09:00,26581.36069644517,27636.938197026022,25813.66796875,25813.66796875,476359,0.0,0.0
2020-03-02 00:00:00+09:00,25765.687511034605,26341.457064353814,24470.206016066386,25477.802734375,327728,0.0,0.0
2020-03-03 00:00:00+09:00,26149.53221563083,26245.493801743236,25669.724285068798,25717.705078125,188781,0.0,0.0
2020-03-04 00:00:00+09:00,25765.6865234375,26101.552083333332,25429.820963541668,25909.62890625,113081,0.0,0.0
2020-03-05 00:00:00+09:00,26341.45734501918,26677.32292136733,26053.572565292194,26581.361328125,152496,0.0,0.0
2020-03-06 00:00:00+09:00,26293.47745496485,28260.690184259667,26245.496656689367,27301.07421875,619904,0.0,0.0
2020-03-09 00:00:00+09:00,27876.844252642462,29268.28742532169,25093.957907284006,26101.5546875,1135899,0.0,0.0
2020-03-10 00:00:00+09:00,25093.95606608706,25861.648794686284,24182.320950875484,24662.12890625,514290,0.0,0.0
2020-03-11 00:00:00+09:00,24854.053229944027,25189.918814132463,22359.051747401387,22502.994140625,412732,0.0,0.0
2020-03-12 00:00:00+09:00,21879.243240248226,22407.032002622636,20007.99217364805,20295.876953125,548125,0.0,0.0
2020-03-13 00:00:00+09:00,18280.683987612225,18616.549572686465,15737.701700621548,17369.048828125,885002,0.0,0.0
2020-03-16 00:00:00+09:00,17896.836590296498,19624.145215633424,17465.009433962263,17800.875,657518,0.0,0.0
2020-03-17 00:00:00+09:00,16793.279774983723,18760.492548624676,16457.41417948405,18424.626953125,498218,0.0,0.0
2020-03-18 00:00:00+09:00,18808.470333333335,19864.04775,17992.796875,17992.796875,492891,0.0,0.0
2020-03-19 00:00:00+09:00,18904.43256212908,19048.374942043767,15593.757824091246,16169.52734375,548776,0.0,0.0
2020-03-20 00:00:00+09:00,16457.412751195112,17177.124679089942,16121.547184844192,16937.220703125,305632,0.0,0.0
2020-03-23 00:00:00+09:00,15833.662109375,15977.6044921875,15161.930989583332,15401.8349609375,335665,0.0,0.0
2020-03-24 00:00:00+09:00,15737.70273206361,16457.414747249444,15545.779528014053,16217.5107421875,316871,0.0,0.0
2020-03-25 00:00:00+09:00,16985.20212422521,18328.664439135675,16649.33654549759,17417.029296875,384907,0.0,0.0
2020-03-26 00:00:00+09:00,17608.953073466357,19192.319426121372,17177.125886378628,18184.72265625,366833,0.0,0.0
2020-03-27 00:00:00+09:00,19144.33790553435,19768.08826335878,18184.721970419847,18856.453125,476151,0.0,0.0
2020-03-30 00:00:00+09:00,18520.58627675248,19432.221352551176,17752.89358134305,19336.259765625,252565,0.0,0.0
2020-03-31 00:00:00+09:00,19960.011390887288,20439.81935701439,19528.1842213729,20007.9921875,275829,0.0,0.0
2020-04-01 00:00:00+09:00,20151.934173066737,23030.781912076272,19624.14542091499,22646.935546875,724638,0.0,0.0
2020-04-02 00:00:00+09:00,22886.839868951614,22982.80146169355,21303.47358870968,22311.0703125,373081,0.0,0.0
2020-04-03 00:00:00+09:00,22790.878276209678,22790.878276209678,21543.377570564517,22311.0703125,220047,0.0,0.0
2020-04-06 00:00:00+09:00,22694.915690104168,23750.4931640625,22311.0693359375,23030.78125,377161,0.0,0.0
2020-04-07 00:00:00+09:00,23510.589506078093,24566.16699410609,23030.78155697446,24422.224609375,496833,0.0,0.0
2020-04-08 00:00:00+09:00,25237.89910865106,26101.5534507722,24470.20636009894,24854.052734375,867342,0.0,0.0
2020-04-09 00:00:00+09:00,25429.82164277805,25429.82164277805,24038.37857175812,24374.244140625,326255,0.0,0.0
2020-04-10 00:00:00+09:00,24278.283285189078,24278.283285189078,21879.24343487395,22838.859375,476593,0.0,0.0
2020-04-13 00:00:00+09:00,22407.032234981143,23318.667379445043,22023.185858364763,22263.08984375,257075,0.0,0.0
2020-04-14 00:00:00+09:00,22407.030924479168,22838.858072916668,22263.088541666668,22455.01171875,119998,0.0,0.0
2020-04-16 00:00:00+09:00,22071.16600724249,22550.97396392167,21591.358050563304,22359.05078125,154666,0.0,0.0
2020-04-17 00:00:00+09:00,22359.050450911735,22982.800785379226,22119.146476116544,22694.916015625,227847,0.0,0.0
2020-04-20 00:00:00+09:00,22838.860395476444,22838.860395476444,22263.090805674517,22407.033203125,137679,0.0,0.0
2020-04-21 00:00:00+09:00,22311.071381440033,22359.052180109797,20103.954642630913,21303.474609375,375030,0.0,0.0
2020-04-22 00:00:00+09:00,20919.62661817929,21639.33854311665,20487.79946321687,21543.376953125,205575,0.0,0.0
2020-04-23 00:00:00+09:00,21495.397777777776,21783.282569444444,21303.474583333333,21591.359375,121684,0.0,0.0
2020-04-24 00:00:00+09:00,21591.358753551136,22263.08991477273,20967.60838955966,21111.55078125,196387,0.0,0.0
2020-04-27 00:00:00+09:00,21159.531236891777,21735.30079435822,21159.531236891777,21447.416015625,102673,0.0,0.0
2020-04-28 00:00:00+09:00,21543.377956321023,21687.320348011363,20775.685200639204,21111.55078125,114250,0.0,0.0
2020-04-29 00:00:00+09:00,20967.60805106963,21831.262387269293,20919.627254614094,21447.416015625,125275,0.0,0.0
2020-05-04 00:00:00+09:00,21111.550403225807,22790.878276209678,21063.56960685484,22311.0703125,418680,0.0,0.0
2020-05-06 00:00:00+09:00,22646.93555525751,22646.93555525751,22023.185211574568,22359.05078125,131221,0.0,0.0
2020-05-07 00:00:00+09:00,22455.012689092357,22742.897467157643,22167.12791102707,22598.955078125,123618,0.0,0.0
2020-05-08 00:00:00+09:00,22838.857746710528,22886.838540296052,22407.030604440788,22790.876953125,154289,0.0,0.0
2020-05-11 00:00:00+09:00,22934.820969012606,23174.72495404412,22550.974592962186,22838.859375,131499,0.0,0.0
2020-05-12 00:00:00+09:00,23030.781920600857,23030.781920600857,22023.185211574568,22359.05078125,128251,0.0,0.0
2020-05-13 00:00:00+09:00,22167.128249595906,22598.95542328933,22119.147452518857,22263.08984375,74930,0.0,0.0
2020-05-14 00:00:00+09:00,21927.225240645337,22359.05243356833,21879.24444143167,22119.1484375,89251,0.0,0.0
2020-05-15 00:00:00+09:00,22407.032566144706,23126.744532937366,22167.12857721382,22215.109375,263615,0.0,0.0
2020-05-18 00:00:00+09:00,22359.050463598902,22359.050463598902,21159.530588942307,21831.26171875,103652,0.0,0.0
2020-05-19 00:00:00+09:00,21831.262028902896,23510.589877280043,21351.45407222371,22359.05078125,770560,0.0,0.0
2020-05-20 00:00:00+09:00,22598.95469125601,25189.917649489184,22550.973895733172,24950.013671875,1120525,0.0,0.0
2020-05-21 00:00:00+09:00,25333.860059760955,25333.860059760955,23702.51301045817,24086.359375,544959,0.0,0.0
2020-05-22 00:00:00+09:00,24086.35973893634,24278.282924107145,22934.820627911493,23174.724609375,332554,0.0,0.0
2020-05-25 00:00:00+09:00,23414.62859083851,23798.474961180127,23030.782220496894,23174.724609375,178335,0.0,0.0
2020-05-26 00:00:00+09:00,23366.64797984894,26053.572593548204,23126.743996482935,26005.591796875,1088774,0.0,0.0
2020-05-27 00:00:00+09:00,27061.167283698695,27588.95600731693,25189.916354506764,25717.705078125,1418476,0.0,0.0
2020-05-28 00:00:00+09:00,25429.82161953422,26053.571961145437,23894.436163260456,25237.8984375,512049,0.0,0.0
2020-05-29 00:00:00+09:00,25237.899301714602,27732.90075359513,24950.01451880531,27109.150390625,1745912,0.0,0.0
2020-06-01 00:00:00+09:00,26773.28416418651,27301.07292011133,26293.47620425485,27205.111328125,419185,0.0,0.0
2020-06-02 00:00:00+09:00,27013.18618384009,27157.128561373873,26293.47429617117,26629.33984375,295407,0.0,0.0
2020-06-03 00:00:00+09:00,26485.40004472272,26965.208016547407,26053.5728700805,26821.265625,366541,0.0,0.0
2020-06-04 00:00:00+09:00,26965.206715883025,27013.187510751144,26053.57161338876,26149.533203125,271185,0.0,0.0
2020-06-05 00:00:00+09:00,26293.47589524021,27492.995780971974,26293.47589524021,26965.20703125,470828,0.0,0.0
2020-06-08 00:00:00+09:00,27205.111602886653,28308.669921875,26773.284434586865,28308.669921875,589500,0.0,0.0
2020-06-09 00:00:00+09:00,28164.72814778646,29076.36330078125,27636.939375,28788.478515625,636997,0.0,0.0
2020-06-10 00:00:00+09:00,28884.438478192824,29220.304041892738,28548.572914492906,28740.49609375,355400,0.0,0.0
2020-06-11 00:00:00+09:00,28692.51433362459,29556.168611225326,28452.610367624384,29172.322265625,412132,0.0,0.0
2020-06-12 00:00:00+09:00,27828.86005602385,29460.207024825246,27253.090537623353,29172.322265625,509398,0.0,0.0
2020-06-15 00:00:00+09:00,29268.28590851369,30275.882636511706,26485.399707376324,27157.130859375,627243,0.0,0.0
2020-06-16 00:00:00+09:00,28020.783854166668,28260.687825520832,27157.129557291668,28212.70703125,306945,0.0,0.0
2020-06-17 00:00:00+09:00,28116.745442708332,28500.591796875,26629.3408203125,28212.70703125,351618,0.0,0.0
2020-06-18 00:00:00+09:00,28596.553385416668,30131.938802083332,28500.591796875,29940.015625,732816,0.0,0.0
2020-06-19 00:00:00+09:00,30323.864313209076,31091.55708063209,29412.229151894244,29604.15234375,503787,0.0,0.0
2020-06-22 00:00:00+09:00,29748.092447916668,30323.861979166664,29124.342122395832,29940.015625,293165,0.0,0.0
2020-06-23 00:00:00+09:00,29940.018597560975,30083.960994664634,28932.421817835366,29508.19140625,220184,0.0,0.0
2020-06-24 00:00:00+09:00,29220.30305882504,29604.14940442537,28740.49512682463,29172.322265625,184892,0.0,0.0
2020-06-25 00:00:00+09:00,28836.45671322471,29748.09178402549,28740.49512682463,29172.322265625,229388,0.0,0.0
2020-06-26 00:00:00+09:00,29460.208318819667,30611.74740620024,28884.43877512938,30131.939453125,320311,0.0,0.0
2020-06-29 00:00:00+09:00,30131.940694926696,31475.40301890432,29460.209532937886,31091.556640625,536716,0.0,0.0
2020-06-30 00:00:00+09:00,31379.44142433449,31619.345410759066,30515.78707320602,31091.556640625,201821,0.0,0.0
2020-07-01 00:00:00+09:00,31283.478861013304,31475.402044209703,30419.824536629498,30659.728515625,212960,0.0,0.0
2020-07-02 00:00:00+09:00,30851.652328702814,31331.460296489793,30659.72914158802,31139.537109375,157298,0.0,0.0
2020-07-03 00:00:00+09:00,31667.327496532595,35121.94504160887,31427.42350034674,34594.15625,1134934,0.0,0.0
2020-07-06 00:00:00+09:00,35217.905264162146,36081.55961668928,34546.17410108548,35361.84765625,447902,0.0,0.0
2020-07-07 00:00:00+09:00,35313.86328125,35601.74803626019,34066.36267620584,35313.86328125,331414,0.0,0.0
2020-07-08 00:00:00+09:00,35553.7685546875,37520.981119791664,34930.018229166664,37425.01953125,394780,0.0,0.0
2020-07-09 00:00:00+09:00,37425.01920107282,38480.59666571846,35793.672210256824,36897.23046875,441109,0.0,0.0
2020-07-10 00:00:00+09:00,36753.291322146564,37520.98409127756,36129.54094722763,36993.1953125,278035,0.0,0.0
2020-07-13 00:00:00+09:00,38384.63444857497,39632.13506815366,37616.94175960347,38720.5,537309,0.0,0.0
2020-07-14 00:00:00+09:00,38384.635097919214,39584.15494472919,37952.807953067626,39200.30859375,248682,0.0,0.0
2020-07-15 00:00:00+09:00,38768.48357977992,38768.48357977992,34066.36552183631,34882.0390625,846730,0.0,0.0
2020-07-16 00:00:00+09:00,35025.98013753365,35697.71126345895,33538.575501556195,35649.73046875,430502,0.0,0.0
2020-07-17 00:00:00+09:00,35649.73478167808,35889.63878424658,34786.080372431505,35025.984375,199256,0.0,0.0
2020-07-20 00:00:00+09:00,34834.058265990374,35601.75101014443,34450.21189391334,34882.0390625,118748,0.0,0.0
2020-07-21 00:00:00+09:00,34882.03979805635,35217.905380706135,32962.80789720043,33634.5390625,401999,0.0,0.0
2020-07-22 00:00:00+09:00,34114.34703771398,34162.32783523538,33058.76949224323,33634.5390625,154772,0.0,0.0
2020-07-23 00:00:00+09:00,33538.57878631636,34882.04116974534,33298.674789275465,33442.6171875,230616,0.0,0.0
2020-07-24 00:00:00+09:00,33298.67155765325,33586.55632616322,32482.998046875,32482.998046875,217861,0.0,0.0
2020-07-27 00:00:00+09:00,32482.997721354164,34930.018229166664,32482.997721354164,33970.40234375,276446,0.0,0.0
2020-07-28 00:00:00+09:00,33970.4039829303,34450.21194879089,33106.74964438122,33730.5,166002,0.0,0.0
2020-07-29 00:00:00+09:00,33730.499031880405,33826.46062229827,33010.7871037464,33298.671875,99641,0.0,0.0
2020-07-30 00:00:00+09:00,33442.61583428296,34306.270188683375,32914.827062149365,34210.30859375,235682,0.0,0.0
2020-07-31 00:00:00+09:00,34498.19045325067,36321.46060237935,33586.555378686324,35793.671875,295666,0.0,0.0
2020-08-03 00:00:00+09:00,36321.46320333005,37137.136749507874,35457.80886031824,36561.3671875,233298,0.0,0.0
2020-08-04 00:00:00+09:00,36561.367804808935,37425.02216240285,36033.57903072377,37041.17578125,152043,0.0,0.0
2020-08-05 00:00:00+09:00,37329.06189982096,39008.389877319336,36705.31150817871,36849.25390625,331731,0.0,0.0
2020-08-06 00:00:00+09:00,37425.022880936674,37425.022880936674,35985.59892397757,36369.4453125,120222,0.0,0.0
2020-08-07 00:00:00+09:00,36369.44630587748,36849.25430463576,35937.61910699503,36225.50390625,114686,0.0,0.0
2020-08-10 00:00:00+09:00,36465.4033290653,37760.884763124195,36225.49935979513,37473.0,165331,0.0,0.0
2020-08-11 00:00:00+09:00,38096.75332942034,38816.46529408193,36849.252590673575,37041.17578125,194289,0.0,0.0
2020-08-12 00:00:00+09:00,37233.094333333334,37233.094333333334,35601.747416666665,35985.59375,188319,0.0,0.0
2020-08-13 00:00:00+09:00,36465.40924600533,36897.23646076065,35553.77401485519,36033.58203125,155694,0.0,0.0
2020-08-14 00:00:00+09:00,36033.576849145684,36945.21194919065,32722.902012140286,33346.65234375,536328,0.0,0.0
2020-08-18 00:00:00+09:00,33778.47814814815,34162.32449074074,32003.18881365741,32387.03515625,362484,0.0,0.0
2020-08-19 00:00:00+09:00,32866.846084365614,33442.615650807056,31955.2109375,31955.2109375,241058,0.0,0.0
2020-08-20 00:00:00+09:00,32243.09375,32578.959309895832,30131.938802083332,30803.669921875,317984,0.0,0.0
2020-08-21 00:00:00+09:00,31139.535808297915,31859.247729907267,29940.015938948996,31043.57421875,259429,0.0,0.0
2020-08-24 00:00:00+09:00,31667.324547760338,32339.055674531013,30803.67024191233,31331.458984375,265930,0.0,0.0
2020-08-25 00:00:00+09:00,32435.019809861715,35121.94452783843,31619.346234761644,32962.80859375,982099,0.0,0.0
2020-08-26 00:00:00+09:00,32818.862291666665,33298.670219907406,32051.169606481482,32387.03515625,161914,0.0,0.0
2020-08-27 00:00:00+09:00,32578.95964837768,32578.95964837768,31091.555010528333,31331.458984375,220267,0.0,0.0
2020-08-28 00:00:00+09:00,31331.458984375,31859.247726837675,30851.651036681662,31331.458984375,114030,0.0,0.0
2020-08-31 00:00:00+09:00,31379.44112416601,31475.402717817895,30419.825187647173,30563.767578125,138866,0.0,0.0
2020-09-01 00:00:00+09:00,30659.72921925485,30851.652406855817,29508.19009364903,29700.11328125,211836,0.0,0.0
2020-09-02 00:00:00+09:00,29844.054036458332,30659.7275390625,29748.092447916668,30227.900390625,136641,0.0,0.0
2020-09-03 00:00:00+09:00,30419.823231035887,30515.784818515498,29220.303387540782,29412.2265625,193522,0.0,0.0
2020-09-04 00:00:00+09:00,28116.74735026042,29220.305693359376,28116.74735026042,28788.478515625,135622,0.0,0.0
2020-09-07 00:00:00+09:00,28788.476888564273,29460.20801596411,28692.515298935727,28740.49609375,142184,0.0,0.0
2020-09-08 00:00:00+09:00,28788.477860257473,29172.324231727573,28548.57387808866,28884.439453125,112213,0.0,0.0
2020-09-09 00:00:00+09:00,28596.55370930718,29076.361657449917,28452.61132486436,28740.49609375,72068,0.0,0.0
2020-09-10 00:00:00+09:00,29124.344098307294,29124.344098307294,28500.59373046875,28788.478515625,108769,0.0,0.0
2020-09-11 00:00:00+09:00,28788.477860257473,28980.401045992523,28500.5930816549,28884.439453125,66032,0.0,0.0
2020-09-14 00:00:00+09:00,28884.43877512938,30131.939453125,28884.43877512938,30131.939453125,163980,0.0,0.0
2020-09-15 00:00:00+09:00,30179.919596354168,30899.631510416664,29892.034830729168,30227.900390625,134416,0.0,0.0
2020-09-16 00:00:00+09:00,30611.746744791664,33538.5751953125,30515.78515625,32530.978515625,935104,0.0,0.0
2020-09-17 00:00:00+09:00,32291.07618651612,33298.672917447526,31571.364235850826,32003.19140625,307413,0.0,0.0
2020-09-18 00:00:00+09:00,31955.20964939609,32291.07521628163,30563.76658658455,31283.478515625,185505,0.0,0.0
2020-09-21 00:00:00+09:00,31235.4977517082,31235.4977517082,29364.24673432476,29844.0546875,211977,0.0,0.0
2020-09-22 00:00:00+09:00,29508.18815625,30371.84244375,28836.45704375,29987.99609375,141332,0.0,0.0
2020-09-23 00:00:00+09:00,30035.979100356868,31331.460627049575,29268.286343798223,31091.556640625,172839,0.0,0.0
2020-09-24 00:00:00+09:00,30899.632788681403,33010.78782393293,30419.824826124237,31475.40234375,370612,0.0,0.0
2020-09-25 00:00:00+09:00,31907.229827557676,32626.941778555218,31427.421860225983,31715.306640625,133095,0.0,0.0
2020-09-28 00:00:00+09:00,31763.284823297185,32051.169580003803,31235.496102668378,31523.380859375,82500,0.0,0.0
2020-09-29 00:00:00+09:00,31763.288732560333,32243.096719457015,31427.423141732655,31811.26953125,102992,0.0,0.0
2020-10-05 00:00:00+09:00,32099.153311593192,32387.038094656808,31571.36454264323,32243.095703125,90211,0.0,0.0
2020-10-06 00:00:00+09:00,32530.97752592489,32914.823868413674,31907.227219380606,32099.150390625,103391,0.0,0.0
2020-10-07 00:00:00+09:00,31859.2506315494,32291.0778238445,31715.3082341177,32051.173828125,64782,0.0,0.0
2020-10-08 00:00:00+09:00,32099.15169764795,32291.07487670713,31283.478186646433,31619.34375,78984,0.0,0.0
2020-10-12 00:00:00+09:00,31379.44140625,31763.287784308104,31283.479811735473,31379.44140625,41401,0.0,0.0
2020-10-13 00:00:00+09:00,31475.402686825888,31571.364280383284,30995.594719038905,31139.537109375,50164,0.0,0.0
2020-10-14 00:00:00+09:00,31283.478192619787,31379.439782167698,30803.670244880217,31043.57421875,35577,0.0,0.0
2020-10-15 00:00:00+09:00,30803.670244880217,31475.401371715612,30611.74706578439,31043.57421875,58549,0.0,0.0
2020-10-16 00:00:00+09:00,30803.672509916792,31187.518896333204,30275.88372859423,30995.595703125,59537,0.0,0.0
2020-10-19 00:00:00+09:00,31235.496406005095,31235.496406005095,30467.803713998826,30611.74609375,34724,0.0,0.0
2020-10-20 00:00:00+09:00,30611.74865013379,31571.36459527905,30563.76785287653,31379.44140625,212524,0.0,0.0
2020-10-21 00:00:00+09:00,31763.284543392594,32722.900390625,31427.41899686125,32722.900390625,274295,0.0,0.0
2020-10-22 00:00:00+09:00,32818.86228279148,33058.76624684697,32003.188805002803,32099.150390625,180186,0.0,0.0
2020-10-23 00:00:00+09:00,32099.15306060459,32099.15306060459,30659.7291565416,30851.65234375,139868,0.0,0.0
2020-10-26 00:00:00+09:00,30707.708333333332,30851.650716145832,29028.380533854168,29076.361328125,181538,0.0,0.0
2020-10-27 00:00:00+09:00,29076.362319409545,29748.093462102177,28404.631176716917,28644.53515625,113426,0.0,0.0
2020-10-28 00:00:00+09:00,28548.573840725807,30131.94012096774,28548.573840725807,29748.09375,83594,0.0,0.0
2020-10-29 00:00:00+09:00,29124.342122395832,30227.900390625,29124.342122395832,29940.015625,45953,0.0,0.0
2020-10-30 00:00:00+09:00,29940.0169482899,30227.901726638844,28980.401020460096,29460.208984375,42369,0.0,0.0
2020-11-02 00:00:00+09:00,29508.188143458818,29652.13052464642,28740.4954437916,28836.45703125,77257,0.0,0.0
2020-11-03 00:00:00+09:00,28836.45703446767,29460.207353016885,28740.495446998557,29124.341796875,59039,0.0,0.0
2020-11-04 00:00:00+09:00,29220.30469721704,29364.24708488806,28836.45833009432,28932.419921875,67277,0.0,0.0
2020-11-05 00:00:00+09:00,29076.361328125,29940.015625,29076.361328125,29940.015625,66353,0.0,0.0
2020-11-06 00:00:00+09:00,30035.97852822581,30035.97852822581,29364.24737903226,29748.09375,55577,0.0,0.0
2020-11-09 00:00:00+09:00,30227.900713582676,30899.63184055118,29987.996739665352,30467.8046875,90658,0.0,0.0
2020-11-10 00:00:00+09:00,28644.53614267677,29124.344118265995,28068.7665719697,28500.59375,444214,0.0,0.0
2020-11-11 00:00:00+09:00,28788.475201437283,28788.475201437283,27061.16668935105,27540.974609375,267728,0.0,0.0
2020-11-12 00:00:00+09:00,27876.842116840868,28116.74609375,27588.95734454991,28116.74609375,100960,0.0,0.0
2020-11-13 00:00:00+09:00,28116.746401277218,28884.439135783083,28020.784809463985,28644.53515625,233651,0.0,0.0
2020-11-16 00:00:00+09:00,29268.285493107378,29316.26628899772,28644.53514653296,28932.419921875,258872,0.0,0.0
2020-11-17 00:00:00+09:00,28980.399405772496,28980.399405772496,27588.95638794567,28260.6875,204730,0.0,0.0
2020-11-18 00:00:00+09:00,28116.744789437074,28548.571927841396,27684.91765103275,28020.783203125,135533,0.0,0.0
2020-11-19 00:00:00+09:00,27732.900390625,28692.516321096453,27492.996408007137,27732.900390625,124552,0.0,0.0
2020-11-20 00:00:00+09:00,27876.84245128994,28212.70802299223,27684.91926746006,27780.880859375,82242,0.0,0.0
2020-11-23 00:00:00+09:00,28068.76596629001,28308.669948907875,27540.97720453071,27732.900390625,109550,0.0,0.0
2020-11-24 00:00:00+09:00,28020.7828891709,28500.590815355332,27828.859718697124,28356.6484375,181565,0.0,0.0
2020-11-25 00:00:00+09:00,28788.475571065992,29028.379534158208,27924.82130393401,28356.6484375,244104,0.0,0.0
2020-11-26 00:00:00+09:00,28404.63151483051,28596.554700741526,28116.746735963985,28308.669921875,65335,0.0,0.0
2020-11-27 00:00:00+09:00,28500.591468590832,28500.591468590832,27972.802737691,28260.6875,64164,0.0,0.0
2020-11-30 00:00:00+09:00,28260.686852263116,28644.53319321066,27972.802096552456,28356.6484375,90642,0.0,0.0
2020-12-01 00:00:00+09:00,28404.631196581195,28500.592788461538,27924.823237179487,28068.765625,77169,0.0,0.0
2020-12-02 00:00:00+09:00,28212.708012820513,28356.650400641025,27972.804033119657,28068.765625,85418,0.0,0.0
2020-12-03 00:00:00+09:00,28212.707691271553,28212.707691271553,27684.91894194504,27828.861328125,92833,0.0,0.0
2020-12-04 00:00:00+09:00,27828.862330341504,27972.80472170534,27253.092764886165,27397.03515625,124291,0.0,0.0
2020-12-07 00:00:00+09:00,27397.0341831261,27492.995773960167,27061.168615206865,27253.091796875,77488,0.0,0.0
2020-12-08 00:00:00+09:00,27253.091796875,27588.957364794234,27157.130206040933,27253.091796875,67570,0.0,0.0
2020-12-09 00:00:00+09:00,27157.130521924086,27732.900073625657,27157.130521924086,27492.99609375,54720,0.0,0.0
2020-12-10 00:00:00+09:00,27540.97688972513,27588.95768570026,27349.05370582461,27492.99609375,55018,0.0,0.0
2020-12-11 00:00:00+09:00,27924.82290566934,28548.573245486696,27636.938133445943,28404.630859375,186519,0.0,0.0
2020-12-14 00:00:00+09:00,28308.670886909782,28980.402060497472,28260.690088796375,28452.61328125,115596,0.0,0.0
2020-12-15 00:00:00+09:00,28452.612624737394,28692.516609768907,28212.708639705885,28548.57421875,62386,0.0,0.0
2020-12-16 00:00:00+09:00,28692.516920572918,28932.420908203127,28452.61293294271,28788.478515625,90289,0.0,0.0
2020-12-17 00:00:00+09:00,28788.476243882542,30035.976881117454,28788.476243882542,29412.2265625,227176,0.0,0.0
2020-12-18 00:00:00+09:00,29508.19043926164,29700.1136291105,29124.34405956393,29364.248046875,83011,0.0,0.0
2020-12-21 00:00:00+09:00,29508.190158876052,29508.190158876052,28116.74704569328,28548.57421875,200364,0.0,0.0
2020-12-22 00:00:00+09:00,28788.4779141436,28884.439507190746,27684.91959410143,27732.900390625,121236,0.0,0.0
2020-12-23 00:00:00+09:00,27972.804373242863,28164.727559337156,27492.996408007137,27732.900390625,74226,0.0,0.0
2020-12-24 00:00:00+09:00,27636.9375,28068.7646484375,27540.975911458332,27924.822265625,85240,0.0,0.0
2020-12-28 00:00:00+09:00,28212.708033376963,28212.708033376963,27397.03450179974,27492.99609375,95876,0.0,0.0
2020-12-29 00:00:00+09:00,28030.158983704972,28616.15533876501,27541.828687821613,28469.65625,66152,500.0,0.0
2020-12-30 00:00:00+09:00,28371.98989413212,29299.81744660804,28127.82474874372,29153.318359375,127021,0.0,0.0
2021-01-04 00:00:00+09:00,29299.81668622014,29348.649714030504,28469.6552134439,28616.154296875,123966,0.0,0.0
2021-01-05 00:00:00+09:00,28664.98744612069,28664.98744612069,28078.991109913793,28323.15625,103040,0.0,0.0
2021-01-06 00:00:00+09:00,28371.98931863646,28518.488402897925,28127.82417820069,28225.490234375,78645,0.0,0.0
2021-01-07 00:00:00+09:00,28176.657206287848,28371.98931863646,28078.99115011354,28225.490234375,82324,0.0,0.0
2021-01-08 00:00:00+09:00,28225.49127717391,28371.990366847825,27932.493097826085,28078.9921875,98513,0.0,0.0
2021-01-11 00:00:00+09:00,28078.99156796035,28127.824596774193,27248.830078125,27248.830078125,232722,0.0,0.0
2021-01-12 00:00:00+09:00,27248.830853174604,27932.49327601411,27248.830853174604,27688.328125,88146,0.0,0.0
2021-01-13 00:00:00+09:00,28078.99115011354,28225.490234375,27785.992981590614,28225.490234375,82803,0.0,0.0
2021-01-14 00:00:00+09:00,28518.488402897925,28518.488402897925,27981.32509393923,28225.490234375,65600,0.0,0.0
2021-01-15 00:00:00+09:00,28225.490275065105,28274.323303222656,27883.65907796224,28127.82421875,49272,0.0,0.0
2021-01-18 00:00:00+09:00,28176.657496675532,28176.657496675532,27346.496010638297,27541.828125,54678,0.0,0.0
2021-01-19 00:00:00+09:00,27541.8289459282,27932.493186295975,27492.995915882224,27883.66015625,40742,0.0,0.0
2021-01-20 00:00:00+09:00,27883.660024236353,28274.32426275455,27688.327904977254,28176.658203125,64167,0.0,0.0
2021-01-21 00:00:00+09:00,28078.992143495452,28323.157292569325,27932.493054051127,28176.658203125,68541,0.0,0.0
2021-01-22 00:00:00+09:00,28176.65802951389,28713.821354166666,27981.32591145833,28567.322265625,129309,0.0,0.0
2021-01-25 00:00:00+09:00,28567.322353028183,28616.15538269148,28225.491145385113,28371.990234375,78333,0.0,0.0
2021-01-26 00:00:00+09:00,28127.825173310226,28469.656382013647,27981.3260838659,28176.658203125,62476,0.0,0.0
2021-01-27 00:00:00+09:00,28323.15742666375,28323.15742666375,27834.82712620403,27883.66015625,46285,0.0,0.0
2021-01-28 00:00:00+09:00,27492.994140625,27883.658355767097,27395.328086839476,27492.994140625,63660,0.0,0.0
2021-01-29 00:00:00+09:00,27737.160583941604,27883.659671532845,26614.00091240876,26760.5,111029,0.0,0.0
2021-02-01 00:00:00+09:00,26614.00066266741,27346.49609375,24074.683168247768,27346.49609375,72584,0.0,0.0
2021-02-02 00:00:00+09:00,27346.495213963964,27492.994295467342,26858.164942286036,27102.330078125,45529,0.0,0.0
2021-02-03 00:00:00+09:00,27444.161113732236,27981.32440955262,27053.496898590143,27492.994140625,91068,0.0,0.0
2021-02-04 00:00:00+09:00,27541.828251008064,27590.66127982191,27199.997049311158,27248.830078125,58493,0.0,0.0
2021-02-05 00:00:00+09:00,27199.997007533482,27541.828208705356,27151.16397879464,27346.49609375,40969,0.0,0.0
2021-02-08 00:00:00+09:00,27590.66082974138,28371.98927801724,27395.328717672415,28323.15625,153924,0.0,0.0
2021-02-09 00:00:00+09:00,28323.156413898603,28323.156413898603,27785.993102600525,27932.4921875,66127,0.0,0.0
2021-02-10 00:00:00+09:00,28176.65829174847,28176.65829174847,27688.32799206479,27981.326171875,31680,0.0,0.0
2021-02-15 00:00:00+09:00,28323.157880892257,29104.48637415825,28274.32485006313,29006.8203125,190383,0.0,0.0
2021-02-16 00:00:00+09:00,29153.318402048317,29153.318402048317,28518.489023109243,29055.65234375,102861,0.0,0.0
2021-02-17 00:00:00+09:00,29299.81817948191,29739.315452174138,29055.653027986227,29690.482421875,207214,0.0,0.0
2021-02-18 00:00:00+09:00,29348.65129928084,29788.14857331333,29153.319177488618,29495.150390625,115642,0.0,0.0
2021-02-19 00:00:00+09:00,29739.315542865275,29788.14857331333,28616.155842560016,29495.150390625,123937,0.0,0.0
2021-02-22 00:00:00+09:00,29495.149649557334,29690.481766441822,28762.654211240515,28957.986328125,98774,0.0,0.0
2021-02-23 00:00:00+09:00,28420.823220411665,28811.487457118354,28274.324131646656,28469.65625,75733,0.0,0.0
2021-02-24 00:00:00+09:00,28469.654879633817,28518.48790687161,26858.16498078662,27004.6640625,125462,0.0,0.0
2021-02-25 00:00:00+09:00,27639.494140625,27785.993226176015,27004.66476990393,27639.494140625,62137,0.0,0.0
2021-02-26 00:00:00+09:00,26662.833984375,26858.166101476647,26272.169750171703,26662.833984375,104102,0.0,0.0
2021-03-02 00:00:00+09:00,26858.16725127551,27199.998470837196,26174.504812152132,26321.00390625,72580,0.0,0.0
2021-03-03 00:00:00+09:00,25979.173526539522,26565.169921875,25979.173526539522,26565.169921875,30095,0.0,0.0
2021-03-04 00:00:00+09:00,26223.33874106319,26662.836038399448,26174.50570802583,26467.50390625,24896,0.0,0.0
2021-03-05 00:00:00+09:00,26418.668795620437,26760.5,25930.338503649633,26760.5,34738,0.0,0.0
2021-03-08 00:00:00+09:00,26858.16725127551,26955.83331400742,26321.00390625,26321.00390625,45483,0.0,0.0
2021-03-09 00:00:00+09:00,26272.17018922291,26662.834429954848,25490.84170775903,25686.173828125,46137,0.0,0.0
2021-03-10 00:00:00+09:00,26028.004860867277,26467.5021286868,25735.006682320927,26076.837890625,49383,0.0,0.0
2021-03-11 00:00:00+09:00,26565.167513250883,27688.327169142005,26516.334484733878,27639.494140625,103665,0.0,0.0
2021-03-12 00:00:00+09:00,27737.16015625,27883.659241582307,27151.163814920776,27737.16015625,61179,0.0,0.0
2021-03-15 00:00:00+09:00,27981.325460770182,29641.6484375,27590.6612309514,29641.6484375,412064,0.0,0.0
2021-03-16 00:00:00+09:00,30862.475338541666,30960.141399739583,28616.155930989582,29299.818359375,800293,0.0,0.0
2021-03-17 00:00:00+09:00,28860.31947640197,29006.81856003853,28225.490113976884,28518.48828125,171025,0.0,0.0
2021-03-18 00:00:00+09:00,28616.154418103448,28616.154418103448,27932.49202586207,28323.15625,115471,0.0,0.0
2021-03-19 00:00:00+09:00,28030.159070056132,28420.823307966322,27834.826951101037,28274.32421875,73466,0.0,0.0
2021-03-22 00:00:00+09:00,27932.493321349557,28127.82544247788,27346.496957964602,27590.662109375,110415,0.0,0.0
2021-03-23 00:00:00+09:00,27590.66042919124,27590.66042919124,26809.331992258394,26906.998046875,101046,0.0,0.0
2021-03-24 00:00:00+09:00,26613.99984459765,27151.16314421338,26565.166817359855,27004.6640625,42704,0.0,0.0
2021-03-25 00:00:00+09:00,26906.998046875,26955.8310741833,26613.999883025182,26906.998046875,46846,0.0,0.0
2021-03-26 00:00:00+09:00,27199.997049311158,27444.162193380376,26858.165847614247,27248.830078125,61975,0.0,0.0
2021-03-29 00:00:00+09:00,27932.4921875,28323.156413898603,27541.8279611014,27932.4921875,182678,0.0,0.0
2021-03-30 00:00:00+09:00,27834.825565732757,27883.658593041062,26760.49896495009,26906.998046875,152053,0.0,0.0
2021-03-31 00:00:00+09:00,26858.167203384935,26907.000234663818,26174.50476548059,26418.669921875,120496,0.0,0.0
2021-04-01 00:00:00+09:00,26467.502084305037,26565.168143656716,26076.83784689832,26174.50390625,62605,0.0,0.0
2021-04-02 00:00:00+09:00,26223.338841775094,26418.670974674722,26076.839742100372,26272.171875,40520,0.0,0.0
2021-04-05 00:00:00+09:00,26272.170143821022,26321.003173828125,25588.507723721592,25783.83984375,110990,0.0,0.0
2021-04-06 00:00:00+09:00,25881.506084735578,25881.506084735578,25393.17578125,25393.17578125,64712,0.0,0.0
2021-04-07 00:00:00+09:00,25588.508764880953,25637.341796875,25393.176636904762,25637.341796875,36796,0.0,0.0
2021-04-08 00:00:00+09:00,25442.00850377458,26125.670920382727,25442.00850377458,26076.837890625,48989,0.0,0.0
2021-04-09 00:00:00+09:00,26076.83793468045,26223.337024201126,25881.505815319546,25979.171875,26530,0.0,0.0
2021-04-12 00:00:00+09:00,26125.671053799717,26174.50408380682,25588.507723721592,25783.83984375,37237,0.0,0.0
2021-04-13 00:00:00+09:00,25783.8397995283,26028.004949145048,25637.340709758257,25881.505859375,35746,0.0,0.0
2021-04-14 00:00:00+09:00,26028.005907191622,26028.005907191622,25686.17468514595,25930.33984375,29550,0.0,0.0
2021-04-15 00:00:00+09:00,25979.172923558603,26028.0059553698,25686.174732691397,25832.673828125,39472,0.0,0.0
2021-04-16 00:00:00+09:00,25930.33984375,26028.005907191622,25735.007716866763,25930.33984375,48482,0.0,0.0
2021-04-19 00:00:00+09:00,26125.670620437955,26760.5,26076.837591240874,26760.5,141575,0.0,0.0
2021-04-20 00:00:00+09:00,26760.501046444955,26760.501046444955,26321.00376648509,26614.001953125,55876,0.0,0.0
2021-04-21 00:00:00+09:00,26516.33520324248,26516.33520324248,25930.338845159775,25979.171875,73735,0.0,0.0
2021-04-22 00:00:00+09:00,26076.837890625,26174.50395014045,25930.338801351827,26076.837890625,32396,0.0,0.0
2021-04-23 00:00:00+09:00,26125.672067718217,26125.672067718217,25686.174780597725,25735.0078125,57147,0.0,0.0
2021-04-26 00:00:00+09:00,25783.8409416826,25832.67397376912,25295.5106208174,25539.67578125,76409,0.0,0.0
2021-04-27 00:00:00+09:00,25490.841796875,25686.17391792385,25197.843615301725,25490.841796875,70443,0.0,0.0
2021-04-28 00:00:00+09:00,25735.007039545126,25783.840069980695,25100.177643882722,25295.509765625,60229,0.0,0.0
2021-04-29 00:00:00+09:00,25393.176011029413,25393.176011029413,24660.680549172794,24904.845703125,62067,0.0,0.0
2021-04-30 00:00:00+09:00,25002.510978043912,25100.177036551897,24367.681597742016,24465.34765625,68524,0.0,0.0
2021-05-03 00:00:00+09:00,24514.180642706262,24953.6779052249,24270.015496862576,24563.013671875,39429,0.0,0.0
2021-05-04 00:00:00+09:00,24367.68273579833,24660.680925006327,23732.853325847675,24123.517578125,67564,0.0,0.0
2021-05-06 00:00:00+09:00,24123.517391372014,24563.014671781624,24123.517391372014,24514.181640625,31662,0.0,0.0
2021-05-07 00:00:00+09:00,24709.513356370193,25393.17578125,24611.847295673077,25393.17578125,67771,0.0,0.0
2021-05-10 00:00:00+09:00,25539.67592858438,25588.50896095261,24904.84650779739,25246.677734375,60450,0.0,0.0
2021-05-11 00:00:00+09:00,25246.677012567932,25295.51004354002,24709.513671875,24709.513671875,37336,0.0,0.0
2021-05-12 00:00:00+09:00,24807.17890468437,25051.344051384018,24367.681640625,24367.681640625,31217,0.0,0.0
2021-05-13 00:00:00+09:00,23879.35147534229,24465.347830565413,23781.685416138436,24074.68359375,30204,0.0,0.0
2021-05-14 00:00:00+09:00,24123.517320801835,24270.016413843143,22121.36304923731,22609.693359375,258432,0.0,0.0
2021-05-17 00:00:00+09:00,22609.691803047404,22658.524830699775,21388.86611173815,21633.03125,158901,0.0,0.0
2021-05-18 00:00:00+09:00,21828.364149785673,22072.529296875,21584.19900269635,22072.529296875,46575,0.0,0.0
2021-05-20 00:00:00+09:00,21779.53009958791,22512.025506524726,21779.53009958791,22219.02734375,40482,0.0,0.0
2021-05-21 00:00:00+09:00,22170.19526966831,22365.52738658169,22121.36224043997,22267.861328125,22819,0.0,0.0
2021-05-24 00:00:00+09:00,22463.193576388887,22463.193576388887,21633.032074652776,21974.86328125,33466,0.0,0.0
2021-05-25 00:00:00+09:00,21535.364926661652,22316.693359375,21535.364926661652,22316.693359375,39148,0.0,0.0
2021-05-26 00:00:00+09:00,22365.526425137363,22365.526425137363,22121.36128949176,22219.02734375,22674,0.0,0.0
2021-05-27 00:00:00+09:00,22267.860370879123,22365.526425137363,22023.695235233517,22219.02734375,21292,0.0,0.0
2021-05-28 00:00:00+09:00,22219.02734375,22219.02734375,21974.862208104398,22219.02734375,21850,0.0,0.0
2021-05-31 00:00:00+09:00,22219.028089793457,22853.857463787554,22170.19506102468,22756.19140625,43460,0.0,0.0
2021-06-01 00:00:00+09:00,22756.191241429326,23244.52152558017,22707.358213014242,23146.85546875,42347,0.0,0.0
2021-06-02 00:00:00+09:00,23146.856468023256,23195.68949854651,22902.691315406977,23098.0234375,21191,0.0,0.0
2021-06-03 00:00:00+09:00,23146.855551861703,23195.688580452126,22707.358294547874,22951.5234375,21076,0.0,0.0
2021-06-04 00:00:00+09:00,23098.0225652711,23098.0225652711,22707.35833583734,22853.857421875,13932,0.0,0.0
2021-06-07 00:00:00+09:00,22951.523563779632,23049.189621497844,22463.193275188576,22658.525390625,19004,0.0,0.0
2021-06-08 00:00:00+09:00,22658.525605726874,22658.525605726874,22170.1953125,22170.1953125,27987,0.0,0.0
2021-06-09 00:00:00+09:00,22463.192518625827,22463.192518625827,22023.69527369619,22121.361328125,18614,0.0,0.0
2021-06-10 00:00:00+09:00,22121.36128949176,22267.860370879123,22072.528262362637,22219.02734375,17060,0.0,0.0
2021-06-11 00:00:00+09:00,22219.028256345526,22365.52734375,22170.1952272107,22365.52734375,19071,0.0,0.0
2021-06-14 00:00:00+09:00,22267.86128548035,22414.360372884825,22267.86128548035,22365.52734375,17236,0.0,0.0
2021-06-15 00:00:00+09:00,22219.027382553806,22316.693436982616,21974.86224648179,22121.361328125,16238,0.0,0.0
2021-06-16 00:00:00+09:00,22121.361367100886,22316.693476302662,21974.862285199557,22023.6953125,31630,0.0,0.0
2021-06-17 00:00:00+09:00,22414.36128152115,22609.69340597885,22219.02915706345,22512.02734375,50691,0.0,0.0
2021-06-18 00:00:00+09:00,22658.525390625,22658.525390625,22219.02813089305,22658.525390625,29827,0.0,0.0
2021-06-21 00:00:00+09:00,22756.191620408445,22756.191620408445,22170.19526966831,22267.861328125,24052,0.0,0.0
2021-06-22 00:00:00+09:00,22463.192518625827,22463.192518625827,21974.86224648179,22121.361328125,25689,0.0,0.0
2021-06-23 00:00:00+09:00,22267.861371145376,22414.36045911344,22023.69622453194,22170.1953125,19155,0.0,0.0
2021-06-24 00:00:00+09:00,22170.19535571073,22267.86141454646,22072.529296875,22072.529296875,20120,0.0,0.0
2021-06-25 00:00:00+09:00,22072.529211211622,22316.694357353346,22023.69618198328,22267.861328125,16395,0.0,0.0
2021-06-28 00:00:00+09:00,22267.860294117647,22756.19056372549,22267.860294117647,22414.359375,30771,0.0,0.0
2021-06-29 00:00:00+09:00,22267.86124320652,22560.85941745924,22267.86124320652,22463.193359375,15699,0.0,0.0
2021-06-30 00:00:00+09:00,22463.19331709957,22609.692403950216,22414.36028814935,22560.859375,24921,0.0,0.0
2021-07-01 00:00:00+09:00,22560.860191231342,22951.524436966953,22512.027160514393,22902.69140625,40848,0.0,0.0
2021-07-02 00:00:00+09:00,22853.857506061424,22902.69053492053,22512.026304047682,22658.525390625,41735,0.0,0.0
2021-07-05 00:00:00+09:00,22658.525348712446,22756.19140625,22512.026262406118,22756.19140625,12299,0.0,0.0
2021-07-06 00:00:00+09:00,22853.857506061424,22853.857506061424,22609.692361765894,22658.525390625,16616,0.0,0.0
2021-07-07 00:00:00+09:00,22560.860374864424,22756.192499322126,22463.194312635576,22512.02734375,27051,0.0,0.0
2021-07-08 00:00:00+09:00,22658.524509803923,22707.357536764706,22267.860294117647,22414.359375,26899,0.0,0.0
2021-07-09 00:00:00+09:00,22316.694357353346,22316.694357353346,21779.53103584156,22267.861328125,37229,0.0,0.0
2021-07-12 00:00:00+09:00,22170.19526966831,22512.02647426672,22170.19526966831,22267.861328125,21806,0.0,0.0
2021-07-13 00:00:00+09:00,22463.19323363734,22805.02443501878,22267.861118562232,22756.19140625,37056,0.0,0.0
2021-07-14 00:00:00+09:00,22756.192359809957,22853.858421440043,22560.860236549786,22805.025390625,21318,0.0,0.0
2021-07-15 00:00:00+09:00,22853.858421440043,23098.023575515257,22707.359328994913,22805.025390625,32063,0.0,0.0
2021-07-16 00:00:00+09:00,22902.69016629927,23781.68467161566,22805.02411015301,23537.51953125,100792,0.0,0.0
2021-07-19 00:00:00+09:00,23879.351518743635,24074.683637506365,23439.854251527497,23977.017578125,123140,0.0,0.0
2021-07-20 00:00:00+09:00,23537.520354038854,23928.184592280166,23537.520354038854,23879.3515625,48606,0.0,0.0
2021-07-21 00:00:00+09:00,23830.517866561182,23977.016951806436,23146.85546875,23146.85546875,46164,0.0,0.0
2021-07-22 00:00:00+09:00,23195.688334738068,23635.185587396263,23195.688334738068,23537.51953125,19691,0.0,0.0
2021-07-23 00:00:00+09:00,23537.519696070674,23635.185752900845,23049.189411919833,23146.85546875,34102,0.0,0.0
2021-07-26 00:00:00+09:00,23146.856559834756,23293.355651985607,22853.858375533047,22902.69140625,24440,0.0,0.0
2021-07-27 00:00:00+09:00,22902.69053492053,23049.189621497844,22560.859332906788,22658.525390625,22007,0.0,0.0
2021-07-28 00:00:00+09:00,22902.689644607843,22902.689644607843,22365.526348039217,22414.359375,26202,0.0,0.0
2021-07-29 00:00:00+09:00,22414.36033033288,22560.85941745924,22267.86124320652,22463.193359375,18685,0.0,0.0
2021-07-30 00:00:00+09:00,22463.193445038378,22560.859503495067,22121.36224043997,22267.861328125,13632,0.0,0.0
2021-08-02 00:00:00+09:00,22267.860370879123,22316.693398008243,22023.695235233517,22219.02734375,10459,0.0,0.0
2021-08-03 00:00:00+09:00,22170.19431662088,22365.526425137363,22072.528262362637,22219.02734375,13735,0.0,0.0
2021-08-04 00:00:00+09:00,22219.02915706345,22609.69340597885,22219.02915706345,22512.02734375,16253,0.0,0.0
2021-08-05 00:00:00+09:00,22512.02729734746,22707.359421402536,22463.194266333692,22609.693359375,12814,0.0,0.0
2021-08-06 00:00:00+09:00,22463.193359375,22609.692446501358,22267.86124320652,22463.193359375,21170,0.0,0.0
2021-08-09 00:00:00+09:00,22463.192401960783,22560.858455882353,22219.027267156864,22414.359375,15278,0.0,0.0
2021-08-10 00:00:00+09:00,22414.36041581003,22414.36041581003,22121.36224043997,22267.861328125,18438,0.0,0.0
2021-08-11 00:00:00+09:00,22267.861371145376,22316.694400468063,22023.69622453194,22170.1953125,15518,0.0,0.0
2021-08-12 00:00:00+09:00,22267.860488585746,22267.860488585746,21877.19626948775,21926.029296875,18834,0.0,0.0
2021-08-13 00:00:00+09:00,21926.029538222254,22121.36164992134,20802.869895952517,21340.033203125,61265,0.0,0.0
2021-08-17 00:00:00+09:00,20656.37093061195,21242.367269069025,20461.038817792924,21047.03515625,55099,0.0,0.0
2021-08-18 00:00:00+09:00,20900.535192928404,20949.36821908011,20314.538879107982,20802.869140625,22113,0.0,0.0
2021-08-19 00:00:00+09:00,20705.20455955335,20705.20455955335,19630.87790787841,19679.7109375,44471,0.0,0.0
2021-08-20 00:00:00+09:00,19533.21245026525,19875.043668144892,18165.887578746682,18410.052734375,97257,0.0,0.0
2021-08-23 00:00:00+09:00,18312.385639391447,18800.715923108553,17775.222327302632,18556.55078125,44937,0.0,0.0
2021-08-24 00:00:00+09:00,18556.55155446658,19142.547919344473,18556.55155446658,18996.048828125,19975,0.0,0.0
2021-08-25 00:00:00+09:00,19289.04807925842,19289.04807925842,18605.385615689767,18849.55078125,16319,0.0,0.0
2021-08-26 00:00:00+09:00,18849.549781976744,19093.714934593023,18800.71675145349,18898.3828125,10792,0.0,0.0
2021-08-27 00:00:00+09:00,18898.38371394231,19044.8828125,18849.550681089742,19044.8828125,7860,0.0,0.0
2021-08-30 00:00:00+09:00,19240.213980157456,19240.213980157456,18898.382767312018,18996.048828125,14221,0.0,0.0
2021-08-31 00:00:00+09:00,18996.048694620255,19289.046875,18996.048694620255,19289.046875,19998,0.0,0.0
2021-09-01 00:00:00+09:00,19142.54872948232,19337.880859375,19093.715697009153,19337.880859375,12041,0.0,0.0
2021-09-02 00:00:00+09:00,19337.8807136194,19679.7119383551,19240.2146494092,19630.87890625,13229,0.0,0.0
2021-09-03 00:00:00+09:00,19435.546407745216,20461.04006242524,19435.546407745216,20412.20703125,36098,0.0,0.0
2021-09-06 00:00:00+09:00,20412.20707820012,20607.53920335036,20070.3758591872,20314.541015625,14716,0.0,0.0
2021-09-07 00:00:00+09:00,20119.20811578624,20314.540233415235,19728.543880528254,19875.04296875,16536,0.0,0.0
2021-09-08 00:00:00+09:00,19728.544011066082,19826.210070526806,19533.211892144638,19582.044921875,12308,0.0,0.0
2021-09-09 00:00:00+09:00,19533.211892144638,19630.877951605362,19386.712802953552,19582.044921875,12434,0.0,0.0
2021-09-10 00:00:00+09:00,19533.212989267675,19728.545119160353,19337.880859375,19337.880859375,13357,0.0,0.0
2021-09-13 00:00:00+09:00,19337.881060728094,19337.881060728094,18751.884664948455,18947.216796875,13758,0.0,0.0
2021-09-14 00:00:00+09:00,18947.216697225766,19435.547024473854,18898.383664500958,19142.548828125,14806,0.0,0.0
2021-09-15 00:00:00+09:00,19386.712980081105,19386.712980081105,18947.215708492364,19191.380859375,10365,0.0,0.0
2021-09-16 00:00:00+09:00,19240.21499476482,19289.048027746456,18751.884664948455,18947.216796875,14422,0.0,0.0
2021-09-17 00:00:00+09:00,18751.884715025906,18898.383814362045,18703.05168191386,18849.55078125,8187,0.0,0.0
2021-09-23 00:00:00+09:00,18849.54996701847,18849.54996701847,18507.71875,18507.71875,16730,0.0,0.0
2021-09-24 00:00:00+09:00,18556.55078125,18800.715923108553,18458.884724506577,18556.55078125,9718,0.0,0.0
2021-09-27 00:00:00+09:00,18361.21870866402,18605.38385106647,18263.55265170304,18458.884765625,9268,0.0,0.0
2021-09-28 00:00:00+09:00,18117.054783293595,18410.05297385899,17677.557497445505,17921.72265625,37877,0.0,0.0
2021-09-29 00:00:00+09:00,17872.888982599434,17872.888982599434,17042.727472478695,17189.2265625,46437,0.0,0.0
2021-09-30 00:00:00+09:00,17482.224609375,17531.057639010123,17189.226431564246,17482.224609375,16511,0.0,0.0
2021-10-01 00:00:00+09:00,17531.05695950255,17531.05695950255,16554.396404655614,16749.728515625,41107,0.0,0.0
2021-10-05 00:00:00+09:00,16749.729849466465,16749.729849466465,15626.57012195122,16017.234375,57254,0.0,0.0
2021-10-06 00:00:00+09:00,16163.733422111742,16554.397674005682,15626.570075757576,16114.900390625,31048,0.0,0.0
2021-10-07 00:00:00+09:00,16114.90007267442,16798.5625,16066.067042151164,16798.5625,33845,0.0,0.0
2021-10-08 00:00:00+09:00,16798.561583577713,16847.39461143695,16261.3982771261,16652.0625,24647,0.0,0.0
2021-10-12 00:00:00+09:00,16603.23087993421,16603.23087993421,15626.57023993808,15773.0693359375,25833,0.0,0.0
2021-10-13 00:00:00+09:00,15724.236047436378,16407.89848428144,15675.403016233158,16310.232421875,15851,0.0,0.0
2021-10-14 00:00:00+09:00,16261.399034598215,17189.226607142857,16212.566004464286,17091.560546875,29068,0.0,0.0
2021-10-15 00:00:00+09:00,17091.559550836893,17384.557714565526,16700.89533253205,17140.392578125,14866,0.0,0.0
2021-10-18 00:00:00+09:00,17140.392539394477,17286.891620927763,16700.895294794616,17238.05859375,9658,0.0,0.0
2021-10-19 00:00:00+09:00,17238.05954824329,17433.391667770127,17042.727428716455,17286.892578125,13617,0.0,0.0
2021-10-20 00:00:00+09:00,17286.892622514206,17335.72565252131,17042.727472478695,17189.2265625,11874,0.0,0.0
2021-10-21 00:00:00+09:00,17189.2265625,17433.39171253551,17091.560502485794,17189.2265625,12371,0.0,0.0
2021-10-22 00:00:00+09:00,17384.558178191488,18849.549035904256,17384.558178191488,18361.21875,107825,0.0,0.0
2021-10-25 00:00:00+09:00,18361.220256979694,19240.21484375,18361.220256979694,19240.21484375,70432,0.0,0.0
2021-10-26 00:00:00+09:00,19289.048359942495,20265.709036395278,19191.382292297218,20168.04296875,80205,0.0,0.0
2021-10-27 00:00:00+09:00,20265.707248263887,21193.534809027777,19728.54392361111,19777.376953125,143428,0.0,0.0
2021-10-28 00:00:00+09:00,19777.378002565296,19972.710130985695,19386.7137457245,19630.87890625,39123,0.0,0.0
2021-10-29 00:00:00+09:00,19630.87890625,19826.211034670396,19337.8807136194,19630.87890625,24201,0.0,0.0
2021-11-01 00:00:00+09:00,19728.544640174277,20509.873140775242,19728.544640174277,20314.541015625,46251,0.0,0.0
2021-11-02 00:00:00+09:00,20461.041067146285,20461.041067146285,19875.044664268586,20363.375,19235,0.0,0.0
2021-11-03 00:00:00+09:00,20363.37438782649,20363.37438782649,19533.2128420398,19630.87890625,34780,0.0,0.0
2021-11-04 00:00:00+09:00,19923.87719849246,19923.87719849246,19337.880810301507,19435.546875,19042,0.0,0.0
2021-11-05 00:00:00+09:00,19435.545662056844,20216.87413088325,19142.547486246942,19972.708984375,42399,0.0,0.0
2021-11-08 00:00:00+09:00,19826.211731991527,20509.874205508477,19582.04656287833,20168.04296875,27879,0.0,0.0
2021-11-09 00:00:00+09:00,20168.04118923611,20216.87421875,19679.71089409722,19777.376953125,14949,0.0,0.0
2021-11-10 00:00:00+09:00,19728.54501953125,19972.710180664064,19435.546826171874,19533.212890625,25353,0.0,0.0
2021-11-11 00:00:00+09:00,19435.545965189875,19777.37717563291,19093.714754746834,19289.046875,19088,0.0,0.0
2021-11-12 00:00:00+09:00,19337.879949904578,19435.546010257633,19093.714799021946,19191.380859375,17645,0.0,0.0
2021-11-15 00:00:00+09:00,19093.715648555277,19728.54506909548,19044.88261620603,19435.546875,16510,0.0,0.0
2021-11-16 00:00:00+09:00,19337.8809089467,19582.04607193845,19142.548778553297,19240.21484375,15143,0.0,0.0
2021-11-17 00:00:00+09:00,19289.048131306965,19289.048131306965,18751.884765625,18751.884765625,22002,0.0,0.0
2021-11-18 00:00:00+09:00,18410.052596687336,18751.883812010445,18263.553504406005,18703.05078125,25492,0.0,0.0
2021-11-19 00:00:00+09:00,18703.051732381184,18996.049931844074,18410.053532918293,18751.884765625,18607,0.0,0.0
2021-11-22 00:00:00+09:00,19386.71447783607,20216.87605497263,19337.88144388686,20070.376953125,106286,0.0,0.0
2021-11-23 00:00:00+09:00,20265.706744427447,20949.369140625,19875.042518028848,20949.369140625,103511,0.0,0.0
2021-11-24 00:00:00+09:00,20802.86906795058,21193.53327579942,20558.70393804506,20998.201171875,77813,0.0,0.0
2021-11-25 00:00:00+09:00,20998.202210187355,21047.03523858314,20754.037068208432,20851.703125,30296,0.0,0.0
2021-11-26 00:00:00+09:00,20851.704606681036,20851.704606681036,19582.045778171185,19826.2109375,54915,0.0,0.0
2021-11-29 00:00:00+09:00,19289.046830722607,20168.041369844144,18947.21562106423,19386.712890625,43153,0.0,0.0
2021-11-30 00:00:00+09:00,19435.545467909946,19826.2096984207,17872.888545866936,18165.88671875,51915,0.0,0.0
2021-12-01 00:00:00+09:00,17970.554521276594,18507.717835771276,17872.888464095744,18361.21875,24865,0.0,0.0
2021-12-02 00:00:00+09:00,18019.389170223905,18996.049829856638,18019.389170223905,18947.216796875,15512,0.0,0.0
2021-12-03 00:00:00+09:00,19093.715795400192,19289.047926299427,18849.550631776146,19142.548828125,13902,0.0,0.0
2021-12-06 00:00:00+09:00,19240.213586455775,20119.20811578624,18996.048439419534,19875.04296875,28184,0.0,0.0
2021-12-07 00:00:00+09:00,19826.20989647005,20216.87413088325,19826.20989647005,19972.708984375,17626,0.0,0.0
2021-12-08 00:00:00+09:00,19826.209982638888,19972.709071180554,19533.211805555555,19777.376953125,22274,0.0,0.0
2021-12-09 00:00:00+09:00,19777.377857881434,20509.873334099266,19533.212699142157,19923.876953125,49895,0.0,0.0
2021-12-10 00:00:00+09:00,19728.544921875,19972.710081799196,19582.045825920482,19728.544921875,11773,0.0,0.0
2021-12-13 00:00:00+09:00,19923.87612998753,19923.87612998753,19484.378862414276,19582.044921875,12692,0.0,0.0
2021-12-14 00:00:00+09:00,19435.546875,19728.54506909548,19337.880810301507,19435.546875,15439,0.0,0.0
2021-12-15 00:00:00+09:00,19582.0458741449,19679.7119383551,19289.0476815143,19630.87890625,9020,0.0,0.0
2021-12-16 00:00:00+09:00,19728.54392361111,20168.04118923611,19728.54392361111,19777.376953125,32721,0.0,0.0
2021-12-17 00:00:00+09:00,19875.043921377146,20119.209080116423,19435.546635646446,19923.876953125,24492,0.0,0.0
2021-12-20 00:00:00+09:00,19533.211936090225,19826.210115131576,19142.54769736842,19484.37890625,34014,0.0,0.0
2021-12-21 00:00:00+09:00,19484.378691358495,19972.708984375,19191.380515548593,19972.708984375,26179,0.0,0.0
2021-12-22 00:00:00+09:00,19777.378051757812,19972.710180664064,19484.37985839844,19533.212890625,12184,0.0,0.0
2021-12-23 00:00:00+09:00,19679.7110256109,19679.7110256109,19386.71284656955,19484.37890625,17523,0.0,0.0
2021-12-24 00:00:00+09:00,19777.37708529135,19777.37708529135,19435.545876409775,19484.37890625,9512,0.0,0.0
2021-12-27 00:00:00+09:00,19533.212890625,19777.378051757812,19386.713793945313,19533.212890625,10155,0.0,0.0
2021-12-28 00:00:00+09:00,19484.37890625,19679.7110256109,19484.37890625,19484.37890625,12137,0.0,0.0
2021-12-29 00:00:00+09:00,19730.392274631893,19828.798221138783,19533.580381618107,19631.986328125,14263,150.0,0.0
2021-12-30 00:00:00+09:00,19631.987537674493,19779.596466529187,19385.97265625,19385.97265625,12425,0.0,0.0
2022-01-04 00:00:00+09:00,19189.1609231839,19336.76985336224,18598.72520247055,18795.537109375,32621,0.0,0.0
2022-01-05 00:00:00+09:00,18893.942763157895,18893.942763157895,18352.710027754933,18697.130859375,22045,0.0,0.0
2022-01-06 00:00:00+09:00,18303.5063125,19189.15984375,18303.5063125,18451.115234375,25167,0.0,0.0
2022-01-07 00:00:00+09:00,18500.318955592105,19139.95764288651,18401.913003700658,18697.130859375,25322,0.0,0.0
2022-01-10 00:00:00+09:00,19041.552142828,20074.814662206267,18549.522371695497,18844.740234375,94036,0.0,0.0
2022-01-11 00:00:00+09:00,18844.739485160382,18992.348410631614,18401.91270874669,18598.724609375,20799,0.0,0.0
2022-01-12 00:00:00+09:00,18943.146039553336,18943.146039553336,18549.522225744437,18795.537109375,16027,0.0,0.0
2022-01-13 00:00:00+09:00,18746.333236262853,19189.160005623395,18647.927287516068,19139.95703125,16228,0.0,0.0
2022-01-14 00:00:00+09:00,19139.958246866863,19139.958246866863,18746.334426879883,18893.943359375,11599,0.0,0.0
2022-01-17 00:00:00+09:00,18943.145587689643,18992.348563242085,18352.709881060357,18647.927734375,17376,0.0,0.0
2022-01-18 00:00:00+09:00,18401.912260416666,19090.753895833335,18401.912260416666,18451.115234375,19485,0.0,0.0
2022-01-19 00:00:00+09:00,18401.912856612795,18746.33368547988,18401.912856612795,18647.927734375,9467,0.0,0.0
2022-01-20 00:00:00+09:00,18500.31968344156,18992.349462256494,18500.31968344156,18943.146484375,14649,0.0,0.0
2022-01-21 00:00:00+09:00,18943.14498429446,19238.362828205543,18795.536062338917,19090.75390625,21181,0.0,0.0
2022-01-24 00:00:00+09:00,18943.14498429446,19238.362828205543,18697.130114368556,19090.75390625,31812,0.0,0.0
2022-01-25 00:00:00+09:00,18697.13055968915,19041.55138578869,18352.709733589614,18598.724609375,35682,0.0,0.0
2022-01-26 00:00:00+09:00,18352.71079049059,18746.334614415322,18205.101856518817,18303.5078125,12878,0.0,0.0
2022-01-27 00:00:00+09:00,18254.30363581731,18401.912560096156,17270.244140625,17270.244140625,26185,0.0,0.0
2022-01-28 00:00:00+09:00,17221.041758362677,17762.274499339786,17024.229852552817,17467.056640625,21323,0.0,0.0
2022-02-03 00:00:00+09:00,17860.680576727642,18155.8984375,17713.071646341465,18155.8984375,13777,0.0,0.0
2022-02-04 00:00:00+09:00,18106.69441666667,18451.115234375,17909.882520833333,18451.115234375,7474,0.0,0.0
2022-02-07 00:00:00+09:00,18451.11538501496,18549.52133373504,18205.10051321476,18500.318359375,6717,0.0,0.0
2022-02-08 00:00:00+09:00,18500.31910269029,19139.95779507054,18451.116126353347,18746.333984375,17853,0.0,0.0
2022-02-09 00:00:00+09:00,19189.15954906088,19189.15954906088,18697.129817033678,18992.34765625,15964,0.0,0.0
2022-02-10 00:00:00+09:00,19189.160751110405,19484.378608819796,18844.739917116116,19385.97265625,29817,0.0,0.0
2022-02-11 00:00:00+09:00,19385.97250715649,19631.987386688932,19189.160603530534,19336.76953125,22154,0.0,0.0
2022-02-14 00:00:00+09:00,18795.537109375,19139.957946457787,18451.116272292213,18795.537109375,29886,0.0,0.0
2022-02-15 00:00:00+09:00,18746.33338341346,19090.75420673077,17909.8828125,17909.8828125,25381,0.0,0.0
2022-02-16 00:00:00+09:00,18401.911957523458,18598.72385011729,18155.897091781168,18352.708984375,31502,0.0,0.0
2022-02-17 00:00:00+09:00,18401.913321476964,18647.92820545393,17811.47759993225,18155.8984375,25831,0.0,0.0
2022-02-18 00:00:00+09:00,18106.69441666667,18500.318208333334,17762.273598958334,18451.115234375,12187,0.0,0.0
2022-02-21 00:00:00+09:00,18106.695148026316,18697.130859375,18106.695148026316,18697.130859375,12228,0.0,0.0
2022-02-22 00:00:00+09:00,18500.31880771768,18795.53666103232,18303.506905507915,18647.927734375,20519,0.0,0.0
2022-02-23 00:00:00+09:00,18647.928031701114,18795.536960711943,18647.928031701114,18746.333984375,8854,0.0,0.0
2022-02-24 00:00:00+09:00,18746.333984375,19041.551842396653,18352.71017367946,18746.333984375,24278,0.0,0.0
2022-02-25 00:00:00+09:00,18795.535782816416,19779.595247885336,18795.535782816416,19631.986328125,49219,0.0,0.0
2022-02-28 00:00:00+09:00,19631.98813402952,19878.003022927136,19435.176222911432,19582.78515625,22684,0.0,0.0
2022-03-02 00:00:00+09:00,19681.19005259901,20025.610878519492,19533.581127204518,19878.001953125,26997,0.0,0.0
2022-03-03 00:00:00+09:00,20173.220256833538,20173.220256833538,19828.799423180284,20025.611328125,31386,0.0,0.0
2022-03-04 00:00:00+09:00,20025.611164976133,21058.8736575179,19828.799261634846,20616.046875,104056,0.0,0.0
2022-03-07 00:00:00+09:00,20763.655505491955,20763.655505491955,19730.393027730508,19878.001953125,62580,0.0,0.0
2022-03-08 00:00:00+09:00,19336.76923673115,19631.98708767361,18401.91270874669,18598.724609375,70223,0.0,0.0
2022-03-10 00:00:00+09:00,18992.349016279448,19090.754969731675,18647.92817919666,18795.537109375,27321,0.0,0.0
2022-03-11 00:00:00+09:00,18844.7390363241,19336.768776175904,18746.33308835374,19090.75390625,30063,0.0,0.0
2022-03-14 00:00:00+09:00,19090.75466694079,19189.160618832237,18303.50705180921,18697.130859375,41372,0.0,0.0
2022-03-15 00:00:00+09:00,18549.521931537827,18697.130859375,18352.710027754933,18697.130859375,20194,0.0,0.0
2022-03-16 00:00:00+09:00,18697.130408653848,18893.94230769231,18401.912560096156,18549.521484375,21498,0.0,0.0
2022-03-17 00:00:00+09:00,18746.333534846228,18795.536510003305,18549.521634217923,18598.724609375,16695,0.0,0.0
2022-03-18 00:00:00+09:00,18746.334280148498,18943.146188601502,18647.928325921996,18844.740234375,15391,0.0,0.0
2022-03-21 00:00:00+09:00,19041.55196795886,19582.784711234177,18992.34899129747,19435.17578125,36866,0.0,0.0
2022-03-22 00:00:00+09:00,19582.784860321968,19582.784860321968,19139.958066998104,19484.37890625,16510,0.0,0.0
2022-03-23 00:00:00+09:00,19385.972804588608,19533.581734572785,19287.566851265823,19435.17578125,16746,0.0,0.0
2022-03-24 00:00:00+09:00,19287.56699810606,19533.581883285984,19139.958066998104,19484.37890625,11572,0.0,0.0
2022-03-25 00:00:00+09:00,19533.58128388074,19533.58128388074,19189.160455197703,19287.56640625,15339,0.0,0.0
2022-03-28 00:00:00+09:00,19238.36435166396,19287.567329545454,18943.146484375,18943.146484375,22706,0.0,0.0
2022-03-29 00:00:00+09:00,18992.34916571475,18992.34916571475,18598.725348808744,18844.740234375,30506,0.0,0.0
2022-03-30 00:00:00+09:00,18844.74038187663,18893.943359375,18746.334426879883,18893.943359375,12963,0.0,0.0
2022-03-31 00:00:00+09:00,18893.94321148825,18893.94321148825,18647.928325921996,18844.740234375,10173,0.0,0.0
2022-04-01 00:00:00+09:00,18893.942913385825,18943.145889722768,18697.131008038057,18746.333984375,18308,0.0,0.0
2022-04-04 00:00:00+09:00,18795.53725726175,18844.740234375,18647.928325921996,18844.740234375,13697,0.0,0.0
2022-04-05 00:00:00+09:00,18844.739485160382,18844.739485160382,18500.318659060846,18598.724609375,26706,0.0,0.0
2022-04-06 00:00:00+09:00,18549.522702452956,18549.522702452956,18106.695900537634,18303.5078125,34528,0.0,0.0
2022-04-07 00:00:00+09:00,18106.69455922865,18205.10050792011,17467.05589273416,17860.6796875,46364,0.0,0.0
2022-04-08 00:00:00+09:00,17860.680754332985,17860.680754332985,17221.042049632353,17565.462890625,41321,0.0,0.0
2022-04-11 00:00:00+09:00,17565.46246105205,17565.46246105205,16286.185082936216,16778.21484375,63255,0.0,0.0
2022-04-12 00:00:00+09:00,16729.011341106496,16778.21431563916,16236.981595779833,16286.1845703125,39918,0.0,0.0
2022-04-13 00:00:00+09:00,16335.387767330385,16778.214544155606,16335.387767330385,16679.80859375,19880,0.0,0.0
2022-04-14 00:00:00+09:00,16827.41796875,16876.62094526681,16679.80903919956,16827.41796875,11588,0.0,0.0
2022-04-15 00:00:00+09:00,16827.41751935841,16827.41751935841,16433.79371773599,16679.80859375,16614,0.0,0.0
2022-04-18 00:00:00+09:00,16679.808443509617,16679.808443509617,15990.966796875,15990.966796875,61515,0.0,0.0
2022-04-19 00:00:00+09:00,15990.966796875,16138.575721153848,15695.748948317309,15990.966796875,51974,0.0,0.0
2022-04-20 00:00:00+09:00,16138.576022553516,16138.576022553516,15843.358168482417,16089.373046875,19354,0.0,0.0
2022-04-21 00:00:00+09:00,16089.373046875,16187.778998232034,15941.76411983945,16089.373046875,10574,0.0,0.0
2022-04-22 00:00:00+09:00,16040.170453995743,16089.37343084849,15744.952592879257,15892.5615234375,28748,0.0,0.0
2022-04-25 00:00:00+09:00,15695.749704258675,16187.77947555205,15498.937795741325,15597.34375,19995,0.0,0.0
2022-04-26 00:00:00+09:00,15597.343222045898,15941.764050292968,15449.734295654296,15744.9521484375,22952,0.0,0.0
2022-04-27 00:00:00+09:00,15744.952681388013,15794.15565851735,15449.734818611987,15597.34375,20654,0.0,0.0
2022-04-28 00:00:00+09:00,15646.546277866242,15695.749253582802,15302.125447850318,15449.734375,21882,0.0,0.0
2022-04-29 00:00:00+09:00,15351.328201593136,15449.73415160335,14760.892501531862,15056.1103515625,36098,0.0,0.0
2022-05-03 00:00:00+09:00,14957.704173657718,14957.704173657718,14613.283353869547,14662.486328125,20675,0.0,0.0
2022-05-04 00:00:00+09:00,14662.486943122836,14711.68991944204,14170.457179930796,14219.66015625,40229,0.0,0.0
2022-05-06 00:00:00+09:00,13973.645209995568,14170.457114361703,13776.833305629434,13875.2392578125,27393,0.0,0.0
2022-05-10 00:00:00+09:00,12595.961753731344,13235.600436538014,12546.75877813083,13186.3974609375,45680,0.0,0.0
2022-05-11 00:00:00+09:00,12989.585688164894,14318.066042636305,12989.585688164894,13875.2392578125,60952,0.0,0.0
2022-05-12 00:00:00+09:00,13924.44218153626,13924.44218153626,12694.367783874046,12891.1796875,40990,0.0,0.0
2022-05-13 00:00:00+09:00,12940.382287505874,13383.209057800752,12841.976338551456,13087.9912109375,9364,0.0,0.0
2022-05-16 00:00:00+09:00,13087.991676330566,13284.803581237793,12595.9619140625,12595.9619140625,16634,0.0,0.0
2022-05-17 00:00:00+09:00,12694.367783874046,12891.1796875,12645.164807967558,12891.1796875,12126,0.0,0.0
2022-05-18 00:00:00+09:00,13235.60064962636,15252.922681725544,12645.164932914402,13580.021484375,354110,0.0,0.0
2022-05-19 00:00:00+09:00,13137.194113338695,14022.847649069394,13038.788164924174,13383.208984375,48291,0.0,0.0
2022-05-20 00:00:00+09:00,13481.615234375,13678.427135606753,13284.803333143249,13481.615234375,15184,0.0,0.0
2022-05-23 00:00:00+09:00,13530.818209682939,13629.224160298814,13235.60035783531,13481.615234375,12878,0.0,0.0
2022-05-24 00:00:00+09:00,13432.412790446264,13875.2395857357,13334.0068359375,13334.0068359375,26436,0.0,0.0
2022-05-25 00:00:00+09:00,13284.803035960478,13432.411958582261,13137.194113338695,13383.208984375,10196,0.0,0.0
2022-05-26 00:00:00+09:00,13284.803035960478,13629.223855411305,13284.803035960478,13383.208984375,8050,0.0,0.0
2022-05-27 00:00:00+09:00,13432.412109375,13727.629957932693,13284.803185096154,13432.412109375,9341,0.0,0.0
2022-05-30 00:00:00+09:00,13580.021335227273,13629.224311079546,13383.209431818183,13530.818359375,9163,0.0,0.0
2022-05-31 00:00:00+09:00,13432.412407670456,13580.021335227273,13383.209431818183,13530.818359375,12424,0.0,0.0
2022-06-02 00:00:00+09:00,13530.81859447338,13629.224547887732,13284.8037109375,13284.8037109375,13042,0.0,0.0
2022-06-03 00:00:00+09:00,13284.8037109375,13383.209664351853,13186.39775752315,13284.8037109375,8120,0.0,0.0
2022-06-07 00:00:00+09:00,13383.209134615385,13383.209134615385,12792.7734375,12792.7734375,11600,0.0,0.0
2022-06-08 00:00:00+09:00,12841.976795196533,12940.382747650146,12546.758937835693,12595.9619140625,16479,0.0,0.0
2022-06-09 00:00:00+09:00,12497.555361793155,12645.164283389136,12300.743466331845,12399.1494140625,12177,0.0,0.0
2022-06-10 00:00:00+09:00,12399.150334821428,12448.353312340561,11907.120559630102,12054.7294921875,22545,0.0,0.0
2022-06-13 00:00:00+09:00,11562.698834174502,11857.91667674917,11070.669096550055,11119.8720703125,39556,0.0,0.0
2022-06-14 00:00:00+09:00,10726.248569421601,11316.68427049068,10726.248569421601,11218.2783203125,50946,0.0,0.0
2022-06-15 00:00:00+09:00,11218.278483072916,11710.30824110243,10627.8427734375,10627.8427734375,27140,0.0,0.0
2022-06-16 00:00:00+09:00,10824.654369889018,10972.263293114778,10431.030574620327,10529.4365234375,11598,0.0,0.0
2022-06-17 00:00:00+09:00,10086.609897347384,10677.045598655523,9840.595021802324,10578.6396484375,32641,0.0,0.0
2022-06-20 00:00:00+09:00,10578.639331054688,10726.248251953126,9742.188779296876,9840.5947265625,29249,0.0,0.0
2022-06-21 00:00:00+09:00,9761.870701219512,10185.01630621189,9761.870701219512,10086.6103515625,14328,0.0,0.0
2022-06-22 00:00:00+09:00,10086.6096711063,10185.015619117094,9624.101715455572,9801.232421875,25327,0.0,0.0
2022-06-23 00:00:00+09:00,9939.001554099463,9939.001554099463,8954.941994287634,9151.75390625,33276,0.0,0.0
2022-06-24 00:00:00+09:00,9151.753807891188,9594.580605047213,9063.188448459983,9574.8994140625,19223,0.0,0.0
2022-06-27 00:00:00+09:00,9574.898960589418,10037.406926825495,9574.898960589418,9939.0009765625,12614,0.0,0.0
2022-06-28 00:00:00+09:00,9939.000901442309,10627.842548076924,9939.000901442309,10234.21875,29921,0.0,0.0
2022-06-29 00:00:00+09:00,10332.625,10529.436904761904,10185.01607142857,10332.625,19760,0.0,0.0
2022-06-30 00:00:00+09:00,10234.218672263682,10332.624621035447,9889.7978515625,9889.7978515625,10696,0.0,0.0
2022-07-01 00:00:00+09:00,9840.594797036083,10086.609666961986,9545.376953125,9545.376953125,11233,0.0,0.0
2022-07-04 00:00:00+09:00,9476.49309035967,9781.55153875131,9122.23166642099,9387.927734375,21507,0.0,0.0
2022-07-05 00:00:00+09:00,9348.565275905843,9889.798002405654,9348.565275905843,9811.0732421875,23350,0.0,0.0
2022-07-06 00:00:00+09:00,9939.001511463568,9939.001511463568,9692.986622565953,9791.392578125,5030,0.0,0.0
2022-07-07 00:00:00+09:00,9791.391902790734,9939.000825948384,9535.536435984142,9889.7978515625,8861,0.0,0.0
2022-07-08 00:00:00+09:00,9939.001125692734,10037.407077432266,9889.798149822967,9988.2041015625,8145,0.0,0.0
2022-07-11 00:00:00+09:00,10185.016156364889,10283.422109566482,9840.595320159313,10037.4072265625,5715,0.0,0.0
2022-07-12 00:00:00+09:00,9801.233083079269,10135.813328887196,9653.624151105183,10086.6103515625,17572,0.0,0.0
2022-07-13 00:00:00+09:00,9889.79844226372,10185.01630621189,9889.79844226372,10086.6103515625,7498,0.0,0.0
2022-07-14 00:00:00+09:00,10185.015775240385,10332.62469951923,10037.406850961539,10234.21875,8869,0.0,0.0
2022-07-15 00:00:00+09:00,10283.421573067633,10332.62454710145,9889.797780797102,10185.015625,5928,0.0,0.0
2022-07-18 00:00:00+09:00,10234.218529929578,10480.2333984375,10135.812582526409,10480.2333984375,14359,0.0,0.0
2022-07-19 00:00:00+09:00,10480.234227594341,10480.234227594341,10332.625294811322,10431.03125,2405,0.0,0.0
2022-07-20 00:00:00+09:00,10529.436673328488,10627.842623546512,10431.030723110465,10578.6396484375,9692,0.0,0.0
2022-07-21 00:00:00+09:00,10578.6396484375,10726.248573764535,10381.827748001453,10578.6396484375,6468,0.0,0.0
2022-07-22 00:00:00+09:00,10578.6396484375,10627.842623546512,10381.827748001453,10578.6396484375,7730,0.0,0.0
2022-07-25 00:00:00+09:00,10726.248266945422,10726.248266945422,10381.82745103433,10480.2333984375,5789,0.0,0.0
2022-07-26 00:00:00+09:00,10627.842703349283,10627.842703349283,10135.812948564593,10283.421875,7567,0.0,0.0
2022-07-27 00:00:00+09:00,10332.624918619791,10627.8427734375,10135.813015407986,10627.8427734375,7559,0.0,0.0
2022-07-28 00:00:00+09:00,10627.8427734375,10677.045749240451,10480.233846028646,10627.8427734375,5499,0.0,0.0
2022-07-29 00:00:00+09:00,10627.842921947005,10726.248874927996,10529.436968966014,10677.0458984375,10521,0.0,0.0
2022-08-01 00:00:00+09:00,10775.451548873547,10775.451548873547,10578.6396484375,10578.6396484375,9892,0.0,0.0
2022-08-02 00:00:00+09:00,10578.63934584067,10677.045293243838,10381.82745103433,10480.2333984375,3465,0.0,0.0
2022-08-03 00:00:00+09:00,10529.436372139084,10529.436372139084,10332.624477332747,10480.2333984375,7959,0.0,0.0
2022-08-04 00:00:00+09:00,10480.233846028646,10873.857652452256,10480.233846028646,10627.8427734375,15831,0.0,0.0
2022-08-05 00:00:00+09:00,10775.451240647008,10775.451240647008,10431.030424735916,10480.2333984375,18499,0.0,0.0
2022-08-08 00:00:00+09:00,10480.233928571428,10529.436904761904,10234.219047619048,10332.625,6863,0.0,0.0
2022-08-09 00:00:00+09:00,10234.219047619048,10381.827976190476,10086.610119047618,10332.625,11489,0.0,0.0
2022-08-10 00:00:00+09:00,10135.813179764093,10283.422109566482,10037.4072265625,10037.4072265625,10580,0.0,0.0
2022-08-11 00:00:00+09:00,10234.219283536586,10234.219283536586,9988.20439691311,10086.6103515625,9240,0.0,0.0
2022-08-12 00:00:00+09:00,9988.20439691311,10135.813328887196,9939.001419588416,10086.6103515625,9150,0.0,0.0
2022-08-16 00:00:00+09:00,10185.015853223733,10185.015853223733,9761.870267051154,9811.0732421875,51282,0.0,0.0
2022-08-17 00:00:00+09:00,9683.145432692309,9811.073167067309,9643.783052884615,9722.5078125,14489,0.0,0.0
2022-08-18 00:00:00+09:00,9692.986324210922,9840.595253006013,9624.10215743988,9820.9140625,19808,0.0,0.0
2022-08-19 00:00:00+09:00,9722.507961983887,9820.913913016113,9722.507961983887,9771.7109375,3778,0.0,0.0
2022-08-22 00:00:00+09:00,9643.782751789366,9643.782751789366,9545.376805342536,9624.1015625,10348,0.0,0.0
2022-08-23 00:00:00+09:00,9368.246833418629,9673.30529122953,9368.246833418629,9614.26171875,8550,0.0,0.0
2022-08-24 00:00:00+09:00,9643.782979633084,9939.000825948384,9545.377030861318,9889.7978515625,7514,0.0,0.0
2022-08-25 00:00:00+09:00,10037.40677472015,10037.40677472015,9830.75428229944,9889.7978515625,3247,0.0,0.0
2022-08-26 00:00:00+09:00,9889.797700195313,10037.40662109375,9820.913537109376,9840.5947265625,5865,0.0,0.0
2022-08-29 00:00:00+09:00,9486.333978377686,9712.66767288255,9476.493382964432,9614.26171875,6505,0.0,0.0
2022-08-30 00:00:00+09:00,9446.97159090909,9781.551834753787,9446.97159090909,9742.189453125,5876,0.0,0.0
2022-08-31 00:00:00+09:00,9742.189304409898,9781.551685437817,9653.623947097081,9692.986328125,1571,0.0,0.0
2022-09-01 00:00:00+09:00,9643.7833518401,9830.754661722716,9643.7833518401,9692.986328125,8307,0.0,0.0
2022-09-02 00:00:00+09:00,9643.7836526222,9820.914372772404,9565.058888110998,9663.46484375,8130,0.0,0.0
2022-09-05 00:00:00+09:00,9820.91376201923,9820.91376201923,9476.492938701924,9594.580078125,2859,0.0,0.0
2022-09-06 00:00:00+09:00,9732.348178620701,9732.348178620701,9555.21747365086,9584.7392578125,2370,0.0,0.0
2022-09-07 00:00:00+09:00,9456.8120499055,9565.058597823254,9397.768478314,9437.130859375,9761,0.0,0.0
2022-09-08 00:00:00+09:00,9358.406024876644,9437.130786389802,9299.362453741776,9348.5654296875,9394,0.0,0.0
2022-09-13 00:00:00+09:00,9348.5654296875,9515.85554790296,9319.043644120065,9348.5654296875,15588,0.0,0.0
2022-09-14 00:00:00+09:00,9053.34705723542,9151.753003509719,8964.781705588552,9112.390625,13403,0.0,0.0
2022-09-15 00:00:00+09:00,9210.797488413304,9210.797488413304,8994.304385053163,9023.826171875,6928,0.0,0.0
2022-09-16 00:00:00+09:00,8895.898420698924,9151.75390625,8895.898420698924,9151.75390625,10654,0.0,0.0
2022-09-19 00:00:00+09:00,9073.028851123208,9132.072422822492,8905.738731308573,8925.419921875,6957,0.0,0.0
2022-09-20 00:00:00+09:00,8925.41999330479,9053.34773301037,8925.41999330479,9013.9853515625,3066,0.0,0.0
2022-09-21 00:00:00+09:00,9013.985202559,9053.347583356202,8915.579250566,8964.7822265625,1263,0.0,0.0
2022-09-22 00:00:00+09:00,8758.129733845339,8915.579257150424,8679.404972192797,8708.9267578125,7425,0.0,0.0
2022-09-23 00:00:00+09:00,8708.926532451924,8827.013671875,8266.099759615385,8315.302734375,18496,0.0,0.0
2022-09-26 00:00:00+09:00,7990.563370521622,8256.259443186751,7754.389083708175,7793.75146484375,27761,0.0,0.0
2022-09-27 00:00:00+09:00,7616.620842112399,7754.389177757844,7360.765361628004,7370.60595703125,28941,0.0,0.0
2022-09-28 00:00:00+09:00,7380.446293183017,7419.808673413327,6947.460110649613,6996.6630859375,19742,0.0,0.0
2022-09-29 00:00:00+09:00,7006.503917638484,7222.997016217201,6740.807842110058,6750.6484375,23384,0.0,0.0
2022-09-30 00:00:00+09:00,6563.67705078125,6829.373123301631,6553.836455502717,6790.0107421875,16296,0.0,0.0
2022-10-04 00:00:00+09:00,6829.372824126391,7075.3876953125,6829.372824126391,7075.3876953125,8860,0.0,0.0
2022-10-05 00:00:00+09:00,7232.83740647589,7262.359191808445,6937.619553150344,6976.98193359375,12777,0.0,0.0
2022-10-06 00:00:00+09:00,6976.981858262842,7075.387808308862,6976.981858262842,7016.34423828125,14398,0.0,0.0
2022-10-07 00:00:00+09:00,7016.344352236563,7016.344352236563,6829.373044112447,6957.30078125,5303,0.0,0.0
2022-10-11 00:00:00+09:00,6809.691823111008,6888.416584071829,6553.83634998834,6593.19873046875,12277,0.0,0.0
2022-10-12 00:00:00+09:00,6494.792557104821,6593.198504939743,6268.458877084501,6583.35791015625,8962,0.0,0.0
2022-10-13 00:00:00+09:00,6475.111402785742,6543.995566645164,6357.024264741017,6435.7490234375,5709,0.0,0.0
2022-10-14 00:00:00+09:00,6435.749060882381,6553.8361996141675,6386.546086410804,6416.06787109375,40100,0.0,0.0
2022-10-17 00:00:00+09:00,6327.502664365725,6484.952186340611,6317.662069242295,6465.27099609375,12066,0.0,0.0
2022-10-18 00:00:00+09:00,6583.3579474910985,6593.198542330398,6475.111404258808,6563.6767578125,16176,0.0,0.0
2022-10-19 00:00:00+09:00,6583.357985775027,6711.2857194298485,6524.31441639588,6671.92333984375,18033,0.0,0.0
2022-10-20 00:00:00+09:00,6603.039175568077,6681.763934740275,6563.676795981978,6671.92333984375,4891,0.0,0.0
2022-10-21 00:00:00+09:00,6553.836502490087,6612.880074584592,6504.633525744666,6514.47412109375,6881,0.0,0.0
2022-10-24 00:00:00+09:00,6563.677130734584,6662.083084718611,6563.677130734584,6622.720703125,9421,0.0,0.0
2022-10-25 00:00:00+09:00,6622.720741692669,6691.604909882638,6583.358359869831,6603.03955078125,3455,0.0,0.0
2022-10-26 00:00:00+09:00,6681.764275515417,6681.764275515417,6553.836535336181,6622.720703125,2295,0.0,0.0
2022-10-27 00:00:00+09:00,6681.7638622695595,6839.21337890625,6632.560888320593,6839.21337890625,8687,0.0,0.0
2022-10-28 00:00:00+09:00,6839.213529584015,6908.097694630185,6701.445199491675,6760.48876953125,10063,0.0,0.0
2022-10-31 00:00:00+09:00,6858.894681490385,6917.938251201924,6770.329326923077,6908.09765625,2843,0.0,0.0
2022-11-01 00:00:00+09:00,6927.778771246459,7036.025314547185,6829.372822791253,6947.4599609375,6990,0.0,0.0
2022-11-02 00:00:00+09:00,6957.300631009615,7006.503605769231,6868.735276442308,6908.09765625,1997,0.0,0.0
2022-11-03 00:00:00+09:00,6839.213416249549,6878.575795623647,6750.648062657828,6819.5322265625,2213,0.0,0.0
2022-11-04 00:00:00+09:00,6819.532605229591,6819.532605229591,6691.60486516035,6750.6484375,5673,0.0,0.0
2022-11-07 00:00:00+09:00,6760.489065162078,6908.0979967158355,6750.648469725161,6858.89501953125,7016,0.0,0.0
2022-11-08 00:00:00+09:00,6986.822378671984,7055.70654296875,6937.619404174294,7055.70654296875,7033,0.0,0.0
2022-11-09 00:00:00+09:00,7085.228515625,7173.793872070312,7036.025539822049,7085.228515625,5487,0.0,0.0
2022-11-10 00:00:00+09:00,7163.952996776085,9141.91254671014,7095.0688333455455,8394.02734375,853898,0.0,0.0
2022-11-11 00:00:00+09:00,8394.027493990385,9151.753305288463,8295.621544471154,8443.23046875,185398,0.0,0.0
2022-11-14 00:00:00+09:00,8443.230243126458,8531.795595327085,8266.099538725204,8433.3896484375,53712,0.0,0.0
2022-11-15 00:00:00+09:00,8462.911877648305,8935.26044756356,8462.911877648305,8708.9267578125,66005,0.0,0.0
2022-11-16 00:00:00+09:00,8738.448611493935,8925.419921875,8531.796110546444,8925.419921875,36841,0.0,0.0
2022-11-17 00:00:00+09:00,8925.419770321038,9191.115838456284,8807.332628927596,9004.14453125,34833,0.0,0.0
2022-11-18 00:00:00+09:00,8964.781808428697,11513.495846170774,8964.781808428697,10480.2333984375,1189138,0.0,0.0
2022-11-21 00:00:00+09:00,10381.828039494529,11907.120310699886,10234.219110023041,10677.0458984375,821881,0.0,0.0
2022-11-22 00:00:00+09:00,10873.857261473431,10923.060235507246,10037.406702898552,10185.015625,118575,0.0,0.0
2022-11-23 00:00:00+09:00,10135.812650966183,10332.62454710145,9889.797780797102,10185.015625,50141,0.0,0.0
2022-11-24 00:00:00+09:00,10135.813436429795,10824.655126284246,10037.407480736301,10775.4521484375,87126,0.0,0.0
2022-11-25 00:00:00+09:00,10726.248421071845,10775.451395480432,10283.421651394567,10529.4365234375,47435,0.0,0.0
2022-11-28 00:00:00+09:00,10529.43667814047,10529.43667814047,9939.0009765625,9939.0009765625,54575,0.0,0.0
2022-11-29 00:00:00+09:00,9939.000901442309,10431.030649038463,9939.000901442309,10234.21875,50371,0.0,0.0
2022-11-30 00:00:00+09:00,10234.21875,10332.62469951923,10135.81280048077,10234.21875,21288,0.0,0.0
2022-12-01 00:00:00+09:00,10332.625,10529.436904761904,10283.422023809524,10332.625,20744,0.0,0.0
2022-12-02 00:00:00+09:00,10381.827674278846,10381.827674278846,10037.406850961539,10234.21875,20392,0.0,0.0
2022-12-05 00:00:00+09:00,10234.219047619048,10381.827976190476,10037.407142857142,10332.625,24455,0.0,0.0
2022-12-06 00:00:00+09:00,10480.234015969669,10480.234015969669,9939.001273360906,10037.4072265625,33586,0.0,0.0
2022-12-07 00:00:00+09:00,9988.2041015625,10234.21898091133,9988.2041015625,9988.2041015625,34664,0.0,0.0
2022-12-08 00:00:00+09:00,10135.813328887196,10332.625238185976,10037.407374237806,10086.6103515625,37614,0.0,0.0
2022-12-09 00:00:00+09:00,10135.813282060426,10234.219236255187,9427.290411858143,9486.333984375,77590,0.0,0.0
2022-12-12 00:00:00+09:00,9486.333457666578,9506.014647412774,9210.796801219833,9378.0869140625,31199,0.0,0.0
2022-12-13 00:00:00+09:00,9555.217922523372,10775.45172519371,9496.174351426422,9604.4208984375,316526,0.0,0.0
2022-12-14 00:00:00+09:00,9811.073777208503,9939.001519539206,9574.899483674899,9663.46484375,63243,0.0,0.0
2022-12-15 00:00:00+09:00,9840.594877176618,10726.248416122513,9692.985954018968,9889.7978515625,195822,0.0,0.0
2022-12-16 00:00:00+09:00,9742.188779296876,9988.203647460938,9702.826400390626,9840.5947265625,23302,0.0,0.0
2022-12-19 00:00:00+09:00,9840.5947265625,9939.000673828126,9791.391752929689,9840.5947265625,23503,0.0,0.0
2022-12-20 00:00:00+09:00,9889.79816187208,10135.81304152064,9456.811973690616,9476.4931640625,54829,0.0,0.0
2022-12-21 00:00:00+09:00,9525.695765513734,9781.55123028993,9525.695765513734,9673.3046875,16004,0.0,0.0
2022-12-22 00:00:00+09:00,9673.30468548647,9702.826469877578,9476.492789545748,9545.376953125,15189,0.0,0.0
2022-12-23 00:00:00+09:00,9545.37702584774,9545.37702584774,9210.796800199467,9250.1591796875,13873,0.0,0.0
2022-12-26 00:00:00+09:00,9151.753379216269,9387.927659970237,9112.390999090609,9299.3623046875,12069,0.0,0.0
2022-12-27 00:00:00+09:00,9210.797024442083,9378.087141339001,9200.9564293305,9260.0,18824,0.0,0.0
2022-12-28 00:00:00+09:00,9480.0,9600.0,9340.0,9560.0,13656,150.0,0.0
2022-12-29 00:00:00+09:00,9590.0,9590.0,9250.0,9370.0,16208,0.0,0.0
2023-01-02 00:00:00+09:00,9330.0,9840.0,9330.0,9770.0,26924,0.0,0.0
2023-01-03 00:00:00+09:00,9560.0,10200.0,9560.0,10050.0,54402,0.0,0.0
2023-01-04 00:00:00+09:00,10050.0,10400.0,9940.0,10300.0,41388,0.0,0.0
2023-01-05 00:00:00+09:00,10350.0,10450.0,10100.0,10300.0,18727,0.0,0.0
2023-01-06 00:00:00+09:00,10300.0,11450.0,10300.0,11200.0,227993,0.0,0.0
2023-01-09 00:00:00+09:00,11850.0,11950.0,11000.0,11100.0,231588,0.0,0.0
2023-01-10 00:00:00+09:00,11000.0,11200.0,10700.0,10800.0,54381,0.0,0.0
2023-01-11 00:00:00+09:00,10750.0,11100.0,10750.0,11050.0,48961,0.0,0.0
2023-01-12 00:00:00+09:00,10950.0,11100.0,10700.0,10950.0,50680,0.0,0.0
2023-01-13 00:00:00+09:00,10950.0,11300.0,10750.0,11300.0,60725,0.0,0.0
2023-01-16 00:00:00+09:00,11250.0,11400.0,11050.0,11250.0,39517,0.0,0.0
2023-01-17 00:00:00+09:00,11200.0,11550.0,11150.0,11250.0,34132,0.0,0.0
2023-01-18 00:00:00+09:00,11300.0,11550.0,11250.0,11450.0,38817,0.0,0.0
2023-01-19 00:00:00+09:00,11550.0,11900.0,11250.0,11400.0,55302,0.0,0.0
2023-01-20 00:00:00+09:00,11350.0,11600.0,11300.0,11500.0,29669,0.0,0.0
2023-01-25 00:00:00+09:00,11370.0,11510.0,11060.0,11310.0,128271,0.0,0.0
2023-01-26 00:00:00+09:00,11310.0,11310.0,11020.0,11100.0,37616,0.0,0.0
2023-01-27 00:00:00+09:00,11040.0,11410.0,11040.0,11190.0,33733,0.0,0.0
2023-01-30 00:00:00+09:00,11190.0,11470.0,11100.0,11350.0,33913,0.0,0.0
2023-01-31 00:00:00+09:00,11350.0,12300.0,11230.0,12300.0,135865,0.0,0.0
2023-02-01 00:00:00+09:00,12310.0,12560.0,12000.0,12350.0,80913,0.0,0.0
2023-02-02 00:00:00+09:00,12350.0,12950.0,12270.0,12650.0,107093,0.0,0.0
2023-02-03 00:00:00+09:00,12510.0,12790.0,12340.0,12700.0,52611,0.0,0.0
2023-02-06 00:00:00+09:00,12860.0,13200.0,12160.0,12770.0,121845,0.0,0.0
2023-02-07 00:00:00+09:00,12660.0,12970.0,12420.0,12590.0,55095,0.0,0.0
2023-02-08 00:00:00+09:00,12600.0,12680.0,12280.0,12340.0,49057,0.0,0.0
2023-02-09 00:00:00+09:00,12330.0,12340.0,12090.0,12190.0,34625,0.0,0.0
2023-02-10 00:00:00+09:00,12170.0,12420.0,11800.0,12300.0,56885,0.0,0.0
2023-02-13 00:00:00+09:00,12370.0,12370.0,12060.0,12180.0,16256,0.0,0.0
2023-02-14 00:00:00+09:00,12280.0,12320.0,12140.0,12150.0,20003,0.0,0.0
2023-02-15 00:00:00+09:00,12080.0,12430.0,12080.0,12250.0,45438,0.0,0.0
2023-02-16 00:00:00+09:00,12260.0,12340.0,12090.0,12120.0,34365,0.0,0.0
2023-02-17 00:00:00+09:00,12130.0,12170.0,11420.0,11440.0,57466,0.0,0.0
2023-02-20 00:00:00+09:00,11540.0,11540.0,11080.0,11510.0,33364,0.0,0.0
2023-02-21 00:00:00+09:00,11550.0,11770.0,11390.0,11720.0,25754,0.0,0.0
2023-02-22 00:00:00+09:00,11510.0,11720.0,11480.0,11720.0,13964,0.0,0.0
2023-02-23 00:00:00+09:00,11730.0,12000.0,11620.0,11700.0,21036,0.0,0.0
2023-02-24 00:00:00+09:00,11690.0,11750.0,11330.0,11470.0,38206,0.0,0.0
2023-02-27 00:00:00+09:00,11460.0,11460.0,11000.0,11280.0,20936,0.0,0.0
2023-02-28 00:00:00+09:00,11280.0,11650.0,11210.0,11580.0,35806,0.0,0.0
2023-03-02 00:00:00+09:00,11650.0,11790.0,11500.0,11600.0,20023,0.0,0.0
2023-03-03 00:00:00+09:00,11510.0,12350.0,11510.0,12160.0,78553,0.0,0.0
2023-03-06 00:00:00+09:00,12200.0,12660.0,12160.0,12350.0,74128,0.0,0.0
2023-03-07 00:00:00+09:00,12400.0,12650.0,12130.0,12350.0,64695,0.0,0.0
2023-03-08 00:00:00+09:00,12100.0,12550.0,12060.0,12120.0,43682,0.0,0.0
2023-03-09 00:00:00+09:00,12240.0,12240.0,11800.0,11930.0,34434,0.0,0.0
2023-03-10 00:00:00+09:00,11780.0,11790.0,11350.0,11530.0,36889,0.0,0.0
2023-03-13 00:00:00+09:00,11310.0,11650.0,11210.0,11620.0,41810,0.0,0.0
2023-03-14 00:00:00+09:00,11650.0,11650.0,10710.0,10790.0,56989,0.0,0.0
2023-03-15 00:00:00+09:00,10880.0,11070.0,10600.0,10650.0,34664,0.0,0.0
2023-03-16 00:00:00+09:00,10690.0,10690.0,9640.0,9710.0,109862,0.0,0.0
2023-03-17 00:00:00+09:00,9760.0,9820.0,9530.0,9770.0,43045,0.0,0.0
2023-03-20 00:00:00+09:00,9900.0,10960.0,9890.0,10450.0,179274,0.0,0.0
2023-03-21 00:00:00+09:00,10450.0,10450.0,10180.0,10280.0,28061,0.0,0.0
2023-03-22 00:00:00+09:00,10200.0,10630.0,10000.0,10630.0,58913,0.0,0.0
2023-03-23 00:00:00+09:00,10900.0,11400.0,10480.0,10500.0,236579,0.0,0.0
2023-03-24 00:00:00+09:00,10650.0,10650.0,10200.0,10390.0,50818,0.0,0.0
2023-03-27 00:00:00+09:00,10290.0,10480.0,10050.0,10100.0,26768,0.0,0.0
2023-03-28 00:00:00+09:00,10040.0,10360.0,10040.0,10300.0,31510,0.0,0.0
2023-03-29 00:00:00+09:00,10330.0,10370.0,10100.0,10300.0,25117,0.0,0.0
2023-03-30 00:00:00+09:00,10200.0,10520.0,10200.0,10250.0,26974,0.0,0.0
2023-03-31 00:00:00+09:00,10350.0,10350.0,9870.0,9990.0,43792,0.0,0.0
2023-04-03 00:00:00+09:00,9900.0,9980.0,8750.0,9000.0,170872,0.0,0.0
2023-04-04 00:00:00+09:00,8910.0,9020.0,8520.0,8680.0,95720,0.0,0.0
2023-04-05 00:00:00+09:00,8680.0,8830.0,8670.0,8690.0,30361,0.0,0.0
2023-04-06 00:00:00+09:00,8630.0,8680.0,8300.0,8420.0,78131,0.0,0.0
2023-04-07 00:00:00+09:00,8500.0,8750.0,8400.0,8470.0,58759,0.0,0.0
2023-04-10 00:00:00+09:00,8460.0,8460.0,8000.0,8200.0,57991,0.0,0.0
2023-04-11 00:00:00+09:00,8120.0,8380.0,8080.0,8380.0,36642,0.0,0.0
2023-04-12 00:00:00+09:00,8770.0,9000.0,8460.0,8690.0,164955,0.0,0.0
2023-04-13 00:00:00+09:00,8680.0,8910.0,8340.0,8420.0,82310,0.0,0.0
2023-04-14 00:00:00+09:00,8430.0,8890.0,8420.0,8760.0,80084,0.0,0.0
2023-04-17 00:00:00+09:00,8710.0,8710.0,8470.0,8580.0,24411,0.0,0.0
2023-04-18 00:00:00+09:00,8540.0,8550.0,8190.0,8240.0,34278,0.0,0.0
2023-04-19 00:00:00+09:00,8300.0,8300.0,8130.0,8170.0,24159,0.0,0.0
2023-04-20 00:00:00+09:00,8060.0,8180.0,7950.0,7950.0,48195,0.0,0.0
2023-04-21 00:00:00+09:00,7960.0,8060.0,7960.0,7990.0,20278,0.0,0.0
2023-04-24 00:00:00+09:00,7950.0,7990.0,7780.0,7840.0,24413,0.0,0.0
2023-04-25 00:00:00+09:00,7840.0,7840.0,7430.0,7440.0,40703,0.0,0.0
2023-04-26 00:00:00+09:00,7480.0,7610.0,7400.0,7490.0,8213,0.0,0.0
2023-04-27 00:00:00+09:00,7480.0,7530.0,7340.0,7500.0,6913,0.0,0.0
2023-04-28 00:00:00+09:00,7570.0,7580.0,7420.0,7470.0,11374,0.0,0.0
2023-05-02 00:00:00+09:00,7400.0,7470.0,7150.0,7390.0,17974,0.0,0.0
2023-05-03 00:00:00+09:00,7340.0,7520.0,7330.0,7380.0,8125,0.0,0.0
2023-05-04 00:00:00+09:00,7450.0,7450.0,7210.0,7320.0,9184,0.0,0.0
2023-05-08 00:00:00+09:00,7340.0,7810.0,7340.0,7680.0,33802,0.0,0.0
2023-05-09 00:00:00+09:00,7690.0,8400.0,7690.0,8330.0,115321,0.0,0.0
2023-05-10 00:00:00+09:00,8200.0,8400.0,7990.0,8100.0,38216,0.0,0.0
2023-05-11 00:00:00+09:00,8100.0,8190.0,8000.0,8170.0,16171,0.0,0.0
2023-05-12 00:00:00+09:00,8170.0,8170.0,7970.0,8170.0,21050,0.0,0.0
2023-05-15 00:00:00+09:00,8150.0,8170.0,7810.0,8060.0,17697,0.0,0.0
2023-05-16 00:00:00+09:00,7950.0,8070.0,7780.0,8070.0,9106,0.0,0.0
2023-05-17 00:00:00+09:00,8030.0,8130.0,7970.0,8130.0,15165,0.0,0.0
2023-05-18 00:00:00+09:00,8130.0,8320.0,8080.0,8320.0,18177,0.0,0.0
2023-05-19 00:00:00+09:00,8320.0,8320.0,8110.0,8250.0,24617,0.0,0.0
2023-05-22 00:00:00+09:00,8270.0,8390.0,8140.0,8360.0,33687,0.0,0.0
2023-05-23 00:00:00+09:00,8320.0,8370.0,8110.0,8160.0,26712,0.0,0.0
2023-05-24 00:00:00+09:00,8130.0,8190.0,8000.0,8190.0,12975,0.0,0.0
2023-05-25 00:00:00+09:00,8100.0,8200.0,8060.0,8200.0,9995,0.0,0.0
2023-05-26 00:00:00+09:00,8100.0,8200.0,8040.0,8160.0,8428,0.0,0.0
2023-05-30 00:00:00+09:00,8110.0,8200.0,8000.0,8110.0,13092,0.0,0.0
2023-05-31 00:00:00+09:00,8110.0,8150.0,7990.0,8130.0,14761,0.0,0.0
2023-06-01 00:00:00+09:00,8130.0,8170.0,8010.0,8170.0,5493,0.0,0.0
2023-06-02 00:00:00+09:00,8090.0,8140.0,8020.0,8090.0,9450,0.0,0.0
2023-06-05 00:00:00+09:00,8090.0,8120.0,7770.0,8120.0,12013,0.0,0.0
2023-06-07 00:00:00+09:00,8060.0,8120.0,8000.0,8090.0,8590,0.0,0.0
2023-06-08 00:00:00+09:00,8090.0,8170.0,7950.0,8130.0,19054,0.0,0.0
2023-06-09 00:00:00+09:00,8090.0,8450.0,8080.0,8420.0,64428,0.0,0.0
2023-06-12 00:00:00+09:00,8330.0,8330.0,8010.0,8260.0,23199,0.0,0.0
2023-06-13 00:00:00+09:00,8250.0,8430.0,8020.0,8200.0,17465,0.0,0.0
2023-06-14 00:00:00+09:00,8200.0,8200.0,7600.0,7890.0,32855,0.0,0.0
2023-06-15 00:00:00+09:00,7810.0,7930.0,7730.0,7920.0,13265,0.0,0.0
2023-06-16 00:00:00+09:00,7920.0,8050.0,7820.0,8050.0,23636,0.0,0.0
2023-06-19 00:00:00+09:00,8050.0,8120.0,7930.0,8120.0,10915,0.0,0.0
2023-06-20 00:00:00+09:00,7980.0,8130.0,7980.0,8130.0,6637,0.0,0.0
2023-06-21 00:00:00+09:00,8100.0,8120.0,7920.0,8050.0,9435,0.0,0.0
2023-06-22 00:00:00+09:00,7970.0,8000.0,7830.0,7980.0,5725,0.0,0.0
2023-06-23 00:00:00+09:00,7930.0,7940.0,7690.0,7760.0,16538,0.0,0.0
2023-06-26 00:00:00+09:00,7740.0,7740.0,7490.0,7560.0,21427,0.0,0.0
2023-06-27 00:00:00+09:00,7590.0,7590.0,7370.0,7490.0,13549,0.0,0.0
2023-06-28 00:00:00+09:00,7430.0,7740.0,7430.0,7720.0,18577,0.0,0.0
2023-06-29 00:00:00+09:00,7670.0,7960.0,7620.0,7900.0,20492,0.0,0.0
2023-06-30 00:00:00+09:00,7830.0,8040.0,7820.0,7990.0,17576,0.0,0.0
2023-07-03 00:00:00+09:00,8030.0,8040.0,7950.0,8020.0,8292,0.0,0.0
2023-07-04 00:00:00+09:00,7830.0,8060.0,7770.0,8040.0,24128,0.0,0.0
2023-07-06 00:00:00+09:00,7850.0,7860.0,7400.0,7600.0,16479,0.0,0.0
2023-07-07 00:00:00+09:00,7550.0,7790.0,7440.0,7710.0,33231,0.0,0.0
2023-07-10 00:00:00+09:00,7710.0,7930.0,7640.0,7930.0,15700,0.0,0.0
2023-07-12 00:00:00+09:00,8000.0,8040.0,7700.0,7890.0,11164,0.0,0.0
2023-07-13 00:00:00+09:00,7850.0,7890.0,7760.0,7840.0,7468,0.0,0.0
2023-07-14 00:00:00+09:00,7820.0,7830.0,7440.0,7520.0,60707,0.0,0.0
2023-07-17 00:00:00+09:00,7520.0,7550.0,7320.0,7540.0,12514,0.0,0.0
2023-07-18 00:00:00+09:00,7520.0,7520.0,7170.0,7340.0,31120,0.0,0.0
2023-07-19 00:00:00+09:00,7330.0,7330.0,7140.0,7250.0,13239,0.0,0.0
2023-07-20 00:00:00+09:00,7120.0,7200.0,6900.0,6910.0,41098,0.0,0.0
2023-07-21 00:00:00+09:00,6910.0,7070.0,6850.0,6920.0,15496,0.0,0.0
2023-07-24 00:00:00+09:00,6950.0,6950.0,6560.0,6560.0,36969,0.0,0.0
2023-07-25 00:00:00+09:00,6560.0,6610.0,6400.0,6410.0,14704,0.0,0.0
2023-07-26 00:00:00+09:00,6400.0,6450.0,5980.0,6150.0,42975,0.0,0.0
2023-07-27 00:00:00+09:00,6100.0,6290.0,6070.0,6200.0,27607,0.0,0.0
2023-07-28 00:00:00+09:00,6200.0,6600.0,6060.0,6480.0,16609,0.0,0.0
2023-07-31 00:00:00+09:00,6610.0,6850.0,6540.0,6850.0,17621,0.0,0.0
2023-08-01 00:00:00+09:00,6890.0,7060.0,6860.0,6860.0,17713,0.0,0.0
2023-08-02 00:00:00+09:00,6920.0,6960.0,6860.0,6960.0,16496,0.0,0.0
2023-08-03 00:00:00+09:00,6800.0,7150.0,6800.0,7070.0,31414,0.0,0.0
2023-08-04 00:00:00+09:00,7070.0,7480.0,7050.0,7280.0,27147,0.0,0.0
2023-08-07 00:00:00+09:00,7330.0,7360.0,7220.0,7300.0,15938,0.0,0.0
2023-08-08 00:00:00+09:00,7200.0,7360.0,7140.0,7250.0,11922,0.0,0.0
2023-08-09 00:00:00+09:00,7120.0,7140.0,6960.0,7090.0,8960,0.0,0.0
2023-08-10 00:00:00+09:00,7090.0,7330.0,7050.0,7330.0,8348,0.0,0.0
2023-08-11 00:00:00+09:00,7340.0,7350.0,7100.0,7350.0,8534,0.0,0.0
2023-08-14 00:00:00+09:00,7350.0,7350.0,6970.0,6970.0,18033,0.0,0.0
2023-08-16 00:00:00+09:00,7000.0,7000.0,6840.0,6920.0,13590,0.0,0.0
2023-08-17 00:00:00+09:00,6750.0,6900.0,6710.0,6840.0,7595,0.0,0.0
2023-08-18 00:00:00+09:00,6770.0,7410.0,6770.0,7350.0,39006,0.0,0.0
2023-08-21 00:00:00+09:00,7300.0,7670.0,7170.0,7250.0,46725,0.0,0.0
2023-08-22 00:00:00+09:00,7290.0,7500.0,7210.0,7290.0,29768,0.0,0.0
2023-08-23 00:00:00+09:00,7320.0,7420.0,7230.0,7240.0,9840,0.0,0.0
2023-08-24 00:00:00+09:00,7170.0,7300.0,7170.0,7280.0,8878,0.0,0.0
2023-08-25 00:00:00+09:00,7280.0,7340.0,7220.0,7240.0,5903,0.0,0.0
2023-08-28 00:00:00+09:00,7240.0,7450.0,7230.0,7330.0,7988,0.0,0.0
2023-08-29 00:00:00+09:00,7330.0,7450.0,7330.0,7390.0,8819,0.0,0.0
2023-08-30 00:00:00+09:00,7390.0,7650.0,7380.0,7590.0,11500,0.0,0.0
2023-08-31 00:00:00+09:00,7550.0,7620.0,7520.0,7580.0,7958,0.0,0.0
2023-09-01 00:00:00+09:00,7580.0,7710.0,7500.0,7660.0,14720,0.0,0.0
2023-09-04 00:00:00+09:00,7660.0,7760.0,7520.0,7710.0,13362,0.0,0.0
2023-09-05 00:00:00+09:00,7710.0,7730.0,7610.0,7710.0,10822,0.0,0.0
2023-09-06 00:00:00+09:00,7710.0,7710.0,7640.0,7650.0,4040,0.0,0.0
2023-09-07 00:00:00+09:00,7640.0,7640.0,7540.0,7590.0,10316,0.0,0.0
2023-09-08 00:00:00+09:00,7580.0,7610.0,7510.0,7590.0,3867,0.0,0.0
2023-09-11 00:00:00+09:00,7590.0,7720.0,7590.0,7710.0,6999,0.0,0.0
2023-09-12 00:00:00+09:00,7700.0,7720.0,7640.0,7650.0,8386,0.0,0.0
2023-09-13 00:00:00+09:00,7560.0,7670.0,7510.0,7520.0,14192,0.0,0.0
2023-09-14 00:00:00+09:00,7500.0,7590.0,7440.0,7590.0,6175,0.0,0.0
2023-09-15 00:00:00+09:00,7660.0,7690.0,7600.0,7690.0,2885,0.0,0.0
2023-09-18 00:00:00+09:00,7690.0,7750.0,7680.0,7680.0,8751,0.0,0.0
2023-09-19 00:00:00+09:00,7630.0,7680.0,7590.0,7610.0,24041,0.0,0.0
2023-09-20 00:00:00+09:00,7510.0,7700.0,7510.0,7670.0,3078,0.0,0.0
2023-09-21 00:00:00+09:00,7650.0,7730.0,7550.0,7590.0,6140,0.0,0.0
2023-09-22 00:00:00+09:00,7540.0,7680.0,7540.0,7590.0,14022,0.0,0.0
2023-09-25 00:00:00+09:00,7590.0,7780.0,7580.0,7780.0,15393,0.0,0.0
2023-09-26 00:00:00+09:00,7720.0,7790.0,7720.0,7780.0,12357,0.0,0.0
2023-09-27 00:00:00+09:00,7700.0,8000.0,7700.0,8000.0,24666,0.0,0.0
2023-10-04 00:00:00+09:00,7970.0,8170.0,7870.0,8050.0,20942,0.0,0.0
2023-10-05 00:00:00+09:00,7980.0,8140.0,7930.0,8100.0,12774,0.0,0.0
2023-10-06 00:00:00+09:00,8150.0,8150.0,8000.0,8080.0,14213,0.0,0.0
2023-10-10 00:00:00+09:00,8160.0,8240.0,8020.0,8030.0,14948,0.0,0.0
2023-10-11 00:00:00+09:00,8030.0,8180.0,7950.0,8100.0,6257,0.0,0.0
2023-10-12 00:00:00+09:00,8180.0,8430.0,8170.0,8330.0,17706,0.0,0.0
2023-10-13 00:00:00+09:00,8330.0,8580.0,8230.0,8570.0,34547,0.0,0.0
2023-10-16 00:00:00+09:00,8510.0,9000.0,8380.0,8870.0,80909,0.0,0.0
2023-10-17 00:00:00+09:00,8870.0,9320.0,8700.0,8740.0,99277,0.0,0.0
2023-10-18 00:00:00+09:00,8740.0,9010.0,8660.0,8810.0,28309,0.0,0.0
2023-10-19 00:00:00+09:00,8730.0,8730.0,8220.0,8390.0,21633,0.0,0.0
2023-10-20 00:00:00+09:00,8220.0,8310.0,8000.0,8270.0,17547,0.0,0.0
2023-10-23 00:00:00+09:00,8120.0,8320.0,8080.0,8080.0,7731,0.0,0.0
2023-10-24 00:00:00+09:00,8090.0,8110.0,7670.0,8060.0,23158,0.0,0.0
2023-10-25 00:00:00+09:00,8100.0,8260.0,8030.0,8260.0,8774,0.0,0.0
2023-10-26 00:00:00+09:00,8170.0,8170.0,7860.0,7910.0,11047,0.0,0.0
2023-10-27 00:00:00+09:00,7900.0,8100.0,7840.0,8090.0,3593,0.0,0.0
2023-10-30 00:00:00+09:00,8090.0,8160.0,8000.0,8010.0,6714,0.0,0.0
2023-10-31 00:00:00+09:00,8080.0,8230.0,7940.0,8210.0,12777,0.0,0.0
2023-11-01 00:00:00+09:00,8300.0,8680.0,8220.0,8670.0,20758,0.0,0.0
2023-11-02 00:00:00+09:00,8670.0,8740.0,8520.0,8660.0,14632,0.0,0.0
2023-11-03 00:00:00+09:00,8700.0,8700.0,8490.0,8680.0,14277,0.0,0.0
2023-11-06 00:00:00+09:00,8760.0,8760.0,8540.0,8600.0,15275,0.0,0.0
2023-11-07 00:00:00+09:00,8600.0,8660.0,8350.0,8640.0,9187,0.0,0.0
2023-11-08 00:00:00+09:00,8710.0,8880.0,8680.0,8810.0,18847,0.0,0.0
2023-11-09 00:00:00+09:00,8800.0,8990.0,8800.0,8980.0,17567,0.0,0.0
2023-11-10 00:00:00+09:00,8960.0,8980.0,8740.0,8880.0,13307,0.0,0.0
2023-11-13 00:00:00+09:00,9020.0,9020.0,8600.0,8880.0,11485,0.0,0.0
2023-11-14 00:00:00+09:00,8840.0,8920.0,8650.0,8770.0,6429,0.0,0.0
2023-11-15 00:00:00+09:00,8770.0,8870.0,8680.0,8830.0,10103,0.0,0.0
2023-11-16 00:00:00+09:00,8800.0,8850.0,8670.0,8690.0,6005,0.0,0.0
2023-11-17 00:00:00+09:00,8690.0,8760.0,8310.0,8350.0,17514,0.0,0.0
2023-11-20 00:00:00+09:00,8250.0,8440.0,8140.0,8230.0,20635,0.0,0.0
2023-11-21 00:00:00+09:00,8250.0,8250.0,7950.0,8090.0,16666,0.0,0.0
2023-11-22 00:00:00+09:00,8080.0,8300.0,8010.0,8300.0,9282,0.0,0.0
2023-11-23 00:00:00+09:00,8310.0,8490.0,8230.0,8360.0,6199,0.0,0.0
2023-11-24 00:00:00+09:00,8370.0,8390.0,8270.0,8340.0,5615,0.0,0.0
2023-11-27 00:00:00+09:00,8460.0,8460.0,8100.0,8250.0,11404,0.0,0.0
2023-11-28 00:00:00+09:00,8280.0,8320.0,7850.0,8230.0,6567,0.0,0.0
2023-11-29 00:00:00+09:00,8230.0,8240.0,8070.0,8200.0,6653,0.0,0.0
2023-11-30 00:00:00+09:00,8210.0,8230.0,8090.0,8190.0,1993,0.0,0.0
2023-12-01 00:00:00+09:00,8260.0,8260.0,8050.0,8060.0,6597,0.0,0.0
2023-12-04 00:00:00+09:00,8080.0,8080.0,7280.0,7410.0,68376,0.0,0.0
2023-12-05 00:00:00+09:00,7440.0,7620.0,7140.0,7230.0,31382,0.0,0.0
2023-12-06 00:00:00+09:00,7250.0,7340.0,7170.0,7180.0,17778,0.0,0.0
2023-12-07 00:00:00+09:00,7210.0,7570.0,7180.0,7460.0,19463,0.0,0.0
2023-12-08 00:00:00+09:00,7470.0,7500.0,7350.0,7500.0,11147,0.0,0.0
2023-12-11 00:00:00+09:00,7500.0,7600.0,7380.0,7530.0,5801,0.0,0.0
2023-12-12 00:00:00+09:00,7480.0,7530.0,7250.0,7380.0,10884,0.0,0.0
2023-12-13 00:00:00+09:00,7380.0,7460.0,7300.0,7380.0,3838,0.0,0.0
2023-12-14 00:00:00+09:00,7380.0,7470.0,7200.0,7470.0,11308,0.0,0.0
2023-12-15 00:00:00+09:00,7470.0,7520.0,7410.0,7490.0,3848,0.0,0.0
2023-12-18 00:00:00+09:00,7480.0,7590.0,7440.0,7540.0,11712,0.0,0.0
2023-12-19 00:00:00+09:00,7540.0,7620.0,7370.0,7500.0,12116,0.0,0.0
2023-12-20 00:00:00+09:00,7550.0,7590.0,7370.0,7490.0,7109,0.0,0.0
2023-12-21 00:00:00+09:00,7490.0,7560.0,7400.0,7450.0,10748,0.0,0.0
2023-12-22 00:00:00+09:00,7520.0,7600.0,7360.0,7550.0,15760,0.0,0.0
2023-12-26 00:00:00+09:00,7680.0,7750.0,7550.0,7750.0,16512,0.0,0.0
2023-12-27 00:00:00+09:00,7770.0,7860.0,7720.0,7800.0,24190,0.0,0.0
2023-12-28 00:00:00+09:00,7890.0,7930.0,7850.0,7930.0,27413,0.0,0.0
2024-01-02 00:00:00+09:00,7950.0,7990.0,7850.0,7980.0,10032,0.0,0.0
2024-01-03 00:00:00+09:00,8000.0,8000.0,7680.0,7770.0,27769,0.0,0.0
2024-01-04 00:00:00+09:00,7810.0,7870.0,7720.0,7870.0,12809,0.0,0.0
2024-01-05 00:00:00+09:00,7880.0,7880.0,7750.0,7840.0,10268,0.0,0.0
2024-01-08 00:00:00+09:00,7790.0,7900.0,7790.0,7870.0,5111,0.0,0.0
2024-01-09 00:00:00+09:00,7880.0,7980.0,7800.0,7910.0,5858,0.0,0.0
2024-01-10 00:00:00+09:00,7960.0,7960.0,7770.0,7850.0,8250,0.0,0.0
2024-01-11 00:00:00+09:00,7870.0,7980.0,7820.0,7940.0,8360,0.0,0.0
2024-01-12 00:00:00+09:00,7930.0,8000.0,7870.0,7970.0,17162,0.0,0.0
2024-01-15 00:00:00+09:00,8030.0,8050.0,7960.0,8040.0,13914,0.0,0.0
2024-01-16 00:00:00+09:00,8060.0,8140.0,7810.0,8110.0,18653,0.0,0.0
2024-01-17 00:00:00+09:00,8110.0,8110.0,7820.0,8070.0,9212,0.0,0.0
2024-01-19 00:00:00+09:00,8080.0,8100.0,7980.0,8000.0,8975,0.0,0.0
2024-01-22 00:00:00+09:00,8020.0,8020.0,7860.0,7920.0,6746,0.0,0.0
2024-01-23 00:00:00+09:00,7960.0,7980.0,7830.0,7830.0,15636,0.0,0.0
2024-01-24 00:00:00+09:00,7860.0,7880.0,7580.0,7770.0,14228,0.0,0.0
2024-01-25 00:00:00+09:00,7730.0,7800.0,7670.0,7780.0,4496,0.0,0.0
2024-01-26 00:00:00+09:00,7790.0,7820.0,7730.0,7790.0,3018,0.0,0.0
2024-01-29 00:00:00+09:00,7850.0,7870.0,7540.0,7650.0,22161,0.0,0.0
2024-01-30 00:00:00+09:00,7670.0,7700.0,7420.0,7450.0,28933,0.0,0.0
2024-01-31 00:00:00+09:00,7450.0,7580.0,7020.0,7420.0,14321,0.0,0.0
2024-02-01 00:00:00+09:00,7420.0,7500.0,6770.0,6800.0,68413,0.0,0.0
2024-02-02 00:00:00+09:00,6890.0,7030.0,6790.0,6850.0,26072,0.0,0.0
2024-02-05 00:00:00+09:00,6850.0,6850.0,6730.0,6790.0,13922,0.0,0.0
2024-02-06 00:00:00+09:00,6740.0,6780.0,6600.0,6770.0,17438,0.0,0.0
2024-02-07 00:00:00+09:00,6750.0,6810.0,6570.0,6770.0,27612,0.0,0.0
2024-02-08 00:00:00+09:00,6720.0,6840.0,6720.0,6780.0,5570,0.0,0.0
2024-02-13 00:00:00+09:00,6840.0,6940.0,6810.0,6900.0,29547,0.0,0.0
2024-02-14 00:00:00+09:00,6910.0,6910.0,6740.0,6830.0,11013,0.0,0.0
2024-02-15 00:00:00+09:00,6800.0,6890.0,6800.0,6860.0,12425,0.0,0.0
2024-02-16 00:00:00+09:00,6860.0,6920.0,6800.0,6910.0,18094,0.0,0.0
2024-02-19 00:00:00+09:00,6910.0,7100.0,6870.0,7070.0,15116,0.0,0.0
2024-02-20 00:00:00+09:00,7080.0,7210.0,7080.0,7120.0,14488,0.0,0.0
2024-02-21 00:00:00+09:00,7170.0,7170.0,7020.0,7110.0,11312,0.0,0.0
2024-02-22 00:00:00+09:00,7170.0,7180.0,7040.0,7120.0,13117,0.0,0.0
2024-02-23 00:00:00+09:00,7120.0,7150.0,7110.0,7150.0,8814,0.0,0.0
2024-02-26 00:00:00+09:00,7160.0,7170.0,6900.0,6940.0,12283,0.0,0.0
2024-02-27 00:00:00+09:00,6880.0,6950.0,6780.0,6880.0,9668,0.0,0.0
2024-02-28 00:00:00+09:00,6800.0,7010.0,6780.0,6850.0,18849,0.0,0.0
2024-02-29 00:00:00+09:00,6860.0,6900.0,6790.0,6870.0,9127,0.0,0.0
2024-03-04 00:00:00+09:00,6880.0,6900.0,6840.0,6850.0,10099,0.0,0.0
2024-03-05 00:00:00+09:00,6910.0,6910.0,6840.0,6900.0,3862,0.0,0.0
2024-03-06 00:00:00+09:00,6900.0,6920.0,6840.0,6910.0,5845,0.0,0.0
2024-03-07 00:00:00+09:00,6910.0,6930.0,6820.0,6830.0,8438,0.0,0.0
2024-03-08 00:00:00+09:00,6830.0,6850.0,6780.0,6820.0,14212,0.0,0.0
2024-03-11 00:00:00+09:00,6820.0,6960.0,6760.0,6900.0,6410,0.0,0.0
2024-03-12 00:00:00+09:00,6900.0,7000.0,6770.0,6850.0,6095,0.0,0.0
2024-03-13 00:00:00+09:00,6850.0,6880.0,6760.0,6870.0,9302,0.0,0.0
2024-03-14 00:00:00+09:00,6870.0,6910.0,6820.0,6870.0,4919,0.0,0.0
2024-03-15 00:00:00+09:00,6870.0,6910.0,6750.0,6820.0,19614,0.0,0.0
2024-03-18 00:00:00+09:00,6830.0,6850.0,6760.0,6830.0,10030,0.0,0.0
2024-03-19 00:00:00+09:00,6830.0,6830.0,6660.0,6720.0,23095,0.0,0.0
2024-03-20 00:00:00+09:00,6700.0,6790.0,6620.0,6750.0,30477,0.0,0.0
2024-03-21 00:00:00+09:00,6760.0,6810.0,6690.0,6710.0,21463,0.0,0.0
2024-03-22 00:00:00+09:00,6770.0,6770.0,6610.0,6710.0,16081,0.0,0.0
2024-03-25 00:00:00+09:00,6730.0,6790.0,6660.0,6770.0,7240,0.0,0.0
2024-03-26 00:00:00+09:00,6770.0,6780.0,6630.0,6700.0,14661,0.0,0.0
2024-03-27 00:00:00+09:00,6650.0,6700.0,6590.0,6690.0,11455,0.0,0.0
2024-03-28 00:00:00+09:00,6660.0,6900.0,6660.0,6830.0,24883,0.0,0.0
2024-03-29 00:00:00+09:00,7300.0,8520.0,7110.0,7140.0,1767345,0.0,0.0
2024-04-01 00:00:00+09:00,7130.0,7210.0,6820.0,7060.0,110428,0.0,0.0
2024-04-02 00:00:00+09:00,6950.0,7040.0,6850.0,7000.0,45877,0.0,0.0
2024-04-03 00:00:00+09:00,6890.0,6950.0,6830.0,6870.0,40915,0.0,0.0
2024-04-04 00:00:00+09:00,6860.0,7050.0,6850.0,6960.0,37482,0.0,0.0
2024-04-05 00:00:00+09:00,6920.0,7040.0,6750.0,7000.0,22489,0.0,0.0
2024-04-08 00:00:00+09:00,7000.0,7000.0,6680.0,6780.0,29538,0.0,0.0
2024-04-09 00:00:00+09:00,6710.0,6820.0,6710.0,6730.0,18459,0.0,0.0
2024-04-11 00:00:00+09:00,6790.0,6800.0,6410.0,6570.0,39463,0.0,0.0
2024-04-12 00:00:00+09:00,6570.0,6660.0,6480.0,6570.0,13153,0.0,0.0
2024-04-15 00:00:00+09:00,6400.0,6550.0,6350.0,6550.0,43549,0.0,0.0
2024-04-16 00:00:00+09:00,6690.0,6780.0,6410.0,6780.0,61169,0.0,0.0
2024-04-17 00:00:00+09:00,6770.0,6770.0,6500.0,6540.0,39429,0.0,0.0
2024-04-18 00:00:00+09:00,6540.0,6650.0,6500.0,6580.0,24068,0.0,0.0
2024-04-19 00:00:00+09:00,6490.0,6570.0,6360.0,6380.0,34268,0.0,0.0
2024-04-22 00:00:00+09:00,6340.0,6400.0,6290.0,6350.0,11483,0.0,0.0
2024-04-23 00:00:00+09:00,6380.0,6400.0,6160.0,6210.0,23617,0.0,0.0
2024-04-24 00:00:00+09:00,6200.0,6340.0,6170.0,6240.0,6530,0.0,0.0
2024-04-25 00:00:00+09:00,6240.0,6240.0,6100.0,6100.0,11709,0.0,0.0
2024-04-26 00:00:00+09:00,6100.0,6140.0,6020.0,6090.0,15692,0.0,0.0
2024-04-29 00:00:00+09:00,6090.0,6240.0,6020.0,6220.0,8587,0.0,0.0
2024-04-30 00:00:00+09:00,6120.0,6240.0,6120.0,6190.0,6747,0.0,0.0
2024-05-02 00:00:00+09:00,6190.0,6270.0,6180.0,6260.0,8168,0.0,0.0
2024-05-03 00:00:00+09:00,6260.0,6280.0,6190.0,6280.0,4848,0.0,0.0
2024-05-07 00:00:00+09:00,6280.0,6310.0,6230.0,6290.0,10737,0.0,0.0
2024-05-08 00:00:00+09:00,6300.0,6300.0,6090.0,6140.0,9350,0.0,0.0
2024-05-09 00:00:00+09:00,6150.0,6240.0,6130.0,6150.0,15316,0.0,0.0
2024-05-10 00:00:00+09:00,6140.0,6200.0,6140.0,6180.0,6651,0.0,0.0
2024-05-13 00:00:00+09:00,6140.0,6220.0,6140.0,6160.0,9901,0.0,0.0
2024-05-14 00:00:00+09:00,6140.0,6200.0,6130.0,6180.0,8399,0.0,0.0
2024-05-16 00:00:00+09:00,6180.0,6390.0,6110.0,6350.0,21389,0.0,0.0
2024-05-17 00:00:00+09:00,6350.0,6430.0,6290.0,6370.0,14586,0.0,0.0
2024-05-20 00:00:00+09:00,6400.0,6400.0,6180.0,6280.0,18739,0.0,0.0
2024-05-21 00:00:00+09:00,6300.0,6300.0,6200.0,6230.0,8290,0.0,0.0
2024-05-22 00:00:00+09:00,6230.0,6250.0,6190.0,6200.0,6857,0.0,0.0
2024-05-23 00:00:00+09:00,6210.0,6250.0,6190.0,6230.0,5706,0.0,0.0
2024-05-24 00:00:00+09:00,6240.0,6270.0,6210.0,6260.0,6239,0.0,0.0
2024-05-27 00:00:00+09:00,6260.0,6330.0,6260.0,6300.0,10164,0.0,0.0
2024-05-28 00:00:00+09:00,6350.0,6430.0,6250.0,6260.0,11844,0.0,0.0
2024-05-29 00:00:00+09:00,6310.0,6360.0,6200.0,6210.0,9259,0.0,0.0
2024-05-30 00:00:00+09:00,6180.0,6220.0,6120.0,6160.0,6551,0.0,0.0
2024-05-31 00:00:00+09:00,6110.0,6200.0,6110.0,6180.0,5428,0.0,0.0
2024-06-03 00:00:00+09:00,6180.0,6260.0,6160.0,6260.0,9313,0.0,0.0
2024-06-04 00:00:00+09:00,6380.0,6380.0,6240.0,6280.0,6077,0.0,0.0
2024-06-05 00:00:00+09:00,6280.0,6300.0,6240.0,6280.0,7308,0.0,0.0
2024-06-07 00:00:00+09:00,6290.0,6350.0,6250.0,6320.0,5230,0.0,0.0
2024-06-10 00:00:00+09:00,6320.0,6330.0,6250.0,6260.0,9411,0.0,0.0
2024-06-11 00:00:00+09:00,6260.0,6360.0,6230.0,6330.0,8171,0.0,0.0
2024-06-12 00:00:00+09:00,6330.0,6400.0,6280.0,6280.0,8437,0.0,0.0
2024-06-13 00:00:00+09:00,6280.0,6300.0,6240.0,6270.0,3342,0.0,0.0
2024-06-14 00:00:00+09:00,6300.0,6300.0,6220.0,6220.0,6303,0.0,0.0
2024-06-17 00:00:00+09:00,6200.0,6240.0,6200.0,6200.0,6234,0.0,0.0
2024-06-18 00:00:00+09:00,6190.0,6230.0,6180.0,6200.0,4424,0.0,0.0
2024-06-19 00:00:00+09:00,6210.0,6210.0,6150.0,6150.0,6250,0.0,0.0
2024-06-20 00:00:00+09:00,6150.0,6180.0,6130.0,6130.0,3062,0.0,0.0
2024-06-21 00:00:00+09:00,6120.0,6200.0,6020.0,6020.0,10714,0.0,0.0
2024-06-24 00:00:00+09:00,6020.0,6110.0,6010.0,6060.0,9197,0.0,0.0
2024-06-25 00:00:00+09:00,6060.0,6180.0,6010.0,6070.0,13191,0.0,0.0
2024-06-26 00:00:00+09:00,6070.0,6110.0,6030.0,6040.0,5201,0.0,0.0
2024-06-27 00:00:00+09:00,6050.0,6070.0,6000.0,6010.0,12231,0.0,0.0
2024-06-28 00:00:00+09:00,6010.0,6030.0,5940.0,5960.0,9746,0.0,0.0
2024-07-01 00:00:00+09:00,5940.0,6020.0,5940.0,6000.0,4898,0.0,0.0
2024-07-02 00:00:00+09:00,5990.0,6010.0,5910.0,5920.0,6017,0.0,0.0
2024-07-03 00:00:00+09:00,5890.0,5910.0,5790.0,5790.0,9831,0.0,0.0
2024-07-04 00:00:00+09:00,5800.0,5800.0,5610.0,5610.0,15215,0.0,0.0
2024-07-05 00:00:00+09:00,5610.0,5700.0,5610.0,5680.0,9672,0.0,0.0
2024-07-08 00:00:00+09:00,5750.0,5750.0,5670.0,5720.0,4032,0.0,0.0
2024-07-09 00:00:00+09:00,5740.0,5760.0,5710.0,5740.0,4293,0.0,0.0
2024-07-10 00:00:00+09:00,5740.0,5750.0,5650.0,5690.0,5655,0.0,0.0
2024-07-11 00:00:00+09:00,5690.0,5820.0,5690.0,5820.0,6949,0.0,0.0
2024-07-12 00:00:00+09:00,5820.0,5890.0,5820.0,5860.0,1908,0.0,0.0
2024-07-15 00:00:00+09:00,5860.0,5920.0,5850.0,5920.0,3896,0.0,0.0
2024-07-16 00:00:00+09:00,5920.0,5920.0,5850.0,5870.0,4861,0.0,0.0
2024-07-17 00:00:00+09:00,5870.0,5900.0,5860.0,5900.0,4234,0.0,0.0
2024-07-18 00:00:00+09:00,5870.0,5890.0,5750.0,5800.0,4478,0.0,0.0
2024-07-19 00:00:00+09:00,5760.0,5950.0,5760.0,5810.0,6284,0.0,0.0
2024-07-22 00:00:00+09:00,5810.0,5820.0,5750.0,5760.0,5021,0.0,0.0
2024-07-23 00:00:00+09:00,5760.0,5790.0,5740.0,5760.0,4140,0.0,0.0
2024-07-24 00:00:00+09:00,5710.0,5830.0,5710.0,5760.0,5935,0.0,0.0
2024-07-25 00:00:00+09:00,5800.0,5800.0,5640.0,5660.0,8673,0.0,0.0
2024-07-26 00:00:00+09:00,5610.0,5700.0,5610.0,5660.0,5020,0.0,0.0
2024-07-29 00:00:00+09:00,5630.0,5740.0,5610.0,5730.0,6313,0.0,0.0
2024-07-30 00:00:00+09:00,5740.0,5850.0,5740.0,5830.0,6616,0.0,0.0
2024-07-31 00:00:00+09:00,5780.0,5950.0,5780.0,5890.0,7059,0.0,0.0
2024-08-01 00:00:00+09:00,5940.0,6040.0,5910.0,5950.0,8556,0.0,0.0
2024-08-02 00:00:00+09:00,5950.0,5950.0,5700.0,5760.0,9750,0.0,0.0
2024-08-05 00:00:00+09:00,5710.0,5740.0,5050.0,5070.0,32252,0.0,0.0
2024-08-06 00:00:00+09:00,5160.0,5350.0,5160.0,5330.0,10392,0.0,0.0
2024-08-07 00:00:00+09:00,5260.0,5470.0,5250.0,5460.0,4999,0.0,0.0
2024-08-08 00:00:00+09:00,5480.0,5820.0,5430.0,5690.0,19357,0.0,0.0
2024-08-09 00:00:00+09:00,5680.0,5810.0,5680.0,5790.0,8267,0.0,0.0
2024-08-12 00:00:00+09:00,5790.0,5900.0,5680.0,5830.0,9422,0.0,0.0
2024-08-13 00:00:00+09:00,5850.0,5850.0,5720.0,5760.0,3878,0.0,0.0
2024-08-14 00:00:00+09:00,5760.0,5950.0,5640.0,5700.0,10779,0.0,0.0
2024-08-16 00:00:00+09:00,5680.0,6110.0,5670.0,6000.0,42479,0.0,0.0
2024-08-19 00:00:00+09:00,6000.0,7110.0,5970.0,6980.0,602335,0.0,0.0
2024-08-20 00:00:00+09:00,6980.0,6980.0,6450.0,6890.0,187785,0.0,0.0
2024-08-21 00:00:00+09:00,6620.0,6770.0,6400.0,6600.0,80886,0.0,0.0
2024-08-22 00:00:00+09:00,6510.0,6550.0,6120.0,6240.0,50919,0.0,0.0
2024-08-23 00:00:00+09:00,6170.0,6400.0,6100.0,6310.0,23960,0.0,0.0
2024-08-26 00:00:00+09:00,6310.0,6440.0,5910.0,6400.0,31998,0.0,0.0
2024-08-27 00:00:00+09:00,6380.0,7000.0,5750.0,5820.0,329503,0.0,0.0
2024-08-28 00:00:00+09:00,5830.0,5830.0,5400.0,5610.0,72263,0.0,0.0
2024-08-29 00:00:00+09:00,5560.0,5600.0,5470.0,5600.0,17957,0.0,0.0
2024-08-30 00:00:00+09:00,5550.0,5670.0,5510.0,5590.0,13015,0.0,0.0
2024-09-02 00:00:00+09:00,5570.0,5580.0,5480.0,5500.0,14264,0.0,0.0
2024-09-03 00:00:00+09:00,5440.0,5600.0,5410.0,5490.0,11272,0.0,0.0
2024-09-04 00:00:00+09:00,5410.0,5480.0,5200.0,5200.0,14523,0.0,0.0
2024-09-05 00:00:00+09:00,5210.0,5420.0,5210.0,5270.0,8306,0.0,0.0
2024-09-06 00:00:00+09:00,5200.0,5270.0,5120.0,5130.0,4838,0.0,0.0
2024-09-09 00:00:00+09:00,5080.0,5280.0,5070.0,5280.0,4397,0.0,0.0
2024-09-10 00:00:00+09:00,5240.0,5300.0,5160.0,5160.0,4302,0.0,0.0
2024-09-11 00:00:00+09:00,5160.0,5300.0,5150.0,5220.0,3459,0.0,0.0
2024-09-12 00:00:00+09:00,5200.0,5350.0,5200.0,5340.0,9964,0.0,0.0
2024-09-13 00:00:00+09:00,5340.0,5360.0,5230.0,5250.0,11112,0.0,0.0
2024-09-19 00:00:00+09:00,5260.0,5350.0,5260.0,5340.0,3113,0.0,0.0
2024-09-20 00:00:00+09:00,5340.0,5400.0,5340.0,5380.0,3230,0.0,0.0
2024-09-23 00:00:00+09:00,5380.0,5380.0,5280.0,5320.0,4354,0.0,0.0
2024-09-24 00:00:00+09:00,5330.0,5390.0,5300.0,5380.0,2130,0.0,0.0
2024-09-25 00:00:00+09:00,5380.0,5450.0,5370.0,5380.0,3653,0.0,0.0
2024-09-26 00:00:00+09:00,5370.0,5440.0,5360.0,5400.0,8511,0.0,0.0
2024-09-27 00:00:00+09:00,5410.0,5450.0,5370.0,5420.0,5227,0.0,0.0
2024-09-30 00:00:00+09:00,5420.0,5450.0,5290.0,5340.0,9543,0.0,0.0
2024-10-02 00:00:00+09:00,5340.0,5340.0,5250.0,5330.0,3339,0.0,0.0
2024-10-04 00:00:00+09:00,5330.0,5390.0,5250.0,5270.0,4854,0.0,0.0
