Date,Open,High,Low,Close,Volume,Dividends,Stock Splits
2005-02-28 00:00:00+09:00,582.9169564970315,585.2769441751572,581.5009638901561,581.9729614257812,70000,0.0,0.0
2005-03-01 00:00:00+09:00,580.0850068003542,584.3329848810729,580.0850068003542,582.9169921875,40000,0.0,0.0
2005-03-02 00:00:00+09:00,582.9169770885533,587.6369526115375,581.0289868793595,585.7489624023438,112000,0.0,0.0
2005-03-03 00:00:00+09:00,585.2769648500454,586.6929575069406,582.9169770885533,585.7489624023438,56000,0.0,0.0
2005-03-04 00:00:00+09:00,586.2209648175708,586.6929623737847,580.556994143005,581.0289916992188,44000,0.0,0.0
2005-03-07 00:00:00+09:00,585.2769800101214,585.7489775746458,582.9169921875,582.9169921875,22000,0.0,0.0
2005-03-08 00:00:00+09:00,581.5009408346036,581.5009408346036,580.5569458007812,580.5569458007812,22000,0.0,0.0
2005-03-09 00:00:00+09:00,571.1170552065519,580.55700653228,569.2290649414062,569.2290649414062,14000,0.0,0.0
2005-03-10 00:00:00+09:00,569.2290649414062,569.7010625076927,569.2290649414062,569.2290649414062,12000,0.0,0.0
2005-03-11 00:00:00+09:00,566.3970084039621,579.6129386000546,566.3970084039621,567.3410034179688,18000,0.0,0.0
2005-03-14 00:00:00+09:00,567.3410625690178,581.5009892554326,566.8690650128041,581.0289916992188,16000,0.0,0.0
2005-03-15 00:00:00+09:00,581.0288842275191,581.5008816964286,578.1968994140625,578.1968994140625,12000,0.0,0.0
2005-03-16 00:00:00+09:00,571.5890328115411,580.5569862577997,571.117035261738,576.781005859375,10000,0.0,0.0
2005-03-17 00:00:00+09:00,579.6129447535465,579.6129447535465,573.948974609375,573.948974609375,20000,0.0,0.0
2005-03-18 00:00:00+09:00,574.8929823133681,578.1969649703415,573.4769897460938,573.4769897460938,10000,0.0,0.0
2005-03-21 00:00:00+09:00,573.4769897460938,573.4769897460938,573.4769897460938,573.4769897460938,0,0.0,0.0
2005-03-22 00:00:00+09:00,577.724935556387,581.5009155273438,573.9489555854302,581.5009155273438,16000,0.0,0.0
2005-03-23 00:00:00+09:00,580.5569458007812,580.5569458007812,580.5569458007812,580.5569458007812,6000,0.0,0.0
2005-03-24 00:00:00+09:00,580.5569099127202,580.5569099127202,565.9249877929688,565.9249877929688,10000,0.0,0.0
2005-03-25 00:00:00+09:00,580.0849855443586,580.5569830915874,566.8690542219484,567.8130493164062,20000,0.0,0.0
2005-03-28 00:00:00+09:00,560.7330932617188,579.612995391743,560.2610957084681,560.7330932617188,14000,0.0,0.0
2005-03-29 00:00:00+09:00,566.397063900726,566.397063900726,560.7330932617188,560.7330932617188,12000,0.0,0.0
2005-03-30 00:00:00+09:00,566.397063900726,566.397063900726,560.7330932617188,560.7330932617188,12000,0.0,0.0
2005-03-31 00:00:00+09:00,557.429156128973,557.429156128973,552.2371826171875,552.2371826171875,14000,0.0,0.0
2005-04-01 00:00:00+09:00,552.2371169268075,556.9570922851562,552.2371169268075,556.9570922851562,14000,0.0,0.0
2005-04-04 00:00:00+09:00,552.7091018973923,557.4290771484375,549.8771167467652,557.4290771484375,8000,0.0,0.0
2005-04-05 00:00:00+09:00,556.9570922851562,556.9570922851562,556.9570922851562,556.9570922851562,4000,0.0,0.0
2005-04-06 00:00:00+09:00,557.4290852009749,561.6770629882812,557.4290852009749,561.6770629882812,10000,0.0,0.0
2005-04-07 00:00:00+09:00,561.6771139349819,575.8370411770403,557.4291357623644,571.1170654296875,16000,0.0,0.0
2005-04-08 00:00:00+09:00,570.1730219964847,570.64501953125,562.1490639054746,570.64501953125,12000,0.0,0.0
2005-04-11 00:00:00+09:00,575.8369630135146,575.8369630135146,562.6210327148438,562.6210327148438,8000,0.0,0.0
2005-04-12 00:00:00+09:00,561.6770629882812,561.6770629882812,561.6770629882812,561.6770629882812,8000,0.0,0.0
2005-04-13 00:00:00+09:00,561.6770548743782,561.6770548743782,557.4290771484375,557.4290771484375,4000,0.0,0.0
2005-04-14 00:00:00+09:00,550.3491922492655,552.2371826171875,549.8771946572849,552.2371826171875,8000,0.0,0.0
2005-04-15 00:00:00+09:00,552.2371169268075,556.9570922851562,552.2371169268075,556.9570922851562,6000,0.0,0.0
2005-04-18 00:00:00+09:00,547.9891484227674,547.9891484227674,547.5171508789062,547.5171508789062,34000,0.0,0.0
2005-04-19 00:00:00+09:00,547.5171508789062,547.5171508789062,547.5171508789062,547.5171508789062,4000,0.0,0.0
2005-04-20 00:00:00+09:00,547.5171415684587,556.9570922851562,528.6372401350636,556.9570922851562,12000,0.0,0.0
2005-04-21 00:00:00+09:00,556.9570922851562,556.9570922851562,556.9570922851562,556.9570922851562,12000,0.0,0.0
2005-04-22 00:00:00+09:00,556.9571484032947,556.9571484032947,538.5492426509824,539.021240234375,16000,0.0,0.0
2005-04-25 00:00:00+09:00,538.5491943359375,538.5491943359375,538.5491943359375,538.5491943359375,6000,0.0,0.0
2005-04-26 00:00:00+09:00,538.5492660427178,538.5492660427178,529.1093139648438,529.1093139648438,6000,0.0,0.0
2005-04-27 00:00:00+09:00,522.9732666015625,523.9172616676303,522.9732666015625,522.9732666015625,28000,0.0,0.0
2005-04-28 00:00:00+09:00,519.1972573452538,519.1972573452538,514.4772822784788,514.9492797851562,6000,0.0,0.0
2005-04-29 00:00:00+09:00,514.9492797851562,514.9492797851562,514.9492797851562,514.9492797851562,0,0.0,0.0
2005-05-02 00:00:00+09:00,514.4773559570312,514.4773559570312,514.4773559570312,514.4773559570312,2000,0.0,0.0
2005-05-03 00:00:00+09:00,514.4773559570312,514.4773559570312,514.4773559570312,514.4773559570312,0,0.0,0.0
2005-05-04 00:00:00+09:00,514.4773559570312,514.4773559570312,514.4773559570312,514.4773559570312,0,0.0,0.0
2005-05-05 00:00:00+09:00,514.4773559570312,514.4773559570312,514.4773559570312,514.4773559570312,0,0.0,0.0
2005-05-06 00:00:00+09:00,519.1972529855672,519.6692504882812,519.1972529855672,519.6692504882812,12000,0.0,0.0
2005-05-09 00:00:00+09:00,522.5012978337141,542.3251953125,522.0293002746954,542.3251953125,18000,0.0,0.0
2005-05-10 00:00:00+09:00,541.8531241508152,542.797119140625,541.8531241508152,542.797119140625,6000,0.0,0.0
2005-05-11 00:00:00+09:00,561.6770211432178,561.6770211432178,540.4371337890625,540.4371337890625,6000,0.0,0.0
2005-05-12 00:00:00+09:00,540.4371337890625,540.4371337890625,538.0771463052674,540.4371337890625,8000,0.0,0.0
2005-05-13 00:00:00+09:00,530.9972246631388,530.9972246631388,522.9732666015625,522.9732666015625,8000,0.0,0.0
2005-05-16 00:00:00+09:00,523.9172324120289,523.9172324120289,514.9492797851562,514.9492797851562,16000,0.0,0.0
2005-05-17 00:00:00+09:00,514.9492797851562,514.9492797851562,514.9492797851562,514.9492797851562,4000,0.0,0.0
2005-05-18 00:00:00+09:00,519.1972634155826,532.4131937570702,519.1972634155826,521.5572509765625,10000,0.0,0.0
2005-05-19 00:00:00+09:00,521.5572509765625,521.5572509765625,521.5572509765625,521.5572509765625,0,0.0,0.0
2005-05-20 00:00:00+09:00,538.0772094726562,538.0772094726562,530.9972461901212,538.0772094726562,12000,0.0,0.0
2005-05-23 00:00:00+09:00,542.797175440295,552.2371263175175,542.797175440295,547.5171508789062,18000,0.0,0.0
2005-05-24 00:00:00+09:00,549.8771292476331,556.9570922851562,549.8771292476331,556.9570922851562,6000,0.0,0.0
2005-05-25 00:00:00+09:00,560.7330725718352,560.7330725718352,556.9570922851562,556.9570922851562,4000,0.0,0.0
2005-05-26 00:00:00+09:00,556.9570620425112,556.9570620425112,523.917236328125,523.917236328125,6000,0.0,0.0
2005-05-27 00:00:00+09:00,520.6131969659979,520.6131969659979,519.1972045898438,519.1972045898438,6000,0.0,0.0
2005-05-30 00:00:00+09:00,514.4773686796947,514.4773686796947,514.00537109375,514.00537109375,4000,0.0,0.0
2005-05-31 00:00:00+09:00,509.75730721170373,514.9492797851562,505.5093296516062,514.9492797851562,6000,0.0,0.0
2005-06-01 00:00:00+09:00,514.9492274613814,519.1972045898438,514.4772300026633,519.1972045898438,19200,0.0,0.0
2005-06-02 00:00:00+09:00,510.701377875684,519.1973342543922,510.701377875684,512.1173706054688,10600,0.0,0.0
2005-06-03 00:00:00+09:00,519.1972547743055,530.9971923828125,502.6773421223958,530.9971923828125,10600,0.0,0.0
2005-06-06 00:00:00+09:00,530.5251842730978,552.2370690387228,530.5251842730978,542.797119140625,32400,0.0,0.0
2005-06-07 00:00:00+09:00,554.125116492962,554.5971140368231,547.5171508789062,547.5171508789062,9400,0.0,0.0
2005-06-08 00:00:00+09:00,542.7971212728576,542.7971212728576,533.3571713376774,540.4371337890625,13800,0.0,0.0
2005-06-09 00:00:00+09:00,543.2691040039062,543.2691040039062,543.2691040039062,543.2691040039062,2200,0.0,0.0
2005-06-10 00:00:00+09:00,552.2371826171875,552.2371826171875,543.2692283695579,552.2371826171875,2600,0.0,0.0
2005-06-13 00:00:00+09:00,556.0130405505564,566.3969852807027,556.0130405505564,565.9249877929688,10400,0.0,0.0
2005-06-14 00:00:00+09:00,565.9250271656474,575.8369750976562,561.2050519599289,575.8369750976562,22000,0.0,0.0
2005-06-15 00:00:00+09:00,575.8369877653303,577.724977889151,566.3970371462265,575.364990234375,10800,0.0,0.0
2005-06-16 00:00:00+09:00,575.8370411770403,575.8370411770403,553.6531551644822,571.1170654296875,5200,0.0,0.0
2005-06-17 00:00:00+09:00,566.3971103766025,566.3971103766025,552.2371826171875,552.2371826171875,7600,0.0,0.0
2005-06-20 00:00:00+09:00,556.9570831298828,566.3970336914062,547.5171325683594,566.3970336914062,3800,0.0,0.0
2005-06-21 00:00:00+09:00,570.1730232885328,570.1730232885328,556.9570922851562,556.9570922851562,8400,0.0,0.0
2005-06-22 00:00:00+09:00,561.6770629882812,562.1490605202042,561.6770629882812,561.6770629882812,3600,0.0,0.0
2005-06-23 00:00:00+09:00,549.8771482768811,549.8771482768811,538.0772094726562,538.0772094726562,4600,0.0,0.0
2005-06-24 00:00:00+09:00,547.5171218832021,547.5171218832021,538.0771715059055,539.4931640625,7000,0.0,0.0
2005-06-27 00:00:00+09:00,539.4932070031631,539.4932070031631,533.3572387695312,533.3572387695312,7200,0.0,0.0
2005-06-28 00:00:00+09:00,547.5171605160361,554.5971237985711,538.0772094726562,538.0772094726562,6800,0.0,0.0
2005-06-29 00:00:00+09:00,533.3572392984321,547.5171660054701,533.3572392984321,544.6851806640625,7400,0.0,0.0
2005-06-30 00:00:00+09:00,545.1571655273438,545.1571655273438,544.6851679814326,545.1571655273438,4200,0.0,0.0
2005-07-01 00:00:00+09:00,545.1571087566525,545.1571087566525,539.4931387955445,540.4371337890625,5000,0.0,0.0
2005-07-04 00:00:00+09:00,561.6770189368207,561.6770189368207,542.797119140625,542.797119140625,3000,0.0,0.0
2005-07-05 00:00:00+09:00,561.2050796508789,561.2050796508789,547.5171508789062,547.5171508789062,2600,0.0,0.0
2005-07-06 00:00:00+09:00,556.9570946226729,556.9570946226729,536.6612004965924,554.5971069335938,5000,0.0,0.0
2005-07-07 00:00:00+09:00,554.5971012033336,556.9570888680287,547.5171382092485,547.9891357421875,7600,0.0,0.0
2005-07-08 00:00:00+09:00,549.4051192216607,557.4290771484375,547.5171291212426,557.4290771484375,3600,0.0,0.0
2005-07-11 00:00:00+09:00,564.9810600017679,565.453057545629,547.5171508789062,547.5171508789062,4400,0.0,0.0
2005-07-12 00:00:00+09:00,556.485160945012,556.9571585369926,552.2371826171875,552.2371826171875,12600,0.0,0.0
2005-07-13 00:00:00+09:00,552.2371169268075,563.0930602510097,552.2371169268075,556.9570922851562,2000,0.0,0.0
2005-07-14 00:00:00+09:00,566.3970590632825,566.3970590632825,543.7411767007512,565.4530639648438,7800,0.0,0.0
2005-07-15 00:00:00+09:00,565.4531151926416,566.3971103766025,552.2371826171875,552.2371826171875,14000,0.0,0.0
2005-07-18 00:00:00+09:00,552.2371826171875,552.2371826171875,552.2371826171875,552.2371826171875,0,0.0,0.0
2005-07-19 00:00:00+09:00,571.1170136267398,571.1170136267398,561.6770629882812,561.6770629882812,8000,0.0,0.0
2005-07-20 00:00:00+09:00,556.957087669052,561.6770629882812,556.957087669052,561.6770629882812,3200,0.0,0.0
2005-07-21 00:00:00+09:00,552.237071048665,561.6770209811209,552.237071048665,554.1250610351562,5800,0.0,0.0
2005-07-22 00:00:00+09:00,556.4851176889891,558.3731079101562,556.4851176889891,558.3731079101562,2800,0.0,0.0
2005-07-25 00:00:00+09:00,565.925112784622,565.925112784622,552.2371826171875,552.2371826171875,3000,0.0,0.0
2005-07-26 00:00:00+09:00,554.5970353176205,554.5970353176205,552.2370479332901,552.7090454101562,6400,0.0,0.0
2005-07-27 00:00:00+09:00,553.6530403638883,556.9570227019508,552.7090454101562,552.7090454101562,18800,0.0,0.0
2005-07-28 00:00:00+09:00,558.8450801028481,559.3170776367188,558.8450801028481,559.3170776367188,6200,0.0,0.0
2005-07-29 00:00:00+09:00,553.1810913085938,553.1810913085938,553.1810913085938,553.1810913085938,4200,0.0,0.0
2005-08-01 00:00:00+09:00,566.3970336914062,575.8369842529297,566.3970336914062,566.3970336914062,26800,0.0,0.0
2005-08-02 00:00:00+09:00,575.8369842529297,575.8369842529297,564.0370460510254,566.3970336914062,13400,0.0,0.0
2005-08-03 00:00:00+09:00,561.6770360241197,566.3970111167594,551.2930908203125,551.2930908203125,17800,0.0,0.0
2005-08-04 00:00:00+09:00,552.2371826171875,552.2371826171875,552.2371826171875,552.2371826171875,4800,0.0,0.0
2005-08-05 00:00:00+09:00,565.4530639648438,566.3970590632825,552.2371325867005,565.4530639648438,12000,0.0,0.0
2005-08-08 00:00:00+09:00,556.9570946226729,565.4530503033577,552.2371192445147,554.5971069335938,11000,0.0,0.0
2005-08-09 00:00:00+09:00,551.293124168883,554.5971069335938,551.293124168883,554.5971069335938,1400,0.0,0.0
2005-08-10 00:00:00+09:00,565.9250816693766,565.9250816693766,556.957127914816,557.901123046875,7800,0.0,0.0
2005-08-11 00:00:00+09:00,560.7331263075314,566.3970972803347,554.5971577536611,564.037109375,14200,0.0,0.0
2005-08-12 00:00:00+09:00,564.0370460510254,566.3970336914062,561.6770584106446,566.3970336914062,7400,0.0,0.0
2005-08-15 00:00:00+09:00,568.7570306810283,568.7570306810283,556.9570922851562,556.9570922851562,8800,0.0,0.0
2005-08-16 00:00:00+09:00,557.9010325676232,563.5650024414062,557.9010325676232,563.5650024414062,2200,0.0,0.0
2005-08-17 00:00:00+09:00,556.957127914816,561.6771035751111,556.957127914816,557.901123046875,9400,0.0,0.0
2005-08-18 00:00:00+09:00,561.6770676435051,564.0370553226794,556.9570922851562,556.9570922851562,13400,0.0,0.0
2005-08-19 00:00:00+09:00,561.2050677722013,566.3970406447785,557.4290875012362,559.3170776367188,16400,0.0,0.0
2005-08-22 00:00:00+09:00,561.6770630419621,561.6770630419621,535.7171987837202,536.6611938476562,98400,0.0,0.0
2005-08-23 00:00:00+09:00,541.3811906042826,551.76513671875,538.5492053003368,551.76513671875,13800,0.0,0.0
2005-08-24 00:00:00+09:00,551.7650651530647,551.7650651530647,544.2131053220561,549.8770751953125,7800,0.0,0.0
2005-08-25 00:00:00+09:00,547.0451132369368,552.2370858388404,547.0451132369368,551.2930908203125,3800,0.0,0.0
2005-08-26 00:00:00+09:00,552.2370858388404,558.8450509685359,551.2930908203125,551.2930908203125,16200,0.0,0.0
2005-08-29 00:00:00+09:00,556.4850901371291,561.6770629882812,556.0130926052061,561.6770629882812,27400,0.0,0.0
2005-08-30 00:00:00+09:00,562.149081120308,565.4530639648438,562.149081120308,565.4530639648438,8400,0.0,0.0
2005-08-31 00:00:00+09:00,566.3970921939834,571.1170679622666,566.3970921939834,568.757080078125,29400,0.0,0.0
2005-09-01 00:00:00+09:00,575.3650108281441,585.2769593329767,573.4770206367474,579.1409912109375,65000,0.0,0.0
2005-09-02 00:00:00+09:00,579.1409636115719,582.4449462890625,578.6689660862161,582.4449462890625,22200,0.0,0.0
2005-09-05 00:00:00+09:00,585.2769521814613,587.1649423497886,584.3329570972977,586.220947265625,51000,0.0,0.0
2005-09-06 00:00:00+09:00,585.2769648500454,589.0529452684327,578.1970015655689,585.7489624023438,109600,0.0,0.0
2005-09-07 00:00:00+09:00,586.6929471779949,587.6369422659724,583.8609619140625,583.8609619140625,49200,0.0,0.0
2005-09-08 00:00:00+09:00,582.9169770885533,587.6369526115375,582.9169770885533,585.7489624023438,27600,0.0,0.0
2005-09-09 00:00:00+09:00,582.9169921875,585.2769800101214,581.0290019294029,582.9169921875,32600,0.0,0.0
2005-09-12 00:00:00+09:00,582.9169289373583,585.2769165039062,580.5569413708103,585.2769165039062,23200,0.0,0.0
2005-09-13 00:00:00+09:00,679.6764526367188,679.6764526367188,679.6764526367188,679.6764526367188,351600,0.0,0.0
2005-09-14 00:00:00+09:00,774.075927734375,774.075927734375,726.8761760432546,774.075927734375,1357400,0.0,0.0
2005-09-15 00:00:00+09:00,769.3559778255619,773.6039556172368,741.0361258810627,748.1160888671875,394800,0.0,0.0
2005-09-16 00:00:00+09:00,773.1320162909203,783.5159627856702,755.1961087090797,764.1640625,129800,0.0,0.0
2005-09-19 00:00:00+09:00,764.1640625,764.1640625,764.1640625,764.1640625,0,0.0,0.0
2005-09-20 00:00:00+09:00,769.3559432269695,797.2037963867188,759.9159930033258,797.2037963867188,344400,0.0,0.0
2005-09-21 00:00:00+09:00,809.0037785070083,811.8357637293199,755.1960592830883,802.3958129882812,255800,0.0,0.0
2005-09-22 00:00:00+09:00,774.075979209808,795.3158688832478,764.6360282438347,783.5159301757812,76200,0.0,0.0
2005-09-23 00:00:00+09:00,783.5159301757812,783.5159301757812,783.5159301757812,783.5159301757812,0,0.0,0.0
2005-09-26 00:00:00+09:00,868.4754822093588,920.3952121240487,835.9076516265078,910.9552612304688,464200,0.0,0.0
2005-09-27 00:00:00+09:00,896.7953007493664,901.0432784897581,868.4754491467548,896.3233032226562,231200,0.0,0.0
2005-09-28 00:00:00+09:00,901.5153198242188,901.5153198242188,884.9954055866023,901.5153198242188,185200,0.0,0.0
2005-09-29 00:00:00+09:00,901.5153010441707,920.8672001765324,892.0753502478966,920.3952026367188,153600,0.0,0.0
2005-09-30 00:00:00+09:00,924.643241425042,943.9951418326104,896.7953847409799,897.7393798828125,219800,0.0,0.0
2005-10-03 00:00:00+09:00,901.5153198242188,920.3952218100663,896.7953443277569,901.5153198242188,132600,0.0,0.0
2005-10-04 00:00:00+09:00,906.7071721915497,915.2031269544066,897.7392199418676,899.1552124023438,103800,0.0,0.0
2005-10-05 00:00:00+09:00,896.7952948856101,900.5712750746021,863.7554682319297,889.71533203125,101400,0.0,0.0
2005-10-06 00:00:00+09:00,861.395519680447,875.5554460313585,807.115802001953,849.5955810546875,98800,0.0,0.0
2005-10-07 00:00:00+09:00,849.5955810546875,849.5955810546875,830.7156792534722,849.5955810546875,53000,0.0,0.0
2005-10-10 00:00:00+09:00,849.5955810546875,849.5955810546875,849.5955810546875,849.5955810546875,0,0.0,0.0
2005-10-11 00:00:00+09:00,851.0115820120767,903.8753075724497,851.0115820120767,901.5153198242188,109000,0.0,0.0
2005-10-12 00:00:00+09:00,910.9552083795005,920.3951587254021,908.5952207930252,915.2031860351562,178400,0.0,0.0
2005-10-13 00:00:00+09:00,915.2032391325797,915.2032391325797,894.4353471667038,910.9552612304688,70200,0.0,0.0
2005-10-14 00:00:00+09:00,915.675210053066,915.675210053066,898.2113014077241,900.5712890625,27600,0.0,0.0
2005-10-17 00:00:00+09:00,915.6752053938021,915.6752053938021,901.5152795371969,905.291259765625,28600,0.0,0.0
2005-10-18 00:00:00+09:00,910.4832071304321,910.4832071304321,900.0992617925008,906.2352294921875,25200,0.0,0.0
2005-10-19 00:00:00+09:00,906.2352953206806,906.2352953206806,898.2113369766954,901.5153198242188,35400,0.0,0.0
2005-10-20 00:00:00+09:00,905.7632409667968,905.7632409667968,882.6353624845806,896.7952880859375,28600,0.0,0.0
2005-10-21 00:00:00+09:00,884.9953590555393,887.3553466796875,877.915396183095,887.3553466796875,48200,0.0,0.0
2005-10-24 00:00:00+09:00,901.515266931324,905.7632446289062,878.387388355599,905.7632446289062,20800,0.0,0.0
2005-10-25 00:00:00+09:00,905.7632946254462,913.3152553935583,892.54736328125,892.54736328125,40400,0.0,0.0
2005-10-26 00:00:00+09:00,892.075273271188,892.075273271188,877.9153482986295,886.88330078125,40400,0.0,0.0
2005-10-27 00:00:00+09:00,896.3232422854175,896.3232422854175,882.6353149414062,882.6353149414062,33800,0.0,0.0
2005-10-28 00:00:00+09:00,883.1073124360273,887.355289887617,878.3873374898167,882.6353149414062,22600,0.0,0.0
2005-10-31 00:00:00+09:00,887.3553950275784,891.6033729824977,887.3553950275784,887.827392578125,20800,0.0,0.0
2005-11-01 00:00:00+09:00,887.827392578125,891.6033729824977,887.827392578125,887.827392578125,14800,0.0,0.0
2005-11-02 00:00:00+09:00,886.8833974770318,891.6033729824977,886.8833974770318,887.827392578125,31200,0.0,0.0
2005-11-03 00:00:00+09:00,896.7952880859375,896.7952880859375,896.7952880859375,896.7952880859375,31200,0.0,0.0
2005-11-04 00:00:00+09:00,892.5473356256997,896.7953134261393,889.7153504254067,895.851318359375,64000,0.0,0.0
2005-11-07 00:00:00+09:00,899.1552756861637,901.5152632863898,896.3232905658923,896.7952880859375,45800,0.0,0.0
2005-11-08 00:00:00+09:00,897.2673189736313,900.5713017368166,897.2673189736313,900.0993041992188,22600,0.0,0.0
2005-11-09 00:00:00+09:00,896.7952926070601,896.7952926070601,891.6033198603877,892.0753173828125,26600,0.0,0.0
2005-11-10 00:00:00+09:00,892.075320605574,892.075320605574,876.0274047851562,876.0274047851562,31400,0.0,0.0
2005-11-11 00:00:00+09:00,875.0834908526876,884.5234422103218,859.0355735447096,868.4755249023438,39200,0.0,0.0
2005-11-14 00:00:00+09:00,858.5635344102648,868.0034853108724,840.1556301540799,849.5955810546875,53000,0.0,0.0
2005-11-15 00:00:00+09:00,778.7959546927947,802.3958321077278,758.9720576642508,783.5159301757812,196800,0.0,0.0
2005-11-16 00:00:00+09:00,769.356035747375,774.0760114268068,750.4761330296479,764.1640625,116000,0.0,0.0
2005-11-17 00:00:00+09:00,760.8599972608613,782.0998855218655,736.3161263814787,774.075927734375,96600,0.0,0.0
2005-11-18 00:00:00+09:00,779.2679368796357,813.2517596872274,778.7959393406414,811.36376953125,106600,0.0,0.0
2005-11-21 00:00:00+09:00,828.3556633216108,828.3556633216108,811.8357498080744,816.5557250976562,92400,0.0,0.0
2005-11-22 00:00:00+09:00,825.0516314370911,829.7716064453125,821.2756514305141,829.7716064453125,45200,0.0,0.0
2005-11-23 00:00:00+09:00,829.7716064453125,829.7716064453125,829.7716064453125,829.7716064453125,0,0.0,0.0
2005-11-24 00:00:00+09:00,828.8276516462054,833.5476268833705,823.6356788853237,825.9956665039062,61200,0.0,0.0
2005-11-25 00:00:00+09:00,825.9956756768199,833.5476361401509,816.5557250976562,816.5557250976562,50400,0.0,0.0
2005-11-28 00:00:00+09:00,804.7557735443115,849.1235405315052,792.9558355158025,830.7156372070312,59400,0.0,0.0
2005-11-29 00:00:00+09:00,807.5877630789621,825.9956665039062,802.8677878417969,825.9956665039062,57600,0.0,0.0
2005-11-30 00:00:00+09:00,821.2757589049259,821.2757589049259,803.3398515265425,807.5878295898438,21600,0.0,0.0
2005-12-01 00:00:00+09:00,818.9156963669251,818.9156963669251,807.1157583789291,808.0597534179688,34400,0.0,0.0
2005-12-02 00:00:00+09:00,811.8356998029692,813.723689802511,803.8117423049166,804.7557373046875,48000,0.0,0.0
2005-12-05 00:00:00+09:00,830.2436442173549,830.2436442173549,821.2756912667411,825.9956665039062,112000,0.0,0.0
2005-12-06 00:00:00+09:00,840.155644476077,840.155644476077,826.46771543686,835.4356689453125,101000,0.0,0.0
2005-12-07 00:00:00+09:00,834.9636571587456,853.3715614149305,831.1876767985026,849.5955810546875,68200,0.0,0.0
2005-12-08 00:00:00+09:00,861.395491667063,877.9154052058833,852.8995361328125,852.8995361328125,212400,0.0,0.0
2005-12-09 00:00:00+09:00,852.8994727802786,882.6353149414062,852.8994727802786,882.6353149414062,214200,0.0,0.0
2005-12-12 00:00:00+09:00,887.3553855289979,901.9873094393164,887.3553855289979,897.267333984375,125200,0.0,0.0
2005-12-13 00:00:00+09:00,898.2112322639017,900.571219737007,877.9153399951955,882.6353149414062,63400,0.0,0.0
2005-12-14 00:00:00+09:00,882.6353149414062,886.8832923929959,873.1953650489849,882.6353149414062,27400,0.0,0.0
2005-12-15 00:00:00+09:00,868.4754154771615,881.219348204272,860.4514578341659,868.00341796875,29800,0.0,0.0
2005-12-16 00:00:00+09:00,867.5314734620475,869.8914611482882,863.7554931640625,863.7554931640625,23800,0.0,0.0
2005-12-19 00:00:00+09:00,863.7554364885602,867.5314165387834,854.7874838692801,859.0354614257812,44000,0.0,0.0
2005-12-20 00:00:00+09:00,859.0354402103526,882.6353149414062,859.0354402103526,882.6353149414062,78400,0.0,0.0
2005-12-21 00:00:00+09:00,882.6354132666254,882.6354132666254,863.7555113785693,869.8914794921875,62400,0.0,0.0
2005-12-22 00:00:00+09:00,873.1954092598373,877.9153844450257,873.1954092598373,874.139404296875,20600,0.0,0.0
2005-12-23 00:00:00+09:00,874.139404296875,874.139404296875,874.139404296875,874.139404296875,0,0.0,0.0
2005-12-26 00:00:00+09:00,875.5554405617829,886.4113840296649,874.1394479355374,879.3314208984375,115200,0.0,0.0
2005-12-27 00:00:00+09:00,883.5793917232428,892.0753474128893,879.3314138784195,886.411376953125,46000,0.0,0.0
2005-12-28 00:00:00+09:00,886.4113307855068,893.9632910051916,878.3873730520917,883.579345703125,63400,0.0,0.0
2005-12-29 00:00:00+09:00,881.6913199521641,892.0752648338278,880.2753274683009,882.6353149414062,75600,0.0,0.0
2005-12-30 00:00:00+09:00,892.0753911161246,892.0753911161246,880.275452080197,891.6033935546875,18000,0.0,0.0
2006-01-02 00:00:00+09:00,891.6033935546875,891.6033935546875,891.6033935546875,891.6033935546875,0,0.0,0.0
2006-01-03 00:00:00+09:00,891.6033935546875,891.6033935546875,891.6033935546875,891.6033935546875,0,0.0,0.0
2006-01-04 00:00:00+09:00,897.2672924092341,899.1552825037302,887.35534441313,889.71533203125,48200,0.0,0.0
2006-01-05 00:00:00+09:00,889.7153297706886,894.4353049949364,868.475441261574,892.0753173828125,50000,0.0,0.0
2006-01-06 00:00:00+09:00,893.019328567217,901.5152841244104,888.7713507886203,900.5712890625,61400,0.0,0.0
2006-01-09 00:00:00+09:00,900.5712890625,900.5712890625,900.5712890625,900.5712890625,0,0.0,0.0
2006-01-10 00:00:00+09:00,905.7632619030071,905.7632619030071,893.019328567217,900.5712890625,24400,0.0,0.0
2006-01-11 00:00:00+09:00,894.435302734375,901.515265552853,892.0753151282157,894.435302734375,47200,0.0,0.0
2006-01-12 00:00:00+09:00,901.5152208853691,903.8752083745977,896.7952459069116,902.9312133789062,35400,0.0,0.0
2006-01-13 00:00:00+09:00,903.8752924972885,904.8192875808365,897.2673269124518,904.3472900390625,62200,0.0,0.0
2006-01-16 00:00:00+09:00,932.6670523710029,1014.7946166992188,922.7551049520803,1014.7946166992188,390600,0.0,0.0
2006-01-17 00:00:00+09:00,981.7548781399521,988.8348412034615,951.0750381980787,986.474853515625,234000,0.0,0.0
2006-01-18 00:00:00+09:00,962.8749812199519,962.8749812199519,849.5955716646635,920.3952026367188,136600,0.0,0.0
2006-01-19 00:00:00+09:00,901.515332274176,962.8750145755597,901.515332274176,948.715087890625,67600,0.0,0.0
2006-01-20 00:00:00+09:00,962.8749389648438,981.7548397288602,925.5871349559111,962.8749389648438,95000,0.0,0.0
2006-01-23 00:00:00+09:00,911.4272356437914,951.0750283905954,911.4272356437914,934.5551147460938,23800,0.0,0.0
2006-01-24 00:00:00+09:00,929.8350912733111,942.5790239963463,918.035153566797,934.0830688476562,38400,0.0,0.0
2006-01-25 00:00:00+09:00,948.7150314331055,955.794994354248,943.9950561523438,943.9950561523438,35600,0.0,0.0
2006-01-26 00:00:00+09:00,943.9950864482446,974.6749267578125,943.9950864482446,974.6749267578125,103600,0.0,0.0
2006-01-27 00:00:00+09:00,991.1948265494481,991.1948265494481,974.6749127736239,988.8348388671875,116800,0.0,0.0
2006-01-30 00:00:00+09:00,991.1947545465433,1000.6347045898438,979.3948169924178,1000.6347045898438,101000,0.0,0.0
2006-01-31 00:00:00+09:00,995.9147382463727,1005.3546883719308,981.7548130580357,991.1947631835938,36200,0.0,0.0
2006-02-01 00:00:00+09:00,943.995044849537,958.1549705222801,925.5871414749711,955.7949829101562,192000,0.0,0.0
2006-02-02 00:00:00+09:00,946.3550369603463,967.5949255704288,943.9950493370037,951.0750122070312,78000,0.0,0.0
2006-02-03 00:00:00+09:00,953.4350147292406,1010.074718574542,943.995064088357,998.2747802734375,178800,0.0,0.0
2006-02-06 00:00:00+09:00,1000.6348929021032,1002.9948808570609,977.0350133525252,995.9149169921875,60400,0.0,0.0
2006-02-07 00:00:00+09:00,984.1148658277885,995.9148042669707,981.7548781399521,986.474853515625,27800,0.0,0.0
2006-02-08 00:00:00+09:00,991.1948383718296,991.1948383718296,977.034912109375,977.034912109375,57600,0.0,0.0
2006-02-09 00:00:00+09:00,984.1148921582271,991.194855411164,960.5150146484375,960.5150146484375,35200,0.0,0.0
2006-02-10 00:00:00+09:00,979.3948998197841,979.3948998197841,948.7150595844655,977.034912109375,53600,0.0,0.0
2006-02-13 00:00:00+09:00,967.5949600397965,967.5949600397965,925.115181306342,929.3631591796875,45800,0.0,0.0
2006-02-14 00:00:00+09:00,920.395184234159,939.2750854492188,898.211300306464,939.2750854492188,41200,0.0,0.0
2006-02-15 00:00:00+09:00,953.4350604330816,962.8750115264785,939.7471313476562,939.7471313476562,31000,0.0,0.0
2006-02-16 00:00:00+09:00,940.6910042035697,955.7949239900796,939.2750117235844,953.4349365234375,29400,0.0,0.0
2006-02-17 00:00:00+09:00,946.3550175783756,953.4349803034008,906.7072263182341,919.9231567382812,37400,0.0,0.0
2006-02-20 00:00:00+09:00,908.1232209989258,908.5952185150376,876.9713849355531,878.859375,50000,0.0,0.0
2006-02-21 00:00:00+09:00,779.7399091796875,836.3796120256696,779.7399091796875,825.9956665039062,256800,0.0,0.0
2006-02-22 00:00:00+09:00,811.8357543945312,821.2757050270258,806.6437815466593,811.8357543945312,40800,0.0,0.0
2006-02-23 00:00:00+09:00,811.8358280328171,816.555803777194,790.5959371831214,800.035888671875,64200,0.0,0.0
2006-02-24 00:00:00+09:00,816.5557320375136,816.5557320375136,802.3958060484238,809.4757690429688,32000,0.0,0.0
2006-02-27 00:00:00+09:00,837.7956186338912,842.5155939501385,809.4757667364076,811.8357543945312,42800,0.0,0.0
2006-02-28 00:00:00+09:00,807.1157756179729,807.587773147574,800.0358126739555,802.8677978515625,66600,0.0,0.0
2006-03-01 00:00:00+09:00,802.3957588822369,802.3957588822369,781.6278686523438,781.6278686523438,37800,0.0,0.0
2006-03-02 00:00:00+09:00,788.235857817293,788.235857817293,767.4679669526457,769.35595703125,57800,0.0,0.0
2006-03-03 00:00:00+09:00,772.1879167743757,777.3798893199247,766.523946724686,770.2999267578125,11600,0.0,0.0
2006-03-06 00:00:00+09:00,763.2199937608507,764.635986328125,755.1960358796296,764.635986328125,13200,0.0,0.0
2006-03-07 00:00:00+09:00,759.4440047101277,781.155890488043,759.4440047101277,774.075927734375,17000,0.0,0.0
2006-03-08 00:00:00+09:00,774.0758877356076,778.7958626608247,764.6359378851733,777.8518676757812,19000,0.0,0.0
2006-03-09 00:00:00+09:00,781.1558882414752,787.291855943674,769.3559503526311,776.4359130859375,38200,0.0,0.0
2006-03-10 00:00:00+09:00,777.3798993084881,788.235842043215,777.3798993084881,785.8758544921875,11600,0.0,0.0
2006-03-13 00:00:00+09:00,809.4757793752727,811.8357670702444,779.73993441863,811.36376953125,25600,0.0,0.0
2006-03-14 00:00:00+09:00,811.8357475346722,821.2756980874009,811.8357475346722,818.9157104492188,11600,0.0,0.0
2006-03-15 00:00:00+09:00,830.7156282917837,840.1555786132812,825.9956531310349,840.1555786132812,20400,0.0,0.0
2006-03-16 00:00:00+09:00,848.6515189210352,859.0354640913704,841.0995587971549,842.987548828125,44400,0.0,0.0
2006-03-17 00:00:00+09:00,845.3476205978266,845.3476205978266,840.1556474953273,844.4036254882812,11800,0.0,0.0
2006-03-20 00:00:00+09:00,847.7075003394469,882.6353149414062,847.7075003394469,882.6353149414062,63000,0.0,0.0
2006-03-21 00:00:00+09:00,882.6353149414062,882.6353149414062,882.6353149414062,882.6353149414062,0,0.0,0.0
2006-03-22 00:00:00+09:00,873.1954356776739,884.5233764648438,873.1954356776739,884.5233764648438,37600,0.0,0.0
2006-03-23 00:00:00+09:00,893.9633236291274,893.9633236291274,875.555419921875,875.555419921875,14400,0.0,0.0
2006-03-24 00:00:00+09:00,884.5233706894742,884.5233706894742,875.555417624853,877.9154052734375,8400,0.0,0.0
2006-03-27 00:00:00+09:00,875.555417624853,880.2753929220221,873.1954299762685,877.9154052734375,16800,0.0,0.0
2006-03-28 00:00:00+09:00,877.9154052734375,877.9154052734375,859.0355040847614,877.9154052734375,5800,0.0,0.0
2006-03-29 00:00:00+09:00,867.5314734620475,868.4754685365438,863.7554931640625,863.7554931640625,17600,0.0,0.0
2006-03-30 00:00:00+09:00,864.69953943201,874.6114883010451,863.7555443016258,873.1954956054688,31800,0.0,0.0
2006-03-31 00:00:00+09:00,873.1953650489849,882.6353149414062,873.1953650489849,882.6353149414062,21400,0.0,0.0
2006-04-03 00:00:00+09:00,882.6353669343171,896.7952926070601,873.1954164858217,892.0753173828125,42200,0.0,0.0
2006-04-04 00:00:00+09:00,892.075347031169,920.8671968559846,892.075347031169,911.42724609375,52400,0.0,0.0
2006-04-05 00:00:00+09:00,915.203241521662,920.3952145266843,874.1394550273945,908.5952758789062,32000,0.0,0.0
2006-04-06 00:00:00+09:00,903.8752957129664,913.3152465820312,903.8752957129664,913.3152465820312,9000,0.0,0.0
2006-04-07 00:00:00+09:00,912.3712062474301,915.6751888877467,896.7952880859375,896.7952880859375,13200,0.0,0.0
2006-04-10 00:00:00+09:00,908.5952679150289,908.5952679150289,882.6354031174566,904.3472900390625,9600,0.0,0.0
2006-04-11 00:00:00+09:00,908.5952170689901,910.9552046457926,893.0192990620931,906.2352294921875,16000,0.0,0.0
2006-04-12 00:00:00+09:00,901.5153118938223,901.5153118938223,895.3793438023984,897.267333984375,11000,0.0,0.0
2006-04-13 00:00:00+09:00,897.267341877403,901.5153198242188,887.3553933348331,901.5153198242188,10200,0.0,0.0
2006-04-14 00:00:00+09:00,896.7953460385102,896.7953460385102,887.3553950275784,887.827392578125,3400,0.0,0.0
2006-04-17 00:00:00+09:00,887.3553558677755,887.8273533974925,877.9154052734375,877.9154052734375,12400,0.0,0.0
2006-04-18 00:00:00+09:00,874.6114248599647,877.4434100456958,873.1954322670991,875.555419921875,13200,0.0,0.0
2006-04-19 00:00:00+09:00,878.3873374898167,889.7152773607223,875.5553525220902,882.6353149414062,19000,0.0,0.0
2006-04-20 00:00:00+09:00,889.7154008649848,893.96337890625,887.355413064282,893.96337890625,18400,0.0,0.0
2006-04-21 00:00:00+09:00,886.883424996041,886.883424996041,868.4755199535473,873.1954956054688,23800,0.0,0.0
2006-04-24 00:00:00+09:00,873.1955005811608,873.6674981490426,868.4755249023438,868.4755249023438,35800,0.0,0.0
2006-04-25 00:00:00+09:00,868.4754828559028,868.9474804009332,844.8756056043836,849.5955810546875,68200,0.0,0.0
2006-04-26 00:00:00+09:00,859.0355936686198,859.0355936686198,837.7957026163737,838.2677001953125,11800,0.0,0.0
2006-04-27 00:00:00+09:00,837.7956471363259,849.5955858283868,837.7956471363259,844.8756103515625,13800,0.0,0.0
2006-04-28 00:00:00+09:00,840.1556512842558,840.1556512842558,811.8357978701798,817.0277709960938,33000,0.0,0.0
2006-05-01 00:00:00+09:00,845.3475603623823,845.3475603623823,830.7156372070312,830.7156372070312,23600,0.0,0.0
2006-05-02 00:00:00+09:00,830.7156544811321,830.7156544811321,818.9157162072524,825.523681640625,21400,0.0,0.0
2006-05-03 00:00:00+09:00,825.523681640625,825.523681640625,825.523681640625,825.523681640625,0,0.0,0.0
2006-05-04 00:00:00+09:00,825.523681640625,825.523681640625,825.523681640625,825.523681640625,0,0.0,0.0
2006-05-05 00:00:00+09:00,825.523681640625,825.523681640625,825.523681640625,825.523681640625,0,0.0,0.0
2006-05-08 00:00:00+09:00,825.5236644744873,830.7156372070312,825.5236644744873,830.7156372070312,23400,0.0,0.0
2006-05-09 00:00:00+09:00,830.7156808035714,840.1556317217938,830.7156808035714,835.9076538085938,35400,0.0,0.0
2006-05-10 00:00:00+09:00,835.9076237849417,835.9076237849417,816.5557250976562,816.5557250976562,25600,0.0,0.0
2006-05-11 00:00:00+09:00,816.0837415627873,818.9157267850989,802.3958129882812,802.3958129882812,14600,0.0,0.0
2006-05-12 00:00:00+09:00,793.8998563124627,794.3718538489148,791.06787109375,791.06787109375,16800,0.0,0.0
2006-05-15 00:00:00+09:00,791.06787109375,825.9956887912067,791.06787109375,791.06787109375,23400,0.0,0.0
2006-05-16 00:00:00+09:00,792.955847323049,796.7318275483968,779.7399165343315,780.2119140625,23600,0.0,0.0
2006-05-17 00:00:00+09:00,778.7959051569667,778.7959051569667,769.3559547914277,771.7159423828125,35400,0.0,0.0
2006-05-18 00:00:00+09:00,769.8279189538628,773.603898936469,754.2520015256117,754.7239990234375,39600,0.0,0.0
2006-05-19 00:00:00+09:00,755.1960507086803,759.9160260256095,731.5961741240341,736.7881469726562,62600,0.0,0.0
2006-05-22 00:00:00+09:00,778.7959594726562,778.7959594726562,778.7959594726562,778.7959594726562,35400,0.0,0.0
2006-05-23 00:00:00+09:00,769.3559898963341,774.0759652944711,736.316162109375,736.316162109375,39400,0.0,0.0
2006-05-24 00:00:00+09:00,759.9160766601562,766.9960401073006,755.1961010287267,759.9160766601562,19600,0.0,0.0
2006-05-25 00:00:00+09:00,775.9639843868085,783.5159453054149,774.075994157157,780.6839599609375,14800,0.0,0.0
2006-05-26 00:00:00+09:00,794.8439153530604,802.3958765440634,788.2359493109329,800.035888671875,18200,0.0,0.0
2006-05-29 00:00:00+09:00,802.3957992289107,821.2757003872381,802.3957992289107,816.5557250976562,36600,0.0,0.0
2006-05-30 00:00:00+09:00,821.2756958007812,825.9956710640041,816.5557205375584,821.2756958007812,52600,0.0,0.0
2006-05-31 00:00:00+09:00,816.5557297107786,816.5557297107786,807.1157790782839,811.8357543945312,71200,0.0,0.0
2006-06-01 00:00:00+09:00,814.1957420526549,814.6677395842796,811.8357543945312,811.8357543945312,56600,0.0,0.0
2006-06-02 00:00:00+09:00,811.3637905051492,811.3637905051492,759.9160574248343,778.7959594726562,12400,0.0,0.0
2006-06-05 00:00:00+09:00,778.79589911525,783.515874261403,765.1079711914062,765.1079711914062,11600,0.0,0.0
2006-06-06 00:00:00+09:00,743.3960697702411,755.1960073856417,742.924072265625,742.924072265625,12200,0.0,0.0
2006-06-07 00:00:00+09:00,739.1481593228318,755.1960759364821,722.6282451617213,724.5162353515625,31000,0.0,0.0
2006-06-08 00:00:00+09:00,706.5803809959572,706.5803809959572,674.95654296875,674.95654296875,27000,0.0,0.0
2006-06-09 00:00:00+09:00,698.556321449602,745.2840753844065,698.556321449602,726.4041748046875,9800,0.0,0.0
2006-06-12 00:00:00+09:00,726.4041748046875,741.0360977539697,726.4041748046875,726.4041748046875,22600,0.0,0.0
2006-06-13 00:00:00+09:00,726.4042071268531,745.7561060821494,717.4362539524475,718.3802490234375,26600,0.0,0.0
2006-06-14 00:00:00+09:00,754.2520751953125,754.2520751953125,754.2520751953125,754.2520751953125,26600,0.0,0.0
2006-06-15 00:00:00+09:00,743.8681275201612,754.2520734627016,731.59619140625,731.59619140625,12600,0.0,0.0
2006-06-16 00:00:00+09:00,745.7561497658677,766.9960401073006,737.2601936292945,759.9160766601562,21800,0.0,0.0
2006-06-19 00:00:00+09:00,756.6120375061035,757.556032562256,746.2280918884278,755.196044921875,5600,0.0,0.0
2006-06-20 00:00:00+09:00,741.5080690843154,759.9159714995211,741.5080690843154,754.7239990234375,5800,0.0,0.0
2006-06-21 00:00:00+09:00,754.7240566591673,759.9160295317445,730.1801848978936,745.756103515625,7000,0.0,0.0
2006-06-22 00:00:00+09:00,755.196044921875,758.9720251464844,745.7560943603517,755.196044921875,8400,0.0,0.0
2006-06-23 00:00:00+09:00,752.8360572814942,755.196044921875,750.4760696411133,755.196044921875,10800,0.0,0.0
2006-06-26 00:00:00+09:00,764.6359420608688,773.6038944677555,755.1959921588827,773.1318969726562,17000,0.0,0.0
2006-06-27 00:00:00+09:00,772.6599990817133,783.0439453125,772.6599990817133,783.0439453125,17200,0.0,0.0
2006-06-28 00:00:00+09:00,777.3799103527534,777.3799103527534,774.075927734375,774.075927734375,10200,0.0,0.0
2006-06-29 00:00:00+09:00,778.7959058137866,797.6758065607876,778.7959058137866,796.7318115234375,14400,0.0,0.0
2006-06-30 00:00:00+09:00,797.675837617762,814.1957514145795,797.675837617762,802.3958129882812,21200,0.0,0.0
2006-07-03 00:00:00+09:00,797.6758533695386,811.8357797607138,789.1798975348333,810.8917846679688,10400,0.0,0.0
2006-07-04 00:00:00+09:00,811.3637323261223,811.3637323261223,799.091796875,799.091796875,2400,0.0,0.0
2006-07-05 00:00:00+09:00,802.3958129882812,802.3958129882812,797.675837617762,802.3958129882812,13400,0.0,0.0
2006-07-06 00:00:00+09:00,783.5158586732431,783.987856178468,781.6278686523438,781.6278686523438,13600,0.0,0.0
2006-07-07 00:00:00+09:00,780.6839369664692,780.6839369664692,779.2679443359375,779.2679443359375,3400,0.0,0.0
2006-07-10 00:00:00+09:00,755.6680297851562,755.6680297851562,755.6680297851562,755.6680297851562,3400,0.0,0.0
2006-07-11 00:00:00+09:00,766.9960200273389,769.3560077812692,755.1960812576875,767.468017578125,35400,0.0,0.0
2006-07-12 00:00:00+09:00,781.1559465509206,781.1559465509206,767.468017578125,767.468017578125,6200,0.0,0.0
2006-07-13 00:00:00+09:00,764.6359803994299,766.9959679932552,758.0280151367188,758.0280151367188,6600,0.0,0.0
2006-07-14 00:00:00+09:00,756.6121215820312,762.2760925483346,755.6681264209807,756.6121215820312,5000,0.0,0.0
2006-07-17 00:00:00+09:00,731.1241455078125,731.1241455078125,731.1241455078125,731.1241455078125,5000,0.0,0.0
2006-07-18 00:00:00+09:00,756.6121036553533,756.6121036553533,745.7561595604855,750.4761352539062,48400,0.0,0.0
2006-07-19 00:00:00+09:00,732.5401817908654,745.756112905649,732.5401817908654,736.316162109375,13800,0.0,0.0
2006-07-20 00:00:00+09:00,748.1160005732397,757.555950107287,745.7560131897279,751.4199829101562,12600,0.0,0.0
2006-07-21 00:00:00+09:00,750.9479854334539,752.8359753402634,750.4759879567515,751.4199829101562,6400,0.0,0.0
2006-07-24 00:00:00+09:00,751.4200521036656,765.5799777086343,746.2280793818438,755.6680297851562,39600,0.0,0.0
2006-07-25 00:00:00+09:00,764.6360116777079,764.6360116777079,755.1960609162546,763.6920166015625,4600,0.0,0.0
2006-07-26 00:00:00+09:00,764.6360597999118,766.9960476388004,752.8361206054688,752.8361206054688,28600,0.0,0.0
2006-07-27 00:00:00+09:00,752.364052976248,766.523978690983,752.364052976248,762.2760009765625,31200,0.0,0.0
2006-07-28 00:00:00+09:00,761.3320036711516,766.0519788953993,761.3320036711516,764.635986328125,22200,0.0,0.0
2006-07-31 00:00:00+09:00,771.7159044873583,788.2358168158339,764.6359420608688,773.1318969726562,34200,0.0,0.0
2006-08-01 00:00:00+09:00,771.7159044873583,773.1318969726562,771.7159044873583,773.1318969726562,1000,0.0,0.0
2006-08-02 00:00:00+09:00,771.2439539292279,771.2439539292279,762.2760009765625,762.2760009765625,2200,0.0,0.0
2006-08-03 00:00:00+09:00,763.6920671954845,763.6920671954845,750.4761352539062,750.4761352539062,8800,0.0,0.0
2006-08-04 00:00:00+09:00,736.3161668346773,741.0361422631048,717.4362651209677,731.59619140625,54200,0.0,0.0
2006-08-07 00:00:00+09:00,722.6282419894176,736.316170805677,712.7162935362642,715.5482788085938,20000,0.0,0.0
2006-08-08 00:00:00+09:00,716.0202208415601,735.8441162109375,711.7722432624079,735.8441162109375,20600,0.0,0.0
2006-08-09 00:00:00+09:00,714.6042798639113,731.59619140625,714.6042798639113,731.59619140625,3600,0.0,0.0
2006-08-10 00:00:00+09:00,729.2362084326807,729.2362084326807,722.1562452440138,726.876220703125,8000,0.0,0.0
2006-08-11 00:00:00+09:00,722.6281976338637,731.5961504457797,704.220294493615,710.3562622070312,29400,0.0,0.0
2006-08-14 00:00:00+09:00,712.7163647330381,724.0443069539606,665.5166054791945,706.1083984375,34600,0.0,0.0
2006-08-15 00:00:00+09:00,687.2284394771716,718.3802780798457,687.2284394771716,690.0604248046875,61000,0.0,0.0
2006-08-16 00:00:00+09:00,702.3323094567587,731.5961556841237,698.5563292983891,730.6521606445312,106000,0.0,0.0
2006-08-17 00:00:00+09:00,732.5401552594685,754.7240388272488,717.4362345324691,725.9321899414062,49600,0.0,0.0
2006-08-18 00:00:00+09:00,735.8441764906097,741.0361495126731,724.5162353515625,724.5162353515625,14400,0.0,0.0
2006-08-21 00:00:00+09:00,809.4758401606286,825.0517601170723,780.2119905454922,800.035888671875,234200,0.0,0.0
2006-08-22 00:00:00+09:00,799.5637756347656,799.5637756347656,779.7398803710937,792.955810546875,31400,0.0,0.0
2006-08-23 00:00:00+09:00,780.6838792034147,801.9237670898438,780.6838792034147,801.9237670898438,38400,0.0,0.0
2006-08-24 00:00:00+09:00,794.8438490505093,800.0358219362312,788.2358835595907,793.4278564453125,27400,0.0,0.0
2006-08-25 00:00:00+09:00,788.2359056587679,792.9558811417545,783.5159301757812,783.5159301757812,31400,0.0,0.0
2006-08-28 00:00:00+09:00,782.57188758148,782.57188758148,767.9399644722968,769.35595703125,56800,0.0,0.0
2006-08-29 00:00:00+09:00,769.3560084487453,788.2359104965673,766.9960206927675,778.7959594726562,29400,0.0,0.0
2006-08-30 00:00:00+09:00,792.4838256835938,794.3718157388257,785.8758604902821,792.4838256835938,35200,0.0,0.0
2006-08-31 00:00:00+09:00,792.9559171931409,794.3719099024142,783.9879633677422,784.4599609375,29400,0.0,0.0
2006-09-01 00:00:00+09:00,784.4599510673678,796.7318877266647,783.5159559397296,793.89990234375,25800,0.0,0.0
2006-09-04 00:00:00+09:00,793.8998573213465,809.4757760440602,785.8758991914636,802.3958129882812,39200,0.0,0.0
2006-09-05 00:00:00+09:00,809.003788907763,811.8357741664834,802.3958233040823,804.2838134765625,25000,0.0,0.0
2006-09-06 00:00:00+09:00,802.395779496456,804.7557670832103,798.6197993576492,799.091796875,14200,0.0,0.0
2006-09-07 00:00:00+09:00,807.1157883588005,807.1157883588005,799.0918302289177,802.3958129882812,12600,0.0,0.0
2006-09-08 00:00:00+09:00,789.6518794878791,804.2838031364889,789.6518794878791,802.3958129882812,7400,0.0,0.0
2006-09-11 00:00:00+09:00,802.3958765440634,807.1158522884402,789.1799444598082,800.035888671875,7400,0.0,0.0
2006-09-12 00:00:00+09:00,800.03577094828,800.03577094828,788.235833323674,795.3157958984375,25000,0.0,0.0
2006-09-13 00:00:00+09:00,800.03577094828,806.6437360180591,787.7638358186898,795.3157958984375,24600,0.0,0.0
2006-09-14 00:00:00+09:00,792.9559171931409,797.6758928907191,784.4599609375,784.4599609375,19400,0.0,0.0
2006-09-15 00:00:00+09:00,789.1798370636261,795.3158046962978,783.5158669411599,785.8758544921875,19000,0.0,0.0
2006-09-18 00:00:00+09:00,785.8758544921875,785.8758544921875,785.8758544921875,785.8758544921875,0,0.0,0.0
2006-09-19 00:00:00+09:00,792.9558811417545,793.8998762383519,783.5159301757812,783.5159301757812,14000,0.0,0.0
2006-09-20 00:00:00+09:00,786.8199590739414,802.3958790796044,786.8199590739414,797.6759033203125,43000,0.0,0.0
2006-09-21 00:00:00+09:00,804.7557641290556,817.0276995351292,803.8117690978191,815.1397094726562,73000,0.0,0.0
2006-09-22 00:00:00+09:00,807.1158247115576,816.5557758777746,802.3958491284491,814.6677856445312,31200,0.0,0.0
2006-09-25 00:00:00+09:00,837.3236175850288,837.7956151146709,823.6356892254089,827.8836669921875,71000,0.0,0.0
2006-09-26 00:00:00+09:00,834.9636456549658,863.755495505137,834.9636456549658,861.3955078125,169200,0.0,0.0
2006-09-27 00:00:00+09:00,859.0355098948759,859.0355098948759,833.5476431177752,834.4916381835938,178200,0.0,0.0
2006-09-28 00:00:00+09:00,844.8755697780489,849.5955450282056,822.6916861023124,823.6356811523438,150000,0.0,0.0
2006-09-29 00:00:00+09:00,824.1077000352203,863.7554931640625,818.915727125491,863.7554931640625,144400,0.0,0.0
2006-10-02 00:00:00+09:00,843.4595168541217,856.2034491177262,843.4595168541217,848.6514892578125,75400,0.0,0.0
2006-10-03 00:00:00+09:00,835.9075675056401,847.7075049351381,834.0195775169204,836.8515625,50800,0.0,0.0
2006-10-04 00:00:00+09:00,837.7956536345861,840.1556413913032,823.6357270942832,826.4677124023438,33400,0.0,0.0
2006-10-05 00:00:00+09:00,831.1876451141981,838.7396055468085,826.9396673708545,832.6036376953125,13000,0.0,0.0
2006-10-06 00:00:00+09:00,838.7395419416756,849.5954842403016,822.6916272393588,848.6514892578125,22800,0.0,0.0
2006-10-09 00:00:00+09:00,848.6514892578125,848.6514892578125,848.6514892578125,848.6514892578125,0,0.0,0.0
2006-10-10 00:00:00+09:00,846.7636102191473,846.7636102191473,825.9957178837835,835.4356689453125,12600,0.0,0.0
2006-10-11 00:00:00+09:00,835.4356262559836,840.1556015455654,816.5557250976562,816.5557250976562,31800,0.0,0.0
2006-10-12 00:00:00+09:00,802.3957787490473,802.3957787490473,771.7159401498191,774.075927734375,52200,0.0,0.0
2006-10-13 00:00:00+09:00,788.2358868767234,809.9477735811122,788.2358868767234,802.3958129882812,22200,0.0,0.0
2006-10-16 00:00:00+09:00,802.3958129882812,802.3958129882812,802.3958129882812,802.3958129882812,22200,0.0,0.0
2006-10-17 00:00:00+09:00,802.3958510768084,824.5797363712849,800.0358632795236,800.9798583984375,18600,0.0,0.0
2006-10-18 00:00:00+09:00,793.4278597842946,820.8037169333065,788.2358868767234,802.3958129882812,15800,0.0,0.0
2006-10-19 00:00:00+09:00,816.5557020195109,816.5557020195109,807.1157517071466,815.1397094726562,19400,0.0,0.0
2006-10-20 00:00:00+09:00,815.1397325107818,816.5557250976562,804.7557868737017,816.5557250976562,8000,0.0,0.0
2006-10-23 00:00:00+09:00,815.6117934782608,816.0837910439311,807.1158372961957,814.19580078125,11200,0.0,0.0
2006-10-24 00:00:00+09:00,814.19580078125,814.19580078125,814.19580078125,814.19580078125,11200,0.0,0.0
2006-10-25 00:00:00+09:00,804.2838693833211,804.7558669592502,792.9559275610208,797.6759033203125,18800,0.0,0.0
2006-10-26 00:00:00+09:00,807.1157457448555,809.0037357933815,795.3158079415681,808.53173828125,22600,0.0,0.0
2006-10-27 00:00:00+09:00,809.0037484570084,809.4757459765283,797.6758079885321,808.0597534179688,16800,0.0,0.0
2006-10-30 00:00:00+09:00,804.7557914201603,814.1957420526549,797.6758284457894,811.8357543945312,26600,0.0,0.0
2006-10-31 00:00:00+09:00,811.8357452743355,825.9956710640041,800.0358071162783,821.2756958007812,48200,0.0,0.0
2006-11-01 00:00:00+09:00,821.2757154849731,821.2757154849731,807.5877868935569,813.7237548828125,5000,0.0,0.0
2006-11-02 00:00:00+09:00,802.3958129882812,807.1157883588005,802.3958129882812,802.3958129882812,9200,0.0,0.0
2006-11-03 00:00:00+09:00,802.3958129882812,802.3958129882812,802.3958129882812,802.3958129882812,0,0.0,0.0
2006-11-06 00:00:00+09:00,799.091796875,802.395779496456,799.091796875,799.091796875,4400,0.0,0.0
2006-11-07 00:00:00+09:00,795.3157980782645,808.0597307477678,792.955810546875,792.955810546875,9000,0.0,0.0
2006-11-08 00:00:00+09:00,792.9558565947509,803.3398023358726,788.7078787915647,795.787841796875,8000,0.0,0.0
2006-11-09 00:00:00+09:00,795.7878616058898,811.3637806052933,781.1559376973593,788.2359008789062,14600,0.0,0.0
2006-11-10 00:00:00+09:00,787.7638883385852,792.0118661666542,781.1559228282555,791.06787109375,6600,0.0,0.0
2006-11-13 00:00:00+09:00,781.1559353501049,799.0918420227962,774.0759721898321,790.5958862304688,13800,0.0,0.0
2006-11-14 00:00:00+09:00,804.7558125510144,804.7558125510144,786.347908334305,790.5958862304688,5600,0.0,0.0
2006-11-15 00:00:00+09:00,785.8758656571551,792.483830893912,765.5799724299734,774.075927734375,82400,0.0,0.0
2006-11-16 00:00:00+09:00,775.0199227681975,789.1798482755336,771.7159401498191,774.075927734375,30800,0.0,0.0
2006-11-17 00:00:00+09:00,788.2358766951652,788.2358766951652,774.0759507665094,775.491943359375,7000,0.0,0.0
2006-11-20 00:00:00+09:00,768.4120481876364,771.7160311958141,750.9481380015537,757.0841064453125,17200,0.0,0.0
2006-11-21 00:00:00+09:00,757.084040835452,759.4440284939167,736.7881469726562,736.7881469726562,16200,0.0,0.0
2006-11-22 00:00:00+09:00,738.2041339111329,759.9160202026368,736.3161437988282,755.196044921875,6800,0.0,0.0
2006-11-23 00:00:00+09:00,755.196044921875,755.196044921875,755.196044921875,755.196044921875,0,0.0,0.0
2006-11-24 00:00:00+09:00,755.1960270579268,778.7959029034871,731.5961512123666,774.075927734375,18200,0.0,0.0
2006-11-27 00:00:00+09:00,790.5957957084848,790.5957957084848,762.275946309972,782.5718383789062,12000,0.0,0.0
2006-11-28 00:00:00+09:00,778.3239571444959,786.8199130138719,769.3560037268213,783.5159301757812,6800,0.0,0.0
2006-11-29 00:00:00+09:00,783.5159230701959,790.5958862304688,783.0439255261776,790.5958862304688,7000,0.0,0.0
2006-11-30 00:00:00+09:00,790.5958491430057,790.5958491430057,773.1319408335781,778.3239135742188,13800,0.0,0.0
2006-12-01 00:00:00+09:00,778.3239365917142,786.8198922367419,778.3239365917142,779.7399291992188,9600,0.0,0.0
2006-12-04 00:00:00+09:00,765.5800054164532,778.3239389221525,765.5800054164532,777.3799438476562,10800,0.0,0.0
2006-12-05 00:00:00+09:00,788.2358824983734,797.6758331869767,780.6839219474907,782.0999145507812,33400,0.0,0.0
2006-12-06 00:00:00+09:00,792.4838613751813,795.315846585575,788.2358835595907,793.4278564453125,18400,0.0,0.0
2006-12-07 00:00:00+09:00,793.8998029924747,809.0037231445312,793.4278054877229,809.0037231445312,22000,0.0,0.0
2006-12-08 00:00:00+09:00,807.1157790782839,816.0837321791538,807.1157790782839,811.8357543945312,28200,0.0,0.0
2006-12-11 00:00:00+09:00,813.251742394949,816.5557250976562,811.8357498080744,816.5557250976562,13600,0.0,0.0
2006-12-12 00:00:00+09:00,817.0277306686673,823.6356961391245,816.5557331350633,820.8037109375,17200,0.0,0.0
2006-12-13 00:00:00+09:00,815.1397094726562,815.1397094726562,815.1397094726562,815.1397094726562,17200,0.0,0.0
2006-12-14 00:00:00+09:00,813.7237675645223,816.0837552894774,811.8357773845581,813.2517700195312,15800,0.0,0.0
2006-12-15 00:00:00+09:00,821.2756582680772,821.2756582680772,808.0597281350277,809.0037231445312,13400,0.0,0.0
2006-12-18 00:00:00+09:00,813.2517929695987,817.0277734360855,813.2517929695987,814.6677856445312,10400,0.0,0.0
2006-12-19 00:00:00+09:00,814.1957374528654,818.443715213489,806.1717794605762,816.5557250976562,7600,0.0,0.0
2006-12-20 00:00:00+09:00,817.0277329811175,821.7477083305174,811.8357600967777,818.4437255859375,19600,0.0,0.0
2006-12-21 00:00:00+09:00,817.9716879212897,823.635658062695,817.0276928977222,822.2196655273438,11800,0.0,0.0
2006-12-22 00:00:00+09:00,821.2757154849731,821.2757154849731,809.9477745817321,813.7237548828125,5200,0.0,0.0
2006-12-25 00:00:00+09:00,807.1157457448555,808.53173828125,804.755758184198,808.53173828125,10200,0.0,0.0
2006-12-26 00:00:00+09:00,808.5317191834943,816.5556767002015,803.8117441736665,816.0836791992188,19600,0.0,0.0
2006-12-27 00:00:00+09:00,807.5877892192954,818.9157301551593,807.5877892192954,811.36376953125,4000,0.0,0.0
2006-12-28 00:00:00+09:00,814.1957293548672,814.1957293548672,809.4757541122303,812.3077392578125,3600,0.0,0.0
2006-12-29 00:00:00+09:00,808.0598398665935,816.5557961268731,807.1158447265625,807.1158447265625,8000,0.0,0.0
2007-01-04 00:00:00+09:00,807.1158447265625,807.1158447265625,807.1158447265625,807.1158447265625,4600,0.0,0.0
2007-01-05 00:00:00+09:00,816.5557504583288,817.9717430891814,807.5877971295957,815.6117553710938,20800,0.0,0.0
2007-01-09 00:00:00+09:00,816.5556953859384,822.6916630391275,811.8357202681005,822.2196655273438,16800,0.0,0.0
2007-01-10 00:00:00+09:00,818.9157710919807,824.5797418430491,807.5878295898438,807.5878295898438,21000,0.0,0.0
2007-01-11 00:00:00+09:00,816.0837985568576,816.0837985568576,806.6438471565469,807.1158447265625,17600,0.0,0.0
2007-01-12 00:00:00+09:00,816.0837067394722,821.2756794254955,812.3077266041826,812.7797241210938,17400,0.0,0.0
2007-01-15 00:00:00+09:00,821.2756935272654,825.5236712524064,818.4437083771713,823.6356811523438,23200,0.0,0.0
2007-01-16 00:00:00+09:00,849.5955612647973,887.3553639876773,849.5955612647973,882.1633911132812,143400,0.0,0.0
2007-01-17 00:00:00+09:00,884.995416221973,915.675257317668,882.1634308900626,914.7312622070312,156600,0.0,0.0
2007-01-18 00:00:00+09:00,915.2032263986439,917.5632140892025,902.4592928696271,911.42724609375,73600,0.0,0.0
2007-01-19 00:00:00+09:00,910.9552667562854,923.2272029923804,908.5952790185747,917.563232421875,71000,0.0,0.0
2007-01-22 00:00:00+09:00,915.6752548963829,927.00319619407,915.6752548963829,917.0912475585938,81000,0.0,0.0
2007-01-23 00:00:00+09:00,917.091197052002,953.4350067138672,917.091197052002,943.9950561523438,115400,0.0,0.0
2007-01-24 00:00:00+09:00,962.87489212391,1021.8745791413063,958.1549171625182,1014.7946166992188,281800,0.0,0.0
2007-01-25 00:00:00+09:00,1002.9946792957395,1061.994366313136,1000.6346918150437,1014.7946166992188,177200,0.0,0.0
2007-01-26 00:00:00+09:00,1002.9948023371485,1031.3146555796093,1002.9948023371485,1012.4347534179688,87400,0.0,0.0
2007-01-29 00:00:00+09:00,1017.1547725572498,1045.4746270136002,1012.4347968145248,1028.9547119140625,111800,0.0,0.0
2007-01-30 00:00:00+09:00,1038.3946139519287,1038.3946139519287,1017.1547241210938,1017.1547241210938,30800,0.0,0.0
2007-01-31 00:00:00+09:00,1007.7147239720878,1017.1546745479387,991.1948104643486,1005.354736328125,55600,0.0,0.0
2007-02-01 00:00:00+09:00,1005.354709572988,1052.554461196133,995.914759248359,1033.674560546875,135600,0.0,0.0
2007-02-02 00:00:00+09:00,1038.3946736653645,1043.1146494547525,1012.4348068237305,1019.5147705078125,26200,0.0,0.0
2007-02-05 00:00:00+09:00,1014.7946822977513,1033.6745833637558,1010.0747070312501,1010.07470703125,34800,0.0,0.0
2007-02-06 00:00:00+09:00,1007.7145762519576,1038.394411126139,1000.6346143579158,1036.034423828125,66000,0.0,0.0
2007-02-07 00:00:00+09:00,1038.3945379540905,1038.3945379540905,1026.5946000227939,1031.3145751953125,42200,0.0,0.0
2007-02-08 00:00:00+09:00,1036.03468062581,1040.754656391759,1024.2347412109375,1024.2347412109375,41600,0.0,0.0
2007-02-09 00:00:00+09:00,1024.2345993007548,1047.83447486068,1024.2345993007548,1045.4744873046875,54400,0.0,0.0
2007-02-13 00:00:00+09:00,1038.3945074314024,1071.434332667856,1038.3945074314024,1064.3543701171875,148600,0.0,0.0
2007-02-14 00:00:00+09:00,1064.3545170998086,1071.4344806281888,1031.3146873007015,1040.754638671875,169200,0.0,0.0
2007-02-15 00:00:00+09:00,1038.3945424748563,1038.3945424748563,1019.5146417025862,1026.5946044921875,84400,0.0,0.0
2007-02-16 00:00:00+09:00,1021.8745791413063,1024.2345666220021,1002.9946792957395,1014.7946166992188,72800,0.0,0.0
2007-02-19 00:00:00+09:00,1007.7147778775586,1017.1547289583789,995.9148390265334,1012.4347534179688,56400,0.0,0.0
2007-02-20 00:00:00+09:00,1007.7147216796875,1012.4346969568758,1005.3547340410934,1007.7147216796875,28400,0.0,0.0
2007-02-21 00:00:00+09:00,1014.7946845954699,1017.154672234064,1005.3547340410934,1007.7147216796875,38600,0.0,0.0
2007-02-22 00:00:00+09:00,1007.7147216796875,1014.7946845954699,1002.9947464024993,1007.7147216796875,44400,0.0,0.0
2007-02-23 00:00:00+09:00,1007.7147081476436,1026.5946090028688,981.754844471709,1021.8746337890625,161400,0.0,0.0
2007-02-26 00:00:00+09:00,1021.8746248502754,1033.674562781572,1021.8746248502754,1031.3145751953125,47600,0.0,0.0
2007-02-27 00:00:00+09:00,1026.594554102698,1026.594554102698,1010.074641737827,1014.7946166992188,37000,0.0,0.0
2007-02-28 00:00:00+09:00,920.8671267239553,1005.3546796114939,920.8671267239553,1000.6347045898438,70000,0.0,0.0
2007-03-01 00:00:00+09:00,1019.5146135602678,1019.5146135602678,981.7548130580357,991.1947631835938,60000,0.0,0.0
2007-03-02 00:00:00+09:00,972.3148629324777,995.9147382463727,960.5149252755301,991.1947631835938,54400,0.0,0.0
2007-03-05 00:00:00+09:00,958.1550390139148,969.9549779180271,930.3071832002099,948.715087890625,47400,0.0,0.0
2007-03-06 00:00:00+09:00,929.8352136083396,979.3949584960938,929.8352136083396,979.3949584960938,25200,0.0,0.0
2007-03-07 00:00:00+09:00,988.8348025153665,993.5547777063706,943.9950382008273,962.8749389648438,33000,0.0,0.0
2007-03-08 00:00:00+09:00,979.3948169924178,1000.6347045898438,967.5948794382923,1000.6347045898438,35400,0.0,0.0
2007-03-09 00:00:00+09:00,1010.0747070312501,1019.5146575642524,988.8348183319948,1010.07470703125,63400,0.0,0.0
2007-03-12 00:00:00+09:00,1014.7946512213659,1045.474489514105,1014.7946512213659,1043.114501953125,63400,0.0,0.0
2007-03-13 00:00:00+09:00,1043.114501953125,1043.114501953125,1043.114501953125,1043.114501953125,63400,0.0,0.0
2007-03-14 00:00:00+09:00,1038.3945224521397,1071.4343481665258,1026.5945846970017,1047.83447265625,109600,0.0,0.0
2007-03-15 00:00:00+09:00,1066.7143426753548,1128.0740172540256,1059.6343802239696,1080.874267578125,454200,0.0,0.0
2007-03-16 00:00:00+09:00,1085.594240408837,1113.914090158633,1061.9943656173407,1083.2342529296875,176800,0.0,0.0
2007-03-19 00:00:00+09:00,1083.23425506192,1095.0341924808952,1061.9943677077647,1080.874267578125,49000,0.0,0.0
2007-03-20 00:00:00+09:00,1087.9542475043402,1090.3142350260416,1059.6343972439236,1061.994384765625,65600,0.0,0.0
2007-03-22 00:00:00+09:00,1087.9543601905907,1090.314347956731,1069.0744580614698,1073.79443359375,41000,0.0,0.0
2007-03-23 00:00:00+09:00,1054.9145314646291,1076.1544213598902,1038.3946171016485,1073.79443359375,44600,0.0,0.0
2007-03-26 00:00:00+09:00,1076.1544000033675,1095.0343017578125,1066.714449126145,1095.0343017578125,108800,0.0,0.0
2007-03-27 00:00:00+09:00,1083.2342508067254,1092.6742007048233,1078.5142758576767,1085.59423828125,50800,0.0,0.0
2007-03-28 00:00:00+09:00,1076.1543033423013,1080.8742783569605,1061.9943782983237,1069.0743408203125,35800,0.0,0.0
2007-03-29 00:00:00+09:00,1047.834453254346,1073.7943158349717,1045.4744657470164,1069.0743408203125,34200,0.0,0.0
2007-03-30 00:00:00+09:00,1076.1543098958332,1076.1543098958332,1059.6343972439236,1061.994384765625,26800,0.0,0.0
2007-04-02 00:00:00+09:00,1064.3542694091798,1064.3542694091798,1033.6744345925072,1038.3944091796875,78600,0.0,0.0
2007-04-03 00:00:00+09:00,1036.034515717698,1078.514290849631,1036.034515717698,1069.0743408203125,69000,0.0,0.0
2007-04-04 00:00:00+09:00,1083.23425506192,1083.23425506192,1073.7943051267398,1080.874267578125,79800,0.0,0.0
2007-04-05 00:00:00+09:00,1085.5942425457151,1085.5942425457151,1071.4343176429447,1080.874267578125,71400,0.0,0.0
2007-04-06 00:00:00+09:00,1078.5144091260304,1080.8743968921704,1073.79443359375,1073.79443359375,11000,0.0,0.0
2007-04-09 00:00:00+09:00,1073.79443359375,1073.79443359375,1073.79443359375,1073.79443359375,11000,0.0,0.0
2007-04-10 00:00:00+09:00,1080.874392052448,1080.874392052448,1073.794428785729,1078.514404296875,34400,0.0,0.0
2007-04-11 00:00:00+09:00,1078.5144091260304,1078.5144091260304,1069.0744580614698,1073.79443359375,18800,0.0,0.0
2007-04-12 00:00:00+09:00,1054.914538628232,1069.0744653212287,1052.5545508460661,1066.7144775390625,26600,0.0,0.0
2007-04-13 00:00:00+09:00,1066.714368606362,1066.714368606362,1052.554443359375,1052.554443359375,29400,0.0,0.0
2007-04-16 00:00:00+09:00,1054.9144243609933,1069.0743495202012,1054.9144243609933,1059.6343994140625,11000,0.0,0.0
2007-04-17 00:00:00+09:00,1059.6344081921525,1061.9943957382375,1050.1944580078125,1050.1944580078125,13400,0.0,0.0
2007-04-18 00:00:00+09:00,1047.8344770750848,1059.6344148799844,1043.114501953125,1043.114501953125,40800,0.0,0.0
2007-04-19 00:00:00+09:00,1054.9144375286576,1061.9944001966353,1040.7545121927026,1045.4744873046875,35000,0.0,0.0
2007-04-20 00:00:00+09:00,1045.4743730201808,1059.6342968082645,1033.674436530111,1036.034423828125,34600,0.0,0.0
2007-04-23 00:00:00+09:00,1038.3944091796875,1052.5543329412287,1033.6744345925072,1038.3944091796875,31000,0.0,0.0
2007-04-24 00:00:00+09:00,1024.2344854181463,1038.3944091796875,1019.514510830966,1038.3944091796875,51600,0.0,0.0
2007-04-25 00:00:00+09:00,1038.39452463671,1050.1944624166726,1036.0345370807174,1045.4744873046875,48200,0.0,0.0
2007-04-26 00:00:00+09:00,1057.2744097222221,1076.1543098958332,1052.5544346788195,1061.994384765625,69600,0.0,0.0
2007-04-27 00:00:00+09:00,1092.67431640625,1092.67431640625,1092.67431640625,1092.67431640625,69600,0.0,0.0
2007-05-01 00:00:00+09:00,1106.8341835817675,1172.913836332918,1104.4741959835123,1154.033935546875,329200,0.0,0.0
2007-05-02 00:00:00+09:00,1154.034067684842,1156.3940555533181,1137.514152605509,1144.5941162109375,83600,0.0,0.0
2007-05-07 00:00:00+09:00,1156.393798828125,1163.4737608617666,1151.6738241390306,1156.393798828125,82200,0.0,0.0
2007-05-08 00:00:00+09:00,1177.6337868652342,1189.433724609375,1172.9138117675782,1179.9937744140625,133800,0.0,0.0
2007-05-09 00:00:00+09:00,1179.9937810456488,1182.3537686077402,1172.913818359375,1172.913818359375,99400,0.0,0.0
2007-05-10 00:00:00+09:00,1154.0339222301136,1172.9138227982953,1151.673934659091,1168.19384765625,57200,0.0,0.0
2007-05-11 00:00:00+09:00,1146.953977236268,1149.31396484375,1139.874014413822,1149.31396484375,54200,0.0,0.0
2007-05-14 00:00:00+09:00,1135.1541722721083,1144.5941238086748,1132.7941843879669,1137.51416015625,44400,0.0,0.0
2007-05-15 00:00:00+09:00,1128.07421875,1137.042172790272,1123.3542429393306,1128.07421875,66200,0.0,0.0
2007-05-16 00:00:00+09:00,1179.9937656947545,1191.7937033517019,1161.1138654436384,1189.4337158203125,152400,0.0,0.0
2007-05-17 00:00:00+09:00,1198.8737963526073,1198.8737963526073,1177.6339062597463,1182.3538818359375,84000,0.0,0.0
2007-05-18 00:00:00+09:00,1191.7937033517019,1191.7937033517019,1182.353753226144,1189.4337158203125,81400,0.0,0.0
2007-05-21 00:00:00+09:00,1203.5937288317377,1231.9135812748375,1201.233741128146,1224.8336181640625,106800,0.0,0.0
2007-05-22 00:00:00+09:00,1241.3535064121463,1269.6733582694576,1234.2735434478184,1250.79345703125,139600,0.0,0.0
2007-05-23 00:00:00+09:00,1272.0333251953125,1272.0333251953125,1272.0333251953125,1272.0333251953125,139600,0.0,0.0
2007-05-24 00:00:00+09:00,1264.953369140625,1269.6733443986125,1257.873406253644,1264.953369140625,96000,0.0,0.0
2007-05-25 00:00:00+09:00,1224.833613478062,1234.273564256313,1224.833613478062,1229.5535888671875,89000,0.0,0.0
2007-05-28 00:00:00+09:00,1281.473251065341,1302.7131392045453,1274.3932883522727,1297.9931640625,134000,0.0,0.0
2007-05-29 00:00:00+09:00,1295.6333032315665,1295.6333032315665,1288.5533398259295,1293.2733154296875,77000,0.0,0.0
2007-05-30 00:00:00+09:00,1305.0731201171875,1305.0731201171875,1293.2731823222762,1305.0731201171875,90200,0.0,0.0
2007-05-31 00:00:00+09:00,1295.63330078125,1295.63330078125,1286.193349591587,1295.63330078125,185800,0.0,0.0
2007-06-01 00:00:00+09:00,1288.553227144129,1290.9132147396313,1281.4732643576228,1283.833251953125,108800,0.0,0.0
2007-06-04 00:00:00+09:00,1272.0333229347511,1279.1132857711227,1269.6733353226273,1274.393310546875,87400,0.0,0.0
2007-06-05 00:00:00+09:00,1288.553227144129,1290.9132147396313,1279.113276762121,1283.833251953125,112000,0.0,0.0
2007-06-06 00:00:00+09:00,1272.0331890399639,1290.913087949648,1267.3132143125429,1288.5531005859375,260200,0.0,0.0
2007-06-07 00:00:00+09:00,1326.3131055899546,1338.113044251787,1326.3131055899546,1331.0330810546875,401000,0.0,0.0
2007-06-08 00:00:00+09:00,1340.4731342875875,1361.7130254998908,1335.7531584626313,1349.9130859375,315800,0.0,0.0
2007-06-11 00:00:00+09:00,1366.4328730247576,1366.4328730247576,1349.9129591885344,1354.6329345703125,144200,0.0,0.0
2007-06-12 00:00:00+09:00,1342.8330054567573,1349.9129685786734,1342.8330054567573,1345.1929931640625,104600,0.0,0.0
2007-06-13 00:00:00+09:00,1323.9531154936394,1340.473029590708,1321.5931277654868,1333.39306640625,144400,0.0,0.0
2007-06-14 00:00:00+09:00,1352.27294921875,1359.3529123036649,1349.9129615237784,1352.27294921875,146200,0.0,0.0
2007-06-15 00:00:00+09:00,1368.792948820153,1387.6728515625,1368.792948820153,1387.6728515625,684400,0.0,0.0
2007-06-18 00:00:00+09:00,1408.9127523343857,1413.6327280540988,1359.3530072773972,1378.23291015625,230600,0.0,0.0
2007-06-19 00:00:00+09:00,1366.4329884758854,1371.1529642564585,1361.7130126953125,1361.7130126953125,129000,0.0,0.0
2007-06-20 00:00:00+09:00,1371.1529515846487,1375.872927321601,1366.4329758476965,1373.512939453125,100200,0.0,0.0
2007-06-21 00:00:00+09:00,1364.0728713463093,1373.5128220130657,1364.0728713463093,1368.7928466796875,94000,0.0,0.0
2007-06-22 00:00:00+09:00,1364.0728759765625,1368.7928513259624,1359.3529006271626,1364.0728759765625,67400,0.0,0.0
2007-06-25 00:00:00+09:00,1385.3128465155592,1411.2727124638918,1382.9528587020745,1404.1927490234375,209400,0.0,0.0
2007-06-26 00:00:00+09:00,1394.7525573113953,1406.5524943444866,1392.392569904777,1401.83251953125,192200,0.0,0.0
2007-06-27 00:00:00+09:00,1404.1927664620537,1404.1927664620537,1382.9528758769134,1387.6728515625,92400,0.0,0.0
2007-06-28 00:00:00+09:00,1404.1925982425087,1439.5924116435804,1397.1126355622944,1434.8724365234375,197800,0.0,0.0
2007-06-29 00:00:00+09:00,1449.0325524708583,1496.2323098803324,1449.0325524708583,1486.7923583984375,307000,0.0,0.0
2007-07-02 00:00:00+09:00,1510.3920717592591,1533.9919478804977,1496.2321460865162,1529.27197265625,252600,0.0,0.0
2007-07-03 00:00:00+09:00,1529.2719636694785,1538.7119140625,1505.672087686925,1538.7119140625,215600,0.0,0.0
2007-07-04 00:00:00+09:00,1557.5918587998815,1666.1512913829035,1543.4319328107917,1618.9515380859375,547800,0.0,0.0
2007-07-05 00:00:00+09:00,1642.5512996013563,1661.4311995967741,1595.3515496128116,1609.511474609375,361400,0.0,0.0
2007-07-06 00:00:00+09:00,1585.9117557451254,1699.1911668697771,1576.4718048180712,1694.47119140625,423400,0.0,0.0
2007-07-09 00:00:00+09:00,1741.6708666213015,1788.8706191042636,1736.9508913730053,1774.710693359375,575600,0.0,0.0
2007-07-10 00:00:00+09:00,1821.91051772953,1840.7904194676598,1784.1507142532703,1826.6304931640625,721200,0.0,0.0
2007-07-11 00:00:00+09:00,1784.1507188866176,1831.3504733545174,1774.7107679930375,1821.9105224609375,382600,0.0,0.0
2007-07-12 00:00:00+09:00,1812.4704617275281,1831.3503623705233,1666.1512317443162,1680.3111572265625,528600,0.0,0.0
2007-07-13 00:00:00+09:00,1727.5108729771205,1751.1107482910156,1666.1511971609932,1718.0709228515625,262000,0.0,0.0
2007-07-17 00:00:00+09:00,1703.9110513166947,1703.9110513166947,1628.3914479342372,1661.4312744140625,248200,0.0,0.0
2007-07-18 00:00:00+09:00,1600.0715794938335,1699.1910578695577,1600.0715794938335,1680.3111572265625,299000,0.0,0.0
2007-07-19 00:00:00+09:00,1656.711387698033,1732.2309951144673,1647.2714367709784,1694.47119140625,147600,0.0,0.0
2007-07-20 00:00:00+09:00,1647.2715193542124,1651.9914950543675,1585.911835252193,1614.231689453125,245000,0.0,0.0
2007-07-23 00:00:00+09:00,1623.6714683294972,1680.3111707130843,1614.2315179322327,1666.1512451171875,175000,0.0,0.0
2007-07-24 00:00:00+09:00,1628.3916015625,1651.9914798460145,1618.9516502490942,1628.3916015625,124000,0.0,0.0
2007-07-25 00:00:00+09:00,1713.3510648544523,1736.950941780822,1661.4313356164384,1722.791015625,290200,0.0,0.0
2007-07-26 00:00:00+09:00,1694.4712155444474,1703.9111666059764,1651.991435767567,1670.871337890625,140600,0.0,0.0
2007-07-27 00:00:00+09:00,1647.2713668647855,1675.5912184441227,1642.5513916015625,1642.5513916015625,114200,0.0,0.0
2007-07-30 00:00:00+09:00,1604.7915546545821,1722.7909336733014,1581.1916788508383,1680.3111572265625,109200,0.0,0.0
2007-07-31 00:00:00+09:00,1670.8712248368697,1685.0311504710803,1637.8313983570445,1661.4312744140625,81800,0.0,0.0
2007-08-01 00:00:00+09:00,1628.391502829159,1651.9913796817555,1600.0716506060432,1604.7916259765625,93600,0.0,0.0
2007-08-02 00:00:00+09:00,1604.791654484001,1633.111507210189,1529.2720472141655,1576.4718017578125,185600,0.0,0.0
2007-08-03 00:00:00+09:00,1557.5917124525408,1562.3116873387607,1515.1119384765625,1515.1119384765625,179400,0.0,0.0
2007-08-06 00:00:00+09:00,1477.352335242069,1571.751845481179,1453.7524576822916,1557.5919189453125,128000,0.0,0.0
2007-08-07 00:00:00+09:00,1562.3117992259838,1562.3117992259838,1515.1120469835068,1529.27197265625,114600,0.0,0.0
2007-08-08 00:00:00+09:00,1434.872440955033,1472.632242032797,1413.6325528487907,1430.1524658203125,195200,0.0,0.0
2007-08-09 00:00:00+09:00,1373.512781455764,1453.752359753867,1371.152793858761,1411.2725830078125,272000,0.0,0.0
2007-08-10 00:00:00+09:00,1354.633049024453,1404.1927947204695,1338.1131337924476,1361.7130126953125,162600,0.0,0.0
2007-08-13 00:00:00+09:00,1331.0330954931117,1338.1130587670111,1316.8731689453125,1316.8731689453125,144400,0.0,0.0
2007-08-14 00:00:00+09:00,1406.5525814869366,1444.3123823322235,1404.192593934106,1439.5924072265625,177800,0.0,0.0
2007-08-15 00:00:00+09:00,1411.2725989120663,1420.7125494064614,1387.6727226760786,1394.752685546875,201200,0.0,0.0
2007-08-16 00:00:00+09:00,1293.2732501559788,1380.592794418335,1290.9132624732124,1359.3529052734375,113000,0.0,0.0
2007-08-17 00:00:00+09:00,1340.473023407219,1340.473023407219,1203.5937358057777,1217.753662109375,154400,0.0,0.0
2007-08-20 00:00:00+09:00,1297.9931889748086,1297.9931889748086,1257.8733994974054,1272.0333251953125,102400,0.0,0.0
2007-08-21 00:00:00+09:00,1345.1929814877717,1385.3127721637227,1335.753030740489,1356.992919921875,93400,0.0,0.0
2007-08-22 00:00:00+09:00,1375.8729400370314,1378.232927927318,1356.9930369147396,1361.7130126953125,73800,0.0,0.0
2007-08-23 00:00:00+09:00,1380.5928855598074,1392.3928247526264,1373.512922044116,1390.0328369140625,74200,0.0,0.0
2007-08-24 00:00:00+09:00,1371.1528436872695,1373.5128313700359,1333.3930407630073,1359.3529052734375,110600,0.0,0.0
2007-08-27 00:00:00+09:00,1342.8330416842623,1342.8330416842623,1300.3532618067286,1309.793212890625,135800,0.0,0.0
2007-08-28 00:00:00+09:00,1283.8332655669146,1309.793129392716,1267.3133522232226,1269.67333984375,85800,0.0,0.0
2007-08-29 00:00:00+09:00,1222.4735192918592,1236.6334442257416,1205.9536068689963,1213.0335693359375,157600,0.0,0.0
2007-08-30 00:00:00+09:00,1208.3137450199204,1210.6737328031622,1184.7138671875,1184.7138671875,109400,0.0,0.0
2007-08-31 00:00:00+09:00,1236.6335457695855,1359.3529052734375,1236.6335457695855,1359.3529052734375,345800,0.0,0.0
2007-09-03 00:00:00+09:00,1366.432829626897,1401.8326438659358,1323.9530525400505,1399.47265625,327600,0.0,0.0
2007-09-04 00:00:00+09:00,1397.1126959286278,1529.2720050029575,1382.9527699563782,1496.232177734375,621400,0.0,0.0
2007-09-05 00:00:00+09:00,1529.2720338876607,1557.591886367062,1449.032451862691,1467.912353515625,327400,0.0,0.0
2007-09-06 00:00:00+09:00,1444.3124491694598,1524.5520296788743,1430.1525231972103,1496.232177734375,288200,0.0,0.0
2007-09-07 00:00:00+09:00,1510.3920292075163,1510.3920292075163,1434.8724277471404,1444.3123779296875,157600,0.0,0.0
2007-09-10 00:00:00+09:00,1378.2326454650674,1444.3122928503788,1359.3527462121212,1401.83251953125,144600,0.0,0.0
2007-09-11 00:00:00+09:00,1392.3927001953125,1415.9925764698094,1349.9129229012183,1392.3927001953125,125200,0.0,0.0
2007-09-12 00:00:00+09:00,1411.2727531472635,1449.0325592515383,1359.353019753886,1366.4329833984375,118600,0.0,0.0
2007-09-13 00:00:00+09:00,1387.6727598505433,1387.6727598505433,1349.912956861413,1356.992919921875,91200,0.0,0.0
2007-09-14 00:00:00+09:00,1387.6727480132006,1387.6727480132006,1338.113007012729,1368.7928466796875,124800,0.0,0.0
2007-09-18 00:00:00+09:00,1352.2729562859788,1361.7129071152,1342.8330054567573,1345.1929931640625,90400,0.0,0.0
2007-09-19 00:00:00+09:00,1380.5929005330054,1390.0328519896414,1368.7929612122105,1375.8729248046875,88800,0.0,0.0
2007-09-20 00:00:00+09:00,1387.672854057975,1387.672854057975,1375.872914822788,1385.3128662109375,73400,0.0,0.0
2007-09-21 00:00:00+09:00,1354.6329345703125,1354.6329345703125,1354.6329345703125,1354.6329345703125,73400,0.0,0.0
2007-09-25 00:00:00+09:00,1375.8727958601082,1392.3927093610014,1359.352882359215,1382.9527587890625,89800,0.0,0.0
2007-09-26 00:00:00+09:00,1420.7126790109473,1505.6722412109375,1415.99270333317,1505.6722412109375,389400,0.0,0.0
2007-09-27 00:00:00+09:00,1533.9919850796084,1538.711960418315,1482.072256353837,1491.51220703125,216000,0.0,0.0
2007-09-28 00:00:00+09:00,1496.232201209435,1519.8320782001201,1467.912348820613,1472.63232421875,101600,0.0,0.0
2007-10-01 00:00:00+09:00,1463.1923109183283,1543.4318892590106,1444.3124101322853,1538.7119140625,301200,0.0,0.0
2007-10-02 00:00:00+09:00,1571.7517267940254,1581.1916771051008,1548.1518510163373,1552.871826171875,263400,0.0,0.0
2007-10-03 00:00:00+09:00,1529.2719547923018,1552.871830637862,1510.3920541158536,1548.15185546875,127400,0.0,0.0
2007-10-04 00:00:00+09:00,1533.991952429615,1538.7119276678598,1515.112051476635,1524.552001953125,95400,0.0,0.0
2007-10-05 00:00:00+09:00,1500.952013817903,1515.1119384765625,1496.2320389316833,1515.1119384765625,137800,0.0,0.0
2007-10-09 00:00:00+09:00,1543.4320314774602,1548.1520071088898,1505.6722264260238,1519.8321533203125,90000,0.0,0.0
2007-10-10 00:00:00+09:00,1519.8321533203125,1519.8321533203125,1519.8321533203125,1519.8321533203125,90000,0.0,0.0
2007-10-11 00:00:00+09:00,1533.991943359375,1533.991943359375,1491.5121664663461,1533.991943359375,97200,0.0,0.0
2007-10-12 00:00:00+09:00,1538.7120975291236,1600.0717823999169,1538.7120975291236,1595.351806640625,261000,0.0,0.0
2007-10-15 00:00:00+09:00,1609.511474609375,1628.3913746047929,1595.3515496128116,1609.511474609375,205800,0.0,0.0
2007-10-16 00:00:00+09:00,1586.3837502119784,1586.3837502119784,1576.4718017578125,1576.4718017578125,205800,0.0,0.0
2007-10-17 00:00:00+09:00,1524.552001953125,1524.552001953125,1524.552001953125,1524.552001953125,205800,0.0,0.0
2007-10-18 00:00:00+09:00,1510.3921638257577,1562.311894457268,1505.672188313802,1557.5919189453125,64800,0.0,0.0
2007-10-19 00:00:00+09:00,1530.2159631911056,1533.991943359375,1530.2159631911056,1533.991943359375,64800,0.0,0.0
2007-10-22 00:00:00+09:00,1486.7923583984375,1486.7923583984375,1444.3125767299107,1486.7923583984375,91400,0.0,0.0
2007-10-23 00:00:00+09:00,1452.8084415769113,1458.472412109375,1452.8084415769113,1458.472412109375,91400,0.0,0.0
2007-10-24 00:00:00+09:00,1470.744357886299,1470.744357886299,1449.032470703125,1449.032470703125,91400,0.0,0.0
2007-10-25 00:00:00+09:00,1430.1524658203125,1430.1524658203125,1430.1524658203125,1430.1524658203125,91400,0.0,0.0
2007-10-26 00:00:00+09:00,1408.9125777140703,1430.1524658203125,1408.9125777140703,1430.1524658203125,91400,0.0,0.0
2007-10-29 00:00:00+09:00,1449.032447228065,1472.63232421875,1425.4325702373797,1472.63232421875,82600,0.0,0.0
2007-10-30 00:00:00+09:00,1449.0324612219356,1458.472412109375,1449.0324612219356,1458.472412109375,82600,0.0,0.0
2007-10-31 00:00:00+09:00,1449.0323663591944,1463.192291763356,1415.9925404161509,1430.1524658203125,54200,0.0,0.0
2007-11-01 00:00:00+09:00,1415.9925627228397,1444.3124139772965,1397.1126618865353,1406.5526123046875,103800,0.0,0.0
2007-11-02 00:00:00+09:00,1365.4888616407595,1371.15283203125,1365.4888616407595,1371.15283203125,103800,0.0,0.0
2007-11-05 00:00:00+09:00,1371.1530009349328,1371.1530009349328,1328.6732177734375,1328.6732177734375,79200,0.0,0.0
2007-11-06 00:00:00+09:00,1299.4091521774512,1302.713134765625,1299.4091521774512,1302.713134765625,79200,0.0,0.0
2007-11-07 00:00:00+09:00,1312.625082530146,1312.625082530146,1302.713134765625,1302.713134765625,79200,0.0,0.0
2007-11-08 00:00:00+09:00,1302.7133047021575,1302.7133047021575,1257.87353515625,1257.87353515625,79200,0.0,0.0
2007-11-09 00:00:00+09:00,1241.8255108422527,1243.7135009765625,1241.8255108422527,1243.7135009765625,79200,0.0,0.0
2007-11-12 00:00:00+09:00,1172.4418208469567,1172.913818359375,1172.4418208469567,1172.913818359375,79200,0.0,0.0
2007-11-13 00:00:00+09:00,1167.249957591509,1184.7138671875,1167.249957591509,1184.7138671875,79200,0.0,0.0
2007-11-14 00:00:00+09:00,1184.7139502992022,1220.11376953125,1184.7139502992022,1220.11376953125,79200,0.0,0.0
2007-11-15 00:00:00+09:00,1243.2415151311063,1243.2415151311063,1231.91357421875,1231.91357421875,79200,0.0,0.0
2007-11-16 00:00:00+09:00,1043.114501953125,1043.114501953125,1043.114501953125,1043.114501953125,79200,0.0,0.0
2007-11-19 00:00:00+09:00,987.8907601601466,987.8907601601466,946.35498046875,946.35498046875,79200,0.0,0.0
2007-11-20 00:00:00+09:00,933.1391590738532,958.155029296875,933.1391590738532,958.155029296875,79200,0.0,0.0
2007-11-21 00:00:00+09:00,959.0990078314165,974.6749267578125,959.0990078314165,974.6749267578125,79200,0.0,0.0
2007-11-22 00:00:00+09:00,948.7150245836888,972.3149008171139,943.0510542876667,951.0750122070312,148600,0.0,0.0
2007-11-26 00:00:00+09:00,958.15503597978,958.15503597978,918.9792389421831,939.7471313476562,122600,0.0,0.0
2007-11-27 00:00:00+09:00,873.6674414462731,873.6674414462731,863.7554931640625,863.7554931640625,148600,0.0,0.0
2007-11-28 00:00:00+09:00,893.4913504232635,893.9633479670688,879.3314241091072,888.2993774414062,143800,0.0,0.0
2007-11-29 00:00:00+09:00,918.03515625,918.03515625,918.03515625,918.03515625,143800,0.0,0.0
2007-11-30 00:00:00+09:00,995.2187701557946,1002.99462890625,995.2187701557946,1002.99462890625,143800,0.0,0.0
2007-12-03 00:00:00+09:00,1011.96280421947,1024.2347412109375,1011.96280421947,1024.2347412109375,143800,0.0,0.0
2007-12-04 00:00:00+09:00,986.474853515625,986.474853515625,986.474853515625,986.474853515625,143800,0.0,0.0
2007-12-05 00:00:00+09:00,986.474858210637,986.474858210637,981.7548828125,981.7548828125,143800,0.0,0.0
2007-12-06 00:00:00+09:00,990.7228337056916,990.7228337056916,984.1148681640625,984.1148681640625,143800,0.0,0.0
2007-12-07 00:00:00+09:00,999.6908389274978,999.6908389274978,993.5548706054688,993.5548706054688,143800,0.0,0.0
2007-12-10 00:00:00+09:00,995.9147295681935,1000.6347045898438,995.9147295681935,1000.6347045898438,143800,0.0,0.0
2007-12-11 00:00:00+09:00,1001.106756291624,1007.7147216796875,1001.106756291624,1007.7147216796875,143800,0.0,0.0
2007-12-12 00:00:00+09:00,1036.034515717698,1069.0743408203125,1036.034515717698,1069.0743408203125,143800,0.0,0.0
2007-12-13 00:00:00+09:00,1041.2265275906968,1041.2265275906968,1026.5946044921875,1026.5946044921875,143800,0.0,0.0
2007-12-14 00:00:00+09:00,1019.0426716833814,1019.0426716833814,998.2747802734375,998.2747802734375,143800,0.0,0.0
2007-12-17 00:00:00+09:00,971.842910308838,971.842910308838,943.9950561523438,943.9950561523438,143800,0.0,0.0
2007-12-18 00:00:00+09:00,910.9552290357561,953.4350065555582,897.2673007238199,918.9791870117188,127800,0.0,0.0
2007-12-19 00:00:00+09:00,918.9791594927972,922.2831420898438,918.9791594927972,922.2831420898438,143800,0.0,0.0
2007-12-20 00:00:00+09:00,915.6751568034543,915.6751568034543,891.1312866210938,891.1312866210938,143800,0.0,0.0
2007-12-21 00:00:00+09:00,891.1313304288441,896.3233032226562,891.1313304288441,896.3233032226562,143800,0.0,0.0
2007-12-25 00:00:00+09:00,915.2032597623496,915.2032597623496,914.7312622070312,914.7312622070312,143800,0.0,0.0
2007-12-26 00:00:00+09:00,920.8671547665737,943.9950330769592,920.3951572500353,942.5790405273438,88800,0.0,0.0
2007-12-27 00:00:00+09:00,942.579076220239,943.5230712890625,942.579076220239,943.5230712890625,88800,0.0,0.0
2007-12-28 00:00:00+09:00,918.5072021484375,918.5072021484375,918.5072021484375,918.5072021484375,88800,0.0,0.0
2008-01-04 00:00:00+09:00,897.7393347770703,910.9552660987097,861.3955236425622,869.8914794921875,71400,0.0,0.0
2008-01-07 00:00:00+09:00,881.69142921566,883.107421875,881.69142921566,883.107421875,88800,0.0,0.0
2008-01-08 00:00:00+09:00,883.5794194281133,883.5794194281133,883.107421875,883.107421875,88800,0.0,0.0
2008-01-09 00:00:00+09:00,879.5749600834022,911.42724609375,879.5749600834022,911.42724609375,88800,0.0,0.0
2008-01-10 00:00:00+09:00,887.827392578125,887.827392578125,887.827392578125,887.827392578125,88800,0.0,0.0
2008-01-11 00:00:00+09:00,883.1074416089227,883.1074416089227,864.2275390625,864.2275390625,88800,0.0,0.0
2008-01-15 00:00:00+09:00,860.4878248353671,860.4878248353671,799.5638427734375,799.5638427734375,88800,0.0,0.0
2008-01-16 00:00:00+09:00,778.3239053865759,801.4517837152249,760.8599972608613,774.075927734375,236200,0.0,0.0
2008-01-17 00:00:00+09:00,783.9878868931362,825.9956665039062,783.9878868931362,825.9956665039062,236200,0.0,0.0
2008-01-18 00:00:00+09:00,806.6437202514976,880.2753295898438,806.6437202514976,880.2753295898438,236200,0.0,0.0
2008-01-21 00:00:00+09:00,849.5955499226616,849.5955499226616,843.9315795898438,843.9315795898438,236200,0.0,0.0
2008-01-22 00:00:00+09:00,805.6997347545795,805.6997347545795,788.7078247070312,788.7078247070312,236200,0.0,0.0
2008-01-23 00:00:00+09:00,790.1238612633961,818.9157104492188,790.1238612633961,818.9157104492188,236200,0.0,0.0
2008-01-24 00:00:00+09:00,859.03546389761,915.675164813936,856.6754763594298,909.0671997070312,162000,0.0,0.0
2008-01-25 00:00:00+09:00,955.7950227156929,977.034912109375,955.7950227156929,977.034912109375,162000,0.0,0.0
2008-01-28 00:00:00+09:00,998.7468438010318,998.7468438010318,993.5548706054688,993.5548706054688,162000,0.0,0.0
2008-01-29 00:00:00+09:00,974.6748769423541,974.6748769423541,962.8749389648438,962.8749389648438,162000,0.0,0.0
2008-01-30 00:00:00+09:00,963.3469432689525,963.3469432689525,955.7949829101562,955.7949829101562,162000,0.0,0.0
2008-01-31 00:00:00+09:00,988.3628734615176,1017.1547241210938,988.3628734615176,1017.1547241210938,162000,0.0,0.0
2008-02-01 00:00:00+09:00,974.6749127736239,1005.3547526430116,967.5949497268422,988.8348388671875,197000,0.0,0.0
2008-02-04 00:00:00+09:00,990.7228290129959,990.7228290129959,988.8348388671875,988.8348388671875,197000,0.0,0.0
2008-02-05 00:00:00+09:00,959.0989521555657,969.9548950195312,959.0989521555657,969.9548950195312,197000,0.0,0.0
2008-02-06 00:00:00+09:00,927.0032115142618,930.7791920092283,914.25927734375,914.25927734375,89000,0.0,0.0
2008-02-07 00:00:00+09:00,927.0031875051129,927.0031875051129,901.5153198242188,901.5153198242188,89000,0.0,0.0
2008-02-08 00:00:00+09:00,883.1073466049128,883.1073466049128,872.2514038085938,872.2514038085938,89000,0.0,0.0
2008-02-12 00:00:00+09:00,856.2035258156914,856.2035258156914,845.819580078125,845.819580078125,89000,0.0,0.0
2008-02-13 00:00:00+09:00,865.1715087890625,865.1715087890625,865.1715087890625,865.1715087890625,89000,0.0,0.0
2008-02-14 00:00:00+09:00,868.4754626262373,882.1633911132812,868.4754626262373,882.1633911132812,89000,0.0,0.0
2008-02-15 00:00:00+09:00,876.4995139076407,908.1233520507812,876.0275163234147,908.1233520507812,79800,0.0,0.0
2008-02-18 00:00:00+09:00,931.2511355800962,931.2511355800962,918.5072021484375,918.5072021484375,79800,0.0,0.0
2008-02-19 00:00:00+09:00,925.1151294032998,925.1151294032998,910.0112089232459,919.9231567382812,83800,0.0,0.0
2008-02-20 00:00:00+09:00,920.8671972500249,920.8671972500249,881.691401569988,886.411376953125,87800,0.0,0.0
2008-02-21 00:00:00+09:00,908.5952758789062,908.5952758789062,908.5952758789062,908.5952758789062,87800,0.0,0.0
2008-02-22 00:00:00+09:00,902.4592745943039,913.787215279588,902.4592745943039,905.291259765625,90200,0.0,0.0
2008-02-25 00:00:00+09:00,910.9552382037128,910.9552382037128,909.5392456054688,909.5392456054688,90200,0.0,0.0
2008-02-26 00:00:00+09:00,910.0112246012114,913.7872047862787,900.0992766154098,903.4032592773438,81200,0.0,0.0
2008-02-27 00:00:00+09:00,917.0912095449199,918.5072021484375,917.0912095449199,918.5072021484375,81200,0.0,0.0
2008-02-28 00:00:00+09:00,907.1792692140546,925.1151756813459,907.1792692140546,922.7551879882812,90000,0.0,0.0
2008-02-29 00:00:00+09:00,923.6992022083572,923.6992022083572,903.8753051757812,903.8753051757812,90000,0.0,0.0
2008-03-03 00:00:00+09:00,903.8752526232525,903.8752526232525,869.41943359375,869.41943359375,90000,0.0,0.0
2008-03-04 00:00:00+09:00,869.4194313466517,871.7794189453125,869.4194313466517,871.7794189453125,90000,0.0,0.0
2008-03-05 00:00:00+09:00,860.9234813588911,860.9234813588911,853.3715209960938,853.3715209960938,90000,0.0,0.0
2008-03-06 00:00:00+09:00,870.8354284196167,870.8354284196167,867.0594482421875,867.0594482421875,90000,0.0,0.0
2008-03-07 00:00:00+09:00,867.059412824223,867.059412824223,852.427490234375,852.427490234375,90000,0.0,0.0
2008-03-10 00:00:00+09:00,831.6596507227698,831.6596507227698,811.8357543945312,811.8357543945312,90000,0.0,0.0
2008-03-11 00:00:00+09:00,794.3718069524467,801.9237670898438,794.3718069524467,801.9237670898438,90000,0.0,0.0
2008-03-12 00:00:00+09:00,798.6198804715452,798.6198804715452,791.5399169921875,791.5399169921875,90000,0.0,0.0
2008-03-13 00:00:00+09:00,782.0999181986002,782.0999181986002,766.052001953125,766.052001953125,90000,0.0,0.0
2008-03-14 00:00:00+09:00,748.5880899828991,748.5880899828991,732.0681762695312,732.0681762695312,90000,0.0,0.0
2008-03-17 00:00:00+09:00,700.4442622843013,700.916259765625,700.4442622843013,700.916259765625,90000,0.0,0.0
2008-03-18 00:00:00+09:00,717.908219543814,726.4041748046875,717.908219543814,726.4041748046875,90000,0.0,0.0
2008-03-19 00:00:00+09:00,728.7642163997144,733.4841918945312,728.7642163997144,733.4841918945312,90000,0.0,0.0
2008-03-21 00:00:00+09:00,747.6441049148787,758.9720458984375,747.6441049148787,758.9720458984375,90000,0.0,0.0
2008-03-24 00:00:00+09:00,777.3798744285499,777.3798744285499,773.1318969726562,773.1318969726562,90000,0.0,0.0
2008-03-25 00:00:00+09:00,785.4038629764741,792.4838256835938,785.4038629764741,792.4838256835938,90000,0.0,0.0
2008-03-26 00:00:00+09:00,773.1319917951312,773.1319917951312,740.0921630859375,740.0921630859375,90000,0.0,0.0
2008-03-27 00:00:00+09:00,729.7081782532725,730.18017578125,729.7081782532725,730.18017578125,90000,0.0,0.0
2008-03-28 00:00:00+09:00,731.596182076035,741.0361328125,731.596182076035,741.0361328125,90000,0.0,0.0
2008-03-31 00:00:00+09:00,731.5961660798063,739.620124030359,725.460198235266,732.5401611328125,28600,0.0,0.0
2008-04-01 00:00:00+09:00,751.8920922267347,751.8920922267347,749.5321044921875,749.5321044921875,28600,0.0,0.0
2008-04-02 00:00:00+09:00,757.5560603887124,757.5560603887124,751.89208984375,751.89208984375,28600,0.0,0.0
2008-04-03 00:00:00+09:00,753.7800175258092,859.0354614257812,753.7800175258092,859.0354614257812,28600,0.0,0.0
2008-04-04 00:00:00+09:00,847.2356191189176,859.9795532226562,847.2356191189176,859.9795532226562,28600,0.0,0.0
2008-04-07 00:00:00+09:00,857.1474779800035,857.1474779800035,851.9555053710938,851.9555053710938,28600,0.0,0.0
2008-04-08 00:00:00+09:00,846.2915706482282,846.2915706482282,826.4676744032613,827.8836669921875,66800,0.0,0.0
2008-04-09 00:00:00+09:00,828.3556857480161,828.3556857480161,806.643798828125,806.643798828125,66800,0.0,0.0
2008-04-10 00:00:00+09:00,811.8357298434731,812.7797248781749,797.6758043229474,799.091796875,65400,0.0,0.0
2008-04-11 00:00:00+09:00,825.0516610511527,825.0516610511527,811.8357305537658,824.107666015625,55600,0.0,0.0
2008-04-14 00:00:00+09:00,823.1637152013644,823.1637152013644,804.2838134765625,804.2838134765625,55600,0.0,0.0
2008-04-15 00:00:00+09:00,811.8356870626649,811.8356870626649,805.2277221679688,805.2277221679688,55600,0.0,0.0
2008-04-16 00:00:00+09:00,823.1637136874278,823.1637136874278,817.9717407226562,817.9717407226562,55600,0.0,0.0
2008-04-17 00:00:00+09:00,828.3557433556772,828.3557433556772,822.6917724609375,822.6917724609375,55600,0.0,0.0
2008-04-18 00:00:00+09:00,825.5236805078015,840.1556039473337,825.5236805078015,839.2116088867188,33000,0.0,0.0
2008-04-21 00:00:00+09:00,851.0116171033786,854.78759765625,851.0116171033786,854.78759765625,33000,0.0,0.0
2008-04-22 00:00:00+09:00,855.2595411950601,855.2595411950601,847.7075805664062,847.7075805664062,33000,0.0,0.0
2008-04-23 00:00:00+09:00,851.4835760191165,851.4835760191165,844.8756103515625,844.8756103515625,33000,0.0,0.0
2008-04-24 00:00:00+09:00,853.8435485771876,854.3155461164785,846.7635854878245,847.7075805664062,25000,0.0,0.0
2008-04-25 00:00:00+09:00,866.1154323304658,866.1154323304658,863.283447265625,863.283447265625,25000,0.0,0.0
2008-04-28 00:00:00+09:00,869.8914611482882,869.8914611482882,863.7554931640625,863.7554931640625,25000,0.0,0.0
2008-04-30 00:00:00+09:00,860.451453944615,860.451453944615,859.0354614257812,859.0354614257812,25000,0.0,0.0
2008-05-01 00:00:00+09:00,858.091451655343,861.867431640625,858.091451655343,861.867431640625,25000,0.0,0.0
2008-05-02 00:00:00+09:00,861.3954572223978,863.283447265625,861.3954572223978,863.283447265625,25000,0.0,0.0
2008-05-07 00:00:00+09:00,874.139404296875,874.139404296875,874.139404296875,874.139404296875,25000,0.0,0.0
2008-05-08 00:00:00+09:00,871.7795078775157,871.7795078775157,868.4755249023438,868.4755249023438,25000,0.0,0.0
2008-05-09 00:00:00+09:00,862.8114631826709,862.8114631826709,842.5155699021158,849.12353515625,31400,0.0,0.0
2008-05-12 00:00:00+09:00,835.9076364776234,843.9315945917508,834.491643869248,841.099609375,28000,0.0,0.0
2008-05-13 00:00:00+09:00,837.795654296875,837.795654296875,837.795654296875,837.795654296875,28000,0.0,0.0
2008-05-14 00:00:00+09:00,854.3155151433638,867.0594482421875,843.4595721332548,867.0594482421875,45000,0.0,0.0
2008-05-15 00:00:00+09:00,884.0513986971457,884.0513986971457,876.971435546875,876.971435546875,45000,0.0,0.0
2008-05-16 00:00:00+09:00,860.8430997460044,860.8430997460044,855.7314453125,855.7314453125,45000,0.0,0.0
2008-05-19 00:00:00+09:00,848.179589221352,860.9235229492188,848.179589221352,860.9235229492188,45000,0.0,0.0
2008-05-20 00:00:00+09:00,881.2193079029794,906.2351747047244,875.0833405742495,899.1552124023438,135800,0.0,0.0
2008-05-21 00:00:00+09:00,896.323338081307,896.323338081307,885.9393920898438,885.9393920898438,135800,0.0,0.0
2008-05-22 00:00:00+09:00,868.4755199535473,885.9394298656566,868.4755199535473,873.1954956054688,78800,0.0,0.0
2008-05-23 00:00:00+09:00,885.9394236315017,914.25927734375,885.9394236315017,914.25927734375,78800,0.0,0.0
2008-05-26 00:00:00+09:00,915.2031711921594,918.03515625,915.2031711921594,918.03515625,78800,0.0,0.0
2008-05-27 00:00:00+09:00,978.4509633553746,979.3949584960938,978.4509633553746,979.3949584960938,78800,0.0,0.0
2008-05-28 00:00:00+09:00,991.6669386732635,995.9149169921875,991.6669386732635,995.9149169921875,78800,0.0,0.0
2008-05-29 00:00:00+09:00,1012.4346946645006,1014.7946822977513,1000.6347564982477,1010.07470703125,180000,0.0,0.0
2008-05-30 00:00:00+09:00,990.7227656773158,991.1947631835938,990.7227656773158,991.1947631835938,180000,0.0,0.0
2008-06-02 00:00:00+09:00,1063.8823726138096,1064.3543701171875,1063.8823726138096,1064.3543701171875,180000,0.0,0.0
2008-06-03 00:00:00+09:00,1092.67431640625,1092.67431640625,1092.67431640625,1092.67431640625,180000,0.0,0.0
2008-06-04 00:00:00+09:00,1093.6182974288713,1106.834228515625,1093.6182974288713,1106.834228515625,180000,0.0,0.0
2008-06-05 00:00:00+09:00,1111.55419921875,1111.55419921875,1111.55419921875,1111.55419921875,180000,0.0,0.0
2008-06-06 00:00:00+09:00,1077.0984140496505,1077.0984140496505,1076.1544189453125,1076.1544189453125,180000,0.0,0.0
2008-06-09 00:00:00+09:00,1066.7143281670026,1097.3941650390625,1066.7143281670026,1097.3941650390625,180000,0.0,0.0
2008-06-10 00:00:00+09:00,1097.3942158556633,1097.3942158556633,1043.114501953125,1043.114501953125,180000,0.0,0.0
2008-06-11 00:00:00+09:00,1043.11448672832,1059.6343994140625,1043.11448672832,1059.6343994140625,180000,0.0,0.0
2008-06-12 00:00:00+09:00,1019.5145916606104,1019.5145916606104,1014.7946166992188,1014.7946166992188,180000,0.0,0.0
2008-06-13 00:00:00+09:00,1016.6827265692974,1017.1547241210938,1016.6827265692974,1017.1547241210938,180000,0.0,0.0
2008-06-16 00:00:00+09:00,1027.538575423031,1052.554443359375,1027.538575423031,1052.554443359375,180000,0.0,0.0
2008-06-17 00:00:00+09:00,1073.7943201847456,1076.1543077016352,1057.274407566519,1064.3543701171875,86400,0.0,0.0
2008-06-18 00:00:00+09:00,1116.2742817556832,1132.794197130503,1111.5543059343063,1125.7142333984375,211200,0.0,0.0
2008-06-19 00:00:00+09:00,1109.1942068991148,1118.6341575961285,1099.754256202101,1116.274169921875,137200,0.0,0.0
2008-06-20 00:00:00+09:00,1054.9144157763349,1069.0743408203125,1054.9144157763349,1069.0743408203125,137200,0.0,0.0
2008-06-23 00:00:00+09:00,1047.8345658151727,1080.8743944670025,1047.8345658151727,1076.1544189453125,61000,0.0,0.0
2008-06-24 00:00:00+09:00,1066.7143619936664,1069.0743495202012,1057.2744118875278,1059.6343994140625,39400,0.0,0.0
2008-06-25 00:00:00+09:00,1019.9867094318716,1019.9867094318716,1017.1547241210938,1017.1547241210938,39400,0.0,0.0
2008-06-26 00:00:00+09:00,1027.538729349772,1027.538729349772,1019.5147705078125,1019.5147705078125,39400,0.0,0.0
2008-06-27 00:00:00+09:00,971.3709607354526,971.3709607354526,958.155029296875,958.155029296875,39400,0.0,0.0
2008-06-30 00:00:00+09:00,944.4670606022217,944.4670606022217,936.9151000976562,936.9151000976562,39400,0.0,0.0
2008-07-01 00:00:00+09:00,936.9150874357808,937.3870849609375,936.9150874357808,937.3870849609375,39400,0.0,0.0
2008-07-02 00:00:00+09:00,936.9151327939087,936.9151327939087,892.54736328125,892.54736328125,39400,0.0,0.0
2008-07-03 00:00:00+09:00,874.1394479355374,879.3314208984375,874.1394479355374,879.3314208984375,39400,0.0,0.0
2008-07-04 00:00:00+09:00,876.9714331880283,879.3314208984375,876.9714331880283,879.3314208984375,39400,0.0,0.0
2008-07-07 00:00:00+09:00,856.675578043931,875.0834830266931,856.675578043931,864.2275390625,144000,0.0,0.0
2008-07-08 00:00:00+09:00,851.9554927314767,857.6194627662566,847.2355177024934,852.427490234375,95000,0.0,0.0
2008-07-09 00:00:00+09:00,874.1393900141812,874.1393900141812,863.283447265625,863.283447265625,95000,0.0,0.0
2008-07-10 00:00:00+09:00,886.8833856412522,899.6273193359375,886.8833856412522,899.6273193359375,95000,0.0,0.0
2008-07-11 00:00:00+09:00,888.6823984192278,888.7713012695312,888.6823984192278,888.7713012695312,95000,0.0,0.0
2008-07-14 00:00:00+09:00,895.851318359375,895.851318359375,895.851318359375,895.851318359375,95000,0.0,0.0
2008-07-15 00:00:00+09:00,913.3152513380174,917.0912317053064,902.4593077820617,908.5952758789062,86200,0.0,0.0
2008-07-16 00:00:00+09:00,890.1873502655754,901.5152910961024,887.3553650579437,893.4913330078125,71000,0.0,0.0
2008-07-17 00:00:00+09:00,915.2032724674916,918.5072554005873,903.8753309825923,914.25927734375,52600,0.0,0.0
2008-07-18 00:00:00+09:00,903.8752831703375,918.0352092774446,901.9872930227232,913.7872314453125,55000,0.0,0.0
2008-07-22 00:00:00+09:00,904.8192916332671,925.1151860204504,898.6833235627233,924.6431884765625,31600,0.0,0.0
2008-07-23 00:00:00+09:00,932.1951523830002,940.6911082021869,929.8351646554482,933.6111450195312,46400,0.0,0.0
2008-07-24 00:00:00+09:00,958.1550678299134,984.1149341996894,958.1550678299134,979.3949584960938,84200,0.0,0.0
2008-07-25 00:00:00+09:00,950.1310751079797,950.1310751079797,942.1071166992188,942.1071166992188,84200,0.0,0.0
2008-07-28 00:00:00+09:00,937.8591181795363,958.1550125336984,937.8591181795363,938.3311157226562,55400,0.0,0.0
2008-07-29 00:00:00+09:00,912.8432419996994,920.3952026367188,912.8432419996994,920.3952026367188,55400,0.0,0.0
2008-07-30 00:00:00+09:00,911.4271933014859,915.6751708984375,911.4271933014859,915.6751708984375,55400,0.0,0.0
2008-07-31 00:00:00+09:00,888.2994052734374,888.2994052734374,884.9954223632812,884.9954223632812,55400,0.0,0.0
2008-08-01 00:00:00+09:00,883.107347250378,883.107347250378,858.5634765625,858.5634765625,55400,0.0,0.0
2008-08-04 00:00:00+09:00,815.6117545114437,815.6117545114437,804.2838134765625,804.2838134765625,55400,0.0,0.0
2008-08-05 00:00:00+09:00,821.2756958007812,821.2756958007812,821.2756958007812,821.2756958007812,55400,0.0,0.0
2008-08-06 00:00:00+09:00,840.6276207117338,856.675537109375,840.6276207117338,856.675537109375,55400,0.0,0.0
2008-08-07 00:00:00+09:00,852.8995064037589,858.5634765625,852.8995064037589,858.5634765625,55400,0.0,0.0
2008-08-08 00:00:00+09:00,835.4357097478203,854.3156127929688,835.4357097478203,854.3156127929688,55400,0.0,0.0
2008-08-11 00:00:00+09:00,873.6674171645067,876.0274047851562,873.6674171645067,876.0274047851562,55400,0.0,0.0
2008-08-12 00:00:00+09:00,872.2514872934627,872.2514872934627,862.3395385742188,862.3395385742188,55400,0.0,0.0
2008-08-13 00:00:00+09:00,861.8674491378255,861.8674491378255,842.987548828125,842.987548828125,55400,0.0,0.0
2008-08-14 00:00:00+09:00,841.5715741728862,841.5715741728862,824.107666015625,824.107666015625,55400,0.0,0.0
2008-08-15 00:00:00+09:00,824.1076764090402,825.9956665039062,824.1076764090402,825.9956665039062,55400,0.0,0.0
2008-08-18 00:00:00+09:00,862.8115123155382,862.8115123155382,848.1795884195964,849.5955810546875,62600,0.0,0.0
2008-08-19 00:00:00+09:00,836.8516166738216,843.9315795898438,836.8516166738216,843.9315795898438,62600,0.0,0.0
2008-08-20 00:00:00+09:00,843.9316661181371,854.3156127929688,843.9316661181371,854.3156127929688,19000,0.0,0.0
2008-08-21 00:00:00+09:00,846.291591205019,861.395512520446,846.291591205019,856.675537109375,30400,0.0,0.0
2008-08-22 00:00:00+09:00,857.1475783889358,873.1954956054688,857.1475783889358,873.1954956054688,30400,0.0,0.0
2008-08-25 00:00:00+09:00,873.6674320383318,898.2113037109375,873.6674320383318,898.2113037109375,30400,0.0,0.0
2008-08-26 00:00:00+09:00,922.7551764285926,934.5551147460938,922.7551764285926,934.5551147460938,30400,0.0,0.0
2008-08-27 00:00:00+09:00,919.9232287023425,933.13916015625,919.9232287023425,933.13916015625,37800,0.0,0.0
2008-08-28 00:00:00+09:00,919.451192594501,923.2271728515625,919.451192594501,923.2271728515625,37800,0.0,0.0
2008-08-29 00:00:00+09:00,923.6992067400549,935.4991455078125,923.6992067400549,935.4991455078125,37800,0.0,0.0
2008-09-01 00:00:00+09:00,935.9710775168545,940.2190551757812,935.9710775168545,940.2190551757812,37800,0.0,0.0
2008-09-02 00:00:00+09:00,935.0271606445312,935.0271606445312,935.0271606445312,935.0271606445312,37800,0.0,0.0
2008-09-03 00:00:00+09:00,914.2591533272041,914.2591533272041,902.9312133789062,902.9312133789062,37800,0.0,0.0
2008-09-04 00:00:00+09:00,902.4592554080049,902.4592554080049,874.139404296875,874.139404296875,37800,0.0,0.0
2008-09-05 00:00:00+09:00,861.3954572223978,863.283447265625,861.3954572223978,863.283447265625,37800,0.0,0.0
2008-09-08 00:00:00+09:00,887.827392578125,887.827392578125,887.827392578125,887.827392578125,37800,0.0,0.0
2008-09-09 00:00:00+09:00,871.7794922075993,871.7794922075993,859.9795532226562,859.9795532226562,37800,0.0,0.0
2008-09-10 00:00:00+09:00,864.2275390625,869.8915098264268,853.3715950983069,864.2275390625,40600,0.0,0.0
2008-09-11 00:00:00+09:00,826.4677450971993,837.7956867775722,807.1158447265625,807.1158447265625,53400,0.0,0.0
2008-09-12 00:00:00+09:00,808.5317809699563,808.5317809699563,802.3958129882812,802.3958129882812,53400,0.0,0.0
2008-09-16 00:00:00+09:00,802.867768135672,808.53173828125,802.867768135672,808.53173828125,53400,0.0,0.0
2008-09-17 00:00:00+09:00,819.3876879059867,840.1555786132812,819.3876879059867,840.1555786132812,99800,0.0,0.0
2008-09-18 00:00:00+09:00,858.5634639195033,859.0354614257812,858.5634639195033,859.0354614257812,99800,0.0,0.0
2008-09-19 00:00:00+09:00,865.6434386282256,872.2514038085938,865.6434386282256,872.2514038085938,99800,0.0,0.0
2008-09-22 00:00:00+09:00,877.4434217442581,877.4434217442581,863.7554931640625,863.7554931640625,99800,0.0,0.0
2008-09-24 00:00:00+09:00,863.7554364885602,863.7554364885602,859.0354614257812,859.0354614257812,99800,0.0,0.0
2008-09-25 00:00:00+09:00,847.2355574031272,847.2355574031272,823.6356811523438,823.6356811523438,99800,0.0,0.0
2008-09-26 00:00:00+09:00,808.0597776727461,813.251750543307,795.787841796875,795.787841796875,99800,0.0,0.0
2008-09-29 00:00:00+09:00,813.7238209019047,813.7238209019047,797.6759033203125,797.6759033203125,99800,0.0,0.0
2008-09-30 00:00:00+09:00,762.7480566651002,762.7480566651002,753.30810546875,753.30810546875,99800,0.0,0.0
2008-10-01 00:00:00+09:00,753.3081135618094,768.884033203125,753.3081135618094,768.884033203125,99800,0.0,0.0
2008-10-02 00:00:00+09:00,763.2199539843017,763.2199539843017,754.7239990234375,754.7239990234375,99800,0.0,0.0
2008-10-03 00:00:00+09:00,708.9402741397105,708.9402741397105,705.6362915039062,705.6362915039062,99800,0.0,0.0
2008-10-06 00:00:00+09:00,701.8603390280771,701.8603390280771,615.956787109375,615.956787109375,99800,0.0,0.0
2008-10-07 00:00:00+09:00,580.5569458007812,580.5569458007812,580.5569458007812,580.5569458007812,99800,0.0,0.0
2008-10-08 00:00:00+09:00,580.5569739708534,580.5569739708534,490.87744140625,490.87744140625,99800,0.0,0.0
2008-10-09 00:00:00+09:00,511.17336106405014,537.605224609375,511.17336106405014,537.605224609375,99800,0.0,0.0
2008-10-10 00:00:00+09:00,537.6052397415934,537.6052397415934,512.1173706054688,512.1173706054688,99800,0.0,0.0
2008-10-14 00:00:00+09:00,514.0052750999362,606.5167846679688,514.0052750999362,606.5167846679688,99800,0.0,0.0
2008-10-15 00:00:00+09:00,604.1568179621037,610.2927856445312,604.1568179621037,610.2927856445312,99800,0.0,0.0
2008-10-16 00:00:00+09:00,610.2928695678711,610.2928695678711,521.0853271484375,521.0853271484375,99800,0.0,0.0
2008-10-17 00:00:00+09:00,543.7411879895561,543.7411879895561,542.3251953125,542.3251953125,99800,0.0,0.0
2008-10-20 00:00:00+09:00,537.1332398511456,548.461181640625,537.1332398511456,548.461181640625,99800,0.0,0.0
2008-10-21 00:00:00+09:00,578.6689602210873,578.6689602210873,575.8369750976562,575.8369750976562,99800,0.0,0.0
2008-10-22 00:00:00+09:00,586.2210039712978,586.2210039712978,545.6292114257812,545.6292114257812,99800,0.0,0.0
2008-10-23 00:00:00+09:00,497.4853433790153,506.92529296875,497.4853433790153,506.92529296875,99800,0.0,0.0
2008-10-24 00:00:00+09:00,484.2694667600236,484.2694667600236,450.28564453125,450.28564453125,99800,0.0,0.0
2008-10-27 00:00:00+09:00,450.7576594475561,450.7576594475561,403.0859069824219,403.0859069824219,99800,0.0,0.0
2008-10-28 00:00:00+09:00,409.69386032790874,409.69386032790874,409.22186279296875,409.22186279296875,99800,0.0,0.0
2008-10-29 00:00:00+09:00,446.5096966717694,446.5096966717694,436.5977478027344,436.5977478027344,99800,0.0,0.0
2008-10-30 00:00:00+09:00,436.5977306831174,483.7974853515625,436.5977306831174,483.7974853515625,99800,0.0,0.0
2008-10-31 00:00:00+09:00,484.74147807000907,486.157470703125,484.74147807000907,486.157470703125,99800,0.0,0.0
2008-11-04 00:00:00+09:00,513.5332969584075,530.5252075195312,513.5332969584075,530.5252075195312,142200,0.0,0.0
2008-11-05 00:00:00+09:00,531.9412714640299,623.0368041992188,531.9412714640299,623.0368041992188,142200,0.0,0.0
2008-11-06 00:00:00+09:00,595.1889392769654,595.1889392769654,584.8049926757812,584.8049926757812,142200,0.0,0.0
2008-11-07 00:00:00+09:00,580.0849815621526,583.8609619140625,580.0849815621526,583.8609619140625,142200,0.0,0.0
2008-11-10 00:00:00+09:00,613.5967869369136,641.9166386416942,604.1568363686533,641.4446411132812,73600,0.0,0.0
2008-11-11 00:00:00+09:00,634.36474609375,634.36474609375,623.0368041992188,623.0368041992188,73600,0.0,0.0
2008-11-12 00:00:00+09:00,618.3167587963503,637.1966598282999,615.9567711673566,632.4766845703125,39800,0.0,0.0
2008-11-13 00:00:00+09:00,606.5168613483607,615.9568124977516,599.9088955437871,615.0128173828125,58800,0.0,0.0
2008-11-14 00:00:00+09:00,615.4848276539699,615.4848276539699,614.5408325195312,614.5408325195312,58800,0.0,0.0
2008-11-17 00:00:00+09:00,610.7647640732429,617.8447265625,610.7647640732429,617.8447265625,58800,0.0,0.0
2008-11-18 00:00:00+09:00,618.7888310789152,618.7888310789152,618.3168334960938,618.3168334960938,58800,0.0,0.0
2008-11-19 00:00:00+09:00,603.6848166569062,603.6848166569062,601.3248291015625,601.3248291015625,58800,0.0,0.0
2008-11-20 00:00:00+09:00,602.2688033837601,602.2688033837601,556.4850463867188,556.4850463867188,58800,0.0,0.0
2008-11-21 00:00:00+09:00,556.9570925559422,556.9570925559422,531.9412231445312,531.9412231445312,58800,0.0,0.0
2008-11-25 00:00:00+09:00,532.8852179575774,556.9570922851562,532.8852179575774,556.9570922851562,44600,0.0,0.0
2008-11-26 00:00:00+09:00,547.5171264756178,547.5171264756178,534.773193359375,534.773193359375,44600,0.0,0.0
2008-11-27 00:00:00+09:00,531.9412068538132,531.9412068538132,523.4452514648438,523.4452514648438,44600,0.0,0.0
2008-11-28 00:00:00+09:00,526.7492341161096,526.7492341161096,523.4452514648438,523.4452514648438,44600,0.0,0.0
2008-12-01 00:00:00+09:00,523.4452944567604,523.4452944567604,517.309326171875,517.309326171875,44600,0.0,0.0
2008-12-02 00:00:00+09:00,515.4212908576517,515.4212908576517,481.4374694824219,481.4374694824219,44600,0.0,0.0
2008-12-03 00:00:00+09:00,485.68546990188014,485.68546990188014,477.18951416015625,477.18951416015625,44600,0.0,0.0
2008-12-04 00:00:00+09:00,469.63753982111507,469.63753982111507,466.33355712890625,466.33355712890625,44600,0.0,0.0
2008-12-05 00:00:00+09:00,466.8055426915487,466.8055426915487,453.11761474609375,453.11761474609375,44600,0.0,0.0
2008-12-08 00:00:00+09:00,454.06162535231056,455.9496154785156,454.06162535231056,455.9496154785156,44600,0.0,0.0
2008-12-09 00:00:00+09:00,458.78158948396384,458.78158948396384,448.39764404296875,448.39764404296875,44600,0.0,0.0
2008-12-10 00:00:00+09:00,448.86966036283053,460.1976013183594,448.86966036283053,460.1976013183594,44600,0.0,0.0
2008-12-11 00:00:00+09:00,453.5896289247455,467.2775573730469,453.5896289247455,467.2775573730469,44600,0.0,0.0
2008-12-12 00:00:00+09:00,467.7495561454844,467.7495561454844,453.5896301269531,453.5896301269531,44600,0.0,0.0
2008-12-15 00:00:00+09:00,471.5255588767803,480.0215148925781,471.5255588767803,480.0215148925781,44600,0.0,0.0
2008-12-16 00:00:00+09:00,471.5255156985334,474.8294982910156,471.5255156985334,474.8294982910156,78200,0.0,0.0
2008-12-17 00:00:00+09:00,475.30152548112113,475.30152548112113,463.5015869140625,463.5015869140625,60600,0.0,0.0
2008-12-18 00:00:00+09:00,463.02959413881655,463.02959413881655,458.7816162109375,458.7816162109375,38400,0.0,0.0
2008-12-19 00:00:00+09:00,467.5660637987741,467.5660637987741,463.029541015625,463.029541015625,34600,0.0,0.0
2008-12-22 00:00:00+09:00,463.029541015625,463.029541015625,463.029541015625,463.029541015625,25400,0.0,0.0
2008-12-24 00:00:00+09:00,454.06160977681475,454.06160977681475,453.11761474609375,453.11761474609375,28000,0.0,0.0
2008-12-25 00:00:00+09:00,456.4216257045924,457.83761833862934,454.5336355258764,455.4776306152344,21200,0.0,0.0
2008-12-26 00:00:00+09:00,459.25360623873195,462.55758901742786,456.4216209998497,460.1976013183594,63600,0.0,0.0
2008-12-29 00:00:00+09:00,464.4455629125535,496.06939697265625,464.4455629125535,496.06939697265625,103400,0.0,0.0
2008-12-30 00:00:00+09:00,544.6851806640625,544.6851806640625,544.6851806640625,544.6851806640625,160400,0.0,0.0
2009-01-05 00:00:00+09:00,566.3970336914062,566.3970336914062,566.3970336914062,566.3970336914062,86000,0.0,0.0
2009-01-06 00:00:00+09:00,557.4290744047436,598.4928588867188,557.4290744047436,598.4928588867188,207200,0.0,0.0
2009-01-07 00:00:00+09:00,598.020917098488,598.020917098488,591.8849487304688,591.8849487304688,154600,0.0,0.0
2009-01-08 00:00:00+09:00,571.5890146007806,571.5890146007806,570.64501953125,570.64501953125,67200,0.0,0.0
2009-01-09 00:00:00+09:00,538.0771967948893,547.0451500748042,530.9972336791672,538.5491943359375,73400,0.0,0.0
2009-01-13 00:00:00+09:00,519.6692768417787,519.6692768417787,505.03735351562506,505.037353515625,102800,0.0,0.0
2009-01-14 00:00:00+09:00,505.0373603462743,522.9732666015625,505.0373603462743,522.9732666015625,68600,0.0,0.0
2009-01-15 00:00:00+09:00,504.5654118855794,509.75738525390625,504.5654118855794,509.75738525390625,75800,0.0,0.0
2009-01-16 00:00:00+09:00,538.0772094726562,538.0772094726562,538.0772094726562,538.0772094726562,58800,0.0,0.0
2009-01-19 00:00:00+09:00,548.4611741732822,555.5411376953125,546.1011863326054,555.5411376953125,213800,0.0,0.0
2009-01-20 00:00:00+09:00,529.1092435149745,538.5491943359375,529.1092435149745,538.5491943359375,45600,0.0,0.0
2009-01-21 00:00:00+09:00,537.6051630516574,551.2930908203125,537.6051630516574,551.2930908203125,128400,0.0,0.0
2009-01-22 00:00:00+09:00,551.7651434704266,551.7651434704266,533.3572387695312,533.3572387695312,38200,0.0,0.0
2009-01-23 00:00:00+09:00,524.8612274253838,524.8612274253838,514.9492797851562,514.9492797851562,43000,0.0,0.0
2009-01-26 00:00:00+09:00,515.4212768554687,515.4212768554687,495.5973815917969,495.5973815917969,30400,0.0,0.0
2009-01-27 00:00:00+09:00,514.0053436824254,530.9972558702741,511.6453558785575,528.6372680664062,30800,0.0,0.0
2009-01-28 00:00:00+09:00,529.109288376046,564.037109375,529.109288376046,564.037109375,91400,0.0,0.0
2009-01-29 00:00:00+09:00,570.6449626703079,570.6449626703079,565.9249877929688,565.9249877929688,73800,0.0,0.0
2009-01-30 00:00:00+09:00,566.3971103766025,566.3971103766025,552.2371826171875,552.2371826171875,54400,0.0,0.0
2009-02-02 00:00:00+09:00,552.237068933385,556.4850463867188,552.237068933385,556.4850463867188,30800,0.0,0.0
2009-02-03 00:00:00+09:00,553.6531372070312,553.6531372070312,553.6531372070312,553.6531372070312,43600,0.0,0.0
2009-02-04 00:00:00+09:00,552.7091195627319,588.5809326171875,552.7091195627319,588.5809326171875,115200,0.0,0.0
2009-02-05 00:00:00+09:00,601.7968519678656,601.7968519678656,600.380859375,600.380859375,146600,0.0,0.0
2009-02-06 00:00:00+09:00,600.8528686621329,600.8528686621329,588.5809326171875,588.5809326171875,68200,0.0,0.0
2009-02-09 00:00:00+09:00,580.0849445068965,580.0849445068965,571.5889892578125,571.5889892578125,73800,0.0,0.0
2009-02-10 00:00:00+09:00,571.1170007559955,578.1969635752847,562.1490478515625,562.1490478515625,64000,0.0,0.0
2009-02-12 00:00:00+09:00,548.4611919022275,548.4611919022275,539.021240234375,539.021240234375,109400,0.0,0.0
2009-02-13 00:00:00+09:00,528.6372577844982,535.7172210583977,522.9732871653786,526.749267578125,61600,0.0,0.0
2009-02-16 00:00:00+09:00,526.7492332525538,537.1331787109375,526.7492332525538,537.1331787109375,42200,0.0,0.0
2009-02-17 00:00:00+09:00,531.9412455498417,531.9412455498417,522.029296875,522.029296875,32200,0.0,0.0
2009-02-18 00:00:00+09:00,529.5811851764547,529.5811851764547,520.1412353515625,520.1412353515625,22400,0.0,0.0
2009-02-19 00:00:00+09:00,523.9172298177083,530.9971923828125,523.9172298177083,530.9971923828125,11400,0.0,0.0
2009-02-20 00:00:00+09:00,531.4692025507047,531.4692025507047,530.5252075195312,530.5252075195312,32800,0.0,0.0
2009-02-23 00:00:00+09:00,524.86123733249,530.5252075195312,519.1972671454487,530.5252075195312,27600,0.0,0.0
2009-02-24 00:00:00+09:00,511.1732477916371,519.1972045898438,511.1732477916371,519.1972045898438,21600,0.0,0.0
2009-02-25 00:00:00+09:00,528.637260806718,535.7172241210938,528.637260806718,535.7172241210938,15800,0.0,0.0
2009-02-26 00:00:00+09:00,536.1891962644432,561.6770629882812,536.1891962644432,561.6770629882812,52800,0.0,0.0
2009-02-27 00:00:00+09:00,556.0130823145025,559.7890625,556.0130823145025,559.7890625,48000,0.0,0.0
2009-03-02 00:00:00+09:00,559.7891054795729,559.7891054795729,553.6531372070312,553.6531372070312,16200,0.0,0.0
2009-03-03 00:00:00+09:00,532.8851867949481,532.8851867949481,526.2772216796875,526.2772216796875,41400,0.0,0.0
2009-03-04 00:00:00+09:00,532.8852570192471,564.5090942382812,532.8852570192471,564.5090942382812,35200,0.0,0.0
2009-03-05 00:00:00+09:00,575.8370107597689,576.781005859375,575.8370107597689,576.781005859375,48200,0.0,0.0
2009-03-06 00:00:00+09:00,565.925053550778,565.925053550778,561.205078125,561.205078125,34000,0.0,0.0
2009-03-09 00:00:00+09:00,558.8450959190566,567.8130493164062,558.8450959190566,567.8130493164062,13600,0.0,0.0
2009-03-10 00:00:00+09:00,566.3970336914062,566.3970336914062,566.3970336914062,566.3970336914062,18600,0.0,0.0
2009-03-11 00:00:00+09:00,601.7968266126312,601.7968266126312,601.3248291015625,601.3248291015625,76000,0.0,0.0
2009-03-12 00:00:00+09:00,601.3248221552245,622.0927124023438,601.3248221552245,622.0927124023438,131800,0.0,0.0
2009-03-13 00:00:00+09:00,657.9645505329714,696.1963500976562,657.9645505329714,696.1963500976562,248200,0.0,0.0
2009-03-16 00:00:00+09:00,679.6764987244898,699.0283990353954,679.2045011559311,693.83642578125,131000,0.0,0.0
2009-03-17 00:00:00+09:00,690.0603755669306,703.2763061523438,689.588378046023,703.2763061523438,59600,0.0,0.0
2009-03-18 00:00:00+09:00,698.0843671550381,698.0843671550381,681.564453125,681.564453125,58000,0.0,0.0
2009-03-19 00:00:00+09:00,695.2523666066137,695.2523666066137,684.3964233398438,684.3964233398438,38800,0.0,0.0
2009-03-23 00:00:00+09:00,683.9243710627321,691.0043334960938,683.9243710627321,691.0043334960938,35600,0.0,0.0
2009-03-24 00:00:00+09:00,689.116413824446,689.116413824446,681.564453125,681.564453125,59200,0.0,0.0
2009-03-25 00:00:00+09:00,671.6525273194541,682.98046875,671.6525273194541,682.98046875,46400,0.0,0.0
2009-03-26 00:00:00+09:00,707.0523071289062,707.0523071289062,707.0523071289062,707.0523071289062,38600,0.0,0.0
2009-03-27 00:00:00+09:00,706.5803601323341,706.5803601323341,693.83642578125,693.83642578125,61600,0.0,0.0
2009-03-30 00:00:00+09:00,683.9244472951652,683.9244472951652,663.1565551757812,663.1565551757812,18400,0.0,0.0
2009-03-31 00:00:00+09:00,663.1565135189576,663.1565135189576,655.6045532226562,655.6045532226562,29000,0.0,0.0
2009-04-01 00:00:00+09:00,658.9086329599321,658.9086329599321,656.5486450195312,656.5486450195312,30800,0.0,0.0
2009-04-02 00:00:00+09:00,666.4605044036123,666.4605044036123,659.8525390625,659.8525390625,61200,0.0,0.0
2009-04-03 00:00:00+09:00,670.2364800193093,670.2364800193093,664.572509765625,664.572509765625,16200,0.0,0.0
2009-04-06 00:00:00+09:00,684.3963749413658,684.3963749413658,683.9243774414062,683.9243774414062,34400,0.0,0.0
2009-04-07 00:00:00+09:00,684.3964256629812,684.3964256629812,682.0364379882812,682.0364379882812,27800,0.0,0.0
2009-04-08 00:00:00+09:00,667.8765306574594,671.1805134946342,663.1565551757812,663.1565551757812,28600,0.0,0.0
2009-04-09 00:00:00+09:00,690.0603925332256,699.5003431834749,689.1163974682006,698.0843505859375,32800,0.0,0.0
2009-04-10 00:00:00+09:00,692.4204179717274,696.6683959960938,692.4204179717274,696.6683959960938,18000,0.0,0.0
2009-04-13 00:00:00+09:00,694.3083532550991,703.2763061523438,694.3083532550991,703.2763061523438,9800,0.0,0.0
2009-04-14 00:00:00+09:00,676.8444192235547,679.2044067382812,676.8444192235547,679.2044067382812,17800,0.0,0.0
2009-04-15 00:00:00+09:00,679.204421603089,681.5644091694653,675.428441496887,676.3724365234375,13000,0.0,0.0
2009-04-16 00:00:00+09:00,689.1163836468706,689.1163836468706,687.2283935546875,687.2283935546875,21200,0.0,0.0
2009-04-17 00:00:00+09:00,688.1723886007791,688.1723886007791,687.2283935546875,687.2283935546875,22600,0.0,0.0
2009-04-20 00:00:00+09:00,697.612283758834,710.8282133564303,697.1402862732056,707.5242309570312,53400,0.0,0.0
2009-04-21 00:00:00+09:00,663.6285208388507,696.1963500976562,663.6285208388507,696.1963500976562,64800,0.0,0.0
2009-04-22 00:00:00+09:00,669.2925542105901,669.2925542105901,668.820556640625,668.820556640625,40600,0.0,0.0
2009-04-23 00:00:00+09:00,665.9884748371245,667.87646484375,665.9884748371245,667.87646484375,27800,0.0,0.0
2009-04-24 00:00:00+09:00,657.0205078125,657.0205078125,657.0205078125,657.0205078125,20800,0.0,0.0
2009-04-27 00:00:00+09:00,659.8525436357394,659.8525436357394,645.6926178066462,655.132568359375,35200,0.0,0.0
2009-04-28 00:00:00+09:00,657.0205229251105,657.0205229251105,640.5006103515625,640.5006103515625,30400,0.0,0.0
2009-04-30 00:00:00+09:00,648.052578748756,657.9645264208054,644.7485961914062,644.7485961914062,25800,0.0,0.0
2009-05-01 00:00:00+09:00,648.0526297369017,648.0526297369017,642.8606567382812,642.8606567382812,16800,0.0,0.0
2009-05-07 00:00:00+09:00,665.0445556640625,665.0445556640625,665.0445556640625,665.0445556640625,41000,0.0,0.0
2009-05-08 00:00:00+09:00,686.7563960316417,687.2283935546875,686.7563960316417,687.2283935546875,54600,0.0,0.0
2009-05-11 00:00:00+09:00,687.700411151473,741.0361328125,687.700411151473,741.0361328125,150200,0.0,0.0
2009-05-12 00:00:00+09:00,741.0360866068575,741.0360866068575,738.2041015625,738.2041015625,76600,0.0,0.0
2009-05-13 00:00:00+09:00,728.2922062619323,736.3161644644292,726.8762136379622,733.9561767578125,82000,0.0,0.0
2009-05-14 00:00:00+09:00,724.5162306109678,729.2362060546875,724.5162306109678,729.2362060546875,29800,0.0,0.0
2009-05-15 00:00:00+09:00,737.7321329134918,746.2280883789062,737.7321329134918,746.2280883789062,30000,0.0,0.0
2009-05-18 00:00:00+09:00,733.0121316747727,733.0121316747727,722.1561889648438,722.1561889648438,29400,0.0,0.0
2009-05-19 00:00:00+09:00,738.676159350903,738.676159350903,726.876220703125,726.876220703125,33800,0.0,0.0
2009-05-20 00:00:00+09:00,727.3482182490361,727.3482182490361,726.876220703125,726.876220703125,16600,0.0,0.0
2009-05-21 00:00:00+09:00,729.2362310071773,729.2362310071773,716.9642944335938,716.9642944335938,8600,0.0,0.0
2009-05-22 00:00:00+09:00,750.4761352539062,750.4761352539062,750.4761352539062,750.4761352539062,45200,0.0,0.0
2009-05-25 00:00:00+09:00,775.491943359375,775.491943359375,775.491943359375,775.491943359375,56800,0.0,0.0
2009-05-26 00:00:00+09:00,808.5317648412172,818.9157104492188,808.5317648412172,818.9157104492188,98600,0.0,0.0
2009-05-27 00:00:00+09:00,853.8435849504858,859.9795532226562,853.8435849504858,859.9795532226562,202000,0.0,0.0
2009-05-28 00:00:00+09:00,860.4515021996727,909.5392456054688,860.4515021996727,909.5392456054688,177400,0.0,0.0
2009-05-29 00:00:00+09:00,910.0112984507346,910.0112984507346,891.6033935546875,891.6033935546875,129400,0.0,0.0
2009-06-01 00:00:00+09:00,893.9633303541319,918.5072021484375,893.9633303541319,918.5072021484375,89800,0.0,0.0
2009-06-02 00:00:00+09:00,918.9791696885053,962.8749389648438,918.9791696885053,962.8749389648438,193800,0.0,0.0
2009-06-03 00:00:00+09:00,955.7950250288477,974.6749267578125,955.7950250288477,974.6749267578125,111000,0.0,0.0
2009-06-04 00:00:00+09:00,1007.714667122319,1007.714667122319,1000.6347045898438,1000.6347045898438,107600,0.0,0.0
2009-06-05 00:00:00+09:00,1024.2346124365347,1061.9944138166834,1021.8746248502754,1031.3145751953125,192600,0.0,0.0
2009-06-08 00:00:00+09:00,1057.2745361328125,1057.2745361328125,1057.2745361328125,1057.2745361328125,112000,0.0,0.0
2009-06-09 00:00:00+09:00,1065.7703916506136,1065.7703916506136,1033.674560546875,1033.674560546875,133200,0.0,0.0
2009-06-10 00:00:00+09:00,1037.9226572206796,1037.9226572206796,979.3949584960938,979.3949584960938,153000,0.0,0.0
2009-06-11 00:00:00+09:00,979.395001307483,995.9149169921875,977.0350133525252,995.9149169921875,90000,0.0,0.0
2009-06-12 00:00:00+09:00,1010.0747093182816,1010.0747093182816,1000.6347587639052,1007.7147216796875,66400,0.0,0.0
2009-06-15 00:00:00+09:00,979.3948998197841,991.1948383718296,972.3149366885567,977.034912109375,67000,0.0,0.0
2009-06-16 00:00:00+09:00,936.4430226293103,936.4430226293103,929.8350577518858,930.779052734375,84800,0.0,0.0
2009-06-17 00:00:00+09:00,943.9951027555419,958.155029296875,935.0271492793643,958.155029296875,38000,0.0,0.0
2009-06-18 00:00:00+09:00,939.2750180213529,951.0749554336815,934.0830455599283,946.35498046875,27600,0.0,0.0
2009-06-19 00:00:00+09:00,943.9950493370037,953.4349998303737,941.6350617136612,951.0750122070312,91800,0.0,0.0
2009-06-22 00:00:00+09:00,953.4350443025915,977.034921636814,946.3550811023247,967.594970703125,67800,0.0,0.0
2009-06-23 00:00:00+09:00,942.1071221043222,951.0750756714475,942.1071221043222,948.715087890625,88400,0.0,0.0
2009-06-24 00:00:00+09:00,958.155029296875,960.5150170537638,955.7950415399862,958.155029296875,21200,0.0,0.0
2009-06-25 00:00:00+09:00,960.5149667329878,1038.394558630257,960.5149667329878,1010.07470703125,77400,0.0,0.0
2009-06-26 00:00:00+09:00,1012.4346723164597,1036.0345481280322,998.2747468295162,1033.674560546875,47600,0.0,0.0
2009-06-29 00:00:00+09:00,1017.1546323626229,1052.5544455538975,1017.1546323626229,1050.1944580078125,71000,0.0,0.0
2009-06-30 00:00:00+09:00,1052.554447758305,1076.154323268581,1038.3945224521397,1047.83447265625,85400,0.0,0.0
2009-07-01 00:00:00+09:00,1040.7546119352357,1078.514416449893,1040.7546119352357,1066.7144775390625,77000,0.0,0.0
2009-07-02 00:00:00+09:00,1076.154416541302,1080.874392052448,1069.0744532745828,1078.514404296875,59000,0.0,0.0
2009-07-03 00:00:00+09:00,1061.994514209312,1066.71448982802,1043.11461173448,1054.91455078125,107800,0.0,0.0
2009-07-06 00:00:00+09:00,1052.5543329412287,1059.6342948219992,1019.514510830966,1038.3944091796875,57600,0.0,0.0
2009-07-07 00:00:00+09:00,1038.39452463671,1054.9144375286576,1033.6745495247249,1045.4744873046875,60600,0.0,0.0
2009-07-08 00:00:00+09:00,1043.114513126609,1043.114513126609,1024.2346124365347,1031.3145751953125,67600,0.0,0.0
2009-07-09 00:00:00+09:00,991.1949108492943,1031.314704859861,988.8349229663198,1024.2347412109375,69000,0.0,0.0
2009-07-10 00:00:00+09:00,1024.2347276802523,1024.2347276802523,972.3149949407003,979.3949584960938,46200,0.0,0.0
2009-07-13 00:00:00+09:00,977.0349369255218,979.3949246958733,907.1792989231174,917.0912475585938,33600,0.0,0.0
2009-07-14 00:00:00+09:00,931.2511228942872,969.9549201965333,924.6431575012208,943.9950561523438,42000,0.0,0.0
2009-07-15 00:00:00+09:00,943.9950607529837,953.4350113605135,927.4751471898064,939.2750854492188,28800,0.0,0.0
2009-07-16 00:00:00+09:00,984.1148342556423,984.1148342556423,943.995044849537,955.7949829101562,19600,0.0,0.0
2009-07-17 00:00:00+09:00,946.3551173729232,951.0750930206685,927.4752147819422,932.1951904296875,22600,0.0,0.0
2009-07-21 00:00:00+09:00,943.9951407191265,979.3949584960938,943.9951407191265,979.3949584960938,17200,0.0,0.0
2009-07-22 00:00:00+09:00,986.4748153511135,1033.6745672817888,981.754840158046,1026.5946044921875,38200,0.0,0.0
2009-07-23 00:00:00+09:00,1026.5945978034033,1073.7943494265483,1014.794659897617,1033.674560546875,71400,0.0,0.0
2009-07-24 00:00:00+09:00,1052.5543349142226,1057.2743095102505,1000.6346143579158,1036.034423828125,31400,0.0,0.0
2009-07-27 00:00:00+09:00,1038.3945379540905,1043.114513126609,1017.1546496777568,1031.3145751953125,24000,0.0,0.0
2009-07-28 00:00:00+09:00,1028.9546127677525,1028.9546127677525,991.1948104643486,1005.354736328125,27600,0.0,0.0
2009-07-29 00:00:00+09:00,986.474930229537,1028.9547119140625,986.474930229537,1028.9547119140625,46200,0.0,0.0
2009-07-30 00:00:00+09:00,1021.8745278033089,1021.8745278033089,991.1946920955883,1002.99462890625,15200,0.0,0.0
2009-07-31 00:00:00+09:00,1028.9545920887213,1038.3945424748563,1019.5146417025862,1026.5946044921875,41600,0.0,0.0
2009-08-03 00:00:00+09:00,1028.9545853845605,1033.674560546875,1021.8746226410888,1033.674560546875,29600,0.0,0.0
2009-08-04 00:00:00+09:00,1038.394558630257,1038.394558630257,993.554793598496,1010.07470703125,23800,0.0,0.0
2009-08-05 00:00:00+09:00,1019.5147965417655,1026.594760406639,995.9149169921875,995.9149169921875,16800,0.0,0.0
2009-08-06 00:00:00+09:00,1000.6348340539638,1014.7947609509539,986.4749071569737,993.5548706054688,40200,0.0,0.0
2009-08-07 00:00:00+09:00,984.1148848370808,991.1948480373476,953.4350443025915,967.594970703125,40800,0.0,0.0
2009-08-10 00:00:00+09:00,995.9147382463727,1000.6347133091517,981.7548130580357,991.1947631835938,25200,0.0,0.0
2009-08-11 00:00:00+09:00,979.3948044887809,1014.7946166992188,979.3948044887809,1014.7946166992188,29200,0.0,0.0
2009-08-12 00:00:00+09:00,995.9148584216338,1014.7947609509539,981.7549315246438,993.5548706054688,33200,0.0,0.0
2009-08-13 00:00:00+09:00,1002.9948502641669,1036.03468062581,993.5548987322688,1024.2347412109375,36000,0.0,0.0
2009-08-14 00:00:00+09:00,1010.0748089431622,1033.6746876567875,1010.0748089431622,1028.9547119140625,30600,0.0,0.0
2009-08-17 00:00:00+09:00,1026.5946227884403,1026.5946227884403,993.5547958481228,1007.7147216796875,37200,0.0,0.0
2009-08-18 00:00:00+09:00,981.7548666518912,1005.3547432541002,974.6749036712285,998.2747802734375,23800,0.0,0.0
2009-08-19 00:00:00+09:00,984.1148705115685,995.914809006911,972.314932016226,981.7548828125,37800,0.0,0.0
2009-08-20 00:00:00+09:00,979.3948336764498,1050.1944602072776,969.9548834723395,1047.83447265625,90600,0.0,0.0
2009-08-21 00:00:00+09:00,1057.2744432471266,1057.2744432471266,1010.0746913164512,1026.5946044921875,47000,0.0,0.0
2009-08-24 00:00:00+09:00,1028.9546127677525,1038.3945633436033,1002.9947486841623,1005.354736328125,37600,0.0,0.0
2009-08-25 00:00:00+09:00,1005.3548096862938,1014.7947609509539,991.1948827893037,993.5548706054688,36400,0.0,0.0
2009-08-26 00:00:00+09:00,1012.434678912985,1026.5946044921875,1005.3547161233836,1026.5946044921875,34600,0.0,0.0
2009-08-27 00:00:00+09:00,1033.6746433498142,1033.6746433498142,1010.0747656477637,1012.4347534179688,22200,0.0,0.0
2009-08-28 00:00:00+09:00,1024.2346351498463,1024.2346351498463,998.2747711253111,1007.7147216796875,18800,0.0,0.0
2009-08-31 00:00:00+09:00,1021.874704498789,1021.874704498789,1002.9948023371485,1012.4347534179688,25800,0.0,0.0
2009-09-02 00:00:00+09:00,969.9549017513499,979.3948521333582,953.4349885828354,962.8749389648438,45600,0.0,0.0
2009-09-03 00:00:00+09:00,974.6748746764689,974.6748746764689,958.1549615463593,965.2349243164062,26600,0.0,0.0
2009-09-04 00:00:00+09:00,962.8750145755597,965.2350023563822,948.715087890625,948.715087890625,15400,0.0,0.0
2009-09-07 00:00:00+09:00,967.5949209707754,967.5949209707754,943.995044849537,955.7949829101562,34000,0.0,0.0
2009-09-08 00:00:00+09:00,962.8749337384984,962.8749337384984,920.3951572500353,942.5790405273438,34800,0.0,0.0
2009-09-09 00:00:00+09:00,943.9950561523438,955.794994354248,931.2511228942872,943.9950561523438,12200,0.0,0.0
2009-09-10 00:00:00+09:00,941.1630989111563,977.034912109375,941.1630989111563,977.034912109375,24000,0.0,0.0
2009-09-11 00:00:00+09:00,981.7549168221393,981.7549168221393,941.1631269919932,948.715087890625,36600,0.0,0.0
2009-09-14 00:00:00+09:00,934.555092562885,938.3310727348562,910.9552164880647,919.451171875,47200,0.0,0.0
2009-09-15 00:00:00+09:00,921.8111839723051,927.0031568467011,863.7554872858773,882.1633911132812,80400,0.0,0.0
2009-09-16 00:00:00+09:00,868.0034798884737,893.963344702974,862.3395093834918,879.3314208984375,76200,0.0,0.0
2009-09-17 00:00:00+09:00,880.7474088246213,893.4913423928232,878.8594186663692,884.0513916015625,18000,0.0,0.0
2009-09-18 00:00:00+09:00,876.0274151545699,888.2993509272094,859.0355040847614,877.9154052734375,51600,0.0,0.0
2009-09-21 00:00:00+09:00,877.9154052734375,877.9154052734375,877.9154052734375,877.9154052734375,0,0.0,0.0
2009-09-24 00:00:00+09:00,877.9153663202352,908.595204390566,877.9153663202352,906.7072143554688,51400,0.0,0.0
2009-09-25 00:00:00+09:00,896.7952419413958,896.7952419413958,879.3313345983265,880.2753295898438,28800,0.0,0.0
2009-09-28 00:00:00+09:00,866.1155230585231,866.1155230585231,811.8358036297873,834.9636840820312,54200,0.0,0.0
2009-09-29 00:00:00+09:00,820.8037189335245,835.4356426177909,819.8597238571202,825.0516967773438,39400,0.0,0.0
2009-09-30 00:00:00+09:00,821.2757003872381,835.4356262559836,816.5557250976562,816.5557250976562,32600,0.0,0.0
2009-10-01 00:00:00+09:00,816.5556576571216,816.5556576571216,774.0758835593523,782.5718383789062,49400,0.0,0.0
2009-10-02 00:00:00+09:00,758.9720506345823,758.9720506345823,738.2041587017952,754.2520751953125,72200,0.0,0.0
2009-10-05 00:00:00+09:00,760.3880270656151,778.7959308865704,731.5961774995055,745.756103515625,47000,0.0,0.0
2009-10-06 00:00:00+09:00,748.5880863995958,783.5159037978116,746.2280987375542,748.1160888671875,61200,0.0,0.0
2009-10-07 00:00:00+09:00,776.4359182204115,816.5557073077885,762.2759926601609,796.7318115234375,56200,0.0,0.0
2009-10-08 00:00:00+09:00,788.7078730752023,801.9238039226623,787.291880484403,789.1798706054688,17600,0.0,0.0
2009-10-09 00:00:00+09:00,802.3957947478898,823.1636859060704,792.955844221444,821.2756958007812,25800,0.0,0.0
2009-10-13 00:00:00+09:00,830.7156963998742,856.6755619123703,830.7156963998742,844.4036254882812,32400,0.0,0.0
2009-10-14 00:00:00+09:00,844.4035874775478,845.819580078125,820.3317132677352,845.819580078125,23400,0.0,0.0
2009-10-15 00:00:00+09:00,860.4514864888685,880.2753825023257,859.5074914406086,876.0274047851562,40400,0.0,0.0
2009-10-16 00:00:00+09:00,876.0273839116612,876.9713789374281,859.0354734478575,872.2514038085938,18000,0.0,0.0
2009-10-19 00:00:00+09:00,868.00343062076,870.835415712508,853.84350516202,867.5314331054688,17400,0.0,0.0
2009-10-20 00:00:00+09:00,853.3715724152079,866.1155062953022,853.3715724152079,862.8115234375,27200,0.0,0.0
2009-10-21 00:00:00+09:00,854.7874629544896,861.3954278806978,849.1234930177399,855.2594604492188,13000,0.0,0.0
2009-10-22 00:00:00+09:00,854.315574138507,854.315574138507,832.6036866189648,844.4036254882812,18200,0.0,0.0
2009-10-23 00:00:00+09:00,858.0915259964212,879.3314152537583,847.2355825982266,872.7234497070312,34200,0.0,0.0
2009-10-26 00:00:00+09:00,872.7234553092919,884.0513963192557,862.3395093834918,879.3314208984375,32600,0.0,0.0
2009-10-27 00:00:00+09:00,882.1633981254109,882.1633981254109,859.5075163115962,875.0834350585938,33000,0.0,0.0
2009-10-28 00:00:00+09:00,875.0834563529378,890.1873779296875,868.9474882123832,890.1873779296875,30400,0.0,0.0
2009-10-29 00:00:00+09:00,882.1633808665032,910.9552301082671,867.5314574813444,905.291259765625,50200,0.0,0.0
2009-10-30 00:00:00+09:00,905.7632550077394,910.4832302813597,897.7392970425849,907.6512451171875,30600,0.0,0.0
2009-11-02 00:00:00+09:00,876.9714761270059,877.9154712573902,868.9475175187395,873.1954956054688,18200,0.0,0.0
2009-11-04 00:00:00+09:00,873.6674118001732,894.435302734375,854.3155134296669,894.435302734375,15200,0.0,0.0
2009-11-05 00:00:00+09:00,896.7953261162774,898.6833162765221,878.8594195939518,895.3793334960938,20000,0.0,0.0
2009-11-06 00:00:00+09:00,883.1073630967708,889.2433308788435,880.2753779665834,880.7473754882812,7800,0.0,0.0
2009-11-09 00:00:00+09:00,880.7474389504131,885.4674145074893,853.8435782750789,878.387451171875,18600,0.0,0.0
2009-11-10 00:00:00+09:00,891.6033712816488,901.5153198242188,876.0274521433246,901.5153198242188,26600,0.0,0.0
2009-11-11 00:00:00+09:00,873.19548291042,892.0753852436183,873.19548291042,873.66748046875,17400,0.0,0.0
2009-11-12 00:00:00+09:00,877.9154212634784,892.0753474128893,872.251450803714,886.411376953125,15800,0.0,0.0
2009-11-13 00:00:00+09:00,877.9154179466867,879.8034080928086,876.0274278005647,877.4434204101562,11000,0.0,0.0
2009-11-16 00:00:00+09:00,878.3874738278596,878.3874738278596,867.5315297665803,868.4755249023438,13600,0.0,0.0
2009-11-17 00:00:00+09:00,859.0356015536272,872.2515338852215,830.7157465573538,831.187744140625,27000,0.0,0.0
2009-11-18 00:00:00+09:00,817.0278013516316,828.3557431381361,800.035888671875,800.035888671875,36600,0.0,0.0
2009-11-19 00:00:00+09:00,783.5159784595487,786.3479639238603,766.524065673679,772.6600341796875,22200,0.0,0.0
2009-11-20 00:00:00+09:00,771.7159379304,776.9079106014913,766.5239652593085,776.4359130859375,30400,0.0,0.0
2009-11-24 00:00:00+09:00,779.2679796306687,793.4279065773193,766.9960429435716,768.884033203125,21600,0.0,0.0
2009-11-25 00:00:00+09:00,768.8839698894225,774.0759426756617,768.8839698894225,771.2439575195312,26000,0.0,0.0
2009-11-26 00:00:00+09:00,771.7160235870908,775.9640016985794,759.9160843885114,764.1640625,32000,0.0,0.0
2009-11-27 00:00:00+09:00,764.1640828704358,778.7960078667196,755.1961288404553,756.6121215820312,28400,0.0,0.0
2009-11-30 00:00:00+09:00,767.9400041175955,807.1158002711054,767.9400041175955,790.5958862304688,30000,0.0,0.0
2009-12-01 00:00:00+09:00,804.7558402260391,842.5156450460292,794.3718939005419,834.9636840820312,23200,0.0,0.0
2009-12-02 00:00:00+09:00,848.17958250096,849.5955751261703,800.0358332438104,806.643798828125,32800,0.0,0.0
2009-12-03 00:00:00+09:00,802.3958071269408,840.1556098152674,802.3958071269408,820.8037109375,30400,0.0,0.0
2009-12-04 00:00:00+09:00,817.499768552995,817.499768552995,811.3638003132785,817.0277709960938,14400,0.0,0.0
2009-12-07 00:00:00+09:00,822.2196464321584,849.5955014798421,822.2196464321584,829.7716064453125,14400,0.0,0.0
2009-12-08 00:00:00+09:00,829.7717204483695,831.6597107110507,814.19580078125,814.19580078125,21200,0.0,0.0
2009-12-09 00:00:00+09:00,825.5237499571683,825.5237499571683,764.6360634251645,807.1158447265625,30400,0.0,0.0
2009-12-10 00:00:00+09:00,809.0037486819401,813.7237238784509,769.35595703125,769.35595703125,43600,0.0,0.0
2009-12-11 00:00:00+09:00,790.1238802765052,820.8037203111365,774.0759639506981,811.36376953125,36600,0.0,0.0
2009-12-14 00:00:00+09:00,798.1478439480736,830.7156743634592,783.5159201382627,817.9717407226562,40200,0.0,0.0
2009-12-15 00:00:00+09:00,825.9957004600848,825.9957004600848,797.6758478728818,804.2838134765625,25400,0.0,0.0
2009-12-16 00:00:00+09:00,811.8357717872294,817.0277447463338,795.7878553681795,806.643798828125,20000,0.0,0.0
2009-12-17 00:00:00+09:00,802.8677897351853,806.1717724089926,798.6198120117188,798.6198120117188,10000,0.0,0.0
2009-12-18 00:00:00+09:00,792.9558779058135,830.7156816156141,790.5958901739509,810.8917846679688,29800,0.0,0.0
2009-12-21 00:00:00+09:00,819.3876593076433,835.4355742940833,819.3876593076433,832.131591796875,34800,0.0,0.0
2009-12-22 00:00:00+09:00,818.9157036481586,840.1555922154018,818.9157036481586,825.9956665039062,27200,0.0,0.0
2009-12-24 00:00:00+09:00,831.6596322493119,843.459570277821,828.3556496013294,830.7156372070312,22200,0.0,0.0
2009-12-25 00:00:00+09:00,829.7717050324279,829.7717050324279,817.0277709960938,817.0277709960938,17200,0.0,0.0
2009-12-28 00:00:00+09:00,812.3077725657711,831.6596718540898,807.1157995859782,815.6117553710938,47600,0.0,0.0
2009-12-29 00:00:00+09:00,809.0037992598022,811.8357845547606,795.3158703341696,806.1718139648438,43000,0.0,0.0
2009-12-30 00:00:00+09:00,814.1957674925764,819.3877405026739,809.4757920288513,810.8917846679688,23200,0.0,0.0
2010-01-04 00:00:00+09:00,810.8917457449777,830.7156417410714,810.8917457449777,825.9956665039062,21400,0.0,0.0
2010-01-05 00:00:00+09:00,836.3795984846822,847.2355413544044,828.8276382274842,840.1555786132812,34600,0.0,0.0
2010-01-06 00:00:00+09:00,840.1555449802594,845.3475174492386,821.2756450930625,836.8515625,14200,0.0,0.0
2010-01-07 00:00:00+09:00,840.1556708294412,873.1955005811608,840.1556708294412,868.4755249023438,50400,0.0,0.0
2010-01-08 00:00:00+09:00,894.9072498015541,894.9072498015541,868.9473875973952,882.6353149414062,39200,0.0,0.0
2010-01-12 00:00:00+09:00,892.0752709284542,903.8752083745977,888.2992909456883,902.9312133789062,45400,0.0,0.0
2010-01-13 00:00:00+09:00,890.6592744965336,893.963256966844,880.2753295898438,880.2753295898438,31800,0.0,0.0
2010-01-14 00:00:00+09:00,861.3954985497121,886.8833653561145,861.3954985497121,870.83544921875,25600,0.0,0.0
2010-01-15 00:00:00+09:00,873.195411504509,877.9153867018307,870.8354239058482,871.7794189453125,12400,0.0,0.0
2010-01-18 00:00:00+09:00,871.77947377236,871.77947377236,849.5955889497824,853.8435668945312,20600,0.0,0.0
2010-01-19 00:00:00+09:00,851.0115038190569,871.7793940952846,840.1555611746652,859.0354614257812,24200,0.0,0.0
2010-01-20 00:00:00+09:00,855.2595388358465,864.699489595624,849.5955683799799,850.0675659179688,22000,0.0,0.0
2010-01-21 00:00:00+09:00,840.6276532873495,866.1155214948267,829.2997118618041,859.9795532226562,29000,0.0,0.0
2010-01-22 00:00:00+09:00,835.4356719476008,858.0915545766883,833.5476817285102,844.4036254882812,39600,0.0,0.0
2010-01-25 00:00:00+09:00,828.3557002039325,834.963665903565,827.411705103985,828.8276977539062,15400,0.0,0.0
2010-01-26 00:00:00+09:00,827.4116987910065,839.2116374503192,810.8917846679688,810.8917846679688,32800,0.0,0.0
2010-01-27 00:00:00+09:00,825.9956247995326,825.9956247995326,804.7557373046875,804.7557373046875,25000,0.0,0.0
2010-01-28 00:00:00+09:00,805.227832073562,825.0517294634153,805.227832073562,817.0277709960938,14200,0.0,0.0
2010-01-29 00:00:00+09:00,818.9156623012509,821.7476473005636,804.7557373046875,804.7557373046875,14600,0.0,0.0
2010-02-01 00:00:00+09:00,802.3958370324337,802.3958370324337,775.0199790630919,778.7959594726562,43000,0.0,0.0
2010-02-02 00:00:00+09:00,806.6438018595501,806.6438018595501,776.4359590748742,779.2679443359375,32400,0.0,0.0
2010-02-03 00:00:00+09:00,797.6758517876357,802.3958272420005,781.6279352427957,788.2359008789062,33200,0.0,0.0
2010-02-04 00:00:00+09:00,799.5638482766072,808.0598041614827,799.5638482766072,806.1718139648438,32600,0.0,0.0
2010-02-05 00:00:00+09:00,797.6758928907191,800.9798758790238,783.9879633677422,784.4599609375,28800,0.0,0.0
2010-02-08 00:00:00+09:00,784.9318986695307,784.9318986695307,765.1080022509377,770.77197265625,26200,0.0,0.0
2010-02-09 00:00:00+09:00,755.6680678270934,783.0439253748582,736.3161685260873,754.2520751953125,40600,0.0,0.0
2010-02-10 00:00:00+09:00,778.7959213256836,778.7959213256836,751.4200646972656,755.196044921875,23600,0.0,0.0
2010-02-12 00:00:00+09:00,754.2520498657227,759.9160202026368,751.4200646972656,755.196044921875,12000,0.0,0.0
2010-02-15 00:00:00+09:00,769.827998168871,774.5479736328125,760.860044787382,774.5479736328125,21600,0.0,0.0
2010-02-16 00:00:00+09:00,759.91601335744,766.9959762148075,750.47606288095,762.2760009765625,29800,0.0,0.0
2010-02-17 00:00:00+09:00,773.1320517730255,790.1239649988063,769.3560710561853,787.7639770507812,52600,0.0,0.0
2010-02-18 00:00:00+09:00,791.0678687699843,803.3398046816906,788.2358835595907,793.4278564453125,31400,0.0,0.0
2010-02-19 00:00:00+09:00,792.9558730977437,792.9558730977437,778.7959467924269,779.2679443359375,19000,0.0,0.0
2010-02-22 00:00:00+09:00,793.8998055594308,798.6197806222098,789.1798304966518,792.955810546875,21200,0.0,0.0
2010-02-23 00:00:00+09:00,792.955818786079,797.2037963867188,786.3478536295283,797.2037963867188,8800,0.0,0.0
2010-02-24 00:00:00+09:00,770.7719932616592,780.2119441895424,770.7719932616592,774.5479736328125,28400,0.0,0.0
2010-02-25 00:00:00+09:00,777.8519595961973,788.2359056587679,772.1879890166133,783.5159301757812,38400,0.0,0.0
2010-02-26 00:00:00+09:00,775.0199039883605,780.2118765485749,762.7479688460356,767.93994140625,32200,0.0,0.0
2010-03-01 00:00:00+09:00,761.3320174307194,782.0999087927477,761.3320174307194,775.491943359375,51000,0.0,0.0
2010-03-02 00:00:00+09:00,786.347843303737,795.3157958984375,778.7958832239893,795.3157958984375,43800,0.0,0.0
2010-03-03 00:00:00+09:00,797.6758658531868,810.8917973584468,792.955890315594,810.4197998046875,41600,0.0,0.0
2010-03-04 00:00:00+09:00,814.195816118828,837.79569484691,813.2518209697048,822.6917724609375,42800,0.0,0.0
2010-03-05 00:00:00+09:00,827.4116979821936,837.7956439922383,827.4116979821936,835.9076538085938,31600,0.0,0.0
2010-03-08 00:00:00+09:00,838.7396548310094,848.1796059264625,836.3796670571461,844.4036254882812,59400,0.0,0.0
2010-03-09 00:00:00+09:00,842.5155389675101,843.9315314699766,819.3876614272256,829.7716064453125,30600,0.0,0.0
2010-03-10 00:00:00+09:00,820.3317316482056,848.6515842942887,808.0597955015696,826.939697265625,33200,0.0,0.0
2010-03-11 00:00:00+09:00,839.2116953531901,841.0996856689453,817.4998067220051,838.2677001953125,30600,0.0,0.0
2010-03-12 00:00:00+09:00,838.7395897568962,849.12353515625,835.9076046479814,849.12353515625,18800,0.0,0.0
2010-03-15 00:00:00+09:00,849.5955417369308,851.0115343064924,839.2115962268128,839.68359375,24000,0.0,0.0
2010-03-16 00:00:00+09:00,839.2116169131663,843.4595947265625,835.9076341694137,843.4595947265625,17800,0.0,0.0
2010-03-17 00:00:00+09:00,849.595560346331,849.595560346331,840.1556096758162,845.819580078125,21200,0.0,0.0
2010-03-18 00:00:00+09:00,860.9234813588911,860.9234813588911,851.9555284280693,853.3715209960938,17400,0.0,0.0
2010-03-19 00:00:00+09:00,853.3714913504464,859.0354614257812,849.5955113002232,859.0354614257812,23000,0.0,0.0
2010-03-23 00:00:00+09:00,855.7315350308445,873.195443909025,831.1876630939421,863.7554931640625,49400,0.0,0.0
2010-03-24 00:00:00+09:00,868.4754281360514,877.915378441878,854.3155026773114,867.5314331054688,42400,0.0,0.0
2010-03-25 00:00:00+09:00,867.5314618956369,875.555419921875,863.7554816479953,875.555419921875,48600,0.0,0.0
2010-03-26 00:00:00+09:00,877.9154819043277,908.5953240138875,873.1955061951646,897.7393798828125,200600,0.0,0.0
2010-03-29 00:00:00+09:00,910.0112594468658,960.514996356002,908.5952668232451,954.3790283203125,147600,0.0,0.0
2010-03-30 00:00:00+09:00,941.6350947077268,960.514996356002,940.2191020841061,954.3790283203125,89800,0.0,0.0
2010-03-31 00:00:00+09:00,957.6829973214146,958.1549948558264,939.7470910137687,943.5230712890625,58600,0.0,0.0
2010-04-01 00:00:00+09:00,943.5230712890625,943.5230712890625,935.4991132040631,943.5230712890625,23800,0.0,0.0
2010-04-02 00:00:00+09:00,937.8590151030442,940.6910000505118,920.8671054182381,930.779052734375,51000,0.0,0.0
2010-04-05 00:00:00+09:00,925.1151775754337,953.4350299501918,920.8671997192199,945.4110717773438,49200,0.0,0.0
2010-04-06 00:00:00+09:00,943.5230190128675,944.9390115376492,930.7790862898322,934.0830688476562,20200,0.0,0.0
2010-04-07 00:00:00+09:00,927.4751437345415,938.3310868927574,927.4751437345415,930.30712890625,45800,0.0,0.0
2010-04-08 00:00:00+09:00,922.7551870084316,925.1151746989901,903.8752854839623,911.42724609375,44800,0.0,0.0
2010-04-09 00:00:00+09:00,917.5631482744881,917.5631482744881,904.3472181553082,916.1471557617188,28400,0.0,0.0
2010-04-12 00:00:00+09:00,913.7871558293584,913.7871558293584,892.0752709284542,902.9312133789062,48000,0.0,0.0
2010-04-13 00:00:00+09:00,906.2352629735859,910.0112432359759,873.1954356776739,884.5233764648438,72200,0.0,0.0
2010-04-14 00:00:00+09:00,885.4674252560052,898.6833569762441,885.4674252560052,891.6033935546875,21600,0.0,0.0
2010-04-15 00:00:00+09:00,891.6033712816488,901.5153198242188,891.6033712816488,901.5153198242188,22200,0.0,0.0
2010-04-16 00:00:00+09:00,901.5153166933832,906.7072897214603,887.82738780118,892.54736328125,35400,0.0,0.0
2010-04-19 00:00:00+09:00,882.6353956631987,887.3553710410768,870.8354572185035,875.0834350585938,36600,0.0,0.0
2010-04-20 00:00:00+09:00,880.2754009771372,886.8833664536412,868.4754626262373,882.1633911132812,28400,0.0,0.0
2010-04-21 00:00:00+09:00,886.8833777749921,901.0433039768282,886.8833777749921,895.3793334960938,33800,0.0,0.0
2010-04-22 00:00:00+09:00,892.0753649817347,895.3793478150003,873.6674606249686,881.2194213867188,32600,0.0,0.0
2010-04-23 00:00:00+09:00,871.3075281875042,885.467455514495,871.3075281875042,874.6115112304688,17800,0.0,0.0
2010-04-26 00:00:00+09:00,883.1073676471053,898.6832859433931,876.0274047851562,876.0274047851562,35200,0.0,0.0
2010-04-27 00:00:00+09:00,884.5233994546442,886.8833871799767,880.2754215490455,885.9393920898438,29600,0.0,0.0
2010-04-28 00:00:00+09:00,874.611383086511,874.611383086511,866.5874254435155,868.00341796875,24800,0.0,0.0
2010-04-30 00:00:00+09:00,876.0274116478816,879.3313943426742,868.9474487304688,868.9474487304688,16800,0.0,0.0
2010-05-06 00:00:00+09:00,861.8674643527256,861.8674643527256,827.4116456792595,840.1555786132812,51800,0.0,0.0
2010-05-07 00:00:00+09:00,804.7557490475467,838.2675720284124,798.6197814595009,831.6596069335938,27400,0.0,0.0
2010-05-10 00:00:00+09:00,804.7557507009816,845.8195338745801,798.619783100329,842.987548828125,17200,0.0,0.0
2010-05-11 00:00:00+09:00,842.9875652034109,849.1235329232566,812.3077266041826,812.7797241210938,33200,0.0,0.0
2010-05-12 00:00:00+09:00,831.6597213092289,839.2116824561912,802.3958718647497,827.4117431640625,18400,0.0,0.0
2010-05-13 00:00:00+09:00,833.0756914037728,838.7396621102007,824.107737785262,837.3236694335938,16200,0.0,0.0
2010-05-14 00:00:00+09:00,840.6276276991102,854.3155565049913,839.6836326090495,849.5955810546875,29400,0.0,0.0
2010-05-17 00:00:00+09:00,834.491653790594,834.491653790594,806.643798828125,806.643798828125,60800,0.0,0.0
2010-05-18 00:00:00+09:00,816.5557401086228,828.3556785494987,807.5877868935569,813.7237548828125,38400,0.0,0.0
2010-05-19 00:00:00+09:00,800.9798682979978,800.9798682979978,778.7959827293437,791.5399169921875,37200,0.0,0.0
2010-05-20 00:00:00+09:00,792.955783158361,792.955783158361,779.2678559490797,782.5718383789062,20200,0.0,0.0
2010-05-21 00:00:00+09:00,725.9321455453261,764.6359400412407,725.9321455453261,761.803955078125,51800,0.0,0.0
2010-05-24 00:00:00+09:00,765.580029128713,766.9960217843148,742.4521490872168,753.7800903320312,33400,0.0,0.0
2010-05-25 00:00:00+09:00,741.0361398776628,744.3401226669263,728.2922062619323,733.9561767578125,28000,0.0,0.0
2010-05-26 00:00:00+09:00,741.036130727199,754.2520617210598,714.6042687394772,718.3802490234375,58000,0.0,0.0
2010-05-27 00:00:00+09:00,714.132314693032,747.6441417539739,713.6603171287934,734.9002075195312,24600,0.0,0.0
2010-05-28 00:00:00+09:00,759.9160560865081,761.8040462879653,751.4201001799509,756.1400756835938,29000,0.0,0.0
2010-05-31 00:00:00+09:00,737.2601477581521,774.0759553926822,737.2601477581521,770.77197265625,28200,0.0,0.0
2010-06-01 00:00:00+09:00,766.052017013748,769.3559998351259,758.028058733259,763.2200317382812,23200,0.0,0.0
2010-06-02 00:00:00+09:00,759.9160083256302,764.6359835326217,727.3481793973889,741.9801025390625,46400,0.0,0.0
2010-06-03 00:00:00+09:00,757.5560965487956,769.356035747375,750.9481305975911,764.1640625,28600,0.0,0.0
2010-06-04 00:00:00+09:00,769.3559847095463,778.3239379055472,764.6360093432301,766.052001953125,12600,0.0,0.0
2010-06-07 00:00:00+09:00,732.0681842510517,749.0600956843449,732.0681842510517,736.316162109375,22600,0.0,0.0
2010-06-08 00:00:00+09:00,734.9000712255737,751.4199829101562,734.9000712255737,751.4199829101562,12800,0.0,0.0
2010-06-09 00:00:00+09:00,736.7881090403213,753.7800193064658,733.9561239959638,738.2041015625,18200,0.0,0.0
2010-06-10 00:00:00+09:00,738.6761585721713,753.3080824799906,732.0681929363818,751.89208984375,20000,0.0,0.0
2010-06-11 00:00:00+09:00,765.5799768740414,778.7959074242715,756.612024000671,769.35595703125,37800,0.0,0.0
2010-06-14 00:00:00+09:00,769.3559352329798,802.395760672433,768.883937726702,792.955810546875,38400,0.0,0.0
2010-06-15 00:00:00+09:00,792.955876333271,802.3958272420005,788.2359008789062,788.2359008789062,15800,0.0,0.0
2010-06-16 00:00:00+09:00,793.4278207112097,793.4278207112097,777.8519027555465,792.4838256835938,19200,0.0,0.0
2010-06-17 00:00:00+09:00,788.2358664654671,802.3957922103557,782.099898642682,798.6198120117188,10800,0.0,0.0
2010-06-18 00:00:00+09:00,794.8438398483429,804.7557879699671,788.2358744339267,802.8677978515625,12000,0.0,0.0
2010-06-21 00:00:00+09:00,814.667805846811,822.2197669670595,807.1158447265625,807.1158447265625,14600,0.0,0.0
2010-06-22 00:00:00+09:00,807.1157813781205,809.9477665759384,803.8117986473328,809.4757690429688,9600,0.0,0.0
2010-06-23 00:00:00+09:00,793.4278597842946,809.4757760440602,788.2358868767234,802.3958129882812,12400,0.0,0.0
2010-06-24 00:00:00+09:00,803.8117296905339,811.3636895701866,803.8117296905339,805.2277221679688,7000,0.0,0.0
2010-06-25 00:00:00+09:00,796.7318356527879,809.4757690429688,786.819887460425,809.4757690429688,14400,0.0,0.0
2010-06-28 00:00:00+09:00,800.9798306747222,817.9717422270439,799.5638380453621,804.2838134765625,26400,0.0,0.0
2010-06-29 00:00:00+09:00,804.2838247616125,804.2838247616125,781.1559448242188,781.1559448242188,29800,0.0,0.0
2010-06-30 00:00:00+09:00,762.2759652182099,772.1879127535551,759.9159777097944,761.3319702148438,31400,0.0,0.0
2010-07-01 00:00:00+09:00,757.0840859472901,757.0840859472901,741.5081664733121,753.30810546875,21800,0.0,0.0
2010-07-02 00:00:00+09:00,745.7560854311342,769.8279590747974,737.2601300274883,764.635986328125,22400,0.0,0.0
2010-07-05 00:00:00+09:00,745.7561602173587,809.4758321346646,745.7561602173587,784.4599609375,32000,0.0,0.0
2010-07-06 00:00:00+09:00,772.6599713337151,811.8357670702444,772.6599713337151,811.36376953125,25200,0.0,0.0
2010-07-07 00:00:00+09:00,804.2837573902027,804.2837573902027,780.6838818799267,785.8758544921875,20200,0.0,0.0
2010-07-08 00:00:00+09:00,800.5078637183129,816.0837832364168,796.7318832290756,809.9478149414062,32400,0.0,0.0
2010-07-09 00:00:00+09:00,813.723689802511,813.723689802511,798.6197698061767,804.7557373046875,9600,0.0,0.0
2010-07-12 00:00:00+09:00,809.4757422567188,814.1957174302274,798.6197993576492,799.091796875,11400,0.0,0.0
2010-07-13 00:00:00+09:00,799.0918597441453,799.0918597441453,784.9319331095769,785.4039306640625,12600,0.0,0.0
2010-07-14 00:00:00+09:00,793.8998055594308,797.203788103376,788.7078329903738,792.955810546875,10600,0.0,0.0
2010-07-15 00:00:00+09:00,792.9558860085227,793.4278835597183,778.7959594726562,778.7959594726562,15000,0.0,0.0
2010-07-16 00:00:00+09:00,771.7160647941035,774.0760527598347,755.1961490339851,760.3881225585938,16400,0.0,0.0
2010-07-21 00:00:00+09:00,793.8998970013442,805.2278384567736,784.4599457884864,787.2919311523438,26200,0.0,0.0
2010-07-22 00:00:00+09:00,793.8998327184606,805.227773256655,757.5560234917534,764.635986328125,19400,0.0,0.0
2010-07-23 00:00:00+09:00,783.5159013856132,807.1157779333727,778.7959260760614,800.5078125,19600,0.0,0.0
2010-07-26 00:00:00+09:00,811.8357637293199,813.2517563404756,800.5078228400736,802.3958129882812,11600,0.0,0.0
2010-07-27 00:00:00+09:00,805.6998404664935,843.9316430896838,805.6998404664935,841.5716552734375,64800,0.0,0.0
2010-07-28 00:00:00+09:00,844.875537123231,844.875537123231,826.9396318658662,831.6596069335938,30800,0.0,0.0
2010-07-29 00:00:00+09:00,825.9957221246535,829.2997050131521,802.3958443496634,819.3877563476562,17000,0.0,0.0
2010-07-30 00:00:00+09:00,805.2277394600419,805.2277394600419,783.9878518423972,786.3478393554688,28000,0.0,0.0
2010-08-02 00:00:00+09:00,783.5159060682026,801.9238098854677,770.77197265625,770.77197265625,21000,0.0,0.0
2010-08-03 00:00:00+09:00,772.1879376667302,784.4598731064215,772.1879376667302,774.075927734375,11400,0.0,0.0
2010-08-04 00:00:00+09:00,773.6039696688675,773.6039696688675,755.1960655705846,758.9720458984375,21200,0.0,0.0
2010-08-05 00:00:00+09:00,762.7480201929645,778.7959364594007,762.7480201929645,777.3799438476562,10800,0.0,0.0
2010-08-06 00:00:00+09:00,767.4680331710482,775.9639892578125,767.4680331710482,775.9639892578125,7200,0.0,0.0
2010-08-09 00:00:00+09:00,758.4999912967694,775.4919014938345,758.4999912967694,767.93994140625,7000,0.0,0.0
2010-08-10 00:00:00+09:00,772.6599834472358,778.3239540039658,769.3560006224768,774.5479736328125,10400,0.0,0.0
2010-08-11 00:00:00+09:00,755.1960367889692,764.6359872488314,746.2280838521002,750.9480590820312,24600,0.0,0.0
2010-08-12 00:00:00+09:00,747.1720788980864,759.4440144959071,742.4521036681554,750.9480590820312,20000,0.0,0.0
2010-08-13 00:00:00+09:00,750.4760972075095,751.89208984375,744.3401291171335,751.89208984375,13400,0.0,0.0
2010-08-16 00:00:00+09:00,741.9801335190282,752.3640794079713,740.5641408978087,747.6441040039062,10000,0.0,0.0
2010-08-17 00:00:00+09:00,746.700103254379,749.5320884753185,741.0361328125,741.0361328125,20000,0.0,0.0
2010-08-18 00:00:00+09:00,743.8681180334395,750.476083548965,740.5641352756768,741.0361328125,10800,0.0,0.0
2010-08-19 00:00:00+09:00,759.916054394112,774.0759808735055,758.0280641968596,769.8280029296875,10800,0.0,0.0
2010-08-20 00:00:00+09:00,769.3560279230154,769.3560279230154,757.5560888444415,759.9160766601562,9200,0.0,0.0
2010-08-23 00:00:00+09:00,760.3880504962393,769.3560039161205,747.172119140625,747.172119140625,12600,0.0,0.0
2010-08-24 00:00:00+09:00,744.3400893011814,757.0840223456531,743.8680917810158,755.6680297851562,8600,0.0,0.0
2010-08-25 00:00:00+09:00,752.8360778656764,766.5240065541433,750.4760901607684,758.9720458984375,18400,0.0,0.0
2010-08-26 00:00:00+09:00,748.1160606652553,765.5799687060215,748.1160606652553,765.1079711914062,17800,0.0,0.0
2010-08-27 00:00:00+09:00,752.8360394733709,774.075927734375,752.8360394733709,774.075927734375,14600,0.0,0.0
2010-08-30 00:00:00+09:00,783.0439343104547,790.5958950994644,769.3560053803743,769.8280029296875,20000,0.0,0.0
2010-08-31 00:00:00+09:00,768.4120428889053,778.795989414431,750.4761352539062,750.4761352539062,31600,0.0,0.0
2010-09-01 00:00:00+09:00,750.9480978916064,769.8279997870585,747.172117512516,760.8600463867188,19000,0.0,0.0
2010-09-02 00:00:00+09:00,766.9959253477818,777.8518676757812,766.9959253477818,777.8518676757812,18800,0.0,0.0
2010-09-03 00:00:00+09:00,779.7399211379717,781.1559137308373,772.6599581736439,775.491943359375,13400,0.0,0.0
2010-09-06 00:00:00+09:00,773.1320465320849,803.8118896484375,773.1320465320849,803.8118896484375,21800,0.0,0.0
2010-09-07 00:00:00+09:00,793.8998896507585,799.0918627697588,792.0118994256676,794.3718872070312,11000,0.0,0.0
2010-09-08 00:00:00+09:00,778.32388785226,792.955810546875,775.0199053083147,792.955810546875,7000,0.0,0.0
2010-09-09 00:00:00+09:00,793.8998055594308,794.8438005719865,785.8758479527064,792.955810546875,10800,0.0,0.0
2010-09-10 00:00:00+09:00,787.7639041256596,806.6438059621044,787.7639041256596,799.5638427734375,31000,0.0,0.0
2010-09-13 00:00:00+09:00,798.6198326918658,805.6997957476448,796.2598450066062,802.3958129882812,14000,0.0,0.0
2010-09-14 00:00:00+09:00,797.2038828200255,805.2278413800849,796.2598876953125,796.2598876953125,11000,0.0,0.0
2010-09-16 00:00:00+09:00,813.7237236522068,813.7237236522068,778.7959072077385,808.0597534179688,14400,0.0,0.0
2010-09-17 00:00:00+09:00,807.1158242141598,807.1158242141598,803.33984375,803.33984375,11200,0.0,0.0
2010-09-21 00:00:00+09:00,807.115748611641,807.115748611641,792.4838256835938,792.4838256835938,7200,0.0,0.0
2010-09-22 00:00:00+09:00,778.7958626608247,785.8758250486503,776.4358751982161,777.8518676757812,19000,0.0,0.0
2010-09-24 00:00:00+09:00,776.9079150838589,783.5158803397362,766.995967200043,771.7159423828125,16000,0.0,0.0
2010-09-27 00:00:00+09:00,778.7959006637063,778.7959006637063,741.0360994194054,776.4359130859375,17600,0.0,0.0
2010-09-28 00:00:00+09:00,777.379934620986,789.6518704437823,759.4440284184374,786.8198852539062,9800,0.0,0.0
2010-09-29 00:00:00+09:00,785.8758373092696,805.227734804573,785.8758373092696,804.7557373046875,22800,0.0,0.0
2010-09-30 00:00:00+09:00,802.3957416688129,803.8117341541108,763.6919470706702,773.1318969726562,12200,0.0,0.0
2010-10-01 00:00:00+09:00,768.4119723634008,779.2679154619009,763.6919971031833,771.2439575195312,12600,0.0,0.0
2010-10-04 00:00:00+09:00,790.1238332296203,790.1238332296203,755.196017423771,758.5,18200,0.0,0.0
2010-10-05 00:00:00+09:00,790.123843309356,790.123843309356,755.1960270579268,774.075927734375,13600,0.0,0.0
2010-10-06 00:00:00+09:00,774.5479297474118,776.4359198260161,764.6359818347393,769.35595703125,11600,0.0,0.0
2010-10-07 00:00:00+09:00,763.6919890324519,769.8279568058894,756.6120262169471,766.9959716796875,13800,0.0,0.0
2010-10-08 00:00:00+09:00,758.9719617041472,764.163934078989,757.5559692382812,757.5559692382812,18600,0.0,0.0
2010-10-12 00:00:00+09:00,758.0280182428336,763.6919884912234,741.5081050183634,741.9801025390625,25600,0.0,0.0
2010-10-13 00:00:00+09:00,742.9241056979117,763.2199993097353,741.980110646199,746.2280883789062,23200,0.0,0.0
2010-10-14 00:00:00+09:00,749.5319930033469,760.8599324442034,745.7560131897279,751.4199829101562,15400,0.0,0.0
2010-10-15 00:00:00+09:00,751.8921148109071,751.8921148109071,739.1481806615697,739.6201782226562,19000,0.0,0.0
2010-10-18 00:00:00+09:00,730.6522049461071,773.6039818518536,730.6522049461071,747.172119140625,20800,0.0,0.0
2010-10-19 00:00:00+09:00,735.8441519092704,765.1079988742317,735.8441519092704,736.7881469726562,16600,0.0,0.0
2010-10-20 00:00:00+09:00,750.0040931628065,750.0040931628065,726.8762136379622,733.9561767578125,12800,0.0,0.0
2010-10-21 00:00:00+09:00,731.5961683651826,734.4281535330479,726.8761930854073,730.18017578125,14400,0.0,0.0
2010-10-22 00:00:00+09:00,730.180231877145,744.3401588043037,729.2362367486678,734.9002075195312,11000,0.0,0.0
2010-10-25 00:00:00+09:00,731.5961570836812,753.308043035842,730.652162042283,741.9801025390625,17400,0.0,0.0
2010-10-26 00:00:00+09:00,741.9801373487903,744.8121226058468,731.59619140625,731.59619140625,15000,0.0,0.0
2010-10-27 00:00:00+09:00,731.596152670917,747.1720707600398,731.596152670917,746.7000732421875,10600,0.0,0.0
2010-10-28 00:00:00+09:00,727.8201984575223,739.1481392895461,727.8201984575223,732.0681762695312,36200,0.0,0.0
2010-10-29 00:00:00+09:00,727.8201777717161,736.3161331542652,727.8201777717161,728.2921752929688,20200,0.0,0.0
2010-11-01 00:00:00+09:00,724.5162259313455,745.2841177495729,724.5162259313455,733.9561767578125,14000,0.0,0.0
2010-11-02 00:00:00+09:00,725.4602097147184,725.9322072486902,719.3242417730844,720.740234375,16600,0.0,0.0
2010-11-04 00:00:00+09:00,724.988250492126,731.596216316924,719.3242797851562,719.3242797851562,20800,0.0,0.0
2010-11-05 00:00:00+09:00,720.7402904066237,734.4282199559308,720.7402904066237,725.4602661132812,26800,0.0,0.0
2010-11-08 00:00:00+09:00,732.5401657243028,732.5401657243028,726.8761953707644,727.8201904296875,15400,0.0,0.0
2010-11-09 00:00:00+09:00,739.1481473482572,745.756112905649,733.9561744103065,736.316162109375,39000,0.0,0.0
2010-11-10 00:00:00+09:00,736.3161564243411,745.2841096115606,729.7081909179688,729.7081909179688,28200,0.0,0.0
2010-11-11 00:00:00+09:00,735.844171675895,735.844171675895,727.8202134215716,729.2362060546875,40400,0.0,0.0
2010-11-12 00:00:00+09:00,731.1241986163251,734.9001789836141,726.876220703125,726.876220703125,20000,0.0,0.0
2010-11-15 00:00:00+09:00,727.8201777717161,729.708167856727,726.8761827292105,728.2921752929688,15400,0.0,0.0
2010-11-16 00:00:00+09:00,727.8201950511484,728.7641901160656,712.7162740124735,723.1002197265625,40400,0.0,0.0
2010-11-17 00:00:00+09:00,721.2122147142189,728.7641750777186,721.2122147142189,725.9321899414062,25000,0.0,0.0
2010-11-18 00:00:00+09:00,724.9881852551985,752.3640412088453,724.9881852551985,749.06005859375,48600,0.0,0.0
2010-11-19 00:00:00+09:00,752.8360769483778,752.8360769483778,741.9801335190282,747.6441040039062,32200,0.0,0.0
2010-11-22 00:00:00+09:00,747.644068277892,752.8360409742662,741.0361030279611,746.7000732421875,22000,0.0,0.0
2010-11-24 00:00:00+09:00,737.26025390625,755.1961627720871,736.3162587027848,737.26025390625,17600,0.0,0.0
2010-11-25 00:00:00+09:00,739.1481323242188,751.4200681099337,738.2041372637791,739.1481323242188,16200,0.0,0.0
2010-11-26 00:00:00+09:00,741.9801278861465,748.5880934016719,740.0921377388535,741.0361328125,10400,0.0,0.0
2010-11-29 00:00:00+09:00,741.0361811433303,748.5881422250458,741.0361811433303,741.5081787109375,14600,0.0,0.0
2010-11-30 00:00:00+09:00,741.9801002942692,748.5880655640655,741.0361052557269,744.340087890625,26800,0.0,0.0
2010-12-01 00:00:00+09:00,744.3400752426554,746.228065287659,741.9800876864009,744.8120727539062,11600,0.0,0.0
2010-12-02 00:00:00+09:00,752.8360572814942,761.3320127868652,752.8360572814942,755.196044921875,49600,0.0,0.0
2010-12-03 00:00:00+09:00,759.9160202026368,759.9160202026368,752.8360572814942,755.196044921875,16800,0.0,0.0
2010-12-06 00:00:00+09:00,758.9720815338703,759.9160766601562,755.1961010287267,759.9160766601562,10400,0.0,0.0
2010-12-07 00:00:00+09:00,761.3320208941283,761.3320208941283,755.1960529637973,759.4440307617188,17600,0.0,0.0
2010-12-08 00:00:00+09:00,759.4439613701206,782.5718383789062,757.5559714102199,782.5718383789062,29200,0.0,0.0
2010-12-09 00:00:00+09:00,779.7399165343315,783.5158967596794,775.0199412526467,780.2119140625,50400,0.0,0.0
2010-12-10 00:00:00+09:00,781.1558793901323,785.8758544921875,778.7958918391047,785.8758544921875,55800,0.0,0.0
2010-12-13 00:00:00+09:00,785.8759639220831,797.6759033203125,784.9319687702247,797.6759033203125,38400,0.0,0.0
2010-12-14 00:00:00+09:00,807.1156994864895,809.4756869118885,799.0917422401325,805.69970703125,33200,0.0,0.0
2010-12-15 00:00:00+09:00,811.3637591748474,811.835756707817,805.6997887792114,809.4757690429688,36200,0.0,0.0
2010-12-16 00:00:00+09:00,811.3637671946373,816.5557401086228,808.0597844311919,813.7237548828125,45400,0.0,0.0
2010-12-17 00:00:00+09:00,816.5557297107786,818.9157173689022,799.0918210406636,811.8357543945312,37400,0.0,0.0
2010-12-20 00:00:00+09:00,802.3957787490473,817.0277017732947,802.3957787490473,812.7797241210938,34000,0.0,0.0
2010-12-21 00:00:00+09:00,813.2517676530061,818.9157381764164,813.2517676530061,815.6117553710938,28000,0.0,0.0
2010-12-22 00:00:00+09:00,810.8917558547821,811.8357509139844,798.6198200851521,802.8677978515625,18000,0.0,0.0
2010-12-24 00:00:00+09:00,806.1718495865314,815.6118009868421,806.1718495865314,807.1158447265625,20000,0.0,0.0
2010-12-27 00:00:00+09:00,809.0037897604483,816.5557504583288,809.0037897604483,815.6117553710938,11200,0.0,0.0
2010-12-28 00:00:00+09:00,816.0838064170746,822.6917724609375,815.6118088425129,822.6917724609375,10000,0.0,0.0
2010-12-29 00:00:00+09:00,819.8597496937897,835.4356689453125,819.8597496937897,835.4356689453125,23000,0.0,0.0
2010-12-30 00:00:00+09:00,843.4595612258054,848.651533902629,840.1555786132812,840.1555786132812,35000,0.0,0.0
2011-01-04 00:00:00+09:00,842.5155661936557,849.5955289347788,839.6835810972063,840.1555786132812,30800,0.0,0.0
2011-01-05 00:00:00+09:00,844.8756103515625,850.0675833760693,838.2676446840084,844.8756103515625,22800,0.0,0.0
2011-01-06 00:00:00+09:00,846.2915018015894,849.5954842403016,839.6835369241649,848.6514892578125,31800,0.0,0.0
2011-01-07 00:00:00+09:00,857.6195265257908,857.6195265257908,842.9876028481356,850.0675659179688,27800,0.0,0.0
2011-01-11 00:00:00+09:00,850.0676081482225,892.0753911161246,848.6516154639112,891.6033935546875,44200,0.0,0.0
2011-01-12 00:00:00+09:00,892.0753219279836,893.4913145024725,882.6353714313913,887.3553466796875,37200,0.0,0.0
2011-01-13 00:00:00+09:00,892.0753497741341,892.0753497741341,874.1394432707389,884.0513916015625,23200,0.0,0.0
2011-01-14 00:00:00+09:00,882.6353701229754,885.9393527918849,873.6674171645067,876.0274047851562,28800,0.0,0.0
2011-01-17 00:00:00+09:00,880.74747213817,893.0194090489912,878.8594818441975,881.6914672851562,31000,0.0,0.0
2011-01-18 00:00:00+09:00,881.6913718894675,896.7952926070601,881.2193743670427,892.0753173828125,29600,0.0,0.0
2011-01-19 00:00:00+09:00,896.3232605829489,916.1471557617188,885.4673179850512,916.1471557617188,34400,0.0,0.0
2011-01-20 00:00:00+09:00,901.9873204446321,912.3712665721998,893.4913645220767,910.4832763671875,23200,0.0,0.0
2011-01-21 00:00:00+09:00,910.9552861061417,914.7312665666852,897.2673569366711,898.683349609375,42800,0.0,0.0
2011-01-24 00:00:00+09:00,893.9633511659159,901.0433143483282,879.8034248010915,897.267333984375,16600,0.0,0.0
2011-01-25 00:00:00+09:00,898.2112570314022,915.675164813936,897.7392595237661,909.0671997070312,16000,0.0,0.0
2011-01-26 00:00:00+09:00,908.5952306676794,909.0672281901042,892.0753173828125,892.0753173828125,12400,0.0,0.0
2011-01-27 00:00:00+09:00,908.5953066013003,914.25927734375,901.0433456113675,914.25927734375,17800,0.0,0.0
2011-01-28 00:00:00+09:00,914.2591319807558,914.2591319807558,899.1552124023438,899.1552124023438,18200,0.0,0.0
2011-01-31 00:00:00+09:00,883.1073804171581,914.2592174602005,883.1073804171581,900.5712890625,22400,0.0,0.0
2011-02-01 00:00:00+09:00,901.5152422721492,907.6512098897083,891.6032945822459,893.019287109375,10600,0.0,0.0
2011-02-02 00:00:00+09:00,893.9633590298798,912.8432610157273,893.9633590298798,901.5153198242188,15800,0.0,0.0
2011-02-03 00:00:00+09:00,893.4913122202421,897.7392899328581,882.63536917689,889.71533203125,7000,0.0,0.0
2011-02-04 00:00:00+09:00,889.7153297706886,895.8512975622106,880.2753793221932,892.0753173828125,7200,0.0,0.0
2011-02-07 00:00:00+09:00,896.7953088148586,900.5712890625,894.4353211600826,900.5712890625,10800,0.0,0.0
2011-02-08 00:00:00+09:00,901.5152543385824,910.4832071304321,899.1552667617798,906.2352294921875,19800,0.0,0.0
2011-02-09 00:00:00+09:00,912.8431797681196,913.3151772757558,901.9872370924905,909.0671997070312,29200,0.0,0.0
2011-02-10 00:00:00+09:00,896.7952249682169,903.4031897837722,887.3552752317094,899.1552124023438,20800,0.0,0.0
2011-02-14 00:00:00+09:00,898.2112509755409,908.5951960735241,897.2672559666335,902.459228515625,23600,0.0,0.0
2011-02-15 00:00:00+09:00,902.4593555919756,908.5953240138875,897.7393798828125,897.7393798828125,36800,0.0,0.0
2011-02-16 00:00:00+09:00,903.4032742482311,908.5952470887382,900.5712890625,900.5712890625,11600,0.0,0.0
2011-02-17 00:00:00+09:00,901.5152208853691,908.5951833530552,894.9072559155287,902.9312133789062,15400,0.0,0.0
2011-02-18 00:00:00+09:00,898.21128290423,901.0432680316211,894.435302734375,894.435302734375,16600,0.0,0.0
2011-02-21 00:00:00+09:00,890.659387620273,892.5473778431035,844.8756247166342,878.387451171875,21200,0.0,0.0
2011-02-22 00:00:00+09:00,867.0594062784228,867.0594062784228,859.0354487897275,859.5074462890625,14200,0.0,0.0
2011-02-23 00:00:00+09:00,850.5395761447483,859.0355319552951,849.5955810546875,849.5955810546875,15400,0.0,0.0
2011-02-24 00:00:00+09:00,850.0676346078103,854.3156127929688,844.8756612703945,854.3156127929688,25000,0.0,0.0
2011-02-25 00:00:00+09:00,845.3475550110304,849.5955326744024,844.875557492878,849.12353515625,13600,0.0,0.0
2011-02-28 00:00:00+09:00,846.2915651728505,873.1954241883845,842.0435874335557,871.3074340820312,24200,0.0,0.0
2011-03-01 00:00:00+09:00,871.307429543857,889.7153329849243,868.9474419232073,876.0274047851562,23800,0.0,0.0
2011-03-02 00:00:00+09:00,867.0594347358083,867.0594347358083,842.5155639648438,842.5155639648438,33600,0.0,0.0
2011-03-03 00:00:00+09:00,843.9315565093224,851.9555142613685,835.9075987572763,842.5155639648438,19000,0.0,0.0
2011-03-04 00:00:00+09:00,849.5956069159063,859.9795532226562,849.5956069159063,859.9795532226562,32400,0.0,0.0
2011-03-07 00:00:00+09:00,863.2835485833051,865.1715388481127,842.5156556704208,848.1796264648438,32600,0.0,0.0
2011-03-08 00:00:00+09:00,840.627558680943,868.4754115513392,840.627558680943,859.0354614257812,38400,0.0,0.0
2011-03-09 00:00:00+09:00,871.3074397903551,872.723432379397,847.707563306326,852.8995361328125,20000,0.0,0.0
2011-03-10 00:00:00+09:00,858.0915033375584,874.1394192415612,858.0915033375584,871.3074340820312,32200,0.0,0.0
2011-03-11 00:00:00+09:00,852.4275922722926,864.2275312572358,851.4835971534972,859.9795532226562,49800,0.0,0.0
2011-03-14 00:00:00+09:00,675.9005230629281,731.5962365555437,671.6525449151862,689.116455078125,89800,0.0,0.0
2011-03-15 00:00:00+09:00,678.7324565305548,678.7324565305548,547.5171415684587,556.9570922851562,134600,0.0,0.0
2011-03-16 00:00:00+09:00,556.9570742747823,625.3967147577005,523.9172478347529,575.8369750976562,157800,0.0,0.0
2011-03-17 00:00:00+09:00,547.5171392899525,565.4530455770372,531.9412206722211,559.3170776367188,156800,0.0,0.0
2011-03-18 00:00:00+09:00,594.7168910386351,679.6764469012974,592.3569033757834,673.0684814453125,158200,0.0,0.0
2011-03-22 00:00:00+09:00,734.4281719501201,736.316162109375,707.9963097205529,736.316162109375,93600,0.0,0.0
2011-03-23 00:00:00+09:00,735.8441014298996,755.1959989017572,718.3801939552965,738.6760864257812,57600,0.0,0.0
2011-03-24 00:00:00+09:00,731.5961413774335,745.756066694416,719.7962036132812,719.7962036132812,47400,0.0,0.0
2011-03-25 00:00:00+09:00,719.7962125353639,728.2921678308633,707.9962746249481,710.3562622070312,45800,0.0,0.0
2011-03-28 00:00:00+09:00,708.4682655334473,717.4362182617188,688.6443700288471,717.4362182617188,107800,0.0,0.0
2011-03-29 00:00:00+09:00,708.4683432203005,713.1883188580108,694.780413870941,712.2443237304688,42600,0.0,0.0
2011-03-30 00:00:00+09:00,716.9642699010163,729.2362060546875,708.468314102321,729.2362060546875,51600,0.0,0.0
2011-03-31 00:00:00+09:00,733.9562557398347,733.9562557398347,722.1563159369434,728.7642822265625,17000,0.0,0.0
2011-04-01 00:00:00+09:00,709.8842394347213,733.9561119155529,709.8842394347213,711.3002319335938,25800,0.0,0.0
2011-04-04 00:00:00+09:00,708.4683432203005,717.43629693195,708.4683432203005,712.2443237304688,14800,0.0,0.0
2011-04-05 00:00:00+09:00,712.7162204922838,713.6602154863134,684.8683681684132,688.6443481445312,19600,0.0,0.0
2011-04-06 00:00:00+09:00,687.7004243925021,692.8923973975244,676.3724832906352,690.5324096679688,37400,0.0,0.0
2011-04-07 00:00:00+09:00,698.0843711909465,707.5243221198301,683.924444797621,701.8603515625,27600,0.0,0.0
2011-04-08 00:00:00+09:00,697.6123404013143,702.3323156408361,696.66834535341,698.5563354492188,28800,0.0,0.0
2011-04-11 00:00:00+09:00,691.0044072138799,695.724382672991,686.7564293006798,690.5324096679688,34800,0.0,0.0
2011-04-12 00:00:00+09:00,686.7563581564722,688.6443481445312,682.5083806833394,688.6443481445312,21400,0.0,0.0
2011-04-13 00:00:00+09:00,684.3964594812575,698.0843886708826,684.3964594812575,696.6683959960938,15400,0.0,0.0
2011-04-14 00:00:00+09:00,696.6683305250042,702.80429820578,682.9804026217352,701.3883056640625,28200,0.0,0.0
2011-04-15 00:00:00+09:00,701.3883287008374,705.1643089361044,701.3883287008374,702.8043212890625,14400,0.0,0.0
2011-04-18 00:00:00+09:00,703.2763824051602,703.2763824051602,700.4443969726562,700.4443969726562,7800,0.0,0.0
2011-04-19 00:00:00+09:00,696.6683522090977,696.6683522090977,690.0603868087404,691.4763793945312,14400,0.0,0.0
2011-04-20 00:00:00+09:00,691.4763637288412,707.9962768554688,691.4763637288412,707.9962768554688,17800,0.0,0.0
2011-04-21 00:00:00+09:00,707.996408990089,712.7163850500228,702.3324377181682,709.8843994140625,15000,0.0,0.0
2011-04-22 00:00:00+09:00,698.556416829427,709.4123611450195,695.2524337768555,702.3323974609375,11400,0.0,0.0
2011-04-25 00:00:00+09:00,696.6682824337122,710.3562093920981,696.6682824337122,700.916259765625,6400,0.0,0.0
2011-04-26 00:00:00+09:00,700.9162405262822,702.3322329313859,690.5322962221892,694.7802734375,12200,0.0,0.0
2011-04-27 00:00:00+09:00,702.3323411334997,707.5243140854274,695.7243755583189,697.6123657226562,13600,0.0,0.0
2011-04-28 00:00:00+09:00,700.916444900188,712.7163850500228,698.0844592642277,709.8843994140625,20600,0.0,0.0
2011-05-02 00:00:00+09:00,709.8842910936477,720.740234375,703.2763256180419,720.740234375,21400,0.0,0.0
2011-05-06 00:00:00+09:00,712.7162497891144,712.7162497891144,704.220294493615,710.3562622070312,6200,0.0,0.0
2011-05-09 00:00:00+09:00,709.8843050684702,709.8843050684702,703.2763394627797,706.580322265625,4800,0.0,0.0
2011-05-10 00:00:00+09:00,696.1963661229618,711.3002872863075,696.1963661229618,704.6923217773438,16400,0.0,0.0
2011-05-11 00:00:00+09:00,704.6924082745169,716.0203505374697,699.0284371430405,703.7484130859375,14200,0.0,0.0
2011-05-12 00:00:00+09:00,704.6923853556315,709.8843587239583,701.8603998819987,702.3323974609375,8600,0.0,0.0
2011-05-13 00:00:00+09:00,702.8043410540113,705.6363263101053,689.1164123162233,695.2523803710938,22400,0.0,0.0
2011-05-16 00:00:00+09:00,692.8923973975244,692.8923973975244,651.3566133573459,654.1885986328125,78200,0.0,0.0
2011-05-17 00:00:00+09:00,646.636646316453,674.0125043356898,646.636646316453,669.7645263671875,11200,0.0,0.0
2011-05-18 00:00:00+09:00,667.876527464235,700.9163556780134,667.4045299183239,690.5324096679688,10800,0.0,0.0
2011-05-19 00:00:00+09:00,691.0044112742739,695.2523892124354,667.8765313887279,674.4844970703125,19200,0.0,0.0
2011-05-20 00:00:00+09:00,672.5965550562719,689.1164704436189,672.5965550562719,674.95654296875,6200,0.0,0.0
2011-05-23 00:00:00+09:00,681.5644522653499,681.5644522653499,666.4605308855084,670.2365112304688,10000,0.0,0.0
2011-05-24 00:00:00+09:00,670.2364962498905,673.0684814453125,657.0205653379207,673.0684814453125,14600,0.0,0.0
2011-05-25 00:00:00+09:00,665.5165436453049,691.4764088229585,665.0445460966203,674.4844970703125,27000,0.0,0.0
2011-05-26 00:00:00+09:00,674.4844820560894,680.6204500524009,674.4844820560894,677.3164672851562,10800,0.0,0.0
2011-05-27 00:00:00+09:00,677.3164148768772,677.3164148768772,663.1564898271863,667.87646484375,9400,0.0,0.0
2011-05-30 00:00:00+09:00,667.8765391640271,682.0364657894129,666.9325440556681,678.7324829101562,5600,0.0,0.0
2011-05-31 00:00:00+09:00,678.7324764223299,699.5003686077141,678.7324764223299,697.140380859375,12600,0.0,0.0
2011-06-01 00:00:00+09:00,705.1643335912134,741.0361470804586,697.1403753107245,726.876220703125,44400,0.0,0.0
2011-06-02 00:00:00+09:00,719.7962369993523,729.2361876485242,708.9402937528048,723.1002197265625,43000,0.0,0.0
2011-06-03 00:00:00+09:00,722.1562200761491,730.1801780769952,720.7402274877645,727.8201904296875,42400,0.0,0.0
2011-06-06 00:00:00+09:00,727.8202870423312,734.900250924066,723.1003111211747,728.7642822265625,23800,0.0,0.0
2011-06-07 00:00:00+09:00,730.6522192429975,733.01220703125,727.8202338970943,733.01220703125,15600,0.0,0.0
2011-06-08 00:00:00+09:00,736.788117250514,743.8680799403012,736.788117250514,742.4520874023438,37600,0.0,0.0
2011-06-09 00:00:00+09:00,743.3961431329901,778.7959594726562,742.452148030599,778.7959594726562,82600,0.0,0.0
2011-06-10 00:00:00+09:00,816.5556898560504,825.9956400277966,785.8758517978752,801.9237670898438,109400,0.0,0.0
2011-06-13 00:00:00+09:00,791.5398306559778,793.8998182250177,788.7078455731299,792.4838256835938,25000,0.0,0.0
2011-06-14 00:00:00+09:00,792.955870983302,822.2197186029239,792.011875898798,817.9717407226562,26200,0.0,0.0
2011-06-15 00:00:00+09:00,817.9717327215278,819.859722872068,812.7797598075424,813.7237548828125,18600,0.0,0.0
2011-06-16 00:00:00+09:00,802.3958560059463,802.8678535683027,795.7878901329561,796.2598876953125,17200,0.0,0.0
2011-06-17 00:00:00+09:00,788.707863044628,812.3077392578125,780.2119076078815,812.3077392578125,44200,0.0,0.0
2011-06-20 00:00:00+09:00,807.5878187826681,807.5878187826681,788.7079165317583,794.3718872070312,7000,0.0,0.0
2011-06-21 00:00:00+09:00,813.251750543307,813.251750543307,784.9318985220659,795.787841796875,14400,0.0,0.0
2011-06-22 00:00:00+09:00,790.5958415626847,802.395779496456,790.5958415626847,799.091796875,13600,0.0,0.0
2011-06-23 00:00:00+09:00,799.5638756021262,803.8118536897408,786.3479437739919,791.5399169921875,16600,0.0,0.0
2011-06-24 00:00:00+09:00,801.4518579716305,801.4518579716305,783.5159506672006,787.2919311523438,11200,0.0,0.0
2011-06-27 00:00:00+09:00,776.9079644996,791.5398884968586,774.075979209808,783.5159301757812,16800,0.0,0.0
2011-06-28 00:00:00+09:00,797.6759033203125,797.6759033203125,783.5159760424372,797.6759033203125,13200,0.0,0.0
2011-06-29 00:00:00+09:00,793.4278288927123,800.0357941541627,756.1400249173856,796.7318115234375,20000,0.0,0.0
2011-06-30 00:00:00+09:00,797.2038264103708,816.5557250976562,787.291878302249,816.5557250976562,36600,0.0,0.0
2011-07-01 00:00:00+09:00,816.555760046358,823.6357232837543,803.811826219045,806.1718139648438,17200,0.0,0.0
2011-07-04 00:00:00+09:00,812.3076718223674,813.2516667925271,805.2277095461701,805.69970703125,13000,0.0,0.0
2011-07-05 00:00:00+09:00,805.6997876655131,814.1957432472233,796.2598370191686,798.1478271484375,15200,0.0,0.0
2011-07-06 00:00:00+09:00,798.1478271484375,798.1478271484375,786.3478888405067,798.1478271484375,11800,0.0,0.0
2011-07-07 00:00:00+09:00,797.2037963867188,797.2037963867188,793.4278162972612,797.2037963867188,7000,0.0,0.0
2011-07-08 00:00:00+09:00,798.1477388307821,808.5316833927438,794.8437564701579,801.4517211914062,24000,0.0,0.0
2011-07-11 00:00:00+09:00,801.4517296655316,810.4196818820482,799.5637397252124,805.69970703125,10000,0.0,0.0
2011-07-12 00:00:00+09:00,792.9559176260965,809.0038350066246,790.1239322060032,807.1158447265625,12800,0.0,0.0
2011-07-13 00:00:00+09:00,807.1158042969887,811.8357797607138,804.7558165651261,810.8917846679688,19400,0.0,0.0
2011-07-14 00:00:00+09:00,810.8917048031983,810.8917048031983,802.3957498052603,804.7557373046875,10600,0.0,0.0
2011-07-15 00:00:00+09:00,808.5317716731581,811.8357543945312,804.7557914201603,811.8357543945312,24200,0.0,0.0
2011-07-19 00:00:00+09:00,793.4278054877229,811.8357081730419,793.4278054877229,809.0037231445312,15600,0.0,0.0
2011-07-20 00:00:00+09:00,807.1158035080155,809.475791237571,798.1478501357042,799.5638427734375,17200,0.0,0.0
2011-07-21 00:00:00+09:00,807.1158727532755,807.1158727532755,792.9559451611128,803.8118896484375,21000,0.0,0.0
2011-07-22 00:00:00+09:00,804.2837938885356,811.8357543945312,799.0918210406636,811.8357543945312,11800,0.0,0.0
2011-07-25 00:00:00+09:00,806.6438572629669,806.6438572629669,797.6759033203125,797.6759033203125,9200,0.0,0.0
2011-07-26 00:00:00+09:00,802.3958790796044,809.0038451426128,792.0119324091623,797.6759033203125,32400,0.0,0.0
2011-07-27 00:00:00+09:00,797.6758701009405,804.283835888759,788.2359189754856,794.3718872070312,21800,0.0,0.0
2011-07-28 00:00:00+09:00,789.1798959697792,791.067886151525,783.5159254245416,788.2359008789062,22600,0.0,0.0
2011-07-29 00:00:00+09:00,787.76386537797,791.53984555953,769.8279595155595,789.65185546875,20000,0.0,0.0
2011-08-01 00:00:00+09:00,784.4599886058152,807.1158727532755,783.0439958465988,803.8118896484375,20200,0.0,0.0
2011-08-02 00:00:00+09:00,784.9318594717764,797.2037947371199,784.9318594717764,785.8758544921875,9200,0.0,0.0
2011-08-03 00:00:00+09:00,778.7959179358792,800.9798016589011,771.2439575195312,771.2439575195312,16400,0.0,0.0
2011-08-04 00:00:00+09:00,771.2439860962579,788.7078952061487,767.4680057481735,779.2679443359375,11200,0.0,0.0
2011-08-05 00:00:00+09:00,740.0921042766315,748.1160620398348,727.3481713586027,737.7321166992188,28000,0.0,0.0
2011-08-08 00:00:00+09:00,730.6521479961871,746.2280658798268,727.8201629264344,731.1241455078125,16200,0.0,0.0
2011-08-09 00:00:00+09:00,728.2922426227268,774.0760064168969,708.468344897416,768.884033203125,36200,0.0,0.0
2011-08-10 00:00:00+09:00,768.884033203125,768.884033203125,768.884033203125,768.884033203125,12800,0.0,0.0
2011-08-11 00:00:00+09:00,746.7000448187774,804.7557373046875,746.7000448187774,804.7557373046875,43200,0.0,0.0
2011-08-12 00:00:00+09:00,804.7557373046875,804.7557373046875,804.7557373046875,804.7557373046875,30200,0.0,0.0
2011-08-15 00:00:00+09:00,804.7557926008787,807.1157802624648,793.4278518252652,798.1478271484375,17200,0.0,0.0
2011-08-16 00:00:00+09:00,806.6437421757169,807.1157396843041,796.7317944953833,801.9237670898438,9600,0.0,0.0
2011-08-17 00:00:00+09:00,792.4839096522927,800.9798658010368,792.0119120884735,793.89990234375,5800,0.0,0.0
2011-08-18 00:00:00+09:00,793.89990234375,793.89990234375,793.89990234375,793.89990234375,6200,0.0,0.0
2011-08-19 00:00:00+09:00,778.3240310981508,778.7960286912971,736.7882429012817,760.3881225585938,26200,0.0,0.0
2011-08-22 00:00:00+09:00,757.5560184302176,771.2439464890814,743.8680903713539,744.340087890625,9800,0.0,0.0
2011-08-23 00:00:00+09:00,738.6761117301838,755.196024772073,736.7881216682537,737.7321166992188,10600,0.0,0.0
2011-08-24 00:00:00+09:00,756.6120535304726,764.6360116777079,750.476085535528,763.6920166015625,19200,0.0,0.0
2011-08-25 00:00:00+09:00,763.6919922028451,764.6359872488314,750.9480590820312,750.9480590820312,11800,0.0,0.0
2011-08-26 00:00:00+09:00,755.6680289613688,769.35595703125,751.4200512845092,769.35595703125,6600,0.0,0.0
2011-08-29 00:00:00+09:00,771.2439701900261,772.6599627913541,769.3559800549219,770.77197265625,7800,0.0,0.0
2011-08-30 00:00:00+09:00,776.435895699068,795.3157958984375,776.435895699068,795.3157958984375,11400,0.0,0.0
2011-08-31 00:00:00+09:00,797.6757938979009,797.6757938979009,792.955818786079,797.2037963867188,9800,0.0,0.0
2011-09-01 00:00:00+09:00,779.267987670164,803.3398637278129,775.4920071121014,784.4599609375,13000,0.0,0.0
2011-09-02 00:00:00+09:00,795.3158182966599,795.3158182966599,764.1639820903813,771.7159423828125,18600,0.0,0.0
2011-09-05 00:00:00+09:00,771.7159454707872,792.9558338782401,741.036106660022,755.6680297851562,10000,0.0,0.0
2011-09-06 00:00:00+09:00,764.1639776815397,779.2678981792601,758.5000074948946,776.4359130859375,15200,0.0,0.0
2011-09-07 00:00:00+09:00,770.7719599935095,788.235868456314,756.1400366868354,771.2439575195312,10600,0.0,0.0
2011-09-08 00:00:00+09:00,790.5959396813748,797.6759033203125,785.8759639220831,797.6759033203125,33600,0.0,0.0
2011-09-09 00:00:00+09:00,800.0358253030216,811.8357637293199,800.0358253030216,802.3958129882812,34000,0.0,0.0
2011-09-12 00:00:00+09:00,783.0439286665484,799.5638427734375,775.9639654778815,799.5638427734375,12800,0.0,0.0
2011-09-13 00:00:00+09:00,794.8439005887681,814.19580078125,794.8439005887681,814.19580078125,18600,0.0,0.0
2011-09-14 00:00:00+09:00,814.6677766099489,840.155644476077,814.1957790568724,835.4356689453125,31800,0.0,0.0
2011-09-15 00:00:00+09:00,827.8835933326656,836.8515455979567,819.3876385550213,828.3555908203125,33200,0.0,0.0
2011-09-16 00:00:00+09:00,837.3236119386808,849.5955476266208,836.8516144122216,846.2915649414062,33400,0.0,0.0
2011-09-20 00:00:00+09:00,848.1796493530273,848.1796493530273,817.4998067220051,838.2677001953125,13600,0.0,0.0
2011-09-21 00:00:00+09:00,842.5155844852842,845.8195671695403,821.2756958007812,821.2756958007812,36400,0.0,0.0
2011-09-22 00:00:00+09:00,817.0277575955179,817.4997551446776,803.811826219045,806.1718139648438,6000,0.0,0.0
2011-09-26 00:00:00+09:00,806.6437827301476,816.5557309088094,795.7878394868513,798.1478271484375,12200,0.0,0.0
2011-09-27 00:00:00+09:00,809.003771406493,834.4916381835938,809.003771406493,834.4916381835938,9200,0.0,0.0
2011-09-28 00:00:00+09:00,841.5715748658108,853.371512819622,834.9636096116766,849.12353515625,23400,0.0,0.0
2011-09-29 00:00:00+09:00,847.2356066178046,863.7555209529706,841.5716359886047,860.4515380859375,34800,0.0,0.0
2011-09-30 00:00:00+09:00,867.5314664845868,870.83544921875,849.1235626799628,870.83544921875,26000,0.0,0.0
2011-10-03 00:00:00+09:00,854.3155456840058,872.7234497070312,845.3475924420189,872.7234497070312,16400,0.0,0.0
2011-10-04 00:00:00+09:00,861.8674491378255,861.8674491378255,824.1076485184245,842.987548828125,22600,0.0,0.0
2011-10-05 00:00:00+09:00,847.7075924563718,848.651587548194,833.0756685331271,835.9076538085938,17200,0.0,0.0
2011-10-06 00:00:00+09:00,842.5156287395719,865.171511193073,840.1556409839989,862.8115234375,36800,0.0,0.0
2011-10-07 00:00:00+09:00,860.9234452865448,871.7793878532063,852.427490234375,852.427490234375,8400,0.0,0.0
2011-10-11 00:00:00+09:00,852.4275766444576,863.7555178623242,848.1795986877577,851.4835815429688,10000,0.0,0.0
2011-10-12 00:00:00+09:00,846.2915594775603,865.6434579374488,846.2915594775603,864.699462890625,6000,0.0,0.0
2011-10-13 00:00:00+09:00,872.2514228499157,872.7234203731028,836.8516086108768,839.68359375,12400,0.0,0.0
2011-10-14 00:00:00+09:00,835.435553135016,835.9075506226629,827.8835933326656,828.3555908203125,7800,0.0,0.0
2011-10-17 00:00:00+09:00,831.1876868609579,858.0915472533909,831.1876868609579,851.4835815429688,7600,0.0,0.0
2011-10-18 00:00:00+09:00,851.4835857499118,852.4275808560647,833.0756811799303,835.4356689453125,5200,0.0,0.0
2011-10-19 00:00:00+09:00,844.4035485811813,848.1795286754516,821.2756705037762,822.2196655273438,8800,0.0,0.0
2011-10-20 00:00:00+09:00,813.7237353796247,837.323611695739,809.9477551690463,821.2756958007812,16000,0.0,0.0
2011-10-21 00:00:00+09:00,816.5557250976562,825.9956756768199,816.5557250976562,816.5557250976562,2800,0.0,0.0
2011-10-24 00:00:00+09:00,816.5557410897052,837.7956303088016,811.8357657076838,825.0516967773438,5400,0.0,0.0
2011-10-25 00:00:00+09:00,815.1397063463767,815.1397063463767,785.8758604902821,792.4838256835938,14400,0.0,0.0
2011-10-26 00:00:00+09:00,792.4838755542332,796.7318534458283,779.2679443359375,779.2679443359375,9200,0.0,0.0
2011-10-27 00:00:00+09:00,778.7959507533483,786.8199090338372,723.5722378817471,763.2200317382812,40600,0.0,0.0
2011-10-28 00:00:00+09:00,744.3401743474083,764.6360700334822,741.0361913287451,743.3961791992188,54000,0.0,0.0
2011-10-31 00:00:00+09:00,754.7241052175533,759.9160784241781,730.6522294413836,734.9002075195312,43200,0.0,0.0
2011-11-01 00:00:00+09:00,734.9001256008161,734.9001256008161,708.9402624614166,731.1241455078125,33000,0.0,0.0
2011-11-02 00:00:00+09:00,712.2442142881196,723.1001565867457,708.4682343581627,711.772216796875,22800,0.0,0.0
2011-11-04 00:00:00+09:00,726.8762382671988,726.8762382671988,709.4123286464934,721.6842651367188,21400,0.0,0.0
2011-11-07 00:00:00+09:00,721.2122700208129,727.8202358456108,710.8283237247017,719.3242797851562,17400,0.0,0.0
2011-11-08 00:00:00+09:00,714.1323601603108,716.964345726049,698.5564395487509,703.7484130859375,28600,0.0,0.0
2011-11-09 00:00:00+09:00,696.6684317635489,698.0844245110359,661.7406106588725,674.95654296875,52000,0.0,0.0
2011-11-10 00:00:00+09:00,661.7405360643189,668.3485014743763,638.6126571291181,652.7725830078125,54600,0.0,0.0
2011-11-11 00:00:00+09:00,657.4925822372978,667.8765282597102,657.4925822372978,665.5165405273438,89400,0.0,0.0
2011-11-14 00:00:00+09:00,679.6764213497898,687.2283815870097,667.4044859643076,674.012451171875,29000,0.0,0.0
2011-11-15 00:00:00+09:00,674.0124955610796,674.0124955610796,650.4126182655235,654.1885986328125,26200,0.0,0.0
2011-11-16 00:00:00+09:00,651.3565842648769,651.3565842648769,617.3727624771442,621.1487426757812,48400,0.0,0.0
2011-11-17 00:00:00+09:00,619.7327081298828,620.2047056227464,603.2127958796574,613.5967407226562,46000,0.0,0.0
2011-11-18 00:00:00+09:00,600.3808558677923,603.684838565178,589.9969102474374,591.4129028320312,63800,0.0,0.0
2011-11-21 00:00:00+09:00,590.9409635685693,590.9409635685693,571.1170654296875,571.1170654296875,37000,0.0,0.0
2011-11-22 00:00:00+09:00,572.5330272031348,572.5330272031348,560.2610909234303,565.4530639648438,84800,0.0,0.0
2011-11-24 00:00:00+09:00,559.3171030207398,563.5650810183656,553.1811348019469,558.3731079101562,55600,0.0,0.0
2011-11-25 00:00:00+09:00,557.9010893483115,585.7489440619752,557.9010893483115,579.6129760742188,82600,0.0,0.0
2011-11-28 00:00:00+09:00,585.2769152813222,612.6527709960938,585.2769152813222,612.6527709960938,60200,0.0,0.0
2011-11-29 00:00:00+09:00,626.8127177324778,644.2766262837592,618.3167622210437,641.4446411132812,71800,0.0,0.0
2011-11-30 00:00:00+09:00,645.692646600551,680.1484676545278,644.2766539544972,674.4844970703125,108000,0.0,0.0
2011-12-01 00:00:00+09:00,678.732441361611,691.9483720696257,660.3245378754477,671.1804809570312,66200,0.0,0.0
2011-12-02 00:00:00+09:00,670.2365521992722,693.3644332258668,670.2365521992722,689.116455078125,34000,0.0,0.0
2011-12-05 00:00:00+09:00,693.8364021792977,693.8364021792977,673.068509869169,681.0924682617188,49000,0.0,0.0
2011-12-06 00:00:00+09:00,681.0924083723488,681.0924083723488,653.716552734375,653.716552734375,46400,0.0,0.0
2011-12-07 00:00:00+09:00,662.6844941351958,679.2044067382812,657.4925216027976,679.2044067382812,33400,0.0,0.0
2011-12-08 00:00:00+09:00,679.2044132961316,679.2044132961316,665.044488071056,672.1244506835938,7400,0.0,0.0
2011-12-09 00:00:00+09:00,657.9646073529658,669.2925489429738,657.9646073529658,662.2125854492188,31000,0.0,0.0
2011-12-12 00:00:00+09:00,664.1004743785575,678.2603992053923,664.1004743785575,665.9884643554688,8800,0.0,0.0
2011-12-13 00:00:00+09:00,665.9885310015762,672.5964965820312,660.7965580455044,672.5964965820312,21400,0.0,0.0
2011-12-14 00:00:00+09:00,672.5964554496434,672.5964554496434,651.3565673828125,651.3565673828125,10400,0.0,0.0
2011-12-15 00:00:00+09:00,651.3565613061058,656.548533896227,643.3326036668277,644.7485961914062,24400,0.0,0.0
2011-12-16 00:00:00+09:00,641.9166837212889,656.0766105680821,614.5408251508221,621.6207885742188,29800,0.0,0.0
2011-12-19 00:00:00+09:00,614.5407806253656,615.9567732074518,604.6288325507629,605.100830078125,33000,0.0,0.0
2011-12-20 00:00:00+09:00,619.2608286617366,628.2287827353441,605.5728987599147,618.3168334960938,34400,0.0,0.0
2011-12-21 00:00:00+09:00,629.6446301168647,634.3646048553719,627.7566402214618,628.2286376953125,16600,0.0,0.0
2011-12-22 00:00:00+09:00,628.228696491904,640.9726294785917,627.7566989738784,630.5886840820312,21200,0.0,0.0
2011-12-26 00:00:00+09:00,632.94873046875,634.8367207162332,632.4767329068792,632.94873046875,3000,0.0,0.0
2011-12-27 00:00:00+09:00,635.7807190294211,653.24462890625,635.7807190294211,653.24462890625,19000,0.0,0.0
2011-12-28 00:00:00+09:00,653.2445724020879,656.5485550659713,647.5806021211449,648.5245971679688,12400,0.0,0.0
2011-12-29 00:00:00+09:00,642.8606301378848,642.8606301378848,623.9807291059351,632.4766845703125,18800,0.0,0.0
2011-12-30 00:00:00+09:00,646.1645969460227,648.99658203125,642.3886168323863,648.99658203125,3400,0.0,0.0
2012-01-04 00:00:00+09:00,660.3245753260713,669.7645263671875,655.1326022534575,669.7645263671875,19600,0.0,0.0
2012-01-05 00:00:00+09:00,669.2924639020647,669.2924639020647,651.3565586635044,660.7965087890625,5200,0.0,0.0
2012-01-06 00:00:00+09:00,647.1086548214328,656.5486060223288,635.3087158203125,635.3087158203125,13000,0.0,0.0
2012-01-10 00:00:00+09:00,639.5566770427905,659.852571591012,639.5566770427905,651.82861328125,11000,0.0,0.0
2012-01-11 00:00:00+09:00,651.3566333186018,656.0766089223597,642.8606772318374,646.6366577148438,15000,0.0,0.0
2012-01-12 00:00:00+09:00,641.4446632830017,644.7486460960855,626.8127393964872,631.53271484375,22800,0.0,0.0
2012-01-13 00:00:00+09:00,627.2847022455707,630.5886848759086,611.7087841311209,616.9007568359375,28000,0.0,0.0
2012-01-16 00:00:00+09:00,616.9007231727013,617.3727206655649,605.1007858511118,613.5967407226562,14800,0.0,0.0
2012-01-17 00:00:00+09:00,614.0687820585878,622.5647375367234,600.380853788258,618.7887573242188,25200,0.0,0.0
2012-01-18 00:00:00+09:00,618.7887215610676,629.6446640445951,602.2688090861344,617.8447265625,22200,0.0,0.0
2012-01-19 00:00:00+09:00,623.0367134712837,637.1966387774493,623.0367134712837,628.70068359375,12000,0.0,0.0
2012-01-20 00:00:00+09:00,636.7246994347881,656.0765991210938,636.2527018814635,656.0765991210938,16400,0.0,0.0
2012-01-23 00:00:00+09:00,651.3566265552919,666.4605483304871,651.3566265552919,665.0445556640625,16400,0.0,0.0
2012-01-24 00:00:00+09:00,664.5725470673425,665.5165421626086,651.82861328125,651.82861328125,11800,0.0,0.0
2012-01-25 00:00:00+09:00,664.1004786358656,665.5164711276265,651.828543707271,661.2684936523438,18400,0.0,0.0
2012-01-26 00:00:00+09:00,666.932568860797,667.4045664325315,655.1326295674354,666.4605712890625,10600,0.0,0.0
2012-01-27 00:00:00+09:00,665.9885207517813,674.0124788331281,655.1325774652533,670.70849609375,17800,0.0,0.0
2012-01-30 00:00:00+09:00,670.236500885527,674.4844787080409,660.7965501688294,668.3485107421875,8600,0.0,0.0
2012-01-31 00:00:00+09:00,668.3485107421875,670.236500885527,651.8285969879668,668.3485107421875,10600,0.0,0.0
2012-02-01 00:00:00+09:00,668.3484706235736,674.0124407136038,664.1004930560509,672.1244506835938,12200,0.0,0.0
2012-02-02 00:00:00+09:00,670.2364523520317,674.484429866939,665.9884748371245,667.87646484375,8800,0.0,0.0
2012-02-03 00:00:00+09:00,667.8765562442228,668.3485538104732,660.7965927504678,662.2125854492188,9400,0.0,0.0
2012-02-06 00:00:00+09:00,662.2125347817969,670.2364927941209,661.2685397215236,664.1005249023438,6000,0.0,0.0
2012-02-07 00:00:00+09:00,666.4605687907992,670.2365493505205,665.988571220834,668.820556640625,3800,0.0,0.0
2012-02-08 00:00:00+09:00,670.2365346406358,682.98046875,668.8205419618175,682.98046875,13600,0.0,0.0
2012-02-09 00:00:00+09:00,689.1164704436189,696.6684317635489,674.95654296875,674.95654296875,33600,0.0,0.0
2012-02-10 00:00:00+09:00,684.3964659737427,684.3964659737427,665.5165634641222,666.9325561523438,19800,0.0,0.0
2012-02-13 00:00:00+09:00,661.2686130763768,674.95654296875,659.8526203288899,674.95654296875,4400,0.0,0.0
2012-02-14 00:00:00+09:00,679.6764549760453,679.6764549760453,665.516528830711,677.3164672851562,10600,0.0,0.0
2012-02-15 00:00:00+09:00,682.9804377432899,684.8684278960012,677.3164672851562,677.3164672851562,32800,0.0,0.0
2012-02-16 00:00:00+09:00,673.0684894415559,682.9804377432899,660.7965534489329,677.3164672851562,12800,0.0,0.0
2012-02-17 00:00:00+09:00,682.9804740555885,694.7804131374058,681.5644813657705,689.5884399414062,34000,0.0,0.0
2012-02-20 00:00:00+09:00,693.8363535188911,707.9962791009093,693.8363535188911,705.6362915039062,19600,0.0,0.0
2012-02-21 00:00:00+09:00,717.4362895494996,720.7402724618987,713.1883115192724,719.3242797851562,34600,0.0,0.0
2012-02-22 00:00:00+09:00,722.1562405493952,734.4281766633064,713.1882872353831,731.59619140625,20800,0.0,0.0
2012-02-23 00:00:00+09:00,723.5722758306182,736.3162102385938,722.1562831186209,725.4602661132812,19800,0.0,0.0
2012-02-24 00:00:00+09:00,745.7562107374359,745.7562107374359,726.8763066681338,737.26025390625,16200,0.0,0.0
2012-02-27 00:00:00+09:00,747.1721103200605,747.1721103200605,727.3482135206654,731.59619140625,18800,0.0,0.0
2012-02-28 00:00:00+09:00,731.5962000429366,747.172119140625,723.5722417198851,747.172119140625,28200,0.0,0.0
2012-02-29 00:00:00+09:00,746.7000439141124,753.7800064038164,736.7880964285268,738.6760864257812,26600,0.0,0.0
2012-03-01 00:00:00+09:00,748.5880467251438,759.4439893951807,727.3481588924632,738.2041015625,22000,0.0,0.0
2012-03-02 00:00:00+09:00,729.2362265700459,734.4281997042016,715.0762998405305,733.01220703125,39200,0.0,0.0
2012-03-05 00:00:00+09:00,733.4841572291274,735.8441448649997,718.3802363595443,718.8522338867188,18800,0.0,0.0
2012-03-06 00:00:00+09:00,722.1563371698908,722.1563371698908,702.3324377181682,709.8843994140625,20000,0.0,0.0
2012-03-07 00:00:00+09:00,709.4122948029013,712.7162775464943,694.7803712241322,707.0523071289062,30000,0.0,0.0
2012-03-08 00:00:00+09:00,713.6602493337166,713.6602493337166,697.1403361546953,705.6362915039062,20800,0.0,0.0
2012-03-09 00:00:00+09:00,719.7961935089356,721.2121860207565,699.0283033355631,704.2202758789062,110800,0.0,0.0
2012-03-12 00:00:00+09:00,710.8283105045855,716.4922811062156,708.4683227539062,708.4683227539062,56000,0.0,0.0
2012-03-13 00:00:00+09:00,707.9962768554688,716.9642296956381,707.5242793375652,707.9962768554688,56800,0.0,0.0
2012-03-14 00:00:00+09:00,715.0762963705505,724.5162474777525,712.71630859375,712.71630859375,56000,0.0,0.0
2012-03-15 00:00:00+09:00,714.1323066371007,724.0442553742977,712.7163139603582,719.3242797851562,36600,0.0,0.0
2012-03-16 00:00:00+09:00,720.2682471596128,727.3482102706182,719.3242520781454,722.6282348632812,64400,0.0,0.0
2012-03-19 00:00:00+09:00,724.516225026216,726.8762127298845,720.2682471596128,722.6282348632812,53800,0.0,0.0
2012-03-21 00:00:00+09:00,719.3242105314047,722.156195612237,715.0762329101562,715.0762329101562,40000,0.0,0.0
2012-03-22 00:00:00+09:00,715.0762246424458,716.9642146745051,709.4122545462681,710.8282470703125,51800,0.0,0.0
2012-03-23 00:00:00+09:00,710.8282470703125,720.7401947386236,707.9962620222236,710.8282470703125,36400,0.0,0.0
2012-03-26 00:00:00+09:00,712.7162640431046,750.0040685857571,712.7162640431046,746.2280883789062,79600,0.0,0.0
2012-03-27 00:00:00+09:00,755.1959901641884,765.1079375350934,749.0600227441043,761.803955078125,115000,0.0,0.0
2012-03-28 00:00:00+09:00,761.8040462879653,761.8040462879653,752.8360928310437,756.1400756835938,46000,0.0,0.0
2012-03-29 00:00:00+09:00,746.2280440625733,757.0839865125664,746.2280440625733,754.7239990234375,37200,0.0,0.0
2012-03-30 00:00:00+09:00,761.8040241234404,769.827982246178,751.4200783175446,766.052001953125,42000,0.0,0.0
2012-04-02 00:00:00+09:00,769.3559847095463,777.8519403689156,766.052001953125,766.052001953125,41400,0.0,0.0
2012-04-03 00:00:00+09:00,766.5240707730622,766.5240707730622,756.6121215820312,756.6121215820312,18000,0.0,0.0
2012-04-04 00:00:00+09:00,757.5561507807498,763.2201220015404,737.26025390625,737.26025390625,27400,0.0,0.0
2012-04-05 00:00:00+09:00,734.9001256008161,735.3721231124415,723.5721853218054,731.1241455078125,18000,0.0,0.0
2012-04-06 00:00:00+09:00,712.2442662503706,724.9881994437172,707.9962885192551,721.2122192382812,43200,0.0,0.0
2012-04-09 00:00:00+09:00,709.412220899545,714.1321957558295,705.6362410145175,707.5242309570312,17000,0.0,0.0
2012-04-10 00:00:00+09:00,700.9163290466428,731.5961683651826,700.9163290466428,730.18017578125,40200,0.0,0.0
2012-04-11 00:00:00+09:00,716.0202944489224,727.8202333818315,716.0202944489224,721.6842651367188,20800,0.0,0.0
2012-04-12 00:00:00+09:00,723.5721978475881,733.4841457633084,721.212210248607,730.6521606445312,10400,0.0,0.0
2012-04-13 00:00:00+09:00,724.5162384543793,736.3161771914213,724.5162384543793,733.4841918945312,17400,0.0,0.0
2012-04-16 00:00:00+09:00,733.4841792164891,742.4521325016328,721.6842406834054,733.9561767578125,30600,0.0,0.0
2012-04-17 00:00:00+09:00,729.7082774107938,733.484258147719,717.4363400157869,728.7642822265625,16200,0.0,0.0
2012-04-18 00:00:00+09:00,736.3161197378615,743.8680799403012,729.2361570480745,742.4520874023438,18800,0.0,0.0
2012-04-19 00:00:00+09:00,745.756097747296,747.6440878681752,738.6761347939989,739.1481323242188,11600,0.0,0.0
2012-04-20 00:00:00+09:00,738.6761623839585,776.9079637597417,731.5961991662209,772.18798828125,45600,0.0,0.0
2012-04-23 00:00:00+09:00,767.4679959056667,771.7159737427829,750.0040870197445,752.3640747070312,19400,0.0,0.0
2012-04-24 00:00:00+09:00,755.6680574692327,757.0840500816048,744.3401165702561,752.3640747070312,25200,0.0,0.0
2012-04-25 00:00:00+09:00,742.4521036681554,760.3880095418934,742.4521036681554,750.9480590820312,18400,0.0,0.0
2012-04-26 00:00:00+09:00,750.9480939370345,755.1960718411409,737.7321626798145,740.5641479492188,22800,0.0,0.0
2012-04-27 00:00:00+09:00,741.0361811433303,758.02809357719,741.0361811433303,741.5081787109375,16800,0.0,0.0
2012-05-01 00:00:00+09:00,741.5081787109375,741.5081787109375,741.5081787109375,741.5081787109375,200,0.0,0.0
2012-05-02 00:00:00+09:00,729.2361841896028,750.4760730494941,726.8761965385037,739.1481323242188,12400,0.0,0.0
2012-05-07 00:00:00+09:00,724.9882328990228,725.4602304464831,708.4683187379122,724.5162353515625,7800,0.0,0.0
2012-05-08 00:00:00+09:00,722.6282427899249,726.876220703125,712.2442967798803,726.876220703125,7200,0.0,0.0
2012-05-09 00:00:00+09:00,717.9082089113385,725.460169031379,670.2364606535837,672.1244506835938,19000,0.0,0.0
2012-05-10 00:00:00+09:00,675.4284437163537,685.812389042531,674.012451171875,674.012451171875,21800,0.0,0.0
2012-05-11 00:00:00+09:00,687.7004060732086,707.9963000067349,682.0364356731546,684.3964233398438,24600,0.0,0.0
2012-05-14 00:00:00+09:00,682.5084965131755,689.1164625928328,657.4926249259014,659.380615234375,21400,0.0,0.0
2012-05-15 00:00:00+09:00,659.3805716378348,659.3805716378348,630.5887213372565,654.1885986328125,21600,0.0,0.0
2012-05-16 00:00:00+09:00,641.9165985620886,660.796498519797,641.9165985620886,645.2205810546875,15400,0.0,0.0
2012-05-17 00:00:00+09:00,637.1966815203341,658.9085684462121,634.3646962691327,647.5806274414062,15600,0.0,0.0
2012-05-18 00:00:00+09:00,641.9167021557801,641.9167021557801,613.5968476489074,627.7567749023438,30600,0.0,0.0
2012-05-21 00:00:00+09:00,625.396787026771,637.1967264046347,622.0928040009692,627.7567749023438,8200,0.0,0.0
2012-05-22 00:00:00+09:00,637.6686527958623,639.0846453631366,629.6446949146411,637.1966552734375,12600,0.0,0.0
2012-05-23 00:00:00+09:00,637.1966218295163,637.1966218295163,606.9887819798207,620.2047119140625,23800,0.0,0.0
2012-05-24 00:00:00+09:00,614.5408427991365,632.4767506534891,614.068845224022,627.7567749023438,12000,0.0,0.0
2012-05-25 00:00:00+09:00,628.7007655503055,670.7085494346727,628.7007655503055,666.4605712890625,50600,0.0,0.0
2012-05-28 00:00:00+09:00,672.5964398603136,676.8444173752208,666.4604723387808,667.87646484375,32400,0.0,0.0
2012-05-29 00:00:00+09:00,674.9565151057977,682.0364785509634,665.0445662825657,678.260498046875,17600,0.0,0.0
2012-05-30 00:00:00+09:00,671.1805110850233,673.0685012709165,660.7965650626109,665.5165405273438,17400,0.0,0.0
2012-05-31 00:00:00+09:00,656.5484977114227,662.6844649797537,654.6605077827054,657.4924926757812,35800,0.0,0.0
2012-06-01 00:00:00+09:00,658.4365898874146,665.0445556640625,658.4365898874146,665.0445556640625,19200,0.0,0.0
2012-06-04 00:00:00+09:00,632.4767015294298,656.0765784521697,632.4767015294298,652.3005981445312,26800,0.0,0.0
2012-06-05 00:00:00+09:00,651.3566133573459,654.1885986328125,643.8046526227679,654.1885986328125,17600,0.0,0.0
2012-06-06 00:00:00+09:00,662.2125521334673,663.62854476098,654.188593910895,658.9085693359375,13600,0.0,0.0
2012-06-07 00:00:00+09:00,658.9085693359375,658.9085693359375,658.9085693359375,658.9085693359375,18400,0.0,0.0
2012-06-08 00:00:00+09:00,684.8684517042418,690.0604248046875,676.3724957216943,690.0604248046875,48600,0.0,0.0
2012-06-11 00:00:00+09:00,706.1083097476921,712.2442776799916,703.2763245481693,709.4122924804688,25200,0.0,0.0
2012-06-12 00:00:00+09:00,716.4922738993703,717.4362689901468,710.8283033547112,715.5482788085938,20000,0.0,0.0
2012-06-13 00:00:00+09:00,721.6842190497656,726.8761918486848,717.4362413051954,718.8522338867188,21800,0.0,0.0
2012-06-14 00:00:00+09:00,718.8522338867188,721.6842190497656,717.4362413051954,718.8522338867188,16400,0.0,0.0
2012-06-15 00:00:00+09:00,719.7962773440704,725.4602480510401,719.3242797851562,719.3242797851562,10200,0.0,0.0
2012-06-18 00:00:00+09:00,721.6842167639608,722.1562142896403,720.2682241869222,721.2122192382812,8600,0.0,0.0
2012-06-19 00:00:00+09:00,722.156187262668,725.4601698187718,707.9962620222236,710.8282470703125,19000,0.0,0.0
2012-06-20 00:00:00+09:00,716.964282989502,752.8360970166265,716.964282989502,740.0921630859375,39200,0.0,0.0
2012-06-21 00:00:00+09:00,750.4760556411502,750.4760556411502,740.0921102171845,744.340087890625,10200,0.0,0.0
2012-06-22 00:00:00+09:00,741.0361060800478,741.0361060800478,730.6521606445312,730.6521606445312,6600,0.0,0.0
2012-06-25 00:00:00+09:00,730.6522236887446,735.3721992939691,716.9642944335938,716.9642944335938,10800,0.0,0.0
2012-06-26 00:00:00+09:00,717.4363611099568,724.0443275938643,709.8843994140625,709.8843994140625,20000,0.0,0.0
2012-06-27 00:00:00+09:00,728.7641661108994,740.0921065167684,724.0441909417874,735.3721313476562,12200,0.0,0.0
2012-06-28 00:00:00+09:00,730.6521963205645,741.0361422631048,711.7722946068549,731.59619140625,19800,0.0,0.0
2012-06-29 00:00:00+09:00,729.2361694801855,742.4521000597616,719.7962190662025,741.9801025390625,16200,0.0,0.0
2012-07-02 00:00:00+09:00,745.2841177495729,748.116102997513,733.9561767578125,733.9561767578125,7400,0.0,0.0
2012-07-03 00:00:00+09:00,747.1721470247065,750.0041324208836,737.2601981380869,743.8681640625,17000,0.0,0.0
2012-07-04 00:00:00+09:00,743.3961261402477,750.0040917059388,705.6363229077272,747.6441040039062,15400,0.0,0.0
2012-07-05 00:00:00+09:00,728.7642014723557,739.6201448880709,726.4042137732872,736.316162109375,7400,0.0,0.0
2012-07-06 00:00:00+09:00,736.3161447396863,748.5880804853477,716.4922485351562,716.4922485351562,36200,0.0,0.0
2012-07-09 00:00:00+09:00,716.4922381341851,716.4922381341851,701.3883174357043,714.604248046875,21600,0.0,0.0
2012-07-10 00:00:00+09:00,701.3883056640625,721.6841987620131,701.3883056640625,701.3883056640625,12400,0.0,0.0
2012-07-11 00:00:00+09:00,697.6123736445023,705.6363319340535,697.6123736445023,701.8603515625,7200,0.0,0.0
2012-07-12 00:00:00+09:00,701.8603204035355,705.636300607455,696.1963500976562,696.1963500976562,15200,0.0,0.0
2012-07-13 00:00:00+09:00,696.1963810051698,712.244297584272,696.1963810051698,701.8603515625,14200,0.0,0.0
2012-07-17 00:00:00+09:00,700.9163893096301,700.9163893096301,693.83642578125,693.83642578125,26400,0.0,0.0
2012-07-18 00:00:00+09:00,698.556369584641,698.556369584641,671.6525094046918,676.844482421875,51400,0.0,0.0
2012-07-19 00:00:00+09:00,663.1565388573541,691.0043935139975,663.1565388573541,679.6764526367188,11400,0.0,0.0
2012-07-20 00:00:00+09:00,672.1244317804305,678.7323966996202,665.5164668612409,665.9884643554688,13200,0.0,0.0
2012-07-23 00:00:00+09:00,665.9884986300705,665.9884986300705,655.6045532226562,655.6045532226562,12800,0.0,0.0
2012-07-24 00:00:00+09:00,655.6045260314272,656.0765235303699,644.7485835557447,645.2205810546875,23800,0.0,0.0
2012-07-25 00:00:00+09:00,634.8366468176579,640.0286193938617,626.8126891998882,633.420654296875,35600,0.0,0.0
2012-07-26 00:00:00+09:00,639.5566467628532,671.1804809570312,629.6446987318423,671.1804809570312,8200,0.0,0.0
2012-07-27 00:00:00+09:00,674.4844636340349,685.8124042409046,671.1804809570312,671.1804809570312,16800,0.0,0.0
2012-07-30 00:00:00+09:00,690.0604367266288,690.0604367266288,666.9325561523438,666.9325561523438,9600,0.0,0.0
2012-07-31 00:00:00+09:00,667.8765243572541,683.9244408435768,667.8765243572541,681.564453125,8200,0.0,0.0
2012-08-01 00:00:00+09:00,681.5644205266778,681.5644205266778,664.1005122444847,664.572509765625,4800,0.0,0.0
2012-08-02 00:00:00+09:00,660.7965834485142,684.3964614288183,657.0206029716655,682.98046875,5800,0.0,0.0
2012-08-03 00:00:00+09:00,668.8205257537951,674.9564938799767,661.7405625312779,663.1565551757812,12800,0.0,0.0
2012-08-06 00:00:00+09:00,665.5165268417392,666.4605219152735,653.2445908857921,654.6605834960938,15400,0.0,0.0
2012-08-07 00:00:00+09:00,653.7165708860944,653.7165708860944,630.1166946808202,634.836669921875,39200,0.0,0.0
2012-08-08 00:00:00+09:00,635.7806966617261,655.1325961146814,635.7806966617261,651.82861328125,24000,0.0,0.0
2012-08-09 00:00:00+09:00,651.3566166521555,651.3566166521555,622.5647662059371,626.812744140625,83600,0.0,0.0
2012-08-10 00:00:00+09:00,621.1487006084735,626.340673029973,609.8207607797476,613.5967407226562,41000,0.0,0.0
2012-08-13 00:00:00+09:00,609.820902696651,612.6528883128894,604.6289290668808,606.044921875,38800,0.0,0.0
2012-08-14 00:00:00+09:00,605.5728288215298,631.5326928785712,605.5728288215298,616.4287719726562,44200,0.0,0.0
2012-08-15 00:00:00+09:00,625.8687948212369,625.8687948212369,613.5968576678792,618.3168334960938,18600,0.0,0.0
2012-08-16 00:00:00+09:00,623.0366905799278,627.2846680157002,613.1247432297927,613.5967407226562,14200,0.0,0.0
2012-08-17 00:00:00+09:00,624.4527540271298,631.5327172247164,618.3167859225549,629.1727294921875,16600,0.0,0.0
2012-08-20 00:00:00+09:00,629.6447109672052,629.6447109672052,620.6767578125,620.6767578125,19200,0.0,0.0
2012-08-21 00:00:00+09:00,620.676795912952,625.8687691107029,616.9008154054967,619.2608032226562,15400,0.0,0.0
2012-08-22 00:00:00+09:00,621.620719279718,621.620719279718,613.5967616276639,617.3727416992188,18600,0.0,0.0
2012-08-23 00:00:00+09:00,613.5967890910238,619.2607594518639,612.1807965008137,614.0687866210938,6200,0.0,0.0
2012-08-24 00:00:00+09:00,615.956889132674,615.956889132674,610.2929177383505,612.180908203125,13400,0.0,0.0
2012-08-27 00:00:00+09:00,611.2368259803922,611.2368259803922,599.436887254902,601.796875,36800,0.0,0.0
2012-08-28 00:00:00+09:00,601.7968841726271,601.7968841726271,575.8370185808667,581.0289916992188,50200,0.0,0.0
2012-08-29 00:00:00+09:00,585.276967267774,589.9969428102561,582.4449819422848,583.3889770507812,13800,0.0,0.0
2012-08-30 00:00:00+09:00,587.1649110375381,589.052901105183,580.5569458007812,580.5569458007812,8800,0.0,0.0
2012-08-31 00:00:00+09:00,580.5569458007812,586.2209160037157,580.0849482838701,580.5569458007812,6200,0.0,0.0
2012-09-03 00:00:00+09:00,580.5569375527872,583.3889226140202,576.3089599609375,576.3089599609375,24600,0.0,0.0
2012-09-04 00:00:00+09:00,582.9169541761063,588.1089270473104,571.1170158324604,584.3329467773438,21600,0.0,0.0
2012-09-05 00:00:00+09:00,575.8370437305498,575.8370437305498,567.34108734764,568.757080078125,14400,0.0,0.0
2012-09-06 00:00:00+09:00,582.9169166992993,584.8049067129003,570.6449816108931,572.0609741210938,14800,0.0,0.0
2012-09-07 00:00:00+09:00,589.9968916370022,589.9968916370022,576.7809612643334,585.2769165039062,16400,0.0,0.0
2012-09-10 00:00:00+09:00,585.2769255090933,585.2769255090933,573.0049899742252,575.8369750976562,19200,0.0,0.0
2012-09-11 00:00:00+09:00,578.1970183861438,580.0850086502618,556.013132782757,557.901123046875,40600,0.0,0.0
2012-09-12 00:00:00+09:00,561.2051388079335,580.0850425525234,561.2051388079335,572.5330810546875,22400,0.0,0.0
2012-09-13 00:00:00+09:00,570.6450114440918,571.117008972168,566.3970336914062,566.3970336914062,26800,0.0,0.0
2012-09-14 00:00:00+09:00,572.061060579158,580.5570169243931,568.2850799812758,571.1170654296875,54400,0.0,0.0
2012-09-18 00:00:00+09:00,575.8369646574321,577.7249547054893,571.1169895372892,573.948974609375,59800,0.0,0.0
2012-09-19 00:00:00+09:00,574.4209883580138,582.4449462890625,574.4209883580138,582.4449462890625,36600,0.0,0.0
2012-09-20 00:00:00+09:00,580.5570324869251,580.5570324869251,567.3411000400683,568.2850952148438,29800,0.0,0.0
2012-09-21 00:00:00+09:00,567.8129777439044,570.6449626703079,564.508995329767,565.9249877929688,22400,0.0,0.0
2012-09-24 00:00:00+09:00,564.037109375,575.3650513206067,560.2611287264644,564.037109375,30200,0.0,0.0
2012-09-25 00:00:00+09:00,561.6771010902617,562.149098654203,552.7091473753751,560.2611083984375,38200,0.0,0.0
2012-09-26 00:00:00+09:00,554.5971231221298,555.0691206737231,524.3892798201585,526.749267578125,89800,0.0,0.0
2012-09-27 00:00:00+09:00,523.9173202309005,533.3572719467726,523.9173202309005,525.3333129882812,54800,0.0,0.0
2012-09-28 00:00:00+09:00,525.3331991825645,526.2771941496491,514.9492545446342,515.8932495117188,47600,0.0,0.0
2012-10-01 00:00:00+09:00,515.8933407789752,515.8933407789752,498.90142836539513,504.5653991699219,40600,0.0,0.0
2012-10-02 00:00:00+09:00,505.03738130585606,509.2853592794567,501.7333984375,501.7333984375,26400,0.0,0.0
2012-10-03 00:00:00+09:00,505.0373289571006,505.0373289571006,475.3014862241124,478.60546875,78200,0.0,0.0
2012-10-04 00:00:00+09:00,482.38145707802573,486.1574371725699,480.9654645425716,482.85345458984375,50600,0.0,0.0
2012-10-05 00:00:00+09:00,483.3254625121714,488.0454377320168,481.90946994621777,484.741455078125,44600,0.0,0.0
2012-10-09 00:00:00+09:00,483.7974698082621,487.10145252890396,479.0774944930596,480.9654846191406,35200,0.0,0.0
2012-10-10 00:00:00+09:00,480.0215037840563,480.0215037840563,466.33357496425526,466.8055725097656,55200,0.0,0.0
2012-10-11 00:00:00+09:00,467.277593118736,473.88555908203125,462.0856198618612,473.88555908203125,69600,0.0,0.0
2012-10-12 00:00:00+09:00,471.9975332538049,474.8295184533277,470.58154065404347,472.9415283203125,44800,0.0,0.0
2012-10-15 00:00:00+09:00,473.4134895444026,513.061279296875,472.94149204734936,513.061279296875,78800,0.0,0.0
2012-10-16 00:00:00+09:00,507.39736664161256,510.2293519437983,498.9014107350553,504.0933837890625,72400,0.0,0.0
2012-10-17 00:00:00+09:00,509.28534009047786,509.28534009047786,488.9894460924329,489.9334411621094,38000,0.0,0.0
2012-10-18 00:00:00+09:00,495.59746807768147,503.14942949600805,490.40549460258194,494.6534729003906,45400,0.0,0.0
2012-10-19 00:00:00+09:00,494.6533992101853,498.42937935682795,493.70940417352466,495.1253967285156,34600,0.0,0.0
2012-10-22 00:00:00+09:00,490.8774385701537,495.59741394102053,473.4135296979463,487.5734558105469,38800,0.0,0.0
2012-10-23 00:00:00+09:00,484.2694545970244,487.5734372307272,479.5494794060202,481.4374694824219,83800,0.0,0.0
2012-10-24 00:00:00+09:00,479.07749391951654,480.9654840433373,473.88552107900944,475.301513671875,55000,0.0,0.0
2012-10-25 00:00:00+09:00,476.7175419999303,476.7175419999303,473.8855566019109,476.24554443359375,48800,0.0,0.0
2012-10-26 00:00:00+09:00,476.7175161611807,478.13350878344164,469.63755304987603,471.5255432128906,60200,0.0,0.0
2012-10-29 00:00:00+09:00,471.9975280761719,473.4135206604004,471.0535330200196,471.9975280761719,56200,0.0,0.0
2012-10-30 00:00:00+09:00,471.99753037649185,472.9415254372448,469.6375427246094,469.6375427246094,81400,0.0,0.0
2012-10-31 00:00:00+09:00,469.16555365615005,488.0454552117295,467.2775635005921,479.54949951171875,76400,0.0,0.0
2012-11-01 00:00:00+09:00,476.71752137023134,476.71752137023134,468.6935630897423,472.46954345703125,47200,0.0,0.0
2012-11-02 00:00:00+09:00,476.7175344233456,480.49351489402557,476.7175344233456,477.6615295410156,41200,0.0,0.0
2012-11-05 00:00:00+09:00,483.7974600341559,484.741455078125,480.0214798582796,484.741455078125,67000,0.0,0.0
2012-11-06 00:00:00+09:00,487.5734450295707,505.03735351562506,484.2694623430199,505.037353515625,67400,0.0,0.0
2012-11-07 00:00:00+09:00,508.3413279800343,509.75732053708174,497.95738256168636,500.78936767578125,58600,0.0,0.0
2012-11-08 00:00:00+09:00,501.2613472992519,505.0373273165721,497.0133697797667,500.3173522949219,44000,0.0,0.0
2012-11-09 00:00:00+09:00,525.3332808311105,548.4611611192727,512.5893467947764,544.6851806640625,160400,0.0,0.0
2012-11-12 00:00:00+09:00,545.1571647178589,555.5411107124849,523.9172751833969,533.8292236328125,56000,0.0,0.0
2012-11-13 00:00:00+09:00,539.0212070011357,539.0212070011357,520.1413048294672,535.7172241210938,48400,0.0,0.0
2012-11-14 00:00:00+09:00,533.3572772277666,533.3572772277666,510.22939529488116,520.6133422851562,40000,0.0,0.0
2012-11-15 00:00:00+09:00,520.6132721191841,531.4692152368099,509.75732900155833,530.05322265625,50600,0.0,0.0
2012-11-16 00:00:00+09:00,533.3572213844079,543.269169746419,531.4692312202153,538.5491943359375,59000,0.0,0.0
2012-11-19 00:00:00+09:00,538.5491771168179,545.6291400061713,528.637229071723,543.7411499023438,49000,0.0,0.0
2012-11-20 00:00:00+09:00,544.6850920228992,545.6290869830775,530.5251676202241,534.3011474609375,24600,0.0,0.0
2012-11-21 00:00:00+09:00,534.7731617272418,545.1571066151495,531.4691792629076,542.797119140625,39200,0.0,0.0
2012-11-22 00:00:00+09:00,542.7971662101099,558.3730848926609,542.7971662101099,556.9570922851562,56400,0.0,0.0
2012-11-26 00:00:00+09:00,561.6770629882812,574.4209963502002,556.957087669052,561.6770629882812,61800,0.0,0.0
2012-11-27 00:00:00+09:00,564.0370917122558,570.1730600739791,558.3731209168188,569.2290649414062,35400,0.0,0.0
2012-11-28 00:00:00+09:00,565.4530970403267,569.7010752317816,563.5651067330135,568.757080078125,31600,0.0,0.0
2012-11-29 00:00:00+09:00,570.1730600739791,570.1730600739791,556.9571282179596,569.2290649414062,18400,0.0,0.0
2012-11-30 00:00:00+09:00,569.2290282168631,569.2290282168631,556.9570922851562,556.9570922851562,29000,0.0,0.0
2012-12-03 00:00:00+09:00,560.2610350403938,560.2610350403938,547.0451049804688,547.0451049804688,29800,0.0,0.0
2012-12-04 00:00:00+09:00,546.1011015007919,556.4850463867188,546.1011015007919,556.4850463867188,21600,0.0,0.0
2012-12-05 00:00:00+09:00,556.9570620425112,576.3089599609375,551.7650894302506,576.3089599609375,55800,0.0,0.0
2012-12-06 00:00:00+09:00,580.5569450735951,599.908843242715,573.4769823287952,594.244873046875,97200,0.0,0.0
2012-12-07 00:00:00+09:00,599.436845726395,599.436845726395,590.468892916315,594.244873046875,58600,0.0,0.0
2012-12-10 00:00:00+09:00,608.8767892786622,618.3167395000368,597.0768515019439,601.3248291015625,75400,0.0,0.0
2012-12-11 00:00:00+09:00,601.3248710416457,601.7968685856343,581.9729717381076,583.8609619140625,50000,0.0,0.0
2012-12-12 00:00:00+09:00,584.3329409929662,590.4689088709214,577.252978056864,577.7249755859375,41600,0.0,0.0
2012-12-13 00:00:00+09:00,591.884885465275,603.212825856955,581.0289425899151,594.244873046875,54800,0.0,0.0
2012-12-14 00:00:00+09:00,601.3248718890948,601.3248718890948,591.8849209960164,595.1889038085938,49400,0.0,0.0
2012-12-17 00:00:00+09:00,599.4369554371106,612.180890710183,599.4369554371106,606.044921875,57000,0.0,0.0
2012-12-18 00:00:00+09:00,608.4048714656634,611.2368569030521,590.4689636955352,596.1329345703125,51800,0.0,0.0
2012-12-19 00:00:00+09:00,600.8528021876215,606.98876953125,597.0768222838501,606.98876953125,36600,0.0,0.0
2012-12-20 00:00:00+09:00,613.5968476489074,627.7567749023438,611.7088573484492,627.7567749023438,75200,0.0,0.0
2012-12-21 00:00:00+09:00,639.5565770677299,650.8845164401472,621.6206730614024,628.2286376953125,86000,0.0,0.0
2012-12-25 00:00:00+09:00,632.0046857468625,639.5566461441364,620.6767451509515,621.1487426757812,38800,0.0,0.0
2012-12-26 00:00:00+09:00,635.3086960130152,642.8606567382812,630.1167230143947,642.8606567382812,58000,0.0,0.0
2012-12-27 00:00:00+09:00,646.1646395555853,646.6366371009144,636.7246886490026,642.8606567382812,47400,0.0,0.0
2012-12-28 00:00:00+09:00,639.5566027364605,643.8045801716104,637.1966152724883,640.9725952148438,39400,0.0,0.0
2013-01-04 00:00:00+09:00,647.1086126563347,655.6045681835514,645.6926200684653,652.7725830078125,45800,0.0,0.0
2013-01-07 00:00:00+09:00,657.4925845977675,673.5405012354732,657.4925845977675,663.1565551757812,60000,0.0,0.0
2013-01-08 00:00:00+09:00,664.5725317682047,665.0445293049719,650.8846032019562,654.6605834960938,40800,0.0,0.0
2013-01-09 00:00:00+09:00,653.2445503834929,673.0684456985988,652.3005553684878,672.1244506835938,52800,0.0,0.0
2013-01-10 00:00:00+09:00,671.1804822233208,689.1163882180368,671.1804822233208,682.5084228515625,52800,0.0,0.0
2013-01-11 00:00:00+09:00,689.116447338312,691.4764351716624,681.0924887049207,684.8684692382812,38200,0.0,0.0
2013-01-15 00:00:00+09:00,685.3404319747646,698.5563631698702,682.9804442613528,695.2523803710938,92200,0.0,0.0
2013-01-16 00:00:00+09:00,694.7804003505472,694.7804003505472,683.4524590404839,690.0604248046875,43800,0.0,0.0
2013-01-17 00:00:00+09:00,686.2844822704188,701.388404851336,683.4524967864969,699.972412109375,78000,0.0,0.0
2013-01-18 00:00:00+09:00,723.1002738354722,755.1961084443574,722.1562786999167,752.8361206054688,201600,0.0,0.0
2013-01-21 00:00:00+09:00,765.1079930114746,766.9959831237793,751.4200646972656,755.196044921875,90000,0.0,0.0
2013-01-22 00:00:00+09:00,755.196044921875,759.4440226745606,738.2041339111329,755.196044921875,96800,0.0,0.0
2013-01-23 00:00:00+09:00,746.7000973679546,763.2200110265377,746.7000973679546,759.4440307617188,91800,0.0,0.0
2013-01-24 00:00:00+09:00,756.6121043217886,786.3479512165313,754.7241140427573,784.4599609375,172200,0.0,0.0
2013-01-25 00:00:00+09:00,803.3397300983297,849.5954842403016,803.3397300983297,848.6514892578125,236000,0.0,0.0
2013-01-28 00:00:00+09:00,850.0675449064408,854.3155226433414,816.5557205375584,821.2756958007812,175000,0.0,0.0
2013-01-29 00:00:00+09:00,827.8836899889282,839.6836285577556,825.5237022751627,829.2996826171875,96800,0.0,0.0
2013-01-30 00:00:00+09:00,838.2675549915397,840.1555449802594,829.2996025451212,836.8515625,82000,0.0,0.0
2013-01-31 00:00:00+09:00,836.8516743230307,836.8516743230307,819.8597621540351,834.9636840820312,53200,0.0,0.0
2013-02-01 00:00:00+09:00,830.7156083631127,830.7156083631127,807.1157331255242,809.0037231445312,80000,0.0,0.0
2013-02-04 00:00:00+09:00,810.8917593312818,818.4437198372774,796.73183338254,811.8357543945312,129800,0.0,0.0
2013-02-05 00:00:00+09:00,797.2038799258445,798.6198726077731,787.2919311523438,787.2919311523438,55000,0.0,0.0
2013-02-06 00:00:00+09:00,802.3958129882812,809.4757760440602,792.9558622472426,802.3958129882812,72800,0.0,0.0
2013-02-07 00:00:00+09:00,805.6998242670946,814.1957802347617,802.8678389445389,810.4197998046875,60800,0.0,0.0
2013-02-08 00:00:00+09:00,810.419777316117,810.419777316117,780.6839322544307,783.9879150390625,65200,0.0,0.0
2013-02-12 00:00:00+09:00,784.9318452989988,789.6518203158298,760.8599727131606,761.3319702148438,123000,0.0,0.0
2013-02-13 00:00:00+09:00,758.9719866584329,774.075906790939,758.0279916501513,770.2999267578125,66000,0.0,0.0
2013-02-14 00:00:00+09:00,775.0199227681975,781.6278880049543,772.1879376667302,774.075927734375,34800,0.0,0.0
2013-02-15 00:00:00+09:00,774.0759737146872,777.851954074271,758.9720522763517,776.907958984375,76600,0.0,0.0
2013-02-18 00:00:00+09:00,768.883999205632,794.8438641266324,768.883999205632,790.5958862304688,79800,0.0,0.0
2013-02-19 00:00:00+09:00,802.3958096115593,803.8118022167562,784.9319008141313,793.4278564453125,83400,0.0,0.0
2013-02-20 00:00:00+09:00,792.955838127615,800.0358009680401,788.70786042336,789.65185546875,35800,0.0,0.0
2013-02-21 00:00:00+09:00,789.6518983036639,792.0118860451572,776.9079644996,783.5159301757812,32800,0.0,0.0
2013-02-22 00:00:00+09:00,776.9079613647833,780.2119441895424,768.4120055296885,774.5479736328125,65400,0.0,0.0
2013-02-25 00:00:00+09:00,783.0439119500629,791.0678700592558,779.2679316633839,779.7399291992188,38200,0.0,0.0
2013-02-26 00:00:00+09:00,779.2679293442002,784.9318997573622,769.3559811211668,782.0999145507812,40800,0.0,0.0
2013-02-27 00:00:00+09:00,775.0199318214699,777.8519169560185,764.635986328125,764.635986328125,31200,0.0,0.0
2013-02-28 00:00:00+09:00,781.1559194819209,796.7318381181163,777.3799392064795,782.0999145507812,87800,0.0,0.0
2013-03-01 00:00:00+09:00,792.9558612395584,795.315848921819,782.0999179011598,791.06787109375,32600,0.0,0.0
2013-03-04 00:00:00+09:00,797.2038204264225,797.2038204264225,784.931884765625,784.931884765625,43600,0.0,0.0
2013-03-05 00:00:00+09:00,792.955896453673,795.3158842407374,778.7959697312859,780.6839599609375,64200,0.0,0.0
2013-03-06 00:00:00+09:00,785.4038926589682,788.7078753804903,774.0759518994638,786.8198852539062,43200,0.0,0.0
2013-03-07 00:00:00+09:00,780.6839369664692,790.595885380191,764.63602048711,779.2679443359375,45600,0.0,0.0
2013-03-08 00:00:00+09:00,779.2678893493102,789.1798370636261,779.2678893493102,785.8758544921875,83400,0.0,0.0
2013-03-11 00:00:00+09:00,786.8198763792542,823.6356834323927,786.8198763792542,821.2756958007812,157400,0.0,0.0
2013-03-12 00:00:00+09:00,825.9956861449773,829.2996688895572,802.3958093979779,818.4437255859375,142000,0.0,0.0
2013-03-13 00:00:00+09:00,825.9956825912269,840.155608578505,820.3317121963156,834.4916381835938,114600,0.0,0.0
2013-03-14 00:00:00+09:00,837.7955888165812,842.5155639648438,826.4676484607514,842.5155639648438,102600,0.0,0.0
2013-03-15 00:00:00+09:00,842.9876169972606,845.3476047268161,831.1876783494826,835.9076538085938,49000,0.0,0.0
2013-03-18 00:00:00+09:00,835.9077199733373,836.8517151398797,820.3317997253869,831.187744140625,33400,0.0,0.0
2013-03-19 00:00:00+09:00,826.4676710636558,853.37153014454,826.4676710636558,843.9315795898438,87200,0.0,0.0
2013-03-21 00:00:00+09:00,854.315519941614,892.0753219279836,843.9315743953623,887.3553466796875,172400,0.0,0.0
2013-03-22 00:00:00+09:00,887.3553416958696,896.323294617264,866.1154531978301,867.0594482421875,85400,0.0,0.0
2013-03-25 00:00:00+09:00,878.8593840127918,889.2433294737378,868.4754385518459,869.41943359375,66800,0.0,0.0
2013-03-26 00:00:00+09:00,873.1954645301281,910.4832708533065,867.0594964009974,903.8753051757812,211000,0.0,0.0
2013-03-27 00:00:00+09:00,892.075347031169,915.6752239367555,890.1873568787222,911.42724609375,89400,0.0,0.0
2013-03-28 00:00:00+09:00,906.2352946049841,906.2352946049841,877.9154416485784,890.1873779296875,56000,0.0,0.0
2013-03-29 00:00:00+09:00,889.7154154570206,890.1874130249023,868.4755249023438,868.4755249023438,55600,0.0,0.0
2013-04-01 00:00:00+09:00,868.4754508510447,868.4754508510447,818.9157104492188,818.9157104492188,91000,0.0,0.0
2013-04-02 00:00:00+09:00,811.8356998029692,811.8356998029692,784.9318423094987,804.7557373046875,85600,0.0,0.0
2013-04-03 00:00:00+09:00,817.9716788014508,857.6194693492419,817.9716788014508,845.3475341796875,54800,0.0,0.0
2013-04-04 00:00:00+09:00,840.1556095443767,873.6674344194614,822.2197032732047,870.83544921875,90200,0.0,0.0
2013-04-05 00:00:00+09:00,882.6354060670916,891.603359390768,864.6994994197389,876.971435546875,107800,0.0,0.0
2013-04-08 00:00:00+09:00,884.9953190755036,905.7632092298088,876.4993640123788,891.1312866210938,126800,0.0,0.0
2013-04-09 00:00:00+09:00,896.7952971762799,906.2352476728723,884.5233615307097,887.3553466796875,181200,0.0,0.0
2013-04-10 00:00:00+09:00,868.4754774305555,890.6593619084013,868.4754774305555,879.3314208984375,74200,0.0,0.0
2013-04-11 00:00:00+09:00,882.6353851494762,900.0992938395995,879.3314024243177,898.2113037109375,62800,0.0,0.0
2013-04-12 00:00:00+09:00,882.6354576134908,901.515360450143,873.1955061951646,897.7393798828125,112200,0.0,0.0
2013-04-15 00:00:00+09:00,896.3232613440467,896.7952588487038,875.5553711391293,888.7713012695312,88600,0.0,0.0
2013-04-16 00:00:00+09:00,873.1954070272533,884.05134992543,859.0354815078924,876.4993896484375,137000,0.0,0.0
2013-04-17 00:00:00+09:00,876.9713988934019,896.3232973619861,876.9713988934019,889.71533203125,94200,0.0,0.0
2013-04-18 00:00:00+09:00,882.6354360737471,888.7714043459175,859.9795532226562,859.9795532226562,75200,0.0,0.0
2013-04-19 00:00:00+09:00,855.2594968651523,858.563479468936,829.2996335497089,842.5155639648438,179000,0.0,0.0
2013-04-22 00:00:00+09:00,854.787490430499,869.8914107473273,845.3475402324814,851.9555053710938,196000,0.0,0.0
2013-04-23 00:00:00+09:00,849.5955943799712,869.8914891346038,835.907665359405,860.4515380859375,128200,0.0,0.0
2013-04-24 00:00:00+09:00,860.4514703760988,872.7234057736733,857.6194852843507,867.5314331054688,47600,0.0,0.0
2013-04-25 00:00:00+09:00,868.4754860149657,896.3233412730542,868.4754860149657,894.9073486328125,71400,0.0,0.0
2013-04-26 00:00:00+09:00,894.9073234247968,894.9073234247968,864.2274837504235,870.83544921875,67200,0.0,0.0
2013-04-30 00:00:00+09:00,870.3634975604402,880.7474438436993,864.6995268604808,873.66748046875,52200,0.0,0.0
2013-05-01 00:00:00+09:00,882.635395308096,906.2352721879917,875.5554322441274,900.0993041992188,79400,0.0,0.0
2013-05-02 00:00:00+09:00,900.0993379921613,932.1951717538115,888.2993991092017,914.7312622070312,214600,0.0,0.0
2013-05-07 00:00:00+09:00,933.611109664873,986.9468302877905,931.2511220266908,982.6988525390625,305800,0.0,0.0
2013-05-08 00:00:00+09:00,969.4829356817081,972.3149208881786,924.6431699125931,943.5230712890625,285600,0.0,0.0
2013-05-09 00:00:00+09:00,962.4030139718086,962.4030139718086,935.0271558009578,939.7471313476562,77800,0.0,0.0
2013-05-10 00:00:00+09:00,958.627018931831,965.7069821440306,936.9151317477521,953.9070434570312,158000,0.0,0.0
2013-05-13 00:00:00+09:00,873.6673481137734,928.8910540723425,850.0674737725045,899.1552124023438,255800,0.0,0.0
2013-05-14 00:00:00+09:00,892.5473991955204,907.6513213394953,885.467435690532,904.8193359375,90600,0.0,0.0
2013-05-15 00:00:00+09:00,904.8192809473592,909.0672587921824,881.2194040316742,886.411376953125,93400,0.0,0.0
2013-05-16 00:00:00+09:00,877.9153701006355,883.579340230317,841.0995642577057,863.283447265625,99400,0.0,0.0
2013-05-17 00:00:00+09:00,852.8995417673281,891.1313419240262,852.8995417673281,884.5233764648438,76400,0.0,0.0
2013-05-20 00:00:00+09:00,901.5152638518865,925.5871373892928,887.8273357619887,921.8111572265625,109200,0.0,0.0
2013-05-21 00:00:00+09:00,940.6911307964997,952.0190721608329,923.69921875,923.69921875,116600,0.0,0.0
2013-05-22 00:00:00+09:00,924.1711479850956,928.8911232046313,902.4592619752312,905.7632446289062,57400,0.0,0.0
2013-05-23 00:00:00+09:00,903.8752089768876,914.7311514345736,854.3154716700609,861.867431640625,144200,0.0,0.0
2013-05-24 00:00:00+09:00,870.3634638728502,906.2352769175013,861.8675081517487,895.3793334960938,154800,0.0,0.0
2013-05-27 00:00:00+09:00,875.5554566309352,875.5554566309352,841.0996354265911,851.4835815429688,77400,0.0,0.0
2013-05-28 00:00:00+09:00,853.3715630073052,910.9552636084619,853.3715630073052,908.5952758789062,142000,0.0,0.0
2013-05-29 00:00:00+09:00,907.1792633760657,953.4350218624623,906.2352683049147,941.1630859375,182000,0.0,0.0
2013-05-30 00:00:00+09:00,913.3152627843275,913.3152627843275,873.6674684308994,885.4674072265625,82800,0.0,0.0
2013-05-31 00:00:00+09:00,888.2993694576298,904.819283342336,873.6674457311758,884.0513916015625,37600,0.0,0.0
2013-06-03 00:00:00+09:00,882.1634360127066,901.5153358931351,859.5075532258634,862.3395385742188,74200,0.0,0.0
2013-06-04 00:00:00+09:00,849.59552381116,864.6994442344695,839.2115785201347,858.5634765625,77000,0.0,0.0
2013-06-05 00:00:00+09:00,870.835426672782,918.9791738384317,865.1714564179997,894.435302734375,174000,0.0,0.0
2013-06-06 00:00:00+09:00,859.0355535603065,862.8115340155167,812.307795427081,817.0277709960938,113200,0.0,0.0
2013-06-07 00:00:00+09:00,817.499724774028,826.4676778748977,778.7959271808003,811.8357543945312,114200,0.0,0.0
2013-06-10 00:00:00+09:00,866.5875080835859,866.5875080835859,843.9316255193093,846.7636108398438,46400,0.0,0.0
2013-06-11 00:00:00+09:00,847.2355384364018,867.0594340432702,844.8755508641556,856.2034912109375,37800,0.0,0.0
2013-06-12 00:00:00+09:00,849.5955896455606,873.195467135715,825.0517170557999,865.1715087890625,64000,0.0,0.0
2013-06-13 00:00:00+09:00,850.0675659179688,872.251450203446,832.1316594743914,850.0675659179688,52400,0.0,0.0
2013-06-14 00:00:00+09:00,859.0354903651504,872.2514209861527,838.2675993892896,867.0594482421875,107200,0.0,0.0
2013-06-17 00:00:00+09:00,863.7555621519941,906.2353438971742,844.8756591541363,901.9873657226562,71600,0.0,0.0
2013-06-18 00:00:00+09:00,896.7953372311283,910.9552636084619,877.9154353946834,908.5952758789062,43000,0.0,0.0
2013-06-19 00:00:00+09:00,909.0672782081226,915.6752438856479,893.019361562704,903.8753051757812,54000,0.0,0.0
2013-06-20 00:00:00+09:00,914.2592416689378,915.6752342992975,896.7953325611677,913.3152465820312,50200,0.0,0.0
2013-06-21 00:00:00+09:00,894.4353608983782,937.3871381235774,877.915446580994,933.13916015625,154400,0.0,0.0
2013-06-24 00:00:00+09:00,943.051066848467,958.6269853699882,936.9150989460496,950.60302734375,117000,0.0,0.0
2013-06-25 00:00:00+09:00,927.4751086677472,943.5230240340085,896.7952704675419,915.6751708984375,157200,0.0,0.0
2013-06-26 00:00:00+09:00,929.8350928147297,929.8350928147297,886.8833194918159,893.019287109375,31800,0.0,0.0
2013-06-27 00:00:00+09:00,893.9633074725116,903.8752554434317,885.9393495912905,892.0753173828125,23600,0.0,0.0
2013-06-28 00:00:00+09:00,910.9553073182398,931.2512027662627,907.6513243383291,925.115234375,107600,0.0,0.0
2013-07-01 00:00:00+09:00,925.1152423637363,953.4350967218099,913.3153030478724,952.0191040039062,118000,0.0,0.0
2013-07-02 00:00:00+09:00,952.0190524153677,981.2829003329448,943.9950941153869,978.9229125976562,101800,0.0,0.0
2013-07-03 00:00:00+09:00,978.9229070274575,978.9229070274575,968.5389610512742,972.31494140625,29400,0.0,0.0
2013-07-04 00:00:00+09:00,972.3148629324777,1000.6347133091517,971.3708679199218,991.1947631835938,116200,0.0,0.0
2013-07-05 00:00:00+09:00,999.6907635339743,1000.1627610616107,972.3149069310609,982.6988525390625,43000,0.0,0.0
2013-07-08 00:00:00+09:00,992.138804172343,993.082799228644,964.2909500114638,969.0109252929688,53600,0.0,0.0
2013-07-09 00:00:00+09:00,966.65093266606,1046.4185145120387,966.65093266606,1037.4505615234375,180200,0.0,0.0
2013-07-10 00:00:00+09:00,1056.8024253501549,1195.0976958403717,1053.4984427787163,1152.617919921875,514200,0.0,0.0
2013-07-11 00:00:00+09:00,1132.7941253674926,1146.4820543823498,1099.7542967109407,1123.826171875,313200,0.0,0.0
2013-07-12 00:00:00+09:00,1147.4259932745651,1250.7934521503898,1132.7940698720513,1180.4658203125,411800,0.0,0.0
2013-07-16 00:00:00+09:00,1086.0662720443418,1153.5619160696965,1078.042314363006,1125.2420654296875,500800,0.0,0.0
2013-07-17 00:00:00+09:00,1115.330090087791,1170.5537974683546,1113.9140975908535,1155.921875,242800,0.0,0.0
2013-07-18 00:00:00+09:00,1156.3939485303995,1199.817721291541,1137.9860448599154,1153.0899658203125,1346200,0.0,0.0
2013-07-19 00:00:00+09:00,1161.5860314235215,1169.609990194021,1125.7142157436401,1142.234130859375,73000,0.0,0.0
2013-07-22 00:00:00+09:00,1152.6179772645128,1201.23372323431,1141.7620339897037,1193.6817626953125,113000,0.0,0.0
2013-07-23 00:00:00+09:00,1189.4336281360036,1231.9134005694323,1178.5776862919051,1206.425537109375,184800,0.0,0.0
2013-07-24 00:00:00+09:00,1183.2978745175549,1184.7138671875,1142.2340870891435,1184.7138671875,161200,0.0,0.0
2013-07-25 00:00:00+09:00,1178.5779672147926,1208.3138150059547,1168.1940203670852,1188.9619140625,65200,0.0,0.0
2013-07-26 00:00:00+09:00,1188.9619554397711,1188.9619554397711,1156.3941210112898,1173.8580322265625,95200,0.0,0.0
2013-07-29 00:00:00+09:00,1155.4498277889786,1213.0335201869586,1148.3698656088989,1185.1856689453125,145200,0.0,0.0
2013-07-30 00:00:00+09:00,1171.4978171998937,1250.7933987025456,1171.4978171998937,1234.7454833984375,176600,0.0,0.0
2013-07-31 00:00:00+09:00,1248.433474184682,1248.433474184682,1187.0737949241873,1196.041748046875,137400,0.0,0.0
2013-08-01 00:00:00+09:00,1184.2417888093755,1184.7137863338114,1146.953984378949,1167.2498779296875,82400,0.0,0.0
2013-08-02 00:00:00+09:00,1167.2498894973262,1180.4658203125,1152.6179660948121,1180.4658203125,65200,0.0,0.0
2013-08-05 00:00:00+09:00,1189.433868262186,1202.649800131766,1176.689933959377,1183.7698974609375,63800,0.0,0.0
2013-08-06 00:00:00+09:00,1179.9937922780107,1179.9937922780107,1149.3139536787824,1161.1138916015625,71200,0.0,0.0
2013-08-07 00:00:00+09:00,1137.5140613620565,1145.0660219354145,1113.9141845703125,1113.9141845703125,95200,0.0,0.0
2013-08-08 00:00:00+09:00,1120.5222732913535,1167.2500344774714,1082.7624662722683,1091.2584228515625,97200,0.0,0.0
2013-08-09 00:00:00+09:00,1047.8345341836252,1047.8345341836252,922.2831890967585,936.443115234375,439200,0.0,0.0
2013-08-12 00:00:00+09:00,936.9152046885658,941.1631829465997,903.4033762085214,908.1233520507812,168000,0.0,0.0
2013-08-13 00:00:00+09:00,917.091195851685,938.8030821147718,917.091195851685,932.6671142578125,138400,0.0,0.0
2013-08-14 00:00:00+09:00,924.1711910824879,965.2349774073992,924.1711910824879,960.9869995117188,174200,0.0,0.0
2013-08-15 00:00:00+09:00,929.3631839644215,940.2191277080384,915.6752548963829,917.0912475585938,103600,0.0,0.0
2013-08-16 00:00:00+09:00,915.6752235658707,961.9309822820849,912.8432383383474,936.443115234375,124000,0.0,0.0
2013-08-19 00:00:00+09:00,936.4431966145833,939.2751820882161,917.5632934570312,928.8912353515625,51800,0.0,0.0
2013-08-20 00:00:00+09:00,928.8911808660575,931.2511686223229,910.4832763671875,910.4832763671875,54400,0.0,0.0
2013-08-21 00:00:00+09:00,908.5952528557593,918.9791986026823,895.3793219051302,907.1792602539062,35200,0.0,0.0
2013-08-22 00:00:00+09:00,907.1793313011386,911.8993070103018,879.3314746170767,897.7393798828125,53400,0.0,0.0
2013-08-23 00:00:00+09:00,908.5952742530363,908.5952742530363,884.9953969997107,885.9393920898438,64400,0.0,0.0
2013-08-26 00:00:00+09:00,889.2434128220017,895.3793811694995,863.7555443016258,873.1954956054688,73600,0.0,0.0
2013-08-27 00:00:00+09:00,862.8115282719677,865.6435135945235,843.4596285678372,858.091552734375,125000,0.0,0.0
2013-08-28 00:00:00+09:00,842.5156071048757,842.5156071048757,801.9238187513635,811.36376953125,227000,0.0,0.0
2013-08-29 00:00:00+09:00,812.7796901438239,841.0995399746192,803.3397402002256,836.8515625,168800,0.0,0.0
2013-08-30 00:00:00+09:00,828.3556828393596,846.7635869024565,828.3556828393596,834.0196533203125,77200,0.0,0.0
2013-09-02 00:00:00+09:00,825.9957021774222,837.3236432358555,811.8357758543807,826.939697265625,85600,0.0,0.0
2013-09-03 00:00:00+09:00,838.739625963185,863.755495505137,835.4356431934932,861.3955078125,75800,0.0,0.0
2013-09-04 00:00:00+09:00,844.8755860853826,858.563514575034,827.8836748568498,857.1475219726562,95400,0.0,0.0
2013-09-05 00:00:00+09:00,849.5955545534836,850.5395496140985,834.9636311139514,839.2116088867188,33400,0.0,0.0
2013-09-06 00:00:00+09:00,844.4035781938423,844.4035781938423,823.6356869470402,830.24365234375,94600,0.0,0.0
2013-09-09 00:00:00+09:00,861.3954735112048,873.195411504509,849.5955355179007,871.7794189453125,63400,0.0,0.0
2013-09-10 00:00:00+09:00,873.1954591316089,873.6674566770855,856.2035474944533,860.9235229492188,60400,0.0,0.0
2013-09-11 00:00:00+09:00,863.7554678438012,871.7794257418037,860.4514851799178,864.699462890625,40400,0.0,0.0
2013-09-12 00:00:00+09:00,864.6994187817477,866.1154112797527,845.3475213090121,859.5074462890625,34000,0.0,0.0
2013-09-13 00:00:00+09:00,859.0355679832737,859.5075655480997,845.3476386033205,850.5396118164062,99600,0.0,0.0
2013-09-17 00:00:00+09:00,850.5395672230918,851.4835623032506,833.0756582401538,834.0196533203125,70600,0.0,0.0
2013-09-18 00:00:00+09:00,836.3796191460868,856.6755128386837,836.3796191460868,843.9315795898438,30800,0.0,0.0
2013-09-19 00:00:00+09:00,847.2355933295356,856.6755442301433,839.2116350640191,849.5955810546875,134400,0.0,0.0
2013-09-20 00:00:00+09:00,850.5395702768218,905.2912851226106,850.5395702768218,904.3472900390625,203800,0.0,0.0
2013-09-24 00:00:00+09:00,897.2673063458137,901.9872816553656,877.915407576651,900.5712890625,129000,0.0,0.0
2013-09-25 00:00:00+09:00,900.5713064367669,910.0112572379909,889.7153630153593,895.3793334960938,73200,0.0,0.0
2013-09-26 00:00:00+09:00,889.7153643206194,945.883071670303,889.7153643206194,943.0510864257812,158800,0.0,0.0
2013-09-27 00:00:00+09:00,943.0510918195857,943.523089363039,906.2352834302326,913.3152465820312,177400,0.0,0.0
2013-09-30 00:00:00+09:00,894.4352980960717,943.9950375684134,894.4352980960717,937.8590698242188,100600,0.0,0.0
2013-10-01 00:00:00+09:00,937.8591206670965,991.1948431811286,932.6671476790049,972.31494140625,252000,0.0,0.0
2013-10-02 00:00:00+09:00,985.5308034918608,1028.9545745269427,972.3148731768358,993.082763671875,197200,0.0,0.0
2013-10-03 00:00:00+09:00,976.0909806576112,994.0268884259813,974.2029903662038,986.0029296875,127000,0.0,0.0
2013-10-04 00:00:00+09:00,992.1388910570109,1048.3066018257,983.6429348062849,1015.73876953125,260200,0.0,0.0
2013-10-07 00:00:00+09:00,1018.5707368641158,1027.0666929640017,1002.5228197865532,1009.602783203125,173600,0.0,0.0
2013-10-08 00:00:00+09:00,1010.0746854238065,1010.0746854238065,964.7629238347012,981.2828369140625,109000,0.0,0.0
2013-10-09 00:00:00+09:00,974.6749408317335,997.8028207836729,953.4350510799524,996.8588256835938,73600,0.0,0.0
2013-10-10 00:00:00+09:00,1010.0746915172972,1010.0746915172972,969.9549023682457,987.8908081054688,75400,0.0,0.0
2013-10-11 00:00:00+09:00,1011.4907042024281,1018.5706671343164,998.2747733962368,1005.354736328125,84800,0.0,0.0
2013-10-15 00:00:00+09:00,1005.3548381471413,1049.2506127704673,1005.3548381471413,1024.2347412109375,165000,0.0,0.0
2013-10-16 00:00:00+09:00,1024.2346873980387,1026.5946751570202,1010.0747608441487,1017.1547241210938,67400,0.0,0.0
2013-10-17 00:00:00+09:00,1043.1144897572826,1059.1624049843178,1016.6826293833425,1029.8985595703125,143000,0.0,0.0
2013-10-18 00:00:00+09:00,1029.4265534195654,1085.5942562425494,1001.1067032567162,1039.3385009765625,257200,0.0,0.0
2013-10-21 00:00:00+09:00,1025.178630375557,1053.0264845155928,1020.4586550975848,1032.7305908203125,131400,0.0,0.0
2013-10-22 00:00:00+09:00,1032.7306804902491,1068.1304981487358,1029.8986950775702,1063.4105224609375,110000,0.0,0.0
2013-10-23 00:00:00+09:00,1063.4103736149843,1075.6823086855522,1038.3945059711343,1039.3385009765625,43000,0.0,0.0
2013-10-24 00:00:00+09:00,1038.394588041785,1084.6503469636464,1038.394588041785,1079.4583740234375,134400,0.0,0.0
2013-10-25 00:00:00+09:00,1055.858315152255,1079.458188088157,1027.5384676291726,1038.3944091796875,243800,0.0,0.0
2013-10-28 00:00:00+09:00,1049.722479089868,1078.042330144451,1038.394538668035,1056.3304443359375,152200,0.0,0.0
2013-10-29 00:00:00+09:00,1055.386544348629,1093.6183467154622,1054.9145467885446,1082.2904052734375,184200,0.0,0.0
2013-10-30 00:00:00+09:00,1099.282307573278,1127.6021609242428,1089.3703589004404,1091.7303466796875,187400,0.0,0.0
2013-10-31 00:00:00+09:00,1092.674344226434,1123.8261829819176,1084.6503857591124,1089.370361328125,131800,0.0,0.0
2013-11-01 00:00:00+09:00,1086.5384587077713,1086.5384587077713,1007.7148607042101,1036.5067138671875,214200,0.0,0.0
2013-11-05 00:00:00+09:00,1036.506522898988,1041.2264979577265,1010.0746625700519,1018.5706176757812,196600,0.0,0.0
2013-11-06 00:00:00+09:00,1003.4668124754037,1023.7627075536926,988.362890556677,1011.9627685546875,181000,0.0,0.0
2013-11-07 00:00:00+09:00,1002.9948455427023,1059.1625568930936,995.9148819271068,1051.610595703125,147200,0.0,0.0
2013-11-08 00:00:00+09:00,1055.8583943666308,1059.162376825534,1027.5385447188892,1033.2025146484375,152400,0.0,0.0
2013-11-11 00:00:00+09:00,1014.3227497808235,1128.074160994029,959.5710331802765,1089.370361328125,714400,0.0,0.0
2013-11-12 00:00:00+09:00,1076.1543393342392,1076.1543393342392,1025.6506049882903,1031.3145751953125,296400,0.0,0.0
2013-11-13 00:00:00+09:00,1036.506649628607,1036.506649628607,1014.3227641401986,1016.2107543945312,79000,0.0,0.0
2013-11-14 00:00:00+09:00,1026.1227238208041,1032.2586922705145,1006.298825752509,1019.9867553710938,56600,0.0,0.0
2013-11-15 00:00:00+09:00,1019.9865744710507,1053.4983962144308,1013.8506071095868,1045.00244140625,171600,0.0,0.0
2013-11-18 00:00:00+09:00,1045.0026950206636,1059.1626231374748,1031.3147645077463,1058.2186279296875,84200,0.0,0.0
2013-11-19 00:00:00+09:00,1058.2185095989469,1085.1223700124795,1054.44252919003,1078.514404296875,99600,0.0,0.0
2013-11-20 00:00:00+09:00,1084.6503581432235,1104.4742550283477,1083.7063630534558,1092.67431640625,79600,0.0,0.0
2013-11-21 00:00:00+09:00,1106.8340893963862,1106.8340893963862,1074.7382607912884,1098.338134765625,53000,0.0,0.0
2013-11-22 00:00:00+09:00,1101.6423359523692,1101.6423359523692,1043.5866344433111,1053.9705810546875,204200,0.0,0.0
2013-11-25 00:00:00+09:00,1054.4426197431565,1069.0745450842658,1032.730730527317,1038.86669921875,87800,0.0,0.0
2013-11-26 00:00:00+09:00,1038.394509548611,1064.8263697916666,1033.6745345052084,1061.994384765625,80200,0.0,0.0
2013-11-27 00:00:00+09:00,1046.418523838893,1054.442481847581,1040.2825559498963,1053.0264892578125,76800,0.0,0.0
2013-11-28 00:00:00+09:00,1044.0585314874456,1054.4424770989845,1027.538618014543,1032.7305908203125,97800,0.0,0.0
2013-11-29 00:00:00+09:00,1024.7064828768644,1045.474371060458,1024.7064828768644,1038.3944091796875,46000,0.0,0.0
2013-12-02 00:00:00+09:00,1042.1705460695875,1064.35442997596,1024.2346399325204,1053.0264892578125,52600,0.0,0.0
2013-12-03 00:00:00+09:00,1069.0743983227126,1071.4343859569792,1053.9704774634072,1060.1064453125,49000,0.0,0.0
2013-12-04 00:00:00+09:00,1059.634367844154,1059.634367844154,1037.922483246902,1040.282470703125,37400,0.0,0.0
2013-12-05 00:00:00+09:00,1038.394626911415,1042.1706073729108,1013.3787563540035,1016.6827392578125,57200,0.0,0.0
2013-12-06 00:00:00+09:00,1002.9947205153418,1036.5065441184427,1002.9947205153418,1022.3466186523438,42600,0.0,0.0
2013-12-09 00:00:00+09:00,1022.346711410675,1028.9546772277338,986.4748969752127,991.6668701171875,117400,0.0,0.0
2013-12-10 00:00:00+09:00,990.7229583281323,1009.602862250536,990.7229583281323,1004.410888671875,53800,0.0,0.0
2013-12-11 00:00:00+09:00,991.194857893319,1003.466794229141,943.0511076527863,958.155029296875,222400,0.0,0.0
2013-12-12 00:00:00+09:00,947.299038998046,973.7309005744737,943.9950563009925,969.0109252929688,82000,0.0,0.0
2013-12-13 00:00:00+09:00,962.8749772420829,1030.3706251566014,962.8749772420829,1022.8186645507812,314000,0.0,0.0
2013-12-16 00:00:00+09:00,1022.8186804706496,1087.9543417096666,1011.4907393856032,1067.658447265625,280000,0.0,0.0
2013-12-17 00:00:00+09:00,1080.4023191172107,1113.4421453899083,1064.3544034990434,1106.3621826171875,290200,0.0,0.0
2013-12-18 00:00:00+09:00,1114.3860854704483,1140.8179451851222,1080.874263332201,1085.59423828125,709800,0.0,0.0
2013-12-19 00:00:00+09:00,1090.3142299438161,1100.2261774887597,1081.3462774031527,1094.0902099609375,232000,0.0,0.0
2013-12-20 00:00:00+09:00,1095.0343095711244,1144.1220544829334,1089.842336551606,1135.6260986328125,229200,0.0,0.0
2013-12-24 00:00:00+09:00,1129.490128152057,1155.449993195251,1103.058265562623,1137.986083984375,183400,0.0,0.0
2013-12-25 00:00:00+09:00,1137.5141455352882,1182.3539147576337,1137.5141455352882,1174.3299560546875,230800,0.0,0.0
2013-12-26 00:00:00+09:00,1179.9938540661196,1227.1936082287643,1179.9938540661196,1222.4736328125,223000,0.0,0.0
2013-12-27 00:00:00+09:00,1227.1935999824757,1305.5451913659722,1227.1935999824757,1304.6011962890625,280600,0.0,0.0
2013-12-30 00:00:00+09:00,1293.273261032796,1293.273261032796,1235.689561089,1249.8494873046875,167200,0.0,0.0
2014-01-06 00:00:00+09:00,1236.6335173201371,1255.0414208222307,1231.91354206319,1239.9375,64200,0.0,0.0
2014-01-07 00:00:00+09:00,1220.1135318028787,1230.4974767543927,1203.5936193800158,1213.0335693359375,108400,0.0,0.0
2014-01-08 00:00:00+09:00,1230.025640013092,1297.993288578666,1216.3377107880806,1295.63330078125,159800,0.0,0.0
2014-01-09 00:00:00+09:00,1279.1133478419547,1292.8012766564996,1276.2813625699798,1285.7213134765625,106800,0.0,0.0
2014-01-10 00:00:00+09:00,1285.7213352560138,1317.817168882082,1274.3933939762253,1312.1531982421875,121200,0.0,0.0
2014-01-14 00:00:00+09:00,1288.5531427282012,1311.681019648964,1288.5531427282012,1296.1051025390625,78400,0.0,0.0
2014-01-15 00:00:00+09:00,1300.3531888096777,1337.640993497868,1300.3531888096777,1335.281005859375,116600,0.0,0.0
2014-01-16 00:00:00+09:00,1339.5291116966391,1386.7288689798188,1339.5291116966391,1375.8729248046875,120000,0.0,0.0
2014-01-17 00:00:00+09:00,1363.1288945164993,1404.6646780059216,1355.1049363424063,1374.9288330078125,123000,0.0,0.0
2014-01-20 00:00:00+09:00,1381.0649795749587,1390.5049315884582,1318.289298685188,1325.3692626953125,94600,0.0,0.0
2014-01-21 00:00:00+09:00,1336.2249287139862,1392.3926314751886,1336.2249287139862,1360.768798828125,140400,0.0,0.0
2014-01-22 00:00:00+09:00,1356.9928484484528,1378.2327365111241,1340.0009379983157,1355.1048583984375,42600,0.0,0.0
2014-01-23 00:00:00+09:00,1338.5851287077219,1343.777102056024,1316.8732401602765,1318.76123046875,48600,0.0,0.0
2014-01-24 00:00:00+09:00,1317.345118115392,1352.2729356505188,1312.1531452385489,1316.401123046875,70400,0.0,0.0
2014-01-27 00:00:00+09:00,1265.4253291262855,1313.5690753295237,1265.4253291262855,1305.0731201171875,148800,0.0,0.0
2014-01-28 00:00:00+09:00,1302.713289723273,1340.0010976537578,1292.329343210986,1294.6893310546875,56800,0.0,0.0
2014-01-29 00:00:00+09:00,1280.0572636949516,1325.8410227577872,1280.0572636949516,1318.2890625,51600,0.0,0.0
2014-01-30 00:00:00+09:00,1297.5212829192449,1300.8252658150013,1228.1376421083576,1232.3856201171875,127800,0.0,0.0
2014-01-31 00:00:00+09:00,1258.3456028449348,1308.3773484944331,1258.3456028449348,1282.41748046875,170000,0.0,0.0
2014-02-03 00:00:00+09:00,1250.7933292676103,1305.0730397829973,1248.9053393366403,1285.2491455078125,94600,0.0,0.0
2014-02-04 00:00:00+09:00,1237.5775059970722,1277.6972954744754,1216.8096149734752,1272.0333251953125,199600,0.0,0.0
2014-02-05 00:00:00+09:00,1303.6571758086068,1326.3130572129562,1262.121393233966,1280.529296875,208200,0.0,0.0
2014-02-06 00:00:00+09:00,1263.537518819173,1312.1532694498696,1263.537518819173,1291.3853759765625,64800,0.0,0.0
2014-02-07 00:00:00+09:00,1321.1212183543419,1321.5932159314602,1303.1853104238435,1318.76123046875,49400,0.0,0.0
2014-02-10 00:00:00+09:00,1335.7529631259024,1482.072192302238,1335.7529631259024,1430.1524658203125,331200,0.0,0.0
2014-02-12 00:00:00+09:00,1453.752431955645,1484.4322722404233,1444.3124810987904,1463.1923828125,143200,0.0,0.0
2014-02-13 00:00:00+09:00,1486.7923409598216,1533.9920978156888,1484.432353117028,1503.312255859375,211000,0.0,0.0
2014-02-14 00:00:00+09:00,1503.3121384027436,1505.6721260611466,1444.3124469426673,1498.5921630859375,139200,0.0,0.0
2014-02-17 00:00:00+09:00,1498.5920960473234,1505.6720587058146,1430.1524570152408,1439.5924072265625,125000,0.0,0.0
2014-02-18 00:00:00+09:00,1456.1123942573172,1503.312147717846,1437.2324928731057,1489.1522216796875,119600,0.0,0.0
2014-02-19 00:00:00+09:00,1500.9522705078125,1522.1921611282062,1486.7923434275501,1500.9522705078125,96600,0.0,0.0
2014-02-20 00:00:00+09:00,1500.952195997362,1500.952195997362,1444.3124904880276,1453.75244140625,33800,0.0,0.0
2014-02-21 00:00:00+09:00,1467.9123606150292,1486.792262359274,1439.592507998662,1460.8323974609375,51800,0.0,0.0
2014-02-24 00:00:00+09:00,1453.7523905777787,1453.7523905777787,1397.1126870487742,1405.608642578125,106200,0.0,0.0
2014-02-25 00:00:00+09:00,1406.08066780966,1444.312468444968,1390.97674657102,1402.3046875,155000,0.0,0.0
2014-02-26 00:00:00+09:00,1390.5046768465909,1439.5924183238635,1382.4807191051136,1427.79248046875,50400,0.0,0.0
2014-02-27 00:00:00+09:00,1407.024676468823,1432.512543805058,1406.0806813822958,1413.16064453125,36800,0.0,0.0
2014-02-28 00:00:00+09:00,1423.072419169746,1423.072419169746,1406.5525071727507,1415.0484619140625,51800,0.0,0.0
2014-03-03 00:00:00+09:00,1406.080673028875,1406.080673028875,1364.5448894684384,1372.56884765625,94400,0.0,0.0
2014-03-04 00:00:00+09:00,1348.9688960319525,1381.536724522577,1333.8649755725326,1375.4007568359375,91200,0.0,0.0
2014-03-05 00:00:00+09:00,1375.8727530354927,1418.3525292870174,1375.8727530354927,1402.776611328125,77600,0.0,0.0
2014-03-06 00:00:00+09:00,1402.7765971264807,1458.4723032035079,1395.6966344895704,1444.3123779296875,45600,0.0,0.0
2014-03-07 00:00:00+09:00,1453.7523325435452,1453.7523325435452,1411.2725565925973,1439.5924072265625,33200,0.0,0.0
2014-03-10 00:00:00+09:00,1439.5924296061198,1441.9524171956382,1414.5765611572267,1415.9925537109375,28400,0.0,0.0
2014-03-11 00:00:00+09:00,1441.9523992036518,1496.232113085295,1420.7125111630087,1434.8724365234375,113800,0.0,0.0
2014-03-12 00:00:00+09:00,1406.552769611791,1413.1607356435245,1366.4329758476965,1373.512939453125,119800,0.0,0.0
2014-03-13 00:00:00+09:00,1373.9848561472706,1402.7767064478492,1366.432895412693,1381.0648193359375,59200,0.0,0.0
2014-03-14 00:00:00+09:00,1374.9288583779735,1434.8725470199245,1369.264887797632,1373.98486328125,220400,0.0,0.0
2014-03-17 00:00:00+09:00,1373.9848289065892,1397.1127081976997,1346.1369742499458,1359.3529052734375,137000,0.0,0.0
2014-03-18 00:00:00+09:00,1368.7926819558547,1427.7923665229175,1368.7926819558547,1418.3524169921875,121000,0.0,0.0
2014-03-19 00:00:00+09:00,1439.5925221279824,1458.4724240575297,1432.512558904402,1446.6724853515625,94000,0.0,0.0
2014-03-20 00:00:00+09:00,1460.8324698625781,1517.4721779024844,1458.4724820275821,1508.0322265625,205600,0.0,0.0
2014-03-24 00:00:00+09:00,1486.7921571473817,1581.1916591884853,1486.7921571473817,1571.751708984375,188200,0.0,0.0
2014-03-25 00:00:00+09:00,1578.8316986363961,1626.0314504640912,1529.2719592173164,1543.431884765625,201800,0.0,0.0
2014-03-26 00:00:00+09:00,1576.4717899679606,1635.4714827062826,1574.1118022584278,1588.271728515625,157800,0.0,0.0
2014-03-27 00:00:00+09:00,1557.5918347045372,1651.9913398381457,1552.8718594478569,1644.911376953125,136400,0.0,0.0
2014-03-28 00:00:00+09:00,1642.5515826443386,1642.5515826443386,1434.872646907698,1578.8319091796875,358200,0.0,0.0
2014-03-31 00:00:00+09:00,1604.7917581592087,1604.7917581592087,1552.872024806999,1595.351806640625,101200,0.0,0.0
2014-04-01 00:00:00+09:00,1609.5115098008164,1614.2314849028717,1557.5917836782094,1571.751708984375,99400,0.0,0.0
2014-04-02 00:00:00+09:00,1597.7117107969343,1597.7117107969343,1552.871943433357,1557.5919189453125,85400,0.0,0.0
2014-04-03 00:00:00+09:00,1588.2716240674931,1588.2716240674931,1541.071872980792,1569.3917236328125,89000,0.0,0.0
2014-04-04 00:00:00+09:00,1567.0317017139319,1609.5114767603939,1557.5917517036069,1607.1514892578125,75400,0.0,0.0
2014-04-07 00:00:00+09:00,1571.7518358345492,1581.1917868005226,1548.151958419616,1567.0318603515625,51800,0.0,0.0
2014-04-08 00:00:00+09:00,1552.8718351311638,1578.8316986363961,1536.3519219914706,1543.431884765625,96400,0.0,0.0
2014-04-09 00:00:00+09:00,1531.6318852726263,1538.7118477623303,1477.3521728515625,1477.3521728515625,95200,0.0,0.0
2014-04-10 00:00:00+09:00,1491.5122163614649,1515.1120932026274,1474.9923025726512,1482.072265625,56200,0.0,0.0
2014-04-11 00:00:00+09:00,1449.0323686079546,1463.1922940340908,1420.7125177556818,1427.79248046875,67200,0.0,0.0
2014-04-14 00:00:00+09:00,1404.6647584101484,1404.6647584101484,1368.7929433432223,1369.7369384765625,117600,0.0,0.0
2014-04-15 00:00:00+09:00,1380.1208518729304,1446.6725071787046,1380.1208518729304,1425.4326171875,95400,0.0,0.0
2014-04-16 00:00:00+09:00,1446.6725096441621,1451.392485205807,1404.6647271455224,1423.0726318359375,78000,0.0,0.0
2014-04-17 00:00:00+09:00,1439.59230343633,1451.3922403497427,1402.7765002664828,1418.3524169921875,49200,0.0,0.0
2014-04-18 00:00:00+09:00,1441.9524014267145,1441.9524014267145,1407.9685805092927,1432.512451171875,34400,0.0,0.0
2014-04-21 00:00:00+09:00,1453.7524343068458,1472.6323360510905,1446.6724711527538,1460.8323974609375,50800,0.0,0.0
2014-04-22 00:00:00+09:00,1449.0323663591944,1449.0323663591944,1412.6885578218466,1430.1524658203125,65200,0.0,0.0
2014-04-23 00:00:00+09:00,1453.7523325435452,1458.472307649206,1432.5124445680713,1439.5924072265625,40400,0.0,0.0
2014-04-24 00:00:00+09:00,1458.4724240575297,1477.352325987077,1437.232534386789,1446.6724853515625,56200,0.0,0.0
2014-04-25 00:00:00+09:00,1458.47220249779,1458.47220249779,1395.2245406418988,1418.3524169921875,62200,0.0,0.0
2014-04-28 00:00:00+09:00,1385.3127761065298,1406.5526653483676,1373.512837638842,1402.3046875,43600,0.0,0.0
2014-04-30 00:00:00+09:00,1415.9926238078065,1415.9926238078065,1368.7928696808797,1370.2088623046875,52800,0.0,0.0
2014-05-01 00:00:00+09:00,1385.3127901297125,1398.0567238038188,1364.5448982163539,1388.144775390625,36600,0.0,0.0
2014-05-02 00:00:00+09:00,1399.0006235820872,1402.304606161397,1375.4007480155876,1384.8406982421875,35200,0.0,0.0
2014-05-07 00:00:00+09:00,1364.5449538828207,1378.2328832022956,1331.9771220537255,1333.8651123046875,63400,0.0,0.0
2014-05-08 00:00:00+09:00,1339.5290911615457,1371.15292805648,1329.1451447184331,1349.4410400390625,68400,0.0,0.0
2014-05-09 00:00:00+09:00,1331.0329233067205,1405.6085268111394,1331.0329233067205,1398.528564453125,59200,0.0,0.0
2014-05-12 00:00:00+09:00,1359.3528964109814,1374.9288150156906,1274.393340385295,1293.7452392578125,125200,0.0,0.0
2014-05-13 00:00:00+09:00,1297.0492219921446,1321.1210961994225,1255.5134390462536,1293.7452392578125,85400,0.0,0.0
2014-05-14 00:00:00+09:00,1308.3771772972063,1404.19267765483,1301.7692117553013,1402.3046875,142600,0.0,0.0
2014-05-15 00:00:00+09:00,1402.7766619988208,1437.2324817585495,1346.1369582841983,1350.85693359375,101200,0.0,0.0
2014-05-16 00:00:00+09:00,1319.233293886538,1342.8331739202863,1306.9613562689888,1325.3692626953125,62000,0.0,0.0
2014-05-19 00:00:00+09:00,1325.368985900654,1352.2728435204324,1279.1132306947195,1281.001220703125,48800,0.0,0.0
2014-05-20 00:00:00+09:00,1300.353169123571,1300.353169123571,1250.7934294655038,1254.097412109375,50800,0.0,0.0
2014-05-21 00:00:00+09:00,1254.56946744767,1262.121428124556,1215.3936714363242,1245.1295166015625,51600,0.0,0.0
2014-05-22 00:00:00+09:00,1268.2573862220036,1288.081282843263,1253.6254625253596,1279.5853271484375,48400,0.0,0.0
2014-05-23 00:00:00+09:00,1300.3531328674471,1300.3531328674471,1280.0572400495523,1291.857177734375,52000,0.0,0.0
2014-05-26 00:00:00+09:00,1302.241271548646,1303.657264232461,1281.4733788526908,1290.913330078125,48200,0.0,0.0
2014-05-27 00:00:00+09:00,1283.3613273323356,1320.6491334593143,1283.3613273323356,1308.377197265625,41000,0.0,0.0
2014-05-28 00:00:00+09:00,1318.2891505391246,1318.2891505391246,1294.217275609839,1303.6572265625,23600,0.0,0.0
2014-05-29 00:00:00+09:00,1303.1850482970797,1323.0089425486108,1300.825060886183,1314.9849853515625,32600,0.0,0.0
2014-05-30 00:00:00+09:00,1335.7531230013894,1367.8489577590199,1314.9852299229226,1337.64111328125,69000,0.0,0.0
2014-06-02 00:00:00+09:00,1290.4411285356098,1306.9610405688015,1272.5052240424302,1300.8250732421875,531000,0.0,0.0
2014-06-03 00:00:00+09:00,1288.5533064981373,1336.6970564112546,1287.137313853634,1326.3131103515625,252800,0.0,0.0
2014-06-04 00:00:00+09:00,1323.953107223977,1407.496672278752,1307.9051907727771,1390.5047607421875,280600,0.0,0.0
2014-06-05 00:00:00+09:00,1405.608761695459,1437.2325988457596,1360.7689926017488,1385.3128662109375,209200,0.0,0.0
2014-06-06 00:00:00+09:00,1382.0088361788441,1418.3526477860064,1354.6329780851374,1359.824951171875,141400,0.0,0.0
2014-06-09 00:00:00+09:00,1345.192958651147,1373.984807941575,1340.4729833576341,1355.576904296875,298400,0.0,0.0
2014-06-10 00:00:00+09:00,1368.7928513259624,1394.7527157476616,1360.2968956970426,1364.0728759765625,453200,0.0,0.0
2014-06-11 00:00:00+09:00,1345.1929743744424,1394.752715535606,1345.1929743744424,1389.0887451171875,127000,0.0,0.0
2014-06-12 00:00:00+09:00,1363.1289878531677,1387.6728615956763,1355.1050291296553,1378.23291015625,122200,0.0,0.0
2014-06-13 00:00:00+09:00,1360.2968614180008,1384.8407326163826,1360.2968614180008,1374.456787109375,102800,0.0,0.0
2014-06-16 00:00:00+09:00,1364.0728506507717,1374.45679622666,1361.712863019888,1365.016845703125,207800,0.0,0.0
2014-06-17 00:00:00+09:00,1364.5448665756776,1387.6727456701806,1354.6329183923192,1371.15283203125,722800,0.0,0.0
2014-06-18 00:00:00+09:00,1371.1528436872695,1372.096838760376,1352.2729422251384,1359.3529052734375,135000,0.0,0.0
2014-06-19 00:00:00+09:00,1354.632863099976,1355.1048606132513,1345.192912834471,1352.744873046875,158000,0.0,0.0
2014-06-20 00:00:00+09:00,1352.744997549207,1359.3529633432365,1345.665034198461,1350.385009765625,107200,0.0,0.0
2014-06-23 00:00:00+09:00,1359.352804770318,1359.352804770318,1328.2009696609982,1335.7529296875,77200,0.0,0.0
2014-06-24 00:00:00+09:00,1326.3130158047738,1342.3609312984972,1312.625087883657,1323.009033203125,188200,0.0,0.0
2014-06-25 00:00:00+09:00,1323.0090300572112,1329.6169952447965,1300.3531494140625,1300.3531494140625,105200,0.0,0.0
2014-06-26 00:00:00+09:00,1303.6571622965844,1326.7850409904775,1301.7691721991237,1319.705078125,68800,0.0,0.0
2014-06-27 00:00:00+09:00,1305.0731914901871,1321.5931053065187,1279.1133269216662,1306.961181640625,91400,0.0,0.0
2014-06-30 00:00:00+09:00,1305.0731822246717,1334.8090268829553,1298.9372142793115,1316.401123046875,84800,0.0,0.0
2014-07-01 00:00:00+09:00,1302.7132641734972,1321.5931665528233,1290.4413276269354,1295.63330078125,178600,0.0,0.0
2014-07-02 00:00:00+09:00,1302.2412180108163,1308.377186055086,1289.0252868385426,1295.1612548828125,54400,0.0,0.0
2014-07-03 00:00:00+09:00,1300.353115522737,1315.929033058944,1292.3291580040848,1310.737060546875,87600,0.0,0.0
2014-07-04 00:00:00+09:00,1309.3210977233555,1314.5130703531165,1300.8251425110193,1305.0731201171875,54000,0.0,0.0
2014-07-07 00:00:00+09:00,1305.0731267755682,1306.4891193181818,1295.6331764914773,1297.9931640625,23200,0.0,0.0
2014-07-08 00:00:00+09:00,1306.4891587818026,1319.7050895787283,1278.6413046025662,1307.9051513671875,96000,0.0,0.0
2014-07-09 00:00:00+09:00,1297.049246801688,1318.7611337568835,1292.8012689191496,1317.817138671875,72600,0.0,0.0
2014-07-10 00:00:00+09:00,1320.1770481159974,1342.3609312984972,1318.7610555724336,1323.009033203125,169400,0.0,0.0
2014-07-11 00:00:00+09:00,1303.185185235169,1328.673051951105,1298.4652099174032,1323.4810791015625,66400,0.0,0.0
2014-07-14 00:00:00+09:00,1340.4730887570076,1351.3290327856735,1332.4491301271241,1347.0810546875,162200,0.0,0.0
2014-07-15 00:00:00+09:00,1347.08102686861,1357.464973116371,1340.4730610745805,1350.385009765625,75000,0.0,0.0
2014-07-16 00:00:00+09:00,1335.281101699703,1340.4730748770437,1312.6252187440346,1313.5692138671875,74600,0.0,0.0
2014-07-17 00:00:00+09:00,1310.7372067895265,1318.289167649675,1286.6653315478031,1287.1373291015625,103800,0.0,0.0
2014-07-18 00:00:00+09:00,1281.4733355686003,1290.913286475183,1276.753360115309,1285.7213134765625,62400,0.0,0.0
2014-07-22 00:00:00+09:00,1285.7213388592945,1306.4892312637767,1278.6413755395847,1284.77734375,57400,0.0,0.0
2014-07-23 00:00:00+09:00,1284.777228308552,1294.6891760655244,1275.8092755760529,1277.697265625,49200,0.0,0.0
2014-07-24 00:00:00+09:00,1290.913505974012,1290.913505974012,1277.6975724576419,1286.66552734375,30600,0.0,0.0
2014-07-25 00:00:00+09:00,1286.6651799848541,1294.6891374535785,1286.6651799848541,1292.8011474609375,27200,0.0,0.0
2014-07-28 00:00:00+09:00,1295.1612042422898,1298.4651869061731,1288.0812413911112,1297.0491943359375,45600,0.0,0.0
2014-07-29 00:00:00+09:00,1304.6012799982343,1304.6012799982343,1291.3853480735054,1294.6893310546875,54000,0.0,0.0
2014-07-30 00:00:00+09:00,1305.0731614188364,1305.0731614188364,1283.8332727158174,1287.6092529296875,36200,0.0,0.0
2014-07-31 00:00:00+09:00,1282.8894093455733,1293.745353574767,1277.2254384433854,1278.16943359375,53200,0.0,0.0
2014-08-01 00:00:00+09:00,1274.3933636209238,1276.753351331333,1268.729393115942,1270.1453857421875,45200,0.0,0.0
2014-08-04 00:00:00+09:00,1274.3933196565997,1274.3933196565997,1264.953369140625,1264.953369140625,31600,0.0,0.0
2014-08-05 00:00:00+09:00,1283.3614171346028,1285.249407450358,1245.6016108194985,1246.0736083984375,41600,0.0,0.0
2014-08-06 00:00:00+09:00,1241.3535761448939,1243.7135639322416,1228.6096420932163,1230.025634765625,35200,0.0,0.0
2014-08-07 00:00:00+09:00,1227.66566493503,1250.7935455893232,1227.1936673706568,1236.16162109375,29400,0.0,0.0
2014-08-08 00:00:00+09:00,1227.1936583462618,1232.8576290770907,1192.737836400386,1197.9298095703125,63400,0.0,0.0
2014-08-11 00:00:00+09:00,1208.3136156563778,1273.4492715003544,1208.3136156563778,1269.2012939453125,87200,0.0,0.0
2014-08-12 00:00:00+09:00,1274.3934809300954,1284.3054302262183,1265.8975243905613,1274.865478515625,55200,0.0,0.0
2014-08-13 00:00:00+09:00,1282.417217548077,1282.417217548077,1266.8412999260354,1276.28125,33000,0.0,0.0
2014-08-14 00:00:00+09:00,1264.4813648230954,1276.2813029046847,1264.4813648230954,1272.0333251953125,64000,0.0,0.0
2014-08-15 00:00:00+09:00,1272.0334573050525,1272.0334573050525,1260.2335179979557,1262.593505859375,24400,0.0,0.0
2014-08-18 00:00:00+09:00,1262.5934297760136,1273.9213708282095,1255.9854641622326,1265.4254150390625,24200,0.0,0.0
2014-08-19 00:00:00+09:00,1265.4253920198287,1267.3133821608506,1258.8174265262526,1264.0093994140625,17000,0.0,0.0
2014-08-20 00:00:00+09:00,1274.393445166472,1282.4174038952979,1256.9295349919685,1262.593505859375,27400,0.0,0.0
2014-08-21 00:00:00+09:00,1262.5933724862557,1274.393310546875,1260.2333848741318,1274.393310546875,22800,0.0,0.0
2014-08-22 00:00:00+09:00,1279.1132571487024,1281.4732447080173,1246.0734313182932,1252.681396484375,74800,0.0,0.0
2014-08-25 00:00:00+09:00,1272.9774600839255,1273.44945765904,1253.6255595042294,1255.5135498046875,39000,0.0,0.0
2014-08-26 00:00:00+09:00,1255.5135318653781,1266.3694759378984,1244.1855902244877,1249.3775634765625,39200,0.0,0.0
2014-08-27 00:00:00+09:00,1260.233403116937,1283.833279579801,1251.2654500610488,1280.529296875,69600,0.0,0.0
2014-08-28 00:00:00+09:00,1288.5533676398702,1297.9933190511515,1279.5854137991532,1289.9693603515625,47400,0.0,0.0
2014-08-29 00:00:00+09:00,1286.1933086502897,1293.2732718171721,1276.7533577611132,1288.081298828125,34200,0.0,0.0
2014-09-01 00:00:00+09:00,1288.081298828125,1292.3292767282544,1281.4733332057015,1288.081298828125,17400,0.0,0.0
2014-09-02 00:00:00+09:00,1292.3292072969325,1297.521180007037,1270.145323899213,1283.833251953125,89800,0.0,0.0
2014-09-03 00:00:00+09:00,1283.8331634544106,1288.5531383200519,1266.8412539381022,1273.44921875,76800,0.0,0.0
2014-09-04 00:00:00+09:00,1274.3934553760594,1274.3934553760594,1248.9055862685382,1253.153564453125,110600,0.0,0.0
2014-09-05 00:00:00+09:00,1276.7533476430785,1276.7533476430785,1219.1696476754425,1224.8336181640625,163400,0.0,0.0
2014-09-08 00:00:00+09:00,1231.913599587657,1250.3215039493116,1226.7216265625748,1230.9696044921875,22600,0.0,0.0
2014-09-09 00:00:00+09:00,1243.7133872606905,1243.7133872606905,1199.3456231610683,1206.8975830078125,90800,0.0,0.0
2014-09-10 00:00:00+09:00,1227.193532041482,1231.4415096523949,1216.3375892580382,1225.3055419921875,41600,0.0,0.0
2014-09-11 00:00:00+09:00,1261.6494997324692,1264.4814851415208,1224.3616918466237,1226.7216796875,42600,0.0,0.0
2014-09-12 00:00:00+09:00,1250.3214595002948,1250.3214595002948,1225.3055903596698,1225.777587890625,88000,0.0,0.0
2014-09-16 00:00:00+09:00,1236.6335638475048,1242.769531912397,1214.9216768486556,1217.753662109375,75600,0.0,0.0
2014-09-17 00:00:00+09:00,1218.6975393094906,1235.2174517323535,1208.3135943579766,1213.0335693359375,61200,0.0,0.0
2014-09-18 00:00:00+09:00,1208.3135269953052,1222.0014536682988,1197.9295826226892,1206.425537109375,79200,0.0,0.0
2014-09-19 00:00:00+09:00,1198.8738454461752,1223.4177194474355,1198.8738454461752,1205.4818115234375,124000,0.0,0.0
2014-09-22 00:00:00+09:00,1205.481783639356,1221.0577033183297,1205.481783639356,1208.7857666015625,43600,0.0,0.0
2014-09-24 00:00:00+09:00,1209.2576345473208,1214.449607217118,1190.3777339298763,1190.8497314453125,84800,0.0,0.0
2014-09-25 00:00:00+09:00,1207.3695462993667,1208.313541253471,1187.0736547861247,1189.9056396484375,176600,0.0,0.0
2014-09-26 00:00:00+09:00,1189.4338732704914,1209.2577711583328,1173.3859559327148,1179.0499267578125,101000,0.0,2.0
2014-09-29 00:00:00+09:00,1199.8177998139222,1199.8177998139222,1171.4979461597777,1197.9298095703125,91400,0.0,0.0
2014-09-30 00:00:00+09:00,1198.873777266983,1254.5694881793863,1177.161889962148,1248.905517578125,177200,0.0,0.0
2014-10-01 00:00:00+09:00,1256.4574297681268,1257.4014248318142,1219.6416222843125,1223.4176025390625,54500,0.0,0.0
2014-10-02 00:00:00+09:00,1205.4817535499153,1205.4817535499153,1166.7779541015625,1166.7779541015625,79200,0.0,0.0
2014-10-03 00:00:00+09:00,1169.6097382382904,1206.4255411368322,1169.6097382382904,1201.70556640625,61200,0.0,0.0
2014-10-06 00:00:00+09:00,1201.7056002568866,1223.4174846291635,1196.0416304206406,1218.697509765625,39700,0.0,0.0
2014-10-07 00:00:00+09:00,1211.145616622478,1231.9135071647186,1183.7697609077065,1225.3055419921875,65600,0.0,0.0
2014-10-08 00:00:00+09:00,1206.425853170407,1206.425853170407,1179.99398784273,1185.657958984375,65900,0.0,0.0
2014-10-09 00:00:00+09:00,1198.8737404878218,1198.8737404878218,1161.1139376378117,1163.9459228515625,50100,0.0,0.0
2014-10-10 00:00:00+09:00,1132.794220753205,1133.7382159371662,1086.5384567391159,1104.474365234375,75000,0.0,0.0
2014-10-14 00:00:00+09:00,1085.594225808404,1134.681964714523,1069.546311166019,1127.1300048828125,74200,0.0,0.0
2014-10-15 00:00:00+09:00,1127.1301039209907,1153.5619656544811,1127.1301039209907,1150.72998046875,39200,0.0,0.0
2014-10-16 00:00:00+09:00,1131.8501118840397,1137.5140824189057,1112.9702101011533,1117.690185546875,43200,0.0,0.0
2014-10-17 00:00:00+09:00,1099.7542098906385,1117.6901154596703,1088.42626953125,1088.42626953125,62100,0.0,0.0
2014-10-20 00:00:00+09:00,1111.0821475746413,1159.225893986117,1111.0821475746413,1143.177978515625,52500,0.0,0.0
2014-10-21 00:00:00+09:00,1128.0740169284697,1146.9539167933813,1107.306127077067,1108.2501220703125,76100,0.0,0.0
2014-10-22 00:00:00+09:00,1085.5942844414028,1099.7542098906385,1073.3223490520652,1088.42626953125,121700,0.0,0.0
2014-10-23 00:00:00+09:00,1082.7622884114583,1087.4822635135135,1040.2825124929616,1047.83447265625,102300,0.0,0.0
2014-10-24 00:00:00+09:00,1059.1624457176695,1079.9303368101728,1054.4424704693733,1064.826416015625,63800,0.0,0.0
2014-10-27 00:00:00+09:00,1066.7144679019325,1083.7063797800165,1066.7144679019325,1076.1544189453125,32200,0.0,0.0
2014-10-28 00:00:00+09:00,1076.1543400741455,1080.8743152499092,1049.722479089868,1056.3304443359375,41100,0.0,0.0
2014-10-29 00:00:00+09:00,1076.1543048796107,1094.0902099609375,1069.5463398496481,1094.0902099609375,43100,0.0,0.0
2014-10-30 00:00:00+09:00,1095.0341879704729,1126.1860226282536,1093.1461979912133,1112.9700927734375,84800,0.0,0.0
2014-10-31 00:00:00+09:00,1110.1382864311195,1182.8259123283951,1100.698335015889,1174.3299560546875,124400,0.0,0.0
2014-11-04 00:00:00+09:00,1227.1935854162377,1235.6895410075808,1142.2340295028057,1146.010009765625,110900,0.0,0.0
2014-11-05 00:00:00+09:00,1130.9062379484724,1197.9298964579393,1125.2422668068273,1185.657958984375,91300,0.0,0.0
2014-11-06 00:00:00+09:00,1213.9776472434019,1213.9776472434019,1162.057918939835,1178.1058349609375,70000,0.0,0.0
2014-11-07 00:00:00+09:00,1178.1058794315404,1178.1058794315404,1139.402080507908,1158.281982421875,47300,0.0,0.0
2014-11-10 00:00:00+09:00,1179.9938725490197,1213.9776960784313,1169.609926470588,1203.59375,165800,0.0,0.0
2014-11-11 00:00:00+09:00,1204.537614375608,1213.9775643315297,1196.9856544108707,1213.0335693359375,40700,0.0,0.0
2014-11-12 00:00:00+09:00,1216.8095456408216,1216.8095456408216,1157.3378610982522,1163.0018310546875,117400,0.0,0.0
2014-11-13 00:00:00+09:00,1159.225926820586,1186.6017833985964,1156.3939416573435,1160.169921875,90400,0.0,0.0
2014-11-14 00:00:00+09:00,1177.1618328544548,1177.1618328544548,1147.897986167616,1160.169921875,75200,0.0,0.0
2014-11-17 00:00:00+09:00,1160.169889013793,1161.113884041469,1142.233983487949,1143.177978515625,44500,0.0,0.0
2014-11-18 00:00:00+09:00,1143.1781055456765,1155.450042269123,1134.6821493525213,1138.4581298828125,87200,0.0,0.0
2014-11-19 00:00:00+09:00,1149.786007903343,1184.7138258774182,1142.2340472602998,1177.161865234375,67600,0.0,0.0
2014-11-20 00:00:00+09:00,1179.0498843291007,1186.6018451574696,1148.842041015625,1148.842041015625,43200,0.0,0.0
2014-11-21 00:00:00+09:00,1142.2340295028057,1159.225940685492,1133.7380739114626,1146.010009765625,73800,0.0,0.0
2014-11-25 00:00:00+09:00,1161.1139568949854,1219.641652283188,1157.3379765473594,1217.753662109375,167800,0.0,0.0
2014-11-26 00:00:00+09:00,1189.4339536159328,1222.4737856608199,1189.4339536159328,1216.809814453125,133700,0.0,0.0
2014-11-27 00:00:00+09:00,1208.3136315485363,1235.6894872633077,1198.8736813020632,1225.3055419921875,73600,0.0,0.0
2014-11-28 00:00:00+09:00,1231.9135670166927,1268.7293747666167,1231.9135670166927,1264.0093994140625,128900,0.0,0.0
2014-12-01 00:00:00+09:00,1272.5053341526218,1281.9452847027153,1251.7374429424158,1260.2333984375,102300,0.0,0.0
2014-12-02 00:00:00+09:00,1246.0736083984375,1254.569564819336,1219.6417439778645,1246.0736083984375,117900,0.0,0.0
2014-12-03 00:00:00+09:00,1236.6335175927006,1271.5613345018073,1236.6335175927006,1264.953369140625,105300,0.0,0.0
2014-12-04 00:00:00+09:00,1274.3933196565997,1274.3933196565997,1259.28939883104,1264.953369140625,62300,0.0,0.0
2014-12-05 00:00:00+09:00,1252.6813417632004,1314.9850106074891,1251.737346780711,1314.041015625,164600,0.0,0.0
2014-12-08 00:00:00+09:00,1341.4170442133088,1364.072926733449,1321.593147008186,1362.1849365234375,256200,0.0,0.0
2014-12-09 00:00:00+09:00,1363.1287547144395,1393.3365941540947,1274.3932263604524,1314.041015625,210500,0.0,0.0
2014-12-10 00:00:00+09:00,1312.1531202957433,1349.9129223186424,1293.2732192842936,1342.3609619140625,135200,0.0,0.0
2014-12-11 00:00:00+09:00,1299.8812570879536,1321.5931444612456,1295.1612815720207,1316.8731689453125,88900,0.0,0.0
2014-12-12 00:00:00+09:00,1299.8811496900476,1319.7050452190897,1298.9371546648551,1302.713134765625,89000,0.0,0.0
2014-12-15 00:00:00+09:00,1276.2814534505208,1317.8172403971353,1276.2814534505208,1291.3853759765625,54300,0.0,0.0
2014-12-16 00:00:00+09:00,1275.337278298494,1284.777228544967,1213.97760169642,1225.3055419921875,141900,0.0,0.0
2014-12-17 00:00:00+09:00,1213.0337878511152,1253.6255799737596,1208.3138120229007,1236.6336669921875,93900,0.0,0.0
2014-12-18 00:00:00+09:00,1264.9534801477294,1264.9534801477294,1218.697718560238,1229.0816650390625,123800,0.0,0.0
2014-12-19 00:00:00+09:00,1242.2974435415472,1250.7933987025456,1225.3055332195504,1234.7454833984375,85700,0.0,0.0
2014-12-22 00:00:00+09:00,1241.3534231164056,1251.7373681006493,1216.8095531536478,1235.689453125,41000,0.0,0.0
2014-12-24 00:00:00+09:00,1249.849436672205,1258.345392057439,1237.577501115756,1251.7374267578125,35100,0.0,0.0
2014-12-25 00:00:00+09:00,1255.5132804429236,1262.1212450768337,1247.0173259136106,1256.457275390625,58200,0.0,0.0
2014-12-26 00:00:00+09:00,1260.2334491703982,1266.8414148214788,1251.7374933332942,1258.345458984375,60000,0.0,0.0
2014-12-29 00:00:00+09:00,1267.785303607605,1271.5612836630262,1255.513368427487,1266.84130859375,54700,0.0,0.0
2014-12-30 00:00:00+09:00,1260.2334379553342,1260.2334379553342,1239.4655460938982,1245.1295166015625,22900,0.0,0.0
2015-01-05 00:00:00+09:00,1244.1855772064953,1253.6255284751335,1221.529694161764,1238.5216064453125,43300,0.0,0.0
2015-01-06 00:00:00+09:00,1211.1458432454301,1232.8577328749273,1202.6498864338876,1216.809814453125,85700,0.0,0.0
2015-01-07 00:00:00+09:00,1204.5376989976417,1212.0896594929245,1191.3217681308963,1200.76171875,48700,0.0,0.0
2015-01-08 00:00:00+09:00,1198.8738195976002,1206.4257806659316,1168.6659753242748,1183.7698974609375,91400,0.0,0.0
2015-01-09 00:00:00+09:00,1171.4979186112676,1181.8818647069354,1147.898041121113,1153.56201171875,71400,0.0,0.0
2015-01-13 00:00:00+09:00,1140.346011426847,1140.346011426847,1105.418194851687,1124.298095703125,111700,0.0,0.0
2015-01-14 00:00:00+09:00,1118.634164623504,1127.130120304189,1106.3622286402926,1109.1942138671875,38200,0.0,0.0
2015-01-15 00:00:00+09:00,1109.194018372644,1145.06582492427,1109.194018372644,1139.40185546875,64600,0.0,0.0
2015-01-16 00:00:00+09:00,1120.522052904212,1120.522052904212,1078.9862733525815,1085.59423828125,103900,0.0,0.0
2015-01-19 00:00:00+09:00,1098.8102404276528,1098.8102404276528,1081.8183294932046,1087.4822998046875,33500,0.0,0.0
2015-01-20 00:00:00+09:00,1100.6983204706478,1165.833984375,1088.4263837930162,1165.833984375,93200,0.0,0.0
2015-01-21 00:00:00+09:00,1167.7219269607242,1168.665922051234,1132.7941086118585,1140.3460693359375,77300,0.0,0.0
2015-01-22 00:00:00+09:00,1133.738204905361,1141.290166303565,1125.2422483323817,1136.5701904296875,46400,0.0,0.0
2015-01-23 00:00:00+09:00,1143.1780656230821,1178.1058843085107,1142.234070523476,1153.56201171875,27200,0.0,0.0
2015-01-26 00:00:00+09:00,1153.5618140146685,1156.393798828125,1137.5139000717475,1156.393798828125,14000,0.0,0.0
2015-01-27 00:00:00+09:00,1166.777994922503,1182.8259123283951,1158.2820386487956,1174.3299560546875,60400,0.0,0.0
2015-01-28 00:00:00+09:00,1176.2176925223214,1178.1056823979593,1149.7858342633929,1156.393798828125,41900,0.0,0.0
2015-01-29 00:00:00+09:00,1156.3939907108856,1156.3939907108856,1134.6821035383546,1135.6260986328125,31500,0.0,0.0
2015-01-30 00:00:00+09:00,1148.8419561618712,1166.777861804497,1144.1219809927593,1161.1138916015625,59400,0.0,0.0
2015-02-02 00:00:00+09:00,1156.393925401031,1158.2819154833185,1142.2339997838756,1151.6739501953125,53800,0.0,0.0
2015-02-03 00:00:00+09:00,1151.6740611119924,1153.5620513761105,1112.970260697573,1115.80224609375,51000,0.0,0.0
2015-02-04 00:00:00+09:00,1143.1781055456765,1147.8980812085406,1131.8501639548028,1138.4581298828125,75900,0.0,0.0
2015-02-05 00:00:00+09:00,1139.402119354531,1146.0100852497103,1113.9142509016954,1120.522216796875,62400,0.0,0.0
2015-02-06 00:00:00+09:00,1125.242104458971,1129.9620797293526,1110.13818359375,1110.13818359375,79500,0.0,0.0
2015-02-09 00:00:00+09:00,1132.7940436353456,1173.3858301989453,1102.5862024717362,1106.3621826171875,127000,0.0,0.0
2015-02-10 00:00:00+09:00,1098.8102223262852,1112.970147871727,1098.8102223262852,1106.3621826171875,35900,0.0,0.0
2015-02-12 00:00:00+09:00,1118.6341950585436,1139.4020872874787,1102.5862783361847,1103.5302734375,71500,0.0,0.0
2015-02-13 00:00:00+09:00,1109.194172235667,1109.194172235667,1099.7542218336614,1101.6422119140625,48100,0.0,0.0
2015-02-16 00:00:00+09:00,1112.9700927734375,1132.7939875556615,1105.4181328563998,1112.9700927734375,51700,0.0,0.0
2015-02-17 00:00:00+09:00,1119.5782522367738,1147.898106846473,1119.5782522367738,1137.51416015625,68400,0.0,0.0
2015-02-18 00:00:00+09:00,1148.842127701769,1168.6660263720541,1129.9622242062592,1136.5701904296875,89300,0.0,0.0
2015-02-19 00:00:00+09:00,1129.962095787529,1176.2178540946209,1129.962095787529,1168.6658935546875,71500,0.0,0.0
2015-02-20 00:00:00+09:00,1167.721912549347,1171.4978928647856,1142.2340454201376,1154.5059814453125,62500,0.0,0.0
2015-02-23 00:00:00+09:00,1154.5060471365503,1175.273940053152,1131.8501639548028,1138.4581298828125,99100,0.0,0.0
2015-02-24 00:00:00+09:00,1132.794000157167,1148.8419151593935,1125.2420401561192,1126.18603515625,75400,0.0,0.0
2015-02-25 00:00:00+09:00,1128.0741059508505,1154.5059678476068,1112.9701848669897,1118.6341552734375,111800,0.0,0.0
2015-02-26 00:00:00+09:00,1137.5141703713389,1138.4581655334728,1123.3542429393306,1128.07421875,57600,0.0,0.0
2015-02-27 00:00:00+09:00,1128.0741460716958,1129.9621362743264,1103.5302734375,1103.5302734375,157500,0.0,0.0
2015-03-02 00:00:00+09:00,1104.474229257318,1125.2421207476266,1104.474229257318,1118.6341552734375,78700,0.0,0.0
2015-03-03 00:00:00+09:00,1118.634164623504,1121.466149850399,1104.4742384890294,1109.1942138671875,62700,0.0,0.0
2015-03-04 00:00:00+09:00,1109.19434115418,1112.970321890024,1100.698384498531,1104.474365234375,69000,0.0,0.0
2015-03-05 00:00:00+09:00,1102.5861100316251,1107.3060848177195,1099.7541251599687,1100.6981201171875,44300,0.0,0.0
2015-03-06 00:00:00+09:00,1096.9223281066843,1108.250269532915,1086.5383817993059,1107.3062744140625,136800,0.0,0.0
2015-03-09 00:00:00+09:00,1109.1942549356443,1118.6342060414795,1105.4182744933103,1116.7462158203125,67400,0.0,0.0
2015-03-10 00:00:00+09:00,1113.914087763067,1122.4100426697346,1105.4181328563998,1112.9700927734375,125300,0.0,0.0
2015-03-11 00:00:00+09:00,1126.1861111681,1129.0180963596376,1110.1381950827206,1123.3541259765625,60900,0.0,0.0
2015-03-12 00:00:00+09:00,1118.6342060414795,1124.2981767049807,1112.0262402673948,1116.7462158203125,70300,0.0,0.0
2015-03-13 00:00:00+09:00,1114.8580870230317,1115.8020820162772,1105.4181370905758,1108.2501220703125,131000,0.0,0.0
2015-03-16 00:00:00+09:00,1105.4183604183359,1108.250345970219,1095.034413394765,1104.474365234375,79200,0.0,0.0
2015-03-17 00:00:00+09:00,1102.5862783361847,1109.1942440453913,1097.8663028296087,1103.5302734375,41000,0.0,0.0
2015-03-18 00:00:00+09:00,1101.6422281070631,1112.9701687559789,1101.6422281070631,1110.13818359375,54300,0.0,0.0
2015-03-19 00:00:00+09:00,1110.138336338141,1110.138336338141,1097.866398946648,1104.474365234375,66900,0.0,0.0
2015-03-20 00:00:00+09:00,1101.642219118887,1122.4101101391232,1099.7542290261383,1119.578125,95200,0.0,0.0
2015-03-23 00:00:00+09:00,1129.9622242062592,1138.4581807792385,1121.4662676332798,1136.5701904296875,92000,0.0,0.0
2015-03-24 00:00:00+09:00,1132.7939705614053,1134.681960512341,1110.1380911501772,1131.8499755859375,66300,0.0,0.0
2015-03-25 00:00:00+09:00,1133.7381641808959,1148.842086434763,1118.6342419270288,1129.0181884765625,84600,0.0,0.0
2015-03-26 00:00:00+09:00,1128.0742338567081,1140.3461711287896,1123.3542579828306,1136.5701904296875,189800,0.0,0.0
2015-03-27 00:00:00+09:00,1132.7940482406811,1144.121988723088,1095.0342466326586,1101.6422119140625,98600,0.0,0.0
2015-03-30 00:00:00+09:00,1099.7541674484853,1100.6981624420032,1072.3783126364629,1080.874267578125,126000,0.0,0.0
2015-03-31 00:00:00+09:00,1079.930465684939,1092.2024027949951,1077.098480198003,1082.762451171875,70100,0.0,0.0
2015-04-01 00:00:00+09:00,1082.7623173578165,1085.5943024947594,1053.4984709427406,1069.54638671875,86800,0.0,0.0
2015-04-02 00:00:00+09:00,1057.274592177673,1071.434519751481,1047.834640461801,1050.6666259765625,143600,0.0,0.0
2015-04-03 00:00:00+09:00,1062.9384213992166,1069.54638671875,1048.7784957145025,1069.54638671875,58200,0.0,0.0
2015-04-06 00:00:00+09:00,1069.546374828076,1070.4903698632288,1049.722479089868,1056.3304443359375,44600,0.0,0.0
2015-04-07 00:00:00+09:00,1061.0504863732237,1072.378427508881,1060.1064912785857,1062.9384765625,54800,0.0,0.0
2015-04-08 00:00:00+09:00,1068.6024263487357,1083.7063475692123,1058.2184805096576,1059.1624755859375,76400,0.0,0.0
2015-04-09 00:00:00+09:00,1059.1625263759067,1061.9945117405482,1049.7225751604353,1057.2745361328125,79600,0.0,0.0
2015-04-10 00:00:00+09:00,1055.3865253626232,1057.2745155689963,1048.778559640317,1053.49853515625,82700,0.0,0.0
2015-04-13 00:00:00+09:00,1053.4984592304793,1059.1624294413957,1049.722479089868,1056.3304443359375,54300,0.0,0.0
2015-04-14 00:00:00+09:00,1053.498566158234,1075.2104541704557,1053.498566158234,1070.490478515625,61200,0.0,0.0
2015-04-15 00:00:00+09:00,1071.4343603819714,1073.3223504443185,1061.0504150390625,1061.0504150390625,30600,0.0,0.0
2015-04-16 00:00:00+09:00,1071.434383922153,1091.2582800123425,1071.434383922153,1087.4822998046875,95700,0.0,0.0
2015-04-17 00:00:00+09:00,1078.0422445236584,1083.7062142847285,1061.0503352404482,1068.602294921875,64100,0.0,0.0
2015-04-20 00:00:00+09:00,1061.994465526557,1068.6024310898333,1052.5545147218763,1054.4425048828125,68800,0.0,0.0
2015-04-21 00:00:00+09:00,1054.4426066629114,1057.274592177673,1047.834640461801,1050.6666259765625,69600,0.0,0.0
2015-04-22 00:00:00+09:00,1053.4983626418548,1056.3303474876664,1050.6663777960434,1055.3863525390625,48900,0.0,0.0
2015-04-23 00:00:00+09:00,1055.3865046878511,1057.2744948572392,1044.0585636715236,1049.7225341796875,173500,0.0,0.0
2015-04-24 00:00:00+09:00,1050.6665498466903,1058.2185106721831,1047.8345645371303,1053.49853515625,89800,0.0,0.0
2015-04-27 00:00:00+09:00,1054.4424246961805,1065.7703648003471,1051.610439670139,1061.994384765625,60400,0.0,0.0
2015-04-28 00:00:00+09:00,1065.7704523650693,1079.9303786586709,1065.7704523650693,1072.37841796875,59500,0.0,0.0
2015-04-30 00:00:00+09:00,1066.7144106884462,1069.546395849566,1058.218455205087,1060.1064453125,43800,0.0,0.0
2015-05-01 00:00:00+09:00,1052.554447758305,1064.8263830236485,1047.83447265625,1047.83447265625,53200,0.0,0.0
2015-05-07 00:00:00+09:00,1048.7784255455279,1051.6104104929957,1040.282470703125,1040.282470703125,88200,0.0,0.0
2015-05-08 00:00:00+09:00,1053.4985364412007,1078.9864042583265,1053.4985364412007,1076.1544189453125,120000,0.0,0.0
2015-05-11 00:00:00+09:00,1091.2582699609727,1091.2582699609727,1045.9465078864687,1046.8905029296875,142800,0.0,0.0
2015-05-12 00:00:00+09:00,1047.8344305630387,1050.6664155105063,1031.786515860722,1040.282470703125,127700,0.0,0.0
2015-05-13 00:00:00+09:00,1045.0024285626216,1045.0024285626216,1031.7864990234375,1031.7864990234375,55700,0.0,0.0
2015-05-14 00:00:00+09:00,1032.7305384562023,1036.506518487121,1021.402598363447,1023.2905883789062,77600,0.0,0.0
2015-05-15 00:00:00+09:00,1028.01070130919,1035.5626623840049,1017.6267548313193,1020.458740234375,59100,0.0,0.0
2015-05-18 00:00:00+09:00,1022.3465994634724,1034.6185346370876,1022.3465994634724,1029.8985595703125,32000,0.0,0.0
2015-05-19 00:00:00+09:00,1034.618642631103,1044.05859375,1034.618642631103,1044.05859375,42100,0.0,0.0
2015-05-20 00:00:00+09:00,1044.058496977517,1048.7784720994769,1038.3945268311652,1043.114501953125,37200,0.0,0.0
2015-05-21 00:00:00+09:00,1043.1144556505926,1046.8904355805496,1038.3944807381465,1040.282470703125,32000,0.0,0.0
2015-05-22 00:00:00+09:00,1044.058619699402,1066.714502947852,1043.11462456405,1065.7705078125,104000,0.0,0.0
2015-05-25 00:00:00+09:00,1063.8824001325831,1074.266345475492,1059.1624249767153,1061.0504150390625,75100,0.0,0.0
2015-05-26 00:00:00+09:00,1064.8265126771478,1070.4904834892604,1062.9385224064438,1065.7705078125,60000,0.0,0.0
2015-05-27 00:00:00+09:00,1065.7702969737045,1069.5462767681197,1052.5543676932512,1055.3863525390625,41400,0.0,0.0
2015-05-28 00:00:00+09:00,1067.6584360093652,1067.6584360093652,1051.6105196414082,1054.4425048828125,30900,0.0,0.0
2015-05-29 00:00:00+09:00,1059.1623997395834,1064.8263697916666,1049.7224496527776,1061.994384765625,45000,0.0,0.0
2015-06-01 00:00:00+09:00,1054.44261710339,1061.9945785508628,1039.3386942084444,1041.2266845703125,89400,0.0,0.0
2015-06-02 00:00:00+09:00,1040.2825975583266,1042.1705877535323,1034.6186269727098,1035.5626220703125,56900,0.0,0.0
2015-06-03 00:00:00+09:00,1039.3384842086623,1041.2264741890597,1026.122554345882,1030.842529296875,79400,0.0,0.0
2015-06-04 00:00:00+09:00,1037.4504688259449,1038.3944637930294,1028.9545141221838,1031.7864990234375,50300,0.0,0.0
2015-06-05 00:00:00+09:00,1030.842573932003,1030.842573932003,1017.6266434969774,1022.3466186523438,100000,0.0,0.0
2015-06-08 00:00:00+09:00,1023.2905355272346,1025.1785254451815,1012.9065909785265,1013.8505859375,91200,0.0,0.0
2015-06-09 00:00:00+09:00,1010.0746801734759,1013.850660286274,998.7467398350818,999.6907348632812,181800,0.0,0.0
2015-06-10 00:00:00+09:00,999.6908417610125,1005.3548125358624,997.8028515027291,1002.5228271484375,98500,0.0,0.0
2015-06-11 00:00:00+09:00,1004.4108174067208,1008.1867979232874,998.7468466318708,1002.5228271484375,81300,0.0,0.0
2015-06-12 00:00:00+09:00,998.7467697158046,1005.3547351108997,993.0827993771516,994.0267944335938,110600,0.0,0.0
2015-06-15 00:00:00+09:00,994.0268245139573,997.8028048539913,985.5308687488807,988.3628540039062,93500,0.0,0.0
2015-06-16 00:00:00+09:00,983.6428880682332,984.5868831623486,973.258942032964,978.9229125976562,120900,0.0,0.0
2015-06-17 00:00:00+09:00,983.6428030831473,994.970743233817,979.8668230329241,991.1947631835938,81100,0.0,0.0
2015-06-18 00:00:00+09:00,986.4748420308332,989.3068272232662,973.2589111328125,973.2589111328125,62900,0.0,0.0
2015-06-19 00:00:00+09:00,975.1469069758363,984.5868576726014,973.2589168364832,979.8668823242188,44300,0.0,0.0
2015-06-22 00:00:00+09:00,988.3627755791648,1007.24267578125,986.4747855589562,1007.24267578125,99200,0.0,0.0
2015-06-23 00:00:00+09:00,1010.0746249257959,1010.0746249257959,994.9707053007372,1006.2986450195312,85300,0.0,0.0
2015-06-24 00:00:00+09:00,1009.1307626788537,1011.9627479810393,1003.4667920744821,1008.186767578125,89100,0.0,0.0
2015-06-25 00:00:00+09:00,1005.3546500429651,1010.0746249257959,1000.6346751601343,1006.2986450195312,52800,0.0,0.0
2015-06-26 00:00:00+09:00,1002.5228832660694,1003.4668784480525,991.194941082272,995.9149169921875,65200,0.0,0.0
2015-06-29 00:00:00+09:00,981.7548884088468,1008.186750789085,974.2029277287787,988.3628540039062,128100,0.0,0.0
2015-06-30 00:00:00+09:00,988.3628048191196,1002.5227303895941,984.586824666993,1001.5787353515625,68500,0.0,0.0
2015-07-01 00:00:00+09:00,997.8027688020958,1001.5787490056988,985.530833140386,987.4188232421875,58000,0.0,0.0
2015-07-02 00:00:00+09:00,997.8027944172399,1000.6347796426435,984.5868633653558,986.474853515625,32300,0.0,0.0
2015-07-03 00:00:00+09:00,992.1388077312455,992.1388077312455,977.9788818359375,977.9788818359375,33400,0.0,0.0
2015-07-06 00:00:00+09:00,973.2589204584583,974.2029155316479,963.8189697265625,963.8189697265625,58400,0.0,0.0
2015-07-07 00:00:00+09:00,972.3149613531601,974.2029515693798,963.8190053801713,964.7630004882812,41400,0.0,0.0
2015-07-08 00:00:00+09:00,964.7629579707772,968.5389382368077,945.883056640625,945.883056640625,86700,0.0,0.0
2015-07-09 00:00:00+09:00,943.9950607529837,945.8830508744896,897.7393027760875,939.2750854492188,143300,0.0,0.0
2015-07-10 00:00:00+09:00,938.3311662946429,938.3311662946429,920.3952586894133,925.115234375,65400,0.0,0.0
2015-07-13 00:00:00+09:00,927.94715390278,939.2750947439126,926.0591637625912,929.8351440429688,41100,0.0,0.0
2015-07-14 00:00:00+09:00,933.6111465860802,960.9870042716175,933.6111465860802,956.2670288085938,53000,0.0,0.0
2015-07-15 00:00:00+09:00,960.9870200558418,964.7630004882812,956.2670445152925,964.7630004882812,51800,0.0,0.0
2015-07-16 00:00:00+09:00,966.6509433962265,966.6509433962265,945.8830520341982,950.60302734375,46300,0.0,0.0
2015-07-17 00:00:00+09:00,948.7150314331055,948.7150314331055,939.2750808715821,943.9950561523438,37100,0.0,0.0
2015-07-21 00:00:00+09:00,950.6030308578954,950.6030308578954,932.6671246152936,934.5551147460938,44300,0.0,0.0
2015-07-22 00:00:00+09:00,929.8351023116644,929.8351023116644,918.5071619789335,922.2831420898438,55800,0.0,0.0
2015-07-23 00:00:00+09:00,922.2831420898438,927.9471122562093,920.3951520343886,922.2831420898438,38000,0.0,0.0
2015-07-24 00:00:00+09:00,922.2831766511589,922.2831766511589,908.1232507046211,911.8992309570312,67300,0.0,0.0
2015-07-27 00:00:00+09:00,910.9552347435142,910.9552347435142,896.7953088148586,900.5712890625,65000,0.0,0.0
2015-07-28 00:00:00+09:00,896.7953593791032,905.2913154153263,889.243398458016,898.683349609375,44300,0.0,0.0
2015-07-29 00:00:00+09:00,907.1792591605473,908.1232542273116,892.0753380923176,895.851318359375,42400,0.0,0.0
2015-07-30 00:00:00+09:00,896.7953332299,899.6273184927313,886.4113872661853,888.2993774414062,86400,0.0,0.0
2015-07-31 00:00:00+09:00,887.3553348154022,889.2433248894775,868.475434074649,874.139404296875,199500,0.0,0.0
2015-08-03 00:00:00+09:00,874.1394646642506,874.1394646642506,859.9795381308123,862.8115234375,118900,0.0,0.0
2015-08-04 00:00:00+09:00,860.9235079405738,867.5314734620475,859.0355177915814,863.7554931640625,68500,0.0,0.0
2015-08-05 00:00:00+09:00,860.9234827033297,874.1394133588633,859.035492609682,864.699462890625,65200,0.0,0.0
2015-08-06 00:00:00+09:00,863.7554151565633,884.5233049198906,863.7554151565633,882.6353149414062,73300,0.0,0.0
2015-08-07 00:00:00+09:00,870.3633964667886,895.8512616561632,870.3633964667886,891.1312866210938,90700,0.0,0.0
2015-08-10 00:00:00+09:00,859.0354674827051,888.2993130782698,859.0354674827051,865.6434326171875,180500,0.0,0.0
2015-08-11 00:00:00+09:00,867.5314435099417,876.9713939289835,865.6434534261333,869.41943359375,54500,0.0,0.0
2015-08-12 00:00:00+09:00,869.419443975678,881.6913796669742,864.6994687097948,871.3074340820312,77000,0.0,0.0
2015-08-13 00:00:00+09:00,871.3074501266807,884.5233811145176,871.3074501266807,879.8034057617188,57100,0.0,0.0
2015-08-14 00:00:00+09:00,877.9154052734375,883.5793756300403,871.3074398574009,877.9154052734375,36800,0.0,0.0
2015-08-17 00:00:00+09:00,884.523452726115,885.4674478731013,874.1395061092662,881.6914672851562,38400,0.0,0.0
2015-08-18 00:00:00+09:00,887.3553720297524,892.0753474128893,883.5793917232428,886.411376953125,33500,0.0,0.0
2015-08-19 00:00:00+09:00,880.7473846137975,886.4113549328573,870.3634390288546,871.3074340820312,52600,0.0,0.0
2015-08-20 00:00:00+09:00,867.5314466763388,871.3074268577374,850.5395358600448,853.3715209960938,126400,0.0,0.0
2015-08-21 00:00:00+09:00,842.9876391431824,848.6516098429125,811.8358002946661,814.6677856445312,179700,0.0,0.0
2015-08-24 00:00:00+09:00,772.1880039275053,810.8918036353632,771.2440088126796,780.6839599609375,197100,0.0,0.0
2015-08-25 00:00:00+09:00,759.9161233061953,779.7400221750527,728.7642822265625,728.7642822265625,278400,0.0,0.0
2015-08-26 00:00:00+09:00,733.4841654406515,733.4841654406515,715.548259207225,723.1002197265625,274100,0.0,0.0
2015-08-27 00:00:00+09:00,732.5401386461759,741.0360938624332,716.4922232376902,717.4362182617188,256900,0.0,0.0
2015-08-28 00:00:00+09:00,724.988236003861,741.9801477852014,724.988236003861,733.4841918945312,257700,0.0,0.0
2015-08-31 00:00:00+09:00,739.148116000863,741.0361060800478,724.9881904069767,730.6521606445312,204300,0.0,0.0
2015-09-01 00:00:00+09:00,726.8762715657551,737.2602183024088,699.5004119873047,702.3323974609375,218800,0.0,0.0
2015-09-02 00:00:00+09:00,698.5564065175513,705.1643725251498,684.3964793584117,689.116455078125,155900,0.0,0.0
2015-09-03 00:00:00+09:00,699.5003008395033,717.4362059892342,698.5563058316228,704.2202758789062,115000,0.0,0.0
2015-09-04 00:00:00+09:00,707.0523311551763,708.9403213585279,678.7324781049023,683.4524536132812,120000,0.0,0.0
2015-09-07 00:00:00+09:00,677.7884883854523,693.8364052413752,671.1805226212487,690.0604248046875,62400,0.0,0.0
2015-09-08 00:00:00+09:00,686.2843190068784,707.0522076150645,686.2843190068784,694.7802734375,66500,0.0,0.0
2015-09-09 00:00:00+09:00,707.9963383712168,724.0442553742977,704.2203578999037,719.3242797851562,93000,0.0,0.0
2015-09-10 00:00:00+09:00,712.7162117793641,713.6602067618534,691.9483221646012,711.772216796875,68000,0.0,0.0
2015-09-11 00:00:00+09:00,725.9322162334736,739.1481473482572,723.1002309945914,736.316162109375,103900,0.0,0.0
2015-09-14 00:00:00+09:00,736.3161771914213,742.9241428841648,727.8202213007511,733.4841918945312,52200,0.0,0.0
2015-09-15 00:00:00+09:00,733.4841768704928,742.9241276667668,732.5401817908654,736.316162109375,49200,0.0,0.0
2015-09-16 00:00:00+09:00,739.148048515895,756.1399576771798,737.2600586090855,751.4199829101562,73300,0.0,0.0
2015-09-17 00:00:00+09:00,758.9720554303763,770.2999965562027,749.5321044921875,749.5321044921875,91600,0.0,0.0
2015-09-18 00:00:00+09:00,741.036137507512,742.9241276667668,726.876211313101,736.316162109375,72400,0.0,0.0
2015-09-24 00:00:00+09:00,726.8762925091911,730.6522732494986,702.3324176971925,706.1083984375,116700,0.0,0.0
2015-09-25 00:00:00+09:00,706.1083085580532,723.1002197265625,703.2763233633017,723.1002197265625,63800,0.0,0.0
2015-09-28 00:00:00+09:00,724.0442251364391,730.6521906852722,703.2763334115347,724.9882202148438,84000,0.0,0.0
2015-09-29 00:00:00+09:00,724.0442194493779,725.932209591358,707.9963032425468,718.3802490234375,88300,0.0,0.0
2015-09-30 00:00:00+09:00,718.3802465511274,749.5320837865902,718.3802465511274,745.756103515625,77700,0.0,0.0
2015-10-01 00:00:00+09:00,745.7560767197027,783.5158780725991,736.3161263814787,774.075927734375,142900,0.0,0.0
2015-10-02 00:00:00+09:00,764.6360116777079,777.8519427437423,745.7561101548015,763.6920166015625,59700,0.0,0.0
2015-10-05 00:00:00+09:00,763.6920371718365,776.907968593846,761.8040469686923,767.468017578125,49600,0.0,0.0
2015-10-06 00:00:00+09:00,779.7398906354383,804.28376128498,778.795895610456,794.8438110351562,85200,0.0,0.0
2015-10-07 00:00:00+09:00,794.8438799633763,846.7636108398438,794.8438799633763,846.7636108398438,134300,0.0,0.0
2015-10-08 00:00:00+09:00,838.2676114297327,841.0995966034818,812.7797448659908,816.5557250976562,92300,0.0,0.0
2015-10-09 00:00:00+09:00,828.8276770829609,832.6036573885781,813.7237558604924,825.0516967773438,57200,0.0,0.0
2015-10-13 00:00:00+09:00,825.0516595607851,831.6596247975419,808.0597489519818,812.7797241210938,51500,0.0,0.0
2015-10-14 00:00:00+09:00,812.7797377566073,812.7797377566073,795.787826862741,798.6198120117188,42900,0.0,0.0
2015-10-15 00:00:00+09:00,798.6198484622836,816.5557552244388,797.6758533695386,810.8917846679688,35000,0.0,0.0
2015-10-16 00:00:00+09:00,815.6117137302862,817.4997038083656,807.1157583789291,808.0597534179688,34900,0.0,0.0
2015-10-19 00:00:00+09:00,808.059751971638,808.059751971638,785.4038710752369,796.7318115234375,64100,0.0,0.0
2015-10-20 00:00:00+09:00,803.3398023358726,803.3398023358726,792.9558565947509,795.787841796875,23000,0.0,0.0
2015-10-21 00:00:00+09:00,795.7878383192905,812.7797494577807,795.7878383192905,811.8357543945312,41700,0.0,0.0
2015-10-22 00:00:00+09:00,812.7797241210938,824.1076645269627,809.9477390196265,812.7797241210938,33500,0.0,0.0
2015-10-23 00:00:00+09:00,825.9956803432731,828.8276655330214,809.9477642680323,811.8357543945312,42300,0.0,0.0
2015-10-26 00:00:00+09:00,825.9957320206648,825.9957320206648,809.0038198190969,809.9478149414062,42100,0.0,0.0
2015-10-27 00:00:00+09:00,808.0598499907545,815.6118112056213,797.6759033203125,797.6759033203125,34800,0.0,0.0
2015-10-28 00:00:00+09:00,798.6197744234413,804.2837444548132,785.4038443502401,786.3478393554688,48800,0.0,0.0
2015-10-29 00:00:00+09:00,785.4038504464286,796.7317905970982,785.4038504464286,792.955810546875,93000,0.0,0.0
2015-10-30 00:00:00+09:00,790.1239165162011,798.6198726077731,778.7959750607718,787.2919311523438,78600,0.0,0.0
2015-11-02 00:00:00+09:00,782.5718636627934,792.95580877774,780.683873641894,781.6278686523438,33200,0.0,0.0
2015-11-04 00:00:00+09:00,784.4599457884864,795.7878872439159,784.4599457884864,787.2919311523438,29000,0.0,0.0
2015-11-05 00:00:00+09:00,791.0679116374869,795.7878872439159,781.627960424629,787.2919311523438,23000,0.0,0.0
2015-11-06 00:00:00+09:00,792.9559018800585,792.9559018800585,779.7399701820575,787.2919311523438,32900,0.0,0.0
2015-11-09 00:00:00+09:00,788.2359136376677,837.3236591576183,788.2359136376677,835.4356689453125,162000,0.0,0.0
2015-11-10 00:00:00+09:00,828.8276677886824,839.2116135126865,819.3877171304971,834.4916381835938,53900,0.0,0.0
2015-11-11 00:00:00+09:00,828.8276471224698,835.4356124184349,822.2196818265047,830.7156372070312,49400,0.0,0.0
2015-11-12 00:00:00+09:00,840.1556179998123,840.1556179998123,818.4437312425138,825.0516967773438,87100,0.0,0.0
2015-11-13 00:00:00+09:00,825.0517270136539,825.9957221246535,811.8357954596594,819.3877563476562,39900,0.0,0.0
2015-11-16 00:00:00+09:00,810.8918051780444,816.5557758777746,799.5638637785839,814.6677856445312,40300,0.0,0.0
2015-11-17 00:00:00+09:00,825.0517173541162,828.8276977539062,818.4437516544838,828.8276977539062,38000,0.0,0.0
2015-11-18 00:00:00+09:00,830.715646327227,838.2676067483836,820.3317007481367,821.2756958007812,48900,0.0,0.0
2015-11-19 00:00:00+09:00,830.7157184005877,830.7157184005877,821.2757670551265,823.1637573242188,53800,0.0,0.0
2015-11-20 00:00:00+09:00,826.9397172356531,842.0436390116467,814.6677807926583,819.3877563476562,110500,0.0,0.0
2015-11-24 00:00:00+09:00,815.611704766888,821.2756749388803,811.8357246522265,817.4996948242188,144100,0.0,0.0
2015-11-25 00:00:00+09:00,814.6677489516314,814.6677489516314,798.6198326918658,802.3958129882812,107100,0.0,0.0
2015-11-26 00:00:00+09:00,802.395807268498,804.2837974032473,791.0678664600015,795.787841796875,115600,0.0,0.0
2015-11-27 00:00:00+09:00,792.9558376736111,795.7878228081597,764.635986328125,764.635986328125,153200,0.0,0.0
2015-11-30 00:00:00+09:00,765.5800280391809,788.2359104965673,765.5800280391809,778.7959594726562,79500,0.0,0.0
2015-12-01 00:00:00+09:00,783.5158543397828,792.9558043920694,783.5158543397828,786.3478393554688,95200,0.0,0.0
2015-12-02 00:00:00+09:00,791.0678923917319,808.0598041614827,791.0678923917319,806.1718139648438,101000,0.0,0.0
2015-12-03 00:00:00+09:00,806.1717633398894,810.8917385350877,804.28377326181,808.0597534179688,54600,0.0,0.0
2015-12-04 00:00:00+09:00,803.3398286698853,813.7237747513997,802.3958335715657,806.1718139648438,50100,0.0,0.0
2015-12-07 00:00:00+09:00,807.1158295744782,814.6677905529529,806.1718344521689,809.9478149414062,47500,0.0,0.0
2015-12-08 00:00:00+09:00,811.8357290872714,814.6677141887386,804.2837688166921,812.7797241210938,64700,0.0,0.0
2015-12-09 00:00:00+09:00,803.339711111763,808.0596859126546,800.5077262312279,801.4517211914062,93300,0.0,0.0
2015-12-10 00:00:00+09:00,800.5078228400736,809.9477735811122,800.5078228400736,802.3958129882812,67400,0.0,0.0
2015-12-11 00:00:00+09:00,802.3957743655727,823.1636649962111,802.3957743655727,817.4996948242188,115900,0.0,0.0
2015-12-14 00:00:00+09:00,803.3398641664382,808.0598398665935,797.6758933262518,807.1158447265625,74600,0.0,0.0
2015-12-15 00:00:00+09:00,807.115789355922,829.7716711624039,804.2838041301117,813.7237548828125,104400,0.0,0.0
2015-12-16 00:00:00+09:00,813.7237477983748,846.7635751451766,813.7237477983748,845.819580078125,207200,0.0,0.0
2015-12-17 00:00:00+09:00,850.5395240332975,887.3553302900107,848.6515339688507,878.859375,255800,0.0,0.0
2015-12-18 00:00:00+09:00,874.1393602383847,875.0833552278431,854.3154654597605,855.2594604492188,114300,0.0,0.0
2015-12-21 00:00:00+09:00,849.5955499226616,865.6434658656451,836.3796191460868,843.9315795898438,97200,0.0,0.0
2015-12-22 00:00:00+09:00,847.707535950851,868.475426586618,842.9875608063586,856.2034912109375,91500,0.0,0.0
2015-12-24 00:00:00+09:00,856.2034912109375,877.915376875603,854.3155011531405,856.2034912109375,141700,0.0,0.0
2015-12-25 00:00:00+09:00,856.2034912109375,856.2034912109375,856.2034912109375,856.2034912109375,0,0.0,0.0
2015-12-28 00:00:00+09:00,868.4754399241359,886.4113457486561,864.6994597505527,880.7473754882812,81500,0.0,0.0
2015-12-29 00:00:00+09:00,883.5794129376636,901.5153198242188,882.6354178383713,901.5153198242188,81700,0.0,0.0
2015-12-30 00:00:00+09:00,898.6834003662617,910.9553375561371,893.9634245240019,908.1233520507812,69000,0.0,0.0
2016-01-04 00:00:00+09:00,908.1232495577831,911.8992298054246,896.7953088148586,900.5712890625,55800,0.0,0.0
2016-01-05 00:00:00+09:00,887.3554333226539,907.1793313011386,884.523447897156,897.7393798828125,80300,0.0,0.0
2016-01-06 00:00:00+09:00,894.9073141374479,918.5071905651231,894.9073141374479,905.291259765625,96200,0.0,0.0
2016-01-07 00:00:00+09:00,902.4592267052602,909.0671917543573,890.1872916140799,891.1312866210938,103500,0.0,0.0
2016-01-08 00:00:00+09:00,880.747390451739,899.627291640415,877.9154052734375,877.9154052734375,105200,0.0,0.0
2016-01-12 00:00:00+09:00,874.1394320896694,874.1394320896694,845.819580078125,845.819580078125,82000,0.0,0.0
2016-01-13 00:00:00+09:00,842.9876015251451,867.5314734620475,842.9876015251451,863.7554931640625,62200,0.0,0.0
2016-01-14 00:00:00+09:00,848.6515867668286,861.8675180401718,841.0996260392038,860.9235229492188,75100,0.0,0.0
2016-01-15 00:00:00+09:00,860.9235011509487,871.307446888515,843.9315899440221,845.819580078125,52600,0.0,0.0
2016-01-18 00:00:00+09:00,839.2116499850848,849.5955961603784,836.3796646645503,846.7636108398438,53900,0.0,0.0
2016-01-19 00:00:00+09:00,842.0436556495387,856.2035825943179,835.435689741975,850.5396118164062,52500,0.0,0.0
2016-01-20 00:00:00+09:00,839.2116229234081,841.0996130762165,824.1077017009395,825.0516967773438,61700,0.0,0.0
2016-01-21 00:00:00+09:00,803.3398231407265,833.5476660790382,797.6758525897931,799.5638427734375,71500,0.0,0.0
2016-01-22 00:00:00+09:00,804.2838316058168,858.091552734375,804.2838316058168,858.091552734375,57700,0.0,0.0
2016-01-25 00:00:00+09:00,858.0914690758854,861.8674491378255,838.2675737506999,842.987548828125,55700,0.0,0.0
2016-01-26 00:00:00+09:00,842.0435655695187,842.0435655695187,815.611704766888,817.4996948242188,56000,0.0,0.0
2016-01-27 00:00:00+09:00,825.051666953347,837.3236025029962,820.3316917419434,830.7156372070312,30100,0.0,0.0
2016-01-28 00:00:00+09:00,819.387725334433,828.8276760871338,810.8917696570022,813.7237548828125,42300,0.0,0.0
2016-01-29 00:00:00+09:00,823.1637271542212,833.5476732536438,807.1158104551137,828.8276977539062,32900,0.0,0.0
2016-02-01 00:00:00+09:00,833.5476684570312,839.2116390241232,828.8276929844546,833.5476684570312,47900,0.0,0.0
2016-02-02 00:00:00+09:00,826.93964962843,828.8276396960747,810.891734053449,812.7797241210938,31500,0.0,0.0
2016-02-03 00:00:00+09:00,802.3958109192929,804.2838010626324,777.8519390558793,779.7399291992188,61600,0.0,0.0
2016-02-04 00:00:00+09:00,765.5799768740414,788.235857817293,765.5799768740414,769.35595703125,41900,0.0,0.0
2016-02-05 00:00:00+09:00,770.3000185333029,790.1239160690865,769.3560234125514,775.9639892578125,48200,0.0,0.0
2016-02-08 00:00:00+09:00,706.1083416606104,722.1562585165334,684.3964541496558,690.0604248046875,326100,0.0,0.0
2016-02-09 00:00:00+09:00,666.460451167623,672.1244210075744,646.6365567277928,650.4125366210938,264200,0.0,0.0
2016-02-10 00:00:00+09:00,657.9645593902211,657.9645593902211,605.1008358237184,611.7088012695312,232000,0.0,0.0
2016-02-12 00:00:00+09:00,606.9888283971438,606.9888283971438,580.5569665073771,584.3329467773438,131400,0.0,0.0
2016-02-15 00:00:00+09:00,621.1487633281604,634.3646944628022,604.1568518693354,624.9247436523438,106700,0.0,0.0
2016-02-16 00:00:00+09:00,624.9247945149739,640.0287170410156,623.0368041992188,623.0368041992188,131300,0.0,0.0
2016-02-17 00:00:00+09:00,619.2607685415105,647.5806207613966,619.2607685415105,629.6447143554688,102400,0.0,0.0
2016-02-18 00:00:00+09:00,639.084696748831,655.1326138016082,639.084696748831,646.6366577148438,92300,0.0,0.0
2016-02-19 00:00:00+09:00,634.3647001121076,639.0846755593703,628.7007295753923,631.53271484375,35800,0.0,0.0
2016-02-22 00:00:00+09:00,630.5887141386188,632.4767043007105,617.3727830039771,624.9247436523438,43200,0.0,0.0
2016-02-23 00:00:00+09:00,625.8686818858804,636.2526268342133,619.2607169187595,620.2047119140625,31800,0.0,0.0
2016-02-24 00:00:00+09:00,612.6527963332188,625.8687272248445,606.044830887406,611.7088012695312,43400,0.0,0.0
2016-02-25 00:00:00+09:00,611.7087895245959,623.9807251169103,597.5488638411562,598.4928588867188,96100,0.0,0.0
2016-02-26 00:00:00+09:00,608.8768358230591,614.540806388855,602.2688701629638,604.1568603515625,58000,0.0,0.0
2016-02-29 00:00:00+09:00,616.4288691345405,627.7568115994937,605.1009266695872,606.044921875,96100,0.0,0.0
2016-03-01 00:00:00+09:00,606.9888714440224,623.9807838639173,605.1008811751452,614.5408325195312,93300,0.0,0.0
2016-03-02 00:00:00+09:00,630.5887402198645,645.6926621412983,627.7567548595956,635.3087158203125,64100,0.0,0.0
2016-03-03 00:00:00+09:00,632.476725620506,641.9166767491704,632.476725620506,640.0286865234375,50000,0.0,0.0
2016-03-04 00:00:00+09:00,635.3086677955114,670.2364845985336,635.3086677955114,659.8525390625,88300,0.0,0.0
2016-03-07 00:00:00+09:00,665.5164899380912,677.7884252135453,663.6284998957136,667.4044799804688,77900,0.0,0.0
2016-03-08 00:00:00+09:00,670.2364650440351,672.1244550864127,661.7405098533361,667.4044799804688,80000,0.0,0.0
2016-03-09 00:00:00+09:00,660.7966312142305,660.7966312142305,641.9167274652525,649.4686889648438,81100,0.0,0.0
2016-03-10 00:00:00+09:00,650.4126841522926,659.8526360267816,646.636703402497,649.4686889648438,56400,0.0,0.0
2016-03-11 00:00:00+09:00,643.8046388787739,671.1804959571967,643.8046388787739,668.3485107421875,49900,0.0,0.0
2016-03-14 00:00:00+09:00,674.956477271186,683.452432929145,674.0124821980794,679.6764526367188,46000,0.0,0.0
2016-03-15 00:00:00+09:00,675.9005641665553,679.6765449719551,662.6846313476562,662.6846313476562,97700,0.0,0.0
2016-03-16 00:00:00+09:00,660.7965386910123,668.3484991331952,652.3005831935563,655.132568359375,52200,0.0,0.0
2016-03-17 00:00:00+09:00,657.9645535251937,662.684528801558,648.5246029724649,655.132568359375,70400,0.0,0.0
2016-03-18 00:00:00+09:00,654.1885228650323,664.5724676724137,653.244527882543,657.0205078125,32700,0.0,0.0
2016-03-22 00:00:00+09:00,680.6204627980082,680.6204627980082,669.2925216696086,676.844482421875,61300,0.0,0.0
2016-03-23 00:00:00+09:00,679.6764108036342,686.2843759086695,669.2924656385786,672.1244506835938,32000,0.0,0.0
2016-03-24 00:00:00+09:00,674.9564922338085,686.284433362208,674.9564922338085,676.844482421875,59000,0.0,0.0
2016-03-25 00:00:00+09:00,681.564383584945,695.7243084516682,679.6763936027152,691.0043334960938,52800,0.0,0.0
2016-03-28 00:00:00+09:00,707.996333040149,721.2122645902318,704.2203525972683,712.71630859375,238900,0.0,0.0
2016-03-29 00:00:00+09:00,711.7722755714699,743.8681076264168,710.8282805110302,739.1481323242188,92500,0.0,0.0
2016-03-30 00:00:00+09:00,727.8201858677814,739.1481265038559,719.3242303907257,732.5401611328125,53800,0.0,0.0
2016-03-31 00:00:00+09:00,731.5961961622362,740.0921519886364,724.9882305194806,726.876220703125,59500,0.0,0.0
2016-04-01 00:00:00+09:00,721.2122073567708,724.9881875000001,698.5563264973958,707.9962768554688,92400,0.0,0.0
2016-04-04 00:00:00+09:00,700.4443764621973,712.7163129770336,689.1164350638868,696.6683959960938,54500,0.0,0.0
2016-04-05 00:00:00+09:00,694.7803355949435,694.7803355949435,662.6845048745249,667.4044799804688,44000,0.0,0.0
2016-04-06 00:00:00+09:00,653.2446035409903,664.5725446428571,651.3566133573459,654.1885986328125,47100,0.0,0.0
2016-04-07 00:00:00+09:00,653.244527882543,661.7404827249461,651.3565379175647,657.0205078125,22500,0.0,0.0
2016-04-08 00:00:00+09:00,637.1966678983985,678.7324506947385,636.2526728348453,661.7405395507812,48800,0.0,0.0
2016-04-11 00:00:00+09:00,661.7405601555574,667.4045307132369,653.2446043190381,665.5165405273438,17300,0.0,0.0
2016-04-12 00:00:00+09:00,666.460478019976,695.724323372128,666.460478019976,688.17236328125,16200,0.0,0.0
2016-04-13 00:00:00+09:00,689.1164018227456,723.1002243783878,689.1164018227456,718.3802490234375,25300,0.0,0.0
2016-04-14 00:00:00+09:00,726.87621222602,751.4200843271583,726.87621222602,747.6441040039062,36500,0.0,0.0
2016-04-15 00:00:00+09:00,747.6441347509398,762.7480566651002,747.6441347509398,753.30810546875,37400,0.0,0.0
2016-04-18 00:00:00+09:00,732.5402064914032,740.0921673830671,723.1002553768233,724.0442504882812,48700,0.0,0.0
2016-04-19 00:00:00+09:00,731.5962324802231,755.196110947327,731.5962324802231,750.4761352539062,30300,0.0,0.0
2016-04-20 00:00:00+09:00,758.9720576642508,785.403920368976,758.9720576642508,783.5159301757812,52900,0.0,0.0
2016-04-21 00:00:00+09:00,790.1239218331971,801.4518633648559,787.2919364502825,793.89990234375,39900,0.0,0.0
2016-04-22 00:00:00+09:00,792.9558565947509,795.787841796875,779.739925651505,795.787841796875,40700,0.0,0.0
2016-04-25 00:00:00+09:00,795.7877894077553,799.56376942867,774.0759042874963,786.3478393554688,26500,0.0,0.0
2016-04-26 00:00:00+09:00,786.3478677386886,792.0118379745015,768.4119619919478,769.35595703125,31400,0.0,0.0
2016-04-27 00:00:00+09:00,768.4119342561244,791.067814381612,768.4119342561244,786.3478393554688,22400,0.0,0.0
2016-04-28 00:00:00+09:00,789.1798528565951,798.6198032496166,756.14002648102,769.35595703125,44700,0.0,0.0
2016-05-02 00:00:00+09:00,741.0362347201104,755.1961627720871,737.26025390625,737.26025390625,24200,0.0,0.0
2016-05-06 00:00:00+09:00,736.3161459599951,743.8681064313797,722.1562200761491,727.8201904296875,30500,0.0,0.0
2016-05-09 00:00:00+09:00,725.9322152932485,744.8121168613434,723.1002300580343,724.9882202148438,23300,0.0,0.0
2016-05-10 00:00:00+09:00,721.2122295967281,733.4841654406515,705.164313493136,723.1002197265625,64200,0.0,0.0
2016-05-11 00:00:00+09:00,737.2600855496365,749.5320203923321,726.8761406827402,734.4281005859375,37500,0.0,0.0
2016-05-12 00:00:00+09:00,731.5961512123666,736.3161263814787,728.7641661108994,735.3721313476562,18700,0.0,0.0
2016-05-13 00:00:00+09:00,736.3161413448373,754.2520473519552,727.8201858677814,732.5401611328125,44000,0.0,0.0
2016-05-16 00:00:00+09:00,731.5961512123666,748.58806182117,726.8761760432546,735.3721313476562,38200,0.0,0.0
2016-05-17 00:00:00+09:00,734.4281869934946,742.9241428841648,729.7082114986778,733.4841918945312,39300,0.0,0.0
2016-05-18 00:00:00+09:00,730.6521561785443,738.2041164491235,723.1001959079649,735.3721313476562,38600,0.0,0.0
2016-05-19 00:00:00+09:00,731.5962071321449,745.7561337217993,726.8762316022601,740.0921630859375,57600,0.0,0.0
2016-05-20 00:00:00+09:00,743.868104248047,775.9639361572266,743.868104248047,755.196044921875,46800,0.0,0.0
2016-05-23 00:00:00+09:00,754.252100588385,758.0280810669251,747.6441347509398,753.30810546875,52100,0.0,0.0
2016-05-24 00:00:00+09:00,754.2520648568607,756.1400550066901,750.4760845572018,752.3640747070312,42600,0.0,0.0
2016-05-25 00:00:00+09:00,755.1960805828652,758.9720609857795,747.6441197770365,756.1400756835938,33500,0.0,0.0
2016-05-26 00:00:00+09:00,759.9160866407478,760.860081779432,747.6441498378538,750.4761352539062,37300,0.0,0.0
2016-05-27 00:00:00+09:00,746.7001192107308,752.3640897736441,742.9241388354553,749.5321044921875,29600,0.0,0.0
2016-05-30 00:00:00+09:00,751.4201355741505,758.0281015905061,748.5881501385695,757.0841064453125,15000,0.0,0.0
2016-05-31 00:00:00+09:00,755.1960765586797,774.0759784726466,754.2520814629813,772.18798828125,20700,0.0,0.0
2016-06-01 00:00:00+09:00,775.0198869530534,781.6278518844437,771.243906992259,773.1318969726562,18200,0.0,0.0
2016-06-02 00:00:00+09:00,763.6920419825185,773.1319930577041,759.9160615524443,762.748046875,24700,0.0,0.0
2016-06-03 00:00:00+09:00,762.7479962384259,770.2999565972221,756.1400309244791,764.635986328125,24800,0.0,0.0
2016-06-06 00:00:00+09:00,756.1400059183782,768.4119410955803,755.1960109047473,765.5799560546875,20100,0.0,0.0
2016-06-07 00:00:00+09:00,768.4120234682022,782.5719501905892,768.4120234682022,780.6839599609375,12900,0.0,0.0
2016-06-08 00:00:00+09:00,780.6839207188797,799.5638220663737,778.7959305841304,795.787841796875,23400,0.0,0.0
2016-06-09 00:00:00+09:00,787.291890802133,795.7878464582711,787.291890802133,791.06787109375,14000,0.0,0.0
2016-06-10 00:00:00+09:00,794.8437731182618,794.8437731182618,781.6278433989557,782.5718383789062,33000,0.0,0.0
2016-06-13 00:00:00+09:00,769.3559555870806,778.7959059623823,758.0280151367188,758.0280151367188,41200,0.0,0.0
2016-06-14 00:00:00+09:00,755.196044921875,761.8040103149415,750.4760696411133,755.196044921875,38700,0.0,0.0
2016-06-15 00:00:00+09:00,755.196054193038,756.1400492607793,744.8121084478837,745.756103515625,20400,0.0,0.0
2016-06-16 00:00:00+09:00,745.7561091826282,759.9160353063489,744.8121141077135,752.3640747070312,43400,0.0,0.0
2016-06-17 00:00:00+09:00,750.4760315838982,770.2999267578125,748.5880415673349,770.2999267578125,42000,0.0,0.0
2016-06-20 00:00:00+09:00,764.6360275156632,783.5159294296302,764.6360275156632,772.18798828125,9500,0.0,0.0
2016-06-21 00:00:00+09:00,763.6920175680144,777.8519437281136,759.9160372586547,775.0199584960938,15700,0.0,0.0
2016-06-22 00:00:00+09:00,770.2999311228422,778.7958862455206,757.0840009320091,765.5799560546875,13900,0.0,0.0
2016-06-23 00:00:00+09:00,765.5799517164044,775.0199017992206,764.6359567081226,770.2999267578125,23600,0.0,0.0
2016-06-24 00:00:00+09:00,770.2999880367843,784.4599142874605,705.1643272836739,708.9403076171875,52500,0.0,0.0
2016-06-27 00:00:00+09:00,717.4362182617188,729.7081535740903,712.7162431415759,717.4362182617188,25100,0.0,0.0
2016-06-28 00:00:00+09:00,707.0522670061939,716.4922171664903,691.9483467497198,710.8282470703125,28800,0.0,0.0
2016-06-29 00:00:00+09:00,728.7641958456298,743.8681170030522,720.2682401945798,729.7081909179688,26800,0.0,0.0
2016-06-30 00:00:00+09:00,715.5482501787009,736.3161413448373,713.6602600726885,732.5401611328125,69900,0.0,0.0
2016-07-01 00:00:00+09:00,732.540150723716,755.196031673934,728.7641705653464,730.6521606445312,24100,0.0,0.0
2016-07-04 00:00:00+09:00,725.9322162334736,738.2041522686297,725.9322162334736,736.316162109375,15100,0.0,0.0
2016-07-05 00:00:00+09:00,728.7641958456298,736.3161564243411,719.3242451222409,729.7081909179688,17200,0.0,0.0
2016-07-06 00:00:00+09:00,726.8762918580999,734.4282533319503,725.9322966738686,728.7642822265625,22100,0.0,0.0
2016-07-07 00:00:00+09:00,720.2681884765625,732.5401235357962,718.3801984674496,720.2681884765625,19300,0.0,0.0
2016-07-08 00:00:00+09:00,717.4362182617188,724.9881784539473,717.4362182617188,717.4362182617188,22900,0.0,0.0
2016-07-11 00:00:00+09:00,717.4362182617188,717.4362182617188,717.4362182617188,717.4362182617188,0,0.0,0.0
2016-07-12 00:00:00+09:00,744.8120472666981,785.4038318452381,744.8120472666981,773.1318969726562,29400,0.0,0.0
2016-07-13 00:00:00+09:00,784.4599355550913,790.1239062089186,780.6839551192063,785.4039306640625,26800,0.0,0.0
2016-07-14 00:00:00+09:00,784.4599045575676,784.4599045575676,775.01995384087,779.7399291992188,11900,0.0,0.0
2016-07-15 00:00:00+09:00,780.6839551192063,792.0118964268611,779.7399600102351,785.4039306640625,13300,0.0,0.0
2016-07-19 00:00:00+09:00,786.3478182987079,791.0677931984601,772.1878935994515,782.5718383789062,17200,0.0,0.0
2016-07-20 00:00:00+09:00,775.019973568345,786.3479147167252,769.3560029941549,772.18798828125,8300,0.0,0.0
2016-07-21 00:00:00+09:00,784.4598536836928,784.4598536836928,775.9638985896456,781.6278686523438,7500,0.0,0.0
2016-07-22 00:00:00+09:00,772.1879722868704,777.8519427437423,754.2520658401094,763.6920166015625,13600,0.0,0.0
2016-07-25 00:00:00+09:00,768.4119723634008,783.5158931960966,765.5799872072703,771.2439575195312,15900,0.0,0.0
2016-07-26 00:00:00+09:00,771.2440336232173,773.1320239136046,751.4201355741505,757.0841064453125,22800,0.0,0.0
2016-07-27 00:00:00+09:00,762.7479873285062,776.9079128358422,761.8039922946837,774.075927734375,10400,0.0,0.0
2016-07-28 00:00:00+09:00,759.9160512919461,769.3560022396722,758.9720561971735,760.8600463867188,20100,0.0,0.0
2016-07-29 00:00:00+09:00,756.14008112237,764.6360370900371,752.3641006922958,762.748046875,13300,0.0,0.0
2016-08-01 00:00:00+09:00,762.7479710137948,768.4119410955803,758.0279959456401,765.5799560546875,12000,0.0,0.0
2016-08-02 00:00:00+09:00,754.2521059024408,764.6360522915858,754.2521059024408,759.9160766601562,6200,0.0,0.0
2016-08-03 00:00:00+09:00,752.3641255312746,764.6360623341686,748.5881449765379,750.4761352539062,17200,0.0,0.0
2016-08-04 00:00:00+09:00,747.6440030965374,757.0839526305846,735.372068702276,751.4199829101562,25900,0.0,0.0
2016-08-05 00:00:00+09:00,754.2520498657227,756.1400399780274,724.0442080688478,755.196044921875,27200,0.0,0.0
2016-08-08 00:00:00+09:00,731.5961977096289,749.5321044921875,731.5961977096289,749.5321044921875,22900,0.0,0.0
2016-08-09 00:00:00+09:00,751.4200954389927,760.8600463867188,746.7001199651297,760.8600463867188,20100,0.0,0.0
2016-08-10 00:00:00+09:00,751.42011522948,755.19609570802,743.8681542723997,753.30810546875,18200,0.0,0.0
2016-08-12 00:00:00+09:00,754.2521158086429,754.2521158086429,744.8121644218013,750.4761352539062,21300,0.0,0.0
2016-08-15 00:00:00+09:00,750.4760995860064,754.2520799612819,746.7001192107308,749.5321044921875,10900,0.0,0.0
2016-08-16 00:00:00+09:00,746.700102220069,746.700102220069,729.7081909179688,729.7081909179688,20100,0.0,0.0
2016-08-17 00:00:00+09:00,724.9882305194806,738.2041618049919,721.2122501521916,726.876220703125,24300,0.0,0.0
2016-08-18 00:00:00+09:00,722.1562083961154,727.8201786580457,714.604248046875,714.604248046875,14200,0.0,0.0
2016-08-19 00:00:00+09:00,715.5482694307964,726.8762103716533,714.6042743523916,724.9882202148438,14400,0.0,0.0
2016-08-22 00:00:00+09:00,724.9881634993446,733.4841185403526,719.3241934720061,720.2681884765625,21500,0.0,0.0
2016-08-23 00:00:00+09:00,720.2683467459171,720.2683467459171,708.9404042020757,709.8843994140625,18900,0.0,0.0
2016-08-24 00:00:00+09:00,712.7162879507011,716.4922682842148,708.9403076171875,708.9403076171875,15600,0.0,0.0
2016-08-25 00:00:00+09:00,707.9962620222236,715.5482221504607,707.0522670061939,710.8282470703125,19000,0.0,0.0
2016-08-26 00:00:00+09:00,710.8283183723096,720.2682694795116,710.8283183723096,712.71630859375,23500,0.0,0.0
2016-08-29 00:00:00+09:00,718.3802798195333,727.8202309341132,718.3802798195333,724.0442504882812,16300,0.0,0.0
2016-08-30 00:00:00+09:00,732.5401817908654,736.316162109375,726.876211313101,736.316162109375,15200,0.0,0.0
2016-08-31 00:00:00+09:00,741.0361190795899,758.0280300903321,738.2041339111329,755.196044921875,40800,0.0,0.0
2016-09-01 00:00:00+09:00,755.19609570802,763.6920517847352,741.9801640331297,753.30810546875,22900,0.0,0.0
2016-09-02 00:00:00+09:00,749.5320904593827,767.4679969061438,749.5320904593827,763.6920166015625,18500,0.0,0.0
2016-09-05 00:00:00+09:00,763.691961699841,771.2439217660941,761.8039716832778,770.2999267578125,10700,0.0,0.0
2016-09-06 00:00:00+09:00,764.6359610410566,772.1879211501041,763.6919660274257,765.5799560546875,10700,0.0,0.0
2016-09-07 00:00:00+09:00,764.6359610410566,770.2999311228422,754.2520158911163,765.5799560546875,28700,0.0,0.0
2016-09-08 00:00:00+09:00,759.9160766601562,768.4120327967295,756.1400961550127,759.9160766601562,16600,0.0,0.0
2016-09-09 00:00:00+09:00,758.9720815338703,762.748062039014,754.2521059024408,759.9160766601562,24400,0.0,0.0
2016-09-12 00:00:00+09:00,756.1400908276551,756.1400908276551,747.6441347509398,753.30810546875,18900,0.0,0.0
2016-09-13 00:00:00+09:00,750.476083548965,755.1960589171974,738.2041475915605,741.0361328125,14000,0.0,0.0
2016-09-14 00:00:00+09:00,736.3161771914213,744.8121330820916,732.5401967955679,733.4841918945312,33800,0.0,0.0
2016-09-15 00:00:00+09:00,734.4281719501201,741.036137507512,733.4841768704928,736.316162109375,22200,0.0,0.0
2016-09-16 00:00:00+09:00,741.9801288829693,752.3640747070312,740.0921387331399,752.3640747070312,17800,0.0,0.0
2016-09-20 00:00:00+09:00,745.7560782064832,755.1960285635272,736.316127849439,746.7000732421875,22800,0.0,0.0
2016-09-21 00:00:00+09:00,746.7001052309467,763.6920166015625,737.2601544694936,763.6920166015625,15600,0.0,0.0
2016-09-23 00:00:00+09:00,764.6359567081226,770.2999267578125,759.9159816667145,770.2999267578125,14800,0.0,0.0
2016-09-26 00:00:00+09:00,772.1878999428826,772.1878999428826,760.8599600904198,761.803955078125,10600,0.0,0.0
2016-09-27 00:00:00+09:00,761.8040274133346,775.0199584960938,751.4200815625952,775.0199584960938,20000,0.0,0.0
2016-09-28 00:00:00+09:00,768.4119575314405,775.9639178020199,762.7479873285062,774.075927734375,14700,0.0,0.0
2016-09-29 00:00:00+09:00,776.9078684992037,784.459828338807,776.9078684992037,782.5718383789062,13100,0.0,0.0
2016-09-30 00:00:00+09:00,776.9079429382774,780.6839232198729,758.9720366006987,768.4119873046875,20800,0.0,0.0
2016-10-03 00:00:00+09:00,768.4119665075232,777.8519169560185,760.8600061487268,764.635986328125,13500,0.0,0.0
2016-10-04 00:00:00+09:00,770.2999565972221,774.0759367766203,761.8040011935764,764.635986328125,17000,0.0,0.0
2016-10-05 00:00:00+09:00,761.8040069990964,774.0759426756617,758.9720218429659,771.2439575195312,26000,0.0,0.0
2016-10-06 00:00:00+09:00,771.2439261364732,775.9639012046279,764.6359610410566,765.5799560546875,15100,0.0,0.0
2016-10-07 00:00:00+09:00,762.7480053710938,762.7480053710938,754.2520498657227,755.196044921875,17200,0.0,0.0
2016-10-11 00:00:00+09:00,748.5880990847193,754.2520695695973,747.6441040039062,747.6441040039062,40200,0.0,0.0
2016-10-12 00:00:00+09:00,747.6440983280255,747.6440983280255,741.0361328125,741.0361328125,20200,0.0,0.0
2016-10-13 00:00:00+09:00,739.1481323242188,745.756097747296,736.3161471428999,739.1481323242188,15600,0.0,0.0
2016-10-14 00:00:00+09:00,741.0361317860355,741.0361317860355,728.7641958456298,729.7081909179688,22400,0.0,0.0
2016-10-17 00:00:00+09:00,732.5401669011414,740.0921273846584,732.5401669011414,739.1481323242188,19100,0.0,0.0
2016-10-18 00:00:00+09:00,740.0921065167684,742.9240916182356,731.5961512123666,735.3721313476562,32800,0.0,0.0
2016-10-19 00:00:00+09:00,734.4281005859375,735.3720955738372,731.5961156222386,734.4281005859375,14700,0.0,0.0
2016-10-20 00:00:00+09:00,734.4281728725241,754.2520695695973,734.4281728725241,747.6441040039062,39300,0.0,0.0
2016-10-21 00:00:00+09:00,751.4200588769901,751.4200588769901,745.7560885839474,748.5880737304688,12300,0.0,0.0
2016-10-24 00:00:00+09:00,748.5880990847193,752.3640794079713,742.9241285998412,747.6441040039062,10700,0.0,0.0
2016-10-25 00:00:00+09:00,743.8680926218591,746.700077746054,738.2041223734693,741.9801025390625,19700,0.0,0.0
2016-10-26 00:00:00+09:00,743.8681339292742,750.4760995860064,743.8681339292742,749.5321044921875,18500,0.0,0.0
2016-10-27 00:00:00+09:00,752.3640850196045,764.636021161706,745.7561194046268,754.2520751953125,31500,0.0,0.0
2016-10-28 00:00:00+09:00,759.9160766601562,767.4680376704436,747.6441400184394,759.9160766601562,32300,0.0,0.0
2016-10-31 00:00:00+09:00,759.9160202026368,761.8040103149415,754.2520498657227,755.196044921875,14800,0.0,0.0
2016-11-01 00:00:00+09:00,759.9160316710976,769.3559823750863,758.9720366006987,768.4119873046875,27900,0.0,0.0
2016-11-02 00:00:00+09:00,763.692026073852,763.692026073852,753.3080801074585,754.2520751953125,12300,0.0,0.0
2016-11-04 00:00:00+09:00,749.5320941655323,751.4200843271583,740.0921433574022,747.6441040039062,15700,0.0,0.0
2016-11-07 00:00:00+09:00,749.5321044921875,755.1960750551008,745.756124116912,749.5321044921875,15600,0.0,0.0
2016-11-08 00:00:00+09:00,738.2041087903474,749.5320490786903,715.5482282136616,717.4362182617188,98600,0.0,0.0
2016-11-09 00:00:00+09:00,724.9882134512684,730.6521838688565,701.3883367113183,707.0523071289062,64400,0.0,0.0
2016-11-10 00:00:00+09:00,738.2041728739836,753.3080945696149,735.3721875560527,740.0921630859375,32800,0.0,0.0
2016-11-11 00:00:00+09:00,744.8120727539062,755.1960180014258,741.9800876864009,744.8120727539062,22800,0.0,0.0
2016-11-14 00:00:00+09:00,753.3080910545433,774.0759832891297,750.476105749827,767.468017578125,41600,0.0,0.0
2016-11-15 00:00:00+09:00,767.4679978773743,776.9079486507736,762.7480224906745,775.0199584960938,26700,0.0,0.0
2016-11-16 00:00:00+09:00,776.907958984375,780.6839393439589,766.5240129955195,776.907958984375,23900,0.0,0.0
2016-11-17 00:00:00+09:00,764.6360080525027,780.6839242708885,764.6360080525027,779.7399291992188,20400,0.0,0.0
2016-11-18 00:00:00+09:00,780.6839448859893,785.403920368976,777.8519595961973,783.5159301757812,26900,0.0,0.0
2016-11-21 00:00:00+09:00,783.515910510516,792.0118661666542,783.515910510516,791.06787109375,18700,0.0,0.0
2016-11-22 00:00:00+09:00,791.0678205217633,793.8998055594308,783.5158604213169,792.955810546875,21200,0.0,0.0
2016-11-24 00:00:00+09:00,795.787826862741,801.4517971606964,769.3559654722822,798.6198120117188,53200,0.0,0.0
2016-11-25 00:00:00+09:00,793.8998592560024,826.9396869301523,793.8998592560024,825.0516967773438,59100,0.0,0.0
2016-11-28 00:00:00+09:00,819.3877767860342,824.1077524587648,816.5557913823959,823.1637573242188,16600,0.0,0.0
2016-11-29 00:00:00+09:00,819.3877563476562,823.1637367916546,817.4997661256571,819.3877563476562,9000,0.0,0.0
2016-11-30 00:00:00+09:00,823.1637113195843,825.9956965649499,814.6677555834876,820.3317260742188,14800,0.0,0.0
2016-12-01 00:00:00+09:00,827.8836461577356,840.1555816195948,822.2196759445698,824.107666015625,40100,0.0,0.0
2016-12-02 00:00:00+09:00,824.1076600248764,830.715625225534,814.6677097382227,817.4996948242188,35500,0.0,0.0
2016-12-05 00:00:00+09:00,817.499671423937,831.6595964486011,817.499671423937,829.7716064453125,30000,0.0,0.0
2016-12-06 00:00:00+09:00,837.3236591576183,837.3236591576183,829.7716983083951,835.4356689453125,30700,0.0,0.0
2016-12-07 00:00:00+09:00,836.3797098795573,839.2116953531901,835.4357147216797,838.2677001953125,29400,0.0,0.0
2016-12-08 00:00:00+09:00,842.9875754972476,853.3715209960938,840.1555903611985,853.3715209960938,37400,0.0,0.0
2016-12-09 00:00:00+09:00,858.0915784089461,868.4755249023438,856.2035881374193,868.4755249023438,60000,0.0,0.0
2016-12-12 00:00:00+09:00,875.0833993339127,877.9153844450257,866.5874440005737,874.139404296875,22300,0.0,0.0
2016-12-13 00:00:00+09:00,867.5314817806873,905.2912851226106,867.5314817806873,904.3472900390625,61100,0.0,0.0
2016-12-14 00:00:00+09:00,906.2353062113002,929.8351839772196,902.4593257687532,914.7312622070312,61900,0.0,0.0
2016-12-15 00:00:00+09:00,914.7311818680231,929.8351023116644,914.7311818680231,922.2831420898438,50000,0.0,0.0
2016-12-16 00:00:00+09:00,929.8351894441198,929.8351894441198,918.5072480498767,921.3392333984375,41800,0.0,0.0
2016-12-19 00:00:00+09:00,922.2832078972962,923.2272029923804,913.7872520415381,917.563232421875,15900,0.0,0.0
2016-12-20 00:00:00+09:00,912.8432719857576,914.7312622070312,907.179301321937,914.7312622070312,20700,0.0,0.0
2016-12-21 00:00:00+09:00,915.6752310416394,915.6752310416394,898.683319537774,904.3472900390625,31900,0.0,0.0
2016-12-22 00:00:00+09:00,910.9553118684692,910.9553118684692,892.0754090318169,897.7393798828125,30300,0.0,0.0
2016-12-26 00:00:00+09:00,897.7392993087689,908.123244936946,889.2433437948058,905.291259765625,46300,0.0,0.0
2016-12-27 00:00:00+09:00,901.5153126902395,950.6030574649959,894.9073470474838,944.9390869140625,129300,0.0,0.0
2016-12-28 00:00:00+09:00,950.6030048695645,986.4748163740763,950.6030048695645,974.202880859375,101800,0.0,0.0
2016-12-29 00:00:00+09:00,975.1469673617773,976.0909624899107,948.7151037740429,968.5390014648438,75500,0.0,0.0
2016-12-30 00:00:00+09:00,957.2110088678796,963.8189744123324,942.107087623416,959.0989990234375,34000,0.0,0.0
2017-01-04 00:00:00+09:00,959.0989851706474,978.9228815176784,958.1549901065031,973.2589111328125,33800,0.0,0.0
2017-01-05 00:00:00+09:00,960.0429014300355,966.6508663366336,947.7709666034963,953.4349365234375,30800,0.0,0.0
2017-01-06 00:00:00+09:00,954.3790378322849,957.2110231077517,943.0510967304181,944.9390869140625,47100,0.0,0.0
2017-01-10 00:00:00+09:00,960.0430453116434,970.4269917211104,950.6030940303095,968.5390014648438,49900,0.0,0.0
2017-01-11 00:00:00+09:00,971.3709323134719,989.3068387410287,970.4269372383374,986.474853515625,52000,0.0,0.0
2017-01-12 00:00:00+09:00,986.4748373731222,988.3628274924966,971.3709164181271,977.9788818359375,33100,0.0,0.0
2017-01-13 00:00:00+09:00,956.2670445152925,970.4269711369404,956.2670445152925,964.7630004882812,31200,0.0,0.0
2017-01-16 00:00:00+09:00,962.874999273391,967.5949747600253,948.7150728134882,951.5470581054688,36400,0.0,0.0
2017-01-17 00:00:00+09:00,951.5470259232955,951.5470259232955,932.6671246152936,934.5551147460938,31700,0.0,0.0
2017-01-18 00:00:00+09:00,920.3952082305722,932.6671443403131,899.6273163525491,927.003173828125,49900,0.0,0.0
2017-01-19 00:00:00+09:00,933.6111660933614,950.603078115283,933.6111660933614,948.715087890625,37400,0.0,0.0
2017-01-20 00:00:00+09:00,945.8830520341982,952.4910174675708,935.4991063531841,950.60302734375,20700,0.0,0.0
2017-01-23 00:00:00+09:00,945.8831229384756,960.9870450612456,941.1631472751098,952.4910888671875,17700,0.0,0.0
2017-01-24 00:00:00+09:00,951.5470235448356,963.8189593643623,951.5470235448356,961.9309692382812,23300,0.0,0.0
2017-01-25 00:00:00+09:00,965.7070009993395,975.1469521332529,965.7070009993395,971.3709716796875,34300,0.0,0.0
2017-01-26 00:00:00+09:00,977.0348822074252,985.5308377048812,977.0348822074252,982.6988525390625,35700,0.0,0.0
2017-01-27 00:00:00+09:00,982.6988778921274,984.5868680513822,977.9789024939904,981.7548828125,18400,0.0,0.0
2017-01-30 00:00:00+09:00,977.0348718696425,985.5308272772047,977.0348718696425,980.8108520507812,25500,0.0,0.0
2017-01-31 00:00:00+09:00,969.4829760288305,971.3709662450502,963.8190053801713,964.7630004882812,16300,0.0,0.0
2017-02-01 00:00:00+09:00,957.2110396234023,970.4269711369404,955.3230494071826,964.7630004882812,19100,0.0,0.0
2017-02-02 00:00:00+09:00,968.5389335200472,973.2589088295991,948.7150372199293,950.60302734375,25300,0.0,0.0
2017-02-03 00:00:00+09:00,950.6030461428254,950.6030461428254,927.9471642089349,931.72314453125,46400,0.0,0.0
2017-02-06 00:00:00+09:00,938.3310845873134,939.2750796422301,931.7231192028956,932.6671142578125,9300,0.0,0.0
2017-02-07 00:00:00+09:00,931.7230998579278,943.0510402817324,926.0591296460254,940.2190551757812,21900,0.0,0.0
2017-02-08 00:00:00+09:00,937.3870907592774,947.7710363769531,937.3870907592774,943.9950561523438,10600,0.0,0.0
2017-02-09 00:00:00+09:00,948.7150465067076,972.3149232854814,936.4431105817453,941.1630859375,41200,0.0,0.0
2017-02-10 00:00:00+09:00,954.3790401506562,981.7548978800024,954.3790401506562,978.9229125976562,48400,0.0,0.0
2017-02-13 00:00:00+09:00,985.5307931082589,991.1947631835938,983.6428030831473,991.1947631835938,38100,0.0,0.0
2017-02-14 00:00:00+09:00,991.1949361553629,997.8029023963986,984.5869699143271,989.3069458007812,55100,0.0,0.0
2017-02-15 00:00:00+09:00,995.9148612444459,1010.0747881815707,989.3068953404543,1002.5228271484375,48100,0.0,0.0
2017-02-16 00:00:00+09:00,1006.2987773766679,1014.7947332832251,1001.578801873025,1008.186767578125,30200,0.0,0.0
2017-02-17 00:00:00+09:00,1010.074757084702,1010.074757084702,994.9708354834354,996.8588256835938,13100,0.0,0.0
2017-02-20 00:00:00+09:00,991.1948392589318,994.0268245139573,972.3149375587617,988.3628540039062,11900,0.0,0.0
2017-02-21 00:00:00+09:00,990.2508142078251,996.8587796029202,977.9788784740771,994.0267944335938,15500,0.0,0.0
2017-02-22 00:00:00+09:00,995.9147651233727,1005.354715503689,986.4748147430563,1001.5787353515625,17300,0.0,0.0
2017-02-23 00:00:00+09:00,1006.2987766843854,1006.2987766843854,991.1948550831188,996.8588256835938,10500,0.0,0.0
2017-02-24 00:00:00+09:00,992.1388686711609,997.8028393771808,938.3311469639714,955.3230590820312,85200,0.0,0.0
2017-02-27 00:00:00+09:00,955.3230187123216,961.9309842567744,948.7150531678689,959.0989990234375,40000,0.0,0.0
2017-02-28 00:00:00+09:00,963.8189593643623,970.4269248056459,960.0429791122002,961.9309692382812,19000,0.0,0.0
2017-03-01 00:00:00+09:00,961.93103556791,971.3709868492439,955.3230696709765,968.5390014648438,13300,0.0,0.0
2017-03-02 00:00:00+09:00,978.9228471107996,988.3627974204504,978.9228471107996,983.642822265625,39700,0.0,0.0
2017-03-03 00:00:00+09:00,982.6988617742559,982.6988617742559,972.3149160686681,973.2589111328125,9800,0.0,0.0
2017-03-06 00:00:00+09:00,966.6509615384615,991.194833608774,960.986991060697,981.7548828125,25100,0.0,0.0
2017-03-07 00:00:00+09:00,981.754852936783,995.9147787002943,981.754852936783,987.4188232421875,17900,0.0,0.0
2017-03-08 00:00:00+09:00,981.7548381270853,995.9147636769952,977.0348629437821,990.2507934570312,46100,0.0,0.0
2017-03-09 00:00:00+09:00,979.8668583398995,994.0267840384529,979.8668583398995,992.1387939453125,20700,0.0,0.0
2017-03-10 00:00:00+09:00,994.9707700853411,1001.5787353515625,991.1947899332146,1001.5787353515625,61600,0.0,0.0
2017-03-13 00:00:00+09:00,1002.5227969737535,1011.9627479810393,1002.5227969737535,1008.186767578125,24500,0.0,0.0
2017-03-14 00:00:00+09:00,1006.2987268180491,1011.9626971378506,994.9707861784464,1010.07470703125,16200,0.0,0.0
2017-03-15 00:00:00+09:00,1011.962783742107,1014.7947691443704,999.6908469989659,1009.1307983398438,30400,0.0,0.0
2017-03-16 00:00:00+09:00,1000.6348271156425,1013.8507587945282,999.6908319957221,1011.9627685546875,23200,0.0,0.0
2017-03-17 00:00:00+09:00,1011.0187495326387,1036.5066171679152,1008.1867642398303,1035.5626220703125,90100,0.0,0.0
2017-03-21 00:00:00+09:00,1035.5625491973767,1061.0504150390625,1028.954583979162,1061.0504150390625,88500,0.0,0.0
2017-03-22 00:00:00+09:00,1051.6104483429092,1056.3304234252382,1042.1704981782511,1052.554443359375,55100,0.0,0.0
2017-03-23 00:00:00+09:00,1046.8904484640925,1052.5544184287317,1020.458588629111,1026.12255859375,44500,0.0,0.0
2017-03-24 00:00:00+09:00,1031.7864447576349,1043.1143837668678,1028.9544600053266,1038.3944091796875,22400,0.0,0.0
2017-03-27 00:00:00+09:00,1028.0107217666043,1028.9547169197417,1011.0188090101315,1012.9067993164062,39700,0.0,0.0
2017-03-28 00:00:00+09:00,1015.7386283170692,1024.234583386636,1014.7946333093397,1023.2905883789062,58500,0.0,0.0
2017-03-29 00:00:00+09:00,1013.842041015625,1020.4561083847857,1005.3382401124185,1013.842041015625,20000,1.0,0.0
2017-03-30 00:00:00+09:00,1016.6766320430871,1070.5340372721355,1016.6766320430871,1060.1405029296875,64300,0.0,0.0
2017-03-31 00:00:00+09:00,1062.03017833493,1066.7545118684484,1044.0777109075602,1047.857177734375,47100,0.0,0.0
2017-04-03 00:00:00+09:00,1047.85727715471,1081.872481823393,1047.85727715471,1059.1956787109375,44200,0.0,0.0
2017-04-04 00:00:00+09:00,1056.3609090130258,1056.3609090130258,961.8742445216997,985.4959106445312,62500,0.0,0.0
2017-04-05 00:00:00+09:00,993.9998072822312,1002.5036079148739,977.9370727539062,977.9370727539062,38000,0.0,0.0
2017-04-06 00:00:00+09:00,978.8819769749128,981.7165772943383,944.8667731418078,948.646240234375,46200,0.0,0.0
2017-04-07 00:00:00+09:00,946.7564326171874,960.9294331054688,939.1974990234374,944.86669921875,31900,0.0,0.0
2017-04-10 00:00:00+09:00,944.8667231924786,953.370523701211,936.3629226837463,942.9769897460938,15400,0.0,0.0
2017-04-11 00:00:00+09:00,942.9769973375311,972.2678659923041,940.1423971451337,949.591064453125,29100,0.0,0.0
2017-04-12 00:00:00+09:00,948.6461900852486,950.5359235316336,934.4731892373615,942.9769897460938,32000,0.0,0.0
2017-04-13 00:00:00+09:00,936.362837511295,939.1974374230344,917.4655047663647,923.1347045898438,21300,0.0,0.0
2017-04-14 00:00:00+09:00,913.6860855275042,926.9142191339005,912.7412188413332,919.3552856445312,13200,0.0,0.0
2017-04-17 00:00:00+09:00,919.3552854606904,958.0948195859611,919.3552854606904,941.0872192382812,31300,0.0,0.0
2017-04-18 00:00:00+09:00,942.9769579684746,958.0948250300935,936.3628911290164,938.2526245117188,19900,0.0,0.0
2017-04-19 00:00:00+09:00,936.3629226837463,954.3153904244034,936.3629226837463,942.9769897460938,15600,0.0,0.0
2017-04-20 00:00:00+09:00,947.7013070978735,957.1499741676429,944.8667069769426,951.4807739257812,10500,0.0,0.0
2017-04-21 00:00:00+09:00,952.4256667564656,961.8743340853988,951.4808000235722,959.0397338867188,16500,0.0,0.0
2017-04-24 00:00:00+09:00,968.4883902285405,970.3781236728889,959.0397230067987,964.7089233398438,24100,0.0,0.0
2017-04-25 00:00:00+09:00,965.6537501608678,982.6613504572432,963.7640167946039,975.1024169921875,20000,0.0,0.0
2017-04-26 00:00:00+09:00,982.6613633513339,1003.4484306529966,976.047296482623,1000.6138305664062,24900,0.0,0.0
2017-04-27 00:00:00+09:00,1000.6137623205851,1018.5662283112282,1000.6137623205851,1015.7316284179688,25400,0.0,0.0
2017-04-28 00:00:00+09:00,1014.7868521146686,1020.456052405812,1008.1727851083346,1011.0073852539062,20800,0.0,0.0
2017-05-01 00:00:00+09:00,1011.9523330674361,1021.4010009765625,1005.3382655310477,1021.4010009765625,13800,0.0,0.0
2017-05-02 00:00:00+09:00,1022.3458509532684,1031.7945187069954,1019.5112506271503,1029.90478515625,15500,0.0,0.0
2017-05-08 00:00:00+09:00,1036.5188448779472,1055.4161802449107,1025.180443657769,1054.4713134765625,38200,0.0,0.0
2017-05-09 00:00:00+09:00,1053.5264522967204,1053.5264522967204,1038.4085839229558,1051.63671875,17700,0.0,0.0
2017-05-10 00:00:00+09:00,1048.802178141645,1051.636778623109,1040.2983766972532,1042.1881103515625,21600,0.0,0.0
2017-05-11 00:00:00+09:00,1042.187903439621,1047.857103277008,1036.5187036022342,1044.07763671875,18000,0.0,0.0
2017-05-12 00:00:00+09:00,1039.3534416699931,1039.3534416699931,1025.1804401926752,1035.573974609375,28500,0.0,0.0
2017-05-15 00:00:00+09:00,984.5510889785825,1022.3457565017526,959.0396884004426,993.999755859375,54000,0.0,0.0
2017-05-16 00:00:00+09:00,1050.6917040669325,1072.4236367949356,1048.8019707862368,1065.8095703125,117600,0.0,0.0
2017-05-17 00:00:00+09:00,1067.6993514634537,1067.6993514634537,1037.463617616701,1062.0301513671875,56700,0.0,0.0
2017-05-18 00:00:00+09:00,1033.6841036835408,1057.3057696726528,1033.6841036835408,1044.07763671875,36000,0.0,0.0
2017-05-19 00:00:00+09:00,1044.0777162962322,1048.8020498541337,1036.51878260359,1045.0225830078125,35700,0.0,0.0
2017-05-22 00:00:00+09:00,1047.8571195900706,1058.2506527870867,1042.1879196644256,1057.3057861328125,22000,0.0,0.0
2017-05-23 00:00:00+09:00,1046.9123848831985,1062.030253256963,1046.9123848831985,1051.63671875,23300,0.0,0.0
2017-05-24 00:00:00+09:00,1061.0853056382502,1076.2031728601664,1061.0853056382502,1072.4237060546875,41200,0.0,0.0
2017-05-25 00:00:00+09:00,1072.423839585986,1076.20330686206,1064.8649050338379,1066.754638671875,26900,0.0,0.0
2017-05-26 00:00:00+09:00,1067.6994107313174,1067.6994107313174,1052.58154296875,1052.58154296875,18600,0.0,0.0
2017-05-29 00:00:00+09:00,1047.8572092929478,1061.085343585194,1045.0226090874664,1052.58154296875,28300,0.0,0.0
2017-05-30 00:00:00+09:00,1053.5264611708378,1070.5340632345824,1048.8021272642422,1067.699462890625,26400,0.0,0.0
2017-05-31 00:00:00+09:00,1067.6994039970532,1097.935139331483,1067.6994039970532,1077.1480712890625,58100,0.0,0.0
2017-06-01 00:00:00+09:00,1081.8724820376262,1105.4941519511115,1081.8724820376262,1099.824951171875,47600,0.0,0.0
2017-06-02 00:00:00+09:00,1103.6042905152099,1106.4388905764647,1096.9902237056153,1102.659423828125,39200,0.0,0.0
2017-06-05 00:00:00+09:00,1106.438853251576,1107.3837199067864,1096.0453200442596,1100.7696533203125,45500,0.0,0.0
2017-06-06 00:00:00+09:00,1094.1556342861757,1104.5491679451982,1092.2659008936262,1096.990234375,24000,0.0,0.0
2017-06-07 00:00:00+09:00,1085.651823460596,1109.2734906377195,1085.651823460596,1102.659423828125,44600,0.0,0.0
2017-06-08 00:00:00+09:00,1102.6593971811974,1104.5491305097,1092.2658638744338,1095.1004638671875,21900,0.0,0.0
2017-06-09 00:00:00+09:00,1105.4940556340657,1122.5016564899745,1100.76972206298,1107.3837890625,61600,0.0,0.0
2017-06-12 00:00:00+09:00,1106.438912210836,1106.438912210836,1091.321044921875,1091.321044921875,20000,0.0,0.0
2017-06-13 00:00:00+09:00,1081.8724104345317,1081.8724104345317,1068.6442761584763,1074.3134765625,33800,0.0,0.0
2017-06-14 00:00:00+09:00,1079.0378730860396,1097.9352088668809,1078.0930062969976,1083.76220703125,20400,0.0,0.0
2017-06-15 00:00:00+09:00,1086.5966689134211,1087.5415355820417,1070.533935546875,1070.533935546875,24100,0.0,0.0
2017-06-16 00:00:00+09:00,1070.534029970601,1098.880032529399,1070.534029970601,1084.70703125,35000,0.0,0.0
2017-06-19 00:00:00+09:00,1086.5967794868088,1099.8249141936049,1079.982712133411,1097.9351806640625,19000,0.0,0.0
2017-06-20 00:00:00+09:00,1097.9352175787963,1109.2736191372692,1092.2660167995598,1099.824951171875,36500,0.0,0.0
2017-06-21 00:00:00+09:00,1096.0453784496754,1103.6043120941558,1074.3134442217938,1091.321044921875,21600,0.0,0.0
2017-06-22 00:00:00+09:00,1101.7145411680806,1102.6594078414666,1087.5415410672906,1089.4312744140625,13700,0.0,0.0
2017-06-23 00:00:00+09:00,1095.1005544150103,1104.5492218387808,1087.5416204759938,1090.376220703125,18100,0.0,0.0
2017-06-26 00:00:00+09:00,1095.1003841736156,1100.7695837465592,1087.5414514096908,1094.155517578125,6700,0.0,0.0
2017-06-27 00:00:00+09:00,1065.8096693962275,1103.6043385237533,1065.8096693962275,1098.8800048828125,45800,0.0,0.0
2017-06-28 00:00:00+09:00,1091.3211470383865,1097.9352145961948,1075.2584115408517,1080.9276123046875,26100,0.0,0.0
2017-06-29 00:00:00+09:00,1086.5967113940746,1097.9351118607954,1085.6518446885145,1091.321044921875,10600,0.0,0.0
2017-06-30 00:00:00+09:00,1077.1479708541485,1088.4863705473501,1077.1479708541485,1087.54150390625,15800,0.0,0.0
2017-07-03 00:00:00+09:00,1087.5414782568275,1113.0528769648504,1087.5414782568275,1101.7144775390625,44500,0.0,0.0
2017-07-04 00:00:00+09:00,1101.7146327852788,1103.6043662891987,1082.8172977460802,1084.70703125,25300,0.0,0.0
2017-07-05 00:00:00+09:00,1088.486487218371,1096.0454211573874,1079.0378197946002,1090.376220703125,17600,0.0,0.0
2017-07-06 00:00:00+09:00,1087.54150390625,1096.9901703172513,1084.7069039829496,1087.54150390625,20500,0.0,0.0
2017-07-07 00:00:00+09:00,1080.927597829093,1088.486532079646,1066.7545961093058,1067.699462890625,21600,0.0,0.0
2017-07-10 00:00:00+09:00,1086.596787143761,1086.596787143761,1066.7545849437445,1073.36865234375,18100,0.0,0.0
2017-07-11 00:00:00+09:00,1077.1481395079554,1086.596807398376,1072.4238055627452,1083.76220703125,21600,0.0,0.0
2017-07-12 00:00:00+09:00,1082.8171707007493,1095.100437035051,1080.927437418549,1087.54150390625,23200,0.0,0.0
2017-07-13 00:00:00+09:00,1088.4865466564686,1088.4865466564686,1077.148145128797,1080.9276123046875,16500,0.0,0.0
2017-07-14 00:00:00+09:00,1080.9274054455716,1092.2658048033923,1073.3684725403577,1082.817138671875,24900,0.0,0.0
2017-07-17 00:00:00+09:00,1082.817138671875,1082.817138671875,1082.817138671875,1082.817138671875,0,0.0,0.0
2017-07-18 00:00:00+09:00,1082.8171216337926,1082.8171216337926,1064.864656266391,1069.5889892578125,26900,0.0,0.0
2017-07-19 00:00:00+09:00,1062.975114391696,1062.975114391696,1051.636713171518,1054.4713134765625,25300,0.0,0.0
2017-07-20 00:00:00+09:00,1052.5814845400773,1063.9198847326095,1048.8020178092331,1062.0301513671875,16500,0.0,0.0
2017-07-21 00:00:00+09:00,1058.2506793478262,1065.8096127717392,1055.4160793138587,1064.86474609375,18500,0.0,0.0
2017-07-24 00:00:00+09:00,1062.9751432192077,1080.9276123046875,1058.2508092493445,1080.9276123046875,27900,0.0,0.0
2017-07-25 00:00:00+09:00,1078.0929750352316,1083.7621756050926,1073.368641227014,1079.037841796875,19900,0.0,0.0
2017-07-26 00:00:00+09:00,1079.0378047474644,1090.3762054978756,1069.589137455455,1077.1480712890625,19100,0.0,0.0
2017-07-27 00:00:00+09:00,1080.9274054455716,1093.2106714165438,1071.4787393140543,1082.817138671875,17300,0.0,0.0
2017-07-28 00:00:00+09:00,1080.9276123046875,1084.7070794805782,1072.4238111589339,1080.9276123046875,25000,0.0,0.0
2017-07-31 00:00:00+09:00,1077.1479389929646,1091.3209381902404,1070.5338727009025,1082.817138671875,22400,0.0,0.0
2017-08-01 00:00:00+09:00,1082.8171811033023,1087.5415143541895,1075.2582479018831,1081.872314453125,16300,0.0,0.0
2017-08-02 00:00:00+09:00,1084.7070093615303,1096.04541015625,1075.258342032597,1096.04541015625,16100,0.0,0.0
2017-08-03 00:00:00+09:00,1096.04541015625,1096.04541015625,1086.5967428273168,1096.04541015625,11800,0.0,0.0
2017-08-04 00:00:00+09:00,1079.037746263587,1094.155613111413,1079.037746263587,1086.5966796875,23200,0.0,0.0
2017-08-07 00:00:00+09:00,1092.2658113509058,1103.6042107766937,1092.2658113509058,1101.7144775390625,17500,0.0,0.0
2017-08-08 00:00:00+09:00,1104.5491943359375,1104.5491943359375,1095.100527147435,1104.5491943359375,12900,0.0,0.0
2017-08-09 00:00:00+09:00,1104.5491140573827,1104.5491140573827,1079.0377145025927,1081.872314453125,14600,0.0,0.0
2017-08-10 00:00:00+09:00,1072.4237418339171,1096.04541015625,1066.7545414365572,1096.04541015625,24600,0.0,0.0
2017-08-11 00:00:00+09:00,1096.04541015625,1096.04541015625,1096.04541015625,1096.04541015625,0,0.0,0.0
2017-08-14 00:00:00+09:00,1076.203210030508,1113.0530126566623,1071.4788763604881,1074.3134765625,43500,0.0,0.0
2017-08-15 00:00:00+09:00,1079.037746263587,1109.2734799592392,1079.037746263587,1086.5966796875,19100,0.0,0.0
2017-08-16 00:00:00+09:00,1087.5415780996348,1106.438912210836,1087.5415780996348,1091.321044921875,33500,0.0,0.0
2017-08-17 00:00:00+09:00,1100.769780958376,1108.328715076545,1096.0454471345204,1097.9351806640625,26000,0.0,0.0
2017-08-18 00:00:00+09:00,1082.8171811033023,1090.3761143047216,1076.2031145520607,1081.872314453125,22000,0.0,0.0
2017-08-21 00:00:00+09:00,1081.8724820376262,1103.6044183580327,1081.8724820376262,1099.824951171875,17200,0.0,0.0
2017-08-22 00:00:00+09:00,1099.8248607416863,1109.2735279301887,1096.0453938662854,1104.5491943359375,27100,0.0,0.0
2017-08-23 00:00:00+09:00,1109.2736191372692,1111.163352730348,1093.2108835960992,1099.824951171875,35300,0.0,0.0
2017-08-24 00:00:00+09:00,1097.9351381546244,1108.328672164694,1088.486470872743,1098.8800048828125,20700,0.0,0.0
2017-08-25 00:00:00+09:00,1098.8799200098913,1104.5491199411547,1093.210720078628,1100.7696533203125,16700,0.0,0.0
2017-08-28 00:00:00+09:00,1100.7697166929854,1111.1632504986703,1100.7697166929854,1110.2183837890625,32800,0.0,0.0
2017-08-29 00:00:00+09:00,1105.4939813483252,1113.9977812048508,1099.8247814439749,1103.604248046875,27000,0.0,0.0
2017-08-30 00:00:00+09:00,1103.604401441283,1115.8876696080097,1103.604401441283,1108.3287353515625,26000,0.0,0.0
2017-08-31 00:00:00+09:00,1110.2183573248046,1110.2183573248046,1093.2107569572756,1102.659423828125,27300,0.0,0.0
2017-09-01 00:00:00+09:00,1102.6595402644232,1109.273607772436,1098.8800731169872,1105.494140625,41600,0.0,0.0
2017-09-04 00:00:00+09:00,1105.4940774851832,1105.4940774851832,1088.4864762931036,1096.04541015625,27900,0.0,0.0
2017-09-05 00:00:00+09:00,1091.3209809548991,1097.9350475061408,1081.872314453125,1081.872314453125,18000,0.0,0.0
2017-09-06 00:00:00+09:00,1075.2583637304008,1089.4313650097997,1065.8096962108013,1084.70703125,20800,0.0,0.0
2017-09-07 00:00:00+09:00,1080.9275263646814,1109.2735279301887,1080.9275263646814,1104.5491943359375,17500,0.0,0.0
2017-09-08 00:00:00+09:00,1087.5416828168627,1101.7146847649537,1087.5416828168627,1099.824951171875,20400,0.0,0.0
2017-09-11 00:00:00+09:00,1098.8799147932498,1112.1080479034006,1098.8799147932498,1103.604248046875,19200,0.0,0.0
2017-09-12 00:00:00+09:00,1110.218474559295,1113.997941706731,1101.7146734775642,1105.494140625,26900,0.0,0.0
2017-09-13 00:00:00+09:00,1104.549273838141,1108.328740985577,1097.9352063301283,1105.494140625,18600,0.0,0.0
2017-09-14 00:00:00+09:00,1102.6595144879182,1105.4941147822317,1090.3762465458935,1097.9351806640625,38400,0.0,0.0
2017-09-15 00:00:00+09:00,1100.769753403449,1114.9427545202316,1099.82488666233,1112.108154296875,79700,0.0,0.0
2017-09-18 00:00:00+09:00,1112.108154296875,1112.108154296875,1112.108154296875,1112.108154296875,0,0.0,0.0
2017-09-19 00:00:00+09:00,1124.3914425011837,1125.336309259588,1116.832508433949,1122.501708984375,72000,0.0,0.0
2017-09-20 00:00:00+09:00,1122.5016455658424,1122.5016455658424,1103.6043114654074,1113.052978515625,59300,0.0,0.0
2017-09-21 00:00:00+09:00,1113.0529948055898,1113.0529948055898,1096.9902605851355,1104.5491943359375,44800,0.0,0.0
2017-09-22 00:00:00+09:00,1101.7145678563738,1102.6594345526487,1091.3210341973515,1096.990234375,23900,0.0,0.0
2017-09-25 00:00:00+09:00,1094.155713604978,1100.769780958376,1094.155713604978,1097.9351806640625,16100,0.0,0.0
2017-09-26 00:00:00+09:00,1103.604248046875,1108.3285813005004,1096.0453148410745,1103.604248046875,31500,0.0,0.0
2017-09-27 00:00:00+09:00,1103.604401441283,1111.1633356977302,1092.2660000566123,1108.3287353515625,21400,0.0,0.0
2017-09-28 00:00:00+09:00,1100.769674599576,1112.1080746812886,1098.8799412526241,1111.1632080078125,34900,0.0,0.0
2017-09-29 00:00:00+09:00,1113.9977759435378,1116.8323758823256,1106.4388427734375,1106.4388427734375,30300,0.0,0.0
2017-10-02 00:00:00+09:00,1106.4388375745316,1113.997770709114,1098.8799044399489,1109.2734375,39800,0.0,0.0
2017-10-03 00:00:00+09:00,1106.438927773638,1108.3286612113386,1099.8248607416863,1104.5491943359375,45700,0.0,0.0
2017-10-04 00:00:00+09:00,1104.5491146976,1113.0529145541257,1102.65938139615,1103.604248046875,62600,0.0,0.0
2017-10-05 00:00:00+09:00,1103.6043550964039,1104.5492218387808,1088.486487218371,1090.376220703125,34300,0.0,0.0
2017-10-06 00:00:00+09:00,1090.3761935531838,1105.4940610547878,1090.3761935531838,1104.5491943359375,24900,0.0,0.0
2017-10-09 00:00:00+09:00,1104.5491943359375,1104.5491943359375,1104.5491943359375,1104.5491943359375,0,0.0,0.0
2017-10-10 00:00:00+09:00,1103.604248046875,1105.4939813483252,1098.8799147932498,1103.604248046875,23900,0.0,0.0
2017-10-11 00:00:00+09:00,1106.4388375745316,1110.218304141823,1098.8799044399489,1109.2734375,48900,0.0,0.0
2017-10-12 00:00:00+09:00,1109.2734746608605,1116.8324080486686,1105.4940079669564,1111.1632080078125,47800,0.0,0.0
2017-10-13 00:00:00+09:00,1103.6043168218087,1113.9978506274933,1102.6594501122008,1110.2183837890625,88900,0.0,0.0
2017-10-16 00:00:00+09:00,1112.1081118106033,1124.391378975886,1110.2183784005597,1113.052978515625,44800,0.0,0.0
2017-10-17 00:00:00+09:00,1113.052936065389,1119.6670027482905,1110.2183360584315,1113.997802734375,77400,0.0,0.0
2017-10-18 00:00:00+09:00,1108.3285708581773,1112.1080374254686,1105.4939709327086,1109.2734375,48300,0.0,0.0
2017-10-19 00:00:00+09:00,1105.4940556340657,1110.2183892051514,1105.4940556340657,1107.3837890625,36000,0.0,0.0
2017-10-20 00:00:00+09:00,1106.4388746404325,1125.336208109953,1106.4388746404325,1111.1632080078125,75100,0.0,0.0
2017-10-23 00:00:00+09:00,1111.1632875557561,1123.446555190301,1110.2184208146373,1112.108154296875,47400,0.0,0.0
2017-10-24 00:00:00+09:00,1109.273506338974,1122.501640145401,1103.6043061362193,1115.8875732421875,48100,0.0,0.0
2017-10-25 00:00:00+09:00,1116.8324027413328,1118.7221360793046,1111.1632027274175,1113.997802734375,62500,0.0,0.0
2017-10-26 00:00:00+09:00,1113.99785606202,1113.99785606202,1105.4940556340657,1107.3837890625,42700,0.0,0.0
2017-10-27 00:00:00+09:00,1108.3287353515625,1110.2184689156743,1102.6595346592271,1108.3287353515625,31500,0.0,0.0
2017-10-30 00:00:00+09:00,1105.4940395371375,1119.667040044024,1100.7697060348419,1115.8875732421875,95600,0.0,0.0
2017-10-31 00:00:00+09:00,1110.2184193929036,1134.7849546305338,1110.2184193929036,1133.840087890625,100300,0.0,0.0
2017-11-01 00:00:00+09:00,1147.06815237748,1151.7924857892488,1140.4540856010035,1148.9578857421875,80500,0.0,0.0
2017-11-02 00:00:00+09:00,1152.7374546161825,1152.7374546161825,1137.6195863589212,1138.564453125,23700,0.0,0.0
2017-11-03 00:00:00+09:00,1138.564453125,1138.564453125,1138.564453125,1138.564453125,0,0.0,0.0
2017-11-06 00:00:00+09:00,1138.5644160878728,1144.2336164999285,1132.8952156758169,1136.6746826171875,41000,0.0,0.0
2017-11-07 00:00:00+09:00,1133.8399133310895,1150.8475120310559,1124.3912473866637,1140.4539794921875,56600,0.0,0.0
2017-11-08 00:00:00+09:00,1133.8400029898087,1141.398936343074,1130.060536313176,1135.729736328125,38200,0.0,0.0
2017-11-09 00:00:00+09:00,1142.343903543136,1163.1309720939623,1125.3363020015508,1147.0682373046875,155700,0.0,0.0
2017-11-10 00:00:00+09:00,1144.2335727539062,1182.973107421875,1135.7297724609375,1181.0833740234375,108800,0.0,0.0
2017-11-13 00:00:00+09:00,1266.1213741247525,1320.9236425570177,1260.4521739421043,1311.4749755859375,292900,0.0,0.0
2017-11-14 00:00:00+09:00,1286.9084939369682,1308.6404288566087,1281.239293523149,1304.8609619140625,124000,0.0,0.0
2017-11-15 00:00:00+09:00,1285.018767297048,1290.6879677410054,1273.6803664091328,1280.29443359375,172500,0.0,0.0
2017-11-16 00:00:00+09:00,1274.6251590290096,1318.0890265718817,1274.6251590290096,1298.246826171875,153500,0.0,0.0
2017-11-17 00:00:00+09:00,1285.9635702253718,1298.2468372444237,1268.9559697374534,1270.845703125,91200,0.0,0.0
2017-11-20 00:00:00+09:00,1298.2469096522177,1336.9864462575604,1296.357176159274,1318.089111328125,151000,0.0,0.0
2017-11-21 00:00:00+09:00,1331.3172266466865,1410.6860322097252,1330.3723599137932,1370.0567626953125,213700,0.0,0.0
2017-11-22 00:00:00+09:00,1378.5605823280355,1413.5206519278556,1370.0567816145658,1402.1822509765625,95800,0.0,0.0
2017-11-23 00:00:00+09:00,1402.1822509765625,1402.1822509765625,1402.1822509765625,1402.1822509765625,0,0.0,0.0
2017-11-24 00:00:00+09:00,1402.1821923109103,1414.465459494227,1374.78105782505,1411.630859375,88500,0.0,0.0
2017-11-27 00:00:00+09:00,1417.3000858880869,1472.1023558757595,1412.5757522684598,1419.1898193359375,170300,0.0,0.0
2017-11-28 00:00:00+09:00,1417.3000443038993,1426.7487112659253,1346.4350420887044,1376.6707763671875,132100,0.0,0.0
2017-11-29 00:00:00+09:00,1359.6631444484904,1441.866545120498,1359.6631444484904,1393.6783447265625,124100,0.0,0.0
2017-11-30 00:00:00+09:00,1374.7811502627178,1374.7811502627178,1339.8210797749373,1363.4427490234375,93100,0.0,0.0
2017-12-01 00:00:00+09:00,1388.9539578224062,1405.0166906679713,1371.001491700892,1378.5604248046875,86700,0.0,0.0
2017-12-04 00:00:00+09:00,1382.339976544403,1401.2373104684552,1371.001576189972,1376.6707763671875,59600,0.0,0.0
2017-12-05 00:00:00+09:00,1336.9863493546197,1371.0015497622283,1336.0414826766305,1369.11181640625,106500,0.0,0.0
2017-12-06 00:00:00+09:00,1366.2772903179844,1395.5681589209287,1348.324822464567,1372.891357421875,94700,0.0,0.0
2017-12-07 00:00:00+09:00,1372.891383406726,1407.8514530461264,1347.3799812374336,1380.4503173828125,80300,0.0,0.0
2017-12-08 00:00:00+09:00,1380.4502008349248,1410.6859341865452,1380.4502008349248,1399.3475341796875,64500,0.0,0.0
2017-12-11 00:00:00+09:00,1395.5681714690134,1429.5833740234375,1387.0643708304074,1429.5833740234375,51500,0.0,0.0
2017-12-12 00:00:00+09:00,1431.473120904738,1478.7164582283265,1429.5833874117943,1464.54345703125,113400,0.0,0.0
2017-12-13 00:00:00+09:00,1464.5433402477577,1464.5433402477577,1447.5357401674612,1461.708740234375,58100,0.0,0.0
2017-12-14 00:00:00+09:00,1448.480668852601,1498.558604566357,1443.7563352946995,1492.889404296875,99100,0.0,0.0
2017-12-15 00:00:00+09:00,1504.227777469291,1530.684044912218,1492.8893771366077,1528.7943115234375,150100,0.0,0.0
2017-12-18 00:00:00+09:00,1544.8570131324348,1556.1954132288197,1514.6212795420752,1524.0699462890625,62300,0.0,0.0
2017-12-19 00:00:00+09:00,1516.5111249192319,1525.9597923642114,1502.3381237517624,1508.00732421875,67100,0.0,0.0
2017-12-20 00:00:00+09:00,1494.7790845788045,1510.8418181046197,1490.999617866848,1499.50341796875,58200,0.0,0.0
2017-12-21 00:00:00+09:00,1490.054730251329,1522.1801968515479,1477.7714636100688,1510.841796875,83600,0.0,0.0
2017-12-22 00:00:00+09:00,1511.786791196742,1520.2905918972235,1505.1727239852562,1508.00732421875,35100,0.0,0.0
2017-12-25 00:00:00+09:00,1528.7943814738414,1528.7943814738414,1504.227846295646,1513.676513671875,25400,0.0,0.0
2017-12-26 00:00:00+09:00,1516.511150940398,1525.0149517867928,1507.0624833332927,1515.5662841796875,32500,0.0,0.0
2017-12-27 00:00:00+09:00,1507.0624313546668,1520.2905655483755,1492.8894304328362,1500.4483642578125,47800,0.0,0.0
2017-12-28 00:00:00+09:00,1503.2829326887486,1503.2829326887486,1486.2753319417986,1495.7239990234375,30300,0.0,0.0
2017-12-29 00:00:00+09:00,1496.668850083652,1503.2829169716479,1464.5433823419573,1482.495849609375,38900,0.0,0.0
2018-01-01 00:00:00+09:00,1482.495849609375,1482.495849609375,1482.495849609375,1482.495849609375,0,0.0,0.0
2018-01-02 00:00:00+09:00,1482.495849609375,1482.495849609375,1482.495849609375,1482.495849609375,0,0.0,0.0
2018-01-03 00:00:00+09:00,1482.495849609375,1482.495849609375,1482.495849609375,1482.495849609375,0,0.0,0.0
2018-01-04 00:00:00+09:00,1483.440746166088,1532.5738154658566,1448.480677625868,1530.68408203125,77500,0.0,0.0
2018-01-05 00:00:00+09:00,1537.298175258777,1542.9673756592397,1523.1251742576205,1538.2430419921875,72700,0.0,0.0
2018-01-08 00:00:00+09:00,1538.2430419921875,1538.2430419921875,1538.2430419921875,1538.2430419921875,0,0.0,0.0
2018-01-09 00:00:00+09:00,1532.5738006418292,1537.2981341826487,1491.944532190782,1495.7239990234375,71900,0.0,0.0
2018-01-10 00:00:00+09:00,1484.3857421875,1497.6138773820417,1473.9922073917887,1484.3857421875,53100,0.0,0.0
2018-01-11 00:00:00+09:00,1472.1022843070652,1481.5509510869565,1462.653617527174,1477.771484375,47000,0.0,0.0
2018-01-12 00:00:00+09:00,1470.2124932372737,1495.7238925415195,1470.2124932372737,1487.2200927734375,52100,0.0,0.0
2018-01-15 00:00:00+09:00,1489.109900412904,1494.7791005413794,1475.8817667797944,1490.9996337890625,43000,0.0,0.0
2018-01-16 00:00:00+09:00,1488.1649285704648,1506.1173943754418,1486.2751953278355,1504.2276611328125,56000,0.0,0.0
2018-01-17 00:00:00+09:00,1508.9521879876866,1568.4787927736754,1502.3381207892432,1551.47119140625,165300,0.0,0.0
2018-01-18 00:00:00+09:00,1554.3055946806558,1580.7618601220286,1544.856928451594,1547.6915283203125,101800,0.0,0.0
2018-01-19 00:00:00+09:00,1512.7316153089778,1514.6213487447167,1490.054814080111,1508.9521484375,88000,0.0,0.0
2018-01-22 00:00:00+09:00,1490.0548131872108,1534.4635489004631,1484.3856128833913,1530.68408203125,87000,0.0,0.0
2018-01-23 00:00:00+09:00,1529.7392705569478,1532.5738708112224,1499.5035345113502,1502.338134765625,43700,0.0,0.0
2018-01-24 00:00:00+09:00,1497.6137222153627,1500.4483223205023,1466.4331210588282,1479.6612548828125,83100,0.0,0.0
2018-01-25 00:00:00+09:00,1490.05477903243,1490.05477903243,1419.1897768590422,1420.1346435546875,173700,0.0,0.0
2018-01-26 00:00:00+09:00,1413.52058203125,1425.8038491210937,1398.40271484375,1417.300048828125,118100,0.0,0.0
2018-01-29 00:00:00+09:00,1426.7488873323655,1439.0321558988032,1408.7964178891107,1413.520751953125,61800,0.0,0.0
2018-01-30 00:00:00+09:00,1441.8665452048042,1441.8665452048042,1413.5205449714201,1415.4102783203125,65600,0.0,0.0
2018-01-31 00:00:00+09:00,1405.9616168478262,1431.4730171535327,1402.1821501358697,1412.57568359375,68800,0.0,0.0
2018-02-01 00:00:00+09:00,1412.575714852727,1445.646049314162,1412.575714852727,1439.031982421875,46300,0.0,0.0
2018-02-02 00:00:00+09:00,1417.3000381287352,1437.1422386625375,1405.0167711316194,1422.96923828125,57600,0.0,0.0
2018-02-05 00:00:00+09:00,1403.127060358037,1413.520594138467,1358.718325114382,1368.1669921875,117900,0.0,0.0
2018-02-06 00:00:00+09:00,1326.5928104176242,1329.427410439884,1255.727809861127,1285.0186767578125,80000,0.0,0.0
2018-02-07 00:00:00+09:00,1313.3647582918122,1351.1594275951736,1285.963623046875,1285.963623046875,68400,0.0,0.0
2018-02-08 00:00:00+09:00,1287.8533754410282,1330.372379032258,1287.8533754410282,1318.089111328125,56100,0.0,0.0
2018-02-09 00:00:00+09:00,1303.9160316517368,1328.4825655814072,1273.6802975844503,1295.4122314453125,93500,0.0,0.0
2018-02-12 00:00:00+09:00,1295.4122314453125,1295.4122314453125,1295.4122314453125,1295.4122314453125,0,0.0,0.0
2018-02-13 00:00:00+09:00,1352.1042691788948,1513.6764774455553,1352.1042691788948,1490.0548095703125,435300,0.0,0.0
2018-02-14 00:00:00+09:00,1490.0546524627807,1501.3930518474056,1439.0318552319688,1441.866455078125,160800,0.0,0.0
2018-02-15 00:00:00+09:00,1431.473120904738,1481.5510584677418,1422.9693201864918,1464.54345703125,66300,0.0,0.0
2018-02-16 00:00:00+09:00,1478.7164295110053,1533.5186997420842,1470.212628957907,1500.4483642578125,126500,0.0,0.0
2018-02-19 00:00:00+09:00,1515.5661938218616,1527.8494609787717,1502.3380599605734,1520.29052734375,95900,0.0,0.0
2018-02-20 00:00:00+09:00,1525.9596849524457,1592.100352411685,1521.2353515625,1586.43115234375,149600,0.0,0.0
2018-02-21 00:00:00+09:00,1585.486291053435,1585.486291053435,1525.0148234566414,1561.8646240234375,87000,0.0,0.0
2018-02-22 00:00:00+09:00,1550.5261921558565,1570.3683920554745,1547.6915921701968,1557.1402587890625,35800,0.0,0.0
2018-02-23 00:00:00+09:00,1572.2581937095824,1634.6193961043136,1572.2581937095824,1607.21826171875,136100,0.0,0.0
2018-02-26 00:00:00+09:00,1607.2183412581016,1634.6194769997155,1601.5491407598367,1608.1632080078125,78500,0.0,0.0
2018-02-27 00:00:00+09:00,1599.6592961518281,1651.6269637763705,1599.6592961518281,1645.957763671875,56100,0.0,0.0
2018-02-28 00:00:00+09:00,1625.1707775900486,1638.3989118262468,1600.6042425799665,1603.4388427734375,73800,0.0,0.0
2018-03-01 00:00:00+09:00,1592.10055454373,1592.10055454373,1538.2431470606482,1546.7469482421875,67000,0.0,0.0
2018-03-02 00:00:00+09:00,1528.7943423747436,1573.2030779072609,1528.7943423747436,1555.2506103515625,58500,0.0,0.0
2018-03-05 00:00:00+09:00,1530.6841559950353,1550.5263580171932,1524.0700886543161,1534.463623046875,80200,0.0,0.0
2018-03-06 00:00:00+09:00,1569.423562976577,1589.265763351356,1533.518628965072,1537.298095703125,43600,0.0,0.0
2018-03-07 00:00:00+09:00,1522.1803648158482,1522.1803648158482,1476.826759905134,1488.1651611328125,41700,0.0,0.0
2018-03-08 00:00:00+09:00,1540.1326637879547,1558.0851304210657,1521.235330489943,1532.57373046875,108300,0.0,0.0
2018-03-09 00:00:00+09:00,1559.0300717882997,1572.2582057307459,1533.5186706135821,1558.085205078125,72600,0.0,0.0
2018-03-12 00:00:00+09:00,1566.5891234271294,1605.328661461214,1550.526388144704,1601.5491943359375,52600,0.0,0.0
2018-03-13 00:00:00+09:00,1591.1554961323807,1627.0604301306173,1570.36842908077,1624.225830078125,94700,0.0,0.0
2018-03-14 00:00:00+09:00,1606.2734286756402,1606.2734286756402,1556.1954923698702,1568.478759765625,87700,0.0,0.0
2018-03-15 00:00:00+09:00,1573.2030188519022,1573.2030188519022,1527.849418308424,1564.69921875,53000,0.0,0.0
2018-03-16 00:00:00+09:00,1571.3134229100392,1595.8799586861433,1557.1404215007485,1577.927490234375,77400,0.0,0.0
2018-03-19 00:00:00+09:00,1559.9748695717203,1592.1003362982124,1556.1954028980153,1573.2030029296875,57600,0.0,0.0
2018-03-20 00:00:00+09:00,1541.0775731608574,1550.526240071715,1508.952105663942,1531.62890625,79500,0.0,0.0
2018-03-21 00:00:00+09:00,1531.62890625,1531.62890625,1531.62890625,1531.62890625,0,0.0,0.0
2018-03-22 00:00:00+09:00,1523.1250372110246,1539.1877702337215,1503.282837594752,1525.0147705078125,52800,0.0,0.0
2018-03-23 00:00:00+09:00,1469.2677713761543,1482.4959056522098,1419.1898344739448,1432.41796875,101600,0.0,0.0
2018-03-26 00:00:00+09:00,1508.0072669396034,1542.0224684495192,1450.3703977144683,1473.9920654296875,176400,0.0,0.0
2018-03-27 00:00:00+09:00,1501.393252997229,1505.1727199651264,1418.244979703487,1489.1099853515625,241900,0.0,0.0
2018-03-28 00:00:00+09:00,1438.0871394348146,1511.7867431640625,1436.1974060058594,1511.7867431640625,76800,0.0,0.0
2018-03-29 00:00:00+09:00,1505.1726391998786,1513.676439421347,1482.4958386092967,1509.89697265625,69300,0.0,0.0
2018-03-30 00:00:00+09:00,1509.8971631859695,1543.9123683641265,1471.1576239552908,1475.8819580078125,87800,0.0,0.0
2018-04-02 00:00:00+09:00,1462.6536393488545,1462.6536393488545,1414.4654380524776,1422.96923828125,108700,0.0,0.0
2018-04-03 00:00:00+09:00,1422.02451667463,1483.4408579263581,1422.02451667463,1452.26025390625,89100,0.0,0.0
2018-04-04 00:00:00+09:00,1446.5908246113218,1446.5908246113218,1414.4653588786077,1422.0242919921875,71500,0.0,0.0
2018-04-05 00:00:00+09:00,1371.9465873472152,1423.9142611103673,1365.3325197773595,1405.9617919921875,111900,0.0,0.0
2018-04-06 00:00:00+09:00,1400.2925285370327,1424.8590641254018,1395.5681947700386,1396.5130615234375,55000,0.0,0.0
2018-04-09 00:00:00+09:00,1373.8362142833826,1379.5054146174268,1353.994013114228,1356.82861328125,50100,0.0,0.0
2018-04-10 00:00:00+09:00,1302.9712842967413,1385.1746938209012,1286.9085491023652,1379.5054931640625,98600,0.0,0.0
2018-04-11 00:00:00+09:00,1426.7487404920266,1488.165077003273,1388.9540718697212,1468.3228759765625,152200,0.0,0.0
2018-04-12 00:00:00+09:00,1461.7088675079553,1461.7088675079553,1395.5681947700386,1396.5130615234375,86300,0.0,0.0
2018-04-13 00:00:00+09:00,1398.4027863048461,1473.0472593576048,1398.4027863048461,1442.8115234375,136400,0.0,0.0
2018-04-16 00:00:00+09:00,1442.8115164418414,1472.1023854724224,1433.3628490126218,1467.3780517578125,64200,0.0,0.0
2018-04-17 00:00:00+09:00,1467.3779663619662,1520.2905008862867,1450.3703659791488,1512.7315673828125,101300,0.0,0.0
2018-04-18 00:00:00+09:00,1514.6214245427263,1559.03016250499,1514.6214245427263,1553.3609619140625,86600,0.0,0.0
2018-04-19 00:00:00+09:00,1552.4159254796298,1565.6440587460418,1537.2980588894447,1557.1402587890625,71900,0.0,0.0
2018-04-20 00:00:00+09:00,1540.1327634361326,1578.8722992035446,1532.573829627857,1565.6441650390625,103600,0.0,0.0
2018-04-23 00:00:00+09:00,1568.4786854619565,1583.5965523097827,1556.195418648098,1564.69921875,44400,0.0,0.0
2018-04-24 00:00:00+09:00,1568.4788022952457,1587.3761372626582,1556.1955345664273,1567.533935546875,60700,0.0,0.0
2018-04-25 00:00:00+09:00,1543.912299807663,1565.6442354842702,1522.1803641310557,1550.5263671875,80200,0.0,0.0
2018-04-26 00:00:00+09:00,1559.030056174742,1562.80952297759,1533.518655255519,1544.8570556640625,50400,0.0,0.0
2018-04-27 00:00:00+09:00,1544.856938754811,1554.3056050468895,1524.0698729122387,1542.0223388671875,30000,0.0,0.0
2018-04-30 00:00:00+09:00,1542.0223388671875,1542.0223388671875,1542.0223388671875,1542.0223388671875,0,0.0,0.0
2018-05-01 00:00:00+09:00,1554.305738237426,1574.1479391510954,1542.0224710051546,1558.085205078125,48400,0.0,0.0
2018-05-02 00:00:00+09:00,1561.8646665115912,1564.6992666323017,1546.746799201134,1560.9197998046875,14900,0.0,0.0
2018-05-03 00:00:00+09:00,1560.9197998046875,1560.9197998046875,1560.9197998046875,1560.9197998046875,0,0.0,0.0
2018-05-04 00:00:00+09:00,1560.9197998046875,1560.9197998046875,1560.9197998046875,1560.9197998046875,0,0.0,0.0
2018-05-07 00:00:00+09:00,1566.5889257754059,1584.5413923554618,1559.0299924785402,1578.8721923828125,43800,0.0,0.0
2018-05-08 00:00:00+09:00,1578.872218919837,1604.3836192255435,1578.872218919837,1586.43115234375,46200,0.0,0.0
2018-05-09 00:00:00+09:00,1579.8171866803432,1591.1555875416852,1561.8647186498847,1576.0377197265625,35000,0.0,0.0
2018-05-10 00:00:00+09:00,1571.3133499600578,1576.9825502605752,1527.8494809894248,1552.416015625,46800,0.0,0.0
2018-05-11 00:00:00+09:00,1552.416095148908,1579.8172313383895,1545.8020277928263,1553.3609619140625,40500,0.0,0.0
2018-05-14 00:00:00+09:00,1583.5967335183868,1606.2735363849986,1509.8971242018986,1576.982666015625,125000,0.0,0.0
2018-05-15 00:00:00+09:00,1479.661260271713,1564.6992637356045,1476.82666015625,1476.82666015625,237400,0.0,0.0
2018-05-16 00:00:00+09:00,1506.1176270705002,1594.9351031963643,1506.1176270705002,1572.25830078125,160900,0.0,0.0
2018-05-17 00:00:00+09:00,1531.629082168006,1557.1404857574794,1468.323006594128,1484.3857421875,140400,0.0,0.0
2018-05-18 00:00:00+09:00,1495.7239882683439,1510.84185549026,1485.3304545532765,1501.3931884765625,78400,0.0,0.0
2018-05-21 00:00:00+09:00,1525.9597316492557,1638.3988697707798,1525.9597316492557,1560.9197998046875,169500,0.0,0.0
2018-05-22 00:00:00+09:00,1561.8647146801463,1647.847587660118,1561.8647146801463,1641.2335205078125,170300,0.0,0.0
2018-05-23 00:00:00+09:00,1640.2886053725126,1640.2886053725126,1491.944532190782,1495.7239990234375,372000,0.0,0.0
2018-05-24 00:00:00+09:00,1488.1649905688143,1488.1649905688143,1423.9140576426687,1448.4805908203125,167600,0.0,0.0
2018-05-25 00:00:00+09:00,1426.7488873323655,1445.6462235884233,1405.016950637899,1413.520751953125,93600,0.0,0.0
2018-05-28 00:00:00+09:00,1420.1346549004356,1433.3627887451503,1382.3399867726796,1392.7335205078125,107500,0.0,0.0
2018-05-29 00:00:00+09:00,1392.7335384871608,1392.7335384871608,1336.9864022790587,1340.765869140625,103100,0.0,0.0
2018-05-30 00:00:00+09:00,1326.5928591257252,1336.0415262135152,1286.908457357007,1302.97119140625,111500,0.0,0.0
2018-05-31 00:00:00+09:00,1308.6404510342004,1317.1442517990436,1287.853382497917,1293.5225830078125,94200,0.0,0.0
2018-06-01 00:00:00+09:00,1307.6954127879187,1314.3094791820772,1264.2315479120198,1297.3018798828125,130500,0.0,0.0
2018-06-04 00:00:00+09:00,1306.7505884531076,1308.6403217697427,1257.6175222205975,1274.6251220703125,139500,0.0,0.0
2018-06-05 00:00:00+09:00,1266.1212912770893,1297.301890241376,1214.153626336612,1291.6326904296875,274000,0.0,0.0
2018-06-06 00:00:00+09:00,1319.0339696995109,1384.2297747921086,1318.0891029590384,1364.3875732421875,238500,0.0,0.0
2018-06-07 00:00:00+09:00,1357.7734571096887,1412.575726081409,1354.9388569904618,1411.630859375,197700,0.0,0.0
2018-06-08 00:00:00+09:00,1423.9140515218644,1436.197318057886,1398.4026517932048,1407.851318359375,98400,0.0,0.0
2018-06-11 00:00:00+09:00,1385.1746359655754,1386.1195027022504,1360.608100812025,1367.22216796875,56100,0.0,0.0
2018-06-12 00:00:00+09:00,1376.6707817402962,1391.7886489385423,1362.4977812419404,1373.836181640625,60000,0.0,0.0
2018-06-13 00:00:00+09:00,1388.0093142718865,1415.410451177186,1378.5606463735076,1389.8990478515625,73700,0.0,0.0
2018-06-14 00:00:00+09:00,1376.6708408683292,1385.1746415325808,1354.9389058374632,1364.3875732421875,78700,0.0,0.0
2018-06-15 00:00:00+09:00,1364.3875260416667,1377.615659950658,1339.8209916392543,1346.43505859375,51600,0.0,0.0
2018-06-18 00:00:00+09:00,1354.9389488868462,1354.9389488868462,1289.743141722835,1301.08154296875,37300,0.0,0.0
2018-06-19 00:00:00+09:00,1280.2944128853935,1299.191747392927,1262.3419451032366,1269.90087890625,43600,0.0,0.0
2018-06-20 00:00:00+09:00,1266.1214888723273,1298.2469594855058,1238.7203521728516,1292.5777587890625,73600,0.0,0.0
2018-06-21 00:00:00+09:00,1284.073882990633,1321.8685520999966,1277.4598158964943,1310.5301513671875,44700,0.0,0.0
2018-06-22 00:00:00+09:00,1294.4673750379932,1321.868509254126,1280.2943745813727,1311.4749755859375,50600,0.0,0.0
2018-06-25 00:00:00+09:00,1307.6955041821561,1324.7031046700743,1266.1213696561338,1270.845703125,52300,0.0,0.0
2018-06-26 00:00:00+09:00,1249.1137586885873,1276.514892578125,1234.9407584008952,1276.514892578125,70600,0.0,0.0
2018-06-27 00:00:00+09:00,1248.168986032902,1288.7982565850707,1248.168986032902,1268.9560546875,54900,0.0,0.0
2018-06-28 00:00:00+09:00,1249.11376953125,1257.6175697776805,1234.9407691205324,1249.11376953125,65700,0.0,0.0
2018-06-29 00:00:00+09:00,1257.617673617522,1292.5777441838995,1252.893339757201,1279.349609375,83900,0.0,0.0
2018-07-02 00:00:00+09:00,1296.3572276125672,1299.1918279644897,1229.2716859504008,1230.216552734375,42200,0.0,0.0
2018-07-03 00:00:00+09:00,1227.3817984732204,1229.271531804203,1188.6422651880764,1203.7601318359375,80600,0.0,0.0
2018-07-04 00:00:00+09:00,1203.760282783098,1241.554954142065,1197.1462152952788,1230.216552734375,44100,0.0,0.0
2018-07-05 00:00:00+09:00,1215.0986218526268,1268.0111590406104,1215.0986218526268,1220.767822265625,59300,0.0,0.0
2018-07-06 00:00:00+09:00,1212.2640044336233,1262.3419407040692,1212.2640044336233,1251.0035400390625,63200,0.0,0.0
2018-07-09 00:00:00+09:00,1249.1138601802747,1257.6176610438317,1221.7127240643686,1244.3895263671875,37100,0.0,0.0
2018-07-10 00:00:00+09:00,1256.6727978771269,1279.3496002448346,1242.4997963973099,1263.286865234375,60500,0.0,0.0
2018-07-11 00:00:00+09:00,1264.2316577679576,1276.5149249958974,1243.4445901514441,1259.50732421875,38600,0.0,0.0
2018-07-12 00:00:00+09:00,1252.8933815526598,1252.8933815526598,1232.1063118738073,1237.7755126953125,33600,0.0,0.0
2018-07-13 00:00:00+09:00,1238.72027696882,1276.5149459838867,1238.72027696882,1269.90087890625,28300,0.0,0.0
2018-07-16 00:00:00+09:00,1269.90087890625,1269.90087890625,1269.90087890625,1269.90087890625,0,0.0,0.0
2018-07-17 00:00:00+09:00,1269.9008953651687,1282.1841629542662,1250.0586938750878,1261.3970947265625,41200,0.0,0.0
2018-07-18 00:00:00+09:00,1261.3970361872675,1285.0187035315985,1255.7278360246282,1270.845703125,20700,0.0,0.0
2018-07-19 00:00:00+09:00,1267.0662896536926,1271.790623321305,1247.2240882497197,1264.231689453125,21400,0.0,0.0
2018-07-20 00:00:00+09:00,1266.1213539426844,1273.6802873990587,1223.6023532505794,1235.8856201171875,37400,0.0,0.0
2018-07-23 00:00:00+09:00,1235.8856550829405,1308.640391658924,1230.2164548302665,1302.97119140625,58600,0.0,0.0
2018-07-24 00:00:00+09:00,1313.3647197717867,1348.3247878520428,1294.467385674351,1305.8057861328125,56000,0.0,0.0
2018-07-25 00:00:00+09:00,1319.9788014020107,1341.7107358560165,1307.6955341019204,1340.765869140625,27900,0.0,0.0
2018-07-26 00:00:00+09:00,1369.1118111923993,1428.6384116790252,1363.4426111460539,1393.6783447265625,83800,0.0,0.0
2018-07-27 00:00:00+09:00,1393.6783605489736,1430.5281612685737,1384.2296936977941,1406.906494140625,90100,0.0,0.0
2018-07-30 00:00:00+09:00,1411.630822399345,1411.630822399345,1363.442621634709,1366.2772216796875,35900,0.0,0.0
2018-07-31 00:00:00+09:00,1349.269621409816,1387.0642886761973,1335.096621184923,1366.2772216796875,35700,0.0,0.0
2018-08-01 00:00:00+09:00,1361.552915049299,1368.1669819509957,1351.1593813466325,1352.104248046875,13200,0.0,0.0
2018-08-02 00:00:00+09:00,1345.4901877374275,1350.2145212617866,1305.8057861328125,1305.8057861328125,36700,0.0,0.0
2018-08-03 00:00:00+09:00,1306.7506756007274,1312.419875928713,1270.8457401901505,1272.7354736328125,32800,0.0,0.0
2018-08-06 00:00:00+09:00,1261.3971855909306,1286.9085893444549,1252.8933843397558,1256.6728515625,28900,0.0,0.0
2018-08-07 00:00:00+09:00,1263.2868415676817,1298.2469112296146,1263.2868415676817,1296.357177734375,19300,0.0,0.0
2018-08-08 00:00:00+09:00,1286.9083572532804,1305.8056899589087,1280.2942908063105,1291.6326904296875,18100,0.0,0.0
2018-08-09 00:00:00+09:00,1272.7353731360456,1288.7981061303387,1271.7905064893225,1283.12890625,15300,0.0,0.0
2018-08-10 00:00:00+09:00,1274.6252401910212,1289.7431081250882,1254.7830385275583,1255.7279052734375,50000,0.0,0.0
2018-08-13 00:00:00+09:00,1417.300127137382,1507.0624685227497,1390.8438580974844,1502.338134765625,439800,0.0,0.0
2018-08-14 00:00:00+09:00,1499.503423364555,1502.3380234087224,1449.425489250931,1474.9368896484375,149400,0.0,0.0
2018-08-15 00:00:00+09:00,1475.8817934510955,1488.1650606181022,1462.6536595789346,1476.82666015625,54900,0.0,0.0
2018-08-16 00:00:00+09:00,1462.6535755291534,1497.6136416109225,1446.5908424645568,1478.71630859375,64200,0.0,0.0
2018-08-17 00:00:00+09:00,1485.3303856889431,1490.9995856343207,1457.929252619618,1473.047119140625,40800,0.0,0.0
2018-08-20 00:00:00+09:00,1473.0471247841544,1514.6212578762024,1454.1497915604962,1491.9444580078125,67100,0.0,0.0
2018-08-21 00:00:00+09:00,1477.771500155953,1509.8969675506476,1477.771500155953,1490.9996337890625,52000,0.0,0.0
2018-08-22 00:00:00+09:00,1490.999665482618,1517.455933311207,1477.7715315683236,1495.7239990234375,71400,0.0,0.0
2018-08-23 00:00:00+09:00,1510.8419928119395,1525.0149946206818,1508.007392450191,1514.6214599609375,37700,0.0,0.0
2018-08-24 00:00:00+09:00,1514.6212795420752,1538.2429464095437,1500.4482794215942,1524.0699462890625,64300,0.0,0.0
2018-08-27 00:00:00+09:00,1534.4635489004631,1557.1403501157408,1524.0700150101275,1530.68408203125,53300,0.0,0.0
2018-08-28 00:00:00+09:00,1522.1803213206645,1525.0149215465876,1475.8818509639218,1489.1099853515625,69500,0.0,0.0
2018-08-29 00:00:00+09:00,1489.1099260992853,1524.0699941612609,1489.1099260992853,1520.29052734375,37400,0.0,0.0
2018-08-30 00:00:00+09:00,1525.959789355112,1575.0928599721187,1521.2354556419382,1551.47119140625,90700,0.0,0.0
2018-08-31 00:00:00+09:00,1537.2980902405513,1598.714424515681,1514.6212898928113,1583.5965576171875,68100,0.0,0.0
2018-09-03 00:00:00+09:00,1568.4788301565352,1577.9274978080805,1543.9122942625172,1553.3609619140625,43500,0.0,0.0
2018-09-04 00:00:00+09:00,1530.684044912218,1549.5813788000232,1525.0148447458764,1528.7943115234375,32900,0.0,0.0
2018-09-05 00:00:00+09:00,1513.6763968691369,1537.298063486945,1502.337996892589,1510.841796875,53600,0.0,0.0
2018-09-06 00:00:00+09:00,1493.8342395271222,1499.5034396771305,1463.598505393746,1466.43310546875,64800,0.0,0.0
2018-09-07 00:00:00+09:00,1468.3228814071567,1469.267748126209,1432.4179460831722,1465.48828125,63200,0.0,0.0
2018-09-10 00:00:00+09:00,1469.2678001418415,1510.8419372519643,1469.2678001418415,1480.606201171875,38000,0.0,0.0
2018-09-11 00:00:00+09:00,1492.889523854199,1518.4009271099355,1478.7165220454567,1514.6214599609375,54600,0.0,0.0
2018-09-12 00:00:00+09:00,1512.7315566735765,1559.0300240545916,1478.716356148749,1540.1326904296875,75500,0.0,0.0
2018-09-13 00:00:00+09:00,1549.5814874157934,1590.210758122427,1549.5814874157934,1577.927490234375,90400,0.0,0.0
2018-09-14 00:00:00+09:00,1598.7145702655498,1623.2811062152568,1559.9750328063965,1572.25830078125,70400,0.0,0.0
2018-09-17 00:00:00+09:00,1572.25830078125,1572.25830078125,1572.25830078125,1572.25830078125,0,0.0,0.0
2018-09-18 00:00:00+09:00,1558.0851937295142,1587.3760615315853,1536.3532595537843,1585.486328125,46100,0.0,0.0
2018-09-19 00:00:00+09:00,1605.3284910710288,1664.8550919759582,1600.6041576658756,1648.7923583984375,115900,0.0,0.0
2018-09-20 00:00:00+09:00,1641.233398152622,1664.8550647927,1600.6041315316877,1619.50146484375,75700,0.0,0.0
2018-09-21 00:00:00+09:00,1633.67463805073,1658.2411739612674,1619.5016365638817,1656.3514404296875,70900,0.0,0.0
2018-09-24 00:00:00+09:00,1656.3514404296875,1656.3514404296875,1656.3514404296875,1656.3514404296875,0,0.0,0.0
2018-09-25 00:00:00+09:00,1673.3589772000857,1679.0281775745639,1641.2335084113772,1668.6346435546875,42500,0.0,0.0
2018-09-26 00:00:00+09:00,1668.634596249821,1679.0281299750463,1637.4539950741448,1650.68212890625,60200,0.0,0.0
2018-09-27 00:00:00+09:00,1650.682064808653,1650.682064808653,1598.7143982004814,1619.50146484375,43500,0.0,0.0
2018-09-28 00:00:00+09:00,1626.1157566323675,1645.0130925606925,1603.4389535183775,1609.108154296875,50600,0.0,0.0
2018-10-01 00:00:00+09:00,1625.1706588261145,1625.1706588261145,1569.4235257617304,1578.8721923828125,39300,0.0,0.0
2018-10-02 00:00:00+09:00,1578.872416811555,1629.8952238180325,1570.3686156438087,1609.108154296875,67400,0.0,0.0
2018-10-03 00:00:00+09:00,1605.3285563934014,1609.108023271314,1558.0852204194932,1571.3133544921875,82900,0.0,0.0
2018-10-04 00:00:00+09:00,1592.1004213670253,1618.5566894965664,1580.7620207400792,1593.0452880859375,74700,0.0,0.0
2018-10-05 00:00:00+09:00,1573.2029973641718,1577.9273306895898,1544.8569974116642,1554.3056640625,59300,0.0,0.0
2018-10-08 00:00:00+09:00,1554.3056640625,1554.3056640625,1554.3056640625,1554.3056640625,0,0.0,0.0
2018-10-09 00:00:00+09:00,1532.5738895209552,1546.7468909653537,1492.8894854766395,1534.463623046875,60300,0.0,0.0
2018-10-10 00:00:00+09:00,1544.8571610276717,1577.9274978080805,1537.2982269064353,1553.3609619140625,65400,0.0,0.0
2018-10-11 00:00:00+09:00,1487.2200927734375,1504.2276923096013,1468.3227599554777,1487.2200927734375,79400,0.0,0.0
2018-10-12 00:00:00+09:00,1471.1574282370727,1494.7790953571287,1468.3228281826662,1472.102294921875,51600,0.0,0.0
2018-10-15 00:00:00+09:00,1472.1022736167783,1480.6060736569266,1450.3703401808439,1461.708740234375,58200,0.0,0.0
2018-10-16 00:00:00+09:00,1453.2049245172418,1475.8817243796693,1442.8113912469623,1470.2125244140625,27400,0.0,0.0
2018-10-17 00:00:00+09:00,1485.3304922921318,1485.3304922921318,1468.3228912353516,1481.551025390625,40900,0.0,0.0
2018-10-18 00:00:00+09:00,1487.2202684393944,1528.7944055495175,1479.6613344193722,1480.606201171875,84800,0.0,0.0
2018-10-19 00:00:00+09:00,1480.6061221386656,1480.6061221386656,1441.866587353927,1457.9293212890625,45900,0.0,0.0
2018-10-22 00:00:00+09:00,1452.260120533131,1483.4407216896652,1421.0795193765964,1479.6612548828125,47500,0.0,0.0
2018-10-23 00:00:00+09:00,1480.6061487548357,1490.0548159453579,1464.5434145309478,1465.48828125,46300,0.0,0.0
2018-10-24 00:00:00+09:00,1468.3228759765625,1499.5034775899644,1460.7639422521015,1468.3228759765625,50900,0.0,0.0
2018-10-25 00:00:00+09:00,1417.3001283649442,1422.969328878404,1398.4027933200782,1418.2449951171875,50400,0.0,0.0
2018-10-26 00:00:00+09:00,1436.1973828124999,1449.4255166015625,1409.741115234375,1417.300048828125,42900,0.0,0.0
2018-10-29 00:00:00+09:00,1428.638427734375,1485.3304288349455,1427.6935610493656,1428.638427734375,52100,0.0,0.0
2018-10-30 00:00:00+09:00,1417.3000221599684,1483.4406898607667,1398.4026885311687,1453.2049560546875,59700,0.0,0.0
2018-10-31 00:00:00+09:00,1490.9996437478271,1534.4635116897791,1477.7715100263636,1528.7943115234375,40400,0.0,0.0
2018-11-01 00:00:00+09:00,1510.8418128432802,1554.305679879422,1472.102279180632,1524.0699462890625,80700,0.0,0.0
2018-11-02 00:00:00+09:00,1514.6213736569266,1563.7544437942693,1498.5586391889492,1538.2430419921875,73000,0.0,0.0
2018-11-05 00:00:00+09:00,1536.353349165483,1536.353349165483,1483.440810694839,1496.6689453125,66500,0.0,0.0
2018-11-06 00:00:00+09:00,1496.6688616071428,1499.503461723823,1435.2525257457387,1455.0947265625,65200,0.0,0.0
2018-11-07 00:00:00+09:00,1446.5908944322148,1511.7866956835687,1446.5908944322148,1472.102294921875,52200,0.0,0.0
2018-11-08 00:00:00+09:00,1478.716335211752,1508.9520685834939,1441.8665351649415,1486.2752685546875,95300,0.0,0.0
2018-11-09 00:00:00+09:00,1490.0547987744542,1521.2354001438625,1470.2125979030125,1495.7239990234375,72700,0.0,0.0
2018-11-12 00:00:00+09:00,1494.7790610728846,1696.0356603197395,1494.7790610728846,1687.5318603515625,230700,0.0,0.0
2018-11-13 00:00:00+09:00,1625.170723641982,1675.24865873095,1607.2182563459369,1610.0528564453125,158100,0.0,0.0
2018-11-14 00:00:00+09:00,1577.9274005289517,1599.6593347877338,1550.5262660287483,1560.9197998046875,65500,0.0,0.0
2018-11-15 00:00:00+09:00,1559.0300925381214,1579.8171604386296,1557.1403590926204,1568.478759765625,33100,0.0,0.0
2018-11-16 00:00:00+09:00,1556.1954345703125,1576.9825016987563,1546.7467676937472,1556.1954345703125,42700,0.0,0.0
2018-11-19 00:00:00+09:00,1559.0301550219872,1593.9902251649046,1559.0301550219872,1577.927490234375,19100,0.0,0.0
2018-11-20 00:00:00+09:00,1564.6991924511894,1616.6668588671407,1559.0299924785402,1578.8721923828125,44200,0.0,0.0
2018-11-21 00:00:00+09:00,1555.2505941984516,1571.3133281604041,1536.3532601255665,1563.75439453125,31500,0.0,0.0
2018-11-22 00:00:00+09:00,1559.0301660391,1576.0377678504358,1552.4160986680251,1572.25830078125,28600,0.0,0.0
2018-11-23 00:00:00+09:00,1572.25830078125,1572.25830078125,1572.25830078125,1572.25830078125,0,0.0,0.0
2018-11-26 00:00:00+09:00,1572.2581836401425,1602.4939179409143,1561.864649974252,1591.155517578125,20200,0.0,0.0
2018-11-27 00:00:00+09:00,1587.3760029560813,1587.3760029560813,1542.967269540048,1573.2030029296875,37800,0.0,0.0
2018-11-28 00:00:00+09:00,1554.305832202618,1589.2659025925857,1554.305832202618,1572.25830078125,38800,0.0,0.0
2018-11-29 00:00:00+09:00,1589.265795529645,1599.6593292697319,1555.2505941984516,1563.75439453125,42800,0.0,0.0
2018-11-30 00:00:00+09:00,1568.4786854619565,1576.9824855638587,1554.3056852921197,1564.69921875,40300,0.0,0.0
2018-12-03 00:00:00+09:00,1566.5890328863698,1596.8247681411128,1540.1327645384697,1543.9122314453125,56300,0.0,0.0
2018-12-04 00:00:00+09:00,1581.7068631283018,1585.4863299458127,1517.455927230617,1520.29052734375,69800,0.0,0.0
2018-12-05 00:00:00+09:00,1509.8970704994615,1536.3533395695397,1471.157533646847,1480.606201171875,62900,0.0,0.0
2018-12-06 00:00:00+09:00,1464.5434377061347,1472.1023715781662,1422.0244346759566,1432.41796875,65400,0.0,0.0
2018-12-07 00:00:00+09:00,1425.8038599711344,1428.6384600903614,1396.5129920724564,1411.630859375,55500,0.0,0.0
2018-12-10 00:00:00+09:00,1383.284896955819,1387.0643638873923,1354.9388949690194,1370.0567626953125,49500,0.0,0.0
2018-12-11 00:00:00+09:00,1370.056672336003,1370.056672336003,1337.9312055364003,1353.049072265625,35400,0.0,0.0
2018-12-12 00:00:00+09:00,1353.0490987141927,1381.3950993855794,1353.0490987141927,1360.6080322265625,44800,0.0,0.0
2018-12-13 00:00:00+09:00,1375.7258779131355,1399.3475447729077,1371.0015445411811,1393.6783447265625,43900,0.0,0.0
2018-12-14 00:00:00+09:00,1377.6156822253186,1387.064349455945,1335.0966796875,1335.0966796875,76900,0.0,0.0
2018-12-17 00:00:00+09:00,1335.0966851417054,1349.2696860455453,1311.4750169686392,1332.2620849609375,59200,0.0,0.0
2018-12-18 00:00:00+09:00,1277.4598758308714,1287.8534103235784,1254.7830733013293,1279.349609375,105300,0.0,0.0
2018-12-19 00:00:00+09:00,1279.349551662414,1298.2468862512235,1254.7830166969613,1267.0662841796875,90100,0.0,0.0
2018-12-20 00:00:00+09:00,1266.1214040239558,1275.5700712181645,1206.5948007004415,1210.374267578125,83600,0.0,0.0
2018-12-21 00:00:00+09:00,1214.153851185261,1226.4371197186526,1182.0283796363901,1213.208984375,79300,0.0,0.0
2018-12-24 00:00:00+09:00,1213.208984375,1213.208984375,1213.208984375,1213.208984375,0,0.0,0.0
2018-12-25 00:00:00+09:00,1184.8628474480902,1195.2563811976347,1121.5567782463181,1134.784912109375,54200,0.0,0.0
2018-12-26 00:00:00+09:00,1176.3590566925614,1199.980724497633,1159.3514558729098,1172.57958984375,62300,0.0,0.0
2018-12-27 00:00:00+09:00,1227.3818252738865,1236.8304921351173,1186.752557770594,1233.051025390625,52700,0.0,0.0
2018-12-28 00:00:00+09:00,1240.610072639418,1240.610072639418,1200.9256681833208,1216.9884033203125,32800,0.0,0.0
2018-12-31 00:00:00+09:00,1216.9884033203125,1216.9884033203125,1216.9884033203125,1216.9884033203125,0,0.0,0.0
2019-01-04 00:00:00+09:00,1165.020482970835,1165.020482970835,1113.0528215244474,1132.89501953125,59300,0.0,0.0
2019-01-07 00:00:00+09:00,1163.1309227217214,1177.3039234047642,1145.178455189867,1172.57958984375,59400,0.0,0.0
2019-01-08 00:00:00+09:00,1178.248847730232,1191.476982347893,1162.186112837358,1184.8629150390625,53600,0.0,0.0
2019-01-09 00:00:00+09:00,1191.4769023094573,1198.0909691739823,1148.0130343425778,1183.91796875,46800,0.0,0.0
2019-01-10 00:00:00+09:00,1171.6347021087397,1172.5795688039889,1111.1632336128048,1162.18603515625,88300,0.0,0.0
2019-01-11 00:00:00+09:00,1184.8628350619613,1236.8305032664332,1173.52443472644,1205.64990234375,64200,0.0,0.0
2019-01-15 00:00:00+09:00,1211.3190706656926,1233.0510040707713,1192.421737269972,1222.657470703125,23100,0.0,0.0
2019-01-16 00:00:00+09:00,1210.3740908897912,1210.3740908897912,1179.1934937005929,1195.2562255859375,57000,0.0,0.0
2019-01-17 00:00:00+09:00,1196.201273227403,1217.933207891092,1174.469338563714,1185.8077392578125,65800,0.0,0.0
2019-01-18 00:00:00+09:00,1186.7525368714944,1225.4920703203252,1166.9103368123374,1179.193603515625,68300,0.0,0.0
2019-01-21 00:00:00+09:00,1179.1936743951612,1186.7526082053867,1131.0054713549744,1142.3438720703125,191000,0.0,0.0
2019-01-22 00:00:00+09:00,1142.3437920292722,1142.3437920292722,1096.9901923457278,1119.6669921875,142300,0.0,0.0
2019-01-23 00:00:00+09:00,1114.9428172059288,1132.8952862965327,1111.1633500289595,1121.556884765625,76800,0.0,0.0
2019-01-24 00:00:00+09:00,1126.281005859375,1148.0129380194132,1118.7220729341443,1126.281005859375,34700,0.0,0.0
2019-01-25 00:00:00+09:00,1131.9503273292826,1168.8001293041089,1126.281127025463,1148.0130615234375,62300,0.0,0.0
2019-01-28 00:00:00+09:00,1143.2887647968878,1163.1309664999742,1127.2260300848654,1149.90283203125,47700,0.0,0.0
2019-01-29 00:00:00+09:00,1139.5092978058237,1149.90283203125,1125.3362965893334,1149.90283203125,32600,0.0,0.0
2019-01-30 00:00:00+09:00,1142.343685248775,1150.8474843945476,1129.1155532442401,1132.89501953125,61500,0.0,0.0
2019-01-31 00:00:00+09:00,1136.6746826171875,1143.2887497645859,1120.6119481163628,1136.6746826171875,58500,0.0,0.0
2019-02-01 00:00:00+09:00,1136.6746609157988,1156.5168619791668,1130.060593894676,1148.0130615234375,43200,0.0,0.0
2019-02-04 00:00:00+09:00,1160.2963288483797,1179.1936631944445,1144.2335946542246,1148.0130615234375,146000,0.0,0.0
2019-02-05 00:00:00+09:00,1148.0131523195378,1150.8477526956353,1128.1709496868543,1143.288818359375,62000,0.0,0.0
2019-02-06 00:00:00+09:00,1151.7926048865686,1158.4066723469507,1123.4466014849302,1130.0606689453125,38100,0.0,0.0
2019-02-07 00:00:00+09:00,1121.556825719083,1135.7298268865525,1099.8248905956298,1131.0054931640625,62100,0.0,0.0
2019-02-08 00:00:00+09:00,1117.7771812255658,1145.1783124644005,1113.052848253353,1140.4539794921875,61800,0.0,0.0
2019-02-12 00:00:00+09:00,1106.4389669553452,1147.0682373046875,1097.9351661845526,1147.0682373046875,86300,0.0,0.0
2019-02-13 00:00:00+09:00,1134.7850028455855,1136.6747364056948,1114.9428004644387,1130.0606689453125,66800,0.0,0.0
2019-02-14 00:00:00+09:00,1129.1156422837385,1131.0053755762635,1083.7620432631365,1106.4388427734375,145400,0.0,0.0
2019-02-15 00:00:00+09:00,1105.4940708411282,1126.2811388398502,1093.2108033873378,1120.6119384765625,111600,0.0,0.0
2019-02-18 00:00:00+09:00,1138.5643108737086,1171.6346435546875,1128.1707777454008,1171.6346435546875,102000,0.0,0.0
2019-02-19 00:00:00+09:00,1158.4064144212373,1163.130747269611,1117.7771519252233,1157.4615478515625,112900,0.0,0.0
2019-02-20 00:00:00+09:00,1157.4617884465767,1169.7450564056016,1132.895252528527,1138.564453125,56800,0.0,0.0
2019-02-21 00:00:00+09:00,1138.5644621154486,1158.4066643597841,1119.6671266446526,1154.627197265625,75500,0.0,0.0
2019-02-22 00:00:00+09:00,1156.5168610851676,1170.6898618337605,1154.627127652022,1169.7449951171875,55200,0.0,0.0
2019-02-25 00:00:00+09:00,1174.4693428308824,1208.4845450367648,1161.2412086397057,1204.705078125,98700,0.0,0.0
2019-02-26 00:00:00+09:00,1204.7049936147837,1245.3342600661058,1189.5871270282453,1228.32666015625,223300,0.0,0.0
2019-02-27 00:00:00+09:00,1192.4217846275035,1204.705051822557,1160.296316578902,1197.1461181640625,133500,0.0,0.0
2019-02-28 00:00:00+09:00,1172.5796172249377,1177.3039508962709,1158.4066162109375,1158.4066162109375,111400,0.0,0.0
2019-03-01 00:00:00+09:00,1153.6823384466777,1155.572072006787,1128.1709353852034,1130.0606689453125,130400,0.0,0.0
2019-03-04 00:00:00+09:00,1131.9503380812525,1146.1233389754252,1121.5568040921928,1142.3438720703125,94200,0.0,0.0
2019-03-05 00:00:00+09:00,1137.6193523900126,1137.6193523900126,1103.6041558069226,1132.89501953125,166100,0.0,0.0
2019-03-06 00:00:00+09:00,1127.2258724750288,1134.7848054002595,1122.5015393967597,1126.281005859375,57200,0.0,0.0
2019-03-07 00:00:00+09:00,1075.2583543151802,1099.824889651028,1052.5815524667055,1068.644287109375,238100,0.0,0.0
2019-03-08 00:00:00+09:00,1040.298249449911,1065.809650662579,1033.684182468849,1045.0225830078125,177700,0.0,0.0
2019-03-11 00:00:00+09:00,1033.6841986490142,1046.9123328181972,1022.3457979325717,1036.518798828125,71500,0.0,0.0
2019-03-12 00:00:00+09:00,1041.2429773798792,1048.8019100650326,1028.014845180861,1031.7943115234375,137600,0.0,0.0
2019-03-13 00:00:00+09:00,1035.5739471408078,1049.7469482421875,1034.6290804007158,1049.7469482421875,78800,0.0,0.0
2019-03-14 00:00:00+09:00,1048.8020021686066,1072.4236688841156,1031.79440213344,1070.533935546875,86100,0.0,0.0
2019-03-15 00:00:00+09:00,1056.360945991848,1095.1004797894022,1045.0225458559783,1086.5966796875,213200,0.0,0.0
2019-03-18 00:00:00+09:00,1077.1479858725704,1096.9901856123283,1052.5814528614417,1057.3057861328125,129600,0.0,0.0
2019-03-19 00:00:00+09:00,1062.9750127377717,1087.5415463654892,1057.305812669837,1086.5966796875,124200,0.0,0.0
2019-03-20 00:00:00+09:00,1053.5264042348017,1076.203205760932,1045.0226036625027,1055.4161376953125,198200,0.0,0.0
2019-03-22 00:00:00+09:00,1056.3608537585008,1096.990117364597,1056.3608537585008,1094.155517578125,199300,0.0,0.0
2019-03-25 00:00:00+09:00,1066.754613081756,1066.754613081756,1055.4162115255283,1059.1956787109375,167700,0.0,0.0
2019-03-26 00:00:00+09:00,1062.9751289840292,1079.0378642664546,1061.085395421391,1067.699462890625,207500,0.0,0.0
2019-03-27 00:00:00+09:00,1051.6367362038197,1085.6519406093341,1051.6367362038197,1083.76220703125,60800,0.0,0.0
2019-03-28 00:00:00+09:00,1069.5891874438455,1082.8173222708895,1048.8021184299191,1051.63671875,79700,0.0,0.0
2019-03-29 00:00:00+09:00,1058.2506846363435,1065.8096180980317,1045.0225510783891,1062.0301513671875,74900,0.0,0.0
2019-04-01 00:00:00+09:00,1065.809539635144,1095.1004046428475,1064.8646730219923,1082.817138671875,47300,0.0,0.0
2019-04-02 00:00:00+09:00,1091.3210130774457,1093.210746433424,1081.8723462975545,1086.5966796875,45800,0.0,0.0
2019-04-03 00:00:00+09:00,1070.533887590681,1172.5794832303927,1061.0852213277446,1164.07568359375,215900,0.0,0.0
2019-04-04 00:00:00+09:00,1165.9655273824717,1200.9255958696285,1142.3438594857441,1191.4769287109375,237300,0.0,0.0
2019-04-05 00:00:00+09:00,1188.6423191879735,1188.6423191879735,1135.7297835166487,1153.6822509765625,151300,0.0,0.0
2019-04-08 00:00:00+09:00,1151.7926309275074,1151.7926309275074,1125.336360487827,1137.61962890625,82800,0.0,0.0
2019-04-09 00:00:00+09:00,1134.7847799255321,1146.1231790588429,1126.280980575549,1140.4539794921875,65400,0.0,0.0
2019-04-10 00:00:00+09:00,1133.840136065531,1135.72986962564,1122.5017347048756,1130.0606689453125,30700,0.0,0.0
2019-04-11 00:00:00+09:00,1126.2811388398502,1127.226005567065,1096.9902702961965,1120.6119384765625,53200,0.0,0.0
2019-04-12 00:00:00+09:00,1125.336262150643,1125.336262150643,1091.3210602720342,1104.5491943359375,42400,0.0,0.0
2019-04-15 00:00:00+09:00,1110.2183892051514,1127.2259900610602,1104.5491889198486,1107.3837890625,63900,0.0,0.0
2019-04-16 00:00:00+09:00,1103.6042474072053,1114.9426472093342,1070.5339146509962,1081.872314453125,140000,0.0,0.0
2019-04-17 00:00:00+09:00,1079.0378563692825,1096.0454583085532,1079.0378563692825,1092.2659912109375,59400,0.0,0.0
2019-04-18 00:00:00+09:00,1083.7621014924327,1086.5967015835201,1044.0777002172085,1053.5263671875,111300,0.0,0.0
2019-04-19 00:00:00+09:00,1062.0302090204486,1079.9826769665237,1051.636674946405,1074.3134765625,66800,0.0,0.0
2019-04-22 00:00:00+09:00,1065.8097718528566,1079.982774138134,1055.416236843653,1066.754638671875,71200,0.0,0.0
2019-04-23 00:00:00+09:00,1059.1955090060762,1081.872308485243,1058.250642361111,1062.9749755859375,80600,0.0,0.0
2019-04-24 00:00:00+09:00,1062.9750341577915,1082.8172347954035,1053.5263671875,1053.5263671875,82900,0.0,0.0
2019-04-25 00:00:00+09:00,1053.5262400946165,1066.7543722572395,1049.7467737624386,1056.36083984375,85200,0.0,0.0
2019-04-26 00:00:00+09:00,1054.4713700246346,1069.5892391289303,1053.526503205616,1066.754638671875,72800,0.0,0.0
2019-05-07 00:00:00+09:00,1062.9749525369143,1062.9749525369143,1030.8494873046875,1030.8494873046875,91400,0.0,0.0
2019-05-08 00:00:00+09:00,1020.4561083847857,1022.3458419188315,998.7241727432578,1013.842041015625,129500,0.0,0.0
2019-05-09 00:00:00+09:00,1006.2830011988923,1009.1176012022695,973.2126678261587,983.606201171875,85600,0.0,0.0
2019-05-10 00:00:00+09:00,980.7716038900824,1002.5035373096122,976.0472705380107,993.0548706054688,96200,0.0,0.0
2019-05-13 00:00:00+09:00,993.0548520042784,1006.2829851422991,983.6061854771206,992.1099853515625,85100,0.0,0.0
2019-05-14 00:00:00+09:00,1105.4940556340657,1129.1157234894945,1058.2507199232082,1107.3837890625,346600,0.0,0.0
2019-05-15 00:00:00+09:00,1118.7222675846572,1146.1234042062408,1116.832534024548,1130.0606689453125,183700,0.0,0.0
2019-05-16 00:00:00+09:00,1135.729709542177,1141.3989094234191,1117.777243251577,1128.1707763671875,98800,0.0,0.0
2019-05-17 00:00:00+09:00,1138.5644843992122,1150.8477526956353,1133.8401504390495,1143.288818359375,77900,0.0,0.0
2019-05-20 00:00:00+09:00,1142.343881728404,1164.0758166165376,1133.8400811200042,1158.4066162109375,71600,0.0,0.0
2019-05-21 00:00:00+09:00,1146.1233513266352,1150.847685008938,1113.0530155505164,1114.9427490234375,62900,0.0,0.0
2019-05-22 00:00:00+09:00,1120.6119452114763,1121.5568119443697,1083.7621426286369,1096.04541015625,61500,0.0,0.0
2019-05-23 00:00:00+09:00,1096.0452540097724,1096.0452540097724,1062.9749230698226,1069.5889892578125,60000,0.0,0.0
2019-05-24 00:00:00+09:00,1065.8096026160943,1113.997802734375,1052.5814692502915,1113.997802734375,42100,0.0,0.0
2019-05-27 00:00:00+09:00,1126.2811760179925,1133.8401100852273,1112.108174641927,1122.501708984375,43100,0.0,0.0
2019-05-28 00:00:00+09:00,1123.446559208079,1145.178494331532,1112.1081582741033,1131.0054931640625,52000,0.0,0.0
2019-05-29 00:00:00+09:00,1116.8323146311232,1144.233445869958,1111.1631150644678,1140.4539794921875,48800,0.0,0.0
2019-05-30 00:00:00+09:00,1141.3990791490621,1148.9580134480625,1117.777409464686,1146.1234130859375,28700,0.0,0.0
2019-05-31 00:00:00+09:00,1138.564357725512,1162.1860248982405,1109.2734904313288,1124.391357421875,101500,0.0,0.0
2019-06-03 00:00:00+09:00,1118.7221413956208,1118.7221413956208,1093.210741211768,1111.1632080078125,88000,0.0,0.0
2019-06-04 00:00:00+09:00,1116.8325363900656,1116.8325363900656,1086.5967993642769,1108.3287353515625,64900,0.0,0.0
2019-06-05 00:00:00+09:00,1129.1157487344465,1149.9028169119842,1115.8876144396495,1136.6746826171875,89600,0.0,0.0
2019-06-06 00:00:00+09:00,1132.895046736647,1171.6345771087924,1131.9501801422043,1140.4539794921875,115300,0.0,0.0
2019-06-07 00:00:00+09:00,1148.0129445897471,1168.8000102531005,1135.7296785159472,1145.1783447265625,172600,0.0,0.0
2019-06-10 00:00:00+09:00,1173.5242942116477,1221.7124898676816,1166.9102281412117,1195.2562255859375,156900,0.0,0.0
2019-06-11 00:00:00+09:00,1195.2563368968474,1195.2563368968474,1163.1308701344026,1179.193603515625,83800,0.0,0.0
2019-06-12 00:00:00+09:00,1168.8002141336615,1216.9884202135459,1168.8002141336615,1208.484619140625,67900,0.0,0.0
2019-06-13 00:00:00+09:00,1195.2564753367672,1204.7051431259906,1171.6348058637084,1192.421875,78200,0.0,0.0
2019-06-14 00:00:00+09:00,1195.2564493815105,1199.0359164151278,1158.4066458037405,1184.8629150390625,84300,0.0,0.0
2019-06-17 00:00:00+09:00,1191.4770450833478,1204.7051803975166,1170.6899753039397,1194.3116455078125,64400,0.0,0.0
2019-06-18 00:00:00+09:00,1181.083396629051,1181.083396629051,1135.7297941984955,1148.0130615234375,109000,0.0,0.0
2019-06-19 00:00:00+09:00,1166.910400390625,1181.0834012050861,1164.0758002277328,1166.910400390625,57700,0.0,0.0
2019-06-20 00:00:00+09:00,1163.1308541321098,1169.7449207274994,1144.2335210024248,1165.9654541015625,49500,0.0,0.0
2019-06-21 00:00:00+09:00,1165.9655168227728,1198.0909848713743,1157.4617164569665,1197.1461181640625,63000,0.0,0.0
2019-06-24 00:00:00+09:00,1185.8076703951735,1210.3742038057508,1153.6822036274955,1200.925537109375,72500,0.0,0.0
2019-06-25 00:00:00+09:00,1181.0833902535758,1185.80772381459,1169.7449897071415,1172.57958984375,42100,0.0,0.0
2019-06-26 00:00:00+09:00,1172.5795688039889,1183.9179691469765,1162.18603515625,1162.18603515625,51900,0.0,0.0
2019-06-27 00:00:00+09:00,1164.0757421258872,1201.8704090780263,1164.0757421258872,1198.0909423828125,44200,0.0,0.0
2019-06-28 00:00:00+09:00,1191.4769179201917,1212.2639854810516,1186.7525843836327,1197.1461181640625,58300,0.0,0.0
2019-07-01 00:00:00+09:00,1185.80783297321,1213.2089701494833,1185.80783297321,1199.9808349609375,108200,0.0,0.0
2019-07-02 00:00:00+09:00,1191.476818102626,1216.043350434639,1170.6897522832307,1207.53955078125,78400,0.0,0.0
2019-07-03 00:00:00+09:00,1209.429358424337,1216.04342522822,1195.2563581303018,1211.319091796875,58600,0.0,0.0
2019-07-04 00:00:00+09:00,1209.4293371361132,1211.3190704753883,1193.3666037522742,1200.925537109375,41600,0.0,0.0
2019-07-05 00:00:00+09:00,1193.3666828083542,1206.5948170595948,1184.862882218271,1201.8704833984375,55300,0.0,0.0
2019-07-08 00:00:00+09:00,1199.9807025638468,1199.9807025638468,1171.6347017158819,1183.91796875,44300,0.0,0.0
2019-07-09 00:00:00+09:00,1186.7524760532694,1186.7524760532694,1139.5091450001933,1145.1783447265625,76700,0.0,0.0
2019-07-10 00:00:00+09:00,1140.4541123363992,1146.1233125634237,1116.8324447237978,1134.784912109375,81400,0.0,0.0
2019-07-11 00:00:00+09:00,1148.9578440020161,1178.2487100908834,1143.2886441138482,1171.6346435546875,77700,0.0,0.0
2019-07-12 00:00:00+09:00,1170.6898456686674,1180.138512703927,1163.1309120404596,1178.248779296875,42400,0.0,0.0
2019-07-16 00:00:00+09:00,1178.248785395392,1195.256386146889,1142.3438504755643,1153.6822509765625,90300,0.0,0.0
2019-07-17 00:00:00+09:00,1162.1860776673107,1182.028278993338,1156.5168772884458,1161.2412109375,56400,0.0,0.0
2019-07-18 00:00:00+09:00,1166.91035281083,1166.91035281083,1121.55675205381,1127.2259521484375,50800,0.0,0.0
2019-07-19 00:00:00+09:00,1127.225909720314,1140.4540427765455,1117.777243251577,1128.1707763671875,35500,0.0,0.0
2019-07-22 00:00:00+09:00,1122.5016240480568,1128.1708241695117,1113.0529571789652,1124.391357421875,32600,0.0,0.0
2019-07-23 00:00:00+09:00,1118.7221520064963,1139.5092190201306,1115.8875519591825,1127.2259521484375,23200,0.0,0.0
2019-07-24 00:00:00+09:00,1131.9503802368972,1142.343914613029,1123.4465793836985,1141.3990478515625,18100,0.0,0.0
2019-07-25 00:00:00+09:00,1136.6747030292745,1148.957970809308,1130.0606357631025,1147.0682373046875,36200,0.0,0.0
2019-07-26 00:00:00+09:00,1142.3438885498047,1142.3438885498047,1129.1157541910807,1133.840087890625,17800,0.0,0.0
2019-07-29 00:00:00+09:00,1133.840018824527,1163.130885977494,1119.6670185892206,1148.9578857421875,48800,0.0,0.0
2019-07-30 00:00:00+09:00,1152.7373735323706,1166.9103740266212,1148.9579067339039,1159.3514404296875,30700,0.0,0.0
2019-07-31 00:00:00+09:00,1147.0681146194113,1147.0681146194113,1123.4464483381219,1125.336181640625,26300,0.0,0.0
2019-08-01 00:00:00+09:00,1125.3361392437212,1141.3988717098364,1117.7772063184905,1126.281005859375,22300,0.0,0.0
2019-08-02 00:00:00+09:00,1106.4389342994723,1106.4389342994723,1067.6993985981246,1079.982666015625,89300,0.0,0.0
2019-08-05 00:00:00+09:00,1069.5890526383769,1069.5890526383769,1032.7392531216838,1057.3057861328125,41300,0.0,0.0
2019-08-06 00:00:00+09:00,993.0549087455619,1047.857177734375,993.0549087455619,1047.857177734375,62900,0.0,0.0
2019-08-07 00:00:00+09:00,1040.2982177734375,1056.3609513812019,1037.4636177250086,1040.2982177734375,48300,0.0,0.0
2019-08-08 00:00:00+09:00,1029.9046948576627,1044.0776952456122,1015.7316944697133,1034.6290283203125,56300,0.0,0.0
2019-08-09 00:00:00+09:00,1039.353452909977,1053.5264545405678,1025.1804512793865,1029.90478515625,59700,0.0,0.0
2019-08-13 00:00:00+09:00,1058.2507489030152,1114.9427533085338,1040.2982808412676,1049.7469482421875,84000,0.0,0.0
2019-08-14 00:00:00+09:00,1068.6442075995706,1090.3761410874486,1059.1955408657104,1089.4312744140625,40800,0.0,0.0
2019-08-15 00:00:00+09:00,1061.0853325980052,1077.1480669294085,1048.8020651681084,1058.250732421875,27300,0.0,0.0
2019-08-16 00:00:00+09:00,1052.5815688624527,1067.6994369969223,1039.3534342447917,1060.1405029296875,47500,0.0,0.0
2019-08-19 00:00:00+09:00,1074.3134711014598,1079.9826714766652,1049.7469361422354,1077.1480712890625,21100,0.0,0.0
2019-08-20 00:00:00+09:00,1082.8171972319215,1096.0453305314388,1068.6441972681528,1095.1004638671875,23600,0.0,0.0
2019-08-21 00:00:00+09:00,1081.8724734531659,1090.3762745545444,1071.478938773703,1083.76220703125,22400,0.0,0.0
2019-08-22 00:00:00+09:00,1083.7620364791112,1090.376102961547,1065.8095703125,1065.8095703125,27100,0.0,0.0
2019-08-23 00:00:00+09:00,1067.6993461277175,1073.3685461956522,1061.0852793817935,1064.86474609375,18300,0.0,0.0
2019-08-26 00:00:00+09:00,1045.9673699978791,1046.9122366374436,1038.4084368813633,1044.07763671875,61500,0.0,0.0
2019-08-27 00:00:00+09:00,1055.4160038618609,1061.085203524503,1039.353271484375,1039.353271484375,32000,0.0,0.0
2019-08-28 00:00:00+09:00,1031.7945226812762,1032.7393894602883,1011.9523203220208,1017.6215209960938,34200,0.0,0.0
2019-08-29 00:00:00+09:00,1021.4008475833855,1039.3533139146382,1020.4559809343722,1038.408447265625,26300,0.0,0.0
2019-08-30 00:00:00+09:00,1045.0226090874664,1055.4161431742314,1042.188008881985,1052.58154296875,57300,0.0,0.0
2019-09-02 00:00:00+09:00,1052.5815943895188,1081.872464610412,1045.0226601389656,1067.699462890625,37100,0.0,0.0
2019-09-03 00:00:00+09:00,1067.6994517151738,1083.762186829473,1065.8097181723151,1073.36865234375,19000,0.0,0.0
2019-09-04 00:00:00+09:00,1045.0226535622135,1056.361054866686,1029.90478515625,1029.90478515625,58300,0.0,0.0
2019-09-05 00:00:00+09:00,1044.0776375844969,1066.754436952848,1037.4635711020612,1065.8095703125,39500,0.0,0.0
2019-09-06 00:00:00+09:00,1062.030039342017,1062.030039342017,1039.353241348949,1056.36083984375,95100,0.0,0.0
2019-09-09 00:00:00+09:00,1060.1404283608813,1082.8172289675313,1045.0225612897814,1078.0928955078125,52300,0.0,0.0
2019-09-10 00:00:00+09:00,1082.8171707007493,1088.4863705473501,1066.754437802047,1087.54150390625,42600,0.0,0.0
2019-09-11 00:00:00+09:00,1076.2031927704302,1107.3837944924883,1070.5339924573286,1104.5491943359375,48800,0.0,0.0
2019-09-12 00:00:00+09:00,1114.9426905527837,1131.005424230239,1113.0529571789652,1124.391357421875,35100,0.0,0.0
2019-09-13 00:00:00+09:00,1127.2260539769723,1130.060654280351,1110.2184521566994,1116.83251953125,83800,0.0,0.0
2019-09-17 00:00:00+09:00,1113.052925566983,1127.2259254680907,1094.1555923655064,1119.6669921875,55500,0.0,0.0
2019-09-18 00:00:00+09:00,1126.2812105510613,1163.1310152586884,1124.3914769763112,1146.1234130859375,59600,0.0,0.0
2019-09-19 00:00:00+09:00,1157.461766013378,1165.0206999955062,1146.123365040186,1149.90283203125,31100,0.0,0.0
2019-09-20 00:00:00+09:00,1149.90267783187,1152.7372776950547,1130.0604787895782,1145.1783447265625,50700,0.0,0.0
2019-09-24 00:00:00+09:00,1145.178472249147,1166.9104069535451,1132.8952048075307,1142.3438720703125,44100,0.0,0.0
2019-09-25 00:00:00+09:00,1137.6196031857494,1140.4542035259133,1115.8876672444933,1130.0606689453125,28400,0.0,0.0
2019-09-26 00:00:00+09:00,1147.0682153997375,1161.2412164137377,1142.343881728404,1158.4066162109375,75100,0.0,0.0
2019-09-27 00:00:00+09:00,1162.186003064554,1162.186003064554,1115.8875362758033,1135.729736328125,58800,0.0,0.0
2019-09-30 00:00:00+09:00,1110.2184208146373,1128.1708888958954,1103.6043536268055,1112.108154296875,39700,0.0,0.0
2019-10-01 00:00:00+09:00,1132.8952156758169,1139.5092828232155,1114.9427477043068,1136.6746826171875,20500,0.0,0.0
2019-10-02 00:00:00+09:00,1130.0605792060167,1131.95031261606,1110.2183784005597,1113.052978515625,47800,0.0,0.0
2019-10-03 00:00:00+09:00,1087.5415888986347,1088.4864556135772,1068.644254599788,1085.65185546875,54800,0.0,0.0
2019-10-04 00:00:00+09:00,1071.4787457369612,1108.3285438707721,1068.6441458805143,1101.7144775390625,32200,0.0,0.0
2019-10-07 00:00:00+09:00,1113.052925566983,1119.6669921875,1097.9350590058018,1119.6669921875,36300,0.0,0.0
2019-10-08 00:00:00+09:00,1131.950343497357,1151.7925448441385,1119.6670759969682,1139.50927734375,53100,0.0,0.0
2019-10-09 00:00:00+09:00,1129.1157635803975,1166.9104334910385,1120.6119628505032,1149.90283203125,68500,0.0,0.0
2019-10-10 00:00:00+09:00,1147.0682447028883,1147.0682447028883,1117.7773751923532,1122.501708984375,21600,0.0,0.0
2019-10-11 00:00:00+09:00,1125.3361873862962,1152.737320412495,1095.10045439187,1144.2335205078125,62700,0.0,0.0
2019-10-15 00:00:00+09:00,1162.186051352311,1186.7525857711405,1153.6822509765625,1153.6822509765625,51000,0.0,0.0
2019-10-16 00:00:00+09:00,1175.4141159784226,1199.035782296317,1166.9103161039807,1190.531982421875,82600,0.0,0.0
2019-10-17 00:00:00+09:00,1190.5320360137196,1190.5320360137196,1162.18603515625,1162.18603515625,39400,0.0,0.0
2019-10-18 00:00:00+09:00,1174.4693296079283,1180.1385299117478,1138.564394350405,1148.0130615234375,49000,0.0,0.0
2019-10-21 00:00:00+09:00,1157.4616172096946,1179.193549614448,1157.4616172096946,1164.07568359375,34300,0.0,0.0
2019-10-23 00:00:00+09:00,1177.3038754627887,1182.9730755051455,1160.2962753357178,1176.3590087890625,32900,0.0,0.0
2019-10-24 00:00:00+09:00,1181.0833902535758,1184.8628571023871,1172.57958984375,1172.57958984375,25300,0.0,0.0
2019-10-25 00:00:00+09:00,1187.6974248302845,1198.0909583809075,1176.3590245932412,1189.587158203125,56800,0.0,0.0
2019-10-28 00:00:00+09:00,1190.5319778655958,1221.7125772858851,1183.9179113218981,1215.0985107421875,72700,0.0,0.0
2019-10-29 00:00:00+09:00,1223.602422472124,1237.7754235046198,1212.2640216461277,1220.767822265625,81500,0.0,0.0
2019-10-30 00:00:00+09:00,1229.2717174095444,1231.1614510258541,1193.3667786996575,1194.3116455078125,166500,0.0,0.0
2019-10-31 00:00:00+09:00,1188.6423545699124,1205.6499558276694,1181.0834206775758,1199.035888671875,35300,0.0,0.0
2019-11-01 00:00:00+09:00,1199.0359681617556,1204.7051689568468,1189.5873001699372,1199.9808349609375,25400,0.0,0.0
2019-11-05 00:00:00+09:00,1199.9807487104852,1223.6024169921875,1199.9807487104852,1223.6024169921875,46900,0.0,0.0
2019-11-06 00:00:00+09:00,1228.326629036656,1245.334228515625,1226.4368957612148,1245.334228515625,46900,0.0,0.0
2019-11-07 00:00:00+09:00,1254.783117951128,1267.066386425047,1239.6652490601505,1256.6728515625,45400,0.0,0.0
2019-11-08 00:00:00+09:00,1274.6251433428597,1302.9711435654583,1257.6175432093003,1285.0186767578125,82300,0.0,0.0
2019-11-11 00:00:00+09:00,1370.0567164231722,1371.0015831241537,1303.9160473544675,1308.640380859375,92800,0.0,0.0
2019-11-12 00:00:00+09:00,1308.6403656581663,1314.3095657982017,1230.2164303876768,1251.9483642578125,114800,0.0,0.0
2019-11-13 00:00:00+09:00,1252.8932789435087,1252.8932789435087,1198.0910088238077,1248.1689453125,91700,0.0,0.0
2019-11-14 00:00:00+09:00,1233.995913618402,1245.3343140498116,1216.9883129712878,1221.712646484375,33700,0.0,0.0
2019-11-15 00:00:00+09:00,1221.7126512258722,1247.224052295554,1221.7126512258722,1240.6099853515625,33300,0.0,0.0
2019-11-18 00:00:00+09:00,1262.3418492175538,1262.3418492175538,1231.1612496485573,1233.995849609375,43000,0.0,0.0
2019-11-19 00:00:00+09:00,1233.050982955769,1251.9483160278883,1226.4369163805275,1233.995849609375,21600,0.0,0.0
2019-11-20 00:00:00+09:00,1223.6023427652624,1241.5548095703125,1214.1536760257623,1241.5548095703125,42300,0.0,0.0
2019-11-21 00:00:00+09:00,1259.5073945690667,1262.341994856919,1229.271658165308,1244.3895263671875,30800,0.0,0.0
2019-11-22 00:00:00+09:00,1251.9483591130868,1256.6726925437022,1232.106158704502,1233.051025390625,49300,0.0,0.0
2019-11-25 00:00:00+09:00,1245.3343228590525,1281.2392578125,1245.3343228590525,1281.2392578125,41200,0.0,0.0
2019-11-26 00:00:00+09:00,1284.0738531786526,1296.3571203540187,1260.4521855337177,1262.3419189453125,27800,0.0,0.0
2019-11-27 00:00:00+09:00,1278.404652943868,1288.7981867076394,1254.7829852989335,1262.3419189453125,60700,0.0,0.0
2019-11-28 00:00:00+09:00,1274.6252664182289,1274.6252664182289,1258.5625314077693,1263.286865234375,28700,0.0,0.0
2019-11-29 00:00:00+09:00,1263.2866311822056,1265.1763643627326,1244.389299376937,1257.617431640625,42000,0.0,0.0
2019-12-02 00:00:00+09:00,1267.066236718159,1275.5700369645897,1245.3343027550586,1249.11376953125,52700,0.0,0.0
2019-12-03 00:00:00+09:00,1240.6099219228706,1260.4521217403728,1226.4369220532262,1252.8931884765625,35300,0.0,0.0
2019-12-04 00:00:00+09:00,1250.0586306065409,1280.2943646801687,1221.712629912515,1273.6802978515625,64300,0.0,0.0
2019-12-05 00:00:00+09:00,1277.4599802824653,1297.3021841182135,1272.7356460358585,1287.853515625,54200,0.0,0.0
2019-12-06 00:00:00+09:00,1292.5777564196171,1328.4826940979399,1289.7431560765917,1314.3096923828125,89100,0.0,0.0
2019-12-09 00:00:00+09:00,1335.096722221915,1351.159457025717,1325.6480546902665,1334.15185546875,51500,0.0,0.0
2019-12-10 00:00:00+09:00,1334.1517866575846,1341.7107202930383,1317.1441859778135,1327.5377197265625,36000,0.0,0.0
2019-12-11 00:00:00+09:00,1327.5376453168217,1334.151711877119,1317.14411215064,1323.7581787109375,22300,0.0,0.0
2019-12-12 00:00:00+09:00,1332.2619944605333,1337.9311944369613,1311.474927880298,1315.25439453125,48100,0.0,0.0
2019-12-13 00:00:00+09:00,1333.207085329583,1341.7108867243146,1315.254615718483,1326.593017578125,90900,0.0,0.0
2019-12-16 00:00:00+09:00,1326.592842739666,1326.592842739666,1286.9084414611289,1311.4749755859375,63400,0.0,0.0
2019-12-17 00:00:00+09:00,1322.8134024109063,1332.262069570984,1304.8609348067582,1319.033935546875,95700,0.0,0.0
2019-12-18 00:00:00+09:00,1304.8609294550515,1327.5377305462328,1301.0814626065214,1321.8685302734375,64000,0.0,0.0
2019-12-19 00:00:00+09:00,1319.9788014020107,1341.7107358560165,1314.3096011096613,1340.765869140625,34200,0.0,0.0
2019-12-20 00:00:00+09:00,1341.7106827445652,1370.0566830842392,1336.9863493546197,1347.3798828125,66400,0.0,0.0
2019-12-23 00:00:00+09:00,1357.7734215447517,1377.615621859602,1331.3171544582847,1366.2772216796875,49400,0.0,0.0
2019-12-24 00:00:00+09:00,1364.3876270142875,1366.2773605697091,1343.6005579046516,1357.7735595703125,38600,0.0,0.0
2019-12-25 00:00:00+09:00,1349.2698122678103,1366.277414943455,1342.6557445606152,1351.1595458984375,38100,0.0,0.0
2019-12-26 00:00:00+09:00,1351.1593122160837,1357.773378779379,1336.9863124375931,1345.4901123046875,31600,0.0,0.0
2019-12-27 00:00:00+09:00,1344.5452672385386,1381.3950672542117,1341.710667237333,1377.6156005859375,39200,0.0,0.0
2019-12-30 00:00:00+09:00,1377.6157764984277,1381.395243649315,1363.4427746826004,1371.001708984375,19700,0.0,0.0
2020-01-06 00:00:00+09:00,1353.993923168725,1366.2771897431796,1342.6555232538437,1361.5528564453125,57000,0.0,0.0
2020-01-07 00:00:00+09:00,1361.5530441564251,1394.623381800752,1356.8287102072356,1389.8990478515625,49000,0.0,0.0
2020-01-08 00:00:00+09:00,1375.7259618444502,1404.071963805531,1361.55296086391,1391.7886962890625,65100,0.0,0.0
2020-01-09 00:00:00+09:00,1392.7335712561448,1448.4807087758954,1392.7335712561448,1429.5833740234375,66100,0.0,0.0
2020-01-10 00:00:00+09:00,1436.1973882661155,1449.4255221054086,1385.174586314556,1414.4654541015625,82600,0.0,0.0
2020-01-14 00:00:00+09:00,1429.5832509545949,1429.5832509545949,1371.0015182651139,1386.119384765625,56200,0.0,0.0
2020-01-15 00:00:00+09:00,1387.0642779221548,1387.0642779221548,1357.7734110178042,1371.9464111328125,52800,0.0,0.0
2020-01-16 00:00:00+09:00,1362.497802734375,1369.11186973794,1352.1042688716302,1362.497802734375,46000,0.0,0.0
2020-01-17 00:00:00+09:00,1373.8362758732555,1395.5682114613471,1363.4427414615598,1388.00927734375,32600,0.0,0.0
2020-01-20 00:00:00+09:00,1407.8514964482556,1407.8514964482556,1367.2222250742457,1379.5054931640625,52600,0.0,0.0
2020-01-21 00:00:00+09:00,1385.1745339224858,1402.1821339297196,1372.8912672505949,1377.6156005859375,27200,0.0,0.0
2020-01-22 00:00:00+09:00,1373.8361864439344,1405.0167876493333,1363.4426527088015,1392.7335205078125,24300,0.0,0.0
2020-01-23 00:00:00+09:00,1392.733558733547,1392.733558733547,1371.0016239636207,1372.891357421875,23200,0.0,0.0
2020-01-24 00:00:00+09:00,1372.8912559261778,1385.1745224967492,1337.931189533013,1339.8209228515625,65700,0.0,0.0
2020-01-27 00:00:00+09:00,1290.6878504971592,1322.8133167613637,1270.8456507457386,1299.191650390625,76500,0.0,0.0
2020-01-28 00:00:00+09:00,1293.52265114008,1313.3648539698402,1276.5150487145713,1300.13671875,80400,0.0,0.0
2020-01-29 00:00:00+09:00,1300.1365805505416,1318.08904786919,1295.4122470456339,1308.640380859375,35200,0.0,0.0
2020-01-30 00:00:00+09:00,1314.3097207712574,1317.1443211755088,1276.5150487145713,1300.13671875,37000,0.0,0.0
2020-01-31 00:00:00+09:00,1300.1365436325018,1319.978743789684,1293.522476913441,1306.7506103515625,22800,0.0,0.0
2020-02-03 00:00:00+09:00,1290.687990099125,1296.357190641288,1261.3971206312826,1268.9560546875,98100,0.0,0.0
2020-02-04 00:00:00+09:00,1266.1213640676285,1295.4122314453125,1264.2316306884231,1295.4122314453125,27300,0.0,0.0
2020-02-05 00:00:00+09:00,1303.9160420090734,1318.0890424656936,1298.2468418264252,1311.4749755859375,27500,0.0,0.0
2020-02-06 00:00:00+09:00,1349.2698122678103,1369.1120153893958,1338.8762772993607,1351.1595458984375,59000,0.0,0.0
2020-02-07 00:00:00+09:00,1350.2143533850463,1351.1592199724396,1302.0261574279873,1328.482421875,64200,0.0,0.0
2020-02-10 00:00:00+09:00,1461.7089855924564,1518.4009953762622,1417.300244595142,1421.0797119140625,285300,0.0,0.0
2020-02-12 00:00:00+09:00,1421.0795733848315,1451.3153089887642,1416.355239696717,1429.5833740234375,81500,0.0,0.0
2020-02-13 00:00:00+09:00,1429.5833810012296,1437.1423149391078,1400.2925119919512,1405.016845703125,71800,0.0,0.0
2020-02-14 00:00:00+09:00,1393.6785738518897,1423.9143124032528,1387.0645060437791,1421.0797119140625,68900,0.0,0.0
2020-02-17 00:00:00+09:00,1417.3000276769224,1422.024361102512,1401.2372940299172,1406.906494140625,52900,0.0,0.0
2020-02-18 00:00:00+09:00,1404.0720927335778,1404.0720927335778,1382.3401559012277,1388.9542236328125,35700,0.0,0.0
2020-02-19 00:00:00+09:00,1403.1269850762899,1434.3075847446519,1403.1269850762899,1407.851318359375,58900,0.0,0.0
2020-02-20 00:00:00+09:00,1425.8038773438836,1426.7487440618054,1378.5605414477973,1381.3951416015625,34100,0.0,0.0
2020-02-21 00:00:00+09:00,1379.505291442662,1389.8988244603806,1368.1668917869688,1378.5604248046875,44600,0.0,0.0
2020-02-25 00:00:00+09:00,1293.522528909461,1337.931264379691,1285.9635952124006,1321.8685302734375,61800,0.0,0.0
2020-02-26 00:00:00+09:00,1322.813423118781,1345.4902246579602,1319.0339561955846,1329.427490234375,57600,0.0,0.0
2020-02-27 00:00:00+09:00,1302.971148947011,1304.8608823029892,1247.2240149456522,1260.4521484375,88500,0.0,0.0
2020-02-28 00:00:00+09:00,1227.381902046838,1229.2716355372872,1183.9180317665034,1193.36669921875,117900,0.0,0.0
2020-03-02 00:00:00+09:00,1179.1937463997697,1265.1766237414195,1173.5245456959246,1230.216552734375,68800,0.0,0.0
2020-03-03 00:00:00+09:00,1251.948337065868,1264.2316037691558,1179.193603515625,1179.193603515625,50100,0.0,0.0
2020-03-04 00:00:00+09:00,1145.1784806751652,1187.6974836705303,1136.6746800760923,1180.1385498046875,56100,0.0,0.0
2020-03-05 00:00:00+09:00,1213.2088038146635,1213.2088038146635,1184.862803725536,1200.925537109375,53900,0.0,0.0
2020-03-06 00:00:00+09:00,1181.0834386605068,1184.8629056642205,1154.6271696345113,1168.8001708984375,58500,0.0,0.0
2020-03-09 00:00:00+09:00,1134.7848909778756,1150.847624655331,1105.4940236836921,1124.391357421875,99200,0.0,0.0
2020-03-10 00:00:00+09:00,1096.0455061780858,1131.9504451735747,1043.132964500523,1129.1158447265625,79200,0.0,0.0
2020-03-11 00:00:00+09:00,1129.1157500703455,1145.1784845901748,1106.4389483952925,1114.9427490234375,80700,0.0,0.0
2020-03-12 00:00:00+09:00,1086.5967893643306,1086.5967893643306,1022.3458487758311,1051.63671875,118100,0.0,0.0
2020-03-13 00:00:00+09:00,1002.5034822522758,1041.2430136116946,946.7563517594538,1011.9521484375,111800,0.0,0.0
2020-03-16 00:00:00+09:00,1016.6765897001935,1029.9047237669247,973.2127206237911,976.9921875,87100,0.0,0.0
2020-03-17 00:00:00+09:00,958.0947429865057,1045.022471147017,936.3628109463779,1039.353271484375,115800,0.0,0.0
2020-03-18 00:00:00+09:00,1035.5738627211222,1039.3533293733892,994.9445962092534,1008.1727294921875,90400,0.0,0.0
2020-03-19 00:00:00+09:00,953.3705316991776,975.1024665149171,846.6005910827187,896.6785278320312,244300,0.0,0.0
2020-03-23 00:00:00+09:00,953.3705355611661,973.2127369950457,934.4732008622332,968.4884033203125,137300,0.0,0.0
2020-03-24 00:00:00+09:00,1001.5587368669181,1096.9902768891434,1001.5587368669181,1096.04541015625,127500,0.0,0.0
2020-03-25 00:00:00+09:00,1209.4293853591162,1209.4293853591162,1122.5016482864296,1197.1461181640625,114300,0.0,0.0
2020-03-26 00:00:00+09:00,1225.4921546384862,1245.3343560628564,1182.9731515862643,1242.499755859375,106500,0.0,0.0
2020-03-27 00:00:00+09:00,1295.412215523098,1315.2544157608697,1245.334281589674,1303.916015625,180200,0.0,0.0
2020-03-30 00:00:00+09:00,1280.8887010496194,1309.6727168035434,1232.915341459746,1264.5777587890625,133100,21.0,0.0
2020-03-31 00:00:00+09:00,1259.780517578125,1269.3751902177146,1227.1586306035201,1259.780517578125,71900,0.0,0.0
2020-04-01 00:00:00+09:00,1228.118137254902,1246.3480158547793,1194.5367819393382,1223.32080078125,89300,0.0,0.0
2020-04-02 00:00:00+09:00,1162.8742700400473,1169.5905405765823,1135.0497206744026,1141.7659912109375,96300,0.0,0.0
2020-04-03 00:00:00+09:00,1225.239706749629,1246.347986740617,1091.8737558974767,1131.2119140625,87300,0.0,0.0
2020-04-06 00:00:00+09:00,1131.2119024232377,1252.10477749137,1123.5361643236738,1237.7127685546875,84300,0.0,0.0
2020-04-07 00:00:00+09:00,1236.753301292242,1252.10477749137,1185.9015363826309,1237.7127685546875,76600,0.0,0.0
2020-04-08 00:00:00+09:00,1224.2803319567033,1268.4158298172113,1184.9421708201635,1256.9022216796875,65000,0.0,0.0
2020-04-09 00:00:00+09:00,1261.6994140998877,1268.4156847452862,1223.3207246976096,1253.064208984375,33600,0.0,0.0
2020-04-10 00:00:00+09:00,1237.7127619661849,1279.9293212890625,1219.4828840767605,1279.9293212890625,28800,0.0,0.0
2020-04-13 00:00:00+09:00,1291.4429812434946,1291.4429812434946,1239.6317472262963,1267.456298828125,30600,0.0,0.0
2020-04-14 00:00:00+09:00,1254.9831537555433,1299.1186469304323,1254.0236865126108,1298.1591796875,36600,0.0,0.0
2020-04-15 00:00:00+09:00,1298.1592264552896,1313.5107028952636,1278.9698809053223,1284.7266845703125,52500,0.0,0.0
2020-04-16 00:00:00+09:00,1276.091521559774,1296.2403350580862,1268.4157830842266,1292.4024658203125,35200,0.0,0.0
2020-04-17 00:00:00+09:00,1303.9159117741372,1324.0647227728546,1277.050830442514,1285.68603515625,106900,0.0,0.0
2020-04-20 00:00:00+09:00,1285.686226063205,1289.5240953947368,1258.8211407424812,1276.091552734375,41100,0.0,0.0
2020-04-21 00:00:00+09:00,1256.9020250640822,1256.9020250640822,1193.5771902135252,1222.3612060546875,76000,0.0,0.0
2020-04-22 00:00:00+09:00,1203.1720393367887,1211.807245360737,1154.239205201082,1188.780029296875,108400,0.0,0.0
2020-04-23 00:00:00+09:00,1205.09091015625,1218.5234521484376,1192.6178354492188,1199.3341064453125,87300,0.0,0.0
2020-04-24 00:00:00+09:00,1199.3341278611567,1203.1719970703125,1169.5906414902001,1203.1719970703125,86500,0.0,0.0
2020-04-27 00:00:00+09:00,1201.2529296875,1207.9692000611522,1164.7931762305311,1201.2529296875,63200,0.0,0.0
2020-04-28 00:00:00+09:00,1215.645002558907,1256.9020942006064,1206.0503300840933,1255.942626953125,63400,0.0,0.0
2020-04-30 00:00:00+09:00,1297.1997209611955,1328.8621401858402,1278.0103759765625,1278.0103759765625,46000,0.0,0.0
2020-05-01 00:00:00+09:00,1278.0104700307377,1278.0104700307377,1212.7666922814208,1229.07763671875,67500,0.0,0.0
2020-05-07 00:00:00+09:00,1230.9965467582851,1274.1725752883888,1230.9965467582851,1268.415771484375,38400,0.0,0.0
2020-05-08 00:00:00+09:00,1284.7266114005704,1294.3212836291034,1261.699398052091,1293.36181640625,39200,0.0,0.0
2020-05-11 00:00:00+09:00,1299.118630642361,1299.118630642361,1215.6449815538194,1252.104736328125,78000,0.0,0.0
2020-05-12 00:00:00+09:00,1338.4568332227602,1347.0920385983911,1254.023713994371,1259.780517578125,102100,0.0,0.0
2020-05-13 00:00:00+09:00,1237.7127009465144,1257.8615123572717,1228.118028846154,1247.307373046875,71200,0.0,0.0
2020-05-14 00:00:00+09:00,1242.5101737976074,1244.429108428955,1218.5234909057617,1228.1181640625,32900,0.0,0.0
2020-05-15 00:00:00+09:00,1230.0370533913488,1264.5778754834614,1227.1586515503393,1263.618408203125,33800,0.0,0.0
2020-05-18 00:00:00+09:00,1254.0237716217393,1254.0237716217393,1236.753360076834,1248.2669677734375,29800,0.0,0.0
2020-05-19 00:00:00+09:00,1276.091363252099,1288.5644367274954,1266.4966913479477,1285.68603515625,30000,0.0,0.0
2020-05-20 00:00:00+09:00,1284.7266664410581,1284.7266664410581,1249.2263776745763,1259.780517578125,30500,0.0,0.0
2020-05-21 00:00:00+09:00,1259.780466117111,1272.2535400390625,1244.4289905208627,1272.2535400390625,37500,0.0,0.0
2020-05-22 00:00:00+09:00,1262.6589935864408,1262.6589935864408,1231.9560393350987,1251.1453857421875,36700,0.0,0.0
2020-05-25 00:00:00+09:00,1249.2264569753625,1274.172607421875,1247.3075223256305,1274.172607421875,33800,0.0,0.0
2020-05-26 00:00:00+09:00,1279.9293445191954,1306.794428212252,1266.4968026726672,1305.8349609375,46600,0.0,0.0
2020-05-27 00:00:00+09:00,1295.2808837890625,1298.1592857530381,1278.9699393265337,1295.2808837890625,54800,0.0,0.0
2020-05-28 00:00:00+09:00,1295.2808516366142,1295.2808516366142,1262.6589635213215,1289.5240478515625,73800,0.0,0.0
2020-05-29 00:00:00+09:00,1283.76730733391,1283.76730733391,1248.2670155765445,1256.9022216796875,93800,0.0,0.0
2020-06-01 00:00:00+09:00,1248.266834802312,1260.7399084782764,1230.0369578912866,1246.347900390625,40200,0.0,0.0
2020-06-02 00:00:00+09:00,1246.3480430603029,1246.3480430603029,1215.6450889587402,1228.1181640625,83600,0.0,0.0
2020-06-03 00:00:00+09:00,1238.6722087221851,1243.4695449294748,1213.726060444279,1232.9154052734375,106000,0.0,0.0
2020-06-04 00:00:00+09:00,1242.510039280278,1242.510039280278,1214.685490138094,1226.1990966796875,50000,0.0,0.0
2020-06-05 00:00:00+09:00,1230.9964327386847,1231.955899950484,1219.4828261970915,1226.1990966796875,31000,0.0,0.0
2020-06-08 00:00:00+09:00,1233.8749262864985,1244.4290664024795,1227.1586553036016,1242.5101318359375,56500,0.0,0.0
2020-06-09 00:00:00+09:00,1246.3479466538486,1246.3479466538486,1220.4423311344844,1232.9154052734375,44700,0.0,0.0
2020-06-10 00:00:00+09:00,1218.5233318271921,1230.0369381121736,1215.644930255947,1221.4017333984375,53200,0.0,0.0
2020-06-11 00:00:00+09:00,1213.7261373954907,1230.9965488366913,1199.3341278611567,1203.1719970703125,57600,0.0,0.0
2020-06-12 00:00:00+09:00,1174.3879662708503,1189.7394429541293,1161.914891465686,1179.185302734375,60600,0.0,0.0
2020-06-15 00:00:00+09:00,1191.6582108625678,1199.3339481306036,1150.401123046875,1150.401123046875,63600,0.0,0.0
2020-06-16 00:00:00+09:00,1179.1853559369324,1192.617898640852,1156.1581398730705,1188.780029296875,83200,0.0,0.0
2020-06-17 00:00:00+09:00,1188.779964829424,1205.090908656785,1169.5906191501758,1177.266357421875,39000,0.0,0.0
2020-06-18 00:00:00+09:00,1183.9827245534343,1183.9827245534343,1155.198703697192,1172.4691162109375,40200,0.0,0.0
2020-06-19 00:00:00+09:00,1167.6717374365273,1198.3746919130836,1159.036531489996,1186.861083984375,52500,0.0,0.0
2020-06-22 00:00:00+09:00,1158.0769005889038,1204.131325798736,1158.0769005889038,1200.29345703125,39200,0.0,0.0
2020-06-23 00:00:00+09:00,1207.0099089753987,1221.4019190188255,1188.780029587058,1210.8477783203125,44900,0.0,0.0
2020-06-24 00:00:00+09:00,1221.401832053979,1221.401832053979,1192.6178140165716,1195.4962158203125,25800,0.0,0.0
2020-06-25 00:00:00+09:00,1188.7799126409716,1197.4151178175405,1183.0231091899257,1189.7393798828125,26400,0.0,0.0
2020-06-26 00:00:00+09:00,1199.3341331937872,1213.7261427921128,1195.4962639675673,1204.1314697265625,24200,0.0,0.0
2020-06-29 00:00:00+09:00,1204.131475071998,1211.8072135585128,1196.4557365854835,1205.0909423828125,28100,0.0,0.0
2020-06-30 00:00:00+09:00,1222.3612827537333,1226.1991517733684,1192.6177978515625,1192.6177978515625,27200,0.0,0.0
2020-07-01 00:00:00+09:00,1204.131374782986,1204.131374782986,1158.0769476996527,1165.752685546875,26600,0.0,0.0
2020-07-02 00:00:00+09:00,1171.5094889322916,1178.225759548611,1158.0769476996527,1165.752685546875,44700,0.0,0.0
2020-07-03 00:00:00+09:00,1179.1852078677382,1188.7798800228866,1165.7526668505304,1183.9825439453125,20400,0.0,0.0
2020-07-06 00:00:00+09:00,1183.9826667925245,1210.8477516143969,1182.0637321623906,1206.0504150390625,18800,0.0,0.0
2020-07-07 00:00:00+09:00,1214.685658322105,1214.685658322105,1190.6989747059497,1212.7667236328125,19800,0.0,0.0
2020-07-08 00:00:00+09:00,1208.9286804199219,1213.7260164533343,1182.0635986328125,1182.0635986328125,25000,0.0,0.0
2020-07-09 00:00:00+09:00,1185.9016592771839,1192.6179308103071,1172.4691162109375,1172.4691162109375,25400,0.0,0.0
2020-07-10 00:00:00+09:00,1171.509480589283,1174.3878822614925,1137.9281277468383,1142.7254638671875,55500,0.0,0.0
2020-07-13 00:00:00+09:00,1165.7526882091518,1192.6177707357824,1160.9553520436818,1187.8204345703125,39700,0.0,0.0
2020-07-14 00:00:00+09:00,1187.820461577019,1196.4556668711975,1169.5905837337527,1192.6177978515625,26700,0.0,0.0
2020-07-15 00:00:00+09:00,1202.2124725390008,1219.4828831580767,1202.2124725390008,1214.685546875,26100,0.0,0.0
2020-07-16 00:00:00+09:00,1216.6043992930654,1220.4422680605514,1185.9014491531775,1200.29345703125,27700,0.0,0.0
2020-07-17 00:00:00+09:00,1206.0502843555162,1207.0097515666184,1176.3068008113466,1183.0230712890625,27800,0.0,0.0
2020-07-20 00:00:00+09:00,1198.3747293650147,1198.3747293650147,1148.482426781363,1193.577392578125,48600,0.0,0.0
2020-07-21 00:00:00+09:00,1192.6177870314702,1203.1719267397134,1183.982581815635,1190.6988525390625,18800,0.0,0.0
2020-07-22 00:00:00+09:00,1190.6989690926396,1192.6179037728855,1164.7933509093186,1167.6717529296875,40200,0.0,0.0
2020-07-27 00:00:00+09:00,1159.9959410127574,1176.306884765625,1143.6849972598898,1176.306884765625,51900,0.0,0.0
2020-07-28 00:00:00+09:00,1176.3069539289497,1191.6584313048577,1155.1986725370762,1188.780029296875,51300,0.0,0.0
2020-07-29 00:00:00+09:00,1188.7799156452047,1188.7799156452047,1157.1174965844366,1168.631103515625,42300,0.0,0.0
2020-07-30 00:00:00+09:00,1165.75277122417,1187.8205191568086,1145.6039578943694,1181.104248046875,47000,0.0,0.0
2020-07-31 00:00:00+09:00,1163.8337567050064,1163.8337567050064,1102.4278536307108,1123.5361328125,51200,0.0,0.0
2020-08-03 00:00:00+09:00,1124.4955837302011,1142.7254609408444,1107.2251737411707,1120.65771484375,34600,0.0,0.0
2020-08-04 00:00:00+09:00,1116.819999216792,1148.482421875,1113.941597156955,1148.482421875,45100,0.0,0.0
2020-08-05 00:00:00+09:00,1148.4823413209867,1148.4823413209867,1119.6983227415133,1134.09033203125,32600,0.0,0.0
2020-08-06 00:00:00+09:00,1142.72548303181,1142.72548303181,1115.8604003073006,1124.49560546875,23500,0.0,0.0
2020-08-07 00:00:00+09:00,1136.0093410326087,1165.752828846807,1122.576798148777,1147.52294921875,43900,0.0,0.0
2020-08-11 00:00:00+09:00,1061.1708154812666,1099.5495068187445,1056.3734790640817,1089.954833984375,108800,0.0,0.0
2020-08-12 00:00:00+09:00,1105.3063484251968,1105.3063484251968,1077.4817962512986,1096.671142578125,78800,0.0,0.0
2020-08-13 00:00:00+09:00,1108.1847341437087,1108.1847341437087,1074.6033785635964,1093.792724609375,64700,0.0,0.0
2020-08-14 00:00:00+09:00,1103.3873291015625,1106.2657308296536,1085.1574514903193,1103.3873291015625,59400,0.0,0.0
2020-08-17 00:00:00+09:00,1112.0225937323362,1125.455135848171,1101.4684534984658,1113.9415283203125,54600,0.0,0.0
2020-08-18 00:00:00+09:00,1125.455135848171,1128.3335377301357,1112.9820610263243,1113.9415283203125,41400,0.0,0.0
2020-08-19 00:00:00+09:00,1108.184670747414,1108.184670747414,1088.0358585520064,1104.3468017578125,42700,0.0,0.0
2020-08-20 00:00:00+09:00,1095.7115776909723,1101.4683810763888,1078.4411675347221,1079.400634765625,46100,0.0,0.0
2020-08-21 00:00:00+09:00,1079.4007301330566,1083.238599395752,1067.8871223449707,1074.6033935546875,40300,0.0,0.0
2020-08-24 00:00:00+09:00,1074.6034253173164,1074.6034253173164,1047.7383396843836,1058.29248046875,60500,0.0,0.0
2020-08-25 00:00:00+09:00,1063.0897592313622,1077.4817686072379,1062.1302919396371,1069.8060302734375,40100,0.0,0.0
2020-08-26 00:00:00+09:00,1069.806040983277,1074.6033774899283,1060.211367969974,1071.7249755859375,30800,0.0,0.0
2020-08-27 00:00:00+09:00,1079.4007044894415,1095.711648468393,1074.603368025044,1091.873779296875,30700,0.0,0.0
2020-08-28 00:00:00+09:00,1086.1169487464144,1109.144163207469,1075.5628087850976,1087.076416015625,51600,0.0,0.0
2020-08-31 00:00:00+09:00,1087.0764321340641,1103.3873759524924,1087.0764321340641,1089.954833984375,20800,0.0,0.0
2020-09-01 00:00:00+09:00,1090.914386326914,1092.8333210434082,1074.603441236714,1083.2386474609375,17200,0.0,0.0
2020-09-02 00:00:00+09:00,1082.2790887407261,1082.2790887407261,1063.0897431956778,1066.9276123046875,52600,0.0,0.0
2020-09-03 00:00:00+09:00,1079.4007361352028,1102.4279518394203,1079.4007361352028,1097.630615234375,44800,0.0,0.0
2020-09-04 00:00:00+09:00,1078.441315939574,1091.873859020672,1077.4818485766384,1084.1981201171875,47600,0.0,0.0
2020-09-07 00:00:00+09:00,1076.5222959124635,1090.914305216106,1066.9276230433684,1068.8465576171875,27700,0.0,0.0
2020-09-08 00:00:00+09:00,1068.8464628190627,1078.4411348371873,1057.3328563973134,1073.643798828125,40500,0.0,0.0
2020-09-09 00:00:00+09:00,1056.3735030500857,1059.2519049657533,1043.9004280821916,1050.61669921875,62900,0.0,0.0
2020-09-10 00:00:00+09:00,1050.6167417164834,1064.04928453295,1050.6167417164834,1058.29248046875,31300,0.0,0.0
2020-09-11 00:00:00+09:00,1067.8871539090833,1067.8871539090833,1053.4951437485834,1058.29248046875,39200,0.0,0.0
2020-09-14 00:00:00+09:00,1064.0491644146175,1080.360107421875,1063.0896971788966,1080.360107421875,56600,0.0,0.0
2020-09-15 00:00:00+09:00,1080.360096561527,1080.360096561527,1065.9680881703875,1078.441162109375,43400,0.0,0.0
2020-09-16 00:00:00+09:00,1080.3601664708387,1090.914306640625,1080.3601664708387,1090.914306640625,45300,0.0,0.0
2020-09-17 00:00:00+09:00,1076.5222632893585,1081.3195995785268,1059.251852648353,1063.0897216796875,54000,0.0,0.0
2020-09-18 00:00:00+09:00,1069.8060356331555,1084.1980450811352,1062.1302972608996,1070.7655029296875,74800,0.0,0.0
2020-09-23 00:00:00+09:00,1070.7654975651626,1079.400703190688,1065.0086938148122,1069.8060302734375,57300,0.0,0.0
2020-09-24 00:00:00+09:00,1073.6439262390138,1083.238599395752,1068.8465896606447,1074.6033935546875,75100,0.0,0.0
2020-09-25 00:00:00+09:00,1074.6033147717199,1084.1979872250388,1070.7654457903923,1082.279052734375,82900,0.0,0.0
2020-09-28 00:00:00+09:00,1090.9143333635482,1096.6711372335403,1076.5223236885672,1095.711669921875,60800,0.0,0.0
2020-09-29 00:00:00+09:00,1107.4094930230615,1108.3843253232578,1084.0135178183489,1093.7618408203125,46100,18.0,0.0
2020-09-30 00:00:00+09:00,1093.761934564917,1093.761934564917,1055.743471598757,1058.66796875,61600,0.0,0.0
2020-10-02 00:00:00+09:00,1059.6428176357613,1068.4163092261217,1047.944828848614,1053.7938232421875,80900,0.0,0.0
2020-10-05 00:00:00+09:00,1060.6175799086757,1072.3155679223744,1056.7182505707763,1067.44140625,33900,0.0,0.0
2020-10-06 00:00:00+09:00,1072.315577892107,1083.038733671028,1064.5169191438008,1079.139404296875,34300,0.0,0.0
2020-10-07 00:00:00+09:00,1065.4917627042228,1072.315589180828,1050.8692773972114,1068.416259765625,61400,0.0,0.0
2020-10-08 00:00:00+09:00,1070.3659714408543,1080.1142954066179,1065.4918094579723,1076.2149658203125,32300,0.0,0.0
2020-10-09 00:00:00+09:00,1076.2149468315972,1076.2149468315972,1037.2216516565393,1052.8189697265625,74500,0.0,0.0
2020-10-12 00:00:00+09:00,1063.5420769121004,1070.3659032534247,1053.7937535673516,1067.44140625,23300,0.0,0.0
2020-10-13 00:00:00+09:00,1057.693148164971,1060.6176453488372,1042.0958298510175,1047.94482421875,19200,0.0,0.0
2020-10-14 00:00:00+09:00,1047.94482421875,1052.8189861918604,1040.1461650617732,1047.94482421875,21400,0.0,0.0
2020-10-15 00:00:00+09:00,1047.944828848614,1058.6679852368322,1039.1713372582533,1053.7938232421875,75800,0.0,0.0
2020-10-16 00:00:00+09:00,1063.5421210773832,1063.5421210773832,1046.969970703125,1046.969970703125,38400,0.0,0.0
2020-10-19 00:00:00+09:00,1051.8441305656052,1069.39111328125,1051.8441305656052,1069.39111328125,23000,0.0,0.0
2020-10-20 00:00:00+09:00,1061.5924777434593,1061.5924777434593,1041.1209974563953,1047.94482421875,32900,0.0,0.0
2020-10-21 00:00:00+09:00,1040.1461487946688,1059.6427963821975,1038.1964840359158,1052.8189697265625,11900,0.0,0.0
2020-10-22 00:00:00+09:00,1055.7435122914085,1055.7435122914085,1030.397869337044,1032.3475341796875,26200,0.0,0.0
2020-10-23 00:00:00+09:00,1032.3475419115882,1035.2720391974567,1015.775390625,1015.775390625,27600,0.0,0.0
2020-10-26 00:00:00+09:00,1016.7501831054688,1020.6495126667553,1007.0018592022524,1016.7501831054688,30100,0.0,0.0
2020-10-27 00:00:00+09:00,1006.0270011047598,1013.8256600280525,998.2283421814672,1009.9263305664062,28400,0.0,0.0
2020-10-28 00:00:00+09:00,1011.8759911277078,1031.372638355602,1008.9514940435237,1029.4229736328125,42200,0.0,0.0
2020-10-29 00:00:00+09:00,1025.5237027391975,1033.3223620756173,1011.8760489004629,1026.49853515625,18400,0.0,0.0
2020-10-30 00:00:00+09:00,1021.6243839847607,1022.5992164122271,983.605919313572,987.5052490234375,19600,0.0,0.0
2020-11-02 00:00:00+09:00,993.3542381796233,1009.9263893563196,993.3542381796233,1007.0018920898438,16000,0.0,0.0
2020-11-04 00:00:00+09:00,1020.6495527681142,1020.6495527681142,998.2284069097889,1015.775390625,29100,0.0,0.0
2020-11-05 00:00:00+09:00,1023.5740096732827,1092.787109375,1005.0521942601472,1092.787109375,70300,0.0,0.0
2020-11-06 00:00:00+09:00,1081.0891838503835,1135.6798008888159,1037.2217237302145,1123.9818115234375,137700,0.0,0.0
2020-11-09 00:00:00+09:00,1130.8055203361178,1230.2384195380866,1130.8055203361178,1225.3642578125,121300,0.0,0.0
2020-11-10 00:00:00+09:00,1198.0689363555182,1230.2384033203125,1184.4212837037874,1230.2384033203125,75500,0.0,0.0
2020-11-11 00:00:00+09:00,1217.5656479790973,1240.9616252020744,1198.0690002932831,1210.7418212890625,46200,0.0,0.0
2020-11-12 00:00:00+09:00,1223.4146422848416,1223.4146422848416,1199.0438326775738,1210.7418212890625,20000,0.0,0.0
2020-11-13 00:00:00+09:00,1210.741743237427,1210.741743237427,1162.0001271650667,1167.84912109375,18200,0.0,0.0
2020-11-16 00:00:00+09:00,1188.32065756411,1195.1444841456923,1169.798842556958,1187.3458251953125,29300,0.0,0.0
2020-11-17 00:00:00+09:00,1193.1948358924155,1193.1948358924155,1171.7485234825845,1182.4716796875,19600,0.0,0.0
2020-11-18 00:00:00+09:00,1187.3457512225295,1187.3457512225295,1158.1007819805952,1172.7232666015625,25300,0.0,0.0
2020-11-19 00:00:00+09:00,1178.5724030709773,1178.5724030709773,1145.4281005859375,1145.4281005859375,17600,0.0,0.0
2020-11-20 00:00:00+09:00,1150.3022759718149,1169.7989247171,1139.579119161908,1162.97509765625,23200,0.0,0.0
2020-11-24 00:00:00+09:00,1192.2200414816932,1205.8676952680742,1176.6227228686867,1178.5723876953125,19100,0.0,0.0
2020-11-25 00:00:00+09:00,1189.2955425715043,1193.1948722192797,1143.478419210143,1150.30224609375,33700,0.0,0.0
2020-11-26 00:00:00+09:00,1162.00015189205,1201.968277921894,1162.00015189205,1197.0941162109375,24200,0.0,0.0
2020-11-27 00:00:00+09:00,1197.094235610962,1251.684852218628,1196.1194031715393,1247.7855224609375,55500,0.0,0.0
2020-11-30 00:00:00+09:00,1239.0120251513868,1243.8861873274348,1203.9180574838417,1213.6663818359375,38700,0.0,0.0
2020-12-01 00:00:00+09:00,1209.7669677734375,1224.389453282383,1198.068979366281,1209.7669677734375,52000,0.0,0.0
2020-12-02 00:00:00+09:00,1224.3894913348827,1236.0874801055982,1199.0438489983326,1205.86767578125,35900,0.0,0.0
2020-12-03 00:00:00+09:00,1235.1126217656129,1254.6092693072958,1205.8676504530883,1249.735107421875,32800,0.0,0.0
2020-12-04 00:00:00+09:00,1247.7854756289307,1248.7603080317658,1215.6160063353725,1239.98681640625,23100,0.0,0.0
2020-12-07 00:00:00+09:00,1244.8610375226249,1244.8610375226249,1230.2385507858673,1237.0623779296875,26200,0.0,0.0
2020-12-08 00:00:00+09:00,1228.2889025724387,1248.7603842819792,1219.5154104112069,1232.188232421875,20200,0.0,0.0
2020-12-09 00:00:00+09:00,1236.0874171516573,1257.533728805708,1236.0874171516573,1253.6343994140625,15900,0.0,0.0
2020-12-10 00:00:00+09:00,1253.6344510591946,1262.407942551833,1216.5908203125,1216.5908203125,17000,0.0,0.0
2020-12-11 00:00:00+09:00,1216.5908387382076,1253.6344700459415,1216.5908387382076,1239.98681640625,22100,0.0,0.0
2020-12-14 00:00:00+09:00,1243.8860969217415,1278.980062038656,1243.8860969217415,1254.6092529296875,20900,0.0,0.0
2020-12-15 00:00:00+09:00,1257.5337500227638,1286.7787209535256,1254.6092529296875,1254.6092529296875,19100,0.0,0.0
2020-12-16 00:00:00+09:00,1263.3827192720764,1268.256880997663,1225.3642578125,1225.3642578125,30700,0.0,0.0
2020-12-17 00:00:00+09:00,1228.288880878368,1239.0120377749254,1189.2955830727055,1202.9432373046875,16400,0.0,0.0
2020-12-18 00:00:00+09:00,1204.892824479596,1216.5908130667765,1181.496847305235,1182.4716796875,26300,0.0,0.0
2020-12-21 00:00:00+09:00,1182.4717173485642,1193.1948738950061,1171.748560802122,1178.5723876953125,19700,0.0,0.0
2020-12-22 00:00:00+09:00,1169.7987917416385,1169.7987917416385,1130.805498683584,1151.2769775390625,30800,0.0,0.0
2020-12-23 00:00:00+09:00,1172.723308946285,1186.3709617519773,1143.4783386483728,1174.6729736328125,12800,0.0,0.0
2020-12-24 00:00:00+09:00,1174.6730063210969,1202.9431450624345,1157.1260236540597,1164.9246826171875,11700,0.0,0.0
2020-12-25 00:00:00+09:00,1169.798769677369,1172.7232666015625,1151.2769558241441,1172.7232666015625,11600,0.0,0.0
2020-12-28 00:00:00+09:00,1172.7233558648495,1182.4716796875,1159.0757025131388,1182.4716796875,20900,0.0,0.0
2020-12-29 00:00:00+09:00,1182.4716936695586,1200.0186767578125,1177.5975317005991,1200.0186767578125,18100,0.0,0.0
2020-12-30 00:00:00+09:00,1195.1444743648294,1195.1444743648294,1169.7988329835198,1175.6478271484375,11300,0.0,0.0
2021-01-04 00:00:00+09:00,1174.6730180688808,1179.5471799695815,1134.7048904831345,1154.2015380859375,25000,0.0,0.0
2021-01-05 00:00:00+09:00,1140.5538125562418,1140.5538125562418,1108.3843460482453,1117.1578369140625,41400,0.0,0.0
2021-01-06 00:00:00+09:00,1112.2836964082594,1120.0823551034969,1102.5353730392123,1118.1326904296875,27300,0.0,0.0
2021-01-07 00:00:00+09:00,1130.8056272265299,1168.8240922798357,1126.906297477473,1162.97509765625,31000,0.0,0.0
2021-01-08 00:00:00+09:00,1164.9246968067291,1182.4716796875,1147.3777139259582,1182.4716796875,24400,0.0,0.0
2021-01-12 00:00:00+09:00,1162.975069082306,1178.5723876953125,1151.2770801225508,1178.5723876953125,34200,0.0,0.0
2021-01-13 00:00:00+09:00,1170.7736957603247,1190.2703434832276,1162.9750366711635,1188.3206787109375,19700,0.0,0.0
2021-01-14 00:00:00+09:00,1188.320567352093,1200.0185548896031,1169.7987537510348,1177.597412109375,32800,0.0,0.0
2021-01-15 00:00:00+09:00,1185.3962698331977,1226.3392331004627,1184.4214373744533,1198.069091796875,57100,0.0,0.0
2021-01-18 00:00:00+09:00,1198.0690346822958,1231.213336699544,1187.3458781473037,1229.263671875,31800,0.0,0.0
2021-01-19 00:00:00+09:00,1229.2636248199633,1235.1126190697014,1211.716642070749,1221.4649658203125,41300,0.0,0.0
2021-01-20 00:00:00+09:00,1219.5152221283356,1222.4397190638952,1185.396091213474,1200.993408203125,37100,0.0,0.0
2021-01-21 00:00:00+09:00,1188.3206833944514,1197.0941749043368,1181.4968566645407,1194.169677734375,21000,0.0,0.0
2021-01-22 00:00:00+09:00,1181.496752134242,1187.3457459566885,1159.075609148196,1166.874267578125,37700,0.0,0.0
2021-01-25 00:00:00+09:00,1168.823948290524,1169.7987806076972,1147.3776373127162,1162.0001220703125,30500,0.0,0.0
2021-01-26 00:00:00+09:00,1165.8995291889942,1183.446512069765,1161.025367277669,1182.4716796875,43400,0.0,0.0
2021-01-27 00:00:00+09:00,1183.446425460314,1245.835693359375,1181.4967608384684,1245.835693359375,90900,0.0,0.0
2021-01-28 00:00:00+09:00,1223.4146378795554,1272.1562569185814,1223.4146378795554,1255.5841064453125,145100,0.0,0.0
2021-01-29 00:00:00+09:00,1257.5337280979045,1260.4582251399927,1179.5471403088873,1180.52197265625,44500,0.0,0.0
2021-02-01 00:00:00+09:00,1198.0690119702288,1220.4901570274421,1195.144514788853,1200.0186767578125,24300,0.0,0.0
2021-02-02 00:00:00+09:00,1200.0186132375115,1203.9179426062767,1175.6478046827285,1197.0941162109375,29700,0.0,0.0
2021-02-03 00:00:00+09:00,1201.968277921894,1209.7669366594246,1187.3457927890242,1197.0941162109375,26100,0.0,0.0
2021-02-04 00:00:00+09:00,1190.2703010853725,1198.0689598967429,1181.4968099225812,1186.3709716796875,15700,0.0,0.0
2021-02-05 00:00:00+09:00,1200.0185919950527,1210.7417475693383,1191.2451010706372,1196.1192626953125,23100,0.0,0.0
2021-02-08 00:00:00+09:00,1254.6093024487766,1257.5337996572819,1220.490168349548,1239.98681640625,44400,0.0,0.0
2021-02-09 00:00:00+09:00,1239.986762661007,1249.7350862668327,1225.3642772522687,1248.76025390625,26300,0.0,0.0
2021-02-10 00:00:00+09:00,1247.7853966826538,1247.7853966826538,1216.5907617655876,1219.5152587890625,28500,0.0,0.0
2021-02-12 00:00:00+09:00,1223.4145729578518,1226.339069945002,1198.0689324025498,1201.96826171875,27400,0.0,0.0
2021-02-15 00:00:00+09:00,1218.5405440119855,1218.5405440119855,1192.2200682613266,1213.6663818359375,23000,0.0,0.0
2021-02-16 00:00:00+09:00,1204.8928844105112,1204.8928844105112,1174.6730790571733,1179.5472412109375,49700,0.0,0.0
2021-02-17 00:00:00+09:00,1187.345860227617,1206.8425081788096,1181.4968658422595,1205.86767578125,26900,0.0,0.0
2021-02-18 00:00:00+09:00,1203.9179872577606,1203.9179872577606,1173.6981835290235,1176.6226806640625,45700,0.0,0.0
2021-02-19 00:00:00+09:00,1169.7989247171,1169.7989247171,1146.402946222758,1162.97509765625,37500,0.0,0.0
2021-02-22 00:00:00+09:00,1176.622743918679,1184.4214033647017,1172.7234141956676,1179.5472412109375,21900,0.0,0.0
2021-02-24 00:00:00+09:00,1190.2703934476226,1199.0438852912168,1170.773744906302,1173.6982421875,33500,0.0,0.0
2021-02-25 00:00:00+09:00,1176.622611986775,1176.622611986775,1165.8994564508555,1167.84912109375,32400,0.0,0.0
2021-02-26 00:00:00+09:00,1160.0505227359083,1162.0001874800023,1142.5035400390625,1142.5035400390625,67400,0.0,0.0
2021-03-01 00:00:00+09:00,1150.3022156512766,1191.2451758693728,1150.3022156512766,1188.3206787109375,51500,0.0,0.0
2021-03-02 00:00:00+09:00,1188.3206880323098,1202.9431739391882,1186.371023244726,1200.0186767578125,69100,0.0,0.0
2021-03-03 00:00:00+09:00,1199.0438744646176,1212.6915283203125,1186.3710530271867,1212.6915283203125,40900,0.0,0.0
2021-03-04 00:00:00+09:00,1199.0438489983326,1206.8425081788096,1172.723374264223,1205.86767578125,40900,0.0,0.0
2021-03-05 00:00:00+09:00,1204.8928011133603,1206.8424658400809,1180.5219920293523,1203.91796875,83100,0.0,0.0
2021-03-08 00:00:00+09:00,1209.766948113798,1212.6914451680618,1182.4716422740023,1186.3709716796875,58600,0.0,0.0
2021-03-09 00:00:00+09:00,1227.3139419734339,1278.9800570843092,1225.3642772522687,1248.76025390625,163600,0.0,0.0
2021-03-10 00:00:00+09:00,1264.357537813927,1295.5521725171232,1264.357537813927,1280.9296875,90900,0.0,0.0
2021-03-11 00:00:00+09:00,1284.8291152679992,1313.0992551335316,1274.1059587672798,1302.3760986328125,53800,0.0,0.0
2021-03-12 00:00:00+09:00,1302.376023792085,1311.1495149703253,1295.5521973201205,1310.1746826171875,116900,0.0,0.0
2021-03-15 00:00:00+09:00,1310.1747132921887,1330.6461931873791,1309.1998809162271,1322.8475341796875,71500,0.0,0.0
2021-03-16 00:00:00+09:00,1326.7468359517252,1354.0421419081163,1314.0740153291151,1338.44482421875,65800,0.0,0.0
2021-03-17 00:00:00+09:00,1338.4449549265287,1358.9164363929942,1338.4449549265287,1350.1429443359375,38200,0.0,0.0
2021-03-18 00:00:00+09:00,1340.3945004187317,1344.2938298744953,1324.7971825956774,1327.7216796875,54400,0.0,0.0
2021-03-19 00:00:00+09:00,1332.595851137475,1348.1931690732465,1309.1998742338178,1339.419677734375,100400,0.0,0.0
2021-03-22 00:00:00+09:00,1334.5455789448304,1355.9918921199846,1316.9985954378858,1342.34423828125,82900,0.0,0.0
2021-03-23 00:00:00+09:00,1342.3442007143544,1357.9415189506867,1329.6713796473343,1346.2435302734375,57700,0.0,0.0
2021-03-24 00:00:00+09:00,1346.243580138177,1348.193244989934,1326.7469316206075,1331.62109375,69400,0.0,0.0
2021-03-25 00:00:00+09:00,1357.9415871599597,1363.7905817923786,1330.6462788753372,1355.01708984375,58300,0.0,0.0
2021-03-26 00:00:00+09:00,1364.7653504078046,1369.6395123735467,1342.3442053653907,1352.092529296875,126800,0.0,0.0
2021-03-29 00:00:00+09:00,1364.765284903607,1371.589111328125,1341.3693085909738,1371.589111328125,226800,0.0,0.0
2021-03-30 00:00:00+09:00,1360.7270098517924,1387.3885695513557,1336.0403805003448,1342.95263671875,113200,18.0,0.0
2021-03-31 00:00:00+09:00,1329.1281191642634,1334.0654450155423,1290.6169775242884,1305.428955078125,94000,0.0,0.0
2021-04-01 00:00:00+09:00,1305.4289413498527,1320.2409187479223,1289.629498791912,1299.504150390625,33300,0.0,0.0
2021-04-02 00:00:00+09:00,1315.303691007653,1318.2660867081206,1296.5418515713577,1306.41650390625,17100,0.0,0.0
2021-04-05 00:00:00+09:00,1306.4164654596336,1308.3913958684916,1295.554348210914,1307.4039306640625,18300,0.0,0.0
2021-04-06 00:00:00+09:00,1307.403896626122,1307.403896626122,1276.7924760857823,1292.5919189453125,28800,0.0,0.0
2021-04-07 00:00:00+09:00,1299.5042669622749,1322.215967676661,1295.5544059684685,1315.3037109375,25100,0.0,0.0
2021-04-08 00:00:00+09:00,1293.5793747268358,1293.5793747268358,1268.8927454381555,1270.86767578125,34700,0.0,0.0
2021-04-09 00:00:00+09:00,1275.8050152866394,1287.6545974719643,1270.8676893760876,1276.79248046875,26200,0.0,0.0
2021-04-12 00:00:00+09:00,1276.792482794785,1299.5041820247,1276.792482794785,1295.5543212890625,17300,0.0,0.0
2021-04-13 00:00:00+09:00,1302.4666246212432,1323.2033942323471,1302.4666246212432,1316.2911376953125,25000,0.0,0.0
2021-04-14 00:00:00+09:00,1317.2785553350682,1317.2785553350682,1294.5668561051532,1295.5543212890625,14600,0.0,0.0
2021-04-15 00:00:00+09:00,1295.5543929110106,1318.2660933964933,1295.5543929110106,1309.37890625,21600,0.0,0.0
2021-04-16 00:00:00+09:00,1309.3788744933622,1324.190852711613,1309.3788744933622,1313.3287353515625,18700,0.0,0.0
2021-04-19 00:00:00+09:00,1372.5765944737468,1393.3133631672351,1356.7771516596606,1361.7144775390625,89100,0.0,0.0
2021-04-20 00:00:00+09:00,1350.852450091513,1379.488942089067,1339.0028671959733,1365.6644287109375,63000,0.0,0.0
2021-04-21 00:00:00+09:00,1347.8900263859675,1353.814817710741,1330.115652411647,1335.052978515625,28800,0.0,0.0
2021-04-22 00:00:00+09:00,1339.9902411965763,1366.6518008961398,1339.9902411965763,1342.95263671875,20300,0.0,0.0
2021-04-23 00:00:00+09:00,1337.0278431368265,1350.8523555473992,1323.2033307262536,1324.1907958984375,21600,0.0,0.0
2021-04-26 00:00:00+09:00,1328.1406455554145,1350.852344326994,1328.1406455554145,1337.02783203125,27600,0.0,0.0
2021-04-27 00:00:00+09:00,1337.027895515068,1346.9025476237464,1316.291126086843,1329.128173828125,28800,0.0,0.0
2021-04-28 00:00:00+09:00,1329.1281148913374,1334.0654407267434,1309.3788115497127,1321.2283935546875,32300,0.0,0.0
2021-04-30 00:00:00+09:00,1321.228411571089,1345.9150410847492,1310.3662945850788,1311.353759765625,47000,0.0,0.0
2021-05-06 00:00:00+09:00,1312.3412900871976,1331.1031294488657,1307.4039639393905,1322.2159423828125,25000,0.0,0.0
2021-05-07 00:00:00+09:00,1329.1281623307004,1352.8273271865226,1321.2284407120928,1341.9652099609375,31800,0.0,0.0
2021-05-10 00:00:00+09:00,1341.9652484337605,1355.7897616626587,1324.19087428232,1340.977783203125,18900,0.0,0.0
2021-05-11 00:00:00+09:00,1275.8049947673287,1299.5041587568146,1260.9930172739,1267.9052734375,56300,0.0,0.0
2021-05-12 00:00:00+09:00,1277.7799209359976,1295.5542938701924,1277.7799209359976,1283.7047119140625,36400,0.0,0.0
2021-05-13 00:00:00+09:00,1275.8050774307612,1279.7549383515995,1250.1309814453125,1250.1309814453125,31800,0.0,0.0
2021-05-14 00:00:00+09:00,1265.9303862007941,1283.7047597979972,1251.118408203125,1251.118408203125,34100,0.0,0.0
2021-05-17 00:00:00+09:00,1268.8927657515915,1285.6796739366318,1266.9178353768807,1279.7548828125,21800,0.0,0.0
2021-05-18 00:00:00+09:00,1279.754847193199,1302.4665458702389,1279.754847193199,1299.504150390625,31400,0.0,0.0
2021-05-19 00:00:00+09:00,1286.667125423934,1297.529242369186,1270.8676825944767,1273.830078125,21200,0.0,0.0
2021-05-20 00:00:00+09:00,1273.8301232872363,1296.5418231597994,1273.8301232872363,1275.8050537109375,23200,0.0,0.0
2021-05-21 00:00:00+09:00,1275.80509765625,1275.80509765625,1258.0307232306984,1259.0181884765625,32000,0.0,0.0
2021-05-24 00:00:00+09:00,1260.9930755331789,1287.6546362531444,1260.9930755331789,1275.8050537109375,19700,0.0,0.0
2021-05-25 00:00:00+09:00,1269.8802422681824,1279.7548942298324,1265.9303814835225,1266.9178466796875,45300,0.0,0.0
2021-05-26 00:00:00+09:00,1266.917864995029,1267.9053302054695,1257.043212890625,1257.043212890625,18400,0.0,0.0
2021-05-27 00:00:00+09:00,1257.0432246132502,1264.9429463704428,1244.2061767578125,1244.2061767578125,19500,0.0,0.0
2021-05-28 00:00:00+09:00,1245.1935719606904,1253.0932932736846,1231.3690596629508,1249.1434326171875,41300,0.0,0.0
2021-05-31 00:00:00+09:00,1249.1434893691749,1257.0432110410748,1236.3064416523375,1238.2813720703125,34800,0.0,0.0
2021-06-01 00:00:00+09:00,1243.2187380040966,1272.84269522421,1241.2438075227558,1256.0557861328125,30500,0.0,0.0
2021-06-02 00:00:00+09:00,1259.0181384741381,1288.6420946735295,1259.0181384741381,1272.8426513671875,21700,0.0,0.0
2021-06-03 00:00:00+09:00,1277.7799726113506,1306.4164634967672,1277.7799726113506,1288.64208984375,31600,0.0,0.0
2021-06-04 00:00:00+09:00,1286.6671278729887,1293.5793841240331,1271.855150192179,1292.5919189453125,22100,0.0,0.0
2021-06-07 00:00:00+09:00,1298.5167213722511,1308.3913732458043,1279.7548828125,1279.7548828125,23500,0.0,0.0
2021-06-08 00:00:00+09:00,1279.754916332952,1303.4540814502288,1279.754916332952,1294.56689453125,22800,0.0,0.0
2021-06-09 00:00:00+09:00,1286.6671459265542,1296.5417978523144,1277.77995919337,1282.71728515625,17100,0.0,0.0
2021-06-10 00:00:00+09:00,1278.767437814296,1293.579415858477,1264.9429249730604,1288.64208984375,18100,0.0,0.0
2021-06-11 00:00:00+09:00,1281.7298382270048,1285.6796990535904,1264.9429297140164,1272.8426513671875,36300,0.0,0.0
2021-06-14 00:00:00+09:00,1279.7549531613092,1288.6421403360405,1272.8426964698515,1274.817626953125,16800,0.0,0.0
2021-06-15 00:00:00+09:00,1274.817625705551,1274.817625705551,1248.156064207449,1256.0557861328125,29000,0.0,0.0
2021-06-16 00:00:00+09:00,1256.055698208042,1273.8300712958917,1255.0682330364948,1270.86767578125,25400,0.0,0.0
2021-06-17 00:00:00+09:00,1269.8802354812622,1271.8551658630372,1261.9805139541627,1263.9554443359375,15000,0.0,0.0
2021-06-18 00:00:00+09:00,1272.842663038487,1272.842663038487,1256.0557543715713,1260.005615234375,16900,0.0,0.0
2021-06-21 00:00:00+09:00,1260.005581352845,1269.880233244325,1242.231207948181,1245.193603515625,39700,0.0,0.0
2021-06-22 00:00:00+09:00,1257.0431701187015,1274.8175433018412,1251.118379057655,1273.830078125,58000,0.0,0.0
2021-06-23 00:00:00+09:00,1267.9052870639534,1277.7799388323642,1263.9554263565892,1273.830078125,28100,0.0,0.0
2021-06-24 00:00:00+09:00,1273.8301350084296,1274.8176002293662,1258.0306914734413,1262.968017578125,18500,0.0,0.0
2021-06-25 00:00:00+09:00,1271.855186160541,1277.7799774004193,1257.0432080608452,1272.8426513671875,26900,0.0,0.0
2021-06-28 00:00:00+09:00,1273.830116573834,1273.830116573834,1260.0056036807846,1272.8426513671875,24800,0.0,0.0
2021-06-29 00:00:00+09:00,1263.9554263565892,1274.8175433018412,1252.105844234496,1273.830078125,28600,0.0,0.0
2021-06-30 00:00:00+09:00,1262.9679587039302,1271.8551452780782,1255.0682373046875,1255.0682373046875,23200,0.0,0.0
2021-07-01 00:00:00+09:00,1255.0683263304886,1262.9680482900826,1238.2814171663515,1240.25634765625,24600,0.0,0.0
2021-07-02 00:00:00+09:00,1247.1685091132997,1253.093300130465,1239.2687877570793,1252.1058349609375,29500,0.0,0.0
2021-07-05 00:00:00+09:00,1252.1058917717035,1258.0306830576894,1241.2437744140625,1241.2437744140625,14100,0.0,0.0
2021-07-06 00:00:00+09:00,1241.2437291848232,1246.1810550765688,1235.3189381147286,1239.268798828125,8600,0.0,0.0
2021-07-07 00:00:00+09:00,1234.3314977792593,1242.2312193650466,1229.3941717881423,1232.3565673828125,30000,0.0,0.0
2021-07-08 00:00:00+09:00,1230.381680647403,1234.3315415804605,1215.5697021484375,1215.5697021484375,23200,0.0,0.0
2021-07-09 00:00:00+09:00,1215.569654833581,1217.5445852232374,1179.0334426249353,1194.8328857421875,53800,0.0,0.0
2021-07-12 00:00:00+09:00,1216.5571175326304,1234.3314910030747,1214.5821871470255,1229.3941650390625,25400,0.0,0.0
2021-07-13 00:00:00+09:00,1233.3440077580303,1239.268798828125,1228.406681866285,1239.268798828125,24100,0.0,0.0
2021-07-14 00:00:00+09:00,1237.2938981489701,1238.2813633510043,1216.55712890625,1216.55712890625,31300,0.0,0.0
2021-07-15 00:00:00+09:00,1216.557142316236,1234.3315161487783,1216.557142316236,1222.48193359375,26400,0.0,0.0
2021-07-16 00:00:00+09:00,1221.4944299877989,1228.4066862609716,1214.5821737146262,1223.4693603515625,18100,0.0,0.0
2021-07-19 00:00:00+09:00,1210.6323946016328,1210.6323946016328,1193.845485377956,1205.695068359375,25900,0.0,0.0
2021-07-20 00:00:00+09:00,1195.820396096006,1201.7451874887195,1184.958278542698,1196.807861328125,22100,0.0,0.0
2021-07-21 00:00:00+09:00,1207.669897163205,1217.5445488162156,1202.7325713366997,1214.5821533203125,28200,0.0,0.0
2021-07-26 00:00:00+09:00,1226.431826401375,1226.431826401375,1214.5822435375937,1218.5321044921875,16300,0.0,0.0
2021-07-27 00:00:00+09:00,1218.5321111039184,1227.4192982999762,1208.6574586638542,1221.4945068359375,35600,0.0,0.0
2021-07-28 00:00:00+09:00,1221.4944434966428,1230.3816302318648,1215.569652339828,1229.3941650390625,23700,0.0,0.0
2021-07-29 00:00:00+09:00,1229.3941833248987,1229.3941833248987,1212.6072747975709,1219.51953125,11100,0.0,0.0
2021-07-30 00:00:00+09:00,1208.6573526748757,1208.6573526748757,1188.9080495265935,1192.85791015625,20500,0.0,0.0
2021-08-02 00:00:00+09:00,1203.7200567139262,1225.4442907153261,1196.8078004407535,1223.4693603515625,30500,0.0,0.0
2021-08-03 00:00:00+09:00,1223.4693920799596,1227.4192529099191,1205.6950183451418,1219.51953125,16000,0.0,0.0
2021-08-04 00:00:00+09:00,1216.5571356275304,1219.51953125,1210.632344382591,1219.51953125,7900,0.0,0.0
2021-08-05 00:00:00+09:00,1215.5697208438908,1216.5571860923424,1205.695068359375,1205.695068359375,5900,0.0,0.0
2021-08-06 00:00:00+09:00,1206.6824498911374,1219.5194972304048,1202.7325891713626,1204.70751953125,24700,0.0,0.0
2021-08-10 00:00:00+09:00,1207.669981640625,1240.256334375,1207.669981640625,1234.33154296875,92500,0.0,0.0
2021-08-11 00:00:00+09:00,1241.2438129011991,1243.2187433910976,1227.4192994719099,1240.25634765625,25100,0.0,0.0
2021-08-12 00:00:00+09:00,1247.1686055261948,1264.9429799517463,1241.243814051011,1259.0181884765625,28200,0.0,0.0
2021-08-13 00:00:00+09:00,1263.9553990610327,1273.830050616197,1258.0306081279343,1261.98046875,18700,0.0,0.0
2021-08-16 00:00:00+09:00,1261.980518582501,1261.980518582501,1245.193610275848,1248.156005859375,20100,0.0,0.0
2021-08-17 00:00:00+09:00,1248.156032645964,1265.9304065285805,1248.156032645964,1260.005615234375,57400,0.0,0.0
2021-08-18 00:00:00+09:00,1260.0055656492248,1289.6295209544573,1260.0055656492248,1273.830078125,58900,0.0,0.0
2021-08-19 00:00:00+09:00,1270.8676893760876,1290.6169930182955,1269.880224193977,1276.79248046875,68400,0.0,0.0
2021-08-20 00:00:00+09:00,1273.830128254188,1277.7799891169916,1256.0557543715713,1260.005615234375,37900,0.0,0.0
2021-08-23 00:00:00+09:00,1273.830050616197,1280.742306704812,1253.093282350352,1261.98046875,31700,0.0,0.0
2021-08-24 00:00:00+09:00,1273.830116573834,1273.830116573834,1263.95546450737,1272.8426513671875,36000,0.0,0.0
2021-08-25 00:00:00+09:00,1277.7799209359976,1289.6295028921274,1277.7799209359976,1283.7047119140625,32900,0.0,0.0
2021-08-26 00:00:00+09:00,1283.7047955148685,1286.6671911968258,1278.7674693782728,1284.6922607421875,16300,0.0,0.0
2021-08-27 00:00:00+09:00,1284.6922607421875,1285.6797259695068,1273.8301432416772,1284.6922607421875,18000,0.0,0.0
2021-08-30 00:00:00+09:00,1286.667166147028,1291.6044921875,1283.7047705227446,1291.6044921875,25300,0.0,0.0
2021-08-31 00:00:00+09:00,1291.6044469485787,1294.566842469103,1286.6671210810382,1289.6295166015625,18600,0.0,0.0
2021-09-01 00:00:00+09:00,1293.5794360017123,1298.5167620933219,1289.6295751284247,1297.529296875,16300,0.0,0.0
2021-09-02 00:00:00+09:00,1297.529258443738,1298.5167236328125,1292.591932498366,1298.5167236328125,12400,0.0,0.0
2021-09-03 00:00:00+09:00,1286.66715670913,1323.203369140625,1274.8175742989156,1323.203369140625,49500,0.0,0.0
2021-09-06 00:00:00+09:00,1326.1657848768186,1332.090576171875,1314.3162022867054,1332.090576171875,25600,0.0,0.0
2021-09-07 00:00:00+09:00,1349.8649420166014,1399.2382025146483,1333.0780334472656,1382.4512939453125,126800,0.0,0.0
2021-09-08 00:00:00+09:00,1382.4512939453125,1382.4512939453125,1367.6393157958985,1382.4512939453125,46000,0.0,0.0
2021-09-09 00:00:00+09:00,1367.6393157958985,1382.4512939453125,1360.727059326172,1382.4512939453125,29800,0.0,0.0
2021-09-10 00:00:00+09:00,1382.4512555206102,1386.401116250669,1378.5013947905513,1383.438720703125,82100,0.0,0.0
2021-09-13 00:00:00+09:00,1376.5265093563457,1385.4136962890625,1352.8273442024345,1385.4136962890625,59100,0.0,0.0
2021-09-14 00:00:00+09:00,1383.438689164674,1391.338410444701,1374.551502724644,1387.3885498046875,56900,0.0,0.0
2021-09-15 00:00:00+09:00,1381.463765664534,1393.313347643072,1368.6267185211182,1390.3509521484375,48200,0.0,0.0
2021-09-16 00:00:00+09:00,1386.4010983040619,1394.3008196619196,1378.501376946204,1393.3133544921875,30600,0.0,0.0
2021-09-17 00:00:00+09:00,1393.3134148482322,1419.9749755859375,1390.3510192107094,1419.9749755859375,42800,0.0,0.0
2021-09-21 00:00:00+09:00,1411.0877259229394,1443.6740764865901,1399.2381438997936,1427.8746337890625,64000,0.0,0.0
2021-09-22 00:00:00+09:00,1428.8621892679148,1437.749376346983,1406.1504889547414,1431.8245849609375,59000,0.0,0.0
2021-09-24 00:00:00+09:00,1442.686695786946,1447.6240219190026,1418.000065126663,1428.8621826171875,52500,0.0,0.0
2021-09-27 00:00:00+09:00,1425.8997328350097,1425.8997328350097,1399.2381727335242,1405.1629638671875,20600,0.0,0.0
2021-09-28 00:00:00+09:00,1394.300835654596,1418.0,1384.4261838440111,1418.0,38500,0.0,0.0
2021-09-29 00:00:00+09:00,1400.0,1407.0,1381.0,1406.0,42700,18.0,0.0
2021-09-30 00:00:00+09:00,1405.0,1423.0,1394.0,1415.0,18300,0.0,0.0
2021-10-01 00:00:00+09:00,1399.0,1406.0,1363.0,1372.0,35300,0.0,0.0
2021-10-04 00:00:00+09:00,1383.0,1394.0,1379.0,1390.0,30900,0.0,0.0
2021-10-05 00:00:00+09:00,1385.0,1388.0,1353.0,1378.0,41300,0.0,0.0
2021-10-06 00:00:00+09:00,1390.0,1396.0,1374.0,1384.0,65700,0.0,0.0
2021-10-07 00:00:00+09:00,1391.0,1392.0,1361.0,1366.0,28500,0.0,0.0
2021-10-08 00:00:00+09:00,1375.0,1387.0,1367.0,1376.0,45900,0.0,0.0
2021-10-11 00:00:00+09:00,1380.0,1394.0,1369.0,1388.0,40900,0.0,0.0
2021-10-12 00:00:00+09:00,1389.0,1404.0,1376.0,1404.0,49500,0.0,0.0
2021-10-13 00:00:00+09:00,1405.0,1413.0,1385.0,1400.0,68700,0.0,0.0
2021-10-14 00:00:00+09:00,1400.0,1410.0,1398.0,1410.0,18500,0.0,0.0
2021-10-15 00:00:00+09:00,1411.0,1490.0,1411.0,1467.0,55700,0.0,0.0
2021-10-18 00:00:00+09:00,1471.0,1481.0,1440.0,1446.0,35500,0.0,0.0
2021-10-19 00:00:00+09:00,1431.0,1459.0,1431.0,1449.0,18600,0.0,0.0
2021-10-20 00:00:00+09:00,1461.0,1468.0,1443.0,1450.0,12600,0.0,0.0
2021-10-21 00:00:00+09:00,1449.0,1453.0,1437.0,1445.0,10800,0.0,0.0
2021-10-22 00:00:00+09:00,1442.0,1452.0,1439.0,1449.0,16600,0.0,0.0
2021-10-25 00:00:00+09:00,1432.0,1454.0,1432.0,1447.0,12100,0.0,0.0
2021-10-26 00:00:00+09:00,1460.0,1460.0,1443.0,1450.0,19200,0.0,0.0
2021-10-27 00:00:00+09:00,1449.0,1450.0,1433.0,1450.0,13900,0.0,0.0
2021-10-28 00:00:00+09:00,1424.0,1458.0,1424.0,1434.0,58300,0.0,0.0
2021-10-29 00:00:00+09:00,1434.0,1450.0,1434.0,1447.0,13000,0.0,0.0
2021-11-01 00:00:00+09:00,1447.0,1470.0,1419.0,1470.0,33500,0.0,0.0
2021-11-02 00:00:00+09:00,1459.0,1459.0,1438.0,1440.0,14600,0.0,0.0
2021-11-04 00:00:00+09:00,1454.0,1457.0,1434.0,1457.0,22600,0.0,0.0
2021-11-05 00:00:00+09:00,1445.0,1450.0,1440.0,1442.0,11300,0.0,0.0
2021-11-08 00:00:00+09:00,1442.0,1450.0,1440.0,1440.0,11500,0.0,0.0
2021-11-09 00:00:00+09:00,1440.0,1447.0,1400.0,1416.0,26900,0.0,0.0
2021-11-10 00:00:00+09:00,1419.0,1439.0,1383.0,1390.0,17100,0.0,0.0
2021-11-11 00:00:00+09:00,1390.0,1409.0,1383.0,1406.0,11200,0.0,0.0
2021-11-12 00:00:00+09:00,1405.0,1437.0,1405.0,1422.0,15600,0.0,0.0
2021-11-15 00:00:00+09:00,1432.0,1437.0,1394.0,1400.0,14700,0.0,0.0
2021-11-16 00:00:00+09:00,1409.0,1423.0,1405.0,1405.0,9500,0.0,0.0
2021-11-17 00:00:00+09:00,1401.0,1413.0,1397.0,1403.0,47500,0.0,0.0
2021-11-18 00:00:00+09:00,1400.0,1412.0,1391.0,1401.0,7700,0.0,0.0
2021-11-19 00:00:00+09:00,1400.0,1412.0,1399.0,1407.0,8700,0.0,0.0
2021-11-22 00:00:00+09:00,1417.0,1421.0,1399.0,1420.0,11600,0.0,0.0
2021-11-24 00:00:00+09:00,1415.0,1421.0,1411.0,1415.0,10100,0.0,0.0
2021-11-25 00:00:00+09:00,1415.0,1418.0,1404.0,1415.0,5100,0.0,0.0
2021-11-26 00:00:00+09:00,1415.0,1423.0,1393.0,1400.0,43900,0.0,0.0
2021-11-29 00:00:00+09:00,1370.0,1403.0,1352.0,1400.0,57100,0.0,0.0
2021-11-30 00:00:00+09:00,1400.0,1413.0,1380.0,1391.0,52100,0.0,0.0
2021-12-01 00:00:00+09:00,1391.0,1401.0,1384.0,1393.0,36100,0.0,0.0
2021-12-02 00:00:00+09:00,1394.0,1424.0,1392.0,1400.0,25600,0.0,0.0
2021-12-03 00:00:00+09:00,1413.0,1420.0,1406.0,1420.0,10400,0.0,0.0
2021-12-06 00:00:00+09:00,1420.0,1422.0,1400.0,1406.0,18100,0.0,0.0
2021-12-07 00:00:00+09:00,1410.0,1463.0,1410.0,1463.0,21200,0.0,0.0
2021-12-08 00:00:00+09:00,1470.0,1487.0,1467.0,1487.0,18100,0.0,0.0
2021-12-09 00:00:00+09:00,1474.0,1486.0,1473.0,1481.0,8900,0.0,0.0
2021-12-10 00:00:00+09:00,1485.0,1492.0,1466.0,1473.0,16500,0.0,0.0
2021-12-13 00:00:00+09:00,1483.0,1487.0,1469.0,1478.0,14400,0.0,0.0
2021-12-14 00:00:00+09:00,1485.0,1491.0,1463.0,1482.0,16500,0.0,0.0
2021-12-15 00:00:00+09:00,1482.0,1511.0,1482.0,1498.0,14600,0.0,0.0
2021-12-16 00:00:00+09:00,1520.0,1530.0,1506.0,1513.0,14800,0.0,0.0
2021-12-17 00:00:00+09:00,1513.0,1523.0,1483.0,1492.0,22500,0.0,0.0
2021-12-20 00:00:00+09:00,1483.0,1483.0,1466.0,1470.0,16500,0.0,0.0
2021-12-21 00:00:00+09:00,1476.0,1481.0,1467.0,1473.0,10800,0.0,0.0
2021-12-22 00:00:00+09:00,1475.0,1487.0,1466.0,1470.0,9700,0.0,0.0
2021-12-23 00:00:00+09:00,1472.0,1478.0,1470.0,1473.0,7500,0.0,0.0
2021-12-24 00:00:00+09:00,1475.0,1493.0,1475.0,1484.0,7800,0.0,0.0
2021-12-27 00:00:00+09:00,1485.0,1494.0,1476.0,1489.0,10600,0.0,0.0
2021-12-28 00:00:00+09:00,1489.0,1492.0,1478.0,1492.0,12300,0.0,0.0
2021-12-29 00:00:00+09:00,1492.0,1492.0,1478.0,1491.0,5100,0.0,0.0
2021-12-30 00:00:00+09:00,1490.0,1494.0,1478.0,1479.0,6400,0.0,0.0
2022-01-04 00:00:00+09:00,1483.0,1495.0,1477.0,1495.0,9000,0.0,0.0
2022-01-05 00:00:00+09:00,1493.0,1499.0,1488.0,1497.0,12100,0.0,0.0
2022-01-06 00:00:00+09:00,1497.0,1497.0,1484.0,1484.0,8200,0.0,0.0
2022-01-07 00:00:00+09:00,1484.0,1492.0,1464.0,1481.0,15200,0.0,0.0
2022-01-11 00:00:00+09:00,1481.0,1482.0,1466.0,1471.0,12000,0.0,0.0
2022-01-12 00:00:00+09:00,1471.0,1482.0,1471.0,1479.0,7700,0.0,0.0
2022-01-13 00:00:00+09:00,1479.0,1479.0,1465.0,1465.0,10800,0.0,0.0
2022-01-14 00:00:00+09:00,1465.0,1473.0,1453.0,1469.0,13400,0.0,0.0
2022-01-17 00:00:00+09:00,1470.0,1475.0,1469.0,1470.0,8500,0.0,0.0
2022-01-18 00:00:00+09:00,1470.0,1480.0,1455.0,1456.0,29100,0.0,0.0
2022-01-19 00:00:00+09:00,1438.0,1461.0,1404.0,1405.0,51100,0.0,0.0
2022-01-20 00:00:00+09:00,1417.0,1417.0,1370.0,1375.0,37200,0.0,0.0
2022-01-21 00:00:00+09:00,1375.0,1409.0,1363.0,1382.0,16200,0.0,0.0
2022-01-24 00:00:00+09:00,1370.0,1376.0,1360.0,1374.0,10800,0.0,0.0
2022-01-25 00:00:00+09:00,1371.0,1376.0,1359.0,1376.0,19900,0.0,0.0
2022-01-26 00:00:00+09:00,1376.0,1385.0,1360.0,1360.0,16100,0.0,0.0
2022-01-27 00:00:00+09:00,1365.0,1377.0,1302.0,1302.0,27600,0.0,0.0
2022-01-28 00:00:00+09:00,1306.0,1313.0,1296.0,1299.0,20400,0.0,0.0
2022-01-31 00:00:00+09:00,1300.0,1317.0,1297.0,1317.0,24500,0.0,0.0
2022-02-01 00:00:00+09:00,1317.0,1323.0,1286.0,1286.0,25500,0.0,0.0
2022-02-02 00:00:00+09:00,1281.0,1308.0,1279.0,1304.0,37300,0.0,0.0
2022-02-03 00:00:00+09:00,1293.0,1313.0,1293.0,1300.0,19800,0.0,0.0
2022-02-04 00:00:00+09:00,1300.0,1315.0,1298.0,1308.0,31800,0.0,0.0
2022-02-07 00:00:00+09:00,1313.0,1321.0,1299.0,1315.0,21300,0.0,0.0
2022-02-08 00:00:00+09:00,1339.0,1340.0,1300.0,1307.0,19900,0.0,0.0
2022-02-09 00:00:00+09:00,1308.0,1325.0,1289.0,1315.0,47800,0.0,0.0
2022-02-10 00:00:00+09:00,1435.0,1450.0,1380.0,1406.0,139200,0.0,0.0
2022-02-14 00:00:00+09:00,1384.0,1412.0,1361.0,1388.0,54800,0.0,0.0
2022-02-15 00:00:00+09:00,1400.0,1407.0,1371.0,1379.0,34700,0.0,0.0
2022-02-16 00:00:00+09:00,1385.0,1422.0,1385.0,1415.0,23300,0.0,0.0
2022-02-17 00:00:00+09:00,1416.0,1427.0,1404.0,1427.0,27100,0.0,0.0
2022-02-18 00:00:00+09:00,1423.0,1436.0,1413.0,1414.0,62300,0.0,0.0
2022-02-21 00:00:00+09:00,1398.0,1404.0,1391.0,1397.0,20700,0.0,0.0
2022-02-22 00:00:00+09:00,1397.0,1398.0,1387.0,1391.0,15800,0.0,0.0
2022-02-24 00:00:00+09:00,1391.0,1407.0,1380.0,1407.0,33300,0.0,0.0
2022-02-25 00:00:00+09:00,1408.0,1409.0,1399.0,1405.0,31300,0.0,0.0
2022-02-28 00:00:00+09:00,1403.0,1403.0,1384.0,1399.0,45600,0.0,0.0
2022-03-01 00:00:00+09:00,1421.0,1442.0,1408.0,1425.0,62500,0.0,0.0
2022-03-02 00:00:00+09:00,1410.0,1425.0,1401.0,1402.0,43500,0.0,0.0
2022-03-03 00:00:00+09:00,1420.0,1429.0,1410.0,1410.0,28100,0.0,0.0
2022-03-04 00:00:00+09:00,1405.0,1409.0,1394.0,1394.0,50100,0.0,0.0
2022-03-07 00:00:00+09:00,1367.0,1367.0,1343.0,1349.0,50200,0.0,0.0
2022-03-08 00:00:00+09:00,1336.0,1348.0,1314.0,1317.0,39700,0.0,0.0
2022-03-09 00:00:00+09:00,1319.0,1339.0,1307.0,1311.0,46500,0.0,0.0
2022-03-10 00:00:00+09:00,1354.0,1359.0,1337.0,1356.0,47900,0.0,0.0
2022-03-11 00:00:00+09:00,1320.0,1334.0,1312.0,1312.0,121000,0.0,0.0
2022-03-14 00:00:00+09:00,1313.0,1346.0,1313.0,1314.0,73300,0.0,0.0
2022-03-15 00:00:00+09:00,1318.0,1379.0,1318.0,1365.0,67500,0.0,0.0
2022-03-16 00:00:00+09:00,1377.0,1411.0,1377.0,1390.0,80200,0.0,0.0
2022-03-17 00:00:00+09:00,1417.0,1433.0,1401.0,1428.0,64400,0.0,0.0
2022-03-18 00:00:00+09:00,1518.0,1574.0,1494.0,1574.0,240800,0.0,0.0
2022-03-22 00:00:00+09:00,1574.0,1574.0,1533.0,1542.0,110000,0.0,0.0
2022-03-23 00:00:00+09:00,1549.0,1564.0,1525.0,1525.0,109800,0.0,0.0
2022-03-24 00:00:00+09:00,1524.0,1547.0,1493.0,1547.0,84000,0.0,0.0
2022-03-25 00:00:00+09:00,1555.0,1567.0,1527.0,1550.0,143300,0.0,0.0
2022-03-28 00:00:00+09:00,1561.0,1590.0,1546.0,1559.0,131500,0.0,0.0
2022-03-29 00:00:00+09:00,1552.0,1592.0,1548.0,1590.0,137900,0.0,0.0
2022-03-30 00:00:00+09:00,1568.0,1587.0,1546.0,1558.0,71300,0.0,0.0
2022-03-31 00:00:00+09:00,1558.0,1591.0,1543.0,1574.0,53800,0.0,0.0
2022-04-01 00:00:00+09:00,1570.0,1571.0,1521.0,1545.0,42500,0.0,0.0
2022-04-04 00:00:00+09:00,1547.0,1572.0,1547.0,1555.0,22500,0.0,0.0
2022-04-05 00:00:00+09:00,1578.0,1608.0,1573.0,1588.0,45300,0.0,0.0
2022-04-06 00:00:00+09:00,1577.0,1595.0,1570.0,1572.0,23000,0.0,0.0
2022-04-07 00:00:00+09:00,1547.0,1571.0,1524.0,1530.0,34300,0.0,0.0
2022-04-08 00:00:00+09:00,1513.0,1518.0,1493.0,1507.0,91800,0.0,0.0
2022-04-11 00:00:00+09:00,1523.0,1542.0,1513.0,1532.0,31300,0.0,0.0
2022-04-12 00:00:00+09:00,1532.0,1558.0,1528.0,1542.0,35500,0.0,0.0
2022-04-13 00:00:00+09:00,1550.0,1568.0,1543.0,1555.0,43900,0.0,0.0
2022-04-14 00:00:00+09:00,1555.0,1583.0,1555.0,1570.0,13600,0.0,0.0
2022-04-15 00:00:00+09:00,1570.0,1574.0,1554.0,1574.0,16700,0.0,0.0
2022-04-18 00:00:00+09:00,1581.0,1581.0,1548.0,1559.0,20200,0.0,0.0
2022-04-19 00:00:00+09:00,1559.0,1582.0,1548.0,1571.0,17500,0.0,0.0
2022-04-20 00:00:00+09:00,1580.0,1593.0,1560.0,1585.0,18200,0.0,0.0
2022-04-21 00:00:00+09:00,1586.0,1599.0,1586.0,1596.0,22500,0.0,0.0
2022-04-22 00:00:00+09:00,1586.0,1598.0,1585.0,1594.0,10100,0.0,0.0
2022-04-25 00:00:00+09:00,1590.0,1607.0,1577.0,1599.0,16400,0.0,0.0
2022-04-26 00:00:00+09:00,1629.0,1629.0,1603.0,1610.0,21700,0.0,0.0
2022-04-27 00:00:00+09:00,1591.0,1616.0,1586.0,1610.0,80100,0.0,0.0
2022-04-28 00:00:00+09:00,1608.0,1660.0,1608.0,1651.0,33300,0.0,0.0
2022-05-02 00:00:00+09:00,1660.0,1683.0,1651.0,1673.0,19100,0.0,0.0
2022-05-06 00:00:00+09:00,1673.0,1710.0,1671.0,1710.0,37900,0.0,0.0
2022-05-09 00:00:00+09:00,1685.0,1685.0,1651.0,1656.0,30400,0.0,0.0
2022-05-10 00:00:00+09:00,1635.0,1647.0,1611.0,1632.0,32000,0.0,0.0
2022-05-11 00:00:00+09:00,1632.0,1636.0,1617.0,1630.0,21200,0.0,0.0
2022-05-12 00:00:00+09:00,1628.0,1633.0,1604.0,1604.0,21200,0.0,0.0
2022-05-13 00:00:00+09:00,1588.0,1644.0,1578.0,1625.0,35000,0.0,0.0
2022-05-16 00:00:00+09:00,1625.0,1633.0,1585.0,1591.0,24600,0.0,0.0
2022-05-17 00:00:00+09:00,1587.0,1607.0,1572.0,1586.0,33300,0.0,0.0
2022-05-18 00:00:00+09:00,1590.0,1609.0,1585.0,1591.0,34800,0.0,0.0
2022-05-19 00:00:00+09:00,1560.0,1624.0,1560.0,1588.0,18600,0.0,0.0
2022-05-20 00:00:00+09:00,1584.0,1595.0,1572.0,1590.0,26000,0.0,0.0
2022-05-23 00:00:00+09:00,1602.0,1620.0,1591.0,1618.0,17600,0.0,0.0
2022-05-24 00:00:00+09:00,1611.0,1617.0,1586.0,1592.0,17700,0.0,0.0
2022-05-25 00:00:00+09:00,1587.0,1600.0,1577.0,1586.0,22700,0.0,0.0
2022-05-26 00:00:00+09:00,1587.0,1596.0,1574.0,1586.0,18600,0.0,0.0
2022-05-27 00:00:00+09:00,1606.0,1624.0,1587.0,1624.0,22500,0.0,0.0
2022-05-30 00:00:00+09:00,1631.0,1645.0,1604.0,1604.0,42500,0.0,0.0
2022-05-31 00:00:00+09:00,1604.0,1630.0,1594.0,1626.0,30800,0.0,0.0
2022-06-01 00:00:00+09:00,1628.0,1630.0,1603.0,1630.0,38800,0.0,0.0
2022-06-02 00:00:00+09:00,1630.0,1636.0,1615.0,1625.0,24800,0.0,0.0
2022-06-03 00:00:00+09:00,1624.0,1624.0,1587.0,1599.0,31000,0.0,0.0
2022-06-06 00:00:00+09:00,1599.0,1622.0,1595.0,1603.0,27300,0.0,0.0
2022-06-07 00:00:00+09:00,1599.0,1626.0,1595.0,1612.0,26300,0.0,0.0
2022-06-08 00:00:00+09:00,1629.0,1629.0,1603.0,1616.0,39800,0.0,0.0
2022-06-09 00:00:00+09:00,1605.0,1605.0,1580.0,1594.0,31500,0.0,0.0
2022-06-10 00:00:00+09:00,1563.0,1585.0,1521.0,1563.0,47800,0.0,0.0
2022-06-13 00:00:00+09:00,1544.0,1572.0,1544.0,1561.0,18600,0.0,0.0
2022-06-14 00:00:00+09:00,1550.0,1570.0,1548.0,1557.0,31800,0.0,0.0
2022-06-15 00:00:00+09:00,1557.0,1580.0,1557.0,1563.0,26700,0.0,0.0
2022-06-16 00:00:00+09:00,1563.0,1588.0,1563.0,1568.0,21100,0.0,0.0
2022-06-17 00:00:00+09:00,1560.0,1590.0,1545.0,1580.0,48700,0.0,0.0
2022-06-20 00:00:00+09:00,1580.0,1580.0,1549.0,1563.0,20400,0.0,0.0
2022-06-21 00:00:00+09:00,1579.0,1596.0,1578.0,1581.0,27700,0.0,0.0
2022-06-22 00:00:00+09:00,1581.0,1587.0,1571.0,1574.0,27800,0.0,0.0
2022-06-23 00:00:00+09:00,1570.0,1570.0,1545.0,1550.0,17200,0.0,0.0
2022-06-24 00:00:00+09:00,1550.0,1569.0,1550.0,1563.0,7800,0.0,0.0
2022-06-27 00:00:00+09:00,1584.0,1588.0,1575.0,1578.0,9800,0.0,0.0
2022-06-28 00:00:00+09:00,1580.0,1600.0,1575.0,1600.0,22900,0.0,0.0
2022-06-29 00:00:00+09:00,1591.0,1624.0,1590.0,1608.0,25000,0.0,0.0
2022-06-30 00:00:00+09:00,1608.0,1616.0,1582.0,1595.0,25600,0.0,0.0
2022-07-01 00:00:00+09:00,1601.0,1614.0,1595.0,1607.0,18800,0.0,0.0
2022-07-04 00:00:00+09:00,1607.0,1639.0,1607.0,1637.0,17800,0.0,0.0
2022-07-05 00:00:00+09:00,1645.0,1664.0,1635.0,1657.0,25800,0.0,0.0
2022-07-06 00:00:00+09:00,1642.0,1642.0,1606.0,1613.0,16600,0.0,0.0
2022-07-07 00:00:00+09:00,1621.0,1639.0,1609.0,1637.0,20300,0.0,0.0
2022-07-08 00:00:00+09:00,1637.0,1681.0,1634.0,1648.0,30100,0.0,0.0
2022-07-11 00:00:00+09:00,1671.0,1683.0,1651.0,1675.0,23000,0.0,0.0
2022-07-12 00:00:00+09:00,1684.0,1715.0,1671.0,1690.0,33800,0.0,0.0
2022-07-13 00:00:00+09:00,1690.0,1750.0,1690.0,1738.0,34000,0.0,0.0
2022-07-14 00:00:00+09:00,1731.0,1738.0,1698.0,1703.0,19200,0.0,0.0
2022-07-15 00:00:00+09:00,1711.0,1726.0,1700.0,1719.0,27100,0.0,0.0
2022-07-19 00:00:00+09:00,1730.0,1761.0,1726.0,1758.0,18500,0.0,0.0
2022-07-20 00:00:00+09:00,1765.0,1783.0,1740.0,1761.0,33400,0.0,0.0
2022-07-21 00:00:00+09:00,1759.0,1787.0,1743.0,1784.0,23300,0.0,0.0
2022-07-22 00:00:00+09:00,1784.0,1790.0,1765.0,1787.0,13800,0.0,0.0
2022-07-25 00:00:00+09:00,1790.0,1792.0,1768.0,1789.0,10500,0.0,0.0
2022-07-26 00:00:00+09:00,1790.0,1812.0,1790.0,1804.0,26000,0.0,0.0
2022-07-27 00:00:00+09:00,1805.0,1834.0,1796.0,1828.0,21100,0.0,0.0
2022-07-28 00:00:00+09:00,1844.0,1846.0,1802.0,1841.0,23700,0.0,0.0
2022-07-29 00:00:00+09:00,1853.0,1853.0,1820.0,1828.0,14000,0.0,0.0
2022-08-01 00:00:00+09:00,1828.0,1828.0,1789.0,1801.0,20300,0.0,0.0
2022-08-02 00:00:00+09:00,1769.0,1770.0,1735.0,1767.0,44000,0.0,0.0
2022-08-03 00:00:00+09:00,1773.0,1787.0,1753.0,1776.0,16400,0.0,0.0
2022-08-04 00:00:00+09:00,1783.0,1783.0,1755.0,1763.0,17900,0.0,0.0
2022-08-05 00:00:00+09:00,1760.0,1819.0,1750.0,1812.0,27900,0.0,0.0
2022-08-08 00:00:00+09:00,1812.0,1825.0,1794.0,1825.0,14200,0.0,0.0
2022-08-09 00:00:00+09:00,1820.0,1827.0,1797.0,1798.0,22800,0.0,0.0
2022-08-10 00:00:00+09:00,1850.0,2000.0,1850.0,1916.0,141500,0.0,0.0
2022-08-12 00:00:00+09:00,1917.0,1984.0,1917.0,1984.0,55500,0.0,0.0
2022-08-15 00:00:00+09:00,1984.0,1998.0,1954.0,1992.0,27300,0.0,0.0
2022-08-16 00:00:00+09:00,1986.0,1986.0,1940.0,1950.0,33900,0.0,0.0
2022-08-17 00:00:00+09:00,1950.0,1990.0,1935.0,1978.0,40100,0.0,0.0
2022-08-18 00:00:00+09:00,1941.0,1947.0,1914.0,1925.0,58900,0.0,0.0
2022-08-19 00:00:00+09:00,1941.0,1946.0,1930.0,1937.0,41400,0.0,0.0
2022-08-22 00:00:00+09:00,1920.0,1933.0,1896.0,1913.0,49800,0.0,0.0
2022-08-23 00:00:00+09:00,1892.0,1902.0,1875.0,1885.0,46500,0.0,0.0
2022-08-24 00:00:00+09:00,1888.0,1893.0,1875.0,1887.0,21700,0.0,0.0
2022-08-25 00:00:00+09:00,1900.0,1928.0,1861.0,1884.0,99400,0.0,0.0
2022-08-26 00:00:00+09:00,1896.0,1897.0,1880.0,1891.0,96400,0.0,0.0
2022-08-29 00:00:00+09:00,1851.0,1985.0,1851.0,1979.0,76200,0.0,0.0
2022-08-30 00:00:00+09:00,1979.0,1985.0,1937.0,1953.0,71200,0.0,0.0
2022-08-31 00:00:00+09:00,1959.0,1960.0,1941.0,1947.0,46600,0.0,0.0
2022-09-01 00:00:00+09:00,1958.0,1975.0,1953.0,1964.0,105600,0.0,0.0
2022-09-02 00:00:00+09:00,1964.0,1967.0,1890.0,1949.0,79100,0.0,0.0
2022-09-05 00:00:00+09:00,1934.0,1989.0,1919.0,1973.0,36900,0.0,0.0
2022-09-06 00:00:00+09:00,1973.0,2009.0,1967.0,1995.0,86500,0.0,0.0
2022-09-07 00:00:00+09:00,2007.0,2007.0,1963.0,1966.0,32800,0.0,0.0
2022-09-08 00:00:00+09:00,2000.0,2039.0,1988.0,2035.0,81500,0.0,0.0
2022-09-09 00:00:00+09:00,2029.0,2055.0,2004.0,2025.0,52600,0.0,0.0
2022-09-12 00:00:00+09:00,2012.0,2012.0,1992.0,1993.0,36500,0.0,0.0
2022-09-13 00:00:00+09:00,1993.0,1995.0,1944.0,1961.0,57500,0.0,0.0
2022-09-14 00:00:00+09:00,1920.0,1939.0,1906.0,1920.0,51300,0.0,0.0
2022-09-15 00:00:00+09:00,1920.0,1948.0,1916.0,1935.0,31800,0.0,0.0
2022-09-16 00:00:00+09:00,1940.0,1952.0,1906.0,1926.0,38300,0.0,0.0
2022-09-20 00:00:00+09:00,1966.0,1979.0,1962.0,1972.0,34900,0.0,0.0
2022-09-21 00:00:00+09:00,1978.0,1978.0,1945.0,1946.0,19200,0.0,0.0
2022-09-22 00:00:00+09:00,1950.0,1960.0,1938.0,1941.0,27300,0.0,0.0
2022-09-26 00:00:00+09:00,1930.0,1930.0,1882.0,1887.0,44600,0.0,0.0
2022-09-27 00:00:00+09:00,1900.0,1900.0,1867.0,1867.0,26700,0.0,0.0
2022-09-28 00:00:00+09:00,1850.0,1867.0,1830.0,1861.0,53200,0.0,0.0
2022-09-29 00:00:00+09:00,1860.0,1905.0,1857.0,1875.0,44600,0.0,0.0
2022-09-30 00:00:00+09:00,1860.0,1881.0,1833.0,1836.0,25000,0.0,0.0
2022-10-03 00:00:00+09:00,1844.0,1872.0,1834.0,1870.0,26900,0.0,0.0
2022-10-04 00:00:00+09:00,1902.0,1926.0,1897.0,1920.0,33300,0.0,0.0
2022-10-05 00:00:00+09:00,1937.0,1958.0,1914.0,1929.0,48900,0.0,0.0
2022-10-06 00:00:00+09:00,1957.0,1968.0,1937.0,1959.0,22900,0.0,0.0
2022-10-07 00:00:00+09:00,1934.0,1956.0,1928.0,1928.0,25700,0.0,0.0
2022-10-11 00:00:00+09:00,1899.0,1907.0,1866.0,1887.0,50700,0.0,0.0
2022-10-12 00:00:00+09:00,1888.0,1903.0,1881.0,1892.0,22900,0.0,0.0
2022-10-13 00:00:00+09:00,1890.0,1897.0,1877.0,1883.0,19600,0.0,0.0
2022-10-14 00:00:00+09:00,1923.0,1936.0,1904.0,1920.0,35300,0.0,0.0
2022-10-17 00:00:00+09:00,1924.0,1951.0,1918.0,1924.0,31700,0.0,0.0
2022-10-18 00:00:00+09:00,1925.0,1965.0,1925.0,1958.0,20100,0.0,0.0
2022-10-19 00:00:00+09:00,1955.0,1985.0,1947.0,1978.0,18800,0.0,0.0
2022-10-20 00:00:00+09:00,1978.0,2006.0,1968.0,1970.0,25700,0.0,0.0
2022-10-21 00:00:00+09:00,1956.0,1976.0,1956.0,1969.0,14300,0.0,0.0
2022-10-24 00:00:00+09:00,1988.0,1988.0,1925.0,1925.0,21100,0.0,0.0
2022-10-25 00:00:00+09:00,1925.0,1953.0,1914.0,1946.0,32100,0.0,0.0
2022-10-26 00:00:00+09:00,1946.0,1977.0,1942.0,1966.0,15600,0.0,0.0
2022-10-27 00:00:00+09:00,1965.0,1965.0,1950.0,1954.0,16300,0.0,0.0
2022-10-28 00:00:00+09:00,1949.0,1983.0,1939.0,1949.0,90400,0.0,0.0
2022-10-31 00:00:00+09:00,1975.0,1997.0,1960.0,1979.0,24600,0.0,0.0
2022-11-01 00:00:00+09:00,1983.0,1992.0,1972.0,1992.0,15500,0.0,0.0
2022-11-02 00:00:00+09:00,1990.0,2047.0,1988.0,2044.0,41400,0.0,0.0
2022-11-04 00:00:00+09:00,2047.0,2074.0,1992.0,1995.0,36200,0.0,0.0
2022-11-07 00:00:00+09:00,2045.0,2056.0,2019.0,2034.0,23800,0.0,0.0
2022-11-08 00:00:00+09:00,2040.0,2065.0,2033.0,2059.0,20100,0.0,0.0
2022-11-09 00:00:00+09:00,2063.0,2074.0,2024.0,2029.0,12600,0.0,0.0
2022-11-10 00:00:00+09:00,2003.0,2015.0,1981.0,2003.0,23700,0.0,0.0
2022-11-11 00:00:00+09:00,2050.0,2079.0,2013.0,2065.0,73700,0.0,0.0
2022-11-14 00:00:00+09:00,2565.0,2565.0,2544.0,2552.0,290600,0.0,0.0
2022-11-15 00:00:00+09:00,2475.0,2519.0,2361.0,2379.0,303500,0.0,0.0
2022-11-16 00:00:00+09:00,2352.0,2418.0,2335.0,2404.0,107000,0.0,0.0
2022-11-17 00:00:00+09:00,2380.0,2424.0,2374.0,2397.0,99900,0.0,0.0
2022-11-18 00:00:00+09:00,2400.0,2435.0,2382.0,2390.0,85300,0.0,0.0
2022-11-21 00:00:00+09:00,2384.0,2400.0,2357.0,2368.0,59200,0.0,0.0
2022-11-22 00:00:00+09:00,2345.0,2399.0,2345.0,2390.0,93500,0.0,0.0
2022-11-24 00:00:00+09:00,2399.0,2426.0,2391.0,2414.0,105400,0.0,0.0
2022-11-25 00:00:00+09:00,2414.0,2425.0,2379.0,2390.0,54400,0.0,0.0
2022-11-28 00:00:00+09:00,2392.0,2394.0,2364.0,2392.0,44100,0.0,0.0
2022-11-29 00:00:00+09:00,2374.0,2396.0,2356.0,2374.0,62700,0.0,0.0
2022-11-30 00:00:00+09:00,2360.0,2375.0,2351.0,2367.0,43600,0.0,0.0
2022-12-01 00:00:00+09:00,2367.0,2374.0,2310.0,2310.0,59800,0.0,0.0
2022-12-02 00:00:00+09:00,2299.0,2299.0,2237.0,2242.0,73200,0.0,0.0
2022-12-05 00:00:00+09:00,2250.0,2298.0,2233.0,2240.0,54000,0.0,0.0
2022-12-06 00:00:00+09:00,2230.0,2309.0,2227.0,2234.0,140900,0.0,0.0
2022-12-07 00:00:00+09:00,2227.0,2261.0,2227.0,2244.0,64800,0.0,0.0
2022-12-08 00:00:00+09:00,2241.0,2251.0,2206.0,2230.0,78800,0.0,0.0
2022-12-09 00:00:00+09:00,2230.0,2273.0,2201.0,2236.0,62100,0.0,0.0
2022-12-12 00:00:00+09:00,2213.0,2294.0,2207.0,2274.0,70800,0.0,0.0
2022-12-13 00:00:00+09:00,2255.0,2343.0,2255.0,2299.0,119900,0.0,0.0
2022-12-14 00:00:00+09:00,2312.0,2323.0,2285.0,2305.0,151100,0.0,0.0
2022-12-15 00:00:00+09:00,2295.0,2311.0,2276.0,2283.0,78500,0.0,0.0
2022-12-16 00:00:00+09:00,2299.0,2311.0,2248.0,2265.0,139400,0.0,0.0
2022-12-19 00:00:00+09:00,2243.0,2264.0,2240.0,2241.0,50500,0.0,0.0
2022-12-20 00:00:00+09:00,2241.0,2302.0,2231.0,2252.0,84300,0.0,0.0
2022-12-21 00:00:00+09:00,2252.0,2252.0,2152.0,2185.0,122900,0.0,0.0
2022-12-22 00:00:00+09:00,2185.0,2216.0,2182.0,2204.0,92200,0.0,0.0
2022-12-23 00:00:00+09:00,2191.0,2207.0,2180.0,2184.0,53300,0.0,0.0
2022-12-26 00:00:00+09:00,2184.0,2195.0,2132.0,2180.0,70000,0.0,0.0
2022-12-27 00:00:00+09:00,2188.0,2230.0,2180.0,2219.0,57500,0.0,0.0
2022-12-28 00:00:00+09:00,2240.0,2251.0,2218.0,2251.0,85700,0.0,0.0
2022-12-29 00:00:00+09:00,2243.0,2290.0,2231.0,2271.0,152400,0.0,0.0
2022-12-30 00:00:00+09:00,2264.0,2313.0,2264.0,2297.0,68600,0.0,0.0
2023-01-04 00:00:00+09:00,2297.0,2297.0,2193.0,2195.0,76000,0.0,0.0
2023-01-05 00:00:00+09:00,2179.0,2188.0,2152.0,2178.0,86000,0.0,0.0
2023-01-06 00:00:00+09:00,2178.0,2238.0,2172.0,2224.0,91500,0.0,0.0
2023-01-10 00:00:00+09:00,2246.0,2253.0,2230.0,2234.0,104800,0.0,0.0
2023-01-11 00:00:00+09:00,2250.0,2278.0,2241.0,2274.0,100900,0.0,0.0
2023-01-12 00:00:00+09:00,2246.0,2282.0,2230.0,2268.0,72900,0.0,0.0
2023-01-13 00:00:00+09:00,2268.0,2303.0,2268.0,2296.0,69800,0.0,0.0
2023-01-16 00:00:00+09:00,2290.0,2346.0,2280.0,2325.0,78000,0.0,0.0
2023-01-17 00:00:00+09:00,2326.0,2362.0,2326.0,2350.0,100400,0.0,0.0
2023-01-18 00:00:00+09:00,2362.0,2394.0,2350.0,2384.0,108100,0.0,0.0
2023-01-19 00:00:00+09:00,2382.0,2391.0,2348.0,2348.0,48800,0.0,0.0
2023-01-20 00:00:00+09:00,2348.0,2373.0,2322.0,2368.0,51000,0.0,0.0
2023-01-23 00:00:00+09:00,2390.0,2394.0,2373.0,2390.0,54000,0.0,0.0
2023-01-24 00:00:00+09:00,2390.0,2419.0,2380.0,2390.0,129100,0.0,0.0
2023-01-25 00:00:00+09:00,2389.0,2420.0,2353.0,2411.0,78700,0.0,0.0
2023-01-26 00:00:00+09:00,2410.0,2433.0,2391.0,2404.0,50300,0.0,0.0
2023-01-27 00:00:00+09:00,2366.0,2378.0,2362.0,2370.0,56800,0.0,0.0
2023-01-30 00:00:00+09:00,2380.0,2393.0,2368.0,2393.0,36500,0.0,0.0
2023-01-31 00:00:00+09:00,2403.0,2468.0,2403.0,2440.0,76500,0.0,0.0
2023-02-01 00:00:00+09:00,2456.0,2460.0,2407.0,2431.0,49300,0.0,0.0
2023-02-02 00:00:00+09:00,2450.0,2456.0,2421.0,2440.0,47900,0.0,0.0
2023-02-03 00:00:00+09:00,2420.0,2437.0,2413.0,2430.0,39200,0.0,0.0
2023-02-06 00:00:00+09:00,2450.0,2473.0,2437.0,2471.0,77600,0.0,0.0
2023-02-07 00:00:00+09:00,2475.0,2494.0,2451.0,2486.0,40600,0.0,0.0
2023-02-08 00:00:00+09:00,2485.0,2493.0,2449.0,2475.0,44400,0.0,0.0
2023-02-09 00:00:00+09:00,2480.0,2523.0,2476.0,2514.0,56300,0.0,0.0
2023-02-10 00:00:00+09:00,2502.0,2531.0,2492.0,2515.0,109700,0.0,0.0
2023-02-13 00:00:00+09:00,2563.0,2577.0,2470.0,2491.0,130300,0.0,0.0
2023-02-14 00:00:00+09:00,2513.0,2570.0,2498.0,2567.0,54500,0.0,0.0
2023-02-15 00:00:00+09:00,2568.0,2570.0,2534.0,2534.0,43100,0.0,0.0
2023-02-16 00:00:00+09:00,2557.0,2597.0,2541.0,2591.0,54400,0.0,0.0
2023-02-17 00:00:00+09:00,2584.0,2607.0,2562.0,2568.0,55900,0.0,0.0
2023-02-20 00:00:00+09:00,2618.0,2631.0,2587.0,2594.0,61400,0.0,0.0
2023-02-21 00:00:00+09:00,2600.0,2634.0,2596.0,2606.0,54100,0.0,0.0
2023-02-22 00:00:00+09:00,2609.0,2613.0,2573.0,2591.0,77900,0.0,0.0
2023-02-24 00:00:00+09:00,2610.0,2630.0,2600.0,2625.0,41400,0.0,0.0
2023-02-27 00:00:00+09:00,2613.0,2699.0,2613.0,2689.0,65300,0.0,0.0
2023-02-28 00:00:00+09:00,2709.0,2734.0,2655.0,2667.0,59600,0.0,0.0
2023-03-01 00:00:00+09:00,2674.0,2759.0,2674.0,2748.0,95500,0.0,0.0
2023-03-02 00:00:00+09:00,2766.0,2784.0,2711.0,2742.0,83000,0.0,0.0
2023-03-03 00:00:00+09:00,2760.0,2799.0,2754.0,2781.0,107500,0.0,0.0
2023-03-06 00:00:00+09:00,2808.0,2842.0,2796.0,2841.0,97800,0.0,0.0
2023-03-07 00:00:00+09:00,2840.0,2849.0,2819.0,2849.0,93700,0.0,0.0
2023-03-08 00:00:00+09:00,2840.0,2869.0,2812.0,2817.0,124600,0.0,0.0
2023-03-09 00:00:00+09:00,2806.0,2811.0,2751.0,2785.0,146200,0.0,0.0
2023-03-10 00:00:00+09:00,2750.0,2754.0,2710.0,2722.0,117200,0.0,0.0
2023-03-13 00:00:00+09:00,2675.0,2698.0,2650.0,2696.0,84500,0.0,0.0
2023-03-14 00:00:00+09:00,2625.0,2625.0,2557.0,2563.0,111100,0.0,0.0
2023-03-15 00:00:00+09:00,2603.0,2631.0,2590.0,2628.0,66800,0.0,0.0
2023-03-16 00:00:00+09:00,2528.0,2548.0,2462.0,2470.0,179300,0.0,0.0
2023-03-17 00:00:00+09:00,2512.0,2528.0,2495.0,2511.0,133300,0.0,0.0
2023-03-20 00:00:00+09:00,2473.0,2473.0,2384.0,2385.0,82400,0.0,0.0
2023-03-22 00:00:00+09:00,2435.0,2467.0,2430.0,2450.0,82900,0.0,0.0
2023-03-23 00:00:00+09:00,2400.0,2463.0,2399.0,2459.0,60500,0.0,0.0
2023-03-24 00:00:00+09:00,2453.0,2463.0,2427.0,2455.0,104000,0.0,0.0
2023-03-27 00:00:00+09:00,2461.0,2473.0,2449.0,2450.0,128700,0.0,0.0
2023-03-28 00:00:00+09:00,2461.0,2473.0,2408.0,2434.0,113100,0.0,0.0
2023-03-29 00:00:00+09:00,2430.0,2461.0,2422.0,2461.0,178000,0.0,0.0
2023-03-30 00:00:00+09:00,2400.0,2424.0,2395.0,2424.0,115700,0.0,0.0
2023-03-31 00:00:00+09:00,2453.0,2461.0,2417.0,2452.0,73800,0.0,0.0
2023-04-03 00:00:00+09:00,2481.0,2489.0,2450.0,2456.0,72400,0.0,0.0
2023-04-04 00:00:00+09:00,2460.0,2463.0,2427.0,2450.0,66800,0.0,0.0
2023-04-05 00:00:00+09:00,2405.0,2405.0,2349.0,2358.0,91600,0.0,0.0
2023-04-06 00:00:00+09:00,2324.0,2352.0,2293.0,2295.0,63400,0.0,0.0
2023-04-07 00:00:00+09:00,2300.0,2339.0,2300.0,2309.0,40600,0.0,0.0
2023-04-10 00:00:00+09:00,2323.0,2331.0,2295.0,2298.0,32000,0.0,0.0
2023-04-11 00:00:00+09:00,2330.0,2331.0,2302.0,2331.0,41200,0.0,0.0
2023-04-12 00:00:00+09:00,2323.0,2373.0,2322.0,2367.0,40200,0.0,0.0
2023-04-13 00:00:00+09:00,2355.0,2384.0,2349.0,2375.0,45600,0.0,0.0
2023-04-14 00:00:00+09:00,2390.0,2397.0,2382.0,2384.0,45800,0.0,0.0
2023-04-17 00:00:00+09:00,2398.0,2400.0,2360.0,2383.0,32600,0.0,0.0
2023-04-18 00:00:00+09:00,2398.0,2423.0,2383.0,2396.0,28800,0.0,0.0
2023-04-19 00:00:00+09:00,2394.0,2394.0,2354.0,2358.0,37900,0.0,0.0
2023-04-20 00:00:00+09:00,2341.0,2383.0,2335.0,2368.0,29400,0.0,0.0
2023-04-21 00:00:00+09:00,2383.0,2398.0,2365.0,2377.0,57100,0.0,0.0
2023-04-24 00:00:00+09:00,2377.0,2385.0,2361.0,2376.0,33700,0.0,0.0
2023-04-25 00:00:00+09:00,2388.0,2399.0,2376.0,2386.0,35300,0.0,0.0
2023-04-26 00:00:00+09:00,2360.0,2369.0,2339.0,2351.0,35100,0.0,0.0
2023-04-27 00:00:00+09:00,2320.0,2362.0,2318.0,2352.0,57100,0.0,0.0
2023-04-28 00:00:00+09:00,2381.0,2408.0,2371.0,2393.0,39700,0.0,0.0
2023-05-01 00:00:00+09:00,2400.0,2406.0,2391.0,2402.0,36800,0.0,0.0
2023-05-02 00:00:00+09:00,2404.0,2409.0,2387.0,2396.0,27200,0.0,0.0
2023-05-08 00:00:00+09:00,2401.0,2419.0,2396.0,2418.0,59600,0.0,0.0
2023-05-09 00:00:00+09:00,2423.0,2435.0,2414.0,2417.0,80700,0.0,0.0
2023-05-10 00:00:00+09:00,2421.0,2434.0,2401.0,2424.0,42000,0.0,0.0
2023-05-11 00:00:00+09:00,2424.0,2431.0,2393.0,2409.0,50400,0.0,0.0
2023-05-12 00:00:00+09:00,2412.0,2424.0,2351.0,2355.0,92100,0.0,0.0
2023-05-15 00:00:00+09:00,2331.0,2420.0,2326.0,2336.0,141700,0.0,0.0
2023-05-16 00:00:00+09:00,2336.0,2336.0,2253.0,2281.0,110100,0.0,0.0
2023-05-17 00:00:00+09:00,2255.0,2276.0,2239.0,2264.0,97900,0.0,0.0
2023-05-18 00:00:00+09:00,2278.0,2311.0,2251.0,2301.0,69900,0.0,0.0
2023-05-19 00:00:00+09:00,2304.0,2317.0,2294.0,2311.0,36000,0.0,0.0
2023-05-22 00:00:00+09:00,2295.0,2329.0,2282.0,2322.0,67900,0.0,0.0
2023-05-23 00:00:00+09:00,2320.0,2335.0,2271.0,2282.0,47300,0.0,0.0
2023-05-24 00:00:00+09:00,2272.0,2302.0,2270.0,2286.0,27300,0.0,0.0
2023-05-25 00:00:00+09:00,2272.0,2358.0,2272.0,2345.0,56500,0.0,0.0
2023-05-26 00:00:00+09:00,2345.0,2361.0,2314.0,2314.0,40100,0.0,0.0
2023-05-29 00:00:00+09:00,2339.0,2359.0,2315.0,2315.0,33300,0.0,0.0
2023-05-30 00:00:00+09:00,2304.0,2322.0,2288.0,2293.0,34800,0.0,0.0
2023-05-31 00:00:00+09:00,2280.0,2291.0,2245.0,2248.0,67500,0.0,0.0
2023-06-01 00:00:00+09:00,2240.0,2270.0,2240.0,2245.0,42900,0.0,0.0
2023-06-02 00:00:00+09:00,2260.0,2299.0,2260.0,2293.0,34400,0.0,0.0
2023-06-05 00:00:00+09:00,2343.0,2376.0,2340.0,2372.0,63600,0.0,0.0
2023-06-06 00:00:00+09:00,2367.0,2380.0,2329.0,2363.0,90500,0.0,0.0
2023-06-07 00:00:00+09:00,2398.0,2414.0,2374.0,2391.0,83900,0.0,0.0
2023-06-08 00:00:00+09:00,2391.0,2429.0,2363.0,2370.0,51500,0.0,0.0
2023-06-09 00:00:00+09:00,2380.0,2408.0,2360.0,2388.0,58200,0.0,0.0
2023-06-12 00:00:00+09:00,2400.0,2420.0,2390.0,2413.0,25600,0.0,0.0
2023-06-13 00:00:00+09:00,2424.0,2459.0,2422.0,2451.0,49100,0.0,0.0
2023-06-14 00:00:00+09:00,2472.0,2483.0,2453.0,2479.0,48900,0.0,0.0
2023-06-15 00:00:00+09:00,2465.0,2530.0,2448.0,2489.0,78900,0.0,0.0
2023-06-16 00:00:00+09:00,2490.0,2525.0,2480.0,2516.0,57100,0.0,0.0
2023-06-19 00:00:00+09:00,2520.0,2530.0,2485.0,2501.0,32500,0.0,0.0
2023-06-20 00:00:00+09:00,2484.0,2496.0,2465.0,2496.0,34100,0.0,0.0
2023-06-21 00:00:00+09:00,2496.0,2525.0,2493.0,2513.0,28000,0.0,0.0
2023-06-22 00:00:00+09:00,2513.0,2522.0,2493.0,2503.0,25800,0.0,0.0
2023-06-23 00:00:00+09:00,2490.0,2507.0,2460.0,2476.0,35100,0.0,0.0
2023-06-26 00:00:00+09:00,2530.0,2620.0,2490.0,2617.0,128100,0.0,0.0
2023-06-27 00:00:00+09:00,2600.0,2622.0,2560.0,2605.0,60000,0.0,0.0
2023-06-28 00:00:00+09:00,2624.0,2671.0,2610.0,2671.0,78500,0.0,0.0
2023-06-29 00:00:00+09:00,2703.0,2763.0,2676.0,2745.0,108600,0.0,0.0
2023-06-30 00:00:00+09:00,2737.0,2753.0,2681.0,2716.0,60600,0.0,0.0
2023-07-03 00:00:00+09:00,2737.0,2777.0,2737.0,2767.0,37300,0.0,0.0
2023-07-04 00:00:00+09:00,2730.0,2754.0,2710.0,2730.0,42800,0.0,0.0
2023-07-05 00:00:00+09:00,2721.0,2724.0,2681.0,2711.0,36200,0.0,0.0
2023-07-06 00:00:00+09:00,2682.0,2698.0,2637.0,2650.0,45700,0.0,0.0
2023-07-07 00:00:00+09:00,2605.0,2624.0,2577.0,2594.0,61400,0.0,0.0
2023-07-10 00:00:00+09:00,2633.0,2640.0,2594.0,2607.0,34800,0.0,0.0
2023-07-11 00:00:00+09:00,2613.0,2634.0,2605.0,2610.0,32500,0.0,0.0
2023-07-12 00:00:00+09:00,2628.0,2628.0,2570.0,2570.0,30700,0.0,0.0
2023-07-13 00:00:00+09:00,2570.0,2597.0,2553.0,2585.0,31900,0.0,0.0
2023-07-14 00:00:00+09:00,2613.0,2613.0,2568.0,2574.0,32000,0.0,0.0
2023-07-18 00:00:00+09:00,2576.0,2621.0,2576.0,2621.0,29100,0.0,0.0
2023-07-19 00:00:00+09:00,2645.0,2661.0,2627.0,2661.0,31500,0.0,0.0
2023-07-20 00:00:00+09:00,2680.0,2697.0,2671.0,2674.0,30800,0.0,0.0
2023-07-21 00:00:00+09:00,2652.0,2661.0,2624.0,2624.0,23100,0.0,0.0
2023-07-24 00:00:00+09:00,2668.0,2668.0,2622.0,2648.0,27600,0.0,0.0
2023-07-25 00:00:00+09:00,2648.0,2679.0,2639.0,2664.0,25800,0.0,0.0
2023-07-26 00:00:00+09:00,2686.0,2686.0,2646.0,2668.0,21600,0.0,0.0
2023-07-27 00:00:00+09:00,2668.0,2679.0,2648.0,2672.0,18700,0.0,0.0
2023-07-28 00:00:00+09:00,2641.0,2660.0,2620.0,2637.0,58300,0.0,0.0
2023-07-31 00:00:00+09:00,2664.0,2672.0,2638.0,2643.0,63000,0.0,0.0
2023-08-01 00:00:00+09:00,2644.0,2683.0,2644.0,2670.0,24900,0.0,0.0
2023-08-02 00:00:00+09:00,2630.0,2657.0,2619.0,2640.0,52300,0.0,0.0
2023-08-03 00:00:00+09:00,2614.0,2622.0,2585.0,2589.0,38400,0.0,0.0
2023-08-04 00:00:00+09:00,2580.0,2600.0,2568.0,2591.0,21200,0.0,0.0
2023-08-07 00:00:00+09:00,2591.0,2591.0,2560.0,2582.0,16400,0.0,0.0
2023-08-08 00:00:00+09:00,2583.0,2628.0,2583.0,2607.0,24800,0.0,0.0
2023-08-09 00:00:00+09:00,2582.0,2618.0,2564.0,2606.0,23400,0.0,0.0
2023-08-10 00:00:00+09:00,2606.0,2664.0,2597.0,2661.0,40100,0.0,0.0
2023-08-14 00:00:00+09:00,2654.0,2654.0,2528.0,2540.0,86400,0.0,0.0
2023-08-15 00:00:00+09:00,2584.0,2613.0,2558.0,2560.0,30500,0.0,0.0
2023-08-16 00:00:00+09:00,2541.0,2553.0,2514.0,2514.0,35500,0.0,0.0
2023-08-17 00:00:00+09:00,2514.0,2514.0,2427.0,2466.0,53700,0.0,0.0
2023-08-18 00:00:00+09:00,2455.0,2464.0,2420.0,2451.0,38400,0.0,0.0
2023-08-21 00:00:00+09:00,2445.0,2461.0,2406.0,2411.0,52000,0.0,0.0
2023-08-22 00:00:00+09:00,2421.0,2421.0,2379.0,2395.0,40800,0.0,0.0
2023-08-23 00:00:00+09:00,2381.0,2418.0,2363.0,2416.0,34800,0.0,0.0
2023-08-24 00:00:00+09:00,2422.0,2456.0,2419.0,2438.0,38000,0.0,0.0
2023-08-25 00:00:00+09:00,2409.0,2418.0,2397.0,2413.0,51100,0.0,0.0
2023-08-28 00:00:00+09:00,2433.0,2478.0,2405.0,2478.0,61000,0.0,0.0
2023-08-29 00:00:00+09:00,2492.0,2530.0,2474.0,2526.0,52700,0.0,0.0
2023-08-30 00:00:00+09:00,2527.0,2538.0,2513.0,2521.0,30500,0.0,0.0
2023-08-31 00:00:00+09:00,2521.0,2557.0,2520.0,2537.0,27000,0.0,0.0
2023-09-01 00:00:00+09:00,2552.0,2580.0,2551.0,2570.0,21600,0.0,0.0
2023-09-04 00:00:00+09:00,2583.0,2647.0,2581.0,2641.0,47700,0.0,0.0
2023-09-05 00:00:00+09:00,2640.0,2688.0,2624.0,2681.0,51200,0.0,0.0
2023-09-06 00:00:00+09:00,2687.0,2736.0,2687.0,2711.0,45500,0.0,0.0
2023-09-07 00:00:00+09:00,2701.0,2726.0,2658.0,2660.0,37300,0.0,0.0
2023-09-08 00:00:00+09:00,2610.0,2640.0,2598.0,2598.0,45100,0.0,0.0
2023-09-11 00:00:00+09:00,2622.0,2662.0,2617.0,2662.0,60400,0.0,0.0
2023-09-12 00:00:00+09:00,2666.0,2699.0,2650.0,2666.0,16600,0.0,0.0
2023-09-13 00:00:00+09:00,2641.0,2650.0,2618.0,2623.0,20700,0.0,0.0
2023-09-14 00:00:00+09:00,2625.0,2655.0,2617.0,2643.0,21800,0.0,0.0
2023-09-15 00:00:00+09:00,2647.0,2692.0,2647.0,2679.0,51700,0.0,0.0
2023-09-19 00:00:00+09:00,2679.0,2700.0,2671.0,2700.0,26700,0.0,0.0
2023-09-20 00:00:00+09:00,2681.0,2681.0,2628.0,2628.0,47900,0.0,0.0
2023-09-21 00:00:00+09:00,2628.0,2652.0,2612.0,2615.0,22500,0.0,0.0
2023-09-22 00:00:00+09:00,2600.0,2621.0,2573.0,2606.0,50900,0.0,0.0
2023-09-25 00:00:00+09:00,2628.0,2642.0,2619.0,2640.0,28900,0.0,0.0
2023-09-26 00:00:00+09:00,2646.0,2646.0,2608.0,2618.0,31900,0.0,0.0
2023-09-27 00:00:00+09:00,2601.0,2646.0,2566.0,2645.0,48800,0.0,0.0
2023-09-28 00:00:00+09:00,2600.0,2614.0,2563.0,2577.0,38400,0.0,0.0
2023-09-29 00:00:00+09:00,2577.0,2588.0,2518.0,2528.0,21200,0.0,0.0
2023-10-02 00:00:00+09:00,2550.0,2582.0,2511.0,2518.0,30400,0.0,0.0
2023-10-03 00:00:00+09:00,2532.0,2532.0,2471.0,2482.0,26000,0.0,0.0
2023-10-04 00:00:00+09:00,2440.0,2458.0,2403.0,2413.0,38200,0.0,0.0
2023-10-05 00:00:00+09:00,2415.0,2460.0,2415.0,2459.0,28700,0.0,0.0
2023-10-06 00:00:00+09:00,2481.0,2496.0,2460.0,2475.0,20500,0.0,0.0
2023-10-10 00:00:00+09:00,2525.0,2550.0,2516.0,2542.0,27700,0.0,0.0
2023-10-11 00:00:00+09:00,2523.0,2523.0,2486.0,2506.0,25300,0.0,0.0
2023-10-12 00:00:00+09:00,2529.0,2549.0,2517.0,2549.0,24500,0.0,0.0
2023-10-13 00:00:00+09:00,2511.0,2538.0,2497.0,2507.0,19400,0.0,0.0
2023-10-16 00:00:00+09:00,2485.0,2491.0,2454.0,2467.0,23200,0.0,0.0
2023-10-17 00:00:00+09:00,2467.0,2509.0,2467.0,2479.0,16200,0.0,0.0
2023-10-18 00:00:00+09:00,2505.0,2545.0,2496.0,2513.0,23100,0.0,0.0
2023-10-19 00:00:00+09:00,2487.0,2487.0,2455.0,2468.0,24400,0.0,0.0
2023-10-20 00:00:00+09:00,2465.0,2465.0,2433.0,2446.0,18300,0.0,0.0
2023-10-23 00:00:00+09:00,2461.0,2461.0,2394.0,2394.0,50100,0.0,0.0
2023-10-24 00:00:00+09:00,2393.0,2410.0,2318.0,2382.0,45600,0.0,0.0
2023-10-25 00:00:00+09:00,2382.0,2396.0,2370.0,2370.0,20000,0.0,0.0
2023-10-26 00:00:00+09:00,2377.0,2393.0,2340.0,2348.0,21500,0.0,0.0
2023-10-27 00:00:00+09:00,2385.0,2422.0,2376.0,2422.0,22400,0.0,0.0
2023-10-30 00:00:00+09:00,2422.0,2422.0,2356.0,2382.0,24500,0.0,0.0
2023-10-31 00:00:00+09:00,2392.0,2400.0,2356.0,2400.0,26400,0.0,0.0
2023-11-01 00:00:00+09:00,2438.0,2449.0,2407.0,2424.0,26200,0.0,0.0
2023-11-02 00:00:00+09:00,2424.0,2447.0,2410.0,2415.0,28800,0.0,0.0
2023-11-06 00:00:00+09:00,2449.0,2501.0,2449.0,2496.0,55700,0.0,0.0
2023-11-07 00:00:00+09:00,2496.0,2513.0,2456.0,2472.0,17600,0.0,0.0
2023-11-08 00:00:00+09:00,2492.0,2492.0,2420.0,2433.0,37900,0.0,0.0
2023-11-09 00:00:00+09:00,2420.0,2453.0,2405.0,2453.0,37500,0.0,0.0
2023-11-10 00:00:00+09:00,2477.0,2500.0,2438.0,2499.0,61400,0.0,0.0
2023-11-13 00:00:00+09:00,2599.0,2762.0,2599.0,2745.0,245800,0.0,0.0
2023-11-14 00:00:00+09:00,2745.0,2746.0,2698.0,2734.0,73500,0.0,0.0
2023-11-15 00:00:00+09:00,2734.0,2744.0,2685.0,2712.0,62000,0.0,0.0
2023-11-16 00:00:00+09:00,2711.0,2711.0,2648.0,2668.0,39400,0.0,0.0
2023-11-17 00:00:00+09:00,2653.0,2734.0,2653.0,2730.0,30100,0.0,0.0
2023-11-20 00:00:00+09:00,2713.0,2786.0,2706.0,2734.0,46100,0.0,0.0
2023-11-21 00:00:00+09:00,2749.0,2825.0,2749.0,2818.0,62400,0.0,0.0
2023-11-22 00:00:00+09:00,2818.0,2866.0,2800.0,2838.0,44600,0.0,0.0
2023-11-24 00:00:00+09:00,2860.0,2940.0,2860.0,2867.0,46300,0.0,0.0
2023-11-27 00:00:00+09:00,2883.0,2927.0,2870.0,2880.0,31700,0.0,0.0
2023-11-28 00:00:00+09:00,2876.0,3065.0,2862.0,3030.0,149300,0.0,0.0
2023-11-29 00:00:00+09:00,3055.0,3110.0,3030.0,3060.0,67600,0.0,0.0
2023-11-30 00:00:00+09:00,3015.0,3095.0,2999.0,3015.0,70600,0.0,0.0
2023-12-01 00:00:00+09:00,3020.0,3060.0,3005.0,3030.0,85700,0.0,0.0
2023-12-04 00:00:00+09:00,3030.0,3050.0,2969.0,3025.0,56500,0.0,0.0
2023-12-05 00:00:00+09:00,3020.0,3035.0,2950.0,2950.0,56800,0.0,0.0
2023-12-06 00:00:00+09:00,2947.0,3010.0,2918.0,2992.0,62600,0.0,0.0
2023-12-07 00:00:00+09:00,2967.0,3005.0,2954.0,2980.0,48100,0.0,0.0
2023-12-08 00:00:00+09:00,2951.0,2976.0,2856.0,2856.0,79800,0.0,0.0
2023-12-11 00:00:00+09:00,2891.0,2965.0,2891.0,2927.0,51100,0.0,0.0
2023-12-12 00:00:00+09:00,2927.0,2949.0,2871.0,2875.0,101600,0.0,0.0
2023-12-13 00:00:00+09:00,2875.0,2921.0,2868.0,2893.0,66200,0.0,0.0
2023-12-14 00:00:00+09:00,2926.0,2940.0,2878.0,2906.0,47800,0.0,0.0
2023-12-15 00:00:00+09:00,2906.0,2988.0,2901.0,2979.0,105600,0.0,0.0
2023-12-18 00:00:00+09:00,2939.0,2939.0,2857.0,2904.0,61600,0.0,0.0
2023-12-19 00:00:00+09:00,2907.0,2990.0,2906.0,2990.0,47400,0.0,0.0
2023-12-20 00:00:00+09:00,3005.0,3100.0,3005.0,3045.0,56100,0.0,0.0
2023-12-21 00:00:00+09:00,2993.0,3010.0,2970.0,2973.0,45100,0.0,0.0
2023-12-22 00:00:00+09:00,2980.0,3040.0,2980.0,3005.0,44200,0.0,0.0
2023-12-25 00:00:00+09:00,3005.0,3010.0,2880.0,2913.0,44800,0.0,0.0
2023-12-26 00:00:00+09:00,2918.0,2918.0,2850.0,2889.0,38100,0.0,0.0
2023-12-27 00:00:00+09:00,2916.0,2945.0,2909.0,2922.0,24100,0.0,0.0
2023-12-28 00:00:00+09:00,2894.0,2926.0,2892.0,2920.0,21500,0.0,0.0
2023-12-29 00:00:00+09:00,2925.0,2974.0,2921.0,2947.0,27500,0.0,0.0
2024-01-04 00:00:00+09:00,2975.0,3035.0,2948.0,3020.0,27000,0.0,0.0
2024-01-05 00:00:00+09:00,3020.0,3045.0,3000.0,3030.0,30300,0.0,0.0
2024-01-09 00:00:00+09:00,3075.0,3100.0,3040.0,3065.0,44600,0.0,0.0
2024-01-10 00:00:00+09:00,3065.0,3095.0,3060.0,3070.0,27200,0.0,0.0
2024-01-11 00:00:00+09:00,3075.0,3105.0,3065.0,3065.0,33800,0.0,0.0
2024-01-12 00:00:00+09:00,3070.0,3085.0,2970.0,3005.0,53100,0.0,0.0
2024-01-15 00:00:00+09:00,3005.0,3030.0,3005.0,3020.0,2700,0.0,0.0
2024-01-16 00:00:00+09:00,3005.0,3060.0,2982.0,2987.0,34800,0.0,0.0
2024-01-17 00:00:00+09:00,2996.0,3065.0,2987.0,2987.0,42000,0.0,0.0
2024-01-18 00:00:00+09:00,2987.0,3025.0,2987.0,3000.0,23800,0.0,0.0
2024-01-19 00:00:00+09:00,3045.0,3155.0,3030.0,3095.0,100100,0.0,0.0
2024-01-22 00:00:00+09:00,3115.0,3155.0,3075.0,3080.0,29000,0.0,0.0
2024-01-23 00:00:00+09:00,3100.0,3140.0,3075.0,3100.0,30600,0.0,0.0
2024-01-24 00:00:00+09:00,3100.0,3140.0,3080.0,3115.0,35800,0.0,0.0
2024-01-25 00:00:00+09:00,3115.0,3170.0,3115.0,3145.0,71300,0.0,0.0
2024-01-26 00:00:00+09:00,3075.0,3090.0,3005.0,3005.0,43600,0.0,0.0
2024-01-29 00:00:00+09:00,3010.0,3025.0,2975.0,2978.0,29600,0.0,0.0
2024-01-30 00:00:00+09:00,2997.0,2997.0,2929.0,2942.0,31100,0.0,0.0
2024-01-31 00:00:00+09:00,2935.0,2956.0,2929.0,2956.0,18300,0.0,0.0
2024-02-01 00:00:00+09:00,2925.0,2930.0,2907.0,2913.0,22400,0.0,0.0
2024-02-02 00:00:00+09:00,2913.0,2913.0,2876.0,2893.0,28200,0.0,0.0
2024-02-05 00:00:00+09:00,2902.0,2923.0,2876.0,2916.0,51400,0.0,0.0
2024-02-06 00:00:00+09:00,2934.0,2934.0,2855.0,2858.0,32300,0.0,0.0
2024-02-07 00:00:00+09:00,2858.0,2907.0,2851.0,2886.0,30700,0.0,0.0
2024-02-08 00:00:00+09:00,2866.0,2888.0,2830.0,2865.0,35600,0.0,0.0
2024-02-09 00:00:00+09:00,2865.0,2912.0,2848.0,2865.0,52900,0.0,0.0
2024-02-13 00:00:00+09:00,2765.0,2796.0,2650.0,2796.0,106500,0.0,0.0
2024-02-14 00:00:00+09:00,2790.0,2791.0,2708.0,2753.0,53100,0.0,0.0
2024-02-15 00:00:00+09:00,2751.0,2772.0,2672.0,2679.0,67200,0.0,0.0
2024-02-16 00:00:00+09:00,2673.0,2707.0,2639.0,2695.0,72300,0.0,0.0
2024-02-19 00:00:00+09:00,2695.0,2712.0,2679.0,2704.0,35300,0.0,0.0
2024-02-20 00:00:00+09:00,2717.0,2769.0,2704.0,2747.0,45400,0.0,0.0
2024-02-21 00:00:00+09:00,2719.0,2756.0,2719.0,2733.0,28000,0.0,0.0
2024-02-22 00:00:00+09:00,2734.0,2757.0,2720.0,2745.0,53900,0.0,0.0
2024-02-26 00:00:00+09:00,2772.0,2780.0,2695.0,2707.0,69700,0.0,0.0
2024-02-27 00:00:00+09:00,2702.0,2710.0,2671.0,2674.0,57700,0.0,0.0
2024-02-28 00:00:00+09:00,2689.0,2702.0,2677.0,2682.0,33500,0.0,0.0
2024-02-29 00:00:00+09:00,2703.0,2703.0,2703.0,2703.0,4200,0.0,0.0
2024-03-01 00:00:00+09:00,2711.0,2728.0,2677.0,2679.0,43500,0.0,0.0
2024-03-04 00:00:00+09:00,2729.0,2731.0,2628.0,2681.0,127300,0.0,0.0
2024-03-05 00:00:00+09:00,2671.0,2694.0,2634.0,2686.0,89100,0.0,0.0
2024-03-06 00:00:00+09:00,2650.0,2659.0,2621.0,2634.0,96300,0.0,0.0
2024-03-07 00:00:00+09:00,2606.0,2626.0,2552.0,2585.0,116200,0.0,0.0
2024-03-08 00:00:00+09:00,2545.0,2590.0,2545.0,2563.0,87900,0.0,0.0
2024-03-11 00:00:00+09:00,2547.0,2570.0,2503.0,2526.0,71600,0.0,0.0
2024-03-12 00:00:00+09:00,2531.0,2577.0,2495.0,2570.0,61700,0.0,0.0
2024-03-13 00:00:00+09:00,2585.0,2585.0,2523.0,2541.0,57900,0.0,0.0
2024-03-14 00:00:00+09:00,2530.0,2561.0,2523.0,2550.0,42500,0.0,0.0
2024-03-15 00:00:00+09:00,2559.0,2590.0,2552.0,2579.0,44700,0.0,0.0
2024-03-18 00:00:00+09:00,2587.0,2600.0,2564.0,2593.0,28400,0.0,0.0
2024-03-19 00:00:00+09:00,2593.0,2605.0,2572.0,2596.0,50100,0.0,0.0
2024-03-21 00:00:00+09:00,2637.0,2643.0,2599.0,2622.0,84600,0.0,0.0
2024-03-22 00:00:00+09:00,2645.0,2653.0,2617.0,2634.0,60700,0.0,0.0
2024-03-25 00:00:00+09:00,2618.0,2623.0,2580.0,2580.0,106500,0.0,0.0
2024-03-26 00:00:00+09:00,2589.0,2606.0,2572.0,2603.0,59800,0.0,0.0
2024-03-27 00:00:00+09:00,2605.0,2615.0,2588.0,2593.0,134800,0.0,0.0
2024-03-28 00:00:00+09:00,2545.0,2567.0,2520.0,2527.0,122500,0.0,0.0
2024-03-29 00:00:00+09:00,2541.0,2563.0,2539.0,2551.0,13300,0.0,0.0
2024-04-01 00:00:00+09:00,2555.0,2571.0,2513.0,2522.0,33900,0.0,0.0
2024-04-02 00:00:00+09:00,2542.0,2542.0,2471.0,2481.0,50100,0.0,0.0
2024-04-03 00:00:00+09:00,2465.0,2495.0,2460.0,2473.0,32800,0.0,0.0
2024-04-04 00:00:00+09:00,2492.0,2504.0,2455.0,2471.0,75700,0.0,0.0
2024-04-05 00:00:00+09:00,2450.0,2459.0,2426.0,2453.0,30900,0.0,0.0
2024-04-08 00:00:00+09:00,2471.0,2475.0,2429.0,2444.0,51900,0.0,0.0
2024-04-09 00:00:00+09:00,2451.0,2464.0,2442.0,2460.0,23600,0.0,0.0
2024-04-10 00:00:00+09:00,2464.0,2518.0,2464.0,2504.0,39200,0.0,0.0
2024-04-11 00:00:00+09:00,2472.0,2511.0,2472.0,2496.0,26700,0.0,0.0
2024-04-12 00:00:00+09:00,2513.0,2513.0,2480.0,2495.0,25700,0.0,0.0
2024-04-15 00:00:00+09:00,2494.0,2499.0,2470.0,2485.0,20900,0.0,0.0
2024-04-16 00:00:00+09:00,2471.0,2472.0,2436.0,2441.0,34500,0.0,0.0
2024-04-17 00:00:00+09:00,2441.0,2448.0,2400.0,2426.0,44200,0.0,0.0
2024-04-18 00:00:00+09:00,2437.0,2475.0,2437.0,2457.0,21600,0.0,0.0
2024-04-19 00:00:00+09:00,2429.0,2449.0,2379.0,2391.0,57900,0.0,0.0
2024-04-22 00:00:00+09:00,2409.0,2434.0,2400.0,2422.0,25000,0.0,0.0
2024-04-23 00:00:00+09:00,2430.0,2430.0,2408.0,2422.0,14100,0.0,0.0
2024-04-24 00:00:00+09:00,2417.0,2461.0,2417.0,2445.0,22900,0.0,0.0
2024-04-25 00:00:00+09:00,2445.0,2448.0,2421.0,2429.0,13800,0.0,0.0
2024-04-26 00:00:00+09:00,2429.0,2441.0,2402.0,2429.0,23000,0.0,0.0
2024-04-30 00:00:00+09:00,2435.0,2498.0,2435.0,2492.0,30300,0.0,0.0
2024-05-01 00:00:00+09:00,2500.0,2528.0,2492.0,2519.0,25400,0.0,0.0
2024-05-02 00:00:00+09:00,2496.0,2523.0,2492.0,2507.0,39400,0.0,0.0
2024-05-07 00:00:00+09:00,2551.0,2560.0,2538.0,2549.0,47600,0.0,0.0
2024-05-08 00:00:00+09:00,2549.0,2549.0,2507.0,2507.0,22400,0.0,0.0
2024-05-09 00:00:00+09:00,2508.0,2519.0,2487.0,2502.0,32300,0.0,0.0
2024-05-10 00:00:00+09:00,2515.0,2516.0,2474.0,2500.0,37700,0.0,0.0
2024-05-13 00:00:00+09:00,2251.0,2363.0,2241.0,2359.0,197900,0.0,0.0
2024-05-14 00:00:00+09:00,2360.0,2361.0,2266.0,2277.0,71700,0.0,0.0
2024-05-15 00:00:00+09:00,2296.0,2296.0,2246.0,2247.0,56700,0.0,0.0
2024-05-16 00:00:00+09:00,2252.0,2252.0,2184.0,2220.0,52300,0.0,0.0
2024-05-17 00:00:00+09:00,2209.0,2273.0,2200.0,2257.0,43000,0.0,0.0
2024-05-20 00:00:00+09:00,2304.0,2304.0,2266.0,2275.0,34200,0.0,0.0
2024-05-21 00:00:00+09:00,2279.0,2296.0,2268.0,2270.0,24900,0.0,0.0
2024-05-22 00:00:00+09:00,2277.0,2284.0,2253.0,2258.0,29400,0.0,0.0
2024-05-23 00:00:00+09:00,2260.0,2275.0,2247.0,2272.0,31400,0.0,0.0
2024-05-24 00:00:00+09:00,2272.0,2292.0,2254.0,2283.0,104700,0.0,0.0
2024-05-27 00:00:00+09:00,2305.0,2339.0,2280.0,2317.0,32400,0.0,0.0
2024-05-28 00:00:00+09:00,2321.0,2325.0,2296.0,2310.0,88800,0.0,0.0
2024-05-29 00:00:00+09:00,2302.0,2310.0,2275.0,2284.0,35600,0.0,0.0
2024-05-30 00:00:00+09:00,2250.0,2278.0,2238.0,2278.0,69100,0.0,0.0
2024-05-31 00:00:00+09:00,2300.0,2330.0,2295.0,2327.0,54300,0.0,0.0
2024-06-03 00:00:00+09:00,2330.0,2358.0,2330.0,2353.0,18100,0.0,0.0
2024-06-04 00:00:00+09:00,2353.0,2390.0,2349.0,2375.0,29100,0.0,0.0
2024-06-05 00:00:00+09:00,2380.0,2380.0,2344.0,2344.0,29000,0.0,0.0
2024-06-06 00:00:00+09:00,2345.0,2364.0,2323.0,2340.0,43400,0.0,0.0
2024-06-07 00:00:00+09:00,2340.0,2363.0,2321.0,2353.0,42800,0.0,0.0
2024-06-10 00:00:00+09:00,2390.0,2413.0,2387.0,2401.0,37200,0.0,0.0
2024-06-11 00:00:00+09:00,2383.0,2446.0,2383.0,2406.0,37200,0.0,0.0
2024-06-12 00:00:00+09:00,2400.0,2426.0,2400.0,2421.0,44000,0.0,0.0
2024-06-13 00:00:00+09:00,2410.0,2410.0,2361.0,2362.0,34700,0.0,0.0
2024-06-14 00:00:00+09:00,2354.0,2438.0,2354.0,2420.0,61700,0.0,0.0
2024-06-17 00:00:00+09:00,2420.0,2420.0,2358.0,2406.0,56500,0.0,0.0
2024-06-18 00:00:00+09:00,2418.0,2457.0,2418.0,2449.0,50400,0.0,0.0
2024-06-19 00:00:00+09:00,2479.0,2511.0,2479.0,2511.0,36900,0.0,0.0
2024-06-20 00:00:00+09:00,2518.0,2525.0,2505.0,2521.0,47100,0.0,0.0
2024-06-21 00:00:00+09:00,2525.0,2543.0,2482.0,2482.0,44300,0.0,0.0
2024-06-24 00:00:00+09:00,2483.0,2490.0,2454.0,2484.0,53700,0.0,0.0
2024-06-25 00:00:00+09:00,2481.0,2522.0,2481.0,2506.0,35700,0.0,0.0
2024-06-26 00:00:00+09:00,2514.0,2524.0,2492.0,2521.0,44100,0.0,0.0
2024-06-27 00:00:00+09:00,2510.0,2545.0,2504.0,2537.0,46600,0.0,0.0
2024-06-28 00:00:00+09:00,2537.0,2540.0,2506.0,2521.0,30400,0.0,0.0
2024-07-01 00:00:00+09:00,2522.0,2540.0,2517.0,2521.0,32900,0.0,0.0
2024-07-02 00:00:00+09:00,2522.0,2551.0,2522.0,2543.0,28900,0.0,0.0
2024-07-03 00:00:00+09:00,2532.0,2573.0,2532.0,2573.0,50100,0.0,0.0
2024-07-04 00:00:00+09:00,2587.0,2604.0,2574.0,2599.0,34900,0.0,0.0
2024-07-05 00:00:00+09:00,2599.0,2616.0,2584.0,2615.0,31000,0.0,0.0
2024-07-08 00:00:00+09:00,2615.0,2627.0,2602.0,2622.0,34400,0.0,0.0
2024-07-09 00:00:00+09:00,2622.0,2650.0,2614.0,2639.0,78600,0.0,0.0
2024-07-10 00:00:00+09:00,2620.0,2622.0,2547.0,2571.0,52900,0.0,0.0
2024-07-11 00:00:00+09:00,2580.0,2610.0,2580.0,2600.0,27800,0.0,0.0
2024-07-12 00:00:00+09:00,2616.0,2644.0,2601.0,2622.0,25500,0.0,0.0
2024-07-16 00:00:00+09:00,2622.0,2650.0,2622.0,2640.0,28700,0.0,0.0
2024-07-17 00:00:00+09:00,2650.0,2672.0,2650.0,2665.0,26000,0.0,0.0
2024-07-18 00:00:00+09:00,2665.0,2693.0,2665.0,2675.0,35400,0.0,0.0
2024-07-19 00:00:00+09:00,2650.0,2660.0,2635.0,2650.0,20600,0.0,0.0
2024-07-22 00:00:00+09:00,2650.0,2660.0,2609.0,2610.0,24400,0.0,0.0
2024-07-23 00:00:00+09:00,2605.0,2644.0,2592.0,2616.0,29000,0.0,0.0
2024-07-24 00:00:00+09:00,2656.0,2660.0,2616.0,2624.0,33800,0.0,0.0
2024-07-25 00:00:00+09:00,2599.0,2633.0,2552.0,2596.0,91000,0.0,0.0
2024-07-26 00:00:00+09:00,2625.0,2634.0,2602.0,2613.0,32300,0.0,0.0
2024-07-29 00:00:00+09:00,2642.0,2650.0,2619.0,2625.0,62300,0.0,0.0
2024-07-30 00:00:00+09:00,2635.0,2643.0,2613.0,2628.0,26800,0.0,0.0
2024-07-31 00:00:00+09:00,2625.0,2700.0,2622.0,2700.0,28900,0.0,0.0
2024-08-01 00:00:00+09:00,2694.0,2694.0,2593.0,2618.0,56100,0.0,0.0
2024-08-02 00:00:00+09:00,2578.0,2578.0,2478.0,2499.0,172200,0.0,0.0
2024-08-05 00:00:00+09:00,2349.0,2377.0,2148.0,2193.0,59900,0.0,0.0
2024-08-06 00:00:00+09:00,2302.0,2456.0,2302.0,2443.0,66400,0.0,0.0
2024-08-07 00:00:00+09:00,2351.0,2451.0,2300.0,2374.0,35200,0.0,0.0
2024-08-08 00:00:00+09:00,2341.0,2414.0,2341.0,2350.0,33500,0.0,0.0
2024-08-09 00:00:00+09:00,2500.0,2571.0,2432.0,2500.0,59700,0.0,0.0
2024-08-13 00:00:00+09:00,2458.0,2541.0,2458.0,2509.0,25600,0.0,0.0
2024-08-14 00:00:00+09:00,2480.0,2509.0,2454.0,2500.0,32600,0.0,0.0
2024-08-15 00:00:00+09:00,2499.0,2501.0,2442.0,2483.0,24300,0.0,0.0
2024-08-16 00:00:00+09:00,2533.0,2550.0,2513.0,2548.0,15100,0.0,0.0
2024-08-19 00:00:00+09:00,2545.0,2582.0,2533.0,2542.0,24000,0.0,0.0
2024-08-20 00:00:00+09:00,2544.0,2570.0,2543.0,2560.0,13600,0.0,0.0
2024-08-21 00:00:00+09:00,2523.0,2569.0,2523.0,2542.0,12800,0.0,0.0
2024-08-22 00:00:00+09:00,2529.0,2562.0,2529.0,2556.0,8300,0.0,0.0
2024-08-23 00:00:00+09:00,2546.0,2557.0,2534.0,2543.0,7100,0.0,0.0
