Date,Open,High,Low,Close,Volume,Dividends,Stock Splits
2013-10-18 00:00:00+09:00,5880.277258831522,6762.31884765625,5841.075410439312,6762.31884765625,5599893,0.0,0.0
2013-10-21 00:00:00+09:00,7154.336779364224,7320.944622171336,5752.870807516164,5968.48095703125,3776256,0.0,0.0
2013-10-22 00:00:00+09:00,5909.678908913353,5929.279833984375,5390.25439453125,5390.25439453125,1063382,0.0,0.0
2013-10-23 00:00:00+09:00,5468.657974458077,6115.488487566021,5409.855200539172,5566.66259765625,2629117,0.0,0.0
2013-10-24 00:00:00+09:00,5537.260966532939,5723.469742398648,5292.249419341216,5439.25634765625,761535,0.0,0.0
2013-10-25 00:00:00+09:00,5507.8595996801405,5507.8595996801405,5341.251747020777,5409.85498046875,379602,0.0,0.0
2013-10-28 00:00:00+09:00,5400.054478236608,5429.455863780546,5106.040622797228,5213.845703125,330444,0.0,0.0
2013-10-29 00:00:00+09:00,5213.845962580719,5547.061681993773,5125.641801559617,5311.8505859375,504786,0.0,0.0
2013-10-30 00:00:00+09:00,5321.651028526376,5566.662586009174,5253.047792431193,5341.251953125,474283,0.0,0.0
2013-10-31 00:00:00+09:00,5360.852877723623,5527.460736811926,5302.050103927752,5341.251953125,174658,0.0,0.0
2013-11-01 00:00:00+09:00,5409.854776945438,5478.4580078125,5331.451084525939,5478.4580078125,270610,0.0,0.0
2013-11-04 00:00:00+09:00,5439.256576118119,5507.859812213303,5341.251953125,5341.251953125,174099,0.0,0.0
2013-11-05 00:00:00+09:00,5341.252314814815,5400.055092592593,5164.843981481481,5292.25,148669,0.0,0.0
2013-11-06 00:00:00+09:00,5321.650746398699,5321.650746398699,5184.444281482342,5272.6484375,81492,0.0,0.0
2013-11-07 00:00:00+09:00,5223.645961669469,5341.251499268031,5223.645961669469,5282.44873046875,64481,0.0,0.0
2013-11-08 00:00:00+09:00,5292.249435598859,5292.249435598859,5135.442044914449,5155.04296875,39993,0.0,0.0
2013-11-11 00:00:00+09:00,5115.841389016545,5115.841389016545,4861.029365808824,4998.23583984375,143081,0.0,0.0
2013-11-12 00:00:00+09:00,4939.432898116439,5135.442140105186,4841.428277122065,5008.0361328125,59459,0.0,0.0
2013-11-13 00:00:00+09:00,5008.0366386578235,5008.0366386578235,4767.92529296875,4767.92529296875,50135,0.0,0.0
2013-11-14 00:00:00+09:00,4772.824776932566,4856.128700143915,4567.015084292763,4655.21923828125,75132,0.0,0.0
2013-11-15 00:00:00+09:00,4709.121794619803,4709.121794619803,4596.416486319849,4625.81787109375,62856,0.0,0.0
2013-11-18 00:00:00+09:00,4684.620924533534,4777.725315293092,4571.9156094035425,4694.42138671875,55966,0.0,0.0
2013-11-19 00:00:00+09:00,4704.221966911765,5233.446938189339,4704.221966911765,4998.23583984375,141653,0.0,0.0
2013-11-20 00:00:00+09:00,5017.836872586873,5145.242886929899,4929.632708810932,5076.6396484375,56698,0.0,0.0
2013-11-21 00:00:00+09:00,5155.042800121561,5164.84326171875,4910.031260191829,5164.84326171875,65724,0.0,0.0
2013-11-22 00:00:00+09:00,5115.840953732803,5272.648339287833,4978.634491372154,5164.84326171875,63469,0.0,0.0
2013-11-25 00:00:00+09:00,5145.2427847971385,5282.449259058396,5096.240472560976,5223.646484375,39589,0.0,0.0
2013-11-26 00:00:00+09:00,5282.44889927974,5311.850284618959,5164.843357922863,5272.6484375,40638,0.0,0.0
2013-11-27 00:00:00+09:00,5311.850566227064,5351.052415424311,5253.047792431193,5341.251953125,42953,0.0,0.0
2013-11-28 00:00:00+09:00,5380.4534624228745,5380.4534624228745,5272.648383940814,5360.8525390625,29940,0.0,0.0
2013-11-29 00:00:00+09:00,5360.853113099238,5596.064218609991,5302.05033672155,5468.658203125,53097,0.0,0.0
2013-12-02 00:00:00+09:00,5429.455700050313,5517.659854022249,5429.455700050313,5478.4580078125,30788,0.0,0.0
2013-12-03 00:00:00+09:00,5537.260985443558,5566.662371206975,5390.2540566264715,5409.85498046875,20002,0.0,0.0
2013-12-04 00:00:00+09:00,5390.25426462156,5409.855189220183,5282.449179329128,5341.251953125,35514,0.0,0.0
2013-12-05 00:00:00+09:00,5341.251414605426,5468.65741165106,5341.251414605426,5429.45556640625,35528,0.0,0.0
2013-12-06 00:00:00+09:00,5429.456016322544,5488.2587890625,5331.451395089285,5488.2587890625,15070,0.0,0.0
2013-12-09 00:00:00+09:00,5566.6624098557695,5566.6624098557695,5351.05224609375,5351.05224609375,15818,0.0,0.0
2013-12-10 00:00:00+09:00,5360.852858049157,5468.65794294594,5233.446848625685,5370.6533203125,42842,0.0,0.0
2013-12-11 00:00:00+09:00,5488.258978754497,5527.460828602743,5302.050191975326,5449.05712890625,43641,0.0,0.0
2013-12-12 00:00:00+09:00,5449.0571418042455,5449.0571418042455,4650.319449255601,5194.2451171875,46519,0.0,0.0
2013-12-13 00:00:00+09:00,5194.245244962033,5292.249872225468,4949.2336768034465,5243.24755859375,29143,0.0,0.0
2013-12-16 00:00:00+09:00,5321.650840627987,5321.650840627987,5047.237905936305,5125.6416015625,24504,0.0,0.0
2013-12-17 00:00:00+09:00,5125.641281654094,5164.843127020474,5027.636668238147,5115.8408203125,15585,0.0,0.0
2013-12-18 00:00:00+09:00,5066.839333871695,5155.043500225361,5017.837019230769,5096.24072265625,14012,0.0,0.0
2013-12-19 00:00:00+09:00,5047.238179908608,5311.850667010613,5047.238179908608,5194.2451171875,14016,0.0,0.0
2013-12-20 00:00:00+09:00,5125.641879790684,5223.646504643278,5096.240492334906,5194.2451171875,18280,0.0,0.0
2013-12-23 00:00:00+09:00,5233.446967128538,5282.449279554835,5145.242804761203,5194.2451171875,7540,0.0,0.0
2013-12-24 00:00:00+09:00,5194.245244962033,5243.24755859375,5155.043394056659,5243.24755859375,21815,0.0,0.0
2013-12-26 00:00:00+09:00,5223.646531427557,5390.25439453125,5223.646531427557,5390.25439453125,22575,0.0,0.0
2013-12-27 00:00:00+09:00,5390.25440613574,5469.377406592779,5380.36403107861,5410.03515625,22714,50.0,0.0
2013-12-30 00:00:00+09:00,5499.047994165897,5499.047994165897,5350.6923828125,5350.6923828125,14541,0.0,0.0
2014-01-02 00:00:00+09:00,5350.692823456555,5439.7061975990855,5172.6660751714935,5271.56982421875,12848,0.0,0.0
2014-01-03 00:00:00+09:00,5241.8984375,5291.350309551886,5182.5561910377355,5241.8984375,7938,0.0,0.0
2014-01-06 00:00:00+09:00,5439.705898734553,5439.705898734553,5182.556165339829,5202.3369140625,4524,0.0,0.0
2014-01-07 00:00:00+09:00,5232.008336375584,5330.912085645444,5152.885336959696,5291.3505859375,20127,0.0,0.0
2014-01-08 00:00:00+09:00,5370.4735114424,5370.4735114424,5133.104516461521,5172.666015625,18587,0.0,0.0
2014-01-09 00:00:00+09:00,5261.678934310019,5271.569308246692,5152.884821006616,5232.0078125,9691,0.0,0.0
2014-01-10 00:00:00+09:00,5340.801911616461,5340.801911616461,5162.775181229245,5212.22705078125,12045,0.0,0.0
2014-01-13 00:00:00+09:00,5192.4463029604485,5271.569294243655,5103.43293776684,5212.22705078125,3197,0.0,0.0
2014-01-14 00:00:00+09:00,5212.227586521612,5321.021710718458,5093.54308739778,5291.3505859375,37094,0.0,0.0
2014-01-15 00:00:00+09:00,5390.254474018895,5657.294603924419,5232.008471111919,5528.7197265625,83104,0.0,0.0
2014-01-16 00:00:00+09:00,5716.636455502718,5825.430574898098,5508.938591202445,5686.96533203125,93313,0.0,0.0
2014-01-17 00:00:00+09:00,5736.417255172599,5805.649877217785,5607.842385660109,5766.08837890625,62142,0.0,0.0
2014-01-20 00:00:00+09:00,6151.812924453636,6250.716669219772,5904.553562538297,6052.9091796875,179027,0.0,0.0
2014-01-21 00:00:00+09:00,6221.045545789931,6636.441273807701,5855.101690155229,6052.9091796875,454484,0.0,0.0
2014-01-22 00:00:00+09:00,6132.032360421535,6408.962854117991,5934.2248649240655,6349.62060546875,205800,0.0,0.0
2014-01-23 00:00:00+09:00,6379.291464935446,6478.195208577856,6181.483977650626,6319.94921875,96977,0.0,0.0
2014-01-24 00:00:00+09:00,6329.840011961723,6418.853387129934,6072.690261475777,6201.26513671875,66314,0.0,0.0
2014-01-27 00:00:00+09:00,6102.361397990362,6319.949648810115,5993.567272580485,6221.0458984375,76634,0.0,0.0
2014-01-28 00:00:00+09:00,6221.0458984375,6290.278523698331,6033.128772729531,6221.0458984375,55394,0.0,0.0
2014-01-29 00:00:00+09:00,6230.935912521668,6507.866397522631,6132.032167878467,6418.85302734375,81919,0.0,0.0
2014-02-03 00:00:00+09:00,6418.853216552734,6428.743591308594,6280.387969970703,6329.83984375,46292,0.0,0.0
2014-02-04 00:00:00+09:00,6230.936096191406,6478.195465087891,6221.0457214355465,6329.83984375,45931,0.0,0.0
2014-02-05 00:00:00+09:00,6389.1818911804485,6428.7433889586555,6250.7166489567235,6399.072265625,45433,0.0,0.0
2014-02-06 00:00:00+09:00,6497.976100027902,7051.837076590402,6379.291605050224,6923.26220703125,343400,0.0,0.0
2014-02-07 00:00:00+09:00,6854.029464615568,7170.521445665638,6824.358341392124,7111.17919921875,120379,0.0,0.0
2014-02-10 00:00:00+09:00,7289.206067241415,7388.109813065586,7091.3985755930735,7308.98681640625,87720,0.0,0.0
2014-02-11 00:00:00+09:00,7368.329180449165,7437.56180362117,7022.166064589137,7101.2890625,92709,0.0,0.0
2014-02-12 00:00:00+09:00,7051.836876166045,7051.836876166045,6547.427786847015,6626.55078125,291457,0.0,0.0
2014-02-13 00:00:00+09:00,6646.331984186747,6784.7972338573045,6557.318609398531,6567.208984375,59401,0.0,0.0
2014-02-14 00:00:00+09:00,6596.880178959413,6794.687680577385,6507.866803231324,6685.8935546875,97960,0.0,0.0
2014-02-17 00:00:00+09:00,6547.428088378906,7210.083197021484,6547.428088378906,7121.06982421875,92596,0.0,0.0
2014-02-18 00:00:00+09:00,7219.973668637484,7358.438917077106,7051.837295532227,7279.31591796875,96114,0.0,0.0
2014-02-19 00:00:00+09:00,7388.109682637561,7407.89043145319,6893.590962246827,7111.17919921875,108956,0.0,0.0
2014-02-20 00:00:00+09:00,7150.740822405134,7299.0964411272325,6784.796962890625,6923.26220703125,48406,0.0,0.0
2014-02-21 00:00:00+09:00,7022.165471699163,7071.6173412181715,6873.809863142138,6943.04248046875,12721,0.0,0.0
2014-02-24 00:00:00+09:00,7160.63144335658,7170.521818278344,6824.358696016631,6913.3720703125,61143,0.0,0.0
2014-02-25 00:00:00+09:00,6923.26207778033,7061.727319335937,6626.550845875459,6725.45458984375,72388,0.0,0.0
2014-02-26 00:00:00+09:00,6923.262445234263,7714.492438975321,6824.358696016631,6913.3720703125,429755,0.0,0.0
2014-02-27 00:00:00+09:00,6923.26219443947,6972.714067256895,6735.3450777332555,6903.4814453125,107433,0.0,0.0
2014-02-28 00:00:00+09:00,6923.261929518885,7219.973155069694,6863.919684408724,6873.81005859375,167779,0.0,0.0
2014-03-03 00:00:00+09:00,6794.687680577385,6863.9203061436765,6547.428303554919,6685.8935546875,57968,0.0,0.0
2014-03-04 00:00:00+09:00,6616.660224566228,6814.467705121272,6488.085362205449,6715.56396484375,43082,0.0,0.0
2014-03-05 00:00:00+09:00,6735.345138291182,7140.85049903999,6735.345138291182,7002.38525390625,67103,0.0,0.0
2014-03-06 00:00:00+09:00,6972.714214800467,7160.631335483033,6972.714214800467,7140.8505859375,38856,0.0,0.0
2014-03-07 00:00:00+09:00,7289.205898547072,7546.355631738692,7051.8369140625,7051.8369140625,100897,0.0,0.0
2014-03-10 00:00:00+09:00,7111.179324079241,7239.754193638393,6774.906588309152,6923.26220703125,65979,0.0,0.0
2014-03-11 00:00:00+09:00,6923.26214741941,7219.973382308814,6784.796904471022,7210.0830078125,88869,0.0,0.0
2014-03-12 00:00:00+09:00,7170.521610249203,7289.206105867122,6982.6044921875,6982.6044921875,66832,0.0,0.0
2014-03-13 00:00:00+09:00,7516.684648581997,8021.09375,7269.4252851418,8021.09375,692311,0.0,0.0
2014-03-14 00:00:00+09:00,8624.405890098315,9217.828313728933,8555.173274008075,8802.4326171875,1576736,0.0,0.0
2014-03-17 00:00:00+09:00,8921.117837809335,8940.898586895388,8505.72210700225,8792.54296875,310017,0.0,0.0
2014-03-18 00:00:00+09:00,8752.981976677389,10088.1826171875,8624.407100183824,10088.1826171875,665017,0.0,0.0
2014-03-19 00:00:00+09:00,10731.056726288378,11571.738589638158,10236.537983141448,11275.02734375,1410065,0.0,0.0
2014-03-20 00:00:00+09:00,11027.766743529735,11373.929825165198,10582.699924284141,11225.57421875,687608,0.0,0.0
2014-03-21 00:00:00+09:00,11126.671043602195,12115.708469700168,10780.507944467905,10978.3154296875,845342,0.0,0.0
2014-03-24 00:00:00+09:00,11077.219962284484,12362.96870790679,10780.508713294721,11472.8349609375,1187101,0.0,0.0
2014-03-25 00:00:00+09:00,11571.738040453767,11769.545528324772,10434.344985195492,10829.9599609375,484219,0.0,0.0
2014-03-26 00:00:00+09:00,10731.0556640625,11027.766880580357,10384.892578125,10384.892578125,336881,0.0,0.0
2014-03-27 00:00:00+09:00,10483.797621783087,10731.056999655331,10088.1826171875,10088.1826171875,440503,0.0,0.0
2014-03-28 00:00:00+09:00,10187.08625,10285.99,9880.484625000001,9890.375,224957,0.0,0.0
2014-03-31 00:00:00+09:00,9989.27748596784,10187.0849609375,9751.908516004249,10187.0849609375,207467,0.0,0.0
2014-04-01 00:00:00+09:00,10137.633092195085,10483.796173391991,9989.27748596784,10187.0849609375,229325,0.0,0.0
2014-04-02 00:00:00+09:00,10335.441079349841,11670.6416015625,10285.98920815678,11670.6416015625,602056,0.0,0.0
2014-04-03 00:00:00+09:00,12610.227294921875,12758.582910156249,11720.093603515625,11868.44921875,1459031,0.0,0.0
2014-04-04 00:00:00+09:00,12066.256878396738,13648.716796875,11917.901261039402,13648.716796875,1044326,0.0,0.0
2014-04-07 00:00:00+09:00,14093.78377859933,14736.65812639509,13302.553812081474,13846.5244140625,1252850,0.0,0.0
2014-04-08 00:00:00+09:00,13797.072149020523,13846.524020522389,12758.582847481344,13253.1015625,931348,0.0,0.0
2014-04-09 00:00:00+09:00,13352.005789620536,13945.428269159227,12461.8720703125,12461.8720703125,1300049,0.0,0.0
2014-04-10 00:00:00+09:00,12659.6796875,13055.294677734375,12461.872192382812,12659.6796875,483802,0.0,0.0
2014-04-11 00:00:00+09:00,12412.41963308609,13005.842085663911,12066.256535749028,12709.130859375,463732,0.0,0.0
2014-04-14 00:00:00+09:00,12709.131261927481,13203.649988072519,12659.679389312978,12956.390625,382413,0.0,0.0
2014-04-15 00:00:00+09:00,13154.198138786765,13154.198138786765,12610.2275390625,12610.2275390625,234565,0.0,0.0
2014-04-16 00:00:00+09:00,12610.227117278697,12808.034601471303,12264.064019941634,12709.130859375,265342,0.0,0.0
2014-04-17 00:00:00+09:00,12906.939056396484,13549.813415527344,12610.227813720703,12659.6796875,736945,0.0,0.0
2014-04-18 00:00:00+09:00,12659.679149797572,12659.679149797572,12165.160433008605,12214.6123046875,369653,0.0,0.0
2014-04-21 00:00:00+09:00,12214.613044259937,12461.872417625522,11720.094297528765,11818.998046875,176180,0.0,0.0
2014-04-22 00:00:00+09:00,11868.449885670732,12165.1611328125,11670.64238757622,12165.1611328125,191431,0.0,0.0
2014-04-23 00:00:00+09:00,12066.257297207447,12264.064793882979,11522.286681349735,11621.1904296875,188876,0.0,0.0
2014-04-24 00:00:00+09:00,11621.190667108658,11670.642542287844,10632.153163524943,10780.5087890625,446270,0.0,0.0
2014-04-25 00:00:00+09:00,10829.959979363208,11027.767467570755,10335.44125884434,10483.796875,175270,0.0,0.0
2014-04-28 00:00:00+09:00,10582.700746889468,11077.21947337963,10533.248874240451,10681.6044921875,270177,0.0,0.0
2014-04-29 00:00:00+09:00,10681.604345034248,10978.315576840754,10582.700601098744,10829.9599609375,169883,0.0,0.0
2014-04-30 00:00:00+09:00,10978.316332197866,11077.220082938387,10384.893827754739,10434.345703125,211093,0.0,0.0
2014-05-02 00:00:00+09:00,10483.796894054878,10483.796894054878,10088.181916920732,10137.6337890625,174530,0.0,0.0
2014-05-07 00:00:00+09:00,10137.633231026786,10236.53696986607,10038.7294921875,10038.7294921875,93176,0.0,0.0
2014-05-08 00:00:00+09:00,10187.0849609375,10236.536829679915,9890.37374848301,10187.0849609375,139888,0.0,0.0
2014-05-09 00:00:00+09:00,10187.085765697339,11176.123218677661,10187.085765697339,10681.6044921875,574651,0.0,0.0
2014-05-12 00:00:00+09:00,10681.603794642857,11027.766880580357,10582.70005580357,10731.0556640625,191363,0.0,0.0
2014-05-13 00:00:00+09:00,10780.50863440328,11027.76800675198,10632.153010994061,10928.8642578125,163577,0.0,0.0
2014-05-14 00:00:00+09:00,10928.863833029709,11077.219450672646,10780.508215386772,11027.767578125,119956,0.0,0.0
2014-05-15 00:00:00+09:00,10879.41127232143,10928.86314174107,10335.440708705357,10384.892578125,193215,0.0,0.0
2014-05-16 00:00:00+09:00,10187.085661204268,10335.441277629574,9989.278172637196,10137.6337890625,97911,0.0,0.0
2014-05-19 00:00:00+09:00,10137.633852751358,10236.53759765625,9059.583033288043,9099.14453125,262562,0.0,0.0
2014-05-20 00:00:00+09:00,9059.583619937152,9296.95262307961,8673.858989830656,8851.8857421875,146059,0.0,0.0
2014-05-21 00:00:00+09:00,8861.775914634147,9247.500535918445,8861.775914634147,8921.1181640625,111984,0.0,0.0
2014-05-22 00:00:00+09:00,9049.692924784427,9732.128784686203,9049.692924784427,9534.3212890625,488410,0.0,0.0
2014-05-23 00:00:00+09:00,9633.225450246711,9653.006200657896,9336.514194078947,9395.8564453125,112557,0.0,0.0
2014-05-26 00:00:00+09:00,9395.856374388966,9395.856374388966,8841.995367056565,8851.8857421875,131198,0.0,0.0
2014-05-27 00:00:00+09:00,8990.350951360886,9939.826959425403,8901.337575604839,9198.048828125,524005,0.0,0.0
2014-05-28 00:00:00+09:00,9326.622832481477,9326.622832481477,8990.350111055845,9010.130859375,106148,0.0,0.0
2014-05-29 00:00:00+09:00,9079.363451367833,9178.267192668136,8950.78858767744,8970.5693359375,59636,0.0,0.0
2014-05-30 00:00:00+09:00,9000.241303742576,9158.4873046875,9000.241303742576,9158.4873046875,49703,0.0,0.0
2014-06-02 00:00:00+09:00,9138.705831440504,9287.061445587266,8396.927760706696,8436.4892578125,98589,0.0,0.0
2014-06-03 00:00:00+09:00,8298.024085388923,8436.489326384684,7922.189859828995,8169.44921875,113759,0.0,0.0
2014-06-05 00:00:00+09:00,7951.861077599627,8060.655196820517,7852.9573328533625,7941.970703125,103820,0.0,0.0
2014-06-09 00:00:00+09:00,7941.970703125,8179.339690516033,7892.518830751868,7941.970703125,36560,0.0,0.0
2014-06-10 00:00:00+09:00,7912.299751805053,8288.133990015795,7912.299751805053,8218.9013671875,115487,0.0,0.0
2014-06-11 00:00:00+09:00,8218.901391747755,8327.695513660181,8129.8880192739525,8258.462890625,50821,0.0,0.0
2014-06-12 00:00:00+09:00,8288.1337890625,8327.695286862321,8179.339670112992,8288.1337890625,17781,0.0,0.0
2014-06-13 00:00:00+09:00,8406.818409455129,8406.818409455129,8100.216796875,8100.216796875,24625,0.0,0.0
2014-06-16 00:00:00+09:00,8199.120302377096,8209.010676686357,8011.203190501144,8110.10693359375,25882,0.0,0.0
2014-06-17 00:00:00+09:00,8040.87464680015,8555.174132204342,8040.87464680015,8258.462890625,64677,0.0,0.0
2014-06-18 00:00:00+09:00,8268.353265344313,8367.257012537426,8209.011017028444,8258.462890625,23677,0.0,0.0
2014-06-19 00:00:00+09:00,8307.914232132087,8505.721713849518,8199.1201171875,8199.1201171875,57441,0.0,0.0
2014-06-20 00:00:00+09:00,8199.120103607731,8298.023844302637,8060.654866634862,8179.33935546875,30476,0.0,0.0
2014-06-23 00:00:00+09:00,8090.32605102539,8199.120166625977,7744.162955932617,7912.29931640625,56901,0.0,0.0
2014-06-24 00:00:00+09:00,7773.834497379352,7872.738244165348,7496.904006378561,7813.39599609375,72263,0.0,0.0
2014-06-25 00:00:00+09:00,7694.71097860531,7783.72434468172,7546.355368477957,7754.05322265625,69188,0.0,0.0
2014-06-26 00:00:00+09:00,7576.026859714673,8149.668580163043,7576.026859714673,7961.75146484375,73995,0.0,0.0
2014-06-27 00:00:00+09:00,7961.751374101216,7961.751374101216,7783.724635301438,7823.2861328125,39988,0.0,0.0
2014-06-30 00:00:00+09:00,7763.944122700752,7951.861241594146,7694.711499950554,7813.39599609375,21612,0.0,0.0
2014-07-01 00:00:00+09:00,7862.84784268466,8268.353203125,7813.395969460227,8159.55908203125,70163,0.0,0.0
2014-07-02 00:00:00+09:00,8149.668768712575,8307.914764221558,8100.216895116018,8258.462890625,30297,0.0,0.0
2014-07-03 00:00:00+09:00,8307.914286514337,8317.80466066495,8129.887551803316,8278.2431640625,26297,0.0,0.0
2014-07-04 00:00:00+09:00,8199.120062471453,8278.243054630406,8050.764452173417,8119.9970703125,26087,0.0,0.0
2014-07-07 00:00:00+09:00,8110.106894003378,8209.010636613175,7981.532028610642,8050.7646484375,19432,0.0,0.0
2014-07-08 00:00:00+09:00,7951.860879629629,8040.874247685185,7862.847511574074,8011.203125,38523,0.0,0.0
2014-07-09 00:00:00+09:00,7843.066962960214,8436.489431784443,7843.066962960214,8327.6953125,54143,0.0,0.0
2014-07-10 00:00:00+09:00,8367.25724205604,8367.25724205604,8159.55936725323,8228.7919921875,46337,0.0,0.0
2014-07-11 00:00:00+09:00,8199.120367799322,8307.914486069278,8110.106998305722,8209.0107421875,21977,0.0,0.0
2014-07-14 00:00:00+09:00,8228.791239445114,8258.462361702728,8110.106750414656,8199.1201171875,14798,0.0,0.0
2014-07-15 00:00:00+09:00,8565.065019087358,9296.952792080965,8545.28426846591,8703.5302734375,390271,0.0,0.0
2014-07-16 00:00:00+09:00,8703.52907576651,8713.419449716244,8209.010378279776,8387.037109375,78952,0.0,0.0
2014-07-17 00:00:00+09:00,8337.585381808974,8446.379497111346,8218.900892388205,8238.681640625,38645,0.0,0.0
2014-07-18 00:00:00+09:00,8209.01126551286,8555.174391167016,8209.01126551286,8268.353515625,49433,0.0,0.0
2014-07-21 00:00:00+09:00,8367.256331629513,9049.692131726955,8367.256331629513,9039.8017578125,137664,0.0,0.0
2014-07-22 00:00:00+09:00,9079.364485143442,9128.81636142418,8911.228105788934,9049.693359375,56208,0.0,0.0
2014-07-23 00:00:00+09:00,9069.473015926123,9336.513115631691,9000.24039748394,9237.609375,98240,0.0,0.0
2014-07-24 00:00:00+09:00,9138.705524918301,9326.62262986792,9000.240289692267,9079.36328125,45663,0.0,0.0
2014-07-25 00:00:00+09:00,9237.609402068896,9316.732394806104,9099.144164778785,9277.1708984375,54055,0.0,0.0
2014-07-28 00:00:00+09:00,9336.513466282895,9583.772827148438,8940.898488898027,9020.021484375,62417,0.0,0.0
2014-07-29 00:00:00+09:00,8940.899280894886,9188.158663662996,8634.297646262428,8703.5302734375,54885,0.0,0.0
2014-07-30 00:00:00+09:00,8733.20036553899,8871.665603497706,8604.625501720184,8624.40625,39079,0.0,0.0
2014-07-31 00:00:00+09:00,8713.420098105244,8792.543095590876,8317.805110677084,8604.6259765625,29356,0.0,0.0
2014-08-01 00:00:00+09:00,8327.694483214907,8703.528676044083,8327.694483214907,8525.501953125,17551,0.0,0.0
2014-08-04 00:00:00+09:00,8733.20105305801,8733.20105305801,8396.928305828143,8535.3935546875,23476,0.0,0.0
2014-08-05 00:00:00+09:00,8505.721706814236,8673.858066134982,8456.269836425781,8545.283203125,20196,0.0,0.0
2014-08-06 00:00:00+09:00,8584.845227191092,9178.267708333333,8456.27035627694,8604.6259765625,47320,0.0,0.0
2014-08-07 00:00:00+09:00,8624.406422401276,8881.556155179296,8367.256689623257,8515.6123046875,38710,0.0,0.0
2014-08-08 00:00:00+09:00,8456.26967075893,8604.625279017857,8218.900697544643,8307.9140625,29195,0.0,0.0
2014-08-11 00:00:00+09:00,8278.24324342977,8505.721851074793,8258.462494938898,8396.927734375,25304,0.0,0.0
2014-08-12 00:00:00+09:00,8505.721851074793,8505.721851074793,8327.69511465695,8396.927734375,32441,0.0,0.0
2014-08-13 00:00:00+09:00,8357.36668705516,8476.05118438612,8317.80518794484,8337.5859375,19262,0.0,0.0
2014-08-14 00:00:00+09:00,8406.818134983148,8485.941129194754,8307.91439221864,8436.4892578125,19951,0.0,0.0
2014-08-18 00:00:00+09:00,8436.489533253205,8584.84515224359,8327.695412660256,8485.94140625,22133,0.0,0.0
2014-08-19 00:00:00+09:00,8495.831565755208,8970.569534505208,8426.5989453125,8901.3369140625,51761,0.0,0.0
2014-08-20 00:00:00+09:00,8970.56914041131,9039.8017578125,8802.432783865563,9039.8017578125,114629,0.0,0.0
2014-08-21 00:00:00+09:00,9000.24061618891,9939.826175021819,8980.459867581902,9207.9384765625,352272,0.0,0.0
2014-08-22 00:00:00+09:00,9207.939203209005,9326.62370421707,9020.022076612902,9198.048828125,51715,0.0,0.0
2014-08-25 00:00:00+09:00,9198.0477685866,9435.416743259804,9000.240289692267,9079.36328125,24346,0.0,0.0
2014-08-26 00:00:00+09:00,9148.596811189293,9227.719810637416,8792.543313672737,8960.6796875,28312,0.0,0.0
2014-08-27 00:00:00+09:00,8931.0076171875,9188.157338169643,8812.323130580357,9000.240234375,19955,0.0,0.0
2014-08-28 00:00:00+09:00,9020.02156047078,9227.71942535004,8980.460062398539,9138.7060546875,33529,0.0,0.0
2014-08-29 00:00:00+09:00,9188.158002804486,9484.869240785256,9109.035006009615,9257.390625,70478,0.0,0.0
2014-09-01 00:00:00+09:00,9306.842245989305,9425.526737967914,9138.70588235294,9247.5,21340,0.0,0.0
2014-09-02 00:00:00+09:00,9247.50017438616,9296.952046976461,9118.925305651379,9138.7060546875,31547,0.0,0.0
2014-09-03 00:00:00+09:00,9099.14453125,9247.500148607336,9069.473407778532,9099.14453125,26995,0.0,0.0
2014-09-04 00:00:00+09:00,9059.583183701658,9188.158054212707,8723.310445441988,8950.7890625,40657,0.0,0.0
2014-09-05 00:00:00+09:00,8871.665540922206,9227.719007447511,8762.871426150585,8891.4462890625,18907,0.0,0.0
2014-09-11 00:00:00+09:00,8822.213919270833,9010.13103190104,8762.871673177084,8901.3369140625,28974,0.0,0.0
2014-09-12 00:00:00+09:00,8901.33716443535,8911.2275390625,8812.323792790996,8911.2275390625,26490,0.0,0.0
2014-09-15 00:00:00+09:00,8802.433118606363,8901.33686151205,8762.871621444086,8822.2138671875,12699,0.0,0.0
2014-09-16 00:00:00+09:00,8802.433296535326,9099.14453125,8802.433296535326,9099.14453125,47589,0.0,0.0
2014-09-17 00:00:00+09:00,9099.144138115631,9257.390123126339,9020.021145610279,9237.609375,30336,0.0,0.0
2014-09-18 00:00:00+09:00,9158.48710267618,9395.856098857852,9158.48710267618,9227.7197265625,37979,0.0,0.0
2014-09-19 00:00:00+09:00,9227.719054787021,9395.855414842092,9198.047932424362,9316.732421875,33612,0.0,0.0
2014-09-22 00:00:00+09:00,9277.1717817923,9277.1717817923,9118.92578125,9118.92578125,20029,0.0,0.0
2014-09-23 00:00:00+09:00,9049.692328977742,9148.596070278045,8841.994472247106,8970.5693359375,40032,0.0,0.0
2014-09-24 00:00:00+09:00,8950.789312568984,9079.364186672185,8871.66631312086,8960.6796875,34180,0.0,0.0
2014-09-25 00:00:00+09:00,8960.678596822332,9000.240091731039,8802.4326171875,8802.4326171875,15471,0.0,0.0
2014-09-26 00:00:00+09:00,8802.4326171875,8901.33635445927,8614.515516371137,8802.4326171875,34094,0.0,0.0
2014-09-29 00:00:00+09:00,8802.4326171875,8891.445980732093,8752.980748551616,8802.4326171875,21840,0.0,0.0
2014-09-30 00:00:00+09:00,8802.433665205792,8980.460413490853,8723.310665967987,8921.1181640625,13124,0.0,0.0
2014-10-01 00:00:00+09:00,9039.801586639747,9039.801586639747,8752.980748551616,8802.4326171875,21700,0.0,0.0
2014-10-02 00:00:00+09:00,8654.077011279845,8802.4326171875,8604.625142643961,8802.4326171875,36503,0.0,0.0
2014-10-06 00:00:00+09:00,8802.434026544744,8812.324401855469,8683.749522816051,8703.5302734375,19986,0.0,0.0
2014-10-07 00:00:00+09:00,8614.51689564098,8723.311024058949,8525.50351784446,8703.5302734375,27032,0.0,0.0
2014-10-08 00:00:00+09:00,8555.174643776634,8832.105152476917,8555.174643776634,8703.5302734375,22595,0.0,0.0
2014-10-10 00:00:00+09:00,8832.104594333692,8832.104594333692,8466.160730962643,8604.6259765625,24032,0.0,0.0
2014-10-13 00:00:00+09:00,8693.639348733836,8792.543095590876,8446.379981591235,8604.6259765625,35314,0.0,0.0
2014-10-14 00:00:00+09:00,8406.818458609989,8594.735577096564,8406.818458609989,8565.064453125,8521,0.0,0.0
2014-10-15 00:00:00+09:00,8535.393530813446,8565.06465548603,8258.463033869324,8495.83203125,24248,0.0,0.0
2014-10-16 00:00:00+09:00,8545.284134053738,8545.284134053738,8258.46325455425,8466.1611328125,6619,0.0,0.0
2014-10-17 00:00:00+09:00,8466.15990497076,8683.748126827486,8317.804299159357,8456.26953125,5559,0.0,0.0
2014-10-20 00:00:00+09:00,7833.175986842105,8594.734763340643,7833.175986842105,8456.26953125,12795,0.0,0.0
2014-10-21 00:00:00+09:00,8307.914764221558,8396.92813669536,7971.642023764971,8258.462890625,23698,0.0,0.0
2014-10-22 00:00:00+09:00,8367.25653141801,8367.25653141801,8209.010545008214,8278.2431640625,10765,0.0,0.0
2014-10-23 00:00:00+09:00,8307.914992112379,8307.914992112379,8080.436367328351,8228.7919921875,19091,0.0,0.0
2014-10-24 00:00:00+09:00,8258.462480709875,8377.146971450617,7932.080131172839,8011.203125,35165,0.0,0.0
2014-10-27 00:00:00+09:00,8011.203400594325,8119.997520849311,7922.190029476611,8060.6552734375,9203,0.0,0.0
2014-10-28 00:00:00+09:00,8278.243611934267,9267.28108050467,8278.243611934267,8604.6259765625,354080,0.0,0.0
2014-10-29 00:00:00+09:00,8703.529851466048,9742.019208743248,8663.968352141203,9613.4443359375,203400,0.0,0.0
2014-10-30 00:00:00+09:00,9613.443806340145,10483.796743539664,9405.745946326622,10285.9892578125,225699,0.0,0.0
2014-10-31 00:00:00+09:00,10434.345625,10483.7975,9840.923125,9890.375,106704,0.0,0.0
2014-11-03 00:00:00+09:00,9811.251253761284,10088.181732698094,9692.566762788365,9860.703125,81391,0.0,0.0
2014-11-04 00:00:00+09:00,9831.032377186542,9880.484250311223,9336.513645939734,9682.6767578125,64021,0.0,0.0
2014-11-05 00:00:00+09:00,9494.759861680328,9840.922981637423,9494.759861680328,9653.005859375,38721,0.0,0.0
2014-11-06 00:00:00+09:00,9554.102331149194,9880.48470892137,9128.816202536962,9198.048828125,35875,0.0,0.0
2014-11-07 00:00:00+09:00,9198.048451097706,9385.9655699911,9198.048451097706,9376.0751953125,26382,0.0,0.0
2014-11-10 00:00:00+09:00,9296.9516822285,9484.868790699076,8881.555968767227,8970.5693359375,41848,0.0,0.0
2014-11-11 00:00:00+09:00,9020.021709983499,9198.048454259488,8802.43346697951,8990.3505859375,27138,0.0,0.0
2014-11-12 00:00:00+09:00,9020.021730567227,9415.63671875,8802.433487066703,9415.63671875,45467,0.0,0.0
2014-11-13 00:00:00+09:00,9593.663727174322,10137.634350880084,9544.21185229198,9850.8134765625,109816,0.0,0.0
2014-11-14 00:00:00+09:00,9989.278043376866,10285.98927238806,9781.58018306903,9939.826171875,72395,0.0,0.0
2014-11-17 00:00:00+09:00,9880.483929200793,9880.483929200793,9207.9384765625,9207.9384765625,97906,0.0,0.0
2014-11-18 00:00:00+09:00,9366.185163333874,9840.923165276878,9287.06216301004,9544.2119140625,39813,0.0,0.0
2014-11-19 00:00:00+09:00,9672.78622995746,9672.78622995746,9356.294246973168,9445.3076171875,16830,0.0,0.0
2014-11-20 00:00:00+09:00,9534.321258758759,10038.730370995996,9356.294513263263,9880.484375,36552,0.0,0.0
2014-11-21 00:00:00+09:00,10088.181962870976,10137.63383523799,9712.347732881664,9831.0322265625,27274,0.0,0.0
2014-11-24 00:00:00+09:00,9890.374652409957,9890.374652409957,9237.6099253509,9336.513671875,53144,0.0,0.0
2014-11-25 00:00:00+09:00,9563.992288880429,9583.773038185249,9287.061798612951,9336.513671875,21586,0.0,0.0
2014-11-26 00:00:00+09:00,9217.829025135869,9494.759510869564,8950.788913892662,9099.14453125,54333,0.0,0.0
2014-11-27 00:00:00+09:00,9247.500199942753,9247.500199942753,9029.9119599441,9178.267578125,10871,0.0,0.0
2014-11-28 00:00:00+09:00,9178.267652925531,9445.30776782746,9118.925405169548,9296.9521484375,21498,0.0,0.0
2014-12-01 00:00:00+09:00,9306.84270090487,9554.102071279602,9099.144829790097,9188.158203125,7930,0.0,0.0
2014-12-02 00:00:00+09:00,9099.145031182212,9198.048781521149,8931.00865560602,9118.92578125,9175,0.0,0.0
2014-12-03 00:00:00+09:00,9039.802580900161,9296.952326089882,9039.802580900161,9188.158203125,4784,0.0,0.0
2014-12-04 00:00:00+09:00,9207.93846240942,9583.772685364907,9109.034719526397,9554.1015625,24129,0.0,0.0
2014-12-05 00:00:00+09:00,9573.882167431193,9890.374139908257,9445.307303612386,9702.45703125,42400,0.0,0.0
2014-12-08 00:00:00+09:00,9672.786209753787,9989.278192077021,9643.115086410986,9791.470703125,34720,0.0,0.0
2014-12-09 00:00:00+09:00,9732.12795736336,9831.031696767459,9672.785713720901,9771.689453125,7449,0.0,0.0
2014-12-10 00:00:00+09:00,9672.786234988052,9870.593724456112,9603.553613674232,9831.0322265625,17755,0.0,0.0
2014-12-11 00:00:00+09:00,9870.593524709302,11225.574800145348,9791.470530523256,10632.15234375,278724,0.0,0.0
2014-12-12 00:00:00+09:00,10582.701288345757,10829.960664241686,10384.893787629013,10780.5087890625,68763,0.0,0.0
2014-12-15 00:00:00+09:00,10681.6044921875,10879.411982783566,10137.633893048322,10681.6044921875,111341,0.0,0.0
2014-12-16 00:00:00+09:00,10483.796316964286,10731.0556640625,10187.08510044643,10384.892578125,60422,0.0,0.0
2014-12-17 00:00:00+09:00,10285.989405487806,10483.796894054878,10038.730044778964,10137.6337890625,29158,0.0,0.0
2014-12-18 00:00:00+09:00,10137.633990559563,10384.893356182967,9395.855893689351,9682.6767578125,55733,0.0,0.0
2014-12-19 00:00:00+09:00,9880.483369974874,10236.536824748744,9692.56626884422,9840.921875,51157,0.0,0.0
2014-12-22 00:00:00+09:00,10384.893606085527,11275.02734375,10236.537983141448,11275.02734375,525621,0.0,0.0
2014-12-23 00:00:00+09:00,11670.642338267544,12264.06483004386,10978.316097861842,11275.02734375,842661,0.0,0.0
2014-12-24 00:00:00+09:00,11670.641898777174,12016.805005944292,10978.315684442934,11373.9306640625,577210,0.0,0.0
2014-12-26 00:00:00+09:00,11423.3818359375,11818.996791294643,11077.21875,11077.21875,328237,0.0,0.0
2014-12-29 00:00:00+09:00,11077.219149305554,11176.56640625,10779.17737847222,11176.56640625,151254,50.0,0.0
2014-12-30 00:00:00+09:00,11027.545733563311,11623.629286728896,11027.545733563311,11474.6083984375,172592,0.0,0.0
2015-01-02 00:00:00+09:00,11524.281650641025,11822.32341746795,11375.260767227564,11623.62890625,128520,0.0,0.0
2015-01-05 00:00:00+09:00,11722.976341711958,11772.649970278533,11424.9345703125,11424.9345703125,122924,0.0,0.0
2015-01-06 00:00:00+09:00,11524.282262145749,13014.491175354251,11275.914109944331,12269.38671875,856685,0.0,0.0
2015-01-07 00:00:00+09:00,12170.038688413559,12617.101334110383,12070.691433814263,12319.0595703125,273106,0.0,0.0
2015-01-08 00:00:00+09:00,12468.080452211441,12617.101334110383,12070.691433814263,12319.0595703125,149245,0.0,0.0
2015-01-09 00:00:00+09:00,12368.733979630566,13312.53295799595,12219.713088309716,12269.38671875,403725,0.0,0.0
2015-01-12 00:00:00+09:00,12368.733169367284,12567.42767811214,11971.344151877573,12070.69140625,172594,0.0,0.0
2015-01-13 00:00:00+09:00,12418.406977314331,12766.122372679132,11871.9970703125,11871.9970703125,201557,0.0,0.0
2015-01-14 00:00:00+09:00,11673.302388760289,12170.038660622427,11673.302388760289,12070.69140625,97858,0.0,0.0
2015-01-15 00:00:00+09:00,11971.34452718099,12120.365413411459,11722.976383463541,11921.6708984375,102007,0.0,0.0
2015-01-16 00:00:00+09:00,12070.69182421875,12418.4072265625,11871.99730859375,12418.4072265625,178034,0.0,0.0
2015-01-19 00:00:00+09:00,12567.428093112245,12617.101721938776,12170.0390625,12170.0390625,142186,0.0,0.0
2015-01-20 00:00:00+09:00,12070.692185078771,12219.713076252583,11772.650402731148,12021.0185546875,111773,0.0,0.0
2015-01-21 00:00:00+09:00,12170.038837768045,12468.080605223588,11871.9970703125,11871.9970703125,138430,0.0,0.0
2015-01-22 00:00:00+09:00,11871.997045272436,12021.017928685898,11325.587139423076,11623.62890625,108079,0.0,0.0
2015-01-23 00:00:00+09:00,11722.9765625,11822.323821504237,11325.58752648305,11722.9765625,68067,0.0,0.0
2015-01-26 00:00:00+09:00,11673.30250835835,11871.997019138918,11325.587114492359,11375.2607421875,55282,0.0,0.0
2015-01-27 00:00:00+09:00,11772.650377997037,11772.650377997037,11375.261335701778,11524.2822265625,51243,0.0,0.0
2015-01-28 00:00:00+09:00,11474.608177083333,11573.955434027777,10928.198263888888,11176.56640625,160095,0.0,0.0
2015-01-29 00:00:00+09:00,11176.56603361431,11424.934167694628,11027.545153166118,11325.5869140625,65953,0.0,0.0
2015-01-30 00:00:00+09:00,11424.934939822635,11424.934939822635,10977.872268264358,11027.5458984375,49004,0.0,0.0
2015-02-02 00:00:00+09:00,10878.524793836807,11027.545681423611,10729.50390625,10729.50390625,40786,0.0,0.0
2015-02-03 00:00:00+09:00,10928.197899533992,12170.038569935581,10928.197899533992,11325.5869140625,452733,0.0,0.0
2015-02-04 00:00:00+09:00,11375.261139576569,11673.30291615936,11275.913880715638,11474.6083984375,95952,0.0,0.0
2015-02-05 00:00:00+09:00,11673.303117423222,11673.303117423222,11325.587705414871,11524.2822265625,36929,0.0,0.0
2015-02-06 00:00:00+09:00,11573.955843887665,11722.976734581498,11275.9140625,11275.9140625,46924,0.0,0.0
2015-02-09 00:00:00+09:00,11325.58703271028,11325.58703271028,10630.15625,10630.15625,78979,0.0,0.0
2015-02-10 00:00:00+09:00,10481.136127178486,10828.851543719953,10183.094341571516,10332.115234375,88660,0.0,0.0
2015-02-11 00:00:00+09:00,10530.809146341464,10530.809146341464,9984.399237804879,10183.09375,92375,0.0,0.0
2015-02-12 00:00:00+09:00,10630.156816123188,10779.177706068842,10232.767776268116,10282.44140625,78121,0.0,0.0
2015-02-13 00:00:00+09:00,10282.44140625,10580.483186141304,10183.094146286232,10282.44140625,56090,0.0,0.0
2015-02-16 00:00:00+09:00,10282.441603440506,10431.46249624399,10282.441603440506,10332.115234375,28803,0.0,0.0
2015-02-17 00:00:00+09:00,10332.114836165048,10381.788465185073,10034.073062044903,10232.767578125,33627,0.0,0.0
2015-02-23 00:00:00+09:00,10282.441225747927,10630.15662951718,10183.093967528139,10481.1357421875,43070,0.0,0.0
2015-02-24 00:00:00+09:00,10679.830460458432,10779.17772055572,10183.094159971994,10530.8095703125,73465,0.0,0.0
2015-02-25 00:00:00+09:00,10580.483018663195,10878.524793836807,10481.13576027199,10729.50390625,47156,0.0,0.0
2015-02-26 00:00:00+09:00,10729.504300458715,10878.525193520642,10679.830669438074,10828.8515625,53904,0.0,0.0
2015-02-27 00:00:00+09:00,10878.524635416667,11275.913663194444,10828.851006944444,11176.56640625,112016,0.0,0.0
2015-03-02 00:00:00+09:00,11126.892376681615,11176.566003363228,10878.524243273543,11077.21875,46336,0.0,0.0
2015-03-03 00:00:00+09:00,11176.56640625,11375.260920138888,10928.198263888888,11176.56640625,52775,0.0,0.0
2015-03-04 00:00:00+09:00,11474.607824235514,12021.017720627682,11375.26057034603,11573.955078125,229644,0.0,0.0
2015-03-05 00:00:00+09:00,11623.629125976562,11921.6708984375,11524.281868489583,11921.6708984375,89720,0.0,0.0
2015-03-06 00:00:00+09:00,11871.997019138918,11871.997019138918,11375.2607421875,11375.2607421875,98430,0.0,0.0
2015-03-09 00:00:00+09:00,11375.260716029576,11424.934343610492,11027.54532296317,11126.892578125,31513,0.0,0.0
2015-03-10 00:00:00+09:00,11027.54532296317,11424.934343610492,10977.871695382255,11126.892578125,38189,0.0,0.0
2015-03-11 00:00:00+09:00,11126.892376681615,11176.566003363228,10729.5033632287,11077.21875,28162,0.0,0.0
2015-03-12 00:00:00+09:00,11027.545541779891,11474.608198879077,10928.19828464674,11424.9345703125,39368,0.0,0.0
2015-03-13 00:00:00+09:00,11623.629474118943,11623.629474118943,11226.240432268722,11275.9140625,31416,0.0,0.0
2015-03-16 00:00:00+09:00,11375.260625643004,12120.365033436214,11176.566116898148,12070.69140625,215252,0.0,0.0
2015-03-17 00:00:00+09:00,12170.0390625,12269.386320153062,11822.323660714286,12170.0390625,74526,0.0,0.0
2015-03-18 00:00:00+09:00,12120.365209858786,12269.38609358656,11722.976186584729,11871.9970703125,57636,0.0,0.0
2015-03-19 00:00:00+09:00,12021.018529431572,12021.018529431572,11325.587705414871,11524.2822265625,125063,0.0,0.0
2015-03-20 00:00:00+09:00,11375.261309649493,11524.282200168918,10878.525007918075,11027.5458984375,156121,0.0,0.0
2015-03-23 00:00:00+09:00,11077.219127308239,11176.566384055399,10878.524613813921,10928.1982421875,52281,0.0,0.0
2015-03-24 00:00:00+09:00,10977.871695382255,11176.566205705916,10729.50355747768,11126.892578125,31648,0.0,0.0
2015-03-25 00:00:00+09:00,11226.23983328683,11226.23983328683,10928.19806780134,11126.892578125,43389,0.0,0.0
2015-03-26 00:00:00+09:00,11027.545699589931,11027.545699589931,10729.503923925338,10977.8720703125,38105,0.0,0.0
2015-03-27 00:00:00+09:00,10977.871847747092,11027.545476017442,10481.135565043603,10679.830078125,86145,0.0,0.0
2015-03-30 00:00:00+09:00,10530.809193313953,10729.503706395348,10530.809193313953,10679.830078125,25996,0.0,0.0
2015-03-31 00:00:00+09:00,10729.503923925338,11027.545699589931,10580.483036093043,10977.8720703125,38601,0.0,0.0
2015-04-01 00:00:00+09:00,10977.8720703125,11375.261104531957,10729.503923925338,10977.8720703125,51502,0.0,0.0
2015-04-02 00:00:00+09:00,10828.851364487327,11126.89314516129,10779.177734375,10779.177734375,23356,0.0,0.0
2015-04-03 00:00:00+09:00,10828.851377744932,11027.5458984375,10828.851377744932,11027.5458984375,23470,0.0,0.0
2015-04-06 00:00:00+09:00,11077.21954157489,11275.9140625,10977.872281112335,11275.9140625,46791,0.0,0.0
2015-04-07 00:00:00+09:00,11275.913287246436,11325.5869140625,11077.218779982182,11325.5869140625,32742,0.0,0.0
2015-04-08 00:00:00+09:00,11424.934369882641,11772.649763748635,11375.2607421875,11375.2607421875,87222,0.0,0.0
2015-04-09 00:00:00+09:00,11325.587510146104,11971.344692742154,11226.240251285173,11474.6083984375,114094,0.0,0.0
2015-04-10 00:00:00+09:00,11623.629487136315,11772.650377997037,11424.934965988685,11524.2822265625,46845,0.0,0.0
2015-04-13 00:00:00+09:00,11474.608569995777,11524.282200168918,10977.872268264358,11027.5458984375,62895,0.0,0.0
2015-04-14 00:00:00+09:00,11027.54549893466,11176.566384055399,10679.830100319603,10928.1982421875,54266,0.0,0.0
2015-04-15 00:00:00+09:00,10779.177159139555,11077.218923908391,10729.503531678081,10878.5244140625,27699,0.0,0.0
2015-04-16 00:00:00+09:00,11027.545681423611,11027.545681423611,10729.50390625,10729.50390625,45064,0.0,0.0
2015-04-17 00:00:00+09:00,10779.177553202771,11027.545699589931,10729.503923925338,10977.8720703125,28150,0.0,0.0
2015-04-20 00:00:00+09:00,10828.850962936047,10928.198219476744,10580.482821584303,10679.830078125,59317,0.0,0.0
2015-04-21 00:00:00+09:00,10779.177734375,11126.89314516129,10779.177734375,10779.177734375,81160,0.0,0.0
2015-04-22 00:00:00+09:00,10779.17710358104,10878.524357991926,10232.767204321171,10381.7880859375,117259,0.0,0.0
2015-04-23 00:00:00+09:00,10381.7880859375,10630.156221964713,10183.09357711573,10381.7880859375,37605,0.0,0.0
2015-04-24 00:00:00+09:00,10282.44140625,10481.135926177536,10183.094146286232,10282.44140625,29205,0.0,0.0
2015-04-27 00:00:00+09:00,10381.788285900298,10481.135542224703,10282.441029575893,10431.4619140625,18479,0.0,0.0
2015-04-28 00:00:00+09:00,10431.462296195652,10481.135926177536,10232.767776268116,10282.44140625,30251,0.0,0.0
2015-04-29 00:00:00+09:00,10183.09375,10381.788262195121,10133.42012195122,10183.09375,15940,0.0,0.0
2015-04-30 00:00:00+09:00,10183.094131922957,10232.767761834777,10034.0732421875,10034.0732421875,20516,0.0,0.0
2015-05-04 00:00:00+09:00,10034.072841796875,10133.42009765625,9885.051958007813,9934.7255859375,32468,0.0,0.0
2015-05-06 00:00:00+09:00,9835.378240052505,9934.725495002529,9696.29208312247,9815.5087890625,39152,0.0,0.0
2015-05-07 00:00:00+09:00,9835.37890625,9894.987263257575,9587.010752051769,9835.37890625,36438,0.0,0.0
2015-05-08 00:00:00+09:00,9745.965630744486,10133.419921875,9745.965630744486,10133.419921875,17140,0.0,0.0
2015-05-11 00:00:00+09:00,10034.07266773897,10183.093548943016,9885.051786534927,10133.419921875,23333,0.0,0.0
2015-05-12 00:00:00+09:00,10133.42070120074,10232.767962977217,9924.791451470135,10083.7470703125,20785,0.0,0.0
2015-05-13 00:00:00+09:00,10282.441612566021,10928.198815287558,9934.726195715963,10580.4833984375,150987,0.0,0.0
2015-05-14 00:00:00+09:00,10679.830054873511,10679.830054873511,10332.114657738095,10431.4619140625,30839,0.0,0.0
2015-05-15 00:00:00+09:00,10580.482798549108,10630.15642671131,10232.76740141369,10431.4619140625,24031,0.0,0.0
2015-05-18 00:00:00+09:00,10431.461865234376,10431.461865234376,9904.921409179688,9934.7255859375,31903,0.0,0.0
2015-05-19 00:00:00+09:00,9835.378638135646,10034.07315607778,9259.164536103457,9914.8564453125,43367,0.0,0.0
2015-05-20 00:00:00+09:00,9914.85631377551,9984.399394132653,9636.68399234694,9736.03125,54250,0.0,0.0
2015-05-21 00:00:00+09:00,9676.423277606866,9805.57471765706,9249.230052825455,9587.0107421875,81875,0.0,0.0
2015-05-22 00:00:00+09:00,9894.986452963916,9894.986452963916,9487.662713434278,9636.68359375,35767,0.0,0.0
2015-05-26 00:00:00+09:00,9636.684173583984,9636.684173583984,9457.859106445312,9537.3369140625,12673,0.0,0.0
2015-05-27 00:00:00+09:00,9358.51171875,9507.532605991242,9159.817202428343,9358.51171875,14166,0.0,0.0
2015-05-28 00:00:00+09:00,9358.51156341132,9537.336625132555,9269.099032550703,9368.4462890625,20130,0.0,0.0
2015-05-29 00:00:00+09:00,9378.380643267225,9567.140423163492,9378.380643267225,9517.466796875,26333,0.0,0.0
2015-06-01 00:00:00+09:00,9587.010343381871,9587.010343381871,9338.642199770942,9487.6630859375,16283,0.0,0.0
2015-06-02 00:00:00+09:00,9765.835406781742,9765.835406781742,9368.446377004255,9487.6630859375,12168,0.0,0.0
2015-06-03 00:00:00+09:00,9487.662775723289,9626.748931597765,9378.380796107627,9507.5322265625,11154,0.0,0.0
2015-06-04 00:00:00+09:00,9616.814317434211,9616.814317434211,9437.9892578125,9437.9892578125,6312,0.0,0.0
2015-06-05 00:00:00+09:00,9358.512080812307,9686.35804542675,9358.512080812307,9646.619140625,16302,0.0,0.0
2015-06-08 00:00:00+09:00,9636.683748951884,9726.096278581334,9507.532317264899,9626.7490234375,10294,0.0,0.0
2015-06-09 00:00:00+09:00,9726.096121939432,9765.835023356958,9596.944692332474,9636.68359375,9722,0.0,0.0
2015-06-10 00:00:00+09:00,9636.683794070514,9755.900500801283,9636.683794070514,9686.357421875,10998,0.0,0.0
2015-06-11 00:00:00+09:00,9686.35801373106,9875.117810921718,9636.684382891413,9835.37890625,29463,0.0,0.0
2015-06-12 00:00:00+09:00,9865.18268494898,9904.921588010204,9696.292346938775,9736.03125,5478,0.0,0.0
2015-06-15 00:00:00+09:00,9567.1406703512,9924.790788869,9288.968355948464,9626.7490234375,6786,0.0,0.0
2015-06-16 00:00:00+09:00,9487.662621101905,9765.83492831746,9437.988994813413,9517.466796875,8171,0.0,0.0
2015-06-17 00:00:00+09:00,9636.683577951213,9825.443359375,9497.597423217898,9825.443359375,18265,0.0,0.0
2015-06-18 00:00:00+09:00,9835.378779658566,9835.378779658566,9656.5537109375,9656.5537109375,15144,0.0,0.0
2015-06-19 00:00:00+09:00,9835.378240052505,9934.725495002529,9696.29208312247,9815.5087890625,12372,0.0,0.0
2015-06-22 00:00:00+09:00,9736.031476449276,10381.788666213768,9736.031476449276,10282.44140625,15343,0.0,0.0
2015-06-23 00:00:00+09:00,10282.441603440506,10381.788865309496,9885.052555964543,10332.115234375,53285,0.0,0.0
2015-06-24 00:00:00+09:00,10332.11463414634,10381.788262195121,10034.07286585366,10183.09375,13604,0.0,0.0
2015-06-25 00:00:00+09:00,10183.093773251489,10679.830054873511,10183.093773251489,10431.4619140625,37706,0.0,0.0
2015-06-26 00:00:00+09:00,10431.462074393656,10431.462074393656,9984.3994140625,9984.3994140625,20261,0.0,0.0
2015-06-29 00:00:00+09:00,9934.72538473618,10133.419892430904,9835.37813088882,9885.0517578125,21207,0.0,0.0
2015-06-30 00:00:00+09:00,9785.704725609756,10232.76737804878,9785.704725609756,10183.09375,36339,0.0,0.0
2015-07-01 00:00:00+09:00,10232.767596638032,10729.503887736966,10034.07308019846,10481.1357421875,49236,0.0,0.0
2015-07-02 00:00:00+09:00,10431.462113077607,10630.15662951718,10282.441225747927,10481.1357421875,20453,0.0,0.0
2015-07-03 00:00:00+09:00,10530.80975811298,10530.80975811298,10083.747079702525,10332.115234375,23264,0.0,0.0
2015-07-06 00:00:00+09:00,10630.15701998197,10630.15701998197,10282.441603440506,10332.115234375,18750,0.0,0.0
2015-07-07 00:00:00+09:00,10530.80955615942,10530.80955615942,10133.420516304348,10282.44140625,11631,0.0,0.0
2015-07-08 00:00:00+09:00,10232.76797250601,10729.504281850963,10232.76797250601,10332.115234375,31724,0.0,0.0
2015-07-09 00:00:00+09:00,10083.746322704845,10381.7880859375,9934.725441088516,10381.7880859375,29840,0.0,0.0
2015-07-10 00:00:00+09:00,10232.767776268116,10431.462296195652,10133.420516304348,10282.44140625,12889,0.0,0.0
2015-07-13 00:00:00+09:00,10580.482649293665,11077.218923908391,10580.482649293665,10878.5244140625,91101,0.0,0.0
2015-07-14 00:00:00+09:00,10878.524994599655,10878.524994599655,10679.830474150345,10779.177734375,28338,0.0,0.0
2015-07-15 00:00:00+09:00,10878.525193520642,10977.872455561926,10679.830669438074,10828.8515625,21101,0.0,0.0
2015-07-16 00:00:00+09:00,10828.850985440342,10977.87187056108,10679.830100319603,10928.1982421875,27780,0.0,0.0
2015-07-17 00:00:00+09:00,10928.197899533992,11722.97592859101,10828.850645901864,11325.5869140625,137340,0.0,0.0
2015-07-20 00:00:00+09:00,11474.608569995777,11524.282200168918,10977.872268264358,11027.5458984375,37240,0.0,0.0
2015-07-21 00:00:00+09:00,11126.892578125,11275.913460867747,11027.54532296317,11126.892578125,17062,0.0,0.0
2015-07-22 00:00:00+09:00,11126.892975663717,11722.976527931416,11126.892975663717,11226.240234375,51799,0.0,0.0
2015-07-23 00:00:00+09:00,11226.240405385945,11325.5876656106,10679.830474150345,10779.177734375,38902,0.0,0.0
2015-07-24 00:00:00+09:00,10779.177931479357,10828.8515625,10580.483407396789,10828.8515625,12370,0.0,0.0
2015-07-27 00:00:00+09:00,10729.50384794776,10729.50384794776,9894.986881996268,9984.3994140625,45496,0.0,0.0
2015-07-28 00:00:00+09:00,10232.767761834777,10232.767761834777,9865.182900487314,10034.0732421875,31530,0.0,0.0
2015-07-29 00:00:00+09:00,9984.39961227568,10282.441391746597,9894.987078434406,10034.0732421875,28293,0.0,0.0
2015-07-30 00:00:00+09:00,9785.70483448569,10083.746606094392,9636.683948681339,9676.4228515625,36100,0.0,0.0
2015-07-31 00:00:00+09:00,9636.683577951213,9825.443359375,9636.683577951213,9825.443359375,7924,0.0,0.0
2015-08-03 00:00:00+09:00,9785.705191957439,10034.073344037577,9716.162109375,9716.162109375,23568,0.0,0.0
2015-08-04 00:00:00+09:00,9716.162151057546,9904.921947448234,9716.162151057546,9775.7705078125,7349,0.0,0.0
2015-08-05 00:00:00+09:00,9775.77036664604,10034.0732421875,9775.77036664604,10034.0732421875,12047,0.0,0.0
2015-08-06 00:00:00+09:00,10133.420320084952,10630.156610285194,10133.420320084952,10232.767578125,16251,0.0,0.0
2015-08-07 00:00:00+09:00,10232.767558690919,10282.441187616603,9934.725785136816,9984.3994140625,27098,0.0,0.0
2015-08-10 00:00:00+09:00,9984.3994140625,10183.093929765235,9924.791059351679,9984.3994140625,8000,0.0,0.0
2015-08-11 00:00:00+09:00,9984.399640711717,10183.094160924886,9686.357860391965,9845.3134765625,9822,0.0,0.0
2015-08-12 00:00:00+09:00,9845.31276326456,9904.921115009854,9676.422433319558,9765.8349609375,10195,0.0,0.0
2015-08-13 00:00:00+09:00,9765.835403763138,9934.725741366366,9755.900678021771,9924.791015625,3187,0.0,0.0
2015-08-17 00:00:00+09:00,9835.37827919408,9914.856083470395,9437.9892578125,9437.9892578125,19736,0.0,0.0
2015-08-18 00:00:00+09:00,9358.511372676934,9755.900390625,9338.641921779532,9755.900390625,29109,0.0,0.0
2015-08-19 00:00:00+09:00,9249.22944679054,9755.900447635135,8941.25295608108,9189.62109375,17293,0.0,0.0
2015-08-20 00:00:00+09:00,8553.799181493858,9120.07856981575,8543.864455382947,8593.5380859375,21549,0.0,0.0
2015-08-21 00:00:00+09:00,8066.99713811282,8553.798689550662,8027.258235954629,8156.40966796875,35728,0.0,0.0
2015-08-24 00:00:00+09:00,7729.216426620015,8166.344347919862,7729.216426620015,8096.80126953125,16228,0.0,0.0
2015-08-25 00:00:00+09:00,8106.735877752028,8573.66796875,8106.735877752028,8573.66796875,16618,0.0,0.0
2015-08-26 00:00:00+09:00,8931.318785112358,8941.253511235955,8702.820084269662,8841.90625,16672,0.0,0.0
2015-08-27 00:00:00+09:00,8752.492948018506,8931.31800257507,8752.492948018506,8891.5791015625,9966,0.0,0.0
2015-08-28 00:00:00+09:00,9040.6005859375,9229.36037839114,8851.84079348386,9040.6005859375,8141,0.0,0.0
2015-08-31 00:00:00+09:00,8990.927111265813,9318.773072229098,8792.232589469884,9030.666015625,6393,0.0,0.0
2015-09-01 00:00:00+09:00,8961.123121572693,9080.339837159027,8812.102227089777,8831.9716796875,8226,0.0,0.0
2015-09-02 00:00:00+09:00,9229.360334278208,9626.74936912334,8593.537878525995,8980.9921875,19702,0.0,0.0
2015-09-03 00:00:00+09:00,8980.9921875,9298.903415376106,8841.906025304203,8980.9921875,12639,0.0,0.0
2015-09-04 00:00:00+09:00,9139.94782838983,9139.94782838983,8553.799000264831,8792.232421875,3843,0.0,0.0
2015-09-07 00:00:00+09:00,8553.798717867943,8871.709936185916,8553.798717867943,8623.341796875,3710,0.0,0.0
2015-09-08 00:00:00+09:00,8881.644587253584,8881.644587253584,8295.495783396804,8315.365234375,12379,0.0,0.0
2015-09-09 00:00:00+09:00,8444.51658470584,8722.688895731444,8305.430429193038,8633.2763671875,15716,0.0,0.0
2015-09-10 00:00:00+09:00,8464.38645076308,8881.64493777253,8285.56138490189,8543.8642578125,12780,0.0,0.0
2015-09-11 00:00:00+09:00,8613.407071302563,8812.101582751297,8444.51673657114,8623.341796875,7593,0.0,0.0
2015-09-14 00:00:00+09:00,8474.320777803308,8822.036167279412,8444.5166015625,8444.5166015625,5452,0.0,0.0
2015-09-15 00:00:00+09:00,8673.015222153823,8673.015222153823,8394.842912623117,8573.66796875,4105,0.0,0.0
2015-09-16 00:00:00+09:00,8494.190451882103,8911.448930220171,8474.321000532671,8742.55859375,5077,0.0,0.0
2015-09-17 00:00:00+09:00,8891.579739100027,9229.360421926174,8752.49357558338,9100.208984375,10415,0.0,0.0
2015-09-18 00:00:00+09:00,9239.294518512228,9239.294518512228,8682.949902343751,9139.947265625,4395,0.0,0.0
2015-09-21 00:00:00+09:00,9130.012938928092,9298.903276209678,8961.122601646506,9239.294921875,8865,0.0,0.0
2015-09-22 00:00:00+09:00,9378.381398168103,9736.031536233837,9169.752150963093,9219.42578125,38980,0.0,0.0
2015-09-23 00:00:00+09:00,9149.882146227217,9358.511380831747,8990.92653890948,9130.0126953125,6780,0.0,0.0
2015-09-24 00:00:00+09:00,9050.534799863906,9259.164032352537,8891.579194158283,9010.7958984375,11143,0.0,0.0
2015-09-25 00:00:00+09:00,9070.404296875,9130.012649318867,8782.29726006298,9070.404296875,8660,0.0,0.0
2015-09-30 00:00:00+09:00,8772.363288778564,9080.339802880644,8772.363288778564,9020.7314453125,3646,0.0,0.0
2015-10-01 00:00:00+09:00,8921.38383227323,9130.013075566925,8851.840751175332,8980.9921875,6093,0.0,0.0
2015-10-02 00:00:00+09:00,8980.992119342967,9239.294990032035,8931.3184903643,9110.1435546875,9607,0.0,0.0
2015-10-05 00:00:00+09:00,9110.143710340475,9219.4256959607,8971.057546823826,9100.208984375,6702,0.0,0.0
2015-10-06 00:00:00+09:00,9100.208473096933,9219.425177984665,8971.05704280189,9070.404296875,4844,0.0,0.0
2015-10-07 00:00:00+09:00,9199.555838679637,9199.555838679637,8961.122426014073,9000.861328125,5204,0.0,0.0
2015-10-08 00:00:00+09:00,9000.86195173919,9080.339761467572,8961.123046875,8961.123046875,3312,0.0,0.0
2015-10-12 00:00:00+09:00,9130.013392547811,9139.94811876386,8792.23270120219,8961.123046875,11712,0.0,0.0
2015-10-13 00:00:00+09:00,9000.861639242255,9050.535268597898,8871.710202917588,8980.9921875,4167,0.0,0.0
2015-10-14 00:00:00+09:00,9010.795989824197,9130.0126953125,8871.709833421179,9130.0126953125,7893,0.0,0.0
2015-10-15 00:00:00+09:00,9139.947374726178,9159.8168255408,9060.46957146769,9070.404296875,3149,0.0,0.0
2015-10-16 00:00:00+09:00,8961.122164336022,9139.947218613239,8742.558209108316,9080.3388671875,7325,0.0,0.0
2015-10-19 00:00:00+09:00,9328.707522193634,9328.707522193634,8841.9059582027,9110.1435546875,16508,0.0,0.0
2015-10-20 00:00:00+09:00,9110.14339937364,9189.621204384532,9030.665594362745,9120.078125,2965,0.0,0.0
2015-10-21 00:00:00+09:00,9189.620844801355,9189.620844801355,9010.795790524138,9080.3388671875,15199,0.0,0.0
2015-10-22 00:00:00+09:00,9080.339086371529,9169.751615668403,8901.514027777777,8941.2529296875,3406,0.0,0.0
2015-10-23 00:00:00+09:00,9090.274329708263,9100.20905575166,8841.906178623338,8971.0576171875,3308,0.0,0.0
2015-10-26 00:00:00+09:00,8971.0576171875,8980.992343230897,8583.603301495017,8971.0576171875,4007,0.0,0.0
2015-10-27 00:00:00+09:00,9000.861079347067,9010.79580460021,8772.36239852479,8891.5791015625,5051,0.0,0.0
2015-10-28 00:00:00+09:00,8891.579724107392,8891.579724107392,8752.493560825265,8851.8408203125,2840,0.0,0.0
2015-10-29 00:00:00+09:00,9040.600729549633,9040.600729549633,8673.01586472179,8782.2978515625,4023,0.0,0.0
2015-10-30 00:00:00+09:00,8782.298007502832,9020.731437570781,8563.734029940544,8772.36328125,12833,0.0,0.0
2015-11-02 00:00:00+09:00,8941.253576144367,8941.253576144367,8464.38671875,8464.38671875,8387,0.0,0.0
2015-11-03 00:00:00+09:00,8464.386477222057,8633.27681773001,8096.801618469456,8355.1044921875,8614,0.0,0.0
2015-11-04 00:00:00+09:00,8355.104360476154,8355.104360476154,8126.605668096902,8176.279296875,11080,0.0,0.0
2015-11-05 00:00:00+09:00,8176.278986742424,8255.756789772728,8066.997007575757,8196.1484375,7580,0.0,0.0
2015-11-06 00:00:00+09:00,8285.561057907706,8434.581940244176,8166.34435203853,8315.365234375,12457,0.0,0.0
2015-11-09 00:00:00+09:00,8394.842928484153,8444.516555279917,8325.299850970083,8384.908203125,1356,0.0,0.0
2015-11-10 00:00:00+09:00,8027.258836784863,8384.908982978248,8027.258836784863,8335.2353515625,2743,0.0,0.0
2015-11-11 00:00:00+09:00,8096.801424893466,8345.169566761364,8096.801424893466,8305.4306640625,2585,0.0,0.0
2015-11-12 00:00:00+09:00,8305.4306640625,8384.908469460228,8096.801424893466,8305.4306640625,3766,0.0,0.0
2015-11-13 00:00:00+09:00,8146.474810606061,8345.169318181817,8076.931732954546,8196.1484375,8028,0.0,0.0
2015-11-16 00:00:00+09:00,8057.062434816823,8196.148592754475,8007.388806981948,8186.2138671875,9785,0.0,0.0
2015-11-17 00:00:00+09:00,7997.454123921913,8206.083361937268,7997.454123921913,8027.25830078125,4665,0.0,0.0
2015-11-18 00:00:00+09:00,8027.25854223901,8295.496142041551,8027.25854223901,8136.54052734375,1620,0.0,0.0
2015-11-19 00:00:00+09:00,8017.323915357965,8126.605901812659,7818.62939453125,7818.62939453125,22256,0.0,0.0
2015-11-20 00:00:00+09:00,7848.433412905093,8066.997381365741,7778.89033203125,8047.1279296875,4419,0.0,0.0
2015-11-23 00:00:00+09:00,7848.433305080582,8086.866721943789,7818.629127972681,7898.10693359375,7755,0.0,0.0
2015-11-24 00:00:00+09:00,7739.151300603694,7898.106911399148,7659.673495205966,7868.302734375,2705,0.0,0.0
2015-11-25 00:00:00+09:00,7868.302916531736,7947.78072376943,7669.6083984375,7669.6083984375,11418,0.0,0.0
2015-11-26 00:00:00+09:00,7669.608220880682,7749.08602627841,7619.934592507103,7649.73876953125,8376,0.0,0.0
2015-11-27 00:00:00+09:00,7649.7389891950515,7729.216796875,7649.7389891950515,7729.216796875,20236,0.0,0.0
2015-11-30 00:00:00+09:00,7878.2375054113645,7878.2375054113645,7500.717927598462,7709.34716796875,11526,0.0,0.0
2015-12-01 00:00:00+09:00,7709.347032692942,7749.085934923318,7510.652521541062,7530.52197265625,6976,0.0,0.0
2015-12-02 00:00:00+09:00,7530.522283470812,9785.705078125,7500.718105567893,9785.705078125,719573,0.0,0.0
2015-12-03 00:00:00+09:00,10332.114317425083,11822.323113207547,8841.905521642619,8951.1875,1648569,0.0,0.0
2015-12-04 00:00:00+09:00,9130.01291875363,9517.46722107288,8414.712668318089,8553.798828125,503043,0.0,0.0
2015-12-07 00:00:00+09:00,8732.62432603433,8742.559052230046,8345.170004401409,8464.38671875,154431,0.0,0.0
2015-12-08 00:00:00+09:00,8504.124991498911,10381.788102939676,8484.255540584194,9130.0126953125,1425769,0.0,0.0
2015-12-09 00:00:00+09:00,9000.861368627591,9239.29478236607,8543.863992295506,8623.341796875,150368,0.0,0.0
2015-12-10 00:00:00+09:00,8553.799110638525,8971.057603840405,8444.517124323747,8722.689453125,117925,0.0,0.0
2015-12-11 00:00:00+09:00,8454.451724881905,8673.015694267806,8374.973917832485,8543.8642578125,80617,0.0,0.0
2015-12-14 00:00:00+09:00,8305.43113182773,8653.14655002626,8275.626953125,8275.626953125,48315,0.0,0.0
2015-12-15 00:00:00+09:00,8146.4749599358975,8235.887489983974,7520.587249599359,7749.0859375,139845,0.0,0.0
2015-12-16 00:00:00+09:00,7749.0859375,7898.106820913462,7699.412309695513,7749.0859375,37823,0.0,0.0
2015-12-17 00:00:00+09:00,7828.563764667146,8096.801355588482,7729.216508770354,7778.89013671875,72765,0.0,0.0
2015-12-18 00:00:00+09:00,7560.326151842949,7888.172095352565,7560.326151842949,7749.0859375,43143,0.0,0.0
2015-12-21 00:00:00+09:00,7749.0859399353185,8265.691669264339,7719.281763243259,7967.64990234375,70421,0.0,0.0
2015-12-22 00:00:00+09:00,7967.6498797324775,8037.19295848326,7848.433173302566,7937.845703125,27261,0.0,0.0
2015-12-23 00:00:00+09:00,7977.584739214819,8017.323642025353,7768.955499459513,7898.10693359375,32066,0.0,0.0
2015-12-24 00:00:00+09:00,8047.12791102707,8096.801540107484,7798.759765625,7798.759765625,23205,0.0,0.0
2015-12-28 00:00:00+09:00,7729.216710182768,7808.69451697128,7590.130548302872,7610.0,40413,0.0,0.0
2015-12-29 00:00:00+09:00,7700.0,7990.0,7700.0,7970.0,17744,50.0,0.0
2015-12-30 00:00:00+09:00,8050.0,8050.0,7810.0,7950.0,16034,0.0,0.0
2016-01-04 00:00:00+09:00,7750.0,7900.0,7700.0,7710.0,28551,0.0,0.0
2016-01-05 00:00:00+09:00,7770.0,7770.0,7550.0,7630.0,31915,0.0,0.0
2016-01-06 00:00:00+09:00,7650.0,7780.0,7610.0,7780.0,32570,0.0,0.0
2016-01-07 00:00:00+09:00,7750.0,7880.0,7510.0,7670.0,27280,0.0,0.0
2016-01-08 00:00:00+09:00,7630.0,7750.0,7450.0,7690.0,23759,0.0,0.0
2016-01-11 00:00:00+09:00,7630.0,7700.0,7560.0,7590.0,21917,0.0,0.0
2016-01-12 00:00:00+09:00,7580.0,7690.0,7510.0,7520.0,9800,0.0,0.0
2016-01-13 00:00:00+09:00,7820.0,7820.0,7500.0,7500.0,13782,0.0,0.0
2016-01-14 00:00:00+09:00,7460.0,7530.0,7180.0,7180.0,28443,0.0,0.0
2016-01-15 00:00:00+09:00,7250.0,7350.0,7070.0,7170.0,16243,0.0,0.0
2016-01-18 00:00:00+09:00,7010.0,7290.0,6960.0,7060.0,10991,0.0,0.0
2016-01-19 00:00:00+09:00,7200.0,7230.0,6800.0,6830.0,22910,0.0,0.0
2016-01-20 00:00:00+09:00,7000.0,7000.0,6300.0,6370.0,39597,0.0,0.0
2016-01-21 00:00:00+09:00,6200.0,7200.0,6020.0,6400.0,110789,0.0,0.0
2016-01-22 00:00:00+09:00,6600.0,6740.0,6400.0,6680.0,18842,0.0,0.0
2016-01-25 00:00:00+09:00,6760.0,7090.0,6710.0,6960.0,30920,0.0,0.0
2016-01-26 00:00:00+09:00,6900.0,6970.0,6740.0,6960.0,17102,0.0,0.0
2016-01-27 00:00:00+09:00,6920.0,7100.0,6920.0,7000.0,7523,0.0,0.0
2016-01-28 00:00:00+09:00,7000.0,7060.0,6810.0,6900.0,6933,0.0,0.0
2016-01-29 00:00:00+09:00,6900.0,6990.0,6750.0,6900.0,15603,0.0,0.0
2016-02-01 00:00:00+09:00,6800.0,6950.0,6800.0,6900.0,9289,0.0,0.0
2016-02-02 00:00:00+09:00,6910.0,6950.0,6640.0,6730.0,24297,0.0,0.0
2016-02-03 00:00:00+09:00,6670.0,6860.0,6670.0,6750.0,6124,0.0,0.0
2016-02-04 00:00:00+09:00,6700.0,6840.0,6700.0,6780.0,14008,0.0,0.0
2016-02-05 00:00:00+09:00,6780.0,6960.0,6780.0,6960.0,7895,0.0,0.0
2016-02-11 00:00:00+09:00,6800.0,6940.0,6600.0,6710.0,12265,0.0,0.0
2016-02-12 00:00:00+09:00,6410.0,6920.0,6390.0,6430.0,20786,0.0,0.0
2016-02-15 00:00:00+09:00,6400.0,6760.0,6370.0,6630.0,17236,0.0,0.0
2016-02-16 00:00:00+09:00,6630.0,6790.0,6630.0,6750.0,8496,0.0,0.0
2016-02-17 00:00:00+09:00,6860.0,6860.0,6600.0,6650.0,8238,0.0,0.0
2016-02-18 00:00:00+09:00,6920.0,6920.0,6240.0,6500.0,19489,0.0,0.0
2016-02-19 00:00:00+09:00,6590.0,6590.0,6400.0,6500.0,9362,0.0,0.0
2016-02-22 00:00:00+09:00,6640.0,6640.0,6350.0,6500.0,18704,0.0,0.0
2016-02-23 00:00:00+09:00,6500.0,6700.0,6430.0,6510.0,6065,0.0,0.0
2016-02-24 00:00:00+09:00,6480.0,6610.0,6330.0,6500.0,7505,0.0,0.0
2016-02-25 00:00:00+09:00,6500.0,6600.0,6430.0,6500.0,5898,0.0,0.0
2016-02-26 00:00:00+09:00,6500.0,6580.0,6400.0,6510.0,1732,0.0,0.0
2016-02-29 00:00:00+09:00,6510.0,6580.0,6480.0,6560.0,2396,0.0,0.0
2016-03-02 00:00:00+09:00,6560.0,6660.0,6530.0,6650.0,8695,0.0,0.0
2016-03-03 00:00:00+09:00,6650.0,8070.0,6650.0,7050.0,105350,0.0,0.0
2016-03-04 00:00:00+09:00,7050.0,7050.0,6780.0,6860.0,18823,0.0,0.0
2016-03-07 00:00:00+09:00,7010.0,7080.0,6900.0,7010.0,8392,0.0,0.0
2016-03-08 00:00:00+09:00,8000.0,9110.0,7800.0,9110.0,2177205,0.0,0.0
2016-03-09 00:00:00+09:00,10050.0,10100.0,8980.0,9130.0,2628209,0.0,0.0
2016-03-10 00:00:00+09:00,9000.0,9210.0,8950.0,9110.0,472847,0.0,0.0
2016-03-11 00:00:00+09:00,9220.0,9240.0,8700.0,8780.0,383270,0.0,0.0
2016-03-14 00:00:00+09:00,8800.0,8980.0,8220.0,8270.0,261069,0.0,0.0
2016-03-15 00:00:00+09:00,8250.0,8370.0,8180.0,8310.0,161833,0.0,0.0
2016-03-16 00:00:00+09:00,8240.0,8330.0,7990.0,8030.0,158757,0.0,0.0
2016-03-17 00:00:00+09:00,8040.0,8280.0,7950.0,8100.0,124930,0.0,0.0
2016-03-18 00:00:00+09:00,8120.0,8300.0,8090.0,8220.0,142834,0.0,0.0
2016-03-21 00:00:00+09:00,8130.0,8340.0,8130.0,8260.0,102026,0.0,0.0
2016-03-22 00:00:00+09:00,8180.0,8350.0,8120.0,8240.0,96357,0.0,0.0
2016-03-23 00:00:00+09:00,8280.0,8300.0,8150.0,8150.0,78998,0.0,0.0
2016-03-24 00:00:00+09:00,8340.0,8750.0,8250.0,8250.0,531267,0.0,0.0
2016-03-25 00:00:00+09:00,8270.0,8340.0,8000.0,8000.0,127454,0.0,0.0
2016-03-28 00:00:00+09:00,8000.0,8060.0,7510.0,7520.0,117212,0.0,0.0
2016-03-29 00:00:00+09:00,7530.0,7720.0,7530.0,7660.0,46656,0.0,0.0
2016-03-30 00:00:00+09:00,7610.0,7750.0,7530.0,7610.0,39792,0.0,0.0
2016-03-31 00:00:00+09:00,7580.0,7850.0,7490.0,7600.0,48966,0.0,0.0
2016-04-01 00:00:00+09:00,7800.0,7890.0,7610.0,7730.0,72877,0.0,0.0
2016-04-04 00:00:00+09:00,7740.0,7850.0,7540.0,7740.0,43631,0.0,0.0
2016-04-05 00:00:00+09:00,7790.0,7790.0,7600.0,7660.0,22600,0.0,0.0
2016-04-06 00:00:00+09:00,7580.0,7800.0,7580.0,7740.0,30817,0.0,0.0
2016-04-07 00:00:00+09:00,7840.0,7890.0,7600.0,7670.0,47062,0.0,0.0
2016-04-08 00:00:00+09:00,7670.0,7700.0,7530.0,7670.0,33972,0.0,0.0
2016-04-11 00:00:00+09:00,7610.0,7800.0,7610.0,7800.0,44313,0.0,0.0
2016-04-12 00:00:00+09:00,7810.0,7900.0,7700.0,7900.0,56596,0.0,0.0
2016-04-14 00:00:00+09:00,7900.0,7900.0,7600.0,7700.0,35246,0.0,0.0
2016-04-15 00:00:00+09:00,7700.0,8150.0,7600.0,7800.0,106846,0.0,0.0
2016-04-18 00:00:00+09:00,7890.0,7900.0,7720.0,7840.0,36406,0.0,0.0
2016-04-19 00:00:00+09:00,7950.0,7950.0,7800.0,7870.0,17948,0.0,0.0
2016-04-20 00:00:00+09:00,8500.0,8850.0,7950.0,8000.0,351035,0.0,0.0
2016-04-21 00:00:00+09:00,7980.0,7980.0,7730.0,7820.0,59201,0.0,0.0
2016-04-22 00:00:00+09:00,7900.0,7900.0,7780.0,7780.0,20499,0.0,0.0
2016-04-25 00:00:00+09:00,7780.0,7870.0,7720.0,7840.0,26623,0.0,0.0
2016-04-26 00:00:00+09:00,7840.0,7840.0,7730.0,7760.0,19099,0.0,0.0
2016-04-27 00:00:00+09:00,7730.0,7830.0,7640.0,7760.0,22617,0.0,0.0
2016-04-28 00:00:00+09:00,7760.0,7810.0,7610.0,7680.0,21779,0.0,0.0
2016-04-29 00:00:00+09:00,7680.0,7840.0,7610.0,7640.0,18825,0.0,0.0
2016-05-02 00:00:00+09:00,7580.0,7660.0,7500.0,7570.0,20953,0.0,0.0
2016-05-03 00:00:00+09:00,7500.0,7590.0,7440.0,7490.0,27116,0.0,0.0
2016-05-04 00:00:00+09:00,7420.0,7630.0,7390.0,7460.0,21936,0.0,0.0
2016-05-09 00:00:00+09:00,7410.0,7410.0,7100.0,7200.0,33745,0.0,0.0
2016-05-10 00:00:00+09:00,7150.0,7240.0,7140.0,7200.0,8585,0.0,0.0
2016-05-11 00:00:00+09:00,7210.0,7350.0,7150.0,7330.0,19578,0.0,0.0
2016-05-12 00:00:00+09:00,7240.0,7600.0,7240.0,7410.0,19310,0.0,0.0
2016-05-13 00:00:00+09:00,7490.0,7550.0,7300.0,7450.0,11667,0.0,0.0
2016-05-16 00:00:00+09:00,7550.0,7550.0,7320.0,7320.0,7484,0.0,0.0
2016-05-17 00:00:00+09:00,7100.0,7200.0,6800.0,7040.0,42308,0.0,0.0
2016-05-18 00:00:00+09:00,6910.0,7150.0,6890.0,6960.0,20543,0.0,0.0
2016-05-19 00:00:00+09:00,6960.0,7150.0,6810.0,6960.0,13935,0.0,0.0
2016-05-20 00:00:00+09:00,6960.0,7030.0,6810.0,7000.0,16953,0.0,0.0
2016-05-23 00:00:00+09:00,7080.0,7090.0,6850.0,6910.0,10703,0.0,0.0
2016-05-24 00:00:00+09:00,6960.0,6960.0,6800.0,6820.0,9962,0.0,0.0
2016-05-25 00:00:00+09:00,6800.0,7250.0,6800.0,6960.0,15518,0.0,0.0
2016-05-26 00:00:00+09:00,6960.0,6960.0,6810.0,6820.0,9842,0.0,0.0
2016-05-27 00:00:00+09:00,6870.0,7000.0,6700.0,6850.0,10838,0.0,0.0
2016-05-30 00:00:00+09:00,6830.0,6890.0,6710.0,6780.0,13447,0.0,0.0
2016-05-31 00:00:00+09:00,6560.0,6780.0,6560.0,6670.0,20596,0.0,0.0
2016-06-01 00:00:00+09:00,6900.0,6900.0,6660.0,6800.0,10143,0.0,0.0
2016-06-02 00:00:00+09:00,6860.0,6860.0,6720.0,6850.0,7255,0.0,0.0
2016-06-03 00:00:00+09:00,6900.0,6900.0,6760.0,6790.0,10953,0.0,0.0
2016-06-07 00:00:00+09:00,6780.0,6800.0,6680.0,6740.0,20496,0.0,0.0
2016-06-08 00:00:00+09:00,6800.0,6810.0,6730.0,6730.0,9840,0.0,0.0
2016-06-09 00:00:00+09:00,6830.0,6830.0,6690.0,6740.0,6813,0.0,0.0
2016-06-10 00:00:00+09:00,6790.0,7190.0,6770.0,6990.0,34888,0.0,0.0
2016-06-13 00:00:00+09:00,6990.0,7170.0,6860.0,7160.0,21366,0.0,0.0
2016-06-14 00:00:00+09:00,7180.0,7250.0,7010.0,7010.0,20533,0.0,0.0
2016-06-15 00:00:00+09:00,7160.0,7200.0,6980.0,6980.0,27555,0.0,0.0
2016-06-16 00:00:00+09:00,6980.0,7200.0,6870.0,7000.0,18900,0.0,0.0
2016-06-17 00:00:00+09:00,6790.0,7010.0,6790.0,6950.0,8137,0.0,0.0
2016-06-20 00:00:00+09:00,7080.0,7080.0,6890.0,6920.0,10659,0.0,0.0
2016-06-21 00:00:00+09:00,6900.0,7160.0,6900.0,6930.0,12017,0.0,0.0
2016-06-22 00:00:00+09:00,6990.0,7130.0,6900.0,7030.0,10714,0.0,0.0
2016-06-23 00:00:00+09:00,7030.0,7030.0,6910.0,6960.0,7831,0.0,0.0
2016-06-24 00:00:00+09:00,6990.0,7180.0,6500.0,6610.0,39572,0.0,0.0
2016-06-27 00:00:00+09:00,6060.0,6570.0,6060.0,6490.0,31928,0.0,0.0
2016-06-28 00:00:00+09:00,6470.0,6600.0,6150.0,6460.0,10228,0.0,0.0
2016-06-29 00:00:00+09:00,6650.0,6650.0,6460.0,6530.0,4595,0.0,0.0
2016-06-30 00:00:00+09:00,6540.0,6750.0,6540.0,6700.0,6583,0.0,0.0
2016-07-01 00:00:00+09:00,6700.0,7260.0,6700.0,7120.0,30925,0.0,0.0
2016-07-04 00:00:00+09:00,6900.0,7120.0,6900.0,7060.0,6658,0.0,0.0
2016-07-05 00:00:00+09:00,7060.0,7200.0,7010.0,7120.0,5984,0.0,0.0
2016-07-06 00:00:00+09:00,7100.0,7190.0,6880.0,7110.0,9671,0.0,0.0
2016-07-07 00:00:00+09:00,7140.0,7150.0,7000.0,7100.0,8094,0.0,0.0
2016-07-08 00:00:00+09:00,7150.0,7180.0,7000.0,7040.0,7435,0.0,0.0
2016-07-11 00:00:00+09:00,7010.0,7100.0,6950.0,7010.0,4824,0.0,0.0
2016-07-12 00:00:00+09:00,6900.0,7250.0,6900.0,7070.0,14620,0.0,0.0
2016-07-13 00:00:00+09:00,6930.0,7100.0,6930.0,7100.0,2433,0.0,0.0
2016-07-14 00:00:00+09:00,7010.0,7200.0,7010.0,7100.0,9844,0.0,0.0
2016-07-15 00:00:00+09:00,7120.0,7160.0,7000.0,7060.0,8354,0.0,0.0
2016-07-18 00:00:00+09:00,7140.0,7140.0,6980.0,7070.0,7205,0.0,0.0
2016-07-19 00:00:00+09:00,7050.0,7100.0,7000.0,7000.0,6282,0.0,0.0
2016-07-20 00:00:00+09:00,6930.0,7000.0,6920.0,6990.0,5443,0.0,0.0
2016-07-21 00:00:00+09:00,6900.0,6990.0,6880.0,6930.0,11131,0.0,0.0
2016-07-22 00:00:00+09:00,6980.0,6980.0,6880.0,6920.0,5943,0.0,0.0
2016-07-25 00:00:00+09:00,6920.0,6920.0,6780.0,6840.0,11559,0.0,0.0
2016-07-26 00:00:00+09:00,6840.0,8420.0,6840.0,7000.0,1070759,0.0,0.0
2016-07-27 00:00:00+09:00,7140.0,7170.0,7010.0,7060.0,63063,0.0,0.0
2016-07-28 00:00:00+09:00,7110.0,7170.0,6960.0,7120.0,61184,0.0,0.0
2016-07-29 00:00:00+09:00,7450.0,8340.0,7170.0,7190.0,636628,0.0,0.0
2016-08-01 00:00:00+09:00,7240.0,7390.0,7100.0,7220.0,72709,0.0,0.0
2016-08-02 00:00:00+09:00,7450.0,7450.0,7190.0,7280.0,82433,0.0,0.0
2016-08-03 00:00:00+09:00,7450.0,8270.0,7390.0,7560.0,744552,0.0,0.0
2016-08-04 00:00:00+09:00,7560.0,7720.0,7450.0,7550.0,153798,0.0,0.0
2016-08-05 00:00:00+09:00,7540.0,7700.0,7440.0,7620.0,72377,0.0,0.0
2016-08-08 00:00:00+09:00,7630.0,7900.0,7440.0,7560.0,79017,0.0,0.0
2016-08-09 00:00:00+09:00,7510.0,7800.0,7360.0,7410.0,55102,0.0,0.0
2016-08-10 00:00:00+09:00,7430.0,7440.0,7200.0,7420.0,79929,0.0,0.0
2016-08-11 00:00:00+09:00,8010.0,8240.0,7510.0,7510.0,372440,0.0,0.0
2016-08-12 00:00:00+09:00,7540.0,7550.0,7350.0,7550.0,35966,0.0,0.0
2016-08-16 00:00:00+09:00,7550.0,7550.0,7350.0,7440.0,36120,0.0,0.0
2016-08-17 00:00:00+09:00,7350.0,7460.0,7270.0,7330.0,33965,0.0,0.0
2016-08-18 00:00:00+09:00,7340.0,7480.0,7280.0,7480.0,45364,0.0,0.0
2016-08-19 00:00:00+09:00,7540.0,7640.0,7440.0,7530.0,42608,0.0,0.0
2016-08-22 00:00:00+09:00,7530.0,7950.0,7510.0,7950.0,266242,0.0,0.0
2016-08-23 00:00:00+09:00,7960.0,7970.0,7730.0,7740.0,82667,0.0,0.0
2016-08-24 00:00:00+09:00,7720.0,7870.0,7610.0,7710.0,46346,0.0,0.0
2016-08-25 00:00:00+09:00,7730.0,8050.0,7690.0,7700.0,79313,0.0,0.0
2016-08-26 00:00:00+09:00,7710.0,7780.0,7530.0,7610.0,32378,0.0,0.0
2016-08-29 00:00:00+09:00,7610.0,7680.0,7280.0,7480.0,44296,0.0,0.0
2016-08-30 00:00:00+09:00,7410.0,7570.0,7240.0,7270.0,53633,0.0,0.0
2016-08-31 00:00:00+09:00,7270.0,7360.0,7020.0,7070.0,25140,0.0,0.0
2016-09-01 00:00:00+09:00,7000.0,7320.0,7000.0,7170.0,40229,0.0,0.0
2016-09-02 00:00:00+09:00,7120.0,7680.0,7120.0,7280.0,122413,0.0,0.0
2016-09-05 00:00:00+09:00,7250.0,7400.0,7250.0,7280.0,9738,0.0,0.0
2016-09-06 00:00:00+09:00,7280.0,7380.0,7230.0,7250.0,20223,0.0,0.0
2016-09-07 00:00:00+09:00,7230.0,7350.0,7010.0,7040.0,30636,0.0,0.0
2016-09-08 00:00:00+09:00,6880.0,7170.0,6770.0,6870.0,37772,0.0,0.0
2016-09-09 00:00:00+09:00,6990.0,6990.0,6840.0,6880.0,12082,0.0,0.0
2016-09-12 00:00:00+09:00,6720.0,6880.0,6680.0,6780.0,19221,0.0,0.0
2016-09-13 00:00:00+09:00,6770.0,6930.0,6730.0,6810.0,18771,0.0,0.0
2016-09-19 00:00:00+09:00,6830.0,6980.0,6730.0,6790.0,14924,0.0,0.0
2016-09-20 00:00:00+09:00,6800.0,6800.0,6600.0,6720.0,20366,0.0,0.0
2016-09-21 00:00:00+09:00,6720.0,6820.0,6650.0,6800.0,20521,0.0,0.0
2016-09-22 00:00:00+09:00,6900.0,6900.0,6720.0,6810.0,16694,0.0,0.0
2016-09-23 00:00:00+09:00,6890.0,6890.0,6750.0,6790.0,12603,0.0,0.0
2016-09-26 00:00:00+09:00,6790.0,6850.0,6740.0,6770.0,8103,0.0,0.0
2016-09-27 00:00:00+09:00,6710.0,6800.0,6690.0,6800.0,18144,0.0,0.0
2016-09-28 00:00:00+09:00,6800.0,6940.0,6730.0,6730.0,16052,0.0,0.0
2016-09-29 00:00:00+09:00,6750.0,6900.0,6750.0,6780.0,9447,0.0,0.0
2016-09-30 00:00:00+09:00,6700.0,6840.0,6700.0,6750.0,5463,0.0,0.0
2016-10-04 00:00:00+09:00,6750.0,6890.0,6720.0,6770.0,6899,0.0,0.0
2016-10-05 00:00:00+09:00,6760.0,6890.0,6760.0,6850.0,11162,0.0,0.0
2016-10-06 00:00:00+09:00,6860.0,6900.0,6780.0,6870.0,10674,0.0,0.0
2016-10-07 00:00:00+09:00,6890.0,6890.0,6780.0,6850.0,9137,0.0,0.0
2016-10-10 00:00:00+09:00,6850.0,6850.0,6700.0,6810.0,16615,0.0,0.0
2016-10-11 00:00:00+09:00,6800.0,6980.0,6770.0,6790.0,7572,0.0,0.0
2016-10-12 00:00:00+09:00,6790.0,6920.0,6680.0,6870.0,8716,0.0,0.0
2016-10-13 00:00:00+09:00,6880.0,6910.0,6800.0,6840.0,26020,0.0,0.0
2016-10-14 00:00:00+09:00,6850.0,7500.0,6830.0,7060.0,79694,0.0,0.0
2016-10-17 00:00:00+09:00,7150.0,7150.0,6910.0,7060.0,20924,0.0,0.0
2016-10-18 00:00:00+09:00,7060.0,7060.0,6920.0,7050.0,17063,0.0,0.0
2016-10-19 00:00:00+09:00,7050.0,7070.0,6910.0,7000.0,22472,0.0,0.0
2016-10-20 00:00:00+09:00,6920.0,7020.0,6910.0,6950.0,12010,0.0,0.0
2016-10-21 00:00:00+09:00,6880.0,7070.0,6870.0,7010.0,8768,0.0,0.0
2016-10-24 00:00:00+09:00,7190.0,7190.0,6950.0,6980.0,25085,0.0,0.0
2016-10-25 00:00:00+09:00,6980.0,7170.0,6920.0,7170.0,16185,0.0,0.0
2016-10-26 00:00:00+09:00,7100.0,7200.0,7000.0,7130.0,17852,0.0,0.0
2016-10-27 00:00:00+09:00,7190.0,7190.0,6990.0,7030.0,11709,0.0,0.0
2016-10-28 00:00:00+09:00,7080.0,7080.0,6890.0,6990.0,20028,0.0,0.0
2016-10-31 00:00:00+09:00,6900.0,6990.0,6550.0,6700.0,32420,0.0,0.0
2016-11-01 00:00:00+09:00,6670.0,6980.0,6670.0,6800.0,21735,0.0,0.0
2016-11-02 00:00:00+09:00,6810.0,6950.0,6580.0,6610.0,13102,0.0,0.0
2016-11-03 00:00:00+09:00,6320.0,6680.0,6320.0,6660.0,19633,0.0,0.0
2016-11-04 00:00:00+09:00,6650.0,6780.0,6540.0,6760.0,8406,0.0,0.0
2016-11-07 00:00:00+09:00,6700.0,6850.0,6700.0,6830.0,7615,0.0,0.0
2016-11-08 00:00:00+09:00,6760.0,6850.0,6750.0,6850.0,6302,0.0,0.0
2016-11-09 00:00:00+09:00,6900.0,6910.0,6250.0,6600.0,27115,0.0,0.0
2016-11-10 00:00:00+09:00,6460.0,6940.0,6460.0,6930.0,13702,0.0,0.0
2016-11-11 00:00:00+09:00,6920.0,6920.0,6800.0,6800.0,6187,0.0,0.0
2016-11-14 00:00:00+09:00,6680.0,6930.0,6680.0,6900.0,10353,0.0,0.0
2016-11-15 00:00:00+09:00,6830.0,6900.0,6650.0,6770.0,13307,0.0,0.0
2016-11-16 00:00:00+09:00,6770.0,6850.0,6730.0,6730.0,8447,0.0,0.0
2016-11-17 00:00:00+09:00,6790.0,6790.0,6600.0,6670.0,13354,0.0,0.0
2016-11-18 00:00:00+09:00,6670.0,6670.0,6470.0,6600.0,12458,0.0,0.0
2016-11-21 00:00:00+09:00,6600.0,6630.0,6440.0,6510.0,7924,0.0,0.0
2016-11-22 00:00:00+09:00,6370.0,6530.0,6370.0,6500.0,7004,0.0,0.0
2016-11-23 00:00:00+09:00,6500.0,6500.0,6400.0,6400.0,5004,0.0,0.0
2016-11-24 00:00:00+09:00,6400.0,6600.0,6210.0,6410.0,21749,0.0,0.0
2016-11-25 00:00:00+09:00,6280.0,6410.0,6280.0,6360.0,3306,0.0,0.0
2016-11-28 00:00:00+09:00,6360.0,6400.0,6310.0,6400.0,2750,0.0,0.0
2016-11-29 00:00:00+09:00,6400.0,6410.0,6290.0,6410.0,6915,0.0,0.0
2016-11-30 00:00:00+09:00,6430.0,6440.0,6300.0,6390.0,2606,0.0,0.0
2016-12-01 00:00:00+09:00,6390.0,6390.0,6100.0,6100.0,15891,0.0,0.0
2016-12-02 00:00:00+09:00,6030.0,6350.0,6030.0,6270.0,8819,0.0,0.0
2016-12-05 00:00:00+09:00,6160.0,6290.0,6120.0,6230.0,9693,0.0,0.0
2016-12-06 00:00:00+09:00,6170.0,6820.0,6170.0,6280.0,58137,0.0,0.0
2016-12-07 00:00:00+09:00,6290.0,6300.0,6200.0,6260.0,5365,0.0,0.0
2016-12-08 00:00:00+09:00,5970.0,6270.0,5970.0,6260.0,13000,0.0,0.0
2016-12-09 00:00:00+09:00,6250.0,6280.0,6190.0,6260.0,6984,0.0,0.0
2016-12-12 00:00:00+09:00,6260.0,6260.0,6200.0,6260.0,2166,0.0,0.0
2016-12-13 00:00:00+09:00,6250.0,6260.0,6190.0,6260.0,7729,0.0,0.0
2016-12-14 00:00:00+09:00,6250.0,6260.0,6210.0,6260.0,2526,0.0,0.0
2016-12-15 00:00:00+09:00,6260.0,6280.0,6210.0,6250.0,7789,0.0,0.0
2016-12-16 00:00:00+09:00,6250.0,6340.0,6210.0,6340.0,8011,0.0,0.0
2016-12-19 00:00:00+09:00,6330.0,6360.0,6280.0,6300.0,6990,0.0,0.0
2016-12-20 00:00:00+09:00,6310.0,6340.0,6250.0,6250.0,9483,0.0,0.0
2016-12-21 00:00:00+09:00,6250.0,6260.0,6130.0,6200.0,6243,0.0,0.0
2016-12-22 00:00:00+09:00,6210.0,6210.0,6080.0,6100.0,9641,0.0,0.0
2016-12-23 00:00:00+09:00,6100.0,6250.0,6100.0,6250.0,5256,0.0,0.0
2016-12-26 00:00:00+09:00,6230.0,6260.0,6150.0,6220.0,4839,0.0,0.0
2016-12-27 00:00:00+09:00,6210.0,6210.0,6090.0,6190.0,9032,0.0,0.0
2016-12-28 00:00:00+09:00,6180.0,6180.0,6100.0,6170.0,5369,0.0,0.0
2016-12-29 00:00:00+09:00,6150.0,6160.0,6080.0,6150.0,11765,0.0,0.0
2017-01-02 00:00:00+09:00,6150.0,6150.0,5990.0,6040.0,5675,0.0,0.0
2017-01-03 00:00:00+09:00,6040.0,6110.0,6000.0,6090.0,2972,0.0,0.0
2017-01-04 00:00:00+09:00,6090.0,6120.0,6000.0,6080.0,4721,0.0,0.0
2017-01-05 00:00:00+09:00,6080.0,6180.0,6040.0,6180.0,5180,0.0,0.0
2017-01-06 00:00:00+09:00,6180.0,6330.0,6160.0,6270.0,4406,0.0,0.0
2017-01-09 00:00:00+09:00,6280.0,6340.0,6240.0,6310.0,5556,0.0,0.0
2017-01-10 00:00:00+09:00,6300.0,6300.0,6010.0,6240.0,5406,0.0,0.0
2017-01-11 00:00:00+09:00,6530.0,6530.0,6200.0,6290.0,22391,0.0,0.0
2017-01-12 00:00:00+09:00,6300.0,6350.0,6170.0,6240.0,8508,0.0,0.0
2017-01-13 00:00:00+09:00,6240.0,6340.0,6170.0,6240.0,8737,0.0,0.0
2017-01-16 00:00:00+09:00,6320.0,6340.0,6160.0,6190.0,5565,0.0,0.0
2017-01-17 00:00:00+09:00,6120.0,6250.0,6120.0,6150.0,6727,0.0,0.0
2017-01-18 00:00:00+09:00,6150.0,6230.0,6060.0,6060.0,6210,0.0,0.0
2017-01-19 00:00:00+09:00,6070.0,6240.0,6050.0,6170.0,6172,0.0,0.0
2017-01-20 00:00:00+09:00,6170.0,6170.0,6060.0,6070.0,3171,0.0,0.0
2017-01-23 00:00:00+09:00,6010.0,6070.0,6000.0,6000.0,8180,0.0,0.0
2017-01-24 00:00:00+09:00,5960.0,6030.0,5920.0,6030.0,7011,0.0,0.0
2017-01-25 00:00:00+09:00,6030.0,6030.0,5960.0,6000.0,2326,0.0,0.0
2017-01-26 00:00:00+09:00,6000.0,6040.0,5940.0,6000.0,4408,0.0,0.0
2017-01-31 00:00:00+09:00,5870.0,6110.0,5870.0,6030.0,4297,0.0,0.0
2017-02-01 00:00:00+09:00,6020.0,6040.0,5950.0,5950.0,5437,0.0,0.0
2017-02-02 00:00:00+09:00,5950.0,5950.0,5750.0,5790.0,16269,0.0,0.0
2017-02-03 00:00:00+09:00,5790.0,5800.0,5670.0,5800.0,6903,0.0,0.0
2017-02-06 00:00:00+09:00,5790.0,5790.0,5650.0,5720.0,2063,0.0,0.0
2017-02-07 00:00:00+09:00,5720.0,5800.0,5670.0,5750.0,5653,0.0,0.0
2017-02-08 00:00:00+09:00,5750.0,5800.0,5620.0,5650.0,4949,0.0,0.0
2017-02-09 00:00:00+09:00,5640.0,5820.0,5600.0,5750.0,4388,0.0,0.0
2017-02-10 00:00:00+09:00,5750.0,5820.0,5730.0,5820.0,3196,0.0,0.0
2017-02-13 00:00:00+09:00,5750.0,6900.0,5750.0,6400.0,316483,0.0,0.0
2017-02-14 00:00:00+09:00,6500.0,6790.0,6240.0,6340.0,130642,0.0,0.0
2017-02-15 00:00:00+09:00,6280.0,6290.0,6110.0,6110.0,62595,0.0,0.0
2017-02-16 00:00:00+09:00,5840.0,5850.0,5600.0,5600.0,89220,0.0,0.0
2017-02-17 00:00:00+09:00,5600.0,5630.0,5500.0,5500.0,30827,0.0,0.0
2017-02-20 00:00:00+09:00,5450.0,5570.0,5450.0,5500.0,12506,0.0,0.0
2017-02-21 00:00:00+09:00,5680.0,5680.0,5440.0,5440.0,11381,0.0,0.0
2017-02-22 00:00:00+09:00,5440.0,5550.0,5390.0,5400.0,17397,0.0,0.0
2017-02-23 00:00:00+09:00,5400.0,5470.0,5390.0,5450.0,14672,0.0,0.0
2017-02-24 00:00:00+09:00,5460.0,5470.0,5370.0,5420.0,7450,0.0,0.0
2017-02-27 00:00:00+09:00,5430.0,5450.0,5370.0,5420.0,11795,0.0,0.0
2017-02-28 00:00:00+09:00,5390.0,5430.0,5320.0,5370.0,8141,0.0,0.0
2017-03-02 00:00:00+09:00,5310.0,5390.0,5300.0,5350.0,11537,0.0,0.0
2017-03-03 00:00:00+09:00,5300.0,5350.0,5210.0,5260.0,7444,0.0,0.0
2017-03-06 00:00:00+09:00,5250.0,5250.0,5100.0,5210.0,7231,0.0,0.0
2017-03-07 00:00:00+09:00,5210.0,5300.0,5210.0,5260.0,4524,0.0,0.0
2017-03-08 00:00:00+09:00,5260.0,5320.0,5240.0,5310.0,4461,0.0,0.0
2017-03-09 00:00:00+09:00,5380.0,5380.0,5280.0,5310.0,1485,0.0,0.0
2017-03-10 00:00:00+09:00,5240.0,5310.0,5200.0,5310.0,3208,0.0,0.0
2017-03-13 00:00:00+09:00,5300.0,5300.0,5180.0,5220.0,8802,0.0,0.0
2017-03-14 00:00:00+09:00,5220.0,5350.0,5170.0,5200.0,11248,0.0,0.0
2017-03-15 00:00:00+09:00,5190.0,5240.0,5120.0,5190.0,14783,0.0,0.0
2017-03-16 00:00:00+09:00,5190.0,5340.0,5180.0,5290.0,16735,0.0,0.0
2017-03-17 00:00:00+09:00,5300.0,5340.0,5210.0,5280.0,10659,0.0,0.0
2017-03-20 00:00:00+09:00,5300.0,5300.0,5200.0,5250.0,5093,0.0,0.0
2017-03-21 00:00:00+09:00,5300.0,5300.0,5190.0,5210.0,9098,0.0,0.0
2017-03-22 00:00:00+09:00,5210.0,5270.0,5050.0,5180.0,26999,0.0,0.0
2017-03-23 00:00:00+09:00,5180.0,5180.0,5050.0,5100.0,27287,0.0,0.0
2017-03-24 00:00:00+09:00,5100.0,5110.0,5000.0,5040.0,14067,0.0,0.0
2017-03-27 00:00:00+09:00,5040.0,5180.0,5000.0,5050.0,12355,0.0,0.0
2017-03-28 00:00:00+09:00,5050.0,5070.0,4980.0,4980.0,16195,0.0,0.0
2017-03-29 00:00:00+09:00,4970.0,5000.0,4840.0,4965.0,59628,0.0,0.0
2017-03-30 00:00:00+09:00,4960.0,4960.0,4800.0,4820.0,28309,0.0,0.0
2017-03-31 00:00:00+09:00,4875.0,4875.0,4790.0,4825.0,22190,0.0,0.0
2017-04-03 00:00:00+09:00,4825.0,4830.0,4680.0,4745.0,59747,0.0,0.0
2017-04-04 00:00:00+09:00,4745.0,4790.0,4700.0,4755.0,18890,0.0,0.0
2017-04-05 00:00:00+09:00,4755.0,4945.0,4735.0,4915.0,41496,0.0,0.0
2017-04-06 00:00:00+09:00,4985.0,5320.0,4950.0,5200.0,109817,0.0,0.0
2017-04-07 00:00:00+09:00,5320.0,5350.0,5010.0,5100.0,26875,0.0,0.0
2017-04-10 00:00:00+09:00,5000.0,5110.0,4975.0,5020.0,14892,0.0,0.0
2017-04-11 00:00:00+09:00,5020.0,5200.0,4940.0,4950.0,12286,0.0,0.0
2017-04-12 00:00:00+09:00,5060.0,5060.0,4925.0,4950.0,12567,0.0,0.0
2017-04-13 00:00:00+09:00,4950.0,4965.0,4920.0,4960.0,3192,0.0,0.0
2017-04-14 00:00:00+09:00,4965.0,4995.0,4845.0,4845.0,15445,0.0,0.0
2017-04-17 00:00:00+09:00,4900.0,4955.0,4860.0,4920.0,11087,0.0,0.0
2017-04-18 00:00:00+09:00,4880.0,5000.0,4880.0,4910.0,15568,0.0,0.0
2017-04-19 00:00:00+09:00,4910.0,5030.0,4910.0,4970.0,15047,0.0,0.0
2017-04-20 00:00:00+09:00,4950.0,4995.0,4950.0,4995.0,9284,0.0,0.0
2017-04-21 00:00:00+09:00,4995.0,5040.0,4955.0,5000.0,4697,0.0,0.0
2017-04-24 00:00:00+09:00,5030.0,5050.0,4945.0,5050.0,11076,0.0,0.0
2017-04-25 00:00:00+09:00,5050.0,5080.0,4990.0,5040.0,9069,0.0,0.0
2017-04-26 00:00:00+09:00,5040.0,5070.0,5000.0,5030.0,6113,0.0,0.0
2017-04-27 00:00:00+09:00,5020.0,5070.0,4990.0,5040.0,2703,0.0,0.0
2017-04-28 00:00:00+09:00,5050.0,5050.0,4900.0,4970.0,9504,0.0,0.0
2017-05-02 00:00:00+09:00,4970.0,5000.0,4895.0,4970.0,4746,0.0,0.0
2017-05-04 00:00:00+09:00,4970.0,5050.0,4950.0,5000.0,1760,0.0,0.0
2017-05-08 00:00:00+09:00,4935.0,5050.0,4935.0,4955.0,4481,0.0,0.0
2017-05-10 00:00:00+09:00,4915.0,5000.0,4915.0,4990.0,4629,0.0,0.0
2017-05-11 00:00:00+09:00,4995.0,4995.0,4930.0,4985.0,4137,0.0,0.0
2017-05-12 00:00:00+09:00,4985.0,4985.0,4910.0,4915.0,7556,0.0,0.0
2017-05-15 00:00:00+09:00,5860.0,6010.0,4915.0,5010.0,625981,0.0,0.0
2017-05-16 00:00:00+09:00,5010.0,5030.0,4795.0,4900.0,79178,0.0,0.0
2017-05-17 00:00:00+09:00,4815.0,4865.0,4755.0,4800.0,29948,0.0,0.0
2017-05-18 00:00:00+09:00,4700.0,4820.0,4700.0,4800.0,24038,0.0,0.0
2017-05-19 00:00:00+09:00,4800.0,4800.0,4700.0,4780.0,11214,0.0,0.0
2017-05-22 00:00:00+09:00,4830.0,4840.0,4735.0,4780.0,8699,0.0,0.0
2017-05-23 00:00:00+09:00,4700.0,4805.0,4700.0,4795.0,17790,0.0,0.0
2017-05-24 00:00:00+09:00,4750.0,4800.0,4750.0,4790.0,9005,0.0,0.0
2017-05-25 00:00:00+09:00,4800.0,4810.0,4755.0,4790.0,6168,0.0,0.0
2017-05-26 00:00:00+09:00,4815.0,4825.0,4770.0,4810.0,10484,0.0,0.0
2017-05-29 00:00:00+09:00,4810.0,4810.0,4720.0,4740.0,10186,0.0,0.0
2017-05-30 00:00:00+09:00,4740.0,4785.0,4695.0,4775.0,6433,0.0,0.0
2017-05-31 00:00:00+09:00,4775.0,4780.0,4715.0,4775.0,2469,0.0,0.0
2017-06-01 00:00:00+09:00,4765.0,4845.0,4735.0,4815.0,17512,0.0,0.0
2017-06-02 00:00:00+09:00,4810.0,4830.0,4750.0,4790.0,15980,0.0,0.0
2017-06-05 00:00:00+09:00,4760.0,4840.0,4740.0,4830.0,8193,0.0,0.0
2017-06-07 00:00:00+09:00,4825.0,4855.0,4825.0,4840.0,9140,0.0,0.0
2017-06-08 00:00:00+09:00,4800.0,4870.0,4800.0,4850.0,10667,0.0,0.0
2017-06-09 00:00:00+09:00,4860.0,4925.0,4830.0,4860.0,8809,0.0,0.0
2017-06-12 00:00:00+09:00,4860.0,4885.0,4840.0,4875.0,16904,0.0,0.0
2017-06-13 00:00:00+09:00,4860.0,4905.0,4845.0,4875.0,11543,0.0,0.0
2017-06-14 00:00:00+09:00,4850.0,4895.0,4845.0,4870.0,6766,0.0,0.0
2017-06-15 00:00:00+09:00,4865.0,4890.0,4795.0,4880.0,33190,0.0,0.0
2017-06-16 00:00:00+09:00,4895.0,4975.0,4850.0,4880.0,8077,0.0,0.0
2017-06-19 00:00:00+09:00,4900.0,4900.0,4845.0,4865.0,16562,0.0,0.0
2017-06-20 00:00:00+09:00,4840.0,4860.0,4765.0,4780.0,12226,0.0,0.0
2017-06-21 00:00:00+09:00,4780.0,4795.0,4750.0,4750.0,3763,0.0,0.0
2017-06-22 00:00:00+09:00,4750.0,4795.0,4650.0,4750.0,9961,0.0,0.0
2017-06-23 00:00:00+09:00,4750.0,5040.0,4750.0,4815.0,5298,0.0,0.0
2017-06-26 00:00:00+09:00,4915.0,4915.0,4765.0,4790.0,5414,0.0,0.0
2017-06-27 00:00:00+09:00,4795.0,4835.0,4755.0,4755.0,1593,0.0,0.0
2017-06-28 00:00:00+09:00,4900.0,4900.0,4735.0,4770.0,37171,0.0,0.0
2017-06-29 00:00:00+09:00,4780.0,4850.0,4765.0,4805.0,9118,0.0,0.0
2017-06-30 00:00:00+09:00,4870.0,4870.0,4705.0,4765.0,7360,0.0,0.0
2017-07-03 00:00:00+09:00,4760.0,4780.0,4685.0,4715.0,10792,0.0,0.0
2017-07-04 00:00:00+09:00,4715.0,4715.0,4680.0,4690.0,4414,0.0,0.0
2017-07-05 00:00:00+09:00,4650.0,4710.0,4650.0,4695.0,1398,0.0,0.0
2017-07-06 00:00:00+09:00,4695.0,4745.0,4685.0,4730.0,2249,0.0,0.0
2017-07-07 00:00:00+09:00,4750.0,4750.0,4605.0,4670.0,5354,0.0,0.0
2017-07-10 00:00:00+09:00,4670.0,4705.0,4620.0,4700.0,1855,0.0,0.0
2017-07-11 00:00:00+09:00,4695.0,4695.0,4600.0,4625.0,2101,0.0,0.0
2017-07-12 00:00:00+09:00,4540.0,4620.0,4540.0,4550.0,8228,0.0,0.0
2017-07-13 00:00:00+09:00,4515.0,4615.0,4515.0,4560.0,2471,0.0,0.0
2017-07-14 00:00:00+09:00,4560.0,4585.0,4520.0,4570.0,6481,0.0,0.0
2017-07-17 00:00:00+09:00,4570.0,4595.0,4515.0,4540.0,2392,0.0,0.0
2017-07-18 00:00:00+09:00,4540.0,4555.0,4510.0,4540.0,2093,0.0,0.0
2017-07-19 00:00:00+09:00,4535.0,4595.0,4510.0,4550.0,3446,0.0,0.0
2017-07-20 00:00:00+09:00,4550.0,4610.0,4540.0,4600.0,7100,0.0,0.0
2017-07-21 00:00:00+09:00,4605.0,4630.0,4590.0,4610.0,931,0.0,0.0
2017-07-24 00:00:00+09:00,4610.0,4640.0,4600.0,4620.0,1501,0.0,0.0
2017-07-25 00:00:00+09:00,4560.0,4630.0,4485.0,4505.0,20284,0.0,0.0
2017-07-26 00:00:00+09:00,4490.0,4505.0,4460.0,4495.0,4883,0.0,0.0
2017-07-27 00:00:00+09:00,4495.0,4510.0,4270.0,4470.0,3516,0.0,0.0
2017-07-28 00:00:00+09:00,4470.0,4470.0,4315.0,4470.0,5088,0.0,0.0
2017-07-31 00:00:00+09:00,4470.0,4510.0,4430.0,4480.0,3563,0.0,0.0
2017-08-01 00:00:00+09:00,4400.0,4455.0,4285.0,4395.0,7933,0.0,0.0
2017-08-02 00:00:00+09:00,4405.0,4410.0,4300.0,4365.0,8955,0.0,0.0
2017-08-03 00:00:00+09:00,4345.0,4365.0,3995.0,4140.0,44113,0.0,0.0
2017-08-04 00:00:00+09:00,4150.0,4150.0,3985.0,4140.0,34232,0.0,0.0
2017-08-07 00:00:00+09:00,4140.0,4140.0,4025.0,4140.0,5031,0.0,0.0
2017-08-08 00:00:00+09:00,4140.0,4265.0,4080.0,4110.0,7002,0.0,0.0
2017-08-09 00:00:00+09:00,4050.0,4100.0,3845.0,3990.0,26415,0.0,0.0
2017-08-10 00:00:00+09:00,3985.0,4100.0,3905.0,4030.0,13659,0.0,0.0
2017-08-11 00:00:00+09:00,4020.0,4070.0,4000.0,4055.0,3817,0.0,0.0
2017-08-14 00:00:00+09:00,4050.0,4100.0,4015.0,4085.0,1581,0.0,0.0
2017-08-16 00:00:00+09:00,4050.0,4110.0,4050.0,4085.0,997,0.0,0.0
2017-08-17 00:00:00+09:00,4085.0,4430.0,4085.0,4150.0,19252,0.0,0.0
2017-08-18 00:00:00+09:00,4285.0,4300.0,4150.0,4295.0,11195,0.0,0.0
2017-08-21 00:00:00+09:00,4295.0,4340.0,4250.0,4290.0,2443,0.0,0.0
2017-08-22 00:00:00+09:00,4295.0,4330.0,4200.0,4200.0,13744,0.0,0.0
2017-08-23 00:00:00+09:00,4280.0,4310.0,3875.0,4020.0,16974,0.0,0.0
2017-08-24 00:00:00+09:00,4020.0,4800.0,4015.0,4145.0,75612,0.0,0.0
2017-08-25 00:00:00+09:00,4150.0,4180.0,4100.0,4150.0,4726,0.0,0.0
2017-08-28 00:00:00+09:00,4155.0,4195.0,4020.0,4190.0,1971,0.0,0.0
2017-08-29 00:00:00+09:00,4190.0,4190.0,3910.0,4080.0,9773,0.0,0.0
2017-08-30 00:00:00+09:00,4080.0,4095.0,4020.0,4075.0,2970,0.0,0.0
2017-08-31 00:00:00+09:00,4075.0,4100.0,3985.0,4100.0,4398,0.0,0.0
2017-09-01 00:00:00+09:00,4050.0,4150.0,4025.0,4150.0,6978,0.0,0.0
2017-09-04 00:00:00+09:00,4100.0,4265.0,4080.0,4165.0,2351,0.0,0.0
2017-09-05 00:00:00+09:00,4165.0,4185.0,4040.0,4155.0,2550,0.0,0.0
2017-09-06 00:00:00+09:00,4145.0,4145.0,4005.0,4130.0,559,0.0,0.0
2017-09-07 00:00:00+09:00,4130.0,4355.0,4110.0,4125.0,7435,0.0,0.0
2017-09-08 00:00:00+09:00,4125.0,4160.0,4010.0,4120.0,1110,0.0,0.0
2017-09-11 00:00:00+09:00,4120.0,4175.0,4010.0,4100.0,686,0.0,0.0
2017-09-12 00:00:00+09:00,4100.0,4185.0,4050.0,4185.0,1596,0.0,0.0
2017-09-13 00:00:00+09:00,4185.0,4185.0,4120.0,4180.0,1467,0.0,0.0
2017-09-14 00:00:00+09:00,4180.0,4180.0,4005.0,4175.0,7322,0.0,0.0
2017-09-15 00:00:00+09:00,4175.0,4175.0,4110.0,4175.0,2702,0.0,0.0
2017-09-18 00:00:00+09:00,4175.0,4180.0,4050.0,4175.0,4875,0.0,0.0
2017-09-19 00:00:00+09:00,4170.0,4175.0,4150.0,4150.0,1786,0.0,0.0
2017-09-20 00:00:00+09:00,4150.0,4165.0,4100.0,4150.0,2248,0.0,0.0
2017-09-21 00:00:00+09:00,4150.0,4345.0,4020.0,4075.0,11319,0.0,0.0
2017-09-25 00:00:00+09:00,3910.0,4080.0,3910.0,4000.0,4077,0.0,0.0
2017-09-26 00:00:00+09:00,4000.0,4170.0,3910.0,4070.0,6080,0.0,0.0
2017-09-27 00:00:00+09:00,4070.0,4115.0,4020.0,4110.0,2189,0.0,0.0
2017-09-28 00:00:00+09:00,4115.0,4150.0,3965.0,4110.0,6869,0.0,0.0
2017-09-29 00:00:00+09:00,4115.0,4160.0,4050.0,4160.0,2898,0.0,0.0
2017-10-10 00:00:00+09:00,4100.0,4175.0,3845.0,4020.0,8747,0.0,0.0
2017-10-11 00:00:00+09:00,4020.0,4020.0,3990.0,4000.0,7603,0.0,0.0
2017-10-12 00:00:00+09:00,4000.0,4025.0,3950.0,4020.0,12726,0.0,0.0
2017-10-13 00:00:00+09:00,4030.0,4030.0,3945.0,4020.0,1605,0.0,0.0
2017-10-16 00:00:00+09:00,4020.0,4025.0,3950.0,4025.0,6885,0.0,0.0
2017-10-17 00:00:00+09:00,4030.0,4030.0,4010.0,4020.0,3360,0.0,0.0
2017-10-18 00:00:00+09:00,4020.0,4035.0,3985.0,4020.0,17046,0.0,0.0
2017-10-19 00:00:00+09:00,4020.0,4025.0,3960.0,4020.0,6777,0.0,0.0
2017-10-20 00:00:00+09:00,4020.0,4035.0,3960.0,4000.0,2917,0.0,0.0
2017-10-23 00:00:00+09:00,4000.0,4020.0,3955.0,4020.0,3728,0.0,0.0
2017-10-24 00:00:00+09:00,3950.0,4045.0,3945.0,4025.0,5914,0.0,0.0
2017-10-25 00:00:00+09:00,4030.0,4060.0,3990.0,4020.0,1803,0.0,0.0
2017-10-26 00:00:00+09:00,4020.0,4020.0,3990.0,4015.0,9908,0.0,0.0
2017-10-27 00:00:00+09:00,3975.0,4050.0,3975.0,4025.0,12935,0.0,0.0
2017-10-30 00:00:00+09:00,4040.0,4150.0,4025.0,4080.0,11003,0.0,0.0
2017-10-31 00:00:00+09:00,4100.0,4160.0,3900.0,4030.0,8879,0.0,0.0
2017-11-01 00:00:00+09:00,4030.0,4100.0,4005.0,4065.0,3753,0.0,0.0
2017-11-02 00:00:00+09:00,4075.0,4080.0,3975.0,4060.0,5006,0.0,0.0
2017-11-03 00:00:00+09:00,4060.0,4105.0,4010.0,4100.0,5389,0.0,0.0
2017-11-06 00:00:00+09:00,4100.0,4160.0,4100.0,4160.0,11331,0.0,0.0
2017-11-07 00:00:00+09:00,4150.0,4210.0,4150.0,4210.0,11186,0.0,0.0
2017-11-08 00:00:00+09:00,4210.0,4350.0,4210.0,4275.0,29662,0.0,0.0
2017-11-09 00:00:00+09:00,4240.0,4350.0,4240.0,4320.0,13074,0.0,0.0
2017-11-10 00:00:00+09:00,4325.0,4550.0,4325.0,4490.0,27121,0.0,0.0
2017-11-13 00:00:00+09:00,4490.0,4500.0,4405.0,4420.0,26034,0.0,0.0
2017-11-14 00:00:00+09:00,4420.0,4540.0,4405.0,4515.0,9478,0.0,0.0
2017-11-15 00:00:00+09:00,4515.0,4555.0,4470.0,4525.0,9827,0.0,0.0
2017-11-16 00:00:00+09:00,4545.0,4560.0,4495.0,4545.0,7866,0.0,0.0
2017-11-17 00:00:00+09:00,4520.0,4520.0,4385.0,4480.0,15848,0.0,0.0
2017-11-20 00:00:00+09:00,4480.0,4480.0,4365.0,4400.0,8620,0.0,0.0
2017-11-21 00:00:00+09:00,4365.0,4490.0,4265.0,4425.0,10520,0.0,0.0
2017-11-22 00:00:00+09:00,4420.0,4420.0,4290.0,4390.0,12332,0.0,0.0
2017-11-23 00:00:00+09:00,4390.0,4480.0,4380.0,4475.0,3890,0.0,0.0
2017-11-24 00:00:00+09:00,4455.0,4505.0,4370.0,4500.0,3576,0.0,0.0
2017-11-27 00:00:00+09:00,4510.0,4515.0,4450.0,4470.0,6633,0.0,0.0
2017-11-28 00:00:00+09:00,4470.0,4505.0,4440.0,4490.0,2567,0.0,0.0
2017-11-29 00:00:00+09:00,4490.0,4600.0,4490.0,4600.0,6643,0.0,0.0
2017-11-30 00:00:00+09:00,4600.0,4920.0,4590.0,4880.0,58834,0.0,0.0
2017-12-01 00:00:00+09:00,4870.0,4960.0,4835.0,4850.0,34799,0.0,0.0
2017-12-04 00:00:00+09:00,4850.0,4990.0,4770.0,4970.0,17154,0.0,0.0
2017-12-05 00:00:00+09:00,4870.0,5200.0,4870.0,5070.0,39293,0.0,0.0
2017-12-06 00:00:00+09:00,5070.0,5200.0,5070.0,5180.0,32075,0.0,0.0
2017-12-07 00:00:00+09:00,5150.0,5260.0,5140.0,5250.0,26098,0.0,0.0
2017-12-08 00:00:00+09:00,5300.0,5310.0,5150.0,5280.0,24030,0.0,0.0
2017-12-11 00:00:00+09:00,5110.0,5300.0,5110.0,5280.0,7175,0.0,0.0
2017-12-12 00:00:00+09:00,5280.0,5290.0,5200.0,5280.0,7488,0.0,0.0
2017-12-13 00:00:00+09:00,5280.0,5280.0,5100.0,5200.0,15991,0.0,0.0
2017-12-14 00:00:00+09:00,5200.0,5300.0,5110.0,5220.0,24411,0.0,0.0
2017-12-15 00:00:00+09:00,5210.0,5230.0,5150.0,5200.0,12754,0.0,0.0
2017-12-18 00:00:00+09:00,5200.0,5210.0,5070.0,5210.0,4170,0.0,0.0
2017-12-19 00:00:00+09:00,5210.0,5280.0,5100.0,5180.0,10108,0.0,0.0
2017-12-21 00:00:00+09:00,5440.0,5440.0,5230.0,5300.0,25381,0.0,0.0
2017-12-22 00:00:00+09:00,5500.0,5500.0,5200.0,5300.0,9335,0.0,0.0
2017-12-26 00:00:00+09:00,5190.0,5340.0,5120.0,5280.0,17500,0.0,0.0
2017-12-27 00:00:00+09:00,5320.0,5320.0,5200.0,5270.0,2627,0.0,0.0
2017-12-28 00:00:00+09:00,5270.0,5440.0,5250.0,5360.0,13251,0.0,0.0
2018-01-02 00:00:00+09:00,5420.0,5420.0,5060.0,5370.0,7710,0.0,0.0
2018-01-03 00:00:00+09:00,5280.0,5410.0,5080.0,5360.0,6102,0.0,0.0
2018-01-04 00:00:00+09:00,5360.0,5410.0,5260.0,5290.0,9288,0.0,0.0
2018-01-05 00:00:00+09:00,5180.0,5370.0,5130.0,5350.0,14660,0.0,0.0
2018-01-08 00:00:00+09:00,5440.0,5440.0,5270.0,5380.0,20405,0.0,0.0
2018-01-09 00:00:00+09:00,5350.0,5400.0,5250.0,5350.0,8546,0.0,0.0
2018-01-10 00:00:00+09:00,5350.0,5350.0,5170.0,5260.0,5020,0.0,0.0
2018-01-11 00:00:00+09:00,5240.0,5370.0,5200.0,5250.0,9886,0.0,0.0
2018-01-12 00:00:00+09:00,5250.0,5360.0,5160.0,5240.0,8453,0.0,0.0
2018-01-15 00:00:00+09:00,5240.0,5300.0,5110.0,5110.0,5320,0.0,0.0
2018-01-16 00:00:00+09:00,4905.0,5170.0,4905.0,5130.0,11382,0.0,0.0
2018-01-17 00:00:00+09:00,5130.0,6350.0,5020.0,5840.0,437319,0.0,0.0
2018-01-18 00:00:00+09:00,5900.0,7300.0,5570.0,7080.0,1237193,0.0,0.0
2018-01-19 00:00:00+09:00,8620.0,9200.0,8620.0,9200.0,852985,0.0,0.0
2018-01-22 00:00:00+09:00,8650.0,8800.0,7640.0,7810.0,2052723,0.0,0.0
2018-01-23 00:00:00+09:00,7810.0,8300.0,7500.0,8050.0,1151880,0.0,0.0
2018-01-24 00:00:00+09:00,7850.0,8130.0,7550.0,7610.0,527187,0.0,0.0
2018-01-25 00:00:00+09:00,7700.0,7880.0,7510.0,7770.0,254027,0.0,0.0
2018-01-26 00:00:00+09:00,7720.0,8130.0,7710.0,7890.0,441927,0.0,0.0
2018-01-29 00:00:00+09:00,8140.0,8350.0,7830.0,7830.0,402282,0.0,0.0
2018-01-30 00:00:00+09:00,7830.0,7830.0,7400.0,7620.0,202806,0.0,0.0
2018-01-31 00:00:00+09:00,7100.0,7250.0,7020.0,7150.0,618392,0.0,0.0
2018-02-01 00:00:00+09:00,7200.0,7200.0,6860.0,7010.0,299196,0.0,0.0
2018-02-02 00:00:00+09:00,7040.0,7050.0,6840.0,7000.0,134538,0.0,0.0
2018-02-05 00:00:00+09:00,6840.0,6990.0,6710.0,6830.0,120237,0.0,0.0
2018-02-07 00:00:00+09:00,6750.0,6790.0,6550.0,6650.0,148861,0.0,0.0
2018-02-08 00:00:00+09:00,6650.0,6790.0,6410.0,6430.0,183287,0.0,0.0
2018-02-09 00:00:00+09:00,6380.0,6390.0,5910.0,6000.0,283184,0.0,0.0
2018-02-12 00:00:00+09:00,6160.0,6270.0,6020.0,6230.0,92356,0.0,0.0
2018-02-13 00:00:00+09:00,6150.0,6460.0,6150.0,6300.0,106597,0.0,0.0
2018-02-14 00:00:00+09:00,6440.0,6450.0,6150.0,6200.0,57717,0.0,0.0
2018-02-19 00:00:00+09:00,6680.0,6680.0,6370.0,6370.0,111256,0.0,0.0
2018-02-20 00:00:00+09:00,6370.0,6460.0,6310.0,6430.0,66865,0.0,0.0
2018-02-21 00:00:00+09:00,6430.0,6480.0,6350.0,6390.0,67479,0.0,0.0
2018-02-22 00:00:00+09:00,6480.0,6480.0,6150.0,6230.0,60194,0.0,0.0
2018-02-23 00:00:00+09:00,6220.0,6260.0,6190.0,6210.0,33160,0.0,0.0
2018-02-26 00:00:00+09:00,6300.0,6430.0,6240.0,6270.0,49130,0.0,0.0
2018-02-27 00:00:00+09:00,6320.0,6440.0,6250.0,6360.0,28340,0.0,0.0
2018-02-28 00:00:00+09:00,6360.0,6400.0,6250.0,6250.0,28653,0.0,0.0
2018-03-07 00:00:00+09:00,6220.0,6230.0,5950.0,5950.0,58424,0.0,0.0
2018-03-08 00:00:00+09:00,5920.0,6030.0,5710.0,5870.0,41481,0.0,0.0
2018-03-09 00:00:00+09:00,5870.0,5870.0,5650.0,5720.0,125685,0.0,0.0
2018-03-12 00:00:00+09:00,5730.0,5870.0,5610.0,5830.0,61666,0.0,0.0
2018-03-13 00:00:00+09:00,5990.0,5990.0,5790.0,5890.0,34795,0.0,0.0
2018-03-14 00:00:00+09:00,5820.0,5830.0,5730.0,5770.0,28542,0.0,0.0
2018-03-15 00:00:00+09:00,5770.0,5840.0,5610.0,5730.0,28222,0.0,0.0
2018-03-16 00:00:00+09:00,5730.0,5850.0,5690.0,5800.0,34435,0.0,0.0
2018-03-19 00:00:00+09:00,5710.0,5790.0,5520.0,5540.0,42918,0.0,0.0
2018-03-20 00:00:00+09:00,5530.0,5640.0,5510.0,5580.0,21976,0.0,0.0
2018-03-21 00:00:00+09:00,5580.0,5680.0,5480.0,5580.0,24707,0.0,0.0
2018-03-22 00:00:00+09:00,5580.0,5660.0,5370.0,5410.0,45577,0.0,0.0
2018-03-23 00:00:00+09:00,5310.0,5390.0,5130.0,5190.0,45277,0.0,0.0
2018-03-26 00:00:00+09:00,5190.0,5240.0,5000.0,5180.0,49465,0.0,0.0
2018-03-27 00:00:00+09:00,5250.0,5580.0,5200.0,5370.0,28263,0.0,0.0
2018-03-28 00:00:00+09:00,5370.0,5460.0,5250.0,5370.0,19524,0.0,0.0
2018-03-29 00:00:00+09:00,5380.0,5380.0,4990.0,5210.0,28842,0.0,0.0
2018-03-30 00:00:00+09:00,5210.0,5220.0,5100.0,5220.0,36187,0.0,0.0
2018-04-02 00:00:00+09:00,5290.0,5290.0,5200.0,5260.0,17609,0.0,0.0
2018-04-03 00:00:00+09:00,5490.0,6290.0,5320.0,5900.0,1350397,0.0,0.0
2018-04-04 00:00:00+09:00,5920.0,5980.0,5580.0,5700.0,203544,0.0,0.0
2018-04-05 00:00:00+09:00,5770.0,5810.0,5590.0,5710.0,87055,0.0,0.0
2018-04-06 00:00:00+09:00,5770.0,5770.0,5470.0,5640.0,100331,0.0,0.0
2018-04-09 00:00:00+09:00,5550.0,5640.0,5490.0,5630.0,49746,0.0,0.0
2018-04-10 00:00:00+09:00,5600.0,5630.0,5350.0,5550.0,55214,0.0,0.0
2018-04-11 00:00:00+09:00,5590.0,5600.0,5460.0,5580.0,27573,0.0,0.0
2018-04-12 00:00:00+09:00,5580.0,5590.0,5370.0,5480.0,50651,0.0,0.0
2018-04-13 00:00:00+09:00,5480.0,5570.0,5410.0,5450.0,25097,0.0,0.0
2018-04-16 00:00:00+09:00,5420.0,5680.0,5420.0,5650.0,63609,0.0,0.0
2018-04-17 00:00:00+09:00,5630.0,5750.0,5560.0,5700.0,46659,0.0,0.0
2018-04-18 00:00:00+09:00,5700.0,5810.0,5590.0,5700.0,50817,0.0,0.0
2018-04-19 00:00:00+09:00,5760.0,5760.0,5580.0,5670.0,33719,0.0,0.0
2018-04-20 00:00:00+09:00,5670.0,5770.0,5640.0,5760.0,33405,0.0,0.0
2018-04-23 00:00:00+09:00,5760.0,5760.0,5610.0,5650.0,36457,0.0,0.0
2018-04-24 00:00:00+09:00,5660.0,5690.0,5580.0,5620.0,29637,0.0,0.0
2018-04-25 00:00:00+09:00,5770.0,5770.0,5570.0,5600.0,31356,0.0,0.0
2018-04-26 00:00:00+09:00,5600.0,5720.0,5550.0,5610.0,27220,0.0,0.0
2018-04-27 00:00:00+09:00,5640.0,5660.0,5510.0,5610.0,22366,0.0,0.0
2018-04-30 00:00:00+09:00,5510.0,5600.0,5310.0,5400.0,63650,0.0,0.0
2018-05-02 00:00:00+09:00,5400.0,5440.0,5300.0,5350.0,49810,0.0,0.0
2018-05-03 00:00:00+09:00,5360.0,5540.0,5340.0,5380.0,25600,0.0,0.0
2018-05-04 00:00:00+09:00,5530.0,5530.0,5370.0,5400.0,15334,0.0,0.0
2018-05-08 00:00:00+09:00,5490.0,5570.0,5280.0,5400.0,33871,0.0,0.0
2018-05-09 00:00:00+09:00,5410.0,5410.0,5100.0,5340.0,44251,0.0,0.0
2018-05-10 00:00:00+09:00,5300.0,5470.0,5230.0,5450.0,25689,0.0,0.0
2018-05-11 00:00:00+09:00,5430.0,5520.0,5310.0,5500.0,13666,0.0,0.0
2018-05-14 00:00:00+09:00,5500.0,5500.0,5170.0,5340.0,21220,0.0,0.0
2018-05-15 00:00:00+09:00,5490.0,5490.0,5260.0,5380.0,17788,0.0,0.0
2018-05-16 00:00:00+09:00,5380.0,5460.0,5200.0,5230.0,42337,0.0,0.0
2018-05-17 00:00:00+09:00,5300.0,5380.0,5190.0,5210.0,15850,0.0,0.0
2018-05-18 00:00:00+09:00,5150.0,5390.0,5130.0,5210.0,20699,0.0,0.0
2018-05-21 00:00:00+09:00,5270.0,5270.0,5020.0,5020.0,44905,0.0,0.0
2018-05-23 00:00:00+09:00,5020.0,5090.0,4750.0,4900.0,79001,0.0,0.0
2018-05-24 00:00:00+09:00,4900.0,4985.0,4860.0,4905.0,15702,0.0,0.0
2018-05-25 00:00:00+09:00,4955.0,4955.0,4740.0,4800.0,26144,0.0,0.0
2018-05-28 00:00:00+09:00,4880.0,4880.0,4750.0,4825.0,18909,0.0,0.0
2018-05-29 00:00:00+09:00,4760.0,4825.0,4660.0,4665.0,43982,0.0,0.0
2018-05-30 00:00:00+09:00,4665.0,4760.0,4620.0,4640.0,16250,0.0,0.0
2018-05-31 00:00:00+09:00,4640.0,4690.0,4610.0,4640.0,14459,0.0,0.0
2018-06-01 00:00:00+09:00,4570.0,4750.0,4545.0,4635.0,27914,0.0,0.0
2018-06-04 00:00:00+09:00,4550.0,4745.0,4550.0,4650.0,11682,0.0,0.0
2018-06-05 00:00:00+09:00,4650.0,4685.0,4585.0,4605.0,14645,0.0,0.0
2018-06-07 00:00:00+09:00,4600.0,4720.0,4550.0,4690.0,14215,0.0,0.0
2018-06-08 00:00:00+09:00,4740.0,4740.0,4610.0,4715.0,7181,0.0,0.0
2018-06-11 00:00:00+09:00,4875.0,4875.0,4715.0,4835.0,13443,0.0,0.0
2018-06-12 00:00:00+09:00,4805.0,4860.0,4620.0,4645.0,20586,0.0,0.0
2018-06-14 00:00:00+09:00,4625.0,4640.0,4500.0,4570.0,12185,0.0,0.0
2018-06-15 00:00:00+09:00,4570.0,4615.0,4520.0,4585.0,19391,0.0,0.0
2018-06-18 00:00:00+09:00,4585.0,4630.0,4320.0,4465.0,25386,0.0,0.0
2018-06-19 00:00:00+09:00,4465.0,4465.0,4355.0,4390.0,9218,0.0,0.0
2018-06-20 00:00:00+09:00,4390.0,4635.0,4370.0,4525.0,28527,0.0,0.0
2018-06-21 00:00:00+09:00,4575.0,4575.0,4390.0,4395.0,10355,0.0,0.0
2018-06-22 00:00:00+09:00,4385.0,4475.0,4300.0,4350.0,19098,0.0,0.0
2018-06-25 00:00:00+09:00,4350.0,4460.0,4315.0,4445.0,7720,0.0,0.0
2018-06-26 00:00:00+09:00,4420.0,4480.0,4250.0,4295.0,16334,0.0,0.0
2018-06-27 00:00:00+09:00,4290.0,5350.0,4205.0,4465.0,532829,0.0,0.0
2018-06-28 00:00:00+09:00,4370.0,4420.0,4200.0,4200.0,56964,0.0,0.0
2018-06-29 00:00:00+09:00,4180.0,4245.0,4030.0,4150.0,27199,0.0,0.0
2018-07-02 00:00:00+09:00,4100.0,4250.0,4075.0,4100.0,13391,0.0,0.0
2018-07-03 00:00:00+09:00,4010.0,4185.0,4010.0,4055.0,17907,0.0,0.0
2018-07-04 00:00:00+09:00,4015.0,4140.0,3985.0,4130.0,11071,0.0,0.0
2018-07-05 00:00:00+09:00,4250.0,4250.0,3975.0,4070.0,17340,0.0,0.0
2018-07-06 00:00:00+09:00,4070.0,4140.0,3990.0,4120.0,6541,0.0,0.0
2018-07-09 00:00:00+09:00,4120.0,4210.0,4090.0,4090.0,11086,0.0,0.0
2018-07-10 00:00:00+09:00,4090.0,4215.0,4005.0,4200.0,17180,0.0,0.0
2018-07-11 00:00:00+09:00,4200.0,4295.0,4090.0,4275.0,14903,0.0,0.0
2018-07-12 00:00:00+09:00,4275.0,4290.0,4175.0,4225.0,9039,0.0,0.0
2018-07-13 00:00:00+09:00,4180.0,4330.0,4180.0,4255.0,6987,0.0,0.0
2018-07-16 00:00:00+09:00,4205.0,4380.0,4205.0,4360.0,3472,0.0,0.0
2018-07-17 00:00:00+09:00,4390.0,4410.0,4245.0,4400.0,15919,0.0,0.0
2018-07-18 00:00:00+09:00,4400.0,4435.0,4310.0,4340.0,7488,0.0,0.0
2018-07-19 00:00:00+09:00,4305.0,4340.0,4210.0,4270.0,11030,0.0,0.0
2018-07-20 00:00:00+09:00,4225.0,4300.0,4215.0,4270.0,7253,0.0,0.0
2018-07-23 00:00:00+09:00,4170.0,4255.0,4050.0,4055.0,17090,0.0,0.0
2018-07-24 00:00:00+09:00,4005.0,4135.0,4005.0,4025.0,10408,0.0,0.0
2018-07-25 00:00:00+09:00,4035.0,4080.0,3975.0,4080.0,10866,0.0,0.0
2018-07-26 00:00:00+09:00,4080.0,4180.0,4040.0,4175.0,6415,0.0,0.0
2018-07-27 00:00:00+09:00,4180.0,4450.0,4175.0,4265.0,6256,0.0,0.0
2018-07-30 00:00:00+09:00,4265.0,4350.0,4170.0,4270.0,3119,0.0,0.0
2018-07-31 00:00:00+09:00,4240.0,4420.0,4200.0,4420.0,15447,0.0,0.0
2018-08-01 00:00:00+09:00,4415.0,4500.0,4325.0,4400.0,28106,0.0,0.0
2018-08-02 00:00:00+09:00,4395.0,4460.0,4225.0,4395.0,9627,0.0,0.0
2018-08-03 00:00:00+09:00,4395.0,4450.0,4280.0,4405.0,4066,0.0,0.0
2018-08-06 00:00:00+09:00,4490.0,4490.0,4320.0,4435.0,16184,0.0,0.0
2018-08-07 00:00:00+09:00,4355.0,4430.0,4245.0,4350.0,4945,0.0,0.0
2018-08-08 00:00:00+09:00,4395.0,4400.0,4290.0,4335.0,5455,0.0,0.0
2018-08-09 00:00:00+09:00,4485.0,4500.0,4215.0,4485.0,42037,0.0,0.0
2018-08-10 00:00:00+09:00,4480.0,4590.0,4390.0,4590.0,58580,0.0,0.0
2018-08-13 00:00:00+09:00,4585.0,4585.0,4400.0,4480.0,23801,0.0,0.0
2018-08-14 00:00:00+09:00,4515.0,4515.0,4250.0,4250.0,25695,0.0,0.0
2018-08-16 00:00:00+09:00,4050.0,4200.0,3980.0,4075.0,36931,0.0,0.0
2018-08-17 00:00:00+09:00,4130.0,4130.0,4015.0,4080.0,16677,0.0,0.0
2018-08-20 00:00:00+09:00,4080.0,4180.0,3985.0,4120.0,28114,0.0,0.0
2018-08-21 00:00:00+09:00,4120.0,4145.0,4060.0,4090.0,14736,0.0,0.0
2018-08-22 00:00:00+09:00,4090.0,4255.0,4090.0,4140.0,25949,0.0,0.0
2018-08-23 00:00:00+09:00,4140.0,4225.0,4040.0,4100.0,26662,0.0,0.0
2018-08-24 00:00:00+09:00,4100.0,4100.0,4000.0,4050.0,10913,0.0,0.0
2018-08-27 00:00:00+09:00,4050.0,4095.0,4000.0,4000.0,13821,0.0,0.0
2018-08-28 00:00:00+09:00,4005.0,4200.0,4005.0,4125.0,31562,0.0,0.0
2018-08-29 00:00:00+09:00,4125.0,4170.0,4070.0,4170.0,15829,0.0,0.0
2018-08-30 00:00:00+09:00,4170.0,4255.0,4125.0,4220.0,21110,0.0,0.0
2018-08-31 00:00:00+09:00,4160.0,4800.0,4160.0,4530.0,294865,0.0,0.0
2018-09-03 00:00:00+09:00,4530.0,4725.0,4370.0,4390.0,112367,0.0,0.0
2018-09-04 00:00:00+09:00,4390.0,4545.0,4320.0,4485.0,59898,0.0,0.0
2018-09-05 00:00:00+09:00,4445.0,4460.0,4315.0,4340.0,30228,0.0,0.0
2018-09-06 00:00:00+09:00,4340.0,4340.0,4215.0,4215.0,25834,0.0,0.0
2018-09-07 00:00:00+09:00,4215.0,4290.0,4105.0,4250.0,20063,0.0,0.0
2018-09-10 00:00:00+09:00,4200.0,4300.0,4150.0,4300.0,13344,0.0,0.0
2018-09-11 00:00:00+09:00,4370.0,4370.0,4235.0,4310.0,9206,0.0,0.0
2018-09-12 00:00:00+09:00,4310.0,4310.0,4200.0,4310.0,15286,0.0,0.0
2018-09-13 00:00:00+09:00,4240.0,4500.0,4200.0,4345.0,10313,0.0,0.0
2018-09-14 00:00:00+09:00,4420.0,4420.0,4260.0,4285.0,7068,0.0,0.0
2018-09-17 00:00:00+09:00,4285.0,4360.0,4220.0,4300.0,16085,0.0,0.0
2018-09-18 00:00:00+09:00,4200.0,4300.0,4160.0,4170.0,28771,0.0,0.0
2018-09-19 00:00:00+09:00,4280.0,4280.0,4140.0,4210.0,7948,0.0,0.0
2018-09-20 00:00:00+09:00,4130.0,4210.0,4025.0,4120.0,29131,0.0,0.0
2018-09-21 00:00:00+09:00,4100.0,4175.0,4050.0,4165.0,12244,0.0,0.0
2018-09-27 00:00:00+09:00,4055.0,4165.0,4040.0,4095.0,24993,0.0,0.0
2018-09-28 00:00:00+09:00,4095.0,4095.0,4015.0,4070.0,30691,0.0,0.0
2018-10-01 00:00:00+09:00,4070.0,4115.0,4025.0,4055.0,11528,0.0,0.0
2018-10-02 00:00:00+09:00,4025.0,4095.0,4010.0,4030.0,11061,0.0,0.0
2018-10-04 00:00:00+09:00,4030.0,4150.0,3965.0,3965.0,12916,0.0,0.0
2018-10-05 00:00:00+09:00,3945.0,4090.0,3900.0,4050.0,17586,0.0,0.0
2018-10-08 00:00:00+09:00,4095.0,4095.0,3980.0,4090.0,9306,0.0,0.0
2018-10-10 00:00:00+09:00,3975.0,4055.0,3900.0,3930.0,21929,0.0,0.0
2018-10-11 00:00:00+09:00,3650.0,3900.0,3650.0,3705.0,22812,0.0,0.0
2018-10-12 00:00:00+09:00,3410.0,3900.0,3400.0,3785.0,15013,0.0,0.0
2018-10-15 00:00:00+09:00,3785.0,3800.0,3650.0,3760.0,4785,0.0,0.0
2018-10-16 00:00:00+09:00,3760.0,3880.0,3650.0,3825.0,5102,0.0,0.0
2018-10-17 00:00:00+09:00,3900.0,3920.0,3825.0,3880.0,2258,0.0,0.0
2018-10-18 00:00:00+09:00,3880.0,3990.0,3830.0,3900.0,2377,0.0,0.0
2018-10-19 00:00:00+09:00,3885.0,3900.0,3750.0,3810.0,3683,0.0,0.0
2018-10-22 00:00:00+09:00,3755.0,3835.0,3755.0,3820.0,6133,0.0,0.0
2018-10-23 00:00:00+09:00,3975.0,3975.0,3755.0,3825.0,9607,0.0,0.0
2018-10-24 00:00:00+09:00,3940.0,3940.0,3580.0,3625.0,23333,0.0,0.0
2018-10-25 00:00:00+09:00,3485.0,3625.0,3480.0,3480.0,13193,0.0,0.0
2018-10-26 00:00:00+09:00,3440.0,3500.0,3300.0,3370.0,23466,0.0,0.0
2018-10-29 00:00:00+09:00,3300.0,3490.0,3000.0,3000.0,14490,0.0,0.0
2018-10-30 00:00:00+09:00,2900.0,3100.0,2810.0,3060.0,40893,0.0,0.0
2018-10-31 00:00:00+09:00,2955.0,3280.0,2955.0,3280.0,9957,0.0,0.0
2018-11-01 00:00:00+09:00,3250.0,3360.0,3200.0,3315.0,23069,0.0,0.0
2018-11-02 00:00:00+09:00,3315.0,3435.0,3310.0,3365.0,13122,0.0,0.0
2018-11-05 00:00:00+09:00,3335.0,3490.0,3310.0,3490.0,7559,0.0,0.0
2018-11-06 00:00:00+09:00,3490.0,3745.0,3380.0,3680.0,11992,0.0,0.0
2018-11-07 00:00:00+09:00,3675.0,3685.0,3555.0,3570.0,9239,0.0,0.0
2018-11-08 00:00:00+09:00,3685.0,3740.0,3570.0,3735.0,5617,0.0,0.0
2018-11-09 00:00:00+09:00,3730.0,3845.0,3580.0,3835.0,6900,0.0,0.0
2018-11-12 00:00:00+09:00,3830.0,3830.0,3635.0,3665.0,9064,0.0,0.0
2018-11-13 00:00:00+09:00,3660.0,3660.0,3420.0,3550.0,5015,0.0,0.0
2018-11-14 00:00:00+09:00,3425.0,3700.0,3425.0,3660.0,9876,0.0,0.0
2018-11-15 00:00:00+09:00,3660.0,3660.0,3400.0,3660.0,12045,0.0,0.0
2018-11-16 00:00:00+09:00,3655.0,3655.0,3555.0,3650.0,2371,0.0,0.0
2018-11-19 00:00:00+09:00,3580.0,3650.0,3570.0,3600.0,8618,0.0,0.0
2018-11-20 00:00:00+09:00,3500.0,3655.0,3500.0,3620.0,3059,0.0,0.0
2018-11-21 00:00:00+09:00,3610.0,3655.0,3570.0,3645.0,541,0.0,0.0
2018-11-22 00:00:00+09:00,3680.0,3695.0,3590.0,3650.0,6657,0.0,0.0
2018-11-23 00:00:00+09:00,3650.0,3670.0,3580.0,3670.0,728,0.0,0.0
2018-11-26 00:00:00+09:00,3600.0,3690.0,3500.0,3630.0,13789,0.0,0.0
2018-11-27 00:00:00+09:00,3655.0,3655.0,3525.0,3595.0,3469,0.0,0.0
2018-11-28 00:00:00+09:00,3590.0,3665.0,3570.0,3625.0,2460,0.0,0.0
2018-11-29 00:00:00+09:00,3665.0,3700.0,3595.0,3630.0,2445,0.0,0.0
2018-11-30 00:00:00+09:00,3680.0,3695.0,3505.0,3640.0,3439,0.0,0.0
2018-12-03 00:00:00+09:00,3640.0,3715.0,3595.0,3685.0,4486,0.0,0.0
2018-12-04 00:00:00+09:00,3695.0,3695.0,3580.0,3690.0,3079,0.0,0.0
2018-12-05 00:00:00+09:00,3690.0,3690.0,3500.0,3640.0,5819,0.0,0.0
2018-12-06 00:00:00+09:00,3515.0,3635.0,3515.0,3565.0,3793,0.0,0.0
2018-12-07 00:00:00+09:00,3565.0,3700.0,3560.0,3615.0,5458,0.0,0.0
2018-12-10 00:00:00+09:00,3630.0,3680.0,3430.0,3540.0,3210,0.0,0.0
2018-12-11 00:00:00+09:00,3590.0,3590.0,3460.0,3500.0,3147,0.0,0.0
2018-12-12 00:00:00+09:00,3550.0,3560.0,3420.0,3490.0,6627,0.0,0.0
2018-12-13 00:00:00+09:00,3475.0,3500.0,3390.0,3500.0,6786,0.0,0.0
2018-12-14 00:00:00+09:00,3500.0,3500.0,3405.0,3405.0,2508,0.0,0.0
2018-12-17 00:00:00+09:00,3405.0,3405.0,3240.0,3310.0,4317,0.0,0.0
2018-12-18 00:00:00+09:00,3280.0,3365.0,3200.0,3295.0,5506,0.0,0.0
2018-12-19 00:00:00+09:00,3330.0,3340.0,3250.0,3300.0,5776,0.0,0.0
2018-12-20 00:00:00+09:00,3270.0,3330.0,3235.0,3300.0,4040,0.0,0.0
2018-12-21 00:00:00+09:00,3295.0,3300.0,3255.0,3300.0,1901,0.0,0.0
2018-12-24 00:00:00+09:00,3300.0,3345.0,3250.0,3265.0,678,0.0,0.0
2018-12-26 00:00:00+09:00,3265.0,3345.0,3220.0,3300.0,429,0.0,0.0
2018-12-27 00:00:00+09:00,3270.0,3340.0,3145.0,3300.0,3541,0.0,0.0
2018-12-28 00:00:00+09:00,3320.0,3320.0,3175.0,3245.0,11597,0.0,0.0
2019-01-02 00:00:00+09:00,3205.0,3270.0,3050.0,3160.0,35871,0.0,0.0
2019-01-03 00:00:00+09:00,3160.0,3190.0,3080.0,3140.0,5444,0.0,0.0
2019-01-04 00:00:00+09:00,3140.0,3295.0,3085.0,3170.0,3139,0.0,0.0
2019-01-07 00:00:00+09:00,3375.0,3375.0,3165.0,3245.0,4470,0.0,0.0
2019-01-08 00:00:00+09:00,3230.0,3500.0,3230.0,3270.0,2691,0.0,0.0
2019-01-09 00:00:00+09:00,3490.0,3490.0,3300.0,3380.0,4366,0.0,0.0
2019-01-10 00:00:00+09:00,3460.0,3460.0,3345.0,3435.0,3490,0.0,0.0
2019-01-11 00:00:00+09:00,3500.0,3500.0,3380.0,3435.0,1629,0.0,0.0
2019-01-14 00:00:00+09:00,3435.0,3435.0,3390.0,3430.0,904,0.0,0.0
2019-01-15 00:00:00+09:00,3360.0,3430.0,3360.0,3390.0,3884,0.0,0.0
2019-01-16 00:00:00+09:00,3390.0,3495.0,3340.0,3390.0,5130,0.0,0.0
2019-01-17 00:00:00+09:00,3390.0,3390.0,3295.0,3365.0,8704,0.0,0.0
2019-01-18 00:00:00+09:00,3300.0,3400.0,3215.0,3355.0,4432,0.0,0.0
2019-01-21 00:00:00+09:00,3500.0,3500.0,3250.0,3395.0,7372,0.0,0.0
2019-01-22 00:00:00+09:00,3395.0,3395.0,3350.0,3390.0,5082,0.0,0.0
2019-01-23 00:00:00+09:00,3340.0,3495.0,3315.0,3350.0,10789,0.0,0.0
2019-01-24 00:00:00+09:00,3305.0,3375.0,3305.0,3345.0,2211,0.0,0.0
2019-01-25 00:00:00+09:00,3340.0,3495.0,3270.0,3360.0,12809,0.0,0.0
2019-01-28 00:00:00+09:00,3360.0,3400.0,3300.0,3345.0,11296,0.0,0.0
2019-01-29 00:00:00+09:00,3340.0,3390.0,3295.0,3345.0,5006,0.0,0.0
2019-01-30 00:00:00+09:00,3345.0,3395.0,3290.0,3380.0,5650,0.0,0.0
2019-01-31 00:00:00+09:00,3380.0,3380.0,3295.0,3345.0,7218,0.0,0.0
2019-02-01 00:00:00+09:00,3345.0,3360.0,3290.0,3350.0,4481,0.0,0.0
2019-02-07 00:00:00+09:00,3285.0,3495.0,3285.0,3345.0,5370,0.0,0.0
2019-02-08 00:00:00+09:00,3330.0,3370.0,3295.0,3305.0,7623,0.0,0.0
2019-02-11 00:00:00+09:00,3270.0,3350.0,3210.0,3350.0,7332,0.0,0.0
2019-02-12 00:00:00+09:00,3400.0,3400.0,3290.0,3335.0,6137,0.0,0.0
2019-02-13 00:00:00+09:00,3305.0,4100.0,3285.0,3780.0,215961,0.0,0.0
2019-02-14 00:00:00+09:00,3850.0,3900.0,3525.0,3700.0,39237,0.0,0.0
2019-02-15 00:00:00+09:00,3680.0,3795.0,3650.0,3745.0,24273,0.0,0.0
2019-02-18 00:00:00+09:00,3745.0,4800.0,3745.0,4400.0,1639386,0.0,0.0
2019-02-19 00:00:00+09:00,4335.0,4335.0,4105.0,4125.0,200242,0.0,0.0
2019-02-20 00:00:00+09:00,4095.0,4265.0,4020.0,4265.0,112422,0.0,0.0
2019-02-21 00:00:00+09:00,4245.0,4680.0,4125.0,4300.0,390982,0.0,0.0
2019-02-22 00:00:00+09:00,4210.0,4330.0,4045.0,4115.0,58022,0.0,0.0
2019-02-25 00:00:00+09:00,4105.0,4105.0,3955.0,4030.0,41886,0.0,0.0
2019-02-26 00:00:00+09:00,4090.0,4450.0,4020.0,4020.0,150557,0.0,0.0
2019-02-27 00:00:00+09:00,3955.0,4090.0,3900.0,4050.0,30101,0.0,0.0
2019-02-28 00:00:00+09:00,3960.0,4100.0,3800.0,3800.0,25290,0.0,0.0
2019-03-04 00:00:00+09:00,3800.0,4020.0,3800.0,3950.0,14000,0.0,0.0
2019-03-05 00:00:00+09:00,3895.0,4050.0,3895.0,3925.0,14766,0.0,0.0
2019-03-06 00:00:00+09:00,3925.0,4095.0,3850.0,4010.0,27299,0.0,0.0
2019-03-07 00:00:00+09:00,4115.0,4115.0,3865.0,3930.0,7791,0.0,0.0
2019-03-08 00:00:00+09:00,3900.0,4095.0,3855.0,3900.0,7094,0.0,0.0
2019-03-11 00:00:00+09:00,3900.0,4020.0,3810.0,3810.0,14285,0.0,0.0
2019-03-12 00:00:00+09:00,3810.0,3955.0,3785.0,3835.0,18360,0.0,0.0
2019-03-13 00:00:00+09:00,3750.0,3865.0,3670.0,3750.0,17151,0.0,0.0
2019-03-14 00:00:00+09:00,3750.0,3800.0,3745.0,3790.0,20056,0.0,0.0
2019-03-15 00:00:00+09:00,3790.0,3835.0,3735.0,3790.0,7835,0.0,0.0
2019-03-18 00:00:00+09:00,3790.0,3850.0,3760.0,3850.0,16365,0.0,0.0
2019-03-19 00:00:00+09:00,3905.0,4150.0,3800.0,3990.0,78646,0.0,0.0
2019-03-20 00:00:00+09:00,4140.0,4140.0,3965.0,4080.0,31512,0.0,0.0
2019-03-21 00:00:00+09:00,4085.0,4100.0,3985.0,4020.0,12836,0.0,0.0
2019-03-22 00:00:00+09:00,3955.0,3990.0,3875.0,3875.0,13626,0.0,0.0
2019-03-25 00:00:00+09:00,3805.0,3985.0,3805.0,3835.0,6017,0.0,0.0
2019-03-26 00:00:00+09:00,3895.0,3900.0,3810.0,3845.0,18195,0.0,0.0
2019-03-27 00:00:00+09:00,3900.0,3915.0,3835.0,3895.0,6505,0.0,0.0
2019-03-28 00:00:00+09:00,3975.0,3975.0,3810.0,3885.0,15259,0.0,0.0
2019-03-29 00:00:00+09:00,3885.0,3985.0,3830.0,3965.0,19246,0.0,0.0
2019-04-01 00:00:00+09:00,3990.0,4020.0,3930.0,4020.0,16288,0.0,0.0
2019-04-02 00:00:00+09:00,4075.0,4120.0,4000.0,4110.0,25535,0.0,0.0
2019-04-03 00:00:00+09:00,4120.0,4340.0,4100.0,4340.0,129699,0.0,0.0
2019-04-04 00:00:00+09:00,4345.0,4365.0,4245.0,4300.0,45311,0.0,0.0
2019-04-05 00:00:00+09:00,4220.0,4300.0,4200.0,4260.0,12792,0.0,0.0
2019-04-08 00:00:00+09:00,4260.0,4305.0,4200.0,4230.0,13177,0.0,0.0
2019-04-09 00:00:00+09:00,4230.0,4250.0,4065.0,4185.0,18030,0.0,0.0
2019-04-10 00:00:00+09:00,4185.0,4200.0,4075.0,4150.0,14949,0.0,0.0
2019-04-11 00:00:00+09:00,4160.0,4260.0,4110.0,4260.0,24446,0.0,0.0
2019-04-12 00:00:00+09:00,4260.0,4395.0,4150.0,4270.0,97442,0.0,0.0
2019-04-15 00:00:00+09:00,4340.0,4435.0,4185.0,4430.0,45956,0.0,0.0
2019-04-16 00:00:00+09:00,4465.0,4525.0,4360.0,4360.0,68041,0.0,0.0
2019-04-17 00:00:00+09:00,4380.0,4570.0,4360.0,4570.0,68333,0.0,0.0
2019-04-18 00:00:00+09:00,4670.0,4670.0,4430.0,4430.0,41480,0.0,0.0
2019-04-19 00:00:00+09:00,4430.0,4550.0,4375.0,4450.0,19138,0.0,0.0
2019-04-22 00:00:00+09:00,4495.0,4560.0,4330.0,4330.0,21716,0.0,0.0
2019-04-23 00:00:00+09:00,4330.0,4390.0,4200.0,4300.0,23579,0.0,0.0
2019-04-24 00:00:00+09:00,4300.0,4430.0,4295.0,4420.0,13787,0.0,0.0
2019-04-25 00:00:00+09:00,4415.0,4415.0,4290.0,4340.0,12138,0.0,0.0
2019-04-26 00:00:00+09:00,4300.0,4335.0,4170.0,4210.0,31916,0.0,0.0
2019-04-29 00:00:00+09:00,4210.0,4300.0,4195.0,4220.0,6404,0.0,0.0
2019-04-30 00:00:00+09:00,4220.0,4300.0,4215.0,4280.0,9712,0.0,0.0
2019-05-02 00:00:00+09:00,4280.0,4375.0,4260.0,4325.0,23485,0.0,0.0
2019-05-03 00:00:00+09:00,4325.0,4445.0,4265.0,4350.0,14211,0.0,0.0
2019-05-07 00:00:00+09:00,4280.0,4400.0,4235.0,4355.0,14760,0.0,0.0
2019-05-08 00:00:00+09:00,4325.0,4510.0,4310.0,4350.0,39011,0.0,0.0
2019-05-09 00:00:00+09:00,4300.0,4370.0,4250.0,4330.0,21131,0.0,0.0
2019-05-10 00:00:00+09:00,4290.0,4330.0,4115.0,4135.0,20354,0.0,0.0
2019-05-13 00:00:00+09:00,4135.0,4285.0,4100.0,4145.0,8339,0.0,0.0
2019-05-14 00:00:00+09:00,4025.0,4110.0,4025.0,4110.0,4259,0.0,0.0
2019-05-15 00:00:00+09:00,4110.0,4195.0,4075.0,4185.0,8546,0.0,0.0
2019-05-16 00:00:00+09:00,4185.0,4185.0,4005.0,4100.0,19803,0.0,0.0
2019-05-17 00:00:00+09:00,4100.0,4115.0,4000.0,4055.0,22059,0.0,0.0
2019-05-20 00:00:00+09:00,4200.0,4495.0,4130.0,4400.0,194893,0.0,0.0
2019-05-21 00:00:00+09:00,4490.0,4550.0,4370.0,4525.0,92618,0.0,0.0
2019-05-22 00:00:00+09:00,4585.0,4770.0,4355.0,4590.0,100739,0.0,0.0
2019-05-23 00:00:00+09:00,4590.0,4600.0,4425.0,4480.0,37340,0.0,0.0
2019-05-24 00:00:00+09:00,4480.0,4740.0,4450.0,4730.0,157475,0.0,0.0
2019-05-27 00:00:00+09:00,4875.0,4875.0,4660.0,4830.0,204207,0.0,0.0
2019-05-28 00:00:00+09:00,4825.0,5320.0,4825.0,5120.0,506458,0.0,0.0
2019-05-29 00:00:00+09:00,5000.0,5200.0,4965.0,5050.0,135137,0.0,0.0
2019-05-30 00:00:00+09:00,5020.0,5040.0,4745.0,4800.0,74237,0.0,0.0
2019-05-31 00:00:00+09:00,4690.0,4755.0,4460.0,4555.0,161023,0.0,0.0
2019-06-03 00:00:00+09:00,4535.0,4535.0,4275.0,4310.0,98133,0.0,0.0
2019-06-04 00:00:00+09:00,4310.0,4375.0,4265.0,4370.0,43088,0.0,0.0
2019-06-05 00:00:00+09:00,4315.0,4575.0,4285.0,4570.0,69414,0.0,0.0
2019-06-07 00:00:00+09:00,4520.0,4590.0,4420.0,4540.0,32694,0.0,0.0
2019-06-10 00:00:00+09:00,4540.0,4700.0,4530.0,4700.0,67888,0.0,0.0
2019-06-11 00:00:00+09:00,4695.0,4915.0,4655.0,4790.0,118220,0.0,0.0
2019-06-12 00:00:00+09:00,4840.0,4840.0,4660.0,4695.0,27081,0.0,0.0
2019-06-13 00:00:00+09:00,4695.0,5090.0,4695.0,4970.0,205001,0.0,0.0
2019-06-14 00:00:00+09:00,4935.0,4970.0,4850.0,4950.0,46418,0.0,0.0
2019-06-17 00:00:00+09:00,5000.0,5000.0,4835.0,4875.0,30990,0.0,0.0
2019-06-18 00:00:00+09:00,4875.0,5520.0,4845.0,5370.0,800196,0.0,0.0
2019-06-19 00:00:00+09:00,5340.0,5410.0,5210.0,5320.0,243673,0.0,0.0
2019-06-20 00:00:00+09:00,5330.0,5620.0,5280.0,5500.0,343850,0.0,0.0
2019-06-21 00:00:00+09:00,5510.0,5840.0,5500.0,5700.0,185462,0.0,0.0
2019-06-24 00:00:00+09:00,5700.0,5700.0,5380.0,5480.0,130316,0.0,0.0
2019-06-25 00:00:00+09:00,5330.0,5530.0,5320.0,5450.0,76471,0.0,0.0
2019-06-26 00:00:00+09:00,5440.0,5540.0,5300.0,5350.0,46593,0.0,0.0
2019-06-27 00:00:00+09:00,5270.0,5340.0,5070.0,5090.0,73903,0.0,0.0
2019-06-28 00:00:00+09:00,5110.0,5290.0,5090.0,5130.0,32826,0.0,0.0
2019-07-01 00:00:00+09:00,5130.0,5190.0,5020.0,5110.0,30557,0.0,0.0
2019-07-02 00:00:00+09:00,5030.0,5150.0,4980.0,5060.0,44652,0.0,0.0
2019-07-03 00:00:00+09:00,4995.0,5080.0,4750.0,4895.0,78298,0.0,0.0
2019-07-04 00:00:00+09:00,4800.0,4870.0,4760.0,4810.0,39752,0.0,0.0
2019-07-05 00:00:00+09:00,4820.0,4920.0,4680.0,4830.0,25273,0.0,0.0
2019-07-08 00:00:00+09:00,4830.0,4850.0,4520.0,4625.0,48523,0.0,0.0
2019-07-09 00:00:00+09:00,4620.0,4725.0,4440.0,4440.0,30036,0.0,0.0
2019-07-10 00:00:00+09:00,4440.0,4695.0,4440.0,4695.0,29415,0.0,0.0
2019-07-11 00:00:00+09:00,4695.0,4735.0,4645.0,4680.0,18267,0.0,0.0
2019-07-12 00:00:00+09:00,4780.0,4780.0,4550.0,4550.0,23494,0.0,0.0
2019-07-15 00:00:00+09:00,4550.0,4685.0,4400.0,4540.0,39433,0.0,0.0
2019-07-16 00:00:00+09:00,4600.0,4600.0,4430.0,4500.0,27629,0.0,0.0
2019-07-17 00:00:00+09:00,4500.0,4555.0,4305.0,4495.0,43199,0.0,0.0
2019-07-18 00:00:00+09:00,4495.0,4495.0,4300.0,4300.0,31652,0.0,0.0
2019-07-19 00:00:00+09:00,4300.0,4365.0,4135.0,4155.0,63138,0.0,0.0
2019-07-22 00:00:00+09:00,4160.0,4270.0,4110.0,4245.0,13201,0.0,0.0
2019-07-23 00:00:00+09:00,4245.0,4295.0,4195.0,4280.0,25006,0.0,0.0
2019-07-24 00:00:00+09:00,4280.0,4395.0,4090.0,4100.0,29775,0.0,0.0
2019-07-25 00:00:00+09:00,4005.0,4405.0,4005.0,4275.0,71870,0.0,0.0
2019-07-26 00:00:00+09:00,4270.0,4270.0,4115.0,4270.0,15362,0.0,0.0
2019-07-29 00:00:00+09:00,4150.0,4225.0,3890.0,3950.0,48190,0.0,0.0
2019-07-30 00:00:00+09:00,3745.0,4100.0,3745.0,4005.0,32164,0.0,0.0
2019-07-31 00:00:00+09:00,4040.0,4200.0,3810.0,3990.0,42252,0.0,0.0
2019-08-01 00:00:00+09:00,3990.0,4045.0,3895.0,4010.0,25012,0.0,0.0
2019-08-02 00:00:00+09:00,4100.0,4100.0,3850.0,3900.0,23843,0.0,0.0
2019-08-05 00:00:00+09:00,3810.0,3960.0,3500.0,3590.0,47332,0.0,0.0
2019-08-06 00:00:00+09:00,3500.0,3780.0,3420.0,3660.0,29329,0.0,0.0
2019-08-07 00:00:00+09:00,3540.0,3795.0,3540.0,3790.0,18874,0.0,0.0
2019-08-08 00:00:00+09:00,3790.0,3890.0,3700.0,3860.0,15294,0.0,0.0
2019-08-09 00:00:00+09:00,3830.0,3925.0,3780.0,3855.0,10645,0.0,0.0
2019-08-12 00:00:00+09:00,3855.0,3855.0,3750.0,3810.0,19268,0.0,0.0
2019-08-13 00:00:00+09:00,3800.0,3835.0,3670.0,3795.0,11915,0.0,0.0
2019-08-14 00:00:00+09:00,3810.0,3880.0,3795.0,3880.0,5045,0.0,0.0
2019-08-16 00:00:00+09:00,3870.0,4000.0,3795.0,3900.0,22653,0.0,0.0
2019-08-19 00:00:00+09:00,3905.0,3980.0,3865.0,3915.0,9142,0.0,0.0
2019-08-20 00:00:00+09:00,3990.0,4150.0,3905.0,4100.0,17686,0.0,0.0
2019-08-21 00:00:00+09:00,4100.0,4150.0,4050.0,4135.0,9773,0.0,0.0
2019-08-22 00:00:00+09:00,4100.0,4170.0,4060.0,4155.0,8695,0.0,0.0
2019-08-23 00:00:00+09:00,4155.0,4165.0,4100.0,4140.0,10585,0.0,0.0
2019-08-26 00:00:00+09:00,4000.0,4075.0,3870.0,3930.0,21185,0.0,0.0
2019-08-27 00:00:00+09:00,3955.0,4150.0,3800.0,3985.0,27219,0.0,0.0
2019-08-28 00:00:00+09:00,4050.0,4080.0,3960.0,4080.0,7539,0.0,0.0
2019-08-29 00:00:00+09:00,4080.0,4170.0,3980.0,4060.0,3894,0.0,0.0
2019-08-30 00:00:00+09:00,4065.0,4150.0,4000.0,4145.0,17134,0.0,0.0
2019-09-02 00:00:00+09:00,4135.0,4230.0,4100.0,4170.0,17185,0.0,0.0
2019-09-03 00:00:00+09:00,4170.0,4275.0,4160.0,4190.0,13999,0.0,0.0
2019-09-04 00:00:00+09:00,4185.0,4230.0,4150.0,4175.0,9055,0.0,0.0
2019-09-05 00:00:00+09:00,4135.0,4235.0,4060.0,4060.0,23563,0.0,0.0
2019-09-06 00:00:00+09:00,4070.0,4100.0,3925.0,3930.0,24769,0.0,0.0
2019-09-09 00:00:00+09:00,3925.0,4025.0,3920.0,3930.0,16125,0.0,0.0
2019-09-10 00:00:00+09:00,3970.0,3970.0,3890.0,3890.0,6239,0.0,0.0
2019-09-11 00:00:00+09:00,3875.0,3940.0,3875.0,3940.0,11033,0.0,0.0
2019-09-16 00:00:00+09:00,3910.0,3975.0,3890.0,3940.0,7728,0.0,0.0
2019-09-17 00:00:00+09:00,4100.0,4100.0,3910.0,3985.0,7732,0.0,0.0
2019-09-18 00:00:00+09:00,3955.0,4080.0,3850.0,4055.0,19145,0.0,0.0
2019-09-19 00:00:00+09:00,4035.0,4105.0,3990.0,4025.0,7390,0.0,0.0
2019-09-20 00:00:00+09:00,4025.0,4050.0,3910.0,3985.0,11382,0.0,0.0
2019-09-23 00:00:00+09:00,3985.0,4165.0,3850.0,4110.0,18057,0.0,0.0
2019-09-24 00:00:00+09:00,4085.0,4170.0,4085.0,4110.0,7131,0.0,0.0
2019-09-25 00:00:00+09:00,4170.0,4170.0,3980.0,4035.0,16303,0.0,0.0
2019-09-26 00:00:00+09:00,4020.0,4020.0,3945.0,3955.0,8363,0.0,0.0
2019-09-27 00:00:00+09:00,4135.0,4135.0,3965.0,4000.0,7127,0.0,0.0
2019-09-30 00:00:00+09:00,4075.0,4075.0,3940.0,4000.0,6653,0.0,0.0
2019-10-01 00:00:00+09:00,4040.0,4090.0,3935.0,4090.0,17419,0.0,0.0
2019-10-02 00:00:00+09:00,4005.0,4105.0,3975.0,4005.0,4726,0.0,0.0
2019-10-04 00:00:00+09:00,4025.0,4025.0,3920.0,4000.0,7465,0.0,0.0
2019-10-07 00:00:00+09:00,3930.0,4000.0,3930.0,4000.0,8901,0.0,0.0
2019-10-08 00:00:00+09:00,4075.0,4075.0,3980.0,4000.0,3937,0.0,0.0
2019-10-10 00:00:00+09:00,4000.0,4100.0,3925.0,3965.0,13219,0.0,0.0
2019-10-11 00:00:00+09:00,3965.0,4060.0,3930.0,4000.0,13436,0.0,0.0
2019-10-14 00:00:00+09:00,4005.0,4055.0,3955.0,3955.0,22304,0.0,0.0
2019-10-15 00:00:00+09:00,3975.0,4080.0,3960.0,3995.0,3828,0.0,0.0
2019-10-16 00:00:00+09:00,3965.0,4000.0,3950.0,3950.0,6826,0.0,0.0
2019-10-17 00:00:00+09:00,4010.0,4015.0,3930.0,3975.0,10097,0.0,0.0
2019-10-18 00:00:00+09:00,3975.0,4045.0,3930.0,3970.0,13224,0.0,0.0
2019-10-21 00:00:00+09:00,4040.0,4040.0,3955.0,4005.0,50895,0.0,0.0
2019-10-22 00:00:00+09:00,3970.0,3995.0,3955.0,3960.0,4261,0.0,0.0
2019-10-23 00:00:00+09:00,3960.0,3965.0,3910.0,3955.0,9431,0.0,0.0
2019-10-24 00:00:00+09:00,3965.0,4025.0,3910.0,3950.0,6421,0.0,0.0
2019-10-25 00:00:00+09:00,3950.0,4050.0,3945.0,4035.0,6655,0.0,0.0
2019-10-28 00:00:00+09:00,4120.0,4120.0,3975.0,3975.0,6373,0.0,0.0
2019-10-29 00:00:00+09:00,3960.0,4040.0,3905.0,3930.0,8353,0.0,0.0
2019-10-30 00:00:00+09:00,3930.0,3980.0,3805.0,3915.0,32740,0.0,0.0
2019-10-31 00:00:00+09:00,3955.0,4050.0,3915.0,4000.0,8618,0.0,0.0
2019-11-01 00:00:00+09:00,3960.0,4055.0,3915.0,3950.0,8437,0.0,0.0
2019-11-04 00:00:00+09:00,3950.0,4010.0,3880.0,3930.0,14748,0.0,0.0
2019-11-05 00:00:00+09:00,3940.0,3940.0,3855.0,3880.0,18813,0.0,0.0
2019-11-06 00:00:00+09:00,3915.0,3915.0,3810.0,3890.0,8491,0.0,0.0
2019-11-07 00:00:00+09:00,3870.0,3870.0,3810.0,3845.0,20412,0.0,0.0
2019-11-08 00:00:00+09:00,3845.0,3900.0,3810.0,3890.0,8486,0.0,0.0
2019-11-11 00:00:00+09:00,3885.0,3905.0,3820.0,3875.0,8570,0.0,0.0
2019-11-12 00:00:00+09:00,3875.0,3875.0,3800.0,3840.0,12424,0.0,0.0
2019-11-13 00:00:00+09:00,3840.0,4050.0,3840.0,3885.0,8971,0.0,0.0
2019-11-14 00:00:00+09:00,3945.0,4000.0,3825.0,3970.0,12711,0.0,0.0
2019-11-15 00:00:00+09:00,3955.0,3955.0,3865.0,3865.0,11926,0.0,0.0
2019-11-18 00:00:00+09:00,3865.0,3865.0,3800.0,3835.0,28682,0.0,0.0
2019-11-19 00:00:00+09:00,3835.0,3855.0,3700.0,3755.0,24487,0.0,0.0
2019-11-20 00:00:00+09:00,3760.0,3800.0,3655.0,3700.0,11618,0.0,0.0
2019-11-21 00:00:00+09:00,3695.0,3795.0,3605.0,3615.0,9750,0.0,0.0
2019-11-22 00:00:00+09:00,3615.0,3615.0,3535.0,3540.0,10384,0.0,0.0
2019-11-25 00:00:00+09:00,3540.0,3590.0,3480.0,3585.0,25668,0.0,0.0
2019-11-26 00:00:00+09:00,3640.0,3640.0,3490.0,3490.0,20084,0.0,0.0
2019-11-27 00:00:00+09:00,3530.0,3590.0,3455.0,3590.0,6562,0.0,0.0
2019-11-28 00:00:00+09:00,3625.0,3650.0,3500.0,3590.0,16101,0.0,0.0
2019-11-29 00:00:00+09:00,3590.0,3665.0,3570.0,3650.0,8352,0.0,0.0
2019-12-02 00:00:00+09:00,3585.0,3660.0,3585.0,3625.0,4738,0.0,0.0
2019-12-03 00:00:00+09:00,3665.0,3665.0,3555.0,3595.0,2546,0.0,0.0
2019-12-04 00:00:00+09:00,3595.0,3630.0,3570.0,3610.0,2689,0.0,0.0
2019-12-05 00:00:00+09:00,3615.0,3675.0,3580.0,3610.0,4363,0.0,0.0
2019-12-06 00:00:00+09:00,3610.0,3610.0,3505.0,3535.0,5047,0.0,0.0
2019-12-09 00:00:00+09:00,3535.0,3540.0,3420.0,3525.0,3434,0.0,0.0
2019-12-10 00:00:00+09:00,3525.0,3900.0,3510.0,3635.0,54205,0.0,0.0
2019-12-11 00:00:00+09:00,3635.0,3650.0,3525.0,3530.0,16569,0.0,0.0
2019-12-12 00:00:00+09:00,3530.0,3600.0,3495.0,3570.0,3142,0.0,0.0
2019-12-13 00:00:00+09:00,3570.0,3635.0,3500.0,3525.0,11668,0.0,0.0
2019-12-16 00:00:00+09:00,3565.0,3565.0,3480.0,3515.0,3636,0.0,0.0
2019-12-17 00:00:00+09:00,3570.0,4285.0,3515.0,3770.0,421912,0.0,0.0
2019-12-18 00:00:00+09:00,3820.0,3830.0,3610.0,3650.0,36063,0.0,0.0
2019-12-19 00:00:00+09:00,3690.0,3690.0,3640.0,3670.0,8098,0.0,0.0
2019-12-20 00:00:00+09:00,3670.0,3675.0,3555.0,3610.0,24859,0.0,0.0
2019-12-23 00:00:00+09:00,3600.0,3600.0,3510.0,3575.0,9549,0.0,0.0
2019-12-24 00:00:00+09:00,3575.0,3610.0,3515.0,3600.0,6762,0.0,0.0
2019-12-26 00:00:00+09:00,3575.0,3650.0,3505.0,3645.0,11218,0.0,0.0
2019-12-27 00:00:00+09:00,3635.0,3695.0,3570.0,3645.0,7896,0.0,0.0
2019-12-30 00:00:00+09:00,3625.0,3690.0,3580.0,3680.0,4562,0.0,0.0
2020-01-02 00:00:00+09:00,3675.0,3745.0,3645.0,3745.0,12979,0.0,0.0
2020-01-03 00:00:00+09:00,3745.0,3760.0,3685.0,3735.0,8632,0.0,0.0
2020-01-06 00:00:00+09:00,3675.0,3945.0,3625.0,3760.0,49364,0.0,0.0
2020-01-07 00:00:00+09:00,3765.0,4400.0,3765.0,3900.0,322113,0.0,0.0
2020-01-08 00:00:00+09:00,3895.0,3970.0,3775.0,3880.0,42033,0.0,0.0
2020-01-09 00:00:00+09:00,3880.0,4200.0,3720.0,4090.0,101513,0.0,0.0
2020-01-10 00:00:00+09:00,4530.0,4540.0,4115.0,4175.0,142373,0.0,0.0
2020-01-13 00:00:00+09:00,4350.0,4350.0,4120.0,4200.0,93051,0.0,0.0
2020-01-14 00:00:00+09:00,4235.0,4250.0,4135.0,4200.0,22959,0.0,0.0
2020-01-15 00:00:00+09:00,4295.0,4295.0,4115.0,4140.0,28359,0.0,0.0
2020-01-16 00:00:00+09:00,4140.0,4145.0,4030.0,4085.0,30721,0.0,0.0
2020-01-17 00:00:00+09:00,4085.0,4165.0,4040.0,4120.0,13621,0.0,0.0
2020-01-20 00:00:00+09:00,4120.0,4140.0,4045.0,4080.0,11205,0.0,0.0
2020-01-21 00:00:00+09:00,4040.0,4125.0,4020.0,4055.0,11820,0.0,0.0
2020-01-22 00:00:00+09:00,4055.0,4055.0,3975.0,4005.0,11486,0.0,0.0
2020-01-23 00:00:00+09:00,4005.0,4010.0,3920.0,3945.0,27762,0.0,0.0
2020-01-28 00:00:00+09:00,3850.0,3900.0,3725.0,3885.0,18006,0.0,0.0
2020-01-29 00:00:00+09:00,3865.0,4005.0,3865.0,3940.0,5241,0.0,0.0
2020-01-30 00:00:00+09:00,3910.0,3985.0,3800.0,3895.0,5564,0.0,0.0
2020-01-31 00:00:00+09:00,3895.0,3970.0,3750.0,3780.0,22992,0.0,0.0
2020-02-03 00:00:00+09:00,3630.0,3780.0,3575.0,3625.0,30164,0.0,0.0
2020-02-04 00:00:00+09:00,3685.0,3685.0,3585.0,3625.0,33577,0.0,0.0
2020-02-05 00:00:00+09:00,3800.0,4020.0,3785.0,3985.0,102544,0.0,0.0
2020-02-06 00:00:00+09:00,3995.0,4145.0,3935.0,4090.0,56120,0.0,0.0
2020-02-07 00:00:00+09:00,4110.0,4225.0,4085.0,4180.0,69445,0.0,0.0
2020-02-10 00:00:00+09:00,4180.0,4180.0,4050.0,4165.0,27242,0.0,0.0
2020-02-11 00:00:00+09:00,4065.0,4250.0,3995.0,4240.0,48165,0.0,0.0
2020-02-12 00:00:00+09:00,4240.0,4380.0,4140.0,4215.0,41990,0.0,0.0
2020-02-13 00:00:00+09:00,4170.0,4170.0,3980.0,4080.0,71901,0.0,0.0
2020-02-14 00:00:00+09:00,4080.0,4125.0,4000.0,4095.0,19688,0.0,0.0
2020-02-17 00:00:00+09:00,4090.0,4145.0,4030.0,4140.0,21810,0.0,0.0
2020-02-18 00:00:00+09:00,4100.0,4135.0,3970.0,3970.0,35166,0.0,0.0
2020-02-19 00:00:00+09:00,3970.0,4020.0,3935.0,3985.0,38548,0.0,0.0
2020-02-20 00:00:00+09:00,3905.0,4115.0,3905.0,3990.0,39495,0.0,0.0
2020-02-21 00:00:00+09:00,3985.0,3990.0,3890.0,3930.0,41295,0.0,0.0
2020-02-24 00:00:00+09:00,3930.0,3975.0,3800.0,3970.0,50689,0.0,0.0
2020-02-25 00:00:00+09:00,3970.0,4090.0,3950.0,4000.0,36222,0.0,0.0
2020-02-26 00:00:00+09:00,4000.0,4380.0,3960.0,4380.0,190347,0.0,0.0
2020-02-27 00:00:00+09:00,4570.0,4780.0,3885.0,3885.0,377156,0.0,0.0
2020-02-28 00:00:00+09:00,3875.0,3875.0,3670.0,3700.0,61994,0.0,0.0
2020-03-02 00:00:00+09:00,3845.0,3950.0,3625.0,3900.0,150251,0.0,0.0
2020-03-03 00:00:00+09:00,3990.0,4070.0,3795.0,3795.0,90004,0.0,0.0
2020-03-04 00:00:00+09:00,3795.0,3960.0,3790.0,3875.0,52927,0.0,0.0
2020-03-05 00:00:00+09:00,3980.0,3980.0,3860.0,3875.0,19848,0.0,0.0
2020-03-06 00:00:00+09:00,3900.0,3900.0,3700.0,3720.0,35659,0.0,0.0
2020-03-09 00:00:00+09:00,3720.0,3750.0,3600.0,3625.0,22873,0.0,0.0
2020-03-10 00:00:00+09:00,3625.0,3665.0,3510.0,3620.0,32563,0.0,0.0
2020-03-11 00:00:00+09:00,3615.0,3915.0,3555.0,3805.0,125578,0.0,0.0
2020-03-12 00:00:00+09:00,4045.0,4045.0,3525.0,3690.0,234902,0.0,0.0
2020-03-13 00:00:00+09:00,3485.0,3485.0,2760.0,3150.0,118827,0.0,0.0
2020-03-16 00:00:00+09:00,3155.0,3340.0,2960.0,2990.0,33164,0.0,0.0
2020-03-17 00:00:00+09:00,2800.0,3030.0,2700.0,2975.0,23834,0.0,0.0
2020-03-18 00:00:00+09:00,2985.0,3110.0,2700.0,2700.0,34391,0.0,0.0
2020-03-19 00:00:00+09:00,2605.0,2800.0,2055.0,2210.0,105158,0.0,0.0
2020-03-20 00:00:00+09:00,2210.0,2360.0,2100.0,2280.0,44430,0.0,0.0
2020-03-23 00:00:00+09:00,2115.0,2280.0,2085.0,2155.0,22943,0.0,0.0
2020-03-24 00:00:00+09:00,2155.0,2385.0,2155.0,2290.0,25690,0.0,0.0
2020-03-25 00:00:00+09:00,2380.0,2555.0,2330.0,2420.0,41228,0.0,0.0
2020-03-26 00:00:00+09:00,2420.0,2560.0,2330.0,2550.0,29792,0.0,0.0
2020-03-27 00:00:00+09:00,2800.0,2865.0,2550.0,2650.0,39147,0.0,0.0
2020-03-30 00:00:00+09:00,2550.0,3235.0,2550.0,3220.0,168000,0.0,0.0
2020-03-31 00:00:00+09:00,3480.0,3980.0,3250.0,3475.0,369616,0.0,0.0
2020-04-01 00:00:00+09:00,3560.0,3695.0,3220.0,3300.0,121329,0.0,0.0
2020-04-02 00:00:00+09:00,3300.0,3460.0,3095.0,3325.0,38118,0.0,0.0
2020-04-03 00:00:00+09:00,3385.0,3630.0,3300.0,3435.0,43907,0.0,0.0
2020-04-06 00:00:00+09:00,3400.0,3700.0,3400.0,3500.0,83223,0.0,0.0
2020-04-07 00:00:00+09:00,3530.0,3575.0,3400.0,3425.0,37473,0.0,0.0
2020-04-08 00:00:00+09:00,3425.0,3580.0,3385.0,3440.0,42846,0.0,0.0
2020-04-09 00:00:00+09:00,3490.0,3660.0,3380.0,3440.0,63670,0.0,0.0
2020-04-10 00:00:00+09:00,3570.0,3690.0,3220.0,3470.0,90545,0.0,0.0
2020-04-13 00:00:00+09:00,3480.0,3510.0,3380.0,3470.0,20792,0.0,0.0
2020-04-14 00:00:00+09:00,3470.0,3550.0,3470.0,3515.0,46031,0.0,0.0
2020-04-16 00:00:00+09:00,3510.0,3740.0,3410.0,3660.0,93486,0.0,0.0
2020-04-17 00:00:00+09:00,3720.0,3845.0,3665.0,3715.0,41829,0.0,0.0
2020-04-20 00:00:00+09:00,3715.0,3790.0,3670.0,3700.0,37253,0.0,0.0
2020-04-21 00:00:00+09:00,3600.0,3710.0,3320.0,3570.0,80485,0.0,0.0
2020-04-22 00:00:00+09:00,3560.0,3565.0,3400.0,3560.0,30521,0.0,0.0
2020-04-23 00:00:00+09:00,3950.0,4180.0,3725.0,3890.0,578987,0.0,0.0
2020-04-24 00:00:00+09:00,4140.0,4920.0,4100.0,4600.0,3129982,0.0,0.0
2020-04-27 00:00:00+09:00,4510.0,4885.0,4430.0,4680.0,1016250,0.0,0.0
2020-04-28 00:00:00+09:00,4775.0,4775.0,4390.0,4410.0,303770,0.0,0.0
2020-04-29 00:00:00+09:00,4485.0,4600.0,4380.0,4395.0,265571,0.0,0.0
2020-05-04 00:00:00+09:00,4320.0,4450.0,4250.0,4300.0,172312,0.0,0.0
2020-05-06 00:00:00+09:00,4370.0,4535.0,4300.0,4500.0,262806,0.0,0.0
2020-05-07 00:00:00+09:00,4540.0,4700.0,4485.0,4505.0,339551,0.0,0.0
2020-05-08 00:00:00+09:00,4505.0,4595.0,4440.0,4595.0,167808,0.0,0.0
2020-05-11 00:00:00+09:00,4640.0,4940.0,4520.0,4940.0,579077,0.0,0.0
2020-05-12 00:00:00+09:00,4930.0,4930.0,4735.0,4835.0,287245,0.0,0.0
2020-05-13 00:00:00+09:00,4800.0,4880.0,4730.0,4780.0,146370,0.0,0.0
2020-05-14 00:00:00+09:00,4730.0,4780.0,4525.0,4630.0,158063,0.0,0.0
2020-05-15 00:00:00+09:00,4700.0,4700.0,4345.0,4450.0,214693,0.0,0.0
2020-05-18 00:00:00+09:00,4450.0,4710.0,4205.0,4440.0,331718,0.0,0.0
2020-05-19 00:00:00+09:00,4530.0,4600.0,4405.0,4410.0,224196,0.0,0.0
2020-05-20 00:00:00+09:00,4410.0,4560.0,4390.0,4500.0,107494,0.0,0.0
2020-05-21 00:00:00+09:00,4610.0,4610.0,4395.0,4400.0,127237,0.0,0.0
2020-05-22 00:00:00+09:00,4360.0,4395.0,4180.0,4250.0,157497,0.0,0.0
2020-05-25 00:00:00+09:00,4200.0,4350.0,4075.0,4240.0,158379,0.0,0.0
2020-05-26 00:00:00+09:00,4295.0,4325.0,4150.0,4315.0,101306,0.0,0.0
2020-05-27 00:00:00+09:00,4315.0,4350.0,4180.0,4240.0,53603,0.0,0.0
2020-05-28 00:00:00+09:00,4240.0,4295.0,4035.0,4145.0,85999,0.0,0.0
2020-05-29 00:00:00+09:00,4130.0,4160.0,3975.0,4070.0,44913,0.0,0.0
2020-06-01 00:00:00+09:00,4070.0,4350.0,4010.0,4330.0,119768,0.0,0.0
2020-06-02 00:00:00+09:00,4325.0,4385.0,4255.0,4285.0,43567,0.0,0.0
2020-06-03 00:00:00+09:00,4325.0,4410.0,4300.0,4300.0,68954,0.0,0.0
2020-06-04 00:00:00+09:00,4395.0,4395.0,4030.0,4285.0,61487,0.0,0.0
2020-06-05 00:00:00+09:00,4280.0,4380.0,4250.0,4345.0,93792,0.0,0.0
2020-06-08 00:00:00+09:00,4385.0,4480.0,4280.0,4300.0,63629,0.0,0.0
2020-06-09 00:00:00+09:00,4300.0,4375.0,4180.0,4225.0,53917,0.0,0.0
2020-06-10 00:00:00+09:00,4250.0,4250.0,4140.0,4245.0,51018,0.0,0.0
2020-06-11 00:00:00+09:00,4200.0,4800.0,4200.0,4485.0,778504,0.0,0.0
2020-06-12 00:00:00+09:00,4190.0,4470.0,4180.0,4255.0,180101,0.0,0.0
2020-06-15 00:00:00+09:00,4250.0,4300.0,3790.0,3800.0,256082,0.0,0.0
2020-06-16 00:00:00+09:00,3890.0,4075.0,3800.0,3980.0,132700,0.0,0.0
2020-06-17 00:00:00+09:00,4010.0,4020.0,3870.0,3980.0,41160,0.0,0.0
2020-06-18 00:00:00+09:00,4020.0,4100.0,3870.0,4085.0,48154,0.0,0.0
2020-06-19 00:00:00+09:00,4170.0,4230.0,4040.0,4160.0,107701,0.0,0.0
2020-06-22 00:00:00+09:00,4170.0,4300.0,4075.0,4130.0,112179,0.0,0.0
2020-06-23 00:00:00+09:00,4130.0,4400.0,4130.0,4295.0,143649,0.0,0.0
2020-06-24 00:00:00+09:00,4295.0,4295.0,4110.0,4135.0,80467,0.0,0.0
2020-06-25 00:00:00+09:00,4130.0,4130.0,3930.0,3995.0,83890,0.0,0.0
2020-06-26 00:00:00+09:00,3995.0,4105.0,3905.0,4000.0,42350,0.0,0.0
2020-06-29 00:00:00+09:00,3975.0,4040.0,3865.0,3940.0,60798,0.0,0.0
2020-06-30 00:00:00+09:00,4065.0,4065.0,3840.0,3930.0,67103,0.0,0.0
2020-07-01 00:00:00+09:00,3930.0,3955.0,3830.0,3855.0,59202,0.0,0.0
2020-07-02 00:00:00+09:00,3885.0,4105.0,3880.0,4085.0,94264,0.0,0.0
2020-07-03 00:00:00+09:00,4075.0,4580.0,4075.0,4515.0,524283,0.0,0.0
2020-07-06 00:00:00+09:00,4490.0,4580.0,4350.0,4520.0,161537,0.0,0.0
2020-07-07 00:00:00+09:00,4500.0,4715.0,4500.0,4595.0,184939,0.0,0.0
2020-07-08 00:00:00+09:00,4600.0,4990.0,4600.0,4975.0,441205,0.0,0.0
2020-07-09 00:00:00+09:00,5260.0,5600.0,5170.0,5450.0,906023,0.0,0.0
2020-07-10 00:00:00+09:00,5600.0,5690.0,5180.0,5290.0,408841,0.0,0.0
2020-07-13 00:00:00+09:00,5370.0,5380.0,5140.0,5330.0,183768,0.0,0.0
2020-07-14 00:00:00+09:00,5240.0,5330.0,5090.0,5120.0,148577,0.0,0.0
2020-07-15 00:00:00+09:00,5120.0,5430.0,5050.0,5400.0,195672,0.0,0.0
2020-07-16 00:00:00+09:00,5500.0,5590.0,4955.0,5120.0,203450,0.0,0.0
2020-07-17 00:00:00+09:00,5000.0,5120.0,4950.0,5010.0,111313,0.0,0.0
2020-07-20 00:00:00+09:00,5010.0,5010.0,4760.0,4960.0,96898,0.0,0.0
2020-07-21 00:00:00+09:00,4900.0,4960.0,4815.0,4885.0,97540,0.0,0.0
2020-07-22 00:00:00+09:00,4885.0,4935.0,4800.0,4820.0,78257,0.0,0.0
2020-07-23 00:00:00+09:00,4820.0,4985.0,4685.0,4780.0,116459,0.0,0.0
2020-07-24 00:00:00+09:00,4755.0,4890.0,4700.0,4845.0,85040,0.0,0.0
2020-07-27 00:00:00+09:00,4845.0,4855.0,4750.0,4845.0,63936,0.0,0.0
2020-07-28 00:00:00+09:00,4845.0,4865.0,4570.0,4665.0,107349,0.0,0.0
2020-07-29 00:00:00+09:00,4620.0,4755.0,4560.0,4680.0,61098,0.0,0.0
2020-07-30 00:00:00+09:00,4700.0,4750.0,4620.0,4675.0,70400,0.0,0.0
2020-07-31 00:00:00+09:00,4675.0,4740.0,4510.0,4585.0,50889,0.0,0.0
2020-08-03 00:00:00+09:00,4750.0,4865.0,4650.0,4720.0,103798,0.0,0.0
2020-08-04 00:00:00+09:00,4720.0,4835.0,4680.0,4720.0,98888,0.0,0.0
2020-08-05 00:00:00+09:00,4705.0,4885.0,4695.0,4875.0,113932,0.0,0.0
2020-08-06 00:00:00+09:00,4895.0,4935.0,4675.0,4680.0,107703,0.0,0.0
2020-08-07 00:00:00+09:00,4680.0,5400.0,4615.0,5330.0,629164,0.0,0.0
2020-08-10 00:00:00+09:00,5230.0,5320.0,5050.0,5250.0,149216,0.0,0.0
2020-08-11 00:00:00+09:00,5250.0,5310.0,5090.0,5160.0,91626,0.0,0.0
2020-08-12 00:00:00+09:00,5340.0,5340.0,4985.0,5050.0,86179,0.0,0.0
2020-08-13 00:00:00+09:00,5000.0,5100.0,4975.0,5050.0,39286,0.0,0.0
2020-08-14 00:00:00+09:00,5050.0,5700.0,5050.0,5230.0,535631,0.0,0.0
2020-08-18 00:00:00+09:00,5100.0,5100.0,4315.0,4355.0,345060,0.0,0.0
2020-08-19 00:00:00+09:00,4400.0,4815.0,4400.0,4585.0,122794,0.0,0.0
2020-08-20 00:00:00+09:00,4715.0,4715.0,4300.0,4360.0,79148,0.0,0.0
2020-08-21 00:00:00+09:00,4360.0,4595.0,4205.0,4510.0,67812,0.0,0.0
2020-08-24 00:00:00+09:00,4600.0,4945.0,4475.0,4640.0,247918,0.0,0.0
2020-08-25 00:00:00+09:00,4760.0,4845.0,4670.0,4725.0,138604,0.0,0.0
2020-08-26 00:00:00+09:00,4765.0,6140.0,4725.0,6140.0,2576834,0.0,0.0
2020-08-27 00:00:00+09:00,6830.0,7850.0,6310.0,7300.0,7639594,0.0,0.0
2020-08-28 00:00:00+09:00,7000.0,7630.0,6310.0,6680.0,3036393,0.0,0.0
2020-08-31 00:00:00+09:00,6620.0,6840.0,6250.0,6270.0,638924,0.0,0.0
2020-09-01 00:00:00+09:00,6500.0,7030.0,6420.0,6790.0,894525,0.0,0.0
2020-09-02 00:00:00+09:00,6810.0,7100.0,6400.0,6790.0,400696,0.0,0.0
2020-09-03 00:00:00+09:00,6800.0,6800.0,6490.0,6690.0,220140,0.0,0.0
2020-09-04 00:00:00+09:00,6270.0,6970.0,6260.0,6870.0,392067,0.0,0.0
2020-09-07 00:00:00+09:00,6870.0,6970.0,6600.0,6660.0,194878,0.0,0.0
2020-09-08 00:00:00+09:00,6780.0,8650.0,6670.0,7100.0,4289213,0.0,0.0
2020-09-09 00:00:00+09:00,7000.0,7000.0,6460.0,6470.0,684918,0.0,0.0
2020-09-10 00:00:00+09:00,6570.0,6690.0,6500.0,6600.0,224236,0.0,0.0
2020-09-11 00:00:00+09:00,6600.0,7150.0,6600.0,6690.0,457469,0.0,0.0
2020-09-14 00:00:00+09:00,6750.0,6820.0,6650.0,6790.0,136676,0.0,0.0
2020-09-15 00:00:00+09:00,6850.0,6850.0,6680.0,6820.0,129949,0.0,0.0
2020-09-16 00:00:00+09:00,6940.0,6940.0,6760.0,6790.0,158204,0.0,0.0
2020-09-17 00:00:00+09:00,6880.0,6910.0,6420.0,6560.0,240307,0.0,0.0
2020-09-18 00:00:00+09:00,6580.0,6790.0,6560.0,6690.0,113487,0.0,0.0
2020-09-21 00:00:00+09:00,6780.0,6800.0,6480.0,6490.0,227047,0.0,0.0
2020-09-22 00:00:00+09:00,6480.0,6700.0,6320.0,6560.0,106508,0.0,0.0
2020-09-23 00:00:00+09:00,6660.0,6690.0,6380.0,6560.0,87142,0.0,0.0
2020-09-24 00:00:00+09:00,6490.0,6920.0,6460.0,6830.0,396262,0.0,0.0
2020-09-25 00:00:00+09:00,6900.0,7930.0,6900.0,7900.0,1627785,0.0,0.0
2020-09-28 00:00:00+09:00,7680.0,8060.0,7510.0,7700.0,681380,0.0,0.0
2020-09-29 00:00:00+09:00,7740.0,8030.0,7600.0,7900.0,366682,0.0,0.0
2020-10-05 00:00:00+09:00,7970.0,7970.0,7650.0,7760.0,201271,0.0,0.0
2020-10-06 00:00:00+09:00,8000.0,8790.0,7510.0,7520.0,780364,0.0,0.0
2020-10-07 00:00:00+09:00,7420.0,7850.0,7330.0,7760.0,185159,0.0,0.0
2020-10-08 00:00:00+09:00,7670.0,7820.0,7540.0,7780.0,143039,0.0,0.0
2020-10-12 00:00:00+09:00,7700.0,7770.0,7200.0,7570.0,149037,0.0,0.0
2020-10-13 00:00:00+09:00,7620.0,7620.0,7210.0,7300.0,162366,0.0,0.0
2020-10-14 00:00:00+09:00,7420.0,7580.0,7240.0,7320.0,160188,0.0,0.0
2020-10-15 00:00:00+09:00,7300.0,7380.0,7200.0,7360.0,162964,0.0,0.0
2020-10-16 00:00:00+09:00,7350.0,7360.0,7050.0,7100.0,123897,0.0,0.0
2020-10-19 00:00:00+09:00,7080.0,7150.0,6760.0,6810.0,115796,0.0,0.0
2020-10-20 00:00:00+09:00,6800.0,7230.0,6130.0,6910.0,114636,0.0,0.0
2020-10-21 00:00:00+09:00,7000.0,7100.0,6500.0,6990.0,48767,0.0,0.0
2020-10-22 00:00:00+09:00,7000.0,7070.0,6730.0,6830.0,116004,0.0,0.0
2020-10-23 00:00:00+09:00,6930.0,7200.0,6790.0,7130.0,81194,0.0,0.0
2020-10-26 00:00:00+09:00,7190.0,7190.0,6670.0,6710.0,99218,0.0,0.0
2020-10-27 00:00:00+09:00,6710.0,6980.0,6540.0,6790.0,51490,0.0,0.0
2020-10-28 00:00:00+09:00,6790.0,6950.0,6650.0,6840.0,39579,0.0,0.0
2020-10-29 00:00:00+09:00,6840.0,6840.0,5520.0,6630.0,88202,0.0,0.0
2020-10-30 00:00:00+09:00,6630.0,6790.0,6610.0,6630.0,27275,0.0,0.0
2020-11-02 00:00:00+09:00,6880.0,6880.0,6580.0,6650.0,31796,0.0,0.0
2020-11-03 00:00:00+09:00,6630.0,6940.0,6630.0,6800.0,52239,0.0,0.0
2020-11-04 00:00:00+09:00,6820.0,6880.0,6710.0,6800.0,18315,0.0,0.0
2020-11-05 00:00:00+09:00,6770.0,7240.0,6770.0,7130.0,106791,0.0,0.0
2020-11-06 00:00:00+09:00,7130.0,7190.0,6950.0,7080.0,44483,0.0,0.0
2020-11-09 00:00:00+09:00,7100.0,7200.0,7040.0,7120.0,42976,0.0,0.0
2020-11-10 00:00:00+09:00,7120.0,7130.0,6800.0,7060.0,44040,0.0,0.0
2020-11-11 00:00:00+09:00,7130.0,7270.0,6950.0,7200.0,62139,0.0,0.0
2020-11-12 00:00:00+09:00,7200.0,7750.0,7200.0,7420.0,359708,0.0,0.0
2020-11-13 00:00:00+09:00,7430.0,7500.0,7110.0,7180.0,168080,0.0,0.0
2020-11-16 00:00:00+09:00,7100.0,7260.0,6810.0,7100.0,149136,0.0,0.0
2020-11-17 00:00:00+09:00,7100.0,7170.0,6530.0,6720.0,209406,0.0,0.0
2020-11-18 00:00:00+09:00,6740.0,7090.0,6570.0,7070.0,78918,0.0,0.0
2020-11-19 00:00:00+09:00,7070.0,7340.0,7000.0,7100.0,148445,0.0,0.0
2020-11-20 00:00:00+09:00,7040.0,7200.0,6710.0,7140.0,89910,0.0,0.0
2020-11-23 00:00:00+09:00,7190.0,7290.0,6950.0,7190.0,148925,0.0,0.0
2020-11-24 00:00:00+09:00,7240.0,7510.0,7100.0,7380.0,133867,0.0,0.0
2020-11-25 00:00:00+09:00,7500.0,7630.0,7290.0,7520.0,145367,0.0,0.0
2020-11-26 00:00:00+09:00,7590.0,7970.0,7420.0,7650.0,419028,0.0,0.0
2020-11-27 00:00:00+09:00,7770.0,7770.0,7500.0,7690.0,89848,0.0,0.0
2020-11-30 00:00:00+09:00,7810.0,7950.0,7620.0,7840.0,175072,0.0,0.0
2020-12-01 00:00:00+09:00,7950.0,8310.0,7850.0,7990.0,271181,0.0,0.0
2020-12-02 00:00:00+09:00,7990.0,8350.0,7990.0,8340.0,170693,0.0,0.0
2020-12-03 00:00:00+09:00,8400.0,8400.0,7780.0,8230.0,231090,0.0,0.0
2020-12-04 00:00:00+09:00,8240.0,8450.0,8000.0,8030.0,163890,0.0,0.0
2020-12-07 00:00:00+09:00,8150.0,8180.0,7980.0,8090.0,97014,0.0,0.0
2020-12-08 00:00:00+09:00,8090.0,8340.0,8030.0,8170.0,135520,0.0,0.0
2020-12-09 00:00:00+09:00,8180.0,8300.0,7900.0,8090.0,97519,0.0,0.0
2020-12-10 00:00:00+09:00,8130.0,8400.0,7960.0,8090.0,117216,0.0,0.0
2020-12-11 00:00:00+09:00,8100.0,8130.0,7950.0,7960.0,81682,0.0,0.0
2020-12-14 00:00:00+09:00,8150.0,8210.0,7650.0,7960.0,97828,0.0,0.0
2020-12-15 00:00:00+09:00,8130.0,8130.0,7690.0,7790.0,98493,0.0,0.0
2020-12-16 00:00:00+09:00,7780.0,8230.0,7690.0,7970.0,338812,0.0,0.0
2020-12-17 00:00:00+09:00,8100.0,8100.0,7640.0,7700.0,186974,0.0,0.0
2020-12-18 00:00:00+09:00,7800.0,7800.0,7450.0,7550.0,116119,0.0,0.0
2020-12-21 00:00:00+09:00,7560.0,7980.0,7560.0,7980.0,203922,0.0,0.0
2020-12-22 00:00:00+09:00,8180.0,8180.0,7720.0,7810.0,142739,0.0,0.0
2020-12-23 00:00:00+09:00,7810.0,7920.0,7750.0,7830.0,127506,0.0,0.0
2020-12-24 00:00:00+09:00,7820.0,7870.0,7710.0,7800.0,100049,0.0,0.0
2020-12-28 00:00:00+09:00,7800.0,8030.0,7790.0,7820.0,200247,0.0,0.0
2020-12-29 00:00:00+09:00,7820.0,8550.0,7720.0,7780.0,571462,0.0,0.0
2020-12-30 00:00:00+09:00,7790.0,8150.0,7730.0,7990.0,163326,0.0,0.0
2021-01-04 00:00:00+09:00,8190.0,8300.0,7970.0,8080.0,155314,0.0,0.0
2021-01-05 00:00:00+09:00,8090.0,8140.0,7960.0,8060.0,98631,0.0,0.0
2021-01-06 00:00:00+09:00,8070.0,8480.0,7990.0,8380.0,456314,0.0,0.0
2021-01-07 00:00:00+09:00,8400.0,9840.0,8360.0,9670.0,1329417,0.0,0.0
2021-01-08 00:00:00+09:00,9500.0,9630.0,9140.0,9210.0,276085,0.0,0.0
2021-01-11 00:00:00+09:00,9200.0,9320.0,8770.0,8990.0,161836,0.0,0.0
2021-01-12 00:00:00+09:00,8990.0,9400.0,8710.0,9310.0,177727,0.0,0.0
2021-01-13 00:00:00+09:00,9310.0,9870.0,9110.0,9530.0,263352,0.0,0.0
2021-01-14 00:00:00+09:00,9590.0,9680.0,9190.0,9290.0,147548,0.0,0.0
2021-01-15 00:00:00+09:00,9380.0,9380.0,9110.0,9140.0,69658,0.0,0.0
2021-01-18 00:00:00+09:00,9140.0,9320.0,8810.0,9150.0,152735,0.0,0.0
2021-01-19 00:00:00+09:00,9150.0,9200.0,8850.0,9110.0,78466,0.0,0.0
2021-01-20 00:00:00+09:00,9100.0,9140.0,8750.0,8930.0,175668,0.0,0.0
2021-01-21 00:00:00+09:00,8930.0,9030.0,8660.0,8790.0,117211,0.0,0.0
2021-01-22 00:00:00+09:00,8850.0,8850.0,8430.0,8580.0,114710,0.0,0.0
2021-01-25 00:00:00+09:00,8580.0,9000.0,8410.0,8900.0,149837,0.0,0.0
2021-01-26 00:00:00+09:00,8900.0,8980.0,8580.0,8700.0,77443,0.0,0.0
2021-01-27 00:00:00+09:00,8700.0,8950.0,8550.0,8860.0,92604,0.0,0.0
2021-01-28 00:00:00+09:00,8850.0,8920.0,8510.0,8830.0,68624,0.0,0.0
2021-01-29 00:00:00+09:00,8830.0,8960.0,8320.0,8350.0,92988,0.0,0.0
2021-02-01 00:00:00+09:00,8340.0,8360.0,8140.0,8230.0,50372,0.0,0.0
2021-02-02 00:00:00+09:00,8240.0,8440.0,8110.0,8220.0,76048,0.0,0.0
2021-02-03 00:00:00+09:00,8220.0,8580.0,8140.0,8520.0,155169,0.0,0.0
2021-02-04 00:00:00+09:00,8590.0,8620.0,8270.0,8470.0,107923,0.0,0.0
2021-02-05 00:00:00+09:00,8460.0,8630.0,8390.0,8600.0,73549,0.0,0.0
2021-02-08 00:00:00+09:00,8520.0,8650.0,8210.0,8240.0,76686,0.0,0.0
2021-02-09 00:00:00+09:00,8230.0,8230.0,7720.0,7800.0,188350,0.0,0.0
2021-02-10 00:00:00+09:00,7910.0,8020.0,7750.0,7800.0,77196,0.0,0.0
2021-02-15 00:00:00+09:00,8000.0,8450.0,7920.0,8070.0,201984,0.0,0.0
2021-02-16 00:00:00+09:00,8100.0,8250.0,7970.0,8000.0,108163,0.0,0.0
2021-02-17 00:00:00+09:00,8210.0,9330.0,8030.0,8750.0,677307,0.0,0.0
2021-02-18 00:00:00+09:00,8740.0,8940.0,8270.0,8590.0,139547,0.0,0.0
2021-02-19 00:00:00+09:00,8590.0,8590.0,8320.0,8510.0,100097,0.0,0.0
2021-02-22 00:00:00+09:00,8460.0,8620.0,8000.0,8200.0,138103,0.0,0.0
2021-02-23 00:00:00+09:00,8000.0,8280.0,8000.0,8100.0,41724,0.0,0.0
2021-02-24 00:00:00+09:00,8090.0,8280.0,7850.0,7900.0,68001,0.0,0.0
2021-02-25 00:00:00+09:00,7930.0,8100.0,7930.0,8060.0,26574,0.0,0.0
2021-02-26 00:00:00+09:00,7860.0,8040.0,7700.0,7840.0,56503,0.0,0.0
2021-03-02 00:00:00+09:00,7850.0,7990.0,7650.0,7730.0,53241,0.0,0.0
2021-03-03 00:00:00+09:00,7740.0,7830.0,7600.0,7730.0,42075,0.0,0.0
2021-03-04 00:00:00+09:00,7700.0,7790.0,7620.0,7730.0,22988,0.0,0.0
2021-03-05 00:00:00+09:00,7730.0,7740.0,7520.0,7730.0,37129,0.0,0.0
2021-03-08 00:00:00+09:00,7730.0,7940.0,7510.0,7830.0,38095,0.0,0.0
2021-03-09 00:00:00+09:00,7980.0,8040.0,7550.0,7800.0,38146,0.0,0.0
2021-03-10 00:00:00+09:00,7880.0,7890.0,7710.0,7760.0,23768,0.0,0.0
2021-03-11 00:00:00+09:00,7780.0,7980.0,7660.0,7790.0,55537,0.0,0.0
2021-03-12 00:00:00+09:00,7790.0,7890.0,7600.0,7800.0,160978,0.0,0.0
2021-03-15 00:00:00+09:00,7960.0,7960.0,7530.0,7650.0,137773,0.0,0.0
2021-03-16 00:00:00+09:00,7600.0,7770.0,7470.0,7470.0,76154,0.0,0.0
2021-03-17 00:00:00+09:00,7480.0,7500.0,7100.0,7470.0,20649,0.0,0.0
2021-03-18 00:00:00+09:00,7470.0,7590.0,7410.0,7590.0,16935,0.0,0.0
2021-03-19 00:00:00+09:00,7570.0,7630.0,7410.0,7590.0,27000,0.0,0.0
2021-03-22 00:00:00+09:00,7590.0,7630.0,7480.0,7580.0,38975,0.0,0.0
2021-03-23 00:00:00+09:00,7690.0,7690.0,7450.0,7560.0,45935,0.0,0.0
2021-03-24 00:00:00+09:00,7530.0,7530.0,7350.0,7430.0,29591,0.0,0.0
2021-03-25 00:00:00+09:00,7430.0,7550.0,7220.0,7370.0,53473,0.0,0.0
2021-03-26 00:00:00+09:00,7370.0,7530.0,7160.0,7430.0,81664,0.0,0.0
2021-03-29 00:00:00+09:00,7430.0,7810.0,7430.0,7580.0,49852,0.0,0.0
2021-03-30 00:00:00+09:00,7580.0,7680.0,7480.0,7680.0,26145,0.0,0.0
2021-03-31 00:00:00+09:00,7620.0,7790.0,7620.0,7700.0,24976,0.0,0.0
2021-04-01 00:00:00+09:00,7800.0,8090.0,7800.0,7930.0,85370,0.0,0.0
2021-04-02 00:00:00+09:00,7940.0,8220.0,7850.0,8220.0,102532,0.0,0.0
2021-04-05 00:00:00+09:00,8290.0,8350.0,8050.0,8240.0,79516,0.0,0.0
2021-04-06 00:00:00+09:00,8240.0,8280.0,8110.0,8280.0,44805,0.0,0.0
2021-04-07 00:00:00+09:00,8280.0,8480.0,8170.0,8420.0,77628,0.0,0.0
2021-04-08 00:00:00+09:00,8420.0,8450.0,8300.0,8390.0,35595,0.0,0.0
2021-04-09 00:00:00+09:00,8390.0,8650.0,8310.0,8500.0,50040,0.0,0.0
2021-04-12 00:00:00+09:00,8700.0,8960.0,8580.0,8870.0,301909,0.0,0.0
2021-04-13 00:00:00+09:00,8820.0,8910.0,8610.0,8610.0,123300,0.0,0.0
2021-04-14 00:00:00+09:00,8610.0,8880.0,8430.0,8670.0,83921,0.0,0.0
2021-04-15 00:00:00+09:00,8660.0,8660.0,8460.0,8550.0,50629,0.0,0.0
2021-04-16 00:00:00+09:00,8540.0,8690.0,8390.0,8660.0,111714,0.0,0.0
2021-04-19 00:00:00+09:00,8660.0,8760.0,8470.0,8750.0,63292,0.0,0.0
2021-04-20 00:00:00+09:00,8750.0,8750.0,8520.0,8560.0,37217,0.0,0.0
2021-04-21 00:00:00+09:00,8560.0,8560.0,8270.0,8410.0,51891,0.0,0.0
2021-04-22 00:00:00+09:00,8410.0,8810.0,8310.0,8780.0,116427,0.0,0.0
2021-04-23 00:00:00+09:00,8850.0,9350.0,8810.0,9000.0,271707,0.0,0.0
2021-04-26 00:00:00+09:00,9080.0,9230.0,8860.0,9000.0,125748,0.0,0.0
2021-04-27 00:00:00+09:00,9000.0,9020.0,8600.0,8600.0,81673,0.0,0.0
2021-04-28 00:00:00+09:00,8600.0,8700.0,8260.0,8290.0,65752,0.0,0.0
2021-04-29 00:00:00+09:00,8280.0,8480.0,8140.0,8230.0,49736,0.0,0.0
2021-04-30 00:00:00+09:00,8230.0,8460.0,8150.0,8270.0,45336,0.0,0.0
2021-05-03 00:00:00+09:00,8300.0,8450.0,8170.0,8290.0,32903,0.0,0.0
2021-05-04 00:00:00+09:00,8280.0,8400.0,7970.0,8310.0,64681,0.0,0.0
2021-05-06 00:00:00+09:00,8310.0,8330.0,8140.0,8150.0,35979,0.0,0.0
2021-05-07 00:00:00+09:00,8240.0,8300.0,8110.0,8160.0,50552,0.0,0.0
2021-05-10 00:00:00+09:00,8160.0,8350.0,8100.0,8300.0,72837,0.0,0.0
2021-05-11 00:00:00+09:00,8300.0,8340.0,8180.0,8180.0,55650,0.0,0.0
2021-05-12 00:00:00+09:00,8310.0,8310.0,8060.0,8160.0,44265,0.0,0.0
2021-05-13 00:00:00+09:00,7950.0,8540.0,7850.0,8170.0,112692,0.0,0.0
2021-05-14 00:00:00+09:00,8170.0,8340.0,8170.0,8340.0,24446,0.0,0.0
2021-05-17 00:00:00+09:00,8200.0,8290.0,8000.0,8160.0,53626,0.0,0.0
2021-05-18 00:00:00+09:00,8160.0,8250.0,8010.0,8100.0,39425,0.0,0.0
2021-05-20 00:00:00+09:00,8090.0,8090.0,7800.0,7850.0,65850,0.0,0.0
2021-05-21 00:00:00+09:00,7850.0,7980.0,7680.0,7680.0,43736,0.0,0.0
2021-05-24 00:00:00+09:00,7680.0,7750.0,7550.0,7590.0,23873,0.0,0.0
2021-05-25 00:00:00+09:00,7590.0,7820.0,7590.0,7790.0,23457,0.0,0.0
2021-05-26 00:00:00+09:00,7880.0,7880.0,7670.0,7720.0,35885,0.0,0.0
2021-05-27 00:00:00+09:00,7790.0,7790.0,7620.0,7680.0,35026,0.0,0.0
2021-05-28 00:00:00+09:00,7790.0,7790.0,7570.0,7620.0,29460,0.0,0.0
2021-05-31 00:00:00+09:00,7620.0,7730.0,7420.0,7720.0,56086,0.0,0.0
2021-06-01 00:00:00+09:00,7720.0,7740.0,7590.0,7670.0,31004,0.0,0.0
2021-06-02 00:00:00+09:00,7670.0,7730.0,7540.0,7640.0,30965,0.0,0.0
2021-06-03 00:00:00+09:00,7640.0,7780.0,7640.0,7710.0,20713,0.0,0.0
2021-06-04 00:00:00+09:00,7710.0,8090.0,7680.0,7940.0,111978,0.0,0.0
2021-06-07 00:00:00+09:00,8040.0,8040.0,7730.0,7790.0,48426,0.0,0.0
2021-06-08 00:00:00+09:00,7790.0,7880.0,7710.0,7880.0,27532,0.0,0.0
2021-06-09 00:00:00+09:00,7940.0,7970.0,7630.0,7660.0,45266,0.0,0.0
2021-06-10 00:00:00+09:00,7640.0,7720.0,7630.0,7690.0,24642,0.0,0.0
2021-06-11 00:00:00+09:00,7720.0,7760.0,7640.0,7690.0,23179,0.0,0.0
2021-06-14 00:00:00+09:00,7720.0,7800.0,7690.0,7790.0,18007,0.0,0.0
2021-06-15 00:00:00+09:00,7740.0,7850.0,7610.0,7610.0,51837,0.0,0.0
2021-06-16 00:00:00+09:00,7620.0,7750.0,7560.0,7570.0,35918,0.0,0.0
2021-06-17 00:00:00+09:00,7550.0,7700.0,7480.0,7550.0,38291,0.0,0.0
2021-06-18 00:00:00+09:00,7550.0,7690.0,7550.0,7680.0,37576,0.0,0.0
2021-06-21 00:00:00+09:00,7660.0,7700.0,7430.0,7540.0,50774,0.0,0.0
2021-06-22 00:00:00+09:00,7540.0,7560.0,7150.0,7240.0,212560,0.0,0.0
2021-06-23 00:00:00+09:00,7240.0,7400.0,7240.0,7390.0,40090,0.0,0.0
2021-06-24 00:00:00+09:00,7390.0,7390.0,7060.0,7120.0,84769,0.0,0.0
2021-06-25 00:00:00+09:00,7280.0,7280.0,7130.0,7250.0,30222,0.0,0.0
2021-06-28 00:00:00+09:00,7220.0,7350.0,7150.0,7260.0,26627,0.0,0.0
2021-06-29 00:00:00+09:00,7380.0,7390.0,7260.0,7370.0,16909,0.0,0.0
2021-06-30 00:00:00+09:00,7370.0,7660.0,7370.0,7610.0,48118,0.0,0.0
2021-07-01 00:00:00+09:00,7710.0,8230.0,7650.0,7940.0,503506,0.0,0.0
2021-07-02 00:00:00+09:00,7940.0,8150.0,7880.0,8090.0,120009,0.0,0.0
2021-07-05 00:00:00+09:00,8100.0,8230.0,7780.0,7880.0,98851,0.0,0.0
2021-07-06 00:00:00+09:00,7950.0,7960.0,7670.0,7680.0,79037,0.0,0.0
2021-07-07 00:00:00+09:00,7680.0,8400.0,7670.0,8100.0,433771,0.0,0.0
2021-07-08 00:00:00+09:00,7920.0,8050.0,7760.0,7840.0,110446,0.0,0.0
2021-07-09 00:00:00+09:00,7970.0,8380.0,7740.0,7920.0,396121,0.0,0.0
2021-07-12 00:00:00+09:00,7980.0,8250.0,7980.0,8140.0,123948,0.0,0.0
2021-07-13 00:00:00+09:00,8140.0,8160.0,7990.0,8040.0,79307,0.0,0.0
2021-07-14 00:00:00+09:00,7990.0,8080.0,7960.0,8030.0,42148,0.0,0.0
2021-07-15 00:00:00+09:00,8030.0,8030.0,7850.0,7920.0,60404,0.0,0.0
2021-07-16 00:00:00+09:00,7890.0,7910.0,7700.0,7780.0,32712,0.0,0.0
2021-07-19 00:00:00+09:00,7720.0,7850.0,7630.0,7810.0,33982,0.0,0.0
2021-07-20 00:00:00+09:00,7790.0,7810.0,7620.0,7670.0,46253,0.0,0.0
2021-07-21 00:00:00+09:00,7680.0,7750.0,7550.0,7660.0,31264,0.0,0.0
2021-07-22 00:00:00+09:00,7660.0,7750.0,7540.0,7690.0,98825,0.0,0.0
2021-07-23 00:00:00+09:00,7750.0,7800.0,7620.0,7800.0,47785,0.0,0.0
2021-07-26 00:00:00+09:00,7800.0,7850.0,7700.0,7730.0,20357,0.0,0.0
2021-07-27 00:00:00+09:00,7730.0,7760.0,7580.0,7700.0,15228,0.0,0.0
2021-07-28 00:00:00+09:00,7660.0,7790.0,7610.0,7740.0,68814,0.0,0.0
2021-07-29 00:00:00+09:00,7740.0,7890.0,7670.0,7670.0,18176,0.0,0.0
2021-07-30 00:00:00+09:00,7670.0,7840.0,7560.0,7570.0,24897,0.0,0.0
2021-08-02 00:00:00+09:00,7540.0,7540.0,7200.0,7290.0,141931,0.0,0.0
2021-08-03 00:00:00+09:00,7320.0,7350.0,7190.0,7230.0,123086,0.0,0.0
2021-08-04 00:00:00+09:00,7400.0,7420.0,7200.0,7300.0,61149,0.0,0.0
2021-08-05 00:00:00+09:00,7400.0,7400.0,7290.0,7350.0,20852,0.0,0.0
2021-08-06 00:00:00+09:00,7350.0,7440.0,7270.0,7310.0,22775,0.0,0.0
2021-08-09 00:00:00+09:00,7340.0,7340.0,7170.0,7270.0,20265,0.0,0.0
2021-08-10 00:00:00+09:00,7260.0,7260.0,7020.0,7170.0,29320,0.0,0.0
2021-08-11 00:00:00+09:00,7170.0,7210.0,7080.0,7140.0,17241,0.0,0.0
2021-08-12 00:00:00+09:00,7140.0,7220.0,7100.0,7100.0,24618,0.0,0.0
2021-08-13 00:00:00+09:00,7190.0,7190.0,6900.0,7060.0,125931,0.0,0.0
2021-08-17 00:00:00+09:00,7010.0,7270.0,6980.0,7090.0,105871,0.0,0.0
2021-08-18 00:00:00+09:00,7100.0,7250.0,7000.0,7090.0,26383,0.0,0.0
2021-08-19 00:00:00+09:00,7030.0,7210.0,6700.0,6700.0,69875,0.0,0.0
2021-08-20 00:00:00+09:00,6750.0,6870.0,6270.0,6410.0,67998,0.0,0.0
2021-08-23 00:00:00+09:00,6420.0,6600.0,6360.0,6570.0,37384,0.0,0.0
2021-08-24 00:00:00+09:00,6790.0,6840.0,6590.0,6790.0,20302,0.0,0.0
2021-08-25 00:00:00+09:00,6830.0,6970.0,6690.0,6800.0,52220,0.0,0.0
2021-08-26 00:00:00+09:00,6820.0,6940.0,6780.0,6920.0,93014,0.0,0.0
2021-08-27 00:00:00+09:00,6940.0,7250.0,6910.0,7200.0,57837,0.0,0.0
2021-08-30 00:00:00+09:00,7200.0,7400.0,7060.0,7060.0,24629,0.0,0.0
2021-08-31 00:00:00+09:00,7260.0,7260.0,6990.0,7100.0,15077,0.0,0.0
2021-09-01 00:00:00+09:00,7120.0,7250.0,7090.0,7160.0,7721,0.0,0.0
2021-09-02 00:00:00+09:00,7200.0,7290.0,7110.0,7140.0,8719,0.0,0.0
2021-09-03 00:00:00+09:00,7200.0,7200.0,7030.0,7070.0,11218,0.0,0.0
2021-09-06 00:00:00+09:00,7100.0,7120.0,7010.0,7010.0,12330,0.0,0.0
2021-09-07 00:00:00+09:00,7010.0,7010.0,6800.0,6970.0,21319,0.0,0.0
2021-09-08 00:00:00+09:00,6900.0,6930.0,6810.0,6900.0,21205,0.0,0.0
2021-09-09 00:00:00+09:00,6700.0,7030.0,6700.0,6880.0,13189,0.0,0.0
2021-09-10 00:00:00+09:00,6880.0,7030.0,6870.0,6940.0,10645,0.0,0.0
2021-09-13 00:00:00+09:00,6930.0,7060.0,6790.0,6890.0,31184,0.0,0.0
2021-09-14 00:00:00+09:00,6890.0,7010.0,6840.0,6920.0,17570,0.0,0.0
2021-09-15 00:00:00+09:00,6920.0,7070.0,6920.0,6950.0,22848,0.0,0.0
2021-09-16 00:00:00+09:00,6990.0,7100.0,6910.0,7060.0,26020,0.0,0.0
2021-09-17 00:00:00+09:00,7060.0,7380.0,7030.0,7330.0,46345,0.0,0.0
2021-09-23 00:00:00+09:00,7400.0,7400.0,7020.0,7200.0,25895,0.0,0.0
2021-09-24 00:00:00+09:00,7080.0,7280.0,7080.0,7280.0,22120,0.0,0.0
2021-09-27 00:00:00+09:00,7280.0,7280.0,7190.0,7210.0,11580,0.0,0.0
2021-09-28 00:00:00+09:00,7230.0,7300.0,7130.0,7130.0,34367,0.0,0.0
2021-09-29 00:00:00+09:00,7060.0,7120.0,6980.0,7080.0,26430,0.0,0.0
2021-09-30 00:00:00+09:00,7060.0,7250.0,7020.0,7170.0,12261,0.0,0.0
2021-10-01 00:00:00+09:00,7190.0,7230.0,7000.0,7060.0,26111,0.0,0.0
2021-10-05 00:00:00+09:00,7040.0,7100.0,6800.0,6840.0,20261,0.0,0.0
2021-10-06 00:00:00+09:00,6920.0,7050.0,6570.0,6580.0,49270,0.0,0.0
2021-10-07 00:00:00+09:00,6590.0,6970.0,6590.0,6900.0,17992,0.0,0.0
2021-10-08 00:00:00+09:00,6950.0,6980.0,6870.0,6920.0,24095,0.0,0.0
2021-10-12 00:00:00+09:00,7280.0,7500.0,7070.0,7500.0,95787,0.0,0.0
2021-10-13 00:00:00+09:00,7500.0,7540.0,7350.0,7490.0,38712,0.0,0.0
2021-10-14 00:00:00+09:00,7490.0,7780.0,7490.0,7680.0,48579,0.0,0.0
2021-10-15 00:00:00+09:00,7800.0,8270.0,7740.0,8170.0,220447,0.0,0.0
2021-10-18 00:00:00+09:00,8170.0,8200.0,8040.0,8050.0,46149,0.0,0.0
2021-10-19 00:00:00+09:00,8010.0,8220.0,7970.0,8180.0,40756,0.0,0.0
2021-10-20 00:00:00+09:00,8180.0,8370.0,8150.0,8240.0,61922,0.0,0.0
2021-10-21 00:00:00+09:00,8240.0,8290.0,8070.0,8290.0,30860,0.0,0.0
2021-10-22 00:00:00+09:00,8160.0,8790.0,8080.0,8660.0,120224,0.0,0.0
2021-10-25 00:00:00+09:00,8660.0,8950.0,8450.0,8820.0,134585,0.0,0.0
2021-10-26 00:00:00+09:00,8740.0,9030.0,8670.0,8680.0,115518,0.0,0.0
2021-10-27 00:00:00+09:00,8650.0,8880.0,8620.0,8700.0,34292,0.0,0.0
2021-10-28 00:00:00+09:00,8650.0,8860.0,8610.0,8640.0,69211,0.0,0.0
2021-10-29 00:00:00+09:00,8640.0,8800.0,8450.0,8450.0,35732,0.0,0.0
2021-11-01 00:00:00+09:00,8450.0,8540.0,8340.0,8360.0,25386,0.0,0.0
2021-11-02 00:00:00+09:00,8410.0,10100.0,8410.0,9170.0,992130,0.0,0.0
2021-11-03 00:00:00+09:00,9110.0,9300.0,9060.0,9100.0,216724,0.0,0.0
2021-11-04 00:00:00+09:00,9100.0,9260.0,8910.0,9100.0,122942,0.0,0.0
2021-11-05 00:00:00+09:00,9100.0,9260.0,8870.0,9250.0,112482,0.0,0.0
2021-11-08 00:00:00+09:00,9150.0,9400.0,9100.0,9300.0,128303,0.0,0.0
2021-11-09 00:00:00+09:00,9370.0,9950.0,9320.0,9800.0,345066,0.0,0.0
2021-11-10 00:00:00+09:00,9750.0,11650.0,9750.0,11050.0,1785949,0.0,0.0
2021-11-11 00:00:00+09:00,11050.0,11050.0,9970.0,10000.0,562293,0.0,0.0
2021-11-12 00:00:00+09:00,10250.0,10600.0,9940.0,9940.0,236798,0.0,0.0
2021-11-15 00:00:00+09:00,10150.0,11300.0,9990.0,10900.0,533512,0.0,0.0
2021-11-16 00:00:00+09:00,10850.0,10900.0,10300.0,10600.0,191719,0.0,0.0
2021-11-17 00:00:00+09:00,10600.0,11800.0,10350.0,11800.0,517326,0.0,0.0
2021-11-18 00:00:00+09:00,11800.0,11900.0,11200.0,11550.0,220047,0.0,0.0
2021-11-19 00:00:00+09:00,11650.0,11650.0,10700.0,11300.0,166533,0.0,0.0
2021-11-22 00:00:00+09:00,11300.0,11350.0,10350.0,11000.0,162389,0.0,0.0
2021-11-23 00:00:00+09:00,10900.0,11950.0,10700.0,11200.0,195865,0.0,0.0
2021-11-24 00:00:00+09:00,11150.0,11300.0,10550.0,11300.0,118763,0.0,0.0
2021-11-25 00:00:00+09:00,11300.0,11500.0,10850.0,11200.0,129812,0.0,0.0
2021-11-26 00:00:00+09:00,11250.0,11350.0,10450.0,11200.0,172748,0.0,0.0
2021-11-29 00:00:00+09:00,11200.0,13300.0,10950.0,11600.0,1078662,0.0,0.0
2021-11-30 00:00:00+09:00,11850.0,11900.0,10150.0,10600.0,584903,0.0,0.0
2021-12-01 00:00:00+09:00,10600.0,11400.0,10450.0,10750.0,293993,0.0,0.0
2021-12-02 00:00:00+09:00,11000.0,11550.0,10850.0,11300.0,324764,0.0,0.0
2021-12-03 00:00:00+09:00,11200.0,11450.0,10400.0,10950.0,395584,0.0,0.0
2021-12-06 00:00:00+09:00,10650.0,11100.0,10300.0,10800.0,266332,0.0,0.0
2021-12-07 00:00:00+09:00,10750.0,10900.0,10300.0,10500.0,208294,0.0,0.0
2021-12-08 00:00:00+09:00,10600.0,10750.0,10300.0,10450.0,114757,0.0,0.0
2021-12-09 00:00:00+09:00,10550.0,10900.0,10450.0,10850.0,129714,0.0,0.0
2021-12-10 00:00:00+09:00,10900.0,12900.0,10750.0,11900.0,2835186,0.0,0.0
2021-12-13 00:00:00+09:00,12700.0,13550.0,12050.0,12300.0,2288051,0.0,0.0
2021-12-14 00:00:00+09:00,12450.0,12750.0,11700.0,12500.0,703322,0.0,0.0
2021-12-15 00:00:00+09:00,12400.0,13000.0,12050.0,12650.0,633714,0.0,0.0
2021-12-16 00:00:00+09:00,12800.0,14050.0,12350.0,13900.0,2193052,0.0,0.0
2021-12-17 00:00:00+09:00,13750.0,14300.0,12950.0,13100.0,1163637,0.0,0.0
2021-12-20 00:00:00+09:00,12950.0,13350.0,12500.0,13100.0,630539,0.0,0.0
2021-12-21 00:00:00+09:00,13000.0,13350.0,12700.0,13000.0,290115,0.0,0.0
2021-12-22 00:00:00+09:00,13100.0,13250.0,12650.0,12850.0,240655,0.0,0.0
2021-12-23 00:00:00+09:00,12850.0,13000.0,12300.0,12750.0,321731,0.0,0.0
2021-12-24 00:00:00+09:00,12750.0,12850.0,12250.0,12550.0,287256,0.0,0.0
2021-12-27 00:00:00+09:00,12500.0,13000.0,12450.0,12850.0,307029,0.0,0.0
2021-12-28 00:00:00+09:00,12850.0,12900.0,12250.0,12700.0,402152,0.0,0.0
2021-12-29 00:00:00+09:00,12850.0,13450.0,12700.0,12900.0,273848,0.0,0.0
2021-12-30 00:00:00+09:00,13000.0,13650.0,12750.0,13350.0,433430,0.0,0.0
2022-01-04 00:00:00+09:00,13300.0,13500.0,12850.0,13000.0,181598,0.0,0.0
2022-01-05 00:00:00+09:00,13000.0,13050.0,11800.0,11800.0,546119,0.0,0.0
2022-01-06 00:00:00+09:00,11400.0,11800.0,11000.0,11400.0,347019,0.0,0.0
2022-01-07 00:00:00+09:00,11400.0,12200.0,11400.0,12100.0,247438,0.0,0.0
2022-01-10 00:00:00+09:00,12100.0,12200.0,11500.0,12050.0,136023,0.0,0.0
2022-01-11 00:00:00+09:00,11750.0,12050.0,11650.0,11950.0,94852,0.0,0.0
2022-01-12 00:00:00+09:00,12000.0,12100.0,11850.0,11850.0,121659,0.0,0.0
2022-01-13 00:00:00+09:00,11950.0,12250.0,11800.0,11900.0,63862,0.0,0.0
2022-01-14 00:00:00+09:00,11750.0,11950.0,11600.0,11800.0,89184,0.0,0.0
2022-01-17 00:00:00+09:00,11650.0,12000.0,11600.0,11800.0,42930,0.0,0.0
2022-01-18 00:00:00+09:00,11800.0,12250.0,11300.0,11400.0,115557,0.0,0.0
2022-01-19 00:00:00+09:00,11200.0,12150.0,10900.0,11600.0,118482,0.0,0.0
2022-01-20 00:00:00+09:00,11600.0,11750.0,11100.0,11700.0,80233,0.0,0.0
2022-01-21 00:00:00+09:00,11650.0,11700.0,10500.0,10900.0,199455,0.0,0.0
2022-01-24 00:00:00+09:00,10850.0,10850.0,10400.0,10450.0,50785,0.0,0.0
2022-01-25 00:00:00+09:00,10500.0,10750.0,9850.0,10050.0,132151,0.0,0.0
2022-01-26 00:00:00+09:00,10250.0,10250.0,9940.0,10150.0,73607,0.0,0.0
2022-01-27 00:00:00+09:00,10200.0,10200.0,9410.0,9500.0,150606,0.0,0.0
2022-01-28 00:00:00+09:00,9500.0,9790.0,9230.0,9690.0,154484,0.0,0.0
2022-02-03 00:00:00+09:00,9810.0,10200.0,9780.0,9790.0,128443,0.0,0.0
2022-02-04 00:00:00+09:00,9790.0,10100.0,9730.0,9930.0,48349,0.0,0.0
2022-02-07 00:00:00+09:00,9970.0,10900.0,9860.0,10550.0,198656,0.0,0.0
2022-02-08 00:00:00+09:00,10750.0,10800.0,10300.0,10500.0,99573,0.0,0.0
2022-02-09 00:00:00+09:00,10550.0,10950.0,10350.0,10550.0,76460,0.0,0.0
2022-02-10 00:00:00+09:00,10850.0,10850.0,9810.0,9900.0,178429,0.0,0.0
2022-02-11 00:00:00+09:00,9990.0,10050.0,9730.0,9730.0,75989,0.0,0.0
2022-02-14 00:00:00+09:00,9600.0,9640.0,9050.0,9060.0,125998,0.0,0.0
2022-02-15 00:00:00+09:00,9020.0,9200.0,8750.0,8890.0,100251,0.0,0.0
2022-02-16 00:00:00+09:00,9060.0,9440.0,8880.0,9060.0,88994,0.0,0.0
2022-02-17 00:00:00+09:00,9060.0,9300.0,8800.0,8950.0,101635,0.0,0.0
2022-02-18 00:00:00+09:00,8920.0,9060.0,8730.0,9060.0,84975,0.0,0.0
2022-02-21 00:00:00+09:00,9000.0,9000.0,8610.0,8830.0,146857,0.0,0.0
2022-02-22 00:00:00+09:00,8610.0,8700.0,8490.0,8590.0,115125,0.0,0.0
2022-02-23 00:00:00+09:00,8600.0,8950.0,8600.0,8940.0,186864,0.0,0.0
2022-02-24 00:00:00+09:00,8940.0,9400.0,8730.0,8890.0,277396,0.0,0.0
2022-02-25 00:00:00+09:00,9240.0,9240.0,8950.0,9100.0,124887,0.0,0.0
2022-02-28 00:00:00+09:00,9270.0,9270.0,9000.0,9050.0,131286,0.0,0.0
2022-03-02 00:00:00+09:00,9150.0,9700.0,9080.0,9680.0,188668,0.0,0.0
2022-03-03 00:00:00+09:00,9800.0,9800.0,9510.0,9730.0,101892,0.0,0.0
2022-03-04 00:00:00+09:00,9710.0,9730.0,9320.0,9440.0,120795,0.0,0.0
2022-03-07 00:00:00+09:00,9440.0,9440.0,9030.0,9080.0,123645,0.0,0.0
2022-03-08 00:00:00+09:00,8900.0,9050.0,8880.0,8950.0,50641,0.0,0.0
2022-03-10 00:00:00+09:00,9010.0,9380.0,9010.0,9100.0,64973,0.0,0.0
2022-03-11 00:00:00+09:00,9290.0,9290.0,9030.0,9080.0,36172,0.0,0.0
2022-03-14 00:00:00+09:00,9150.0,9180.0,8970.0,9080.0,40770,0.0,0.0
2022-03-15 00:00:00+09:00,8980.0,9110.0,8910.0,9020.0,20122,0.0,0.0
2022-03-16 00:00:00+09:00,9060.0,9290.0,9020.0,9260.0,46276,0.0,0.0
2022-03-17 00:00:00+09:00,9310.0,9740.0,9300.0,9660.0,98454,0.0,0.0
2022-03-18 00:00:00+09:00,9670.0,10100.0,9500.0,9970.0,91513,0.0,0.0
2022-03-21 00:00:00+09:00,10000.0,10100.0,9760.0,9830.0,51350,0.0,0.0
2022-03-22 00:00:00+09:00,9900.0,10350.0,9770.0,10050.0,107460,0.0,0.0
2022-03-23 00:00:00+09:00,10150.0,10350.0,10000.0,10100.0,51235,0.0,0.0
2022-03-24 00:00:00+09:00,10050.0,10250.0,9880.0,10100.0,69428,0.0,0.0
2022-03-25 00:00:00+09:00,10200.0,11100.0,10100.0,10700.0,368079,0.0,0.0
2022-03-28 00:00:00+09:00,10850.0,11300.0,10700.0,10900.0,272948,0.0,0.0
2022-03-29 00:00:00+09:00,10900.0,11050.0,10350.0,10700.0,124180,0.0,0.0
2022-03-30 00:00:00+09:00,11150.0,11150.0,10600.0,10650.0,122891,0.0,0.0
2022-03-31 00:00:00+09:00,10650.0,11100.0,10600.0,10650.0,110011,0.0,0.0
2022-04-01 00:00:00+09:00,10450.0,10900.0,10400.0,10650.0,83788,0.0,0.0
2022-04-04 00:00:00+09:00,10600.0,11000.0,10300.0,10900.0,107640,0.0,0.0
2022-04-05 00:00:00+09:00,10900.0,11050.0,10650.0,10900.0,84475,0.0,0.0
2022-04-06 00:00:00+09:00,10700.0,11000.0,10250.0,10450.0,130818,0.0,0.0
2022-04-07 00:00:00+09:00,10300.0,10550.0,10250.0,10300.0,85913,0.0,0.0
2022-04-08 00:00:00+09:00,10300.0,10450.0,9870.0,10100.0,209731,0.0,0.0
2022-04-11 00:00:00+09:00,10200.0,10200.0,9680.0,9790.0,109414,0.0,0.0
2022-04-12 00:00:00+09:00,9640.0,9740.0,9360.0,9640.0,98574,0.0,0.0
2022-04-13 00:00:00+09:00,9640.0,10650.0,9630.0,10150.0,155921,0.0,0.0
2022-04-14 00:00:00+09:00,10350.0,10350.0,9960.0,9980.0,86091,0.0,0.0
2022-04-15 00:00:00+09:00,9980.0,10900.0,9980.0,10700.0,350085,0.0,0.0
2022-04-18 00:00:00+09:00,11000.0,11200.0,10750.0,10850.0,448419,0.0,0.0
2022-04-19 00:00:00+09:00,10900.0,11100.0,10550.0,11000.0,180689,0.0,0.0
2022-04-20 00:00:00+09:00,11100.0,11850.0,10950.0,11550.0,529275,0.0,0.0
2022-04-21 00:00:00+09:00,11700.0,12100.0,11300.0,11350.0,260414,0.0,0.0
2022-04-22 00:00:00+09:00,11200.0,11800.0,11200.0,11650.0,155717,0.0,0.0
2022-04-25 00:00:00+09:00,11400.0,11500.0,10850.0,10850.0,254266,0.0,0.0
2022-04-26 00:00:00+09:00,11000.0,11350.0,10850.0,11250.0,112264,0.0,0.0
2022-04-27 00:00:00+09:00,10800.0,11100.0,10700.0,11050.0,126030,0.0,0.0
2022-04-28 00:00:00+09:00,10950.0,11100.0,10550.0,10800.0,142857,0.0,0.0
2022-04-29 00:00:00+09:00,11100.0,11100.0,10750.0,11000.0,87861,0.0,0.0
2022-05-03 00:00:00+09:00,11300.0,11650.0,10850.0,11450.0,165917,0.0,0.0
2022-05-04 00:00:00+09:00,11450.0,11450.0,10950.0,11000.0,73110,0.0,0.0
2022-05-06 00:00:00+09:00,10800.0,11000.0,10700.0,10800.0,54980,0.0,0.0
2022-05-10 00:00:00+09:00,10250.0,10500.0,10050.0,10400.0,129994,0.0,0.0
2022-05-11 00:00:00+09:00,10300.0,10550.0,10200.0,10350.0,45843,0.0,0.0
2022-05-12 00:00:00+09:00,10250.0,10600.0,10050.0,10150.0,108895,0.0,0.0
2022-05-13 00:00:00+09:00,10150.0,10400.0,10000.0,10100.0,69110,0.0,0.0
2022-05-16 00:00:00+09:00,10200.0,10500.0,10100.0,10100.0,70852,0.0,0.0
2022-05-17 00:00:00+09:00,10100.0,10250.0,9940.0,10100.0,77271,0.0,0.0
2022-05-18 00:00:00+09:00,10100.0,10350.0,10100.0,10150.0,33271,0.0,0.0
2022-05-19 00:00:00+09:00,9880.0,10100.0,9840.0,10050.0,39659,0.0,0.0
2022-05-20 00:00:00+09:00,9990.0,10150.0,9990.0,10100.0,47212,0.0,0.0
2022-05-23 00:00:00+09:00,10150.0,10250.0,9960.0,10000.0,41999,0.0,0.0
2022-05-24 00:00:00+09:00,10100.0,10100.0,9790.0,9840.0,47860,0.0,0.0
2022-05-25 00:00:00+09:00,9960.0,10200.0,9870.0,10050.0,44213,0.0,0.0
2022-05-26 00:00:00+09:00,10100.0,10300.0,9970.0,9970.0,26701,0.0,0.0
2022-05-27 00:00:00+09:00,10050.0,10100.0,9920.0,9940.0,63569,0.0,0.0
2022-05-30 00:00:00+09:00,10050.0,10250.0,9970.0,10100.0,20621,0.0,0.0
2022-05-31 00:00:00+09:00,10150.0,10350.0,10050.0,10350.0,34121,0.0,0.0
2022-06-02 00:00:00+09:00,10250.0,10300.0,10050.0,10100.0,43608,0.0,0.0
2022-06-03 00:00:00+09:00,10100.0,10250.0,10050.0,10100.0,25143,0.0,0.0
2022-06-07 00:00:00+09:00,10100.0,10150.0,9850.0,9890.0,78158,0.0,0.0
2022-06-08 00:00:00+09:00,9970.0,10000.0,9880.0,9970.0,20851,0.0,0.0
2022-06-09 00:00:00+09:00,9970.0,9970.0,9760.0,9830.0,72213,0.0,0.0
2022-06-10 00:00:00+09:00,9760.0,9960.0,9690.0,9700.0,65784,0.0,0.0
2022-06-13 00:00:00+09:00,9690.0,9690.0,9220.0,9300.0,66996,0.0,0.0
2022-06-14 00:00:00+09:00,8900.0,9220.0,8840.0,9200.0,69274,0.0,0.0
2022-06-15 00:00:00+09:00,9090.0,9200.0,8800.0,8800.0,50352,0.0,0.0
2022-06-16 00:00:00+09:00,9000.0,9300.0,8950.0,9040.0,72562,0.0,0.0
2022-06-17 00:00:00+09:00,8900.0,9030.0,8690.0,9000.0,57042,0.0,0.0
2022-06-20 00:00:00+09:00,9000.0,9010.0,8300.0,8460.0,77017,0.0,0.0
2022-06-21 00:00:00+09:00,8370.0,8750.0,8370.0,8630.0,28603,0.0,0.0
2022-06-22 00:00:00+09:00,8740.0,8820.0,8050.0,8050.0,44768,0.0,0.0
2022-06-23 00:00:00+09:00,8150.0,8300.0,7660.0,7820.0,126306,0.0,0.0
2022-06-24 00:00:00+09:00,7820.0,8140.0,7750.0,8060.0,91308,0.0,0.0
2022-06-27 00:00:00+09:00,8180.0,8700.0,8020.0,8570.0,74874,0.0,0.0
2022-06-28 00:00:00+09:00,8660.0,8810.0,8360.0,8580.0,35644,0.0,0.0
2022-06-29 00:00:00+09:00,8470.0,8860.0,8340.0,8670.0,42187,0.0,0.0
2022-06-30 00:00:00+09:00,8640.0,8780.0,8420.0,8420.0,41597,0.0,0.0
2022-07-01 00:00:00+09:00,8600.0,8600.0,8150.0,8180.0,59805,0.0,0.0
2022-07-04 00:00:00+09:00,8230.0,8320.0,7860.0,8220.0,20254,0.0,0.0
2022-07-05 00:00:00+09:00,8210.0,8470.0,8100.0,8470.0,25190,0.0,0.0
2022-07-06 00:00:00+09:00,8500.0,8840.0,8270.0,8720.0,54339,0.0,0.0
2022-07-07 00:00:00+09:00,8720.0,8990.0,8660.0,8900.0,41011,0.0,0.0
2022-07-08 00:00:00+09:00,8810.0,9050.0,8770.0,8960.0,26421,0.0,0.0
2022-07-11 00:00:00+09:00,8960.0,9070.0,8850.0,8970.0,21379,0.0,0.0
2022-07-12 00:00:00+09:00,8880.0,8970.0,8680.0,8730.0,18090,0.0,0.0
2022-07-13 00:00:00+09:00,8840.0,8960.0,8690.0,8880.0,22638,0.0,0.0
2022-07-14 00:00:00+09:00,8870.0,9270.0,8800.0,9110.0,48339,0.0,0.0
2022-07-15 00:00:00+09:00,9110.0,9390.0,8910.0,9320.0,58817,0.0,0.0
2022-07-18 00:00:00+09:00,9340.0,9440.0,9140.0,9280.0,45433,0.0,0.0
2022-07-19 00:00:00+09:00,9280.0,9340.0,9170.0,9250.0,12376,0.0,0.0
2022-07-20 00:00:00+09:00,9280.0,9400.0,9220.0,9260.0,21575,0.0,0.0
2022-07-21 00:00:00+09:00,9430.0,9670.0,9280.0,9550.0,36154,0.0,0.0
2022-07-22 00:00:00+09:00,9520.0,9570.0,9360.0,9390.0,20195,0.0,0.0
2022-07-25 00:00:00+09:00,9390.0,9460.0,9240.0,9320.0,7720,0.0,0.0
2022-07-26 00:00:00+09:00,9490.0,9700.0,9270.0,9380.0,20749,0.0,0.0
2022-07-27 00:00:00+09:00,9590.0,9590.0,9300.0,9380.0,9942,0.0,0.0
2022-07-28 00:00:00+09:00,9400.0,9610.0,9400.0,9500.0,20772,0.0,0.0
2022-07-29 00:00:00+09:00,9430.0,9510.0,9220.0,9500.0,10704,0.0,0.0
2022-08-01 00:00:00+09:00,9400.0,9550.0,9360.0,9360.0,9297,0.0,0.0
2022-08-02 00:00:00+09:00,9410.0,9410.0,9200.0,9200.0,13649,0.0,0.0
2022-08-03 00:00:00+09:00,9200.0,9440.0,9170.0,9400.0,17829,0.0,0.0
2022-08-04 00:00:00+09:00,9390.0,9640.0,9350.0,9500.0,19463,0.0,0.0
2022-08-05 00:00:00+09:00,9500.0,9520.0,9400.0,9500.0,15311,0.0,0.0
2022-08-08 00:00:00+09:00,9420.0,9680.0,9370.0,9500.0,21154,0.0,0.0
2022-08-09 00:00:00+09:00,9500.0,9590.0,9320.0,9380.0,18386,0.0,0.0
2022-08-10 00:00:00+09:00,9380.0,9540.0,9260.0,9400.0,36436,0.0,0.0
2022-08-11 00:00:00+09:00,9410.0,10200.0,9410.0,10000.0,165707,0.0,0.0
2022-08-12 00:00:00+09:00,10050.0,10150.0,9850.0,9880.0,58738,0.0,0.0
2022-08-16 00:00:00+09:00,9940.0,10100.0,9610.0,9760.0,26882,0.0,0.0
2022-08-17 00:00:00+09:00,9830.0,9830.0,9650.0,9780.0,23179,0.0,0.0
2022-08-18 00:00:00+09:00,9760.0,10250.0,9650.0,10250.0,95922,0.0,0.0
2022-08-19 00:00:00+09:00,10250.0,10550.0,10050.0,10400.0,70485,0.0,0.0
2022-08-22 00:00:00+09:00,10150.0,10400.0,9950.0,10000.0,80152,0.0,0.0
2022-08-23 00:00:00+09:00,9930.0,10450.0,9820.0,10250.0,69865,0.0,0.0
2022-08-24 00:00:00+09:00,10400.0,11000.0,10300.0,10900.0,184819,0.0,0.0
2022-08-25 00:00:00+09:00,10950.0,11250.0,10850.0,11000.0,195773,0.0,0.0
2022-08-26 00:00:00+09:00,11200.0,11200.0,10850.0,11100.0,59172,0.0,0.0
2022-08-29 00:00:00+09:00,10550.0,11050.0,10500.0,10900.0,88194,0.0,0.0
2022-08-30 00:00:00+09:00,10900.0,11250.0,10900.0,11100.0,49691,0.0,0.0
2022-08-31 00:00:00+09:00,11250.0,11500.0,11000.0,11350.0,126628,0.0,0.0
2022-09-01 00:00:00+09:00,11200.0,11400.0,10850.0,11200.0,44215,0.0,0.0
2022-09-02 00:00:00+09:00,11200.0,11350.0,11050.0,11100.0,34228,0.0,0.0
2022-09-05 00:00:00+09:00,11100.0,11100.0,10800.0,10900.0,42158,0.0,0.0
2022-09-06 00:00:00+09:00,10750.0,11200.0,10750.0,11000.0,22707,0.0,0.0
2022-09-07 00:00:00+09:00,11000.0,11200.0,10750.0,11100.0,32813,0.0,0.0
2022-09-08 00:00:00+09:00,11050.0,11300.0,11000.0,11200.0,32481,0.0,0.0
2022-09-13 00:00:00+09:00,11200.0,11600.0,11100.0,11450.0,92172,0.0,0.0
2022-09-14 00:00:00+09:00,11050.0,11400.0,11000.0,11200.0,20963,0.0,0.0
2022-09-15 00:00:00+09:00,11200.0,11350.0,11000.0,11200.0,29077,0.0,0.0
2022-09-16 00:00:00+09:00,11150.0,11150.0,10850.0,10950.0,25440,0.0,0.0
2022-09-19 00:00:00+09:00,10900.0,10900.0,10250.0,10500.0,73802,0.0,0.0
2022-09-20 00:00:00+09:00,10400.0,10700.0,10350.0,10500.0,23895,0.0,0.0
2022-09-21 00:00:00+09:00,10500.0,10500.0,10100.0,10500.0,58719,0.0,0.0
2022-09-22 00:00:00+09:00,10450.0,10450.0,10150.0,10400.0,23530,0.0,0.0
2022-09-23 00:00:00+09:00,10400.0,10400.0,9940.0,9990.0,37036,0.0,0.0
2022-09-26 00:00:00+09:00,9970.0,9970.0,9360.0,9560.0,58813,0.0,0.0
2022-09-27 00:00:00+09:00,9450.0,9890.0,9450.0,9680.0,16707,0.0,0.0
2022-09-28 00:00:00+09:00,9680.0,9870.0,9030.0,9190.0,52112,0.0,0.0
2022-09-29 00:00:00+09:00,9320.0,10250.0,9300.0,9500.0,118106,0.0,0.0
2022-09-30 00:00:00+09:00,9200.0,9720.0,9080.0,9360.0,28212,0.0,0.0
2022-10-04 00:00:00+09:00,9700.0,9700.0,9320.0,9490.0,28074,0.0,0.0
2022-10-05 00:00:00+09:00,9550.0,9640.0,9210.0,9370.0,28092,0.0,0.0
2022-10-06 00:00:00+09:00,9370.0,9560.0,9360.0,9540.0,22426,0.0,0.0
2022-10-07 00:00:00+09:00,9370.0,9520.0,9260.0,9270.0,12869,0.0,0.0
2022-10-11 00:00:00+09:00,9260.0,9380.0,8930.0,9010.0,21740,0.0,0.0
2022-10-12 00:00:00+09:00,9000.0,9590.0,8820.0,9500.0,41348,0.0,0.0
2022-10-13 00:00:00+09:00,9530.0,9530.0,8970.0,8980.0,26130,0.0,0.0
2022-10-14 00:00:00+09:00,9140.0,9290.0,9030.0,9220.0,15631,0.0,0.0
2022-10-17 00:00:00+09:00,9070.0,9340.0,8950.0,9300.0,13033,0.0,0.0
2022-10-18 00:00:00+09:00,9350.0,9520.0,9240.0,9470.0,24204,0.0,0.0
2022-10-19 00:00:00+09:00,9460.0,9720.0,9310.0,9360.0,26597,0.0,0.0
2022-10-20 00:00:00+09:00,9360.0,9440.0,9140.0,9360.0,7041,0.0,0.0
2022-10-21 00:00:00+09:00,9260.0,9350.0,9030.0,9350.0,11418,0.0,0.0
2022-10-24 00:00:00+09:00,9350.0,9650.0,9310.0,9350.0,6538,0.0,0.0
2022-10-25 00:00:00+09:00,9390.0,9400.0,9260.0,9350.0,3526,0.0,0.0
2022-10-26 00:00:00+09:00,9420.0,9490.0,9220.0,9240.0,2847,0.0,0.0
2022-10-27 00:00:00+09:00,9300.0,9500.0,9120.0,9490.0,10823,0.0,0.0
2022-10-28 00:00:00+09:00,9490.0,9690.0,9320.0,9400.0,7153,0.0,0.0
2022-10-31 00:00:00+09:00,9400.0,9470.0,9300.0,9410.0,8509,0.0,0.0
2022-11-01 00:00:00+09:00,9380.0,9690.0,9220.0,9690.0,26406,0.0,0.0
2022-11-02 00:00:00+09:00,9590.0,9770.0,9490.0,9760.0,28477,0.0,0.0
2022-11-03 00:00:00+09:00,9520.0,9750.0,9340.0,9690.0,16384,0.0,0.0
2022-11-04 00:00:00+09:00,9680.0,9680.0,9390.0,9590.0,8107,0.0,0.0
2022-11-07 00:00:00+09:00,9590.0,9690.0,9430.0,9640.0,11159,0.0,0.0
2022-11-08 00:00:00+09:00,9640.0,9860.0,9610.0,9730.0,6929,0.0,0.0
2022-11-09 00:00:00+09:00,9730.0,9850.0,9680.0,9800.0,10036,0.0,0.0
2022-11-10 00:00:00+09:00,9540.0,9840.0,9540.0,9660.0,10385,0.0,0.0
2022-11-11 00:00:00+09:00,9960.0,10300.0,9800.0,10050.0,30811,0.0,0.0
2022-11-14 00:00:00+09:00,10100.0,10200.0,9550.0,9670.0,37158,0.0,0.0
2022-11-15 00:00:00+09:00,9550.0,9630.0,9450.0,9600.0,18425,0.0,0.0
2022-11-16 00:00:00+09:00,9590.0,10000.0,9320.0,9600.0,76172,0.0,0.0
2022-11-17 00:00:00+09:00,9600.0,9600.0,9320.0,9430.0,22120,0.0,0.0
2022-11-18 00:00:00+09:00,9380.0,9520.0,9300.0,9490.0,13055,0.0,0.0
2022-11-21 00:00:00+09:00,9490.0,9590.0,9310.0,9410.0,22053,0.0,0.0
2022-11-22 00:00:00+09:00,9390.0,9390.0,9120.0,9300.0,45746,0.0,0.0
2022-11-23 00:00:00+09:00,9300.0,9370.0,9120.0,9120.0,38676,0.0,0.0
2022-11-24 00:00:00+09:00,9200.0,9300.0,9160.0,9290.0,21052,0.0,0.0
2022-11-25 00:00:00+09:00,9310.0,9380.0,9210.0,9380.0,19706,0.0,0.0
2022-11-28 00:00:00+09:00,9250.0,9390.0,9140.0,9280.0,17002,0.0,0.0
2022-11-29 00:00:00+09:00,9290.0,9380.0,9150.0,9280.0,9911,0.0,0.0
2022-11-30 00:00:00+09:00,9280.0,9290.0,9100.0,9290.0,13589,0.0,0.0
2022-12-01 00:00:00+09:00,9340.0,9340.0,9080.0,9300.0,64721,0.0,0.0
2022-12-02 00:00:00+09:00,9300.0,9300.0,9180.0,9300.0,6345,0.0,0.0
2022-12-05 00:00:00+09:00,9200.0,9290.0,9090.0,9180.0,27877,0.0,0.0
2022-12-06 00:00:00+09:00,9180.0,9190.0,9040.0,9150.0,11317,0.0,0.0
2022-12-07 00:00:00+09:00,9030.0,9150.0,8940.0,9060.0,27456,0.0,0.0
2022-12-08 00:00:00+09:00,9060.0,9100.0,8890.0,8890.0,16115,0.0,0.0
2022-12-09 00:00:00+09:00,9040.0,9050.0,8850.0,8890.0,11067,0.0,0.0
2022-12-12 00:00:00+09:00,8930.0,8970.0,8380.0,8760.0,13700,0.0,0.0
2022-12-13 00:00:00+09:00,8860.0,8980.0,8660.0,8820.0,10652,0.0,0.0
2022-12-14 00:00:00+09:00,8920.0,9250.0,8810.0,9240.0,29288,0.0,0.0
2022-12-15 00:00:00+09:00,9250.0,9310.0,8840.0,9310.0,29115,0.0,0.0
2022-12-16 00:00:00+09:00,9120.0,9300.0,9040.0,9200.0,25145,0.0,0.0
2022-12-19 00:00:00+09:00,9180.0,9290.0,9030.0,9240.0,19120,0.0,0.0
2022-12-20 00:00:00+09:00,9240.0,9280.0,9080.0,9230.0,19486,0.0,0.0
2022-12-21 00:00:00+09:00,9370.0,9500.0,9210.0,9270.0,31011,0.0,0.0
2022-12-22 00:00:00+09:00,9270.0,9440.0,9240.0,9290.0,29791,0.0,0.0
2022-12-23 00:00:00+09:00,9290.0,9290.0,8830.0,8990.0,69224,0.0,0.0
2022-12-26 00:00:00+09:00,9000.0,9180.0,8800.0,8910.0,57005,0.0,0.0
2022-12-27 00:00:00+09:00,8920.0,9150.0,8800.0,9140.0,72377,0.0,0.0
2022-12-28 00:00:00+09:00,9140.0,9140.0,8850.0,9140.0,25243,0.0,0.0
2022-12-29 00:00:00+09:00,9050.0,9270.0,8860.0,9100.0,44772,0.0,0.0
2023-01-02 00:00:00+09:00,9100.0,9190.0,8780.0,8980.0,32420,0.0,0.0
2023-01-03 00:00:00+09:00,9130.0,9140.0,8780.0,9060.0,20061,0.0,0.0
2023-01-04 00:00:00+09:00,8800.0,9270.0,8800.0,9060.0,105789,0.0,0.0
2023-01-05 00:00:00+09:00,9240.0,9240.0,8830.0,8870.0,15831,0.0,0.0
2023-01-06 00:00:00+09:00,8870.0,8960.0,8780.0,8850.0,28912,0.0,0.0
2023-01-09 00:00:00+09:00,8860.0,8930.0,8670.0,8850.0,39155,0.0,0.0
2023-01-10 00:00:00+09:00,8850.0,8950.0,8780.0,8920.0,8946,0.0,0.0
2023-01-11 00:00:00+09:00,8960.0,8980.0,8780.0,8930.0,8875,0.0,0.0
2023-01-12 00:00:00+09:00,9000.0,9120.0,8870.0,9000.0,23279,0.0,0.0
2023-01-13 00:00:00+09:00,8980.0,9090.0,8810.0,8940.0,40414,0.0,0.0
2023-01-16 00:00:00+09:00,8940.0,9020.0,8910.0,8990.0,21968,0.0,0.0
2023-01-17 00:00:00+09:00,9040.0,9040.0,8800.0,8820.0,29761,0.0,0.0
2023-01-18 00:00:00+09:00,8890.0,8910.0,8720.0,8850.0,13792,0.0,0.0
2023-01-19 00:00:00+09:00,8830.0,8910.0,8670.0,8910.0,21907,0.0,0.0
2023-01-20 00:00:00+09:00,8930.0,9170.0,8890.0,9110.0,18538,0.0,0.0
2023-01-25 00:00:00+09:00,9150.0,9460.0,9140.0,9340.0,151971,0.0,0.0
2023-01-26 00:00:00+09:00,9330.0,9800.0,9330.0,9650.0,67276,0.0,0.0
2023-01-27 00:00:00+09:00,9730.0,10200.0,9450.0,10180.0,157231,0.0,0.0
2023-01-30 00:00:00+09:00,10550.0,10550.0,10000.0,10210.0,114268,0.0,0.0
2023-01-31 00:00:00+09:00,10210.0,10330.0,10020.0,10150.0,34983,0.0,0.0
2023-02-01 00:00:00+09:00,10150.0,10150.0,9730.0,9900.0,54068,0.0,0.0
2023-02-02 00:00:00+09:00,9820.0,9980.0,9690.0,9790.0,54039,0.0,0.0
2023-02-03 00:00:00+09:00,9790.0,9950.0,9720.0,9920.0,56058,0.0,0.0
2023-02-06 00:00:00+09:00,9870.0,10060.0,9810.0,9880.0,37505,0.0,0.0
2023-02-07 00:00:00+09:00,9880.0,9910.0,9610.0,9900.0,43948,0.0,0.0
2023-02-08 00:00:00+09:00,10180.0,10410.0,10090.0,10340.0,235331,0.0,0.0
2023-02-09 00:00:00+09:00,10350.0,10350.0,9960.0,10280.0,134303,0.0,0.0
2023-02-10 00:00:00+09:00,10280.0,10300.0,9530.0,10000.0,208450,0.0,0.0
2023-02-13 00:00:00+09:00,9860.0,9930.0,9320.0,9410.0,176113,0.0,0.0
2023-02-14 00:00:00+09:00,9430.0,9560.0,9360.0,9430.0,54604,0.0,0.0
2023-02-15 00:00:00+09:00,9480.0,9540.0,9200.0,9400.0,51711,0.0,0.0
2023-02-16 00:00:00+09:00,9400.0,9680.0,9300.0,9390.0,24407,0.0,0.0
2023-02-17 00:00:00+09:00,9390.0,9450.0,9130.0,9200.0,23607,0.0,0.0
2023-02-20 00:00:00+09:00,9200.0,9410.0,8940.0,9290.0,33947,0.0,0.0
2023-02-21 00:00:00+09:00,9410.0,9410.0,8900.0,9300.0,70893,0.0,0.0
2023-02-22 00:00:00+09:00,9270.0,9450.0,9130.0,9390.0,45325,0.0,0.0
2023-02-23 00:00:00+09:00,9330.0,9600.0,9300.0,9550.0,37515,0.0,0.0
2023-02-24 00:00:00+09:00,9600.0,9670.0,9110.0,9380.0,35657,0.0,0.0
2023-02-27 00:00:00+09:00,9250.0,9350.0,9010.0,9180.0,70761,0.0,0.0
2023-02-28 00:00:00+09:00,9180.0,9290.0,9000.0,9070.0,39751,0.0,0.0
2023-03-02 00:00:00+09:00,9120.0,9150.0,8900.0,8900.0,43963,0.0,0.0
2023-03-03 00:00:00+09:00,8980.0,9150.0,8900.0,8960.0,79384,0.0,0.0
2023-03-06 00:00:00+09:00,9030.0,9040.0,8900.0,9010.0,28055,0.0,0.0
2023-03-07 00:00:00+09:00,9020.0,9100.0,8880.0,8960.0,24843,0.0,0.0
2023-03-08 00:00:00+09:00,8940.0,8950.0,8590.0,8930.0,60343,0.0,0.0
2023-03-09 00:00:00+09:00,9050.0,9050.0,8710.0,8770.0,44622,0.0,0.0
2023-03-10 00:00:00+09:00,8650.0,8730.0,8420.0,8640.0,86158,0.0,0.0
2023-03-13 00:00:00+09:00,8520.0,8840.0,8150.0,8150.0,67054,0.0,0.0
2023-03-14 00:00:00+09:00,8360.0,8360.0,7800.0,7900.0,128146,0.0,0.0
2023-03-15 00:00:00+09:00,8000.0,8180.0,7970.0,8000.0,51981,0.0,0.0
2023-03-16 00:00:00+09:00,8000.0,8000.0,7450.0,7760.0,177761,0.0,0.0
2023-03-17 00:00:00+09:00,7790.0,8100.0,7600.0,7700.0,113451,0.0,0.0
2023-03-20 00:00:00+09:00,7700.0,7940.0,7620.0,7660.0,56184,0.0,0.0
2023-03-21 00:00:00+09:00,7710.0,7900.0,7590.0,7600.0,61340,0.0,0.0
2023-03-22 00:00:00+09:00,7750.0,7750.0,7590.0,7700.0,32235,0.0,0.0
2023-03-23 00:00:00+09:00,7770.0,7770.0,7450.0,7570.0,65329,0.0,0.0
2023-03-24 00:00:00+09:00,7650.0,7650.0,7480.0,7590.0,39552,0.0,0.0
2023-03-27 00:00:00+09:00,7680.0,7900.0,7450.0,7700.0,44207,0.0,0.0
2023-03-28 00:00:00+09:00,7880.0,7960.0,7680.0,7890.0,36724,0.0,0.0
2023-03-29 00:00:00+09:00,7890.0,7930.0,7760.0,7850.0,32659,0.0,0.0
2023-03-30 00:00:00+09:00,7970.0,7970.0,7710.0,7810.0,27754,0.0,0.0
2023-03-31 00:00:00+09:00,7900.0,7900.0,7610.0,7740.0,38407,0.0,0.0
2023-04-03 00:00:00+09:00,7740.0,7770.0,7610.0,7700.0,31197,0.0,0.0
2023-04-04 00:00:00+09:00,7630.0,8210.0,7630.0,8040.0,100187,0.0,0.0
2023-04-05 00:00:00+09:00,8040.0,8270.0,8030.0,8200.0,27294,0.0,0.0
2023-04-06 00:00:00+09:00,8200.0,8200.0,7880.0,7970.0,32009,0.0,0.0
2023-04-07 00:00:00+09:00,7930.0,8070.0,7910.0,8050.0,20726,0.0,0.0
2023-04-10 00:00:00+09:00,8040.0,8040.0,7750.0,7900.0,35003,0.0,0.0
2023-04-11 00:00:00+09:00,7910.0,8010.0,7810.0,7960.0,36227,0.0,0.0
2023-04-12 00:00:00+09:00,8000.0,8000.0,7850.0,7980.0,21319,0.0,0.0
2023-04-13 00:00:00+09:00,7980.0,8000.0,7870.0,7980.0,14672,0.0,0.0
2023-04-14 00:00:00+09:00,8000.0,8050.0,7870.0,7940.0,36803,0.0,0.0
2023-04-17 00:00:00+09:00,7940.0,7970.0,7770.0,7890.0,25985,0.0,0.0
2023-04-18 00:00:00+09:00,7890.0,7890.0,7710.0,7780.0,25725,0.0,0.0
2023-04-19 00:00:00+09:00,7810.0,8270.0,7770.0,8020.0,82595,0.0,0.0
2023-04-20 00:00:00+09:00,8110.0,8170.0,7880.0,7960.0,46830,0.0,0.0
2023-04-21 00:00:00+09:00,7910.0,7960.0,7720.0,7740.0,44426,0.0,0.0
2023-04-24 00:00:00+09:00,7740.0,7880.0,7700.0,7800.0,13689,0.0,0.0
2023-04-25 00:00:00+09:00,7800.0,7990.0,7520.0,7910.0,39524,0.0,0.0
2023-04-26 00:00:00+09:00,7950.0,7960.0,7770.0,7850.0,12393,0.0,0.0
2023-04-27 00:00:00+09:00,7850.0,7920.0,7610.0,7770.0,30187,0.0,0.0
2023-04-28 00:00:00+09:00,7890.0,7890.0,7710.0,7800.0,15662,0.0,0.0
2023-05-02 00:00:00+09:00,7800.0,7920.0,7730.0,7800.0,8111,0.0,0.0
2023-05-03 00:00:00+09:00,7860.0,8000.0,7750.0,7970.0,34713,0.0,0.0
2023-05-04 00:00:00+09:00,7940.0,8040.0,7850.0,8030.0,37841,0.0,0.0
2023-05-08 00:00:00+09:00,8030.0,8080.0,7930.0,8000.0,25161,0.0,0.0
2023-05-09 00:00:00+09:00,8010.0,8070.0,7560.0,7800.0,49321,0.0,0.0
2023-05-10 00:00:00+09:00,7780.0,7990.0,7750.0,7900.0,13058,0.0,0.0
2023-05-11 00:00:00+09:00,7880.0,7980.0,7820.0,7880.0,11491,0.0,0.0
2023-05-12 00:00:00+09:00,7920.0,7920.0,7640.0,7820.0,21549,0.0,0.0
2023-05-15 00:00:00+09:00,7690.0,7900.0,7160.0,7390.0,173151,0.0,0.0
2023-05-16 00:00:00+09:00,7390.0,7500.0,7100.0,7440.0,67982,0.0,0.0
2023-05-17 00:00:00+09:00,7510.0,7570.0,7360.0,7550.0,14743,0.0,0.0
2023-05-18 00:00:00+09:00,7550.0,7690.0,7480.0,7610.0,23618,0.0,0.0
2023-05-19 00:00:00+09:00,7630.0,7750.0,7570.0,7630.0,18305,0.0,0.0
2023-05-22 00:00:00+09:00,7720.0,7800.0,7600.0,7800.0,25568,0.0,0.0
2023-05-23 00:00:00+09:00,7790.0,7810.0,7700.0,7740.0,24186,0.0,0.0
2023-05-24 00:00:00+09:00,7740.0,7740.0,7620.0,7630.0,10295,0.0,0.0
2023-05-25 00:00:00+09:00,7630.0,7680.0,7530.0,7660.0,32355,0.0,0.0
2023-05-26 00:00:00+09:00,7610.0,7790.0,7610.0,7770.0,16885,0.0,0.0
2023-05-30 00:00:00+09:00,7770.0,7790.0,7630.0,7760.0,8636,0.0,0.0
2023-05-31 00:00:00+09:00,7730.0,7740.0,7380.0,7660.0,15337,0.0,0.0
2023-06-01 00:00:00+09:00,7690.0,7770.0,7560.0,7760.0,28840,0.0,0.0
2023-06-02 00:00:00+09:00,7770.0,7990.0,7770.0,7890.0,64380,0.0,0.0
2023-06-05 00:00:00+09:00,7860.0,7930.0,7730.0,7780.0,28701,0.0,0.0
2023-06-07 00:00:00+09:00,7740.0,7800.0,7600.0,7730.0,48765,0.0,0.0
2023-06-08 00:00:00+09:00,7810.0,7970.0,7770.0,7930.0,43851,0.0,0.0
2023-06-09 00:00:00+09:00,7940.0,8020.0,7840.0,7940.0,19657,0.0,0.0
2023-06-12 00:00:00+09:00,7900.0,7940.0,7700.0,7800.0,22096,0.0,0.0
2023-06-13 00:00:00+09:00,7830.0,7950.0,7830.0,7890.0,20630,0.0,0.0
2023-06-14 00:00:00+09:00,7900.0,7970.0,7730.0,7920.0,32276,0.0,0.0
2023-06-15 00:00:00+09:00,7870.0,8000.0,7860.0,7930.0,19456,0.0,0.0
2023-06-16 00:00:00+09:00,7990.0,8060.0,7810.0,8000.0,30936,0.0,0.0
2023-06-19 00:00:00+09:00,8000.0,8600.0,7940.0,8510.0,143018,0.0,0.0
2023-06-20 00:00:00+09:00,8440.0,8780.0,8300.0,8340.0,110370,0.0,0.0
2023-06-21 00:00:00+09:00,8380.0,8640.0,8360.0,8400.0,86254,0.0,0.0
2023-06-22 00:00:00+09:00,8360.0,8850.0,8360.0,8550.0,104829,0.0,0.0
2023-06-23 00:00:00+09:00,8550.0,8820.0,8360.0,8580.0,65696,0.0,0.0
2023-06-26 00:00:00+09:00,8450.0,8730.0,8450.0,8670.0,30184,0.0,0.0
2023-06-27 00:00:00+09:00,8780.0,8800.0,8520.0,8620.0,37337,0.0,0.0
2023-06-28 00:00:00+09:00,8530.0,10000.0,8510.0,8710.0,1343241,0.0,0.0
2023-06-29 00:00:00+09:00,8720.0,9090.0,8720.0,8760.0,279839,0.0,0.0
2023-06-30 00:00:00+09:00,8800.0,9190.0,8770.0,8880.0,107221,0.0,0.0
2023-07-03 00:00:00+09:00,8830.0,8970.0,8520.0,8610.0,98599,0.0,0.0
2023-07-04 00:00:00+09:00,8810.0,9690.0,8500.0,8550.0,310006,0.0,0.0
2023-07-05 00:00:00+09:00,8590.0,9080.0,8590.0,8890.0,84226,0.0,0.0
2023-07-06 00:00:00+09:00,8850.0,8940.0,8270.0,8310.0,120829,0.0,0.0
2023-07-07 00:00:00+09:00,8250.0,8510.0,8050.0,8300.0,54052,0.0,0.0
2023-07-10 00:00:00+09:00,8220.0,8380.0,8070.0,8070.0,39416,0.0,0.0
2023-07-12 00:00:00+09:00,8050.0,8210.0,7900.0,8100.0,69379,0.0,0.0
2023-07-13 00:00:00+09:00,8100.0,8180.0,8020.0,8150.0,27489,0.0,0.0
2023-07-14 00:00:00+09:00,8150.0,8170.0,7900.0,8010.0,33997,0.0,0.0
2023-07-17 00:00:00+09:00,7930.0,8060.0,7810.0,7950.0,72640,0.0,0.0
2023-07-18 00:00:00+09:00,7890.0,8080.0,7650.0,7650.0,69478,0.0,0.0
2023-07-19 00:00:00+09:00,7660.0,7990.0,7630.0,7960.0,32599,0.0,0.0
2023-07-20 00:00:00+09:00,7960.0,7960.0,7740.0,7740.0,37498,0.0,0.0
2023-07-21 00:00:00+09:00,7720.0,7790.0,7600.0,7760.0,29323,0.0,0.0
2023-07-24 00:00:00+09:00,7960.0,7960.0,7400.0,7540.0,60665,0.0,0.0
2023-07-25 00:00:00+09:00,7540.0,7600.0,7200.0,7370.0,33927,0.0,0.0
2023-07-26 00:00:00+09:00,7420.0,7510.0,7030.0,7460.0,71954,0.0,0.0
2023-07-27 00:00:00+09:00,7450.0,7700.0,7270.0,7490.0,28252,0.0,0.0
2023-07-28 00:00:00+09:00,7410.0,7500.0,7280.0,7440.0,17896,0.0,0.0
2023-07-31 00:00:00+09:00,7470.0,7470.0,7150.0,7320.0,36790,0.0,0.0
2023-08-01 00:00:00+09:00,7320.0,7600.0,7210.0,7490.0,24321,0.0,0.0
2023-08-02 00:00:00+09:00,7490.0,7530.0,7100.0,7240.0,40849,0.0,0.0
2023-08-03 00:00:00+09:00,7240.0,7290.0,7000.0,7200.0,37315,0.0,0.0
2023-08-04 00:00:00+09:00,7150.0,7420.0,7110.0,7250.0,56269,0.0,0.0
2023-08-07 00:00:00+09:00,7280.0,7310.0,7010.0,7190.0,35499,0.0,0.0
2023-08-08 00:00:00+09:00,7200.0,7350.0,7080.0,7350.0,42256,0.0,0.0
2023-08-09 00:00:00+09:00,7330.0,7330.0,7130.0,7320.0,38756,0.0,0.0
2023-08-10 00:00:00+09:00,7330.0,7800.0,7210.0,7510.0,31710,0.0,0.0
2023-08-11 00:00:00+09:00,7450.0,7700.0,7420.0,7680.0,25188,0.0,0.0
2023-08-14 00:00:00+09:00,7650.0,7690.0,7200.0,7320.0,40209,0.0,0.0
2023-08-16 00:00:00+09:00,7290.0,7290.0,6980.0,7050.0,65784,0.0,0.0
2023-08-17 00:00:00+09:00,6990.0,7270.0,6890.0,7150.0,32046,0.0,0.0
2023-08-18 00:00:00+09:00,7200.0,7200.0,6980.0,7000.0,14145,0.0,0.0
2023-08-21 00:00:00+09:00,7090.0,7450.0,6910.0,6950.0,53255,0.0,0.0
2023-08-22 00:00:00+09:00,7100.0,7100.0,6740.0,6760.0,47969,0.0,0.0
2023-08-23 00:00:00+09:00,6760.0,6800.0,6480.0,6630.0,118308,0.0,0.0
2023-08-24 00:00:00+09:00,6730.0,6940.0,6600.0,6920.0,42395,0.0,0.0
2023-08-25 00:00:00+09:00,6890.0,7060.0,6730.0,6970.0,31719,0.0,0.0
2023-08-28 00:00:00+09:00,7000.0,7060.0,6900.0,7050.0,7957,0.0,0.0
2023-08-29 00:00:00+09:00,7010.0,7170.0,7000.0,7110.0,13022,0.0,0.0
2023-08-30 00:00:00+09:00,7110.0,7130.0,7020.0,7060.0,20663,0.0,0.0
2023-08-31 00:00:00+09:00,7090.0,8100.0,7040.0,7040.0,908150,0.0,0.0
2023-09-01 00:00:00+09:00,6990.0,7160.0,6900.0,7070.0,38310,0.0,0.0
2023-09-04 00:00:00+09:00,7040.0,7100.0,6970.0,7050.0,38584,0.0,0.0
2023-09-05 00:00:00+09:00,7170.0,7170.0,6950.0,7030.0,23177,0.0,0.0
2023-09-06 00:00:00+09:00,7160.0,8250.0,7030.0,7590.0,2312903,0.0,0.0
2023-09-07 00:00:00+09:00,7590.0,8010.0,7510.0,7800.0,265919,0.0,0.0
2023-09-08 00:00:00+09:00,7800.0,7850.0,7540.0,7730.0,96781,0.0,0.0
2023-09-11 00:00:00+09:00,7730.0,7730.0,7550.0,7670.0,48155,0.0,0.0
2023-09-12 00:00:00+09:00,7600.0,7810.0,7470.0,7660.0,42327,0.0,0.0
2023-09-13 00:00:00+09:00,7630.0,7640.0,7340.0,7360.0,30568,0.0,0.0
2023-09-14 00:00:00+09:00,7360.0,7420.0,7300.0,7370.0,16558,0.0,0.0
2023-09-15 00:00:00+09:00,7520.0,8270.0,7350.0,7480.0,687754,0.0,0.0
2023-09-18 00:00:00+09:00,7450.0,7730.0,7330.0,7580.0,82689,0.0,0.0
2023-09-19 00:00:00+09:00,7580.0,7620.0,7290.0,7480.0,84517,0.0,0.0
2023-09-20 00:00:00+09:00,7400.0,7500.0,7300.0,7460.0,24036,0.0,0.0
2023-09-21 00:00:00+09:00,7340.0,7390.0,7080.0,7220.0,34741,0.0,0.0
2023-09-22 00:00:00+09:00,7100.0,7190.0,6990.0,7050.0,40573,0.0,0.0
2023-09-25 00:00:00+09:00,7190.0,7210.0,7020.0,7100.0,32360,0.0,0.0
2023-09-26 00:00:00+09:00,7210.0,7220.0,6930.0,7030.0,21383,0.0,0.0
2023-09-27 00:00:00+09:00,6940.0,7120.0,6940.0,7090.0,8500,0.0,0.0
2023-10-04 00:00:00+09:00,7180.0,7180.0,6680.0,6780.0,59444,0.0,0.0
2023-10-05 00:00:00+09:00,6950.0,6950.0,6600.0,6780.0,24307,0.0,0.0
2023-10-06 00:00:00+09:00,6780.0,7000.0,6710.0,6990.0,10823,0.0,0.0
2023-10-10 00:00:00+09:00,7100.0,7100.0,6780.0,6780.0,11287,0.0,0.0
2023-10-11 00:00:00+09:00,6730.0,7020.0,6730.0,6910.0,17027,0.0,0.0
2023-10-12 00:00:00+09:00,6910.0,7120.0,6910.0,7120.0,20897,0.0,0.0
2023-10-13 00:00:00+09:00,7100.0,7100.0,6890.0,7030.0,10970,0.0,0.0
2023-10-16 00:00:00+09:00,6890.0,7040.0,6890.0,6980.0,5852,0.0,0.0
2023-10-17 00:00:00+09:00,6920.0,7070.0,6920.0,6970.0,15954,0.0,0.0
2023-10-18 00:00:00+09:00,7030.0,7030.0,6700.0,6830.0,50853,0.0,0.0
2023-10-19 00:00:00+09:00,6850.0,6850.0,6480.0,6480.0,45458,0.0,0.0
2023-10-20 00:00:00+09:00,6420.0,6500.0,6300.0,6330.0,41983,0.0,0.0
2023-10-23 00:00:00+09:00,6330.0,6380.0,6150.0,6190.0,13930,0.0,0.0
2023-10-24 00:00:00+09:00,6110.0,6350.0,6110.0,6350.0,21858,0.0,0.0
2023-10-25 00:00:00+09:00,6400.0,6500.0,6290.0,6470.0,10158,0.0,0.0
2023-10-26 00:00:00+09:00,6470.0,6470.0,6220.0,6300.0,24083,0.0,0.0
2023-10-27 00:00:00+09:00,6200.0,6360.0,6180.0,6290.0,14033,0.0,0.0
2023-10-30 00:00:00+09:00,6250.0,6410.0,6240.0,6360.0,19080,0.0,0.0
2023-10-31 00:00:00+09:00,6300.0,6400.0,6220.0,6390.0,22997,0.0,0.0
2023-11-01 00:00:00+09:00,6770.0,6780.0,6260.0,6490.0,52790,0.0,0.0
2023-11-02 00:00:00+09:00,6510.0,6700.0,6470.0,6580.0,23602,0.0,0.0
2023-11-03 00:00:00+09:00,6690.0,6830.0,6490.0,6820.0,35138,0.0,0.0
2023-11-06 00:00:00+09:00,6760.0,6830.0,6660.0,6770.0,28507,0.0,0.0
2023-11-07 00:00:00+09:00,6770.0,6770.0,6390.0,6620.0,45466,0.0,0.0
2023-11-08 00:00:00+09:00,6530.0,6690.0,6510.0,6660.0,17643,0.0,0.0
2023-11-09 00:00:00+09:00,6680.0,6680.0,6400.0,6550.0,29316,0.0,0.0
2023-11-10 00:00:00+09:00,6540.0,6540.0,6310.0,6420.0,15831,0.0,0.0
2023-11-13 00:00:00+09:00,6370.0,6420.0,6140.0,6190.0,26003,0.0,0.0
2023-11-14 00:00:00+09:00,6230.0,7460.0,6210.0,6860.0,901002,0.0,0.0
2023-11-15 00:00:00+09:00,7080.0,7080.0,6790.0,6840.0,89617,0.0,0.0
2023-11-16 00:00:00+09:00,6920.0,7000.0,6750.0,6930.0,49682,0.0,0.0
2023-11-17 00:00:00+09:00,6840.0,6980.0,6820.0,6940.0,24055,0.0,0.0
2023-11-20 00:00:00+09:00,6880.0,6980.0,6760.0,6940.0,15031,0.0,0.0
2023-11-21 00:00:00+09:00,6850.0,7000.0,6850.0,6990.0,18200,0.0,0.0
2023-11-22 00:00:00+09:00,6990.0,7000.0,6900.0,6980.0,13879,0.0,0.0
2023-11-23 00:00:00+09:00,6980.0,7210.0,6810.0,7020.0,21501,0.0,0.0
2023-11-24 00:00:00+09:00,6970.0,7120.0,6970.0,7120.0,11155,0.0,0.0
2023-11-27 00:00:00+09:00,7190.0,7230.0,7070.0,7200.0,25957,0.0,0.0
2023-11-28 00:00:00+09:00,7210.0,7290.0,7020.0,7170.0,25136,0.0,0.0
2023-11-29 00:00:00+09:00,7160.0,7210.0,7100.0,7170.0,14306,0.0,0.0
2023-11-30 00:00:00+09:00,7230.0,8050.0,7210.0,8030.0,400194,0.0,0.0
2023-12-01 00:00:00+09:00,7950.0,8790.0,7950.0,8590.0,448800,0.0,0.0
2023-12-04 00:00:00+09:00,8500.0,9250.0,8500.0,8940.0,364833,0.0,0.0
2023-12-05 00:00:00+09:00,8950.0,9000.0,8060.0,8220.0,168344,0.0,0.0
2023-12-06 00:00:00+09:00,8150.0,8800.0,8110.0,8730.0,124916,0.0,0.0
2023-12-07 00:00:00+09:00,8930.0,8930.0,8560.0,8790.0,89943,0.0,0.0
2023-12-08 00:00:00+09:00,8850.0,9170.0,8570.0,8970.0,132112,0.0,0.0
2023-12-11 00:00:00+09:00,9090.0,9360.0,8840.0,9020.0,148032,0.0,0.0
2023-12-12 00:00:00+09:00,9100.0,9110.0,8800.0,8860.0,42199,0.0,0.0
2023-12-13 00:00:00+09:00,8860.0,9010.0,8610.0,8840.0,63037,0.0,0.0
2023-12-14 00:00:00+09:00,8850.0,8950.0,8450.0,8860.0,98795,0.0,0.0
2023-12-15 00:00:00+09:00,8860.0,8890.0,8500.0,8860.0,154624,0.0,0.0
2023-12-18 00:00:00+09:00,8870.0,9360.0,8790.0,9170.0,181259,0.0,0.0
2023-12-19 00:00:00+09:00,9180.0,9300.0,8780.0,8800.0,82836,0.0,0.0
2023-12-20 00:00:00+09:00,8940.0,9010.0,8590.0,8720.0,71739,0.0,0.0
2023-12-21 00:00:00+09:00,8620.0,9100.0,8620.0,8930.0,73686,0.0,0.0
2023-12-22 00:00:00+09:00,8880.0,8880.0,8600.0,8710.0,146252,0.0,0.0
2023-12-26 00:00:00+09:00,8700.0,9000.0,8490.0,8700.0,64990,0.0,0.0
2023-12-27 00:00:00+09:00,8630.0,9350.0,8630.0,9240.0,192851,0.0,0.0
2023-12-28 00:00:00+09:00,9350.0,9820.0,9350.0,9500.0,177400,0.0,0.0
2024-01-02 00:00:00+09:00,9390.0,9700.0,9310.0,9470.0,75176,0.0,0.0
2024-01-03 00:00:00+09:00,9400.0,9400.0,8740.0,9280.0,42790,0.0,0.0
2024-01-04 00:00:00+09:00,9300.0,9460.0,9170.0,9200.0,68458,0.0,0.0
2024-01-05 00:00:00+09:00,9200.0,9220.0,9010.0,9200.0,51725,0.0,0.0
2024-01-08 00:00:00+09:00,9200.0,10100.0,9160.0,9750.0,214776,0.0,0.0
2024-01-09 00:00:00+09:00,9750.0,9820.0,9480.0,9600.0,85050,0.0,0.0
2024-01-10 00:00:00+09:00,9650.0,9650.0,9460.0,9540.0,31592,0.0,0.0
2024-01-11 00:00:00+09:00,9590.0,9980.0,9530.0,9810.0,118939,0.0,0.0
2024-01-12 00:00:00+09:00,9800.0,9830.0,9280.0,9470.0,80767,0.0,0.0
2024-01-15 00:00:00+09:00,9470.0,9510.0,9260.0,9310.0,26416,0.0,0.0
2024-01-16 00:00:00+09:00,9410.0,9750.0,9150.0,9240.0,55332,0.0,0.0
2024-01-17 00:00:00+09:00,9190.0,9200.0,8590.0,8900.0,143758,0.0,0.0
2024-01-18 00:00:00+09:00,8730.0,9140.0,8730.0,9030.0,34269,0.0,0.0
2024-01-19 00:00:00+09:00,9030.0,9350.0,9030.0,9160.0,28225,0.0,0.0
2024-01-22 00:00:00+09:00,9320.0,9730.0,9300.0,9560.0,50950,0.0,0.0
2024-01-23 00:00:00+09:00,9800.0,9820.0,9490.0,9700.0,58655,0.0,0.0
2024-01-24 00:00:00+09:00,9600.0,9830.0,9330.0,9670.0,66580,0.0,0.0
2024-01-25 00:00:00+09:00,9670.0,9820.0,9360.0,9440.0,44722,0.0,0.0
2024-01-26 00:00:00+09:00,9460.0,9580.0,9210.0,9210.0,48562,0.0,0.0
2024-01-29 00:00:00+09:00,9510.0,9880.0,8900.0,9000.0,124676,0.0,0.0
2024-01-30 00:00:00+09:00,8940.0,9160.0,8690.0,8740.0,45541,0.0,0.0
2024-01-31 00:00:00+09:00,8680.0,8780.0,8290.0,8550.0,82955,0.0,0.0
2024-02-01 00:00:00+09:00,8360.0,8540.0,8020.0,8240.0,118795,0.0,0.0
2024-02-02 00:00:00+09:00,8240.0,8290.0,7870.0,8200.0,124902,0.0,0.0
2024-02-05 00:00:00+09:00,8210.0,8210.0,7920.0,8020.0,26298,0.0,0.0
2024-02-06 00:00:00+09:00,8020.0,8120.0,7840.0,7990.0,21308,0.0,0.0
2024-02-07 00:00:00+09:00,8150.0,8150.0,7920.0,8050.0,34958,0.0,0.0
2024-02-08 00:00:00+09:00,8120.0,8140.0,7910.0,8040.0,22387,0.0,0.0
2024-02-13 00:00:00+09:00,8140.0,8140.0,7970.0,8000.0,21977,0.0,0.0
2024-02-14 00:00:00+09:00,8000.0,8030.0,7800.0,8000.0,38359,0.0,0.0
2024-02-15 00:00:00+09:00,8060.0,8180.0,7630.0,7670.0,200474,0.0,0.0
2024-02-16 00:00:00+09:00,7740.0,8220.0,7640.0,8220.0,55685,0.0,0.0
2024-02-19 00:00:00+09:00,8220.0,8220.0,7710.0,7730.0,143688,0.0,0.0
2024-02-20 00:00:00+09:00,7730.0,7780.0,7680.0,7710.0,33982,0.0,0.0
2024-02-21 00:00:00+09:00,7710.0,7750.0,7610.0,7610.0,26970,0.0,0.0
2024-02-22 00:00:00+09:00,7630.0,7680.0,7350.0,7550.0,64259,0.0,0.0
2024-02-23 00:00:00+09:00,7540.0,7550.0,7350.0,7500.0,27583,0.0,0.0
2024-02-26 00:00:00+09:00,7410.0,7500.0,7340.0,7440.0,21102,0.0,0.0
2024-02-27 00:00:00+09:00,7450.0,7530.0,7200.0,7200.0,49014,0.0,0.0
2024-02-28 00:00:00+09:00,7200.0,7380.0,7190.0,7380.0,17214,0.0,0.0
2024-02-29 00:00:00+09:00,7300.0,7380.0,7180.0,7370.0,14226,0.0,0.0
2024-03-04 00:00:00+09:00,7360.0,7360.0,6660.0,6800.0,479292,0.0,0.0
2024-03-05 00:00:00+09:00,6850.0,6880.0,6600.0,6800.0,46549,0.0,0.0
2024-03-06 00:00:00+09:00,6800.0,7010.0,6710.0,6710.0,103488,0.0,0.0
2024-03-07 00:00:00+09:00,6730.0,6870.0,6600.0,6820.0,72595,0.0,0.0
2024-03-08 00:00:00+09:00,6900.0,6930.0,6640.0,6700.0,116554,0.0,0.0
2024-03-11 00:00:00+09:00,6770.0,6950.0,6630.0,6810.0,44796,0.0,0.0
2024-03-12 00:00:00+09:00,6930.0,7160.0,6700.0,6870.0,102992,0.0,0.0
2024-03-13 00:00:00+09:00,6980.0,7050.0,6800.0,6950.0,65563,0.0,0.0
2024-03-14 00:00:00+09:00,7010.0,7010.0,6760.0,6850.0,38899,0.0,0.0
2024-03-15 00:00:00+09:00,6850.0,6900.0,6750.0,6820.0,22797,0.0,0.0
2024-03-18 00:00:00+09:00,6830.0,6940.0,6600.0,6670.0,93675,0.0,0.0
2024-03-19 00:00:00+09:00,6680.0,6690.0,6470.0,6610.0,43887,0.0,0.0
2024-03-20 00:00:00+09:00,6580.0,6630.0,6450.0,6480.0,39762,0.0,0.0
2024-03-21 00:00:00+09:00,6500.0,6600.0,6450.0,6530.0,33996,0.0,0.0
2024-03-22 00:00:00+09:00,6590.0,6620.0,6480.0,6590.0,38331,0.0,0.0
2024-03-25 00:00:00+09:00,6590.0,6680.0,6350.0,6410.0,76822,0.0,0.0
2024-03-26 00:00:00+09:00,6410.0,6720.0,6370.0,6710.0,83499,0.0,0.0
2024-03-27 00:00:00+09:00,6720.0,6760.0,6490.0,6580.0,52693,0.0,0.0
2024-03-28 00:00:00+09:00,6720.0,6720.0,6380.0,6510.0,82366,0.0,0.0
2024-03-29 00:00:00+09:00,6530.0,6530.0,6250.0,6310.0,83542,0.0,0.0
2024-04-01 00:00:00+09:00,6330.0,7910.0,6300.0,6800.0,4974272,0.0,0.0
2024-04-02 00:00:00+09:00,6790.0,6800.0,6480.0,6570.0,329473,0.0,0.0
2024-04-03 00:00:00+09:00,6560.0,6750.0,6500.0,6530.0,215405,0.0,0.0
2024-04-04 00:00:00+09:00,6550.0,6590.0,6450.0,6480.0,144385,0.0,0.0
2024-04-05 00:00:00+09:00,6480.0,6540.0,6390.0,6400.0,83449,0.0,0.0
2024-04-08 00:00:00+09:00,6400.0,6460.0,6280.0,6300.0,105741,0.0,0.0
2024-04-09 00:00:00+09:00,6300.0,6350.0,6220.0,6310.0,63487,0.0,0.0
2024-04-11 00:00:00+09:00,6200.0,6340.0,6170.0,6290.0,36247,0.0,0.0
2024-04-12 00:00:00+09:00,6300.0,6430.0,6200.0,6250.0,57750,0.0,0.0
2024-04-15 00:00:00+09:00,6220.0,6230.0,6060.0,6220.0,76948,0.0,0.0
2024-04-16 00:00:00+09:00,6100.0,6800.0,6000.0,6060.0,611081,0.0,0.0
2024-04-17 00:00:00+09:00,6060.0,6140.0,5980.0,5990.0,65081,0.0,0.0
2024-04-18 00:00:00+09:00,6100.0,6600.0,6050.0,6350.0,390461,0.0,0.0
2024-04-19 00:00:00+09:00,6360.0,6400.0,6150.0,6320.0,51314,0.0,0.0
2024-04-22 00:00:00+09:00,6280.0,6350.0,6200.0,6260.0,34184,0.0,0.0
2024-04-23 00:00:00+09:00,6320.0,6350.0,6200.0,6230.0,30676,0.0,0.0
2024-04-24 00:00:00+09:00,6250.0,6540.0,6250.0,6480.0,73144,0.0,0.0
2024-04-25 00:00:00+09:00,6470.0,6520.0,6350.0,6410.0,45641,0.0,0.0
2024-04-26 00:00:00+09:00,6410.0,6470.0,6310.0,6390.0,49654,0.0,0.0
2024-04-29 00:00:00+09:00,6350.0,6520.0,6350.0,6450.0,24348,0.0,0.0
2024-04-30 00:00:00+09:00,6500.0,6550.0,6400.0,6500.0,33968,0.0,0.0
2024-05-02 00:00:00+09:00,6500.0,6510.0,6420.0,6460.0,23430,0.0,0.0
2024-05-03 00:00:00+09:00,6440.0,6550.0,6400.0,6550.0,40250,0.0,0.0
2024-05-07 00:00:00+09:00,6550.0,6590.0,6490.0,6530.0,29857,0.0,0.0
2024-05-08 00:00:00+09:00,6490.0,6550.0,6470.0,6530.0,25184,0.0,0.0
2024-05-09 00:00:00+09:00,6530.0,6620.0,6520.0,6590.0,36676,0.0,0.0
2024-05-10 00:00:00+09:00,6550.0,6600.0,6460.0,6480.0,30655,0.0,0.0
2024-05-13 00:00:00+09:00,6500.0,6660.0,6450.0,6620.0,47466,0.0,0.0
2024-05-14 00:00:00+09:00,6620.0,6680.0,6530.0,6620.0,30335,0.0,0.0
2024-05-16 00:00:00+09:00,6690.0,6690.0,6470.0,6470.0,50491,0.0,0.0
2024-05-17 00:00:00+09:00,6470.0,6610.0,6430.0,6480.0,59889,0.0,0.0
2024-05-20 00:00:00+09:00,6450.0,6670.0,6400.0,6530.0,147542,0.0,0.0
2024-05-21 00:00:00+09:00,6630.0,6640.0,6490.0,6570.0,58924,0.0,0.0
2024-05-22 00:00:00+09:00,6570.0,6680.0,6510.0,6550.0,63474,0.0,0.0
2024-05-23 00:00:00+09:00,6570.0,6730.0,6500.0,6650.0,63148,0.0,0.0
2024-05-24 00:00:00+09:00,6630.0,6630.0,6470.0,6540.0,39138,0.0,0.0
2024-05-27 00:00:00+09:00,6610.0,6610.0,6390.0,6420.0,45778,0.0,0.0
2024-05-28 00:00:00+09:00,6420.0,6540.0,6410.0,6510.0,27018,0.0,0.0
2024-05-29 00:00:00+09:00,6550.0,6550.0,6430.0,6490.0,42072,0.0,0.0
2024-05-30 00:00:00+09:00,6490.0,6490.0,6310.0,6390.0,49254,0.0,0.0
2024-05-31 00:00:00+09:00,6380.0,6440.0,6310.0,6370.0,40639,0.0,0.0
2024-06-03 00:00:00+09:00,6370.0,6540.0,6310.0,6370.0,14326,0.0,0.0
2024-06-04 00:00:00+09:00,6370.0,6480.0,6370.0,6480.0,35963,0.0,0.0
2024-06-05 00:00:00+09:00,6490.0,6550.0,6400.0,6540.0,23942,0.0,0.0
2024-06-07 00:00:00+09:00,6570.0,6840.0,6540.0,6790.0,125565,0.0,0.0
2024-06-10 00:00:00+09:00,6790.0,6800.0,6610.0,6680.0,37523,0.0,0.0
2024-06-11 00:00:00+09:00,6690.0,6700.0,6510.0,6570.0,14339,0.0,0.0
2024-06-12 00:00:00+09:00,6570.0,6660.0,6520.0,6560.0,13142,0.0,0.0
2024-06-13 00:00:00+09:00,6550.0,6640.0,6450.0,6480.0,28446,0.0,0.0
2024-06-14 00:00:00+09:00,6480.0,6510.0,6380.0,6480.0,33046,0.0,0.0
2024-06-17 00:00:00+09:00,6480.0,6480.0,6350.0,6440.0,15349,0.0,0.0
2024-06-18 00:00:00+09:00,6450.0,6450.0,6330.0,6370.0,18523,0.0,0.0
2024-06-19 00:00:00+09:00,6370.0,6400.0,6330.0,6390.0,9997,0.0,0.0
2024-06-20 00:00:00+09:00,6390.0,6450.0,6310.0,6360.0,13322,0.0,0.0
2024-06-21 00:00:00+09:00,6430.0,6430.0,6180.0,6240.0,44266,0.0,0.0
2024-06-24 00:00:00+09:00,6230.0,6230.0,6120.0,6150.0,25947,0.0,0.0
2024-06-25 00:00:00+09:00,6150.0,6240.0,6120.0,6180.0,16169,0.0,0.0
2024-06-26 00:00:00+09:00,6240.0,6240.0,6120.0,6170.0,9566,0.0,0.0
2024-06-27 00:00:00+09:00,6140.0,6210.0,6100.0,6140.0,8234,0.0,0.0
2024-06-28 00:00:00+09:00,6150.0,6180.0,6100.0,6170.0,21566,0.0,0.0
2024-07-01 00:00:00+09:00,6170.0,6240.0,6050.0,6080.0,29882,0.0,0.0
2024-07-02 00:00:00+09:00,6050.0,6130.0,5900.0,6120.0,39507,0.0,0.0
2024-07-03 00:00:00+09:00,6120.0,6140.0,5800.0,5850.0,51746,0.0,0.0
2024-07-04 00:00:00+09:00,5820.0,5880.0,5590.0,5700.0,102580,0.0,0.0
2024-07-05 00:00:00+09:00,5810.0,5830.0,5590.0,5790.0,43053,0.0,0.0
2024-07-08 00:00:00+09:00,5800.0,5800.0,5660.0,5800.0,22824,0.0,0.0
2024-07-09 00:00:00+09:00,5800.0,5800.0,5600.0,5640.0,26521,0.0,0.0
2024-07-10 00:00:00+09:00,5640.0,5960.0,5600.0,5650.0,31335,0.0,0.0
2024-07-11 00:00:00+09:00,5650.0,5730.0,5630.0,5670.0,11225,0.0,0.0
2024-07-12 00:00:00+09:00,5720.0,5720.0,5600.0,5660.0,16084,0.0,0.0
2024-07-15 00:00:00+09:00,5660.0,5750.0,5630.0,5680.0,12560,0.0,0.0
2024-07-16 00:00:00+09:00,5650.0,5970.0,5550.0,5750.0,71538,0.0,0.0
2024-07-17 00:00:00+09:00,5750.0,5980.0,5710.0,5910.0,52262,0.0,0.0
2024-07-18 00:00:00+09:00,5910.0,5930.0,5650.0,5880.0,28904,0.0,0.0
2024-07-19 00:00:00+09:00,5830.0,5930.0,5730.0,5830.0,12513,0.0,0.0
2024-07-22 00:00:00+09:00,5970.0,6000.0,5620.0,5810.0,55509,0.0,0.0
2024-07-23 00:00:00+09:00,5760.0,5830.0,5660.0,5700.0,29487,0.0,0.0
2024-07-24 00:00:00+09:00,5610.0,5820.0,5590.0,5760.0,37890,0.0,0.0
2024-07-25 00:00:00+09:00,5610.0,5740.0,5590.0,5730.0,22428,0.0,0.0
2024-07-26 00:00:00+09:00,5680.0,5820.0,5680.0,5740.0,9702,0.0,0.0
2024-07-29 00:00:00+09:00,5700.0,5850.0,5700.0,5850.0,17934,0.0,0.0
2024-07-30 00:00:00+09:00,5900.0,5920.0,5820.0,5860.0,15476,0.0,0.0
2024-07-31 00:00:00+09:00,5860.0,6040.0,5730.0,6040.0,26683,0.0,0.0
2024-08-01 00:00:00+09:00,6030.0,6200.0,6020.0,6180.0,34608,0.0,0.0
2024-08-02 00:00:00+09:00,6170.0,6170.0,5860.0,5990.0,28587,0.0,0.0
2024-08-05 00:00:00+09:00,5820.0,5950.0,5200.0,5330.0,84707,0.0,0.0
2024-08-06 00:00:00+09:00,5260.0,5700.0,5260.0,5700.0,34100,0.0,0.0
2024-08-07 00:00:00+09:00,5660.0,5800.0,5610.0,5780.0,13397,0.0,0.0
2024-08-08 00:00:00+09:00,5780.0,5820.0,5670.0,5710.0,18869,0.0,0.0
2024-08-09 00:00:00+09:00,5760.0,6090.0,5700.0,5950.0,13511,0.0,0.0
2024-08-12 00:00:00+09:00,5930.0,6000.0,5910.0,5940.0,5047,0.0,0.0
2024-08-13 00:00:00+09:00,6020.0,6020.0,5760.0,5760.0,37947,0.0,0.0
2024-08-14 00:00:00+09:00,5830.0,5960.0,5830.0,5920.0,24607,0.0,0.0
2024-08-16 00:00:00+09:00,5960.0,6000.0,5880.0,5950.0,13465,0.0,0.0
2024-08-19 00:00:00+09:00,5950.0,5970.0,5860.0,5920.0,19643,0.0,0.0
2024-08-20 00:00:00+09:00,5970.0,6000.0,5900.0,5950.0,18384,0.0,0.0
2024-08-21 00:00:00+09:00,5980.0,5980.0,5890.0,5980.0,8718,0.0,0.0
2024-08-22 00:00:00+09:00,5980.0,6040.0,5800.0,5930.0,14178,0.0,0.0
2024-08-23 00:00:00+09:00,5920.0,5970.0,5770.0,5900.0,20955,0.0,0.0
2024-08-26 00:00:00+09:00,5910.0,5910.0,5750.0,5790.0,13318,0.0,0.0
2024-08-27 00:00:00+09:00,5660.0,6880.0,5660.0,6850.0,3358890,0.0,0.0
2024-08-28 00:00:00+09:00,6720.0,7800.0,6330.0,6520.0,7168035,0.0,0.0
2024-08-29 00:00:00+09:00,6850.0,7530.0,6520.0,6530.0,6512810,0.0,0.0
2024-08-30 00:00:00+09:00,6610.0,6860.0,6460.0,6510.0,884234,0.0,0.0
2024-09-02 00:00:00+09:00,6660.0,6740.0,6360.0,6480.0,571695,0.0,0.0
2024-09-03 00:00:00+09:00,6430.0,7010.0,6130.0,6650.0,2457921,0.0,0.0
2024-09-04 00:00:00+09:00,6260.0,6530.0,6130.0,6250.0,465840,0.0,0.0
2024-09-05 00:00:00+09:00,6390.0,6870.0,5900.0,5930.0,2461108,0.0,0.0
2024-09-06 00:00:00+09:00,5810.0,5990.0,5360.0,5360.0,432716,0.0,0.0
2024-09-09 00:00:00+09:00,5260.0,5570.0,5240.0,5410.0,145957,0.0,0.0
2024-09-10 00:00:00+09:00,5320.0,5470.0,5040.0,5040.0,214021,0.0,0.0
2024-09-11 00:00:00+09:00,5050.0,5200.0,4980.0,5010.0,91871,0.0,0.0
2024-09-12 00:00:00+09:00,5050.0,5180.0,5050.0,5160.0,48068,0.0,0.0
2024-09-13 00:00:00+09:00,5300.0,5330.0,5090.0,5230.0,67131,0.0,0.0
2024-09-19 00:00:00+09:00,5230.0,5230.0,5060.0,5140.0,36838,0.0,0.0
2024-09-20 00:00:00+09:00,5180.0,5290.0,5140.0,5150.0,50226,0.0,0.0
2024-09-23 00:00:00+09:00,5090.0,5200.0,5020.0,5140.0,54158,0.0,0.0
2024-09-24 00:00:00+09:00,5200.0,5270.0,5090.0,5190.0,75501,0.0,0.0
2024-09-25 00:00:00+09:00,5210.0,5260.0,5140.0,5170.0,58901,0.0,0.0
2024-09-26 00:00:00+09:00,5120.0,5300.0,5100.0,5280.0,39950,0.0,0.0
2024-09-27 00:00:00+09:00,5280.0,5320.0,5220.0,5300.0,60114,0.0,0.0
2024-09-30 00:00:00+09:00,5250.0,5280.0,5150.0,5220.0,47847,0.0,0.0
2024-10-02 00:00:00+09:00,5120.0,5180.0,5060.0,5100.0,44843,0.0,0.0
2024-10-04 00:00:00+09:00,5040.0,5130.0,5020.0,5030.0,54007,0.0,0.0
2024-10-07 00:00:00+09:00,4980.0,5140.0,4980.0,5140.0,58001,0.0,0.0
2024-10-08 00:00:00+09:00,5020.0,5160.0,5020.0,5140.0,45242,0.0,0.0
2024-10-10 00:00:00+09:00,5140.0,5380.0,5050.0,5150.0,52619,0.0,0.0
2024-10-11 00:00:00+09:00,5100.0,5170.0,5050.0,5050.0,31446,0.0,0.0
