Date,Open,High,Low,Close,Volume,Dividends,Stock Splits
2006-02-20 00:00:00+09:00,1353.8702419704862,1383.5170355902778,1334.105712890625,1334.105712890625,7800,0.0,0.0
2006-02-21 00:00:00+09:00,1291.2825719624682,1311.047101125159,1291.2825719624682,1294.57666015625,3800,0.0,0.0
2006-02-22 00:00:00+09:00,1294.5769266814068,1367.0468818645897,1294.5769266814068,1347.2823486328125,4600,0.0,0.0
2006-02-23 00:00:00+09:00,1353.8702916964678,1416.457969414796,1353.8702916964678,1403.2816162109375,4600,0.0,0.0
2006-02-24 00:00:00+09:00,1386.8113005138578,1419.7521865118117,1383.5172119140625,1383.5172119140625,3400,0.0,0.0
2006-02-27 00:00:00+09:00,1429.6341965286822,1429.6341965286822,1399.9874044347694,1423.0460205078125,6200,0.0,0.0
2006-02-28 00:00:00+09:00,1423.0462483533372,1439.516691042612,1406.5758056640625,1406.5758056640625,3600,0.0,0.0
2006-03-01 00:00:00+09:00,1406.5756284843371,1406.5756284843371,1357.164306640625,1357.164306640625,9000,0.0,0.0
2006-03-02 00:00:00+09:00,1360.4583947635392,1363.7524828864532,1357.164306640625,1357.164306640625,1400,0.0,0.0
2006-03-03 00:00:00+09:00,1350.575927734375,1350.575927734375,1350.575927734375,1350.575927734375,600,0.0,0.0
2006-03-06 00:00:00+09:00,1350.5761537905091,1350.5761537905091,1334.105712890625,1334.105712890625,400,0.0,0.0
2006-03-07 00:00:00+09:00,1350.5761537905091,1350.5761537905091,1334.105712890625,1334.105712890625,2000,0.0,0.0
2006-03-08 00:00:00+09:00,1340.6939247223268,1383.51707219503,1340.6939247223268,1367.046630859375,3200,0.0,0.0
2006-03-09 00:00:00+09:00,1373.6349978146854,1413.1640625,1373.6349978146854,1413.1640625,6200,0.0,0.0
2006-03-10 00:00:00+09:00,1409.8697481638824,1429.63427734375,1409.8697481638824,1429.63427734375,4600,0.0,0.0
2006-03-13 00:00:00+09:00,1432.9283655403945,1436.2224537370391,1416.4579245571715,1429.63427734375,6800,0.0,0.0
2006-03-14 00:00:00+09:00,1436.2226295107887,1436.2226295107887,1383.5172119140625,1383.5172119140625,9000,0.0,0.0
2006-03-15 00:00:00+09:00,1403.2816542514536,1416.4580078125,1399.987565861192,1416.4580078125,1000,0.0,0.0
2006-03-16 00:00:00+09:00,1416.4579245571715,1429.63427734375,1399.9874835739486,1429.63427734375,2600,0.0,0.0
2006-03-17 00:00:00+09:00,1419.7519972780917,1419.7519972780917,1380.2229393492353,1393.3992919921875,10400,0.0,0.0
2006-03-20 00:00:00+09:00,1426.3402729832849,1426.3402729832849,1406.5757426417151,1416.4580078125,21200,0.0,0.0
2006-03-21 00:00:00+09:00,1416.4580078125,1416.4580078125,1416.4580078125,1416.4580078125,0,0.0,0.0
2006-03-22 00:00:00+09:00,1419.7520962027618,1419.7520962027618,1406.5757426417151,1416.4580078125,26600,0.0,0.0
2006-03-23 00:00:00+09:00,1416.4578240022374,1426.340087890625,1413.1637360394413,1426.340087890625,30000,0.0,0.0
2006-03-24 00:00:00+09:00,1429.6345153808593,1462.5754028320312,1419.7522491455077,1449.3990478515625,208600,0.0,0.0
2006-03-27 00:00:00+09:00,1452.69287109375,1469.1633118090986,1442.8106066645407,1452.69287109375,140400,0.0,0.0
2006-03-28 00:00:00+09:00,1451.0440660112358,1467.5332031249998,1434.5549288974719,1467.533203125,68600,2.5,0.0
2006-03-29 00:00:00+09:00,1470.8310787192395,1493.9158714345638,1457.639768596197,1474.12890625,152400,0.0,0.0
2006-03-30 00:00:00+09:00,1484.0223888422818,1487.3202163730425,1464.2354236577182,1474.12890625,278800,0.0,0.0
2006-03-31 00:00:00+09:00,1457.639499460738,1470.8308071481656,1421.3634033203125,1421.3634033203125,234600,0.0,0.0
2006-04-03 00:00:00+09:00,1421.363572234763,1464.2353273137699,1421.363572234763,1460.9375,139000,0.0,0.0
2006-04-04 00:00:00+09:00,1444.4483634311512,1474.128809255079,1434.554881489842,1460.9375,68600,0.0,0.0
2006-04-05 00:00:00+09:00,1467.5333793867098,1470.8312072055562,1431.257273379398,1441.1507568359375,57600,0.0,0.0
2006-04-06 00:00:00+09:00,1457.639624078798,1457.639624078798,1447.7461424674036,1454.341796875,31200,0.0,0.0
2006-04-07 00:00:00+09:00,1421.3636233307593,1424.6614507630813,1411.4701410337937,1418.0657958984375,45000,0.0,0.0
2006-04-10 00:00:00+09:00,1418.065748282358,1421.363575603945,1391.683129709663,1394.98095703125,35000,0.0,0.0
2006-04-11 00:00:00+09:00,1411.469994886866,1411.469994886866,1391.6830323417232,1398.2786865234375,25200,0.0,0.0
2006-04-12 00:00:00+09:00,1391.6831807699548,1394.9810082125377,1368.598388671875,1368.598388671875,32200,0.0,0.0
2006-04-13 00:00:00+09:00,1368.5983401984338,1368.5983401984338,1348.8113762437576,1362.002685546875,33400,0.0,0.0
2006-04-14 00:00:00+09:00,1375.1939939654044,1385.0874759363785,1358.704857347114,1378.4918212890625,13200,0.0,0.0
2006-04-17 00:00:00+09:00,1385.0873781600087,1401.5765136142945,1385.0873781600087,1398.2786865234375,15400,0.0,0.0
2006-04-18 00:00:00+09:00,1411.4697736672795,1418.0654268152573,1398.2784673713236,1401.5762939453125,21400,0.0,0.0
2006-04-19 00:00:00+09:00,1401.5767609589425,1401.5767609589425,1378.4919672490305,1381.789794921875,18800,0.0,0.0
2006-04-20 00:00:00+09:00,1401.5765136142945,1401.5765136142945,1385.0873781600087,1398.2786865234375,17600,0.0,0.0
2006-04-21 00:00:00+09:00,1398.2788806352457,1411.470190829918,1398.2788806352457,1408.17236328125,39200,0.0,0.0
2006-04-24 00:00:00+09:00,1394.9808594325802,1411.469994886866,1368.598242705723,1398.2786865234375,22800,0.0,0.0
2006-04-25 00:00:00+09:00,1418.0655763984555,1424.6612302421693,1411.4699225547417,1421.3634033203125,29600,0.0,0.0
2006-04-26 00:00:00+09:00,1404.8745357325818,1421.363673475922,1401.5767081839138,1408.17236328125,16800,0.0,0.0
2006-04-27 00:00:00+09:00,1404.8745596341998,1414.7680424485252,1398.2789044246497,1411.47021484375,24000,0.0,0.0
2006-04-28 00:00:00+09:00,1411.469994886866,1411.469994886866,1381.7895510691517,1398.2786865234375,31000,0.0,0.0
2006-05-01 00:00:00+09:00,1398.2784673713236,1401.5762939453125,1381.7893345013788,1401.5762939453125,17000,0.0,0.0
2006-05-02 00:00:00+09:00,1401.5765136142945,1401.5765136142945,1388.385205250866,1398.2786865234375,19000,0.0,0.0
2006-05-03 00:00:00+09:00,1398.2786865234375,1398.2786865234375,1398.2786865234375,1398.2786865234375,0,0.0,0.0
2006-05-04 00:00:00+09:00,1398.2786865234375,1398.2786865234375,1398.2786865234375,1398.2786865234375,0,0.0,0.0
2006-05-05 00:00:00+09:00,1398.2786865234375,1398.2786865234375,1398.2786865234375,1398.2786865234375,0,0.0,0.0
2006-05-08 00:00:00+09:00,1398.2786125853622,1398.2786125853622,1388.3851318359375,1388.3851318359375,15200,0.0,0.0
2006-05-09 00:00:00+09:00,1391.6829587524123,1398.2786125853622,1385.0873049194624,1388.3851318359375,17800,0.0,0.0
2006-05-10 00:00:00+09:00,1385.0875502366287,1391.6832052377556,1368.5984127338118,1371.896240234375,18600,0.0,0.0
2006-05-11 00:00:00+09:00,1322.42875940214,1345.5135507133994,1319.1309320719602,1329.0244140625,33800,0.0,0.0
2006-05-12 00:00:00+09:00,1315.833177980342,1325.7266605215477,1305.9396954391366,1322.4288330078125,17200,0.0,0.0
2006-05-15 00:00:00+09:00,1305.9396227512407,1329.0244140625,1269.6635221192616,1329.0244140625,37200,0.0,0.0
2006-05-16 00:00:00+09:00,1329.024440707289,1329.024440707289,1296.046166744329,1299.343994140625,15200,0.0,0.0
2006-05-17 00:00:00+09:00,1269.6632825713798,1296.0458962352006,1263.0676291554246,1279.5567626953125,18400,0.0,0.0
2006-05-18 00:00:00+09:00,1180.6222372519003,1220.1961669921875,1180.6222372519003,1220.1961669921875,27000,0.0,0.0
2006-05-19 00:00:00+09:00,1233.3874736585117,1253.1744384765625,1233.3874736585117,1253.1744384765625,15800,0.0,0.0
2006-05-22 00:00:00+09:00,1253.1743407562337,1269.6634768188158,1243.2808591186845,1256.47216796875,23200,0.0,0.0
2006-05-23 00:00:00+09:00,1256.4723430561955,1256.4723430561955,1223.4940663355605,1230.0897216796875,28200,0.0,0.0
2006-05-24 00:00:00+09:00,1223.4940637659145,1246.578857421875,1223.4940637659145,1246.578857421875,10200,0.0,0.0
2006-05-25 00:00:00+09:00,1253.1745127521497,1253.1745127521497,1230.089719096189,1246.578857421875,17600,0.0,0.0
2006-05-26 00:00:00+09:00,1246.5788312183001,1259.7701416015625,1236.6853484308533,1259.7701416015625,10400,0.0,0.0
2006-05-29 00:00:00+09:00,1230.089380274482,1263.0676478421624,1230.089380274482,1233.38720703125,5600,0.0,0.0
2006-05-30 00:00:00+09:00,1233.3873032078598,1233.3873032078598,1183.9198979989885,1197.1112060546875,17200,0.0,0.0
2006-05-31 00:00:00+09:00,1098.176416088721,1144.345995143502,1098.176416088721,1101.4742431640625,37800,0.0,0.0
2006-06-01 00:00:00+09:00,1108.069897676991,1131.1546872119284,1094.8785893713127,1117.96337890625,35800,0.0,0.0
2006-06-02 00:00:00+09:00,1019.0286820023148,1088.2830584490741,953.0721330054012,1068.49609375,45800,0.0,0.0
2006-06-05 00:00:00+09:00,1038.815427718624,1052.0067347372733,1002.5393334173388,1022.3262939453125,54600,0.0,0.0
2006-06-06 00:00:00+09:00,1038.8154296875,1042.1132564484126,1022.3262958829364,1038.8154296875,37000,0.0,0.0
2006-06-07 00:00:00+09:00,1038.8154512293197,1038.8154512293197,1002.539356107026,1009.135009765625,16400,0.0,0.0
2006-06-08 00:00:00+09:00,992.6461920090663,999.241847769924,933.2852901613481,934.9342041015625,52600,0.0,0.0
2006-06-09 00:00:00+09:00,934.9339848309502,981.103564328775,926.6894170634815,971.2100830078125,43000,0.0,0.0
2006-06-12 00:00:00+09:00,999.2414578524503,1022.3262440074574,992.6458046653054,1015.7305908203125,27600,0.0,0.0
2006-06-13 00:00:00+09:00,1032.2199863167696,1032.2199863167696,989.3482296965842,992.6460571289062,30800,0.0,0.0
2006-06-14 00:00:00+09:00,989.3480263986896,1022.3262939453126,986.0501996440273,1022.3262939453125,10800,0.0,0.0
2006-06-15 00:00:00+09:00,1038.8154544106012,1045.4111080893988,1028.921973892405,1042.11328125,18600,0.0,0.0
2006-06-16 00:00:00+09:00,1071.7939670712567,1104.7722429811415,1058.6026567073027,1091.5809326171875,31800,0.0,0.0
2006-06-19 00:00:00+09:00,1108.0701132015306,1134.4527349444243,1104.7722854836688,1131.1549072265625,13000,0.0,0.0
2006-06-20 00:00:00+09:00,1147.6439707880434,1147.6439707880434,1134.4526607789855,1137.75048828125,9000,0.0,0.0
2006-06-21 00:00:00+09:00,1144.346117604428,1154.2395998891923,1137.7504627479182,1150.9417724609375,34600,0.0,0.0
2006-06-22 00:00:00+09:00,1154.2394528443785,1154.2394528443785,1101.4742207143497,1147.643798828125,22400,0.0,0.0
2006-06-23 00:00:00+09:00,1150.9417982903078,1150.9417982903078,1127.8570057744564,1137.75048828125,7400,0.0,0.0
2006-06-26 00:00:00+09:00,1193.8135248540523,1203.707007104224,1193.8135248540523,1200.4091796875,31000,0.0,0.0
2006-06-27 00:00:00+09:00,1253.174416973662,1253.174416973662,1207.0048331904216,1216.8983154296875,52000,0.0,0.0
2006-06-28 00:00:00+09:00,1203.707108311147,1203.707108311147,1164.1331759831094,1180.622314453125,23800,0.0,0.0
2006-06-29 00:00:00+09:00,1207.0048604329427,1207.0048604329427,1157.537448120117,1187.2178955078125,40200,0.0,0.0
2006-06-30 00:00:00+09:00,1236.685307820638,1236.685307820638,1187.2178955078125,1187.2178955078125,15200,0.0,0.0
2006-07-03 00:00:00+09:00,1230.0897963696093,1230.0897963696093,1216.898484880391,1223.494140625,17000,0.0,0.0
2006-07-04 00:00:00+09:00,1230.089820123488,1239.9833039314515,1210.3028525075604,1226.7919921875,13800,0.0,0.0
2006-07-05 00:00:00+09:00,1203.7069335270448,1210.30258795733,1187.217797451332,1207.0047607421875,11600,0.0,0.0
2006-07-06 00:00:00+09:00,1187.217624470339,1190.5154512049787,1164.1328373278602,1167.4306640625,13400,0.0,0.0
2006-07-07 00:00:00+09:00,1183.920118144914,1183.920118144914,1167.4309800091912,1177.324462890625,5600,0.0,0.0
2006-07-10 00:00:00+09:00,1160.8353271484375,1167.4309824163263,1157.537499514493,1160.8353271484375,9800,0.0,0.0
2006-07-11 00:00:00+09:00,1177.3246655273438,1177.3246655273438,1147.6442117745535,1154.2398681640625,9600,0.0,0.0
2006-07-12 00:00:00+09:00,1160.834978272929,1160.834978272929,1114.6654052734375,1114.6654052734375,17000,0.0,0.0
2006-07-13 00:00:00+09:00,1088.2829348626965,1108.0698973147455,1088.2829348626965,1101.4742431640625,9600,0.0,0.0
2006-07-14 00:00:00+09:00,1088.2830090256211,1088.2830090256211,1055.3047360248447,1061.900390625,9800,0.0,0.0
2006-07-17 00:00:00+09:00,1061.900390625,1061.900390625,1061.900390625,1061.900390625,0,0.0,0.0
2006-07-18 00:00:00+09:00,1042.1134283603767,1048.7090829702524,1025.6242918356872,1028.922119140625,6600,0.0,0.0
2006-07-19 00:00:00+09:00,995.9436799080141,1048.708907982611,995.9436799080141,1022.3262939453125,12600,0.0,0.0
2006-07-20 00:00:00+09:00,1071.7939453125,1078.3896003605769,1065.1982902644231,1071.7939453125,25600,0.0,0.0
2006-07-21 00:00:00+09:00,1081.6874298095704,1094.8787399291994,1055.3048095703125,1055.3048095703125,7200,0.0,0.0
2006-07-24 00:00:00+09:00,1038.8154512293197,1055.304585375817,992.6458756191278,1009.135009765625,20000,0.0,0.0
2006-07-25 00:00:00+09:00,1091.5806557932208,1091.5806557932208,1022.3262939453126,1022.3262939453125,12800,0.0,0.0
2006-07-26 00:00:00+09:00,1022.3265421549479,1035.517852376302,969.5613012695312,989.3482666015625,18400,0.0,0.0
2006-07-27 00:00:00+09:00,995.9439564755088,1005.8374394868549,989.3483011346115,1002.5396118164062,8200,0.0,0.0
2006-07-28 00:00:00+09:00,1025.6242918356872,1032.219946445563,1005.8373280060598,1028.922119140625,12400,0.0,0.0
2006-07-31 00:00:00+09:00,1045.4110832093254,1061.9002170138888,1032.2197761656746,1038.8154296875,18200,0.0,0.0
2006-08-01 00:00:00+09:00,1042.1132564484126,1052.0067367311508,1038.8154296875,1038.8154296875,6800,0.0,0.0
2006-08-02 00:00:00+09:00,1038.8156719207764,1055.3048095703125,1038.8156719207764,1055.3048095703125,6600,0.0,0.0
2006-08-03 00:00:00+09:00,1055.304588607595,1058.6024154469937,1042.11328125,1042.11328125,8800,0.0,0.0
2006-08-04 00:00:00+09:00,1045.411403863194,1048.709231635633,1028.9222650009983,1032.2200927734375,6000,0.0,0.0
2006-08-07 00:00:00+09:00,1028.922057906657,1038.8155392326828,1012.4329223632812,1012.4329223632812,8200,0.0,0.0
2006-08-08 00:00:00+09:00,1022.3263170828226,1022.3263170828226,959.6676073261335,1009.135009765625,21200,0.0,0.0
2006-08-09 00:00:00+09:00,1015.730823354252,1019.0286507028048,979.4547225201717,1005.8373413085938,11800,0.0,0.0
2006-08-10 00:00:00+09:00,1019.0285034179688,1022.3263302898715,1005.8371959303574,1019.0285034179688,7600,0.0,0.0
2006-08-11 00:00:00+09:00,1002.5395266089109,1019.0286635597154,999.24169921875,999.24169921875,11400,0.0,0.0
2006-08-14 00:00:00+09:00,995.9436799080141,1028.9219474546371,995.9436799080141,1022.3262939453125,6400,0.0,0.0
2006-08-15 00:00:00+09:00,1035.5179443359375,1038.8157721841412,1028.9222886395303,1035.5179443359375,4400,0.0,0.0
2006-08-16 00:00:00+09:00,1032.2199456729347,1055.3047367902207,1032.2199456729347,1045.4112548828125,9600,0.0,0.0
2006-08-17 00:00:00+09:00,1035.5179443359375,1045.4114278805484,1035.5179443359375,1035.5179443359375,9200,0.0,0.0
2006-08-18 00:00:00+09:00,1035.517917465114,1052.0070562782528,1035.517917465114,1048.709228515625,11800,0.0,0.0
2006-08-21 00:00:00+09:00,1088.282784382256,1088.282784382256,1061.9001714275348,1065.197998046875,27400,0.0,0.0
2006-08-22 00:00:00+09:00,1068.495972050722,1088.2829344961056,1065.1981449764912,1084.985107421875,13000,0.0,0.0
2006-08-23 00:00:00+09:00,1088.2830326731612,1088.2830326731612,1075.0917231862138,1081.6873779296875,7400,0.0,0.0
2006-08-24 00:00:00+09:00,1081.6873296339563,1081.6873296339563,1055.3047118380061,1058.6025390625,9400,0.0,0.0
2006-08-25 00:00:00+09:00,1091.5809104567306,1091.5809104567306,1068.4961177884616,1071.7939453125,12200,0.0,0.0
2006-08-28 00:00:00+09:00,1071.793873302568,1071.793873302568,1045.4112548828125,1045.4112548828125,6400,0.0,0.0
2006-08-29 00:00:00+09:00,1052.0069580078125,1071.7939227352322,1052.0069580078125,1052.0069580078125,6600,0.0,0.0
2006-08-30 00:00:00+09:00,1065.198218697629,1065.198218697629,1045.4112548828125,1045.4112548828125,3200,0.0,0.0
2006-08-31 00:00:00+09:00,1045.411230164525,1065.1981935114875,1045.411230164525,1058.6025390625,8000,0.0,0.0
2006-09-01 00:00:00+09:00,1052.0069580078125,1068.4960952806623,1052.0069580078125,1052.0069580078125,4800,0.0,0.0
2006-09-04 00:00:00+09:00,1065.1982663001543,1075.0917486496912,1065.1982663001543,1068.49609375,6000,0.0,0.0
2006-09-05 00:00:00+09:00,1071.7939930953746,1081.6874761085628,1071.7939930953746,1078.3896484375,5400,0.0,0.0
2006-09-06 00:00:00+09:00,1084.9851568584502,1084.9851568584502,1055.3047118380061,1058.6025390625,8400,0.0,0.0
2006-09-07 00:00:00+09:00,1055.3048840408803,1058.602711803508,1038.8157452277417,1048.709228515625,14600,0.0,0.0
2006-09-08 00:00:00+09:00,1035.5176275712026,1055.304588607595,1035.5176275712026,1042.11328125,26200,0.0,0.0
2006-09-11 00:00:00+09:00,1042.1135277456792,1045.4113553651275,1025.6243896484375,1025.6243896484375,9200,0.0,0.0
2006-09-12 00:00:00+09:00,1022.3264909498763,1022.3264909498763,992.6460444384282,999.24169921875,17600,0.0,0.0
2006-09-13 00:00:00+09:00,1009.1352319335938,1019.0287145996094,989.3482666015625,989.3482666015625,13200,0.0,0.0
2006-09-14 00:00:00+09:00,999.2417841459576,1012.4330948277524,992.6461288050601,1002.5396118164062,6200,0.0,0.0
2006-09-15 00:00:00+09:00,1015.7308737647454,1015.7308737647454,989.3482536669597,995.9439086914062,4800,0.0,0.0
2006-09-18 00:00:00+09:00,995.9439086914061,995.9439086914061,995.9439086914061,995.9439086914062,0,0.0,0.0
2006-09-19 00:00:00+09:00,1002.5394410372556,1019.0285765806316,1002.5394410372556,1012.4329223632812,10400,0.0,0.0
2006-09-20 00:00:00+09:00,1042.1132544732864,1042.1132544732864,1022.3262939453126,1022.3262939453125,30800,0.0,0.0
2006-09-21 00:00:00+09:00,1038.8156010554387,1038.8156010554387,1022.3264645307493,1028.922119140625,5600,0.0,0.0
2006-09-22 00:00:00+09:00,1012.4329223632812,1022.3264036893067,1012.4329223632812,1012.4329223632812,11400,0.0,0.0
2006-09-25 00:00:00+09:00,1035.5178725067824,1035.5178725067824,1019.0287344095408,1025.6243896484375,36800,0.0,0.0
2006-09-26 00:00:00+09:00,1009.1350097656249,1022.3263170828226,1009.1350097656249,1009.135009765625,8400,0.0,0.0
2006-09-27 00:00:00+09:00,1022.3266094561202,1035.5179205458767,1015.7309539112421,1032.2200927734375,6200,0.0,0.0
2006-09-28 00:00:00+09:00,1025.6242918356872,1035.517773750501,1025.6242918356872,1028.922119140625,3000,0.0,0.0
2006-09-29 00:00:00+09:00,1028.9222172678858,1035.5178725067824,1022.3265620289891,1025.6243896484375,4000,0.0,0.0
2006-10-02 00:00:00+09:00,1019.0287344095408,1032.220044887334,1019.0287344095408,1025.6243896484375,7800,0.0,0.0
2006-10-03 00:00:00+09:00,1022.3264645307493,1028.922119140625,1019.0286372258114,1028.922119140625,5600,0.0,0.0
2006-10-04 00:00:00+09:00,1028.9219707414215,1032.2197975707209,1005.8371829363255,1009.135009765625,6800,0.0,0.0
2006-10-05 00:00:00+09:00,1032.220116487734,1035.5179443359375,1009.1353215503085,1035.5179443359375,10400,0.0,0.0
2006-10-06 00:00:00+09:00,1032.220116487734,1035.5179443359375,1022.3266329431231,1035.5179443359375,9800,0.0,0.0
2006-10-09 00:00:00+09:00,1035.5179443359375,1035.5179443359375,1035.5179443359375,1035.5179443359375,0,0.0,0.0
2006-10-10 00:00:00+09:00,1028.9219474546371,1028.9219474546371,1005.8371601720011,1022.3262939453125,9800,0.0,0.0
2006-10-11 00:00:00+09:00,1005.837366858194,1005.837366858194,992.6460571289062,992.6460571289062,9200,0.0,0.0
2006-10-12 00:00:00+09:00,989.3482666015625,989.3482666015625,982.7526114908854,989.3482666015625,10600,0.0,0.0
2006-10-13 00:00:00+09:00,982.7525995474227,992.6460820932022,982.7525995474227,987.6993408203125,27600,0.0,0.0
2006-10-16 00:00:00+09:00,992.6460571289062,992.6460571289062,982.7525748319404,992.6460571289062,18600,0.0,0.0
2006-10-17 00:00:00+09:00,1002.5395768229166,1002.5395768229166,986.0504390462239,989.3482666015625,14200,0.0,0.0
2006-10-18 00:00:00+09:00,986.0505981445314,987.6995121882512,982.7527700570914,986.0505981445312,7600,0.0,0.0
2006-10-19 00:00:00+09:00,995.9438718285892,999.24169921875,982.7525622679456,999.24169921875,21000,0.0,0.0
2006-10-20 00:00:00+09:00,1012.4330087793936,1012.4330087793936,999.24169921875,999.24169921875,18600,0.0,0.0
2006-10-23 00:00:00+09:00,999.2416866114883,1005.8373413085938,995.9438592629355,1005.8373413085938,22600,0.0,0.0
2006-10-24 00:00:00+09:00,1005.8374394868549,1009.1352671573037,999.2417841459576,1002.5396118164062,18800,0.0,0.0
2006-10-25 00:00:00+09:00,1009.1352671573037,1009.1352671573037,999.2417841459576,1002.5396118164062,19000,0.0,0.0
2006-10-26 00:00:00+09:00,999.24169921875,1002.5395266089109,999.24169921875,999.24169921875,6200,0.0,0.0
2006-10-27 00:00:00+09:00,999.2417371237218,999.2417371237218,987.6993408203125,987.6993408203125,14600,0.0,0.0
2006-10-30 00:00:00+09:00,989.348279709784,989.348279709784,981.1037107122024,982.7526245117188,21000,0.0,0.0
2006-10-31 00:00:00+09:00,979.4546260281356,981.1035395399675,959.6676638861532,967.9122314453125,23600,0.0,0.0
2006-11-01 00:00:00+09:00,967.9122195687593,979.4546140099541,962.9654790939616,974.5078735351562,19000,0.0,0.0
2006-11-02 00:00:00+09:00,976.1571279198231,979.4549560546874,962.965815380366,979.4549560546875,12400,0.0,0.0
2006-11-03 00:00:00+09:00,979.4549560546874,979.4549560546874,979.4549560546874,979.4549560546875,0,0.0,0.0
2006-11-06 00:00:00+09:00,981.1034535553496,984.4012802899894,958.0186664128707,972.85888671875,19000,0.0,0.0
2006-11-07 00:00:00+09:00,974.5079829881172,982.7525513721114,974.5079829881172,981.1036376953125,12000,0.0,0.0
2006-11-08 00:00:00+09:00,972.8590210794181,984.4014162447671,959.6677123190192,966.2633666992188,27600,0.0,0.0
2006-11-09 00:00:00+09:00,966.2633179334806,967.9122314453125,964.6144044216487,967.9122314453125,12800,0.0,0.0
2006-11-10 00:00:00+09:00,964.6144409179688,967.9122680664062,956.369873046875,956.369873046875,12200,0.0,0.0
2006-11-13 00:00:00+09:00,949.7741939920776,949.7741939920776,934.9339722109513,936.5828857421875,12200,0.0,0.0
2006-11-14 00:00:00+09:00,936.5829464577879,949.7742555628272,936.5829464577879,944.8275146484375,14200,0.0,0.0
2006-11-15 00:00:00+09:00,941.5296752502868,954.7209841854922,939.8807616333861,943.1785888671875,20200,0.0,0.0
2006-11-16 00:00:00+09:00,941.5295410156249,956.3697614519483,941.5295410156249,941.529541015625,18800,0.0,0.0
2006-11-17 00:00:00+09:00,939.8806762695314,953.0719840066475,936.5828493352523,939.8806762695312,23000,0.0,0.0
2006-11-20 00:00:00+09:00,954.7209345857863,954.7209345857863,936.5828857421876,936.5828857421875,41600,0.0,0.0
2006-11-21 00:00:00+09:00,938.2317742060425,938.2317742060425,923.3915528214127,925.0404663085938,8200,0.0,0.0
2006-11-22 00:00:00+09:00,918.4449090619459,931.6362183482934,913.4981680795655,929.9873046875,12800,0.0,0.0
2006-11-23 00:00:00+09:00,929.9873046874999,929.9873046874999,929.9873046874999,929.9873046875,0,0.0,0.0
2006-11-24 00:00:00+09:00,931.6361202573181,931.6361202573181,921.7426393342315,925.0404663085938,11000,0.0,0.0
2006-11-27 00:00:00+09:00,921.7426639610613,938.2317992734238,913.4980963048802,936.5828857421875,20800,0.0,0.0
2006-11-28 00:00:00+09:00,926.6893685324151,939.8806762695314,925.0404550652755,939.8806762695312,15800,0.0,0.0
2006-11-29 00:00:00+09:00,931.6363128714999,951.4232788085938,931.6363128714999,951.4232788085938,18200,0.0,0.0
2006-11-30 00:00:00+09:00,953.0721187624381,958.0188598632811,946.4764639613139,958.0188598632812,17200,0.0,0.0
2006-12-01 00:00:00+09:00,964.6144409179688,964.6144409179688,953.0720458984375,956.369873046875,21800,0.0,0.0
2006-12-04 00:00:00+09:00,956.369727316279,962.9653806081153,954.7208139933198,961.3164672851562,8400,0.0,0.0
2006-12-05 00:00:00+09:00,953.0719714977619,969.5611059527405,934.9339235972855,938.2317504882812,40600,0.0,0.0
2006-12-06 00:00:00+09:00,941.5295897366708,956.3698109409266,923.3915415981361,939.8806762695312,35800,0.0,0.0
2006-12-07 00:00:00+09:00,933.285226699591,953.0721926366849,933.285226699591,951.4232788085938,15400,0.0,0.0
2006-12-08 00:00:00+09:00,931.6362055433982,953.072082839087,931.6362055433982,944.8275146484375,50000,0.0,0.0
2006-12-11 00:00:00+09:00,958.0186748337619,958.0186748337619,933.2849741065564,941.529541015625,22800,0.0,0.0
2006-12-12 00:00:00+09:00,956.3699461630001,958.0188598632811,946.4764639613139,958.0188598632812,31600,0.0,0.0
2006-12-13 00:00:00+09:00,946.4764758762215,959.6677856445311,946.4764758762215,959.6677856445312,25600,0.0,0.0
2006-12-14 00:00:00+09:00,956.3698368624894,972.8589719808082,953.0720098388256,967.9122314453125,52200,0.0,0.0
2006-12-15 00:00:00+09:00,969.5614716500946,986.050612324416,966.2636435152303,979.4549560546875,61800,0.0,0.0
2006-12-18 00:00:00+09:00,992.6460820932022,992.6460820932022,979.454772032163,987.6993408203125,35600,0.0,0.0
2006-12-19 00:00:00+09:00,987.6995121882512,987.6995121882512,977.8060279259315,986.0505981445312,29000,0.0,0.0
2006-12-20 00:00:00+09:00,986.0503896581065,1005.8373539990719,986.0503896581065,999.24169921875,93600,0.0,0.0
2006-12-21 00:00:00+09:00,1005.8373912280757,1005.8373912280757,986.0504261547366,995.9439086914062,37800,0.0,0.0
2006-12-22 00:00:00+09:00,989.3483548550993,992.6461827046163,972.8592156075143,976.1570434570312,24200,0.0,0.0
2006-12-25 00:00:00+09:00,986.0503787257092,986.0503787257092,976.1568966649161,981.1036376953125,24600,0.0,0.0
2006-12-26 00:00:00+09:00,971.2103016827558,977.8059573817898,967.9124738332388,976.1570434570312,26800,0.0,0.0
2006-12-27 00:00:00+09:00,971.2102528358189,977.8059082031249,971.2102528358189,977.805908203125,16800,0.0,0.0
2006-12-28 00:00:00+09:00,972.8589230492003,976.1567499069942,969.5610961914064,969.5610961914062,15200,0.0,0.0
2006-12-29 00:00:00+09:00,976.1571279198231,984.4016982569838,972.8592997849589,979.4549560546875,25800,0.0,0.0
2007-01-04 00:00:00+09:00,989.3480487898283,1009.1350097656249,989.3480487898283,1009.135009765625,19800,0.0,0.0
2007-01-05 00:00:00+09:00,1009.135194290516,1009.135194290516,992.6460571289062,992.6460571289062,23600,0.0,0.0
2007-01-09 00:00:00+09:00,989.3482170482673,1002.5395266089109,982.7525622679456,999.24169921875,17000,0.0,0.0
2007-01-10 00:00:00+09:00,989.3480203919491,992.6458471265889,972.85888671875,972.85888671875,23400,0.0,0.0
2007-01-11 00:00:00+09:00,974.5081295322728,986.0505270055824,972.8592156075143,976.1570434570312,14200,0.0,0.0
2007-01-12 00:00:00+09:00,982.7526114908854,992.6460941569011,981.1036977132161,989.3482666015625,16600,0.0,0.0
2007-01-15 00:00:00+09:00,987.6993033531869,999.24169921875,987.6993033531869,999.24169921875,9400,0.0,0.0
2007-01-16 00:00:00+09:00,999.2417119935501,999.2417119935501,986.0504022642623,992.6460571289062,15200,0.0,0.0
2007-01-17 00:00:00+09:00,995.9439217122396,995.9439217122396,981.1036977132161,989.3482666015625,17400,0.0,0.0
2007-01-18 00:00:00+09:00,987.6995121882512,992.6462543194111,986.0505981445314,986.0505981445312,18800,0.0,0.0
2007-01-19 00:00:00+09:00,992.6460571289062,995.9438845612282,987.6993159804233,992.6460571289062,22200,0.0,0.0
2007-01-22 00:00:00+09:00,1019.0287501686497,1025.6244055095472,999.2417841459576,1002.5396118164062,83200,0.0,0.0
2007-01-23 00:00:00+09:00,999.2417362036293,1005.8373912280757,987.6993399108482,995.9439086914062,40000,0.0,0.0
2007-01-24 00:00:00+09:00,999.2417362036293,1002.5395637158525,992.6460811791829,995.9439086914062,25000,0.0,0.0
2007-01-25 00:00:00+09:00,1005.8374394868549,1012.4330948277524,995.9439564755088,1002.5396118164062,44000,0.0,0.0
2007-01-26 00:00:00+09:00,1005.8374394868549,1009.1352671573037,995.9439564755088,1002.5396118164062,17600,0.0,0.0
2007-01-29 00:00:00+09:00,1005.8371110395951,1019.028417413885,1005.8371110395951,1015.7305908203125,30400,0.0,0.0
2007-01-30 00:00:00+09:00,1022.3263170828226,1028.9219707414215,1005.8371829363255,1009.135009765625,35000,0.0,0.0
2007-01-31 00:00:00+09:00,1019.0287501686497,1019.0287501686497,992.6461288050601,1002.5396118164062,16400,0.0,0.0
2007-02-01 00:00:00+09:00,1002.5395637158525,1002.5395637158525,989.3482536669597,995.9439086914062,27400,0.0,0.0
2007-02-02 00:00:00+09:00,1009.1352453039797,1012.4330729030123,982.7526245117188,982.7526245117188,44800,0.0,0.0
2007-02-05 00:00:00+09:00,987.6991070246293,989.3480203919491,972.85888671875,972.85888671875,35800,0.0,0.0
2007-02-06 00:00:00+09:00,972.8592156075143,977.8059573817898,972.8592156075143,976.1570434570312,15800,0.0,0.0
2007-02-07 00:00:00+09:00,974.50788549264,976.1567990044718,966.2633179334806,967.9122314453125,39600,0.0,0.0
2007-02-08 00:00:00+09:00,966.2634283646863,971.2101694655295,958.0188598632811,958.0188598632812,22600,0.0,0.0
2007-02-09 00:00:00+09:00,956.3699467976888,962.9656016031901,949.7742919921875,949.7742919921875,56200,0.0,0.0
2007-02-13 00:00:00+09:00,949.7740985576924,971.2099723098625,949.7740985576924,964.6143188476562,26200,0.0,0.0
2007-02-14 00:00:00+09:00,972.8592997849589,982.7527841895517,966.2636435152303,979.4549560546875,19200,0.0,0.0
2007-02-15 00:00:00+09:00,989.3482545779424,992.6460820932022,979.454772032163,987.6993408203125,28800,0.0,0.0
2007-02-16 00:00:00+09:00,992.6461073088166,992.6461073088166,979.4547969126862,982.7526245117188,11000,0.0,0.0
2007-02-19 00:00:00+09:00,987.6993159804233,992.6460571289062,987.6993159804233,992.6460571289062,12800,0.0,0.0
2007-02-20 00:00:00+09:00,1012.4330087793936,1012.4330087793936,989.3482170482673,999.24169921875,43200,0.0,0.0
2007-02-21 00:00:00+09:00,999.24169921875,1002.5395266089109,992.6460444384282,999.24169921875,8400,0.0,0.0
2007-02-22 00:00:00+09:00,989.3482170482673,1002.5395266089109,989.3482170482673,999.24169921875,19000,0.0,0.0
2007-02-23 00:00:00+09:00,999.24169921875,999.24169921875,989.3482170482673,999.24169921875,13600,0.0,0.0
2007-02-26 00:00:00+09:00,1002.5395901059145,1002.5395901059145,979.4547969126862,982.7526245117188,54200,0.0,0.0
2007-02-27 00:00:00+09:00,982.7526497286045,987.699391254084,958.0189421012067,977.805908203125,42400,0.0,0.0
2007-02-28 00:00:00+09:00,948.1253895972602,969.5612679707634,890.4134093609052,959.6677856445312,45200,0.0,0.0
2007-03-01 00:00:00+09:00,967.9121205769926,972.8588605458699,954.7208139933198,961.3164672851562,24400,0.0,0.0
2007-03-02 00:00:00+09:00,961.3166993655699,966.263440528686,954.721044481415,959.6677856445312,17200,0.0,0.0
2007-03-05 00:00:00+09:00,958.0191124151115,959.6680265500772,929.9875721206935,933.285400390625,35000,0.0,0.0
2007-03-06 00:00:00+09:00,929.9871954666942,946.4763301380895,928.3382819995546,939.8806762695312,24800,0.0,0.0
2007-03-07 00:00:00+09:00,946.476281161066,959.6675882155756,941.5295410156249,941.529541015625,18600,0.0,0.0
2007-03-08 00:00:00+09:00,943.178564453125,956.369873046875,943.178564453125,956.369873046875,8400,0.0,0.0
2007-03-09 00:00:00+09:00,949.7743033182988,962.9656130866086,949.7743033182988,959.6677856445312,25800,0.0,0.0
2007-03-12 00:00:00+09:00,969.5611938893184,976.1568482695178,959.6677123190192,966.2633666992188,10600,0.0,0.0
2007-03-13 00:00:00+09:00,971.2101694655295,971.2101694655295,958.0188598632811,958.0188598632812,7600,0.0,0.0
2007-03-14 00:00:00+09:00,959.6679132047784,959.6679132047784,934.9342041015625,934.9342041015625,30200,0.0,0.0
2007-03-15 00:00:00+09:00,939.880858313519,948.1254272460938,939.880858313519,948.1254272460938,10800,0.0,0.0
2007-03-16 00:00:00+09:00,956.3697614519483,961.3165015973893,941.5295410156249,941.529541015625,11200,0.0,0.0
2007-03-19 00:00:00+09:00,943.1786371866862,949.7742919921875,941.5297234853109,949.7742919921875,20600,0.0,0.0
2007-03-20 00:00:00+09:00,977.8058242666536,979.4547379669347,951.4232050621571,958.0188598632812,44600,0.0,0.0
2007-03-22 00:00:00+09:00,956.369727316279,972.8588605458699,956.369727316279,961.3164672851562,16200,0.0,0.0
2007-03-23 00:00:00+09:00,959.6677123190192,966.2633666992186,959.6677123190192,966.2633666992188,19200,0.0,0.0
2007-03-26 00:00:00+09:00,972.8589964566166,972.8589964566166,959.6676880300862,962.9655151367188,16600,0.0,0.0
2007-03-27 00:00:00+09:00,969.6762560864429,973.0315372493718,957.9327720161918,959.6104125976562,13400,25.0,0.0
2007-03-28 00:00:00+09:00,966.3210479573712,969.6763293738899,944.51171875,944.51171875,18600,0.0,0.0
2007-03-29 00:00:00+09:00,946.1891399603239,969.6761044274242,946.1891399603239,961.2879028320312,12800,0.0,0.0
2007-03-30 00:00:00+09:00,956.2551314347274,973.0315372493718,956.2551314347274,959.6104125976562,21600,0.0,0.0
2007-04-02 00:00:00+09:00,947.8666440016931,962.965404702605,932.7678833007811,932.7678833007812,22000,0.0,0.0
2007-04-03 00:00:00+09:00,931.0903780577612,941.15621998271,919.3468958119877,921.0245361328125,25600,0.0,0.0
2007-04-04 00:00:00+09:00,932.7680104026658,939.4785716285843,932.7680104026658,936.123291015625,11200,0.0,0.0
2007-04-05 00:00:00+09:00,937.801025390625,939.4786658653846,929.412823016827,937.801025390625,18200,0.0,0.0
2007-04-06 00:00:00+09:00,934.4457302541888,951.2221347470826,922.7022471091631,927.7351684570312,14200,0.0,0.0
2007-04-09 00:00:00+09:00,941.156221980302,946.1891429534587,931.0903800339886,942.8338623046875,10400,0.0,0.0
2007-04-10 00:00:00+09:00,936.123291015625,941.1562119350639,931.0903700961861,936.123291015625,9800,0.0,0.0
2007-04-11 00:00:00+09:00,932.7680003031927,932.7680003031927,926.0574391499323,929.4127197265625,11400,0.0,0.0
2007-04-12 00:00:00+09:00,924.3798088702677,939.4785716285843,919.3468879508289,936.123291015625,21200,0.0,0.0
2007-04-13 00:00:00+09:00,922.7023180793313,926.0575992359835,910.9588340310489,912.636474609375,28600,0.0,0.0
2007-04-16 00:00:00+09:00,921.0247105029744,927.7352730567302,905.925944757024,914.3141479492188,26000,0.0,0.0
2007-04-17 00:00:00+09:00,915.9916897594269,921.0246111317314,904.2482065573829,909.2811279296875,21600,0.0,0.0
2007-04-18 00:00:00+09:00,904.2483041185851,915.9917885876577,904.2483041185851,914.3141479492188,10600,0.0,0.0
2007-04-19 00:00:00+09:00,919.3470369226792,919.3470369226792,904.2482717177447,912.636474609375,26800,0.0,0.0
2007-04-20 00:00:00+09:00,904.2482627586082,907.6035438820169,902.570622196904,905.9259033203125,43200,0.0,0.0
2007-04-23 00:00:00+09:00,905.9259033203125,912.6364655671297,905.9259033203125,905.9259033203125,23600,0.0,0.0
2007-04-24 00:00:00+09:00,909.2812260339019,917.6694292260966,907.6035853954629,914.3141479492188,20600,0.0,0.0
2007-04-25 00:00:00+09:00,922.7022132095026,926.0574939848099,904.2481689453125,904.2481689453125,19000,0.0,0.0
2007-04-26 00:00:00+09:00,904.2482206255476,905.9258611090829,894.1823777243355,897.5376586914062,21400,0.0,0.0
2007-04-27 00:00:00+09:00,892.5045166015625,897.5374368079623,889.1492364639627,892.5045166015625,25600,0.0,0.0
2007-05-01 00:00:00+09:00,892.5047372408002,904.2482206255476,892.5047372408002,897.5376586914062,14000,0.0,0.0
2007-05-02 00:00:00+09:00,900.8929771224805,904.2482582290819,895.8600554625783,902.5706176757812,16800,0.0,0.0
2007-05-07 00:00:00+09:00,914.3141151877011,914.3141151877011,905.9259122960708,912.636474609375,20800,0.0,0.0
2007-05-08 00:00:00+09:00,915.9917038966269,919.3469848632812,912.6364229299726,919.3469848632812,13600,0.0,0.0
2007-05-09 00:00:00+09:00,922.7021764536373,924.379816774462,921.0245361328125,921.0245361328125,18000,0.0,0.0
2007-05-10 00:00:00+09:00,926.0574009613202,926.0574009613202,921.0244803039218,924.3797607421875,10400,0.0,0.0
2007-05-11 00:00:00+09:00,932.7680481283422,942.8338903743315,932.7680481283422,941.15625,38400,0.0,0.0
2007-05-14 00:00:00+09:00,967.9986528744904,969.67629352072,962.9657309358016,964.6433715820312,43800,0.0,0.0
2007-05-15 00:00:00+09:00,937.800954457876,939.4785948057433,931.0903930664062,931.0903930664062,42800,0.0,0.0
2007-05-16 00:00:00+09:00,937.801025390625,937.801025390625,936.1233849158655,937.801025390625,8800,0.0,0.0
2007-05-17 00:00:00+09:00,941.1562017447682,941.1562017447682,929.4127197265625,929.4127197265625,11600,0.0,0.0
2007-05-18 00:00:00+09:00,905.9259033203125,907.6035438820169,900.8929816351997,905.9259033203125,34800,0.0,0.0
2007-05-21 00:00:00+09:00,917.6693586818392,917.6693586818392,905.9258751155268,907.603515625,46200,0.0,0.0
2007-05-22 00:00:00+09:00,907.6034594231986,912.6363806399631,907.6034594231986,910.958740234375,20000,0.0,0.0
2007-05-23 00:00:00+09:00,909.2811844437211,919.3470278139469,905.9259033203125,905.9259033203125,27600,0.0,0.0
2007-05-24 00:00:00+09:00,907.6035528743969,912.636474609375,907.6035528743969,912.636474609375,19400,0.0,0.0
2007-05-25 00:00:00+09:00,900.8929725760845,902.5706131209189,897.5376914864156,899.21533203125,40200,0.0,0.0
2007-05-28 00:00:00+09:00,892.5047934927591,894.1824340820312,890.827152903487,894.1824340820312,39400,0.0,0.0
2007-05-29 00:00:00+09:00,897.5375034746606,897.5375034746606,892.5045828944288,895.85986328125,36800,0.0,0.0
2007-05-30 00:00:00+09:00,894.1820897516214,895.8597296948702,887.4715299786261,889.149169921875,44200,0.0,0.0
2007-05-31 00:00:00+09:00,899.2151436680712,899.2151436680712,890.8269427010183,895.85986328125,36600,0.0,0.0
2007-06-01 00:00:00+09:00,905.9258609966639,926.0575467965898,905.9258609966639,919.3469848632812,49600,0.0,0.0
2007-06-04 00:00:00+09:00,931.0903600148777,932.7680003031927,929.4127197265625,929.4127197265625,21600,0.0,0.0
2007-06-05 00:00:00+09:00,934.4456507091454,936.123291015625,932.7680104026658,936.123291015625,30000,0.0,0.0
2007-06-06 00:00:00+09:00,942.8338623046875,947.8667832778442,939.4785816559164,942.8338623046875,48800,0.0,0.0
2007-06-07 00:00:00+09:00,941.1563483704913,946.1892700195314,939.4787078208112,946.1892700195312,29800,0.0,0.0
2007-06-08 00:00:00+09:00,939.4784436122976,941.1560836901767,932.7678833007811,932.7678833007812,44400,0.0,0.0
2007-06-11 00:00:00+09:00,947.8669105692113,947.8669105692113,942.8339889201712,946.1892700195312,31200,0.0,0.0
2007-06-12 00:00:00+09:00,936.1231634565394,939.4784436122976,932.7678833007811,932.7678833007812,9400,0.0,0.0
2007-06-13 00:00:00+09:00,926.0574720228041,932.7680334142736,926.0574720228041,931.0903930664062,10400,0.0,0.0
2007-06-14 00:00:00+09:00,939.4785766601562,942.8338572910853,937.8009363446916,939.4785766601562,27000,0.0,0.0
2007-06-15 00:00:00+09:00,939.4787078208112,946.1892700195314,937.8010672711313,946.1892700195312,20000,0.0,0.0
2007-06-18 00:00:00+09:00,949.5446166992189,949.5446166992189,944.5116947025798,949.5446166992188,27800,0.0,0.0
2007-06-19 00:00:00+09:00,946.1893353681262,949.5446166992189,946.1893353681262,949.5446166992188,11600,0.0,0.0
2007-06-20 00:00:00+09:00,952.8995361328125,954.5771761612153,951.2218961044097,952.8995361328125,19600,0.0,0.0
2007-06-21 00:00:00+09:00,954.5773645233689,956.2550048828125,951.2220838044819,956.2550048828125,34800,0.0,0.0
2007-06-22 00:00:00+09:00,952.8995361328125,956.2548161896182,949.5442560760068,952.8995361328125,21200,0.0,0.0
2007-06-25 00:00:00+09:00,961.2878312846689,962.9654714788829,954.5772705078125,954.5772705078125,56000,0.0,0.0
2007-06-26 00:00:00+09:00,957.9326452422561,959.6102856016996,956.2550048828125,956.2550048828125,15400,0.0,0.0
2007-06-27 00:00:00+09:00,964.6433343420496,964.6433343420496,959.6104125976562,959.6104125976562,97000,0.0,0.0
2007-06-28 00:00:00+09:00,962.9657309358016,964.6433715820312,954.5775277046534,964.6433715820312,44800,0.0,0.0
2007-06-29 00:00:00+09:00,964.6431705869477,974.7090123669855,961.2878899936018,973.0313720703125,40400,0.0,0.0
2007-07-02 00:00:00+09:00,964.6431152763236,976.3865966796875,964.6431152763236,976.3865966796875,28200,0.0,0.0
2007-07-03 00:00:00+09:00,978.0644249066916,979.7420654296875,971.3538628147073,979.7420654296875,32000,0.0,0.0
2007-07-04 00:00:00+09:00,979.7416597192341,981.4192995475204,973.0311004060886,974.708740234375,26400,0.0,0.0
2007-07-05 00:00:00+09:00,971.3534605778023,976.3863800626614,971.3534605778023,974.708740234375,20800,0.0,0.0
2007-07-06 00:00:00+09:00,973.0315748131793,973.0315748131793,961.288090289572,964.6433715820312,16400,0.0,0.0
2007-07-09 00:00:00+09:00,962.2944641113281,969.6760813395183,962.2944641113281,966.32080078125,21600,0.0,0.0
2007-07-10 00:00:00+09:00,964.6433343420496,969.6762560864429,959.6104125976562,959.6104125976562,9800,0.0,0.0
2007-07-11 00:00:00+09:00,952.8999222912967,952.8999222912967,944.51171875,944.51171875,23800,0.0,0.0
2007-07-12 00:00:00+09:00,947.8668114973261,954.5773729946524,936.1233288770053,941.15625,18400,0.0,0.0
2007-07-13 00:00:00+09:00,946.1893636787887,954.5775672575014,942.8340822473037,947.8670043945312,17000,0.0,0.0
2007-07-17 00:00:00+09:00,947.8670043945312,947.8670043945312,942.8340822473037,947.8670043945312,17000,0.0,0.0
2007-07-18 00:00:00+09:00,937.8009363446916,939.4785766601562,937.8009363446916,939.4785766601562,13600,0.0,0.0
2007-07-19 00:00:00+09:00,949.5446166992189,949.5446166992189,944.5116947025798,949.5446166992188,23800,0.0,0.0
2007-07-20 00:00:00+09:00,959.6102856016996,959.6102856016996,951.2220838044819,956.2550048828125,41400,0.0,0.0
2007-07-23 00:00:00+09:00,947.8669105692113,951.2221916685713,946.1892700195314,946.1892700195312,16800,0.0,0.0
2007-07-24 00:00:00+09:00,951.2222858260163,951.2222858260163,946.1893636787887,947.8670043945312,23800,0.0,0.0
2007-07-25 00:00:00+09:00,937.8008035344185,939.4784436122976,931.0902432229021,932.7678833007812,25200,0.0,0.0
2007-07-26 00:00:00+09:00,937.800921168138,937.800921168138,929.4127197265625,929.4127197265625,12000,0.0,0.0
2007-07-27 00:00:00+09:00,924.379920719732,924.379920719732,905.9258751155268,907.603515625,16800,0.0,0.0
2007-07-30 00:00:00+09:00,907.6033585508592,924.3797607421874,907.6033585508592,924.3797607421875,19000,0.0,0.0
2007-07-31 00:00:00+09:00,926.0576709591475,944.51171875,924.3800302508881,944.51171875,14400,0.0,0.0
2007-08-01 00:00:00+09:00,932.7679512539992,932.7679512539992,915.991549253028,917.669189453125,13800,0.0,0.0
2007-08-02 00:00:00+09:00,931.09044935561,931.09044935561,919.3469662105842,927.7351684570312,16400,0.0,0.0
2007-08-03 00:00:00+09:00,921.0245361328125,926.0574570952868,917.6692554911629,921.0245361328125,18200,0.0,0.0
2007-08-06 00:00:00+09:00,909.2811419633183,939.478670663207,909.2811419633183,919.3469848632812,10000,0.0,0.0
2007-08-07 00:00:00+09:00,927.7351825420674,927.7351825420674,915.99169921875,915.99169921875,4600,0.0,0.0
2007-08-08 00:00:00+09:00,910.9587304959272,924.3798535971563,892.5046862317371,904.2481689453125,34600,0.0,0.0
2007-08-09 00:00:00+09:00,879.0833907228445,882.4386708401072,858.9517100192678,870.6951904296875,72800,0.0,0.0
2007-08-10 00:00:00+09:00,850.5636215209961,860.6294631958008,838.8201395670574,845.5307006835938,34600,0.0,0.0
2007-08-13 00:00:00+09:00,867.3399103124248,882.4386708401072,865.6622702537934,870.6951904296875,28200,0.0,0.0
2007-08-14 00:00:00+09:00,870.6952845646784,875.7282052847055,860.6294431246243,872.3729248046875,7600,0.0,0.0
2007-08-15 00:00:00+09:00,858.9518898221344,860.6295302319432,843.8531261338547,848.8860473632812,21400,0.0,0.0
2007-08-16 00:00:00+09:00,842.1754857240459,852.241328182899,832.1096432651927,848.8860473632812,21800,0.0,0.0
2007-08-17 00:00:00+09:00,843.8531978386493,843.8531978386493,808.6227462390239,811.97802734375,34200,0.0,0.0
2007-08-20 00:00:00+09:00,820.3660815135543,842.175404743976,818.6884412650602,835.46484375,22800,0.0,0.0
2007-08-21 00:00:00+09:00,835.4648867051596,845.5307287136555,833.7872463704103,843.8530883789062,18200,0.0,0.0
2007-08-22 00:00:00+09:00,840.4978077094077,847.2083690484048,840.4978077094077,843.8530883789062,22600,0.0,0.0
2007-08-23 00:00:00+09:00,863.984630195162,872.3728304883189,860.6293500778992,870.6951904296875,20200,0.0,0.0
2007-08-24 00:00:00+09:00,870.6952793901952,870.6952793901952,855.596517319845,869.0176391601562,10000,0.0,0.0
2007-08-27 00:00:00+09:00,874.0505264842994,879.0834469822897,867.3399658203125,867.3399658203125,44600,0.0,0.0
2007-08-28 00:00:00+09:00,870.6952671595982,887.4716692243304,869.017626953125,880.7611083984375,19800,0.0,0.0
2007-08-29 00:00:00+09:00,870.695246152306,870.695246152306,863.9846854883191,867.3399658203125,23400,0.0,0.0
2007-08-30 00:00:00+09:00,875.7281877790178,885.7940290178572,874.0505475725447,880.7611083984375,10200,0.0,0.0
2007-08-31 00:00:00+09:00,895.8599765840814,912.6363806399631,895.8599765840814,910.958740234375,36400,0.0,0.0
2007-09-03 00:00:00+09:00,910.9587870649858,922.7022705078125,910.9587870649858,922.7022705078125,31000,0.0,0.0
2007-09-04 00:00:00+09:00,927.7350944519043,939.4785766601562,924.3798138209752,939.4785766601562,38800,0.0,0.0
2007-09-05 00:00:00+09:00,941.1562017447682,946.1891226097134,924.3797988616172,929.4127197265625,36400,0.0,0.0
2007-09-06 00:00:00+09:00,929.4128324751421,929.4128324751421,910.9587870649858,922.7022705078125,26400,0.0,0.0
2007-09-07 00:00:00+09:00,915.99157495687,937.8008981701288,915.99157495687,934.4456176757812,22400,0.0,0.0
2007-09-10 00:00:00+09:00,934.4457586537237,934.4457586537237,919.3469941512398,926.0575561523438,21000,0.0,0.0
2007-09-11 00:00:00+09:00,926.0574570952868,927.7350974161117,915.991615170338,921.0245361328125,16400,0.0,0.0
2007-09-12 00:00:00+09:00,924.3797607421874,932.7679618378515,921.0244803039218,924.3797607421875,20800,0.0,0.0
2007-09-13 00:00:00+09:00,929.4128089063206,929.4128089063206,926.0575280077418,927.7351684570312,6600,0.0,0.0
2007-09-14 00:00:00+09:00,927.7350944519043,942.8338572910853,927.7350944519043,939.4785766601562,46200,0.0,0.0
2007-09-18 00:00:00+09:00,939.4787238625919,939.4787238625919,904.2482717177447,912.636474609375,32000,0.0,0.0
2007-09-19 00:00:00+09:00,926.0574720228041,931.0903930664062,912.6363492398649,931.0903930664062,35400,0.0,0.0
2007-09-20 00:00:00+09:00,949.5444518716577,951.2220922459893,939.4786096256684,941.15625,51800,0.0,0.0
2007-09-21 00:00:00+09:00,932.7678833007811,941.1560836901767,929.412603145023,932.7678833007812,39000,0.0,0.0
2007-09-25 00:00:00+09:00,946.1891379220145,946.1891379220145,934.4456557137626,939.4785766601562,19600,0.0,0.0
2007-09-26 00:00:00+09:00,941.1563063401443,942.8339468149039,926.0575420673077,937.801025390625,11000,0.0,0.0
2007-09-27 00:00:00+09:00,929.412767379679,946.1891711229946,922.7022058823529,941.15625,27400,0.0,0.0
2007-09-28 00:00:00+09:00,932.7680203583742,946.1891429534587,929.412739709603,942.8338623046875,14800,0.0,0.0
2007-10-01 00:00:00+09:00,942.8339468149039,942.8339468149039,932.7681039663462,937.801025390625,17800,0.0,0.0
2007-10-02 00:00:00+09:00,942.8336959623955,954.5771761612153,937.800775877187,952.8995361328125,28800,0.0,0.0
2007-10-03 00:00:00+09:00,954.5772705078125,956.2549107020266,952.8996303135984,954.5772705078125,14600,0.0,0.0
2007-10-04 00:00:00+09:00,954.5773645233689,956.2550048828125,944.5115223667078,956.2550048828125,11800,0.0,0.0
2007-10-05 00:00:00+09:00,944.5117229630463,947.8670043945312,939.4788008158187,947.8670043945312,13200,0.0,0.0
2007-10-09 00:00:00+09:00,947.8668869529872,961.2880110160384,947.8668869529872,951.22216796875,23000,0.0,0.0
2007-10-10 00:00:00+09:00,957.9327538672915,959.6103944169715,944.5116294698513,946.1892700195312,12200,0.0,0.0
2007-10-11 00:00:00+09:00,947.8668030855948,956.2550048828125,947.8668030855948,956.2550048828125,10400,0.0,0.0
2007-10-12 00:00:00+09:00,958.2681532890348,958.2681532890348,942.8338623046875,942.8338623046875,10400,0.0,0.0
2007-10-15 00:00:00+09:00,944.51171875,957.9328444160745,942.8340780417407,944.51171875,18000,0.0,0.0
2007-10-16 00:00:00+09:00,954.5773579365499,954.5773579365499,931.0903930664062,931.0903930664062,17400,0.0,0.0
2007-10-17 00:00:00+09:00,936.4589225408381,936.4589225408381,922.7022705078125,922.7022705078125,17400,0.0,0.0
2007-10-18 00:00:00+09:00,926.057486631016,946.1891711229946,926.057486631016,941.15625,12400,0.0,0.0
2007-10-19 00:00:00+09:00,941.8274936167851,944.51171875,941.8274936167851,944.51171875,12400,0.0,0.0
2007-10-22 00:00:00+09:00,957.9326221938741,964.6431834701884,944.5114996412453,961.2879028320312,71000,0.0,0.0
2007-10-23 00:00:00+09:00,947.866616047604,956.2548161896182,947.866616047604,952.8995361328125,27800,0.0,0.0
2007-10-24 00:00:00+09:00,954.5774156456614,954.5774156456614,922.7022471091631,927.7351684570312,26200,0.0,0.0
2007-10-25 00:00:00+09:00,936.1231634565394,936.1231634565394,932.7678833007811,932.7678833007812,26200,0.0,0.0
2007-10-26 00:00:00+09:00,944.1760735553244,944.1760735553244,926.0575561523438,926.0575561523438,26200,0.0,0.0
2007-10-29 00:00:00+09:00,937.8010850386187,961.2880531791208,937.8010850386187,959.6104125976562,30400,0.0,0.0
2007-10-30 00:00:00+09:00,932.7682100437556,949.5446166992189,932.7682100437556,949.5446166992188,30400,0.0,0.0
2007-10-31 00:00:00+09:00,949.5443499251703,954.5772705078125,936.1232283714576,954.5772705078125,19600,0.0,0.0
2007-11-01 00:00:00+09:00,957.9324951171875,962.9654154067699,929.4126134762205,957.9324951171875,21400,0.0,0.0
2007-11-02 00:00:00+09:00,958.9394044262782,958.9394044262782,949.5446166992189,949.5446166992188,21400,0.0,0.0
2007-11-05 00:00:00+09:00,949.5444185529436,949.5444185529436,934.4456557137626,939.4785766601562,13200,0.0,0.0
2007-11-06 00:00:00+09:00,953.5707398783,953.5707398783,929.4127197265625,929.4127197265625,13200,0.0,0.0
2007-11-07 00:00:00+09:00,899.2153822032683,914.3141479492186,899.2153822032683,914.3141479492188,13200,0.0,0.0
2007-11-08 00:00:00+09:00,877.4060281893102,894.1824340820312,877.4060281893102,894.1824340820312,13200,0.0,0.0
2007-11-09 00:00:00+09:00,891.1625739216141,904.2481689453125,891.1625739216141,904.2481689453125,13200,0.0,0.0
2007-11-12 00:00:00+09:00,904.9192002756158,904.9192002756158,887.4717407226562,887.4717407226562,13200,0.0,0.0
2007-11-13 00:00:00+09:00,873.7150850183823,884.116455078125,873.7150850183823,884.116455078125,13200,0.0,0.0
2007-11-14 00:00:00+09:00,891.1625544373824,891.1625544373824,890.8270263671876,890.8270263671875,13200,0.0,0.0
2007-11-15 00:00:00+09:00,890.827138264974,905.9259033203125,890.827138264974,905.9259033203125,10400,0.0,0.0
2007-11-16 00:00:00+09:00,884.4519449248569,884.4519449248569,879.08349609375,879.08349609375,10400,0.0,0.0
2007-11-19 00:00:00+09:00,878.0769498821453,884.116455078125,878.0769498821453,884.116455078125,10400,0.0,0.0
2007-11-20 00:00:00+09:00,895.1890037254051,905.9259033203125,895.1890037254051,905.9259033203125,10400,0.0,0.0
2007-11-21 00:00:00+09:00,906.596845666343,906.596845666343,890.8270263671876,890.8270263671875,10400,0.0,0.0
2007-11-22 00:00:00+09:00,892.5050442090026,900.8932495117188,892.5050442090026,900.8932495117188,10400,0.0,0.0
2007-11-26 00:00:00+09:00,922.7021205230546,929.412681399586,909.280998769992,924.3797607421875,22800,0.0,0.0
2007-11-27 00:00:00+09:00,912.9718225119572,934.4456176757812,912.9718225119572,934.4456176757812,10400,0.0,0.0
2007-11-28 00:00:00+09:00,934.4456176757812,934.4456176757812,934.4456176757812,934.4456176757812,10400,0.0,0.0
2007-11-29 00:00:00+09:00,938.4720254010695,941.15625,938.4720254010695,941.15625,10400,0.0,0.0
2007-11-30 00:00:00+09:00,940.6858056750242,949.5446166992189,940.6858056750242,949.5446166992188,10400,0.0,0.0
2007-12-03 00:00:00+09:00,956.2551793614041,956.2551793614041,949.5446166992189,949.5446166992188,10400,0.0,0.0
2007-12-04 00:00:00+09:00,934.4456737621412,942.8338755014781,929.4127527185389,931.0903930664062,21000,0.0,0.0
2007-12-05 00:00:00+09:00,929.7482578510024,936.123291015625,929.7482578510024,936.123291015625,21000,0.0,0.0
2007-12-06 00:00:00+09:00,936.1233010071453,942.8338623046875,936.1233010071453,942.8338623046875,21000,0.0,0.0
2007-12-07 00:00:00+09:00,956.2550894923942,959.610370508157,951.22216796875,951.22216796875,26800,0.0,0.0
2007-12-10 00:00:00+09:00,954.5774908532629,959.6104125976562,954.5774908532629,959.6104125976562,26800,0.0,0.0
2007-12-11 00:00:00+09:00,973.0313720703125,974.7090123669855,971.3537317736395,973.0313720703125,19800,0.0,0.0
2007-12-12 00:00:00+09:00,967.9984410603842,967.9984410603842,959.6102396647136,966.32080078125,15400,0.0,0.0
2007-12-13 00:00:00+09:00,964.6432920318011,964.6432920318011,951.22216796875,951.22216796875,15400,0.0,0.0
2007-12-14 00:00:00+09:00,959.6100962464238,959.6100962464238,949.5442560760068,952.8995361328125,27200,0.0,0.0
2007-12-17 00:00:00+09:00,947.1957170383905,947.1957170383905,936.123291015625,936.123291015625,27200,0.0,0.0
2007-12-18 00:00:00+09:00,922.7021359455649,934.4456176757812,922.7021359455649,934.4456176757812,12800,0.0,0.0
2007-12-19 00:00:00+09:00,946.8879770629645,954.5772705078125,946.8879770629645,954.5772705078125,27200,0.0,0.0
2007-12-20 00:00:00+09:00,952.2288660079929,952.2288660079929,944.51171875,944.51171875,27200,0.0,0.0
2007-12-21 00:00:00+09:00,944.8469573813709,954.5772705078125,944.8469573813709,954.5772705078125,27200,0.0,0.0
2007-12-25 00:00:00+09:00,956.5903830399656,957.9324951171875,956.5903830399656,957.9324951171875,27200,0.0,0.0
2007-12-26 00:00:00+09:00,964.643160502116,967.9984410603842,964.643160502116,966.32080078125,7600,0.0,0.0
2007-12-27 00:00:00+09:00,964.3077495933826,964.3077495933826,962.9656372070314,962.9656372070312,7600,0.0,0.0
2007-12-28 00:00:00+09:00,962.9656755163315,962.9656755163315,946.1892700195314,946.1892700195312,7600,0.0,0.0
2008-01-04 00:00:00+09:00,937.80135284367,937.80135284367,900.8932495117188,900.8932495117188,15000,0.0,0.0
2008-01-07 00:00:00+09:00,897.5376960158791,902.5706176757812,897.5376960158791,902.5706176757812,7600,0.0,0.0
2008-01-08 00:00:00+09:00,902.5705037973328,902.5705037973328,887.4717407226562,887.4717407226562,7600,0.0,0.0
2008-01-09 00:00:00+09:00,887.4718295113216,907.603515625,887.4718295113216,907.603515625,7600,0.0,0.0
2008-01-10 00:00:00+09:00,887.4717407226562,887.4717407226562,887.4717407226562,887.4717407226562,7600,0.0,0.0
2008-01-11 00:00:00+09:00,875.7281106055816,875.7281106055816,870.6951904296875,870.6951904296875,7600,0.0,0.0
2008-01-15 00:00:00+09:00,867.3400581586479,867.3400581586479,847.2083740234375,847.2083740234375,7600,0.0,0.0
2008-01-16 00:00:00+09:00,845.5309183372641,845.5309183372641,800.2346191406249,800.234619140625,29600,0.0,0.0
2008-01-17 00:00:00+09:00,833.7871704101562,833.7871704101562,833.7871704101562,833.7871704101562,29600,0.0,0.0
2008-01-18 00:00:00+09:00,811.9778761643629,872.3729248046874,811.9778761643629,872.3729248046875,31400,0.0,0.0
2008-01-21 00:00:00+09:00,882.4387652489447,885.7940457251765,822.0437166767736,832.1095581054688,66400,0.0,0.0
2008-01-22 00:00:00+09:00,822.0437790175616,822.0437790175616,791.8462524414062,791.8462524414062,66400,0.0,0.0
2008-01-23 00:00:00+09:00,823.7214965820312,827.0767776271719,815.3332939691796,823.7214965820312,19600,0.0,0.0
2008-01-24 00:00:00+09:00,810.3003270766314,860.629539938534,810.3003270766314,855.5966186523438,19200,0.0,0.0
2008-01-25 00:00:00+09:00,880.7612869525275,880.7612869525275,863.9848814867651,877.406005859375,23200,0.0,0.0
2008-01-28 00:00:00+09:00,889.4848446395047,889.4848446395047,865.662353515625,865.662353515625,23200,0.0,0.0
2008-01-29 00:00:00+09:00,882.1031428283809,882.1031428283809,870.6951904296875,870.6951904296875,23200,0.0,0.0
2008-01-30 00:00:00+09:00,880.761225083295,882.4388655120251,853.9189782236137,855.5966186523438,17200,0.0,0.0
2008-01-31 00:00:00+09:00,894.1823361784933,910.9587402343749,894.1823361784933,910.958740234375,17200,0.0,0.0
2008-02-01 00:00:00+09:00,884.1165348231235,900.8929396584768,884.1165348231235,897.5376586914062,24800,0.0,0.0
2008-02-04 00:00:00+09:00,905.9257895259534,905.9257895259534,890.8270263671876,890.8270263671875,24000,0.0,0.0
2008-02-05 00:00:00+09:00,890.1558205052427,892.5045166015625,890.1558205052427,892.5045166015625,24000,0.0,0.0
2008-02-06 00:00:00+09:00,848.885981241862,855.5965423583984,843.8530604044597,845.5307006835938,14200,0.0,0.0
2008-02-07 00:00:00+09:00,845.5307386048446,850.5636596679688,845.5307386048446,850.5636596679688,14200,0.0,0.0
2008-02-08 00:00:00+09:00,853.9189588083215,853.9189588083215,842.1754760742188,842.1754760742188,14200,0.0,0.0
2008-02-12 00:00:00+09:00,842.5109507717419,842.5109507717419,827.07666015625,827.07666015625,14200,0.0,0.0
2008-02-13 00:00:00+09:00,838.8202514648438,838.8202514648438,838.8202514648438,838.8202514648438,14200,0.0,0.0
2008-02-14 00:00:00+09:00,864.3203913834951,864.3203913834951,863.98486328125,863.98486328125,14200,0.0,0.0
2008-02-15 00:00:00+09:00,860.629539938534,870.6953825109146,852.2413377948836,855.5966186523438,18400,0.0,0.0
2008-02-18 00:00:00+09:00,865.6623256543159,867.3399658203125,865.6623256543159,867.3399658203125,18400,0.0,0.0
2008-02-19 00:00:00+09:00,877.4060137713398,905.9259033203125,877.4060137713398,905.9259033203125,18400,0.0,0.0
2008-02-20 00:00:00+09:00,902.5704437609345,902.5704437609345,869.0176391601562,869.0176391601562,54000,0.0,0.0
2008-02-21 00:00:00+09:00,884.1162500921284,905.9255693543631,872.3727704893868,889.149169921875,14600,0.0,0.0
2008-02-22 00:00:00+09:00,877.4059869014856,885.794189453125,877.4059869014856,885.794189453125,9000,0.0,0.0
2008-02-25 00:00:00+09:00,929.4127377369365,929.4127377369365,910.9586942078637,921.0245361328125,29000,0.0,0.0
2008-02-26 00:00:00+09:00,898.8795488630022,898.8795488630022,892.5045166015625,892.5045166015625,29000,0.0,0.0
2008-02-27 00:00:00+09:00,915.9917038966269,929.4128277632442,915.9917038966269,919.3469848632812,12400,0.0,0.0
2008-02-28 00:00:00+09:00,907.6035853954629,915.9917885876577,897.5377415648294,914.3141479492188,13200,0.0,0.0
2008-02-29 00:00:00+09:00,892.5045898437501,892.5045898437501,880.7611083984375,880.7611083984375,20600,0.0,0.0
2008-03-03 00:00:00+09:00,847.2084117498924,860.6295351043461,845.5307713305857,852.2413330078125,20400,0.0,0.0
2008-03-04 00:00:00+09:00,852.2413658636726,853.9190063476562,852.2413658636726,853.9190063476562,20400,0.0,0.0
2008-03-05 00:00:00+09:00,847.2084165086934,855.5966186523438,847.2084165086934,855.5966186523438,20400,0.0,0.0
2008-03-06 00:00:00+09:00,860.6297931596927,863.9850750043698,848.8863067033226,862.3074340820312,11600,0.0,0.0
2008-03-07 00:00:00+09:00,862.3070589421029,862.3070589421029,837.1424560546875,837.1424560546875,11600,0.0,0.0
2008-03-10 00:00:00+09:00,822.0439126106372,822.0439126106372,818.6886313346754,820.3662719726562,8800,0.0,0.0
2008-03-11 00:00:00+09:00,822.0436455951473,830.4318460604039,818.6883654090446,825.39892578125,14200,0.0,0.0
2008-03-12 00:00:00+09:00,837.1425018620056,837.1425018620056,827.07666015625,827.07666015625,14200,0.0,0.0
2008-03-13 00:00:00+09:00,823.7214965820312,823.7214965820312,822.043856059461,823.7214965820312,13800,0.0,0.0
2008-03-14 00:00:00+09:00,830.4321068832555,830.4321068832555,811.9780600636276,813.6557006835938,40800,0.0,0.0
2008-03-17 00:00:00+09:00,778.4250592614851,793.5238211868157,778.4250592614851,785.1356201171875,14200,0.0,0.0
2008-03-18 00:00:00+09:00,791.5107991621585,801.9121704101564,791.5107991621585,801.9121704101562,14200,0.0,0.0
2008-03-19 00:00:00+09:00,820.3661509965996,842.1754760742188,820.3661509965996,842.1754760742188,16600,0.0,0.0
2008-03-21 00:00:00+09:00,848.8860143680384,848.8860143680384,838.8201723004332,847.2083740234375,56600,0.0,0.0
2008-03-24 00:00:00+09:00,837.142483998494,842.175404743976,832.1095632530121,835.46484375,15400,0.0,0.0
2008-03-25 00:00:00+09:00,832.1095581054688,835.4648385817005,827.0766373911212,832.1095581054688,26400,0.0,0.0
2008-03-26 00:00:00+09:00,827.6580597610317,837.2461547851562,827.6580597610317,837.2461547851562,26400,25.0,0.0
2008-03-27 00:00:00+09:00,821.4941172303138,821.4941172303138,820.1243896484375,820.1243896484375,26400,0.0,0.0
2008-03-28 00:00:00+09:00,821.836595184949,838.9581909179688,821.836595184949,838.9581909179688,26400,0.0,0.0
2008-03-31 00:00:00+09:00,820.1243896484375,820.1243896484375,820.1243896484375,820.1243896484375,26400,0.0,0.0
2008-04-01 00:00:00+09:00,822.8638909289301,838.9581909179688,822.8638909289301,838.9581909179688,26400,0.0,0.0
2008-04-02 00:00:00+09:00,838.9581936695537,838.9581936695537,835.5338745117188,835.5338745117188,26400,0.0,0.0
2008-04-03 00:00:00+09:00,832.7944830246913,832.7944830246913,832.109619140625,832.109619140625,26400,0.0,0.0
2008-04-04 00:00:00+09:00,820.466940618503,823.5488281249999,820.466940618503,823.548828125,26400,0.0,0.0
2008-04-07 00:00:00+09:00,818.7547216033935,821.8366088867188,818.7547216033935,821.8366088867188,26400,0.0,0.0
2008-04-08 00:00:00+09:00,833.82172609965,833.82172609965,821.8366088867188,821.8366088867188,5000,0.0,0.0
2008-04-09 00:00:00+09:00,822.1791080250459,822.1791080250459,814.988037109375,814.988037109375,5000,0.0,0.0
2008-04-10 00:00:00+09:00,816.7002015063425,816.7002015063425,808.1394027484145,809.8515625,10600,0.0,0.0
2008-04-11 00:00:00+09:00,816.700116465043,838.9581909179688,816.700116465043,838.9581909179688,7200,0.0,0.0
2008-04-14 00:00:00+09:00,838.2733497329905,838.2733497329905,811.5636596679688,811.5636596679688,7200,0.0,0.0
2008-04-15 00:00:00+09:00,816.3578227150889,818.4124145507812,816.3578227150889,818.4124145507812,7200,0.0,0.0
2008-04-16 00:00:00+09:00,818.7548465233966,818.7548465233966,818.4124145507812,818.4124145507812,7200,0.0,0.0
2008-04-17 00:00:00+09:00,849.2310225323934,849.2310225323934,842.3823852539062,842.3823852539062,7200,0.0,0.0
2008-04-18 00:00:00+09:00,850.9433407054228,873.2014160156249,850.9433407054228,873.201416015625,23600,0.0,0.0
2008-04-21 00:00:00+09:00,883.816670344426,890.3228759765624,883.816670344426,890.3228759765625,23600,0.0,0.0
2008-04-22 00:00:00+09:00,893.7474381635377,893.7474381635377,892.0352783203126,892.0352783203125,23600,0.0,0.0
2008-04-23 00:00:00+09:00,873.2013471736465,883.4743041992188,873.2013471736465,883.4743041992188,16000,0.0,0.0
2008-04-24 00:00:00+09:00,890.3227548470617,892.0349139909983,888.610595703125,888.610595703125,13000,0.0,0.0
2008-04-25 00:00:00+09:00,918.0600105958827,931.4148559570312,918.0600105958827,931.4148559570312,13000,0.0,0.0
2008-04-28 00:00:00+09:00,924.2237301974826,924.566162109375,924.2237301974826,924.566162109375,13000,0.0,0.0
2008-04-30 00:00:00+09:00,921.141668792954,921.141668792954,910.8687133789061,910.8687133789062,13000,0.0,0.0
2008-05-01 00:00:00+09:00,893.7473754882812,893.7473754882812,893.7473754882812,893.7473754882812,13000,0.0,0.0
2008-05-02 00:00:00+09:00,908.8142954980287,922.85400390625,908.8142954980287,922.85400390625,13000,0.0,0.0
2008-05-07 00:00:00+09:00,932.0998470623701,932.0998470623701,926.2785034179689,926.2785034179688,13000,0.0,0.0
2008-05-08 00:00:00+09:00,924.5663435225566,931.4149831042052,924.5663435225566,926.2785034179688,10200,0.0,0.0
2008-05-09 00:00:00+09:00,910.8689076663884,910.8689076663884,897.171630859375,897.171630859375,20200,0.0,0.0
2008-05-12 00:00:00+09:00,897.1716858834932,909.1568038246849,895.4595261776086,904.0203247070312,12800,0.0,0.0
2008-05-13 00:00:00+09:00,894.0899776812087,905.732666015625,894.0899776812087,905.732666015625,12800,0.0,0.0
2008-05-14 00:00:00+09:00,914.2932047526042,924.566162109375,907.444566514757,924.566162109375,23000,0.0,0.0
2008-05-15 00:00:00+09:00,930.0451907444176,930.0451907444176,929.7027587890625,929.7027587890625,23000,0.0,0.0
2008-05-16 00:00:00+09:00,931.5257257390679,933.127197265625,931.5257257390679,933.127197265625,23000,0.0,0.0
2008-05-19 00:00:00+09:00,964.9732781592836,965.6581420898439,964.9732781592836,965.6581420898438,23000,0.0,0.0
2008-05-20 00:00:00+09:00,962.2336558466372,962.2336558466372,945.1120605468751,945.112060546875,23000,0.0,0.0
2008-05-21 00:00:00+09:00,912.2386808192173,916.0054321289062,912.2386808192173,916.0054321289062,23000,0.0,0.0
2008-05-22 00:00:00+09:00,931.4149831042052,931.4149831042052,914.2933841500839,926.2785034179688,9800,0.0,0.0
2008-05-23 00:00:00+09:00,918.4022140158746,918.4022140158746,910.8687133789061,910.8687133789062,9800,0.0,0.0
2008-05-26 00:00:00+09:00,902.9929907798768,902.9929907798768,876.625732421875,876.625732421875,9800,0.0,0.0
2008-05-27 00:00:00+09:00,883.4742384690504,890.3228759765624,883.4742384690504,890.3228759765625,9800,0.0,0.0
2008-05-28 00:00:00+09:00,880.3924289680797,880.3924289680797,868.0648803710938,868.0648803710938,9800,0.0,0.0
2008-05-29 00:00:00+09:00,885.1866389474119,892.0352783203126,885.1866389474119,892.0352783203125,6400,0.0,0.0
2008-05-30 00:00:00+09:00,891.6927518059226,931.4148559570312,891.6927518059226,931.4148559570312,6400,0.0,0.0
2008-06-02 00:00:00+09:00,906.0749044845353,917.7175903320312,906.0749044845353,917.7175903320312,6400,0.0,0.0
2008-06-03 00:00:00+09:00,895.4594207290531,900.5958992418393,878.3378256864327,883.4743041992188,16600,0.0,0.0
2008-06-04 00:00:00+09:00,911.2115707998651,912.581298828125,911.2115707998651,912.581298828125,16600,0.0,0.0
2008-06-05 00:00:00+09:00,902.3080891625116,931.414801716141,888.610812666686,922.85400390625,10600,0.0,0.0
2008-06-06 00:00:00+09:00,936.5512804020756,938.2634399640539,922.85400390625,922.85400390625,13800,0.0,0.0
2008-06-09 00:00:00+09:00,904.0203889912071,909.1568684741118,900.5960693359375,900.5960693359375,13400,0.0,0.0
2008-06-10 00:00:00+09:00,918.0600222687223,918.0600222687223,917.7175903320312,917.7175903320312,13400,0.0,0.0
2008-06-11 00:00:00+09:00,917.7173503216047,917.7173503216047,910.8687133789061,910.8687133789062,13400,0.0,0.0
2008-06-12 00:00:00+09:00,908.4719080477628,941.6878051757812,908.4719080477628,941.6878051757812,13400,0.0,0.0
2008-06-13 00:00:00+09:00,927.6481686300018,927.9906005859375,927.6481686300018,927.9906005859375,13400,0.0,0.0
2008-06-16 00:00:00+09:00,925.2511974495116,936.5514526367188,925.2511974495116,936.5514526367188,13400,0.0,0.0
2008-06-17 00:00:00+09:00,936.2088971882841,938.2634887695312,936.2088971882841,938.2634887695312,13400,0.0,0.0
2008-06-18 00:00:00+09:00,931.4149138621794,941.6878724709535,929.7027540940504,934.8392333984375,18400,0.0,0.0
2008-06-19 00:00:00+09:00,931.4148501653741,938.2634887695312,931.4148501653741,938.2634887695312,17800,0.0,0.0
2008-06-20 00:00:00+09:00,930.0451522364762,930.0451522364762,904.0203247070312,904.0203247070312,17800,0.0,0.0
2008-06-23 00:00:00+09:00,902.3083459172673,929.7029067041292,902.3083459172673,905.732666015625,5400,0.0,0.0
2008-06-24 00:00:00+09:00,914.9781348385028,917.7175903320312,914.9781348385028,917.7175903320312,5400,0.0,0.0
2008-06-25 00:00:00+09:00,914.293189007303,945.1120605468751,914.293189007303,945.112060546875,5400,0.0,0.0
2008-06-26 00:00:00+09:00,940.6604457689369,945.1120605468751,940.6604457689369,945.112060546875,5400,0.0,0.0
2008-06-27 00:00:00+09:00,969.7673887100354,969.7673887100354,963.946044921875,963.946044921875,5400,0.0,0.0
2008-06-30 00:00:00+09:00,963.2608844345423,963.2608844345423,951.9606323242188,951.9606323242188,5400,0.0,0.0
2008-07-01 00:00:00+09:00,952.3031834756175,955.3850708007814,952.3031834756175,955.3850708007812,5400,0.0,0.0
2008-07-02 00:00:00+09:00,955.385021772541,955.385021772541,939.9755859375,939.9755859375,5400,0.0,0.0
2008-07-03 00:00:00+09:00,920.7994792503285,920.7994792503285,916.0054321289062,916.0054321289062,5400,0.0,0.0
2008-07-04 00:00:00+09:00,917.0326600477431,924.566162109375,917.0326600477431,924.566162109375,5400,0.0,0.0
2008-07-07 00:00:00+09:00,916.00519108593,916.00519108593,907.4443949075569,910.8687133789062,10000,0.0,0.0
2008-07-08 00:00:00+09:00,897.1716266899905,902.3081054687499,895.4594670970706,902.30810546875,13600,0.0,0.0
2008-07-09 00:00:00+09:00,906.759852972049,906.759852972049,892.0352783203126,892.0352783203125,13600,0.0,0.0
2008-07-10 00:00:00+09:00,893.0625742262476,893.0625742262476,892.0352783203126,892.0352783203125,13600,0.0,0.0
2008-07-11 00:00:00+09:00,874.8261044304489,874.9136352539061,874.8261044304489,874.9136352539062,13600,0.0,0.0
2008-07-14 00:00:00+09:00,885.1867100984148,897.1718299643508,881.7623901367188,881.7623901367188,8800,0.0,0.0
2008-07-15 00:00:00+09:00,883.4744791041867,892.0352783203126,880.0501594177364,892.0352783203125,11600,0.0,0.0
2008-07-16 00:00:00+09:00,888.6108328549916,904.0202692628817,888.6108328549916,897.171630859375,10000,0.0,0.0
2008-07-17 00:00:00+09:00,916.6902281358507,924.566162109375,916.6902281358507,924.566162109375,10000,0.0,0.0
2008-07-18 00:00:00+09:00,926.2783096396857,939.9755859375,926.2783096396857,939.9755859375,15400,0.0,0.0
2008-07-22 00:00:00+09:00,946.8243392779078,948.5364990234375,927.9905820770814,948.5364990234375,47000,0.0,0.0
2008-07-23 00:00:00+09:00,945.4544911279386,946.8242187500001,945.4544911279386,946.82421875,47000,0.0,0.0
2008-07-24 00:00:00+09:00,955.3850693813589,957.0972290039061,955.3850693813589,957.0972290039062,12800,0.0,0.0
2008-07-25 00:00:00+09:00,945.1121920072114,945.1121920072114,934.8392333984374,934.8392333984375,12800,0.0,0.0
2008-07-28 00:00:00+09:00,933.1270274831288,933.1270274831288,917.7175903320312,917.7175903320312,2000,0.0,0.0
2008-07-29 00:00:00+09:00,886.2138052953036,902.3081054687499,886.2138052953036,902.30810546875,2000,0.0,0.0
2008-07-30 00:00:00+09:00,910.1840231476114,922.85400390625,910.1840231476114,922.85400390625,2000,0.0,0.0
2008-07-31 00:00:00+09:00,920.6393154806462,922.85400390625,920.6393154806462,922.85400390625,2000,0.0,0.0
2008-08-01 00:00:00+09:00,921.1419310588033,921.1419310588033,893.7473754882812,893.7473754882812,2000,0.0,0.0
2008-08-04 00:00:00+09:00,902.9928553654597,902.9928553654597,890.3228759765624,890.3228759765625,2000,0.0,0.0
2008-08-05 00:00:00+09:00,912.581298828125,912.581298828125,912.581298828125,912.581298828125,2000,0.0,0.0
2008-08-06 00:00:00+09:00,935.5240304509944,941.6878051757812,935.5240304509944,941.6878051757812,2000,0.0,0.0
2008-08-07 00:00:00+09:00,912.5810574461511,919.4296957759534,907.4445786987994,909.15673828125,8400,0.0,0.0
2008-08-08 00:00:00+09:00,906.0749538695615,929.7027587890625,906.0749538695615,929.7027587890625,8400,0.0,0.0
2008-08-11 00:00:00+09:00,915.6633619482512,919.4301147460938,915.6633619482512,919.4301147460938,8400,0.0,0.0
2008-08-12 00:00:00+09:00,905.7324288637584,905.7324288637584,897.171630859375,897.171630859375,8400,0.0,0.0
2008-08-13 00:00:00+09:00,890.665186675849,890.665186675849,888.610595703125,888.610595703125,8400,0.0,0.0
2008-08-14 00:00:00+09:00,886.8984365591883,888.610595703125,886.8984365591883,888.610595703125,8400,0.0,0.0
2008-08-15 00:00:00+09:00,883.8169110728318,892.0352783203126,883.8169110728318,892.0352783203125,8400,0.0,0.0
2008-08-18 00:00:00+09:00,938.9484231758822,938.9484231758822,927.9906005859375,927.9906005859375,8400,0.0,0.0
2008-08-19 00:00:00+09:00,908.471862250434,924.566162109375,908.471862250434,924.566162109375,8400,0.0,0.0
2008-08-20 00:00:00+09:00,924.2237301974826,924.566162109375,924.2237301974826,924.566162109375,8400,0.0,0.0
2008-08-21 00:00:00+09:00,900.5960052952622,917.7176023541075,900.5960052952622,904.0203247070312,6400,0.0,0.0
2008-08-22 00:00:00+09:00,909.1567274104244,922.85400390625,909.1567274104244,922.85400390625,8400,0.0,0.0
2008-08-25 00:00:00+09:00,923.538921513277,931.4148559570312,923.538921513277,931.4148559570312,8400,0.0,0.0
2008-08-26 00:00:00+09:00,913.6084568873733,929.7027587890625,913.6084568873733,929.7027587890625,8400,0.0,0.0
2008-08-27 00:00:00+09:00,928.3329312811313,928.3329312811313,902.3081054687499,902.30810546875,8400,0.0,0.0
2008-08-28 00:00:00+09:00,902.3081013229659,907.444580078125,902.3081013229659,907.444580078125,8400,0.0,0.0
2008-08-29 00:00:00+09:00,924.9087755016391,926.2785034179689,924.9087755016391,926.2785034179688,8400,0.0,0.0
2008-09-01 00:00:00+09:00,897.1715134840745,897.1715134840745,890.3228759765624,890.3228759765625,16800,0.0,0.0
2008-09-02 00:00:00+09:00,904.7052746748598,904.7052746748598,878.3380126953124,878.3380126953125,16800,0.0,0.0
2008-09-03 00:00:00+09:00,915.6631868917096,915.6631868917096,912.581298828125,912.581298828125,16800,0.0,0.0
2008-09-04 00:00:00+09:00,912.238804094979,914.2933959960938,912.238804094979,914.2933959960938,16800,0.0,0.0
2008-09-05 00:00:00+09:00,897.8565497658469,904.0203247070312,897.8565497658469,904.0203247070312,16800,0.0,0.0
2008-09-08 00:00:00+09:00,918.4024000264831,918.4024000264831,909.15673828125,909.15673828125,16800,0.0,0.0
2008-09-09 00:00:00+09:00,903.6779570256803,903.6779570256803,900.5960693359375,900.5960693359375,16800,0.0,0.0
2008-09-10 00:00:00+09:00,917.7177698071562,924.5664098803439,917.7177698071562,921.14208984375,21200,0.0,0.0
2008-09-11 00:00:00+09:00,909.1565541432316,914.2930318502555,909.1565541432316,910.8687133789062,10000,0.0,0.0
2008-09-12 00:00:00+09:00,919.4301147460938,921.1422751087495,917.717954383438,919.4301147460938,27400,0.0,0.0
2008-09-16 00:00:00+09:00,919.7721986142113,919.7721986142113,898.8838500976562,898.8838500976562,27400,0.0,0.0
2008-09-17 00:00:00+09:00,904.7051247420401,907.444580078125,904.7051247420401,907.444580078125,27400,0.0,0.0
2008-09-18 00:00:00+09:00,907.4449922075041,919.4301147460938,907.4449922075041,919.4301147460938,27400,0.0,0.0
2008-09-19 00:00:00+09:00,922.5115706380208,924.566162109375,922.5115706380208,924.566162109375,27400,0.0,0.0
2008-09-22 00:00:00+09:00,924.5661759286556,924.5661759286556,907.444580078125,907.444580078125,27400,0.0,0.0
2008-09-24 00:00:00+09:00,902.9929693059179,902.9929693059179,902.3081054687499,902.30810546875,27400,0.0,0.0
2008-09-25 00:00:00+09:00,893.062447817271,897.171630859375,893.062447817271,897.171630859375,27400,0.0,0.0
2008-09-26 00:00:00+09:00,874.9136352539061,874.9136352539061,874.9136352539061,874.9136352539062,27400,0.0,0.0
2008-09-29 00:00:00+09:00,875.255938578761,883.4743041992188,875.255938578761,883.4743041992188,27400,0.0,0.0
2008-09-30 00:00:00+09:00,863.2708220489266,883.4743041992188,863.2708220489266,883.4743041992188,27400,0.0,0.0
2008-10-01 00:00:00+09:00,883.4744710595888,900.5960693359375,883.4744710595888,900.5960693359375,27400,0.0,0.0
2008-10-02 00:00:00+09:00,875.9408141969458,875.9408141969458,868.0648803710938,868.0648803710938,27400,0.0,0.0
2008-10-03 00:00:00+09:00,870.1196536567268,870.1196536567268,869.7772216796875,869.7772216796875,27400,0.0,0.0
2008-10-06 00:00:00+09:00,865.3255483755481,866.3528442382812,865.3255483755481,866.3528442382812,27400,0.0,0.0
2008-10-07 00:00:00+09:00,856.0798325224551,857.7919921875001,856.0798325224551,857.7919921875,27400,0.0,0.0
2008-10-08 00:00:00+09:00,805.7425911049655,805.7425911049655,784.1693725585938,784.1693725585938,27400,0.0,0.0
2008-10-09 00:00:00+09:00,778.347791414639,778.347791414639,777.3204956054688,777.3204956054688,27400,0.0,0.0
2008-10-10 00:00:00+09:00,744.7893819269144,744.7893819269144,719.106989446676,725.9556274414062,12600,0.0,0.0
2008-10-14 00:00:00+09:00,800.6060013195699,828.6854248046875,800.6060013195699,828.6854248046875,12600,0.0,0.0
2008-10-15 00:00:00+09:00,808.139412138651,808.139412138651,799.57861328125,799.57861328125,12600,0.0,0.0
2008-10-16 00:00:00+09:00,726.2982390927597,729.380126953125,726.2982390927597,729.380126953125,12600,0.0,0.0
2008-10-17 00:00:00+09:00,802.6605932818957,828.6854248046875,802.6605932818957,828.6854248046875,12600,0.0,0.0
2008-10-20 00:00:00+09:00,852.6556362304688,856.0799560546875,852.6556362304688,856.0799560546875,12600,0.0,0.0
2008-10-21 00:00:00+09:00,868.4073821107785,868.4073821107785,857.7919921875001,857.7919921875,12600,0.0,0.0
2008-10-22 00:00:00+09:00,817.7277125196165,817.7277125196165,784.1693725585938,784.1693725585938,12600,0.0,0.0
2008-10-23 00:00:00+09:00,728.6951097925946,768.7596435546875,728.6951097925946,768.7596435546875,12600,0.0,0.0
2008-10-24 00:00:00+09:00,722.5313764403714,722.5313764403714,717.3948974609375,717.3948974609375,12600,0.0,0.0
2008-10-27 00:00:00+09:00,717.7373412788929,717.7373412788929,703.6976318359375,703.6976318359375,12600,0.0,0.0
2008-10-28 00:00:00+09:00,677.3305712890625,736.2288818359375,677.3305712890625,736.2288818359375,12600,0.0,0.0
2008-10-29 00:00:00+09:00,736.9135054438165,804.7150268554688,736.9135054438165,804.7150268554688,12600,0.0,0.0
2008-10-30 00:00:00+09:00,797.8663940429688,797.8663940429688,797.8663940429688,797.8663940429688,12600,0.0,0.0
2008-10-31 00:00:00+09:00,796.8391291112075,832.109619140625,796.8391291112075,832.109619140625,12600,0.0,0.0
2008-11-04 00:00:00+09:00,832.794458250497,861.21630859375,832.794458250497,861.21630859375,27600,0.0,0.0
2008-11-05 00:00:00+09:00,863.2710058498568,878.3380126953124,863.2710058498568,878.3380126953125,27600,0.0,0.0
2008-11-06 00:00:00+09:00,882.104743197481,900.5960693359375,882.104743197481,900.5960693359375,27600,0.0,0.0
2008-11-07 00:00:00+09:00,879.3652506191902,879.3652506191902,874.9136352539061,874.9136352539062,27600,0.0,0.0
2008-11-10 00:00:00+09:00,871.4891876693844,886.8986232077428,871.4891876693844,883.4743041992188,15800,0.0,0.0
2008-11-11 00:00:00+09:00,853.6828089913922,857.7919921875001,853.6828089913922,857.7919921875,15800,0.0,0.0
2008-11-12 00:00:00+09:00,845.8069816544389,871.4893798828126,838.9583421268726,871.4893798828125,8200,0.0,0.0
2008-11-13 00:00:00+09:00,821.4942304284793,830.3974609375,821.4942304284793,830.3974609375,8200,0.0,0.0
2008-11-14 00:00:00+09:00,850.9434062972841,866.3528442382812,849.2312465260623,866.3528442382812,4400,0.0,0.0
2008-11-17 00:00:00+09:00,866.3527905127246,866.3527905127246,857.7919921875001,857.7919921875,4400,0.0,0.0
2008-11-18 00:00:00+09:00,869.7770967371323,873.2014160156249,869.7770967371323,873.201416015625,4400,0.0,0.0
2008-11-19 00:00:00+09:00,873.8861459585336,890.3228759765624,873.8861459585336,890.3228759765625,4400,0.0,0.0
2008-11-20 00:00:00+09:00,891.35043623316,891.35043623316,869.7772216796875,869.7772216796875,4400,0.0,0.0
2008-11-21 00:00:00+09:00,870.4620772988243,878.3380126953124,870.4620772988243,878.3380126953125,4400,0.0,0.0
2008-11-25 00:00:00+09:00,879.0228555077382,900.5960693359375,879.0228555077382,900.5960693359375,45000,0.0,0.0
2008-11-26 00:00:00+09:00,871.1468671426005,893.7473754882812,871.1468671426005,893.7473754882812,45000,0.0,0.0
2008-11-27 00:00:00+09:00,894.0898074329127,894.0898074329127,893.7473754882812,893.7473754882812,45000,0.0,0.0
2008-11-28 00:00:00+09:00,894.4322303540779,904.0203247070312,894.4322303540779,904.0203247070312,45000,0.0,0.0
2008-12-01 00:00:00+09:00,900.596009812128,912.5811278134302,885.1865723818825,898.8838500976562,18200,0.0,0.0
2008-12-02 00:00:00+09:00,899.5687950684545,899.5687950684545,878.3380126953124,878.3380126953125,18200,0.0,0.0
2008-12-03 00:00:00+09:00,886.2138263702393,886.2138263702393,876.625732421875,876.625732421875,18200,0.0,0.0
2008-12-04 00:00:00+09:00,876.6257044057377,876.6257044057377,835.5338745117188,835.5338745117188,18200,0.0,0.0
2008-12-05 00:00:00+09:00,836.2187611208124,836.2187611208124,808.1393432617188,808.1393432617188,18200,0.0,0.0
2008-12-08 00:00:00+09:00,828.0003642835114,845.8068237304686,828.0003642835114,845.8068237304688,18200,0.0,0.0
2008-12-09 00:00:00+09:00,845.1219751835857,845.1219751835857,826.9730834960939,826.9730834960938,18200,0.0,0.0
2008-12-10 00:00:00+09:00,827.6578913487572,827.6578913487572,820.1243896484375,820.1243896484375,18200,0.0,0.0
2008-12-11 00:00:00+09:00,825.6033862885974,862.9284667968749,825.6033862885974,862.928466796875,18200,0.0,0.0
2008-12-12 00:00:00+09:00,869.7771701280815,869.7771701280815,859.5042114257812,859.5042114257812,18200,0.0,0.0
2008-12-15 00:00:00+09:00,898.4344081726075,898.8838500976562,898.4344081726075,898.8838500976562,18200,0.0,0.0
2008-12-16 00:00:00+09:00,873.5437765114095,886.8986206054686,873.5437765114095,886.8986206054688,6400,0.0,0.0
2008-12-17 00:00:00+09:00,887.5834209735576,890.3228759765624,887.5834209735576,890.3228759765625,8000,0.0,0.0
2008-12-18 00:00:00+09:00,886.8989333809582,888.6110934840102,878.338132865698,880.05029296875,20400,0.0,0.0
2008-12-19 00:00:00+09:00,880.73509414821,881.7623901367188,880.73509414821,881.7623901367188,21200,0.0,0.0
2008-12-22 00:00:00+09:00,857.7919764518738,876.625732421875,857.7919764518738,876.625732421875,52400,0.0,0.0
2008-12-24 00:00:00+09:00,877.6531554576222,877.6531554576222,871.4893798828126,871.4893798828125,6600,0.0,0.0
2008-12-25 00:00:00+09:00,853.1669532980666,853.1669532980666,852.6553955078125,852.6553955078125,9000,0.0,0.0
2008-12-26 00:00:00+09:00,854.3677320746311,859.5042114257812,854.3677320746311,859.5042114257812,3000,0.0,0.0
2008-12-29 00:00:00+09:00,859.5043717321255,880.05029296875,857.7922116290734,880.05029296875,15800,0.0,0.0
2008-12-30 00:00:00+09:00,871.489215766059,924.566162109375,871.489215766059,924.566162109375,9400,0.0,0.0
2009-01-05 00:00:00+09:00,924.5661844734017,924.5661844734017,893.7473116576217,897.171630859375,2400,0.0,0.0
2009-01-06 00:00:00+09:00,897.1718657697306,905.732666015625,897.1718657697306,905.732666015625,9800,0.0,0.0
2009-01-07 00:00:00+09:00,914.9783228775797,914.9783228775797,912.581298828125,912.581298828125,15800,0.0,0.0
2009-01-08 00:00:00+09:00,902.9930633424299,902.9930633424299,866.3528442382812,866.3528442382812,6800,0.0,0.0
2009-01-09 00:00:00+09:00,883.4743041992188,886.8986232077428,883.4743041992188,883.4743041992188,5400,0.0,0.0
2009-01-13 00:00:00+09:00,862.928419352543,862.928419352543,845.8068237304686,845.8068237304688,32000,0.0,0.0
2009-01-14 00:00:00+09:00,857.107128321482,857.7919921875001,857.107128321482,857.7919921875,20600,0.0,0.0
2009-01-15 00:00:00+09:00,868.7498679179919,868.7498679179919,866.3528442382812,866.3528442382812,28000,0.0,0.0
2009-01-16 00:00:00+09:00,868.7500362886066,880.05029296875,868.7500362886066,880.05029296875,15000,0.0,0.0
2009-01-19 00:00:00+09:00,886.8987987906371,893.7474381635377,885.1866389474119,892.0352783203125,19200,0.0,0.0
2009-01-20 00:00:00+09:00,886.2137594060381,886.2137594060381,883.4743041992188,883.4743041992188,41800,0.0,0.0
2009-01-21 00:00:00+09:00,887.9261079606024,887.9261079606024,878.3380126953124,878.3380126953125,8800,0.0,0.0
2009-01-22 00:00:00+09:00,878.6803356352306,878.6803356352306,862.9284667968749,862.928466796875,3000,0.0,0.0
2009-01-23 00:00:00+09:00,863.9557625906807,863.9557625906807,862.9284667968749,862.928466796875,8200,0.0,0.0
2009-01-26 00:00:00+09:00,863.2710058498568,878.3380126953124,863.2710058498568,878.3380126953125,11000,0.0,0.0
2009-01-27 00:00:00+09:00,869.7769634540264,890.3228759765624,869.7769634540264,890.3228759765625,9600,0.0,0.0
2009-01-28 00:00:00+09:00,891.0078034036408,891.0078034036408,886.8986206054686,886.8986206054688,4800,0.0,0.0
2009-01-29 00:00:00+09:00,879.7073681546544,888.610595703125,879.7073681546544,888.610595703125,9200,0.0,0.0
2009-01-30 00:00:00+09:00,888.9534123938853,888.9534123938853,869.7772216796875,869.7772216796875,7200,0.0,0.0
2009-02-02 00:00:00+09:00,865.3254816750919,873.2014160156249,865.3254816750919,873.201416015625,5400,0.0,0.0
2009-02-03 00:00:00+09:00,873.2014160156249,873.2014160156249,873.2014160156249,873.201416015625,7800,0.0,0.0
2009-02-04 00:00:00+09:00,871.8316313312838,871.8316313312838,868.0648803710938,868.0648803710938,10200,0.0,0.0
2009-02-05 00:00:00+09:00,876.2833004951477,876.625732421875,876.2833004951477,876.625732421875,13400,0.0,0.0
2009-02-06 00:00:00+09:00,876.9681759788875,876.9681759788875,862.9284667968749,862.928466796875,1800,0.0,0.0
2009-02-09 00:00:00+09:00,854.0250686273342,854.0250686273342,842.3823852539062,842.3823852539062,11600,0.0,0.0
2009-02-10 00:00:00+09:00,854.3677978515625,864.6407573447677,840.670518527289,854.3677978515625,8000,0.0,0.0
2009-02-12 00:00:00+09:00,824.9184361850046,824.9184361850046,820.1243896484375,820.1243896484375,13400,0.0,0.0
2009-02-13 00:00:00+09:00,842.3825241088866,842.3825241088866,821.8366088867188,821.8366088867188,9600,0.0,0.0
2009-02-16 00:00:00+09:00,847.51904296875,847.51904296875,847.51904296875,847.51904296875,16800,0.0,0.0
2009-02-17 00:00:00+09:00,854.3676215415059,854.3676215415059,845.8068237304686,845.8068237304688,5400,0.0,0.0
2009-02-18 00:00:00+09:00,852.3130300668569,852.3130300668569,845.8068237304686,845.8068237304688,6800,0.0,0.0
2009-02-19 00:00:00+09:00,855.3950769930317,871.4893798828126,855.3950769930317,871.4893798828125,15200,0.0,0.0
2009-02-20 00:00:00+09:00,875.2560672050819,875.2560672050819,874.9136352539061,874.9136352539062,44400,0.0,0.0
2009-02-23 00:00:00+09:00,868.0649962303922,874.9136352539061,868.0649962303922,874.9136352539062,4000,0.0,0.0
2009-02-24 00:00:00+09:00,860.8738666130514,873.2014160156249,860.8738666130514,873.201416015625,11800,0.0,0.0
2009-02-25 00:00:00+09:00,893.747430025398,900.5960693359375,893.747430025398,900.5960693359375,23200,0.0,0.0
2009-02-26 00:00:00+09:00,901.2808767402605,901.2808767402605,895.4595336914062,895.4595336914062,3800,0.0,0.0
2009-02-27 00:00:00+09:00,886.5562331404776,907.444580078125,886.5562331404776,907.444580078125,13000,0.0,0.0
2009-03-02 00:00:00+09:00,907.4446088005515,907.4446088005515,873.2014160156249,873.201416015625,3600,0.0,0.0
2009-03-03 00:00:00+09:00,867.03770814677,867.03770814677,866.3528442382812,866.3528442382812,4800,0.0,0.0
2009-03-04 00:00:00+09:00,860.5315293692817,900.5960693359375,860.5315293692817,900.5960693359375,7200,0.0,0.0
2009-03-05 00:00:00+09:00,916.6904829129045,916.6904829129045,912.581298828125,912.581298828125,14600,0.0,0.0
2009-03-06 00:00:00+09:00,913.2659226673054,913.2659226673054,907.444580078125,907.444580078125,12200,0.0,0.0
2009-03-09 00:00:00+09:00,908.4719295095283,916.0054321289062,908.4719295095283,916.0054321289062,9800,0.0,0.0
2009-03-10 00:00:00+09:00,914.6356503353479,914.6356503353479,907.444580078125,907.444580078125,3600,0.0,0.0
2009-03-11 00:00:00+09:00,910.8691387928002,912.581298828125,910.8691387928002,912.581298828125,3400,0.0,0.0
2009-03-12 00:00:00+09:00,917.0326822295443,917.0326822295443,897.171630859375,897.171630859375,11000,0.0,0.0
2009-03-13 00:00:00+09:00,910.5265963362197,910.5265963362197,900.5960693359375,900.5960693359375,28000,0.0,0.0
2009-03-16 00:00:00+09:00,918.7448209575024,922.85400390625,918.7448209575024,922.85400390625,14800,0.0,0.0
2009-03-17 00:00:00+09:00,927.9906005859375,927.9906005859375,927.9906005859375,927.9906005859375,11400,0.0,0.0
2009-03-18 00:00:00+09:00,934.1543757927814,934.1543757927814,927.9906005859375,927.9906005859375,7000,0.0,0.0
2009-03-19 00:00:00+09:00,927.9904639466547,946.8242187500001,927.9904639466547,946.82421875,14400,0.0,0.0
2009-03-23 00:00:00+09:00,955.0427511661611,965.6581420898439,955.0427511661611,965.6581420898438,51200,0.0,0.0
2009-03-24 00:00:00+09:00,961.549021009103,963.946044921875,961.549021009103,963.946044921875,19000,0.0,0.0
2009-03-25 00:00:00+09:00,958.4669581259451,958.4669581259451,955.3850708007814,955.3850708007812,23000,0.0,0.0
2009-03-26 00:00:00+09:00,976.229736328125,976.229736328125,976.229736328125,976.229736328125,12400,20.0,0.0
2009-03-27 00:00:00+09:00,975.8825816602262,975.8825816602262,969.28173828125,969.28173828125,13000,0.0,0.0
2009-03-30 00:00:00+09:00,954.3428325417259,955.3850708007812,954.3428325417259,955.3850708007812,23600,0.0,0.0
2009-03-31 00:00:00+09:00,955.3852503615585,957.122314453125,955.3852503615585,957.122314453125,5800,0.0,0.0
2009-04-01 00:00:00+09:00,958.1644142205766,965.8074951171875,958.1644142205766,965.8074951171875,5800,0.0,0.0
2009-04-02 00:00:00+09:00,974.4928011213029,974.4928011213029,972.7557373046875,972.7557373046875,11200,0.0,0.0
2009-04-03 00:00:00+09:00,959.2065221796736,971.0185546875,959.2065221796736,971.0185546875,5800,0.0,0.0
2009-04-06 00:00:00+09:00,972.0609898032799,972.0609898032799,964.0704956054689,964.0704956054688,7400,0.0,0.0
2009-04-07 00:00:00+09:00,964.4176882783936,964.4176882783936,950.1737670898439,950.1737670898438,5200,0.0,0.0
2009-04-08 00:00:00+09:00,934.5404804815513,934.5404804815513,927.5922241210938,927.5922241210938,9000,0.0,0.0
2009-04-09 00:00:00+09:00,950.8686954546578,960.5962524414061,950.8686954546578,960.5962524414062,3400,0.0,0.0
2009-04-10 00:00:00+09:00,937.667042791602,943.2256469726562,937.667042791602,943.2256469726562,3800,0.0,0.0
2009-04-13 00:00:00+09:00,951.9109497070312,951.9109497070312,951.9109497070312,951.9109497070312,1400,0.0,0.0
2009-04-14 00:00:00+09:00,956.7747218128551,956.7747218128551,955.3850708007812,955.3850708007812,8800,0.0,0.0
2009-04-15 00:00:00+09:00,964.0704182216099,972.7557373046875,957.1221629551478,972.7557373046875,15600,0.0,0.0
2009-04-16 00:00:00+09:00,972.7557504777427,972.7557504777427,965.8074951171875,965.8074951171875,5400,0.0,0.0
2009-04-17 00:00:00+09:00,966.8496691390471,967.5444946289064,966.8496691390471,967.5444946289062,10400,0.0,0.0
2009-04-20 00:00:00+09:00,971.0185546875,971.0185546875,971.0185546875,971.0185546875,93000,0.0,0.0
2009-04-21 00:00:00+09:00,948.4368286132812,948.4368286132812,948.4368286132812,948.4368286132812,11800,0.0,0.0
2009-04-22 00:00:00+09:00,954.3428325417259,955.3850708007812,954.3428325417259,955.3850708007812,6600,0.0,0.0
2009-04-23 00:00:00+09:00,952.605893928236,953.6481323242188,952.605893928236,953.6481323242188,12600,0.0,0.0
2009-04-24 00:00:00+09:00,938.7093519422742,938.7093519422742,938.0145263671875,938.0145263671875,5800,0.0,0.0
2009-04-27 00:00:00+09:00,938.7090103063207,938.7090103063207,922.380615234375,922.380615234375,28000,0.0,0.0
2009-04-28 00:00:00+09:00,927.2448622248723,927.2448622248723,903.2733764648438,903.2733764648438,7600,0.0,0.0
2009-04-30 00:00:00+09:00,956.7747380751864,956.7747380751864,946.6997680664064,946.6997680664062,7200,0.0,0.0
2009-05-01 00:00:00+09:00,926.2025361902573,926.2025361902573,915.4327392578125,915.4327392578125,14000,0.0,0.0
2009-05-07 00:00:00+09:00,922.380615234375,922.380615234375,922.380615234375,922.380615234375,23200,0.0,0.0
2009-05-08 00:00:00+09:00,920.6438400496298,931.0662231445312,920.6438400496298,931.0662231445312,4000,0.0,0.0
2009-05-11 00:00:00+09:00,931.4136700349695,944.9627685546875,931.4136700349695,944.9627685546875,2200,0.0,0.0
2009-05-12 00:00:00+09:00,945.3101244744454,945.3101244744454,910.221435546875,910.221435546875,6000,0.0,0.0
2009-05-13 00:00:00+09:00,909.1792883094658,925.8551025390624,909.1792883094658,925.8551025390625,7000,0.0,0.0
2009-05-14 00:00:00+09:00,913.0007954799107,913.0007954799107,911.9585571289062,911.9585571289062,7000,0.0,0.0
2009-05-15 00:00:00+09:00,931.4135261937191,931.4135261937191,924.1178588867188,924.1178588867188,9200,0.0,0.0
2009-05-18 00:00:00+09:00,915.7799048221473,917.1695556640625,915.7799048221473,917.1695556640625,12200,0.0,0.0
2009-05-19 00:00:00+09:00,924.1180148654514,938.0145263671875,924.1180148654514,938.0145263671875,11400,0.0,0.0
2009-05-20 00:00:00+09:00,938.7092713967347,948.4368286132812,938.7092713967347,948.4368286132812,42200,0.0,0.0
2009-05-21 00:00:00+09:00,926.8971607179569,926.8971607179569,924.1178588867188,924.1178588867188,6600,0.0,0.0
2009-05-22 00:00:00+09:00,913.0005395092451,918.9065551757812,913.0005395092451,918.9065551757812,13000,0.0,0.0
2009-05-25 00:00:00+09:00,922.380615234375,922.380615234375,922.380615234375,922.380615234375,9600,0.0,0.0
2009-05-26 00:00:00+09:00,927.2446793938038,932.8032836914062,927.2446793938038,932.8032836914062,7800,0.0,0.0
2009-05-27 00:00:00+09:00,936.2775075141574,936.2775075141574,915.4327392578125,915.4327392578125,5200,0.0,0.0
2009-05-28 00:00:00+09:00,916.1274675674155,934.5403442382812,916.1274675674155,934.5403442382812,6000,0.0,0.0
2009-05-29 00:00:00+09:00,905.7050151956491,906.7472534179688,905.7050151956491,906.7472534179688,10000,0.0,0.0
2009-06-01 00:00:00+09:00,917.1699293013309,925.8552506015328,913.69580078125,913.69580078125,6000,0.0,0.0
2009-06-02 00:00:00+09:00,914.0427775680456,918.9065551757812,914.0427775680456,918.9065551757812,8000,0.0,0.0
2009-06-03 00:00:00+09:00,917.1694917444471,918.9065551757812,917.1694917444471,918.9065551757812,4200,0.0,0.0
2009-06-04 00:00:00+09:00,922.3809745745631,925.8551025390624,922.3809745745631,925.8551025390625,5000,0.0,0.0
2009-06-05 00:00:00+09:00,932.8032452277417,932.8032452277417,920.643798828125,920.643798828125,3600,0.0,0.0
2009-06-08 00:00:00+09:00,929.3288684564795,929.3288684564795,922.380615234375,922.380615234375,4200,0.0,0.0
2009-06-09 00:00:00+09:00,921.6859209002871,921.6859209002871,917.1695556640625,917.1695556640625,7600,0.0,0.0
2009-06-10 00:00:00+09:00,920.9912495590011,932.8032836914062,920.9912495590011,932.8032836914062,9800,0.0,0.0
2009-06-11 00:00:00+09:00,927.592092162404,932.8032836914062,927.592092162404,932.8032836914062,3200,0.0,0.0
2009-06-12 00:00:00+09:00,934.5403442382812,936.2774080751553,934.5403442382812,934.5403442382812,21600,0.0,0.0
2009-06-15 00:00:00+09:00,936.2774624294705,938.0145263671875,932.8033345540364,938.0145263671875,9400,0.0,0.0
2009-06-16 00:00:00+09:00,925.8547418454273,925.8547418454273,920.6435519288489,922.380615234375,16200,0.0,0.0
2009-06-17 00:00:00+09:00,932.8032869936815,932.8032869936815,929.329159295381,931.0662231445312,5200,0.0,0.0
2009-06-18 00:00:00+09:00,927.592092162404,932.8032836914062,918.9067729474002,932.8032836914062,7400,0.0,0.0
2009-06-19 00:00:00+09:00,939.7515903049045,939.7515903049045,934.5403984917534,938.0145263671875,22800,0.0,0.0
2009-06-22 00:00:00+09:00,936.2772827148438,938.0143463191384,936.2772827148438,936.2772827148438,53400,0.0,0.0
2009-06-23 00:00:00+09:00,922.380615234375,927.5918051509534,922.380615234375,922.380615234375,13800,0.0,0.0
2009-06-24 00:00:00+09:00,925.8550315970806,931.0662231445312,922.38090389878,931.0662231445312,14400,0.0,0.0
2009-06-25 00:00:00+09:00,931.0661843849795,962.3333323680571,931.0661843849795,951.9109497070312,32200,0.0,0.0
2009-06-26 00:00:00+09:00,979.7041120070187,981.4411760354,967.54466380835,974.492919921875,95000,0.0,0.0
2009-06-29 00:00:00+09:00,974.4928011213029,983.1781202043805,965.8074820382254,972.7557373046875,16600,0.0,0.0
2009-06-30 00:00:00+09:00,986.6523681205437,986.6523681205437,974.492919921875,974.492919921875,11800,0.0,0.0
2009-07-01 00:00:00+09:00,981.4409363120528,984.9150635202371,971.0185546875,971.0185546875,23400,0.0,0.0
2009-07-02 00:00:00+09:00,974.4928793417441,974.4928793417441,962.3334316494229,964.0704956054688,8400,0.0,0.0
2009-07-03 00:00:00+09:00,955.3850870394926,955.3850870394926,938.01444909332,946.6997680664062,12400,0.0,0.0
2009-07-06 00:00:00+09:00,950.1739602930406,950.1739602930406,943.2257046419031,944.9627685546875,4400,0.0,0.0
2009-07-07 00:00:00+09:00,946.6996399706853,960.5961484473193,944.962576411106,950.1737670898438,9200,0.0,0.0
2009-07-08 00:00:00+09:00,941.4886508455118,946.6998426398595,939.7515869140624,939.7515869140625,6000,0.0,0.0
2009-07-09 00:00:00+09:00,932.8031771093382,934.5402407538621,917.1696043086231,924.1178588867188,11400,0.0,0.0
2009-07-10 00:00:00+09:00,920.6439677606361,932.8034163914369,920.6439677606361,927.5922241210938,9800,0.0,0.0
2009-07-13 00:00:00+09:00,941.48860290641,941.48860290641,932.8032836914062,932.8032836914062,1000,0.0,0.0
2009-07-14 00:00:00+09:00,931.0663523013226,931.0663523013226,920.6439677606361,927.5922241210938,12000,0.0,0.0
2009-07-15 00:00:00+09:00,931.0662876022195,936.2774795104409,929.3292236328124,929.3292236328125,7800,0.0,0.0
2009-07-16 00:00:00+09:00,943.2257046419031,950.1739602930406,943.2257046419031,944.9627685546875,8400,0.0,0.0
2009-07-17 00:00:00+09:00,944.9627010359432,948.4368286132812,939.7515096699361,948.4368286132812,12000,0.0,0.0
2009-07-21 00:00:00+09:00,950.1740043376095,955.3851963175233,950.1740043376095,953.6481323242188,36800,0.0,0.0
2009-07-22 00:00:00+09:00,948.4368157404119,955.3850708007812,936.2773693847656,955.3850708007812,12000,0.0,0.0
2009-07-23 00:00:00+09:00,955.3850772607065,955.3850772607065,941.4885670460053,951.9109497070312,13600,0.0,0.0
2009-07-24 00:00:00+09:00,951.9109715053013,972.7557373046875,950.1739076886857,972.7557373046875,11400,0.0,0.0
2009-07-27 00:00:00+09:00,971.018673488072,974.4928011213029,969.2816096714564,972.7557373046875,10400,0.0,0.0
2009-07-28 00:00:00+09:00,958.8591760056665,971.0186220782023,958.8591760056665,967.5444946289062,1200,0.0,0.0
2009-07-29 00:00:00+09:00,971.018802328349,972.755866375448,957.1222899515568,969.28173828125,5400,0.0,0.0
2009-07-30 00:00:00+09:00,960.5961730629473,971.0185546875,958.8591094588552,971.0185546875,6800,0.0,0.0
2009-07-31 00:00:00+09:00,971.0186220782023,971.0186220782023,967.5444946289064,967.5444946289062,1200,0.0,0.0
2009-08-03 00:00:00+09:00,969.2816227974652,969.2816227974652,960.596303596771,965.8074951171875,5200,0.0,0.0
2009-08-04 00:00:00+09:00,969.2816874736064,969.2816874736064,964.0704956054689,964.0704956054688,7400,0.0,0.0
2009-08-05 00:00:00+09:00,967.5445589573263,969.2816227974652,957.1221759164933,965.8074951171875,6600,0.0,0.0
2009-08-06 00:00:00+09:00,967.5446235175606,967.5446235175606,955.3851758252393,964.0704956054688,5000,0.0,0.0
2009-08-07 00:00:00+09:00,964.0705162840462,964.0705162840462,948.436940344305,953.6481323242188,5600,0.0,0.0
2009-08-10 00:00:00+09:00,962.3333034549624,969.2815583535543,957.1221122810186,967.5444946289062,7600,0.0,0.0
2009-08-11 00:00:00+09:00,967.5444946289064,967.5444946289064,965.8074309042584,967.5444946289062,3200,0.0,0.0
2009-08-12 00:00:00+09:00,965.8076349109574,965.8076349109574,957.122314453125,957.122314453125,9200,0.0,0.0
2009-08-13 00:00:00+09:00,960.596303596771,965.8074951171875,960.596303596771,965.8074951171875,7800,0.0,0.0
2009-08-14 00:00:00+09:00,965.8074820382254,972.7557373046875,964.0704182216099,972.7557373046875,9800,0.0,0.0
2009-08-17 00:00:00+09:00,967.5444946289064,969.2815583535543,957.1221122810186,967.5444946289062,11400,0.0,0.0
2009-08-18 00:00:00+09:00,965.8074951171875,967.5445589573263,962.3333674369098,965.8074951171875,5200,0.0,0.0
2009-08-19 00:00:00+09:00,964.0703002711315,972.7556182915922,962.3332366670394,971.0185546875,11800,0.0,0.0
2009-08-20 00:00:00+09:00,971.018673488072,972.7557373046875,960.5962905883789,972.7557373046875,49800,0.0,0.0
2009-08-21 00:00:00+09:00,962.3332581450974,967.5444490736809,957.1220672165138,958.859130859375,10400,0.0,0.0
2009-08-24 00:00:00+09:00,962.3335067278244,972.7558912772232,957.122314453125,957.122314453125,21000,0.0,0.0
2009-08-25 00:00:00+09:00,946.6997680664064,955.3850870394926,946.6997680664064,946.6997680664062,12200,0.0,0.0
2009-08-26 00:00:00+09:00,953.6481323242188,964.0705162840462,944.9628123576957,953.6481323242188,10000,0.0,0.0
2009-08-27 00:00:00+09:00,946.6998460557726,951.9110378689236,927.5921427408854,938.0145263671875,14000,0.0,0.0
2009-08-28 00:00:00+09:00,936.2774489907657,946.6998324674719,934.5403850779815,944.9627685546875,4200,0.0,0.0
2009-08-31 00:00:00+09:00,932.8031314940514,955.3849577685816,932.8031314940514,950.1737670898438,6600,0.0,0.0
2009-09-02 00:00:00+09:00,925.8547418454273,929.3288684564795,911.9582354012183,922.380615234375,10200,0.0,0.0
2009-09-03 00:00:00+09:00,915.4326452613986,932.8032836914062,915.4326452613986,932.8032836914062,7600,0.0,0.0
2009-09-04 00:00:00+09:00,918.9067350567511,922.3808625994988,917.1696712853774,920.643798828125,8800,0.0,0.0
2009-09-07 00:00:00+09:00,920.6436827688507,920.6436827688507,917.1695556640625,917.1695556640625,4800,0.0,0.0
2009-09-08 00:00:00+09:00,913.6953648817787,925.854808901118,913.6953648817787,918.9065551757812,4400,0.0,0.0
2009-09-09 00:00:00+09:00,932.8035076416944,932.8035076416944,913.69580078125,913.69580078125,4800,0.0,0.0
2009-09-10 00:00:00+09:00,927.5919861757666,944.9626226210056,920.6437315976709,924.1178588867188,9800,0.0,0.0
2009-09-11 00:00:00+09:00,938.0146086617801,938.0146086617801,924.1180959408649,927.5922241210938,22200,0.0,0.0
2009-09-14 00:00:00+09:00,927.5921427408854,950.1739739312065,924.1180148654514,938.0145263671875,10800,0.0,0.0
2009-09-15 00:00:00+09:00,939.7514099234331,941.4884735277278,932.8031555062543,936.2772827148438,3600,0.0,0.0
2009-09-16 00:00:00+09:00,934.5403311754065,953.6480331139371,934.5403311754065,941.4885864257812,10600,0.0,0.0
2009-09-17 00:00:00+09:00,943.225650238375,951.9109693013435,939.7515226131876,941.4885864257812,6000,0.0,0.0
2009-09-18 00:00:00+09:00,944.9626945996806,955.3850772607065,944.9626945996806,951.9109497070312,18200,0.0,0.0
2009-09-21 00:00:00+09:00,951.9109497070312,951.9109497070312,951.9109497070312,951.9109497070312,0,0.0,0.0
2009-09-24 00:00:00+09:00,958.8591760056665,972.7556858028502,957.1221122810186,967.5444946289062,80000,0.0,0.0
2009-09-25 00:00:00+09:00,955.3851963175233,955.3851963175233,946.6998763510004,953.6481323242188,13400,0.0,0.0
2009-09-28 00:00:00+09:00,951.9109594502581,951.9109594502581,939.7515128879372,946.6997680664062,7600,0.0,0.0
2009-09-29 00:00:00+09:00,946.6998460557726,946.6998460557726,924.1180148654514,938.0145263671875,15200,0.0,0.0
2009-09-30 00:00:00+09:00,920.6438836681203,939.7515869140624,918.9068197366711,939.7515869140625,13200,0.0,0.0
2009-10-01 00:00:00+09:00,938.01436804291,938.01436804291,920.6437315976709,924.1178588867188,9400,0.0,0.0
2009-10-02 00:00:00+09:00,915.4326269717617,922.380882204944,892.8507974639194,910.221435546875,9800,0.0,0.0
2009-10-05 00:00:00+09:00,924.1180183278851,924.1180183278851,901.5361870529556,905.0103149414062,13200,0.0,0.0
2009-10-06 00:00:00+09:00,905.0104406503531,910.221633206881,901.5363122793344,903.2733764648438,11800,0.0,0.0
2009-10-07 00:00:00+09:00,906.7473653738839,911.9585571289062,905.0103014555432,911.9585571289062,7000,0.0,0.0
2009-10-08 00:00:00+09:00,913.6954285592744,918.9066192164565,911.9583650068804,917.1695556640625,7600,0.0,0.0
2009-10-09 00:00:00+09:00,918.9066192164565,918.9066192164565,905.0101107973042,917.1695556640625,8200,0.0,0.0
2009-10-13 00:00:00+09:00,927.5919861757666,929.3290498202905,922.3807952421948,924.1178588867188,7200,0.0,0.0
2009-10-14 00:00:00+09:00,925.854808901118,925.854808901118,910.2212380191104,918.9065551757812,19400,0.0,0.0
2009-10-15 00:00:00+09:00,920.6439037857768,929.3292236328124,920.6439037857768,929.3292236328125,7800,0.0,0.0
2009-10-16 00:00:00+09:00,934.5402407538621,934.5402407538621,924.1178588867188,924.1178588867188,8200,0.0,0.0
2009-10-19 00:00:00+09:00,938.014433149858,955.3850708007812,927.592050559304,955.3850708007812,22200,0.0,0.0
2009-10-20 00:00:00+09:00,941.4884492919476,951.910830649423,941.4884492919476,950.1737670898438,41400,0.0,0.0
2009-10-21 00:00:00+09:00,936.2774590511639,941.4886508455118,936.2774590511639,939.7515869140625,8400,0.0,0.0
2009-10-22 00:00:00+09:00,939.7514099234331,939.7514099234331,922.3807738804861,936.2772827148438,9200,0.0,0.0
2009-10-23 00:00:00+09:00,938.0142529204572,941.4883797831257,918.9065551757812,918.9065551757812,11200,0.0,0.0
2009-10-26 00:00:00+09:00,931.0660919019596,938.0143463191384,931.0660919019596,936.2772827148438,17000,0.0,0.0
2009-10-27 00:00:00+09:00,938.0143463191384,938.0143463191384,920.6437102761914,936.2772827148438,19400,0.0,0.0
2009-10-28 00:00:00+09:00,936.2773949880002,948.4368416761561,936.2773949880002,941.4885864257812,18200,0.0,0.0
2009-10-29 00:00:00+09:00,938.0147004218156,938.0147004218156,906.7475437410884,913.69580078125,26200,0.0,0.0
2009-10-30 00:00:00+09:00,913.6952987067444,925.8547418454273,913.6952987067444,922.380615234375,9600,0.0,0.0
2009-11-02 00:00:00+09:00,924.1180593646228,924.1180593646228,915.4327392578125,915.4327392578125,5000,0.0,0.0
2009-11-04 00:00:00+09:00,917.1695556640625,917.1695556640625,913.6954285592744,917.1695556640625,10600,0.0,0.0
2009-11-05 00:00:00+09:00,918.9067350567511,920.643798828125,917.1696712853774,920.643798828125,7600,0.0,0.0
2009-11-06 00:00:00+09:00,918.9068673005366,918.9068673005366,913.6956752364504,915.4327392578125,5800,0.0,0.0
2009-11-09 00:00:00+09:00,915.4326502432906,915.4326502432906,898.06201171875,898.06201171875,15200,0.0,0.0
2009-11-10 00:00:00+09:00,898.0620761841767,899.799140161322,889.3767562984497,896.3250122070312,10200,0.0,0.0
2009-11-11 00:00:00+09:00,898.0621516704559,898.0621516704559,889.3768310546875,889.3768310546875,7400,0.0,0.0
2009-11-12 00:00:00+09:00,891.1138586063197,891.1138586063197,875.480282139542,877.2173461914062,13000,0.0,0.0
2009-11-13 00:00:00+09:00,878.9542394702781,892.8507491852232,868.5318571840693,870.2689208984375,15000,0.0,0.0
2009-11-16 00:00:00+09:00,872.0060862909796,873.7431502078939,842.4759997034365,849.4242553710938,20800,0.0,0.0
2009-11-17 00:00:00+09:00,849.4243075213855,849.4243075213855,821.6312831444076,823.3683471679688,17400,0.0,0.0
2009-11-18 00:00:00+09:00,825.1053905487059,840.7389663696289,825.1053905487059,833.7907104492188,15600,0.0,0.0
2009-11-19 00:00:00+09:00,832.053578990129,837.2647705078125,823.3682597939899,837.2647705078125,12200,0.0,0.0
2009-11-20 00:00:00+09:00,835.5277798138138,835.5277798138138,757.3599002054528,769.5193481445312,57600,0.0,0.0
2009-11-24 00:00:00+09:00,764.3080228917739,764.3080228917739,694.8254753561581,708.7219848632812,56000,0.0,0.0
2009-11-25 00:00:00+09:00,720.8815444240895,727.8298002739602,681.6238988723198,713.9332885742188,34600,0.0,0.0
2009-11-26 00:00:00+09:00,712.1962998598741,715.6704281518735,703.5109791298756,706.985107421875,9000,0.0,0.0
2009-11-27 00:00:00+09:00,694.8254601430085,717.4072875976562,694.8254601430085,717.4072875976562,14600,0.0,0.0
2009-11-30 00:00:00+09:00,703.5108914662557,722.6185946912651,703.5108914662557,720.8815307617188,18400,0.0,0.0
2009-12-01 00:00:00+09:00,720.8815406976745,748.6745639534885,713.933284883721,746.9375,24400,0.0,0.0
2009-12-02 00:00:00+09:00,736.5150306719869,736.5150306719869,722.6185206593078,727.8297119140625,8400,0.0,0.0
2009-12-03 00:00:00+09:00,715.6703107324661,778.2046097285069,715.6703107324661,767.7822265625,20000,0.0,0.0
2009-12-04 00:00:00+09:00,743.4635145992888,795.575443192697,736.5152574535011,793.83837890625,18800,0.0,0.0
2009-12-07 00:00:00+09:00,785.1528651725114,809.4717592265272,767.7822265625,767.7822265625,11400,0.0,0.0
2009-12-08 00:00:00+09:00,779.9417940886125,799.0494995117188,771.2564734417459,799.0494995117188,10600,0.0,0.0
2009-12-09 00:00:00+09:00,799.0493807657612,802.523508508221,797.3123168945312,797.3123168945312,8400,0.0,0.0
2009-12-10 00:00:00+09:00,802.5234125664894,816.419921875,783.4157122672873,816.419921875,7600,0.0,0.0
2009-12-11 00:00:00+09:00,814.6828582114362,816.419921875,799.0492852393617,816.419921875,27600,0.0,0.0
2009-12-14 00:00:00+09:00,840.7390236690127,851.1614082599509,805.9977416992188,805.9977416992188,12000,0.0,0.0
2009-12-15 00:00:00+09:00,800.7864656974932,849.4242553710938,792.1011461129217,849.4242553710938,10000,0.0,0.0
2009-12-16 00:00:00+09:00,851.1613229140933,878.9543457031249,849.4242589897789,878.954345703125,16400,0.0,0.0
2009-12-17 00:00:00+09:00,884.1654993336282,884.1654993336282,866.7948608398438,866.7948608398438,7200,0.0,0.0
2009-12-18 00:00:00+09:00,868.5320899600074,880.6915392194475,863.3208974202473,875.4803466796875,15800,0.0,0.0
2009-12-21 00:00:00+09:00,872.0060759753716,872.0060759753716,854.6354370117188,854.6354370117188,37200,0.0,0.0
2009-12-22 00:00:00+09:00,861.5836023265967,872.0059846128056,840.7388377541791,870.2689208984375,7000,0.0,0.0
2009-12-24 00:00:00+09:00,877.2172817788105,878.9543457031249,872.006090005867,878.954345703125,4800,0.0,0.0
2009-12-25 00:00:00+09:00,877.2172574129971,877.2172574129971,859.8466186523438,859.8466186523438,7600,0.0,0.0
2009-12-28 00:00:00+09:00,852.8983500448162,866.7948608398438,851.1612861954377,866.7948608398438,4200,0.0,0.0
2009-12-29 00:00:00+09:00,842.4759864420242,858.1095614481649,842.4759864420242,856.3724975585938,5400,0.0,0.0
2009-12-30 00:00:00+09:00,830.3166539734015,839.0019746216587,828.57958984375,828.57958984375,4800,0.0,0.0
2010-01-04 00:00:00+09:00,816.4200063657107,836.2225341796875,816.4200063657107,836.2225341796875,2600,0.0,0.0
2010-01-05 00:00:00+09:00,837.612257036084,843.8656874079835,800.0916748046875,800.0916748046875,5800,0.0,0.0
2010-01-06 00:00:00+09:00,834.8328811328936,844.907851400415,820.936370419071,837.2647705078125,10800,0.0,0.0
2010-01-07 00:00:00+09:00,826.8422759818632,852.2034046149204,826.8422759818632,832.053466796875,6400,0.0,0.0
2010-01-08 00:00:00+09:00,832.0536471546169,837.2648390992179,826.4950424137093,833.4432983398438,6800,0.0,0.0
2010-01-12 00:00:00+09:00,816.4198943518397,833.0957049598773,799.0492583018006,832.053466796875,9000,0.0,0.0
2010-01-13 00:00:00+09:00,828.2321118746079,840.3915598257871,826.8424606801874,830.6640014648438,10200,0.0,0.0
2010-01-14 00:00:00+09:00,828.2320795375923,850.1190849951713,826.8424283974285,847.3397827148438,5200,0.0,0.0
2010-01-15 00:00:00+09:00,847.3397145547672,851.1612548828125,846.6448890405771,851.1612548828125,10200,0.0,0.0
2010-01-18 00:00:00+09:00,866.100129782642,868.5320194370657,846.2975997394768,850.119140625,11800,0.0,0.0
2010-01-19 00:00:00+09:00,850.813758423686,864.0154418945311,850.813758423686,864.0154418945312,15200,0.0,0.0
2010-01-20 00:00:00+09:00,875.8275921894954,875.8275921894954,855.6776515520536,867.1422729492188,35000,0.0,0.0
2010-01-21 00:00:00+09:00,861.5837381695529,866.1001045389901,860.1940869789569,862.6259765625,12200,0.0,0.0
2010-01-22 00:00:00+09:00,859.1518764550501,859.4992892639684,830.6640261237463,848.7294921875,11600,0.0,0.0
2010-01-25 00:00:00+09:00,848.7294942887103,860.8889426309554,843.1708893322553,847.687255859375,12200,0.0,0.0
2010-01-26 00:00:00+09:00,841.0863542759672,841.0863542759672,783.7632446289062,783.7632446289062,36800,0.0,0.0
2010-01-27 00:00:00+09:00,801.1339201297086,812.5985425773583,787.5848208733952,796.6175537109375,12800,0.0,0.0
2010-01-28 00:00:00+09:00,796.9649840124491,796.9649840124491,787.58483816749,787.9322509765625,7600,0.0,0.0
2010-01-29 00:00:00+09:00,778.2045862134062,785.1528414474544,747.6322631835938,747.6322631835938,13600,0.0,0.0
2010-02-01 00:00:00+09:00,745.5479034098722,750.0642700195312,705.595429555196,750.0642700195312,22600,0.0,0.0
2010-02-02 00:00:00+09:00,752.4960876885776,766.3925990032328,752.4960876885776,755.622802734375,13000,0.0,0.0
2010-02-03 00:00:00+09:00,773.3408889253844,773.6883017236438,765.0029817671592,769.5193481445312,11600,0.0,0.0
2010-02-04 00:00:00+09:00,769.5193585482511,774.0357249866832,731.3039502230558,764.3081665039062,15800,0.0,0.0
2010-02-05 00:00:00+09:00,731.9988192926088,750.0642861190045,712.543701171875,712.543701171875,14800,0.0,0.0
2010-02-08 00:00:00+09:00,717.4073826355162,734.7780214402502,699.6893310546875,699.6893310546875,32800,0.0,0.0
2010-02-09 00:00:00+09:00,700.0366846783608,703.5108121457472,698.6470336914062,698.6470336914062,12200,0.0,0.0
2010-02-10 00:00:00+09:00,700.0367863163068,734.7780660342377,700.0367863163068,709.0695190429688,14200,0.0,0.0
2010-02-12 00:00:00+09:00,709.0695108375605,714.9755283212639,706.9850340786064,713.2384643554688,9000,0.0,0.0
2010-02-15 00:00:00+09:00,728.524568259716,728.524568259716,711.5013427734375,711.5013427734375,8000,0.0,0.0
2010-02-16 00:00:00+09:00,715.3229466221444,715.6703594179783,710.1117546846348,710.4591674804688,4000,0.0,0.0
2010-02-17 00:00:00+09:00,729.5668800278465,737.5573744281515,725.7453392277007,736.862548828125,15800,0.0,0.0
2010-02-18 00:00:00+09:00,746.5899809857536,746.5899809857536,719.4917871668198,738.2520751953125,8000,0.0,0.0
2010-02-19 00:00:00+09:00,738.5996611364649,752.4961740458998,738.5996611364649,743.1160278320312,15400,0.0,0.0
2010-02-22 00:00:00+09:00,759.0969072574944,779.5942608173077,745.8952219138857,767.7822265625,61400,0.0,0.0
2010-02-23 00:00:00+09:00,778.2047877956081,778.2047877956081,761.1815580625791,771.2565307617188,6400,0.0,0.0
2010-02-24 00:00:00+09:00,758.0547136852574,775.7727661132812,757.3598880998447,775.7727661132812,11400,0.0,0.0
2010-02-25 00:00:00+09:00,775.7726676954815,790.7114158866618,762.9183959960938,762.9183959960938,12400,0.0,0.0
2010-02-26 00:00:00+09:00,769.5192318014523,784.1105671222925,761.1813259038294,766.3925170898438,11800,0.0,0.0
2010-03-01 00:00:00+09:00,749.0220031738281,766.3926433216442,740.3366830999202,764.3081665039062,6800,0.0,0.0
2010-03-02 00:00:00+09:00,764.3082340576507,764.3082340576507,753.8858490477736,761.1815185546875,6400,0.0,0.0
2010-03-03 00:00:00+09:00,743.8107200520834,781.6787109375,743.8107200520834,781.6787109375,9400,0.0,0.0
2010-03-04 00:00:00+09:00,767.0875060012221,767.0875060012221,746.2427368164062,746.2427368164062,12200,0.0,0.0
2010-03-05 00:00:00+09:00,757.3597926528688,768.8244133673388,756.664967155022,762.5709838867188,7000,0.0,0.0
2010-03-08 00:00:00+09:00,763.9607440565983,772.298651222291,763.9607440565983,769.1719360351562,5000,0.0,0.0
2010-03-09 00:00:00+09:00,751.8011975539819,757.7072143554688,739.9891639510081,757.7072143554688,4200,0.0,0.0
2010-03-10 00:00:00+09:00,754.9279187737056,757.707220821653,750.4115529457911,754.2330932617188,4000,0.0,0.0
2010-03-11 00:00:00+09:00,759.0970415527121,761.1815185546875,748.6746565428351,761.1815185546875,9800,0.0,0.0
2010-03-12 00:00:00+09:00,767.7821579460192,771.9511108398438,755.6227120056976,771.9511108398438,17200,0.0,0.0
2010-03-15 00:00:00+09:00,776.4675195312501,781.6787109375,773.6882174479167,781.6787109375,5800,0.0,0.0
2010-03-16 00:00:00+09:00,772.9934456074132,785.1528930664062,772.9934456074132,785.1528930664062,5600,0.0,0.0
2010-03-17 00:00:00+09:00,788.6268865460626,791.7536010742188,785.847584743257,791.7536010742188,5000,0.0,0.0
2010-03-18 00:00:00+09:00,798.0072069992665,798.0072069992665,792.7960149640079,795.5753173828125,4000,0.0,0.0
2010-03-19 00:00:00+09:00,799.0493577948968,809.4717407226562,796.2700556808276,809.4717407226562,21000,0.0,0.0
2010-03-23 00:00:00+09:00,826.8424310390465,845.9501342773438,822.3260648190852,845.9501342773438,42800,0.0,0.0
2010-03-24 00:00:00+09:00,834.4853950155124,850.1189681944043,828.5793784812644,844.2129516601562,19000,0.0,0.0
2010-03-25 00:00:00+09:00,851.1613213166557,851.1613213166557,834.4855076745336,848.3820190429688,19800,0.0,0.0
2010-03-26 00:00:00+09:00,865.7527666716727,885.5552978515625,861.236399911347,885.5552978515625,20000,0.0,0.0
2010-03-29 00:00:00+09:00,896.0805890227184,896.0805890227184,876.7836303710938,876.7836303710938,8400,12.5,0.0
2010-03-30 00:00:00+09:00,877.1348645465254,893.625,877.1348645465254,893.625,19000,0.0,0.0
2010-03-31 00:00:00+09:00,902.7469967499557,908.3606586030452,895.0282117019576,895.7299194335938,14600,0.0,0.0
2010-04-01 00:00:00+09:00,904.1504607730442,909.7641229276304,898.1859447337963,909.4132690429688,13000,0.0,0.0
2010-04-02 00:00:00+09:00,908.7114971265582,908.7114971265582,877.13464973606,907.658935546875,7000,0.0,0.0
2010-04-05 00:00:00+09:00,909.4131920773276,911.5183152071362,888.3619607792413,900.641845703125,9400,0.0,0.0
2010-04-06 00:00:00+09:00,903.4485607905352,908.7113679407713,891.51953125,891.51953125,13400,0.0,0.0
2010-04-07 00:00:00+09:00,900.290964309119,907.6588950380713,896.0807181782891,905.5537719726562,13800,0.0,0.0
2010-04-08 00:00:00+09:00,898.5365663186099,899.5891277004747,887.3092449120517,889.4143676757812,8200,0.0,0.0
2010-04-09 00:00:00+09:00,887.6603690917776,905.2030641331171,870.1176740504382,890.8180541992188,12400,0.0,0.0
2010-04-12 00:00:00+09:00,890.818030385896,894.6774231918215,884.1518064483882,891.1688842773438,14400,0.0,0.0
2010-04-13 00:00:00+09:00,891.8706129355608,891.8706129355608,870.1176711566446,889.0637817382812,6600,0.0,0.0
2010-04-14 00:00:00+09:00,906.606269126576,906.606269126576,895.0280930889688,897.4840698242188,8000,0.0,0.0
2010-04-15 00:00:00+09:00,906.9572278270861,908.7114971265582,899.2384429094088,907.658935546875,6200,0.0,0.0
2010-04-16 00:00:00+09:00,908.7115229587928,908.7115229587928,894.3265142941942,894.6773681640625,9400,0.0,0.0
2010-04-19 00:00:00+09:00,904.1503969479307,907.658935546875,903.0978353682474,907.658935546875,18000,0.0,0.0
2010-04-20 00:00:00+09:00,911.8692775819359,911.8692775819359,895.7299983326981,906.255615234375,38200,0.0,0.0
2010-04-21 00:00:00+09:00,907.6589675909147,919.2371453761873,906.2555521017907,918.8862915039062,21000,0.0,0.0
2010-04-22 00:00:00+09:00,913.974264234316,913.974264234316,873.2752183029606,905.5537719726562,15200,0.0,0.0
2010-04-23 00:00:00+09:00,893.6249286210892,917.4829950310751,892.9232207855014,917.1321411132812,13600,0.0,0.0
2010-04-26 00:00:00+09:00,920.640636463683,964.8482280011922,902.3962336069333,956.427734375,45600,0.0,0.0
2010-04-27 00:00:00+09:00,947.65611031721,947.65611031721,928.3591513881296,932.5693969726562,13600,0.0,0.0
2010-04-28 00:00:00+09:00,904.1501795460799,919.938599445022,880.2921228099009,896.431396484375,19200,0.0,0.0
2010-04-30 00:00:00+09:00,913.9743603316674,914.3252142127928,900.9927667300276,904.1504516601562,6000,0.0,0.0
2010-05-06 00:00:00+09:00,886.6078528944435,902.0454253231555,870.1177187092283,873.9771118164062,18000,0.0,0.0
2010-05-07 00:00:00+09:00,868.3634361164683,868.3634361164683,833.2780447582271,836.4357299804688,12600,0.0,0.0
2010-05-10 00:00:00+09:00,853.9783937077218,853.9783937077218,835.0322830831462,839.5933837890625,11200,0.0,0.0
2010-05-11 00:00:00+09:00,870.1176269531251,898.536791381836,870.1176269531251,877.1347045898438,22000,0.0,0.0
2010-05-12 00:00:00+09:00,885.555016260335,885.555016260335,846.9610971681651,872.5734252929688,9000,0.0,0.0
2010-05-13 00:00:00+09:00,887.3093420080236,909.413133445946,887.3093420080236,908.71142578125,6200,0.0,0.0
2010-05-14 00:00:00+09:00,889.7653329100035,904.1503402638324,889.7653329100035,896.7824096679688,17600,0.0,0.0
2010-05-17 00:00:00+09:00,908.7113402309876,908.7113402309876,888.0109660712856,890.1160888671875,17200,0.0,0.0
2010-05-18 00:00:00+09:00,897.8352022581765,898.1860561863743,891.1689776224183,896.0809326171875,9400,0.0,0.0
2010-05-19 00:00:00+09:00,897.4843273162842,898.18603515625,878.8890695571899,898.18603515625,30000,0.0,0.0
2010-05-20 00:00:00+09:00,903.4488439559937,903.4488439559937,880.6433391571045,898.18603515625,9800,0.0,0.0
2010-05-21 00:00:00+09:00,880.6431148065818,880.6431148065818,856.0833466645655,860.9953002929688,15000,0.0,0.0
2010-05-24 00:00:00+09:00,849.0662399947278,858.539293085578,827.3133032675901,857.8375854492188,14000,0.0,0.0
2010-05-25 00:00:00+09:00,850.8205744977388,850.8205744977388,840.2949591431276,840.6458129882812,14200,0.0,0.0
2010-05-26 00:00:00+09:00,825.5592593536182,845.2070785307549,817.8404732483145,822.0507202148438,12200,0.0,0.0
2010-05-27 00:00:00+09:00,810.4725410568883,837.1374385115738,803.4554627793394,822.0507202148438,12000,0.0,0.0
2010-05-28 00:00:00+09:00,822.0506582395124,848.0138459090488,812.9284571664319,842.7510375976562,8400,0.0,0.0
2010-05-31 00:00:00+09:00,842.0493071933962,859.5920010932587,836.7864990234375,836.7864990234375,9200,0.0,0.0
2010-06-01 00:00:00+09:00,836.7865780811904,849.0664649712709,823.8049833688198,832.9271850585938,6000,0.0,0.0
2010-06-02 00:00:00+09:00,840.6459274905443,840.6459274905443,828.3660412375523,829.0677490234375,6200,0.0,0.0
2010-06-03 00:00:00+09:00,846.6106300354004,876.7840714705618,828.0153696160567,853.27685546875,8200,0.0,0.0
2010-06-04 00:00:00+09:00,835.7338744066151,857.1359593515368,835.383020555059,855.7325439453125,7000,0.0,0.0
2010-06-07 00:00:00+09:00,843.8034711750335,843.8034711750335,821.6996796224234,826.6116333007812,6000,0.0,0.0
2010-06-08 00:00:00+09:00,825.2083562010686,829.0677490234375,825.2083562010686,829.0677490234375,4200,0.0,0.0
2010-06-09 00:00:00+09:00,827.6643005085276,831.1728392983051,823.8049078397722,824.15576171875,7400,0.0,0.0
2010-06-10 00:00:00+09:00,835.3831354471124,849.0664375396943,830.4711808497754,845.9087524414062,5600,0.0,0.0
2010-06-11 00:00:00+09:00,863.4513286795465,863.4513286795465,852.2240054297515,855.7325439453125,22400,0.0,0.0
2010-06-14 00:00:00+09:00,857.8377362593864,871.871891453814,840.2950422663519,867.310791015625,5000,0.0,0.0
2010-06-15 00:00:00+09:00,863.1004396894854,869.7666625976562,863.1004396894854,869.7666625976562,3000,0.0,0.0
2010-06-16 00:00:00+09:00,887.309436896829,894.6773681640625,884.8534598077512,894.6773681640625,8000,0.0,0.0
2010-06-17 00:00:00+09:00,895.3790035667729,908.360595703125,895.3790035667729,908.360595703125,5400,0.0,0.0
2010-06-18 00:00:00+09:00,910.4658046880571,922.7456903004202,905.9047043177509,922.3948364257812,20400,0.0,0.0
2010-06-21 00:00:00+09:00,928.0085990403367,929.4120146910593,891.1689382088678,916.430419921875,50200,0.0,0.0
2010-06-22 00:00:00+09:00,920.2895169296236,921.6929321289062,913.2724409332101,921.6929321289062,13800,0.0,0.0
2010-06-23 00:00:00+09:00,932.2188711666029,937.8325339210875,924.1492309570312,924.1492309570312,70800,0.0,0.0
2010-06-24 00:00:00+09:00,927.3068194102092,939.9375592886684,927.3068194102092,931.867919921875,12200,0.0,0.0
2010-06-25 00:00:00+09:00,936.4290234760341,938.8850006826029,933.2713384961598,933.6221923828125,15000,0.0,0.0
2010-06-28 00:00:00+09:00,935.7272482073023,935.7272482073023,925.2016323669502,930.1135864257812,10400,0.0,0.0
2010-06-29 00:00:00+09:00,930.4644921726812,934.6747387435983,919.9388757453884,924.850830078125,12000,0.0,0.0
2010-06-30 00:00:00+09:00,912.2201031614002,924.8508430513273,900.6419249289671,911.1675415039062,23800,0.0,0.0
2010-07-01 00:00:00+09:00,919.237103261992,920.2896648306127,902.0452643078556,902.3961181640625,13200,0.0,0.0
2010-07-02 00:00:00+09:00,905.9048881036514,905.9048881036514,892.9232921083627,893.625,13200,0.0,0.0
2010-07-05 00:00:00+09:00,889.0638102213542,889.0638102213542,878.8890468052455,884.15185546875,7000,0.0,0.0
2010-07-06 00:00:00+09:00,884.1517418615966,895.7299194335938,871.8718565579634,895.7299194335938,12400,0.0,0.0
2010-07-07 00:00:00+09:00,890.4669418550047,890.4669418550047,859.5918075432472,871.1699829101562,10400,0.0,0.0
2010-07-08 00:00:00+09:00,882.3975066525869,894.6773924310523,872.2227441504298,873.6261596679688,18000,0.0,0.0
2010-07-09 00:00:00+09:00,879.5906999067826,893.2740015806417,879.5906999067826,887.6603393554688,5600,0.0,0.0
2010-07-12 00:00:00+09:00,891.8704559373931,906.255463291222,891.1687482615965,896.7824096679688,10400,0.0,0.0
2010-07-13 00:00:00+09:00,902.7470155646419,902.7470155646419,885.55517578125,885.55517578125,12600,0.0,0.0
2010-07-14 00:00:00+09:00,903.0977956092408,912.2199955648898,899.2384033203125,899.2384033203125,5200,0.0,0.0
2010-07-15 00:00:00+09:00,900.6419128489023,909.7641137581627,900.6419128489023,904.1504516601562,8800,0.0,0.0
2010-07-16 00:00:00+09:00,909.7640342214706,915.3776958286992,904.5012264646939,914.3251342773438,14600,0.0,0.0
2010-07-21 00:00:00+09:00,905.5537822477756,905.5537822477756,890.8179206226666,904.501220703125,8000,0.0,0.0
2010-07-22 00:00:00+09:00,896.0808226875122,908.7115625531153,896.0808226875122,903.097900390625,7600,0.0,0.0
2010-07-23 00:00:00+09:00,908.3604906784552,919.9386661100461,903.7993912660103,910.8164672851562,20200,0.0,0.0
2010-07-26 00:00:00+09:00,909.4133092162241,920.289780121202,905.203062414297,911.5184326171875,14000,0.0,0.0
2010-07-27 00:00:00+09:00,906.9571330859602,911.5182327881333,901.694325737299,902.7468872070312,7200,0.0,0.0
2010-07-28 00:00:00+09:00,913.9743743197608,919.2371826171875,913.2726665467707,919.2371826171875,11000,0.0,0.0
2010-07-29 00:00:00+09:00,909.7641631163847,917.833802820078,909.7641631163847,911.5184326171875,4600,0.0,0.0
2010-07-30 00:00:00+09:00,905.9048461914062,906.6065540505786,897.484351881339,905.9048461914062,13600,0.0,0.0
2010-08-02 00:00:00+09:00,912.9217338502684,912.9217338502684,902.3961181640625,902.3961181640625,2600,0.0,0.0
2010-08-03 00:00:00+09:00,906.9571631798377,916.4302167217547,906.9571631798377,912.219970703125,4600,0.0,0.0
2010-08-04 00:00:00+09:00,904.5012629103248,904.5012629103248,886.6077158162882,893.9756469726562,8000,0.0,0.0
2010-08-05 00:00:00+09:00,900.6420125961304,902.3962821960449,893.2740802764893,898.18603515625,6800,0.0,0.0
2010-08-06 00:00:00+09:00,897.4840258265564,904.8519556711059,897.4840258265564,899.9400024414062,3800,0.0,0.0
2010-08-09 00:00:00+09:00,894.677171833517,900.2908325195312,894.3263180406411,900.2908325195312,7000,0.0,0.0
2010-08-10 00:00:00+09:00,899.9400942090532,901.3435095606462,896.4315558300706,896.7824096679688,8600,0.0,0.0
2010-08-11 00:00:00+09:00,895.3791001898218,895.3791001898218,873.6261596679688,873.6261596679688,16200,0.0,0.0
2010-08-12 00:00:00+09:00,864.5039588039658,880.6432372556633,850.8206575079615,873.6261596679688,7400,0.0,0.0
2010-08-13 00:00:00+09:00,873.9769682685139,882.3974609375,867.3107449055666,882.3974609375,9200,0.0,0.0
2010-08-16 00:00:00+09:00,878.5381055386154,885.5551830588918,875.3804206544909,882.7483520507812,7400,0.0,0.0
2010-08-17 00:00:00+09:00,879.2398132906429,882.7483520507812,878.5381055386154,882.7483520507812,5800,0.0,0.0
2010-08-18 00:00:00+09:00,893.9754642477652,900.2908325195312,885.9058270116197,900.2908325195312,7400,0.0,0.0
2010-08-19 00:00:00+09:00,903.4488686843033,913.6236326423012,900.2911833180281,905.9048461914062,41800,0.0,0.0
2010-08-20 00:00:00+09:00,898.1858893010543,911.869189958375,887.3094195477994,898.5367431640625,37200,0.0,0.0
2010-08-23 00:00:00+09:00,916.0794679886869,916.0794679886869,893.9756738549116,895.3790893554688,11400,0.0,0.0
2010-08-24 00:00:00+09:00,892.9231230341287,896.7825157073606,872.5735980298145,873.6261596679688,12000,0.0,0.0
2010-08-25 00:00:00+09:00,873.6261440948148,889.0637145125545,866.2582127590754,885.55517578125,14600,0.0,0.0
2010-08-26 00:00:00+09:00,885.5551186109244,885.5551186109244,876.7837723489303,880.9940185546875,5800,0.0,0.0
2010-08-27 00:00:00+09:00,879.2397536312955,903.4486694335938,879.2397536312955,903.4486694335938,11000,0.0,0.0
2010-08-30 00:00:00+09:00,903.4486489072414,913.6234103900802,903.4486489072414,905.5537719726562,29200,0.0,0.0
2010-08-31 00:00:00+09:00,888.0112247590096,904.8522120321951,869.065114076676,870.11767578125,15400,0.0,0.0
2010-09-01 00:00:00+09:00,864.8546891000234,869.4157888802669,851.5222435885422,859.2410278320312,17200,0.0,0.0
2010-09-02 00:00:00+09:00,876.7837567692637,876.7837567692637,860.6444799339752,865.9072875976562,13200,0.0,0.0
2010-09-03 00:00:00+09:00,860.2936131097133,862.3987361434239,857.4867823980992,858.8901977539062,7400,0.0,0.0
2010-09-06 00:00:00+09:00,864.8546020989353,891.8703442334659,864.8546020989353,889.4143676757812,13400,0.0,0.0
2010-09-07 00:00:00+09:00,880.99397798641,882.0465394893805,875.0294628029097,878.8888549804688,3200,0.0,0.0
2010-09-08 00:00:00+09:00,878.888827891695,878.888827891695,865.2055287748183,877.4854125976562,11400,0.0,0.0
2010-09-09 00:00:00+09:00,888.0112200393014,890.467197336921,885.9060966413418,889.0637817382812,5600,0.0,0.0
2010-09-10 00:00:00+09:00,894.6773650463531,903.4487117624939,888.3619954107318,892.923095703125,34400,0.0,0.0
2010-09-13 00:00:00+09:00,896.0808387576126,897.8351082148514,887.660345362866,891.1688842773438,14200,0.0,0.0
2010-09-14 00:00:00+09:00,889.4144083899056,896.0806307802046,886.2567240997639,891.51953125,12800,0.0,0.0
2010-09-16 00:00:00+09:00,902.7469935873801,902.7469935873801,884.1517387641655,893.9756469726562,15000,0.0,0.0
2010-09-17 00:00:00+09:00,894.6775204446499,909.0625315576815,894.6775204446499,905.9048461914062,18800,0.0,0.0
2010-09-21 00:00:00+09:00,906.255463728668,906.255463728668,888.712771825287,890.467041015625,38400,0.0,0.0
2010-09-22 00:00:00+09:00,884.8532218918175,900.9924955662916,882.7480992386252,896.431396484375,6800,0.0,0.0
2010-09-24 00:00:00+09:00,882.3974268944693,892.923042324622,882.3974268944693,883.8008422851562,18000,0.0,0.0
2010-09-27 00:00:00+09:00,878.8890695571899,901.3437204360962,878.8890695571899,898.18603515625,48600,0.0,0.0
2010-09-28 00:00:00+09:00,897.4842842494145,905.2030701186433,887.3095210581585,894.3265991210938,13000,0.0,0.0
2010-09-29 00:00:00+09:00,892.5723968671331,908.7116776280953,892.5723968671331,905.9048461914062,14000,0.0,0.0
2010-09-30 00:00:00+09:00,905.9047719347707,906.957333637251,887.3095151909508,890.8180541992188,14200,0.0,0.0
2010-10-01 00:00:00+09:00,888.011131274644,896.4316240247789,886.2568619516992,893.9756469726562,9400,0.0,0.0
2010-10-04 00:00:00+09:00,895.7297699666811,895.7297699666811,881.6956176757812,881.6956176757812,4600,0.0,0.0
2010-10-05 00:00:00+09:00,877.1344848873583,895.7297359669703,871.1699703901243,889.4143676757812,16600,0.0,0.0
2010-10-06 00:00:00+09:00,887.6601323994137,887.6601323994137,876.0819567594214,881.6956176757812,7200,0.0,0.0
2010-10-07 00:00:00+09:00,879.9415210426706,887.3094524389609,878.1872516626015,882.7483520507812,14800,0.0,0.0
2010-10-08 00:00:00+09:00,882.7482377901832,891.1687297245887,860.9953002929688,860.9953002929688,19000,0.0,0.0
2010-10-12 00:00:00+09:00,866.6090900013381,883.8009302483282,850.1189575195312,850.1189575195312,18400,0.0,0.0
2010-10-13 00:00:00+09:00,861.3464082721038,861.3464082721038,842.4002958294587,851.8733520507812,14600,0.0,0.0
2010-10-14 00:00:00+09:00,854.6800821097556,869.065091701915,854.6800821097556,864.1531372070312,12200,0.0,0.0
2010-10-15 00:00:00+09:00,862.3987807071097,862.3987807071097,855.7325574225551,856.4342651367188,12800,0.0,0.0
2010-10-18 00:00:00+09:00,857.1358309502666,872.5733981061453,857.1358309502666,871.1699829101562,7600,0.0,0.0
2010-10-19 00:00:00+09:00,873.6261908866762,875.0296064543656,870.468505859375,870.468505859375,17800,0.0,0.0
2010-10-20 00:00:00+09:00,857.8378062416758,857.8378062416758,824.1558310272787,843.8036499023438,43200,0.0,0.0
2010-10-21 00:00:00+09:00,838.8915501925119,856.0833887368168,828.7167886050661,844.1543579101562,10800,0.0,0.0
2010-10-22 00:00:00+09:00,844.5052862579244,851.8732177126051,843.1018707427471,844.8561401367188,13000,0.0,0.0
2010-10-25 00:00:00+09:00,844.505284339377,852.5749235333137,836.7864990234375,836.7864990234375,10800,0.0,0.0
2010-10-26 00:00:00+09:00,838.8917713572461,839.9443331782714,826.2610295049412,838.1900634765625,12600,0.0,0.0
2010-10-27 00:00:00+09:00,839.9442539978028,842.0493774414064,838.1899844614666,842.0493774414062,18800,0.0,0.0
2010-10-28 00:00:00+09:00,828.366008266483,837.4882091199048,822.752346202839,824.15576171875,26000,0.0,0.0
2010-10-29 00:00:00+09:00,818.8929589759491,828.0151598899914,802.7536804357204,813.279296875,14000,0.0,0.0
2010-11-01 00:00:00+09:00,813.6301641793087,824.1557807922363,812.2267486309183,813.9810180664062,6000,0.0,0.0
2010-11-02 00:00:00+09:00,824.506634679334,824.506634679334,813.9810180664062,813.9810180664062,8600,0.0,0.0
2010-11-04 00:00:00+09:00,824.5066424303748,840.9967752789822,813.9810257184976,825.5592041015625,14400,0.0,0.0
2010-11-05 00:00:00+09:00,838.5405116497164,853.6272237840001,838.5405116497164,848.7152709960938,25200,0.0,0.0
2010-11-08 00:00:00+09:00,845.5579386006025,850.8207473470793,828.0152427790132,848.013916015625,9000,0.0,0.0
2010-11-09 00:00:00+09:00,841.6986028799805,848.0139738061329,838.1900634765625,838.1900634765625,4600,0.0,0.0
2010-11-10 00:00:00+09:00,837.8391068292192,859.2411945664815,837.8391068292192,856.7852172851562,10000,0.0,0.0
2010-11-11 00:00:00+09:00,847.662841796875,852.5747953503336,845.9085726706397,847.662841796875,7200,0.0,0.0
2010-11-12 00:00:00+09:00,847.6628009706836,848.0136547790323,839.2423095703125,839.2423095703125,6800,0.0,0.0
2010-11-15 00:00:00+09:00,844.8561370633713,845.2069909408893,838.5407672680471,843.1018676757812,6000,0.0,0.0
2010-11-16 00:00:00+09:00,844.5053130698639,846.2595825195312,838.8916508309284,846.2595825195312,7200,0.0,0.0
2010-11-17 00:00:00+09:00,839.2423095703125,844.1542628871956,837.8388943369174,839.2423095703125,9000,0.0,0.0
2010-11-18 00:00:00+09:00,845.5578999452739,853.9783935546875,840.2950914393905,853.9783935546875,19000,0.0,0.0
2010-11-19 00:00:00+09:00,854.3290575738788,855.3816190411155,849.4171040601069,850.4696655273438,17000,0.0,0.0
2010-11-22 00:00:00+09:00,857.8377147575945,857.8377147575945,850.469783465198,855.0308837890625,38200,0.0,0.0
2010-11-24 00:00:00+09:00,856.7851812887724,856.7851812887724,848.7155419891648,850.1189575195312,8000,0.0,0.0
2010-11-25 00:00:00+09:00,855.732469615118,855.732469615118,837.4880709189367,842.4000244140625,15600,0.0,0.0
2010-11-26 00:00:00+09:00,833.9795024450807,842.0491400371029,833.9795024450807,839.2423095703125,6000,0.0,0.0
2010-11-29 00:00:00+09:00,838.8916864243511,845.9087645207488,838.1899786147113,838.5408325195312,5000,0.0,0.0
2010-11-30 00:00:00+09:00,836.78666580103,836.78666580103,825.2084855195063,826.2610473632812,14800,0.0,0.0
2010-12-01 00:00:00+09:00,825.9099256324445,832.2252946474758,824.8573641299391,826.6116333007812,7400,0.0,0.0
2010-12-02 00:00:00+09:00,835.0321933362611,835.0321933362611,826.9625544930956,830.1202392578125,6600,0.0,0.0
2010-12-03 00:00:00+09:00,835.0321996412694,842.0492769491792,833.6287841796875,833.6287841796875,12600,0.0,0.0
2010-12-06 00:00:00+09:00,840.6457282972633,847.3119506835939,834.6812135305464,847.3119506835938,10400,0.0,0.0
2010-12-07 00:00:00+09:00,842.0493774414064,842.0493774414064,839.5934000905355,842.0493774414062,9800,0.0,0.0
2010-12-08 00:00:00+09:00,846.6102734808088,850.4696655273438,842.7508814342738,850.4696655273438,23600,0.0,0.0
2010-12-09 00:00:00+09:00,850.8207280720097,850.8207280720097,843.8036499023438,843.8036499023438,11000,0.0,0.0
2010-12-10 00:00:00+09:00,841.3476725429606,844.154503810827,838.5408412750942,843.8036499023438,41000,0.0,0.0
2010-12-13 00:00:00+09:00,848.3648127095507,851.8733520507812,843.803711565951,851.8733520507812,13800,0.0,0.0
2010-12-14 00:00:00+09:00,857.1359048565342,859.2410278320312,852.9256589055402,859.2410278320312,15600,0.0,0.0
2010-12-15 00:00:00+09:00,859.592041015625,859.592041015625,830.8220216836735,859.592041015625,16800,0.0,0.0
2010-12-16 00:00:00+09:00,855.7324895395362,859.2410278320312,854.6799280517878,859.2410278320312,8000,0.0,0.0
2010-12-17 00:00:00+09:00,862.7497930511227,868.0126018741267,861.3463773649883,863.1006469726562,22200,0.0,0.0
2010-12-20 00:00:00+09:00,861.6972706217381,861.6972706217381,852.5750682454493,857.1361694335938,45600,0.0,0.0
2010-12-21 00:00:00+09:00,857.1361694335936,877.1348438739191,857.1361694335936,857.1361694335938,19200,0.0,0.0
2010-12-22 00:00:00+09:00,857.8377715441645,862.3988721699618,857.1360637555804,859.592041015625,6600,0.0,0.0
2010-12-24 00:00:00+09:00,847.3119912980657,850.8205295643103,840.645768592201,849.4171142578125,7800,0.0,0.0
2010-12-27 00:00:00+09:00,851.1715234780213,856.7851856279176,831.5237059533844,845.557861328125,12400,0.0,0.0
2010-12-28 00:00:00+09:00,838.8915335308168,844.5051949848081,836.7864104855701,841.6983642578125,9200,0.0,0.0
2010-12-29 00:00:00+09:00,838.5407909485423,846.6104303593442,837.8390831736899,842.7510375976562,5200,0.0,0.0
2010-12-30 00:00:00+09:00,838.8915863351724,851.8731792646585,834.3304861167043,850.8206176757812,7000,0.0,0.0
2011-01-04 00:00:00+09:00,853.2766301238036,853.2766301238036,836.084790125421,843.1018676757812,8000,0.0,0.0
2011-01-05 00:00:00+09:00,837.1374388989146,846.259640663949,837.1374388989146,844.50537109375,13200,0.0,0.0
2011-01-06 00:00:00+09:00,849.7681079405472,849.7681079405472,841.6984686000714,845.557861328125,5400,0.0,0.0
2011-01-07 00:00:00+09:00,846.6102702670273,850.4696622989119,842.4000244140625,842.4000244140625,5800,0.0,0.0
2011-01-11 00:00:00+09:00,846.2592946021407,855.3814926368237,844.1541719787523,848.7152709960938,7600,0.0,0.0
2011-01-12 00:00:00+09:00,848.7153659228213,853.6273192601175,846.9610968737869,847.3119506835938,13800,0.0,0.0
2011-01-13 00:00:00+09:00,847.3119811256333,853.9782037514665,846.2594196583965,850.4696655273438,6600,0.0,0.0
2011-01-14 00:00:00+09:00,849.768056086904,854.3291563053721,849.768056086904,850.8206176757812,10600,0.0,0.0
2011-01-17 00:00:00+09:00,856.7850990593802,856.7850990593802,850.8205836277629,852.2239990234375,7200,0.0,0.0
2011-01-18 00:00:00+09:00,852.9257163189827,857.8376702591166,847.662908525982,857.48681640625,24200,0.0,0.0
2011-01-19 00:00:00+09:00,855.7326555931597,858.5394867718171,853.2766783118345,856.7852172851562,25600,0.0,0.0
2011-01-20 00:00:00+09:00,846.2595587175908,847.3121203577869,842.7510199169375,846.6104125976562,45000,0.0,0.0
2011-01-21 00:00:00+09:00,843.452813002491,843.8036669180494,831.8746337890625,831.8746337890625,17200,0.0,0.0
2011-01-24 00:00:00+09:00,832.5762597687063,834.3305291740344,830.4711364823127,833.9796752929688,13600,0.0,0.0
2011-01-25 00:00:00+09:00,836.0847264179297,842.750949582823,822.0505723865754,841.3475341796875,23200,0.0,0.0
2011-01-26 00:00:00+09:00,829.7694433810902,839.9442061117675,827.3134661702371,828.3660278320312,12000,0.0,0.0
2011-01-27 00:00:00+09:00,828.7169779288669,837.1374722007944,828.7169779288669,835.0323486328125,6600,0.0,0.0
2011-01-28 00:00:00+09:00,831.5237277098047,831.5237277098047,822.7523803710938,822.7523803710938,16200,0.0,0.0
2011-01-31 00:00:00+09:00,817.4895403738718,817.4895403738718,808.3673394941634,811.5250244140625,8000,0.0,0.0
2011-02-01 00:00:00+09:00,811.5250213464376,814.6827062544004,806.9639209238247,809.770751953125,6400,0.0,0.0
2011-02-02 00:00:00+09:00,809.770842570707,822.752437533929,809.770842570707,812.9285278320312,10200,0.0,0.0
2011-02-03 00:00:00+09:00,804.8588037235763,813.279296875,804.8588037235763,813.279296875,10800,0.0,0.0
2011-02-04 00:00:00+09:00,820.6472229289725,827.3134466295498,820.6472229289725,824.15576171875,7000,0.0,0.0
2011-02-07 00:00:00+09:00,824.5066468328492,824.8575007251185,820.9981079101562,820.9981079101562,8000,0.0,0.0
2011-02-08 00:00:00+09:00,821.3489990234375,825.9100998296335,819.5947294825929,821.3489990234375,8200,0.0,0.0
2011-02-09 00:00:00+09:00,822.0506711645849,829.7694568093228,821.6998172716422,829.0677490234375,8400,0.0,0.0
2011-02-10 00:00:00+09:00,829.0677504549657,832.9271432839985,820.9981109033515,822.7523803710938,9400,0.0,0.0
2011-02-14 00:00:00+09:00,877.1346974443912,877.1346974443912,823.1032000818167,824.15576171875,4600,0.0,0.0
2011-02-15 00:00:00+09:00,820.9980901785477,828.0151678723814,820.647236293856,824.8574829101562,5800,0.0,0.0
2011-02-16 00:00:00+09:00,822.4015607479442,823.1032685642821,821.3489990234375,821.3489990234375,5200,0.0,0.0
2011-02-17 00:00:00+09:00,826.2608880599677,828.0151574613689,824.8574725388468,825.9100341796875,12000,0.0,0.0
2011-02-18 00:00:00+09:00,834.3305365198923,834.3305365198923,828.0151666051077,831.1728515625,15200,0.0,0.0
2011-02-21 00:00:00+09:00,830.4710049673624,830.4710049673624,819.5945363767464,828.7167358398438,37000,0.0,0.0
2011-02-22 00:00:00+09:00,822.0506695869641,824.8575007251185,820.2964001256177,820.9981079101562,10000,0.0,0.0
2011-02-23 00:00:00+09:00,820.9981392525337,832.5763181394285,817.8404541015625,817.8404541015625,12000,0.0,0.0
2011-02-24 00:00:00+09:00,817.8404003969308,824.1557702841658,814.3318615706892,815.0335693359375,10400,0.0,0.0
2011-02-25 00:00:00+09:00,818.892889706348,824.1556974808104,818.892889706348,822.4014282226562,14400,0.0,0.0
2011-02-28 00:00:00+09:00,822.4016072249212,839.9443036247703,822.4016072249212,835.0323486328125,15400,0.0,0.0
2011-03-01 00:00:00+09:00,835.032063870127,839.5931633786613,829.7692567448952,839.2423095703125,7200,0.0,0.0
2011-03-02 00:00:00+09:00,832.2254324627737,834.6814097086589,820.9981079101562,820.9981079101562,10200,0.0,0.0
2011-03-03 00:00:00+09:00,821.348869165792,833.2779001575208,821.348869165792,830.4710693359375,7200,0.0,0.0
2011-03-04 00:00:00+09:00,839.9441091110863,839.9441091110863,828.3659321684523,836.084716796875,6600,0.0,0.0
2011-03-07 00:00:00+09:00,835.0321253208232,835.0321253208232,823.4539487932656,826.6116333007812,13600,0.0,0.0
2011-03-08 00:00:00+09:00,832.9271327575996,834.3305483140572,823.8049316406251,823.804931640625,10200,0.0,0.0
2011-03-09 00:00:00+09:00,834.330557417577,838.8916580258311,829.0677490234375,829.0677490234375,13000,0.0,0.0
2011-03-10 00:00:00+09:00,834.6815421134802,834.6815421134802,823.8050697278064,826.2610473632812,11000,0.0,0.0
2011-03-11 00:00:00+09:00,824.8574299080141,826.2608453566028,815.7352294921875,815.7352294921875,42600,0.0,0.0
2011-03-14 00:00:00+09:00,684.1649685265883,789.4211175306788,684.1649685265883,743.8101196289062,20400,0.0,0.0
2011-03-15 00:00:00+09:00,708.7247556641602,729.7759860304224,666.6222949316358,702.0585327148438,20400,0.0,0.0
2011-03-16 00:00:00+09:00,705.9180055124879,736.7931469066723,702.0586128382149,726.96923828125,21600,0.0,0.0
2011-03-17 00:00:00+09:00,709.4265271505941,736.7931290881542,705.9179884406506,730.82861328125,18200,0.0,0.0
2011-03-18 00:00:00+09:00,747.3187653491601,772.93109862169,747.3187653491601,770.124267578125,18200,0.0,0.0
2011-03-22 00:00:00+09:00,792.9297215101599,819.9454686589573,777.8430055699223,818.5420532226562,44200,0.0,0.0
2011-03-23 00:00:00+09:00,824.5065720087448,826.9625490317495,808.7181482894284,820.2963256835938,9000,0.0,0.0
2011-03-24 00:00:00+09:00,820.2964314412068,828.7169251771302,817.8404541015625,817.8404541015625,12000,0.0,0.0
2011-03-25 00:00:00+09:00,835.3831130326478,835.3831130326478,803.8062628970164,825.5592041015625,17200,0.0,0.0
2011-03-28 00:00:00+09:00,841.6984833197088,841.6984833197088,818.5421265464279,839.9442138671875,11600,0.0,0.0
2011-03-29 00:00:00+09:00,839.9440952550291,860.9515991210938,832.1107887286998,860.9515991210938,17200,17.5,0.0
2011-03-30 00:00:00+09:00,854.5426100127551,872.3455810546875,843.8608273875956,872.3455810546875,19800,0.0,0.0
2011-03-31 00:00:00+09:00,872.7015465369592,883.0272686298077,843.8607365534856,879.4666748046875,11600,0.0,0.0
2011-04-01 00:00:00+09:00,884.0956258337482,889.4365176531225,866.2926531025007,871.633544921875,6600,0.0,0.0
2011-04-04 00:00:00+09:00,868.0729214704758,872.345634783702,865.5805053710938,865.5805053710938,1800,0.0,0.0
2011-04-05 00:00:00+09:00,857.0350521437465,857.0350521437465,808.6109694301822,815.3760986328125,8800,0.0,0.0
2011-04-06 00:00:00+09:00,819.6486314011607,833.1788868282869,819.6486314011607,825.3455810546875,7400,0.0,0.0
2011-04-07 00:00:00+09:00,838.5200098014005,838.5200098014005,790.4519837618298,801.8458862304688,14600,0.0,0.0
2011-04-08 00:00:00+09:00,795.0806783040365,822.4972534179688,790.4519058822037,822.4972534179688,8600,0.0,0.0
2011-04-11 00:00:00+09:00,817.5125557731376,825.3458642343784,816.0883178710938,816.0883178710938,4000,0.0,0.0
2011-04-12 00:00:00+09:00,806.8306294102823,815.3760553175404,803.270035282258,805.762451171875,7200,0.0,0.0
2011-04-13 00:00:00+09:00,805.762493976443,815.3760986328125,805.762493976443,815.3760986328125,4800,0.0,0.0
2011-04-14 00:00:00+09:00,811.1032209887948,835.3152574362214,810.0350429102318,828.9061889648438,13600,0.0,0.0
2011-04-15 00:00:00+09:00,829.2622571440519,846.3531065828302,829.2622571440519,835.6713256835938,6800,0.0,0.0
2011-04-18 00:00:00+09:00,852.7622857994215,857.7471175326958,849.2016917042257,854.1865234375,14400,0.0,0.0
2011-04-19 00:00:00+09:00,854.5425867765357,858.8152997104183,843.860804441829,852.0501708984375,18000,0.0,0.0
2011-04-20 00:00:00+09:00,852.0500833889603,859.5273302553071,843.8607177734374,843.8607177734375,40800,0.0,0.0
2011-04-21 00:00:00+09:00,845.2850831200846,851.6941528320312,842.0805482641111,851.6941528320312,2800,0.0,0.0
2011-04-22 00:00:00+09:00,845.2850866037605,860.5956420898438,845.2850866037605,860.5956420898438,5800,0.0,0.0
2011-04-25 00:00:00+09:00,864.1563699358607,864.5124294207951,847.4215741439425,855.2548828125,7800,0.0,0.0
2011-04-26 00:00:00+09:00,845.285175884046,855.2548409745066,837.0958081311677,845.6412353515625,11400,0.0,0.0
2011-04-27 00:00:00+09:00,845.6410515430438,845.6410515430438,831.0426165479848,834.6032104492188,6800,0.0,0.0
2011-04-28 00:00:00+09:00,845.2850791288475,854.5426242246142,843.8608414218065,853.8305053710938,7800,0.0,0.0
2011-05-02 00:00:00+09:00,854.5427288925439,854.5427288925439,843.1488258406433,852.4063720703125,3000,0.0,0.0
2011-05-06 00:00:00+09:00,845.2852172851562,845.2852172851562,828.9064809771878,845.2852172851562,2000,0.0,0.0
2011-05-09 00:00:00+09:00,852.7622438996791,852.7622438996791,835.3153336904581,843.5046997070312,2400,0.0,0.0
2011-05-10 00:00:00+09:00,836.7395034911801,850.6258186555019,836.7395034911801,847.77734375,5600,0.0,0.0
2011-05-11 00:00:00+09:00,848.4896220025753,857.3911077558545,848.4896220025753,849.5578002929688,12800,0.0,0.0
2011-05-12 00:00:00+09:00,845.6411212367423,847.4214183340828,841.368408203125,841.368408203125,6400,0.0,0.0
2011-05-13 00:00:00+09:00,839.2320596621119,848.4896046562633,831.3987523593684,837.095703125,11600,0.0,0.0
2011-05-16 00:00:00+09:00,843.8607165730881,843.8607165730881,832.466816602481,832.8228759765625,4600,0.0,0.0
2011-05-17 00:00:00+09:00,845.6413400972608,845.9973996088808,832.4671381673245,844.2171020507812,6000,0.0,0.0
2011-05-18 00:00:00+09:00,854.1865391655951,857.3910739102764,840.6562813547187,856.678955078125,10800,0.0,0.0
2011-05-19 00:00:00+09:00,863.4441236324881,863.4441236324881,853.4744595245666,857.39111328125,15200,0.0,0.0
2011-05-20 00:00:00+09:00,860.595642627035,860.595642627035,849.5578002929688,849.5578002929688,34600,0.0,0.0
2011-05-23 00:00:00+09:00,856.3228205965835,856.3228205965835,846.3531578204071,853.1182861328125,5000,0.0,0.0
2011-05-24 00:00:00+09:00,853.4744007134389,856.3228759765625,851.6941036739865,856.3228759765625,5000,0.0,0.0
2011-05-25 00:00:00+09:00,856.3228858085855,856.3228858085855,849.5577569809917,850.9819946289062,9000,0.0,0.0
2011-05-26 00:00:00+09:00,857.3909641122365,862.019735928457,853.1182516664944,861.3076171875,8000,0.0,0.0
2011-05-27 00:00:00+09:00,858.4592819724195,858.4592819724195,845.641142548526,851.6941528320312,4800,0.0,0.0
2011-05-30 00:00:00+09:00,851.6942188228173,860.9517646795871,850.6260404547286,859.5275268554688,9000,0.0,0.0
2011-05-31 00:00:00+09:00,859.171404370208,872.3456032768379,854.8986912113012,860.5956420898438,28000,0.0,0.0
2011-06-01 00:00:00+09:00,858.4591385611308,863.4439697265625,857.3909604542525,863.4439697265625,6600,0.0,0.0
2011-06-02 00:00:00+09:00,850.2700088634325,857.3911982173976,848.8457709926395,855.6109008789062,5200,0.0,0.0
2011-06-03 00:00:00+09:00,854.5425627772497,854.5425627772497,842.7926025390625,842.7926025390625,13600,0.0,0.0
2011-06-06 00:00:00+09:00,838.1638188712002,849.20166015625,838.1638188712002,849.20166015625,7000,0.0,0.0
2011-06-07 00:00:00+09:00,843.8607946001887,849.2016857052531,843.8607946001887,846.3532104492188,3400,0.0,0.0
2011-06-08 00:00:00+09:00,853.1183945942805,853.1183945942805,849.5578002929688,849.5578002929688,2400,0.0,0.0
2011-06-09 00:00:00+09:00,853.1183986631762,853.1183986631762,838.1639025263426,847.4214477539062,8600,0.0,0.0
2011-06-10 00:00:00+09:00,854.1866804502492,869.1411783989406,854.1866804502492,857.03515625,24800,0.0,0.0
2011-06-13 00:00:00+09:00,857.0349812204938,867.3607038858011,856.3228624159899,863.8001098632812,5000,0.0,0.0
2011-06-14 00:00:00+09:00,867.716812558338,872.3455850504424,865.2243966010511,870.209228515625,13200,0.0,0.0
2011-06-15 00:00:00+09:00,871.9894014583787,871.9894014583787,866.2924515101001,871.2772827148438,3400,0.0,0.0
2011-06-16 00:00:00+09:00,871.6333872310452,871.6333872310452,867.36067454854,868.784912109375,7000,0.0,0.0
2011-06-17 00:00:00+09:00,872.3455079226989,872.3455079226989,842.0804596886461,867.7167358398438,18000,0.0,0.0
2011-06-20 00:00:00+09:00,868.0729545574517,870.209311295493,867.7168951011114,869.4971923828125,34000,0.0,0.0
2011-06-21 00:00:00+09:00,869.8532063619318,872.3456224260061,862.7320176074338,871.9895629882812,13800,0.0,0.0
2011-06-22 00:00:00+09:00,868.7848933293269,879.4666748046875,868.7848933293269,879.4666748046875,29200,0.0,0.0
2011-06-23 00:00:00+09:00,873.4136653019832,883.7393873948317,872.3454871544471,879.4666748046875,9600,0.0,0.0
2011-06-24 00:00:00+09:00,879.4667103715825,884.8076013252561,873.0576412271741,882.315185546875,13600,0.0,0.0
2011-06-27 00:00:00+09:00,878.7546488528012,878.7546488528012,859.8834995865134,862.3759155273438,21400,0.0,0.0
2011-06-28 00:00:00+09:00,870.9212979083208,878.7546047578641,862.0198128520215,863.8001098632812,15600,0.0,0.0
2011-06-29 00:00:00+09:00,889.4364307805511,895.4894409179688,884.0955394828296,895.4894409179688,79400,0.0,0.0
2011-06-30 00:00:00+09:00,906.8833323361845,911.512104743083,890.148539788167,900.830322265625,18000,0.0,0.0
2011-07-01 00:00:00+09:00,918.2773586150909,925.7546073669005,892.2850177159432,910.8001098632812,14800,0.0,0.0
2011-07-04 00:00:00+09:00,917.5651405773768,918.6333188551154,908.3075955036431,909.0197143554688,7400,0.0,0.0
2011-07-05 00:00:00+09:00,897.2696495509205,912.9362624795873,892.6408775492689,899.406005859375,8400,0.0,0.0
2011-07-06 00:00:00+09:00,900.8303796551361,923.9742431640625,900.8303796551361,923.9742431640625,12000,0.0,0.0
2011-07-07 00:00:00+09:00,932.519582552899,937.8604736328126,927.5347508783132,937.8604736328125,7200,0.0,0.0
2011-07-08 00:00:00+09:00,932.875559782222,942.8452222531771,932.875559782222,938.572509765625,8800,0.0,0.0
2011-07-11 00:00:00+09:00,933.2317950935579,943.2014594440424,932.8757356524693,941.7772216796875,5200,0.0,0.0
2011-07-12 00:00:00+09:00,938.9283726728921,939.9965505712686,930.3829494858807,933.9435424804688,4400,0.0,0.0
2011-07-13 00:00:00+09:00,936.7924658476418,961.3605692849231,936.7924658476418,954.2393798828125,32000,0.0,0.0
2011-07-14 00:00:00+09:00,960.6482617279455,960.6482617279455,943.5574105185528,945.3377075195312,16200,0.0,0.0
2011-07-15 00:00:00+09:00,945.6937264491069,956.7315673828126,945.6937264491069,956.7315673828125,12200,0.0,0.0
2011-07-19 00:00:00+09:00,961.0042256875952,967.4132942546114,961.0042256875952,964.5648193359375,9200,0.0,0.0
2011-07-20 00:00:00+09:00,968.1255532759299,969.5497909416539,958.5119490322925,965.9891967773438,31200,0.0,0.0
2011-07-21 00:00:00+09:00,959.9362182617189,963.8528719712436,959.9362182617189,959.9362182617188,4000,0.0,0.0
2011-07-22 00:00:00+09:00,958.5120075658424,970.6180284637766,958.5120075658424,967.0574340820312,12600,0.0,0.0
2011-07-25 00:00:00+09:00,968.1255012572282,968.1255012572282,949.2543532003568,949.6104125976562,9200,0.0,0.0
2011-07-26 00:00:00+09:00,946.4058481353184,953.8830952424823,943.557373046875,943.557373046875,7000,0.0,0.0
2011-07-27 00:00:00+09:00,933.5878772122206,935.7242339106468,928.9591043656308,930.0272827148438,7000,0.0,0.0
2011-07-28 00:00:00+09:00,929.6711443589916,960.292254437457,929.6711443589916,939.6408081054688,4800,0.0,0.0
2011-07-29 00:00:00+09:00,939.6407684536962,939.6407684536962,926.8226298919936,927.8908081054688,5600,0.0,0.0
2011-08-01 00:00:00+09:00,927.8909360127276,951.7469194021569,927.534876559154,945.6939086914062,6000,0.0,0.0
2011-08-02 00:00:00+09:00,932.87572994619,932.87572994619,903.3227965165969,912.9364013671875,7200,0.0,0.0
2011-08-03 00:00:00+09:00,895.1334624983307,896.2016408545339,874.482014278401,874.8380737304688,12200,0.0,0.0
2011-08-04 00:00:00+09:00,874.4819375797193,889.7924926757812,872.3455810546875,872.3455810546875,6600,0.0,0.0
2011-08-05 00:00:00+09:00,872.3456694050382,890.1486422500388,856.3229938445375,858.4593505859375,8600,0.0,0.0
2011-08-08 00:00:00+09:00,854.5426328622611,858.4592865962131,838.5199584960936,838.5199584960938,9400,0.0,0.0
2011-08-09 00:00:00+09:00,827.8381544459205,831.0426892373241,819.292728335511,828.1942138671875,14600,0.0,0.0
2011-08-10 00:00:00+09:00,838.5199013584571,842.0804954194272,829.6184162060318,836.383544921875,6400,0.0,0.0
2011-08-11 00:00:00+09:00,836.739647708722,867.0046987960587,827.8381620947995,834.9593505859375,9000,0.0,0.0
2011-08-12 00:00:00+09:00,852.7622009251248,852.7622009251248,827.8380447394219,832.8228759765625,8600,0.0,0.0
2011-08-15 00:00:00+09:00,849.5578057678831,857.39111328125,842.7926765517935,857.39111328125,11200,0.0,0.0
2011-08-16 00:00:00+09:00,868.0727745643029,879.4666748046875,868.0727745643029,879.4666748046875,5400,0.0,0.0
2011-08-17 00:00:00+09:00,896.2015674473643,902.6106370596219,887.3000818747842,902.2545776367188,11200,0.0,0.0
2011-08-18 00:00:00+09:00,906.8834042849242,918.9894253864896,894.4213237391949,916.4970092773438,11600,0.0,0.0
2011-08-19 00:00:00+09:00,912.9362538797616,912.9362538797616,891.2166316150715,892.640869140625,22000,0.0,0.0
2011-08-22 00:00:00+09:00,891.5726821653813,892.2848009211044,856.678863134947,862.7318725585938,42600,0.0,0.0
2011-08-23 00:00:00+09:00,880.5350953596484,900.4744262695312,880.5350953596484,900.4744262695312,10200,0.0,0.0
2011-08-24 00:00:00+09:00,899.0500034117211,899.0500034117211,890.5045776367186,890.5045776367188,7200,0.0,0.0
2011-08-25 00:00:00+09:00,900.830166079592,900.830166079592,890.5044448083239,896.9135131835938,11200,0.0,0.0
2011-08-26 00:00:00+09:00,890.1485261462984,902.6106055123465,884.4515755789621,897.2697143554688,5800,0.0,0.0
2011-08-29 00:00:00+09:00,906.5273696743099,906.5273696743099,896.9137644185336,903.6788940429688,6400,0.0,0.0
2011-08-30 00:00:00+09:00,904.034953845796,939.9969587053571,891.572872953869,934.6560668945312,13600,0.0,0.0
2011-08-31 00:00:00+09:00,927.8908416677241,927.8908416677241,895.8454941043722,920.7696533203125,7800,0.0,0.0
2011-09-01 00:00:00+09:00,914.3607045070002,920.7697748656941,905.1031584333311,910.8001098632812,7800,0.0,0.0
2011-09-02 00:00:00+09:00,911.5120967741937,922.1938791582662,895.8454826108872,916.140869140625,4200,0.0,0.0
2011-09-05 00:00:00+09:00,916.4969205187277,916.4969205187277,885.5197518764863,898.337890625,3600,0.0,0.0
2011-09-06 00:00:00+09:00,909.3757050095943,913.2923583984375,899.0499824390077,913.2923583984375,6000,0.0,0.0
2011-09-07 00:00:00+09:00,912.2242168124891,925.3984151036921,912.2242168124891,912.6396484375,5400,0.0,0.0
2011-09-08 00:00:00+09:00,923.9742189448671,939.9968932618301,922.1939217985379,936.7923583984375,8600,0.0,0.0
2011-09-09 00:00:00+09:00,933.5876607228195,943.2012636364412,933.5876607228195,937.1482543945312,27000,0.0,0.0
2011-09-12 00:00:00+09:00,925.7545693179916,930.0272827148438,915.7849047253362,930.0272827148438,9600,0.0,0.0
2011-09-13 00:00:00+09:00,923.6181595156012,939.9968932618301,918.6333275058794,936.7923583984375,14200,0.0,0.0
2011-09-14 00:00:00+09:00,939.9968001438909,956.0194728736163,922.193830444196,931.8074340820312,18400,0.0,0.0
2011-09-15 00:00:00+09:00,942.4891357421875,942.4891357421875,936.7921859228165,942.4891357421875,8400,0.0,0.0
2011-09-16 00:00:00+09:00,942.8454722109551,953.883315730041,940.3530559324518,946.4060668945312,42000,0.0,0.0
2011-09-20 00:00:00+09:00,953.8830923031466,959.2239830775203,940.7088950596914,956.7315673828125,52600,0.0,0.0
2011-09-21 00:00:00+09:00,956.0196548381423,958.1560116087303,944.9818115234375,944.9818115234375,12400,0.0,0.0
2011-09-22 00:00:00+09:00,939.9969650408544,939.9969650408544,914.3606841761039,931.4515380859375,17400,0.0,0.0
2011-09-26 00:00:00+09:00,922.1941096840291,931.0955972292417,910.8002056261569,913.648681640625,13400,0.0,0.0
2011-09-27 00:00:00+09:00,922.9058126891075,941.4208984375001,881.6029290965394,941.4208984375,47800,0.0,0.0
2011-09-28 00:00:00+09:00,936.4362191232849,960.2921988499997,915.7847739867258,958.5119018554688,22800,0.0,0.0
2011-09-29 00:00:00+09:00,957.4439673479866,968.4818115234375,943.913706745821,968.4818115234375,33200,0.0,0.0
2011-09-30 00:00:00+09:00,966.3451970512136,966.3451970512136,936.7922672961471,964.9209594726562,16200,0.0,0.0
2011-10-03 00:00:00+09:00,956.019584940087,956.019584940087,907.9515611162838,917.2091064453125,9800,0.0,0.0
2011-10-04 00:00:00+09:00,917.2090867718446,941.7771873103761,915.0727302032767,916.85302734375,6600,0.0,0.0
2011-10-05 00:00:00+09:00,916.853028819217,916.853028819217,879.8228482377807,883.739501953125,10800,0.0,0.0
2011-10-06 00:00:00+09:00,895.4894621267259,910.0878986862471,895.4894621267259,905.815185546875,4800,0.0,0.0
2011-10-07 00:00:00+09:00,901.8982870328834,915.4285416350348,901.8982870328834,906.8831176757812,2600,0.0,0.0
2011-10-11 00:00:00+09:00,906.8833663401065,936.7923583984375,906.8833663401065,936.7923583984375,5800,0.0,0.0
2011-10-12 00:00:00+09:00,922.5499481926411,945.6938102661732,922.5499481926411,943.9135131835938,8000,0.0,0.0
2011-10-13 00:00:00+09:00,950.3227275014598,950.6787869722359,932.1636944918778,943.2015380859375,5400,0.0,0.0
2011-10-14 00:00:00+09:00,933.9440064378326,934.6561253905112,915.7849731445312,915.7849731445312,8800,0.0,0.0
2011-10-17 00:00:00+09:00,936.4363300633565,955.3074804410592,926.4666657128721,941.7772216796875,7800,0.0,0.0
2011-10-18 00:00:00+09:00,946.7618573081529,946.7618573081529,934.2997794571618,937.1482543945312,7800,0.0,0.0
2011-10-19 00:00:00+09:00,939.996830064778,939.996830064778,932.1635231475715,937.8604736328125,19200,0.0,0.0
2011-10-20 00:00:00+09:00,935.7240437252422,936.0801031026109,910.0877685546876,910.0877685546875,37200,0.0,0.0
2011-10-21 00:00:00+09:00,904.7469482421875,904.7469482421875,904.3908888371335,904.7469482421875,1200,0.0,0.0
2011-10-24 00:00:00+09:00,922.5496448977867,942.8450249669391,922.5496448977867,933.9435424804688,5000,0.0,0.0
2011-10-25 00:00:00+09:00,938.2166584895208,938.2166584895208,922.550042560284,925.7545776367188,8400,0.0,0.0
2011-10-26 00:00:00+09:00,911.8680879161252,925.3983445896171,911.8680879161252,920.4135131835938,2600,0.0,0.0
2011-10-27 00:00:00+09:00,922.1938597983996,939.996830064778,917.9211469344688,937.8604736328125,8400,0.0,0.0
2011-10-28 00:00:00+09:00,942.8453030941218,942.8453030941218,927.8908081054689,927.8908081054688,9800,0.0,0.0
2011-10-31 00:00:00+09:00,932.8757320405542,932.8757320405542,909.3758090196853,911.8682250976562,10800,0.0,0.0
2011-11-01 00:00:00+09:00,910.0877556229083,939.2846241522817,903.322627549029,917.5650024414062,5800,0.0,0.0
2011-11-02 00:00:00+09:00,899.7621242013142,903.3227182820476,889.4364013671876,889.4364013671875,13600,0.0,0.0
2011-11-04 00:00:00+09:00,889.7924268769054,919.701416015625,872.3455165459858,919.701416015625,6200,0.0,0.0
2011-11-07 00:00:00+09:00,914.0044657034879,919.701416015625,900.830268106671,919.701416015625,3000,0.0,0.0
2011-11-08 00:00:00+09:00,905.1030626723347,920.4136180204504,905.1030626723347,907.9515380859375,2600,0.0,0.0
2011-11-09 00:00:00+09:00,913.648244976857,913.648244976857,906.5270583441458,906.8831176757812,3200,0.0,0.0
2011-11-10 00:00:00+09:00,901.1863111454751,906.1711425781249,889.7924107279898,906.171142578125,4800,0.0,0.0
2011-11-11 00:00:00+09:00,905.8151815257353,907.9515380859375,893.7091610179228,907.9515380859375,3800,0.0,0.0
2011-11-14 00:00:00+09:00,894.4212624429251,909.3757580729423,894.4212624429251,906.5272827148438,1600,0.0,0.0
2011-11-15 00:00:00+09:00,909.731760100117,909.731760100117,897.9817999892348,904.390869140625,1000,0.0,0.0
2011-11-16 00:00:00+09:00,904.3907865438755,905.1029052734375,902.6104897199701,905.1029052734375,3800,0.0,0.0
2011-11-17 00:00:00+09:00,911.5121084686775,920.7696533203126,900.8303259475603,920.7696533203125,9400,0.0,0.0
2011-11-18 00:00:00+09:00,918.9893444430444,918.9893444430444,913.2923938382057,916.140869140625,11400,0.0,0.0
2011-11-21 00:00:00+09:00,922.9060886221042,922.9060886221042,922.1939697265625,922.1939697265625,28200,0.0,0.0
2011-11-22 00:00:00+09:00,916.4970318603516,937.8605990365836,907.9516049898589,925.7545776367188,9200,0.0,0.0
2011-11-24 00:00:00+09:00,925.754337119615,925.754337119615,916.8528531088494,923.6179809570312,7400,0.0,0.0
2011-11-25 00:00:00+09:00,933.9439103596847,933.9439103596847,911.8682250976562,911.8682250976562,8200,0.0,0.0
2011-11-28 00:00:00+09:00,907.9515144363075,921.8378317159217,907.9515144363075,909.7318115234375,5400,0.0,0.0
2011-11-29 00:00:00+09:00,909.7318249013281,924.3302612304688,891.9288537682297,924.3302612304688,4800,0.0,0.0
2011-11-30 00:00:00+09:00,914.7166587985532,923.9742038078028,906.1712326361688,923.2620849609375,10200,0.0,0.0
2011-12-01 00:00:00+09:00,922.193887220541,925.7544813796936,900.830322265625,900.830322265625,5400,0.0,0.0
2011-12-02 00:00:00+09:00,918.6334384896331,936.7924715760562,918.6334384896331,931.0955200195312,6800,0.0,0.0
2011-12-05 00:00:00+09:00,931.0953859879044,943.2014063028522,925.7544946724862,937.5044555664062,5000,0.0,0.0
2011-12-06 00:00:00+09:00,922.9059822631883,940.7089526000553,922.9059822631883,924.686279296875,4200,0.0,0.0
2011-12-07 00:00:00+09:00,924.6863858609586,935.7242287418558,900.8304028603101,922.1939697265625,12200,0.0,0.0
2011-12-08 00:00:00+09:00,917.2091569977808,933.5878919441698,916.8530975424245,922.550048828125,3600,0.0,0.0
2011-12-09 00:00:00+09:00,922.5499638157014,940.3529349429824,922.5499638157014,935.3681030273438,32000,0.0,0.0
2011-12-12 00:00:00+09:00,943.5574241180536,943.5574241180536,937.1483548221574,937.8604736328125,11400,0.0,0.0
2011-12-13 00:00:00+09:00,943.2011951440763,943.2011951440763,936.4360676590867,941.4208984375,12000,0.0,0.0
2011-12-14 00:00:00+09:00,941.4210874495968,941.4210874495968,927.1787109375,927.1787109375,7800,0.0,0.0
2011-12-15 00:00:00+09:00,942.4893634556629,942.4893634556629,930.0272827148438,930.0272827148438,6400,0.0,0.0
2011-12-16 00:00:00+09:00,942.1330676994236,942.1330676994236,922.5498028757394,923.6179809570312,14000,0.0,0.0
2011-12-19 00:00:00+09:00,928.95895893008,934.2998498399886,908.307514078434,931.8074340820312,10400,0.0,0.0
2011-12-20 00:00:00+09:00,928.9590458599886,928.9590458599886,915.7848470494024,917.9212036132812,34200,0.0,0.0
2011-12-21 00:00:00+09:00,917.9212625674248,918.9894409179688,917.9212625674248,918.9894409179688,2400,0.0,0.0
2011-12-22 00:00:00+09:00,918.2774551641355,918.6335146659441,909.7320271207313,913.648681640625,7200,0.0,0.0
2011-12-26 00:00:00+09:00,913.6485700977405,913.6485700977405,907.9516187643173,908.3076782226562,6200,0.0,0.0
2011-12-27 00:00:00+09:00,900.8303792093078,902.9667358398438,897.625844263504,902.9667358398438,800,0.0,0.0
2011-12-28 00:00:00+09:00,897.2697063752623,897.2697063752623,890.5045776367186,890.5045776367188,1800,0.0,0.0
2011-12-29 00:00:00+09:00,906.883252938966,906.883252938966,892.9969369340114,899.406005859375,1800,0.0,0.0
2011-12-30 00:00:00+09:00,890.5045526459462,904.390869140625,890.1484932486467,904.390869140625,4400,0.0,0.0
2012-01-04 00:00:00+09:00,904.7469504041957,921.837801887628,904.7469504041957,914.7166137695312,9000,0.0,0.0
2012-01-05 00:00:00+09:00,914.3604810831133,914.3604810831133,908.6635310452123,910.0877685546875,1800,0.0,0.0
2012-01-06 00:00:00+09:00,856.6790193018724,892.2849635787582,847.421473789882,865.5805053710938,150200,0.0,0.0
2012-01-10 00:00:00+09:00,856.679067535788,857.7472459242366,837.8079160065291,841.012451171875,58000,0.0,0.0
2012-01-11 00:00:00+09:00,837.0956931932437,843.8608221471662,837.0956931932437,842.4365844726562,40000,0.0,0.0
2012-01-12 00:00:00+09:00,841.3684161992237,841.3684161992237,837.095703125,837.095703125,19000,0.0,0.0
2012-01-13 00:00:00+09:00,836.7395927193903,849.2016717598918,836.7395927193903,842.7926025390625,36600,0.0,0.0
2012-01-16 00:00:00+09:00,837.807765365336,840.6562405556983,800.777587890625,800.777587890625,130000,0.0,0.0
2012-01-17 00:00:00+09:00,818.2245427121034,824.277552819199,798.2852153004942,799.3533935546875,110000,0.0,0.0
2012-01-18 00:00:00+09:00,792.2324105671473,800.7778388159616,783.330922807966,797.5733032226562,132200,0.0,0.0
2012-01-19 00:00:00+09:00,799.3533876244749,802.9139817787042,797.5730905473603,802.5579223632812,31800,0.0,0.0
2012-01-20 00:00:00+09:00,807.5427482358872,811.1033423639113,796.8609658518145,805.762451171875,95200,0.0,0.0
2012-01-23 00:00:00+09:00,808.2547767716225,821.4289735736269,806.8305392795139,810.7471923828125,39000,0.0,0.0
2012-01-24 00:00:00+09:00,810.0353860855103,810.7475051062447,797.5733032226562,797.5733032226562,59400,0.0,0.0
2012-01-25 00:00:00+09:00,785.111173422856,786.5354113791786,780.8384595538881,781.1945190429688,335800,0.0,0.0
2012-01-26 00:00:00+09:00,782.6185596172627,785.110975412222,776.209490430224,777.6337280273438,75600,0.0,0.0
2012-01-27 00:00:00+09:00,776.9215285283296,780.8381815135779,776.2094098037392,777.277587890625,25400,0.0,0.0
2012-01-30 00:00:00+09:00,778.3458744332925,786.8913003191109,775.4973991380197,784.7549438476562,62400,0.0,0.0
2012-01-31 00:00:00+09:00,783.3307081653227,785.1110052293348,779.7701140372984,783.686767578125,68600,0.0,0.0
2012-02-01 00:00:00+09:00,786.179110980453,797.5730111395899,783.6866953206417,790.0957641601562,103600,0.0,0.0
2012-02-02 00:00:00+09:00,789.7396562911276,795.7926653790217,788.6714782167934,794.7244873046875,39600,0.0,0.0
2012-02-03 00:00:00+09:00,794.3685953684603,795.08071423477,786.5352878390537,792.2322387695312,69200,0.0,0.0
2012-02-06 00:00:00+09:00,795.7927659460767,806.4745480393126,788.6715778839193,795.4367065429688,74400,0.0,0.0
2012-02-07 00:00:00+09:00,795.79300567082,797.9293627330235,791.1642320360456,797.5733032226562,55000,0.0,0.0
2012-02-08 00:00:00+09:00,797.5730964643653,800.7776312269453,794.3685617017852,799.3533935546875,67200,0.0,0.0
2012-02-09 00:00:00+09:00,794.72459765625,801.1336669921875,794.0124788411458,801.1336669921875,56400,0.0,0.0
2012-02-10 00:00:00+09:00,797.5732355920755,797.5732355920755,788.6717485876998,790.80810546875,56800,0.0,0.0
2012-02-13 00:00:00+09:00,791.1639423000754,794.3684767198326,788.3154672602911,790.0957641601562,16400,0.0,0.0
2012-02-14 00:00:00+09:00,790.0958821706022,792.2322387695312,785.1110501064344,792.2322387695312,24200,0.0,0.0
2012-02-15 00:00:00+09:00,792.9442551879334,795.7927302851509,789.3836613164115,792.5881958007812,36600,0.0,0.0
2012-02-16 00:00:00+09:00,792.5880771946263,794.3683738639763,789.3835431897962,790.4517211914062,39600,0.0,0.0
2012-02-17 00:00:00+09:00,790.4518748994586,796.5048847522924,786.89128086838,795.4367065429688,58000,0.0,0.0
2012-02-20 00:00:00+09:00,803.626047125892,808.2548192183318,798.28515625,798.28515625,64600,0.0,0.0
2012-02-21 00:00:00+09:00,799.3533599771553,801.4897163958025,793.3003501243215,795.4367065429688,29000,0.0,0.0
2012-02-22 00:00:00+09:00,800.4215481770833,803.2700234375,795.080657063802,801.1336669921875,38800,0.0,0.0
2012-02-23 00:00:00+09:00,800.0655476942203,804.6943203333057,797.9291910915655,802.201904296875,34400,0.0,0.0
2012-02-24 00:00:00+09:00,803.9821697756057,808.2548828125,802.2018726768998,808.2548828125,34000,0.0,0.0
2012-02-27 00:00:00+09:00,815.0199048591383,818.5804985894097,808.2547767716225,810.7471923828125,47200,0.0,0.0
2012-02-28 00:00:00+09:00,809.3230882936169,817.1563957913994,800.4216025006823,815.3760986328125,45200,0.0,0.0
2012-02-29 00:00:00+09:00,815.3760553175404,820.3608870967743,804.6942729334678,805.762451171875,42600,0.0,0.0
2012-03-01 00:00:00+09:00,804.6942552057396,817.5123937842382,792.5882354371577,804.3381958007812,50000,0.0,0.0
2012-03-02 00:00:00+09:00,804.3382602564717,813.2397460937501,804.3382602564717,813.23974609375,16600,0.0,0.0
2012-03-05 00:00:00+09:00,813.9517161433859,818.9365473008694,805.0502319335938,805.0502319335938,21200,0.0,0.0
2012-03-06 00:00:00+09:00,805.0503879667978,810.0352200904312,797.5731397813477,797.92919921875,20800,0.0,0.0
2012-03-07 00:00:00+09:00,794.3685967538075,802.9140231644267,794.0125373200317,802.201904296875,21000,0.0,0.0
2012-03-08 00:00:00+09:00,806.83056640625,808.9669227162401,803.626031941265,806.83056640625,16000,0.0,0.0
2012-03-09 00:00:00+09:00,807.1867317033126,815.7321580645298,806.8306722715952,815.3760986328125,47000,0.0,0.0
2012-03-12 00:00:00+09:00,817.8684871455122,817.8684871455122,806.4745857137941,808.2548828125,27800,0.0,0.0
2012-03-13 00:00:00+09:00,817.8684054324679,817.8684054324679,807.8987426757812,807.8987426757812,17200,0.0,0.0
2012-03-14 00:00:00+09:00,812.8836334926982,817.5124058253328,808.6109205702661,808.9669799804688,27200,0.0,0.0
2012-03-15 00:00:00+09:00,812.5276489257812,817.1564216847801,809.3231139387822,812.5276489257812,29800,0.0,0.0
2012-03-16 00:00:00+09:00,815.0199801399555,815.0199801399555,810.0351484571423,814.307861328125,28200,0.0,0.0
2012-03-19 00:00:00+09:00,811.8154493814391,813.9518058271797,810.0351523433219,812.1715087890625,47200,0.0,0.0
2012-03-21 00:00:00+09:00,813.2397678117811,815.0200650267807,810.7473517107818,812.5276489257812,60200,0.0,0.0
2012-03-22 00:00:00+09:00,811.815656885982,811.815656885982,797.5732769406138,800.4217529296875,34200,0.0,0.0
2012-03-23 00:00:00+09:00,800.4214890687583,800.4214890687583,795.4366577311415,800.0654296875,25800,0.0,0.0
2012-03-26 00:00:00+09:00,802.9140313423834,802.9140313423834,795.7928425943356,797.92919921875,31800,0.0,0.0
2012-03-27 00:00:00+09:00,811.459269804113,811.8153291590073,801.8456672219669,811.1032104492188,34800,0.0,0.0
2012-03-28 00:00:00+09:00,807.4626941551743,816.5639418350116,802.7300453616588,806.3705444335938,56200,25.0,0.0
2012-03-29 00:00:00+09:00,804.9143448048197,808.5548438767547,802.3659954544653,806.3705444335938,31400,0.0,0.0
2012-03-30 00:00:00+09:00,810.7391949644183,810.7391949644183,804.1862962175123,808.9189453125,19800,0.0,0.0
2012-04-02 00:00:00+09:00,804.9144865293385,806.0066364432183,801.2739868164062,801.2739868164062,37200,0.0,0.0
2012-04-03 00:00:00+09:00,801.273847534626,801.273847534626,795.0849990984204,796.5411987304688,20400,0.0,0.0
2012-04-04 00:00:00+09:00,796.5414359577265,796.5414359577265,781.251335267496,787.440185546875,35200,0.0,0.0
2012-04-05 00:00:00+09:00,781.615287356507,783.0714872397981,765.5970886403047,772.5140380859375,38200,0.0,0.0
2012-04-06 00:00:00+09:00,771.7860019811603,771.7860019811603,753.5835019344348,760.864501953125,46800,0.0,0.0
2012-04-09 00:00:00+09:00,756.1316853585109,756.495735279242,751.0349864682754,752.1271362304688,34200,0.0,0.0
2012-04-10 00:00:00+09:00,755.4036700066493,766.325168850119,749.9429205849145,750.6710205078125,23400,0.0,0.0
2012-04-11 00:00:00+09:00,751.0349997533814,759.0440981511392,749.942849971869,753.2192993164062,35600,0.0,0.0
2012-04-12 00:00:00+09:00,756.4958166521437,768.8735152884155,756.4958166521437,760.5003662109375,24800,0.0,0.0
2012-04-13 00:00:00+09:00,760.5003993426296,771.7859485908926,755.7677496578742,756.495849609375,12000,0.0,0.0
2012-04-16 00:00:00+09:00,756.8600100297194,758.3162101452167,753.5835597698505,757.2240600585938,14600,0.0,0.0
2012-04-17 00:00:00+09:00,759.044192657835,762.6846923828125,755.0396429603595,762.6846923828125,14800,0.0,0.0
2012-04-18 00:00:00+09:00,769.2375947042228,779.7950439453125,766.6892448874081,779.7950439453125,23000,0.0,0.0
2012-04-19 00:00:00+09:00,783.7997202795857,787.0761705733694,779.0670698552315,785.2559204101562,24400,0.0,0.0
2012-04-20 00:00:00+09:00,787.0760050988621,787.0760050988621,771.42185698635,778.3388061523438,60000,0.0,0.0
2012-04-23 00:00:00+09:00,781.9792156784423,784.1635151635776,772.1498679953334,774.3341674804688,11600,0.0,0.0
2012-04-24 00:00:00+09:00,766.3251058875433,769.9656052029235,761.956506709087,762.320556640625,13400,0.0,0.0
2012-04-25 00:00:00+09:00,775.4264829372445,775.4264829372445,764.8690331695543,767.7814331054688,19400,0.0,0.0
2012-04-26 00:00:00+09:00,768.873576037747,773.9702758789062,768.1454760604386,773.9702758789062,6000,0.0,0.0
2012-04-27 00:00:00+09:00,776.8826931591378,777.2467431559322,765.2330932617188,765.2330932617188,8600,0.0,0.0
2012-05-01 00:00:00+09:00,761.5924341694775,761.9564840902086,752.1271362304688,752.1271362304688,15200,0.0,0.0
2012-05-02 00:00:00+09:00,754.6756308999701,781.6153302181552,754.6756308999701,779.4310302734375,18200,0.0,0.0
2012-05-07 00:00:00+09:00,759.0442433162148,773.970293184783,759.0442433162148,765.2330932617188,8800,0.0,0.0
2012-05-08 00:00:00+09:00,765.2330600722277,771.7859597303152,759.7723103571547,769.2376098632812,6200,0.0,0.0
2012-05-09 00:00:00+09:00,760.8644858494824,767.0533357343826,756.1318359375,756.1318359375,8800,0.0,0.0
2012-05-10 00:00:00+09:00,756.1317585759477,764.8689575195312,756.1317585759477,764.8689575195312,5000,0.0,0.0
2012-05-11 00:00:00+09:00,763.7768857953178,763.7768857953178,756.1318359375,756.1318359375,16600,0.0,0.0
2012-05-14 00:00:00+09:00,756.1316813618744,760.5002803875568,756.1316813618744,760.13623046875,10200,0.0,0.0
2012-05-15 00:00:00+09:00,755.7677960824276,760.1363960597827,752.1272961012983,753.58349609375,39800,0.0,0.0
2012-05-16 00:00:00+09:00,759.7722398279037,762.6846394055862,754.3114906197492,758.3160400390625,19800,0.0,0.0
2012-05-17 00:00:00+09:00,760.864501953125,775.0624519895708,755.0397019381728,760.864501953125,18600,0.0,0.0
2012-05-18 00:00:00+09:00,762.6847418046988,763.4128417968751,755.4037418829355,763.412841796875,34400,0.0,0.0
2012-05-21 00:00:00+09:00,757.2240237190654,761.2285738445028,753.9475736164349,757.5880737304688,48200,0.0,0.0
2012-05-22 00:00:00+09:00,757.9520100215901,771.7859083793329,756.1317602376766,766.689208984375,24200,0.0,0.0
2012-05-23 00:00:00+09:00,767.0532989061372,767.4173488818876,755.0396497063733,756.495849609375,18800,0.0,0.0
2012-05-24 00:00:00+09:00,755.4037258858416,760.1363757347649,752.4913259788118,758.68017578125,14800,0.0,0.0
2012-05-25 00:00:00+09:00,762.6845974228473,762.6845974228473,752.4911994620646,753.2192993164062,14000,0.0,0.0
2012-05-28 00:00:00+09:00,750.306993668003,751.0350936133382,749.21484375,749.21484375,4600,0.0,0.0
2012-05-29 00:00:00+09:00,747.3945416227534,759.044139933483,747.3945416227534,758.3160400390625,12400,0.0,0.0
2012-05-30 00:00:00+09:00,752.4913577111132,754.6756577334967,746.3025076476933,752.8554077148438,14400,0.0,0.0
2012-05-31 00:00:00+09:00,742.6619726466381,749.942972378468,739.0214727807232,739.7495727539062,16400,0.0,0.0
2012-06-01 00:00:00+09:00,736.8370937131485,739.7494932930424,729.1920448159271,733.1965942382812,15000,0.0,0.0
2012-06-04 00:00:00+09:00,724.4594827518281,728.0999826651539,717.5425329165091,721.9111328125,17800,0.0,0.0
2012-06-05 00:00:00+09:00,725.1875741600095,726.2797241210938,717.1784744453909,726.2797241210938,13400,0.0,0.0
2012-06-06 00:00:00+09:00,722.639212725338,727.7359124624436,719.3627628943415,727.0078125,16200,0.0,0.0
2012-06-07 00:00:00+09:00,727.0077877618029,728.0999376683054,715.35818875911,726.6437377929688,18200,0.0,0.0
2012-06-08 00:00:00+09:00,717.9064843947385,720.454833984375,715.358134805102,720.454833984375,33000,0.0,0.0
2012-06-11 00:00:00+09:00,724.8234305871448,749.578826508755,720.8188812468843,730.2841796875,15600,0.0,0.0
2012-06-12 00:00:00+09:00,720.8189187121036,732.8325673573053,720.8189187121036,731.7404174804688,16800,0.0,0.0
2012-06-13 00:00:00+09:00,731.0123730757105,739.7495727539062,727.0078232232041,739.7495727539062,11200,0.0,0.0
2012-06-14 00:00:00+09:00,736.8370361328125,742.6618348374197,735.7448863756987,736.8370361328125,11200,0.0,0.0
2012-06-15 00:00:00+09:00,741.2056884765625,743.389988147908,737.9292389695443,741.2056884765625,11200,0.0,0.0
2012-06-18 00:00:00+09:00,759.4082858765648,759.4082858765648,752.8553859984353,756.1318359375,14200,0.0,0.0
2012-06-19 00:00:00+09:00,758.3162101452167,758.3162101452167,752.1273596543532,757.2240600585938,23200,0.0,0.0
2012-06-20 00:00:00+09:00,751.7631110720549,756.1317102647255,751.7631110720549,752.4912109375,42400,0.0,0.0
2012-06-21 00:00:00+09:00,752.4912785236265,762.6846775553931,752.4912785236265,759.7722778320312,10400,0.0,0.0
2012-06-22 00:00:00+09:00,756.131805914487,764.5049554262988,756.131805914487,763.77685546875,13000,0.0,0.0
2012-06-25 00:00:00+09:00,764.5049947440823,769.6016947090428,760.8644947691105,767.0533447265625,26200,0.0,0.0
2012-06-26 00:00:00+09:00,771.0578233620446,784.8917219870482,771.0578233620446,783.0714721679688,42200,0.0,0.0
2012-06-27 00:00:00+09:00,806.3707609920882,806.7348109970508,790.3525607737353,802.3662109375,117600,0.0,0.0
2012-06-28 00:00:00+09:00,804.550421663033,808.1909213085671,798.3615722656251,798.361572265625,20200,0.0,0.0
2012-06-29 00:00:00+09:00,811.8314509048565,811.8314509048565,797.6335017634711,804.1864013671875,28800,0.0,0.0
2012-07-02 00:00:00+09:00,804.1865221075731,811.8315727930683,784.8918703775136,785.2559204101562,19000,0.0,0.0
2012-07-03 00:00:00+09:00,785.2557248246555,802.0020221551767,785.2557248246555,797.6334228515625,9200,0.0,0.0
2012-07-04 00:00:00+09:00,790.3525043254496,805.6426034418332,790.3525043254496,792.5368041992188,10800,0.0,0.0
2012-07-05 00:00:00+09:00,792.9008626677974,797.2694624621103,785.6198630106092,788.168212890625,6400,0.0,0.0
2012-07-06 00:00:00+09:00,751.7631554533932,767.4173034846261,746.3024061401724,747.7586059570312,109800,0.0,0.0
2012-07-09 00:00:00+09:00,747.7586059570312,749.2148057738901,740.8416568269516,747.7586059570312,15000,0.0,0.0
2012-07-10 00:00:00+09:00,740.1136111519212,748.8508106933114,740.1136111519212,740.4776611328125,16400,0.0,0.0
2012-07-11 00:00:00+09:00,739.021388805217,748.8507373262717,739.021388805217,741.2056884765625,10600,0.0,0.0
2012-07-12 00:00:00+09:00,741.2056006821506,742.2977503884601,737.5651016611183,739.0213012695312,10800,0.0,0.0
2012-07-13 00:00:00+09:00,739.0214266309551,747.7586257635378,739.0214266309551,742.6619262695312,13000,0.0,0.0
2012-07-17 00:00:00+09:00,751.0350569395825,751.0350569395825,736.1090087890625,736.1090087890625,11800,0.0,0.0
2012-07-18 00:00:00+09:00,744.1180729311129,744.1180729311129,737.5651740501148,738.2932739257812,11800,0.0,0.0
2012-07-19 00:00:00+09:00,745.5742913000978,749.2147907693366,741.5697418839352,744.84619140625,26200,0.0,0.0
2012-07-20 00:00:00+09:00,748.850782378381,748.850782378381,732.8325838248328,736.4730834960938,47200,0.0,0.0
2012-07-23 00:00:00+09:00,740.4775753293317,741.205675206745,731.740376800372,740.113525390625,10400,0.0,0.0
2012-07-24 00:00:00+09:00,739.3854749524916,739.3854749524916,727.007776208826,727.371826171875,10200,0.0,0.0
2012-07-25 00:00:00+09:00,731.0123825958144,736.1090824744706,718.6346828905068,721.9111328125,15800,0.0,0.0
2012-07-26 00:00:00+09:00,733.1965792076894,733.1965792076894,716.4502819666002,730.2841796875,5800,0.0,0.0
2012-07-27 00:00:00+09:00,736.1089787278788,737.2011285479499,728.0998800473579,730.2841796875,5800,0.0,0.0
2012-07-30 00:00:00+09:00,734.2887705283589,737.2011702131516,729.5561210405708,735.3809204101562,4800,0.0,0.0
2012-07-31 00:00:00+09:00,724.0953666858245,737.2011651778756,724.0953666858245,729.920166015625,3800,0.0,0.0
2012-08-01 00:00:00+09:00,738.6573148699802,738.6573148699802,723.3672176671515,729.1920166015625,3400,0.0,0.0
2012-08-02 00:00:00+09:00,726.2795961353461,735.3808442072176,726.2795961353461,732.4684448242188,5600,0.0,0.0
2012-08-03 00:00:00+09:00,726.6437377929688,731.0123374189786,726.6437377929688,726.6437377929688,3200,0.0,0.0
2012-08-06 00:00:00+09:00,727.3718509034791,728.0999508543334,726.2797009771976,727.7359008789062,2800,0.0,0.0
2012-08-07 00:00:00+09:00,727.7358992872172,728.463999236479,724.4594495155388,725.9156494140625,6000,0.0,0.0
2012-08-08 00:00:00+09:00,729.1920579674816,739.385456680956,725.9156083810076,734.2887573242188,12400,0.0,0.0
2012-08-09 00:00:00+09:00,732.4685173983597,739.7495165772699,728.8280178089047,731.7404174804688,6000,0.0,0.0
2012-08-10 00:00:00+09:00,746.3023663733,746.3023663733,733.9246685895477,744.4821166992188,2600,0.0,0.0
2012-08-13 00:00:00+09:00,745.2102350779546,751.0350341796875,740.841635751655,751.0350341796875,3200,0.0,0.0
2012-08-14 00:00:00+09:00,751.0350491216597,768.1453968234134,746.666449708446,753.9474487304688,9800,0.0,0.0
2012-08-15 00:00:00+09:00,767.7814447215569,772.8781446865174,757.952094789133,767.0533447265625,8400,0.0,0.0
2012-08-16 00:00:00+09:00,775.4264362318987,775.4264362318987,764.5049371300411,770.6937866210938,18400,0.0,0.0
2012-08-17 00:00:00+09:00,783.435670246943,785.9840204754414,771.0579691370936,785.2559204101562,21600,0.0,0.0
2012-08-20 00:00:00+09:00,800.5458936586485,800.5458936586485,788.5322445041531,795.0851440429688,45200,0.0,0.0
2012-08-21 00:00:00+09:00,794.7211536199142,795.4492536232306,783.435603568509,793.2649536132812,10800,0.0,0.0
2012-08-22 00:00:00+09:00,779.7950802642239,781.6153302181552,777.9748303102924,779.4310302734375,4800,0.0,0.0
2012-08-23 00:00:00+09:00,788.532297746624,788.532297746624,782.7074977632693,785.9839477539062,4600,0.0,0.0
2012-08-24 00:00:00+09:00,788.5320969258457,792.9006958007812,782.7072984259319,792.9006958007812,10000,0.0,0.0
2012-08-27 00:00:00+09:00,797.2694798219655,797.2694798219655,769.2376305314216,779.4310302734375,12600,0.0,0.0
2012-08-28 00:00:00+09:00,772.8780198742238,773.2420698129305,735.3808761874386,740.113525390625,18600,0.0,0.0
2012-08-29 00:00:00+09:00,754.6755256082926,755.4036254882812,742.6618775884789,755.4036254882812,4800,0.0,0.0
2012-08-30 00:00:00+09:00,755.4036165563072,755.4036165563072,743.754018614234,746.3023681640625,3200,0.0,0.0
2012-08-31 00:00:00+09:00,739.3855252075195,742.2979251098633,728.0999755859375,728.0999755859375,10800,0.0,0.0
2012-09-03 00:00:00+09:00,728.4640341745296,739.021483945175,723.3673342852526,723.7313842773438,11200,0.0,0.0
2012-09-04 00:00:00+09:00,728.0999826651539,728.0999826651539,721.1830328298349,721.9111328125,16600,0.0,0.0
2012-09-05 00:00:00+09:00,722.6392589663069,724.823558993409,721.5471089527558,724.095458984375,6000,0.0,0.0
2012-09-06 00:00:00+09:00,724.4593753556042,727.0077249171566,721.5469758566871,724.8234252929688,7600,0.0,0.0
2012-09-07 00:00:00+09:00,733.1965942382812,733.560644185768,727.0077451310067,733.1965942382812,7200,0.0,0.0
2012-09-10 00:00:00+09:00,733.196677516831,745.2103271484375,733.196677516831,745.2103271484375,8200,0.0,0.0
2012-09-11 00:00:00+09:00,749.5788023945868,756.1317011042044,738.6573045452242,743.3899536132812,7600,0.0,0.0
2012-09-12 00:00:00+09:00,744.8462961390399,753.58349609375,741.2057961579106,753.58349609375,7000,0.0,0.0
2012-09-13 00:00:00+09:00,753.5834434220117,756.4958432033528,749.21484375,749.21484375,11000,0.0,0.0
2012-09-14 00:00:00+09:00,753.5833844866071,764.5048828125,753.5833844866071,764.5048828125,21200,0.0,0.0
2012-09-18 00:00:00+09:00,779.0669555664062,779.0669555664062,766.325206293124,779.0669555664062,14400,0.0,0.0
2012-09-19 00:00:00+09:00,777.9748056286963,779.7950555248796,768.1454561893071,779.0669555664062,26400,0.0,0.0
2012-09-20 00:00:00+09:00,779.4310810508231,781.9794311523438,773.2422308042728,781.9794311523438,52200,0.0,0.0
2012-09-21 00:00:00+09:00,779.794969641644,782.7073691547781,778.7028198242188,778.7028198242188,18800,0.0,0.0
2012-09-24 00:00:00+09:00,778.7028233460239,782.3433227539062,775.7904238197182,782.3433227539062,10800,0.0,0.0
2012-09-25 00:00:00+09:00,784.5275517660696,796.5411987304688,764.5048068254042,796.5411987304688,63400,0.0,0.0
2012-09-26 00:00:00+09:00,782.343407589299,786.3479573722129,761.228508733934,767.4173583984375,18800,0.0,0.0
2012-09-27 00:00:00+09:00,777.2466957152694,785.983895105043,777.2466957152694,781.6152954101562,5800,0.0,0.0
2012-09-28 00:00:00+09:00,764.5049978152864,786.3479977528659,760.1363978277705,785.9839477539062,14000,0.0,0.0
2012-10-01 00:00:00+09:00,778.3389310073142,782.3434811668467,759.4083302531607,781.9794311523438,6200,0.0,0.0
2012-10-02 00:00:00+09:00,768.5094919427768,780.8871910077007,760.8644425203238,762.6846923828125,5400,0.0,0.0
2012-10-03 00:00:00+09:00,762.6846101710098,768.5094091031035,752.1271621065902,765.9610595703125,6600,0.0,0.0
2012-10-04 00:00:00+09:00,764.5049355246804,779.7950342351741,752.1272365685666,768.87353515625,7600,0.0,0.0
2012-10-05 00:00:00+09:00,768.8735367707841,770.6937866210938,759.408237549174,770.6937866210938,4200,0.0,0.0
2012-10-09 00:00:00+09:00,771.0577729080385,781.979271107869,755.4036254882812,755.4036254882812,12600,0.0,0.0
2012-10-10 00:00:00+09:00,754.3116019363039,772.8781519839638,754.3116019363039,760.864501953125,6600,0.0,0.0
2012-10-11 00:00:00+09:00,759.408301949387,769.6017019755532,759.408301949387,760.864501953125,8400,0.0,0.0
2012-10-12 00:00:00+09:00,764.8689592004615,770.3297085522021,759.7722598055036,766.689208984375,8000,0.0,0.0
2012-10-15 00:00:00+09:00,767.4173188513138,782.7074172344994,767.4173188513138,777.6107177734375,7400,0.0,0.0
2012-10-16 00:00:00+09:00,779.7951222737631,786.3480224609375,778.7029722425673,786.3480224609375,6600,0.0,0.0
2012-10-17 00:00:00+09:00,787.8041977487046,789.9884977424625,784.5277477580677,785.9839477539062,12000,0.0,0.0
2012-10-18 00:00:00+09:00,790.7165875633008,791.4446875518489,788.5322875976562,788.5322875976562,14000,0.0,0.0
2012-10-19 00:00:00+09:00,789.9884543464881,792.5368041992188,788.1682044516805,792.5368041992188,20400,0.0,0.0
2012-10-22 00:00:00+09:00,793.2649536132812,793.6290036149394,788.5323035917243,793.2649536132812,48800,0.0,0.0
2012-10-23 00:00:00+09:00,791.0806405404035,793.264940514284,786.3479905969956,792.1727905273438,10600,0.0,0.0
2012-10-24 00:00:00+09:00,791.0806782293757,793.6290283203126,790.3525782033938,793.6290283203125,16800,0.0,0.0
2012-10-25 00:00:00+09:00,794.3569963313042,796.17724609375,794.3569963313042,796.17724609375,8000,0.0,0.0
2012-10-26 00:00:00+09:00,793.6287956132704,793.6287956132704,790.3523464570688,792.9006958007812,9800,0.0,0.0
2012-10-29 00:00:00+09:00,792.172757994186,796.5413577625363,765.5971094033883,782.7074584960938,17800,0.0,0.0
2012-10-30 00:00:00+09:00,783.0715327690201,795.8132824886462,767.0533331214901,767.7814331054688,37200,0.0,0.0
2012-10-31 00:00:00+09:00,767.7813866065405,793.2648845024428,758.3160873880626,784.1636352539062,18200,0.0,0.0
2012-11-01 00:00:00+09:00,792.9008515693772,792.9008515693772,753.5834539708957,775.4264526367188,10600,0.0,0.0
2012-11-02 00:00:00+09:00,775.4264378525198,789.6243867146081,771.4218881734691,772.5140380859375,7400,0.0,0.0
2012-11-05 00:00:00+09:00,764.5050350982364,772.1500854492188,754.3116346302598,772.1500854492188,5000,0.0,0.0
2012-11-06 00:00:00+09:00,772.5140594512429,772.5140594512429,731.7404615914223,740.4776611328125,11200,0.0,0.0
2012-11-07 00:00:00+09:00,744.482275109935,744.482275109935,741.2058249994267,744.1182250976562,2800,0.0,0.0
2012-11-08 00:00:00+09:00,744.4821677385429,744.4821677385429,731.7404191464407,733.5606689453125,16600,0.0,0.0
2012-11-09 00:00:00+09:00,731.7404174804688,734.2887671930873,728.0999178910137,731.7404174804688,3400,0.0,0.0
2012-11-12 00:00:00+09:00,729.1921255493164,732.4685754394532,728.0999755859375,728.0999755859375,8200,0.0,0.0
2012-11-13 00:00:00+09:00,730.648249246988,730.648249246988,724.4594001004017,725.1875,13800,0.0,0.0
2012-11-14 00:00:00+09:00,726.643674979792,729.1920245413443,723.0031756061456,724.8234252929688,13800,0.0,0.0
2012-11-15 00:00:00+09:00,729.1920710799717,740.8416698191426,728.0999211981745,735.3809204101562,5600,0.0,0.0
2012-11-16 00:00:00+09:00,740.8417518436909,757.5880518853664,740.8417518436909,745.5744018554688,9200,0.0,0.0
2012-11-19 00:00:00+09:00,759.772410260714,760.1364602895883,753.2195097409762,757.2240600585938,13400,0.0,0.0
2012-11-20 00:00:00+09:00,761.2284333147321,764.5048828125,761.2284333147321,764.5048828125,45200,0.0,0.0
2012-11-21 00:00:00+09:00,766.3251823074303,766.3251823074303,748.4867338831718,751.76318359375,8600,0.0,0.0
2012-11-22 00:00:00+09:00,752.4913591531182,756.1318591974003,747.3946590911232,754.6756591796875,20200,0.0,0.0
2012-11-26 00:00:00+09:00,755.0395842633928,764.5048828125,755.0395842633928,764.5048828125,13800,0.0,0.0
2012-11-27 00:00:00+09:00,764.5049486092641,771.4218981443004,759.4082489518692,769.9656982421875,17800,0.0,0.0
2012-11-28 00:00:00+09:00,769.9656354714343,769.9656354714343,752.4912380706642,768.1453857421875,5800,0.0,0.0
2012-11-29 00:00:00+09:00,771.0577415345903,771.7858413849534,741.5696975948821,761.2283935546875,11000,0.0,0.0
2012-11-30 00:00:00+09:00,761.2284676126914,761.2284676126914,735.3809204101562,735.3809204101562,18200,0.0,0.0
2012-12-03 00:00:00+09:00,737.9292441246744,749.2147925054661,737.9292441246744,746.6664428710938,4800,0.0,0.0
2012-12-04 00:00:00+09:00,736.1090317774864,748.1226806640625,736.1090317774864,748.1226806640625,6000,0.0,0.0
2012-12-05 00:00:00+09:00,749.5789461145079,753.58349609375,740.8417461597977,753.58349609375,8400,0.0,0.0
2012-12-06 00:00:00+09:00,754.6756359645824,756.1318359375,746.3024861203057,756.1318359375,15600,0.0,0.0
2012-12-07 00:00:00+09:00,759.4082960635568,759.7723460616697,752.1272961012983,753.58349609375,7800,0.0,0.0
2012-12-10 00:00:00+09:00,749.5788114757197,756.1317102647255,749.2147615429972,752.4912109375,4800,0.0,0.0
2012-12-11 00:00:00+09:00,754.675494901419,761.2283935546875,752.8552452755112,761.2283935546875,11800,0.0,0.0
2012-12-12 00:00:00+09:00,772.1499615293561,778.7028607785444,755.4036634480971,756.85986328125,12800,0.0,0.0
2012-12-13 00:00:00+09:00,769.2375267852125,769.965626668587,757.9519785929069,759.0441284179688,7200,0.0,0.0
2012-12-14 00:00:00+09:00,777.2467125826606,777.2467125826606,762.684713283688,772.8781127929688,36600,0.0,0.0
2012-12-17 00:00:00+09:00,781.6152773203565,781.6152773203565,775.0623779296875,775.0623779296875,12400,0.0,0.0
2012-12-18 00:00:00+09:00,777.974632209531,779.0667819037886,770.6936342478134,776.5184326171875,10600,0.0,0.0
2012-12-19 00:00:00+09:00,779.0668732868122,782.3433227539062,776.1544737605063,782.3433227539062,22200,0.0,0.0
2012-12-20 00:00:00+09:00,782.7074584960938,782.7074584960938,779.0669586891352,782.7074584960938,57600,0.0,0.0
2012-12-21 00:00:00+09:00,782.3433227539062,782.3433227539062,767.7813251223771,782.3433227539062,17600,0.0,0.0
2012-12-25 00:00:00+09:00,786.3478631488347,786.3478631488347,767.4172664433997,773.2420654296875,14400,0.0,0.0
2012-12-26 00:00:00+09:00,769.9655991287268,774.3341982727195,764.8689001274018,768.5093994140625,8200,0.0,0.0
2012-12-27 00:00:00+09:00,773.2421380275831,775.7904878233426,766.6892385527731,772.5140380859375,8800,0.0,0.0
2012-12-28 00:00:00+09:00,767.7813323102678,778.3387806919643,764.5048828125,764.5048828125,14800,0.0,0.0
2013-01-04 00:00:00+09:00,780.1591858169145,780.1591858169145,749.9430344296985,772.1500854492188,14000,0.0,0.0
2013-01-07 00:00:00+09:00,777.2467359297115,778.7029359033502,768.1454860944689,771.4219360351562,10800,0.0,0.0
2013-01-08 00:00:00+09:00,761.2285432969809,766.6892932488961,761.2285432969809,765.2330932617188,3000,0.0,0.0
2013-01-09 00:00:00+09:00,768.5094356880369,772.1499351465307,768.1453857421875,768.1453857421875,7200,0.0,0.0
2013-01-10 00:00:00+09:00,768.5094915966156,779.0669407942953,768.5094915966156,776.154541015625,7200,0.0,0.0
2013-01-11 00:00:00+09:00,778.7029433748615,782.7074933407912,775.4264934027373,780.523193359375,11800,0.0,0.0
2013-01-15 00:00:00+09:00,782.7073807241095,782.7073807241095,777.9747314453125,777.9747314453125,11000,0.0,0.0
2013-01-16 00:00:00+09:00,782.3433772526531,782.3433772526531,774.6983279635392,775.0623779296875,10200,0.0,0.0
2013-01-17 00:00:00+09:00,776.5184918167,778.3387414458999,772.5139426324602,774.6982421875,17600,0.0,0.0
2013-01-18 00:00:00+09:00,782.3434723465532,786.3480224609375,779.7951222737631,786.3480224609375,31800,0.0,0.0
2013-01-21 00:00:00+09:00,789.2603977445433,793.6289977320591,746.3024978673034,785.9839477539062,41600,0.0,0.0
2013-01-22 00:00:00+09:00,785.9837647345237,785.9837647345237,773.6060676520902,774.3341674804688,7000,0.0,0.0
2013-01-23 00:00:00+09:00,769.6015299862132,776.5184784581802,767.7812803883272,773.6060791015625,4200,0.0,0.0
2013-01-24 00:00:00+09:00,773.606194390191,780.5231438929738,764.5049450444241,779.7950439453125,14200,0.0,0.0
2013-01-25 00:00:00+09:00,778.3388687254834,780.8872186230878,770.6938190326699,780.1591186523438,15800,0.0,0.0
2013-01-28 00:00:00+09:00,780.5232152005269,782.3434652359759,771.421965023282,777.2467651367188,11600,0.0,0.0
2013-01-29 00:00:00+09:00,777.2466315562668,778.7028313343582,773.2420821665156,777.9747314453125,5800,0.0,0.0
2013-01-30 00:00:00+09:00,780.8872811088348,784.5277812538644,776.1546309202965,781.9794311523438,7800,0.0,0.0
2013-01-31 00:00:00+09:00,781.9793554002994,781.9793554002994,777.6107556494597,779.0669555664062,6400,0.0,0.0
2013-02-01 00:00:00+09:00,782.3434811668467,782.7075311813496,777.6108309783083,781.9794311523438,6800,0.0,0.0
2013-02-04 00:00:00+09:00,782.7074547672578,799.089703820526,779.0669549776427,792.5368041992188,11400,0.0,0.0
2013-02-05 00:00:00+09:00,791.8088223071808,797.269572805851,786.3480718085106,787.076171875,13400,0.0,0.0
2013-02-06 00:00:00+09:00,797.6336228390957,797.6336228390957,776.8827709441489,787.076171875,11800,0.0,0.0
2013-02-07 00:00:00+09:00,782.3434433438885,785.25584331911,780.1591433624724,780.523193359375,10200,0.0,0.0
2013-02-08 00:00:00+09:00,780.1590874732159,780.1590874732159,772.1499881151148,772.5140380859375,12600,0.0,0.0
2013-02-12 00:00:00+09:00,772.514059692325,774.6983595783541,764.5049601102179,769.2376098632812,19800,0.0,0.0
2013-02-13 00:00:00+09:00,765.5971331535329,779.0669828571376,764.8690331695543,767.7814331054688,12200,0.0,0.0
2013-02-14 00:00:00+09:00,766.3251953125,769.9656950527019,765.2330453904394,766.3251953125,8600,0.0,0.0
2013-02-15 00:00:00+09:00,764.8690054050733,766.6892552989455,763.0487555112011,763.77685546875,14800,0.0,0.0
2013-02-18 00:00:00+09:00,769.9657060854903,779.0669555664062,767.4173562308339,779.0669555664062,16200,0.0,0.0
2013-02-19 00:00:00+09:00,782.343372240337,786.3479218423117,780.8871723850734,783.0714721679688,25400,0.0,0.0
2013-02-20 00:00:00+09:00,783.7995225170591,785.6197722210003,777.9747234644475,782.3433227539062,40800,0.0,0.0
2013-02-21 00:00:00+09:00,782.7074623197752,788.8963120218386,771.7859628455459,772.8781127929688,9800,0.0,0.0
2013-02-22 00:00:00+09:00,770.693698986059,775.4263480587177,767.4172496280643,768.5093994140625,13200,0.0,0.0
2013-02-25 00:00:00+09:00,775.4264362318987,776.1545361720226,767.4173368905364,770.6937866210938,22400,0.0,0.0
2013-02-26 00:00:00+09:00,764.5048828125,777.6106808035714,761.2284333147321,764.5048828125,16400,0.0,0.0
2013-02-27 00:00:00+09:00,767.7813787223275,769.23757858714,761.592529296875,761.592529296875,10200,0.0,0.0
2013-02-28 00:00:00+09:00,766.3252084576427,780.1591077077095,761.228508733934,767.4173583984375,17600,0.0,0.0
2013-03-01 00:00:00+09:00,776.1545610725035,776.1545610725035,769.965711382901,771.057861328125,11000,0.0,0.0
2013-03-04 00:00:00+09:00,772.1500650374616,781.9794152288862,771.7860150303718,777.2467651367188,17600,0.0,0.0
2013-03-05 00:00:00+09:00,777.2466860822084,780.5231358127656,765.9611370102888,770.6937866210938,21200,0.0,0.0
2013-03-06 00:00:00+09:00,770.6938434430023,782.3434433438885,769.2376434553915,780.523193359375,8600,0.0,0.0
2013-03-07 00:00:00+09:00,786.3480122649399,791.444712344435,785.6199122535835,788.8963623046875,15200,0.0,0.0
2013-03-08 00:00:00+09:00,788.1682091037723,799.4537585181912,787.804159122662,797.99755859375,57400,0.0,0.0
2013-03-11 00:00:00+09:00,798.3615949687289,818.7483935634616,798.3615949687289,810.375244140625,17000,0.0,0.0
2013-03-12 00:00:00+09:00,808.1910224139372,818.748472706732,806.3707723634553,816.92822265625,13600,0.0,0.0
2013-03-13 00:00:00+09:00,818.3843371061877,818.3843371061877,801.2739884211384,803.09423828125,11000,0.0,0.0
2013-03-14 00:00:00+09:00,808.1908436363541,811.1032430728815,804.1862944111289,807.0986938476562,9400,0.0,0.0
2013-03-15 00:00:00+09:00,815.4719632336594,822.7529629053885,814.7438632664864,818.7484130859375,24800,0.0,0.0
2013-03-18 00:00:00+09:00,822.3890107450112,822.3890107450112,815.472060234097,818.3844604492188,12200,0.0,0.0
2013-03-19 00:00:00+09:00,822.7530307802717,843.8679315702079,822.0249307530325,843.1398315429688,34600,0.0,0.0
2013-03-21 00:00:00+09:00,861.3422174873945,872.627766406291,859.8860176268917,867.5310668945312,63000,0.0,0.0
2013-03-22 00:00:00+09:00,863.1624851949708,891.9224330357143,860.6141353862974,874.083984375,28200,0.0,0.0
2013-03-25 00:00:00+09:00,873.7199731775232,873.7199731775232,859.8860736022124,862.0703735351562,27800,0.0,0.0
2013-03-26 00:00:00+09:00,866.4388846017264,887.5537817894996,864.2545848926464,885.0054321289062,23400,0.0,0.0
2013-03-27 00:00:00+09:00,885.0055074159264,892.4083138351313,870.199894577517,875.01171875,12600,20.0,0.0
2013-03-28 00:00:00+09:00,886.8562263325762,886.8562263325762,870.570051892412,883.5249633789062,13200,0.0,0.0
2013-03-29 00:00:00+09:00,885.3756226802938,885.3756226802938,846.8810303898462,853.9136962890625,11600,0.0,0.0
2013-04-01 00:00:00+09:00,835.4067594728747,840.5887243078859,818.7504439317673,827.263671875,11400,0.0,0.0
2013-04-02 00:00:00+09:00,827.2636506392658,827.2636506392658,799.8732657858852,803.2045288085938,9600,0.0,0.0
2013-04-03 00:00:00+09:00,801.7237910090266,825.412767289995,801.7237910090266,821.7113647460938,9800,0.0,0.0
2013-04-04 00:00:00+09:00,824.3024951838985,843.549791883298,806.5357597690681,839.848388671875,15600,0.0,0.0
2013-04-05 00:00:00+09:00,851.3226928710938,872.4206900422469,814.6788030475118,851.3226928710938,23600,0.0,0.0
2013-04-08 00:00:00+09:00,873.5312708349836,879.8236571079474,835.4068128282025,876.1222534179688,22200,0.0,0.0
2013-04-09 00:00:00+09:00,877.2326433424457,877.2326433424457,866.1284326672248,866.8687133789062,12800,0.0,0.0
2013-04-10 00:00:00+09:00,872.7908408389729,872.7908408389729,855.7643867768047,871.680419921875,8400,0.0,0.0
2013-04-11 00:00:00+09:00,882.4145467122396,888.3367919921875,874.2714594523112,888.3367919921875,14800,0.0,0.0
2013-04-12 00:00:00+09:00,887.2263498589228,887.2263498589228,884.2652272895147,885.7457885742188,7600,0.0,0.0
2013-04-15 00:00:00+09:00,885.7459240136471,885.7459240136471,877.2326953248407,878.7132568359375,6600,0.0,0.0
2013-04-16 00:00:00+09:00,873.9012635802553,875.0116844996712,844.2900390625,844.2900390625,22400,0.0,0.0
2013-04-17 00:00:00+09:00,860.946271064954,869.8296375763722,851.3226240109175,866.1282348632812,10400,0.0,0.0
2013-04-18 00:00:00+09:00,869.4595154805728,869.4595154805728,851.3226418072871,860.9462890625,14200,0.0,0.0
2013-04-19 00:00:00+09:00,867.2386243904817,868.719185422305,860.9462400052328,867.6087646484375,14200,0.0,0.0
2013-04-22 00:00:00+09:00,880.5638407534218,883.8951037070917,880.5638407534218,883.5249633789062,34200,0.0,0.0
2013-04-23 00:00:00+09:00,883.1550080199885,883.1550080199885,872.7910766601562,872.7910766601562,6400,0.0,0.0
2013-04-24 00:00:00+09:00,876.4924387792397,886.1160888671875,876.4924387792397,886.1160888671875,6400,0.0,0.0
2013-04-25 00:00:00+09:00,885.3756017033867,885.3756017033867,862.0567626953125,862.0567626953125,24400,0.0,0.0
2013-04-26 00:00:00+09:00,872.4206833650344,876.4922266476035,849.4719848632812,849.4719848632812,18400,0.0,0.0
2013-04-30 00:00:00+09:00,849.4720144383853,869.8297315600023,849.4720144383853,850.9525756835938,4800,0.0,0.0
2013-05-01 00:00:00+09:00,844.2899580683628,849.4719218618555,838.3677137329424,838.7378540039062,7200,0.0,0.0
2013-05-02 00:00:00+09:00,841.3288623612905,848.7316680133916,839.4781609482652,846.1406860351562,5800,0.0,0.0
2013-05-07 00:00:00+09:00,862.0566651706038,879.0831171233078,851.6927378950447,858.7254028320312,18200,0.0,0.0
2013-05-08 00:00:00+09:00,867.6088223732123,874.271347459696,860.5761570041462,873.5310668945312,12800,0.0,0.0
2013-05-09 00:00:00+09:00,873.5312233470933,874.2715040448451,847.6213989257811,847.6213989257812,28400,0.0,0.0
2013-05-10 00:00:00+09:00,858.7255092223992,873.1609811446723,858.3553689167,871.680419921875,15200,0.0,0.0
2013-05-13 00:00:00+09:00,871.6804626566653,888.3367772297227,864.277656179751,887.5964965820312,20600,0.0,0.0
2013-05-14 00:00:00+09:00,882.4145018498942,888.3367468287527,875.3818359375,875.3818359375,20000,0.0,0.0
2013-05-15 00:00:00+09:00,887.5964662063953,887.5964662063953,875.3818359375,875.3818359375,12800,0.0,0.0
2013-05-16 00:00:00+09:00,880.9339285216876,882.7846300521953,874.2714030118597,882.4144897460938,17600,0.0,0.0
2013-05-17 00:00:00+09:00,882.7845146527296,886.856057487606,877.9726913024213,884.2650756835938,35200,0.0,0.0
2013-05-20 00:00:00+09:00,887.2262606566717,887.5964009406335,881.3040161132812,881.3040161132812,41600,0.0,0.0
2013-05-21 00:00:00+09:00,862.7969870610764,871.6803537232239,853.17333984375,853.17333984375,30600,0.0,0.0
2013-05-22 00:00:00+09:00,862.797032011685,873.1609603241377,855.0240857773455,855.3942260742188,14400,0.0,0.0
2013-05-23 00:00:00+09:00,855.3941588641928,865.758086362331,823.1919555664062,823.1919555664062,15800,0.0,0.0
2013-05-24 00:00:00+09:00,818.0101697103086,835.7769064279985,814.3087662274564,818.3803100585938,25800,0.0,0.0
2013-05-27 00:00:00+09:00,820.9711844129345,820.9711844129345,794.6912231445312,794.6912231445312,23600,0.0,0.0
2013-05-28 00:00:00+09:00,813.1981930654825,862.0567098996399,806.9058083216896,860.9462890625,34600,0.0,0.0
2013-05-29 00:00:00+09:00,852.062982663855,852.4331229690956,836.51708984375,836.51708984375,10800,0.0,0.0
2013-05-30 00:00:00+09:00,818.010131612058,836.1470078333208,807.2760620117189,807.2760620117188,22800,0.0,0.0
2013-05-31 00:00:00+09:00,813.5684056238615,825.0427552937158,808.0163009448997,812.828125,8600,0.0,0.0
2013-06-03 00:00:00+09:00,814.6787227924582,829.8544736486558,814.6787227924582,821.3412475585938,19000,0.0,0.0
2013-06-04 00:00:00+09:00,821.7115335849969,843.1796727507311,815.0490076370105,842.4393920898438,28000,0.0,0.0
2013-06-05 00:00:00+09:00,829.1143801588647,834.2963450348576,818.3803100585938,818.3803100585938,16200,0.0,0.0
2013-06-06 00:00:00+09:00,820.9712416770242,828.7441885098544,812.0878738680753,814.3087158203125,18800,0.0,0.0
2013-06-07 00:00:00+09:00,809.8670146838754,825.0427677012607,797.6523842064678,805.7954711914062,29800,0.0,0.0
2013-06-10 00:00:00+09:00,811.7177037408561,837.997665877473,811.7177037408561,837.2573852539062,9800,0.0,0.0
2013-06-11 00:00:00+09:00,823.9323642800072,829.854609485973,811.7177335427025,814.3087158203125,17200,0.0,0.0
2013-06-12 00:00:00+09:00,809.4967948325091,811.3474962381617,805.7953920212035,810.9773559570312,17000,0.0,0.0
2013-06-13 00:00:00+09:00,810.9774653221806,818.010131612058,805.0552200254417,807.2760620117188,18200,0.0,0.0
2013-06-14 00:00:00+09:00,810.6072804418103,825.4128928699712,805.05517578125,805.05517578125,56000,0.0,0.0
2013-06-17 00:00:00+09:00,816.5293997690965,828.0037476352986,812.087716724115,824.6724853515625,18600,0.0,0.0
2013-06-18 00:00:00+09:00,836.1469067295853,836.1469067295853,825.7829787134594,831.3350830078125,8800,0.0,0.0
2013-06-19 00:00:00+09:00,843.919779195414,855.0239868164062,843.549638941381,855.0239868164062,16600,0.0,0.0
2013-06-20 00:00:00+09:00,848.3616140815423,848.7317544018222,835.7768431920255,842.8095092773438,39600,0.0,0.0
2013-06-21 00:00:00+09:00,838.3677417463749,843.1795654296875,829.4843749464134,843.1795654296875,10200,0.0,0.0
2013-06-24 00:00:00+09:00,848.3615639680352,849.4719848632812,846.1407221775429,849.4719848632812,12400,0.0,0.0
2013-06-25 00:00:00+09:00,851.3226663443772,866.128277932975,849.8421051855174,857.6150512695312,35000,0.0,0.0
2013-06-26 00:00:00+09:00,883.1549251918233,887.966750014746,862.7972047871501,870.2000122070312,101600,0.0,0.0
2013-06-27 00:00:00+09:00,870.1998586990778,871.680419921875,847.6213000514199,871.680419921875,13200,0.0,0.0
2013-06-28 00:00:00+09:00,880.5636731064335,885.0053561990259,875.3817094984091,884.2650756835938,29000,0.0,0.0
2013-07-01 00:00:00+09:00,885.375616819201,887.9665989754445,881.6742137388532,887.226318359375,14800,0.0,0.0
2013-07-02 00:00:00+09:00,887.226197745322,887.226197745322,880.5636731064335,884.2650756835938,9600,0.0,0.0
2013-07-03 00:00:00+09:00,884.2652903942692,884.2652903942692,879.4534658755897,882.7847290039062,7800,0.0,0.0
2013-07-04 00:00:00+09:00,883.1546779613399,883.8949584960938,882.4143974265861,883.8949584960938,4800,0.0,0.0
2013-07-05 00:00:00+09:00,884.2652966615046,884.6354370117186,881.3041738597917,884.6354370117188,15200,0.0,0.0
2013-07-08 00:00:00+09:00,884.635422445041,884.635422445041,873.1610717773438,873.1610717773438,8200,0.0,0.0
2013-07-09 00:00:00+09:00,884.2650987634706,884.2650987634706,882.784537693963,883.8949584960938,5400,0.0,0.0
2013-07-10 00:00:00+09:00,880.9339432824288,883.15478515625,869.8297339133226,883.15478515625,14200,0.0,0.0
2013-07-11 00:00:00+09:00,879.0832642586,883.1548077983241,871.6804578227382,872.0505981445312,7600,0.0,0.0
2013-07-12 00:00:00+09:00,873.5312454788773,879.4534912109375,873.5312454788773,879.4534912109375,6400,0.0,0.0
2013-07-16 00:00:00+09:00,879.4535994177322,887.5966883012297,879.4535994177322,886.4862670898438,20000,0.0,0.0
2013-07-17 00:00:00+09:00,886.4861387627892,887.5965598134316,883.8951563112905,884.6354370117188,13800,0.0,0.0
2013-07-18 00:00:00+09:00,887.5965448899559,894.6292114257812,887.5965448899559,894.6292114257812,231800,0.0,0.0
2013-07-19 00:00:00+09:00,896.4798241882959,897.5902451100816,886.4860358922249,890.1874389648438,25600,0.0,0.0
2013-07-22 00:00:00+09:00,882.4145949104341,884.6354370117186,851.322805492449,884.6354370117188,9800,0.0,0.0
2013-07-23 00:00:00+09:00,879.0832315826098,890.1874408236532,879.0832315826098,887.226318359375,13400,0.0,0.0
2013-07-24 00:00:00+09:00,887.226318359375,887.226318359375,887.226318359375,887.226318359375,1400,0.0,0.0
2013-07-25 00:00:00+09:00,887.9667662802924,887.9667662802924,878.7132568359375,878.7132568359375,11200,0.0,0.0
2013-07-26 00:00:00+09:00,869.8298840843889,884.2653587564278,868.3493225795644,873.9014282226562,5600,0.0,0.0
2013-07-29 00:00:00+09:00,868.3491467285156,868.3491467285156,851.3226928710938,851.3226928710938,7800,0.0,0.0
2013-07-30 00:00:00+09:00,848.3615604336259,855.3942260742188,848.3615604336259,855.3942260742188,4800,0.0,0.0
2013-07-31 00:00:00+09:00,848.361486887921,863.907378008904,821.3412475585938,821.3412475585938,16800,0.0,0.0
2013-08-01 00:00:00+09:00,825.412977993228,851.3228024145401,825.412977993228,847.6213989257812,8600,0.0,0.0
2013-08-02 00:00:00+09:00,863.9075134816568,879.8235473632812,845.0303570174048,879.8235473632812,11600,0.0,0.0
2013-08-05 00:00:00+09:00,875.3819334198156,875.3819334198156,856.8749157999463,857.2450561523438,5000,0.0,0.0
2013-08-06 00:00:00+09:00,857.245061918218,869.8298339843749,857.245061918218,869.829833984375,5000,0.0,0.0
2013-08-07 00:00:00+09:00,866.128277932975,887.596414736442,857.6150512695312,857.6150512695312,6200,0.0,0.0
2013-08-08 00:00:00+09:00,857.6150512695312,876.1220657552786,857.2449109798164,857.6150512695312,8800,0.0,0.0
2013-08-09 00:00:00+09:00,855.394339917473,856.8749013020121,845.7706909179686,845.7706909179688,8800,0.0,0.0
2013-08-12 00:00:00+09:00,842.069123107292,851.3226299546249,835.7767384511056,840.5885620117188,2600,0.0,0.0
2013-08-13 00:00:00+09:00,842.4392248034219,856.8746948242188,842.4392248034219,856.8746948242188,2600,0.0,0.0
2013-08-14 00:00:00+09:00,856.87477209379,873.1609448679269,856.87477209379,868.34912109375,3400,0.0,0.0
2013-08-15 00:00:00+09:00,880.5639378459432,880.5639378459432,872.4208497279899,876.1222534179688,7600,0.0,0.0
2013-08-16 00:00:00+09:00,879.8235600970507,883.8951037070917,879.0832794406796,883.5249633789062,11600,0.0,0.0
2013-08-19 00:00:00+09:00,887.9664947215219,887.9664947215219,877.9727075779283,882.0442504882812,12400,0.0,0.0
2013-08-20 00:00:00+09:00,882.4145352335681,882.4145352335681,860.2061157226562,860.2061157226562,33600,0.0,0.0
2013-08-21 00:00:00+09:00,844.660124904736,863.1671390349887,844.660124904736,846.1406860351562,4800,0.0,0.0
2013-08-22 00:00:00+09:00,851.3227159948959,861.6866447113555,849.4720144383853,850.9525756835938,2800,0.0,0.0
2013-08-23 00:00:00+09:00,864.2776425079214,864.2776425079214,851.3227313782525,862.4269409179688,3800,0.0,0.0
2013-08-26 00:00:00+09:00,880.9338691771082,880.9338691771082,852.0629272460938,852.0629272460938,8400,0.0,0.0
2013-08-27 00:00:00+09:00,851.3226533461248,851.3226533461248,840.2184448242188,840.2184448242188,9000,0.0,0.0
2013-08-28 00:00:00+09:00,836.8872301489905,838.3677913699529,834.666388317547,836.51708984375,5000,0.0,0.0
2013-08-29 00:00:00+09:00,841.6990059604728,841.6990059604728,832.8156391429482,840.2184448242188,5400,0.0,0.0
2013-08-30 00:00:00+09:00,840.2186364374552,840.5887768059299,818.0102143289762,839.1082153320312,11600,0.0,0.0
2013-09-02 00:00:00+09:00,839.478139286909,869.8296416773528,828.3739310952832,829.8544921875,8400,0.0,0.0
2013-09-03 00:00:00+09:00,835.0365959772777,849.4720690460338,830.9650522912182,849.1019287109375,5200,0.0,0.0
2013-09-04 00:00:00+09:00,849.1019750465273,849.1019750465273,836.8873433217952,848.3616943359375,2000,0.0,0.0
2013-09-05 00:00:00+09:00,847.621194218733,850.9524565540904,832.8155838393664,845.0302124023438,3600,0.0,0.0
2013-09-06 00:00:00+09:00,845.0304186701461,845.4005590199797,831.3352257263023,844.6602783203125,5000,0.0,0.0
2013-09-09 00:00:00+09:00,849.1019705998835,866.868707560997,848.3616898931705,854.283935546875,7200,0.0,0.0
2013-09-10 00:00:00+09:00,855.3942112449754,869.4595422823226,851.3226680499539,854.6539306640625,7200,0.0,0.0
2013-09-11 00:00:00+09:00,866.1281954647889,869.8295980095102,862.7969331745397,868.7191772460938,8800,0.0,0.0
2013-09-12 00:00:00+09:00,868.7193919502158,869.8298129880728,863.907567452835,867.2388305664062,3800,0.0,0.0
2013-09-13 00:00:00+09:00,867.2388074949628,882.7847016113898,867.2388074949628,878.343017578125,28600,0.0,0.0
2013-09-17 00:00:00+09:00,880.5639122856987,884.2653158682364,877.6027894196687,879.4534912109375,7400,0.0,0.0
2013-09-18 00:00:00+09:00,883.5249633789062,885.0055246916484,881.304121409793,883.5249633789062,11600,0.0,0.0
2013-09-19 00:00:00+09:00,885.3756482530426,886.1159288953947,879.8235434354024,885.7457885742188,29800,0.0,0.0
2013-09-20 00:00:00+09:00,885.3756482530426,886.1159288953947,882.4145256836346,885.7457885742188,48800,0.0,0.0
2013-09-24 00:00:00+09:00,880.9339874165512,886.4860923792605,880.9339874165512,885.3756713867188,30400,0.0,0.0
2013-09-25 00:00:00+09:00,885.7457673423748,886.4860479669819,880.1936626578217,883.15478515625,86600,0.0,0.0
2013-09-26 00:00:00+09:00,883.1547889677281,885.375630851134,876.4922633175105,877.2325439453125,32600,0.0,0.0
2013-09-27 00:00:00+09:00,877.232488061461,882.7845924162805,853.9136497712196,868.34912109375,18000,0.0,0.0
2013-09-30 00:00:00+09:00,868.349121410953,868.349121410953,854.6539306640625,854.6539306640625,6200,0.0,0.0
2013-10-01 00:00:00+09:00,840.218581616039,851.3227919457664,839.8484412717147,840.9588623046875,20000,0.0,0.0
2013-10-02 00:00:00+09:00,849.4720155427564,850.9525767898897,835.4066836949896,837.2573852539062,15000,0.0,0.0
2013-10-03 00:00:00+09:00,833.5558835839024,844.6600916245405,833.5558835839024,836.8871459960938,8200,0.0,0.0
2013-10-04 00:00:00+09:00,836.8871592727855,846.5108063940118,833.5558968077457,840.5885620117188,6600,0.0,0.0
2013-10-07 00:00:00+09:00,837.2574716458785,851.3228049449692,832.8157874461656,833.9262084960938,11000,0.0,0.0
2013-10-08 00:00:00+09:00,833.926065011844,837.6274678747461,822.0815758505573,831.3350830078125,12600,0.0,0.0
2013-10-09 00:00:00+09:00,832.8156441529734,835.7767664432951,828.0038204312007,831.3350830078125,7400,0.0,0.0
2013-10-10 00:00:00+09:00,831.7052996689465,842.8095092773438,831.7052996689465,842.8095092773438,5000,0.0,0.0
2013-10-11 00:00:00+09:00,845.4005464365785,850.2123709127936,831.335213352257,840.9588623046875,27800,0.0,0.0
2013-10-15 00:00:00+09:00,848.3616480407449,851.3227707215153,843.1796833493964,849.1019287109375,25400,0.0,0.0
2013-10-16 00:00:00+09:00,854.6539490410966,854.6539490410966,845.4004415807121,849.4719848632812,8600,0.0,0.0
2013-10-17 00:00:00+09:00,849.8422325590111,850.9526535945847,846.140829107099,848.7318115234375,11000,0.0,0.0
2013-10-18 00:00:00+09:00,850.2123729042023,850.9526535945847,846.5109694522903,848.7318115234375,19800,0.0,0.0
2013-10-21 00:00:00+09:00,848.3615639680352,849.4719848632812,847.251143072789,849.4719848632812,34200,0.0,0.0
2013-10-22 00:00:00+09:00,849.4719913648522,851.3226928710938,847.6212898586107,851.3226928710938,20800,0.0,0.0
2013-10-23 00:00:00+09:00,851.3228194308574,851.3228194308574,845.4005737304689,845.4005737304688,8200,0.0,0.0
2013-10-24 00:00:00+09:00,845.4005484167166,849.1019518686287,836.8873204773189,848.7318115234375,5400,0.0,0.0
2013-10-25 00:00:00+09:00,847.6212421892186,847.6212421892186,838.3677351784193,841.328857421875,14800,0.0,0.0
2013-10-28 00:00:00+09:00,841.3290151718099,847.2512607691477,841.3290151718099,844.6602783203125,5200,0.0,0.0
2013-10-29 00:00:00+09:00,844.660229718743,844.660229718743,835.4067215053475,837.6275634765625,7200,0.0,0.0
2013-10-30 00:00:00+09:00,846.5107556859151,850.5822984548461,836.5169688894482,850.212158203125,12000,0.0,0.0
2013-10-31 00:00:00+09:00,850.212158203125,850.212158203125,850.212158203125,850.212158203125,0,0.0,0.0
2013-11-01 00:00:00+09:00,857.2448978911412,857.2448978911412,837.627462835774,840.2184448242188,5800,0.0,0.0
2013-11-05 00:00:00+09:00,850.2122896031357,850.2122896031357,835.4066772460938,835.4066772460938,8200,0.0,0.0
2013-11-06 00:00:00+09:00,835.7769222559104,852.0630978888865,835.7769222559104,848.3616943359375,10200,0.0,0.0
2013-11-07 00:00:00+09:00,849.471950246327,849.471950246327,839.4781625963701,843.1795654296875,3600,0.0,0.0
2013-11-08 00:00:00+09:00,836.5170916867299,837.6275126048981,830.9649870958888,833.5559692382812,7600,0.0,0.0
2013-11-11 00:00:00+09:00,834.296198629726,843.5497057130192,834.296198629726,843.1795654296875,7000,0.0,0.0
2013-11-12 00:00:00+09:00,845.7706909179686,848.3616733409121,835.7769015723296,845.7706909179688,12000,0.0,0.0
2013-11-13 00:00:00+09:00,849.1019540331816,850.5825154177209,842.0692874566209,845.7706909179688,7400,0.0,0.0
2013-11-14 00:00:00+09:00,845.7708315539082,859.0958862304688,842.8097082924503,859.0958862304688,15800,0.0,0.0
2013-11-15 00:00:00+09:00,859.095757523071,868.7194066810201,859.095757523071,867.9791259765625,22000,0.0,0.0
2013-11-18 00:00:00+09:00,866.1284581530621,866.4985985197941,852.0631242172431,863.5374755859375,32400,0.0,0.0
2013-11-19 00:00:00+09:00,862.4271498996088,862.4271498996088,855.3944821536463,859.0958862304688,20200,0.0,0.0
2013-11-20 00:00:00+09:00,858.35532203651,858.35532203651,842.809430046198,847.9913940429688,46600,0.0,0.0
2013-11-21 00:00:00+09:00,847.6212898586107,857.2449376910665,847.6212898586107,851.3226928710938,20400,0.0,0.0
2013-11-22 00:00:00+09:00,851.3228189259755,865.7582928121117,848.7318364335921,856.1346435546875,8000,0.0,0.0
2013-11-25 00:00:00+09:00,862.0567364731925,862.0567364731925,847.6212651453889,854.6539306640625,18600,0.0,0.0
2013-11-26 00:00:00+09:00,854.6540507069835,855.0241910494291,842.4394194062774,846.881103515625,12400,0.0,0.0
2013-11-27 00:00:00+09:00,846.1406810674906,846.5108213479226,841.328857421875,841.328857421875,12600,0.0,0.0
2013-11-28 00:00:00+09:00,841.6991621478667,846.881127086332,833.5560743874212,835.7769165039062,15400,0.0,0.0
2013-11-29 00:00:00+09:00,835.0365369371676,839.4782206442802,834.6663966282416,835.4066772460938,15000,0.0,0.0
2013-12-02 00:00:00+09:00,836.517142490955,843.1796684045997,836.517142490955,837.6275634765625,8200,0.0,0.0
2013-12-03 00:00:00+09:00,838.3677913699529,841.3289138118777,833.1858270965846,836.51708984375,27800,0.0,0.0
2013-12-04 00:00:00+09:00,834.2961703437816,837.9975730516067,825.0426635742188,825.0426635742188,35000,0.0,0.0
2013-12-05 00:00:00+09:00,821.7114989901607,825.412902138765,814.6788330078125,814.6788330078125,29600,0.0,0.0
2013-12-06 00:00:00+09:00,818.0100671814458,831.7052583514519,816.8996462757697,823.9323120117188,8800,0.0,0.0
2013-12-09 00:00:00+09:00,822.8219123153584,830.9649991668824,822.8219123153584,826.5233154296875,17200,0.0,0.0
2013-12-10 00:00:00+09:00,826.1532886484655,830.2248326337402,825.41300792387,827.6338500976562,20400,0.0,0.0
2013-12-11 00:00:00+09:00,827.2636380552493,827.2636380552493,817.2698491391457,820.9712524414062,31400,0.0,0.0
2013-12-12 00:00:00+09:00,820.6010464000053,821.7114673017644,816.1593627929688,816.1593627929688,23800,0.0,0.0
2013-12-13 00:00:00+09:00,810.9773885954158,825.4128601404734,810.6072482993886,820.2308959960938,71200,0.0,0.0
2013-12-16 00:00:00+09:00,817.6399490551001,819.1205103028233,812.828125,812.828125,14400,0.0,0.0
2013-12-17 00:00:00+09:00,813.5683724223704,819.4906171715778,813.5683724223704,817.269775390625,17400,0.0,0.0
2013-12-18 00:00:00+09:00,812.087821283284,820.2309079142012,810.6072600776628,813.1982421875,38800,0.0,0.0
2013-12-19 00:00:00+09:00,818.3802212953242,822.0816243767142,810.6072748244053,813.9385375976562,48600,0.0,0.0
2013-12-20 00:00:00+09:00,812.0879906595359,812.0879906595359,767.6711452269268,801.7240600585938,87000,0.0,0.0
2013-12-24 00:00:00+09:00,793.2106108361862,803.2043982802259,790.2494886305448,790.61962890625,33600,0.0,0.0
2013-12-25 00:00:00+09:00,809.1266644679079,809.1266644679079,785.4376861852244,806.9058227539062,67400,0.0,0.0
2013-12-26 00:00:00+09:00,801.7239841612518,819.4907206523599,801.7239841612518,811.7177734375,16600,0.0,0.0
2013-12-27 00:00:00+09:00,811.7177085893734,820.2309358112409,811.3475682753791,817.6399536132812,16400,0.0,0.0
2013-12-30 00:00:00+09:00,821.7113944952437,831.3350414578006,818.3801320851278,823.1919555664062,20200,0.0,0.0
2014-01-06 00:00:00+09:00,828.3739658084461,828.3739658084461,819.8607391714513,822.4517211914062,12400,0.0,0.0
2014-01-07 00:00:00+09:00,823.5621948242189,830.9650010698298,821.3413529505356,823.5621948242188,15200,0.0,0.0
2014-01-08 00:00:00+09:00,832.0755026681084,832.0755026681084,824.302555356707,829.1143798828125,8800,0.0,0.0
2014-01-09 00:00:00+09:00,829.1142446748878,829.4843849626891,814.3086331628363,825.412841796875,18200,0.0,0.0
2014-01-10 00:00:00+09:00,822.0816590850762,831.7053075030014,820.6010977900108,830.9650268554688,21000,0.0,0.0
2014-01-14 00:00:00+09:00,830.5948207404024,832.815662507088,821.7114536736601,826.1531372070312,24000,0.0,0.0
2014-01-15 00:00:00+09:00,835.4067403709374,835.4067403709374,828.3740739699415,832.4456176757812,23400,0.0,0.0
2014-01-16 00:00:00+09:00,836.1470505959502,839.848454095711,831.7053663962373,833.9262084960938,28400,0.0,0.0
2014-01-17 00:00:00+09:00,835.7769102459741,839.1081733957589,831.7053663962373,833.9262084960938,25200,0.0,0.0
2014-01-20 00:00:00+09:00,833.9262633951533,833.9262633951533,827.6338770313196,832.0755615234375,43200,0.0,0.0
2014-01-21 00:00:00+09:00,832.0754920556142,834.2963341162608,830.5949306818497,833.1859130859375,8000,0.0,0.0
2014-01-22 00:00:00+09:00,830.2246621489419,834.2962052981343,827.2635398586202,831.3350830078125,6400,0.0,0.0
2014-01-23 00:00:00+09:00,837.6274327808242,837.6274327808242,825.0426635742188,825.0426635742188,14800,0.0,0.0
2014-01-24 00:00:00+09:00,824.3024792651776,824.3024792651776,814.308690787333,817.6399536132812,30000,0.0,0.0
2014-01-27 00:00:00+09:00,816.1594790437155,816.1594790437155,799.8733034981719,803.57470703125,33200,0.0,0.0
2014-01-28 00:00:00+09:00,820.9710281623129,823.1918695369629,809.1265408308458,809.8668212890625,33600,0.0,0.0
2014-01-29 00:00:00+09:00,821.7115666946308,827.263671875,817.6400228956935,827.263671875,24400,0.0,0.0
2014-01-30 00:00:00+09:00,820.9713451795569,826.8935911321597,815.7893799710295,819.4907836914062,33200,0.0,0.0
2014-01-31 00:00:00+09:00,822.4517277416543,826.1531306567833,810.6072384132417,824.3024291992188,30000,0.0,0.0
2014-02-03 00:00:00+09:00,821.3412552615162,821.3412552615162,806.53564453125,806.53564453125,16800,0.0,0.0
2014-02-04 00:00:00+09:00,806.5357706084937,806.5357706084937,777.6648251713838,800.613525390625,62000,0.0,0.0
2014-02-05 00:00:00+09:00,806.1655874695789,819.8607788085938,805.795447163119,819.8607788085938,50800,0.0,0.0
2014-02-06 00:00:00+09:00,817.6399406790463,817.6399406790463,809.4968538999883,813.9385375976562,27600,0.0,0.0
2014-02-07 00:00:00+09:00,819.8606864994525,821.711387823379,809.496759085464,821.3412475585938,29200,0.0,0.0
2014-02-10 00:00:00+09:00,821.3413400344332,825.4128834054917,814.3086742116958,819.8607788085938,14200,0.0,0.0
2014-02-12 00:00:00+09:00,820.6009736918717,825.4127971731501,820.6009736918717,823.1919555664062,12200,0.0,0.0
2014-02-13 00:00:00+09:00,827.2636316353737,827.6337719627273,819.1205444335938,819.1205444335938,10200,0.0,0.0
2014-02-14 00:00:00+09:00,819.1204520411786,822.4517146116127,815.4190491851408,820.6010131835938,12000,0.0,0.0
2014-02-17 00:00:00+09:00,827.2635398586202,836.1469067295853,824.3024175682986,831.3350830078125,17800,0.0,0.0
2014-02-18 00:00:00+09:00,835.7768933489133,836.1470336914062,829.1143671840416,836.1470336914062,31000,0.0,0.0
2014-02-19 00:00:00+09:00,842.0691559954388,856.8747675294245,840.5885948420402,849.8421020507812,38800,0.0,0.0
2014-02-20 00:00:00+09:00,860.5761453955396,862.7969870610764,842.8094120712445,853.17333984375,63000,0.0,0.0
2014-02-21 00:00:00+09:00,856.5046755732322,870.9401476334552,856.5046755732322,870.5700073242188,32600,0.0,0.0
2014-02-24 00:00:00+09:00,870.5701191958547,880.5639088294806,856.5047856374183,863.9075927734375,21000,0.0,0.0
2014-02-25 00:00:00+09:00,875.7519716535295,875.7519716535295,866.1283236133809,870.5700073242188,19800,0.0,0.0
2014-02-26 00:00:00+09:00,855.7644903533045,869.4596833217614,855.7644903533045,863.1672973632812,4800,0.0,0.0
2014-02-27 00:00:00+09:00,855.0241972063246,865.7582672145426,844.6602675432177,859.4658813476562,15000,0.0,0.0
2014-02-28 00:00:00+09:00,866.1283480183462,866.1283480183462,849.8421739530439,856.5046997070312,12000,0.0,0.0
2014-03-03 00:00:00+09:00,862.0567831197342,862.0567831197342,818.0100861720105,853.9136962890625,15400,0.0,0.0
2014-03-04 00:00:00+09:00,853.5435522492467,862.0567793532072,847.2511669984933,859.8359375,12600,0.0,0.0
2014-03-05 00:00:00+09:00,861.3164810047979,861.3164810047979,847.6212898586107,851.3226928710938,9200,0.0,0.0
2014-03-06 00:00:00+09:00,861.6867488955091,861.6867488955091,846.5109942972634,856.1346435546875,8600,0.0,0.0
2014-03-07 00:00:00+09:00,856.8748150290573,863.5373405886785,852.0629910137753,859.8359375,11600,0.0,0.0
2014-03-10 00:00:00+09:00,856.8749489847601,869.8298618203828,855.3943875178318,863.5374755859375,8400,0.0,0.0
2014-03-11 00:00:00+09:00,869.8299580532536,869.8299580532536,853.173639707553,859.0958862304688,12600,0.0,0.0
2014-03-12 00:00:00+09:00,858.3554839289001,858.3554839289001,847.2512732700527,848.3616943359375,9000,0.0,0.0
2014-03-13 00:00:00+09:00,848.3615457263019,858.725473859084,839.4781787553459,854.6539306640625,13200,0.0,0.0
2014-03-14 00:00:00+09:00,856.504748186384,856.504748186384,841.3289942211109,842.0692749023438,51800,0.0,0.0
2014-03-17 00:00:00+09:00,845.7705407870587,848.3615227500825,835.0364726545315,841.328857421875,17800,0.0,0.0
2014-03-18 00:00:00+09:00,851.3227313782525,865.3880634618931,847.621328198347,862.4269409179688,19200,0.0,0.0
2014-03-19 00:00:00+09:00,867.6091156071601,867.6091156071601,855.3944821536463,859.0958862304688,19000,0.0,0.0
2014-03-20 00:00:00+09:00,866.1284036521963,866.1284036521963,832.8157727424964,833.1859130859375,62200,0.0,0.0
2014-03-24 00:00:00+09:00,850.5825254463209,867.2388412187684,847.6214026423302,863.1672973632812,30000,0.0,0.0
2014-03-25 00:00:00+09:00,866.1282430900995,867.9789444642237,860.5761389677272,865.017822265625,31000,0.0,0.0
2014-03-26 00:00:00+09:00,866.4984556420848,879.0832260358612,864.6477541135881,871.680419921875,41600,0.0,0.0
2014-03-27 00:00:00+09:00,884.8878099776235,903.378003021932,868.6617222040466,898.8497924804688,24800,22.5,0.0
2014-03-28 00:00:00+09:00,901.1137931807802,904.8873015274335,890.9253206448167,903.7552490234375,28200,0.0,0.0
2014-03-31 00:00:00+09:00,905.6421616498161,923.7550048828125,901.8686526429419,923.7550048828125,30200,0.0,0.0
2014-04-01 00:00:00+09:00,924.1323329415881,932.0567016601562,912.8118062007765,932.0567016601562,37600,0.0,0.0
2014-04-02 00:00:00+09:00,932.0563860489407,954.6974318638947,928.282878413115,949.0371704101562,47000,0.0,0.0
2014-04-03 00:00:00+09:00,949.0371704101562,952.8106780459818,926.3961245952022,949.0371704101562,28000,0.0,0.0
2014-04-04 00:00:00+09:00,949.0375428015647,960.735421062737,944.509331861756,957.7166137695312,17200,0.0,0.0
2014-04-07 00:00:00+09:00,940.735713715834,961.4900114512415,926.396380735007,942.2451171875,17800,0.0,0.0
2014-04-08 00:00:00+09:00,939.6035329577992,943.3770411222883,926.7736051985361,932.8112182617188,13400,0.0,0.0
2014-04-09 00:00:00+09:00,924.5095147026909,924.5095147026909,903.0005178300161,903.3778686523438,23000,0.0,0.0
2014-04-10 00:00:00+09:00,903.3779794921875,920.7361194490131,896.2083129882812,896.2083129882812,14200,0.0,0.0
2014-04-11 00:00:00+09:00,886.7745160452928,901.8685503609573,883.0010074663766,894.321533203125,11400,0.0,0.0
2014-04-14 00:00:00+09:00,895.4535697943408,907.1514461801918,894.3215172408712,900.359130859375,6200,0.0,0.0
2014-04-15 00:00:00+09:00,901.1139380512984,913.5665175972334,900.7365871559671,906.3968505859375,9800,0.0,0.0
2014-04-16 00:00:00+09:00,919.6039668905855,933.9432983398438,917.7172127525253,933.9432983398438,18400,0.0,0.0
2014-04-17 00:00:00+09:00,942.9998712246946,942.9998712246946,926.3964321154963,934.32080078125,9600,0.0,0.0
2014-04-18 00:00:00+09:00,942.6225437466962,942.6225437466962,929.7926132073097,936.9622802734375,25800,0.0,0.0
2014-04-21 00:00:00+09:00,931.3018130747271,935.0753212314319,919.6039377889425,933.56591796875,32000,0.0,0.0
2014-04-22 00:00:00+09:00,926.7736799305341,928.283083318043,915.0758036773392,915.8305053710938,8200,0.0,0.0
2014-04-23 00:00:00+09:00,934.3207966466103,939.2263581798923,932.0566913235572,935.8302001953125,10800,0.0,0.0
2014-04-24 00:00:00+09:00,939.603719487364,939.603719487364,930.1699472033542,932.0567016601562,4000,0.0,0.0
2014-04-25 00:00:00+09:00,937.716982069872,938.0943329680892,921.8682443447474,936.9622802734375,12200,0.0,0.0
2014-04-28 00:00:00+09:00,939.2265070315681,939.2265070315681,910.1704841141592,926.77392578125,8600,0.0,0.0
2014-04-30 00:00:00+09:00,928.2830950283945,928.2830950283945,914.6984643694425,923.0001831054688,5400,0.0,0.0
2014-05-01 00:00:00+09:00,923.0001633049314,933.5659869241211,923.0001633049314,930.5471801757812,5400,0.0,0.0
2014-05-02 00:00:00+09:00,934.6981578996789,934.6981578996789,906.0194901562895,932.0567016601562,3400,0.0,0.0
2014-05-07 00:00:00+09:00,930.9245110624024,930.9245110624024,887.5291649853144,891.3026733398438,19800,0.0,0.0
2014-05-08 00:00:00+09:00,898.0950417820411,898.4723926399328,893.1894806294501,894.321533203125,4800,0.0,0.0
2014-05-09 00:00:00+09:00,894.3215606728035,908.2835428436447,894.3215606728035,895.45361328125,2600,0.0,0.0
2014-05-12 00:00:00+09:00,892.8120766816555,904.1326017452437,891.3026733398438,891.3026733398438,9400,0.0,0.0
2014-05-13 00:00:00+09:00,893.5667862547791,893.5667862547791,884.1330152850285,888.2838745117188,9000,0.0,0.0
2014-05-14 00:00:00+09:00,893.9440047383856,904.5098266601562,891.3025492579429,904.5098266601562,5600,0.0,0.0
2014-05-15 00:00:00+09:00,892.8119690274932,898.0948800868275,891.3025658676834,897.717529296875,11000,0.0,0.0
2014-05-16 00:00:00+09:00,901.1138681718553,902.6232716361297,898.472412109375,898.472412109375,20000,0.0,0.0
2014-05-19 00:00:00+09:00,909.038160708752,909.038160708752,898.4723373381231,903.7552490234375,15800,0.0,0.0
2014-05-20 00:00:00+09:00,898.0950724283854,898.0950724283854,883.0010375976562,883.0010375976562,41400,0.0,0.0
2014-05-21 00:00:00+09:00,875.4539029892177,882.2462177537892,875.4539029892177,881.4915161132812,7600,0.0,0.0
2014-05-22 00:00:00+09:00,881.1142822420079,895.4536153148971,878.0954752792944,894.6989135742188,6800,0.0,0.0
2014-05-23 00:00:00+09:00,894.698876049661,898.0950337402754,889.7933149409955,897.34033203125,10200,0.0,0.0
2014-05-26 00:00:00+09:00,894.6990019139081,913.1891963861905,894.6990019139081,906.7742309570312,14400,0.0,0.0
2014-05-27 00:00:00+09:00,913.9436979826052,916.2078029321905,905.6419798341257,912.8116455078125,6400,0.0,0.0
2014-05-28 00:00:00+09:00,912.8116112760499,916.9624701946263,901.1137361418797,902.2457885742188,6400,0.0,0.0
2014-05-29 00:00:00+09:00,898.0949609987905,908.6607840693646,897.7176101748415,901.8684692382812,1600,0.0,0.0
2014-05-30 00:00:00+09:00,901.8685240366353,915.8305053710938,901.8685240366353,915.8305053710938,6200,0.0,0.0
2014-06-02 00:00:00+09:00,915.8304719147859,918.0945769133391,902.2458419234664,916.9625244140625,6200,0.0,0.0
2014-06-03 00:00:00+09:00,916.9625599025451,917.7172615979381,913.1890514255799,915.0758056640625,5400,0.0,0.0
2014-06-04 00:00:00+09:00,907.5287417107626,910.5475483359958,907.5287417107626,909.7928466796875,1400,0.0,0.0
2014-06-05 00:00:00+09:00,913.1891963861905,913.1891963861905,898.4725109898841,906.7742309570312,10200,0.0,0.0
2014-06-06 00:00:00+09:00,918.4718036149677,918.4718036149677,904.1324738954243,917.7171020507812,7200,0.0,0.0
2014-06-09 00:00:00+09:00,917.7173413481512,917.7173413481512,900.359200845678,908.2835693359375,3400,0.0,0.0
2014-06-10 00:00:00+09:00,908.2834867170395,915.0758019479937,902.6232240245778,904.8873291015625,17800,0.0,0.0
2014-06-11 00:00:00+09:00,905.6421616498161,924.5097066841873,905.6421616498161,923.7550048828125,13200,0.0,0.0
2014-06-12 00:00:00+09:00,912.4342773337319,919.6039428710938,912.4342773337319,919.6039428710938,11800,0.0,0.0
2014-06-13 00:00:00+09:00,913.1889515032804,921.8680200506255,913.1889515032804,918.4718627929688,31600,0.0,0.0
2014-06-16 00:00:00+09:00,919.6039133056239,926.7735786124795,917.3398084718801,919.2265625,16200,0.0,0.0
2014-06-17 00:00:00+09:00,928.2831824518018,937.3396037440147,928.2831824518018,935.8302001953125,16000,0.0,0.0
2014-06-18 00:00:00+09:00,939.2262593120947,939.2262593120947,934.3206982951975,938.4715576171875,16800,0.0,0.0
2014-06-19 00:00:00+09:00,939.2263478474445,939.6036987304688,935.4528390172017,939.6036987304688,30000,0.0,0.0
2014-06-20 00:00:00+09:00,939.2263519704485,939.2263519704485,933.1887378155561,938.0942993164062,47000,0.0,0.0
2014-06-23 00:00:00+09:00,938.0943582418264,939.6037618753612,936.9623055166754,938.8490600585938,17400,0.0,0.0
2014-06-24 00:00:00+09:00,938.4715516679123,940.7356567382812,933.9433415271745,940.7356567382812,42200,0.0,0.0
2014-06-25 00:00:00+09:00,932.056587301867,940.7356567382812,932.056587301867,940.7356567382812,45600,0.0,0.0
2014-06-26 00:00:00+09:00,946.7732017495175,946.7732017495175,911.3022248804642,919.6039428710938,105200,0.0,0.0
2014-06-27 00:00:00+09:00,909.4154291622491,920.3586023762347,902.6231147535684,912.056884765625,19400,0.0,0.0
2014-06-30 00:00:00+09:00,912.0570025047315,929.0377907185142,905.6420380684135,925.2642822265625,18200,0.0,0.0
2014-07-01 00:00:00+09:00,934.6981058813682,944.8865793810844,921.1134745484134,939.9810180664062,22000,0.0,0.0
2014-07-02 00:00:00+09:00,939.9809512643435,939.9809512643435,929.0377768016114,930.5471801757812,6400,0.0,0.0
2014-07-03 00:00:00+09:00,922.6228981527516,934.3207753890442,922.6228981527516,932.4340209960938,3200,0.0,0.0
2014-07-04 00:00:00+09:00,942.2449886729415,942.2449886729415,932.8112182617186,932.8112182617188,11600,0.0,0.0
2014-07-07 00:00:00+09:00,933.188590858887,940.3582565387571,930.1697842568364,936.2073974609375,11800,0.0,0.0
2014-07-08 00:00:00+09:00,936.9619899420396,942.999602442673,928.6602727536688,930.9243774414062,10200,0.0,0.0
2014-07-09 00:00:00+09:00,921.8682275934258,935.4528596823997,921.8682275934258,932.0567016601562,7600,0.0,0.0
2014-07-10 00:00:00+09:00,939.6037132250858,942.9998712246946,927.1511338931872,934.32080078125,15600,0.0,0.0
2014-07-11 00:00:00+09:00,929.0378630887831,933.566073631864,929.0378630887831,932.4340209960938,6200,0.0,0.0
2014-07-14 00:00:00+09:00,932.4340360461946,939.6037028551293,932.4340360461946,938.0942993164062,3200,0.0,0.0
2014-07-15 00:00:00+09:00,933.9432354073492,942.6223038575994,924.5094653527295,934.6979370117188,14200,0.0,0.0
2014-07-16 00:00:00+09:00,939.981049613493,939.981049613493,935.4528390172017,939.6036987304688,7000,0.0,0.0
2014-07-17 00:00:00+09:00,941.4903564453125,942.2450581338459,938.4715496911792,941.4903564453125,5800,0.0,0.0
2014-07-18 00:00:00+09:00,940.7356409991913,940.7356409991913,930.1698175142426,935.0753784179688,22600,0.0,0.0
2014-07-22 00:00:00+09:00,939.6036101595485,939.9809610070021,932.811294905383,938.4715576171875,41000,0.0,0.0
2014-07-23 00:00:00+09:00,938.4716880585985,941.8678461577249,935.452880859375,935.452880859375,2600,0.0,0.0
2014-07-24 00:00:00+09:00,935.4528451818198,938.8490031514191,929.7925818991546,937.339599609375,3400,0.0,0.0
2014-07-25 00:00:00+09:00,942.6225691424306,942.6225691424306,930.5473400741529,938.8490600585938,7400,0.0,0.0
2014-07-28 00:00:00+09:00,926.7737830043417,942.2451694470038,926.7737830043417,934.32080078125,4800,0.0,0.0
2014-07-29 00:00:00+09:00,926.7736326152146,935.0753508226799,926.7736326152146,933.9432983398438,4200,0.0,0.0
2014-07-30 00:00:00+09:00,933.1885671530795,933.9432687844204,928.2830065493633,933.56591796875,11000,0.0,0.0
2014-07-31 00:00:00+09:00,935.8300761577106,939.6035845293143,935.8300761577106,936.5847778320312,8000,0.0,0.0
2014-08-01 00:00:00+09:00,924.5098025593536,926.7739081982745,908.6610630869076,911.6798706054688,9600,0.0,0.0
2014-08-04 00:00:00+09:00,906.0195291418361,916.9627054621665,906.0195291418361,906.7742309570312,7400,0.0,0.0
2014-08-05 00:00:00+09:00,907.9061940360904,911.3023518691431,894.6989135742188,894.6989135742188,14200,0.0,0.0
2014-08-06 00:00:00+09:00,893.1894976336331,894.3215502288596,875.8313578401617,876.5860595703125,19800,0.0,0.0
2014-08-07 00:00:00+09:00,872.0576782226562,875.4538353425195,868.2841703116972,872.0576782226562,11000,0.0,0.0
2014-08-08 00:00:00+09:00,872.0577543548477,872.4351051788869,853.5675639769214,854.322265625,17000,0.0,0.0
2014-08-11 00:00:00+09:00,864.1333560744229,867.9068641795513,855.4542874326273,866.3974609375,15600,0.0,0.0
2014-08-12 00:00:00+09:00,868.2843305618019,883.0010141306459,860.3599624862704,880.3595581054688,16600,0.0,0.0
2014-08-13 00:00:00+09:00,876.5860809012097,895.830975488365,876.5860809012097,879.9822387695312,4600,0.0,0.0
2014-08-14 00:00:00+09:00,882.6237188803183,897.3404033763989,882.6237188803183,893.56689453125,7000,0.0,0.0
2014-08-15 00:00:00+09:00,898.0950714072715,901.113878369985,889.0386505191309,894.6989135742188,8600,0.0,0.0
2014-08-18 00:00:00+09:00,901.8685342640009,905.6420427755659,898.0950257524361,900.359130859375,11400,0.0,0.0
2014-08-19 00:00:00+09:00,905.6420367697011,906.3967384670092,898.8497214939283,902.6232299804688,16800,0.0,0.0
2014-08-20 00:00:00+09:00,902.623186530842,902.623186530842,882.2462416844099,895.8308715820312,45600,0.0,0.0
2014-08-21 00:00:00+09:00,892.0573750107496,903.0005492388849,887.1518141498615,891.3026733398438,10400,0.0,0.0
2014-08-22 00:00:00+09:00,901.1137710862859,901.1137710862859,885.2650364189391,888.6611938476562,12200,0.0,0.0
2014-08-25 00:00:00+09:00,895.8309495611974,895.8309495611974,876.963406394365,878.095458984375,16400,0.0,0.0
2014-08-26 00:00:00+09:00,878.0954732074399,887.5292449436608,871.6805084268098,872.8125610351562,8800,0.0,0.0
2014-08-27 00:00:00+09:00,872.8125509195579,881.8689716813691,872.8125509195579,876.5860595703125,5000,0.0,0.0
2014-08-28 00:00:00+09:00,875.4540069750861,878.0954630306144,874.3219543798598,876.5860595703125,6200,0.0,0.0
2014-08-29 00:00:00+09:00,874.3219776857565,879.2275390625,874.3219776857565,879.2275390625,4400,0.0,0.0
2014-09-01 00:00:00+09:00,876.5860809012097,881.1142913923051,876.5860809012097,879.9822387695312,5800,0.0,0.0
2014-09-02 00:00:00+09:00,879.9821051379519,886.3970690261788,877.3406494192702,884.5103149414062,10400,0.0,0.0
2014-09-03 00:00:00+09:00,886.7744691910283,889.0385742187501,876.5859965662803,889.03857421875,12200,0.0,0.0
2014-09-04 00:00:00+09:00,884.8876103384051,884.8876103384051,879.9820500252285,882.2461547851562,9000,0.0,0.0
2014-09-05 00:00:00+09:00,887.1517706600879,887.1517706600879,881.1141575888155,884.5103149414062,10400,0.0,0.0
2014-09-08 00:00:00+09:00,886.7744731254318,890.5479815217102,881.8689122102699,887.5291748046875,11000,0.0,0.0
2014-09-09 00:00:00+09:00,887.5292277707892,893.1894907030008,883.3783682871673,890.5480346679688,7800,0.0,0.0
2014-09-10 00:00:00+09:00,890.9254825242664,911.3024312986461,888.2840262016616,910.5477294921875,20600,0.0,0.0
2014-09-11 00:00:00+09:00,909.4154643854296,912.8116217213088,899.226992377792,910.170166015625,11200,0.0,0.0
2014-09-12 00:00:00+09:00,916.585199314822,916.585199314822,903.37791978579,907.1514282226562,45600,0.0,0.0
2014-09-16 00:00:00+09:00,904.1325741819757,904.5099250059247,897.3402593508924,901.8684692382812,12200,0.0,0.0
2014-09-17 00:00:00+09:00,907.5287057168829,907.9060565300708,899.981689453125,899.981689453125,9200,0.0,0.0
2014-09-18 00:00:00+09:00,904.8875536887061,912.0572215452888,902.6234480497852,911.6798706054688,22400,0.0,0.0
2014-09-19 00:00:00+09:00,917.340037317918,919.2267918167208,906.0195103251012,913.5665283203125,30000,0.0,0.0
2014-09-22 00:00:00+09:00,918.0945215508489,918.0945215508489,909.7928037234265,914.6983642578125,44600,0.0,0.0
2014-09-24 00:00:00+09:00,909.7928086573677,909.7928086573677,896.2081794115505,900.7363891601562,31400,0.0,0.0
2014-09-25 00:00:00+09:00,908.2835103056782,908.2835103056782,901.8685457542879,907.52880859375,80800,0.0,0.0
2014-09-26 00:00:00+09:00,900.7365994871496,901.1139503876469,881.8690544622826,890.9254760742188,20800,0.0,0.0
2014-09-29 00:00:00+09:00,890.9252433143508,894.6987513334714,884.887630483758,886.3970336914062,11000,0.0,0.0
2014-09-30 00:00:00+09:00,888.6613512347351,888.6613512347351,873.9446664372172,875.8314208984375,23800,0.0,0.0
2014-10-01 00:00:00+09:00,880.7367220720676,885.6422822207122,876.5858634847527,881.8687744140625,9600,0.0,0.0
2014-10-02 00:00:00+09:00,881.8687763760962,881.8687763760962,868.2841482419329,868.6614990234375,19000,0.0,0.0
2014-10-03 00:00:00+09:00,868.2843272464748,879.2275021661393,868.2843272464748,870.1710815429688,9400,0.0,0.0
2014-10-06 00:00:00+09:00,871.6805426184568,886.7745779884733,871.6805426184568,882.6237182617188,9000,0.0,0.0
2014-10-07 00:00:00+09:00,882.6236512141442,905.6420534048507,880.7368969362174,884.8877563476562,41200,0.0,0.0
2014-10-08 00:00:00+09:00,879.9822306315103,889.7933532714843,878.4728271484374,883.0010375976562,23400,0.0,0.0
2014-10-09 00:00:00+09:00,878.0953801187237,885.2650458781804,869.4163110414867,873.1898193359375,24400,0.0,0.0
2014-10-10 00:00:00+09:00,867.9068497996312,870.5483054294561,856.58632567181,859.9824829101562,28400,0.0,0.0
2014-10-14 00:00:00+09:00,854.6997975335117,866.0203246531609,854.3224466295234,855.0771484375,21600,0.0,0.0
2014-10-15 00:00:00+09:00,857.718638208732,865.265656582764,856.9639363713289,864.8883056640625,21000,0.0,0.0
2014-10-16 00:00:00+09:00,860.7372593894437,860.7372593894437,851.6808392994188,854.6996459960938,24600,0.0,0.0
2014-10-17 00:00:00+09:00,864.1335209302385,864.1335209302385,840.7377662150968,850.5488891601562,32600,0.0,0.0
2014-10-20 00:00:00+09:00,864.5108408485319,867.5296478004254,853.9450165169043,861.869384765625,45800,0.0,0.0
2014-10-21 00:00:00+09:00,856.9638901740617,860.7373991576552,843.0019069347661,848.6621704101562,24000,0.0,0.0
2014-10-22 00:00:00+09:00,855.4543613764824,862.6240273959589,855.4543613764824,861.1146240234375,11800,0.0,0.0
2014-10-23 00:00:00+09:00,856.9638562380314,868.6617336239315,849.794189453125,849.794189453125,17200,0.0,0.0
2014-10-24 00:00:00+09:00,864.1332730258663,864.8879745743604,854.3221528954416,863.001220703125,15400,0.0,0.0
2014-10-27 00:00:00+09:00,863.0012373008695,873.5670591829964,863.0012373008695,868.6614990234375,27600,0.0,0.0
2014-10-28 00:00:00+09:00,861.8694142548209,870.1711336565749,860.7373616091271,862.2467651367188,12200,0.0,0.0
2014-10-29 00:00:00+09:00,863.7559659124134,882.6235055784774,863.7559659124134,882.2461547851562,18200,0.0,0.0
2014-10-30 00:00:00+09:00,877.7179452653008,896.5854849313649,877.3405944719796,882.2461547851562,79000,0.0,0.0
2014-10-31 00:00:00+09:00,898.4723785963635,899.9817820043371,887.9065547405473,899.6044311523438,36600,0.0,0.0
2014-11-04 00:00:00+09:00,905.6420691538666,912.811735534668,890.5480346679688,890.5480346679688,28600,0.0,0.0
2014-11-05 00:00:00+09:00,900.7365931521804,905.264803926301,893.1895751953125,893.1895751953125,16200,0.0,0.0
2014-11-06 00:00:00+09:00,912.0571665433451,932.8114669818574,907.5289555385789,920.35888671875,39800,0.0,0.0
2014-11-07 00:00:00+09:00,918.0947207260749,932.8114055219306,918.0947207260749,931.302001953125,14400,0.0,0.0
2014-11-10 00:00:00+09:00,920.7361647082913,936.9622528568391,920.7361647082913,935.8302001953125,12000,0.0,0.0
2014-11-11 00:00:00+09:00,936.584756088411,936.584756088411,926.0189328932155,933.1885986328125,9400,0.0,0.0
2014-11-12 00:00:00+09:00,935.4526739768611,935.4526739768611,927.150956014985,932.8112182617188,14600,0.0,0.0
2014-11-13 00:00:00+09:00,930.9244622590567,933.56591796875,922.6227443143063,933.56591796875,6000,0.0,0.0
2014-11-14 00:00:00+09:00,934.6979723439632,934.6979723439632,925.2642019327404,932.8112182617188,29000,0.0,0.0
2014-11-17 00:00:00+09:00,932.8112575888779,932.8112575888779,926.0189426064346,929.4151000976562,10400,0.0,0.0
2014-11-18 00:00:00+09:00,935.0753508226799,935.0753508226799,932.0565442017835,933.9432983398438,16000,0.0,0.0
2014-11-19 00:00:00+09:00,935.0753645542335,935.0753645542335,924.509541225937,928.660400390625,20400,0.0,0.0
2014-11-20 00:00:00+09:00,928.660493991266,928.660493991266,907.1514943336057,916.5852661132812,34400,0.0,0.0
2014-11-21 00:00:00+09:00,910.9249013932025,922.6227770946066,910.1701997350474,920.7360229492188,8400,0.0,0.0
2014-11-25 00:00:00+09:00,927.90557520122,927.90557520122,902.245721962634,904.5098266601562,19800,0.0,0.0
2014-11-26 00:00:00+09:00,893.9440809664244,916.5851298722857,893.9440809664244,910.170166015625,18400,0.0,0.0
2014-11-27 00:00:00+09:00,901.4910371963996,907.9060006255911,892.4346182375408,897.717529296875,16400,0.0,0.0
2014-11-28 00:00:00+09:00,891.3026047317142,918.4718627929688,891.3026047317142,918.4718627929688,18800,0.0,0.0
2014-12-01 00:00:00+09:00,909.0381251525878,914.3210366312662,900.7364071146646,905.6419677734375,10400,0.0,0.0
2014-12-02 00:00:00+09:00,905.6419505079093,916.5851240765465,901.8684423807931,912.4342651367188,10000,0.0,0.0
2014-12-03 00:00:00+09:00,916.962663523252,922.245575987995,910.5476983874926,921.8682250976562,10000,0.0,0.0
2014-12-04 00:00:00+09:00,923.3774885766301,923.7548394097222,909.0381569191262,916.9625244140625,9800,0.0,0.0
2014-12-05 00:00:00+09:00,916.5851324910466,922.2453947336837,913.56632596164,921.1133422851562,7000,0.0,0.0
2014-12-08 00:00:00+09:00,924.132330439689,924.132330439689,917.7173653039296,921.8682250976562,8600,0.0,0.0
2014-12-09 00:00:00+09:00,921.8681189211297,921.8681189211297,915.4531545242165,915.8305053710938,9400,0.0,0.0
2014-12-10 00:00:00+09:00,915.8304052493842,924.5094737787356,914.3210020268883,919.2265625,17000,0.0,0.0
2014-12-11 00:00:00+09:00,920.3587271440058,931.6792526931326,915.07581522108,923.0001831054688,39400,0.0,0.0
2014-12-12 00:00:00+09:00,922.6227770946066,934.6980036250881,920.7360229492188,920.7360229492188,35600,0.0,0.0
2014-12-15 00:00:00+09:00,920.7362376358138,922.2456413040693,918.8494830504945,920.35888671875,9600,0.0,0.0
2014-12-16 00:00:00+09:00,908.6609559579257,915.8306229692216,906.3968505859375,906.3968505859375,12800,0.0,0.0
2014-12-17 00:00:00+09:00,915.8304497243969,915.8304497243969,899.9817151185359,901.8684692382812,36000,0.0,0.0
2014-12-18 00:00:00+09:00,920.7358561735523,920.7358561735523,913.9435424804686,913.9435424804688,14400,0.0,0.0
2014-12-19 00:00:00+09:00,924.1322161885546,924.1322161885546,882.2462725393387,907.1514282226562,44600,0.0,0.0
2014-12-22 00:00:00+09:00,905.2646266538229,909.7928365412117,886.7744362803184,901.8684692382812,72400,0.0,0.0
2014-12-24 00:00:00+09:00,910.9249546917566,910.9249546917566,884.8877459619591,900.359130859375,26200,0.0,0.0
2014-12-25 00:00:00+09:00,899.981711251395,903.3778686523438,895.8308522057912,903.3778686523438,14000,0.0,0.0
2014-12-26 00:00:00+09:00,903.3778981887722,904.5099506927681,899.604389842119,903.7552490234375,7800,0.0,0.0
2014-12-29 00:00:00+09:00,910.9250529815547,910.9250529815547,900.7365789009823,909.4156494140625,7000,0.0,0.0
2014-12-30 00:00:00+09:00,909.4156219774031,910.1703237383803,904.8874114115406,908.2835693359375,6400,0.0,0.0
2015-01-05 00:00:00+09:00,908.6607570096024,916.9624748892583,908.6607570096024,912.4342651367188,9200,0.0,0.0
2015-01-06 00:00:00+09:00,905.2645469861317,911.6795104287179,895.0760756361419,896.9628295898438,14800,0.0,0.0
2015-01-07 00:00:00+09:00,891.3029131466116,917.7174787352071,891.3029131466116,892.8123168945312,11000,0.0,0.0
2015-01-08 00:00:00+09:00,896.9629965757059,903.7553120735446,896.9629965757059,903.0006103515625,5600,0.0,0.0
2015-01-09 00:00:00+09:00,904.5100605310521,910.5476746188688,899.9818499651894,908.2835693359375,18800,0.0,0.0
2015-01-13 00:00:00+09:00,905.641977477772,905.641977477772,895.453505231147,901.8684692382812,9600,0.0,0.0
2015-01-14 00:00:00+09:00,905.6419516509434,905.6419516509434,895.8308305080582,899.981689453125,9600,0.0,0.0
2015-01-15 00:00:00+09:00,906.396622758391,913.1889371670718,905.6419211574265,912.056884765625,9000,0.0,0.0
2015-01-16 00:00:00+09:00,912.0569200911134,912.0569200911134,907.5287103099412,910.170166015625,23000,0.0,0.0
2015-01-19 00:00:00+09:00,910.1703785889583,915.0759403309386,909.0383258792705,910.5477294921875,20200,0.0,0.0
2015-01-20 00:00:00+09:00,921.1134248694594,924.5095825195312,919.2266706194196,924.5095825195312,40800,0.0,0.0
2015-01-21 00:00:00+09:00,919.2267813327528,924.1323429736912,916.2079741690984,917.3400268554688,8600,0.0,0.0
2015-01-22 00:00:00+09:00,917.3397512686879,917.7171020507812,913.1888926656623,917.7171020507812,7400,0.0,0.0
2015-01-23 00:00:00+09:00,920.7361662285628,924.13232421875,915.4532537993824,924.13232421875,8600,0.0,0.0
2015-01-26 00:00:00+09:00,923.7546700998672,924.1320208637969,914.3209010016251,923.3773193359375,10800,0.0,0.0
2015-01-27 00:00:00+09:00,924.5098200993739,928.2833295691673,919.9816087356219,926.77392578125,9000,0.0,0.0
2015-01-28 00:00:00+09:00,924.509635410045,928.2831441260043,915.8305653633385,927.5284423828125,7600,0.0,0.0
2015-01-29 00:00:00+09:00,926.3964483464318,927.1511501373454,916.2079741690984,917.3400268554688,7600,0.0,0.0
2015-01-30 00:00:00+09:00,917.3400667238022,930.5473486387891,917.3400667238022,924.8870849609375,11600,0.0,0.0
2015-02-02 00:00:00+09:00,924.1323958893886,926.3965013917717,915.8306757139837,920.35888671875,8400,0.0,0.0
2015-02-03 00:00:00+09:00,921.1133039771993,921.4906547776815,907.5286751598378,912.056884765625,16600,0.0,0.0
2015-02-04 00:00:00+09:00,923.377653982125,929.4152683931238,916.9626886704389,923.7550048828125,15400,0.0,0.0
2015-02-05 00:00:00+09:00,927.5285413439349,927.5285413439349,921.8682776660834,924.8870849609375,7400,0.0,0.0
2015-02-06 00:00:00+09:00,910.9250804704296,925.6417656975824,910.9250804704296,921.4909057617188,8200,0.0,0.0
2015-02-09 00:00:00+09:00,924.509537331231,930.924501467815,924.509537331231,930.1697998046875,5800,0.0,0.0
2015-02-10 00:00:00+09:00,930.9244622590567,935.8300228627728,927.1509541023519,933.56591796875,9600,0.0,0.0
2015-02-12 00:00:00+09:00,933.5659276293469,937.3394358251002,925.2642095986898,929.7924194335938,18800,0.0,0.0
2015-02-13 00:00:00+09:00,931.3019683603236,933.9434245104542,930.1699157245533,932.4340209960938,14200,0.0,0.0
2015-02-16 00:00:00+09:00,934.3206196000909,938.0941277567956,932.4338655217385,933.56591796875,23400,0.0,0.0
2015-02-17 00:00:00+09:00,933.5659966002903,938.4715576171875,933.5659966002903,938.4715576171875,11600,0.0,0.0
2015-02-18 00:00:00+09:00,939.6034013205921,950.923924228069,939.6034013205921,949.0371704101562,25800,0.0,0.0
2015-02-19 00:00:00+09:00,947.1507088676666,954.6977264682058,944.5092527074779,953.565673828125,24600,0.0,0.0
2015-02-20 00:00:00+09:00,961.8672780713848,962.2446289062501,957.3390680530025,962.24462890625,36200,0.0,0.0
2015-02-23 00:00:00+09:00,962.2445409223972,963.753944123844,944.1317025050344,948.659912109375,12000,0.0,0.0
2015-02-24 00:00:00+09:00,948.6599948443074,953.942906510107,948.6599948443074,952.05615234375,10000,0.0,0.0
2015-02-25 00:00:00+09:00,954.6974653982227,962.2444809349676,954.6974653982227,960.3577270507812,10600,0.0,0.0
2015-02-26 00:00:00+09:00,960.3578495238879,991.3006171706301,958.8484462240468,972.0557250976562,21600,0.0,0.0
2015-02-27 00:00:00+09:00,972.0556621684688,978.0932749769686,968.2821541631564,972.8103637695312,6600,0.0,0.0
2015-03-02 00:00:00+09:00,971.6782503558986,973.5650042400848,959.6030254971068,960.3577270507812,8800,0.0,0.0
2015-03-03 00:00:00+09:00,956.5841594559263,963.7538237674303,942.6221815861554,947.150390625,13000,0.0,0.0
2015-03-04 00:00:00+09:00,950.546642107178,961.8671658321543,942.6222754996945,946.0184326171875,9200,0.0,0.0
2015-03-05 00:00:00+09:00,944.1317729523388,948.2826320660381,943.3770712953026,944.886474609375,6000,0.0,0.0
2015-03-06 00:00:00+09:00,945.2639754863943,962.6221163536096,945.2639754863943,956.9618530273438,10000,0.0,0.0
2015-03-09 00:00:00+09:00,953.1882048435642,955.4523098431927,947.1505915112218,952.05615234375,10000,0.0,0.0
2015-03-10 00:00:00+09:00,952.0561266740796,968.6595628903536,949.4146709123995,950.1693725585938,8200,0.0,0.0
2015-03-11 00:00:00+09:00,947.9054317053184,959.6033092462678,946.7733790400653,956.9618530273438,11000,0.0,0.0
2015-03-12 00:00:00+09:00,962.2447386837675,969.0370544862411,959.6032825383611,966.77294921875,13000,0.0,0.0
2015-03-13 00:00:00+09:00,985.6404499575473,988.2819059872957,973.5652223929832,982.6216430664062,52600,0.0,0.0
2015-03-16 00:00:00+09:00,985.2630300244365,986.0177316943135,978.0933641606049,985.640380859375,7600,0.0,0.0
2015-03-17 00:00:00+09:00,986.7723902529762,996.9608623511905,984.1309345238095,990.5458984375,17400,0.0,0.0
2015-03-18 00:00:00+09:00,997.3379673549107,1007.9037876674107,997.3379673549107,1003.7529296875,26000,0.0,0.0
2015-03-19 00:00:00+09:00,1010.9229106170302,1015.0737698991456,1003.7532445842853,1011.6776123046875,26600,0.0,0.0
2015-03-20 00:00:00+09:00,1015.0738840894036,1015.0738840894036,1009.4136207952248,1014.696533203125,47800,0.0,0.0
2015-03-23 00:00:00+09:00,1011.3003195957305,1029.0358102752077,1011.3003195957305,1024.1302490234375,13000,0.0,0.0
2015-03-24 00:00:00+09:00,1024.130095480116,1025.2621479069549,1018.8471841548687,1024.5074462890625,9400,0.0,0.0
2015-03-25 00:00:00+09:00,1027.5263595468025,1027.5263595468025,1018.4699391908998,1018.8472900390625,11200,0.0,0.0
2015-03-26 00:00:00+09:00,1018.0927015805075,1018.0927015805075,1006.0174730962317,1010.9230346679688,14400,0.0,0.0
2015-03-27 00:00:00+09:00,1029.8007101148423,1035.5796142120075,1019.3986827399449,1026.7186279296875,38200,27.5,0.0
2015-03-30 00:00:00+09:00,1033.2678348370453,1037.8909571405668,1030.5710134933245,1032.497314453125,17600,0.0,0.0
2015-03-31 00:00:00+09:00,1048.678491400895,1057.5394779189774,1032.4975594983096,1039.8175048828125,15200,0.0,0.0
2015-04-01 00:00:00+09:00,1038.6617879700864,1040.9733498127498,1020.9398138430004,1035.9649658203125,17000,0.0,0.0
2015-04-02 00:00:00+09:00,1044.0552645267294,1049.4489079597088,1030.9564161894937,1038.66162109375,25800,0.0,0.0
2015-04-03 00:00:00+09:00,1040.9732793511284,1040.9732793511284,1032.1122928873697,1040.2027587890625,7000,0.0,0.0
2015-04-06 00:00:00+09:00,1036.7352294921875,1039.8173111852152,1036.7352294921875,1036.7352294921875,1000,0.0,0.0
2015-04-07 00:00:00+09:00,1017.4724012728459,1040.2027578328982,1017.4724012728459,1032.8828125,11000,0.0,0.0
2015-04-08 00:00:00+09:00,1032.88278704027,1042.5142938198323,1030.1859651419925,1034.423828125,8000,0.0,0.0
2015-04-09 00:00:00+09:00,1039.8172581003673,1039.8172581003673,1030.9562736852845,1032.497314453125,5400,0.0,0.0
2015-04-10 00:00:00+09:00,1032.497552219321,1037.1206755874673,1022.0955246409922,1032.8828125,26000,0.0,0.0
2015-04-13 00:00:00+09:00,1032.8827679951987,1038.2764116923015,1032.4975077311199,1035.57958984375,4400,0.0,0.0
2015-04-14 00:00:00+09:00,1039.432200091377,1042.8995424934608,1034.8090768885982,1042.5142822265625,6600,0.0,0.0
2015-04-15 00:00:00+09:00,1047.5226401691507,1047.5226401691507,1040.5879555339743,1044.0552978515625,11400,0.0,0.0
2015-04-16 00:00:00+09:00,1047.522635234232,1052.9162788139595,1043.284772421589,1051.760498046875,25000,0.0,0.0
2015-04-17 00:00:00+09:00,1055.22777873444,1066.4003254972363,1050.9899161692417,1062.9329833984375,35800,0.0,0.0
2015-04-20 00:00:00+09:00,1061.3922313434757,1061.3922313434757,1050.9902022159715,1052.91650390625,36400,0.0,0.0
2015-04-21 00:00:00+09:00,1050.219476065445,1055.9983800056439,1040.2027092357673,1050.604736328125,10800,0.0,0.0
2015-04-22 00:00:00+09:00,1050.6046205717942,1055.9982636550378,1047.137278589709,1050.2193603515625,6600,0.0,0.0
2015-04-23 00:00:00+09:00,1059.0806045420195,1060.6216457999926,1049.4490966796875,1049.4490966796875,7600,0.0,0.0
2015-04-24 00:00:00+09:00,1058.3098777851835,1060.6214392219185,1052.9162344328017,1054.457275390625,5000,0.0,0.0
2015-04-27 00:00:00+09:00,1060.6213884086121,1060.6213884086121,1051.760403325649,1057.539306640625,7400,0.0,0.0
2015-04-28 00:00:00+09:00,1058.3098270826217,1058.3098270826217,1041.358377358692,1057.539306640625,22400,0.0,0.0
2015-04-30 00:00:00+09:00,1054.0721619956707,1057.1542443406872,1036.3501885118253,1045.596435546875,13400,0.0,0.0
2015-05-01 00:00:00+09:00,1029.415367257515,1047.5225986426583,1029.415367257515,1031.7269287109375,13600,0.0,0.0
2015-05-07 00:00:00+09:00,1028.6448847605081,1047.5226373272742,1028.6448847605081,1029.4154052734375,11600,0.0,0.0
2015-05-08 00:00:00+09:00,1029.415540599433,1041.743870426971,1024.021896299885,1035.9649658203125,10400,0.0,0.0
2015-05-11 00:00:00+09:00,1040.202677825883,1073.7203196669393,1036.350075315417,1052.531005859375,28800,0.0,0.0
2015-05-12 00:00:00+09:00,1048.2930110248767,1117.2545872738488,1048.2930110248767,1097.9915771484375,87400,0.0,0.0
2015-05-13 00:00:00+09:00,1091.8275447967637,1108.778995739268,1081.8107783307385,1082.581298828125,21400,0.0,0.0
2015-05-14 00:00:00+09:00,1087.5897054405852,1113.0168824009388,1087.5897054405852,1103.3853759765625,21400,0.0,0.0
2015-05-15 00:00:00+09:00,1106.8526691976447,1119.566257113942,1106.8526691976447,1113.787353515625,21200,0.0,0.0
2015-05-18 00:00:00+09:00,1117.2546928327645,1128.8125,1117.2546928327645,1128.8125,22400,0.0,0.0
2015-05-19 00:00:00+09:00,1136.517760734248,1184.67529296875,1133.0504184133638,1184.67529296875,52200,0.0,0.0
2015-05-20 00:00:00+09:00,1192.380808794479,1192.380808794479,1157.707376551667,1180.822998046875,55600,0.0,0.0
2015-05-21 00:00:00+09:00,1178.8963671232525,1182.7489696301914,1146.5345060649672,1171.191162109375,19000,0.0,0.0
2015-05-22 00:00:00+09:00,1173.1177908818056,1192.380808794479,1157.707376551667,1180.822998046875,18200,0.0,0.0
2015-05-25 00:00:00+09:00,1194.3069747949376,1207.791085800687,1167.338752783439,1196.2332763671875,27400,0.0,0.0
2015-05-26 00:00:00+09:00,1196.233321245979,1196.233321245979,1178.8966064453125,1178.8966064453125,6200,0.0,0.0
2015-05-27 00:00:00+09:00,1190.4541015625,1194.3067038329289,1175.0436924807848,1190.4541015625,11800,0.0,0.0
2015-05-28 00:00:00+09:00,1188.5279274608104,1190.4542288019136,1178.896420755293,1182.7490234375,6400,0.0,0.0
2015-05-29 00:00:00+09:00,1188.5279696519208,1209.71728515625,1188.5279696519208,1209.71728515625,22800,0.0,0.0
2015-06-01 00:00:00+09:00,1202.0119676159275,1202.0119676159275,1186.6015577746975,1194.3067626953125,8200,0.0,0.0
2015-06-02 00:00:00+09:00,1180.8227593182344,1182.7490607200584,1161.5597452999923,1173.1175537109375,10600,0.0,0.0
2015-06-03 00:00:00+09:00,1176.9700658697832,1178.8963671232525,1157.7070533350895,1171.191162109375,9600,0.0,0.0
2015-06-04 00:00:00+09:00,1176.970002321337,1182.7489057697235,1161.5595931256403,1175.043701171875,11400,0.0,0.0
2015-06-05 00:00:00+09:00,1180.8227802623403,1188.5279860063033,1175.0438759543679,1186.6016845703125,11800,0.0,0.0
2015-06-08 00:00:00+09:00,1186.6015992609452,1186.6015992609452,1173.1174901784345,1176.9700927734375,2000,0.0,0.0
2015-06-09 00:00:00+09:00,1171.1913804235537,1173.1176820360924,1165.4124755859375,1165.4124755859375,10200,0.0,0.0
2015-06-10 00:00:00+09:00,1182.7489745285338,1182.7489745285338,1163.4859619140625,1163.4859619140625,7000,0.0,0.0
2015-06-11 00:00:00+09:00,1175.0437646163139,1180.8226683767218,1169.2648608559057,1171.191162109375,9800,0.0,0.0
2015-06-12 00:00:00+09:00,1186.60159425813,1186.60159425813,1175.0437865218496,1184.67529296875,32800,0.0,0.0
2015-06-15 00:00:00+09:00,1175.0439276495931,1202.0121489399116,1173.117626128856,1198.1595458984375,12200,0.0,0.0
2015-06-16 00:00:00+09:00,1202.0121489399116,1202.0121489399116,1188.5280382947524,1198.1595458984375,12200,0.0,0.0
2015-06-17 00:00:00+09:00,1205.864655859375,1211.6435599609376,1202.012053125,1203.9383544921875,14400,0.0,0.0
2015-06-18 00:00:00+09:00,1213.5698613281252,1213.5698613281252,1203.9383544921875,1203.9383544921875,15600,0.0,0.0
2015-06-19 00:00:00+09:00,1213.5698560463036,1213.5698560463036,1207.7909519698926,1211.6435546875,18000,0.0,0.0
2015-06-22 00:00:00+09:00,1211.6435546875,1213.5698560463036,1205.864650611089,1211.6435546875,38800,0.0,0.0
2015-06-23 00:00:00+09:00,1217.4223186167635,1244.3905345354892,1215.4960174797116,1242.4642333984375,48600,0.0,0.0
2015-06-24 00:00:00+09:00,1273.2850384530775,1273.2850384530775,1238.6116183439165,1265.579833984375,110800,0.0,0.0
2015-06-25 00:00:00+09:00,1246.3169845703126,1246.3169845703126,1198.1594503906251,1203.9383544921875,45000,0.0,0.0
2015-06-26 00:00:00+09:00,1209.7172097306911,1209.7172097306911,1178.8963891006097,1184.67529296875,39000,0.0,0.0
2015-06-29 00:00:00+09:00,1176.97028526117,1178.8965868737087,1153.4694055881973,1165.4124755859375,25600,0.0,0.0
2015-06-30 00:00:00+09:00,1180.8226046202612,1180.8226046202612,1165.4121954245645,1175.043701171875,21600,0.0,0.0
2015-07-01 00:00:00+09:00,1192.3804882655747,1205.864597179725,1184.6752831717747,1200.085693359375,19600,0.0,0.0
2015-07-02 00:00:00+09:00,1202.0119172643442,1205.8645195632685,1165.4121954245645,1175.043701171875,14000,0.0,0.0
2015-07-03 00:00:00+09:00,1180.8226953684407,1194.3068044509514,1173.1174901784345,1176.9700927734375,5400,0.0,0.0
2015-07-06 00:00:00+09:00,1176.9700546878273,1194.306765804342,1149.6165771484375,1149.6165771484375,14800,0.0,0.0
2015-07-07 00:00:00+09:00,1149.6166800929025,1176.9701600817082,1141.1409538991882,1150.7724609375,24600,0.0,0.0
2015-07-08 00:00:00+09:00,1159.6333712996236,1159.6333712996236,1125.73046875,1125.73046875,18600,0.0,0.0
2015-07-09 00:00:00+09:00,1087.204366104379,1136.1324151813656,1040.5878784011081,1115.713623046875,31200,0.0,0.0
2015-07-10 00:00:00+09:00,1121.107354252396,1134.59146332416,1090.2865335169347,1103.0001220703125,21000,0.0,0.0
2015-07-13 00:00:00+09:00,1122.2632545123809,1136.517885620159,1111.8612264067046,1125.3453369140625,9000,0.0,0.0
2015-07-14 00:00:00+09:00,1148.075689986153,1159.6334989457453,1140.3704840130915,1147.6904296875,7800,0.0,0.0
2015-07-15 00:00:00+09:00,1147.690532477089,1157.707301139192,1142.6821481460377,1148.8463134765625,18400,0.0,0.0
2015-07-16 00:00:00+09:00,1155.3953794352215,1155.7806396484375,1145.3786138916016,1155.7806396484375,18800,0.0,0.0
2015-07-17 00:00:00+09:00,1153.854685066572,1184.675511378868,1152.3136437509575,1178.8966064453125,39000,0.0,0.0
2015-07-21 00:00:00+09:00,1175.0437646163139,1175.0437646163139,1150.001848321212,1171.191162109375,34800,0.0,0.0
2015-07-22 00:00:00+09:00,1171.1912105460922,1171.1912105460922,1150.001895881607,1153.46923828125,7800,0.0,0.0
2015-07-23 00:00:00+09:00,1155.7807520816202,1180.8226683767218,1155.7807520816202,1171.191162109375,7800,0.0,0.0
2015-07-24 00:00:00+09:00,1165.4121468494727,1165.4121468494727,1117.2546201201558,1140.7554931640625,17800,0.0,0.0
2015-07-27 00:00:00+09:00,1153.4691015323901,1153.4691015323901,1119.5662020885525,1124.5745849609375,13600,0.0,0.0
2015-07-28 00:00:00+09:00,1118.0255064309551,1145.7642509047764,1088.3604602575633,1111.0908203125,17800,0.0,0.0
2015-07-29 00:00:00+09:00,1108.3937936452985,1143.452478115831,1108.0085333763916,1116.0989990234375,9600,0.0,0.0
2015-07-30 00:00:00+09:00,1117.2547020301686,1140.3703165549307,1109.9347574306605,1113.402099609375,8800,0.0,0.0
2015-07-31 00:00:00+09:00,1113.402099609375,1129.9682900187877,1095.680128473724,1113.402099609375,12800,0.0,0.0
2015-08-03 00:00:00+09:00,1113.7875659556578,1132.6653213108384,1113.7875659556578,1123.0338134765625,5200,0.0,0.0
2015-08-04 00:00:00+09:00,1124.9601090023425,1146.149426123962,1124.9601090023425,1130.739013671875,13400,0.0,0.0
2015-08-05 00:00:00+09:00,1137.2883225891487,1137.2883225891487,1128.4273363359137,1130.3536376953125,8200,0.0,0.0
2015-08-06 00:00:00+09:00,1136.5177802848498,1169.2649027676334,1136.5177802848498,1153.8544921875,14400,0.0,0.0
2015-08-07 00:00:00+09:00,1136.5178305207985,1163.4860502280717,1135.7473099577335,1150.7724609375,7600,0.0,0.0
2015-08-10 00:00:00+09:00,1165.4121998198355,1167.3385009765625,1137.2882029316213,1167.3385009765625,20000,0.0,0.0
2015-08-11 00:00:00+09:00,1167.338446044922,1167.338446044922,1149.6164762369792,1155.7806396484375,14000,0.0,0.0
2015-08-12 00:00:00+09:00,1148.4610272307893,1148.8462875552545,1129.198011007529,1135.7474365234375,19000,0.0,0.0
2015-08-13 00:00:00+09:00,1131.124096275945,1141.526123046875,1124.5746720127668,1141.526123046875,13800,0.0,0.0
2015-08-14 00:00:00+09:00,1141.5260913776901,1146.9197347389077,1137.6734889768204,1143.452392578125,10600,0.0,0.0
2015-08-17 00:00:00+09:00,1143.4524240594162,1175.0437646163139,1143.4524240594162,1171.191162109375,16400,0.0,0.0
2015-08-18 00:00:00+09:00,1178.8963671232525,1188.5278733905993,1167.3385596024364,1171.191162109375,24600,0.0,0.0
2015-08-19 00:00:00+09:00,1171.1913804235537,1175.0439836486312,1153.0841452656896,1165.4124755859375,17200,0.0,0.0
2015-08-20 00:00:00+09:00,1144.2230986770053,1146.1494001899296,1129.968467481366,1132.280029296875,38600,0.0,0.0
2015-08-21 00:00:00+09:00,1113.0171996730285,1132.2802180128176,1105.6972527039084,1106.4677734375,12400,0.0,0.0
2015-08-24 00:00:00+09:00,1075.2616235162445,1093.3688597417063,1044.4407958984375,1044.4407958984375,17600,0.0,0.0
2015-08-25 00:00:00+09:00,1044.4405167047616,1062.162487847668,987.0367406114347,1031.7269287109375,23400,0.0,0.0
2015-08-26 00:00:00+09:00,1025.948062965256,1061.39200656,1025.948062965256,1029.4154052734375,30000,0.0,0.0
2015-08-27 00:00:00+09:00,1087.2043284307128,1106.467339210846,1047.9077864392411,1050.9898681640625,16400,0.0,0.0
2015-08-28 00:00:00+09:00,1073.3351859075274,1081.0403918365118,1048.293266638328,1074.490966796875,7400,0.0,0.0
2015-08-31 00:00:00+09:00,1074.4907396812775,1112.6315009679204,1052.5309074253319,1088.360107421875,19600,0.0,0.0
2015-09-01 00:00:00+09:00,1088.3603884435086,1088.3603884435086,1042.5144110188085,1049.4490966796875,16600,0.0,0.0
2015-09-02 00:00:00+09:00,1034.0387665774276,1057.5396476360054,1034.0387665774276,1044.4407958984375,10600,0.0,0.0
2015-09-03 00:00:00+09:00,1050.9900080983232,1067.9414598418446,1040.2027206251732,1042.5142822265625,9400,0.0,0.0
2015-09-04 00:00:00+09:00,1052.145753916845,1052.145753916845,1029.8006591796875,1029.8006591796875,13600,0.0,0.0
2015-09-07 00:00:00+09:00,1029.0303570221383,1053.3017581799052,1009.3820798944225,1024.02197265625,19200,0.0,0.0
2015-09-08 00:00:00+09:00,1024.0216461076527,1032.1121105802865,1006.2996763104549,1006.6849365234375,10600,0.0,0.0
2015-09-09 00:00:00+09:00,1031.7270326063367,1041.7437999131944,1018.2429227701823,1040.2027587890625,13400,0.0,0.0
2015-09-10 00:00:00+09:00,1021.3250741501109,1055.6132414829513,1015.9314298505631,1035.9649658203125,18200,0.0,0.0
2015-09-11 00:00:00+09:00,1040.2027587890625,1062.1625948079427,1035.5796354166666,1040.2027587890625,45200,0.0,0.0
2015-09-14 00:00:00+09:00,1040.2026540401537,1053.3015022762147,1031.7269287109375,1031.7269287109375,10800,0.0,0.0
2015-09-15 00:00:00+09:00,1031.7269195489273,1053.6867531614325,1031.7269195489273,1047.1373291015625,11000,0.0,0.0
2015-09-16 00:00:00+09:00,1059.0804520563222,1067.941438013869,1048.293164803657,1066.01513671875,16000,0.0,0.0
2015-09-17 00:00:00+09:00,1066.01513671875,1071.0235200860589,1060.6214930924173,1066.01513671875,11800,0.0,0.0
2015-09-18 00:00:00+09:00,1065.2444287605092,1066.014949142976,1049.063500728704,1062.547607421875,25800,0.0,0.0
2015-09-24 00:00:00+09:00,1053.686806519107,1053.686806519107,1021.3249448197998,1021.710205078125,52800,0.0,0.0
2015-09-25 00:00:00+09:00,1033.6532218302104,1034.4237423086524,1007.8407858023967,1024.792236328125,79000,0.0,0.0
2015-09-28 00:00:00+09:00,1015.1608440390506,1034.4238581574386,1013.2345426272119,1017.857666015625,21400,0.0,0.0
2015-09-29 00:00:00+09:00,1008.2261136717616,1016.7018395031635,994.7420043945312,994.7420043945312,18000,0.0,0.0
2015-09-30 00:00:00+09:00,996.6683296698192,1009.38191872243,996.6683296698192,1004.37353515625,8200,0.0,0.0
2015-10-01 00:00:00+09:00,1009.7672790034558,1010.1525393159332,998.594729941609,1002.0620727539062,10200,0.0,0.0
2015-10-02 00:00:00+09:00,996.6683184719825,1005.1440444118292,985.1105103721915,993.9714965820312,14600,0.0,0.0
2015-10-05 00:00:00+09:00,1000.5209748974405,1020.9397703035107,980.1021794913703,1012.8493041992188,15600,0.0,0.0
2015-10-06 00:00:00+09:00,1012.849258096491,1026.7186279296875,1012.849258096491,1026.7186279296875,10600,0.0,0.0
2015-10-07 00:00:00+09:00,1026.333451803555,1036.3502197265625,1015.160902966354,1036.3502197265625,10200,0.0,0.0
2015-10-08 00:00:00+09:00,1031.7270833393795,1043.6701526386778,1009.3819859406924,1037.1207275390625,17600,0.0,0.0
2015-10-09 00:00:00+09:00,1049.8342875561682,1061.0068359375,1035.579656862745,1061.0068359375,12800,0.0,0.0
2015-10-13 00:00:00+09:00,1061.0069322032448,1064.859535442908,1046.752300216491,1055.22802734375,8600,0.0,0.0
2015-10-14 00:00:00+09:00,1055.2279493231374,1055.2279493231374,1040.9733183903313,1045.211181640625,7200,0.0,0.0
2015-10-15 00:00:00+09:00,1045.2110126712437,1068.3266266632356,1045.2110126712437,1062.9329833984375,10200,0.0,0.0
2015-10-16 00:00:00+09:00,1071.0232808322191,1098.3767531124665,1071.0232808322191,1080.65478515625,21000,0.0,0.0
2015-10-19 00:00:00+09:00,1080.6549031215432,1097.2210923672567,1080.6549031215432,1088.360107421875,53800,0.0,0.0
2015-10-20 00:00:00+09:00,1107.623227547525,1112.631610837305,1088.3602148945245,1111.475830078125,48400,0.0,0.0
2015-10-21 00:00:00+09:00,1109.9349628219475,1125.7306356701597,1109.9349628219475,1123.0338134765625,14400,0.0,0.0
2015-10-22 00:00:00+09:00,1120.3369593790133,1130.7389875438116,1117.2548769598138,1124.9600830078125,9800,0.0,0.0
2015-10-23 00:00:00+09:00,1144.6082050530765,1146.1492460561772,1124.1894117619916,1141.526123046875,18200,0.0,0.0
2015-10-26 00:00:00+09:00,1157.7070326169223,1157.7070326169223,1131.5093360385695,1135.3619384765625,25400,0.0,0.0
2015-10-27 00:00:00+09:00,1135.3621301328503,1135.3621301328503,1113.7875528381642,1116.484375,10400,0.0,0.0
2015-10-28 00:00:00+09:00,1127.271618505271,1127.271618505271,1111.8612067690403,1119.18115234375,6000,0.0,0.0
2015-10-29 00:00:00+09:00,1115.328394475176,1125.345160712259,1113.787353515625,1113.787353515625,10000,0.0,0.0
2015-10-30 00:00:00+09:00,1113.7873070482742,1135.7471398057116,1113.7873070482742,1131.50927734375,10200,0.0,0.0
2015-11-02 00:00:00+09:00,1117.2546910895633,1124.5746356173913,1117.2546910895633,1121.4925537109375,12200,0.0,0.0
2015-11-04 00:00:00+09:00,1123.033566897837,1138.0587158203125,1116.8694032373344,1138.0587158203125,13600,0.0,0.0
2015-11-05 00:00:00+09:00,1138.0589796865852,1151.5430908203125,1138.0589796865852,1151.5430908203125,7600,0.0,0.0
2015-11-06 00:00:00+09:00,1151.9282162894935,1155.0102984735456,1148.0756135594283,1152.3134765625,5200,0.0,0.0
2015-11-09 00:00:00+09:00,1155.7806940362004,1167.3385009765625,1152.6986121854372,1167.3385009765625,17200,0.0,0.0
2015-11-10 00:00:00+09:00,1122.6483104522215,1154.624909548836,1122.6483104522215,1152.6986083984375,22400,0.0,0.0
2015-11-11 00:00:00+09:00,1151.5428271484375,1175.043701171875,1151.5428271484375,1175.043701171875,11800,0.0,0.0
2015-11-12 00:00:00+09:00,1165.4123481036406,1175.0438551127618,1138.8293887584666,1173.1175537109375,20800,0.0,0.0
2015-11-13 00:00:00+09:00,1155.7807744225317,1169.2648834574613,1147.3050487434332,1155.01025390625,20200,0.0,0.0
2015-11-16 00:00:00+09:00,1154.2397999730604,1173.1175537109375,1154.2397999730604,1173.1175537109375,18600,0.0,0.0
2015-11-17 00:00:00+09:00,1176.970051623929,1194.3067626953125,1176.970051623929,1194.3067626953125,21200,0.0,0.0
2015-11-18 00:00:00+09:00,1194.3068582544065,1203.9383651758128,1173.1175430273122,1188.5279541015625,18200,0.0,0.0
2015-11-19 00:00:00+09:00,1203.9383974942293,1203.9383974942293,1176.9701773903587,1186.6016845703125,19600,0.0,0.0
2015-11-20 00:00:00+09:00,1182.74899167937,1184.67529296875,1167.3385813643292,1184.67529296875,28200,0.0,0.0
2015-11-24 00:00:00+09:00,1178.896420755293,1190.4542288019136,1155.780804662052,1182.7490234375,17000,0.0,0.0
2015-11-25 00:00:00+09:00,1194.3071105857464,1194.3071105857464,1175.044092673073,1180.822998046875,11600,0.0,0.0
2015-11-26 00:00:00+09:00,1171.191188880933,1184.6752979634437,1163.4859836909268,1176.9700927734375,12200,0.0,0.0
2015-11-27 00:00:00+09:00,1184.6753030239652,1186.6016043296952,1169.264892578125,1169.264892578125,8800,0.0,0.0
2015-11-30 00:00:00+09:00,1169.2648976390833,1182.749006837557,1157.707089754677,1161.5596923828125,13400,0.0,0.0
2015-12-01 00:00:00+09:00,1161.5596823934254,1176.9700927734375,1161.5596823934254,1176.9700927734375,10000,0.0,0.0
2015-12-02 00:00:00+09:00,1165.4122631755097,1173.1174682212982,1155.780756868274,1163.4859619140625,9400,0.0,0.0
2015-12-03 00:00:00+09:00,1155.780756868274,1167.3385644369569,1155.780756868274,1163.4859619140625,8000,0.0,0.0
2015-12-04 00:00:00+09:00,1152.313598957252,1171.191354339701,1152.313598957252,1159.633544921875,9400,0.0,0.0
2015-12-07 00:00:00+09:00,1155.7809417825997,1165.412449630788,1154.2399005268896,1159.633544921875,6200,0.0,0.0
2015-12-08 00:00:00+09:00,1153.0839666009147,1167.3385963250155,1152.6987063381011,1161.5596923828125,7800,0.0,0.0
2015-12-09 00:00:00+09:00,1155.7807283599507,1173.11743928535,1150.0018247181508,1150.3870849609375,12000,0.0,0.0
2015-12-10 00:00:00+09:00,1152.6986083984375,1163.4858948406688,1152.6986083984375,1152.6986083984375,11000,0.0,0.0
2015-12-11 00:00:00+09:00,1152.6986121854372,1171.1911032900166,1152.6986121854372,1167.3385009765625,26800,0.0,0.0
2015-12-14 00:00:00+09:00,1167.3385644369569,1188.5278783128751,1151.9281543453799,1163.4859619140625,13200,0.0,0.0
2015-12-15 00:00:00+09:00,1157.7069407145182,1163.4858439127604,1152.3132977294922,1155.7806396484375,9000,0.0,0.0
2015-12-16 00:00:00+09:00,1163.4860502280717,1165.412351635734,1150.001940374435,1150.7724609375,22000,0.0,0.0
2015-12-17 00:00:00+09:00,1159.633544921875,1169.2650527700634,1159.633544921875,1159.633544921875,20400,0.0,0.0
2015-12-18 00:00:00+09:00,1165.412144978841,1173.1173492431642,1155.7806396484375,1155.7806396484375,19400,0.0,0.0
2015-12-21 00:00:00+09:00,1152.3134754535167,1155.7808179072383,1130.3536399132793,1144.9935302734375,32200,0.0,0.0
2015-12-22 00:00:00+09:00,1155.7808179072383,1161.5597219967747,1144.9935302734375,1144.9935302734375,4400,0.0,0.0
2015-12-24 00:00:00+09:00,1144.9934921520842,1152.3134370884534,1144.9934921520842,1147.3050537109375,11800,0.0,0.0
2015-12-25 00:00:00+09:00,1147.3050537109375,1147.3050537109375,1147.3050537109375,1147.3050537109375,0,0.0,0.0
2015-12-28 00:00:00+09:00,1155.7806396484375,1157.7069407145182,1151.9280375162762,1155.7806396484375,3800,0.0,0.0
2015-12-29 00:00:00+09:00,1133.820945945946,1159.6333833833835,1128.8125625625626,1154.625,15000,0.0,0.0
2015-12-30 00:00:00+09:00,1153.8542606087383,1153.8542606087383,1138.8291133086577,1153.083740234375,5800,0.0,0.0
2016-01-04 00:00:00+09:00,1141.1408084592354,1152.6986154321514,1129.96826171875,1129.96826171875,8000,0.0,0.0
2016-01-05 00:00:00+09:00,1130.3536376953125,1153.4692540081,1129.197856879673,1130.3536376953125,6600,0.0,0.0
2016-01-06 00:00:00+09:00,1130.353572716346,1135.7472162126069,1118.795765224359,1126.88623046875,8800,0.0,0.0
2016-01-07 00:00:00+09:00,1118.0252721788497,1123.8041760667486,1103.0001220703125,1103.0001220703125,7800,0.0,0.0
2016-01-08 00:00:00+09:00,1103.0001438530235,1116.48425319108,1059.8509939712426,1079.499267578125,17600,0.0,0.0
2016-01-12 00:00:00+09:00,1079.4990176078036,1082.5810990285254,1064.859130859375,1064.859130859375,12200,0.0,0.0
2016-01-13 00:00:00+09:00,1069.8676775712654,1091.442250831615,1069.8676775712654,1077.1876220703125,7200,0.0,0.0
2016-01-14 00:00:00+09:00,1072.949885554101,1074.8761869644316,1040.5880218605482,1062.16259765625,12400,0.0,0.0
2016-01-15 00:00:00+09:00,1062.162661646512,1067.5563059203791,1057.5395379831975,1058.31005859375,13400,0.0,0.0
2016-01-18 00:00:00+09:00,1057.15403596405,1074.490745737513,1050.989872489041,1065.6297607421875,7200,0.0,0.0
2016-01-19 00:00:00+09:00,1078.3437375823514,1078.3437375823514,1065.2448854645236,1071.7943115234375,13800,0.0,0.0
2016-01-20 00:00:00+09:00,1074.8760710335202,1080.6549746412272,1039.0468686657362,1039.43212890625,33800,0.0,0.0
2016-01-21 00:00:00+09:00,1030.1858267028474,1032.4973880193086,987.0366821289062,987.0366821289062,14000,0.0,0.0
2016-01-22 00:00:00+09:00,1025.562706256735,1050.2193603515625,1022.0953642746498,1050.2193603515625,10600,0.0,0.0
2016-01-25 00:00:00+09:00,1069.4825558643377,1069.4825558643377,1057.154226690109,1061.39208984375,10400,0.0,0.0
2016-01-26 00:00:00+09:00,1042.1291114387682,1047.9080159384287,1035.9649466391304,1037.1207275390625,6000,0.0,0.0
2016-01-27 00:00:00+09:00,1062.932939221871,1069.09710269688,1059.0803370499905,1065.6297607421875,4600,0.0,0.0
2016-01-28 00:00:00+09:00,1077.9582821716199,1077.9582821716199,1056.7689664034144,1061.39208984375,7600,0.0,0.0
2016-01-29 00:00:00+09:00,1061.39200660424,1096.0654296875,1061.39200660424,1096.0654296875,8000,0.0,0.0
2016-02-01 00:00:00+09:00,1096.0654324820337,1115.32844535518,1084.8928850156087,1110.705322265625,7600,0.0,0.0
2016-02-02 00:00:00+09:00,1091.4423142945145,1107.6232451806316,1090.2865335169347,1103.0001220703125,10200,0.0,0.0
2016-02-03 00:00:00+09:00,1090.2865946415686,1090.2865946415686,1073.3351422867172,1084.5076904296875,5000,0.0,0.0
2016-02-04 00:00:00+09:00,1066.014936541129,1083.3516449416893,1063.318115234375,1063.318115234375,3400,0.0,0.0
2016-02-05 00:00:00+09:00,1063.3183756510416,1063.3183756510416,1032.4975531684026,1040.2027587890625,4400,0.0,0.0
2016-02-08 00:00:00+09:00,1020.9396266902182,1047.5225830078125,1020.9396266902182,1047.5225830078125,3400,0.0,0.0
2016-02-09 00:00:00+09:00,1026.333328178026,1032.1122320529023,1017.8576024948741,1021.710205078125,6000,0.0,0.0
2016-02-10 00:00:00+09:00,1039.432189895342,1039.432189895342,1020.1691767393868,1020.939697265625,2400,0.0,0.0
2016-02-12 00:00:00+09:00,943.8878719683133,965.0771915431122,928.0921973761905,944.2731323242188,11400,0.0,0.0
2016-02-15 00:00:00+09:00,963.5359119088478,1002.8324584960939,946.5844604398396,1002.8324584960938,5000,0.0,0.0
2016-02-16 00:00:00+09:00,1016.3168393330401,1035.5798575160015,1001.6769455139895,1023.2515258789062,7800,0.0,0.0
2016-02-17 00:00:00+09:00,1039.4321655319104,1039.4321655319104,1019.0133720651977,1029.8006591796875,9600,0.0,0.0
2016-02-18 00:00:00+09:00,1039.4322024865332,1069.8677636416244,1039.046942218747,1057.1541748046875,10600,0.0,0.0
2016-02-19 00:00:00+09:00,1067.1709097164594,1067.1709097164594,1050.219458442985,1059.0804443359375,14000,0.0,0.0
2016-02-22 00:00:00+09:00,1077.5732351241486,1097.992034359608,1058.695477340422,1085.2784423828125,39600,0.0,0.0
2016-02-23 00:00:00+09:00,1089.9013559512784,1089.9013559512784,1040.2027787445923,1046.366943359375,7800,0.0,0.0
2016-02-24 00:00:00+09:00,1027.8743621937958,1059.4657031607717,1027.8743621937958,1051.760498046875,10400,0.0,0.0
2016-02-25 00:00:00+09:00,1071.0235532056251,1097.6065119002972,1070.638292934688,1071.4088134765625,13800,0.0,0.0
2016-02-26 00:00:00+09:00,1071.4087641789363,1096.835940890842,1071.4087641789363,1081.810791015625,5800,0.0,0.0
2016-02-29 00:00:00+09:00,1081.81082945018,1092.59811692333,1042.1290219596642,1042.5142822265625,12200,0.0,0.0
2016-03-01 00:00:00+09:00,1047.907913185469,1051.3752555452738,1030.185941124244,1043.2847900390625,11200,0.0,0.0
2016-03-02 00:00:00+09:00,1071.0235417084893,1088.7455139813637,1071.0235417084893,1079.499267578125,9200,0.0,0.0
2016-03-03 00:00:00+09:00,1062.1624189598365,1089.1306341673767,1062.1624189598365,1087.974853515625,5400,0.0,0.0
2016-03-04 00:00:00+09:00,1074.8761064578325,1093.3685986119458,1074.1055859514113,1081.810791015625,10000,0.0,0.0
2016-03-07 00:00:00+09:00,1090.286376953125,1096.0652800111804,1083.736953487329,1090.286376953125,9000,0.0,0.0
2016-03-08 00:00:00+09:00,1090.28655504857,1104.1559246534282,1067.1709390404733,1079.499267578125,6400,0.0,0.0
2016-03-09 00:00:00+09:00,1081.4256847870167,1087.975110024416,1065.6300121556424,1079.8846435546875,9600,0.0,0.0
2016-03-10 00:00:00+09:00,1086.4338758911913,1087.9749168499022,1081.8107530150587,1084.122314453125,4800,0.0,0.0
2016-03-11 00:00:00+09:00,1080.269810438824,1101.8443858256194,1080.269810438824,1100.3033447265625,18800,0.0,0.0
2016-03-14 00:00:00+09:00,1103.7706390107442,1126.11573397152,1100.3032966892445,1118.0252685546875,15000,0.0,0.0
2016-03-15 00:00:00+09:00,1118.0253215961534,1152.3134861799088,1116.8695407674875,1129.5831298828125,16800,0.0,0.0
2016-03-16 00:00:00+09:00,1142.6820833222423,1142.6820833222423,1127.2716708701555,1130.739013671875,11600,0.0,0.0
2016-03-17 00:00:00+09:00,1144.223009728166,1149.2313932724308,1136.1325440028154,1144.9935302734375,10200,0.0,0.0
2016-03-18 00:00:00+09:00,1148.8460629930282,1151.9281449863026,1134.5914337741342,1149.2313232421875,15200,0.0,0.0
2016-03-22 00:00:00+09:00,1155.780756868274,1163.4859619140625,1154.2397158591164,1163.4859619140625,36200,0.0,0.0
2016-03-23 00:00:00+09:00,1161.5597561599807,1161.5597561599807,1151.5429887768432,1157.7071533203125,8600,0.0,0.0
2016-03-24 00:00:00+09:00,1163.485936273912,1163.485936273912,1133.435637257566,1135.3619384765625,11600,0.0,0.0
2016-03-25 00:00:00+09:00,1133.0504023467365,1147.3050316860188,1129.9683203274321,1133.8209228515625,10400,0.0,0.0
2016-03-28 00:00:00+09:00,1128.8124778420224,1167.3385009765625,1128.8124778420224,1167.3385009765625,10200,0.0,0.0
2016-03-29 00:00:00+09:00,1165.370089655887,1187.02392578125,1163.7952652104063,1187.02392578125,9600,32.5,0.0
2016-03-30 00:00:00+09:00,1164.5826358238135,1176.7875248402227,1163.0078114345995,1172.8504638671875,4000,0.0,0.0
2016-03-31 00:00:00+09:00,1174.425460935825,1185.0555271259918,1141.747850054942,1147.6534423828125,9400,0.0,0.0
2016-04-01 00:00:00+09:00,1160.6455053875486,1160.6455053875486,1107.8888915062964,1109.857421875,20600,0.0,0.0
2016-04-04 00:00:00+09:00,1124.4245308975972,1154.7398981521892,1113.7944670550778,1134.660888671875,13400,0.0,0.0
2016-04-05 00:00:00+09:00,1115.762958984375,1146.4720312499999,1092.5343017578125,1092.5343017578125,19600,0.0,0.0
2016-04-06 00:00:00+09:00,1109.0701853858254,1109.0701853858254,1086.2352294921875,1086.2352294921875,9800,0.0,0.0
2016-04-07 00:00:00+09:00,1105.9204561639779,1105.9204561639779,1089.77850575361,1090.56591796875,4200,0.0,0.0
2016-04-08 00:00:00+09:00,1090.9595983450754,1122.0623801095146,1087.809949558803,1102.3770751953125,19800,0.0,0.0
2016-04-11 00:00:00+09:00,1101.1959889711316,1103.5582256296325,1066.9435574228696,1082.298095703125,13600,0.0,0.0
2016-04-12 00:00:00+09:00,1085.054067908763,1100.4086066055852,1079.9358883431557,1081.9044189453125,5800,0.0,0.0
2016-04-13 00:00:00+09:00,1094.502947515564,1110.6448974609375,1094.502947515564,1110.6448974609375,4000,0.0,0.0
2016-04-14 00:00:00+09:00,1129.5426989253579,1180.7244873046875,1124.8182261518814,1180.7244873046875,12000,0.0,0.0
2016-04-15 00:00:00+09:00,1173.2441065092794,1173.2441065092794,1163.4014546090339,1172.06298828125,16000,0.0,0.0
2016-04-18 00:00:00+09:00,1152.3775441847965,1171.6691395606267,1145.6845417074676,1155.9208984375,15000,0.0,0.0
2016-04-19 00:00:00+09:00,1165.3700480184207,1176.3938187429192,1165.3700480184207,1172.8504638671875,13200,0.0,0.0
2016-04-20 00:00:00+09:00,1174.031518661299,1174.8189308133187,1171.66928220524,1172.06298828125,30600,0.0,0.0
2016-04-21 00:00:00+09:00,1174.81892550763,1185.0552834376563,1170.0944526168487,1180.330810546875,28000,0.0,0.0
2016-04-22 00:00:00+09:00,1180.330848578022,1192.929443359375,1166.9448416228342,1192.929443359375,11000,0.0,0.0
2016-04-25 00:00:00+09:00,1198.835109122357,1198.835109122357,1170.8819752150705,1187.02392578125,10400,0.0,0.0
2016-04-26 00:00:00+09:00,1181.1183742336086,1181.1183742336086,1171.6694272397397,1179.937255859375,4000,0.0,0.0
2016-04-27 00:00:00+09:00,1171.6693162751678,1181.118262374161,1171.6693162751678,1173.244140625,8000,0.0,0.0
2016-04-28 00:00:00+09:00,1173.244192463078,1192.929497705747,1149.621826171875,1149.621826171875,13600,0.0,0.0
2016-05-02 00:00:00+09:00,1131.1177254109546,1147.6533830744631,1114.1883616126004,1127.1806640625,15000,0.0,0.0
2016-05-06 00:00:00+09:00,1122.8496291241718,1135.448222438328,1121.6685110009698,1129.14892578125,9400,0.0,0.0
2016-05-09 00:00:00+09:00,1148.8342675781248,1148.8342675781248,1122.062255859375,1122.062255859375,3000,0.0,0.0
2016-05-10 00:00:00+09:00,1138.598051602932,1180.724604687826,1122.4561013554492,1179.1497802734375,19200,0.0,0.0
2016-05-11 00:00:00+09:00,1179.9371432947041,1188.9923832999687,1168.519666766327,1183.0867919921875,9200,0.0,0.0
2016-05-12 00:00:00+09:00,1180.7244822521084,1188.9923095703125,1177.968539812707,1188.9923095703125,5800,0.0,0.0
2016-05-13 00:00:00+09:00,1188.9924827588463,1188.9924827588463,1171.669413473618,1175.2127685546875,10800,0.0,0.0
2016-05-16 00:00:00+09:00,1175.2129346106663,1190.961181640625,1175.2129346106663,1190.961181640625,4800,0.0,0.0
2016-05-17 00:00:00+09:00,1196.866527920082,1200.8035888671875,1187.0238755523183,1200.8035888671875,9800,0.0,0.0
2016-05-18 00:00:00+09:00,1206.709205063693,1208.677735577663,1196.8665524938424,1198.8350830078125,6800,0.0,0.0
2016-05-19 00:00:00+09:00,1204.740649814293,1204.740649814293,1188.9924060258709,1200.8035888671875,15200,0.0,0.0
2016-05-20 00:00:00+09:00,1200.8035404010502,1202.7720707951503,1190.9608884305499,1194.89794921875,27800,0.0,0.0
2016-05-23 00:00:00+09:00,1200.8038360343492,1200.8038360343492,1183.0870581256456,1190.961181640625,5600,0.0,0.0
2016-05-24 00:00:00+09:00,1190.9609633813518,1190.9609633813518,1175.2127192374662,1179.1497802734375,13000,0.0,0.0
2016-05-25 00:00:00+09:00,1179.1497423710794,1179.1497423710794,1154.3462586417377,1166.5511474609375,14800,0.0,0.0
2016-05-26 00:00:00+09:00,1160.2519845515233,1166.5512827370762,1146.4722697706263,1150.015625,11800,0.0,0.0
2016-05-27 00:00:00+09:00,1146.0782960486265,1158.2831834335484,1146.0782960486265,1151.98388671875,8200,0.0,0.0
2016-05-30 00:00:00+09:00,1151.9840522223196,1171.6693572842187,1147.653285108702,1156.3148193359375,7800,0.0,0.0
2016-05-31 00:00:00+09:00,1147.6531494140625,1161.432861328125,1147.6531494140625,1161.432861328125,19400,0.0,0.0
2016-06-01 00:00:00+09:00,1149.6216504507006,1157.4957713441986,1145.6845900039516,1151.98388671875,5600,0.0,0.0
2016-06-02 00:00:00+09:00,1149.621900548623,1149.621900548623,1143.71630859375,1143.71630859375,7000,0.0,0.0
2016-06-03 00:00:00+09:00,1142.1412501844766,1156.7083740234375,1137.8104836377584,1156.7083740234375,10000,0.0,0.0
2016-06-06 00:00:00+09:00,1155.5272558743325,1157.4957861228409,1147.259428830598,1156.7083740234375,9800,0.0,0.0
2016-06-07 00:00:00+09:00,1156.7085441281906,1164.9763723877863,1150.4092464065939,1162.6141357421875,3400,0.0,0.0
2016-06-08 00:00:00+09:00,1162.614097680264,1202.7721193407403,1159.4644489225795,1200.8035888671875,9600,0.0,0.0
2016-06-09 00:00:00+09:00,1198.8350354796041,1200.8035659155314,1148.4406563198704,1183.0867919921875,13000,0.0,0.0
2016-06-10 00:00:00+09:00,1173.2442534948584,1181.1183760015354,1157.8897146068384,1170.0946044921875,32800,0.0,0.0
2016-06-13 00:00:00+09:00,1156.708551522994,1161.8267309545117,1143.7162498891414,1144.503662109375,14400,0.0,0.0
2016-06-14 00:00:00+09:00,1146.0782477355458,1177.9684360098775,1146.0782477355458,1155.9208984375,12800,0.0,0.0
2016-06-15 00:00:00+09:00,1155.9211027420447,1170.8819344532837,1150.8029234724104,1163.0078125,16400,0.0,0.0
2016-06-16 00:00:00+09:00,1171.6693917410714,1171.6693917410714,1157.4959716796875,1157.4959716796875,15400,0.0,0.0
2016-06-17 00:00:00+09:00,1170.8818843735626,1180.7245363941875,1161.0392323529375,1176.7874755859375,15400,0.0,0.0
2016-06-20 00:00:00+09:00,1180.7246279993262,1196.8665785655057,1180.7246279993262,1187.02392578125,34000,0.0,0.0
2016-06-21 00:00:00+09:00,1188.992449523537,1236.2371826171875,1188.992449523537,1236.2371826171875,18000,0.0,0.0
2016-06-22 00:00:00+09:00,1220.488745351188,1232.2999267578125,1212.6146244134384,1232.2999267578125,25200,0.0,0.0
2016-06-23 00:00:00+09:00,1224.425999343775,1238.2057131627562,1220.4889382526374,1236.2371826171875,15200,0.0,0.0
2016-06-24 00:00:00+09:00,1218.5202594681832,1224.4258503864457,1175.2125927342574,1177.5748291015625,26400,0.0,0.0
2016-06-27 00:00:00+09:00,1192.929370198029,1204.7405520811776,1185.0552489425963,1188.9923095703125,24000,0.0,0.0
2016-06-28 00:00:00+09:00,1192.9293696044529,1218.520263671875,1183.0867180400596,1218.520263671875,38200,0.0,0.0
2016-06-29 00:00:00+09:00,1253.9540290892594,1253.9540290892594,1242.1428451417937,1250.0169677734375,110400,0.0,0.0
2016-06-30 00:00:00+09:00,1253.9537593366238,1257.8908198054987,1220.488745351188,1232.2999267578125,17200,0.0,0.0
2016-07-01 00:00:00+09:00,1248.0482662566228,1253.953857421875,1240.1741447029533,1253.953857421875,17200,0.0,0.0
2016-07-04 00:00:00+09:00,1251.9854984313483,1251.9854984313483,1236.237253168061,1250.0169677734375,6800,0.0,0.0
2016-07-05 00:00:00+09:00,1244.111108164437,1246.0796383988743,1212.6146244134384,1232.2999267578125,9200,0.0,0.0
2016-07-06 00:00:00+09:00,1216.5516848823133,1236.2369872266872,1200.803443006814,1232.2999267578125,14400,0.0,0.0
2016-07-07 00:00:00+09:00,1218.5205799538924,1251.9856039590882,1218.5205799538924,1222.4576416015625,16000,0.0,0.0
2016-07-08 00:00:00+09:00,1238.2058681911892,1240.1743989832262,1204.7408447265625,1204.7408447265625,12000,0.0,0.0
2016-07-11 00:00:00+09:00,1204.7408447265625,1204.7408447265625,1204.7408447265625,1204.7408447265625,0,0.0,0.0
2016-07-12 00:00:00+09:00,1220.4889626632278,1236.2372073427532,1216.5519014933463,1234.2686767578125,18400,0.0,0.0
2016-07-13 00:00:00+09:00,1236.2373518906004,1242.1429443359375,1234.268821075488,1242.1429443359375,9400,0.0,0.0
2016-07-14 00:00:00+09:00,1251.9854520222787,1255.92251319216,1230.331615587931,1234.2686767578125,17800,0.0,0.0
2016-07-15 00:00:00+09:00,1234.2686520716188,1248.0483658906,1230.3315909804812,1236.2371826171875,17200,0.0,0.0
2016-07-19 00:00:00+09:00,1236.2371826171875,1240.174243708325,1226.3945298893436,1236.2371826171875,16000,0.0,0.0
2016-07-20 00:00:00+09:00,1220.4888916015625,1220.4888916015625,1190.960934546686,1220.4888916015625,31000,0.0,0.0
2016-07-21 00:00:00+09:00,1218.5203881475138,1218.5203881475138,1181.1183083820813,1198.8350830078125,12400,0.0,0.0
2016-07-22 00:00:00+09:00,1198.8352772015012,1206.7094005328738,1188.9926230372853,1202.7723388671875,10000,0.0,0.0
2016-07-25 00:00:00+09:00,1218.5202642781846,1218.5202642781846,1174.4251852477623,1188.9923095703125,25800,0.0,0.0
2016-07-26 00:00:00+09:00,1198.8353488542516,1218.5206583592476,1185.0556322007544,1206.70947265625,22200,0.0,0.0
2016-07-27 00:00:00+09:00,1216.5518316501523,1216.5518316501523,1200.8035878747457,1210.646240234375,19600,0.0,0.0
2016-07-28 00:00:00+09:00,1194.8979239355785,1216.5517578125,1194.8979239355785,1216.5517578125,4000,0.0,0.0
2016-07-29 00:00:00+09:00,1216.5517333589964,1218.520263671875,1208.6776121074818,1218.520263671875,6000,0.0,0.0
2016-08-01 00:00:00+09:00,1212.6149930314034,1212.6149930314034,1200.8038080343445,1202.7723388671875,5000,0.0,0.0
2016-08-02 00:00:00+09:00,1185.0553224281146,1188.9923832999687,1173.244139812552,1183.0867919921875,9200,0.0,0.0
2016-08-03 00:00:00+09:00,1164.1890620631514,1172.0631849042954,1160.2520006425793,1166.1575927734375,6000,0.0,0.0
2016-08-04 00:00:00+09:00,1161.826704753269,1161.826704753269,1142.9288118938462,1156.3148193359375,13600,0.0,0.0
2016-08-05 00:00:00+09:00,1156.3149777970225,1157.4960962625967,1146.078617762047,1147.6534423828125,7000,0.0,0.0
2016-08-08 00:00:00+09:00,1148.046875,1151.5902295524693,1138.597929526749,1148.046875,10600,0.0,0.0
2016-08-09 00:00:00+09:00,1143.716054886355,1163.401357035862,1143.716054886355,1150.4090576171875,5600,0.0,0.0
2016-08-10 00:00:00+09:00,1158.2833885524585,1164.5826863827913,1152.3777968365214,1159.07080078125,7200,0.0,0.0
2016-08-12 00:00:00+09:00,1161.039419662543,1175.2128408588305,1152.7715906313754,1157.8897705078125,5000,0.0,0.0
2016-08-15 00:00:00+09:00,1157.4960507399069,1164.9764673943484,1143.7163358501462,1153.165283203125,14400,0.0,0.0
2016-08-16 00:00:00+09:00,1153.1652622937163,1153.1652622937163,1134.267367930419,1135.448486328125,20600,0.0,0.0
2016-08-17 00:00:00+09:00,1133.873629529937,1140.5666335931346,1114.5820295830736,1124.4246826171875,21000,0.0,0.0
2016-08-18 00:00:00+09:00,1128.755542983448,1135.0548414444647,1116.1569460614144,1124.8184814453125,12600,0.0,0.0
2016-08-19 00:00:00+09:00,1133.8735106152515,1140.1728078964472,1132.692392375027,1135.842041015625,13000,0.0,0.0
2016-08-22 00:00:00+09:00,1116.1566650390623,1120.487431640625,1112.2196044921875,1112.2196044921875,38600,0.0,0.0
2016-08-23 00:00:00+09:00,1101.1959370619547,1109.8574710681626,1101.1959370619547,1105.92041015625,11400,0.0,0.0
2016-08-24 00:00:00+09:00,1100.4083458560142,1117.7314110501695,1100.4083458560142,1116.55029296875,5200,0.0,0.0
2016-08-25 00:00:00+09:00,1114.188267634465,1114.188267634465,1100.014847975511,1105.5267333984375,13200,0.0,0.0
2016-08-26 00:00:00+09:00,1124.4247984607466,1124.4247984607466,1104.739490364445,1111.4324951171875,3400,0.0,0.0
2016-08-29 00:00:00+09:00,1131.1177254109546,1131.1177254109546,1123.2436027140457,1127.1806640625,9400,0.0,0.0
2016-08-30 00:00:00+09:00,1125.9992224501482,1129.9362826685053,1111.8258056640625,1111.8258056640625,4600,0.0,0.0
2016-08-31 00:00:00+09:00,1124.0309856990195,1127.5743408203125,1117.73168770561,1127.5743408203125,5400,0.0,0.0
2016-09-01 00:00:00+09:00,1127.5743408203125,1129.9365775678411,1123.2435734498436,1127.5743408203125,5200,0.0,0.0
2016-09-02 00:00:00+09:00,1128.3617036802202,1132.298764753773,1127.5742914655098,1131.5113525390625,3000,0.0,0.0
2016-09-05 00:00:00+09:00,1133.479794966002,1137.4168557335115,1124.4245552007299,1132.6923828125,5400,0.0,0.0
2016-09-06 00:00:00+09:00,1133.8736933607418,1133.8736933607418,1100.0149650173307,1125.212158203125,11200,0.0,0.0
2016-09-07 00:00:00+09:00,1118.9126315977514,1135.4482862519055,1118.5189255345574,1129.9364013671875,12000,0.0,0.0
2016-09-08 00:00:00+09:00,1129.9366614448886,1134.2674291368378,1122.0625383686177,1124.8184814453125,6400,0.0,0.0
2016-09-09 00:00:00+09:00,1122.0624908941215,1122.0624908941215,1115.7631926996282,1118.912841796875,16600,0.0,0.0
2016-09-12 00:00:00+09:00,1118.1251708121688,1118.91258290429,1110.2510498909564,1114.1881103515625,10000,0.0,0.0
2016-09-13 00:00:00+09:00,1110.2511279487405,1114.1881886861474,1108.676303653778,1109.857421875,13000,0.0,0.0
2016-09-14 00:00:00+09:00,1112.219817376647,1129.1491809685745,1112.219817376647,1122.4561767578125,8600,0.0,0.0
2016-09-15 00:00:00+09:00,1126.7870122143802,1129.1492491372617,1120.09400759955,1124.8184814453125,10600,0.0,0.0
2016-09-16 00:00:00+09:00,1124.8181933405026,1127.9678417642772,1120.4874267578125,1120.4874267578125,24200,0.0,0.0
2016-09-20 00:00:00+09:00,1120.0938086521444,1125.6056938265313,1116.156747813297,1119.306396484375,48600,0.0,0.0
2016-09-21 00:00:00+09:00,1116.5505100014052,1138.204345703125,1113.7945672757319,1138.204345703125,26000,0.0,0.0
2016-09-23 00:00:00+09:00,1137.4168994512584,1143.7161969213935,1125.2120106028717,1137.023193359375,28600,0.0,0.0
2016-09-26 00:00:00+09:00,1137.0234198185062,1137.0234198185062,1127.574471731372,1130.72412109375,19600,0.0,0.0
2016-09-27 00:00:00+09:00,1119.3065285136079,1143.71630859375,1119.3065285136079,1143.71630859375,67000,0.0,0.0
2016-09-28 00:00:00+09:00,1132.2988372675754,1137.8107231235372,1129.1491882070259,1135.448486328125,15200,0.0,0.0
2016-09-29 00:00:00+09:00,1151.9839848454706,1151.9839848454706,1137.4168599516627,1144.10986328125,10600,0.0,0.0
2016-09-30 00:00:00+09:00,1125.6057375271,1141.747687593071,1113.7945545519995,1123.63720703125,10600,0.0,0.0
2016-10-03 00:00:00+09:00,1124.0308443594593,1137.0231448371694,1122.849726134213,1131.1175537109375,6200,0.0,0.0
2016-10-04 00:00:00+09:00,1141.7477100131512,1141.7477100131512,1129.5428206992174,1141.35400390625,8200,0.0,0.0
2016-10-05 00:00:00+09:00,1141.3539483446357,1166.1574318719597,1139.3854179059592,1163.4014892578125,13800,0.0,0.0
2016-10-06 00:00:00+09:00,1166.5512028755302,1169.700851752683,1148.8344279415448,1154.3463134765625,12200,0.0,0.0
2016-10-07 00:00:00+09:00,1146.0785616106186,1168.9135174929327,1134.6610836694617,1159.8582763671875,6400,0.0,0.0
2016-10-11 00:00:00+09:00,1146.8659066336495,1158.28338390532,1143.3225516183036,1157.4959716796875,10400,0.0,0.0
2016-10-12 00:00:00+09:00,1142.141332308126,1155.527338960479,1135.84203505996,1153.9525146484375,8400,0.0,0.0
2016-10-13 00:00:00+09:00,1162.2203581381784,1162.2203581381784,1135.842050551709,1138.99169921875,14800,0.0,0.0
2016-10-14 00:00:00+09:00,1140.9604377445594,1149.228267003578,1138.20449465822,1147.6534423828125,6600,0.0,0.0
2016-10-17 00:00:00+09:00,1155.9212397861058,1166.9450118276627,1149.621941476645,1157.8897705078125,10400,0.0,0.0
2016-10-18 00:00:00+09:00,1168.5196191900295,1168.5196191900295,1160.2517916957604,1167.3385009765625,10800,0.0,0.0
2016-10-19 00:00:00+09:00,1172.8503467490175,1172.8503467490175,1161.4328710673385,1164.58251953125,14800,0.0,0.0
2016-10-20 00:00:00+09:00,1168.9133058627526,1168.9133058627526,1157.4958299887144,1161.0391845703125,33000,0.0,0.0
2016-10-21 00:00:00+09:00,1167.3384521484375,1167.3384521484375,1159.4643310546874,1161.432861328125,2000,0.0,0.0
2016-10-24 00:00:00+09:00,1161.4330833782778,1178.3624469665037,1161.4330833782778,1174.819091796875,4800,0.0,0.0
2016-10-25 00:00:00+09:00,1179.9370751757747,1181.118193369144,1175.6063084667546,1180.7244873046875,18800,0.0,0.0
2016-10-26 00:00:00+09:00,1179.54333984375,1181.1181640625,1177.968515625,1181.1181640625,14400,0.0,0.0
2016-10-27 00:00:00+09:00,1181.1182424750125,1183.0867728791377,1173.6378269393374,1176.7874755859375,10000,0.0,0.0
2016-10-28 00:00:00+09:00,1183.0867919921875,1183.0867919921875,1176.7874945972208,1183.0867919921875,16000,0.0,0.0
2016-10-31 00:00:00+09:00,1183.0867919921875,1188.9923832999687,1178.3623189459624,1183.0867919921875,12200,0.0,0.0
2016-11-01 00:00:00+09:00,1178.7560250331478,1187.0238528640416,1178.7560250331478,1183.0867919921875,12000,0.0,0.0
2016-11-02 00:00:00+09:00,1183.0867236914257,1190.9608449805535,1177.9685448534929,1180.7244873046875,8200,0.0,0.0
2016-11-04 00:00:00+09:00,1177.968515625,1183.0866943359374,1166.1573339843749,1181.1181640625,8000,0.0,0.0
2016-11-07 00:00:00+09:00,1187.0239130741322,1187.0239130741322,1165.3700771805743,1172.456787109375,11800,0.0,0.0
2016-11-08 00:00:00+09:00,1168.519793717535,1179.5435653563798,1163.4016140280717,1174.819091796875,8600,0.0,0.0
2016-11-09 00:00:00+09:00,1190.9609648870241,1190.9609648870241,1128.3616943359375,1128.3616943359375,20400,0.0,0.0
2016-11-10 00:00:00+09:00,1142.1413651776097,1185.055328915755,1142.1413651776097,1164.976318359375,14400,0.0,0.0
2016-11-11 00:00:00+09:00,1185.0553328221743,1185.0553328221743,1164.9763221996059,1176.393798828125,10200,0.0,0.0
2016-11-14 00:00:00+09:00,1190.9609129247885,1200.8035650977208,1185.0553216210294,1192.929443359375,14800,0.0,0.0
2016-11-15 00:00:00+09:00,1198.8350583936347,1200.8035888671875,1192.9294669729766,1200.8035888671875,6200,0.0,0.0
2016-11-16 00:00:00+09:00,1206.709389663914,1242.1429443359375,1206.709389663914,1242.1429443359375,21600,0.0,0.0
2016-11-17 00:00:00+09:00,1238.2055419921874,1242.1426025390624,1222.4572998046874,1240.174072265625,10600,0.0,0.0
2016-11-18 00:00:00+09:00,1242.1427990975753,1250.016921437338,1228.3630850029904,1234.2686767578125,26000,0.0,0.0
2016-11-21 00:00:00+09:00,1244.111328125,1244.111328125,1238.2057363775712,1244.111328125,33200,0.0,0.0
2016-11-22 00:00:00+09:00,1244.1111815634874,1251.985302965788,1244.1111815634874,1246.0797119140625,10000,0.0,0.0
2016-11-24 00:00:00+09:00,1257.8908447265624,1257.8908447265624,1190.9608154296875,1240.174072265625,10800,0.0,0.0
2016-11-25 00:00:00+09:00,1242.1425779299993,1242.1425779299993,1222.4572755856254,1232.2999267578125,12600,0.0,0.0
2016-11-28 00:00:00+09:00,1240.1741690005897,1251.9853515625,1232.3000472926494,1251.9853515625,6600,0.0,0.0
2016-11-29 00:00:00+09:00,1250.0169677734375,1253.9540290892594,1242.1428451417937,1250.0169677734375,11400,0.0,0.0
2016-11-30 00:00:00+09:00,1244.1113047994625,1248.0483658906,1234.2686520716188,1236.2371826171875,11000,0.0,0.0
2016-12-01 00:00:00+09:00,1244.11147515105,1248.0485367812748,1234.268821075488,1242.1429443359375,7800,0.0,0.0
2016-12-02 00:00:00+09:00,1242.1426025390624,1246.0796630859375,1240.174072265625,1240.174072265625,6600,0.0,0.0
2016-12-05 00:00:00+09:00,1226.394506601187,1240.1742201585037,1218.5203845684346,1228.363037109375,7800,0.0,0.0
2016-12-06 00:00:00+09:00,1244.1112072322146,1244.1112072322146,1224.4259033203125,1224.4259033203125,13400,0.0,0.0
2016-12-07 00:00:00+09:00,1238.2056896503157,1238.2056896503157,1226.394506601187,1228.363037109375,10600,0.0,0.0
2016-12-08 00:00:00+09:00,1238.2055174611246,1238.2055174611246,1181.11814066244,1232.2999267578125,22600,0.0,0.0
2016-12-09 00:00:00+09:00,1220.488745351188,1232.2999267578125,1220.488745351188,1232.2999267578125,21000,0.0,0.0
2016-12-12 00:00:00+09:00,1250.0167236328125,1250.0167236328125,1232.299951171875,1240.174072265625,14600,0.0,0.0
2016-12-13 00:00:00+09:00,1248.0482422646378,1253.9538333163632,1234.2685298106117,1246.0797119140625,25200,0.0,0.0
2016-12-14 00:00:00+09:00,1240.174072265625,1250.0167236328125,1236.23701171875,1240.174072265625,13600,0.0,0.0
2016-12-15 00:00:00+09:00,1242.1426994275746,1251.9853515625,1238.2056385736046,1251.9853515625,13600,0.0,0.0
2016-12-16 00:00:00+09:00,1255.92241241647,1255.92241241647,1248.0482907085297,1251.9853515625,11000,0.0,0.0
2016-12-19 00:00:00+09:00,1251.9852782056923,1257.890869140625,1248.048217582404,1257.890869140625,17200,0.0,0.0
2016-12-20 00:00:00+09:00,1253.9539313572063,1253.9539313572063,1240.1742178258085,1248.04833984375,31800,0.0,0.0
2016-12-21 00:00:00+09:00,1248.0485367812748,1248.0485367812748,1238.2058827057128,1242.1429443359375,6200,0.0,0.0
2016-12-22 00:00:00+09:00,1248.0483892899526,1248.0483892899526,1240.1742669600474,1244.111328125,10000,0.0,0.0
2016-12-26 00:00:00+09:00,1244.111328125,1244.111328125,1236.237205795095,1244.111328125,13400,0.0,0.0
2016-12-27 00:00:00+09:00,1244.1111328124998,1244.1111328124998,1236.23701171875,1240.174072265625,6000,0.0,0.0
2016-12-28 00:00:00+09:00,1240.174243708325,1242.1427742538938,1220.4889382526374,1236.2371826171875,19400,0.0,0.0
2016-12-29 00:00:00+09:00,1226.39462634452,1238.205810546875,1224.4260956441276,1238.205810546875,11000,0.0,0.0
2016-12-30 00:00:00+09:00,1212.6149114417726,1238.205810546875,1212.6149114417726,1238.205810546875,13400,0.0,0.0
2017-01-04 00:00:00+09:00,1236.237205795095,1251.985450454905,1236.237205795095,1244.111328125,15000,0.0,0.0
2017-01-05 00:00:00+09:00,1244.111328125,1244.111328125,1242.1427975425238,1244.111328125,6000,0.0,0.0
2017-01-06 00:00:00+09:00,1244.1111569591158,1257.890869140625,1242.1426266474716,1257.890869140625,12600,0.0,0.0
2017-01-10 00:00:00+09:00,1259.8593994522691,1259.8593994522691,1251.9852782056923,1257.890869140625,13200,0.0,0.0
2017-01-11 00:00:00+09:00,1257.890869140625,1257.890869140625,1253.9538085173365,1257.890869140625,4200,0.0,0.0
2017-01-12 00:00:00+09:00,1250.0167966450404,1257.8909181987099,1250.0167966450404,1253.953857421875,11200,0.0,0.0
2017-01-13 00:00:00+09:00,1253.9539056777955,1259.8594970703125,1248.0483142852784,1259.8594970703125,10400,0.0,0.0
2017-01-16 00:00:00+09:00,1259.8593994522691,1259.8593994522691,1250.0167478940482,1257.890869140625,4400,0.0,0.0
2017-01-17 00:00:00+09:00,1257.890869140625,1257.890869140625,1251.9852782056923,1257.890869140625,14200,0.0,0.0
2017-01-18 00:00:00+09:00,1257.8910158928659,1257.8910158928659,1255.9224853515625,1255.9224853515625,10000,0.0,0.0
2017-01-19 00:00:00+09:00,1259.859350998464,1281.51318359375,1259.859350998464,1281.51318359375,27800,0.0,0.0
2017-01-20 00:00:00+09:00,1275.6075928859448,1281.51318359375,1250.0166998187883,1281.51318359375,41200,0.0,0.0
2017-01-23 00:00:00+09:00,1267.733642578125,1277.5762950826136,1265.7651120772273,1267.733642578125,5800,0.0,0.0
2017-01-24 00:00:00+09:00,1267.7336170372596,1279.5447998046875,1251.9853733473558,1279.5447998046875,10000,0.0,0.0
2017-01-25 00:00:00+09:00,1283.4820353506514,1287.4190968087821,1251.9855436856046,1265.7652587890625,17400,0.0,0.0
2017-01-26 00:00:00+09:00,1277.5764908451044,1281.513552450174,1269.7023676349652,1271.6708984375,13000,0.0,0.0
2017-01-27 00:00:00+09:00,1271.6706779597357,1285.4503911884015,1269.7021474984977,1279.5447998046875,6400,0.0,0.0
2017-01-30 00:00:00+09:00,1275.6076656417497,1285.4503173828125,1275.6076656417497,1285.4503173828125,4000,0.0,0.0
2017-01-31 00:00:00+09:00,1275.607812801874,1283.4819351031201,1273.6392822265625,1273.6392822265625,7800,0.0,0.0
2017-02-01 00:00:00+09:00,1269.702122385909,1295.2930178758575,1269.702122385909,1291.35595703125,8400,0.0,0.0
2017-02-02 00:00:00+09:00,1289.3873780792376,1297.261499472088,1283.4817870345998,1285.4503173828125,5200,0.0,0.0
2017-02-03 00:00:00+09:00,1285.4503911884015,1291.3559825721154,1279.5447998046875,1279.5447998046875,4200,0.0,0.0
2017-02-06 00:00:00+09:00,1279.544726713204,1289.3873784571517,1273.6391356668355,1275.607666015625,4400,0.0,0.0
2017-02-07 00:00:00+09:00,1275.6076415639445,1287.4188234302774,1275.6076415639445,1277.576171875,7000,0.0,0.0
2017-02-08 00:00:00+09:00,1287.4191448577785,1287.4191448577785,1269.7023676349652,1271.6708984375,10800,0.0,0.0
2017-02-09 00:00:00+09:00,1275.6077854886967,1295.2930908203125,1275.6077854886967,1295.2930908203125,7600,0.0,0.0
2017-02-10 00:00:00+09:00,1299.2301249824832,1316.9468994140625,1299.2301249824832,1316.9468994140625,15200,0.0,0.0
2017-02-13 00:00:00+09:00,1328.7579588405515,1348.4432619344855,1326.789428531158,1336.632080078125,20200,0.0,0.0
2017-02-14 00:00:00+09:00,1338.6005859375,1354.348828125,1338.6005859375,1338.6005859375,16600,0.0,0.0
2017-02-15 00:00:00+09:00,1358.286111302313,1358.286111302313,1340.5693359375,1340.5693359375,16600,0.0,0.0
2017-02-16 00:00:00+09:00,1340.5691888134552,1354.348901473799,1340.5691888134552,1352.38037109375,8200,0.0,0.0
2017-02-17 00:00:00+09:00,1356.3175295452738,1362.223121110783,1354.3489990234375,1354.3489990234375,15200,0.0,0.0
2017-02-20 00:00:00+09:00,1358.2861293247768,1377.971435546875,1352.3805374581473,1377.971435546875,26800,0.0,0.0
2017-02-21 00:00:00+09:00,1372.0657230075315,1405.5307406418615,1344.5062967204362,1368.128662109375,27200,0.0,0.0
2017-02-22 00:00:00+09:00,1368.1284923767776,1405.5305662690923,1368.1284923767776,1401.593505859375,8000,0.0,0.0
2017-02-23 00:00:00+09:00,1401.5937513812764,1413.4049346794334,1389.7825680831197,1391.7510986328125,10200,0.0,0.0
2017-02-24 00:00:00+09:00,1397.6566170766844,1401.5936779698582,1379.9398430574024,1387.81396484375,8800,0.0,0.0
2017-02-27 00:00:00+09:00,1397.6567166882132,1397.6567166882132,1372.0658190587108,1379.93994140625,11400,0.0,0.0
2017-02-28 00:00:00+09:00,1376.0030517578125,1411.4366067387004,1362.2233359319116,1376.0030517578125,10400,0.0,0.0
2017-03-01 00:00:00+09:00,1376.0029049246652,1381.9084967912947,1362.2231905691965,1377.971435546875,4400,0.0,0.0
2017-03-02 00:00:00+09:00,1379.9398448038444,1381.9083752529227,1350.4118880676708,1368.128662109375,6200,0.0,0.0
2017-03-03 00:00:00+09:00,1358.2859134814526,1358.2859134814526,1336.632080078125,1336.632080078125,9000,0.0,0.0
2017-03-06 00:00:00+09:00,1340.5691162109374,1348.4432373046875,1336.6320556640624,1338.6005859375,8400,0.0,0.0
2017-03-07 00:00:00+09:00,1338.6007089120371,1342.5377698206019,1324.8209957320603,1328.758056640625,11000,0.0,0.0
2017-03-08 00:00:00+09:00,1328.758032808716,1330.726563227692,1316.9468502948607,1320.8839111328125,11600,0.0,0.0
2017-03-09 00:00:00+09:00,1320.8839111328125,1324.8209719707643,1316.9468502948607,1320.8839111328125,14600,0.0,0.0
2017-03-10 00:00:00+09:00,1330.726514256643,1338.600635642777,1313.0097411378415,1314.978271484375,31400,0.0,0.0
2017-03-13 00:00:00+09:00,1320.8838134765624,1338.6005859375,1320.8838134765624,1338.6005859375,9600,0.0,0.0
2017-03-14 00:00:00+09:00,1338.6005859375,1340.5691162109374,1332.6949951171873,1338.6005859375,11400,0.0,0.0
2017-03-15 00:00:00+09:00,1342.5376464843748,1342.5376464843748,1332.6949951171873,1338.6005859375,9800,0.0,0.0
2017-03-16 00:00:00+09:00,1334.6637441492292,1340.5693359375,1330.7266829570485,1340.5693359375,20400,0.0,0.0
2017-03-17 00:00:00+09:00,1344.506414969308,1377.971435546875,1334.663761858259,1377.971435546875,64000,0.0,0.0
2017-03-21 00:00:00+09:00,1372.065552786495,1405.5305662690923,1372.065552786495,1401.593505859375,33000,0.0,0.0
2017-03-22 00:00:00+09:00,1385.8455331669045,1401.593777861983,1379.93994140625,1379.93994140625,13000,0.0,0.0
2017-03-23 00:00:00+09:00,1383.876953125,1395.6881362242177,1372.0657700257825,1383.876953125,7800,0.0,0.0
2017-03-24 00:00:00+09:00,1377.9712403742838,1377.9712403742838,1370.0971190007165,1374.0341796875,9600,0.0,0.0
2017-03-27 00:00:00+09:00,1376.002931622332,1376.002931622332,1352.380563697485,1366.1602783203125,13800,0.0,0.0
2017-03-28 00:00:00+09:00,1370.0970703125,1407.4991455078125,1370.0970703125,1407.4991455078125,33000,0.0,0.0
2017-03-29 00:00:00+09:00,1409.506997063307,1411.5148417884684,1389.4285498116928,1399.4677734375,11800,35.0,0.0
2017-03-30 00:00:00+09:00,1399.467845337091,1401.475690165408,1387.4207763671875,1387.4207763671875,4400,0.0,0.0
2017-03-31 00:00:00+09:00,1397.4603253264925,1401.4760159165112,1345.25634765625,1345.25634765625,13600,0.0,0.0
2017-04-03 00:00:00+09:00,1351.279541015625,1359.3109201598486,1331.201093155066,1351.279541015625,12400,0.0,0.0
2017-04-04 00:00:00+09:00,1351.2795983434605,1357.3031329571759,1335.2168393735533,1355.2952880859375,6400,0.0,0.0
2017-04-05 00:00:00+09:00,1355.2952880859375,1371.358047055845,1355.2952880859375,1355.2952880859375,10800,0.0,0.0
2017-04-06 00:00:00+09:00,1345.2561438997884,1351.279678872474,1335.2169189453125,1335.2169189453125,9400,0.0,0.0
2017-04-07 00:00:00+09:00,1337.2247639362076,1347.2639888906838,1335.2169189453125,1335.2169189453125,6000,0.0,0.0
2017-04-10 00:00:00+09:00,1341.2404460365283,1355.2953608902046,1341.2404460365283,1343.248291015625,5600,0.0,0.0
2017-04-11 00:00:00+09:00,1343.2485023612408,1355.2955741312967,1341.2406570662313,1345.25634765625,5600,0.0,0.0
2017-04-12 00:00:00+09:00,1345.2562822614398,1349.27197265625,1337.2249014718193,1349.27197265625,8200,0.0,0.0
2017-04-13 00:00:00+09:00,1341.2403813687595,1353.2874506624908,1341.2403813687595,1347.263916015625,9200,0.0,0.0
2017-04-14 00:00:00+09:00,1337.2246990518413,1347.2639235191975,1337.2246990518413,1339.2325439453125,10200,0.0,0.0
2017-04-17 00:00:00+09:00,1339.2326010574318,1343.248291015625,1333.2090661201419,1343.248291015625,11200,0.0,0.0
2017-04-18 00:00:00+09:00,1355.2952305877368,1357.3030753737928,1349.2716962295692,1351.279541015625,13200,0.0,0.0
2017-04-19 00:00:00+09:00,1353.287515911108,1355.2953608902046,1343.248291015625,1343.248291015625,16200,0.0,0.0
2017-04-20 00:00:00+09:00,1351.279883541278,1351.279883541278,1335.2171211812033,1345.25634765625,29000,0.0,0.0
2017-04-21 00:00:00+09:00,1345.2560066574574,1353.287385801681,1345.2560066574574,1351.279541015625,13000,0.0,0.0
2017-04-24 00:00:00+09:00,1353.2875893741934,1361.3189697265625,1353.2875893741934,1361.3189697265625,8200,0.0,0.0
2017-04-25 00:00:00+09:00,1361.3187935990638,1389.4286211955048,1359.3109487707468,1387.4207763671875,23000,0.0,0.0
2017-04-26 00:00:00+09:00,1383.405029296875,1387.4207187868515,1381.3971845518868,1383.405029296875,12600,0.0,0.0
2017-04-27 00:00:00+09:00,1383.4050038507312,1391.436382682956,1363.3265567701692,1377.3814697265625,16400,0.0,0.0
2017-04-28 00:00:00+09:00,1377.3815343310262,1377.3815343310262,1373.3658447265625,1373.3658447265625,7200,0.0,0.0
2017-05-01 00:00:00+09:00,1365.3346192121157,1375.3738443533812,1365.3346192121157,1371.358154296875,5000,0.0,0.0
2017-05-02 00:00:00+09:00,1363.3267903645833,1393.4444661458333,1363.3267903645833,1385.4130859375,11600,0.0,0.0
2017-05-08 00:00:00+09:00,1377.3815172841948,1427.57763671875,1377.3815172841948,1427.57763671875,21600,0.0,0.0
2017-05-09 00:00:00+09:00,1415.5305293418842,1441.632510734004,1407.4991504520012,1437.6168212890625,12600,0.0,0.0
2017-05-10 00:00:00+09:00,1427.5778078214894,1439.6248779296875,1409.507202659192,1439.6248779296875,17800,0.0,0.0
2017-05-11 00:00:00+09:00,1425.5697462293838,1445.648193359375,1425.5697462293838,1445.648193359375,14400,0.0,0.0
2017-05-12 00:00:00+09:00,1445.648243801653,1457.6953125,1431.593330320248,1457.6953125,14000,0.0,0.0
2017-05-15 00:00:00+09:00,1441.6325542355373,1457.6953125,1441.6325542355373,1457.6953125,9200,0.0,0.0
2017-05-16 00:00:00+09:00,1455.6874677169421,1457.6953125,1451.6717781508266,1457.6953125,14600,0.0,0.0
2017-05-17 00:00:00+09:00,1461.7112710583847,1465.7269613634903,1455.6877356007267,1463.7191162109375,8200,0.0,0.0
2017-05-18 00:00:00+09:00,1461.7111167594178,1465.726806640625,1457.6954268782106,1465.726806640625,12600,0.0,0.0
2017-05-19 00:00:00+09:00,1465.726863673476,1471.7503987296682,1461.7111736360143,1469.7425537109375,12400,0.0,0.0
2017-05-22 00:00:00+09:00,1471.7503662109375,1471.7503662109375,1455.6876064160024,1471.7503662109375,39800,0.0,0.0
2017-05-23 00:00:00+09:00,1471.7503662109375,1471.7503662109375,1465.7268312878368,1471.7503662109375,5000,0.0,0.0
2017-05-24 00:00:00+09:00,1471.7502370184764,1479.7816162109375,1467.734547422246,1479.7816162109375,5400,0.0,0.0
2017-05-25 00:00:00+09:00,1481.789591082772,1481.789591082772,1471.7503662109375,1471.7503662109375,7200,0.0,0.0
2017-05-26 00:00:00+09:00,1471.7503241701245,1471.7503241701245,1451.671875,1451.671875,7400,0.0,0.0
2017-05-29 00:00:00+09:00,1451.6719400138697,1451.6719400138697,1443.6405599861305,1447.65625,3400,0.0,0.0
2017-05-30 00:00:00+09:00,1447.65625,1449.6640950069348,1435.6091799583912,1447.65625,5800,0.0,0.0
2017-05-31 00:00:00+09:00,1441.6327799026424,1453.679850486787,1429.5857093184977,1443.640625,11600,0.0,0.0
2017-06-01 00:00:00+09:00,1451.671835260077,1461.7110595703125,1451.671835260077,1461.7110595703125,7600,0.0,0.0
2017-06-02 00:00:00+09:00,1455.6874169243706,1467.7344852023655,1441.6325039333767,1445.648193359375,16200,0.0,0.0
2017-06-05 00:00:00+09:00,1431.593319253988,1441.6325430916738,1425.5697849513767,1435.6090087890625,12800,0.0,0.0
2017-06-06 00:00:00+09:00,1431.5932939507989,1433.6011386828477,1421.5540702905548,1429.58544921875,6600,0.0,0.0
2017-06-07 00:00:00+09:00,1425.5697597546525,1433.6011386828477,1425.5697597546525,1429.58544921875,6600,0.0,0.0
2017-06-08 00:00:00+09:00,1429.58544921875,1431.5932939507989,1429.58544921875,1429.58544921875,3200,0.0,0.0
2017-06-09 00:00:00+09:00,1423.5620043568656,1433.6012286471116,1419.5463146407674,1431.5933837890625,13200,0.0,0.0
2017-06-12 00:00:00+09:00,1435.6090735051607,1435.6090735051607,1425.569849214915,1431.5933837890625,4400,0.0,0.0
2017-06-13 00:00:00+09:00,1435.609171262929,1437.6170162577023,1425.5699462890625,1425.5699462890625,7600,0.0,0.0
2017-06-14 00:00:00+09:00,1435.6090735051607,1437.6169183632098,1431.5933837890625,1431.5933837890625,4400,0.0,0.0
2017-06-15 00:00:00+09:00,1443.640504759079,1477.7738685711852,1443.640504759079,1473.7581787109375,19200,0.0,0.0
2017-06-16 00:00:00+09:00,1485.8051543540143,1529.9777400239986,1483.7973095508332,1509.8992919921875,32800,0.0,0.0
2017-06-19 00:00:00+09:00,1525.96201081572,1525.96201081572,1503.8757185539134,1519.9384765625,14000,0.0,0.0
2017-06-20 00:00:00+09:00,1519.9386233681128,1540.0170728181538,1505.883708753084,1525.962158203125,46400,0.0,0.0
2017-06-21 00:00:00+09:00,1529.977872796015,1550.0563225702408,1525.9621828411698,1531.9857177734375,14600,0.0,0.0
2017-06-22 00:00:00+09:00,1538.0093180873234,1546.040698338432,1527.9700927734375,1527.9700927734375,16400,0.0,0.0
2017-06-23 00:00:00+09:00,1536.0012959325036,1554.0718994140625,1536.0012959325036,1554.0718994140625,12800,0.0,0.0
2017-06-26 00:00:00+09:00,1566.1190110809948,1584.1896150550062,1554.0719417649873,1574.150390625,32600,0.0,0.0
2017-06-27 00:00:00+09:00,1584.189567960376,1592.220947265625,1574.1503438288146,1592.220947265625,31600,0.0,0.0
2017-06-28 00:00:00+09:00,1620.3307451801916,1628.3621243384575,1529.9777296496975,1556.0797119140625,113600,0.0,0.0
2017-06-29 00:00:00+09:00,1580.1740479737855,1604.2681884765625,1580.1740479737855,1604.2681884765625,15400,0.0,0.0
2017-06-30 00:00:00+09:00,1604.2680969628034,1604.2680969628034,1568.1268882702745,1572.142578125,11400,0.0,0.0
2017-07-03 00:00:00+09:00,1588.2053298659366,1604.268089207185,1562.103345936408,1580.1739501953125,13600,0.0,0.0
2017-07-04 00:00:00+09:00,1600.2523972901656,1600.2523972901656,1542.024894753886,1550.0562744140625,19000,0.0,0.0
2017-07-05 00:00:00+09:00,1542.0247802734375,1564.1110726992288,1533.9934012095132,1542.0247802734375,12400,0.0,0.0
2017-07-06 00:00:00+09:00,1538.0091229653888,1550.0561918136816,1536.00127815734,1540.0169677734375,7000,0.0,0.0
2017-07-07 00:00:00+09:00,1529.977872796015,1546.0406326153957,1527.9700278185924,1531.9857177734375,11200,0.0,0.0
2017-07-10 00:00:00+09:00,1556.0798417424103,1566.1190665278452,1544.0327719998884,1548.0484619140625,11400,0.0,0.0
2017-07-11 00:00:00+09:00,1552.0641364316732,1572.1425858033638,1542.024911745828,1564.1112060546875,8800,0.0,0.0
2017-07-12 00:00:00+09:00,1558.0875675890586,1582.1817052321883,1558.0875675890586,1578.166015625,14000,0.0,0.0
2017-07-13 00:00:00+09:00,1584.1895500357825,1592.220929250159,1574.1503260178117,1578.166015625,6000,0.0,0.0
2017-07-14 00:00:00+09:00,1598.2445717146175,1598.2445717146175,1592.2210368965975,1594.2288818359375,6200,0.0,0.0
2017-07-17 00:00:00+09:00,1594.2288818359375,1594.2288818359375,1594.2288818359375,1594.2288818359375,0,0.0,0.0
2017-07-18 00:00:00+09:00,1600.25244140625,1602.2602863766467,1594.2289064950596,1600.25244140625,9600,0.0,0.0
2017-07-19 00:00:00+09:00,1602.2602387610498,1622.3386878683311,1592.221014207409,1618.322998046875,30400,0.0,0.0
2017-07-20 00:00:00+09:00,1614.3072186772126,1618.3229082759121,1604.2679946804637,1616.3150634765625,23200,0.0,0.0
2017-07-21 00:00:00+09:00,1616.3151531361468,1618.322998046875,1606.2759285825061,1618.322998046875,8600,0.0,0.0
2017-07-24 00:00:00+09:00,1618.3231769221843,1622.3388671875,1602.260415860922,1622.3388671875,12400,0.0,0.0
2017-07-25 00:00:00+09:00,1630.3701409912107,1630.3701409912107,1600.2524659729004,1606.2760009765625,8400,0.0,0.0
2017-07-26 00:00:00+09:00,1614.3073082254186,1630.3700675112436,1614.3073082254186,1618.322998046875,6800,0.0,0.0
2017-07-27 00:00:00+09:00,1604.2680267789472,1620.3307854951317,1602.260181939424,1614.3072509765625,6000,0.0,0.0
2017-07-28 00:00:00+09:00,1608.2836269506927,1620.3306953173646,1602.2600927673568,1612.29931640625,7000,0.0,0.0
2017-07-31 00:00:00+09:00,1600.2524819422251,1600.2524819422251,1590.2132568359375,1590.2132568359375,4600,0.0,0.0
2017-08-01 00:00:00+09:00,1590.2131129022855,1614.3072509765625,1588.2052680627623,1614.3072509765625,6200,0.0,0.0
2017-08-02 00:00:00+09:00,1614.3072258309926,1614.3072258309926,1600.25231217326,1608.28369140625,5000,0.0,0.0
2017-08-03 00:00:00+09:00,1608.28369140625,1610.2915362144975,1594.2287777485174,1608.28369140625,4800,0.0,0.0
2017-08-04 00:00:00+09:00,1608.2837164579933,1616.3150958160857,1604.2680267789472,1614.3072509765625,5200,0.0,0.0
2017-08-07 00:00:00+09:00,1754.856606648318,1865.2880864717247,1754.856606648318,1835.17041015625,65200,0.0,0.0
2017-08-08 00:00:00+09:00,1855.2488951141424,1915.4842488516147,1797.0213865012527,1803.044921875,43200,0.0,0.0
2017-08-09 00:00:00+09:00,1807.0605386362838,1809.068383679213,1754.8565675201244,1784.9742431640625,22200,0.0,0.0
2017-08-10 00:00:00+09:00,1784.9740604785604,1790.9975949908614,1746.82500856732,1750.8406982421875,15000,0.0,0.0
2017-08-11 00:00:00+09:00,1750.8406982421875,1750.8406982421875,1750.8406982421875,1750.8406982421875,0,0.0,0.0
2017-08-14 00:00:00+09:00,1722.7308639562611,1726.746553615833,1688.5975018499018,1690.6053466796875,29000,0.0,0.0
2017-08-15 00:00:00+09:00,1714.6996018324442,1746.8251213047147,1702.6525320303426,1728.7545166015625,13600,0.0,0.0
2017-08-16 00:00:00+09:00,1750.8406982421875,1764.8956121042233,1736.7857843801517,1750.8406982421875,13200,0.0,0.0
2017-08-17 00:00:00+09:00,1762.8878498142637,1764.8956947457152,1742.8094004997506,1760.8800048828125,8400,0.0,0.0
2017-08-18 00:00:00+09:00,1762.8878402181367,1762.8878402181367,1736.7858562513534,1738.793701171875,12800,0.0,0.0
2017-08-21 00:00:00+09:00,1736.7857843801517,1756.8642327544887,1734.7779395427178,1750.8406982421875,20000,0.0,0.0
2017-08-22 00:00:00+09:00,1750.8409257368608,1780.958602211692,1750.8409257368608,1766.9036865234375,12600,0.0,0.0
2017-08-23 00:00:00+09:00,1776.9426811288256,1793.0054398282953,1742.8093188924527,1750.8406982421875,16000,0.0,0.0
2017-08-24 00:00:00+09:00,1768.9113846086177,1772.9270744715204,1754.8564700884585,1760.8800048828125,5800,0.0,0.0
2017-08-25 00:00:00+09:00,1760.8799800218108,1766.9035147311213,1752.8486004093966,1754.8564453125,10200,0.0,0.0
2017-08-28 00:00:00+09:00,1726.746785246568,1754.8566166343026,1726.746785246568,1736.7860107421875,21000,0.0,0.0
2017-08-29 00:00:00+09:00,1736.7859228078685,1797.0212727318408,1732.770232812937,1795.013427734375,12000,0.0,0.0
2017-08-30 00:00:00+09:00,1784.9742431640625,1803.0448485504253,1776.9428629923457,1784.9742431640625,18600,0.0,0.0
2017-08-31 00:00:00+09:00,1784.9741860511203,1801.036945880602,1772.9271161790093,1780.95849609375,12200,0.0,0.0
2017-09-01 00:00:00+09:00,1782.966179407231,1803.0446273735288,1782.966179407231,1790.99755859375,7200,0.0,0.0
2017-09-04 00:00:00+09:00,1801.037053194913,1801.037053194913,1764.8958414251153,1766.9036865234375,12200,0.0,0.0
2017-09-05 00:00:00+09:00,1768.9114159419007,1780.9584857440022,1726.7466716345457,1728.7545166015625,17000,0.0,0.0
2017-09-06 00:00:00+09:00,1726.7467285722046,1750.8408689708865,1726.7467285722046,1732.770263671875,11800,0.0,0.0
2017-09-07 00:00:00+09:00,1752.8486100536281,1788.989818508342,1746.8250753111759,1776.9427490234375,6200,0.0,0.0
2017-09-08 00:00:00+09:00,1772.9270744715204,1780.9584541973256,1756.8643150199098,1760.8800048828125,17600,0.0,0.0
2017-09-11 00:00:00+09:00,1754.8564870152538,1778.9506264250742,1752.8486420644354,1774.9349365234375,16200,0.0,0.0
2017-09-12 00:00:00+09:00,1774.9349769357934,1793.0055819045967,1760.8800619600577,1764.895751953125,21800,0.0,0.0
2017-09-13 00:00:00+09:00,1764.895640032479,1807.0603822858147,1762.8877951632726,1786.98193359375,19400,0.0,0.0
2017-09-14 00:00:00+09:00,1797.021297254956,1805.0526773544193,1795.01345223009,1801.0369873046875,15200,0.0,0.0
2017-09-15 00:00:00+09:00,1805.05288026391,1815.0921065167681,1797.0214992616234,1811.076416015625,38000,0.0,0.0
2017-09-18 00:00:00+09:00,1811.076416015625,1811.076416015625,1811.076416015625,1811.076416015625,0,0.0,0.0
2017-09-19 00:00:00+09:00,1811.0762128328022,1841.1938882125053,1801.0369877062346,1831.1546630859375,28200,0.0,0.0
2017-09-20 00:00:00+09:00,1825.1311114738,1825.1311114738,1807.060506409703,1817.0997314453125,33800,0.0,0.0
2017-09-21 00:00:00+09:00,1807.0604572571956,1823.1232168772594,1790.9976976371315,1805.0526123046875,21200,0.0,0.0
2017-09-22 00:00:00+09:00,1799.029075933258,1799.029075933258,1746.8251072119804,1774.9349365234375,28400,0.0,0.0
2017-09-25 00:00:00+09:00,1780.9583346106012,1790.99755859375,1766.903421034193,1790.99755859375,24200,0.0,0.0
2017-09-26 00:00:00+09:00,1778.9506677546492,1807.0604977191695,1778.9506677546492,1795.013427734375,45600,0.0,0.0
2017-09-27 00:00:00+09:00,1790.9978628700658,1914.681123355263,1783.7696203741775,1907.452880859375,39100,0.0,2.0
2017-09-28 00:00:00+09:00,1907.4524670112423,1907.4524670112423,1865.6892972072067,1876.9332275390625,20100,0.0,0.0
2017-09-29 00:00:00+09:00,1888.9806233442366,1906.6496597870823,1856.8551025390625,1856.8551025390625,14200,0.0,0.0
2017-10-02 00:00:00+09:00,1864.8863942000426,1884.96484375,1860.870704290051,1884.96484375,11700,0.0,0.0
2017-10-03 00:00:00+09:00,1887.3741728773712,1887.3741728773712,1872.114551905171,1884.16162109375,8500,0.0,0.0
2017-10-04 00:00:00+09:00,1884.1618542323295,1884.1618542323295,1863.280265054989,1871.3116455078125,8900,0.0,0.0
2017-10-05 00:00:00+09:00,1852.036378005909,1874.5242438273165,1852.036378005909,1862.4771728515625,7400,0.0,0.0
2017-10-06 00:00:00+09:00,1864.0831946601934,1886.571057413526,1847.2172975951937,1860.0675048828125,13600,0.0,0.0
2017-10-09 00:00:00+09:00,1860.0675048828125,1860.0675048828125,1860.0675048828125,1860.0675048828125,0,0.0,0.0
2017-10-10 00:00:00+09:00,1860.0675837590145,1880.1460334973458,1857.6581697904146,1879.3428955078125,15800,0.0,0.0
2017-10-11 00:00:00+09:00,1873.7206388005238,1879.3426038547902,1865.6892601515717,1877.736328125,11400,0.0,0.0
2017-10-12 00:00:00+09:00,1876.9335883486588,1913.0747999343198,1873.7210362077112,1905.8465576171875,20800,0.0,0.0
2017-10-13 00:00:00+09:00,1907.4525636577057,1968.491045694752,1894.602356913064,1948.41259765625,33600,0.0,0.0
2017-10-16 00:00:00+09:00,1949.215963234131,1949.215963234131,1893.7994401755589,1904.240234375,26700,0.0,0.0
2017-10-17 00:00:00+09:00,1909.0589775761473,1909.0589775761473,1887.3742521261868,1903.43701171875,15700,0.0,0.0
2017-10-18 00:00:00+09:00,1911.468523863846,1911.468523863846,1891.3900729829231,1905.8465576171875,11000,0.0,0.0
2017-10-19 00:00:00+09:00,1889.7835178134214,1908.2556898957455,1889.7835178134214,1906.6494140625,12900,0.0,0.0
2017-10-20 00:00:00+09:00,1888.1777813251201,1907.453096829928,1879.34326171875,1900.224853515625,25300,0.0,0.0
2017-10-23 00:00:00+09:00,1885.7677110880552,1922.712052957753,1885.7677110880552,1917.090087890625,19300,0.0,0.0
2017-10-24 00:00:00+09:00,1917.090383336164,1949.2159029563763,1913.877831374143,1939.5782470703125,20900,0.0,0.0
2017-10-25 00:00:00+09:00,1936.36572265625,1953.2316206968064,1921.9092386214875,1936.36572265625,11900,0.0,0.0
2017-10-26 00:00:00+09:00,1935.562780822856,1935.562780822856,1920.303157239605,1924.31884765625,5800,0.0,0.0
2017-10-27 00:00:00+09:00,1935.5623647742402,1935.5623647742402,1903.436848346452,1922.712158203125,9900,0.0,0.0
2017-10-30 00:00:00+09:00,1909.0592240729993,1938.7753331561719,1899.4215670730516,1924.31884765625,29300,0.0,0.0
2017-10-31 00:00:00+09:00,1942.7906150958984,1955.6408217273718,1933.9560980367603,1954.0345458984375,12700,0.0,0.0
2017-11-01 00:00:00+09:00,1929.1373344308265,1967.6879556018007,1927.5310585487027,1950.0189208984375,18200,0.0,0.0
2017-11-02 00:00:00+09:00,1951.6251867549936,1951.6251867549936,1919.4996692775453,1947.6094970703125,9600,0.0,0.0
2017-11-03 00:00:00+09:00,1947.6094970703125,1947.6094970703125,1947.6094970703125,1947.6094970703125,0,0.0,0.0
2017-11-06 00:00:00+09:00,1929.1379014577296,1963.6728430741668,1918.6971051550859,1940.3818359375,15900,0.0,0.0
2017-11-07 00:00:00+09:00,1947.6096113702356,1958.050405163148,1929.137437736621,1955.6409912109375,13900,0.0,0.0
2017-11-08 00:00:00+09:00,1967.6880421862454,2000.61669921875,1943.5939028941689,2000.61669921875,25100,0.0,0.0
2017-11-09 00:00:00+09:00,2007.0421990691343,2056.8367634317938,1991.7825745063838,2028.7269287109375,26000,0.0,0.0
2017-11-10 00:00:00+09:00,1988.569592422314,2010.2543173800693,1988.569592422314,2001.4197998046875,7200,0.0,0.0
2017-11-13 00:00:00+09:00,2007.8449565743879,2007.8449565743879,1981.341403147606,1984.553955078125,10900,0.0,0.0
2017-11-14 00:00:00+09:00,1984.5537583736384,1994.191413209933,1978.128655149442,1986.1600341796875,5300,0.0,0.0
2017-11-15 00:00:00+09:00,1986.1597191430017,1992.5848213480742,1912.2710437846692,1913.8773193359375,29800,0.0,0.0
2017-11-16 00:00:00+09:00,1904.239875497448,1937.9716657846234,1896.2084968576444,1925.1214599609375,9700,0.0,0.0
2017-11-17 00:00:00+09:00,1925.1217017461788,1939.5781851134843,1913.0746322734244,1914.680908203125,17200,0.0,0.0
2017-11-20 00:00:00+09:00,1913.0746552784158,1913.0746552784158,1864.8863768079268,1890.5867919921875,34800,0.0,0.0
2017-11-21 00:00:00+09:00,1893.7993438902201,1903.436999584318,1888.177378068663,1890.5867919921875,7200,0.0,0.0
2017-11-22 00:00:00+09:00,1897.8147145903624,1905.8460929847356,1842.398203669188,1844.8076171875,19500,0.0,0.0
2017-11-23 00:00:00+09:00,1844.8076171875,1844.8076171875,1844.8076171875,1844.8076171875,0,0.0,0.0
2017-11-24 00:00:00+09:00,1842.398271526742,1859.2641667761152,1837.5794443126356,1851.2327880859375,10900,0.0,0.0
2017-11-27 00:00:00+09:00,1861.6738577114443,1880.949169439259,1858.4613057568085,1868.902099609375,13400,0.0,0.0
2017-11-28 00:00:00+09:00,1868.9022300565452,1885.768128995603,1857.6582974305068,1860.870849609375,5800,0.0,0.0
2017-11-29 00:00:00+09:00,1878.5396110654433,1893.7992316769198,1869.7050938693255,1892.99609375,9800,0.0,0.0
2017-11-30 00:00:00+09:00,1874.5240556254034,1890.58681531371,1857.6581579526812,1866.49267578125,16100,0.0,0.0
2017-12-01 00:00:00+09:00,1869.7052494298175,1893.7993892420575,1866.492697454852,1881.7523193359375,10100,0.0,0.0
2017-12-04 00:00:00+09:00,1904.2401181453722,1904.2401181453722,1846.4141845703125,1846.4141845703125,9300,0.0,0.0
2017-12-05 00:00:00+09:00,1835.9735188945106,1843.2017610948826,1814.2887922933944,1827.942138671875,13900,0.0,0.0
2017-12-06 00:00:00+09:00,1825.5326258182952,1839.185971457939,1802.2416244330198,1803.847900390625,15200,0.0,0.0
2017-12-07 00:00:00+09:00,1808.6668754153782,1862.477124373118,1808.6668754153782,1850.4300537109375,16900,0.0,0.0
2017-12-08 00:00:00+09:00,1810.2731597288443,1855.2488904053373,1810.2731597288443,1842.398681640625,25800,0.0,0.0
2017-12-11 00:00:00+09:00,1858.4611989960922,1863.2800266512247,1834.36706072043,1852.8392333984375,14500,0.0,0.0
2017-12-12 00:00:00+09:00,1859.2645033754072,1871.3115735916626,1823.9264307410583,1833.5640869140625,10100,0.0,0.0
2017-12-13 00:00:00+09:00,1836.7766291568155,1845.6111472681948,1823.1232829846833,1831.1546630859375,11400,0.0,0.0
2017-12-14 00:00:00+09:00,1832.7608218031767,1852.839270771222,1831.154545885733,1852.0361328125,12400,0.0,0.0
2017-12-15 00:00:00+09:00,1841.5952249453874,1847.217190307192,1824.729328859974,1844.004638671875,15600,0.0,0.0
2017-12-18 00:00:00+09:00,1855.2486846473873,1859.2643744409963,1839.185925472951,1852.0361328125,11600,0.0,0.0
2017-12-19 00:00:00+09:00,1852.0360523594984,1852.0360523594984,1825.5325008730008,1832.7607421875,22000,0.0,0.0
2017-12-20 00:00:00+09:00,1827.9418704685456,1847.2171801747168,1819.107353519884,1841.59521484375,28400,0.0,0.0
2017-12-21 00:00:00+09:00,1839.9888848640876,1855.2485045988835,1835.973195460194,1848.020263671875,9800,0.0,0.0
2017-12-22 00:00:00+09:00,1848.823712599644,1859.2645068063318,1837.5797803770572,1854.4456787109375,12600,0.0,0.0
2017-12-25 00:00:00+09:00,1853.642283410107,1853.642283410107,1833.5638357995122,1841.59521484375,10400,0.0,0.0
2017-12-26 00:00:00+09:00,1843.2017724801108,1854.445704861253,1831.1547020717442,1840.7923583984375,11200,0.0,0.0
2017-12-27 00:00:00+09:00,1844.0045472647776,1854.4453395620085,1830.3512034914756,1851.2327880859375,6400,0.0,0.0
2017-12-28 00:00:00+09:00,1851.2331527523554,1858.4613949973755,1836.7766682623153,1840.7923583984375,7600,0.0,0.0
2017-12-29 00:00:00+09:00,1842.398543955441,1862.4769936498114,1836.7765780410173,1858.4613037109375,10100,0.0,0.0
2018-01-01 00:00:00+09:00,1858.4613037109375,1858.4613037109375,1858.4613037109375,1858.4613037109375,0,0.0,0.0
2018-01-02 00:00:00+09:00,1858.4613037109375,1858.4613037109375,1858.4613037109375,1858.4613037109375,0,0.0,0.0
2018-01-03 00:00:00+09:00,1858.4613037109375,1858.4613037109375,1858.4613037109375,1858.4613037109375,0,0.0,0.0
2018-01-04 00:00:00+09:00,1879.3423329002321,1893.79881238408,1863.279577918179,1880.9486083984375,16400,0.0,0.0
2018-01-05 00:00:00+09:00,1886.5711830306227,1886.5711830306227,1852.0362486456431,1870.5084228515625,13600,0.0,0.0
2018-01-08 00:00:00+09:00,1870.5084228515625,1870.5084228515625,1870.5084228515625,1870.5084228515625,0,0.0,0.0
2018-01-09 00:00:00+09:00,1879.3427331668815,1879.3427331668815,1860.0674230831187,1869.705078125,13600,0.0,0.0
2018-01-10 00:00:00+09:00,1865.6895377968347,1876.1303315942341,1862.4769858591733,1866.49267578125,9300,0.0,0.0
2018-01-11 00:00:00+09:00,1861.673847874758,1878.53974554748,1860.0675719059273,1866.49267578125,14500,0.0,0.0
2018-01-12 00:00:00+09:00,1862.4770133709085,1870.508393333698,1859.2644613857926,1863.2801513671875,12600,0.0,0.0
2018-01-15 00:00:00+09:00,1878.5397554732824,1880.949169439259,1864.8864096660802,1868.902099609375,16000,0.0,0.0
2018-01-16 00:00:00+09:00,1869.705078125,1875.3270435660977,1868.0988022846866,1869.705078125,7500,0.0,0.0
2018-01-17 00:00:00+09:00,1879.3427956321023,1879.3427956321023,1855.2486572265625,1855.2486572265625,19200,0.0,0.0
2018-01-18 00:00:00+09:00,1855.2485045988835,1863.279883406671,1848.020263671875,1848.020263671875,17300,0.0,0.0
2018-01-19 00:00:00+09:00,1848.8237762917393,1853.6426045531427,1827.9421871589916,1839.9892578125,16800,0.0,0.0
2018-01-22 00:00:00+09:00,1839.1858455781662,1839.1858455781662,1825.5325008730008,1832.7607421875,29700,0.0,0.0
2018-01-23 00:00:00+09:00,1846.4139506640795,1859.2641564973223,1832.7606069662588,1848.8233642578125,26400,0.0,0.0
2018-01-24 00:00:00+09:00,1848.8233063846865,1854.4452712607476,1844.8076171875,1844.8076171875,12400,0.0,0.0
2018-01-25 00:00:00+09:00,1836.7765242731418,1845.6110418800524,1825.5325927734375,1825.5325927734375,16100,0.0,0.0
2018-01-26 00:00:00+09:00,1826.3355984994494,1843.2014945278083,1823.123046875,1823.123046875,15900,0.0,0.0
2018-01-29 00:00:00+09:00,1841.5953244228974,1846.4141521361714,1823.9262894742258,1828.7451171875,9400,0.0,0.0
2018-01-30 00:00:00+09:00,1827.9420597489732,1838.3828535876096,1807.8636100592876,1808.666748046875,17000,0.0,0.0
2018-01-31 00:00:00+09:00,1807.0605899002344,1808.6668659801455,1772.525654182141,1777.344482421875,26300,0.0,0.0
2018-02-01 00:00:00+09:00,1790.1944322243373,1836.7764318066663,1790.1944322243373,1832.7607421875,17400,0.0,0.0
2018-02-02 00:00:00+09:00,1839.989260446732,1885.768128995603,1827.1390517312593,1860.870849609375,26200,0.0,0.0
2018-02-05 00:00:00+09:00,1821.516907614384,1892.1930486505682,1815.0918038838217,1846.4141845703125,77200,0.0,0.0
2018-02-06 00:00:00+09:00,1806.2572194626032,1833.563909307747,1774.93483993435,1800.63525390625,42300,0.0,0.0
2018-02-07 00:00:00+09:00,1840.7922696347268,1903.4370327374793,1819.1075439453125,1819.1075439453125,41300,0.0,0.0
2018-02-08 00:00:00+09:00,1843.2013992057687,1878.5394652471864,1843.2013992057687,1848.8233642578125,26000,0.0,0.0
2018-02-09 00:00:00+09:00,1811.0760253583883,1830.3513356061048,1805.4540598694707,1824.7293701171875,25800,0.0,0.0
2018-02-12 00:00:00+09:00,1824.7293701171875,1824.7293701171875,1824.7293701171875,1824.7293701171875,0,0.0,0.0
2018-02-13 00:00:00+09:00,1844.807985624809,1859.2644696218688,1803.0448096333025,1805.4542236328125,24300,0.0,0.0
2018-02-14 00:00:00+09:00,1805.4539729028477,1819.1073170039813,1755.659423828125,1755.659423828125,29600,0.0,0.0
2018-02-15 00:00:00+09:00,1759.675225586832,1782.966225834216,1752.4469841307475,1753.2501220703125,25400,0.0,0.0
2018-02-16 00:00:00+09:00,1762.8877922125123,1777.3442752466012,1732.3685502516578,1737.1873779296875,39100,0.0,0.0
2018-02-19 00:00:00+09:00,1729.1562112294198,1730.7624873197396,1715.5028644617003,1719.5185546875,116500,0.0,0.0
2018-02-20 00:00:00+09:00,1734.7780113308315,1770.9192199002239,1728.3529075851618,1738.793701171875,250300,0.0,0.0
2018-02-21 00:00:00+09:00,1736.384262350696,1763.6909528779502,1730.7622966539084,1752.447021484375,43500,0.0,0.0
2018-02-22 00:00:00+09:00,1744.4157123193768,1745.218850308474,1727.549814548333,1729.959228515625,20200,0.0,0.0
2018-02-23 00:00:00+09:00,1729.9591191586262,1742.809326171875,1727.549705343642,1742.809326171875,19600,0.0,0.0
2018-02-26 00:00:00+09:00,1754.8565220789396,1764.4941780354372,1752.4471080898152,1763.6910400390625,19500,0.0,0.0
2018-02-27 00:00:00+09:00,1771.7222599761724,1836.7764318066663,1767.706570357006,1832.7607421875,36000,0.0,0.0
2018-02-28 00:00:00+09:00,1815.0919352940152,1828.7452817099436,1798.2260367802212,1799.0291748046875,17400,0.0,0.0
2018-03-01 00:00:00+09:00,1790.1946119758952,1803.0448200475032,1752.4471257655466,1758.069091796875,24300,0.0,0.0
2018-03-02 00:00:00+09:00,1728.352850567853,1745.2187473438405,1719.5183332090025,1734.7779541015625,23700,0.0,0.0
2018-03-05 00:00:00+09:00,1734.7780939749766,1752.4471301173144,1722.7310238779282,1729.1561279296875,21500,0.0,0.0
2018-03-06 00:00:00+09:00,1746.0216950411336,1766.9032792504572,1746.0216950411336,1757.265625,10600,0.0,0.0
2018-03-07 00:00:00+09:00,1754.0530800727445,1766.9032857875632,1739.5965986435735,1749.2342529296875,20800,0.0,0.0
2018-03-08 00:00:00+09:00,1750.840818284567,1756.4627842148384,1734.778058483791,1740.4000244140625,7100,0.0,0.0
2018-03-09 00:00:00+09:00,1763.690861550174,1767.7065511256526,1726.7465174557715,1730.76220703125,21900,0.0,0.0
2018-03-12 00:00:00+09:00,1745.218994140625,1754.85665080408,1737.9907516430337,1745.218994140625,12200,0.0,0.0
2018-03-13 00:00:00+09:00,1748.4315116188743,1769.313100641424,1742.8095453435724,1766.9036865234375,13500,0.0,0.0
2018-03-14 00:00:00+09:00,1763.6912941130765,1776.54150390625,1763.6912941130765,1776.54150390625,12600,0.0,0.0
2018-03-15 00:00:00+09:00,1781.3598874623751,1781.3598874623751,1754.053198475125,1767.70654296875,10200,0.0,0.0
2018-03-16 00:00:00+09:00,1766.9036865234375,1769.313100641424,1755.6597539728339,1766.9036865234375,15600,0.0,0.0
2018-03-19 00:00:00+09:00,1766.9036160765813,1766.9036160765813,1734.7780957842797,1739.596923828125,27600,0.0,0.0
2018-03-20 00:00:00+09:00,1713.8964294376606,1721.124671173808,1702.6524978480977,1720.321533203125,33900,0.0,0.0
2018-03-21 00:00:00+09:00,1720.321533203125,1720.321533203125,1720.321533203125,1720.321533203125,0,0.0,0.0
2018-03-22 00:00:00+09:00,1715.502722939842,1725.140378686695,1705.0619292140846,1714.6995849609375,22300,0.0,0.0
2018-03-23 00:00:00+09:00,1687.393023473228,1687.393023473228,1640.8110171136625,1646.4329833984375,38800,0.0,0.0
2018-03-26 00:00:00+09:00,1651.2514350733618,1674.5424329416144,1638.4012293529463,1672.9361572265625,28200,0.0,0.0
2018-03-27 00:00:00+09:00,1684.1803631370778,1733.9749184611117,1683.3772251479804,1729.959228515625,41600,0.0,0.0
2018-03-28 00:00:00+09:00,1689.0424685708313,1715.229173509914,1689.0424685708313,1712.774169921875,16800,40.0,0.0
2018-03-29 00:00:00+09:00,1721.7761876168859,1729.1411998262738,1680.8594531202868,1695.5894775390625,14100,0.0,0.0
2018-03-30 00:00:00+09:00,1726.6858090699175,1726.6858090699175,1698.04410133653,1715.2291259765625,10100,0.0,0.0
2018-04-02 00:00:00+09:00,1734.8693742523922,1734.8693742523922,1707.0459974955143,1710.3193359375,7300,0.0,0.0
2018-04-03 00:00:00+09:00,1697.2257781081805,1711.9557993260914,1679.222418841845,1691.4974365234375,10100,0.0,0.0
2018-04-04 00:00:00+09:00,1701.3175297076884,1712.7742134094237,1684.1325041550856,1702.1358642578125,17000,0.0,0.0
2018-04-05 00:00:00+09:00,1711.9560265309647,1711.9560265309647,1691.4976610131473,1702.954345703125,9400,0.0,0.0
2018-04-06 00:00:00+09:00,1702.9540743246423,1711.955753717997,1694.7707294215925,1698.0440673828125,7000,0.0,0.0
2018-04-09 00:00:00+09:00,1698.0442102511647,1698.0442102511647,1678.404180831392,1690.67919921875,9000,0.0,0.0
2018-04-10 00:00:00+09:00,1690.6792562784365,1728.322647270115,1690.6792562784365,1708.6826171875,9500,0.0,0.0
2018-04-11 00:00:00+09:00,1708.6827161508127,1716.0477278583594,1693.9526927357194,1711.9560546875,7000,0.0,0.0
2018-04-12 00:00:00+09:00,1711.9557406428655,1722.5940889355793,1702.9540613182617,1717.68408203125,9900,0.0,0.0
2018-04-13 00:00:00+09:00,1729.1409930552484,1738.1426735680773,1714.4109703978918,1733.232666015625,14000,0.0,0.0
2018-04-16 00:00:00+09:00,1725.8676280975342,1734.050973892212,1711.1376056671143,1728.3226318359375,9600,0.0,0.0
2018-04-17 00:00:00+09:00,1728.3225489169458,1728.3225489169458,1707.0458508715667,1709.5008544921875,7200,0.0,0.0
2018-04-18 00:00:00+09:00,1722.5940984102172,1738.9607881813356,1722.5940984102172,1734.05078125,7800,0.0,0.0
2018-04-19 00:00:00+09:00,1747.9627243049092,1760.2377434362638,1735.6877051735544,1758.60107421875,11300,0.0,0.0
2018-04-20 00:00:00+09:00,1765.9657704878825,1770.8757772640306,1747.9624123086733,1764.3291015625,27000,0.0,0.0
2018-04-23 00:00:00+09:00,1766.7843513541727,1770.876024238272,1758.6010055859736,1768.4210205078125,5000,0.0,0.0
2018-04-24 00:00:00+09:00,1778.2408517562058,1791.3342036329198,1759.4191584334296,1790.515869140625,11300,0.0,0.0
2018-04-25 00:00:00+09:00,1792.1527099609375,1794.6077136732129,1769.2393419797017,1792.1527099609375,10600,0.0,0.0
2018-04-26 00:00:00+09:00,1792.1527502379442,1799.517761540292,1769.2393817417512,1773.3310546875,16400,0.0,0.0
2018-04-27 00:00:00+09:00,1783.9695287321592,1783.9695287321592,1759.4194893459369,1777.4228515625,12100,0.0,0.0
2018-04-30 00:00:00+09:00,1777.4228515625,1777.4228515625,1777.4228515625,1777.4228515625,0,0.0,0.0
2018-05-01 00:00:00+09:00,1767.602504821178,1767.602504821178,1745.5074735109133,1750.41748046875,9000,0.0,0.0
2018-05-02 00:00:00+09:00,1758.6007173934072,1758.6007173934072,1725.0490052421137,1734.8690185546875,8100,0.0,0.0
2018-05-03 00:00:00+09:00,1734.8690185546875,1734.8690185546875,1734.8690185546875,1734.8690185546875,0,0.0,0.0
2018-05-04 00:00:00+09:00,1734.8690185546875,1734.8690185546875,1734.8690185546875,1734.8690185546875,0,0.0,0.0
2018-05-07 00:00:00+09:00,1734.8693617768656,1747.1443808460415,1711.1376582431253,1738.1427001953125,16400,0.0,0.0
2018-05-08 00:00:00+09:00,1765.9661270385627,1800.3361814109537,1689.0426720146402,1739.7794189453125,30400,0.0,0.0
2018-05-09 00:00:00+09:00,1711.1376705479963,1714.4110089899818,1702.9543244430322,1710.3193359375,22800,0.0,0.0
2018-05-10 00:00:00+09:00,1737.3241324559033,1737.3241324559033,1702.1357491795943,1714.4107666015625,8000,0.0,0.0
2018-05-11 00:00:00+09:00,1714.4107712408143,1729.1407921870361,1711.137433252765,1722.5941162109375,10000,0.0,0.0
2018-05-14 00:00:00+09:00,1718.502499852733,1736.505859375,1718.502499852733,1736.505859375,10600,0.0,0.0
2018-05-15 00:00:00+09:00,1740.5975695024022,1761.8742675781248,1740.5975695024022,1761.874267578125,10400,0.0,0.0
2018-05-16 00:00:00+09:00,1770.8757522476799,1778.2407623078595,1756.1457321273201,1763.5107421875,11600,0.0,0.0
2018-05-17 00:00:00+09:00,1767.6027549150767,1767.6027549150767,1746.3260550873952,1758.60107421875,10800,0.0,0.0
2018-05-18 00:00:00+09:00,1767.6025164986713,1770.8758544921875,1752.872495527849,1770.8758544921875,9700,0.0,0.0
2018-05-21 00:00:00+09:00,1774.9675541609663,1778.240892204601,1753.6908568773401,1775.785888671875,30500,0.0,0.0
2018-05-22 00:00:00+09:00,1762.6927278600685,1775.786081456058,1758.601054861322,1770.0577392578125,9600,0.0,0.0
2018-05-23 00:00:00+09:00,1774.9676513671875,1778.2409895900869,1758.6009602526906,1774.9676513671875,8100,0.0,0.0
2018-05-24 00:00:00+09:00,1774.967664201683,1774.967664201683,1743.0526162976416,1751.2359619140625,8000,0.0,0.0
2018-05-25 00:00:00+09:00,1783.969344379746,1783.969344379746,1744.689285420926,1751.2359619140625,9600,0.0,0.0
2018-05-28 00:00:00+09:00,1750.4176712358956,1750.4176712358956,1736.5059833392102,1740.59765625,2900,0.0,0.0
2018-05-29 00:00:00+09:00,1741.4160882011406,1749.5994344802814,1715.2293801078904,1739.7794189453125,10200,0.0,0.0
2018-05-30 00:00:00+09:00,1733.2326393127441,1733.2326393127441,1719.320951461792,1728.3226318359375,6300,0.0,0.0
2018-05-31 00:00:00+09:00,1749.599377418199,1751.2360466206483,1720.1393317741133,1721.7760009765625,13400,0.0,0.0
2018-06-01 00:00:00+09:00,1717.6844020095773,1737.3244332855325,1710.3193902810942,1724.2310791015625,13600,0.0,0.0
2018-06-04 00:00:00+09:00,1747.9627050645804,1773.3310776568098,1733.2326822690925,1770.0577392578125,12800,0.0,0.0
2018-06-05 00:00:00+09:00,1774.9676971223716,1774.9676971223716,1761.0560093164333,1768.4210205078125,5300,0.0,0.0
2018-06-06 00:00:00+09:00,1768.4211904898743,1775.7862023891842,1760.2378439350853,1765.9661865234375,7800,0.0,0.0
2018-06-07 00:00:00+09:00,1772.5127200983502,1773.3310546875,1760.2377012611041,1773.3310546875,8700,0.0,0.0
2018-06-08 00:00:00+09:00,1759.4195092796065,1771.6945291117897,1758.6011746241277,1765.9661865234375,18000,0.0,0.0
2018-06-11 00:00:00+09:00,1771.694288359357,1774.1492919921875,1766.7842810936959,1774.1492919921875,5900,0.0,0.0
2018-06-12 00:00:00+09:00,1775.7860316991917,1775.7860316991917,1763.5110130468931,1768.4210205078125,11300,0.0,0.0
2018-06-13 00:00:00+09:00,1768.4209189716325,1773.3309261506374,1750.4175593152809,1761.055908203125,10700,0.0,0.0
2018-06-14 00:00:00+09:00,1754.5095461829835,1762.6928929468968,1743.0528607135052,1755.327880859375,10500,0.0,0.0
2018-06-15 00:00:00+09:00,1754.5090880102039,1764.3291015625,1741.4157366071427,1764.3291015625,21100,0.0,0.0
2018-06-18 00:00:00+09:00,1754.509227649393,1758.6009002885007,1738.9608716207836,1752.87255859375,13300,0.0,0.0
2018-06-19 00:00:00+09:00,1751.2361037361095,1751.2361037361095,1733.232741922,1739.7794189453125,17300,0.0,0.0
2018-06-20 00:00:00+09:00,1755.327735783722,1761.8744126537779,1731.5960321297696,1758.60107421875,32400,0.0,0.0
2018-06-21 00:00:00+09:00,1754.5091255713783,1758.6007979724309,1743.052442848431,1745.5074462890625,25100,0.0,0.0
2018-06-22 00:00:00+09:00,1746.3258553837122,1757.782538596164,1737.324175716786,1747.9625244140625,21100,0.0,0.0
2018-06-25 00:00:00+09:00,1754.5091822966365,1754.5091822966365,1693.9524288031892,1715.2291259765625,37500,0.0,0.0
2018-06-26 00:00:00+09:00,1709.5008992703163,1759.4193075304834,1695.5892117224007,1751.2359619140625,31700,0.0,0.0
2018-06-27 00:00:00+09:00,1803.6094651407898,1803.6094651407898,1771.6944156215106,1786.4244384765625,110500,0.0,0.0
2018-06-28 00:00:00+09:00,1763.5109902749712,1783.1510198650403,1740.5976224198903,1771.6943359375,24700,0.0,0.0
2018-06-29 00:00:00+09:00,1767.6025779056506,1767.6025779056506,1743.0525421014054,1748.7808837890625,17600,0.0,0.0
2018-07-02 00:00:00+09:00,1757.7826923940374,1757.7826923940374,1702.135940493295,1708.6826171875,24100,0.0,0.0
2018-07-03 00:00:00+09:00,1707.8641914349023,1708.682525977995,1666.1291297371638,1673.494140625,17700,0.0,0.0
2018-07-04 00:00:00+09:00,1665.3108615611902,1676.7675456210704,1658.7641849555441,1659.58251953125,12600,0.0,0.0
2018-07-05 00:00:00+09:00,1655.4908289676114,1655.4908289676114,1621.9391117220987,1622.7574462890625,16300,0.0,0.0
2018-07-06 00:00:00+09:00,1621.1208811940014,1640.7609120615712,1621.1208811940014,1638.305908203125,12400,0.0,0.0
2018-07-09 00:00:00+09:00,1638.305494807902,1646.4888389378118,1636.6688259819202,1640.760498046875,7400,0.0,0.0
2018-07-10 00:00:00+09:00,1643.215743652344,1671.857452331543,1636.6690673828125,1636.6690673828125,21700,0.0,0.0
2018-07-11 00:00:00+09:00,1632.577411125911,1632.577411125911,1612.1190475779672,1621.1207275390625,12200,0.0,0.0
2018-07-12 00:00:00+09:00,1622.7574443142144,1634.214128237764,1617.8474369184073,1618.665771484375,4800,0.0,0.0
2018-07-13 00:00:00+09:00,1630.122343828008,1644.034030497223,1629.304009318054,1639.1240234375,6900,0.0,0.0
2018-07-16 00:00:00+09:00,1639.1240234375,1639.1240234375,1639.1240234375,1639.1240234375,0,0.0,0.0
2018-07-17 00:00:00+09:00,1652.2173890331023,1669.4024138818866,1639.942371283971,1663.674072265625,22700,0.0,0.0
2018-07-18 00:00:00+09:00,1669.4024679095355,1694.7708387454156,1669.4024679095355,1673.494140625,11900,0.0,0.0
2018-07-19 00:00:00+09:00,1681.6775417975382,1688.2242183592803,1675.9491998060137,1687.4058837890625,9100,0.0,0.0
2018-07-20 00:00:00+09:00,1662.0375655900186,1674.3125845382463,1643.215869869403,1644.8525390625,31200,0.0,0.0
2018-07-23 00:00:00+09:00,1638.3056686735058,1669.4023796673087,1638.3056686735058,1646.489013671875,9700,0.0,0.0
2018-07-24 00:00:00+09:00,1644.034092948595,1665.310791015625,1644.034092948595,1665.310791015625,8300,0.0,0.0
2018-07-25 00:00:00+09:00,1675.1307030213668,1675.1307030213668,1653.0356717651007,1657.9456787109375,9200,0.0,0.0
2018-07-26 00:00:00+09:00,1676.7675304747465,1685.7692107261971,1663.6741773817275,1679.2225341796875,8900,0.0,0.0
2018-07-27 00:00:00+09:00,1676.7673683055932,1696.4073960456294,1676.7673683055932,1693.952392578125,10300,0.0,0.0
2018-07-30 00:00:00+09:00,1693.9527675083707,1722.594480968657,1684.1327514648438,1718.5028076171875,12700,0.0,0.0
2018-07-31 00:00:00+09:00,1714.411030393103,1725.8677150830806,1691.4976610131473,1702.954345703125,16600,0.0,0.0
2018-08-01 00:00:00+09:00,1702.9542176061077,1712.774232315994,1687.405860982121,1690.67919921875,9400,0.0,0.0
2018-08-02 00:00:00+09:00,1690.6791531773417,1691.4974877142138,1642.3974155018998,1648.944091796875,17300,0.0,0.0
2018-08-03 00:00:00+09:00,1648.125723606366,1651.3990616870142,1630.9406986829629,1631.759033203125,13300,0.0,0.0
2018-08-06 00:00:00+09:00,1661.2190276381368,1661.2190276381368,1632.5773202650655,1634.2139892578125,15000,0.0,0.0
2018-08-07 00:00:00+09:00,1635.0323129636986,1666.1290236206657,1632.57730949078,1657.9456787109375,10300,0.0,0.0
2018-08-08 00:00:00+09:00,1655.4907680918502,1668.5841206818006,1647.3074227231311,1648.944091796875,11200,0.0,0.0
2018-08-09 00:00:00+09:00,1642.39743610964,1649.7624470338983,1638.3057633739409,1641.5791015625,6800,0.0,0.0
2018-08-10 00:00:00+09:00,1650.58072493195,1650.58072493195,1626.0306893603295,1627.6673583984375,17300,0.0,0.0
2018-08-13 00:00:00+09:00,1626.0307725319421,1626.0307725319421,1598.2073974609375,1598.2073974609375,11900,0.0,0.0
2018-08-14 00:00:00+09:00,1599.8441290927292,1630.940843622409,1599.8441290927292,1628.48583984375,5700,0.0,0.0
2018-08-15 00:00:00+09:00,1636.6691339274457,1636.6691339274457,1616.2107697533527,1622.7574462890625,8700,0.0,0.0
2018-08-16 00:00:00+09:00,1619.484011004048,1628.4856907013923,1608.0273277528822,1623.57568359375,7400,0.0,0.0
2018-08-17 00:00:00+09:00,1635.032423119495,1637.4874267578125,1628.485746750648,1637.4874267578125,10700,0.0,0.0
2018-08-20 00:00:00+09:00,1648.1256756961614,1653.0356826744023,1620.3023028194636,1634.2139892578125,25500,0.0,0.0
2018-08-21 00:00:00+09:00,1621.1207712064913,1626.8491131542175,1610.482421875,1610.482421875,6700,0.0,0.0
2018-08-22 00:00:00+09:00,1601.4807644162304,1615.3924522011441,1601.4807644162304,1607.2091064453125,6500,0.0,0.0
2018-08-23 00:00:00+09:00,1610.4822772724392,1620.3022911582468,1610.4822772724392,1613.755615234375,3900,0.0,0.0
2018-08-24 00:00:00+09:00,1619.484106050343,1625.2124480121176,1612.9374295226003,1618.665771484375,3700,0.0,0.0
2018-08-27 00:00:00+09:00,1633.395774749388,1636.6691129753387,1620.3024218455855,1630.1224365234375,10900,0.0,0.0
2018-08-28 00:00:00+09:00,1637.487445495329,1643.2157873836184,1626.03076171875,1626.03076171875,7700,0.0,0.0
2018-08-29 00:00:00+09:00,1632.5774401929004,1638.3057820883141,1621.120756402073,1630.1224365234375,8300,0.0,0.0
2018-08-30 00:00:00+09:00,1638.3057364501954,1639.124070983887,1627.6673875122071,1636.6690673828125,6400,0.0,0.0
2018-08-31 00:00:00+09:00,1634.2139774964742,1638.305649948894,1612.937280743891,1613.755615234375,14000,0.0,0.0
2018-09-03 00:00:00+09:00,1620.3023161310505,1630.1223301682085,1607.2089640815066,1614.573974609375,10400,0.0,0.0
2018-09-04 00:00:00+09:00,1617.0291425231778,1617.0291425231778,1599.8441162109375,1599.8441162109375,9700,0.0,0.0
2018-09-05 00:00:00+09:00,1610.4824658328005,1611.3008004190976,1597.389112452046,1599.8441162109375,9900,0.0,0.0
2018-09-06 00:00:00+09:00,1599.0257438471144,1628.4857882578085,1598.2074092801508,1622.7574462890625,15200,0.0,0.0
2018-09-07 00:00:00+09:00,1607.2088872157283,1612.1188939994831,1599.8438770400962,1608.0272216796875,6900,0.0,0.0
2018-09-10 00:00:00+09:00,1611.300708850104,1617.8473851684384,1602.2990289123939,1612.9373779296875,10100,0.0,0.0
2018-09-11 00:00:00+09:00,1614.5740759240389,1628.485763349639,1603.1173921617801,1621.9390869140625,11200,0.0,0.0
2018-09-12 00:00:00+09:00,1631.7590265413796,1631.7590265413796,1603.9356529694605,1619.4840087890625,14900,0.0,0.0
2018-09-13 00:00:00+09:00,1610.4824485894758,1630.9408130278582,1610.4824485894758,1615.3924560546875,11600,0.0,0.0
2018-09-14 00:00:00+09:00,1618.6657076416016,1645.670747253418,1618.6657076416016,1636.6690673828125,33000,0.0,0.0
2018-09-17 00:00:00+09:00,1636.6690673828125,1636.6690673828125,1636.6690673828125,1636.6690673828125,0,0.0,0.0
2018-09-18 00:00:00+09:00,1636.669028824765,1657.9457261994871,1626.0306801374043,1655.49072265625,25500,0.0,0.0
2018-09-19 00:00:00+09:00,1666.1290058210784,1669.40234375,1642.3973058363972,1669.40234375,39900,0.0,0.0
2018-09-20 00:00:00+09:00,1677.5857722938379,1698.8624698936621,1672.675765155417,1688.22412109375,50300,0.0,0.0
2018-09-21 00:00:00+09:00,1686.5873799455276,1698.0440627787334,1605.572265625,1605.572265625,44000,0.0,0.0
2018-09-24 00:00:00+09:00,1605.572265625,1605.572265625,1605.572265625,1605.572265625,0,0.0,0.0
2018-09-25 00:00:00+09:00,1667.7658729553223,1729.959300994873,1659.5825271606445,1728.3226318359375,111400,0.0,0.0
2018-09-26 00:00:00+09:00,1708.6824929488716,1722.594179912536,1686.5874607124638,1704.5908203125,28000,0.0,0.0
2018-09-27 00:00:00+09:00,1702.1358410493826,1702.1358410493826,1653.8541032503858,1657.12744140625,17000,0.0,0.0
2018-09-28 00:00:00+09:00,1641.5790269673614,1653.035710106715,1638.3056889275463,1639.1240234375,22700,0.0,0.0
2018-10-01 00:00:00+09:00,1639.124070983887,1660.4007688598633,1633.395729248047,1636.6690673828125,22000,0.0,0.0
2018-10-02 00:00:00+09:00,1639.124095850024,1657.127455864353,1637.4874267578125,1637.4874267578125,9800,0.0,0.0
2018-10-03 00:00:00+09:00,1653.036061509466,1664.492747084284,1636.6693678311544,1658.764404296875,25400,0.0,0.0
2018-10-04 00:00:00+09:00,1667.765892066318,1673.4942341882336,1648.1258619340354,1664.4925537109375,12600,0.0,0.0
2018-10-05 00:00:00+09:00,1660.400644536016,1690.67902001548,1647.3072929773289,1676.767333984375,27000,0.0,0.0
2018-10-08 00:00:00+09:00,1676.767333984375,1676.767333984375,1676.767333984375,1676.767333984375,0,0.0,0.0
2018-10-09 00:00:00+09:00,1669.402645587682,1669.402645587682,1629.3042487083699,1630.94091796875,16900,0.0,0.0
2018-10-10 00:00:00+09:00,1636.6690381080318,1636.6690381080318,1624.3940203222214,1627.6673583984375,13500,0.0,0.0
2018-10-11 00:00:00+09:00,1608.0272654915757,1608.0272654915757,1555.6538583712395,1557.29052734375,29800,0.0,0.0
2018-10-12 00:00:00+09:00,1558.9273623511906,1566.2923735119048,1538.468998015873,1546.65234375,23000,0.0,0.0
2018-10-15 00:00:00+09:00,1546.6522583925635,1553.1989346185637,1522.9205570733125,1523.7388916015625,25900,0.0,0.0
2018-10-16 00:00:00+09:00,1517.1922110440148,1530.2855634586342,1506.5538622071367,1515.5555419921875,23500,0.0,0.0
2018-10-17 00:00:00+09:00,1531.922138549294,1569.5655244324496,1524.557128267807,1564.655517578125,12300,0.0,0.0
2018-10-18 00:00:00+09:00,1564.6556268057584,1564.6556268057584,1536.0139181560714,1540.1055908203125,11600,0.0,0.0
2018-10-19 00:00:00+09:00,1531.1038818359375,1536.8322234569164,1510.64551890387,1531.1038818359375,15400,0.0,0.0
2018-10-22 00:00:00+09:00,1522.1021908408718,1555.6539058002672,1511.4638421952097,1554.8355712890625,27400,0.0,0.0
2018-10-23 00:00:00+09:00,1539.287208777969,1554.8355644221908,1497.5521488908469,1498.3704833984375,21300,0.0,0.0
2018-10-24 00:00:00+09:00,1501.6439346068685,1534.3773173775903,1493.4605889141878,1530.28564453125,17600,0.0,0.0
2018-10-25 00:00:00+09:00,1497.5521024816178,1497.5521024816178,1454.9987094056373,1460.72705078125,31500,0.0,0.0
2018-10-26 00:00:00+09:00,1468.0920925828207,1468.0920925828207,1415.7186845977033,1429.63037109375,23300,0.0,0.0
2018-10-29 00:00:00+09:00,1432.0853745930524,1446.8153955888667,1427.9937020942152,1429.63037109375,23500,0.0,0.0
2018-10-30 00:00:00+09:00,1430.4486600956209,1477.9120595724778,1430.4486600956209,1476.275390625,23400,0.0,0.0
2018-10-31 00:00:00+09:00,1459.0905197854238,1497.5522440871148,1459.0905197854238,1493.4605712890625,17900,0.0,0.0
2018-11-01 00:00:00+09:00,1475.45696712955,1504.9170064066793,1474.6386327051855,1489.36865234375,14300,0.0,0.0
2018-11-02 00:00:00+09:00,1477.0940041191247,1509.8273892519585,1475.457334862483,1501.64404296875,16700,0.0,0.0
2018-11-05 00:00:00+09:00,1488.5505578815607,1508.1905872323894,1481.185546875,1481.185546875,12600,0.0,0.0
2018-11-06 00:00:00+09:00,1481.1853925519963,1494.2787440883674,1464.8187031315322,1468.092041015625,11400,0.0,0.0
2018-11-07 00:00:00+09:00,1477.0937428394511,1489.3687600929645,1457.4537152338296,1464.8187255859375,15100,0.0,0.0
2018-11-08 00:00:00+09:00,1482.8221662403207,1491.0055115286227,1471.365482836698,1479.548828125,10300,0.0,0.0
2018-11-09 00:00:00+09:00,1479.5487760705857,1490.1871245710934,1466.4554240699613,1473.8204345703125,9900,0.0,0.0
2018-11-12 00:00:00+09:00,1468.9105224609375,1485.277213518998,1457.4538387202952,1468.9105224609375,10400,0.0,0.0
2018-11-13 00:00:00+09:00,1468.092221932582,1468.092221932582,1435.3588390578311,1437.8138427734375,17900,0.0,0.0
2018-11-14 00:00:00+09:00,1437.813805643128,1444.360482049016,1411.6271000195766,1412.4454345703125,26300,0.0,0.0
2018-11-15 00:00:00+09:00,1412.4454710455054,1437.8138427734375,1400.9887870393427,1437.8138427734375,15100,0.0,0.0
2018-11-16 00:00:00+09:00,1444.3605404642135,1444.3605404642135,1418.9921683654088,1430.4488525390625,16100,0.0,0.0
2018-11-19 00:00:00+09:00,1431.267026913092,1450.088720234419,1431.267026913092,1449.2703857421875,12700,0.0,0.0
2018-11-20 00:00:00+09:00,1449.270480908618,1450.0888154545858,1432.0854554432985,1444.3604736328125,33200,0.0,0.0
2018-11-21 00:00:00+09:00,1432.903837275424,1444.3605212970435,1419.8104841078587,1441.905517578125,13800,0.0,0.0
2018-11-22 00:00:00+09:00,1441.9054947677043,1450.9071749280022,1420.6287962070003,1445.1788330078125,12900,0.0,0.0
2018-11-23 00:00:00+09:00,1445.1788330078125,1445.1788330078125,1445.1788330078125,1445.1788330078125,0,0.0,0.0
2018-11-26 00:00:00+09:00,1445.9972171697143,1450.9072246983042,1432.9038637601413,1446.8155517578125,12100,0.0,0.0
2018-11-27 00:00:00+09:00,1449.2705306790951,1452.5438689753776,1438.6321812161768,1445.9971923828125,17100,0.0,0.0
2018-11-28 00:00:00+09:00,1445.9970973703867,1459.0904496951891,1436.9954176470849,1450.9071044921875,15000,0.0,0.0
2018-11-29 00:00:00+09:00,1473.8205969416786,1473.8205969416786,1450.9072284162112,1454.9989013671875,10600,0.0,0.0
2018-11-30 00:00:00+09:00,1462.3639308002898,1504.0989954174217,1449.2705771949152,1495.9156494140625,27100,0.0,0.0
2018-12-03 00:00:00+09:00,1491.8239422289037,1491.8239422289037,1473.8205814340402,1474.638916015625,12900,0.0,0.0
2018-12-04 00:00:00+09:00,1473.0021827416786,1473.0021827416786,1443.5421390868448,1444.3604736328125,19300,0.0,0.0
2018-12-05 00:00:00+09:00,1427.993674850683,1432.0853472714587,1416.5369920725113,1424.7203369140625,17000,0.0,0.0
2018-12-06 00:00:00+09:00,1415.7187414336622,1415.7187414336622,1398.5337162486294,1399.35205078125,24200,0.0,0.0
2018-12-07 00:00:00+09:00,1398.5336936140561,1407.5353733271952,1392.805351978422,1402.6253662109375,20000,0.0,0.0
2018-12-10 00:00:00+09:00,1391.168713298549,1391.9870478357832,1366.6186771815155,1367.43701171875,19200,0.0,0.0
2018-12-11 00:00:00+09:00,1368.2554594946082,1368.2554594946082,1342.0687521358598,1346.978759765625,20600,0.0,0.0
2018-12-12 00:00:00+09:00,1348.6154096856174,1364.9821015507341,1348.6154096856174,1358.4354248046875,15200,0.0,0.0
2018-12-13 00:00:00+09:00,1356.798711964846,1379.7120798388,1356.798711964846,1369.07373046875,22600,0.0,0.0
2018-12-14 00:00:00+09:00,1344.5235910576082,1344.5235910576082,1313.4268798828125,1313.4268798828125,58800,0.0,0.0
2018-12-17 00:00:00+09:00,1315.0637856012659,1318.3371242088608,1290.5137460443038,1292.96875,40000,0.0,0.0
2018-12-18 00:00:00+09:00,1282.3302208015334,1292.9685697935054,1272.5102063474055,1274.9652099609375,24600,0.0,0.0
2018-12-19 00:00:00+09:00,1269.236823187934,1284.7851788556134,1258.598474573206,1281.5118408203125,26800,0.0,0.0
2018-12-20 00:00:00+09:00,1291.3317641764004,1291.3317641764004,1252.05171051324,1254.5067138671875,52200,0.0,0.0
2018-12-21 00:00:00+09:00,1237.321938568691,1237.321938568691,1199.6785462577388,1214.4085693359375,35200,0.0,0.0
2018-12-24 00:00:00+09:00,1214.4085693359375,1214.4085693359375,1214.4085693359375,1214.4085693359375,0,0.0,0.0
2018-12-25 00:00:00+09:00,1207.8619445930003,1211.9536178470416,1156.3068615920795,1159.5802001953125,25100,0.0,0.0
2018-12-26 00:00:00+09:00,1233.2302053395247,1233.2302053395247,1169.4001084473662,1192.3134765625,31500,0.0,0.0
2018-12-27 00:00:00+09:00,1306.880171970874,1306.880171970874,1249.5967580460392,1300.33349609375,23600,0.0,0.0
2018-12-28 00:00:00+09:00,1287.240117239937,1303.606806588188,1282.3301104354616,1295.4234619140625,13500,0.0,0.0
2018-12-31 00:00:00+09:00,1295.4234619140625,1295.4234619140625,1295.4234619140625,1295.4234619140625,0,0.0,0.0
2019-01-04 00:00:00+09:00,1278.2384660993303,1286.4218109527192,1255.3251005098418,1260.235107421875,20600,0.0,0.0
2019-01-07 00:00:00+09:00,1288.8769569757985,1324.0653437376773,1275.783603762076,1297.060302734375,16800,0.0,0.0
2019-01-08 00:00:00+09:00,1306.88014940548,1309.335152817012,1297.878470229863,1303.6068115234375,9900,0.0,0.0
2019-01-09 00:00:00+09:00,1310.153657886817,1310.153657886817,1295.4236354995824,1301.1519775390625,12700,0.0,0.0
2019-01-10 00:00:00+09:00,1292.9686827352066,1309.3353749217283,1287.2403404699241,1306.88037109375,7900,0.0,0.0
2019-01-11 00:00:00+09:00,1306.880246876472,1306.880246876472,1293.786894371761,1302.78857421875,6600,0.0,0.0
2019-01-15 00:00:00+09:00,1293.7868540130048,1319.9735582055514,1287.240177964868,1317.5185546875,13500,0.0,0.0
2019-01-16 00:00:00+09:00,1317.5186690804344,1318.337003657503,1301.1519775390625,1301.1519775390625,11600,0.0,0.0
2019-01-17 00:00:00+09:00,1316.7002156066894,1316.7002156066894,1300.333525543213,1309.335205078125,10100,0.0,0.0
2019-01-18 00:00:00+09:00,1315.882055314639,1319.1553937606955,1305.243705364956,1315.063720703125,33700,0.0,0.0
2019-01-21 00:00:00+09:00,1346.9785630266188,1366.6185906770675,1328.9752043470405,1344.5235595703125,40400,0.0,0.0
2019-01-22 00:00:00+09:00,1342.0686447576295,1342.0686447576295,1312.6086013361205,1327.338623046875,12300,0.0,0.0
2019-01-23 00:00:00+09:00,1306.880246876472,1316.7002612550054,1297.0602324979388,1302.78857421875,12500,0.0,0.0
2019-01-24 00:00:00+09:00,1302.7887015304138,1315.882055314639,1293.7870208037589,1315.063720703125,9200,0.0,0.0
2019-01-25 00:00:00+09:00,1328.1568986511231,1337.1585781860351,1308.5168705749513,1309.335205078125,19000,0.0,0.0
2019-01-28 00:00:00+09:00,1309.335173019255,1315.0635144012142,1296.2418212890625,1296.2418212890625,13600,0.0,0.0
2019-01-29 00:00:00+09:00,1296.2419700766511,1308.51698873268,1283.966951420622,1301.1519775390625,17000,0.0,0.0
2019-01-30 00:00:00+09:00,1307.698696767404,1310.153700578607,1286.4219970703125,1286.4219970703125,22500,0.0,0.0
2019-01-31 00:00:00+09:00,1289.6951859085648,1306.8802105938946,1279.056837293837,1281.5118408203125,14800,0.0,0.0
2019-02-01 00:00:00+09:00,1281.51190709606,1289.695252607529,1267.6002197265625,1267.6002197265625,16600,0.0,0.0
2019-02-04 00:00:00+09:00,1267.6000437790628,1298.696752406309,1260.2350338410308,1297.87841796875,31600,0.0,0.0
2019-02-05 00:00:00+09:00,1294.605278216162,1319.9736496603473,1294.605278216162,1304.42529296875,13200,0.0,0.0
2019-02-06 00:00:00+09:00,1306.8802655006089,1310.1536036734344,1287.2402364636555,1291.3319091796875,15400,0.0,0.0
2019-02-07 00:00:00+09:00,1279.0570068359375,1282.3303453051274,1268.4186568110704,1279.0570068359375,10900,0.0,0.0
2019-02-08 00:00:00+09:00,1271.6916867486018,1271.6916867486018,1251.2333262796733,1252.8699951171875,17400,0.0,0.0
2019-02-12 00:00:00+09:00,1256.1436845828325,1279.0570547250602,1252.8703459910857,1276.60205078125,14600,0.0,0.0
2019-02-13 00:00:00+09:00,1239.776974294669,1247.141986023152,1219.3186083822154,1231.5936279296875,92200,0.0,0.0
2019-02-14 00:00:00+09:00,1231.5935572871456,1243.0502415409794,1231.5935572871456,1237.3218994140625,47500,0.0,0.0
2019-02-15 00:00:00+09:00,1231.5936230141044,1231.5936230141044,1212.7719264497694,1219.318603515625,37000,0.0,0.0
2019-02-18 00:00:00+09:00,1234.8670667197305,1247.9604219665932,1225.8653849875125,1238.958740234375,94300,0.0,0.0
2019-02-19 00:00:00+09:00,1237.321927707444,1255.3252890894307,1234.0485892743557,1246.3236083984375,220400,0.0,0.0
2019-02-20 00:00:00+09:00,1249.5968149291757,1274.1468505859375,1245.5051423197153,1274.1468505859375,78600,0.0,0.0
2019-02-21 00:00:00+09:00,1269.2369271552147,1298.6969718860903,1265.1452542759266,1297.060302734375,36900,0.0,0.0
2019-02-22 00:00:00+09:00,1288.8768871824943,1302.78857421875,1278.2385382724167,1302.78857421875,21100,0.0,0.0
2019-02-25 00:00:00+09:00,1305.243475523013,1305.243475523013,1284.7851138376993,1295.4234619140625,33100,0.0,0.0
2019-02-26 00:00:00+09:00,1292.9686181169616,1292.9686181169616,1265.9635773588225,1272.51025390625,30900,0.0,0.0
2019-02-27 00:00:00+09:00,1273.3283717994275,1281.5117160911975,1261.8716897909494,1277.4200439453125,35700,0.0,0.0
2019-02-28 00:00:00+09:00,1278.238534032771,1297.0602281958656,1268.4185196868086,1294.605224609375,30700,0.0,0.0
2019-03-01 00:00:00+09:00,1291.3319835337109,1298.6969948466408,1291.3319835337109,1293.7869873046875,19900,0.0,0.0
2019-03-04 00:00:00+09:00,1297.0602897256429,1325.7019995934015,1288.05860948149,1320.7919921875,58300,0.0,0.0
2019-03-05 00:00:00+09:00,1310.971896752379,1310.971896752379,1293.7868718885838,1306.0618896484375,31500,0.0,0.0
2019-03-06 00:00:00+09:00,1303.6069417670878,1324.065305573853,1301.9702726625464,1319.9736328125,36100,0.0,0.0
2019-03-07 00:00:00+09:00,1310.1534672997864,1311.7901362158386,1292.9684436812383,1310.9718017578125,37700,0.0,0.0
2019-03-08 00:00:00+09:00,1293.78679787731,1316.7001630516077,1286.4217876427142,1303.6068115234375,39900,0.0,0.0
2019-03-11 00:00:00+09:00,1308.5170173335268,1310.1536865234375,1292.9686600293762,1310.1536865234375,16400,0.0,0.0
2019-03-12 00:00:00+09:00,1322.428771788037,1353.52548795632,1322.428771788037,1352.7071533203125,17500,0.0,0.0
2019-03-13 00:00:00+09:00,1336.3402460116092,1340.4319185346087,1306.0618693414135,1313.4268798828125,13300,0.0,0.0
2019-03-14 00:00:00+09:00,1325.7018974518107,1328.9752354702102,1276.6018271758178,1313.4268798828125,35900,0.0,0.0
2019-03-15 00:00:00+09:00,1313.4267929471287,1333.066819757553,1309.335120694957,1330.61181640625,29600,0.0,0.0
2019-03-18 00:00:00+09:00,1337.1584894367386,1341.250161681037,1324.0651382549834,1326.5201416015625,30400,0.0,0.0
2019-03-19 00:00:00+09:00,1333.8853283594228,1338.7953357030772,1324.0653136721144,1336.34033203125,25000,0.0,0.0
2019-03-20 00:00:00+09:00,1343.7053430467315,1344.5236776040072,1330.61199013032,1336.34033203125,49400,0.0,0.0
2019-03-22 00:00:00+09:00,1333.0668767742175,1344.5235595703125,1324.0651974344282,1344.5235595703125,37500,0.0,0.0
2019-03-25 00:00:00+09:00,1336.340374056695,1336.340374056695,1309.3353328173375,1321.6103515625,53300,0.0,0.0
2019-03-26 00:00:00+09:00,1338.795258640746,1376.4386461086397,1338.795258640746,1373.983642578125,82400,0.0,0.0
2019-03-27 00:00:00+09:00,1371.4610782704453,1387.4376328303097,1356.3253950032056,1383.2332763671875,23100,45.0,0.0
2019-03-28 00:00:00+09:00,1369.7794159435834,1369.7794159435834,1332.7810769002947,1333.6219482421875,12600,0.0,0.0
2019-03-29 00:00:00+09:00,1339.5078540954785,1339.5078540954785,1317.6452023651066,1322.6904296875,10000,0.0,0.0
2019-04-01 00:00:00+09:00,1349.5984888224411,1368.938529472233,1345.3941321594427,1358.0072021484375,14000,0.0,0.0
2019-04-02 00:00:00+09:00,1372.3019910659743,1378.1880902923604,1369.779377111809,1376.50634765625,12200,0.0,0.0
2019-04-03 00:00:00+09:00,1375.6653453699591,1375.6653453699591,1347.9165945159195,1360.5296630859375,13100,0.0,0.0
2019-04-04 00:00:00+09:00,1363.0521748860679,1374.8243713378906,1357.1660766601562,1362.2113037109375,6300,0.0,0.0
2019-04-05 00:00:00+09:00,1367.256571203106,1378.1878968031308,1360.5296016030907,1375.665283203125,9100,0.0,0.0
2019-04-08 00:00:00+09:00,1374.824474131958,1374.824474131958,1354.6435644199291,1360.5296630859375,2800,0.0,0.0
2019-04-09 00:00:00+09:00,1356.3253884770465,1357.166259765625,1343.7123191483697,1357.166259765625,3700,0.0,0.0
2019-04-10 00:00:00+09:00,1347.0757450878173,1349.5983588426634,1342.030517578125,1342.030517578125,1800,0.0,0.0
2019-04-11 00:00:00+09:00,1340.3486836942875,1346.2347820543002,1333.6217141399875,1339.5078125,3800,0.0,0.0
2019-04-12 00:00:00+09:00,1344.553255485766,1344.553255485766,1320.1679869372435,1331.940185546875,12400,0.0,0.0
2019-04-15 00:00:00+09:00,1343.712255652976,1395.8462730813142,1343.712255652976,1392.4827880859375,36800,0.0,0.0
2019-04-16 00:00:00+09:00,1387.4376328303097,1392.4828605860562,1370.620206977821,1383.2332763671875,10300,0.0,0.0
2019-04-17 00:00:00+09:00,1389.11927248154,1400.89146970596,1381.5514314086988,1395.00537109375,13600,0.0,0.0
2019-04-18 00:00:00+09:00,1400.8915749507235,1400.8915749507235,1364.7341093307468,1373.142822265625,15200,0.0,0.0
2019-04-19 00:00:00+09:00,1376.506265904103,1385.755849853367,1368.0975532229538,1379.8697509765625,8800,0.0,0.0
2019-04-22 00:00:00+09:00,1395.8462324904472,1395.8462324904472,1377.347065553827,1389.1192626953125,27100,0.0,0.0
2019-04-23 00:00:00+09:00,1399.2098681261207,1412.6638091657949,1388.2785410313854,1406.7777099609375,11400,0.0,0.0
2019-04-24 00:00:00+09:00,1414.3454814864929,1416.02722403285,1389.1193432911332,1395.8463134765625,12900,0.0,0.0
2019-04-25 00:00:00+09:00,1410.9818318684897,1415.1861877441406,1392.482666015625,1412.66357421875,13100,0.0,0.0
2019-04-26 00:00:00+09:00,1401.7325038669055,1411.82295980356,1384.915077305815,1398.3690185546875,14300,0.0,0.0
2019-05-07 00:00:00+09:00,1396.6872758985785,1413.504702459669,1368.9385220727788,1398.3690185546875,16000,0.0,0.0
2019-05-08 00:00:00+09:00,1396.6871763388606,1416.8680867736184,1354.6436129331153,1379.8697509765625,29800,0.0,0.0
2019-05-09 00:00:00+09:00,1379.8697184830262,1425.276765891974,1379.8697184830262,1402.5732421875,31800,0.0,0.0
2019-05-10 00:00:00+09:00,1401.7325129526105,1427.7995242912614,1400.8916416191057,1404.255126953125,22500,0.0,0.0
2019-05-13 00:00:00+09:00,1404.2551104691777,1418.5499229709596,1382.3924560546875,1382.3924560546875,11300,0.0,0.0
2019-05-14 00:00:00+09:00,1360.5297876370573,1411.8229378508154,1354.6436884321997,1406.7777099609375,22900,0.0,0.0
2019-05-15 00:00:00+09:00,1411.822814542957,1421.0723981998794,1389.1192910214206,1416.8680419921875,17000,0.0,0.0
2019-05-16 00:00:00+09:00,1419.390697208557,1419.390697208557,1390.8010741605174,1410.14111328125,13100,0.0,0.0
2019-05-17 00:00:00+09:00,1421.9133595186122,1429.481201171875,1418.5498743393841,1429.481201171875,31300,0.0,0.0
2019-05-20 00:00:00+09:00,1447.9804009891075,1447.9804009891075,1421.9133902860517,1426.9586181640625,32400,0.0,0.0
2019-05-21 00:00:00+09:00,1421.0724386482848,1427.7994087720638,1394.1645581531693,1420.2315673828125,12200,0.0,0.0
2019-05-22 00:00:00+09:00,1428.6403218938224,1428.6403218938224,1411.8228960916585,1413.504638671875,7600,0.0,0.0
2019-05-23 00:00:00+09:00,1415.186353961241,1415.186353961241,1384.9149881011074,1385.755859375,11500,0.0,0.0
2019-05-24 00:00:00+09:00,1379.0287071859993,1400.891357421875,1374.824351371408,1400.891357421875,10600,0.0,0.0
2019-05-27 00:00:00+09:00,1410.141044522972,1410.141044522972,1368.9383544921875,1368.9383544921875,28700,0.0,0.0
2019-05-28 00:00:00+09:00,1375.665387228261,1465.6386124320652,1373.1427734375,1450.5029296875,44700,0.0,0.0
2019-05-29 00:00:00+09:00,1421.0725462906003,1421.0725462906003,1385.7559504656267,1388.278564453125,25800,0.0,0.0
2019-05-30 00:00:00+09:00,1391.642004909504,1416.0272726692476,1379.0289353786022,1415.1864013671875,16700,0.0,0.0
2019-05-31 00:00:00+09:00,1416.8680748289544,1416.8680748289544,1390.8010657371458,1394.16455078125,7100,0.0,0.0
2019-06-03 00:00:00+09:00,1383.233308944234,1384.9150515690903,1362.2115261335316,1370.6202392578125,12600,0.0,0.0
2019-06-04 00:00:00+09:00,1379.0290283496918,1402.5734263946865,1374.8246715559426,1397.5281982421875,15600,0.0,0.0
2019-06-05 00:00:00+09:00,1405.9368063397883,1423.5951035486014,1403.4141924528149,1419.3907470703125,19500,0.0,0.0
2019-06-06 00:00:00+09:00,1423.594878820669,1423.594878820669,1395.005259281447,1400.891357421875,9700,0.0,0.0
2019-06-07 00:00:00+09:00,1410.141255345211,1414.3456120993708,1387.4377288727478,1411.822998046875,5900,0.0,0.0
2019-06-10 00:00:00+09:00,1418.5499448423034,1435.367371574281,1412.663845486111,1430.3221435546875,15800,0.0,0.0
2019-06-11 00:00:00+09:00,1437.8899019626801,1443.7760009765625,1418.5498623456383,1443.7760009765625,16500,0.0,0.0
2019-06-12 00:00:00+09:00,1443.7758480362747,1459.7524008101184,1427.7992952624313,1456.388916015625,26900,0.0,0.0
2019-06-13 00:00:00+09:00,1453.8663230833968,1453.8663230833968,1426.9584443450112,1447.980224609375,20200,0.0,0.0
2019-06-14 00:00:00+09:00,1429.4812576205745,1474.888309333228,1429.4812576205745,1454.7073974609375,37200,0.0,0.0
2019-06-17 00:00:00+09:00,1454.7072238451574,1471.5246483982808,1447.9802540239082,1465.6385498046875,19800,0.0,0.0
2019-06-18 00:00:00+09:00,1473.206533734778,1474.8882763531967,1465.6386919518939,1467.3204345703125,32100,0.0,0.0
2019-06-19 00:00:00+09:00,1483.2969017218595,1522.8178509173965,1480.7742879434209,1521.1361083984375,39700,0.0,0.0
2019-06-20 00:00:00+09:00,1527.8630069968974,1537.1125904184528,1511.886453814211,1520.295166015625,45200,0.0,0.0
2019-06-21 00:00:00+09:00,1521.1361737040838,1567.3840949609796,1513.5683320438645,1562.3388671875,74900,0.0,0.0
2019-06-24 00:00:00+09:00,1608.5868120716384,1627.926852154047,1608.5868120716384,1610.2685546875,118300,0.0,0.0
2019-06-25 00:00:00+09:00,1643.903447917006,1643.903447917006,1595.9737821721112,1613.632080078125,104400,0.0,0.0
2019-06-26 00:00:00+09:00,1622.8814526261954,1622.8814526261954,1549.72565657517,1560.656982421875,45200,0.0,0.0
2019-06-27 00:00:00+09:00,1557.293904514807,1590.087890625,1555.6121616373612,1590.087890625,23800,0.0,0.0
2019-06-28 00:00:00+09:00,1576.6335553663937,1586.7240101207385,1558.97525954629,1572.42919921875,24400,0.0,0.0
2019-07-01 00:00:00+09:00,1574.9518808685925,1605.2232464378767,1564.8614256788312,1603.54150390625,19700,0.0,0.0
2019-07-02 00:00:00+09:00,1603.5414594435533,1656.516347720923,1600.1779744735616,1650.6302490234375,36800,0.0,0.0
2019-07-03 00:00:00+09:00,1639.6988942833145,1639.6988942833145,1602.7005602584602,1622.8814697265625,19600,0.0,0.0
2019-07-04 00:00:00+09:00,1638.8583162447396,1642.2218017578125,1623.7226314359118,1642.2218017578125,10600,0.0,0.0
2019-07-05 00:00:00+09:00,1643.903288710541,1656.516357421875,1634.653704988896,1656.516357421875,11500,0.0,0.0
2019-07-08 00:00:00+09:00,1657.3573946439303,1658.198265975561,1636.3356113531652,1639.6990966796875,10200,0.0,0.0
2019-07-09 00:00:00+09:00,1639.6989768910632,1639.6989768910632,1610.268482434044,1619.51806640625,12900,0.0,0.0
2019-07-10 00:00:00+09:00,1614.4728090766823,1628.7676204070488,1601.8597402557707,1611.9501953125,25100,0.0,0.0
2019-07-11 00:00:00+09:00,1608.5867692183463,1630.4494226421189,1608.5867692183463,1627.0859375,13000,0.0,0.0
2019-07-12 00:00:00+09:00,1627.9269509066855,1646.4261208033524,1622.0408513941097,1628.767822265625,12900,0.0,0.0
2019-07-16 00:00:00+09:00,1624.563181522407,1634.6536360660243,1616.9953406146938,1625.404052734375,12200,0.0,0.0
2019-07-17 00:00:00+09:00,1628.767822265625,1638.8582785728977,1612.7912664457763,1628.767822265625,16500,0.0,0.0
2019-07-18 00:00:00+09:00,1632.1311720703125,1632.1311720703125,1570.74756796875,1576.6336669921875,32800,0.0,0.0
2019-07-19 00:00:00+09:00,1582.5197118016965,1616.1545622119345,1575.792741719649,1607.745849609375,26600,0.0,0.0
2019-07-22 00:00:00+09:00,1613.6320745823746,1613.6320745823746,1582.519835520599,1587.5650634765625,29900,0.0,0.0
2019-07-23 00:00:00+09:00,1590.0875848379019,1606.0641391012125,1590.0875848379019,1595.1328125,4400,0.0,0.0
2019-07-24 00:00:00+09:00,1595.1328030056425,1606.9050008138022,1573.2701499333457,1589.2467041015625,19500,0.0,0.0
2019-07-25 00:00:00+09:00,1597.6556197107152,1606.9052048774615,1589.2469059227642,1595.973876953125,9400,0.0,0.0
2019-07-26 00:00:00+09:00,1606.9050031950235,1606.9050031950235,1564.0205682588926,1569.0657958984375,19800,0.0,0.0
2019-07-29 00:00:00+09:00,1596.81474833192,1596.81474833192,1578.3155779984277,1595.973876953125,13300,0.0,0.0
2019-07-30 00:00:00+09:00,1595.973630161542,1626.2449951171875,1591.769273917702,1626.2449951171875,13400,0.0,0.0
2019-07-31 00:00:00+09:00,1621.1997897734702,1622.881532293982,1587.5649393632323,1607.745849609375,15500,0.0,0.0
2019-08-01 00:00:00+09:00,1589.246755088051,1601.0189532738884,1582.519784696144,1588.4058837890625,6400,0.0,0.0
2019-08-02 00:00:00+09:00,1570.747554284594,1571.5884255663307,1516.090920971693,1524.4996337890625,29600,0.0,0.0
2019-08-05 00:00:00+09:00,1457.2298173811296,1486.6603099422027,1439.571521844486,1463.956787109375,35200,0.0,0.0
2019-08-06 00:00:00+09:00,1463.956927820624,1491.7056806167648,1451.343858367833,1475.7291259765625,33500,0.0,0.0
2019-08-07 00:00:00+09:00,1451.3439719204528,1470.6840132612238,1446.2987437445995,1459.752685546875,15700,0.0,0.0
2019-08-08 00:00:00+09:00,1459.7524602502483,1488.3420821675918,1455.548104085933,1481.6151123046875,13700,0.0,0.0
2019-08-09 00:00:00+09:00,1481.6151507670652,1511.8865159359725,1481.6151507670652,1505.1595458984375,14900,0.0,0.0
2019-08-13 00:00:00+09:00,1488.3422216633023,1528.7040446236629,1488.3422216633023,1503.4779052734375,28300,0.0,0.0
2019-08-14 00:00:00+09:00,1527.0222157284259,1537.1126708984375,1505.1595628600674,1537.1126708984375,16300,0.0,0.0
2019-08-15 00:00:00+09:00,1515.2500085804504,1537.9535325713894,1506.8412959912137,1531.2265625,18100,0.0,0.0
2019-08-16 00:00:00+09:00,1537.1127404539823,1556.4527804049897,1537.1127404539823,1548.0440673828125,18900,0.0,0.0
2019-08-19 00:00:00+09:00,1568.2248745735765,1568.2248745735765,1548.884835905913,1559.816162109375,20500,0.0,0.0
2019-08-20 00:00:00+09:00,1585.0423255824644,1608.5867208696309,1563.1796728158097,1607.745849609375,36700,0.0,0.0
2019-08-21 00:00:00+09:00,1593.4511130835442,1597.6554695824454,1576.6336870879395,1578.3154296875,9900,0.0,0.0
2019-08-22 00:00:00+09:00,1595.9736453526284,1595.9736453526284,1558.9753100546748,1571.58837890625,10100,0.0,0.0
2019-08-23 00:00:00+09:00,1578.3154189204056,1583.360646684669,1566.543220803791,1582.519775390625,12300,0.0,0.0
2019-08-26 00:00:00+09:00,1548.884930842009,1548.884930842009,1520.2953067113747,1532.0675048828125,22500,0.0,0.0
2019-08-27 00:00:00+09:00,1547.203073352334,1561.4978843561328,1538.7943609971583,1558.1343994140625,12600,0.0,0.0
2019-08-28 00:00:00+09:00,1558.9753004948896,1574.9518542755816,1556.4526867400436,1565.7022705078125,18700,0.0,0.0
2019-08-29 00:00:00+09:00,1579.9970711624808,1579.9970711624808,1552.2483200457368,1569.9066162109375,19500,0.0,0.0
2019-08-30 00:00:00+09:00,1586.7240567363067,1628.7676194479207,1576.6336016855194,1622.0406494140625,26100,0.0,0.0
2019-09-02 00:00:00+09:00,1615.3134965540046,1616.9952388721244,1594.291717577508,1596.8143310546875,13100,0.0,0.0
2019-09-03 00:00:00+09:00,1597.6553341524298,1610.268402579949,1590.9283643244196,1602.7005615234375,6500,0.0,0.0
2019-09-04 00:00:00+09:00,1596.8145031674371,1615.313670660688,1583.3605631723453,1606.0640869140625,15700,0.0,0.0
2019-09-05 00:00:00+09:00,1616.9953096973652,1653.9936423165457,1616.9953096973652,1648.1075439453125,26000,0.0,0.0
2019-09-06 00:00:00+09:00,1648.9486813276242,1657.3573946439303,1632.9721260266426,1639.6990966796875,11700,0.0,0.0
2019-09-09 00:00:00+09:00,1644.7440487481033,1663.2432149405665,1640.5396927952706,1662.40234375,15900,0.0,0.0
2019-09-10 00:00:00+09:00,1663.2435031397706,1663.2435031397706,1631.2903923615547,1645.585205078125,18200,0.0,0.0
2019-09-11 00:00:00+09:00,1645.5849993862864,1679.2198486328125,1645.5849993862864,1679.2198486328125,40900,0.0,0.0
2019-09-12 00:00:00+09:00,1676.6973341875232,1716.2182843915423,1661.561651130665,1697.7191162109375,47800,0.0,0.0
2019-09-13 00:00:00+09:00,1710.3320515151108,1721.2633773114217,1684.2650438469846,1712.0137939453125,48300,0.0,0.0
2019-09-17 00:00:00+09:00,1711.1731340918873,1751.534957402163,1708.650520134995,1724.6270751953125,29400,0.0,0.0
2019-09-18 00:00:00+09:00,1724.6269126933087,1740.6034662482443,1708.6503591383732,1721.263427734375,25100,0.0,0.0
2019-09-19 00:00:00+09:00,1706.9686836930932,1758.2618313311616,1705.2869411475829,1752.375732421875,50100,0.0,0.0
2019-09-20 00:00:00+09:00,1752.3759166434822,1763.3072443384751,1742.2854603096425,1747.3306884765625,53500,0.0,0.0
2019-09-24 00:00:00+09:00,1744.8078224469116,1759.9435047621137,1719.581685254908,1721.263427734375,48000,0.0,0.0
2019-09-25 00:00:00+09:00,1721.2635807403146,1722.1044520547946,1709.4913823375964,1718.740966796875,30500,0.0,0.0
2019-09-26 00:00:00+09:00,1726.3089158026976,1742.2854717696978,1687.6288329352235,1696.87841796875,103400,0.0,0.0
2019-09-27 00:00:00+09:00,1720.4226649289876,1760.7844869801077,1716.2183084653293,1745.6488037109375,52600,0.0,0.0
2019-09-30 00:00:00+09:00,1733.0358141708562,1734.717556833807,1687.6287622711832,1696.0374755859375,22100,0.0,0.0
2019-10-01 00:00:00+09:00,1697.7191124686358,1734.7174487482891,1697.7191124686358,1727.990478515625,11500,0.0,0.0
2019-10-02 00:00:00+09:00,1707.8096364240812,1751.5349446929401,1707.8096364240812,1738.921875,27200,0.0,0.0
2019-10-03 00:00:00+09:00,1708.6505326162937,1715.3775032171454,1645.5851832333105,1653.993896484375,25700,0.0,0.0
2019-10-04 00:00:00+09:00,1641.3808483967807,1656.51653244962,1632.9721350340924,1645.585205078125,15700,0.0,0.0
2019-10-07 00:00:00+09:00,1645.585262682951,1676.697503214003,1640.5400344887262,1660.720947265625,15700,0.0,0.0
2019-10-08 00:00:00+09:00,1677.5381232682355,1732.1947538509098,1677.5381232682355,1721.263427734375,34500,0.0,0.0
2019-10-09 00:00:00+09:00,1714.5366069269826,1739.7627463128626,1712.0139929883946,1738.921875,17300,0.0,0.0
2019-10-10 00:00:00+09:00,1724.6270162316887,1729.6722439729808,1703.605233976305,1709.4913330078125,10000,0.0,0.0
2019-10-11 00:00:00+09:00,1714.536541829669,1718.7408982343518,1681.7425618731427,1697.7191162109375,18500,0.0,0.0
2019-10-15 00:00:00+09:00,1723.7861714543124,1753.2166670645079,1723.7861714543124,1737.2401123046875,22900,0.0,0.0
2019-10-16 00:00:00+09:00,1757.4209659291255,1795.2601733295132,1755.7392233779972,1788.533203125,37100,0.0,0.0
2019-10-17 00:00:00+09:00,1779.28371320038,1801.9872388414055,1770.875,1770.875,27400,0.0,0.0
2019-10-18 00:00:00+09:00,1786.0107002759294,1802.8281268321998,1776.7611156699804,1792.7376708984375,21900,0.0,0.0
2019-10-21 00:00:00+09:00,1789.373986532522,1792.7374714696132,1706.1277343395145,1735.5582275390625,52000,0.0,0.0
2019-10-23 00:00:00+09:00,1736.3993312680377,1740.603688002343,1688.4696644969588,1693.514892578125,26200,0.0,0.0
2019-10-24 00:00:00+09:00,1705.2868437976372,1725.467753191692,1692.673775426353,1723.7860107421875,26300,0.0,0.0
2019-10-25 00:00:00+09:00,1738.9218200248663,1774.2384140485822,1738.9218200248663,1770.0340576171875,29200,0.0,0.0
2019-10-28 00:00:00+09:00,1770.0341269517417,1785.1698106976473,1754.8984432058362,1780.9654541015625,24600,0.0,0.0
2019-10-29 00:00:00+09:00,1790.2148535224828,1819.645346652256,1787.6922398256452,1796.1009521484375,36800,0.0,0.0
2019-10-30 00:00:00+09:00,1787.692439260524,1803.668994456173,1750.694100912705,1756.5802001953125,90900,0.0,0.0
2019-10-31 00:00:00+09:00,1750.6940030508667,1769.1931711906934,1719.5817657247946,1727.990478515625,28900,0.0,0.0
2019-11-01 00:00:00+09:00,1725.4678969439337,1725.4678969439337,1692.6739164464614,1715.37744140625,7200,0.0,0.0
2019-11-05 00:00:00+09:00,1757.420725519152,1761.6250813218294,1723.7858790977327,1758.2615966796875,17900,0.0,0.0
2019-11-06 00:00:00+09:00,1764.9890336005362,1775.0794902004438,1750.694220084,1766.6707763671875,22600,0.0,0.0
2019-11-07 00:00:00+09:00,1732.195003975803,1757.421144810402,1732.195003975803,1747.3306884765625,19400,0.0,0.0
2019-11-08 00:00:00+09:00,1764.9887705255937,1770.0339980735469,1741.4443753018127,1754.8983154296875,23000,0.0,0.0
2019-11-11 00:00:00+09:00,1770.0341635406332,1777.6020055700233,1743.9671521060682,1748.1715087890625,13900,0.0,0.0
2019-11-12 00:00:00+09:00,1763.307290833885,1772.556876050467,1746.4898631673718,1766.6707763671875,20400,0.0,0.0
2019-11-13 00:00:00+09:00,1765.8298584219351,1765.8298584219351,1747.3306884765625,1747.3306884765625,11200,0.0,0.0
2019-11-14 00:00:00+09:00,1747.3305301086004,1749.0122726784837,1713.6956787109375,1713.6956787109375,10100,0.0,0.0
2019-11-15 00:00:00+09:00,1703.60509961312,1759.9434716141463,1703.60509961312,1754.057373046875,15300,0.0,0.0
2019-11-18 00:00:00+09:00,1757.4207057131448,1778.4424844896178,1749.0119942025556,1776.7607421875,21200,0.0,0.0
2019-11-19 00:00:00+09:00,1776.761137449101,1791.0559501971532,1774.2385234347387,1784.3289794921875,21200,0.0,0.0
2019-11-20 00:00:00+09:00,1763.3069897210476,1771.715702118382,1712.013844097307,1721.263427734375,32300,0.0,0.0
2019-11-21 00:00:00+09:00,1728.8314940212408,1728.8314940212408,1677.5383417180815,1719.5819091796875,18100,0.0,0.0
2019-11-22 00:00:00+09:00,1727.9905371659054,1754.8984190098513,1713.695724936309,1743.126220703125,15200,0.0,0.0
2019-11-25 00:00:00+09:00,1755.7392919282206,1762.4662623953786,1721.2635682840362,1733.0357666015625,19800,0.0,0.0
2019-11-26 00:00:00+09:00,1727.1494140625,1738.080739467959,1706.9685056216529,1727.1494140625,29400,0.0,0.0
2019-11-27 00:00:00+09:00,1727.149664292004,1753.2166748046875,1720.4226938371178,1753.2166748046875,12900,0.0,0.0
2019-11-28 00:00:00+09:00,1739.7626953125,1748.171408194629,1721.2635269718162,1739.7626953125,11300,0.0,0.0
2019-11-29 00:00:00+09:00,1723.7860192478076,1758.2617396327637,1720.422534332202,1749.85302734375,11500,0.0,0.0
2019-12-02 00:00:00+09:00,1743.1261472629228,1770.0340279732043,1743.1261472629228,1762.4661865234375,9200,0.0,0.0
2019-12-03 00:00:00+09:00,1739.762644361413,1750.6939707880435,1723.7860903532608,1740.603515625,9800,0.0,0.0
2019-12-04 00:00:00+09:00,1738.0808902698438,1754.8983154296875,1718.7408513360235,1754.8983154296875,10900,0.0,0.0
2019-12-05 00:00:00+09:00,1759.1025392972506,1764.9886376600998,1740.6033730140098,1749.0120849609375,11100,0.0,0.0
2019-12-06 00:00:00+09:00,1759.1028472400103,1762.466332607582,1733.8767069832224,1743.9671630859375,15800,0.0,0.0
2019-12-09 00:00:00+09:00,1740.6035145696371,1753.216583515794,1740.6035145696371,1750.6939697265625,7200,0.0,0.0
2019-12-10 00:00:00+09:00,1747.330413657046,1759.9434820905665,1743.126057512539,1749.85302734375,19400,0.0,0.0
2019-12-11 00:00:00+09:00,1755.7393508184525,1756.5802221550514,1742.2854094328704,1748.1715087890625,8600,0.0,0.0
2019-12-12 00:00:00+09:00,1749.0124773173488,1769.1933905171645,1746.4898631673718,1766.6707763671875,16000,0.0,0.0
2019-12-13 00:00:00+09:00,1819.6454755442576,1837.303772672922,1803.6689209992758,1832.258544921875,37200,0.0,0.0
2019-12-16 00:00:00+09:00,1848.2350636900562,1848.2350636900562,1765.8296786847673,1788.533203125,23500,0.0,0.0
2019-12-17 00:00:00+09:00,1808.7139788965567,1825.5314031540795,1787.6921985746535,1812.9183349609375,25700,0.0,0.0
2019-12-18 00:00:00+09:00,1817.122919073687,1817.122919073687,1782.6471950190728,1791.055908203125,26200,0.0,0.0
2019-12-19 00:00:00+09:00,1793.5786332356008,1804.5099610518514,1764.148135268772,1795.2603759765625,28900,0.0,0.0
2019-12-20 00:00:00+09:00,1787.6923669106202,1787.6923669106202,1738.0809606793284,1755.7392578125,45600,0.0,0.0
2019-12-23 00:00:00+09:00,1750.6938979307888,1764.147837588278,1750.6938979307888,1759.9434814453125,13000,0.0,0.0
2019-12-24 00:00:00+09:00,1766.6706724198434,1784.3289704307033,1758.2619590813388,1778.44287109375,16300,0.0,0.0
2019-12-25 00:00:00+09:00,1775.9200978915662,1777.6018404085091,1738.0808912603538,1744.807861328125,12700,0.0,0.0
2019-12-26 00:00:00+09:00,1739.7627338949153,1759.9436452595735,1725.4679216782824,1753.2166748046875,22300,0.0,0.0
2019-12-27 00:00:00+09:00,1774.238282420377,1774.238282420377,1742.285175912332,1754.057373046875,21400,0.0,0.0
2019-12-30 00:00:00+09:00,1743.9669183601238,1756.5799867185626,1721.2633953149343,1754.057373046875,13100,0.0,0.0
2020-01-06 00:00:00+09:00,1714.536611902432,1724.6270676860659,1699.4009282269815,1708.6505126953125,26800,0.0,0.0
2020-01-07 00:00:00+09:00,1726.3084141297857,1795.2598461602984,1726.3084141297857,1781.805908203125,21300,0.0,0.0
2020-01-08 00:00:00+09:00,1765.8296469343547,1765.8296469343547,1697.7190748383155,1704.446044921875,24300,0.0,0.0
2020-01-09 00:00:00+09:00,1722.1043467819404,1752.3757122527168,1722.1043467819404,1750.6939697265625,14600,0.0,0.0
2020-01-10 00:00:00+09:00,1759.1028852982954,1764.988984818892,1750.6941716974432,1757.421142578125,8400,0.0,0.0
2020-01-14 00:00:00+09:00,1755.7393139969831,1765.8297698245522,1717.9001046436,1724.6270751953125,23400,0.0,0.0
2020-01-15 00:00:00+09:00,1731.3539221907379,1743.126119816124,1715.3773682705707,1734.7174072265625,17300,0.0,0.0
2020-01-16 00:00:00+09:00,1745.6488065663834,1745.6488065663834,1718.7409251549557,1725.4678955078125,14000,0.0,0.0
2020-01-17 00:00:00+09:00,1748.1712842450095,1764.147837588278,1738.0808295018926,1759.9434814453125,19900,0.0,0.0
2020-01-20 00:00:00+09:00,1772.5567553909616,1772.5567553909616,1746.489744282271,1756.5802001953125,30700,0.0,0.0
2020-01-21 00:00:00+09:00,1753.2167880046354,1756.5802734492488,1738.0811035038762,1747.3306884765625,11500,0.0,0.0
2020-01-22 00:00:00+09:00,1746.4895801679081,1790.2148850156361,1740.603481438406,1783.4879150390625,20800,0.0,0.0
2020-01-23 00:00:00+09:00,1788.533365178925,1804.5099208622346,1766.6707100333433,1791.8968505859375,17500,0.0,0.0
2020-01-24 00:00:00+09:00,1791.896857053625,1793.578599763201,1751.535032023792,1761.62548828125,13100,0.0,0.0
2020-01-27 00:00:00+09:00,1741.4442763763323,1741.4442763763323,1698.5598446548486,1706.127685546875,19300,0.0,0.0
2020-01-28 00:00:00+09:00,1681.7426215277778,1726.308800998264,1670.8112944878471,1702.764404296875,22700,0.0,0.0
2020-01-29 00:00:00+09:00,1700.2419494599,1718.7411200277131,1685.9471358393173,1716.218505859375,14800,0.0,0.0
2020-01-30 00:00:00+09:00,1706.9688389412056,1722.1045232273839,1699.4009967981167,1719.5819091796875,19200,0.0,0.0
2020-01-31 00:00:00+09:00,1725.467833938821,1750.6939718619033,1720.4226063542046,1730.5130615234375,16900,0.0,0.0
2020-02-03 00:00:00+09:00,1688.4694983183003,1730.5130615234375,1688.4694983183003,1730.5130615234375,18700,0.0,0.0
2020-02-04 00:00:00+09:00,1649.7893055408924,1701.082449087271,1649.7893055408924,1680.0606689453125,31500,0.0,0.0
2020-02-05 00:00:00+09:00,1685.9470105527053,1713.695764342351,1683.4243965718285,1690.1513671875,20500,0.0,0.0
2020-02-06 00:00:00+09:00,1707.8095572758646,1748.1713784227093,1707.8095572758646,1732.19482421875,24100,0.0,0.0
2020-02-07 00:00:00+09:00,1721.263600816475,1721.263600816475,1702.7644316821504,1720.4227294921875,10100,0.0,0.0
2020-02-10 00:00:00+09:00,1708.6502899383759,1710.3320323497326,1671.6519568885292,1680.0606689453125,21100,0.0,0.0
2020-02-12 00:00:00+09:00,1697.7191079711913,1697.7191079711913,1669.9703558349609,1681.7425537109375,16500,0.0,0.0
2020-02-13 00:00:00+09:00,1681.7426575874874,1685.1061429026624,1665.7661023404062,1669.970458984375,15500,0.0,0.0
2020-02-14 00:00:00+09:00,1669.9703785093054,1669.9703785093054,1646.4259824376736,1663.243408203125,13100,0.0,0.0
2020-02-17 00:00:00+09:00,1643.90318796586,1656.5162559042171,1624.5631504603793,1648.1075439453125,20700,0.0,0.0
2020-02-18 00:00:00+09:00,1652.3122225674715,1652.3122225674715,1611.1095259232955,1618.6773681640625,16100,0.0,0.0
2020-02-19 00:00:00+09:00,1635.4945770980632,1669.9702982605418,1627.9267358672753,1646.4259033203125,25800,0.0,0.0
2020-02-20 00:00:00+09:00,1671.652125255455,1671.652125255455,1632.9720458984375,1632.9720458984375,27700,0.0,0.0
2020-02-21 00:00:00+09:00,1627.085907838055,1639.6989768910632,1611.950224974445,1619.51806640625,19900,0.0,0.0
2020-02-25 00:00:00+09:00,1555.6116739908855,1594.291748046875,1533.7490234375,1543.8394775390625,65900,0.0,0.0
2020-02-26 00:00:00+09:00,1521.976977658935,1544.680501635063,1509.3639087833085,1541.3170166015625,24600,0.0,0.0
2020-02-27 00:00:00+09:00,1546.3623421688208,1546.3623421688208,1499.2735487150667,1503.4779052734375,54900,0.0,0.0
2020-02-28 00:00:00+09:00,1450.502859097775,1472.3655108870746,1435.3671770897981,1439.571533203125,43200,0.0,0.0
2020-03-02 00:00:00+09:00,1428.6403438197544,1512.7274741210938,1428.6403438197544,1471.5247802734375,30200,0.0,0.0
2020-03-03 00:00:00+09:00,1479.933469156084,1490.864795916896,1423.5950927734375,1423.5950927734375,35500,0.0,0.0
2020-03-04 00:00:00+09:00,1395.8463111569365,1435.367260930657,1376.506271905967,1416.0272216796875,24600,0.0,0.0
2020-03-05 00:00:00+09:00,1441.253204582556,1444.6166893073694,1406.7774861532184,1408.459228515625,28500,0.0,0.0
2020-03-06 00:00:00+09:00,1393.3237032584957,1409.3002574901864,1363.8932086211707,1365.574951171875,41300,0.0,0.0
2020-03-09 00:00:00+09:00,1324.3722551819906,1346.2349082834075,1299.9869882611795,1309.236572265625,32100,0.0,0.0
2020-03-10 00:00:00+09:00,1293.260062429376,1356.325410077102,1244.489526915134,1348.757568359375,41100,0.0,0.0
2020-03-11 00:00:00+09:00,1328.5764163223344,1389.1191390914532,1328.5764163223344,1338.6668701171875,30500,0.0,0.0
2020-03-12 00:00:00+09:00,1312.6000168524629,1330.2583130433034,1303.3504331334514,1305.873046875,51800,0.0,0.0
2020-03-13 00:00:00+09:00,1238.6034554635578,1261.3069811237858,1194.0372754638506,1233.5582275390625,71300,0.0,0.0
2020-03-16 00:00:00+09:00,1245.3304842862215,1299.146251331676,1244.4896129261363,1248.6939697265625,43500,0.0,0.0
2020-03-17 00:00:00+09:00,1244.4895913156026,1416.8682171397231,1232.7173924788333,1405.9368896484375,56200,0.0,0.0
2020-03-18 00:00:00+09:00,1404.2550657440795,1548.8849288027511,1402.5733231503739,1475.7291259765625,53200,0.0,0.0
2020-03-19 00:00:00+09:00,1509.3638254827745,1679.2198103003348,1508.5229542708064,1625.404052734375,58700,0.0,0.0
2020-03-23 00:00:00+09:00,1673.333793333794,1759.1026611328125,1614.472805628585,1759.1026611328125,95600,0.0,0.0
2020-03-24 00:00:00+09:00,1725.4676618094204,1754.898153117086,1606.904825398539,1680.9014892578125,49900,0.0,0.0
2020-03-25 00:00:00+09:00,1704.4461892152444,1709.491417205028,1572.4293901492388,1639.6990966796875,52700,0.0,0.0
2020-03-26 00:00:00+09:00,1630.4495907218316,1712.0141138265337,1558.134652711477,1692.674072265625,62700,0.0,0.0
2020-03-27 00:00:00+09:00,1734.717457548101,1897.0056152343752,1734.717457548101,1897.005615234375,122900,0.0,0.0
2020-03-30 00:00:00+09:00,1811.2069831375968,1849.8163219538885,1752.863982259645,1843.8104248046875,53800,45.0,0.0
2020-03-31 00:00:00+09:00,1806.9172713694854,1823.218994140625,1744.2843365119486,1823.218994140625,35300,0.0,0.0
2020-04-01 00:00:00+09:00,1788.0415087121678,1792.331435556487,1743.42626953125,1743.42626953125,23200,0.0,0.0
2020-04-02 00:00:00+09:00,1691.9472324017397,1701.3850719333923,1630.1722827400129,1664.49169921875,21100,0.0,0.0
2020-04-03 00:00:00+09:00,1772.597814734281,1790.615507914058,1545.2316865132816,1567.539306640625,16800,0.0,0.0
2020-04-06 00:00:00+09:00,1539.225684398039,1618.1603348799897,1534.0777724100858,1614.7283935546875,24500,0.0,0.0
2020-04-07 00:00:00+09:00,1630.172225804005,1679.077392578125,1600.1427374339312,1679.077392578125,18100,0.0,0.0
2020-04-08 00:00:00+09:00,1691.9471294164305,1767.4498410739589,1658.4857003863895,1740.852294921875,26500,0.0,0.0
2020-04-09 00:00:00+09:00,1722.8343309762488,1723.6923162008386,1665.3493209287344,1709.1065673828125,15800,0.0,0.0
2020-04-10 00:00:00+09:00,1687.657257667824,1752.0061617476852,1687.657257667824,1737.42041015625,9700,0.0,0.0
2020-04-13 00:00:00+09:00,1744.284191777923,1744.284191777923,1683.3672327930572,1706.5328369140625,10900,0.0,0.0
2020-04-14 00:00:00+09:00,1706.5328739940671,1715.9707129151002,1679.0773425874256,1711.6807861328125,12500,0.0,0.0
2020-04-15 00:00:00+09:00,1711.6806748334097,1733.1303073501192,1636.1779683745929,1662.7755126953125,34200,0.0,0.0
2020-04-16 00:00:00+09:00,1673.9293791240914,1800.05322265625,1661.9175845019809,1800.05322265625,32500,0.0,0.0
2020-04-17 00:00:00+09:00,1783.7515498159935,1842.094553850379,1760.5859452729287,1778.6036376953125,38100,0.0,0.0
2020-04-20 00:00:00+09:00,1796.6210602909687,1796.6210602909687,1685.940966318889,1709.1065673828125,27000,0.0,0.0
2020-04-21 00:00:00+09:00,1691.9471692408254,1715.970759879133,1687.6572423411274,1712.538818359375,7500,0.0,0.0
2020-04-22 00:00:00+09:00,1693.6630383632696,1725.4084955159751,1661.9175812105639,1703.9588623046875,17500,0.0,0.0
2020-04-23 00:00:00+09:00,1698.811153210291,1721.1187744140625,1678.219502868348,1721.1187744140625,13300,0.0,0.0
2020-04-24 00:00:00+09:00,1727.9825293864678,1782.0356075152401,1721.9766318166044,1776.8876953125,17100,0.0,0.0
2020-04-27 00:00:00+09:00,1801.7693127453385,1801.7693127453385,1728.8405548485034,1748.57421875,15300,0.0,0.0
2020-04-28 00:00:00+09:00,1755.437931831174,1765.7337554782775,1709.9647107231326,1758.869873046875,27200,0.0,0.0
2020-04-30 00:00:00+09:00,1791.4733145960367,1793.1892852038873,1752.863975919398,1758.869873046875,22500,0.0,0.0
2020-05-01 00:00:00+09:00,1733.9884054007089,1743.426244321742,1703.100932568237,1711.6807861328125,7400,0.0,0.0
2020-05-07 00:00:00+09:00,1699.6689550114065,1731.4144125255013,1695.3790283203125,1695.3790283203125,6700,0.0,0.0
2020-05-08 00:00:00+09:00,1729.6984466508052,1764.8758456154299,1699.6689597297843,1758.011962890625,12400,0.0,0.0
2020-05-11 00:00:00+09:00,1764.8757606376407,1779.4615107255552,1739.1362016589683,1763.1597900390625,8300,0.0,0.0
2020-05-12 00:00:00+09:00,1752.0062037728887,1772.5978535723743,1750.290232956265,1771.7398681640625,4800,0.0,0.0
2020-05-13 00:00:00+09:00,1745.1420245901174,1775.1715087890625,1731.4142603848854,1775.1715087890625,13100,0.0,0.0
2020-05-14 00:00:00+09:00,1776.0296104535032,1776.0296104535032,1691.0890638665965,1701.3848876953125,6500,0.0,0.0
2020-05-15 00:00:00+09:00,1741.7103300687797,1793.189453125,1715.1127831563995,1793.189453125,17100,0.0,0.0
2020-05-18 00:00:00+09:00,1797.4794623730918,1866.9762816820275,1788.8996081374207,1861.828369140625,22200,0.0,0.0
2020-05-19 00:00:00+09:00,1904.7275084363184,1928.7510986328125,1861.8282402282932,1928.7510986328125,30600,0.0,0.0
2020-05-20 00:00:00+09:00,1930.466967508547,1930.466967508547,1891.8576281583762,1897.863525390625,31200,0.0,0.0
2020-05-21 00:00:00+09:00,1891.8575630222954,1903.011371783878,1858.3961367375473,1872.1239013671875,6900,0.0,0.0
2020-05-22 00:00:00+09:00,1880.703707086772,1897.8634124434031,1859.2540753909832,1871.265869140625,8000,0.0,0.0
2020-05-25 00:00:00+09:00,1909.0174111807964,1909.0174111807964,1866.1181435138124,1885.851806640625,9600,0.0,0.0
2020-05-26 00:00:00+09:00,1903.0114257597304,1946.7686767578125,1888.4256754270364,1946.7686767578125,30900,0.0,0.0
2020-05-27 00:00:00+09:00,1920.1712275679395,1925.3191397061912,1871.2660622545468,1915.0233154296875,25300,0.0,0.0
2020-05-28 00:00:00+09:00,1930.4671843155572,1973.366455078125,1887.5679135529892,1973.366455078125,33300,0.0,0.0
2020-05-29 00:00:00+09:00,1971.650212399144,1999.105741901656,1933.0408740362366,1963.9283447265625,36600,0.0,0.0
2020-06-01 00:00:00+09:00,1942.4788050557888,1979.372174586442,1911.5913328905908,1965.6444091796875,14600,0.0,0.0
2020-06-02 00:00:00+09:00,1987.0940524524278,2002.5377886113845,1947.6267267128717,1961.3544921875,18500,0.0,0.0
2020-06-03 00:00:00+09:00,1994.8158254081695,1994.8158254081695,1932.1828984168592,1948.484619140625,13800,0.0,0.0
2020-06-04 00:00:00+09:00,1971.6503668408377,1971.6503668408377,1910.7334059854418,1928.7510986328125,19200,0.0,0.0
2020-06-05 00:00:00+09:00,1945.052765139351,1957.0645598953947,1857.538260488176,1909.8753662109375,22300,0.0,0.0
2020-06-08 00:00:00+09:00,1921.0294499019924,1921.0294499019924,1879.8461477156166,1908.15966796875,20400,0.0,0.0
2020-06-09 00:00:00+09:00,1927.8930638430938,1971.6503162934712,1907.3014156311515,1961.3544921875,19200,0.0,0.0
2020-06-10 00:00:00+09:00,1965.6445028751739,1984.5201812092,1950.2007660564252,1967.3604736328125,18200,0.0,0.0
2020-06-11 00:00:00+09:00,1981.088305355831,1987.9521886138848,1951.9168015091013,1970.79248046875,22500,0.0,0.0
2020-06-12 00:00:00+09:00,1959.6384564631308,1981.088089305328,1942.4787501893732,1946.7686767578125,23600,0.0,0.0
2020-06-15 00:00:00+09:00,1945.9105598756773,1980.2299701027614,1939.9046630859375,1939.9046630859375,15800,0.0,0.0
2020-06-16 00:00:00+09:00,1972.5083781628105,2041.1472081989239,1964.7865097837475,2034.2833251953125,39000,0.0,0.0
2020-06-17 00:00:00+09:00,2025.703108892797,2074.6082665407807,2025.703108892797,2067.744384765625,45200,0.0,0.0
2020-06-18 00:00:00+09:00,2063.45479582475,2078.040546980268,2060.022854376393,2069.460693359375,20900,0.0,0.0
2020-06-19 00:00:00+09:00,2076.3243978277683,2087.47820657643,2028.2772216796875,2028.2772216796875,49100,0.0,0.0
2020-06-22 00:00:00+09:00,2020.5556239720395,2059.1649671052633,2014.5497261513158,2037.71533203125,39600,0.0,0.0
2020-06-23 00:00:00+09:00,2047.1531847573824,2083.188571915727,2041.1472868976584,2073.750732421875,46000,0.0,0.0
2020-06-24 00:00:00+09:00,2056.590938778683,2059.1648948973043,1992.242035813142,2005.11181640625,39200,0.0,0.0
2020-06-25 00:00:00+09:00,2005.1118419991362,2034.283345049188,1986.2361635549853,2025.7034912109375,43300,0.0,0.0
2020-06-26 00:00:00+09:00,2011.9758053064245,2028.2775282492057,1987.9522136012731,1991.3841552734375,28500,0.0,0.0
2020-06-29 00:00:00+09:00,2030.8512973285344,2076.324520293643,1992.2419570751404,2061.73876953125,132000,0.0,0.0
2020-06-30 00:00:00+09:00,2071.176716553665,2071.176716553665,2025.7034912109375,2025.7034912109375,22100,0.0,0.0
2020-07-01 00:00:00+09:00,2025.7032962531994,2035.9991198682092,1944.1946926343708,1948.484619140625,19300,0.0,0.0
2020-07-02 00:00:00+09:00,1948.4846008464121,1970.7922184694887,1911.5912332390164,1923.60302734375,21300,0.0,0.0
2020-07-03 00:00:00+09:00,1923.6028680932845,1951.0583952025552,1897.0053262061783,1929.6087646484375,11100,0.0,0.0
2020-07-06 00:00:00+09:00,1933.8990020751953,1941.6208703177317,1913.307353428432,1921.88720703125,9100,0.0,0.0
2020-07-07 00:00:00+09:00,1936.4729780120165,1936.4729780120165,1895.2896802962093,1913.307373046875,8800,0.0,0.0
2020-07-08 00:00:00+09:00,1895.289786658142,1914.1654658371729,1881.5620199824832,1888.4259033203125,18100,0.0,0.0
2020-07-09 00:00:00+09:00,1881.5618352881177,1890.9996739512135,1827.5087593085684,1851.5323486328125,13200,0.0,0.0
2020-07-10 00:00:00+09:00,1842.952373798077,1842.952373798077,1762.3017578125,1762.3017578125,22900,0.0,0.0
2020-07-13 00:00:00+09:00,1805.2013717739255,1938.1891154169668,1799.1954736739174,1936.47314453125,21000,0.0,0.0
2020-07-14 00:00:00+09:00,1951.0588278207615,1969.0765214813753,1928.7512070980965,1955.3487548828125,13600,0.0,0.0
2020-07-15 00:00:00+09:00,1949.342665029694,1957.0645329809558,1858.396220270386,1878.1298828125,44900,0.0,0.0
2020-07-16 00:00:00+09:00,1898.72171766374,1990.52615679163,1898.72171766374,1955.3487548828125,24000,0.0,0.0
2020-07-17 00:00:00+09:00,1958.780687924538,2011.1177978515623,1903.0116363629545,2011.1177978515625,23600,0.0,0.0
2020-07-20 00:00:00+09:00,2054.0169839514306,2054.0169839514306,1971.6503881037543,1993.9580078125,35100,0.0,0.0
2020-07-21 00:00:00+09:00,1993.9580539875828,2076.3246517426637,1970.7924483689662,2068.602783203125,38400,0.0,0.0
2020-07-22 00:00:00+09:00,2026.5613468630816,2051.4429214011975,1992.2419337070598,1996.5318603515625,25000,0.0,0.0
2020-07-27 00:00:00+09:00,2030.8519227439547,2071.17724609375,1997.3904842196562,2071.17724609375,29500,0.0,0.0
2020-07-28 00:00:00+09:00,2071.1766090808055,2076.324521116632,2035.9992101693254,2050.5849609375,23700,0.0,0.0
2020-07-29 00:00:00+09:00,2055.733033917003,2058.306990136432,2025.7035446903358,2044.5792236328125,20200,0.0,0.0
2020-07-30 00:00:00+09:00,2044.5791497007294,2044.5791497007294,1973.3663635382618,2034.2833251953125,25800,0.0,0.0
2020-07-31 00:00:00+09:00,2016.2654096469319,2016.2654096469319,1888.4256028225093,1891.8575439453125,16200,0.0,0.0
2020-08-03 00:00:00+09:00,1910.733465196422,1917.5973483224082,1852.3904586255387,1903.0115966796875,21800,0.0,0.0
2020-08-04 00:00:00+09:00,1903.0113335202482,1930.4668622274835,1817.2128063101377,1855.8221435546875,27300,0.0,0.0
2020-08-05 00:00:00+09:00,1842.0945796152992,1842.0945796152992,1800.91128207383,1810.34912109375,24700,0.0,0.0
2020-08-06 00:00:00+09:00,1810.34916649655,1847.242538136053,1807.7752103356545,1822.3609619140625,14100,0.0,0.0
2020-08-07 00:00:00+09:00,1815.497008921799,1849.816423079111,1755.4380341465032,1767.4498291015625,34600,0.0,0.0
2020-08-11 00:00:00+09:00,1758.8701590010091,1833.514892578125,1744.284406462952,1833.514892578125,31200,0.0,0.0
2020-08-12 00:00:00+09:00,1824.934926121594,1909.8754798056736,1813.7811160418662,1903.0115966796875,24500,0.0,0.0
2020-08-13 00:00:00+09:00,1906.4431342169944,1914.1650010972612,1871.2657406513342,1909.01708984375,20400,0.0,0.0
2020-08-14 00:00:00+09:00,1909.0172884695064,1909.0172884695064,1848.1003322981198,1852.3902587890625,22700,0.0,0.0
2020-08-17 00:00:00+09:00,1845.5264520391718,1867.8340707063119,1827.5087600387892,1840.3785400390625,9700,0.0,0.0
2020-08-18 00:00:00+09:00,1832.6567892556664,1894.4317372081043,1828.3668623145247,1873.840087890625,21800,0.0,0.0
2020-08-19 00:00:00+09:00,1873.8400680834093,1885.8518633916362,1836.9466967795693,1882.419921875,25300,0.0,0.0
2020-08-20 00:00:00+09:00,1869.5500444538902,1869.5500444538902,1791.4733789902352,1795.7633056640625,35100,0.0,0.0
2020-08-21 00:00:00+09:00,1798.3373854417068,1836.0887427696816,1755.4381157508265,1784.609619140625,18000,0.0,0.0
2020-08-24 00:00:00+09:00,1787.1837158203125,1797.4795413555232,1764.0181083660887,1787.1837158203125,10800,0.0,0.0
2020-08-25 00:00:00+09:00,1803.4851817958404,1817.2129472138868,1792.3313723936776,1813.781005859375,17100,0.0,0.0
2020-08-26 00:00:00+09:00,1806.0592139834448,1806.0592139834448,1777.7456966145833,1801.769287109375,9500,0.0,0.0
2020-08-27 00:00:00+09:00,1799.1952939621015,1824.934854676867,1776.8876746759715,1796.621337890625,11500,0.0,0.0
2020-08-28 00:00:00+09:00,1801.7690805288462,1835.2305063100962,1771.7395958533655,1818.07080078125,23700,0.0,0.0
2020-08-31 00:00:00+09:00,1808.6331325188414,1838.6626200132243,1700.5269775390625,1700.5269775390625,42400,0.0,0.0
2020-09-01 00:00:00+09:00,1746.0001101822297,1806.05908203125,1741.7101836215854,1806.05908203125,32100,0.0,0.0
2020-09-02 00:00:00+09:00,1806.0591370116726,1824.934814453125,1804.343166335177,1824.934814453125,12600,0.0,0.0
2020-09-03 00:00:00+09:00,1830.0828318485203,1837.8047003373326,1795.7634163426878,1811.2071533203125,18200,0.0,0.0
2020-09-04 00:00:00+09:00,1816.354995317557,1816.354995317557,1753.7220644445379,1756.2960205078125,21400,0.0,0.0
2020-09-07 00:00:00+09:00,1757.1539655996178,1830.08271905468,1757.1539655996178,1795.7633056640625,25600,0.0,0.0
2020-09-08 00:00:00+09:00,1795.7633113905379,1857.5382556906425,1795.7633113905379,1847.242431640625,22500,0.0,0.0
2020-09-09 00:00:00+09:00,1836.088622253106,1866.9760944031584,1808.6330914530597,1847.242431640625,34900,0.0,0.0
2020-09-10 00:00:00+09:00,1834.3729199534644,1874.6982367157716,1832.6569490274087,1856.6805419921875,30200,0.0,0.0
2020-09-11 00:00:00+09:00,1855.822310607074,1888.4257538817244,1812.9230431404287,1878.9879150390625,43400,0.0,0.0
2020-09-14 00:00:00+09:00,1913.307397844839,2022.2715411301729,1913.307397844839,2018.839599609375,57700,0.0,0.0
2020-09-15 00:00:00+09:00,2005.9699073801366,2005.9699073801366,1958.780709387875,1991.3841552734375,32000,0.0,0.0
2020-09-16 00:00:00+09:00,1991.3841480716492,2088.3364999596697,1991.3841480716492,2035.9993896484375,49600,0.0,0.0
2020-09-17 00:00:00+09:00,2048.011099829399,2048.011099829399,1999.1059332226644,2041.147216796875,35800,0.0,0.0
2020-09-18 00:00:00+09:00,2041.146916715848,2068.602444809546,2029.1351231748552,2055.732666015625,62600,0.0,0.0
2020-09-23 00:00:00+09:00,2049.727257558744,2055.7331557600464,1998.24813011901,2004.2540283203125,72900,0.0,0.0
2020-09-24 00:00:00+09:00,2003.3958265061347,2004.2538118708055,1908.1594510276846,1917.5972900390625,55700,0.0,0.0
2020-09-25 00:00:00+09:00,1931.3250657975404,2002.5378514311237,1900.4375925106851,1913.307373046875,160600,0.0,0.0
2020-09-28 00:00:00+09:00,1955.3485882747125,2054.0169022947175,1943.336793524451,2050.5849609375,165300,0.0,0.0
2020-09-29 00:00:00+09:00,2052.3010668914267,2070.318760204437,2006.8278409109728,2023.987548828125,55600,0.0,0.0
2020-09-30 00:00:00+09:00,2023.9877463802534,2023.9877463802534,1973.3666030837571,1982.804443359375,31100,0.0,0.0
2020-10-02 00:00:00+09:00,1983.662027373569,1991.3838951271857,1900.4374526956985,1910.7332763671875,40900,0.0,0.0
2020-10-05 00:00:00+09:00,1934.757072185648,2005.9698602084457,1934.757072185648,1990.526123046875,51900,0.0,0.0
2020-10-06 00:00:00+09:00,2015.4079930380958,2026.5618048343902,1927.8934697133254,1962.212890625,44800,0.0,0.0
2020-10-07 00:00:00+09:00,1932.1828516550252,2016.2654091426773,1928.7509105330803,1992.2418212890625,41000,0.0,0.0
2020-10-08 00:00:00+09:00,1987.094078113229,2012.8336387105508,1981.0881806405207,1993.0999755859375,25200,0.0,0.0
2020-10-09 00:00:00+09:00,2001.6797751223385,2029.993291015625,1913.307286122081,1951.9166259765625,33000,0.0,0.0
2020-10-12 00:00:00+09:00,1951.9167764565516,1951.9167764565516,1917.5973606067662,1950.2008056640625,15600,0.0,0.0
2020-10-13 00:00:00+09:00,1950.2008406554216,1973.3664467696744,1917.5973950131402,1966.5025634765625,17100,0.0,0.0
2020-10-14 00:00:00+09:00,1949.342845287331,1977.6563637268039,1943.336947436534,1970.79248046875,11800,0.0,0.0
2020-10-15 00:00:00+09:00,1975.0820777273009,1982.8039451032982,1935.614755583315,1942.4786376953125,41400,0.0,0.0
2020-10-16 00:00:00+09:00,1944.194551982577,1957.0643305702815,1921.886935763889,1945.9105224609375,21700,0.0,0.0
2020-10-19 00:00:00+09:00,1950.2008951080204,1975.0824727402828,1941.6210407520678,1974.2244873046875,22700,0.0,0.0
2020-10-20 00:00:00+09:00,1960.4964636114316,1960.4964636114316,1884.135769842759,1893.5736083984375,32600,0.0,0.0
2020-10-21 00:00:00+09:00,1927.0352214626737,1939.0470171440973,1909.0175279405382,1930.4671630859375,12100,0.0,0.0
2020-10-22 00:00:00+09:00,1930.4670705091235,1930.4670705091235,1888.425787640258,1917.5972900390625,13000,0.0,0.0
2020-10-23 00:00:00+09:00,1909.8753866575764,1930.467035031243,1862.6861924679238,1890.1417236328125,25800,0.0,0.0
2020-10-26 00:00:00+09:00,1890.141753090365,1909.0174310604004,1859.254280048489,1877.27197265625,13300,0.0,0.0
2020-10-27 00:00:00+09:00,1860.1122364212156,1894.4316503773264,1830.0827492096184,1890.1417236328125,17500,0.0,0.0
2020-10-28 00:00:00+09:00,1861.8281430927636,1885.851732035896,1842.0944807466192,1875.555908203125,24400,0.0,0.0
2020-10-29 00:00:00+09:00,1872.9821025023966,1891.8577810434194,1864.4022486201136,1873.840087890625,15400,0.0,0.0
2020-10-30 00:00:00+09:00,1897.0054270614116,1897.0054270614116,1840.3783993879367,1860.112060546875,23200,0.0,0.0
2020-11-02 00:00:00+09:00,1868.6921350378468,1922.7452133240654,1861.8282520808666,1902.153564453125,36300,0.0,0.0
2020-11-04 00:00:00+09:00,1915.0234075120993,1944.1949110315488,1893.5737725713277,1927.8931884765625,44700,0.0,0.0
2020-11-05 00:00:00+09:00,1931.3250789258304,2048.8690752887087,1918.4552983021576,2045.4371337890625,55000,0.0,0.0
2020-11-06 00:00:00+09:00,2026.5615988759982,2033.4254823607603,1953.6328368504014,1974.2244873046875,38000,0.0,0.0
2020-11-09 00:00:00+09:00,1997.3897419119962,2051.442814824563,1988.8098890687315,2043.720947265625,23700,0.0,0.0
2020-11-10 00:00:00+09:00,2059.164980735388,2067.7448348217854,1965.6445711936558,2011.1177978515625,47300,0.0,0.0
2020-11-11 00:00:00+09:00,2041.14697265625,2078.040339543269,1999.9636793870193,2029.9931640625,47600,0.0,0.0
2020-11-12 00:00:00+09:00,2029.993387253427,2067.744743567523,2020.5555481749032,2049.72705078125,29900,0.0,0.0
2020-11-13 00:00:00+09:00,2049.7270368692093,2049.7270368692093,1993.100002782408,2002.537841796875,30900,0.0,0.0
2020-11-16 00:00:00+09:00,2016.2654547828377,2100.348014173782,2014.5494841830225,2060.022705078125,47700,0.0,0.0
2020-11-17 00:00:00+09:00,2066.8865504752575,2066.8865504752575,1973.3661544595652,1987.951904296875,33100,0.0,0.0
2020-11-18 00:00:00+09:00,2005.9698017791238,2017.981596999358,1969.934416118421,2005.11181640625,27100,0.0,0.0
2020-11-19 00:00:00+09:00,2005.111591045673,2043.720928485577,1984.5199444110576,2029.9931640625,24300,0.0,0.0
2020-11-20 00:00:00+09:00,2016.2656969572367,2043.7212298519737,1999.1059888980262,2037.71533203125,26600,0.0,0.0
2020-11-24 00:00:00+09:00,2085.7623590222506,2107.2119924963586,2055.7328721584995,2061.73876953125,35200,0.0,0.0
2020-11-25 00:00:00+09:00,2080.614466653227,2092.626261512256,2053.158935546875,2053.158935546875,18800,0.0,0.0
2020-11-26 00:00:00+09:00,2057.449243005013,2119.224199425514,2043.7214749115685,2107.21240234375,22300,0.0,0.0
2020-11-27 00:00:00+09:00,2112.3598065547476,2158.691012709888,2112.3598065547476,2126.945556640625,34900,0.0,0.0
2020-11-30 00:00:00+09:00,2113.217981081276,2125.229776345238,2023.1295166015627,2023.1295166015625,26400,0.0,0.0
2020-12-01 00:00:00+09:00,2036.8571398982176,2066.0286406381247,2029.9932573711808,2042.863037109375,27300,0.0,0.0
2020-12-02 00:00:00+09:00,2078.8985290918763,2078.8985290918763,1995.6739490993414,2006.8277587890625,34500,0.0,0.0
2020-12-03 00:00:00+09:00,2010.259557982785,2062.59666128494,2010.259557982785,2048.868896484375,14300,0.0,0.0
2020-12-04 00:00:00+09:00,2048.8687839922004,2064.3125185449057,2024.845196910215,2055.732666015625,11000,0.0,0.0
2020-12-07 00:00:00+09:00,2064.312815977312,2064.312815977312,2004.2538396188697,2011.9757080078125,13800,0.0,0.0
2020-12-08 00:00:00+09:00,2001.6798113693549,2009.401679480081,1977.65622169154,1979.3721923828125,13400,0.0,0.0
2020-12-09 00:00:00+09:00,1984.5201132854684,2001.6798202745342,1975.9402597909354,1986.236083984375,16900,0.0,0.0
2020-12-10 00:00:00+09:00,1986.2358291940384,2012.8333716152113,1956.2063458152948,1957.0643310546875,18500,0.0,0.0
2020-12-11 00:00:00+09:00,1945.9108306550877,1975.0823334074125,1935.6150061542671,1960.49658203125,25700,0.0,0.0
2020-12-14 00:00:00+09:00,1977.6560244757627,2007.6855085784314,1961.3543045343138,1969.076171875,13000,0.0,0.0
2020-12-15 00:00:00+09:00,1957.0644721531332,1981.0880605881564,1939.0467808268659,1948.484619140625,16300,0.0,0.0
2020-12-16 00:00:00+09:00,1987.0938714232966,1987.0938714232966,1937.3307261113143,1942.4786376953125,19200,0.0,0.0
2020-12-17 00:00:00+09:00,1939.0471917810576,1951.916974027392,1906.4437434236768,1949.343017578125,21800,0.0,0.0
2020-12-18 00:00:00+09:00,1949.3424639001532,1967.3601539273996,1943.3365672244047,1957.0643310546875,23100,0.0,0.0
2020-12-21 00:00:00+09:00,1926.177084422928,1961.3544832921218,1925.319099084655,1954.4906005859375,28900,0.0,0.0
2020-12-22 00:00:00+09:00,1927.0351114707146,1933.8989943254635,1890.1417411264401,1903.8695068359375,24700,0.0,0.0
2020-12-23 00:00:00+09:00,1906.443386441347,1927.0350341796875,1884.9937533805758,1927.0350341796875,15600,0.0,0.0
2020-12-24 00:00:00+09:00,1932.182981000723,1976.7982185726755,1925.3190982973456,1965.6444091796875,13500,0.0,0.0
2020-12-25 00:00:00+09:00,1965.6444442821278,1993.0999755859375,1951.9166786302228,1993.0999755859375,14500,0.0,0.0
2020-12-28 00:00:00+09:00,2016.2655540860126,2016.2655540860126,1932.182990553915,1961.3544921875,25200,0.0,0.0
2020-12-29 00:00:00+09:00,1961.3548243200357,1988.8103599185665,1924.46144835951,1985.37841796875,21700,0.0,0.0
2020-12-30 00:00:00+09:00,1978.5145215672826,1978.5145215672826,1910.7336684867034,1920.1715087890625,28000,0.0,0.0
2021-01-04 00:00:00+09:00,1913.3073100860554,1913.3073100860554,1854.9643069085432,1876.4139404296875,17300,0.0,0.0
2021-01-05 00:00:00+09:00,1874.6979042154576,1883.277757323995,1857.5381979983824,1872.98193359375,17600,0.0,0.0
2021-01-06 00:00:00+09:00,1862.6862833145183,1909.0174944149253,1862.6862833145183,1903.0115966796875,17900,0.0,0.0
2021-01-07 00:00:00+09:00,1920.1713529739948,1958.780696532453,1893.573805189279,1955.3487548828125,24400,0.0,0.0
2021-01-08 00:00:00+09:00,1946.7687579095234,1986.236083984375,1941.6208458128037,1986.236083984375,23200,0.0,0.0
2021-01-12 00:00:00+09:00,1981.0883302569441,1996.5320677816842,1934.7571176827237,1991.3841552734375,27200,0.0,0.0
2021-01-13 00:00:00+09:00,1969.9343350728354,1990.525983174642,1952.7746283213298,1976.7982177734375,26300,0.0,0.0
2021-01-14 00:00:00+09:00,1967.3607047265457,1994.8162400737979,1961.3548063693343,1982.804443359375,20100,0.0,0.0
2021-01-15 00:00:00+09:00,2000.8217037313225,2006.8276007836891,1923.60302734375,1923.60302734375,26700,0.0,0.0
2021-01-18 00:00:00+09:00,1930.4672300893294,1974.2244873046875,1913.3075213774243,1974.2244873046875,16600,0.0,0.0
2021-01-19 00:00:00+09:00,1973.366050603148,1975.0820210819336,1930.4667886335146,1957.0643310546875,29500,0.0,0.0
2021-01-20 00:00:00+09:00,1964.786273344914,1964.786273344914,1878.1297608524092,1900.4373779296875,47700,0.0,0.0
2021-01-21 00:00:00+09:00,1900.4376973304645,1913.3074785764945,1884.9939598352282,1899.5797119140625,21400,0.0,0.0
2021-01-22 00:00:00+09:00,1889.283459206696,1938.1886168700846,1889.283459206696,1929.6087646484375,31500,0.0,0.0
2021-01-25 00:00:00+09:00,1919.3132630914195,1919.3132630914195,1870.4080972459965,1895.2896728515625,39400,0.0,0.0
2021-01-26 00:00:00+09:00,1880.7037536020032,1916.7391357421875,1862.6860625319111,1916.7391357421875,31500,0.0,0.0
2021-01-27 00:00:00+09:00,1904.7274736204733,1907.3014296659064,1876.4139571207095,1901.2955322265625,39900,0.0,0.0
2021-01-28 00:00:00+09:00,1896.1477720753705,1914.1654658371729,1877.2720928963397,1888.4259033203125,94800,0.0,0.0
2021-01-29 00:00:00+09:00,1889.283617176604,1897.8634701156438,1844.668381893596,1845.5263671875,25800,0.0,0.0
2021-02-01 00:00:00+09:00,1844.6685010657463,1909.0174022657143,1844.6685010657463,1878.9879150390625,28400,0.0,0.0
2021-02-02 00:00:00+09:00,1842.0946130456061,1882.4199259534512,1832.6567738544081,1848.95849609375,24900,0.0,0.0
2021-02-03 00:00:00+09:00,1854.9643703121453,1890.999755859375,1854.9643703121453,1890.999755859375,17600,0.0,0.0
2021-02-04 00:00:00+09:00,1879.8458924493575,1879.8458924493575,1848.958420003818,1860.97021484375,22000,0.0,0.0
2021-02-05 00:00:00+09:00,1874.6979882923981,1881.5618710870613,1859.2542520044058,1878.9879150390625,19900,0.0,0.0
2021-02-08 00:00:00+09:00,1885.8517387030067,1927.0350341796875,1878.9878561235598,1927.0350341796875,29500,0.0,0.0
2021-02-09 00:00:00+09:00,1927.0353228273643,1940.7630900425193,1909.0176283574735,1939.047119140625,12100,0.0,0.0
2021-02-10 00:00:00+09:00,1943.3366319811023,1943.3366319811023,1897.0054275100297,1904.727294921875,18300,0.0,0.0
2021-02-12 00:00:00+09:00,1909.87545990045,1926.1771821547666,1903.8695622278071,1911.5914306640625,14900,0.0,0.0
2021-02-15 00:00:00+09:00,1923.603110083276,1951.9166259765625,1916.7392274424794,1951.9166259765625,16800,0.0,0.0
2021-02-16 00:00:00+09:00,1952.7744419210942,1955.3483976881255,1927.892869506458,1939.9046630859375,20400,0.0,0.0
2021-02-17 00:00:00+09:00,1933.8990747447572,1949.3428118101544,1924.4612354270143,1943.3369140625,17100,0.0,0.0
2021-02-18 00:00:00+09:00,1945.0528317028097,1945.0528317028097,1898.7216217725265,1913.307373046875,21300,0.0,0.0
2021-02-19 00:00:00+09:00,1898.7218278843723,1912.4495952798309,1874.6982349423195,1908.15966796875,19500,0.0,0.0
2021-02-22 00:00:00+09:00,1914.1653708561598,1925.3191807266799,1877.2719997459783,1886.7098388671875,31200,0.0,0.0
2021-02-24 00:00:00+09:00,1889.28362661117,1891.8575825057355,1850.6742881926855,1852.3902587890625,24100,0.0,0.0
2021-02-25 00:00:00+09:00,1884.9935196147244,1884.9935196147244,1856.6800074857822,1866.975830078125,35100,0.0,0.0
2021-02-26 00:00:00+09:00,1858.396330686855,1858.396330686855,1808.6331787109375,1808.6331787109375,46600,0.0,0.0
2021-03-01 00:00:00+09:00,1824.0768179765337,1853.24831929883,1824.0768179765337,1851.5323486328125,33200,0.0,0.0
2021-03-02 00:00:00+09:00,1848.958403924064,1848.958403924064,1819.786902423638,1824.934814453125,37000,0.0,0.0
2021-03-03 00:00:00+09:00,1827.5088756855828,1829.2248464608745,1795.7634163426878,1811.2071533203125,37000,0.0,0.0
2021-03-04 00:00:00+09:00,1801.7693055679385,1812.065130171184,1776.887729443429,1804.34326171875,26300,0.0,0.0
2021-03-05 00:00:00+09:00,1807.7749683170257,1855.8221435546875,1788.8992923308012,1855.8221435546875,49800,0.0,0.0
2021-03-08 00:00:00+09:00,1860.9702333903444,1889.2837500809308,1842.9525409508806,1863.544189453125,48300,0.0,0.0
2021-03-09 00:00:00+09:00,1864.402117565812,1883.277794780008,1856.6802496145501,1878.1298828125,39500,0.0,0.0
2021-03-10 00:00:00+09:00,1878.1300617558459,1878.1300617558459,1852.3904994659074,1874.6981201171875,29900,0.0,0.0
2021-03-11 00:00:00+09:00,1880.7037259615386,1898.721416766827,1869.5499173677886,1884.99365234375,28600,0.0,0.0
2021-03-12 00:00:00+09:00,1871.266178478529,1877.2720763461812,1857.5384119238952,1874.6981201171875,34300,0.0,0.0
2021-03-15 00:00:00+09:00,1870.407911927792,1892.7155292260134,1863.5440296821855,1891.8575439453125,33300,0.0,0.0
2021-03-16 00:00:00+09:00,1892.7158919465755,2011.1178833738772,1892.7158919465755,2005.969970703125,69300,0.0,0.0
2021-03-17 00:00:00+09:00,2004.2536994289069,2023.1293763927065,1973.3662280335984,2009.401611328125,37100,0.0,0.0
2021-03-18 00:00:00+09:00,2024.8455044393693,2048.011109786769,2015.407665223762,2036.8572998046875,54500,0.0,0.0
2021-03-19 00:00:00+09:00,2042.863184913429,2100.3482052364866,2016.2656381967906,2063.454833984375,127700,0.0,0.0
2021-03-22 00:00:00+09:00,2063.4549294378526,2089.194491967223,2034.2834252378996,2054.01708984375,77100,0.0,0.0
2021-03-23 00:00:00+09:00,2045.4370740796048,2045.4370740796048,1975.082275390625,1975.082275390625,31500,0.0,0.0
2021-03-24 00:00:00+09:00,1959.6385817508638,1959.6385817508638,1913.3073718495737,1924.461181640625,43900,0.0,0.0
2021-03-25 00:00:00+09:00,1937.3308753648694,1955.3485672969607,1931.3249780541723,1951.9166259765625,37700,0.0,0.0
2021-03-26 00:00:00+09:00,1961.3544896673388,1999.1058446740592,1944.1947828461023,1994.81591796875,65500,0.0,0.0
2021-03-29 00:00:00+09:00,2024.845281158764,2024.845281158764,1944.194664027864,1983.6619873046875,122900,0.0,0.0
2021-03-30 00:00:00+09:00,1940.0074676874005,1953.9769183998212,1913.814747601612,1922.545654296875,58500,40.0,0.0
2021-03-31 00:00:00+09:00,1915.5609662617724,1947.8653216636344,1900.7184245906465,1912.068603515625,47000,0.0,0.0
2021-04-01 00:00:00+09:00,1913.8150037977432,1927.7844563802084,1885.8760986328125,1885.8760986328125,21800,0.0,0.0
2021-04-02 00:00:00+09:00,1897.2262210057786,1912.0687639220687,1889.3684041677427,1901.5916748046875,18300,0.0,0.0
2021-04-05 00:00:00+09:00,1906.830219363378,1916.4342177209776,1887.6222226481793,1901.5916748046875,29800,0.0,0.0
2021-04-06 00:00:00+09:00,1902.4644936129882,1902.4644936129882,1855.3175993242774,1863.1754150390625,29900,0.0,0.0
2021-04-07 00:00:00+09:00,1859.6833168380604,1879.764404296875,1850.9524092472714,1879.764404296875,33500,0.0,0.0
2021-04-08 00:00:00+09:00,1864.9216963098404,1869.2871497188053,1846.5867919921875,1846.5867919921875,31900,0.0,0.0
2021-04-09 00:00:00+09:00,1853.5717727168453,1878.0183151737797,1853.5717727168453,1865.7950439453125,28400,0.0,0.0
2021-04-12 00:00:00+09:00,1873.6526721745759,1884.1297607421875,1855.3177671812552,1884.1297607421875,9900,0.0,0.0
2021-04-13 00:00:00+09:00,1884.1298580922696,1906.8302178283209,1869.2873151879282,1879.764404296875,23800,0.0,0.0
2021-04-14 00:00:00+09:00,1878.891317587804,1881.5105898706865,1855.3178670418604,1867.5411376953125,16300,0.0,0.0
2021-04-15 00:00:00+09:00,1872.7795379059135,1892.8606238601494,1872.7795379059135,1885.0028076171875,18300,0.0,0.0
2021-04-16 00:00:00+09:00,1887.6220796981747,1894.6068052474743,1874.5257192932384,1885.0028076171875,11300,0.0,0.0
2021-04-19 00:00:00+09:00,1898.9721839055521,1910.3223624760221,1892.8605492906838,1905.9569091796875,32400,0.0,0.0
2021-04-20 00:00:00+09:00,1894.606906783915,1894.606906783915,1861.4294586466851,1868.4141845703125,39500,0.0,0.0
2021-04-21 00:00:00+09:00,1868.4140938680916,1871.0333659622993,1828.2519217569084,1848.3330078125,39400,0.0,0.0
2021-04-22 00:00:00+09:00,1852.6985324031264,1873.6527099609375,1852.6985324031264,1873.6527099609375,16100,0.0,0.0
2021-04-23 00:00:00+09:00,1859.683408331079,1888.4954047981803,1859.683408331079,1865.7950439453125,11400,0.0,0.0
2021-04-26 00:00:00+09:00,1874.5255162669782,1875.398606866078,1850.0789794921875,1850.0789794921875,24000,0.0,0.0
2021-04-27 00:00:00+09:00,1844.840569551506,1853.5714761750341,1832.6173002785665,1835.236572265625,20300,0.0,0.0
2021-04-28 00:00:00+09:00,1838.729048574767,1842.2214114400563,1803.805419921875,1803.805419921875,34100,0.0,0.0
2021-04-30 00:00:00+09:00,1807.2976258743643,1825.6325293252635,1800.312900750212,1802.05908203125,28400,0.0,0.0
2021-05-06 00:00:00+09:00,1808.170919522372,1836.1098231557453,1808.170919522372,1824.7596435546875,15600,0.0,0.0
2021-05-07 00:00:00+09:00,1832.617500250758,1871.0334935861717,1817.7749573711662,1836.10986328125,13500,0.0,0.0
2021-05-10 00:00:00+09:00,1843.0946128138316,1865.794972801117,1809.0440728329033,1818.6480712890625,30500,0.0,0.0
2021-05-11 00:00:00+09:00,1795.9477129138418,1805.5517113786218,1762.770263671875,1762.770263671875,45600,0.0,0.0
2021-05-12 00:00:00+09:00,1767.1356582186568,1772.3742026600164,1752.2931156348043,1756.6585693359375,24300,0.0,0.0
2021-05-13 00:00:00+09:00,1746.1815170094937,1762.770241421084,1724.354248046875,1724.354248046875,28600,0.0,0.0
2021-05-14 00:00:00+09:00,1740.9431339222735,1792.4554934515686,1739.1969522433144,1779.359130859375,17400,0.0,0.0
2021-05-17 00:00:00+09:00,1787.2166560154917,1800.3130164650436,1770.627932779393,1792.4552001953125,16800,0.0,0.0
2021-05-18 00:00:00+09:00,1807.29789129542,1829.1251605139637,1807.29789129542,1818.6480712890625,15200,0.0,0.0
2021-05-19 00:00:00+09:00,1815.1555958087627,1823.88650295551,1803.8054165179913,1816.0286865234375,17200,0.0,0.0
2021-05-20 00:00:00+09:00,1816.0287019576149,1834.3636071216101,1806.42470401457,1823.013427734375,26300,0.0,0.0
2021-05-21 00:00:00+09:00,1815.1554534121963,1816.0285440583782,1785.4703714420111,1787.216552734375,15900,0.0,0.0
2021-05-24 00:00:00+09:00,1790.709179232951,1802.0593593060999,1781.978271484375,1781.978271484375,14300,0.0,0.0
2021-05-25 00:00:00+09:00,1797.6939097452941,1797.6939097452941,1763.6433694441448,1769.7550048828125,18700,0.0,0.0
2021-05-26 00:00:00+09:00,1769.7549304393365,1769.7549304393365,1748.800752673898,1756.6585693359375,16200,0.0,0.0
2021-05-27 00:00:00+09:00,1753.1661093024754,1768.881741756382,1692.9228515625,1692.9228515625,34300,0.0,0.0
2021-05-28 00:00:00+09:00,1727.8465749084594,1764.5163859979768,1727.8465749084594,1756.6585693359375,24900,0.0,0.0
2021-05-31 00:00:00+09:00,1758.404739149851,1761.0240113531524,1733.958198585702,1737.4505615234375,20500,0.0,0.0
2021-06-01 00:00:00+09:00,1742.6891364480775,1754.0393161944828,1719.1156862055434,1751.4200439453125,23000,0.0,0.0
2021-06-02 00:00:00+09:00,1736.5775217013888,1773.2473336226851,1736.5775217013888,1768.0087890625,20100,0.0,0.0
2021-06-03 00:00:00+09:00,1765.389277462843,1796.8205405630717,1765.389277462843,1789.8358154296875,19400,0.0,0.0
2021-06-04 00:00:00+09:00,1789.8359744090785,1818.6479681434687,1788.0897929706307,1813.409423828125,8500,0.0,0.0
2021-06-07 00:00:00+09:00,1809.917079894224,1822.1403500912904,1807.2978077091382,1808.1708984375,10700,0.0,0.0
2021-06-08 00:00:00+09:00,1812.5363845825195,1851.8254680633545,1812.5363845825195,1843.9676513671875,9000,0.0,0.0
2021-06-09 00:00:00+09:00,1843.967488238447,1857.93693890692,1832.6173095703125,1832.6173095703125,6600,0.0,0.0
2021-06-10 00:00:00+09:00,1832.6173474086643,1861.4293400072759,1822.1402591909873,1856.1907958984375,15400,0.0,0.0
2021-06-11 00:00:00+09:00,1851.8252987881808,1876.2718373860446,1849.2060267955526,1857.0638427734375,26100,0.0,0.0
2021-06-14 00:00:00+09:00,1864.048662221387,1878.891204262494,1860.5562993881854,1864.9217529296875,11600,0.0,0.0
2021-06-15 00:00:00+09:00,1880.6372800609468,1911.195453135289,1875.3987361053453,1905.9569091796875,16800,0.0,0.0
2021-06-16 00:00:00+09:00,1912.0687623827944,1912.0687623827944,1879.764404296875,1879.764404296875,15500,0.0,0.0
2021-06-17 00:00:00+09:00,1906.8301791642612,1906.8301791642612,1882.383638405745,1890.241455078125,7700,0.0,0.0
2021-06-18 00:00:00+09:00,1899.8454399633363,1914.6879824630498,1894.6068955516728,1905.083984375,21600,0.0,0.0
2021-06-21 00:00:00+09:00,1899.8455014534884,1899.8455014534884,1877.1451416015625,1877.1451416015625,41800,0.0,0.0
2021-06-22 00:00:00+09:00,1898.9722802932595,1940.0075433616655,1898.9722802932595,1935.64208984375,25500,0.0,0.0
2021-06-23 00:00:00+09:00,1931.2769092062244,1953.9772707068403,1920.7998192828634,1927.7845458984375,31400,0.0,0.0
2021-06-24 00:00:00+09:00,1922.5457480442249,1942.6268344225252,1922.5457480442249,1930.403564453125,16800,0.0,0.0
2021-06-25 00:00:00+09:00,1937.3883022200725,1959.215570158559,1931.2766671972963,1949.611572265625,24100,0.0,0.0
2021-06-28 00:00:00+09:00,1993.2659583782329,1993.2659583782329,1891.9874427532327,1898.97216796875,118100,0.0,0.0
2021-06-29 00:00:00+09:00,1896.353043764231,1896.353043764231,1857.0639613658009,1869.2872314453125,33500,0.0,0.0
2021-06-30 00:00:00+09:00,1895.479747662416,1904.210653916043,1879.7641164058873,1880.63720703125,23700,0.0,0.0
2021-07-01 00:00:00+09:00,1881.5103160780013,1896.3528568544866,1863.1754127658724,1875.398681640625,11500,0.0,0.0
2021-07-02 00:00:00+09:00,1875.3987608635882,1918.1802037324505,1875.3987608635882,1910.3223876953125,15000,0.0,0.0
2021-07-05 00:00:00+09:00,1896.3531494140625,1911.1956924803787,1893.733877108242,1896.3531494140625,10600,0.0,0.0
2021-07-06 00:00:00+09:00,1896.3530770222274,1910.3225287866635,1896.3530770222274,1905.083984375,3900,0.0,0.0
2021-07-07 00:00:00+09:00,1869.287093407997,1899.845266350211,1862.3023681640625,1862.3023681640625,15500,0.0,0.0
2021-07-08 00:00:00+09:00,1861.4293205308618,1876.2718620172711,1827.3787841796875,1827.3787841796875,35200,0.0,0.0
2021-07-09 00:00:00+09:00,1792.4550644770236,1833.490324111909,1785.4703394327878,1819.5208740234375,30800,0.0,0.0
2021-07-12 00:00:00+09:00,1855.3178606242159,1918.1803951959541,1855.3178606242159,1913.81494140625,29300,0.0,0.0
2021-07-13 00:00:00+09:00,1919.9263245557822,1956.5961315732186,1913.8146900528761,1950.4844970703125,28200,0.0,0.0
2021-07-14 00:00:00+09:00,1944.3728511626337,1946.9921230770872,1919.05322265625,1919.05322265625,12600,0.0,0.0
2021-07-15 00:00:00+09:00,1933.8960634716664,1942.6269712074302,1914.6880664529863,1915.5611572265625,18000,0.0,0.0
2021-07-16 00:00:00+09:00,1914.6879751352164,1937.3883341655473,1911.1956122074732,1929.530517578125,9400,0.0,0.0
2021-07-19 00:00:00+09:00,1929.530310314064,1932.1495822285174,1912.0684975510408,1919.05322265625,17000,0.0,0.0
2021-07-20 00:00:00+09:00,1919.0534925920042,1919.0534925920042,1867.5411376953125,1867.5411376953125,37800,0.0,0.0
2021-07-21 00:00:00+09:00,1877.1452392009032,1891.9877829527245,1865.7950586848049,1872.77978515625,12800,0.0,0.0
2021-07-26 00:00:00+09:00,1926.0378637139208,1954.849853515625,1906.8298705127847,1954.849853515625,29700,0.0,0.0
2021-07-27 00:00:00+09:00,1970.5655383130054,1997.63134765625,1962.7077226972247,1997.63134765625,27000,0.0,0.0
2021-07-28 00:00:00+09:00,1977.5507322612561,1997.6318213747259,1977.5507322612561,1990.6470947265625,24500,0.0,0.0
2021-07-29 00:00:00+09:00,1990.6469588389748,2005.489501953125,1978.4236880390863,2005.489501953125,8600,0.0,0.0
2021-07-30 00:00:00+09:00,1991.51984979958,1993.2660311672255,1932.1496832996365,1936.51513671875,15500,0.0,0.0
2021-08-02 00:00:00+09:00,1957.4695763221155,2032.555385226532,1957.4695763221155,2008.98193359375,23800,0.0,0.0
2021-08-03 00:00:00+09:00,2033.4285155933483,2038.6670605025624,2011.6012451382885,2020.3321533203125,8200,0.0,0.0
2021-08-04 00:00:00+09:00,2009.8548700591987,2029.0628662109375,1990.64687390746,2029.0628662109375,10300,0.0,0.0
2021-08-05 00:00:00+09:00,1998.504737639231,2033.428367829519,1998.504737639231,2015.966552734375,2800,0.0,0.0
2021-08-06 00:00:00+09:00,2029.9359798431396,2029.9359798431396,2011.60107421875,2011.60107421875,2500,0.0,0.0
2021-08-10 00:00:00+09:00,2022.9513864131764,2038.667020835031,2001.1241163828229,2008.98193359375,8200,0.0,0.0
2021-08-11 00:00:00+09:00,2025.570520333624,2025.570520333624,1997.6316166048844,2001.9970703125,8200,0.0,0.0
2021-08-12 00:00:00+09:00,2028.1897733007218,2028.1897733007218,1994.139234704627,2007.235595703125,11800,0.0,0.0
2021-08-13 00:00:00+09:00,2007.2355978566889,2029.0628662109375,2007.2355978566889,2029.0628662109375,3900,0.0,0.0
2021-08-16 00:00:00+09:00,2019.4586132556408,2019.4586132556408,1991.5197132884207,1997.63134765625,14300,0.0,0.0
2021-08-17 00:00:00+09:00,1995.8853001748362,1996.7583908573272,1948.7384033203123,1948.7384033203125,13400,0.0,0.0
2021-08-18 00:00:00+09:00,1968.8194899786085,2018.5856589048972,1958.3424017836005,2016.8394775390625,13700,0.0,0.0
2021-08-19 00:00:00+09:00,2015.966290138195,2032.5550123177645,2006.3622930868655,2021.204833984375,12500,0.0,0.0
2021-08-20 00:00:00+09:00,2033.428253785481,2049.1438864897054,2019.458802492837,2047.397705078125,32700,0.0,0.0
2021-08-23 00:00:00+09:00,2047.3976304652872,2077.955804054321,2043.0321770954251,2068.351806640625,19800,0.0,0.0
2021-08-24 00:00:00+09:00,2070.0984414397276,2088.433349609375,2057.875169326629,2088.433349609375,18200,0.0,0.0
2021-08-25 00:00:00+09:00,2010.7281151961784,2058.7481092629564,2008.108842792536,2008.98193359375,26500,0.0,0.0
2021-08-26 00:00:00+09:00,2008.1088818654791,2028.1899706841339,2000.2510645016575,2020.3321533203125,11200,0.0,0.0
2021-08-27 00:00:00+09:00,2020.33212415586,2062.240482824607,2000.2510356270852,2028.18994140625,11000,0.0,0.0
2021-08-30 00:00:00+09:00,2028.1899281266344,2086.68701171875,2028.1899281266344,2086.68701171875,12900,0.0,0.0
2021-08-31 00:00:00+09:00,2070.9709571441476,2133.8334819815755,2065.7324134076953,2114.62548828125,23200,0.0,0.0
2021-09-01 00:00:00+09:00,2110.260621239908,2111.1337121051292,2088.433349609375,2088.433349609375,6900,0.0,0.0
2021-09-02 00:00:00+09:00,2090.178918548356,2100.656005859375,2077.9556500188332,2100.656005859375,11900,0.0,0.0
2021-09-03 00:00:00+09:00,2100.656316991629,2138.19921875,2100.656316991629,2138.19921875,26500,0.0,0.0
2021-09-06 00:00:00+09:00,2139.0722527598678,2153.914794921875,2136.452980613631,2153.914794921875,18100,0.0,0.0
2021-09-07 00:00:00+09:00,2145.1838877677533,2185.346060676714,2137.3260713290433,2153.914794921875,35400,0.0,0.0
2021-09-08 00:00:00+09:00,2163.518748675583,2188.83837890625,2144.310753328181,2188.83837890625,26500,0.0,0.0
2021-09-09 00:00:00+09:00,2159.1533772952203,2179.2344641038694,2121.6104758703536,2143.437744140625,29600,0.0,0.0
2021-09-10 00:00:00+09:00,2118.9909604077866,2201.9345703125,2118.9909604077866,2201.9345703125,53500,0.0,0.0
2021-09-13 00:00:00+09:00,2190.5843656085226,2256.066162109375,2190.5843656085226,2256.066162109375,30200,0.0,0.0
2021-09-14 00:00:00+09:00,2255.193259352222,2305.83251953125,2227.2543571844826,2305.83251953125,35900,0.0,0.0
2021-09-15 00:00:00+09:00,2283.132385301627,2288.370929971535,2172.2498564552384,2233.3662109375,45100,0.0,0.0
2021-09-16 00:00:00+09:00,2242.0970939519684,2242.970184720641,2195.8232832123053,2229.000732421875,28500,0.0,0.0
2021-09-17 00:00:00+09:00,2228.127323741269,2254.3200430642464,2222.8887798766737,2249.95458984375,63600,0.0,0.0
2021-09-21 00:00:00+09:00,2206.30029296875,2238.604650246092,2194.950113384819,2206.30029296875,52400,0.0,0.0
2021-09-22 00:00:00+09:00,2195.823059947252,2195.823059947252,2149.5492539125785,2155.660888671875,32900,0.0,0.0
2021-09-24 00:00:00+09:00,2199.315708732755,2234.239340471266,2180.1077112765734,2222.88916015625,88000,0.0,0.0
2021-09-27 00:00:00+09:00,2237.7315282483632,2237.7315282483632,2190.584629096818,2192.330810546875,74100,0.0,0.0
2021-09-28 00:00:00+09:00,2198.442472110605,2198.442472110605,2117.245033704614,2162.645751953125,127700,0.0,0.0
2021-09-29 00:00:00+09:00,2118.99132672816,2121.610599072694,2070.098242963522,2087.56005859375,54000,0.0,0.0
2021-09-30 00:00:00+09:00,2095.417870273109,2105.8949596244747,2070.9713284532563,2077.9560546875,24500,0.0,0.0
2021-10-01 00:00:00+09:00,2053.5094202088753,2061.3672368678376,2008.1087017348696,2014.2203369140625,34400,0.0,0.0
2021-10-04 00:00:00+09:00,2036.0476636307476,2036.0476636307476,1998.5047607421875,1998.5047607421875,15800,0.0,0.0
2021-10-05 00:00:00+09:00,1975.8040279168645,2089.3058059235777,1948.7382193152637,1954.849853515625,23700,0.0,0.0
2021-10-06 00:00:00+09:00,1971.438795782006,2015.0933306753188,1968.8195236884073,1984.53515625,21900,0.0,0.0
2021-10-07 00:00:00+09:00,1995.012326941026,2011.6010508849558,1964.4541512548396,1973.18505859375,16600,0.0,0.0
2021-10-08 00:00:00+09:00,2008.1084977634534,2023.8241294850804,1991.519775390625,1991.519775390625,21300,0.0,0.0
2021-10-11 00:00:00+09:00,1998.5047073464075,2022.0781573675317,1988.9007091896533,2001.9970703125,10300,0.0,0.0
2021-10-12 00:00:00+09:00,1974.058102793685,1994.1391891998128,1940.8806556879088,1952.2308349609375,11300,0.0,0.0
2021-10-13 00:00:00+09:00,1940.0073933151532,1961.8346592165387,1935.641940134876,1943.499755859375,13700,0.0,0.0
2021-10-14 00:00:00+09:00,1942.6267434622496,1946.9921968183444,1927.7842020515268,1944.3729248046875,11200,0.0,0.0
2021-10-15 00:00:00+09:00,1955.7233947196871,2017.7128416058915,1955.7233947196871,2008.98193359375,16900,0.0,0.0
2021-10-18 00:00:00+09:00,2018.5859716839077,2028.1899706841339,1999.3779736834554,2020.3321533203125,13300,0.0,0.0
2021-10-19 00:00:00+09:00,2024.6976796476742,2060.494404471113,2024.6976796476742,2055.255859375,11700,0.0,0.0
2021-10-20 00:00:00+09:00,2050.88996290124,2050.88996290124,2002.8699765412705,2008.1085205078125,28400,0.0,0.0
2021-10-21 00:00:00+09:00,1983.6618451544944,1990.6465699613764,1942.6265869140625,1942.6265869140625,5800,0.0,0.0
2021-10-22 00:00:00+09:00,1938.261241507023,1969.6925048828125,1926.0379724164382,1969.6925048828125,12700,0.0,0.0
2021-10-25 00:00:00+09:00,1991.5199640054618,1991.5199640054618,1969.692695658186,1973.18505859375,11600,0.0,0.0
2021-10-26 00:00:00+09:00,1974.9312744140625,2002.8701783845534,1974.0581836649847,1974.9312744140625,5100,0.0,0.0
2021-10-27 00:00:00+09:00,1974.0581123567301,1979.2966566619668,1949.611572265625,1949.611572265625,6400,0.0,0.0
2021-10-28 00:00:00+09:00,1949.6113099153154,1996.758202318104,1932.1494979142824,1954.849853515625,30500,0.0,0.0
2021-10-29 00:00:00+09:00,1958.3422695773465,1997.63134765625,1958.3422695773465,1997.63134765625,9400,0.0,0.0
2021-11-01 00:00:00+09:00,2041.2861878709198,2059.62109375,2014.220374430373,2059.62109375,12900,0.0,0.0
2021-11-02 00:00:00+09:00,2048.2711129915915,2077.08311074467,2048.2711129915915,2060.494384765625,13000,0.0,0.0
2021-11-04 00:00:00+09:00,2063.1132335518537,2095.4175880340454,1961.834716796875,1961.834716796875,30100,0.0,0.0
2021-11-05 00:00:00+09:00,2025.5703677364118,2041.2859998998838,1960.0885670552777,1975.80419921875,16000,0.0,0.0
2021-11-08 00:00:00+09:00,1977.550440044655,2008.1086146148814,1977.550440044655,1981.9158935546875,9200,0.0,0.0
2021-11-09 00:00:00+09:00,2006.362452314936,2006.362452314936,1976.6773681640625,1976.6773681640625,10100,0.0,0.0
2021-11-10 00:00:00+09:00,1983.6619577943802,1983.6619577943802,1950.4845130777487,1957.46923828125,25100,0.0,0.0
2021-11-11 00:00:00+09:00,1957.4694195684194,1965.3272361500944,1949.6116029867442,1963.5810546875,8200,0.0,0.0
2021-11-12 00:00:00+09:00,1975.8042522858702,2008.1086081562091,1975.8042522858702,2006.3624267578125,22400,0.0,0.0
2021-11-15 00:00:00+09:00,2008.1084351439576,2044.7782413509342,1994.1389851603474,1997.63134765625,11900,0.0,0.0
2021-11-16 00:00:00+09:00,2006.3625049698917,2009.8548679028245,1990.6468717716941,2007.235595703125,22200,0.0,0.0
2021-11-17 00:00:00+09:00,2008.108851748429,2013.3473965790772,1962.7081298828123,1962.7081298828125,21700,0.0,0.0
2021-11-18 00:00:00+09:00,1966.200155658404,2000.250691213767,1957.4692491057465,1988.9005126953125,14400,0.0,0.0
2021-11-19 00:00:00+09:00,1985.4085108572276,2001.1241455078127,1973.1852394623284,2001.1241455078125,14800,0.0,0.0
2021-11-22 00:00:00+09:00,2004.616157863451,2019.4586991019871,1983.6619819972827,2008.1085205078125,32000,0.0,0.0
2021-11-24 00:00:00+09:00,2007.235593502209,2025.570498880002,1982.7890529984847,1985.4083251953125,25500,0.0,0.0
2021-11-25 00:00:00+09:00,1993.2659792692766,2008.1085205078125,1982.7888913361924,2008.1085205078125,20000,0.0,0.0
2021-11-26 00:00:00+09:00,2005.4893684728415,2005.4893684728415,1946.1191999677683,1952.2308349609375,29300,0.0,0.0
2021-11-29 00:00:00+09:00,1946.992253259924,1967.9464299766225,1921.6726230605796,1928.6573486328125,22800,0.0,0.0
2021-11-30 00:00:00+09:00,1945.2462478497707,1967.0735172376721,1903.337890625,1903.337890625,35400,0.0,0.0
2021-12-01 00:00:00+09:00,1903.3376996657428,1920.7995134241442,1898.0991555382225,1899.8453369140625,18500,0.0,0.0
2021-12-02 00:00:00+09:00,1885.876083657644,1931.2768041901427,1876.2720850834614,1878.891357421875,23100,0.0,0.0
2021-12-03 00:00:00+09:00,1880.6373755180143,1935.64208984375,1880.6373755180143,1935.64208984375,13800,0.0,0.0
2021-12-06 00:00:00+09:00,1933.0229380809478,1946.9923902080006,1901.5916707950787,1913.81494140625,17700,0.0,0.0
2021-12-07 00:00:00+09:00,1929.530529593757,2006.362514482558,1929.530529593757,2004.6163330078125,16900,0.0,0.0
2021-12-08 00:00:00+09:00,2004.6163235034253,2020.3319567016229,1991.5199625049274,2007.235595703125,23900,0.0,0.0
2021-12-09 00:00:00+09:00,2008.1085363748375,2022.0779870626625,1991.5198136830454,2015.09326171875,24000,0.0,0.0
2021-12-10 00:00:00+09:00,2046.52449594285,2046.52449594285,1975.8041528663268,1988.9005126953125,20500,0.0,0.0
2021-12-13 00:00:00+09:00,1995.885177793717,1998.5044496805854,1974.9310026987698,1982.788818359375,10400,0.0,0.0
2021-12-14 00:00:00+09:00,1993.265894536372,2001.996800776128,1983.66189767264,1997.63134765625,13400,0.0,0.0
2021-12-15 00:00:00+09:00,2002.8701515330672,2030.8090551289947,2002.8701515330672,2004.6163330078125,13600,0.0,0.0
2021-12-16 00:00:00+09:00,2027.3165754625559,2069.224928443694,2027.3165754625559,2048.270751953125,29600,0.0,0.0
2021-12-17 00:00:00+09:00,2047.3978656584031,2058.7480457238867,2033.4284132701155,2036.9207763671875,19700,0.0,0.0
2021-12-20 00:00:00+09:00,1993.2659010441307,2007.2353510733492,1956.5960947174317,1960.9615478515625,32900,0.0,0.0
2021-12-21 00:00:00+09:00,1989.77392578125,2011.6011956998684,1974.9313822365896,1989.77392578125,17200,0.0,0.0
2021-12-22 00:00:00+09:00,1991.5198912767585,2003.7431611048492,1976.6773493426485,1981.9158935546875,7500,0.0,0.0
2021-12-23 00:00:00+09:00,2005.4892258098491,2011.6008603682594,1991.519775390625,1991.519775390625,5200,0.0,0.0
2021-12-24 00:00:00+09:00,1992.3930721557458,2013.3472499523004,1992.3930721557458,2001.9970703125,6500,0.0,0.0
2021-12-27 00:00:00+09:00,2001.9970382664078,2027.3166693652852,1995.0123124460276,2022.078125,14900,0.0,0.0
2021-12-28 00:00:00+09:00,2054.3824617482,2071.8442761277,2029.0628308979246,2061.3671875,16800,0.0,0.0
2021-12-29 00:00:00+09:00,2085.8138469366777,2085.8138469366777,2055.255670024671,2073.590576171875,16000,0.0,0.0
2021-12-30 00:00:00+09:00,2062.2404734271986,2086.6870158725674,2052.636474609375,2052.636474609375,6200,0.0,0.0
2022-01-04 00:00:00+09:00,2056.128498862484,2058.7477708355573,2000.250696770255,2044.7783203125,21100,0.0,0.0
2022-01-05 00:00:00+09:00,2063.986326864919,2071.844142830141,1983.6619858870968,2029.935791015625,24900,0.0,0.0
2022-01-06 00:00:00+09:00,2008.9820124624466,2024.6976475012661,1966.2005615234375,1966.2005615234375,31200,0.0,0.0
2022-01-07 00:00:00+09:00,1971.438719492874,1985.4081701181556,1937.38818359375,1937.38818359375,21000,0.0,0.0
2022-01-11 00:00:00+09:00,1936.5151649015745,1945.2460718668656,1899.8453556473519,1928.6573486328125,14900,0.0,0.0
2022-01-12 00:00:00+09:00,1928.6575022243924,1986.2814927842883,1915.561140733507,1964.4542236328125,9000,0.0,0.0
2022-01-13 00:00:00+09:00,1966.2006163809465,1966.2006163809465,1940.8809814453125,1940.8809814453125,6300,0.0,0.0
2022-01-14 00:00:00+09:00,1937.3885449948518,1939.1347266487453,1907.703456878662,1927.7845458984375,18000,0.0,0.0
2022-01-17 00:00:00+09:00,1947.8652159307596,1959.2153942396344,1938.2612189001732,1953.103759765625,5600,0.0,0.0
2022-01-18 00:00:00+09:00,1964.4542236328125,1978.423675889757,1959.2156790364584,1964.4542236328125,12300,0.0,0.0
2022-01-19 00:00:00+09:00,1954.850150285367,1954.850150285367,1894.6068897361527,1895.47998046875,22000,0.0,0.0
2022-01-20 00:00:00+09:00,1896.3531342962974,1920.7996756224006,1887.622226679832,1889.368408203125,32000,0.0,0.0
2022-01-21 00:00:00+09:00,1885.8760013712472,1894.606908785003,1868.4141865437357,1890.241455078125,13200,0.0,0.0
2022-01-24 00:00:00+09:00,1890.2415694204017,1962.7081053381353,1871.9066627424208,1958.3426513671875,19300,0.0,0.0
2022-01-25 00:00:00+09:00,1953.9768620671452,1953.9768620671452,1918.1801456485782,1938.26123046875,17800,0.0,0.0
2022-01-26 00:00:00+09:00,1938.2611981234404,1956.5961013489323,1920.7993855277336,1924.291748046875,8700,0.0,0.0
2022-01-27 00:00:00+09:00,1891.1144968764768,1929.5304885027763,1840.4752351872637,1847.4599609375,23100,0.0,0.0
2022-01-28 00:00:00+09:00,1872.7795747999521,1909.4493846561747,1872.7795747999521,1908.5762939453125,12300,0.0,0.0
2022-01-31 00:00:00+09:00,1913.8148287602787,1928.6573707716493,1891.987561096498,1911.195556640625,11500,0.0,0.0
2022-02-01 00:00:00+09:00,1911.1955981208284,1951.3577714938563,1888.4952392578125,1888.4952392578125,6100,0.0,0.0
2022-02-02 00:00:00+09:00,1888.495529854346,1941.754072305162,1888.495529854346,1940.8809814453125,14200,0.0,0.0
2022-02-03 00:00:00+09:00,1933.0228052925684,1946.9922564599942,1905.9569936556804,1916.43408203125,8500,0.0,0.0
2022-02-04 00:00:00+09:00,1916.4339619826928,1962.7077660761247,1905.9568742634253,1950.4844970703125,10300,0.0,0.0
2022-02-07 00:00:00+09:00,1906.8301193053464,1946.9922921478583,1884.1297607421875,1884.1297607421875,14900,0.0,0.0
2022-02-08 00:00:00+09:00,1906.8301031078688,1919.9264637061372,1904.210830988215,1911.195556640625,9700,0.0,0.0
2022-02-09 00:00:00+09:00,1931.2765891740053,1931.2765891740053,1912.0685941641373,1914.6878662109375,8200,0.0,0.0
2022-02-10 00:00:00+09:00,1930.4035424027727,1948.7384471474395,1927.7842702963917,1947.8653564453125,10400,0.0,0.0
2022-02-14 00:00:00+09:00,1938.2614911888315,1990.6469368966377,1924.2920390000832,1967.073486328125,16000,0.0,0.0
2022-02-15 00:00:00+09:00,1948.7384407681773,2022.0780595067645,1948.7384407681773,1972.3118896484375,15000,0.0,0.0
2022-02-16 00:00:00+09:00,2000.250573884183,2014.2200235490222,1983.6618524071862,2010.7276611328125,15400,0.0,0.0
2022-02-17 00:00:00+09:00,2025.5706884575961,2031.6823241555285,2001.1241456658665,2022.951416015625,12500,0.0,0.0
2022-02-18 00:00:00+09:00,2015.9664368201948,2027.316615979425,2002.8700762518522,2025.5704345703125,11000,0.0,0.0
2022-02-21 00:00:00+09:00,2007.2357205589346,2007.2357205589346,1950.4848193687083,1951.35791015625,23800,0.0,0.0
2022-02-22 00:00:00+09:00,1933.0229227254679,1933.0229227254679,1901.5916556892814,1906.8302001953125,16200,0.0,0.0
2022-02-24 00:00:00+09:00,1907.7035130380796,1977.55078125,1903.3380587748345,1977.55078125,23600,0.0,0.0
2022-02-25 00:00:00+09:00,1975.8045603367232,1995.0125587138366,1951.3580169476695,1988.02783203125,18900,0.0,0.0
2022-02-28 00:00:00+09:00,1988.9006502513603,2001.9970109861147,1969.692654507054,1995.8853759765625,23700,0.0,0.0
2022-03-01 00:00:00+09:00,2002.870004441633,2018.5856365601812,1982.7889189568216,2000.250732421875,20500,0.0,0.0
2022-03-02 00:00:00+09:00,1968.8196005152363,1982.7890522262092,1929.5305175781252,1929.530517578125,20500,0.0,0.0
2022-03-03 00:00:00+09:00,1953.1036723155219,1998.504383518207,1951.3574911154185,1954.849853515625,22800,0.0,0.0
2022-03-04 00:00:00+09:00,1946.9921580921518,1957.4692459383878,1920.7994384765623,1920.7994384765625,30000,0.0,0.0
2022-03-07 00:00:00+09:00,1894.6069694967832,1915.5611479612637,1840.475341796875,1840.475341796875,28800,0.0,0.0
2022-03-08 00:00:00+09:00,1818.648021707199,1833.4905643711559,1790.7091178691624,1809.9171142578125,24900,0.0,0.0
2022-03-09 00:00:00+09:00,1827.3787999250728,1864.9216993024154,1816.9017117267447,1834.363525390625,20500,0.0,0.0
2022-03-10 00:00:00+09:00,1878.0183076041085,1955.723388671875,1878.0183076041085,1955.723388671875,23200,0.0,0.0
2022-03-11 00:00:00+09:00,1912.0686767236032,1924.2919468031148,1865.794868565452,1869.2872314453125,31600,0.0,0.0
2022-03-14 00:00:00+09:00,1870.1601173992087,1902.4644705008757,1870.1601173992087,1892.8604736328125,21200,0.0,0.0
2022-03-15 00:00:00+09:00,1877.145073661977,1944.3730600210338,1877.145073661977,1929.530517578125,25700,0.0,0.0
2022-03-16 00:00:00+09:00,1944.3731593110635,1951.3578855232272,1909.4495282502453,1946.992431640625,25600,0.0,0.0
2022-03-17 00:00:00+09:00,1981.0429603533482,2022.0782266101164,1967.946598782039,2005.489501953125,44400,0.0,0.0
2022-03-18 00:00:00+09:00,2014.2201710507609,2015.09326171875,1967.9463656473406,2015.09326171875,63400,0.0,0.0
2022-03-22 00:00:00+09:00,2014.2204258777606,2014.2204258777606,1919.9266218054595,1934.7691650390625,73200,0.0,0.0
2022-03-23 00:00:00+09:00,1957.469277631472,2022.9510777306514,1943.4998269436471,2015.09326171875,44400,0.0,0.0
2022-03-24 00:00:00+09:00,2000.2508793209488,2004.6163330078125,1962.707977613921,2004.6163330078125,35800,0.0,0.0
2022-03-25 00:00:00+09:00,2017.712761740213,2017.712761740213,1971.4389511074862,1986.281494140625,64600,0.0,0.0
2022-03-28 00:00:00+09:00,1998.5046481235133,2002.870101701765,1981.9159245261578,1995.8853759765625,54100,0.0,0.0
2022-03-29 00:00:00+09:00,2012.474326247741,2022.951416015625,1990.6470558979825,2022.951416015625,56800,0.0,0.0
2022-03-30 00:00:00+09:00,2056.187862644474,2056.187862644474,2002.2904088399007,2029.2391357421875,40600,65.0,0.0
2022-03-31 00:00:00+09:00,1984.3247785077474,2005.8837620678134,1936.7153564792682,1937.6136474609375,37400,0.0,0.0
2022-04-01 00:00:00+09:00,1936.715087890625,1949.2911598899148,1903.4783261782163,1936.715087890625,20900,0.0,0.0
2022-04-04 00:00:00+09:00,1937.6135258423192,1952.8844715721843,1932.223780290602,1942.10498046875,10400,0.0,0.0
2022-04-05 00:00:00+09:00,1960.0707757613238,1960.9690666759716,1932.2237574072446,1954.6810302734375,21900,0.0,0.0
2022-04-06 00:00:00+09:00,1937.613474623065,1939.4100564261462,1915.1562020845502,1922.342529296875,24400,0.0,0.0
2022-04-07 00:00:00+09:00,1891.8008303547717,1910.664941198765,1871.140137525636,1902.580322265625,24700,0.0,0.0
2022-04-08 00:00:00+09:00,1890.0042481395278,1895.3939940942985,1856.7674814184431,1893.597412109375,45800,0.0,0.0
2022-04-11 00:00:00+09:00,1872.9367430345762,1890.9025631116465,1841.4965578997032,1863.0555419921875,28500,0.0,0.0
2022-04-12 00:00:00+09:00,1852.2759275209446,1856.7673822433524,1828.9203629644246,1849.5810546875,20400,0.0,0.0
2022-04-13 00:00:00+09:00,1885.5124548587555,1908.8680164720608,1860.3603115828885,1903.478271484375,28000,0.0,0.0
2022-04-14 00:00:00+09:00,1886.4111328125,1940.30859375,1886.4111328125,1940.30859375,21500,0.0,0.0
2022-04-15 00:00:00+09:00,1924.1392104735876,1953.7828117553936,1924.1392104735876,1943.901611328125,22700,0.0,0.0
2022-04-18 00:00:00+09:00,1923.240744981286,1943.901434908689,1895.3937281226126,1910.6646728515625,21100,0.0,0.0
2022-04-19 00:00:00+09:00,1915.1562999869125,1935.816991778516,1904.37680861738,1930.42724609375,14700,0.0,0.0
2022-04-20 00:00:00+09:00,1943.901609616059,1943.901609616059,1907.9699717303647,1921.4443359375,32100,0.0,0.0
2022-04-21 00:00:00+09:00,1920.54623958093,1946.5966796875,1916.9530754282996,1946.5966796875,19100,0.0,0.0
2022-04-22 00:00:00+09:00,1923.2411862958004,1926.8343505859375,1905.2753648451157,1926.8343505859375,14800,0.0,0.0
2022-04-25 00:00:00+09:00,1917.851318359375,1919.647900390625,1896.292333984375,1913.35986328125,25800,0.0,0.0
2022-04-26 00:00:00+09:00,1915.1563013269365,1952.8845211466978,1911.5631375345783,1948.39306640625,23400,0.0,0.0
2022-04-27 00:00:00+09:00,1938.5119102051722,1938.5119102051722,1841.4964855980552,1864.85205078125,104000,0.0,0.0
2022-04-28 00:00:00+09:00,1858.5639715972943,1952.8845211466978,1854.0725168568465,1948.39306640625,34300,0.0,0.0
2022-05-02 00:00:00+09:00,1940.3083751367458,1965.4605207403702,1936.7152114790852,1950.1895751953125,19900,0.0,0.0
2022-05-06 00:00:00+09:00,1950.1897222155242,1978.9350336438506,1924.1392837336034,1964.5623779296875,24300,0.0,0.0
2022-05-09 00:00:00+09:00,1953.782909427132,1961.8675283626924,1914.2581057421692,1925.03759765625,23500,0.0,0.0
2022-05-10 00:00:00+09:00,1913.359790278976,1924.1392820551957,1883.7161878943723,1919.6478271484375,22400,0.0,0.0
2022-05-11 00:00:00+09:00,1919.647900390625,1926.834228515625,1898.9872070312501,1913.35986328125,19800,0.0,0.0
2022-05-12 00:00:00+09:00,1914.25812939196,1914.25812939196,1876.5299072265625,1876.5299072265625,20500,0.0,0.0
2022-05-13 00:00:00+09:00,1863.953660400272,1882.8177697344433,1836.1066418593523,1847.784423828125,42200,0.0,0.0
2022-05-16 00:00:00+09:00,1848.6827073544714,1853.1741619398806,1767.8365248171037,1780.41259765625,33700,0.0,0.0
2022-05-17 00:00:00+09:00,1778.6158769010674,1824.4287100939737,1759.7517691157532,1819.937255859375,24300,0.0,0.0
2022-05-18 00:00:00+09:00,1815.4459705732731,1817.2425524343057,1781.310915213657,1803.7681884765625,25900,0.0,0.0
2022-05-19 00:00:00+09:00,1775.0230223741428,1775.0230223741428,1716.6341071644672,1768.7349853515625,46900,0.0,0.0
2022-05-20 00:00:00+09:00,1749.870680722676,1766.938207896049,1730.1082808377178,1766.0399169921875,50300,0.0,0.0
2022-05-23 00:00:00+09:00,1767.836597725126,1783.1075439453125,1757.0571062755826,1783.1075439453125,31400,0.0,0.0
2022-05-24 00:00:00+09:00,1761.5485082666798,1761.5485082666798,1729.2100348869753,1736.3963623046875,29900,0.0,0.0
2022-05-25 00:00:00+09:00,1737.2946287040631,1748.074119678442,1727.4134286442159,1735.498046875,29900,0.0,0.0
2022-05-26 00:00:00+09:00,1731.0066636293268,1739.9895731447875,1710.3459717437665,1711.2442626953125,35000,0.0,0.0
2022-05-27 00:00:00+09:00,1739.9895014476579,1740.8877923621894,1718.4305194989001,1735.498046875,27000,0.0,0.0
2022-05-30 00:00:00+09:00,1737.2946792337034,1759.751952750168,1713.0408238359214,1755.260498046875,126700,0.0,0.0
2022-05-31 00:00:00+09:00,1749.8707810088736,1819.0391845703125,1748.9724900535302,1819.0391845703125,137800,0.0,0.0
2022-06-01 00:00:00+09:00,1799.2768062981431,1810.0562978985315,1782.2092779308618,1792.98876953125,35400,0.0,0.0
2022-06-02 00:00:00+09:00,1793.887060497949,1803.7682611316384,1784.00585986426,1792.98876953125,24200,0.0,0.0
2022-06-03 00:00:00+09:00,1805.5648430650365,1810.9545888652306,1787.599023731056,1792.98876953125,24800,0.0,0.0
2022-06-06 00:00:00+09:00,1782.2093993894762,1793.8871827524113,1771.4299070544594,1784.0059814453125,29300,0.0,0.0
2022-06-07 00:00:00+09:00,1784.005784569717,1787.5989482848624,1767.8365478515625,1767.8365478515625,18600,0.0,0.0
2022-06-08 00:00:00+09:00,1770.5313263398593,1797.4800527681678,1770.5313263398593,1791.1920166015625,37000,0.0,0.0
2022-06-09 00:00:00+09:00,1780.4125981477257,1795.6835437423329,1770.5313980570977,1784.904052734375,18800,0.0,0.0
2022-06-10 00:00:00+09:00,1767.8366456563767,1781.3110103336357,1743.5827892373106,1771.4298095703125,55800,0.0,0.0
2022-06-13 00:00:00+09:00,1758.85370982777,1758.85370982777,1735.4981447330192,1739.09130859375,23700,0.0,0.0
2022-06-14 00:00:00+09:00,1722.9219234456593,1739.0911594321149,1714.8373054524316,1720.22705078125,30700,0.0,0.0
2022-06-15 00:00:00+09:00,1724.7185292386187,1759.7518743637781,1716.6339111328125,1716.6339111328125,34800,0.0,0.0
2022-06-16 00:00:00+09:00,1731.0066639525728,1746.2776101317081,1713.93913587001,1715.7357177734375,19600,0.0,0.0
2022-06-17 00:00:00+09:00,1697.7698475408097,1703.1595930885583,1678.9057381236896,1686.9903564453125,46800,0.0,0.0
2022-06-20 00:00:00+09:00,1686.0921353915714,1689.6852992389695,1629.499804795051,1631.29638671875,57000,0.0,0.0
2022-06-21 00:00:00+09:00,1640.2793225117377,1679.8041254638279,1640.2793225117377,1668.1263427734375,28800,0.0,0.0
2022-06-22 00:00:00+09:00,1679.8041254638279,1695.0750720589535,1668.1263427734375,1668.1263427734375,24600,0.0,0.0
2022-06-23 00:00:00+09:00,1679.8040530470419,1700.464744608583,1672.6177255473754,1683.397216796875,32100,0.0,0.0
2022-06-24 00:00:00+09:00,1679.804102390973,1704.9562493786452,1666.3297379332912,1694.1767578125,45700,0.0,0.0
2022-06-27 00:00:00+09:00,1744.4810282282806,1746.2776101317081,1690.58357112545,1715.7357177734375,234800,0.0,0.0
2022-06-28 00:00:00+09:00,1714.8373543307007,1726.5151362093277,1707.6510270207764,1722.023681640625,71300,0.0,0.0
2022-06-29 00:00:00+09:00,1720.2270016468326,1739.9894006213653,1692.379984909991,1718.430419921875,129300,0.0,0.0
2022-06-30 00:00:00+09:00,1727.4135486046305,1735.4981673968518,1691.4819095280911,1699.5665283203125,25000,0.0,0.0
2022-07-01 00:00:00+09:00,1703.159716197277,1715.7357900510544,1670.8212405732781,1682.4990234375,31100,0.0,0.0
2022-07-04 00:00:00+09:00,1695.075025567483,1721.1254631623196,1695.075025567483,1711.2442626953125,19600,0.0,0.0
2022-07-05 00:00:00+09:00,1713.9391843392646,1731.905003881605,1705.8545655452115,1708.5494384765625,19600,0.0,0.0
2022-07-06 00:00:00+09:00,1702.2613767465546,1705.854540602484,1686.0921393948722,1698.668212890625,20900,0.0,0.0
2022-07-07 00:00:00+09:00,1714.8373054524316,1733.7014141032964,1699.5663603541122,1720.22705078125,23500,0.0,0.0
2022-07-08 00:00:00+09:00,1720.2270758816005,1749.870675622641,1717.5322031778696,1725.6168212890625,37000,0.0,0.0
2022-07-11 00:00:00+09:00,1734.5998299802177,1765.141722377591,1732.80324807449,1747.1759033203125,33500,0.0,0.0
2022-07-12 00:00:00+09:00,1757.9554173088275,1757.9554173088275,1707.6511233030562,1712.142578125,31300,0.0,0.0
2022-07-13 00:00:00+09:00,1725.6168201392636,1733.7014382450698,1716.6339111328125,1716.6339111328125,19200,0.0,0.0
2022-07-14 00:00:00+09:00,1720.2271229457806,1721.1254138716008,1702.2613044293755,1709.4476318359375,23900,0.0,0.0
2022-07-15 00:00:00+09:00,1718.4304709004614,1740.8877431286433,1712.1424346765707,1733.701416015625,23700,0.0,0.0
2022-07-19 00:00:00+09:00,1742.684351263409,1750.768969387827,1727.4134059172864,1748.0740966796875,18200,0.0,0.0
2022-07-20 00:00:00+09:00,1757.9552526781636,1786.7005608466363,1753.4637982768397,1782.2091064453125,40600,0.0,0.0
2022-07-21 00:00:00+09:00,1782.2092532977388,1790.293871886287,1767.8365980292085,1787.5989990234375,12900,0.0,0.0
2022-07-22 00:00:00+09:00,1784.0057627945826,1801.0732902332015,1772.327980862896,1793.886962890625,18400,0.0,0.0
2022-07-25 00:00:00+09:00,1792.090379578314,1799.276706914969,1776.8194339879224,1780.41259765625,27300,0.0,0.0
2022-07-26 00:00:00+09:00,1784.005859620244,1801.0733879851912,1780.4126957539395,1788.497314453125,16000,0.0,0.0
2022-07-27 00:00:00+09:00,1788.4972413824362,1801.0733144006954,1766.0399681355445,1790.2938232421875,21900,0.0,0.0
2022-07-28 00:00:00+09:00,1782.2091077921264,1799.276634530055,1761.5484175304234,1791.1920166015625,23000,0.0,0.0
2022-07-29 00:00:00+09:00,1791.1920881642798,1795.683542748443,1775.921142578125,1775.921142578125,13500,0.0,0.0
2022-08-01 00:00:00+09:00,1783.1075939354355,1827.123851921751,1783.1075939354355,1811.8529052734375,27000,0.0,0.0
2022-08-02 00:00:00+09:00,1801.9716507943717,1801.9716507943717,1738.1929931640625,1738.1929931640625,43100,0.0,0.0
2022-08-03 00:00:00+09:00,1745.379296193325,1758.8536602915751,1722.9220226962416,1737.294677734375,21600,0.0,0.0
2022-08-04 00:00:00+09:00,1738.1928950526565,1746.2775131691803,1731.9048587398045,1734.5997314453125,18000,0.0,0.0
2022-08-05 00:00:00+09:00,1729.210181087788,1765.1418212142873,1729.210181087788,1759.7520751953125,20000,0.0,0.0
2022-08-08 00:00:00+09:00,1750.7688925232792,1750.7688925232792,1727.413330078125,1727.413330078125,12700,0.0,0.0
2022-08-09 00:00:00+09:00,1727.413498845176,1738.1929902576264,1697.7698974609375,1697.7698974609375,23300,0.0,0.0
2022-08-10 00:00:00+09:00,1694.1766838423105,1698.6681384654344,1686.0920655206876,1686.9903564453125,18300,0.0,0.0
2022-08-12 00:00:00+09:00,1704.0579849109245,1743.5827879346887,1704.0579849109245,1739.9896240234375,24500,0.0,0.0
2022-08-15 00:00:00+09:00,1725.6168685007021,1731.904904981444,1708.5493409101173,1709.4476318359375,13800,0.0,0.0
2022-08-16 00:00:00+09:00,1711.2442866458168,1713.9391595381726,1695.9733402558018,1703.15966796875,15600,0.0,0.0
2022-08-17 00:00:00+09:00,1716.6340580363676,1729.2101317216157,1710.3460211937436,1726.5152587890625,21600,0.0,0.0
2022-08-18 00:00:00+09:00,1726.51533203125,1726.51533203125,1706.7529296875,1706.7529296875,20500,0.0,0.0
2022-08-19 00:00:00+09:00,1722.0236338271104,1736.3962880478896,1717.532179383117,1729.2099609375,16300,0.0,0.0
2022-08-22 00:00:00+09:00,1696.871657088422,1756.1588616240683,1689.6853292659193,1739.9896240234375,57800,0.0,0.0
2022-08-23 00:00:00+09:00,1734.5998052918708,1755.2604969136796,1719.3288593105337,1741.7861328125,27300,0.0,0.0
2022-08-24 00:00:00+09:00,1745.3793700794727,1752.565697902754,1739.9896242120114,1744.4810791015625,14100,0.0,0.0
2022-08-25 00:00:00+09:00,1751.6672585801964,1751.6672585801964,1734.5997314453125,1734.5997314453125,16600,0.0,0.0
2022-08-26 00:00:00+09:00,1744.4810301475918,1758.8536853908265,1741.7861572894853,1742.6844482421875,21600,0.0,0.0
2022-08-29 00:00:00+09:00,1707.6511471125339,1713.0408929740147,1698.668237343399,1699.5665283203125,32700,0.0,0.0
2022-08-30 00:00:00+09:00,1711.244166869164,1727.4134030915498,1711.244166869164,1725.6168212890625,16700,0.0,0.0
2022-08-31 00:00:00+09:00,1697.7698733562402,1707.6510736773612,1697.7698733562402,1701.363037109375,30400,0.0,0.0
2022-09-01 00:00:00+09:00,1678.0076664374662,1685.1939947733867,1662.7367187236348,1663.635009765625,42200,0.0,0.0
2022-09-02 00:00:00+09:00,1660.0415503329918,1662.7364229796362,1639.380860042051,1643.872314453125,66000,0.0,0.0
2022-09-05 00:00:00+09:00,1629.4997062746438,1642.0757789801812,1623.211669921875,1623.211669921875,33800,0.0,0.0
2022-09-06 00:00:00+09:00,1623.2117433663889,1634.8895256927658,1613.3305429363777,1625.9066162109375,46800,0.0,0.0
2022-09-07 00:00:00+09:00,1624.1102543948027,1625.0085454647115,1608.839306206356,1616.025634765625,35900,0.0,0.0
2022-09-08 00:00:00+09:00,1626.805053444263,1645.6691650523962,1625.0084713863455,1644.7708740234375,37500,0.0,0.0
2022-09-09 00:00:00+09:00,1619.6186047456874,1649.2622064964403,1618.7203137835434,1640.279296875,78400,0.0,0.0
2022-09-12 00:00:00+09:00,1651.0587884207284,1651.9570793828725,1636.686133026424,1640.279296875,23900,0.0,0.0
2022-09-13 00:00:00+09:00,1637.584423988568,1644.7707516857201,1631.2963872535597,1640.279296875,15300,0.0,0.0
2022-09-14 00:00:00+09:00,1616.0252917412274,1617.8218734996944,1603.449219431957,1607.940673828125,39900,0.0,0.0
2022-09-15 00:00:00+09:00,1603.449462890625,1604.34775390625,1589.97509765625,1603.449462890625,39800,0.0,0.0
2022-09-16 00:00:00+09:00,1583.68696333176,1599.8562006204563,1583.68696333176,1590.873291015625,98100,0.0,0.0
2022-09-20 00:00:00+09:00,1592.6697758302705,1601.6526848874068,1589.9749031131296,1596.262939453125,54000,0.0,0.0
2022-09-21 00:00:00+09:00,1582.7886473222213,1589.0766839460894,1572.9074469132856,1580.9920654296875,54200,0.0,0.0
2022-09-22 00:00:00+09:00,1567.51770089087,1580.0937741358396,1564.822828052662,1576.5006103515625,53100,0.0,0.0
2022-09-26 00:00:00+09:00,1554.0433078741173,1560.3313443799661,1523.501416274279,1526.1962890625,161800,0.0,0.0
2022-09-27 00:00:00+09:00,1526.1962394263446,1533.3825666278813,1515.4167486240397,1519.908203125,74200,0.0,0.0
2022-09-28 00:00:00+09:00,1501.9425538849093,1512.7220458984375,1484.87502486349,1512.7220458984375,172900,0.0,0.0
2022-09-29 00:00:00+09:00,1527.0944625122,1557.636351762444,1517.2132630488857,1553.1448974609375,77600,0.0,0.0
2022-09-30 00:00:00+09:00,1540.5689226734935,1567.5176501838168,1540.5689226734935,1556.7381591796875,40900,0.0,0.0
2022-10-03 00:00:00+09:00,1539.6706794893569,1562.1279531108469,1537.8740975996377,1549.5518798828125,23700,0.0,0.0
2022-10-04 00:00:00+09:00,1570.2126473082465,1605.2459958465884,1570.2126473082465,1597.161376953125,41200,0.0,0.0
2022-10-05 00:00:00+09:00,1604.3476559758387,1616.0254384661444,1594.4664554071185,1599.856201171875,31800,0.0,0.0
2022-10-06 00:00:00+09:00,1601.652759941949,1629.4997793240018,1601.652759941949,1616.9237060546875,25100,0.0,0.0
2022-10-07 00:00:00+09:00,1595.36484375,1617.822119140625,1594.466552734375,1603.449462890625,23500,0.0,0.0
2022-10-11 00:00:00+09:00,1572.0091264622572,1576.5005811092924,1519.908252556651,1526.1962890625,56000,0.0,0.0
2022-10-12 00:00:00+09:00,1506.4338390483756,1526.1962388450745,1502.8406754489756,1515.416748046875,41500,0.0,0.0
2022-10-13 00:00:00+09:00,1500.145922719753,1500.145922719753,1471.4006116257217,1497.4510498046875,56700,0.0,0.0
2022-10-14 00:00:00+09:00,1512.7219490343841,1539.6706773425976,1494.7561301622418,1522.6031494140625,38600,0.0,0.0
2022-10-17 00:00:00+09:00,1502.8406252915113,1516.3149883395522,1495.654298332556,1504.63720703125,38300,0.0,0.0
2022-10-18 00:00:00+09:00,1519.009888987062,1536.077415829613,1518.111598100612,1527.9927978515625,33900,0.0,0.0
2022-10-19 00:00:00+09:00,1530.6877216111072,1554.0432854385067,1525.2979761124766,1547.7552490234375,36500,0.0,0.0
2022-10-20 00:00:00+09:00,1520.8064951734173,1531.5859859838608,1510.0270043629737,1528.89111328125,47400,0.0,0.0
2022-10-21 00:00:00+09:00,1519.90832431921,1524.399779178309,1501.9425048828125,1501.9425048828125,24000,0.0,0.0
2022-10-24 00:00:00+09:00,1529.7896490471257,1529.7896490471257,1503.7392087521366,1510.925537109375,27600,0.0,0.0
2022-10-25 00:00:00+09:00,1526.1962665384667,1546.8569576099114,1518.1116482931188,1543.2637939453125,41100,0.0,0.0
2022-10-26 00:00:00+09:00,1555.8398692425953,1580.0937240171625,1553.1449964898657,1565.7210693359375,40100,0.0,0.0
2022-10-27 00:00:00+09:00,1562.1279538201325,1582.7886455612843,1554.9416262579928,1558.5347900390625,32900,0.0,0.0
2022-10-28 00:00:00+09:00,1536.0774427673127,1554.0432608113747,1524.3996610386723,1546.85693359375,292800,0.0,0.0
2022-10-31 00:00:00+09:00,1567.5176045354424,1586.3817132433187,1563.9244409720372,1581.8902587890625,32000,0.0,0.0
2022-11-01 00:00:00+09:00,1589.0768555240168,1597.1614749133419,1580.0939450914334,1587.2802734375,20600,0.0,0.0
2022-11-02 00:00:00+09:00,1594.4664548575574,1613.3305650277032,1580.0937994898272,1590.873291015625,53300,0.0,0.0
2022-11-04 00:00:00+09:00,1536.9758530072534,1536.9758530072534,1488.468140521928,1506.4339599609375,69400,0.0,0.0
2022-11-07 00:00:00+09:00,1513.6203120023513,1527.0946767976245,1498.349365234375,1498.349365234375,39800,0.0,0.0
2022-11-08 00:00:00+09:00,1507.3322507137318,1509.1288326573715,1498.349340995533,1501.9425048828125,24600,0.0,0.0
2022-11-09 00:00:00+09:00,1509.1288818213968,1509.1288818213968,1498.3493898083868,1508.2305908203125,19700,0.0,0.0
2022-11-10 00:00:00+09:00,1498.349291772241,1507.332201195336,1493.8578370606936,1495.6544189453125,25000,0.0,0.0
2022-11-11 00:00:00+09:00,1514.5184836465805,1538.7723383668995,1514.5184836465805,1534.2808837890625,38500,0.0,0.0
2022-11-14 00:00:00+09:00,1528.891160981905,1533.3826156263876,1517.21337890625,1517.21337890625,19200,0.0,0.0
2022-11-15 00:00:00+09:00,1517.2134037524197,1524.3997313012767,1515.4168218652055,1522.6031494140625,27600,0.0,0.0
2022-11-16 00:00:00+09:00,1520.806470759962,1534.280834056713,1514.5184345548116,1527.9927978515625,14000,0.0,0.0
2022-11-17 00:00:00+09:00,1527.9928968562635,1545.0604248046875,1527.9928968562635,1545.0604248046875,17600,0.0,0.0
2022-11-18 00:00:00+09:00,1545.958570578527,1556.7380609021427,1545.958570578527,1553.1448974609375,23600,0.0,0.0
2022-11-21 00:00:00+09:00,1554.043383018993,1554.043383018993,1536.077563562126,1537.8741455078125,42200,0.0,0.0
2022-11-22 00:00:00+09:00,1537.874122995418,1572.9074704234679,1537.874122995418,1568.416015625,27400,0.0,0.0
2022-11-24 00:00:00+09:00,1581.890331864696,1585.4834955940876,1568.415967879477,1580.09375,38900,0.0,0.0
2022-11-25 00:00:00+09:00,1584.585229214755,1585.483520161022,1574.7040288058195,1580.9920654296875,20000,0.0,0.0
2022-11-28 00:00:00+09:00,1580.9920890607102,1580.9920890607102,1563.0262698668384,1568.416015625,18700,0.0,0.0
2022-11-29 00:00:00+09:00,1545.060447836822,1545.060447836822,1514.5185552633034,1523.50146484375,47100,0.0,0.0
2022-11-30 00:00:00+09:00,1525.29814453125,1541.4673828125,1520.806689453125,1527.0947265625,40300,0.0,0.0
2022-12-01 00:00:00+09:00,1542.3655015247678,1542.3655015247678,1528.8911377956638,1529.7894287109375,20300,0.0,0.0
2022-12-02 00:00:00+09:00,1518.1116437712474,1518.1116437712474,1497.4509527613427,1502.8406982421875,38400,0.0,0.0
2022-12-05 00:00:00+09:00,1500.1458499593973,1510.0270501687107,1500.1458499593973,1503.739013671875,19100,0.0,0.0
2022-12-06 00:00:00+09:00,1498.349340776376,1508.2305414649493,1492.9595949462453,1497.4510498046875,30300,0.0,0.0
2022-12-07 00:00:00+09:00,1495.6546136903821,1513.6204348758522,1495.6546136903821,1507.3323974609375,16900,0.0,0.0
2022-12-08 00:00:00+09:00,1504.637524283117,1507.3323974609375,1497.451195808929,1507.3323974609375,27000,0.0,0.0
2022-12-09 00:00:00+09:00,1503.7391358871641,1515.4169189018196,1503.7391358871641,1512.7220458984375,20000,0.0,0.0
2022-12-12 00:00:00+09:00,1501.0440435517723,1517.2132792094217,1501.0440435517723,1504.63720703125,23300,0.0,0.0
2022-12-13 00:00:00+09:00,1522.6029288789919,1532.4841278274691,1516.3148931845062,1519.009765625,38300,0.0,0.0
2022-12-14 00:00:00+09:00,1527.094629534081,1536.975830078125,1518.1117199485864,1536.975830078125,18800,0.0,0.0
2022-12-15 00:00:00+09:00,1526.1963396959397,1563.924559982714,1525.2980487367308,1554.941650390625,22500,0.0,0.0
2022-12-16 00:00:00+09:00,1539.6706069389656,1564.8227522098473,1537.8740251339027,1551.348388671875,30900,0.0,0.0
2022-12-19 00:00:00+09:00,1550.450075135294,1568.4158929236519,1543.2637480199508,1563.9244384765625,26200,0.0,0.0
2022-12-20 00:00:00+09:00,1560.331395000411,1572.009177461554,1533.3826662439271,1536.975830078125,59500,0.0,0.0
2022-12-21 00:00:00+09:00,1532.4843732519764,1536.9758280387641,1497.451025915032,1505.53564453125,52900,0.0,0.0
2022-12-22 00:00:00+09:00,1526.1962890625,1534.2809074271631,1513.6202160508021,1526.1962890625,16800,0.0,0.0
2022-12-23 00:00:00+09:00,1513.620361328125,1528.89130859375,1513.620361328125,1527.0947265625,13700,0.0,0.0
2022-12-26 00:00:00+09:00,1535.1790771484375,1544.1619857332732,1529.789331997536,1535.1790771484375,18600,0.0,0.0
2022-12-27 00:00:00+09:00,1548.6535896411203,1560.3313719295975,1545.0604258600506,1558.5347900390625,16400,0.0,0.0
2022-12-28 00:00:00+09:00,1547.7552979930933,1549.5518798828125,1536.0775157099185,1549.5518798828125,18600,0.0,0.0
2022-12-29 00:00:00+09:00,1549.551953209771,1559.4331540708188,1531.5861334624112,1552.246826171875,16100,0.0,0.0
2022-12-30 00:00:00+09:00,1552.2467769465427,1563.924559411997,1545.958740234375,1545.958740234375,12400,0.0,0.0
2023-01-04 00:00:00+09:00,1536.07763671875,1539.6708007812501,1518.11181640625,1518.11181640625,21200,0.0,0.0
2023-01-05 00:00:00+09:00,1518.1118901722195,1522.6033454685871,1506.4341064016642,1507.3323974609375,20300,0.0,0.0
2023-01-06 00:00:00+09:00,1504.6372322295833,1510.9252684239757,1501.0440686899306,1510.0269775390625,19500,0.0,0.0
2023-01-10 00:00:00+09:00,1510.9252684239757,1528.8910861222394,1510.0269775390625,1510.0269775390625,16500,0.0,0.0
2023-01-11 00:00:00+09:00,1516.3151128088125,1530.6877679065265,1516.3151128088125,1522.6031494140625,13900,0.0,0.0
2023-01-12 00:00:00+09:00,1519.908276583241,1536.0775135681693,1519.908276583241,1522.6031494140625,19500,0.0,0.0
2023-01-13 00:00:00+09:00,1520.806470759962,1534.280834056713,1520.806470759962,1527.9927978515625,15400,0.0,0.0
2023-01-16 00:00:00+09:00,1522.603271484375,1533.382763671875,1521.7049804687501,1527.0947265625,11500,0.0,0.0
2023-01-17 00:00:00+09:00,1532.484351579533,1545.0604248046875,1531.586060634879,1545.0604248046875,16400,0.0,0.0
2023-01-18 00:00:00+09:00,1545.9586925044605,1557.636474609375,1537.874074124135,1557.636474609375,18800,0.0,0.0
2023-01-19 00:00:00+09:00,1557.6365235500073,1562.1279783468642,1549.5519049156646,1559.43310546875,20300,0.0,0.0
2023-01-20 00:00:00+09:00,1557.636402250637,1567.517602034234,1554.9415295823835,1563.9244384765625,30800,0.0,0.0
2023-01-23 00:00:00+09:00,1571.1108657061043,1589.9749755859375,1571.1108657061043,1589.9749755859375,17500,0.0,0.0
2023-01-24 00:00:00+09:00,1592.6698734855331,1604.3476559758387,1592.6698734855331,1599.856201171875,26600,0.0,0.0
2023-01-25 00:00:00+09:00,1598.957812170266,1602.5509757931204,1589.076612207416,1596.262939453125,24400,0.0,0.0
2023-01-26 00:00:00+09:00,1594.4663581890957,1602.550976343294,1590.8731945650077,1600.75439453125,11000,0.0,0.0
2023-01-27 00:00:00+09:00,1600.7543467942564,1607.940673828125,1600.7543467942564,1607.940673828125,11900,0.0,0.0
2023-01-30 00:00:00+09:00,1615.1270501273018,1625.0082501002719,1603.4492683410645,1609.7373046875,39600,0.0,0.0
2023-01-31 00:00:00+09:00,1609.7371589643653,1630.3978479466089,1609.7371589643653,1613.330322265625,25700,0.0,0.0
2023-02-01 00:00:00+09:00,1625.008349717223,1628.601513564027,1614.22885817681,1626.804931640625,20000,0.0,0.0
2023-02-02 00:00:00+09:00,1634.889575475934,1650.1605220600497,1627.703247671644,1641.1776123046875,32700,0.0,0.0
2023-02-03 00:00:00+09:00,1643.8724091698891,1643.8724091698891,1606.1441899430392,1611.533935546875,31000,0.0,0.0
2023-02-06 00:00:00+09:00,1625.9066904571666,1664.5332029928893,1625.9066904571666,1660.041748046875,47000,0.0,0.0
2023-02-07 00:00:00+09:00,1659.1433843155112,1671.7194576129757,1657.3468024158733,1666.3297119140625,22100,0.0,0.0
2023-02-08 00:00:00+09:00,1663.6348165580096,1695.9732903139968,1663.6348165580096,1687.888671875,32000,0.0,0.0
2023-02-09 00:00:00+09:00,1680.7023693912245,1710.345970775463,1679.804078440187,1697.7698974609375,21700,0.0,0.0
2023-02-10 00:00:00+09:00,1695.9733168357332,1718.430590628579,1692.3801530288777,1715.7357177734375,16400,0.0,0.0
2023-02-13 00:00:00+09:00,1715.7357412062897,1718.4306140982367,1698.668212890625,1698.668212890625,16400,0.0,0.0
2023-02-14 00:00:00+09:00,1706.7528323386673,1722.0237787332765,1697.7699226947798,1712.142578125,16000,0.0,0.0
2023-02-15 00:00:00+09:00,1718.4305410941402,1719.3288320199604,1704.9561772068362,1709.4476318359375,16600,0.0,0.0
2023-02-16 00:00:00+09:00,1722.0238281504578,1729.2101560717952,1711.244336268452,1722.922119140625,21500,0.0,0.0
2023-02-17 00:00:00+09:00,1706.7526387096511,1729.2099102716202,1705.8543478471724,1718.430419921875,20700,0.0,0.0
2023-02-20 00:00:00+09:00,1714.837377390859,1721.1254138716008,1708.5493409101173,1709.4476318359375,30500,0.0,0.0
2023-02-21 00:00:00+09:00,1709.4477542881175,1731.9050290422965,1709.4477542881175,1722.922119140625,17400,0.0,0.0
2023-02-22 00:00:00+09:00,1708.549388873388,1713.9391345796132,1695.0750246078248,1697.7698974609375,19000,0.0,0.0
2023-02-24 00:00:00+09:00,1697.7698269696302,1722.023681640625,1695.9732451421492,1722.023681640625,21900,0.0,0.0
2023-02-27 00:00:00+09:00,1722.0237566401229,1749.8707761789044,1722.0237566401229,1747.1759033203125,32100,0.0,0.0
2023-02-28 00:00:00+09:00,1747.175924945672,1747.175924945672,1686.9904303588546,1698.668212890625,48300,0.0,0.0
2023-03-01 00:00:00+09:00,1702.2613075028016,1742.6843992376967,1702.2613075028016,1740.8878173828125,32000,0.0,0.0
2023-03-02 00:00:00+09:00,1746.277661619347,1763.345190205133,1736.3964608591552,1757.9554443359375,31400,0.0,0.0
2023-03-03 00:00:00+09:00,1765.1416277512344,1783.1074458453945,1752.5655550853223,1779.5142822265625,44600,0.0,0.0
2023-03-06 00:00:00+09:00,1784.0057618170451,1785.8023436517046,1775.9211435610766,1784.904052734375,34700,0.0,0.0
2023-03-07 00:00:00+09:00,1787.598977070081,1820.835741970379,1787.598977070081,1818.140869140625,38200,0.0,0.0
2023-03-08 00:00:00+09:00,1816.3442397194865,1836.106639953823,1814.5476578800012,1829.818603515625,21200,0.0,0.0
2023-03-09 00:00:00+09:00,1832.513502881877,1855.8690671342931,1832.513502881877,1853.1741943359375,24100,0.0,0.0
2023-03-10 00:00:00+09:00,1839.6999500748877,1839.6999500748877,1798.3785644775026,1799.27685546875,56900,0.0,0.0
2023-03-13 00:00:00+09:00,1778.615990766147,1788.4971907148476,1757.9552999643179,1775.0228271484375,30300,0.0,0.0
2023-03-14 00:00:00+09:00,1747.1759758751384,1747.1759758751384,1701.363135376613,1722.922119140625,27100,0.0,0.0
2023-03-15 00:00:00+09:00,1748.074194897898,1767.8365958679667,1748.074194897898,1756.1588134765625,27200,0.0,0.0
2023-03-16 00:00:00+09:00,1713.9391843392646,1717.5323482477327,1685.19387307152,1708.5494384765625,42100,0.0,0.0
2023-03-17 00:00:00+09:00,1722.9219715296442,1732.8031715749132,1713.040771484375,1713.040771484375,81200,0.0,0.0
2023-03-20 00:00:00+09:00,1708.5492895390998,1720.2270712236468,1686.0920170688173,1689.6851806640625,55500,0.0,0.0
2023-03-22 00:00:00+09:00,1703.1596450805664,1731.0066645940146,1703.1596450805664,1724.7186279296875,44900,0.0,0.0
2023-03-23 00:00:00+09:00,1717.5321781168407,1720.22705078125,1708.5492692354765,1720.22705078125,36700,0.0,0.0
2023-03-24 00:00:00+09:00,1716.6339351372,1718.4305169636127,1700.4646986994871,1713.040771484375,111000,0.0,0.0
2023-03-27 00:00:00+09:00,1730.10842364154,1754.3622800477297,1727.4135507075189,1748.9725341796875,78100,0.0,0.0
2023-03-28 00:00:00+09:00,1756.158711347799,1757.9552931496894,1719.328784409047,1721.1253662109375,67400,0.0,0.0
2023-03-29 00:00:00+09:00,1742.684449795245,1769.6331784003262,1734.5998312137206,1765.1417236328125,121500,0.0,0.0
2023-03-30 00:00:00+09:00,1774.431991537474,1789.2963432990446,1766.9998156566887,1786.50927734375,44800,65.0,0.0
2023-03-31 00:00:00+09:00,1790.2254842015484,1800.444726716451,1764.2128668908877,1767.928955078125,21600,0.0,0.0
2023-04-03 00:00:00+09:00,1787.4382806982699,1814.379917985302,1785.58023674744,1808.8057861328125,24400,0.0,0.0
2023-04-04 00:00:00+09:00,1813.4507273017903,1819.9538805246964,1788.367136299153,1816.23779296875,22200,0.0,0.0
2023-04-05 00:00:00+09:00,1789.296314897622,1792.0833808086777,1764.2127216981228,1771.6448974609375,28200,0.0,0.0
2023-04-06 00:00:00+09:00,1756.7805597097465,1770.7158893742871,1728.9099003806655,1730.7679443359375,29400,0.0,0.0
2023-04-07 00:00:00+09:00,1741.9163067800605,1769.7869676885414,1737.271196628647,1763.2838134765625,16800,0.0,0.0
2023-04-10 00:00:00+09:00,1755.8514924154674,1766.999755859375,1751.2063826471724,1766.999755859375,12500,0.0,0.0
2023-04-11 00:00:00+09:00,1778.1480193032828,1778.1480193032828,1761.4256241374212,1766.999755859375,19500,0.0,0.0
2023-04-12 00:00:00+09:00,1767.9287283488825,1792.0832984682052,1767.9287283488825,1784.651123046875,13800,0.0,0.0
2023-04-13 00:00:00+09:00,1788.3672712269085,1805.089666490329,1784.651183390593,1804.16064453125,15600,0.0,0.0
2023-04-14 00:00:00+09:00,1806.0185521898977,1822.7409461916561,1802.3024646339513,1816.23779296875,19900,0.0,0.0
2023-04-17 00:00:00+09:00,1830.1732964023574,1830.1732964023574,1818.0960106900577,1827.38623046875,11600,0.0,0.0
2023-04-18 00:00:00+09:00,1829.244247667484,1847.8246869530856,1829.244247667484,1841.321533203125,14500,0.0,0.0
2023-04-19 00:00:00+09:00,1840.3924560546875,1840.3924560546875,1822.7410392626437,1840.3924560546875,13900,0.0,0.0
2023-04-20 00:00:00+09:00,1830.1732147540304,1844.1085438003809,1825.5281050719136,1840.3924560546875,28600,0.0,0.0
2023-04-21 00:00:00+09:00,1832.9603471852313,1855.2568744697955,1818.0959956621882,1839.4635009765625,17800,0.0,0.0
2023-04-24 00:00:00+09:00,1837.6054135497677,1845.0375891354088,1827.3861721195112,1836.6763916015625,13700,0.0,0.0
2023-04-25 00:00:00+09:00,1850.6117729543741,1868.2631904674931,1839.463509261878,1847.82470703125,26600,0.0,0.0
2023-04-26 00:00:00+09:00,1847.8247258543058,1847.8247258543058,1823.670154274511,1825.5281982421875,17000,0.0,0.0
2023-04-27 00:00:00+09:00,1802.3026989959371,1829.244337279897,1802.3026989959371,1807.8768310546875,25600,0.0,0.0
2023-04-28 00:00:00+09:00,1824.5990970440764,1867.3341064453125,1824.5990970440764,1867.3341064453125,27900,0.0,0.0
2023-05-01 00:00:00+09:00,1884.9855489604429,1897.9918563460742,1876.624351355394,1892.417724609375,14600,0.0,0.0
2023-05-02 00:00:00+09:00,1890.5596168040054,1895.2047264276023,1876.6242879332142,1883.12744140625,11200,0.0,0.0
2023-05-08 00:00:00+09:00,1909.140215421978,1917.5014134457238,1887.772709361294,1906.3531494140625,15400,0.0,0.0
2023-05-09 00:00:00+09:00,1905.4239591966914,1973.242559402132,1897.9917838317117,1952.8040771484375,44500,0.0,0.0
2023-05-10 00:00:00+09:00,1960.2364304016955,1989.0361125545166,1939.797946293242,1953.7332763671875,41000,0.0,0.0
2023-05-11 00:00:00+09:00,1951.8751135510652,1963.023376931652,1939.797828222096,1943.513916015625,22800,0.0,0.0
2023-05-12 00:00:00+09:00,1943.5140579151994,1981.6039605798856,1932.3657937206572,1978.81689453125,36600,0.0,0.0
2023-05-15 00:00:00+09:00,1978.8166337292175,2004.8292467547658,1970.4554366852913,2001.1131591796875,41300,0.0,0.0
2023-05-16 00:00:00+09:00,2000.1842614215354,2033.629051672894,1990.8940419072692,2029.9129638671875,36400,0.0,0.0
2023-05-17 00:00:00+09:00,2029.9131640448486,2062.428935551288,2021.5519656574786,2055.92578125,38900,0.0,0.0
2023-05-18 00:00:00+09:00,2071.7188347484143,2095.873404122163,2065.2156814554824,2087.51220703125,35100,0.0,0.0
2023-05-19 00:00:00+09:00,2095.873404122163,2122.815039192882,2087.51220703125,2087.51220703125,27500,0.0,0.0
2023-05-22 00:00:00+09:00,2087.512331137854,2130.2473410320868,2071.718957916072,2116.31201171875,35500,0.0,0.0
2023-05-23 00:00:00+09:00,2116.3120042640744,2129.318311577374,2056.854599403275,2068.931884765625,19100,0.0,0.0
2023-05-24 00:00:00+09:00,2060.570559184909,2080.0800189427464,2040.1320775338413,2050.351318359375,25800,0.0,0.0
2023-05-25 00:00:00+09:00,2048.4936200615966,2076.3642815590333,2035.4873113627928,2072.648193359375,28700,0.0,0.0
2023-05-26 00:00:00+09:00,2072.6481780247404,2099.5898172729326,2055.92578125,2055.92578125,22200,0.0,0.0
2023-05-29 00:00:00+09:00,2069.8609935659706,2087.5124113746574,2064.2868616263854,2074.506103515625,21400,0.0,0.0
2023-05-30 00:00:00+09:00,2074.50586423352,2080.079995530162,2054.0673828125,2054.0673828125,18800,0.0,0.0
2023-05-31 00:00:00+09:00,2022.4808232524954,2027.1259330900068,1986.248966519906,2024.3388671875,94300,0.0,0.0
2023-06-01 00:00:00+09:00,2004.8293942849825,2040.1322288460713,2004.8293942849825,2026.1968994140625,38200,0.0,0.0
2023-06-02 00:00:00+09:00,2027.125839977221,2057.783563496583,2027.125839977221,2039.203125,31500,0.0,0.0
2023-06-05 00:00:00+09:00,2057.7838491195466,2077.2933122488967,2042.9194962590893,2052.209716796875,37500,0.0,0.0
2023-06-06 00:00:00+09:00,2038.274180194578,2081.009190353626,2034.558092354661,2075.43505859375,17100,0.0,0.0
2023-06-07 00:00:00+09:00,2075.4350888901863,2094.0155283610025,2049.4224736310434,2051.280517578125,29400,0.0,0.0
2023-06-08 00:00:00+09:00,2063.357662615493,2069.8608159870864,2022.4806985654789,2034.5579833984375,21800,0.0,0.0
2023-06-09 00:00:00+09:00,2053.1384249862817,2067.073753662659,2045.7062496922135,2063.357666015625,30600,0.0,0.0
2023-06-12 00:00:00+09:00,2071.718880848035,2086.5832315626394,2070.7898589283723,2080.080078125,12000,0.0,0.0
2023-06-13 00:00:00+09:00,2085.654158073146,2124.6730777342027,2082.8670923830705,2107.95068359375,27100,0.0,0.0
2023-06-14 00:00:00+09:00,2120.9572990655165,2134.892629545579,2109.8090346814665,2117.2412109375,25600,0.0,0.0
2023-06-15 00:00:00+09:00,2120.9574140237814,2133.9637231767965,2108.880126953125,2108.880126953125,20300,0.0,0.0
2023-06-16 00:00:00+09:00,2129.3184064073444,2132.1054723843176,2116.312098514804,2121.88623046875,50400,0.0,0.0
2023-06-19 00:00:00+09:00,2135.821479951327,2165.550182586578,2134.8924579939753,2163.692138671875,39200,0.0,0.0
2023-06-20 00:00:00+09:00,2147.89892578125,2147.89892578125,2099.5897803917064,2147.89892578125,49500,0.0,0.0
2023-06-21 00:00:00+09:00,2148.8279592847275,2187.8468846154487,2148.8279592847275,2174.840576171875,41000,0.0,0.0
2023-06-22 00:00:00+09:00,2187.846502338108,2203.6398741171943,2179.485305513886,2186.91748046875,34500,0.0,0.0
2023-06-23 00:00:00+09:00,2194.350050270306,2217.5756011834123,2168.3374332476264,2201.7822265625,64000,0.0,0.0
2023-06-26 00:00:00+09:00,2267.742470871995,2267.742470871995,2195.278762257486,2202.7109375,225500,0.0,0.0
2023-06-27 00:00:00+09:00,2199.9238564795046,2199.9238564795046,2158.1178710312033,2175.769287109375,52300,0.0,0.0
2023-06-28 00:00:00+09:00,2200.853094255602,2202.711138235556,2173.911456546268,2199.924072265625,33400,0.0,0.0
2023-06-29 00:00:00+09:00,2201.781953483671,2258.45229068304,2201.781953483671,2225.9365234375,33700,0.0,0.0
2023-06-30 00:00:00+09:00,2226.865655767013,2249.162182983704,2217.5754360933915,2227.794677734375,29000,0.0,0.0
2023-07-03 00:00:00+09:00,2229.6529630335367,2288.1813533131667,2229.6529630335367,2285.394287109375,29300,0.0,0.0
2023-07-04 00:00:00+09:00,2269.600873296805,2297.4715348600075,2263.0977189320574,2272.387939453125,20600,0.0,0.0
2023-07-05 00:00:00+09:00,2245.445794802296,2289.109821428571,2228.7234016262755,2276.103515625,26200,0.0,0.0
2023-07-06 00:00:00+09:00,2271.4585833508645,2301.1872846462543,2258.4522765341317,2277.03271484375,24600,0.0,0.0
2023-07-07 00:00:00+09:00,2246.3749511117667,2293.75506794663,2230.5815788334785,2264.0263671875,34600,0.0,0.0
2023-07-10 00:00:00+09:00,2264.0264369563465,2287.2519851401416,2252.878173828125,2252.878173828125,18700,0.0,0.0
2023-07-11 00:00:00+09:00,2270.529661112982,2270.529661112982,2239.8719365562188,2241.72998046875,18500,0.0,0.0
2023-07-12 00:00:00+09:00,2251.9492455051372,2256.5943553349744,2237.0848940496576,2238.013916015625,16100,0.0,0.0
2023-07-13 00:00:00+09:00,2240.8011551754184,2263.0976840826365,2230.58191275961,2249.162353515625,34300,0.0,0.0
2023-07-14 00:00:00+09:00,2261.239465164812,2264.026531062714,2214.7883668664385,2238.013916015625,36100,0.0,0.0
2023-07-18 00:00:00+09:00,2238.9429081910935,2271.4586765673125,2238.9429081910935,2262.16845703125,29500,0.0,0.0
2023-07-19 00:00:00+09:00,2276.1040901904776,2281.67822265625,2261.2397369484174,2281.67822265625,39400,0.0,0.0
2023-07-20 00:00:00+09:00,2251.9491519007734,2277.0327439392718,2239.8718668451997,2252.878173828125,49700,0.0,0.0
2023-07-21 00:00:00+09:00,2250.0911546548537,2267.742571640172,2238.9428912957046,2245.446044921875,31400,0.0,0.0
2023-07-24 00:00:00+09:00,2251.020017123947,2277.9616516664955,2247.303929600837,2261.2392578125,52800,0.0,0.0
2023-07-25 00:00:00+09:00,2266.8134588214803,2270.529546458892,2248.2330206344186,2250.091064453125,28700,0.0,0.0
2023-07-26 00:00:00+09:00,2252.878331172166,2260.310507110053,2243.5881112498064,2247.30419921875,35500,0.0,0.0
2023-07-27 00:00:00+09:00,2244.516953350144,2257.5232601990274,2223.1494492412644,2256.59423828125,29400,0.0,0.0
2023-07-28 00:00:00+09:00,2222.220562461196,2246.3751337922963,2218.504474564104,2244.51708984375,42000,0.0,0.0
2023-07-31 00:00:00+09:00,2273.316670685934,2303.9743944834963,2267.742539086377,2279.81982421875,43200,0.0,0.0
2023-08-01 00:00:00+09:00,2269.6009164095994,2280.7491812466506,2251.949497084269,2275.175048828125,35400,0.0,0.0
2023-08-02 00:00:00+09:00,2251.020278039125,2275.174849739091,2206.427222593034,2210.143310546875,56000,0.0,0.0
2023-08-03 00:00:00+09:00,2198.065836101235,2198.065836101235,2160.9049597512562,2172.05322265625,56800,0.0,0.0
2023-08-04 00:00:00+09:00,2168.337111918566,2185.0595060978862,2161.833958626608,2175.769287109375,28000,0.0,0.0
2023-08-07 00:00:00+09:00,2175.76941445114,2195.278875468849,2162.7631071060014,2194.349853515625,18600,0.0,0.0
2023-08-08 00:00:00+09:00,2210.1432436646533,2217.5754193474263,2206.4271558232667,2211.072265625,13700,0.0,0.0
2023-08-09 00:00:00+09:00,2220.362572362217,2221.2915943590215,2198.0660444389146,2216.646484375,21400,0.0,0.0
2023-08-10 00:00:00+09:00,2217.5754229571367,2273.3167406686694,2213.859335109701,2268.671630859375,20700,0.0,0.0
2023-08-14 00:00:00+09:00,2274.24565471902,2296.5421807456773,2255.6652163634726,2256.59423828125,21200,0.0,0.0
2023-08-15 00:00:00+09:00,2256.594295918675,2292.8261516374187,2256.594295918675,2286.322998046875,17300,0.0,0.0
2023-08-16 00:00:00+09:00,2278.890717567065,2281.6777832632333,2253.807126301549,2264.0263671875,23300,0.0,0.0
2023-08-17 00:00:00+09:00,2262.1687294195503,2262.1687294195503,2231.5110012590394,2248.2333984375,21400,0.0,0.0
2023-08-18 00:00:00+09:00,2251.0204646339103,2255.66557496126,2234.298067455449,2248.2333984375,26400,0.0,0.0
2023-08-21 00:00:00+09:00,2238.942775921984,2281.6777832632333,2232.439622630924,2264.0263671875,42100,0.0,0.0
2023-08-22 00:00:00+09:00,2292.82633717021,2292.82633717021,2256.594478519627,2266.813720703125,14500,0.0,0.0
2023-08-23 00:00:00+09:00,2266.81347377346,2284.4648901675973,2262.1683641960553,2277.03271484375,13500,0.0,0.0
2023-08-24 00:00:00+09:00,2277.0328155051097,2313.2646718105766,2277.0328155051097,2309.548583984375,33400,0.0,0.0
2023-08-25 00:00:00+09:00,2277.0327786318126,2296.542239403444,2267.74255921675,2286.322998046875,35600,0.0,0.0
2023-08-28 00:00:00+09:00,2285.3940689535348,2350.425607500993,2285.3940689535348,2339.27734375,46600,0.0,0.0
2023-08-29 00:00:00+09:00,2339.277306928149,2339.277306928149,2311.4066479893704,2316.0517578125,15000,0.0,0.0
2023-08-30 00:00:00+09:00,2335.5615473652265,2336.4905694604395,2319.768171746607,2331.845458984375,21800,0.0,0.0
2023-08-31 00:00:00+09:00,2331.845234631071,2351.3546967534826,2326.2711025960966,2338.348388671875,63200,0.0,0.0
2023-09-01 00:00:00+09:00,2341.1353807824803,2359.7158203125,2336.4902708999753,2359.7158203125,57000,0.0,0.0
2023-09-04 00:00:00+09:00,2359.7158564814818,2392.2316261574074,2358.7868344907406,2382.94140625,47300,0.0,0.0
2023-09-05 00:00:00+09:00,2382.941500879634,2382.941500879634,2333.7033334150647,2368.0771484375,32800,0.0,0.0
2023-09-06 00:00:00+09:00,2362.502886242003,2373.6511499600147,2347.6385346179873,2359.7158203125,34500,0.0,0.0
2023-09-07 00:00:00+09:00,2351.354572709066,2382.9413192409143,2343.9223970545136,2377.3671875,45800,0.0,0.0
2023-09-08 00:00:00+09:00,2365.29011434645,2381.083489029832,2334.6323870198858,2343.922607421875,49900,0.0,0.0
2023-09-11 00:00:00+09:00,2351.3549855065726,2374.580538504464,2324.413344029018,2341.1357421875,38900,0.0,0.0
2023-09-12 00:00:00+09:00,2348.5678233438484,2368.077287066246,2348.5678233438484,2356.0,22000,0.0,0.0
2023-09-13 00:00:00+09:00,2358.786711273555,2369.934974580086,2339.277250487125,2354.1416015625,49500,0.0,0.0
2023-09-14 00:00:00+09:00,2357.857772916871,2377.3672343949065,2348.5675531654256,2369.93505859375,35600,0.0,0.0
2023-09-15 00:00:00+09:00,2389.44472057591,2446.1150658150746,2389.44472057591,2424.74755859375,69000,0.0,0.0
2023-09-19 00:00:00+09:00,2422.8892872431506,2441.4697265625,2408.953957753639,2441.4697265625,82600,0.0,0.0
2023-09-20 00:00:00+09:00,2449.8307596684244,2449.8307596684244,2378.296073094868,2389.4443359375,87100,0.0,0.0
2023-09-21 00:00:00+09:00,2387.5864491867815,2408.953954374056,2375.509163646148,2383.870361328125,72100,0.0,0.0
2023-09-22 00:00:00+09:00,2360.644690947374,2361.573712864315,2317.9096827680823,2344.851318359375,85900,0.0,0.0
2023-09-25 00:00:00+09:00,2355.0707006835937,2359.7158105468748,2315.122755859375,2322.554931640625,111400,0.0,0.0
2023-09-26 00:00:00+09:00,2335.561099189964,2348.5674060271394,2312.3355512664357,2344.851318359375,82900,0.0,0.0
2023-09-27 00:00:00+09:00,2316.980553922118,2335.56099140345,2289.1098977001197,2332.77392578125,138800,0.0,0.0
2023-09-28 00:00:00+09:00,2322.554759648138,2322.554759648138,2282.60681778219,2301.187255859375,62300,0.0,0.0
2023-09-29 00:00:00+09:00,2319.767979766221,2352.283750407718,2296.5424293080086,2314.19384765625,53100,0.0,0.0
2023-10-02 00:00:00+09:00,2325.341572393457,2375.508749744335,2316.980376168311,2342.06396484375,49700,0.0,0.0
2023-10-03 00:00:00+09:00,2343.9227462221425,2353.2129671742714,2301.187729842349,2331.845458984375,43300,0.0,0.0
2023-10-04 00:00:00+09:00,2322.554694625304,2345.780241571557,2278.8906663663483,2291.89697265625,68200,0.0,0.0
2023-10-05 00:00:00+09:00,2291.8974239849053,2335.56146084234,2291.8974239849053,2326.271240234375,46100,0.0,0.0
2023-10-06 00:00:00+09:00,2326.2712038198542,2387.586658872614,2325.3421817736007,2360.64501953125,59000,0.0,0.0
2023-10-10 00:00:00+09:00,2360.6447629238696,2401.521728515625,2360.6447629238696,2401.521728515625,47700,0.0,0.0
2023-10-11 00:00:00+09:00,2401.5216849258386,2412.6699480666935,2381.083202500938,2398.734619140625,57500,0.0,0.0
2023-10-12 00:00:00+09:00,2398.734913504464,2440.5409054129464,2384.799582868304,2438.682861328125,57400,0.0,0.0
2023-10-13 00:00:00+09:00,2433.108445002813,2452.6179056156648,2414.528006323906,2425.67626953125,47600,0.0,0.0
2023-10-16 00:00:00+09:00,2425.6761901760547,2425.6761901760547,2376.4380292877627,2389.4443359375,44500,0.0,0.0
2023-10-17 00:00:00+09:00,2401.521571817107,2434.0373377798146,2395.9474405092146,2407.095703125,48900,0.0,0.0
2023-10-18 00:00:00+09:00,2427.5344071757586,2431.250495055094,2399.663748080744,2410.81201171875,42700,0.0,0.0
2023-10-19 00:00:00+09:00,2389.444287316673,2410.811790663595,2388.515265432024,2407.095703125,42200,0.0,0.0
2023-10-20 00:00:00+09:00,2390.3734217849837,2406.1667945678614,2380.1541805725333,2398.734619140625,67000,0.0,0.0
2023-10-23 00:00:00+09:00,2398.7347433255413,2410.812029020054,2355.070710429995,2359.7158203125,37200,0.0,0.0
2023-10-24 00:00:00+09:00,2371.793082471164,2371.793082471164,2305.832522794136,2363.431884765625,62900,0.0,0.0
2023-10-25 00:00:00+09:00,2377.367164162328,2394.089559220914,2374.5800983192303,2381.083251953125,51200,0.0,0.0
2023-10-26 00:00:00+09:00,2382.0125549751338,2393.160819663005,2344.85167268223,2346.709716796875,47300,0.0,0.0
2023-10-27 00:00:00+09:00,2393.1604385933297,2416.385986328125,2393.1604385933297,2416.385986328125,48900,0.0,0.0
2023-10-30 00:00:00+09:00,2411.7409411944745,2414.5280069970877,2342.9933180633534,2347.638427734375,193300,0.0,0.0
2023-10-31 00:00:00+09:00,2346.7095705469687,2369.935120532588,2295.6133605786067,2321.6259765625,43100,0.0,0.0
2023-11-01 00:00:00+09:00,2351.354638881847,2388.515518200407,2348.5675729329555,2376.438232421875,38700,0.0,0.0
2023-11-02 00:00:00+09:00,2348.5674578161365,2396.8765985623545,2348.5674578161365,2395.0185546875,28500,0.0,0.0
2023-11-06 00:00:00+09:00,2441.4696107476207,2541.8039783125914,2441.4696107476207,2538.087890625,94300,0.0,0.0
2023-11-07 00:00:00+09:00,2543.6623859236724,2554.8106505807523,2483.275952364491,2519.5078125,61700,0.0,0.0
2023-11-08 00:00:00+09:00,2535.300830431413,2535.300830431413,2439.611572265625,2439.611572265625,39200,0.0,0.0
2023-11-09 00:00:00+09:00,2393.160775552418,2417.31534859759,2328.1292327384936,2343.922607421875,43500,0.0,0.0
2023-11-10 00:00:00+09:00,2338.348475180682,2352.2838057836652,2313.2648800953107,2343.922607421875,23700,0.0,0.0
2023-11-13 00:00:00+09:00,2343.922575719032,2384.799544934901,2343.922575719032,2368.0771484375,12800,0.0,0.0
2023-11-14 00:00:00+09:00,2355.999625142214,2370.8639760894835,2347.638427734375,2347.638427734375,18400,0.0,0.0
2023-11-15 00:00:00+09:00,2394.089640525715,2394.089640525715,2319.7678821857626,2339.27734375,20600,0.0,0.0
2023-11-16 00:00:00+09:00,2354.141587333146,2354.141587333146,2319.7677756791104,2327.199951171875,18000,0.0,0.0
2023-11-17 00:00:00+09:00,2344.851432316823,2404.308837890625,2339.2773005442787,2404.308837890625,25400,0.0,0.0
2023-11-20 00:00:00+09:00,2395.9476674804687,2395.9476674804687,2322.554931640625,2322.554931640625,38300,0.0,0.0
2023-11-21 00:00:00+09:00,2317.9101370187573,2371.793418761077,2317.9101370187573,2358.787109375,25600,0.0,0.0
2023-11-22 00:00:00+09:00,2358.786676219228,2399.6636410690294,2356.9286323624187,2398.734619140625,11500,0.0,0.0
2023-11-24 00:00:00+09:00,2413.598876953125,2441.4695337308744,2402.450614242025,2413.598876953125,18300,0.0,0.0
2023-11-27 00:00:00+09:00,2429.3923368908113,2442.398643856957,2403.3797229585193,2419.173095703125,26000,0.0,0.0
2023-11-28 00:00:00+09:00,2419.173084270558,2465.6241803587022,2409.882865052929,2460.050048828125,26100,0.0,0.0
2023-11-29 00:00:00+09:00,2459.1212945842885,2472.1276029047194,2423.8184577145485,2456.334228515625,22600,0.0,0.0
2023-11-30 00:00:00+09:00,2468.411534525592,2470.2695785862056,2441.46989564669,2462.83740234375,13800,0.0,0.0
2023-12-01 00:00:00+09:00,2480.48896128469,2503.714513356644,2480.48896128469,2498.140380859375,19900,0.0,0.0
2023-12-04 00:00:00+09:00,2477.7015202585008,2499.998046875,2443.327708391397,2499.998046875,14700,0.0,0.0
2023-12-05 00:00:00+09:00,2499.9983471652163,2522.294876459889,2470.2696414389857,2472.127685546875,19400,0.0,0.0
2023-12-06 00:00:00+09:00,2497.211308445089,2564.1008970641537,2497.211308445089,2563.171875,36600,0.0,0.0
2023-12-07 00:00:00+09:00,2533.4429011932793,2540.8750769210187,2491.636912724743,2509.288330078125,19100,0.0,0.0
2023-12-08 00:00:00+09:00,2480.4889184152203,2516.720779021285,2478.630874281576,2495.353271484375,31000,0.0,0.0
2023-12-11 00:00:00+09:00,2488.8497287644127,2538.087890625,2488.8497287644127,2538.087890625,15300,0.0,0.0
2023-12-12 00:00:00+09:00,2538.0882170931477,2565.9588783350196,2536.2301730103563,2553.881591796875,14000,0.0,0.0
2023-12-13 00:00:00+09:00,2573.3907851590875,2582.681004600095,2535.3008854509567,2557.597412109375,15900,0.0,0.0
2023-12-14 00:00:00+09:00,2573.3908322304756,2575.248876152664,2536.2299537867143,2550.165283203125,20300,0.0,0.0
2023-12-15 00:00:00+09:00,2577.107016694285,2592.900390625,2558.526576775797,2592.900390625,34400,0.0,0.0
2023-12-18 00:00:00+09:00,2591.971451196915,2611.4809137328057,2535.30110764028,2608.69384765625,28300,0.0,0.0
2023-12-19 00:00:00+09:00,2643.9967742760145,2661.648193359375,2601.2617596531413,2661.648193359375,26200,0.0,0.0
2023-12-20 00:00:00+09:00,2638.4223600271835,2671.8671505064012,2631.919206322891,2648.6416015625,35200,0.0,0.0
2023-12-21 00:00:00+09:00,2633.7774423452524,2638.4225524728454,2601.2616714521014,2608.69384765625,13500,0.0,0.0
2023-12-22 00:00:00+09:00,2601.261736449983,2665.3642578125,2601.261736449983,2665.3642578125,14400,0.0,0.0
2023-12-25 00:00:00+09:00,2694.1639653550396,2694.1639653550396,2649.5709066181284,2661.648193359375,11300,0.0,0.0
2023-12-26 00:00:00+09:00,2679.2993565066427,2703.4539276818064,2664.435005014234,2692.3056640625,25200,0.0,0.0
2023-12-27 00:00:00+09:00,2701.5957963239107,2701.5957963239107,2629.1320851432833,2686.7314453125,34000,0.0,0.0
2023-12-28 00:00:00+09:00,2651.4286974583765,2696.021751935602,2651.4286974583765,2692.3056640625,14700,0.0,0.0
2023-12-29 00:00:00+09:00,2689.5186960186456,2701.5959820456724,2639.3515079063804,2667.22216796875,23500,0.0,0.0
2024-01-04 00:00:00+09:00,2671.8668950372407,2689.518310546875,2630.060910935476,2689.518310546875,13000,0.0,0.0
2024-01-05 00:00:00+09:00,2692.3056640625,2718.318279174215,2686.7315322528466,2692.3056640625,15400,0.0,0.0
2024-01-09 00:00:00+09:00,2692.3056806399495,2748.0469990797,2690.447636691958,2709.028076171875,15400,0.0,0.0
2024-01-10 00:00:00+09:00,2730.3952890544842,2750.8337702927283,2703.453654694981,2716.4599609375,30900,0.0,0.0
2024-01-11 00:00:00+09:00,2716.460472963934,2733.182869856325,2695.092965823657,2712.744384765625,32000,0.0,0.0
2024-01-12 00:00:00+09:00,2722.0344940954897,2735.96982427004,2653.286865234375,2653.286865234375,22900,0.0,0.0
2024-01-15 00:00:00+09:00,2648.6417045686144,2670.938232421875,2648.6417045686144,2670.938232421875,800,0.0,0.0
2024-01-16 00:00:00+09:00,2702.524511206567,2702.524511206567,2657.00244140625,2657.00244140625,19200,0.0,0.0
2024-01-17 00:00:00+09:00,2675.5832115753665,2712.7440895139134,2660.718860399948,2662.576904296875,19000,0.0,0.0
2024-01-18 00:00:00+09:00,2664.4348727101296,2699.7377057516164,2663.505850787985,2694.16357421875,12700,0.0,0.0
2024-01-19 00:00:00+09:00,2710.886060524501,2757.337158203125,2710.886060524501,2757.337158203125,27500,0.0,0.0
2024-01-22 00:00:00+09:00,2730.3956253245174,2758.2662849909807,2675.583327980473,2711.815185546875,36200,0.0,0.0
2024-01-23 00:00:00+09:00,2683.0154033540107,2688.5895350784303,2610.5516909365547,2611.480712890625,45100,0.0,0.0
2024-01-24 00:00:00+09:00,2599.40372659902,2599.40372659902,2568.745998586952,2583.6103515625,28500,0.0,0.0
2024-01-25 00:00:00+09:00,2570.6035593411552,2597.5451940433213,2547.3780121841155,2573.390625,31800,0.0,0.0
2024-01-26 00:00:00+09:00,2557.5972784745068,2575.2486944901316,2544.5909719366778,2559.455322265625,20300,0.0,0.0
2024-01-29 00:00:00+09:00,2569.675039896151,2592.9005915944167,2564.100907488567,2590.113525390625,15600,0.0,0.0
2024-01-30 00:00:00+09:00,2582.6809371028503,2602.190397419095,2555.7393014280365,2558.5263671875,21600,0.0,0.0
2024-01-31 00:00:00+09:00,2544.591367240574,2564.100830078125,2526.93994848279,2564.100830078125,18900,0.0,0.0
2024-02-01 00:00:00+09:00,2527.8688812973273,2570.603893623559,2527.8688812973273,2568.745849609375,15900,0.0,0.0
2024-02-02 00:00:00+09:00,2557.5976757989415,2581.752248835909,2549.2364774399907,2564.100830078125,19400,0.0,0.0
2024-02-05 00:00:00+09:00,2565.029438021598,2595.6871603883897,2513.0042121870415,2532.513671875,29900,0.0,0.0
2024-02-06 00:00:00+09:00,2513.93325964387,2560.3843546114213,2513.004237744519,2518.578369140625,18600,0.0,0.0
2024-02-07 00:00:00+09:00,2512.075322939611,2544.5910908031046,2507.430213244826,2530.65576171875,14600,0.0,0.0
2024-02-08 00:00:00+09:00,2507.4303191257823,2555.739461991488,2474.9145498892494,2542.733154296875,27600,0.0,0.0
2024-02-09 00:00:00+09:00,2526.0105648756553,2550.1651344551947,2509.288170551359,2525.08154296875,21600,0.0,0.0
2024-02-13 00:00:00+09:00,2554.810570176171,2610.5518917072873,2540.8752397933918,2608.69384765625,40400,0.0,0.0
2024-02-14 00:00:00+09:00,2608.6937373318337,2617.9839571941266,2542.7331763095544,2606.835693359375,39500,0.0,0.0
2024-02-15 00:00:00+09:00,2636.5644244334467,2656.073886347859,2572.461906714663,2592.900390625,21900,0.0,0.0
2024-02-16 00:00:00+09:00,2624.487319715502,2653.2870035778665,2605.906878513976,2641.209716796875,24400,0.0,0.0
2024-02-19 00:00:00+09:00,2658.86081025607,2683.015380859375,2627.274064082518,2683.015380859375,23100,0.0,0.0
2024-02-20 00:00:00+09:00,2636.5643326264085,2636.5643326264085,2579.8939928483214,2597.54541015625,36000,0.0,0.0
2024-02-21 00:00:00+09:00,2588.2549852691673,2617.0546638561536,2517.6493216365557,2532.513671875,24800,0.0,0.0
2024-02-22 00:00:00+09:00,2570.6039211647726,2570.6039211647726,2531.5849964488634,2554.810546875,16400,0.0,0.0
2024-02-26 00:00:00+09:00,2564.100463058775,2564.100463058775,2519.507411527318,2525.08154296875,24600,0.0,0.0
2024-02-27 00:00:00+09:00,2525.0816128005476,2567.8166217000417,2504.643130283398,2513.933349609375,27900,0.0,0.0
2024-02-28 00:00:00+09:00,2507.4304078520013,2517.649649973666,2476.7726814870084,2480.48876953125,24300,0.0,0.0
2024-02-29 00:00:00+09:00,2479.559908468846,2512.075680966564,2417.3154296875,2417.3154296875,77400,0.0,0.0
2024-03-01 00:00:00+09:00,2457.263049855969,2470.269357114186,2441.4696767567057,2459.12109375,23900,0.0,0.0
2024-03-04 00:00:00+09:00,2469.3404366495784,2469.3404366495784,2415.4571615082405,2423.818359375,37200,0.0,0.0
2024-03-05 00:00:00+09:00,2423.818572339067,2495.353271484375,2411.741285470379,2495.353271484375,28700,0.0,0.0
2024-03-06 00:00:00+09:00,2490.707786927706,2510.217247399725,2471.1983264556875,2486.99169921875,26200,0.0,0.0
2024-03-07 00:00:00+09:00,2508.359189124268,2550.1651756096726,2502.7850575928805,2538.087890625,29400,0.0,0.0
2024-03-08 00:00:00+09:00,2492.566248362106,2532.514197925867,2485.134071699081,2498.140380859375,31000,0.0,0.0
2024-03-11 00:00:00+09:00,2464.695457800111,2515.7916697032415,2464.695457800111,2489.779052734375,40100,0.0,0.0
2024-03-12 00:00:00+09:00,2473.05626785313,2473.05626785313,2397.8054948643608,2454.475830078125,24100,0.0,0.0
2024-03-13 00:00:00+09:00,2478.6307451003822,2478.6307451003822,2416.386269867352,2429.392578125,20000,0.0,0.0
2024-03-14 00:00:00+09:00,2430.321580933989,2483.2758355644314,2427.5345149008076,2480.48876953125,27300,0.0,0.0
2024-03-15 00:00:00+09:00,2485.133689714454,2522.2945673176605,2473.9854264334917,2520.4365234375,38500,0.0,0.0
2024-03-18 00:00:00+09:00,2554.810197232667,2554.810197232667,2519.507365416361,2532.513671875,33900,0.0,0.0
2024-03-19 00:00:00+09:00,2526.939747431507,2580.82302145762,2526.0107254655395,2577.10693359375,39500,0.0,0.0
2024-03-21 00:00:00+09:00,2610.5516422324517,2610.5516422324517,2546.4491285975623,2551.09423828125,59000,0.0,0.0
2024-03-22 00:00:00+09:00,2563.1718080382416,2575.2490945567256,2537.159190921507,2564.100830078125,40800,0.0,0.0
2024-03-25 00:00:00+09:00,2584.5392514204545,2584.5392514204545,2544.5913046875,2554.810546875,61700,0.0,0.0
2024-03-26 00:00:00+09:00,2534.3721289275645,2559.4557240452496,2534.3721289275645,2553.881591796875,34200,0.0,0.0
2024-03-27 00:00:00+09:00,2553.8813844445635,2617.054878130351,2553.8813844445635,2577.10693359375,108400,0.0,0.0
2024-03-28 00:00:00+09:00,2547.616360681995,2570.447873996546,2521.930908203125,2521.930908203125,40300,65.0,0.0
2024-03-29 00:00:00+09:00,2520.9795454211703,2534.2979279252822,2496.2454064849626,2530.49267578125,8800,0.0,0.0
2024-04-01 00:00:00+09:00,2535.249311594311,2535.249311594311,2483.8784062186664,2490.53759765625,12300,0.0,0.0
2024-04-02 00:00:00+09:00,2482.92688108411,2548.5674767909313,2470.5598123277523,2513.368896484375,27300,0.0,0.0
2024-04-03 00:00:00+09:00,2473.4137845466903,2503.855800356496,2473.4137845466903,2493.391357421875,14700,0.0,0.0
2024-04-04 00:00:00+09:00,2485.781079761402,2490.537645164696,2459.1443135029563,2463.90087890625,21400,0.0,0.0
2024-04-05 00:00:00+09:00,2441.069129884336,2459.144076676153,2424.896809070605,2439.16650390625,15600,0.0,0.0
2024-04-08 00:00:00+09:00,2431.5561640287856,2448.679798986735,2402.0654593789845,2424.89697265625,21500,0.0,0.0
2024-04-09 00:00:00+09:00,2445.8258865344496,2445.8258865344496,2416.3351815626224,2429.653564453125,14400,0.0,0.0
2024-04-10 00:00:00+09:00,2425.848362291257,2437.264119290275,2415.3839183754912,2421.091796875,9400,0.0,0.0
2024-04-11 00:00:00+09:00,2395.406170109807,2442.0205078125,2381.136474894697,2442.0205078125,15100,0.0,0.0
2024-04-12 00:00:00+09:00,2447.72861633898,2459.1443735858,2410.6274052868152,2430.60498046875,20600,0.0,0.0
2024-04-15 00:00:00+09:00,2430.6048327045273,2430.6048327045273,2388.7470586775216,2395.40625,14800,0.0,0.0
2024-04-16 00:00:00+09:00,2378.2826320775043,2378.2826320775043,2331.668292488785,2345.93798828125,34500,0.0,0.0
2024-04-17 00:00:00+09:00,2344.0353557454696,2344.0353557454696,2303.12889458595,2309.7880859375,15100,0.0,0.0
2024-04-18 00:00:00+09:00,2309.788243268155,2338.32763671875,2309.788243268155,2338.32763671875,11800,0.0,0.0
2024-04-19 00:00:00+09:00,2332.619766304911,2332.619766304911,2267.9304742540407,2295.5185546875,24100,0.0,0.0
2024-04-22 00:00:00+09:00,2306.933751599542,2325.960009344693,2283.1509294181037,2317.398193359375,33000,0.0,0.0
2024-04-23 00:00:00+09:00,2329.7658269497256,2329.7658269497256,2294.567241569105,2295.5185546875,13800,0.0,0.0
2024-04-24 00:00:00+09:00,2299.3237472234987,2340.2302102481617,2286.0053639131434,2328.814453125,21000,0.0,0.0
2024-04-25 00:00:00+09:00,2327.862831012749,2340.229899587807,2322.1549532088766,2325.960205078125,12900,0.0,0.0
2024-04-26 00:00:00+09:00,2323.106469814068,2388.7470703125,2293.615765242309,2388.7470703125,63600,0.0,0.0
2024-04-30 00:00:00+09:00,2388.7471259650283,2459.1442933570684,2381.136621382105,2416.335205078125,33300,0.0,0.0
2024-05-01 00:00:00+09:00,2411.578331128979,2413.48095703125,2388.746820301722,2413.48095703125,5900,0.0,0.0
2024-05-02 00:00:00+09:00,2406.8221528712083,2438.2154852999633,2402.0655873517003,2430.60498046875,7900,0.0,0.0
2024-05-07 00:00:00+09:00,2441.0692214609862,2454.3876038072267,2421.091647941625,2446.777099609375,11000,0.0,0.0
2024-05-08 00:00:00+09:00,2433.458656841673,2568.5451029994206,2404.919266808346,2461.998046875,63200,0.0,0.0
2024-05-09 00:00:00+09:00,2513.3692935869344,2656.066263321242,2513.3692935869344,2638.942626953125,74600,0.0,0.0
2024-05-10 00:00:00+09:00,2638.942517089844,2777.834228515625,2638.942517089844,2777.834228515625,55300,0.0,0.0
2024-05-13 00:00:00+09:00,2767.3698061555574,2767.3698061555574,2696.0213237005323,2746.44091796875,29400,0.0,0.0
2024-05-14 00:00:00+09:00,2746.440473409081,2746.440473409081,2696.0208873021597,2719.8037109375,27600,0.0,0.0
2024-05-15 00:00:00+09:00,2739.7814320709745,2761.6616310076524,2674.1408352609405,2694.118408203125,31900,0.0,0.0
2024-05-16 00:00:00+09:00,2702.6802902302416,2704.58291627053,2664.6277694244654,2696.972412109375,14600,0.0,0.0
2024-05-17 00:00:00+09:00,2697.92401146432,2732.171283824234,2675.0924965577105,2731.219970703125,26300,0.0,0.0
2024-05-20 00:00:00+09:00,2731.219730026087,2766.418312405385,2729.31710395153,2749.294677734375,34900,0.0,0.0
2024-05-21 00:00:00+09:00,2769.272066353922,2796.8601425903576,2719.803791723072,2734.073486328125,23000,0.0,0.0
2024-05-22 00:00:00+09:00,2734.0736955553757,2754.05126953125,2654.163399651878,2754.05126953125,60700,0.0,0.0
2024-05-23 00:00:00+09:00,2754.051253128181,2816.837913821259,2725.511861904055,2803.51953125,28700,0.0,0.0
2024-05-24 00:00:00+09:00,2803.51973737785,2972.8534710912054,2802.568424267101,2920.53125,81900,0.0,0.0
2024-05-27 00:00:00+09:00,2920.531176643193,3039.4453125,2915.7746112089203,3039.4453125,70800,0.0,0.0
2024-05-28 00:00:00+09:00,3044.2017180094786,3101.280500222156,2977.6098054280214,3010.90576171875,83700,0.0,0.0
2024-05-29 00:00:00+09:00,3010.905600515849,3025.1752953050236,2953.8268213591505,2982.3662109375,36500,0.0,0.0
2024-05-30 00:00:00+09:00,2949.0704453125,2982.3664019531248,2896.7482277343747,2972.853271484375,35800,0.0,0.0
2024-05-31 00:00:00+09:00,2996.6361396257266,3067.984619140625,2958.583617217781,3067.984619140625,138300,0.0,0.0
2024-06-03 00:00:00+09:00,3087.0107120879707,3125.063232421875,3053.7147567958045,3125.063232421875,54100,0.0,0.0
2024-06-04 00:00:00+09:00,3110.7935136326314,3134.576338660404,3053.7147335659774,3077.49755859375,54700,0.0,0.0
2024-06-05 00:00:00+09:00,3077.497776279509,3087.0109069635255,2987.123034781347,3072.7412109375,37600,0.0,0.0
2024-06-06 00:00:00+09:00,3072.7410999303956,3110.793621291763,3039.4451437391995,3096.52392578125,31200,0.0,0.0
2024-06-07 00:00:00+09:00,3096.5238127055923,3182.1419826421525,3096.5238127055923,3163.11572265625,42500,0.0,0.0
2024-06-10 00:00:00+09:00,3163.115974195076,3301.0563700622297,3139.3331473214284,3296.2998046875,65600,0.0,0.0
2024-06-11 00:00:00+09:00,3301.0562799313648,3377.161323849091,3296.299714686507,3367.648193359375,79600,0.0,0.0
2024-06-12 00:00:00+09:00,3372.4046870735533,3424.726903657205,3248.7339933303765,3267.76025390625,54200,0.0,0.0
2024-06-13 00:00:00+09:00,3291.5433702878763,3329.5958947998747,3272.517108031877,3320.082763671875,35200,0.0,0.0
2024-06-14 00:00:00+09:00,3320.0823735157323,3467.535888671875,3310.5692435056585,3467.535888671875,76900,0.0,0.0
2024-06-17 00:00:00+09:00,3462.7794878830923,3486.5623140361354,3419.9704008076146,3453.266357421875,45700,0.0,0.0
2024-06-18 00:00:00+09:00,3472.2926618303572,3505.5886188616073,3239.2209626116073,3329.595703125,89000,0.0,0.0
2024-06-19 00:00:00+09:00,3358.135115674516,3458.022987387214,3358.135115674516,3377.161376953125,61300,0.0,0.0
2024-06-20 00:00:00+09:00,3372.404705274544,3377.1612704441836,3243.9774456942723,3358.135009765625,70800,0.0,0.0
2024-06-21 00:00:00+09:00,3358.134790857411,3429.483263750982,3329.5954016999826,3405.700439453125,356500,0.0,0.0
2024-06-24 00:00:00+09:00,3505.588329192817,3510.344894089958,3386.674206764296,3410.45703125,174300,0.0,0.0
2024-06-25 00:00:00+09:00,3405.7008221229808,3424.727083699087,3343.865472000636,3386.674560546875,36200,0.0,0.0
2024-06-26 00:00:00+09:00,3391.4311070835797,3543.641198846097,3339.108888040215,3515.101806640625,66900,0.0,0.0
2024-06-27 00:00:00+09:00,3534.128041502583,3572.1805641567157,3486.562388184917,3510.34521484375,48000,0.0,0.0
2024-06-28 00:00:00+09:00,3481.805808034162,3491.318938657206,3405.7007630498088,3419.970458984375,22500,0.0,0.0
2024-07-01 00:00:00+09:00,3462.7791319673483,3643.528592152457,3434.239743517068,3605.47607421875,69100,0.0,0.0
2024-07-02 00:00:00+09:00,3591.206680480713,3600.719810760132,3534.1278988041986,3572.180419921875,44400,0.0,0.0
2024-07-03 00:00:00+09:00,3572.1805315196675,3586.450227384593,3519.8583133482744,3548.397705078125,43500,0.0,0.0
2024-07-04 00:00:00+09:00,3548.3977975910566,3557.9109284156975,3462.7796201692886,3477.04931640625,36700,0.0,0.0
2024-07-05 00:00:00+09:00,3477.049183574918,3510.3451401891784,3415.2138355770057,3453.266357421875,33800,0.0,0.0
2024-07-08 00:00:00+09:00,3438.996704799107,3477.0492271205358,3310.569441964286,3329.595703125,32600,0.0,0.0
2024-07-09 00:00:00+09:00,3362.891707322433,3381.91796875,3253.490704113924,3381.91796875,44600,0.0,0.0
2024-07-10 00:00:00+09:00,3372.404682729436,3405.7006386943244,3291.543075386135,3310.5693359375,23300,0.0,0.0
2024-07-11 00:00:00+09:00,3296.299662560309,3367.6481401049045,3253.490576033552,3358.135009765625,49800,0.0,0.0
2024-07-12 00:00:00+09:00,3339.108688565833,3448.5096854846565,3339.108688565833,3434.239990234375,34400,0.0,0.0
2024-07-16 00:00:00+09:00,3467.5360531137007,3524.6148358810046,3434.2400964994404,3453.266357421875,40000,0.0,0.0
2024-07-17 00:00:00+09:00,3491.3187712355,3510.345031569209,3419.970294984094,3434.239990234375,25200,0.0,0.0
2024-07-18 00:00:00+09:00,3434.240133826252,3458.022960237791,3367.6482198739423,3372.40478515625,21300,0.0,0.0
2024-07-19 00:00:00+09:00,3391.4308780664874,3434.2399634838766,3367.6480528346046,3429.4833984375,30000,0.0,0.0
2024-07-22 00:00:00+09:00,3429.4836014817,3448.509862793665,3310.5694682819185,3334.352294921875,44300,0.0,0.0
2024-07-23 00:00:00+09:00,3339.1085618964594,3343.8651267994455,3277.273218157636,3324.8388671875,34600,0.0,0.0
2024-07-24 00:00:00+09:00,3296.2995637592517,3343.8652140299478,3205.9248282449284,3253.490478515625,25800,0.0,0.0
2024-07-25 00:00:00+09:00,3248.7339401802005,3362.891501767792,3248.7339401802005,3258.2470703125,60400,0.0,0.0
2024-07-26 00:00:00+09:00,3267.7601735968337,3329.595518948739,3239.220783434416,3253.490478515625,49500,0.0,0.0
2024-07-29 00:00:00+09:00,3320.082572544643,3367.6482254464286,3291.5431808035714,3329.595703125,33200,0.0,0.0
2024-07-30 00:00:00+09:00,3263.00341796875,3301.0559359625545,3248.733723721073,3263.00341796875,38000,0.0,0.0
2024-07-31 00:00:00+09:00,3243.9776889795553,3339.108999506815,3229.707992400466,3315.326171875,47600,0.0,0.0
2024-08-01 00:00:00+09:00,3258.2468532195244,3282.0296769656525,3210.6812057272687,3263.00341796875,52900,0.0,0.0
2024-08-02 00:00:00+09:00,3272.5166340162386,3305.812588141404,3106.0368633904127,3148.845947265625,86700,0.0,0.0
2024-08-05 00:00:00+09:00,3101.280364940933,3220.1944893635145,2901.5046359109956,2944.313720703125,59100,0.0,0.0
2024-08-06 00:00:00+09:00,3010.9056714201624,3182.142012922731,2987.1228462114723,3125.063232421875,98700,0.0,0.0
2024-08-07 00:00:00+09:00,3125.0630932725057,3310.5691216402797,3048.958055993419,3229.70751953125,46600,0.0,0.0
2024-08-08 00:00:00+09:00,3182.14208984375,3267.760262664658,3134.5764382765788,3182.14208984375,57300,0.0,0.0
2024-08-09 00:00:00+09:00,3248.734113322513,3443.753291428257,3177.385633527729,3377.161376953125,78600,0.0,0.0
2024-08-13 00:00:00+09:00,3377.1612206328687,3400.944046130283,3301.056179041142,3305.812744140625,47600,0.0,0.0
2024-08-14 00:00:00+09:00,3367.6484193118736,3386.6746815678725,3305.8130669798757,3320.082763671875,38800,0.0,0.0
2024-08-15 00:00:00+09:00,3320.0826110393027,3320.0826110393027,3215.4381734420754,3248.734130859375,45400,0.0,0.0
2024-08-16 00:00:00+09:00,3315.3261382840205,3381.918054978391,3291.543310893174,3353.378662109375,34800,0.0,0.0
2024-08-19 00:00:00+09:00,3353.3787226198738,3353.3787226198738,3224.951452391879,3320.082763671875,55800,0.0,0.0
2024-08-20 00:00:00+09:00,3367.6479513143777,3377.1610811203504,3291.542912866595,3324.8388671875,50100,0.0,0.0
2024-08-21 00:00:00+09:00,3282.029949338155,3339.108731065775,3239.2208630424398,3267.76025390625,44500,0.0,0.0
2024-08-22 00:00:00+09:00,3286.7865945567255,3310.5694208559785,3248.7340724779215,3282.030029296875,30500,0.0,0.0
2024-08-23 00:00:00+09:00,3282.029962713068,3515.1016557173293,3282.029962713068,3400.944091796875,102900,0.0,0.0
2024-08-26 00:00:00+09:00,3391.43111103337,3391.43111103337,3110.7937540193884,3120.306884765625,55500,0.0,0.0
2024-08-27 00:00:00+09:00,3125.063355210248,3258.2471816119028,3096.523963838465,3234.46435546875,45000,0.0,0.0
2024-08-28 00:00:00+09:00,3210.681608096747,3263.0038268953604,3191.6553467154326,3248.734130859375,28200,0.0,0.0
2024-08-29 00:00:00+09:00,3243.977294921875,3272.5166846132697,3210.6813402819143,3243.977294921875,20200,0.0,0.0
2024-08-30 00:00:00+09:00,3263.0037736038453,3291.54316520971,3239.220947265625,3239.220947265625,38200,0.0,0.0
2024-09-02 00:00:00+09:00,3258.2469897675724,3258.2469897675724,3196.411645436217,3243.977294921875,17700,0.0,0.0
2024-09-03 00:00:00+09:00,3243.977214021079,3263.0034733408506,3201.1681305515926,3229.70751953125,15900,0.0,0.0
2024-09-04 00:00:00+09:00,3172.629150390625,3267.760459247915,3172.629150390625,3172.629150390625,44800,0.0,0.0
2024-09-05 00:00:00+09:00,3139.3333473602343,3243.977792272242,3139.3333473602343,3201.168701171875,27800,0.0,0.0
2024-09-06 00:00:00+09:00,3210.681480784053,3210.681480784053,3144.089568590013,3182.14208984375,28000,0.0,0.0
2024-09-09 00:00:00+09:00,3129.819962341122,3172.6290499719275,3101.2805705872515,3110.793701171875,40300,0.0,0.0
2024-09-10 00:00:00+09:00,3125.0634027525434,3153.602794558503,3039.4452273346656,3067.984619140625,35000,0.0,0.0
2024-09-11 00:00:00+09:00,3067.984619140625,3120.30683745155,3025.175531431686,3067.984619140625,35400,0.0,0.0
2024-09-12 00:00:00+09:00,3106.0367572784426,3144.0892749786376,3034.6882865905764,3044.201416015625,42100,0.0,0.0
2024-09-13 00:00:00+09:00,3063.2278868792805,3125.063232421875,3058.4713218375427,3125.063232421875,46600,0.0,0.0
2024-09-17 00:00:00+09:00,3120.3067562305296,3120.3067562305296,2991.879496446651,3053.71484375,69500,0.0,0.0
2024-09-18 00:00:00+09:00,3091.767063140869,3101.2801925659182,3010.9054630279543,3044.201416015625,40300,0.0,0.0
2024-09-19 00:00:00+09:00,3082.2544655539773,3153.602948552912,3082.2544655539773,3139.333251953125,69500,0.0,0.0
2024-09-20 00:00:00+09:00,3158.3593484869907,3191.6553054740525,3096.5239997967333,3153.602783203125,120400,0.0,0.0
2024-09-24 00:00:00+09:00,3163.1158556582322,3205.9249424265395,3153.6027252652752,3186.898681640625,28600,0.0,0.0
2024-09-25 00:00:00+09:00,3191.6552468371037,3205.9249424265395,3120.3067688899255,3186.898681640625,43000,0.0,0.0
2024-09-26 00:00:00+09:00,3215.4380635106286,3286.786541251249,3205.924933145213,3272.516845703125,125800,0.0,0.0
2024-09-27 00:00:00+09:00,3267.718622873521,3277.3154470229288,3224.5329142011833,3243.7265625,48500,30.0,0.0
2024-09-30 00:00:00+09:00,3176.5484979885728,3291.7103770697295,3166.95167473181,3214.935791015625,27700,0.0,0.0
2024-10-01 00:00:00+09:00,3214.935791015625,3258.1214956710587,3195.7421445020987,3214.935791015625,15100,0.0,0.0
2024-10-02 00:00:00+09:00,3224.532842503693,3301.3074339918758,3224.532842503693,3248.52490234375,26300,0.0,0.0
2024-10-03 00:00:00+09:00,3310.9039360654037,3315.7023475669475,3229.3309405391547,3253.322998046875,19500,0.0,0.0
2024-10-04 00:00:00+09:00,3282.1137373522565,3382.8803871832465,3282.1137373522565,3349.29150390625,37500,0.0,0.0
2024-10-07 00:00:00+09:00,3358.8883833451705,3430.8645629882812,3358.8883833451705,3378.08203125,27800,0.0,0.0
2024-10-08 00:00:00+09:00,3310.90428610409,3344.4931701660153,3262.920166015625,3262.920166015625,14800,0.0,0.0
2024-10-09 00:00:00+09:00,3291.710464320232,3325.299346609214,3238.9279350089746,3258.12158203125,24300,0.0,0.0
2024-10-10 00:00:00+09:00,3243.726099296639,3262.919744854607,3133.3626373383213,3176.54833984375,22100,0.0,0.0
2024-10-11 00:00:00+09:00,3171.7504062769603,3181.3472305017012,3118.9678730408837,3128.564697265625,31100,0.0,0.0
2024-10-15 00:00:00+09:00,3128.5646357701735,3210.1376400770646,3094.9757516438067,3181.34716796875,27000,0.0,0.0
2024-10-16 00:00:00+09:00,3133.3628500213395,3205.3390257492415,3128.564438306146,3162.1533203125,36200,0.0,0.0
2024-10-17 00:00:00+09:00,3166.951804117591,3181.347039590853,3138.1613331710673,3157.35498046875,23400,0.0,0.0
2024-10-18 00:00:00+09:00,3190.943732873717,3258.1214956710587,3190.943732873717,3214.935791015625,26200,0.0,0.0
2024-10-21 00:00:00+09:00,3205.339069954676,3205.339069954676,3133.3628932341367,3142.959716796875,31800,0.0,0.0
2024-10-22 00:00:00+09:00,3142.959933602737,3142.959933602737,3080.5805761419188,3128.564697265625,30500,0.0,0.0
2024-10-23 00:00:00+09:00,3118.967675936014,3128.564499554279,2999.007380707706,3027.7978515625,38800,0.0,0.0
2024-10-24 00:00:00+09:00,3003.805908203125,3022.999556178864,2984.6122602273863,3003.805908203125,22400,0.0,0.0
2024-10-25 00:00:00+09:00,3022.999499905494,3037.3947356193294,2951.0233213363153,2975.015380859375,27200,0.0,0.0
2024-10-28 00:00:00+09:00,2979.813919921875,3018.201216796875,2965.41868359375,2999.007568359375,18400,0.0,0.0
2024-10-29 00:00:00+09:00,2999.0075237231717,3027.7979959509144,2965.418639457472,3018.201171875,20400,0.0,0.0
2024-10-30 00:00:00+09:00,3018.20111622818,3042.1931759756217,2970.2169967332966,2989.41064453125,187900,0.0,0.0
2024-10-31 00:00:00+09:00,2979.813733471177,3056.588322417294,2970.216909852912,3027.7978515625,41900,0.0,0.0
2024-11-01 00:00:00+09:00,2999.007325423391,2999.007325423391,2917.434326171875,2917.434326171875,22100,0.0,0.0
2024-11-05 00:00:00+09:00,2984.6122046685987,3051.7899713331653,2922.232849908644,2975.015380859375,21200,0.0,0.0
2024-11-06 00:00:00+09:00,2888.643927132671,3018.2010467881228,2879.0471034544894,2912.635986328125,16900,0.0,0.0
2024-11-07 00:00:00+09:00,2941.4266489444676,2941.4266489444676,2883.845703125,2883.845703125,13600,0.0,0.0
2024-11-08 00:00:00+09:00,2907.8377543028237,2912.636166438637,2834.9018898384625,2835.861572265625,22400,0.0,0.0
2024-11-11 00:00:00+09:00,2835.8613845595164,2864.65185546875,2804.1918665593594,2864.65185546875,12900,0.0,0.0
2024-11-12 00:00:00+09:00,2870.4097905779126,2917.4342237903224,2822.4256750550458,2826.264404296875,17900,0.0,0.0
2024-11-13 00:00:00+09:00,2808.990243448361,2820.506431668853,2755.2480317527315,2788.8369140625,20200,0.0,0.0
2024-11-14 00:00:00+09:00,2788.837014029546,2841.6195452654806,2788.837014029546,2798.433837890625,16600,0.0,0.0
2024-11-15 00:00:00+09:00,2822.4257066767377,2858.8936348826933,2822.4257066767377,2833.94189453125,9100,0.0,0.0
2024-11-18 00:00:00+09:00,2833.9418281886888,2856.0145210597825,2812.8288176163383,2825.3046875,7200,0.0,0.0
2024-11-19 00:00:00+09:00,2854.095361891217,2917.434398167216,2854.095361891217,2912.635986328125,28600,0.0,0.0
2024-11-20 00:00:00+09:00,2903.0392512096983,2903.0392512096983,2848.337354575334,2874.248779296875,19300,0.0,0.0
2024-11-21 00:00:00+09:00,2883.8454929205886,2883.8454929205886,2800.3531275681457,2809.949951171875,14500,0.0,0.0
2024-11-22 00:00:00+09:00,2832.022442708333,2879.046875,2816.6675260416664,2879.046875,9400,0.0,0.0
2024-11-25 00:00:00+09:00,2912.6361484081053,2922.232972620323,2860.813297662129,2869.450439453125,18900,0.0,0.0
2024-11-26 00:00:00+09:00,2859.8534876291105,2869.4503114131007,2807.0709568171637,2845.458251953125,7400,0.0,0.0
2024-11-27 00:00:00+09:00,2845.4581985056725,2845.4581985056725,2795.5547157662813,2809.949951171875,11700,0.0,0.0
2024-11-28 00:00:00+09:00,2788.837082649402,2868.49072265625,2788.837082649402,2868.49072265625,19900,0.0,0.0
2024-11-29 00:00:00+09:00,2868.4906916165664,2883.845610005949,2836.821172438464,2860.813232421875,14600,0.0,0.0
2024-12-02 00:00:00+09:00,2858.893898638557,2955.82182202308,2858.893898638557,2936.628173828125,18000,0.0,0.0
2024-12-03 00:00:00+09:00,2931.829503862076,3195.742143325929,2931.829503862076,2970.216796875,53200,0.0,0.0
2024-12-04 00:00:00+09:00,2931.829877235982,2994.2092363261095,2789.796875,2789.796875,38900,0.0,0.0
2024-12-05 00:00:00+09:00,2793.6354227082356,2856.014777732638,2793.6354227082356,2805.151611328125,19100,0.0,0.0
2024-12-06 00:00:00+09:00,2805.151441830288,2824.3450883703517,2774.4416073661864,2793.63525390625,6100,0.0,0.0
2024-12-09 00:00:00+09:00,2877.1277234006006,2975.0153243968853,2877.1277234006006,2946.224853515625,54800,0.0,0.0
2024-12-10 00:00:00+09:00,3032.5960886521207,3061.386557848185,2927.031034933218,2941.42626953125,66700,0.0,0.0
2024-12-11 00:00:00+09:00,2941.4265505217486,2941.4265505217486,2865.6116410629497,2867.531005859375,12700,0.0,0.0
2024-12-12 00:00:00+09:00,2903.039147193735,2975.0153243968853,2879.047088126018,2946.224853515625,13400,0.0,0.0
2024-12-13 00:00:00+09:00,2922.2326234005404,2970.2167387273144,2922.2326234005404,2941.42626953125,14200,0.0,0.0
2024-12-16 00:00:00+09:00,2927.0312059371868,2965.418500441281,2871.36962890625,2871.36962890625,12900,0.0,0.0
2024-12-17 00:00:00+09:00,2871.3695944604647,2898.240700290977,2855.0549944919394,2870.409912109375,11500,0.0,0.0
2024-12-18 00:00:00+09:00,2875.2083030299136,2927.03114961323,2859.8533855237456,2917.434326171875,15600,0.0,0.0
2024-12-19 00:00:00+09:00,2898.240940361266,3022.9996563370823,2888.644116055434,3013.40283203125,22500,0.0,0.0
2024-12-20 00:00:00+09:00,2994.2090902093596,2994.2090902093596,2912.6360861491685,2922.23291015625,25700,0.0,0.0
2024-12-23 00:00:00+09:00,2955.8216617602657,2994.2089560688405,2927.031191028834,2979.813720703125,13000,0.0,0.0
2024-12-24 00:00:00+09:00,2999.007367857412,3008.604191434556,2955.8216617602657,2979.813720703125,7200,0.0,0.0
2024-12-25 00:00:00+09:00,2970.2171133096936,2970.2171133096936,2917.4345797936894,2965.418701171875,15900,0.0,0.0
2024-12-26 00:00:00+09:00,2970.216897125981,2999.007367857412,2922.2327792402625,2979.813720703125,30900,0.0,0.0
2024-12-27 00:00:00+09:00,3013.40283203125,3032.5964806429142,2989.41077126667,3013.40283203125,24500,0.0,0.0
2024-12-30 00:00:00+09:00,3013.4026476397894,3027.7978832176864,2960.6201171875,2960.6201171875,5000,0.0,0.0
2025-01-06 00:00:00+09:00,2994.2092107305466,2994.2092107305466,2888.644142403508,2898.240966796875,24100,0.0,0.0
2025-01-07 00:00:00+09:00,2898.240867031769,2898.240867031769,2870.4100772490137,2888.64404296875,10600,0.0,0.0
2025-01-08 00:00:00+09:00,2888.644118865702,2898.2409431808705,2868.4907878038484,2877.1279296875,13700,0.0,0.0
2025-01-09 00:00:00+09:00,2877.127923876604,2879.0472887357614,2812.829201094839,2822.426025390625,19200,0.0,0.0
2025-01-10 00:00:00+09:00,2822.425732421875,2830.103191061581,2745.651146024816,2773.48193359375,13700,0.0,0.0
2025-01-14 00:00:00+09:00,2762.9258353278947,2762.9258353278947,2668.876953125,2668.876953125,21700,0.0,0.0
2025-01-15 00:00:00+09:00,2697.667273764153,2780.199961613216,2697.667273764153,2760.046630859375,14700,0.0,0.0
2025-01-16 00:00:00+09:00,2783.0787540181655,2827.2241411508676,2780.19970703125,2780.19970703125,13600,0.0,0.0
2025-01-17 00:00:00+09:00,2789.79659039223,2829.1435667273113,2744.6915199593323,2802.2724609375,14500,0.0,0.0
2025-01-20 00:00:00+09:00,2807.0709842963506,2876.1681162174914,2800.3532075817952,2859.853515625,21200,0.0,0.0
2025-01-21 00:00:00+09:00,2845.4581739819405,2893.442291587032,2845.4581739819405,2863.692138671875,5800,0.0,0.0
2025-01-22 00:00:00+09:00,2888.643827479339,2903.0390625,2869.450180785124,2903.0390625,5400,0.0,0.0
2025-01-23 00:00:00+09:00,2903.038983540021,2903.038983540021,2794.5948826672866,2839.699951171875,18200,0.0,0.0
2025-01-24 00:00:00+09:00,2839.700157682731,2874.248723305096,2835.861428169135,2845.458251953125,6100,0.0,0.0
2025-01-27 00:00:00+09:00,2864.651640625,2912.635755208333,2832.982125,2879.046875,9800,0.0,0.0
2025-01-28 00:00:00+09:00,2856.9744089946716,2946.2248692017606,2856.9744089946716,2912.635986328125,12300,0.0,0.0
2025-01-29 00:00:00+09:00,2927.0313221597908,2946.224970173953,2922.23291015625,2922.23291015625,8000,0.0,0.0
2025-01-30 00:00:00+09:00,2922.2326234005404,2941.42626953125,2903.038977269831,2941.42626953125,10700,0.0,0.0
2025-01-31 00:00:00+09:00,2941.426485655738,2955.8217213114754,2927.03125,2927.03125,7300,0.0,0.0
2025-02-03 00:00:00+09:00,2927.031410214691,2931.829822362584,2814.748565953996,2822.426025390625,28000,0.0,0.0
2025-02-04 00:00:00+09:00,2867.5307362343424,2907.837393169363,2755.24790620107,2758.126953125,21100,0.0,0.0
2025-02-05 00:00:00+09:00,2763.8853878415775,2831.063157684949,2763.8853878415775,2774.44189453125,17800,0.0,0.0
2025-02-06 00:00:00+09:00,2803.2320133716535,2818.5869302542096,2748.5301219775474,2778.2802734375,11300,0.0,0.0
2025-02-07 00:00:00+09:00,2772.522329300549,2800.3531176528213,2736.0543997355016,2755.248046875,17500,0.0,0.0
2025-02-10 00:00:00+09:00,2777.320733983958,2777.320733983958,2691.909004431583,2693.828369140625,12700,0.0,0.0
2025-02-12 00:00:00+09:00,2729.3364656233443,2783.0786745104424,2706.3040903860165,2716.860595703125,12800,0.0,0.0
2025-02-13 00:00:00+09:00,2711.102551176348,2781.1593604633827,2711.102551176348,2765.804443359375,8900,0.0,0.0
2025-02-14 00:00:00+09:00,2781.159470513323,2790.756294083072,2737.9737644494517,2755.248046875,8000,0.0,0.0
2025-02-17 00:00:00+09:00,2755.2482837379494,2774.4419325274857,2737.9739998273667,2768.683837890625,9100,0.0,0.0
2025-02-18 00:00:00+09:00,2784.0384620595933,2809.949885181141,2764.8448153028917,2801.312744140625,8000,0.0,0.0
2025-02-19 00:00:00+09:00,2813.788937265967,2856.9746474218223,2813.788937265967,2851.216552734375,16700,0.0,0.0
2025-02-20 00:00:00+09:00,2838.7406243890123,2879.0472863985924,2736.0546045074625,2761.00634765625,26800,0.0,0.0
2025-02-21 00:00:00+09:00,2761.00596815643,2801.3126246258666,2710.142806421188,2750.449462890625,29500,0.0,0.0
2025-02-25 00:00:00+09:00,2750.449725034728,2786.9176557923415,2707.264017558607,2784.998291015625,24900,0.0,0.0
2025-02-26 00:00:00+09:00,2757.1674146598943,2780.199791252946,2711.102661473791,2748.5302734375,10800,0.0,0.0
2025-02-27 00:00:00+09:00,2762.9253592451523,2791.7158284279776,2759.0866300207754,2771.5625,15900,0.0,0.0
2025-02-28 00:00:00+09:00,2771.5624734222347,2797.4738954383015,2737.013910734146,2750.449462890625,25100,0.0,0.0
2025-03-03 00:00:00+09:00,2798.43373872895,2875.2083268970973,2798.43373872895,2863.692138671875,18800,0.0,0.0
2025-03-04 00:00:00+09:00,2864.652107005086,2883.8457559632434,2836.8213160157566,2851.216552734375,19100,0.0,0.0
2025-03-05 00:00:00+09:00,2851.216342213115,2941.426485655738,2833.9420594262297,2927.03125,14700,0.0,0.0
2025-03-06 00:00:00+09:00,2955.8216042820413,3032.59619140625,2951.0231925867784,3032.59619140625,15500,0.0,0.0
2025-03-07 00:00:00+09:00,2989.410699647258,3046.9916441027426,2975.0154635333865,3018.201171875,17800,0.0,0.0
2025-03-10 00:00:00+09:00,3022.99962890625,3046.9916894531248,2999.007568359375,2999.007568359375,9900,0.0,0.0
2025-03-11 00:00:00+09:00,2955.8217660633254,2955.8217660633254,2866.571303646478,2907.837646484375,12800,0.0,0.0
2025-03-12 00:00:00+09:00,2907.837362627093,3027.7976498641847,2898.240539648126,3008.60400390625,18700,0.0,0.0
2025-03-13 00:00:00+09:00,3008.6043201970597,3032.5963801667335,2965.4186122516476,3003.805908203125,13200,0.0,0.0
2025-03-14 00:00:00+09:00,2989.410612336882,3066.185202701874,2989.410612336882,3056.58837890625,14200,0.0,0.0
2025-03-17 00:00:00+09:00,3070.9835986024846,3104.572481712199,3051.789951111219,3090.17724609375,16500,0.0,0.0
2025-03-18 00:00:00+09:00,3114.1690566748903,3147.7579371012757,2999.0071809272827,3008.60400390625,33900,0.0,0.0
2025-03-19 00:00:00+09:00,3003.805792516838,3032.596263371632,2984.612145280309,3027.7978515625,13500,0.0,0.0
2025-03-21 00:00:00+09:00,2999.0074684302267,2999.0074684302267,2931.8297011373897,2989.41064453125,27800,0.0,0.0
2025-03-24 00:00:00+09:00,3003.8057663538257,3003.8057663538257,2912.6359427743964,2931.82958984375,20300,0.0,0.0
2025-03-25 00:00:00+09:00,2946.224881609603,3003.8058239211914,2931.829646031706,2960.6201171875,24500,0.0,0.0
2025-03-26 00:00:00+09:00,3018.200956320461,3061.3866615778284,2965.4184276725673,3032.59619140625,35400,0.0,0.0
2025-03-27 00:00:00+09:00,3013.4027429736634,3070.9836871069183,2994.209094929245,3051.7900390625,49400,0.0,0.0
2025-03-28 00:00:00+09:00,3051.789904364224,3051.789904364224,2964.1787109375,2964.1787109375,27400,45.0,0.0
2025-03-31 00:00:00+09:00,2896.03673742355,2898.9571106041453,2815.23974609375,2815.23974609375,17900,0.0,0.0
2025-04-01 00:00:00+09:00,2848.3370662118273,2851.257439143692,2771.433912339396,2777.274658203125,15800,0.0,0.0
2025-04-02 00:00:00+09:00,2777.274905213946,2777.274905213946,2732.495849609375,2732.495849609375,12700,0.0,0.0
2025-04-03 00:00:00+09:00,2668.2475956063226,2714.0001081905975,2639.0438641695514,2671.16796875,21900,0.0,0.0
2025-04-04 00:00:00+09:00,2622.4952325073805,2625.4156058175226,2475.5031092302406,2534.884033203125,34300,0.0,0.0
2025-04-07 00:00:00+09:00,2340.1921294514573,2420.0156546656917,2312.93531596367,2371.3427734375,26600,0.0,0.0
2025-04-08 00:00:00+09:00,2457.9806847132795,2583.556727615463,2456.033769319447,2513.4677734375,24100,0.0,0.0
2025-04-09 00:00:00+09:00,2464.794810400565,2525.149185694733,2392.7589431139763,2456.03369140625,31400,0.0,0.0
2025-04-10 00:00:00+09:00,2650.7252984373586,2685.769775390625,2567.007936826777,2685.769775390625,16700,0.0,0.0
2025-04-11 00:00:00+09:00,2588.423892486878,2647.804809162959,2511.5207381031005,2625.415283203125,14500,0.0,0.0
2025-04-14 00:00:00+09:00,2664.353541776527,2685.769609704581,2640.017100949193,2653.6455078125,10600,0.0,0.0
2025-04-15 00:00:00+09:00,2689.6636315402425,2750.0180090847575,2689.6636315402425,2719.8408203125,12000,0.0,0.0
2025-04-16 00:00:00+09:00,2725.6813536066306,2744.1770485061043,2711.0794892123095,2715.94677734375,11600,0.0,0.0
2025-04-17 00:00:00+09:00,2716.920330793256,2772.407417448654,2716.920330793256,2749.04443359375,14200,0.0,0.0
2025-04-18 00:00:00+09:00,2776.30121326092,2888.2488428278925,2770.4604673704694,2880.461181640625,17300,0.0,0.0
2025-04-21 00:00:00+09:00,2849.3104873572925,2896.036453668584,2819.13330078125,2819.13330078125,23300,0.0,0.0
2025-04-22 00:00:00+09:00,2841.523114555553,2916.4793597836374,2823.027417681091,2828.8681640625,14300,0.0,0.0
2025-04-23 00:00:00+09:00,2877.5408032425053,2916.479109105056,2836.6555820868266,2873.64697265625,14900,0.0,0.0
2025-04-24 00:00:00+09:00,2863.9125244985403,2866.832897569069,2783.115536213911,2813.292724609375,9700,0.0,0.0
2025-04-25 00:00:00+09:00,2828.868042457943,2836.655703965054,2773.3809542197796,2806.478515625,17300,0.0,0.0
2025-04-28 00:00:00+09:00,2770.460649309019,2854.1780125699383,2770.460649309019,2805.505126953125,39900,0.0,0.0
2025-04-30 00:00:00+09:00,2796.7439126861227,2796.7439126861227,2725.681502095769,2772.407470703125,22600,0.0,0.0
2025-05-01 00:00:00+09:00,2745.150671866698,2790.9031830644763,2727.6284335356336,2748.071044921875,12900,0.0,0.0
2025-05-02 00:00:00+09:00,2746.1240224697353,2758.778971882038,2696.4776824676237,2701.344970703125,22200,0.0,0.0
2025-05-07 00:00:00+09:00,2692.583794312836,2753.9116247689853,2686.7430485551076,2715.94677734375,22200,0.0,0.0
2025-05-08 00:00:00+09:00,2745.150624150815,2834.708729619565,2705.238859757133,2776.30126953125,46900,0.0,0.0
2025-05-09 00:00:00+09:00,2776.301238235484,2850.284020180048,2771.4339499496577,2824.97412109375,13300,0.0,0.0
2025-05-12 00:00:00+09:00,2845.4167692261362,2930.1075865106636,2803.558089418841,2872.673583984375,67500,0.0,0.0
2025-05-13 00:00:00+09:00,2872.6734761689145,2913.558696771793,2807.4518147309896,2825.947509765625,12000,0.0,0.0
2025-05-14 00:00:00+09:00,2825.947572129053,2825.947572129053,2709.13265354294,2728.601806640625,21200,0.0,0.0
2025-05-15 00:00:00+09:00,2717.8937616249104,2750.0178641082994,2673.114709678368,2714.973388671875,25000,0.0,0.0
2025-05-16 00:00:00+09:00,2738.3365268109533,2766.566800283231,2713.026626456497,2733.46923828125,13700,0.0,0.0
2025-05-19 00:00:00+09:00,2687.7166640519235,2720.814225289796,2650.725272080184,2696.477783203125,25500,0.0,0.0
2025-05-20 00:00:00+09:00,2672.141293658513,2681.8758703202925,2614.707291354013,2635.14990234375,37900,0.0,0.0
2025-05-21 00:00:00+09:00,2640.0171369793607,2667.273951077968,2611.786865234375,2611.786865234375,18600,0.0,0.0
2025-05-22 00:00:00+09:00,2579.6628580729166,2607.893130859375,2554.3529583333334,2555.326416015625,30100,0.0,0.0
2025-05-23 00:00:00+09:00,2559.2204546948014,2653.6458575496495,2556.300081410631,2603.99951171875,25100,0.0,0.0
2025-05-26 00:00:00+09:00,2602.052600834994,2636.123622544393,2595.2383964931137,2610.813720703125,20100,0.0,0.0
2025-05-27 00:00:00+09:00,2633.2030456452276,2651.6987417144546,2610.813518824584,2620.548095703125,13400,0.0,0.0
2025-05-28 00:00:00+09:00,2637.096930686008,2643.9111346412687,2598.1586223702307,2599.132080078125,15200,0.0,0.0
2025-05-29 00:00:00+09:00,2625.4156010465804,2654.6193340949294,2609.8402767541274,2631.25634765625,19700,0.0,0.0
2025-05-30 00:00:00+09:00,2609.8401278522615,2664.353759765625,2598.158635299398,2664.353759765625,22000,0.0,0.0
2025-06-02 00:00:00+09:00,2644.884447098482,2661.433227223868,2615.6807174654473,2639.043701171875,27300,0.0,0.0
2025-06-03 00:00:00+09:00,2640.9906913960126,2648.778352852396,2595.2381803397607,2600.10546875,23300,0.0,0.0
2025-06-04 00:00:00+09:00,2602.0523156172394,2686.7431317259934,2602.0523156172394,2645.85791015625,23500,0.0,0.0
2025-06-05 00:00:00+09:00,2628.3357841494544,2631.256157242954,2594.2647647252948,2609.840087890625,25700,0.0,0.0
2025-06-06 00:00:00+09:00,2623.4684635780377,2637.0968711810406,2603.0258521735336,2613.73388671875,15800,0.0,0.0
2025-06-09 00:00:00+09:00,2611.7869981695844,2634.1765251758834,2593.2913019469897,2603.02587890625,20400,0.0,0.0
2025-06-10 00:00:00+09:00,2604.9727094184027,2649.751761971933,2604.9727094184027,2628.335693359375,17700,0.0,0.0
2025-06-11 00:00:00+09:00,2628.3356093520724,2690.6368978700475,2621.521405920419,2653.6455078125,26600,0.0,0.0
2025-06-12 00:00:00+09:00,2677.0086625043086,2680.902493286133,2627.3623200360466,2647.804931640625,21100,0.0,0.0
2025-06-13 00:00:00+09:00,2632.2295879573735,2637.096876396644,2597.1851111946276,2620.548095703125,34400,0.0,0.0
2025-06-16 00:00:00+09:00,2630.282661426785,2651.69873046875,2613.7338808034488,2651.69873046875,28900,0.0,0.0
2025-06-17 00:00:00+09:00,2640.0171064592478,2663.38008970225,2639.043648824123,2660.459716796875,25300,0.0,0.0
2025-06-18 00:00:00+09:00,2651.6987811493377,2722.7611934194924,2649.751865744676,2719.8408203125,35500,0.0,0.0
2025-06-19 00:00:00+09:00,2716.920314782014,2737.3629255345836,2706.212280578287,2728.601806640625,28900,0.0,0.0
2025-06-20 00:00:00+09:00,2727.628458972074,2814.2661937502735,2716.920424336566,2782.14208984375,225100,0.0,0.0
2025-06-23 00:00:00+09:00,2764.6198271866992,2764.6198271866992,2657.539481767496,2658.512939453125,126300,0.0,0.0
2025-06-24 00:00:00+09:00,2676.035183910806,2681.8759300379306,2612.7604342002924,2620.548095703125,37100,0.0,0.0
2025-06-25 00:00:00+09:00,2616.6544437098605,2616.6544437098605,2570.901929255112,2576.74267578125,36900,0.0,0.0
2025-06-26 00:00:00+09:00,2581.609902228351,2655.5926897733566,2574.795698112364,2636.12353515625,43700,0.0,0.0
2025-06-27 00:00:00+09:00,2648.7783308458065,2671.167857346892,2609.840023887397,2662.40673828125,36100,0.0,0.0
2025-06-30 00:00:00+09:00,2675.0618095370287,2708.159371954881,2670.194520946168,2684.79638671875,27500,0.0,0.0
2025-07-01 00:00:00+09:00,2667.273989043303,2667.273989043303,2594.2646645256946,2614.707275390625,29900,0.0,0.0
2025-07-02 00:00:00+09:00,2614.707354720498,2655.592577690811,2605.946235512574,2627.3623046875,19100,0.0,0.0
2025-07-03 00:00:00+09:00,2621.5214526014147,2635.1498597074005,2601.078841942436,2625.415283203125,21100,0.0,0.0
2025-07-04 00:00:00+09:00,2644.8845431033483,2644.8845431033483,2607.8931508921128,2627.3623046875,13400,0.0,0.0
2025-07-07 00:00:00+09:00,2627.362118216456,2642.937440147343,2612.76025390625,2612.76025390625,14800,0.0,0.0
2025-07-08 00:00:00+09:00,2636.1234610647207,2640.0172918787007,2603.9993568493824,2630.28271484375,17400,0.0,0.0
2025-07-09 00:00:00+09:00,2620.5480634715764,2683.8228124038396,2620.5480634715764,2669.220947265625,21500,0.0,0.0
2025-07-10 00:00:00+09:00,2677.9821627103365,2680.902535843063,2643.9111428285255,2657.53955078125,27500,0.0,0.0
2025-07-11 00:00:00+09:00,2665.3272055711673,2712.053175573876,2665.3272055711673,2695.50439453125,19900,0.0,0.0
2025-07-14 00:00:00+09:00,2706.2123807044095,2743.2037729586423,2681.875938431888,2723.734619140625,21000,0.0,0.0
2025-07-15 00:00:00+09:00,2723.734720275857,2736.3896707274603,2708.1593966431146,2718.867431640625,11800,0.0,0.0
2025-07-16 00:00:00+09:00,2724.7080934774217,2757.805655170252,2698.424735662527,2699.398193359375,19800,0.0,0.0
2025-07-17 00:00:00+09:00,2699.3980032491563,2723.7344439564154,2689.663426966253,2722.760986328125,12400,0.0,0.0
2025-07-18 00:00:00+09:00,2729.5753444409975,2729.5753444409975,2696.477783203125,2696.477783203125,15300,0.0,0.0
2025-07-22 00:00:00+09:00,2694.5307507262164,2716.9202764728575,2674.0881402618916,2680.90234375,26900,0.0,0.0
2025-07-23 00:00:00+09:00,2719.840735296155,2759.752499844166,2687.7166321233653,2745.150634765625,25500,0.0,0.0
2025-07-24 00:00:00+09:00,2759.7526999080883,2806.4786715467435,2749.044664740896,2780.1953125,18300,0.0,0.0
2025-07-25 00:00:00+09:00,2786.0358729458158,2808.42539952784,2749.0444812016017,2765.59326171875,19300,0.0,0.0
2025-07-28 00:00:00+09:00,2776.301355231002,2792.8501361001913,2748.071081983562,2750.991455078125,24500,0.0,0.0
2025-07-29 00:00:00+09:00,2747.097523615496,2758.779015565668,2733.469116340295,2755.858642578125,19500,0.0,0.0
2025-07-30 00:00:00+09:00,2761.6993194407664,2787.0092180327506,2748.070912506621,2756.83203125,15400,0.0,0.0
2025-07-31 00:00:00+09:00,2790.903347667192,2798.691009606968,2763.646530877976,2780.1953125,11400,0.0,0.0
2025-08-01 00:00:00+09:00,2755.858653219052,2791.8765868711553,2749.0444495551405,2769.487060546875,24000,0.0,0.0
2025-08-04 00:00:00+09:00,2727.628274469577,2796.743766078192,2686.743054081382,2722.760986328125,27300,0.0,0.0
2025-08-05 00:00:00+09:00,2722.7611716909396,2766.566767946246,2716.9204255235654,2737.363037109375,19300,0.0,0.0
2025-08-06 00:00:00+09:00,2758.779026217871,2774.35434887824,2737.362957559864,2769.487060546875,14900,0.0,0.0
2025-08-07 00:00:00+09:00,2774.3543860617647,2793.823539648163,2754.8852324753666,2772.407470703125,20800,0.0,0.0
2025-08-08 00:00:00+09:00,2788.9564970188085,2825.9478920927054,2788.9564970188085,2824.0009765625,21500,0.0,0.0
2025-08-12 00:00:00+09:00,2832.761893867013,2833.7353515625,2793.823586047535,2833.7353515625,19900,0.0,0.0
2025-08-13 00:00:00+09:00,2836.6556760324224,2909.6650019426597,2823.027268529178,2906.74462890625,36600,0.0,0.0
2025-08-14 00:00:00+09:00,2864.886019915394,2882.408258569311,2814.2662193596343,2816.213134765625,19100,0.0,0.0
2025-08-15 00:00:00+09:00,2860.0186127313605,2860.0186127313605,2776.301253747393,2800.6376953125,16900,0.0,0.0
2025-08-18 00:00:00+09:00,2800.637641658041,2826.9209980448213,2764.619708831712,2777.274658203125,34200,0.0,0.0
2025-08-19 00:00:00+09:00,2787.009261789084,2817.18644904562,2765.5931934134783,2811.345703125,22500,0.0,0.0
2025-08-20 00:00:00+09:00,2786.0359475846285,2804.531643952241,2767.540251217016,2771.43408203125,28600,0.0,0.0
2025-08-21 00:00:00+09:00,2771.4340345834253,2771.4340345834253,2743.203761663538,2754.88525390625,16700,0.0,0.0
2025-08-22 00:00:00+09:00,2756.832053103147,2787.0092401251095,2735.415984894012,2784.0888671875,15400,0.0,0.0
2025-08-25 00:00:00+09:00,2792.850171705163,2807.4520373641303,2774.354475203804,2798.69091796875,21700,0.0,0.0
2025-08-26 00:00:00+09:00,2790.903258263327,2790.903258263327,2748.071118966646,2753.911865234375,19600,0.0,0.0
2025-08-27 00:00:00+09:00,2744.1771452906446,2757.805552539339,2739.3098569875397,2749.04443359375,18600,0.0,0.0
2025-08-28 00:00:00+09:00,2735.416058046598,2746.124092437528,2713.026531592836,2745.150634765625,24500,0.0,0.0
2025-08-29 00:00:00+09:00,2731.522322869369,2757.8056809297655,2728.6019497515467,2733.46923828125,24300,0.0,0.0
2025-09-01 00:00:00+09:00,2737.362978643438,2780.1951162893524,2737.362978643438,2751.96484375,20500,0.0,0.0
2025-09-02 00:00:00+09:00,2764.619830775177,2788.9562729474933,2748.0710500980013,2754.88525390625,27200,0.0,0.0
2025-09-03 00:00:00+09:00,2747.0976761239035,2781.168696203399,2747.0976761239035,2774.3544921875,21500,0.0,0.0
2025-09-04 00:00:00+09:00,2774.354391281742,2795.770460267075,2757.805610702167,2779.2216796875,28300,0.0,0.0
2025-09-05 00:00:00+09:00,2777.2747807047813,2787.982815260601,2746.124134724216,2754.88525390625,24400,0.0,0.0
2025-09-08 00:00:00+09:00,2772.407358995245,2781.1684777561145,2751.964748553215,2763.646240234375,23300,0.0,0.0
2025-09-09 00:00:00+09:00,2763.646530877976,2798.691009606968,2763.646530877976,2780.1953125,21500,0.0,0.0
2025-09-10 00:00:00+09:00,2767.540283203125,2784.0890643548846,2756.8322483402217,2767.540283203125,25700,0.0,0.0
2025-09-11 00:00:00+09:00,2768.513533934689,2777.2746527129634,2747.0974658100185,2770.46044921875,23100,0.0,0.0
2025-09-12 00:00:00+09:00,2775.3279449216,2792.8501837881695,2755.858790625412,2767.540283203125,27100,0.0,0.0
2025-09-16 00:00:00+09:00,2756.832196146683,2764.6198577177192,2733.4692114335758,2744.17724609375,38400,0.0,0.0
2025-09-17 00:00:00+09:00,2735.4160958037,2735.4160958037,2700.371619131482,2703.2919921875,31100,0.0,0.0
2025-09-18 00:00:00+09:00,2709.1326851526214,2731.522211476197,2688.690074161531,2724.7080078125,33600,0.0,0.0
2025-09-19 00:00:00+09:00,2735.416138439911,2767.540242556821,2713.026611328125,2713.026611328125,68900,0.0,0.0
2025-09-22 00:00:00+09:00,2719.8409039484495,2758.77921323905,2719.8409039484495,2739.31005859375,45500,0.0,0.0
2025-09-24 00:00:00+09:00,2731.5220993643593,2736.3893874958,2714.973319717462,2715.94677734375,46200,0.0,0.0
2025-09-25 00:00:00+09:00,2720.814187720794,2749.0444601515287,2719.840730050769,2738.33642578125,32200,0.0,0.0
2025-09-26 00:00:00+09:00,2727.628521792763,2778.248323053728,2727.628521792763,2774.3544921875,109100,0.0,0.0
2025-09-29 00:00:00+09:00,2759.5710173448215,2759.5710173448215,2707.3362802307943,2730.98974609375,50500,35.0,0.0
2025-09-30 00:00:00+09:00,2728.0330401851343,2728.0330401851343,2681.711669921875,2681.711669921875,34500,0.0,0.0
2025-10-01 00:00:00+09:00,2681.7116535719356,2681.7116535719356,2597.9389631810445,2604.837890625,34400,0.0,0.0
2025-10-02 00:00:00+09:00,2598.9245623106285,2627.5058335685007,2573.29997428633,2592.025634765625,30500,0.0,0.0
2025-10-03 00:00:00+09:00,2583.1555407033884,2645.2458875421194,2583.1555407033884,2632.43359375,19900,0.0,0.0
2025-10-06 00:00:00+09:00,2661.0148217277033,2675.7982374039684,2648.202528141607,2665.942626953125,21800,0.0,0.0
2025-10-07 00:00:00+09:00,2657.0726120773284,2680.7260774667407,2651.1592457299753,2666.92822265625,17800,0.0,0.0
2025-10-08 00:00:00+09:00,2665.942599602789,2682.697137197335,2625.5345971688835,2630.46240234375,15600,0.0,0.0
2025-10-09 00:00:00+09:00,2631.4481345507156,2643.2748677397076,2615.6791569653933,2642.289306640625,15400,0.0,0.0
2025-10-10 00:00:00+09:00,2613.7079784784933,2613.7079784784933,2584.141146142764,2592.025634765625,20900,0.0,0.0
2025-10-14 00:00:00+09:00,2567.386686128977,2588.0834693952756,2548.661025078516,2559.502197265625,30800,0.0,0.0
2025-10-15 00:00:00+09:00,2577.242256721377,2592.025673107924,2566.4010847045756,2579.21337890625,20400,0.0,0.0
2025-10-16 00:00:00+09:00,2588.0833677779797,2594.9822952625364,2534.863070039971,2542.74755859375,30900,0.0,0.0
2025-10-17 00:00:00+09:00,2530.920825763081,2555.559852493641,2521.0652150708574,2542.74755859375,20800,0.0,0.0
2025-10-20 00:00:00+09:00,2582.169890010197,2582.169890010197,2550.6319371551103,2567.386474609375,29600,0.0,0.0
2025-10-21 00:00:00+09:00,2553.588625889024,2575.2709685249015,2535.8485273687606,2539.790771484375,32200,0.0,0.0
2025-10-22 00:00:00+09:00,2539.7908061451467,2557.530904907511,2539.7908061451467,2540.7763671875,28600,0.0,0.0
2025-10-23 00:00:00+09:00,2524.021966982959,2558.516605344694,2514.1663560224633,2544.71875,27700,0.0,0.0
2025-10-24 00:00:00+09:00,2533.8775175742876,2545.704250445113,2506.2818075423625,2508.2529296875,29200,0.0,0.0
2025-10-27 00:00:00+09:00,2544.718649297941,2544.718649297941,2508.2528901871647,2527.964111328125,36400,0.0,0.0
2025-10-28 00:00:00+09:00,2511.2097019138573,2511.2097019138573,2439.263741066247,2441.23486328125,80300,0.0,0.0
2025-10-29 00:00:00+09:00,2439.2637083626023,2442.220391645466,2415.610242099692,2433.350341796875,50300,0.0,0.0
2025-10-30 00:00:00+09:00,2423.4947017393747,2435.3214347287494,2409.696846585104,2411.66796875,42900,0.0,0.0
2025-10-31 00:00:00+09:00,2413.639184422944,2450.104945886255,2409.696939940424,2449.119384765625,34900,0.0,0.0
2025-11-04 00:00:00+09:00,2426.4514408401724,2473.758373886609,2424.480318629904,2461.931640625,25900,0.0,0.0
2025-11-05 00:00:00+09:00,2457.003738112618,2457.003738112618,2403.7834405361714,2431.379150390625,44300,0.0,0.0
2025-11-06 00:00:00+09:00,2392.942326527661,2400.826815247686,2336.7653443974814,2342.6787109375,96600,0.0,0.0
2025-11-07 00:00:00+09:00,2337.750755840881,2394.9132954019146,2335.7796337870523,2393.927734375,61300,0.0,0.0
2025-11-10 00:00:00+09:00,2405.7545643380017,2444.1914459476625,2397.8700758026866,2424.480224609375,51100,0.0,0.0
2025-11-11 00:00:00+09:00,2439.2636808801867,2439.2636808801867,2386.0433823882554,2404.76904296875,33100,0.0,0.0
2025-11-12 00:00:00+09:00,2392.9422410146635,2420.5379505486053,2389.9855578503125,2402.7978515625,40300,0.0,0.0
2025-11-13 00:00:00+09:00,2414.6245858346615,2423.494635333646,2385.05775417138,2395.89892578125,39400,0.0,0.0
2025-11-14 00:00:00+09:00,2376.187744140625,2386.043354858753,2368.303255566123,2376.187744140625,41700,0.0,0.0
2025-11-17 00:00:00+09:00,2361.404296875,2370.274346404163,2333.8085872287143,2361.404296875,84000,0.0,0.0
2025-11-18 00:00:00+09:00,2355.4910107338974,2366.3321827498276,2312.126322670177,2321.98193359375,87100,0.0,0.0
2025-11-19 00:00:00+09:00,2320.996229555152,2345.6352553466077,2299.3138868586702,2338.736328125,90100,0.0,0.0
2025-11-20 00:00:00+09:00,2347.6065795898435,2389.985707600911,2345.6354573567705,2365.3466796875,72100,0.0,0.0
2025-11-21 00:00:00+09:00,2355.490905664374,2477.700475665371,2355.490905664374,2471.787109375,432400,0.0,0.0
2025-11-25 00:00:00+09:00,2481.642726184476,2485.584970388105,2430.3935515372987,2444.19140625,73600,0.0,0.0
2025-11-26 00:00:00+09:00,2437.2925732577005,2482.62838335469,2437.2925732577005,2481.642822265625,33900,0.0,0.0
2025-11-27 00:00:00+09:00,2478.68610267216,2512.195179209278,2465.8738087020847,2487.55615234375,39800,0.0,0.0
2025-11-28 00:00:00+09:00,2489.5271618114148,2526.9784809518874,2479.6715515112905,2525.992919921875,47500,0.0,0.0
2025-12-01 00:00:00+09:00,2525.9929591879054,2534.8630085959003,2493.469444691924,2506.28173828125,42700,0.0,0.0
2025-12-02 00:00:00+09:00,2489.5273146949257,2493.469559057071,2457.0037987072246,2467.844970703125,31700,0.0,0.0
2025-12-03 00:00:00+09:00,2467.8450398730547,2481.642895527297,2449.1193786280114,2469.816162109375,39700,0.0,0.0
2025-12-04 00:00:00+09:00,2466.8592934606595,2546.6897380352952,2466.8592934606595,2520.07958984375,34300,0.0,0.0
2025-12-05 00:00:00+09:00,2514.166369354212,2514.166369354212,2482.628414113391,2496.42626953125,31700,0.0,0.0
2025-12-08 00:00:00+09:00,2568.372114667093,2568.372114667093,2498.397279616685,2527.964111328125,131400,0.0,0.0
2025-12-09 00:00:00+09:00,2500.3684848191397,2521.065267704911,2464.8882855863885,2474.743896484375,40100,0.0,0.0
2025-12-10 00:00:00+09:00,2468.8304971534158,2475.7294246903716,2457.9893253096284,2466.859375,31900,0.0,0.0
2025-12-11 00:00:00+09:00,2461.9316545815896,2484.5995601281775,2404.7691101597593,2413.63916015625,45400,0.0,0.0
2025-12-12 00:00:00+09:00,2448.1336868273797,2470.801591335041,2411.667927402012,2438.278076171875,39500,0.0,0.0
2025-12-15 00:00:00+09:00,2448.133748892397,2472.7727761558067,2432.364771443815,2467.844970703125,35400,0.0,0.0
2025-12-16 00:00:00+09:00,2463.9026288604427,2467.844873066619,2435.3213583656616,2437.29248046875,43500,0.0,0.0
2025-12-17 00:00:00+09:00,2446.162493657662,2463.902592322383,2421.5234677344383,2443.205810546875,23600,0.0,0.0
2025-12-18 00:00:00+09:00,2434.3358594686374,2477.7005468437874,2431.379176238514,2466.859375,25600,0.0,0.0
2025-12-19 00:00:00+09:00,2447.148262524365,2476.715096143266,2436.3070901974347,2449.119384765625,58100,0.0,0.0
2025-12-22 00:00:00+09:00,2457.0036921051815,2481.6427182995776,2440.249154292992,2478.68603515625,53300,0.0,0.0
2025-12-23 00:00:00+09:00,2463.902652240017,2494.455045127793,2463.902652240017,2486.570556640625,24000,0.0,0.0
2025-12-24 00:00:00+09:00,2484.599436167124,2505.2962184596704,2473.758264490076,2479.671630859375,24300,0.0,0.0
2025-12-25 00:00:00+09:00,2503.325124324656,2511.209612905206,2496.4261968166747,2508.2529296875,22100,0.0,0.0
2025-12-26 00:00:00+09:00,2517.1229445739364,2517.1229445739364,2493.469479158989,2507.267333984375,33000,0.0,0.0
2025-12-29 00:00:00+09:00,2523.03634060795,2528.94970703125,2503.3251191969507,2528.94970703125,36700,0.0,0.0
2025-12-30 00:00:00+09:00,2524.0218355545344,2543.733056449142,2507.267297794118,2513.1806640625,22300,0.0,0.0
2026-01-05 00:00:00+09:00,2514.1662875863008,2551.6176082167517,2514.1662875863008,2542.74755859375,23600,0.0,0.0
2026-01-06 00:00:00+09:00,2537.8196765944917,2575.27099609375,2537.8196765944917,2575.27099609375,25500,0.0,0.0
2026-01-07 00:00:00+09:00,2567.38664953149,2597.9390434414618,2552.603233123439,2565.41552734375,27700,0.0,0.0
2026-01-08 00:00:00+09:00,2565.4153525559323,2576.2565238498682,2553.588620235275,2567.386474609375,23400,0.0,0.0
2026-01-09 00:00:00+09:00,2557.5308700046385,2582.1698957272265,2539.790771484375,2539.790771484375,21900,0.0,0.0
2026-01-13 00:00:00+09:00,2571.3288957922045,2579.2133845489457,2537.8198185760543,2558.5166015625,29700,0.0,0.0
2026-01-14 00:00:00+09:00,2556.5454756345785,2579.2133807770592,2556.5454756345785,2572.314453125,31500,0.0,0.0
2026-01-15 00:00:00+09:00,2571.3287489665613,2599.9100190777267,2561.4731385834007,2589.06884765625,28100,0.0,0.0
2026-01-16 00:00:00+09:00,2585.1267326108873,2627.505859375,2579.213366085662,2627.505859375,39000,0.0,0.0
2026-01-19 00:00:00+09:00,2609.765809765176,2611.73693197799,2569.357804402498,2573.300048828125,33800,0.0,0.0
2026-01-20 00:00:00+09:00,2561.4731840064887,2577.2421608991795,2524.0218638863475,2541.761962890625,64500,0.0,0.0
2026-01-21 00:00:00+09:00,2515.15192659256,2516.137487692322,2487.556215799225,2510.22412109375,36800,0.0,0.0
2026-01-22 00:00:00+09:00,2507.267396015443,2542.7475950156613,2507.267396015443,2536.834228515625,31700,0.0,0.0
2026-01-23 00:00:00+09:00,2536.834297701439,2543.733225472966,2521.065319937949,2538.805419921875,22600,0.0,0.0
2026-01-26 00:00:00+09:00,2508.253008605568,2511.209691916302,2461.9316367374104,2475.7294921875,43900,0.0,0.0
2026-01-27 00:00:00+09:00,2463.902797447104,2472.7728475179133,2450.1049417814,2462.917236328125,31500,0.0,0.0
2026-01-28 00:00:00+09:00,2455.0326455937375,2463.902695296806,2439.263668343838,2453.0615234375,37800,0.0,0.0
2026-01-29 00:00:00+09:00,2439.2635963192847,2473.758233034911,2424.4801805840166,2464.88818359375,34900,0.0,0.0
2026-01-30 00:00:00+09:00,2451.0904968261716,2486.570697021484,2449.1193745930987,2483.614013671875,29700,0.0,0.0
2026-02-02 00:00:00+09:00,2483.6138482862902,2507.2673135080645,2444.19140625,2444.19140625,44300,0.0,0.0
2026-02-03 00:00:00+09:00,2462.917066217238,2474.743798828125,2434.3357957409276,2444.19140625,45500,0.0,0.0
2026-02-04 00:00:00+09:00,2418.566787564972,2445.1769355944157,2375.2021018873606,2429.407958984375,59200,0.0,0.0
2026-02-05 00:00:00+09:00,2457.9893253096284,2487.556157610867,2453.0615199260887,2466.859375,46600,0.0,0.0
2026-02-06 00:00:00+09:00,2464.888185160009,2464.888185160009,2434.3357926210406,2457.9892578125,26200,0.0,0.0
2026-02-09 00:00:00+09:00,2492.4838549629885,2492.4838549629885,2444.1913642974346,2477.700439453125,41900,0.0,0.0
2026-02-10 00:00:00+09:00,2477.7005670547483,2525.993060207367,2474.7438838005064,2523.036376953125,35400,0.0,0.0
2026-02-12 00:00:00+09:00,2527.964075148592,2592.025542939882,2524.0218309768206,2533.87744140625,261300,0.0,0.0
2026-02-13 00:00:00+09:00,2506.2818984058704,2531.90648722166,2430.3936930668015,2434.3359375,131800,0.0,0.0
2026-02-16 00:00:00+09:00,2436.3069131722314,2502.33950345643,2432.3646689761595,2464.88818359375,120700,0.0,0.0
2026-02-17 00:00:00+09:00,2463.9027226624553,2492.4839942453395,2454.0471117718052,2481.642822265625,91600,0.0,0.0
2026-02-18 00:00:00+09:00,2486.570491699219,2498.397224121094,2434.3357568359374,2463.902587890625,238000,0.0,0.0
2026-02-19 00:00:00+09:00,2466.8592964679387,2517.1229097799105,2438.2780261532885,2506.28173828125,322700,0.0,0.0
2026-02-20 00:00:00+09:00,2495.4406128663577,2495.4406128663577,2438.2780711814253,2458.974853515625,100100,0.0,0.0
2026-02-24 00:00:00+09:00,2463.902587890625,2488.5416137695315,2455.032538574219,2463.902587890625,69300,0.0,0.0
2026-02-25 00:00:00+09:00,2455.032601072289,2500.3684098435956,2444.191429409585,2493.469482421875,131100,0.0,0.0
2026-02-26 00:00:00+09:00,2493.469522301419,2536.834209645792,2457.003762489106,2473.75830078125,863100,0.0,0.0
2026-02-27 00:00:00+09:00,2501.354033088684,2534.863109970093,2473.7583227157593,2523.036376953125,230300,0.0,0.0
2026-03-02 00:00:00+09:00,2495.440720186421,2495.440720186421,2430.39368719578,2455.03271484375,169300,0.0,0.0
2026-03-03 00:00:00+09:00,2457.9893414606813,2471.787196625256,2404.76904296875,2404.76904296875,159900,0.0,0.0
2026-03-04 00:00:00+09:00,2376.1877177220395,2389.000011513158,2316.0684930098687,2340.70751953125,172000,0.0,0.0
2026-03-05 00:00:00+09:00,2374.216691144808,2400.82684085876,2364.3610801396408,2378.158935546875,105400,0.0,0.0
2026-03-06 00:00:00+09:00,2378.1588348745304,2378.1588348745304,2333.8085872287143,2361.404296875,67900,0.0,0.0
2026-03-09 00:00:00+09:00,2319.025176192434,2346.6208858963814,2286.5016611842107,2340.70751953125,142500,0.0,0.0
2026-03-10 00:00:00+09:00,2365.3464659888523,2389.985491676236,2350.563050576422,2387.02880859375,49200,0.0,0.0
2026-03-11 00:00:00+09:00,2408.711323872098,2421.5236181480136,2396.88459069433,2398.855712890625,38800,0.0,0.0
2026-03-12 00:00:00+09:00,2389.98553405455,2389.98553405455,2353.519775390625,2353.519775390625,38500,0.0,0.0
2026-03-13 00:00:00+09:00,2348.5919355656943,2363.3753510224656,2343.6641304134373,2352.5341796875,47100,0.0,0.0
2026-03-16 00:00:00+09:00,2355.4908613493367,2371.259837826989,2346.6208120806573,2359.43310546875,49900,0.0,0.0
2026-03-17 00:00:00+09:00,2364.3611226621438,2374.216733844562,2348.5921447702744,2351.548828125,37600,0.0,0.0
2026-03-18 00:00:00+09:00,2368.303318848057,2400.8268350869193,2368.303318848057,2398.855712890625,44400,0.0,0.0
2026-03-19 00:00:00+09:00,2389.000107652559,2394.9134742556594,2377.173374446358,2378.158935546875,62700,0.0,0.0
2026-03-23 00:00:00+09:00,2361.4042289615627,2363.3753510224656,2308.183933317187,2352.5341796875,91600,0.0,0.0
2026-03-24 00:00:00+09:00,2400.826697840358,2400.826697840358,2367.317622418941,2388.014404296875,61400,0.0,0.0
2026-03-25 00:00:00+09:00,2421.523544798108,2421.523544798108,2401.81232343223,2410.682373046875,80400,0.0,0.0
2026-03-26 00:00:00+09:00,2422.5090759075906,2427.4368811881186,2374.2165841584156,2389.0,69500,0.0,0.0
2026-03-27 00:00:00+09:00,2390.971122112211,2397.87004950495,2374.2165841584156,2389.0,114200,0.0,0.0
2026-03-30 00:00:00+09:00,2346.0,2388.0,2324.0,2388.0,76200,35.0,0.0
2026-03-31 00:00:00+09:00,2381.0,2419.0,2380.0,2393.0,46200,0.0,0.0
2026-04-01 00:00:00+09:00,2409.0,2453.0,2409.0,2453.0,42300,0.0,0.0
2026-04-02 00:00:00+09:00,2452.0,2474.0,2413.0,2421.0,39100,0.0,0.0
2026-04-03 00:00:00+09:00,2424.0,2448.0,2424.0,2443.0,30500,0.0,0.0
2026-04-06 00:00:00+09:00,2449.0,2460.0,2429.0,2450.0,41900,0.0,0.0
2026-04-07 00:00:00+09:00,2450.0,2467.0,2433.0,2445.0,31500,0.0,0.0
2026-04-08 00:00:00+09:00,2465.0,2469.0,2431.0,2447.0,51800,0.0,0.0
2026-04-09 00:00:00+09:00,2450.0,2454.0,2435.0,2436.0,34200,0.0,0.0
2026-04-10 00:00:00+09:00,2440.0,2452.0,2424.0,2435.0,25400,0.0,0.0
2026-04-13 00:00:00+09:00,2440.0,2448.0,2423.0,2447.0,41200,0.0,0.0
2026-04-14 00:00:00+09:00,2447.0,2450.0,2411.0,2426.0,43800,0.0,0.0
2026-04-15 00:00:00+09:00,2443.0,2448.0,2423.0,2439.0,40200,0.0,0.0
2026-04-16 00:00:00+09:00,2440.0,2444.0,2414.0,2426.0,34200,0.0,0.0
2026-04-17 00:00:00+09:00,2426.0,2443.0,2420.0,2438.0,36300,0.0,0.0
2026-04-20 00:00:00+09:00,2445.0,2445.0,2414.0,2428.0,40400,0.0,0.0
2026-04-21 00:00:00+09:00,2443.0,2443.0,2418.0,2418.0,23900,0.0,0.0
2026-04-22 00:00:00+09:00,2419.0,2420.0,2403.0,2403.0,29700,0.0,0.0
2026-04-23 00:00:00+09:00,2401.0,2405.0,2329.0,2344.0,52800,0.0,0.0
2026-04-24 00:00:00+09:00,2333.0,2341.0,2317.0,2336.0,52700,0.0,0.0
2026-04-27 00:00:00+09:00,2344.0,2352.0,2330.0,2344.0,31800,0.0,0.0
2026-04-28 00:00:00+09:00,2340.0,2368.0,2340.0,2368.0,42000,0.0,0.0
2026-04-30 00:00:00+09:00,2350.0,2350.0,2324.0,2337.0,35600,0.0,0.0
2026-05-01 00:00:00+09:00,2338.0,2357.0,2320.0,2350.0,34300,0.0,0.0
2026-05-07 00:00:00+09:00,2356.0,2442.0,2356.0,2431.0,60100,0.0,0.0
2026-05-08 00:00:00+09:00,2438.0,2580.0,2392.0,2545.0,252800,0.0,0.0
2026-05-11 00:00:00+09:00,2549.0,2556.0,2516.0,2543.0,167400,0.0,0.0
2026-05-12 00:00:00+09:00,2521.0,2548.0,2513.0,2544.0,86000,0.0,0.0
2026-05-13 00:00:00+09:00,2540.0,2552.0,2528.0,2547.0,79700,0.0,0.0
2026-05-14 00:00:00+09:00,2554.0,2574.0,2538.0,2568.0,78500,0.0,0.0
2026-05-15 00:00:00+09:00,2578.0,2584.0,2541.0,2565.0,82800,0.0,0.0
2026-05-18 00:00:00+09:00,2543.0,2565.0,2502.0,2543.0,51800,0.0,0.0
2026-05-19 00:00:00+09:00,2550.0,2561.0,2529.0,2553.0,70100,0.0,0.0
2026-05-20 00:00:00+09:00,2534.0,2534.0,2491.0,2518.0,101400,0.0,0.0
2026-05-21 00:00:00+09:00,2538.0,2568.0,2528.0,2551.0,73300,0.0,0.0
2026-05-22 00:00:00+09:00,2562.0,2573.0,2547.0,2573.0,69300,0.0,0.0
2026-05-25 00:00:00+09:00,2575.0,2575.0,2528.0,2559.0,78300,0.0,0.0
2026-05-26 00:00:00+09:00,2572.0,2572.0,2543.0,2554.0,59700,0.0,0.0
2026-05-27 00:00:00+09:00,2565.0,2572.0,2522.0,2526.0,40400,0.0,0.0
2026-05-28 00:00:00+09:00,2535.0,2574.0,2510.0,2571.0,81000,0.0,0.0
2026-05-29 00:00:00+09:00,2574.0,2575.0,2525.0,2525.0,47700,0.0,0.0
2026-06-01 00:00:00+09:00,2600.0,2600.0,2491.0,2537.0,185600,0.0,0.0
2026-06-02 00:00:00+09:00,2509.0,2509.0,2453.0,2470.0,60000,0.0,0.0
2026-06-03 00:00:00+09:00,2470.0,2486.0,2441.0,2462.0,47500,0.0,0.0
2026-06-04 00:00:00+09:00,2478.0,2487.0,2438.0,2477.0,49800,0.0,0.0
2026-06-05 00:00:00+09:00,2499.0,2520.0,2494.0,2504.0,46300,0.0,0.0
2026-06-08 00:00:00+09:00,2501.0,2525.0,2484.0,2509.0,63700,0.0,0.0
2026-06-09 00:00:00+09:00,2509.0,2530.0,2500.0,2516.0,47400,0.0,0.0
2026-06-10 00:00:00+09:00,2500.0,2528.0,2481.0,2496.0,31100,0.0,0.0
2026-06-11 00:00:00+09:00,2500.0,2516.0,2460.0,2507.0,44900,0.0,0.0
2026-06-12 00:00:00+09:00,2511.0,2565.0,2495.0,2562.0,74900,0.0,0.0
2026-06-15 00:00:00+09:00,2575.0,2584.0,2541.0,2544.0,90800,0.0,0.0
2026-06-16 00:00:00+09:00,2550.0,2550.0,2519.0,2529.0,46000,0.0,0.0
2026-06-17 00:00:00+09:00,2543.0,2560.0,2511.0,2527.0,59100,0.0,0.0
2026-06-18 00:00:00+09:00,2538.0,2552.0,2522.0,2540.0,46100,0.0,0.0
2026-06-19 00:00:00+09:00,2555.0,2570.0,2528.0,2528.0,75800,0.0,0.0
2026-06-22 00:00:00+09:00,2498.0,2498.0,2431.0,2485.0,118200,0.0,0.0
2026-06-23 00:00:00+09:00,2485.0,2528.0,2484.0,2487.0,83500,0.0,0.0
2026-06-24 00:00:00+09:00,2487.0,2511.0,2483.0,2500.0,34100,0.0,0.0
2026-06-25 00:00:00+09:00,2500.0,2546.0,2490.0,2531.0,48700,0.0,0.0
2026-06-26 00:00:00+09:00,2523.0,2553.0,2519.0,2553.0,64600,0.0,0.0
2026-06-29 00:00:00+09:00,2560.0,2568.0,2509.0,2531.0,76400,0.0,0.0
2026-06-30 00:00:00+09:00,2555.0,2575.0,2527.0,2572.0,92100,0.0,0.0
2026-07-01 00:00:00+09:00,2572.0,2590.0,2557.0,2572.0,69600,0.0,0.0
2026-07-02 00:00:00+09:00,2584.0,2636.0,2584.0,2622.0,66300,0.0,0.0
2026-07-03 00:00:00+09:00,2630.0,2679.0,2626.0,2677.0,89100,0.0,0.0
2026-07-06 00:00:00+09:00,2688.0,2715.0,2676.0,2702.0,93400,0.0,0.0
2026-07-07 00:00:00+09:00,2715.0,2720.0,2676.0,2679.0,54200,0.0,0.0
2026-07-08 00:00:00+09:00,2661.0,2671.0,2637.0,2647.0,58300,0.0,0.0
2026-07-09 00:00:00+09:00,2651.0,2684.0,2640.0,2684.0,76500,0.0,0.0
2026-07-10 00:00:00+09:00,2690.0,2756.0,2690.0,2750.0,102000,0.0,0.0
2026-07-13 00:00:00+09:00,2760.0,2775.0,2702.0,2707.0,107400,0.0,0.0
2026-07-14 00:00:00+09:00,2707.0,2736.0,2698.0,2722.0,66200,0.0,0.0
2026-07-15 00:00:00+09:00,2722.0,2815.0,2722.0,2802.0,117500,0.0,0.0
2026-07-16 00:00:00+09:00,2816.0,2846.0,2805.0,2820.0,82500,0.0,0.0
2026-07-17 00:00:00+09:00,2830.0,2831.0,2765.0,2791.0,90700,0.0,0.0
2026-07-21 00:00:00+09:00,2799.0,2830.0,2780.0,2816.0,103100,0.0,0.0
2026-07-22 00:00:00+09:00,2830.0,2830.0,2785.0,2811.0,90300,0.0,0.0
2026-07-23 00:00:00+09:00,2810.0,2828.0,2797.0,2827.0,49500,0.0,0.0
2026-07-24 00:00:00+09:00,2791.0,2825.0,2790.0,2819.0,54900,0.0,0.0
2026-07-27 00:00:00+09:00,2825.0,2864.0,2825.0,2852.0,84400,0.0,0.0
2026-07-28 00:00:00+09:00,2861.0,2867.0,2787.0,2800.0,74800,0.0,0.0
2026-07-29 00:00:00+09:00,2807.0,2839.0,2772.0,2796.0,83600,0.0,0.0
2026-07-30 00:00:00+09:00,2790.0,2803.0,2758.0,2771.0,84800,0.0,0.0
2026-07-31 00:00:00+09:00,2850.0,3095.0,2785.0,3085.0,190100,0.0,0.0
2026-08-03 00:00:00+09:00,3095.0,3150.0,3020.0,3075.0,131700,0.0,0.0
2026-08-04 00:00:00+09:00,3060.0,3085.0,3020.0,3070.0,87700,0.0,0.0
2026-08-05 00:00:00+09:00,3085.0,3095.0,3015.0,3040.0,58700,0.0,0.0
2026-08-06 00:00:00+09:00,3040.0,3120.0,3040.0,3100.0,66100,0.0,0.0
2026-08-07 00:00:00+09:00,3110.0,3140.0,3070.0,3120.0,54100,0.0,0.0
2026-08-10 00:00:00+09:00,3100.0,3135.0,3070.0,3090.0,44700,0.0,0.0
2026-08-12 00:00:00+09:00,3090.0,3100.0,3025.0,3035.0,55000,0.0,0.0
2026-08-13 00:00:00+09:00,3050.0,3085.0,3045.0,3085.0,58400,0.0,0.0
2026-08-14 00:00:00+09:00,3070.0,3095.0,3050.0,3075.0,30200,0.0,0.0
