Date,Open,High,Low,Close,Volume,Dividends,Stock Splits
2001-01-05 00:00:00+09:00,175.77162388392858,175.77162388392858,153.8001708984375,153.8001708984375,3000,0.0,0.0
2001-01-08 00:00:00+09:00,153.8001708984375,153.8001708984375,153.8001708984375,153.8001708984375,0,0.0,0.0
2001-01-09 00:00:00+09:00,153.8001708984375,153.8001708984375,153.8001708984375,153.8001708984375,0,0.0,0.0
2001-01-10 00:00:00+09:00,153.8001708984375,153.8001708984375,153.8001708984375,153.8001708984375,0,0.0,0.0
2001-01-11 00:00:00+09:00,153.8001708984375,153.8001708984375,153.8001708984375,153.8001708984375,0,0.0,0.0
2001-01-12 00:00:00+09:00,158.19447326660156,158.19447326660156,158.19447326660156,158.19447326660156,1000,0.0,0.0
2001-01-15 00:00:00+09:00,158.19447326660156,158.19447326660156,158.19447326660156,158.19447326660156,0,0.0,0.0
2001-01-16 00:00:00+09:00,158.19447326660156,158.19447326660156,158.19447326660156,158.19447326660156,0,0.0,0.0
2001-01-17 00:00:00+09:00,158.19446926672484,158.19446926672484,150.8706512451172,150.8706512451172,2000,0.0,0.0
2001-01-18 00:00:00+09:00,150.87063692533053,150.87063692533053,142.81443786621094,142.81443786621094,7000,0.0,0.0
2001-01-19 00:00:00+09:00,142.814457000248,142.814457000248,129.63158404637898,138.420166015625,38000,0.0,0.0
2001-01-22 00:00:00+09:00,141.34967279915858,145.01158142089844,141.34967279915858,145.01158142089844,11000,0.0,0.0
2001-01-23 00:00:00+09:00,145.01161351697198,148.67352294921875,145.01161351697198,148.67352294921875,12000,0.0,0.0
2001-01-24 00:00:00+09:00,148.67352294921875,148.67352294921875,148.67352294921875,148.67352294921875,2000,0.0,0.0
2001-01-25 00:00:00+09:00,148.67352294921875,150.13828672211744,148.67352294921875,148.67352294921875,5000,0.0,0.0
2001-01-26 00:00:00+09:00,148.67352294921875,148.67352294921875,148.67352294921875,148.67352294921875,3000,0.0,0.0
2001-01-29 00:00:00+09:00,146.47637939453125,146.47637939453125,146.47637939453125,146.47637939453125,2000,0.0,0.0
2001-01-30 00:00:00+09:00,139.1525536395134,139.1525536395134,137.6877899169922,137.6877899169922,2000,0.0,0.0
2001-01-31 00:00:00+09:00,138.420166015625,138.420166015625,138.420166015625,138.420166015625,2000,0.0,0.0
2001-02-01 00:00:00+09:00,139.15257263183594,139.15257263183594,139.15257263183594,139.15257263183594,2000,0.0,0.0
2001-02-02 00:00:00+09:00,145.74401028281764,145.74401028281764,139.15257263183594,139.15257263183594,3000,0.0,0.0
2001-02-05 00:00:00+09:00,139.15257263183594,139.15257263183594,139.15257263183594,139.15257263183594,1000,0.0,0.0
2001-02-06 00:00:00+09:00,139.15257263183594,139.15257263183594,139.15257263183594,139.15257263183594,0,0.0,0.0
2001-02-07 00:00:00+09:00,139.15257263183594,139.15257263183594,139.15257263183594,139.15257263183594,2000,0.0,0.0
2001-02-08 00:00:00+09:00,139.88494873046875,139.88494873046875,139.88494873046875,139.88494873046875,1000,0.0,0.0
2001-02-09 00:00:00+09:00,139.15257263183594,139.15257263183594,139.15257263183594,139.15257263183594,3000,0.0,0.0
2001-02-12 00:00:00+09:00,139.15257263183594,139.15257263183594,139.15257263183594,139.15257263183594,0,0.0,0.0
2001-02-13 00:00:00+09:00,133.2935028076172,133.2935028076172,133.2935028076172,133.2935028076172,1000,0.0,0.0
2001-02-14 00:00:00+09:00,131.82875301963406,139.15257263183594,131.82875301963406,139.15257263183594,6000,0.0,0.0
2001-02-15 00:00:00+09:00,139.15257263183594,139.15257263183594,139.15257263183594,139.15257263183594,0,0.0,0.0
2001-02-16 00:00:00+09:00,139.15257263183594,139.15257263183594,139.15257263183594,139.15257263183594,1000,0.0,0.0
2001-02-19 00:00:00+09:00,139.15257263183594,139.15257263183594,139.15257263183594,139.15257263183594,0,0.0,0.0
2001-02-20 00:00:00+09:00,142.81443786621094,142.81443786621094,139.15252920297476,142.81443786621094,9000,0.0,0.0
2001-02-21 00:00:00+09:00,142.81446990966796,146.47637939453125,142.81446990966796,146.47637939453125,6000,0.0,0.0
2001-02-22 00:00:00+09:00,146.47635110994665,150.1382598876953,146.47635110994665,150.1382598876953,10000,0.0,0.0
2001-02-23 00:00:00+09:00,150.1382598876953,150.1382598876953,150.1382598876953,150.1382598876953,1000,0.0,0.0
2001-02-26 00:00:00+09:00,153.8001708984375,153.8001708984375,153.8001708984375,153.8001708984375,4000,0.0,0.0
2001-02-27 00:00:00+09:00,153.8001708984375,153.8001708984375,153.8001708984375,153.8001708984375,0,0.0,0.0
2001-02-28 00:00:00+09:00,153.8001708984375,153.8001708984375,153.8001708984375,153.8001708984375,0,0.0,0.0
2001-03-01 00:00:00+09:00,154.53255684592506,161.12399291992188,154.53255684592506,161.12399291992188,6000,0.0,0.0
2001-03-02 00:00:00+09:00,175.77166950533177,175.77166950533177,154.5325927734375,154.5325927734375,6000,0.0,0.0
2001-03-05 00:00:00+09:00,154.5325927734375,154.5325927734375,154.5325927734375,154.5325927734375,0,0.0,0.0
2001-03-06 00:00:00+09:00,157.46208286684427,175.03924560546875,155.26493752451623,175.03924560546875,5000,0.0,0.0
2001-03-07 00:00:00+09:00,175.03924560546875,175.03924560546875,175.03924560546875,175.03924560546875,8000,0.0,0.0
2001-03-08 00:00:00+09:00,164.78590393066406,164.78590393066406,164.78590393066406,164.78590393066406,1000,0.0,0.0
2001-03-09 00:00:00+09:00,169.9125731400366,175.03924560546875,169.9125731400366,175.03924560546875,3000,0.0,0.0
2001-03-12 00:00:00+09:00,164.0535430908203,164.0535430908203,164.0535430908203,164.0535430908203,3000,0.0,0.0
2001-03-13 00:00:00+09:00,163.32116552230414,163.32116552230414,159.6592559814453,159.6592559814453,2000,0.0,0.0
2001-03-14 00:00:00+09:00,163.32116552230414,163.32116552230414,159.6592559814453,159.6592559814453,2000,0.0,0.0
2001-03-15 00:00:00+09:00,159.6592559814453,159.6592559814453,159.6592559814453,159.6592559814453,0,0.0,0.0
2001-03-16 00:00:00+09:00,159.6592559814453,159.6592559814453,159.6592559814453,159.6592559814453,1000,0.0,0.0
2001-03-19 00:00:00+09:00,159.6592559814453,159.6592559814453,159.6592559814453,159.6592559814453,0,0.0,0.0
2001-03-20 00:00:00+09:00,159.6592559814453,159.6592559814453,159.6592559814453,159.6592559814453,0,0.0,0.0
2001-03-21 00:00:00+09:00,159.6592559814453,159.6592559814453,159.6592559814453,159.6592559814453,5000,0.0,0.0
2001-03-22 00:00:00+09:00,170.64494719809673,172.10971069335938,170.64494719809673,172.10971069335938,4000,0.0,0.0
2001-03-23 00:00:00+09:00,172.1097314453125,183.095458984375,172.1097314453125,183.095458984375,11000,0.0,0.0
2001-03-26 00:00:00+09:00,183.095458984375,183.095458984375,183.095458984375,183.095458984375,5000,0.0,0.0
2001-03-27 00:00:00+09:00,183.0954369078291,186.02496389835437,172.10971069335938,172.10971069335938,9000,0.0,0.0
2001-03-28 00:00:00+09:00,172.10971069335938,172.10971069335938,172.10971069335938,172.10971069335938,0,0.0,0.0
2001-03-29 00:00:00+09:00,165.51828572591148,165.51828572591148,164.78590393066406,164.78590393066406,4000,0.0,0.0
2001-03-30 00:00:00+09:00,164.78590393066406,164.78590393066406,164.78590393066406,164.78590393066406,2000,0.0,0.0
2001-04-02 00:00:00+09:00,164.78590393066406,164.78590393066406,164.78590393066406,164.78590393066406,0,0.0,0.0
2001-04-03 00:00:00+09:00,182.36309596470426,182.36309596470426,169.1802215576172,169.1802215576172,4000,0.0,0.0
2001-04-04 00:00:00+09:00,169.1802215576172,169.1802215576172,169.1802215576172,169.1802215576172,0,0.0,0.0
2001-04-05 00:00:00+09:00,169.18021207063094,169.18021207063094,168.4478302001953,168.4478302001953,2000,0.0,0.0
2001-04-06 00:00:00+09:00,168.4478302001953,168.4478302001953,168.4478302001953,168.4478302001953,0,0.0,0.0
2001-04-09 00:00:00+09:00,168.4478302001953,169.18021207063094,165.5183027184528,168.4478302001953,6000,0.0,0.0
2001-04-10 00:00:00+09:00,168.4478322839947,168.4478322839947,166.2506866455078,166.2506866455078,2000,0.0,0.0
2001-04-11 00:00:00+09:00,164.78590393066406,164.78590393066406,164.78590393066406,164.78590393066406,4000,0.0,0.0
2001-04-12 00:00:00+09:00,164.78590393066406,164.78590393066406,164.78590393066406,164.78590393066406,0,0.0,0.0
2001-04-13 00:00:00+09:00,164.78590393066406,164.78590393066406,164.78590393066406,164.78590393066406,0,0.0,0.0
2001-04-16 00:00:00+09:00,167.71544832975968,168.4478302001953,167.71544832975968,168.4478302001953,4000,0.0,0.0
2001-04-17 00:00:00+09:00,168.4478302001953,168.4478302001953,168.4478302001953,168.4478302001953,0,0.0,0.0
2001-04-18 00:00:00+09:00,165.518310546875,165.518310546875,165.518310546875,165.518310546875,1000,0.0,0.0
2001-04-19 00:00:00+09:00,165.518310546875,165.518310546875,165.518310546875,165.518310546875,0,0.0,0.0
2001-04-20 00:00:00+09:00,165.51830633755387,169.91259765625,165.51830633755387,169.91259765625,3000,0.0,0.0
2001-04-23 00:00:00+09:00,175.77166748046875,175.77166748046875,175.77166748046875,175.77166748046875,7000,0.0,0.0
2001-04-24 00:00:00+09:00,179.4335831536187,184.5602569580078,179.4335831536187,184.5602569580078,12000,0.0,0.0
2001-04-25 00:00:00+09:00,184.56019823838764,188.22210693359375,184.56019823838764,188.22210693359375,5000,0.0,0.0
2001-04-26 00:00:00+09:00,184.56019823838764,188.22210693359375,184.56019823838764,188.22210693359375,5000,0.0,0.0
2001-04-27 00:00:00+09:00,194.08120727539062,194.08120727539062,194.08120727539062,194.08120727539062,1000,0.0,0.0
2001-04-30 00:00:00+09:00,194.08120727539062,194.08120727539062,194.08120727539062,194.08120727539062,0,0.0,0.0
2001-05-01 00:00:00+09:00,194.08120727539062,194.08120727539062,194.08120727539062,194.08120727539062,0,0.0,0.0
2001-05-02 00:00:00+09:00,222.64411297323028,222.64411297323028,204.33456420898438,204.33456420898438,13000,0.0,0.0
2001-05-03 00:00:00+09:00,204.33456420898438,204.33456420898438,204.33456420898438,204.33456420898438,0,0.0,0.0
2001-05-04 00:00:00+09:00,204.33456420898438,204.33456420898438,204.33456420898438,204.33456420898438,0,0.0,0.0
2001-05-07 00:00:00+09:00,204.33456420898438,204.33456420898438,204.33456420898438,204.33456420898438,10,0.0,0.0
2001-05-08 00:00:00+09:00,204.33456420898438,204.33456420898438,204.33456420898438,204.33456420898438,0,0.0,0.0
2001-05-09 00:00:00+09:00,197.01071166992188,197.01071166992188,197.01071166992188,197.01071166992188,10,0.0,0.0
2001-05-10 00:00:00+09:00,197.01071166992188,197.01071166992188,197.01071166992188,197.01071166992188,30,0.0,0.0
2001-05-11 00:00:00+09:00,197.01071166992188,197.01071166992188,197.01071166992188,197.01071166992188,0,0.0,0.0
2001-05-14 00:00:00+09:00,194.0811710787895,194.8135528564453,194.0811710787895,194.8135528564453,30,0.0,0.0
2001-05-15 00:00:00+09:00,194.81357307830072,211.65835571289062,194.81357307830072,211.65835571289062,3000,0.0,0.0
2001-05-16 00:00:00+09:00,201.4050386954045,202.13742065429688,201.4050386954045,202.13742065429688,2000,0.0,0.0
2001-05-17 00:00:00+09:00,202.13738250732422,205.06690979003906,202.13738250732422,205.06690979003906,5000,0.0,0.0
2001-05-18 00:00:00+09:00,205.06690979003906,205.06690979003906,205.06690979003906,205.06690979003906,0,0.0,0.0
2001-05-21 00:00:00+09:00,205.06690979003906,212.39072799682617,205.06690979003906,205.06690979003906,11000,0.0,0.0
2001-05-22 00:00:00+09:00,205.06690979003906,205.06690979003906,205.06690979003906,205.06690979003906,5000,0.0,0.0
2001-05-23 00:00:00+09:00,202.13742065429688,202.13742065429688,202.13742065429688,202.13742065429688,1000,0.0,0.0
2001-05-24 00:00:00+09:00,202.13742065429688,202.13742065429688,202.13742065429688,202.13742065429688,0,0.0,0.0
2001-05-25 00:00:00+09:00,205.0669484898664,205.0669484898664,202.13742065429688,202.13742065429688,5000,0.0,0.0
2001-05-28 00:00:00+09:00,201.40501403808594,201.40501403808594,201.40501403808594,201.40501403808594,1000,0.0,0.0
2001-05-29 00:00:00+09:00,194.08120727539062,194.08120727539062,194.08120727539062,194.08120727539062,1000,0.0,0.0
2001-05-30 00:00:00+09:00,194.08120727539062,194.08120727539062,194.08120727539062,194.08120727539062,0,0.0,0.0
2001-05-31 00:00:00+09:00,194.08120727539062,194.08120727539062,194.08120727539062,194.08120727539062,0,0.0,0.0
2001-06-01 00:00:00+09:00,194.08120948849742,194.08120948849742,191.88406372070312,191.88406372070312,2000,0.0,0.0
2001-06-04 00:00:00+09:00,191.8840668818865,191.8840668818865,183.82786560058594,183.82786560058594,5000,0.0,0.0
2001-06-05 00:00:00+09:00,183.82786560058594,183.82786560058594,183.82786560058594,183.82786560058594,0,0.0,0.0
2001-06-06 00:00:00+09:00,183.82786560058594,183.82786560058594,183.82786560058594,183.82786560058594,0,0.0,0.0
2001-06-07 00:00:00+09:00,183.82786560058594,183.82786560058594,183.82786560058594,183.82786560058594,0,0.0,0.0
2001-06-08 00:00:00+09:00,183.82786560058594,183.82786560058594,183.82786560058594,183.82786560058594,5000,0.0,0.0
2001-06-11 00:00:00+09:00,183.82786560058594,183.82786560058594,183.82786560058594,183.82786560058594,6000,0.0,0.0
2001-06-12 00:00:00+09:00,176.5040283203125,176.5040283203125,176.5040283203125,176.5040283203125,7000,0.0,0.0
2001-06-13 00:00:00+09:00,176.5040283203125,176.5040283203125,176.5040283203125,176.5040283203125,0,0.0,0.0
2001-06-14 00:00:00+09:00,176.5040283203125,176.5040283203125,176.5040283203125,176.5040283203125,0,0.0,0.0
2001-06-15 00:00:00+09:00,169.1802215576172,169.1802215576172,169.1802215576172,169.1802215576172,1000,0.0,0.0
2001-06-18 00:00:00+09:00,170.6449737548828,170.6449737548828,170.6449737548828,170.6449737548828,2000,0.0,0.0
2001-06-19 00:00:00+09:00,170.6449737548828,170.6449737548828,170.6449737548828,170.6449737548828,0,0.0,0.0
2001-06-20 00:00:00+09:00,170.6449737548828,170.6449737548828,170.6449737548828,170.6449737548828,0,0.0,0.0
2001-06-21 00:00:00+09:00,185.29258940940682,188.95449829101562,185.29258940940682,188.95449829101562,10000,0.0,0.0
2001-06-22 00:00:00+09:00,192.61642456054688,192.61642456054688,192.61642456054688,192.61642456054688,7000,0.0,0.0
2001-06-25 00:00:00+09:00,196.27833557128906,196.27833557128906,196.27833557128906,196.27833557128906,1000,0.0,0.0
2001-06-26 00:00:00+09:00,197.01071742043567,197.01071742043567,196.27833557128906,196.27833557128906,5000,0.0,0.0
2001-06-27 00:00:00+09:00,194.8135528564453,194.8135528564453,194.8135528564453,194.8135528564453,1000,0.0,0.0
2001-06-28 00:00:00+09:00,194.8135528564453,194.8135528564453,194.8135528564453,194.8135528564453,0,0.0,0.0
2001-06-29 00:00:00+09:00,190.41928100585938,190.41928100585938,190.41928100585938,190.41928100585938,1000,0.0,0.0
2001-07-02 00:00:00+09:00,189.6868896484375,189.6868896484375,189.6868896484375,189.6868896484375,1000,0.0,0.0
2001-07-03 00:00:00+09:00,189.68690749137633,189.68690749137633,181.63070678710938,181.63070678710938,4000,0.0,0.0
2001-07-04 00:00:00+09:00,183.09544154575894,183.09544154575894,179.43353271484375,179.43353271484375,2000,0.0,0.0
2001-07-05 00:00:00+09:00,180.1659393310547,180.1659393310547,180.1659393310547,180.1659393310547,2000,0.0,0.0
2001-07-06 00:00:00+09:00,180.1659393310547,180.1659393310547,180.1659393310547,180.1659393310547,0,0.0,0.0
2001-07-09 00:00:00+09:00,180.1659393310547,180.1659393310547,180.1659393310547,180.1659393310547,0,0.0,0.0
2001-07-10 00:00:00+09:00,180.1659393310547,180.1659393310547,180.1659393310547,180.1659393310547,0,0.0,0.0
2001-07-11 00:00:00+09:00,180.1659393310547,180.1659393310547,180.1659393310547,180.1659393310547,0,0.0,0.0
2001-07-12 00:00:00+09:00,180.1659393310547,180.1659393310547,180.1659393310547,180.1659393310547,0,0.0,0.0
2001-07-13 00:00:00+09:00,180.1659393310547,180.1659393310547,180.1659393310547,180.1659393310547,0,0.0,0.0
2001-07-16 00:00:00+09:00,172.10971069335938,172.10971069335938,172.10971069335938,172.10971069335938,3000,0.0,0.0
2001-07-17 00:00:00+09:00,169.1802215576172,169.1802215576172,169.1802215576172,169.1802215576172,6000,0.0,0.0
2001-07-18 00:00:00+09:00,169.1802215576172,169.1802215576172,169.1802215576172,169.1802215576172,0,0.0,0.0
2001-07-19 00:00:00+09:00,169.91261989787472,172.84214782714844,169.91261989787472,172.84214782714844,3000,0.0,0.0
2001-07-20 00:00:00+09:00,172.84214782714844,172.84214782714844,172.84214782714844,172.84214782714844,0,0.0,0.0
2001-07-23 00:00:00+09:00,172.8421252020474,172.8421252020474,169.91259765625,169.91259765625,20000,0.0,0.0
2001-07-24 00:00:00+09:00,147.94111462104613,150.1382598876953,147.94111462104613,150.1382598876953,13000,0.0,0.0
2001-07-25 00:00:00+09:00,150.1382598876953,150.1382598876953,150.1382598876953,150.1382598876953,2000,0.0,0.0
2001-07-26 00:00:00+09:00,150.1382598876953,150.1382598876953,150.1382598876953,150.1382598876953,0,0.0,0.0
2001-07-27 00:00:00+09:00,161.12401149583897,168.4478302001953,161.12401149583897,168.4478302001953,4000,0.0,0.0
2001-07-30 00:00:00+09:00,168.4478302001953,168.4478302001953,168.4478302001953,168.4478302001953,0,0.0,0.0
2001-07-31 00:00:00+09:00,168.4478302001953,168.4478302001953,168.4478302001953,168.4478302001953,0,0.0,0.0
2001-08-01 00:00:00+09:00,161.12399291992188,161.12399291992188,161.12399291992188,161.12399291992188,2000,0.0,0.0
2001-08-02 00:00:00+09:00,168.4478248773619,168.4478248773619,157.46209716796875,157.46209716796875,3000,0.0,0.0
2001-08-03 00:00:00+09:00,157.4620797293527,157.4620797293527,153.8001708984375,153.8001708984375,8000,0.0,0.0
2001-08-06 00:00:00+09:00,154.53255042099372,154.53255042099372,150.1382598876953,150.1382598876953,7000,0.0,0.0
2001-08-07 00:00:00+09:00,150.1382598876953,150.1382598876953,150.1382598876953,150.1382598876953,0,0.0,0.0
2001-08-08 00:00:00+09:00,150.1382598876953,150.1382598876953,150.1382598876953,150.1382598876953,1000,0.0,0.0
2001-08-09 00:00:00+09:00,150.1382598876953,150.1382598876953,150.1382598876953,150.1382598876953,0,0.0,0.0
2001-08-10 00:00:00+09:00,150.1382598876953,150.1382598876953,150.1382598876953,150.1382598876953,1000,0.0,0.0
2001-08-13 00:00:00+09:00,150.1382598876953,150.1382598876953,150.1382598876953,150.1382598876953,2000,0.0,0.0
2001-08-14 00:00:00+09:00,150.1382598876953,150.1382598876953,150.1382598876953,150.1382598876953,0,0.0,0.0
2001-08-15 00:00:00+09:00,150.1382598876953,150.1382598876953,150.1382598876953,150.1382598876953,0,0.0,0.0
2001-08-16 00:00:00+09:00,150.1382598876953,150.1382598876953,150.1382598876953,150.1382598876953,0,0.0,0.0
2001-08-17 00:00:00+09:00,153.8001708984375,153.8001708984375,153.8001708984375,153.8001708984375,6000,0.0,0.0
2001-08-20 00:00:00+09:00,153.8001708984375,153.8001708984375,150.13826206752233,153.8001708984375,17000,0.0,0.0
2001-08-21 00:00:00+09:00,150.1382598876953,150.1382598876953,150.1382598876953,150.1382598876953,12000,0.0,0.0
2001-08-22 00:00:00+09:00,150.1382598876953,150.1382598876953,150.1382598876953,150.1382598876953,0,0.0,0.0
2001-08-23 00:00:00+09:00,150.13825184077172,150.13825184077172,147.20872497558594,147.20872497558594,6000,0.0,0.0
2001-08-24 00:00:00+09:00,147.94113159179688,147.94113159179688,147.94113159179688,147.94113159179688,5000,0.0,0.0
2001-08-27 00:00:00+09:00,158.92686462402344,158.92686462402344,158.92686462402344,158.92686462402344,1000,0.0,0.0
2001-08-28 00:00:00+09:00,158.92686462402344,158.92686462402344,158.92686462402344,158.92686462402344,6000,0.0,0.0
2001-08-29 00:00:00+09:00,158.92686462402344,158.92686462402344,158.92686462402344,158.92686462402344,0,0.0,0.0
2001-08-30 00:00:00+09:00,147.20872497558594,147.20872497558594,147.20872497558594,147.20872497558594,1000,0.0,0.0
2001-08-31 00:00:00+09:00,148.67352294921875,148.67352294921875,148.67352294921875,148.67352294921875,2000,0.0,0.0
2001-09-03 00:00:00+09:00,148.67352294921875,148.67352294921875,148.67352294921875,148.67352294921875,0,0.0,0.0
2001-09-04 00:00:00+09:00,159.65921771709736,159.65921771709736,142.81443786621094,142.81443786621094,6000,0.0,0.0
2001-09-05 00:00:00+09:00,147.94113159179688,147.94113159179688,147.94113159179688,147.94113159179688,1000,0.0,0.0
2001-09-06 00:00:00+09:00,146.47637939453125,146.47637939453125,146.47637939453125,146.47637939453125,3000,0.0,0.0
2001-09-07 00:00:00+09:00,146.47637939453125,146.47637939453125,146.47637939453125,146.47637939453125,1000,0.0,0.0
2001-09-10 00:00:00+09:00,146.47637939453125,146.47637939453125,146.47637939453125,146.47637939453125,0,0.0,0.0
2001-09-11 00:00:00+09:00,146.47637939453125,146.47637939453125,146.47637939453125,146.47637939453125,0,0.0,0.0
2001-09-12 00:00:00+09:00,146.47637939453125,146.47637939453125,146.47637939453125,146.47637939453125,0,0.0,0.0
2001-09-13 00:00:00+09:00,146.47637939453125,146.47637939453125,146.47637939453125,146.47637939453125,0,0.0,0.0
2001-09-14 00:00:00+09:00,146.47637939453125,146.47637939453125,146.47637939453125,146.47637939453125,0,0.0,0.0
2001-09-17 00:00:00+09:00,146.47637939453125,146.47637939453125,146.47637939453125,146.47637939453125,0,0.0,0.0
2001-09-18 00:00:00+09:00,146.47637939453125,146.47637939453125,146.47637939453125,146.47637939453125,3000,0.0,0.0
2001-09-19 00:00:00+09:00,147.94111462104613,150.1382598876953,147.94111462104613,150.1382598876953,2000,0.0,0.0
2001-09-20 00:00:00+09:00,150.1382661299272,161.12399291992188,150.1382661299272,161.12399291992188,4000,0.0,0.0
2001-09-21 00:00:00+09:00,161.12400413578393,171.37734985351562,161.12400413578393,171.37734985351562,18000,0.0,0.0
2001-09-24 00:00:00+09:00,171.37734985351562,171.37734985351562,171.37734985351562,171.37734985351562,0,0.0,0.0
2001-09-25 00:00:00+09:00,171.37734985351562,171.37734985351562,171.37734985351562,171.37734985351562,0,0.0,0.0
2001-09-26 00:00:00+09:00,171.37734985351562,171.37734985351562,171.37734985351562,171.37734985351562,0,0.0,0.0
2001-09-27 00:00:00+09:00,171.37734985351562,171.37734985351562,171.37734985351562,171.37734985351562,0,0.0,0.0
2001-09-28 00:00:00+09:00,171.37734985351562,171.37734985351562,171.37734985351562,171.37734985351562,0,0.0,0.0
2001-10-01 00:00:00+09:00,171.37734985351562,171.37734985351562,171.37734985351562,171.37734985351562,0,0.0,0.0
2001-10-02 00:00:00+09:00,168.44780377643866,168.44780377643866,150.1382598876953,150.1382598876953,5000,0.0,0.0
2001-10-03 00:00:00+09:00,150.1382598876953,150.1382598876953,150.1382598876953,150.1382598876953,0,0.0,0.0
2001-10-04 00:00:00+09:00,146.47637939453125,146.47637939453125,146.47637939453125,146.47637939453125,1000,0.0,0.0
2001-10-05 00:00:00+09:00,146.47637939453125,146.47637939453125,146.47637939453125,146.47637939453125,0,0.0,0.0
2001-10-08 00:00:00+09:00,146.47637939453125,146.47637939453125,146.47637939453125,146.47637939453125,0,0.0,0.0
2001-10-09 00:00:00+09:00,146.47637939453125,146.47637939453125,146.47637939453125,146.47637939453125,0,0.0,0.0
2001-10-10 00:00:00+09:00,146.47637939453125,146.47637939453125,146.47637939453125,146.47637939453125,0,0.0,0.0
2001-10-11 00:00:00+09:00,146.47637939453125,146.47637939453125,146.47637939453125,146.47637939453125,0,0.0,0.0
2001-10-12 00:00:00+09:00,146.47637939453125,146.47637939453125,146.47637939453125,146.47637939453125,1000,0.0,0.0
2001-10-15 00:00:00+09:00,150.1382598876953,150.1382598876953,150.1382598876953,150.1382598876953,1000,0.0,0.0
2001-10-16 00:00:00+09:00,153.8001708984375,153.8001708984375,153.8001708984375,153.8001708984375,1000,0.0,0.0
2001-10-17 00:00:00+09:00,153.8001708984375,153.8001708984375,153.8001708984375,153.8001708984375,0,0.0,0.0
2001-10-18 00:00:00+09:00,157.46209716796875,157.46209716796875,157.46209716796875,157.46209716796875,1000,0.0,0.0
2001-10-19 00:00:00+09:00,156.72970581054688,156.72970581054688,156.72970581054688,156.72970581054688,1000,0.0,0.0
2001-10-22 00:00:00+09:00,156.72970581054688,156.72970581054688,156.72970581054688,156.72970581054688,19000,0.0,0.0
2001-10-23 00:00:00+09:00,160.3916473388672,160.3916473388672,160.3916473388672,160.3916473388672,2000,0.0,0.0
2001-10-24 00:00:00+09:00,160.3916473388672,160.3916473388672,160.3916473388672,160.3916473388672,0,0.0,0.0
2001-10-25 00:00:00+09:00,163.3211575069943,163.3211575069943,162.58877563476562,162.58877563476562,7000,0.0,0.0
2001-10-26 00:00:00+09:00,162.58877563476562,162.58877563476562,162.58877563476562,162.58877563476562,0,0.0,0.0
2001-10-29 00:00:00+09:00,162.58877563476562,162.58877563476562,162.58877563476562,162.58877563476562,0,0.0,0.0
2001-10-30 00:00:00+09:00,162.58877563476562,162.58877563476562,162.58877563476562,162.58877563476562,0,0.0,0.0
2001-10-31 00:00:00+09:00,162.58877563476562,162.58877563476562,162.58877563476562,162.58877563476562,0,0.0,0.0
2001-11-01 00:00:00+09:00,162.58877563476562,162.58877563476562,162.58877563476562,162.58877563476562,0,0.0,0.0
2001-11-02 00:00:00+09:00,161.85637827752865,161.85637827752865,150.8706512451172,150.8706512451172,3000,0.0,0.0
2001-11-05 00:00:00+09:00,143.54683685302734,143.54683685302734,140.6173095703125,140.6173095703125,3000,0.0,0.0
2001-11-06 00:00:00+09:00,143.546875,143.546875,143.546875,143.546875,1000,0.0,0.0
2001-11-07 00:00:00+09:00,156.72970581054688,156.72970581054688,156.72970581054688,156.72970581054688,1000,0.0,0.0
2001-11-08 00:00:00+09:00,156.72970581054688,156.72970581054688,156.72970581054688,156.72970581054688,0,0.0,0.0
2001-11-09 00:00:00+09:00,156.72970581054688,156.72970581054688,156.72970581054688,156.72970581054688,0,0.0,0.0
2001-11-12 00:00:00+09:00,156.72970581054688,156.72970581054688,156.72970581054688,156.72970581054688,0,0.0,0.0
2001-11-13 00:00:00+09:00,139.15257263183594,139.15257263183594,139.15257263183594,139.15257263183594,2000,0.0,0.0
2001-11-14 00:00:00+09:00,139.15257263183594,139.15257263183594,139.15257263183594,139.15257263183594,4000,0.0,0.0
2001-11-15 00:00:00+09:00,139.15257263183594,139.15257263183594,139.15257263183594,139.15257263183594,0,0.0,0.0
2001-11-16 00:00:00+09:00,138.420166015625,138.420166015625,138.420166015625,138.420166015625,2000,0.0,0.0
2001-11-19 00:00:00+09:00,139.15257263183594,139.15257263183594,139.15257263183594,139.15257263183594,5000,0.0,0.0
2001-11-20 00:00:00+09:00,139.15257263183594,139.15257263183594,139.15257263183594,139.15257263183594,18000,0.0,0.0
2001-11-21 00:00:00+09:00,142.81443786621094,142.81443786621094,142.81443786621094,142.81443786621094,3000,0.0,0.0
2001-11-22 00:00:00+09:00,146.47637939453125,146.47637939453125,146.47637939453125,146.47637939453125,1000,0.0,0.0
2001-11-23 00:00:00+09:00,146.47637939453125,146.47637939453125,146.47637939453125,146.47637939453125,0,0.0,0.0
2001-11-26 00:00:00+09:00,146.47637939453125,146.47637939453125,146.47637939453125,146.47637939453125,5000,0.0,0.0
2001-11-27 00:00:00+09:00,139.88495459305614,139.88495459305614,139.15257263183594,139.15257263183594,2000,0.0,0.0
2001-11-28 00:00:00+09:00,139.15257263183594,139.15257263183594,139.15257263183594,139.15257263183594,0,0.0,0.0
2001-11-29 00:00:00+09:00,139.15257263183594,139.15257263183594,139.15257263183594,139.15257263183594,1000,0.0,0.0
2001-11-30 00:00:00+09:00,131.82875061035156,131.82875061035156,131.82875061035156,131.82875061035156,2000,0.0,0.0
2001-12-03 00:00:00+09:00,131.82875061035156,131.82875061035156,131.82875061035156,131.82875061035156,0,0.0,0.0
2001-12-04 00:00:00+09:00,146.47637939453125,146.47637939453125,146.47637939453125,146.47637939453125,2000,0.0,0.0
2001-12-05 00:00:00+09:00,146.47637939453125,146.47637939453125,146.47637939453125,146.47637939453125,0,0.0,0.0
2001-12-06 00:00:00+09:00,145.7439727783203,145.7439727783203,145.7439727783203,145.7439727783203,2000,0.0,0.0
2001-12-07 00:00:00+09:00,145.7439727783203,145.7439727783203,145.7439727783203,145.7439727783203,0,0.0,0.0
2001-12-10 00:00:00+09:00,145.7439727783203,145.7439727783203,145.7439727783203,145.7439727783203,10000,0.0,0.0
2001-12-11 00:00:00+09:00,145.01158142089844,145.01158142089844,145.01158142089844,145.01158142089844,2000,0.0,0.0
2001-12-12 00:00:00+09:00,145.01158142089844,145.01158142089844,145.01158142089844,145.01158142089844,0,0.0,0.0
2001-12-13 00:00:00+09:00,142.81443786621094,142.81443786621094,142.81443786621094,142.81443786621094,1000,0.0,0.0
2001-12-14 00:00:00+09:00,132.5611114501953,132.5611114501953,132.5611114501953,132.5611114501953,1000,0.0,0.0
2001-12-17 00:00:00+09:00,132.5611114501953,132.5611114501953,132.5611114501953,132.5611114501953,0,0.0,0.0
2001-12-18 00:00:00+09:00,131.8287073083826,135.49061584472656,131.8287073083826,135.49061584472656,3000,0.0,0.0
2001-12-19 00:00:00+09:00,142.08209788004558,142.08209788004558,131.82875061035156,131.82875061035156,4000,0.0,0.0
2001-12-20 00:00:00+09:00,131.8287073083826,135.49061584472656,131.8287073083826,135.49061584472656,26000,0.0,0.0
2001-12-21 00:00:00+09:00,136.22303771972656,136.22303771972656,136.22303771972656,136.22303771972656,1000,0.0,0.0
2001-12-24 00:00:00+09:00,136.22303771972656,136.22303771972656,136.22303771972656,136.22303771972656,0,0.0,0.0
2001-12-25 00:00:00+09:00,139.15257263183594,139.15257263183594,139.15257263183594,139.15257263183594,4000,0.0,0.0
2001-12-26 00:00:00+09:00,146.47634325928948,147.20872497558594,146.47634325928948,147.20872497558594,4000,0.0,0.0
2001-12-27 00:00:00+09:00,150.1382598876953,150.1382598876953,150.1382598876953,150.1382598876953,8000,0.0,0.0
2001-12-28 00:00:00+09:00,153.8001708984375,153.8001708984375,153.8001708984375,153.8001708984375,3000,0.0,0.0
2001-12-31 00:00:00+09:00,153.8001708984375,153.8001708984375,153.8001708984375,153.8001708984375,0,0.0,0.0
2002-01-01 00:00:00+09:00,153.8001708984375,153.8001708984375,153.8001708984375,153.8001708984375,0,0.0,0.0
2002-01-02 00:00:00+09:00,153.8001708984375,153.8001708984375,153.8001708984375,153.8001708984375,0,0.0,0.0
2002-01-03 00:00:00+09:00,153.8001708984375,153.8001708984375,153.8001708984375,153.8001708984375,0,0.0,0.0
2002-01-04 00:00:00+09:00,153.8001708984375,153.8001708984375,153.8001708984375,153.8001708984375,1000,0.0,0.0
2002-01-07 00:00:00+09:00,153.0678154440487,153.0678154440487,136.95541381835938,136.95541381835938,7000,0.0,0.0
2002-01-08 00:00:00+09:00,138.420166015625,138.420166015625,138.420166015625,138.420166015625,2000,0.0,0.0
2002-01-09 00:00:00+09:00,142.81443786621094,142.81443786621094,142.81443786621094,142.81443786621094,1000,0.0,0.0
2002-01-10 00:00:00+09:00,139.15257263183594,139.15257263183594,139.15257263183594,139.15257263183594,3000,0.0,0.0
2002-01-11 00:00:00+09:00,136.22299755199535,136.22299755199535,135.49061584472656,135.49061584472656,3000,0.0,0.0
2002-01-14 00:00:00+09:00,135.49061584472656,135.49061584472656,135.49061584472656,135.49061584472656,0,0.0,0.0
2002-01-15 00:00:00+09:00,135.49061584472656,135.49061584472656,135.49061584472656,135.49061584472656,0,0.0,0.0
2002-01-16 00:00:00+09:00,135.49061584472656,135.49061584472656,135.49061584472656,135.49061584472656,1000,0.0,0.0
2002-01-17 00:00:00+09:00,135.4906484582922,135.4906484582922,133.2935028076172,133.2935028076172,4000,0.0,0.0
2002-01-18 00:00:00+09:00,134.025852430189,135.49061584472656,134.025852430189,135.49061584472656,2000,0.0,0.0
2002-01-21 00:00:00+09:00,135.49061584472656,135.49061584472656,135.49061584472656,135.49061584472656,18000,0.0,0.0
2002-01-22 00:00:00+09:00,139.15257263183594,139.15257263183594,139.15257263183594,139.15257263183594,1000,0.0,0.0
2002-01-23 00:00:00+09:00,142.81449298469389,143.546875,142.81449298469389,143.546875,2000,0.0,0.0
2002-01-24 00:00:00+09:00,143.54683037024702,143.54683037024702,126.7020492553711,126.7020492553711,15000,0.0,0.0
2002-01-25 00:00:00+09:00,126.70209164089627,126.70209164089627,125.2373275756836,125.2373275756836,10000,0.0,0.0
2002-01-28 00:00:00+09:00,126.70209164089627,126.70209164089627,125.2373275756836,125.2373275756836,8000,0.0,0.0
2002-01-29 00:00:00+09:00,126.70209164089627,128.16685570610895,125.2373275756836,125.2373275756836,12000,0.0,0.0
2002-01-30 00:00:00+09:00,124.50489807128906,124.50489807128906,124.50489807128906,124.50489807128906,1000,0.0,0.0
2002-01-31 00:00:00+09:00,124.50489807128906,124.50489807128906,124.50489807128906,124.50489807128906,0,0.0,0.0
2002-02-01 00:00:00+09:00,123.77253723144531,123.77253723144531,123.77253723144531,123.77253723144531,2000,0.0,0.0
2002-02-04 00:00:00+09:00,126.70205295305311,126.70205295305311,118.64585305430407,119.37823486328125,4000,0.0,0.0
2002-02-05 00:00:00+09:00,119.37823486328126,119.37823486328126,119.37823486328126,119.37823486328125,0,0.0,0.0
2002-02-06 00:00:00+09:00,119.37823486328126,119.37823486328126,119.37823486328126,119.37823486328125,0,0.0,0.0
2002-02-07 00:00:00+09:00,120.84300231933594,120.84300231933594,120.84300231933594,120.84300231933594,3000,0.0,0.0
2002-02-08 00:00:00+09:00,120.84300231933594,120.84300231933594,120.84300231933594,120.84300231933594,0,0.0,0.0
2002-02-11 00:00:00+09:00,120.84300231933594,120.84300231933594,120.84300231933594,120.84300231933594,0,0.0,0.0
2002-02-12 00:00:00+09:00,120.84300231933594,120.84300231933594,120.84300231933594,120.84300231933594,0,0.0,0.0
2002-02-13 00:00:00+09:00,120.84300231933594,120.84300231933594,120.84300231933594,120.84300231933594,0,0.0,0.0
2002-02-14 00:00:00+09:00,117.91349792480469,117.91349792480469,117.91349792480469,117.91349792480469,1000,0.0,0.0
2002-02-15 00:00:00+09:00,117.91349792480469,117.91349792480469,117.91349792480469,117.91349792480469,0,0.0,0.0
2002-02-18 00:00:00+09:00,114.2515640258789,114.2515640258789,114.2515640258789,114.2515640258789,1000,0.0,0.0
2002-02-19 00:00:00+09:00,114.2515640258789,114.2515640258789,114.2515640258789,114.2515640258789,0,0.0,0.0
2002-02-20 00:00:00+09:00,114.98395372691908,114.98395372691908,111.3220443725586,111.3220443725586,27000,0.0,0.0
2002-02-21 00:00:00+09:00,114.98394775390625,114.98394775390625,114.98394775390625,114.98394775390625,2000,0.0,0.0
2002-02-22 00:00:00+09:00,117.18111419677734,117.18111419677734,117.18111419677734,117.18111419677734,2000,0.0,0.0
2002-02-25 00:00:00+09:00,117.18111419677734,117.18111419677734,117.18111419677734,117.18111419677734,0,0.0,0.0
2002-02-26 00:00:00+09:00,120.84300231933594,121.57538415157433,120.84300231933594,120.84300231933594,5000,0.0,0.0
2002-02-27 00:00:00+09:00,124.5049298967634,131.82874930245538,124.5049298967634,128.16683959960938,12000,0.0,0.0
2002-02-28 00:00:00+09:00,128.1668408711751,131.82875061035156,128.1668408711751,131.82875061035156,8000,0.0,0.0
2002-03-01 00:00:00+09:00,131.82875061035156,131.82875061035156,131.82875061035156,131.82875061035156,1000,0.0,0.0
2002-03-04 00:00:00+09:00,139.15252762611465,145.01158142089844,138.4201459017667,145.01158142089844,10000,0.0,0.0
2002-03-05 00:00:00+09:00,139.15257263183594,139.15257263183594,139.15257263183594,139.15257263183594,2000,0.0,0.0
2002-03-06 00:00:00+09:00,139.15257263183594,139.15257263183594,139.15257263183594,139.15257263183594,0,0.0,0.0
2002-03-07 00:00:00+09:00,138.420166015625,138.420166015625,131.09634770792,138.420166015625,6000,0.0,0.0
2002-03-08 00:00:00+09:00,138.420166015625,138.420166015625,138.420166015625,138.420166015625,0,0.0,0.0
2002-03-11 00:00:00+09:00,135.49061584472656,135.49061584472656,135.49061584472656,135.49061584472656,1000,0.0,0.0
2002-03-12 00:00:00+09:00,125.23731409117232,125.96969604492186,125.23731409117232,125.96969604492188,5000,0.0,0.0
2002-03-13 00:00:00+09:00,125.96969604492186,125.96969604492186,125.96969604492186,125.96969604492188,0,0.0,0.0
2002-03-14 00:00:00+09:00,125.96969604492186,125.96969604492186,125.96969604492186,125.96969604492188,0,0.0,0.0
2002-03-15 00:00:00+09:00,128.1668408711751,131.82875061035156,128.1668408711751,131.82875061035156,2000,0.0,0.0
2002-03-18 00:00:00+09:00,124.50489807128906,124.50489807128906,124.50489807128906,124.50489807128906,6000,0.0,0.0
2002-03-19 00:00:00+09:00,128.16683959960938,128.16683959960938,128.16683959960938,128.16683959960938,1000,0.0,0.0
2002-03-20 00:00:00+09:00,128.16679877203865,135.49061584472656,128.16679877203865,135.49061584472656,18000,0.0,0.0
2002-03-21 00:00:00+09:00,135.49061584472656,135.49061584472656,135.49061584472656,135.49061584472656,0,0.0,0.0
2002-03-22 00:00:00+09:00,144.27923370361327,153.8001983642578,144.27923370361327,146.47637939453125,17000,0.0,0.0
2002-03-25 00:00:00+09:00,150.1382834393045,168.4478302001953,150.1382834393045,168.4478302001953,13000,0.0,0.0
2002-03-26 00:00:00+09:00,171.05076260036893,174.76925743950738,171.05076260036893,174.0255584716797,15000,3.5,0.0
2002-03-27 00:00:00+09:00,174.76925327189298,177.74404907226562,174.76925327189298,177.74404907226562,9000,0.0,0.0
2002-03-28 00:00:00+09:00,177.74404907226562,181.46254382273142,177.74404907226562,177.74404907226562,6000,0.0,0.0
2002-03-29 00:00:00+09:00,171.05079197992472,171.05079197992472,162.87010192871094,162.87010192871094,3000,0.0,0.0
2002-04-01 00:00:00+09:00,148.73980712890625,148.73980712890625,148.73980712890625,148.73980712890625,1000,0.0,0.0
2002-04-02 00:00:00+09:00,159.89529266357422,159.89529266357422,148.73980712890625,148.73980712890625,3000,0.0,0.0
2002-04-03 00:00:00+09:00,148.73980712890625,148.73980712890625,148.73980712890625,148.73980712890625,1000,0.0,0.0
2002-04-04 00:00:00+09:00,148.73980712890625,148.73980712890625,148.73980712890625,148.73980712890625,0,0.0,0.0
2002-04-05 00:00:00+09:00,142.04652404785156,142.04652404785156,142.04652404785156,142.04652404785156,1000,0.0,0.0
2002-04-08 00:00:00+09:00,141.30282592773438,141.30282592773438,141.30282592773438,141.30282592773438,1000,0.0,0.0
2002-04-09 00:00:00+09:00,134.6094941010346,137.58428955078125,134.6094941010346,137.58428955078125,3000,0.0,0.0
2002-04-10 00:00:00+09:00,135.3532112922458,135.3532112922458,134.60951232910156,134.60951232910156,4000,0.0,0.0
2002-04-11 00:00:00+09:00,136.84059143066406,136.84059143066406,136.84059143066406,136.84059143066406,1000,0.0,0.0
2002-04-12 00:00:00+09:00,136.84059143066406,136.84059143066406,136.84059143066406,136.84059143066406,0,0.0,0.0
2002-04-15 00:00:00+09:00,136.84059143066406,136.84059143066406,136.84059143066406,136.84059143066406,0,0.0,0.0
2002-04-16 00:00:00+09:00,136.09692112092048,141.30281427855132,136.09692112092048,138.32801818847656,6000,0.0,0.0
2002-04-17 00:00:00+09:00,138.32801818847656,138.32801818847656,138.32801818847656,138.32801818847656,0,0.0,0.0
2002-04-18 00:00:00+09:00,141.30282496906702,142.04652404785156,141.30282496906702,142.04652404785156,2000,0.0,0.0
2002-04-19 00:00:00+09:00,142.04652404785156,142.04652404785156,142.04652404785156,142.04652404785156,7000,0.0,0.0
2002-04-22 00:00:00+09:00,142.79023337850765,145.76502990722656,142.04653424632792,145.76502990722656,17000,0.0,0.0
2002-04-23 00:00:00+09:00,145.76498819986978,156.17677307128906,145.76498819986978,156.17677307128906,4000,0.0,0.0
2002-04-24 00:00:00+09:00,156.92050170898438,158.4078998294487,156.92050170898438,156.92050170898438,6000,0.0,0.0
2002-04-25 00:00:00+09:00,160.6389878216912,164.35748291015625,160.6389878216912,164.35748291015625,8000,0.0,0.0
2002-04-26 00:00:00+09:00,167.33228970417935,168.07598876953125,163.61379437741982,168.07598876953125,23000,0.0,0.0
2002-04-29 00:00:00+09:00,168.07598876953125,168.07598876953125,168.07598876953125,168.07598876953125,0,0.0,0.0
2002-04-30 00:00:00+09:00,170.30703735351562,170.30703735351562,170.30703735351562,170.30703735351562,2000,0.0,0.0
2002-05-01 00:00:00+09:00,169.56338979952002,169.56338979952002,165.8448944091797,165.8448944091797,2000,0.0,0.0
2002-05-02 00:00:00+09:00,164.35746848366477,164.35746848366477,163.61376953125,163.61376953125,5000,0.0,0.0
2002-05-03 00:00:00+09:00,163.61376953125,163.61376953125,163.61376953125,163.61376953125,0,0.0,0.0
2002-05-06 00:00:00+09:00,163.61376953125,163.61376953125,163.61376953125,163.61376953125,0,0.0,0.0
2002-05-07 00:00:00+09:00,152.45826721191406,152.45826721191406,152.45826721191406,152.45826721191406,1000,0.0,0.0
2002-05-08 00:00:00+09:00,152.45826721191406,152.45826721191406,152.45826721191406,152.45826721191406,0,0.0,0.0
2002-05-09 00:00:00+09:00,152.45826721191406,152.45826721191406,152.45826721191406,152.45826721191406,0,0.0,0.0
2002-05-10 00:00:00+09:00,155.43310546875,155.43310546875,155.43310546875,155.43310546875,1000,0.0,0.0
2002-05-13 00:00:00+09:00,163.61376953125,163.61376953125,163.61376953125,163.61376953125,1000,0.0,0.0
2002-05-14 00:00:00+09:00,162.87010192871094,162.87010192871094,162.87010192871094,162.87010192871094,1000,0.0,0.0
2002-05-15 00:00:00+09:00,162.87007568929798,162.87007568929798,159.15158081054688,159.15158081054688,2000,0.0,0.0
2002-05-16 00:00:00+09:00,160.63899701014515,160.63899701014515,156.92050170898438,156.92050170898438,4000,0.0,0.0
2002-05-17 00:00:00+09:00,163.61376953125,163.61376953125,163.61376953125,163.61376953125,1000,0.0,0.0
2002-05-20 00:00:00+09:00,163.61376953125,163.61376953125,163.61376953125,163.61376953125,20000,0.0,0.0
2002-05-21 00:00:00+09:00,159.89527893066406,159.89527893066406,159.89527893066406,159.89527893066406,1000,0.0,0.0
2002-05-22 00:00:00+09:00,156.17677307128906,156.17677307128906,156.17677307128906,156.17677307128906,1000,0.0,0.0
2002-05-23 00:00:00+09:00,161.3826904296875,161.3826904296875,161.3826904296875,161.3826904296875,1000,0.0,0.0
2002-05-24 00:00:00+09:00,156.17678000710225,163.61376953125,156.17678000710225,163.61376953125,4000,0.0,0.0
2002-05-27 00:00:00+09:00,171.05075905539772,171.05075905539772,163.61376953125,163.61376953125,15000,0.0,0.0
2002-05-28 00:00:00+09:00,163.61376953125,163.61376953125,163.61376953125,163.61376953125,1000,0.0,0.0
2002-05-29 00:00:00+09:00,163.61377378951673,167.33226864836936,159.89527893066406,159.89527893066406,4000,0.0,0.0
2002-05-30 00:00:00+09:00,159.89527079264323,167.33226013183594,159.89527079264323,167.33226013183594,2000,0.0,0.0
2002-05-31 00:00:00+09:00,167.33226013183594,167.33226013183594,167.33226013183594,167.33226013183594,0,0.0,0.0
2002-06-03 00:00:00+09:00,167.33226013183594,167.33226013183594,167.33226013183594,167.33226013183594,0,0.0,0.0
2002-06-04 00:00:00+09:00,170.30706010298294,170.30706010298294,163.61376953125,163.61376953125,4000,0.0,0.0
2002-06-05 00:00:00+09:00,152.45826721191406,152.45826721191406,152.45826721191406,152.45826721191406,1000,0.0,0.0
2002-06-06 00:00:00+09:00,149.4835255681252,149.4835255681252,145.76502990722656,145.76502990722656,6000,0.0,0.0
2002-06-07 00:00:00+09:00,160.63897705078125,160.63897705078125,160.63897705078125,160.63897705078125,1000,0.0,0.0
2002-06-10 00:00:00+09:00,159.15157911512586,160.63897705078125,159.15157911512586,160.63897705078125,3000,0.0,0.0
2002-06-11 00:00:00+09:00,160.63897705078125,160.63897705078125,160.63897705078125,160.63897705078125,3000,0.0,0.0
2002-06-12 00:00:00+09:00,146.50868148033064,147.25238037109375,146.50868148033064,147.25238037109375,11000,0.0,0.0
2002-06-13 00:00:00+09:00,147.25238037109375,147.25238037109375,147.25238037109375,147.25238037109375,0,0.0,0.0
2002-06-14 00:00:00+09:00,147.25238037109375,147.25238037109375,147.25238037109375,147.25238037109375,0,0.0,0.0
2002-06-17 00:00:00+09:00,147.25238037109375,147.25238037109375,147.25238037109375,147.25238037109375,3000,0.0,0.0
2002-06-18 00:00:00+09:00,147.25238037109375,147.25238037109375,147.25238037109375,147.25238037109375,0,0.0,0.0
2002-06-19 00:00:00+09:00,151.71458601243424,151.71458601243424,150.22718811035156,150.22718811035156,4000,0.0,0.0
2002-06-20 00:00:00+09:00,150.22718811035156,150.22718811035156,150.22718811035156,150.22718811035156,16000,0.0,0.0
2002-06-21 00:00:00+09:00,150.9709014892578,150.9709014892578,150.9709014892578,150.9709014892578,3000,0.0,0.0
2002-06-24 00:00:00+09:00,151.71461486816406,151.71461486816406,151.71461486816406,151.71461486816406,2000,0.0,0.0
2002-06-25 00:00:00+09:00,151.71461486816406,151.71461486816406,151.71461486816406,151.71461486816406,0,0.0,0.0
2002-06-26 00:00:00+09:00,156.17677307128906,156.17677307128906,156.17677307128906,156.17677307128906,4000,0.0,0.0
2002-06-27 00:00:00+09:00,154.68942260742188,154.68942260742188,154.68942260742188,154.68942260742188,1000,0.0,0.0
2002-06-28 00:00:00+09:00,154.68942260742188,154.68942260742188,154.68942260742188,154.68942260742188,0,0.0,0.0
2002-07-01 00:00:00+09:00,154.68942260742188,154.68942260742188,154.68942260742188,154.68942260742188,0,0.0,0.0
2002-07-02 00:00:00+09:00,154.68942260742188,154.68942260742188,154.68942260742188,154.68942260742188,18000,0.0,0.0
2002-07-03 00:00:00+09:00,154.68939659983067,154.68939659983067,150.9709014892578,150.9709014892578,8000,0.0,0.0
2002-07-04 00:00:00+09:00,153.94569396972656,153.94569396972656,153.94569396972656,153.94569396972656,1000,0.0,0.0
2002-07-05 00:00:00+09:00,153.94569396972656,153.94569396972656,153.94569396972656,153.94569396972656,2000,0.0,0.0
2002-07-08 00:00:00+09:00,150.22718811035156,150.22718811035156,150.22718811035156,150.22718811035156,2000,0.0,0.0
2002-07-09 00:00:00+09:00,149.4835255681252,149.4835255681252,145.76502990722656,145.76502990722656,5000,0.0,0.0
2002-07-10 00:00:00+09:00,145.76502990722656,145.76502990722656,145.76502990722656,145.76502990722656,0,0.0,0.0
2002-07-11 00:00:00+09:00,141.30282592773438,141.30282592773438,141.30282592773438,141.30282592773438,10000,0.0,0.0
2002-07-12 00:00:00+09:00,141.30282592773438,141.30282592773438,141.30282592773438,141.30282592773438,0,0.0,0.0
2002-07-15 00:00:00+09:00,142.7902069091797,142.7902069091797,142.7902069091797,142.7902069091797,2000,0.0,0.0
2002-07-16 00:00:00+09:00,148.73978052383814,148.73978052383814,145.0212860107422,145.0212860107422,2000,0.0,0.0
2002-07-17 00:00:00+09:00,140.55911254882812,140.55911254882812,140.55911254882812,140.55911254882812,2000,0.0,0.0
2002-07-18 00:00:00+09:00,145.0213213468853,145.0213213468853,141.30282592773438,141.30282592773438,3000,0.0,0.0
2002-07-19 00:00:00+09:00,148.73980712890625,148.73980712890625,148.73980712890625,148.73980712890625,1000,0.0,0.0
2002-07-22 00:00:00+09:00,148.73980450373824,148.73980450373824,137.58431916595788,138.32801818847656,22000,0.0,0.0
2002-07-23 00:00:00+09:00,138.32801818847656,138.32801818847656,138.32801818847656,138.32801818847656,0,0.0,0.0
2002-07-24 00:00:00+09:00,138.32801818847656,138.32801818847656,138.32801818847656,138.32801818847656,1000,0.0,0.0
2002-07-25 00:00:00+09:00,138.32801818847656,138.32801818847656,138.32801818847656,138.32801818847656,1000,0.0,0.0
2002-07-26 00:00:00+09:00,139.07171630859375,139.07171630859375,139.07171630859375,139.07171630859375,5000,0.0,0.0
2002-07-29 00:00:00+09:00,139.07171630859375,139.07171630859375,139.07171630859375,139.07171630859375,4000,0.0,0.0
2002-07-30 00:00:00+09:00,141.30282592773438,141.30282592773438,141.30282592773438,141.30282592773438,1000,0.0,0.0
2002-07-31 00:00:00+09:00,141.30282592773438,141.30282592773438,141.30282592773438,141.30282592773438,0,0.0,0.0
2002-08-01 00:00:00+09:00,141.30278386296453,141.30278386296453,137.58428955078125,137.58428955078125,2000,0.0,0.0
2002-08-02 00:00:00+09:00,152.45831218518708,152.45831218518708,141.30282592773438,141.30282592773438,3000,0.0,0.0
2002-08-05 00:00:00+09:00,141.30282592773438,141.30282592773438,141.30282592773438,141.30282592773438,0,0.0,0.0
2002-08-06 00:00:00+09:00,142.7902069091797,142.7902069091797,142.7902069091797,142.7902069091797,1000,0.0,0.0
2002-08-07 00:00:00+09:00,142.7902069091797,142.7902069091797,142.7902069091797,142.7902069091797,0,0.0,0.0
2002-08-08 00:00:00+09:00,136.09690856933594,136.09690856933594,136.09690856933594,136.09690856933594,4000,0.0,0.0
2002-08-09 00:00:00+09:00,136.09690856933594,136.09690856933594,136.09690856933594,136.09690856933594,0,0.0,0.0
2002-08-12 00:00:00+09:00,136.84060752326673,136.84060752326673,136.09690856933594,136.09690856933594,3000,0.0,0.0
2002-08-13 00:00:00+09:00,136.09690856933594,136.09690856933594,136.09690856933594,136.09690856933594,0,0.0,0.0
2002-08-14 00:00:00+09:00,136.09690856933594,136.09690856933594,136.09690856933594,136.09690856933594,1000,0.0,0.0
2002-08-15 00:00:00+09:00,133.12213134765625,133.12213134765625,133.12213134765625,133.12213134765625,2000,0.0,0.0
2002-08-16 00:00:00+09:00,130.8910369873047,130.8910369873047,130.8910369873047,130.8910369873047,9000,0.0,0.0
2002-08-19 00:00:00+09:00,130.89103525692653,144.27761840820312,130.89103525692653,144.27761840820312,6000,0.0,0.0
2002-08-20 00:00:00+09:00,143.53391934424332,144.27761840820312,143.53391934424332,144.27761840820312,19000,0.0,0.0
2002-08-21 00:00:00+09:00,131.63470381833196,132.37840270996094,131.63470381833196,132.37840270996094,6000,0.0,0.0
2002-08-22 00:00:00+09:00,133.12213134765625,133.12213134765625,133.12213134765625,133.12213134765625,2000,0.0,0.0
2002-08-23 00:00:00+09:00,133.12213134765625,133.12213134765625,133.12213134765625,133.12213134765625,0,0.0,0.0
2002-08-26 00:00:00+09:00,131.63470458984375,131.63470458984375,131.63470458984375,131.63470458984375,1000,0.0,0.0
2002-08-27 00:00:00+09:00,131.63470458984375,131.63470458984375,131.63470458984375,131.63470458984375,1000,0.0,0.0
2002-08-28 00:00:00+09:00,133.86582946777344,133.86582946777344,133.86582946777344,133.86582946777344,1000,0.0,0.0
2002-08-29 00:00:00+09:00,133.86582946777344,133.86582946777344,133.86582946777344,133.86582946777344,0,0.0,0.0
2002-08-30 00:00:00+09:00,141.30282592773438,141.30282592773438,141.30282592773438,141.30282592773438,2000,0.0,0.0
2002-09-02 00:00:00+09:00,137.58432473076715,137.58432473076715,133.86582946777344,133.86582946777344,2000,0.0,0.0
2002-09-03 00:00:00+09:00,133.86582510811942,133.86582510811942,124.94143676757812,124.94143676757812,3000,0.0,0.0
2002-09-04 00:00:00+09:00,119.7355471355159,121.96664428710938,119.7355471355159,121.96664428710938,5000,0.0,0.0
2002-09-05 00:00:00+09:00,121.96664428710938,121.96664428710938,121.96664428710938,121.96664428710938,0,0.0,0.0
2002-09-06 00:00:00+09:00,121.96664428710938,121.96664428710938,121.96664428710938,121.96664428710938,0,0.0,0.0
2002-09-09 00:00:00+09:00,122.7103271484375,122.7103271484375,122.7103271484375,122.7103271484375,1000,0.0,0.0
2002-09-10 00:00:00+09:00,122.7103271484375,122.7103271484375,122.7103271484375,122.7103271484375,1000,0.0,0.0
2002-09-11 00:00:00+09:00,122.7103271484375,122.7103271484375,122.7103271484375,122.7103271484375,0,0.0,0.0
2002-09-12 00:00:00+09:00,123.45404815673828,123.45404815673828,123.45404815673828,123.45404815673828,4000,0.0,0.0
2002-09-13 00:00:00+09:00,123.45404815673828,123.45404815673828,123.45404815673828,123.45404815673828,0,0.0,0.0
2002-09-16 00:00:00+09:00,123.45404815673828,123.45404815673828,123.45404815673828,123.45404815673828,0,0.0,0.0
2002-09-17 00:00:00+09:00,128.659912109375,128.659912109375,128.659912109375,128.659912109375,1000,0.0,0.0
2002-09-18 00:00:00+09:00,133.12208907905668,136.8405831874102,129.40359497070312,129.40359497070312,6000,0.0,0.0
2002-09-19 00:00:00+09:00,133.12210502031553,143.5338897705078,130.89100828813147,143.5338897705078,12000,0.0,0.0
2002-09-20 00:00:00+09:00,142.7902069091797,142.7902069091797,141.3028089205424,142.7902069091797,20000,0.0,0.0
2002-09-23 00:00:00+09:00,142.7902069091797,142.7902069091797,142.7902069091797,142.7902069091797,0,0.0,0.0
2002-09-24 00:00:00+09:00,142.7902069091797,142.7902069091797,142.7902069091797,142.7902069091797,5000,0.0,0.0
2002-09-25 00:00:00+09:00,142.7902069091797,142.7902069091797,142.7902069091797,142.7902069091797,0,0.0,0.0
2002-09-26 00:00:00+09:00,134.60951232910156,134.60951232910156,134.60951232910156,134.60951232910156,1000,0.0,0.0
2002-09-27 00:00:00+09:00,134.60951232910156,134.60951232910156,134.60951232910156,134.60951232910156,0,0.0,0.0
2002-09-30 00:00:00+09:00,132.3784242995242,139.81541442871094,132.3784242995242,139.81541442871094,2000,0.0,0.0
2002-10-01 00:00:00+09:00,128.65993190947034,128.65993190947034,124.94143676757812,124.94143676757812,22000,0.0,0.0
2002-10-02 00:00:00+09:00,124.94143676757812,124.94143676757812,124.94143676757812,124.94143676757812,4000,0.0,0.0
2002-10-03 00:00:00+09:00,126.42881011962892,126.42881011962892,126.42881011962892,126.4288101196289,1000,0.0,0.0
2002-10-04 00:00:00+09:00,126.42881011962892,126.42881011962892,126.42881011962892,126.4288101196289,1000,0.0,0.0
2002-10-07 00:00:00+09:00,113.04225158691406,113.04225158691406,113.04225158691406,113.04225158691406,1000,0.0,0.0
2002-10-08 00:00:00+09:00,114.52963256835938,115.27333148114093,114.52963256835938,114.52963256835938,3000,0.0,0.0
2002-10-09 00:00:00+09:00,114.52963925714361,114.52963925714361,108.58004760742188,108.58004760742188,11000,0.0,0.0
2002-10-10 00:00:00+09:00,108.58004488263812,108.58004488263812,104.11785125732422,104.11785125732422,6000,0.0,0.0
2002-10-11 00:00:00+09:00,106.34895997577244,107.09265899658203,106.34895997577244,107.09265899658203,8000,0.0,0.0
2002-10-14 00:00:00+09:00,107.09265899658203,107.09265899658203,107.09265899658203,107.09265899658203,0,0.0,0.0
2002-10-15 00:00:00+09:00,107.09265899658203,107.09265899658203,107.09265899658203,107.09265899658203,0,0.0,0.0
2002-10-16 00:00:00+09:00,110.81114959716795,110.81114959716795,110.81114959716795,110.81114959716797,1000,0.0,0.0
2002-10-17 00:00:00+09:00,110.81114959716795,110.81114959716795,110.81114959716795,110.81114959716797,0,0.0,0.0
2002-10-18 00:00:00+09:00,118.24812446206303,131.63470458984375,118.24812446206303,131.63470458984375,5000,0.0,0.0
2002-10-21 00:00:00+09:00,129.40363883972168,130.8910369873047,125.68514347076416,130.8910369873047,10000,0.0,0.0
2002-10-22 00:00:00+09:00,130.8910576000548,130.8910576000548,127.17256164550781,127.17256164550781,12000,0.0,0.0
2002-10-23 00:00:00+09:00,127.91624450683594,127.91624450683594,127.91624450683594,127.91624450683594,2000,0.0,0.0
2002-10-24 00:00:00+09:00,127.91624450683594,127.91624450683594,127.91624450683594,127.91624450683594,0,0.0,0.0
2002-10-25 00:00:00+09:00,126.42881909256461,126.42881909256461,118.24813079833984,118.24813079833984,10000,0.0,0.0
2002-10-28 00:00:00+09:00,118.24813079833984,118.24813079833984,118.24813079833984,118.24813079833984,0,0.0,0.0
2002-10-29 00:00:00+09:00,118.24813079833984,118.24813079833984,118.24813079833984,118.24813079833984,1000,0.0,0.0
2002-10-30 00:00:00+09:00,118.24813079833984,118.24813079833984,118.24813079833984,118.24813079833984,0,0.0,0.0
2002-10-31 00:00:00+09:00,118.24813079833984,118.24813079833984,118.24813079833984,118.24813079833984,1000,0.0,0.0
2002-11-01 00:00:00+09:00,117.50445556640625,117.50445556640625,117.50445556640625,117.50445556640625,2000,0.0,0.0
2002-11-04 00:00:00+09:00,117.50445556640625,117.50445556640625,117.50445556640625,117.50445556640625,0,0.0,0.0
2002-11-05 00:00:00+09:00,118.24815465226958,118.24815465226958,117.50445556640625,117.50445556640625,9000,0.0,0.0
2002-11-06 00:00:00+09:00,118.24813079833984,118.24813079833984,118.24813079833984,118.24813079833984,2000,0.0,0.0
2002-11-07 00:00:00+09:00,118.24813079833984,118.24813079833984,118.24813079833984,118.24813079833984,1000,0.0,0.0
2002-11-08 00:00:00+09:00,118.24813079833984,118.24813079833984,118.24813079833984,118.24813079833984,0,0.0,0.0
2002-11-11 00:00:00+09:00,118.24813079833984,118.24813079833984,118.24813079833984,118.24813079833984,0,0.0,0.0
2002-11-12 00:00:00+09:00,117.50443186250122,118.24813079833984,117.50443186250122,118.24813079833984,2000,0.0,0.0
2002-11-13 00:00:00+09:00,118.24813329256497,118.24813329256497,116.01703643798828,116.01703643798828,3000,0.0,0.0
2002-11-14 00:00:00+09:00,116.01703643798828,116.01703643798828,116.01703643798828,116.01703643798828,0,0.0,0.0
2002-11-15 00:00:00+09:00,115.27333505498538,118.24813079833984,115.27333505498538,118.24813079833984,6000,0.0,0.0
2002-11-18 00:00:00+09:00,116.01703399082399,118.24813079833984,116.01703399082399,118.24813079833984,10000,0.0,0.0
2002-11-19 00:00:00+09:00,118.2481490344536,121.96664428710938,111.55485757967321,121.96664428710938,12000,0.0,0.0
2002-11-20 00:00:00+09:00,118.24816031455994,118.99185943603516,115.27336382865906,118.99185943603516,14000,0.0,0.0
2002-11-21 00:00:00+09:00,118.24813245056541,118.24813245056541,111.55484193449567,116.76073455810547,11000,0.0,0.0
2002-11-22 00:00:00+09:00,116.01703643798828,116.01703643798828,116.01703643798828,116.01703643798828,4000,0.0,0.0
2002-11-25 00:00:00+09:00,116.01704861470407,116.01704861470407,112.29855346679688,112.29855346679688,8000,0.0,0.0
2002-11-26 00:00:00+09:00,111.55485534667969,111.55485534667969,111.55485534667969,111.55485534667969,2000,0.0,0.0
2002-11-27 00:00:00+09:00,107.83634865120665,111.55484343228275,107.83634865120665,108.58004760742188,7000,0.0,0.0
2002-11-28 00:00:00+09:00,108.58004760742188,108.58004760742188,108.58004760742188,108.58004760742188,0,0.0,0.0
2002-11-29 00:00:00+09:00,109.32374572753906,109.32374572753906,109.32374572753906,109.32374572753906,2000,0.0,0.0
2002-12-02 00:00:00+09:00,109.32374572753906,109.32374572753906,109.32374572753906,109.32374572753906,0,0.0,0.0
2002-12-03 00:00:00+09:00,116.76073455810547,116.76073455810547,116.76073455810547,116.76073455810547,2000,0.0,0.0
2002-12-04 00:00:00+09:00,109.32375823974608,111.55485534667969,109.32375823974608,111.55485534667969,2000,0.0,0.0
2002-12-05 00:00:00+09:00,104.11785125732422,104.11785125732422,104.11785125732422,104.11785125732422,1000,0.0,0.0
2002-12-06 00:00:00+09:00,108.58004760742188,108.58004760742188,108.58004760742188,108.58004760742188,1000,0.0,0.0
2002-12-09 00:00:00+09:00,107.83636672408493,107.83636672408493,100.39937591552734,100.39937591552734,5000,0.0,0.0
2002-12-10 00:00:00+09:00,101.14305550711495,104.11785125732422,100.39935656956264,104.11785125732422,14000,0.0,0.0
2002-12-11 00:00:00+09:00,104.11785125732422,104.86155019487654,104.11785125732422,104.11785125732422,4000,0.0,0.0
2002-12-12 00:00:00+09:00,104.11787033081055,104.11787033081055,100.39937496185303,101.14307403564453,8000,0.0,0.0
2002-12-13 00:00:00+09:00,101.88676889481083,101.88676889481083,89.98758420636577,92.21868133544922,21000,0.0,0.0
2002-12-16 00:00:00+09:00,91.4749822924214,92.21868133544922,90.73128324939358,92.21868133544922,12000,0.0,0.0
2002-12-17 00:00:00+09:00,87.01278333427491,89.98757934570312,87.01278333427491,89.98757934570312,11000,0.0,0.0
2002-12-18 00:00:00+09:00,86.26909061900356,86.26909061900356,82.55059533370168,84.78169250488281,24000,0.0,0.0
2002-12-19 00:00:00+09:00,81.06319812335799,84.78169345011753,81.06319812335799,84.03799438476562,8000,0.0,0.0
2002-12-20 00:00:00+09:00,84.03798503046451,86.26908197817596,84.03798503046451,85.52538299560547,11000,0.0,0.0
2002-12-23 00:00:00+09:00,85.52538299560547,85.52538299560547,85.52538299560547,85.52538299560547,0,0.0,0.0
2002-12-24 00:00:00+09:00,85.52538299560547,86.26908197817596,85.52538299560547,85.52538299560547,25000,0.0,0.0
2002-12-25 00:00:00+09:00,82.55059233499229,85.52538845517219,75.85730106458752,81.06319427490234,22000,0.0,0.0
2002-12-26 00:00:00+09:00,82.55059051513672,82.55059051513672,82.55059051513672,82.55059051513672,1000,0.0,0.0
2002-12-27 00:00:00+09:00,86.26908349209145,90.73127746582031,86.26908349209145,90.73127746582031,15000,0.0,0.0
2002-12-30 00:00:00+09:00,92.96237182617188,92.96237182617188,92.96237182617188,92.96237182617188,2000,0.0,0.0
2002-12-31 00:00:00+09:00,92.96237182617188,92.96237182617188,92.96237182617188,92.96237182617188,0,0.0,0.0
2003-01-01 00:00:00+09:00,92.96237182617188,92.96237182617188,92.96237182617188,92.96237182617188,0,0.0,0.0
2003-01-02 00:00:00+09:00,92.96237182617188,92.96237182617188,92.96237182617188,92.96237182617188,0,0.0,0.0
2003-01-03 00:00:00+09:00,92.96237182617188,92.96237182617188,92.96237182617188,92.96237182617188,0,0.0,0.0
2003-01-06 00:00:00+09:00,94.44977136091752,98.16826629638672,94.44977136091752,98.16826629638672,6000,0.0,0.0
2003-01-07 00:00:00+09:00,95.93718260425632,95.93718260425632,84.7816962549242,87.7564926147461,5000,0.0,0.0
2003-01-08 00:00:00+09:00,86.26909443483515,87.7564926147461,86.26909443483515,87.7564926147461,2000,0.0,0.0
2003-01-09 00:00:00+09:00,87.7564926147461,87.7564926147461,87.7564926147461,87.7564926147461,0,0.0,0.0
2003-01-10 00:00:00+09:00,87.7564926147461,87.7564926147461,87.7564926147461,87.7564926147461,0,0.0,0.0
2003-01-13 00:00:00+09:00,87.7564926147461,87.7564926147461,87.7564926147461,87.7564926147461,0,0.0,0.0
2003-01-14 00:00:00+09:00,87.7564926147461,87.7564926147461,87.7564926147461,87.7564926147461,0,0.0,0.0
2003-01-15 00:00:00+09:00,95.9371566772461,95.9371566772461,95.9371566772461,95.9371566772461,2000,0.0,0.0
2003-01-16 00:00:00+09:00,94.44978429400732,94.44978429400732,93.70608520507812,93.70608520507812,7000,0.0,0.0
2003-01-17 00:00:00+09:00,95.9371566772461,95.9371566772461,95.9371566772461,95.9371566772461,1000,0.0,0.0
2003-01-20 00:00:00+09:00,95.9371566772461,95.9371566772461,95.9371566772461,95.9371566772461,10000,0.0,0.0
2003-01-21 00:00:00+09:00,95.93716951695883,95.93716951695883,91.4749755859375,91.4749755859375,12000,0.0,0.0
2003-01-22 00:00:00+09:00,94.44975966215134,95.1934585571289,92.9623618721962,95.1934585571289,12000,0.0,0.0
2003-01-23 00:00:00+09:00,95.1934585571289,95.1934585571289,95.1934585571289,95.1934585571289,3000,0.0,0.0
2003-01-24 00:00:00+09:00,95.1934585571289,95.1934585571289,95.1934585571289,95.1934585571289,0,0.0,0.0
2003-01-27 00:00:00+09:00,95.1934585571289,95.1934585571289,95.1934585571289,95.1934585571289,3000,0.0,0.0
2003-01-28 00:00:00+09:00,95.19346217105263,98.91195678710938,95.19346217105263,98.91195678710938,3000,0.0,0.0
2003-01-29 00:00:00+09:00,98.91195678710938,98.91195678710938,98.91195678710938,98.91195678710938,2000,0.0,0.0
2003-01-30 00:00:00+09:00,98.91195678710938,98.91195678710938,98.91195678710938,98.91195678710938,0,0.0,0.0
2003-01-31 00:00:00+09:00,98.91195678710938,98.91195678710938,98.91195678710938,98.91195678710938,0,0.0,0.0
2003-02-03 00:00:00+09:00,98.91195678710938,98.91195678710938,98.91195678710938,98.91195678710938,0,0.0,0.0
2003-02-04 00:00:00+09:00,103.3741455078125,103.3741455078125,103.3741455078125,103.3741455078125,2000,0.0,0.0
2003-02-05 00:00:00+09:00,99.6556625366211,99.6556625366211,99.6556625366211,99.6556625366211,1000,0.0,0.0
2003-02-06 00:00:00+09:00,99.6556625366211,99.6556625366211,99.6556625366211,99.6556625366211,0,0.0,0.0
2003-02-07 00:00:00+09:00,99.6556625366211,99.6556625366211,99.6556625366211,99.6556625366211,0,0.0,0.0
2003-02-10 00:00:00+09:00,100.39937591552734,100.39937591552734,100.39937591552734,100.39937591552734,4000,0.0,0.0
2003-02-11 00:00:00+09:00,100.39937591552734,100.39937591552734,100.39937591552734,100.39937591552734,0,0.0,0.0
2003-02-12 00:00:00+09:00,107.09266764322916,107.09266764322916,100.39937591552734,100.39937591552734,3000,0.0,0.0
2003-02-13 00:00:00+09:00,101.88677978515624,101.88677978515624,101.88677978515624,101.88677978515625,1000,0.0,0.0
2003-02-14 00:00:00+09:00,102.63047315809462,102.63047315809462,100.39937591552734,100.39937591552734,6000,0.0,0.0
2003-02-17 00:00:00+09:00,101.88677978515624,101.88677978515624,101.88677978515624,101.88677978515625,1000,0.0,0.0
2003-02-18 00:00:00+09:00,101.88677978515624,101.88677978515624,101.88677978515624,101.88677978515625,0,0.0,0.0
2003-02-19 00:00:00+09:00,107.83635363482789,110.81114959716795,104.11785868190279,110.81114959716797,7000,0.0,0.0
2003-02-20 00:00:00+09:00,110.81115631103515,111.55485534667969,110.81115631103515,111.55485534667969,11000,0.0,0.0
2003-02-21 00:00:00+09:00,111.5548403757923,118.24813079833984,110.81114143995369,118.24813079833984,14000,0.0,0.0
2003-02-24 00:00:00+09:00,117.50445556640625,117.50445556640625,117.50445556640625,117.50445556640625,5000,0.0,0.0
2003-02-25 00:00:00+09:00,117.50445556640625,117.50445556640625,117.50445556640625,117.50445556640625,5000,0.0,0.0
2003-02-26 00:00:00+09:00,117.50445556640625,117.50445556640625,117.50445556640625,117.50445556640625,0,0.0,0.0
2003-02-27 00:00:00+09:00,104.86154174804688,104.86154174804688,104.86154174804688,104.86154174804688,1000,0.0,0.0
2003-02-28 00:00:00+09:00,104.86154174804688,104.86154174804688,104.86154174804688,104.86154174804688,0,0.0,0.0
2003-03-03 00:00:00+09:00,104.86154174804688,104.86154174804688,104.86154174804688,104.86154174804688,0,0.0,0.0
2003-03-04 00:00:00+09:00,116.01702986092403,116.01702986092403,107.83634185791014,107.83634185791016,8000,0.0,0.0
2003-03-05 00:00:00+09:00,107.83634185791014,107.83634185791014,107.83634185791014,107.83634185791016,0,0.0,0.0
2003-03-06 00:00:00+09:00,107.83635206625495,107.83635206625495,105.60525512695312,105.60525512695312,3000,0.0,0.0
2003-03-07 00:00:00+09:00,105.60525512695312,105.60525512695312,105.60525512695312,105.60525512695312,0,0.0,0.0
2003-03-10 00:00:00+09:00,105.60526095496284,107.09265899658203,105.60526095496284,107.09265899658203,2000,0.0,0.0
2003-03-11 00:00:00+09:00,104.86154174804688,107.09263838098404,104.86154174804688,104.86154174804688,3000,0.0,0.0
2003-03-12 00:00:00+09:00,104.86154174804688,104.86154174804688,104.86154174804688,104.86154174804688,0,0.0,0.0
2003-03-13 00:00:00+09:00,107.09265899658203,107.09265899658203,107.09265899658203,107.09265899658203,1000,0.0,0.0
2003-03-14 00:00:00+09:00,107.09265899658203,107.09265899658203,107.09265899658203,107.09265899658203,0,0.0,0.0
2003-03-17 00:00:00+09:00,107.09265899658203,107.09265899658203,107.09265899658203,107.09265899658203,2000,0.0,0.0
2003-03-18 00:00:00+09:00,110.81114362859401,111.55484257912148,109.32374572753906,109.32374572753906,3000,0.0,0.0
2003-03-19 00:00:00+09:00,112.29854249031314,115.2733383178711,112.29854249031314,115.2733383178711,3000,0.0,0.0
2003-03-20 00:00:00+09:00,115.27333271356277,120.4792251586914,115.27333271356277,120.4792251586914,12000,0.0,0.0
2003-03-21 00:00:00+09:00,120.4792251586914,120.4792251586914,120.4792251586914,120.4792251586914,0,0.0,0.0
2003-03-24 00:00:00+09:00,121.22295264310615,128.65994360280592,121.22295264310615,127.91624450683594,18000,0.0,0.0
2003-03-25 00:00:00+09:00,124.94143676757812,124.94143676757812,124.94143676757812,124.94143676757812,2000,0.0,0.0
2003-03-26 00:00:00+09:00,126.82875061035156,126.82875061035156,126.82875061035156,126.82875061035156,0,2.5,0.0
2003-03-27 00:00:00+09:00,126.82875061035156,126.82875061035156,126.82875061035156,126.82875061035156,0,0.0,0.0
2003-03-28 00:00:00+09:00,126.82875061035156,126.82875061035156,126.82875061035156,126.82875061035156,0,0.0,0.0
2003-03-31 00:00:00+09:00,126.82875061035156,126.82875061035156,126.82875061035156,126.82875061035156,0,0.0,0.0
2003-04-01 00:00:00+09:00,126.82875061035156,126.82875061035156,126.82875061035156,126.82875061035156,0,0.0,0.0
2003-04-02 00:00:00+09:00,132.86823259320175,132.86823259320175,129.09356689453125,129.09356689453125,3000,0.0,0.0
2003-04-03 00:00:00+09:00,117.76958023874383,119.27944665206105,114.74984741210938,114.74984741210938,5000,0.0,0.0
2003-04-04 00:00:00+09:00,120.78931427001953,120.78931427001953,120.78931427001953,120.78931427001953,2000,0.0,0.0
2003-04-07 00:00:00+09:00,120.78931427001953,120.78931427001953,120.78931427001953,120.78931427001953,0,0.0,0.0
2003-04-08 00:00:00+09:00,120.78931427001953,120.78931427001953,120.78931427001953,120.78931427001953,0,0.0,0.0
2003-04-09 00:00:00+09:00,120.78931427001953,120.78931427001953,120.78931427001953,120.78931427001953,0,0.0,0.0
2003-04-10 00:00:00+09:00,113.99491882324219,113.99491882324219,113.99491882324219,113.99491882324219,1000,0.0,0.0
2003-04-11 00:00:00+09:00,113.99491882324219,113.99491882324219,113.99491882324219,113.99491882324219,0,0.0,0.0
2003-04-14 00:00:00+09:00,113.99491882324219,113.99491882324219,113.99491882324219,113.99491882324219,0,0.0,0.0
2003-04-15 00:00:00+09:00,113.99491882324219,113.99491882324219,113.99491882324219,113.99491882324219,0,0.0,0.0
2003-04-16 00:00:00+09:00,122.29915799227628,124.56395721435547,122.29915799227628,124.56395721435547,2000,0.0,0.0
2003-04-17 00:00:00+09:00,126.82875061035156,126.82875061035156,126.82875061035156,126.82875061035156,1000,0.0,0.0
2003-04-18 00:00:00+09:00,127.58369172377394,130.60342407226562,127.58369172377394,130.60342407226562,6000,0.0,0.0
2003-04-21 00:00:00+09:00,132.1133338080512,135.88800048828125,132.1133338080512,135.88800048828125,12000,0.0,0.0
2003-04-22 00:00:00+09:00,135.8879533247514,135.8879533247514,124.56395721435547,124.56395721435547,15000,0.0,0.0
2003-04-23 00:00:00+09:00,120.78928953523089,120.78928953523089,118.52449035644531,118.52449035644531,2000,0.0,0.0
2003-04-24 00:00:00+09:00,116.25970458984375,116.25970458984375,116.25970458984375,116.25970458984375,1000,0.0,0.0
2003-04-25 00:00:00+09:00,116.25970458984375,116.25970458984375,116.25970458984375,116.25970458984375,5000,0.0,0.0
2003-04-28 00:00:00+09:00,116.25971498489379,120.78931427001953,116.25971498489379,120.78931427001953,2000,0.0,0.0
2003-04-29 00:00:00+09:00,120.78931427001953,120.78931427001953,120.78931427001953,120.78931427001953,0,0.0,0.0
2003-04-30 00:00:00+09:00,120.78931427001953,120.78931427001953,120.78931427001953,120.78931427001953,0,0.0,0.0
2003-05-01 00:00:00+09:00,120.78931427001953,120.78931427001953,120.78931427001953,120.78931427001953,0,0.0,0.0
2003-05-02 00:00:00+09:00,120.78928953523089,120.78928953523089,118.52449035644531,118.52449035644531,5000,0.0,0.0
2003-05-05 00:00:00+09:00,118.52449035644531,118.52449035644531,118.52449035644531,118.52449035644531,0,0.0,0.0
2003-05-06 00:00:00+09:00,120.03434753417969,120.03434753417969,120.03434753417969,120.03434753417969,1000,0.0,0.0
2003-05-07 00:00:00+09:00,120.03434753417969,120.03434753417969,120.03434753417969,120.03434753417969,1000,0.0,0.0
2003-05-08 00:00:00+09:00,120.7893096734278,121.54424285888672,120.7893096734278,121.54424285888672,2000,0.0,0.0
2003-05-09 00:00:00+09:00,121.54424285888672,121.54424285888672,121.54424285888672,121.54424285888672,0,0.0,0.0
2003-05-12 00:00:00+09:00,121.54424285888672,121.54424285888672,121.54424285888672,121.54424285888672,0,0.0,0.0
2003-05-13 00:00:00+09:00,121.54424285888672,121.54424285888672,121.54424285888672,121.54424285888672,0,0.0,0.0
2003-05-14 00:00:00+09:00,127.58367480109719,128.33860778808594,127.58367480109719,128.33860778808594,2000,0.0,0.0
2003-05-15 00:00:00+09:00,124.56395721435547,124.56395721435547,124.56395721435547,124.56395721435547,1000,0.0,0.0
2003-05-16 00:00:00+09:00,125.31890106201172,125.31890106201172,125.31890106201172,125.31890106201172,1000,0.0,0.0
2003-05-19 00:00:00+09:00,127.58365771414219,131.3583221435547,127.58365771414219,131.3583221435547,2000,0.0,0.0
2003-05-20 00:00:00+09:00,131.3583221435547,131.3583221435547,131.3583221435547,131.3583221435547,15000,0.0,0.0
2003-05-21 00:00:00+09:00,131.3583221435547,131.3583221435547,131.3583221435547,131.3583221435547,3000,0.0,0.0
2003-05-22 00:00:00+09:00,131.3583221435547,131.3583221435547,131.3583221435547,131.3583221435547,0,0.0,0.0
2003-05-23 00:00:00+09:00,125.31889028838187,125.31889028838187,124.56395721435547,124.56395721435547,6000,0.0,0.0
2003-05-26 00:00:00+09:00,124.56395721435547,124.56395721435547,124.56395721435547,124.56395721435547,7000,0.0,0.0
2003-05-27 00:00:00+09:00,123.05411529541016,123.05411529541016,123.05411529541016,123.05411529541016,3000,0.0,0.0
2003-05-28 00:00:00+09:00,123.05411529541016,123.05411529541016,123.05411529541016,123.05411529541016,0,0.0,0.0
2003-05-29 00:00:00+09:00,122.29918069839478,122.29918069839478,120.78931427001953,120.78931427001953,4000,0.0,0.0
2003-05-30 00:00:00+09:00,120.78931427001953,120.78931427001953,120.78931427001953,120.78931427001953,0,0.0,0.0
2003-06-02 00:00:00+09:00,120.78931306537828,120.78931306537828,114.74984741210938,114.74984741210938,6000,0.0,0.0
2003-06-03 00:00:00+09:00,122.29914093017578,122.29914093017578,114.7498112431279,122.29914093017578,6000,0.0,0.0
2003-06-04 00:00:00+09:00,122.29914093017578,122.29914093017578,122.29914093017578,122.29914093017578,0,0.0,0.0
2003-06-05 00:00:00+09:00,122.29914093017578,122.29914093017578,122.29914093017578,122.29914093017578,0,0.0,0.0
2003-06-06 00:00:00+09:00,119.27944946289062,119.27944946289062,119.27944946289062,119.27944946289062,1000,0.0,0.0
2003-06-09 00:00:00+09:00,119.27941248967097,119.27941248967097,117.76954650878906,117.76954650878906,10000,0.0,0.0
2003-06-10 00:00:00+09:00,117.7695710717178,123.80903625488281,117.7695710717178,123.80903625488281,15000,0.0,0.0
2003-06-11 00:00:00+09:00,123.80904712677001,123.80904712677001,120.78931427001953,120.78931427001953,10000,0.0,0.0
2003-06-12 00:00:00+09:00,120.78931427001953,120.78931427001953,120.78931427001953,120.78931427001953,1000,0.0,0.0
2003-06-13 00:00:00+09:00,120.78931427001953,120.78931427001953,120.78931427001953,120.78931427001953,0,0.0,0.0
2003-06-16 00:00:00+09:00,121.54424285888672,121.54424285888672,121.54424285888672,121.54424285888672,2000,0.0,0.0
2003-06-17 00:00:00+09:00,124.56395721435547,124.56395721435547,124.56395721435547,124.56395721435547,1000,0.0,0.0
2003-06-18 00:00:00+09:00,124.56395721435547,124.56395721435547,124.56395721435547,124.56395721435547,5000,0.0,0.0
2003-06-19 00:00:00+09:00,126.82878578779939,126.82878578779939,126.07385253906249,126.0738525390625,3000,0.0,0.0
2003-06-20 00:00:00+09:00,126.0738088271197,128.33860778808594,126.0738088271197,128.33860778808594,7000,0.0,0.0
2003-06-23 00:00:00+09:00,127.58370061506305,129.09356689453125,127.58370061506305,129.09356689453125,22000,0.0,0.0
2003-06-24 00:00:00+09:00,129.84850003426536,129.84850003426536,128.33863375479714,129.09356689453125,8000,0.0,0.0
2003-06-25 00:00:00+09:00,129.09356689453125,129.09356689453125,129.09356689453125,129.09356689453125,4000,0.0,0.0
2003-06-26 00:00:00+09:00,132.11329931236176,132.11329931236176,125.31890106201172,125.31890106201172,6000,0.0,0.0
2003-06-27 00:00:00+09:00,135.13298657296718,135.13298657296718,131.3583221435547,131.3583221435547,6000,0.0,0.0
2003-06-30 00:00:00+09:00,131.3583221435547,131.3583221435547,131.3583221435547,131.3583221435547,0,0.0,0.0
2003-07-01 00:00:00+09:00,132.11329650878906,132.11329650878906,132.11329650878906,132.11329650878906,1000,0.0,0.0
2003-07-02 00:00:00+09:00,135.88796212332588,135.88796212332588,132.11329650878906,132.11329650878906,6000,0.0,0.0
2003-07-03 00:00:00+09:00,132.11329650878906,132.11329650878906,132.11329650878906,132.11329650878906,2000,0.0,0.0
2003-07-04 00:00:00+09:00,132.11329650878906,132.11329650878906,132.11329650878906,132.11329650878906,0,0.0,0.0
2003-07-07 00:00:00+09:00,139.66261291503906,139.66261291503906,139.66261291503906,139.66261291503906,2000,0.0,0.0
2003-07-08 00:00:00+09:00,139.66261291503906,139.66261291503906,139.66261291503906,139.66261291503906,1000,0.0,0.0
2003-07-09 00:00:00+09:00,143.43730906951123,147.21197509765625,143.43730906951123,147.21197509765625,10000,0.0,0.0
2003-07-10 00:00:00+09:00,150.98659608422255,154.76126098632812,150.98659608422255,154.76126098632812,6000,0.0,0.0
2003-07-11 00:00:00+09:00,155.51620236351377,163.06553257533483,155.51620236351377,158.5359344482422,11000,0.0,0.0
2003-07-14 00:00:00+09:00,158.5359320239486,161.5556640625,158.5359320239486,161.5556640625,8000,0.0,0.0
2003-07-15 00:00:00+09:00,162.31060791015625,166.08527321039244,162.31060791015625,162.31060791015625,18000,0.0,0.0
2003-07-16 00:00:00+09:00,160.04582647067397,160.04582647067397,151.74156188964844,151.74156188964844,6000,0.0,0.0
2003-07-17 00:00:00+09:00,159.2908856290058,159.2908856290058,155.51622009277344,155.51622009277344,3000,0.0,0.0
2003-07-18 00:00:00+09:00,151.74156188964844,151.74156188964844,151.74156188964844,151.74156188964844,4000,0.0,0.0
2003-07-21 00:00:00+09:00,151.74156188964844,151.74156188964844,151.74156188964844,151.74156188964844,0,0.0,0.0
2003-07-22 00:00:00+09:00,151.74156188964844,151.74156188964844,151.74156188964844,151.74156188964844,4000,0.0,0.0
2003-07-23 00:00:00+09:00,155.5162276082964,155.5162276082964,151.74156188964844,151.74156188964844,9000,0.0,0.0
2003-07-24 00:00:00+09:00,151.74156188964844,151.74156188964844,151.74156188964844,151.74156188964844,4000,0.0,0.0
2003-07-25 00:00:00+09:00,151.74157770766013,151.74157770766013,144.19224548339844,144.19224548339844,6000,0.0,0.0
2003-07-28 00:00:00+09:00,139.66261291503906,139.66261291503906,139.66261291503906,139.66261291503906,3000,0.0,0.0
2003-07-29 00:00:00+09:00,139.66261291503906,139.66261291503906,139.66261291503906,139.66261291503906,3000,0.0,0.0
2003-07-30 00:00:00+09:00,139.66261291503906,139.66261291503906,139.66261291503906,139.66261291503906,0,0.0,0.0
2003-07-31 00:00:00+09:00,150.98660278320312,150.98660278320312,150.98660278320312,150.98660278320312,1000,0.0,0.0
2003-08-01 00:00:00+09:00,143.43727111816406,143.43727111816406,143.43727111816406,143.43727111816406,2000,0.0,0.0
2003-08-04 00:00:00+09:00,152.4965075370593,152.4965075370593,147.21197509765625,147.21197509765625,5000,0.0,0.0
2003-08-05 00:00:00+09:00,150.9866411258013,150.9866411258013,147.21197509765625,147.21197509765625,2000,0.0,0.0
2003-08-06 00:00:00+09:00,147.21197509765625,147.21197509765625,147.21197509765625,147.21197509765625,0,0.0,0.0
2003-08-07 00:00:00+09:00,144.94715881347656,144.94715881347656,144.94715881347656,144.94715881347656,10000,0.0,0.0
2003-08-08 00:00:00+09:00,144.94715881347656,144.94715881347656,144.94715881347656,144.94715881347656,0,0.0,0.0
2003-08-11 00:00:00+09:00,144.94715881347656,144.94715881347656,144.94715881347656,144.94715881347656,0,0.0,0.0
2003-08-12 00:00:00+09:00,144.94715881347656,144.94715881347656,144.94715881347656,144.94715881347656,1000,0.0,0.0
2003-08-13 00:00:00+09:00,144.94715881347656,144.94715881347656,144.94715881347656,144.94715881347656,0,0.0,0.0
2003-08-14 00:00:00+09:00,143.43727111816406,143.43727111816406,143.43727111816406,143.43727111816406,1000,0.0,0.0
2003-08-15 00:00:00+09:00,143.43727111816406,143.43727111816406,143.43727111816406,143.43727111816406,0,0.0,0.0
2003-08-18 00:00:00+09:00,150.98660278320312,150.98660278320312,150.98660278320312,150.98660278320312,1000,0.0,0.0
2003-08-19 00:00:00+09:00,149.47673012338032,154.76126098632812,149.47673012338032,154.76126098632812,2000,0.0,0.0
2003-08-20 00:00:00+09:00,154.76126697575936,161.5556640625,154.76126697575936,161.5556640625,6000,0.0,0.0
2003-08-21 00:00:00+09:00,163.82046309141356,163.82046309141356,161.5556640625,161.5556640625,17000,0.0,0.0
2003-08-22 00:00:00+09:00,161.5556640625,161.5556640625,161.5556640625,161.5556640625,0,0.0,0.0
2003-08-25 00:00:00+09:00,161.5556640625,161.5556640625,161.5556640625,161.5556640625,3000,0.0,0.0
2003-08-26 00:00:00+09:00,150.98660278320312,150.98660278320312,150.98660278320312,150.98660278320312,4000,0.0,0.0
2003-08-27 00:00:00+09:00,150.23166976928712,150.98660278320312,150.23166976928712,150.98660278320312,10000,0.0,0.0
2003-08-28 00:00:00+09:00,150.98660278320312,150.98660278320312,150.98660278320312,150.98660278320312,3000,0.0,0.0
2003-08-29 00:00:00+09:00,151.74156188964844,151.74156188964844,151.74156188964844,151.74156188964844,2000,0.0,0.0
2003-09-01 00:00:00+09:00,151.74156188964844,151.74156188964844,151.74156188964844,151.74156188964844,0,0.0,0.0
2003-09-02 00:00:00+09:00,151.74156188964844,151.74156188964844,151.74156188964844,151.74156188964844,6000,0.0,0.0
2003-09-03 00:00:00+09:00,158.5359344482422,158.5359344482422,158.5359344482422,158.5359344482422,1000,0.0,0.0
2003-09-04 00:00:00+09:00,154.76126098632812,154.76126098632812,154.76126098632812,154.76126098632812,1000,0.0,0.0
2003-09-05 00:00:00+09:00,151.74154217408437,152.49647521972656,151.74154217408437,152.49647521972656,5000,0.0,0.0
2003-09-08 00:00:00+09:00,152.49647521972656,152.49647521972656,152.49647521972656,152.49647521972656,0,0.0,0.0
2003-09-09 00:00:00+09:00,153.2514281771076,153.2514281771076,151.74156188964844,151.74156188964844,12000,0.0,0.0
2003-09-10 00:00:00+09:00,151.74156188964844,151.74156188964844,151.74156188964844,151.74156188964844,0,0.0,0.0
2003-09-11 00:00:00+09:00,151.74156188964844,151.74156188964844,151.74156188964844,151.74156188964844,1000,0.0,0.0
2003-09-12 00:00:00+09:00,150.98660278320312,150.98660278320312,150.98660278320312,150.98660278320312,1000,0.0,0.0
2003-09-15 00:00:00+09:00,150.98660278320312,150.98660278320312,150.98660278320312,150.98660278320312,0,0.0,0.0
2003-09-16 00:00:00+09:00,151.74156188964844,151.74156188964844,151.74156188964844,151.74156188964844,1000,0.0,0.0
2003-09-17 00:00:00+09:00,152.49646881103516,152.49646881103516,150.98660278320312,150.98660278320312,12000,0.0,0.0
2003-09-18 00:00:00+09:00,147.96689911663228,148.72183227539062,147.96689911663228,148.72183227539062,2000,0.0,0.0
2003-09-19 00:00:00+09:00,147.96690830328527,147.96690830328527,147.21197509765625,147.21197509765625,3000,0.0,0.0
2003-09-22 00:00:00+09:00,135.88796541835723,139.6626311244227,135.88796541835723,136.6428985595703,39000,0.0,0.0
2003-09-23 00:00:00+09:00,136.6428985595703,136.6428985595703,136.6428985595703,136.6428985595703,0,0.0,0.0
2003-09-24 00:00:00+09:00,138.9076979832096,138.9076979832096,136.6428985595703,136.6428985595703,7000,0.0,0.0
2003-09-25 00:00:00+09:00,136.6428985595703,136.6428985595703,136.6428985595703,136.6428985595703,1000,0.0,0.0
2003-09-26 00:00:00+09:00,136.6428985595703,136.6428985595703,136.6428985595703,136.6428985595703,0,0.0,0.0
2003-09-29 00:00:00+09:00,147.96690368652344,147.96690368652344,147.96690368652344,147.96690368652344,2000,0.0,0.0
2003-09-30 00:00:00+09:00,147.96690368652344,147.96690368652344,147.96690368652344,147.96690368652344,0,0.0,0.0
2003-10-01 00:00:00+09:00,138.1527648419965,138.1527648419965,136.6428985595703,136.6428985595703,6000,0.0,0.0
2003-10-02 00:00:00+09:00,145.70210430186282,145.70210430186282,140.41757202148438,140.41757202148438,3000,0.0,0.0
2003-10-03 00:00:00+09:00,136.6428985595703,136.6428985595703,136.6428985595703,136.6428985595703,3000,0.0,0.0
2003-10-06 00:00:00+09:00,138.15277099609375,138.15277099609375,138.15277099609375,138.15277099609375,1000,0.0,0.0
2003-10-07 00:00:00+09:00,144.94716956967213,144.94716956967213,138.15277099609375,138.15277099609375,7000,0.0,0.0
2003-10-08 00:00:00+09:00,142.68236368927506,142.68236368927506,136.6428985595703,136.6428985595703,3000,0.0,0.0
2003-10-09 00:00:00+09:00,136.6428985595703,136.6428985595703,136.6428985595703,136.6428985595703,0,0.0,0.0
2003-10-10 00:00:00+09:00,138.15277099609375,138.15277099609375,138.15277099609375,138.15277099609375,5000,0.0,0.0
2003-10-13 00:00:00+09:00,138.15277099609375,138.15277099609375,138.15277099609375,138.15277099609375,0,0.0,0.0
2003-10-14 00:00:00+09:00,138.15277099609375,138.15277099609375,138.15277099609375,138.15277099609375,0,0.0,0.0
2003-10-15 00:00:00+09:00,139.66263734577782,139.66263734577782,138.15277099609375,138.15277099609375,6000,0.0,0.0
2003-10-16 00:00:00+09:00,139.6626060887387,143.43727111816406,139.6626060887387,143.43727111816406,8000,0.0,0.0
2003-10-17 00:00:00+09:00,143.43730008538395,143.43730008538395,141.17250061035156,141.17250061035156,2000,0.0,0.0
2003-10-20 00:00:00+09:00,141.92743678908275,145.7021026611328,141.17250361467273,145.7021026611328,13000,0.0,0.0
2003-10-21 00:00:00+09:00,145.7020701358193,145.7020701358193,142.68233811227898,143.43727111816406,19000,0.0,0.0
2003-10-22 00:00:00+09:00,140.41753909462378,143.43727111816406,140.41753909462378,143.43727111816406,4000,0.0,0.0
2003-10-23 00:00:00+09:00,140.41756745200743,141.17250061035156,140.41756745200743,141.17250061035156,4000,0.0,0.0
2003-10-24 00:00:00+09:00,139.66261291503906,139.66261291503906,139.66261291503906,139.66261291503906,3000,0.0,0.0
2003-10-27 00:00:00+09:00,139.66261291503906,139.66261291503906,139.66261291503906,139.66261291503906,2000,0.0,0.0
2003-10-28 00:00:00+09:00,139.66261291503906,139.66261291503906,139.66261291503906,139.66261291503906,1000,0.0,0.0
2003-10-29 00:00:00+09:00,139.66261291503906,139.66261291503906,139.66261291503906,139.66261291503906,0,0.0,0.0
2003-10-30 00:00:00+09:00,139.66263734577782,139.66263734577782,137.3978378212517,138.15277099609375,4000,0.0,0.0
2003-10-31 00:00:00+09:00,149.47674560546875,149.47674560546875,149.47674560546875,149.47674560546875,2000,0.0,0.0
2003-11-03 00:00:00+09:00,149.47674560546875,149.47674560546875,149.47674560546875,149.47674560546875,0,0.0,0.0
2003-11-04 00:00:00+09:00,149.47674560546875,149.47674560546875,149.47674560546875,149.47674560546875,0,0.0,0.0
2003-11-05 00:00:00+09:00,148.72180942844702,148.72180942844702,139.66261291503906,139.66261291503906,3000,0.0,0.0
2003-11-06 00:00:00+09:00,139.66261291503906,139.66261291503906,139.66261291503906,139.66261291503906,0,0.0,0.0
2003-11-07 00:00:00+09:00,139.66261291503906,139.66261291503906,139.66261291503906,139.66261291503906,0,0.0,0.0
2003-11-10 00:00:00+09:00,139.66261291503906,139.66261291503906,139.66261291503906,139.66261291503906,0,0.0,0.0
2003-11-11 00:00:00+09:00,138.907708807306,138.907708807306,137.39784240722656,137.39784240722656,7000,0.0,0.0
2003-11-12 00:00:00+09:00,129.8484737620634,129.8484737620634,128.33860778808594,128.33860778808594,5000,0.0,0.0
2003-11-13 00:00:00+09:00,128.33860778808594,128.33860778808594,128.33860778808594,128.33860778808594,0,0.0,0.0
2003-11-14 00:00:00+09:00,124.56395721435547,124.56395721435547,124.56395721435547,124.56395721435547,3000,0.0,0.0
2003-11-17 00:00:00+09:00,124.56395721435547,124.56395721435547,124.56395721435547,124.56395721435547,0,0.0,0.0
2003-11-18 00:00:00+09:00,128.33863089425222,132.11329650878906,128.33863089425222,132.11329650878906,4000,0.0,0.0
2003-11-19 00:00:00+09:00,135.88800048828125,135.88800048828125,135.88800048828125,135.88800048828125,3000,0.0,0.0
2003-11-20 00:00:00+09:00,139.6626060887387,143.43727111816406,139.6626060887387,143.43727111816406,10000,0.0,0.0
2003-11-21 00:00:00+09:00,145.70210274451418,145.70210274451418,138.15277099609375,138.15277099609375,12000,0.0,0.0
2003-11-24 00:00:00+09:00,138.15277099609375,138.15277099609375,138.15277099609375,138.15277099609375,0,0.0,0.0
2003-11-25 00:00:00+09:00,141.92742919921875,141.92742919921875,141.92742919921875,141.92742919921875,3000,0.0,0.0
2003-11-26 00:00:00+09:00,141.92742919921875,141.92742919921875,141.92742919921875,141.92742919921875,0,0.0,0.0
2003-11-27 00:00:00+09:00,139.66263734577782,139.66263734577782,138.15277099609375,138.15277099609375,3000,0.0,0.0
2003-11-28 00:00:00+09:00,138.15277099609375,138.15277099609375,138.15277099609375,138.15277099609375,1000,0.0,0.0
2003-12-01 00:00:00+09:00,135.88800048828125,135.88800048828125,135.88800048828125,135.88800048828125,1000,0.0,0.0
2003-12-02 00:00:00+09:00,136.64290776599051,136.64290776599051,135.13304138183594,135.13304138183594,8000,0.0,0.0
2003-12-03 00:00:00+09:00,135.13304138183594,135.13304138183594,135.13304138183594,135.13304138183594,0,0.0,0.0
2003-12-04 00:00:00+09:00,134.37809587751116,134.37809587751116,132.11329650878906,132.11329650878906,6000,0.0,0.0
2003-12-05 00:00:00+09:00,132.86822509765625,132.86822509765625,132.86822509765625,132.86822509765625,1000,0.0,0.0
2003-12-08 00:00:00+09:00,129.09354077507467,129.09354077507467,128.33860778808594,128.33860778808594,3000,0.0,0.0
2003-12-09 00:00:00+09:00,128.33860778808594,128.33860778808594,128.33860778808594,128.33860778808594,0,0.0,0.0
2003-12-10 00:00:00+09:00,132.11329650878906,132.11329650878906,132.11329650878906,132.11329650878906,1000,0.0,0.0
2003-12-11 00:00:00+09:00,135.88800048828125,135.88800048828125,135.88800048828125,135.88800048828125,5000,0.0,0.0
2003-12-12 00:00:00+09:00,141.17250061035156,141.17250061035156,141.17250061035156,141.17250061035156,4000,0.0,0.0
2003-12-15 00:00:00+09:00,138.15276149204797,138.15276149204797,132.11329650878906,132.11329650878906,12000,0.0,0.0
2003-12-16 00:00:00+09:00,132.11329650878906,132.11329650878906,132.11329650878906,132.11329650878906,0,0.0,0.0
2003-12-17 00:00:00+09:00,133.62320048014323,135.88800048828125,133.62320048014323,135.88800048828125,5000,0.0,0.0
2003-12-18 00:00:00+09:00,134.37808227539062,134.37808227539062,134.37808227539062,134.37808227539062,3000,0.0,0.0
2003-12-19 00:00:00+09:00,133.62316104977631,133.62316104977631,126.82876303029616,129.84849548339844,6000,0.0,0.0
2003-12-22 00:00:00+09:00,130.60342180656664,135.13302025072502,124.56395721435547,124.56395721435547,23000,0.0,0.0
2003-12-23 00:00:00+09:00,124.56395721435547,124.56395721435547,124.56395721435547,124.56395721435547,0,0.0,0.0
2003-12-24 00:00:00+09:00,131.35835488059303,131.35835488059303,124.56395721435547,124.56395721435547,8000,0.0,0.0
2003-12-25 00:00:00+09:00,127.58368951046106,127.58368951046106,124.56395721435547,124.56395721435547,4000,0.0,0.0
2003-12-26 00:00:00+09:00,124.56395721435547,124.56395721435547,124.56395721435547,124.56395721435547,0,0.0,0.0
2003-12-29 00:00:00+09:00,128.33864265314025,135.13304138183594,128.33864265314025,135.13304138183594,4000,0.0,0.0
2003-12-30 00:00:00+09:00,135.13304138183594,135.13304138183594,135.13304138183594,135.13304138183594,0,0.0,0.0
2003-12-31 00:00:00+09:00,135.13304138183594,135.13304138183594,135.13304138183594,135.13304138183594,0,0.0,0.0
2004-01-01 00:00:00+09:00,135.13304138183594,135.13304138183594,135.13304138183594,135.13304138183594,0,0.0,0.0
2004-01-02 00:00:00+09:00,135.13304138183594,135.13304138183594,135.13304138183594,135.13304138183594,0,0.0,0.0
2004-01-05 00:00:00+09:00,135.13304138183594,135.13304138183594,135.13304138183594,135.13304138183594,0,0.0,0.0
2004-01-06 00:00:00+09:00,135.13304138183594,135.13304138183594,135.13304138183594,135.13304138183594,2000,0.0,0.0
2004-01-07 00:00:00+09:00,127.58368682861328,127.58368682861328,127.58368682861328,127.58368682861328,2000,0.0,0.0
2004-01-08 00:00:00+09:00,133.62316104977631,133.62316104977631,129.84849548339844,129.84849548339844,2000,0.0,0.0
2004-01-09 00:00:00+09:00,129.84849548339844,129.84849548339844,129.84849548339844,129.84849548339844,0,0.0,0.0
2004-01-12 00:00:00+09:00,129.84849548339844,129.84849548339844,129.84849548339844,129.84849548339844,0,0.0,0.0
2004-01-13 00:00:00+09:00,129.84849548339844,129.84849548339844,129.84849548339844,129.84849548339844,0,0.0,0.0
2004-01-14 00:00:00+09:00,129.84849548339844,129.84849548339844,129.84849548339844,129.84849548339844,0,0.0,0.0
2004-01-15 00:00:00+09:00,129.0935509499539,134.37808227539062,129.0935509499539,134.37808227539062,5000,0.0,0.0
2004-01-16 00:00:00+09:00,130.6034302629743,132.11329650878906,130.6034302629743,132.11329650878906,4000,0.0,0.0
2004-01-19 00:00:00+09:00,132.11329650878906,133.62316275460378,129.84849714006697,132.11329650878906,9000,0.0,0.0
2004-01-20 00:00:00+09:00,136.6429151452106,139.66264807659647,136.6429151452106,138.90771484375,7000,0.0,0.0
2004-01-21 00:00:00+09:00,144.1922379360404,144.1922379360404,140.41757202148438,140.41757202148438,18000,0.0,0.0
2004-01-22 00:00:00+09:00,143.43727111816406,143.43727111816406,143.43727111816406,143.43727111816406,1000,0.0,0.0
2004-01-23 00:00:00+09:00,147.21196113748752,147.21196113748752,141.92742919921875,141.92742919921875,6000,0.0,0.0
2004-01-26 00:00:00+09:00,145.70209022804545,145.70209022804545,142.68235778808594,142.68235778808594,6000,0.0,0.0
2004-01-27 00:00:00+09:00,142.68235778808594,142.68235778808594,142.68235778808594,142.68235778808594,0,0.0,0.0
2004-01-28 00:00:00+09:00,142.68235778808594,142.68235778808594,142.68235778808594,142.68235778808594,0,0.0,0.0
2004-01-29 00:00:00+09:00,143.43727111816406,143.43727111816406,143.43727111816406,143.43727111816406,2000,0.0,0.0
2004-01-30 00:00:00+09:00,143.43727111816406,143.43727111816406,143.43727111816406,143.43727111816406,0,0.0,0.0
2004-02-02 00:00:00+09:00,139.66261291503906,139.66261291503906,139.66261291503906,139.66261291503906,1000,0.0,0.0
2004-02-03 00:00:00+09:00,142.682371570218,142.682371570218,140.41757202148438,140.41757202148438,3000,0.0,0.0
2004-02-04 00:00:00+09:00,139.66261291503906,139.66261291503906,139.66261291503906,139.66261291503906,1000,0.0,0.0
2004-02-05 00:00:00+09:00,139.66261291503906,139.66261291503906,139.66261291503906,139.66261291503906,0,0.0,0.0
2004-02-06 00:00:00+09:00,136.6428985595703,136.6428985595703,136.6428985595703,136.6428985595703,6000,0.0,0.0
2004-02-09 00:00:00+09:00,134.37813381618923,135.88800048828125,134.37813381618923,135.88800048828125,4000,0.0,0.0
2004-02-10 00:00:00+09:00,135.88800048828125,135.88800048828125,135.88800048828125,135.88800048828125,0,0.0,0.0
2004-02-11 00:00:00+09:00,135.88800048828125,135.88800048828125,135.88800048828125,135.88800048828125,0,0.0,0.0
2004-02-12 00:00:00+09:00,135.88800048828125,135.88800048828125,135.88800048828125,135.88800048828125,0,0.0,0.0
2004-02-13 00:00:00+09:00,132.86822509765625,132.86822509765625,132.86822509765625,132.86822509765625,4000,0.0,0.0
2004-02-16 00:00:00+09:00,132.86822509765625,132.86822509765625,132.86822509765625,132.86822509765625,0,0.0,0.0
2004-02-17 00:00:00+09:00,135.88800048828125,135.88800048828125,135.88800048828125,135.88800048828125,9000,0.0,0.0
2004-02-18 00:00:00+09:00,135.88800048828125,135.88800048828125,135.88800048828125,135.88800048828125,0,0.0,0.0
2004-02-19 00:00:00+09:00,138.90771484375,142.68238100798234,138.90771484375,138.90771484375,3000,0.0,0.0
2004-02-20 00:00:00+09:00,142.682359457016,146.45702505111694,142.682359457016,144.94715881347656,8000,0.0,0.0
2004-02-23 00:00:00+09:00,148.72183227539062,148.72183227539062,148.72183227539062,148.72183227539062,15000,0.0,0.0
2004-02-24 00:00:00+09:00,147.2119783731031,147.2119783731031,144.19224548339844,144.19224548339844,6000,0.0,0.0
2004-02-25 00:00:00+09:00,147.96690368652344,147.96690368652344,147.96690368652344,147.96690368652344,4000,0.0,0.0
2004-02-26 00:00:00+09:00,144.19224548339844,144.19224548339844,144.19224548339844,144.19224548339844,1000,0.0,0.0
2004-02-27 00:00:00+09:00,139.6626060887387,143.43727111816406,136.6428740651984,143.43727111816406,4000,0.0,0.0
2004-03-01 00:00:00+09:00,143.43727111816406,143.43727111816406,143.43727111816406,143.43727111816406,2000,0.0,0.0
2004-03-02 00:00:00+09:00,147.211943342879,147.211943342879,139.66261291503906,139.66261291503906,5000,0.0,0.0
2004-03-03 00:00:00+09:00,139.66261291503906,139.66261291503906,139.66261291503906,139.66261291503906,0,0.0,0.0
2004-03-04 00:00:00+09:00,139.66261291503906,139.66261291503906,139.66261291503906,139.66261291503906,8000,0.0,0.0
2004-03-05 00:00:00+09:00,143.43727111816406,143.43727111816406,143.43727111816406,143.43727111816406,4000,0.0,0.0
2004-03-08 00:00:00+09:00,144.19220412404914,144.19220412404914,143.43727111816406,143.43727111816406,8000,0.0,0.0
2004-03-09 00:00:00+09:00,146.45703125,146.45703125,146.45703125,146.45703125,1000,0.0,0.0
2004-03-10 00:00:00+09:00,147.21197509765625,147.21197509765625,147.21197509765625,147.21197509765625,1000,0.0,0.0
2004-03-11 00:00:00+09:00,147.21197509765625,147.21197509765625,143.43730906951123,147.21197509765625,6000,0.0,0.0
2004-03-12 00:00:00+09:00,147.21197509765625,147.21197509765625,147.21197509765625,147.21197509765625,0,0.0,0.0
2004-03-15 00:00:00+09:00,147.21196113748752,147.21196113748752,136.64289726094995,141.92742919921875,39000,0.0,0.0
2004-03-16 00:00:00+09:00,143.43727111816406,143.43727111816406,141.92740510639393,143.43727111816406,9000,0.0,0.0
2004-03-17 00:00:00+09:00,140.4175762469952,147.21197509765625,140.4175762469952,147.21197509765625,26000,0.0,0.0
2004-03-18 00:00:00+09:00,147.2119464296283,149.47674560546875,147.2119464296283,149.47674560546875,8000,0.0,0.0
2004-03-19 00:00:00+09:00,147.9668691534745,147.9668691534745,143.43727111816406,143.43727111816406,8000,0.0,0.0
2004-03-22 00:00:00+09:00,147.21195644802518,147.21195644802518,141.1724915681062,142.68235778808594,38000,0.0,0.0
2004-03-23 00:00:00+09:00,141.92742467809606,142.68235778808594,140.41755845811633,142.68235778808594,8000,0.0,0.0
2004-03-24 00:00:00+09:00,143.43727111816406,143.43727111816406,143.43727111816406,143.43727111816406,1000,0.0,0.0
2004-03-25 00:00:00+09:00,144.19224548339844,144.19224548339844,144.19224548339844,144.19224548339844,4000,0.0,0.0
2004-03-26 00:00:00+09:00,149.95987099095396,149.95987099095396,146.11474609375,146.11474609375,2000,3.5,0.0
2004-03-29 00:00:00+09:00,146.8838143373147,149.9599151611328,146.8838143373147,149.9599151611328,18000,0.0,0.0
2004-03-30 00:00:00+09:00,157.650146484375,165.3403975323933,156.11209627477135,157.650146484375,29000,0.0,0.0
2004-03-31 00:00:00+09:00,157.65015920003256,164.5713857014974,157.65015920003256,161.4952850341797,21000,0.0,0.0
2004-04-01 00:00:00+09:00,161.49532161346855,168.4165496826172,161.49532161346855,168.4165496826172,8000,0.0,0.0
2004-04-02 00:00:00+09:00,166.87844812474546,166.87844812474546,162.26429748535156,162.26429748535156,9000,0.0,0.0
2004-04-05 00:00:00+09:00,165.34040055184994,165.34040055184994,163.0333251953125,163.0333251953125,11000,0.0,0.0
2004-04-06 00:00:00+09:00,163.03332259191723,163.03332259191723,162.26429748535156,162.26429748535156,3000,0.0,0.0
2004-04-07 00:00:00+09:00,159.18819669397865,159.18819669397865,157.650146484375,157.650146484375,4000,0.0,0.0
2004-04-08 00:00:00+09:00,157.65015403823097,157.65015403823097,155.34307861328125,155.34307861328125,2000,0.0,0.0
2004-04-09 00:00:00+09:00,155.34307861328125,155.34307861328125,155.34307861328125,155.34307861328125,0,0.0,0.0
2004-04-12 00:00:00+09:00,160.72624423457128,160.72624423457128,156.88111877441406,156.88111877441406,3000,0.0,0.0
2004-04-13 00:00:00+09:00,157.6501397106135,164.5713653564453,157.6501397106135,164.5713653564453,4000,0.0,0.0
2004-04-14 00:00:00+09:00,159.1882095336914,161.4952850341797,159.1882095336914,161.4952850341797,10000,0.0,0.0
2004-04-15 00:00:00+09:00,161.49527200838415,165.3403975323933,157.650146484375,157.650146484375,16000,0.0,0.0
2004-04-16 00:00:00+09:00,157.650146484375,157.650146484375,157.650146484375,157.650146484375,0,0.0,0.0
2004-04-19 00:00:00+09:00,159.1882043215308,159.1882043215308,153.80502832998144,155.34307861328125,10000,0.0,0.0
2004-04-20 00:00:00+09:00,156.88112889658106,156.88112889658106,155.34307861328125,155.34307861328125,17000,0.0,0.0
2004-04-21 00:00:00+09:00,154.57404349831975,156.88111877441406,154.57404349831975,156.88111877441406,9000,0.0,0.0
2004-04-22 00:00:00+09:00,149.190877480082,155.34307861328125,149.190877480082,155.34307861328125,6000,0.0,0.0
2004-04-23 00:00:00+09:00,155.34309160281452,155.34309160281452,149.9599151611328,149.9599151611328,5000,0.0,0.0
2004-04-26 00:00:00+09:00,153.80503336588544,154.57405853271484,152.26698303222656,152.26698303222656,10000,0.0,0.0
2004-04-27 00:00:00+09:00,151.49796557304188,152.2669907789964,149.9599151611328,149.9599151611328,6000,0.0,0.0
2004-04-28 00:00:00+09:00,149.95991264421914,149.95991264421914,149.19088745117188,149.19088745117188,5000,0.0,0.0
2004-04-29 00:00:00+09:00,149.19088745117188,149.19088745117188,149.19088745117188,149.19088745117188,0,0.0,0.0
2004-04-30 00:00:00+09:00,149.19088745117188,149.19088745117188,149.19088745117188,149.19088745117188,0,0.0,0.0
2004-05-03 00:00:00+09:00,149.19088745117188,149.19088745117188,149.19088745117188,149.19088745117188,0,0.0,0.0
2004-05-04 00:00:00+09:00,149.19088745117188,149.19088745117188,149.19088745117188,149.19088745117188,0,0.0,0.0
2004-05-05 00:00:00+09:00,149.19088745117188,149.19088745117188,149.19088745117188,149.19088745117188,0,0.0,0.0
2004-05-06 00:00:00+09:00,153.03602600097656,153.03602600097656,153.03602600097656,153.03602600097656,3000,0.0,0.0
2004-05-07 00:00:00+09:00,153.03601341640825,153.03601341640825,149.19088745117188,149.19088745117188,8000,0.0,0.0
2004-05-10 00:00:00+09:00,149.95991249084472,153.80503845214844,149.95991249084472,153.80503845214844,10000,0.0,0.0
2004-05-11 00:00:00+09:00,153.8050557230855,153.8050557230855,139.9626007080078,139.9626007080078,4000,0.0,0.0
2004-05-12 00:00:00+09:00,152.26698303222656,152.26698303222656,152.26698303222656,152.26698303222656,1000,0.0,0.0
2004-05-13 00:00:00+09:00,152.26698303222656,152.26698303222656,152.26698303222656,152.26698303222656,0,0.0,0.0
2004-05-14 00:00:00+09:00,144.5767364501953,144.5767364501953,144.5767364501953,144.5767364501953,1000,0.0,0.0
2004-05-17 00:00:00+09:00,142.26967154608832,143.0386967976888,138.42454528808594,138.42454528808594,8000,0.0,0.0
2004-05-18 00:00:00+09:00,142.26966857910156,142.26966857910156,139.19356763685073,142.26966857910156,6000,0.0,0.0
2004-05-19 00:00:00+09:00,143.0386735219804,145.3457489013672,143.0386735219804,145.3457489013672,6000,0.0,0.0
2004-05-20 00:00:00+09:00,149.19088745117188,149.19088745117188,149.19088745117188,149.19088745117188,10000,0.0,0.0
2004-05-21 00:00:00+09:00,151.49795786539715,152.26698303222656,151.49795786539715,152.26698303222656,5000,0.0,0.0
2004-05-24 00:00:00+09:00,149.9599151611328,149.9599151611328,149.9599151611328,149.9599151611328,2000,0.0,0.0
2004-05-25 00:00:00+09:00,149.9599151611328,149.9599151611328,149.9599151611328,149.9599151611328,3000,0.0,0.0
2004-05-26 00:00:00+09:00,142.2696734749697,144.5767492610503,142.2696734749697,143.80772399902344,14000,0.0,0.0
2004-05-27 00:00:00+09:00,143.03869381466427,143.80771905022698,142.26966857910156,142.26966857910156,8000,0.0,0.0
2004-05-28 00:00:00+09:00,139.96256757704592,139.96256757704592,139.19354248046875,139.19354248046875,5000,0.0,0.0
2004-05-31 00:00:00+09:00,139.19354248046875,139.19354248046875,139.19354248046875,139.19354248046875,6000,0.0,0.0
2004-06-01 00:00:00+09:00,137.65550231933594,139.19355262457992,137.65550231933594,137.65550231933594,10000,0.0,0.0
2004-06-02 00:00:00+09:00,143.80771905022698,143.80771905022698,139.19356763685073,142.26966857910156,4000,0.0,0.0
2004-06-03 00:00:00+09:00,139.1935778341658,140.73162841796875,138.42455254226437,140.73162841796875,5000,0.0,0.0
2004-06-04 00:00:00+09:00,137.65550231933594,137.65550231933594,137.65550231933594,137.65550231933594,1000,0.0,0.0
2004-06-07 00:00:00+09:00,137.65550231933594,137.65550231933594,137.65550231933594,137.65550231933594,2000,0.0,0.0
2004-06-08 00:00:00+09:00,138.42454031612095,140.7316159880563,136.88648986816406,136.88648986816406,7000,0.0,0.0
2004-06-09 00:00:00+09:00,138.42454528808594,138.42454528808594,138.42454528808594,138.42454528808594,6000,0.0,0.0
2004-06-10 00:00:00+09:00,138.42454528808594,138.42454528808594,138.42454528808594,138.42454528808594,3000,0.0,0.0
2004-06-11 00:00:00+09:00,142.26966086854324,144.5767364501953,142.26966086854324,144.5767364501953,11000,0.0,0.0
2004-06-14 00:00:00+09:00,146.11480952557469,149.95993609203717,146.11480952557469,146.8838348388672,8000,0.0,0.0
2004-06-15 00:00:00+09:00,146.8838348388672,146.8838348388672,146.8838348388672,146.8838348388672,0,0.0,0.0
2004-06-16 00:00:00+09:00,146.88381203184736,146.88381203184736,144.5767364501953,144.5767364501953,5000,0.0,0.0
2004-06-17 00:00:00+09:00,152.26698303222656,152.26698303222656,152.26698303222656,152.26698303222656,3000,0.0,0.0
2004-06-18 00:00:00+09:00,150.7289513572652,152.26700188131892,143.80772399902344,143.80772399902344,6000,0.0,0.0
2004-06-21 00:00:00+09:00,148.42184448242188,149.95989468431225,148.42184448242188,148.42184448242188,4000,0.0,0.0
2004-06-22 00:00:00+09:00,152.26699664141682,152.26699664141682,138.42454240128802,142.26966857910156,39000,0.0,0.0
2004-06-23 00:00:00+09:00,142.26966857910156,145.34576952135242,142.26966857910156,142.26966857910156,3000,0.0,0.0
2004-06-24 00:00:00+09:00,143.80772399902344,143.80772399902344,143.80772399902344,143.80772399902344,1000,0.0,0.0
2004-06-25 00:00:00+09:00,147.65284729003906,147.65284729003906,147.65284729003906,147.65284729003906,3000,0.0,0.0
2004-06-28 00:00:00+09:00,147.65284729003906,147.65284729003906,147.65284729003906,147.65284729003906,1000,0.0,0.0
2004-06-29 00:00:00+09:00,147.65284729003906,147.65284729003906,147.65284729003906,147.65284729003906,0,0.0,0.0
2004-06-30 00:00:00+09:00,146.11474609375,146.11474609375,146.11474609375,146.11474609375,1000,0.0,0.0
2004-07-01 00:00:00+09:00,146.1147764454717,146.1147764454717,136.8864747752314,141.50062561035156,10000,0.0,0.0
2004-07-02 00:00:00+09:00,145.34576952135242,145.34576952135242,142.26966857910156,142.26966857910156,3000,0.0,0.0
2004-07-05 00:00:00+09:00,146.8838348388672,146.8838348388672,146.8838348388672,146.8838348388672,1000,0.0,0.0
2004-07-06 00:00:00+09:00,149.95991264421914,149.95991264421914,148.4218622581246,149.19088745117188,18000,0.0,0.0
2004-07-07 00:00:00+09:00,153.03601598495092,153.03601598495092,146.8838143373147,149.9599151611328,12000,0.0,0.0
2004-07-08 00:00:00+09:00,153.8050201890382,153.8050201890382,148.42184448242188,148.42184448242188,26000,0.0,0.0
2004-07-09 00:00:00+09:00,148.42186474922377,149.9599151611328,148.42186474922377,149.9599151611328,5000,0.0,0.0
2004-07-12 00:00:00+09:00,149.9599151611328,149.9599151611328,149.9599151611328,149.9599151611328,2000,0.0,0.0
2004-07-13 00:00:00+09:00,147.65284729003906,147.65284729003906,147.65284729003906,147.65284729003906,1000,0.0,0.0
2004-07-14 00:00:00+09:00,147.6528370650773,149.19088745117188,147.6528370650773,149.19088745117188,2000,0.0,0.0
2004-07-15 00:00:00+09:00,149.95991264421914,149.95991264421914,149.19088745117188,149.19088745117188,6000,0.0,0.0
2004-07-16 00:00:00+09:00,151.49797548840394,153.03602600097656,151.49797548840394,153.03602600097656,2000,0.0,0.0
2004-07-19 00:00:00+09:00,153.03602600097656,153.03602600097656,153.03602600097656,153.03602600097656,0,0.0,0.0
2004-07-20 00:00:00+09:00,153.03602401415506,153.03602401415506,147.65284729003906,147.65284729003906,16000,0.0,0.0
2004-07-21 00:00:00+09:00,151.49794488620265,151.49794488620265,148.42184448242188,148.42184448242188,2000,0.0,0.0
2004-07-22 00:00:00+09:00,146.8838068644206,152.26698303222656,146.8838068644206,152.26698303222656,4000,0.0,0.0
2004-07-23 00:00:00+09:00,149.19088745117188,149.19088745117188,149.19088745117188,149.19088745117188,1000,0.0,0.0
2004-07-26 00:00:00+09:00,153.03601325988768,153.80503845214844,153.03601325988768,153.80503845214844,6000,0.0,0.0
2004-07-27 00:00:00+09:00,153.03602600097656,153.03602600097656,153.03602600097656,153.03602600097656,3000,0.0,0.0
2004-07-28 00:00:00+09:00,149.9599151611328,149.9599151611328,149.9599151611328,149.9599151611328,1000,0.0,0.0
2004-07-29 00:00:00+09:00,153.03601598495092,153.80504119090546,149.9599151611328,149.9599151611328,3000,0.0,0.0
2004-07-30 00:00:00+09:00,149.9599151611328,149.9599151611328,149.9599151611328,149.9599151611328,0,0.0,0.0
2004-08-02 00:00:00+09:00,149.9599151611328,149.9599151611328,149.9599151611328,149.9599151611328,0,0.0,0.0
2004-08-03 00:00:00+09:00,153.03602600097656,153.03602600097656,153.03602600097656,153.03602600097656,3000,0.0,0.0
2004-08-04 00:00:00+09:00,146.8837710731908,146.8837710731908,146.11474609375,146.11474609375,3000,0.0,0.0
2004-08-05 00:00:00+09:00,146.11474609375,146.11474609375,146.11474609375,146.11474609375,0,0.0,0.0
2004-08-06 00:00:00+09:00,146.11474609375,146.11474609375,146.11474609375,146.11474609375,0,0.0,0.0
2004-08-09 00:00:00+09:00,143.0386962890625,143.0386962890625,143.0386962890625,143.0386962890625,3000,0.0,0.0
2004-08-10 00:00:00+09:00,143.0386962890625,143.0386962890625,143.0386962890625,143.0386962890625,0,0.0,0.0
2004-08-11 00:00:00+09:00,143.0386962890625,143.0386962890625,143.0386962890625,143.0386962890625,0,0.0,0.0
2004-08-12 00:00:00+09:00,146.11474609375,146.11474609375,146.11474609375,146.11474609375,1000,0.0,0.0
2004-08-13 00:00:00+09:00,146.8837710731908,146.8837710731908,146.11474609375,146.11474609375,3000,0.0,0.0
2004-08-16 00:00:00+09:00,146.11479978510403,146.11479978510403,143.80772399902344,143.80772399902344,3000,0.0,0.0
2004-08-17 00:00:00+09:00,143.80772399902344,143.80772399902344,143.80772399902344,143.80772399902344,0,0.0,0.0
2004-08-18 00:00:00+09:00,145.3457489013672,145.3457489013672,145.3457489013672,145.3457489013672,1000,0.0,0.0
2004-08-19 00:00:00+09:00,149.95990753173828,152.26698303222656,149.95990753173828,152.26698303222656,3000,0.0,0.0
2004-08-20 00:00:00+09:00,152.26698303222656,152.26698303222656,152.26698303222656,152.26698303222656,15000,0.0,0.0
2004-08-23 00:00:00+09:00,144.5767364501953,144.5767364501953,144.5767364501953,144.5767364501953,4000,0.0,0.0
2004-08-24 00:00:00+09:00,146.11478683796335,146.11478683796335,144.5767364501953,144.5767364501953,2000,0.0,0.0
2004-08-25 00:00:00+09:00,145.3457489013672,145.3457489013672,145.3457489013672,145.3457489013672,4000,0.0,0.0
2004-08-26 00:00:00+09:00,149.19088745117188,149.19088745117188,149.19088745117188,149.19088745117188,1000,0.0,0.0
2004-08-27 00:00:00+09:00,145.3457489013672,145.3457489013672,145.3457489013672,145.3457489013672,1000,0.0,0.0
2004-08-30 00:00:00+09:00,144.5767364501953,144.5767364501953,144.5767364501953,144.5767364501953,2000,0.0,0.0
2004-08-31 00:00:00+09:00,145.3457489013672,145.3457489013672,145.3457489013672,145.3457489013672,1000,0.0,0.0
2004-09-01 00:00:00+09:00,143.03870429367316,145.34578016937758,139.1935778341658,140.73162841796875,11000,0.0,0.0
2004-09-02 00:00:00+09:00,145.34576164407932,145.34576164407932,144.5767364501953,144.5767364501953,5000,0.0,0.0
2004-09-03 00:00:00+09:00,143.0386962890625,143.0386962890625,143.0386962890625,143.0386962890625,5000,0.0,0.0
2004-09-06 00:00:00+09:00,149.1909008332115,149.1909008332115,143.80772399902344,143.80772399902344,2000,0.0,0.0
2004-09-07 00:00:00+09:00,145.3457489013672,145.3457489013672,145.3457489013672,145.3457489013672,2000,0.0,0.0
2004-09-08 00:00:00+09:00,143.80772958557463,143.80772958557463,140.73162841796875,140.73162841796875,5000,0.0,0.0
2004-09-09 00:00:00+09:00,140.73162841796875,140.73162841796875,140.73162841796875,140.73162841796875,0,0.0,0.0
2004-09-10 00:00:00+09:00,142.26965074953824,142.26965074953824,137.6554999144181,141.50062561035156,11000,0.0,0.0
2004-09-13 00:00:00+09:00,141.50062561035156,141.50062561035156,141.50062561035156,141.50062561035156,1000,0.0,0.0
2004-09-14 00:00:00+09:00,139.19354248046875,139.19354248046875,138.42451738389158,139.19354248046875,18000,0.0,0.0
2004-09-15 00:00:00+09:00,140.73161810797615,142.26966857910156,139.96259287241344,142.26966857910156,4000,0.0,0.0
2004-09-16 00:00:00+09:00,142.26966857910156,142.26966857910156,142.26966857910156,142.26966857910156,0,0.0,0.0
2004-09-17 00:00:00+09:00,142.2696790017717,142.2696790017717,138.42455254226437,140.73162841796875,17000,0.0,0.0
2004-09-20 00:00:00+09:00,140.73162841796875,140.73162841796875,140.73162841796875,140.73162841796875,0,0.0,0.0
2004-09-21 00:00:00+09:00,138.42454031612095,138.42454031612095,136.88648986816406,136.88648986816406,17000,0.0,0.0
2004-09-22 00:00:00+09:00,138.42455254226437,140.73162841796875,138.42455254226437,140.73162841796875,3000,0.0,0.0
2004-09-23 00:00:00+09:00,140.73162841796875,140.73162841796875,140.73162841796875,140.73162841796875,0,0.0,0.0
2004-09-24 00:00:00+09:00,144.5767364501953,144.5767364501953,144.5767364501953,144.5767364501953,4000,0.0,0.0
2004-09-27 00:00:00+09:00,144.5767364501953,144.5767364501953,144.5767364501953,144.5767364501953,0,0.0,0.0
2004-09-28 00:00:00+09:00,142.26966857910156,142.26966857910156,142.26966857910156,142.26966857910156,2000,0.0,0.0
2004-09-29 00:00:00+09:00,138.42454528808594,138.42454528808594,138.42454528808594,138.42454528808594,6000,0.0,0.0
2004-09-30 00:00:00+09:00,131.5033232948997,135.34844970703125,131.5033232948997,135.34844970703125,27000,0.0,0.0
2004-10-01 00:00:00+09:00,135.34843191964285,135.34843191964285,132.27233119419643,134.57940673828125,9000,0.0,0.0
2004-10-04 00:00:00+09:00,136.11745710100448,136.11745710100448,134.57940673828125,134.57940673828125,3000,0.0,0.0
2004-10-05 00:00:00+09:00,133.8103865284031,136.11746215820312,133.8103865284031,136.11746215820312,5000,0.0,0.0
2004-10-06 00:00:00+09:00,136.88649478488497,138.42454528808594,136.88649478488497,138.42454528808594,3000,0.0,0.0
2004-10-07 00:00:00+09:00,136.88647716671395,137.65550231933594,136.88647716671395,137.65550231933594,3000,0.0,0.0
2004-10-08 00:00:00+09:00,136.88649478488497,138.42454528808594,136.1174695332845,138.42454528808594,7000,0.0,0.0
2004-10-11 00:00:00+09:00,138.42454528808594,138.42454528808594,138.42454528808594,138.42454528808594,0,0.0,0.0
2004-10-12 00:00:00+09:00,139.19355262457992,139.19355262457992,137.65550231933594,137.65550231933594,5000,0.0,0.0
2004-10-13 00:00:00+09:00,137.65550231933594,137.65550231933594,137.65550231933594,137.65550231933594,1000,0.0,0.0
2004-10-14 00:00:00+09:00,137.65550231933594,137.65550231933594,137.65550231933594,137.65550231933594,0,0.0,0.0
2004-10-15 00:00:00+09:00,135.34844970703125,135.34844970703125,135.34844970703125,135.34844970703125,6000,0.0,0.0
2004-10-18 00:00:00+09:00,137.65550231933594,137.65550231933594,137.65550231933594,137.65550231933594,1000,0.0,0.0
2004-10-19 00:00:00+09:00,139.96257533197817,141.50062561035156,139.96257533197817,141.50062561035156,5000,0.0,0.0
2004-10-20 00:00:00+09:00,141.50062561035156,141.50062561035156,141.50062561035156,141.50062561035156,16000,0.0,0.0
2004-10-21 00:00:00+09:00,133.8103790283203,133.8103790283203,133.8103790283203,133.8103790283203,5000,0.0,0.0
2004-10-22 00:00:00+09:00,134.57940673828125,134.57940673828125,133.81038155691965,134.57940673828125,3000,0.0,0.0
2004-10-25 00:00:00+09:00,138.42453264508927,138.42453264508927,134.57940673828125,134.57940673828125,7000,0.0,0.0
2004-10-26 00:00:00+09:00,132.27232869466147,133.8103790283203,132.27232869466147,133.8103790283203,4000,0.0,0.0
2004-10-27 00:00:00+09:00,133.8103790283203,133.8103790283203,133.8103790283203,133.8103790283203,0,0.0,0.0
2004-10-28 00:00:00+09:00,135.34843191964285,135.34843191964285,134.57940673828125,134.57940673828125,2000,0.0,0.0
2004-10-29 00:00:00+09:00,134.57940673828125,134.57940673828125,134.57940673828125,134.57940673828125,0,0.0,0.0
2004-11-01 00:00:00+09:00,140.7316081891741,140.7316081891741,134.57940673828125,134.57940673828125,6000,0.0,0.0
2004-11-02 00:00:00+09:00,141.50062561035156,141.50062561035156,141.50062561035156,141.50062561035156,2000,0.0,0.0
2004-11-03 00:00:00+09:00,141.50062561035156,141.50062561035156,141.50062561035156,141.50062561035156,0,0.0,0.0
2004-11-04 00:00:00+09:00,143.03867838768986,143.03867838768986,137.65550231933594,137.65550231933594,4000,0.0,0.0
2004-11-05 00:00:00+09:00,138.42454528808594,138.42454528808594,138.42454528808594,138.42454528808594,2000,0.0,0.0
2004-11-08 00:00:00+09:00,139.9625957912869,139.9625957912869,138.42454528808594,138.42454528808594,2000,0.0,0.0
2004-11-09 00:00:00+09:00,137.65550231933594,137.65550231933594,137.65550231933594,137.65550231933594,1000,0.0,0.0
2004-11-10 00:00:00+09:00,134.57942442460495,135.34844970703125,134.57942442460495,135.34844970703125,2000,0.0,0.0
2004-11-11 00:00:00+09:00,135.34844970703125,135.34844970703125,135.34844970703125,135.34844970703125,0,0.0,0.0
2004-11-12 00:00:00+09:00,135.34844970703125,135.34844970703125,135.34844970703125,135.34844970703125,0,0.0,0.0
2004-11-15 00:00:00+09:00,136.1174695332845,138.42454528808594,136.1174695332845,138.42454528808594,8000,0.0,0.0
2004-11-16 00:00:00+09:00,138.42454528808594,138.42454528808594,138.42454528808594,138.42454528808594,0,0.0,0.0
2004-11-17 00:00:00+09:00,138.42454031612095,138.42454031612095,136.88648986816406,136.88648986816406,3000,0.0,0.0
2004-11-18 00:00:00+09:00,138.42454528808594,138.42454528808594,138.42454528808594,138.42454528808594,2000,0.0,0.0
2004-11-19 00:00:00+09:00,141.50065126523867,141.50065126523867,139.9626007080078,139.9626007080078,10000,0.0,0.0
2004-11-22 00:00:00+09:00,140.73162841796875,140.73162841796875,138.42455254226437,140.73162841796875,24000,0.0,0.0
2004-11-23 00:00:00+09:00,140.73162841796875,140.73162841796875,140.73162841796875,140.73162841796875,0,0.0,0.0
2004-11-24 00:00:00+09:00,144.5767364501953,144.5767364501953,144.5767364501953,144.5767364501953,1000,0.0,0.0
2004-11-25 00:00:00+09:00,145.3457489013672,145.3457489013672,145.3457489013672,145.3457489013672,3000,0.0,0.0
2004-11-26 00:00:00+09:00,143.80772399902344,143.80772399902344,143.80772399902344,143.80772399902344,1000,0.0,0.0
2004-11-29 00:00:00+09:00,142.26966857910156,142.26966857910156,142.26966857910156,142.26966857910156,3000,0.0,0.0
2004-11-30 00:00:00+09:00,142.26965074953824,142.26965074953824,141.50062561035156,141.50062561035156,3000,0.0,0.0
2004-12-01 00:00:00+09:00,141.50062561035156,141.50062561035156,141.50062561035156,141.50062561035156,1000,0.0,0.0
2004-12-02 00:00:00+09:00,143.80772710108496,143.80772710108496,139.9626007080078,139.9626007080078,5000,0.0,0.0
2004-12-03 00:00:00+09:00,139.19354248046875,139.19354248046875,139.19354248046875,139.19354248046875,1000,0.0,0.0
2004-12-06 00:00:00+09:00,139.19354248046875,139.19354248046875,139.19354248046875,139.19354248046875,1000,0.0,0.0
2004-12-07 00:00:00+09:00,140.73162598662324,140.73162598662324,139.9626007080078,139.9626007080078,2000,0.0,0.0
2004-12-08 00:00:00+09:00,139.19354248046875,139.19354248046875,139.19354248046875,139.19354248046875,1000,0.0,0.0
2004-12-09 00:00:00+09:00,142.2696765438541,142.2696765438541,139.9626007080078,139.9626007080078,2000,0.0,0.0
2004-12-10 00:00:00+09:00,143.80772399902344,143.80772399902344,142.2696734749697,143.80772399902344,11000,0.0,0.0
2004-12-13 00:00:00+09:00,143.03870182246953,143.03870182246953,139.9626007080078,139.9626007080078,6000,0.0,0.0
2004-12-14 00:00:00+09:00,136.1174695332845,138.42454528808594,136.1174695332845,138.42454528808594,2000,0.0,0.0
2004-12-15 00:00:00+09:00,137.65551257806982,138.4245377880032,136.11746215820312,136.11746215820312,6000,0.0,0.0
2004-12-16 00:00:00+09:00,138.42454528808594,138.42454528808594,138.42454528808594,138.42454528808594,1000,0.0,0.0
2004-12-17 00:00:00+09:00,138.42455015077695,139.9626007080078,138.42455015077695,139.9626007080078,5000,0.0,0.0
2004-12-20 00:00:00+09:00,136.11746464418562,136.88648986816406,126.88916195644421,136.88648986816406,33000,0.0,0.0
2004-12-21 00:00:00+09:00,140.7316159880563,140.7316159880563,133.81038897225025,136.88648986816406,7000,0.0,0.0
2004-12-22 00:00:00+09:00,136.11747498945758,136.11747498945758,135.34844970703125,135.34844970703125,4000,0.0,0.0
2004-12-23 00:00:00+09:00,135.34844970703125,135.34844970703125,135.34844970703125,135.34844970703125,0,0.0,0.0
2004-12-24 00:00:00+09:00,135.34843191964285,135.34843191964285,134.57940673828125,134.57940673828125,2000,0.0,0.0
2004-12-27 00:00:00+09:00,136.11745710100448,136.11745710100448,133.81038155691965,134.57940673828125,10000,0.0,0.0
2004-12-28 00:00:00+09:00,135.34844970703125,135.34844970703125,135.34844970703125,135.34844970703125,1000,0.0,0.0
2004-12-29 00:00:00+09:00,135.34844970703125,135.34844970703125,135.34844970703125,135.34844970703125,1000,0.0,0.0
2004-12-30 00:00:00+09:00,135.34844970703125,135.34844970703125,135.34844970703125,135.34844970703125,3000,0.0,0.0
2004-12-31 00:00:00+09:00,135.34844970703125,135.34844970703125,135.34844970703125,135.34844970703125,0,0.0,0.0
2005-01-03 00:00:00+09:00,135.34844970703125,135.34844970703125,135.34844970703125,135.34844970703125,0,0.0,0.0
2005-01-04 00:00:00+09:00,135.34844970703125,135.34844970703125,135.34844970703125,135.34844970703125,0,0.0,0.0
2005-01-05 00:00:00+09:00,139.19357053968642,139.19357053968642,138.42454528808594,138.42454528808594,12000,0.0,0.0
2005-01-06 00:00:00+09:00,136.88650195846142,142.2696790017717,136.88650195846142,140.73162841796875,5000,0.0,0.0
2005-01-07 00:00:00+09:00,141.50062561035156,141.50062561035156,141.50062561035156,141.50062561035156,8000,0.0,0.0
2005-01-10 00:00:00+09:00,141.50062561035156,141.50062561035156,141.50062561035156,141.50062561035156,0,0.0,0.0
2005-01-11 00:00:00+09:00,141.50064334353885,143.80771905022698,138.42454240128802,142.26966857910156,9000,0.0,0.0
2005-01-12 00:00:00+09:00,139.19357004473287,143.0386962890625,139.19357004473287,143.0386962890625,3000,0.0,0.0
2005-01-13 00:00:00+09:00,142.26966857910156,142.26966857910156,139.19356763685073,142.26966857910156,4000,0.0,0.0
2005-01-14 00:00:00+09:00,139.19357542939238,141.50065126523867,136.1174743149307,139.9626007080078,7000,0.0,0.0
2005-01-17 00:00:00+09:00,143.03867588872495,143.03867588872495,138.42452505360478,141.50062561035156,18000,0.0,0.0
2005-01-18 00:00:00+09:00,141.50065126523867,141.50065126523867,139.19357542939238,139.9626007080078,12000,0.0,0.0
2005-01-19 00:00:00+09:00,141.50063567465924,144.5767364501953,141.50063567465924,144.5767364501953,7000,0.0,0.0
2005-01-20 00:00:00+09:00,145.34576164407932,145.34576164407932,142.26966086854324,144.5767364501953,20000,0.0,0.0
2005-01-21 00:00:00+09:00,144.57672377490493,145.3457489013672,144.57672377490493,145.3457489013672,5000,0.0,0.0
2005-01-24 00:00:00+09:00,146.11479679743448,147.65284729003906,144.5767463048299,147.65284729003906,8000,0.0,0.0
2005-01-25 00:00:00+09:00,147.65282428075398,147.65282428075398,145.3457489013672,145.3457489013672,6000,0.0,0.0
2005-01-26 00:00:00+09:00,146.8837710731908,146.8837710731908,146.11474609375,146.11474609375,2000,0.0,0.0
2005-01-27 00:00:00+09:00,148.42186474922377,149.9599151611328,148.42186474922377,149.9599151611328,11000,0.0,0.0
2005-01-28 00:00:00+09:00,149.95991264421914,149.95991264421914,149.19088745117188,149.19088745117188,10000,0.0,0.0
2005-01-31 00:00:00+09:00,148.4218518630318,148.4218518630318,139.19355019279146,141.50062561035156,19000,0.0,0.0
2005-02-01 00:00:00+09:00,142.26967104019656,143.0386962890625,142.26967104019656,143.0386962890625,3000,0.0,0.0
2005-02-02 00:00:00+09:00,146.8838250471309,146.8838250471309,143.80772399902344,143.80772399902344,3000,0.0,0.0
2005-02-03 00:00:00+09:00,143.80767115542764,146.8837710731908,143.80767115542764,146.11474609375,5000,0.0,0.0
2005-02-04 00:00:00+09:00,146.11478683796335,146.11478683796335,142.26966086854324,144.5767364501953,21000,0.0,0.0
2005-02-07 00:00:00+09:00,143.80771109984093,149.19088745117188,143.80771109984093,149.19088745117188,6000,0.0,0.0
2005-02-08 00:00:00+09:00,146.8838143373147,149.9599151611328,146.8838143373147,149.9599151611328,9000,0.0,0.0
2005-02-09 00:00:00+09:00,149.9599151611328,150.72894036708735,149.9599151611328,149.9599151611328,13000,0.0,0.0
2005-02-10 00:00:00+09:00,147.65283954326924,149.9599151611328,147.65283954326924,149.9599151611328,2000,0.0,0.0
2005-02-11 00:00:00+09:00,149.9599151611328,149.9599151611328,149.9599151611328,149.9599151611328,0,0.0,0.0
2005-02-14 00:00:00+09:00,150.72897002770512,174.56875610351562,150.72897002770512,174.56875610351562,168000,0.0,0.0
2005-02-15 00:00:00+09:00,170.72362570566673,188.41120854904662,167.64752434160067,168.4165496826172,184000,0.0,0.0
2005-02-16 00:00:00+09:00,168.41650894519893,168.41650894519893,163.0333328601926,165.3404083251953,21000,0.0,0.0
2005-02-17 00:00:00+09:00,167.64749145507812,169.95456702556086,167.64749145507812,167.64749145507812,15000,0.0,0.0
2005-02-18 00:00:00+09:00,159.95722471992926,163.0333251953125,155.34307400685438,163.0333251953125,42000,0.0,0.0
2005-02-21 00:00:00+09:00,167.64749644886365,170.72359730113638,167.64749644886365,169.185546875,25000,0.0,0.0
2005-02-22 00:00:00+09:00,169.185546875,173.0306729403409,167.64749644886365,169.185546875,9000,0.0,0.0
2005-02-23 00:00:00+09:00,169.1855750236337,169.1855750236337,165.34044831855113,168.4165496826172,4000,0.0,0.0
2005-02-24 00:00:00+09:00,164.57139559659092,169.185546875,164.57139559659092,169.185546875,8000,0.0,0.0
2005-02-25 00:00:00+09:00,169.18553410019985,169.18553410019985,165.3404083251953,165.3404083251953,7000,0.0,0.0
2005-02-28 00:00:00+09:00,164.5713831701944,169.18553410019985,164.5713831701944,165.3404083251953,9000,0.0,0.0
2005-03-01 00:00:00+09:00,165.34041856935886,165.34041856935886,163.8023681640625,163.8023681640625,2000,0.0,0.0
2005-03-02 00:00:00+09:00,169.18553928076398,169.18553928076398,165.34041338801933,166.8784637451172,6000,0.0,0.0
2005-03-03 00:00:00+09:00,166.87844812474546,166.87844812474546,161.49527237878593,162.26429748535156,11000,0.0,0.0
2005-03-04 00:00:00+09:00,167.64748892366612,167.64748892366612,166.10943856656826,166.8784637451172,5000,0.0,0.0
2005-03-07 00:00:00+09:00,166.87846626491722,169.18554183539996,166.87846626491722,167.64749145507812,3000,0.0,0.0
2005-03-08 00:00:00+09:00,169.18554936059462,170.72359980932728,169.18554936059462,169.95457458496094,12000,0.0,0.0
2005-03-09 00:00:00+09:00,170.72360667353092,176.8758087158203,169.18555616295856,176.8758087158203,50000,0.0,0.0
2005-03-10 00:00:00+09:00,176.87584466016443,183.7970733642578,176.87584466016443,183.7970733642578,37000,0.0,0.0
2005-03-11 00:00:00+09:00,183.79701745865194,184.5660426363032,180.72091674804688,180.72091674804688,21000,0.0,0.0
2005-03-14 00:00:00+09:00,180.7209344637596,181.48995971679688,180.7209344637596,181.48995971679688,7000,0.0,0.0
2005-03-15 00:00:00+09:00,183.79702969682893,189.18020629882812,180.72092878140083,189.18020629882812,49000,0.0,0.0
2005-03-16 00:00:00+09:00,193.02535676956177,248.39518022537231,189.18023014068604,246.08810424804688,509000,0.0,0.0
2005-03-17 00:00:00+09:00,226.86246043238148,230.70758688038794,212.2509799299569,223.017333984375,228000,0.0,0.0
2005-03-18 00:00:00+09:00,224.5553835651935,224.5553835651935,213.02000427246094,213.02000427246094,86000,0.0,0.0
2005-03-21 00:00:00+09:00,213.02000427246094,213.02000427246094,213.02000427246094,213.02000427246094,0,0.0,0.0
2005-03-22 00:00:00+09:00,224.55532836914062,225.32435346629524,219.1721526890585,224.55532836914062,49000,0.0,0.0
2005-03-23 00:00:00+09:00,224.55532836914062,224.55532836914062,217.63410249474933,224.55532836914062,25000,0.0,0.0
2005-03-24 00:00:00+09:00,223.78632096878744,223.78632096878744,219.17217002097738,220.71022033691406,18000,0.0,0.0
2005-03-25 00:00:00+09:00,221.47927734374997,221.47927734374997,211.48194885253903,211.48194885253906,33000,0.0,0.0
2005-03-28 00:00:00+09:00,204.86095652139807,205.6398955195783,193.955810546875,193.955810546875,20000,3.5,0.0
2005-03-29 00:00:00+09:00,197.07156086743362,197.07156086743362,191.61898803710938,191.61898803710938,22000,0.0,0.0
2005-03-30 00:00:00+09:00,191.61898106166294,197.07155369349888,190.8400421142578,190.8400421142578,20000,0.0,0.0
2005-03-31 00:00:00+09:00,193.955810546875,198.6294445359563,193.955810546875,193.955810546875,9000,0.0,0.0
2005-04-01 00:00:00+09:00,196.29261474609376,197.07155369349888,188.5032252720424,190.8400421142578,19000,0.0,0.0
2005-04-04 00:00:00+09:00,194.7347495450552,194.7347495450552,193.17687154869478,193.955810546875,3000,0.0,0.0
2005-04-05 00:00:00+09:00,193.17686195979044,196.29261779785156,193.17686195979044,196.29261779785156,13000,0.0,0.0
2005-04-06 00:00:00+09:00,195.51367369431716,202.5241241455078,193.1768568772536,202.5241241455078,25000,0.0,0.0
2005-04-07 00:00:00+09:00,202.52410544488663,207.19773864746094,202.52410544488663,207.19773864746094,18000,0.0,0.0
2005-04-08 00:00:00+09:00,206.4188021011935,206.4188021011935,203.30304659777926,204.0819854736328,22000,0.0,0.0
2005-04-11 00:00:00+09:00,207.1977363868996,214.98712497287326,207.1977363868996,210.31349182128906,16000,0.0,0.0
2005-04-12 00:00:00+09:00,212.65030839708115,224.33439127604166,204.8609198111075,210.31349182128906,128000,0.0,0.0
2005-04-13 00:00:00+09:00,210.31350584591135,218.10289495131548,210.31350584591135,211.8713836669922,18000,0.0,0.0
2005-04-14 00:00:00+09:00,209.5345529626917,210.31349182128906,202.52410323531538,210.31349182128906,10000,0.0,0.0
2005-04-15 00:00:00+09:00,206.41883566477043,209.5345916748047,202.52414065222757,209.5345916748047,9000,0.0,0.0
2005-04-18 00:00:00+09:00,209.53461437988284,209.53461437988284,193.95583264160157,194.73477172851562,10000,0.0,0.0
2005-04-19 00:00:00+09:00,186.94535028366818,196.29261779785156,186.94535028366818,196.29261779785156,22000,0.0,0.0
2005-04-20 00:00:00+09:00,200.18728884359948,207.19773864746094,200.18728884359948,207.19773864746094,20000,0.0,0.0
2005-04-21 00:00:00+09:00,195.5136788383363,200.18731259542798,192.39792300027514,196.29261779785156,8000,0.0,0.0
2005-04-22 00:00:00+09:00,200.18731827081416,200.18731827081416,198.6294403076172,198.6294403076172,7000,0.0,0.0
2005-04-25 00:00:00+09:00,201.74519623401116,201.74519623401116,198.6294403076172,198.6294403076172,7000,0.0,0.0
2005-04-26 00:00:00+09:00,198.6294403076172,198.6294403076172,198.6294403076172,198.6294403076172,0,0.0,0.0
2005-04-27 00:00:00+09:00,202.5241241455078,202.5241241455078,202.5241241455078,202.5241241455078,1000,0.0,0.0
2005-04-28 00:00:00+09:00,198.62943467639744,198.62943467639744,196.29261779785156,196.29261779785156,7000,0.0,0.0
2005-04-29 00:00:00+09:00,196.29261779785156,196.29261779785156,196.29261779785156,196.29261779785156,0,0.0,0.0
2005-05-02 00:00:00+09:00,194.73477172851562,194.73477172851562,194.73477172851562,194.73477172851562,4000,0.0,0.0
2005-05-03 00:00:00+09:00,194.73477172851562,194.73477172851562,194.73477172851562,194.73477172851562,0,0.0,0.0
2005-05-04 00:00:00+09:00,194.73477172851562,194.73477172851562,194.73477172851562,194.73477172851562,0,0.0,0.0
2005-05-05 00:00:00+09:00,194.73477172851562,194.73477172851562,194.73477172851562,194.73477172851562,0,0.0,0.0
2005-05-06 00:00:00+09:00,194.73477172851562,194.73477172851562,194.73477172851562,194.73477172851562,10000,0.0,0.0
2005-05-09 00:00:00+09:00,193.176861648243,193.176861648243,187.7242889404297,187.7242889404297,5000,0.0,0.0
2005-05-10 00:00:00+09:00,194.7347395647611,194.7347395647611,187.7242889404297,187.7242889404297,11000,0.0,0.0
2005-05-11 00:00:00+09:00,187.7242806805067,188.5032196044922,187.7242806805067,188.5032196044922,5000,0.0,0.0
2005-05-12 00:00:00+09:00,190.84006881713867,190.84006881713867,186.94537353515625,186.94537353515625,10000,0.0,0.0
2005-05-13 00:00:00+09:00,186.94535688920456,186.94535688920456,175.26127208362928,179.93490600585938,23000,0.0,0.0
2005-05-16 00:00:00+09:00,176.04020391316175,179.9348986900016,169.80869227021796,170.58763122558594,13000,0.0,0.0
2005-05-17 00:00:00+09:00,167.47186730124733,175.26125647804955,167.47186730124733,171.36656188964844,12000,0.0,0.0
2005-05-18 00:00:00+09:00,179.15598687065972,181.49280409071181,175.26129150390625,175.26129150390625,8000,0.0,0.0
2005-05-19 00:00:00+09:00,174.4823426363761,177.5980987548828,172.92446457712276,177.5980987548828,19000,0.0,0.0
2005-05-20 00:00:00+09:00,179.93488827969165,183.05064392089844,179.93488827969165,183.05064392089844,14000,0.0,0.0
2005-05-23 00:00:00+09:00,175.2612816660028,177.5980987548828,175.2612816660028,177.5980987548828,4000,0.0,0.0
2005-05-24 00:00:00+09:00,177.5980987548828,177.5980987548828,177.5980987548828,177.5980987548828,3000,0.0,0.0
2005-05-25 00:00:00+09:00,172.92443972500888,172.92443972500888,171.36656188964844,171.36656188964844,9000,0.0,0.0
2005-05-26 00:00:00+09:00,177.5980987548828,177.5980987548828,177.5980987548828,177.5980987548828,1000,0.0,0.0
2005-05-27 00:00:00+09:00,177.5980987548828,178.3770377845095,177.5980987548828,177.5980987548828,5000,0.0,0.0
2005-05-30 00:00:00+09:00,177.5980987548828,177.5980987548828,177.5980987548828,177.5980987548828,0,0.0,0.0
2005-05-31 00:00:00+09:00,177.5980987548828,177.5980987548828,177.5980987548828,177.5980987548828,1000,0.0,0.0
2005-06-01 00:00:00+09:00,179.15595106645063,179.15595106645063,171.36656188964844,171.36656188964844,5000,0.0,0.0
2005-06-02 00:00:00+09:00,176.8191680908203,176.8191680908203,175.26128995786152,176.8191680908203,5000,0.0,0.0
2005-06-03 00:00:00+09:00,180.71383666992188,180.71383666992188,180.71383666992188,180.71383666992188,4000,0.0,0.0
2005-06-06 00:00:00+09:00,184.60855636596682,186.94537353515625,184.60855636596682,186.94537353515625,13000,0.0,0.0
2005-06-07 00:00:00+09:00,187.7243141366654,187.7243141366654,176.04022819454931,185.3874969482422,5000,0.0,0.0
2005-06-08 00:00:00+09:00,185.3874954223633,186.94537353515625,185.3874954223633,186.94537353515625,2000,0.0,0.0
2005-06-09 00:00:00+09:00,186.16644287109375,186.16644287109375,186.16644287109375,186.16644287109375,1000,0.0,0.0
2005-06-10 00:00:00+09:00,185.38747173806897,185.38747173806897,179.1559600830078,179.1559600830078,5000,0.0,0.0
2005-06-13 00:00:00+09:00,183.82960510253906,184.60854410721083,183.82960510253906,183.82960510253906,6000,0.0,0.0
2005-06-14 00:00:00+09:00,183.8296255965612,186.16644287109375,183.8296255965612,186.16644287109375,6000,0.0,0.0
2005-06-15 00:00:00+09:00,186.16644287109375,186.16644287109375,186.16644287109375,186.16644287109375,2000,0.0,0.0
2005-06-16 00:00:00+09:00,186.16639956210523,186.94533847240692,183.05064392089844,183.05064392089844,9000,0.0,0.0
2005-06-17 00:00:00+09:00,186.94536812697785,189.28218522856508,184.60855102539062,184.60855102539062,16000,0.0,0.0
2005-06-20 00:00:00+09:00,190.06113720703127,194.73477172851562,186.945380859375,194.73477172851562,29000,0.0,0.0
2005-06-21 00:00:00+09:00,194.73471677392945,209.5345552487481,190.84002243845086,207.19773864746094,35000,0.0,0.0
2005-06-22 00:00:00+09:00,204.86093018729733,207.197746881449,202.52411349314565,206.41880798339844,9000,0.0,0.0
2005-06-23 00:00:00+09:00,200.18730000888598,212.6503225775326,200.18730000888598,211.8713836669922,21000,0.0,0.0
2005-06-24 00:00:00+09:00,200.96627655029297,218.10293579101562,199.4083984375,218.10293579101562,14000,0.0,0.0
2005-06-27 00:00:00+09:00,214.2082405090332,218.10293579101562,210.31354522705078,218.10293579101562,11000,0.0,0.0
2005-06-28 00:00:00+09:00,206.418837072251,207.97671508789062,202.52414203315192,207.97671508789062,3000,0.0,0.0
2005-06-29 00:00:00+09:00,215.76607821969424,217.32395604077507,211.8713836669922,211.8713836669922,15000,0.0,0.0
2005-06-30 00:00:00+09:00,211.87139698815724,211.87139698815724,196.29261779785156,196.29261779785156,22000,0.0,0.0
2005-07-01 00:00:00+09:00,197.85047446680434,204.0819854736328,197.85047446680434,204.0819854736328,2000,0.0,0.0
2005-07-04 00:00:00+09:00,207.97671508789062,207.97671508789062,207.97671508789062,207.97671508789062,1000,0.0,0.0
2005-07-05 00:00:00+09:00,207.97671508789062,207.97671508789062,207.97671508789062,207.97671508789062,0,0.0,0.0
2005-07-06 00:00:00+09:00,204.08199622009514,204.08199622009514,200.1873016357422,200.1873016357422,4000,0.0,0.0
2005-07-07 00:00:00+09:00,197.85047912597656,197.85047912597656,197.85047912597656,197.85047912597656,1000,0.0,0.0
2005-07-08 00:00:00+09:00,196.2926070513892,200.1873016357422,196.2926070513892,200.1873016357422,2000,0.0,0.0
2005-07-11 00:00:00+09:00,193.17686462402344,196.29262050505608,193.17686462402344,193.17686462402344,7000,0.0,0.0
2005-07-12 00:00:00+09:00,193.17686737560834,193.9558063569616,186.94535552478226,190.0611114501953,9000,0.0,0.0
2005-07-13 00:00:00+09:00,186.16643601104994,186.94537507385766,185.3874969482422,185.3874969482422,8000,0.0,0.0
2005-07-14 00:00:00+09:00,186.16643375229552,195.51370239257812,186.16643375229552,195.51370239257812,10000,0.0,0.0
2005-07-15 00:00:00+09:00,192.3979142244197,192.3979142244197,188.5032196044922,188.5032196044922,3000,0.0,0.0
2005-07-18 00:00:00+09:00,188.5032196044922,188.5032196044922,188.5032196044922,188.5032196044922,0,0.0,0.0
2005-07-19 00:00:00+09:00,188.5032252720424,190.8400421142578,186.94534737723214,190.8400421142578,14000,0.0,0.0
2005-07-20 00:00:00+09:00,196.29263019561768,199.40838623046875,196.29263019561768,199.40838623046875,18000,0.0,0.0
2005-07-21 00:00:00+09:00,207.19779711914063,207.19779711914063,191.6190153808594,194.73477172851562,40000,0.0,0.0
2005-07-22 00:00:00+09:00,196.29260133758305,197.85047912597656,196.29260133758305,197.85047912597656,2000,0.0,0.0
2005-07-25 00:00:00+09:00,198.62941802017332,202.5241124911571,197.85047912597656,197.85047912597656,11000,0.0,0.0
2005-07-26 00:00:00+09:00,195.5137108154297,195.5137108154297,194.73477172851562,194.73477172851562,3000,0.0,0.0
2005-07-27 00:00:00+09:00,194.7347355275019,194.7347355275019,183.0506513958518,192.39791870117188,21000,0.0,0.0
2005-07-28 00:00:00+09:00,192.39795446777345,196.29264990234375,192.39795446777345,194.73477172851562,6000,0.0,0.0
2005-07-29 00:00:00+09:00,199.40838798868313,199.40838798868313,187.72430275497123,189.2821807861328,11000,0.0,0.0
2005-08-01 00:00:00+09:00,199.40835691437007,199.40835691437007,194.73472354918954,197.85047912597656,7000,0.0,0.0
2005-08-02 00:00:00+09:00,199.40837928921567,199.40837928921567,196.29262336282167,198.6294403076172,11000,0.0,0.0
2005-08-03 00:00:00+09:00,198.62941802017332,198.62941802017332,194.73472354918954,197.85047912597656,8000,0.0,0.0
2005-08-04 00:00:00+09:00,193.95581487961758,193.95581487961758,187.72430275497123,189.2821807861328,17000,0.0,0.0
2005-08-05 00:00:00+09:00,193.1768758640368,193.1768758640368,188.50324177055202,189.2821807861328,5000,0.0,0.0
2005-08-08 00:00:00+09:00,186.94537353515625,186.94537353515625,186.94537353515625,186.94537353515625,7000,0.0,0.0
2005-08-09 00:00:00+09:00,190.8400421142578,192.3979200090681,190.8400421142578,190.8400421142578,6000,0.0,0.0
2005-08-10 00:00:00+09:00,191.61897530043422,191.61897530043422,188.5032196044922,188.5032196044922,8000,0.0,0.0
2005-08-11 00:00:00+09:00,195.51370239257812,195.51370239257812,195.51370239257812,195.51370239257812,1000,0.0,0.0
2005-08-12 00:00:00+09:00,188.50325903320314,194.73477172851562,186.945380859375,194.73477172851562,15000,0.0,0.0
2005-08-15 00:00:00+09:00,193.17686462402344,193.17686462402344,193.17686462402344,193.17686462402344,4000,0.0,0.0
2005-08-16 00:00:00+09:00,189.28217655779366,193.955810546875,189.28217655779366,193.955810546875,5000,0.0,0.0
2005-08-17 00:00:00+09:00,192.39792839425508,193.17686737560834,189.28217246884205,190.0611114501953,5000,0.0,0.0
2005-08-18 00:00:00+09:00,193.17687154869478,193.955810546875,193.17687154869478,193.955810546875,7000,0.0,0.0
2005-08-19 00:00:00+09:00,193.95578465499275,198.62941802017332,192.39790686659924,197.85047912597656,19000,0.0,0.0
2005-08-22 00:00:00+09:00,198.62939555654413,198.62939555654413,195.51364033212775,197.07151794433594,25000,0.0,0.0
2005-08-23 00:00:00+09:00,197.07158898925783,197.07158898925783,194.73477172851562,194.73477172851562,3000,0.0,0.0
2005-08-24 00:00:00+09:00,195.5137108154297,197.07158898925783,194.73477172851562,194.73477172851562,10000,0.0,0.0
2005-08-25 00:00:00+09:00,194.73474539962467,198.6294403076172,192.39792845482918,198.6294403076172,12000,0.0,0.0
2005-08-26 00:00:00+09:00,198.6294133426579,204.0819854736328,197.85047446680434,204.0819854736328,21000,0.0,0.0
2005-08-29 00:00:00+09:00,203.30308532714844,203.30308532714844,203.30308532714844,203.30308532714844,5000,0.0,0.0
2005-08-30 00:00:00+09:00,202.52412160237628,205.63987731933594,202.52412160237628,205.63987731933594,7000,0.0,0.0
2005-08-31 00:00:00+09:00,204.86096337563234,204.86096337563234,200.9662682544226,203.30308532714844,5000,0.0,0.0
2005-09-01 00:00:00+09:00,202.52412977327413,205.63988561593987,202.52412977327413,204.86094665527344,7000,0.0,0.0
2005-09-02 00:00:00+09:00,205.63988561593987,205.63988561593987,204.86094665527344,204.86094665527344,10000,0.0,0.0
2005-09-05 00:00:00+09:00,205.63988561593987,206.41882457660634,204.86094665527344,204.86094665527344,15000,0.0,0.0
2005-09-06 00:00:00+09:00,211.0924413717018,218.10289145415683,206.41880798339844,206.41880798339844,28000,0.0,0.0
2005-09-07 00:00:00+09:00,205.63985866970486,210.31349182128906,205.63985866970486,210.31349182128906,19000,0.0,0.0
2005-09-08 00:00:00+09:00,204.86094665527344,206.41882457660634,201.7451908126077,204.86094665527344,44000,0.0,0.0
2005-09-09 00:00:00+09:00,202.52410544488663,207.19773864746094,202.52410544488663,207.19773864746094,11000,0.0,0.0
2005-09-12 00:00:00+09:00,207.19773864746094,207.19773864746094,207.19773864746094,207.19773864746094,0,0.0,0.0
2005-09-13 00:00:00+09:00,202.52411674050722,213.429261488073,200.96623891942642,211.8713836669922,10000,0.0,0.0
2005-09-14 00:00:00+09:00,207.1977502037497,211.8713836669922,204.08199456158806,211.8713836669922,25000,0.0,0.0
2005-09-15 00:00:00+09:00,211.8714044744318,214.20822143554688,210.31352650035512,214.20822143554688,10000,0.0,0.0
2005-09-16 00:00:00+09:00,218.10290347166165,221.99759817651275,211.0924530029297,211.0924530029297,61000,0.0,0.0
2005-09-19 00:00:00+09:00,211.0924530029297,211.0924530029297,211.0924530029297,211.0924530029297,0,0.0,0.0
2005-09-20 00:00:00+09:00,217.32398439490277,225.89231352875197,213.4292893340622,214.98716735839844,78000,0.0,0.0
2005-09-21 00:00:00+09:00,214.98712731841812,214.98712731841812,207.19773864746094,207.19773864746094,12000,0.0,0.0
2005-09-22 00:00:00+09:00,204.86093018729733,206.41880798339844,204.86093018729733,206.41880798339844,4000,0.0,0.0
2005-09-23 00:00:00+09:00,206.41880798339844,206.41880798339844,206.41880798339844,206.41880798339844,0,0.0,0.0
2005-09-26 00:00:00+09:00,207.1977363868996,210.31349182128906,207.1977363868996,210.31349182128906,20000,0.0,0.0
2005-09-27 00:00:00+09:00,213.42924725567852,214.2081861142759,210.31349182128906,210.31349182128906,11000,0.0,0.0
2005-09-28 00:00:00+09:00,198.62942695617676,206.41881624857584,196.29261016845703,205.63987731933594,40000,0.0,0.0
2005-09-29 00:00:00+09:00,205.63987916380495,214.20820746229683,201.74518448267227,212.65032958984375,16000,0.0,0.0
2005-09-30 00:00:00+09:00,208.75563618001902,211.8713919438999,207.19775829807858,211.0924530029297,14000,0.0,0.0
2005-10-03 00:00:00+09:00,211.09244475645175,211.8713836669922,211.09244475645175,211.8713836669922,7000,0.0,0.0
2005-10-04 00:00:00+09:00,210.3135237053259,211.0924626820123,207.97670677526673,208.75564575195312,13000,0.0,0.0
2005-10-05 00:00:00+09:00,208.75561410409432,210.31349182128906,208.75561410409432,210.31349182128906,8000,0.0,0.0
2005-10-06 00:00:00+09:00,210.3134941158438,210.3134941158438,206.41879978036522,207.19773864746094,15000,0.0,0.0
2005-10-07 00:00:00+09:00,207.19773864746094,207.19773864746094,207.19773864746094,207.19773864746094,7000,0.0,0.0
2005-10-10 00:00:00+09:00,207.19773864746094,207.19773864746094,207.19773864746094,207.19773864746094,0,0.0,0.0
2005-10-11 00:00:00+09:00,203.30307419720816,203.30307419720816,196.29262336282167,198.6294403076172,55000,0.0,0.0
2005-10-12 00:00:00+09:00,202.5241241455078,203.30306308452901,200.96624626746546,202.5241241455078,20000,0.0,0.0
2005-10-13 00:00:00+09:00,202.52414777011944,202.52414777011944,201.74520874023438,201.74520874023438,9000,0.0,0.0
2005-10-14 00:00:00+09:00,200.9662559850892,208.75564575195312,200.9662559850892,208.75564575195312,5000,0.0,0.0
2005-10-17 00:00:00+09:00,209.53458472863952,211.0924626820123,207.97670677526673,208.75564575195312,11000,0.0,0.0
2005-10-18 00:00:00+09:00,209.5345529626917,210.31349182128906,209.5345529626917,210.31349182128906,18000,0.0,0.0
2005-10-19 00:00:00+09:00,208.75564575195312,208.75564575195312,208.75564575195312,208.75564575195312,3000,0.0,0.0
2005-10-20 00:00:00+09:00,213.42928668734754,213.42928668734754,209.5345916748047,209.5345916748047,13000,0.0,0.0
2005-10-21 00:00:00+09:00,207.97670278061918,213.4292755126953,207.97670278061918,213.4292755126953,12000,0.0,0.0
2005-10-24 00:00:00+09:00,214.20819696390404,214.20819696390404,206.41880798339844,206.41880798339844,10000,0.0,0.0
2005-10-25 00:00:00+09:00,212.65033655097017,213.4292755126953,211.871397589245,213.4292755126953,9000,0.0,0.0
2005-10-26 00:00:00+09:00,213.4292755126953,213.4292755126953,211.09245862751982,213.4292755126953,14000,0.0,0.0
2005-10-27 00:00:00+09:00,209.53458483842968,217.323974609375,209.53458483842968,217.323974609375,17000,0.0,0.0
2005-10-28 00:00:00+09:00,210.31355683232695,223.55552152176978,210.31355683232695,221.2187042236328,15000,0.0,0.0
2005-10-31 00:00:00+09:00,221.2187042236328,222.7765824223908,221.2187042236328,221.2187042236328,16000,0.0,0.0
2005-11-01 00:00:00+09:00,221.21867095099554,224.3344268798828,221.21867095099554,224.3344268798828,3000,0.0,0.0
2005-11-02 00:00:00+09:00,223.555487897661,224.3344268798828,221.99760993321738,224.3344268798828,14000,0.0,0.0
2005-11-03 00:00:00+09:00,204.0819854736328,204.0819854736328,204.0819854736328,204.0819854736328,14000,0.0,0.0
2005-11-04 00:00:00+09:00,225.89226260427702,229.78695678710938,224.33438493114406,229.78695678710938,27000,0.0,0.0
2005-11-07 00:00:00+09:00,219.66079711914062,221.99761410976978,215.7661021347587,219.66079711914062,61000,0.0,0.0
2005-11-08 00:00:00+09:00,223.55550918579104,225.89232635498047,218.10293579101562,218.10293579101562,28000,0.0,0.0
2005-11-09 00:00:00+09:00,221.99760571806675,226.67123952265763,220.43972778320312,220.43972778320312,35000,0.0,0.0
2005-11-10 00:00:00+09:00,221.9976070852042,227.4501798908057,218.88185119628906,218.88185119628906,28000,0.0,0.0
2005-11-11 00:00:00+09:00,218.88185812226425,219.66079711914062,218.88185812226425,219.66079711914062,3000,0.0,0.0
2005-11-14 00:00:00+09:00,219.66079711914062,219.66079711914062,219.66079711914062,219.66079711914062,2000,0.0,0.0
2005-11-15 00:00:00+09:00,218.88187484741212,218.88187484741212,218.10293579101562,218.10293579101562,12000,0.0,0.0
2005-11-16 00:00:00+09:00,212.6503225775326,212.6503225775326,211.8713836669922,211.8713836669922,3000,0.0,0.0
2005-11-17 00:00:00+09:00,213.42924725567852,213.42924725567852,207.1977363868996,210.31349182128906,30000,0.0,0.0
2005-11-18 00:00:00+09:00,213.42926852607027,213.42926852607027,211.87139065361723,212.65032958984375,15000,0.0,0.0
2005-11-21 00:00:00+09:00,214.98714639852335,214.98714639852335,212.65032958984375,212.65032958984375,14000,0.0,0.0
2005-11-22 00:00:00+09:00,214.98716042258522,214.98716042258522,214.20822143554688,214.20822143554688,2000,0.0,0.0
2005-11-23 00:00:00+09:00,214.20822143554688,214.20822143554688,214.20822143554688,214.20822143554688,0,0.0,0.0
2005-11-24 00:00:00+09:00,214.20820039861343,214.20820039861343,211.8713836669922,211.8713836669922,6000,0.0,0.0
2005-11-25 00:00:00+09:00,214.9871576780914,218.10291358646955,206.41882893005152,217.323974609375,26000,0.0,0.0
2005-11-28 00:00:00+09:00,218.10293130941324,223.55550459214857,218.10293130941324,222.7765655517578,16000,0.0,0.0
2005-11-29 00:00:00+09:00,221.99761410976978,222.7765531066462,219.66079711914062,219.66079711914062,7000,0.0,0.0
2005-11-30 00:00:00+09:00,220.43975296020508,220.43975296020508,218.10293579101562,218.10293579101562,4000,0.0,0.0
2005-12-01 00:00:00+09:00,218.10293579101562,218.10293579101562,218.10293579101562,218.10293579101562,0,0.0,0.0
2005-12-02 00:00:00+09:00,218.88186096630508,218.88186096630508,216.5450439453125,216.5450439453125,7000,0.0,0.0
2005-12-05 00:00:00+09:00,217.32398274035603,225.11337280273438,217.32398274035603,225.11337280273438,4000,0.0,0.0
2005-12-06 00:00:00+09:00,216.54500186317844,221.99757385253906,216.54500186317844,221.99757385253906,16000,0.0,0.0
2005-12-07 00:00:00+09:00,218.88188692549585,221.2187042236328,218.88188692549585,221.2187042236328,2000,0.0,0.0
2005-12-08 00:00:00+09:00,219.66078720649665,219.66078720649665,213.4292755126953,213.4292755126953,7000,0.0,0.0
2005-12-09 00:00:00+09:00,217.32398295231002,218.10292195930754,214.98716593131743,216.5450439453125,8000,0.0,0.0
2005-12-12 00:00:00+09:00,214.98716313788233,219.66079711914062,214.98716313788233,219.66079711914062,6000,0.0,0.0
2005-12-13 00:00:00+09:00,218.10291637073865,218.10291637073865,212.6503434614702,214.20822143554688,10000,0.0,0.0
2005-12-14 00:00:00+09:00,218.10292340707088,218.88186241923898,214.20822834623033,214.98716735839844,8000,0.0,0.0
2005-12-15 00:00:00+09:00,217.32398439490277,217.32398439490277,214.98716735839844,214.98716735839844,2000,0.0,0.0
2005-12-16 00:00:00+09:00,214.9871358619546,214.9871358619546,206.41880798339844,206.41880798339844,36000,0.0,0.0
2005-12-19 00:00:00+09:00,206.41880798339844,207.97668577949958,206.41880798339844,206.41880798339844,16000,0.0,0.0
2005-12-20 00:00:00+09:00,208.75561872875417,208.75561872875417,203.30304659777926,204.0819854736328,16000,0.0,0.0
2005-12-21 00:00:00+09:00,206.41882457660634,208.75564145860565,204.082007694607,204.86094665527344,20000,0.0,0.0
2005-12-22 00:00:00+09:00,204.8609402275784,212.65032958984375,204.8609402275784,212.65032958984375,16000,0.0,0.0
2005-12-23 00:00:00+09:00,212.65032958984375,212.65032958984375,212.65032958984375,212.65032958984375,0,0.0,0.0
2005-12-26 00:00:00+09:00,213.42925806585347,213.42925806585347,206.41880798339844,206.41880798339844,17000,0.0,0.0
2005-12-27 00:00:00+09:00,207.19776779858034,209.53458472863952,207.19776779858034,208.75564575195312,11000,0.0,0.0
2005-12-28 00:00:00+09:00,209.53456693537095,211.8713836669922,208.75562802483054,211.8713836669922,6000,0.0,0.0
2005-12-29 00:00:00+09:00,208.75563490871107,213.42926852607027,208.75563490871107,212.65032958984375,13000,0.0,0.0
2005-12-30 00:00:00+09:00,214.98716735839844,214.98716735839844,214.98716735839844,214.98716735839844,1000,0.0,0.0
2006-01-02 00:00:00+09:00,214.98716735839844,214.98716735839844,214.98716735839844,214.98716735839844,0,0.0,0.0
2006-01-03 00:00:00+09:00,214.98716735839844,214.98716735839844,214.98716735839844,214.98716735839844,0,0.0,0.0
2006-01-04 00:00:00+09:00,215.76611328125,215.76611328125,215.76611328125,215.76611328125,3000,0.0,0.0
2006-01-05 00:00:00+09:00,217.323974609375,217.323974609375,211.09246279261873,217.323974609375,11000,0.0,0.0
2006-01-06 00:00:00+09:00,216.54504538273466,216.54504538273466,213.4292893340622,214.98716735839844,3000,0.0,0.0
2006-01-09 00:00:00+09:00,214.98716735839844,214.98716735839844,214.98716735839844,214.98716735839844,0,0.0,0.0
2006-01-10 00:00:00+09:00,216.54503135959598,216.54503135959598,213.4292755126953,213.4292755126953,5000,0.0,0.0
2006-01-11 00:00:00+09:00,213.42928791732237,216.5450439453125,211.87140990332733,216.5450439453125,10000,0.0,0.0
2006-01-12 00:00:00+09:00,214.98716735839844,218.10292340707088,211.87141130972597,214.98716735839844,23000,0.0,0.0
2006-01-13 00:00:00+09:00,217.32396320720295,217.32396320720295,212.65032958984375,212.65032958984375,4000,0.0,0.0
2006-01-16 00:00:00+09:00,214.98714770778076,214.98714770778076,208.75563618001902,211.0924530029297,17000,0.0,0.0
2006-01-17 00:00:00+09:00,212.65034063538508,213.42927961207147,208.75564575195312,208.75564575195312,19000,0.0,0.0
2006-01-18 00:00:00+09:00,209.53459185223247,209.53459185223247,199.40838481104652,200.9662628173828,19000,0.0,0.0
2006-01-19 00:00:00+09:00,193.176839039738,207.97667751455666,193.176839039738,207.19773864746094,11000,0.0,0.0
2006-01-20 00:00:00+09:00,207.19773864746094,207.19773864746094,207.19773864746094,207.19773864746094,11000,0.0,0.0
2006-01-23 00:00:00+09:00,197.0715623444202,198.6294403076172,196.29262336282167,198.6294403076172,6000,0.0,0.0
2006-01-24 00:00:00+09:00,195.51370239257812,199.40839765936255,195.51370239257812,195.51370239257812,18000,0.0,0.0
2006-01-25 00:00:00+09:00,197.85047446680434,204.0819854736328,197.07153559095076,204.0819854736328,9000,0.0,0.0
2006-01-26 00:00:00+09:00,202.52410544488663,207.19773864746094,202.52410544488663,207.19773864746094,6000,0.0,0.0
2006-01-27 00:00:00+09:00,208.75561410409432,210.31349182128906,208.75561410409432,210.31349182128906,2000,0.0,0.0
2006-01-30 00:00:00+09:00,204.08201865724473,209.5345916748047,204.08201865724473,209.5345916748047,3000,0.0,0.0
2006-01-31 00:00:00+09:00,203.30308868738717,216.54505231836643,203.30308868738717,215.76611328125,13000,0.0,0.0
2006-02-01 00:00:00+09:00,207.97672291008573,215.76611328125,205.63990579873646,215.76611328125,23000,0.0,0.0
2006-02-02 00:00:00+09:00,211.8713887532552,214.20820554097492,205.63987731933594,205.63987731933594,10000,0.0,0.0
2006-02-03 00:00:00+09:00,202.52412977327413,205.63988561593987,197.07155704860907,204.86094665527344,48000,0.0,0.0
2006-02-06 00:00:00+09:00,200.9662682544226,203.30308532714844,198.62945118169677,203.30308532714844,8000,0.0,0.0
2006-02-07 00:00:00+09:00,200.18733671271943,200.18733671271943,193.17688523250746,195.51370239257812,71000,0.0,0.0
2006-02-08 00:00:00+09:00,197.85047912597656,198.62941802017332,194.73472354918954,197.85047912597656,57000,0.0,0.0
2006-02-09 00:00:00+09:00,197.07151794433594,197.07151794433594,196.29257913823184,197.07151794433594,13000,0.0,0.0
2006-02-10 00:00:00+09:00,195.5137108154297,195.5137108154297,193.17689355468752,194.73477172851562,13000,0.0,0.0
2006-02-13 00:00:00+09:00,194.73477172851562,194.73477172851562,183.0506854248047,194.73477172851562,7000,0.0,0.0
2006-02-14 00:00:00+09:00,193.95579030077744,200.1873016357422,193.95579030077744,200.1873016357422,19000,0.0,0.0
2006-02-15 00:00:00+09:00,200.18729679899397,206.41880798339844,200.18729679899397,206.41880798339844,30000,0.0,0.0
2006-02-16 00:00:00+09:00,204.08199622009514,204.08199622009514,198.62942380200099,200.1873016357422,11000,0.0,0.0
2006-02-17 00:00:00+09:00,197.07156086743362,197.07156086743362,191.61898803710938,191.61898803710938,7000,0.0,0.0
2006-02-20 00:00:00+09:00,193.95581487961758,194.73475389519837,186.94536373939044,189.2821807861328,16000,0.0,0.0
2006-02-21 00:00:00+09:00,182.2717474135395,186.16644287109375,182.2717474135395,186.16644287109375,5000,0.0,0.0
2006-02-22 00:00:00+09:00,186.94534737723214,190.8400421142578,186.94534737723214,190.8400421142578,5000,0.0,0.0
2006-02-23 00:00:00+09:00,190.8400571346283,200.18732523918152,190.8400571346283,199.40838623046875,19000,0.0,0.0
2006-02-24 00:00:00+09:00,198.62942945040191,202.5241241455078,197.07155157235954,202.5241241455078,16000,0.0,0.0
2006-02-27 00:00:00+09:00,202.52416259765627,202.52416259765627,194.73477172851562,194.73477172851562,3000,0.0,0.0
2006-02-28 00:00:00+09:00,194.7347368512835,194.7347368512835,190.8400421142578,190.8400421142578,4000,0.0,0.0
2006-03-01 00:00:00+09:00,190.8400421142578,190.8400421142578,190.8400421142578,190.8400421142578,1000,0.0,0.0
2006-03-02 00:00:00+09:00,194.73473987882102,196.29261779785156,194.73473987882102,196.29261779785156,6000,0.0,0.0
2006-03-03 00:00:00+09:00,188.50325164794924,189.2821907043457,186.94537353515625,186.94537353515625,8000,0.0,0.0
2006-03-06 00:00:00+09:00,186.94537353515625,186.94537353515625,186.94537353515625,186.94537353515625,1000,0.0,0.0
2006-03-07 00:00:00+09:00,183.05064392089844,183.05064392089844,183.05064392089844,183.05064392089844,2000,0.0,0.0
2006-03-08 00:00:00+09:00,189.28217246884205,190.0611114501953,186.94535552478226,190.0611114501953,4000,0.0,0.0
2006-03-09 00:00:00+09:00,193.17689355468752,194.73477172851562,189.2821981201172,194.73477172851562,9000,0.0,0.0
2006-03-10 00:00:00+09:00,194.73477172851562,194.73477172851562,194.73477172851562,194.73477172851562,9000,0.0,0.0
2006-03-13 00:00:00+09:00,191.618994779365,200.9662628173828,191.618994779365,200.9662628173828,20000,0.0,0.0
2006-03-14 00:00:00+09:00,201.74520874023438,201.74520874023438,201.74520874023438,201.74520874023438,1000,0.0,0.0
2006-03-15 00:00:00+09:00,200.9662628173828,200.9662628173828,197.07156780154207,200.9662628173828,8000,0.0,0.0
2006-03-16 00:00:00+09:00,194.73477172851562,194.73477172851562,194.73477172851562,194.73477172851562,7000,0.0,0.0
2006-03-17 00:00:00+09:00,193.17689355468752,199.40840625,193.17689355468752,194.73477172851562,10000,0.0,0.0
2006-03-20 00:00:00+09:00,198.62946716308596,198.62946716308596,190.84007629394532,194.73477172851562,16000,0.0,0.0
2006-03-21 00:00:00+09:00,194.73477172851562,194.73477172851562,194.73477172851562,194.73477172851562,0,0.0,0.0
2006-03-22 00:00:00+09:00,193.95581487961758,193.95581487961758,186.94536373939044,189.2821807861328,13000,0.0,0.0
2006-03-23 00:00:00+09:00,194.73477172851562,194.73477172851562,194.73477172851562,194.73477172851562,1000,0.0,0.0
2006-03-24 00:00:00+09:00,196.29260133758305,197.85047912597656,196.29260133758305,197.85047912597656,3000,0.0,0.0
2006-03-27 00:00:00+09:00,199.40837928921567,200.18731827081416,198.6294403076172,198.6294403076172,5000,0.0,0.0
2006-03-28 00:00:00+09:00,200.9662628173828,200.9662628173828,200.9662628173828,200.9662628173828,1000,0.0,0.0
2006-03-29 00:00:00+09:00,200.9662628173828,200.9662628173828,200.9662628173828,200.9662628173828,1000,0.0,0.0
2006-03-30 00:00:00+09:00,200.96626153049698,200.96626153049698,193.955810546875,193.955810546875,4000,0.0,0.0
2006-03-31 00:00:00+09:00,197.850513590809,201.74520874023438,197.850513590809,201.74520874023438,3000,0.0,0.0
2006-04-03 00:00:00+09:00,197.85045675044003,202.5240895870646,190.8400074955032,197.07151794433594,18000,0.0,0.0
2006-04-04 00:00:00+09:00,200.18729580856683,200.18729580856683,197.85047912597656,197.85047912597656,2000,0.0,0.0
2006-04-05 00:00:00+09:00,194.73474394015182,197.07156086743362,191.61898803710938,191.61898803710938,26000,0.0,0.0
2006-04-06 00:00:00+09:00,194.73474256453977,194.73474256453977,193.17686462402344,193.17686462402344,2000,0.0,0.0
2006-04-07 00:00:00+09:00,193.17686462402344,193.17686462402344,193.17686462402344,193.17686462402344,1000,0.0,0.0
2006-04-10 00:00:00+09:00,192.39794617915058,195.51370239257812,190.06112901907994,195.51370239257812,10000,0.0,0.0
2006-04-11 00:00:00+09:00,193.95576271991956,197.07151794433594,191.61894630160728,197.07151794433594,8000,0.0,0.0
2006-04-12 00:00:00+09:00,191.61898668350713,193.17686462402344,191.61898668350713,193.17686462402344,2000,0.0,0.0
2006-04-13 00:00:00+09:00,191.61898803710938,193.9558049643912,191.61898803710938,191.61898803710938,3000,0.0,0.0
2006-04-14 00:00:00+09:00,194.73477172851562,194.73477172851562,194.73477172851562,194.73477172851562,2000,0.0,0.0
2006-04-17 00:00:00+09:00,186.94534610640181,192.39791870117188,186.94534610640181,192.39791870117188,7000,0.0,0.0
2006-04-18 00:00:00+09:00,190.06110187484185,192.39791870117188,190.06110187484185,192.39791870117188,2000,0.0,0.0
2006-04-19 00:00:00+09:00,195.5136744696119,195.5136744696119,192.39791870117188,192.39791870117188,3000,0.0,0.0
2006-04-20 00:00:00+09:00,196.29263192635995,196.29263192635995,183.05066866148647,189.2821807861328,24000,0.0,0.0
2006-04-21 00:00:00+09:00,185.38747756207576,193.17686737560834,185.38747756207576,190.0611114501953,9000,0.0,0.0
2006-04-24 00:00:00+09:00,189.2821807861328,189.2821807861328,189.2821807861328,189.2821807861328,5000,0.0,0.0
2006-04-25 00:00:00+09:00,192.39792839425508,192.39792839425508,190.0611114501953,190.0611114501953,5000,0.0,0.0
2006-04-26 00:00:00+09:00,190.0611031668527,190.8400421142578,187.72428632463726,190.8400421142578,5000,0.0,0.0
2006-04-27 00:00:00+09:00,186.16644287109375,186.94538196260459,186.16644287109375,186.16644287109375,7000,0.0,0.0
2006-04-28 00:00:00+09:00,183.82960510253906,184.60854410721083,183.82960510253906,183.82960510253906,7000,0.0,0.0
2006-05-01 00:00:00+09:00,184.6085292800718,192.39791870117188,184.6085292800718,192.39791870117188,4000,0.0,0.0
2006-05-02 00:00:00+09:00,191.61898668350713,193.17686462402344,191.61898668350713,193.17686462402344,4000,0.0,0.0
2006-05-03 00:00:00+09:00,193.17686462402344,193.17686462402344,193.17686462402344,193.17686462402344,0,0.0,0.0
2006-05-04 00:00:00+09:00,193.17686462402344,193.17686462402344,193.17686462402344,193.17686462402344,0,0.0,0.0
2006-05-05 00:00:00+09:00,193.17686462402344,193.17686462402344,193.17686462402344,193.17686462402344,0,0.0,0.0
2006-05-08 00:00:00+09:00,186.94537353515625,190.84006881713867,184.60855636596682,186.94537353515625,12000,0.0,0.0
2006-05-09 00:00:00+09:00,186.94537353515625,186.94537353515625,186.94537353515625,186.94537353515625,2000,0.0,0.0
2006-05-10 00:00:00+09:00,186.16643688857292,186.16643688857292,175.26128995786152,176.8191680908203,10000,0.0,0.0
2006-05-11 00:00:00+09:00,183.82961968913477,183.82961968913477,176.8191680908203,176.8191680908203,9000,0.0,0.0
2006-05-12 00:00:00+09:00,172.92446457712276,180.71385487338955,169.02976942898934,177.5980987548828,11000,0.0,0.0
2006-05-15 00:00:00+09:00,169.8087156920874,186.16643601104994,169.8087156920874,185.3874969482422,10000,0.0,0.0
2006-05-16 00:00:00+09:00,183.05066195401278,183.05066195401278,179.93490600585938,179.93490600585938,5000,0.0,0.0
2006-05-17 00:00:00+09:00,176.04019539572977,176.04019539572977,171.36656188964844,171.36656188964844,4000,0.0,0.0
2006-05-18 00:00:00+09:00,172.9244372504098,175.26125397000993,162.0192925589425,174.48231506347656,25000,0.0,0.0
2006-05-19 00:00:00+09:00,171.36656188964844,171.36656188964844,171.36656188964844,171.36656188964844,3000,0.0,0.0
2006-05-22 00:00:00+09:00,176.0402069091797,176.0402069091797,176.0402069091797,176.0402069091797,4000,0.0,0.0
2006-05-23 00:00:00+09:00,179.93492043984904,179.93492043984904,172.92446899414062,172.92446899414062,62000,0.0,0.0
2006-05-24 00:00:00+09:00,176.04020296294112,180.71383666992188,176.04020296294112,180.71383666992188,3000,0.0,0.0
2006-05-25 00:00:00+09:00,181.49276733398438,181.49276733398438,180.71382841838786,181.49276733398438,4000,0.0,0.0
2006-05-26 00:00:00+09:00,175.2612652985946,179.1559600830078,175.2612652985946,179.1559600830078,5000,0.0,0.0
2006-05-29 00:00:00+09:00,179.15595876759497,180.71383666992188,176.04020296294112,180.71383666992188,9000,0.0,0.0
2006-05-30 00:00:00+09:00,180.71383666992188,180.71383666992188,179.15595876759497,180.71383666992188,4000,0.0,0.0
2006-05-31 00:00:00+09:00,178.3770377845095,178.3770377845095,177.5980987548828,177.5980987548828,2000,0.0,0.0
2006-06-01 00:00:00+09:00,177.5980987548828,177.5980987548828,177.5980987548828,177.5980987548828,2000,0.0,0.0
2006-06-02 00:00:00+09:00,179.15598687065972,179.15598687065972,175.26129150390625,175.26129150390625,3000,0.0,0.0
2006-06-05 00:00:00+09:00,175.26126316615512,175.26126316615512,163.57717895507812,163.57717895507812,4000,0.0,0.0
2006-06-06 00:00:00+09:00,174.482314453125,174.482314453125,155.78778076171875,155.78778076171875,24000,0.0,0.0
2006-06-07 00:00:00+09:00,159.68250054579516,163.57719568105844,157.34568346463718,162.01931762695312,12000,0.0,0.0
2006-06-08 00:00:00+09:00,155.7877917167468,156.56673067533052,147.99840213090945,151.89309692382812,11000,0.0,0.0
2006-06-09 00:00:00+09:00,159.68247282738778,159.68247282738778,155.7877783681832,158.90353393554688,6000,0.0,0.0
2006-06-12 00:00:00+09:00,163.57717895507812,163.57717895507812,163.57717895507812,163.57717895507812,3000,0.0,0.0
2006-06-13 00:00:00+09:00,167.47188784041495,167.47188784041495,165.13507080078125,165.13507080078125,7000,0.0,0.0
2006-06-14 00:00:00+09:00,159.68246459960938,159.68246459960938,159.68246459960938,159.68246459960938,7000,0.0,0.0
2006-06-15 00:00:00+09:00,162.7982635498047,162.7982635498047,162.7982635498047,162.7982635498047,1000,0.0,0.0
2006-06-16 00:00:00+09:00,165.1350962787593,169.80873107910156,165.1350962787593,169.80873107910156,4000,0.0,0.0
2006-06-19 00:00:00+09:00,168.25082685362617,168.25082685362617,165.13507080078125,165.13507080078125,3000,0.0,0.0
2006-06-20 00:00:00+09:00,165.13509792751736,165.13509792751736,161.2404022216797,161.2404022216797,15000,0.0,0.0
2006-06-21 00:00:00+09:00,153.4509735107422,157.34566826989808,153.4509735107422,153.4509735107422,10000,0.0,0.0
2006-06-22 00:00:00+09:00,151.8930828509553,151.8930828509553,146.4405106460492,150.335205078125,33000,0.0,0.0
2006-06-23 00:00:00+09:00,151.89313252766928,154.22994995117188,151.89313252766928,154.22994995117188,3000,0.0,0.0
2006-06-26 00:00:00+09:00,155.00885141440455,155.00885141440455,151.89309560707983,153.4509735107422,17000,0.0,0.0
2006-06-27 00:00:00+09:00,153.4509735107422,153.4509735107422,153.4509735107422,153.4509735107422,2000,0.0,0.0
2006-06-28 00:00:00+09:00,151.11416625976562,151.89310526110464,147.21947125307062,151.11416625976562,43000,0.0,0.0
2006-06-29 00:00:00+09:00,150.335205078125,150.335205078125,150.335205078125,150.335205078125,2000,0.0,0.0
2006-06-30 00:00:00+09:00,151.11416066753927,151.11416066753927,147.21946580497382,148.77734375,5000,0.0,0.0
2006-07-03 00:00:00+09:00,148.7773506641388,150.33522868156433,147.21947264671326,149.55628967285156,12000,0.0,0.0
2006-07-04 00:00:00+09:00,151.1141450171377,158.90353393554688,149.55626723345588,158.90353393554688,26000,0.0,0.0
2006-07-05 00:00:00+09:00,155.0088314893769,159.68246459960938,155.0088314893769,159.68246459960938,15000,0.0,0.0
2006-07-06 00:00:00+09:00,166.6929473876953,166.6929473876953,166.6929473876953,166.6929473876953,6000,0.0,0.0
2006-07-07 00:00:00+09:00,167.47186279296875,167.47186279296875,167.47186279296875,167.47186279296875,4000,0.0,0.0
2006-07-10 00:00:00+09:00,156.56674194335938,156.56674194335938,156.56674194335938,156.56674194335938,4000,0.0,0.0
2006-07-11 00:00:00+09:00,158.12460722172926,158.12460722172926,153.4509735107422,153.4509735107422,4000,0.0,0.0
2006-07-12 00:00:00+09:00,154.22994995117188,154.22994995117188,154.22994995117188,154.22994995117188,4000,0.0,0.0
2006-07-13 00:00:00+09:00,154.22994995117188,154.22994995117188,154.22994995117188,154.22994995117188,1000,0.0,0.0
2006-07-14 00:00:00+09:00,150.33520726874323,157.3456573486328,149.5562683709777,157.3456573486328,5000,0.0,0.0
2006-07-17 00:00:00+09:00,186.94537353515625,186.94537353515625,186.94537353515625,186.94537353515625,5000,0.0,0.0
2006-07-18 00:00:00+09:00,151.11417024698687,155.0088653564453,151.11417024698687,155.0088653564453,9000,0.0,0.0
2006-07-19 00:00:00+09:00,158.90353393554688,158.90353393554688,158.90353393554688,158.90353393554688,1000,0.0,0.0
2006-07-20 00:00:00+09:00,162.0193135679649,162.0193135679649,158.12461853027344,158.12461853027344,14000,0.0,0.0
2006-07-21 00:00:00+09:00,158.12461853027344,158.12461853027344,158.12461853027344,158.12461853027344,14000,0.0,0.0
2006-07-24 00:00:00+09:00,151.11416625976562,151.11416625976562,151.11416625976562,151.11416625976562,2000,0.0,0.0
2006-07-25 00:00:00+09:00,155.00883839661591,155.00883839661591,150.335205078125,150.335205078125,3000,0.0,0.0
2006-07-26 00:00:00+09:00,153.4509735107422,153.4509735107422,153.4509735107422,153.4509735107422,5000,0.0,0.0
2006-07-27 00:00:00+09:00,153.4509735107422,153.4509735107422,153.4509735107422,153.4509735107422,0,0.0,0.0
2006-07-28 00:00:00+09:00,151.8931078554979,156.56674194335938,151.8931078554979,156.56674194335938,2000,0.0,0.0
2006-07-31 00:00:00+09:00,160.46146308051215,161.2404022216797,160.46146308051215,161.2404022216797,4000,0.0,0.0
2006-08-01 00:00:00+09:00,158.12459504370597,158.90353393554688,158.12459504370597,158.90353393554688,3000,0.0,0.0
2006-08-02 00:00:00+09:00,155.0088406553363,157.3456573486328,154.2299017575708,157.3456573486328,7000,0.0,0.0
2006-08-03 00:00:00+09:00,155.7877703410823,159.68246459960938,154.2298926376715,159.68246459960938,9000,0.0,0.0
2006-08-04 00:00:00+09:00,158.90352574790396,159.68246459960938,157.34564804449315,159.68246459960938,4000,0.0,0.0
2006-08-07 00:00:00+09:00,152.6720428466797,152.6720428466797,152.6720428466797,152.6720428466797,1000,0.0,0.0
2006-08-08 00:00:00+09:00,152.67202514648437,157.34565856933594,152.67202514648437,155.78778076171875,4000,0.0,0.0
2006-08-09 00:00:00+09:00,155.7877783681832,158.90353393554688,155.7877783681832,158.90353393554688,2000,0.0,0.0
2006-08-10 00:00:00+09:00,159.68246459960938,159.68246459960938,159.68246459960938,159.68246459960938,3000,0.0,0.0
2006-08-11 00:00:00+09:00,156.56674194335938,156.56674194335938,156.56674194335938,156.56674194335938,1000,0.0,0.0
2006-08-14 00:00:00+09:00,157.34568095800296,157.34568095800296,156.56674194335938,156.56674194335938,4000,0.0,0.0
2006-08-15 00:00:00+09:00,156.56674194335938,156.56674194335938,156.56674194335938,156.56674194335938,4000,0.0,0.0
2006-08-16 00:00:00+09:00,159.68246459960938,159.68246459960938,157.34564804449315,159.68246459960938,6000,0.0,0.0
2006-08-17 00:00:00+09:00,159.68248682114685,163.57718162166262,159.68248682114685,160.46142578125,18000,0.0,0.0
2006-08-18 00:00:00+09:00,162.0193147479363,165.13507080078125,162.0193147479363,165.13507080078125,10000,0.0,0.0
2006-08-21 00:00:00+09:00,166.6929473876953,166.6929473876953,161.2403743423034,166.6929473876953,22000,0.0,0.0
2006-08-22 00:00:00+09:00,165.91399879279774,169.02975463867188,165.91399879279774,169.02975463867188,6000,0.0,0.0
2006-08-23 00:00:00+09:00,168.2508528123208,169.80873107910156,166.69297454554007,169.80873107910156,8000,0.0,0.0
2006-08-24 00:00:00+09:00,169.0297405863917,169.0297405863917,167.47186279296875,167.47186279296875,4000,0.0,0.0
2006-08-25 00:00:00+09:00,169.0297919457112,170.58767021249193,163.57721801197857,169.80873107910156,9000,0.0,0.0
2006-08-28 00:00:00+09:00,162.0192825882523,168.25079345703125,162.0192825882523,168.25079345703125,2000,0.0,0.0
2006-08-29 00:00:00+09:00,168.250814359482,170.58763122558594,168.250814359482,170.58763122558594,4000,0.0,0.0
2006-08-30 00:00:00+09:00,170.58762297196822,171.36656188964844,170.58762297196822,171.36656188964844,4000,0.0,0.0
2006-08-31 00:00:00+09:00,166.6929473876953,166.6929473876953,166.6929473876953,166.6929473876953,1000,0.0,0.0
2006-09-01 00:00:00+09:00,166.6929473876953,166.6929473876953,166.6929473876953,166.6929473876953,0,0.0,0.0
2006-09-04 00:00:00+09:00,169.8086794831032,169.8086794831032,167.47186279296875,167.47186279296875,3000,0.0,0.0
2006-09-05 00:00:00+09:00,167.47186279296875,167.47186279296875,167.47186279296875,167.47186279296875,1000,0.0,0.0
2006-09-06 00:00:00+09:00,165.1350461028343,167.47186279296875,165.1350461028343,167.47186279296875,4000,0.0,0.0
2006-09-07 00:00:00+09:00,162.7982635498047,162.7982635498047,162.7982635498047,162.7982635498047,1000,0.0,0.0
2006-09-08 00:00:00+09:00,160.46142578125,160.46142578125,160.46142578125,160.46142578125,1000,0.0,0.0
2006-09-11 00:00:00+09:00,162.01931762695312,162.01931762695312,162.01931762695312,162.01931762695312,1000,0.0,0.0
2006-09-12 00:00:00+09:00,162.01931762695312,162.01931762695312,162.01931762695312,162.01931762695312,1000,0.0,0.0
2006-09-13 00:00:00+09:00,158.12458367370317,168.2507885395068,154.2298894945479,164.35609436035156,10000,0.0,0.0
2006-09-14 00:00:00+09:00,168.25079345703125,168.25079345703125,168.25079345703125,168.25079345703125,1000,0.0,0.0
2006-09-15 00:00:00+09:00,161.24033901702737,166.69291086784472,161.24033901702737,164.35609436035156,6000,0.0,0.0
2006-09-18 00:00:00+09:00,164.35609436035156,164.35609436035156,164.35609436035156,164.35609436035156,0,0.0,0.0
2006-09-19 00:00:00+09:00,164.3561347081111,164.3561347081111,162.01931762695312,162.01931762695312,4000,0.0,0.0
2006-09-20 00:00:00+09:00,166.69293474469865,166.69293474469865,163.57717895507812,163.57717895507812,17000,0.0,0.0
2006-09-21 00:00:00+09:00,162.01931762695312,162.01931762695312,162.01931762695312,162.01931762695312,2000,0.0,0.0
2006-09-22 00:00:00+09:00,155.78778076171875,155.78778076171875,155.78778076171875,155.78778076171875,3000,0.0,0.0
2006-09-25 00:00:00+09:00,159.68246459960938,159.68246459960938,155.7877703410823,159.68246459960938,5000,0.0,0.0
2006-09-26 00:00:00+09:00,162.01928950291054,162.01928950291054,158.90353393554688,158.90353393554688,2000,0.0,0.0
2006-09-27 00:00:00+09:00,158.12461853027344,158.12461853027344,158.12461853027344,158.12461853027344,1000,0.0,0.0
2006-09-28 00:00:00+09:00,162.01930106026785,167.4718736921038,159.68248421805245,163.57717895507812,11000,0.0,0.0
2006-09-29 00:00:00+09:00,163.57717895507812,163.57717895507812,163.57717895507812,163.57717895507812,11000,0.0,0.0
2006-10-02 00:00:00+09:00,159.68248585043432,170.58763122558594,159.68248585043432,170.58763122558594,6000,0.0,0.0
2006-10-03 00:00:00+09:00,174.48231756036932,174.48231756036932,167.47186730124733,171.36656188964844,16000,0.0,0.0
2006-10-04 00:00:00+09:00,167.47186401080637,167.47186401080637,165.9139862060547,165.9139862060547,5000,0.0,0.0
2006-10-05 00:00:00+09:00,167.47191367893043,171.3666093458823,163.57721801197857,169.80873107910156,6000,0.0,0.0
2006-10-06 00:00:00+09:00,165.9139862060547,165.9139862060547,165.9139862060547,165.9139862060547,1000,0.0,0.0
2006-10-09 00:00:00+09:00,165.9139862060547,165.9139862060547,165.9139862060547,165.9139862060547,0,0.0,0.0
2006-10-10 00:00:00+09:00,163.57717895507812,163.57717895507812,163.57717895507812,163.57717895507812,1000,0.0,0.0
2006-10-11 00:00:00+09:00,159.68246459960938,159.68246459960938,159.68246459960938,159.68246459960938,3000,0.0,0.0
2006-10-12 00:00:00+09:00,156.56674194335938,160.46143701657726,156.56674194335938,156.56674194335938,4000,0.0,0.0
2006-10-13 00:00:00+09:00,164.35612058176577,164.35612058176577,160.46142578125,160.46142578125,2000,0.0,0.0
2006-10-16 00:00:00+09:00,165.9139862060547,165.9139862060547,165.9139862060547,165.9139862060547,1000,0.0,0.0
2006-10-17 00:00:00+09:00,165.9139862060547,165.9139862060547,165.9139862060547,165.9139862060547,1000,0.0,0.0
2006-10-18 00:00:00+09:00,160.46140018119632,165.1350331961826,160.46140018119632,164.35609436035156,5000,0.0,0.0
2006-10-19 00:00:00+09:00,163.57719277435876,165.13507080078125,163.57719277435876,165.13507080078125,3000,0.0,0.0
2006-10-20 00:00:00+09:00,167.47186279296875,167.47186279296875,167.47186279296875,167.47186279296875,15000,0.0,0.0
2006-10-23 00:00:00+09:00,167.47188639417985,170.5876424201181,166.6929473876953,166.6929473876953,3000,0.0,0.0
2006-10-24 00:00:00+09:00,164.35611790248325,164.35611790248325,163.57717895507812,163.57717895507812,2000,0.0,0.0
2006-10-25 00:00:00+09:00,159.68246459960938,159.68246459960938,159.68246459960938,159.68246459960938,5000,0.0,0.0
2006-10-26 00:00:00+09:00,159.68247404192934,159.68247404192934,157.3456573486328,157.3456573486328,4000,0.0,0.0
2006-10-27 00:00:00+09:00,155.78778076171875,155.78778076171875,155.78778076171875,155.78778076171875,3000,0.0,0.0
2006-10-30 00:00:00+09:00,151.11417024698687,155.0088653564453,151.11417024698687,155.0088653564453,7000,0.0,0.0
2006-10-31 00:00:00+09:00,154.22991246257337,154.22991246257337,153.4509735107422,153.4509735107422,3000,0.0,0.0
2006-11-01 00:00:00+09:00,153.4509735107422,153.4509735107422,153.4509735107422,153.4509735107422,3000,0.0,0.0
2006-11-02 00:00:00+09:00,152.67203588241185,155.00885275816307,151.89309692382812,151.89309692382812,4000,0.0,0.0
2006-11-03 00:00:00+09:00,151.89309692382812,151.89309692382812,151.89309692382812,151.89309692382812,0,0.0,0.0
2006-11-06 00:00:00+09:00,151.89309692382812,151.89309692382812,151.89309692382812,151.89309692382812,1000,0.0,0.0
2006-11-07 00:00:00+09:00,152.6720314427426,152.6720314427426,147.99839782714844,147.99839782714844,4000,0.0,0.0
2006-11-08 00:00:00+09:00,151.89309692382812,151.89309692382812,151.89309692382812,151.89309692382812,1000,0.0,0.0
2006-11-09 00:00:00+09:00,151.89309692382812,151.89309692382812,151.89309692382812,151.89309692382812,1000,0.0,0.0
2006-11-10 00:00:00+09:00,151.11415357087787,151.11415357087787,147.99839782714844,147.99839782714844,5000,0.0,0.0
2006-11-13 00:00:00+09:00,151.89309250681023,151.89309250681023,147.99839782714844,147.99839782714844,4000,0.0,0.0
2006-11-14 00:00:00+09:00,147.99839782714844,147.99839782714844,147.99839782714844,147.99839782714844,4000,0.0,0.0
2006-11-15 00:00:00+09:00,144.10372924804688,144.10372924804688,141.76691201699745,144.10372924804688,3000,0.0,0.0
2006-11-16 00:00:00+09:00,144.88263295491538,144.88263295491538,140.20899963378906,140.20899963378906,9000,0.0,0.0
2006-11-17 00:00:00+09:00,140.98793852064347,140.98793852064347,133.977488538954,140.20899963378906,21000,0.0,0.0
2006-11-20 00:00:00+09:00,144.10372924804688,145.66160740207982,144.10372924804688,144.10372924804688,25000,0.0,0.0
2006-11-21 00:00:00+09:00,144.882642083419,147.99839782714844,144.882642083419,147.99839782714844,9000,0.0,0.0
2006-11-22 00:00:00+09:00,145.66158101935136,147.99839782714844,145.66158101935136,147.99839782714844,6000,0.0,0.0
2006-11-23 00:00:00+09:00,147.99839782714844,147.99839782714844,147.99839782714844,147.99839782714844,0,0.0,0.0
2006-11-24 00:00:00+09:00,147.99839782714844,147.99839782714844,147.99839782714844,147.99839782714844,1000,0.0,0.0
2006-11-27 00:00:00+09:00,151.11413723084985,159.68246459960938,151.11413723084985,159.68246459960938,8000,0.0,0.0
2006-11-28 00:00:00+09:00,147.99842140891334,165.13508072994543,145.6616042287726,162.7982635498047,10000,0.0,0.0
2006-11-29 00:00:00+09:00,162.79822839475145,162.79822839475145,158.90353393554688,158.90353393554688,2000,0.0,0.0
2006-11-30 00:00:00+09:00,158.90353393554688,158.90353393554688,158.90353393554688,158.90353393554688,2000,0.0,0.0
2006-12-01 00:00:00+09:00,155.00887294933557,162.7982635498047,147.21948234886645,162.7982635498047,15000,0.0,0.0
2006-12-04 00:00:00+09:00,161.24037859990048,162.01931762695312,159.68250054579516,162.01931762695312,6000,0.0,0.0
2006-12-05 00:00:00+09:00,162.7982635498047,162.7982635498047,162.7982635498047,162.7982635498047,3000,0.0,0.0
2006-12-06 00:00:00+09:00,162.7982635498047,162.7982635498047,162.7982635498047,162.7982635498047,3000,0.0,0.0
2006-12-07 00:00:00+09:00,162.7982635498047,162.7982635498047,162.7982635498047,162.7982635498047,2000,0.0,0.0
2006-12-08 00:00:00+09:00,162.7982635498047,162.7982635498047,162.7982635498047,162.7982635498047,2000,0.0,0.0
2006-12-11 00:00:00+09:00,166.69292285395602,166.69292285395602,158.90353393554688,158.90353393554688,8000,0.0,0.0
2006-12-12 00:00:00+09:00,158.9035615187425,162.01931762695312,158.12462249168982,162.01931762695312,6000,0.0,0.0
2006-12-13 00:00:00+09:00,162.01931762695312,162.01931762695312,162.01931762695312,162.01931762695312,6000,0.0,0.0
2006-12-14 00:00:00+09:00,158.12461853027344,158.12461853027344,158.12461853027344,158.12461853027344,1000,0.0,0.0
2006-12-15 00:00:00+09:00,158.12461853027344,158.12461853027344,158.12461853027344,158.12461853027344,1000,0.0,0.0
2006-12-18 00:00:00+09:00,158.12461853027344,158.12461853027344,158.12461853027344,158.12461853027344,3000,0.0,0.0
2006-12-19 00:00:00+09:00,157.34566826989808,157.34566826989808,148.77733979975514,153.4509735107422,47000,0.0,0.0
2006-12-20 00:00:00+09:00,153.4509735107422,153.4509735107422,153.4509735107422,153.4509735107422,13000,0.0,0.0
2006-12-21 00:00:00+09:00,151.89309250681023,151.89309250681023,146.44051995528372,147.99839782714844,37000,0.0,0.0
2006-12-22 00:00:00+09:00,146.44053611563677,155.0088653564453,140.2090239405033,155.0088653564453,36000,0.0,0.0
2006-12-25 00:00:00+09:00,157.3456573486328,157.3456573486328,149.5562683709777,157.3456573486328,8000,0.0,0.0
2006-12-26 00:00:00+09:00,149.55627875158632,153.4509735107422,148.77733979975514,153.4509735107422,9000,0.0,0.0
2006-12-27 00:00:00+09:00,153.45098731266194,155.0088653564453,153.45098731266194,155.0088653564453,2000,0.0,0.0
2006-12-28 00:00:00+09:00,154.22992633455362,157.34568242212035,154.22992633455362,155.0088653564453,7000,0.0,0.0
2006-12-29 00:00:00+09:00,155.0088653564453,155.0088653564453,155.0088653564453,155.0088653564453,7000,0.0,0.0
2007-01-04 00:00:00+09:00,155.0088653564453,155.0088653564453,155.0088653564453,155.0088653564453,1000,0.0,0.0
2007-01-05 00:00:00+09:00,162.0192811547256,162.0192811547256,159.68246459960938,159.68246459960938,2000,0.0,0.0
2007-01-09 00:00:00+09:00,152.67204930232123,162.01931762695312,152.67204930232123,162.01931762695312,3000,0.0,0.0
2007-01-10 00:00:00+09:00,162.01931762695312,162.01931762695312,162.01931762695312,162.01931762695312,3000,0.0,0.0
2007-01-11 00:00:00+09:00,161.2404022216797,161.2404022216797,161.2404022216797,161.2404022216797,3000,0.0,0.0
2007-01-12 00:00:00+09:00,153.45101081000433,161.2404022216797,153.45101081000433,161.2404022216797,5000,0.0,0.0
2007-01-15 00:00:00+09:00,161.24036211286273,169.8086905343192,161.24036211286273,163.57717895507812,14000,0.0,0.0
2007-01-16 00:00:00+09:00,162.01932448975776,162.7982635498047,162.01932448975776,162.7982635498047,3000,0.0,0.0
2007-01-17 00:00:00+09:00,163.57716830941132,167.47186279296875,161.24035161927688,167.47186279296875,6000,0.0,0.0
2007-01-18 00:00:00+09:00,159.68246459960938,159.68246459960938,159.68246459960938,159.68246459960938,5000,0.0,0.0
2007-01-19 00:00:00+09:00,159.68248421805245,163.57717895507812,158.90354527064733,163.57717895507812,11000,0.0,0.0
2007-01-22 00:00:00+09:00,167.47187642217838,168.25081538228156,160.46142578125,160.46142578125,24000,0.0,0.0
2007-01-23 00:00:00+09:00,161.24036302905398,162.79824093271634,151.89309560707983,153.4509735107422,11000,0.0,0.0
2007-01-24 00:00:00+09:00,161.2403530883789,161.2403530883789,155.78778076171875,155.78778076171875,13000,0.0,0.0
2007-01-25 00:00:00+09:00,159.6824937937211,159.6824937937211,152.6720428466797,152.6720428466797,8000,0.0,0.0
2007-01-26 00:00:00+09:00,152.6720428466797,152.6720428466797,152.6720428466797,152.6720428466797,1000,0.0,0.0
2007-01-29 00:00:00+09:00,151.89310385256397,154.2299208349111,151.89310385256397,152.6720428466797,8000,0.0,0.0
2007-01-30 00:00:00+09:00,152.6720716688368,154.22994995117188,152.6720716688368,154.22994995117188,7000,0.0,0.0
2007-01-31 00:00:00+09:00,151.89310385256397,152.6720428466797,151.89310385256397,152.6720428466797,3000,0.0,0.0
2007-02-01 00:00:00+09:00,151.89309692382812,151.89309692382812,151.89309692382812,151.89309692382812,1000,0.0,0.0
2007-02-02 00:00:00+09:00,155.78782823350693,155.78782823350693,154.22994995117188,154.22994995117188,2000,0.0,0.0
2007-02-05 00:00:00+09:00,151.89309692382812,151.89309692382812,151.89309692382812,151.89309692382812,1000,0.0,0.0
2007-02-06 00:00:00+09:00,151.89309692382812,151.89309692382812,151.89309692382812,151.89309692382812,1000,0.0,0.0
2007-02-07 00:00:00+09:00,151.89309692382812,151.89309692382812,151.89309692382812,151.89309692382812,1000,0.0,0.0
2007-02-08 00:00:00+09:00,151.89309692382812,151.89309692382812,151.89309692382812,151.89309692382812,1000,0.0,0.0
2007-02-09 00:00:00+09:00,155.78780150765857,159.68249654535003,155.78780150765857,158.12461853027344,11000,0.0,0.0
2007-02-13 00:00:00+09:00,158.12459747314455,158.12459747314455,155.78778076171875,155.78778076171875,5000,0.0,0.0
2007-02-14 00:00:00+09:00,155.78778076171875,155.78778076171875,155.78778076171875,155.78778076171875,5000,0.0,0.0
2007-02-15 00:00:00+09:00,158.9035589872901,158.9035589872901,156.56674194335938,156.56674194335938,5000,0.0,0.0
2007-02-16 00:00:00+09:00,156.56674194335938,156.56674194335938,156.56674194335938,156.56674194335938,5000,0.0,0.0
2007-02-19 00:00:00+09:00,158.90352574790396,160.46140345131477,158.90352574790396,159.68246459960938,9000,0.0,0.0
2007-02-20 00:00:00+09:00,164.3561305905798,164.3561305905798,158.12461853027344,158.12461853027344,18000,0.0,0.0
2007-02-21 00:00:00+09:00,155.7878029287158,158.1246199726465,155.7878029287158,156.56674194335938,6000,0.0,0.0
2007-02-22 00:00:00+09:00,156.56674194335938,156.56674194335938,156.56674194335938,156.56674194335938,6000,0.0,0.0
2007-02-23 00:00:00+09:00,156.56674194335938,156.56674194335938,156.56674194335938,156.56674194335938,15000,0.0,0.0
2007-02-26 00:00:00+09:00,161.24037603122085,161.24037603122085,156.56674194335938,156.56674194335938,6000,0.0,0.0
2007-02-27 00:00:00+09:00,156.56674194335938,156.56674194335938,156.56674194335938,156.56674194335938,6000,0.0,0.0
2007-02-28 00:00:00+09:00,155.787804378337,155.787804378337,151.89310926887856,155.0088653564453,9000,0.0,0.0
2007-03-01 00:00:00+09:00,152.67202514648437,155.78778076171875,151.8930862426758,155.78778076171875,5000,0.0,0.0
2007-03-02 00:00:00+09:00,155.00885982902682,155.00885982902682,151.89310385256397,152.6720428466797,5000,0.0,0.0
2007-03-05 00:00:00+09:00,149.55627569901316,149.55627569901316,147.99839782714844,147.99839782714844,10000,0.0,0.0
2007-03-06 00:00:00+09:00,144.88265991210938,144.88265991210938,144.88265991210938,144.88265991210938,1000,0.0,0.0
2007-03-07 00:00:00+09:00,148.7773506641388,149.55628967285156,145.66159462928772,149.55628967285156,13000,0.0,0.0
2007-03-08 00:00:00+09:00,145.66157175963406,150.335205078125,145.66157175963406,150.335205078125,7000,0.0,0.0
2007-03-09 00:00:00+09:00,151.11417024698687,155.0088653564453,150.33523122509519,155.0088653564453,6000,0.0,0.0
2007-03-12 00:00:00+09:00,151.11416625976562,151.11416625976562,151.11416625976562,151.11416625976562,1000,0.0,0.0
2007-03-13 00:00:00+09:00,151.11416625976562,151.11416625976562,151.11416625976562,151.11416625976562,1000,0.0,0.0
2007-03-14 00:00:00+09:00,148.77732730529468,150.335205078125,148.77732730529468,150.335205078125,3000,0.0,0.0
2007-03-15 00:00:00+09:00,152.67204829077025,156.5667434002287,152.67204829077025,155.0088653564453,6000,0.0,0.0
2007-03-16 00:00:00+09:00,155.0088653564453,155.0088653564453,155.0088653564453,155.0088653564453,6000,0.0,0.0
2007-03-19 00:00:00+09:00,155.78782823350693,161.2404022216797,155.78782823350693,161.2404022216797,5000,0.0,0.0
2007-03-20 00:00:00+09:00,163.5772026098516,163.5772026098516,162.7982635498047,162.7982635498047,14000,0.0,0.0
2007-03-22 00:00:00+09:00,160.46143533581883,166.6929473876953,160.46143533581883,166.6929473876953,12000,0.0,0.0
2007-03-23 00:00:00+09:00,167.47188784041495,167.47188784041495,165.13507080078125,165.13507080078125,3000,0.0,0.0
2007-03-26 00:00:00+09:00,171.36656188964844,171.36656188964844,171.36656188964844,171.36656188964844,3000,0.0,0.0
2007-03-27 00:00:00+09:00,171.36656188964844,171.36656188964844,171.36656188964844,171.36656188964844,3000,3.0,0.0
2007-03-28 00:00:00+09:00,157.15180257650522,164.25917053222656,157.15180257650522,164.25917053222656,16000,0.0,0.0
2007-03-29 00:00:00+09:00,162.67977859267037,162.67977859267037,157.15182495117188,157.15182495117188,11000,0.0,0.0
2007-03-30 00:00:00+09:00,155.5724311183341,158.73126220703125,155.5724311183341,158.73126220703125,6000,0.0,0.0
2007-04-02 00:00:00+09:00,154.7827256875595,155.5724334716797,154.7827256875595,155.5724334716797,2000,0.0,0.0
2007-04-03 00:00:00+09:00,158.73125348772322,158.73125348772322,154.78271484375,154.78271484375,2000,0.0,0.0
2007-04-04 00:00:00+09:00,153.99301147460938,153.99301147460938,153.99301147460938,153.99301147460938,1000,0.0,0.0
2007-04-05 00:00:00+09:00,153.99301147460938,153.99301147460938,153.99301147460938,153.99301147460938,1000,0.0,0.0
2007-04-06 00:00:00+09:00,155.5724334716797,155.5724334716797,155.5724334716797,155.5724334716797,1000,0.0,0.0
2007-04-09 00:00:00+09:00,155.5724334716797,155.5724334716797,155.5724334716797,155.5724334716797,1000,0.0,0.0
2007-04-10 00:00:00+09:00,161.89007138742986,163.46948671803892,161.89007138742986,162.67977905273438,4000,0.0,0.0
2007-04-11 00:00:00+09:00,162.67978365916125,167.41802978515625,158.7312452208321,167.41802978515625,13000,0.0,0.0
2007-04-12 00:00:00+09:00,165.04893050420853,165.83863830566406,165.04893050420853,165.83863830566406,2000,0.0,0.0
2007-04-13 00:00:00+09:00,165.83863830566406,165.83863830566406,165.83863830566406,165.83863830566406,2000,0.0,0.0
2007-04-16 00:00:00+09:00,165.83863830566406,165.83863830566406,165.83863830566406,165.83863830566406,2000,0.0,0.0
2007-04-17 00:00:00+09:00,165.83863830566406,165.83863830566406,165.83863830566406,165.83863830566406,2000,0.0,0.0
2007-04-18 00:00:00+09:00,155.57242257254464,156.3621303013393,153.99300711495536,154.78271484375,30000,0.0,0.0
2007-04-19 00:00:00+09:00,158.73124493854803,161.89007568359375,158.73124493854803,161.89007568359375,4000,0.0,0.0
2007-04-20 00:00:00+09:00,157.9415372522866,161.89007568359375,157.15182956602516,161.89007568359375,20000,0.0,0.0
2007-04-23 00:00:00+09:00,161.10037667410714,161.10037667410714,154.78271484375,154.78271484375,7000,0.0,0.0
2007-04-24 00:00:00+09:00,154.78271907390936,159.52096557617188,154.78271907390936,159.52096557617188,2000,0.0,0.0
2007-04-25 00:00:00+09:00,161.1003744506836,161.1003744506836,157.94154357910156,157.94154357910156,6000,0.0,0.0
2007-04-26 00:00:00+09:00,161.1003679973323,161.89007568359375,161.1003679973323,161.89007568359375,3000,0.0,0.0
2007-04-27 00:00:00+09:00,161.10037231445312,161.10037231445312,161.10037231445312,161.10037231445312,2000,0.0,0.0
2007-05-01 00:00:00+09:00,160.3106667327881,160.3106667327881,157.94154357910156,157.94154357910156,2000,0.0,0.0
2007-05-02 00:00:00+09:00,161.89008231474975,187.16072931022288,161.89008231474975,168.99745178222656,177000,0.0,0.0
2007-05-07 00:00:00+09:00,174.52542114257812,174.52542114257812,172.15629777865172,174.52542114257812,44000,0.0,0.0
2007-05-08 00:00:00+09:00,164.259222702753,166.62834610711963,164.259222702753,165.83863830566406,26000,0.0,0.0
2007-05-09 00:00:00+09:00,162.67977905273438,162.67977905273438,162.67977905273438,162.67977905273438,6000,0.0,0.0
2007-05-10 00:00:00+09:00,162.6797877293007,162.6797877293007,160.31066460702934,161.10037231445312,6000,0.0,0.0
2007-05-11 00:00:00+09:00,164.25917053222656,164.25917053222656,164.25917053222656,164.25917053222656,2000,0.0,0.0
2007-05-14 00:00:00+09:00,165.83860971395254,165.83860971395254,162.67977905273438,162.67977905273438,19000,0.0,0.0
2007-05-15 00:00:00+09:00,163.46946298159085,164.25917053222656,163.46946298159085,164.25917053222656,4000,0.0,0.0
2007-05-16 00:00:00+09:00,163.46950432805733,163.46950432805733,159.52096557617188,159.52096557617188,12000,0.0,0.0
2007-05-17 00:00:00+09:00,159.52096788810962,159.52096788810962,156.3621368408203,156.3621368408203,14000,0.0,0.0
2007-05-18 00:00:00+09:00,154.7827106550628,161.8900800218769,154.7827106550628,161.10037231445312,25000,0.0,0.0
2007-05-21 00:00:00+09:00,164.25920532226564,164.25920532226564,157.94154357910156,157.94154357910156,16000,0.0,0.0
2007-05-22 00:00:00+09:00,157.15182495117188,157.15182495117188,157.15182495117188,157.15182495117188,1000,0.0,0.0
2007-05-23 00:00:00+09:00,157.15182495117188,157.15182495117188,157.15182495117188,157.15182495117188,3000,0.0,0.0
2007-05-24 00:00:00+09:00,157.94154357910156,157.94154357910156,157.94154357910156,157.94154357910156,2000,0.0,0.0
2007-05-25 00:00:00+09:00,160.31065560345672,160.31065560345672,157.15182495117188,157.15182495117188,5000,0.0,0.0
2007-05-28 00:00:00+09:00,156.3621368408203,156.3621368408203,156.3621368408203,156.3621368408203,3000,0.0,0.0
2007-05-29 00:00:00+09:00,153.2032793546978,153.2032793546978,149.25474122699939,150.04444885253906,34000,0.0,0.0
2007-05-30 00:00:00+09:00,150.04445065734208,150.04445065734208,146.8856201171875,146.8856201171875,25000,0.0,0.0
2007-05-31 00:00:00+09:00,150.83416976142178,153.2032928466797,150.0444620663358,153.2032928466797,20000,0.0,0.0
2007-06-01 00:00:00+09:00,153.20330579353103,156.3621368408203,153.20330579353103,156.3621368408203,4000,0.0,0.0
2007-06-04 00:00:00+09:00,153.20330372345754,153.99301147460938,153.20330372345754,153.99301147460938,8000,0.0,0.0
2007-06-05 00:00:00+09:00,156.3621368408203,156.3621368408203,156.3621368408203,156.3621368408203,1000,0.0,0.0
2007-06-06 00:00:00+09:00,153.2032928466797,153.2032928466797,153.2032928466797,153.2032928466797,1000,0.0,0.0
2007-06-07 00:00:00+09:00,153.20330372345754,153.99301147460938,153.20330372345754,153.99301147460938,2000,0.0,0.0
2007-06-08 00:00:00+09:00,150.04444885253906,150.04444885253906,150.04444885253906,150.04444885253906,7000,0.0,0.0
2007-06-11 00:00:00+09:00,153.99301147460938,153.99301147460938,153.99301147460938,153.99301147460938,11000,0.0,0.0
2007-06-12 00:00:00+09:00,155.5724334716797,155.5724334716797,155.5724334716797,155.5724334716797,3000,0.0,0.0
2007-06-13 00:00:00+09:00,157.15182495117188,157.94153261424307,157.15182495117188,157.15182495117188,5000,0.0,0.0
2007-06-14 00:00:00+09:00,158.73125129699707,160.3106667327881,157.94154357910156,157.94154357910156,6000,0.0,0.0
2007-06-15 00:00:00+09:00,157.15183377733416,161.10037231445312,157.15183377733416,161.10037231445312,9000,0.0,0.0
2007-06-18 00:00:00+09:00,164.25917053222656,164.25917053222656,161.89004788031946,164.25917053222656,14000,0.0,0.0
2007-06-19 00:00:00+09:00,162.67981146853506,165.04893493652344,162.67981146853506,165.04893493652344,12000,0.0,0.0
2007-06-20 00:00:00+09:00,162.67977905273438,162.67977905273438,162.67977905273438,162.67977905273438,15000,0.0,0.0
2007-06-21 00:00:00+09:00,159.5209550724473,169.7871551513672,159.5209550724473,169.7871551513672,7000,0.0,0.0
2007-06-22 00:00:00+09:00,161.89009929838636,165.83863830566406,159.52097589401973,165.83863830566406,33000,0.0,0.0
2007-06-25 00:00:00+09:00,163.46951293945312,163.46951293945312,163.46951293945312,163.46951293945312,10000,0.0,0.0
2007-06-26 00:00:00+09:00,161.10037667410714,161.10037667410714,160.3106689453125,160.3106689453125,2000,0.0,0.0
2007-06-27 00:00:00+09:00,153.2033125328894,154.782728126012,152.41360473632812,152.41360473632812,43000,0.0,0.0
2007-06-28 00:00:00+09:00,155.5724334716797,155.5724334716797,155.5724334716797,155.5724334716797,1000,0.0,0.0
2007-06-29 00:00:00+09:00,156.36211728810065,157.15182495117188,156.36211728810065,157.15182495117188,3000,0.0,0.0
2007-07-02 00:00:00+09:00,158.73125348772322,160.3106689453125,158.73125348772322,160.3106689453125,2000,0.0,0.0
2007-07-03 00:00:00+09:00,158.73124919218176,161.10037231445312,158.73124919218176,161.10037231445312,5000,0.0,0.0
2007-07-04 00:00:00+09:00,159.52095901489258,159.52095901489258,157.94154357910156,157.94154357910156,7000,0.0,0.0
2007-07-05 00:00:00+09:00,162.67975543095517,164.25917053222656,162.67975543095517,164.25917053222656,18000,0.0,0.0
2007-07-06 00:00:00+09:00,165.83863830566406,165.83863830566406,165.83863830566406,165.83863830566406,22000,0.0,0.0
2007-07-09 00:00:00+09:00,165.83862090779243,168.99745178222656,165.83862090779243,168.99745178222656,13000,0.0,0.0
2007-07-10 00:00:00+09:00,167.41800073476938,167.41800073476938,163.46946298159085,164.25917053222656,4000,0.0,0.0
2007-07-11 00:00:00+09:00,161.89007568359375,161.89007568359375,161.89007568359375,161.89007568359375,1000,0.0,0.0
2007-07-12 00:00:00+09:00,163.46951929119786,165.04893493652344,161.89010364587227,165.04893493652344,11000,0.0,0.0
2007-07-13 00:00:00+09:00,166.62832862640096,168.99745178222656,166.62832862640096,168.99745178222656,7000,0.0,0.0
2007-07-17 00:00:00+09:00,169.78716603031864,171.3665815282751,169.78716603031864,170.57687377929688,11000,0.0,0.0
2007-07-18 00:00:00+09:00,167.41803205623182,169.7871551513672,167.41803205623182,169.7871551513672,7000,0.0,0.0
2007-07-19 00:00:00+09:00,169.78716603031864,170.57687377929688,169.78716603031864,170.57687377929688,18000,0.0,0.0
2007-07-20 00:00:00+09:00,168.99745178222656,168.99745178222656,168.99745178222656,168.99745178222656,16000,0.0,0.0
2007-07-23 00:00:00+09:00,163.46951293945312,163.46951293945312,163.46951293945312,163.46951293945312,5000,0.0,0.0
2007-07-24 00:00:00+09:00,165.04893050420853,165.83863830566406,165.04893050420853,165.83863830566406,3000,0.0,0.0
2007-07-25 00:00:00+09:00,163.4694954367245,163.4694954367245,161.10037231445312,161.10037231445312,15000,0.0,0.0
2007-07-26 00:00:00+09:00,160.31063277904803,165.04887808286227,160.31063277904803,164.25917053222656,5000,0.0,0.0
2007-07-27 00:00:00+09:00,160.3106689453125,160.3106689453125,160.3106689453125,160.3106689453125,2000,0.0,0.0
2007-07-30 00:00:00+09:00,161.10039149693083,165.83863830566406,161.10039149693083,165.83863830566406,3000,0.0,0.0
2007-07-31 00:00:00+09:00,165.04893493652344,165.04893493652344,165.04893493652344,165.04893493652344,1000,0.0,0.0
2007-08-01 00:00:00+09:00,160.31067332654897,160.31067332654897,159.52096557617188,159.52096557617188,5000,0.0,0.0
2007-08-02 00:00:00+09:00,159.52096788810962,159.52096788810962,156.3621368408203,156.3621368408203,6000,0.0,0.0
2007-08-03 00:00:00+09:00,157.15182495117188,157.15182495117188,157.15182495117188,157.15182495117188,2000,0.0,0.0
2007-08-06 00:00:00+09:00,157.15182495117188,157.15182495117188,157.15182495117188,157.15182495117188,2000,0.0,0.0
2007-08-07 00:00:00+09:00,156.3621236270236,156.3621236270236,153.2032928466797,153.2032928466797,4000,0.0,0.0
2007-08-08 00:00:00+09:00,153.99296415613054,153.99296415613054,148.4650115966797,148.4650115966797,12000,0.0,0.0
2007-08-09 00:00:00+09:00,153.99301147460938,153.99301147460938,153.99301147460938,153.99301147460938,1000,0.0,0.0
2007-08-10 00:00:00+09:00,148.4650115966797,148.4650115966797,148.4650115966797,148.4650115966797,2000,0.0,0.0
2007-08-13 00:00:00+09:00,146.88559657969375,148.4650115966797,146.88559657969375,148.4650115966797,2000,0.0,0.0
2007-08-14 00:00:00+09:00,147.67535400390625,147.67535400390625,147.67535400390625,147.67535400390625,1000,0.0,0.0
2007-08-15 00:00:00+09:00,142.93709233601888,142.93709233601888,142.1473846435547,142.1473846435547,15000,0.0,0.0
2007-08-16 00:00:00+09:00,140.56796899696306,140.56796899696306,136.6194305419922,136.6194305419922,5000,0.0,0.0
2007-08-17 00:00:00+09:00,143.72680002848307,146.88563079833983,140.5679692586263,142.1473846435547,25000,0.0,0.0
2007-08-20 00:00:00+09:00,146.09594006223728,155.5724334716797,146.09594006223728,155.5724334716797,12000,0.0,0.0
2007-08-21 00:00:00+09:00,157.15182495117188,159.52094794038553,151.62387130967335,157.15182495117188,28000,0.0,0.0
2007-08-22 00:00:00+09:00,153.99301147460938,153.99301147460938,153.99301147460938,153.99301147460938,3000,0.0,0.0
2007-08-23 00:00:00+09:00,153.2032928466797,153.2032928466797,153.2032928466797,153.2032928466797,1000,0.0,0.0
2007-08-24 00:00:00+09:00,153.99301147460938,153.99301147460938,153.99301147460938,153.99301147460938,1000,0.0,0.0
2007-08-27 00:00:00+09:00,157.9415500754177,159.52096557617188,157.9415500754177,159.52096557617188,4000,0.0,0.0
2007-08-28 00:00:00+09:00,158.73125782579478,159.52096557617188,158.73125782579478,159.52096557617188,2000,0.0,0.0
2007-08-29 00:00:00+09:00,161.10037231445312,161.10037231445312,161.10037231445312,161.10037231445312,1000,0.0,0.0
2007-08-30 00:00:00+09:00,161.10037231445312,161.10037231445312,161.10037231445312,161.10037231445312,1000,0.0,0.0
2007-08-31 00:00:00+09:00,160.3106689453125,160.3106689453125,160.3106689453125,160.3106689453125,1000,0.0,0.0
2007-09-03 00:00:00+09:00,160.3106689453125,160.3106689453125,160.3106689453125,160.3106689453125,1000,0.0,0.0
2007-09-04 00:00:00+09:00,161.10037231445312,161.10037231445312,161.10037231445312,161.10037231445312,2000,0.0,0.0
2007-09-05 00:00:00+09:00,156.36214125579988,160.3106801764009,155.5724334716797,155.5724334716797,6000,0.0,0.0
2007-09-06 00:00:00+09:00,155.57242042541506,157.94154357910156,155.57242042541506,157.94154357910156,2000,0.0,0.0
2007-09-07 00:00:00+09:00,159.52096557617188,159.52096557617188,159.52096557617188,159.52096557617188,1000,0.0,0.0
2007-09-10 00:00:00+09:00,155.57242257254464,155.57242257254464,154.78271484375,154.78271484375,2000,0.0,0.0
2007-09-11 00:00:00+09:00,153.20330579353103,156.3621368408203,153.20330579353103,156.3621368408203,2000,0.0,0.0
2007-09-12 00:00:00+09:00,156.3621368408203,156.3621368408203,156.3621368408203,156.3621368408203,1000,0.0,0.0
2007-09-13 00:00:00+09:00,150.04444885253906,150.04444885253906,150.04444885253906,150.04444885253906,2000,0.0,0.0
2007-09-14 00:00:00+09:00,150.04448572794595,151.6239013671875,150.04448572794595,151.6239013671875,2000,0.0,0.0
2007-09-18 00:00:00+09:00,150.04448572794595,151.6239013671875,150.04448572794595,151.6239013671875,3000,0.0,0.0
2007-09-19 00:00:00+09:00,152.4135980317087,156.3621368408203,152.4135980317087,156.3621368408203,9000,0.0,0.0
2007-09-20 00:00:00+09:00,157.94154357910156,157.94154357910156,154.78271270751955,157.94154357910156,18000,0.0,0.0
2007-09-21 00:00:00+09:00,157.15184247921675,157.15184247921675,153.99301147460938,153.99301147460938,3000,0.0,0.0
2007-09-25 00:00:00+09:00,159.5209657326723,159.5209657326723,153.99301147460938,153.99301147460938,6000,0.0,0.0
2007-09-26 00:00:00+09:00,153.99301147460938,153.99301147460938,153.99301147460938,153.99301147460938,1000,0.0,0.0
2007-09-27 00:00:00+09:00,153.99300711495536,154.78271484375,146.09592982700894,154.78271484375,14000,0.0,0.0
2007-09-28 00:00:00+09:00,154.78271484375,154.78271484375,154.78271484375,154.78271484375,14000,0.0,0.0
2007-10-01 00:00:00+09:00,153.99301147460938,153.99301147460938,153.99301147460938,153.99301147460938,14000,0.0,0.0
2007-10-02 00:00:00+09:00,154.78270196195822,157.15182495117188,154.78270196195822,157.15182495117188,3000,0.0,0.0
2007-10-03 00:00:00+09:00,157.15184247921675,157.15184247921675,153.99301147460938,153.99301147460938,13000,0.0,0.0
2007-10-04 00:00:00+09:00,153.99301147460938,153.99301147460938,153.99301147460938,153.99301147460938,1000,0.0,0.0
2007-10-05 00:00:00+09:00,155.572429078998,156.3621368408203,155.572429078998,156.3621368408203,3000,0.0,0.0
2007-10-09 00:00:00+09:00,153.20330579353103,156.3621368408203,150.83418250806403,156.3621368408203,12000,0.0,0.0
2007-10-10 00:00:00+09:00,156.36213457466351,159.52096557617188,156.36213457466351,159.52096557617188,3000,0.0,0.0
2007-10-11 00:00:00+09:00,154.78271270751955,157.94154357910156,154.78271270751955,157.94154357910156,3000,0.0,0.0
2007-10-12 00:00:00+09:00,154.78271270751955,157.94154357910156,154.78271270751955,157.94154357910156,8000,0.0,0.0
2007-10-15 00:00:00+09:00,157.94155443485695,158.73126220703125,154.78272334615983,158.73126220703125,6000,0.0,0.0
2007-10-16 00:00:00+09:00,155.5724334716797,155.5724334716797,155.5724334716797,155.5724334716797,1000,0.0,0.0
2007-10-17 00:00:00+09:00,157.15184460264265,157.94155236446497,156.3621368408203,156.3621368408203,5000,0.0,0.0
2007-10-18 00:00:00+09:00,156.36214125579988,156.36214125579988,155.5724334716797,155.5724334716797,3000,0.0,0.0
2007-10-19 00:00:00+09:00,154.7827256875595,155.5724334716797,153.9930179034393,155.5724334716797,10000,0.0,0.0
2007-10-22 00:00:00+09:00,153.99301557398553,158.73126220703125,153.99301557398553,158.73126220703125,15000,0.0,0.0
2007-10-23 00:00:00+09:00,159.52096557617188,159.52096557617188,157.1518423250406,159.52096557617188,6000,0.0,0.0
2007-10-24 00:00:00+09:00,159.52095901489258,161.8900821685791,156.36212814331057,157.94154357910156,6000,0.0,0.0
2007-10-25 00:00:00+09:00,157.94154575892858,157.94154575892858,154.78271484375,154.78271484375,2000,0.0,0.0
2007-10-26 00:00:00+09:00,154.78272334615983,158.73126220703125,151.62389225746267,158.73126220703125,9000,0.0,0.0
2007-10-29 00:00:00+09:00,156.36212814331057,157.94154357910156,156.36212814331057,157.94154357910156,5000,0.0,0.0
2007-10-30 00:00:00+09:00,154.78270650724085,161.89007568359375,154.78270650724085,161.89007568359375,7000,0.0,0.0
2007-10-31 00:00:00+09:00,157.94154357910156,157.94154357910156,154.78271270751955,157.94154357910156,4000,0.0,0.0
2007-11-01 00:00:00+09:00,158.7312646081605,158.7312646081605,155.5724334716797,155.5724334716797,3000,0.0,0.0
2007-11-02 00:00:00+09:00,155.57242697691308,155.57242697691308,153.20330372345754,153.99301147460938,6000,0.0,0.0
2007-11-05 00:00:00+09:00,153.99301147460938,153.99301147460938,153.99301147460938,153.99301147460938,1000,0.0,0.0
2007-11-06 00:00:00+09:00,153.99301147460938,153.99301147460938,153.99301147460938,153.99301147460938,1000,0.0,0.0
2007-11-07 00:00:00+09:00,154.78271484375,154.78271484375,154.78271484375,154.78271484375,1000,0.0,0.0
2007-11-08 00:00:00+09:00,155.572429078998,156.3621368408203,155.572429078998,156.3621368408203,10000,0.0,0.0
2007-11-09 00:00:00+09:00,153.99301147460938,153.99301147460938,153.99301147460938,153.99301147460938,3000,0.0,0.0
2007-11-12 00:00:00+09:00,142.14739338735518,142.14739338735518,140.56797790527344,140.56797790527344,10000,0.0,0.0
2007-11-13 00:00:00+09:00,136.6194305419922,136.6194305419922,136.6194305419922,136.6194305419922,1000,0.0,0.0
2007-11-14 00:00:00+09:00,142.1473846435547,142.1473846435547,142.1473846435547,142.1473846435547,2000,0.0,0.0
2007-11-15 00:00:00+09:00,138.19888346904034,146.09596252441406,136.6194676579656,146.09596252441406,17000,0.0,0.0
2007-11-16 00:00:00+09:00,148.46505301339286,149.2547607421875,148.46505301339286,149.2547607421875,2000,0.0,0.0
2007-11-19 00:00:00+09:00,147.67532597592003,150.04444885253906,147.67532597592003,150.04444885253906,5000,0.0,0.0
2007-11-20 00:00:00+09:00,153.20330372345754,153.99301147460938,153.20330372345754,153.99301147460938,20000,0.0,0.0
2007-11-21 00:00:00+09:00,152.41360473632812,152.41360473632812,152.41360473632812,152.41360473632812,1000,0.0,0.0
2007-11-22 00:00:00+09:00,153.99301147460938,153.99301147460938,153.99301147460938,153.99301147460938,2000,0.0,0.0
2007-11-26 00:00:00+09:00,155.57242697691308,155.57242697691308,153.99301147460938,153.99301147460938,5000,0.0,0.0
2007-11-27 00:00:00+09:00,153.99301147460938,153.99301147460938,153.99301147460938,153.99301147460938,2000,0.0,0.0
2007-11-28 00:00:00+09:00,153.2032928466797,153.2032928466797,153.2032928466797,153.2032928466797,2000,0.0,0.0
2007-11-29 00:00:00+09:00,148.4650336014597,150.04444885253906,148.4650336014597,150.04444885253906,4000,0.0,0.0
2007-11-30 00:00:00+09:00,150.04444885253906,150.04444885253906,150.04444885253906,150.04444885253906,4000,0.0,0.0
2007-12-03 00:00:00+09:00,146.8856201171875,146.8856201171875,146.8856201171875,146.8856201171875,1000,0.0,0.0
2007-12-04 00:00:00+09:00,146.88567042995143,150.04450205210094,146.09596252441406,146.09596252441406,5000,0.0,0.0
2007-12-05 00:00:00+09:00,146.09596252441406,146.09596252441406,146.09596252441406,146.09596252441406,5000,0.0,0.0
2007-12-06 00:00:00+09:00,146.09596252441406,146.09596252441406,146.09596252441406,146.09596252441406,0,0.0,0.0
2007-12-07 00:00:00+09:00,146.09596252441406,146.09596252441406,146.09596252441406,146.09596252441406,5000,0.0,0.0
2007-12-10 00:00:00+09:00,151.6239013671875,151.6239013671875,151.6239013671875,151.6239013671875,5000,0.0,0.0
2007-12-11 00:00:00+09:00,150.83413412215862,152.41354913914458,148.4650115966797,148.4650115966797,11000,0.0,0.0
2007-12-12 00:00:00+09:00,150.83415647807874,152.41357172915812,150.04444885253906,150.04444885253906,4000,0.0,0.0
2007-12-13 00:00:00+09:00,150.04444885253906,150.04444885253906,150.04444885253906,150.04444885253906,3000,0.0,0.0
2007-12-14 00:00:00+09:00,147.67535795696043,152.41360473632812,147.67535795696043,152.41360473632812,4000,0.0,0.0
2007-12-17 00:00:00+09:00,153.2033125328894,153.2033125328894,152.41360473632812,152.41360473632812,3000,0.0,0.0
2007-12-18 00:00:00+09:00,150.04444885253906,150.04444885253906,150.04444885253906,150.04444885253906,2000,0.0,0.0
2007-12-19 00:00:00+09:00,152.41360918680826,153.20331700642902,151.6239013671875,151.6239013671875,9000,0.0,0.0
2007-12-20 00:00:00+09:00,147.67535400390625,147.67535400390625,147.67535400390625,147.67535400390625,15000,0.0,0.0
2007-12-21 00:00:00+09:00,144.5164740542148,148.4650115966797,144.5164740542148,148.4650115966797,5000,0.0,0.0
2007-12-25 00:00:00+09:00,146.09596252441406,146.09596252441406,146.09596252441406,146.09596252441406,8000,0.0,0.0
2007-12-26 00:00:00+09:00,149.2547607421875,149.2547607421875,149.2547607421875,149.2547607421875,3000,0.0,0.0
2007-12-27 00:00:00+09:00,148.46502584383634,148.46502584383634,142.93707275390625,142.93707275390625,4000,0.0,0.0
2007-12-28 00:00:00+09:00,142.93707275390625,142.93707275390625,142.93707275390625,142.93707275390625,4000,0.0,0.0
2008-01-04 00:00:00+09:00,137.40914916992188,137.40914916992188,137.40914916992188,137.40914916992188,4000,0.0,0.0
2008-01-07 00:00:00+09:00,138.9885536149747,138.9885536149747,136.6194305419922,136.6194305419922,7000,0.0,0.0
2008-01-08 00:00:00+09:00,136.6194305419922,136.6194305419922,136.6194305419922,136.6194305419922,6000,0.0,0.0
2008-01-09 00:00:00+09:00,140.56797790527344,140.56797790527344,140.56797790527344,140.56797790527344,3000,0.0,0.0
2008-01-10 00:00:00+09:00,137.40914916992188,137.40914916992188,137.40914916992188,137.40914916992188,3000,0.0,0.0
2008-01-11 00:00:00+09:00,141.3577117919922,141.3577117919922,141.3577117919922,141.3577117919922,4000,0.0,0.0
2008-01-15 00:00:00+09:00,141.3577117919922,141.3577117919922,141.3577117919922,141.3577117919922,4000,0.0,0.0
2008-01-16 00:00:00+09:00,137.40914916992188,137.40914916992188,137.40914916992188,137.40914916992188,1000,0.0,0.0
2008-01-17 00:00:00+09:00,139.7782701642326,140.56797790527344,139.7782701642326,140.56797790527344,4000,0.0,0.0
2008-01-18 00:00:00+09:00,138.19885468215085,140.56797790527344,138.19885468215085,140.56797790527344,9000,0.0,0.0
2008-01-21 00:00:00+09:00,140.56797790527344,140.56797790527344,140.56797790527344,140.56797790527344,17000,0.0,0.0
2008-01-22 00:00:00+09:00,140.56797790527344,140.56797790527344,140.56797790527344,140.56797790527344,17000,0.0,0.0
2008-01-23 00:00:00+09:00,145.30621337890625,145.30621337890625,145.30621337890625,145.30621337890625,1000,0.0,0.0
2008-01-24 00:00:00+09:00,142.93713090226458,146.09596252441406,142.93713090226458,146.09596252441406,3000,0.0,0.0
2008-01-25 00:00:00+09:00,143.726806640625,143.726806640625,143.726806640625,143.726806640625,3000,0.0,0.0
2008-01-28 00:00:00+09:00,142.1473846435547,142.1473846435547,142.1473846435547,142.1473846435547,2000,0.0,0.0
2008-01-29 00:00:00+09:00,146.09591248214886,146.8856201171875,146.09591248214886,146.8856201171875,2000,0.0,0.0
2008-01-30 00:00:00+09:00,142.93707275390625,142.93707275390625,142.93707275390625,142.93707275390625,2000,0.0,0.0
2008-01-31 00:00:00+09:00,137.40914916992188,137.40914916992188,137.40914916992188,137.40914916992188,3000,0.0,0.0
2008-02-01 00:00:00+09:00,143.726806640625,143.726806640625,143.726806640625,143.726806640625,1000,0.0,0.0
2008-02-04 00:00:00+09:00,147.67535400390625,147.67535400390625,147.67535400390625,147.67535400390625,4000,0.0,0.0
2008-02-05 00:00:00+09:00,142.14735152873587,148.4650115966797,142.14735152873587,148.4650115966797,5000,0.0,0.0
2008-02-06 00:00:00+09:00,148.4650115966797,148.4650115966797,148.4650115966797,148.4650115966797,5000,0.0,0.0
2008-02-07 00:00:00+09:00,146.8856201171875,146.8856201171875,146.8856201171875,146.8856201171875,5000,0.0,0.0
2008-02-08 00:00:00+09:00,146.8856201171875,146.8856201171875,146.8856201171875,146.8856201171875,5000,0.0,0.0
2008-02-12 00:00:00+09:00,146.8856201171875,146.8856201171875,146.8856201171875,146.8856201171875,5000,0.0,0.0
2008-02-13 00:00:00+09:00,146.8856201171875,146.8856201171875,146.8856201171875,146.8856201171875,5000,0.0,0.0
2008-02-14 00:00:00+09:00,149.25471910517268,149.25471910517268,144.5164740542148,148.4650115966797,6000,0.0,0.0
2008-02-15 00:00:00+09:00,146.8856201171875,146.8856201171875,146.8856201171875,146.8856201171875,1000,0.0,0.0
2008-02-18 00:00:00+09:00,153.2032928466797,153.2032928466797,153.2032928466797,153.2032928466797,5000,0.0,0.0
2008-02-19 00:00:00+09:00,153.99300711495536,154.78271484375,153.99300711495536,154.78271484375,6000,0.0,0.0
2008-02-20 00:00:00+09:00,154.78271922576124,154.78271922576124,153.99301147460938,153.99301147460938,17000,0.0,0.0
2008-02-21 00:00:00+09:00,153.99301147460938,153.99301147460938,153.99301147460938,153.99301147460938,17000,0.0,0.0
2008-02-22 00:00:00+09:00,152.41360473632812,152.41360473632812,152.41360473632812,152.41360473632812,1000,0.0,0.0
2008-02-25 00:00:00+09:00,150.83416748046875,150.83416748046875,150.83416748046875,150.83416748046875,4000,0.0,0.0
2008-02-26 00:00:00+09:00,150.83416748046875,150.83416748046875,150.83416748046875,150.83416748046875,3000,0.0,0.0
2008-02-27 00:00:00+09:00,149.2547607421875,149.2547607421875,149.2547607421875,149.2547607421875,4000,0.0,0.0
2008-02-28 00:00:00+09:00,149.2547607421875,149.2547607421875,149.2547607421875,149.2547607421875,1000,0.0,0.0
2008-02-29 00:00:00+09:00,145.30621337890625,145.30621337890625,145.30621337890625,145.30621337890625,1000,0.0,0.0
2008-03-03 00:00:00+09:00,145.30621337890625,145.30621337890625,145.30621337890625,145.30621337890625,1000,0.0,0.0
2008-03-04 00:00:00+09:00,153.99301147460938,153.99301147460938,153.99301147460938,153.99301147460938,1000,0.0,0.0
2008-03-05 00:00:00+09:00,147.67535400390625,147.67535400390625,147.67535400390625,147.67535400390625,1000,0.0,0.0
2008-03-06 00:00:00+09:00,150.04444885253906,150.04444885253906,150.04444885253906,150.04444885253906,1000,0.0,0.0
2008-03-07 00:00:00+09:00,147.67535400390625,147.67535400390625,147.67535400390625,147.67535400390625,1000,0.0,0.0
2008-03-10 00:00:00+09:00,143.726806640625,143.726806640625,143.726806640625,143.726806640625,6000,0.0,0.0
2008-03-11 00:00:00+09:00,150.04444885253906,150.04444885253906,150.04444885253906,150.04444885253906,2000,0.0,0.0
2008-03-12 00:00:00+09:00,150.04444885253906,150.04444885253906,150.04444885253906,150.04444885253906,2000,0.0,0.0
2008-03-13 00:00:00+09:00,150.04444885253906,150.04444885253906,150.04444885253906,150.04444885253906,2000,0.0,0.0
2008-03-14 00:00:00+09:00,150.04444885253906,150.04444885253906,150.04444885253906,150.04444885253906,2000,0.0,0.0
2008-03-17 00:00:00+09:00,144.51651000976562,144.51651000976562,144.51651000976562,144.51651000976562,1000,0.0,0.0
2008-03-18 00:00:00+09:00,150.83416748046875,150.83416748046875,150.83416748046875,150.83416748046875,1000,0.0,0.0
2008-03-19 00:00:00+09:00,151.62389693976684,152.41360473632812,150.83418914320555,152.41360473632812,9000,0.0,0.0
2008-03-21 00:00:00+09:00,147.67535400390625,147.67535400390625,147.67535400390625,147.67535400390625,16000,0.0,0.0
2008-03-24 00:00:00+09:00,150.04444885253906,150.04444885253906,150.04444885253906,150.04444885253906,5000,0.0,0.0
2008-03-25 00:00:00+09:00,145.30621337890625,145.30621337890625,145.30621337890625,145.30621337890625,3000,0.0,0.0
2008-03-26 00:00:00+09:00,145.3061981201172,145.3061981201172,145.3061981201172,145.3061981201172,3000,3.0,0.0
2008-03-27 00:00:00+09:00,147.714599609375,147.714599609375,147.714599609375,147.714599609375,3000,0.0,0.0
2008-03-28 00:00:00+09:00,147.714599609375,147.714599609375,147.714599609375,147.714599609375,3000,0.0,0.0
2008-03-31 00:00:00+09:00,147.714599609375,147.714599609375,147.714599609375,147.714599609375,3000,0.0,0.0
2008-04-01 00:00:00+09:00,146.91184243191495,146.91184243191495,142.89785766601562,142.89785766601562,3000,0.0,0.0
2008-04-02 00:00:00+09:00,150.92578125,150.92578125,150.92578125,150.92578125,1000,0.0,0.0
2008-04-03 00:00:00+09:00,150.92578125,150.92578125,150.92578125,150.92578125,1000,0.0,0.0
2008-04-04 00:00:00+09:00,149.32020022743626,152.53138732910156,149.32020022743626,152.53138732910156,2000,0.0,0.0
2008-04-07 00:00:00+09:00,150.92578125,150.92578125,150.92578125,150.92578125,3000,0.0,0.0
2008-04-08 00:00:00+09:00,150.92578125,150.92578125,150.92578125,150.92578125,3000,0.0,0.0
2008-04-09 00:00:00+09:00,150.92578125,150.92578125,150.92578125,150.92578125,3000,0.0,0.0
2008-04-10 00:00:00+09:00,150.12301635742188,150.12301635742188,150.12301635742188,150.12301635742188,3000,0.0,0.0
2008-04-11 00:00:00+09:00,150.12301635742188,150.12301635742188,150.12301635742188,150.12301635742188,3000,0.0,0.0
2008-04-14 00:00:00+09:00,151.72860288619995,154.13699340820312,151.72860288619995,154.13699340820312,6000,0.0,0.0
2008-04-15 00:00:00+09:00,154.93980407714844,154.93980407714844,154.93980407714844,154.93980407714844,3000,0.0,0.0
2008-04-16 00:00:00+09:00,154.93980407714844,154.93980407714844,154.93980407714844,154.93980407714844,3000,0.0,0.0
2008-04-17 00:00:00+09:00,150.1229845412234,150.92578125,148.5173911236702,150.92578125,8000,0.0,0.0
2008-04-18 00:00:00+09:00,152.5313969248349,155.74258422851562,152.5313969248349,155.74258422851562,5000,0.0,0.0
2008-04-21 00:00:00+09:00,154.93980407714844,154.93980407714844,154.93980407714844,154.93980407714844,14000,0.0,0.0
2008-04-22 00:00:00+09:00,152.53138732910156,152.53138732910156,152.53138732910156,152.53138732910156,1000,0.0,0.0
2008-04-23 00:00:00+09:00,153.33416748046875,153.33416748046875,153.33416748046875,153.33416748046875,1000,0.0,0.0
2008-04-24 00:00:00+09:00,153.33416748046875,153.33416748046875,153.33416748046875,153.33416748046875,2000,0.0,0.0
2008-04-25 00:00:00+09:00,154.13699340820312,154.13699340820312,154.13699340820312,154.13699340820312,4000,0.0,0.0
2008-04-28 00:00:00+09:00,153.33418410451787,153.33418410451787,152.53138732910156,152.53138732910156,4000,0.0,0.0
2008-04-30 00:00:00+09:00,154.9397708990635,156.5453643798828,152.53138067783453,156.5453643798828,9000,0.0,0.0
2008-05-01 00:00:00+09:00,156.5453643798828,156.5453643798828,156.5453643798828,156.5453643798828,9000,0.0,0.0
2008-05-02 00:00:00+09:00,157.34817504882812,157.34817504882812,157.34817504882812,157.34817504882812,4000,0.0,0.0
2008-05-07 00:00:00+09:00,158.15098571777344,158.15098571777344,158.15098571777344,158.15098571777344,3000,0.0,0.0
2008-05-08 00:00:00+09:00,154.13698780293367,157.34817504882812,154.13698780293367,157.34817504882812,2000,0.0,0.0
2008-05-09 00:00:00+09:00,153.3341774182442,156.5453643798828,153.3341774182442,156.5453643798828,2000,0.0,0.0
2008-05-12 00:00:00+09:00,152.53138732910156,152.53138732910156,152.53138732910156,152.53138732910156,2000,0.0,0.0
2008-05-13 00:00:00+09:00,152.53138732910156,152.53138732910156,152.53138732910156,152.53138732910156,2000,0.0,0.0
2008-05-14 00:00:00+09:00,158.15098571777344,158.15098571777344,158.15098571777344,158.15098571777344,4000,0.0,0.0
2008-05-15 00:00:00+09:00,159.75657800231318,159.75657800231318,158.9537811279297,158.9537811279297,7000,0.0,0.0
2008-05-16 00:00:00+09:00,159.7565460205078,159.7565460205078,159.7565460205078,159.7565460205078,1000,0.0,0.0
2008-05-19 00:00:00+09:00,158.95374930683693,159.7565460205078,157.34815587949512,159.7565460205078,5000,0.0,0.0
2008-05-20 00:00:00+09:00,160.55935668945312,160.55935668945312,160.55935668945312,160.55935668945312,13000,0.0,0.0
2008-05-21 00:00:00+09:00,158.9537811279297,158.9537811279297,158.9537811279297,158.9537811279297,2000,0.0,0.0
2008-05-22 00:00:00+09:00,146.911797706117,150.92578125,146.911797706117,150.92578125,12000,0.0,0.0
2008-05-23 00:00:00+09:00,157.34817504882812,157.34817504882812,157.34817504882812,157.34817504882812,1000,0.0,0.0
2008-05-26 00:00:00+09:00,157.34818077087402,157.34818077087402,154.13699340820312,154.13699340820312,6000,0.0,0.0
2008-05-27 00:00:00+09:00,155.74258422851562,155.74258422851562,154.93978740259544,155.74258422851562,3000,0.0,0.0
2008-05-28 00:00:00+09:00,148.51739370694725,149.3201904296875,148.51739370694725,149.3201904296875,4000,0.0,0.0
2008-05-29 00:00:00+09:00,146.10902693006727,146.10902693006727,144.50343322753906,144.50343322753906,14000,0.0,0.0
2008-05-30 00:00:00+09:00,142.89785766601562,142.89785766601562,142.09506071283576,142.89785766601562,27000,0.0,0.0
2008-06-02 00:00:00+09:00,144.50340144542042,145.3061981201172,144.50340144542042,145.3061981201172,3000,0.0,0.0
2008-06-03 00:00:00+09:00,148.5174174838596,148.5174174838596,144.50343322753906,144.50343322753906,10000,0.0,0.0
2008-06-04 00:00:00+09:00,146.91180287236753,147.714599609375,146.91180287236753,147.714599609375,2000,0.0,0.0
2008-06-05 00:00:00+09:00,147.714599609375,147.714599609375,147.714599609375,147.714599609375,2000,0.0,0.0
2008-06-06 00:00:00+09:00,145.3061981201172,145.3061981201172,145.3061981201172,145.3061981201172,2000,0.0,0.0
2008-06-09 00:00:00+09:00,142.89785766601562,142.89785766601562,142.89785766601562,142.89785766601562,1000,0.0,0.0
2008-06-10 00:00:00+09:00,143.7006546191955,143.7006546191955,142.89785766601562,142.89785766601562,5000,0.0,0.0
2008-06-11 00:00:00+09:00,150.12302260324745,154.93980407714844,150.12302260324745,154.93980407714844,6000,0.0,0.0
2008-06-12 00:00:00+09:00,151.72858393742487,156.5453643798828,151.72858393742487,156.5453643798828,9000,0.0,0.0
2008-06-13 00:00:00+09:00,156.5453643798828,156.5453643798828,156.5453643798828,156.5453643798828,9000,0.0,0.0
2008-06-16 00:00:00+09:00,150.12300644707435,155.74258422851562,150.12300644707435,155.74258422851562,4000,0.0,0.0
2008-06-17 00:00:00+09:00,152.53138732910156,152.53138732910156,152.53138732910156,152.53138732910156,1000,0.0,0.0
2008-06-18 00:00:00+09:00,154.9397846144073,157.34817504882812,154.9397846144073,157.34817504882812,2000,0.0,0.0
2008-06-19 00:00:00+09:00,156.54539195414122,158.15098571777344,156.54539195414122,158.15098571777344,7000,0.0,0.0
2008-06-20 00:00:00+09:00,158.15098571777344,158.15098571777344,158.15098571777344,158.15098571777344,7000,0.0,0.0
2008-06-23 00:00:00+09:00,152.53138732910156,152.53138732910156,147.7146066766036,152.53138732910156,8000,0.0,0.0
2008-06-24 00:00:00+09:00,151.7285919189453,151.7285919189453,151.7285919189453,151.7285919189453,7000,0.0,0.0
2008-06-25 00:00:00+09:00,154.13699340820312,154.13699340820312,154.13699340820312,154.13699340820312,2000,0.0,0.0
2008-06-26 00:00:00+09:00,148.51742259958849,150.12301635742188,148.51742259958849,150.12301635742188,4000,0.0,0.0
2008-06-27 00:00:00+09:00,148.5174102783203,148.5174102783203,148.5174102783203,148.5174102783203,1000,0.0,0.0
2008-06-30 00:00:00+09:00,148.5174102783203,148.5174102783203,148.5174102783203,148.5174102783203,1000,0.0,0.0
2008-07-01 00:00:00+09:00,152.53138732910156,152.53138732910156,152.53138732910156,152.53138732910156,4000,0.0,0.0
2008-07-02 00:00:00+09:00,152.53141334019793,154.93980407714844,152.53141334019793,154.93980407714844,5000,0.0,0.0
2008-07-03 00:00:00+09:00,149.32020022743626,152.53138732910156,149.32020022743626,152.53138732910156,2000,0.0,0.0
2008-07-04 00:00:00+09:00,154.9397846144073,157.34817504882812,154.9397846144073,157.34817504882812,4000,0.0,0.0
2008-07-07 00:00:00+09:00,151.7285919189453,151.7285919189453,151.7285919189453,151.7285919189453,1000,0.0,0.0
2008-07-08 00:00:00+09:00,151.7285919189453,151.7285919189453,151.7285919189453,151.7285919189453,1000,0.0,0.0
2008-07-09 00:00:00+09:00,151.72857795877658,151.72857795877658,150.92578125,150.92578125,6000,0.0,0.0
2008-07-10 00:00:00+09:00,150.92578125,150.92578125,150.92578125,150.92578125,6000,0.0,0.0
2008-07-11 00:00:00+09:00,154.93980407714844,154.93980407714844,154.93980407714844,154.93980407714844,1000,0.0,0.0
2008-07-14 00:00:00+09:00,156.54539138875543,156.54539138875543,150.12301635742188,150.12301635742188,6000,0.0,0.0
2008-07-15 00:00:00+09:00,149.32020157102554,151.7285919189453,149.32020157102554,151.7285919189453,6000,0.0,0.0
2008-07-16 00:00:00+09:00,150.12301635742188,150.12301635742188,150.12301635742188,150.12301635742188,4000,0.0,0.0
2008-07-17 00:00:00+09:00,154.93980407714844,154.93980407714844,154.93980407714844,154.93980407714844,5000,0.0,0.0
2008-07-18 00:00:00+09:00,154.9397708990635,156.5453643798828,154.9397708990635,156.5453643798828,5000,0.0,0.0
2008-07-22 00:00:00+09:00,162.1649627685547,162.1649627685547,162.1649627685547,162.1649627685547,5000,0.0,0.0
2008-07-23 00:00:00+09:00,161.3621368408203,161.3621368408203,161.3621368408203,161.3621368408203,5000,0.0,0.0
2008-07-24 00:00:00+09:00,157.34817504882812,157.34817504882812,157.34817504882812,157.34817504882812,1000,0.0,0.0
2008-07-25 00:00:00+09:00,157.34817504882812,157.34817504882812,157.34817504882812,157.34817504882812,9000,0.0,0.0
2008-07-28 00:00:00+09:00,160.5593526304649,162.96774291992188,160.5593526304649,162.96774291992188,7000,0.0,0.0
2008-07-29 00:00:00+09:00,162.96773631756122,166.98171997070312,162.96773631756122,166.98171997070312,2000,0.0,0.0
2008-07-30 00:00:00+09:00,161.36214543314813,165.37612915039062,161.36214543314813,165.37612915039062,5000,0.0,0.0
2008-07-31 00:00:00+09:00,157.3481533373173,161.3621368408203,157.3481533373173,161.3621368408203,4000,0.0,0.0
2008-08-01 00:00:00+09:00,161.3621368408203,161.3621368408203,161.3621368408203,161.3621368408203,4000,0.0,0.0
2008-08-04 00:00:00+09:00,161.3621368408203,161.3621368408203,161.3621368408203,161.3621368408203,1000,0.0,0.0
2008-08-05 00:00:00+09:00,154.93980407714844,154.93980407714844,154.93980407714844,154.93980407714844,1000,0.0,0.0
2008-08-06 00:00:00+09:00,162.96774291992188,162.96774291992188,162.96774291992188,162.96774291992188,4000,0.0,0.0
2008-08-07 00:00:00+09:00,162.96774291992188,162.96774291992188,162.96774291992188,162.96774291992188,4000,0.0,0.0
2008-08-08 00:00:00+09:00,152.53138732910156,152.53138732910156,152.53138732910156,152.53138732910156,1000,0.0,0.0
2008-08-11 00:00:00+09:00,152.53138732910156,152.53138732910156,152.53138732910156,152.53138732910156,1000,0.0,0.0
2008-08-12 00:00:00+09:00,151.7285919189453,151.7285919189453,151.7285919189453,151.7285919189453,1000,0.0,0.0
2008-08-13 00:00:00+09:00,151.7285919189453,151.7285919189453,151.7285919189453,151.7285919189453,1000,0.0,0.0
2008-08-14 00:00:00+09:00,152.53141334019793,154.93980407714844,152.53141334019793,154.93980407714844,10000,0.0,0.0
2008-08-15 00:00:00+09:00,152.5314061328618,158.9537811279297,152.5314061328618,158.9537811279297,6000,0.0,0.0
2008-08-18 00:00:00+09:00,159.75657223238804,162.1649627685547,159.75657223238804,162.1649627685547,4000,0.0,0.0
2008-08-19 00:00:00+09:00,163.7705396830742,165.37613320937885,162.16494615676956,162.96774291992188,11000,0.0,0.0
2008-08-20 00:00:00+09:00,158.9537811279297,158.9537811279297,158.9537811279297,158.9537811279297,13000,0.0,0.0
2008-08-21 00:00:00+09:00,162.96774703979492,162.96774703979492,160.55935668945312,160.55935668945312,2000,0.0,0.0
2008-08-22 00:00:00+09:00,155.74257598876952,160.55935668945312,155.74257598876952,160.55935668945312,2000,0.0,0.0
2008-08-25 00:00:00+09:00,160.55935668945312,160.55935668945312,160.55935668945312,160.55935668945312,1000,0.0,0.0
2008-08-26 00:00:00+09:00,160.55935668945312,160.55935668945312,160.55935668945312,160.55935668945312,0,0.0,0.0
2008-08-27 00:00:00+09:00,160.55935668945312,160.55935668945312,160.55935668945312,160.55935668945312,0,0.0,0.0
2008-08-28 00:00:00+09:00,160.55935668945312,160.55935668945312,160.55935668945312,160.55935668945312,0,0.0,0.0
2008-08-29 00:00:00+09:00,160.55935668945312,160.55935668945312,160.55935668945312,160.55935668945312,0,0.0,0.0
2008-09-01 00:00:00+09:00,160.55935668945312,160.55935668945312,160.55935668945312,160.55935668945312,0,0.0,0.0
2008-09-02 00:00:00+09:00,146.10902404785156,146.10902404785156,146.10902404785156,146.10902404785156,2000,0.0,0.0
2008-09-03 00:00:00+09:00,154.13699340820312,154.13699340820312,154.13699340820312,154.13699340820312,1000,0.0,0.0
2008-09-04 00:00:00+09:00,157.34817504882812,157.34817504882812,157.34817504882812,157.34817504882812,1000,0.0,0.0
2008-09-05 00:00:00+09:00,150.92581378142847,158.15098571777344,150.92581378142847,158.15098571777344,3000,0.0,0.0
2008-09-08 00:00:00+09:00,164.57334899902344,164.57334899902344,164.57334899902344,164.57334899902344,2000,0.0,0.0
2008-09-09 00:00:00+09:00,159.7565460205078,159.7565460205078,159.7565460205078,159.7565460205078,2000,0.0,0.0
2008-09-10 00:00:00+09:00,160.55935668945312,160.55935668945312,160.55935668945312,160.55935668945312,1000,0.0,0.0
2008-09-11 00:00:00+09:00,160.55935668945312,160.55935668945312,160.55935668945312,160.55935668945312,1000,0.0,0.0
2008-09-12 00:00:00+09:00,158.15098571777344,158.15098571777344,158.15098571777344,158.15098571777344,1000,0.0,0.0
2008-09-16 00:00:00+09:00,158.15098571777344,158.15098571777344,158.15098571777344,158.15098571777344,2000,0.0,0.0
2008-09-17 00:00:00+09:00,161.3621368408203,161.3621368408203,161.3621368408203,161.3621368408203,3000,0.0,0.0
2008-09-18 00:00:00+09:00,158.15095259316604,159.7565460205078,158.15095259316604,159.7565460205078,4000,0.0,0.0
2008-09-19 00:00:00+09:00,161.36216309491326,163.7705535888672,161.36216309491326,163.7705535888672,6000,0.0,0.0
2008-09-22 00:00:00+09:00,163.7705535888672,163.7705535888672,163.7705535888672,163.7705535888672,6000,0.0,0.0
2008-09-24 00:00:00+09:00,162.1649627685547,162.1649627685547,162.1649627685547,162.1649627685547,3000,0.0,0.0
2008-09-25 00:00:00+09:00,161.3621368408203,161.3621368408203,161.3621368408203,161.3621368408203,3000,0.0,0.0
2008-09-26 00:00:00+09:00,161.3621368408203,161.3621368408203,161.3621368408203,161.3621368408203,3000,0.0,0.0
2008-09-29 00:00:00+09:00,157.34817504882812,157.34817504882812,157.34817504882812,157.34817504882812,2000,0.0,0.0
2008-09-30 00:00:00+09:00,157.34817504882812,157.34817504882812,157.34817504882812,157.34817504882812,2000,0.0,0.0
2008-10-01 00:00:00+09:00,161.3621368408203,161.3621368408203,161.3621368408203,161.3621368408203,1000,0.0,0.0
2008-10-02 00:00:00+09:00,157.34817504882812,157.34817504882812,157.34817504882812,157.34817504882812,2000,0.0,0.0
2008-10-03 00:00:00+09:00,153.3341965675354,154.13699340820312,153.3341965675354,154.13699340820312,4000,0.0,0.0
2008-10-06 00:00:00+09:00,154.13699340820312,154.13699340820312,154.13699340820312,154.13699340820312,4000,0.0,0.0
2008-10-07 00:00:00+09:00,154.13699340820312,154.13699340820312,154.13699340820312,154.13699340820312,4000,0.0,0.0
2008-10-08 00:00:00+09:00,144.50343322753906,144.50343322753906,144.50343322753906,144.50343322753906,1000,0.0,0.0
2008-10-09 00:00:00+09:00,144.50343322753906,144.50343322753906,144.50343322753906,144.50343322753906,1000,0.0,0.0
2008-10-10 00:00:00+09:00,144.50343322753906,144.50343322753906,144.50343322753906,144.50343322753906,1000,0.0,0.0
2008-10-14 00:00:00+09:00,144.5034210205078,160.55935668945312,144.5034210205078,160.55935668945312,5000,0.0,0.0
2008-10-15 00:00:00+09:00,152.53140699417196,152.53140699417196,150.12301635742188,150.12301635742188,3000,0.0,0.0
2008-10-16 00:00:00+09:00,152.53138732910156,152.53138732910156,152.53138732910156,152.53138732910156,3000,0.0,0.0
2008-10-17 00:00:00+09:00,154.13697415865386,156.5453643798828,154.13697415865386,156.5453643798828,5000,0.0,0.0
2008-10-20 00:00:00+09:00,157.34817504882812,157.34817504882812,157.34817504882812,157.34817504882812,14000,0.0,0.0
2008-10-21 00:00:00+09:00,153.3341774182442,156.5453643798828,153.3341774182442,156.5453643798828,4000,0.0,0.0
2008-10-22 00:00:00+09:00,152.53138732910156,152.53138732910156,152.53138732910156,152.53138732910156,1000,0.0,0.0
2008-10-23 00:00:00+09:00,152.53138732910156,152.53138732910156,152.53138732910156,152.53138732910156,1000,0.0,0.0
2008-10-24 00:00:00+09:00,152.53138732910156,152.53138732910156,152.53138732910156,152.53138732910156,1000,0.0,0.0
2008-10-27 00:00:00+09:00,140.4894256591797,140.4894256591797,140.4894256591797,140.4894256591797,5000,0.0,0.0
2008-10-28 00:00:00+09:00,124.43350219726562,124.43350219726562,124.43350219726562,124.43350219726562,10000,0.0,0.0
2008-10-29 00:00:00+09:00,124.43350219726562,124.43350219726562,124.43350219726562,124.43350219726562,10000,0.0,0.0
2008-10-30 00:00:00+09:00,124.43350219726562,124.43350219726562,124.43350219726562,124.43350219726562,10000,0.0,0.0
2008-10-31 00:00:00+09:00,125.23630575807938,129.2502899169922,125.23630575807938,129.2502899169922,2000,0.0,0.0
2008-11-04 00:00:00+09:00,129.2502899169922,129.2502899169922,129.2502899169922,129.2502899169922,2000,0.0,0.0
2008-11-05 00:00:00+09:00,130.8558349609375,130.8558349609375,130.8558349609375,130.8558349609375,9000,0.0,0.0
2008-11-06 00:00:00+09:00,130.85585912068686,134.86984252929688,130.85585912068686,134.86984252929688,2000,0.0,0.0
2008-11-07 00:00:00+09:00,133.2642822265625,133.2642822265625,133.2642822265625,133.2642822265625,2000,0.0,0.0
2008-11-10 00:00:00+09:00,133.2642822265625,133.2642822265625,133.2642822265625,133.2642822265625,2000,0.0,0.0
2008-11-11 00:00:00+09:00,136.47548698656487,136.47548698656487,132.4615020751953,132.4615020751953,8000,0.0,0.0
2008-11-12 00:00:00+09:00,136.47544860839844,136.47544860839844,136.47544860839844,136.47544860839844,3000,0.0,0.0
2008-11-13 00:00:00+09:00,136.4754358927409,136.4754358927409,124.43348566691081,134.86984252929688,4000,0.0,0.0
2008-11-14 00:00:00+09:00,132.4614648257985,136.47544860839844,132.4614648257985,136.47544860839844,3000,0.0,0.0
2008-11-17 00:00:00+09:00,136.47545554421166,141.292236328125,136.47545554421166,141.292236328125,5000,0.0,0.0
2008-11-18 00:00:00+09:00,138.0810546875,138.0810546875,137.27825785792152,138.0810546875,7000,0.0,0.0
2008-11-19 00:00:00+09:00,143.70061087101064,150.92578125,143.70061087101064,150.92578125,10000,0.0,0.0
2008-11-20 00:00:00+09:00,142.09503883539244,142.09503883539244,138.0810546875,138.0810546875,18000,0.0,0.0
2008-11-21 00:00:00+09:00,141.29221977621822,142.0950164794922,141.29221977621822,142.0950164794922,3000,0.0,0.0
2008-11-25 00:00:00+09:00,142.0950164794922,142.0950164794922,142.0950164794922,142.0950164794922,2000,0.0,0.0
2008-11-26 00:00:00+09:00,142.0950164794922,142.0950164794922,142.0950164794922,142.0950164794922,0,0.0,0.0
2008-11-27 00:00:00+09:00,134.06707763671875,134.06707763671875,134.06707763671875,134.06707763671875,1000,0.0,0.0
2008-11-28 00:00:00+09:00,130.05308532714844,130.05308532714844,130.05308532714844,130.05308532714844,4000,0.0,0.0
2008-12-01 00:00:00+09:00,127.64470201237187,127.64470201237187,126.03910827636719,126.03910827636719,5000,0.0,0.0
2008-12-02 00:00:00+09:00,127.64468518993523,127.64468518993523,126.84188842773438,126.84188842773438,2000,0.0,0.0
2008-12-03 00:00:00+09:00,128.447509765625,128.447509765625,128.447509765625,128.447509765625,5000,0.0,0.0
2008-12-04 00:00:00+09:00,128.447509765625,128.447509765625,128.447509765625,128.447509765625,0,0.0,0.0
2008-12-05 00:00:00+09:00,120.41953739367034,122.02513122558594,120.41953739367034,122.02513122558594,3000,0.0,0.0
2008-12-08 00:00:00+09:00,130.05308532714844,130.05308532714844,130.05308532714844,130.05308532714844,1000,0.0,0.0
2008-12-09 00:00:00+09:00,122.82792663574219,122.82792663574219,122.82792663574219,122.82792663574219,1000,0.0,0.0
2008-12-10 00:00:00+09:00,130.05306243896484,134.86984252929688,130.05306243896484,134.86984252929688,5000,0.0,0.0
2008-12-11 00:00:00+09:00,126.84189803512008,130.05308532714844,126.84189803512008,130.05308532714844,9000,0.0,0.0
2008-12-12 00:00:00+09:00,127.64468428667854,136.47544860839844,127.64468428667854,136.47544860839844,7000,0.0,0.0
2008-12-15 00:00:00+09:00,136.47544860839844,136.47544860839844,136.47544860839844,136.47544860839844,0,0.0,0.0
2008-12-16 00:00:00+09:00,140.4894256591797,140.4894256591797,140.4894256591797,140.4894256591797,1000,0.0,0.0
2008-12-17 00:00:00+09:00,136.47544860839844,136.47544860839844,136.47544860839844,136.47544860839844,6000,0.0,0.0
2008-12-18 00:00:00+09:00,136.47544860839844,136.47544860839844,136.47544860839844,136.47544860839844,1000,0.0,0.0
2008-12-19 00:00:00+09:00,137.2782789937566,142.89785766601562,137.2782789937566,142.89785766601562,4000,0.0,0.0
2008-12-22 00:00:00+09:00,135.6726531982422,135.6726531982422,135.6726531982422,135.6726531982422,14000,0.0,0.0
2008-12-24 00:00:00+09:00,136.47544860839844,136.47544860839844,136.47544860839844,136.47544860839844,1000,0.0,0.0
2008-12-25 00:00:00+09:00,136.47545809359164,148.5174102783203,136.47545809359164,148.5174102783203,7000,0.0,0.0
2008-12-26 00:00:00+09:00,146.10902404785156,146.10902404785156,146.10902404785156,146.10902404785156,1000,0.0,0.0
2008-12-29 00:00:00+09:00,146.10902404785156,146.10902404785156,146.10902404785156,146.10902404785156,0,0.0,0.0
2008-12-30 00:00:00+09:00,146.10902404785156,146.10902404785156,146.10902404785156,146.10902404785156,0,0.0,0.0
2009-01-05 00:00:00+09:00,140.4894256591797,140.4894256591797,140.4894256591797,140.4894256591797,1000,0.0,0.0
2009-01-06 00:00:00+09:00,140.4894256591797,140.4894256591797,140.4894256591797,140.4894256591797,3000,0.0,0.0
2009-01-07 00:00:00+09:00,143.70062255859375,143.70062255859375,143.70062255859375,143.70062255859375,1000,0.0,0.0
2009-01-08 00:00:00+09:00,143.70062255859375,143.70062255859375,143.70062255859375,143.70062255859375,1000,0.0,0.0
2009-01-09 00:00:00+09:00,143.70062255859375,143.70062255859375,143.70062255859375,143.70062255859375,0,0.0,0.0
2009-01-13 00:00:00+09:00,143.70062255859375,143.70062255859375,143.70062255859375,143.70062255859375,0,0.0,0.0
2009-01-14 00:00:00+09:00,144.50343322753906,144.50343322753906,144.50343322753906,144.50343322753906,2000,0.0,0.0
2009-01-15 00:00:00+09:00,148.5174102783203,148.5174102783203,148.5174102783203,148.5174102783203,7000,0.0,0.0
2009-01-16 00:00:00+09:00,152.53138732910156,152.53138732910156,152.53138732910156,152.53138732910156,7000,0.0,0.0
2009-01-19 00:00:00+09:00,152.53137079208932,158.15094761074525,152.53137079208932,153.33416748046875,10000,0.0,0.0
2009-01-20 00:00:00+09:00,146.10902500152588,154.13699340820312,146.10902500152588,154.13699340820312,17000,0.0,0.0
2009-01-21 00:00:00+09:00,146.10902404785156,146.10902404785156,146.10902404785156,146.10902404785156,2000,0.0,0.0
2009-01-22 00:00:00+09:00,152.53138732910156,152.53138732910156,152.53138732910156,152.53138732910156,1000,0.0,0.0
2009-01-23 00:00:00+09:00,152.53138732910156,152.53138732910156,152.53138732910156,152.53138732910156,0,0.0,0.0
2009-01-26 00:00:00+09:00,156.5453643798828,156.5453643798828,156.5453643798828,156.5453643798828,3000,0.0,0.0
2009-01-27 00:00:00+09:00,149.3201904296875,149.3201904296875,149.3201904296875,149.3201904296875,1000,0.0,0.0
2009-01-28 00:00:00+09:00,145.3061981201172,145.3061981201172,145.3061981201172,145.3061981201172,2000,0.0,0.0
2009-01-29 00:00:00+09:00,145.3061981201172,145.3061981201172,145.3061981201172,145.3061981201172,0,0.0,0.0
2009-01-30 00:00:00+09:00,145.3061981201172,145.3061981201172,145.3061981201172,145.3061981201172,0,0.0,0.0
2009-02-02 00:00:00+09:00,138.88383887795842,138.88383887795842,136.47544860839844,136.47544860839844,3000,0.0,0.0
2009-02-03 00:00:00+09:00,148.5174102783203,148.5174102783203,148.5174102783203,148.5174102783203,1000,0.0,0.0
2009-02-04 00:00:00+09:00,139.68666076660156,139.68666076660156,139.68666076660156,139.68666076660156,1000,0.0,0.0
2009-02-05 00:00:00+09:00,139.68666076660156,139.68666076660156,139.68666076660156,139.68666076660156,0,0.0,0.0
2009-02-06 00:00:00+09:00,139.68666076660156,139.68666076660156,139.68666076660156,139.68666076660156,0,0.0,0.0
2009-02-09 00:00:00+09:00,131.65867614746094,131.65867614746094,131.65867614746094,131.65867614746094,2000,0.0,0.0
2009-02-10 00:00:00+09:00,139.68664420523294,146.91181545722776,131.65867614746094,131.65867614746094,1000,0.0,0.0
2009-02-12 00:00:00+09:00,131.65867614746094,131.65867614746094,131.65867614746094,131.65867614746094,0,0.0,0.0
2009-02-13 00:00:00+09:00,143.7006240925461,151.7285919189453,143.7006240925461,151.7285919189453,4000,0.0,0.0
2009-02-16 00:00:00+09:00,143.70062255859375,143.70062255859375,143.70062255859375,143.70062255859375,1000,0.0,0.0
2009-02-17 00:00:00+09:00,139.68663157203983,139.68663157203983,138.8838348388672,138.8838348388672,6000,0.0,0.0
2009-02-18 00:00:00+09:00,138.88387290011633,142.89785766601562,138.88387290011633,142.89785766601562,3000,0.0,0.0
2009-02-19 00:00:00+09:00,150.12301635742188,150.12301635742188,150.12301635742188,150.12301635742188,1000,0.0,0.0
2009-02-20 00:00:00+09:00,150.12301635742188,150.12301635742188,150.12301635742188,150.12301635742188,13000,0.0,0.0
2009-02-23 00:00:00+09:00,150.12301635742188,150.12301635742188,150.12301635742188,150.12301635742188,0,0.0,0.0
2009-02-24 00:00:00+09:00,146.9118166536898,148.5174102783203,142.8978325921136,148.5174102783203,4000,0.0,0.0
2009-02-25 00:00:00+09:00,149.3201904296875,149.3201904296875,149.3201904296875,149.3201904296875,1000,0.0,0.0
2009-02-26 00:00:00+09:00,149.3202143351237,149.3202143351237,144.50343322753906,144.50343322753906,4000,0.0,0.0
2009-02-27 00:00:00+09:00,145.3061981201172,145.3061981201172,145.3061981201172,145.3061981201172,2000,0.0,0.0
2009-03-02 00:00:00+09:00,145.3061981201172,145.3061981201172,145.3061981201172,145.3061981201172,0,0.0,0.0
2009-03-03 00:00:00+09:00,146.9118194580078,146.9118194580078,146.9118194580078,146.9118194580078,1000,0.0,0.0
2009-03-04 00:00:00+09:00,146.9118194580078,146.9118194580078,146.9118194580078,146.9118194580078,0,0.0,0.0
2009-03-05 00:00:00+09:00,140.4894256591797,140.4894256591797,140.4894256591797,140.4894256591797,5000,0.0,0.0
2009-03-06 00:00:00+09:00,136.47544860839844,136.47544860839844,136.47544860839844,136.47544860839844,1000,0.0,0.0
2009-03-09 00:00:00+09:00,136.47544860839844,136.47544860839844,136.47544860839844,136.47544860839844,0,0.0,0.0
2009-03-10 00:00:00+09:00,136.47544860839844,136.47544860839844,136.47544860839844,136.47544860839844,0,0.0,0.0
2009-03-11 00:00:00+09:00,136.4754420689174,140.4894256591797,134.8698486328125,140.4894256591797,7000,0.0,0.0
2009-03-12 00:00:00+09:00,144.50343322753906,144.50343322753906,144.50343322753906,144.50343322753906,1000,0.0,0.0
2009-03-13 00:00:00+09:00,144.50343322753906,144.50343322753906,144.50343322753906,144.50343322753906,0,0.0,0.0
2009-03-16 00:00:00+09:00,147.714599609375,147.714599609375,147.714599609375,147.714599609375,3000,0.0,0.0
2009-03-17 00:00:00+09:00,147.71461346600506,148.5174102783203,147.71461346600506,148.5174102783203,2000,0.0,0.0
2009-03-18 00:00:00+09:00,141.29223896748312,148.5174102783203,141.29223896748312,148.5174102783203,7000,0.0,0.0
2009-03-19 00:00:00+09:00,145.3061981201172,145.3061981201172,145.3061981201172,145.3061981201172,3000,0.0,0.0
2009-03-23 00:00:00+09:00,138.0810546875,138.0810546875,138.0810546875,138.0810546875,16000,0.0,0.0
2009-03-24 00:00:00+09:00,124.43349682310092,127.64468383789062,124.43349682310092,127.64468383789062,19000,0.0,0.0
2009-03-25 00:00:00+09:00,125.23630170124332,131.65867614746094,125.23630170124332,131.65867614746094,6000,0.0,0.0
2009-03-26 00:00:00+09:00,131.65867614746094,131.65867614746094,131.65867614746094,131.65867614746094,1000,3.0,0.0
2009-03-27 00:00:00+09:00,143.10726928710938,143.10726928710938,143.10726928710938,143.10726928710938,4000,0.0,0.0
2009-03-30 00:00:00+09:00,143.10726928710938,143.10726928710938,143.10726928710938,143.10726928710938,2000,0.0,0.0
2009-03-31 00:00:00+09:00,147.19599905730672,147.19599905730672,141.47171020507812,141.47171020507812,4000,0.0,0.0
2009-04-01 00:00:00+09:00,141.47171020507812,141.47171020507812,141.47171020507812,141.47171020507812,0,0.0,0.0
2009-04-02 00:00:00+09:00,141.47171020507812,141.47171020507812,141.47171020507812,141.47171020507812,1000,0.0,0.0
2009-04-03 00:00:00+09:00,138.2007293701172,138.2007293701172,138.2007293701172,138.2007293701172,3000,0.0,0.0
2009-04-06 00:00:00+09:00,138.2007293701172,138.2007293701172,138.2007293701172,138.2007293701172,0,0.0,0.0
2009-04-07 00:00:00+09:00,138.2007293701172,138.2007293701172,138.2007293701172,138.2007293701172,0,0.0,0.0
2009-04-08 00:00:00+09:00,134.11192606831645,148.83152770996094,134.11192606831645,148.83152770996094,8000,0.0,0.0
2009-04-09 00:00:00+09:00,140.6540069580078,140.6540069580078,140.6540069580078,140.6540069580078,1000,0.0,0.0
2009-04-10 00:00:00+09:00,140.6540069580078,140.6540069580078,140.6540069580078,140.6540069580078,1000,0.0,0.0
2009-04-13 00:00:00+09:00,151.28480529785156,151.28480529785156,151.28480529785156,151.28480529785156,4000,0.0,0.0
2009-04-14 00:00:00+09:00,149.6492919921875,149.6492919921875,149.6492919921875,149.6492919921875,2000,0.0,0.0
2009-04-15 00:00:00+09:00,149.6492919921875,149.6492919921875,149.6492919921875,149.6492919921875,4000,0.0,0.0
2009-04-16 00:00:00+09:00,148.01378060429474,149.6492919921875,148.01378060429474,149.6492919921875,6000,0.0,0.0
2009-04-17 00:00:00+09:00,151.28478762978003,155.37356567382812,151.28478762978003,155.37356567382812,10000,0.0,0.0
2009-04-20 00:00:00+09:00,143.92501207577283,152.10256958007812,143.92501207577283,152.10256958007812,30000,0.0,0.0
2009-04-21 00:00:00+09:00,143.92501207577283,152.10256958007812,143.92501207577283,152.10256958007812,2000,0.0,0.0
2009-04-22 00:00:00+09:00,152.92031860351562,152.92031860351562,152.92031860351562,152.92031860351562,1000,0.0,0.0
2009-04-23 00:00:00+09:00,144.74274947617081,148.83152770996094,144.74274947617081,148.83152770996094,5000,0.0,0.0
2009-04-24 00:00:00+09:00,148.831546578356,152.10256958007812,148.831546578356,152.10256958007812,3000,0.0,0.0
2009-04-27 00:00:00+09:00,143.10725760859484,146.37828063964844,143.10725760859484,146.37828063964844,4000,0.0,0.0
2009-04-28 00:00:00+09:00,142.28952026367188,142.28952026367188,142.28952026367188,142.28952026367188,7000,0.0,0.0
2009-04-30 00:00:00+09:00,142.28952026367188,142.28952026367188,142.28952026367188,142.28952026367188,2000,0.0,0.0
2009-05-01 00:00:00+09:00,140.6540069580078,140.6540069580078,140.6540069580078,140.6540069580078,1000,0.0,0.0
2009-05-07 00:00:00+09:00,148.83152770996094,148.83152770996094,148.83152770996094,148.83152770996094,1000,0.0,0.0
2009-05-08 00:00:00+09:00,148.83152770996094,148.83152770996094,148.83152770996094,148.83152770996094,1000,0.0,0.0
2009-05-11 00:00:00+09:00,149.6492919921875,149.6492919921875,149.6492919921875,149.6492919921875,6000,0.0,0.0
2009-05-12 00:00:00+09:00,153.73806762695312,153.73806762695312,153.73806762695312,153.73806762695312,1000,0.0,0.0
2009-05-13 00:00:00+09:00,152.10256958007812,152.10256958007812,152.10256958007812,152.10256958007812,1000,0.0,0.0
2009-05-14 00:00:00+09:00,143.10725106133356,147.19602966308594,143.10725106133356,147.19602966308594,5000,0.0,0.0
2009-05-15 00:00:00+09:00,152.92029884739927,155.37356567382812,152.92029884739927,155.37356567382812,8000,0.0,0.0
2009-05-18 00:00:00+09:00,152.10255626921958,153.73806762695312,152.10255626921958,153.73806762695312,5000,0.0,0.0
2009-05-19 00:00:00+09:00,154.5558100650185,155.37356567382812,154.5558100650185,155.37356567382812,9000,0.0,0.0
2009-05-20 00:00:00+09:00,154.5558100650185,155.37356567382812,154.5558100650185,155.37356567382812,16000,0.0,0.0
2009-05-21 00:00:00+09:00,152.10254323858965,155.37356567382812,152.10254323858965,155.37356567382812,3000,0.0,0.0
2009-05-22 00:00:00+09:00,153.73809136284723,154.55584716796875,153.73809136284723,154.55584716796875,4000,0.0,0.0
2009-05-25 00:00:00+09:00,151.2848005903528,153.73806762695312,151.2848005903528,153.73806762695312,6000,0.0,0.0
2009-05-26 00:00:00+09:00,153.73806762695312,153.73806762695312,153.73806762695312,153.73806762695312,0,0.0,0.0
2009-05-27 00:00:00+09:00,153.73806762695312,153.73806762695312,153.73806762695312,153.73806762695312,0,0.0,0.0
2009-05-28 00:00:00+09:00,152.10255907402666,152.10255907402666,149.6492919921875,149.6492919921875,2000,0.0,0.0
2009-05-29 00:00:00+09:00,152.92031860351562,152.92031860351562,152.92031860351562,152.92031860351562,1000,0.0,0.0
2009-06-01 00:00:00+09:00,152.92031860351562,152.92031860351562,152.92031860351562,152.92031860351562,0,0.0,0.0
2009-06-02 00:00:00+09:00,152.10256958007812,152.10256958007812,152.10256958007812,152.10256958007812,1000,0.0,0.0
2009-06-03 00:00:00+09:00,152.10256958007812,152.10256958007812,152.10256958007812,152.10256958007812,0,0.0,0.0
2009-06-04 00:00:00+09:00,146.37828741180763,146.37828741180763,145.56053161621094,145.56053161621094,3000,0.0,0.0
2009-06-05 00:00:00+09:00,145.56053161621094,145.56053161621094,145.56053161621094,145.56053161621094,0,0.0,0.0
2009-06-08 00:00:00+09:00,145.56049901788884,145.56049901788884,143.92498779296875,143.92498779296875,3000,0.0,0.0
2009-06-09 00:00:00+09:00,148.01380920410156,148.01380920410156,148.01380920410156,148.01380920410156,2000,0.0,0.0
2009-06-10 00:00:00+09:00,143.92498779296875,143.92498779296875,143.92498779296875,143.92498779296875,10000,0.0,0.0
2009-06-11 00:00:00+09:00,144.74278259277344,144.74278259277344,144.74278259277344,144.74278259277344,2000,0.0,0.0
2009-06-12 00:00:00+09:00,144.74277582061424,145.56053161621094,144.74277582061424,145.56053161621094,8000,0.0,0.0
2009-06-15 00:00:00+09:00,142.28952026367188,142.28952026367188,142.28952026367188,142.28952026367188,4000,0.0,0.0
2009-06-16 00:00:00+09:00,146.37827757130498,150.46705627441406,146.37827757130498,150.46705627441406,5000,0.0,0.0
2009-06-17 00:00:00+09:00,150.46705627441406,150.46705627441406,150.46705627441406,150.46705627441406,0,0.0,0.0
2009-06-18 00:00:00+09:00,148.83152770996094,148.83152770996094,148.83152770996094,148.83152770996094,1000,0.0,0.0
2009-06-19 00:00:00+09:00,148.83152770996094,148.83152770996094,148.83152770996094,148.83152770996094,3000,0.0,0.0
2009-06-22 00:00:00+09:00,151.28480529785156,151.28480529785156,151.28480529785156,151.28480529785156,16000,0.0,0.0
2009-06-23 00:00:00+09:00,151.28480529785156,151.28480529785156,151.28480529785156,151.28480529785156,0,0.0,0.0
2009-06-24 00:00:00+09:00,151.28480529785156,151.28480529785156,151.28480529785156,151.28480529785156,0,0.0,0.0
2009-06-25 00:00:00+09:00,150.46705942846543,150.46705942846543,146.37828063964844,146.37828063964844,2000,0.0,0.0
2009-06-26 00:00:00+09:00,144.7427625020345,147.19602966308594,144.7427625020345,147.19602966308594,3000,0.0,0.0
2009-06-29 00:00:00+09:00,147.19602966308594,147.19602966308594,147.19602966308594,147.19602966308594,0,0.0,0.0
2009-06-30 00:00:00+09:00,147.19602966308594,147.19602966308594,147.19602966308594,147.19602966308594,0,0.0,0.0
2009-07-01 00:00:00+09:00,147.19602966308594,147.19602966308594,147.19602966308594,147.19602966308594,0,0.0,0.0
2009-07-02 00:00:00+09:00,149.6493105941944,149.6493105941944,145.56053161621094,145.56053161621094,2000,0.0,0.0
2009-07-03 00:00:00+09:00,144.74278259277344,144.74278259277344,144.74278259277344,144.74278259277344,1000,0.0,0.0
2009-07-06 00:00:00+09:00,144.74278259277344,144.74278259277344,144.74278259277344,144.74278259277344,0,0.0,0.0
2009-07-07 00:00:00+09:00,144.74278259277344,144.74278259277344,144.74278259277344,144.74278259277344,0,0.0,0.0
2009-07-08 00:00:00+09:00,148.83152770996094,148.83152770996094,148.83152770996094,148.83152770996094,6000,0.0,0.0
2009-07-09 00:00:00+09:00,148.83152770996094,148.83152770996094,148.83152770996094,148.83152770996094,0,0.0,0.0
2009-07-10 00:00:00+09:00,152.92032533050863,153.73808108093917,150.46705807921705,152.10256958007812,35000,0.0,0.0
2009-07-13 00:00:00+09:00,150.46705627441406,150.46705627441406,150.46705627441406,150.46705627441406,1000,0.0,0.0
2009-07-14 00:00:00+09:00,150.46705627441406,150.46705627441406,150.46705627441406,150.46705627441406,0,0.0,0.0
2009-07-15 00:00:00+09:00,153.73806762695312,153.73806762695312,153.73806762695312,153.73806762695312,15000,0.0,0.0
2009-07-16 00:00:00+09:00,155.37358283996582,157.00909423828125,155.37358283996582,157.00909423828125,7000,0.0,0.0
2009-07-17 00:00:00+09:00,157.00909423828125,160.2801170349121,154.5558271408081,157.00909423828125,22000,0.0,0.0
2009-07-21 00:00:00+09:00,151.28483261192702,151.28483261192702,148.01380920410156,148.01380920410156,20000,0.0,0.0
2009-07-22 00:00:00+09:00,149.64928335671897,149.64928335671897,148.83152770996094,148.83152770996094,4000,0.0,0.0
2009-07-23 00:00:00+09:00,146.37828063964844,146.37828063964844,146.37828063964844,146.37828063964844,1000,0.0,0.0
2009-07-24 00:00:00+09:00,146.37828063964844,146.37828063964844,146.37828063964844,146.37828063964844,1000,0.0,0.0
2009-07-27 00:00:00+09:00,150.46705942846543,150.46705942846543,146.37828063964844,146.37828063964844,3000,0.0,0.0
2009-07-28 00:00:00+09:00,145.56053161621094,145.56053161621094,145.56053161621094,145.56053161621094,4000,0.0,0.0
2009-07-29 00:00:00+09:00,144.74278785442485,144.74278785442485,142.28952026367188,142.28952026367188,2000,0.0,0.0
2009-07-30 00:00:00+09:00,142.28952026367188,142.28952026367188,142.28952026367188,142.28952026367188,0,0.0,0.0
2009-07-31 00:00:00+09:00,143.10726928710938,143.10726928710938,143.10726928710938,143.10726928710938,1000,0.0,0.0
2009-08-03 00:00:00+09:00,143.92498779296875,143.92498779296875,143.1072321805087,143.92498779296875,3000,0.0,0.0
2009-08-04 00:00:00+09:00,148.01380920410156,148.01380920410156,148.01380920410156,148.01380920410156,1000,0.0,0.0
2009-08-05 00:00:00+09:00,146.37828063964844,146.37828063964844,146.37828063964844,146.37828063964844,1000,0.0,0.0
2009-08-06 00:00:00+09:00,146.37828063964844,146.37828063964844,146.37828063964844,146.37828063964844,0,0.0,0.0
2009-08-07 00:00:00+09:00,146.37828063964844,146.37828063964844,146.37828063964844,146.37828063964844,0,0.0,0.0
2009-08-10 00:00:00+09:00,147.1960484095982,147.1960484095982,143.10726928710938,143.10726928710938,6000,0.0,0.0
2009-08-11 00:00:00+09:00,142.2894657553965,142.2894657553965,141.47171020507812,141.47171020507812,4000,0.0,0.0
2009-08-12 00:00:00+09:00,142.28947656804866,143.92498779296875,142.28947656804866,143.92498779296875,4000,0.0,0.0
2009-08-13 00:00:00+09:00,143.92498779296875,143.92498779296875,143.92498779296875,143.92498779296875,0,0.0,0.0
2009-08-14 00:00:00+09:00,142.28952026367188,142.28952026367188,142.28952026367188,142.28952026367188,1000,0.0,0.0
2009-08-17 00:00:00+09:00,142.28952026367188,142.28952026367188,142.28952026367188,142.28952026367188,1000,0.0,0.0
2009-08-18 00:00:00+09:00,142.28947656804866,143.92498779296875,142.28947656804866,143.92498779296875,4000,0.0,0.0
2009-08-19 00:00:00+09:00,143.92501336635823,146.37828063964844,143.92501336635823,146.37828063964844,7000,0.0,0.0
2009-08-20 00:00:00+09:00,147.19605379326399,147.19605379326399,140.6540069580078,140.6540069580078,14000,0.0,0.0
2009-08-21 00:00:00+09:00,142.28952026367188,142.28952026367188,142.28952026367188,142.28952026367188,1000,0.0,0.0
2009-08-24 00:00:00+09:00,142.28952026367188,142.28952026367188,142.28952026367188,142.28952026367188,0,0.0,0.0
2009-08-25 00:00:00+09:00,143.92498779296875,143.92498779296875,143.92498779296875,143.92498779296875,2000,0.0,0.0
2009-08-26 00:00:00+09:00,139.8362274169922,139.8362274169922,139.8362274169922,139.8362274169922,1000,0.0,0.0
2009-08-27 00:00:00+09:00,139.8362274169922,139.8362274169922,139.8362274169922,139.8362274169922,0,0.0,0.0
2009-08-28 00:00:00+09:00,139.8362274169922,139.8362274169922,139.8362274169922,139.8362274169922,0,0.0,0.0
2009-08-31 00:00:00+09:00,139.83623232160295,139.83623232160295,137.38296508789062,137.38296508789062,4000,0.0,0.0
2009-09-02 00:00:00+09:00,140.65399498853856,140.65399498853856,136.56521606445312,136.56521606445312,3000,0.0,0.0
2009-09-03 00:00:00+09:00,137.38296508789062,137.38296508789062,137.38296508789062,137.38296508789062,1000,0.0,0.0
2009-09-04 00:00:00+09:00,137.38296508789062,137.38296508789062,137.38296508789062,137.38296508789062,0,0.0,0.0
2009-09-07 00:00:00+09:00,137.3829718492702,137.3829718492702,136.56521606445312,136.56521606445312,3000,0.0,0.0
2009-09-08 00:00:00+09:00,136.56522286656391,136.56522286656391,135.74746704101562,135.74746704101562,2000,0.0,0.0
2009-09-09 00:00:00+09:00,136.56521606445312,136.56521606445312,136.56521606445312,136.56521606445312,1000,0.0,0.0
2009-09-10 00:00:00+09:00,136.56521606445312,136.56521606445312,136.56521606445312,136.56521606445312,0,0.0,0.0
2009-09-11 00:00:00+09:00,140.6540069580078,140.6540069580078,140.6540069580078,140.6540069580078,3000,0.0,0.0
2009-09-14 00:00:00+09:00,137.3829786921122,137.3829786921122,135.74746704101562,135.74746704101562,2000,0.0,0.0
2009-09-15 00:00:00+09:00,137.38296508789062,141.4717438107445,137.38296508789062,137.38296508789062,7000,0.0,0.0
2009-09-16 00:00:00+09:00,137.38296508789062,137.38296508789062,137.38296508789062,137.38296508789062,1000,0.0,0.0
2009-09-17 00:00:00+09:00,139.0184326171875,139.0184326171875,139.0184326171875,139.0184326171875,1000,0.0,0.0
2009-09-18 00:00:00+09:00,140.6540069580078,140.6540069580078,140.6540069580078,140.6540069580078,6000,0.0,0.0
2009-09-21 00:00:00+09:00,140.6540069580078,140.6540069580078,140.6540069580078,140.6540069580078,0,0.0,0.0
2009-09-24 00:00:00+09:00,141.47171020507812,141.47171020507812,141.47171020507812,141.47171020507812,15000,0.0,0.0
2009-09-25 00:00:00+09:00,141.47171020507812,141.47171020507812,141.47171020507812,141.47171020507812,0,0.0,0.0
2009-09-28 00:00:00+09:00,141.47171020507812,141.47171020507812,141.47171020507812,141.47171020507812,0,0.0,0.0
2009-09-29 00:00:00+09:00,141.47171020507812,141.47171020507812,141.47171020507812,141.47171020507812,0,0.0,0.0
2009-09-30 00:00:00+09:00,141.47171020507812,141.47171020507812,141.47171020507812,141.47171020507812,0,0.0,0.0
2009-10-01 00:00:00+09:00,138.20072585597183,138.20072585597183,134.92970275878906,134.92970275878906,3000,0.0,0.0
2009-10-02 00:00:00+09:00,137.38296508789062,137.38296508789062,137.38296508789062,137.38296508789062,1000,0.0,0.0
2009-10-05 00:00:00+09:00,137.38296508789062,137.38296508789062,137.38296508789062,137.38296508789062,0,0.0,0.0
2009-10-06 00:00:00+09:00,137.38296508789062,137.38296508789062,137.38296508789062,137.38296508789062,0,0.0,0.0
2009-10-07 00:00:00+09:00,137.38296508789062,137.38296508789062,137.38296508789062,137.38296508789062,0,0.0,0.0
2009-10-08 00:00:00+09:00,137.38296508789062,137.38296508789062,137.38296508789062,137.38296508789062,0,0.0,0.0
2009-10-09 00:00:00+09:00,137.38296508789062,137.38296508789062,137.38296508789062,137.38296508789062,0,0.0,0.0
2009-10-13 00:00:00+09:00,137.38296508789062,137.38296508789062,137.38296508789062,137.38296508789062,0,0.0,0.0
2009-10-14 00:00:00+09:00,137.38296508789062,138.2007208324614,137.38296508789062,137.38296508789062,3000,0.0,0.0
2009-10-15 00:00:00+09:00,139.8361991044414,141.47171020507812,139.8361991044414,141.47171020507812,3000,0.0,0.0
2009-10-16 00:00:00+09:00,141.47176440008755,142.28952026367188,141.47176440008755,142.28952026367188,3000,0.0,0.0
2009-10-19 00:00:00+09:00,143.92500678168403,147.19602966308594,143.92500678168403,147.19602966308594,9000,0.0,0.0
2009-10-20 00:00:00+09:00,143.92496553308825,143.92496553308825,139.0184326171875,139.0184326171875,15000,0.0,0.0
2009-10-21 00:00:00+09:00,140.6540069580078,140.6540069580078,140.6540069580078,140.6540069580078,1000,0.0,0.0
2009-10-22 00:00:00+09:00,140.6540069580078,140.6540069580078,140.6540069580078,140.6540069580078,0,0.0,0.0
2009-10-23 00:00:00+09:00,139.0184326171875,139.0184326171875,139.0184326171875,139.0184326171875,1000,0.0,0.0
2009-10-26 00:00:00+09:00,142.28952026367188,142.28952026367188,142.28952026367188,142.28952026367188,2000,0.0,0.0
2009-10-27 00:00:00+09:00,142.28952026367188,142.28952026367188,142.28952026367188,142.28952026367188,0,0.0,0.0
2009-10-28 00:00:00+09:00,142.28952026367188,142.28952026367188,142.28952026367188,142.28952026367188,0,0.0,0.0
2009-10-29 00:00:00+09:00,142.28952026367188,142.28952026367188,142.28952026367188,142.28952026367188,0,0.0,0.0
2009-10-30 00:00:00+09:00,142.28952026367188,142.28952026367188,142.28952026367188,142.28952026367188,0,0.0,0.0
2009-11-02 00:00:00+09:00,136.56521606445312,136.56521606445312,136.56521606445312,136.56521606445312,2000,0.0,0.0
2009-11-04 00:00:00+09:00,140.6540069580078,140.6540069580078,140.6540069580078,140.6540069580078,1000,0.0,0.0
2009-11-05 00:00:00+09:00,136.56521606445312,136.56521606445312,136.56521606445312,136.56521606445312,1000,0.0,0.0
2009-11-06 00:00:00+09:00,132.4764119590201,134.11192321777344,132.4764119590201,134.11192321777344,9000,0.0,0.0
2009-11-09 00:00:00+09:00,134.11192321777344,134.11192321777344,134.11192321777344,134.11192321777344,0,0.0,0.0
2009-11-10 00:00:00+09:00,134.9297078450521,134.9297078450521,132.4764404296875,132.4764404296875,4000,0.0,0.0
2009-11-11 00:00:00+09:00,132.4764404296875,132.4764404296875,132.4764404296875,132.4764404296875,0,0.0,0.0
2009-11-12 00:00:00+09:00,132.4764404296875,132.4764404296875,132.4764404296875,132.4764404296875,1000,0.0,0.0
2009-11-13 00:00:00+09:00,132.4764404296875,132.4764404296875,132.4764404296875,132.4764404296875,1000,0.0,0.0
2009-11-16 00:00:00+09:00,132.47643695300138,132.47643695300138,129.20541381835938,129.20541381835938,2000,0.0,0.0
2009-11-17 00:00:00+09:00,130.84092712402344,130.84092712402344,130.84092712402344,130.84092712402344,1000,0.0,0.0
2009-11-18 00:00:00+09:00,130.84092712402344,130.84092712402344,130.84092712402344,130.84092712402344,1000,0.0,0.0
2009-11-19 00:00:00+09:00,130.84090718462423,134.92968553414374,130.84090718462423,133.29417419433594,9000,0.0,0.0
2009-11-20 00:00:00+09:00,129.20541381835938,129.20541381835938,129.20541381835938,129.20541381835938,15000,0.0,0.0
2009-11-24 00:00:00+09:00,121.02782440185547,121.02782440185547,121.02782440185547,121.02782440185547,1000,0.0,0.0
2009-11-25 00:00:00+09:00,121.02784242983218,121.02784242983218,110.39701843261719,110.39701843261719,8000,0.0,0.0
2009-11-26 00:00:00+09:00,117.75682875689338,125.11663055419922,117.75682875689338,125.11663055419922,5000,0.0,0.0
2009-11-27 00:00:00+09:00,125.11663055419922,125.11663055419922,125.11663055419922,125.11663055419922,3000,0.0,0.0
2009-11-30 00:00:00+09:00,122.66336822509766,122.66336822509766,122.66336822509766,122.66336822509766,1000,0.0,0.0
2009-12-01 00:00:00+09:00,114.48579694841291,116.9390640258789,114.48579694841291,116.9390640258789,3000,0.0,0.0
2009-12-02 00:00:00+09:00,121.02782440185547,121.02782440185547,121.02782440185547,121.02782440185547,1000,0.0,0.0
2009-12-03 00:00:00+09:00,121.84559631347656,121.84559631347656,121.84559631347656,121.84559631347656,1000,0.0,0.0
2009-12-04 00:00:00+09:00,114.48579981707145,114.48579981707145,112.0325326781342,112.85028839111328,9000,0.0,0.0
2009-12-07 00:00:00+09:00,115.30355926298759,116.1213150024414,115.30355926298759,116.1213150024414,8000,0.0,0.0
2009-12-08 00:00:00+09:00,114.48579788208008,117.75682067871094,114.48579788208008,117.75682067871094,14000,0.0,0.0
2009-12-09 00:00:00+09:00,118.5745925407905,125.93439483642578,117.75683673016437,125.93439483642578,28000,0.0,0.0
2009-12-10 00:00:00+09:00,121.84557997213827,125.9343578235523,121.02782440185547,121.02782440185547,6000,0.0,0.0
2009-12-11 00:00:00+09:00,122.66335199343278,122.66335199343278,121.84559631347656,121.84559631347656,7000,0.0,0.0
2009-12-14 00:00:00+09:00,121.84559631347656,121.84559631347656,121.84559631347656,121.84559631347656,3000,0.0,0.0
2009-12-15 00:00:00+09:00,121.84559631347656,121.84559631347656,121.84559631347656,121.84559631347656,0,0.0,0.0
2009-12-16 00:00:00+09:00,121.02786077683972,126.75215148925781,120.21010496077999,126.75215148925781,7000,0.0,0.0
2009-12-17 00:00:00+09:00,130.02316284179688,130.02316284179688,130.02316284179688,130.02316284179688,16000,0.0,0.0
2009-12-18 00:00:00+09:00,123.48112333273586,129.20541381835938,122.66336754907536,129.20541381835938,13000,0.0,0.0
2009-12-21 00:00:00+09:00,129.20541553497313,130.84092712402344,129.20541553497313,130.84092712402344,20000,0.0,0.0
2009-12-22 00:00:00+09:00,130.84092712402344,130.84092712402344,130.84092712402344,130.84092712402344,0,0.0,0.0
2009-12-24 00:00:00+09:00,125.11663902579964,130.0231738895565,125.11663902579964,125.93439483642578,12000,0.0,0.0
2009-12-25 00:00:00+09:00,128.38766052848413,128.38766052848413,124.29888153076172,124.29888153076172,7000,0.0,0.0
2009-12-28 00:00:00+09:00,125.11663055419922,125.11663055419922,125.11663055419922,125.11663055419922,1000,0.0,0.0
2009-12-29 00:00:00+09:00,123.48111724853516,123.48111724853516,123.48111724853516,123.48111724853516,2000,0.0,0.0
2009-12-30 00:00:00+09:00,123.48111724853516,123.48111724853516,123.48111724853516,123.48111724853516,1000,0.0,0.0
2010-01-04 00:00:00+09:00,123.48111724853516,123.48111724853516,123.48111724853516,123.48111724853516,0,0.0,0.0
2010-01-05 00:00:00+09:00,125.93439483642578,125.93439483642578,125.93439483642578,125.93439483642578,1000,0.0,0.0
2010-01-06 00:00:00+09:00,125.93439483642578,125.93439483642578,125.93439483642578,125.93439483642578,0,0.0,0.0
2010-01-07 00:00:00+09:00,123.48111724853516,123.48111724853516,123.48111724853516,123.48111724853516,1000,0.0,0.0
2010-01-08 00:00:00+09:00,122.66336822509766,122.66336822509766,122.66336822509766,122.66336822509766,1000,0.0,0.0
2010-01-12 00:00:00+09:00,121.84561243693035,122.66336822509766,121.84561243693035,122.66336822509766,7000,0.0,0.0
2010-01-13 00:00:00+09:00,122.66336822509766,122.66336822509766,122.66336822509766,122.66336822509766,0,0.0,0.0
2010-01-14 00:00:00+09:00,121.84560890720314,121.84560890720314,119.39234161376953,119.39234161376953,9000,0.0,0.0
2010-01-15 00:00:00+09:00,119.39231976359879,120.21007537841797,119.39231976359879,120.21007537841797,7000,0.0,0.0
2010-01-18 00:00:00+09:00,120.2100973782474,120.2100973782474,119.39234161376953,119.39234161376953,6000,0.0,0.0
2010-01-19 00:00:00+09:00,120.21006883157266,121.84557997213827,120.21006883157266,121.02782440185547,9000,0.0,0.0
2010-01-20 00:00:00+09:00,116.9390640258789,118.57457541085623,116.9390640258789,116.9390640258789,33000,0.0,0.0
2010-01-21 00:00:00+09:00,116.9390640258789,116.9390640258789,116.9390640258789,116.9390640258789,0,0.0,0.0
2010-01-22 00:00:00+09:00,117.75682067871094,117.75682067871094,117.75682067871094,117.75682067871094,2000,0.0,0.0
2010-01-25 00:00:00+09:00,117.75682162580819,118.57457733154297,116.9390659200734,118.57457733154297,6000,0.0,0.0
2010-01-26 00:00:00+09:00,116.9390640258789,116.9390640258789,116.9390640258789,116.9390640258789,1000,0.0,0.0
2010-01-27 00:00:00+09:00,116.9390640258789,116.9390640258789,116.9390640258789,116.9390640258789,0,0.0,0.0
2010-01-28 00:00:00+09:00,116.9390640258789,116.9390640258789,116.9390640258789,116.9390640258789,0,0.0,0.0
2010-01-29 00:00:00+09:00,112.85029204462616,116.1213150024414,112.85029204462616,116.1213150024414,5000,0.0,0.0
2010-02-01 00:00:00+09:00,114.48579788208008,117.75682067871094,113.66804218292236,117.75682067871094,5000,0.0,0.0
2010-02-02 00:00:00+09:00,117.75682067871094,117.75682067871094,117.75682067871094,117.75682067871094,1000,0.0,0.0
2010-02-03 00:00:00+09:00,117.75681971836757,117.75681971836757,116.9390640258789,116.9390640258789,3000,0.0,0.0
2010-02-04 00:00:00+09:00,117.75682067871094,117.75682067871094,117.75682067871094,117.75682067871094,1000,0.0,0.0
2010-02-05 00:00:00+09:00,114.48581034342449,122.66336822509766,114.48581034342449,122.66336822509766,7000,0.0,0.0
2010-02-08 00:00:00+09:00,115.30355553005053,115.30355553005053,111.21477696515512,112.85028839111328,12000,0.0,0.0
2010-02-09 00:00:00+09:00,112.85028839111328,112.85028839111328,112.85028839111328,112.85028839111328,1000,0.0,0.0
2010-02-10 00:00:00+09:00,116.1213150024414,116.1213150024414,113.66804778407997,116.1213150024414,4000,0.0,0.0
2010-02-12 00:00:00+09:00,112.85028839111328,112.85028839111328,112.85028839111328,112.85028839111328,1000,0.0,0.0
2010-02-15 00:00:00+09:00,112.85028839111328,112.85028839111328,112.85028839111328,112.85028839111328,0,0.0,0.0
2010-02-16 00:00:00+09:00,116.93906981556128,117.75682554853724,115.30355834960938,115.30355834960938,5000,0.0,0.0
2010-02-17 00:00:00+09:00,117.75682067871094,117.75682067871094,117.75682067871094,117.75682067871094,2000,0.0,0.0
2010-02-18 00:00:00+09:00,119.39231976359879,120.21007537841797,119.39231976359879,120.21007537841797,4000,0.0,0.0
2010-02-19 00:00:00+09:00,121.0278500184318,123.48111724853516,120.21009427506402,123.48111724853516,6000,0.0,0.0
2010-02-22 00:00:00+09:00,123.48112401326497,123.48112401326497,122.66336822509766,122.66336822509766,17000,0.0,0.0
2010-02-23 00:00:00+09:00,122.66336822509766,122.66336822509766,122.66336822509766,122.66336822509766,3000,0.0,0.0
2010-02-24 00:00:00+09:00,122.66336822509766,122.66336822509766,122.66336822509766,122.66336822509766,3000,0.0,0.0
2010-02-25 00:00:00+09:00,122.66336822509766,122.66336822509766,122.66336822509766,122.66336822509766,6000,0.0,0.0
2010-02-26 00:00:00+09:00,122.66336822509766,122.66336822509766,122.66336822509766,122.66336822509766,3000,0.0,0.0
2010-03-01 00:00:00+09:00,122.66336822509766,122.66336822509766,122.66336822509766,122.66336822509766,4000,0.0,0.0
2010-03-02 00:00:00+09:00,122.66336822509766,122.66336822509766,122.66336822509766,122.66336822509766,5000,0.0,0.0
2010-03-03 00:00:00+09:00,122.66336467168102,122.66336467168102,119.39234161376953,119.39234161376953,5000,0.0,0.0
2010-03-04 00:00:00+09:00,119.39234161376953,119.39234161376953,119.39234161376953,119.39234161376953,4000,0.0,0.0
2010-03-05 00:00:00+09:00,119.39234161376953,119.39234161376953,119.39234161376953,119.39234161376953,8000,0.0,0.0
2010-03-08 00:00:00+09:00,119.39234161376953,119.39234161376953,119.39234161376953,119.39234161376953,0,0.0,0.0
2010-03-09 00:00:00+09:00,120.21007537841797,120.21007537841797,120.21007537841797,120.21007537841797,2000,0.0,0.0
2010-03-10 00:00:00+09:00,120.21007537841797,120.21007537841797,120.21007537841797,120.21007537841797,0,0.0,0.0
2010-03-11 00:00:00+09:00,121.84559631347656,121.84559631347656,121.84559631347656,121.84559631347656,3000,0.0,0.0
2010-03-12 00:00:00+09:00,122.66336822509766,122.66336822509766,122.66336822509766,122.66336822509766,1000,0.0,0.0
2010-03-15 00:00:00+09:00,123.48111724853516,123.48111724853516,123.48111724853516,123.48111724853516,2000,0.0,0.0
2010-03-16 00:00:00+09:00,123.48111724853516,123.48111724853516,123.48111724853516,123.48111724853516,0,0.0,0.0
2010-03-17 00:00:00+09:00,124.29888153076172,124.29888153076172,124.29888153076172,124.29888153076172,3000,0.0,0.0
2010-03-18 00:00:00+09:00,130.02316464252354,131.65867614746094,130.02316464252354,131.65867614746094,3000,0.0,0.0
2010-03-19 00:00:00+09:00,127.56989738511743,133.29418765239834,126.75214163264873,131.65867614746094,11000,0.0,0.0
2010-03-23 00:00:00+09:00,128.38766479492188,128.38766479492188,128.38766479492188,128.38766479492188,15000,0.0,0.0
2010-03-24 00:00:00+09:00,133.29417419433594,133.29417419433594,133.29417419433594,133.29417419433594,8000,0.0,0.0
2010-03-25 00:00:00+09:00,134.92970275878906,134.92970275878906,134.92970275878906,134.92970275878906,2000,0.0,0.0
2010-03-26 00:00:00+09:00,134.92970275878906,134.92970275878906,134.92970275878906,134.92970275878906,0,0.0,0.0
2010-03-29 00:00:00+09:00,137.4283905029297,137.4283905029297,137.4283905029297,137.4283905029297,0,3.0,0.0
2010-03-30 00:00:00+09:00,130.7651824951172,130.7651824951172,130.7651824951172,130.7651824951172,1000,0.0,0.0
2010-03-31 00:00:00+09:00,130.7651824951172,130.7651824951172,130.7651824951172,130.7651824951172,0,0.0,0.0
2010-04-01 00:00:00+09:00,130.765205760061,134.92970275878906,130.765205760061,134.92970275878906,3000,0.0,0.0
2010-04-02 00:00:00+09:00,138.26129150390625,138.26129150390625,138.26129150390625,138.26129150390625,1000,0.0,0.0
2010-04-05 00:00:00+09:00,137.42841495490222,137.42841495490222,133.2639175320264,134.09681701660156,9000,0.0,0.0
2010-04-06 00:00:00+09:00,134.09681701660156,134.09681701660156,134.09681701660156,134.09681701660156,2000,0.0,0.0
2010-04-07 00:00:00+09:00,134.09681701660156,134.09681701660156,134.09681701660156,134.09681701660156,0,0.0,0.0
2010-04-08 00:00:00+09:00,134.09681701660156,134.09681701660156,134.09681701660156,134.09681701660156,1000,0.0,0.0
2010-04-09 00:00:00+09:00,134.09681701660156,134.09681701660156,134.09681701660156,134.09681701660156,0,0.0,0.0
2010-04-12 00:00:00+09:00,134.09681701660156,134.09681701660156,134.09681701660156,134.09681701660156,2000,0.0,0.0
2010-04-13 00:00:00+09:00,134.09681701660156,134.09681701660156,134.09681701660156,134.09681701660156,1000,0.0,0.0
2010-04-14 00:00:00+09:00,137.4283905029297,137.4283905029297,137.4283905029297,137.4283905029297,1000,0.0,0.0
2010-04-15 00:00:00+09:00,139.0941925048828,139.0941925048828,139.0941925048828,139.0941925048828,1000,0.0,0.0
2010-04-16 00:00:00+09:00,139.92710876464844,139.92710876464844,139.92710876464844,139.92710876464844,1000,0.0,0.0
2010-04-19 00:00:00+09:00,140.75996578440947,141.59286499023438,140.75996578440947,141.59286499023438,4000,0.0,0.0
2010-04-20 00:00:00+09:00,144.09156799316406,144.09156799316406,141.59287028229994,144.09156799316406,14000,0.0,0.0
2010-04-21 00:00:00+09:00,145.75738525390625,145.75738525390625,145.75738525390625,145.75738525390625,2000,0.0,0.0
2010-04-22 00:00:00+09:00,144.0915626077091,144.0915626077091,141.59286499023438,141.59286499023438,3000,0.0,0.0
2010-04-23 00:00:00+09:00,141.59286499023438,141.59286499023438,141.59286499023438,141.59286499023438,0,0.0,0.0
2010-04-26 00:00:00+09:00,144.92451175423554,144.92451175423554,143.2587127685547,143.2587127685547,3000,0.0,0.0
2010-04-27 00:00:00+09:00,143.2587127685547,143.2587127685547,143.2587127685547,143.2587127685547,0,0.0,0.0
2010-04-28 00:00:00+09:00,143.2587127685547,143.2587127685547,143.2587127685547,143.2587127685547,0,0.0,0.0
2010-04-30 00:00:00+09:00,143.2587127685547,143.2587127685547,143.2587127685547,143.2587127685547,0,0.0,0.0
2010-05-06 00:00:00+09:00,143.2587127685547,143.2587127685547,143.2587127685547,143.2587127685547,0,0.0,0.0
2010-05-07 00:00:00+09:00,143.25870066675645,144.92449951171875,143.25870066675645,144.92449951171875,3000,0.0,0.0
2010-05-10 00:00:00+09:00,142.42579650878906,142.42579650878906,142.42579650878906,142.42579650878906,1000,0.0,0.0
2010-05-11 00:00:00+09:00,142.42579650878906,142.42579650878906,142.42579650878906,142.42579650878906,0,0.0,0.0
2010-05-12 00:00:00+09:00,145.75738525390625,145.75738525390625,145.75738525390625,145.75738525390625,2000,0.0,0.0
2010-05-13 00:00:00+09:00,145.75738525390625,145.75738525390625,145.75738525390625,145.75738525390625,0,0.0,0.0
2010-05-14 00:00:00+09:00,144.92449391682942,149.92189025878906,144.92449391682942,149.92189025878906,7000,0.0,0.0
2010-05-17 00:00:00+09:00,147.42320251464844,147.42320251464844,147.42320251464844,147.42320251464844,6000,0.0,0.0
2010-05-18 00:00:00+09:00,147.42320251464844,147.42320251464844,147.42320251464844,147.42320251464844,7000,0.0,0.0
2010-05-19 00:00:00+09:00,147.42320405767205,148.256103515625,147.42320405767205,148.256103515625,12000,0.0,0.0
2010-05-20 00:00:00+09:00,144.09159529836555,144.09159529836555,142.42579650878906,142.42579650878906,15000,0.0,0.0
2010-05-21 00:00:00+09:00,142.42579650878906,142.42579650878906,142.42579650878906,142.42579650878906,4000,0.0,0.0
2010-05-24 00:00:00+09:00,142.42579650878906,142.42579650878906,142.42579650878906,142.42579650878906,1000,0.0,0.0
2010-05-25 00:00:00+09:00,146.59027099609375,146.59027099609375,146.59027099609375,146.59027099609375,2000,0.0,0.0
2010-05-26 00:00:00+09:00,146.59029348273026,146.59029348273026,142.42579650878906,142.42579650878906,4000,0.0,0.0
2010-05-27 00:00:00+09:00,142.42579650878906,142.42579650878906,142.42579650878906,142.42579650878906,0,0.0,0.0
2010-05-28 00:00:00+09:00,142.42579650878906,142.42579650878906,142.42579650878906,142.42579650878906,0,0.0,0.0
2010-05-31 00:00:00+09:00,142.42579650878906,142.42579650878906,142.42579650878906,142.42579650878906,0,0.0,0.0
2010-06-01 00:00:00+09:00,142.42579650878906,142.42579650878906,142.42579650878906,142.42579650878906,0,0.0,0.0
2010-06-02 00:00:00+09:00,146.59027099609375,146.59027099609375,146.59027099609375,146.59027099609375,1000,0.0,0.0
2010-06-03 00:00:00+09:00,146.59027099609375,146.59027099609375,146.59027099609375,146.59027099609375,0,0.0,0.0
2010-06-04 00:00:00+09:00,146.59027099609375,146.59027099609375,146.59027099609375,146.59027099609375,0,0.0,0.0
2010-06-07 00:00:00+09:00,146.59028496799698,146.59028496799698,138.26129150390625,138.26129150390625,5000,0.0,0.0
2010-06-08 00:00:00+09:00,138.26129150390625,138.26129150390625,138.26129150390625,138.26129150390625,0,0.0,0.0
2010-06-09 00:00:00+09:00,138.26129150390625,138.26129150390625,138.26129150390625,138.26129150390625,2000,0.0,0.0
2010-06-10 00:00:00+09:00,138.26129150390625,138.26129150390625,138.26129150390625,138.26129150390625,0,0.0,0.0
2010-06-11 00:00:00+09:00,144.09156799316406,144.09156799316406,144.09156799316406,144.09156799316406,2000,0.0,0.0
2010-06-14 00:00:00+09:00,148.256103515625,148.256103515625,148.256103515625,148.256103515625,7000,0.0,0.0
2010-06-15 00:00:00+09:00,148.256103515625,148.256103515625,148.256103515625,148.256103515625,3000,0.0,0.0
2010-06-16 00:00:00+09:00,148.256103515625,148.256103515625,148.256103515625,148.256103515625,3000,0.0,0.0
2010-06-17 00:00:00+09:00,151.58767700195312,151.58767700195312,151.58767700195312,151.58767700195312,1000,0.0,0.0
2010-06-18 00:00:00+09:00,150.75477767776658,151.58767700195312,150.75477767776658,151.58767700195312,5000,0.0,0.0
2010-06-21 00:00:00+09:00,151.58767700195312,151.58767700195312,151.58767700195312,151.58767700195312,14000,0.0,0.0
2010-06-22 00:00:00+09:00,151.58767700195312,151.58767700195312,151.58767700195312,151.58767700195312,14000,0.0,0.0
2010-06-23 00:00:00+09:00,151.58767700195312,151.58767700195312,151.58767700195312,151.58767700195312,1000,0.0,0.0
2010-06-24 00:00:00+09:00,148.256103515625,148.256103515625,148.256103515625,148.256103515625,2000,0.0,0.0
2010-06-25 00:00:00+09:00,152.42056274414062,152.42056274414062,152.42056274414062,152.42056274414062,2000,0.0,0.0
2010-06-28 00:00:00+09:00,152.42056274414062,152.42056274414062,152.42056274414062,152.42056274414062,0,0.0,0.0
2010-06-29 00:00:00+09:00,149.92189025878906,149.92189025878906,149.92189025878906,149.92189025878906,1000,0.0,0.0
2010-06-30 00:00:00+09:00,149.92189025878906,149.92189025878906,149.92189025878906,149.92189025878906,0,0.0,0.0
2010-07-01 00:00:00+09:00,149.92189025878906,149.92189025878906,149.92189025878906,149.92189025878906,0,0.0,0.0
2010-07-02 00:00:00+09:00,153.25347565032624,153.25347565032624,151.58767700195312,151.58767700195312,3000,0.0,0.0
2010-07-05 00:00:00+09:00,147.42320251464844,147.42320251464844,147.42320251464844,147.42320251464844,1000,0.0,0.0
2010-07-06 00:00:00+09:00,151.58767700195312,151.58767700195312,151.58767700195312,151.58767700195312,1000,0.0,0.0
2010-07-07 00:00:00+09:00,148.256103515625,148.256103515625,148.256103515625,148.256103515625,6000,0.0,0.0
2010-07-08 00:00:00+09:00,152.42056274414062,152.42056274414062,152.42056274414062,152.42056274414062,1000,0.0,0.0
2010-07-09 00:00:00+09:00,152.42056274414062,152.42056274414062,152.42056274414062,152.42056274414062,7000,0.0,0.0
2010-07-12 00:00:00+09:00,157.4179670455608,157.4179670455608,156.58506774902344,156.58506774902344,37000,0.0,0.0
2010-07-13 00:00:00+09:00,153.25348782009547,153.25348782009547,149.92189025878906,149.92189025878906,4000,0.0,0.0
2010-07-14 00:00:00+09:00,149.92189025878906,149.92189025878906,149.92189025878906,149.92189025878906,0,0.0,0.0
2010-07-15 00:00:00+09:00,151.58767700195312,151.58767700195312,151.58767700195312,151.58767700195312,1000,0.0,0.0
2010-07-16 00:00:00+09:00,152.42058842976888,152.42058842976888,149.92189025878906,149.92189025878906,14000,0.0,0.0
2010-07-21 00:00:00+09:00,142.42579650878906,142.42579650878906,142.42579650878906,142.42579650878906,1000,0.0,0.0
2010-07-22 00:00:00+09:00,142.42579650878906,142.42579650878906,142.42579650878906,142.42579650878906,0,0.0,0.0
2010-07-23 00:00:00+09:00,142.42579650878906,142.42579650878906,142.42579650878906,142.42579650878906,0,0.0,0.0
2010-07-26 00:00:00+09:00,143.2587127685547,143.2587127685547,143.2587127685547,143.2587127685547,2000,0.0,0.0
2010-07-27 00:00:00+09:00,143.2587127685547,143.2587127685547,143.2587127685547,143.2587127685547,0,0.0,0.0
2010-07-28 00:00:00+09:00,143.2587127685547,143.2587127685547,143.2587127685547,143.2587127685547,0,0.0,0.0
2010-07-29 00:00:00+09:00,143.2587127685547,143.2587127685547,143.2587127685547,143.2587127685547,0,0.0,0.0
2010-07-30 00:00:00+09:00,143.2587127685547,143.2587127685547,143.2587127685547,143.2587127685547,0,0.0,0.0
2010-08-02 00:00:00+09:00,143.2587127685547,143.2587127685547,143.2587127685547,143.2587127685547,0,0.0,0.0
2010-08-03 00:00:00+09:00,143.2587127685547,143.2587127685547,143.2587127685547,143.2587127685547,1000,0.0,0.0
2010-08-04 00:00:00+09:00,143.2587127685547,143.2587127685547,143.2587127685547,143.2587127685547,1000,0.0,0.0
2010-08-05 00:00:00+09:00,139.09418748064738,139.09418748064738,136.59548950195312,136.59548950195312,3000,0.0,0.0
2010-08-06 00:00:00+09:00,136.59548950195312,136.59548950195312,136.59548950195312,136.59548950195312,1000,0.0,0.0
2010-08-09 00:00:00+09:00,136.59548950195312,136.59548950195312,136.59548950195312,136.59548950195312,1000,0.0,0.0
2010-08-10 00:00:00+09:00,136.59548950195312,136.59548950195312,136.59548950195312,136.59548950195312,1000,0.0,0.0
2010-08-11 00:00:00+09:00,136.59548950195312,136.59548950195312,136.59548950195312,136.59548950195312,0,0.0,0.0
2010-08-12 00:00:00+09:00,128.26651000976562,128.26651000976562,128.26651000976562,128.26651000976562,1000,0.0,0.0
2010-08-13 00:00:00+09:00,129.09939575195312,129.09939575195312,129.09939575195312,129.09939575195312,2000,0.0,0.0
2010-08-16 00:00:00+09:00,129.93231201171875,129.93231201171875,129.93231201171875,129.93231201171875,2000,0.0,0.0
2010-08-17 00:00:00+09:00,130.7651824951172,130.7651824951172,130.7651824951172,130.7651824951172,2000,0.0,0.0
2010-08-18 00:00:00+09:00,130.76521455788915,131.59811401367188,130.76521455788915,131.59811401367188,3000,0.0,0.0
2010-08-19 00:00:00+09:00,132.4310134694546,132.4310134694546,131.59811401367188,131.59811401367188,11000,0.0,0.0
2010-08-20 00:00:00+09:00,127.43360137939455,127.43360137939455,127.43360137939455,127.43360137939453,14000,0.0,0.0
2010-08-23 00:00:00+09:00,128.26651000976562,128.26651000976562,128.26651000976562,128.26651000976562,3000,0.0,0.0
2010-08-24 00:00:00+09:00,125.76779690446526,125.76779690446526,119.93750168372846,120.77040100097656,5000,0.0,0.0
2010-08-25 00:00:00+09:00,122.43618774414062,122.43618774414062,122.43618774414062,122.43618774414062,4000,0.0,0.0
2010-08-26 00:00:00+09:00,122.43618774414062,122.43618774414062,122.43618774414062,122.43618774414062,1000,0.0,0.0
2010-08-27 00:00:00+09:00,123.26908874511719,123.26908874511719,123.26908874511719,123.26908874511719,1000,0.0,0.0
2010-08-30 00:00:00+09:00,123.26908874511719,123.26908874511719,123.26908874511719,123.26908874511719,1000,0.0,0.0
2010-08-31 00:00:00+09:00,124.10198974609375,124.10198974609375,124.10198974609375,124.10198974609375,1000,0.0,0.0
2010-09-01 00:00:00+09:00,124.10198974609375,124.10198974609375,124.10198974609375,124.10198974609375,1000,0.0,0.0
2010-09-02 00:00:00+09:00,124.9349136352539,124.9349136352539,124.9349136352539,124.9349136352539,1000,0.0,0.0
2010-09-03 00:00:00+09:00,124.9349136352539,124.9349136352539,124.9349136352539,124.9349136352539,1000,0.0,0.0
2010-09-06 00:00:00+09:00,124.9349136352539,124.9349136352539,124.9349136352539,124.9349136352539,0,0.0,0.0
2010-09-07 00:00:00+09:00,124.9349136352539,124.9349136352539,124.9349136352539,124.9349136352539,0,0.0,0.0
2010-09-08 00:00:00+09:00,120.77040100097658,120.77040100097658,120.77040100097658,120.77040100097656,2000,0.0,0.0
2010-09-09 00:00:00+09:00,120.77040100097658,120.77040100097658,120.77040100097658,120.77040100097656,2000,0.0,0.0
2010-09-10 00:00:00+09:00,116.60590192396864,116.60590192396864,114.10720402559788,115.77300262451172,8000,0.0,0.0
2010-09-13 00:00:00+09:00,116.60591888427734,116.60591888427734,116.60591888427734,116.60591888427734,3000,0.0,0.0
2010-09-14 00:00:00+09:00,115.77300262451172,115.77300262451172,115.77300262451172,115.77300262451172,1000,0.0,0.0
2010-09-16 00:00:00+09:00,117.4388198852539,117.4388198852539,117.4388198852539,117.4388198852539,1000,0.0,0.0
2010-09-17 00:00:00+09:00,118.2717056274414,118.2717056274414,118.2717056274414,118.2717056274414,3000,0.0,0.0
2010-09-21 00:00:00+09:00,118.2717056274414,118.2717056274414,118.2717056274414,118.2717056274414,14000,0.0,0.0
2010-09-22 00:00:00+09:00,119.10459899902344,119.10459899902344,119.10459899902344,119.10459899902344,3000,0.0,0.0
2010-09-24 00:00:00+09:00,119.10459899902344,119.10459899902344,119.10459899902344,119.10459899902344,0,0.0,0.0
2010-09-27 00:00:00+09:00,120.77040100097658,120.77040100097658,120.77040100097658,120.77040100097656,3000,0.0,0.0
2010-09-28 00:00:00+09:00,119.93750762939453,119.93750762939453,119.93750762939453,119.93750762939453,1000,0.0,0.0
2010-09-29 00:00:00+09:00,119.93750762939453,119.93750762939453,119.93750762939453,119.93750762939453,1000,0.0,0.0
2010-09-30 00:00:00+09:00,119.93750762939453,119.93750762939453,119.93750762939453,119.93750762939453,0,0.0,0.0
2010-10-01 00:00:00+09:00,119.93750762939453,119.93750762939453,119.93750762939453,119.93750762939453,1000,0.0,0.0
2010-10-04 00:00:00+09:00,120.77040100097658,120.77040100097658,120.77040100097658,120.77040100097656,1000,0.0,0.0
2010-10-05 00:00:00+09:00,116.60590192396864,116.60590192396864,115.77300262451172,115.77300262451172,2000,0.0,0.0
2010-10-06 00:00:00+09:00,112.44141055229015,112.44141055229015,109.94271254001704,110.7756118774414,3000,0.0,0.0
2010-10-07 00:00:00+09:00,111.60851287841797,111.60851287841797,111.60851287841797,111.60851287841797,1000,0.0,0.0
2010-10-08 00:00:00+09:00,112.44141387939453,112.44141387939453,112.44141387939453,112.44141387939453,1000,0.0,0.0
2010-10-12 00:00:00+09:00,108.27691706904659,112.44141387939453,108.27691706904659,112.44141387939453,3000,0.0,0.0
2010-10-13 00:00:00+09:00,112.44141387939453,112.44141387939453,112.44141387939453,112.44141387939453,1000,0.0,0.0
2010-10-14 00:00:00+09:00,113.27430725097656,113.27430725097656,113.27430725097656,113.27430725097656,1000,0.0,0.0
2010-10-15 00:00:00+09:00,114.10721748462622,114.94011688232422,114.10721748462622,114.94011688232422,3000,0.0,0.0
2010-10-18 00:00:00+09:00,114.10720656899844,114.10720656899844,113.27430725097656,113.27430725097656,5000,0.0,0.0
2010-10-19 00:00:00+09:00,114.10721748462622,114.94011688232422,114.10721748462622,114.94011688232422,6000,0.0,0.0
2010-10-20 00:00:00+09:00,111.60851287841797,111.60851287841797,111.60851287841797,111.60851287841797,16000,0.0,0.0
2010-10-21 00:00:00+09:00,111.60851287841797,111.60851287841797,111.60851287841797,111.60851287841797,16000,0.0,0.0
2010-10-22 00:00:00+09:00,112.44141387939453,112.44141387939453,112.44141387939453,112.44141387939453,2000,0.0,0.0
2010-10-25 00:00:00+09:00,114.10721588134766,114.10721588134766,114.10721588134766,114.10721588134766,3000,0.0,0.0
2010-10-26 00:00:00+09:00,114.10721588134766,114.10721588134766,114.10721588134766,114.10721588134766,3000,0.0,0.0
2010-10-27 00:00:00+09:00,109.94270324707031,109.94270324707031,109.94270324707031,109.94270324707031,2000,0.0,0.0
2010-10-28 00:00:00+09:00,108.27693176269531,108.27693176269531,108.27693176269531,108.27693176269531,1000,0.0,0.0
2010-10-29 00:00:00+09:00,108.27691241008479,108.27691241008479,102.44661712646484,102.44661712646484,2000,0.0,0.0
2010-11-01 00:00:00+09:00,98.282122404679,99.11502174709153,89.12022963814113,95.7834243774414,22000,0.0,0.0
2010-11-02 00:00:00+09:00,96.61632537841797,96.61632537841797,96.61632537841797,96.61632537841797,1000,0.0,0.0
2010-11-04 00:00:00+09:00,96.61632537841797,96.61632537841797,96.61632537841797,96.61632537841797,1000,0.0,0.0
2010-11-05 00:00:00+09:00,92.45182963779995,93.28472900390625,92.45182963779995,93.28472900390625,2000,0.0,0.0
2010-11-08 00:00:00+09:00,94.11762237548828,94.11762237548828,94.11762237548828,94.11762237548828,2000,0.0,0.0
2010-11-09 00:00:00+09:00,94.95051771594633,103.27951049804688,94.95051771594633,103.27951049804688,6000,0.0,0.0
2010-11-10 00:00:00+09:00,103.27951049804688,103.27951049804688,103.27951049804688,103.27951049804688,6000,0.0,0.0
2010-11-11 00:00:00+09:00,104.11241912841797,104.11241912841797,104.11241912841797,104.11241912841797,8000,0.0,0.0
2010-11-12 00:00:00+09:00,103.27951977539063,104.11241912841797,103.27951977539063,104.11241912841797,13000,0.0,0.0
2010-11-15 00:00:00+09:00,108.27693176269531,108.27693176269531,108.27693176269531,108.27693176269531,5000,0.0,0.0
2010-11-16 00:00:00+09:00,108.27693176269531,108.27693176269531,108.27693176269531,108.27693176269531,5000,0.0,0.0
2010-11-17 00:00:00+09:00,109.10980398004705,109.94270324707031,109.10980398004705,109.94270324707031,4000,0.0,0.0
2010-11-18 00:00:00+09:00,111.60851451732495,112.44141387939453,111.60851451732495,112.44141387939453,9000,0.0,0.0
2010-11-19 00:00:00+09:00,113.27430725097656,113.27430725097656,113.27430725097656,113.27430725097656,2000,0.0,0.0
2010-11-22 00:00:00+09:00,114.94011688232422,114.94011688232422,114.94011688232422,114.94011688232422,15000,0.0,0.0
2010-11-24 00:00:00+09:00,114.94011688232422,114.94011688232422,114.94011688232422,114.94011688232422,6000,0.0,0.0
2010-11-25 00:00:00+09:00,114.94012004307339,116.60591888427734,114.94012004307339,116.60591888427734,4000,0.0,0.0
2010-11-26 00:00:00+09:00,116.60591888427734,116.60591888427734,116.60591888427734,116.60591888427734,5000,0.0,0.0
2010-11-29 00:00:00+09:00,116.60591888427734,116.60591888427734,116.60591888427734,116.60591888427734,5000,0.0,0.0
2010-11-30 00:00:00+09:00,116.60591888427734,116.60591888427734,116.60591888427734,116.60591888427734,1000,0.0,0.0
2010-12-01 00:00:00+09:00,116.60591888427734,116.60591888427734,116.60591888427734,116.60591888427734,6000,0.0,0.0
2010-12-02 00:00:00+09:00,120.77040100097658,120.77040100097658,120.77040100097658,120.77040100097656,7000,0.0,0.0
2010-12-03 00:00:00+09:00,120.77040100097658,120.77040100097658,120.77040100097658,120.77040100097656,6000,0.0,0.0
2010-12-06 00:00:00+09:00,120.77040100097658,120.77040100097658,120.77040100097658,120.77040100097656,6000,0.0,0.0
2010-12-07 00:00:00+09:00,120.77040100097658,120.77040100097658,120.77040100097658,120.77040100097656,7000,0.0,0.0
2010-12-08 00:00:00+09:00,120.77041761249515,121.60331704430546,117.4388198852539,117.4388198852539,9000,0.0,0.0
2010-12-09 00:00:00+09:00,120.77039100028372,123.26908874511719,120.77039100028372,123.26908874511719,4000,0.0,0.0
2010-12-10 00:00:00+09:00,123.26910506354437,123.26910506354437,119.93750762939453,119.93750762939453,11000,0.0,0.0
2010-12-13 00:00:00+09:00,120.77040100097658,120.77040100097658,120.77040100097658,120.77040100097656,8000,0.0,0.0
2010-12-14 00:00:00+09:00,120.77040363365496,120.77040363365496,118.2717056274414,118.2717056274414,8000,0.0,0.0
2010-12-15 00:00:00+09:00,118.2717056274414,118.2717056274414,118.2717056274414,118.2717056274414,8000,0.0,0.0
2010-12-16 00:00:00+09:00,120.77040100097658,120.77040100097658,120.77040100097658,120.77040100097656,9000,0.0,0.0
2010-12-17 00:00:00+09:00,129.09941075642905,129.09941075642905,120.77041651407878,124.9349136352539,11000,0.0,0.0
2010-12-20 00:00:00+09:00,124.10198974609375,124.10198974609375,124.10198974609375,124.10198974609375,14000,0.0,0.0
2010-12-21 00:00:00+09:00,124.10198974609375,124.10198974609375,124.10198974609375,124.10198974609375,5000,0.0,0.0
2010-12-22 00:00:00+09:00,119.93749829272289,123.26909546752076,119.10459899902344,119.10459899902344,10000,0.0,0.0
2010-12-24 00:00:00+09:00,119.10459899902344,119.10459899902344,119.10459899902344,119.10459899902344,2000,0.0,0.0
2010-12-27 00:00:00+09:00,120.77041266621023,120.77041266621023,114.94011688232422,114.94011688232422,8000,0.0,0.0
2010-12-28 00:00:00+09:00,115.77301946367537,116.60591888427734,115.77301946367537,116.60591888427734,2000,0.0,0.0
2010-12-29 00:00:00+09:00,118.2717056274414,118.2717056274414,118.2717056274414,118.2717056274414,1000,0.0,0.0
2010-12-30 00:00:00+09:00,114.10721748462622,114.94011688232422,113.27431808692822,114.94011688232422,4000,0.0,0.0
2011-01-04 00:00:00+09:00,114.94011688232422,114.94011688232422,114.94011688232422,114.94011688232422,4000,0.0,0.0
2011-01-05 00:00:00+09:00,116.60591888427734,116.60591888427734,116.60591888427734,116.60591888427734,2000,0.0,0.0
2011-01-06 00:00:00+09:00,116.60591888427734,116.60591888427734,116.60591888427734,116.60591888427734,6000,0.0,0.0
2011-01-07 00:00:00+09:00,116.60591888427734,116.60591888427734,116.60591888427734,116.60591888427734,5000,0.0,0.0
2011-01-11 00:00:00+09:00,116.60591888427734,116.60591888427734,116.60591888427734,116.60591888427734,5000,0.0,0.0
2011-01-12 00:00:00+09:00,117.4388062920369,118.2717056274414,117.4388062920369,118.2717056274414,2000,0.0,0.0
2011-01-13 00:00:00+09:00,118.27170052288248,118.27170052288248,115.77300262451172,115.77300262451172,9000,0.0,0.0
2011-01-14 00:00:00+09:00,116.605904414736,120.77040100097658,116.605904414736,120.77040100097656,12000,0.0,0.0
2011-01-17 00:00:00+09:00,120.77039758642236,120.77039758642236,119.10459899902344,119.10459899902344,9000,0.0,0.0
2011-01-18 00:00:00+09:00,121.60329024856155,123.26908874511719,121.60329024856155,123.26908874511719,12000,0.0,0.0
2011-01-19 00:00:00+09:00,125.7678161922254,127.43361508218865,125.7678161922254,126.60071563720703,10000,0.0,0.0
2011-01-20 00:00:00+09:00,124.10200442208183,124.10200442208183,119.93750762939453,119.93750762939453,4000,0.0,0.0
2011-01-21 00:00:00+09:00,118.27171931706421,118.27171931706421,117.4388198852539,117.4388198852539,4000,0.0,0.0
2011-01-24 00:00:00+09:00,117.4388198852539,117.4388198852539,117.4388198852539,117.4388198852539,8000,0.0,0.0
2011-01-25 00:00:00+09:00,120.77040100097658,120.77040100097658,120.77040100097658,120.77040100097656,3000,0.0,0.0
2011-01-26 00:00:00+09:00,117.43880122342556,117.43880122342556,112.44140542668404,115.77300262451172,19000,0.0,0.0
2011-01-27 00:00:00+09:00,115.77302102163327,117.4388198852539,115.77302102163327,117.4388198852539,10000,0.0,0.0
2011-01-28 00:00:00+09:00,119.93750762939453,119.93750762939453,119.93750762939453,119.93750762939453,5000,0.0,0.0
2011-01-31 00:00:00+09:00,119.93750429825045,119.93750429825045,117.4388062920369,118.2717056274414,4000,0.0,0.0
2011-02-01 00:00:00+09:00,118.2717056274414,118.2717056274414,118.2717056274414,118.2717056274414,4000,0.0,0.0
2011-02-02 00:00:00+09:00,119.93750762939453,119.93750762939453,119.93750762939453,119.93750762939453,3000,0.0,0.0
2011-02-03 00:00:00+09:00,119.93750762939453,119.93750762939453,119.93750762939453,119.93750762939453,2000,0.0,0.0
2011-02-04 00:00:00+09:00,120.77040100097658,120.77040100097658,120.77040100097658,120.77040100097656,5000,0.0,0.0
2011-02-07 00:00:00+09:00,120.77040100097658,120.77040100097658,120.77040100097658,120.77040100097656,1000,0.0,0.0
2011-02-08 00:00:00+09:00,118.2717056274414,118.2717056274414,118.2717056274414,118.2717056274414,3000,0.0,0.0
2011-02-09 00:00:00+09:00,118.2717056274414,118.2717056274414,118.2717056274414,118.2717056274414,3000,0.0,0.0
2011-02-10 00:00:00+09:00,118.2717056274414,118.2717056274414,118.2717056274414,118.2717056274414,3000,0.0,0.0
2011-02-14 00:00:00+09:00,117.4388198852539,117.4388198852539,117.4388198852539,117.4388198852539,3000,0.0,0.0
2011-02-15 00:00:00+09:00,117.43880122342556,117.43880122342556,115.77300262451172,115.77300262451172,8000,0.0,0.0
2011-02-16 00:00:00+09:00,115.77301946367537,116.60591888427734,115.77301946367537,116.60591888427734,8000,0.0,0.0
2011-02-17 00:00:00+09:00,119.10460827085707,119.93750762939453,116.60591019524468,119.93750762939453,9000,0.0,0.0
2011-02-18 00:00:00+09:00,122.43618949683936,123.26908874511719,121.60329024856155,123.26908874511719,9000,0.0,0.0
2011-02-21 00:00:00+09:00,119.10459899902344,119.10459899902344,119.10459899902344,119.10459899902344,17000,0.0,0.0
2011-02-22 00:00:00+09:00,119.10459899902344,119.10459899902344,119.10459899902344,119.10459899902344,1000,0.0,0.0
2011-02-23 00:00:00+09:00,119.10459899902344,119.10459899902344,119.10459899902344,119.10459899902344,1000,0.0,0.0
2011-02-24 00:00:00+09:00,118.27171447311622,118.27171447311622,114.10721748462622,114.94011688232422,3000,0.0,0.0
2011-02-25 00:00:00+09:00,116.60591888427734,116.60591888427734,116.60591888427734,116.60591888427734,3000,0.0,0.0
2011-02-28 00:00:00+09:00,114.9401033250548,115.77300262451172,114.9401033250548,115.77300262451172,3000,0.0,0.0
2011-03-01 00:00:00+09:00,115.77300262451172,115.77300262451172,115.77300262451172,115.77300262451172,1000,0.0,0.0
2011-03-02 00:00:00+09:00,118.27171281132385,118.27171281132385,114.10721588134766,114.10721588134766,3000,0.0,0.0
2011-03-03 00:00:00+09:00,114.10721588134766,114.10721588134766,114.10721588134766,114.10721588134766,3000,0.0,0.0
2011-03-04 00:00:00+09:00,114.10721588134766,114.9401152673429,114.10721588134766,114.10721588134766,3000,0.0,0.0
2011-03-07 00:00:00+09:00,114.10721588134766,114.10721588134766,114.10721588134766,114.10721588134766,3000,0.0,0.0
2011-03-08 00:00:00+09:00,114.10721588134766,114.10721588134766,114.10721588134766,114.10721588134766,1000,0.0,0.0
2011-03-09 00:00:00+09:00,114.10721588134766,114.10721588134766,114.10721588134766,114.10721588134766,1000,0.0,0.0
2011-03-10 00:00:00+09:00,113.27430725097656,113.27430725097656,113.27430725097656,113.27430725097656,3000,0.0,0.0
2011-03-11 00:00:00+09:00,113.27430725097656,113.27430725097656,113.27430725097656,113.27430725097656,3000,0.0,0.0
2011-03-14 00:00:00+09:00,104.94531848144531,104.94531848144531,104.11241912841797,104.11241912841797,2000,0.0,0.0
2011-03-15 00:00:00+09:00,91.61892700195312,91.61892700195312,91.61892700195312,91.61892700195312,1000,0.0,0.0
2011-03-16 00:00:00+09:00,104.112417047674,104.112417047674,91.61892700195312,91.61892700195312,1000,0.0,0.0
2011-03-17 00:00:00+09:00,108.27693176269531,108.27693176269531,108.27693176269531,108.27693176269531,1000,0.0,0.0
2011-03-18 00:00:00+09:00,104.9453338623047,108.27693176269531,99.94793701171875,108.27693176269531,12000,0.0,0.0
2011-03-22 00:00:00+09:00,110.7756118774414,114.94010856456326,110.7756118774414,110.7756118774414,17000,0.0,0.0
2011-03-23 00:00:00+09:00,114.94011688232422,114.94011688232422,114.94011688232422,114.94011688232422,6000,0.0,0.0
2011-03-24 00:00:00+09:00,111.60850781156817,111.60850781156817,106.6111119394084,109.10980987548828,7000,0.0,0.0
2011-03-25 00:00:00+09:00,114.10721588134766,114.10721588134766,114.10721588134766,114.10721588134766,1000,0.0,0.0
2011-03-28 00:00:00+09:00,114.10721588134766,114.10721588134766,114.10721588134766,114.10721588134766,2000,0.0,0.0
2011-03-29 00:00:00+09:00,116.661865234375,116.661865234375,116.661865234375,116.661865234375,1000,3.0,0.0
2011-03-30 00:00:00+09:00,112.40411376953125,112.40411376953125,112.40411376953125,112.40411376953125,1000,0.0,0.0
2011-03-31 00:00:00+09:00,114.10721348353795,119.21649169921875,114.10721348353795,119.21649169921875,8000,0.0,0.0
2011-04-01 00:00:00+09:00,119.21649169921875,119.21649169921875,119.21649169921875,119.21649169921875,8000,0.0,0.0
2011-04-04 00:00:00+09:00,118.36495815750456,118.36495815750456,116.661865234375,116.661865234375,3000,0.0,0.0
2011-04-05 00:00:00+09:00,112.40411376953125,112.40411376953125,112.40411376953125,112.40411376953125,1000,0.0,0.0
2011-04-06 00:00:00+09:00,112.40411376953125,112.40411376953125,112.40411376953125,112.40411376953125,1000,0.0,0.0
2011-04-07 00:00:00+09:00,112.40411376953125,112.40411376953125,112.40411376953125,112.40411376953125,1000,0.0,0.0
2011-04-08 00:00:00+09:00,112.40411376953125,112.40411376953125,112.40411376953125,112.40411376953125,1000,0.0,0.0
2011-04-11 00:00:00+09:00,112.40411376953125,112.40411376953125,112.40411376953125,112.40411376953125,1000,0.0,0.0
2011-04-12 00:00:00+09:00,112.40411376953125,112.40411376953125,112.40411376953125,112.40411376953125,1000,0.0,0.0
2011-04-13 00:00:00+09:00,112.4041128376968,112.4041128376968,111.55256652832031,111.55256652832031,2000,0.0,0.0
2011-04-14 00:00:00+09:00,111.55256366729736,115.81029510498047,111.55256366729736,115.81029510498047,6000,0.0,0.0
2011-04-15 00:00:00+09:00,116.66184042471427,116.66184042471427,114.95874786376953,114.95874786376953,6000,0.0,0.0
2011-04-18 00:00:00+09:00,114.95874881744385,115.81029510498047,114.95874881744385,115.81029510498047,5000,0.0,0.0
2011-04-19 00:00:00+09:00,116.66185259137835,119.21649169921875,116.66185259137835,119.21649169921875,8000,0.0,0.0
2011-04-20 00:00:00+09:00,118.3649444580078,118.3649444580078,118.3649444580078,118.36494445800781,16000,0.0,0.0
2011-04-21 00:00:00+09:00,118.3649444580078,118.3649444580078,118.3649444580078,118.36494445800781,16000,0.0,0.0
2011-04-22 00:00:00+09:00,118.3649444580078,118.3649444580078,118.3649444580078,118.36494445800781,16000,0.0,0.0
2011-04-25 00:00:00+09:00,120.06803131103516,120.06803131103516,120.06803131103516,120.06803131103516,2000,0.0,0.0
2011-04-26 00:00:00+09:00,120.06803131103516,120.06803131103516,120.06803131103516,120.06803131103516,2000,0.0,0.0
2011-04-27 00:00:00+09:00,115.81029510498047,115.81029510498047,115.81029510498047,115.81029510498047,1000,0.0,0.0
2011-04-28 00:00:00+09:00,114.1072006225586,114.1072006225586,114.1072006225586,114.1072006225586,1000,0.0,0.0
2011-05-02 00:00:00+09:00,118.36493198907198,118.36493198907198,114.1072006225586,114.1072006225586,3000,0.0,0.0
2011-05-06 00:00:00+09:00,114.95874786376953,114.95874786376953,114.95874786376953,114.95874786376953,4000,0.0,0.0
2011-05-09 00:00:00+09:00,111.55256180265056,114.1072006225586,110.70101552934788,114.1072006225586,6000,0.0,0.0
2011-05-10 00:00:00+09:00,109.8494873046875,111.55258013111676,109.8494873046875,109.8494873046875,5000,0.0,0.0
2011-05-11 00:00:00+09:00,109.8494873046875,109.8494873046875,109.8494873046875,109.8494873046875,5000,0.0,0.0
2011-05-12 00:00:00+09:00,111.5525674530954,112.40411376953125,111.5525674530954,112.40411376953125,2000,0.0,0.0
2011-05-13 00:00:00+09:00,110.70103371790213,111.55258013111676,109.8494873046875,109.8494873046875,9000,0.0,0.0
2011-05-16 00:00:00+09:00,109.84946541419396,110.70101165771484,109.84946541419396,110.70101165771484,4000,0.0,0.0
2011-05-17 00:00:00+09:00,112.40411376953125,113.2556600859671,112.40411376953125,112.40411376953125,5000,0.0,0.0
2011-05-18 00:00:00+09:00,113.25565338134766,113.25565338134766,113.25565338134766,113.25565338134766,2000,0.0,0.0
2011-05-19 00:00:00+09:00,114.1072006225586,114.1072006225586,113.25565434925592,114.1072006225586,7000,0.0,0.0
2011-05-20 00:00:00+09:00,110.70103287696838,110.70103287696838,108.14639365673065,108.99794006347656,20000,0.0,0.0
2011-05-23 00:00:00+09:00,108.99794006347656,108.99794006347656,108.99794006347656,108.99794006347656,2000,0.0,0.0
2011-05-24 00:00:00+09:00,108.99794006347656,108.99794006347656,108.99794006347656,108.99794006347656,2000,0.0,0.0
2011-05-25 00:00:00+09:00,110.70101165771484,110.70101165771484,110.70101165771484,110.70101165771484,3000,0.0,0.0
2011-05-26 00:00:00+09:00,110.70102846719385,120.91958494108867,104.74020385742188,104.74020385742188,23000,0.0,0.0
2011-05-27 00:00:00+09:00,103.8886489868164,103.8886489868164,103.8886489868164,103.8886489868164,2000,0.0,0.0
2011-05-30 00:00:00+09:00,103.8886489868164,103.8886489868164,103.8886489868164,103.8886489868164,2000,0.0,0.0
2011-05-31 00:00:00+09:00,103.88865748459732,104.74020385742188,103.88865748459732,104.74020385742188,4000,0.0,0.0
2011-06-01 00:00:00+09:00,103.8886489868164,103.8886489868164,103.8886489868164,103.8886489868164,3000,0.0,0.0
2011-06-02 00:00:00+09:00,104.74020385742188,104.74020385742188,104.74020385742188,104.74020385742188,2000,0.0,0.0
2011-06-03 00:00:00+09:00,103.03709411621094,103.03709411621094,103.03709411621094,103.03709411621094,1000,0.0,0.0
2011-06-06 00:00:00+09:00,103.03709411621094,103.03709411621094,103.03709411621094,103.03709411621094,1000,0.0,0.0
2011-06-07 00:00:00+09:00,103.03709411621094,103.03709411621094,103.03709411621094,103.03709411621094,1000,0.0,0.0
2011-06-08 00:00:00+09:00,103.03709411621094,103.03709411621094,103.03709411621094,103.03709411621094,1000,0.0,0.0
2011-06-09 00:00:00+09:00,103.03709411621094,103.03709411621094,103.03709411621094,103.03709411621094,1000,0.0,0.0
2011-06-10 00:00:00+09:00,103.03709411621094,103.03709411621094,103.03709411621094,103.03709411621094,2000,0.0,0.0
2011-06-13 00:00:00+09:00,104.74020471880513,105.59175109863281,104.74020471880513,105.59175109863281,7000,0.0,0.0
2011-06-14 00:00:00+09:00,101.33400821685791,103.03710079193115,101.33400821685791,102.18555450439453,17000,0.0,0.0
2011-06-15 00:00:00+09:00,103.88865392348346,103.88865392348346,101.33401489257812,101.33401489257812,11000,0.0,0.0
2011-06-16 00:00:00+09:00,103.03709411621094,103.03709411621094,103.03709411621094,103.03709411621094,1000,0.0,0.0
2011-06-17 00:00:00+09:00,104.74020026711857,104.74020026711857,101.33401489257812,101.33401489257812,4000,0.0,0.0
2011-06-20 00:00:00+09:00,100.48246765136719,100.48246765136719,100.48246765136719,100.48246765136719,21000,0.0,0.0
2011-06-21 00:00:00+09:00,102.18554788384556,103.03709411621094,102.18554788384556,103.03709411621094,3000,0.0,0.0
2011-06-22 00:00:00+09:00,103.03709411621094,103.03709411621094,103.03709411621094,103.03709411621094,3000,0.0,0.0
2011-06-23 00:00:00+09:00,102.18555450439453,102.18555450439453,102.18555450439453,102.18555450439453,1000,0.0,0.0
2011-06-24 00:00:00+09:00,102.18555450439453,102.18555450439453,102.18555450439453,102.18555450439453,1000,0.0,0.0
2011-06-27 00:00:00+09:00,104.74020385742188,104.74020385742188,104.74020385742188,104.74020385742188,3000,0.0,0.0
2011-06-28 00:00:00+09:00,103.03709411621094,103.88864034857632,103.03709411621094,103.03709411621094,6000,0.0,0.0
2011-06-29 00:00:00+09:00,103.03710268364578,103.8886489868164,100.4824637741339,103.8886489868164,9000,0.0,0.0
2011-06-30 00:00:00+09:00,103.88865748459732,104.74020385742188,103.88865748459732,104.74020385742188,2000,0.0,0.0
2011-07-01 00:00:00+09:00,101.33400821685791,103.03710079193115,101.33400821685791,102.18555450439453,12000,0.0,0.0
2011-07-04 00:00:00+09:00,104.74020471880513,105.59175109863281,104.74020471880513,105.59175109863281,7000,0.0,0.0
2011-07-05 00:00:00+09:00,103.88865748459732,104.74020385742188,103.88865748459732,104.74020385742188,2000,0.0,0.0
2011-07-06 00:00:00+09:00,103.03711111177275,104.74020385742188,103.03711111177275,104.74020385742188,9000,0.0,0.0
2011-07-07 00:00:00+09:00,105.59174159315766,105.59174159315766,100.4824637741339,103.8886489868164,13000,0.0,0.0
2011-07-08 00:00:00+09:00,104.74020471880513,105.59175109863281,104.74020471880513,105.59175109863281,14000,0.0,0.0
2011-07-11 00:00:00+09:00,102.18555450439453,102.18555450439453,102.18555450439453,102.18555450439453,2000,0.0,0.0
2011-07-12 00:00:00+09:00,104.74020802974701,108.99794006347656,104.74020802974701,108.99794006347656,45000,0.0,0.0
2011-07-13 00:00:00+09:00,107.29484385828819,107.29484385828819,105.59175109863281,105.59175109863281,13000,0.0,0.0
2011-07-14 00:00:00+09:00,106.44327904567245,106.44327904567245,103.03709411621094,103.03709411621094,5000,0.0,0.0
2011-07-15 00:00:00+09:00,105.59174159315766,105.59174159315766,103.03710268364578,103.8886489868164,3000,0.0,0.0
2011-07-19 00:00:00+09:00,105.59173777746776,108.9979228670635,105.59173777746776,107.29483032226562,6000,0.0,0.0
2011-07-20 00:00:00+09:00,108.99793572154472,108.99793572154472,104.74020385742188,104.74020385742188,18000,0.0,0.0
2011-07-21 00:00:00+09:00,103.88864034857632,103.88864034857632,103.03709411621094,103.03709411621094,6000,0.0,0.0
2011-07-22 00:00:00+09:00,102.18556123621323,102.18556123621323,101.33401489257812,101.33401489257812,2000,0.0,0.0
2011-07-25 00:00:00+09:00,103.88865392348346,103.88865392348346,101.33401489257812,101.33401489257812,4000,0.0,0.0
2011-07-26 00:00:00+09:00,101.33401398739572,101.33401398739572,100.48246765136719,100.48246765136719,2000,0.0,0.0
2011-07-27 00:00:00+09:00,100.48246765136719,100.48246765136719,100.48246765136719,100.48246765136719,2000,0.0,0.0
2011-07-28 00:00:00+09:00,100.48246765136719,100.48246765136719,100.48246765136719,100.48246765136719,2000,0.0,0.0
2011-07-29 00:00:00+09:00,100.48246765136719,100.48246765136719,100.48246765136719,100.48246765136719,2000,0.0,0.0
2011-08-01 00:00:00+09:00,97.92782592773438,97.92782592773438,97.92782592773438,97.92782592773438,2000,0.0,0.0
2011-08-02 00:00:00+09:00,98.77937316894531,98.77937316894531,96.22473420767949,98.77937316894531,5000,0.0,0.0
2011-08-03 00:00:00+09:00,96.22473907470703,97.07628543820002,96.22473907470703,96.22473907470703,3000,0.0,0.0
2011-08-04 00:00:00+09:00,98.77937316894531,98.77937316894531,98.77937316894531,98.77937316894531,1000,0.0,0.0
2011-08-05 00:00:00+09:00,98.77937316894531,98.77937316894531,98.77937316894531,98.77937316894531,1000,0.0,0.0
2011-08-08 00:00:00+09:00,96.22473907470703,96.22473907470703,96.22473907470703,96.22473907470703,1000,0.0,0.0
2011-08-09 00:00:00+09:00,94.52164369062945,94.52164369062945,93.67009735107422,93.67009735107422,2000,0.0,0.0
2011-08-10 00:00:00+09:00,95.37319946289062,95.37319946289062,95.37319946289062,95.37319946289062,1000,0.0,0.0
2011-08-11 00:00:00+09:00,95.37319946289062,95.37319946289062,95.37319946289062,95.37319946289062,1000,0.0,0.0
2011-08-12 00:00:00+09:00,95.37319946289062,95.37319946289062,95.37319946289062,95.37319946289062,1000,0.0,0.0
2011-08-15 00:00:00+09:00,95.37319946289062,95.37319946289062,95.37319946289062,95.37319946289062,1000,0.0,0.0
2011-08-16 00:00:00+09:00,97.927831801693,97.927831801693,96.22473907470703,96.22473907470703,3000,0.0,0.0
2011-08-17 00:00:00+09:00,98.77937316894531,98.77937316894531,98.77937316894531,98.77937316894531,2000,0.0,0.0
2011-08-18 00:00:00+09:00,98.77937316894531,98.77937316894531,98.77937316894531,98.77937316894531,4000,0.0,0.0
2011-08-19 00:00:00+09:00,100.48247199329904,104.74020385742188,99.63092562047447,104.74020385742188,14000,0.0,0.0
2011-08-22 00:00:00+09:00,104.74020385742188,104.74020385742188,104.74020385742188,104.74020385742188,17000,0.0,0.0
2011-08-23 00:00:00+09:00,106.44328905188519,106.44328905188519,97.92782592773438,97.92782592773438,3000,0.0,0.0
2011-08-24 00:00:00+09:00,98.77937316894531,98.77937316894531,98.77937316894531,98.77937316894531,1000,0.0,0.0
2011-08-25 00:00:00+09:00,98.77937316894531,98.77937316894531,98.77937316894531,98.77937316894531,1000,0.0,0.0
2011-08-26 00:00:00+09:00,102.18555450439453,102.18555450439453,102.18555450439453,102.18555450439453,2000,0.0,0.0
2011-08-29 00:00:00+09:00,102.18555450439453,102.18555450439453,102.18555450439453,102.18555450439453,2000,0.0,0.0
2011-08-30 00:00:00+09:00,97.92782684852337,98.77937316894531,97.92782684852337,98.77937316894531,13000,0.0,0.0
2011-08-31 00:00:00+09:00,97.0762796153193,97.92782592773438,97.0762796153193,97.92782592773438,7000,0.0,0.0
2011-09-01 00:00:00+09:00,96.22472481978566,97.0762710571289,96.22472481978566,97.0762710571289,6000,0.0,0.0
2011-09-02 00:00:00+09:00,97.92782904885033,97.92782904885033,89.41236565329812,93.67009735107422,18000,0.0,0.0
2011-09-05 00:00:00+09:00,93.67009735107422,93.67009735107422,93.67009735107422,93.67009735107422,2000,0.0,0.0
2011-09-06 00:00:00+09:00,91.11545654579446,91.96700286865234,90.26391022293656,91.96700286865234,6000,0.0,0.0
2011-09-07 00:00:00+09:00,91.96700286865234,91.96700286865234,91.96700286865234,91.96700286865234,2000,0.0,0.0
2011-09-08 00:00:00+09:00,93.67008610775596,97.0762710571289,93.67008610775596,97.0762710571289,2000,0.0,0.0
2011-09-09 00:00:00+09:00,97.0762710571289,97.0762710571289,97.0762710571289,97.0762710571289,1000,0.0,0.0
2011-09-12 00:00:00+09:00,94.52164277242959,94.52164277242959,92.81855010986328,92.81855010986328,3000,0.0,0.0
2011-09-13 00:00:00+09:00,92.81855010986328,92.81855010986328,92.81855010986328,92.81855010986328,1000,0.0,0.0
2011-09-14 00:00:00+09:00,94.52164277242959,94.52164277242959,91.96700377858014,92.81855010986328,8000,0.0,0.0
2011-09-15 00:00:00+09:00,93.67009824460692,94.52164459228516,93.67009824460692,94.52164459228516,3000,0.0,0.0
2011-09-16 00:00:00+09:00,96.22473420767949,98.77937316894531,95.37318788725754,98.77937316894531,10000,0.0,0.0
2011-09-20 00:00:00+09:00,93.67009551436813,93.67009551436813,91.96700286865234,91.96700286865234,23000,0.0,0.0
2011-09-21 00:00:00+09:00,94.52164459228516,94.52164459228516,94.52164459228516,94.52164459228516,3000,0.0,0.0
2011-09-22 00:00:00+09:00,91.11544799804688,91.11544799804688,91.11544799804688,91.11544799804688,1000,0.0,0.0
2011-09-26 00:00:00+09:00,93.67009735107422,93.67009735107422,93.67009735107422,93.67009735107422,2000,0.0,0.0
2011-09-27 00:00:00+09:00,97.0762710571289,97.0762710571289,97.0762710571289,97.0762710571289,1000,0.0,0.0
2011-09-28 00:00:00+09:00,97.0762710571289,97.0762710571289,97.0762710571289,97.0762710571289,1000,0.0,0.0
2011-09-29 00:00:00+09:00,97.0762710571289,97.0762710571289,97.0762710571289,97.0762710571289,1000,0.0,0.0
2011-09-30 00:00:00+09:00,97.0762710571289,97.0762710571289,97.0762710571289,97.0762710571289,1000,0.0,0.0
2011-10-03 00:00:00+09:00,97.0762710571289,97.0762710571289,97.0762710571289,97.0762710571289,1000,0.0,0.0
2011-10-04 00:00:00+09:00,97.92782592773438,97.92782592773438,97.92782592773438,97.92782592773438,2000,0.0,0.0
2011-10-05 00:00:00+09:00,93.67009735107422,93.67009735107422,93.67009735107422,93.67009735107422,2000,0.0,0.0
2011-10-06 00:00:00+09:00,93.67009735107422,93.67009735107422,93.67009735107422,93.67009735107422,2000,0.0,0.0
2011-10-07 00:00:00+09:00,93.67009735107422,93.67009735107422,93.67009735107422,93.67009735107422,2000,0.0,0.0
2011-10-11 00:00:00+09:00,93.67009735107422,93.67009735107422,93.67009735107422,93.67009735107422,2000,0.0,0.0
2011-10-12 00:00:00+09:00,93.67009735107422,93.67009735107422,93.67009735107422,93.67009735107422,2000,0.0,0.0
2011-10-13 00:00:00+09:00,90.26392364501953,90.26392364501953,90.26392364501953,90.26392364501953,2000,0.0,0.0
2011-10-14 00:00:00+09:00,90.26392364501953,90.26392364501953,90.26392364501953,90.26392364501953,2000,0.0,0.0
2011-10-17 00:00:00+09:00,94.52164459228516,94.52164459228516,94.52164459228516,94.52164459228516,2000,0.0,0.0
2011-10-18 00:00:00+09:00,96.22473907470703,96.22473907470703,96.22473907470703,96.22473907470703,3000,0.0,0.0
2011-10-19 00:00:00+09:00,99.63092131533865,101.33401398739572,99.63092131533865,100.48246765136719,6000,0.0,0.0
2011-10-20 00:00:00+09:00,102.18554788384556,103.03709411621094,102.18554788384556,103.03709411621094,22000,0.0,0.0
2011-10-21 00:00:00+09:00,100.48246765136719,100.48246765136719,100.48246765136719,100.48246765136719,1000,0.0,0.0
2011-10-24 00:00:00+09:00,100.48246765136719,100.48246765136719,100.48246765136719,100.48246765136719,1000,0.0,0.0
2011-10-25 00:00:00+09:00,103.03710477105503,103.03710477105503,98.77937316894531,98.77937316894531,4000,0.0,0.0
2011-10-26 00:00:00+09:00,98.77937316894531,98.77937316894531,98.77937316894531,98.77937316894531,4000,0.0,0.0
2011-10-27 00:00:00+09:00,95.37319271121406,96.22473907470703,95.37319271121406,96.22473907470703,3000,0.0,0.0
2011-10-28 00:00:00+09:00,96.22473907470703,96.22473907470703,96.22473907470703,96.22473907470703,3000,0.0,0.0
2011-10-31 00:00:00+09:00,96.22473907470703,96.22473907470703,96.22473907470703,96.22473907470703,3000,0.0,0.0
2011-11-01 00:00:00+09:00,98.77936935424805,102.18555450439453,97.92782306671143,102.18555450439453,4000,0.0,0.0
2011-11-02 00:00:00+09:00,102.18554788384556,103.03709411621094,98.77936295438404,103.03709411621094,7000,0.0,0.0
2011-11-04 00:00:00+09:00,99.63092041015625,99.63092041015625,99.63092041015625,99.63092041015625,2000,0.0,0.0
2011-11-07 00:00:00+09:00,103.03710757984834,103.03710757984834,101.33401489257812,101.33401489257812,2000,0.0,0.0
2011-11-08 00:00:00+09:00,100.48246765136719,100.48246765136719,100.48246765136719,100.48246765136719,1000,0.0,0.0
2011-11-09 00:00:00+09:00,102.18555450439453,102.18555450439453,102.18555450439453,102.18555450439453,3000,0.0,0.0
2011-11-10 00:00:00+09:00,102.18555450439453,102.18555450439453,102.18555450439453,102.18555450439453,3000,0.0,0.0
2011-11-11 00:00:00+09:00,102.18555450439453,102.18555450439453,102.18555450439453,102.18555450439453,3000,0.0,0.0
2011-11-14 00:00:00+09:00,102.18555450439453,102.18555450439453,102.18555450439453,102.18555450439453,1000,0.0,0.0
2011-11-15 00:00:00+09:00,102.18555450439453,102.18555450439453,102.18555450439453,102.18555450439453,1000,0.0,0.0
2011-11-16 00:00:00+09:00,106.44329071044922,106.44329071044922,106.44329071044922,106.44329071044922,1000,0.0,0.0
2011-11-17 00:00:00+09:00,109.8494778730738,109.8494778730738,108.1463851928711,108.1463851928711,2000,0.0,0.0
2011-11-18 00:00:00+09:00,108.1463833618164,110.70102233886719,106.44329071044922,106.44329071044922,12000,0.0,0.0
2011-11-21 00:00:00+09:00,106.44329071044922,106.44329071044922,106.44329071044922,106.44329071044922,18000,0.0,0.0
2011-11-22 00:00:00+09:00,108.14639447825823,109.8494873046875,108.14639447825823,109.8494873046875,2000,0.0,0.0
2011-11-24 00:00:00+09:00,105.59175109863281,105.59175109863281,105.59175109863281,105.59175109863281,1000,0.0,0.0
2011-11-25 00:00:00+09:00,104.74020385742188,104.74020385742188,104.74020385742188,104.74020385742188,4000,0.0,0.0
2011-11-28 00:00:00+09:00,104.74020385742188,104.74020385742188,104.74020385742188,104.74020385742188,4000,0.0,0.0
2011-11-29 00:00:00+09:00,104.74020385742188,104.74020385742188,104.74020385742188,104.74020385742188,4000,0.0,0.0
2011-11-30 00:00:00+09:00,103.03709896027095,107.29483032226562,103.03709896027095,107.29483032226562,4000,0.0,0.0
2011-12-01 00:00:00+09:00,106.44329071044922,106.44329071044922,106.44329071044922,106.44329071044922,1000,0.0,0.0
2011-12-02 00:00:00+09:00,107.29483032226562,107.29483032226562,107.29483032226562,107.29483032226562,2000,0.0,0.0
2011-12-05 00:00:00+09:00,103.03709411621094,103.03709411621094,103.03709411621094,103.03709411621094,1000,0.0,0.0
2011-12-06 00:00:00+09:00,103.03709411621094,103.03709411621094,103.03709411621094,103.03709411621094,1000,0.0,0.0
2011-12-07 00:00:00+09:00,103.03709411621094,103.03709411621094,103.03709411621094,103.03709411621094,2000,0.0,0.0
2011-12-08 00:00:00+09:00,103.03709411621094,103.03709411621094,103.03709411621094,103.03709411621094,1000,0.0,0.0
2011-12-09 00:00:00+09:00,103.03709411621094,103.03709411621094,103.03709411621094,103.03709411621094,1000,0.0,0.0
2011-12-12 00:00:00+09:00,105.59173777746776,107.29483032226562,105.59173777746776,107.29483032226562,2000,0.0,0.0
2011-12-13 00:00:00+09:00,108.99794006347656,108.99794006347656,108.99794006347656,108.99794006347656,5000,0.0,0.0
2011-12-14 00:00:00+09:00,108.99791917067307,110.70101165771484,108.99791917067307,110.70101165771484,7000,0.0,0.0
2011-12-15 00:00:00+09:00,114.10720640240294,114.10720640240294,108.99792850378788,112.40411376953125,4000,0.0,0.0
2011-12-16 00:00:00+09:00,115.8102941442419,115.8102941442419,114.95874786376953,114.95874786376953,5000,0.0,0.0
2011-12-19 00:00:00+09:00,117.51341169593978,117.51341169593978,114.95877231124543,116.661865234375,4000,0.0,0.0
2011-12-20 00:00:00+09:00,112.40412213725429,112.40412213725429,105.59175109863281,105.59175109863281,25000,0.0,0.0
2011-12-21 00:00:00+09:00,108.9979220512218,113.25565338134766,108.9979220512218,113.25565338134766,2000,0.0,0.0
2011-12-22 00:00:00+09:00,113.25567209720612,113.25567209720612,108.99794006347656,108.99794006347656,2000,0.0,0.0
2011-12-26 00:00:00+09:00,111.55256652832031,111.55256652832031,111.55256652832031,111.55256652832031,3000,0.0,0.0
2011-12-27 00:00:00+09:00,111.55256652832031,111.55256652832031,111.55256652832031,111.55256652832031,3000,0.0,0.0
2011-12-28 00:00:00+09:00,111.55256652832031,111.55256652832031,111.55256652832031,111.55256652832031,3000,0.0,0.0
2011-12-29 00:00:00+09:00,111.55256652832031,111.55256652832031,111.55256652832031,111.55256652832031,3000,0.0,0.0
2011-12-30 00:00:00+09:00,111.55256652832031,111.55256652832031,111.55256652832031,111.55256652832031,3000,0.0,0.0
2012-01-04 00:00:00+09:00,111.55256652832031,111.55256652832031,111.55256652832031,111.55256652832031,3000,0.0,0.0
2012-01-05 00:00:00+09:00,115.81029807520277,115.81029807520277,111.55256652832031,111.55256652832031,3000,0.0,0.0
2012-01-06 00:00:00+09:00,107.29483032226562,107.29483032226562,107.29483032226562,107.29483032226562,1000,0.0,0.0
2012-01-10 00:00:00+09:00,107.29483032226562,107.29483032226562,107.29483032226562,107.29483032226562,1000,0.0,0.0
2012-01-11 00:00:00+09:00,107.29483032226562,107.29483032226562,107.29483032226562,107.29483032226562,1000,0.0,0.0
2012-01-12 00:00:00+09:00,107.29483032226562,107.29483032226562,107.29483032226562,107.29483032226562,1000,0.0,0.0
2012-01-13 00:00:00+09:00,107.29483032226562,107.29483032226562,107.29483032226562,107.29483032226562,1000,0.0,0.0
2012-01-16 00:00:00+09:00,110.7010164614077,114.95874786376953,110.7010164614077,114.95874786376953,2000,0.0,0.0
2012-01-17 00:00:00+09:00,117.5133816058819,117.5133816058819,110.70101165771484,110.70101165771484,6000,0.0,0.0
2012-01-18 00:00:00+09:00,114.95874881744385,115.81029510498047,114.95874881744385,115.81029510498047,3000,0.0,0.0
2012-01-19 00:00:00+09:00,116.66185259137835,119.21649169921875,112.40412074497767,119.21649169921875,5000,0.0,0.0
2012-01-20 00:00:00+09:00,119.21649169921875,119.21649169921875,119.21649169921875,119.21649169921875,14000,0.0,0.0
2012-01-23 00:00:00+09:00,119.21649169921875,119.21649169921875,119.21649169921875,119.21649169921875,14000,0.0,0.0
2012-01-24 00:00:00+09:00,119.21649169921875,119.21649169921875,119.21649169921875,119.21649169921875,14000,0.0,0.0
2012-01-25 00:00:00+09:00,119.21648331270873,119.21648331270873,111.55256652832031,111.55256652832031,5000,0.0,0.0
2012-01-26 00:00:00+09:00,108.99794006347656,108.99794006347656,108.99794006347656,108.99794006347656,4000,0.0,0.0
2012-01-27 00:00:00+09:00,113.25565338134766,113.25565338134766,113.25565338134766,113.25565338134766,1000,0.0,0.0
2012-01-30 00:00:00+09:00,113.2556600859671,113.2556600859671,112.40411376953125,112.40411376953125,2000,0.0,0.0
2012-01-31 00:00:00+09:00,114.10719663179837,136.24739896334134,110.70101165771484,110.70101165771484,32000,0.0,0.0
2012-02-01 00:00:00+09:00,110.70101165771484,110.70101165771484,110.70101165771484,110.70101165771484,2000,0.0,0.0
2012-02-02 00:00:00+09:00,114.95874786376953,114.95874786376953,114.95874786376953,114.95874786376953,2000,0.0,0.0
2012-02-03 00:00:00+09:00,111.55256652832031,111.55256652832031,111.55256652832031,111.55256652832031,1000,0.0,0.0
2012-02-06 00:00:00+09:00,115.81029970426087,120.06803131103516,115.81029970426087,120.06803131103516,2000,0.0,0.0
2012-02-07 00:00:00+09:00,120.06803131103516,120.06803131103516,120.06803131103516,120.06803131103516,2000,0.0,0.0
2012-02-08 00:00:00+09:00,120.06803131103516,120.06803131103516,120.06803131103516,120.06803131103516,2000,0.0,0.0
2012-02-09 00:00:00+09:00,120.06803131103516,120.06803131103516,120.06803131103516,120.06803131103516,2000,0.0,0.0
2012-02-10 00:00:00+09:00,120.06803131103516,120.06803131103516,120.06803131103516,120.06803131103516,2000,0.0,0.0
2012-02-13 00:00:00+09:00,120.06803131103516,120.06803131103516,120.06803131103516,120.06803131103516,2000,0.0,0.0
2012-02-14 00:00:00+09:00,113.25565338134766,113.25565338134766,112.40410711532249,113.25565338134766,5000,0.0,0.0
2012-02-15 00:00:00+09:00,117.51339996337892,136.24742024739584,117.51339996337892,127.7319564819336,12000,0.0,0.0
2012-02-16 00:00:00+09:00,120.06802747002963,123.47421264648438,120.06802747002963,123.47421264648438,7000,0.0,0.0
2012-02-17 00:00:00+09:00,126.88040924072267,127.73195561146576,126.88040924072267,126.88040924072266,6000,0.0,0.0
2012-02-20 00:00:00+09:00,124.32577514648438,124.32577514648438,124.32577514648438,124.32577514648438,14000,0.0,0.0
2012-02-21 00:00:00+09:00,126.88040924072267,126.88040924072267,126.88040924072267,126.88040924072266,2000,0.0,0.0
2012-02-22 00:00:00+09:00,122.62267981042395,122.62267981042395,121.77113342285156,121.77113342285156,2000,0.0,0.0
2012-02-23 00:00:00+09:00,121.77113342285156,121.77113342285156,121.77113342285156,121.77113342285156,2000,0.0,0.0
2012-02-24 00:00:00+09:00,127.7319564819336,127.7319564819336,126.88041010538738,127.7319564819336,3000,0.0,0.0
2012-02-27 00:00:00+09:00,131.1381410944382,131.1381410944382,126.88040924072267,126.88040924072266,3000,0.0,0.0
2012-02-28 00:00:00+09:00,126.88040924072267,126.88040924072267,126.88040924072267,126.88040924072266,3000,0.0,0.0
2012-02-29 00:00:00+09:00,126.88040924072267,126.88040924072267,126.88040924072267,126.88040924072266,3000,0.0,0.0
2012-03-01 00:00:00+09:00,126.88040924072267,126.88040924072267,126.88040924072267,126.88040924072266,3000,0.0,0.0
2012-03-02 00:00:00+09:00,127.73194411705279,127.73194411705279,123.47421264648438,123.47421264648438,3000,0.0,0.0
2012-03-05 00:00:00+09:00,121.77113342285156,121.77113342285156,121.77113342285156,121.77113342285156,1000,0.0,0.0
2012-03-06 00:00:00+09:00,121.77113342285156,121.77113342285156,121.77113342285156,121.77113342285156,1000,0.0,0.0
2012-03-07 00:00:00+09:00,117.51338768005371,117.51338768005371,113.2556562423706,115.81029510498047,6000,0.0,0.0
2012-03-08 00:00:00+09:00,120.06803131103516,120.06803131103516,120.06803131103516,120.06803131103516,1000,0.0,0.0
2012-03-09 00:00:00+09:00,120.06804312091984,124.32577514648438,120.06804312091984,124.32577514648438,2000,0.0,0.0
2012-03-12 00:00:00+09:00,124.32577514648438,124.32577514648438,124.32577514648438,124.32577514648438,1000,0.0,0.0
2012-03-13 00:00:00+09:00,120.91958618164062,120.91958618164062,120.91958618164062,120.91958618164062,2000,0.0,0.0
2012-03-14 00:00:00+09:00,125.17731076676324,128.58349609375,125.17731076676324,128.58349609375,4000,0.0,0.0
2012-03-15 00:00:00+09:00,131.98968836466472,131.98968836466472,127.7319564819336,127.7319564819336,4000,0.0,0.0
2012-03-16 00:00:00+09:00,131.13813927060082,131.13813927060082,122.62267568160077,125.17731475830078,10000,0.0,0.0
2012-03-19 00:00:00+09:00,126.88040692729334,131.98968505859375,126.88040692729334,131.98968505859375,5000,0.0,0.0
2012-03-21 00:00:00+09:00,127.7319564819336,127.7319564819336,127.7319564819336,127.7319564819336,14000,0.0,0.0
2012-03-22 00:00:00+09:00,130.28659057617188,130.28659057617188,130.28659057617188,130.28659057617188,1000,0.0,0.0
2012-03-23 00:00:00+09:00,130.28659057617188,130.28659057617188,130.28659057617188,130.28659057617188,1000,0.0,0.0
2012-03-26 00:00:00+09:00,131.13813870337702,131.98968505859375,131.13813870337702,131.98968505859375,3000,0.0,0.0
2012-03-27 00:00:00+09:00,131.98968505859375,131.98968505859375,131.98968505859375,131.98968505859375,3000,0.0,0.0
2012-03-28 00:00:00+09:00,136.33145141601562,136.33145141601562,136.33145141601562,136.33145141601562,1000,3.0,0.0
2012-03-29 00:00:00+09:00,136.33145141601562,136.33145141601562,136.33145141601562,136.33145141601562,1000,0.0,0.0
2012-03-30 00:00:00+09:00,127.64791107177733,127.64791107177733,127.64791107177733,127.64791107177734,1000,0.0,0.0
2012-04-02 00:00:00+09:00,123.30614538906381,127.64791107177733,123.30614538906381,127.64791107177734,2000,0.0,0.0
2012-04-03 00:00:00+09:00,127.64791992827729,127.64791992827729,124.17450714111328,124.17450714111328,2000,0.0,0.0
2012-04-04 00:00:00+09:00,119.83274841308594,119.83274841308594,119.83274841308594,119.83274841308594,1000,0.0,0.0
2012-04-05 00:00:00+09:00,119.83274841308594,119.83274841308594,119.83274841308594,119.83274841308594,1000,0.0,0.0
2012-04-06 00:00:00+09:00,119.83274841308594,119.83274841308594,119.83274841308594,119.83274841308594,1000,0.0,0.0
2012-04-09 00:00:00+09:00,119.83274841308594,119.83274841308594,119.83274841308594,119.83274841308594,1000,0.0,0.0
2012-04-10 00:00:00+09:00,119.83274841308594,119.83274841308594,119.83274841308594,119.83274841308594,1000,0.0,0.0
2012-04-11 00:00:00+09:00,116.35931396484375,116.35931396484375,116.35931396484375,116.35931396484375,1000,0.0,0.0
2012-04-12 00:00:00+09:00,120.70108795166016,120.70108795166016,120.70108795166016,120.70108795166016,1000,0.0,0.0
2012-04-13 00:00:00+09:00,120.70108795166016,120.70108795166016,120.70108795166016,120.70108795166016,1000,0.0,0.0
2012-04-16 00:00:00+09:00,123.30615234375,123.30615234375,123.30615234375,123.30615234375,1000,0.0,0.0
2012-04-17 00:00:00+09:00,131.98968180338542,131.98968180338542,130.2529754638672,130.2529754638672,2000,0.0,0.0
2012-04-18 00:00:00+09:00,131.98968180338542,131.98968180338542,130.2529754638672,130.2529754638672,2000,0.0,0.0
2012-04-19 00:00:00+09:00,131.9896854473527,136.33145141601562,131.9896854473527,136.33145141601562,6000,0.0,0.0
2012-04-20 00:00:00+09:00,135.46307373046875,135.46307373046875,135.46307373046875,135.46307373046875,13000,0.0,0.0
2012-04-23 00:00:00+09:00,135.46307373046875,135.46307373046875,135.46307373046875,135.46307373046875,13000,0.0,0.0
2012-04-24 00:00:00+09:00,135.46307373046875,135.46307373046875,135.46307373046875,135.46307373046875,13000,0.0,0.0
2012-04-25 00:00:00+09:00,135.46307373046875,135.46307373046875,135.46307373046875,135.46307373046875,2000,0.0,0.0
2012-04-26 00:00:00+09:00,135.46307373046875,135.46307373046875,135.46307373046875,135.46307373046875,2000,0.0,0.0
2012-04-27 00:00:00+09:00,135.46307373046875,135.46307373046875,135.46307373046875,135.46307373046875,2000,0.0,0.0
2012-05-01 00:00:00+09:00,135.46307373046875,135.46307373046875,135.46307373046875,135.46307373046875,3255000,0.0,0.0
2012-05-02 00:00:00+09:00,136.33145141601562,136.33145141601562,136.33145141601562,136.33145141601562,1000,0.0,0.0
2012-05-07 00:00:00+09:00,136.33145141601562,136.33145141601562,136.33145141601562,136.33145141601562,1000,0.0,0.0
2012-05-08 00:00:00+09:00,126.7795639038086,126.7795639038086,126.7795639038086,126.7795639038086,2000,0.0,0.0
2012-05-09 00:00:00+09:00,126.7795639038086,126.7795639038086,126.7795639038086,126.7795639038086,2000,0.0,0.0
2012-05-10 00:00:00+09:00,126.7795639038086,126.7795639038086,126.7795639038086,126.7795639038086,2000,0.0,0.0
2012-05-11 00:00:00+09:00,126.7795639038086,126.7795639038086,125.91121072638525,126.7795639038086,9000,0.0,0.0
2012-05-14 00:00:00+09:00,126.77955470365636,126.77955470365636,118.09602355957031,118.09602355957031,12000,0.0,0.0
2012-05-15 00:00:00+09:00,118.09602355957031,118.09602355957031,118.09602355957031,118.09602355957031,12000,0.0,0.0
2012-05-16 00:00:00+09:00,122.43778991699219,122.43778991699219,122.43778991699219,122.43778991699219,1000,0.0,0.0
2012-05-17 00:00:00+09:00,124.17450714111328,124.17450714111328,124.17450714111328,124.17450714111328,2000,0.0,0.0
2012-05-18 00:00:00+09:00,124.17450714111328,124.17450714111328,123.30615394432228,124.17450714111328,6000,0.0,0.0
2012-05-21 00:00:00+09:00,124.17450714111328,124.17450714111328,124.17450714111328,124.17450714111328,20000,0.0,0.0
2012-05-22 00:00:00+09:00,124.17450714111328,124.17450714111328,124.17450714111328,124.17450714111328,1000,0.0,0.0
2012-05-23 00:00:00+09:00,119.83274841308594,119.83274841308594,119.83274841308594,119.83274841308594,1000,0.0,0.0
2012-05-24 00:00:00+09:00,119.83274841308594,119.83274841308594,119.83274841308594,119.83274841308594,1000,0.0,0.0
2012-05-25 00:00:00+09:00,121.56943601720472,121.56943601720472,118.09602355957031,118.09602355957031,4000,0.0,0.0
2012-05-28 00:00:00+09:00,118.09602355957031,118.09602355957031,118.09602355957031,118.09602355957031,4000,0.0,0.0
2012-05-29 00:00:00+09:00,118.09602355957031,118.09602355957031,118.09602355957031,118.09602355957031,4000,0.0,0.0
2012-05-30 00:00:00+09:00,118.09602355957031,118.09602355957031,118.09602355957031,118.09602355957031,4000,0.0,0.0
2012-05-31 00:00:00+09:00,118.09602355957031,118.09602355957031,118.09602355957031,118.09602355957031,4000,0.0,0.0
2012-06-01 00:00:00+09:00,118.09602355957031,118.09602355957031,118.09602355957031,118.09602355957031,4000,0.0,0.0
2012-06-04 00:00:00+09:00,120.70108795166016,120.70108795166016,120.70108795166016,120.70108795166016,1000,0.0,0.0
2012-06-05 00:00:00+09:00,120.70108795166016,120.70108795166016,120.70108795166016,120.70108795166016,1000,0.0,0.0
2012-06-06 00:00:00+09:00,120.70108795166016,120.70108795166016,120.70108795166016,120.70108795166016,1000,0.0,0.0
2012-06-07 00:00:00+09:00,120.70108795166016,120.70108795166016,120.70108795166016,120.70108795166016,1000,0.0,0.0
2012-06-08 00:00:00+09:00,120.70108795166016,120.70108795166016,120.70108795166016,120.70108795166016,1000,0.0,0.0
2012-06-11 00:00:00+09:00,124.17450055458562,124.17450055458562,120.70108795166016,120.70108795166016,5000,0.0,0.0
2012-06-12 00:00:00+09:00,116.35931396484375,116.35931396484375,116.35931396484375,116.35931396484375,3000,0.0,0.0
2012-06-13 00:00:00+09:00,116.35931396484375,116.35931396484375,116.35931396484375,116.35931396484375,3000,0.0,0.0
2012-06-14 00:00:00+09:00,118.09602355957031,118.09602355957031,118.09602355957031,118.09602355957031,1000,0.0,0.0
2012-06-15 00:00:00+09:00,119.83274841308594,119.83274841308594,119.83274841308594,119.83274841308594,2000,0.0,0.0
2012-06-18 00:00:00+09:00,126.77956673148628,126.77956673148628,124.17450714111328,124.17450714111328,2000,0.0,0.0
2012-06-19 00:00:00+09:00,123.30614799923367,125.91120746400621,123.30614799923367,125.04285430908203,17000,0.0,0.0
2012-06-20 00:00:00+09:00,122.4378081611965,122.4378081611965,119.83274841308594,119.83274841308594,16000,0.0,0.0
2012-06-21 00:00:00+09:00,119.83274841308594,119.83274841308594,119.83274841308594,119.83274841308594,16000,0.0,0.0
2012-06-22 00:00:00+09:00,119.83274841308594,119.83274841308594,119.83274841308594,119.83274841308594,16000,0.0,0.0
2012-06-25 00:00:00+09:00,119.83274841308594,119.83274841308594,119.83274841308594,119.83274841308594,16000,0.0,0.0
2012-06-26 00:00:00+09:00,121.56944274902344,121.56944274902344,121.56944274902344,121.56944274902344,4000,0.0,0.0
2012-06-27 00:00:00+09:00,121.56944274902344,121.56944274902344,121.56944274902344,121.56944274902344,4000,0.0,0.0
2012-06-28 00:00:00+09:00,121.56944274902344,121.56944274902344,121.56944274902344,121.56944274902344,4000,0.0,0.0
2012-06-29 00:00:00+09:00,121.56944274902344,121.56944274902344,121.56944274902344,121.56944274902344,4000,0.0,0.0
2012-07-02 00:00:00+09:00,122.43778991699219,122.43778991699219,122.43778991699219,122.43778991699219,2000,0.0,0.0
2012-07-03 00:00:00+09:00,125.0428564453125,130.2529754638672,125.0428564453125,130.2529754638672,4000,0.0,0.0
2012-07-04 00:00:00+09:00,130.2529754638672,130.2529754638672,130.2529754638672,130.2529754638672,4000,0.0,0.0
2012-07-05 00:00:00+09:00,132.85804748535156,132.85804748535156,132.85804748535156,132.85804748535156,8000,0.0,0.0
2012-07-06 00:00:00+09:00,133.72637939453125,133.72637939453125,133.72637939453125,133.72637939453125,2000,0.0,0.0
2012-07-09 00:00:00+09:00,136.3314486503601,138.93650817871094,136.3314486503601,138.93650817871094,10000,0.0,0.0
2012-07-10 00:00:00+09:00,138.0681578034808,138.93651099721336,136.33145141601562,136.33145141601562,7000,0.0,0.0
2012-07-11 00:00:00+09:00,136.33144651140486,145.88333129882812,136.33144651140486,145.88333129882812,12000,0.0,0.0
2012-07-12 00:00:00+09:00,148.48836805762315,148.48836805762315,142.40989685058594,142.40989685058594,38000,0.0,0.0
2012-07-13 00:00:00+09:00,139.80484008789062,139.80484008789062,139.80484008789062,139.80484008789062,4000,0.0,0.0
2012-07-17 00:00:00+09:00,144.14662497384208,145.88333129882812,144.14662497384208,145.88333129882812,3000,0.0,0.0
2012-07-18 00:00:00+09:00,145.01499019760683,145.01499019760683,144.14663696289062,144.14663696289062,2000,0.0,0.0
2012-07-19 00:00:00+09:00,147.6200440872547,149.35675048828125,147.6200440872547,149.35675048828125,4000,0.0,0.0
2012-07-20 00:00:00+09:00,146.75169372558594,146.75169372558594,138.06816155247435,146.75169372558594,16000,0.0,0.0
2012-07-23 00:00:00+09:00,146.75169372558594,146.75169372558594,146.75169372558594,146.75169372558594,1000,0.0,0.0
2012-07-24 00:00:00+09:00,146.75169372558594,146.75169372558594,146.75169372558594,146.75169372558594,1000,0.0,0.0
2012-07-25 00:00:00+09:00,147.6200408935547,147.6200408935547,147.6200408935547,147.6200408935547,1000,0.0,0.0
2012-07-26 00:00:00+09:00,145.88333129882812,145.88333129882812,145.88333129882812,145.88333129882812,1000,0.0,0.0
2012-07-27 00:00:00+09:00,145.88333129882812,145.88333129882812,145.88333129882812,145.88333129882812,1000,0.0,0.0
2012-07-30 00:00:00+09:00,141.5415802001953,141.5415802001953,141.5415802001953,141.5415802001953,1000,0.0,0.0
2012-07-31 00:00:00+09:00,141.5415802001953,141.5415802001953,141.5415802001953,141.5415802001953,1000,0.0,0.0
2012-08-01 00:00:00+09:00,141.5415802001953,141.5415802001953,141.5415802001953,141.5415802001953,1000,0.0,0.0
2012-08-02 00:00:00+09:00,145.88333129882812,145.88333129882812,145.88333129882812,145.88333129882812,1000,0.0,0.0
2012-08-03 00:00:00+09:00,145.88333129882812,145.88333129882812,145.88333129882812,145.88333129882812,1000,0.0,0.0
2012-08-06 00:00:00+09:00,145.88333129882812,145.88333129882812,145.88333129882812,145.88333129882812,1000,0.0,0.0
2012-08-07 00:00:00+09:00,144.14663696289062,144.14663696289062,144.14663696289062,144.14663696289062,1000,0.0,0.0
2012-08-08 00:00:00+09:00,139.80484008789062,139.80484008789062,139.80484008789062,139.80484008789062,1000,0.0,0.0
2012-08-09 00:00:00+09:00,138.93650817871094,138.93650817871094,138.93650817871094,138.93650817871094,1000,0.0,0.0
2012-08-10 00:00:00+09:00,139.80484008789062,139.80484008789062,139.80484008789062,139.80484008789062,1000,0.0,0.0
2012-08-13 00:00:00+09:00,139.80484008789062,139.80484008789062,139.80484008789062,139.80484008789062,1000,0.0,0.0
2012-08-14 00:00:00+09:00,138.93650817871094,138.93650817871094,138.93650817871094,138.93650817871094,1000,0.0,0.0
2012-08-15 00:00:00+09:00,138.93648473227896,142.40989685058594,138.93648473227896,142.40989685058594,7000,0.0,0.0
2012-08-16 00:00:00+09:00,142.4099304934582,144.14663696289062,142.4099304934582,144.14663696289062,3000,0.0,0.0
2012-08-17 00:00:00+09:00,144.14660530801146,144.14660530801146,139.80484008789062,139.80484008789062,21000,0.0,0.0
2012-08-20 00:00:00+09:00,135.46307720715487,137.1997833251953,135.46307720715487,137.1997833251953,18000,0.0,0.0
2012-08-21 00:00:00+09:00,138.06814575195312,138.06814575195312,138.06814575195312,138.06814575195312,2000,0.0,0.0
2012-08-22 00:00:00+09:00,133.72638814290366,133.72638814290366,130.2529754638672,130.2529754638672,3000,0.0,0.0
2012-08-23 00:00:00+09:00,127.64791107177733,127.64791107177733,127.64791107177733,127.64791107177734,1000,0.0,0.0
2012-08-24 00:00:00+09:00,127.64791107177733,127.64791107177733,127.64791107177733,127.64791107177734,1000,0.0,0.0
2012-08-27 00:00:00+09:00,130.25297661350197,130.25297661350197,126.7795639038086,126.7795639038086,4000,0.0,0.0
2012-08-28 00:00:00+09:00,126.7795639038086,126.7795639038086,126.7795639038086,126.7795639038086,4000,0.0,0.0
2012-08-29 00:00:00+09:00,126.7795639038086,126.7795639038086,126.7795639038086,126.7795639038086,4000,0.0,0.0
2012-08-30 00:00:00+09:00,129.38462229410808,130.2529754638672,129.38462229410808,130.2529754638672,4000,0.0,0.0
2012-08-31 00:00:00+09:00,130.2529754638672,130.2529754638672,130.2529754638672,130.2529754638672,4000,0.0,0.0
2012-09-03 00:00:00+09:00,130.2529754638672,130.2529754638672,130.2529754638672,130.2529754638672,4000,0.0,0.0
2012-09-04 00:00:00+09:00,130.2529754638672,130.2529754638672,130.2529754638672,130.2529754638672,1000,0.0,0.0
2012-09-05 00:00:00+09:00,130.2529754638672,130.2529754638672,130.2529754638672,130.2529754638672,1000,0.0,0.0
2012-09-06 00:00:00+09:00,128.51625061035156,128.51625061035156,128.51625061035156,128.51625061035156,1000,0.0,0.0
2012-09-07 00:00:00+09:00,128.51625061035156,128.51625061035156,128.51625061035156,128.51625061035156,1000,0.0,0.0
2012-09-10 00:00:00+09:00,128.51625061035156,128.51625061035156,128.51625061035156,128.51625061035156,1000,0.0,0.0
2012-09-11 00:00:00+09:00,128.51625061035156,128.51625061035156,128.51625061035156,128.51625061035156,1000,0.0,0.0
2012-09-12 00:00:00+09:00,128.51625061035156,128.51625061035156,128.51625061035156,128.51625061035156,7000,0.0,0.0
2012-09-13 00:00:00+09:00,128.51625061035156,128.51625061035156,128.51625061035156,128.51625061035156,7000,0.0,0.0
2012-09-14 00:00:00+09:00,132.85804748535156,132.85804748535156,132.85804748535156,132.85804748535156,1000,0.0,0.0
2012-09-18 00:00:00+09:00,138.93649631076389,141.54155561659073,138.93649631076389,140.67320251464844,4000,0.0,0.0
2012-09-19 00:00:00+09:00,141.54155561659073,141.54155561659073,140.67320251464844,140.67320251464844,6000,0.0,0.0
2012-09-20 00:00:00+09:00,138.0681339998423,139.80484008789062,136.33142791179395,139.80484008789062,16000,0.0,0.0
2012-09-21 00:00:00+09:00,134.59474182128906,134.59474182128906,134.59474182128906,134.59474182128906,2000,0.0,0.0
2012-09-24 00:00:00+09:00,134.59474182128906,134.59474182128906,134.59474182128906,134.59474182128906,2000,0.0,0.0
2012-09-25 00:00:00+09:00,137.1997833251953,137.1997833251953,137.1997833251953,137.1997833251953,2000,0.0,0.0
2012-09-26 00:00:00+09:00,137.1997833251953,137.1997833251953,137.1997833251953,137.1997833251953,2000,0.0,0.0
2012-09-27 00:00:00+09:00,145.88334646400497,145.88334646400497,141.5415802001953,141.5415802001953,6000,0.0,0.0
2012-09-28 00:00:00+09:00,141.5415802001953,141.5415802001953,141.5415802001953,141.5415802001953,6000,0.0,0.0
2012-10-01 00:00:00+09:00,141.5415802001953,141.5415802001953,141.5415802001953,141.5415802001953,6000,0.0,0.0
2012-10-02 00:00:00+09:00,149.3567335340712,149.3567335340712,140.67320251464844,140.67320251464844,3000,0.0,0.0
2012-10-03 00:00:00+09:00,140.67320251464844,140.67320251464844,140.67320251464844,140.67320251464844,3000,0.0,0.0
2012-10-04 00:00:00+09:00,140.67320251464844,140.67320251464844,140.67320251464844,140.67320251464844,3000,0.0,0.0
2012-10-05 00:00:00+09:00,140.67320251464844,140.67320251464844,140.67320251464844,140.67320251464844,3000,0.0,0.0
2012-10-09 00:00:00+09:00,136.33145141601562,136.33145141601562,136.33145141601562,136.33145141601562,1000,0.0,0.0
2012-10-10 00:00:00+09:00,136.33145141601562,136.33145141601562,136.33145141601562,136.33145141601562,1000,0.0,0.0
2012-10-11 00:00:00+09:00,136.33145141601562,136.33145141601562,136.33145141601562,136.33145141601562,1000,0.0,0.0
2012-10-12 00:00:00+09:00,131.98968505859375,131.98968505859375,131.98968505859375,131.98968505859375,1000,0.0,0.0
2012-10-15 00:00:00+09:00,131.98968505859375,131.98968505859375,131.98968505859375,131.98968505859375,1000,0.0,0.0
2012-10-16 00:00:00+09:00,138.93652024611927,138.93652024611927,132.85804748535156,132.85804748535156,5000,0.0,0.0
2012-10-17 00:00:00+09:00,136.3314395160795,138.06814575195312,134.59473328020587,138.06814575195312,5000,0.0,0.0
2012-10-18 00:00:00+09:00,139.80484250225598,139.80484250225598,135.46307720715487,137.1997833251953,5000,0.0,0.0
2012-10-19 00:00:00+09:00,137.19979263401632,138.93649886988993,137.19979263401632,138.06814575195312,5000,0.0,0.0
2012-10-22 00:00:00+09:00,133.72637939453125,133.72637939453125,133.72637939453125,133.72637939453125,16000,0.0,0.0
2012-10-23 00:00:00+09:00,133.72637939453125,133.72637939453125,133.72637939453125,133.72637939453125,1000,0.0,0.0
2012-10-24 00:00:00+09:00,133.72637939453125,133.72637939453125,133.72637939453125,133.72637939453125,1000,0.0,0.0
2012-10-25 00:00:00+09:00,133.72637939453125,133.72637939453125,133.72637939453125,133.72637939453125,1000,0.0,0.0
2012-10-26 00:00:00+09:00,129.38461303710938,129.38461303710938,129.38461303710938,129.38461303710938,3000,0.0,0.0
2012-10-29 00:00:00+09:00,129.38461303710938,129.38461303710938,129.38461303710938,129.38461303710938,3000,0.0,0.0
2012-10-30 00:00:00+09:00,129.38461303710938,129.38461303710938,129.38461303710938,129.38461303710938,3000,0.0,0.0
2012-10-31 00:00:00+09:00,129.38461303710938,129.38461303710938,129.38461303710938,129.38461303710938,3000,0.0,0.0
2012-11-01 00:00:00+09:00,129.38461303710938,129.38461303710938,129.38461303710938,129.38461303710938,1000,0.0,0.0
2012-11-02 00:00:00+09:00,132.85804748535156,132.85804748535156,132.85804748535156,132.85804748535156,1000,0.0,0.0
2012-11-05 00:00:00+09:00,132.85804748535156,132.85804748535156,132.85804748535156,132.85804748535156,1000,0.0,0.0
2012-11-06 00:00:00+09:00,137.1997833251953,137.1997833251953,137.1997833251953,137.1997833251953,1000,0.0,0.0
2012-11-07 00:00:00+09:00,139.80484008789062,139.80484008789062,139.80484008789062,139.80484008789062,1000,0.0,0.0
2012-11-08 00:00:00+09:00,144.14662771513966,147.62004043116713,139.80486182010534,143.2782745361328,21000,0.0,0.0
2012-11-09 00:00:00+09:00,146.75166444008394,146.75166444008394,139.80484008789062,139.80484008789062,20000,0.0,0.0
2012-11-12 00:00:00+09:00,139.80484250225598,139.80484250225598,137.1997833251953,137.1997833251953,4000,0.0,0.0
2012-11-13 00:00:00+09:00,137.1997833251953,137.1997833251953,137.1997833251953,137.1997833251953,4000,0.0,0.0
2012-11-14 00:00:00+09:00,136.33142676720252,136.33142676720252,135.46307373046875,135.46307373046875,4000,0.0,0.0
2012-11-15 00:00:00+09:00,138.0681339998423,139.80484008789062,138.0681339998423,139.80484008789062,6000,0.0,0.0
2012-11-16 00:00:00+09:00,139.80484008789062,139.80484008789062,139.80484008789062,139.80484008789062,1000,0.0,0.0
2012-11-19 00:00:00+09:00,138.93648944323576,138.93648944323576,136.3314302661751,137.1997833251953,10000,0.0,0.0
2012-11-20 00:00:00+09:00,134.59472414813465,137.1997833251953,134.59472414813465,137.1997833251953,18000,0.0,0.0
2012-11-21 00:00:00+09:00,134.59474182128906,134.59474182128906,134.59474182128906,134.59474182128906,2000,0.0,0.0
2012-11-22 00:00:00+09:00,134.59474182128906,134.59474182128906,134.59474182128906,134.59474182128906,1000,0.0,0.0
2012-11-26 00:00:00+09:00,138.06814575195312,138.06814575195312,138.06814575195312,138.06814575195312,2000,0.0,0.0
2012-11-27 00:00:00+09:00,138.06814575195312,138.06814575195312,138.06814575195312,138.06814575195312,2000,0.0,0.0
2012-11-28 00:00:00+09:00,134.59474463211862,134.59474463211862,131.98968505859375,131.98968505859375,2000,0.0,0.0
2012-11-29 00:00:00+09:00,131.98968505859375,131.98968505859375,131.98968505859375,131.98968505859375,2000,0.0,0.0
2012-11-30 00:00:00+09:00,130.2529754638672,130.2529754638672,130.2529754638672,130.2529754638672,1000,0.0,0.0
2012-12-03 00:00:00+09:00,125.91121353469529,125.91121353469529,124.17450714111328,124.17450714111328,12000,0.0,0.0
2012-12-04 00:00:00+09:00,124.17450714111328,124.17450714111328,124.17450714111328,124.17450714111328,3000,0.0,0.0
2012-12-05 00:00:00+09:00,126.7795639038086,126.7795639038086,126.7795639038086,126.7795639038086,1000,0.0,0.0
2012-12-06 00:00:00+09:00,126.7795639038086,126.7795639038086,126.7795639038086,126.7795639038086,1000,0.0,0.0
2012-12-07 00:00:00+09:00,123.3061511941152,126.7795639038086,123.3061511941152,126.7795639038086,3000,0.0,0.0
2012-12-10 00:00:00+09:00,127.64791107177733,127.64791107177733,127.64791107177733,127.64791107177734,1000,0.0,0.0
2012-12-11 00:00:00+09:00,130.25297595608617,134.59474182128906,130.25297595608617,134.59474182128906,5000,0.0,0.0
2012-12-12 00:00:00+09:00,130.25296694272524,133.72637939453125,130.25296694272524,133.72637939453125,5000,0.0,0.0
2012-12-13 00:00:00+09:00,129.38461303710938,129.38461303710938,129.38461303710938,129.38461303710938,1000,0.0,0.0
2012-12-14 00:00:00+09:00,128.51626071682225,133.72637939453125,128.51626071682225,133.72637939453125,4000,0.0,0.0
2012-12-17 00:00:00+09:00,135.46307373046875,135.46307373046875,135.46307373046875,135.46307373046875,1000,0.0,0.0
2012-12-18 00:00:00+09:00,135.46309499432962,135.46309499432962,134.59474182128906,134.59474182128906,3000,0.0,0.0
2012-12-19 00:00:00+09:00,136.3314481673702,138.93650768649192,134.59474182128906,134.59474182128906,22000,0.0,0.0
2012-12-20 00:00:00+09:00,131.12132263183594,131.12132263183594,128.51626324179946,131.12132263183594,18000,0.0,0.0
2012-12-21 00:00:00+09:00,131.12132263183594,131.12132263183594,131.12132263183594,131.12132263183594,1000,0.0,0.0
2012-12-25 00:00:00+09:00,131.12132263183594,131.12132263183594,131.12132263183594,131.12132263183594,2000,0.0,0.0
2012-12-26 00:00:00+09:00,125.04285871478874,125.04285871478874,123.30615234375,123.30615234375,2000,0.0,0.0
2012-12-27 00:00:00+09:00,123.30614213614629,125.9112014770508,123.30614213614629,125.91120147705078,4000,0.0,0.0
2012-12-28 00:00:00+09:00,125.9112014770508,125.9112014770508,125.9112014770508,125.91120147705078,4000,0.0,0.0
2013-01-04 00:00:00+09:00,124.17450714111328,124.17450714111328,124.17450714111328,124.17450714111328,2000,0.0,0.0
2013-01-07 00:00:00+09:00,130.2529754638672,130.2529754638672,130.2529754638672,130.2529754638672,5000,0.0,0.0
2013-01-08 00:00:00+09:00,125.9112014770508,125.9112014770508,125.9112014770508,125.91120147705078,1000,0.0,0.0
2013-01-09 00:00:00+09:00,125.9112014770508,125.9112014770508,125.9112014770508,125.91120147705078,1000,0.0,0.0
2013-01-10 00:00:00+09:00,130.2529754638672,130.2529754638672,130.2529754638672,130.2529754638672,1000,0.0,0.0
2013-01-11 00:00:00+09:00,126.7795639038086,126.7795639038086,126.7795639038086,126.7795639038086,1000,0.0,0.0
2013-01-15 00:00:00+09:00,126.7795639038086,126.7795639038086,126.7795639038086,126.7795639038086,1000,0.0,0.0
2013-01-16 00:00:00+09:00,130.25295669968062,130.25295669968062,128.51625061035156,128.51625061035156,6000,0.0,0.0
2013-01-17 00:00:00+09:00,131.12132263183594,131.12132263183594,131.12132263183594,131.12132263183594,1000,0.0,0.0
2013-01-18 00:00:00+09:00,132.85802889186024,132.85802889186024,131.12132263183594,131.12132263183594,9000,0.0,0.0
2013-01-21 00:00:00+09:00,128.51627025865528,128.51627025865528,122.43779801669186,126.7795639038086,41000,0.0,0.0
2013-01-22 00:00:00+09:00,127.64791377385457,136.33144532309637,125.04285430908203,125.04285430908203,32000,0.0,0.0
2013-01-23 00:00:00+09:00,128.5162608179553,128.5162608179553,125.9112014770508,125.91120147705078,7000,0.0,0.0
2013-01-24 00:00:00+09:00,127.64791377385457,127.64791377385457,125.04285430908203,125.04285430908203,7000,0.0,0.0
2013-01-25 00:00:00+09:00,127.64790770432046,127.64790770432046,125.9112014770508,125.91120147705078,2000,0.0,0.0
2013-01-28 00:00:00+09:00,125.9112014770508,125.9112014770508,125.9112014770508,125.91120147705078,5000,0.0,0.0
2013-01-29 00:00:00+09:00,125.9112014770508,125.9112014770508,125.9112014770508,125.91120147705078,5000,0.0,0.0
2013-01-30 00:00:00+09:00,128.51625061035156,128.51625061035156,128.51625061035156,128.51625061035156,3000,0.0,0.0
2013-01-31 00:00:00+09:00,128.51625061035156,128.51625061035156,128.51625061035156,128.51625061035156,4000,0.0,0.0
2013-02-01 00:00:00+09:00,126.7795639038086,126.7795639038086,126.7795639038086,126.7795639038086,4000,0.0,0.0
2013-02-04 00:00:00+09:00,127.64791107177733,127.64791107177733,127.64791107177733,127.64791107177734,1000,0.0,0.0
2013-02-05 00:00:00+09:00,125.9112014770508,125.9112014770508,125.9112014770508,125.91120147705078,1000,0.0,0.0
2013-02-06 00:00:00+09:00,132.85803824976873,133.72639144094367,131.1213318674188,131.98968505859375,7000,0.0,0.0
2013-02-07 00:00:00+09:00,131.98968505859375,131.98968505859375,131.98968505859375,131.98968505859375,1000,0.0,0.0
2013-02-08 00:00:00+09:00,131.98968505859375,131.98968505859375,131.98968505859375,131.98968505859375,1000,0.0,0.0
2013-02-12 00:00:00+09:00,134.59474131266276,134.59474131266276,130.2529754638672,130.2529754638672,2000,0.0,0.0
2013-02-13 00:00:00+09:00,131.12132263183594,131.12132263183594,131.12132263183594,131.12132263183594,2000,0.0,0.0
2013-02-14 00:00:00+09:00,130.2529754638672,130.2529754638672,130.2529754638672,130.2529754638672,2000,0.0,0.0
2013-02-15 00:00:00+09:00,131.1213286336263,131.1213286336263,130.2529754638672,130.2529754638672,3000,0.0,0.0
2013-02-18 00:00:00+09:00,132.85803497314453,132.85803497314453,129.38462229410808,130.2529754638672,7000,0.0,0.0
2013-02-19 00:00:00+09:00,131.9896942338133,133.72640073688981,131.9896942338133,132.85804748535156,8000,0.0,0.0
2013-02-20 00:00:00+09:00,129.38461303710938,129.38461303710938,129.38461303710938,129.38461303710938,17000,0.0,0.0
2013-02-21 00:00:00+09:00,129.38461303710938,129.38461303710938,129.38461303710938,129.38461303710938,1000,0.0,0.0
2013-02-22 00:00:00+09:00,129.38461303710938,129.38461303710938,129.38461303710938,129.38461303710938,1000,0.0,0.0
2013-02-25 00:00:00+09:00,130.25296950182377,131.12132263183594,130.25296950182377,131.12132263183594,3000,0.0,0.0
2013-02-26 00:00:00+09:00,131.12132263183594,131.12132263183594,131.12132263183594,131.12132263183594,3000,0.0,0.0
2013-02-27 00:00:00+09:00,131.12132263183594,131.12132263183594,131.12132263183594,131.12132263183594,3000,0.0,0.0
2013-02-28 00:00:00+09:00,131.12132263183594,131.12132263183594,131.12132263183594,131.12132263183594,3000,0.0,0.0
2013-03-01 00:00:00+09:00,128.51625061035156,128.51625061035156,128.51625061035156,128.51625061035156,1000,0.0,0.0
2013-03-04 00:00:00+09:00,132.85804748535156,132.85804748535156,131.12134098227506,132.85804748535156,4000,0.0,0.0
2013-03-05 00:00:00+09:00,132.85804748535156,132.85804748535156,132.85804748535156,132.85804748535156,4000,0.0,0.0
2013-03-06 00:00:00+09:00,132.85804748535156,132.85804748535156,132.85804748535156,132.85804748535156,1000,0.0,0.0
2013-03-07 00:00:00+09:00,133.72638864824847,134.59474182128906,130.25297595608617,134.59474182128906,5000,0.0,0.0
2013-03-08 00:00:00+09:00,131.12132263183594,131.12132263183594,131.12132263183594,131.12132263183594,3000,0.0,0.0
2013-03-11 00:00:00+09:00,133.72637939453125,133.72637939453125,133.72637939453125,133.72637939453125,2000,0.0,0.0
2013-03-12 00:00:00+09:00,133.72637939453125,133.72637939453125,133.72637939453125,133.72637939453125,2000,0.0,0.0
2013-03-13 00:00:00+09:00,131.9896627890097,131.9896627890097,128.51625061035156,128.51625061035156,3000,0.0,0.0
2013-03-14 00:00:00+09:00,129.38461303710938,129.38461303710938,129.38461303710938,129.38461303710938,1000,0.0,0.0
2013-03-15 00:00:00+09:00,132.85801583367424,132.85801583367424,128.51625061035156,128.51625061035156,14000,0.0,0.0
2013-03-18 00:00:00+09:00,131.98968180338542,131.98968180338542,130.2529754638672,130.2529754638672,8000,0.0,0.0
2013-03-19 00:00:00+09:00,130.2529754638672,130.2529754638672,129.38462229410808,130.2529754638672,6000,0.0,0.0
2013-03-21 00:00:00+09:00,131.12130974434518,131.12130974434518,128.51625061035156,128.51625061035156,20000,0.0,0.0
2013-03-22 00:00:00+09:00,128.51625992947777,129.38461303710938,128.51625992947777,129.38461303710938,5000,0.0,0.0
2013-03-25 00:00:00+09:00,131.9896723600042,131.9896723600042,129.38461303710938,129.38461303710938,5000,0.0,0.0
2013-03-26 00:00:00+09:00,127.64791377385457,127.64791377385457,120.70108853446112,125.04285430908203,69000,0.0,0.0
2013-03-27 00:00:00+09:00,125.04286414837014,128.59017944335938,125.04286414837014,128.59017944335938,3000,3.0,0.0
2013-03-28 00:00:00+09:00,128.59017944335938,128.59017944335938,128.59017944335938,128.59017944335938,6000,0.0,0.0
2013-03-29 00:00:00+09:00,128.59017944335938,128.59017944335938,128.59017944335938,128.59017944335938,1000,0.0,0.0
2013-04-01 00:00:00+09:00,129.47700826710667,129.47700826710667,128.59017944335938,128.59017944335938,4000,0.0,0.0
2013-04-02 00:00:00+09:00,128.5901693249425,128.5901693249425,125.04285430908205,125.04285430908203,2000,0.0,0.0
2013-04-03 00:00:00+09:00,125.04285430908205,125.04285430908205,125.04285430908205,125.04285430908203,1000,0.0,0.0
2013-04-04 00:00:00+09:00,124.1560287475586,124.1560287475586,124.1560287475586,124.1560287475586,3000,0.0,0.0
2013-04-05 00:00:00+09:00,127.70333862304688,127.70333862304688,126.81650988260905,127.70333862304688,3000,0.0,0.0
2013-04-08 00:00:00+09:00,128.59017944335938,128.59017944335938,125.04286414837014,128.59017944335938,6000,0.0,0.0
2013-04-09 00:00:00+09:00,128.59015827447595,132.13747298549598,124.15601488570093,125.92967224121094,15000,0.0,0.0
2013-04-10 00:00:00+09:00,125.04285752432686,125.04285752432686,124.1560287475586,124.1560287475586,4000,0.0,0.0
2013-04-11 00:00:00+09:00,123.26920318603516,123.26920318603516,123.26920318603516,123.26920318603516,5000,0.0,0.0
2013-04-12 00:00:00+09:00,124.15601488570093,125.92967224121094,124.15601488570093,125.92967224121094,4000,0.0,0.0
2013-04-15 00:00:00+09:00,126.81651306152344,126.81651306152344,126.81651306152344,126.81651306152344,4000,0.0,0.0
2013-04-16 00:00:00+09:00,124.1560287475586,124.1560287475586,124.1560287475586,124.1560287475586,1000,0.0,0.0
2013-04-17 00:00:00+09:00,127.70333862304688,127.70333862304688,127.70333862304688,127.70333862304688,2000,0.0,0.0
2013-04-18 00:00:00+09:00,127.70332959672095,127.70332959672095,125.92967224121094,125.92967224121094,3000,0.0,0.0
2013-04-19 00:00:00+09:00,127.70333862304688,127.70333862304688,127.70333862304688,127.70333862304688,6000,0.0,0.0
2013-04-22 00:00:00+09:00,128.59017944335938,128.59017944335938,128.59017944335938,128.59017944335938,14000,0.0,0.0
2013-04-23 00:00:00+09:00,130.36380004882812,130.36380004882812,130.36380004882812,130.36380004882812,1000,0.0,0.0
2013-04-24 00:00:00+09:00,127.70335061961207,128.59017944335938,127.70335061961207,128.59017944335938,3000,0.0,0.0
2013-04-25 00:00:00+09:00,130.36380004882812,130.36380004882812,130.36380004882812,130.36380004882812,4000,0.0,0.0
2013-04-26 00:00:00+09:00,130.36380004882812,130.36380004882812,130.36380004882812,130.36380004882812,4000,0.0,0.0
2013-04-30 00:00:00+09:00,127.70333862304688,127.70333862304688,127.70333862304688,127.70333862304688,2000,0.0,0.0
2013-05-01 00:00:00+09:00,129.47698356009818,131.25064086914062,129.47698356009818,131.25064086914062,5000,0.0,0.0
2013-05-02 00:00:00+09:00,132.137451171875,132.137451171875,132.137451171875,132.137451171875,1000,0.0,0.0
2013-05-07 00:00:00+09:00,129.4769714770674,130.36380004882812,129.4769714770674,130.36380004882812,12000,0.0,0.0
2013-05-08 00:00:00+09:00,125.92969297211745,132.13749473834858,125.92969297211745,128.59017944335938,27000,0.0,0.0
2013-05-09 00:00:00+09:00,131.25062264052013,132.137451171875,130.36379410916527,132.137451171875,4000,0.0,0.0
2013-05-10 00:00:00+09:00,133.02427970322987,133.02427970322987,132.137451171875,132.137451171875,12000,0.0,0.0
2013-05-13 00:00:00+09:00,130.3638360595703,133.02432250976562,125.04286315917969,133.02432250976562,46000,0.0,0.0
2013-05-14 00:00:00+09:00,131.25062862058886,131.25062862058886,127.70331433354593,130.36380004882812,12000,0.0,0.0
2013-05-15 00:00:00+09:00,132.13746026444107,132.13746026444107,129.4769744873047,129.4769744873047,5000,0.0,0.0
2013-05-16 00:00:00+09:00,129.47699610392254,129.47699610392254,127.70333862304688,127.70333862304688,9000,0.0,0.0
2013-05-17 00:00:00+09:00,130.363837090854,131.25066591460129,128.59017944335938,128.59017944335938,10000,0.0,0.0
2013-05-20 00:00:00+09:00,128.59014589492588,129.4769744873047,128.59014589492588,129.4769744873047,17000,0.0,0.0
2013-05-21 00:00:00+09:00,131.25064086914062,131.25064086914062,131.25064086914062,131.25064086914062,3000,0.0,0.0
2013-05-22 00:00:00+09:00,130.363837090854,131.25066591460129,128.59017944335938,128.59017944335938,23000,0.0,0.0
2013-05-23 00:00:00+09:00,126.81652179586476,128.59017944335938,126.81652179586476,128.59017944335938,10000,0.0,0.0
2013-05-24 00:00:00+09:00,125.92967224121094,127.70332959672095,125.92967224121094,125.92967224121094,8000,0.0,0.0
2013-05-27 00:00:00+09:00,127.7033438546317,127.7033438546317,124.1560287475586,124.1560287475586,9000,0.0,0.0
2013-05-28 00:00:00+09:00,124.1560287475586,124.1560287475586,124.1560287475586,124.1560287475586,9000,0.0,0.0
2013-05-29 00:00:00+09:00,125.04285430908205,125.04285430908205,125.04285430908205,125.04285430908203,1000,0.0,0.0
2013-05-30 00:00:00+09:00,125.9296689420133,131.25064086914062,125.9296689420133,131.25064086914062,13000,0.0,0.0
2013-05-31 00:00:00+09:00,127.70333862304688,127.70333862304688,127.70333862304688,127.70333862304688,5000,0.0,0.0
2013-06-03 00:00:00+09:00,127.70333862304688,127.70333862304688,127.70333862304688,127.70333862304688,5000,0.0,0.0
2013-06-04 00:00:00+09:00,129.47698695223096,129.47698695223096,125.92967224121094,125.92967224121094,2000,0.0,0.0
2013-06-05 00:00:00+09:00,125.92967224121094,125.92967224121094,125.92967224121094,125.92967224121094,1000,0.0,0.0
2013-06-06 00:00:00+09:00,123.26920318603516,123.26920318603516,123.26920318603516,123.26920318603516,1000,0.0,0.0
2013-06-07 00:00:00+09:00,123.26918620794592,125.92967224121094,122.38235753019092,125.92967224121094,4000,0.0,0.0
2013-06-10 00:00:00+09:00,121.49554443359375,123.26920201656591,121.49554443359375,121.49554443359375,7000,0.0,0.0
2013-06-11 00:00:00+09:00,125.0428640946098,125.0428640946098,122.38237762451172,122.38237762451172,10000,0.0,0.0
2013-06-12 00:00:00+09:00,125.04285430908205,125.04285430908205,125.04285430908205,125.04285430908203,2000,0.0,0.0
2013-06-13 00:00:00+09:00,125.04285430908205,125.04285430908205,125.04285430908205,125.04285430908203,2000,0.0,0.0
2013-06-14 00:00:00+09:00,128.59017944335938,128.59017944335938,128.59017944335938,128.59017944335938,2000,0.0,0.0
2013-06-17 00:00:00+09:00,127.70333862304688,127.70333862304688,127.70333862304688,127.70333862304688,1000,0.0,0.0
2013-06-18 00:00:00+09:00,128.59017944335938,128.59017944335938,128.59017944335938,128.59017944335938,4000,0.0,0.0
2013-06-19 00:00:00+09:00,128.59017944335938,128.59017944335938,128.59017944335938,128.59017944335938,4000,0.0,0.0
2013-06-20 00:00:00+09:00,129.4769714770674,130.36380004882812,129.4769714770674,130.36380004882812,14000,0.0,0.0
2013-06-21 00:00:00+09:00,127.7033438546317,127.7033438546317,124.1560287475586,124.1560287475586,5000,0.0,0.0
2013-06-24 00:00:00+09:00,124.1560287475586,124.1560287475586,124.1560287475586,124.1560287475586,5000,0.0,0.0
2013-06-25 00:00:00+09:00,127.70332959672095,127.70332959672095,124.15601488570093,125.92967224121094,5000,0.0,0.0
2013-06-26 00:00:00+09:00,124.15603527124378,124.15603527124378,122.38237762451172,122.38237762451172,20000,0.0,0.0
2013-06-27 00:00:00+09:00,122.38237762451172,122.38237762451172,122.38237762451172,122.38237762451172,20000,0.0,0.0
2013-06-28 00:00:00+09:00,124.1560287475586,124.1560287475586,121.49554241725376,124.1560287475586,32000,0.0,0.0
2013-07-01 00:00:00+09:00,124.1560287475586,124.1560287475586,124.1560287475586,124.1560287475586,32000,0.0,0.0
2013-07-02 00:00:00+09:00,124.15603198593469,124.15603198593469,123.26920318603516,123.26920318603516,11000,0.0,0.0
2013-07-03 00:00:00+09:00,124.15603198593469,124.15603198593469,123.26920318603516,123.26920318603516,2000,0.0,0.0
2013-07-04 00:00:00+09:00,123.26920318603516,123.26920318603516,123.26920318603516,123.26920318603516,2000,0.0,0.0
2013-07-05 00:00:00+09:00,125.92968306304716,125.92968306304716,125.04285430908205,125.04285430908203,9000,0.0,0.0
2013-07-08 00:00:00+09:00,126.81651181701228,127.7033405709774,125.04285430908205,125.04285430908203,19000,0.0,0.0
2013-07-09 00:00:00+09:00,125.04285553618745,126.81651306152344,125.04285553618745,126.81651306152344,10000,0.0,0.0
2013-07-10 00:00:00+09:00,125.92968306304716,125.92968306304716,123.2691968011518,125.04285430908203,7000,0.0,0.0
2013-07-11 00:00:00+09:00,126.81650091896594,127.70332959672095,125.92967224121094,125.92967224121094,17000,0.0,0.0
2013-07-12 00:00:00+09:00,123.2691968011518,125.04285430908205,123.2691968011518,125.04285430908203,52000,0.0,0.0
2013-07-16 00:00:00+09:00,127.70333862304688,127.70333862304688,127.70333862304688,127.70333862304688,4000,0.0,0.0
2013-07-17 00:00:00+09:00,126.81651306152344,126.81651306152344,126.81651306152344,126.81651306152344,1000,0.0,0.0
2013-07-18 00:00:00+09:00,123.26919997079031,124.1560287475586,123.26919997079031,124.1560287475586,18000,0.0,0.0
2013-07-19 00:00:00+09:00,125.04285430908205,125.92968306304716,124.15602555511691,125.04285430908203,7000,0.0,0.0
2013-07-22 00:00:00+09:00,123.26918620794592,125.92967224121094,123.26918620794592,125.92967224121094,17000,0.0,0.0
2013-07-23 00:00:00+09:00,124.15602555511691,125.04285430908205,123.2691968011518,125.04285430908203,17000,0.0,0.0
2013-07-24 00:00:00+09:00,125.04285430908205,125.04285430908205,125.04285430908205,125.04285430908203,0,0.0,0.0
2013-07-25 00:00:00+09:00,125.04285430908205,125.04285430908205,125.04285430908205,125.04285430908203,2000,0.0,0.0
2013-07-26 00:00:00+09:00,122.38237762451172,122.38237762451172,122.38237762451172,122.38237762451172,10000,0.0,0.0
2013-07-29 00:00:00+09:00,122.38237322507983,122.38237322507983,121.49554443359375,121.49554443359375,7000,0.0,0.0
2013-07-30 00:00:00+09:00,120.60871564210765,121.49554443359375,120.60871564210765,121.49554443359375,6000,0.0,0.0
2013-07-31 00:00:00+09:00,121.49554443359375,121.49554443359375,121.49554443359375,121.49554443359375,0,0.0,0.0
2013-08-01 00:00:00+09:00,121.49554443359375,121.49554443359375,121.49554443359375,121.49554443359375,0,0.0,0.0
2013-08-02 00:00:00+09:00,122.38237762451172,122.38237762451172,122.38237762451172,122.38237762451172,2000,0.0,0.0
2013-08-05 00:00:00+09:00,122.38237762451172,122.38237762451172,122.38237762451172,122.38237762451172,0,0.0,0.0
2013-08-06 00:00:00+09:00,120.60871887207031,120.60871887207031,120.60871887207031,120.60871887207031,3000,0.0,0.0
2013-08-07 00:00:00+09:00,120.60871997777967,122.38237762451172,120.60871997777967,122.38237762451172,14000,0.0,0.0
2013-08-08 00:00:00+09:00,121.49554443359375,121.49554443359375,121.49554443359375,121.49554443359375,1000,0.0,0.0
2013-08-09 00:00:00+09:00,121.49554443359375,121.49554443359375,121.49554443359375,121.49554443359375,0,0.0,0.0
2013-08-12 00:00:00+09:00,121.49554443359375,121.49554443359375,121.49554443359375,121.49554443359375,0,0.0,0.0
2013-08-13 00:00:00+09:00,119.72186279296875,119.72186279296875,119.72186279296875,119.72186279296875,1000,0.0,0.0
2013-08-14 00:00:00+09:00,119.72186279296875,119.72186279296875,119.72186279296875,119.72186279296875,0,0.0,0.0
2013-08-15 00:00:00+09:00,119.72186279296875,119.72186279296875,119.72186279296875,119.72186279296875,3000,0.0,0.0
2013-08-16 00:00:00+09:00,120.60871887207031,120.60871887207031,120.60871887207031,120.60871887207031,3000,0.0,0.0
2013-08-19 00:00:00+09:00,120.60871564210765,121.49554443359375,120.60871564210765,121.49554443359375,6000,0.0,0.0
2013-08-20 00:00:00+09:00,120.60871997777967,122.38237762451172,120.60871997777967,122.38237762451172,20000,0.0,0.0
2013-08-21 00:00:00+09:00,122.3823486328125,122.3823486328125,119.72186279296875,119.72186279296875,4000,0.0,0.0
2013-08-22 00:00:00+09:00,119.72186279296875,119.72186279296875,119.72186279296875,119.72186279296875,0,0.0,0.0
2013-08-23 00:00:00+09:00,119.72186279296875,119.72186279296875,119.72186279296875,119.72186279296875,0,0.0,0.0
2013-08-26 00:00:00+09:00,121.49554768730613,121.49554768730613,120.60871887207031,120.60871887207031,3000,0.0,0.0
2013-08-27 00:00:00+09:00,120.60871887207031,120.60871887207031,120.60871887207031,120.60871887207031,0,0.0,0.0
2013-08-28 00:00:00+09:00,120.60871887207031,120.60871887207031,120.60871887207031,120.60871887207031,0,0.0,0.0
2013-08-29 00:00:00+09:00,117.9482192993164,117.9482192993164,117.9482192993164,117.9482192993164,2000,0.0,0.0
2013-08-30 00:00:00+09:00,117.9482192993164,117.9482192993164,117.9482192993164,117.9482192993164,0,0.0,0.0
2013-09-02 00:00:00+09:00,117.9482192993164,117.9482192993164,117.9482192993164,117.9482192993164,0,0.0,0.0
2013-09-03 00:00:00+09:00,119.72186279296875,119.72186279296875,119.72186279296875,119.72186279296875,1000,0.0,0.0
2013-09-04 00:00:00+09:00,119.72186279296875,119.72186279296875,119.72186279296875,119.72186279296875,0,0.0,0.0
2013-09-05 00:00:00+09:00,119.72186279296875,119.72186279296875,119.72186279296875,119.72186279296875,0,0.0,0.0
2013-09-06 00:00:00+09:00,119.72186279296875,119.72186279296875,119.72186279296875,119.72186279296875,0,0.0,0.0
2013-09-09 00:00:00+09:00,119.72186279296875,119.72186279296875,119.72186279296875,119.72186279296875,3000,0.0,0.0
2013-09-10 00:00:00+09:00,119.72186279296875,119.72186279296875,119.72186279296875,119.72186279296875,0,0.0,0.0
2013-09-11 00:00:00+09:00,118.83504486083984,118.83504486083984,118.83504486083984,118.83504486083984,5000,0.0,0.0
2013-09-12 00:00:00+09:00,118.83504486083984,118.83504486083984,118.83504486083984,118.83504486083984,1000,0.0,0.0
2013-09-13 00:00:00+09:00,118.83503886215559,118.83503886215559,116.17455291748047,116.17455291748047,11000,0.0,0.0
2013-09-17 00:00:00+09:00,119.72186279296875,119.72186279296875,119.72186279296875,119.72186279296875,6000,0.0,0.0
2013-09-18 00:00:00+09:00,120.60871887207031,120.60871887207031,120.60871887207031,120.60871887207031,3000,0.0,0.0
2013-09-19 00:00:00+09:00,121.4955488011457,122.38237762451172,121.4955488011457,122.38237762451172,4000,0.0,0.0
2013-09-20 00:00:00+09:00,124.1560287475586,124.1560287475586,123.26919997079031,124.1560287475586,19000,0.0,0.0
2013-09-24 00:00:00+09:00,124.15603198593469,124.15603198593469,123.26920318603516,123.26920318603516,3000,0.0,0.0
2013-09-25 00:00:00+09:00,124.1560287475586,124.1560287475586,124.1560287475586,124.1560287475586,3000,0.0,0.0
2013-09-26 00:00:00+09:00,124.1560287475586,124.1560287475586,124.1560287475586,124.1560287475586,3000,0.0,0.0
2013-09-27 00:00:00+09:00,124.1560287475586,124.1560287475586,124.1560287475586,124.1560287475586,1000,0.0,0.0
2013-09-30 00:00:00+09:00,119.72188798643701,123.26920318603516,119.72188798643701,123.26920318603516,3000,0.0,0.0
2013-10-01 00:00:00+09:00,123.26920201656591,123.26920201656591,121.49554443359375,121.49554443359375,12000,0.0,0.0
2013-10-02 00:00:00+09:00,122.38237762451172,122.38237762451172,122.38237762451172,122.38237762451172,1000,0.0,0.0
2013-10-03 00:00:00+09:00,122.38237762451172,122.38237762451172,122.38237762451172,122.38237762451172,0,0.0,0.0
2013-10-04 00:00:00+09:00,122.38237762451172,122.38237762451172,122.38237762451172,122.38237762451172,0,0.0,0.0
2013-10-07 00:00:00+09:00,119.72186279296875,119.72186279296875,119.72186279296875,119.72186279296875,1000,0.0,0.0
2013-10-08 00:00:00+09:00,119.72186279296875,119.72186279296875,119.72186279296875,119.72186279296875,1000,0.0,0.0
2013-10-09 00:00:00+09:00,118.83504486083984,118.83504486083984,118.83504486083984,118.83504486083984,1000,0.0,0.0
2013-10-10 00:00:00+09:00,119.72186279296875,119.72186279296875,119.72186279296875,119.72186279296875,1000,0.0,0.0
2013-10-11 00:00:00+09:00,121.49554443359375,121.49554443359375,121.49554443359375,121.49554443359375,1000,0.0,0.0
2013-10-15 00:00:00+09:00,121.49554443359375,121.49554443359375,121.49554443359375,121.49554443359375,0,0.0,0.0
2013-10-16 00:00:00+09:00,122.38237762451172,122.38237762451172,122.38237762451172,122.38237762451172,1000,0.0,0.0
2013-10-17 00:00:00+09:00,122.38237438613561,123.26920318603516,122.38237438613561,123.26920318603516,2000,0.0,0.0
2013-10-18 00:00:00+09:00,124.15602555511691,125.04285430908205,123.2691968011518,125.04285430908203,8000,0.0,0.0
2013-10-21 00:00:00+09:00,125.04285430908205,125.04285430908205,125.04285430908205,125.04285430908203,12000,0.0,0.0
2013-10-22 00:00:00+09:00,125.04285430908205,125.04285430908205,125.04285430908205,125.04285430908203,1000,0.0,0.0
2013-10-23 00:00:00+09:00,125.04285430908205,125.04285430908205,125.04285430908205,125.04285430908203,0,0.0,0.0
2013-10-24 00:00:00+09:00,125.04285430908205,125.04285430908205,125.04285430908205,125.04285430908203,4000,0.0,0.0
2013-10-25 00:00:00+09:00,125.04285430908205,125.04285430908205,125.04285430908205,125.04285430908203,2000,0.0,0.0
2013-10-28 00:00:00+09:00,125.04285430908205,125.04285430908205,125.04285430908205,125.04285430908203,1000,0.0,0.0
2013-10-29 00:00:00+09:00,125.04285430908205,125.04285430908205,125.04285430908205,125.04285430908203,0,0.0,0.0
2013-10-30 00:00:00+09:00,123.26920318603516,123.26920318603516,123.26920318603516,123.26920318603516,1000,0.0,0.0
2013-10-31 00:00:00+09:00,123.26920318603516,123.26920318603516,123.26920318603516,123.26920318603516,0,0.0,0.0
2013-11-01 00:00:00+09:00,123.26920318603516,123.26920318603516,123.26920318603516,123.26920318603516,2000,0.0,0.0
2013-11-05 00:00:00+09:00,123.26920318603516,123.26920318603516,123.26920318603516,123.26920318603516,0,0.0,0.0
2013-11-06 00:00:00+09:00,121.49554443359375,121.49554443359375,121.49554443359375,121.49554443359375,4000,0.0,0.0
2013-11-07 00:00:00+09:00,122.38237650254193,122.38237650254193,120.60871887207031,120.60871887207031,12000,0.0,0.0
2013-11-08 00:00:00+09:00,118.83504486083984,118.83504486083984,118.83504486083984,118.83504486083984,1000,0.0,0.0
2013-11-11 00:00:00+09:00,120.60870544892504,120.60870544892504,117.9482192993164,117.9482192993164,7000,0.0,0.0
2013-11-12 00:00:00+09:00,117.9482192993164,117.9482192993164,117.9482192993164,117.9482192993164,5000,0.0,0.0
2013-11-13 00:00:00+09:00,121.49552001953124,121.49552001953124,119.72186279296875,119.72186279296875,6000,0.0,0.0
2013-11-14 00:00:00+09:00,120.60870224682253,120.60870224682253,118.83504486083984,118.83504486083984,8000,0.0,0.0
2013-11-15 00:00:00+09:00,118.83503886215559,119.72186751038063,116.17455291748047,116.17455291748047,27000,0.0,0.0
2013-11-18 00:00:00+09:00,117.06138747485717,119.72187355383119,117.06138747485717,118.83504486083984,6000,0.0,0.0
2013-11-19 00:00:00+09:00,118.83505805913549,121.49554443359375,118.83505805913549,121.49554443359375,10000,0.0,0.0
2013-11-20 00:00:00+09:00,118.83504486083984,118.83504486083984,118.83504486083984,118.83504486083984,19000,0.0,0.0
2013-11-21 00:00:00+09:00,119.72187355383119,119.72187355383119,118.83504486083984,118.83504486083984,3000,0.0,0.0
2013-11-22 00:00:00+09:00,120.60871887207031,121.49554768730613,120.60871887207031,120.60871887207031,5000,0.0,0.0
2013-11-25 00:00:00+09:00,122.38237322507983,122.38237322507983,120.60871564210765,121.49554443359375,4000,0.0,0.0
2013-11-26 00:00:00+09:00,121.49554443359375,121.49554443359375,121.49554443359375,121.49554443359375,0,0.0,0.0
2013-11-27 00:00:00+09:00,119.72187355383119,119.72187355383119,118.83504486083984,118.83504486083984,7000,0.0,0.0
2013-11-28 00:00:00+09:00,121.49552001953124,121.49552001953124,119.72186279296875,119.72186279296875,6000,0.0,0.0
2013-11-29 00:00:00+09:00,119.72186279296875,119.72186279296875,119.72186279296875,119.72186279296875,0,0.0,0.0
2013-12-02 00:00:00+09:00,124.1560287475586,124.1560287475586,124.1560287475586,124.1560287475586,3000,0.0,0.0
2013-12-03 00:00:00+09:00,120.60871564210765,121.49554443359375,120.60871564210765,121.49554443359375,3000,0.0,0.0
2013-12-04 00:00:00+09:00,121.49554443359375,121.49554443359375,121.49554443359375,121.49554443359375,0,0.0,0.0
2013-12-05 00:00:00+09:00,121.49554443359375,121.49554443359375,121.49554443359375,121.49554443359375,0,0.0,0.0
2013-12-06 00:00:00+09:00,120.60870224682253,120.60870224682253,118.83504486083984,118.83504486083984,6000,0.0,0.0
2013-12-09 00:00:00+09:00,118.8350341796875,119.72186279296875,118.8350341796875,119.72186279296875,3000,0.0,0.0
2013-12-10 00:00:00+09:00,121.49554443359375,121.49554443359375,119.72188685062157,121.49554443359375,5000,0.0,0.0
2013-12-11 00:00:00+09:00,121.49554443359375,121.49554443359375,119.72188685062157,121.49554443359375,15000,0.0,0.0
2013-12-12 00:00:00+09:00,120.60869140624999,120.60869140624999,119.72186279296875,119.72186279296875,2000,0.0,0.0
2013-12-13 00:00:00+09:00,118.8350341796875,119.72186279296875,118.8350341796875,119.72186279296875,4000,0.0,0.0
2013-12-16 00:00:00+09:00,118.83504486083984,118.83504486083984,118.83504486083984,118.83504486083984,1000,0.0,0.0
2013-12-17 00:00:00+09:00,120.60869140624999,120.60869140624999,119.72186279296875,119.72186279296875,4000,0.0,0.0
2013-12-18 00:00:00+09:00,121.4955488011457,122.38237762451172,118.83506233104761,122.38237762451172,10000,0.0,0.0
2013-12-19 00:00:00+09:00,122.38237322507983,122.38237322507983,119.72188685062157,121.49554443359375,15000,0.0,0.0
2013-12-20 00:00:00+09:00,122.38237650254193,122.38237650254193,119.72189005683451,120.60871887207031,16000,0.0,0.0
2013-12-24 00:00:00+09:00,122.38235963280522,122.38235963280522,118.83504486083984,118.83504486083984,7000,0.0,0.0
2013-12-25 00:00:00+09:00,120.60870083895597,120.60870083895597,117.06138610839844,117.06138610839844,13000,0.0,0.0
2013-12-26 00:00:00+09:00,118.8350341796875,119.72186279296875,118.8350341796875,119.72186279296875,4000,0.0,0.0
2013-12-27 00:00:00+09:00,119.72186279296875,120.60869140624999,119.72186279296875,119.72186279296875,3000,0.0,0.0
2013-12-30 00:00:00+09:00,121.49554558623608,123.26920318603516,120.60871678633654,123.26920318603516,9000,0.0,0.0
2014-01-06 00:00:00+09:00,123.26920318603516,123.26920318603516,123.26920318603516,123.26920318603516,0,0.0,0.0
2014-01-07 00:00:00+09:00,120.60871887207031,120.60871887207031,120.60871887207031,120.60871887207031,2000,0.0,0.0
2014-01-08 00:00:00+09:00,122.38237119402204,124.1560287475586,122.38237119402204,124.1560287475586,4000,0.0,0.0
2014-01-09 00:00:00+09:00,125.04286078583422,125.04286078583422,123.26920318603516,123.26920318603516,4000,0.0,0.0
2014-01-10 00:00:00+09:00,124.15603532462283,133.9111523858432,122.38237767712823,128.59017944335938,36000,0.0,0.0
2014-01-14 00:00:00+09:00,125.04284028749207,131.25064086914062,125.04284028749207,131.25064086914062,24000,0.0,0.0
2014-01-15 00:00:00+09:00,130.363826676911,135.68479919433594,130.363826676911,135.68479919433594,21000,0.0,0.0
2014-01-16 00:00:00+09:00,135.68479289393272,138.34527902910787,133.02430675875755,137.4584503173828,40000,0.0,0.0
2014-01-17 00:00:00+09:00,137.4584688459124,137.4584688459124,135.68481118338448,136.57164001464844,12000,0.0,0.0
2014-01-20 00:00:00+09:00,136.57164001464844,136.57164001464844,136.57164001464844,136.57164001464844,12000,0.0,0.0
2014-01-21 00:00:00+09:00,137.45844145078917,137.45844145078917,131.25064086914062,131.25064086914062,7000,0.0,0.0
2014-01-22 00:00:00+09:00,131.25063167206227,131.25063167206227,129.4769744873047,129.4769744873047,8000,0.0,0.0
2014-01-23 00:00:00+09:00,129.4769714770674,130.36380004882812,129.4769714770674,130.36380004882812,3000,0.0,0.0
2014-01-24 00:00:00+09:00,127.70333862304688,127.70333862304688,127.70333862304688,127.70333862304688,1000,0.0,0.0
2014-01-27 00:00:00+09:00,127.70334182419143,127.70334182419143,125.92968429885543,126.81651306152344,6000,0.0,0.0
2014-01-28 00:00:00+09:00,126.81652179586476,128.59017944335938,126.81652179586476,128.59017944335938,6000,0.0,0.0
2014-01-29 00:00:00+09:00,128.59013704645554,132.137451171875,128.59013704645554,132.137451171875,7000,0.0,0.0
2014-01-30 00:00:00+09:00,127.70333862304688,127.70333862304688,125.0428524017334,127.70333862304688,5000,0.0,0.0
2014-01-31 00:00:00+09:00,125.04285752432686,125.04285752432686,124.1560287475586,124.1560287475586,4000,0.0,0.0
2014-02-03 00:00:00+09:00,122.38237119402204,124.1560287475586,121.49554241725376,124.1560287475586,3000,0.0,0.0
2014-02-04 00:00:00+09:00,119.72188685062157,122.38237322507983,117.9482292676494,121.49554443359375,9000,0.0,0.0
2014-02-05 00:00:00+09:00,125.04285959953809,125.04285959953809,121.49554443359375,121.49554443359375,3000,0.0,0.0
2014-02-06 00:00:00+09:00,120.60871564210765,121.49554443359375,120.60871564210765,121.49554443359375,2000,0.0,0.0
2014-02-07 00:00:00+09:00,121.49554443359375,121.49554443359375,121.49554443359375,121.49554443359375,1000,0.0,0.0
2014-02-10 00:00:00+09:00,122.38237438613561,123.26920318603516,122.38237438613561,123.26920318603516,2000,0.0,0.0
2014-02-12 00:00:00+09:00,123.26920318603516,123.26920318603516,123.26920318603516,123.26920318603516,2000,0.0,0.0
2014-02-13 00:00:00+09:00,123.2691968011518,125.04285430908205,123.2691968011518,125.04285430908203,4000,0.0,0.0
2014-02-14 00:00:00+09:00,123.26920644787775,123.26920644787775,122.38237762451172,122.38237762451172,4000,0.0,0.0
2014-02-17 00:00:00+09:00,125.04285430908205,125.04285430908205,125.04285430908205,125.04285430908203,3000,0.0,0.0
2014-02-18 00:00:00+09:00,125.92968306304716,125.92968306304716,125.04285430908205,125.04285430908203,2000,0.0,0.0
2014-02-19 00:00:00+09:00,124.15602555511691,125.04285430908205,123.2691968011518,125.04285430908203,17000,0.0,0.0
2014-02-20 00:00:00+09:00,123.26919997079031,124.1560287475586,122.38237119402204,124.1560287475586,17000,0.0,0.0
2014-02-21 00:00:00+09:00,124.1560287475586,124.1560287475586,124.1560287475586,124.1560287475586,1000,0.0,0.0
2014-02-24 00:00:00+09:00,122.38237762451172,122.38237762451172,122.38237762451172,122.38237762451172,1000,0.0,0.0
2014-02-25 00:00:00+09:00,123.26919997079031,124.1560287475586,123.26919997079031,124.1560287475586,10000,0.0,0.0
2014-02-26 00:00:00+09:00,124.1560287475586,124.1560287475586,124.1560287475586,124.1560287475586,0,0.0,0.0
2014-02-27 00:00:00+09:00,124.1560287475586,124.1560287475586,124.1560287475586,124.1560287475586,0,0.0,0.0
2014-02-28 00:00:00+09:00,122.38237762451172,122.38237762451172,122.38237762451172,122.38237762451172,1000,0.0,0.0
2014-03-03 00:00:00+09:00,122.38235753019092,125.92967224121094,122.38235753019092,125.92967224121094,2000,0.0,0.0
2014-03-04 00:00:00+09:00,124.15602677351944,126.81651306152344,124.15602677351944,126.81651306152344,6000,0.0,0.0
2014-03-05 00:00:00+09:00,123.26919997079031,128.59017263139998,123.26919997079031,124.1560287475586,29000,0.0,0.0
2014-03-06 00:00:00+09:00,122.38237438613561,123.26920318603516,122.38237438613561,123.26920318603516,3000,0.0,0.0
2014-03-07 00:00:00+09:00,123.26920318603516,123.26920318603516,123.26920318603516,123.26920318603516,2000,0.0,0.0
2014-03-10 00:00:00+09:00,124.15603198593469,124.15603198593469,123.26920318603516,123.26920318603516,4000,0.0,0.0
2014-03-11 00:00:00+09:00,124.15603198593469,124.15603198593469,123.26920318603516,123.26920318603516,4000,0.0,0.0
2014-03-12 00:00:00+09:00,121.49554558623608,123.26920318603516,121.49554558623608,123.26920318603516,8000,0.0,0.0
2014-03-13 00:00:00+09:00,123.26920644787775,123.26920644787775,116.17457586094953,122.38237762451172,44000,0.0,0.0
2014-03-14 00:00:00+09:00,121.49554768730613,121.49554768730613,120.60871887207031,120.60871887207031,2000,0.0,0.0
2014-03-17 00:00:00+09:00,120.60870544892504,120.60870544892504,117.9482192993164,117.9482192993164,9000,0.0,0.0
2014-03-18 00:00:00+09:00,118.83504486083984,118.83504486083984,118.83504486083984,118.83504486083984,1000,0.0,0.0
2014-03-19 00:00:00+09:00,118.8350341796875,121.49552001953124,118.8350341796875,119.72186279296875,5000,0.0,0.0
2014-03-20 00:00:00+09:00,120.60869615860567,120.60869615860567,116.17455291748047,116.17455291748047,21000,0.0,0.0
2014-03-24 00:00:00+09:00,116.17455291748047,116.17455291748047,114.40089562103039,116.17455291748047,9000,0.0,0.0
2014-03-25 00:00:00+09:00,117.94821337186373,117.94821337186373,115.28772735595703,115.28772735595703,5000,0.0,0.0
2014-03-26 00:00:00+09:00,117.06139058278019,117.9482192993164,114.40090443317155,117.9482192993164,14000,0.0,0.0
2014-03-27 00:00:00+09:00,120.67009735107422,120.67009735107422,117.9482154559372,120.67009735107422,3000,3.0,0.0
2014-03-28 00:00:00+09:00,120.67009103120263,121.57738494873047,118.85550319614694,121.57738494873047,6000,0.0,0.0
2014-03-31 00:00:00+09:00,122.48468017578125,122.48468017578125,122.48468017578125,122.48468017578125,4000,0.0,0.0
2014-04-01 00:00:00+09:00,122.48468017578125,122.48468017578125,122.48468017578125,122.48468017578125,0,0.0,0.0
2014-04-02 00:00:00+09:00,118.85550319614694,121.57738494873047,118.85550319614694,121.57738494873047,3000,0.0,0.0
2014-04-03 00:00:00+09:00,121.57738494873047,121.57738494873047,121.57738494873047,121.57738494873047,0,0.0,0.0
2014-04-04 00:00:00+09:00,118.85550689697266,118.85550689697266,118.85550689697266,118.85550689697266,1000,0.0,0.0
2014-04-07 00:00:00+09:00,118.85550689697266,120.6700947885295,118.85550689697266,118.85550689697266,7000,0.0,0.0
2014-04-08 00:00:00+09:00,117.94821166992188,117.94821166992188,117.94821166992188,117.94821166992188,3000,0.0,0.0
2014-04-09 00:00:00+09:00,117.94821805732194,117.94821805732194,117.04092407226562,117.04092407226562,7000,0.0,0.0
2014-04-10 00:00:00+09:00,117.04092407226562,117.04092407226562,117.04092407226562,117.04092407226562,2000,0.0,0.0
2014-04-11 00:00:00+09:00,116.13362505963741,118.85550689697266,116.13362505963741,118.85550689697266,4000,0.0,0.0
2014-04-14 00:00:00+09:00,117.04092407226562,117.04092407226562,117.04092407226562,117.04092407226562,1000,0.0,0.0
2014-04-15 00:00:00+09:00,116.13362505963741,118.85550689697266,116.13362505963741,118.85550689697266,3000,0.0,0.0
2014-04-16 00:00:00+09:00,119.76279711367478,121.57738494873047,117.9482092786191,121.57738494873047,12000,0.0,0.0
2014-04-17 00:00:00+09:00,121.57738741361179,121.57738741361179,117.94821166992188,117.94821166992188,2000,0.0,0.0
2014-04-18 00:00:00+09:00,120.67009735107422,120.67009735107422,117.9482154559372,120.67009735107422,5000,0.0,0.0
2014-04-21 00:00:00+09:00,121.57739131611989,121.57739131611989,119.76280338602855,120.67009735107422,16000,0.0,0.0
2014-04-22 00:00:00+09:00,119.76280212402344,119.76280212402344,119.76280212402344,119.76280212402344,1000,0.0,0.0
2014-04-23 00:00:00+09:00,119.76279711367478,121.57738494873047,119.76279711367478,121.57738494873047,2000,0.0,0.0
2014-04-24 00:00:00+09:00,118.85550942098288,120.67009735107422,118.85550942098288,120.67009735107422,8000,0.0,0.0
2014-04-25 00:00:00+09:00,122.48468528116557,122.48468528116557,119.76280338602855,120.67009735107422,4000,0.0,0.0
2014-04-28 00:00:00+09:00,119.76279711367478,121.57738494873047,119.76279711367478,121.57738494873047,2000,0.0,0.0
2014-04-30 00:00:00+09:00,119.76280084275108,119.76280084275108,118.85550689697266,118.85550689697266,3000,0.0,0.0
2014-05-01 00:00:00+09:00,117.94821295119425,118.85550689697266,117.94821295119425,118.85550689697266,2000,0.0,0.0
2014-05-02 00:00:00+09:00,117.94821295119425,118.85550689697266,117.94821295119425,118.85550689697266,2000,0.0,0.0
2014-05-07 00:00:00+09:00,118.85551204237827,127.02115790788517,116.1336300872093,117.04092407226562,176000,0.0,0.0
2014-05-08 00:00:00+09:00,117.04092025756836,117.04092025756836,114.31903839111328,114.31903839111328,38000,0.0,0.0
2014-05-09 00:00:00+09:00,114.31905249023437,115.22634655761719,113.41175842285156,113.41175842285156,15000,0.0,0.0
2014-05-12 00:00:00+09:00,112.50446435546874,115.22634655761719,112.50446435546874,113.41175842285156,9000,0.0,0.0
2014-05-13 00:00:00+09:00,113.41173922429319,114.31903313808753,110.68985748291016,110.68985748291016,11000,0.0,0.0
2014-05-14 00:00:00+09:00,114.31903839111328,114.31903839111328,114.31903839111328,114.31903839111328,1000,0.0,0.0
2014-05-15 00:00:00+09:00,114.31903839111328,114.31903839111328,114.31903839111328,114.31903839111328,2000,0.0,0.0
2014-05-16 00:00:00+09:00,114.31903965266672,115.22633361816406,112.504451721672,115.22633361816406,5000,0.0,0.0
2014-05-19 00:00:00+09:00,113.41175842285156,114.31905249023437,113.41175842285156,113.41175842285156,7000,0.0,0.0
2014-05-20 00:00:00+09:00,115.22633361816406,115.22633361816406,115.22633361816406,115.22633361816406,13000,0.0,0.0
2014-05-21 00:00:00+09:00,112.50445048014322,114.31903839111328,112.50445048014322,114.31903839111328,6000,0.0,0.0
2014-05-22 00:00:00+09:00,114.31903839111328,114.31903839111328,114.31903839111328,114.31903839111328,0,0.0,0.0
2014-05-23 00:00:00+09:00,112.50445048014322,114.31903839111328,112.50445048014322,114.31903839111328,2000,0.0,0.0
2014-05-26 00:00:00+09:00,115.22633361816406,115.22633361816406,115.22633361816406,115.22633361816406,2000,0.0,0.0
2014-05-27 00:00:00+09:00,114.31905249023437,114.31905249023437,113.41175842285156,113.41175842285156,3000,0.0,0.0
2014-05-28 00:00:00+09:00,113.41175842285156,113.41175842285156,113.41175842285156,113.41175842285156,0,0.0,0.0
2014-05-29 00:00:00+09:00,111.59715775617465,115.22633361816406,111.59715775617465,115.22633361816406,3000,0.0,0.0
2014-05-30 00:00:00+09:00,112.50445556640625,114.3190435594128,112.50445556640625,112.50445556640625,5000,0.0,0.0
2014-06-02 00:00:00+09:00,111.59716033935547,111.59716033935547,111.59716033935547,111.59716033935547,1000,0.0,0.0
2014-06-03 00:00:00+09:00,114.31903965266672,115.22633361816406,114.31903965266672,115.22633361816406,6000,0.0,0.0
2014-06-04 00:00:00+09:00,114.3190484046936,117.04093050956726,114.3190484046936,116.13363647460938,5000,0.0,0.0
2014-06-05 00:00:00+09:00,113.41174568716936,115.22633361816406,113.41174568716936,115.22633361816406,4000,0.0,0.0
2014-06-06 00:00:00+09:00,116.1336300872093,117.94821805732194,113.41174813204033,117.04092407226562,18000,0.0,0.0
2014-06-09 00:00:00+09:00,117.94821166992188,117.94821166992188,117.94821166992188,117.94821166992188,1000,0.0,0.0
2014-06-10 00:00:00+09:00,117.94821166992188,117.94821166992188,117.94821166992188,117.94821166992188,0,0.0,0.0
2014-06-11 00:00:00+09:00,118.85550689697266,118.85550689697266,118.85550689697266,118.85550689697266,6000,0.0,0.0
2014-06-12 00:00:00+09:00,118.85550689697266,118.85550689697266,118.85550689697266,118.85550689697266,0,0.0,0.0
2014-06-13 00:00:00+09:00,116.1336300872093,117.04092407226562,115.22633610215297,117.04092407226562,9000,0.0,0.0
2014-06-16 00:00:00+09:00,117.04092407226562,117.04092407226562,117.04092407226562,117.04092407226562,1000,0.0,0.0
2014-06-17 00:00:00+09:00,117.94821805732194,117.94821805732194,117.04092407226562,117.04092407226562,5000,0.0,0.0
2014-06-18 00:00:00+09:00,117.94821166992188,117.94821166992188,117.94821166992188,117.94821166992188,6000,0.0,0.0
2014-06-19 00:00:00+09:00,118.85551204237827,118.85551204237827,116.1336300872093,117.04092407226562,19000,0.0,0.0
2014-06-20 00:00:00+09:00,116.13362630208333,117.04092025756836,113.41174443562825,114.31903839111328,41000,0.0,0.0
2014-06-23 00:00:00+09:00,115.22633610215297,117.04092407226562,115.22633610215297,117.04092407226562,4000,0.0,0.0
2014-06-24 00:00:00+09:00,116.13363647460938,116.13363647460938,116.13363647460938,116.13363647460938,8000,0.0,0.0
2014-06-25 00:00:00+09:00,117.04092154915878,117.04092154915878,115.22633361816406,115.22633361816406,3000,0.0,0.0
2014-06-26 00:00:00+09:00,116.13362758366142,116.13362758366142,115.22633361816406,115.22633361816406,3000,0.0,0.0
2014-06-27 00:00:00+09:00,116.13362630208333,116.13362630208333,114.31903839111328,114.31903839111328,5000,0.0,0.0
2014-06-30 00:00:00+09:00,114.31903839111328,114.31903839111328,113.41174443562825,114.31903839111328,4000,0.0,0.0
2014-07-01 00:00:00+09:00,116.13363647460938,116.13363647460938,116.13363647460938,116.13363647460938,2000,0.0,0.0
2014-07-02 00:00:00+09:00,117.04092407226562,117.04092407226562,117.04092407226562,117.04092407226562,3000,0.0,0.0
2014-07-03 00:00:00+09:00,115.22633361816406,115.22633361816406,115.22633361816406,115.22633361816406,11000,0.0,0.0
2014-07-04 00:00:00+09:00,116.13362379807693,117.94821166992188,116.13362379807693,117.94821166992188,11000,0.0,0.0
2014-07-07 00:00:00+09:00,120.67009103120263,121.57738494873047,119.76279711367478,121.57738494873047,20000,0.0,0.0
2014-07-08 00:00:00+09:00,121.57738494873047,121.57738494873047,121.57738494873047,121.57738494873047,2000,0.0,0.0
2014-07-09 00:00:00+09:00,123.39197924621124,123.39197924621124,120.67009735107422,120.67009735107422,12000,0.0,0.0
2014-07-10 00:00:00+09:00,121.57738624855324,122.48468017578125,120.67009232132523,122.48468017578125,8000,0.0,0.0
2014-07-11 00:00:00+09:00,119.76279711367478,122.4846788662583,119.76279711367478,121.57738494873047,14000,0.0,0.0
2014-07-14 00:00:00+09:00,125.206582268365,126.11387634277344,125.206582268365,126.11387634277344,44000,0.0,0.0
2014-07-15 00:00:00+09:00,124.29929239609663,124.29929239609663,123.39199829101562,123.39199829101562,4000,0.0,0.0
2014-07-16 00:00:00+09:00,125.20658111572266,125.20658111572266,125.20658111572266,125.20658111572266,2000,0.0,0.0
2014-07-17 00:00:00+09:00,125.20657226116988,125.20657226116988,124.29927825927734,124.29927825927734,7000,0.0,0.0
2014-07-18 00:00:00+09:00,124.29926670131398,124.29926670131398,118.85550319614694,121.57738494873047,15000,0.0,0.0
2014-07-22 00:00:00+09:00,121.57738494873047,121.57738494873047,121.57738494873047,121.57738494873047,13000,0.0,0.0
2014-07-23 00:00:00+09:00,121.57738494873047,121.57738494873047,121.57738494873047,121.57738494873047,0,0.0,0.0
2014-07-24 00:00:00+09:00,120.67009103120263,121.57738494873047,120.67009103120263,121.57738494873047,3000,0.0,0.0
2014-07-25 00:00:00+09:00,123.39197924621124,123.39197924621124,120.67009735107422,120.67009735107422,2000,0.0,0.0
2014-07-28 00:00:00+09:00,123.39197410300926,123.39197410300926,122.48468017578125,122.48468017578125,3000,0.0,0.0
2014-07-29 00:00:00+09:00,125.20657226116988,127.02116026495496,124.29927825927734,124.29927825927734,31000,0.0,0.0
2014-07-30 00:00:00+09:00,124.29927825927734,124.29927825927734,124.29927825927734,124.29927825927734,2000,0.0,0.0
2014-07-31 00:00:00+09:00,125.20658111572266,125.20658111572266,125.20658111572266,125.20658111572266,1000,0.0,0.0
2014-08-01 00:00:00+09:00,122.48469379970005,127.02116394042969,122.48469379970005,127.02116394042969,7000,0.0,0.0
2014-08-04 00:00:00+09:00,124.29927825927734,124.29927825927734,124.29927825927734,124.29927825927734,1000,0.0,0.0
2014-08-05 00:00:00+09:00,124.29927825927734,124.29927825927734,124.29927825927734,124.29927825927734,0,0.0,0.0
2014-08-06 00:00:00+09:00,120.6700934776893,120.6700934776893,117.94821166992188,117.94821166992188,6000,0.0,0.0
2014-08-07 00:00:00+09:00,117.04091900541583,118.85550689697266,117.04091900541583,118.85550689697266,2000,0.0,0.0
2014-08-08 00:00:00+09:00,115.2263323465983,119.76280212402344,115.2263323465983,119.76280212402344,3000,0.0,0.0
2014-08-11 00:00:00+09:00,116.13363647460938,116.13363647460938,116.13363647460938,116.13363647460938,1000,0.0,0.0
2014-08-12 00:00:00+09:00,117.04092407226562,117.04092407226562,117.04092407226562,117.04092407226562,2000,0.0,0.0
2014-08-13 00:00:00+09:00,114.3190484046936,116.13363647460938,114.3190484046936,116.13363647460938,19000,0.0,0.0
2014-08-14 00:00:00+09:00,116.13363647460938,116.13363647460938,115.22634243965149,116.13363647460938,4000,0.0,0.0
2014-08-15 00:00:00+09:00,117.04092407226562,117.94821805732194,117.04092407226562,117.04092407226562,3000,0.0,0.0
2014-08-18 00:00:00+09:00,117.04092407226562,117.94821805732194,117.04092407226562,117.04092407226562,4000,0.0,0.0
2014-08-19 00:00:00+09:00,118.8555081685384,119.76280212402344,118.8555081685384,119.76280212402344,4000,0.0,0.0
2014-08-20 00:00:00+09:00,119.76280212402344,119.76280212402344,117.94821421305338,119.76280212402344,17000,0.0,0.0
2014-08-21 00:00:00+09:00,117.94821166992188,117.94821166992188,115.22632986215444,117.94821166992188,11000,0.0,0.0
2014-08-22 00:00:00+09:00,117.94821805732194,117.94821805732194,117.04092407226562,117.04092407226562,9000,0.0,0.0
2014-08-25 00:00:00+09:00,115.22632986215444,117.94821166992188,115.22632986215444,117.94821166992188,16000,0.0,0.0
2014-08-26 00:00:00+09:00,117.04091773399941,117.94821166992188,117.04091773399941,117.94821166992188,5000,0.0,0.0
2014-08-27 00:00:00+09:00,117.94821166992188,117.94821166992188,117.94821166992188,117.94821166992188,2000,0.0,0.0
2014-08-28 00:00:00+09:00,117.94821166992188,117.94821166992188,117.94821166992188,117.94821166992188,3000,0.0,0.0
2014-08-29 00:00:00+09:00,118.8555081685384,119.76280212402344,117.94821421305338,119.76280212402344,7000,0.0,0.0
2014-09-01 00:00:00+09:00,117.94821421305338,120.67009607950845,117.94821421305338,119.76280212402344,4000,0.0,0.0
2014-09-02 00:00:00+09:00,120.67009607950845,120.67009607950845,119.76280212402344,119.76280212402344,5000,0.0,0.0
2014-09-03 00:00:00+09:00,119.76280212402344,119.76280212402344,119.76280212402344,119.76280212402344,0,0.0,0.0
2014-09-04 00:00:00+09:00,119.76280212402344,119.76280212402344,119.76280212402344,119.76280212402344,1000,0.0,0.0
2014-09-05 00:00:00+09:00,119.76280212402344,119.76280212402344,119.76280212402344,119.76280212402344,0,0.0,0.0
2014-09-08 00:00:00+09:00,120.67009735107422,120.67009735107422,120.67009735107422,120.67009735107422,1000,0.0,0.0
2014-09-09 00:00:00+09:00,120.67009735107422,120.67009735107422,120.67009735107422,120.67009735107422,1000,0.0,0.0
2014-09-10 00:00:00+09:00,119.76280084275108,119.76280084275108,118.85550689697266,118.85550689697266,3000,0.0,0.0
2014-09-11 00:00:00+09:00,118.85550942098288,120.67009735107422,118.85550942098288,120.67009735107422,2000,0.0,0.0
2014-09-12 00:00:00+09:00,120.67009735107422,120.67009735107422,120.67009735107422,120.67009735107422,0,0.0,0.0
2014-09-16 00:00:00+09:00,118.85550689697266,118.85550689697266,118.85550689697266,118.85550689697266,1000,0.0,0.0
2014-09-17 00:00:00+09:00,118.85551204237827,118.85551204237827,117.04092407226562,117.04092407226562,13000,0.0,0.0
2014-09-18 00:00:00+09:00,117.04093050956726,137.90869331359863,116.13363647460938,116.13363647460938,144000,0.0,0.0
2014-09-19 00:00:00+09:00,116.13362505963741,118.85550689697266,116.13362505963741,118.85550689697266,43000,0.0,0.0
2014-09-22 00:00:00+09:00,118.85550560584436,119.76279954176682,117.94821166992188,117.94821166992188,21000,0.0,0.0
2014-09-24 00:00:00+09:00,118.85550560584436,118.85550560584436,117.94821166992188,117.94821166992188,10000,0.0,0.0
2014-09-25 00:00:00+09:00,119.76280212402344,119.76280212402344,119.76280212402344,119.76280212402344,7000,0.0,0.0
2014-09-26 00:00:00+09:00,117.94821166992188,117.94821166992188,117.94821166992188,117.94821166992188,3000,0.0,0.0
2014-09-29 00:00:00+09:00,120.67009735107422,120.67009735107422,120.67009735107422,120.67009735107422,1000,0.0,0.0
2014-09-30 00:00:00+09:00,120.67009735107422,120.67009735107422,120.67009735107422,120.67009735107422,0,0.0,0.0
2014-10-01 00:00:00+09:00,120.67009735107422,121.57739131611989,120.67009735107422,120.67009735107422,5000,0.0,0.0
2014-10-02 00:00:00+09:00,118.85550560584436,118.85550560584436,117.04091773399941,117.94821166992188,12000,0.0,0.0
2014-10-03 00:00:00+09:00,117.94821166992188,117.94821166992188,117.94821166992188,117.94821166992188,0,0.0,0.0
2014-10-06 00:00:00+09:00,117.94821166992188,117.94821166992188,117.94821166992188,117.94821166992188,1000,0.0,0.0
2014-10-07 00:00:00+09:00,117.94821166992188,117.94821166992188,117.94821166992188,117.94821166992188,0,0.0,0.0
2014-10-08 00:00:00+09:00,116.13363647460938,116.13363647460938,116.13363647460938,116.13363647460938,1000,0.0,0.0
2014-10-09 00:00:00+09:00,116.13363647460938,116.13363647460938,116.13363647460938,116.13363647460938,0,0.0,0.0
2014-10-10 00:00:00+09:00,116.13363647460938,116.13363647460938,116.13363647460938,116.13363647460938,4000,0.0,0.0
2014-10-14 00:00:00+09:00,113.41175842285156,113.41175842285156,113.41175842285156,113.41175842285156,2000,0.0,0.0
2014-10-15 00:00:00+09:00,117.04092407226562,117.04092407226562,117.04092407226562,117.04092407226562,2000,0.0,0.0
2014-10-16 00:00:00+09:00,116.1336300872093,117.04092407226562,116.1336300872093,117.04092407226562,4000,0.0,0.0
2014-10-17 00:00:00+09:00,117.94821805732194,117.94821805732194,117.04092407226562,117.04092407226562,4000,0.0,0.0
2014-10-20 00:00:00+09:00,119.76280212402344,119.76280212402344,119.76280212402344,119.76280212402344,13000,0.0,0.0
2014-10-21 00:00:00+09:00,119.76280212402344,119.76280212402344,119.76280212402344,119.76280212402344,0,0.0,0.0
2014-10-22 00:00:00+09:00,119.76280212402344,119.76280212402344,119.76280212402344,119.76280212402344,0,0.0,0.0
2014-10-23 00:00:00+09:00,117.94822454452515,117.94822454452515,116.13363647460938,116.13363647460938,5000,0.0,0.0
2014-10-24 00:00:00+09:00,116.13363647460938,117.04093050956726,115.22634243965149,116.13363647460938,10000,0.0,0.0
2014-10-27 00:00:00+09:00,117.94821166992188,117.94821166992188,117.94821166992188,117.94821166992188,2000,0.0,0.0
2014-10-28 00:00:00+09:00,117.94821166992188,117.94821166992188,117.94821166992188,117.94821166992188,0,0.0,0.0
2014-10-29 00:00:00+09:00,117.94822454452515,117.94822454452515,116.13363647460938,116.13363647460938,3000,0.0,0.0
2014-10-30 00:00:00+09:00,116.13363647460938,116.13363647460938,116.13363647460938,116.13363647460938,0,0.0,0.0
2014-10-31 00:00:00+09:00,115.22632986215444,117.94821166992188,115.22632986215444,117.94821166992188,6000,0.0,0.0
2014-11-04 00:00:00+09:00,117.94821166992188,117.94821166992188,117.94821166992188,117.94821166992188,0,0.0,0.0
2014-11-05 00:00:00+09:00,117.94822454452515,117.94822454452515,115.22634243965149,116.13363647460938,10000,0.0,0.0
2014-11-06 00:00:00+09:00,116.13362379807693,117.94821166992188,116.13362379807693,117.94821166992188,7000,0.0,0.0
2014-11-07 00:00:00+09:00,117.94822454452515,117.94822454452515,116.13363647460938,116.13363647460938,13000,0.0,0.0
2014-11-10 00:00:00+09:00,116.13363647460938,116.13363647460938,116.13363647460938,116.13363647460938,0,0.0,0.0
2014-11-11 00:00:00+09:00,117.04092407226562,117.04092407226562,117.04092407226562,117.04092407226562,1000,0.0,0.0
2014-11-12 00:00:00+09:00,115.22633361816406,116.13362758366142,115.22633361816406,115.22633361816406,9000,0.0,0.0
2014-11-13 00:00:00+09:00,115.22633361816406,115.22633361816406,115.22633361816406,115.22633361816406,0,0.0,0.0
2014-11-14 00:00:00+09:00,116.13362758366142,116.13362758366142,115.22633361816406,115.22633361816406,3000,0.0,0.0
2014-11-17 00:00:00+09:00,117.94821805732194,117.94821805732194,116.1336300872093,117.04092407226562,3000,0.0,0.0
2014-11-18 00:00:00+09:00,117.94821805732194,117.94821805732194,117.04092407226562,117.04092407226562,8000,0.0,0.0
2014-11-19 00:00:00+09:00,117.94821295119425,119.76280084275108,117.94821295119425,118.85550689697266,10000,0.0,0.0
2014-11-20 00:00:00+09:00,120.6700934776893,120.6700934776893,117.94821166992188,117.94821166992188,31000,0.0,0.0
2014-11-21 00:00:00+09:00,115.22634243965149,116.13363647460938,115.22634243965149,116.13363647460938,41000,0.0,0.0
2014-11-25 00:00:00+09:00,117.04092407226562,117.04092407226562,116.1336300872093,117.04092407226562,7000,0.0,0.0
2014-11-26 00:00:00+09:00,117.04091900541583,118.85550689697266,117.04091900541583,118.85550689697266,13000,0.0,0.0
2014-11-27 00:00:00+09:00,118.85550560584436,118.85550560584436,117.94821166992188,117.94821166992188,8000,0.0,0.0
2014-11-28 00:00:00+09:00,117.94821805732194,117.94821805732194,117.04092407226562,117.04092407226562,4000,0.0,0.0
2014-12-01 00:00:00+09:00,117.94821166992188,117.94821166992188,117.94821166992188,117.94821166992188,3000,0.0,0.0
2014-12-02 00:00:00+09:00,117.94821166992188,117.94821166992188,117.04091773399941,117.94821166992188,9000,0.0,0.0
2014-12-03 00:00:00+09:00,117.04092407226562,117.94821805732194,116.1336300872093,117.04092407226562,19000,0.0,0.0
2014-12-04 00:00:00+09:00,116.1336300872093,117.04092407226562,116.1336300872093,117.04092407226562,5000,0.0,0.0
2014-12-05 00:00:00+09:00,116.13362379807693,117.94821166992188,116.13362379807693,117.94821166992188,7000,0.0,0.0
2014-12-08 00:00:00+09:00,117.04092407226562,117.04092407226562,117.04092407226562,117.04092407226562,1000,0.0,0.0
2014-12-09 00:00:00+09:00,117.04092407226562,117.04092407226562,117.04092407226562,117.04092407226562,1000,0.0,0.0
2014-12-10 00:00:00+09:00,116.13362758366142,116.13362758366142,115.22633361816406,115.22633361816406,15000,0.0,0.0
2014-12-11 00:00:00+09:00,116.13363647460938,116.13363647460938,114.3190484046936,116.13363647460938,20000,0.0,0.0
2014-12-12 00:00:00+09:00,115.22633361816406,115.22633361816406,115.22633361816406,115.22633361816406,2000,0.0,0.0
2014-12-15 00:00:00+09:00,115.22633361816406,115.22633361816406,115.22633361816406,115.22633361816406,0,0.0,0.0
2014-12-16 00:00:00+09:00,115.22633361816406,115.22633361816406,115.22633361816406,115.22633361816406,3000,0.0,0.0
2014-12-17 00:00:00+09:00,115.22634655761719,115.22634655761719,113.41175842285156,113.41175842285156,4000,0.0,0.0
2014-12-18 00:00:00+09:00,114.31903965266672,115.22633361816406,114.31903965266672,115.22633361816406,8000,0.0,0.0
2014-12-19 00:00:00+09:00,115.2263323465983,115.2263323465983,114.31903839111328,114.31903839111328,19000,0.0,0.0
2014-12-22 00:00:00+09:00,115.2263323465983,115.2263323465983,114.31903839111328,114.31903839111328,22000,0.0,0.0
2014-12-24 00:00:00+09:00,116.13362630208333,116.13362630208333,114.31903839111328,114.31903839111328,23000,0.0,0.0
2014-12-25 00:00:00+09:00,115.22633361816406,117.94821551465613,114.31903965266672,115.22633361816406,14000,0.0,0.0
2014-12-26 00:00:00+09:00,117.94821166992188,117.94821166992188,117.94821166992188,117.94821166992188,2000,0.0,0.0
2014-12-29 00:00:00+09:00,117.94821166992188,117.94821166992188,117.94821166992188,117.94821166992188,0,0.0,0.0
2014-12-30 00:00:00+09:00,116.1336300872093,117.04092407226562,116.1336300872093,117.04092407226562,4000,0.0,0.0
2015-01-05 00:00:00+09:00,116.13363647460938,116.13363647460938,116.13363647460938,116.13363647460938,1000,0.0,0.0
2015-01-06 00:00:00+09:00,116.13362758366142,116.13362758366142,115.22633361816406,115.22633361816406,7000,0.0,0.0
2015-01-07 00:00:00+09:00,115.22633361816406,115.22633361816406,115.22633361816406,115.22633361816406,1000,0.0,0.0
2015-01-08 00:00:00+09:00,115.22633610215297,117.04092407226562,115.22633610215297,117.04092407226562,3000,0.0,0.0
2015-01-09 00:00:00+09:00,117.04091773399941,117.94821166992188,117.04091773399941,117.94821166992188,10000,0.0,0.0
2015-01-13 00:00:00+09:00,117.94821166992188,124.2992692213792,117.94821166992188,117.94821166992188,56000,0.0,0.0
2015-01-14 00:00:00+09:00,117.04092407226562,117.94821805732194,117.04092407226562,117.04092407226562,4000,0.0,0.0
2015-01-15 00:00:00+09:00,117.94821166992188,117.94821166992188,117.04091773399941,117.94821166992188,5000,0.0,0.0
2015-01-16 00:00:00+09:00,117.94821805732194,118.85551204237827,117.04092407226562,117.04092407226562,8000,0.0,0.0
2015-01-19 00:00:00+09:00,119.76280084275108,119.76280084275108,117.04091900541583,118.85550689697266,9000,0.0,0.0
2015-01-20 00:00:00+09:00,118.85550560584436,118.85550560584436,117.94821166992188,117.94821166992188,17000,0.0,0.0
2015-01-21 00:00:00+09:00,117.94821805732194,117.94821805732194,117.04092407226562,117.04092407226562,4000,0.0,0.0
2015-01-22 00:00:00+09:00,117.04091773399941,117.94821166992188,117.04091773399941,117.94821166992188,3000,0.0,0.0
2015-01-23 00:00:00+09:00,117.94821805732194,117.94821805732194,117.04092407226562,117.04092407226562,4000,0.0,0.0
2015-01-26 00:00:00+09:00,118.85550689697266,118.85550689697266,117.94821295119425,118.85550689697266,5000,0.0,0.0
2015-01-27 00:00:00+09:00,118.85550689697266,118.85550689697266,117.04091900541583,118.85550689697266,10000,0.0,0.0
2015-01-28 00:00:00+09:00,118.85550689697266,118.85550689697266,118.85550689697266,118.85550689697266,2000,0.0,0.0
2015-01-29 00:00:00+09:00,116.13362379807693,117.94821166992188,116.13362379807693,117.94821166992188,57000,0.0,0.0
2015-01-30 00:00:00+09:00,118.85550689697266,119.76280084275108,117.94821295119425,118.85550689697266,18000,0.0,0.0
2015-02-02 00:00:00+09:00,117.94821805732194,117.94821805732194,117.04092407226562,117.04092407226562,6000,0.0,0.0
2015-02-03 00:00:00+09:00,116.13363647460938,116.13363647460938,116.13363647460938,116.13363647460938,4000,0.0,0.0
2015-02-04 00:00:00+09:00,116.13363647460938,117.04093050956726,116.13363647460938,116.13363647460938,9000,0.0,0.0
2015-02-05 00:00:00+09:00,115.22633361816406,116.13362758366142,114.31903965266672,115.22633361816406,20000,0.0,0.0
2015-02-06 00:00:00+09:00,116.13362379807693,118.85550560584436,115.22632986215444,117.94821166992188,26000,0.0,0.0
2015-02-09 00:00:00+09:00,117.94821166992188,117.94821166992188,117.04091773399941,117.94821166992188,13000,0.0,0.0
2015-02-10 00:00:00+09:00,117.04092407226562,117.04092407226562,116.1336300872093,117.04092407226562,4000,0.0,0.0
2015-02-12 00:00:00+09:00,117.04091773399941,117.94821166992188,117.04091773399941,117.94821166992188,3000,0.0,0.0
2015-02-13 00:00:00+09:00,117.04091773399941,117.94821166992188,116.13362379807693,117.94821166992188,3000,0.0,0.0
2015-02-16 00:00:00+09:00,117.04091773399941,117.94821166992188,117.04091773399941,117.94821166992188,3000,0.0,0.0
2015-02-17 00:00:00+09:00,117.94821166992188,117.94821166992188,117.04091773399941,117.94821166992188,14000,0.0,0.0
2015-02-18 00:00:00+09:00,117.94821295119425,118.85550689697266,117.94821295119425,118.85550689697266,6000,0.0,0.0
2015-02-19 00:00:00+09:00,118.8555081685384,119.76280212402344,118.8555081685384,119.76280212402344,20000,0.0,0.0
2015-02-20 00:00:00+09:00,120.67009735107422,120.67009735107422,118.85550942098288,120.67009735107422,21000,0.0,0.0
2015-02-23 00:00:00+09:00,120.67009607950845,121.57739003499348,119.76280212402344,119.76280212402344,6000,0.0,0.0
2015-02-24 00:00:00+09:00,118.8555081685384,120.67009607950845,118.8555081685384,119.76280212402344,14000,0.0,0.0
2015-02-25 00:00:00+09:00,121.57738494873047,135.18679371164805,121.57738494873047,121.57738494873047,439000,0.0,0.0
2015-02-26 00:00:00+09:00,122.48469025549228,126.11386626306242,119.76280824981467,124.29927825927734,65000,0.0,0.0
2015-02-27 00:00:00+09:00,126.11387634277344,136.0941111612663,125.206582268365,126.11387634277344,377000,0.0,0.0
2015-03-02 00:00:00+09:00,123.39197278378614,126.11385453636966,120.67009103120263,121.57738494873047,80000,0.0,0.0
2015-03-03 00:00:00+09:00,122.48468017578125,123.39197410300926,122.48468017578125,122.48468017578125,13000,0.0,0.0
2015-03-04 00:00:00+09:00,122.48468017578125,122.48468017578125,122.48468017578125,122.48468017578125,4000,0.0,0.0
2015-03-05 00:00:00+09:00,121.57738624855324,123.39197410300926,121.57738624855324,122.48468017578125,7000,0.0,0.0
2015-03-06 00:00:00+09:00,123.39199829101562,124.29929239609663,122.48470418593463,123.39199829101562,18000,0.0,0.0
2015-03-09 00:00:00+09:00,124.29927825927734,124.29927825927734,121.57739625359974,124.29927825927734,11000,0.0,0.0
2015-03-10 00:00:00+09:00,124.29927825927734,124.29927825927734,124.29927825927734,124.29927825927734,0,0.0,0.0
2015-03-11 00:00:00+09:00,123.39197278378614,123.39197278378614,120.67009103120263,121.57738494873047,27000,0.0,0.0
2015-03-12 00:00:00+09:00,122.48468017578125,123.39197410300926,121.57738624855324,122.48468017578125,7000,0.0,0.0
2015-03-13 00:00:00+09:00,122.48469025549228,124.29927825927734,122.48469025549228,124.29927825927734,7000,0.0,0.0
2015-03-16 00:00:00+09:00,124.29929239609663,124.29929239609663,121.57741008085364,123.39199829101562,27000,0.0,0.0
2015-03-17 00:00:00+09:00,124.29929239609663,124.29929239609663,122.48470418593463,123.39199829101562,10000,0.0,0.0
2015-03-18 00:00:00+09:00,124.2992870496667,125.20658111572266,123.39199298361073,125.20658111572266,8000,0.0,0.0
2015-03-19 00:00:00+09:00,125.206582268365,126.11387634277344,124.29928819395656,126.11387634277344,10000,0.0,0.0
2015-03-20 00:00:00+09:00,126.11387518177862,126.11387518177862,124.2992870496667,125.20658111572266,17000,0.0,0.0
2015-03-23 00:00:00+09:00,125.206582268365,126.11387634277344,124.29928819395656,126.11387634277344,5000,0.0,0.0
2015-03-24 00:00:00+09:00,127.02117041718188,127.02117041718188,126.11387634277344,126.11387634277344,5000,0.0,0.0
2015-03-25 00:00:00+09:00,127.02116394042969,128.83575199672154,126.11386991228376,127.02116394042969,24000,0.0,0.0
2015-03-26 00:00:00+09:00,127.02117471133963,137.9087039723116,123.39199829101562,123.39199829101562,138000,0.0,0.0
2015-03-27 00:00:00+09:00,126.17526802007299,128.95854599110402,124.31974937271897,127.10302734375,18000,3.0,0.0
2015-03-30 00:00:00+09:00,127.10302734375,127.10302734375,127.10302734375,127.10302734375,0,0.0,0.0
2015-03-31 00:00:00+09:00,124.31974230314556,124.31974230314556,123.39198303222656,123.39198303222656,4000,0.0,0.0
2015-04-01 00:00:00+09:00,124.31973266601562,124.31973266601562,124.31973266601562,124.31973266601562,3000,0.0,0.0
2015-04-02 00:00:00+09:00,124.31973074453848,125.24748992919922,124.31973074453848,125.24748992919922,2000,0.0,0.0
2015-04-03 00:00:00+09:00,126.1752700805664,126.1752700805664,126.1752700805664,126.1752700805664,2000,0.0,0.0
2015-04-06 00:00:00+09:00,126.1752700805664,126.1752700805664,126.1752700805664,126.1752700805664,0,0.0,0.0
2015-04-07 00:00:00+09:00,128.03079772510117,130.81407593651642,128.03079772510117,128.95855712890625,13000,0.0,0.0
2015-04-08 00:00:00+09:00,129.88631653271133,129.88631653271133,128.95855712890625,128.95855712890625,4000,0.0,0.0
2015-04-09 00:00:00+09:00,129.88630814985794,134.52510486949572,129.88630814985794,132.66958618164062,47000,0.0,0.0
2015-04-10 00:00:00+09:00,131.74183654785156,131.74183654785156,129.88631772323393,131.74183654785156,27000,0.0,0.0
2015-04-13 00:00:00+09:00,132.6695959601604,133.5973553724692,131.74183654785156,131.74183654785156,19000,0.0,0.0
2015-04-14 00:00:00+09:00,133.59735414793164,133.59735414793164,128.95855712890625,128.95855712890625,27000,0.0,0.0
2015-04-15 00:00:00+09:00,130.81407165527344,133.59734977559842,130.81407165527344,130.81407165527344,9000,0.0,0.0
2015-04-16 00:00:00+09:00,132.66959205040564,177.2020425288635,132.66959205040564,156.7913360595703,9408000,0.0,0.0
2015-04-17 00:00:00+09:00,147.51372327804566,149.36924180984497,141.9471676826477,148.4414825439453,1681000,0.0,0.0
2015-04-20 00:00:00+09:00,144.73044943507713,146.58596801757812,139.1638936875742,146.58596801757812,221000,0.0,0.0
2015-04-21 00:00:00+09:00,144.73043995983195,162.35786533955508,143.80268072932023,147.5137176513672,376000,0.0,0.0
2015-04-22 00:00:00+09:00,146.58596953397952,152.15252533906735,146.58596953397952,149.36924743652344,115000,0.0,0.0
2015-04-23 00:00:00+09:00,158.6468302408854,158.6468302408854,147.51371934678818,150.2969970703125,195000,0.0,0.0
2015-04-24 00:00:00+09:00,148.44148413535277,152.15252123873657,148.44148413535277,151.22476196289062,39000,0.0,0.0
2015-04-27 00:00:00+09:00,152.1525237650811,152.1525237650811,146.58596801757812,146.58596801757812,28000,0.0,0.0
2015-04-28 00:00:00+09:00,151.2247527684921,151.2247527684921,144.73043823242188,144.73043823242188,38000,0.0,0.0
2015-04-30 00:00:00+09:00,146.5859856954435,152.1525421142578,145.65822629230777,152.1525421142578,32000,0.0,0.0
2015-05-01 00:00:00+09:00,145.65822629230777,152.1525421142578,144.73046688917208,152.1525421142578,67000,0.0,0.0
2015-05-07 00:00:00+09:00,149.36924589132963,149.36924589132963,146.58596801757812,146.58596801757812,17000,0.0,0.0
2015-05-08 00:00:00+09:00,147.51371934678818,154.93579327618633,146.58596010561342,150.2969970703125,66000,0.0,0.0
2015-05-11 00:00:00+09:00,152.1525138039259,152.1525138039259,146.58595842085546,147.5137176513672,14000,0.0,0.0
2015-05-12 00:00:00+09:00,146.58596801757812,146.58596801757812,145.65820872632764,146.58596801757812,9000,0.0,0.0
2015-05-13 00:00:00+09:00,146.58596801757812,146.58596801757812,145.65820872632764,146.58596801757812,6000,0.0,0.0
2015-05-14 00:00:00+09:00,146.58596238057325,148.44148089171975,145.658203125,145.658203125,26000,0.0,0.0
2015-05-15 00:00:00+09:00,145.65820872632764,148.44148660007912,144.73044943507713,146.58596801757812,14000,0.0,0.0
2015-05-18 00:00:00+09:00,144.73045199525123,144.73045199525123,141.94717407226562,141.94717407226562,33000,0.0,0.0
2015-05-19 00:00:00+09:00,141.94714930150417,143.80266759302708,141.94714930150417,142.87490844726562,17000,0.0,0.0
2015-05-20 00:00:00+09:00,143.80266759302708,144.73042673878857,142.87490844726562,142.87490844726562,17000,0.0,0.0
2015-05-21 00:00:00+09:00,145.65819745186047,145.65819745186047,141.94716057410608,144.73043823242188,18000,0.0,0.0
2015-05-22 00:00:00+09:00,141.94717407226562,141.94717407226562,141.94717407226562,141.94717407226562,12000,0.0,0.0
2015-05-25 00:00:00+09:00,143.8026885986328,143.8026885986328,143.8026885986328,143.8026885986328,12000,0.0,0.0
2015-05-26 00:00:00+09:00,143.8026846138535,147.5137216361465,142.87492535828025,145.658203125,22000,0.0,0.0
2015-05-27 00:00:00+09:00,142.8749293173513,143.8026885986328,141.9471700360698,143.8026885986328,30000,0.0,0.0
2015-05-28 00:00:00+09:00,143.8026885986328,144.73044787991432,143.8026885986328,143.8026885986328,16000,0.0,0.0
2015-05-29 00:00:00+09:00,144.73042673878857,144.73042673878857,141.94714930150417,142.87490844726562,17000,0.0,0.0
2015-06-01 00:00:00+09:00,141.94717407226562,142.8749333799275,141.94717407226562,141.94717407226562,6000,0.0,0.0
2015-06-02 00:00:00+09:00,141.94717407226562,143.80269268758937,141.94717407226562,141.94717407226562,5000,0.0,0.0
2015-06-03 00:00:00+09:00,143.80268699244448,143.80268699244448,140.0916499087685,141.0194091796875,21000,0.0,0.0
2015-06-04 00:00:00+09:00,140.0916554569419,141.94717407226562,140.0916554569419,141.94717407226562,5000,0.0,0.0
2015-06-05 00:00:00+09:00,141.94717407226562,141.94717407226562,141.94717407226562,141.94717407226562,1000,0.0,0.0
2015-06-08 00:00:00+09:00,142.8749333799275,142.8749333799275,141.94717407226562,141.94717407226562,2000,0.0,0.0
2015-06-09 00:00:00+09:00,140.0916499087685,142.8749277215255,140.0916499087685,141.0194091796875,11000,0.0,0.0
2015-06-10 00:00:00+09:00,141.0194091796875,142.8749277215255,140.0916499087685,141.0194091796875,4000,0.0,0.0
2015-06-11 00:00:00+09:00,142.87490844726562,143.80266759302708,141.94714930150417,142.87490844726562,9000,0.0,0.0
2015-06-12 00:00:00+09:00,143.80267901298328,144.73043823242188,143.80267901298328,144.73043823242188,14000,0.0,0.0
2015-06-15 00:00:00+09:00,144.73044943507713,146.58596801757812,143.80269014382665,146.58596801757812,17000,0.0,0.0
2015-06-16 00:00:00+09:00,146.58596801757812,147.51372730882863,145.65820872632764,146.58596801757812,12000,0.0,0.0
2015-06-17 00:00:00+09:00,147.51371934678818,156.79131175853587,146.58596010561342,150.2969970703125,94000,0.0,0.0
2015-06-18 00:00:00+09:00,150.29700107574462,150.29700107574462,148.4414825439453,148.4414825439453,12000,0.0,0.0
2015-06-19 00:00:00+09:00,148.44150159485946,160.5023735994418,148.44150159485946,156.7913360595703,170000,0.0,0.0
2015-06-22 00:00:00+09:00,156.79133051917668,156.79133051917668,154.00805246262325,155.8635711669922,39000,0.0,0.0
2015-06-23 00:00:00+09:00,154.93581601797817,154.93581601797817,153.08029726327183,154.008056640625,33000,0.0,0.0
2015-06-24 00:00:00+09:00,154.00806092052926,154.00806092052926,152.1525421142578,152.1525421142578,11000,0.0,0.0
2015-06-25 00:00:00+09:00,154.00805109197444,154.00805109197444,151.22477306019175,153.08029174804688,6000,0.0,0.0
2015-06-26 00:00:00+09:00,150.2969970703125,150.2969970703125,149.36923782913772,150.2969970703125,23000,0.0,0.0
2015-06-29 00:00:00+09:00,149.36923432961487,149.36923432961487,142.87491979354468,144.73043823242188,21000,0.0,0.0
2015-06-30 00:00:00+09:00,143.80269268758937,143.80269268758937,141.01941476460377,141.94717407226562,9000,0.0,0.0
2015-07-01 00:00:00+09:00,140.0916514735068,143.8026885986328,140.0916514735068,143.8026885986328,9000,0.0,0.0
2015-07-02 00:00:00+09:00,143.8026885986328,143.8026885986328,142.8749293173513,143.8026885986328,6000,0.0,0.0
2015-07-03 00:00:00+09:00,143.80266759302708,144.73042673878857,142.87490844726562,142.87490844726562,7000,0.0,0.0
2015-07-06 00:00:00+09:00,141.94717407226562,142.8749333799275,141.94717407226562,141.94717407226562,13000,0.0,0.0
2015-07-07 00:00:00+09:00,142.8749333799275,144.73045199525123,140.0916554569419,141.94717407226562,58000,0.0,0.0
2015-07-08 00:00:00+09:00,141.01942476313164,141.01942476313164,130.81407165527344,130.81407165527344,40000,0.0,0.0
2015-07-09 00:00:00+09:00,127.10302734375,127.10302734375,120.60871207801095,127.10302734375,52000,0.0,0.0
2015-07-10 00:00:00+09:00,125.24748992919922,126.17524911385995,124.31973074453848,125.24748992919922,23000,0.0,0.0
2015-07-13 00:00:00+09:00,125.24751951368593,128.95855712890625,125.24751951368593,128.95855712890625,20000,0.0,0.0
2015-07-14 00:00:00+09:00,132.66958754029991,136.3806249540146,132.66958754029991,135.45286560058594,61000,0.0,0.0
2015-07-15 00:00:00+09:00,137.30837050060296,138.2361297607422,134.52509272018534,138.2361297607422,11000,0.0,0.0
2015-07-16 00:00:00+09:00,138.23613535563152,139.1638946533203,138.23613535563152,139.1638946533203,6000,0.0,0.0
2015-07-17 00:00:00+09:00,139.1638850534199,140.09164428710938,137.308366586041,140.09164428710938,7000,0.0,0.0
2015-07-21 00:00:00+09:00,140.09164428710938,140.09164428710938,140.09164428710938,140.09164428710938,12000,0.0,0.0
2015-07-22 00:00:00+09:00,137.3083760579427,139.1638946533203,137.3083760579427,139.1638946533203,10000,0.0,0.0
2015-07-23 00:00:00+09:00,141.0194075411598,141.0194075411598,138.2361297607422,138.2361297607422,4000,0.0,0.0
2015-07-24 00:00:00+09:00,138.23613380899235,138.23613380899235,136.380615234375,136.380615234375,4000,0.0,0.0
2015-07-27 00:00:00+09:00,139.16389877731734,141.0194174276816,137.30838012695312,137.30838012695312,7000,0.0,0.0
2015-07-28 00:00:00+09:00,136.380615234375,136.380615234375,136.380615234375,136.380615234375,1000,0.0,0.0
2015-07-29 00:00:00+09:00,137.30838012695312,137.30838012695312,137.30838012695312,137.30838012695312,2000,0.0,0.0
2015-07-30 00:00:00+09:00,134.52510215140677,137.30838012695312,134.52510215140677,137.30838012695312,3000,0.0,0.0
2015-07-31 00:00:00+09:00,137.30838012695312,137.30838012695312,137.30838012695312,137.30838012695312,0,0.0,0.0
2015-08-03 00:00:00+09:00,134.525114784778,134.525114784778,131.74183654785156,131.74183654785156,2000,0.0,0.0
2015-08-04 00:00:00+09:00,129.88630743587717,129.88630743587717,124.31975140291101,126.1752700805664,18000,0.0,0.0
2015-08-05 00:00:00+09:00,127.10301382882254,129.88629150390625,127.10301382882254,129.88629150390625,5000,0.0,0.0
2015-08-06 00:00:00+09:00,128.95855712890625,128.95855712890625,128.95855712890625,128.95855712890625,1000,0.0,0.0
2015-08-07 00:00:00+09:00,129.88630948001392,143.80269978144398,129.88630948001392,135.45286560058594,62000,0.0,0.0
2015-08-10 00:00:00+09:00,137.30838012695312,141.0194174276816,137.30838012695312,137.30838012695312,16000,0.0,0.0
2015-08-11 00:00:00+09:00,135.45286147658888,138.23613945213523,135.45286147658888,137.30838012695312,15000,0.0,0.0
2015-08-12 00:00:00+09:00,135.45285594706633,137.30837452168367,135.45285594706633,136.380615234375,6000,0.0,0.0
2015-08-13 00:00:00+09:00,135.45286147658888,137.30838012695312,132.66958350104255,137.30838012695312,18000,0.0,0.0
2015-08-14 00:00:00+09:00,136.380615234375,136.380615234375,136.380615234375,136.380615234375,1000,0.0,0.0
2015-08-17 00:00:00+09:00,137.308366586041,141.01940352079885,137.308366586041,140.09164428710938,11000,0.0,0.0
2015-08-18 00:00:00+09:00,140.0916499087685,141.0194091796875,135.45285355417352,141.0194091796875,20000,0.0,0.0
2015-08-19 00:00:00+09:00,141.01941476460377,143.80269268758937,140.0916554569419,141.94717407226562,22000,0.0,0.0
2015-08-20 00:00:00+09:00,143.80269268758937,143.80269268758937,141.01941476460377,141.94717407226562,19000,0.0,0.0
2015-08-21 00:00:00+09:00,138.23612581973046,140.09164428710938,137.308366586041,140.09164428710938,5000,0.0,0.0
2015-08-24 00:00:00+09:00,135.45286125684308,135.45286125684308,127.10302734375,127.10302734375,28000,0.0,0.0
2015-08-25 00:00:00+09:00,119.68095252627418,124.31974913581969,115.04215591672866,116.89767456054688,27000,0.0,0.0
2015-08-26 00:00:00+09:00,118.75318667763158,123.39198303222656,118.75318667763158,123.39198303222656,9000,0.0,0.0
2015-08-27 00:00:00+09:00,132.66959040215676,134.52510914904005,130.81407165527344,130.81407165527344,37000,0.0,0.0
2015-08-28 00:00:00+09:00,132.66959040215676,132.66959040215676,128.95855290839012,130.81407165527344,10000,0.0,0.0
2015-08-31 00:00:00+09:00,128.95854599110402,130.81406463845804,127.10302734375,127.10302734375,6000,0.0,0.0
2015-09-01 00:00:00+09:00,125.24749186501575,125.24749186501575,124.31973266601562,124.31973266601562,15000,0.0,0.0
2015-09-02 00:00:00+09:00,121.53645319055627,125.24748992919922,121.53645319055627,125.24748992919922,5000,0.0,0.0
2015-09-03 00:00:00+09:00,126.1752700805664,126.1752700805664,126.1752700805664,126.1752700805664,2000,0.0,0.0
2015-09-04 00:00:00+09:00,124.31975064536397,124.31975064536397,119.68095397949219,119.68095397949219,16000,0.0,0.0
2015-09-07 00:00:00+09:00,117.82542390313768,121.53646087646484,117.82542390313768,121.53646087646484,8000,0.0,0.0
2015-09-08 00:00:00+09:00,118.75318908691406,118.75318908691406,118.75318908691406,118.75318908691406,1000,0.0,0.0
2015-09-09 00:00:00+09:00,118.75318314646947,124.31973860646022,117.82542390313768,121.53646087646484,20000,0.0,0.0
2015-09-10 00:00:00+09:00,121.5364726458409,121.5364726458409,116.89767597996911,119.68095397949219,15000,0.0,0.0
2015-09-11 00:00:00+09:00,119.68094837665558,121.53646695613861,117.82542979717255,118.75318908691406,18000,0.0,0.0
2015-09-14 00:00:00+09:00,120.6087076663971,120.6087076663971,118.75318908691406,118.75318908691406,7000,0.0,0.0
2015-09-15 00:00:00+09:00,120.60870361328125,120.60870361328125,120.60870361328125,120.60870361328125,6000,0.0,0.0
2015-09-16 00:00:00+09:00,120.60870163313305,121.53646087646484,116.89766465980588,121.53646087646484,36000,0.0,0.0
2015-09-17 00:00:00+09:00,122.46422624588013,122.46422624588013,115.96991121768951,118.75318908691406,53000,0.0,0.0
2015-09-18 00:00:00+09:00,118.75319464631782,120.60871331266654,118.75319464631782,119.68095397949219,11000,0.0,0.0
2015-09-24 00:00:00+09:00,122.46422011979664,122.46422011979664,120.60870163313305,121.53646087646484,23000,0.0,0.0
2015-09-25 00:00:00+09:00,122.46421813964844,123.3919773679791,122.46421813964844,122.46421813964844,14000,0.0,0.0
2015-09-28 00:00:00+09:00,120.60870521946957,123.39198303222656,120.60870521946957,123.39198303222656,6000,0.0,0.0
2015-09-29 00:00:00+09:00,120.60870974082647,120.60870974082647,117.82543182373047,117.82543182373047,9000,0.0,0.0
2015-09-30 00:00:00+09:00,118.75318509615384,120.60870361328125,118.75318509615384,120.60870361328125,4000,0.0,0.0
2015-10-01 00:00:00+09:00,120.60870163313305,121.53646087646484,120.60870163313305,121.53646087646484,4000,0.0,0.0
2015-10-02 00:00:00+09:00,119.68094238980126,121.53646087646484,119.68094238980126,121.53646087646484,2000,0.0,0.0
2015-10-05 00:00:00+09:00,121.53645891131777,122.46421813964844,121.53645891131777,122.46421813964844,6000,0.0,0.0
2015-10-06 00:00:00+09:00,122.46421813964844,122.46421813964844,122.46421813964844,122.46421813964844,0,0.0,0.0
2015-10-07 00:00:00+09:00,122.46422376130757,123.39198303222656,122.46422376130757,123.39198303222656,7000,0.0,0.0
2015-10-08 00:00:00+09:00,122.46422376130757,123.39198303222656,121.53646449038857,123.39198303222656,7000,0.0,0.0
2015-10-09 00:00:00+09:00,123.3919734670155,124.31973266601562,123.3919734670155,124.31973266601562,5000,0.0,0.0
2015-10-13 00:00:00+09:00,124.31973615373883,129.88629150390625,124.31973615373883,129.88629150390625,17000,0.0,0.0
2015-10-14 00:00:00+09:00,128.95854599110402,128.95854599110402,127.10302734375,127.10302734375,3000,0.0,0.0
2015-10-15 00:00:00+09:00,127.10302734375,127.10302734375,123.39199004904196,127.10302734375,9000,0.0,0.0
2015-10-16 00:00:00+09:00,125.24748992919922,127.10300829852069,125.24748992919922,125.24748992919922,17000,0.0,0.0
2015-10-19 00:00:00+09:00,127.10302734375,127.10302734375,126.17526802007299,127.10302734375,5000,0.0,0.0
2015-10-20 00:00:00+09:00,126.17526802007299,127.10302734375,126.17526802007299,127.10302734375,13000,0.0,0.0
2015-10-21 00:00:00+09:00,127.10302734375,127.10302734375,127.10302734375,127.10302734375,3000,0.0,0.0
2015-10-22 00:00:00+09:00,126.1752700805664,127.10302941939409,126.1752700805664,126.1752700805664,4000,0.0,0.0
2015-10-23 00:00:00+09:00,127.10302941939409,127.10302941939409,126.1752700805664,126.1752700805664,4000,0.0,0.0
2015-10-26 00:00:00+09:00,128.030786667427,128.030786667427,126.17526802007299,127.10302734375,5000,0.0,0.0
2015-10-27 00:00:00+09:00,127.10302734375,127.10302734375,127.10302734375,127.10302734375,1000,0.0,0.0
2015-10-28 00:00:00+09:00,127.10303416150681,131.7418310287151,127.10303416150681,130.81407165527344,29000,0.0,0.0
2015-10-29 00:00:00+09:00,130.81407713554276,131.74183654785156,128.95855831092513,131.74183654785156,5000,0.0,0.0
2015-10-30 00:00:00+09:00,131.74180995396205,131.74180995396205,129.88629150390625,129.88629150390625,3000,0.0,0.0
2015-11-02 00:00:00+09:00,131.74180995396205,132.66956917898995,129.88629150390625,129.88629150390625,10000,0.0,0.0
2015-11-04 00:00:00+09:00,129.88629150390625,129.88629150390625,129.88629150390625,129.88629150390625,2000,0.0,0.0
2015-11-05 00:00:00+09:00,130.81407165527344,130.81407165527344,130.81407165527344,130.81407165527344,2000,0.0,0.0
2015-11-06 00:00:00+09:00,129.88631228183178,132.66959040215676,129.88631228183178,130.81407165527344,8000,0.0,0.0
2015-11-09 00:00:00+09:00,130.8140674937855,133.5973455255682,130.8140674937855,132.66958618164062,13000,0.0,0.0
2015-11-10 00:00:00+09:00,132.66959040215676,132.66959040215676,129.88631228183178,130.81407165527344,8000,0.0,0.0
2015-11-11 00:00:00+09:00,130.81405072893415,131.74180995396205,129.88629150390625,129.88629150390625,4000,0.0,0.0
2015-11-12 00:00:00+09:00,129.88631772323393,131.74183654785156,129.88631772323393,131.74183654785156,2000,0.0,0.0
2015-11-13 00:00:00+09:00,132.6695959601604,132.6695959601604,129.88631772323393,131.74183654785156,3000,0.0,0.0
2015-11-16 00:00:00+09:00,130.81405072893415,130.81405072893415,129.88629150390625,129.88629150390625,2000,0.0,0.0
2015-11-17 00:00:00+09:00,132.66958618164062,132.66958618164062,132.66958618164062,132.66958618164062,1000,0.0,0.0
2015-11-18 00:00:00+09:00,132.66959040215676,132.66959040215676,129.88631228183178,130.81407165527344,14000,0.0,0.0
2015-11-19 00:00:00+09:00,132.66958350104255,137.30838012695312,132.66958350104255,137.30838012695312,45000,0.0,0.0
2015-11-20 00:00:00+09:00,136.380615234375,136.380615234375,133.59733737244898,136.380615234375,15000,0.0,0.0
2015-11-24 00:00:00+09:00,136.38062080177102,137.30838012695312,134.52510215140677,137.30838012695312,14000,0.0,0.0
2015-11-25 00:00:00+09:00,137.30838430744328,137.30838430744328,134.52510624715725,135.45286560058594,5000,0.0,0.0
2015-11-26 00:00:00+09:00,135.45284465921335,138.2361222891972,134.52508544921875,134.52508544921875,67000,0.0,0.0
2015-11-27 00:00:00+09:00,134.52510486949572,135.45286421342328,132.66958618164062,132.66958618164062,26000,0.0,0.0
2015-11-30 00:00:00+09:00,132.6695916917589,133.59735107421875,131.74183230929904,133.59735107421875,4000,0.0,0.0
2015-12-01 00:00:00+09:00,134.52510624715725,135.45286560058594,134.52510624715725,135.45286560058594,2000,0.0,0.0
2015-12-02 00:00:00+09:00,133.59735107421875,134.52511045667862,133.59735107421875,133.59735107421875,7000,0.0,0.0
2015-12-03 00:00:00+09:00,136.38061124046376,138.2361297607422,135.45285198032457,138.2361297607422,32000,0.0,0.0
2015-12-04 00:00:00+09:00,136.3806249540146,137.30838430744328,135.45286560058594,135.45286560058594,8000,0.0,0.0
2015-12-07 00:00:00+09:00,137.30837050060296,138.2361297607422,137.30837050060296,138.2361297607422,3000,0.0,0.0
2015-12-08 00:00:00+09:00,135.45285594706633,136.380615234375,135.45285594706633,136.380615234375,3000,0.0,0.0
2015-12-09 00:00:00+09:00,133.5973468937286,135.45286560058594,130.81406883344258,135.45286560058594,9000,0.0,0.0
2015-12-10 00:00:00+09:00,131.7418078192349,134.52508544921875,131.7418078192349,134.52508544921875,2000,0.0,0.0
2015-12-11 00:00:00+09:00,137.30838012695312,137.30838012695312,136.38062080177102,137.30838012695312,6000,0.0,0.0
2015-12-14 00:00:00+09:00,136.38062355735084,136.38062355735084,132.66958618164062,132.66958618164062,15000,0.0,0.0
2015-12-15 00:00:00+09:00,135.45286125684308,135.45286125684308,127.10302734375,127.10302734375,11000,0.0,0.0
2015-12-16 00:00:00+09:00,131.74180995396205,134.52508762904574,128.95853227887835,129.88629150390625,14000,0.0,0.0
2015-12-17 00:00:00+09:00,130.81407713554276,132.6695959601604,130.81407713554276,131.74183654785156,11000,0.0,0.0
2015-12-18 00:00:00+09:00,131.74183654785156,133.5973553724692,129.88631772323393,131.74183654785156,13000,0.0,0.0
2015-12-21 00:00:00+09:00,130.81407165527344,131.7418310287151,130.81407165527344,130.81407165527344,21000,0.0,0.0
2015-12-22 00:00:00+09:00,128.0307935349485,130.81407165527344,128.0307935349485,130.81407165527344,15000,0.0,0.0
2015-12-24 00:00:00+09:00,129.88629406645097,129.88629406645097,120.60870163313305,121.53646087646484,30000,0.0,0.0
2015-12-25 00:00:00+09:00,121.53646087646484,121.53646087646484,121.53646087646484,121.53646087646484,0,0.0,0.0
2015-12-28 00:00:00+09:00,125.24750869639598,127.10302734375,124.31974937271897,127.10302734375,9000,0.0,0.0
2015-12-29 00:00:00+09:00,127.10301772407864,128.03077697753906,127.10301772407864,128.03077697753906,4000,0.0,0.0
2015-12-30 00:00:00+09:00,128.0307887582218,128.0307887582218,121.53647338642793,126.1752700805664,11000,0.0,0.0
2016-01-04 00:00:00+09:00,127.10302734375,127.10302734375,127.10302734375,127.10302734375,1000,0.0,0.0
2016-01-05 00:00:00+09:00,127.10302734375,127.10302734375,127.10302734375,127.10302734375,0,0.0,0.0
2016-01-06 00:00:00+09:00,125.24749921715778,128.03077697753906,125.24749921715778,128.03077697753906,5000,0.0,0.0
2016-01-07 00:00:00+09:00,127.1030163364556,127.1030163364556,120.60870163313305,121.53646087646484,33000,0.0,0.0
2016-01-08 00:00:00+09:00,121.53645506901528,124.31973266601562,121.53645506901528,124.31973266601562,3000,0.0,0.0
2016-01-12 00:00:00+09:00,124.31973266601562,124.31973266601562,121.53645506901528,124.31973266601562,11000,0.0,0.0
2016-01-13 00:00:00+09:00,124.31973266601562,124.31973266601562,124.31973266601562,124.31973266601562,0,0.0,0.0
2016-01-14 00:00:00+09:00,122.46421813964844,122.46421813964844,119.68094045465642,122.46421813964844,10000,0.0,0.0
2016-01-15 00:00:00+09:00,122.46422011979664,125.24749784979201,121.53646087646484,121.53646087646484,11000,0.0,0.0
2016-01-18 00:00:00+09:00,119.68094238980126,121.53646087646484,118.75318314646947,121.53646087646484,10000,0.0,0.0
2016-01-19 00:00:00+09:00,121.53645891131777,124.31973659630977,117.82542199799508,122.46421813964844,31000,0.0,0.0
2016-01-20 00:00:00+09:00,124.31973860646022,124.31973860646022,121.53646087646484,121.53646087646484,17000,0.0,0.0
2016-01-21 00:00:00+09:00,118.7531875,121.53646533203124,115.96990966796875,115.96990966796875,15000,0.0,0.0
2016-01-22 00:00:00+09:00,117.82543531314346,119.68095397949219,117.82543531314346,119.68095397949219,3000,0.0,0.0
2016-01-25 00:00:00+09:00,121.5364726458409,121.5364726458409,115.96991664679474,119.68095397949219,26000,0.0,0.0
2016-01-26 00:00:00+09:00,116.89766657902643,120.60870361328125,116.89766657902643,120.60870361328125,4000,0.0,0.0
2016-01-27 00:00:00+09:00,121.53646287184495,121.53646287184495,120.60870361328125,120.60870361328125,3000,0.0,0.0
2016-01-28 00:00:00+09:00,120.60870163313305,121.53646087646484,116.89766465980588,121.53646087646484,7000,0.0,0.0
2016-01-29 00:00:00+09:00,121.53646287184495,122.46422213040864,120.60870361328125,120.60870361328125,4000,0.0,0.0
2016-02-01 00:00:00+09:00,122.4642142680154,124.31973266601562,121.53645506901528,124.31973266601562,7000,0.0,0.0
2016-02-02 00:00:00+09:00,121.53646287184495,123.39198138897235,120.60870361328125,120.60870361328125,15000,0.0,0.0
2016-02-03 00:00:00+09:00,120.60870974082647,120.60870974082647,116.89767251803181,117.82543182373047,16000,0.0,0.0
2016-02-04 00:00:00+09:00,116.89766657902643,120.60870361328125,115.96990732046274,120.60870361328125,16000,0.0,0.0
2016-02-05 00:00:00+09:00,117.8254182730148,124.31973266601562,117.8254182730148,124.31973266601562,46000,0.0,0.0
2016-02-08 00:00:00+09:00,121.53646449038857,125.24750157406456,116.89766813579358,123.39198303222656,32000,0.0,0.0
2016-02-09 00:00:00+09:00,121.53645891131777,122.46421813964844,118.75318122632575,122.46421813964844,29000,0.0,0.0
2016-02-10 00:00:00+09:00,121.53646087646484,121.53646087646484,117.82542390313768,121.53646087646484,23000,0.0,0.0
2016-02-12 00:00:00+09:00,117.8254286710881,117.8254286710881,111.33111370496513,112.25887298583984,16000,0.0,0.0
2016-02-15 00:00:00+09:00,114.11439111328124,115.96990966796875,113.18663183593749,115.96990966796875,23000,0.0,0.0
2016-02-16 00:00:00+09:00,116.89767456054688,116.89767456054688,115.96991523863777,116.89767456054688,9000,0.0,0.0
2016-02-17 00:00:00+09:00,120.60871207801095,141.0194171989051,120.60871207801095,127.10302734375,425000,0.0,0.0
2016-02-18 00:00:00+09:00,128.9585286610162,128.9585286610162,123.3919734670155,124.31973266601562,77000,0.0,0.0
2016-02-19 00:00:00+09:00,125.24749582464044,125.24749582464044,120.6086996829871,122.46421813964844,24000,0.0,0.0
2016-02-22 00:00:00+09:00,124.31974230314556,124.31974230314556,120.60870521946957,123.39198303222656,42000,0.0,0.0
2016-02-23 00:00:00+09:00,124.31974937271897,127.10302734375,122.46423072536497,127.10302734375,16000,0.0,0.0
2016-02-24 00:00:00+09:00,125.24750869639598,127.10302734375,124.31974937271897,127.10302734375,26000,0.0,0.0
2016-02-25 00:00:00+09:00,128.03077697753906,128.9585362309995,127.10301772407864,128.03077697753906,38000,0.0,0.0
2016-02-26 00:00:00+09:00,128.030786667427,128.030786667427,127.10302734375,127.10302734375,13000,0.0,0.0
2016-02-29 00:00:00+09:00,127.10302734375,128.030786667427,127.10302734375,127.10302734375,6000,0.0,0.0
2016-03-01 00:00:00+09:00,131.7418353403215,140.09166997456722,127.10303832129608,128.95855712890625,240000,0.0,0.0
2016-03-02 00:00:00+09:00,133.5973455255682,133.5973455255682,130.8140674937855,132.66958618164062,50000,0.0,0.0
2016-03-03 00:00:00+09:00,133.59735107421875,134.52511045667862,133.59735107421875,133.59735107421875,11000,0.0,0.0
2016-03-04 00:00:00+09:00,133.5973455255682,133.5973455255682,131.74182683771306,132.66958618164062,10000,0.0,0.0
2016-03-07 00:00:00+09:00,130.81407165527344,132.66959040215676,130.81407165527344,130.81407165527344,7000,0.0,0.0
2016-03-08 00:00:00+09:00,129.88631228183178,130.81407165527344,129.88631228183178,130.81407165527344,7000,0.0,0.0
2016-03-09 00:00:00+09:00,129.88631228183178,130.81407165527344,129.88631228183178,130.81407165527344,6000,0.0,0.0
2016-03-10 00:00:00+09:00,131.74182683771306,132.66958618164062,130.8140674937855,132.66958618164062,8000,0.0,0.0
2016-03-11 00:00:00+09:00,130.81407165527344,130.81407165527344,129.88631228183178,130.81407165527344,11000,0.0,0.0
2016-03-14 00:00:00+09:00,130.81407713554276,131.74183654785156,130.81407713554276,131.74183654785156,4000,0.0,0.0
2016-03-15 00:00:00+09:00,129.88629150390625,131.74180995396205,128.95853227887835,129.88629150390625,14000,0.0,0.0
2016-03-16 00:00:00+09:00,131.74182683771306,132.66958618164062,128.95854880593038,132.66958618164062,23000,0.0,0.0
2016-03-17 00:00:00+09:00,133.5973553724692,133.5973553724692,130.81407713554276,131.74183654785156,7000,0.0,0.0
2016-03-18 00:00:00+09:00,130.81407713554276,132.6695959601604,130.81407713554276,131.74183654785156,12000,0.0,0.0
2016-03-22 00:00:00+09:00,133.59735107421875,133.59735107421875,133.59735107421875,133.59735107421875,13000,0.0,0.0
2016-03-23 00:00:00+09:00,132.66958618164062,133.5973455255682,130.8140674937855,132.66958618164062,8000,0.0,0.0
2016-03-24 00:00:00+09:00,132.66958618164062,133.5973455255682,129.88630814985794,132.66958618164062,28000,0.0,0.0
2016-03-25 00:00:00+09:00,132.66958618164062,132.66958618164062,132.66958618164062,132.66958618164062,9000,0.0,0.0
2016-03-28 00:00:00+09:00,132.6695670292295,134.52508544921875,132.6695670292295,134.52508544921875,24000,0.0,0.0
2016-03-29 00:00:00+09:00,141.06451416015625,141.9987162406871,137.3277058380329,141.06451416015625,107000,1.0,0.0
2016-03-30 00:00:00+09:00,140.13030312278056,143.8671112060547,139.196101101962,143.8671112060547,50000,0.0,0.0
2016-03-31 00:00:00+09:00,143.86711252471548,155.0775368772907,143.86711252471548,151.34072875976562,101000,0.0,0.0
2016-04-01 00:00:00+09:00,150.40652535178447,151.340727372603,142.93290918523616,143.8671112060547,87500,0.0,0.0
2016-04-04 00:00:00+09:00,141.06450585605336,144.80131395820047,137.32769775390625,137.32769775390625,22800,0.0,0.0
2016-04-05 00:00:00+09:00,138.26190906100803,141.06451532575818,134.5251007080078,134.5251007080078,23100,0.0,0.0
2016-04-06 00:00:00+09:00,132.6566965315077,135.45930279625787,132.6566965315077,134.5251007080078,4300,0.0,0.0
2016-04-07 00:00:00+09:00,136.3935089111328,136.3935089111328,136.3935089111328,136.3935089111328,600,0.0,0.0
2016-04-08 00:00:00+09:00,136.3935089111328,136.3935089111328,136.3935089111328,136.3935089111328,1300,0.0,0.0
2016-04-11 00:00:00+09:00,134.52510467947346,136.3935089111328,134.52510467947346,136.3935089111328,1000,0.0,0.0
2016-04-12 00:00:00+09:00,137.3277110269625,137.3277110269625,132.6567004478141,136.3935089111328,3700,0.0,0.0
2016-04-13 00:00:00+09:00,137.32769775390625,138.26189977944304,133.59088965175914,137.32769775390625,14200,0.0,0.0
2016-04-14 00:00:00+09:00,138.26189977944304,138.26189977944304,137.32769775390625,137.32769775390625,6100,0.0,0.0
2016-04-15 00:00:00+09:00,136.3935089111328,136.3935089111328,136.3935089111328,136.3935089111328,2300,0.0,0.0
2016-04-18 00:00:00+09:00,136.39350282895816,136.39350282895816,130.78829038393246,133.5908966064453,20300,0.0,0.0
2016-04-19 00:00:00+09:00,135.45928955078125,135.45928955078125,129.8540775693696,135.45928955078125,26700,0.0,0.0
2016-04-20 00:00:00+09:00,133.59090993102166,134.52511209837147,131.72250559632207,132.65670776367188,26800,0.0,0.0
2016-04-21 00:00:00+09:00,135.4593007547872,135.4593007547872,132.65669453227437,133.5908966064453,1900,0.0,0.0
2016-04-22 00:00:00+09:00,133.59088555697736,137.32769354458512,131.7224815631735,135.45928955078125,8700,0.0,0.0
2016-04-25 00:00:00+09:00,136.3934915476832,137.32769354458512,135.45928955078125,135.45928955078125,14500,0.0,0.0
2016-04-26 00:00:00+09:00,135.4593122766373,135.4593122766373,128.91989720121342,131.72250366210938,20100,0.0,0.0
2016-04-27 00:00:00+09:00,131.72249971019278,139.19611671502642,126.11728695656755,129.85409545898438,103500,0.0,0.0
2016-04-28 00:00:00+09:00,128.91987745496962,130.78828147605614,124.24886740225332,126.11727142333984,24400,0.0,0.0
2016-05-02 00:00:00+09:00,123.3146558163771,125.18305969238281,123.3146558163771,125.18305969238281,7200,0.0,0.0
2016-05-06 00:00:00+09:00,127.05148515910128,127.98568725585938,125.18308096558508,127.98568725585938,8500,0.0,0.0
2016-05-09 00:00:00+09:00,127.98568208949771,129.8540862075926,117.709459439976,118.64366149902344,102000,0.0,0.0
2016-05-10 00:00:00+09:00,118.64366149902344,119.57786355807086,116.77525738092858,118.64366149902344,48300,0.0,0.0
2016-05-11 00:00:00+09:00,118.64366352558136,119.57786560058594,117.70946145057678,119.57786560058594,10400,0.0,0.0
2016-05-12 00:00:00+09:00,119.57786207932692,123.31467026930589,117.70945798433743,121.4462661743164,98200,0.0,0.0
2016-05-13 00:00:00+09:00,120.51206068559127,125.18307078968395,120.51206068559127,123.31466674804688,23500,0.0,0.0
2016-05-16 00:00:00+09:00,122.38047182559967,122.38047182559967,119.57786560058594,119.57786560058594,37600,0.0,0.0
2016-05-17 00:00:00+09:00,120.51206561711828,120.51206561711828,117.709459439976,118.64366149902344,17100,0.0,0.0
2016-05-18 00:00:00+09:00,119.57786923363095,119.57786923363095,115.84106082007999,117.70946502685547,27900,0.0,0.0
2016-05-19 00:00:00+09:00,118.64366352558136,119.57786560058594,117.70946145057678,119.57786560058594,13300,0.0,0.0
2016-05-20 00:00:00+09:00,120.51206767559052,120.51206767559052,117.70946145057678,119.57786560058594,31600,0.0,0.0
2016-05-23 00:00:00+09:00,119.57786560058594,120.51206767559052,118.64366352558136,119.57786560058594,15000,0.0,0.0
2016-05-24 00:00:00+09:00,119.57786761143412,120.51206970214844,118.6436655207198,120.51206970214844,13000,0.0,0.0
2016-05-25 00:00:00+09:00,121.44627179286277,121.44627179286277,119.57786761143412,120.51206970214844,9000,0.0,0.0
2016-05-26 00:00:00+09:00,121.44626975059509,121.44626975059509,118.64366352558136,119.57786560058594,9300,0.0,0.0
2016-05-27 00:00:00+09:00,120.51206767559052,120.51206767559052,119.57786560058594,119.57786560058594,4200,0.0,0.0
2016-05-30 00:00:00+09:00,120.51206970214844,120.51206970214844,119.57786761143412,120.51206970214844,3700,0.0,0.0
2016-05-31 00:00:00+09:00,120.51206412682166,121.4462661743164,119.57786207932692,121.4462661743164,7600,0.0,0.0
2016-06-01 00:00:00+09:00,120.51206970214844,120.51206970214844,118.6436655207198,120.51206970214844,9300,0.0,0.0
2016-06-02 00:00:00+09:00,119.57786355807086,119.57786355807086,118.64366149902344,118.64366149902344,14800,0.0,0.0
2016-06-03 00:00:00+09:00,118.64366149902344,119.57786355807086,118.64366149902344,118.64366149902344,1900,0.0,0.0
2016-06-06 00:00:00+09:00,117.70946145057678,119.57786560058594,117.70946145057678,119.57786560058594,7400,0.0,0.0
2016-06-07 00:00:00+09:00,119.57786560058594,119.57786560058594,117.70946145057678,119.57786560058594,2300,0.0,0.0
2016-06-08 00:00:00+09:00,117.70946145057678,119.57786560058594,117.70946145057678,119.57786560058594,2000,0.0,0.0
2016-06-09 00:00:00+09:00,120.51206561711828,120.51206561711828,118.64366149902344,118.64366149902344,3900,0.0,0.0
2016-06-10 00:00:00+09:00,120.51206561711828,120.51206561711828,117.709459439976,118.64366149902344,5100,0.0,0.0
2016-06-13 00:00:00+09:00,115.84105631510417,116.77525838216147,112.104248046875,112.104248046875,31500,0.0,0.0
2016-06-14 00:00:00+09:00,112.10424178685898,112.10424178685898,107.43323171240652,109.3016357421875,28500,0.0,0.0
2016-06-15 00:00:00+09:00,110.23585510253906,111.170057264425,109.30165294065314,110.23585510253906,5700,0.0,0.0
2016-06-16 00:00:00+09:00,110.23585087912423,110.23585087912423,104.6306381225586,104.6306381225586,16600,0.0,0.0
2016-06-17 00:00:00+09:00,106.49903514467437,108.36743927001953,105.56483308200178,108.36743927001953,5800,0.0,0.0
2016-06-20 00:00:00+09:00,111.17004545803728,111.17004545803728,108.36743927001953,108.36743927001953,25600,0.0,0.0
2016-06-21 00:00:00+09:00,107.4332486168813,111.170057264425,107.4332486168813,110.23585510253906,3300,0.0,0.0
2016-06-22 00:00:00+09:00,109.30163714760228,109.30163714760228,105.56482903999195,106.49903106689453,12600,0.0,0.0
2016-06-23 00:00:00+09:00,108.36743372729701,109.3016357421875,107.43323171240652,109.3016357421875,3700,0.0,0.0
2016-06-24 00:00:00+09:00,110.23583027232777,110.23583027232777,102.76221466064453,102.76221466064453,23200,0.0,0.0
2016-06-27 00:00:00+09:00,106.49903667078608,106.49903667078608,102.76222836654799,105.56483459472656,11000,0.0,0.0
2016-06-28 00:00:00+09:00,106.49903106689453,106.49903106689453,106.49903106689453,106.49903106689453,400,0.0,0.0
2016-06-29 00:00:00+09:00,106.49903312351393,108.36743721340014,105.56483107857083,107.43323516845703,12700,0.0,0.0
2016-06-30 00:00:00+09:00,109.30163313702839,114.90684509277344,108.36743114440421,114.90684509277344,40300,0.0,0.0
2016-07-01 00:00:00+09:00,114.90686003099971,114.90686003099971,110.23584946063386,111.17005157470703,11700,0.0,0.0
2016-07-04 00:00:00+09:00,111.17005157470703,112.1042536887802,111.17005157470703,111.17005157470703,4600,0.0,0.0
2016-07-05 00:00:00+09:00,113.97264310014926,114.90684509277344,112.1042391149009,114.90684509277344,10700,0.0,0.0
2016-07-06 00:00:00+09:00,113.97264310014926,114.90684509277344,113.03844110752509,114.90684509277344,2300,0.0,0.0
2016-07-07 00:00:00+09:00,113.97264862060547,113.97264862060547,113.97264862060547,113.97264862060547,1400,0.0,0.0
2016-07-08 00:00:00+09:00,114.90684718470419,115.84104919433594,114.90684718470419,115.84104919433594,17100,0.0,0.0
2016-07-11 00:00:00+09:00,115.84104919433594,115.84104919433594,115.84104919433594,115.84104919433594,0,0.0,0.0
2016-07-12 00:00:00+09:00,122.38046973521314,124.248873853308,113.97265120378628,118.64366149902344,105900,0.0,0.0
2016-07-13 00:00:00+09:00,120.5120713370187,120.5120713370187,116.77526292346772,117.70946502685547,9100,0.0,0.0
2016-07-14 00:00:00+09:00,119.57786066729324,133.59089121424165,119.57786066729324,124.24887084960938,580700,0.0,0.0
2016-07-15 00:00:00+09:00,123.31467764718191,123.31467764718191,116.77526292346772,117.70946502685547,66300,0.0,0.0
2016-07-19 00:00:00+09:00,119.57786923363095,119.57786923363095,115.84106082007999,117.70946502685547,17600,0.0,0.0
2016-07-20 00:00:00+09:00,118.64365522323115,118.64365522323115,114.90684718470419,115.84104919433594,20800,0.0,0.0
2016-07-21 00:00:00+09:00,116.77524907802179,117.70945107064595,113.97264310014926,114.90684509277344,23600,0.0,0.0
2016-07-22 00:00:00+09:00,113.03844451904297,116.77525260231712,113.03844451904297,113.03844451904297,14000,0.0,0.0
2016-07-25 00:00:00+09:00,115.84104919433594,115.84104919433594,113.03844316544071,115.84104919433594,12100,0.0,0.0
2016-07-26 00:00:00+09:00,114.90685065847929,116.7752547342269,113.97264862060547,113.97264862060547,8300,0.0,0.0
2016-07-27 00:00:00+09:00,114.90684718470419,117.70945321359942,114.90684718470419,115.84104919433594,10300,0.0,0.0
2016-07-28 00:00:00+09:00,116.77526092529297,120.51206927490234,115.84105883789063,116.77526092529297,28800,0.0,0.0
2016-07-29 00:00:00+09:00,116.77525789683102,122.3804702758789,113.03844964413243,122.3804702758789,33100,0.0,0.0
2016-08-01 00:00:00+09:00,120.51206767559052,122.38047182559967,116.7752593755722,119.57786560058594,19000,0.0,0.0
2016-08-02 00:00:00+09:00,121.44627344040643,121.44627344040643,117.70946502685547,117.70946502685547,5400,0.0,0.0
2016-08-03 00:00:00+09:00,118.64366202318031,122.3804702758789,118.64366202318031,122.3804702758789,17900,0.0,0.0
2016-08-04 00:00:00+09:00,125.18307698567709,162.55115966796876,124.24887491861979,140.13031005859375,7111600,0.0,0.0
2016-08-05 00:00:00+09:00,136.39350357974868,164.41956595914908,135.45930150043532,155.07754516601562,10280400,0.0,0.0
2016-08-08 00:00:00+09:00,157.8801482376779,161.6169564799898,137.32770290496242,146.6697235107422,5993600,0.0,0.0
2016-08-09 00:00:00+09:00,135.4593122766373,137.32771658390126,127.05149289394946,131.72250366210938,1309500,0.0,0.0
2016-08-10 00:00:00+09:00,129.85409144937557,129.85409144937557,127.05148515910128,127.98568725585938,237100,0.0,0.0
2016-08-12 00:00:00+09:00,127.05148908217176,135.45930821260959,127.05148908217176,129.85409545898438,498900,0.0,0.0
2016-08-15 00:00:00+09:00,129.85409719803755,129.85409719803755,127.0514907836914,127.0514907836914,66700,0.0,0.0
2016-08-16 00:00:00+09:00,129.85409719803755,131.72250147426828,127.0514907836914,127.0514907836914,63800,0.0,0.0
2016-08-17 00:00:00+09:00,129.85409144937557,129.85409144937557,127.05148515910128,127.98568725585938,28600,0.0,0.0
2016-08-18 00:00:00+09:00,127.0514907836914,127.98569292180679,127.0514907836914,127.0514907836914,34500,0.0,0.0
2016-08-19 00:00:00+09:00,127.05148515910128,136.39350612668224,126.11728306234318,127.98568725585938,182200,0.0,0.0
2016-08-22 00:00:00+09:00,129.85409346870753,129.85409346870753,127.9856892461362,128.91989135742188,27300,0.0,0.0
2016-08-23 00:00:00+09:00,130.78829758458858,130.78829758458858,126.11728695656755,129.85409545898438,41200,0.0,0.0
2016-08-24 00:00:00+09:00,127.98569120777597,129.85409545898438,127.98569120777597,129.85409545898438,12800,0.0,0.0
2016-08-25 00:00:00+09:00,130.7883015084774,131.72250366210938,127.98569504758144,131.72250366210938,19800,0.0,0.0
2016-08-26 00:00:00+09:00,131.72250366210938,131.72250366210938,128.91989720121342,131.72250366210938,12800,0.0,0.0
2016-08-29 00:00:00+09:00,131.72250559632207,134.52511209837147,131.72250559632207,132.65670776367188,58200,0.0,0.0
2016-08-30 00:00:00+09:00,134.5250875538793,135.45928955078125,132.65668356007544,135.45928955078125,21700,0.0,0.0
2016-08-31 00:00:00+09:00,135.45930550768483,142.93292236328125,135.45930550768483,142.93292236328125,82000,0.0,0.0
2016-09-01 00:00:00+09:00,144.8013224822796,144.8013224822796,139.19610999909457,141.06451416015625,43600,0.0,0.0
2016-09-02 00:00:00+09:00,141.06451006383705,141.99871211723993,138.26190390362837,139.19610595703125,37300,0.0,0.0
2016-09-05 00:00:00+09:00,139.1961018049798,139.1961018049798,134.52509167729593,137.32769775390625,27900,0.0,0.0
2016-09-06 00:00:00+09:00,140.13030312278056,144.80131322687322,137.32769706032494,143.8671112060547,74900,0.0,0.0
2016-09-07 00:00:00+09:00,141.99871211723993,141.99871211723993,139.19610595703125,139.19610595703125,14100,0.0,0.0
2016-09-08 00:00:00+09:00,137.3277110269625,139.19611525862186,136.3935089111328,136.3935089111328,11600,0.0,0.0
2016-09-09 00:00:00+09:00,137.32769981590477,138.26190185546875,136.3934977763408,138.26190185546875,5100,0.0,0.0
2016-09-12 00:00:00+09:00,136.3934915476832,138.26189554148706,135.45928955078125,135.45928955078125,10000,0.0,0.0
2016-09-13 00:00:00+09:00,136.39351443026928,136.39351443026928,130.7883015084774,131.72250366210938,19300,0.0,0.0
2016-09-14 00:00:00+09:00,130.7883015084774,133.59090796937332,128.91989720121342,131.72250366210938,18600,0.0,0.0
2016-09-15 00:00:00+09:00,131.72248633248466,131.72248633248466,128.91988024030414,130.7882843017578,37800,0.0,0.0
2016-09-16 00:00:00+09:00,128.91988024030414,131.72248633248466,128.91988024030414,130.7882843017578,32200,0.0,0.0
2016-09-20 00:00:00+09:00,133.59090396140118,133.59090396140118,127.98569120777597,129.85409545898438,27400,0.0,0.0
2016-09-21 00:00:00+09:00,128.91989135742188,131.72249769127887,128.91989135742188,128.91989135742188,4100,0.0,0.0
2016-09-23 00:00:00+09:00,130.78830342897226,132.65670776367188,130.78830342897226,132.65670776367188,8000,0.0,0.0
2016-09-26 00:00:00+09:00,128.91989909427267,132.65670776367188,128.91989909427267,132.65670776367188,17900,0.0,0.0
2016-09-27 00:00:00+09:00,132.65670776367188,133.59090993102166,129.85410126162247,132.65670776367188,28200,0.0,0.0
2016-09-28 00:00:00+09:00,131.72250559632207,132.65670776367188,129.85410126162247,132.65670776367188,21700,0.0,0.0
2016-09-29 00:00:00+09:00,132.65670581574136,132.65670581574136,128.91989720121342,131.72250366210938,14200,0.0,0.0
2016-09-30 00:00:00+09:00,127.98567544442636,129.85407946551288,124.24886740225332,126.11727142333984,32400,0.0,0.0
2016-10-03 00:00:00+09:00,127.0514734338831,127.98567544442636,124.24886740225332,126.11727142333984,17600,0.0,0.0
2016-10-04 00:00:00+09:00,123.31466539171008,126.11727142333984,123.31466539171008,126.11727142333984,7500,0.0,0.0
2016-10-05 00:00:00+09:00,124.24887886882698,127.98568725585938,124.24887886882698,127.98568725585938,7100,0.0,0.0
2016-10-06 00:00:00+09:00,127.98569120777597,130.78829758458858,127.05148908217176,129.85409545898438,15600,0.0,0.0
2016-10-07 00:00:00+09:00,128.91987745496962,129.85407946551288,126.11727142333984,126.11727142333984,6300,0.0,0.0
2016-10-11 00:00:00+09:00,127.05148515910128,127.98568725585938,127.05148515910128,127.98568725585938,3300,0.0,0.0
2016-10-12 00:00:00+09:00,128.91988935261747,130.78829354613367,124.24887886882698,127.98568725585938,41000,0.0,0.0
2016-10-13 00:00:00+09:00,127.9856892461362,128.91989135742188,126.11728502356488,128.91989135742188,2700,0.0,0.0
2016-10-14 00:00:00+09:00,128.91989505992217,128.91989505992217,126.11728864557602,127.0514907836914,9100,0.0,0.0
2016-10-17 00:00:00+09:00,131.72250366210938,151.34074888838097,131.72250366210938,131.72250366210938,473800,0.0,0.0
2016-10-18 00:00:00+09:00,132.65669453227437,136.39350282895816,129.85408830976152,133.5908966064453,79900,0.0,0.0
2016-10-19 00:00:00+09:00,134.5251007080078,137.32770697275797,132.6566965315077,134.5251007080078,35000,0.0,0.0
2016-10-20 00:00:00+09:00,131.72248633248466,134.52509242466516,130.7882843017578,130.7882843017578,28600,0.0,0.0
2016-10-21 00:00:00+09:00,133.5908966064453,134.52509868061625,132.65669453227437,133.5908966064453,3500,0.0,0.0
2016-10-24 00:00:00+09:00,133.59090993102166,133.59090993102166,131.72250559632207,132.65670776367188,10200,0.0,0.0
2016-10-25 00:00:00+09:00,134.52509868061625,134.52509868061625,131.72249245810343,133.5908966064453,25500,0.0,0.0
2016-10-26 00:00:00+09:00,130.78829758458858,132.65670183579698,128.91989333338017,129.85409545898438,59900,0.0,0.0
2016-10-27 00:00:00+09:00,129.85409719803755,129.85409719803755,126.11728864557602,127.0514907836914,31400,0.0,0.0
2016-10-28 00:00:00+09:00,127.98568725585938,128.91988935261747,127.05148515910128,127.98568725585938,18200,0.0,0.0
2016-10-31 00:00:00+09:00,127.9856892461362,129.85409346870753,127.9856892461362,128.91989135742188,5900,0.0,0.0
2016-11-01 00:00:00+09:00,127.9856892461362,129.85409346870753,127.05148713485055,128.91989135742188,7200,0.0,0.0
2016-11-02 00:00:00+09:00,128.9198788729581,128.9198788729581,123.31466674804688,123.31466674804688,16900,0.0,0.0
2016-11-04 00:00:00+09:00,124.24887084960938,126.11727492253584,124.24887084960938,124.24887084960938,10400,0.0,0.0
2016-11-07 00:00:00+09:00,124.24886876886542,125.18307078968395,123.31466674804688,123.31466674804688,8100,0.0,0.0
2016-11-08 00:00:00+09:00,125.18307646540285,127.05148059175215,122.3804702758789,122.3804702758789,17600,0.0,0.0
2016-11-09 00:00:00+09:00,122.38047344970704,122.38047344970704,116.77526092529297,116.77526092529297,24600,0.0,0.0
2016-11-10 00:00:00+09:00,119.57786408635496,123.31467233905356,119.57786408635496,122.3804702758789,4700,0.0,0.0
2016-11-11 00:00:00+09:00,122.3804702758789,124.24887440222821,122.3804702758789,122.3804702758789,4200,0.0,0.0
2016-11-14 00:00:00+09:00,122.38046472722834,124.24886876886542,122.38046472722834,123.31466674804688,4400,0.0,0.0
2016-11-15 00:00:00+09:00,124.24886876886542,124.24886876886542,122.38046472722834,123.31466674804688,4600,0.0,0.0
2016-11-16 00:00:00+09:00,127.05148515910128,127.98568725585938,125.18308096558508,127.98568725585938,19500,0.0,0.0
2016-11-17 00:00:00+09:00,127.98569292180679,127.98569292180679,127.0514907836914,127.0514907836914,7000,0.0,0.0
2016-11-18 00:00:00+09:00,127.9856892461362,128.91989135742188,127.05148713485055,128.91989135742188,12800,0.0,0.0
2016-11-21 00:00:00+09:00,129.85409144937557,129.85409144937557,127.05148515910128,127.98568725585938,21200,0.0,0.0
2016-11-22 00:00:00+09:00,128.91988935261747,129.85409144937557,127.05148515910128,127.98568725585938,8100,0.0,0.0
2016-11-24 00:00:00+09:00,129.85409144937557,129.85409144937557,127.05148515910128,127.98568725585938,19700,0.0,0.0
2016-11-25 00:00:00+09:00,127.98569292180679,127.98569292180679,127.0514907836914,127.0514907836914,5700,0.0,0.0
2016-11-28 00:00:00+09:00,127.98569292180679,127.98569292180679,126.11728864557602,127.0514907836914,11900,0.0,0.0
2016-11-29 00:00:00+09:00,127.0514907836914,127.98569292180679,127.0514907836914,127.0514907836914,5500,0.0,0.0
2016-11-30 00:00:00+09:00,127.0514907836914,128.91989505992217,126.11728864557602,127.0514907836914,11300,0.0,0.0
2016-12-01 00:00:00+09:00,128.91989505992217,128.91989505992217,126.11728864557602,127.0514907836914,12400,0.0,0.0
2016-12-02 00:00:00+09:00,127.05148515910128,127.98568725585938,126.11728306234318,127.98568725585938,7900,0.0,0.0
2016-12-05 00:00:00+09:00,127.98568725585938,127.98568725585938,126.11728306234318,127.98568725585938,8100,0.0,0.0
2016-12-06 00:00:00+09:00,127.9856892461362,128.91989135742188,127.05148713485055,128.91989135742188,6700,0.0,0.0
2016-12-07 00:00:00+09:00,127.9856892461362,129.85409346870753,127.9856892461362,128.91989135742188,22900,0.0,0.0
2016-12-08 00:00:00+09:00,128.91989720121342,136.39351443026928,128.91989720121342,131.72250366210938,78800,0.0,0.0
2016-12-09 00:00:00+09:00,131.72249769127887,135.45930613642153,128.91989135742188,128.91989135742188,49800,0.0,0.0
2016-12-12 00:00:00+09:00,131.72249444325766,135.45930279625787,130.7882923550076,134.5251007080078,65000,0.0,0.0
2016-12-13 00:00:00+09:00,133.59090993102166,133.59090993102166,130.78830342897226,132.65670776367188,11700,0.0,0.0
2016-12-14 00:00:00+09:00,132.65669453227437,134.52509868061625,131.72249245810343,133.5908966064453,13900,0.0,0.0
2016-12-15 00:00:00+09:00,133.59090993102166,133.59090993102166,132.65670776367188,132.65670776367188,8300,0.0,0.0
2016-12-16 00:00:00+09:00,133.59088555697736,136.3934915476832,132.65668356007544,135.45928955078125,22700,0.0,0.0
2016-12-19 00:00:00+09:00,134.52509765625,141.06451212565105,133.5908955891927,140.13031005859375,89300,0.0,0.0
2016-12-20 00:00:00+09:00,140.1303038305166,140.1303038305166,135.4592937028327,137.32769775390625,49100,0.0,0.0
2016-12-21 00:00:00+09:00,137.3277110269625,140.13031737445152,135.45930679530315,136.3935089111328,21200,0.0,0.0
2016-12-22 00:00:00+09:00,135.45930679530315,137.3277110269625,134.52510467947346,136.3935089111328,14000,0.0,0.0
2016-12-26 00:00:00+09:00,137.32769354458512,137.32769354458512,134.5250875538793,135.45928955078125,10900,0.0,0.0
2016-12-27 00:00:00+09:00,134.5251101230053,134.5251101230053,131.72250366210938,131.72250366210938,22200,0.0,0.0
2016-12-28 00:00:00+09:00,133.59089861975775,134.5251007080078,132.6566965315077,134.5251007080078,2100,0.0,0.0
2016-12-29 00:00:00+09:00,133.5908966064453,133.5908966064453,130.78829038393246,133.5908966064453,18800,0.0,0.0
2016-12-30 00:00:00+09:00,132.65670776367188,133.59090993102166,131.72250559632207,132.65670776367188,5900,0.0,0.0
2017-01-04 00:00:00+09:00,133.59090129378575,164.41957082312092,133.59090129378575,142.93292236328125,1264700,0.0,0.0
2017-01-05 00:00:00+09:00,141.06451212565105,144.80132039388022,138.26190592447918,140.13031005859375,158000,0.0,0.0
2017-01-06 00:00:00+09:00,139.1960970226087,149.4723189504523,139.1960970226087,141.9987030029297,83400,0.0,0.0
2017-01-10 00:00:00+09:00,151.3407340474648,188.7088165283203,144.8013196133151,188.7088165283203,18045500,0.0,0.0
2017-01-11 00:00:00+09:00,211.12964748443767,217.6690613445751,169.09055838355405,174.69577026367188,15579700,0.0,0.0
2017-01-12 00:00:00+09:00,176.56419067382814,184.03780721028647,164.41956380208333,168.1563720703125,3144900,0.0,0.0
2017-01-13 00:00:00+09:00,168.156383385819,169.0905855157402,163.48537273621292,166.28797912597656,695200,0.0,0.0
2017-01-16 00:00:00+09:00,164.41957486613413,169.0905855157402,163.48537273621292,166.28797912597656,369900,0.0,0.0
2017-01-17 00:00:00+09:00,173.7615961653463,174.6957982952675,166.28797912597656,166.28797912597656,745700,0.0,0.0
2017-01-18 00:00:00+09:00,163.48535364324397,165.35375768488103,162.55115162242544,164.4195556640625,241900,0.0,0.0
2017-01-19 00:00:00+09:00,165.35375768488103,167.22216172651812,163.48535364324397,164.4195556640625,157100,0.0,0.0
2017-01-20 00:00:00+09:00,162.55115769029328,167.22216796875,162.55115769029328,167.22216796875,183200,0.0,0.0
2017-01-23 00:00:00+09:00,163.48537273621292,179.36680894487358,163.48537273621292,166.28797912597656,384300,0.0,0.0
2017-01-24 00:00:00+09:00,166.2879597056996,166.2879597056996,163.48535364324397,164.4195556640625,72700,0.0,0.0
2017-01-25 00:00:00+09:00,166.2879597056996,168.15636374733666,163.48535364324397,164.4195556640625,50000,0.0,0.0
2017-01-26 00:00:00+09:00,166.28796179819915,169.09056789592162,165.353759765625,165.353759765625,40300,0.0,0.0
2017-01-27 00:00:00+09:00,168.156383385819,168.156383385819,163.48537273621292,166.28797912597656,64500,0.0,0.0
2017-01-30 00:00:00+09:00,166.28797387295083,171.89318647540983,164.41956967213116,170.958984375,175200,0.0,0.0
2017-01-31 00:00:00+09:00,168.156383385819,172.82739403542507,166.28797912597656,166.28797912597656,129600,0.0,0.0
2017-02-01 00:00:00+09:00,165.35377699605536,168.156383385819,164.41957486613413,166.28797912597656,42900,0.0,0.0
2017-02-02 00:00:00+09:00,167.2221812558978,169.0905855157402,165.35377699605536,166.28797912597656,44800,0.0,0.0
2017-02-03 00:00:00+09:00,166.28797912597656,168.156383385819,165.35377699605536,166.28797912597656,28900,0.0,0.0
2017-02-06 00:00:00+09:00,167.22216796875,170.024774135824,166.28796591305866,167.22216796875,27500,0.0,0.0
2017-02-07 00:00:00+09:00,167.2221638307733,170.02476992849577,163.4853557004767,165.353759765625,116000,0.0,0.0
2017-02-08 00:00:00+09:00,165.35377699605536,167.2221812558978,164.41957486613413,166.28797912597656,27600,0.0,0.0
2017-02-09 00:00:00+09:00,166.28796179819915,166.28796179819915,165.353759765625,165.353759765625,13500,0.0,0.0
2017-02-10 00:00:00+09:00,165.353759765625,166.28796179819915,164.41955773305085,165.353759765625,9500,0.0,0.0
2017-02-13 00:00:00+09:00,165.35377101353237,165.35377101353237,163.48536682128906,163.48536682128906,57000,0.0,0.0
2017-02-14 00:00:00+09:00,163.48535974598462,167.22216796875,163.48535974598462,167.22216796875,38300,0.0,0.0
2017-02-15 00:00:00+09:00,168.1563720703125,170.0247762044271,165.35376586914063,168.1563720703125,59700,0.0,0.0
2017-02-16 00:00:00+09:00,168.15636374733666,168.15636374733666,163.48535364324397,164.4195556640625,71100,0.0,0.0
2017-02-17 00:00:00+09:00,165.353759765625,167.2221638307733,164.41955773305085,165.353759765625,12800,0.0,0.0
2017-02-20 00:00:00+09:00,167.22216172651812,167.22216172651812,164.4195556640625,164.4195556640625,27200,0.0,0.0
2017-02-21 00:00:00+09:00,166.28797912597656,168.156383385819,165.35377699605536,166.28797912597656,81100,0.0,0.0
2017-02-22 00:00:00+09:00,167.2221638307733,167.2221638307733,164.41955773305085,165.353759765625,60300,0.0,0.0
2017-02-23 00:00:00+09:00,166.28796591305866,168.15637002444134,165.3537638573673,167.22216796875,36100,0.0,0.0
2017-02-24 00:00:00+09:00,166.28797912597656,167.2221812558978,164.41957486613413,166.28797912597656,21800,0.0,0.0
2017-02-27 00:00:00+09:00,168.15636586334747,168.15636586334747,164.41955773305085,165.353759765625,22700,0.0,0.0
2017-02-28 00:00:00+09:00,169.090576171875,169.090576171875,167.22217201527968,169.090576171875,84000,0.0,0.0
2017-03-01 00:00:00+09:00,169.0905741373698,169.0905741373698,165.35376586914063,168.1563720703125,64100,0.0,0.0
2017-03-02 00:00:00+09:00,168.15637002444134,170.024774135824,165.3537638573673,167.22216796875,82300,0.0,0.0
2017-03-03 00:00:00+09:00,168.156383385819,169.0905855157402,166.28797912597656,166.28797912597656,38700,0.0,0.0
2017-03-06 00:00:00+09:00,166.2879597056996,167.22216172651812,164.4195556640625,164.4195556640625,43800,0.0,0.0
2017-03-07 00:00:00+09:00,165.35375768488103,165.35375768488103,163.48535364324397,164.4195556640625,44400,0.0,0.0
2017-03-08 00:00:00+09:00,164.41956891741071,166.28797310965402,163.48536682128906,163.48536682128906,78200,0.0,0.0
2017-03-09 00:00:00+09:00,164.41955145474137,164.41955145474137,161.61694546403555,162.5511474609375,78100,0.0,0.0
2017-03-10 00:00:00+09:00,163.48536682128906,164.41956891741071,162.5511647251674,163.48536682128906,11100,0.0,0.0
2017-03-13 00:00:00+09:00,162.5511474609375,163.48534945783942,161.61694546403555,162.5511474609375,11000,0.0,0.0
2017-03-14 00:00:00+09:00,163.48536757172133,174.69579277663934,163.48536757172133,170.958984375,370100,0.0,0.0
2017-03-15 00:00:00+09:00,168.15636374733666,169.0905657681552,164.4195556640625,164.4195556640625,74200,0.0,0.0
2017-03-16 00:00:00+09:00,165.35377101353237,166.28797310965402,161.61696262904576,163.48536682128906,56800,0.0,0.0
2017-03-17 00:00:00+09:00,167.2221812558978,167.2221812558978,164.41957486613413,166.28797912597656,25000,0.0,0.0
2017-03-21 00:00:00+09:00,168.156383385819,169.0905855157402,166.28797912597656,166.28797912597656,35700,0.0,0.0
2017-03-22 00:00:00+09:00,166.28796591305866,169.09057208013266,163.48535974598462,167.22216796875,27700,0.0,0.0
2017-03-23 00:00:00+09:00,164.4195556640625,166.2879597056996,164.4195556640625,164.4195556640625,8400,0.0,0.0
2017-03-24 00:00:00+09:00,165.35377101353237,166.28797310965402,162.5511647251674,163.48536682128906,43200,0.0,0.0
2017-03-27 00:00:00+09:00,165.35375129832008,165.35375129832008,158.81433740516619,161.616943359375,38400,0.0,0.0
2017-03-28 00:00:00+09:00,162.55115863888764,163.48536070003067,160.68275451660156,160.68275451660156,34600,0.0,0.0
2017-03-29 00:00:00+09:00,163.53510503659302,167.33824701418823,163.53510503659302,165.43667602539062,30100,3.0,0.0
2017-03-30 00:00:00+09:00,165.43668090820313,167.338251953125,164.4858953857422,166.38746643066406,7200,0.0,0.0
2017-03-31 00:00:00+09:00,168.2890423861417,169.23982793634588,165.43668573552912,167.3382568359375,42800,0.0,0.0
2017-04-03 00:00:00+09:00,165.43667108612942,168.28902748416616,163.53510015410495,164.4858856201172,17400,0.0,0.0
2017-04-04 00:00:00+09:00,168.28902794333067,169.23981341193704,160.68274419447957,161.63352966308594,63300,0.0,0.0
2017-04-05 00:00:00+09:00,160.68274419447957,164.4858860689051,159.73195872587317,161.63352966308594,11200,0.0,0.0
2017-04-06 00:00:00+09:00,163.53513249380146,163.53513249380146,158.7812042236328,158.7812042236328,54300,0.0,0.0
2017-04-07 00:00:00+09:00,158.7812042236328,160.68277553170026,157.8304185695991,158.7812042236328,31500,0.0,0.0
2017-04-10 00:00:00+09:00,158.7811937786284,159.7319793701172,158.7811937786284,159.7319793701172,7200,0.0,0.0
2017-04-11 00:00:00+09:00,158.78119460597182,158.78119460597182,154.0272666237571,156.87962341308594,51000,0.0,0.0
2017-04-12 00:00:00+09:00,154.97803323480147,154.97803323480147,150.22410583496094,150.22410583496094,74800,0.0,0.0
2017-04-13 00:00:00+09:00,153.07647218704224,154.9780432701111,150.22411556243898,152.1256866455078,19100,0.0,0.0
2017-04-14 00:00:00+09:00,151.17489131492906,155.9288187147696,150.22410583496094,150.22410583496094,18000,0.0,0.0
2017-04-17 00:00:00+09:00,154.02726262252523,154.9780481942692,149.2733347638053,153.07647705078125,12300,0.0,0.0
2017-04-18 00:00:00+09:00,167.3382532243898,175.8953229915461,160.68275451660156,160.68275451660156,543300,0.0,0.0
2017-04-19 00:00:00+09:00,161.63354353471235,167.3382568359375,159.73197243430397,167.3382568359375,67100,0.0,0.0
2017-04-20 00:00:00+09:00,169.23981747384798,169.23981747384798,164.4858900167174,168.28903198242188,78300,0.0,0.0
2017-04-21 00:00:00+09:00,168.28902748416616,168.28902748416616,163.53510015410495,164.4858856201172,27600,0.0,0.0
2017-04-24 00:00:00+09:00,169.2398180029858,169.2398180029858,164.4858905309918,165.43667602539062,62500,0.0,0.0
2017-04-25 00:00:00+09:00,166.3874620582625,166.3874620582625,159.731963575932,162.58432006835938,44000,0.0,0.0
2017-04-26 00:00:00+09:00,164.4858860689051,165.4366715375115,161.63352966308594,161.63352966308594,9400,0.0,0.0
2017-04-27 00:00:00+09:00,164.4858856201172,164.4858856201172,161.63352922208048,164.4858856201172,17800,0.0,0.0
2017-04-28 00:00:00+09:00,163.53512573242188,165.43669696186865,161.6335545029751,163.53512573242188,40400,0.0,0.0
2017-05-01 00:00:00+09:00,163.53510060029873,163.53510060029873,160.68274419447957,161.63352966308594,39600,0.0,0.0
2017-05-02 00:00:00+09:00,160.68274419447957,162.58431513169234,160.68274419447957,161.63352966308594,11600,0.0,0.0
2017-05-08 00:00:00+09:00,161.63355055309478,161.63355055309478,156.87962259565083,159.7319793701172,39400,0.0,0.0
2017-05-09 00:00:00+09:00,159.7319793701172,160.68276496160598,157.8304081871396,159.7319793701172,30600,0.0,0.0
2017-05-10 00:00:00+09:00,158.7811937786284,159.7319793701172,157.8304081871396,159.7319793701172,18500,0.0,0.0
2017-05-11 00:00:00+09:00,160.68275451660156,162.58432557596964,158.7811834572335,160.68275451660156,41800,0.0,0.0
2017-05-12 00:00:00+09:00,158.78117325726677,167.33824247472427,157.8303877886604,161.63352966308594,94500,0.0,0.0
2017-05-15 00:00:00+09:00,159.73196962655308,161.63354069353585,157.8303985595703,157.8303985595703,44800,0.0,0.0
2017-05-16 00:00:00+09:00,158.78118409306168,160.68275516004448,157.8303985595703,157.8303985595703,37600,0.0,0.0
2017-05-17 00:00:00+09:00,159.73198020241477,159.73198020241477,155.92883781664298,156.87962341308594,30700,0.0,0.0
2017-05-18 00:00:00+09:00,154.97806260643935,157.83041958692598,153.07649128611496,155.92884826660156,44500,0.0,0.0
2017-05-19 00:00:00+09:00,157.8303985595703,164.48589729401002,155.92882749258754,157.8303985595703,79600,0.0,0.0
2017-05-22 00:00:00+09:00,157.83040490950117,157.83040490950117,153.07647705078125,153.07647705078125,36100,0.0,0.0
2017-05-23 00:00:00+09:00,154.97804260253906,155.92882813997795,153.07647152766128,154.97804260253906,25000,0.0,0.0
2017-05-24 00:00:00+09:00,155.92883781664298,156.87962341308594,155.92883781664298,156.87962341308594,8400,0.0,0.0
2017-05-25 00:00:00+09:00,157.8303985595703,157.8303985595703,155.92882749258754,157.8303985595703,21500,0.0,0.0
2017-05-26 00:00:00+09:00,157.83040900952886,158.78119460597182,156.87962341308594,156.87962341308594,11200,0.0,0.0
2017-05-29 00:00:00+09:00,156.87959317807798,157.83037859127845,153.0764515252761,154.02723693847656,13000,0.0,0.0
2017-05-30 00:00:00+09:00,154.97802235167703,156.87959317807798,154.02723693847656,154.02723693847656,4600,0.0,0.0
2017-05-31 00:00:00+09:00,154.97802235167703,155.92880776487752,153.0764515252761,154.02723693847656,24500,0.0,0.0
2017-06-01 00:00:00+09:00,154.02727595346417,162.58434683976773,154.02727595346417,158.7812042236328,76500,0.0,0.0
2017-06-02 00:00:00+09:00,162.58431513169234,184.45238090963926,161.63352966308594,161.63352966308594,858800,0.0,0.0
2017-06-05 00:00:00+09:00,162.58433614458357,163.53512173607237,158.7811937786284,159.7319793701172,67100,0.0,0.0
2017-06-06 00:00:00+09:00,158.78119460597182,159.73198020241477,155.92883781664298,156.87962341308594,34100,0.0,0.0
2017-06-07 00:00:00+09:00,155.92884726153162,158.7812042236328,154.9780616074979,158.7812042236328,31000,0.0,0.0
2017-06-08 00:00:00+09:00,160.6827657988577,160.6827657988577,156.87962341308594,156.87962341308594,11000,0.0,0.0
2017-06-09 00:00:00+09:00,158.7812042236328,164.48591814783518,156.87963291556534,158.7812042236328,222000,0.0,0.0
2017-06-12 00:00:00+09:00,162.58432622702725,163.53511176051862,156.8796130260789,157.8303985595703,77600,0.0,0.0
2017-06-13 00:00:00+09:00,157.8304185695991,159.73198987766654,156.87963291556534,158.7812042236328,18200,0.0,0.0
2017-06-14 00:00:00+09:00,158.7812042236328,158.7812042236328,156.87963291556534,158.7812042236328,31500,0.0,0.0
2017-06-15 00:00:00+09:00,160.68275451660156,162.58432557596964,159.73196898691754,160.68275451660156,21700,0.0,0.0
2017-06-16 00:00:00+09:00,161.633561185734,161.633561185734,157.8304185695991,158.7812042236328,34800,0.0,0.0
2017-06-19 00:00:00+09:00,158.7811937786284,159.7319793701172,157.8304081871396,159.7319793701172,12200,0.0,0.0
2017-06-20 00:00:00+09:00,159.73198987766654,159.73198987766654,158.7812042236328,158.7812042236328,28400,0.0,0.0
2017-06-21 00:00:00+09:00,160.68276496160598,162.58433614458357,159.7319793701172,159.7319793701172,34900,0.0,0.0
2017-06-22 00:00:00+09:00,161.63352966308594,161.63352966308594,160.68274419447957,161.63352966308594,12600,0.0,0.0
2017-06-23 00:00:00+09:00,161.63354004628562,161.63354004628562,159.73196898691754,160.68275451660156,27300,0.0,0.0
2017-06-26 00:00:00+09:00,161.63352922208048,164.4858856201172,160.68274375606825,164.4858856201172,45800,0.0,0.0
2017-06-27 00:00:00+09:00,164.48589106331093,164.48589106331093,161.63353457088357,162.58432006835938,14600,0.0,0.0
2017-06-28 00:00:00+09:00,162.58431468809272,166.38745655214169,161.63352922208048,164.4858856201172,29500,0.0,0.0
2017-06-29 00:00:00+09:00,164.4858856201172,165.43667108612942,163.53510015410495,164.4858856201172,24900,0.0,0.0
2017-06-30 00:00:00+09:00,163.53510503659302,165.43667602539062,161.63353404779542,165.43667602539062,24400,0.0,0.0
2017-07-03 00:00:00+09:00,162.58432006835938,164.48589106331093,160.6827490734078,162.58432006835938,27300,0.0,0.0
2017-07-04 00:00:00+09:00,163.53510060029873,163.53510060029873,158.78117325726677,161.63352966308594,68400,0.0,0.0
2017-07-05 00:00:00+09:00,161.63352966308594,161.63352966308594,158.78117325726677,161.63352966308594,35500,0.0,0.0
2017-07-06 00:00:00+09:00,161.63355055309478,161.63355055309478,158.7811937786284,159.7319793701172,16400,0.0,0.0
2017-07-07 00:00:00+09:00,158.7811937786284,159.7319793701172,157.8304081871396,159.7319793701172,29700,0.0,0.0
2017-07-10 00:00:00+09:00,158.7812042236328,160.68277553170026,157.8304185695991,158.7812042236328,31300,0.0,0.0
2017-07-11 00:00:00+09:00,158.7811937786284,162.58433614458357,155.92883700416203,159.7319793701172,73900,0.0,0.0
2017-07-12 00:00:00+09:00,159.73195872587317,163.53510060029873,158.78117325726677,161.63352966308594,67600,0.0,0.0
2017-07-13 00:00:00+09:00,160.68274419447957,162.58431513169234,160.68274419447957,161.63352966308594,13300,0.0,0.0
2017-07-14 00:00:00+09:00,160.68274419447957,162.58431513169234,160.68274419447957,161.63352966308594,10500,0.0,0.0
2017-07-17 00:00:00+09:00,161.63352966308594,161.63352966308594,161.63352966308594,161.63352966308594,0,0.0,0.0
2017-07-18 00:00:00+09:00,162.58432006835938,162.58432006835938,161.63353457088357,162.58432006835938,22300,0.0,0.0
2017-07-19 00:00:00+09:00,163.53510015410495,164.4858856201172,161.63352922208048,164.4858856201172,13400,0.0,0.0
2017-07-20 00:00:00+09:00,162.58431468809272,164.4858856201172,162.58431468809272,164.4858856201172,34700,0.0,0.0
2017-07-21 00:00:00+09:00,165.43667602539062,165.43667602539062,163.53510503659302,165.43667602539062,27000,0.0,0.0
2017-07-24 00:00:00+09:00,166.38746643066406,168.28903747558593,165.43668090820313,166.38746643066406,40100,0.0,0.0
2017-07-25 00:00:00+09:00,168.2890614827474,172.09220411512587,167.33827582465278,171.14141845703125,158000,0.0,0.0
2017-07-26 00:00:00+09:00,161.63353404779542,165.43667602539062,158.78117756459903,165.43667602539062,234600,0.0,0.0
2017-07-27 00:00:00+09:00,164.48589106331093,164.48589106331093,161.63353457088357,162.58432006835938,44400,0.0,0.0
2017-07-28 00:00:00+09:00,163.53510060029873,163.53510060029873,160.68274419447957,161.63352966308594,20800,0.0,0.0
2017-07-31 00:00:00+09:00,162.58433614458357,162.58433614458357,158.7811937786284,159.7319793701172,34900,0.0,0.0
2017-08-01 00:00:00+09:00,159.73197605298913,160.6827616247331,152.12569147903727,153.07647705078125,70200,0.0,0.0
2017-08-02 00:00:00+09:00,152.12570562595275,155.92884826660156,150.22413430562833,155.92884826660156,35800,0.0,0.0
2017-08-03 00:00:00+09:00,154.97804260253906,155.92882813997795,154.02725706510017,154.97804260253906,19400,0.0,0.0
2017-08-04 00:00:00+09:00,153.07647705078125,154.02726262252523,153.07647705078125,153.07647705078125,10200,0.0,0.0
2017-08-07 00:00:00+09:00,154.02725772857667,154.02725772857667,152.1256866455078,152.1256866455078,17300,0.0,0.0
2017-08-08 00:00:00+09:00,153.0764515252761,154.02723693847656,152.1256661120756,154.02723693847656,10000,0.0,0.0
2017-08-09 00:00:00+09:00,153.07647218704224,154.02725772857667,152.1256866455078,152.1256866455078,17000,0.0,0.0
2017-08-10 00:00:00+09:00,151.17489131492906,152.12567679489717,150.22410583496094,150.22410583496094,22800,0.0,0.0
2017-08-11 00:00:00+09:00,150.22410583496094,150.22410583496094,150.22410583496094,150.22410583496094,0,0.0,0.0
2017-08-14 00:00:00+09:00,150.22410583496094,150.22410583496094,147.3717493950566,150.22410583496094,10800,0.0,0.0
2017-08-15 00:00:00+09:00,151.17490110397338,153.07647218704224,151.17490110397338,152.1256866455078,20800,0.0,0.0
2017-08-16 00:00:00+09:00,154.02727595346417,158.7812042236328,152.1257046453967,158.7812042236328,43000,0.0,0.0
2017-08-17 00:00:00+09:00,156.87962259565083,166.38747851053876,155.92883700416203,159.7319793701172,124100,0.0,0.0
2017-08-18 00:00:00+09:00,158.7811834572335,160.68275451660156,157.83039792754948,160.68275451660156,51400,0.0,0.0
2017-08-21 00:00:00+09:00,160.68275516004448,160.68275516004448,157.8303985595703,157.8303985595703,21000,0.0,0.0
2017-08-22 00:00:00+09:00,160.68274419447957,161.63352966308594,157.8303877886604,161.63352966308594,20800,0.0,0.0
2017-08-23 00:00:00+09:00,161.63354004628562,162.58432557596964,160.68275451660156,160.68275451660156,22600,0.0,0.0
2017-08-24 00:00:00+09:00,160.68275451660156,161.63354004628562,159.73196898691754,160.68275451660156,18500,0.0,0.0
2017-08-25 00:00:00+09:00,161.63354004628562,161.63354004628562,159.73196898691754,160.68275451660156,21200,0.0,0.0
2017-08-28 00:00:00+09:00,160.68275451660156,162.58432557596964,159.73196898691754,160.68275451660156,26200,0.0,0.0
2017-08-29 00:00:00+09:00,160.68276496160598,160.68276496160598,158.7811937786284,159.7319793701172,26900,0.0,0.0
2017-08-30 00:00:00+09:00,159.73196898691754,164.4858966353377,159.73196898691754,160.68275451660156,128000,0.0,0.0
2017-08-31 00:00:00+09:00,160.6827490734078,163.53510556583515,160.6827490734078,162.58432006835938,10200,0.0,0.0
2017-09-01 00:00:00+09:00,162.58432006835938,163.53510556583515,161.63353457088357,162.58432006835938,7600,0.0,0.0
2017-09-04 00:00:00+09:00,161.63354069353585,161.63354069353585,157.8303985595703,157.8303985595703,38300,0.0,0.0
2017-09-05 00:00:00+09:00,157.83040490950117,159.73197605298913,152.12569147903727,153.07647705078125,46000,0.0,0.0
2017-09-06 00:00:00+09:00,150.22411491534461,155.92882813997795,150.22411491534461,154.97804260253906,28800,0.0,0.0
2017-09-07 00:00:00+09:00,155.92882813997795,156.87961367741684,154.02725706510017,154.97804260253906,12500,0.0,0.0
2017-09-08 00:00:00+09:00,153.0764672621241,154.97803828401385,151.17489624023438,151.17489624023438,26800,0.0,0.0
2017-09-11 00:00:00+09:00,152.1256954308712,158.78119460597182,152.1256954308712,156.87962341308594,22400,0.0,0.0
2017-09-12 00:00:00+09:00,157.8304081871396,159.7319793701172,155.92883700416203,159.7319793701172,22600,0.0,0.0
2017-09-13 00:00:00+09:00,159.73196962655308,159.73196962655308,156.8796130260789,157.8303985595703,14600,0.0,0.0
2017-09-14 00:00:00+09:00,155.92882749258754,157.8303985595703,155.92882749258754,157.8303985595703,10300,0.0,0.0
2017-09-15 00:00:00+09:00,158.78118409306168,159.73196962655308,157.8303985595703,157.8303985595703,8400,0.0,0.0
2017-09-18 00:00:00+09:00,157.8303985595703,157.8303985595703,157.8303985595703,157.8303985595703,0,0.0,0.0
2017-09-19 00:00:00+09:00,162.58433614458357,173.0429776509603,157.8304081871396,159.7319793701172,515800,0.0,0.0
2017-09-20 00:00:00+09:00,160.68276496160598,160.68276496160598,158.7811937786284,159.7319793701172,42600,0.0,0.0
2017-09-21 00:00:00+09:00,160.6827657988577,160.6827657988577,156.87962341308594,156.87962341308594,39000,0.0,0.0
2017-09-22 00:00:00+09:00,156.8796130260789,158.78118409306168,155.92882749258754,157.8303985595703,14800,0.0,0.0
2017-09-25 00:00:00+09:00,158.7811937786284,161.63355055309478,156.87962259565083,159.7319793701172,29000,0.0,0.0
2017-09-26 00:00:00+09:00,158.7811834572335,160.68275451660156,158.7811834572335,160.68275451660156,28700,0.0,0.0
2017-09-27 00:00:00+09:00,158.7811937786284,159.7319793701172,157.8304081871396,159.7319793701172,33200,0.0,0.0
2017-09-28 00:00:00+09:00,159.73198987766654,160.68277553170026,157.8304185695991,158.7812042236328,9000,0.0,0.0
2017-09-29 00:00:00+09:00,160.68277553170026,160.68277553170026,158.7812042236328,158.7812042236328,14300,0.0,0.0
2017-10-02 00:00:00+09:00,159.7319793701172,160.68276496160598,158.7811937786284,159.7319793701172,22000,0.0,0.0
2017-10-03 00:00:00+09:00,159.731963575932,164.48589106331093,159.731963575932,162.58432006835938,60600,0.0,0.0
2017-10-04 00:00:00+09:00,164.48589106331093,167.3382475557383,162.58432006835938,162.58432006835938,105400,0.0,0.0
2017-10-05 00:00:00+09:00,163.53510556583515,164.48589106331093,161.63353457088357,162.58432006835938,33400,0.0,0.0
2017-10-06 00:00:00+09:00,162.58433614458357,162.58433614458357,159.7319793701172,159.7319793701172,26900,0.0,0.0
2017-10-09 00:00:00+09:00,159.7319793701172,159.7319793701172,159.7319793701172,159.7319793701172,0,0.0,0.0
2017-10-10 00:00:00+09:00,159.73196898691754,162.58432557596964,159.73196898691754,160.68275451660156,9600,0.0,0.0
2017-10-11 00:00:00+09:00,161.63352966308594,162.58431513169234,160.68274419447957,161.63352966308594,9600,0.0,0.0
2017-10-12 00:00:00+09:00,162.58431513169234,163.53510060029873,161.63352966308594,161.63352966308594,13700,0.0,0.0
2017-10-13 00:00:00+09:00,161.63353457088357,163.53510556583515,161.63353457088357,162.58432006835938,20200,0.0,0.0
2017-10-16 00:00:00+09:00,163.53510015410495,167.33824201815392,163.53510015410495,164.4858856201172,30100,0.0,0.0
2017-10-17 00:00:00+09:00,167.3382681913154,167.3382681913154,163.53512573242188,163.53512573242188,37200,0.0,0.0
2017-10-18 00:00:00+09:00,165.43667602539062,166.3874615197894,164.4858905309918,165.43667602539062,24000,0.0,0.0
2017-10-19 00:00:00+09:00,166.387470607651,171.14139833929818,166.387470607651,170.19061279296875,113700,0.0,0.0
2017-10-20 00:00:00+09:00,176.8461123379794,185.40318228981712,165.43668573552912,167.3382568359375,1889700,0.0,0.0
2017-10-23 00:00:00+09:00,168.28904170030987,175.89532607094534,165.43668506132158,170.19061279296875,388600,0.0,0.0
2017-10-24 00:00:00+09:00,171.1414080034962,173.04297920353505,168.28905120343794,172.09219360351562,100300,0.0,0.0
2017-10-25 00:00:00+09:00,173.04296943195706,173.04296943195706,169.23982724663932,170.19061279296875,71600,0.0,0.0
2017-10-26 00:00:00+09:00,168.28902748416616,169.2398129501784,163.53510015410495,164.4858856201172,148100,0.0,0.0
2017-10-27 00:00:00+09:00,163.53510015410495,164.4858856201172,161.63352922208048,164.4858856201172,70500,0.0,0.0
2017-10-30 00:00:00+09:00,166.38748257659202,166.38748257659202,163.53512573242188,163.53512573242188,33100,0.0,0.0
2017-10-31 00:00:00+09:00,162.58432006835938,163.53510556583515,162.58432006835938,162.58432006835938,38900,0.0,0.0
2017-11-01 00:00:00+09:00,163.53512573242188,165.43669696186865,163.53512573242188,163.53512573242188,35000,0.0,0.0
2017-11-02 00:00:00+09:00,164.4858860689051,164.4858860689051,161.63352966308594,161.63352966308594,45500,0.0,0.0
2017-11-03 00:00:00+09:00,161.63352966308594,161.63352966308594,161.63352966308594,161.63352966308594,0,0.0,0.0
2017-11-06 00:00:00+09:00,160.6827490734078,162.58432006835938,160.6827490734078,162.58432006835938,30800,0.0,0.0
2017-11-07 00:00:00+09:00,163.5351331922743,179.6984893798828,163.5351331922743,171.14141845703125,879900,0.0,0.0
2017-11-08 00:00:00+09:00,173.99374493097855,181.60002886238743,166.38746099956964,168.28903198242188,1028100,0.0,0.0
2017-11-09 00:00:00+09:00,167.33824201815392,168.28902748416616,161.63352922208048,164.4858856201172,222800,0.0,0.0
2017-11-10 00:00:00+09:00,164.48590018532494,168.2890423861417,163.53511463512072,167.3382568359375,62200,0.0,0.0
2017-11-13 00:00:00+09:00,171.14139404296876,171.14139404296876,166.38746643066406,166.38746643066406,65400,0.0,0.0
2017-11-14 00:00:00+09:00,166.38746099956964,169.23981747384798,166.38746099956964,168.28903198242188,39200,0.0,0.0
2017-11-15 00:00:00+09:00,169.23982793634588,169.23982793634588,166.3874712857333,167.3382568359375,41400,0.0,0.0
2017-11-16 00:00:00+09:00,167.3382656034185,172.09219360351562,166.38748000339908,172.09219360351562,54500,0.0,0.0
2017-11-17 00:00:00+09:00,170.19063279893663,173.9937754313151,169.23984714084202,171.14141845703125,69100,0.0,0.0
2017-11-20 00:00:00+09:00,171.14141845703125,172.09220411512587,170.19063279893663,171.14141845703125,35000,0.0,0.0
2017-11-21 00:00:00+09:00,172.09219360351562,173.04297920353505,171.1414080034962,172.09219360351562,8500,0.0,0.0
2017-11-22 00:00:00+09:00,180.64927503797742,183.50163201226127,171.14141845703125,171.14141845703125,543800,0.0,0.0
2017-11-23 00:00:00+09:00,171.14141845703125,171.14141845703125,171.14141845703125,171.14141845703125,0,0.0,0.0
2017-11-24 00:00:00+09:00,171.14140244780992,175.89533029358242,171.14140244780992,173.99375915527344,105400,0.0,0.0
2017-11-27 00:00:00+09:00,176.84610532677692,176.84610532677692,173.0429632767387,174.9445343017578,66100,0.0,0.0
2017-11-28 00:00:00+09:00,176.84610532677692,176.84610532677692,174.9445343017578,174.9445343017578,48200,0.0,0.0
2017-11-29 00:00:00+09:00,177.7969006774246,178.74768624254452,173.042972851825,176.8461151123047,82800,0.0,0.0
2017-11-30 00:00:00+09:00,176.84610474938376,178.74767576819434,175.89531923997848,177.79689025878906,67500,0.0,0.0
2017-12-01 00:00:00+09:00,178.74768465701663,218.6806780378395,177.7968991003304,203.46810913085938,6314000,0.0,0.0
2017-12-04 00:00:00+09:00,199.66496986917932,202.51732658159617,190.15711416112316,192.05868530273438,1468800,0.0,0.0
2017-12-05 00:00:00+09:00,188.25552913120816,192.0586711338588,182.55081612723214,186.3539581298828,454000,0.0,0.0
2017-12-06 00:00:00+09:00,194.91104951838858,201.56654877023598,184.45240783691406,184.45240783691406,677400,0.0,0.0
2017-12-07 00:00:00+09:00,184.4523967396129,192.05868114124644,183.50161118940872,188.2555389404297,269200,0.0,0.0
2017-12-08 00:00:00+09:00,188.2555340607154,189.2063195862746,185.4031774840379,187.30474853515625,130400,0.0,0.0
2017-12-11 00:00:00+09:00,190.15711004083806,191.10789559104225,187.3047533902255,188.2555389404297,82100,0.0,0.0
2017-12-12 00:00:00+09:00,188.25554301951192,193.96025644434562,187.3047574487063,192.05868530273438,142200,0.0,0.0
2017-12-13 00:00:00+09:00,193.00947410181948,198.7141876220703,192.05868851511102,198.7141876220703,177400,0.0,0.0
2017-12-14 00:00:00+09:00,204.41888979343182,207.27124639520062,196.8126055220483,202.51731872558594,259200,0.0,0.0
2017-12-15 00:00:00+09:00,201.5665338425409,202.51731937953403,195.86182062058222,199.6649627685547,130300,0.0,0.0
2017-12-18 00:00:00+09:00,198.7141876220703,201.5665443821957,197.76340203536182,198.7141876220703,97500,0.0,0.0
2017-12-19 00:00:00+09:00,198.71417723156156,201.5665338425409,198.71417723156156,199.6649627685547,60200,0.0,0.0
2017-12-20 00:00:00+09:00,199.66496343198028,200.6157489721326,195.86182127137116,196.81260681152344,106500,0.0,0.0
2017-12-21 00:00:00+09:00,197.76338627653303,201.5665283203125,197.76338627653303,201.5665283203125,47800,0.0,0.0
2017-12-22 00:00:00+09:00,201.56653801748686,204.41889468754562,200.6157524608006,203.46810913085938,88000,0.0,0.0
2017-12-25 00:00:00+09:00,206.32046021355524,212.97595893012152,204.41888915167914,205.3696746826172,188800,0.0,0.0
2017-12-26 00:00:00+09:00,204.4188816236413,225.33616253396738,204.4188816236413,218.6806640625,681000,0.0,0.0
2017-12-27 00:00:00+09:00,215.82832818282276,221.5330417030736,210.12361466257195,216.77911376953125,220700,0.0,0.0
2017-12-28 00:00:00+09:00,218.68067315284242,229.13931404276096,217.72988761739526,223.43460083007812,425500,0.0,0.0
2017-12-29 00:00:00+09:00,222.4838104248047,235.79480762970752,221.53302491016876,222.4838104248047,392200,0.0,0.0
2018-01-01 00:00:00+09:00,222.4838104248047,222.4838104248047,222.4838104248047,222.4838104248047,0,0.0,0.0
2018-01-02 00:00:00+09:00,222.4838104248047,222.4838104248047,222.4838104248047,222.4838104248047,0,0.0,0.0
2018-01-03 00:00:00+09:00,222.4838104248047,222.4838104248047,222.4838104248047,222.4838104248047,0,0.0,0.0
2018-01-04 00:00:00+09:00,221.53302550212646,225.3361675708325,218.68066895059692,219.63145446777344,169400,0.0,0.0
2018-01-05 00:00:00+09:00,219.63145446777344,221.53302550212646,215.8283123990674,219.63145446777344,118600,0.0,0.0
2018-01-08 00:00:00+09:00,219.63145446777344,219.63145446777344,219.63145446777344,219.63145446777344,0,0.0,0.0
2018-01-09 00:00:00+09:00,219.63146276753318,229.13931829859524,218.680677214427,227.2377471923828,104800,0.0,0.0
2018-01-10 00:00:00+09:00,233.89324606412626,233.89324606412626,225.3361760861704,227.2377471923828,138200,0.0,0.0
2018-01-11 00:00:00+09:00,221.53302912351464,229.1393133852662,220.58224359079568,226.28695678710938,93800,0.0,0.0
2018-01-12 00:00:00+09:00,230.09010457184354,231.04089012792554,224.38539123535156,224.38539123535156,131400,0.0,0.0
2018-01-15 00:00:00+09:00,224.38540003606394,230.09011359630284,224.38540003606394,229.1393280029297,71800,0.0,0.0
2018-01-16 00:00:00+09:00,229.13931829859524,230.09010385170143,225.3361760861704,227.2377471923828,85200,0.0,0.0
2018-01-17 00:00:00+09:00,227.23774790359755,229.13931901576154,222.48382012318757,224.38539123535156,104800,0.0,0.0
2018-01-18 00:00:00+09:00,224.38539195572358,226.28696307399244,221.5330352783203,221.5330352783203,50800,0.0,0.0
2018-01-19 00:00:00+09:00,221.53302491016876,222.4838104248047,220.58223939553284,222.4838104248047,62300,0.0,0.0
2018-01-22 00:00:00+09:00,221.53303108048752,221.53303108048752,216.77910337489766,217.72988891601562,90000,0.0,0.0
2018-01-23 00:00:00+09:00,217.72987856657608,221.53302055027174,212.02516559103262,218.6806640625,93500,0.0,0.0
2018-01-24 00:00:00+09:00,220.58223939553284,228.18852351262018,220.58223939553284,222.4838104248047,70700,0.0,0.0
2018-01-25 00:00:00+09:00,222.4838087293837,241.49951887719425,222.4838087293837,231.04087829589844,215200,0.0,0.0
2018-01-26 00:00:00+09:00,235.79481211429885,238.64716871245568,224.38538572167147,226.28695678710938,157500,0.0,0.0
2018-01-29 00:00:00+09:00,223.43459653647946,224.38538205365597,218.68066895059692,219.63145446777344,83900,0.0,0.0
2018-01-30 00:00:00+09:00,216.77910473742293,219.6314613787048,208.2220348135773,212.02517700195312,160200,0.0,0.0
2018-01-31 00:00:00+09:00,212.02518259454098,220.58225274409642,210.1236114501953,210.1236114501953,125500,0.0,0.0
2018-02-01 00:00:00+09:00,212.02518583598888,216.77911376953125,212.02518583598888,216.77911376953125,66000,0.0,0.0
2018-02-02 00:00:00+09:00,214.87753854479107,214.87753854479107,210.12361070087977,212.97596740722656,75000,0.0,0.0
2018-02-05 00:00:00+09:00,207.2712499445135,210.12360659512606,205.3696788441051,209.17282104492188,82800,0.0,0.0
2018-02-06 00:00:00+09:00,181.6000306265695,201.5665261404855,176.84610312325614,186.3539581298828,252800,0.0,0.0
2018-02-07 00:00:00+09:00,196.8126139425153,202.51732739012445,189.20632934570312,189.20632934570312,75200,0.0,0.0
2018-02-08 00:00:00+09:00,191.10790049490618,193.96025721871075,186.35397262189855,189.20632934570312,63000,0.0,0.0
2018-02-09 00:00:00+09:00,179.6984844501202,185.4031982421875,179.6984844501202,185.4031982421875,92800,0.0,0.0
2018-02-12 00:00:00+09:00,185.4031982421875,185.4031982421875,185.4031982421875,185.4031982421875,0,0.0,0.0
2018-02-13 00:00:00+09:00,189.20634077023237,193.00948329827725,182.55084134615385,185.4031982421875,74200,0.0,0.0
2018-02-14 00:00:00+09:00,185.40318369865417,187.30475481351215,180.6492559115092,182.5508270263672,103600,0.0,0.0
2018-02-15 00:00:00+09:00,187.30474853515625,189.2063195862746,185.4031774840379,187.30474853515625,28400,0.0,0.0
2018-02-16 00:00:00+09:00,189.20632934570312,194.91104279331228,188.2555437711016,189.20632934570312,59900,0.0,0.0
2018-02-19 00:00:00+09:00,191.10787918988396,193.96023559570312,190.1570937212776,193.96023559570312,37000,0.0,0.0
2018-02-20 00:00:00+09:00,193.0094757080078,194.91104689724926,191.10790451876633,193.0094757080078,35900,0.0,0.0
2018-02-21 00:00:00+09:00,189.20632934570312,192.0586860695077,188.2555437711016,189.20632934570312,133300,0.0,0.0
2018-02-22 00:00:00+09:00,187.30474853515625,189.2063195862746,185.4031774840379,187.30474853515625,29300,0.0,0.0
2018-02-23 00:00:00+09:00,187.30473775531522,193.0094505803502,187.30473775531522,191.10787963867188,23600,0.0,0.0
2018-02-26 00:00:00+09:00,193.0094757080078,193.96026130262854,191.10790451876633,193.0094757080078,27700,0.0,0.0
2018-02-27 00:00:00+09:00,193.00947164410923,193.00947164410923,188.2555437711016,189.20632934570312,75900,0.0,0.0
2018-02-28 00:00:00+09:00,189.20631896972657,190.1571044921875,186.35396240234374,190.1571044921875,38700,0.0,0.0
2018-03-01 00:00:00+09:00,192.05867616295208,192.05867616295208,187.30474853515625,187.30474853515625,30900,0.0,0.0
2018-03-02 00:00:00+09:00,185.40318369865417,187.30475481351215,182.5508270263672,182.5508270263672,37200,0.0,0.0
2018-03-05 00:00:00+09:00,185.40317374781557,185.40317374781557,179.69846070942125,180.6492462158203,76700,0.0,0.0
2018-03-06 00:00:00+09:00,184.4523871285575,187.3047436305455,183.50160162789481,186.3539581298828,23400,0.0,0.0
2018-03-07 00:00:00+09:00,188.25555026654115,188.25555026654115,183.5016222295073,184.45240783691406,31200,0.0,0.0
2018-03-08 00:00:00+09:00,184.45241261017628,186.35398387419872,183.50162697816506,185.4031982421875,20500,0.0,0.0
2018-03-09 00:00:00+09:00,188.25552865587142,222.4838065933026,187.30474315760944,215.82830810546875,2667000,0.0,0.0
2018-03-12 00:00:00+09:00,208.2220354947177,215.8283198963512,204.4188932939009,209.17282104492188,754200,0.0,0.0
2018-03-13 00:00:00+09:00,206.320453122849,216.77909360373073,205.369667624587,215.82830810546875,292400,0.0,0.0
2018-03-14 00:00:00+09:00,212.97596740722656,216.7791096823556,209.1728251320975,212.97596740722656,129000,0.0,0.0
2018-03-15 00:00:00+09:00,212.02516867319744,232.9424498875936,210.12359765370687,228.1885223388672,487500,0.0,0.0
2018-03-16 00:00:00+09:00,225.33615794224022,227.2377288953393,214.8775177001953,214.8775177001953,227900,0.0,0.0
2018-03-19 00:00:00+09:00,214.877533643235,225.3361746612686,208.2220348135773,212.02517700195312,255300,0.0,0.0
2018-03-20 00:00:00+09:00,211.07438886926528,244.35188260991524,208.22203226292388,223.43460083007812,2691400,0.0,0.0
2018-03-21 00:00:00+09:00,223.43460083007812,223.43460083007812,223.43460083007812,223.43460083007812,0,0.0,0.0
2018-03-22 00:00:00+09:00,232.9424498875936,235.79480641682943,221.53302377065023,228.1885223388672,1168300,0.0,0.0
2018-03-23 00:00:00+09:00,214.8775177001953,222.4838015125916,212.0251612705467,214.8775177001953,497200,0.0,0.0
2018-03-26 00:00:00+09:00,215.82831919032898,217.7298902845169,207.27124926648332,212.02517700195312,191000,0.0,0.0
2018-03-27 00:00:00+09:00,219.63144402754932,258.61364837875936,211.07437477972275,252.908935546875,5916900,0.0,0.0
2018-03-28 00:00:00+09:00,275.0264866477565,308.6835741745798,265.4101759258069,292.3358459472656,18106000,3.0,0.0
2018-03-29 00:00:00+09:00,284.6427749322385,327.9161697699099,278.8729889538823,282.7195129394531,26026700,0.0,0.0
2018-03-30 00:00:00+09:00,298.1055965225589,308.6835370443272,275.0264535659737,277.9113464355469,7718100,0.0,0.0
2018-04-02 00:00:00+09:00,275.9880845224981,293.297441739937,271.1799297398762,277.9113464355469,2702000,0.0,0.0
2018-04-03 00:00:00+09:00,271.17992792902766,298.10559453190984,270.21829697892474,284.64276123046875,2066400,0.0,0.0
2018-04-04 00:00:00+09:00,282.71950653716397,286.5660304356288,273.10319679100195,275.0264587402344,621600,0.0,0.0
2018-04-05 00:00:00+09:00,279.83463928222653,303.8754158528646,275.98811503092446,288.48931884765625,3120600,0.0,0.0
2018-04-06 00:00:00+09:00,303.8754131304713,333.6859758109922,290.41257837152637,295.2207336425781,3997600,0.0,0.0
2018-04-09 00:00:00+09:00,290.4125522444273,293.2974451475176,276.94971869667233,281.75787353515625,1200700,0.0,0.0
2018-04-10 00:00:00+09:00,289.4509384931144,300.02887976694916,282.7195213188559,283.68115234375,1018100,0.0,0.0
2018-04-11 00:00:00+09:00,284.6427684863964,285.60439946101263,274.06482776561813,275.0264587402344,498800,0.0,0.0
2018-04-12 00:00:00+09:00,278.8729806320659,291.374183212124,275.9880877289756,281.75787353515625,753100,0.0,0.0
2018-04-13 00:00:00+09:00,283.6811321746932,287.5276560007907,275.0264535659737,277.9113464355469,417800,0.0,0.0
2018-04-16 00:00:00+09:00,274.0648726578597,276.94976605425825,259.6404056758671,262.5252990722656,625500,0.0,0.0
2018-04-17 00:00:00+09:00,265.4101811890961,273.1032299192148,259.64039464150704,268.2950744628906,276200,0.0,0.0
2018-04-18 00:00:00+09:00,274.06486101047966,275.0264921017445,259.64039464150704,268.2950744628906,215100,0.0,0.0
2018-04-19 00:00:00+09:00,268.2950303698774,277.91133970213104,267.33339943665203,270.2182922363281,142100,0.0,0.0
2018-04-20 00:00:00+09:00,268.2950419179209,282.71950653716397,267.3334109433047,275.0264587402344,180800,0.0,0.0
2018-04-23 00:00:00+09:00,271.1799563665459,276.94974267221716,263.4869079589844,263.4869079589844,217500,0.0,0.0
2018-04-24 00:00:00+09:00,264.4485529731302,265.41018407485063,257.71713526108687,261.56365966796875,150800,0.0,0.0
2018-04-25 00:00:00+09:00,259.6403724642048,264.44852750983824,252.90895540031804,258.6787414550781,224300,0.0,0.0
2018-04-26 00:00:00+09:00,257.7171057639466,259.6403677472597,252.90895080566406,252.90895080566406,89700,0.0,0.0
2018-04-27 00:00:00+09:00,256.7554645244892,256.7554645244892,245.2158930851863,250.0240478515625,141000,0.0,0.0
2018-04-30 00:00:00+09:00,250.0240478515625,250.0240478515625,250.0240478515625,250.0240478515625,0,0.0,0.0
2018-05-01 00:00:00+09:00,246.1775413784585,250.0240654624969,240.40775525240088,243.2926483154297,123400,0.0,0.0
2018-05-02 00:00:00+09:00,247.13918039422288,314.45335404245475,245.21591828998766,274.0648498535156,4115000,0.0,0.0
2018-05-03 00:00:00+09:00,274.0648498535156,274.0648498535156,274.0648498535156,274.0648498535156,0,0.0,0.0
2018-05-04 00:00:00+09:00,274.0648498535156,274.0648498535156,274.0648498535156,274.0648498535156,0,0.0,0.0
2018-05-07 00:00:00+09:00,270.21831436157225,280.79625549316404,266.3717903137207,269.2566833496094,596600,0.0,0.0
2018-05-08 00:00:00+09:00,284.64277718042246,295.22071822428956,271.1799431245917,275.98809814453125,1129200,0.0,0.0
2018-05-09 00:00:00+09:00,274.0648330311051,279.83461898965464,271.1799400518303,272.1415710449219,121400,0.0,0.0
2018-05-10 00:00:00+09:00,272.14155410277885,275.9880778356803,266.37176850342667,270.2182922363281,144000,0.0,0.0
2018-05-11 00:00:00+09:00,269.25671121348506,269.25671121348506,263.4869245446246,265.4101867675781,122800,0.0,0.0
2018-05-14 00:00:00+09:00,265.41014263784285,272.1415592989475,265.41014263784285,267.3334045410156,83300,0.0,0.0
2018-05-15 00:00:00+09:00,270.2183481293284,270.2183481293284,261.5636679401328,262.5252990722656,97200,0.0,0.0
2018-05-16 00:00:00+09:00,261.56365133475555,264.4485445480065,256.75549597933724,260.6020202636719,102600,0.0,0.0
2018-05-17 00:00:00+09:00,263.48689727783204,269.2566833496094,259.64037322998047,269.2566833496094,98800,0.0,0.0
2018-05-18 00:00:00+09:00,279.8346083485957,281.7578702616444,271.1799297398762,277.9113464355469,229400,0.0,0.0
2018-05-21 00:00:00+09:00,282.7195406181868,296.18237588571947,275.98812298442044,289.4509582519531,668000,0.0,0.0
2018-05-22 00:00:00+09:00,294.25908583344005,300.99050282962986,289.45093083616166,293.2974548339844,467100,0.0,0.0
2018-05-23 00:00:00+09:00,293.2974484633115,293.2974484633115,279.8346147633562,285.6044006347656,322400,0.0,0.0
2018-05-24 00:00:00+09:00,288.4893156352796,288.4893156352796,269.25669459292766,274.0648498535156,354400,0.0,0.0
2018-05-25 00:00:00+09:00,275.9881035173443,281.7578896535954,268.2950553356762,273.10321044921875,133600,0.0,0.0
2018-05-28 00:00:00+09:00,273.1032059432676,287.527671045905,273.1032059432676,286.5660400390625,180400,0.0,0.0
2018-05-29 00:00:00+09:00,282.71951196892945,284.6427739551126,272.1415710449219,272.1415710449219,134700,0.0,0.0
2018-05-30 00:00:00+09:00,266.3717850863723,284.6427739551126,264.4485231001891,272.1415710449219,180400,0.0,0.0
2018-05-31 00:00:00+09:00,274.0648226094493,281.7578702616444,274.0648226094493,277.9113464355469,116100,0.0,0.0
2018-06-01 00:00:00+09:00,293.297441739937,294.25907269646143,276.94971547902253,277.9113464355469,329800,0.0,0.0
2018-06-04 00:00:00+09:00,277.9113464355469,284.6427631312176,273.103191652925,277.9113464355469,131300,0.0,0.0
2018-06-05 00:00:00+09:00,277.9113464355469,280.79623930512,275.9880845224981,277.9113464355469,59800,0.0,0.0
2018-06-06 00:00:00+09:00,278.87301073006705,278.87301073006705,270.2183310867201,271.1799621582031,140200,0.0,0.0
2018-06-07 00:00:00+09:00,271.1799621582031,275.02648644413506,267.33343787227113,271.1799621582031,101800,0.0,0.0
2018-06-08 00:00:00+09:00,269.2566811166159,277.9113601525071,269.2566811166159,275.98809814453125,44000,0.0,0.0
2018-06-11 00:00:00+09:00,275.0264618972252,280.796247811153,271.1799379546067,278.87298583984375,57000,0.0,0.0
2018-06-12 00:00:00+09:00,277.91134966436914,283.6811354705498,277.91134966436914,281.75787353515625,92300,0.0,0.0
2018-06-13 00:00:00+09:00,280.7962784371107,292.33585152356727,279.83464734657264,289.4509582519531,146200,0.0,0.0
2018-06-14 00:00:00+09:00,292.33583275828073,326.9545497954456,292.33583275828073,304.8370361328125,3031400,0.0,0.0
2018-06-15 00:00:00+09:00,297.1439711564071,301.95212602948806,274.06482776561813,275.0264587402344,1034900,0.0,0.0
2018-06-18 00:00:00+09:00,275.0264749354834,275.9881059667264,264.448533591811,266.3717956542969,411800,0.0,0.0
2018-06-19 00:00:00+09:00,266.37180669017386,271.17996204559216,256.75549597933724,260.6020202636719,330000,0.0,0.0
2018-06-20 00:00:00+09:00,261.5636404980821,267.33342668553985,254.83222327938148,266.3717956542969,131400,0.0,0.0
2018-06-21 00:00:00+09:00,266.37181787905484,267.33344899053156,262.5252934331479,265.4101867675781,71700,0.0,0.0
2018-06-22 00:00:00+09:00,261.56365966796875,264.4485529731302,260.6020285662483,261.56365966796875,41500,0.0,0.0
2018-06-25 00:00:00+09:00,261.56362596198693,264.4485188953912,256.75547107297984,257.71710205078125,113300,0.0,0.0
2018-06-26 00:00:00+09:00,255.7938400951784,264.4485188953912,254.83220911737698,257.71710205078125,69400,0.0,0.0
2018-06-27 00:00:00+09:00,257.7170884874132,260.6019812689887,254.83219570583768,259.6403503417969,53300,0.0,0.0
2018-06-28 00:00:00+09:00,258.6787314164011,260.6019933600175,255.79383850097656,255.79383850097656,41400,0.0,0.0
2018-06-29 00:00:00+09:00,254.83219570583768,261.56361219618054,254.83219570583768,259.6403503417969,32500,0.0,0.0
2018-07-02 00:00:00+09:00,259.6403554852089,264.4485102164165,254.83220075400132,256.7554626464844,107300,0.0,0.0
2018-07-03 00:00:00+09:00,259.6404056758671,263.48693020439845,257.7171434116014,262.5252990722656,49300,0.0,0.0
2018-07-04 00:00:00+09:00,263.48689650071157,264.44852750983824,257.71711044595145,258.6787414550781,79200,0.0,0.0
2018-07-05 00:00:00+09:00,259.64038610458374,262.52527928352356,246.17755126953125,246.17755126953125,184100,0.0,0.0
2018-07-06 00:00:00+09:00,246.17753386406844,257.7171057639466,246.17753386406844,252.90895080566406,66400,0.0,0.0
2018-07-09 00:00:00+09:00,253.87058869572996,255.79385073130368,250.9856956423694,251.94732666015625,27400,0.0,0.0
2018-07-10 00:00:00+09:00,251.94731981400753,255.7938437806336,250.98568882235102,252.90895080566406,42500,0.0,0.0
2018-07-11 00:00:00+09:00,250.98567696903527,256.7554626464844,250.02404602279375,256.7554626464844,48000,0.0,0.0
2018-07-12 00:00:00+09:00,263.48691347692284,269.2566999034248,258.6787581215046,260.6020202636719,170300,0.0,0.0
2018-07-13 00:00:00+09:00,258.6787538348504,263.4869091105911,253.87059855910968,254.8322296142578,82200,0.0,0.0
2018-07-16 00:00:00+09:00,254.8322296142578,254.8322296142578,254.8322296142578,254.8322296142578,0,0.0,0.0
2018-07-17 00:00:00+09:00,257.7171041554418,257.7171041554418,249.06242528455013,250.98568725585938,41600,0.0,0.0
2018-07-18 00:00:00+09:00,250.02405627020477,252.90894922716865,249.06242528455013,250.98568725585938,37200,0.0,0.0
2018-07-19 00:00:00+09:00,252.9089402672198,273.10319025053394,250.98567836404703,267.3334045410156,410100,0.0,0.0
2018-07-20 00:00:00+09:00,262.5252769080392,269.25669426465555,262.5252769080392,263.4869079589844,96000,0.0,0.0
2018-07-23 00:00:00+09:00,264.4485529731302,265.41018407485063,260.6020285662483,261.56365966796875,37300,0.0,0.0
2018-07-24 00:00:00+09:00,261.5636188314973,267.3334045410156,261.5636188314973,267.3334045410156,37100,0.0,0.0
2018-07-25 00:00:00+09:00,269.2567169971955,269.2567169971955,260.6020368079999,262.5252990722656,75700,0.0,0.0
2018-07-26 00:00:00+09:00,264.4485188953912,266.37178085099407,256.75547107297984,257.71710205078125,66600,0.0,0.0
2018-07-27 00:00:00+09:00,260.60200582023793,260.60200582023793,250.02406462458254,251.94732666015625,141600,0.0,0.0
2018-07-30 00:00:00+09:00,251.9473150231031,251.9473150231031,245.21589820950874,247.13916015625,100000,0.0,0.0
2018-07-31 00:00:00+09:00,250.02406462458254,256.7554817490905,248.10080258900882,251.94732666015625,130600,0.0,0.0
2018-08-01 00:00:00+09:00,250.02405422836986,261.56362596198693,250.02405422836986,257.71710205078125,89000,0.0,0.0
2018-08-02 00:00:00+09:00,254.83219570583768,261.56361219618054,253.87056477864584,259.6403503417969,48600,0.0,0.0
2018-08-03 00:00:00+09:00,260.60201594514666,261.56364700029485,253.87059855910968,254.8322296142578,41600,0.0,0.0
2018-08-06 00:00:00+09:00,254.83222519568955,257.7171183111125,249.06243896484375,249.06243896484375,71000,0.0,0.0
2018-08-07 00:00:00+09:00,249.06242210299123,251.9473150231031,246.17752918287937,247.13916015625,56900,0.0,0.0
2018-08-08 00:00:00+09:00,247.13916331324086,251.947318241514,247.13916331324086,250.98568725585938,24400,0.0,0.0
2018-08-09 00:00:00+09:00,250.98570656776428,250.98570656776428,245.21592020988464,246.17755126953125,27200,0.0,0.0
2018-08-10 00:00:00+09:00,246.17755126953125,248.10081338882446,245.21592020988464,246.17755126953125,19000,0.0,0.0
2018-08-13 00:00:00+09:00,243.29266217600303,244.25429325179752,235.5996135696472,241.36940002441406,91500,0.0,0.0
2018-08-14 00:00:00+09:00,243.29263504152374,243.29263504152374,236.56121826171875,236.56121826171875,36700,0.0,0.0
2018-08-15 00:00:00+09:00,233.67633365522994,238.48448866871206,228.86817864174785,237.52285766601562,71200,0.0,0.0
2018-08-16 00:00:00+09:00,236.56123499716483,238.4844970703125,234.63797292401713,238.4844970703125,19900,0.0,0.0
2018-08-17 00:00:00+09:00,236.56122666331922,239.44611967140847,235.59959566062278,237.52285766601562,24000,0.0,0.0
2018-08-20 00:00:00+09:00,241.36938546450082,260.60200582023793,240.40775444671397,251.94732666015625,323400,0.0,0.0
2018-08-21 00:00:00+09:00,254.83222519568955,254.83222519568955,244.25428377247226,249.06243896484375,117700,0.0,0.0
2018-08-22 00:00:00+09:00,244.25426213191105,253.87057166466346,244.25426213191105,250.0240478515625,40400,0.0,0.0
2018-08-23 00:00:00+09:00,253.87058179732057,253.87058179732057,247.13916485572494,252.90895080566406,33800,0.0,0.0
2018-08-24 00:00:00+09:00,252.90895614624023,272.141576385498,250.98569412231444,269.2566833496094,419100,0.0,0.0
2018-08-27 00:00:00+09:00,269.2566664441884,275.0264521537067,265.41014263784285,267.3334045410156,214500,0.0,0.0
2018-08-28 00:00:00+09:00,269.25670001523713,272.1415932296861,266.3718068007882,271.1799621582031,74800,0.0,0.0
2018-08-29 00:00:00+09:00,269.25669459292766,275.0264809056332,269.25669459292766,274.0648498535156,91400,0.0,0.0
2018-08-30 00:00:00+09:00,276.94973144531247,278.8729934692383,261.5636352539062,269.2566833496094,154600,0.0,0.0
2018-08-31 00:00:00+09:00,266.37179618411596,276.9497375488281,263.486903084649,276.9497375488281,116400,0.0,0.0
2018-09-03 00:00:00+09:00,283.68114930247935,300.02887655041883,276.9497322003866,279.8346252441406,1287700,0.0,0.0
2018-09-04 00:00:00+09:00,276.94974879214635,292.3358459472656,275.0264866477565,292.3358459472656,371500,0.0,0.0
2018-09-05 00:00:00+09:00,290.41258117087017,301.95215393262663,280.79627053607317,299.0672607421875,572200,0.0,0.0
2018-09-06 00:00:00+09:00,300.02887271929393,307.7219207377373,289.4509316939342,303.8753967285156,705700,0.0,0.0
2018-09-07 00:00:00+09:00,296.1823621616242,304.8370415754379,290.4125758857484,301.9521484375,383700,0.0,0.0
2018-09-10 00:00:00+09:00,305.79864501953125,310.60679981543586,298.1055973460839,305.79864501953125,376900,0.0,0.0
2018-09-11 00:00:00+09:00,303.87541881360505,310.6068363189697,291.37421487507066,292.3358459472656,430500,0.0,0.0
2018-09-12 00:00:00+09:00,288.489299836706,298.1056098312628,283.68114483942753,293.2974548339844,193700,0.0,0.0
2018-09-13 00:00:00+09:00,293.2974690236863,303.8754105294586,291.3742069317277,301.9521484375,158200,0.0,0.0
2018-09-14 00:00:00+09:00,307.72194050854034,313.4917268930755,300.0288919958269,309.64520263671875,386900,0.0,0.0
2018-09-17 00:00:00+09:00,309.64520263671875,309.64520263671875,309.64520263671875,309.64520263671875,0,0.0,0.0
2018-09-18 00:00:00+09:00,314.4533301979486,319.2614850939417,303.8753894267638,313.49169921875,340200,0.0,0.0
2018-09-19 00:00:00+09:00,314.4533301979486,317.33822313554447,309.64517530195553,313.49169921875,173100,0.0,0.0
2018-09-20 00:00:00+09:00,312.5300768610567,355.80347211874147,311.56844585533037,352.9185791015625,1215100,0.0,0.0
2018-09-21 00:00:00+09:00,352.91860128100456,369.26632940573774,342.34065955323604,351.95697021484375,1001300,0.0,0.0
2018-09-24 00:00:00+09:00,351.95697021484375,351.95697021484375,351.95697021484375,351.95697021484375,0,0.0,0.0
2018-09-25 00:00:00+09:00,347.1487976592931,349.0720596961867,338.49411849327197,339.45574951171875,353900,0.0,0.0
2018-09-26 00:00:00+09:00,338.4941134982639,382.72913969405977,338.4941134982639,380.8058776855469,1191700,0.0,0.0
2018-09-27 00:00:00+09:00,384.65240478515625,395.23034591674804,376.9593566894531,384.65240478515625,1048300,0.0,0.0
2018-09-28 00:00:00+09:00,392.3454389429804,392.3454389429804,376.95934329815765,386.5756530761719,307200,0.0,0.0
2018-10-01 00:00:00+09:00,392.3454311636991,416.3862051320631,389.46053828749547,413.5013122558594,657400,0.0,0.0
2018-10-02 00:00:00+09:00,410.61646893669575,419.27114860983454,403.8850514131434,408.6932067871094,446800,0.0,0.0
2018-10-03 00:00:00+09:00,410.6164279440175,454.85145296843154,409.6547969652259,442.3502502441406,1495700,0.0,0.0
2018-10-04 00:00:00+09:00,454.8514851297086,489.47020281399926,449.0816988489934,463.50616455078125,2563800,0.0,0.0
2018-10-05 00:00:00+09:00,450.04331586325645,463.50615009848207,439.4653746784363,454.8514709472656,946900,0.0,0.0
2018-10-08 00:00:00+09:00,454.8514709472656,454.8514709472656,454.8514709472656,454.8514709472656,0,0.0,0.0
2018-10-09 00:00:00+09:00,461.58288876872416,477.93061607928314,452.92820960431055,465.4294128417969,770000,0.0,0.0
2018-10-10 00:00:00+09:00,474.08411397298175,476.9690071614583,401.0001531982422,432.7339782714844,1336100,0.0,0.0
2018-10-11 00:00:00+09:00,401.9617842610677,442.35028889973955,401.0001531982422,432.7339782714844,728700,0.0,0.0
2018-10-12 00:00:00+09:00,423.1176375546385,462.5445083267753,422.1560065601962,460.6212463378906,730600,0.0,0.0
2018-10-15 00:00:00+09:00,481.7771205785084,493.31669232889186,461.5828700153374,470.237548828125,1046800,0.0,0.0
2018-10-16 00:00:00+09:00,474.0841179396922,547.1680793259328,473.1224868688206,510.6260986328125,7010000,0.0,0.0
2018-10-17 00:00:00+09:00,509.6644839118509,543.3215724720675,501.00980399636666,523.1273193359375,3777000,0.0,0.0
2018-10-18 00:00:00+09:00,517.357527436756,533.7052559988839,500.04816778273806,504.8563232421875,1403300,0.0,0.0
2018-10-19 00:00:00+09:00,509.6644586277759,509.6644586277759,486.5853133314238,488.5085754394531,860600,0.0,0.0
2018-10-22 00:00:00+09:00,484.6620622004171,521.2040430806073,476.96901359406127,482.7388000488281,842100,0.0,0.0
2018-10-23 00:00:00+09:00,473.12247576032365,487.5469414847238,471.199213663737,484.66204833984375,628700,0.0,0.0
2018-10-24 00:00:00+09:00,484.6620081459603,498.12484170557036,472.1608055548939,473.1224365234375,585500,0.0,0.0
2018-10-25 00:00:00+09:00,451.9665826535692,468.31431011125153,433.69559314204196,441.3886413574219,875200,0.0,0.0
2018-10-26 00:00:00+09:00,449.081688293876,452.9282123906116,406.7699232297849,420.2327575683594,717600,0.0,0.0
2018-10-29 00:00:00+09:00,429.8490696727234,442.3502730412813,398.1152457371532,402.92340087890625,654300,0.0,0.0
2018-10-30 00:00:00+09:00,385.6140193179843,414.462948444018,384.6523883471165,410.6164245605469,521900,0.0,0.0
2018-10-31 00:00:00+09:00,416.38624462283036,431.7723414218264,413.5013514730186,425.0409240722656,471800,0.0,0.0
2018-11-01 00:00:00+09:00,395.23036551475525,403.8850450515747,366.38143372535706,369.2663269042969,1033300,0.0,0.0
2018-11-02 00:00:00+09:00,379.84424449078205,398.115233466288,375.99772049593867,387.53729248046875,631500,0.0,0.0
2018-11-05 00:00:00+09:00,390.42222444465364,409.65484633847893,385.6140689711973,399.076904296875,321100,0.0,0.0
2018-11-06 00:00:00+09:00,406.76993378464414,415.42461322687063,404.8466716863716,414.4629821777344,401100,0.0,0.0
2018-11-07 00:00:00+09:00,409.65480781323987,417.34785584729127,379.8442466812905,380.8058776855469,656800,0.0,0.0
2018-11-08 00:00:00+09:00,388.49893781050895,396.1919860839844,383.6907826395868,396.1919860839844,337700,0.0,0.0
2018-11-09 00:00:00+09:00,388.49892436594206,406.7699133831522,388.49892436594206,398.115234375,409800,0.0,0.0
2018-11-12 00:00:00+09:00,393.3071177287274,404.8466908650226,389.4605933499623,399.076904296875,230900,0.0,0.0
2018-11-13 00:00:00+09:00,394.2687269357534,403.8850373488206,384.6524165226863,400.03851318359375,213400,0.0,0.0
2018-11-14 00:00:00+09:00,403.88502208464735,424.0792731888797,401.9617600747205,419.2711181640625,542900,0.0,0.0
2018-11-15 00:00:00+09:00,422.15602023260936,441.38864074434554,413.50134100232805,430.8106994628906,725400,0.0,0.0
2018-11-16 00:00:00+09:00,430.8107152478448,433.6956084303081,384.65242432843286,390.4222106933594,1002800,0.0,0.0
2018-11-19 00:00:00+09:00,390.42220524645666,401.0001467679124,381.76752581981106,393.3070983886719,284900,0.0,0.0
2018-11-20 00:00:00+09:00,393.30707752461336,394.26870852100603,375.0360885931521,376.9593505859375,365000,0.0,0.0
2018-11-21 00:00:00+09:00,362.5349122666821,383.6907957411304,362.5349122666821,373.11285400390625,328700,0.0,0.0
2018-11-22 00:00:00+09:00,374.0744906338778,374.0744906338778,357.72676225142044,370.22796630859375,278000,0.0,0.0
2018-11-23 00:00:00+09:00,370.22796630859375,370.22796630859375,370.22796630859375,370.22796630859375,0,0.0,0.0
2018-11-26 00:00:00+09:00,363.4965433337025,380.80590254006927,363.4965433337025,373.11285400390625,275300,0.0,0.0
2018-11-27 00:00:00+09:00,376.9593566894531,387.5372978210449,365.41978454589844,384.65240478515625,390600,0.0,0.0
2018-11-28 00:00:00+09:00,382.729159069793,389.4605764403672,375.99774169921875,375.99774169921875,294400,0.0,0.0
2018-11-29 00:00:00+09:00,376.9593753814697,382.72916173934937,369.2663269042969,369.2663269042969,172900,0.0,0.0
2018-11-30 00:00:00+09:00,374.07447707593144,389.4605738194145,369.266321843593,382.7291564941406,421600,0.0,0.0
2018-12-03 00:00:00+09:00,393.3071095904182,428.88745935776655,390.4222163660386,408.6932067871094,1262400,0.0,0.0
2018-12-04 00:00:00+09:00,407.731545804727,410.61643881749626,378.88261567703404,380.8058776855469,590500,0.0,0.0
2018-12-05 00:00:00+09:00,373.11284076186485,391.38383038680155,372.15120972897347,385.6140441894531,346200,0.0,0.0
2018-12-06 00:00:00+09:00,384.65240952882124,385.6140405526433,365.41978905238017,371.1895751953125,326800,0.0,0.0
2018-12-07 00:00:00+09:00,375.99772723931915,380.8058823191059,364.4581550478311,367.3430480957031,187800,0.0,0.0
2018-12-10 00:00:00+09:00,360.6116442176385,371.1895857813559,346.18717844893297,354.84185791015625,359400,0.0,0.0
2018-12-11 00:00:00+09:00,353.8801848130419,358.6883394980017,330.8010423252348,332.72430419921875,379400,0.0,0.0
2018-12-12 00:00:00+09:00,332.7243434117493,349.0720712672399,332.7243434117493,344.263916015625,214800,0.0,0.0
2018-12-13 00:00:00+09:00,347.1487764541417,357.7267170109161,341.3789906959011,350.99530029296875,144100,0.0,0.0
2018-12-14 00:00:00+09:00,346.18719482421875,353.88024359809026,339.45577714708116,346.18719482421875,75800,0.0,0.0
2018-12-17 00:00:00+09:00,341.37901698521205,345.2255411202567,335.6092307826451,336.57086181640625,115500,0.0,0.0
2018-12-18 00:00:00+09:00,323.10804611480165,329.83946374219335,317.3382595770373,321.1847839355469,196600,0.0,0.0
2018-12-19 00:00:00+09:00,316.3765942803745,338.49410695043105,316.3765942803745,334.6475830078125,170000,0.0,0.0
2018-12-20 00:00:00+09:00,326.95454253247505,332.72432857716575,316.376601450542,325.0312805175781,148300,0.0,0.0
2018-12-21 00:00:00+09:00,326.95455641973587,334.6476048060826,317.3382459368025,323.1080322265625,180500,0.0,0.0
2018-12-24 00:00:00+09:00,323.1080322265625,323.1080322265625,323.1080322265625,323.1080322265625,0,0.0,0.0
2018-12-25 00:00:00+09:00,316.3765919489491,316.3765919489491,280.79624574192445,285.6044006347656,278500,0.0,0.0
2018-12-26 00:00:00+09:00,293.29745789561844,304.83703000954443,293.29745789561844,297.14398193359375,132400,0.0,0.0
2018-12-27 00:00:00+09:00,325.0313197810475,325.0313197810475,311.56848405047157,315.4150085449219,132900,0.0,0.0
2018-12-28 00:00:00+09:00,307.72195406910873,324.06968287903015,307.72195406910873,318.2998962402344,93300,0.0,0.0
2018-12-31 00:00:00+09:00,318.2998962402344,318.2998962402344,318.2998962402344,318.2998962402344,0,0.0,0.0
2019-01-04 00:00:00+09:00,317.33823608744245,355.80347682531425,315.4149740505489,339.45574951171875,718300,0.0,0.0
2019-01-07 00:00:00+09:00,362.5348714429279,416.3862051320631,355.80345473178596,413.5013122558594,2691400,0.0,0.0
2019-01-08 00:00:00+09:00,405.808308111173,440.4270263386664,400.0385217399241,411.5780944824219,3105700,0.0,0.0
2019-01-09 00:00:00+09:00,417.3478745737985,422.15602981082384,387.53731210424144,393.3070983886719,1222900,0.0,0.0
2019-01-10 00:00:00+09:00,391.3838285386989,409.6548180773605,387.53730442529644,402.92340087890625,737900,0.0,0.0
2019-01-11 00:00:00+09:00,401.96179758094877,415.4246329066265,397.1536421074925,399.076904296875,477600,0.0,0.0
2019-01-15 00:00:00+09:00,401.00014422490045,409.6548235966609,399.07688214228705,400.03851318359375,290100,0.0,0.0
2019-01-16 00:00:00+09:00,405.80829694310546,409.65482108474623,400.03851073064425,406.7699279785156,268300,0.0,0.0
2019-01-17 00:00:00+09:00,408.69318817207875,426.002546729955,405.80829507909937,424.07928466796875,583300,0.0,0.0
2019-01-18 00:00:00+09:00,427.9258087919413,431.77233291591375,419.27112951300313,424.07928466796875,353700,0.0,0.0
2019-01-21 00:00:00+09:00,424.0792778702144,426.96417091695054,404.84665755864006,405.80828857421875,317800,0.0,0.0
2019-01-22 00:00:00+09:00,403.8850129325435,413.5013227642707,401.0001199830253,407.7315368652344,260900,0.0,0.0
2019-01-23 00:00:00+09:00,403.88500776447233,417.3478413566214,403.88500776447233,410.6164245605469,162800,0.0,0.0
2019-01-24 00:00:00+09:00,410.61644365211237,413.5013366988485,404.84665755864006,405.80828857421875,143100,0.0,0.0
2019-01-25 00:00:00+09:00,408.6931910139791,429.849073842938,407.73155997629914,427.9258117675781,769700,0.0,0.0
2019-01-28 00:00:00+09:00,435.61884918551226,461.58288655418517,428.88743208993037,433.6955871582031,2132900,0.0,0.0
2019-01-29 00:00:00+09:00,428.88743678601435,445.2351641971405,418.3094955199916,420.2327575683594,751000,0.0,0.0
2019-01-30 00:00:00+09:00,416.3862022699094,418.3094641741584,392.3454284667969,392.3454284667969,652100,0.0,0.0
2019-01-31 00:00:00+09:00,392.34546394154506,399.07688121505197,378.88262939453125,378.88262939453125,557000,0.0,0.0
2019-02-01 00:00:00+09:00,381.7675445924322,402.9234286756401,381.7675445924322,399.076904296875,476900,0.0,0.0
2019-02-04 00:00:00+09:00,401.9617778153175,406.76993305234276,388.49894315164653,393.3070983886719,208000,0.0,0.0
2019-02-05 00:00:00+09:00,393.3070807408805,393.3070807408805,379.8442466812905,380.8058776855469,190900,0.0,0.0
2019-02-06 00:00:00+09:00,379.8442520258081,388.4989311858898,373.11283490130006,377.9209899902344,197500,0.0,0.0
2019-02-07 00:00:00+09:00,375.9977327613529,377.92099482151326,361.5732673101501,364.4581604003906,248200,0.0,0.0
2019-02-08 00:00:00+09:00,358.6883847568575,362.534908990175,347.148812056905,348.1104431152344,329300,0.0,0.0
2019-02-12 00:00:00+09:00,350.03369494918786,369.26631555079155,350.03369494918786,364.4581604003906,214500,0.0,0.0
2019-02-13 00:00:00+09:00,374.0744620832817,383.6907721625434,361.5732589802414,363.49652099609375,165700,0.0,0.0
2019-02-14 00:00:00+09:00,364.45814670352485,370.22793266716906,362.53488471564344,366.38140869140625,73100,0.0,0.0
2019-02-15 00:00:00+09:00,362.53487637168485,373.11281706157484,360.6116144280685,365.4197692871094,100100,0.0,0.0
2019-02-18 00:00:00+09:00,373.11281938695197,395.2303318763847,370.2279264535477,386.5756530761719,227700,0.0,0.0
2019-02-19 00:00:00+09:00,383.6908067818148,403.88505977033134,383.6908067818148,399.076904296875,391400,0.0,0.0
2019-02-20 00:00:00+09:00,404.84665755864006,408.69318162095493,399.07687146516776,405.80828857421875,213100,0.0,0.0
2019-02-21 00:00:00+09:00,406.7699304727407,417.3478719271146,399.07688214228705,400.03851318359375,261200,0.0,0.0
2019-02-22 00:00:00+09:00,392.34547281500153,396.19199705828584,384.65242432843286,390.4222106933594,180200,0.0,0.0
2019-02-25 00:00:00+09:00,392.34546485314,407.7315615140475,387.53730964660645,400.03851318359375,203400,0.0,0.0
2019-02-26 00:00:00+09:00,400.03850411896656,402.9233971775168,388.4989318847656,388.4989318847656,124700,0.0,0.0
2019-02-27 00:00:00+09:00,384.6523859471451,394.2686955958237,381.7674930525415,389.4605407714844,155100,0.0,0.0
2019-02-28 00:00:00+09:00,389.4605513264362,391.38381330829515,382.7291343899299,383.6907653808594,109500,0.0,0.0
2019-03-01 00:00:00+09:00,383.69076634848994,401.9617552222275,383.69076634848994,394.2687072753906,171700,0.0,0.0
2019-03-04 00:00:00+09:00,401.9617919921875,407.7315784801136,397.1536365855824,401.9617919921875,238800,0.0,0.0
2019-03-05 00:00:00+09:00,399.0768699645996,399.0768699645996,384.65240478515625,384.65240478515625,236800,0.0,0.0
2019-03-06 00:00:00+09:00,388.49894315164653,395.230360483482,385.6140500094313,393.3070983886719,81500,0.0,0.0
2019-03-07 00:00:00+09:00,387.53730016810295,393.3070862748241,376.9593589724475,377.9209899902344,198100,0.0,0.0
2019-03-08 00:00:00+09:00,375.99770663646945,375.99770663646945,354.8418254446476,361.5732421875,273500,0.0,0.0
2019-03-11 00:00:00+09:00,364.45814670352485,370.22793266716906,359.64999173382137,366.38140869140625,83400,0.0,0.0
2019-03-12 00:00:00+09:00,375.03611064627955,388.4989453874281,375.03611064627955,375.99774169921875,94400,0.0,0.0
2019-03-13 00:00:00+09:00,376.9593673163864,380.8058914726761,372.15121212102434,378.88262939453125,56600,0.0,0.0
2019-03-14 00:00:00+09:00,378.88260289242396,378.88260289242396,355.80345956902755,365.4197692871094,212200,0.0,0.0
2019-03-15 00:00:00+09:00,370.2279262184777,371.18955719566856,355.80346156061495,358.6883544921875,100700,0.0,0.0
2019-03-18 00:00:00+09:00,360.6116144280685,371.1895551179585,359.64998345626026,365.4197692871094,70600,0.0,0.0
2019-03-19 00:00:00+09:00,369.26630144817074,397.1536002554545,365.4197774747523,394.2687072753906,256100,0.0,0.0
2019-03-20 00:00:00+09:00,394.2687349366437,394.2687349366437,381.7675311459696,390.4222106933594,146900,0.0,0.0
2019-03-22 00:00:00+09:00,389.46056220367666,389.46056220367666,368.3046798123658,377.9209899902344,171500,0.0,0.0
2019-03-25 00:00:00+09:00,363.4965327693726,383.6907845898933,362.5349017303002,378.88262939453125,121900,0.0,0.0
2019-03-26 00:00:00+09:00,384.6523973418445,402.9233862155821,383.69076634848994,394.2687072753906,319200,0.0,0.0
2019-03-27 00:00:00+09:00,383.61279770934465,402.0184622459041,383.61279770934465,399.1123046875,241100,3.0,0.0
2019-03-28 00:00:00+09:00,405.89335096928113,464.0165038527104,402.9871933251097,441.7359619140625,3970400,0.0,0.0
2019-03-29 00:00:00+09:00,434.95491679699154,439.79851275241464,392.3312723892685,405.8933410644531,2039900,0.0,0.0
2019-04-01 00:00:00+09:00,412.6743871155665,414.61182555272876,334.208130410494,336.14556884765625,2174200,0.0,0.0
2019-04-02 00:00:00+09:00,339.05172319554566,346.80147686858675,320.64605822207324,324.52093505859375,889200,0.0,0.0
2019-04-03 00:00:00+09:00,318.7086189913462,322.58349581798876,302.24039247811555,321.6147766113281,609800,0.0,0.0
2019-04-04 00:00:00+09:00,316.77117919921875,329.36452883099196,313.8650215918865,316.77117919921875,299300,0.0,0.0
2019-04-05 00:00:00+09:00,312.896300985206,318.7086161737857,310.95886258901277,311.9275817871094,207600,0.0,0.0
2019-04-08 00:00:00+09:00,316.77117660810364,319.6773341916642,307.0839846629017,308.0527038574219,148700,0.0,0.0
2019-04-09 00:00:00+09:00,309.021450421668,311.9276082626242,291.58450337593126,292.55322265625,365300,0.0,0.0
2019-04-10 00:00:00+09:00,286.7408739899936,289.64703149664894,278.99112063891266,282.8659973144531,373700,0.0,0.0
2019-04-11 00:00:00+09:00,287.7095921922308,287.7095921922308,278.9911197015571,279.9598388671875,196700,0.0,0.0
2019-04-12 00:00:00+09:00,283.83471584977775,284.80343501650054,277.0536816827182,280.9285583496094,195300,0.0,0.0
2019-04-15 00:00:00+09:00,281.897278145568,286.7408739899936,279.9598398077978,282.8659973144531,192600,0.0,0.0
2019-04-16 00:00:00+09:00,282.86599571945777,284.8034340463033,278.02239990234375,278.02239990234375,117300,0.0,0.0
2019-04-17 00:00:00+09:00,278.9911177672261,279.9598369261401,273.17880281374227,274.14752197265625,139100,0.0,0.0
2019-04-18 00:00:00+09:00,271.2413924779647,271.2413924779647,263.49163840716574,264.4603576660156,163400,0.0,0.0
2019-04-19 00:00:00+09:00,266.39779707154645,273.1788319060949,266.39779707154645,268.3352355957031,192300,0.0,0.0
2019-04-22 00:00:00+09:00,269.3039537317613,270.2726729897892,262.5229189255658,263.49163818359375,98900,0.0,0.0
2019-04-23 00:00:00+09:00,264.4603578887717,275.1162697450958,263.49163862910586,265.4290771484375,199600,0.0,0.0
2019-04-24 00:00:00+09:00,266.3977964081033,269.3039541871008,263.49163862910586,265.4290771484375,112000,0.0,0.0
2019-04-25 00:00:00+09:00,264.4603250910727,265.4290442306004,258.64801025390625,258.64801025390625,163300,0.0,0.0
2019-04-26 00:00:00+09:00,256.7105859676695,259.616743544662,245.08595565969952,254.7731475830078,325700,0.0,0.0
2019-05-07 00:00:00+09:00,235.39877560581616,247.02340649993053,235.39877560581616,245.08596801757812,225700,0.0,0.0
2019-05-08 00:00:00+09:00,240.24235409595929,241.21107326570106,234.43003907750867,236.3674774169922,124200,0.0,0.0
2019-05-09 00:00:00+09:00,235.39877268684356,245.08596497848322,233.46133422851562,233.46133422851562,154700,0.0,0.0
2019-05-10 00:00:00+09:00,230.5551762898763,237.33621088663736,229.58645706176756,232.49261474609375,196600,0.0,0.0
2019-05-13 00:00:00+09:00,232.49260042920523,236.36747710302532,229.58644292384017,235.3987579345703,152900,0.0,0.0
2019-05-14 00:00:00+09:00,229.58645629882812,231.52389474860726,222.80542172460113,229.58645629882812,175100,0.0,0.0
2019-05-15 00:00:00+09:00,228.61773681640625,231.52389448780124,222.80542147361626,228.61773681640625,123500,0.0,0.0
2019-05-16 00:00:00+09:00,226.6802967900815,227.64901600713316,220.86798148777174,222.805419921875,133900,0.0,0.0
2019-05-17 00:00:00+09:00,221.83670224981793,235.39877138299457,221.83670224981793,228.61773681640625,173800,0.0,0.0
2019-05-20 00:00:00+09:00,228.61773549529897,231.52389314990023,222.80542018609646,223.77413940429688,85000,0.0,0.0
2019-05-21 00:00:00+09:00,222.80541965534593,223.77413887123873,216.99310435998908,221.83670043945312,116000,0.0,0.0
2019-05-22 00:00:00+09:00,222.80542172460113,231.52389474860726,222.80542172460113,229.58645629882812,121200,0.0,0.0
2019-05-23 00:00:00+09:00,226.68029651891717,228.61773495070278,221.83670043945312,221.83670043945312,105800,0.0,0.0
2019-05-24 00:00:00+09:00,216.02438488341215,222.8054193864789,216.02438488341215,220.86798095703125,112300,0.0,0.0
2019-05-27 00:00:00+09:00,218.93052902549124,227.64900142031166,218.93052902549124,225.71156311035156,119300,0.0,0.0
2019-05-28 00:00:00+09:00,224.74285992121293,232.49261371159957,224.74285992121293,228.61773681640625,142400,0.0,0.0
2019-05-29 00:00:00+09:00,225.71157888858878,229.58645577937997,222.80542122049536,227.64901733398438,81700,0.0,0.0
2019-05-30 00:00:00+09:00,224.74284428001468,227.6490017491528,221.83668681087656,226.68028259277344,80000,0.0,0.0
2019-05-31 00:00:00+09:00,224.74285835597826,225.7115775730299,220.86798148777174,222.805419921875,74500,0.0,0.0
2019-06-03 00:00:00+09:00,216.99310017523365,217.96181937244452,206.33718900591415,207.305908203125,141800,0.0,0.0
2019-06-04 00:00:00+09:00,206.33719119510135,217.96182168496622,206.33719119510135,215.0556640625,133400,0.0,0.0
2019-06-05 00:00:00+09:00,217.9618227798327,222.80541884160675,216.99310356747787,218.9305419921875,82000,0.0,0.0
2019-06-06 00:00:00+09:00,216.02438354492188,221.83669879725161,216.02438354492188,216.02438354492188,80000,0.0,0.0
2019-06-07 00:00:00+09:00,216.99310383397577,222.80541911524298,216.99310383397577,219.89926147460938,73400,0.0,0.0
2019-06-10 00:00:00+09:00,220.86798174969562,228.61773549529897,220.86798174969562,223.77413940429688,129100,0.0,0.0
2019-06-11 00:00:00+09:00,223.77413832878753,225.7115767558766,219.89926147460938,219.89926147460938,70800,0.0,0.0
2019-06-12 00:00:00+09:00,220.86796733545134,225.71156311035156,217.9618098705112,225.71156311035156,106600,0.0,0.0
2019-06-13 00:00:00+09:00,223.7741386012027,223.7741386012027,218.9305425275836,220.86798095703125,75600,0.0,0.0
2019-06-14 00:00:00+09:00,218.93054226106486,221.83669990169844,218.93054226106486,219.89926147460938,51800,0.0,0.0
2019-06-17 00:00:00+09:00,219.89926093207464,221.83669935438368,216.99310329861112,217.96182250976562,57400,0.0,0.0
2019-06-18 00:00:00+09:00,216.9931021988122,219.89925981754632,213.11822537383344,214.08694458007812,52600,0.0,0.0
2019-06-19 00:00:00+09:00,216.99310329861112,217.96182250976562,213.11822645399306,217.96182250976562,32800,0.0,0.0
2019-06-20 00:00:00+09:00,217.9618227798327,219.8992612045423,216.99310356747787,218.9305419921875,33800,0.0,0.0
2019-06-21 00:00:00+09:00,216.02438462043125,221.83669990169844,216.02438462043125,219.89926147460938,45700,0.0,0.0
2019-06-24 00:00:00+09:00,218.93054172092013,219.89926093207464,216.99310329861112,217.96182250976562,27600,0.0,0.0
2019-06-25 00:00:00+09:00,217.96182250976562,218.93054172092013,215.05566487630207,217.96182250976562,50100,0.0,0.0
2019-06-26 00:00:00+09:00,216.02438354492188,217.96182196236512,214.08694512747863,216.02438354492188,56600,0.0,0.0
2019-06-27 00:00:00+09:00,214.08694458007812,216.02438299256752,213.11822537383344,214.08694458007812,34900,0.0,0.0
2019-06-28 00:00:00+09:00,215.05566433620027,216.99310275364348,215.05566433620027,216.02438354492188,25700,0.0,0.0
2019-07-01 00:00:00+09:00,216.99310329861112,220.86798014322918,216.99310329861112,217.96182250976562,60000,0.0,0.0
2019-07-02 00:00:00+09:00,218.93052870651772,230.55515854934166,218.93052870651772,224.7428436279297,263300,0.0,0.0
2019-07-03 00:00:00+09:00,226.68028995705387,253.80442721687228,226.68028995705387,250.8982696533203,1133300,0.0,0.0
2019-07-04 00:00:00+09:00,247.0233926107717,258.6480228512786,240.24235830380934,249.92955017089844,858500,0.0,0.0
2019-07-05 00:00:00+09:00,252.83570743070965,253.80442661626793,246.05467313180174,248.96083068847656,313800,0.0,0.0
2019-07-08 00:00:00+09:00,248.96082791974467,249.92954709452965,237.3361978223247,240.2423553466797,136200,0.0,0.0
2019-07-09 00:00:00+09:00,239.2736493428548,241.21108779907226,232.49261474609375,232.49261474609375,105700,0.0,0.0
2019-07-10 00:00:00+09:00,233.46132315841373,247.0233917236328,233.46132315841373,247.0233917236328,112400,0.0,0.0
2019-07-11 00:00:00+09:00,247.02340551169522,247.992124748996,241.21109008789062,241.21109008789062,92200,0.0,0.0
2019-07-12 00:00:00+09:00,247.02338957017466,247.02338957017466,236.36747864753968,240.2423553466797,91300,0.0,0.0
2019-07-16 00:00:00+09:00,240.24235503779732,243.14851255841583,237.3361975171788,239.2736358642578,34400,0.0,0.0
2019-07-17 00:00:00+09:00,239.2736358642578,240.24235503779732,234.43003999656028,239.2736358642578,54000,0.0,0.0
2019-07-18 00:00:00+09:00,237.3362100979447,237.3362100979447,229.58645629882812,229.58645629882812,77700,0.0,0.0
2019-07-19 00:00:00+09:00,227.64900142031166,230.5551588852518,222.80540564541144,225.71156311035156,94000,0.0,0.0
2019-07-22 00:00:00+09:00,227.6490190994641,235.398772941148,225.71158063904315,234.4300537109375,85300,0.0,0.0
2019-07-23 00:00:00+09:00,233.46131959766026,240.24235377684542,233.46131959766026,235.3987579345703,71800,0.0,0.0
2019-07-24 00:00:00+09:00,235.3987582472504,237.33619658673396,232.49260073802512,236.3674774169922,31800,0.0,0.0
2019-07-25 00:00:00+09:00,236.36747772839607,237.33619689941406,233.461320215342,237.33619689941406,25700,0.0,0.0
2019-07-26 00:00:00+09:00,234.43005268513656,235.39877191110818,227.64901810333507,230.55517578125,51100,0.0,0.0
2019-07-29 00:00:00+09:00,230.5551755237177,232.49261397349684,223.77414094949071,229.58645629882812,41200,0.0,0.0
2019-07-30 00:00:00+09:00,229.58644006191156,230.55515921829092,226.68028259277344,226.68028259277344,29800,0.0,0.0
2019-07-31 00:00:00+09:00,228.61773681640625,231.52389448780124,227.64901759260792,228.61773681640625,29900,0.0,0.0
2019-08-01 00:00:00+09:00,220.86798122356032,223.77413887123873,218.9305427917747,221.83670043945312,112200,0.0,0.0
2019-08-02 00:00:00+09:00,219.89926065717427,220.86797986711775,216.99310302734375,216.99310302734375,57700,0.0,0.0
2019-08-05 00:00:00+09:00,216.99310134747708,217.96182054992116,209.24334772792432,211.1807861328125,65800,0.0,0.0
2019-08-06 00:00:00+09:00,207.30590932303613,211.1807861328125,203.43103251325974,211.1807861328125,68200,0.0,0.0
2019-08-07 00:00:00+09:00,209.24334744923675,212.14950505269837,209.24334744923675,210.21206665039062,54600,0.0,0.0
2019-08-08 00:00:00+09:00,210.21206720778932,212.14950561523438,209.24334800406677,212.14950561523438,28600,0.0,0.0
2019-08-09 00:00:00+09:00,212.1495058926669,214.0869443026456,211.18078668767757,213.11822509765625,19100,0.0,0.0
2019-08-13 00:00:00+09:00,210.21206665039062,211.1807858515445,206.33718984577513,210.21206665039062,26800,0.0,0.0
2019-08-14 00:00:00+09:00,210.2120669303684,212.1495053352566,208.2746285254802,211.1807861328125,19500,0.0,0.0
2019-08-15 00:00:00+09:00,206.33718872070312,208.2746271124468,206.33718872070312,206.33718872070312,61800,0.0,0.0
2019-08-16 00:00:00+09:00,207.30590791657497,207.30590791657497,205.36846952483128,206.33718872070312,19900,0.0,0.0
2019-08-19 00:00:00+09:00,206.33718956841363,209.24334716796875,206.33718956841363,209.24334716796875,21700,0.0,0.0
2019-08-20 00:00:00+09:00,209.24334659754675,210.2120657947576,207.305908203125,207.305908203125,27200,0.0,0.0
2019-08-21 00:00:00+09:00,207.30590762732166,207.30590762732166,205.36846923828125,205.36846923828125,31200,0.0,0.0
2019-08-22 00:00:00+09:00,204.39974975585938,206.33718814217085,203.43103056270365,204.39974975585938,30600,0.0,0.0
2019-08-23 00:00:00+09:00,204.39976435441238,204.39976435441238,201.4936065673828,201.4936065673828,30700,0.0,0.0
2019-08-26 00:00:00+09:00,195.6812734939345,199.5561501967847,192.77511596679688,192.77511596679688,68500,0.0,0.0
2019-08-27 00:00:00+09:00,195.68127380371095,195.68127380371095,191.80639709472658,193.74383544921875,48800,0.0,0.0
2019-08-28 00:00:00+09:00,189.86895525896992,190.83767441845444,183.08792114257812,183.08792114257812,143200,0.0,0.0
2019-08-29 00:00:00+09:00,183.08793411254882,184.05665334065753,173.40074183146157,174.3694610595703,166400,0.0,0.0
2019-08-30 00:00:00+09:00,175.3381807935107,177.27561925531742,174.3694615626073,176.30690002441406,70900,0.0,0.0
2019-09-02 00:00:00+09:00,176.30690100885207,181.15049719041394,176.30690100885207,180.18177795410156,51600,0.0,0.0
2019-09-03 00:00:00+09:00,182.11920166015625,183.08792081792302,179.21304418685588,182.11920166015625,60600,0.0,0.0
2019-09-04 00:00:00+09:00,180.18177770666173,181.15049694164378,178.24433923669764,179.2130584716797,50900,0.0,0.0
2019-09-05 00:00:00+09:00,179.21304418685588,183.08792081792302,179.21304418685588,182.11920166015625,62100,0.0,0.0
2019-09-06 00:00:00+09:00,180.1817636641245,187.93151694000082,180.1817636641245,183.08792114257812,151200,0.0,0.0
2019-09-09 00:00:00+09:00,183.08792081792302,184.05663997568982,181.15048250238945,182.11920166015625,43700,0.0,0.0
2019-09-10 00:00:00+09:00,182.11920198309357,183.08792114257812,181.15048282360905,183.08792114257812,41700,0.0,0.0
2019-09-11 00:00:00+09:00,184.056640625,185.02535978618423,181.15048314144738,184.056640625,40900,0.0,0.0
2019-09-12 00:00:00+09:00,185.02537560462952,188.9002525806427,184.05665636062622,185.9940948486328,81300,0.0,0.0
2019-09-13 00:00:00+09:00,185.02537630521334,192.77513028658353,185.02537630521334,188.90025329589844,105300,0.0,0.0
2019-09-17 00:00:00+09:00,188.90024044243572,203.43102816877692,185.9940828971675,196.64999389648438,322000,0.0,0.0
2019-09-18 00:00:00+09:00,194.71256878192608,194.71256878192608,188.90025329589844,188.90025329589844,90800,0.0,0.0
2019-09-19 00:00:00+09:00,187.9315333366394,189.868971824646,185.02537560462952,185.9940948486328,64800,0.0,0.0
2019-09-20 00:00:00+09:00,186.96281526052408,190.8376922607422,186.96281526052408,190.8376922607422,44900,0.0,0.0
2019-09-24 00:00:00+09:00,193.74383605352722,196.64999359433014,192.7751168732596,195.6812744140625,88500,0.0,0.0
2019-09-25 00:00:00+09:00,194.71255400686553,194.71255400686553,191.806396484375,191.806396484375,38700,0.0,0.0
2019-09-26 00:00:00+09:00,193.74384953425482,193.74384953425482,188.90025329589844,188.90025329589844,100800,0.0,0.0
2019-09-27 00:00:00+09:00,189.86895592175227,189.86895592175227,184.0566409445558,185.02536010742188,79200,0.0,0.0
2019-09-30 00:00:00+09:00,183.08793515744418,183.08793515744418,178.2443389892578,178.2443389892578,127400,0.0,0.0
2019-10-01 00:00:00+09:00,177.27561950683594,178.24433873911372,176.30690027455813,177.27561950683594,112700,0.0,0.0
2019-10-02 00:00:00+09:00,175.33818104228035,178.24433873911372,175.33818104228035,177.27561950683594,79700,0.0,0.0
2019-10-03 00:00:00+09:00,175.3381805419922,176.30689977150595,174.36946131247842,175.3381805419922,97600,0.0,0.0
2019-10-04 00:00:00+09:00,174.3694615626073,177.27561925531742,173.40074233170395,176.30690002441406,73300,0.0,0.0
2019-10-07 00:00:00+09:00,176.30690076673352,180.18177770666173,175.33818153175147,179.2130584716797,96700,0.0,0.0
2019-10-08 00:00:00+09:00,179.21304386567303,181.15048217773438,179.21304386567303,181.15048217773438,56700,0.0,0.0
2019-10-09 00:00:00+09:00,180.18177770666173,180.18177770666173,178.24433923669764,179.2130584716797,53800,0.0,0.0
2019-10-10 00:00:00+09:00,178.24433873911372,179.21305797139152,177.27561950683594,177.27561950683594,46000,0.0,0.0
2019-10-11 00:00:00+09:00,178.2443384862208,178.2443384862208,176.30690002441406,176.30690002441406,41900,0.0,0.0
2019-10-15 00:00:00+09:00,177.2756200017156,179.2130584716797,176.30690076673352,179.2130584716797,56200,0.0,0.0
2019-10-16 00:00:00+09:00,179.21305746004725,180.18177668956102,175.3381805419922,175.3381805419922,79400,0.0,0.0
2019-10-17 00:00:00+09:00,175.3381805419922,176.30689977150595,174.36946131247842,175.3381805419922,39000,0.0,0.0
2019-10-18 00:00:00+09:00,176.30690002441406,176.30690002441406,175.3381807935107,176.30690002441406,34700,0.0,0.0
2019-10-21 00:00:00+09:00,176.30690052198327,179.21305822289509,176.30690052198327,178.2443389892578,45800,0.0,0.0
2019-10-23 00:00:00+09:00,178.24432470964237,181.15048217773438,177.2756055536117,181.15048217773438,73000,0.0,0.0
2019-10-24 00:00:00+09:00,180.18177795410156,180.18177795410156,177.27562024516445,180.18177795410156,59800,0.0,0.0
2019-10-25 00:00:00+09:00,180.18177745653236,180.18177745653236,177.27561975562054,178.2443389892578,54800,0.0,0.0
2019-10-28 00:00:00+09:00,179.21305797139152,179.21305797139152,177.27561950683594,177.27561950683594,34300,0.0,0.0
2019-10-29 00:00:00+09:00,176.30690027455813,179.21305797139152,176.30690027455813,177.27561950683594,49500,0.0,0.0
2019-10-30 00:00:00+09:00,178.2443389892578,178.2443389892578,176.30690052198327,178.2443389892578,36800,0.0,0.0
2019-10-31 00:00:00+09:00,176.30689951578776,177.27561874389647,173.40074183146157,174.3694610595703,154800,0.0,0.0
2019-11-01 00:00:00+09:00,171.46328700672495,172.4320061423562,170.49456787109375,170.49456787109375,62100,0.0,0.0
2019-11-05 00:00:00+09:00,170.494583644224,174.36946054522912,169.52586441897276,172.43202209472656,76400,0.0,0.0
2019-11-06 00:00:00+09:00,172.4320061423562,173.4007252779874,170.49456787109375,170.49456787109375,63400,0.0,0.0
2019-11-07 00:00:00+09:00,172.4320064911061,172.4320064911061,170.49456821592514,171.46328735351562,26100,0.0,0.0
2019-11-08 00:00:00+09:00,172.43202209472656,173.40074131997784,171.46330286947529,172.43202209472656,32700,0.0,0.0
2019-11-11 00:00:00+09:00,172.4320061423562,172.4320061423562,170.49456787109375,170.49456787109375,52100,0.0,0.0
2019-11-12 00:00:00+09:00,170.49456787109375,172.4320061423562,170.49456787109375,170.49456787109375,32900,0.0,0.0
2019-11-13 00:00:00+09:00,171.46328735351562,171.46328735351562,170.49456821592514,171.46328735351562,14900,0.0,0.0
2019-11-14 00:00:00+09:00,170.49456821592514,171.46328735351562,169.52584907833466,171.46328735351562,51300,0.0,0.0
2019-11-15 00:00:00+09:00,171.46328700672495,171.46328700672495,169.52584873546255,170.49456787109375,20600,0.0,0.0
2019-11-18 00:00:00+09:00,170.49458286830358,170.49458286830358,168.55714442661832,169.52586364746094,61900,0.0,0.0
2019-11-19 00:00:00+09:00,169.52584873546255,171.46328700672495,169.52584873546255,170.49456787109375,24400,0.0,0.0
2019-11-20 00:00:00+09:00,169.52586364746094,170.49458286830358,168.55714442661832,169.52586364746094,29800,0.0,0.0
2019-11-21 00:00:00+09:00,169.52586338437837,169.52586338437837,168.55714416503906,168.55714416503906,10700,0.0,0.0
2019-11-22 00:00:00+09:00,170.49458260371767,170.49458260371767,168.55714416503906,168.55714416503906,15300,0.0,0.0
2019-11-25 00:00:00+09:00,170.49458286830358,170.49458286830358,169.52586364746094,169.52586364746094,13800,0.0,0.0
2019-11-26 00:00:00+09:00,170.49456821592514,172.4320064911061,169.52584907833466,171.46328735351562,42900,0.0,0.0
2019-11-27 00:00:00+09:00,172.4320064911061,173.4007256286966,171.46328735351562,171.46328735351562,51500,0.0,0.0
2019-11-28 00:00:00+09:00,171.46328735351562,171.46328735351562,170.49456821592514,171.46328735351562,22900,0.0,0.0
2019-11-29 00:00:00+09:00,171.46328700672495,172.4320061423562,170.49456787109375,170.49456787109375,19200,0.0,0.0
2019-12-02 00:00:00+09:00,170.49456821592514,172.4320064911061,170.49456821592514,171.46328735351562,21400,0.0,0.0
2019-12-03 00:00:00+09:00,170.49456821592514,172.4320064911061,170.49456821592514,171.46328735351562,19600,0.0,0.0
2019-12-04 00:00:00+09:00,170.49456821592514,172.4320064911061,170.49456821592514,171.46328735351562,23400,0.0,0.0
2019-12-05 00:00:00+09:00,171.46328735351562,172.4320064911061,171.46328735351562,171.46328735351562,8600,0.0,0.0
2019-12-06 00:00:00+09:00,171.46328735351562,171.46328735351562,170.49456821592514,171.46328735351562,18400,0.0,0.0
2019-12-09 00:00:00+09:00,171.46328735351562,172.4320064911061,170.49456821592514,171.46328735351562,38000,0.0,0.0
2019-12-10 00:00:00+09:00,171.46330337524412,184.05665334065753,171.46330337524412,174.3694610595703,404200,0.0,0.0
2019-12-11 00:00:00+09:00,175.3381807935107,179.21305771712417,175.3381807935107,176.30690002441406,81400,0.0,0.0
2019-12-12 00:00:00+09:00,178.24432565789473,185.02535978618423,176.3068873355263,184.056640625,149400,0.0,0.0
2019-12-13 00:00:00+09:00,185.9940948486328,190.8376910686493,185.9940948486328,185.9940948486328,178500,0.0,0.0
2019-12-16 00:00:00+09:00,185.9940779578877,186.96279711391836,181.15048217773438,181.15048217773438,76100,0.0,0.0
2019-12-17 00:00:00+09:00,182.11920230263158,184.056640625,182.11920230263158,184.056640625,37100,0.0,0.0
2019-12-18 00:00:00+09:00,185.0253594615472,185.99407862103175,183.08792114257812,183.08792114257812,55900,0.0,0.0
2019-12-19 00:00:00+09:00,185.99407927028795,189.86895592175227,183.0879217816897,185.02536010742188,83800,0.0,0.0
2019-12-20 00:00:00+09:00,186.96279843315403,186.96279843315403,181.15048345595753,185.02536010742188,71400,0.0,0.0
2019-12-23 00:00:00+09:00,185.02537413566344,186.96281260828817,180.18177795410156,180.18177795410156,75900,0.0,0.0
2019-12-24 00:00:00+09:00,180.18177694802756,181.15049617893092,175.3381807935107,176.30690002441406,84100,0.0,0.0
2019-12-25 00:00:00+09:00,176.30689951578776,177.27561874389647,172.43202260335286,174.3694610595703,125700,0.0,0.0
2019-12-26 00:00:00+09:00,177.27561975562054,178.2443389892578,175.338181288346,178.2443389892578,63100,0.0,0.0
2019-12-27 00:00:00+09:00,182.1192159238069,182.1192159238069,178.2443389892578,178.2443389892578,66600,0.0,0.0
2019-12-30 00:00:00+09:00,178.24432502908908,182.11920166015625,177.2756058713223,182.11920166015625,45600,0.0,0.0
2020-01-06 00:00:00+09:00,182.11920133376503,183.0879204897957,177.2756055536117,181.15048217773438,73100,0.0,0.0
2020-01-07 00:00:00+09:00,181.15048250238945,184.05663997568982,181.15048250238945,182.11920166015625,24000,0.0,0.0
2020-01-08 00:00:00+09:00,181.15048314144738,184.056640625,179.21304481907896,184.056640625,49200,0.0,0.0
2020-01-09 00:00:00+09:00,184.056640625,185.02535978618423,182.11920230263158,184.056640625,51300,0.0,0.0
2020-01-10 00:00:00+09:00,184.05664030206268,186.9627977805163,183.08792114257812,183.08792114257812,59200,0.0,0.0
2020-01-14 00:00:00+09:00,183.08792114257812,184.05664030206268,182.11920198309357,183.08792114257812,23700,0.0,0.0
2020-01-15 00:00:00+09:00,184.05663997568982,184.05663997568982,180.18176334462265,182.11920166015625,26400,0.0,0.0
2020-01-16 00:00:00+09:00,183.0879204897957,183.0879204897957,181.15048217773438,181.15048217773438,25400,0.0,0.0
2020-01-17 00:00:00+09:00,181.15048250238945,182.11920166015625,181.15048250238945,182.11920166015625,11800,0.0,0.0
2020-01-20 00:00:00+09:00,185.9940933719758,185.9940933719758,180.18177795410156,180.18177795410156,64300,0.0,0.0
2020-01-21 00:00:00+09:00,182.11920198309357,183.08792114257812,180.1817636641245,183.08792114257812,27100,0.0,0.0
2020-01-22 00:00:00+09:00,182.11921642672633,183.08793566303868,180.18177795410156,180.18177795410156,24600,0.0,0.0
2020-01-23 00:00:00+09:00,181.15048282360905,188.90023609948537,179.21304450463995,183.08792114257812,111300,0.0,0.0
2020-01-24 00:00:00+09:00,183.0879204897957,185.9940779578877,180.1817630217037,181.15048217773438,48600,0.0,0.0
2020-01-27 00:00:00+09:00,179.21305871778918,181.15049719041394,178.24433948147683,180.18177795410156,29300,0.0,0.0
2020-01-28 00:00:00+09:00,179.2130584716797,180.18177770666173,178.24433923669764,179.2130584716797,24700,0.0,0.0
2020-01-29 00:00:00+09:00,180.18177770666173,181.15049694164378,179.2130584716797,179.2130584716797,23900,0.0,0.0
2020-01-30 00:00:00+09:00,180.18177694802756,180.18177694802756,176.30690002441406,176.30690002441406,33400,0.0,0.0
2020-01-31 00:00:00+09:00,175.3381807935107,178.2443384862208,175.3381807935107,176.30690002441406,21700,0.0,0.0
2020-02-03 00:00:00+09:00,174.3694610595703,178.2443379720052,169.52586491902667,174.3694610595703,61800,0.0,0.0
2020-02-04 00:00:00+09:00,174.3694610595703,174.3694610595703,173.40074183146157,174.3694610595703,36800,0.0,0.0
2020-02-05 00:00:00+09:00,174.36944476628707,174.36944476628707,170.49456821592514,171.46328735351562,39500,0.0,0.0
2020-02-06 00:00:00+09:00,172.43202235046044,178.24433771058833,172.43202235046044,173.40074157714844,59900,0.0,0.0
2020-02-07 00:00:00+09:00,176.30689977150595,176.30689977150595,174.36946131247842,175.3381805419922,24800,0.0,0.0
2020-02-10 00:00:00+09:00,175.3381800305244,175.3381800305244,172.43202235046044,173.40074157714844,23000,0.0,0.0
2020-02-12 00:00:00+09:00,173.40074183146157,174.3694610595703,172.43202260335286,174.3694610595703,28000,0.0,0.0
2020-02-13 00:00:00+09:00,174.3694608038364,176.30689925721236,173.40074157714844,173.40074157714844,29600,0.0,0.0
2020-02-14 00:00:00+09:00,172.4320064911061,173.4007256286966,171.46328735351562,171.46328735351562,37800,0.0,0.0
2020-02-17 00:00:00+09:00,171.46328700672495,171.46328700672495,170.49456787109375,170.49456787109375,33600,0.0,0.0
2020-02-18 00:00:00+09:00,171.46330182305698,171.46330182305698,168.55714416503906,168.55714416503906,27300,0.0,0.0
2020-02-19 00:00:00+09:00,169.52584873546255,170.49456787109375,168.5571295998313,170.49456787109375,6200,0.0,0.0
2020-02-20 00:00:00+09:00,171.46328700672495,171.46328700672495,170.49456787109375,170.49456787109375,11100,0.0,0.0
2020-02-21 00:00:00+09:00,168.55714416503906,168.55714416503906,167.58842494569976,168.55714416503906,31500,0.0,0.0
2020-02-25 00:00:00+09:00,158.86994961825283,162.74482643821023,158.86994961825283,159.8386688232422,62800,0.0,0.0
2020-02-26 00:00:00+09:00,158.8699472998358,158.8699472998358,148.21403620045655,152.0889129638672,126700,0.0,0.0
2020-02-27 00:00:00+09:00,151.1201903460777,151.1201903460777,137.5581219816861,141.43299865722656,152900,0.0,0.0
2020-02-28 00:00:00+09:00,130.77709742954798,133.68325515020462,117.21502806648375,122.05862426757812,200400,0.0,0.0
2020-03-02 00:00:00+09:00,127.8709424889606,137.55813510176066,126.9022232276806,133.68325805664062,181800,0.0,0.0
2020-03-03 00:00:00+09:00,136.5894160648044,142.40173164203011,133.68325827619154,134.6519775390625,118400,0.0,0.0
2020-03-04 00:00:00+09:00,131.74581975044964,135.62069680193346,131.74581975044964,134.6519775390625,56900,0.0,0.0
2020-03-05 00:00:00+09:00,135.62069702148438,136.58941628592356,134.6519777570452,135.62069702148438,20600,0.0,0.0
2020-03-06 00:00:00+09:00,134.6519770935504,134.6519770935504,130.7771000548871,132.71453857421875,52200,0.0,0.0
2020-03-09 00:00:00+09:00,130.7770882583246,130.7770882583246,115.27758150178242,119.15245819091797,82900,0.0,0.0
2020-03-10 00:00:00+09:00,121.08989775650144,125.9334936667615,111.40270593598133,123.02733612060547,82000,0.0,0.0
2020-03-11 00:00:00+09:00,123.9960540523374,123.9960540523374,119.15245819091797,119.15245819091797,26600,0.0,0.0
2020-03-12 00:00:00+09:00,114.30886012110217,119.15245588894548,111.40270266039619,112.37142181396484,39300,0.0,0.0
2020-03-13 00:00:00+09:00,98.80935811550818,105.59039249598423,96.87191972108646,103.6529541015625,71800,0.0,0.0
2020-03-16 00:00:00+09:00,104.62167271205357,109.46526867094494,101.71551513671875,101.71551513671875,77500,0.0,0.0
2020-03-17 00:00:00+09:00,97.84063864653966,104.62167300818102,97.84063864653966,102.68423461914062,37000,0.0,0.0
2020-03-18 00:00:00+09:00,106.55911169319509,108.49655008761682,103.6529541015625,103.6529541015625,43100,0.0,0.0
2020-03-19 00:00:00+09:00,104.62167467389789,108.49655151367188,102.68423625401088,108.49655151367188,19600,0.0,0.0
2020-03-23 00:00:00+09:00,108.49655067373854,108.49655067373854,103.65295466151807,105.59039306640625,47100,0.0,0.0
2020-03-24 00:00:00+09:00,107.52783257138412,111.40270942080338,106.55911335902931,109.46527099609375,45800,0.0,0.0
2020-03-25 00:00:00+09:00,113.34014993462681,119.15246531588973,113.34014993462681,117.21502685546875,90000,0.0,0.0
2020-03-26 00:00:00+09:00,114.3088604527661,116.24629876552484,111.40270298362798,113.34014129638672,53700,0.0,0.0
2020-03-27 00:00:00+09:00,114.30886012110217,115.27757927467083,111.40270266039619,112.37142181396484,74300,0.0,0.0
2020-03-30 00:00:00+09:00,113.3571365901402,113.3571365901402,109.41427966526577,110.39999389648438,36400,2.0,0.0
2020-03-31 00:00:00+09:00,110.39999802048142,112.37142655656145,108.4285694844014,109.4142837524414,25400,0.0,0.0
2020-04-01 00:00:00+09:00,109.4142837524414,111.38571228852143,109.4142837524414,109.4142837524414,20800,0.0,0.0
2020-04-02 00:00:00+09:00,107.44285583496094,108.42857010867618,104.48571301381523,107.44285583496094,63300,0.0,0.0
2020-04-03 00:00:00+09:00,106.4571398566751,108.42856837253944,99.55714005114986,100.54285430908203,90200,0.0,0.0
2020-04-06 00:00:00+09:00,99.55713947002705,102.5142822265625,99.55713947002705,102.5142822265625,29900,0.0,0.0
2020-04-07 00:00:00+09:00,103.49999935827523,105.47142791748047,102.51428507867261,105.47142791748047,50500,0.0,0.0
2020-04-08 00:00:00+09:00,104.48571363787785,108.42857075628834,104.48571363787785,105.47142791748047,27900,0.0,0.0
2020-04-09 00:00:00+09:00,107.44285461965916,113.35714019505323,106.45714035709346,111.38571166992188,87900,0.0,0.0
2020-04-10 00:00:00+09:00,112.37142815024167,118.28571384235964,112.37142815024167,116.31428527832031,80000,0.0,0.0
2020-04-13 00:00:00+09:00,124.19999978708667,129.12857120720915,120.25714265098867,127.15714263916016,285100,0.0,0.0
2020-04-14 00:00:00+09:00,125.18570709228516,129.1285640085776,124.19999286321205,125.18570709228516,126400,0.0,0.0
2020-04-15 00:00:00+09:00,126.17142486572266,127.15713912248611,125.1857106089592,126.17142486572266,36900,0.0,0.0
2020-04-16 00:00:00+09:00,126.17142486572266,127.15713912248611,124.19999635219574,126.17142486572266,51900,0.0,0.0
2020-04-17 00:00:00+09:00,128.1428497795045,132.08570669579694,123.21427863413894,125.18570709228516,240000,0.0,0.0
2020-04-20 00:00:00+09:00,126.17142835513566,127.15714263916016,125.18571407111116,127.15714263916016,50400,0.0,0.0
2020-04-21 00:00:00+09:00,127.15713973272415,127.15713973272415,122.22856842525422,124.19999694824219,39400,0.0,0.0
2020-04-22 00:00:00+09:00,123.21428329713883,123.21428329713883,119.27142623163039,122.22856903076172,45700,0.0,0.0
2020-04-23 00:00:00+09:00,122.22856549518865,123.21427973305308,120.2571370194598,121.24285125732422,35200,0.0,0.0
2020-04-24 00:00:00+09:00,122.22856965612192,122.22856965612192,120.25714111328125,120.25714111328125,21300,0.0,0.0
2020-04-27 00:00:00+09:00,120.2571404980075,122.22856903076172,120.2571404980075,122.22856903076172,30300,0.0,0.0
2020-04-28 00:00:00+09:00,121.24285125732422,123.21427973305308,119.27142278159538,121.24285125732422,43500,0.0,0.0
2020-04-30 00:00:00+09:00,121.24285125732422,121.24285125732422,120.2571370194598,121.24285125732422,51700,0.0,0.0
2020-05-01 00:00:00+09:00,120.25714111328125,121.24285538470158,118.28571257044057,120.25714111328125,21300,0.0,0.0
2020-05-07 00:00:00+09:00,118.28571319580078,120.25714174906413,118.28571319580078,118.28571319580078,37800,0.0,0.0
2020-05-08 00:00:00+09:00,119.2714268418609,120.25714111328125,119.2714268418609,120.25714111328125,8800,0.0,0.0
2020-05-11 00:00:00+09:00,119.27142623163039,122.22856903076172,119.27142623163039,122.22856903076172,42500,0.0,0.0
2020-05-12 00:00:00+09:00,122.22856494140625,123.21427917480469,121.24285070800781,123.21427917480469,20600,0.0,0.0
2020-05-13 00:00:00+09:00,122.22856783866882,126.17142486572266,122.22856783866882,126.17142486572266,49900,0.0,0.0
2020-05-14 00:00:00+09:00,124.19999340820311,125.18570764160155,122.22856494140625,123.21427917480469,39500,0.0,0.0
2020-05-15 00:00:00+09:00,124.19999756351595,124.19999756351595,122.22856903076172,122.22856903076172,24700,0.0,0.0
2020-05-18 00:00:00+09:00,122.22856549518865,122.22856549518865,119.27142278159538,121.24285125732422,24100,0.0,0.0
2020-05-19 00:00:00+09:00,121.24285476438462,122.22856903076172,121.24285476438462,122.22856903076172,15900,0.0,0.0
2020-05-20 00:00:00+09:00,123.21427917480469,123.21427917480469,121.24285070800781,123.21427917480469,28900,0.0,0.0
2020-05-21 00:00:00+09:00,123.21428329713883,123.21428329713883,122.22856903076172,122.22856903076172,13500,0.0,0.0
2020-05-22 00:00:00+09:00,123.21427917480469,124.19999340820311,122.22856494140625,123.21427917480469,36200,0.0,0.0
2020-05-25 00:00:00+09:00,124.19999635219574,126.17142486572266,123.21428209543228,126.17142486572266,30400,0.0,0.0
2020-05-26 00:00:00+09:00,127.15714263916016,129.12857120720915,127.15714263916016,127.15714263916016,69900,0.0,0.0
2020-05-27 00:00:00+09:00,128.14285278320312,129.12856703538162,128.14285278320312,128.14285278320312,25300,0.0,0.0
2020-05-28 00:00:00+09:00,129.12857120720915,132.08571405928265,127.15714263916016,127.15714263916016,95700,0.0,0.0
2020-05-29 00:00:00+09:00,128.14285164448754,132.08570861816406,128.14285164448754,132.08570861816406,64900,0.0,0.0
2020-06-01 00:00:00+09:00,132.08570751245472,136.028564453125,131.09999327728715,136.028564453125,107800,0.0,0.0
2020-06-02 00:00:00+09:00,136.028566800631,143.9142808180589,136.028566800631,140.95713806152344,143600,0.0,0.0
2020-06-03 00:00:00+09:00,145.88571294148764,145.88571294148764,139.9714272816976,141.94285583496094,82000,0.0,0.0
2020-06-04 00:00:00+09:00,141.94285583496094,141.94285583496094,139.9714272816976,141.94285583496094,52200,0.0,0.0
2020-06-05 00:00:00+09:00,141.94285583496094,143.9142843882243,141.94285583496094,141.94285583496094,45000,0.0,0.0
2020-06-08 00:00:00+09:00,144.89999958113128,152.78571384404998,143.91428529826644,150.8142852783203,240700,0.0,0.0
2020-06-09 00:00:00+09:00,150.8142874029618,160.67143037047566,146.87143021595628,155.74285888671875,280900,0.0,0.0
2020-06-10 00:00:00+09:00,156.72856362450202,156.72856362450202,148.8428497314453,148.8428497314453,146400,0.0,0.0
2020-06-11 00:00:00+09:00,149.82857004801434,150.814284324646,139.9714272816976,141.94285583496094,143300,0.0,0.0
2020-06-12 00:00:00+09:00,134.05714622118793,138.9857177734375,133.07143191073803,138.9857177734375,56100,0.0,0.0
2020-06-15 00:00:00+09:00,138.98570351705064,138.98570351705064,134.05713247034672,135.0428466796875,16700,0.0,0.0
2020-06-16 00:00:00+09:00,136.02856796593974,139.97142500843074,135.042853705317,137.0142822265625,55500,0.0,0.0
2020-06-17 00:00:00+09:00,138.9857177734375,140.95714639433731,138.0000034629876,138.9857177734375,33300,0.0,0.0
2020-06-18 00:00:00+09:00,139.9714272816976,141.94285583496094,137.99999872843426,141.94285583496094,22700,0.0,0.0
2020-06-19 00:00:00+09:00,141.94285930765085,142.92857360839844,139.9714307061557,142.92857360839844,20900,0.0,0.0
2020-06-22 00:00:00+09:00,142.9285722770947,147.85714373492556,142.9285722770947,146.87142944335938,64400,0.0,0.0
2020-06-23 00:00:00+09:00,147.8571366290657,148.84285087325947,141.94285116390307,144.89999389648438,70300,0.0,0.0
2020-06-24 00:00:00+09:00,152.78571028458444,161.65713862368935,149.8285675048828,149.8285675048828,363800,0.0,0.0
2020-06-25 00:00:00+09:00,148.84286013516513,153.7714316628196,146.87143152410334,151.8000030517578,66500,0.0,0.0
2020-06-26 00:00:00+09:00,149.82857444069603,155.7428602738814,149.82857444069603,151.8000030517578,62300,0.0,0.0
2020-06-29 00:00:00+09:00,149.8285639680774,151.79999244134157,145.88570702154905,148.8428497314453,40900,0.0,0.0
2020-06-30 00:00:00+09:00,148.8428580264917,149.8285723180579,145.8857151517932,146.87142944335938,26700,0.0,0.0
2020-07-01 00:00:00+09:00,145.8857045630886,145.8857045630886,143.91427612304688,143.91427612304688,13900,0.0,0.0
2020-07-02 00:00:00+09:00,143.9142843882243,145.88571294148764,141.94285583496094,141.94285583496094,28300,0.0,0.0
2020-07-03 00:00:00+09:00,141.94286070478722,142.92857501523713,138.0000034629876,138.9857177734375,59900,0.0,0.0
2020-07-06 00:00:00+09:00,138.98571300506592,142.92857011159262,138.98571300506592,141.94285583496094,23100,0.0,0.0
2020-07-07 00:00:00+09:00,141.94285583496094,141.94285583496094,139.9714272816976,141.94285583496094,4900,0.0,0.0
2020-07-08 00:00:00+09:00,141.94285583496094,141.94285583496094,140.95714155832928,141.94285583496094,13500,0.0,0.0
2020-07-09 00:00:00+09:00,141.94285930765085,143.914287909146,140.9571450069033,142.92857360839844,23200,0.0,0.0
2020-07-10 00:00:00+09:00,143.9142843882243,143.9142843882243,137.99999872843426,141.94285583496094,43700,0.0,0.0
2020-07-13 00:00:00+09:00,144.89999866485596,144.89999866485596,140.95714155832928,141.94285583496094,46800,0.0,0.0
2020-07-14 00:00:00+09:00,140.95713806152344,142.9285665658804,139.97142380934497,140.95713806152344,16900,0.0,0.0
2020-07-15 00:00:00+09:00,141.94285583496094,141.94285583496094,140.95714155832928,141.94285583496094,9000,0.0,0.0
2020-07-16 00:00:00+09:00,142.9285665658804,142.9285665658804,138.98570955716647,140.95713806152344,29300,0.0,0.0
2020-07-17 00:00:00+09:00,140.95713451546683,140.95713451546683,137.99999183332417,139.97142028808594,23200,0.0,0.0
2020-07-20 00:00:00+09:00,140.95713451546683,140.95713451546683,138.98570606070504,139.97142028808594,16700,0.0,0.0
2020-07-21 00:00:00+09:00,138.98570606070504,139.97142028808594,138.98570606070504,139.97142028808594,11000,0.0,0.0
2020-07-22 00:00:00+09:00,139.97142028808594,140.95713451546683,139.97142028808594,139.97142028808594,8100,0.0,0.0
2020-07-27 00:00:00+09:00,138.9857142857143,138.9857142857143,137.01428571428573,138.0,15800,0.0,0.0
2020-07-28 00:00:00+09:00,138.00000134636375,138.00000134636375,134.05714416503906,134.05714416503906,5200,0.0,0.0
2020-07-29 00:00:00+09:00,135.042853705317,137.0142822265625,135.042853705317,137.0142822265625,5900,0.0,0.0
2020-07-30 00:00:00+09:00,136.02857275570142,137.01428705103257,133.07142986970788,134.05714416503906,19200,0.0,0.0
2020-07-31 00:00:00+09:00,131.09999614953995,131.09999614953995,126.17142486572266,126.17142486572266,32000,0.0,0.0
2020-08-03 00:00:00+09:00,126.17142771946565,130.11428483569895,126.17142771946565,129.12857055664062,14800,0.0,0.0
2020-08-04 00:00:00+09:00,129.12857402454722,130.11428833007812,126.17143110795455,130.11428833007812,12000,0.0,0.0
2020-08-05 00:00:00+09:00,128.1428562775823,130.11428483569895,128.1428562775823,129.12857055664062,9800,0.0,0.0
2020-08-06 00:00:00+09:00,128.14285971901634,130.11428833007812,128.14285971901634,130.11428833007812,3000,0.0,0.0
2020-08-07 00:00:00+09:00,130.11428483569895,130.11428483569895,128.1428562775823,129.12857055664062,6700,0.0,0.0
2020-08-11 00:00:00+09:00,128.14285278320312,131.0999955397386,128.14285278320312,128.14285278320312,6400,0.0,0.0
2020-08-12 00:00:00+09:00,129.1285693133319,133.07142639160156,129.1285693133319,133.07142639160156,23100,0.0,0.0
2020-08-13 00:00:00+09:00,133.07142639160156,133.07142639160156,130.1142835828993,133.07142639160156,13900,0.0,0.0
2020-08-14 00:00:00+09:00,131.10000263560903,132.0857169411399,128.14285971901634,130.11428833007812,33700,0.0,0.0
2020-08-17 00:00:00+09:00,129.12857120720915,130.11428549123366,127.15714263916016,127.15714263916016,25300,0.0,0.0
2020-08-18 00:00:00+09:00,129.12856703538162,129.12856703538162,127.15713853102464,128.14285278320312,21300,0.0,0.0
2020-08-19 00:00:00+09:00,128.14285164448754,132.08570861816406,128.14285164448754,132.08570861816406,24000,0.0,0.0
2020-08-20 00:00:00+09:00,131.10000263560903,132.0857169411399,129.12857402454722,130.11428833007812,21400,0.0,0.0
2020-08-21 00:00:00+09:00,131.09999437474494,132.08570861816406,131.09999437474494,132.08570861816406,7200,0.0,0.0
2020-08-24 00:00:00+09:00,131.10000263560903,131.10000263560903,130.11428833007812,130.11428833007812,12300,0.0,0.0
2020-08-25 00:00:00+09:00,131.10000263560903,131.10000263560903,129.12857402454722,130.11428833007812,40500,0.0,0.0
2020-08-26 00:00:00+09:00,129.12857055664062,130.11428483569895,129.12857055664062,129.12857055664062,18600,0.0,0.0
2020-08-27 00:00:00+09:00,130.11428483569895,130.11428483569895,129.12857055664062,129.12857055664062,10600,0.0,0.0
2020-08-28 00:00:00+09:00,130.11428833007812,130.11428833007812,128.14285971901634,130.11428833007812,21100,0.0,0.0
2020-08-31 00:00:00+09:00,130.11428833007812,131.10000263560903,129.12857402454722,130.11428833007812,14400,0.0,0.0
2020-09-01 00:00:00+09:00,130.1142835828993,135.0428549307364,130.1142835828993,133.07142639160156,41100,0.0,0.0
2020-09-02 00:00:00+09:00,134.05714416503906,135.04285846037024,133.07142986970788,134.05714416503906,15600,0.0,0.0
2020-09-03 00:00:00+09:00,135.0428549307364,135.0428549307364,132.08571212203415,133.07142639160156,14400,0.0,0.0
2020-09-04 00:00:00+09:00,131.09999437474494,133.07142286158322,131.09999437474494,132.08570861816406,7000,0.0,0.0
2020-09-07 00:00:00+09:00,132.08570861816406,134.05713710500234,132.08570861816406,132.08570861816406,7400,0.0,0.0
2020-09-08 00:00:00+09:00,133.07142639160156,134.057140661169,132.08571212203415,133.07142639160156,5900,0.0,0.0
2020-09-09 00:00:00+09:00,133.07142286158322,134.05713710500234,132.08570861816406,132.08570861816406,15200,0.0,0.0
2020-09-10 00:00:00+09:00,133.07142986970788,135.04285846037024,133.07142986970788,134.05714416503906,12300,0.0,0.0
2020-09-11 00:00:00+09:00,135.04285021795744,136.028564453125,134.05713598278987,136.028564453125,9600,0.0,0.0
2020-09-14 00:00:00+09:00,137.01427760594328,139.97142028808594,137.01427760594328,139.97142028808594,39700,0.0,0.0
2020-09-15 00:00:00+09:00,138.0000034629876,140.95714639433731,138.0000034629876,138.9857177734375,22500,0.0,0.0
2020-09-16 00:00:00+09:00,139.97142028808594,140.95713451546683,135.0428491511815,139.97142028808594,47500,0.0,0.0
2020-09-17 00:00:00+09:00,139.9714320838874,139.9714320838874,136.02857484208775,138.9857177734375,17100,0.0,0.0
2020-09-18 00:00:00+09:00,138.9857177734375,138.9857177734375,137.01428915253769,138.9857177734375,14500,0.0,0.0
2020-09-23 00:00:00+09:00,139.9714285714286,139.9714285714286,138.0,138.0,29300,0.0,0.0
2020-09-24 00:00:00+09:00,138.985710747808,138.985710747808,136.02856796593974,137.0142822265625,9200,0.0,0.0
2020-09-25 00:00:00+09:00,135.042853705317,137.0142822265625,135.042853705317,137.0142822265625,26200,0.0,0.0
2020-09-28 00:00:00+09:00,136.028564453125,137.0142786882926,135.04285021795744,136.028564453125,67000,0.0,0.0
2020-09-29 00:00:00+09:00,136.02856088902828,137.01427509836907,133.07141826100593,135.0428466796875,42300,0.0,0.0
2020-09-30 00:00:00+09:00,136.02856088902828,137.01427509836907,135.0428466796875,135.0428466796875,15300,0.0,0.0
2020-10-02 00:00:00+09:00,136.02857275570142,138.98571564169492,133.07142986970788,134.05714416503906,68700,0.0,0.0
2020-10-05 00:00:00+09:00,134.05713598278987,136.028564453125,134.05713598278987,136.028564453125,4900,0.0,0.0
2020-10-06 00:00:00+09:00,136.02856088902828,137.01427509836907,135.0428466796875,135.0428466796875,6300,0.0,0.0
2020-10-07 00:00:00+09:00,135.04285021795744,136.028564453125,135.04285021795744,136.028564453125,5000,0.0,0.0
2020-10-08 00:00:00+09:00,136.028564453125,137.0142786882926,135.04285021795744,136.028564453125,6300,0.0,0.0
2020-10-09 00:00:00+09:00,136.02856088902828,137.01427509836907,135.0428466796875,135.0428466796875,7600,0.0,0.0
2020-10-12 00:00:00+09:00,136.02856088902828,137.01427509836907,135.0428466796875,135.0428466796875,9800,0.0,0.0
2020-10-13 00:00:00+09:00,135.04285021795744,136.028564453125,135.04285021795744,136.028564453125,7100,0.0,0.0
2020-10-14 00:00:00+09:00,135.0428466796875,136.02856088902828,134.05713247034672,135.0428466796875,9100,0.0,0.0
2020-10-15 00:00:00+09:00,136.02857275570142,136.02857275570142,134.05714416503906,134.05714416503906,9200,0.0,0.0
2020-10-16 00:00:00+09:00,134.05713710500234,135.04285134842146,132.08570861816406,132.08570861816406,14500,0.0,0.0
2020-10-19 00:00:00+09:00,134.05714416503906,134.05714416503906,132.08571557437674,134.05714416503906,4700,0.0,0.0
2020-10-20 00:00:00+09:00,134.05713710500234,134.05713710500234,132.08570861816406,132.08570861816406,17800,0.0,0.0
2020-10-21 00:00:00+09:00,133.07141927848187,133.07141927848187,129.12856241097128,131.09999084472656,23800,0.0,0.0
2020-10-22 00:00:00+09:00,130.11428483569895,131.09999911475728,129.12857055664062,129.12857055664062,10200,0.0,0.0
2020-10-23 00:00:00+09:00,130.11428833007812,131.10000263560903,129.12857402454722,130.11428833007812,11300,0.0,0.0
2020-10-26 00:00:00+09:00,130.1142812875601,130.1142812875601,128.14285278320312,128.14285278320312,23200,0.0,0.0
2020-10-27 00:00:00+09:00,127.15713555043138,128.1428497795045,125.18570709228516,125.18570709228516,27800,0.0,0.0
2020-10-28 00:00:00+09:00,125.18571407111116,127.15714263916016,125.18571407111116,127.15714263916016,26100,0.0,0.0
2020-10-29 00:00:00+09:00,119.27142623163039,122.22856903076172,118.28571196525328,122.22856903076172,96800,0.0,0.0
2020-10-30 00:00:00+09:00,121.24285182479984,122.2285660672779,119.27142333984375,119.27142333984375,22100,0.0,0.0
2020-11-02 00:00:00+09:00,118.28571319580078,120.25714174906413,118.28571319580078,118.28571319580078,24600,0.0,0.0
2020-11-04 00:00:00+09:00,120.25713758232179,123.21428030975594,118.2857090973657,119.27142333984375,37500,0.0,0.0
2020-11-05 00:00:00+09:00,120.25714174906413,120.25714174906413,114.3428560892741,118.28571319580078,55400,0.0,0.0
2020-11-06 00:00:00+09:00,118.28570966961003,118.28570966961003,116.31428117511653,117.29999542236328,23300,0.0,0.0
2020-11-09 00:00:00+09:00,118.28570966961003,118.28570966961003,116.31428117511653,117.29999542236328,13200,0.0,0.0
2020-11-10 00:00:00+09:00,117.29999891916911,118.28571319580078,116.31428464253744,118.28571319580078,25400,0.0,0.0
2020-11-11 00:00:00+09:00,118.28570966961003,118.28570966961003,114.34285268062303,117.29999542236328,25800,0.0,0.0
2020-11-12 00:00:00+09:00,117.29999542236328,117.29999542236328,117.29999542236328,117.29999542236328,4300,0.0,0.0
2020-11-13 00:00:00+09:00,117.29999542236328,118.28570966961003,116.31428117511653,117.29999542236328,16000,0.0,0.0
2020-11-16 00:00:00+09:00,117.29999542236328,118.28570966961003,116.31428117511653,117.29999542236328,8200,0.0,0.0
2020-11-17 00:00:00+09:00,118.28571384235964,118.28571384235964,116.31428527832031,116.31428527832031,9000,0.0,0.0
2020-11-18 00:00:00+09:00,116.31428175706131,117.29999600923979,115.32856750488281,115.32856750488281,11500,0.0,0.0
2020-11-19 00:00:00+09:00,116.31428527832031,116.31428527832031,115.32857099630066,116.31428527832031,8500,0.0,0.0
2020-11-20 00:00:00+09:00,118.2857090973657,119.27142333984375,116.3142806124096,119.27142333984375,46100,0.0,0.0
2020-11-24 00:00:00+09:00,119.2714268418609,120.25714111328125,118.28571257044057,120.25714111328125,19900,0.0,0.0
2020-11-25 00:00:00+09:00,120.2571404980075,122.22856903076172,119.27142623163039,122.22856903076172,15100,0.0,0.0
2020-11-26 00:00:00+09:00,122.22856903076172,122.22856903076172,119.27142623163039,122.22856903076172,24900,0.0,0.0
2020-11-27 00:00:00+09:00,120.2571370194598,122.22856549518865,120.2571370194598,121.24285125732422,16200,0.0,0.0
2020-11-30 00:00:00+09:00,121.24285125732422,122.22856549518865,121.24285125732422,121.24285125732422,1900,0.0,0.0
2020-12-01 00:00:00+09:00,122.22856549518865,122.22856549518865,121.24285125732422,121.24285125732422,15200,0.0,0.0
2020-12-02 00:00:00+09:00,122.22856903076172,122.22856903076172,120.2571404980075,122.22856903076172,29200,0.0,0.0
2020-12-03 00:00:00+09:00,122.22856842525422,126.17142547123017,122.22856842525422,124.19999694824219,26800,0.0,0.0
2020-12-04 00:00:00+09:00,124.19999694824219,124.19999694824219,123.2142826867482,124.19999694824219,24000,0.0,0.0
2020-12-07 00:00:00+09:00,124.1999939709175,125.18570820878192,121.24285125732422,121.24285125732422,13700,0.0,0.0
2020-12-08 00:00:00+09:00,121.24285476438462,124.19999756351595,121.24285476438462,122.22856903076172,10200,0.0,0.0
2020-12-09 00:00:00+09:00,122.22856549518865,123.21427973305308,121.24285125732422,121.24285125732422,7400,0.0,0.0
2020-12-10 00:00:00+09:00,120.2571370194598,121.24285125732422,114.34285159227325,121.24285125732422,20600,0.0,0.0
2020-12-11 00:00:00+09:00,121.24285125732422,122.22856549518865,119.27142278159538,121.24285125732422,25200,0.0,0.0
2020-12-14 00:00:00+09:00,119.2714268418609,121.24285538470158,119.2714268418609,120.25714111328125,20400,0.0,0.0
2020-12-15 00:00:00+09:00,120.25714174906413,120.25714174906413,117.29999891916911,118.28571319580078,21100,0.0,0.0
2020-12-16 00:00:00+09:00,119.27142333984375,119.27142333984375,118.2857090973657,119.27142333984375,28200,0.0,0.0
2020-12-17 00:00:00+09:00,119.27142747243246,119.27142747243246,117.29999891916911,118.28571319580078,22200,0.0,0.0
2020-12-18 00:00:00+09:00,119.27142747243246,119.27142747243246,116.31428464253744,118.28571319580078,28900,0.0,0.0
2020-12-21 00:00:00+09:00,118.28571384235964,118.28571384235964,116.31428527832031,116.31428527832031,29300,0.0,0.0
2020-12-22 00:00:00+09:00,116.31428593602674,116.31428593602674,114.34285736083984,114.34285736083984,41200,0.0,0.0
2020-12-23 00:00:00+09:00,113.35713604040313,114.34285026684142,111.38570758752655,112.37142181396484,69000,0.0,0.0
2020-12-24 00:00:00+09:00,110.3999974073562,112.37142593248755,110.3999974073562,111.38571166992188,55400,0.0,0.0
2020-12-25 00:00:00+09:00,111.38570812770298,112.37142235892159,109.41427966526577,110.39999389648438,79400,0.0,0.0
2020-12-28 00:00:00+09:00,109.41428314479052,113.35714019505323,109.41428314479052,111.38571166992188,54400,0.0,0.0
2020-12-29 00:00:00+09:00,111.38571107283883,113.35713958740234,110.39999681555707,113.35713958740234,21700,0.0,0.0
2020-12-30 00:00:00+09:00,113.35713958740234,114.3428538446841,111.38571107283883,113.35713958740234,12500,0.0,0.0
2021-01-04 00:00:00+09:00,114.34285325270433,116.31428175706131,114.34285325270433,115.32856750488281,35200,0.0,0.0
2021-01-05 00:00:00+09:00,114.34285325270433,115.32856750488281,114.34285325270433,115.32856750488281,13500,0.0,0.0
2021-01-06 00:00:00+09:00,114.34285736083984,117.30000022362019,114.34285736083984,114.34285736083984,31900,0.0,0.0
2021-01-07 00:00:00+09:00,115.3285716484333,115.3285716484333,114.34285736083984,114.34285736083984,42200,0.0,0.0
2021-01-08 00:00:00+09:00,114.34285736083984,115.3285716484333,113.35714307324639,114.34285736083984,32500,0.0,0.0
2021-01-12 00:00:00+09:00,115.32856810196587,115.32856810196587,112.37142533012059,113.35713958740234,53600,0.0,0.0
2021-01-13 00:00:00+09:00,114.34285736083984,114.34285736083984,112.37142878565295,114.34285736083984,20500,0.0,0.0
2021-01-14 00:00:00+09:00,114.34285445761891,114.34285445761891,110.3999974073562,111.38571166992188,75500,0.0,0.0
2021-01-15 00:00:00+09:00,111.38571228852143,111.38571228852143,108.4285694844014,109.4142837524414,85500,0.0,0.0
2021-01-18 00:00:00+09:00,109.4142837524414,110.39999802048142,108.4285694844014,109.4142837524414,30200,0.0,0.0
2021-01-19 00:00:00+09:00,110.3999974073562,111.38571166992188,109.41428314479052,111.38571166992188,16800,0.0,0.0
2021-01-20 00:00:00+09:00,111.38570812770298,111.38570812770298,109.41427966526577,110.39999389648438,58000,0.0,0.0
2021-01-21 00:00:00+09:00,111.38571166992188,112.37142593248755,110.3999974073562,111.38571166992188,38300,0.0,0.0
2021-01-22 00:00:00+09:00,109.4142837524414,111.38571228852143,109.4142837524414,109.4142837524414,31300,0.0,0.0
2021-01-25 00:00:00+09:00,111.38570812770298,111.38570812770298,109.41427966526577,110.39999389648438,36700,0.0,0.0
2021-01-26 00:00:00+09:00,113.3571380822837,156.72856482680965,113.3571380822837,144.89999389648438,27176100,0.0,0.0
2021-01-27 00:00:00+09:00,150.81427566319297,151.79998988321384,133.0714197028173,143.91427612304688,5987100,0.0,0.0
2021-01-28 00:00:00+09:00,141.94286070478722,146.8714322570368,134.05714622118793,138.9857177734375,1130300,0.0,0.0
2021-01-29 00:00:00+09:00,137.01427509836907,139.97141772639142,133.07141826100593,135.0428466796875,608000,0.0,0.0
2021-02-01 00:00:00+09:00,133.07143060092267,161.65714532260236,133.07143060092267,142.92857360839844,3976000,0.0,0.0
2021-02-02 00:00:00+09:00,139.9714307061557,144.9000022098936,135.04285920241782,142.92857360839844,965500,0.0,0.0
2021-02-03 00:00:00+09:00,146.871425584815,192.21428180563038,140.9571399907956,171.5142822265625,12360500,0.0,0.0
2021-02-04 00:00:00+09:00,169.5428598369667,179.40000285074382,160.67143112456728,164.61428833007812,2269900,0.0,0.0
2021-02-05 00:00:00+09:00,156.7285718564634,171.51428618254485,153.77142899124712,159.6857147216797,1404900,0.0,0.0
2021-02-08 00:00:00+09:00,159.68571010388825,162.6428528835899,147.85713898508172,149.8285675048828,704900,0.0,0.0
2021-02-09 00:00:00+09:00,148.84285447404193,149.82856874208193,141.94285459776182,145.88571166992188,635200,0.0,0.0
2021-02-10 00:00:00+09:00,147.85713300313037,150.81427566319297,142.928561903026,143.91427612304688,297200,0.0,0.0
2021-02-12 00:00:00+09:00,143.91427510579427,149.82856038411458,143.91427510579427,147.8571319580078,293600,0.0,0.0
2021-02-15 00:00:00+09:00,147.8571366290657,149.82856511745322,144.89999389648438,144.89999389648438,165700,0.0,0.0
2021-02-16 00:00:00+09:00,147.85713300313037,147.85713300313037,142.928561903026,143.91427612304688,169300,0.0,0.0
2021-02-17 00:00:00+09:00,143.91427612304688,145.8857045630886,142.928561903026,143.91427612304688,196700,0.0,0.0
2021-02-18 00:00:00+09:00,144.89999034306774,149.8285614431721,143.91427612304688,143.91427612304688,154300,0.0,0.0
2021-02-19 00:00:00+09:00,143.914287909146,144.9000022098936,141.94285930765085,142.92857360839844,92800,0.0,0.0
2021-02-22 00:00:00+09:00,141.94284768300514,144.89999034306774,141.94284768300514,143.91427612304688,35800,0.0,0.0
2021-02-24 00:00:00+09:00,142.9285629702286,143.9142771976095,138.98570606070504,139.97142028808594,61200,0.0,0.0
2021-02-25 00:00:00+09:00,142.9285665658804,143.9142808180589,138.98570955716647,140.95713806152344,111500,0.0,0.0
2021-02-26 00:00:00+09:00,140.9571392690535,140.9571392690535,137.0142822265625,137.0142822265625,138200,0.0,0.0
2021-03-01 00:00:00+09:00,137.01427509836907,137.99998930770985,134.05713247034672,135.0428466796875,67100,0.0,0.0
2021-03-02 00:00:00+09:00,137.01427509836907,137.01427509836907,134.05713247034672,135.0428466796875,31600,0.0,0.0
2021-03-03 00:00:00+09:00,137.0142786882926,145.88570680480072,134.05713598278987,136.028564453125,339500,0.0,0.0
2021-03-04 00:00:00+09:00,135.04285134842146,135.04285134842146,131.09999437474494,132.08570861816406,132000,0.0,0.0
2021-03-05 00:00:00+09:00,131.10000127904556,134.05714416503906,130.11428698371438,134.05714416503906,50400,0.0,0.0
2021-03-08 00:00:00+09:00,135.04285134842146,135.04285134842146,130.11428013132578,132.08570861816406,60600,0.0,0.0
2021-03-09 00:00:00+09:00,133.07142174762228,136.028564453125,132.08570751245472,136.028564453125,55400,0.0,0.0
2021-03-10 00:00:00+09:00,135.04285846037024,135.04285846037024,134.05714416503906,134.05714416503906,24000,0.0,0.0
2021-03-11 00:00:00+09:00,135.04285714285714,138.0,134.05714285714288,138.0,38700,0.0,0.0
2021-03-12 00:00:00+09:00,137.99999648718526,138.985710747808,136.02856796593974,137.0142822265625,22200,0.0,0.0
2021-03-15 00:00:00+09:00,137.01428571428573,139.9714285714286,137.01428571428573,138.0,21700,0.0,0.0
2021-03-16 00:00:00+09:00,137.99999183332417,141.9428487428477,137.99999183332417,139.97142028808594,78800,0.0,0.0
2021-03-17 00:00:00+09:00,140.95714155832928,141.94285583496094,138.98571300506592,141.94285583496094,20700,0.0,0.0
2021-03-18 00:00:00+09:00,141.94285231370193,141.94285231370193,138.98570955716647,140.95713806152344,17600,0.0,0.0
2021-03-19 00:00:00+09:00,140.9571450069033,144.9000022098936,140.9571450069033,142.92857360839844,54800,0.0,0.0
2021-03-22 00:00:00+09:00,142.92857011159262,142.92857011159262,139.9714272816976,141.94285583496094,43400,0.0,0.0
2021-03-23 00:00:00+09:00,140.95713451546683,141.9428487428477,139.97142028808594,139.97142028808594,47500,0.0,0.0
2021-03-24 00:00:00+09:00,139.97141772639142,139.97141772639142,135.0428466796875,135.0428466796875,60700,0.0,0.0
2021-03-25 00:00:00+09:00,138.98570351705064,155.74284507584397,135.0428466796875,135.0428466796875,2803600,0.0,0.0
2021-03-26 00:00:00+09:00,136.02857142857144,138.9857142857143,135.04285714285714,138.0,172600,0.0,0.0
2021-03-29 00:00:00+09:00,138.9857142857143,139.9714285714286,138.0,138.0,65200,0.0,0.0
2021-03-30 00:00:00+09:00,138.0,146.0,138.0,143.0,68400,2.0,0.0
2021-03-31 00:00:00+09:00,141.0,143.0,140.0,141.0,10000,0.0,0.0
2021-04-01 00:00:00+09:00,140.0,141.0,138.0,139.0,65200,0.0,0.0
2021-04-02 00:00:00+09:00,141.0,141.0,139.0,139.0,43700,0.0,0.0
2021-04-05 00:00:00+09:00,141.0,142.0,140.0,141.0,38300,0.0,0.0
2021-04-06 00:00:00+09:00,141.0,153.0,140.0,144.0,1424000,0.0,0.0
2021-04-07 00:00:00+09:00,147.0,163.0,143.0,147.0,2496200,0.0,0.0
2021-04-08 00:00:00+09:00,145.0,147.0,143.0,143.0,191400,0.0,0.0
2021-04-09 00:00:00+09:00,143.0,144.0,142.0,142.0,107100,0.0,0.0
2021-04-12 00:00:00+09:00,144.0,149.0,142.0,142.0,199100,0.0,0.0
2021-04-13 00:00:00+09:00,143.0,144.0,141.0,143.0,54300,0.0,0.0
2021-04-14 00:00:00+09:00,143.0,143.0,140.0,140.0,88600,0.0,0.0
2021-04-15 00:00:00+09:00,141.0,143.0,141.0,143.0,50700,0.0,0.0
2021-04-16 00:00:00+09:00,142.0,143.0,141.0,141.0,24800,0.0,0.0
2021-04-19 00:00:00+09:00,141.0,142.0,140.0,142.0,36600,0.0,0.0
2021-04-20 00:00:00+09:00,141.0,141.0,140.0,141.0,30300,0.0,0.0
2021-04-21 00:00:00+09:00,140.0,140.0,136.0,138.0,98800,0.0,0.0
2021-04-22 00:00:00+09:00,137.0,140.0,137.0,139.0,25500,0.0,0.0
2021-04-23 00:00:00+09:00,137.0,139.0,137.0,138.0,36900,0.0,0.0
2021-04-26 00:00:00+09:00,139.0,139.0,136.0,137.0,47100,0.0,0.0
2021-04-27 00:00:00+09:00,137.0,140.0,136.0,138.0,53100,0.0,0.0
2021-04-28 00:00:00+09:00,139.0,139.0,136.0,137.0,31400,0.0,0.0
2021-04-30 00:00:00+09:00,135.0,138.0,133.0,136.0,70400,0.0,0.0
2021-05-06 00:00:00+09:00,135.0,139.0,134.0,138.0,47500,0.0,0.0
2021-05-07 00:00:00+09:00,137.0,143.0,137.0,143.0,70100,0.0,0.0
2021-05-10 00:00:00+09:00,142.0,145.0,142.0,144.0,33200,0.0,0.0
2021-05-11 00:00:00+09:00,143.0,145.0,139.0,141.0,91100,0.0,0.0
2021-05-12 00:00:00+09:00,141.0,142.0,138.0,140.0,26100,0.0,0.0
2021-05-13 00:00:00+09:00,136.0,141.0,134.0,138.0,61200,0.0,0.0
2021-05-14 00:00:00+09:00,140.0,141.0,136.0,137.0,71600,0.0,0.0
2021-05-17 00:00:00+09:00,139.0,139.0,134.0,135.0,92500,0.0,0.0
2021-05-18 00:00:00+09:00,134.0,138.0,134.0,138.0,30300,0.0,0.0
2021-05-19 00:00:00+09:00,137.0,139.0,136.0,138.0,20800,0.0,0.0
2021-05-20 00:00:00+09:00,137.0,140.0,137.0,140.0,23000,0.0,0.0
2021-05-21 00:00:00+09:00,140.0,147.0,139.0,146.0,218800,0.0,0.0
2021-05-24 00:00:00+09:00,143.0,144.0,142.0,142.0,48200,0.0,0.0
2021-05-25 00:00:00+09:00,144.0,145.0,143.0,144.0,24400,0.0,0.0
2021-05-26 00:00:00+09:00,144.0,145.0,143.0,144.0,21000,0.0,0.0
2021-05-27 00:00:00+09:00,146.0,146.0,144.0,146.0,32000,0.0,0.0
2021-05-28 00:00:00+09:00,146.0,146.0,142.0,143.0,35900,0.0,0.0
2021-05-31 00:00:00+09:00,143.0,145.0,143.0,144.0,8900,0.0,0.0
2021-06-01 00:00:00+09:00,145.0,145.0,142.0,144.0,28800,0.0,0.0
2021-06-02 00:00:00+09:00,143.0,144.0,142.0,144.0,9300,0.0,0.0
2021-06-03 00:00:00+09:00,143.0,144.0,142.0,143.0,13400,0.0,0.0
2021-06-04 00:00:00+09:00,143.0,144.0,142.0,142.0,13600,0.0,0.0
2021-06-07 00:00:00+09:00,143.0,145.0,142.0,143.0,45500,0.0,0.0
2021-06-08 00:00:00+09:00,144.0,144.0,142.0,143.0,10000,0.0,0.0
2021-06-09 00:00:00+09:00,142.0,143.0,141.0,141.0,16600,0.0,0.0
2021-06-10 00:00:00+09:00,141.0,143.0,139.0,141.0,60400,0.0,0.0
2021-06-11 00:00:00+09:00,142.0,143.0,141.0,142.0,8700,0.0,0.0
2021-06-14 00:00:00+09:00,142.0,144.0,142.0,142.0,14700,0.0,0.0
2021-06-15 00:00:00+09:00,142.0,142.0,140.0,142.0,31300,0.0,0.0
2021-06-16 00:00:00+09:00,143.0,143.0,141.0,142.0,11900,0.0,0.0
2021-06-17 00:00:00+09:00,142.0,143.0,141.0,143.0,15900,0.0,0.0
2021-06-18 00:00:00+09:00,143.0,143.0,141.0,143.0,14200,0.0,0.0
2021-06-21 00:00:00+09:00,141.0,141.0,136.0,137.0,53600,0.0,0.0
2021-06-22 00:00:00+09:00,140.0,140.0,137.0,138.0,31300,0.0,0.0
2021-06-23 00:00:00+09:00,139.0,139.0,137.0,138.0,21900,0.0,0.0
2021-06-24 00:00:00+09:00,139.0,139.0,138.0,139.0,11000,0.0,0.0
2021-06-25 00:00:00+09:00,139.0,139.0,138.0,139.0,7400,0.0,0.0
2021-06-28 00:00:00+09:00,139.0,140.0,138.0,140.0,23400,0.0,0.0
2021-06-29 00:00:00+09:00,140.0,140.0,138.0,140.0,26200,0.0,0.0
2021-06-30 00:00:00+09:00,140.0,140.0,139.0,139.0,29800,0.0,0.0
2021-07-01 00:00:00+09:00,139.0,140.0,138.0,139.0,22700,0.0,0.0
2021-07-02 00:00:00+09:00,139.0,140.0,139.0,140.0,8100,0.0,0.0
2021-07-05 00:00:00+09:00,140.0,140.0,139.0,139.0,17200,0.0,0.0
2021-07-06 00:00:00+09:00,140.0,141.0,139.0,140.0,55500,0.0,0.0
2021-07-07 00:00:00+09:00,140.0,140.0,139.0,140.0,30400,0.0,0.0
2021-07-08 00:00:00+09:00,139.0,139.0,138.0,138.0,16900,0.0,0.0
2021-07-09 00:00:00+09:00,137.0,141.0,137.0,141.0,31100,0.0,0.0
2021-07-12 00:00:00+09:00,143.0,143.0,139.0,139.0,68300,0.0,0.0
2021-07-13 00:00:00+09:00,140.0,140.0,139.0,140.0,43600,0.0,0.0
2021-07-14 00:00:00+09:00,140.0,140.0,138.0,140.0,50200,0.0,0.0
2021-07-15 00:00:00+09:00,139.0,139.0,138.0,138.0,49800,0.0,0.0
2021-07-16 00:00:00+09:00,138.0,139.0,138.0,139.0,19400,0.0,0.0
2021-07-19 00:00:00+09:00,138.0,138.0,136.0,138.0,72100,0.0,0.0
2021-07-20 00:00:00+09:00,137.0,137.0,136.0,136.0,33900,0.0,0.0
2021-07-21 00:00:00+09:00,137.0,141.0,136.0,138.0,53000,0.0,0.0
2021-07-26 00:00:00+09:00,140.0,140.0,138.0,139.0,50500,0.0,0.0
2021-07-27 00:00:00+09:00,140.0,158.0,138.0,143.0,1948800,0.0,0.0
2021-07-28 00:00:00+09:00,140.0,142.0,138.0,138.0,241000,0.0,0.0
2021-07-29 00:00:00+09:00,139.0,140.0,137.0,137.0,93400,0.0,0.0
2021-07-30 00:00:00+09:00,135.0,135.0,132.0,132.0,115200,0.0,0.0
2021-08-02 00:00:00+09:00,131.0,134.0,131.0,131.0,100900,0.0,0.0
2021-08-03 00:00:00+09:00,129.0,134.0,129.0,133.0,123100,0.0,0.0
2021-08-04 00:00:00+09:00,130.0,131.0,129.0,130.0,104900,0.0,0.0
2021-08-05 00:00:00+09:00,129.0,130.0,128.0,129.0,39200,0.0,0.0
2021-08-06 00:00:00+09:00,129.0,129.0,126.0,128.0,50800,0.0,0.0
2021-08-10 00:00:00+09:00,127.0,128.0,126.0,128.0,91700,0.0,0.0
2021-08-11 00:00:00+09:00,128.0,129.0,127.0,129.0,33300,0.0,0.0
2021-08-12 00:00:00+09:00,129.0,132.0,128.0,129.0,74400,0.0,0.0
2021-08-13 00:00:00+09:00,130.0,130.0,128.0,128.0,25600,0.0,0.0
2021-08-16 00:00:00+09:00,129.0,129.0,127.0,127.0,38500,0.0,0.0
2021-08-17 00:00:00+09:00,128.0,128.0,126.0,127.0,31500,0.0,0.0
2021-08-18 00:00:00+09:00,128.0,128.0,126.0,127.0,22500,0.0,0.0
2021-08-19 00:00:00+09:00,127.0,127.0,126.0,127.0,19600,0.0,0.0
2021-08-20 00:00:00+09:00,125.0,126.0,123.0,124.0,44500,0.0,0.0
2021-08-23 00:00:00+09:00,124.0,127.0,123.0,127.0,25300,0.0,0.0
2021-08-24 00:00:00+09:00,127.0,129.0,127.0,128.0,13800,0.0,0.0
2021-08-25 00:00:00+09:00,129.0,132.0,127.0,129.0,48300,0.0,0.0
2021-08-26 00:00:00+09:00,129.0,131.0,128.0,129.0,26900,0.0,0.0
2021-08-27 00:00:00+09:00,129.0,130.0,128.0,128.0,25600,0.0,0.0
2021-08-30 00:00:00+09:00,129.0,131.0,129.0,130.0,25700,0.0,0.0
2021-08-31 00:00:00+09:00,130.0,131.0,129.0,130.0,16800,0.0,0.0
2021-09-01 00:00:00+09:00,130.0,133.0,129.0,132.0,46300,0.0,0.0
2021-09-02 00:00:00+09:00,132.0,132.0,130.0,130.0,17200,0.0,0.0
2021-09-03 00:00:00+09:00,130.0,131.0,129.0,131.0,20500,0.0,0.0
2021-09-06 00:00:00+09:00,131.0,134.0,131.0,133.0,22800,0.0,0.0
2021-09-07 00:00:00+09:00,133.0,134.0,132.0,133.0,11100,0.0,0.0
2021-09-08 00:00:00+09:00,133.0,137.0,132.0,135.0,63300,0.0,0.0
2021-09-09 00:00:00+09:00,134.0,135.0,132.0,133.0,39700,0.0,0.0
2021-09-10 00:00:00+09:00,131.0,134.0,131.0,133.0,43100,0.0,0.0
2021-09-13 00:00:00+09:00,133.0,135.0,129.0,134.0,77200,0.0,0.0
2021-09-14 00:00:00+09:00,134.0,134.0,133.0,133.0,23800,0.0,0.0
2021-09-15 00:00:00+09:00,133.0,133.0,132.0,133.0,17300,0.0,0.0
2021-09-16 00:00:00+09:00,133.0,133.0,131.0,133.0,24300,0.0,0.0
2021-09-17 00:00:00+09:00,132.0,133.0,131.0,132.0,34000,0.0,0.0
2021-09-21 00:00:00+09:00,128.0,130.0,128.0,130.0,51500,0.0,0.0
2021-09-22 00:00:00+09:00,129.0,131.0,127.0,129.0,37500,0.0,0.0
2021-09-24 00:00:00+09:00,130.0,131.0,129.0,131.0,17900,0.0,0.0
2021-09-27 00:00:00+09:00,131.0,131.0,129.0,131.0,27900,0.0,0.0
2021-09-28 00:00:00+09:00,131.0,132.0,129.0,132.0,81500,0.0,0.0
2021-09-29 00:00:00+09:00,130.0,130.0,129.0,129.0,96700,0.0,0.0
2021-09-30 00:00:00+09:00,130.0,131.0,129.0,130.0,21200,0.0,0.0
2021-10-01 00:00:00+09:00,129.0,130.0,127.0,128.0,33200,0.0,0.0
2021-10-04 00:00:00+09:00,129.0,129.0,126.0,127.0,25100,0.0,0.0
2021-10-05 00:00:00+09:00,126.0,126.0,124.0,126.0,40900,0.0,0.0
2021-10-06 00:00:00+09:00,126.0,126.0,123.0,126.0,54800,0.0,0.0
2021-10-07 00:00:00+09:00,125.0,127.0,125.0,125.0,45600,0.0,0.0
2021-10-08 00:00:00+09:00,125.0,126.0,125.0,126.0,20700,0.0,0.0
2021-10-11 00:00:00+09:00,126.0,127.0,124.0,126.0,34400,0.0,0.0
2021-10-12 00:00:00+09:00,126.0,126.0,124.0,125.0,23300,0.0,0.0
2021-10-13 00:00:00+09:00,124.0,126.0,124.0,125.0,13300,0.0,0.0
2021-10-14 00:00:00+09:00,124.0,125.0,124.0,125.0,46000,0.0,0.0
2021-10-15 00:00:00+09:00,125.0,127.0,125.0,126.0,17500,0.0,0.0
2021-10-18 00:00:00+09:00,126.0,126.0,125.0,126.0,19100,0.0,0.0
2021-10-19 00:00:00+09:00,127.0,127.0,125.0,126.0,23900,0.0,0.0
2021-10-20 00:00:00+09:00,125.0,126.0,124.0,126.0,71700,0.0,0.0
2021-10-21 00:00:00+09:00,126.0,126.0,124.0,124.0,22800,0.0,0.0
2021-10-22 00:00:00+09:00,125.0,127.0,124.0,127.0,24800,0.0,0.0
2021-10-25 00:00:00+09:00,125.0,126.0,124.0,126.0,46100,0.0,0.0
2021-10-26 00:00:00+09:00,126.0,126.0,125.0,126.0,19200,0.0,0.0
2021-10-27 00:00:00+09:00,125.0,127.0,124.0,127.0,45000,0.0,0.0
2021-10-28 00:00:00+09:00,125.0,127.0,125.0,126.0,46200,0.0,0.0
2021-10-29 00:00:00+09:00,126.0,126.0,122.0,123.0,69000,0.0,0.0
2021-11-01 00:00:00+09:00,123.0,123.0,121.0,122.0,38800,0.0,0.0
2021-11-02 00:00:00+09:00,121.0,124.0,121.0,124.0,44000,0.0,0.0
2021-11-04 00:00:00+09:00,122.0,123.0,121.0,123.0,32300,0.0,0.0
2021-11-05 00:00:00+09:00,122.0,123.0,121.0,123.0,20700,0.0,0.0
2021-11-08 00:00:00+09:00,123.0,123.0,120.0,122.0,36500,0.0,0.0
2021-11-09 00:00:00+09:00,121.0,122.0,119.0,120.0,51300,0.0,0.0
2021-11-10 00:00:00+09:00,120.0,124.0,120.0,121.0,95000,0.0,0.0
2021-11-11 00:00:00+09:00,122.0,122.0,121.0,121.0,18200,0.0,0.0
2021-11-12 00:00:00+09:00,122.0,123.0,120.0,121.0,42600,0.0,0.0
2021-11-15 00:00:00+09:00,121.0,122.0,120.0,121.0,36200,0.0,0.0
2021-11-16 00:00:00+09:00,122.0,124.0,122.0,123.0,47500,0.0,0.0
2021-11-17 00:00:00+09:00,124.0,124.0,122.0,123.0,46200,0.0,0.0
2021-11-18 00:00:00+09:00,123.0,123.0,122.0,123.0,25300,0.0,0.0
2021-11-19 00:00:00+09:00,123.0,123.0,122.0,123.0,26600,0.0,0.0
2021-11-22 00:00:00+09:00,122.0,123.0,121.0,123.0,22600,0.0,0.0
2021-11-24 00:00:00+09:00,121.0,122.0,121.0,121.0,19400,0.0,0.0
2021-11-25 00:00:00+09:00,122.0,123.0,121.0,123.0,36200,0.0,0.0
2021-11-26 00:00:00+09:00,122.0,122.0,119.0,120.0,77100,0.0,0.0
2021-11-29 00:00:00+09:00,119.0,119.0,116.0,119.0,65500,0.0,0.0
2021-11-30 00:00:00+09:00,118.0,120.0,118.0,119.0,25600,0.0,0.0
2021-12-01 00:00:00+09:00,116.0,120.0,116.0,120.0,29300,0.0,0.0
2021-12-02 00:00:00+09:00,119.0,121.0,119.0,121.0,15100,0.0,0.0
2021-12-03 00:00:00+09:00,120.0,121.0,119.0,121.0,15100,0.0,0.0
2021-12-06 00:00:00+09:00,120.0,121.0,119.0,121.0,24800,0.0,0.0
2021-12-07 00:00:00+09:00,120.0,121.0,120.0,121.0,52000,0.0,0.0
2021-12-08 00:00:00+09:00,121.0,122.0,120.0,122.0,31200,0.0,0.0
2021-12-09 00:00:00+09:00,120.0,121.0,119.0,120.0,22500,0.0,0.0
2021-12-10 00:00:00+09:00,120.0,120.0,118.0,120.0,24100,0.0,0.0
2021-12-13 00:00:00+09:00,120.0,120.0,118.0,119.0,33800,0.0,0.0
2021-12-14 00:00:00+09:00,118.0,119.0,118.0,119.0,48000,0.0,0.0
2021-12-15 00:00:00+09:00,119.0,120.0,118.0,119.0,14600,0.0,0.0
2021-12-16 00:00:00+09:00,119.0,120.0,119.0,119.0,22400,0.0,0.0
2021-12-17 00:00:00+09:00,119.0,119.0,118.0,119.0,23000,0.0,0.0
2021-12-20 00:00:00+09:00,117.0,119.0,117.0,119.0,32600,0.0,0.0
2021-12-21 00:00:00+09:00,119.0,119.0,117.0,118.0,45300,0.0,0.0
2021-12-22 00:00:00+09:00,117.0,118.0,115.0,117.0,57300,0.0,0.0
2021-12-23 00:00:00+09:00,117.0,117.0,116.0,117.0,140200,0.0,0.0
2021-12-24 00:00:00+09:00,117.0,117.0,115.0,116.0,40300,0.0,0.0
2021-12-27 00:00:00+09:00,116.0,116.0,113.0,113.0,89600,0.0,0.0
2021-12-28 00:00:00+09:00,113.0,114.0,111.0,112.0,114000,0.0,0.0
2021-12-29 00:00:00+09:00,111.0,114.0,111.0,113.0,49500,0.0,0.0
2021-12-30 00:00:00+09:00,113.0,114.0,112.0,114.0,62700,0.0,0.0
2022-01-04 00:00:00+09:00,114.0,117.0,114.0,115.0,49000,0.0,0.0
2022-01-05 00:00:00+09:00,114.0,116.0,114.0,115.0,27000,0.0,0.0
2022-01-06 00:00:00+09:00,115.0,115.0,113.0,113.0,20200,0.0,0.0
2022-01-07 00:00:00+09:00,113.0,115.0,113.0,114.0,12000,0.0,0.0
2022-01-11 00:00:00+09:00,114.0,114.0,113.0,114.0,9100,0.0,0.0
2022-01-12 00:00:00+09:00,114.0,115.0,114.0,114.0,16700,0.0,0.0
2022-01-13 00:00:00+09:00,114.0,114.0,112.0,112.0,40200,0.0,0.0
2022-01-14 00:00:00+09:00,112.0,114.0,111.0,112.0,18700,0.0,0.0
2022-01-17 00:00:00+09:00,114.0,114.0,112.0,113.0,19100,0.0,0.0
2022-01-18 00:00:00+09:00,113.0,114.0,112.0,113.0,6800,0.0,0.0
2022-01-19 00:00:00+09:00,112.0,112.0,109.0,109.0,55800,0.0,0.0
2022-01-20 00:00:00+09:00,108.0,111.0,108.0,111.0,27300,0.0,0.0
2022-01-21 00:00:00+09:00,109.0,110.0,109.0,109.0,7100,0.0,0.0
2022-01-24 00:00:00+09:00,108.0,109.0,108.0,109.0,4700,0.0,0.0
2022-01-25 00:00:00+09:00,111.0,111.0,109.0,109.0,14600,0.0,0.0
2022-01-26 00:00:00+09:00,109.0,109.0,107.0,108.0,26300,0.0,0.0
2022-01-27 00:00:00+09:00,108.0,108.0,105.0,107.0,38100,0.0,0.0
2022-01-28 00:00:00+09:00,108.0,110.0,108.0,109.0,47100,0.0,0.0
2022-01-31 00:00:00+09:00,108.0,110.0,107.0,109.0,31800,0.0,0.0
2022-02-01 00:00:00+09:00,109.0,109.0,107.0,109.0,22300,0.0,0.0
2022-02-02 00:00:00+09:00,107.0,110.0,107.0,110.0,66500,0.0,0.0
2022-02-03 00:00:00+09:00,110.0,110.0,109.0,109.0,20200,0.0,0.0
2022-02-04 00:00:00+09:00,109.0,113.0,108.0,112.0,52600,0.0,0.0
2022-02-07 00:00:00+09:00,112.0,116.0,111.0,116.0,69500,0.0,0.0
2022-02-08 00:00:00+09:00,116.0,116.0,113.0,114.0,59700,0.0,0.0
2022-02-09 00:00:00+09:00,113.0,119.0,113.0,117.0,70400,0.0,0.0
2022-02-10 00:00:00+09:00,118.0,118.0,115.0,116.0,44300,0.0,0.0
2022-02-14 00:00:00+09:00,115.0,115.0,113.0,113.0,20300,0.0,0.0
2022-02-15 00:00:00+09:00,112.0,113.0,111.0,112.0,43300,0.0,0.0
2022-02-16 00:00:00+09:00,113.0,116.0,113.0,114.0,24500,0.0,0.0
2022-02-17 00:00:00+09:00,116.0,118.0,115.0,117.0,56700,0.0,0.0
2022-02-18 00:00:00+09:00,116.0,118.0,114.0,116.0,23800,0.0,0.0
2022-02-21 00:00:00+09:00,113.0,114.0,113.0,114.0,40100,0.0,0.0
2022-02-22 00:00:00+09:00,111.0,113.0,111.0,113.0,22300,0.0,0.0
2022-02-24 00:00:00+09:00,113.0,113.0,107.0,109.0,57900,0.0,0.0
2022-02-25 00:00:00+09:00,109.0,110.0,107.0,108.0,49600,0.0,0.0
2022-02-28 00:00:00+09:00,109.0,109.0,108.0,108.0,21600,0.0,0.0
2022-03-01 00:00:00+09:00,108.0,111.0,108.0,110.0,29200,0.0,0.0
2022-03-02 00:00:00+09:00,109.0,110.0,108.0,109.0,20100,0.0,0.0
2022-03-03 00:00:00+09:00,110.0,110.0,109.0,110.0,7400,0.0,0.0
2022-03-04 00:00:00+09:00,109.0,110.0,108.0,108.0,66900,0.0,0.0
2022-03-07 00:00:00+09:00,108.0,108.0,104.0,105.0,37700,0.0,0.0
2022-03-08 00:00:00+09:00,104.0,106.0,103.0,103.0,27000,0.0,0.0
2022-03-09 00:00:00+09:00,103.0,104.0,102.0,103.0,14900,0.0,0.0
2022-03-10 00:00:00+09:00,103.0,105.0,103.0,105.0,6800,0.0,0.0
2022-03-11 00:00:00+09:00,105.0,105.0,103.0,105.0,22500,0.0,0.0
2022-03-14 00:00:00+09:00,106.0,107.0,105.0,107.0,32800,0.0,0.0
2022-03-15 00:00:00+09:00,107.0,107.0,106.0,106.0,10000,0.0,0.0
2022-03-16 00:00:00+09:00,108.0,108.0,106.0,107.0,19300,0.0,0.0
2022-03-17 00:00:00+09:00,107.0,109.0,106.0,108.0,44400,0.0,0.0
2022-03-18 00:00:00+09:00,108.0,109.0,107.0,109.0,18100,0.0,0.0
2022-03-22 00:00:00+09:00,109.0,110.0,108.0,109.0,18100,0.0,0.0
2022-03-23 00:00:00+09:00,110.0,112.0,109.0,111.0,32700,0.0,0.0
2022-03-24 00:00:00+09:00,109.0,111.0,109.0,110.0,10400,0.0,0.0
2022-03-25 00:00:00+09:00,111.0,111.0,109.0,110.0,21400,0.0,0.0
2022-03-28 00:00:00+09:00,111.0,111.0,109.0,109.0,21100,0.0,0.0
2022-03-29 00:00:00+09:00,110.0,111.0,109.0,110.0,11400,0.0,0.0
2022-03-30 00:00:00+09:00,110.0,111.0,109.0,110.0,15900,0.0,0.0
2022-03-31 00:00:00+09:00,111.0,111.0,109.0,111.0,7100,0.0,0.0
2022-04-01 00:00:00+09:00,109.0,111.0,109.0,111.0,16300,0.0,0.0
2022-04-04 00:00:00+09:00,111.0,111.0,109.0,109.0,26400,0.0,0.0
2022-04-05 00:00:00+09:00,111.0,111.0,109.0,110.0,11400,0.0,0.0
2022-04-06 00:00:00+09:00,110.0,111.0,109.0,110.0,13200,0.0,0.0
2022-04-07 00:00:00+09:00,110.0,111.0,109.0,109.0,18600,0.0,0.0
2022-04-08 00:00:00+09:00,111.0,111.0,109.0,109.0,1800,0.0,0.0
2022-04-11 00:00:00+09:00,109.0,110.0,108.0,108.0,12100,0.0,0.0
2022-04-12 00:00:00+09:00,109.0,109.0,108.0,108.0,6300,0.0,0.0
2022-04-13 00:00:00+09:00,109.0,109.0,107.0,109.0,24800,0.0,0.0
2022-04-14 00:00:00+09:00,109.0,109.0,108.0,108.0,5100,0.0,0.0
2022-04-15 00:00:00+09:00,109.0,109.0,108.0,108.0,3800,0.0,0.0
2022-04-18 00:00:00+09:00,108.0,110.0,108.0,110.0,7700,0.0,0.0
2022-04-19 00:00:00+09:00,110.0,110.0,109.0,110.0,1500,0.0,0.0
2022-04-20 00:00:00+09:00,109.0,109.0,108.0,109.0,18700,0.0,0.0
2022-04-21 00:00:00+09:00,109.0,110.0,109.0,110.0,3900,0.0,0.0
2022-04-22 00:00:00+09:00,109.0,110.0,108.0,110.0,15900,0.0,0.0
2022-04-25 00:00:00+09:00,108.0,109.0,107.0,107.0,14200,0.0,0.0
2022-04-26 00:00:00+09:00,108.0,109.0,108.0,109.0,12500,0.0,0.0
2022-04-27 00:00:00+09:00,108.0,108.0,107.0,107.0,7700,0.0,0.0
2022-04-28 00:00:00+09:00,107.0,109.0,107.0,107.0,18700,0.0,0.0
2022-05-02 00:00:00+09:00,112.0,115.0,109.0,113.0,190000,0.0,0.0
2022-05-06 00:00:00+09:00,115.0,115.0,111.0,112.0,47700,0.0,0.0
2022-05-09 00:00:00+09:00,112.0,112.0,111.0,111.0,11500,0.0,0.0
2022-05-10 00:00:00+09:00,113.0,113.0,110.0,112.0,19400,0.0,0.0
2022-05-11 00:00:00+09:00,113.0,113.0,111.0,112.0,2400,0.0,0.0
2022-05-12 00:00:00+09:00,112.0,112.0,107.0,107.0,40400,0.0,0.0
2022-05-13 00:00:00+09:00,108.0,110.0,105.0,108.0,47200,0.0,0.0
2022-05-16 00:00:00+09:00,109.0,111.0,108.0,110.0,20600,0.0,0.0
2022-05-17 00:00:00+09:00,109.0,110.0,108.0,109.0,19300,0.0,0.0
2022-05-18 00:00:00+09:00,110.0,110.0,109.0,110.0,19200,0.0,0.0
2022-05-19 00:00:00+09:00,109.0,110.0,108.0,109.0,27200,0.0,0.0
2022-05-20 00:00:00+09:00,108.0,109.0,108.0,108.0,12700,0.0,0.0
2022-05-23 00:00:00+09:00,109.0,110.0,108.0,109.0,27100,0.0,0.0
2022-05-24 00:00:00+09:00,110.0,110.0,109.0,110.0,13500,0.0,0.0
2022-05-25 00:00:00+09:00,110.0,110.0,108.0,109.0,20000,0.0,0.0
2022-05-26 00:00:00+09:00,108.0,110.0,108.0,109.0,13300,0.0,0.0
2022-05-27 00:00:00+09:00,109.0,111.0,109.0,111.0,10800,0.0,0.0
2022-05-30 00:00:00+09:00,111.0,112.0,110.0,111.0,32000,0.0,0.0
2022-05-31 00:00:00+09:00,111.0,113.0,111.0,112.0,24800,0.0,0.0
2022-06-01 00:00:00+09:00,111.0,114.0,111.0,114.0,30800,0.0,0.0
2022-06-02 00:00:00+09:00,114.0,114.0,112.0,112.0,6500,0.0,0.0
2022-06-03 00:00:00+09:00,112.0,113.0,112.0,112.0,13200,0.0,0.0
2022-06-06 00:00:00+09:00,113.0,113.0,112.0,112.0,12600,0.0,0.0
2022-06-07 00:00:00+09:00,112.0,113.0,112.0,112.0,15400,0.0,0.0
2022-06-08 00:00:00+09:00,113.0,114.0,112.0,113.0,11700,0.0,0.0
2022-06-09 00:00:00+09:00,112.0,112.0,111.0,112.0,24800,0.0,0.0
2022-06-10 00:00:00+09:00,113.0,113.0,112.0,112.0,10600,0.0,0.0
2022-06-13 00:00:00+09:00,113.0,113.0,111.0,111.0,11500,0.0,0.0
2022-06-14 00:00:00+09:00,111.0,112.0,111.0,112.0,7600,0.0,0.0
2022-06-15 00:00:00+09:00,112.0,112.0,111.0,111.0,3100,0.0,0.0
2022-06-16 00:00:00+09:00,112.0,112.0,110.0,110.0,9500,0.0,0.0
2022-06-17 00:00:00+09:00,110.0,112.0,110.0,112.0,17700,0.0,0.0
2022-06-20 00:00:00+09:00,111.0,112.0,110.0,110.0,24000,0.0,0.0
2022-06-21 00:00:00+09:00,110.0,111.0,109.0,110.0,11000,0.0,0.0
2022-06-22 00:00:00+09:00,111.0,111.0,110.0,110.0,10800,0.0,0.0
2022-06-23 00:00:00+09:00,110.0,110.0,109.0,109.0,8500,0.0,0.0
2022-06-24 00:00:00+09:00,109.0,110.0,108.0,110.0,34300,0.0,0.0
2022-06-27 00:00:00+09:00,110.0,110.0,109.0,110.0,18800,0.0,0.0
2022-06-28 00:00:00+09:00,110.0,110.0,109.0,110.0,28200,0.0,0.0
2022-06-29 00:00:00+09:00,110.0,111.0,110.0,110.0,12200,0.0,0.0
2022-06-30 00:00:00+09:00,111.0,112.0,110.0,111.0,71100,0.0,0.0
2022-07-01 00:00:00+09:00,112.0,113.0,111.0,112.0,23100,0.0,0.0
2022-07-04 00:00:00+09:00,112.0,113.0,111.0,111.0,16500,0.0,0.0
2022-07-05 00:00:00+09:00,113.0,113.0,111.0,112.0,19700,0.0,0.0
2022-07-06 00:00:00+09:00,112.0,112.0,111.0,111.0,17300,0.0,0.0
2022-07-07 00:00:00+09:00,112.0,112.0,111.0,111.0,7600,0.0,0.0
2022-07-08 00:00:00+09:00,112.0,113.0,111.0,112.0,24500,0.0,0.0
2022-07-11 00:00:00+09:00,112.0,113.0,111.0,113.0,26500,0.0,0.0
2022-07-12 00:00:00+09:00,113.0,113.0,112.0,112.0,48900,0.0,0.0
2022-07-13 00:00:00+09:00,113.0,113.0,112.0,113.0,8700,0.0,0.0
2022-07-14 00:00:00+09:00,113.0,114.0,112.0,113.0,9100,0.0,0.0
2022-07-15 00:00:00+09:00,114.0,114.0,113.0,114.0,13700,0.0,0.0
2022-07-19 00:00:00+09:00,113.0,113.0,112.0,113.0,19900,0.0,0.0
2022-07-20 00:00:00+09:00,113.0,113.0,112.0,112.0,28600,0.0,0.0
2022-07-21 00:00:00+09:00,113.0,113.0,112.0,113.0,7700,0.0,0.0
2022-07-22 00:00:00+09:00,113.0,115.0,113.0,113.0,37600,0.0,0.0
2022-07-25 00:00:00+09:00,115.0,116.0,113.0,115.0,36700,0.0,0.0
2022-07-26 00:00:00+09:00,114.0,118.0,114.0,116.0,46800,0.0,0.0
2022-07-27 00:00:00+09:00,117.0,118.0,115.0,118.0,27600,0.0,0.0
2022-07-28 00:00:00+09:00,118.0,120.0,117.0,117.0,65000,0.0,0.0
2022-07-29 00:00:00+09:00,118.0,118.0,116.0,117.0,46800,0.0,0.0
2022-08-01 00:00:00+09:00,118.0,118.0,116.0,117.0,15100,0.0,0.0
2022-08-02 00:00:00+09:00,117.0,117.0,113.0,115.0,39800,0.0,0.0
2022-08-03 00:00:00+09:00,115.0,116.0,113.0,114.0,36000,0.0,0.0
2022-08-04 00:00:00+09:00,114.0,115.0,113.0,115.0,16300,0.0,0.0
2022-08-05 00:00:00+09:00,114.0,115.0,114.0,115.0,17500,0.0,0.0
2022-08-08 00:00:00+09:00,115.0,115.0,114.0,114.0,19100,0.0,0.0
2022-08-09 00:00:00+09:00,115.0,115.0,114.0,114.0,20000,0.0,0.0
2022-08-10 00:00:00+09:00,114.0,118.0,114.0,117.0,105900,0.0,0.0
2022-08-12 00:00:00+09:00,116.0,117.0,114.0,115.0,35000,0.0,0.0
2022-08-15 00:00:00+09:00,116.0,116.0,114.0,114.0,20000,0.0,0.0
2022-08-16 00:00:00+09:00,114.0,115.0,114.0,114.0,12400,0.0,0.0
2022-08-17 00:00:00+09:00,115.0,116.0,114.0,116.0,15300,0.0,0.0
2022-08-18 00:00:00+09:00,116.0,116.0,115.0,115.0,9000,0.0,0.0
2022-08-19 00:00:00+09:00,115.0,117.0,115.0,116.0,21700,0.0,0.0
2022-08-22 00:00:00+09:00,118.0,118.0,117.0,117.0,39800,0.0,0.0
2022-08-23 00:00:00+09:00,116.0,118.0,116.0,118.0,21700,0.0,0.0
2022-08-24 00:00:00+09:00,118.0,119.0,117.0,119.0,24500,0.0,0.0
2022-08-25 00:00:00+09:00,120.0,126.0,120.0,123.0,146300,0.0,0.0
2022-08-26 00:00:00+09:00,123.0,125.0,121.0,121.0,109800,0.0,0.0
2022-08-29 00:00:00+09:00,118.0,120.0,118.0,119.0,47200,0.0,0.0
2022-08-30 00:00:00+09:00,120.0,121.0,119.0,120.0,26300,0.0,0.0
2022-08-31 00:00:00+09:00,120.0,128.0,120.0,127.0,167800,0.0,0.0
2022-09-01 00:00:00+09:00,127.0,130.0,125.0,126.0,200300,0.0,0.0
2022-09-02 00:00:00+09:00,126.0,126.0,123.0,126.0,39200,0.0,0.0
2022-09-05 00:00:00+09:00,127.0,128.0,124.0,127.0,50200,0.0,0.0
2022-09-06 00:00:00+09:00,127.0,128.0,125.0,127.0,40100,0.0,0.0
2022-09-07 00:00:00+09:00,130.0,133.0,128.0,129.0,115100,0.0,0.0
2022-09-08 00:00:00+09:00,128.0,130.0,127.0,129.0,40900,0.0,0.0
2022-09-09 00:00:00+09:00,130.0,131.0,126.0,130.0,50900,0.0,0.0
2022-09-12 00:00:00+09:00,130.0,131.0,129.0,130.0,41700,0.0,0.0
2022-09-13 00:00:00+09:00,130.0,130.0,125.0,126.0,109500,0.0,0.0
2022-09-14 00:00:00+09:00,124.0,125.0,123.0,124.0,50200,0.0,0.0
2022-09-15 00:00:00+09:00,125.0,125.0,121.0,123.0,35600,0.0,0.0
2022-09-16 00:00:00+09:00,122.0,127.0,121.0,127.0,49600,0.0,0.0
2022-09-20 00:00:00+09:00,128.0,128.0,125.0,127.0,37300,0.0,0.0
2022-09-21 00:00:00+09:00,126.0,126.0,123.0,125.0,17800,0.0,0.0
2022-09-22 00:00:00+09:00,124.0,126.0,123.0,126.0,16600,0.0,0.0
2022-09-26 00:00:00+09:00,125.0,125.0,123.0,124.0,14400,0.0,0.0
2022-09-27 00:00:00+09:00,124.0,126.0,123.0,125.0,43300,0.0,0.0
2022-09-28 00:00:00+09:00,124.0,125.0,122.0,125.0,150300,0.0,0.0
2022-09-29 00:00:00+09:00,124.0,125.0,122.0,122.0,45900,0.0,0.0
2022-09-30 00:00:00+09:00,122.0,122.0,113.0,114.0,147600,0.0,0.0
2022-10-03 00:00:00+09:00,116.0,117.0,113.0,115.0,30700,0.0,0.0
2022-10-04 00:00:00+09:00,117.0,117.0,116.0,117.0,10000,0.0,0.0
2022-10-05 00:00:00+09:00,117.0,117.0,115.0,116.0,11800,0.0,0.0
2022-10-06 00:00:00+09:00,116.0,118.0,116.0,118.0,11600,0.0,0.0
2022-10-07 00:00:00+09:00,116.0,118.0,116.0,117.0,9200,0.0,0.0
2022-10-11 00:00:00+09:00,115.0,116.0,115.0,115.0,11700,0.0,0.0
2022-10-12 00:00:00+09:00,115.0,117.0,115.0,116.0,11100,0.0,0.0
2022-10-13 00:00:00+09:00,116.0,116.0,115.0,115.0,8900,0.0,0.0
2022-10-14 00:00:00+09:00,115.0,117.0,115.0,117.0,26000,0.0,0.0
2022-10-17 00:00:00+09:00,117.0,117.0,116.0,117.0,3900,0.0,0.0
2022-10-18 00:00:00+09:00,116.0,117.0,116.0,116.0,12300,0.0,0.0
2022-10-19 00:00:00+09:00,116.0,116.0,115.0,116.0,18100,0.0,0.0
2022-10-20 00:00:00+09:00,118.0,118.0,116.0,116.0,10900,0.0,0.0
2022-10-21 00:00:00+09:00,116.0,116.0,116.0,116.0,24800,0.0,0.0
2022-10-24 00:00:00+09:00,117.0,117.0,116.0,117.0,19300,0.0,0.0
2022-10-25 00:00:00+09:00,117.0,117.0,116.0,117.0,7600,0.0,0.0
2022-10-26 00:00:00+09:00,115.0,116.0,115.0,116.0,14800,0.0,0.0
2022-10-27 00:00:00+09:00,116.0,116.0,115.0,115.0,2400,0.0,0.0
2022-10-28 00:00:00+09:00,115.0,118.0,115.0,118.0,19800,0.0,0.0
2022-10-31 00:00:00+09:00,116.0,116.0,114.0,114.0,33600,0.0,0.0
2022-11-01 00:00:00+09:00,115.0,116.0,114.0,115.0,8500,0.0,0.0
2022-11-02 00:00:00+09:00,115.0,116.0,114.0,115.0,8000,0.0,0.0
2022-11-04 00:00:00+09:00,114.0,115.0,114.0,114.0,10600,0.0,0.0
2022-11-07 00:00:00+09:00,115.0,115.0,114.0,114.0,5300,0.0,0.0
2022-11-08 00:00:00+09:00,115.0,115.0,114.0,114.0,5800,0.0,0.0
2022-11-09 00:00:00+09:00,113.0,115.0,113.0,114.0,7100,0.0,0.0
2022-11-10 00:00:00+09:00,114.0,115.0,114.0,114.0,4300,0.0,0.0
2022-11-11 00:00:00+09:00,114.0,114.0,113.0,113.0,29100,0.0,0.0
2022-11-14 00:00:00+09:00,114.0,114.0,113.0,114.0,10600,0.0,0.0
2022-11-15 00:00:00+09:00,114.0,114.0,113.0,114.0,11400,0.0,0.0
2022-11-16 00:00:00+09:00,115.0,115.0,113.0,114.0,5100,0.0,0.0
2022-11-17 00:00:00+09:00,115.0,115.0,114.0,114.0,4600,0.0,0.0
2022-11-18 00:00:00+09:00,115.0,115.0,114.0,115.0,5400,0.0,0.0
2022-11-21 00:00:00+09:00,116.0,116.0,115.0,116.0,17200,0.0,0.0
2022-11-22 00:00:00+09:00,115.0,115.0,115.0,115.0,11700,0.0,0.0
2022-11-24 00:00:00+09:00,116.0,116.0,115.0,116.0,16000,0.0,0.0
2022-11-25 00:00:00+09:00,116.0,116.0,115.0,116.0,6300,0.0,0.0
2022-11-28 00:00:00+09:00,117.0,117.0,116.0,116.0,5500,0.0,0.0
2022-11-29 00:00:00+09:00,116.0,116.0,115.0,115.0,5200,0.0,0.0
2022-11-30 00:00:00+09:00,115.0,117.0,115.0,116.0,10200,0.0,0.0
2022-12-01 00:00:00+09:00,116.0,116.0,115.0,116.0,5600,0.0,0.0
2022-12-02 00:00:00+09:00,116.0,116.0,115.0,116.0,8000,0.0,0.0
2022-12-05 00:00:00+09:00,116.0,116.0,115.0,115.0,3200,0.0,0.0
2022-12-06 00:00:00+09:00,115.0,115.0,114.0,115.0,2800,0.0,0.0
2022-12-07 00:00:00+09:00,115.0,116.0,115.0,115.0,3100,0.0,0.0
2022-12-08 00:00:00+09:00,115.0,116.0,115.0,116.0,5400,0.0,0.0
2022-12-09 00:00:00+09:00,115.0,116.0,114.0,115.0,13600,0.0,0.0
2022-12-12 00:00:00+09:00,115.0,116.0,114.0,116.0,6100,0.0,0.0
2022-12-13 00:00:00+09:00,116.0,116.0,115.0,116.0,13700,0.0,0.0
2022-12-14 00:00:00+09:00,116.0,117.0,115.0,117.0,13400,0.0,0.0
2022-12-15 00:00:00+09:00,117.0,117.0,116.0,117.0,21200,0.0,0.0
2022-12-16 00:00:00+09:00,117.0,117.0,116.0,117.0,6400,0.0,0.0
2022-12-19 00:00:00+09:00,117.0,117.0,116.0,117.0,11900,0.0,0.0
2022-12-20 00:00:00+09:00,118.0,118.0,112.0,114.0,45400,0.0,0.0
2022-12-21 00:00:00+09:00,113.0,114.0,113.0,114.0,5000,0.0,0.0
2022-12-22 00:00:00+09:00,115.0,116.0,114.0,116.0,5900,0.0,0.0
2022-12-23 00:00:00+09:00,115.0,115.0,112.0,114.0,33100,0.0,0.0
2022-12-26 00:00:00+09:00,115.0,116.0,113.0,113.0,31800,0.0,0.0
2022-12-27 00:00:00+09:00,113.0,114.0,113.0,113.0,15600,0.0,0.0
2022-12-28 00:00:00+09:00,113.0,115.0,113.0,114.0,58200,0.0,0.0
2022-12-29 00:00:00+09:00,114.0,115.0,114.0,115.0,6600,0.0,0.0
2022-12-30 00:00:00+09:00,115.0,116.0,114.0,114.0,11200,0.0,0.0
2023-01-04 00:00:00+09:00,115.0,115.0,114.0,114.0,9800,0.0,0.0
2023-01-05 00:00:00+09:00,115.0,115.0,113.0,114.0,7200,0.0,0.0
2023-01-06 00:00:00+09:00,114.0,115.0,114.0,114.0,1500,0.0,0.0
2023-01-10 00:00:00+09:00,114.0,114.0,112.0,114.0,9200,0.0,0.0
2023-01-11 00:00:00+09:00,114.0,114.0,113.0,113.0,5600,0.0,0.0
2023-01-12 00:00:00+09:00,113.0,114.0,113.0,113.0,3200,0.0,0.0
2023-01-13 00:00:00+09:00,113.0,114.0,113.0,114.0,5100,0.0,0.0
2023-01-16 00:00:00+09:00,114.0,114.0,113.0,113.0,10500,0.0,0.0
2023-01-17 00:00:00+09:00,114.0,114.0,113.0,114.0,3800,0.0,0.0
2023-01-18 00:00:00+09:00,114.0,115.0,113.0,115.0,9800,0.0,0.0
2023-01-19 00:00:00+09:00,113.0,114.0,113.0,113.0,7100,0.0,0.0
2023-01-20 00:00:00+09:00,115.0,115.0,114.0,114.0,26400,0.0,0.0
2023-01-23 00:00:00+09:00,115.0,115.0,113.0,114.0,53000,0.0,0.0
2023-01-24 00:00:00+09:00,115.0,116.0,114.0,114.0,30600,0.0,0.0
2023-01-25 00:00:00+09:00,115.0,115.0,113.0,115.0,14200,0.0,0.0
2023-01-26 00:00:00+09:00,115.0,115.0,114.0,114.0,5600,0.0,0.0
2023-01-27 00:00:00+09:00,115.0,116.0,114.0,114.0,26600,0.0,0.0
2023-01-30 00:00:00+09:00,115.0,115.0,113.0,114.0,20400,0.0,0.0
2023-01-31 00:00:00+09:00,115.0,116.0,114.0,116.0,43800,0.0,0.0
2023-02-01 00:00:00+09:00,117.0,118.0,115.0,116.0,90800,0.0,0.0
2023-02-02 00:00:00+09:00,116.0,117.0,115.0,116.0,37700,0.0,0.0
2023-02-03 00:00:00+09:00,116.0,117.0,116.0,116.0,14800,0.0,0.0
2023-02-06 00:00:00+09:00,116.0,119.0,116.0,118.0,40500,0.0,0.0
2023-02-07 00:00:00+09:00,119.0,124.0,119.0,124.0,99000,0.0,0.0
2023-02-08 00:00:00+09:00,124.0,124.0,121.0,122.0,36300,0.0,0.0
2023-02-09 00:00:00+09:00,122.0,124.0,120.0,122.0,49600,0.0,0.0
2023-02-10 00:00:00+09:00,122.0,128.0,122.0,122.0,112800,0.0,0.0
2023-02-13 00:00:00+09:00,123.0,123.0,118.0,120.0,28500,0.0,0.0
2023-02-14 00:00:00+09:00,119.0,121.0,118.0,119.0,40300,0.0,0.0
2023-02-15 00:00:00+09:00,120.0,120.0,117.0,119.0,43100,0.0,0.0
2023-02-16 00:00:00+09:00,120.0,122.0,119.0,121.0,54600,0.0,0.0
2023-02-17 00:00:00+09:00,121.0,128.0,121.0,128.0,148400,0.0,0.0
2023-02-20 00:00:00+09:00,127.0,127.0,124.0,125.0,37400,0.0,0.0
2023-02-21 00:00:00+09:00,125.0,126.0,125.0,126.0,28500,0.0,0.0
2023-02-22 00:00:00+09:00,125.0,126.0,122.0,126.0,19500,0.0,0.0
2023-02-24 00:00:00+09:00,126.0,126.0,124.0,126.0,14000,0.0,0.0
2023-02-27 00:00:00+09:00,126.0,126.0,123.0,124.0,37200,0.0,0.0
2023-02-28 00:00:00+09:00,124.0,124.0,117.0,122.0,98900,0.0,0.0
2023-03-01 00:00:00+09:00,122.0,123.0,122.0,123.0,10800,0.0,0.0
2023-03-02 00:00:00+09:00,123.0,123.0,122.0,123.0,25200,0.0,0.0
2023-03-03 00:00:00+09:00,128.0,163.0,128.0,146.0,5660300,0.0,0.0
2023-03-06 00:00:00+09:00,142.0,170.0,142.0,162.0,3082000,0.0,0.0
2023-03-07 00:00:00+09:00,157.0,160.0,152.0,152.0,697000,0.0,0.0
2023-03-08 00:00:00+09:00,152.0,156.0,150.0,152.0,268900,0.0,0.0
2023-03-09 00:00:00+09:00,157.0,157.0,150.0,150.0,318600,0.0,0.0
2023-03-10 00:00:00+09:00,148.0,148.0,139.0,139.0,311100,0.0,0.0
2023-03-13 00:00:00+09:00,138.0,156.0,137.0,139.0,527800,0.0,0.0
2023-03-14 00:00:00+09:00,140.0,144.0,135.0,135.0,188300,0.0,0.0
2023-03-15 00:00:00+09:00,136.0,138.0,134.0,134.0,64400,0.0,0.0
2023-03-16 00:00:00+09:00,136.0,137.0,133.0,135.0,109900,0.0,0.0
2023-03-17 00:00:00+09:00,136.0,145.0,135.0,142.0,156700,0.0,0.0
2023-03-20 00:00:00+09:00,145.0,146.0,142.0,143.0,118500,0.0,0.0
2023-03-22 00:00:00+09:00,144.0,145.0,137.0,138.0,114800,0.0,0.0
2023-03-23 00:00:00+09:00,138.0,142.0,138.0,140.0,49000,0.0,0.0
2023-03-24 00:00:00+09:00,140.0,141.0,138.0,140.0,42100,0.0,0.0
2023-03-27 00:00:00+09:00,143.0,143.0,138.0,139.0,94400,0.0,0.0
2023-03-28 00:00:00+09:00,141.0,141.0,138.0,139.0,35900,0.0,0.0
2023-03-29 00:00:00+09:00,140.0,141.0,138.0,139.0,47700,0.0,0.0
2023-03-30 00:00:00+09:00,140.0,141.0,135.0,139.0,56100,0.0,0.0
2023-03-31 00:00:00+09:00,138.0,139.0,136.0,137.0,54900,0.0,0.0
2023-04-03 00:00:00+09:00,135.0,137.0,135.0,136.0,49300,0.0,0.0
2023-04-04 00:00:00+09:00,135.0,138.0,135.0,138.0,42400,0.0,0.0
2023-04-05 00:00:00+09:00,137.0,137.0,135.0,136.0,26400,0.0,0.0
2023-04-06 00:00:00+09:00,137.0,138.0,135.0,136.0,22600,0.0,0.0
2023-04-07 00:00:00+09:00,135.0,138.0,135.0,137.0,22700,0.0,0.0
2023-04-10 00:00:00+09:00,137.0,138.0,136.0,137.0,20600,0.0,0.0
2023-04-11 00:00:00+09:00,138.0,139.0,136.0,138.0,27900,0.0,0.0
2023-04-12 00:00:00+09:00,138.0,144.0,138.0,140.0,69800,0.0,0.0
2023-04-13 00:00:00+09:00,140.0,142.0,138.0,142.0,55100,0.0,0.0
2023-04-14 00:00:00+09:00,143.0,146.0,141.0,143.0,81700,0.0,0.0
2023-04-17 00:00:00+09:00,144.0,151.0,144.0,146.0,155800,0.0,0.0
2023-04-18 00:00:00+09:00,150.0,150.0,144.0,147.0,96200,0.0,0.0
2023-04-19 00:00:00+09:00,147.0,149.0,143.0,146.0,204100,0.0,0.0
2023-04-20 00:00:00+09:00,148.0,149.0,145.0,146.0,56500,0.0,0.0
2023-04-21 00:00:00+09:00,145.0,147.0,138.0,142.0,148700,0.0,0.0
2023-04-24 00:00:00+09:00,145.0,148.0,145.0,147.0,72900,0.0,0.0
2023-04-25 00:00:00+09:00,150.0,151.0,147.0,149.0,140900,0.0,0.0
2023-04-26 00:00:00+09:00,144.0,148.0,143.0,146.0,185200,0.0,0.0
2023-04-27 00:00:00+09:00,146.0,148.0,145.0,148.0,53600,0.0,0.0
2023-04-28 00:00:00+09:00,150.0,153.0,144.0,151.0,204600,0.0,0.0
2023-05-01 00:00:00+09:00,147.0,148.0,140.0,142.0,374500,0.0,0.0
2023-05-02 00:00:00+09:00,142.0,142.0,138.0,139.0,119400,0.0,0.0
2023-05-08 00:00:00+09:00,140.0,141.0,139.0,140.0,36000,0.0,0.0
2023-05-09 00:00:00+09:00,140.0,142.0,140.0,142.0,52100,0.0,0.0
2023-05-10 00:00:00+09:00,142.0,142.0,141.0,142.0,9500,0.0,0.0
2023-05-11 00:00:00+09:00,142.0,142.0,140.0,140.0,27300,0.0,0.0
2023-05-12 00:00:00+09:00,140.0,140.0,139.0,140.0,15200,0.0,0.0
2023-05-15 00:00:00+09:00,141.0,143.0,140.0,142.0,43200,0.0,0.0
2023-05-16 00:00:00+09:00,142.0,147.0,142.0,146.0,80600,0.0,0.0
2023-05-17 00:00:00+09:00,147.0,147.0,145.0,146.0,53100,0.0,0.0
2023-05-18 00:00:00+09:00,146.0,147.0,145.0,145.0,28600,0.0,0.0
2023-05-19 00:00:00+09:00,145.0,146.0,144.0,145.0,28800,0.0,0.0
2023-05-22 00:00:00+09:00,148.0,148.0,144.0,145.0,27100,0.0,0.0
2023-05-23 00:00:00+09:00,146.0,147.0,143.0,143.0,43000,0.0,0.0
2023-05-24 00:00:00+09:00,144.0,147.0,144.0,146.0,21100,0.0,0.0
2023-05-25 00:00:00+09:00,145.0,150.0,145.0,148.0,93500,0.0,0.0
2023-05-26 00:00:00+09:00,148.0,149.0,144.0,144.0,47500,0.0,0.0
2023-05-29 00:00:00+09:00,145.0,146.0,144.0,144.0,17700,0.0,0.0
2023-05-30 00:00:00+09:00,144.0,149.0,144.0,146.0,22600,0.0,0.0
2023-05-31 00:00:00+09:00,146.0,146.0,144.0,144.0,14000,0.0,0.0
2023-06-01 00:00:00+09:00,144.0,145.0,143.0,144.0,20600,0.0,0.0
2023-06-02 00:00:00+09:00,144.0,147.0,144.0,147.0,10100,0.0,0.0
2023-06-05 00:00:00+09:00,148.0,148.0,145.0,147.0,19600,0.0,0.0
2023-06-06 00:00:00+09:00,146.0,147.0,145.0,146.0,23300,0.0,0.0
2023-06-07 00:00:00+09:00,146.0,146.0,145.0,145.0,17600,0.0,0.0
2023-06-08 00:00:00+09:00,145.0,146.0,144.0,144.0,18500,0.0,0.0
2023-06-09 00:00:00+09:00,144.0,146.0,143.0,146.0,34800,0.0,0.0
2023-06-12 00:00:00+09:00,144.0,145.0,143.0,143.0,55300,0.0,0.0
2023-06-13 00:00:00+09:00,143.0,145.0,133.0,139.0,217700,0.0,0.0
2023-06-14 00:00:00+09:00,140.0,140.0,135.0,136.0,163500,0.0,0.0
2023-06-15 00:00:00+09:00,136.0,139.0,136.0,138.0,46600,0.0,0.0
2023-06-16 00:00:00+09:00,138.0,139.0,136.0,137.0,27600,0.0,0.0
2023-06-19 00:00:00+09:00,137.0,137.0,135.0,136.0,64100,0.0,0.0
2023-06-20 00:00:00+09:00,137.0,138.0,136.0,136.0,29900,0.0,0.0
2023-06-21 00:00:00+09:00,137.0,139.0,137.0,138.0,21500,0.0,0.0
2023-06-22 00:00:00+09:00,139.0,141.0,139.0,139.0,30900,0.0,0.0
2023-06-23 00:00:00+09:00,138.0,139.0,136.0,137.0,34800,0.0,0.0
2023-06-26 00:00:00+09:00,141.0,142.0,138.0,140.0,45700,0.0,0.0
2023-06-27 00:00:00+09:00,140.0,140.0,138.0,138.0,21000,0.0,0.0
2023-06-28 00:00:00+09:00,139.0,140.0,138.0,138.0,14900,0.0,0.0
2023-06-29 00:00:00+09:00,140.0,140.0,138.0,140.0,7000,0.0,0.0
2023-06-30 00:00:00+09:00,140.0,140.0,137.0,138.0,34600,0.0,0.0
2023-07-03 00:00:00+09:00,139.0,140.0,139.0,140.0,10700,0.0,0.0
2023-07-04 00:00:00+09:00,140.0,141.0,139.0,140.0,36100,0.0,0.0
2023-07-05 00:00:00+09:00,141.0,141.0,140.0,141.0,17400,0.0,0.0
2023-07-06 00:00:00+09:00,141.0,141.0,138.0,138.0,43900,0.0,0.0
2023-07-07 00:00:00+09:00,138.0,138.0,134.0,136.0,220700,0.0,0.0
2023-07-10 00:00:00+09:00,135.0,138.0,134.0,137.0,63500,0.0,0.0
2023-07-11 00:00:00+09:00,137.0,138.0,137.0,138.0,29200,0.0,0.0
2023-07-12 00:00:00+09:00,139.0,139.0,137.0,138.0,45000,0.0,0.0
2023-07-13 00:00:00+09:00,138.0,139.0,136.0,138.0,15500,0.0,0.0
2023-07-14 00:00:00+09:00,139.0,139.0,136.0,136.0,21200,0.0,0.0
2023-07-18 00:00:00+09:00,138.0,138.0,136.0,138.0,19000,0.0,0.0
2023-07-19 00:00:00+09:00,138.0,140.0,138.0,139.0,29800,0.0,0.0
2023-07-20 00:00:00+09:00,140.0,141.0,139.0,140.0,50600,0.0,0.0
2023-07-21 00:00:00+09:00,139.0,140.0,138.0,140.0,28300,0.0,0.0
2023-07-24 00:00:00+09:00,140.0,141.0,139.0,140.0,19500,0.0,0.0
2023-07-25 00:00:00+09:00,140.0,140.0,139.0,139.0,24400,0.0,0.0
2023-07-26 00:00:00+09:00,140.0,140.0,138.0,139.0,12400,0.0,0.0
2023-07-27 00:00:00+09:00,139.0,140.0,138.0,139.0,47300,0.0,0.0
2023-07-28 00:00:00+09:00,140.0,140.0,137.0,137.0,34700,0.0,0.0
2023-07-31 00:00:00+09:00,157.0,175.0,155.0,158.0,2977700,0.0,0.0
2023-08-01 00:00:00+09:00,156.0,160.0,148.0,149.0,643900,0.0,0.0
2023-08-02 00:00:00+09:00,156.0,161.0,149.0,149.0,418700,0.0,0.0
2023-08-03 00:00:00+09:00,149.0,154.0,149.0,150.0,86900,0.0,0.0
2023-08-04 00:00:00+09:00,151.0,156.0,150.0,150.0,93100,0.0,0.0
2023-08-07 00:00:00+09:00,151.0,151.0,147.0,149.0,85300,0.0,0.0
2023-08-08 00:00:00+09:00,151.0,154.0,151.0,151.0,94700,0.0,0.0
2023-08-09 00:00:00+09:00,150.0,151.0,149.0,149.0,73000,0.0,0.0
2023-08-10 00:00:00+09:00,149.0,149.0,146.0,148.0,94500,0.0,0.0
2023-08-14 00:00:00+09:00,148.0,149.0,145.0,146.0,52500,0.0,0.0
2023-08-15 00:00:00+09:00,146.0,147.0,146.0,146.0,38700,0.0,0.0
2023-08-16 00:00:00+09:00,147.0,147.0,143.0,146.0,70800,0.0,0.0
2023-08-17 00:00:00+09:00,145.0,146.0,144.0,144.0,60800,0.0,0.0
2023-08-18 00:00:00+09:00,144.0,146.0,143.0,145.0,62000,0.0,0.0
2023-08-21 00:00:00+09:00,146.0,146.0,145.0,145.0,18300,0.0,0.0
2023-08-22 00:00:00+09:00,145.0,146.0,145.0,145.0,5400,0.0,0.0
2023-08-23 00:00:00+09:00,146.0,148.0,145.0,148.0,47400,0.0,0.0
2023-08-24 00:00:00+09:00,148.0,149.0,147.0,148.0,23600,0.0,0.0
2023-08-25 00:00:00+09:00,149.0,149.0,146.0,147.0,23400,0.0,0.0
2023-08-28 00:00:00+09:00,147.0,149.0,146.0,148.0,25500,0.0,0.0
2023-08-29 00:00:00+09:00,149.0,150.0,148.0,150.0,62500,0.0,0.0
2023-08-30 00:00:00+09:00,151.0,154.0,151.0,152.0,91500,0.0,0.0
2023-08-31 00:00:00+09:00,153.0,159.0,153.0,157.0,166800,0.0,0.0
2023-09-01 00:00:00+09:00,162.0,168.0,157.0,158.0,294800,0.0,0.0
2023-09-04 00:00:00+09:00,165.0,166.0,160.0,162.0,228000,0.0,0.0
2023-09-05 00:00:00+09:00,162.0,163.0,160.0,161.0,66900,0.0,0.0
2023-09-06 00:00:00+09:00,160.0,160.0,158.0,158.0,57500,0.0,0.0
2023-09-07 00:00:00+09:00,159.0,161.0,158.0,159.0,28400,0.0,0.0
2023-09-08 00:00:00+09:00,159.0,162.0,159.0,159.0,43800,0.0,0.0
2023-09-11 00:00:00+09:00,162.0,162.0,158.0,158.0,33500,0.0,0.0
2023-09-12 00:00:00+09:00,159.0,160.0,158.0,160.0,28700,0.0,0.0
2023-09-13 00:00:00+09:00,159.0,161.0,159.0,161.0,30100,0.0,0.0
2023-09-14 00:00:00+09:00,161.0,166.0,160.0,166.0,109000,0.0,0.0
2023-09-15 00:00:00+09:00,167.0,167.0,160.0,161.0,131900,0.0,0.0
2023-09-19 00:00:00+09:00,162.0,166.0,161.0,165.0,86600,0.0,0.0
2023-09-20 00:00:00+09:00,167.0,167.0,160.0,161.0,83100,0.0,0.0
2023-09-21 00:00:00+09:00,161.0,161.0,159.0,160.0,46700,0.0,0.0
2023-09-22 00:00:00+09:00,158.0,161.0,157.0,161.0,65300,0.0,0.0
2023-09-25 00:00:00+09:00,162.0,164.0,160.0,161.0,45500,0.0,0.0
2023-09-26 00:00:00+09:00,163.0,163.0,160.0,161.0,23400,0.0,0.0
2023-09-27 00:00:00+09:00,161.0,163.0,160.0,162.0,32800,0.0,0.0
2023-09-28 00:00:00+09:00,160.0,162.0,159.0,160.0,68800,0.0,0.0
2023-09-29 00:00:00+09:00,160.0,162.0,159.0,159.0,25400,0.0,0.0
2023-10-02 00:00:00+09:00,161.0,164.0,158.0,158.0,49900,0.0,0.0
2023-10-03 00:00:00+09:00,158.0,160.0,152.0,152.0,112500,0.0,0.0
2023-10-04 00:00:00+09:00,153.0,153.0,149.0,149.0,60600,0.0,0.0
2023-10-05 00:00:00+09:00,150.0,154.0,150.0,154.0,24500,0.0,0.0
2023-10-06 00:00:00+09:00,154.0,154.0,150.0,154.0,22100,0.0,0.0
2023-10-10 00:00:00+09:00,155.0,157.0,154.0,157.0,11300,0.0,0.0
2023-10-11 00:00:00+09:00,157.0,157.0,153.0,153.0,29000,0.0,0.0
2023-10-12 00:00:00+09:00,154.0,154.0,149.0,154.0,49800,0.0,0.0
2023-10-13 00:00:00+09:00,152.0,153.0,149.0,151.0,51300,0.0,0.0
2023-10-16 00:00:00+09:00,148.0,149.0,147.0,148.0,30600,0.0,0.0
2023-10-17 00:00:00+09:00,148.0,151.0,148.0,149.0,29900,0.0,0.0
2023-10-18 00:00:00+09:00,149.0,153.0,148.0,153.0,64000,0.0,0.0
2023-10-19 00:00:00+09:00,153.0,155.0,152.0,154.0,50000,0.0,0.0
2023-10-20 00:00:00+09:00,154.0,155.0,153.0,154.0,50500,0.0,0.0
2023-10-23 00:00:00+09:00,153.0,154.0,152.0,154.0,30900,0.0,0.0
2023-10-24 00:00:00+09:00,154.0,154.0,149.0,153.0,109600,0.0,0.0
2023-10-25 00:00:00+09:00,153.0,154.0,152.0,152.0,46800,0.0,0.0
2023-10-26 00:00:00+09:00,152.0,158.0,152.0,157.0,69800,0.0,0.0
2023-10-27 00:00:00+09:00,157.0,166.0,157.0,164.0,377200,0.0,0.0
2023-10-30 00:00:00+09:00,142.0,146.0,140.0,143.0,437900,0.0,0.0
2023-10-31 00:00:00+09:00,144.0,145.0,139.0,140.0,108100,0.0,0.0
2023-11-01 00:00:00+09:00,141.0,142.0,140.0,140.0,61700,0.0,0.0
2023-11-02 00:00:00+09:00,141.0,143.0,141.0,142.0,45700,0.0,0.0
2023-11-06 00:00:00+09:00,143.0,143.0,141.0,143.0,25300,0.0,0.0
2023-11-07 00:00:00+09:00,143.0,144.0,142.0,144.0,50200,0.0,0.0
2023-11-08 00:00:00+09:00,144.0,144.0,140.0,141.0,23200,0.0,0.0
2023-11-09 00:00:00+09:00,142.0,142.0,140.0,142.0,21200,0.0,0.0
2023-11-10 00:00:00+09:00,141.0,142.0,140.0,141.0,29800,0.0,0.0
2023-11-13 00:00:00+09:00,142.0,142.0,140.0,141.0,18200,0.0,0.0
2023-11-14 00:00:00+09:00,142.0,144.0,142.0,143.0,67600,0.0,0.0
2023-11-15 00:00:00+09:00,143.0,146.0,143.0,145.0,52400,0.0,0.0
2023-11-16 00:00:00+09:00,146.0,149.0,145.0,149.0,77100,0.0,0.0
2023-11-17 00:00:00+09:00,150.0,150.0,146.0,146.0,50200,0.0,0.0
2023-11-20 00:00:00+09:00,149.0,149.0,147.0,147.0,11000,0.0,0.0
2023-11-21 00:00:00+09:00,147.0,148.0,144.0,146.0,52700,0.0,0.0
2023-11-22 00:00:00+09:00,146.0,146.0,144.0,145.0,33800,0.0,0.0
2023-11-24 00:00:00+09:00,148.0,155.0,147.0,155.0,210700,0.0,0.0
2023-11-27 00:00:00+09:00,154.0,156.0,149.0,152.0,77000,0.0,0.0
2023-11-28 00:00:00+09:00,153.0,153.0,148.0,150.0,38200,0.0,0.0
2023-11-29 00:00:00+09:00,148.0,149.0,147.0,148.0,17500,0.0,0.0
2023-11-30 00:00:00+09:00,147.0,154.0,145.0,151.0,106100,0.0,0.0
2023-12-01 00:00:00+09:00,151.0,151.0,148.0,150.0,15600,0.0,0.0
2023-12-04 00:00:00+09:00,153.0,153.0,150.0,153.0,26600,0.0,0.0
2023-12-05 00:00:00+09:00,152.0,152.0,148.0,149.0,37500,0.0,0.0
2023-12-06 00:00:00+09:00,150.0,151.0,149.0,151.0,28000,0.0,0.0
2023-12-07 00:00:00+09:00,153.0,153.0,150.0,151.0,26900,0.0,0.0
2023-12-08 00:00:00+09:00,151.0,151.0,149.0,151.0,36000,0.0,0.0
2023-12-11 00:00:00+09:00,153.0,153.0,147.0,148.0,110300,0.0,0.0
2023-12-12 00:00:00+09:00,148.0,153.0,148.0,151.0,62000,0.0,0.0
2023-12-13 00:00:00+09:00,151.0,153.0,150.0,152.0,10200,0.0,0.0
2023-12-14 00:00:00+09:00,150.0,152.0,147.0,148.0,57200,0.0,0.0
2023-12-15 00:00:00+09:00,149.0,149.0,148.0,148.0,10400,0.0,0.0
2023-12-18 00:00:00+09:00,149.0,149.0,148.0,149.0,5900,0.0,0.0
2023-12-19 00:00:00+09:00,150.0,150.0,148.0,150.0,14900,0.0,0.0
2023-12-20 00:00:00+09:00,150.0,150.0,149.0,150.0,27500,0.0,0.0
2023-12-21 00:00:00+09:00,149.0,152.0,149.0,150.0,39100,0.0,0.0
2023-12-22 00:00:00+09:00,151.0,152.0,150.0,152.0,28600,0.0,0.0
2023-12-25 00:00:00+09:00,153.0,153.0,147.0,148.0,69500,0.0,0.0
2023-12-26 00:00:00+09:00,148.0,151.0,148.0,149.0,38200,0.0,0.0
2023-12-27 00:00:00+09:00,149.0,152.0,149.0,151.0,36700,0.0,0.0
2023-12-28 00:00:00+09:00,150.0,152.0,150.0,152.0,14600,0.0,0.0
2023-12-29 00:00:00+09:00,152.0,154.0,152.0,153.0,64000,0.0,0.0
2024-01-04 00:00:00+09:00,153.0,155.0,152.0,154.0,41600,0.0,0.0
2024-01-05 00:00:00+09:00,154.0,155.0,153.0,154.0,41800,0.0,0.0
2024-01-09 00:00:00+09:00,155.0,155.0,154.0,155.0,23200,0.0,0.0
2024-01-10 00:00:00+09:00,155.0,155.0,153.0,154.0,17200,0.0,0.0
2024-01-11 00:00:00+09:00,154.0,154.0,153.0,154.0,34400,0.0,0.0
2024-01-12 00:00:00+09:00,154.0,155.0,151.0,152.0,47400,0.0,0.0
2024-01-15 00:00:00+09:00,153.0,155.0,153.0,154.0,10300,0.0,0.0
2024-01-16 00:00:00+09:00,153.0,155.0,153.0,153.0,47900,0.0,0.0
2024-01-17 00:00:00+09:00,155.0,158.0,153.0,158.0,65100,0.0,0.0
2024-01-18 00:00:00+09:00,159.0,161.0,158.0,161.0,62100,0.0,0.0
2024-01-19 00:00:00+09:00,162.0,162.0,159.0,159.0,72500,0.0,0.0
2024-01-22 00:00:00+09:00,160.0,160.0,157.0,157.0,101800,0.0,0.0
2024-01-23 00:00:00+09:00,157.0,159.0,157.0,158.0,31500,0.0,0.0
2024-01-24 00:00:00+09:00,158.0,158.0,157.0,158.0,24000,0.0,0.0
2024-01-25 00:00:00+09:00,159.0,160.0,158.0,159.0,30800,0.0,0.0
2024-01-26 00:00:00+09:00,159.0,160.0,158.0,158.0,23700,0.0,0.0
2024-01-29 00:00:00+09:00,161.0,164.0,158.0,162.0,141200,0.0,0.0
2024-01-30 00:00:00+09:00,162.0,165.0,160.0,163.0,181800,0.0,0.0
2024-01-31 00:00:00+09:00,163.0,164.0,161.0,162.0,199700,0.0,0.0
2024-02-01 00:00:00+09:00,162.0,162.0,156.0,157.0,319600,0.0,0.0
2024-02-02 00:00:00+09:00,157.0,160.0,156.0,160.0,75600,0.0,0.0
2024-02-05 00:00:00+09:00,160.0,163.0,157.0,163.0,86000,0.0,0.0
2024-02-06 00:00:00+09:00,163.0,164.0,160.0,161.0,38300,0.0,0.0
2024-02-07 00:00:00+09:00,161.0,164.0,160.0,160.0,65000,0.0,0.0
2024-02-08 00:00:00+09:00,160.0,162.0,159.0,161.0,60400,0.0,0.0
2024-02-09 00:00:00+09:00,161.0,163.0,157.0,157.0,196300,0.0,0.0
2024-02-13 00:00:00+09:00,158.0,160.0,158.0,158.0,44500,0.0,0.0
2024-02-14 00:00:00+09:00,159.0,159.0,156.0,157.0,71600,0.0,0.0
2024-02-15 00:00:00+09:00,158.0,158.0,153.0,155.0,77900,0.0,0.0
2024-02-16 00:00:00+09:00,155.0,158.0,155.0,156.0,33000,0.0,0.0
2024-02-19 00:00:00+09:00,157.0,159.0,157.0,158.0,40200,0.0,0.0
2024-02-20 00:00:00+09:00,159.0,160.0,158.0,159.0,30000,0.0,0.0
2024-02-21 00:00:00+09:00,158.0,159.0,158.0,158.0,17800,0.0,0.0
2024-02-22 00:00:00+09:00,158.0,159.0,157.0,158.0,29400,0.0,0.0
2024-02-26 00:00:00+09:00,159.0,159.0,158.0,158.0,23200,0.0,0.0
2024-02-27 00:00:00+09:00,158.0,158.0,157.0,157.0,16700,0.0,0.0
2024-02-28 00:00:00+09:00,158.0,159.0,157.0,157.0,37700,0.0,0.0
2024-02-29 00:00:00+09:00,157.0,159.0,157.0,158.0,11600,0.0,0.0
2024-03-01 00:00:00+09:00,158.0,160.0,157.0,160.0,43800,0.0,0.0
2024-03-04 00:00:00+09:00,159.0,160.0,158.0,158.0,32500,0.0,0.0
2024-03-05 00:00:00+09:00,159.0,159.0,157.0,157.0,16000,0.0,0.0
2024-03-06 00:00:00+09:00,157.0,160.0,157.0,159.0,20700,0.0,0.0
2024-03-07 00:00:00+09:00,158.0,160.0,157.0,159.0,33900,0.0,0.0
2024-03-08 00:00:00+09:00,159.0,162.0,158.0,161.0,44500,0.0,0.0
2024-03-11 00:00:00+09:00,162.0,162.0,159.0,159.0,29700,0.0,0.0
2024-03-12 00:00:00+09:00,160.0,160.0,158.0,160.0,44900,0.0,0.0
2024-03-13 00:00:00+09:00,160.0,161.0,159.0,160.0,4700,0.0,0.0
2024-03-14 00:00:00+09:00,161.0,162.0,160.0,162.0,26000,0.0,0.0
2024-03-15 00:00:00+09:00,162.0,163.0,161.0,162.0,18400,0.0,0.0
2024-03-18 00:00:00+09:00,161.0,162.0,161.0,162.0,32100,0.0,0.0
2024-03-19 00:00:00+09:00,162.0,162.0,160.0,162.0,31400,0.0,0.0
2024-03-21 00:00:00+09:00,162.0,165.0,162.0,163.0,58300,0.0,0.0
2024-03-22 00:00:00+09:00,165.0,165.0,163.0,164.0,24700,0.0,0.0
2024-03-25 00:00:00+09:00,165.0,165.0,162.0,163.0,33000,0.0,0.0
2024-03-26 00:00:00+09:00,162.0,165.0,162.0,162.0,28200,0.0,0.0
2024-03-27 00:00:00+09:00,162.0,164.0,162.0,164.0,22900,0.0,0.0
2024-03-28 00:00:00+09:00,163.0,163.0,159.0,162.0,42900,0.0,0.0
2024-03-29 00:00:00+09:00,162.0,163.0,161.0,163.0,10600,0.0,0.0
2024-04-01 00:00:00+09:00,163.0,163.0,160.0,160.0,26800,0.0,0.0
2024-04-02 00:00:00+09:00,160.0,161.0,160.0,160.0,13500,0.0,0.0
2024-04-03 00:00:00+09:00,160.0,161.0,159.0,160.0,23400,0.0,0.0
2024-04-04 00:00:00+09:00,161.0,161.0,160.0,160.0,9700,0.0,0.0
2024-04-05 00:00:00+09:00,160.0,160.0,157.0,159.0,29000,0.0,0.0
2024-04-08 00:00:00+09:00,160.0,160.0,158.0,159.0,19800,0.0,0.0
2024-04-09 00:00:00+09:00,159.0,195.0,158.0,164.0,1501900,0.0,0.0
2024-04-10 00:00:00+09:00,166.0,166.0,162.0,165.0,151200,0.0,0.0
2024-04-11 00:00:00+09:00,165.0,167.0,164.0,167.0,67800,0.0,0.0
2024-04-12 00:00:00+09:00,167.0,176.0,167.0,170.0,126300,0.0,0.0
2024-04-15 00:00:00+09:00,169.0,169.0,166.0,167.0,66800,0.0,0.0
2024-04-16 00:00:00+09:00,168.0,168.0,163.0,164.0,67900,0.0,0.0
2024-04-17 00:00:00+09:00,164.0,165.0,161.0,165.0,63100,0.0,0.0
2024-04-18 00:00:00+09:00,171.0,185.0,166.0,169.0,693800,0.0,0.0
2024-04-19 00:00:00+09:00,170.0,172.0,165.0,170.0,170700,0.0,0.0
2024-04-22 00:00:00+09:00,174.0,174.0,170.0,171.0,59900,0.0,0.0
2024-04-23 00:00:00+09:00,174.0,174.0,170.0,171.0,37400,0.0,0.0
2024-04-24 00:00:00+09:00,173.0,175.0,172.0,175.0,48300,0.0,0.0
2024-04-25 00:00:00+09:00,176.0,178.0,175.0,177.0,72900,0.0,0.0
2024-04-26 00:00:00+09:00,178.0,185.0,176.0,179.0,252300,0.0,0.0
2024-04-30 00:00:00+09:00,184.0,184.0,174.0,178.0,311700,0.0,0.0
2024-05-01 00:00:00+09:00,177.0,177.0,172.0,172.0,162400,0.0,0.0
2024-05-02 00:00:00+09:00,172.0,175.0,172.0,174.0,37600,0.0,0.0
2024-05-07 00:00:00+09:00,177.0,177.0,175.0,175.0,59300,0.0,0.0
2024-05-08 00:00:00+09:00,176.0,179.0,175.0,179.0,59300,0.0,0.0
2024-05-09 00:00:00+09:00,179.0,183.0,177.0,183.0,109300,0.0,0.0
2024-05-10 00:00:00+09:00,182.0,184.0,181.0,181.0,32000,0.0,0.0
2024-05-13 00:00:00+09:00,180.0,189.0,180.0,188.0,80500,0.0,0.0
2024-05-14 00:00:00+09:00,189.0,192.0,187.0,192.0,113300,0.0,0.0
2024-05-15 00:00:00+09:00,192.0,192.0,182.0,183.0,151100,0.0,0.0
2024-05-16 00:00:00+09:00,185.0,185.0,179.0,180.0,80900,0.0,0.0
2024-05-17 00:00:00+09:00,180.0,183.0,179.0,183.0,37400,0.0,0.0
2024-05-20 00:00:00+09:00,183.0,184.0,180.0,184.0,34500,0.0,0.0
2024-05-21 00:00:00+09:00,184.0,185.0,180.0,180.0,62300,0.0,0.0
2024-05-22 00:00:00+09:00,179.0,181.0,177.0,178.0,63200,0.0,0.0
2024-05-23 00:00:00+09:00,178.0,182.0,178.0,181.0,73900,0.0,0.0
2024-05-24 00:00:00+09:00,180.0,182.0,179.0,181.0,15000,0.0,0.0
2024-05-27 00:00:00+09:00,183.0,184.0,181.0,182.0,57100,0.0,0.0
2024-05-28 00:00:00+09:00,183.0,183.0,182.0,183.0,13900,0.0,0.0
2024-05-29 00:00:00+09:00,183.0,184.0,182.0,182.0,45700,0.0,0.0
2024-05-30 00:00:00+09:00,182.0,183.0,180.0,182.0,82000,0.0,0.0
2024-05-31 00:00:00+09:00,183.0,184.0,182.0,184.0,51500,0.0,0.0
2024-06-03 00:00:00+09:00,184.0,194.0,183.0,191.0,433800,0.0,0.0
2024-06-04 00:00:00+09:00,190.0,193.0,189.0,192.0,89300,0.0,0.0
2024-06-05 00:00:00+09:00,192.0,192.0,189.0,191.0,100600,0.0,0.0
2024-06-06 00:00:00+09:00,193.0,194.0,189.0,191.0,79300,0.0,0.0
2024-06-07 00:00:00+09:00,189.0,191.0,186.0,188.0,56300,0.0,0.0
2024-06-10 00:00:00+09:00,190.0,190.0,188.0,190.0,25500,0.0,0.0
2024-06-11 00:00:00+09:00,192.0,196.0,189.0,195.0,203200,0.0,0.0
2024-06-12 00:00:00+09:00,196.0,202.0,195.0,199.0,158100,0.0,0.0
2024-06-13 00:00:00+09:00,201.0,201.0,195.0,197.0,125800,0.0,0.0
2024-06-14 00:00:00+09:00,197.0,197.0,191.0,192.0,89800,0.0,0.0
2024-06-17 00:00:00+09:00,192.0,192.0,189.0,192.0,64700,0.0,0.0
2024-06-18 00:00:00+09:00,192.0,192.0,190.0,190.0,39900,0.0,0.0
2024-06-19 00:00:00+09:00,190.0,192.0,190.0,192.0,45200,0.0,0.0
2024-06-20 00:00:00+09:00,192.0,192.0,190.0,190.0,31300,0.0,0.0
2024-06-21 00:00:00+09:00,190.0,192.0,187.0,188.0,78100,0.0,0.0
2024-06-24 00:00:00+09:00,188.0,188.0,179.0,182.0,137900,0.0,0.0
2024-06-25 00:00:00+09:00,183.0,185.0,182.0,183.0,32900,0.0,0.0
2024-06-26 00:00:00+09:00,183.0,185.0,183.0,185.0,22200,0.0,0.0
2024-06-27 00:00:00+09:00,185.0,185.0,182.0,184.0,34700,0.0,0.0
2024-06-28 00:00:00+09:00,183.0,183.0,178.0,178.0,94400,0.0,0.0
2024-07-01 00:00:00+09:00,177.0,179.0,176.0,178.0,84300,0.0,0.0
2024-07-02 00:00:00+09:00,178.0,178.0,177.0,178.0,9000,0.0,0.0
2024-07-03 00:00:00+09:00,178.0,178.0,175.0,177.0,51200,0.0,0.0
2024-07-04 00:00:00+09:00,177.0,177.0,175.0,175.0,23400,0.0,0.0
2024-07-05 00:00:00+09:00,177.0,177.0,173.0,173.0,52000,0.0,0.0
2024-07-08 00:00:00+09:00,172.0,173.0,167.0,168.0,160900,0.0,0.0
2024-07-09 00:00:00+09:00,168.0,172.0,168.0,169.0,45400,0.0,0.0
2024-07-10 00:00:00+09:00,170.0,173.0,170.0,173.0,28800,0.0,0.0
2024-07-11 00:00:00+09:00,173.0,173.0,171.0,173.0,22000,0.0,0.0
2024-07-12 00:00:00+09:00,177.0,177.0,171.0,171.0,69700,0.0,0.0
2024-07-16 00:00:00+09:00,171.0,174.0,171.0,174.0,24500,0.0,0.0
2024-07-17 00:00:00+09:00,174.0,175.0,173.0,174.0,12300,0.0,0.0
2024-07-18 00:00:00+09:00,174.0,174.0,172.0,172.0,17700,0.0,0.0
2024-07-19 00:00:00+09:00,172.0,173.0,170.0,170.0,32800,0.0,0.0
2024-07-22 00:00:00+09:00,171.0,171.0,168.0,169.0,27400,0.0,0.0
2024-07-23 00:00:00+09:00,169.0,170.0,168.0,170.0,17000,0.0,0.0
2024-07-24 00:00:00+09:00,169.0,171.0,169.0,171.0,14300,0.0,0.0
2024-07-25 00:00:00+09:00,170.0,170.0,166.0,168.0,70500,0.0,0.0
2024-07-26 00:00:00+09:00,168.0,169.0,167.0,168.0,13600,0.0,0.0
2024-07-29 00:00:00+09:00,169.0,170.0,168.0,169.0,13000,0.0,0.0
2024-07-30 00:00:00+09:00,169.0,169.0,167.0,169.0,14400,0.0,0.0
2024-07-31 00:00:00+09:00,168.0,170.0,167.0,169.0,29400,0.0,0.0
2024-08-01 00:00:00+09:00,166.0,167.0,161.0,163.0,126900,0.0,0.0
2024-08-02 00:00:00+09:00,160.0,160.0,155.0,158.0,75300,0.0,0.0
2024-08-05 00:00:00+09:00,143.0,144.0,120.0,135.0,249200,0.0,0.0
2024-08-06 00:00:00+09:00,135.0,142.0,133.0,140.0,80600,0.0,0.0
2024-08-07 00:00:00+09:00,141.0,145.0,139.0,143.0,37200,0.0,0.0
2024-08-08 00:00:00+09:00,143.0,152.0,143.0,149.0,29600,0.0,0.0
2024-08-09 00:00:00+09:00,148.0,151.0,147.0,148.0,18400,0.0,0.0
2024-08-13 00:00:00+09:00,149.0,150.0,148.0,149.0,14500,0.0,0.0
2024-08-14 00:00:00+09:00,149.0,152.0,149.0,151.0,52400,0.0,0.0
2024-08-15 00:00:00+09:00,152.0,154.0,152.0,153.0,32200,0.0,0.0
2024-08-16 00:00:00+09:00,154.0,154.0,152.0,153.0,30900,0.0,0.0
2024-08-19 00:00:00+09:00,154.0,156.0,153.0,153.0,53500,0.0,0.0
2024-08-20 00:00:00+09:00,155.0,156.0,153.0,155.0,43300,0.0,0.0
2024-08-21 00:00:00+09:00,155.0,155.0,152.0,152.0,21700,0.0,0.0
2024-08-22 00:00:00+09:00,153.0,153.0,151.0,151.0,18900,0.0,0.0
2024-08-23 00:00:00+09:00,152.0,153.0,151.0,153.0,5400,0.0,0.0
2024-08-26 00:00:00+09:00,153.0,155.0,152.0,153.0,17900,0.0,0.0
2024-08-27 00:00:00+09:00,155.0,155.0,154.0,154.0,4500,0.0,0.0
2024-08-28 00:00:00+09:00,154.0,155.0,154.0,155.0,9600,0.0,0.0
2024-08-29 00:00:00+09:00,160.0,184.0,157.0,158.0,1481500,0.0,0.0
2024-08-30 00:00:00+09:00,157.0,158.0,154.0,157.0,163700,0.0,0.0
2024-09-02 00:00:00+09:00,157.0,157.0,154.0,155.0,52100,0.0,0.0
2024-09-03 00:00:00+09:00,155.0,156.0,154.0,156.0,24400,0.0,0.0
2024-09-04 00:00:00+09:00,154.0,156.0,153.0,155.0,40400,0.0,0.0
2024-09-05 00:00:00+09:00,155.0,156.0,154.0,154.0,27900,0.0,0.0
2024-09-06 00:00:00+09:00,155.0,155.0,153.0,154.0,22500,0.0,0.0
2024-09-09 00:00:00+09:00,153.0,155.0,151.0,155.0,33600,0.0,0.0
2024-09-10 00:00:00+09:00,155.0,155.0,153.0,154.0,9200,0.0,0.0
2024-09-11 00:00:00+09:00,154.0,154.0,151.0,152.0,21600,0.0,0.0
2024-09-12 00:00:00+09:00,153.0,154.0,152.0,153.0,21900,0.0,0.0
2024-09-13 00:00:00+09:00,153.0,154.0,152.0,152.0,12700,0.0,0.0
2024-09-17 00:00:00+09:00,154.0,154.0,151.0,151.0,46200,0.0,0.0
2024-09-18 00:00:00+09:00,153.0,153.0,152.0,152.0,9000,0.0,0.0
2024-09-19 00:00:00+09:00,153.0,154.0,152.0,153.0,16500,0.0,0.0
2024-09-20 00:00:00+09:00,154.0,154.0,153.0,154.0,28700,0.0,0.0
2024-09-24 00:00:00+09:00,154.0,155.0,153.0,153.0,25800,0.0,0.0
2024-09-25 00:00:00+09:00,154.0,154.0,153.0,153.0,26200,0.0,0.0
2024-09-26 00:00:00+09:00,154.0,155.0,153.0,154.0,33900,0.0,0.0
2024-09-27 00:00:00+09:00,152.0,153.0,151.0,151.0,34100,0.0,0.0
2024-09-30 00:00:00+09:00,150.0,153.0,149.0,151.0,31800,0.0,0.0
2024-10-01 00:00:00+09:00,151.0,153.0,151.0,152.0,10700,0.0,0.0
2024-10-02 00:00:00+09:00,153.0,153.0,151.0,152.0,18900,0.0,0.0
2024-10-03 00:00:00+09:00,152.0,152.0,151.0,152.0,27400,0.0,0.0
2024-10-04 00:00:00+09:00,151.0,152.0,151.0,151.0,10600,0.0,0.0
2024-10-07 00:00:00+09:00,151.0,152.0,150.0,150.0,35700,0.0,0.0
2024-10-08 00:00:00+09:00,150.0,151.0,150.0,150.0,13000,0.0,0.0
2024-10-09 00:00:00+09:00,149.0,150.0,149.0,149.0,11400,0.0,0.0
2024-10-10 00:00:00+09:00,150.0,150.0,149.0,150.0,10600,0.0,0.0
2024-10-11 00:00:00+09:00,150.0,150.0,149.0,149.0,6300,0.0,0.0
2024-10-15 00:00:00+09:00,149.0,150.0,148.0,148.0,25100,0.0,0.0
2024-10-16 00:00:00+09:00,148.0,148.0,148.0,148.0,6900,0.0,0.0
2024-10-18 00:00:00+09:00,149.0,149.0,147.0,148.0,21200,0.0,0.0
