Date,Open,High,Low,Close,Volume,Dividends,Stock Splits
2012-04-12 00:00:00-04:00,450.0,458.0,432.6000061035156,435.0,591530,0.0,0.0
2012-04-13 00:00:00-04:00,439.0,444.6000061035156,430.0,430.0,110990,0.0,0.0
2012-04-16 00:00:00-04:00,435.0,441.3999938964844,432.6000061035156,434.79998779296875,27855,0.0,0.0
2012-04-17 00:00:00-04:00,440.79998779296875,460.0,435.0,445.0,33515,0.0,0.0
2012-04-18 00:00:00-04:00,440.20001220703125,444.20001220703125,420.0,434.0,43875,0.0,0.0
2012-04-19 00:00:00-04:00,438.0,440.0,430.3999938964844,439.20001220703125,14940,0.0,0.0
2012-04-20 00:00:00-04:00,440.0,443.79998779296875,435.0,441.0,36385,0.0,0.0
2012-04-23 00:00:00-04:00,440.6000061035156,440.79998779296875,430.79998779296875,440.20001220703125,21195,0.0,0.0
2012-04-24 00:00:00-04:00,438.20001220703125,444.0,431.20001220703125,433.20001220703125,39905,0.0,0.0
2012-04-25 00:00:00-04:00,436.0,437.20001220703125,425.3999938964844,429.0,22575,0.0,0.0
2012-04-26 00:00:00-04:00,428.79998779296875,439.0,425.0,436.0,17295,0.0,0.0
2012-04-27 00:00:00-04:00,436.3999938964844,453.0,434.6000061035156,447.0,47665,0.0,0.0
2012-04-30 00:00:00-04:00,445.79998779296875,477.20001220703125,443.79998779296875,462.3999938964844,35795,0.0,0.0
2012-05-01 00:00:00-04:00,463.3999938964844,468.6000061035156,455.3999938964844,461.79998779296875,51670,0.0,0.0
2012-05-02 00:00:00-04:00,458.0,469.3999938964844,458.0,465.79998779296875,21825,0.0,0.0
2012-05-03 00:00:00-04:00,458.0,464.20001220703125,458.0,461.6000061035156,25450,0.0,0.0
2012-05-04 00:00:00-04:00,460.0,461.79998779296875,454.6000061035156,455.79998779296875,36735,0.0,0.0
2012-05-07 00:00:00-04:00,451.6000061035156,457.79998779296875,449.20001220703125,454.6000061035156,14750,0.0,0.0
2012-05-08 00:00:00-04:00,450.20001220703125,453.0,439.79998779296875,444.0,34815,0.0,0.0
2012-05-09 00:00:00-04:00,438.6000061035156,442.3999938964844,436.3999938964844,439.79998779296875,18330,0.0,0.0
2012-05-10 00:00:00-04:00,440.20001220703125,441.6000061035156,430.0,437.0,14100,0.0,0.0
2012-05-11 00:00:00-04:00,433.79998779296875,436.20001220703125,430.0,435.20001220703125,7350,0.0,0.0
2012-05-14 00:00:00-04:00,430.0,434.6000061035156,428.6000061035156,431.20001220703125,25210,0.0,0.0
2012-05-15 00:00:00-04:00,430.79998779296875,444.6000061035156,428.6000061035156,430.20001220703125,30380,0.0,0.0
2012-05-16 00:00:00-04:00,431.20001220703125,432.3999938964844,416.20001220703125,428.6000061035156,25555,0.0,0.0
2012-05-17 00:00:00-04:00,430.6000061035156,432.79998779296875,418.0,420.0,40015,0.0,0.0
2012-05-18 00:00:00-04:00,423.6000061035156,425.0,416.79998779296875,418.3999938964844,27790,0.0,0.0
2012-05-21 00:00:00-04:00,418.6000061035156,443.3999938964844,418.6000061035156,432.79998779296875,24025,0.0,0.0
2012-05-22 00:00:00-04:00,443.79998779296875,447.3999938964844,431.0,434.3999938964844,26520,0.0,0.0
2012-05-23 00:00:00-04:00,439.6000061035156,439.6000061035156,422.0,426.79998779296875,26150,0.0,0.0
2012-05-24 00:00:00-04:00,434.79998779296875,434.79998779296875,422.79998779296875,427.3999938964844,19440,0.0,0.0
2012-05-25 00:00:00-04:00,431.20001220703125,431.20001220703125,422.20001220703125,427.6000061035156,19955,0.0,0.0
2012-05-29 00:00:00-04:00,432.79998779296875,447.79998779296875,431.79998779296875,442.20001220703125,14270,0.0,0.0
2012-05-30 00:00:00-04:00,439.79998779296875,440.0,430.3999938964844,432.0,16925,0.0,0.0
2012-05-31 00:00:00-04:00,433.3999938964844,438.79998779296875,419.0,429.6000061035156,13115,0.0,0.0
2012-06-01 00:00:00-04:00,385.20001220703125,423.0,385.20001220703125,420.6000061035156,44270,0.0,0.0
2012-06-04 00:00:00-04:00,421.20001220703125,422.0,394.0,401.3999938964844,28760,0.0,0.0
2012-06-05 00:00:00-04:00,399.6000061035156,412.79998779296875,394.3999938964844,399.79998779296875,23625,0.0,0.0
2012-06-06 00:00:00-04:00,402.6000061035156,419.6000061035156,399.79998779296875,400.0,7965,0.0,0.0
2012-06-07 00:00:00-04:00,405.79998779296875,424.6000061035156,399.20001220703125,415.0,17720,0.0,0.0
2012-06-08 00:00:00-04:00,413.0,420.0,400.79998779296875,416.6000061035156,17585,0.0,0.0
2012-06-11 00:00:00-04:00,420.0,422.20001220703125,396.20001220703125,400.0,30950,0.0,0.0
2012-06-12 00:00:00-04:00,400.0,401.6000061035156,396.20001220703125,399.6000061035156,37450,0.0,0.0
2012-06-13 00:00:00-04:00,398.20001220703125,400.20001220703125,394.0,398.3999938964844,25020,0.0,0.0
2012-06-14 00:00:00-04:00,400.0,402.6000061035156,397.0,401.20001220703125,12285,0.0,0.0
2012-06-15 00:00:00-04:00,397.0,401.6000061035156,392.20001220703125,401.6000061035156,34215,0.0,0.0
2012-06-18 00:00:00-04:00,398.20001220703125,412.0,398.0,409.6000061035156,13360,0.0,0.0
2012-06-19 00:00:00-04:00,410.0,419.79998779296875,405.0,415.3999938964844,22330,0.0,0.0
2012-06-20 00:00:00-04:00,417.6000061035156,417.79998779296875,409.3999938964844,411.6000061035156,8580,0.0,0.0
2012-06-21 00:00:00-04:00,410.6000061035156,411.0,393.79998779296875,395.79998779296875,34680,0.0,0.0
2012-06-22 00:00:00-04:00,399.3999938964844,400.3999938964844,394.20001220703125,397.79998779296875,154235,0.0,0.0
2012-06-25 00:00:00-04:00,391.6000061035156,396.6000061035156,382.6000061035156,393.6000061035156,14235,0.0,0.0
2012-06-26 00:00:00-04:00,394.20001220703125,394.6000061035156,384.20001220703125,385.0,14695,0.0,0.0
2012-06-27 00:00:00-04:00,388.20001220703125,388.20001220703125,377.79998779296875,382.79998779296875,12820,0.0,0.0
2012-06-28 00:00:00-04:00,380.0,386.79998779296875,374.6000061035156,386.20001220703125,8385,0.0,0.0
2012-06-29 00:00:00-04:00,392.3999938964844,397.0,390.0,393.79998779296875,7805,0.0,0.0
2012-07-02 00:00:00-04:00,393.79998779296875,396.20001220703125,389.0,393.20001220703125,10950,0.0,0.0
2012-07-03 00:00:00-04:00,394.0,417.6000061035156,392.3999938964844,410.0,19090,0.0,0.0
2012-07-05 00:00:00-04:00,408.20001220703125,411.0,397.0,408.6000061035156,8785,0.0,0.0
2012-07-06 00:00:00-04:00,404.6000061035156,408.79998779296875,398.3999938964844,400.20001220703125,4785,0.0,0.0
2012-07-09 00:00:00-04:00,399.3999938964844,409.0,398.20001220703125,406.0,12135,0.0,0.0
2012-07-10 00:00:00-04:00,405.0,405.0,390.3999938964844,392.0,4355,0.0,0.0
2012-07-11 00:00:00-04:00,393.6000061035156,397.20001220703125,387.0,392.6000061035156,7705,0.0,0.0
2012-07-12 00:00:00-04:00,388.6000061035156,390.3999938964844,377.6000061035156,388.20001220703125,6265,0.0,0.0
2012-07-13 00:00:00-04:00,388.3999938964844,398.6000061035156,386.20001220703125,396.6000061035156,10485,0.0,0.0
2012-07-16 00:00:00-04:00,394.20001220703125,394.20001220703125,380.20001220703125,391.20001220703125,11540,0.0,0.0
2012-07-17 00:00:00-04:00,392.3999938964844,395.79998779296875,385.0,391.20001220703125,8895,0.0,0.0
2012-07-18 00:00:00-04:00,389.3999938964844,394.20001220703125,383.79998779296875,389.0,17355,0.0,0.0
2012-07-19 00:00:00-04:00,391.20001220703125,393.3999938964844,386.6000061035156,391.79998779296875,3285,0.0,0.0
2012-07-20 00:00:00-04:00,390.0,398.20001220703125,388.0,395.79998779296875,5870,0.0,0.0
2012-07-23 00:00:00-04:00,389.3999938964844,395.6000061035156,384.6000061035156,395.0,9530,0.0,0.0
2012-07-24 00:00:00-04:00,397.0,398.6000061035156,384.79998779296875,387.6000061035156,13485,0.0,0.0
2012-07-25 00:00:00-04:00,390.0,391.6000061035156,384.6000061035156,390.3999938964844,7125,0.0,0.0
2012-07-26 00:00:00-04:00,395.0,423.0,394.3999938964844,416.0,37240,0.0,0.0
2012-07-27 00:00:00-04:00,372.3999938964844,413.79998779296875,372.0,408.6000061035156,33375,0.0,0.0
2012-07-30 00:00:00-04:00,405.3999938964844,415.6000061035156,405.20001220703125,412.0,20240,0.0,0.0
2012-07-31 00:00:00-04:00,411.0,422.3999938964844,410.3999938964844,416.79998779296875,43455,0.0,0.0
2012-08-01 00:00:00-04:00,418.6000061035156,425.79998779296875,415.20001220703125,422.20001220703125,16490,0.0,0.0
2012-08-02 00:00:00-04:00,416.20001220703125,422.0,415.3999938964844,420.0,18325,0.0,0.0
2012-08-03 00:00:00-04:00,426.6000061035156,440.0,425.6000061035156,435.6000061035156,20610,0.0,0.0
2012-08-06 00:00:00-04:00,436.3999938964844,451.6000061035156,432.79998779296875,441.79998779296875,24325,0.0,0.0
2012-08-07 00:00:00-04:00,444.20001220703125,445.79998779296875,435.3999938964844,440.3999938964844,20445,0.0,0.0
2012-08-08 00:00:00-04:00,436.20001220703125,446.20001220703125,434.3999938964844,439.0,20740,0.0,0.0
2012-08-09 00:00:00-04:00,440.0,441.3999938964844,426.6000061035156,428.20001220703125,44475,0.0,0.0
2012-08-10 00:00:00-04:00,426.79998779296875,435.79998779296875,416.3999938964844,433.3999938964844,12245,0.0,0.0
2012-08-13 00:00:00-04:00,432.0,433.20001220703125,425.0,432.79998779296875,10515,0.0,0.0
2012-08-14 00:00:00-04:00,436.79998779296875,443.0,436.79998779296875,441.3999938964844,9115,0.0,0.0
2012-08-15 00:00:00-04:00,440.79998779296875,445.79998779296875,436.20001220703125,445.20001220703125,5705,0.0,0.0
2012-08-16 00:00:00-04:00,446.6000061035156,449.0,446.0,448.0,9170,0.0,0.0
2012-08-17 00:00:00-04:00,454.20001220703125,458.79998779296875,450.20001220703125,458.0,18340,0.0,0.0
2012-08-20 00:00:00-04:00,459.0,459.6000061035156,453.0,456.0,5445,0.0,0.0
2012-08-21 00:00:00-04:00,459.20001220703125,466.0,452.20001220703125,452.20001220703125,16140,0.0,0.0
2012-08-22 00:00:00-04:00,453.3999938964844,453.3999938964844,434.0,438.3999938964844,13235,0.0,0.0
2012-08-23 00:00:00-04:00,438.3999938964844,444.20001220703125,433.20001220703125,442.79998779296875,12815,0.0,0.0
2012-08-24 00:00:00-04:00,439.79998779296875,462.3999938964844,439.79998779296875,459.6000061035156,18275,0.0,0.0
2012-08-27 00:00:00-04:00,459.79998779296875,461.0,453.3999938964844,456.79998779296875,14000,0.0,0.0
2012-08-28 00:00:00-04:00,455.0,470.0,454.0,468.3999938964844,17870,0.0,0.0
2012-08-29 00:00:00-04:00,470.0,471.3999938964844,464.20001220703125,470.79998779296875,42645,0.0,0.0
2012-08-30 00:00:00-04:00,467.20001220703125,470.0,463.79998779296875,468.3999938964844,18685,0.0,0.0
2012-08-31 00:00:00-04:00,472.0,481.79998779296875,465.0,473.3999938964844,28250,0.0,0.0
2012-09-04 00:00:00-04:00,475.3999938964844,476.0,465.6000061035156,471.3999938964844,11590,0.0,0.0
2012-09-05 00:00:00-04:00,470.6000061035156,471.0,461.20001220703125,464.20001220703125,15915,0.0,0.0
2012-09-06 00:00:00-04:00,468.0,490.6000061035156,467.3999938964844,479.0,39985,0.0,0.0
2012-09-07 00:00:00-04:00,479.6000061035156,484.0,470.0,482.79998779296875,11615,0.0,0.0
2012-09-10 00:00:00-04:00,480.6000061035156,489.6000061035156,480.20001220703125,481.79998779296875,10630,0.0,0.0
2012-09-11 00:00:00-04:00,481.6000061035156,483.79998779296875,474.0,483.79998779296875,8060,0.0,0.0
2012-09-12 00:00:00-04:00,487.0,493.0,482.79998779296875,490.79998779296875,13585,0.0,0.0
2012-09-13 00:00:00-04:00,493.3999938964844,506.6000061035156,491.0,497.3999938964844,16115,0.0,0.0
2012-09-14 00:00:00-04:00,495.0,513.7999877929688,493.79998779296875,504.3999938964844,26475,0.0,0.0
2012-09-17 00:00:00-04:00,504.0,510.20001220703125,498.6000061035156,505.6000061035156,16025,0.0,0.0
2012-09-18 00:00:00-04:00,515.5999755859375,515.5999755859375,503.79998779296875,504.0,23950,0.0,0.0
2012-09-19 00:00:00-04:00,505.0,506.6000061035156,495.0,502.20001220703125,11980,0.0,0.0
2012-09-20 00:00:00-04:00,498.20001220703125,504.79998779296875,489.6000061035156,501.3999938964844,10065,0.0,0.0
2012-09-21 00:00:00-04:00,507.79998779296875,515.0,499.20001220703125,511.20001220703125,36135,0.0,0.0
2012-09-24 00:00:00-04:00,514.0,514.5999755859375,507.79998779296875,513.7999877929688,16080,0.0,0.0
2012-09-25 00:00:00-04:00,513.7999877929688,514.0,490.0,490.20001220703125,17365,0.0,0.0
2012-09-26 00:00:00-04:00,489.3999938964844,490.6000061035156,474.0,484.6000061035156,23750,0.0,0.0
2012-09-27 00:00:00-04:00,487.3999938964844,496.3999938964844,482.79998779296875,486.0,17400,0.0,0.0
2012-09-28 00:00:00-04:00,484.79998779296875,491.6000061035156,482.0,486.3999938964844,11670,0.0,0.0
2012-10-01 00:00:00-04:00,473.0,487.0,464.20001220703125,474.3999938964844,38710,0.0,0.0
2012-10-02 00:00:00-04:00,473.6000061035156,475.6000061035156,450.0,459.0,26390,0.0,0.0
2012-10-03 00:00:00-04:00,458.3999938964844,458.3999938964844,441.20001220703125,449.3999938964844,36040,0.0,0.0
2012-10-04 00:00:00-04:00,449.0,454.20001220703125,440.0,454.0,20125,0.0,0.0
2012-10-05 00:00:00-04:00,454.79998779296875,465.20001220703125,453.3999938964844,460.6000061035156,24265,0.0,0.0
2012-10-08 00:00:00-04:00,458.6000061035156,467.0,448.79998779296875,465.79998779296875,23835,0.0,0.0
2012-10-09 00:00:00-04:00,464.0,467.3999938964844,456.3999938964844,461.79998779296875,19605,0.0,0.0
2012-10-10 00:00:00-04:00,460.6000061035156,466.79998779296875,450.20001220703125,451.0,11210,0.0,0.0
2012-10-11 00:00:00-04:00,455.20001220703125,462.0,452.20001220703125,456.3999938964844,10285,0.0,0.0
2012-10-12 00:00:00-04:00,455.0,457.79998779296875,448.0,454.0,3970,0.0,0.0
2012-10-15 00:00:00-04:00,452.6000061035156,454.3999938964844,441.6000061035156,453.20001220703125,7185,0.0,0.0
2012-10-16 00:00:00-04:00,452.6000061035156,457.79998779296875,447.20001220703125,454.79998779296875,7515,0.0,0.0
2012-10-17 00:00:00-04:00,454.79998779296875,463.0,449.3999938964844,463.0,18230,0.0,0.0
2012-10-18 00:00:00-04:00,462.0,466.3999938964844,459.6000061035156,461.6000061035156,6090,0.0,0.0
2012-10-19 00:00:00-04:00,460.0,460.0,449.0,450.3999938964844,13695,0.0,0.0
2012-10-22 00:00:00-04:00,451.20001220703125,451.20001220703125,440.3999938964844,443.3999938964844,4335,0.0,0.0
2012-10-23 00:00:00-04:00,437.20001220703125,446.3999938964844,435.79998779296875,445.20001220703125,13475,0.0,0.0
2012-10-24 00:00:00-04:00,445.6000061035156,445.6000061035156,420.6000061035156,430.79998779296875,37465,0.0,0.0
2012-10-25 00:00:00-04:00,436.6000061035156,437.6000061035156,430.6000061035156,433.3999938964844,10795,0.0,0.0
2012-10-26 00:00:00-04:00,431.79998779296875,439.79998779296875,431.79998779296875,437.79998779296875,8240,0.0,0.0
2012-10-31 00:00:00-04:00,442.0,459.6000061035156,430.20001220703125,446.20001220703125,16470,0.0,0.0
2012-11-01 00:00:00-04:00,444.20001220703125,466.6000061035156,435.3999938964844,465.0,25415,0.0,0.0
2012-11-02 00:00:00-04:00,472.3999938964844,472.3999938964844,450.0,453.3999938964844,18545,0.0,0.0
2012-11-05 00:00:00-05:00,443.79998779296875,467.3999938964844,443.79998779296875,464.3999938964844,15555,0.0,0.0
2012-11-06 00:00:00-05:00,464.6000061035156,472.3999938964844,453.0,456.0,10220,0.0,0.0
2012-11-07 00:00:00-05:00,450.0,452.3999938964844,445.3999938964844,446.6000061035156,9050,0.0,0.0
2012-11-08 00:00:00-05:00,447.6000061035156,451.3999938964844,433.20001220703125,434.0,7935,0.0,0.0
2012-11-09 00:00:00-05:00,432.20001220703125,441.20001220703125,430.6000061035156,432.3999938964844,8970,0.0,0.0
2012-11-12 00:00:00-05:00,435.20001220703125,449.20001220703125,433.6000061035156,445.0,9180,0.0,0.0
2012-11-13 00:00:00-05:00,441.3999938964844,457.3999938964844,438.6000061035156,452.3999938964844,13480,0.0,0.0
2012-11-14 00:00:00-05:00,450.0,458.79998779296875,447.3999938964844,451.79998779296875,15440,0.0,0.0
2012-11-15 00:00:00-05:00,456.3999938964844,480.0,450.79998779296875,475.79998779296875,44540,0.0,0.0
2012-11-16 00:00:00-05:00,474.6000061035156,478.20001220703125,464.0,467.6000061035156,23095,0.0,0.0
2012-11-19 00:00:00-05:00,470.0,483.20001220703125,466.20001220703125,483.20001220703125,24200,0.0,0.0
2012-11-20 00:00:00-05:00,480.0,485.20001220703125,469.0,480.20001220703125,16625,0.0,0.0
2012-11-21 00:00:00-05:00,481.79998779296875,498.20001220703125,477.79998779296875,491.6000061035156,15920,0.0,0.0
2012-11-23 00:00:00-05:00,491.79998779296875,498.3999938964844,491.6000061035156,498.3999938964844,4260,0.0,0.0
2012-11-26 00:00:00-05:00,497.0,499.0,482.79998779296875,489.3999938964844,28250,0.0,0.0
2012-11-27 00:00:00-05:00,489.3999938964844,492.20001220703125,484.6000061035156,486.79998779296875,24405,0.0,0.0
2012-11-28 00:00:00-05:00,485.6000061035156,490.0,484.0,487.6000061035156,45765,0.0,0.0
2012-11-29 00:00:00-05:00,488.79998779296875,493.79998779296875,483.3999938964844,490.3999938964844,61235,0.0,0.0
2012-11-30 00:00:00-05:00,493.3999938964844,508.0,490.6000061035156,504.79998779296875,192725,0.0,0.0
2012-12-03 00:00:00-05:00,516.4000244140625,516.4000244140625,500.3999938964844,504.0,18855,0.0,0.0
2012-12-04 00:00:00-05:00,500.79998779296875,507.79998779296875,498.6000061035156,503.3999938964844,17955,0.0,0.0
2012-12-05 00:00:00-05:00,500.0,500.79998779296875,488.79998779296875,490.6000061035156,33220,0.0,0.0
2012-12-06 00:00:00-05:00,491.3999938964844,499.20001220703125,487.0,492.79998779296875,44355,0.0,0.0
2012-12-07 00:00:00-05:00,494.6000061035156,494.6000061035156,478.20001220703125,490.3999938964844,38080,0.0,0.0
2012-12-10 00:00:00-05:00,491.79998779296875,504.6000061035156,489.20001220703125,502.6000061035156,39075,0.0,0.0
2012-12-11 00:00:00-05:00,505.6000061035156,509.0,498.0,500.79998779296875,19975,0.0,0.0
2012-12-12 00:00:00-05:00,502.3999938964844,505.20001220703125,500.3999938964844,502.20001220703125,23650,0.0,0.0
2012-12-13 00:00:00-05:00,501.3999938964844,506.79998779296875,495.20001220703125,501.79998779296875,16845,0.0,0.0
2012-12-14 00:00:00-05:00,498.0,504.0,485.3999938964844,490.79998779296875,20535,0.0,0.0
2012-12-17 00:00:00-05:00,495.0,497.0,481.3999938964844,489.79998779296875,11985,0.0,0.0
2012-12-18 00:00:00-05:00,493.79998779296875,504.79998779296875,492.3999938964844,497.79998779296875,27165,0.0,0.0
2012-12-19 00:00:00-05:00,499.6000061035156,499.6000061035156,489.79998779296875,493.6000061035156,21810,0.0,0.0
2012-12-20 00:00:00-05:00,496.79998779296875,510.20001220703125,494.79998779296875,503.79998779296875,27585,0.0,0.0
2012-12-21 00:00:00-05:00,503.0,503.79998779296875,493.20001220703125,503.79998779296875,22675,0.0,0.0
2012-12-24 00:00:00-05:00,500.6000061035156,500.6000061035156,490.6000061035156,493.3999938964844,4235,0.0,0.0
2012-12-26 00:00:00-05:00,492.0,495.6000061035156,488.3999938964844,494.6000061035156,8400,0.0,0.0
2012-12-27 00:00:00-05:00,493.0,494.20001220703125,485.79998779296875,490.3999938964844,13760,0.0,0.0
2012-12-28 00:00:00-05:00,486.0,491.79998779296875,485.6000061035156,485.79998779296875,7565,0.0,0.0
2012-12-31 00:00:00-05:00,482.79998779296875,495.3999938964844,481.20001220703125,495.0,12645,0.0,0.0
2013-01-02 00:00:00-05:00,509.3999938964844,516.7999877929688,500.0,515.2000122070312,24865,0.0,0.0
2013-01-03 00:00:00-05:00,514.0,528.0,514.0,523.5999755859375,18505,0.0,0.0
2013-01-04 00:00:00-05:00,528.2000122070312,531.7999877929688,523.7999877929688,528.4000244140625,13590,0.0,0.0
2013-01-07 00:00:00-05:00,520.7999877929688,528.4000244140625,515.2000122070312,527.4000244140625,15365,0.0,0.0
2013-01-08 00:00:00-05:00,526.0,527.2000122070312,516.2000122070312,524.4000244140625,9975,0.0,0.0
2013-01-09 00:00:00-05:00,528.4000244140625,530.4000244140625,526.2000122070312,530.0,5945,0.0,0.0
2013-01-10 00:00:00-05:00,536.5999755859375,536.5999755859375,525.4000244140625,531.5999755859375,6920,0.0,0.0
2013-01-11 00:00:00-05:00,533.4000244140625,534.7999877929688,528.0,531.4000244140625,10380,0.0,0.0
2013-01-14 00:00:00-05:00,530.4000244140625,530.4000244140625,495.3999938964844,515.4000244140625,20880,0.0,0.0
2013-01-15 00:00:00-05:00,515.5999755859375,520.0,512.4000244140625,516.7999877929688,12845,0.0,0.0
2013-01-16 00:00:00-05:00,516.4000244140625,534.5999755859375,512.5999755859375,531.5999755859375,9500,0.0,0.0
2013-01-17 00:00:00-05:00,502.0,508.3999938964844,480.3999938964844,490.0,153405,0.0,0.0
2013-01-18 00:00:00-05:00,487.79998779296875,504.20001220703125,486.20001220703125,503.6000061035156,17185,0.0,0.0
2013-01-22 00:00:00-05:00,508.0,513.2000122070312,501.0,503.20001220703125,23360,0.0,0.0
2013-01-23 00:00:00-05:00,503.79998779296875,503.79998779296875,499.0,501.79998779296875,13205,0.0,0.0
2013-01-24 00:00:00-05:00,502.20001220703125,518.4000244140625,501.20001220703125,513.4000244140625,13530,0.0,0.0
2013-01-25 00:00:00-05:00,515.0,519.4000244140625,509.0,517.7999877929688,9645,0.0,0.0
2013-01-28 00:00:00-05:00,518.7999877929688,518.7999877929688,497.79998779296875,512.0,19455,0.0,0.0
2013-01-29 00:00:00-05:00,510.6000061035156,518.4000244140625,510.0,517.5999755859375,10445,0.0,0.0
2013-01-30 00:00:00-05:00,515.5999755859375,515.5999755859375,500.0,506.3999938964844,9375,0.0,0.0
2013-01-31 00:00:00-05:00,505.20001220703125,513.7999877929688,505.20001220703125,510.20001220703125,13720,0.0,0.0
2013-02-01 00:00:00-05:00,513.5999755859375,522.7999877929688,510.3999938964844,519.4000244140625,18190,0.0,0.0
2013-02-04 00:00:00-05:00,516.5999755859375,520.4000244140625,507.20001220703125,507.79998779296875,7715,0.0,0.0
2013-02-05 00:00:00-05:00,507.79998779296875,518.7999877929688,505.20001220703125,516.2000122070312,9395,0.0,0.0
2013-02-06 00:00:00-05:00,511.79998779296875,517.5999755859375,505.79998779296875,517.4000244140625,9900,0.0,0.0
2013-02-07 00:00:00-05:00,515.7999877929688,520.2000122070312,500.3999938964844,501.3999938964844,9080,0.0,0.0
2013-02-08 00:00:00-05:00,501.0,512.7999877929688,500.20001220703125,511.0,3950,0.0,0.0
2013-02-11 00:00:00-05:00,509.20001220703125,509.20001220703125,499.0,501.3999938964844,5590,0.0,0.0
2013-02-12 00:00:00-05:00,504.20001220703125,508.3999938964844,503.0,507.3999938964844,13675,0.0,0.0
2013-02-13 00:00:00-05:00,509.0,512.4000244140625,503.6000061035156,509.79998779296875,10910,0.0,0.0
2013-02-14 00:00:00-05:00,508.79998779296875,535.4000244140625,501.79998779296875,532.7999877929688,23620,0.0,0.0
2013-02-15 00:00:00-05:00,497.20001220703125,537.4000244140625,497.20001220703125,530.2000122070312,53200,0.0,0.0
2013-02-19 00:00:00-05:00,540.2000122070312,549.7999877929688,536.0,541.0,50620,0.0,0.0
2013-02-20 00:00:00-05:00,539.2000122070312,546.0,528.7999877929688,531.2000122070312,46260,0.0,0.0
2013-02-21 00:00:00-05:00,532.0,532.4000244140625,510.0,521.0,22165,0.0,0.0
2013-02-22 00:00:00-05:00,524.0,546.5999755859375,524.0,543.0,39940,0.0,0.0
2013-02-25 00:00:00-05:00,551.2000122070312,551.2000122070312,527.4000244140625,529.4000244140625,36260,0.0,0.0
2013-02-26 00:00:00-05:00,532.0,533.4000244140625,523.0,528.4000244140625,42760,0.0,0.0
2013-02-27 00:00:00-05:00,529.0,534.2000122070312,527.2000122070312,532.4000244140625,24725,0.0,0.0
2013-02-28 00:00:00-05:00,533.7999877929688,536.7999877929688,531.2000122070312,533.5999755859375,15140,0.0,0.0
2013-03-01 00:00:00-05:00,531.0,531.0,517.0,523.4000244140625,16315,0.0,0.0
2013-03-04 00:00:00-05:00,520.5999755859375,524.0,512.7999877929688,520.7999877929688,29445,0.0,0.0
2013-03-05 00:00:00-05:00,522.0,527.5999755859375,520.0,524.0,22435,0.0,0.0
2013-03-06 00:00:00-05:00,525.0,528.0,513.7999877929688,519.2000122070312,18330,0.0,0.0
2013-03-07 00:00:00-05:00,520.0,520.4000244140625,507.20001220703125,514.5999755859375,22220,0.0,0.0
2013-03-08 00:00:00-05:00,518.0,519.7999877929688,507.3999938964844,514.7999877929688,17835,0.0,0.0
2013-03-11 00:00:00-04:00,514.5999755859375,514.5999755859375,508.20001220703125,509.3999938964844,7955,0.0,0.0
2013-03-12 00:00:00-04:00,510.0,511.0,502.79998779296875,507.79998779296875,16175,0.0,0.0
2013-03-13 00:00:00-04:00,512.2000122070312,513.4000244140625,508.0,510.79998779296875,25415,0.0,0.0
2013-03-14 00:00:00-04:00,513.2000122070312,518.4000244140625,511.6000061035156,512.0,14170,0.0,0.0
2013-03-15 00:00:00-04:00,514.2000122070312,526.4000244140625,511.79998779296875,526.4000244140625,29370,0.0,0.0
2013-03-18 00:00:00-04:00,519.5999755859375,539.7999877929688,518.4000244140625,537.0,30800,0.0,0.0
2013-03-19 00:00:00-04:00,536.5999755859375,546.5999755859375,533.7999877929688,538.4000244140625,27070,0.0,0.0
2013-03-20 00:00:00-04:00,539.4000244140625,548.0,536.2000122070312,544.0,22050,0.0,0.0
2013-03-21 00:00:00-04:00,539.4000244140625,560.0,537.0,557.4000244140625,25890,0.0,0.0
2013-03-22 00:00:00-04:00,557.4000244140625,565.5999755859375,556.4000244140625,565.5999755859375,29910,0.0,0.0
2013-03-25 00:00:00-04:00,566.2000122070312,570.4000244140625,562.0,568.7999877929688,26335,0.0,0.0
2013-03-26 00:00:00-04:00,570.2000122070312,578.7999877929688,570.2000122070312,575.7999877929688,20755,0.0,0.0
2013-03-27 00:00:00-04:00,573.0,583.7999877929688,571.2000122070312,579.5999755859375,41740,0.0,0.0
2013-03-28 00:00:00-04:00,582.0,582.5999755859375,573.4000244140625,575.2000122070312,20475,0.0,0.0
2013-04-01 00:00:00-04:00,571.7999877929688,571.7999877929688,544.0,547.7999877929688,17800,0.0,0.0
2013-04-02 00:00:00-04:00,549.4000244140625,552.2000122070312,534.5999755859375,542.7999877929688,27215,0.0,0.0
2013-04-03 00:00:00-04:00,544.2000122070312,546.5999755859375,533.4000244140625,537.2000122070312,26390,0.0,0.0
2013-04-04 00:00:00-04:00,536.2000122070312,536.2000122070312,525.4000244140625,533.5999755859375,8140,0.0,0.0
2013-04-05 00:00:00-04:00,527.0,541.0,525.5999755859375,535.7999877929688,7575,0.0,0.0
2013-04-08 00:00:00-04:00,544.7999877929688,551.5999755859375,534.2000122070312,551.2000122070312,18195,0.0,0.0
2013-04-09 00:00:00-04:00,551.0,552.7999877929688,547.2000122070312,550.2000122070312,6090,0.0,0.0
2013-04-10 00:00:00-04:00,551.0,558.5999755859375,551.0,557.0,9025,0.0,0.0
2013-04-11 00:00:00-04:00,558.4000244140625,564.4000244140625,553.7999877929688,556.5999755859375,9220,0.0,0.0
2013-04-12 00:00:00-04:00,553.4000244140625,553.5999755859375,539.0,543.2000122070312,10325,0.0,0.0
2013-04-15 00:00:00-04:00,538.7999877929688,538.7999877929688,520.2000122070312,520.4000244140625,17390,0.0,0.0
2013-04-16 00:00:00-04:00,523.7999877929688,531.5999755859375,520.0,527.4000244140625,15905,0.0,0.0
2013-04-17 00:00:00-04:00,522.5999755859375,523.4000244140625,505.3999938964844,514.4000244140625,9770,0.0,0.0
2013-04-18 00:00:00-04:00,517.5999755859375,525.0,507.79998779296875,524.2000122070312,9775,0.0,0.0
2013-04-19 00:00:00-04:00,528.7999877929688,528.7999877929688,514.2000122070312,524.5999755859375,10715,0.0,0.0
2013-04-22 00:00:00-04:00,528.5999755859375,537.0,520.5999755859375,534.5999755859375,9785,0.0,0.0
2013-04-23 00:00:00-04:00,536.5999755859375,548.7999877929688,535.4000244140625,544.0,15430,0.0,0.0
2013-04-24 00:00:00-04:00,546.7999877929688,554.4000244140625,544.4000244140625,549.4000244140625,24035,0.0,0.0
2013-04-25 00:00:00-04:00,549.2000122070312,553.0,526.7999877929688,530.4000244140625,31290,0.0,0.0
2013-04-26 00:00:00-04:00,520.0,537.4000244140625,504.0,532.7999877929688,38535,0.0,0.0
2013-04-29 00:00:00-04:00,527.5999755859375,549.0,520.4000244140625,546.4000244140625,40420,0.0,0.0
2013-04-30 00:00:00-04:00,548.0,560.0,539.7999877929688,556.2000122070312,19675,0.0,0.0
2013-05-01 00:00:00-04:00,552.5999755859375,552.5999755859375,540.0,544.0,15065,0.0,0.0
2013-05-02 00:00:00-04:00,531.5999755859375,552.5999755859375,520.5999755859375,551.7999877929688,19675,0.0,0.0
2013-05-03 00:00:00-04:00,550.0,562.0,548.5999755859375,557.7999877929688,15965,0.0,0.0
2013-05-06 00:00:00-04:00,556.7999877929688,567.2000122070312,551.5999755859375,555.4000244140625,14195,0.0,0.0
2013-05-07 00:00:00-04:00,557.7999877929688,566.5999755859375,555.2000122070312,564.4000244140625,6295,0.0,0.0
2013-05-08 00:00:00-04:00,564.5999755859375,564.5999755859375,550.5999755859375,560.0,10915,0.0,0.0
2013-05-09 00:00:00-04:00,559.4000244140625,566.7999877929688,555.2000122070312,560.2000122070312,8445,0.0,0.0
2013-05-10 00:00:00-04:00,558.2000122070312,569.4000244140625,556.2000122070312,566.2000122070312,12975,0.0,0.0
2013-05-13 00:00:00-04:00,565.0,574.0,563.4000244140625,572.5999755859375,9490,0.0,0.0
2013-05-14 00:00:00-04:00,570.0,580.0,560.0,567.7999877929688,14565,0.0,0.0
2013-05-15 00:00:00-04:00,565.0,579.2000122070312,565.0,579.0,13315,0.0,0.0
2013-05-16 00:00:00-04:00,578.7999877929688,588.2000122070312,577.4000244140625,581.0,13645,0.0,0.0
2013-05-17 00:00:00-04:00,584.5999755859375,595.7999877929688,580.5999755859375,592.4000244140625,9970,0.0,0.0
2013-05-20 00:00:00-04:00,592.2000122070312,599.0,591.4000244140625,597.0,15885,0.0,0.0
2013-05-21 00:00:00-04:00,598.7999877929688,602.2000122070312,596.5999755859375,599.2000122070312,14315,0.0,0.0
2013-05-22 00:00:00-04:00,600.5999755859375,609.0,595.2000122070312,598.0,22370,0.0,0.0
2013-05-23 00:00:00-04:00,593.0,599.0,578.7999877929688,592.4000244140625,27600,0.0,0.0
2013-05-24 00:00:00-04:00,590.5999755859375,593.0,587.0,591.4000244140625,8575,0.0,0.0
2013-05-28 00:00:00-04:00,601.0,612.0,595.5999755859375,608.4000244140625,10865,0.0,0.0
2013-05-29 00:00:00-04:00,607.7999877929688,608.4000244140625,598.4000244140625,606.0,13200,0.0,0.0
2013-05-30 00:00:00-04:00,607.0,609.2000122070312,600.0,602.0,31280,0.0,0.0
2013-05-31 00:00:00-04:00,600.0,604.2000122070312,592.0,593.7999877929688,14320,0.0,0.0
2013-06-03 00:00:00-04:00,588.4000244140625,598.4000244140625,583.2000122070312,592.4000244140625,14145,0.0,0.0
2013-06-04 00:00:00-04:00,591.4000244140625,594.7999877929688,583.7999877929688,587.5999755859375,24455,0.0,0.0
2013-06-05 00:00:00-04:00,587.0,604.0,583.7999877929688,602.2000122070312,12675,0.0,0.0
2013-06-06 00:00:00-04:00,602.0,607.4000244140625,593.5999755859375,603.0,13450,0.0,0.0
2013-06-07 00:00:00-04:00,609.4000244140625,614.4000244140625,603.4000244140625,606.7999877929688,9300,0.0,0.0
2013-06-10 00:00:00-04:00,611.5999755859375,630.4000244140625,605.5999755859375,611.5999755859375,16885,0.0,0.0
2013-06-11 00:00:00-04:00,602.7999877929688,610.0,598.4000244140625,608.5999755859375,12460,0.0,0.0
2013-06-12 00:00:00-04:00,607.4000244140625,614.4000244140625,596.2000122070312,599.4000244140625,18900,0.0,0.0
2013-06-13 00:00:00-04:00,600.7999877929688,611.2000122070312,594.4000244140625,609.7999877929688,12265,0.0,0.0
2013-06-14 00:00:00-04:00,608.0,615.5999755859375,605.5999755859375,610.0,9515,0.0,0.0
2013-06-17 00:00:00-04:00,612.7999877929688,633.7999877929688,609.5999755859375,629.0,16330,0.0,0.0
2013-06-18 00:00:00-04:00,629.0,640.0,625.4000244140625,636.0,12875,0.0,0.0
2013-06-19 00:00:00-04:00,631.7999877929688,650.4000244140625,631.7999877929688,634.5999755859375,32490,0.0,0.0
2013-06-20 00:00:00-04:00,628.4000244140625,628.4000244140625,611.4000244140625,617.7999877929688,27590,0.0,0.0
2013-06-21 00:00:00-04:00,620.2000122070312,623.4000244140625,614.4000244140625,619.7999877929688,36930,0.0,0.0
2013-06-24 00:00:00-04:00,614.2000122070312,616.4000244140625,601.2000122070312,615.0,38105,0.0,0.0
2013-06-25 00:00:00-04:00,619.5999755859375,628.5999755859375,611.0,628.4000244140625,16320,0.0,0.0
2013-06-26 00:00:00-04:00,632.4000244140625,634.4000244140625,620.4000244140625,623.2000122070312,19875,0.0,0.0
2013-06-27 00:00:00-04:00,627.0,628.0,618.5999755859375,620.4000244140625,18005,0.0,0.0
2013-06-28 00:00:00-04:00,620.4000244140625,621.0,604.7999877929688,608.5999755859375,90935,0.0,0.0
2013-07-01 00:00:00-04:00,615.4000244140625,617.4000244140625,601.7999877929688,606.2000122070312,19145,0.0,0.0
2013-07-02 00:00:00-04:00,606.4000244140625,607.0,594.5999755859375,598.0,25490,0.0,0.0
2013-07-03 00:00:00-04:00,596.7999877929688,601.0,593.0,599.4000244140625,10735,0.0,0.0
2013-07-05 00:00:00-04:00,607.0,610.5999755859375,596.0,602.0,20305,0.0,0.0
2013-07-08 00:00:00-04:00,606.0,610.2000122070312,601.2000122070312,606.0,22700,0.0,0.0
2013-07-09 00:00:00-04:00,602.0,610.5999755859375,600.0,608.2000122070312,39455,0.0,0.0
2013-07-10 00:00:00-04:00,606.7999877929688,615.2000122070312,601.0,614.0,16640,0.0,0.0
2013-07-11 00:00:00-04:00,619.7999877929688,626.2000122070312,617.5999755859375,621.2000122070312,19485,0.0,0.0
2013-07-12 00:00:00-04:00,621.4000244140625,627.4000244140625,619.2000122070312,621.0,8655,0.0,0.0
2013-07-15 00:00:00-04:00,616.2000122070312,616.2000122070312,597.7999877929688,600.7999877929688,56195,0.0,0.0
2013-07-16 00:00:00-04:00,598.2000122070312,599.2000122070312,584.4000244140625,596.7999877929688,34610,0.0,0.0
2013-07-17 00:00:00-04:00,597.4000244140625,600.0,585.0,588.5999755859375,31955,0.0,0.0
2013-07-18 00:00:00-04:00,588.4000244140625,598.4000244140625,586.5999755859375,594.7999877929688,21980,0.0,0.0
2013-07-19 00:00:00-04:00,594.2000122070312,600.2000122070312,590.5999755859375,597.0,11910,0.0,0.0
2013-07-22 00:00:00-04:00,599.4000244140625,603.2000122070312,591.4000244140625,594.0,25740,0.0,0.0
2013-07-23 00:00:00-04:00,596.7999877929688,598.2000122070312,588.0,596.0,9875,0.0,0.0
2013-07-24 00:00:00-04:00,595.7999877929688,595.7999877929688,586.5999755859375,591.2000122070312,17630,0.0,0.0
2013-07-25 00:00:00-04:00,589.0,606.2000122070312,587.4000244140625,603.7999877929688,25275,0.0,0.0
2013-07-26 00:00:00-04:00,584.7999877929688,586.0,557.2000122070312,566.4000244140625,75865,0.0,0.0
2013-07-29 00:00:00-04:00,555.5999755859375,575.2000122070312,555.2000122070312,572.0,6710,0.0,0.0
2013-07-30 00:00:00-04:00,571.2000122070312,577.7999877929688,571.2000122070312,577.0,11150,0.0,0.0
2013-07-31 00:00:00-04:00,579.0,590.0,576.7999877929688,577.5999755859375,24115,0.0,0.0
2013-08-01 00:00:00-04:00,584.4000244140625,595.5999755859375,579.5999755859375,592.0,30705,0.0,0.0
2013-08-02 00:00:00-04:00,590.0,592.5999755859375,566.4000244140625,567.5999755859375,29865,0.0,0.0
2013-08-05 00:00:00-04:00,550.0,561.5999755859375,547.2000122070312,557.7999877929688,71195,0.0,0.0
2013-08-06 00:00:00-04:00,558.4000244140625,559.7999877929688,543.0,551.5999755859375,24725,0.0,0.0
2013-08-07 00:00:00-04:00,551.0,553.2000122070312,541.7999877929688,550.4000244140625,22735,0.0,0.0
2013-08-08 00:00:00-04:00,554.4000244140625,554.4000244140625,545.0,549.7999877929688,13925,0.0,0.0
2013-08-09 00:00:00-04:00,549.5999755859375,551.2000122070312,541.4000244140625,545.4000244140625,10505,0.0,0.0
2013-08-12 00:00:00-04:00,541.4000244140625,548.0,538.4000244140625,539.0,17240,0.0,0.0
2013-08-13 00:00:00-04:00,538.5999755859375,541.4000244140625,535.5999755859375,539.5999755859375,12570,0.0,0.0
2013-08-14 00:00:00-04:00,540.0,542.0,535.2000122070312,535.2000122070312,13280,0.0,0.0
2013-08-15 00:00:00-04:00,530.0,532.4000244140625,517.7999877929688,527.0,17575,0.0,0.0
2013-08-16 00:00:00-04:00,524.5999755859375,529.2000122070312,518.7999877929688,524.2000122070312,11560,0.0,0.0
2013-08-19 00:00:00-04:00,522.0,526.2000122070312,514.7999877929688,516.7999877929688,11360,0.0,0.0
2013-08-20 00:00:00-04:00,516.5999755859375,523.5999755859375,516.5999755859375,521.5999755859375,5880,0.0,0.0
2013-08-21 00:00:00-04:00,521.5999755859375,525.2000122070312,514.7999877929688,518.7999877929688,5895,0.0,0.0
2013-08-22 00:00:00-04:00,520.0,526.0,518.5999755859375,523.2000122070312,8425,0.0,0.0
2013-08-23 00:00:00-04:00,523.4000244140625,527.0,518.2000122070312,520.7999877929688,11260,0.0,0.0
2013-08-26 00:00:00-04:00,522.5999755859375,524.7999877929688,514.0,522.0,11285,0.0,0.0
2013-08-27 00:00:00-04:00,517.5999755859375,528.4000244140625,517.5999755859375,521.4000244140625,23665,0.0,0.0
2013-08-28 00:00:00-04:00,520.2000122070312,532.0,520.2000122070312,527.2000122070312,31780,0.0,0.0
2013-08-29 00:00:00-04:00,527.4000244140625,531.5999755859375,525.2000122070312,530.7999877929688,16800,0.0,0.0
2013-08-30 00:00:00-04:00,530.4000244140625,531.2000122070312,514.5999755859375,523.4000244140625,11585,0.0,0.0
2013-09-03 00:00:00-04:00,529.4000244140625,532.4000244140625,515.4000244140625,516.4000244140625,39245,0.0,0.0
2013-09-04 00:00:00-04:00,518.2000122070312,525.5999755859375,514.4000244140625,525.0,15900,0.0,0.0
2013-09-05 00:00:00-04:00,524.7999877929688,532.4000244140625,524.4000244140625,528.0,23900,0.0,0.0
2013-09-06 00:00:00-04:00,530.0,533.7999877929688,521.2000122070312,528.5999755859375,16235,0.0,0.0
2013-09-09 00:00:00-04:00,530.2000122070312,537.4000244140625,530.2000122070312,535.7999877929688,21440,0.0,0.0
2013-09-10 00:00:00-04:00,537.4000244140625,539.0,535.5999755859375,537.2000122070312,10905,0.0,0.0
2013-09-11 00:00:00-04:00,536.4000244140625,540.0,535.4000244140625,536.7999877929688,24330,0.0,0.0
2013-09-12 00:00:00-04:00,537.4000244140625,542.0,534.4000244140625,539.2000122070312,21615,0.0,0.0
2013-09-13 00:00:00-04:00,541.0,541.0,536.5999755859375,538.4000244140625,17055,0.0,0.0
2013-09-16 00:00:00-04:00,541.7999877929688,550.4000244140625,538.4000244140625,549.4000244140625,10350,0.0,0.0
2013-09-17 00:00:00-04:00,550.7999877929688,555.4000244140625,546.4000244140625,548.2000122070312,22665,0.0,0.0
2013-09-18 00:00:00-04:00,548.5999755859375,560.4000244140625,548.4000244140625,557.0,21655,0.0,0.0
2013-09-19 00:00:00-04:00,558.2000122070312,565.4000244140625,554.5999755859375,564.5999755859375,21070,0.0,0.0
2013-09-20 00:00:00-04:00,567.4000244140625,569.2000122070312,552.5999755859375,562.2000122070312,53645,0.0,0.0
2013-09-23 00:00:00-04:00,552.7999877929688,568.7999877929688,550.0,557.7999877929688,21240,0.0,0.0
2013-09-24 00:00:00-04:00,559.7999877929688,563.2000122070312,547.0,550.0,16360,0.0,0.0
2013-09-25 00:00:00-04:00,550.4000244140625,560.2000122070312,549.0,553.0,16525,0.0,0.0
2013-09-26 00:00:00-04:00,553.0,558.7999877929688,550.2000122070312,552.2000122070312,18180,0.0,0.0
2013-09-27 00:00:00-04:00,548.0,552.4000244140625,544.4000244140625,544.5999755859375,9925,0.0,0.0
2013-09-30 00:00:00-04:00,538.0,542.5999755859375,532.2000122070312,540.2000122070312,21075,0.0,0.0
2013-10-01 00:00:00-04:00,538.7999877929688,555.5999755859375,538.7999877929688,553.5999755859375,22945,0.0,0.0
2013-10-02 00:00:00-04:00,552.5999755859375,572.4000244140625,552.5999755859375,571.4000244140625,18340,0.0,0.0
2013-10-03 00:00:00-04:00,569.4000244140625,571.5999755859375,561.4000244140625,567.2000122070312,8345,0.0,0.0
2013-10-04 00:00:00-04:00,565.7999877929688,578.2000122070312,565.7999877929688,573.7999877929688,6095,0.0,0.0
2013-10-07 00:00:00-04:00,568.0,580.0,565.4000244140625,572.2000122070312,9220,0.0,0.0
2013-10-08 00:00:00-04:00,573.0,577.2000122070312,567.7999877929688,572.4000244140625,15265,0.0,0.0
2013-10-09 00:00:00-04:00,572.7999877929688,585.5999755859375,569.5999755859375,584.7999877929688,25060,0.0,0.0
2013-10-10 00:00:00-04:00,590.4000244140625,590.4000244140625,581.2000122070312,585.5999755859375,17285,0.0,0.0
2013-10-11 00:00:00-04:00,584.5999755859375,590.2000122070312,584.4000244140625,589.0,9505,0.0,0.0
2013-10-14 00:00:00-04:00,584.7999877929688,595.2000122070312,581.0,592.7999877929688,13395,0.0,0.0
2013-10-15 00:00:00-04:00,598.2000122070312,605.2000122070312,594.4000244140625,597.2000122070312,25105,0.0,0.0
2013-10-16 00:00:00-04:00,596.7999877929688,608.7999877929688,595.0,604.5999755859375,11460,0.0,0.0
2013-10-17 00:00:00-04:00,603.4000244140625,611.5999755859375,602.4000244140625,611.5999755859375,8005,0.0,0.0
2013-10-18 00:00:00-04:00,616.5999755859375,625.7999877929688,613.0,622.5999755859375,17345,0.0,0.0
2013-10-21 00:00:00-04:00,620.2000122070312,624.2000122070312,612.0,614.0,17990,0.0,0.0
2013-10-22 00:00:00-04:00,617.4000244140625,627.0,611.7999877929688,614.5999755859375,10940,0.0,0.0
2013-10-23 00:00:00-04:00,610.4000244140625,612.5999755859375,599.4000244140625,600.5999755859375,8630,0.0,0.0
2013-10-24 00:00:00-04:00,598.5999755859375,605.4000244140625,591.7999877929688,593.2000122070312,32305,0.0,0.0
2013-10-25 00:00:00-04:00,590.5999755859375,597.2000122070312,574.0,581.0,28795,0.0,0.0
2013-10-28 00:00:00-04:00,594.2000122070312,595.0,578.5999755859375,584.7999877929688,17015,0.0,0.0
2013-10-29 00:00:00-04:00,586.0,591.0,582.0,589.5999755859375,10060,0.0,0.0
2013-10-30 00:00:00-04:00,588.7999877929688,596.2000122070312,582.2000122070312,584.5999755859375,8145,0.0,0.0
2013-10-31 00:00:00-04:00,585.5999755859375,590.4000244140625,578.0,585.2000122070312,12485,0.0,0.0
2013-11-01 00:00:00-04:00,583.7999877929688,599.4000244140625,573.4000244140625,580.7999877929688,12170,0.0,0.0
2013-11-04 00:00:00-05:00,581.4000244140625,589.7999877929688,581.4000244140625,589.4000244140625,10590,0.0,0.0
2013-11-05 00:00:00-05:00,601.2000122070312,612.7999877929688,591.7999877929688,592.5999755859375,12860,0.0,0.0
2013-11-06 00:00:00-05:00,597.5999755859375,600.0,585.0,594.0,11535,0.0,0.0
2013-11-07 00:00:00-05:00,553.4000244140625,564.2000122070312,542.2000122070312,553.7999877929688,112470,0.0,0.0
2013-11-08 00:00:00-05:00,554.0,567.5999755859375,554.0,563.5999755859375,20610,0.0,0.0
2013-11-11 00:00:00-05:00,564.7999877929688,570.7999877929688,562.2000122070312,569.4000244140625,16820,0.0,0.0
2013-11-12 00:00:00-05:00,568.2000122070312,568.7999877929688,562.4000244140625,564.7999877929688,11310,0.0,0.0
2013-11-13 00:00:00-05:00,561.5999755859375,569.5999755859375,560.2000122070312,566.2000122070312,10210,0.0,0.0
2013-11-14 00:00:00-05:00,564.7999877929688,572.2000122070312,561.0,568.4000244140625,25365,0.0,0.0
2013-11-15 00:00:00-05:00,570.5999755859375,575.5999755859375,565.4000244140625,571.7999877929688,27765,0.0,0.0
2013-11-18 00:00:00-05:00,574.5999755859375,575.4000244140625,560.5999755859375,564.2000122070312,14825,0.0,0.0
2013-11-19 00:00:00-05:00,562.7999877929688,567.4000244140625,554.2000122070312,557.7999877929688,9075,0.0,0.0
2013-11-20 00:00:00-05:00,558.4000244140625,560.0,550.0,555.5999755859375,22800,0.0,0.0
2013-11-21 00:00:00-05:00,555.7999877929688,561.0,552.5999755859375,558.2000122070312,12230,0.0,0.0
2013-11-22 00:00:00-05:00,558.5999755859375,567.5999755859375,551.5999755859375,564.5999755859375,8510,0.0,0.0
2013-11-25 00:00:00-05:00,564.4000244140625,564.4000244140625,548.0,551.0,6360,0.0,0.0
2013-11-26 00:00:00-05:00,549.7999877929688,552.4000244140625,545.4000244140625,552.2000122070312,10260,0.0,0.0
2013-11-27 00:00:00-05:00,550.0,552.5999755859375,539.5999755859375,541.0,12960,0.0,0.0
2013-11-29 00:00:00-05:00,540.2000122070312,545.7999877929688,538.2000122070312,540.2000122070312,5820,0.0,0.0
2013-12-02 00:00:00-05:00,543.0,545.0,529.5999755859375,537.5999755859375,29735,0.0,0.0
2013-12-03 00:00:00-05:00,537.7999877929688,542.4000244140625,532.5999755859375,538.5999755859375,20895,0.0,0.0
2013-12-04 00:00:00-05:00,538.5999755859375,548.0,536.4000244140625,546.5999755859375,18350,0.0,0.0
2013-12-05 00:00:00-05:00,547.4000244140625,550.2000122070312,542.2000122070312,544.4000244140625,6660,0.0,0.0
2013-12-06 00:00:00-05:00,547.0,549.4000244140625,529.2000122070312,529.7999877929688,16560,0.0,0.0
2013-12-09 00:00:00-05:00,538.4000244140625,539.5999755859375,520.4000244140625,523.5999755859375,34060,0.0,0.0
2013-12-10 00:00:00-05:00,524.5999755859375,528.7999877929688,517.0,521.0,18305,0.0,0.0
2013-12-11 00:00:00-05:00,522.7999877929688,525.2000122070312,517.7999877929688,519.7999877929688,15580,0.0,0.0
2013-12-12 00:00:00-05:00,520.0,527.0,520.0,522.5999755859375,22600,0.0,0.0
2013-12-13 00:00:00-05:00,524.4000244140625,526.0,518.7999877929688,523.5999755859375,18905,0.0,0.0
2013-12-16 00:00:00-05:00,530.0,537.4000244140625,526.0,533.4000244140625,19420,0.0,0.0
2013-12-17 00:00:00-05:00,532.0,542.7999877929688,531.0,541.7999877929688,21830,0.0,0.0
2013-12-18 00:00:00-05:00,541.2000122070312,548.4000244140625,536.0,546.7999877929688,20510,0.0,0.0
2013-12-19 00:00:00-05:00,544.4000244140625,546.2000122070312,536.5999755859375,542.2000122070312,33455,0.0,0.0
2013-12-20 00:00:00-05:00,542.2000122070312,556.2000122070312,542.2000122070312,554.4000244140625,38570,0.0,0.0
2013-12-23 00:00:00-05:00,554.4000244140625,557.0,547.4000244140625,551.7999877929688,9310,0.0,0.0
2013-12-24 00:00:00-05:00,549.5999755859375,562.2000122070312,548.7999877929688,558.7999877929688,9325,0.0,0.0
2013-12-26 00:00:00-05:00,559.0,564.2000122070312,556.5999755859375,558.2000122070312,9585,0.0,0.0
2013-12-27 00:00:00-05:00,557.4000244140625,565.5999755859375,557.4000244140625,565.2000122070312,8985,0.0,0.0
2013-12-30 00:00:00-05:00,564.2000122070312,568.2000122070312,560.2000122070312,564.4000244140625,14210,0.0,0.0
2013-12-31 00:00:00-05:00,564.0,569.5999755859375,561.7999877929688,565.2000122070312,16185,0.0,0.0
2014-01-02 00:00:00-05:00,562.0,565.5999755859375,558.7999877929688,562.4000244140625,15670,0.0,0.0
2014-01-03 00:00:00-05:00,560.0,563.0,554.2000122070312,555.7999877929688,26360,0.0,0.0
2014-01-06 00:00:00-05:00,556.5999755859375,559.5999755859375,553.0,556.4000244140625,12040,0.0,0.0
2014-01-07 00:00:00-05:00,554.7999877929688,558.4000244140625,549.5999755859375,556.2000122070312,15180,0.0,0.0
2014-01-08 00:00:00-05:00,553.4000244140625,555.0,549.2000122070312,553.2000122070312,11740,0.0,0.0
2014-01-09 00:00:00-05:00,561.4000244140625,572.0,559.5999755859375,565.0,26145,0.0,0.0
2014-01-10 00:00:00-05:00,565.7999877929688,571.4000244140625,563.7999877929688,569.4000244140625,7775,0.0,0.0
2014-01-13 00:00:00-05:00,569.2000122070312,569.2000122070312,561.5999755859375,563.2000122070312,28535,0.0,0.0
2014-01-14 00:00:00-05:00,563.4000244140625,568.2000122070312,560.7999877929688,566.4000244140625,15225,0.0,0.0
2014-01-15 00:00:00-05:00,558.7999877929688,559.7999877929688,533.5999755859375,534.4000244140625,30590,0.0,0.0
2014-01-16 00:00:00-05:00,515.7999877929688,534.4000244140625,509.3999938964844,520.0,60520,0.0,0.0
2014-01-17 00:00:00-05:00,519.4000244140625,524.5999755859375,515.4000244140625,518.0,19460,0.0,0.0
2014-01-21 00:00:00-05:00,523.0,527.7999877929688,513.5999755859375,518.0,22335,0.0,0.0
2014-01-22 00:00:00-05:00,519.7999877929688,524.4000244140625,517.2000122070312,524.4000244140625,9005,0.0,0.0
2014-01-23 00:00:00-05:00,523.5999755859375,525.5999755859375,513.5999755859375,515.2000122070312,20980,0.0,0.0
2014-01-24 00:00:00-05:00,510.79998779296875,514.7999877929688,502.79998779296875,508.3999938964844,19270,0.0,0.0
2014-01-27 00:00:00-05:00,508.3999938964844,513.7999877929688,501.3999938964844,501.79998779296875,11890,0.0,0.0
2014-01-28 00:00:00-05:00,502.3999938964844,508.6000061035156,495.3999938964844,508.6000061035156,36845,0.0,0.0
2014-01-29 00:00:00-05:00,504.20001220703125,509.0,499.3999938964844,504.20001220703125,13085,0.0,0.0
2014-01-30 00:00:00-05:00,508.0,510.0,503.0,503.20001220703125,10400,0.0,0.0
2014-01-31 00:00:00-05:00,497.0,507.0,492.79998779296875,502.3999938964844,21100,0.0,0.0
2014-02-03 00:00:00-05:00,501.20001220703125,505.6000061035156,486.3999938964844,493.20001220703125,18045,0.0,0.0
2014-02-04 00:00:00-05:00,494.3999938964844,504.3999938964844,494.0,503.3999938964844,25100,0.0,0.0
2014-02-05 00:00:00-05:00,502.0,512.4000244140625,499.0,510.3999938964844,20050,0.0,0.0
2014-02-06 00:00:00-05:00,513.0,522.7999877929688,509.3999938964844,522.4000244140625,19175,0.0,0.0
2014-02-07 00:00:00-05:00,519.0,542.5999755859375,514.7999877929688,522.0,31860,0.0,0.0
2014-02-10 00:00:00-05:00,518.2000122070312,522.5999755859375,511.3999938964844,515.7999877929688,22700,0.0,0.0
2014-02-11 00:00:00-05:00,514.4000244140625,535.7999877929688,513.5999755859375,533.5999755859375,19130,0.0,0.0
2014-02-12 00:00:00-05:00,535.7999877929688,546.2000122070312,535.7999877929688,540.0,25205,0.0,0.0
2014-02-13 00:00:00-05:00,536.5999755859375,547.5999755859375,536.5999755859375,545.2000122070312,14700,0.0,0.0
2014-02-14 00:00:00-05:00,546.0,551.7999877929688,542.5999755859375,550.0,6330,0.0,0.0
2014-02-18 00:00:00-05:00,548.2000122070312,548.5999755859375,538.2000122070312,545.2000122070312,12220,0.0,0.0
2014-02-19 00:00:00-05:00,542.7999877929688,556.5999755859375,540.4000244140625,544.7999877929688,14365,0.0,0.0
2014-02-20 00:00:00-05:00,543.2000122070312,545.4000244140625,540.0,544.4000244140625,9195,0.0,0.0
2014-02-21 00:00:00-05:00,546.2000122070312,548.2000122070312,538.4000244140625,539.2000122070312,8085,0.0,0.0
2014-02-24 00:00:00-05:00,539.7999877929688,550.7999877929688,539.2000122070312,547.7999877929688,12795,0.0,0.0
2014-02-25 00:00:00-05:00,546.5999755859375,547.5999755859375,533.5999755859375,535.7999877929688,20415,0.0,0.0
2014-02-26 00:00:00-05:00,538.0,539.2000122070312,527.2000122070312,528.2000122070312,18020,0.0,0.0
2014-02-27 00:00:00-05:00,527.4000244140625,528.0,510.20001220703125,516.7999877929688,26025,0.0,0.0
2014-02-28 00:00:00-05:00,517.5999755859375,523.2000122070312,510.3999938964844,518.0,27800,0.0,0.0
2014-03-03 00:00:00-05:00,512.0,523.7999877929688,507.20001220703125,518.0,31915,0.0,0.0
2014-03-04 00:00:00-05:00,524.5999755859375,532.0,523.2000122070312,528.5999755859375,36030,0.0,0.0
2014-03-05 00:00:00-05:00,528.5999755859375,531.4000244140625,522.7999877929688,524.0,13905,0.0,0.0
2014-03-06 00:00:00-05:00,523.5999755859375,534.4000244140625,521.4000244140625,534.0,15970,0.0,0.0
2014-03-07 00:00:00-05:00,536.4000244140625,545.4000244140625,536.4000244140625,540.5999755859375,26390,0.0,0.0
2014-03-10 00:00:00-04:00,540.0,545.2000122070312,537.2000122070312,543.7999877929688,32390,0.0,0.0
2014-03-11 00:00:00-04:00,545.4000244140625,546.4000244140625,537.7999877929688,541.5999755859375,16715,0.0,0.0
2014-03-12 00:00:00-04:00,537.5999755859375,540.4000244140625,533.2000122070312,540.2000122070312,9605,0.0,0.0
2014-03-13 00:00:00-04:00,542.0,543.7999877929688,527.4000244140625,534.0,13795,0.0,0.0
2014-03-14 00:00:00-04:00,531.4000244140625,546.7999877929688,531.4000244140625,546.0,14210,0.0,0.0
2014-03-17 00:00:00-04:00,548.2000122070312,553.2000122070312,546.0,552.7999877929688,11405,0.0,0.0
2014-03-18 00:00:00-04:00,552.0,566.4000244140625,549.7999877929688,564.0,25890,0.0,0.0
2014-03-19 00:00:00-04:00,563.5999755859375,565.4000244140625,560.0,565.0,21110,0.0,0.0
2014-03-20 00:00:00-04:00,564.2000122070312,588.5999755859375,562.0,583.0,20365,0.0,0.0
2014-03-21 00:00:00-04:00,585.0,595.0,584.2000122070312,590.4000244140625,23125,0.0,0.0
2014-03-24 00:00:00-04:00,590.5999755859375,598.4000244140625,587.2000122070312,596.4000244140625,27025,0.0,0.0
2014-03-25 00:00:00-04:00,597.5999755859375,599.7999877929688,594.4000244140625,598.7999877929688,14645,0.0,0.0
2014-03-26 00:00:00-04:00,600.0,604.7999877929688,591.5999755859375,592.4000244140625,20890,0.0,0.0
2014-03-27 00:00:00-04:00,600.0,616.4000244140625,596.0,616.0,24035,0.0,0.0
2014-03-28 00:00:00-04:00,617.0,617.7999877929688,611.0,611.5999755859375,22570,0.0,0.0
2014-03-31 00:00:00-04:00,615.0,621.0,608.2000122070312,619.5999755859375,20590,0.0,0.0
2014-04-01 00:00:00-04:00,617.5999755859375,621.0,608.2000122070312,619.0,17075,0.0,0.0
2014-04-02 00:00:00-04:00,618.7999877929688,625.2000122070312,617.5999755859375,622.5999755859375,6500,0.0,0.0
2014-04-03 00:00:00-04:00,622.5999755859375,625.0,618.5999755859375,622.7999877929688,5425,0.0,0.0
2014-04-04 00:00:00-04:00,625.4000244140625,626.4000244140625,612.5999755859375,615.2000122070312,6905,0.0,0.0
2014-04-07 00:00:00-04:00,614.2000122070312,618.7999877929688,605.0,607.2000122070312,13360,0.0,0.0
2014-04-08 00:00:00-04:00,609.0,615.5999755859375,604.5999755859375,611.5999755859375,15560,0.0,0.0
2014-04-09 00:00:00-04:00,613.5999755859375,616.2000122070312,605.4000244140625,615.2000122070312,7560,0.0,0.0
2014-04-10 00:00:00-04:00,615.7999877929688,620.2000122070312,598.7999877929688,603.2000122070312,10935,0.0,0.0
2014-04-11 00:00:00-04:00,597.4000244140625,603.0,589.7999877929688,590.5999755859375,14005,0.0,0.0
2014-04-14 00:00:00-04:00,595.0,605.5999755859375,591.0,597.7999877929688,8285,0.0,0.0
2014-04-15 00:00:00-04:00,599.0,608.0,596.2000122070312,605.0,12655,0.0,0.0
2014-04-16 00:00:00-04:00,609.0,609.4000244140625,604.7999877929688,608.2000122070312,7810,0.0,0.0
2014-04-17 00:00:00-04:00,608.0,621.2000122070312,605.4000244140625,615.2000122070312,11375,0.0,0.0
2014-04-21 00:00:00-04:00,615.5999755859375,619.7999877929688,611.2000122070312,617.2000122070312,8310,0.0,0.0
2014-04-22 00:00:00-04:00,616.2000122070312,630.0,613.4000244140625,621.5999755859375,14655,0.0,0.0
2014-04-23 00:00:00-04:00,624.0,647.5999755859375,624.0,630.7999877929688,27110,0.0,0.0
2014-04-24 00:00:00-04:00,631.0,636.5999755859375,625.2000122070312,629.7999877929688,13325,0.0,0.0
2014-04-25 00:00:00-04:00,630.7999877929688,676.7999877929688,626.4000244140625,641.2000122070312,64450,0.0,0.0
2014-04-28 00:00:00-04:00,650.0,657.2000122070312,632.7999877929688,640.0,19535,0.0,0.0
2014-04-29 00:00:00-04:00,627.5999755859375,635.7999877929688,617.4000244140625,619.7999877929688,36175,0.0,0.0
2014-04-30 00:00:00-04:00,613.4000244140625,616.0,589.0,597.2000122070312,100175,0.0,0.0
2014-05-01 00:00:00-04:00,589.7999877929688,606.2000122070312,581.0,597.0,331105,0.0,0.0
2014-05-02 00:00:00-04:00,598.0,620.2000122070312,596.7999877929688,610.5999755859375,85865,0.0,0.0
2014-05-05 00:00:00-04:00,609.0,620.0,603.7999877929688,616.4000244140625,33270,0.0,0.0
2014-05-06 00:00:00-04:00,616.4000244140625,630.0,612.7999877929688,623.7999877929688,40060,0.0,0.0
2014-05-07 00:00:00-04:00,625.0,639.5999755859375,619.7999877929688,638.0,38820,0.0,0.0
2014-05-08 00:00:00-04:00,638.2000122070312,639.4000244140625,626.2000122070312,627.2000122070312,29825,0.0,0.0
2014-05-09 00:00:00-04:00,625.4000244140625,635.0,622.4000244140625,632.2000122070312,38725,0.0,0.0
2014-05-12 00:00:00-04:00,633.5999755859375,644.4000244140625,628.5999755859375,642.2000122070312,24935,0.0,0.0
2014-05-13 00:00:00-04:00,642.2000122070312,648.5999755859375,639.2000122070312,648.4000244140625,35670,0.0,0.0
2014-05-14 00:00:00-04:00,647.2000122070312,653.7999877929688,642.0,645.7999877929688,38500,0.0,0.0
2014-05-15 00:00:00-04:00,641.5999755859375,647.7999877929688,630.7999877929688,646.5999755859375,30420,0.0,0.0
2014-05-16 00:00:00-04:00,644.2000122070312,650.5999755859375,640.0,650.4000244140625,24065,0.0,0.0
2014-05-19 00:00:00-04:00,649.4000244140625,655.0,642.0,651.4000244140625,32195,0.0,0.0
2014-05-20 00:00:00-04:00,649.7999877929688,653.5999755859375,645.7999877929688,651.5999755859375,32575,0.0,0.0
2014-05-21 00:00:00-04:00,652.7999877929688,662.0,648.7999877929688,653.5999755859375,27460,0.0,0.0
2014-05-22 00:00:00-04:00,656.7999877929688,660.5999755859375,653.4000244140625,656.2000122070312,17730,0.0,0.0
2014-05-23 00:00:00-04:00,656.4000244140625,660.4000244140625,651.0,659.0,22630,0.0,0.0
2014-05-27 00:00:00-04:00,658.7999877929688,661.7999877929688,652.0,657.4000244140625,32030,0.0,0.0
2014-05-28 00:00:00-04:00,659.4000244140625,663.0,651.0,659.7999877929688,26270,0.0,0.0
2014-05-29 00:00:00-04:00,664.5999755859375,670.5999755859375,659.5999755859375,668.2000122070312,16310,0.0,0.0
2014-05-30 00:00:00-04:00,668.4000244140625,669.0,655.7999877929688,660.7999877929688,24290,0.0,0.0
2014-06-02 00:00:00-04:00,664.2000122070312,672.4000244140625,659.7999877929688,670.2000122070312,21150,0.0,0.0
2014-06-03 00:00:00-04:00,666.2000122070312,673.7999877929688,659.0,670.7999877929688,31110,0.0,0.0
2014-06-04 00:00:00-04:00,670.5999755859375,678.4000244140625,665.5999755859375,671.7999877929688,28760,0.0,0.0
2014-06-05 00:00:00-04:00,671.2000122070312,675.4000244140625,665.4000244140625,673.5999755859375,28845,0.0,0.0
2014-06-06 00:00:00-04:00,675.7999877929688,690.4000244140625,670.7999877929688,686.4000244140625,41980,0.0,0.0
2014-06-09 00:00:00-04:00,687.0,693.5999755859375,682.2000122070312,689.2000122070312,30905,0.0,0.0
2014-06-10 00:00:00-04:00,689.2000122070312,693.0,679.7999877929688,680.0,24840,0.0,0.0
2014-06-11 00:00:00-04:00,679.2000122070312,680.2000122070312,671.5999755859375,678.5999755859375,12990,0.0,0.0
2014-06-12 00:00:00-04:00,679.4000244140625,682.5999755859375,676.7999877929688,680.2000122070312,15905,0.0,0.0
2014-06-13 00:00:00-04:00,683.4000244140625,684.0,673.5999755859375,681.5999755859375,28235,0.0,0.0
2014-06-16 00:00:00-04:00,682.5999755859375,695.4000244140625,679.7999877929688,685.2000122070312,30110,0.0,0.0
2014-06-17 00:00:00-04:00,685.0,690.2000122070312,682.4000244140625,684.7999877929688,30860,0.0,0.0
2014-06-18 00:00:00-04:00,686.0,694.7999877929688,683.4000244140625,694.0,18225,0.0,0.0
2014-06-19 00:00:00-04:00,692.0,707.2000122070312,688.5999755859375,707.0,28360,0.0,0.0
2014-06-20 00:00:00-04:00,712.7999877929688,728.4000244140625,710.7999877929688,723.0,54355,0.0,0.0
2014-06-23 00:00:00-04:00,727.0,729.7999877929688,716.5999755859375,723.5999755859375,45740,0.0,0.0
2014-06-24 00:00:00-04:00,727.4000244140625,730.4000244140625,717.2000122070312,720.2000122070312,37815,0.0,0.0
2014-06-25 00:00:00-04:00,718.7999877929688,728.7999877929688,718.7999877929688,726.5999755859375,21210,0.0,0.0
2014-06-26 00:00:00-04:00,726.5999755859375,729.2000122070312,722.0,725.5999755859375,26725,0.0,0.0
2014-06-27 00:00:00-04:00,724.4000244140625,735.5999755859375,722.5999755859375,725.2000122070312,111295,0.0,0.0
2014-06-30 00:00:00-04:00,727.7999877929688,731.7999877929688,717.2000122070312,728.5999755859375,30295,0.0,0.0
2014-07-01 00:00:00-04:00,730.0,736.2000122070312,723.4000244140625,725.4000244140625,27430,0.0,0.0
2014-07-02 00:00:00-04:00,721.0,731.4000244140625,717.7999877929688,719.5999755859375,33440,0.0,0.0
2014-07-03 00:00:00-04:00,721.5999755859375,727.4000244140625,713.7999877929688,726.5999755859375,11050,0.0,0.0
2014-07-07 00:00:00-04:00,726.2000122070312,726.2000122070312,713.5999755859375,714.0,19575,0.0,0.0
2014-07-08 00:00:00-04:00,713.7999877929688,717.2000122070312,706.4000244140625,717.2000122070312,23015,0.0,0.0
2014-07-09 00:00:00-04:00,719.0,722.5999755859375,713.7999877929688,718.4000244140625,15210,0.0,0.0
2014-07-10 00:00:00-04:00,706.2000122070312,709.4000244140625,695.7999877929688,702.7999877929688,16205,0.0,0.0
2014-07-11 00:00:00-04:00,704.4000244140625,708.5999755859375,693.7999877929688,695.7999877929688,11245,0.0,0.0
2014-07-14 00:00:00-04:00,700.5999755859375,706.4000244140625,698.0,704.2000122070312,9540,0.0,0.0
2014-07-15 00:00:00-04:00,704.4000244140625,708.2000122070312,692.4000244140625,703.4000244140625,13160,0.0,0.0
2014-07-16 00:00:00-04:00,708.7999877929688,713.2000122070312,699.7999877929688,710.5999755859375,17285,0.0,0.0
2014-07-17 00:00:00-04:00,709.0,716.4000244140625,703.7999877929688,706.4000244140625,33780,0.0,0.0
2014-07-18 00:00:00-04:00,709.0,714.5999755859375,701.0,714.4000244140625,21220,0.0,0.0
2014-07-21 00:00:00-04:00,709.4000244140625,720.7999877929688,708.5999755859375,718.0,24360,0.0,0.0
2014-07-22 00:00:00-04:00,720.0,732.5999755859375,718.0,731.2000122070312,28945,0.0,0.0
2014-07-23 00:00:00-04:00,739.5999755859375,739.5999755859375,726.4000244140625,734.4000244140625,19290,0.0,0.0
2014-07-24 00:00:00-04:00,738.0,740.5999755859375,727.2000122070312,732.7999877929688,36280,0.0,0.0
2014-07-25 00:00:00-04:00,705.0,716.5999755859375,686.7999877929688,708.2000122070312,69695,0.0,0.0
2014-07-28 00:00:00-04:00,710.7999877929688,711.4000244140625,696.0,698.7999877929688,44905,0.0,0.0
2014-07-29 00:00:00-04:00,702.4000244140625,709.0,701.2000122070312,705.2000122070312,22630,0.0,0.0
2014-07-30 00:00:00-04:00,715.7999877929688,717.2000122070312,688.4000244140625,690.7999877929688,23550,0.0,0.0
2014-07-31 00:00:00-04:00,686.4000244140625,687.0,658.5999755859375,665.7999877929688,27265,0.0,0.0
2014-08-01 00:00:00-04:00,665.5999755859375,667.7999877929688,650.2000122070312,653.2000122070312,30500,0.0,0.0
2014-08-04 00:00:00-04:00,655.7999877929688,665.4000244140625,650.4000244140625,664.2000122070312,23420,0.0,0.0
2014-08-05 00:00:00-04:00,659.5999755859375,661.7999877929688,643.2000122070312,651.5999755859375,19640,0.0,0.0
2014-08-06 00:00:00-04:00,647.2000122070312,659.4000244140625,645.7999877929688,649.2000122070312,15415,0.0,0.0
2014-08-07 00:00:00-04:00,653.2000122070312,653.7999877929688,637.0,637.4000244140625,21410,0.0,0.0
2014-08-08 00:00:00-04:00,641.2000122070312,657.7999877929688,638.7999877929688,653.7999877929688,29175,0.0,0.0
2014-08-11 00:00:00-04:00,658.7999877929688,666.5999755859375,653.7999877929688,655.4000244140625,15250,0.0,0.0
2014-08-12 00:00:00-04:00,652.7999877929688,658.2000122070312,645.7999877929688,651.5999755859375,9790,0.0,0.0
2014-08-13 00:00:00-04:00,653.7999877929688,659.5999755859375,650.5999755859375,651.0,8125,0.0,0.0
2014-08-14 00:00:00-04:00,650.0,653.2000122070312,636.4000244140625,639.4000244140625,9300,0.0,0.0
2014-08-15 00:00:00-04:00,646.2000122070312,651.5999755859375,639.7999877929688,647.2000122070312,13645,0.0,0.0
2014-08-18 00:00:00-04:00,652.5999755859375,653.4000244140625,644.7999877929688,653.0,11370,0.0,0.0
2014-08-19 00:00:00-04:00,654.2000122070312,660.0,650.2000122070312,658.4000244140625,8710,0.0,0.0
2014-08-20 00:00:00-04:00,656.7999877929688,666.0,648.7999877929688,662.7999877929688,13965,0.0,0.0
2014-08-21 00:00:00-04:00,662.5999755859375,666.4000244140625,650.5999755859375,661.7999877929688,9780,0.0,0.0
2014-08-22 00:00:00-04:00,661.4000244140625,661.4000244140625,651.0,657.4000244140625,11415,0.0,0.0
2014-08-25 00:00:00-04:00,660.5999755859375,665.2000122070312,655.7999877929688,663.4000244140625,6685,0.0,0.0
2014-08-26 00:00:00-04:00,666.0,674.7999877929688,661.7999877929688,667.0,10705,0.0,0.0
2014-08-27 00:00:00-04:00,664.4000244140625,674.7999877929688,662.0,669.4000244140625,7480,0.0,0.0
2014-08-28 00:00:00-04:00,665.5999755859375,673.0,661.0,668.5999755859375,11730,0.0,0.0
2014-08-29 00:00:00-04:00,670.0,682.0,668.2000122070312,681.0,11015,0.0,0.0
2014-09-02 00:00:00-04:00,682.4000244140625,687.7999877929688,672.5999755859375,680.4000244140625,19195,0.0,0.0
2014-09-03 00:00:00-04:00,681.4000244140625,685.0,671.5999755859375,672.2000122070312,12970,0.0,0.0
2014-09-04 00:00:00-04:00,672.2000122070312,675.5999755859375,658.2000122070312,662.7999877929688,17320,0.0,0.0
2014-09-05 00:00:00-04:00,661.0,663.5999755859375,647.7999877929688,656.5999755859375,26535,0.0,0.0
2014-09-08 00:00:00-04:00,655.0,666.0,645.4000244140625,650.4000244140625,37020,0.0,0.0
2014-09-09 00:00:00-04:00,649.0,657.0,639.4000244140625,646.2000122070312,18625,0.0,0.0
2014-09-10 00:00:00-04:00,646.0,648.4000244140625,635.0,643.7999877929688,34520,0.0,0.0
2014-09-11 00:00:00-04:00,639.5999755859375,654.7999877929688,636.7999877929688,653.4000244140625,48080,0.0,0.0
2014-09-12 00:00:00-04:00,653.2000122070312,657.2000122070312,644.7999877929688,649.5999755859375,22300,0.0,0.0
2014-09-15 00:00:00-04:00,649.2000122070312,649.2000122070312,638.7999877929688,646.2000122070312,15660,0.0,0.0
2014-09-16 00:00:00-04:00,644.5999755859375,655.2000122070312,643.2000122070312,653.0,14420,0.0,0.0
2014-09-17 00:00:00-04:00,656.2000122070312,668.0,653.0,662.2000122070312,21705,0.0,0.0
2014-09-18 00:00:00-04:00,667.0,677.7999877929688,659.2000122070312,660.4000244140625,39840,0.0,0.0
2014-09-19 00:00:00-04:00,661.5999755859375,668.2000122070312,651.7999877929688,658.4000244140625,36975,0.0,0.0
2014-09-22 00:00:00-04:00,657.5999755859375,657.5999755859375,641.7999877929688,644.5999755859375,15515,0.0,0.0
2014-09-23 00:00:00-04:00,642.5999755859375,647.2000122070312,640.0,642.7999877929688,16080,0.0,0.0
2014-09-24 00:00:00-04:00,642.5999755859375,647.4000244140625,629.2000122070312,641.4000244140625,16155,0.0,0.0
2014-09-25 00:00:00-04:00,638.4000244140625,638.4000244140625,627.0,628.2000122070312,18535,0.0,0.0
2014-09-26 00:00:00-04:00,626.2000122070312,632.5999755859375,623.0,631.2000122070312,15100,0.0,0.0
2014-09-29 00:00:00-04:00,626.0,634.5999755859375,622.4000244140625,633.4000244140625,15670,0.0,0.0
2014-09-30 00:00:00-04:00,633.4000244140625,634.2000122070312,612.2000122070312,612.2000122070312,27740,0.0,0.0
2014-10-01 00:00:00-04:00,612.2000122070312,615.2000122070312,595.5999755859375,595.7999877929688,29875,0.0,0.0
2014-10-02 00:00:00-04:00,594.2000122070312,594.5999755859375,571.0,584.7999877929688,30840,0.0,0.0
2014-10-03 00:00:00-04:00,586.2000122070312,590.0,576.7999877929688,583.7999877929688,15420,0.0,0.0
2014-10-06 00:00:00-04:00,584.7999877929688,592.5999755859375,581.0,584.2000122070312,10760,0.0,0.0
2014-10-07 00:00:00-04:00,579.4000244140625,587.5999755859375,575.0,576.4000244140625,21130,0.0,0.0
2014-10-08 00:00:00-04:00,575.0,585.0,565.2000122070312,584.4000244140625,34755,0.0,0.0
2014-10-09 00:00:00-04:00,580.7999877929688,583.5999755859375,561.7999877929688,570.0,26905,0.0,0.0
2014-10-10 00:00:00-04:00,566.7999877929688,570.2000122070312,551.5999755859375,553.2000122070312,17170,0.0,0.0
2014-10-13 00:00:00-04:00,552.4000244140625,559.2000122070312,505.79998779296875,506.79998779296875,59805,0.0,0.0
2014-10-14 00:00:00-04:00,510.79998779296875,511.20001220703125,466.3999938964844,471.6000061035156,96720,0.0,0.0
2014-10-15 00:00:00-04:00,465.3999938964844,491.79998779296875,454.3999938964844,487.20001220703125,70550,0.0,0.0
2014-10-16 00:00:00-04:00,473.79998779296875,500.3999938964844,472.0,495.0,43820,0.0,0.0
2014-10-17 00:00:00-04:00,502.20001220703125,518.2000122070312,488.6000061035156,495.20001220703125,38595,0.0,0.0
2014-10-20 00:00:00-04:00,495.3999938964844,509.6000061035156,491.0,509.0,19340,0.0,0.0
2014-10-21 00:00:00-04:00,513.4000244140625,521.7999877929688,511.20001220703125,518.5999755859375,14905,0.0,0.0
2014-10-22 00:00:00-04:00,521.0,528.4000244140625,510.0,510.20001220703125,21990,0.0,0.0
2014-10-23 00:00:00-04:00,519.0,534.4000244140625,514.5999755859375,522.4000244140625,43450,0.0,0.0
2014-10-24 00:00:00-04:00,584.0,595.2000122070312,521.5999755859375,547.5999755859375,55530,0.0,0.0
2014-10-27 00:00:00-04:00,537.7999877929688,537.7999877929688,523.0,526.7999877929688,58860,0.0,0.0
2014-10-28 00:00:00-04:00,521.0,540.2000122070312,519.2000122070312,540.0,49225,0.0,0.0
2014-10-29 00:00:00-04:00,543.4000244140625,550.4000244140625,538.4000244140625,546.2000122070312,29985,0.0,0.0
2014-10-30 00:00:00-04:00,542.0,553.2000122070312,539.2000122070312,543.0,26355,0.0,0.0
2014-10-31 00:00:00-04:00,560.5999755859375,567.4000244140625,539.7999877929688,546.0,47845,0.0,0.0
2014-11-03 00:00:00-05:00,545.7999877929688,563.0,539.7999877929688,544.5999755859375,35985,0.0,0.0
2014-11-04 00:00:00-05:00,538.7999877929688,541.0,516.5999755859375,516.7999877929688,49330,0.0,0.0
2014-11-05 00:00:00-05:00,520.4000244140625,535.2000122070312,520.4000244140625,525.0,58615,0.0,0.0
2014-11-06 00:00:00-05:00,523.0,531.7999877929688,519.2000122070312,525.7999877929688,113415,0.0,0.0
2014-11-07 00:00:00-05:00,525.5999755859375,554.2000122070312,525.5999755859375,554.0,189840,0.0,0.0
2014-11-10 00:00:00-05:00,561.2000122070312,569.0,547.2000122070312,554.5999755859375,29900,0.0,0.0
2014-11-11 00:00:00-05:00,556.4000244140625,556.7999877929688,542.0,550.7999877929688,27480,0.0,0.0
2014-11-12 00:00:00-05:00,546.5999755859375,554.0,542.7999877929688,543.7999877929688,25955,0.0,0.0
2014-11-13 00:00:00-05:00,540.4000244140625,542.0,525.2000122070312,533.2000122070312,49785,0.0,0.0
2014-11-14 00:00:00-05:00,538.0,547.7999877929688,535.7999877929688,543.2000122070312,30660,0.0,0.0
2014-11-17 00:00:00-05:00,541.0,545.0,535.7999877929688,539.2000122070312,33065,0.0,0.0
2014-11-18 00:00:00-05:00,542.7999877929688,554.5999755859375,541.4000244140625,543.4000244140625,49095,0.0,0.0
2014-11-19 00:00:00-05:00,539.4000244140625,544.7999877929688,532.7999877929688,536.4000244140625,28285,0.0,0.0
2014-11-20 00:00:00-05:00,535.2000122070312,547.0,535.2000122070312,542.5999755859375,23615,0.0,0.0
2014-11-21 00:00:00-05:00,552.5999755859375,557.7999877929688,539.7999877929688,546.5999755859375,34010,0.0,0.0
2014-11-24 00:00:00-05:00,545.4000244140625,552.7999877929688,539.7999877929688,543.7999877929688,18215,0.0,0.0
2014-11-25 00:00:00-05:00,546.7999877929688,549.4000244140625,533.0,536.4000244140625,29985,0.0,0.0
2014-11-26 00:00:00-05:00,534.7999877929688,539.4000244140625,524.2000122070312,529.4000244140625,29775,0.0,0.0
2014-11-28 00:00:00-05:00,508.79998779296875,508.79998779296875,475.20001220703125,480.20001220703125,32295,0.0,0.0
2014-12-01 00:00:00-05:00,485.20001220703125,485.20001220703125,453.79998779296875,461.0,49560,0.0,0.0
2014-12-02 00:00:00-05:00,458.79998779296875,467.20001220703125,451.79998779296875,457.3999938964844,40545,0.0,0.0
2014-12-03 00:00:00-05:00,461.0,462.20001220703125,449.6000061035156,455.20001220703125,48295,0.0,0.0
2014-12-04 00:00:00-05:00,451.79998779296875,456.79998779296875,439.0,440.20001220703125,41330,0.0,0.0
2014-12-05 00:00:00-05:00,435.79998779296875,437.3999938964844,415.6000061035156,422.0,109765,0.0,0.0
2014-12-08 00:00:00-05:00,417.3999938964844,420.20001220703125,379.79998779296875,384.6000061035156,65905,0.0,0.0
2014-12-09 00:00:00-05:00,380.79998779296875,400.79998779296875,380.79998779296875,398.79998779296875,35260,0.0,0.0
2014-12-10 00:00:00-05:00,384.79998779296875,389.6000061035156,371.6000061035156,377.20001220703125,43315,0.0,0.0
2014-12-11 00:00:00-05:00,375.20001220703125,387.79998779296875,371.0,372.6000061035156,29765,0.0,0.0
2014-12-12 00:00:00-05:00,364.0,372.20001220703125,355.79998779296875,356.3999938964844,48065,0.0,0.0
2014-12-15 00:00:00-05:00,358.6000061035156,363.20001220703125,342.20001220703125,344.20001220703125,62755,0.0,0.0
2014-12-16 00:00:00-05:00,337.79998779296875,367.3999938964844,337.0,359.79998779296875,104140,0.0,0.0
2014-12-17 00:00:00-05:00,353.20001220703125,391.0,352.6000061035156,387.20001220703125,60905,0.0,0.0
2014-12-18 00:00:00-05:00,400.79998779296875,409.6000061035156,392.3999938964844,402.79998779296875,52905,0.0,0.0
2014-12-19 00:00:00-05:00,405.0,427.0,400.0,425.3999938964844,52745,0.0,0.0
2014-12-22 00:00:00-05:00,420.3999938964844,424.20001220703125,406.6000061035156,416.6000061035156,39045,0.0,0.0
2014-12-23 00:00:00-05:00,417.3999938964844,421.0,414.20001220703125,417.6000061035156,30900,0.0,0.0
2014-12-24 00:00:00-05:00,412.6000061035156,431.20001220703125,406.3999938964844,426.0,26640,0.0,0.0
2014-12-26 00:00:00-05:00,429.6000061035156,434.6000061035156,422.0,426.79998779296875,31535,0.0,0.0
2014-12-29 00:00:00-05:00,427.0,438.0,424.79998779296875,428.6000061035156,36530,0.0,0.0
2014-12-30 00:00:00-05:00,423.3999938964844,427.6000061035156,418.0,420.6000061035156,34155,0.0,0.0
2014-12-31 00:00:00-05:00,419.3999938964844,422.6000061035156,407.79998779296875,414.6000061035156,36745,0.0,0.0
2015-01-02 00:00:00-05:00,412.0,427.3999938964844,407.20001220703125,419.0,27960,0.0,0.0
2015-01-05 00:00:00-05:00,403.20001220703125,406.0,371.6000061035156,380.20001220703125,46930,0.0,0.0
2015-01-06 00:00:00-05:00,379.20001220703125,379.6000061035156,353.6000061035156,365.0,49725,0.0,0.0
2015-01-07 00:00:00-05:00,369.20001220703125,376.20001220703125,353.0,359.6000061035156,51065,0.0,0.0
2015-01-08 00:00:00-05:00,356.3999938964844,361.6000061035156,344.6000061035156,349.20001220703125,71905,0.0,0.0
2015-01-09 00:00:00-05:00,347.20001220703125,353.6000061035156,334.3999938964844,335.3999938964844,74230,0.0,0.0
2015-01-12 00:00:00-05:00,331.79998779296875,334.0,321.20001220703125,332.3999938964844,43735,0.0,0.0
2015-01-13 00:00:00-05:00,335.3999938964844,345.0,330.3999938964844,337.3999938964844,45875,0.0,0.0
2015-01-14 00:00:00-05:00,331.6000061035156,339.79998779296875,324.79998779296875,333.6000061035156,57360,0.0,0.0
2015-01-15 00:00:00-05:00,339.3999938964844,342.6000061035156,325.79998779296875,326.0,61660,0.0,0.0
2015-01-16 00:00:00-05:00,327.3999938964844,337.0,327.3999938964844,330.0,50765,0.0,0.0
2015-01-20 00:00:00-05:00,329.3999938964844,330.79998779296875,315.79998779296875,316.6000061035156,46960,0.0,0.0
2015-01-21 00:00:00-05:00,315.79998779296875,334.79998779296875,315.20001220703125,331.0,84145,0.0,0.0
2015-01-22 00:00:00-05:00,335.0,336.0,327.6000061035156,334.3999938964844,36560,0.0,0.0
2015-01-23 00:00:00-05:00,332.3999938964844,342.3999938964844,330.3999938964844,333.79998779296875,43700,0.0,0.0
2015-01-26 00:00:00-05:00,335.20001220703125,341.6000061035156,333.0,336.0,30140,0.0,0.0
2015-01-27 00:00:00-05:00,332.0,338.0,326.6000061035156,333.20001220703125,21545,0.0,0.0
2015-01-28 00:00:00-05:00,334.0,334.0,311.20001220703125,313.79998779296875,37740,0.0,0.0
2015-01-29 00:00:00-05:00,316.6000061035156,318.0,299.20001220703125,306.20001220703125,47615,0.0,0.0
2015-01-30 00:00:00-05:00,305.0,316.20001220703125,301.20001220703125,309.0,67625,0.0,0.0
2015-02-02 00:00:00-05:00,308.79998779296875,326.79998779296875,308.79998779296875,324.3999938964844,46710,0.0,0.0
2015-02-03 00:00:00-05:00,332.79998779296875,349.79998779296875,330.6000061035156,338.79998779296875,71685,0.0,0.0
2015-02-04 00:00:00-05:00,333.3999938964844,339.20001220703125,327.20001220703125,337.6000061035156,36670,0.0,0.0
2015-02-05 00:00:00-05:00,342.79998779296875,355.6000061035156,341.79998779296875,348.20001220703125,46435,0.0,0.0
2015-02-06 00:00:00-05:00,351.3999938964844,360.6000061035156,348.0,350.6000061035156,43855,0.0,0.0
2015-02-09 00:00:00-05:00,352.0,356.79998779296875,346.6000061035156,349.79998779296875,44080,0.0,0.0
2015-02-10 00:00:00-05:00,350.3999938964844,350.3999938964844,331.79998779296875,339.20001220703125,38775,0.0,0.0
2015-02-11 00:00:00-05:00,335.0,336.6000061035156,324.0,331.20001220703125,36310,0.0,0.0
2015-02-12 00:00:00-05:00,330.0,347.20001220703125,320.20001220703125,321.79998779296875,73360,0.0,0.0
2015-02-13 00:00:00-05:00,325.79998779296875,375.20001220703125,323.20001220703125,374.0,120250,0.0,0.0
2015-02-17 00:00:00-05:00,371.20001220703125,379.0,352.20001220703125,378.0,95455,0.0,0.0
2015-02-18 00:00:00-05:00,373.20001220703125,389.6000061035156,367.20001220703125,378.79998779296875,95580,0.0,0.0
2015-02-19 00:00:00-05:00,371.79998779296875,399.79998779296875,368.20001220703125,385.79998779296875,72235,0.0,0.0
2015-02-20 00:00:00-05:00,384.0,387.79998779296875,370.79998779296875,373.6000061035156,41175,0.0,0.0
2015-02-23 00:00:00-05:00,369.79998779296875,377.3999938964844,358.79998779296875,371.79998779296875,34835,0.0,0.0
2015-02-24 00:00:00-05:00,374.6000061035156,392.3999938964844,372.6000061035156,385.0,60280,0.0,0.0
2015-02-25 00:00:00-05:00,386.0,386.6000061035156,371.0,381.0,35535,0.0,0.0
2015-02-26 00:00:00-05:00,378.0,391.20001220703125,375.6000061035156,390.79998779296875,67735,0.0,0.0
2015-02-27 00:00:00-05:00,392.3999938964844,402.0,389.20001220703125,390.6000061035156,42730,0.0,0.0
2015-03-02 00:00:00-05:00,378.3999938964844,388.6000061035156,371.79998779296875,387.79998779296875,69420,0.0,0.0
2015-03-03 00:00:00-05:00,387.79998779296875,393.20001220703125,384.0,387.3999938964844,29325,0.0,0.0
2015-03-04 00:00:00-05:00,387.79998779296875,397.0,382.6000061035156,394.20001220703125,26475,0.0,0.0
2015-03-05 00:00:00-05:00,393.79998779296875,396.20001220703125,378.20001220703125,384.6000061035156,21335,0.0,0.0
2015-03-06 00:00:00-05:00,379.20001220703125,385.3999938964844,375.6000061035156,379.20001220703125,23695,0.0,0.0
2015-03-09 00:00:00-04:00,379.20001220703125,380.6000061035156,365.6000061035156,372.6000061035156,19070,0.0,0.0
2015-03-10 00:00:00-04:00,366.3999938964844,370.0,358.6000061035156,361.6000061035156,24910,0.0,0.0
2015-03-11 00:00:00-04:00,362.3999938964844,377.6000061035156,356.79998779296875,377.20001220703125,32795,0.0,0.0
2015-03-12 00:00:00-04:00,379.20001220703125,382.3999938964844,368.6000061035156,376.6000061035156,28495,0.0,0.0
2015-03-13 00:00:00-04:00,374.6000061035156,376.0,362.0,370.79998779296875,30740,0.0,0.0
2015-03-16 00:00:00-04:00,370.79998779296875,377.20001220703125,361.0,370.0,64475,0.0,0.0
2015-03-17 00:00:00-04:00,365.3999938964844,377.79998779296875,360.0,369.79998779296875,38455,0.0,0.0
2015-03-18 00:00:00-04:00,365.20001220703125,389.6000061035156,359.79998779296875,385.6000061035156,38410,0.0,0.0
2015-03-19 00:00:00-04:00,379.0,381.20001220703125,372.6000061035156,377.3999938964844,45890,0.0,0.0
2015-03-20 00:00:00-04:00,385.0,388.20001220703125,378.6000061035156,385.6000061035156,33720,0.0,0.0
2015-03-23 00:00:00-04:00,384.6000061035156,394.6000061035156,384.0,386.6000061035156,32190,0.0,0.0
2015-03-24 00:00:00-04:00,387.20001220703125,398.3999938964844,379.79998779296875,396.79998779296875,27930,0.0,0.0
2015-03-25 00:00:00-04:00,400.3999938964844,405.3999938964844,393.3999938964844,397.20001220703125,18690,0.0,0.0
2015-03-26 00:00:00-04:00,404.0,407.79998779296875,389.3999938964844,398.6000061035156,37350,0.0,0.0
2015-03-27 00:00:00-04:00,395.79998779296875,398.0,377.79998779296875,394.79998779296875,55560,0.0,0.0
2015-03-30 00:00:00-04:00,395.0,406.79998779296875,393.6000061035156,403.0,32175,0.0,0.0
2015-03-31 00:00:00-04:00,397.6000061035156,402.0,388.6000061035156,392.0,31610,0.0,0.0
2015-04-01 00:00:00-04:00,394.79998779296875,404.79998779296875,391.0,397.3999938964844,37970,0.0,0.0
2015-04-02 00:00:00-04:00,387.3999938964844,402.0,383.3999938964844,392.3999938964844,47645,0.0,0.0
2015-04-06 00:00:00-04:00,394.20001220703125,410.0,391.6000061035156,403.3999938964844,49960,0.0,0.0
2015-04-07 00:00:00-04:00,400.20001220703125,414.0,399.79998779296875,407.79998779296875,67185,0.0,0.0
2015-04-08 00:00:00-04:00,406.79998779296875,414.3999938964844,401.79998779296875,410.79998779296875,43415,0.0,0.0
2015-04-09 00:00:00-04:00,410.79998779296875,437.79998779296875,410.20001220703125,437.20001220703125,68010,0.0,0.0
2015-04-10 00:00:00-04:00,434.3999938964844,446.6000061035156,428.20001220703125,444.79998779296875,62085,0.0,0.0
2015-04-13 00:00:00-04:00,433.20001220703125,435.20001220703125,421.20001220703125,426.0,51335,0.0,0.0
2015-04-14 00:00:00-04:00,429.3999938964844,443.6000061035156,428.3999938964844,439.3999938964844,33685,0.0,0.0
2015-04-15 00:00:00-04:00,445.79998779296875,469.3999938964844,440.79998779296875,461.79998779296875,65240,0.0,0.0
2015-04-16 00:00:00-04:00,459.20001220703125,460.0,443.0,443.6000061035156,47880,0.0,0.0
2015-04-17 00:00:00-04:00,439.0,439.0,421.79998779296875,427.3999938964844,72745,0.0,0.0
2015-04-20 00:00:00-04:00,428.0,434.6000061035156,424.0,426.0,53015,0.0,0.0
2015-04-21 00:00:00-04:00,426.20001220703125,427.3999938964844,413.79998779296875,418.20001220703125,45685,0.0,0.0
2015-04-22 00:00:00-04:00,420.3999938964844,433.3999938964844,413.3999938964844,433.0,37725,0.0,0.0
2015-04-23 00:00:00-04:00,435.6000061035156,450.0,435.6000061035156,441.79998779296875,75490,0.0,0.0
2015-04-24 00:00:00-04:00,412.20001220703125,462.20001220703125,408.3999938964844,461.6000061035156,91920,0.0,0.0
2015-04-27 00:00:00-04:00,469.20001220703125,487.20001220703125,460.20001220703125,460.79998779296875,92200,0.0,0.0
2015-04-28 00:00:00-04:00,458.20001220703125,469.0,442.6000061035156,458.6000061035156,54465,0.0,0.0
2015-04-29 00:00:00-04:00,457.6000061035156,469.6000061035156,451.3999938964844,462.6000061035156,39730,0.0,0.0
2015-04-30 00:00:00-04:00,464.0,468.20001220703125,453.6000061035156,465.20001220703125,74635,0.0,0.0
2015-05-01 00:00:00-04:00,468.79998779296875,469.20001220703125,443.3999938964844,457.0,31070,0.0,0.0
2015-05-04 00:00:00-04:00,459.3999938964844,460.20001220703125,446.79998779296875,447.79998779296875,31425,0.0,0.0
2015-05-05 00:00:00-04:00,454.20001220703125,460.6000061035156,441.79998779296875,442.6000061035156,54880,0.0,0.0
2015-05-06 00:00:00-04:00,448.6000061035156,452.0,430.20001220703125,431.79998779296875,59600,0.0,0.0
2015-05-07 00:00:00-04:00,431.6000061035156,434.20001220703125,417.6000061035156,430.6000061035156,43550,0.0,0.0
2015-05-08 00:00:00-04:00,436.79998779296875,437.6000061035156,419.79998779296875,430.0,35270,0.0,0.0
2015-05-11 00:00:00-04:00,432.0,432.3999938964844,415.6000061035156,423.20001220703125,52880,0.0,0.0
2015-05-12 00:00:00-04:00,423.20001220703125,436.6000061035156,420.0,432.6000061035156,31655,0.0,0.0
2015-05-13 00:00:00-04:00,437.20001220703125,437.79998779296875,424.20001220703125,430.3999938964844,48590,0.0,0.0
2015-05-14 00:00:00-04:00,434.20001220703125,440.79998779296875,429.20001220703125,431.0,42895,0.0,0.0
2015-05-15 00:00:00-04:00,428.3999938964844,443.3999938964844,420.3999938964844,440.6000061035156,47010,0.0,0.0
2015-05-18 00:00:00-04:00,439.79998779296875,442.0,430.6000061035156,440.0,32385,0.0,0.0
2015-05-19 00:00:00-04:00,433.0,433.20001220703125,410.3999938964844,413.6000061035156,60705,0.0,0.0
2015-05-20 00:00:00-04:00,415.3999938964844,429.0,407.0,425.6000061035156,37595,0.0,0.0
2015-05-21 00:00:00-04:00,427.6000061035156,444.79998779296875,427.6000061035156,435.79998779296875,36095,0.0,0.0
2015-05-22 00:00:00-04:00,430.20001220703125,435.3999938964844,421.3999938964844,428.3999938964844,28030,0.0,0.0
2015-05-26 00:00:00-04:00,423.20001220703125,423.20001220703125,408.20001220703125,416.79998779296875,34605,0.0,0.0
2015-05-27 00:00:00-04:00,415.3999938964844,422.6000061035156,410.0,420.0,41405,0.0,0.0
2015-05-28 00:00:00-04:00,418.20001220703125,420.3999938964844,401.79998779296875,408.3999938964844,34510,0.0,0.0
2015-05-29 00:00:00-04:00,408.79998779296875,422.20001220703125,405.3999938964844,414.79998779296875,53475,0.0,0.0
2015-06-01 00:00:00-04:00,414.20001220703125,414.20001220703125,402.0,410.20001220703125,31935,0.0,0.0
2015-06-02 00:00:00-04:00,412.6000061035156,425.79998779296875,412.6000061035156,415.20001220703125,21890,0.0,0.0
2015-06-03 00:00:00-04:00,413.79998779296875,424.6000061035156,410.20001220703125,412.0,23730,0.0,0.0
2015-06-04 00:00:00-04:00,409.3999938964844,409.3999938964844,398.0,403.0,47435,0.0,0.0
2015-06-05 00:00:00-04:00,400.3999938964844,421.6000061035156,396.3999938964844,419.79998779296875,45755,0.0,0.0
2015-06-08 00:00:00-04:00,417.6000061035156,425.3999938964844,410.20001220703125,412.79998779296875,12665,0.0,0.0
2015-06-09 00:00:00-04:00,417.6000061035156,422.6000061035156,413.3999938964844,416.6000061035156,14450,0.0,0.0
2015-06-10 00:00:00-04:00,424.20001220703125,435.3999938964844,420.3999938964844,435.20001220703125,27620,0.0,0.0
2015-06-11 00:00:00-04:00,436.3999938964844,437.6000061035156,431.3999938964844,434.0,35520,0.0,0.0
2015-06-12 00:00:00-04:00,430.20001220703125,432.3999938964844,425.6000061035156,430.0,26480,0.0,0.0
2015-06-15 00:00:00-04:00,425.79998779296875,437.20001220703125,422.79998779296875,435.20001220703125,42890,0.0,0.0
2015-06-16 00:00:00-04:00,435.20001220703125,439.20001220703125,432.6000061035156,438.6000061035156,24330,0.0,0.0
2015-06-17 00:00:00-04:00,443.0,449.20001220703125,438.20001220703125,438.6000061035156,24535,0.0,0.0
2015-06-18 00:00:00-04:00,441.0,441.0,430.3999938964844,432.79998779296875,47555,0.0,0.0
2015-06-19 00:00:00-04:00,434.20001220703125,434.79998779296875,428.3999938964844,429.6000061035156,50425,0.0,0.0
2015-06-22 00:00:00-04:00,430.6000061035156,439.6000061035156,426.3999938964844,437.3999938964844,22100,0.0,0.0
2015-06-23 00:00:00-04:00,434.6000061035156,441.0,433.79998779296875,440.6000061035156,18625,0.0,0.0
2015-06-24 00:00:00-04:00,438.6000061035156,442.0,433.0,435.0,33535,0.0,0.0
2015-06-25 00:00:00-04:00,435.0,436.0,417.79998779296875,419.20001220703125,42645,0.0,0.0
2015-06-26 00:00:00-04:00,418.0,419.20001220703125,408.3999938964844,411.0,77910,0.0,0.0
2015-06-29 00:00:00-04:00,404.0,408.3999938964844,399.3999938964844,400.20001220703125,49230,0.0,0.0
2015-06-30 00:00:00-04:00,405.20001220703125,407.0,400.0,405.6000061035156,36455,0.0,0.0
2015-07-01 00:00:00-04:00,405.79998779296875,407.6000061035156,381.3999938964844,386.0,39845,0.0,0.0
2015-07-02 00:00:00-04:00,388.79998779296875,393.6000061035156,385.6000061035156,386.0,35995,0.0,0.0
2015-07-06 00:00:00-04:00,379.79998779296875,386.20001220703125,375.20001220703125,379.79998779296875,61605,0.0,0.0
2015-07-07 00:00:00-04:00,376.20001220703125,384.3999938964844,360.0,381.6000061035156,26360,0.0,0.0
2015-07-08 00:00:00-04:00,378.3999938964844,382.20001220703125,366.20001220703125,367.0,22605,0.0,0.0
2015-07-09 00:00:00-04:00,372.6000061035156,373.0,361.3999938964844,367.20001220703125,72400,0.0,0.0
2015-07-10 00:00:00-04:00,374.3999938964844,379.3999938964844,367.0,370.0,40335,0.0,0.0
2015-07-13 00:00:00-04:00,368.79998779296875,380.6000061035156,365.79998779296875,376.79998779296875,36625,0.0,0.0
2015-07-14 00:00:00-04:00,376.3999938964844,387.3999938964844,376.0,384.79998779296875,31940,0.0,0.0
2015-07-15 00:00:00-04:00,381.79998779296875,383.79998779296875,362.3999938964844,363.20001220703125,60640,0.0,0.0
2015-07-16 00:00:00-04:00,366.6000061035156,371.20001220703125,348.6000061035156,348.79998779296875,62650,0.0,0.0
2015-07-17 00:00:00-04:00,348.79998779296875,350.79998779296875,336.0,339.3999938964844,57150,0.0,0.0
2015-07-20 00:00:00-04:00,341.20001220703125,345.3999938964844,336.0,342.20001220703125,68505,0.0,0.0
2015-07-21 00:00:00-04:00,347.0,356.3999938964844,336.79998779296875,341.6000061035156,110270,0.0,0.0
2015-07-22 00:00:00-04:00,338.3999938964844,340.3999938964844,322.79998779296875,327.6000061035156,84175,0.0,0.0
2015-07-23 00:00:00-04:00,329.3999938964844,339.79998779296875,319.79998779296875,338.0,77225,0.0,0.0
2015-07-24 00:00:00-04:00,318.20001220703125,318.6000061035156,290.0,297.0,294120,0.0,0.0
2015-07-27 00:00:00-04:00,290.6000061035156,292.0,277.0,278.79998779296875,86200,0.0,0.0
2015-07-28 00:00:00-04:00,280.0,297.20001220703125,273.6000061035156,296.20001220703125,93460,0.0,0.0
2015-07-29 00:00:00-04:00,297.3999938964844,313.3999938964844,292.6000061035156,300.0,88865,0.0,0.0
2015-07-30 00:00:00-04:00,300.0,317.3999938964844,295.6000061035156,304.3999938964844,80190,0.0,0.0
2015-07-31 00:00:00-04:00,302.79998779296875,309.20001220703125,302.0,305.6000061035156,68185,0.0,0.0
2015-08-03 00:00:00-04:00,302.20001220703125,311.3999938964844,296.20001220703125,299.6000061035156,70060,0.0,0.0
2015-08-04 00:00:00-04:00,302.79998779296875,306.6000061035156,289.3999938964844,289.79998779296875,60300,0.0,0.0
2015-08-05 00:00:00-04:00,293.0,304.79998779296875,287.3999938964844,289.79998779296875,44385,0.0,0.0
2015-08-06 00:00:00-04:00,287.6000061035156,304.6000061035156,282.0,300.79998779296875,55920,0.0,0.0
2015-08-07 00:00:00-04:00,298.20001220703125,310.0,290.3999938964844,291.6000061035156,56325,0.0,0.0
2015-08-10 00:00:00-04:00,292.0,316.6000061035156,290.20001220703125,315.3999938964844,76830,0.0,0.0
2015-08-11 00:00:00-04:00,306.3999938964844,312.79998779296875,304.20001220703125,311.0,35170,0.0,0.0
2015-08-12 00:00:00-04:00,309.0,321.6000061035156,306.0,315.20001220703125,42390,0.0,0.0
2015-08-13 00:00:00-04:00,310.79998779296875,315.0,297.0,299.6000061035156,42250,0.0,0.0
2015-08-14 00:00:00-04:00,298.20001220703125,306.3999938964844,297.3999938964844,300.20001220703125,43795,0.0,0.0
2015-08-17 00:00:00-04:00,297.6000061035156,305.3999938964844,295.0,304.0,43765,0.0,0.0
2015-08-18 00:00:00-04:00,302.3999938964844,304.6000061035156,296.3999938964844,303.79998779296875,56530,0.0,0.0
2015-08-19 00:00:00-04:00,300.3999938964844,303.20001220703125,291.3999938964844,293.3999938964844,55780,0.0,0.0
2015-08-20 00:00:00-04:00,292.3999938964844,299.20001220703125,277.6000061035156,279.3999938964844,55170,0.0,0.0
2015-08-21 00:00:00-04:00,272.79998779296875,282.79998779296875,266.3999938964844,267.6000061035156,86375,0.0,0.0
2015-08-24 00:00:00-04:00,234.0,265.3999938964844,166.8000030517578,253.8000030517578,104055,0.0,0.0
2015-08-25 00:00:00-04:00,255.0,263.3999938964844,246.60000610351562,248.0,61320,0.0,0.0
2015-08-26 00:00:00-04:00,256.0,261.6000061035156,247.60000610351562,256.6000061035156,85170,0.0,0.0
2015-08-27 00:00:00-04:00,264.0,281.6000061035156,260.6000061035156,278.3999938964844,55925,0.0,0.0
2015-08-28 00:00:00-04:00,277.3999938964844,306.6000061035156,277.0,295.79998779296875,74120,0.0,0.0
2015-08-31 00:00:00-04:00,291.20001220703125,315.20001220703125,285.79998779296875,314.3999938964844,50675,0.0,0.0
2015-09-01 00:00:00-04:00,303.79998779296875,311.3999938964844,296.3999938964844,299.0,51790,0.0,0.0
2015-09-02 00:00:00-04:00,305.0,305.0,286.0,297.0,46280,0.0,0.0
2015-09-03 00:00:00-04:00,298.20001220703125,313.0,293.79998779296875,302.6000061035156,48035,0.0,0.0
2015-09-04 00:00:00-04:00,295.20001220703125,303.0,292.0,300.20001220703125,40725,0.0,0.0
2015-09-08 00:00:00-04:00,299.20001220703125,312.6000061035156,277.3999938964844,306.79998779296875,38835,0.0,0.0
2015-09-09 00:00:00-04:00,300.20001220703125,314.20001220703125,284.0,287.6000061035156,51090,0.0,0.0
2015-09-10 00:00:00-04:00,290.20001220703125,293.3999938964844,284.6000061035156,288.6000061035156,77620,0.0,0.0
2015-09-11 00:00:00-04:00,282.3999938964844,284.79998779296875,274.6000061035156,276.79998779296875,52930,0.0,0.0
2015-09-14 00:00:00-04:00,276.3999938964844,278.20001220703125,271.0,273.79998779296875,46310,0.0,0.0
2015-09-15 00:00:00-04:00,276.3999938964844,285.79998779296875,275.0,281.6000061035156,75205,0.0,0.0
2015-09-16 00:00:00-04:00,284.3999938964844,307.0,282.6000061035156,295.6000061035156,61730,0.0,0.0
2015-09-17 00:00:00-04:00,293.79998779296875,308.20001220703125,287.6000061035156,297.3999938964844,74650,0.0,0.0
2015-09-18 00:00:00-04:00,290.6000061035156,293.3999938964844,280.6000061035156,284.20001220703125,57880,0.0,0.0
2015-09-21 00:00:00-04:00,288.0,289.0,278.6000061035156,282.0,54430,0.0,0.0
2015-09-22 00:00:00-04:00,275.79998779296875,287.0,272.3999938964844,281.3999938964844,45435,0.0,0.0
2015-09-23 00:00:00-04:00,283.0,285.3999938964844,277.3999938964844,280.6000061035156,42295,0.0,0.0
2015-09-24 00:00:00-04:00,276.6000061035156,279.6000061035156,268.3999938964844,274.6000061035156,62005,0.0,0.0
2015-09-25 00:00:00-04:00,277.3999938964844,278.6000061035156,257.79998779296875,264.0,112685,0.0,0.0
2015-09-28 00:00:00-04:00,261.6000061035156,263.79998779296875,246.8000030517578,254.39999389648438,61310,0.0,0.0
2015-09-29 00:00:00-04:00,257.6000061035156,260.6000061035156,250.0,253.0,69620,0.0,0.0
2015-09-30 00:00:00-04:00,256.20001220703125,257.79998779296875,241.60000610351562,244.1999969482422,80640,0.0,0.0
2015-10-01 00:00:00-04:00,248.39999389648438,255.0,238.39999389648438,239.1999969482422,62000,0.0,0.0
2015-10-02 00:00:00-04:00,237.0,249.39999389648438,233.60000610351562,248.39999389648438,89360,0.0,0.0
2015-10-05 00:00:00-04:00,252.60000610351562,270.6000061035156,252.60000610351562,264.20001220703125,140405,0.0,0.0
2015-10-06 00:00:00-04:00,267.0,293.3999938964844,262.0,290.6000061035156,70130,0.0,0.0
2015-10-07 00:00:00-04:00,296.20001220703125,305.79998779296875,284.0,292.6000061035156,69355,0.0,0.0
2015-10-08 00:00:00-04:00,292.6000061035156,300.6000061035156,282.6000061035156,298.79998779296875,53385,0.0,0.0
2015-10-09 00:00:00-04:00,300.20001220703125,305.79998779296875,292.0,300.0,43485,0.0,0.0
2015-10-12 00:00:00-04:00,300.20001220703125,300.20001220703125,276.20001220703125,278.6000061035156,45620,0.0,0.0
2015-10-13 00:00:00-04:00,274.20001220703125,278.3999938964844,263.3999938964844,264.3999938964844,56010,0.0,0.0
2015-10-14 00:00:00-04:00,266.0,276.20001220703125,261.79998779296875,275.0,78330,0.0,0.0
2015-10-15 00:00:00-04:00,274.20001220703125,279.20001220703125,266.3999938964844,279.20001220703125,59650,0.0,0.0
2015-10-16 00:00:00-04:00,279.79998779296875,280.6000061035156,265.0,273.0,64805,0.0,0.0
2015-10-19 00:00:00-04:00,269.79998779296875,269.79998779296875,252.0,257.20001220703125,58225,0.0,0.0
2015-10-20 00:00:00-04:00,255.1999969482422,271.3999938964844,255.1999969482422,267.6000061035156,60375,0.0,0.0
2015-10-21 00:00:00-04:00,267.3999938964844,267.6000061035156,254.39999389648438,257.3999938964844,61850,0.0,0.0
2015-10-22 00:00:00-04:00,260.20001220703125,270.79998779296875,253.1999969482422,259.6000061035156,86105,0.0,0.0
2015-10-23 00:00:00-04:00,266.0,290.0,259.20001220703125,273.3999938964844,180715,0.0,0.0
2015-10-26 00:00:00-04:00,269.6000061035156,272.20001220703125,246.39999389648438,252.60000610351562,130715,0.0,0.0
2015-10-27 00:00:00-04:00,249.60000610351562,256.0,247.39999389648438,252.60000610351562,110495,0.0,0.0
2015-10-28 00:00:00-04:00,256.0,280.79998779296875,253.60000610351562,279.0,105080,0.0,0.0
2015-10-29 00:00:00-04:00,273.79998779296875,285.20001220703125,263.0,264.79998779296875,76310,0.0,0.0
2015-10-30 00:00:00-04:00,266.6000061035156,270.3999938964844,256.79998779296875,265.0,65785,0.0,0.0
2015-11-02 00:00:00-05:00,262.20001220703125,277.79998779296875,259.6000061035156,274.6000061035156,64535,0.0,0.0
2015-11-03 00:00:00-05:00,277.3999938964844,294.6000061035156,275.20001220703125,292.79998779296875,67195,0.0,0.0
2015-11-04 00:00:00-05:00,292.6000061035156,301.20001220703125,283.79998779296875,289.3999938964844,59085,0.0,0.0
2015-11-05 00:00:00-05:00,287.0,303.3999938964844,286.0,291.6000061035156,60020,0.0,0.0
2015-11-06 00:00:00-05:00,288.0,300.6000061035156,284.20001220703125,295.20001220703125,45600,0.0,0.0
2015-11-09 00:00:00-05:00,295.3999938964844,298.79998779296875,280.79998779296875,286.0,44330,0.0,0.0
2015-11-10 00:00:00-05:00,283.79998779296875,290.79998779296875,279.3999938964844,288.3999938964844,38960,0.0,0.0
2015-11-11 00:00:00-05:00,287.6000061035156,287.6000061035156,272.3999938964844,279.20001220703125,39270,0.0,0.0
2015-11-12 00:00:00-05:00,272.3999938964844,286.20001220703125,266.20001220703125,268.20001220703125,48200,0.0,0.0
2015-11-13 00:00:00-05:00,266.0,285.3999938964844,263.20001220703125,273.79998779296875,56575,0.0,0.0
2015-11-16 00:00:00-05:00,273.20001220703125,286.3999938964844,268.79998779296875,283.6000061035156,54275,0.0,0.0
2015-11-17 00:00:00-05:00,281.6000061035156,286.6000061035156,274.20001220703125,277.20001220703125,59625,0.0,0.0
2015-11-18 00:00:00-05:00,280.20001220703125,291.3999938964844,275.20001220703125,290.0,44665,0.0,0.0
2015-11-19 00:00:00-05:00,286.20001220703125,290.79998779296875,276.3999938964844,283.0,47665,0.0,0.0
2015-11-20 00:00:00-05:00,284.3999938964844,293.20001220703125,275.3999938964844,283.3999938964844,60840,0.0,0.0
2015-11-23 00:00:00-05:00,281.6000061035156,297.0,277.3999938964844,290.6000061035156,62565,0.0,0.0
2015-11-24 00:00:00-05:00,294.79998779296875,305.6000061035156,291.20001220703125,301.3999938964844,46715,0.0,0.0
2015-11-25 00:00:00-05:00,295.79998779296875,313.6000061035156,290.6000061035156,307.3999938964844,41875,0.0,0.0
2015-11-27 00:00:00-05:00,303.79998779296875,309.0,297.6000061035156,299.79998779296875,27525,0.0,0.0
2015-11-30 00:00:00-05:00,316.0,321.20001220703125,305.3999938964844,313.20001220703125,52945,0.0,0.0
2015-12-01 00:00:00-05:00,311.6000061035156,319.0,308.3999938964844,312.0,40085,0.0,0.0
2015-12-02 00:00:00-05:00,307.3999938964844,309.3999938964844,286.3999938964844,290.6000061035156,66880,0.0,0.0
2015-12-03 00:00:00-05:00,294.0,298.3999938964844,286.0,289.6000061035156,54735,0.0,0.0
2015-12-04 00:00:00-05:00,284.20001220703125,292.3999938964844,274.3999938964844,275.79998779296875,66875,0.0,0.0
2015-12-07 00:00:00-05:00,268.0,270.0,252.1999969482422,253.8000030517578,78705,0.0,0.0
2015-12-08 00:00:00-05:00,246.1999969482422,255.60000610351562,243.0,245.1999969482422,99955,0.0,0.0
2015-12-09 00:00:00-05:00,247.8000030517578,258.6000061035156,247.8000030517578,253.39999389648438,70500,0.0,0.0
2015-12-10 00:00:00-05:00,252.1999969482422,264.20001220703125,250.0,259.79998779296875,59580,0.0,0.0
2015-12-11 00:00:00-05:00,254.60000610351562,257.0,243.60000610351562,244.39999389648438,69945,0.0,0.0
2015-12-14 00:00:00-05:00,244.1999969482422,254.60000610351562,239.60000610351562,248.0,69605,0.0,0.0
2015-12-15 00:00:00-05:00,253.0,262.0,251.8000030517578,260.0,58810,0.0,0.0
2015-12-16 00:00:00-05:00,259.6000061035156,269.20001220703125,252.39999389648438,261.3999938964844,71380,0.0,0.0
2015-12-17 00:00:00-05:00,260.20001220703125,260.6000061035156,243.8000030517578,246.8000030517578,58970,0.0,0.0
2015-12-18 00:00:00-05:00,243.60000610351562,244.8000030517578,227.60000610351562,234.39999389648438,92730,0.0,0.0
2015-12-21 00:00:00-05:00,240.39999389648438,246.0,230.1999969482422,233.39999389648438,89160,0.0,0.0
2015-12-22 00:00:00-05:00,234.0,248.8000030517578,231.39999389648438,246.0,50210,0.0,0.0
2015-12-23 00:00:00-05:00,252.8000030517578,266.79998779296875,251.1999969482422,266.79998779296875,55540,0.0,0.0
2015-12-24 00:00:00-05:00,267.6000061035156,268.20001220703125,254.39999389648438,254.8000030517578,32380,0.0,0.0
2015-12-28 00:00:00-05:00,247.1999969482422,250.60000610351562,246.1999969482422,249.39999389648438,45370,0.0,0.0
2015-12-29 00:00:00-05:00,254.8000030517578,258.20001220703125,245.60000610351562,251.60000610351562,44825,0.0,0.0
2015-12-30 00:00:00-05:00,243.8000030517578,252.60000610351562,242.1999969482422,248.8000030517578,54735,0.0,0.0
2015-12-31 00:00:00-05:00,247.60000610351562,253.0,244.60000610351562,249.1999969482422,46935,0.0,0.0
2016-01-04 00:00:00-05:00,249.39999389648438,262.0,245.0,249.39999389648438,94260,0.0,0.0
2016-01-05 00:00:00-05:00,252.39999389648438,253.39999389648438,238.39999389648438,243.8000030517578,60525,0.0,0.0
2016-01-06 00:00:00-05:00,235.1999969482422,237.1999969482422,224.0,225.60000610351562,66415,0.0,0.0
2016-01-07 00:00:00-05:00,218.8000030517578,226.39999389648438,216.8000030517578,218.1999969482422,85185,0.0,0.0
2016-01-08 00:00:00-05:00,220.60000610351562,222.60000610351562,211.8000030517578,214.0,48045,0.0,0.0
2016-01-11 00:00:00-05:00,214.1999969482422,215.39999389648438,203.60000610351562,208.1999969482422,52395,0.0,0.0
2016-01-12 00:00:00-05:00,213.1999969482422,213.1999969482422,196.60000610351562,204.39999389648438,50695,0.0,0.0
2016-01-13 00:00:00-05:00,204.39999389648438,212.0,195.60000610351562,197.1999969482422,52825,0.0,0.0
2016-01-14 00:00:00-05:00,199.0,213.8000030517578,194.8000030517578,210.39999389648438,65105,0.0,0.0
2016-01-15 00:00:00-05:00,195.60000610351562,208.0,195.60000610351562,206.1999969482422,57425,0.0,0.0
2016-01-19 00:00:00-05:00,207.60000610351562,209.0,186.60000610351562,195.0,64740,0.0,0.0
2016-01-20 00:00:00-05:00,189.1999969482422,198.39999389648438,177.39999389648438,193.1999969482422,81660,0.0,0.0
2016-01-21 00:00:00-05:00,189.60000610351562,207.60000610351562,187.8000030517578,199.60000610351562,118120,0.0,0.0
2016-01-22 00:00:00-05:00,209.60000610351562,212.39999389648438,195.1999969482422,201.1999969482422,55570,0.0,0.0
2016-01-25 00:00:00-05:00,194.1999969482422,202.39999389648438,187.39999389648438,187.8000030517578,33965,0.0,0.0
2016-01-26 00:00:00-05:00,193.60000610351562,199.0,187.60000610351562,195.0,66395,0.0,0.0
2016-01-27 00:00:00-05:00,192.60000610351562,207.39999389648438,191.60000610351562,203.39999389648438,70640,0.0,0.0
2016-01-28 00:00:00-05:00,215.1999969482422,216.0,203.8000030517578,207.0,55005,0.0,0.0
2016-01-29 00:00:00-05:00,207.8000030517578,225.60000610351562,207.8000030517578,224.1999969482422,73755,0.0,0.0
2016-02-01 00:00:00-05:00,219.39999389648438,220.1999969482422,210.0,215.60000610351562,71475,0.0,0.0
2016-02-02 00:00:00-05:00,208.8000030517578,210.39999389648438,203.39999389648438,207.1999969482422,60210,0.0,0.0
2016-02-03 00:00:00-05:00,207.39999389648438,212.1999969482422,195.60000610351562,207.60000610351562,81830,0.0,0.0
2016-02-04 00:00:00-05:00,209.8000030517578,231.0,209.8000030517578,224.8000030517578,84855,0.0,0.0
2016-02-05 00:00:00-05:00,220.39999389648438,226.60000610351562,211.0,214.60000610351562,80640,0.0,0.0
2016-02-08 00:00:00-05:00,210.0,211.39999389648438,198.60000610351562,204.8000030517578,65465,0.0,0.0
2016-02-09 00:00:00-05:00,199.60000610351562,201.1999969482422,182.8000030517578,188.8000030517578,55775,0.0,0.0
2016-02-10 00:00:00-05:00,188.0,196.1999969482422,184.60000610351562,187.1999969482422,43020,0.0,0.0
2016-02-11 00:00:00-05:00,182.0,182.8000030517578,174.0,179.39999389648438,107610,0.0,0.0
2016-02-12 00:00:00-05:00,179.39999389648438,191.60000610351562,169.39999389648438,170.8000030517578,145345,0.0,0.0
2016-02-16 00:00:00-05:00,170.8000030517578,186.8000030517578,170.0,182.0,160065,0.0,0.0
2016-02-17 00:00:00-05:00,184.8000030517578,196.8000030517578,183.60000610351562,190.60000610351562,84195,0.0,0.0
2016-02-18 00:00:00-05:00,193.0,194.39999389648438,183.8000030517578,189.0,97115,0.0,0.0
2016-02-19 00:00:00-05:00,183.1999969482422,188.60000610351562,180.39999389648438,187.8000030517578,67945,0.0,0.0
2016-02-22 00:00:00-05:00,194.60000610351562,207.1999969482422,194.60000610351562,200.39999389648438,65780,0.0,0.0
2016-02-23 00:00:00-05:00,198.60000610351562,204.39999389648438,192.0,192.39999389648438,59570,0.0,0.0
2016-02-24 00:00:00-05:00,187.1999969482422,200.1999969482422,183.0,199.0,69005,0.0,0.0
2016-02-25 00:00:00-05:00,198.39999389648438,203.1999969482422,192.39999389648438,200.60000610351562,62105,0.0,0.0
2016-02-26 00:00:00-05:00,207.0,230.1999969482422,205.8000030517578,219.60000610351562,87155,0.0,0.0
2016-02-29 00:00:00-05:00,221.60000610351562,238.8000030517578,219.0,235.1999969482422,122405,0.0,0.0
2016-03-01 00:00:00-05:00,237.0,240.60000610351562,222.0,229.8000030517578,87245,0.0,0.0
2016-03-02 00:00:00-05:00,227.8000030517578,238.60000610351562,224.8000030517578,237.60000610351562,76430,0.0,0.0
2016-03-03 00:00:00-05:00,235.1999969482422,257.3999938964844,234.60000610351562,256.0,66640,0.0,0.0
2016-03-04 00:00:00-05:00,259.3999938964844,272.6000061035156,249.60000610351562,264.3999938964844,89565,0.0,0.0
2016-03-07 00:00:00-05:00,265.20001220703125,272.79998779296875,261.6000061035156,267.79998779296875,68930,0.0,0.0
2016-03-08 00:00:00-05:00,265.0,265.79998779296875,247.0,251.60000610351562,49990,0.0,0.0
2016-03-09 00:00:00-05:00,257.6000061035156,262.0,245.8000030517578,255.39999389648438,51370,0.0,0.0
2016-03-10 00:00:00-05:00,252.1999969482422,254.1999969482422,244.0,250.1999969482422,60790,0.0,0.0
2016-03-11 00:00:00-05:00,259.6000061035156,272.79998779296875,258.0,270.3999938964844,68280,0.0,0.0
2016-03-14 00:00:00-04:00,265.6000061035156,275.6000061035156,263.20001220703125,264.20001220703125,70015,0.0,0.0
2016-03-15 00:00:00-04:00,257.79998779296875,258.20001220703125,244.39999389648438,251.1999969482422,58780,0.0,0.0
2016-03-16 00:00:00-04:00,254.1999969482422,261.0,252.8000030517578,258.6000061035156,56410,0.0,0.0
2016-03-17 00:00:00-04:00,259.79998779296875,270.3999938964844,257.6000061035156,268.6000061035156,37935,0.0,0.0
2016-03-18 00:00:00-04:00,270.79998779296875,273.0,258.6000061035156,263.0,55935,0.0,0.0
2016-03-21 00:00:00-04:00,260.20001220703125,266.20001220703125,257.20001220703125,265.3999938964844,33745,0.0,0.0
2016-03-22 00:00:00-04:00,262.3999938964844,265.6000061035156,259.6000061035156,262.3999938964844,21665,0.0,0.0
2016-03-23 00:00:00-04:00,257.79998779296875,262.20001220703125,252.8000030517578,253.1999969482422,32510,0.0,0.0
2016-03-24 00:00:00-04:00,249.0,258.0,247.0,257.79998779296875,27520,0.0,0.0
2016-03-28 00:00:00-04:00,259.6000061035156,260.79998779296875,251.60000610351562,256.79998779296875,30415,0.0,0.0
2016-03-29 00:00:00-04:00,252.0,263.0,249.1999969482422,261.6000061035156,40965,0.0,0.0
2016-03-30 00:00:00-04:00,265.20001220703125,266.79998779296875,253.1999969482422,258.79998779296875,33025,0.0,0.0
2016-03-31 00:00:00-04:00,259.0,267.79998779296875,257.6000061035156,264.0,27595,0.0,0.0
2016-04-01 00:00:00-04:00,254.1999969482422,259.3999938964844,250.39999389648438,257.79998779296875,27500,0.0,0.0
2016-04-04 00:00:00-04:00,257.20001220703125,262.20001220703125,250.0,250.8000030517578,48095,0.0,0.0
2016-04-05 00:00:00-04:00,247.39999389648438,255.8000030517578,245.1999969482422,252.39999389648438,62830,0.0,0.0
2016-04-06 00:00:00-04:00,255.8000030517578,260.79998779296875,249.8000030517578,259.0,62965,0.0,0.0
2016-04-07 00:00:00-04:00,257.3999938964844,260.3999938964844,250.8000030517578,252.8000030517578,62665,0.0,0.0
2016-04-08 00:00:00-04:00,261.6000061035156,268.20001220703125,258.6000061035156,264.20001220703125,41085,0.0,0.0
2016-04-11 00:00:00-04:00,266.6000061035156,275.6000061035156,264.6000061035156,265.0,48845,0.0,0.0
2016-04-12 00:00:00-04:00,267.6000061035156,282.20001220703125,263.79998779296875,279.3999938964844,47785,0.0,0.0
2016-04-13 00:00:00-04:00,279.79998779296875,282.6000061035156,266.3999938964844,278.0,47390,0.0,0.0
2016-04-14 00:00:00-04:00,279.20001220703125,280.3999938964844,268.3999938964844,279.3999938964844,49470,0.0,0.0
2016-04-15 00:00:00-04:00,276.0,285.79998779296875,271.0,281.79998779296875,50700,0.0,0.0
2016-04-18 00:00:00-04:00,271.0,293.79998779296875,263.79998779296875,288.6000061035156,53705,0.0,0.0
2016-04-19 00:00:00-04:00,291.6000061035156,299.20001220703125,290.20001220703125,293.20001220703125,49550,0.0,0.0
2016-04-20 00:00:00-04:00,291.79998779296875,303.79998779296875,289.6000061035156,297.0,52815,0.0,0.0
2016-04-21 00:00:00-04:00,298.6000061035156,306.3999938964844,291.79998779296875,293.79998779296875,41625,0.0,0.0
2016-04-22 00:00:00-04:00,294.6000061035156,307.6000061035156,294.3999938964844,302.3999938964844,35760,0.0,0.0
2016-04-25 00:00:00-04:00,300.3999938964844,307.0,291.6000061035156,295.6000061035156,46915,0.0,0.0
2016-04-26 00:00:00-04:00,298.0,299.3999938964844,292.0,297.20001220703125,29980,0.0,0.0
2016-04-27 00:00:00-04:00,299.3999938964844,313.0,298.79998779296875,306.3999938964844,38395,0.0,0.0
2016-04-28 00:00:00-04:00,304.20001220703125,314.6000061035156,301.20001220703125,307.79998779296875,35455,0.0,0.0
2016-04-29 00:00:00-04:00,309.6000061035156,345.20001220703125,305.6000061035156,334.79998779296875,143725,0.0,0.0
2016-05-02 00:00:00-04:00,336.3999938964844,348.79998779296875,332.0,342.6000061035156,89995,0.0,0.0
2016-05-03 00:00:00-04:00,337.20001220703125,338.79998779296875,330.20001220703125,332.3999938964844,68185,0.0,0.0
2016-05-04 00:00:00-04:00,331.3999938964844,340.6000061035156,321.0,324.0,62400,0.0,0.0
2016-05-05 00:00:00-04:00,333.20001220703125,338.20001220703125,322.3999938964844,324.79998779296875,55165,0.0,0.0
2016-05-06 00:00:00-04:00,320.20001220703125,336.20001220703125,319.79998779296875,331.0,63450,0.0,0.0
2016-05-09 00:00:00-04:00,328.0,328.0,307.0,310.79998779296875,37240,0.0,0.0
2016-05-10 00:00:00-04:00,312.0,325.20001220703125,312.0,321.20001220703125,52680,0.0,0.0
2016-05-11 00:00:00-04:00,319.20001220703125,328.3999938964844,315.0,319.79998779296875,32490,0.0,0.0
2016-05-12 00:00:00-04:00,321.6000061035156,329.79998779296875,314.6000061035156,319.0,32840,0.0,0.0
2016-05-13 00:00:00-04:00,316.0,321.0,310.3999938964844,310.6000061035156,32210,0.0,0.0
2016-05-16 00:00:00-04:00,316.79998779296875,329.6000061035156,316.79998779296875,323.6000061035156,37555,0.0,0.0
2016-05-17 00:00:00-04:00,323.20001220703125,342.79998779296875,322.0,338.20001220703125,61330,0.0,0.0
2016-05-18 00:00:00-04:00,335.20001220703125,340.20001220703125,326.20001220703125,329.3999938964844,39030,0.0,0.0
2016-05-19 00:00:00-04:00,325.0,332.79998779296875,317.79998779296875,328.3999938964844,51925,0.0,0.0
2016-05-20 00:00:00-04:00,330.79998779296875,342.0,326.79998779296875,341.0,46780,0.0,0.0
2016-05-23 00:00:00-04:00,337.3999938964844,342.20001220703125,333.0,339.0,38175,0.0,0.0
2016-05-24 00:00:00-04:00,341.79998779296875,341.79998779296875,332.0,338.79998779296875,24585,0.0,0.0
2016-05-25 00:00:00-04:00,341.79998779296875,356.20001220703125,341.3999938964844,355.3999938964844,25045,0.0,0.0
2016-05-26 00:00:00-04:00,356.79998779296875,361.0,339.3999938964844,339.3999938964844,53085,0.0,0.0
2016-05-27 00:00:00-04:00,338.6000061035156,343.3999938964844,335.6000061035156,343.0,35015,0.0,0.0
2016-05-31 00:00:00-04:00,344.0,353.20001220703125,335.20001220703125,335.6000061035156,73230,0.0,0.0
2016-06-01 00:00:00-04:00,322.6000061035156,330.79998779296875,311.6000061035156,329.3999938964844,81095,0.0,0.0
2016-06-02 00:00:00-04:00,325.0,328.6000061035156,312.3999938964844,320.6000061035156,115435,0.0,0.0
2016-06-03 00:00:00-04:00,321.3999938964844,331.3999938964844,321.0,329.3999938964844,71750,0.0,0.0
2016-06-06 00:00:00-04:00,334.0,370.3999938964844,334.0,366.0,78360,0.0,0.0
2016-06-07 00:00:00-04:00,368.6000061035156,383.3999938964844,364.0,380.0,77875,0.0,0.0
2016-06-08 00:00:00-04:00,381.79998779296875,386.3999938964844,374.20001220703125,379.79998779296875,57525,0.0,0.0
2016-06-09 00:00:00-04:00,374.3999938964844,378.3999938964844,367.3999938964844,374.3999938964844,53355,0.0,0.0
2016-06-10 00:00:00-04:00,366.20001220703125,370.0,356.6000061035156,357.3999938964844,40195,0.0,0.0
2016-06-13 00:00:00-04:00,352.6000061035156,361.0,350.6000061035156,354.79998779296875,33935,0.0,0.0
2016-06-14 00:00:00-04:00,352.0,357.79998779296875,343.0,353.20001220703125,31270,0.0,0.0
2016-06-15 00:00:00-04:00,352.0,358.79998779296875,345.6000061035156,349.0,22170,0.0,0.0
2016-06-16 00:00:00-04:00,343.6000061035156,343.6000061035156,327.3999938964844,337.0,34640,0.0,0.0
2016-06-17 00:00:00-04:00,340.3999938964844,353.0,340.3999938964844,350.0,56630,0.0,0.0
2016-06-20 00:00:00-04:00,355.6000061035156,361.79998779296875,351.3999938964844,351.6000061035156,47035,0.0,0.0
2016-06-21 00:00:00-04:00,349.6000061035156,353.0,340.20001220703125,350.20001220703125,32535,0.0,0.0
2016-06-22 00:00:00-04:00,353.20001220703125,356.79998779296875,345.6000061035156,345.79998779296875,42755,0.0,0.0
2016-06-23 00:00:00-04:00,350.0,356.6000061035156,348.0,354.0,49885,0.0,0.0
2016-06-24 00:00:00-04:00,333.6000061035156,342.20001220703125,333.6000061035156,336.6000061035156,45595,0.0,0.0
2016-06-27 00:00:00-04:00,331.0,331.79998779296875,310.3999938964844,312.6000061035156,63970,0.0,0.0
2016-06-28 00:00:00-04:00,327.3999938964844,327.3999938964844,310.79998779296875,316.3999938964844,61430,0.0,0.0
2016-06-29 00:00:00-04:00,323.3999938964844,333.0,318.79998779296875,328.0,56810,0.0,0.0
2016-06-30 00:00:00-04:00,327.0,346.3999938964844,325.6000061035156,346.20001220703125,54790,0.0,0.0
2016-07-01 00:00:00-04:00,344.3999938964844,354.0,343.20001220703125,351.3999938964844,46750,0.0,0.0
2016-07-05 00:00:00-04:00,343.20001220703125,346.20001220703125,320.6000061035156,324.6000061035156,39855,0.0,0.0
2016-07-06 00:00:00-04:00,320.20001220703125,322.6000061035156,314.3999938964844,321.20001220703125,44835,0.0,0.0
2016-07-07 00:00:00-04:00,326.0,332.6000061035156,315.3999938964844,318.20001220703125,34040,0.0,0.0
2016-07-08 00:00:00-04:00,323.79998779296875,330.3999938964844,323.3999938964844,327.20001220703125,23195,0.0,0.0
2016-07-11 00:00:00-04:00,331.20001220703125,338.20001220703125,326.3999938964844,326.3999938964844,28655,0.0,0.0
2016-07-12 00:00:00-04:00,325.79998779296875,344.3999938964844,322.6000061035156,343.0,38015,0.0,0.0
2016-07-13 00:00:00-04:00,342.3999938964844,345.0,319.20001220703125,322.0,53835,0.0,0.0
2016-07-14 00:00:00-04:00,322.0,343.20001220703125,322.0,330.0,47435,0.0,0.0
2016-07-15 00:00:00-04:00,331.0,331.0,321.20001220703125,325.6000061035156,63265,0.0,0.0
2016-07-18 00:00:00-04:00,329.0,331.3999938964844,323.3999938964844,327.20001220703125,65460,0.0,0.0
2016-07-19 00:00:00-04:00,326.0,326.0,316.79998779296875,319.0,41985,0.0,0.0
2016-07-20 00:00:00-04:00,317.0,329.0,313.0,325.0,30805,0.0,0.0
2016-07-21 00:00:00-04:00,325.3999938964844,334.0,324.0,324.79998779296875,40000,0.0,0.0
2016-07-22 00:00:00-04:00,326.0,328.79998779296875,318.6000061035156,323.79998779296875,52440,0.0,0.0
2016-07-25 00:00:00-04:00,320.3999938964844,321.0,296.6000061035156,302.3999938964844,69930,0.0,0.0
2016-07-26 00:00:00-04:00,301.3999938964844,308.0,298.20001220703125,307.0,67725,0.0,0.0
2016-07-27 00:00:00-04:00,309.0,315.0,297.20001220703125,304.3999938964844,36810,0.0,0.0
2016-07-28 00:00:00-04:00,304.20001220703125,310.0,300.79998779296875,301.79998779296875,35120,0.0,0.0
2016-07-29 00:00:00-04:00,302.20001220703125,333.6000061035156,302.20001220703125,326.6000061035156,123005,0.0,0.0
2016-08-01 00:00:00-04:00,330.0,330.6000061035156,304.79998779296875,309.0,63065,0.0,0.0
2016-08-02 00:00:00-04:00,313.6000061035156,321.0,308.0,313.3999938964844,50770,0.0,0.0
2016-08-03 00:00:00-04:00,313.3999938964844,322.20001220703125,308.0,319.79998779296875,30585,0.0,0.0
2016-08-04 00:00:00-04:00,318.20001220703125,326.3999938964844,318.20001220703125,322.79998779296875,16595,0.0,0.0
2016-08-05 00:00:00-04:00,324.3999938964844,338.20001220703125,322.20001220703125,338.0,35685,0.0,0.0
2016-08-08 00:00:00-04:00,340.20001220703125,343.79998779296875,335.6000061035156,341.6000061035156,35860,0.0,0.0
2016-08-09 00:00:00-04:00,344.6000061035156,348.6000061035156,340.3999938964844,344.0,65935,0.0,0.0
2016-08-10 00:00:00-04:00,345.3999938964844,348.3999938964844,331.79998779296875,332.0,24355,0.0,0.0
2016-08-11 00:00:00-04:00,334.79998779296875,341.20001220703125,332.3999938964844,337.20001220703125,19315,0.0,0.0
2016-08-12 00:00:00-04:00,338.79998779296875,340.79998779296875,328.3999938964844,330.6000061035156,19460,0.0,0.0
2016-08-15 00:00:00-04:00,333.6000061035156,348.6000061035156,333.3999938964844,348.0,30885,0.0,0.0
2016-08-16 00:00:00-04:00,355.6000061035156,357.20001220703125,348.3999938964844,356.3999938964844,36205,0.0,0.0
2016-08-17 00:00:00-04:00,356.0,358.6000061035156,348.6000061035156,351.3999938964844,35195,0.0,0.0
2016-08-18 00:00:00-04:00,353.79998779296875,369.3999938964844,353.79998779296875,368.20001220703125,20430,0.0,0.0
2016-08-19 00:00:00-04:00,365.79998779296875,371.6000061035156,361.6000061035156,368.20001220703125,33545,0.0,0.0
2016-08-22 00:00:00-04:00,362.6000061035156,366.0,357.79998779296875,363.0,39880,0.0,0.0
2016-08-23 00:00:00-04:00,363.6000061035156,370.6000061035156,361.0,365.6000061035156,16815,0.0,0.0
2016-08-24 00:00:00-04:00,362.6000061035156,370.20001220703125,357.79998779296875,359.0,35670,0.0,0.0
2016-08-25 00:00:00-04:00,358.6000061035156,363.6000061035156,356.0,359.20001220703125,24625,0.0,0.0
2016-08-26 00:00:00-04:00,360.79998779296875,367.79998779296875,358.0,362.6000061035156,24130,0.0,0.0
2016-08-29 00:00:00-04:00,360.0,364.6000061035156,357.79998779296875,359.3999938964844,19195,0.0,0.0
2016-08-30 00:00:00-04:00,360.79998779296875,368.6000061035156,353.3999938964844,353.79998779296875,34640,0.0,0.0
2016-08-31 00:00:00-04:00,351.79998779296875,353.0,345.20001220703125,351.3999938964844,34365,0.0,0.0
2016-09-01 00:00:00-04:00,350.0,353.6000061035156,344.6000061035156,352.79998779296875,34485,0.0,0.0
2016-09-02 00:00:00-04:00,360.0,361.3999938964844,352.20001220703125,358.6000061035156,25680,0.0,0.0
2016-09-06 00:00:00-04:00,360.0,367.20001220703125,354.79998779296875,367.0,29500,0.0,0.0
2016-09-07 00:00:00-04:00,367.20001220703125,367.3999938964844,360.0,364.3999938964844,21305,0.0,0.0
2016-09-08 00:00:00-04:00,367.6000061035156,381.3999938964844,367.6000061035156,377.6000061035156,45605,0.0,0.0
2016-09-09 00:00:00-04:00,370.3999938964844,374.20001220703125,359.3999938964844,359.3999938964844,23035,0.0,0.0
2016-09-12 00:00:00-04:00,355.0,371.0,352.3999938964844,369.20001220703125,29480,0.0,0.0
2016-09-13 00:00:00-04:00,361.3999938964844,362.79998779296875,349.79998779296875,351.0,45940,0.0,0.0
2016-09-14 00:00:00-04:00,349.3999938964844,354.6000061035156,340.3999938964844,345.20001220703125,37920,0.0,0.0
2016-09-15 00:00:00-04:00,342.3999938964844,350.3999938964844,339.20001220703125,345.20001220703125,40675,0.0,0.0
2016-09-16 00:00:00-04:00,340.0,346.0,336.20001220703125,342.0,63775,0.0,0.0
2016-09-19 00:00:00-04:00,346.0,349.20001220703125,340.20001220703125,341.79998779296875,31735,0.0,0.0
2016-09-20 00:00:00-04:00,343.6000061035156,348.79998779296875,338.79998779296875,344.20001220703125,32830,0.0,0.0
2016-09-21 00:00:00-04:00,350.20001220703125,365.6000061035156,349.20001220703125,364.79998779296875,30370,0.0,0.0
2016-09-22 00:00:00-04:00,372.6000061035156,384.20001220703125,363.79998779296875,369.3999938964844,26360,0.0,0.0
2016-09-23 00:00:00-04:00,377.79998779296875,379.0,363.20001220703125,364.20001220703125,42580,0.0,0.0
2016-09-26 00:00:00-04:00,366.3999938964844,372.0,364.0,365.6000061035156,18660,0.0,0.0
2016-09-27 00:00:00-04:00,358.6000061035156,362.6000061035156,356.6000061035156,359.6000061035156,22230,0.0,0.0
2016-09-28 00:00:00-04:00,362.6000061035156,386.79998779296875,354.20001220703125,384.3999938964844,44470,0.0,0.0
2016-09-29 00:00:00-04:00,389.0,402.79998779296875,384.20001220703125,396.0,45085,0.0,0.0
2016-09-30 00:00:00-04:00,401.20001220703125,405.79998779296875,396.79998779296875,397.20001220703125,83380,0.0,0.0
2016-10-03 00:00:00-04:00,398.0,411.0,395.0,399.0,50145,0.0,0.0
2016-10-04 00:00:00-04:00,400.0,410.0,396.3999938964844,401.0,54185,0.0,0.0
2016-10-05 00:00:00-04:00,406.0,428.0,405.0,419.0,35905,0.0,0.0
2016-10-06 00:00:00-04:00,423.0,434.0,416.0,432.0,50095,0.0,0.0
2016-10-07 00:00:00-04:00,432.0,433.0,419.0,425.0,45785,0.0,0.0
2016-10-10 00:00:00-04:00,432.0,457.0,432.0,447.0,59475,0.0,0.0
2016-10-11 00:00:00-04:00,443.0,443.0,431.0,441.0,49910,0.0,0.0
2016-10-12 00:00:00-04:00,438.0,449.0,435.0,443.0,43570,0.0,0.0
2016-10-13 00:00:00-04:00,437.0,448.0,432.0,433.0,58220,0.0,0.0
2016-10-14 00:00:00-04:00,435.0,440.0,426.0,427.0,39295,0.0,0.0
2016-10-17 00:00:00-04:00,427.0,431.0,413.6000061035156,420.0,55790,0.0,0.0
2016-10-18 00:00:00-04:00,428.0,430.0,419.0,422.0,34035,0.0,0.0
2016-10-19 00:00:00-04:00,427.0,439.0,427.0,433.0,31195,0.0,0.0
2016-10-20 00:00:00-04:00,427.0,431.0,420.6000061035156,429.79998779296875,39170,0.0,0.0
2016-10-21 00:00:00-04:00,422.0,436.0,420.0,424.0,40890,0.0,0.0
2016-10-24 00:00:00-04:00,426.0,431.0,415.0,420.0,28335,0.0,0.0
2016-10-25 00:00:00-04:00,421.0,423.0,404.0,409.0,60295,0.0,0.0
2016-10-26 00:00:00-04:00,402.0,404.0,391.0,396.0,62005,0.0,0.0
2016-10-27 00:00:00-04:00,401.0,403.0,386.0,387.0,67920,0.0,0.0
2016-10-28 00:00:00-04:00,387.0,398.0,357.0,369.0,115095,0.0,0.0
2016-10-31 00:00:00-04:00,371.0,372.0,357.0,360.0,78390,0.0,0.0
2016-11-01 00:00:00-04:00,363.0,365.0,353.0,363.0,58415,0.0,0.0
2016-11-02 00:00:00-04:00,354.0,357.0,348.0,352.0,32635,0.0,0.0
2016-11-03 00:00:00-04:00,353.0,359.0,348.0,348.0,38575,0.0,0.0
2016-11-04 00:00:00-04:00,344.0,350.0,340.0,342.0,85125,0.0,0.0
2016-11-07 00:00:00-05:00,342.0,351.0,338.6000061035156,346.0,57965,0.0,0.0
2016-11-08 00:00:00-05:00,344.0,351.0,342.0,348.0,45650,0.0,0.0
2016-11-09 00:00:00-05:00,345.0,378.0,345.0,375.0,65535,0.0,0.0
2016-11-10 00:00:00-05:00,372.0,382.0,372.0,374.0,68125,0.0,0.0
2016-11-11 00:00:00-05:00,369.0,382.0,366.0,381.0,56555,0.0,0.0
2016-11-14 00:00:00-05:00,381.0,392.0,377.0,389.0,39590,0.0,0.0
2016-11-15 00:00:00-05:00,395.0,411.0,395.0,408.0,42545,0.0,0.0
2016-11-16 00:00:00-05:00,406.0,408.0,398.0,403.0,38885,0.0,0.0
2016-11-17 00:00:00-05:00,408.0,415.0,394.0,398.0,38045,0.0,0.0
2016-11-18 00:00:00-05:00,401.0,409.0,392.6000061035156,395.0,25905,0.0,0.0
2016-11-21 00:00:00-05:00,408.0,416.0,401.6000061035156,416.0,37545,0.0,0.0
2016-11-22 00:00:00-05:00,418.0,420.0,408.0,416.0,36520,0.0,0.0
2016-11-23 00:00:00-05:00,411.0,425.0,410.0,424.0,26815,0.0,0.0
2016-11-25 00:00:00-05:00,419.0,420.0,410.0,417.0,14230,0.0,0.0
2016-11-28 00:00:00-05:00,420.0,420.0,390.3999938964844,391.0,34745,0.0,0.0
2016-11-29 00:00:00-05:00,378.0,387.0,371.0,382.0,42250,0.0,0.0
2016-11-30 00:00:00-05:00,406.0,451.0,405.0,435.0,91655,0.0,0.0
2016-12-01 00:00:00-05:00,442.0,444.6000061035156,428.0,436.0,50400,0.0,0.0
2016-12-02 00:00:00-05:00,432.0,447.0,431.0,441.0,32225,0.0,0.0
2016-12-05 00:00:00-05:00,444.0,472.0,444.0,464.0,41160,0.0,0.0
2016-12-06 00:00:00-05:00,442.0,460.0,435.0,451.0,278620,0.0,0.0
2016-12-07 00:00:00-05:00,448.0,452.0,430.0,439.0,94275,0.0,0.0
2016-12-08 00:00:00-05:00,445.0,463.0,440.0,459.0,77380,0.0,0.0
2016-12-09 00:00:00-05:00,465.0,480.0,458.0,459.0,60040,0.0,0.0
2016-12-12 00:00:00-05:00,476.0,491.0,467.0,471.0,81875,0.0,0.0
2016-12-13 00:00:00-05:00,477.0,480.0,464.0,471.0,52255,0.0,0.0
2016-12-14 00:00:00-05:00,464.0,469.0,441.0,442.0,28105,0.0,0.0
2016-12-15 00:00:00-05:00,430.0,453.0,427.0,453.0,46800,0.0,0.0
2016-12-16 00:00:00-05:00,457.0,457.0,443.6000061035156,449.0,51995,0.0,0.0
2016-12-19 00:00:00-05:00,447.0,461.0,446.0,450.0,57380,0.0,0.0
2016-12-20 00:00:00-05:00,456.0,468.0,455.0,461.0,38490,0.0,0.0
2016-12-21 00:00:00-05:00,463.0,467.0,454.0,460.0,37710,0.0,0.0
2016-12-22 00:00:00-05:00,461.0,465.0,446.0,449.0,38700,0.0,0.0
2016-12-23 00:00:00-05:00,442.0,455.0,440.0,446.79998779296875,20840,0.0,0.0
2016-12-27 00:00:00-05:00,450.0,467.0,450.0,462.6000061035156,29675,0.0,0.0
2016-12-28 00:00:00-05:00,466.0,466.0,446.0,447.0,26015,0.0,0.0
2016-12-29 00:00:00-05:00,445.0,450.6000061035156,438.0,440.0,32770,0.0,0.0
2016-12-30 00:00:00-05:00,441.0,450.6000061035156,437.0,440.0,28585,0.0,0.0
2017-01-03 00:00:00-05:00,452.0,468.0,445.0,453.0,36915,0.0,0.0
2017-01-04 00:00:00-05:00,450.0,480.0,448.0,479.0,50675,0.0,0.0
2017-01-05 00:00:00-05:00,480.0,484.6000061035156,473.0,476.0,30665,0.0,0.0
2017-01-06 00:00:00-05:00,478.0,478.0,464.0,470.0,38570,0.0,0.0
2017-01-09 00:00:00-05:00,465.0,474.0,457.0,464.0,34335,0.0,0.0
2017-01-10 00:00:00-05:00,469.0,480.0,465.0,476.0,41640,0.0,0.0
2017-01-11 00:00:00-05:00,480.0,494.0,473.0,485.0,33160,0.0,0.0
2017-01-12 00:00:00-05:00,490.0,490.0,456.0,469.0,70835,0.0,0.0
2017-01-13 00:00:00-05:00,467.0,473.0,463.0,467.0,32405,0.0,0.0
2017-01-17 00:00:00-05:00,474.0,479.0,453.0,467.0,43810,0.0,0.0
2017-01-18 00:00:00-05:00,462.0,468.0,457.6000061035156,460.0,25455,0.0,0.0
2017-01-19 00:00:00-05:00,464.0,468.0,454.0,455.0,50050,0.0,0.0
2017-01-20 00:00:00-05:00,463.0,470.0,458.0,462.0,25805,0.0,0.0
2017-01-23 00:00:00-05:00,457.0,463.0,442.0,447.0,42475,0.0,0.0
2017-01-24 00:00:00-05:00,454.0,454.0,440.0,446.0,35550,0.0,0.0
2017-01-25 00:00:00-05:00,445.0,458.0,445.0,457.0,21605,0.0,0.0
2017-01-26 00:00:00-05:00,460.0,460.0,446.0,446.0,20455,0.0,0.0
2017-01-27 00:00:00-05:00,441.0,444.0,429.0,436.0,19435,0.0,0.0
2017-01-30 00:00:00-05:00,435.0,435.0,414.0,430.0,48760,0.0,0.0
2017-01-31 00:00:00-05:00,433.0,438.0,427.0,434.0,35045,0.0,0.0
2017-02-01 00:00:00-05:00,440.0,445.20001220703125,432.0,440.0,49360,0.0,0.0
2017-02-02 00:00:00-05:00,444.0,444.0,432.0,442.0,50890,0.0,0.0
2017-02-03 00:00:00-05:00,444.0,462.0,439.0,460.0,39585,0.0,0.0
2017-02-06 00:00:00-05:00,460.0,462.0,453.0,457.0,67725,0.0,0.0
2017-02-07 00:00:00-05:00,458.0,478.0,458.0,471.0,105280,0.0,0.0
2017-02-08 00:00:00-05:00,467.0,470.0,451.0,470.0,66305,0.0,0.0
2017-02-09 00:00:00-05:00,475.0,489.0,470.0,486.0,77820,0.0,0.0
2017-02-10 00:00:00-05:00,525.0,525.0,437.0,439.0,233035,0.0,0.0
2017-02-13 00:00:00-05:00,435.0,438.0,416.6000061035156,424.0,142435,0.0,0.0
2017-02-14 00:00:00-05:00,424.0,429.0,414.0,424.0,99320,0.0,0.0
2017-02-15 00:00:00-05:00,420.0,425.0,414.0,415.0,90180,0.0,0.0
2017-02-16 00:00:00-05:00,417.0,426.0,412.0,417.0,64055,0.0,0.0
2017-02-17 00:00:00-05:00,412.0,416.6000061035156,402.0,402.0,43370,0.0,0.0
2017-02-21 00:00:00-05:00,410.0,418.0,406.0,418.0,39480,0.0,0.0
2017-02-22 00:00:00-05:00,411.0,418.0,407.0,417.0,53740,0.0,0.0
2017-02-23 00:00:00-05:00,427.0,427.0,412.0,425.0,68780,0.0,0.0
2017-02-24 00:00:00-05:00,417.0,420.0,413.0,420.0,53690,0.0,0.0
2017-02-27 00:00:00-05:00,422.0,436.0,419.0,433.0,36515,0.0,0.0
2017-02-28 00:00:00-05:00,428.0,439.0,421.0,434.0,67935,0.0,0.0
2017-03-01 00:00:00-05:00,442.0,460.0,439.0,452.0,86580,0.0,0.0
2017-03-02 00:00:00-05:00,446.0,451.0,430.0,430.0,46095,0.0,0.0
2017-03-03 00:00:00-05:00,432.0,435.0,424.0,425.0,36360,0.0,0.0
2017-03-06 00:00:00-05:00,423.0,432.0,418.0,430.0,31125,0.0,0.0
2017-03-07 00:00:00-05:00,431.0,433.0,419.0,420.0,43385,0.0,0.0
2017-03-08 00:00:00-05:00,418.0,420.0,397.0,400.0,56470,0.0,0.0
2017-03-09 00:00:00-05:00,395.0,397.0,378.0,385.0,64700,0.0,0.0
2017-03-10 00:00:00-05:00,392.0,395.0,383.0,388.0,44780,0.0,0.0
2017-03-13 00:00:00-04:00,388.0,397.0,386.0,395.0,37420,0.0,0.0
2017-03-14 00:00:00-04:00,387.0,387.0,372.0,384.0,67660,0.0,0.0
2017-03-15 00:00:00-04:00,393.0,407.0,384.0,399.0,62575,0.0,0.0
2017-03-16 00:00:00-04:00,401.0,405.0,390.0,403.0,43425,0.0,0.0
2017-03-17 00:00:00-04:00,405.0,413.0,405.0,407.0,46095,0.0,0.0
2017-03-20 00:00:00-04:00,402.0,403.0,388.0,400.0,25690,0.0,0.0
2017-03-21 00:00:00-04:00,403.0,403.0,385.0,389.0,40660,0.0,0.0
2017-03-22 00:00:00-04:00,386.0,389.0,375.0,377.0,42765,0.0,0.0
2017-03-23 00:00:00-04:00,375.0,378.0,371.0,372.0,50090,0.0,0.0
2017-03-24 00:00:00-04:00,375.0,382.0,373.0,375.0,30005,0.0,0.0
2017-03-27 00:00:00-04:00,366.0,370.0,361.0,366.0,50395,0.0,0.0
2017-03-28 00:00:00-04:00,368.0,381.0,364.0,378.0,33775,0.0,0.0
2017-03-29 00:00:00-04:00,376.0,395.0,367.6000061035156,390.0,44255,0.0,0.0
2017-03-30 00:00:00-04:00,395.0,409.6000061035156,390.0,405.0,61040,0.0,0.0
2017-03-31 00:00:00-04:00,403.0,415.0,403.0,414.0,67175,0.0,0.0
2017-04-03 00:00:00-04:00,414.0,423.0,393.0,404.0,61725,0.0,0.0
2017-04-04 00:00:00-04:00,406.0,412.0,398.6000061035156,409.0,41355,0.0,0.0
2017-04-05 00:00:00-04:00,417.0,426.0,407.0,410.0,63195,0.0,0.0
2017-04-06 00:00:00-04:00,415.0,421.0,409.0,420.0,29915,0.0,0.0
2017-04-07 00:00:00-04:00,420.0,424.0,413.0,415.0,22665,0.0,0.0
2017-04-10 00:00:00-04:00,420.0,433.6000061035156,415.0,427.0,35885,0.0,0.0
2017-04-11 00:00:00-04:00,426.0,431.0,421.0,430.0,32610,0.0,0.0
2017-04-12 00:00:00-04:00,429.0,432.6000061035156,416.0,417.0,40185,0.0,0.0
2017-04-13 00:00:00-04:00,418.0,418.0,402.0,406.0,44265,0.0,0.0
2017-04-17 00:00:00-04:00,401.0,404.6000061035156,395.0,400.0,59850,0.0,0.0
2017-04-18 00:00:00-04:00,394.0,398.0,384.6000061035156,390.0,43830,0.0,0.0
2017-04-19 00:00:00-04:00,390.0,391.0,366.0,371.0,57910,0.0,0.0
2017-04-20 00:00:00-04:00,372.0,375.0,349.0,364.0,85120,0.0,0.0
2017-04-21 00:00:00-04:00,364.0,368.0,356.6000061035156,364.0,48190,0.0,0.0
2017-04-24 00:00:00-04:00,369.0,373.0,366.0,369.0,31320,0.0,0.0
2017-04-25 00:00:00-04:00,373.0,381.0,370.0,379.0,49055,0.0,0.0
2017-04-26 00:00:00-04:00,375.0,393.0,375.0,383.0,45485,0.0,0.0
2017-04-27 00:00:00-04:00,376.0,378.6000061035156,356.0,362.0,137795,0.0,0.0
2017-04-28 00:00:00-04:00,372.0,372.0,332.6000061035156,338.0,114015,0.0,0.0
2017-05-01 00:00:00-04:00,335.0,335.0,318.0,323.0,115815,0.0,0.0
2017-05-02 00:00:00-04:00,325.0,330.0,310.0,313.0,105875,0.0,0.0
2017-05-03 00:00:00-04:00,312.0,315.0,305.0,313.0,60220,0.0,0.0
2017-05-04 00:00:00-04:00,308.0,310.0,292.0,295.0,86820,0.0,0.0
2017-05-05 00:00:00-04:00,296.0,315.0,295.0,310.0,82820,0.0,0.0
2017-05-08 00:00:00-04:00,309.0,318.0,308.0,315.0,47250,0.0,0.0
2017-05-09 00:00:00-04:00,315.0,315.0,306.0,311.0,34190,0.0,0.0
2017-05-10 00:00:00-04:00,315.0,323.0,314.0,319.0,37810,0.0,0.0
2017-05-11 00:00:00-04:00,322.0,329.0,319.0,323.0,59100,0.0,0.0
2017-05-12 00:00:00-04:00,323.0,325.0,315.0,315.0,30700,0.0,0.0
2017-05-15 00:00:00-04:00,327.0,331.6000061035156,321.6000061035156,328.0,34755,0.0,0.0
2017-05-16 00:00:00-04:00,335.0,336.0,327.0,333.0,39485,0.0,0.0
2017-05-17 00:00:00-04:00,328.0,332.0,320.0,320.0,56905,0.0,0.0
2017-05-18 00:00:00-04:00,318.0,336.6000061035156,314.0,331.0,54165,0.0,0.0
2017-05-19 00:00:00-04:00,334.0,347.0,334.0,344.0,36180,0.0,0.0
2017-05-22 00:00:00-04:00,348.0,350.0,338.0,340.0,28740,0.0,0.0
2017-05-23 00:00:00-04:00,341.0,346.0,336.0,343.0,24180,0.0,0.0
2017-05-24 00:00:00-04:00,342.0,348.0,334.0,336.79998779296875,28165,0.0,0.0
2017-05-25 00:00:00-04:00,335.0,343.0,321.0,323.0,35075,0.0,0.0
2017-05-26 00:00:00-04:00,323.0,332.0,319.0,330.0,18895,0.0,0.0
2017-05-30 00:00:00-04:00,327.0,330.0,322.0,327.0,29380,0.0,0.0
2017-05-31 00:00:00-04:00,319.0,330.0,314.0,325.0,32425,0.0,0.0
2017-06-01 00:00:00-04:00,327.0,336.0,321.0,333.0,24545,0.0,0.0
2017-06-02 00:00:00-04:00,329.0,336.0,322.0,331.0,31310,0.0,0.0
2017-06-05 00:00:00-04:00,328.0,341.6000061035156,328.0,339.0,40660,0.0,0.0
2017-06-06 00:00:00-04:00,337.0,347.0,330.0,343.0,33050,0.0,0.0
2017-06-07 00:00:00-04:00,341.0,348.0,319.0,323.0,49500,0.0,0.0
2017-06-08 00:00:00-04:00,321.0,330.0,317.0,320.0,43925,0.0,0.0
2017-06-09 00:00:00-04:00,321.0,346.0,318.0,339.0,48630,0.0,0.0
2017-06-12 00:00:00-04:00,345.0,351.0,338.6000061035156,344.0,46515,0.0,0.0
2017-06-13 00:00:00-04:00,343.0,359.3999938964844,343.0,355.0,44445,0.0,0.0
2017-06-14 00:00:00-04:00,352.0,352.0,333.6000061035156,338.0,27915,0.0,0.0
2017-06-15 00:00:00-04:00,332.0,339.0,324.0,329.0,27570,0.0,0.0
2017-06-16 00:00:00-04:00,328.0,348.0,327.0,343.0,68055,0.0,0.0
2017-06-19 00:00:00-04:00,345.0,347.0,335.0,346.0,35645,0.0,0.0
2017-06-20 00:00:00-04:00,338.0,338.0,323.0,328.0,36110,0.0,0.0
2017-06-21 00:00:00-04:00,327.0,327.0,301.0,304.0,44020,0.0,0.0
2017-06-22 00:00:00-04:00,304.0,307.0,294.0,294.0,35935,0.0,0.0
2017-06-23 00:00:00-04:00,298.0,304.0,294.0,300.0,68800,0.0,0.0
2017-06-26 00:00:00-04:00,301.0,305.6000061035156,296.6000061035156,300.0,41310,0.0,0.0
2017-06-27 00:00:00-04:00,302.0,308.0,296.0,296.0,53625,0.0,0.0
2017-06-28 00:00:00-04:00,297.0,306.0,291.0,301.0,73625,0.0,0.0
2017-06-29 00:00:00-04:00,305.0,312.0,299.0,310.0,39650,0.0,0.0
2017-06-30 00:00:00-04:00,313.0,316.0,307.0,312.0,34810,0.0,0.0
2017-07-03 00:00:00-04:00,313.0,330.0,313.0,327.0,19310,0.0,0.0
2017-07-05 00:00:00-04:00,322.0,326.0,303.0,306.0,51705,0.0,0.0
2017-07-06 00:00:00-04:00,310.0,311.0,294.6000061035156,295.0,39925,0.0,0.0
2017-07-07 00:00:00-04:00,292.0,293.0,281.0,290.0,44250,0.0,0.0
2017-07-10 00:00:00-04:00,287.0,301.0,285.0,298.0,38840,0.0,0.0
2017-07-11 00:00:00-04:00,298.0,307.0,294.0,303.0,23000,0.0,0.0
2017-07-12 00:00:00-04:00,303.0,308.6000061035156,297.0,300.0,39580,0.0,0.0
2017-07-13 00:00:00-04:00,301.0,307.0,296.0,304.0,43620,0.0,0.0
2017-07-14 00:00:00-04:00,305.0,311.0,304.0,305.0,40145,0.0,0.0
2017-07-17 00:00:00-04:00,305.0,314.6000061035156,303.3999938964844,310.0,32465,0.0,0.0
2017-07-18 00:00:00-04:00,313.0,314.0,302.0,306.0,52185,0.0,0.0
2017-07-19 00:00:00-04:00,305.0,319.0,303.0,319.0,110165,0.0,0.0
2017-07-20 00:00:00-04:00,321.0,321.0,308.0,309.0,34115,0.0,0.0
2017-07-21 00:00:00-04:00,310.0,311.0,293.6000061035156,295.0,44900,0.0,0.0
2017-07-24 00:00:00-04:00,297.0,298.6000061035156,287.0,293.0,38020,0.0,0.0
2017-07-25 00:00:00-04:00,303.0,308.0,296.6000061035156,302.0,40320,0.0,0.0
2017-07-26 00:00:00-04:00,306.0,317.0,294.0,310.0,51740,0.0,0.0
2017-07-27 00:00:00-04:00,312.0,316.0,305.0,306.0,57585,0.0,0.0
2017-07-28 00:00:00-04:00,303.0,308.0,271.0,272.0,110830,0.0,0.0
2017-07-31 00:00:00-04:00,273.0,274.0,264.0,265.0,75590,0.0,0.0
2017-08-01 00:00:00-04:00,260.0,266.0,255.0,259.0,99625,0.0,0.0
2017-08-02 00:00:00-04:00,256.0,266.0,250.0,263.0,55240,0.0,0.0
2017-08-03 00:00:00-04:00,264.0,267.0,258.79998779296875,262.0,28280,0.0,0.0
2017-08-04 00:00:00-04:00,262.0,271.0,260.0,269.0,25415,0.0,0.0
2017-08-07 00:00:00-04:00,266.0,267.0,255.0,255.0,16945,0.0,0.0
2017-08-08 00:00:00-04:00,254.0,261.0,247.60000610351562,252.0,52490,0.0,0.0
2017-08-09 00:00:00-04:00,253.0,257.0,247.60000610351562,252.0,38595,0.0,0.0
2017-08-10 00:00:00-04:00,254.0,255.0,244.0,244.0,37085,0.0,0.0
2017-08-11 00:00:00-04:00,242.0,248.0,238.0,240.0,35290,0.0,0.0
2017-08-14 00:00:00-04:00,240.0,242.0,234.0,234.0,32915,0.0,0.0
2017-08-15 00:00:00-04:00,233.0,236.0,223.0,225.0,47720,0.0,0.0
2017-08-16 00:00:00-04:00,226.0,229.0,215.0,217.0,39880,0.0,0.0
2017-08-17 00:00:00-04:00,215.0,217.0,208.0,209.0,66120,0.0,0.0
2017-08-18 00:00:00-04:00,207.0,215.0,207.0,210.0,43615,0.0,0.0
2017-08-21 00:00:00-04:00,209.0,210.0,201.0,207.0,49880,0.0,0.0
2017-08-22 00:00:00-04:00,208.0,215.0,207.60000610351562,210.0,41060,0.0,0.0
2017-08-23 00:00:00-04:00,208.0,212.0,207.0,211.0,20090,0.0,0.0
2017-08-24 00:00:00-04:00,202.0,211.60000610351562,202.0,207.0,43310,0.0,0.0
2017-08-25 00:00:00-04:00,209.0,215.0,207.0,211.0,37745,0.0,0.0
2017-08-28 00:00:00-04:00,212.0,213.0,208.60000610351562,211.0,76590,0.0,0.0
2017-08-29 00:00:00-04:00,210.0,221.0,208.0,219.0,128580,0.0,0.0
2017-08-30 00:00:00-04:00,217.0,227.0,216.0,226.0,74415,0.0,0.0
2017-08-31 00:00:00-04:00,228.0,234.0,224.0,232.0,50390,0.0,0.0
2017-09-01 00:00:00-04:00,231.0,232.0,223.60000610351562,225.0,35075,0.0,0.0
2017-09-05 00:00:00-04:00,229.0,240.0,229.0,233.0,39310,0.0,0.0
2017-09-06 00:00:00-04:00,236.0,242.0,235.60000610351562,241.0,38155,0.0,0.0
2017-09-07 00:00:00-04:00,240.0,250.0,240.0,249.0,42785,0.0,0.0
2017-09-08 00:00:00-04:00,247.0,251.0,245.0,248.0,81030,0.0,0.0
2017-09-11 00:00:00-04:00,248.0,260.0,240.0,259.0,71480,0.0,0.0
2017-09-12 00:00:00-04:00,259.0,267.0,255.0,265.0,44885,0.0,0.0
2017-09-13 00:00:00-04:00,266.0,288.0,265.0,280.0,80495,0.0,0.0
2017-09-14 00:00:00-04:00,281.0,285.0,276.0,279.0,88555,0.0,0.0
2017-09-15 00:00:00-04:00,281.0,282.0,276.0,281.0,73870,0.0,0.0
2017-09-18 00:00:00-04:00,279.0,286.0,277.0,281.0,53535,0.0,0.0
2017-09-19 00:00:00-04:00,282.0,285.0,280.0,282.0,27915,0.0,0.0
2017-09-20 00:00:00-04:00,284.0,290.0,283.0,284.79998779296875,47435,0.0,0.0
2017-09-21 00:00:00-04:00,285.0,292.0,281.0,288.0,28700,0.0,0.0
2017-09-22 00:00:00-04:00,286.0,292.0,284.0,291.0,28580,0.0,0.0
2017-09-25 00:00:00-04:00,294.0,301.6000061035156,294.0,301.0,41395,0.0,0.0
2017-09-26 00:00:00-04:00,298.0,318.0,296.0,309.0,87085,0.0,0.0
2017-09-27 00:00:00-04:00,309.0,318.0,305.0,313.0,69775,0.0,0.0
2017-09-28 00:00:00-04:00,314.0,319.6000061035156,311.0,319.0,77125,0.0,0.0
2017-09-29 00:00:00-04:00,319.0,320.0,312.0,318.0,45955,0.0,0.0
2017-10-02 00:00:00-04:00,317.0,317.0,301.0,302.0,57485,0.0,0.0
2017-10-03 00:00:00-04:00,303.0,310.0,299.6000061035156,307.79998779296875,82830,0.0,0.0
2017-10-04 00:00:00-04:00,311.0,315.0,303.0,308.0,46995,0.0,0.0
2017-10-05 00:00:00-04:00,312.0,316.0,307.0,310.0,40700,0.0,0.0
2017-10-06 00:00:00-04:00,303.0,307.0,296.0,300.0,31445,0.0,0.0
2017-10-09 00:00:00-04:00,304.0,309.0,303.0,303.0,23895,0.0,0.0
2017-10-10 00:00:00-04:00,308.0,311.0,300.0,301.0,28790,0.0,0.0
2017-10-11 00:00:00-04:00,302.0,307.0,300.0,306.0,26385,0.0,0.0
2017-10-12 00:00:00-04:00,298.0,299.0,285.0,285.0,48240,0.0,0.0
2017-10-13 00:00:00-04:00,285.0,289.6000061035156,283.0,284.0,29015,0.0,0.0
2017-10-16 00:00:00-04:00,286.0,288.6000061035156,279.0,281.0,29155,0.0,0.0
2017-10-17 00:00:00-04:00,280.0,284.0,276.0,278.0,25280,0.0,0.0
2017-10-18 00:00:00-04:00,277.0,281.0,270.0,274.0,39110,0.0,0.0
2017-10-19 00:00:00-04:00,272.0,281.0,270.0,274.0,32670,0.0,0.0
2017-10-20 00:00:00-04:00,276.0,278.0,271.0,272.0,29510,0.0,0.0
2017-10-23 00:00:00-04:00,272.0,276.0,268.0,270.0,28755,0.0,0.0
2017-10-24 00:00:00-04:00,274.0,281.0,273.6000061035156,274.0,29935,0.0,0.0
2017-10-25 00:00:00-04:00,275.0,275.0,265.0,268.0,30880,0.0,0.0
2017-10-26 00:00:00-04:00,269.0,271.0,262.0,265.79998779296875,64445,0.0,0.0
2017-10-27 00:00:00-04:00,265.0,268.0,253.0,266.0,66060,0.0,0.0
2017-10-30 00:00:00-04:00,268.0,281.0,266.0,279.0,53390,0.0,0.0
2017-10-31 00:00:00-04:00,282.0,300.0,279.0,288.0,72230,0.0,0.0
2017-11-01 00:00:00-04:00,287.0,295.0,281.0,294.0,61670,0.0,0.0
2017-11-02 00:00:00-04:00,291.0,294.0,279.0,281.0,50000,0.0,0.0
2017-11-03 00:00:00-04:00,279.0,284.0,274.6000061035156,278.79998779296875,76595,0.0,0.0
2017-11-06 00:00:00-05:00,282.0,292.0,273.0,290.0,122395,0.0,0.0
2017-11-07 00:00:00-05:00,292.0,294.0,283.0,288.79998779296875,48480,0.0,0.0
2017-11-08 00:00:00-05:00,285.0,287.0,276.0,284.0,40425,0.0,0.0
2017-11-09 00:00:00-05:00,282.0,290.0,278.0,285.0,29535,0.0,0.0
2017-11-10 00:00:00-05:00,285.0,288.0,281.0,285.0,21835,0.0,0.0
2017-11-13 00:00:00-05:00,283.0,283.0,275.0,278.0,17800,0.0,0.0
2017-11-14 00:00:00-05:00,277.0,278.0,267.0,268.0,32315,0.0,0.0
2017-11-15 00:00:00-05:00,263.0,264.0,251.0,261.0,49925,0.0,0.0
2017-11-16 00:00:00-05:00,261.0,262.0,255.0,259.0,35545,0.0,0.0
2017-11-17 00:00:00-05:00,260.0,267.0,258.0,265.0,19850,0.0,0.0
2017-11-20 00:00:00-05:00,264.0,265.0,258.6000061035156,264.0,17400,0.0,0.0
2017-11-21 00:00:00-05:00,266.0,272.0,263.6000061035156,267.0,21765,0.0,0.0
2017-11-22 00:00:00-05:00,270.0,277.0,268.0,271.0,20985,0.0,0.0
2017-11-24 00:00:00-05:00,271.0,274.0,269.0,269.0,10985,0.0,0.0
2017-11-27 00:00:00-05:00,268.0,271.6000061035156,262.0,268.0,29090,0.0,0.0
2017-11-28 00:00:00-05:00,267.0,279.0,264.0,277.0,36060,0.0,0.0
2017-11-29 00:00:00-05:00,276.0,284.6000061035156,270.0,279.0,46300,0.0,0.0
2017-11-30 00:00:00-05:00,282.0,293.6000061035156,281.0,284.0,36250,0.0,0.0
2017-12-01 00:00:00-05:00,287.0,299.0,287.0,298.0,48070,0.0,0.0
2017-12-04 00:00:00-05:00,299.0,313.0,298.6000061035156,306.0,92520,0.0,0.0
2017-12-05 00:00:00-05:00,304.0,308.0,295.0,297.0,61380,0.0,0.0
2017-12-06 00:00:00-05:00,294.0,295.0,281.0,282.0,71915,0.0,0.0
2017-12-07 00:00:00-05:00,281.0,285.6000061035156,278.0,280.0,29135,0.0,0.0
2017-12-08 00:00:00-05:00,285.0,292.0,281.0,290.0,26580,0.0,0.0
2017-12-11 00:00:00-05:00,290.0,296.0,289.0,290.0,32945,0.0,0.0
2017-12-12 00:00:00-05:00,293.0,297.0,286.0,288.0,36585,0.0,0.0
2017-12-13 00:00:00-05:00,287.0,287.0,278.0,281.0,90460,0.0,0.0
2017-12-14 00:00:00-05:00,279.0,281.6000061035156,271.0,272.0,47570,0.0,0.0
2017-12-15 00:00:00-05:00,275.0,275.0,263.0,264.0,202660,0.0,0.0
2017-12-18 00:00:00-05:00,266.0,287.0,265.0,284.0,52710,0.0,0.0
2017-12-19 00:00:00-05:00,283.0,286.0,273.0,275.0,61365,0.0,0.0
2017-12-20 00:00:00-05:00,279.0,292.0,273.0,288.0,39290,0.0,0.0
2017-12-21 00:00:00-05:00,288.0,304.0,286.0,303.0,77910,0.0,0.0
2017-12-22 00:00:00-05:00,306.0,306.0,299.0,302.0,28245,0.0,0.0
2017-12-26 00:00:00-05:00,304.0,308.6000061035156,301.0,306.0,44365,0.0,0.0
2017-12-27 00:00:00-05:00,305.0,308.0,302.0,305.0,32005,0.0,0.0
2017-12-28 00:00:00-05:00,306.0,309.0,303.0,303.0,28145,0.0,0.0
2017-12-29 00:00:00-05:00,305.0,314.0,299.6000061035156,311.0,47645,0.0,0.0
2018-01-02 00:00:00-05:00,312.0,330.0,309.6000061035156,329.0,65185,0.0,0.0
2018-01-03 00:00:00-05:00,332.0,333.0,324.0,324.0,72020,0.0,0.0
2018-01-04 00:00:00-05:00,326.0,333.0,321.0,332.0,79165,0.0,0.0
2018-01-05 00:00:00-05:00,333.0,335.0,328.0,332.0,29040,0.0,0.0
2018-01-08 00:00:00-05:00,331.0,342.0,328.6000061035156,342.0,73355,0.0,0.0
2018-01-09 00:00:00-05:00,342.0,347.0,336.0,336.0,28615,0.0,0.0
2018-01-10 00:00:00-05:00,336.0,338.0,331.0,331.0,20020,0.0,0.0
2018-01-11 00:00:00-05:00,336.0,347.6000061035156,330.0,346.0,80275,0.0,0.0
2018-01-12 00:00:00-05:00,349.0,350.0,344.0,347.0,39010,0.0,0.0
2018-01-16 00:00:00-05:00,347.0,352.0,338.0,347.0,68070,0.0,0.0
2018-01-17 00:00:00-05:00,350.0,354.0,344.0,346.0,44420,0.0,0.0
2018-01-18 00:00:00-05:00,347.0,352.0,339.0,340.0,51495,0.0,0.0
2018-01-19 00:00:00-05:00,336.0,345.3999938964844,332.0,343.0,24525,0.0,0.0
2018-01-22 00:00:00-05:00,345.0,355.0,340.0,355.0,21685,0.0,0.0
2018-01-23 00:00:00-05:00,356.0,359.0,349.6000061035156,355.0,18645,0.0,0.0
2018-01-24 00:00:00-05:00,356.0,359.0,346.0,354.0,84235,0.0,0.0
2018-01-25 00:00:00-05:00,357.0,358.0,349.6000061035156,353.0,38635,0.0,0.0
2018-01-26 00:00:00-05:00,353.0,357.0,348.0,351.0,24620,0.0,0.0
2018-01-29 00:00:00-05:00,347.0,348.0,339.6000061035156,341.0,31025,0.0,0.0
2018-01-30 00:00:00-05:00,337.0,340.0,329.0,339.0,33350,0.0,0.0
2018-01-31 00:00:00-05:00,342.0,342.0,336.0,338.0,22685,0.0,0.0
2018-02-01 00:00:00-05:00,338.0,347.0,336.0,343.0,25175,0.0,0.0
2018-02-02 00:00:00-05:00,337.0,337.0,324.0,327.0,35155,0.0,0.0
2018-02-05 00:00:00-05:00,323.0,327.6000061035156,308.0,310.0,46720,0.0,0.0
2018-02-06 00:00:00-05:00,305.0,318.0,303.6000061035156,315.0,45450,0.0,0.0
2018-02-07 00:00:00-05:00,315.0,318.0,299.0,302.0,31060,0.0,0.0
2018-02-08 00:00:00-05:00,302.0,303.0,276.0,278.0,85370,0.0,0.0
2018-02-09 00:00:00-05:00,250.0,258.0,214.0,235.0,361635,0.0,0.0
2018-02-12 00:00:00-05:00,237.0,240.0,216.60000610351562,229.0,211735,0.0,0.0
2018-02-13 00:00:00-05:00,229.0,232.0,223.0,228.0,121210,0.0,0.0
2018-02-14 00:00:00-05:00,223.0,251.0,223.0,245.0,84740,0.0,0.0
2018-02-15 00:00:00-05:00,245.0,245.0,230.0,239.0,145880,0.0,0.0
2018-02-16 00:00:00-05:00,237.0,249.0,236.0,240.0,74445,0.0,0.0
2018-02-20 00:00:00-05:00,240.0,245.60000610351562,231.0,231.0,58240,0.0,0.0
2018-02-21 00:00:00-05:00,229.0,239.0,229.0,230.0,42410,0.0,0.0
2018-02-22 00:00:00-05:00,234.0,241.0,233.0,236.0,59320,0.0,0.0
2018-02-23 00:00:00-05:00,239.0,250.0,235.0,249.0,122120,0.0,0.0
2018-02-26 00:00:00-05:00,251.0,253.0,243.0,245.0,76010,0.0,0.0
2018-02-27 00:00:00-05:00,244.0,246.0,237.0,239.0,53165,0.0,0.0
2018-02-28 00:00:00-05:00,241.0,241.60000610351562,225.0,226.0,57450,0.0,0.0
2018-03-01 00:00:00-05:00,225.0,227.0,214.0,216.0,90315,0.0,0.0
2018-03-02 00:00:00-05:00,212.0,221.0,208.0,220.0,59345,0.0,0.0
2018-03-05 00:00:00-05:00,217.0,234.0,217.0,232.0,67165,0.0,0.0
2018-03-06 00:00:00-05:00,234.0,241.0,231.0,239.0,69190,0.0,0.0
2018-03-07 00:00:00-05:00,235.0,243.60000610351562,234.0,241.0,98025,0.0,0.0
2018-03-08 00:00:00-05:00,241.0,243.0,233.60000610351562,237.0,54205,0.0,0.0
2018-03-09 00:00:00-05:00,240.0,244.60000610351562,238.0,240.0,43085,0.0,0.0
2018-03-12 00:00:00-04:00,240.0,246.0,237.39999389648438,244.0,50045,0.0,0.0
2018-03-13 00:00:00-04:00,246.0,252.0,244.60000610351562,245.0,51985,0.0,0.0
2018-03-14 00:00:00-04:00,247.0,251.60000610351562,244.0,245.0,43660,0.0,0.0
2018-03-15 00:00:00-04:00,247.0,249.0,238.0,239.0,87175,0.0,0.0
2018-03-16 00:00:00-04:00,239.0,250.0,235.0,248.0,87100,0.0,0.0
2018-03-19 00:00:00-04:00,244.0,244.0,223.0,227.0,111000,0.0,0.0
2018-03-20 00:00:00-04:00,228.0,231.0,222.0,228.0,64380,0.0,0.0
2018-03-21 00:00:00-04:00,230.0,243.0,225.0,240.0,88440,0.0,0.0
2018-03-22 00:00:00-04:00,235.0,239.0,227.0,228.0,77170,0.0,0.0
2018-03-23 00:00:00-04:00,230.0,234.60000610351562,224.0,226.0,61455,0.0,0.0
2018-03-26 00:00:00-04:00,230.0,231.0,216.0,229.0,63785,0.0,0.0
2018-03-27 00:00:00-04:00,229.0,230.0,214.0,215.0,33435,0.0,0.0
2018-03-28 00:00:00-04:00,215.0,217.0,208.0,211.0,39750,0.0,0.0
2018-03-29 00:00:00-04:00,212.0,222.0,208.0,220.0,56930,0.0,0.0
2018-04-02 00:00:00-04:00,218.0,218.0,207.0,212.0,64255,0.0,0.0
2018-04-03 00:00:00-04:00,212.0,218.0,206.0,216.0,45770,0.0,0.0
2018-04-04 00:00:00-04:00,212.0,218.0,210.0,216.0,37850,0.0,0.0
2018-04-05 00:00:00-04:00,217.0,236.60000610351562,216.60000610351562,231.0,52205,0.0,0.0
2018-04-06 00:00:00-04:00,228.0,233.0,216.0,221.0,39375,0.0,0.0
2018-04-09 00:00:00-04:00,222.0,223.0,216.0,220.0,38625,0.0,0.0
2018-04-10 00:00:00-04:00,228.0,239.0,222.0,236.0,39625,0.0,0.0
2018-04-11 00:00:00-04:00,236.0,246.0,232.0,244.0,49110,0.0,0.0
2018-04-12 00:00:00-04:00,245.0,250.0,241.0,248.0,33105,0.0,0.0
2018-04-13 00:00:00-04:00,248.0,251.0,243.60000610351562,246.0,39200,0.0,0.0
2018-04-16 00:00:00-04:00,243.0,249.0,234.0,241.0,46915,0.0,0.0
2018-04-17 00:00:00-04:00,242.0,242.0,236.0,241.0,60275,0.0,0.0
2018-04-18 00:00:00-04:00,246.0,252.0,246.0,247.0,55020,0.0,0.0
2018-04-19 00:00:00-04:00,248.0,249.0,238.60000610351562,240.0,55535,0.0,0.0
2018-04-20 00:00:00-04:00,239.0,245.0,236.0,241.0,29600,0.0,0.0
2018-04-23 00:00:00-04:00,240.0,243.0,235.0,243.0,27590,0.0,0.0
2018-04-24 00:00:00-04:00,244.0,248.0,240.60000610351562,244.0,64220,0.0,0.0
2018-04-25 00:00:00-04:00,242.0,250.0,240.39999389648438,247.0,26785,0.0,0.0
2018-04-26 00:00:00-04:00,248.0,258.0,248.0,254.0,44825,0.0,0.0
2018-04-27 00:00:00-04:00,253.0,255.60000610351562,247.0,255.0,40610,0.0,0.0
2018-04-30 00:00:00-04:00,253.0,259.0,251.0,252.0,83720,0.0,0.0
2018-05-01 00:00:00-04:00,255.0,265.0,241.0,262.0,87595,0.0,0.0
2018-05-02 00:00:00-04:00,264.0,272.0,261.0,269.0,113665,0.0,0.0
2018-05-03 00:00:00-04:00,268.0,269.0,263.0,267.0,51230,0.0,0.0
2018-05-04 00:00:00-04:00,264.0,280.0,264.0,278.0,32185,0.0,0.0
2018-05-07 00:00:00-04:00,280.0,293.0,278.0,281.0,46005,0.0,0.0
2018-05-08 00:00:00-04:00,279.0,283.0,269.6000061035156,280.0,85745,0.0,0.0
2018-05-09 00:00:00-04:00,287.0,295.0,283.0,289.0,59495,0.0,0.0
2018-05-10 00:00:00-04:00,289.0,296.0,285.0,290.0,45875,0.0,0.0
2018-05-11 00:00:00-04:00,290.0,293.0,284.0,287.0,44095,0.0,0.0
2018-05-14 00:00:00-04:00,290.0,294.6000061035156,284.0,286.0,45855,0.0,0.0
2018-05-15 00:00:00-04:00,286.0,297.6000061035156,283.0,296.0,51350,0.0,0.0
2018-05-16 00:00:00-04:00,297.0,308.0,294.0,307.0,65150,0.0,0.0
2018-05-17 00:00:00-04:00,310.0,320.3999938964844,304.0,311.0,36685,0.0,0.0
2018-05-18 00:00:00-04:00,312.0,313.0,304.0,308.0,48695,0.0,0.0
2018-05-21 00:00:00-04:00,312.0,313.0,306.3999938964844,309.0,34530,0.0,0.0
2018-05-22 00:00:00-04:00,308.0,318.6000061035156,302.0,304.0,52585,0.0,0.0
2018-05-23 00:00:00-04:00,300.0,304.0,290.6000061035156,291.0,37700,0.0,0.0
2018-05-24 00:00:00-04:00,285.0,293.0,284.0,289.0,55090,0.0,0.0
2018-05-25 00:00:00-04:00,280.0,284.0,271.6000061035156,280.0,29700,0.0,0.0
2018-05-29 00:00:00-04:00,276.0,288.0,276.0,283.0,40150,0.0,0.0
2018-05-30 00:00:00-04:00,287.0,293.0,284.0,288.0,35390,0.0,0.0
2018-05-31 00:00:00-04:00,285.0,289.6000061035156,281.0,283.0,46415,0.0,0.0
2018-06-01 00:00:00-04:00,285.0,289.0,277.0,281.0,62610,0.0,0.0
2018-06-04 00:00:00-04:00,282.0,283.6000061035156,263.0,267.0,84970,0.0,0.0
2018-06-05 00:00:00-04:00,266.0,276.6000061035156,265.0,276.0,39965,0.0,0.0
2018-06-06 00:00:00-04:00,277.0,279.0,270.6000061035156,272.0,28180,0.0,0.0
2018-06-07 00:00:00-04:00,275.0,281.0,272.6000061035156,278.0,41660,0.0,0.0
2018-06-08 00:00:00-04:00,276.0,278.0,250.0,256.0,72225,0.0,0.0
2018-06-11 00:00:00-04:00,254.0,257.0,251.0,252.0,49050,0.0,0.0
2018-06-12 00:00:00-04:00,252.0,257.0,247.0,249.0,47425,0.0,0.0
2018-06-13 00:00:00-04:00,249.0,253.0,245.0,247.0,48985,0.0,0.0
2018-06-14 00:00:00-04:00,250.0,250.0,239.0,241.0,55260,0.0,0.0
2018-06-15 00:00:00-04:00,239.0,241.0,228.60000610351562,240.0,55790,0.0,0.0
2018-06-18 00:00:00-04:00,239.0,247.0,237.0,244.0,24190,0.0,0.0
2018-06-19 00:00:00-04:00,240.0,253.0,238.0,253.0,40615,0.0,0.0
2018-06-20 00:00:00-04:00,256.0,256.0,242.0,244.0,59435,0.0,0.0
2018-06-21 00:00:00-04:00,242.0,242.0,230.0,232.0,45940,0.0,0.0
2018-06-22 00:00:00-04:00,243.0,245.0,237.0,243.0,88165,0.0,0.0
2018-06-25 00:00:00-04:00,241.0,244.0,237.0,237.0,69475,0.0,0.0
2018-06-26 00:00:00-04:00,238.0,245.0,232.0,244.0,60880,0.0,0.0
2018-06-27 00:00:00-04:00,247.0,255.0,245.0,247.0,39140,0.0,0.0
2018-06-28 00:00:00-04:00,246.0,247.0,240.0,244.0,33315,0.0,0.0
2018-06-29 00:00:00-04:00,246.0,250.0,244.0,247.0,31315,0.0,0.0
2018-07-02 00:00:00-04:00,245.0,246.0,237.60000610351562,242.0,29585,0.0,0.0
2018-07-03 00:00:00-04:00,246.0,254.0,245.0,248.0,11115,0.0,0.0
2018-07-05 00:00:00-04:00,250.0,254.0,247.0,253.0,54265,0.0,0.0
2018-07-06 00:00:00-04:00,247.0,254.0,247.0,250.0,23955,0.0,0.0
2018-07-09 00:00:00-04:00,252.0,262.0,251.0,260.0,22960,0.0,0.0
2018-07-10 00:00:00-04:00,262.0,268.0,254.0,257.0,29665,0.0,0.0
2018-07-11 00:00:00-04:00,250.0,256.6000061035156,243.0,244.0,34690,0.0,0.0
2018-07-12 00:00:00-04:00,245.0,246.0,233.0,242.0,44125,0.0,0.0
2018-07-13 00:00:00-04:00,246.0,254.0,242.60000610351562,253.0,67025,0.0,0.0
2018-07-16 00:00:00-04:00,249.0,249.0,240.0,245.0,23925,0.0,0.0
2018-07-17 00:00:00-04:00,243.0,252.0,241.0,248.0,32885,0.0,0.0
2018-07-18 00:00:00-04:00,246.0,249.60000610351562,240.0,249.0,39305,0.0,0.0
2018-07-19 00:00:00-04:00,245.0,255.0,242.0,246.0,62605,0.0,0.0
2018-07-20 00:00:00-04:00,246.0,248.0,239.0,240.0,33240,0.0,0.0
2018-07-23 00:00:00-04:00,239.0,242.0,234.0,236.0,42025,0.0,0.0
2018-07-24 00:00:00-04:00,238.0,240.60000610351562,233.0,235.0,36070,0.0,0.0
2018-07-25 00:00:00-04:00,235.0,238.0,227.0,233.0,75240,0.0,0.0
2018-07-26 00:00:00-04:00,233.0,234.0,226.0,232.0,63430,0.0,0.0
2018-07-27 00:00:00-04:00,232.0,235.0,227.0,232.0,76125,0.0,0.0
2018-07-30 00:00:00-04:00,235.0,248.0,235.0,241.0,88560,0.0,0.0
2018-07-31 00:00:00-04:00,247.0,265.0,232.0,263.0,120265,0.0,0.0
2018-08-01 00:00:00-04:00,224.0,260.0,224.0,247.0,55190,0.0,0.0
2018-08-02 00:00:00-04:00,246.0,252.0,241.0,245.0,47310,0.0,0.0
2018-08-03 00:00:00-04:00,244.0,251.0,234.0,236.0,29795,0.0,0.0
2018-08-06 00:00:00-04:00,236.0,247.0,232.0,245.0,40340,0.0,0.0
2018-08-07 00:00:00-04:00,248.0,257.0,246.60000610351562,249.0,36300,0.0,0.0
2018-08-08 00:00:00-04:00,247.0,250.0,242.0,247.0,44305,0.0,0.0
2018-08-09 00:00:00-04:00,248.0,248.0,240.0,244.0,26700,0.0,0.0
2018-08-10 00:00:00-04:00,244.0,248.0,240.0,247.0,24950,0.0,0.0
2018-08-13 00:00:00-04:00,245.0,246.60000610351562,234.0,236.0,25390,0.0,0.0
2018-08-14 00:00:00-04:00,238.0,242.0,234.60000610351562,237.0,24930,0.0,0.0
2018-08-15 00:00:00-04:00,235.0,236.0,226.0,227.0,35085,0.0,0.0
2018-08-16 00:00:00-04:00,229.0,233.0,226.0,230.0,16700,0.0,0.0
2018-08-17 00:00:00-04:00,230.0,232.60000610351562,226.0,232.0,30035,0.0,0.0
2018-08-20 00:00:00-04:00,232.0,238.0,229.0,234.0,28000,0.0,0.0
2018-08-21 00:00:00-04:00,238.0,244.0,236.0,238.0,23260,0.0,0.0
2018-08-22 00:00:00-04:00,240.0,243.0,236.60000610351562,241.0,20035,0.0,0.0
2018-08-23 00:00:00-04:00,241.0,243.0,237.0,242.0,15485,0.0,0.0
2018-08-24 00:00:00-04:00,245.0,251.0,243.0,251.0,48790,0.0,0.0
2018-08-27 00:00:00-04:00,251.0,256.0,245.0,247.0,22880,0.0,0.0
2018-08-28 00:00:00-04:00,248.0,250.0,240.0,244.0,16155,0.0,0.0
2018-08-29 00:00:00-04:00,245.0,247.0,242.0,243.0,34960,0.0,0.0
2018-08-30 00:00:00-04:00,243.0,245.0,234.60000610351562,235.0,27320,0.0,0.0
2018-08-31 00:00:00-04:00,234.0,240.0,231.0,239.0,21795,0.0,0.0
2018-09-04 00:00:00-04:00,240.0,240.0,231.0,233.0,13960,0.0,0.0
2018-09-05 00:00:00-04:00,231.0,231.0,223.60000610351562,226.0,30580,0.0,0.0
2018-09-06 00:00:00-04:00,225.0,225.39999389648438,206.0,208.0,45105,0.0,0.0
2018-09-07 00:00:00-04:00,202.0,209.0,199.0,205.0,70770,0.0,0.0
2018-09-10 00:00:00-04:00,206.0,215.0,205.0,211.0,27440,0.0,0.0
2018-09-11 00:00:00-04:00,209.0,221.0,208.0,218.0,28735,0.0,0.0
2018-09-12 00:00:00-04:00,222.0,228.0,221.0,227.0,29680,0.0,0.0
2018-09-13 00:00:00-04:00,224.0,227.0,222.0,222.0,27650,0.0,0.0
2018-09-14 00:00:00-04:00,222.0,231.0,217.0,228.0,42625,0.0,0.0
2018-09-17 00:00:00-04:00,212.0,226.0,211.0,218.0,46660,0.0,0.0
2018-09-18 00:00:00-04:00,221.0,227.0,219.0,224.0,39775,0.0,0.0
2018-09-19 00:00:00-04:00,222.0,233.0,222.0,227.0,34155,0.0,0.0
2018-09-20 00:00:00-04:00,228.0,232.0,222.0,224.0,42220,0.0,0.0
2018-09-21 00:00:00-04:00,224.0,226.60000610351562,219.60000610351562,224.0,62485,0.0,0.0
2018-09-24 00:00:00-04:00,226.0,229.0,218.0,220.0,35050,0.0,0.0
2018-09-25 00:00:00-04:00,222.0,223.0,216.0,217.0,40950,0.0,0.0
2018-09-26 00:00:00-04:00,217.0,219.0,207.0,208.0,50990,0.0,0.0
2018-09-27 00:00:00-04:00,207.0,215.0,199.0,209.0,48290,0.0,0.0
2018-09-28 00:00:00-04:00,208.0,211.0,204.0,207.0,32190,0.0,0.0
2018-10-01 00:00:00-04:00,208.8000030517578,213.8000030517578,207.0,211.8000030517578,65815,0.0,0.0
2018-10-02 00:00:00-04:00,216.1999969482422,223.1999969482422,210.1999969482422,212.0,64645,0.0,0.0
2018-10-03 00:00:00-04:00,211.8000030517578,228.39999389648438,211.60000610351562,223.0,88550,0.0,0.0
2018-10-04 00:00:00-04:00,221.60000610351562,227.39999389648438,220.1999969482422,220.39999389648438,74690,0.0,0.0
2018-10-05 00:00:00-04:00,220.0,224.39999389648438,216.60000610351562,222.39999389648438,68745,0.0,0.0
2018-10-08 00:00:00-04:00,221.0,230.0,216.1999969482422,227.39999389648438,52600,0.0,0.0
2018-10-09 00:00:00-04:00,230.0,233.39999389648438,225.60000610351562,229.8000030517578,48360,0.0,0.0
2018-10-10 00:00:00-04:00,225.39999389648438,225.60000610351562,199.8000030517578,200.1999969482422,73830,0.0,0.0
2018-10-11 00:00:00-04:00,197.1999969482422,200.8000030517578,188.0,190.1999969482422,65615,0.0,0.0
2018-10-12 00:00:00-04:00,193.0,197.8000030517578,188.8000030517578,196.0,60975,0.0,0.0
2018-10-15 00:00:00-04:00,197.0,197.60000610351562,189.0,195.0,49070,0.0,0.0
2018-10-16 00:00:00-04:00,196.39999389648438,202.0,192.1999969482422,201.1999969482422,45660,0.0,0.0
2018-10-17 00:00:00-04:00,198.60000610351562,201.0,195.8000030517578,199.39999389648438,42290,0.0,0.0
2018-10-18 00:00:00-04:00,197.1999969482422,197.8000030517578,184.8000030517578,185.60000610351562,131485,0.0,0.0
2018-10-19 00:00:00-04:00,186.39999389648438,195.1999969482422,185.60000610351562,185.60000610351562,34905,0.0,0.0
2018-10-22 00:00:00-04:00,185.1999969482422,185.1999969482422,179.0,184.0,29205,0.0,0.0
2018-10-23 00:00:00-04:00,176.0,176.0,167.1999969482422,172.0,49525,0.0,0.0
2018-10-24 00:00:00-04:00,173.39999389648438,174.0,165.39999389648438,165.39999389648438,79555,0.0,0.0
2018-10-25 00:00:00-04:00,171.0,174.60000610351562,164.8000030517578,170.8000030517578,56975,0.0,0.0
2018-10-26 00:00:00-04:00,167.0,174.1999969482422,162.60000610351562,172.0,70295,0.0,0.0
2018-10-29 00:00:00-04:00,172.0,172.8000030517578,159.39999389648438,161.8000030517578,80270,0.0,0.0
2018-10-30 00:00:00-04:00,159.1999969482422,177.1999969482422,158.1999969482422,175.8000030517578,85785,0.0,0.0
2018-10-31 00:00:00-04:00,178.60000610351562,181.60000610351562,173.60000610351562,179.1999969482422,89765,0.0,0.0
2018-11-01 00:00:00-04:00,180.8000030517578,180.8000030517578,166.8000030517578,169.60000610351562,86130,0.0,0.0
2018-11-02 00:00:00-04:00,171.8000030517578,176.60000610351562,167.8000030517578,175.60000610351562,89135,0.0,0.0
2018-11-05 00:00:00-05:00,179.39999389648438,181.0,169.60000610351562,173.8000030517578,43300,0.0,0.0
2018-11-06 00:00:00-05:00,173.8000030517578,175.8000030517578,161.8000030517578,167.0,74110,0.0,0.0
2018-11-07 00:00:00-05:00,169.60000610351562,172.0,164.0,171.39999389648438,59680,0.0,0.0
2018-11-08 00:00:00-05:00,170.0,170.0,163.39999389648438,163.8000030517578,73630,0.0,0.0
2018-11-09 00:00:00-05:00,162.8000030517578,163.39999389648438,153.39999389648438,160.60000610351562,84055,0.0,0.0
2018-11-12 00:00:00-05:00,161.1999969482422,162.8000030517578,149.1999969482422,149.8000030517578,47380,0.0,0.0
2018-11-13 00:00:00-05:00,149.60000610351562,151.39999389648438,143.0,143.1999969482422,50685,0.0,0.0
2018-11-14 00:00:00-05:00,148.0,149.60000610351562,140.60000610351562,144.60000610351562,43830,0.0,0.0
2018-11-15 00:00:00-05:00,143.0,151.60000610351562,141.8000030517578,149.8000030517578,48445,0.0,0.0
2018-11-16 00:00:00-05:00,149.60000610351562,153.8000030517578,148.60000610351562,152.39999389648438,47225,0.0,0.0
2018-11-19 00:00:00-05:00,149.39999389648438,155.39999389648438,149.39999389648438,153.60000610351562,49345,0.0,0.0
2018-11-20 00:00:00-05:00,150.0,150.0,138.1999969482422,144.60000610351562,54595,0.0,0.0
2018-11-21 00:00:00-05:00,147.1999969482422,152.1999969482422,145.60000610351562,151.39999389648438,21445,0.0,0.0
2018-11-23 00:00:00-05:00,144.0,146.60000610351562,140.39999389648438,142.1999969482422,22390,0.0,0.0
2018-11-26 00:00:00-05:00,145.1999969482422,146.60000610351562,142.1999969482422,145.0,60675,0.0,0.0
2018-11-27 00:00:00-05:00,144.60000610351562,150.39999389648438,143.0,144.8000030517578,50760,0.0,0.0
2018-11-28 00:00:00-05:00,145.0,146.39999389648438,137.1999969482422,143.60000610351562,63160,0.0,0.0
2018-11-29 00:00:00-05:00,143.8000030517578,145.8000030517578,138.1999969482422,139.0,37180,0.0,0.0
2018-11-30 00:00:00-05:00,137.0,138.0,131.39999389648438,133.8000030517578,62555,0.0,0.0
2018-12-03 00:00:00-05:00,138.8000030517578,140.0,131.39999389648438,134.8000030517578,107760,0.0,0.0
2018-12-04 00:00:00-05:00,133.8000030517578,134.0,122.5999984741211,123.80000305175781,97425,0.0,0.0
2018-12-06 00:00:00-05:00,119.80000305175781,119.80000305175781,112.80000305175781,114.4000015258789,79135,0.0,0.0
2018-12-07 00:00:00-05:00,118.4000015258789,123.0,112.4000015258789,113.80000305175781,52990,0.0,0.0
2018-12-10 00:00:00-05:00,111.19999694824219,113.4000015258789,104.5999984741211,106.19999694824219,76285,0.0,0.0
2018-12-11 00:00:00-05:00,108.4000015258789,109.0,99.4000015258789,100.80000305175781,94785,0.0,0.0
2018-12-12 00:00:00-05:00,102.4000015258789,106.0,99.80000305175781,101.19999694824219,85215,0.0,0.0
2018-12-13 00:00:00-05:00,100.0,100.19999694824219,95.0,98.80000305175781,80280,0.0,0.0
2018-12-14 00:00:00-05:00,97.0,97.4000015258789,91.19999694824219,93.5999984741211,69160,0.0,0.0
2018-12-17 00:00:00-05:00,93.4000015258789,98.4000015258789,92.5999984741211,93.80000305175781,78320,0.0,0.0
2018-12-18 00:00:00-05:00,94.4000015258789,95.4000015258789,89.4000015258789,91.0,56610,0.0,0.0
2018-12-19 00:00:00-05:00,91.19999694824219,92.0,84.0,84.5999984741211,123645,0.0,0.0
2018-12-20 00:00:00-05:00,82.80000305175781,84.0,77.80000305175781,78.19999694824219,133195,0.0,0.0
2018-12-21 00:00:00-05:00,78.0,78.80000305175781,75.4000015258789,76.19999694824219,138640,0.0,0.0
2018-12-24 00:00:00-05:00,75.19999694824219,77.5999984741211,72.80000305175781,73.19999694824219,26235,0.0,0.0
2018-12-26 00:00:00-05:00,74.4000015258789,79.80000305175781,70.19999694824219,79.5999984741211,54455,0.0,0.0
2018-12-27 00:00:00-05:00,78.0,80.4000015258789,77.19999694824219,80.0,70070,0.0,0.0
2018-12-28 00:00:00-05:00,80.80000305175781,88.19999694824219,80.19999694824219,85.0,69540,0.0,0.0
2018-12-31 00:00:00-05:00,85.80000305175781,85.80000305175781,79.80000305175781,82.5999984741211,74500,0.0,0.0
2019-01-02 00:00:00-05:00,80.80000305175781,88.80000305175781,78.80000305175781,88.80000305175781,66625,0.0,0.0
2019-01-03 00:00:00-05:00,87.4000015258789,93.0,84.19999694824219,90.19999694824219,67655,0.0,0.0
2019-01-04 00:00:00-05:00,91.80000305175781,98.80000305175781,90.80000305175781,96.5999984741211,83865,0.0,0.0
2019-01-07 00:00:00-05:00,96.80000305175781,104.19999694824219,94.0,103.5999984741211,82125,0.0,0.0
2019-01-08 00:00:00-05:00,105.80000305175781,109.4000015258789,103.80000305175781,105.19999694824219,84435,0.0,0.0
2019-01-09 00:00:00-05:00,107.5999984741211,110.5999984741211,105.5999984741211,109.0,44245,0.0,0.0
2019-01-10 00:00:00-05:00,107.0,109.19999694824219,104.5999984741211,109.0,33290,0.0,0.0
2019-01-11 00:00:00-05:00,107.4000015258789,110.19999694824219,105.4000015258789,107.5999984741211,79285,0.0,0.0
2019-01-14 00:00:00-05:00,105.0,107.5999984741211,98.19999694824219,98.5999984741211,64745,0.0,0.0
2019-01-15 00:00:00-05:00,99.19999694824219,102.0,98.80000305175781,100.5999984741211,39615,0.0,0.0
2019-01-16 00:00:00-05:00,95.80000305175781,101.5999984741211,93.19999694824219,100.0,56855,0.0,0.0
2019-01-17 00:00:00-05:00,98.4000015258789,101.80000305175781,97.19999694824219,100.0,48130,0.0,0.0
2019-01-18 00:00:00-05:00,102.4000015258789,106.19999694824219,101.4000015258789,102.19999694824219,95350,0.0,0.0
2019-01-22 00:00:00-05:00,99.19999694824219,102.19999694824219,96.4000015258789,100.19999694824219,56370,0.0,0.0
2019-01-23 00:00:00-05:00,101.19999694824219,101.19999694824219,92.19999694824219,93.19999694824219,32995,0.0,0.0
2019-01-24 00:00:00-05:00,93.19999694824219,97.0,91.5999984741211,95.0,43855,0.0,0.0
2019-01-25 00:00:00-05:00,96.4000015258789,103.5999984741211,96.4000015258789,101.19999694824219,53710,0.0,0.0
2019-01-28 00:00:00-05:00,98.0,98.80000305175781,92.0,98.19999694824219,42530,0.0,0.0
2019-01-29 00:00:00-05:00,99.0,102.80000305175781,97.19999694824219,97.5999984741211,40340,0.0,0.0
2019-01-30 00:00:00-05:00,99.4000015258789,101.0,95.5999984741211,99.19999694824219,53780,0.0,0.0
2019-01-31 00:00:00-05:00,99.5999984741211,101.0,96.19999694824219,98.19999694824219,30060,0.0,0.0
2019-02-01 00:00:00-05:00,98.5999984741211,104.19999694824219,98.4000015258789,101.19999694824219,69215,0.0,0.0
2019-02-04 00:00:00-05:00,99.19999694824219,104.19999694824219,98.5999984741211,104.19999694824219,26040,0.0,0.0
2019-02-05 00:00:00-05:00,103.80000305175781,105.4000015258789,103.0,104.80000305175781,30760,0.0,0.0
2019-02-06 00:00:00-05:00,104.0,106.5999984741211,103.0,105.0,31945,0.0,0.0
2019-02-07 00:00:00-05:00,103.80000305175781,105.4000015258789,95.0,96.0,65125,0.0,0.0
2019-02-08 00:00:00-05:00,107.4000015258789,120.80000305175781,98.19999694824219,116.80000305175781,206005,0.0,0.0
2019-02-11 00:00:00-05:00,116.4000015258789,133.60000610351562,116.0,133.1999969482422,144820,0.0,0.0
2019-02-12 00:00:00-05:00,136.1999969482422,140.0,132.60000610351562,135.8000030517578,145135,0.0,0.0
2019-02-13 00:00:00-05:00,136.1999969482422,139.0,123.19999694824219,126.80000305175781,140520,0.0,0.0
2019-02-14 00:00:00-05:00,126.4000015258789,131.1999969482422,124.4000015258789,128.39999389648438,59950,0.0,0.0
2019-02-15 00:00:00-05:00,129.60000610351562,133.8000030517578,129.0,131.8000030517578,56990,0.0,0.0
2019-02-19 00:00:00-05:00,130.1999969482422,135.60000610351562,129.0,131.1999969482422,56200,0.0,0.0
2019-02-20 00:00:00-05:00,131.39999389648438,133.8000030517578,130.1999969482422,132.39999389648438,48280,0.0,0.0
2019-02-21 00:00:00-05:00,132.60000610351562,132.60000610351562,121.5999984741211,125.19999694824219,61815,0.0,0.0
2019-02-22 00:00:00-05:00,126.80000305175781,128.8000030517578,122.5999984741211,124.4000015258789,30860,0.0,0.0
2019-02-25 00:00:00-05:00,121.5999984741211,125.5999984741211,120.0,121.19999694824219,35940,0.0,0.0
2019-02-26 00:00:00-05:00,120.80000305175781,123.80000305175781,118.0,118.80000305175781,43345,0.0,0.0
2019-02-27 00:00:00-05:00,119.4000015258789,122.5999984741211,116.5999984741211,120.4000015258789,36890,0.0,0.0
2019-02-28 00:00:00-05:00,120.5999984741211,120.5999984741211,113.5999984741211,116.5999984741211,35565,0.0,0.0
2019-03-01 00:00:00-05:00,117.80000305175781,121.0,117.4000015258789,118.19999694824219,34765,0.0,0.0
2019-03-04 00:00:00-05:00,119.4000015258789,122.4000015258789,115.5999984741211,118.5999984741211,44885,0.0,0.0
2019-03-05 00:00:00-05:00,118.80000305175781,119.4000015258789,112.80000305175781,115.0,39765,0.0,0.0
2019-03-06 00:00:00-05:00,114.0,114.0,105.4000015258789,106.5999984741211,48470,0.0,0.0
2019-03-07 00:00:00-05:00,106.4000015258789,108.0,103.0,105.4000015258789,28790,0.0,0.0
2019-03-08 00:00:00-05:00,103.4000015258789,103.4000015258789,99.19999694824219,100.5999984741211,43570,0.0,0.0
2019-03-11 00:00:00-04:00,101.5999984741211,106.4000015258789,100.0,106.19999694824219,41930,0.0,0.0
2019-03-12 00:00:00-04:00,106.5999984741211,114.4000015258789,106.19999694824219,112.0,42875,0.0,0.0
2019-03-13 00:00:00-04:00,113.80000305175781,116.19999694824219,112.0,113.0,45405,0.0,0.0
2019-03-14 00:00:00-04:00,118.0,128.8000030517578,117.19999694824219,119.0,87335,0.0,0.0
2019-03-15 00:00:00-04:00,118.80000305175781,125.5999984741211,118.80000305175781,119.5999984741211,184990,0.0,0.0
2019-03-18 00:00:00-04:00,120.19999694824219,122.5999984741211,119.0,121.4000015258789,60640,0.0,0.0
2019-03-19 00:00:00-04:00,122.80000305175781,124.0,115.80000305175781,117.0,61425,0.0,0.0
2019-03-20 00:00:00-04:00,116.19999694824219,125.0,116.19999694824219,121.5999984741211,43325,0.0,0.0
2019-03-21 00:00:00-04:00,120.5999984741211,123.0,118.5999984741211,121.4000015258789,34830,0.0,0.0
2019-03-22 00:00:00-04:00,118.80000305175781,119.5999984741211,107.4000015258789,109.4000015258789,49545,0.0,0.0
2019-03-25 00:00:00-04:00,108.5999984741211,108.5999984741211,103.0,106.0,51015,0.0,0.0
2019-03-26 00:00:00-04:00,108.19999694824219,109.19999694824219,103.4000015258789,104.5999984741211,66605,0.0,0.0
2019-03-27 00:00:00-04:00,104.5999984741211,106.0,100.4000015258789,101.80000305175781,59500,0.0,0.0
2019-03-28 00:00:00-04:00,101.19999694824219,106.4000015258789,101.19999694824219,105.0,56125,0.0,0.0
2019-03-29 00:00:00-04:00,107.19999694824219,108.4000015258789,101.4000015258789,102.19999694824219,56900,0.0,0.0
2019-04-01 00:00:00-04:00,103.4000015258789,108.0,102.19999694824219,106.80000305175781,65895,0.0,0.0
2019-04-02 00:00:00-04:00,107.0,108.4000015258789,104.80000305175781,105.5999984741211,45675,0.0,0.0
2019-04-03 00:00:00-04:00,107.19999694824219,109.4000015258789,100.5999984741211,102.0,166490,0.0,0.0
2019-04-04 00:00:00-04:00,102.5999984741211,103.19999694824219,99.4000015258789,102.0,69370,0.0,0.0
2019-04-05 00:00:00-04:00,102.80000305175781,114.4000015258789,102.4000015258789,113.0,119590,0.0,0.0
2019-04-08 00:00:00-04:00,113.19999694824219,118.4000015258789,112.19999694824219,116.4000015258789,53245,0.0,0.0
2019-04-09 00:00:00-04:00,114.0,116.19999694824219,109.4000015258789,112.19999694824219,43150,0.0,0.0
2019-04-10 00:00:00-04:00,113.4000015258789,117.5999984741211,113.4000015258789,116.4000015258789,25755,0.0,0.0
2019-04-11 00:00:00-04:00,116.0,117.4000015258789,111.19999694824219,114.80000305175781,84140,0.0,0.0
2019-04-12 00:00:00-04:00,119.0,120.5999984741211,107.5999984741211,109.80000305175781,46730,0.0,0.0
2019-04-15 00:00:00-04:00,108.5999984741211,109.4000015258789,104.4000015258789,106.19999694824219,42960,0.0,0.0
2019-04-16 00:00:00-04:00,107.5999984741211,109.0,104.5999984741211,108.19999694824219,37070,0.0,0.0
2019-04-17 00:00:00-04:00,108.80000305175781,111.80000305175781,106.80000305175781,110.19999694824219,68690,0.0,0.0
2019-04-18 00:00:00-04:00,110.0,112.0,104.4000015258789,105.80000305175781,41950,0.0,0.0
2019-04-22 00:00:00-04:00,106.19999694824219,109.5999984741211,104.4000015258789,106.19999694824219,98620,0.0,0.0
2019-04-23 00:00:00-04:00,106.4000015258789,115.80000305175781,106.4000015258789,114.5999984741211,61545,0.0,0.0
2019-04-24 00:00:00-04:00,114.80000305175781,115.5999984741211,109.0,110.4000015258789,43585,0.0,0.0
2019-04-25 00:00:00-04:00,110.0,111.0,106.80000305175781,107.0,43080,0.0,0.0
2019-04-26 00:00:00-04:00,106.4000015258789,128.0,106.4000015258789,122.5999984741211,157350,0.0,0.0
2019-04-29 00:00:00-04:00,127.80000305175781,132.39999389648438,124.5999984741211,128.0,99425,0.0,0.0
2019-04-30 00:00:00-04:00,129.8000030517578,129.8000030517578,116.80000305175781,119.5999984741211,56160,0.0,0.0
2019-05-01 00:00:00-04:00,119.80000305175781,121.0,112.5999984741211,115.5999984741211,47405,0.0,0.0
2019-05-02 00:00:00-04:00,113.5999984741211,117.19999694824219,112.5999984741211,116.4000015258789,43755,0.0,0.0
2019-05-03 00:00:00-04:00,117.5999984741211,119.19999694824219,114.0,115.80000305175781,56265,0.0,0.0
2019-05-06 00:00:00-04:00,113.5999984741211,116.4000015258789,111.0,115.5999984741211,39060,0.0,0.0
2019-05-07 00:00:00-04:00,112.4000015258789,116.19999694824219,112.0,114.5999984741211,44120,0.0,0.0
2019-05-08 00:00:00-04:00,114.19999694824219,116.80000305175781,112.0,114.5999984741211,47430,0.0,0.0
2019-05-09 00:00:00-04:00,113.0,115.4000015258789,112.4000015258789,114.0,67305,0.0,0.0
2019-05-10 00:00:00-04:00,113.0,115.0,109.80000305175781,112.0,38070,0.0,0.0
2019-05-13 00:00:00-04:00,110.0,111.19999694824219,102.4000015258789,103.5999984741211,50295,0.0,0.0
2019-05-14 00:00:00-04:00,102.80000305175781,108.5999984741211,102.80000305175781,107.4000015258789,29360,0.0,0.0
2019-05-15 00:00:00-04:00,105.5999984741211,108.80000305175781,103.4000015258789,108.19999694824219,22730,0.0,0.0
2019-05-16 00:00:00-04:00,109.4000015258789,111.80000305175781,108.19999694824219,110.0,41640,0.0,0.0
2019-05-17 00:00:00-04:00,108.4000015258789,108.4000015258789,103.4000015258789,104.19999694824219,29405,0.0,0.0
2019-05-20 00:00:00-04:00,103.19999694824219,105.0,101.80000305175781,102.80000305175781,25750,0.0,0.0
2019-05-21 00:00:00-04:00,103.5999984741211,106.80000305175781,102.0,105.0,36300,0.0,0.0
2019-05-22 00:00:00-04:00,102.4000015258789,102.5999984741211,90.19999694824219,93.80000305175781,61535,0.0,0.0
2019-05-23 00:00:00-04:00,92.80000305175781,92.80000305175781,86.5999984741211,87.19999694824219,50740,0.0,0.0
2019-05-24 00:00:00-04:00,89.19999694824219,89.19999694824219,84.5999984741211,87.0,41380,0.0,0.0
2019-05-28 00:00:00-04:00,88.0,88.0,84.19999694824219,85.4000015258789,30670,0.0,0.0
2019-05-29 00:00:00-04:00,84.0,84.80000305175781,80.5999984741211,81.5999984741211,65080,0.0,0.0
2019-05-30 00:00:00-04:00,82.0,84.80000305175781,78.4000015258789,79.19999694824219,51515,0.0,0.0
2019-05-31 00:00:00-04:00,76.19999694824219,78.5999984741211,74.5999984741211,76.4000015258789,52980,0.0,0.0
2019-06-03 00:00:00-04:00,76.5999984741211,77.80000305175781,75.0,76.5999984741211,37250,0.0,0.0
2019-06-04 00:00:00-04:00,77.4000015258789,78.19999694824219,75.0,76.5999984741211,33235,0.0,0.0
2019-06-05 00:00:00-04:00,76.5999984741211,77.80000305175781,71.80000305175781,73.0,35085,0.0,0.0
2019-06-06 00:00:00-04:00,72.80000305175781,74.5999984741211,69.19999694824219,73.80000305175781,46420,0.0,0.0
2019-06-07 00:00:00-04:00,73.19999694824219,74.0,70.80000305175781,72.5999984741211,28545,0.0,0.0
2019-06-10 00:00:00-04:00,72.5999984741211,75.80000305175781,72.0,73.0,42485,0.0,0.0
2019-06-11 00:00:00-04:00,74.5999984741211,75.4000015258789,72.0,73.4000015258789,47105,0.0,0.0
2019-06-12 00:00:00-04:00,73.0,73.5999984741211,67.4000015258789,67.5999984741211,43490,0.0,0.0
2019-06-13 00:00:00-04:00,69.80000305175781,70.19999694824219,66.4000015258789,69.80000305175781,50735,0.0,0.0
2019-06-14 00:00:00-04:00,69.5999984741211,70.19999694824219,66.0,66.80000305175781,37760,0.0,0.0
2019-06-17 00:00:00-04:00,66.5999984741211,70.80000305175781,65.5999984741211,69.0,61890,0.0,0.0
2019-06-18 00:00:00-04:00,69.4000015258789,74.19999694824219,68.0,70.4000015258789,87630,0.0,0.0
2019-06-19 00:00:00-04:00,70.4000015258789,75.5999984741211,69.0,72.0,48960,0.0,0.0
2019-06-20 00:00:00-04:00,74.5999984741211,75.80000305175781,71.0,72.19999694824219,61260,0.0,0.0
2019-06-21 00:00:00-04:00,72.0,74.0,67.4000015258789,69.0,62100,0.0,0.0
2019-06-24 00:00:00-04:00,68.5999984741211,69.4000015258789,61.79999923706055,65.5999984741211,87680,0.0,0.0
2019-06-25 00:00:00-04:00,65.0,66.80000305175781,63.20000076293945,65.0,33345,0.0,0.0
2019-06-26 00:00:00-04:00,65.4000015258789,69.4000015258789,64.5999984741211,67.0,46205,0.0,0.0
2019-06-27 00:00:00-04:00,67.0,68.0,65.19999694824219,66.80000305175781,28795,0.0,0.0
2019-06-28 00:00:00-04:00,66.5999984741211,69.0,63.0,68.4000015258789,72775,0.0,0.0
2019-07-01 00:00:00-04:00,69.80000305175781,71.4000015258789,65.80000305175781,66.4000015258789,41405,0.0,0.0
2019-07-02 00:00:00-04:00,66.4000015258789,66.4000015258789,61.0,61.599998474121094,41585,0.0,0.0
2019-07-03 00:00:00-04:00,62.400001525878906,62.400001525878906,58.20000076293945,60.20000076293945,27615,0.0,0.0
2019-07-05 00:00:00-04:00,60.20000076293945,62.400001525878906,58.79999923706055,61.0,52985,0.0,0.0
2019-07-08 00:00:00-04:00,60.599998474121094,62.0,58.20000076293945,59.0,39455,0.0,0.0
2019-07-09 00:00:00-04:00,58.0,59.0,56.0,57.20000076293945,61165,0.0,0.0
2019-07-10 00:00:00-04:00,57.79999923706055,58.599998474121094,55.79999923706055,58.0,67180,0.0,0.0
2019-07-11 00:00:00-04:00,58.20000076293945,61.0,58.0,59.20000076293945,55605,0.0,0.0
2019-07-12 00:00:00-04:00,59.20000076293945,62.20000076293945,58.20000076293945,60.20000076293945,59955,0.0,0.0
2019-07-15 00:00:00-04:00,60.400001525878906,61.0,56.400001525878906,57.20000076293945,37385,0.0,0.0
2019-07-16 00:00:00-04:00,56.79999923706055,58.0,53.20000076293945,54.400001525878906,74350,0.0,0.0
2019-07-17 00:00:00-04:00,54.400001525878906,54.400001525878906,49.599998474121094,49.79999923706055,67450,0.0,0.0
2019-07-18 00:00:00-04:00,49.79999923706055,49.79999923706055,47.400001525878906,48.599998474121094,74365,0.0,0.0
2019-07-19 00:00:00-04:00,49.0,49.400001525878906,47.20000076293945,49.0,47465,0.0,0.0
2019-07-22 00:00:00-04:00,49.20000076293945,51.20000076293945,48.0,49.79999923706055,57220,0.0,0.0
2019-07-23 00:00:00-04:00,50.20000076293945,51.0,48.79999923706055,49.0,62010,0.0,0.0
2019-07-24 00:00:00-04:00,49.599998474121094,50.0,47.79999923706055,48.599998474121094,56340,0.0,0.0
2019-07-25 00:00:00-04:00,48.599998474121094,49.0,45.79999923706055,46.20000076293945,68550,0.0,0.0
2019-07-26 00:00:00-04:00,46.0,48.599998474121094,45.0,47.599998474121094,137465,0.0,0.0
2019-07-29 00:00:00-04:00,47.599998474121094,47.599998474121094,43.79999923706055,46.20000076293945,125500,0.0,0.0
2019-07-30 00:00:00-04:00,45.0,52.79999923706055,43.599998474121094,52.400001525878906,78995,0.0,0.0
2019-07-31 00:00:00-04:00,52.400001525878906,55.0,52.0,52.400001525878906,50945,0.0,0.0
2019-08-01 00:00:00-04:00,51.20000076293945,51.400001525878906,43.20000076293945,45.0,73265,0.0,0.0
2019-08-02 00:00:00-04:00,44.599998474121094,45.400001525878906,40.79999923706055,41.20000076293945,71810,0.0,0.0
2019-08-05 00:00:00-04:00,39.20000076293945,41.599998474121094,37.79999923706055,40.400001525878906,62205,0.0,0.0
2019-08-06 00:00:00-04:00,40.599998474121094,42.20000076293945,38.0,40.400001525878906,139700,0.0,0.0
2019-08-07 00:00:00-04:00,39.0,39.599998474121094,36.20000076293945,37.400001525878906,77135,0.0,0.0
2019-08-08 00:00:00-04:00,38.0,38.599998474121094,36.20000076293945,36.599998474121094,40090,0.0,0.0
2019-08-09 00:00:00-04:00,36.79999923706055,36.79999923706055,33.20000076293945,33.599998474121094,63115,0.0,0.0
2019-08-12 00:00:00-04:00,33.599998474121094,33.79999923706055,32.0,32.599998474121094,61470,0.0,0.0
2019-08-13 00:00:00-04:00,32.79999923706055,34.599998474121094,31.600000381469727,32.0,50190,0.0,0.0
2019-08-14 00:00:00-04:00,31.0,31.399999618530273,29.0,29.600000381469727,114015,0.0,0.0
2019-08-15 00:00:00-04:00,29.600000381469727,30.0,28.0,28.799999237060547,50140,0.0,0.0
2019-08-16 00:00:00-04:00,29.600000381469727,30.399999618530273,27.399999618530273,30.200000762939453,51645,0.0,0.0
2019-08-19 00:00:00-04:00,30.799999237060547,33.0,30.0,33.0,40445,0.0,0.0
2019-08-20 00:00:00-04:00,32.79999923706055,34.400001525878906,31.200000762939453,34.20000076293945,243270,0.0,0.0
2019-08-21 00:00:00-04:00,35.400001525878906,38.599998474121094,35.20000076293945,36.599998474121094,80255,0.0,0.0
2019-08-22 00:00:00-04:00,36.79999923706055,37.79999923706055,35.0,35.0,43315,0.0,0.0
2019-08-23 00:00:00-04:00,34.0,34.599998474121094,31.399999618530273,31.799999237060547,36520,0.0,0.0
2019-08-26 00:00:00-04:00,32.0,33.0,30.600000381469727,30.799999237060547,49665,0.0,0.0
2019-08-27 00:00:00-04:00,31.0,31.0,28.799999237060547,29.399999618530273,52210,0.0,0.0
2019-08-28 00:00:00-04:00,29.600000381469727,30.600000381469727,28.0,29.399999618530273,30840,0.0,0.0
2019-08-29 00:00:00-04:00,29.799999237060547,31.600000381469727,29.600000381469727,30.799999237060547,24105,0.0,0.0
2019-08-30 00:00:00-04:00,30.799999237060547,30.799999237060547,28.0,28.200000762939453,31650,0.0,0.0
2019-09-03 00:00:00-04:00,27.600000381469727,27.600000381469727,26.200000762939453,26.799999237060547,63995,0.0,0.0
2019-09-04 00:00:00-04:00,27.399999618530273,29.399999618530273,27.0,29.0,49255,0.0,0.0
2019-09-05 00:00:00-04:00,29.399999618530273,31.200000762939453,29.200000762939453,30.399999618530273,45445,0.0,0.0
2019-09-06 00:00:00-04:00,31.0,32.400001525878906,29.0,31.200000762939453,53960,0.0,0.0
2019-09-09 00:00:00-04:00,31.600000381469727,35.0,30.799999237060547,34.79999923706055,45620,0.0,0.0
2019-09-10 00:00:00-04:00,34.400001525878906,39.20000076293945,34.400001525878906,37.599998474121094,105545,0.0,0.0
2019-09-11 00:00:00-04:00,38.20000076293945,39.599998474121094,36.0,38.20000076293945,118425,0.0,0.0
2019-09-12 00:00:00-04:00,36.400001525878906,38.20000076293945,34.0,37.599998474121094,50230,0.0,0.0
2019-09-13 00:00:00-04:00,38.0,39.599998474121094,36.400001525878906,39.400001525878906,53635,0.0,0.0
2019-09-16 00:00:00-04:00,41.79999923706055,44.599998474121094,40.599998474121094,41.79999923706055,137850,0.0,0.0
2019-09-17 00:00:00-04:00,41.79999923706055,42.79999923706055,37.79999923706055,38.79999923706055,62695,0.0,0.0
2019-09-18 00:00:00-04:00,37.79999923706055,38.79999923706055,36.0,37.599998474121094,94440,0.0,0.0
2019-09-19 00:00:00-04:00,37.599998474121094,38.20000076293945,35.599998474121094,36.0,47830,0.0,0.0
2019-09-20 00:00:00-04:00,36.0,36.400001525878906,34.400001525878906,35.0,110605,0.0,0.0
2019-09-23 00:00:00-04:00,34.79999923706055,36.0,32.79999923706055,35.400001525878906,67405,0.0,0.0
2019-09-24 00:00:00-04:00,34.79999923706055,35.20000076293945,31.799999237060547,32.79999923706055,48555,0.0,0.0
2019-09-25 00:00:00-04:00,32.400001525878906,34.400001525878906,31.799999237060547,33.599998474121094,40380,0.0,0.0
2019-09-26 00:00:00-04:00,33.0,33.0,30.200000762939453,31.200000762939453,68465,0.0,0.0
2019-09-27 00:00:00-04:00,30.799999237060547,32.20000076293945,29.799999237060547,31.0,31640,0.0,0.0
2019-09-30 00:00:00-04:00,29.799999237060547,31.600000381469727,29.0,31.0,49165,0.0,0.0
2019-10-01 00:00:00-04:00,31.0,32.0,28.799999237060547,28.799999237060547,29370,0.0,0.0
2019-10-02 00:00:00-04:00,28.399999618530273,29.200000762939453,27.200000762939453,28.399999618530273,46880,0.0,0.0
2019-10-03 00:00:00-04:00,28.0,29.0,27.399999618530273,28.600000381469727,26660,0.0,0.0
2019-10-04 00:00:00-04:00,28.799999237060547,28.799999237060547,26.799999237060547,27.799999237060547,26235,0.0,0.0
2019-10-07 00:00:00-04:00,27.200000762939453,29.0,27.200000762939453,27.799999237060547,27640,0.0,0.0
2019-10-08 00:00:00-04:00,27.0,27.799999237060547,26.200000762939453,26.799999237060547,40545,0.0,0.0
2019-10-09 00:00:00-04:00,27.200000762939453,27.600000381469727,25.200000762939453,26.799999237060547,48990,0.0,0.0
2019-10-10 00:00:00-04:00,27.200000762939453,27.600000381469727,25.399999618530273,27.200000762939453,57035,0.0,0.0
2019-10-11 00:00:00-04:00,27.600000381469727,29.399999618530273,27.600000381469727,28.399999618530273,23595,0.0,0.0
2019-10-14 00:00:00-04:00,27.399999618530273,28.399999618530273,26.600000381469727,28.0,29780,0.0,0.0
2019-10-15 00:00:00-04:00,27.600000381469727,29.399999618530273,27.399999618530273,28.200000762939453,29045,0.0,0.0
2019-10-16 00:00:00-04:00,27.799999237060547,29.200000762939453,27.799999237060547,28.399999618530273,53095,0.0,0.0
2019-10-17 00:00:00-04:00,28.0,29.200000762939453,26.799999237060547,27.0,34340,0.0,0.0
2019-10-18 00:00:00-04:00,26.399999618530273,27.600000381469727,25.399999618530273,25.600000381469727,21255,0.0,0.0
2019-10-21 00:00:00-04:00,25.799999237060547,26.799999237060547,25.200000762939453,25.600000381469727,50925,0.0,0.0
2019-10-22 00:00:00-04:00,25.799999237060547,26.399999618530273,24.600000381469727,24.799999237060547,53345,0.0,0.0
2019-10-23 00:00:00-04:00,24.799999237060547,24.799999237060547,22.799999237060547,23.600000381469727,98570,0.0,0.0
2019-10-24 00:00:00-04:00,24.200000762939453,24.600000381469727,23.0,23.600000381469727,29750,0.0,0.0
2019-10-25 00:00:00-04:00,26.799999237060547,27.200000762939453,23.799999237060547,24.600000381469727,73050,0.0,0.0
2019-10-28 00:00:00-04:00,25.0,27.0,25.0,26.600000381469727,64745,0.0,0.0
2019-10-29 00:00:00-04:00,25.799999237060547,28.600000381469727,25.399999618530273,27.399999618530273,81160,0.0,0.0
2019-10-30 00:00:00-04:00,27.200000762939453,27.600000381469727,25.0,25.799999237060547,43090,0.0,0.0
2019-10-31 00:00:00-04:00,25.600000381469727,25.799999237060547,22.600000381469727,23.200000762939453,34835,0.0,0.0
2019-11-01 00:00:00-04:00,24.0,25.399999618530273,23.200000762939453,24.799999237060547,30010,0.0,0.0
2019-11-04 00:00:00-05:00,25.399999618530273,26.799999237060547,25.0,26.600000381469727,24115,0.0,0.0
2019-11-05 00:00:00-05:00,27.0,28.200000762939453,26.799999237060547,27.600000381469727,49975,0.0,0.0
2019-11-06 00:00:00-05:00,27.799999237060547,28.399999618530273,25.200000762939453,25.600000381469727,47380,0.0,0.0
2019-11-07 00:00:00-05:00,26.600000381469727,27.600000381469727,24.0,24.200000762939453,34865,0.0,0.0
2019-11-08 00:00:00-05:00,24.399999618530273,25.0,23.600000381469727,23.799999237060547,19350,0.0,0.0
2019-11-11 00:00:00-05:00,23.399999618530273,24.0,22.799999237060547,23.200000762939453,18200,0.0,0.0
2019-11-12 00:00:00-05:00,23.200000762939453,23.200000762939453,20.0,20.399999618530273,40555,0.0,0.0
2019-11-13 00:00:00-05:00,20.200000762939453,21.799999237060547,19.799999237060547,21.799999237060547,41400,0.0,0.0
2019-11-14 00:00:00-05:00,21.399999618530273,22.0,19.399999618530273,19.600000381469727,20640,0.0,0.0
2019-11-15 00:00:00-05:00,20.0,21.200000762939453,19.399999618530273,20.200000762939453,28415,0.0,0.0
2019-11-18 00:00:00-05:00,19.600000381469727,20.0,17.600000381469727,19.399999618530273,36385,0.0,0.0
2019-11-19 00:00:00-05:00,19.600000381469727,21.799999237060547,18.799999237060547,18.799999237060547,48420,0.0,0.0
2019-11-20 00:00:00-05:00,18.200000762939453,19.600000381469727,18.200000762939453,19.200000762939453,48725,0.0,0.0
2019-11-21 00:00:00-05:00,19.399999618530273,20.799999237060547,19.200000762939453,20.200000762939453,26395,0.0,0.0
2019-11-22 00:00:00-05:00,20.399999618530273,23.0,20.200000762939453,22.799999237060547,27280,0.0,0.0
2019-11-25 00:00:00-05:00,23.0,26.799999237060547,21.799999237060547,26.399999618530273,54255,0.0,0.0
2019-11-26 00:00:00-05:00,26.600000381469727,29.0,25.399999618530273,25.600000381469727,110655,0.0,0.0
2019-11-27 00:00:00-05:00,26.200000762939453,28.200000762939453,23.200000762939453,27.600000381469727,70145,0.0,0.0
2019-11-29 00:00:00-05:00,27.799999237060547,28.0,26.0,26.200000762939453,24545,0.0,0.0
2019-12-02 00:00:00-05:00,26.600000381469727,27.399999618530273,25.200000762939453,25.399999618530273,45725,0.0,0.0
2019-12-03 00:00:00-05:00,25.200000762939453,26.0,24.399999618530273,25.0,48780,0.0,0.0
2019-12-04 00:00:00-05:00,24.799999237060547,26.600000381469727,24.399999618530273,24.799999237060547,35300,0.0,0.0
2019-12-05 00:00:00-05:00,24.0,25.799999237060547,23.200000762939453,23.600000381469727,70145,0.0,0.0
2019-12-06 00:00:00-05:00,24.399999618530273,27.799999237060547,24.0,27.600000381469727,69485,0.0,0.0
2019-12-09 00:00:00-05:00,27.200000762939453,28.799999237060547,26.0,28.600000381469727,37265,0.0,0.0
2019-12-10 00:00:00-05:00,29.0,29.0,26.799999237060547,27.600000381469727,54645,0.0,0.0
2019-12-11 00:00:00-05:00,26.799999237060547,30.600000381469727,26.600000381469727,30.600000381469727,43205,0.0,0.0
2019-12-12 00:00:00-05:00,30.600000381469727,35.400001525878906,28.799999237060547,34.400001525878906,84995,0.0,0.0
2019-12-13 00:00:00-05:00,35.599998474121094,36.0,32.400001525878906,33.20000076293945,53855,0.0,0.0
2019-12-16 00:00:00-05:00,33.79999923706055,34.79999923706055,33.0,33.20000076293945,58365,0.0,0.0
2019-12-17 00:00:00-05:00,32.79999923706055,35.20000076293945,32.0,34.0,56980,0.0,0.0
2019-12-18 00:00:00-05:00,33.79999923706055,34.79999923706055,33.20000076293945,33.400001525878906,47525,0.0,0.0
2019-12-19 00:00:00-05:00,33.400001525878906,35.20000076293945,33.400001525878906,34.599998474121094,66580,0.0,0.0
2019-12-20 00:00:00-05:00,35.0,35.20000076293945,32.0,34.400001525878906,146775,0.0,0.0
2019-12-23 00:00:00-05:00,33.20000076293945,36.0,33.20000076293945,35.599998474121094,31645,0.0,0.0
2019-12-24 00:00:00-05:00,35.79999923706055,37.20000076293945,35.0,36.79999923706055,31100,0.0,0.0
2019-12-26 00:00:00-05:00,37.0,37.599998474121094,33.79999923706055,34.79999923706055,36205,0.0,0.0
2019-12-27 00:00:00-05:00,34.20000076293945,34.599998474121094,32.0,32.0,28205,0.0,0.0
2019-12-30 00:00:00-05:00,32.0,34.599998474121094,31.799999237060547,33.20000076293945,40150,0.0,0.0
2019-12-31 00:00:00-05:00,32.0,34.400001525878906,32.0,33.599998474121094,27065,0.0,0.0
2020-01-02 00:00:00-05:00,34.0,34.79999923706055,32.79999923706055,33.599998474121094,15460,0.0,0.0
2020-01-03 00:00:00-05:00,34.20000076293945,36.599998474121094,33.400001525878906,35.79999923706055,33525,0.0,0.0
2020-01-06 00:00:00-05:00,36.599998474121094,39.599998474121094,36.20000076293945,38.20000076293945,49215,0.0,0.0
2020-01-07 00:00:00-05:00,38.20000076293945,40.20000076293945,37.599998474121094,37.79999923706055,43475,0.0,0.0
2020-01-08 00:00:00-05:00,37.599998474121094,38.0,36.0,37.400001525878906,40200,0.0,0.0
2020-01-09 00:00:00-05:00,37.400001525878906,37.400001525878906,34.0,36.0,25630,0.0,0.0
2020-01-10 00:00:00-05:00,36.0,36.0,33.20000076293945,33.599998474121094,106560,0.0,0.0
2020-01-13 00:00:00-05:00,33.599998474121094,34.599998474121094,31.399999618530273,33.79999923706055,25995,0.0,0.0
2020-01-14 00:00:00-05:00,34.20000076293945,34.79999923706055,32.20000076293945,32.599998474121094,29460,0.0,0.0
2020-01-15 00:00:00-05:00,32.400001525878906,34.0,30.0,30.600000381469727,35595,0.0,0.0
2020-01-16 00:00:00-05:00,31.399999618530273,32.0,29.399999618530273,30.0,25935,0.0,0.0
2020-01-17 00:00:00-05:00,30.399999618530273,30.399999618530273,28.799999237060547,29.0,35880,0.0,0.0
2020-01-21 00:00:00-05:00,29.200000762939453,29.399999618530273,27.0,27.0,41705,0.0,0.0
2020-01-22 00:00:00-05:00,26.799999237060547,26.799999237060547,25.399999618530273,26.399999618530273,42645,0.0,0.0
2020-01-23 00:00:00-05:00,25.399999618530273,26.399999618530273,24.799999237060547,25.600000381469727,35795,0.0,0.0
2020-01-24 00:00:00-05:00,25.799999237060547,25.799999237060547,24.0,24.399999618530273,29815,0.0,0.0
2020-01-27 00:00:00-05:00,23.200000762939453,24.200000762939453,22.799999237060547,23.0,25870,0.0,0.0
2020-01-28 00:00:00-05:00,24.0,24.0,22.799999237060547,23.399999618530273,28160,0.0,0.0
2020-01-29 00:00:00-05:00,24.200000762939453,24.399999618530273,21.600000381469727,22.399999618530273,36630,0.0,0.0
2020-01-30 00:00:00-05:00,22.200000762939453,23.200000762939453,21.799999237060547,21.799999237060547,20195,0.0,0.0
2020-01-31 00:00:00-05:00,22.0,22.0,20.799999237060547,21.200000762939453,25060,0.0,0.0
2020-02-03 00:00:00-05:00,20.600000381469727,22.799999237060547,20.600000381469727,22.0,35325,0.0,0.0
2020-02-04 00:00:00-05:00,22.600000381469727,23.399999618530273,22.399999618530273,22.799999237060547,31445,0.0,0.0
2020-02-05 00:00:00-05:00,23.200000762939453,24.600000381469727,23.0,23.600000381469727,36350,0.0,0.0
2020-02-06 00:00:00-05:00,24.600000381469727,24.600000381469727,22.0,22.600000381469727,58515,0.0,0.0
2020-02-07 00:00:00-05:00,22.0,22.600000381469727,20.600000381469727,21.0,22525,0.0,0.0
2020-02-10 00:00:00-05:00,21.399999618530273,21.399999618530273,20.0,20.600000381469727,27890,0.0,0.0
2020-02-11 00:00:00-05:00,20.799999237060547,21.600000381469727,20.200000762939453,20.600000381469727,23530,0.0,0.0
2020-02-12 00:00:00-05:00,21.399999618530273,21.799999237060547,20.399999618530273,21.200000762939453,28440,0.0,0.0
2020-02-13 00:00:00-05:00,21.399999618530273,25.0,21.399999618530273,22.799999237060547,37680,0.0,0.0
2020-02-14 00:00:00-05:00,22.799999237060547,23.200000762939453,20.200000762939453,20.399999618530273,33730,0.0,0.0
2020-02-18 00:00:00-05:00,20.399999618530273,20.600000381469727,19.200000762939453,20.399999618530273,21985,0.0,0.0
2020-02-19 00:00:00-05:00,20.399999618530273,20.600000381469727,19.0,19.799999237060547,31570,0.0,0.0
2020-02-20 00:00:00-05:00,20.0,20.600000381469727,19.600000381469727,20.0,22590,0.0,0.0
2020-02-21 00:00:00-05:00,20.0,20.200000762939453,18.600000381469727,19.200000762939453,37810,0.0,0.0
2020-02-24 00:00:00-05:00,18.600000381469727,18.799999237060547,17.399999618530273,18.200000762939453,29075,0.0,0.0
2020-02-25 00:00:00-05:00,18.200000762939453,19.399999618530273,17.0,17.200000762939453,25095,0.0,0.0
2020-02-26 00:00:00-05:00,17.600000381469727,18.0,16.200000762939453,16.399999618530273,34220,0.0,0.0
2020-02-27 00:00:00-05:00,16.0,16.399999618530273,14.800000190734863,16.0,41180,0.0,0.0
2020-02-28 00:00:00-05:00,16.799999237060547,16.799999237060547,15.199999809265137,15.600000381469727,36555,0.0,0.0
2020-03-02 00:00:00-05:00,15.800000190734863,16.200000762939453,15.199999809265137,15.399999618530273,32115,0.0,0.0
2020-03-03 00:00:00-05:00,15.399999618530273,16.399999618530273,13.800000190734863,14.399999618530273,54540,0.0,0.0
2020-03-04 00:00:00-05:00,15.399999618530273,15.399999618530273,13.800000190734863,14.0,23270,0.0,0.0
2020-03-05 00:00:00-05:00,14.199999809265137,14.399999618530273,13.0,13.199999809265137,33880,0.0,0.0
2020-03-06 00:00:00-05:00,13.0,13.199999809265137,11.0,11.0,56100,0.0,0.0
2020-03-09 00:00:00-04:00,8.800000190734863,8.800000190734863,3.5999999046325684,5.400000095367432,89650,0.0,0.0
2020-03-10 00:00:00-04:00,7.0,7.0,5.400000095367432,5.400000095367432,53275,0.0,0.0
2020-03-11 00:00:00-04:00,5.599999904632568,5.599999904632568,4.199999809265137,5.599999904632568,97465,0.0,0.0
2020-03-12 00:00:00-04:00,5.599999904632568,5.599999904632568,4.400000095367432,4.800000190734863,46795,0.0,0.0
2020-03-13 00:00:00-04:00,5.599999904632568,8.600000381469727,5.0,8.600000381469727,66290,0.0,0.0
2020-03-16 00:00:00-04:00,6.800000190734863,7.199999809265137,4.199999809265137,5.0,69930,0.0,0.0
2020-03-17 00:00:00-04:00,5.599999904632568,7.0,4.599999904632568,5.400000095367432,88935,0.0,0.0
2020-03-18 00:00:00-04:00,5.199999809265137,5.400000095367432,3.799999952316284,3.799999952316284,50120,0.0,0.0
2020-03-19 00:00:00-04:00,4.599999904632568,5.0,4.0,4.599999904632568,42435,0.0,0.0
2020-03-20 00:00:00-04:00,5.0,5.199999809265137,3.5999999046325684,4.0,222680,0.0,0.0
2020-03-23 00:00:00-04:00,4.400000095367432,4.599999904632568,3.0,3.200000047683716,85270,0.0,0.0
2020-03-24 00:00:00-04:00,3.5999999046325684,4.0,3.200000047683716,4.0,127045,0.0,0.0
2020-03-25 00:00:00-04:00,4.199999809265137,4.199999809265137,3.0,3.5999999046325684,101420,0.0,0.0
2020-03-26 00:00:00-04:00,3.799999952316284,3.799999952316284,3.4000000953674316,3.5999999046325684,89080,0.0,0.0
2020-03-27 00:00:00-04:00,3.5999999046325684,3.5999999046325684,3.200000047683716,3.200000047683716,101975,0.0,0.0
2020-03-30 00:00:00-04:00,3.5999999046325684,3.799999952316284,3.200000047683716,3.5999999046325684,110065,0.0,0.0
2020-03-31 00:00:00-04:00,3.5999999046325684,3.799999952316284,3.4000000953674316,3.5999999046325684,85010,0.0,0.0
2020-04-01 00:00:00-04:00,3.799999952316284,3.799999952316284,3.0,3.200000047683716,70535,0.0,0.0
2020-04-02 00:00:00-04:00,3.4000000953674316,4.0,3.200000047683716,3.5999999046325684,141365,0.0,0.0
2020-04-03 00:00:00-04:00,3.799999952316284,3.799999952316284,3.200000047683716,3.4000000953674316,183980,0.0,0.0
2020-04-06 00:00:00-04:00,3.200000047683716,3.5999999046325684,3.200000047683716,3.5999999046325684,61565,0.0,0.0
2020-04-07 00:00:00-04:00,3.5999999046325684,3.799999952316284,3.4000000953674316,3.5999999046325684,142650,0.0,0.0
2020-04-08 00:00:00-04:00,3.5999999046325684,3.799999952316284,3.4000000953674316,3.5999999046325684,99370,0.0,0.0
2020-04-09 00:00:00-04:00,4.199999809265137,5.400000095367432,3.5999999046325684,4.599999904632568,551415,0.0,0.0
2020-04-13 00:00:00-04:00,4.800000190734863,5.599999904632568,4.599999904632568,5.199999809265137,469585,0.0,0.0
2020-04-14 00:00:00-04:00,5.199999809265137,5.199999809265137,4.400000095367432,4.599999904632568,286595,0.0,0.0
2020-04-15 00:00:00-04:00,4.400000095367432,4.400000095367432,3.5999999046325684,3.799999952316284,251070,0.0,0.0
2020-04-16 00:00:00-04:00,4.0,4.199999809265137,3.799999952316284,3.799999952316284,123500,0.0,0.0
2020-04-17 00:00:00-04:00,4.199999809265137,4.800000190734863,3.799999952316284,4.599999904632568,773470,0.0,0.0
2020-04-20 00:00:00-04:00,4.199999809265137,4.599999904632568,3.799999952316284,4.0,400730,0.0,0.0
2020-04-21 00:00:00-04:00,4.0,4.0,3.799999952316284,4.0,212340,0.0,0.0
2020-04-22 00:00:00-04:00,4.0,4.800000190734863,3.799999952316284,4.599999904632568,798890,0.0,0.0
2020-04-23 00:00:00-04:00,5.599999904632568,8.399999618530273,5.400000095367432,7.0,2488920,0.0,0.0
2020-04-24 00:00:00-04:00,8.199999809265137,8.199999809265137,6.0,6.599999904632568,862190,0.0,0.0
2020-04-27 00:00:00-04:00,5.599999904632568,6.800000190734863,5.199999809265137,6.599999904632568,334435,0.0,0.0
2020-04-28 00:00:00-04:00,6.599999904632568,6.800000190734863,6.0,6.199999809265137,187370,0.0,0.0
2020-04-29 00:00:00-04:00,6.599999904632568,6.800000190734863,5.800000190734863,6.599999904632568,265080,0.0,0.0
2020-04-30 00:00:00-04:00,7.0,10.800000190734863,7.0,8.600000381469727,1197950,0.0,0.0
2020-05-01 00:00:00-04:00,10.399999618530273,11.0,7.800000190734863,8.399999618530273,687595,0.0,0.0
2020-05-04 00:00:00-04:00,8.0,8.399999618530273,7.599999904632568,7.800000190734863,158670,0.0,0.0
2020-05-05 00:00:00-04:00,8.800000190734863,9.199999809265137,8.0,8.199999809265137,260840,0.0,0.0
2020-05-06 00:00:00-04:00,8.199999809265137,8.199999809265137,7.199999809265137,7.599999904632568,170130,0.0,0.0
2020-05-07 00:00:00-04:00,7.800000190734863,8.0,7.199999809265137,7.599999904632568,115640,0.0,0.0
2020-05-08 00:00:00-04:00,8.800000190734863,9.600000381469727,8.0,9.199999809265137,450910,0.0,0.0
2020-05-11 00:00:00-04:00,12.0,12.0,10.0,10.600000381469727,552340,0.0,0.0
2020-05-12 00:00:00-04:00,11.0,11.199999809265137,9.0,9.399999618530273,325315,0.0,0.0
2020-05-13 00:00:00-04:00,9.199999809265137,9.199999809265137,8.0,8.0,248705,0.0,0.0
2020-05-14 00:00:00-04:00,8.399999618530273,8.399999618530273,6.800000190734863,7.199999809265137,269810,0.0,0.0
2020-05-15 00:00:00-04:00,7.199999809265137,7.599999904632568,6.599999904632568,6.599999904632568,233255,0.0,0.0
2020-05-18 00:00:00-04:00,7.199999809265137,7.599999904632568,6.599999904632568,7.199999809265137,297270,0.0,0.0
2020-05-19 00:00:00-04:00,7.0,7.199999809265137,6.599999904632568,7.0,315045,0.0,0.0
2020-05-20 00:00:00-04:00,6.800000190734863,7.0,6.199999809265137,6.599999904632568,282410,0.0,0.0
2020-05-21 00:00:00-04:00,6.400000095367432,6.800000190734863,6.199999809265137,6.599999904632568,221865,0.0,0.0
2020-05-22 00:00:00-04:00,6.599999904632568,6.800000190734863,6.199999809265137,6.599999904632568,204600,0.0,0.0
2020-05-26 00:00:00-04:00,6.599999904632568,6.599999904632568,6.400000095367432,6.400000095367432,146795,0.0,0.0
2020-05-27 00:00:00-04:00,6.400000095367432,6.800000190734863,6.199999809265137,6.599999904632568,143620,0.0,0.0
2020-05-28 00:00:00-04:00,6.599999904632568,6.599999904632568,6.400000095367432,6.400000095367432,94930,0.0,0.0
2020-05-29 00:00:00-04:00,6.400000095367432,6.400000095367432,5.599999904632568,5.800000190734863,184425,0.0,0.0
2020-06-01 00:00:00-04:00,5.800000190734863,6.199999809265137,5.599999904632568,6.199999809265137,103600,0.0,0.0
2020-06-02 00:00:00-04:00,6.199999809265137,7.0,6.199999809265137,6.800000190734863,264790,0.0,0.0
2020-06-03 00:00:00-04:00,7.0,7.0,6.400000095367432,6.599999904632568,158860,0.0,0.0
2020-06-04 00:00:00-04:00,6.599999904632568,6.800000190734863,6.400000095367432,6.599999904632568,161320,0.0,0.0
2020-06-05 00:00:00-04:00,7.800000190734863,10.800000190734863,7.400000095367432,10.399999618530273,909965,0.0,0.0
2020-06-08 00:00:00-04:00,13.399999618530273,20.0,13.399999618530273,19.0,1506285,0.0,0.0
2020-06-09 00:00:00-04:00,18.799999237060547,19.399999618530273,15.199999809265137,16.0,520590,0.0,0.0
2020-06-10 00:00:00-04:00,14.0,16.399999618530273,11.0,14.0,394155,0.0,0.0
2020-06-11 00:00:00-04:00,11.0,13.0,10.199999809265137,11.199999809265137,257950,0.0,0.0
2020-06-12 00:00:00-04:00,13.199999809265137,14.0,12.0,12.399999618530273,216075,0.0,0.0
2020-06-15 00:00:00-04:00,12.199999809265137,15.0,12.0,13.399999618530273,319710,0.0,0.0
2020-06-16 00:00:00-04:00,15.600000381469727,15.800000190734863,13.800000190734863,14.0,228805,0.0,0.0
2020-06-17 00:00:00-04:00,13.800000190734863,14.0,12.600000381469727,13.199999809265137,168145,0.0,0.0
2020-06-18 00:00:00-04:00,13.600000381469727,14.800000190734863,13.0,13.399999618530273,152980,0.0,0.0
2020-06-19 00:00:00-04:00,14.0,14.199999809265137,12.600000381469727,13.199999809265137,232160,0.0,0.0
2020-06-22 00:00:00-04:00,13.0,13.0,11.800000190734863,12.0,149340,0.0,0.0
2020-06-23 00:00:00-04:00,12.399999618530273,12.800000190734863,12.0,12.0,112670,0.0,0.0
2020-06-24 00:00:00-04:00,11.0,11.0,10.0,10.199999809265137,211280,0.0,0.0
2020-06-25 00:00:00-04:00,9.800000190734863,11.600000381469727,9.0,11.399999618530273,209260,0.0,0.0
2020-06-26 00:00:00-04:00,11.0,11.0,9.800000190734863,10.600000381469727,560500,0.0,0.0
2020-06-29 00:00:00-04:00,10.199999809265137,11.800000190734863,10.199999809265137,10.800000190734863,134875,0.0,0.0
2020-06-30 00:00:00-04:00,10.199999809265137,10.600000381469727,9.800000190734863,10.600000381469727,117225,0.0,0.0
2020-07-01 00:00:00-04:00,10.399999618530273,11.600000381469727,10.0,10.199999809265137,112115,0.0,0.0
2020-07-02 00:00:00-04:00,10.399999618530273,10.600000381469727,9.600000381469727,9.800000190734863,110745,0.0,0.0
2020-07-06 00:00:00-04:00,8.0,8.399999618530273,7.0,8.0,406945,0.0,0.0
2020-07-07 00:00:00-04:00,7.199999809265137,7.800000190734863,7.199999809265137,7.199999809265137,174500,0.0,0.0
2020-07-08 00:00:00-04:00,7.0,7.199999809265137,6.400000095367432,6.800000190734863,167970,0.0,0.0
2020-07-09 00:00:00-04:00,7.0,7.0,6.400000095367432,6.599999904632568,83015,0.0,0.0
2020-07-10 00:00:00-04:00,6.599999904632568,9.600000381469727,6.199999809265137,8.0,534020,0.0,0.0
2020-07-13 00:00:00-04:00,8.399999618530273,8.600000381469727,7.400000095367432,7.400000095367432,213235,0.0,0.0
2020-07-14 00:00:00-04:00,7.400000095367432,8.0,6.800000190734863,7.599999904632568,90905,0.0,0.0
2020-07-15 00:00:00-04:00,8.0,8.600000381469727,7.400000095367432,8.199999809265137,218585,0.0,0.0
2020-07-16 00:00:00-04:00,8.0,8.600000381469727,7.599999904632568,8.0,117090,0.0,0.0
2020-07-17 00:00:00-04:00,8.0,9.0,7.800000190734863,8.399999618530273,149275,0.0,0.0
2020-07-20 00:00:00-04:00,10.399999618530273,12.0,8.800000190734863,9.399999618530273,536920,0.0,0.0
2020-07-21 00:00:00-04:00,9.800000190734863,10.399999618530273,9.600000381469727,10.199999809265137,149995,0.0,0.0
2020-07-22 00:00:00-04:00,9.800000190734863,10.399999618530273,9.199999809265137,10.199999809265137,149160,0.0,0.0
2020-07-23 00:00:00-04:00,9.600000381469727,10.199999809265137,9.600000381469727,9.800000190734863,84100,0.0,0.0
2020-07-24 00:00:00-04:00,9.399999618530273,10.600000381469727,9.399999618530273,10.199999809265137,101480,0.0,0.0
2020-07-27 00:00:00-04:00,10.199999809265137,10.199999809265137,9.399999618530273,9.600000381469727,70905,0.0,0.0
2020-07-28 00:00:00-04:00,9.0,10.600000381469727,9.0,10.199999809265137,156705,0.0,0.0
2020-07-29 00:00:00-04:00,9.800000190734863,11.0,9.800000190734863,10.800000190734863,95240,0.0,0.0
2020-07-30 00:00:00-04:00,10.800000190734863,14.399999618530273,10.0,13.600000381469727,597910,0.0,0.0
2020-07-31 00:00:00-04:00,13.0,13.399999618530273,9.600000381469727,10.0,432255,0.0,0.0
2020-08-03 00:00:00-04:00,12.399999618530273,13.0,10.399999618530273,10.600000381469727,316910,0.0,0.0
2020-08-04 00:00:00-04:00,10.399999618530273,11.0,10.199999809265137,10.399999618530273,162590,0.0,0.0
2020-08-05 00:00:00-04:00,10.800000190734863,11.0,10.399999618530273,10.600000381469727,116305,0.0,0.0
2020-08-06 00:00:00-04:00,10.399999618530273,10.800000190734863,9.600000381469727,10.0,167775,0.0,0.0
2020-08-07 00:00:00-04:00,10.399999618530273,11.0,8.0,9.0,417055,0.0,0.0
2020-08-10 00:00:00-04:00,9.399999618530273,10.0,9.199999809265137,9.800000190734863,153830,0.0,0.0
2020-08-11 00:00:00-04:00,9.800000190734863,10.199999809265137,9.199999809265137,9.199999809265137,107735,0.0,0.0
2020-08-12 00:00:00-04:00,9.199999809265137,9.600000381469727,9.199999809265137,9.399999618530273,102540,0.0,0.0
2020-08-13 00:00:00-04:00,9.399999618530273,9.600000381469727,9.199999809265137,9.399999618530273,56595,0.0,0.0
2020-08-14 00:00:00-04:00,9.399999618530273,10.399999618530273,9.199999809265137,10.199999809265137,150160,0.0,0.0
2020-08-17 00:00:00-04:00,10.399999618530273,10.399999618530273,9.800000190734863,10.0,109160,0.0,0.0
2020-08-18 00:00:00-04:00,9.600000381469727,10.199999809265137,9.600000381469727,9.600000381469727,79825,0.0,0.0
2020-08-19 00:00:00-04:00,9.600000381469727,10.199999809265137,9.600000381469727,10.0,192730,0.0,0.0
2020-08-20 00:00:00-04:00,10.600000381469727,12.399999618530273,10.199999809265137,12.0,492680,0.0,0.0
2020-08-21 00:00:00-04:00,11.600000381469727,11.800000190734863,10.600000381469727,10.800000190734863,151155,0.0,0.0
2020-08-24 00:00:00-04:00,10.800000190734863,11.600000381469727,10.600000381469727,11.0,106105,0.0,0.0
2020-08-25 00:00:00-04:00,11.0,11.0,10.399999618530273,10.800000190734863,63520,0.0,0.0
2020-08-26 00:00:00-04:00,10.399999618530273,11.800000190734863,10.399999618530273,11.600000381469727,204870,0.0,0.0
2020-08-27 00:00:00-04:00,11.600000381469727,11.800000190734863,11.199999809265137,11.399999618530273,68880,0.0,0.0
2020-08-28 00:00:00-04:00,11.399999618530273,11.800000190734863,11.0,11.399999618530273,60965,0.0,0.0
2020-08-31 00:00:00-04:00,11.0,11.399999618530273,10.600000381469727,11.0,63820,0.0,0.0
2020-09-01 00:00:00-04:00,11.0,11.0,10.199999809265137,10.399999618530273,51475,0.0,0.0
2020-09-02 00:00:00-04:00,10.0,10.399999618530273,9.800000190734863,10.199999809265137,59355,0.0,0.0
2020-09-03 00:00:00-04:00,9.800000190734863,10.600000381469727,9.800000190734863,10.199999809265137,41865,0.0,0.0
2020-09-04 00:00:00-04:00,10.199999809265137,10.600000381469727,10.199999809265137,10.399999618530273,51710,0.0,0.0
2020-09-08 00:00:00-04:00,10.199999809265137,10.399999618530273,10.0,10.199999809265137,39995,0.0,0.0
2020-09-09 00:00:00-04:00,10.0,10.199999809265137,9.800000190734863,10.199999809265137,38170,0.0,0.0
2020-09-10 00:00:00-04:00,10.0,10.399999618530273,9.800000190734863,10.199999809265137,32790,0.0,0.0
2020-09-11 00:00:00-04:00,10.199999809265137,10.399999618530273,9.600000381469727,10.0,38505,0.0,0.0
2020-09-14 00:00:00-04:00,10.0,10.399999618530273,9.600000381469727,10.0,73405,0.0,0.0
2020-09-15 00:00:00-04:00,10.399999618530273,11.399999618530273,9.600000381469727,10.800000190734863,116735,0.0,0.0
2020-09-16 00:00:00-04:00,11.0,11.800000190734863,10.800000190734863,11.399999618530273,63770,0.0,0.0
2020-09-17 00:00:00-04:00,11.399999618530273,12.199999809265137,11.0,12.0,54605,0.0,0.0
2020-09-18 00:00:00-04:00,12.0,12.0,11.199999809265137,12.0,60570,0.0,0.0
2020-09-21 00:00:00-04:00,11.199999809265137,11.399999618530273,10.399999618530273,11.199999809265137,33810,0.0,0.0
2020-09-22 00:00:00-04:00,11.0,11.199999809265137,10.800000190734863,11.0,13755,0.0,0.0
2020-09-23 00:00:00-04:00,10.800000190734863,11.199999809265137,10.199999809265137,10.199999809265137,85250,0.0,0.0
2020-09-24 00:00:00-04:00,10.199999809265137,10.600000381469727,10.0,10.399999618530273,40615,0.0,0.0
2020-09-25 00:00:00-04:00,10.199999809265137,10.800000190734863,10.0,10.800000190734863,39840,0.0,0.0
2020-09-28 00:00:00-04:00,10.199999809265137,11.399999618530273,10.199999809265137,11.399999618530273,35465,0.0,0.0
2020-09-29 00:00:00-04:00,11.0,11.399999618530273,10.600000381469727,11.399999618530273,43165,0.0,0.0
2020-09-30 00:00:00-04:00,10.800000190734863,11.399999618530273,10.800000190734863,11.0,36160,0.0,0.0
2020-10-01 00:00:00-04:00,10.600000381469727,11.199999809265137,10.600000381469727,11.199999809265137,27355,0.0,0.0
2020-10-02 00:00:00-04:00,12.0,12.399999618530273,11.0,11.399999618530273,71065,0.0,0.0
2020-10-05 00:00:00-04:00,11.800000190734863,12.0,11.0,11.199999809265137,42370,0.0,0.0
2020-10-06 00:00:00-04:00,11.600000381469727,11.800000190734863,11.0,11.0,39960,0.0,0.0
2020-10-07 00:00:00-04:00,11.199999809265137,11.399999618530273,11.0,11.199999809265137,28490,0.0,0.0
2020-10-08 00:00:00-04:00,11.600000381469727,12.399999618530273,11.199999809265137,11.800000190734863,110155,0.0,0.0
2020-10-09 00:00:00-04:00,11.800000190734863,12.399999618530273,11.800000190734863,12.0,74460,0.0,0.0
2020-10-12 00:00:00-04:00,13.199999809265137,13.199999809265137,12.0,12.199999809265137,51605,0.0,0.0
2020-10-13 00:00:00-04:00,12.0,12.600000381469727,11.600000381469727,12.0,28925,0.0,0.0
2020-10-14 00:00:00-04:00,11.800000190734863,12.399999618530273,11.800000190734863,12.0,32720,0.0,0.0
2020-10-15 00:00:00-04:00,12.199999809265137,12.199999809265137,11.800000190734863,11.800000190734863,20170,0.0,0.0
2020-10-16 00:00:00-04:00,12.199999809265137,12.199999809265137,11.800000190734863,11.800000190734863,10820,0.0,0.0
2020-10-19 00:00:00-04:00,11.800000190734863,12.0,11.0,11.199999809265137,28895,0.0,0.0
2020-10-20 00:00:00-04:00,11.0,11.399999618530273,11.0,11.0,30675,0.0,0.0
2020-10-21 00:00:00-04:00,11.0,11.0,10.199999809265137,10.399999618530273,28645,0.0,0.0
2020-10-22 00:00:00-04:00,10.399999618530273,11.0,10.199999809265137,10.600000381469727,32140,0.0,0.0
2020-10-23 00:00:00-04:00,11.0,11.199999809265137,10.600000381469727,10.800000190734863,21140,0.0,0.0
2020-10-26 00:00:00-04:00,11.0,11.0,10.199999809265137,10.199999809265137,19690,0.0,0.0
2020-10-27 00:00:00-04:00,10.600000381469727,10.600000381469727,9.800000190734863,10.199999809265137,26590,0.0,0.0
2020-10-28 00:00:00-04:00,10.0,10.0,9.399999618530273,9.600000381469727,31140,0.0,0.0
2020-10-29 00:00:00-04:00,9.399999618530273,9.800000190734863,9.199999809265137,9.800000190734863,14685,0.0,0.0
2020-10-30 00:00:00-04:00,9.0,9.600000381469727,9.0,9.600000381469727,48370,0.0,0.0
2020-11-02 00:00:00-05:00,7.199999809265137,8.600000381469727,6.800000190734863,8.600000381469727,128680,0.0,0.0
2020-11-03 00:00:00-05:00,8.800000190734863,9.399999618530273,7.800000190734863,8.800000190734863,96850,0.0,0.0
2020-11-04 00:00:00-05:00,8.600000381469727,9.0,8.0,9.0,31980,0.0,0.0
2020-11-05 00:00:00-05:00,8.399999618530273,9.0,8.199999809265137,8.600000381469727,32110,0.0,0.0
2020-11-06 00:00:00-05:00,8.600000381469727,9.0,8.399999618530273,8.399999618530273,21360,0.0,0.0
2020-11-09 00:00:00-05:00,9.399999618530273,9.600000381469727,9.0,9.199999809265137,55780,0.0,0.0
2020-11-10 00:00:00-05:00,8.149999618530273,9.050000190734863,8.050000190734863,8.75,109800,0.0,0.05
2020-11-11 00:00:00-05:00,8.960000038146973,9.100000381469727,8.619999885559082,8.970000267028809,38800,0.0,0.0
2020-11-12 00:00:00-05:00,8.65999984741211,9.029999732971191,8.34000015258789,8.520000457763672,36400,0.0,0.0
2020-11-13 00:00:00-05:00,9.880000114440918,9.970000267028809,9.029999732971191,9.640000343322754,72900,0.0,0.0
2020-11-16 00:00:00-05:00,9.850000381469727,11.399999618530273,9.729999542236328,11.109999656677246,110200,0.0,0.0
2020-11-17 00:00:00-05:00,10.970000267028809,12.670000076293945,10.65999984741211,12.529999732971191,78300,0.0,0.0
2020-11-18 00:00:00-05:00,12.630000114440918,12.859999656677246,12.0,12.199999809265137,71200,0.0,0.0
2020-11-19 00:00:00-05:00,12.199999809265137,12.4399995803833,11.670000076293945,12.4399995803833,38700,0.0,0.0
2020-11-20 00:00:00-05:00,12.449999809265137,12.739999771118164,12.0600004196167,12.630000114440918,34100,0.0,0.0
2020-11-23 00:00:00-05:00,12.789999961853027,13.979999542236328,12.789999961853027,13.779999732971191,114500,0.0,0.0
2020-11-24 00:00:00-05:00,14.1899995803833,14.800000190734863,13.8100004196167,14.739999771118164,132900,0.0,0.0
2020-11-25 00:00:00-05:00,14.699999809265137,15.0,13.609999656677246,14.300000190734863,89700,0.0,0.0
2020-11-27 00:00:00-05:00,14.470000267028809,14.470000267028809,13.649999618530273,13.899999618530273,29100,0.0,0.0
2020-11-30 00:00:00-05:00,13.890000343322754,13.899999618530273,12.890000343322754,13.399999618530273,83900,0.0,0.0
2020-12-01 00:00:00-05:00,13.510000228881836,13.729999542236328,12.59000015258789,12.899999618530273,82000,0.0,0.0
2020-12-02 00:00:00-05:00,12.9399995803833,13.569999694824219,12.5600004196167,12.710000038146973,58800,0.0,0.0
2020-12-03 00:00:00-05:00,12.819999694824219,13.329999923706055,12.800000190734863,13.260000228881836,54500,0.0,0.0
2020-12-04 00:00:00-05:00,13.449999809265137,13.84000015258789,13.270000457763672,13.399999618530273,54800,0.0,0.0
2020-12-07 00:00:00-05:00,13.520000457763672,13.59000015258789,13.09000015258789,13.180000305175781,25200,0.0,0.0
2020-12-08 00:00:00-05:00,13.09000015258789,13.390000343322754,12.800000190734863,12.920000076293945,38900,0.0,0.0
2020-12-09 00:00:00-05:00,13.029999732971191,14.100000381469727,13.029999732971191,13.520000457763672,88200,0.0,0.0
2020-12-10 00:00:00-05:00,13.350000381469727,14.149999618530273,13.350000381469727,13.649999618530273,69300,0.0,0.0
2020-12-11 00:00:00-05:00,13.350000381469727,13.609999656677246,12.720000267028809,12.979999542236328,57300,0.0,0.0
2020-12-14 00:00:00-05:00,13.15999984741211,13.15999984741211,12.34000015258789,12.779999732971191,24600,0.0,0.0
2020-12-15 00:00:00-05:00,12.960000038146973,13.390000343322754,12.640000343322754,13.229999542236328,19600,0.0,0.0
2020-12-16 00:00:00-05:00,13.289999961853027,13.3100004196167,12.609999656677246,13.050000190734863,24300,0.0,0.0
2020-12-17 00:00:00-05:00,13.069999694824219,13.229999542236328,12.819999694824219,13.15999984741211,26900,0.0,0.0
2020-12-18 00:00:00-05:00,13.239999771118164,13.329999923706055,12.800000190734863,13.279999732971191,56800,0.0,0.0
2020-12-21 00:00:00-05:00,12.65999984741211,12.970000267028809,12.300000190734863,12.970000267028809,48200,0.0,0.0
2020-12-22 00:00:00-05:00,12.550000190734863,12.949999809265137,12.460000038146973,12.819999694824219,45300,0.0,0.0
2020-12-23 00:00:00-05:00,12.779999732971191,12.930000305175781,12.449999809265137,12.600000381469727,15400,0.0,0.0
2020-12-24 00:00:00-05:00,12.59000015258789,12.630000114440918,12.199999809265137,12.430000305175781,8300,0.0,0.0
2020-12-28 00:00:00-05:00,12.420000076293945,12.520000457763672,11.579999923706055,11.789999961853027,35400,0.0,0.0
2020-12-29 00:00:00-05:00,11.789999961853027,12.430000305175781,11.760000228881836,12.029999732971191,44600,0.0,0.0
2020-12-30 00:00:00-05:00,11.899999618530273,12.149999618530273,11.720000267028809,11.859999656677246,23800,0.0,0.0
2020-12-31 00:00:00-05:00,11.779999732971191,12.100000381469727,11.680000305175781,11.899999618530273,27300,0.0,0.0
2021-01-04 00:00:00-05:00,12.649999618530273,12.75,12.09000015258789,12.75,66500,0.0,0.0
2021-01-05 00:00:00-05:00,12.829999923706055,14.1899995803833,12.710000038146973,13.0600004196167,135000,0.0,0.0
2021-01-06 00:00:00-05:00,13.25,13.739999771118164,12.859999656677246,13.260000228881836,69800,0.0,0.0
2021-01-07 00:00:00-05:00,13.40999984741211,14.020000457763672,13.359999656677246,13.930000305175781,66300,0.0,0.0
2021-01-08 00:00:00-05:00,14.0600004196167,14.5600004196167,13.8100004196167,14.399999618530273,114800,0.0,0.0
2021-01-11 00:00:00-05:00,14.210000038146973,14.520000457763672,14.180000305175781,14.390000343322754,61800,0.0,0.0
2021-01-12 00:00:00-05:00,14.359999656677246,15.149999618530273,14.300000190734863,15.050000190734863,133700,0.0,0.0
2021-01-13 00:00:00-05:00,15.100000381469727,15.420000076293945,14.800000190734863,15.350000381469727,71100,0.0,0.0
2021-01-14 00:00:00-05:00,15.350000381469727,16.149999618530273,15.039999961853027,15.100000381469727,100700,0.0,0.0
2021-01-15 00:00:00-05:00,15.0600004196167,15.25,14.319999694824219,14.649999618530273,60100,0.0,0.0
2021-01-19 00:00:00-05:00,14.989999771118164,15.079999923706055,13.699999809265137,14.130000114440918,116700,0.0,0.0
2021-01-20 00:00:00-05:00,14.130000114440918,14.229999542236328,13.319999694824219,14.100000381469727,76800,0.0,0.0
2021-01-21 00:00:00-05:00,14.489999771118164,15.789999961853027,14.489999771118164,14.630000114440918,169000,0.0,0.0
2021-01-22 00:00:00-05:00,14.630000114440918,15.350000381469727,14.470000267028809,14.9399995803833,102300,0.0,0.0
2021-01-25 00:00:00-05:00,14.949999809265137,15.289999961853027,14.460000038146973,15.079999923706055,41100,0.0,0.0
2021-01-26 00:00:00-05:00,15.350000381469727,15.489999771118164,14.770000457763672,14.930000305175781,52400,0.0,0.0
2021-01-27 00:00:00-05:00,14.899999618530273,15.260000228881836,14.300000190734863,14.600000381469727,50400,0.0,0.0
2021-01-28 00:00:00-05:00,14.6899995803833,14.859999656677246,14.020000457763672,14.420000076293945,43500,0.0,0.0
2021-01-29 00:00:00-05:00,14.350000381469727,15.130000114440918,14.09000015258789,14.829999923706055,66600,0.0,0.0
2021-02-01 00:00:00-05:00,14.84000015258789,15.0,14.380000114440918,14.800000190734863,60600,0.0,0.0
2021-02-02 00:00:00-05:00,15.149999618530273,15.630000114440918,14.859999656677246,15.380000114440918,108900,0.0,0.0
2021-02-03 00:00:00-05:00,15.609999656677246,16.920000076293945,15.609999656677246,16.920000076293945,97500,0.0,0.0
2021-02-04 00:00:00-05:00,17.139999389648438,18.239999771118164,16.719999313354492,18.200000762939453,102500,0.0,0.0
2021-02-05 00:00:00-05:00,18.280000686645508,19.829999923706055,18.25,18.709999084472656,96100,0.0,0.0
2021-02-08 00:00:00-05:00,18.8799991607666,19.530000686645508,18.600000381469727,18.719999313354492,84700,0.0,0.0
2021-02-09 00:00:00-05:00,18.729999542236328,18.850000381469727,17.860000610351562,18.5,96000,0.0,0.0
2021-02-10 00:00:00-05:00,18.59000015258789,18.59000015258789,17.489999771118164,18.59000015258789,59800,0.0,0.0
2021-02-11 00:00:00-05:00,18.81999969482422,18.850000381469727,18.010000228881836,18.049999237060547,54800,0.0,0.0
2021-02-12 00:00:00-05:00,18.0,18.5,17.559999465942383,18.1200008392334,70000,0.0,0.0
2021-02-16 00:00:00-05:00,18.3700008392334,19.34000015258789,18.25,19.34000015258789,74300,0.0,0.0
2021-02-17 00:00:00-05:00,19.5,19.690000534057617,18.579999923706055,19.690000534057617,23700,0.0,0.0
2021-02-18 00:00:00-05:00,19.440000534057617,19.610000610351562,18.8799991607666,18.950000762939453,45300,0.0,0.0
2021-02-19 00:00:00-05:00,18.899999618530273,19.299999237060547,18.649999618530273,18.790000915527344,46100,0.0,0.0
2021-02-22 00:00:00-05:00,18.799999237060547,19.5,18.270000457763672,18.8700008392334,49900,0.0,0.0
2021-02-23 00:00:00-05:00,18.899999618530273,18.899999618530273,17.469999313354492,18.31999969482422,53100,0.0,0.0
2021-02-24 00:00:00-05:00,18.059999465942383,20.3700008392334,17.860000610351562,20.0,69200,0.0,0.0
2021-02-25 00:00:00-05:00,20.219999313354492,20.469999313354492,19.360000610351562,20.329999923706055,56600,0.0,0.0
2021-02-26 00:00:00-05:00,20.34000015258789,21.440000534057617,18.790000915527344,21.350000381469727,59700,0.0,0.0
2021-03-01 00:00:00-05:00,21.93000030517578,23.170000076293945,21.65999984741211,22.719999313354492,85900,0.0,0.0
2021-03-02 00:00:00-05:00,23.540000915527344,24.1200008392334,20.520000457763672,21.100000381469727,152300,0.0,0.0
2021-03-03 00:00:00-05:00,20.899999618530273,21.860000610351562,20.1299991607666,20.43000030517578,82600,0.0,0.0
2021-03-04 00:00:00-05:00,20.68000030517578,21.5,20.010000228881836,21.399999618530273,107100,0.0,0.0
2021-03-05 00:00:00-05:00,22.229999542236328,22.989999771118164,20.670000076293945,22.829999923706055,68800,0.0,0.0
2021-03-08 00:00:00-05:00,23.0,23.639999389648438,21.469999313354492,23.059999465942383,100100,0.0,0.0
2021-03-09 00:00:00-05:00,23.040000915527344,23.719999313354492,21.5,22.719999313354492,76000,0.0,0.0
2021-03-10 00:00:00-05:00,22.68000030517578,23.690000534057617,22.360000610351562,23.059999465942383,48600,0.0,0.0
2021-03-11 00:00:00-05:00,23.270000457763672,23.81999969482422,22.280000686645508,22.770000457763672,63400,0.0,0.0
2021-03-12 00:00:00-05:00,22.770000457763672,23.25,22.31999969482422,22.700000762939453,45600,0.0,0.0
2021-03-15 00:00:00-04:00,22.799999237060547,24.93000030517578,22.489999771118164,24.3700008392334,147400,0.0,0.0
2021-03-16 00:00:00-04:00,24.010000228881836,24.489999771118164,23.450000762939453,24.190000534057617,113900,0.0,0.0
2021-03-17 00:00:00-04:00,23.950000762939453,24.229999542236328,22.270000457763672,22.270000457763672,81200,0.0,0.0
2021-03-18 00:00:00-04:00,22.56999969482422,24.43000030517578,21.43000030517578,21.799999237060547,164600,0.0,0.0
2021-03-19 00:00:00-04:00,21.489999771118164,21.940000534057617,20.639999389648438,20.639999389648438,310200,0.0,0.0
2021-03-22 00:00:00-04:00,20.790000915527344,22.079999923706055,20.649999618530273,21.059999465942383,104900,0.0,0.0
2021-03-23 00:00:00-04:00,20.719999313354492,20.860000610351562,19.290000915527344,19.639999389648438,152300,0.0,0.0
2021-03-24 00:00:00-04:00,19.8799991607666,20.770000457763672,19.15999984741211,19.3700008392334,58300,0.0,0.0
2021-03-25 00:00:00-04:00,18.850000381469727,19.299999237060547,17.81999969482422,19.239999771118164,88500,0.0,0.0
2021-03-26 00:00:00-04:00,19.399999618530273,19.940000534057617,19.049999237060547,19.520000457763672,37900,0.0,0.0
2021-03-29 00:00:00-04:00,19.299999237060547,19.479999542236328,18.5,18.5,41500,0.0,0.0
2021-03-30 00:00:00-04:00,18.5,18.90999984741211,18.030000686645508,18.709999084472656,49100,0.0,0.0
2021-03-31 00:00:00-04:00,18.829999923706055,18.90999984741211,18.1200008392334,18.540000915527344,47000,0.0,0.0
2021-04-01 00:00:00-04:00,18.829999923706055,19.899999618530273,18.170000076293945,19.600000381469727,60000,0.0,0.0
2021-04-05 00:00:00-04:00,18.81999969482422,19.030000686645508,17.579999923706055,18.59000015258789,159700,0.0,0.0
2021-04-06 00:00:00-04:00,18.719999313354492,19.850000381469727,18.690000534057617,19.530000686645508,45100,0.0,0.0
2021-04-07 00:00:00-04:00,19.600000381469727,19.6200008392334,18.790000915527344,19.6200008392334,33500,0.0,0.0
2021-04-08 00:00:00-04:00,19.149999618530273,19.81999969482422,19.0,19.579999923706055,40500,0.0,0.0
2021-04-09 00:00:00-04:00,19.690000534057617,19.93000030517578,19.040000915527344,19.559999465942383,43400,0.0,0.0
2021-04-12 00:00:00-04:00,19.5,19.920000076293945,19.219999313354492,19.920000076293945,26100,0.0,0.0
2021-04-13 00:00:00-04:00,19.6200008392334,19.899999618530273,18.239999771118164,18.350000381469727,60900,0.0,0.0
2021-04-14 00:00:00-04:00,18.299999237060547,19.549999237060547,18.299999237060547,18.799999237060547,20500,0.0,0.0
2021-04-15 00:00:00-04:00,18.760000228881836,19.5,18.270000457763672,19.329999923706055,25800,0.0,0.0
2021-04-16 00:00:00-04:00,19.25,19.290000915527344,18.709999084472656,19.200000762939453,35800,0.0,0.0
2021-04-19 00:00:00-04:00,19.1200008392334,19.1200008392334,18.459999084472656,18.459999084472656,21500,0.0,0.0
2021-04-20 00:00:00-04:00,18.459999084472656,18.459999084472656,17.610000610351562,17.610000610351562,63700,0.0,0.0
2021-04-21 00:00:00-04:00,17.360000610351562,18.1200008392334,15.710000038146973,17.93000030517578,48700,0.0,0.0
2021-04-22 00:00:00-04:00,17.760000228881836,18.75,17.5,18.5,20900,0.0,0.0
2021-04-23 00:00:00-04:00,18.190000534057617,18.959999084472656,18.190000534057617,18.799999237060547,27100,0.0,0.0
2021-04-26 00:00:00-04:00,18.979999542236328,19.0,18.510000228881836,18.520000457763672,21900,0.0,0.0
2021-04-27 00:00:00-04:00,18.559999465942383,18.81999969482422,17.8799991607666,18.209999084472656,17100,0.0,0.0
2021-04-28 00:00:00-04:00,18.3799991607666,19.0,18.100000381469727,18.899999618530273,50300,0.0,0.0
2021-04-29 00:00:00-04:00,19.1200008392334,19.25,18.030000686645508,18.549999237060547,29200,0.0,0.0
2021-04-30 00:00:00-04:00,18.389999389648438,19.219999313354492,18.1299991607666,18.18000030517578,21500,0.0,0.0
2021-05-03 00:00:00-04:00,18.350000381469727,19.1299991607666,18.350000381469727,19.0,25600,0.0,0.0
2021-05-04 00:00:00-04:00,18.93000030517578,19.030000686645508,18.190000534057617,18.489999771118164,19300,0.0,0.0
2021-05-05 00:00:00-04:00,18.5,19.8700008392334,18.5,18.940000534057617,44100,0.0,0.0
2021-05-06 00:00:00-04:00,18.780000686645508,19.469999313354492,18.780000686645508,18.899999618530273,20800,0.0,0.0
2021-05-07 00:00:00-04:00,18.6200008392334,21.850000381469727,18.610000610351562,21.520000457763672,72900,0.0,0.0
2021-05-10 00:00:00-04:00,20.549999237060547,22.43000030517578,20.549999237060547,21.1200008392334,47100,0.0,0.0
2021-05-11 00:00:00-04:00,20.860000610351562,21.729999542236328,20.790000915527344,21.229999542236328,34700,0.0,0.0
2021-05-12 00:00:00-04:00,21.3799991607666,22.170000076293945,20.899999618530273,21.1299991607666,53100,0.0,0.0
2021-05-13 00:00:00-04:00,20.979999542236328,21.719999313354492,20.020000457763672,21.209999084472656,40900,0.0,0.0
2021-05-14 00:00:00-04:00,21.530000686645508,22.0,21.309999465942383,21.360000610351562,33900,0.0,0.0
2021-05-17 00:00:00-04:00,21.440000534057617,22.43000030517578,21.3799991607666,22.260000228881836,27400,0.0,0.0
2021-05-18 00:00:00-04:00,22.389999389648438,22.969999313354492,22.1299991607666,22.209999084472656,29800,0.0,0.0
2021-05-19 00:00:00-04:00,22.010000228881836,22.010000228881836,21.239999771118164,21.31999969482422,14100,0.0,0.0
2021-05-20 00:00:00-04:00,21.809999465942383,22.579999923706055,20.670000076293945,21.600000381469727,48800,0.0,0.0
2021-05-21 00:00:00-04:00,21.770000457763672,22.729999542236328,21.34000015258789,22.530000686645508,94500,0.0,0.0
2021-05-24 00:00:00-04:00,22.690000534057617,23.739999771118164,22.360000610351562,22.729999542236328,81600,0.0,0.0
2021-05-25 00:00:00-04:00,22.700000762939453,23.739999771118164,22.469999313354492,22.75,189900,0.0,0.0
2021-05-26 00:00:00-04:00,22.729999542236328,24.90999984741211,22.729999542236328,24.700000762939453,85300,0.0,0.0
2021-05-27 00:00:00-04:00,24.579999923706055,25.940000534057617,24.260000228881836,25.59000015258789,67000,0.0,0.0
2021-05-28 00:00:00-04:00,26.0,26.790000915527344,25.260000228881836,25.540000915527344,69000,0.0,0.0
2021-06-01 00:00:00-04:00,25.540000915527344,26.809999465942383,25.459999084472656,26.809999465942383,56600,0.0,0.0
2021-06-02 00:00:00-04:00,28.18000030517578,28.5,26.5,26.989999771118164,125400,0.0,0.0
2021-06-03 00:00:00-04:00,26.399999618530273,27.049999237060547,25.920000076293945,26.399999618530273,78300,0.0,0.0
2021-06-04 00:00:00-04:00,25.950000762939453,25.950000762939453,24.030000686645508,24.989999771118164,173700,0.0,0.0
2021-06-07 00:00:00-04:00,24.59000015258789,24.989999771118164,23.8799991607666,24.09000015258789,78000,0.0,0.0
2021-06-08 00:00:00-04:00,23.65999984741211,24.59000015258789,23.190000534057617,24.139999389648438,52800,0.0,0.0
2021-06-09 00:00:00-04:00,23.90999984741211,24.170000076293945,23.40999984741211,23.829999923706055,81600,0.0,0.0
2021-06-10 00:00:00-04:00,23.809999465942383,25.360000610351562,23.809999465942383,24.510000228881836,56000,0.0,0.0
2021-06-11 00:00:00-04:00,24.780000686645508,25.270000457763672,24.3799991607666,24.6299991607666,32700,0.0,0.0
2021-06-14 00:00:00-04:00,24.84000015258789,25.049999237060547,23.479999542236328,23.809999465942383,65600,0.0,0.0
2021-06-15 00:00:00-04:00,23.729999542236328,24.760000228881836,23.729999542236328,24.690000534057617,26800,0.0,0.0
2021-06-16 00:00:00-04:00,24.489999771118164,25.040000915527344,23.489999771118164,23.59000015258789,131700,0.0,0.0
2021-06-17 00:00:00-04:00,23.350000381469727,24.09000015258789,22.809999465942383,23.489999771118164,106300,0.0,0.0
2021-06-18 00:00:00-04:00,23.170000076293945,24.290000915527344,23.170000076293945,23.219999313354492,40300,0.0,0.0
2021-06-21 00:00:00-04:00,23.34000015258789,24.450000762939453,23.34000015258789,23.700000762939453,53600,0.0,0.0
2021-06-22 00:00:00-04:00,23.530000686645508,24.510000228881836,23.399999618530273,24.170000076293945,56100,0.0,0.0
2021-06-23 00:00:00-04:00,24.549999237060547,25.170000076293945,23.75,24.09000015258789,31800,0.0,0.0
2021-06-24 00:00:00-04:00,24.139999389648438,25.040000915527344,24.0,24.739999771118164,50300,0.0,0.0
2021-06-25 00:00:00-04:00,24.93000030517578,25.290000915527344,24.5,24.989999771118164,44700,0.0,0.0
2021-06-28 00:00:00-04:00,24.90999984741211,24.90999984741211,23.239999771118164,23.239999771118164,44000,0.0,0.0
2021-06-29 00:00:00-04:00,23.350000381469727,23.690000534057617,22.790000915527344,23.020000457763672,73800,0.0,0.0
2021-06-30 00:00:00-04:00,23.15999984741211,23.790000915527344,23.15999984741211,23.479999542236328,17400,0.0,0.0
2021-07-01 00:00:00-04:00,24.079999923706055,24.760000228881836,23.81999969482422,24.25,34300,0.0,0.0
2021-07-02 00:00:00-04:00,24.520000457763672,24.520000457763672,23.56999969482422,24.010000228881836,27600,0.0,0.0
2021-07-06 00:00:00-04:00,23.760000228881836,24.0,23.030000686645508,23.149999618530273,42100,0.0,0.0
2021-07-07 00:00:00-04:00,23.0,23.399999618530273,22.229999542236328,22.6200008392334,59900,0.0,0.0
2021-07-08 00:00:00-04:00,22.1299991607666,22.899999618530273,22.1299991607666,22.469999313354492,48500,0.0,0.0
2021-07-09 00:00:00-04:00,22.739999771118164,23.989999771118164,22.690000534057617,23.979999542236328,58200,0.0,0.0
2021-07-12 00:00:00-04:00,23.719999313354492,23.829999923706055,23.1299991607666,23.219999313354492,26600,0.0,0.0
2021-07-13 00:00:00-04:00,23.100000381469727,23.399999618530273,22.860000610351562,22.959999084472656,31200,0.0,0.0
2021-07-14 00:00:00-04:00,23.059999465942383,23.389999389648438,22.239999771118164,22.239999771118164,30500,0.0,0.0
2021-07-15 00:00:00-04:00,22.139999389648438,22.59000015258789,22.1299991607666,22.34000015258789,43200,0.0,0.0
2021-07-16 00:00:00-04:00,22.65999984741211,22.65999984741211,21.670000076293945,21.690000534057617,56700,0.0,0.0
2021-07-19 00:00:00-04:00,21.219999313354492,21.75,20.799999237060547,21.1200008392334,94700,0.0,0.0
2021-07-20 00:00:00-04:00,20.3700008392334,21.260000228881836,20.3700008392334,20.729999542236328,89700,0.0,0.0
2021-07-21 00:00:00-04:00,20.65999984741211,21.969999313354492,20.65999984741211,21.1200008392334,45800,0.0,0.0
2021-07-22 00:00:00-04:00,21.450000762939453,21.450000762939453,20.6200008392334,21.040000915527344,21400,0.0,0.0
2021-07-23 00:00:00-04:00,20.8799991607666,21.469999313354492,20.420000076293945,21.079999923706055,47800,0.0,0.0
2021-07-26 00:00:00-04:00,21.5,22.3799991607666,21.40999984741211,22.3799991607666,48800,0.0,0.0
2021-07-27 00:00:00-04:00,22.40999984741211,22.690000534057617,21.360000610351562,21.90999984741211,22800,0.0,0.0
2021-07-28 00:00:00-04:00,21.93000030517578,21.93000030517578,21.079999923706055,21.739999771118164,42200,0.0,0.0
2021-07-29 00:00:00-04:00,22.030000686645508,22.030000686645508,21.399999618530273,21.829999923706055,20800,0.0,0.0
2021-07-30 00:00:00-04:00,21.780000686645508,21.84000015258789,21.15999984741211,21.719999313354492,20400,0.0,0.0
2021-08-02 00:00:00-04:00,21.65999984741211,21.899999618530273,20.5,21.06999969482422,28400,0.0,0.0
2021-08-03 00:00:00-04:00,20.75,21.43000030517578,20.56999969482422,21.09000015258789,32900,0.0,0.0
2021-08-04 00:00:00-04:00,20.760000228881836,20.760000228881836,19.190000534057617,19.43000030517578,71300,0.0,0.0
2021-08-05 00:00:00-04:00,19.440000534057617,20.1299991607666,19.440000534057617,19.989999771118164,31100,0.0,0.0
2021-08-06 00:00:00-04:00,19.6200008392334,19.90999984741211,19.030000686645508,19.559999465942383,82500,0.0,0.0
2021-08-09 00:00:00-04:00,19.1200008392334,20.170000076293945,18.760000228881836,19.959999084472656,34700,0.0,0.0
2021-08-10 00:00:00-04:00,20.0,20.299999237060547,19.809999465942383,20.280000686645508,12000,0.0,0.0
2021-08-11 00:00:00-04:00,20.030000686645508,20.739999771118164,19.739999771118164,20.739999771118164,16700,0.0,0.0
2021-08-12 00:00:00-04:00,20.579999923706055,20.850000381469727,20.34000015258789,20.56999969482422,12900,0.0,0.0
2021-08-13 00:00:00-04:00,20.309999465942383,20.309999465942383,19.290000915527344,19.3799991607666,40200,0.0,0.0
2021-08-16 00:00:00-04:00,19.239999771118164,19.6200008392334,18.8799991607666,19.170000076293945,16600,0.0,0.0
2021-08-17 00:00:00-04:00,19.0,19.3799991607666,18.8700008392334,19.239999771118164,17200,0.0,0.0
2021-08-18 00:00:00-04:00,19.079999923706055,19.889999389648438,18.760000228881836,19.239999771118164,23700,0.0,0.0
2021-08-19 00:00:00-04:00,18.360000610351562,18.959999084472656,17.540000915527344,18.399999618530273,80600,0.0,0.0
2021-08-20 00:00:00-04:00,18.15999984741211,18.93000030517578,18.15999984741211,18.610000610351562,20000,0.0,0.0
2021-08-23 00:00:00-04:00,18.75,19.290000915527344,18.729999542236328,19.139999389648438,21800,0.0,0.0
2021-08-24 00:00:00-04:00,19.290000915527344,19.84000015258789,19.290000915527344,19.579999923706055,23700,0.0,0.0
2021-08-25 00:00:00-04:00,19.540000915527344,19.899999618530273,19.18000030517578,19.18000030517578,7600,0.0,0.0
2021-08-26 00:00:00-04:00,19.06999969482422,19.350000381469727,18.700000762939453,19.200000762939453,12800,0.0,0.0
2021-08-27 00:00:00-04:00,19.260000228881836,19.979999542236328,19.260000228881836,19.639999389648438,17500,0.0,0.0
2021-08-30 00:00:00-04:00,19.8700008392334,19.920000076293945,19.600000381469727,19.600000381469727,4500,0.0,0.0
2021-08-31 00:00:00-04:00,19.329999923706055,19.450000762939453,18.770000457763672,19.25,20100,0.0,0.0
2021-09-01 00:00:00-04:00,19.260000228881836,19.8700008392334,19.190000534057617,19.709999084472656,7600,0.0,0.0
2021-09-02 00:00:00-04:00,19.90999984741211,20.3799991607666,19.5,19.860000610351562,27600,0.0,0.0
2021-09-03 00:00:00-04:00,19.81999969482422,20.170000076293945,19.229999542236328,19.639999389648438,12200,0.0,0.0
2021-09-07 00:00:00-04:00,19.610000610351562,20.059999465942383,19.049999237060547,19.389999389648438,29200,0.0,0.0
2021-09-08 00:00:00-04:00,19.399999618530273,19.399999618530273,19.049999237060547,19.3799991607666,22500,0.0,0.0
2021-09-09 00:00:00-04:00,19.360000610351562,19.600000381469727,19.299999237060547,19.479999542236328,16500,0.0,0.0
2021-09-10 00:00:00-04:00,19.649999618530273,19.969999313354492,19.31999969482422,19.700000762939453,18200,0.0,0.0
2021-09-13 00:00:00-04:00,19.75,19.93000030517578,19.420000076293945,19.780000686645508,50200,0.0,0.0
2021-09-14 00:00:00-04:00,19.799999237060547,19.920000076293945,19.229999542236328,19.229999542236328,41900,0.0,0.0
2021-09-15 00:00:00-04:00,19.309999465942383,20.31999969482422,19.309999465942383,20.0,31600,0.0,0.0
2021-09-16 00:00:00-04:00,19.940000534057617,19.940000534057617,19.540000915527344,19.540000915527344,5100,0.0,0.0
2021-09-17 00:00:00-04:00,19.709999084472656,20.049999237060547,19.0,19.0,25600,0.0,0.0
2021-09-20 00:00:00-04:00,18.950000762939453,19.920000076293945,18.450000762939453,19.6200008392334,31800,0.0,0.0
2021-09-21 00:00:00-04:00,19.6200008392334,19.6200008392334,19.15999984741211,19.239999771118164,22300,0.0,0.0
2021-09-22 00:00:00-04:00,19.5,19.8700008392334,19.360000610351562,19.739999771118164,24400,0.0,0.0
2021-09-23 00:00:00-04:00,19.479999542236328,19.850000381469727,19.239999771118164,19.239999771118164,24600,0.0,0.0
2021-09-24 00:00:00-04:00,19.270000457763672,19.739999771118164,19.06999969482422,19.260000228881836,24100,0.0,0.0
2021-09-27 00:00:00-04:00,18.93000030517578,20.809999465942383,18.93000030517578,20.5,92100,0.0,0.0
2021-09-28 00:00:00-04:00,20.670000076293945,21.790000915527344,20.489999771118164,21.25,34000,0.0,0.0
2021-09-29 00:00:00-04:00,21.3799991607666,22.0,20.799999237060547,21.5,22900,0.0,0.0
2021-09-30 00:00:00-04:00,21.760000228881836,22.850000381469727,21.260000228881836,22.540000915527344,52600,0.0,0.0
2021-10-01 00:00:00-04:00,22.739999771118164,22.739999771118164,21.440000534057617,21.889999389648438,57600,0.0,0.0
2021-10-04 00:00:00-04:00,21.940000534057617,22.440000534057617,21.34000015258789,21.90999984741211,64200,0.0,0.0
2021-10-05 00:00:00-04:00,21.90999984741211,22.739999771118164,21.739999771118164,22.450000762939453,72800,0.0,0.0
2021-10-06 00:00:00-04:00,22.200000762939453,22.239999771118164,21.34000015258789,21.799999237060547,59000,0.0,0.0
2021-10-07 00:00:00-04:00,21.969999313354492,22.270000457763672,21.81999969482422,22.09000015258789,21300,0.0,0.0
2021-10-08 00:00:00-04:00,22.209999084472656,22.899999618530273,21.959999084472656,22.200000762939453,17800,0.0,0.0
2021-10-11 00:00:00-04:00,22.219999313354492,22.8799991607666,22.010000228881836,22.079999923706055,33600,0.0,0.0
2021-10-12 00:00:00-04:00,22.110000610351562,22.459999084472656,22.040000915527344,22.059999465942383,35500,0.0,0.0
2021-10-13 00:00:00-04:00,22.139999389648438,23.0,21.700000762939453,22.989999771118164,25800,0.0,0.0
2021-10-14 00:00:00-04:00,23.0,23.459999084472656,22.829999923706055,23.43000030517578,13200,0.0,0.0
2021-10-15 00:00:00-04:00,23.43000030517578,23.860000610351562,23.280000686645508,23.40999984741211,32100,0.0,0.0
2021-10-18 00:00:00-04:00,23.559999465942383,23.65999984741211,23.139999389648438,23.56999969482422,18400,0.0,0.0
2021-10-19 00:00:00-04:00,23.469999313354492,24.75,22.760000228881836,24.170000076293945,43800,0.0,0.0
2021-10-20 00:00:00-04:00,24.09000015258789,24.81999969482422,23.649999618530273,24.600000381469727,18900,0.0,0.0
2021-10-21 00:00:00-04:00,24.540000915527344,24.600000381469727,23.850000381469727,23.850000381469727,6000,0.0,0.0
2021-10-22 00:00:00-04:00,23.8700008392334,24.049999237060547,22.270000457763672,23.440000534057617,31200,0.0,0.0
2021-10-25 00:00:00-04:00,23.420000076293945,24.43000030517578,23.420000076293945,23.709999084472656,22100,0.0,0.0
2021-10-26 00:00:00-04:00,23.59000015258789,23.850000381469727,23.1299991607666,23.1299991607666,27300,0.0,0.0
2021-10-27 00:00:00-04:00,23.260000228881836,23.260000228881836,22.719999313354492,23.010000228881836,15400,0.0,0.0
2021-10-28 00:00:00-04:00,22.8700008392334,22.90999984741211,22.510000228881836,22.700000762939453,15000,0.0,0.0
2021-10-29 00:00:00-04:00,22.940000534057617,23.559999465942383,22.5,22.510000228881836,29500,0.0,0.0
2021-11-01 00:00:00-04:00,22.719999313354492,23.239999771118164,22.610000610351562,22.940000534057617,20400,0.0,0.0
2021-11-02 00:00:00-04:00,22.739999771118164,23.09000015258789,22.68000030517578,22.8700008392334,18200,0.0,0.0
2021-11-03 00:00:00-04:00,22.729999542236328,23.229999542236328,22.719999313354492,22.90999984741211,18100,0.0,0.0
2021-11-04 00:00:00-04:00,22.969999313354492,23.229999542236328,22.709999084472656,22.770000457763672,20700,0.0,0.0
2021-11-05 00:00:00-04:00,22.770000457763672,23.200000762939453,22.059999465942383,22.34000015258789,35100,0.0,0.0
2021-11-08 00:00:00-05:00,22.329999923706055,22.860000610351562,21.899999618530273,22.079999923706055,17200,0.0,0.0
2021-11-09 00:00:00-05:00,21.899999618530273,22.020000457763672,21.030000686645508,21.420000076293945,53700,0.0,0.0
2021-11-10 00:00:00-05:00,21.530000686645508,21.8700008392334,20.829999923706055,21.280000686645508,38100,0.0,0.0
2021-11-11 00:00:00-05:00,21.260000228881836,21.540000915527344,20.610000610351562,20.610000610351562,12900,0.0,0.0
2021-11-12 00:00:00-05:00,20.729999542236328,20.75,20.0,20.290000915527344,26200,0.0,0.0
2021-11-15 00:00:00-05:00,20.25,20.5,20.100000381469727,20.170000076293945,19200,0.0,0.0
2021-11-16 00:00:00-05:00,20.25,21.0,20.1200008392334,20.8799991607666,22800,0.0,0.0
2021-11-17 00:00:00-05:00,20.979999542236328,21.170000076293945,20.170000076293945,20.520000457763672,28500,0.0,0.0
2021-11-18 00:00:00-05:00,20.709999084472656,20.709999084472656,19.31999969482422,19.579999923706055,65900,0.0,0.0
2021-11-19 00:00:00-05:00,19.59000015258789,19.899999618530273,18.860000610351562,19.34000015258789,45500,0.0,0.0
2021-11-22 00:00:00-05:00,19.299999237060547,19.84000015258789,18.690000534057617,18.8700008392334,32400,0.0,0.0
2021-11-23 00:00:00-05:00,18.81999969482422,19.399999618530273,18.760000228881836,18.950000762939453,35800,0.0,0.0
2021-11-24 00:00:00-05:00,18.950000762939453,19.260000228881836,18.889999389648438,19.190000534057617,23400,0.0,0.0
2021-11-26 00:00:00-05:00,18.760000228881836,18.950000762939453,18.079999923706055,18.510000228881836,14400,0.0,0.0
2021-11-29 00:00:00-05:00,18.639999389648438,18.940000534057617,17.809999465942383,17.809999465942383,37600,0.0,0.0
2021-11-30 00:00:00-05:00,17.700000762939453,18.0,17.239999771118164,17.600000381469727,34400,0.0,0.0
2021-12-01 00:00:00-05:00,17.729999542236328,17.940000534057617,17.010000228881836,17.219999313354492,24200,0.0,0.0
2021-12-02 00:00:00-05:00,17.100000381469727,17.420000076293945,16.790000915527344,17.260000228881836,45900,0.0,0.0
2021-12-03 00:00:00-05:00,17.489999771118164,17.700000762939453,16.299999237060547,16.6200008392334,67000,0.0,0.0
2021-12-06 00:00:00-05:00,16.639999389648438,17.479999542236328,16.610000610351562,17.170000076293945,26000,0.0,0.0
2021-12-07 00:00:00-05:00,17.420000076293945,18.059999465942383,17.399999618530273,17.639999389648438,40800,0.0,0.0
2021-12-08 00:00:00-05:00,17.540000915527344,17.8799991607666,17.540000915527344,17.790000915527344,37700,0.0,0.0
2021-12-09 00:00:00-05:00,17.549999237060547,17.90999984741211,17.270000457763672,17.56999969482422,28400,0.0,0.0
2021-12-10 00:00:00-05:00,17.40999984741211,17.739999771118164,16.790000915527344,17.06999969482422,42200,0.0,0.0
2021-12-13 00:00:00-05:00,16.780000686645508,16.889999389648438,16.34000015258789,16.40999984741211,38000,0.0,0.0
2021-12-14 00:00:00-05:00,16.399999618530273,16.510000228881836,16.020000457763672,16.18000030517578,20200,0.0,0.0
2021-12-15 00:00:00-05:00,16.110000610351562,16.329999923706055,15.65999984741211,15.680000305175781,59600,0.0,0.0
2021-12-16 00:00:00-05:00,15.680000305175781,16.190000534057617,15.680000305175781,15.770000457763672,21000,0.0,0.0
2021-12-17 00:00:00-05:00,15.699999809265137,15.699999809265137,15.25,15.270000457763672,19100,0.0,0.0
2021-12-20 00:00:00-05:00,15.199999809265137,15.199999809265137,14.710000038146973,14.829999923706055,165700,0.0,0.0
2021-12-21 00:00:00-05:00,15.109999656677246,15.5600004196167,14.880000114440918,14.880000114440918,49500,0.0,0.0
2021-12-22 00:00:00-05:00,14.960000038146973,16.299999237060547,14.829999923706055,15.920000076293945,56000,0.0,0.0
2021-12-23 00:00:00-05:00,15.899999618530273,16.399999618530273,15.630000114440918,15.630000114440918,30600,0.0,0.0
2021-12-27 00:00:00-05:00,15.529999732971191,16.06999969482422,15.289999961853027,15.630000114440918,40200,0.0,0.0
2021-12-28 00:00:00-05:00,15.640000343322754,16.260000228881836,15.640000343322754,16.15999984741211,13100,0.0,0.0
2021-12-29 00:00:00-05:00,15.970000267028809,16.34000015258789,15.960000038146973,16.010000228881836,17800,0.0,0.0
2021-12-30 00:00:00-05:00,16.010000228881836,16.40999984741211,15.8100004196167,15.850000381469727,34800,0.0,0.0
2021-12-31 00:00:00-05:00,15.8100004196167,16.1200008392334,15.5600004196167,16.049999237060547,25100,0.0,0.0
2022-01-03 00:00:00-05:00,16.5,17.389999389648438,16.5,17.09000015258789,19100,0.0,0.0
2022-01-04 00:00:00-05:00,17.229999542236328,17.799999237060547,17.219999313354492,17.489999771118164,28600,0.0,0.0
2022-01-05 00:00:00-05:00,16.979999542236328,17.43000030517578,16.700000762939453,16.790000915527344,34000,0.0,0.0
2022-01-06 00:00:00-05:00,16.979999542236328,17.75,16.799999237060547,17.389999389648438,29700,0.0,0.0
2022-01-07 00:00:00-05:00,17.31999969482422,18.190000534057617,17.270000457763672,17.84000015258789,19800,0.0,0.0
2022-01-10 00:00:00-05:00,17.520000457763672,17.770000457763672,17.469999313354492,17.469999313354492,10900,0.0,0.0
2022-01-11 00:00:00-05:00,17.559999465942383,19.209999084472656,17.299999237060547,19.200000762939453,51300,0.0,0.0
2022-01-12 00:00:00-05:00,18.850000381469727,19.43000030517578,18.239999771118164,18.75,46000,0.0,0.0
2022-01-13 00:00:00-05:00,18.780000686645508,19.420000076293945,18.290000915527344,18.770000457763672,11900,0.0,0.0
2022-01-14 00:00:00-05:00,18.780000686645508,19.040000915527344,18.65999984741211,18.899999618530273,43200,0.0,0.0
2022-01-18 00:00:00-05:00,18.940000534057617,20.040000915527344,18.940000534057617,19.479999542236328,31600,0.0,0.0
2022-01-19 00:00:00-05:00,19.959999084472656,19.979999542236328,19.420000076293945,19.979999542236328,29500,0.0,0.0
2022-01-20 00:00:00-05:00,19.770000457763672,19.770000457763672,19.0,19.190000534057617,25000,0.0,0.0
2022-01-21 00:00:00-05:00,19.020000457763672,19.020000457763672,17.68000030517578,17.75,23300,0.0,0.0
2022-01-24 00:00:00-05:00,16.850000381469727,17.700000762939453,16.40999984741211,17.59000015258789,24600,0.0,0.0
2022-01-25 00:00:00-05:00,17.40999984741211,19.18000030517578,17.40999984741211,19.170000076293945,22100,0.0,0.0
2022-01-26 00:00:00-05:00,18.719999313354492,19.959999084472656,18.719999313354492,19.3700008392334,18000,0.0,0.0
2022-01-27 00:00:00-05:00,19.420000076293945,19.479999542236328,18.329999923706055,18.709999084472656,22400,0.0,0.0
2022-01-28 00:00:00-05:00,18.520000457763672,19.0,18.299999237060547,18.610000610351562,34200,0.0,0.0
2022-01-31 00:00:00-05:00,18.440000534057617,19.829999923706055,18.09000015258789,19.520000457763672,28000,0.0,0.0
2022-02-01 00:00:00-05:00,19.549999237060547,21.100000381469727,19.549999237060547,20.149999618530273,74400,0.0,0.0
2022-02-02 00:00:00-05:00,20.5,21.15999984741211,20.270000457763672,20.90999984741211,34700,0.0,0.0
2022-02-03 00:00:00-05:00,20.920000076293945,21.540000915527344,20.56999969482422,21.209999084472656,35300,0.0,0.0
2022-02-04 00:00:00-05:00,21.280000686645508,21.34000015258789,20.799999237060547,21.34000015258789,26100,0.0,0.0
2022-02-07 00:00:00-05:00,19.440000534057617,20.34000015258789,18.8799991607666,19.489999771118164,87800,0.0,0.0
2022-02-08 00:00:00-05:00,19.780000686645508,19.8799991607666,19.0,19.139999389648438,13500,0.0,0.0
2022-02-09 00:00:00-05:00,18.8700008392334,19.360000610351562,18.5,18.780000686645508,30200,0.0,0.0
2022-02-10 00:00:00-05:00,19.0,19.200000762939453,18.290000915527344,18.75,29100,0.0,0.0
2022-02-11 00:00:00-05:00,18.809999465942383,19.469999313354492,18.010000228881836,18.6299991607666,36800,0.0,0.0
2022-02-14 00:00:00-05:00,18.549999237060547,18.920000076293945,18.299999237060547,18.6200008392334,17000,0.0,0.0
2022-02-15 00:00:00-05:00,18.3799991607666,19.110000610351562,18.3799991607666,19.010000228881836,12000,0.0,0.0
2022-02-16 00:00:00-05:00,19.0,19.690000534057617,19.0,19.3700008392334,24600,0.0,0.0
2022-02-17 00:00:00-05:00,19.0,19.440000534057617,18.799999237060547,19.25,6600,0.0,0.0
2022-02-18 00:00:00-05:00,18.75,19.15999984741211,18.399999618530273,18.940000534057617,16500,0.0,0.0
2022-02-22 00:00:00-05:00,19.209999084472656,19.209999084472656,18.020000457763672,18.5,40900,0.0,0.0
2022-02-23 00:00:00-05:00,18.5,19.0,18.299999237060547,18.860000610351562,26600,0.0,0.0
2022-02-24 00:00:00-05:00,18.760000228881836,19.649999618530273,18.290000915527344,19.3700008392334,37800,0.0,0.0
2022-02-25 00:00:00-05:00,19.5,19.5,18.780000686645508,19.469999313354492,7900,0.0,0.0
2022-02-28 00:00:00-05:00,19.520000457763672,19.780000686645508,19.0,19.15999984741211,14000,0.0,0.0
2022-03-01 00:00:00-05:00,18.579999923706055,19.5,18.579999923706055,19.1299991607666,18600,0.0,0.0
2022-03-02 00:00:00-05:00,19.889999389648438,20.3700008392334,19.5,20.139999389648438,28800,0.0,0.0
2022-03-03 00:00:00-05:00,19.850000381469727,19.989999771118164,19.329999923706055,19.579999923706055,15800,0.0,0.0
2022-03-04 00:00:00-05:00,19.530000686645508,21.0,19.5,20.93000030517578,48600,0.0,0.0
2022-03-07 00:00:00-05:00,20.979999542236328,23.170000076293945,20.979999542236328,22.610000610351562,77000,0.0,0.0
2022-03-08 00:00:00-05:00,22.969999313354492,26.200000762939453,22.190000534057617,24.790000915527344,202200,0.0,0.0
2022-03-09 00:00:00-05:00,24.209999084472656,24.75,23.530000686645508,24.059999465942383,63200,0.0,0.0
2022-03-10 00:00:00-05:00,23.8799991607666,24.649999618530273,23.780000686645508,24.40999984741211,52700,0.0,0.0
2022-03-11 00:00:00-05:00,24.350000381469727,25.049999237060547,24.079999923706055,24.920000076293945,42100,0.0,0.0
2022-03-14 00:00:00-04:00,24.899999618530273,24.899999618530273,23.100000381469727,23.110000610351562,97000,0.0,0.0
2022-03-15 00:00:00-04:00,22.06999969482422,23.700000762939453,21.520000457763672,23.299999237060547,124000,0.0,0.0
2022-03-16 00:00:00-04:00,23.469999313354492,24.0,23.010000228881836,23.280000686645508,27200,0.0,0.0
2022-03-17 00:00:00-04:00,23.5,25.15999984741211,23.5,24.6299991607666,28400,0.0,0.0
2022-03-18 00:00:00-04:00,24.56999969482422,24.56999969482422,23.93000030517578,23.93000030517578,21000,0.0,0.0
2022-03-21 00:00:00-04:00,24.530000686645508,24.899999618530273,23.920000076293945,23.93000030517578,24300,0.0,0.0
2022-03-22 00:00:00-04:00,24.059999465942383,24.700000762939453,23.25,23.31999969482422,24800,0.0,0.0
2022-03-23 00:00:00-04:00,23.670000076293945,24.670000076293945,23.469999313354492,23.530000686645508,29900,0.0,0.0
2022-03-24 00:00:00-04:00,23.489999771118164,24.209999084472656,23.1200008392334,23.700000762939453,33600,0.0,0.0
2022-03-25 00:00:00-04:00,23.700000762939453,24.420000076293945,23.0,23.5,76800,0.0,0.0
2022-03-28 00:00:00-04:00,23.3799991607666,23.3799991607666,22.18000030517578,22.790000915527344,32500,0.0,0.0
2022-03-29 00:00:00-04:00,22.399999618530273,24.360000610351562,21.979999542236328,23.0,31200,0.0,0.0
2022-03-30 00:00:00-04:00,22.8799991607666,23.8700008392334,22.600000381469727,23.3700008392334,63400,0.0,0.0
2022-03-31 00:00:00-04:00,23.59000015258789,23.780000686645508,22.899999618530273,22.899999618530273,14400,0.0,0.0
2022-04-01 00:00:00-04:00,23.479999542236328,23.75,23.040000915527344,23.389999389648438,32600,0.0,0.0
2022-04-04 00:00:00-04:00,23.350000381469727,24.030000686645508,23.190000534057617,23.559999465942383,23700,0.0,0.0
2022-04-05 00:00:00-04:00,23.479999542236328,24.049999237060547,22.290000915527344,22.450000762939453,14100,0.0,0.0
2022-04-06 00:00:00-04:00,22.610000610351562,22.809999465942383,21.360000610351562,21.940000534057617,21800,0.0,0.0
2022-04-07 00:00:00-04:00,22.020000457763672,22.270000457763672,20.530000686645508,21.309999465942383,46100,0.0,0.0
2022-04-08 00:00:00-04:00,21.190000534057617,22.420000076293945,21.100000381469727,22.34000015258789,19300,0.0,0.0
2022-04-11 00:00:00-04:00,22.18000030517578,22.329999923706055,21.360000610351562,21.780000686645508,25400,0.0,0.0
2022-04-12 00:00:00-04:00,22.040000915527344,23.709999084472656,22.040000915527344,22.510000228881836,15100,0.0,0.0
2022-04-13 00:00:00-04:00,22.729999542236328,23.40999984741211,22.3700008392334,22.520000457763672,22700,0.0,0.0
2022-04-14 00:00:00-04:00,22.329999923706055,23.170000076293945,22.329999923706055,22.950000762939453,28000,0.0,0.0
2022-04-18 00:00:00-04:00,23.0,23.700000762939453,22.5,22.760000228881836,37100,0.0,0.0
2022-04-19 00:00:00-04:00,22.639999389648438,23.860000610351562,22.639999389648438,23.479999542236328,28400,0.0,0.0
2022-04-20 00:00:00-04:00,23.530000686645508,25.260000228881836,22.81999969482422,24.93000030517578,38000,0.0,0.0
2022-04-21 00:00:00-04:00,24.950000762939453,25.469999313354492,22.989999771118164,23.1200008392334,13500,0.0,0.0
2022-04-22 00:00:00-04:00,22.950000762939453,24.389999389648438,22.100000381469727,22.559999465942383,33400,0.0,0.0
2022-04-25 00:00:00-04:00,22.059999465942383,22.100000381469727,20.34000015258789,21.829999923706055,19200,0.0,0.0
2022-04-26 00:00:00-04:00,21.639999389648438,22.239999771118164,20.860000610351562,21.610000610351562,24000,0.0,0.0
2022-04-27 00:00:00-04:00,21.56999969482422,22.149999618530273,21.010000228881836,21.010000228881836,28800,0.0,0.0
2022-04-28 00:00:00-04:00,21.440000534057617,22.530000686645508,20.610000610351562,21.469999313354492,45500,0.0,0.0
2022-04-29 00:00:00-04:00,21.93000030517578,22.09000015258789,20.600000381469727,21.1299991607666,16300,0.0,0.0
2022-05-02 00:00:00-04:00,20.59000015258789,21.40999984741211,20.59000015258789,21.0,25400,0.0,0.0
2022-05-03 00:00:00-04:00,21.139999389648438,21.649999618530273,20.780000686645508,20.90999984741211,18800,0.0,0.0
2022-05-04 00:00:00-04:00,21.479999542236328,22.700000762939453,20.8799991607666,22.3799991607666,24500,0.0,0.0
2022-05-05 00:00:00-04:00,22.459999084472656,22.459999084472656,20.81999969482422,21.0,52100,0.0,0.0
2022-05-06 00:00:00-04:00,20.889999389648438,22.75,20.6200008392334,21.260000228881836,85800,0.0,0.0
2022-05-09 00:00:00-04:00,20.450000762939453,21.309999465942383,19.520000457763672,19.889999389648438,79400,0.0,0.0
2022-05-10 00:00:00-04:00,20.049999237060547,21.299999237060547,18.979999542236328,19.59000015258789,46400,0.0,0.0
2022-05-11 00:00:00-04:00,20.209999084472656,20.920000076293945,19.940000534057617,20.040000915527344,30200,0.0,0.0
2022-05-12 00:00:00-04:00,19.899999618530273,20.1200008392334,18.5,18.799999237060547,42700,0.0,0.0
2022-05-13 00:00:00-04:00,19.229999542236328,19.860000610351562,18.399999618530273,19.559999465942383,40400,0.0,0.0
2022-05-16 00:00:00-04:00,20.020000457763672,20.899999618530273,19.770000457763672,20.010000228881836,67500,0.0,0.0
2022-05-17 00:00:00-04:00,20.329999923706055,21.3700008392334,20.18000030517578,21.260000228881836,12100,0.0,0.0
2022-05-18 00:00:00-04:00,21.219999313354492,21.420000076293945,20.610000610351562,21.25,37100,0.0,0.0
2022-05-19 00:00:00-04:00,21.030000686645508,21.75,21.030000686645508,21.670000076293945,5400,0.0,0.0
2022-05-20 00:00:00-04:00,21.690000534057617,21.799999237060547,21.049999237060547,21.540000915527344,38000,0.0,0.0
2022-05-23 00:00:00-04:00,21.770000457763672,23.149999618530273,21.719999313354492,23.020000457763672,25400,0.0,0.0
2022-05-24 00:00:00-04:00,22.81999969482422,23.229999542236328,22.65999984741211,23.229999542236328,39300,0.0,0.0
2022-05-25 00:00:00-04:00,23.299999237060547,23.5,23.18000030517578,23.18000030517578,18600,0.0,0.0
2022-05-26 00:00:00-04:00,23.5,23.950000762939453,23.260000228881836,23.260000228881836,16100,0.0,0.0
2022-05-27 00:00:00-04:00,23.389999389648438,24.739999771118164,23.06999969482422,24.479999542236328,28100,0.0,0.0
2022-05-31 00:00:00-04:00,24.559999465942383,24.959999084472656,24.200000762939453,24.739999771118164,45300,0.0,0.0
2022-06-01 00:00:00-04:00,24.75,24.989999771118164,24.299999237060547,24.860000610351562,58800,0.0,0.0
2022-06-02 00:00:00-04:00,24.719999313354492,25.200000762939453,24.3799991607666,24.75,27500,0.0,0.0
2022-06-03 00:00:00-04:00,24.75,25.25,24.75,25.0,14100,0.0,0.0
2022-06-06 00:00:00-04:00,24.959999084472656,25.170000076293945,24.799999237060547,25.0,22300,0.0,0.0
2022-06-07 00:00:00-04:00,24.8700008392334,25.510000228881836,24.520000457763672,25.059999465942383,28500,0.0,0.0
2022-06-08 00:00:00-04:00,24.979999542236328,25.770000457763672,24.799999237060547,25.3700008392334,28800,0.0,0.0
2022-06-09 00:00:00-04:00,25.020000457763672,25.799999237060547,25.020000457763672,25.469999313354492,25200,0.0,0.0
2022-06-10 00:00:00-04:00,25.670000076293945,25.670000076293945,24.059999465942383,25.209999084472656,11100,0.0,0.0
2022-06-13 00:00:00-04:00,24.530000686645508,24.65999984741211,22.760000228881836,23.329999923706055,38400,0.0,0.0
2022-06-14 00:00:00-04:00,23.579999923706055,24.010000228881836,21.950000762939453,23.010000228881836,33600,0.0,0.0
2022-06-15 00:00:00-04:00,23.170000076293945,23.760000228881836,22.1299991607666,22.1299991607666,29500,0.0,0.0
2022-06-16 00:00:00-04:00,21.81999969482422,22.989999771118164,21.25,22.850000381469727,101900,0.0,0.0
2022-06-17 00:00:00-04:00,22.450000762939453,23.399999618530273,21.18000030517578,22.06999969482422,52400,0.0,0.0
2022-06-21 00:00:00-04:00,22.520000457763672,23.200000762939453,22.010000228881836,22.020000457763672,35200,0.0,0.0
2022-06-22 00:00:00-04:00,21.559999465942383,21.889999389648438,20.270000457763672,20.270000457763672,23900,0.0,0.0
2022-06-23 00:00:00-04:00,20.420000076293945,20.420000076293945,18.1200008392334,19.149999618530273,25200,0.0,0.0
2022-06-24 00:00:00-04:00,19.25,21.18000030517578,19.25,20.579999923706055,19400,0.0,0.0
2022-06-27 00:00:00-04:00,20.600000381469727,20.959999084472656,20.030000686645508,20.760000228881836,11700,0.0,0.0
2022-06-28 00:00:00-04:00,21.049999237060547,21.440000534057617,20.3799991607666,20.420000076293945,11400,0.0,0.0
2022-06-29 00:00:00-04:00,20.489999771118164,20.799999237060547,19.510000228881836,20.530000686645508,37700,0.0,0.0
2022-06-30 00:00:00-04:00,20.030000686645508,20.8799991607666,19.200000762939453,19.6200008392334,15200,0.0,0.0
2022-07-01 00:00:00-04:00,19.8700008392334,20.770000457763672,18.709999084472656,19.309999465942383,16900,0.0,0.0
2022-07-05 00:00:00-04:00,18.780000686645508,19.799999237060547,18.639999389648438,19.299999237060547,44000,0.0,0.0
2022-07-06 00:00:00-04:00,19.34000015258789,19.549999237060547,18.299999237060547,18.350000381469727,22100,0.0,0.0
2022-07-07 00:00:00-04:00,18.90999984741211,19.770000457763672,18.600000381469727,19.40999984741211,33400,0.0,0.0
2022-07-08 00:00:00-04:00,20.270000457763672,20.270000457763672,19.1200008392334,19.290000915527344,9000,0.0,0.0
2022-07-11 00:00:00-04:00,19.170000076293945,19.850000381469727,18.280000686645508,18.280000686645508,7800,0.0,0.0
2022-07-12 00:00:00-04:00,18.09000015258789,18.540000915527344,17.510000228881836,18.0,34700,0.0,0.0
2022-07-13 00:00:00-04:00,18.040000915527344,18.40999984741211,17.760000228881836,18.059999465942383,21400,0.0,0.0
2022-07-14 00:00:00-04:00,17.600000381469727,17.600000381469727,17.0,17.170000076293945,20400,0.0,0.0
2022-07-15 00:00:00-04:00,17.239999771118164,17.600000381469727,16.780000686645508,17.219999313354492,20200,0.0,0.0
2022-07-18 00:00:00-04:00,17.43000030517578,18.610000610351562,17.43000030517578,18.399999618530273,24300,0.0,0.0
2022-07-19 00:00:00-04:00,18.479999542236328,19.1200008392334,18.200000762939453,18.8700008392334,29800,0.0,0.0
2022-07-20 00:00:00-04:00,18.510000228881836,19.3799991607666,18.510000228881836,19.059999465942383,28800,0.0,0.0
2022-07-21 00:00:00-04:00,18.84000015258789,19.0,18.260000228881836,18.829999923706055,24300,0.0,0.0
2022-07-22 00:00:00-04:00,19.040000915527344,19.350000381469727,18.549999237060547,18.940000534057617,26700,0.0,0.0
2022-07-25 00:00:00-04:00,19.020000457763672,19.989999771118164,18.610000610351562,19.530000686645508,9900,0.0,0.0
2022-07-26 00:00:00-04:00,19.5,20.100000381469727,19.260000228881836,19.670000076293945,16000,0.0,0.0
2022-07-27 00:00:00-04:00,20.100000381469727,20.229999542236328,19.809999465942383,20.149999618530273,3500,0.0,0.0
2022-07-28 00:00:00-04:00,20.06999969482422,20.25,18.8799991607666,19.219999313354492,21200,0.0,0.0
2022-07-29 00:00:00-04:00,19.290000915527344,19.969999313354492,19.290000915527344,19.799999237060547,10900,0.0,0.0
2022-08-01 00:00:00-04:00,19.68000030517578,20.18000030517578,19.049999237060547,19.450000762939453,17400,0.0,0.0
2022-08-02 00:00:00-04:00,19.469999313354492,20.059999465942383,19.059999465942383,20.059999465942383,12100,0.0,0.0
2022-08-03 00:00:00-04:00,20.43000030517578,20.799999237060547,19.899999618530273,20.43000030517578,15500,0.0,0.0
2022-08-04 00:00:00-04:00,20.200000762939453,20.559999465942383,19.65999984741211,19.90999984741211,37400,0.0,0.0
2022-08-05 00:00:00-04:00,19.399999618530273,23.8700008392334,19.399999618530273,23.299999237060547,189300,0.0,0.0
2022-08-08 00:00:00-04:00,23.520000457763672,25.479999542236328,23.520000457763672,24.850000381469727,74800,0.0,0.0
2022-08-09 00:00:00-04:00,24.770000457763672,25.5,24.510000228881836,24.8700008392334,53200,0.0,0.0
2022-08-10 00:00:00-04:00,25.190000534057617,25.190000534057617,24.0,25.18000030517578,32900,0.0,0.0
2022-08-11 00:00:00-04:00,25.190000534057617,25.420000076293945,23.989999771118164,25.420000076293945,43100,0.0,0.0
2022-08-12 00:00:00-04:00,25.43000030517578,26.510000228881836,24.59000015258789,26.239999771118164,26300,0.0,0.0
2022-08-15 00:00:00-04:00,24.3700008392334,26.06999969482422,23.920000076293945,25.469999313354492,36100,0.0,0.0
2022-08-16 00:00:00-04:00,25.25,26.0,25.25,25.459999084472656,28600,0.0,0.0
2022-08-17 00:00:00-04:00,26.100000381469727,26.100000381469727,25.420000076293945,25.780000686645508,10100,0.0,0.0
2022-08-18 00:00:00-04:00,26.030000686645508,26.5,25.790000915527344,26.5,12800,0.0,0.0
2022-08-19 00:00:00-04:00,26.209999084472656,26.459999084472656,25.969999313354492,26.350000381469727,15100,0.0,0.0
2022-08-22 00:00:00-04:00,26.329999923706055,26.329999923706055,25.5,26.309999465942383,6800,0.0,0.0
2022-08-23 00:00:00-04:00,26.149999618530273,26.889999389648438,26.110000610351562,26.68000030517578,39400,0.0,0.0
2022-08-24 00:00:00-04:00,26.90999984741211,28.459999084472656,26.68000030517578,28.079999923706055,71400,0.0,0.0
2022-08-25 00:00:00-04:00,28.479999542236328,28.799999237060547,28.040000915527344,28.299999237060547,25000,0.0,0.0
2022-08-26 00:00:00-04:00,28.350000381469727,28.790000915527344,28.149999618530273,28.40999984741211,32300,0.0,0.0
2022-08-29 00:00:00-04:00,28.559999465942383,30.989999771118164,28.139999389648438,29.780000686645508,98400,0.0,0.0
2022-08-30 00:00:00-04:00,29.790000915527344,29.790000915527344,27.34000015258789,27.729999542236328,62000,0.0,0.0
2022-08-31 00:00:00-04:00,27.34000015258789,27.729999542236328,26.780000686645508,26.8799991607666,20000,0.0,0.0
2022-09-01 00:00:00-04:00,26.770000457763672,26.770000457763672,25.549999237060547,26.010000228881836,20400,0.0,0.0
2022-09-02 00:00:00-04:00,26.940000534057617,27.979999542236328,26.5,26.809999465942383,22100,0.0,0.0
2022-09-06 00:00:00-04:00,27.0,27.649999618530273,25.81999969482422,26.299999237060547,22100,0.0,0.0
2022-09-07 00:00:00-04:00,25.729999542236328,26.709999084472656,25.56999969482422,25.84000015258789,20800,0.0,0.0
2022-09-08 00:00:00-04:00,25.6299991607666,25.93000030517578,25.6200008392334,25.809999465942383,2500,0.0,0.0
2022-09-09 00:00:00-04:00,26.0,26.459999084472656,25.829999923706055,25.920000076293945,21700,0.0,0.0
2022-09-12 00:00:00-04:00,25.979999542236328,26.329999923706055,25.3799991607666,25.59000015258789,14000,0.0,0.0
2022-09-13 00:00:00-04:00,25.25,26.0,25.25,25.690000534057617,13700,0.0,0.0
2022-09-14 00:00:00-04:00,25.969999313354492,26.3700008392334,25.270000457763672,25.270000457763672,38600,0.0,0.0
2022-09-15 00:00:00-04:00,25.25,25.549999237060547,24.899999618530273,25.209999084472656,14400,0.0,0.0
2022-09-16 00:00:00-04:00,24.93000030517578,25.43000030517578,24.649999618530273,24.780000686645508,28900,0.0,0.0
2022-09-19 00:00:00-04:00,24.690000534057617,24.850000381469727,24.200000762939453,24.260000228881836,24300,0.0,0.0
2022-09-20 00:00:00-04:00,24.149999618530273,24.479999542236328,24.09000015258789,24.09000015258789,20200,0.0,0.0
2022-09-21 00:00:00-04:00,24.469999313354492,24.6200008392334,23.09000015258789,23.25,11800,0.0,0.0
2022-09-22 00:00:00-04:00,23.1200008392334,23.56999969482422,21.510000228881836,22.290000915527344,48100,0.0,0.0
2022-09-23 00:00:00-04:00,21.850000381469727,22.0,20.959999084472656,21.260000228881836,21200,0.0,0.0
2022-09-26 00:00:00-04:00,21.0,21.239999771118164,19.100000381469727,20.489999771118164,51000,0.0,0.0
2022-09-27 00:00:00-04:00,20.489999771118164,21.860000610351562,20.34000015258789,20.559999465942383,58500,0.0,0.0
2022-09-28 00:00:00-04:00,20.84000015258789,21.309999465942383,20.540000915527344,20.979999542236328,118700,0.0,0.0
2022-09-29 00:00:00-04:00,20.579999923706055,21.260000228881836,20.299999237060547,21.25,14900,0.0,0.0
2022-09-30 00:00:00-04:00,21.139999389648438,21.690000534057617,20.799999237060547,21.239999771118164,73400,0.0,0.0
2022-10-03 00:00:00-04:00,21.0,21.920000076293945,20.5,21.209999084472656,49300,0.0,0.0
2022-10-04 00:00:00-04:00,21.56999969482422,22.25,21.290000915527344,21.450000762939453,64300,0.0,0.0
2022-10-05 00:00:00-04:00,21.329999923706055,23.010000228881836,21.260000228881836,22.81999969482422,33400,0.0,0.0
2022-10-06 00:00:00-04:00,22.889999389648438,23.0,22.010000228881836,22.459999084472656,53700,0.0,0.0
2022-10-07 00:00:00-04:00,22.520000457763672,23.979999542236328,22.520000457763672,23.739999771118164,28300,0.0,0.0
2022-10-10 00:00:00-04:00,23.93000030517578,24.25,23.100000381469727,23.799999237060547,23800,0.0,0.0
2022-10-11 00:00:00-04:00,23.260000228881836,23.75,22.75,22.90999984741211,35000,0.0,0.0
2022-10-12 00:00:00-04:00,22.979999542236328,22.979999542236328,22.860000610351562,22.959999084472656,1700,0.0,0.0
2022-10-13 00:00:00-04:00,22.75,23.600000381469727,22.65999984741211,23.219999313354492,7200,0.0,0.0
2022-10-14 00:00:00-04:00,22.780000686645508,22.959999084472656,22.510000228881836,22.959999084472656,2300,0.0,0.0
2022-10-17 00:00:00-04:00,23.579999923706055,23.579999923706055,23.049999237060547,23.18000030517578,2400,0.0,0.0
2022-10-18 00:00:00-04:00,23.329999923706055,23.399999618530273,23.110000610351562,23.399999618530273,3300,0.0,0.0
2022-10-19 00:00:00-04:00,23.239999771118164,23.25,22.93000030517578,23.059999465942383,22500,0.0,0.0
2022-10-20 00:00:00-04:00,23.1299991607666,23.34000015258789,23.049999237060547,23.200000762939453,12400,0.0,0.0
2022-10-21 00:00:00-04:00,23.399999618530273,23.5,22.829999923706055,23.399999618530273,52900,0.0,0.0
2022-10-24 00:00:00-04:00,23.219999313354492,23.950000762939453,23.219999313354492,23.6299991607666,50700,0.0,0.0
2022-10-25 00:00:00-04:00,23.799999237060547,25.899999618530273,23.799999237060547,25.65999984741211,23400,0.0,0.0
2022-10-26 00:00:00-04:00,25.68000030517578,27.31999969482422,25.68000030517578,26.889999389648438,21000,0.0,0.0
2022-10-27 00:00:00-04:00,27.18000030517578,27.950000762939453,26.6200008392334,26.860000610351562,26000,0.0,0.0
2022-10-28 00:00:00-04:00,27.0,27.0,26.0,26.399999618530273,10800,0.0,0.0
2022-10-31 00:00:00-04:00,26.290000915527344,26.520000457763672,25.760000228881836,26.389999389648438,10700,0.0,0.0
2022-11-01 00:00:00-04:00,27.030000686645508,27.350000381469727,25.90999984741211,26.09000015258789,12700,0.0,0.0
2022-11-02 00:00:00-04:00,25.90999984741211,26.34000015258789,25.360000610351562,25.700000762939453,22900,0.0,0.0
2022-11-03 00:00:00-04:00,25.06999969482422,26.889999389648438,23.84000015258789,26.549999237060547,40500,0.0,0.0
2022-11-04 00:00:00-04:00,27.0,27.079999923706055,26.209999084472656,26.93000030517578,8200,0.0,0.0
2022-11-07 00:00:00-05:00,27.100000381469727,28.649999618530273,27.079999923706055,27.360000610351562,34800,0.0,0.0
2022-11-08 00:00:00-05:00,27.360000610351562,28.649999618530273,27.360000610351562,27.940000534057617,33200,0.0,0.0
2022-11-09 00:00:00-05:00,28.18000030517578,29.110000610351562,27.979999542236328,28.200000762939453,33000,0.0,0.0
2022-11-10 00:00:00-05:00,28.239999771118164,29.25,28.229999542236328,28.850000381469727,14600,0.0,0.0
2022-11-11 00:00:00-05:00,29.100000381469727,30.110000610351562,29.049999237060547,29.850000381469727,11900,0.0,0.0
2022-11-14 00:00:00-05:00,29.799999237060547,29.799999237060547,28.1200008392334,28.600000381469727,31900,0.0,0.0
2022-11-15 00:00:00-05:00,28.979999542236328,29.18000030517578,28.059999465942383,28.75,7100,0.0,0.0
2022-11-16 00:00:00-05:00,28.549999237060547,28.860000610351562,28.200000762939453,28.860000610351562,3600,0.0,0.0
2022-11-17 00:00:00-05:00,28.860000610351562,29.299999237060547,28.299999237060547,28.770000457763672,15600,0.0,0.0
2022-11-18 00:00:00-05:00,28.530000686645508,29.260000228881836,27.809999465942383,28.709999084472656,18300,0.0,0.0
2022-11-21 00:00:00-05:00,28.360000610351562,28.510000228881836,27.299999237060547,28.5,17300,0.0,0.0
2022-11-22 00:00:00-05:00,29.040000915527344,29.239999771118164,28.729999542236328,28.81999969482422,17600,0.0,0.0
2022-11-23 00:00:00-05:00,28.639999389648438,29.709999084472656,27.790000915527344,29.65999984741211,22600,0.0,0.0
2022-11-25 00:00:00-05:00,29.40999984741211,30.43000030517578,29.06999969482422,29.520000457763672,9300,0.0,0.0
2022-11-28 00:00:00-05:00,29.170000076293945,29.170000076293945,27.219999313354492,27.979999542236328,22900,0.0,0.0
2022-11-29 00:00:00-05:00,28.43000030517578,28.56999969482422,27.860000610351562,28.34000015258789,16000,0.0,0.0
2022-11-30 00:00:00-05:00,28.350000381469727,30.6299991607666,28.190000534057617,29.059999465942383,35500,0.0,0.0
2022-12-01 00:00:00-05:00,29.420000076293945,30.510000228881836,29.299999237060547,30.219999313354492,24800,0.0,0.0
2022-12-02 00:00:00-05:00,29.350000381469727,30.270000457763672,29.1200008392334,30.170000076293945,39200,0.0,0.0
2022-12-05 00:00:00-05:00,30.0,30.5,28.8700008392334,29.15999984741211,21400,0.0,0.0
2022-12-06 00:00:00-05:00,28.940000534057617,29.920000076293945,28.399999618530273,28.709999084472656,16200,0.0,0.0
2022-12-07 00:00:00-05:00,28.610000610351562,30.100000381469727,28.610000610351562,29.450000762939453,19700,0.0,0.0
2022-12-08 00:00:00-05:00,29.899999618530273,29.899999618530273,29.040000915527344,29.469999313354492,17300,0.0,0.0
2022-12-09 00:00:00-05:00,29.520000457763672,30.229999542236328,28.299999237060547,28.739999771118164,47000,0.0,0.0
2022-12-12 00:00:00-05:00,28.780000686645508,29.0,27.90999984741211,28.40999984741211,37600,0.0,0.0
2022-12-13 00:00:00-05:00,29.729999542236328,29.729999542236328,28.8799991607666,29.540000915527344,20000,0.0,0.0
2022-12-14 00:00:00-05:00,29.690000534057617,31.309999465942383,29.690000534057617,30.350000381469727,37600,0.0,0.0
2022-12-15 00:00:00-05:00,30.350000381469727,30.90999984741211,30.139999389648438,30.90999984741211,25800,0.0,0.0
2022-12-16 00:00:00-05:00,30.639999389648438,31.479999542236328,29.940000534057617,31.040000915527344,19200,0.0,0.0
2022-12-19 00:00:00-05:00,31.5,31.8799991607666,29.309999465942383,29.5,54100,0.0,0.0
2022-12-20 00:00:00-05:00,29.8700008392334,32.0,29.8700008392334,31.360000610351562,57600,0.0,0.0
2022-12-21 00:00:00-05:00,31.6200008392334,31.850000381469727,30.8799991607666,31.06999969482422,78700,0.0,0.0
2022-12-22 00:00:00-05:00,31.25,31.639999389648438,30.510000228881836,30.809999465942383,38000,0.0,0.0
2022-12-23 00:00:00-05:00,31.1200008392334,31.34000015258789,30.280000686645508,31.190000534057617,87900,0.0,0.0
2022-12-27 00:00:00-05:00,31.739999771118164,31.84000015258789,30.600000381469727,31.25,93900,0.0,0.0
2022-12-28 00:00:00-05:00,31.06999969482422,31.829999923706055,29.799999237060547,30.360000610351562,47800,0.0,0.0
2022-12-29 00:00:00-05:00,31.40999984741211,31.40999984741211,29.110000610351562,29.5,64900,0.0,0.0
2022-12-30 00:00:00-05:00,29.399999618530273,30.0,29.25,29.5,77400,0.0,0.0
2023-01-03 00:00:00-05:00,29.489999771118164,30.0,27.889999389648438,28.0,63300,0.0,0.0
2023-01-04 00:00:00-05:00,28.0,28.1200008392334,27.110000610351562,27.360000610351562,70100,0.0,0.0
2023-01-05 00:00:00-05:00,27.3700008392334,28.469999313354492,27.3700008392334,28.149999618530273,18900,0.0,0.0
2023-01-06 00:00:00-05:00,28.0,28.850000381469727,27.219999313354492,28.260000228881836,69300,0.0,0.0
2023-01-09 00:00:00-05:00,28.690000534057617,30.899999618530273,28.690000534057617,29.1200008392334,321900,0.0,0.0
2023-01-10 00:00:00-05:00,29.1200008392334,29.799999237060547,28.899999618530273,29.3799991607666,111700,0.0,0.0
2023-01-11 00:00:00-05:00,29.5,29.600000381469727,28.540000915527344,28.850000381469727,106700,0.0,0.0
2023-01-12 00:00:00-05:00,28.739999771118164,29.43000030517578,28.739999771118164,29.110000610351562,79500,0.0,0.0
2023-01-13 00:00:00-05:00,29.18000030517578,29.190000534057617,28.559999465942383,29.079999923706055,106500,0.0,0.0
2023-01-17 00:00:00-05:00,29.06999969482422,29.950000762939453,29.06999969482422,29.950000762939453,140900,0.0,0.0
2023-01-18 00:00:00-05:00,30.25,32.849998474121094,30.049999237060547,30.40999984741211,198000,0.0,0.0
2023-01-19 00:00:00-05:00,30.40999984741211,31.139999389648438,30.100000381469727,30.40999984741211,74500,0.0,0.0
2023-01-20 00:00:00-05:00,30.25,31.610000610351562,30.059999465942383,31.549999237060547,69600,0.0,0.0
2023-01-23 00:00:00-05:00,31.559999465942383,32.599998474121094,31.450000762939453,31.690000534057617,132700,0.0,0.0
2023-01-24 00:00:00-05:00,31.690000534057617,33.52000045776367,31.40999984741211,31.739999771118164,85200,0.0,0.0
2023-01-25 00:00:00-05:00,31.440000534057617,33.5099983215332,31.200000762939453,33.209999084472656,91600,0.0,0.0
2023-01-26 00:00:00-05:00,33.09000015258789,33.25,31.809999465942383,32.560001373291016,84100,0.0,0.0
2023-01-27 00:00:00-05:00,32.75,32.959999084472656,31.729999542236328,32.0,60100,0.0,0.0
2023-01-30 00:00:00-05:00,31.709999084472656,32.0099983215332,31.010000228881836,31.889999389648438,76800,0.0,0.0
2023-01-31 00:00:00-05:00,31.950000762939453,33.380001068115234,31.75,33.0,54200,0.0,0.0
2023-02-01 00:00:00-05:00,32.939998626708984,32.939998626708984,31.809999465942383,32.81999969482422,83200,0.0,0.0
2023-02-02 00:00:00-05:00,32.93000030517578,32.97999954223633,30.729999542236328,31.579999923706055,103800,0.0,0.0
2023-02-03 00:00:00-05:00,31.420000076293945,32.88999938964844,31.420000076293945,31.979999542236328,76500,0.0,0.0
2023-02-06 00:00:00-05:00,32.0,32.689998626708984,31.6200008392334,32.689998626708984,73200,0.0,0.0
2023-02-07 00:00:00-05:00,32.65999984741211,32.689998626708984,32.099998474121094,32.369998931884766,105400,0.0,0.0
2023-02-08 00:00:00-05:00,32.650001525878906,32.65999984741211,31.549999237060547,32.16999816894531,66700,0.0,0.0
2023-02-09 00:00:00-05:00,32.06999969482422,32.099998474121094,31.1299991607666,31.899999618530273,125500,0.0,0.0
2023-02-10 00:00:00-05:00,32.029998779296875,33.84000015258789,31.68000030517578,33.06999969482422,80500,0.0,0.0
2023-02-13 00:00:00-05:00,33.0,33.0,32.310001373291016,32.400001525878906,35700,0.0,0.0
2023-02-14 00:00:00-05:00,32.220001220703125,32.7400016784668,31.690000534057617,32.04999923706055,50300,0.0,0.0
2023-02-15 00:00:00-05:00,32.040000915527344,32.18000030517578,31.399999618530273,32.18000030517578,67300,0.0,0.0
2023-02-16 00:00:00-05:00,31.81999969482422,32.22999954223633,31.690000534057617,32.22999954223633,98900,0.0,0.0
2023-02-17 00:00:00-05:00,32.0,32.0,31.200000762939453,31.700000762939453,133500,0.0,0.0
2023-02-21 00:00:00-05:00,31.049999237060547,32.2400016784668,31.049999237060547,31.780000686645508,92800,0.0,0.0
2023-02-22 00:00:00-05:00,31.530000686645508,31.770000457763672,29.100000381469727,29.350000381469727,117800,0.0,0.0
2023-02-23 00:00:00-05:00,29.68000030517578,30.18000030517578,29.18000030517578,29.56999969482422,83900,0.0,0.0
2023-02-24 00:00:00-05:00,29.299999237060547,29.950000762939453,28.959999084472656,29.850000381469727,65200,0.0,0.0
2023-02-27 00:00:00-05:00,29.84000015258789,30.309999465942383,29.709999084472656,30.1299991607666,42400,0.0,0.0
2023-02-28 00:00:00-05:00,30.469999313354492,30.65999984741211,29.280000686645508,29.280000686645508,49700,0.0,0.0
2023-03-01 00:00:00-05:00,29.280000686645508,29.709999084472656,28.56999969482422,29.350000381469727,89200,0.0,0.0
2023-03-02 00:00:00-05:00,29.040000915527344,30.1200008392334,29.040000915527344,30.09000015258789,55500,0.0,0.0
2023-03-03 00:00:00-05:00,29.799999237060547,31.030000686645508,29.799999237060547,30.8799991607666,58500,0.0,0.0
2023-03-06 00:00:00-05:00,31.020000457763672,31.020000457763672,30.200000762939453,30.790000915527344,66500,0.0,0.0
2023-03-07 00:00:00-05:00,30.809999465942383,30.809999465942383,29.889999389648438,30.020000457763672,45400,0.0,0.0
2023-03-08 00:00:00-05:00,29.920000076293945,30.469999313354492,29.350000381469727,29.940000534057617,106800,0.0,0.0
2023-03-09 00:00:00-05:00,29.989999771118164,30.280000686645508,29.040000915527344,29.110000610351562,153100,0.0,0.0
2023-03-10 00:00:00-05:00,29.389999389648438,29.5,28.309999465942383,28.459999084472656,121000,0.0,0.0
2023-03-13 00:00:00-04:00,27.65999984741211,28.610000610351562,27.350000381469727,28.229999542236328,225400,0.0,0.0
2023-03-14 00:00:00-04:00,28.360000610351562,29.1200008392334,28.0,28.170000076293945,178100,0.0,0.0
2023-03-15 00:00:00-04:00,27.43000030517578,27.43000030517578,25.59000015258789,26.0,326300,0.0,0.0
2023-03-16 00:00:00-04:00,25.540000915527344,25.540000915527344,22.84000015258789,24.549999237060547,396000,0.0,0.0
2023-03-17 00:00:00-04:00,24.309999465942383,24.540000915527344,22.989999771118164,23.049999237060547,166700,0.0,0.0
2023-03-20 00:00:00-04:00,22.979999542236328,24.059999465942383,22.979999542236328,23.649999618530273,156400,0.0,0.0
2023-03-21 00:00:00-04:00,24.34000015258789,25.5,24.329999923706055,25.030000686645508,154000,0.0,0.0
2023-03-22 00:00:00-04:00,25.059999465942383,25.059999465942383,24.049999237060547,24.1200008392334,52800,0.0,0.0
2023-03-23 00:00:00-04:00,24.5,24.729999542236328,22.450000762939453,23.0,313300,0.0,0.0
2023-03-24 00:00:00-04:00,22.579999923706055,23.299999237060547,22.459999084472656,22.940000534057617,67100,0.0,0.0
2023-03-27 00:00:00-04:00,23.09000015258789,24.170000076293945,23.0,23.950000762939453,61500,0.0,0.0
2023-03-28 00:00:00-04:00,24.110000610351562,25.209999084472656,23.90999984741211,25.09000015258789,57400,0.0,0.0
2023-03-29 00:00:00-04:00,25.360000610351562,25.3700008392334,24.84000015258789,24.920000076293945,51000,0.0,0.0
2023-03-30 00:00:00-04:00,25.06999969482422,25.1200008392334,24.229999542236328,24.770000457763672,27100,0.0,0.0
2023-03-31 00:00:00-04:00,24.6299991607666,25.510000228881836,24.31999969482422,25.43000030517578,66700,0.0,0.0
2023-04-03 00:00:00-04:00,26.3799991607666,26.920000076293945,26.139999389648438,26.440000534057617,83500,0.0,0.0
2023-04-04 00:00:00-04:00,26.579999923706055,26.579999923706055,24.8700008392334,25.31999969482422,76200,0.0,0.0
2023-04-05 00:00:00-04:00,25.079999923706055,25.079999923706055,24.360000610351562,24.420000076293945,38200,0.0,0.0
2023-04-06 00:00:00-04:00,24.299999237060547,24.479999542236328,23.690000534057617,23.739999771118164,28000,0.0,0.0
2023-04-10 00:00:00-04:00,23.65999984741211,24.6299991607666,23.65999984741211,24.299999237060547,24900,0.0,0.0
2023-04-11 00:00:00-04:00,24.360000610351562,24.899999618530273,24.1200008392334,24.68000030517578,49200,0.0,0.0
2023-04-12 00:00:00-04:00,24.690000534057617,24.850000381469727,24.149999618530273,24.68000030517578,45100,0.0,0.0
2023-04-13 00:00:00-04:00,24.59000015258789,25.0,24.329999923706055,24.389999389648438,18300,0.0,0.0
2023-04-14 00:00:00-04:00,24.389999389648438,24.559999465942383,24.0,24.450000762939453,46500,0.0,0.0
2023-04-17 00:00:00-04:00,24.389999389648438,24.59000015258789,23.920000076293945,23.969999313354492,36600,0.0,0.0
2023-04-18 00:00:00-04:00,24.520000457763672,24.520000457763672,23.15999984741211,23.350000381469727,61100,0.0,0.0
2023-04-19 00:00:00-04:00,23.31999969482422,23.68000030517578,22.799999237060547,23.579999923706055,40500,0.0,0.0
2023-04-20 00:00:00-04:00,23.260000228881836,23.260000228881836,22.510000228881836,22.790000915527344,38800,0.0,0.0
2023-04-21 00:00:00-04:00,22.860000610351562,23.520000457763672,21.940000534057617,22.299999237060547,32000,0.0,0.0
2023-04-24 00:00:00-04:00,22.100000381469727,22.90999984741211,22.100000381469727,22.559999465942383,40900,0.0,0.0
2023-04-25 00:00:00-04:00,22.530000686645508,22.600000381469727,21.520000457763672,21.959999084472656,62400,0.0,0.0
2023-04-26 00:00:00-04:00,22.219999313354492,22.420000076293945,21.639999389648438,21.75,58700,0.0,0.0
2023-04-27 00:00:00-04:00,21.75,21.940000534057617,21.219999313354492,21.559999465942383,54600,0.0,0.0
2023-04-28 00:00:00-04:00,21.530000686645508,22.5,21.329999923706055,22.15999984741211,42200,0.0,0.0
2023-05-01 00:00:00-04:00,22.040000915527344,22.540000915527344,21.799999237060547,21.940000534057617,33300,0.0,0.0
2023-05-02 00:00:00-04:00,21.610000610351562,21.979999542236328,20.6200008392334,20.75,50600,0.0,0.0
2023-05-03 00:00:00-04:00,20.5,21.030000686645508,20.40999984741211,20.6200008392334,39500,0.0,0.0
2023-05-04 00:00:00-04:00,20.65999984741211,21.09000015258789,20.299999237060547,20.75,48600,0.0,0.0
2023-05-05 00:00:00-04:00,21.0,22.0,20.770000457763672,21.690000534057617,46300,0.0,0.0
2023-05-08 00:00:00-04:00,21.889999389648438,22.170000076293945,21.450000762939453,21.479999542236328,43800,0.0,0.0
2023-05-09 00:00:00-04:00,21.68000030517578,22.18000030517578,21.350000381469727,22.049999237060547,43000,0.0,0.0
2023-05-10 00:00:00-04:00,22.040000915527344,22.09000015258789,21.559999465942383,22.040000915527344,28700,0.0,0.0
2023-05-11 00:00:00-04:00,21.81999969482422,21.950000762939453,21.200000762939453,21.59000015258789,51400,0.0,0.0
2023-05-12 00:00:00-04:00,21.649999618530273,21.969999313354492,21.100000381469727,21.520000457763672,55100,0.0,0.0
2023-05-15 00:00:00-04:00,21.93000030517578,22.690000534057617,21.93000030517578,22.6200008392334,42300,0.0,0.0
2023-05-16 00:00:00-04:00,22.6200008392334,23.309999465942383,22.530000686645508,23.020000457763672,46500,0.0,0.0
2023-05-17 00:00:00-04:00,23.100000381469727,23.549999237060547,22.65999984741211,23.34000015258789,51900,0.0,0.0
2023-05-18 00:00:00-04:00,23.34000015258789,24.030000686645508,22.950000762939453,24.010000228881836,47100,0.0,0.0
2023-05-19 00:00:00-04:00,24.170000076293945,24.43000030517578,23.3700008392334,23.709999084472656,38800,0.0,0.0
2023-05-22 00:00:00-04:00,23.709999084472656,25.170000076293945,23.709999084472656,24.8700008392334,71400,0.0,0.0
2023-05-23 00:00:00-04:00,25.149999618530273,25.790000915527344,25.1299991607666,25.75,50700,0.0,0.0
2023-05-24 00:00:00-04:00,25.739999771118164,25.90999984741211,25.1299991607666,25.559999465942383,41800,0.0,0.0
2023-05-25 00:00:00-04:00,25.219999313354492,25.219999313354492,24.450000762939453,24.520000457763672,22400,0.0,0.0
2023-05-26 00:00:00-04:00,24.559999465942383,24.68000030517578,23.709999084472656,24.200000762939453,39700,0.0,0.0
2023-05-30 00:00:00-04:00,23.829999923706055,23.920000076293945,22.729999542236328,22.729999542236328,40200,0.0,0.0
2023-05-31 00:00:00-04:00,22.309999465942383,22.6200008392334,21.229999542236328,21.329999923706055,81800,0.0,0.0
2023-06-01 00:00:00-04:00,21.440000534057617,22.81999969482422,20.780000686645508,22.68000030517578,79500,0.0,0.0
2023-06-02 00:00:00-04:00,23.0,24.110000610351562,22.84000015258789,23.989999771118164,44700,0.0,0.0
2023-06-05 00:00:00-04:00,24.299999237060547,24.75,23.549999237060547,24.25,47600,0.0,0.0
2023-06-06 00:00:00-04:00,23.350000381469727,25.399999618530273,23.350000381469727,25.219999313354492,70100,0.0,0.0
2023-06-07 00:00:00-04:00,25.34000015258789,26.40999984741211,25.270000457763672,26.020000457763672,88200,0.0,0.0
2023-06-08 00:00:00-04:00,26.229999542236328,26.540000915527344,25.68000030517578,25.780000686645508,41300,0.0,0.0
2023-06-09 00:00:00-04:00,25.65999984741211,26.56999969482422,25.450000762939453,25.700000762939453,34300,0.0,0.0
2023-06-12 00:00:00-04:00,25.389999389648438,26.239999771118164,25.010000228881836,25.200000762939453,59800,0.0,0.0
2023-06-13 00:00:00-04:00,25.440000534057617,26.5,25.040000915527344,25.110000610351562,98400,0.0,0.0
2023-06-14 00:00:00-04:00,25.190000534057617,25.350000381469727,24.81999969482422,24.969999313354492,42400,0.0,0.0
2023-06-15 00:00:00-04:00,25.110000610351562,26.43000030517578,24.90999984741211,25.190000534057617,60700,0.0,0.0
2023-06-16 00:00:00-04:00,25.34000015258789,25.459999084472656,24.31999969482422,25.3799991607666,400600,0.0,0.0
2023-06-20 00:00:00-04:00,25.209999084472656,25.56999969482422,24.469999313354492,25.5,69300,0.0,0.0
2023-06-21 00:00:00-04:00,25.280000686645508,26.719999313354492,25.280000686645508,26.40999984741211,76600,0.0,0.0
2023-06-22 00:00:00-04:00,26.149999618530273,26.149999618530273,24.860000610351562,24.860000610351562,90200,0.0,0.0
2023-06-23 00:00:00-04:00,24.489999771118164,24.5,22.579999923706055,22.59000015258789,1331000,0.0,0.0
2023-06-26 00:00:00-04:00,22.540000915527344,24.209999084472656,22.540000915527344,23.65999984741211,89600,0.0,0.0
2023-06-27 00:00:00-04:00,23.579999923706055,24.3799991607666,23.559999465942383,24.209999084472656,48000,0.0,0.0
2023-06-28 00:00:00-04:00,24.139999389648438,24.139999389648438,23.6200008392334,23.649999618530273,42000,0.0,0.0
2023-06-29 00:00:00-04:00,24.200000762939453,24.979999542236328,24.1299991607666,24.770000457763672,37800,0.0,0.0
2023-06-30 00:00:00-04:00,25.0,25.829999923706055,24.600000381469727,25.59000015258789,94100,0.0,0.0
2023-07-03 00:00:00-04:00,25.59000015258789,26.260000228881836,25.59000015258789,25.8700008392334,33000,0.0,0.0
2023-07-05 00:00:00-04:00,25.770000457763672,25.770000457763672,24.65999984741211,24.709999084472656,50700,0.0,0.0
2023-07-06 00:00:00-04:00,24.440000534057617,24.510000228881836,23.309999465942383,24.020000457763672,51200,0.0,0.0
2023-07-07 00:00:00-04:00,24.139999389648438,26.229999542236328,24.139999389648438,25.969999313354492,188600,0.0,0.0
2023-07-10 00:00:00-04:00,25.979999542236328,26.15999984741211,25.329999923706055,25.829999923706055,48900,0.0,0.0
2023-07-11 00:00:00-04:00,26.0,26.65999984741211,25.68000030517578,26.440000534057617,51700,0.0,0.0
2023-07-12 00:00:00-04:00,26.90999984741211,27.200000762939453,26.1200008392334,26.15999984741211,54500,0.0,0.0
2023-07-13 00:00:00-04:00,26.229999542236328,26.489999771118164,25.649999618530273,25.709999084472656,36600,0.0,0.0
2023-07-14 00:00:00-04:00,25.56999969482422,25.56999969482422,24.530000686645508,24.950000762939453,36400,0.0,0.0
2023-07-17 00:00:00-04:00,24.959999084472656,25.1299991607666,24.639999389648438,24.729999542236328,33300,0.0,0.0
2023-07-18 00:00:00-04:00,25.6299991607666,26.229999542236328,25.610000610351562,25.809999465942383,30500,0.0,0.0
2023-07-19 00:00:00-04:00,25.739999771118164,26.25,25.440000534057617,25.799999237060547,16500,0.0,0.0
2023-07-20 00:00:00-04:00,25.940000534057617,26.0,25.260000228881836,25.6299991607666,22100,0.0,0.0
2023-07-21 00:00:00-04:00,25.75,25.950000762939453,25.139999389648438,25.440000534057617,34900,0.0,0.0
2023-07-24 00:00:00-04:00,25.280000686645508,26.5,25.280000686645508,26.3799991607666,55600,0.0,0.0
2023-07-25 00:00:00-04:00,26.110000610351562,26.5,25.920000076293945,26.329999923706055,41400,0.0,0.0
2023-07-26 00:00:00-04:00,26.1299991607666,26.760000228881836,26.100000381469727,26.549999237060547,31500,0.0,0.0
2023-07-27 00:00:00-04:00,26.6200008392334,26.84000015258789,26.1200008392334,26.239999771118164,42700,0.0,0.0
2023-07-28 00:00:00-04:00,26.459999084472656,27.15999984741211,26.440000534057617,26.950000762939453,34500,0.0,0.0
2023-07-31 00:00:00-04:00,27.059999465942383,27.469999313354492,26.799999237060547,27.209999084472656,46500,0.0,0.0
2023-08-01 00:00:00-04:00,27.06999969482422,27.5,26.719999313354492,27.479999542236328,41700,0.0,0.0
2023-08-02 00:00:00-04:00,27.1200008392334,27.520000457763672,26.8700008392334,27.209999084472656,64800,0.0,0.0
2023-08-03 00:00:00-04:00,27.079999923706055,27.84000015258789,26.899999618530273,27.0,91400,0.0,0.0
2023-08-04 00:00:00-04:00,27.329999923706055,28.729999542236328,25.010000228881836,25.200000762939453,166000,0.0,0.0
2023-08-07 00:00:00-04:00,25.170000076293945,25.450000762939453,24.3799991607666,24.59000015258789,69300,0.0,0.0
2023-08-08 00:00:00-04:00,24.219999313354492,25.700000762939453,23.600000381469727,24.56999969482422,97600,0.0,0.0
2023-08-09 00:00:00-04:00,24.780000686645508,26.559999465942383,24.079999923706055,24.739999771118164,58900,0.0,0.0
2023-08-10 00:00:00-04:00,25.1200008392334,25.1200008392334,24.299999237060547,24.420000076293945,24900,0.0,0.0
2023-08-11 00:00:00-04:00,24.329999923706055,25.190000534057617,24.329999923706055,25.15999984741211,33600,0.0,0.0
2023-08-14 00:00:00-04:00,25.0,25.190000534057617,24.600000381469727,24.8799991607666,27500,0.0,0.0
2023-08-15 00:00:00-04:00,24.670000076293945,24.670000076293945,24.0,24.040000915527344,23000,0.0,0.0
2023-08-16 00:00:00-04:00,24.559999465942383,24.559999465942383,23.3700008392334,23.5,39900,0.0,0.0
2023-08-17 00:00:00-04:00,23.65999984741211,23.90999984741211,23.270000457763672,23.549999237060547,37900,0.0,0.0
2023-08-18 00:00:00-04:00,23.239999771118164,24.420000076293945,23.200000762939453,24.389999389648438,52800,0.0,0.0
2023-08-21 00:00:00-04:00,24.440000534057617,25.420000076293945,23.719999313354492,23.940000534057617,29200,0.0,0.0
2023-08-22 00:00:00-04:00,24.049999237060547,24.700000762939453,23.25,23.290000915527344,42300,0.0,0.0
2023-08-23 00:00:00-04:00,23.260000228881836,23.65999984741211,23.260000228881836,23.549999237060547,27600,0.0,0.0
2023-08-24 00:00:00-04:00,23.299999237060547,23.469999313354492,22.950000762939453,23.030000686645508,43600,0.0,0.0
2023-08-25 00:00:00-04:00,23.25,23.329999923706055,22.8700008392334,23.040000915527344,21600,0.0,0.0
2023-08-28 00:00:00-04:00,23.030000686645508,23.760000228881836,23.030000686645508,23.43000030517578,22200,0.0,0.0
2023-08-29 00:00:00-04:00,23.25,23.850000381469727,22.899999618530273,23.540000915527344,19000,0.0,0.0
2023-08-30 00:00:00-04:00,22.8799991607666,23.950000762939453,22.8799991607666,23.729999542236328,23000,0.0,0.0
2023-08-31 00:00:00-04:00,23.899999618530273,24.170000076293945,23.549999237060547,23.68000030517578,30600,0.0,0.0
2023-09-01 00:00:00-04:00,24.059999465942383,24.950000762939453,24.059999465942383,24.690000534057617,29700,0.0,0.0
2023-09-05 00:00:00-04:00,25.6200008392334,26.360000610351562,25.260000228881836,25.639999389648438,72300,0.0,0.0
2023-09-06 00:00:00-04:00,25.65999984741211,25.850000381469727,24.65999984741211,24.950000762939453,28700,0.0,0.0
2023-09-07 00:00:00-04:00,25.0,25.149999618530273,24.09000015258789,24.610000610351562,77900,0.0,0.0
2023-09-08 00:00:00-04:00,24.700000762939453,24.739999771118164,24.290000915527344,24.360000610351562,25500,0.0,0.0
2023-09-11 00:00:00-04:00,24.520000457763672,24.520000457763672,24.149999618530273,24.399999618530273,25300,0.0,0.0
2023-09-12 00:00:00-04:00,24.520000457763672,25.389999389648438,24.520000457763672,25.260000228881836,40500,0.0,0.0
2023-09-13 00:00:00-04:00,25.290000915527344,25.290000915527344,24.09000015258789,24.31999969482422,31600,0.0,0.0
2023-09-14 00:00:00-04:00,24.81999969482422,25.049999237060547,24.600000381469727,24.899999618530273,28000,0.0,0.0
2023-09-15 00:00:00-04:00,24.75,25.489999771118164,24.75,25.40999984741211,76200,0.0,0.0
2023-09-18 00:00:00-04:00,25.389999389648438,25.420000076293945,24.889999389648438,25.139999389648438,17400,0.0,0.0
2023-09-19 00:00:00-04:00,25.34000015258789,25.34000015258789,23.950000762939453,24.229999542236328,45600,0.0,0.0
2023-09-20 00:00:00-04:00,24.030000686645508,24.56999969482422,24.010000228881836,24.040000915527344,18000,0.0,0.0
2023-09-21 00:00:00-04:00,24.100000381469727,24.170000076293945,23.600000381469727,24.049999237060547,22900,0.0,0.0
2023-09-22 00:00:00-04:00,24.329999923706055,24.649999618530273,24.06999969482422,24.5,20900,0.0,0.0
2023-09-25 00:00:00-04:00,24.440000534057617,24.549999237060547,23.899999618530273,23.940000534057617,25100,0.0,0.0
2023-09-26 00:00:00-04:00,23.739999771118164,24.040000915527344,23.43000030517578,23.829999923706055,25800,0.0,0.0
2023-09-27 00:00:00-04:00,23.940000534057617,25.190000534057617,23.940000534057617,25.190000534057617,24400,0.0,0.0
2023-09-28 00:00:00-04:00,25.18000030517578,25.18000030517578,24.450000762939453,24.989999771118164,30700,0.0,0.0
2023-09-29 00:00:00-04:00,25.229999542236328,25.229999542236328,23.899999618530273,24.020000457763672,18900,0.0,0.0
2023-10-02 00:00:00-04:00,24.059999465942383,24.059999465942383,22.84000015258789,23.600000381469727,49900,0.0,0.0
2023-10-03 00:00:00-04:00,23.579999923706055,24.049999237060547,23.239999771118164,23.770000457763672,28900,0.0,0.0
2023-10-04 00:00:00-04:00,23.31999969482422,23.329999923706055,22.239999771118164,22.350000381469727,33900,0.0,0.0
2023-10-05 00:00:00-04:00,21.899999618530273,22.3799991607666,21.899999618530273,22.229999542236328,32800,0.0,0.0
2023-10-06 00:00:00-04:00,22.030000686645508,22.6299991607666,21.809999465942383,22.200000762939453,30700,0.0,0.0
2023-10-09 00:00:00-04:00,22.6200008392334,23.540000915527344,22.200000762939453,22.979999542236328,22700,0.0,0.0
2023-10-10 00:00:00-04:00,23.079999923706055,23.3700008392334,22.81999969482422,23.18000030517578,15500,0.0,0.0
2023-10-11 00:00:00-04:00,23.1200008392334,23.1200008392334,22.549999237060547,23.010000228881836,17100,0.0,0.0
2023-10-12 00:00:00-04:00,23.010000228881836,23.440000534057617,22.799999237060547,23.389999389648438,23100,0.0,0.0
2023-10-13 00:00:00-04:00,23.549999237060547,23.850000381469727,23.329999923706055,23.600000381469727,26500,0.0,0.0
2023-10-16 00:00:00-04:00,23.719999313354492,23.719999313354492,22.799999237060547,22.81999969482422,32300,0.0,0.0
2023-10-17 00:00:00-04:00,23.40999984741211,23.989999771118164,22.670000076293945,23.850000381469727,24200,0.0,0.0
2023-10-18 00:00:00-04:00,23.549999237060547,24.010000228881836,23.40999984741211,24.0,13000,0.0,0.0
2023-10-19 00:00:00-04:00,23.8799991607666,23.969999313354492,23.020000457763672,23.34000015258789,21500,0.0,0.0
2023-10-20 00:00:00-04:00,23.350000381469727,23.350000381469727,22.81999969482422,23.020000457763672,22500,0.0,0.0
2023-10-23 00:00:00-04:00,22.889999389648438,22.899999618530273,22.260000228881836,22.65999984741211,30700,0.0,0.0
2023-10-24 00:00:00-04:00,22.65999984741211,22.84000015258789,22.059999465942383,22.139999389648438,31000,0.0,0.0
2023-10-25 00:00:00-04:00,22.059999465942383,22.8799991607666,21.649999618530273,22.75,23300,0.0,0.0
2023-10-26 00:00:00-04:00,22.649999618530273,22.649999618530273,21.690000534057617,22.260000228881836,31700,0.0,0.0
2023-10-27 00:00:00-04:00,22.299999237060547,22.489999771118164,21.510000228881836,21.850000381469727,58500,0.0,0.0
2023-10-30 00:00:00-04:00,21.84000015258789,22.360000610351562,21.6299991607666,21.90999984741211,12800,0.0,0.0
2023-10-31 00:00:00-04:00,21.829999923706055,22.010000228881836,21.600000381469727,21.770000457763672,19400,0.0,0.0
2023-11-01 00:00:00-04:00,21.579999923706055,22.010000228881836,21.579999923706055,21.739999771118164,16600,0.0,0.0
2023-11-02 00:00:00-04:00,21.270000457763672,21.829999923706055,21.079999923706055,21.760000228881836,21000,0.0,0.0
2023-11-03 00:00:00-04:00,22.049999237060547,23.579999923706055,21.1200008392334,23.579999923706055,78900,0.0,0.0
2023-11-06 00:00:00-05:00,23.899999618530273,24.479999542236328,23.719999313354492,24.200000762939453,41200,0.0,0.0
2023-11-07 00:00:00-05:00,24.0,24.190000534057617,22.059999465942383,22.31999969482422,50600,0.0,0.0
2023-11-08 00:00:00-05:00,21.959999084472656,22.209999084472656,21.510000228881836,21.540000915527344,27000,0.0,0.0
2023-11-09 00:00:00-05:00,21.3799991607666,22.31999969482422,21.299999237060547,21.899999618530273,35900,0.0,0.0
2023-11-10 00:00:00-05:00,22.209999084472656,22.610000610351562,21.84000015258789,22.530000686645508,29200,0.0,0.0
2023-11-13 00:00:00-05:00,23.040000915527344,23.40999984741211,22.8799991607666,23.139999389648438,41100,0.0,0.0
2023-11-14 00:00:00-05:00,23.709999084472656,23.950000762939453,23.139999389648438,23.56999969482422,50400,0.0,0.0
2023-11-15 00:00:00-05:00,23.280000686645508,24.0,22.8799991607666,22.889999389648438,18200,0.0,0.0
2023-11-16 00:00:00-05:00,22.010000228881836,22.469999313354492,21.799999237060547,22.209999084472656,34800,0.0,0.0
2023-11-17 00:00:00-05:00,22.6200008392334,23.399999618530273,22.6200008392334,22.81999969482422,39300,0.0,0.0
2023-11-20 00:00:00-05:00,22.6299991607666,23.520000457763672,22.540000915527344,22.600000381469727,11100,0.0,0.0
2023-11-21 00:00:00-05:00,22.299999237060547,22.790000915527344,21.969999313354492,22.469999313354492,25200,0.0,0.0
2023-11-22 00:00:00-05:00,22.350000381469727,22.399999618530273,21.540000915527344,21.90999984741211,20500,0.0,0.0
2023-11-24 00:00:00-05:00,22.700000762939453,22.700000762939453,22.420000076293945,22.420000076293945,7300,0.0,0.0
2023-11-27 00:00:00-05:00,22.3700008392334,22.3700008392334,21.670000076293945,21.8700008392334,20200,0.0,0.0
2023-11-28 00:00:00-05:00,22.040000915527344,22.049999237060547,21.40999984741211,21.530000686645508,17600,0.0,0.0
2023-11-29 00:00:00-05:00,21.850000381469727,22.0,21.559999465942383,21.809999465942383,23900,0.0,0.0
2023-11-30 00:00:00-05:00,22.010000228881836,22.5,21.68000030517578,21.770000457763672,42400,0.0,0.0
2023-12-01 00:00:00-05:00,21.610000610351562,22.6299991607666,21.600000381469727,22.469999313354492,31500,0.0,0.0
2023-12-04 00:00:00-05:00,22.56999969482422,23.079999923706055,22.489999771118164,22.600000381469727,17300,0.0,0.0
2023-12-05 00:00:00-05:00,22.790000915527344,22.90999984741211,21.719999313354492,21.850000381469727,43100,0.0,0.0
2023-12-06 00:00:00-05:00,21.889999389648438,22.489999771118164,21.270000457763672,21.31999969482422,37100,0.0,0.0
2023-12-07 00:00:00-05:00,21.790000915527344,21.799999237060547,20.709999084472656,21.170000076293945,30300,0.0,0.0
2023-12-08 00:00:00-05:00,21.040000915527344,21.579999923706055,20.579999923706055,21.309999465942383,55400,0.0,0.0
2023-12-11 00:00:00-05:00,21.149999618530273,21.3700008392334,20.940000534057617,21.200000762939453,19600,0.0,0.0
2023-12-12 00:00:00-05:00,20.799999237060547,21.0,19.309999465942383,19.719999313354492,72900,0.0,0.0
2023-12-13 00:00:00-05:00,19.81999969482422,21.0,19.489999771118164,20.940000534057617,54900,0.0,0.0
2023-12-14 00:00:00-05:00,21.5,22.079999923706055,21.229999542236328,22.030000686645508,47800,0.0,0.0
2023-12-15 00:00:00-05:00,22.149999618530273,22.270000457763672,20.850000381469727,21.84000015258789,146100,0.0,0.0
2023-12-18 00:00:00-05:00,22.09000015258789,22.219999313354492,21.6200008392334,22.100000381469727,23800,0.0,0.0
2023-12-19 00:00:00-05:00,22.040000915527344,22.739999771118164,21.75,22.600000381469727,27000,0.0,0.0
2023-12-20 00:00:00-05:00,22.600000381469727,23.81999969482422,22.31999969482422,22.670000076293945,39600,0.0,0.0
2023-12-21 00:00:00-05:00,22.700000762939453,23.3799991607666,22.700000762939453,23.170000076293945,15800,0.0,0.0
2023-12-22 00:00:00-05:00,23.3799991607666,23.68000030517578,23.200000762939453,23.350000381469727,21500,0.0,0.0
2023-12-26 00:00:00-05:00,23.350000381469727,23.350000381469727,22.81999969482422,22.950000762939453,34300,0.0,0.0
2023-12-27 00:00:00-05:00,23.030000686645508,23.030000686645508,22.5,22.860000610351562,14000,0.0,0.0
2023-12-28 00:00:00-05:00,22.860000610351562,22.860000610351562,22.34000015258789,22.600000381469727,14000,0.0,0.0
2023-12-29 00:00:00-05:00,22.600000381469727,22.600000381469727,22.0,22.170000076293945,16800,0.0,0.0
2024-01-02 00:00:00-05:00,23.209999084472656,23.209999084472656,22.229999542236328,22.649999618530273,21000,0.0,0.0
2024-01-03 00:00:00-05:00,22.850000381469727,23.09000015258789,22.59000015258789,22.65999984741211,24700,0.0,0.0
2024-01-04 00:00:00-05:00,22.670000076293945,22.790000915527344,21.729999542236328,22.110000610351562,22300,0.0,0.0
2024-01-05 00:00:00-05:00,22.190000534057617,22.829999923706055,21.760000228881836,22.579999923706055,77800,0.0,0.0
2024-01-08 00:00:00-05:00,22.190000534057617,22.8799991607666,21.030000686645508,21.829999923706055,25100,0.0,0.0
2024-01-09 00:00:00-05:00,21.950000762939453,21.950000762939453,21.1200008392334,21.219999313354492,37400,0.0,0.0
2024-01-10 00:00:00-05:00,21.209999084472656,21.209999084472656,20.520000457763672,20.93000030517578,40600,0.0,0.0
2024-01-11 00:00:00-05:00,21.010000228881836,21.010000228881836,20.780000686645508,20.850000381469727,22000,0.0,0.0
2024-01-12 00:00:00-05:00,20.969999313354492,21.3700008392334,20.75,21.030000686645508,24900,0.0,0.0
2024-01-16 00:00:00-05:00,20.940000534057617,21.18000030517578,20.360000610351562,20.43000030517578,16100,0.0,0.0
2024-01-17 00:00:00-05:00,20.1200008392334,20.450000762939453,19.200000762939453,20.239999771118164,24800,0.0,0.0
2024-01-18 00:00:00-05:00,20.030000686645508,20.959999084472656,20.030000686645508,20.469999313354492,17400,0.0,0.0
2024-01-19 00:00:00-05:00,20.3700008392334,20.559999465942383,19.670000076293945,20.1299991607666,26300,0.0,0.0
2024-01-22 00:00:00-05:00,20.3700008392334,20.979999542236328,19.770000457763672,20.850000381469727,31300,0.0,0.0
2024-01-23 00:00:00-05:00,21.0,21.489999771118164,20.520000457763672,20.709999084472656,17500,0.0,0.0
2024-01-24 00:00:00-05:00,21.030000686645508,21.34000015258789,20.510000228881836,20.979999542236328,28400,0.0,0.0
2024-01-25 00:00:00-05:00,21.200000762939453,21.469999313354492,20.760000228881836,21.420000076293945,46100,0.0,0.0
2024-01-26 00:00:00-05:00,21.399999618530273,21.510000228881836,20.809999465942383,21.25,38100,0.0,0.0
2024-01-29 00:00:00-05:00,20.989999771118164,21.079999923706055,20.610000610351562,21.079999923706055,23100,0.0,0.0
2024-01-30 00:00:00-05:00,20.799999237060547,20.850000381469727,20.219999313354492,20.40999984741211,20300,0.0,0.0
2024-01-31 00:00:00-05:00,20.450000762939453,20.829999923706055,19.649999618530273,19.709999084472656,19700,0.0,0.0
2024-02-01 00:00:00-05:00,19.59000015258789,19.940000534057617,19.040000915527344,19.31999969482422,38100,0.0,0.0
2024-02-02 00:00:00-05:00,19.200000762939453,19.56999969482422,18.989999771118164,18.989999771118164,31300,0.0,0.0
2024-02-05 00:00:00-05:00,18.719999313354492,18.8799991607666,18.290000915527344,18.610000610351562,27900,0.0,0.0
2024-02-06 00:00:00-05:00,18.899999618530273,19.729999542236328,18.81999969482422,19.479999542236328,27800,0.0,0.0
2024-02-07 00:00:00-05:00,19.670000076293945,19.670000076293945,18.8799991607666,18.940000534057617,18600,0.0,0.0
2024-02-08 00:00:00-05:00,18.520000457763672,19.219999313354492,18.469999313354492,18.989999771118164,28300,0.0,0.0
2024-02-09 00:00:00-05:00,19.270000457763672,19.360000610351562,18.860000610351562,18.93000030517578,21100,0.0,0.0
2024-02-12 00:00:00-05:00,18.940000534057617,19.56999969482422,18.940000534057617,18.959999084472656,20800,0.0,0.0
2024-02-13 00:00:00-05:00,18.729999542236328,19.09000015258789,17.739999771118164,17.760000228881836,54100,0.0,0.0
2024-02-14 00:00:00-05:00,17.739999771118164,18.15999984741211,17.649999618530273,17.989999771118164,61400,0.0,0.0
2024-02-15 00:00:00-05:00,17.899999618530273,20.190000534057617,17.860000610351562,19.780000686645508,102200,0.0,0.0
2024-02-16 00:00:00-05:00,19.790000915527344,20.520000457763672,19.360000610351562,20.059999465942383,25200,0.0,0.0
2024-02-20 00:00:00-05:00,19.780000686645508,19.780000686645508,18.5,18.639999389648438,34200,0.0,0.0
2024-02-21 00:00:00-05:00,18.579999923706055,19.59000015258789,18.579999923706055,19.40999984741211,17500,0.0,0.0
2024-02-22 00:00:00-05:00,19.260000228881836,20.149999618530273,19.209999084472656,19.280000686645508,39000,0.0,0.0
2024-02-23 00:00:00-05:00,18.770000457763672,19.549999237060547,18.770000457763672,19.34000015258789,26900,0.0,0.0
2024-02-26 00:00:00-05:00,19.170000076293945,19.549999237060547,18.8700008392334,19.1200008392334,20600,0.0,0.0
2024-02-27 00:00:00-05:00,19.25,19.68000030517578,19.25,19.510000228881836,10800,0.0,0.0
2024-02-28 00:00:00-05:00,19.270000457763672,19.860000610351562,19.270000457763672,19.43000030517578,25200,0.0,0.0
2024-02-29 00:00:00-05:00,19.700000762939453,20.850000381469727,19.700000762939453,20.010000228881836,21400,0.0,0.0
2024-03-01 00:00:00-05:00,19.889999389648438,19.889999389648438,18.690000534057617,19.200000762939453,33000,0.0,0.0
2024-03-04 00:00:00-05:00,19.200000762939453,19.950000762939453,19.200000762939453,19.5,60900,0.0,0.0
2024-03-05 00:00:00-05:00,19.510000228881836,20.100000381469727,18.670000076293945,18.809999465942383,26800,0.0,0.0
2024-03-06 00:00:00-05:00,18.969999313354492,19.459999084472656,18.65999984741211,18.809999465942383,22400,0.0,0.0
2024-03-07 00:00:00-05:00,18.979999542236328,19.360000610351562,18.700000762939453,18.829999923706055,40800,0.0,0.0
2024-03-08 00:00:00-05:00,18.969999313354492,19.360000610351562,18.770000457763672,18.950000762939453,18600,0.0,0.0
2024-03-11 00:00:00-04:00,19.0,19.209999084472656,18.809999465942383,18.959999084472656,20800,0.0,0.0
2024-03-12 00:00:00-04:00,19.030000686645508,19.43000030517578,18.510000228881836,18.549999237060547,19100,0.0,0.0
2024-03-13 00:00:00-04:00,18.729999542236328,18.90999984741211,18.1299991607666,18.25,39200,0.0,0.0
2024-03-14 00:00:00-04:00,18.280000686645508,18.920000076293945,18.260000228881836,18.530000686645508,39700,0.0,0.0
2024-03-15 00:00:00-04:00,18.40999984741211,18.829999923706055,18.049999237060547,18.200000762939453,155400,0.0,0.0
2024-03-18 00:00:00-04:00,18.110000610351562,18.860000610351562,18.110000610351562,18.25,38100,0.0,0.0
2024-03-19 00:00:00-04:00,18.25,19.049999237060547,18.25,18.8799991607666,33000,0.0,0.0
2024-03-20 00:00:00-04:00,18.790000915527344,19.040000915527344,18.6200008392334,18.93000030517578,35700,0.0,0.0
2024-03-21 00:00:00-04:00,18.93000030517578,19.190000534057617,18.530000686645508,19.1200008392334,34700,0.0,0.0
2024-03-22 00:00:00-04:00,19.200000762939453,19.200000762939453,18.829999923706055,18.920000076293945,14000,0.0,0.0
2024-03-25 00:00:00-04:00,18.760000228881836,19.1200008392334,18.719999313354492,19.079999923706055,31600,0.0,0.0
2024-03-26 00:00:00-04:00,19.18000030517578,19.18000030517578,18.360000610351562,18.450000762939453,27200,0.0,0.0
2024-03-27 00:00:00-04:00,18.8799991607666,18.950000762939453,18.670000076293945,18.8700008392334,27500,0.0,0.0
2024-03-28 00:00:00-04:00,18.84000015258789,20.540000915527344,18.84000015258789,19.979999542236328,36400,0.0,0.0
2024-04-01 00:00:00-04:00,20.0,20.010000228881836,19.209999084472656,19.559999465942383,46800,0.0,0.0
2024-04-02 00:00:00-04:00,19.860000610351562,19.889999389648438,19.350000381469727,19.719999313354492,21500,0.0,0.0
2024-04-03 00:00:00-04:00,19.8700008392334,20.0,19.719999313354492,19.760000228881836,24300,0.0,0.0
2024-04-04 00:00:00-04:00,19.760000228881836,19.979999542236328,19.59000015258789,19.81999969482422,24500,0.0,0.0
2024-04-05 00:00:00-04:00,19.8700008392334,20.3799991607666,19.8700008392334,20.270000457763672,22000,0.0,0.0
2024-04-08 00:00:00-04:00,20.34000015258789,20.459999084472656,19.770000457763672,19.940000534057617,14500,0.0,0.0
2024-04-09 00:00:00-04:00,19.940000534057617,19.940000534057617,19.350000381469727,19.510000228881836,14800,0.0,0.0
2024-04-10 00:00:00-04:00,19.260000228881836,20.139999389648438,19.219999313354492,20.010000228881836,38300,0.0,0.0
2024-04-11 00:00:00-04:00,20.110000610351562,20.420000076293945,19.459999084472656,19.68000030517578,19900,0.0,0.0
2024-04-12 00:00:00-04:00,19.719999313354492,19.90999984741211,19.219999313354492,19.479999542236328,22700,0.0,0.0
2024-04-15 00:00:00-04:00,19.610000610351562,20.1299991607666,19.399999618530273,19.549999237060547,46200,0.0,0.0
2024-04-16 00:00:00-04:00,19.1299991607666,19.639999389648438,19.1200008392334,19.440000534057617,25600,0.0,0.0
2024-04-17 00:00:00-04:00,19.350000381469727,19.600000381469727,18.989999771118164,19.18000030517578,21900,0.0,0.0
2024-04-18 00:00:00-04:00,19.450000762939453,19.450000762939453,18.780000686645508,19.010000228881836,36400,0.0,0.0
2024-04-19 00:00:00-04:00,18.899999618530273,19.549999237060547,18.899999618530273,19.549999237060547,42500,0.0,0.0
2024-04-22 00:00:00-04:00,19.530000686645508,19.639999389648438,19.260000228881836,19.450000762939453,39100,0.0,0.0
2024-04-23 00:00:00-04:00,19.510000228881836,19.920000076293945,19.329999923706055,19.5,18800,0.0,0.0
2024-04-24 00:00:00-04:00,19.5,19.549999237060547,19.079999923706055,19.450000762939453,25400,0.0,0.0
2024-04-25 00:00:00-04:00,19.5,19.5,19.1200008392334,19.389999389648438,22300,0.0,0.0
2024-04-26 00:00:00-04:00,19.3700008392334,19.56999969482422,19.149999618530273,19.530000686645508,24600,0.0,0.0
2024-04-29 00:00:00-04:00,19.709999084472656,19.709999084472656,19.299999237060547,19.450000762939453,22800,0.0,0.0
2024-04-30 00:00:00-04:00,19.229999542236328,19.229999542236328,18.520000457763672,18.649999618530273,32600,0.0,0.0
2024-05-01 00:00:00-04:00,18.559999465942383,18.899999618530273,18.0,18.479999542236328,39900,0.0,0.0
2024-05-02 00:00:00-04:00,18.510000228881836,19.649999618530273,18.510000228881836,19.389999389648438,23800,0.0,0.0
2024-05-03 00:00:00-04:00,18.989999771118164,19.450000762939453,18.010000228881836,18.510000228881836,26000,0.0,0.0
2024-05-06 00:00:00-04:00,18.6200008392334,19.18000030517578,18.6200008392334,18.799999237060547,29000,0.0,0.0
2024-05-07 00:00:00-04:00,19.239999771118164,19.34000015258789,19.010000228881836,19.139999389648438,32600,0.0,0.0
2024-05-08 00:00:00-04:00,19.049999237060547,19.25,19.030000686645508,19.030000686645508,21100,0.0,0.0
2024-05-09 00:00:00-04:00,19.170000076293945,19.65999984741211,19.0,19.56999969482422,48000,0.0,0.0
2024-05-10 00:00:00-04:00,19.709999084472656,19.8799991607666,18.93000030517578,19.079999923706055,21500,0.0,0.0
2024-05-13 00:00:00-04:00,19.079999923706055,19.110000610351562,18.200000762939453,18.25,42800,0.0,0.0
2024-05-14 00:00:00-04:00,18.329999923706055,18.760000228881836,18.329999923706055,18.540000915527344,27200,0.0,0.0
2024-05-15 00:00:00-04:00,18.6200008392334,18.709999084472656,17.989999771118164,18.219999313354492,35100,0.0,0.0
2024-05-16 00:00:00-04:00,18.25,18.489999771118164,17.899999618530273,18.479999542236328,26800,0.0,0.0
2024-05-17 00:00:00-04:00,18.540000915527344,18.65999984741211,18.18000030517578,18.610000610351562,17300,0.0,0.0
2024-05-20 00:00:00-04:00,18.549999237060547,18.920000076293945,18.18000030517578,18.40999984741211,62300,0.0,0.0
2024-05-21 00:00:00-04:00,18.649999618530273,18.649999618530273,18.049999237060547,18.209999084472656,41200,0.0,0.0
2024-05-22 00:00:00-04:00,18.68000030517578,18.68000030517578,18.0,18.399999618530273,35900,0.0,0.0
2024-05-23 00:00:00-04:00,18.3799991607666,18.520000457763672,17.450000762939453,17.540000915527344,34500,0.0,0.0
2024-05-24 00:00:00-04:00,17.510000228881836,18.34000015258789,17.510000228881836,18.34000015258789,44900,0.0,0.0
2024-05-28 00:00:00-04:00,18.489999771118164,18.65999984741211,18.049999237060547,18.25,37100,0.0,0.0
2024-05-29 00:00:00-04:00,18.06999969482422,18.579999923706055,17.610000610351562,17.739999771118164,31400,0.0,0.0
2024-05-30 00:00:00-04:00,17.889999389648438,18.190000534057617,17.670000076293945,18.020000457763672,19600,0.0,0.0
2024-05-31 00:00:00-04:00,18.149999618530273,18.280000686645508,18.0,18.239999771118164,18900,0.0,0.0
2024-06-03 00:00:00-04:00,18.229999542236328,18.229999542236328,17.049999237060547,17.420000076293945,43300,0.0,0.0
2024-06-04 00:00:00-04:00,17.34000015258789,17.34000015258789,16.25,16.479999542236328,64400,0.0,0.0
2024-06-05 00:00:00-04:00,16.510000228881836,16.600000381469727,16.100000381469727,16.479999542236328,60200,0.0,0.0
2024-06-06 00:00:00-04:00,16.3799991607666,16.889999389648438,16.31999969482422,16.8700008392334,24100,0.0,0.0
2024-06-07 00:00:00-04:00,16.729999542236328,17.270000457763672,16.489999771118164,17.239999771118164,94500,0.0,0.0
2024-06-10 00:00:00-04:00,17.18000030517578,17.739999771118164,17.18000030517578,17.6299991607666,40900,0.0,0.0
2024-06-11 00:00:00-04:00,17.6299991607666,18.06999969482422,17.59000015258789,17.959999084472656,26700,0.0,0.0
2024-06-12 00:00:00-04:00,18.34000015258789,18.760000228881836,17.510000228881836,17.56999969482422,33300,0.0,0.0
2024-06-13 00:00:00-04:00,17.6299991607666,17.81999969482422,17.020000457763672,17.149999618530273,17100,0.0,0.0
2024-06-14 00:00:00-04:00,16.989999771118164,17.34000015258789,16.75,17.229999542236328,29400,0.0,0.0
2024-06-17 00:00:00-04:00,17.0,17.239999771118164,16.75,17.059999465942383,34900,0.0,0.0
2024-06-18 00:00:00-04:00,16.989999771118164,17.709999084472656,16.81999969482422,16.84000015258789,35400,0.0,0.0
2024-06-20 00:00:00-04:00,16.770000457763672,17.100000381469727,16.770000457763672,16.93000030517578,23900,0.0,0.0
2024-06-21 00:00:00-04:00,16.93000030517578,17.139999389648438,16.520000457763672,16.600000381469727,51300,0.0,0.0
2024-06-24 00:00:00-04:00,16.520000457763672,17.049999237060547,16.149999618530273,16.729999542236328,22700,0.0,0.0
2024-06-25 00:00:00-04:00,16.56999969482422,16.709999084472656,16.479999542236328,16.5,15400,0.0,0.0
2024-06-26 00:00:00-04:00,16.40999984741211,16.709999084472656,16.280000686645508,16.530000686645508,38600,0.0,0.0
2024-06-27 00:00:00-04:00,16.709999084472656,16.920000076293945,16.350000381469727,16.709999084472656,26200,0.0,0.0
2024-06-28 00:00:00-04:00,16.889999389648438,17.489999771118164,16.520000457763672,16.860000610351562,305000,0.0,0.0
2024-07-01 00:00:00-04:00,16.899999618530273,17.31999969482422,16.459999084472656,16.520000457763672,29900,0.0,0.0
2024-07-02 00:00:00-04:00,16.389999389648438,16.399999618530273,15.800000190734863,16.049999237060547,40600,0.0,0.0
2024-07-03 00:00:00-04:00,16.020000457763672,16.25,15.819999694824219,16.200000762939453,29300,0.0,0.0
2024-07-05 00:00:00-04:00,16.149999618530273,16.149999618530273,15.270000457763672,15.479999542236328,82000,0.0,0.0
2024-07-08 00:00:00-04:00,15.65999984741211,16.18000030517578,15.279999732971191,15.8100004196167,39300,0.0,0.0
2024-07-09 00:00:00-04:00,15.489999771118164,15.789999961853027,15.430000305175781,15.430000305175781,19200,0.0,0.0
2024-07-10 00:00:00-04:00,15.449999809265137,15.710000038146973,15.40999984741211,15.630000114440918,18000,0.0,0.0
2024-07-11 00:00:00-04:00,15.779999732971191,16.170000076293945,15.770000457763672,16.06999969482422,68400,0.0,0.0
2024-07-12 00:00:00-04:00,16.049999237060547,16.25,15.8100004196167,16.149999618530273,32000,0.0,0.0
2024-07-15 00:00:00-04:00,16.329999923706055,17.1299991607666,16.200000762939453,17.040000915527344,35600,0.0,0.0
2024-07-16 00:00:00-04:00,17.139999389648438,17.610000610351562,17.139999389648438,17.56999969482422,39700,0.0,0.0
2024-07-17 00:00:00-04:00,17.700000762939453,17.93000030517578,16.8700008392334,17.200000762939453,54900,0.0,0.0
2024-07-18 00:00:00-04:00,17.520000457763672,17.729999542236328,17.43000030517578,17.549999237060547,50000,0.0,0.0
2024-07-19 00:00:00-04:00,17.520000457763672,17.860000610351562,17.420000076293945,17.479999542236328,38400,0.0,0.0
2024-07-22 00:00:00-04:00,17.270000457763672,17.790000915527344,17.270000457763672,17.649999618530273,35900,0.0,0.0
2024-07-23 00:00:00-04:00,17.520000457763672,17.899999618530273,17.399999618530273,17.770000457763672,31200,0.0,0.0
2024-07-24 00:00:00-04:00,17.739999771118164,17.950000762939453,17.149999618530273,17.209999084472656,44200,0.0,0.0
2024-07-25 00:00:00-04:00,17.350000381469727,18.260000228881836,17.34000015258789,18.139999389648438,41300,0.0,0.0
2024-07-26 00:00:00-04:00,18.34000015258789,18.420000076293945,17.979999542236328,18.270000457763672,26000,0.0,0.0
2024-07-29 00:00:00-04:00,18.469999313354492,18.5,17.579999923706055,17.700000762939453,62600,0.0,0.0
2024-07-30 00:00:00-04:00,17.809999465942383,18.059999465942383,17.440000534057617,18.0,206000,0.0,0.0
2024-07-31 00:00:00-04:00,18.139999389648438,18.530000686645508,18.09000015258789,18.450000762939453,49300,0.0,0.0
2024-08-01 00:00:00-04:00,18.170000076293945,18.25,17.239999771118164,17.329999923706055,78000,0.0,0.0
2024-08-02 00:00:00-04:00,16.510000228881836,17.690000534057617,16.440000534057617,16.56999969482422,67200,0.0,0.0
2024-08-05 00:00:00-04:00,16.15999984741211,16.31999969482422,15.819999694824219,15.949999809265137,83000,0.0,0.0
2024-08-06 00:00:00-04:00,15.930000305175781,16.170000076293945,15.739999771118164,16.020000457763672,69600,0.0,0.0
2024-08-07 00:00:00-04:00,16.299999237060547,16.299999237060547,15.229999542236328,15.59000015258789,44500,0.0,0.0
2024-08-08 00:00:00-04:00,15.829999923706055,16.09000015258789,15.680000305175781,16.06999969482422,59000,0.0,0.0
2024-08-09 00:00:00-04:00,16.0,16.0,15.720000267028809,15.789999961853027,63200,0.0,0.0
2024-08-12 00:00:00-04:00,16.260000228881836,16.280000686645508,15.760000228881836,16.010000228881836,59900,0.0,0.0
2024-08-13 00:00:00-04:00,15.920000076293945,15.920000076293945,15.600000381469727,15.6899995803833,33300,0.0,0.0
2024-08-14 00:00:00-04:00,15.619999885559082,15.619999885559082,14.84000015258789,15.4399995803833,73200,0.0,0.0
2024-08-15 00:00:00-04:00,15.760000228881836,16.290000915527344,15.739999771118164,16.059999465942383,65400,0.0,0.0
2024-08-16 00:00:00-04:00,15.979999542236328,16.68000030517578,15.979999542236328,16.06999969482422,132300,0.0,0.0
2024-08-19 00:00:00-04:00,16.06999969482422,16.969999313354492,15.550000190734863,16.530000686645508,347400,0.0,0.0
2024-08-20 00:00:00-04:00,16.719999313354492,17.09000015258789,16.6200008392334,16.920000076293945,83600,0.0,0.0
2024-08-21 00:00:00-04:00,17.09000015258789,17.09000015258789,16.68000030517578,16.700000762939453,53200,0.0,0.0
2024-08-22 00:00:00-04:00,16.65999984741211,17.020000457763672,16.59000015258789,16.959999084472656,62900,0.0,0.0
2024-08-23 00:00:00-04:00,17.010000228881836,18.010000228881836,17.010000228881836,17.90999984741211,78000,0.0,0.0
2024-08-26 00:00:00-04:00,18.200000762939453,18.760000228881836,18.200000762939453,18.75,86300,0.0,0.0
2024-08-27 00:00:00-04:00,18.68000030517578,18.68000030517578,17.889999389648438,18.0,39600,0.0,0.0
2024-08-28 00:00:00-04:00,17.780000686645508,17.899999618530273,17.559999465942383,17.700000762939453,87200,0.0,0.0
2024-08-29 00:00:00-04:00,17.799999237060547,18.139999389648438,17.799999237060547,17.940000534057617,68600,0.0,0.0
2024-08-30 00:00:00-04:00,17.899999618530273,17.899999618530273,17.1299991607666,17.350000381469727,65600,0.0,0.0
2024-09-03 00:00:00-04:00,17.280000686645508,17.280000686645508,16.3700008392334,16.809999465942383,83100,0.0,0.0
2024-09-04 00:00:00-04:00,16.719999313354492,17.079999923706055,16.670000076293945,16.700000762939453,64800,0.0,0.0
2024-09-05 00:00:00-04:00,16.809999465942383,16.809999465942383,16.260000228881836,16.40999984741211,45300,0.0,0.0
2024-09-06 00:00:00-04:00,16.399999618530273,16.40999984741211,15.899999618530273,16.0,29100,0.0,0.0
2024-09-09 00:00:00-04:00,15.960000038146973,16.15999984741211,15.449999809265137,15.470000267028809,38500,0.0,0.0
2024-09-10 00:00:00-04:00,15.399999618530273,15.399999618530273,14.9399995803833,15.210000038146973,61700,0.0,0.0
2024-09-11 00:00:00-04:00,15.300000190734863,15.40999984741211,14.630000114440918,15.199999809265137,57500,0.0,0.0
2024-09-12 00:00:00-04:00,15.1899995803833,15.579999923706055,15.0,15.260000228881836,37300,0.0,0.0
2024-09-13 00:00:00-04:00,15.489999771118164,15.829999923706055,15.479999542236328,15.770000457763672,34600,0.0,0.0
2024-09-16 00:00:00-04:00,15.84000015258789,15.970000267028809,15.75,15.890000343322754,21900,0.0,0.0
2024-09-17 00:00:00-04:00,16.040000915527344,16.600000381469727,16.040000915527344,16.450000762939453,38300,0.0,0.0
2024-09-18 00:00:00-04:00,16.469999313354492,16.469999313354492,15.9399995803833,16.0,33400,0.0,0.0
2024-09-19 00:00:00-04:00,16.34000015258789,16.709999084472656,16.260000228881836,16.450000762939453,53200,0.0,0.0
2024-09-20 00:00:00-04:00,16.290000915527344,16.639999389648438,15.989999771118164,16.610000610351562,113800,0.0,0.0
2024-09-23 00:00:00-04:00,16.549999237060547,16.959999084472656,16.469999313354492,16.920000076293945,27400,0.0,0.0
2024-09-24 00:00:00-04:00,17.1200008392334,17.219999313354492,16.760000228881836,16.829999923706055,24600,0.0,0.0
2024-09-25 00:00:00-04:00,16.3700008392334,16.510000228881836,16.079999923706055,16.280000686645508,26600,0.0,0.0
2024-09-26 00:00:00-04:00,16.139999389648438,16.5,15.9399995803833,15.989999771118164,40900,0.0,0.0
2024-09-27 00:00:00-04:00,16.190000534057617,16.350000381469727,15.75,15.9399995803833,20900,0.0,0.0
2024-09-30 00:00:00-04:00,15.800000190734863,16.020000457763672,15.390000343322754,15.460000038146973,39800,0.0,0.0
2024-10-01 00:00:00-04:00,15.359999656677246,15.760000228881836,15.359999656677246,15.59000015258789,27300,0.0,0.0
2024-10-02 00:00:00-04:00,15.75,15.829999923706055,15.460000038146973,15.6899995803833,15800,0.0,0.0
2024-10-03 00:00:00-04:00,15.75,15.819999694824219,15.489999771118164,15.600000381469727,40100,0.0,0.0
2024-10-04 00:00:00-04:00,15.640000343322754,16.329999923706055,15.630000114440918,16.15999984741211,39000,0.0,0.0
2024-10-07 00:00:00-04:00,16.309999465942383,16.389999389648438,16.0,16.06999969482422,13800,0.0,0.0
2024-10-08 00:00:00-04:00,15.899999618530273,16.059999465942383,15.430000305175781,15.640000343322754,30300,0.0,0.0
2024-10-09 00:00:00-04:00,15.539999961853027,15.899999618530273,15.479999542236328,15.59000015258789,23100,0.0,0.0
2024-10-10 00:00:00-04:00,15.609999656677246,15.6899995803833,15.40999984741211,15.539999961853027,14600,0.0,0.0
2024-10-11 00:00:00-04:00,15.489999771118164,15.630000114440918,15.380000114440918,15.630000114440918,22700,0.0,0.0
2024-10-14 00:00:00-04:00,15.59000015258789,15.59000015258789,15.229999542236328,15.260000228881836,17900,0.0,0.0
2024-10-15 00:00:00-04:00,15.0,15.260000228881836,14.640000343322754,15.220000267028809,63500,0.0,0.0
2024-10-16 00:00:00-04:00,15.40999984741211,15.640000343322754,15.260000228881836,15.470000267028809,46000,0.0,0.0
2024-10-17 00:00:00-04:00,15.600000381469727,15.600000381469727,15.079999923706055,15.399999618530273,23900,0.0,0.0
2024-10-18 00:00:00-04:00,15.380000114440918,15.449999809265137,14.520000457763672,14.819999694824219,46300,0.0,0.0
2024-10-21 00:00:00-04:00,14.979999542236328,14.979999542236328,14.390000343322754,14.390000343322754,30600,0.0,0.0
2024-10-22 00:00:00-04:00,14.390000343322754,14.5600004196167,14.289999961853027,14.550000190734863,38000,0.0,0.0
2024-10-23 00:00:00-04:00,14.5,14.529999732971191,14.069999694824219,14.4399995803833,30800,0.0,0.0
2024-10-24 00:00:00-04:00,14.399999618530273,14.399999618530273,14.0600004196167,14.289999961853027,20100,0.0,0.0
2024-10-25 00:00:00-04:00,14.449999809265137,14.550000190734863,14.239999771118164,14.399999618530273,24100,0.0,0.0
2024-10-28 00:00:00-04:00,14.210000038146973,14.460000038146973,14.210000038146973,14.319999694824219,15300,0.0,0.0
2024-10-29 00:00:00-04:00,14.3100004196167,14.329999923706055,13.930000305175781,14.0,71400,0.0,0.0
2024-10-30 00:00:00-04:00,14.130000114440918,14.199999809265137,13.949999809265137,14.020000457763672,26600,0.0,0.0
2024-10-31 00:00:00-04:00,14.020000457763672,14.15999984741211,13.90999984741211,13.979999542236328,51200,0.0,0.0
2024-11-01 00:00:00-04:00,12.829999923706055,14.220000267028809,12.829999923706055,13.960000038146973,43800,0.0,0.0
2024-11-04 00:00:00-05:00,13.899999618530273,15.0600004196167,13.859999656677246,14.84000015258789,41300,0.0,0.0
2024-11-05 00:00:00-05:00,14.800000190734863,15.350000381469727,14.800000190734863,15.069999694824219,28600,0.0,0.0
2024-11-06 00:00:00-05:00,15.25,16.0,15.239999771118164,15.970000267028809,125500,0.0,0.0
2024-11-07 00:00:00-05:00,15.930000305175781,16.68000030517578,15.930000305175781,16.440000534057617,51600,0.0,0.0
2024-11-08 00:00:00-05:00,16.290000915527344,16.479999542236328,15.880000114440918,15.890000343322754,48000,0.0,0.0
2024-11-11 00:00:00-05:00,15.75,16.09000015258789,15.739999771118164,15.800000190734863,82900,0.0,0.0
2024-11-12 00:00:00-05:00,15.800000190734863,15.800000190734863,15.40999984741211,15.489999771118164,53700,0.0,0.0
2024-11-13 00:00:00-05:00,15.5,15.609999656677246,15.1899995803833,15.289999961853027,63500,0.0,0.0
2024-11-14 00:00:00-05:00,15.300000190734863,15.479999542236328,15.020000457763672,15.4399995803833,40400,0.0,0.0
2024-11-15 00:00:00-05:00,15.5,15.5,14.710000038146973,14.710000038146973,49600,0.0,0.0
2024-11-18 00:00:00-05:00,14.850000381469727,15.130000114440918,14.8100004196167,14.8100004196167,61000,0.0,0.0
2024-11-19 00:00:00-05:00,14.729999542236328,14.829999923706055,14.25,14.819999694824219,35600,0.0,0.0
2024-11-20 00:00:00-05:00,14.800000190734863,14.800000190734863,14.65999984741211,14.779999732971191,31200,0.0,0.0
2024-11-21 00:00:00-05:00,14.760000228881836,14.960000038146973,14.710000038146973,14.890000343322754,93300,0.0,0.0
2024-11-22 00:00:00-05:00,14.899999618530273,15.600000381469727,14.890000343322754,15.25,139800,0.0,0.0
2024-11-25 00:00:00-05:00,15.270000457763672,15.609999656677246,15.069999694824219,15.15999984741211,145600,0.0,0.0
2024-11-26 00:00:00-05:00,15.239999771118164,15.239999771118164,14.949999809265137,15.170000076293945,67000,0.0,0.0
2024-11-27 00:00:00-05:00,15.180000305175781,15.369999885559082,15.109999656677246,15.170000076293945,42400,0.0,0.0
2024-11-29 00:00:00-05:00,15.25,15.430000305175781,15.180000305175781,15.25,38600,0.0,0.0
2024-12-02 00:00:00-05:00,15.25,15.65999984741211,15.149999618530273,15.65999984741211,73300,0.0,0.0
2024-12-03 00:00:00-05:00,15.819999694824219,15.829999923706055,15.3100004196167,15.489999771118164,57800,0.0,0.0
2024-12-04 00:00:00-05:00,15.5,15.529999732971191,14.84000015258789,14.989999771118164,92000,0.0,0.0
2024-12-05 00:00:00-05:00,15.0,15.050000190734863,14.770000457763672,14.859999656677246,52300,0.0,0.0
2024-12-06 00:00:00-05:00,14.8100004196167,14.8100004196167,14.119999885559082,14.260000228881836,78000,0.0,0.0
2024-12-09 00:00:00-05:00,15.0,15.859999656677246,14.899999618530273,15.600000381469727,178200,0.0,0.0
2024-12-10 00:00:00-05:00,15.600000381469727,15.920000076293945,15.380000114440918,15.770000457763672,87900,0.0,0.0
2024-12-11 00:00:00-05:00,15.720000267028809,15.739999771118164,15.270000457763672,15.369999885559082,73100,0.0,0.0
2024-12-12 00:00:00-05:00,15.170000076293945,15.210000038146973,14.8100004196167,14.970000267028809,45500,0.0,0.0
2024-12-13 00:00:00-05:00,15.0,15.0,14.6899995803833,14.84000015258789,30200,0.0,0.0
2024-12-16 00:00:00-05:00,14.850000381469727,15.020000457763672,14.65999984741211,14.920000076293945,187800,0.0,0.0
2024-12-17 00:00:00-05:00,14.8100004196167,14.989999771118164,14.5,14.65999984741211,130300,0.0,0.0
2024-12-18 00:00:00-05:00,14.75,14.949999809265137,13.890000343322754,13.9399995803833,182600,0.0,0.0
2024-12-19 00:00:00-05:00,14.140000343322754,14.5600004196167,14.079999923706055,14.470000267028809,92200,0.0,0.0
2024-12-20 00:00:00-05:00,14.270000457763672,14.710000038146973,14.109999656677246,14.210000038146973,107900,0.0,0.0
2024-12-23 00:00:00-05:00,14.239999771118164,14.819999694824219,14.140000343322754,14.760000228881836,91000,0.0,0.0
2024-12-24 00:00:00-05:00,14.800000190734863,15.029999732971191,14.630000114440918,14.989999771118164,26600,0.0,0.0
2024-12-26 00:00:00-05:00,14.920000076293945,15.119999885559082,14.75,15.050000190734863,30900,0.0,0.0
2024-12-27 00:00:00-05:00,15.010000228881836,15.319999694824219,14.880000114440918,14.970000267028809,42900,0.0,0.0
2024-12-30 00:00:00-05:00,15.010000228881836,15.289999961853027,14.880000114440918,15.149999618530273,51300,0.0,0.0
2024-12-31 00:00:00-05:00,15.1899995803833,15.739999771118164,15.100000381469727,15.489999771118164,97700,0.0,0.0
2025-01-02 00:00:00-05:00,15.680000305175781,16.360000610351562,15.680000305175781,16.15999984741211,74100,0.0,0.0
2025-01-03 00:00:00-05:00,16.329999923706055,16.719999313354492,16.260000228881836,16.530000686645508,43700,0.0,0.0
2025-01-06 00:00:00-05:00,16.700000762939453,16.920000076293945,16.25,16.40999984741211,55100,0.0,0.0
2025-01-07 00:00:00-05:00,16.5,16.700000762939453,16.06999969482422,16.290000915527344,72900,0.0,0.0
2025-01-08 00:00:00-05:00,16.1200008392334,16.149999618530273,15.710000038146973,15.9399995803833,36800,0.0,0.0
2025-01-10 00:00:00-05:00,16.239999771118164,16.969999313354492,16.239999771118164,16.700000762939453,73500,0.0,0.0
2025-01-13 00:00:00-05:00,16.780000686645508,18.610000610351562,16.780000686645508,18.600000381469727,118800,0.0,0.0
2025-01-14 00:00:00-05:00,18.65999984741211,19.3700008392334,18.399999618530273,18.600000381469727,99700,0.0,0.0
2025-01-15 00:00:00-05:00,18.889999389648438,19.65999984741211,18.3799991607666,19.450000762939453,88800,0.0,0.0
2025-01-16 00:00:00-05:00,19.530000686645508,19.950000762939453,19.049999237060547,19.170000076293945,87900,0.0,0.0
2025-01-17 00:00:00-05:00,19.190000534057617,19.290000915527344,18.959999084472656,19.09000015258789,90600,0.0,0.0
2025-01-21 00:00:00-05:00,19.489999771118164,19.979999542236328,19.059999465942383,19.639999389648438,113000,0.0,0.0
2025-01-22 00:00:00-05:00,19.360000610351562,19.520000457763672,19.0,19.010000228881836,65600,0.0,0.0
2025-01-23 00:00:00-05:00,18.93000030517578,19.299999237060547,18.709999084472656,18.940000534057617,55300,0.0,0.0
2025-01-24 00:00:00-05:00,19.0,19.0,18.170000076293945,18.540000915527344,71400,0.0,0.0
2025-01-27 00:00:00-05:00,18.479999542236328,18.770000457763672,17.8799991607666,17.90999984741211,46700,0.0,0.0
2025-01-28 00:00:00-05:00,17.809999465942383,17.8700008392334,17.15999984741211,17.700000762939453,57800,0.0,0.0
2025-01-29 00:00:00-05:00,17.700000762939453,17.989999771118164,17.510000228881836,17.959999084472656,76800,0.0,0.0
2025-01-30 00:00:00-05:00,18.079999923706055,18.520000457763672,18.010000228881836,18.270000457763672,63900,0.0,0.0
2025-01-31 00:00:00-05:00,18.139999389648438,18.530000686645508,17.899999618530273,18.1200008392334,69100,0.0,0.0
2025-02-03 00:00:00-05:00,18.040000915527344,18.040000915527344,17.600000381469727,17.600000381469727,50500,0.0,0.0
2025-02-04 00:00:00-05:00,17.440000534057617,18.139999389648438,17.360000610351562,18.09000015258789,24000,0.0,0.0
2025-02-05 00:00:00-05:00,18.280000686645508,18.280000686645508,17.65999984741211,17.760000228881836,28100,0.0,0.0
2025-02-06 00:00:00-05:00,17.90999984741211,17.90999984741211,17.399999618530273,17.440000534057617,52900,0.0,0.0
2025-02-07 00:00:00-05:00,17.389999389648438,17.549999237060547,17.350000381469727,17.3700008392334,58500,0.0,0.0
