Date,Open,High,Low,Close,Volume,Dividends,Stock Splits
2004-05-05 00:00:00-04:00,2.320176839828491,2.331954207071564,2.320176839828491,2.320176839828491,900,0.0,0.0
2004-05-06 00:00:00-04:00,2.3083994388580322,2.3083994388580322,2.3083994388580322,2.3083994388580322,200,0.0,0.0
2004-05-07 00:00:00-04:00,2.273066828665223,2.273066828665223,2.225956678390503,2.225956678390503,3200,0.0,0.0
2004-05-10 00:00:00-04:00,2.225956678390503,2.225956678390503,2.225956678390503,2.225956678390503,0,0.0,0.0
2004-05-11 00:00:00-04:00,2.225956678390503,2.225956678390503,2.225956678390503,2.225956678390503,0,0.0,0.0
2004-05-12 00:00:00-04:00,2.225956678390503,2.225956678390503,2.225956678390503,2.225956678390503,0,0.0,0.0
2004-05-13 00:00:00-04:00,2.237733986625607,2.237733986625607,2.2024014345870735,2.2118234634399414,2500,0.0,0.0
2004-05-14 00:00:00-04:00,2.178846597671509,2.178846597671509,2.178846597671509,2.178846597671509,1000,0.0,0.0
2004-05-17 00:00:00-04:00,2.2141788005828857,2.2141788005828857,2.2141788005828857,2.2141788005828857,300,0.0,0.0
2004-05-18 00:00:00-04:00,2.1670686234960983,2.2024013996124268,2.1670686234960983,2.2024013996124268,1500,0.0,0.0
2004-05-19 00:00:00-04:00,2.2141788005828857,2.237733985017573,2.2141788005828857,2.2141788005828857,2800,0.0,0.0
2004-05-20 00:00:00-04:00,2.2141788005828857,2.2141788005828857,2.2141788005828857,2.2141788005828857,1200,0.0,0.0
2004-05-21 00:00:00-04:00,2.178846778255428,2.178846778255428,2.0257387161254883,2.0257387161254883,170000,0.0,0.0
2004-05-24 00:00:00-04:00,2.1435136795043945,2.1435136795043945,2.1435136795043945,2.1435136795043945,700,0.0,0.0
2004-05-25 00:00:00-04:00,2.1435139952048408,2.1670689582824707,2.1435139952048408,2.1670689582824707,8900,0.0,0.0
2004-05-26 00:00:00-04:00,2.155291409462734,2.178846597671509,2.084626294114256,2.178846597671509,222900,0.0,0.0
2004-05-27 00:00:00-04:00,2.1670689582824707,2.1670689582824707,2.1670689582824707,2.1670689582824707,5500,0.0,0.0
2004-05-28 00:00:00-04:00,2.167068786198115,2.167068786198115,2.1199586391448975,2.1199586391448975,5500,0.0,0.0
2004-06-01 00:00:00-04:00,2.1223142026572837,2.1223142026572837,2.1199586391448975,2.1199586391448975,1500,0.0,0.0
2004-06-02 00:00:00-04:00,2.0987589359283447,2.0987589359283447,2.0987589359283447,2.0987589359283447,1000,0.0,0.0
2004-06-03 00:00:00-04:00,2.084625755525605,2.096403121948242,2.061070573402601,2.096403121948242,2900,0.0,0.0
2004-06-04 00:00:00-04:00,2.0964032792589897,2.0964032792589897,2.072848320007324,2.072848320007324,2500,0.0,0.0
2004-06-07 00:00:00-04:00,2.072848320007324,2.072848320007324,2.072848320007324,2.072848320007324,0,0.0,0.0
2004-06-08 00:00:00-04:00,2.0492935180664062,2.0492935180664062,2.0492935180664062,2.0492935180664062,600,0.0,0.0
2004-06-09 00:00:00-04:00,2.037515559326155,2.037515559326155,2.013960599899292,2.013960599899292,1500,0.0,0.0
2004-06-10 00:00:00-04:00,2.0130081176757812,2.0130081176757812,2.0130081176757812,2.0130081176757812,0,0.096,0.0
2004-06-14 00:00:00-04:00,1.9772738218307495,1.9772738218307495,1.9772738218307495,1.9772738218307495,700,0.0,0.0
2004-06-15 00:00:00-04:00,1.9772738218307495,1.9772738218307495,1.9772738218307495,1.9772738218307495,0,0.0,0.0
2004-06-16 00:00:00-04:00,1.9772741851161328,1.9772741851161328,1.941540178808053,1.9534515142440796,3900,0.0,0.0
2004-06-17 00:00:00-04:00,1.941540178808053,1.9534515142440796,1.9296290705618533,1.9534515142440796,3000,0.0,0.0
2004-06-18 00:00:00-04:00,1.9534515142440796,1.9534515142440796,1.9534515142440796,1.9534515142440796,0,0.0,0.0
2004-06-21 00:00:00-04:00,1.9534515142440796,1.9534515142440796,1.9534515142440796,1.9534515142440796,0,0.0,0.0
2004-06-22 00:00:00-04:00,1.941540272596611,2.001096725463867,1.9058064917521926,2.001096725463867,4100,0.0,0.0
2004-06-23 00:00:00-04:00,1.9891850827752562,2.036830186843872,1.9891850827752562,2.036830186843872,2000,0.0,0.0
2004-06-24 00:00:00-04:00,2.0606533204443362,2.0844759941101074,2.0606533204443362,2.0844759941101074,1000,0.0,0.0
2004-06-25 00:00:00-04:00,2.108297824859619,2.108297824859619,2.108297824859619,2.108297824859619,1000,0.0,0.0
2004-06-28 00:00:00-04:00,2.120208978652954,2.120208978652954,2.120208978652954,2.120208978652954,500,0.0,0.0
2004-06-29 00:00:00-04:00,2.0963864927889904,2.108297824859619,2.0725638286477324,2.108297824859619,2200,0.0,0.0
2004-06-30 00:00:00-04:00,2.108297824859619,2.108297824859619,2.108297824859619,2.108297824859619,0,0.0,0.0
2004-07-01 00:00:00-04:00,2.108297824859619,2.108297824859619,2.108297824859619,2.108297824859619,0,0.0,0.0
2004-07-02 00:00:00-04:00,2.108297824859619,2.108297824859619,2.108297824859619,2.108297824859619,0,0.0,0.0
2004-07-06 00:00:00-04:00,2.0963869094848633,2.0963869094848633,2.0963869094848633,2.0963869094848633,700,0.0,0.0
2004-07-07 00:00:00-04:00,2.0725640662854894,2.0725640662854894,2.024918959729805,2.060652732849121,3600,0.0,0.0
2004-07-08 00:00:00-04:00,2.0487421832329025,2.0487421832329025,2.0249195098876953,2.0249195098876953,1000,0.0,0.0
2004-07-09 00:00:00-04:00,2.0249195098876953,2.0249195098876953,2.0249195098876953,2.0249195098876953,0,0.0,0.0
2004-07-12 00:00:00-04:00,2.013007521214676,2.036830186843872,2.0034785004009525,2.036830186843872,2200,0.0,0.0
2004-07-13 00:00:00-04:00,2.024919351707077,2.024919351707077,1.9772742359284063,1.9891855716705322,9500,0.0,0.0
2004-07-14 00:00:00-04:00,2.0010969450378755,2.0487422943115234,2.0010969450378755,2.0487422943115234,6000,0.0,0.0
2004-07-15 00:00:00-04:00,2.0368308195441984,2.0725646018981934,2.0368308195441984,2.0725646018981934,8800,0.0,0.0
2004-07-16 00:00:00-04:00,2.0773286905359525,2.0773286905359525,2.060652732849121,2.060652732849121,2000,0.0,0.0
2004-07-19 00:00:00-04:00,2.060652732849121,2.060652732849121,2.060652732849121,2.060652732849121,0,0.0,0.0
2004-07-20 00:00:00-04:00,2.0463600158691406,2.0463600158691406,2.0463600158691406,2.0463600158691406,500,0.0,0.0
2004-07-21 00:00:00-04:00,2.032066164950191,2.032066164950191,2.0130081176757812,2.0130081176757812,3200,0.0,0.0
2004-07-22 00:00:00-04:00,2.0058611353516596,2.015390157699585,2.0010965105827903,2.015390157699585,2100,0.0,0.0
2004-07-23 00:00:00-04:00,2.0130081176757812,2.0130081176757812,2.0130081176757812,2.0130081176757812,500,0.0,0.0
2004-07-26 00:00:00-04:00,2.0368309569931116,2.0487422943115234,2.0368309569931116,2.0487422943115234,3200,0.0,0.0
2004-07-27 00:00:00-04:00,2.060653404440073,2.060653404440073,2.0487422943115234,2.0487422943115234,6300,0.0,0.0
2004-07-28 00:00:00-04:00,2.034448116195324,2.0677998065948486,2.024919094251146,2.0677998065948486,4800,0.0,0.0
2004-07-29 00:00:00-04:00,2.074946403503418,2.074946403503418,2.074946403503418,2.074946403503418,700,0.0,0.0
2004-07-30 00:00:00-04:00,2.0725646018981934,2.0725646018981934,2.0725646018981934,2.0725646018981934,100,0.0,0.0
2004-08-02 00:00:00-04:00,2.0868582511537,2.0963872749274217,2.0725646018981934,2.0725646018981934,3600,0.0,0.0
2004-08-03 00:00:00-04:00,2.0725647417584847,2.0725647417584847,2.0487422943115234,2.0487422943115234,800,0.0,0.0
2004-08-04 00:00:00-04:00,2.063035011291504,2.063035011291504,2.063035011291504,2.063035011291504,1100,0.0,0.0
2004-08-05 00:00:00-04:00,2.0654178908653638,2.0844759384128073,2.0654178908653638,2.0725646018981934,1200,0.0,0.0
2004-08-06 00:00:00-04:00,2.058270459398357,2.120208978652954,2.041594503238863,2.120208978652954,5100,0.0,0.0
2004-08-09 00:00:00-04:00,2.120208978652954,2.120208978652954,2.120208978652954,2.120208978652954,500,0.0,0.0
2004-08-10 00:00:00-04:00,2.120209478522025,2.134503126144409,2.120209478522025,2.134503126144409,1600,0.0,0.0
2004-08-11 00:00:00-04:00,2.1202091382248525,2.1202091382248525,2.060652699205168,2.063035011291504,6300,0.0,0.0
2004-08-12 00:00:00-04:00,2.0725646018981934,2.0725646018981934,2.0725646018981934,2.0725646018981934,1000,0.0,0.0
2004-08-13 00:00:00-04:00,2.0725646018981934,2.0725646018981934,2.0725646018981934,2.0725646018981934,0,0.0,0.0
2004-08-16 00:00:00-04:00,2.0725646018981934,2.0725646018981934,2.0725646018981934,2.0725646018981934,0,0.0,0.0
2004-08-17 00:00:00-04:00,2.0725646018981934,2.0725646018981934,2.0725646018981934,2.0725646018981934,0,0.0,0.0
2004-08-18 00:00:00-04:00,2.0844759941101074,2.0844759941101074,2.0844759941101074,2.0844759941101074,100,0.0,0.0
2004-08-19 00:00:00-04:00,2.086858633113226,2.139268159866333,2.084476319936297,2.139268159866333,21500,0.0,0.0
2004-08-20 00:00:00-04:00,2.139268159866333,2.139268159866333,2.139268159866333,2.139268159866333,0,0.0,0.0
2004-08-23 00:00:00-04:00,2.1130621433258057,2.1130621433258057,2.1130621433258057,2.1130621433258057,1000,0.0,0.0
2004-08-24 00:00:00-04:00,2.1273561493665043,2.1678545475006104,2.120209212855926,2.1678545475006104,19700,0.0,0.0
2004-08-25 00:00:00-04:00,2.1440320014953613,2.1440320014953613,2.1440320014953613,2.1440320014953613,3000,0.0,0.0
2004-08-26 00:00:00-04:00,2.1440314577042816,2.2035878870849563,2.1440314577042816,2.179765224456787,12000,0.0,0.0
2004-08-27 00:00:00-04:00,2.179765224456787,2.179765224456787,2.179765224456787,2.179765224456787,0,0.0,0.0
2004-08-30 00:00:00-04:00,2.1678545475006104,2.1678545475006104,2.1678545475006104,2.1678545475006104,2000,0.0,0.0
2004-08-31 00:00:00-04:00,2.1559434847882657,2.1654725074768066,2.1559434847882657,2.1654725074768066,1300,0.0,0.0
2004-09-01 00:00:00-04:00,2.1583257972578562,2.1654725074768066,2.1583257972578562,2.1654725074768066,600,0.0,0.0
2004-09-02 00:00:00-04:00,2.1797658482834197,2.2035885177293926,2.170236825942993,2.170236825942993,20900,0.0,0.0
2004-09-03 00:00:00-04:00,2.172619067585856,2.172619067585856,2.1440320014953613,2.1440320014953613,1300,0.0,0.0
2004-09-07 00:00:00-04:00,2.1440320014953613,2.1440320014953613,2.1440320014953613,2.1440320014953613,0,0.0,0.0
2004-09-08 00:00:00-04:00,2.144031880178268,2.1678545475006104,2.144031880178268,2.1678545475006104,900,0.0,0.0
2004-09-09 00:00:00-04:00,2.179766107922906,2.2155001163482666,2.179766107922906,2.2155001163482666,29300,0.0,0.0
2004-09-10 00:00:00-04:00,2.2155001163482666,2.2155001163482666,2.2155001163482666,2.2155001163482666,0,0.0,0.0
2004-09-13 00:00:00-04:00,2.2155001163482666,2.2155001163482666,2.2155001163482666,2.2155001163482666,0,0.0,0.0
2004-09-14 00:00:00-04:00,2.2059714794158936,2.2059714794158936,2.2059714794158936,2.2059714794158936,700,0.0,0.0
2004-09-15 00:00:00-04:00,2.2178820100476324,2.2274110317230225,2.2178820100476324,2.2274110317230225,1700,0.0,0.0
2004-09-16 00:00:00-04:00,2.2155000599750565,2.2155000599750565,2.2035887241363525,2.2035887241363525,500,0.0,0.0
2004-09-17 00:00:00-04:00,2.2035887241363525,2.2035887241363525,2.2035887241363525,2.2035887241363525,0,0.0,0.0
2004-09-20 00:00:00-04:00,2.2178820566882056,2.2393221855163574,2.2178820566882056,2.2393221855163574,2500,0.0,0.0
2004-09-21 00:00:00-04:00,2.2393221855163574,2.2393221855163574,2.2393221855163574,2.2393221855163574,0,0.0,0.0
2004-09-22 00:00:00-04:00,2.2250291398237283,2.2250291398237283,2.201206467540154,2.2155001163482666,2700,0.0,0.0
2004-09-23 00:00:00-04:00,2.2155001163482666,2.2155001163482666,2.2155001163482666,2.2155001163482666,0,0.0,0.0
2004-09-24 00:00:00-04:00,2.2155001163482666,2.2155001163482666,2.2155001163482666,2.2155001163482666,0,0.0,0.0
2004-09-27 00:00:00-04:00,2.2155001163482666,2.2155001163482666,2.2155001163482666,2.2155001163482666,0,0.0,0.0
2004-09-28 00:00:00-04:00,2.2155001163482666,2.2155001163482666,2.2155001163482666,2.2155001163482666,500,0.0,0.0
2004-09-29 00:00:00-04:00,2.2155001163482666,2.2155001163482666,2.2155001163482666,2.2155001163482666,0,0.0,0.0
2004-09-30 00:00:00-04:00,2.2155001163482666,2.2155001163482666,2.2155001163482666,2.2155001163482666,0,0.0,0.0
2004-10-01 00:00:00-04:00,2.2155001163482666,2.2155001163482666,2.2155001163482666,2.2155001163482666,0,0.0,0.0
2004-10-04 00:00:00-04:00,2.2155000599750565,2.2155000599750565,2.2035887241363525,2.2035887241363525,1000,0.0,0.0
2004-10-05 00:00:00-04:00,2.2035887241363525,2.2035887241363525,2.2035887241363525,2.2035887241363525,0,0.0,0.0
2004-10-06 00:00:00-04:00,2.2035887241363525,2.2035887241363525,2.2035887241363525,2.2035887241363525,0,0.0,0.0
2004-10-07 00:00:00-04:00,2.2178821563720703,2.2178821563720703,2.2178821563720703,2.2178821563720703,100,0.0,0.0
2004-10-08 00:00:00-04:00,2.2178821563720703,2.2178821563720703,2.2178821563720703,2.2178821563720703,0,0.0,0.0
2004-10-11 00:00:00-04:00,2.2178821563720703,2.2178821563720703,2.2178821563720703,2.2178821563720703,0,0.0,0.0
2004-10-12 00:00:00-04:00,2.2035887241363525,2.2035887241363525,2.1797660524589446,2.2035887241363525,1900,0.0,0.0
2004-10-13 00:00:00-04:00,2.2035887241363525,2.2035887241363525,2.2035887241363525,2.2035887241363525,0,0.0,0.0
2004-10-14 00:00:00-04:00,2.2035887241363525,2.2035887241363525,2.2035887241363525,2.2035887241363525,0,0.0,0.0
2004-10-15 00:00:00-04:00,2.1940598487854004,2.1940598487854004,2.1940598487854004,2.1940598487854004,200,0.0,0.0
2004-10-18 00:00:00-04:00,2.2035887241363525,2.2035887241363525,2.2035887241363525,2.2035887241363525,100,0.0,0.0
2004-10-19 00:00:00-04:00,2.1916775703430176,2.194059883146605,2.1916775703430176,2.1916775703430176,800,0.0,0.0
2004-10-20 00:00:00-04:00,2.2035887241363525,2.2035887241363525,2.2035887241363525,2.2035887241363525,500,0.0,0.0
2004-10-21 00:00:00-04:00,2.2035887241363525,2.2035887241363525,2.2035887241363525,2.2035887241363525,0,0.0,0.0
2004-10-22 00:00:00-04:00,2.2155001163482666,2.2155001163482666,2.2155001163482666,2.2155001163482666,200,0.0,0.0
2004-10-25 00:00:00-04:00,2.23217576988534,2.2512338161468506,2.23217576988534,2.2512338161468506,800,0.0,0.0
2004-10-26 00:00:00-04:00,2.2631454467773438,2.2631454467773438,2.2631454467773438,2.2631454467773438,500,0.0,0.0
2004-10-27 00:00:00-04:00,2.2631454467773438,2.2631454467773438,2.2631454467773438,2.2631454467773438,0,0.0,0.0
2004-10-28 00:00:00-04:00,2.241704312220474,2.241704312220474,2.220263957977295,2.220263957977295,1300,0.0,0.0
2004-10-29 00:00:00-04:00,2.2369399070739746,2.2369399070739746,2.2369399070739746,2.2369399070739746,300,0.0,0.0
2004-11-01 00:00:00-05:00,2.2155001163482666,2.2155001163482666,2.2155001163482666,2.2155001163482666,1000,0.0,0.0
2004-11-02 00:00:00-05:00,2.232175588607788,2.232175588607788,2.232175588607788,2.232175588607788,200,0.0,0.0
2004-11-03 00:00:00-05:00,2.232175383915042,2.2393220932298976,2.2083529438022604,2.229793071746826,2900,0.0,0.0
2004-11-04 00:00:00-05:00,2.229793071746826,2.229793071746826,2.229793071746826,2.229793071746826,0,0.0,0.0
2004-11-05 00:00:00-05:00,2.232175383915042,2.232175383915042,2.229793071746826,2.229793071746826,600,0.0,0.0
2004-11-08 00:00:00-05:00,2.229793071746826,2.229793071746826,2.229793071746826,2.229793071746826,0,0.0,0.0
2004-11-09 00:00:00-05:00,2.2512338161468506,2.2512338161468506,2.2512338161468506,2.2512338161468506,600,0.0,0.0
2004-11-10 00:00:00-05:00,2.24408677618919,2.24408677618919,2.2417044639587402,2.2417044639587402,500,0.0,0.0
2004-11-11 00:00:00-05:00,2.2417044639587402,2.2417044639587402,2.2417044639587402,2.2417044639587402,0,0.0,0.0
2004-11-12 00:00:00-05:00,2.2417044639587402,2.2417044639587402,2.2417044639587402,2.2417044639587402,0,0.0,0.0
2004-11-15 00:00:00-05:00,2.2417044639587402,2.2417044639587402,2.2417044639587402,2.2417044639587402,0,0.0,0.0
2004-11-16 00:00:00-05:00,2.2512335677934274,2.267909526824951,2.234557835951711,2.267909526824951,4500,0.0,0.0
2004-11-17 00:00:00-05:00,2.267909526824951,2.267909526824951,2.267909526824951,2.267909526824951,0,0.0,0.0
2004-11-18 00:00:00-05:00,2.2869675123752837,2.2869675123752837,2.255998134613037,2.255998134613037,3100,0.0,0.0
2004-11-19 00:00:00-05:00,2.24408677618919,2.24408677618919,2.2417044639587402,2.2417044639587402,1000,0.0,0.0
2004-11-22 00:00:00-05:00,2.244086980819702,2.244086980819702,2.244086980819702,2.244086980819702,900,0.0,0.0
2004-11-23 00:00:00-05:00,2.244086980819702,2.244086980819702,2.244086980819702,2.244086980819702,0,0.0,0.0
2004-11-24 00:00:00-05:00,2.2607619762420654,2.2607619762420654,2.2607619762420654,2.2607619762420654,500,0.0,0.0
2004-11-26 00:00:00-05:00,2.2607619762420654,2.2607619762420654,2.2607619762420654,2.2607619762420654,0,0.0,0.0
2004-11-29 00:00:00-05:00,2.2631454467773438,2.2631454467773438,2.2631454467773438,2.2631454467773438,100,0.0,0.0
2004-11-30 00:00:00-05:00,2.267909526824951,2.267909526824951,2.267909526824951,2.267909526824951,1000,0.0,0.0
2004-12-01 00:00:00-05:00,2.267909526824951,2.267909526824951,2.267909526824951,2.267909526824951,0,0.0,0.0
2004-12-02 00:00:00-05:00,2.267909526824951,2.267909526824951,2.267909526824951,2.267909526824951,0,0.0,0.0
2004-12-03 00:00:00-05:00,2.2774386405944824,2.2774386405944824,2.2774386405944824,2.2774386405944824,1300,0.0,0.0
2004-12-06 00:00:00-05:00,2.301261131277458,2.382257937502929,2.301261131277458,2.3512885570526123,71400,0.0,0.0
2004-12-07 00:00:00-05:00,2.3608181476593018,2.3608181476593018,2.3608181476593018,2.3608181476593018,1000,0.0,0.0
2004-12-08 00:00:00-05:00,2.3608181476593018,2.3608181476593018,2.3608181476593018,2.3608181476593018,0,0.0,0.0
2004-12-09 00:00:00-05:00,2.3774941597513077,2.379876473063259,2.358436107635498,2.358436107635498,5000,0.0,0.0
2004-12-10 00:00:00-05:00,2.363112565971028,2.370497226715088,2.3212657638311356,2.370497226715088,21600,0.319,0.0
2004-12-13 00:00:00-05:00,2.328650680633657,2.3335737100863225,2.311419725418091,2.311419725418091,800,0.0,0.0
2004-12-14 00:00:00-05:00,2.316342313626068,2.316342313626068,2.313880681991577,2.313880681991577,5100,0.0,0.0
2004-12-15 00:00:00-05:00,2.3237268924713135,2.3237268924713135,2.3212654956770575,2.3237268924713135,1300,0.0,0.0
2004-12-16 00:00:00-05:00,2.3286497185497654,2.3286497185497654,2.326188087463379,2.326188087463379,5700,0.0,0.0
2004-12-17 00:00:00-05:00,2.326188087463379,2.326188087463379,2.326188087463379,2.326188087463379,0,0.0,0.0
2004-12-20 00:00:00-05:00,2.338495969772339,2.338495969772339,2.338495969772339,2.338495969772339,5500,0.0,0.0
2004-12-21 00:00:00-05:00,2.338495969772339,2.338495969772339,2.338495969772339,2.338495969772339,0,0.0,0.0
2004-12-22 00:00:00-05:00,2.338495969772339,2.338495969772339,2.338495969772339,2.338495969772339,0,0.0,0.0
2004-12-23 00:00:00-05:00,2.3458809478734324,2.3458809478734324,2.3286499977111816,2.3286499977111816,1500,0.0,0.0
2004-12-27 00:00:00-05:00,2.3286499977111816,2.3286499977111816,2.3286499977111816,2.3286499977111816,0,0.0,0.0
2004-12-28 00:00:00-05:00,2.3458809852600098,2.3458809852600098,2.3458809852600098,2.3458809852600098,4000,0.0,0.0
2004-12-29 00:00:00-05:00,2.3188037045225376,2.3754198177132615,2.296649491620397,2.3581888675689697,11700,0.0,0.0
2004-12-30 00:00:00-05:00,2.358188907609523,2.358188907609523,2.3458809852600098,2.3458809852600098,3600,0.0,0.0
2004-12-31 00:00:00-05:00,2.368035316467285,2.368035316467285,2.368035316467285,2.368035316467285,500,0.0,0.0
2005-01-03 00:00:00-05:00,2.3508042106364124,2.3508042106364124,2.3286499977111816,2.3286499977111816,3300,0.0,0.0
2005-01-04 00:00:00-05:00,2.3483426974131087,2.350804328918457,2.3483426974131087,2.350804328918457,600,0.0,0.0
2005-01-05 00:00:00-05:00,2.350804328918457,2.350804328918457,2.350804328918457,2.350804328918457,0,0.0,0.0
2005-01-06 00:00:00-05:00,2.326188166911415,2.326188166911415,2.3163418769836426,2.3163418769836426,1000,0.0,0.0
2005-01-07 00:00:00-05:00,2.340957129077679,2.3532650470733643,2.340957129077679,2.3532650470733643,1600,0.0,0.0
2005-01-10 00:00:00-05:00,2.333573579788208,2.333573579788208,2.333573579788208,2.333573579788208,500,0.0,0.0
2005-01-11 00:00:00-05:00,2.3532650470733643,2.3532650470733643,2.3532650470733643,2.3532650470733643,1000,0.0,0.0
2005-01-12 00:00:00-05:00,2.3532650470733643,2.3532650470733643,2.3532650470733643,2.3532650470733643,0,0.0,0.0
2005-01-13 00:00:00-05:00,2.3532669900045056,2.3557283878326416,2.3532669900045056,2.3557283878326416,700,0.0,0.0
2005-01-14 00:00:00-05:00,2.3557283878326416,2.3557283878326416,2.3557283878326416,2.3557283878326416,0,0.0,0.0
2005-01-18 00:00:00-05:00,2.3286499977111816,2.3286499977111816,2.3286499977111816,2.3286499977111816,2500,0.0,0.0
2005-01-19 00:00:00-05:00,2.331112766271852,2.3557283878326416,2.331112766271852,2.3557283878326416,1800,0.0,0.0
2005-01-20 00:00:00-05:00,2.3606503009796143,2.3606503009796143,2.3606503009796143,2.3606503009796143,1500,0.0,0.0
2005-01-21 00:00:00-05:00,2.338496089935365,2.3606503009796143,2.338496089935365,2.3606503009796143,3300,0.0,0.0
2005-01-24 00:00:00-05:00,2.3631131649017334,2.3631131649017334,2.3631131649017334,2.3631131649017334,100,0.0,0.0
2005-01-25 00:00:00-05:00,2.3828057550463986,2.3828057550463986,2.3631131649017334,2.3631131649017334,1100,0.0,0.0
2005-01-26 00:00:00-05:00,2.3631131649017334,2.3631131649017334,2.3631131649017334,2.3631131649017334,0,0.0,0.0
2005-01-27 00:00:00-05:00,2.363112051322046,2.3828046321868896,2.363112051322046,2.3828046321868896,3200,0.0,0.0
2005-01-28 00:00:00-05:00,2.4074206352233887,2.4074206352233887,2.4074206352233887,2.4074206352233887,200,0.0,0.0
2005-01-31 00:00:00-05:00,2.3901901245117188,2.3901901245117188,2.3901901245117188,2.3901901245117188,1300,0.0,0.0
2005-02-01 00:00:00-05:00,2.3901901245117188,2.3901901245117188,2.3901901245117188,2.3901901245117188,0,0.0,0.0
2005-02-02 00:00:00-05:00,2.3901901245117188,2.3901901245117188,2.3901901245117188,2.3901901245117188,0,0.0,0.0
2005-02-03 00:00:00-05:00,2.3901901245117188,2.3901901245117188,2.3901901245117188,2.3901901245117188,0,0.0,0.0
2005-02-04 00:00:00-05:00,2.3901901245117188,2.3901901245117188,2.3901901245117188,2.3901901245117188,0,0.0,0.0
2005-02-07 00:00:00-05:00,2.412343978881836,2.412343978881836,2.412343978881836,2.412343978881836,500,0.0,0.0
2005-02-08 00:00:00-05:00,2.412343978881836,2.412343978881836,2.412343978881836,2.412343978881836,0,0.0,0.0
2005-02-09 00:00:00-05:00,2.4024975299835205,2.4024975299835205,2.4024975299835205,2.4024975299835205,1000,0.0,0.0
2005-02-10 00:00:00-05:00,2.4024975299835205,2.4024975299835205,2.4024975299835205,2.4024975299835205,1300,0.0,0.0
2005-02-11 00:00:00-05:00,2.419729396315968,2.4369603546693686,2.409883100863425,2.414806365966797,20700,0.0,0.0
2005-02-14 00:00:00-05:00,2.424651861190796,2.427113258175925,2.424651861190796,2.424651861190796,8600,0.0,0.0
2005-02-15 00:00:00-05:00,2.424651861190796,2.4615753982630926,2.424651861190796,2.424651861190796,7500,0.0,0.0
2005-02-16 00:00:00-05:00,2.4492674743209526,2.4492674743209526,2.424651861190796,2.424651861190796,3200,0.0,0.0
2005-02-17 00:00:00-05:00,2.424651861190796,2.424651861190796,2.424651861190796,2.424651861190796,0,0.0,0.0
2005-02-18 00:00:00-05:00,2.4492666721343994,2.4492666721343994,2.4492666721343994,2.4492666721343994,11000,0.0,0.0
2005-02-22 00:00:00-05:00,2.4468061923980713,2.4468061923980713,2.4468061923980713,2.4468061923980713,500,0.0,0.0
2005-02-23 00:00:00-05:00,2.456652177182456,2.456652177182456,2.412343978881836,2.412343978881836,19100,0.0,0.0
2005-02-24 00:00:00-05:00,2.4369598951692297,2.461575746536255,2.4369598951692297,2.461575746536255,10200,0.0,0.0
2005-02-25 00:00:00-05:00,2.461575746536255,2.461575746536255,2.461575746536255,2.461575746536255,0,0.0,0.0
2005-02-28 00:00:00-05:00,2.461575746536255,2.461575746536255,2.461575746536255,2.461575746536255,0,0.0,0.0
2005-03-01 00:00:00-05:00,2.461575746536255,2.461575746536255,2.461575746536255,2.461575746536255,500,0.0,0.0
2005-03-02 00:00:00-05:00,2.449267467583621,2.454190731048584,2.4344981466969786,2.454190731048584,5800,0.0,0.0
2005-03-03 00:00:00-05:00,2.4615747923417635,2.4615747923417635,2.4320359230041504,2.4320359230041504,2700,0.0,0.0
2005-03-04 00:00:00-05:00,2.4271130561828613,2.4271130561828613,2.4271130561828613,2.4271130561828613,1200,0.0,0.0
2005-03-07 00:00:00-05:00,2.4271130561828613,2.4271130561828613,2.4271130561828613,2.4271130561828613,0,0.0,0.0
2005-03-08 00:00:00-05:00,2.4271130561828613,2.4271130561828613,2.4271130561828613,2.4271130561828613,0,0.0,0.0
2005-03-09 00:00:00-05:00,2.427112463245343,2.4492666721343994,2.427112463245343,2.4492666721343994,1500,0.0,0.0
2005-03-10 00:00:00-05:00,2.427113258175925,2.427113258175925,2.424651861190796,2.424651861190796,1000,0.0,0.0
2005-03-11 00:00:00-05:00,2.424651861190796,2.424651861190796,2.424651861190796,2.424651861190796,0,0.0,0.0
2005-03-14 00:00:00-05:00,2.424651861190796,2.424651861190796,2.424651861190796,2.424651861190796,0,0.0,0.0
2005-03-15 00:00:00-05:00,2.417266607284546,2.417266607284546,2.417266607284546,2.417266607284546,500,0.0,0.0
2005-03-16 00:00:00-05:00,2.392651319503784,2.392651319503784,2.392651319503784,2.392651319503784,500,0.0,0.0
2005-03-17 00:00:00-05:00,2.392651319503784,2.392651319503784,2.392651319503784,2.392651319503784,0,0.0,0.0
2005-03-18 00:00:00-05:00,2.368034605678297,2.397573471069336,2.3532652903597944,2.397573471069336,2200,0.0,0.0
2005-03-21 00:00:00-05:00,2.3729584217071533,2.3729584217071533,2.3729584217071533,2.3729584217071533,100700,0.0,0.0
2005-03-22 00:00:00-05:00,2.3261884833731763,2.3532659604238053,2.3261884833731763,2.350804328918457,9200,0.0,0.0
2005-03-23 00:00:00-05:00,2.338495969772339,2.338495969772339,2.338495969772339,2.338495969772339,500,0.0,0.0
2005-03-24 00:00:00-05:00,2.338495969772339,2.338495969772339,2.338495969772339,2.338495969772339,0,0.0,0.0
2005-03-28 00:00:00-05:00,2.338495969772339,2.338495969772339,2.338495969772339,2.338495969772339,0,0.0,0.0
2005-03-29 00:00:00-05:00,2.338495969772339,2.338495969772339,2.338495969772339,2.338495969772339,0,0.0,0.0
2005-03-30 00:00:00-05:00,2.338495969772339,2.338495969772339,2.338495969772339,2.338495969772339,0,0.0,0.0
2005-03-31 00:00:00-05:00,2.350804328918457,2.350804328918457,2.350804328918457,2.350804328918457,400,0.0,0.0
2005-04-01 00:00:00-05:00,2.350804328918457,2.350804328918457,2.350804328918457,2.350804328918457,0,0.0,0.0
2005-04-04 00:00:00-04:00,2.350804328918457,2.350804328918457,2.350804328918457,2.350804328918457,0,0.0,0.0
2005-04-05 00:00:00-04:00,2.350804328918457,2.350804328918457,2.350804328918457,2.350804328918457,0,0.0,0.0
2005-04-06 00:00:00-04:00,2.368035316467285,2.368035316467285,2.368035316467285,2.368035316467285,400,0.0,0.0
2005-04-07 00:00:00-04:00,2.368035316467285,2.368035316467285,2.368035316467285,2.368035316467285,0,0.0,0.0
2005-04-08 00:00:00-04:00,2.387728214263916,2.387728214263916,2.387728214263916,2.387728214263916,1100,0.0,0.0
2005-04-11 00:00:00-04:00,2.387728214263916,2.387728214263916,2.387728214263916,2.387728214263916,0,0.0,0.0
2005-04-12 00:00:00-04:00,2.3631125998461426,2.387728214263916,2.3409583825422513,2.387728214263916,19400,0.0,0.0
2005-04-13 00:00:00-04:00,2.3754202896779613,2.387728214263916,2.3754202896779613,2.387728214263916,5000,0.0,0.0
2005-04-14 00:00:00-04:00,2.3631122516910974,2.3631122516910974,2.350804328918457,2.350804328918457,2500,0.0,0.0
2005-04-15 00:00:00-04:00,2.350804328918457,2.350804328918457,2.350804328918457,2.350804328918457,0,0.0,0.0
2005-04-18 00:00:00-04:00,2.3754193782806396,2.3754193782806396,2.3754193782806396,2.3754193782806396,1200,0.0,0.0
2005-04-19 00:00:00-04:00,2.3508042087992362,2.3729584217071533,2.3508042087992362,2.3729584217071533,1600,0.0,0.0
2005-04-20 00:00:00-04:00,2.3729584217071533,2.3729584217071533,2.3729584217071533,2.3729584217071533,0,0.0,0.0
2005-04-21 00:00:00-04:00,2.3778815269470215,2.3778815269470215,2.3778815269470215,2.3778815269470215,1000,0.0,0.0
2005-04-22 00:00:00-04:00,2.3778815269470215,2.3778815269470215,2.3778815269470215,2.3778815269470215,0,0.0,0.0
2005-04-25 00:00:00-04:00,2.3754193782806396,2.3754193782806396,2.3754193782806396,2.3754193782806396,30600,0.0,0.0
2005-04-26 00:00:00-04:00,2.3754193782806396,2.3754193782806396,2.3754193782806396,2.3754193782806396,0,0.0,0.0
2005-04-27 00:00:00-04:00,2.350804328918457,2.350804328918457,2.350804328918457,2.350804328918457,11600,0.0,0.0
2005-04-28 00:00:00-04:00,2.350804328918457,2.350804328918457,2.350804328918457,2.350804328918457,0,0.0,0.0
2005-04-29 00:00:00-04:00,2.350804328918457,2.350804328918457,2.350804328918457,2.350804328918457,0,0.0,0.0
2005-05-02 00:00:00-04:00,2.350804328918457,2.350804328918457,2.350804328918457,2.350804328918457,0,0.0,0.0
2005-05-03 00:00:00-04:00,2.3631121303268183,2.3631121303268183,2.3581888675689697,2.3581888675689697,1800,0.0,0.0
2005-05-04 00:00:00-04:00,2.3828046321868896,2.3828046321868896,2.3828046321868896,2.3828046321868896,600,0.0,0.0
2005-05-05 00:00:00-04:00,2.412343978881836,2.412343978881836,2.412343978881836,2.412343978881836,5000,0.0,0.0
2005-05-06 00:00:00-04:00,2.412343978881836,2.412343978881836,2.412343978881836,2.412343978881836,0,0.0,0.0
2005-05-09 00:00:00-04:00,2.412343978881836,2.412343978881836,2.412343978881836,2.412343978881836,0,0.0,0.0
2005-05-10 00:00:00-04:00,2.412343978881836,2.412343978881836,2.412343978881836,2.412343978881836,0,0.0,0.0
2005-05-11 00:00:00-04:00,2.368035158330578,2.368035158330578,2.3581888675689697,2.3581888675689697,5800,0.0,0.0
2005-05-12 00:00:00-04:00,2.3581888675689697,2.3581888675689697,2.3581888675689697,2.3581888675689697,0,0.0,0.0
2005-05-13 00:00:00-04:00,2.3581888675689697,2.3581888675689697,2.3581888675689697,2.3581888675689697,0,0.0,0.0
2005-05-16 00:00:00-04:00,2.3581888675689697,2.3581888675689697,2.3581888675689697,2.3581888675689697,0,0.0,0.0
2005-05-17 00:00:00-04:00,2.3606503009796143,2.3606503009796143,2.3606503009796143,2.3606503009796143,100,0.0,0.0
2005-05-18 00:00:00-04:00,2.3606503009796143,2.3606503009796143,2.3606503009796143,2.3606503009796143,0,0.0,0.0
2005-05-19 00:00:00-04:00,2.3606503009796143,2.3606503009796143,2.3606503009796143,2.3606503009796143,0,0.0,0.0
2005-05-20 00:00:00-04:00,2.3606509679781245,2.387728214263916,2.3581893361101063,2.387728214263916,3100,0.0,0.0
2005-05-23 00:00:00-04:00,2.387728214263916,2.387728214263916,2.387728214263916,2.387728214263916,0,0.0,0.0
2005-05-24 00:00:00-04:00,2.3778821376350185,2.3778821376350185,2.340958595275879,2.340958595275879,6100,0.0,0.0
2005-05-25 00:00:00-04:00,2.340958595275879,2.340958595275879,2.340958595275879,2.340958595275879,0,0.0,0.0
2005-05-26 00:00:00-04:00,2.340958595275879,2.340958595275879,2.340958595275879,2.340958595275879,0,0.0,0.0
2005-05-27 00:00:00-04:00,2.340957919864542,2.340957919864542,2.3286499977111816,2.3286499977111816,1200,0.0,0.0
2005-05-31 00:00:00-04:00,2.3286499977111816,2.3286499977111816,2.3286499977111816,2.3286499977111816,0,0.0,0.0
2005-06-01 00:00:00-04:00,2.3434200286865234,2.3581893504763363,2.3434200286865234,2.3434200286865234,3500,0.0,0.0
2005-06-02 00:00:00-04:00,2.3631116931710148,2.382804271051269,2.3631116931710148,2.3754193782806396,3200,0.0,0.0
2005-06-03 00:00:00-04:00,2.3951125144958496,2.3951125144958496,2.3951125144958496,2.3951125144958496,10000,0.0,0.0
2005-06-06 00:00:00-04:00,2.3508043250233133,2.380343198776245,2.3508043250233133,2.380343198776245,4200,0.0,0.0
2005-06-07 00:00:00-04:00,2.3926511177525653,2.3951125144958496,2.3926511177525653,2.3951125144958496,2600,0.0,0.0
2005-06-08 00:00:00-04:00,2.395112394426893,2.417266607284546,2.395112394426893,2.417266607284546,1500,0.0,0.0
2005-06-09 00:00:00-04:00,2.417267763764282,2.4344989568718836,2.414806365966797,2.414806365966797,4400,0.0,0.0
2005-06-10 00:00:00-04:00,2.49596905708313,2.49596905708313,2.49596905708313,2.49596905708313,0,0.319,0.0
2005-06-13 00:00:00-04:00,2.49596905708313,2.49596905708313,2.49596905708313,2.49596905708313,0,0.0,0.0
2005-06-14 00:00:00-04:00,2.4298162587817362,2.4476263523101807,2.4298162587817362,2.4476263523101807,3000,0.0,0.0
2005-06-15 00:00:00-04:00,2.4476263523101807,2.4476263523101807,2.4476263523101807,2.4476263523101807,0,0.0,0.0
2005-06-16 00:00:00-04:00,2.4476264134521517,2.4501707819181524,2.4349048137664795,2.4349048137664795,6400,0.0,0.0
2005-06-17 00:00:00-04:00,2.4476271732527644,2.4552600383758545,2.4476271732527644,2.4552600383758545,3900,0.0,0.0
2005-06-20 00:00:00-04:00,2.429816961288452,2.4552599247359463,2.3941965212886855,2.429816961288452,8500,0.0,0.0
2005-06-21 00:00:00-04:00,2.417095058477121,2.442538261413574,2.417095058477121,2.442538261413574,4100,0.0,0.0
2005-06-22 00:00:00-04:00,2.4628931461433523,2.46798164201061,2.4552600383758545,2.4552600383758545,2500,0.0,0.0
2005-06-23 00:00:00-04:00,2.4552600383758545,2.4552600383758545,2.4552600383758545,2.4552600383758545,0,0.0,0.0
2005-06-24 00:00:00-04:00,2.429816659945348,2.442538261413574,2.429816659945348,2.442538261413574,1600,0.0,0.0
2005-06-27 00:00:00-04:00,2.419639582965378,2.419639582965378,2.3916520094058464,2.401829242706299,5400,0.0,0.0
2005-06-28 00:00:00-04:00,2.417095290579969,2.424728155136109,2.417095290579969,2.4247281551361084,4100,0.0,0.0
2005-06-29 00:00:00-04:00,2.4221840547614457,2.4221840547614457,2.4018293446522008,2.4094624519348145,4200,0.0,0.0
2005-06-30 00:00:00-04:00,2.417095218411469,2.4196395874023433,2.417095218411469,2.4196395874023438,500,0.0,0.0
2005-07-01 00:00:00-04:00,2.4196395874023433,2.4196395874023433,2.4196395874023433,2.4196395874023438,0,0.0,0.0
2005-07-05 00:00:00-04:00,2.4196397919507175,2.4196397919507175,2.417095422744751,2.417095422744751,4700,0.0,0.0
2005-07-06 00:00:00-04:00,2.417095422744751,2.417095422744751,2.417095422744751,2.417095422744751,0,0.0,0.0
2005-07-07 00:00:00-04:00,2.417095422744751,2.417095422744751,2.417095422744751,2.417095422744751,0,0.0,0.0
2005-07-08 00:00:00-04:00,2.396740887074144,2.4120066165924072,2.3941965179396347,2.4120066165924072,1000,0.0,0.0
2005-07-11 00:00:00-04:00,2.417095422744751,2.417095422744751,2.417095422744751,2.417095422744751,200,0.0,0.0
2005-07-12 00:00:00-04:00,2.417095422744751,2.417095422744751,2.417095422744751,2.417095422744751,0,0.0,0.0
2005-07-13 00:00:00-04:00,2.4272727966308594,2.4272727966308594,2.4247284272784464,2.4272727966308594,7200,0.0,0.0
2005-07-14 00:00:00-04:00,2.4272727966308594,2.4272727966308594,2.4272727966308594,2.4272727966308594,600,0.0,0.0
2005-07-15 00:00:00-04:00,2.4272727966308594,2.4272727966308594,2.4272727966308594,2.4272727966308594,1400,0.0,0.0
2005-07-18 00:00:00-04:00,2.42727296372638,2.42727296372638,2.422184467315674,2.422184467315674,7500,0.0,0.0
2005-07-19 00:00:00-04:00,2.422184467315674,2.422184467315674,2.422184467315674,2.422184467315674,0,0.0,0.0
2005-07-20 00:00:00-04:00,2.422184467315674,2.422184467315674,2.422184467315674,2.422184467315674,0,0.0,0.0
2005-07-21 00:00:00-04:00,2.4170953548614253,2.4170953548614253,2.4120066165924072,2.4120066165924072,2800,0.0,0.0
2005-07-22 00:00:00-04:00,2.41455078125,2.41455078125,2.41455078125,2.41455078125,500,0.0,0.0
2005-07-25 00:00:00-04:00,2.422183956393218,2.422183956393218,2.4196395874023433,2.4196395874023438,1300,0.0,0.0
2005-07-26 00:00:00-04:00,2.4272724816942515,2.4272724816942515,2.4043736457824707,2.4043736457824707,2800,0.0,0.0
2005-07-27 00:00:00-04:00,2.396740674972534,2.396740674972534,2.396740674972534,2.396740674972534,700,0.0,0.0
2005-07-28 00:00:00-04:00,2.4043736798003605,2.4069180488586426,2.4043736798003605,2.4069180488586426,3100,0.0,0.0
2005-07-29 00:00:00-04:00,2.412006684332817,2.429817026130183,2.412006684332817,2.417095422744751,2200,0.0,0.0
2005-08-01 00:00:00-04:00,2.417095422744751,2.417095422744751,2.417095422744751,2.417095422744751,0,0.0,0.0
2005-08-02 00:00:00-04:00,2.414550772049187,2.414550772049187,2.396740674972534,2.396740674972534,2900,0.0,0.0
2005-08-03 00:00:00-04:00,2.396740674972534,2.396740674972534,2.396740674972534,2.396740674972534,0,0.0,0.0
2005-08-04 00:00:00-04:00,2.4170953582425074,2.429816961288452,2.4170953582425074,2.429816961288452,3500,0.0,0.0
2005-08-05 00:00:00-04:00,2.4272727966308594,2.4272727966308594,2.4272727966308594,2.4272727966308594,500,0.0,0.0
2005-08-08 00:00:00-04:00,2.4272727966308594,2.4272727966308594,2.4272727966308594,2.4272727966308594,0,0.0,0.0
2005-08-09 00:00:00-04:00,2.4043736878901445,2.424728155136109,2.4043736878901445,2.4247281551361084,3800,0.0,0.0
2005-08-10 00:00:00-04:00,2.3992846258197953,2.4349048137664795,2.3992846258197953,2.4349048137664795,3300,0.0,0.0
2005-08-11 00:00:00-04:00,2.4120066165924072,2.4120066165924072,2.4120066165924072,2.4120066165924072,500,0.0,0.0
2005-08-12 00:00:00-04:00,2.4374503417418336,2.450171947479248,2.4374503417418336,2.450171947479248,1000,0.0,0.0
2005-08-15 00:00:00-04:00,2.450171947479248,2.450171947479248,2.450171947479248,2.450171947479248,0,0.0,0.0
2005-08-16 00:00:00-04:00,2.424728155136109,2.424728155136109,2.424728155136109,2.4247281551361084,200,0.0,0.0
2005-08-17 00:00:00-04:00,2.399285316467285,2.399285316467285,2.399285316467285,2.399285316467285,2000,0.0,0.0
2005-08-18 00:00:00-04:00,2.399285316467285,2.399285316467285,2.399285316467285,2.399285316467285,0,0.0,0.0
2005-08-19 00:00:00-04:00,2.4043736161014797,2.4196395874023433,2.4043736161014797,2.4196395874023438,500,0.0,0.0
2005-08-22 00:00:00-04:00,2.417095422744751,2.4196397919507175,2.417095422744751,2.417095422744751,4400,0.0,0.0
2005-08-23 00:00:00-04:00,2.417095422744751,2.417095422744751,2.417095422744751,2.417095422744751,100,0.0,0.0
2005-08-24 00:00:00-04:00,2.417095422744751,2.417095422744751,2.417095422744751,2.417095422744751,0,0.0,0.0
2005-08-25 00:00:00-04:00,2.429816995191055,2.432361364364624,2.429816995191055,2.432361364364624,3200,0.0,0.0
2005-08-26 00:00:00-04:00,2.432361364364624,2.432361364364624,2.432361364364624,2.432361364364624,0,0.0,0.0
2005-08-29 00:00:00-04:00,2.4043736457824707,2.4043736457824707,2.4043736457824707,2.4043736457824707,1000,0.0,0.0
2005-08-30 00:00:00-04:00,2.399285043881877,2.404373539056189,2.396740674972534,2.396740674972534,1200,0.0,0.0
2005-08-31 00:00:00-04:00,2.396740674972534,2.396740674972534,2.396740674972534,2.396740674972534,0,0.0,0.0
2005-09-01 00:00:00-04:00,2.417095422744751,2.417095422744751,2.417095422744751,2.417095422744751,1000,0.0,0.0
2005-09-02 00:00:00-04:00,2.417095422744751,2.417095422744751,2.417095422744751,2.417095422744751,0,0.0,0.0
2005-09-06 00:00:00-04:00,2.417094719793137,2.4349048137664795,2.417094719793137,2.4349048137664795,3500,0.0,0.0
2005-09-07 00:00:00-04:00,2.4349048137664795,2.4349048137664795,2.4349048137664795,2.4349048137664795,0,0.0,0.0
2005-09-08 00:00:00-04:00,2.4399942530642624,2.4399942530642624,2.3967409472688734,2.399285316467285,8600,0.0,0.0
2005-09-09 00:00:00-04:00,2.4043736457824707,2.4043736457824707,2.396740781360005,2.4043736457824707,4300,0.0,0.0
2005-09-12 00:00:00-04:00,2.422183878777216,2.422183878777216,2.396740674972534,2.396740674972534,3100,0.0,0.0
2005-09-13 00:00:00-04:00,2.3967409442983874,2.3967409442983874,2.378930845220384,2.3814749717712402,4700,0.0,0.0
2005-09-14 00:00:00-04:00,2.3916522059078713,2.3916522059078713,2.3814749717712402,2.3814749717712402,7300,0.0,0.0
2005-09-15 00:00:00-04:00,2.384019374847412,2.384019374847412,2.384019374847412,2.384019374847412,100,0.0,0.0
2005-09-16 00:00:00-04:00,2.384019374847412,2.384019374847412,2.384019374847412,2.384019374847412,0,0.0,0.0
2005-09-19 00:00:00-04:00,2.3687543869018555,2.3687543869018555,2.3687543869018555,2.3687543869018555,1000,0.0,0.0
2005-09-20 00:00:00-04:00,2.3916522988607984,2.3916522988607984,2.353487730026245,2.353487730026245,2100,0.0,0.0
2005-09-21 00:00:00-04:00,2.3789303302764893,2.3789303302764893,2.3789303302764893,2.3789303302764893,1000,0.0,0.0
2005-09-22 00:00:00-04:00,2.3789303302764893,2.3789303302764893,2.3789303302764893,2.3789303302764893,0,0.0,0.0
2005-09-23 00:00:00-04:00,2.3789303302764893,2.3789303302764893,2.3789303302764893,2.3789303302764893,0,0.0,0.0
2005-09-26 00:00:00-04:00,2.3916522088720504,2.399285316467285,2.3916522088720504,2.399285316467285,3100,0.0,0.0
2005-09-27 00:00:00-04:00,2.399285316467285,2.399285316467285,2.399285316467285,2.399285316467285,2400,0.0,0.0
2005-09-28 00:00:00-04:00,2.399285316467285,2.399285316467285,2.399285316467285,2.399285316467285,0,0.0,0.0
2005-09-29 00:00:00-04:00,2.399285316467285,2.399285316467285,2.399285316467285,2.399285316467285,0,0.0,0.0
2005-09-30 00:00:00-04:00,2.3916518688201904,2.3916518688201904,2.3916518688201904,2.3916518688201904,200,0.0,0.0
2005-10-03 00:00:00-04:00,2.396740674972534,2.396740674972534,2.396740674972534,2.396740674972534,1000,0.0,0.0
2005-10-04 00:00:00-04:00,2.3814751385585438,2.3814751385585438,2.3763866424560547,2.3763866424560547,300,0.0,0.0
2005-10-05 00:00:00-04:00,2.3763860522393547,2.3763860522393547,2.350942850112915,2.350942850112915,1900,0.0,0.0
2005-10-06 00:00:00-04:00,2.3483983918311466,2.3789303302764893,2.3483983918311466,2.3789303302764893,4500,0.0,0.0
2005-10-07 00:00:00-04:00,2.3789303302764893,2.3789303302764893,2.3789303302764893,2.3789303302764893,0,0.0,0.0
2005-10-10 00:00:00-04:00,2.361119508743286,2.361119508743286,2.361119508743286,2.361119508743286,200,0.0,0.0
2005-10-11 00:00:00-04:00,2.361119508743286,2.361119508743286,2.361119508743286,2.361119508743286,2500,0.0,0.0
2005-10-12 00:00:00-04:00,2.3534866470176867,2.361119508743286,2.3534866470176867,2.361119508743286,3000,0.0,0.0
2005-10-13 00:00:00-04:00,2.3407652378082275,2.3407652378082275,2.3407652378082275,2.3407652378082275,1700,0.0,0.0
2005-10-14 00:00:00-04:00,2.3407652378082275,2.3407652378082275,2.3407652378082275,2.3407652378082275,0,0.0,0.0
2005-10-17 00:00:00-04:00,2.3407652378082275,2.3407652378082275,2.3407652378082275,2.3407652378082275,0,0.0,0.0
2005-10-18 00:00:00-04:00,2.3407652378082275,2.3407652378082275,2.3407652378082275,2.3407652378082275,0,0.0,0.0
2005-10-19 00:00:00-04:00,2.3280448537116563,2.3280448537116563,2.325500726699829,2.325500726699829,800,0.0,0.0
2005-10-20 00:00:00-04:00,2.3153228759765625,2.3153228759765625,2.3153228759765625,2.3153228759765625,200,0.0,0.0
2005-10-21 00:00:00-04:00,2.2975130416528784,2.302601780734817,2.294968914756344,2.3000574111938477,6300,0.0,0.0
2005-10-24 00:00:00-04:00,2.3127781039057207,2.320410966873169,2.3127781039057207,2.320410966873169,1100,0.0,0.0
2005-10-25 00:00:00-04:00,2.320410966873169,2.320410966873169,2.320410966873169,2.320410966873169,0,0.0,0.0
2005-10-26 00:00:00-04:00,2.3178672790527344,2.3178672790527344,2.3178672790527344,2.3178672790527344,600,0.0,0.0
2005-10-27 00:00:00-04:00,2.3026009223700483,2.3026009223700483,2.2644361214159083,2.289879322052002,1400,0.0,0.0
2005-10-28 00:00:00-04:00,2.315323053927707,2.3280444145202637,2.315323053927707,2.3280444145202637,2000,0.0,0.0
2005-10-31 00:00:00-05:00,2.3280444145202637,2.3280444145202637,2.3280444145202637,2.3280444145202637,0,0.0,0.0
2005-11-01 00:00:00-05:00,2.325500726699829,2.325500726699829,2.325500726699829,2.325500726699829,800,0.0,0.0
2005-11-02 00:00:00-05:00,2.325500726699829,2.325500726699829,2.325500726699829,2.325500726699829,0,0.0,0.0
2005-11-03 00:00:00-05:00,2.30260181427002,2.30260181427002,2.30260181427002,2.3026018142700195,500,0.0,0.0
2005-11-04 00:00:00-05:00,2.30260181427002,2.30260181427002,2.30260181427002,2.3026018142700195,500,0.0,0.0
2005-11-07 00:00:00-05:00,2.30260181427002,2.30260181427002,2.30260181427002,2.3026018142700195,0,0.0,0.0
2005-11-08 00:00:00-05:00,2.289880580316079,2.294969320297241,2.289880580316079,2.294969320297241,2100,0.0,0.0
2005-11-09 00:00:00-05:00,2.297512535755931,2.3153228759765625,2.297512535755931,2.3153228759765625,1200,0.0,0.0
2005-11-10 00:00:00-05:00,2.3153228759765625,2.3153228759765625,2.3153228759765625,2.3153228759765625,0,0.0,0.0
2005-11-11 00:00:00-05:00,2.302601082885552,2.302601082885552,2.251714920710409,2.2669806480407715,6200,0.0,0.0
2005-11-14 00:00:00-05:00,2.2695260047912598,2.2771588717792164,2.2695260047912598,2.2695260047912598,2500,0.0,0.0
2005-11-15 00:00:00-05:00,2.2695260047912598,2.2695260047912598,2.2695260047912598,2.2695260047912598,0,0.0,0.0
2005-11-16 00:00:00-05:00,2.2695260047912598,2.2695260047912598,2.2695260047912598,2.2695260047912598,0,0.0,0.0
2005-11-17 00:00:00-05:00,2.256803057442423,2.256803057442423,2.2389929641687436,2.24153733253479,1200,0.0,0.0
2005-11-18 00:00:00-05:00,2.2339052104016703,2.2339052104016703,2.2262723445892334,2.2262723445892334,1200,0.0,0.0
2005-11-21 00:00:00-05:00,2.236449003219604,2.236449003219604,2.236449003219604,2.2364490032196045,100,0.0,0.0
2005-11-22 00:00:00-05:00,2.233905553817749,2.233905553817749,2.23136142658545,2.233905553817749,2100,0.0,0.0
2005-11-23 00:00:00-05:00,2.233905553817749,2.233905553817749,2.233905553817749,2.233905553817749,0,0.0,0.0
2005-11-25 00:00:00-05:00,2.2313601017149267,2.24662582662256,2.2313601017149267,2.24153733253479,2200,0.0,0.0
2005-11-28 00:00:00-05:00,2.2389929641687436,2.2415373325347896,2.2389929641687436,2.24153733253479,300,0.0,0.0
2005-11-29 00:00:00-05:00,2.2440819108217602,2.256803512573242,2.2440819108217602,2.256803512573242,1600,0.0,0.0
2005-11-30 00:00:00-05:00,2.256803512573242,2.256803512573242,2.256803512573242,2.256803512573242,0,0.0,0.0
2005-12-01 00:00:00-05:00,2.27715802192688,2.27715802192688,2.27715802192688,2.27715802192688,100,0.0,0.0
2005-12-02 00:00:00-05:00,2.27715802192688,2.27715802192688,2.27715802192688,2.27715802192688,0,0.0,0.0
2005-12-05 00:00:00-05:00,2.256803512573242,2.256803512573242,2.256803512573242,2.256803512573242,1000,0.0,0.0
2005-12-06 00:00:00-05:00,2.2644364199317715,2.27715802192688,2.2644364199317715,2.27715802192688,900,0.0,0.0
2005-12-07 00:00:00-05:00,2.2797020903264333,2.289879322052002,2.2644361214159083,2.289879322052002,4600,0.0,0.0
2005-12-08 00:00:00-05:00,2.289879322052002,2.289879322052002,2.289879322052002,2.289879322052002,100,0.0,0.0
2005-12-09 00:00:00-05:00,2.2822473429346917,2.30260181427002,2.2746142342006155,2.3026018142700195,1400,0.0,0.0
2005-12-12 00:00:00-05:00,2.3287105696968085,2.3287105696968085,2.3076124191284175,2.307612419128418,2100,0.319,0.0
2005-12-13 00:00:00-05:00,2.3181615421485615,2.320798873901367,2.3181615421485615,2.320798873901367,400,0.0,0.0
2005-12-14 00:00:00-05:00,2.2944260455777483,2.3418970108032227,2.2944260455777483,2.3418970108032227,2900,0.0,0.0
2005-12-15 00:00:00-05:00,2.3418970108032227,2.3418970108032227,2.3418970108032227,2.3418970108032227,0,0.0,0.0
2005-12-16 00:00:00-05:00,2.3207988953452707,2.3207988953452707,2.2680535173507925,2.289151668548584,3600,0.0,0.0
2005-12-19 00:00:00-05:00,2.289151668548584,2.289151668548584,2.289151668548584,2.289151668548584,0,0.0,0.0
2005-12-20 00:00:00-05:00,2.291788666518775,2.291788666518775,2.24168062210083,2.24168062210083,7600,0.0,0.0
2005-12-21 00:00:00-05:00,2.254866361618042,2.254866361618042,2.254866361618042,2.254866361618042,500,0.0,0.0
2005-12-22 00:00:00-05:00,2.2495923042297363,2.2495923042297363,2.2495923042297363,2.2495923042297363,1500,0.0,0.0
2005-12-23 00:00:00-05:00,2.2495923042297363,2.2495923042297363,2.2495923042297363,2.2495923042297363,0,0.0,0.0
2005-12-27 00:00:00-05:00,2.244317953783299,2.244317953783299,2.24168062210083,2.24168062210083,2100,0.0,0.0
2005-12-28 00:00:00-05:00,2.2416797956212853,2.2416797956212853,2.175748036926542,2.23640513420105,9600,0.0,0.0
2005-12-29 00:00:00-05:00,2.24168062210083,2.24168062210083,2.24168062210083,2.24168062210083,100,0.0,0.0
2005-12-30 00:00:00-05:00,2.24168062210083,2.24168062210083,2.24168062210083,2.24168062210083,0,0.0,0.0
2006-01-03 00:00:00-05:00,2.24168062210083,2.24168062210083,2.24168062210083,2.24168062210083,0,0.0,0.0
2006-01-04 00:00:00-05:00,2.244317967423246,2.3076124191284175,2.244317967423246,2.307612419128418,4100,0.0,0.0
2006-01-05 00:00:00-05:00,2.3207986840800428,2.341896833357243,2.3207986840800428,2.3339850902557373,4000,0.0,0.0
2006-01-06 00:00:00-05:00,2.378817865530901,2.3840922751999787,2.3656314640936733,2.3814549446105957,5900,0.0,0.0
2006-01-09 00:00:00-05:00,2.3840927890867767,2.4262890815734863,2.3840927890867767,2.4262890815734863,3000,0.0,0.0
2006-01-10 00:00:00-05:00,2.4104661869032777,2.4210152626037598,2.4104661869032777,2.4210152626037598,300,0.0,0.0
2006-01-11 00:00:00-05:00,2.4210152626037598,2.4210152626037598,2.4210152626037598,2.4210152626037598,0,0.0,0.0
2006-01-12 00:00:00-05:00,2.407828937390757,2.4104662692834617,2.4025542736053467,2.4025542736053467,3700,0.0,0.0
2006-01-13 00:00:00-05:00,2.405191605498052,2.405191605498052,2.4025542736053467,2.4025542736053467,1600,0.0,0.0
2006-01-17 00:00:00-05:00,2.3893678188323975,2.3893678188323975,2.3893678188323975,2.3893678188323975,400,0.0,0.0
2006-01-18 00:00:00-05:00,2.3735440809616826,2.3999168935762802,2.3735440809616826,2.3893678188323975,13700,0.0,0.0
2006-01-19 00:00:00-05:00,2.389367220206475,2.4157397747039795,2.389367220206475,2.4157397747039795,1100,0.0,0.0
2006-01-20 00:00:00-05:00,2.4183777603650003,2.4394759102790635,2.415740428748296,2.423652172088623,4100,0.0,0.0
2006-01-23 00:00:00-05:00,2.426288422198644,2.4289257526397705,2.426288422198644,2.4289257526397705,300,0.0,0.0
2006-01-24 00:00:00-05:00,2.4289257526397705,2.4289257526397705,2.4289257526397705,2.4289257526397705,0,0.0,0.0
2006-01-25 00:00:00-05:00,2.4210152626037598,2.4210152626037598,2.4210152626037598,2.4210152626037598,200,0.0,0.0
2006-01-26 00:00:00-05:00,2.4210152626037598,2.4210152626037598,2.4210152626037598,2.4210152626037598,0,0.0,0.0
2006-01-27 00:00:00-05:00,2.3999160072265893,2.3999160072265893,2.378817865530901,2.3814549446105957,6100,0.0,0.0
2006-01-30 00:00:00-05:00,2.3920044898986816,2.3920044898986816,2.3920044898986816,2.3920044898986816,1600,0.0,0.0
2006-01-31 00:00:00-05:00,2.3761805904892044,2.399916063329137,2.3761805904892044,2.384092330932617,3000,0.0,0.0
2006-02-01 00:00:00-05:00,2.378818695569072,2.378818695569072,2.3761813640594482,2.3761813640594482,1400,0.0,0.0
2006-02-02 00:00:00-05:00,2.370906829833984,2.370906829833984,2.370906829833984,2.3709068298339844,800,0.0,0.0
2006-02-03 00:00:00-05:00,2.3735442636069566,2.386730670928955,2.3735442636069566,2.386730670928955,400,0.0,0.0
2006-02-06 00:00:00-05:00,2.386730670928955,2.386730670928955,2.386730670928955,2.386730670928955,2100,0.0,0.0
2006-02-07 00:00:00-05:00,2.3972790241241455,2.3972790241241455,2.3972790241241455,2.3972790241241455,300,0.0,0.0
2006-02-08 00:00:00-05:00,2.3972790241241455,2.3972790241241455,2.3972790241241455,2.3972790241241455,0,0.0,0.0
2006-02-09 00:00:00-05:00,2.381455289803876,2.3972790241241455,2.381455289803876,2.3972790241241455,1200,0.0,0.0
2006-02-10 00:00:00-05:00,2.386730847103164,2.3946425914764404,2.386730847103164,2.3946425914764404,400,0.0,0.0
2006-02-13 00:00:00-05:00,2.3814554813605153,2.3814554813605153,2.3682690769512393,2.3735437393188477,1100,0.0,0.0
2006-02-14 00:00:00-05:00,2.3735437393188477,2.3735437393188477,2.3735437393188477,2.3735437393188477,0,0.0,0.0
2006-02-15 00:00:00-05:00,2.368269443511963,2.368269443511963,2.368269443511963,2.368269443511963,500,0.0,0.0
2006-02-16 00:00:00-05:00,2.368269443511963,2.368269443511963,2.368269443511963,2.368269443511963,0,0.0,0.0
2006-02-17 00:00:00-05:00,2.3735437393188477,2.399916548137399,2.3735437393188477,2.3735437393188477,1600,0.0,0.0
2006-02-21 00:00:00-05:00,2.3735437393188477,2.3735437393188477,2.3735437393188477,2.3735437393188477,0,0.0,0.0
2006-02-22 00:00:00-05:00,2.3735437746907526,2.41837739944458,2.3550829591484996,2.41837739944458,4400,0.0,0.0
2006-02-23 00:00:00-05:00,2.41837739944458,2.41837739944458,2.41837739944458,2.41837739944458,0,0.0,0.0
2006-02-24 00:00:00-05:00,2.405190994838793,2.41837739944458,2.405190994838793,2.41837739944458,900,0.0,0.0
2006-02-27 00:00:00-05:00,2.4368384374065806,2.4500248432159424,2.4368384374065806,2.4500248432159424,600,0.0,0.0
2006-02-28 00:00:00-05:00,2.436838585232457,2.436838585232457,2.4131031036376953,2.4131031036376953,400,0.0,0.0
2006-03-01 00:00:00-05:00,2.4131031036376953,2.4131031036376953,2.4131031036376953,2.4131031036376953,0,0.0,0.0
2006-03-02 00:00:00-05:00,2.4131031036376953,2.4131031036376953,2.4131031036376953,2.4131031036376953,0,0.0,0.0
2006-03-03 00:00:00-05:00,2.4131031036376953,2.4131031036376953,2.4131031036376953,2.4131031036376953,0,0.0,0.0
2006-03-06 00:00:00-05:00,2.399916410446167,2.399916410446167,2.386730006793439,2.399916410446167,900,0.0,0.0
2006-03-07 00:00:00-05:00,2.3761805349415175,2.3814549446105957,2.3761805349415175,2.3814549446105957,700,0.0,0.0
2006-03-08 00:00:00-05:00,2.370906829833984,2.370906829833984,2.370906829833984,2.3709068298339844,1000,0.0,0.0
2006-03-09 00:00:00-05:00,2.370906829833984,2.370906829833984,2.370906829833984,2.3709068298339844,0,0.0,0.0
2006-03-10 00:00:00-05:00,2.368269443511963,2.368269443511963,2.368269443511963,2.368269443511963,1200,0.0,0.0
2006-03-13 00:00:00-05:00,2.368269443511963,2.368269443511963,2.368269443511963,2.368269443511963,0,0.0,0.0
2006-03-14 00:00:00-05:00,2.368269443511963,2.368269443511963,2.368269443511963,2.368269443511963,0,0.0,0.0
2006-03-15 00:00:00-05:00,2.362994909286499,2.362994909286499,2.362994909286499,2.362994909286499,800,0.0,0.0
2006-03-16 00:00:00-05:00,2.3656323634297363,2.368269443511963,2.3656323634297363,2.368269443511963,200,0.0,0.0
2006-03-17 00:00:00-05:00,2.3682685431733685,2.3814549446105957,2.3682685431733685,2.3814549446105957,400,0.0,0.0
2006-03-20 00:00:00-05:00,2.381455546772198,2.381455546772198,2.3550829887390137,2.3550829887390137,3000,0.0,0.0
2006-03-21 00:00:00-05:00,2.370906829833984,2.370906829833984,2.370906829833984,2.3709068298339844,1000,0.0,0.0
2006-03-22 00:00:00-05:00,2.3867307852687416,2.4025542736053467,2.3867307852687416,2.4025542736053467,1000,0.0,0.0
2006-03-23 00:00:00-05:00,2.4025542736053467,2.4025542736053467,2.4025542736053467,2.4025542736053467,0,0.0,0.0
2006-03-24 00:00:00-05:00,2.3867307036997425,2.4210152626037598,2.3867307036997425,2.4210152626037598,1700,0.0,0.0
2006-03-27 00:00:00-05:00,2.4210152626037598,2.4210152626037598,2.4210152626037598,2.4210152626037598,0,0.0,0.0
2006-03-28 00:00:00-05:00,2.4210152626037598,2.4210152626037598,2.4210152626037598,2.4210152626037598,0,0.0,0.0
2006-03-29 00:00:00-05:00,2.4210152626037598,2.4210152626037598,2.4210152626037598,2.4210152626037598,0,0.0,0.0
2006-03-30 00:00:00-05:00,2.4210152626037598,2.4210152626037598,2.4210152626037598,2.4210152626037598,0,0.0,0.0
2006-03-31 00:00:00-05:00,2.399916410446167,2.399916410446167,2.399916410446167,2.399916410446167,500,0.0,0.0
2006-04-03 00:00:00-04:00,2.399916410446167,2.399916410446167,2.399916410446167,2.399916410446167,0,0.0,0.0
2006-04-04 00:00:00-04:00,2.386730670928955,2.386730670928955,2.386730670928955,2.386730670928955,300,0.0,0.0
2006-04-05 00:00:00-04:00,2.386730670928955,2.386730670928955,2.386730670928955,2.386730670928955,0,0.0,0.0
2006-04-06 00:00:00-04:00,2.386730670928955,2.386730670928955,2.386730670928955,2.386730670928955,0,0.0,0.0
2006-04-07 00:00:00-04:00,2.3735439284243434,2.3735439284243434,2.3603575229644775,2.3603575229644775,1500,0.0,0.0
2006-04-10 00:00:00-04:00,2.3603575229644775,2.3603575229644775,2.3603575229644775,2.3603575229644775,0,0.0,0.0
2006-04-11 00:00:00-04:00,2.3603575229644775,2.3603575229644775,2.3603575229644775,2.3603575229644775,0,0.0,0.0
2006-04-12 00:00:00-04:00,2.3603575229644775,2.3603575229644775,2.3603575229644775,2.3603575229644775,0,0.0,0.0
2006-04-13 00:00:00-04:00,2.3867301437281236,2.3867301437281236,2.3735437393188477,2.3735437393188477,600,0.0,0.0
2006-04-17 00:00:00-04:00,2.3735437393188477,2.3735437393188477,2.3735437393188477,2.3735437393188477,0,0.0,0.0
2006-04-18 00:00:00-04:00,2.386730541928905,2.4131031036376953,2.386730541928905,2.4131031036376953,900,0.0,0.0
2006-04-19 00:00:00-04:00,2.43947604870715,2.43947604870715,2.386730670928955,2.386730670928955,4300,0.0,0.0
2006-04-20 00:00:00-04:00,2.3761813640594482,2.3761813640594482,2.3761813640594482,2.3761813640594482,1000,0.0,0.0
2006-04-21 00:00:00-04:00,2.373543560216026,2.373543560216026,2.3603571568017694,2.3656318187713623,800,0.0,0.0
2006-04-24 00:00:00-04:00,2.3603577002457157,2.368269443511963,2.3524459569794685,2.368269443511963,2100,0.0,0.0
2006-04-25 00:00:00-04:00,2.368269443511963,2.368269443511963,2.368269443511963,2.368269443511963,300,0.0,0.0
2006-04-26 00:00:00-04:00,2.376180891200822,2.376180891200822,2.3656318187713623,2.3656318187713623,1200,0.0,0.0
2006-04-27 00:00:00-04:00,2.3656318187713623,2.3656318187713623,2.3656318187713623,2.3656318187713623,0,0.0,0.0
2006-04-28 00:00:00-04:00,2.3788191027298873,2.3946425914764404,2.3788191027298873,2.3946425914764404,500,0.0,0.0
2006-05-01 00:00:00-04:00,2.3946425914764404,2.3946425914764404,2.3946425914764404,2.3946425914764404,0,0.0,0.0
2006-05-02 00:00:00-04:00,2.3946425914764404,2.3946425914764404,2.3946425914764404,2.3946425914764404,0,0.0,0.0
2006-05-03 00:00:00-04:00,2.3946425914764404,2.3946425914764404,2.3946425914764404,2.3946425914764404,0,0.0,0.0
2006-05-04 00:00:00-04:00,2.3946425914764404,2.3946425914764404,2.3946425914764404,2.3946425914764404,0,0.0,0.0
2006-05-05 00:00:00-04:00,2.3946425914764404,2.3946425914764404,2.3946425914764404,2.3946425914764404,0,0.0,0.0
2006-05-08 00:00:00-04:00,2.3946425914764404,2.3946425914764404,2.3946425914764404,2.3946425914764404,700,0.0,0.0
2006-05-09 00:00:00-04:00,2.3946425914764404,2.3946425914764404,2.3946425914764404,2.3946425914764404,0,0.0,0.0
2006-05-10 00:00:00-04:00,2.3946425914764404,2.3946425914764404,2.3946425914764404,2.3946425914764404,0,0.0,0.0
2006-05-11 00:00:00-04:00,2.3946424005866294,2.4078288078308105,2.3946424005866294,2.4078288078308105,600,0.0,0.0
2006-05-12 00:00:00-04:00,2.4078288078308105,2.4078288078308105,2.4078288078308105,2.4078288078308105,0,0.0,0.0
2006-05-15 00:00:00-04:00,2.386730670928955,2.386730670928955,2.386730670928955,2.386730670928955,1000,0.0,0.0
2006-05-16 00:00:00-04:00,2.386730670928955,2.386730670928955,2.386730670928955,2.386730670928955,0,0.0,0.0
2006-05-17 00:00:00-04:00,2.386730670928955,2.386730670928955,2.386730670928955,2.386730670928955,0,0.0,0.0
2006-05-18 00:00:00-04:00,2.3788187503814693,2.3788187503814693,2.3788187503814693,2.3788187503814697,200,0.0,0.0
2006-05-19 00:00:00-04:00,2.3603575229644775,2.3603575229644775,2.3603575229644775,2.3603575229644775,200,0.0,0.0
2006-05-22 00:00:00-04:00,2.362994909286499,2.362994909286499,2.3603575778312678,2.362994909286499,600,0.0,0.0
2006-05-23 00:00:00-04:00,2.3814549446105957,2.3814549446105957,2.3814549446105957,2.3814549446105957,200,0.0,0.0
2006-05-24 00:00:00-04:00,2.362994909286499,2.362994909286499,2.362994909286499,2.362994909286499,700,0.0,0.0
2006-05-25 00:00:00-04:00,2.362994909286499,2.362994909286499,2.362994909286499,2.362994909286499,0,0.0,0.0
2006-05-26 00:00:00-04:00,2.362994909286499,2.362994909286499,2.362994909286499,2.362994909286499,0,0.0,0.0
2006-05-30 00:00:00-04:00,2.370906829833984,2.370906829833984,2.370906829833984,2.3709068298339844,200,0.0,0.0
2006-05-31 00:00:00-04:00,2.386730670928955,2.386730670928955,2.386730670928955,2.386730670928955,1100,0.0,0.0
2006-06-01 00:00:00-04:00,2.386730670928955,2.386730670928955,2.386730670928955,2.386730670928955,0,0.0,0.0
2006-06-02 00:00:00-04:00,2.386730670928955,2.386730670928955,2.386730670928955,2.386730670928955,0,0.0,0.0
2006-06-05 00:00:00-04:00,2.370906829833984,2.370906829833984,2.370906829833984,2.3709068298339844,400,0.0,0.0
2006-06-06 00:00:00-04:00,2.370906829833984,2.370906829833984,2.370906829833984,2.3709068298339844,0,0.0,0.0
2006-06-07 00:00:00-04:00,2.370906829833984,2.370906829833984,2.370906829833984,2.3709068298339844,0,0.0,0.0
2006-06-08 00:00:00-04:00,2.3735437393188477,2.3735437393188477,2.3735437393188477,2.3735437393188477,800,0.0,0.0
2006-06-09 00:00:00-04:00,2.399916524524164,2.4262890815734863,2.399916524524164,2.4262890815734863,1300,0.0,0.0
2006-06-12 00:00:00-04:00,2.4369442462921143,2.4369442462921143,2.4369442462921143,2.4369442462921143,800,0.319,0.0
2006-06-13 00:00:00-04:00,2.4369442462921143,2.4369442462921143,2.4369442462921143,2.4369442462921143,0,0.0,0.0
2006-06-14 00:00:00-04:00,2.4369442462921143,2.4369442462921143,2.4369442462921143,2.4369442462921143,0,0.0,0.0
2006-06-15 00:00:00-04:00,2.461532354354859,2.461532354354859,2.461532354354859,2.4615323543548584,200,0.0,0.0
2006-06-16 00:00:00-04:00,2.4806554317474365,2.4806554317474365,2.445139408319539,2.4806554317474365,1900,0.0,0.0
2006-06-19 00:00:00-04:00,2.4861204624176025,2.4861204624176025,2.4861204624176025,2.4861204624176025,500,0.0,0.0
2006-06-20 00:00:00-04:00,2.4751923084259038,2.4751923084259038,2.4751923084259038,2.4751923084259033,100,0.0,0.0
2006-06-21 00:00:00-04:00,2.4751923084259038,2.4751923084259038,2.4751923084259038,2.4751923084259033,0,0.0,0.0
2006-06-22 00:00:00-04:00,2.4751923084259038,2.4751923084259038,2.4751923084259038,2.4751923084259033,0,0.0,0.0
2006-06-23 00:00:00-04:00,2.4751923084259038,2.4751923084259038,2.4751923084259038,2.4751923084259033,0,0.0,0.0
2006-06-26 00:00:00-04:00,2.4751923084259038,2.4751923084259038,2.4751923084259038,2.4751923084259033,0,0.0,0.0
2006-06-27 00:00:00-04:00,2.4751923084259038,2.4751923084259038,2.4751923084259038,2.4751923084259033,0,0.0,0.0
2006-06-28 00:00:00-04:00,2.4751923084259038,2.4751923084259038,2.4751923084259038,2.4751923084259033,0,0.0,0.0
2006-06-29 00:00:00-04:00,2.4587996006011963,2.4587996006011963,2.4587996006011963,2.4587996006011963,600,0.0,0.0
2006-06-30 00:00:00-04:00,2.4587996006011963,2.4587996006011963,2.4587996006011963,2.4587996006011963,0,0.0,0.0
2006-07-03 00:00:00-04:00,2.4588001764563914,2.4588001764563914,2.44514012336731,2.4451401233673096,600,0.0,0.0
2006-07-05 00:00:00-04:00,2.44514012336731,2.44514012336731,2.44514012336731,2.4451401233673096,0,0.0,0.0
2006-07-06 00:00:00-04:00,2.4396763090753826,2.4396763090753826,2.4369442462921143,2.4369442462921143,2200,0.0,0.0
2006-07-07 00:00:00-04:00,2.4369442462921143,2.4369442462921143,2.4369442462921143,2.4369442462921143,0,0.0,0.0
2006-07-10 00:00:00-04:00,2.4369442462921143,2.4369442462921143,2.4369442462921143,2.4369442462921143,0,0.0,0.0
2006-07-11 00:00:00-04:00,2.4369442462921143,2.4369442462921143,2.4369442462921143,2.4369442462921143,0,0.0,0.0
2006-07-12 00:00:00-04:00,2.450604677200318,2.450604677200318,2.450604677200318,2.4506046772003174,100,0.0,0.0
2006-07-13 00:00:00-04:00,2.46972918510437,2.46972918510437,2.46972918510437,2.46972918510437,1000,0.0,0.0
2006-07-14 00:00:00-04:00,2.4424073696136475,2.4424073696136475,2.4424073696136475,2.4424073696136475,100,0.0,0.0
2006-07-17 00:00:00-04:00,2.4424073696136475,2.4424073696136475,2.4424073696136475,2.4424073696136475,0,0.0,0.0
2006-07-18 00:00:00-04:00,2.4314800053753642,2.4314800053753642,2.4205520153045654,2.4205520153045654,1500,0.0,0.0
2006-07-19 00:00:00-04:00,2.4287478923797607,2.4287478923797607,2.4287478923797607,2.4287478923797607,400,0.0,0.0
2006-07-20 00:00:00-04:00,2.431479981137932,2.431479981137932,2.4232840538024902,2.4232840538024902,1100,0.0,0.0
2006-07-21 00:00:00-04:00,2.4232840538024902,2.4232840538024902,2.4232840538024902,2.4232840538024902,0,0.0,0.0
2006-07-24 00:00:00-04:00,2.44514012336731,2.44514012336731,2.44514012336731,2.4451401233673096,500,0.0,0.0
2006-07-25 00:00:00-04:00,2.44514012336731,2.44514012336731,2.44514012336731,2.4451401233673096,0,0.0,0.0
2006-07-26 00:00:00-04:00,2.431480495315049,2.450604677200318,2.431480495315049,2.4506046772003174,1300,0.0,0.0
2006-07-27 00:00:00-04:00,2.450604677200318,2.450604677200318,2.450604677200318,2.4506046772003174,0,0.0,0.0
2006-07-28 00:00:00-04:00,2.4314802564625246,2.453336238861084,2.4314802564625246,2.453336238861084,1000,0.0,0.0
2006-07-31 00:00:00-04:00,2.4615320918711214,2.4697280190165434,2.4615320918711214,2.464264154434204,900,0.0,0.0
2006-08-01 00:00:00-04:00,2.4533360670144275,2.4751923084259038,2.4533360670144275,2.4751923084259033,800,0.0,0.0
2006-08-02 00:00:00-04:00,2.4724607467651367,2.4724607467651367,2.4724607467651367,2.4724607467651367,100,0.0,0.0
2006-08-03 00:00:00-04:00,2.4724607467651367,2.4724607467651367,2.4724607467651367,2.4724607467651367,0,0.0,0.0
2006-08-04 00:00:00-04:00,2.475192471264851,2.4861204624176025,2.475192471264851,2.4861204624176025,1800,0.0,0.0
2006-08-07 00:00:00-04:00,2.4888514516980464,2.502511501312256,2.4888514516980464,2.502511501312256,600,0.0,0.0
2006-08-08 00:00:00-04:00,2.502511501312256,2.502511501312256,2.502511501312256,2.502511501312256,0,0.0,0.0
2006-08-09 00:00:00-04:00,2.502511501312256,2.502511501312256,2.502511501312256,2.502511501312256,0,0.0,0.0
2006-08-10 00:00:00-04:00,2.502511501312256,2.502511501312256,2.502511501312256,2.502511501312256,0,0.0,0.0
2006-08-11 00:00:00-04:00,2.4970483779907227,2.4970483779907227,2.4970483779907227,2.4970483779907227,200,0.0,0.0
2006-08-14 00:00:00-04:00,2.4970483779907227,2.4970483779907227,2.4970483779907227,2.4970483779907227,0,0.0,0.0
2006-08-15 00:00:00-04:00,2.4970483779907227,2.4970483779907227,2.4970483779907227,2.4970483779907227,0,0.0,0.0
2006-08-16 00:00:00-04:00,2.49977970123291,2.49977970123291,2.49977970123291,2.49977970123291,200,0.0,0.0
2006-08-17 00:00:00-04:00,2.49977970123291,2.49977970123291,2.49977970123291,2.49977970123291,0,0.0,0.0
2006-08-18 00:00:00-04:00,2.4806554317474365,2.4806554317474365,2.4806554317474365,2.4806554317474365,500,0.0,0.0
2006-08-21 00:00:00-04:00,2.4806554317474365,2.4806554317474365,2.4806554317474365,2.4806554317474365,0,0.0,0.0
2006-08-22 00:00:00-04:00,2.4806554317474365,2.4806554317474365,2.4806554317474365,2.4806554317474365,0,0.0,0.0
2006-08-23 00:00:00-04:00,2.4724612489574027,2.4724612489574027,2.46972918510437,2.46972918510437,1000,0.0,0.0
2006-08-24 00:00:00-04:00,2.46972918510437,2.46972918510437,2.46972918510437,2.46972918510437,0,0.0,0.0
2006-08-25 00:00:00-04:00,2.477923631668091,2.477923631668091,2.477923631668091,2.477923631668091,200,0.0,0.0
2006-08-28 00:00:00-04:00,2.477923631668091,2.477923631668091,2.477923631668091,2.477923631668091,0,0.0,0.0
2006-08-29 00:00:00-04:00,2.477923631668091,2.477923631668091,2.477923631668091,2.477923631668091,0,0.0,0.0
2006-08-30 00:00:00-04:00,2.5079759560324857,2.5243678092956547,2.5079759560324857,2.5243678092956543,1200,0.0,0.0
2006-08-31 00:00:00-04:00,2.5243678092956547,2.5243678092956547,2.5243678092956547,2.5243678092956543,0,0.0,0.0
2006-09-01 00:00:00-04:00,2.5243678092956547,2.5243678092956547,2.5243678092956547,2.5243678092956543,0,0.0,0.0
2006-09-05 00:00:00-04:00,2.5243678092956547,2.5243678092956547,2.5243678092956547,2.5243678092956543,0,0.0,0.0
2006-09-06 00:00:00-04:00,2.5243678092956547,2.5243678092956547,2.5243678092956547,2.5243678092956543,0,0.0,0.0
2006-09-07 00:00:00-04:00,2.565348148345947,2.565348148345947,2.565348148345947,2.5653481483459473,1500,0.0,0.0
2006-09-08 00:00:00-04:00,2.49977970123291,2.49977970123291,2.49977970123291,2.49977970123291,1000,0.0,0.0
2006-09-11 00:00:00-04:00,2.5954003578137885,2.622720465797793,2.5653484474664707,2.592668294906616,8500,0.0,0.0
2006-09-12 00:00:00-04:00,2.6090604855173813,2.6500403881073,2.6090604855173813,2.6500403881073,1200,0.0,0.0
2006-09-13 00:00:00-04:00,2.6227206449630844,2.6227206449630844,2.5680804252624507,2.568080425262451,1800,0.0,0.0
2006-09-14 00:00:00-04:00,2.6008644104003906,2.6008644104003906,2.6008644104003906,2.6008644104003906,300,0.0,0.0
2006-09-15 00:00:00-04:00,2.609060525894165,2.609060525894165,2.609060525894165,2.609060525894165,2400,0.0,0.0
2006-09-18 00:00:00-04:00,2.6008644104003906,2.6008644104003906,2.6008644104003906,2.6008644104003906,300,0.0,0.0
2006-09-19 00:00:00-04:00,2.6008644104003906,2.6008644104003906,2.6008644104003906,2.6008644104003906,0,0.0,0.0
2006-09-20 00:00:00-04:00,2.609059360675422,2.6773593425750732,2.584471325504547,2.6773593425750732,1900,0.0,0.0
2006-09-21 00:00:00-04:00,2.6500403881073,2.6500403881073,2.6500403881073,2.6500403881073,200,0.0,0.0
2006-09-22 00:00:00-04:00,2.636379718780517,2.636379718780517,2.636379718780517,2.6363797187805176,400,0.0,0.0
2006-09-25 00:00:00-04:00,2.622720133405438,2.622720133405438,2.570811986923218,2.5708119869232178,1700,0.0,0.0
2006-09-26 00:00:00-04:00,2.6227203271285364,2.6227203271285364,2.5762763023376465,2.5762763023376465,1600,0.0,0.0
2006-09-27 00:00:00-04:00,2.5762763023376465,2.5762763023376465,2.5762763023376465,2.5762763023376465,0,0.0,0.0
2006-09-28 00:00:00-04:00,2.622720441131605,2.622720441131605,2.595400333404541,2.595400333404541,900,0.0,0.0
2006-09-29 00:00:00-04:00,2.573544551450065,2.573544551450065,2.5680804252624507,2.568080425262451,5000,0.0,0.0
2006-10-02 00:00:00-04:00,2.5680804252624507,2.5680804252624507,2.5680804252624507,2.568080425262451,400,0.0,0.0
2006-10-03 00:00:00-04:00,2.595400333404541,2.595400333404541,2.595400333404541,2.595400333404541,3500,0.0,0.0
2006-10-04 00:00:00-04:00,2.595400333404541,2.595400333404541,2.595400333404541,2.595400333404541,0,0.0,0.0
2006-10-05 00:00:00-04:00,2.5762765512061057,2.609060525894165,2.5735444881794662,2.609060525894165,4200,0.0,0.0
2006-10-06 00:00:00-04:00,2.609060525894165,2.609060525894165,2.609060525894165,2.609060525894165,0,0.0,0.0
2006-10-09 00:00:00-04:00,2.609060525894165,2.622720580483491,2.609060525894165,2.609060525894165,3800,0.0,0.0
2006-10-10 00:00:00-04:00,2.622720580483491,2.622720580483491,2.609060525894165,2.609060525894165,3000,0.0,0.0
2006-10-11 00:00:00-04:00,2.6227205534669245,2.6227205534669245,2.6145243644714355,2.6145243644714355,3200,0.0,0.0
2006-10-12 00:00:00-04:00,2.6090604258994183,2.6227204799652095,2.600864497677488,2.62272047996521,4400,0.0,0.0
2006-10-13 00:00:00-04:00,2.6199883782501274,2.6199883782501274,2.595400333404541,2.595400333404541,2900,0.0,0.0
2006-10-16 00:00:00-04:00,2.5954002583117863,2.6063282489776607,2.5954002583117863,2.606328248977661,2700,0.0,0.0
2006-10-17 00:00:00-04:00,2.609060525894165,2.609060525894165,2.609060525894165,2.609060525894165,500,0.0,0.0
2006-10-18 00:00:00-04:00,2.718339765386627,2.718339765386627,2.636379718780517,2.6363797187805176,8700,0.0,0.0
2006-10-19 00:00:00-04:00,2.6227204799652095,2.6500403275529316,2.6227204799652095,2.62272047996521,2800,0.0,0.0
2006-10-20 00:00:00-04:00,2.655504453396792,2.677360435684514,2.6145242911994186,2.62272047996521,4900,0.0,0.0
2006-10-23 00:00:00-04:00,2.663700006576418,2.81396005905616,2.663700006576418,2.7811760902404785,11700,0.0,0.0
2006-10-24 00:00:00-04:00,2.7265357971191406,2.7265357971191406,2.7265357971191406,2.7265357971191406,500,0.0,0.0
2006-10-25 00:00:00-04:00,2.7019476890563965,2.7019476890563965,2.7019476890563965,2.7019476890563965,400,0.0,0.0
2006-10-26 00:00:00-04:00,2.6773593425750732,2.6773593425750732,2.6773593425750732,2.6773593425750732,1200,0.0,0.0
2006-10-27 00:00:00-04:00,2.6773593425750732,2.6773593425750732,2.6773593425750732,2.6773593425750732,0,0.0,0.0
2006-10-30 00:00:00-05:00,2.6773593425750732,2.6773593425750732,2.6773593425750732,2.6773593425750732,400,0.0,0.0
2006-10-31 00:00:00-05:00,2.6773593425750732,2.6773593425750732,2.6773593425750732,2.6773593425750732,0,0.0,0.0
2006-11-01 00:00:00-05:00,2.65550446510315,2.65550446510315,2.65550446510315,2.6555044651031494,500,0.0,0.0
2006-11-02 00:00:00-05:00,2.65550446510315,2.65550446510315,2.65550446510315,2.6555044651031494,0,0.0,0.0
2006-11-03 00:00:00-05:00,2.688288663994634,2.6937525297766673,2.677360671886684,2.6910207271575928,4200,0.0,0.0
2006-11-06 00:00:00-05:00,2.7019476890563965,2.7019476890563965,2.7019476890563965,2.7019476890563965,1500,0.0,0.0
2006-11-07 00:00:00-05:00,2.647307183791224,2.6773593425750732,2.6363791971090302,2.6773593425750732,8300,0.0,0.0
2006-11-08 00:00:00-05:00,2.67735988557988,2.7046797275543217,2.67735988557988,2.7046797275543213,1200,0.0,0.0
2006-11-09 00:00:00-05:00,2.688288387023931,2.688288387023931,2.6637003421783447,2.6637003421783447,400,0.0,0.0
2006-11-10 00:00:00-05:00,2.6637003421783447,2.6637003421783447,2.6637003421783447,2.6637003421783447,0,0.0,0.0
2006-11-13 00:00:00-05:00,2.6664324050598225,2.6664324050598225,2.6637003421783447,2.6637003421783447,2000,0.0,0.0
2006-11-14 00:00:00-05:00,2.6773593425750732,2.6773593425750732,2.6636992940863924,2.6773593425750732,5900,0.0,0.0
2006-11-15 00:00:00-05:00,2.6773593425750732,2.6773593425750732,2.6773593425750732,2.6773593425750732,0,0.0,0.0
2006-11-16 00:00:00-05:00,2.7046797275543217,2.7046797275543217,2.7046797275543217,2.7046797275543213,1500,0.0,0.0
2006-11-17 00:00:00-05:00,2.6773593425750732,2.6773593425750732,2.6773593425750732,2.6773593425750732,2500,0.0,0.0
2006-11-20 00:00:00-05:00,2.677360396041877,2.677360396041877,2.6527723511962904,2.6637003421783447,1500,0.0,0.0
2006-11-21 00:00:00-05:00,2.652771282235079,2.652771282235079,2.644575357437134,2.644575357437134,2500,0.0,0.0
2006-11-22 00:00:00-05:00,2.666432505469587,2.666432505469587,2.6500403881073,2.6500403881073,5900,0.0,0.0
2006-11-24 00:00:00-05:00,2.6500403881073,2.6500403881073,2.6500403881073,2.6500403881073,0,0.0,0.0
2006-11-27 00:00:00-05:00,2.6500403881073,2.6500403881073,2.6500403881073,2.6500403881073,6700,0.0,0.0
2006-11-28 00:00:00-05:00,2.677359872355475,2.677359872355475,2.636379718780517,2.6363797187805176,7000,0.0,0.0
2006-11-29 00:00:00-05:00,2.636379718780517,2.636379718780517,2.636379718780517,2.6363797187805176,0,0.0,0.0
2006-11-30 00:00:00-05:00,2.636379718780517,2.636379718780517,2.636379718780517,2.6363797187805176,0,0.0,0.0
2006-12-01 00:00:00-05:00,2.6445765226824487,2.6500403881073,2.6445765226824487,2.6500403881073,1100,0.0,0.0
2006-12-04 00:00:00-05:00,2.6500403881073,2.6500403881073,2.6500403881073,2.6500403881073,0,0.0,0.0
2006-12-05 00:00:00-05:00,2.6500403881073,2.6500403881073,2.6500403881073,2.6500403881073,1300,0.0,0.0
2006-12-06 00:00:00-05:00,2.6500403881073,2.6500403881073,2.6500403881073,2.6500403881073,0,0.0,0.0
2006-12-07 00:00:00-05:00,2.6500403881073,2.6500403881073,2.6500403881073,2.6500403881073,0,0.0,0.0
2006-12-08 00:00:00-05:00,2.647308325122941,2.6500403881073,2.6418444596980897,2.6500403881073,8100,0.0,0.0
2006-12-11 00:00:00-05:00,2.6500403881073,2.6500403881073,2.6500403881073,2.6500403881073,11300,0.0,0.0
2006-12-12 00:00:00-05:00,2.7316799021887834,2.7316799021887834,2.6525827318536237,2.655407428741455,19500,0.319,0.0
2006-12-13 00:00:00-05:00,2.655407428741455,2.655407428741455,2.655407428741455,2.655407428741455,5000,0.0,0.0
2006-12-14 00:00:00-05:00,2.655407316320892,2.67518181012021,2.655407316320892,2.6723568439483643,9500,0.0,0.0
2006-12-15 00:00:00-05:00,2.683656930923462,2.683656930923462,2.683656930923462,2.683656930923462,5000,0.0,0.0
2006-12-18 00:00:00-05:00,2.6780068874359135,2.6780068874359135,2.669532257119725,2.678006887435913,4000,0.0,0.0
2006-12-19 00:00:00-05:00,2.6723572786890943,2.6808319091796875,2.6723572786890943,2.6808319091796875,900,0.0,0.0
2006-12-20 00:00:00-05:00,2.709080980934672,2.709080980934672,2.6780068874359135,2.678006887435913,2300,0.0,0.0
2006-12-21 00:00:00-05:00,2.6893067537290185,2.6949564174719307,2.6780068874359135,2.678006887435913,32600,0.0,0.0
2006-12-22 00:00:00-05:00,2.6977814949669474,2.6977814949669474,2.683656930923462,2.683656930923462,1200,0.0,0.0
2006-12-26 00:00:00-05:00,2.6893062591552734,2.6893062591552734,2.6893062591552734,2.6893062591552734,400,0.0,0.0
2006-12-27 00:00:00-05:00,2.683656930923462,2.6977814949669474,2.683656930923462,2.683656930923462,12800,0.0,0.0
2006-12-28 00:00:00-05:00,2.692130804061889,2.692130804061889,2.692130804061889,2.6921308040618896,1100,0.0,0.0
2006-12-29 00:00:00-05:00,2.692130804061889,2.692130804061889,2.692130804061889,2.6921308040618896,0,0.0,0.0
2007-01-03 00:00:00-05:00,2.6977806091308594,2.6977806091308594,2.6977806091308594,2.6977806091308594,1400,0.0,0.0
2007-01-04 00:00:00-05:00,2.6977806091308594,2.6977806091308594,2.6977806091308594,2.6977806091308594,0,0.0,0.0
2007-01-05 00:00:00-05:00,2.6977806091308594,2.6977806091308594,2.6977806091308594,2.6977806091308594,100,0.0,0.0
2007-01-08 00:00:00-05:00,2.6977806091308594,2.6977806091308594,2.6977806091308594,2.6977806091308594,0,0.0,0.0
2007-01-09 00:00:00-05:00,2.692131138918273,2.692131138918273,2.686481475830078,2.686481475830078,2100,0.0,0.0
2007-01-10 00:00:00-05:00,2.6977810304272305,2.6977810304272305,2.694956064224243,2.694956064224243,1500,0.0,0.0
2007-01-11 00:00:00-05:00,2.69495652827752,2.69495652827752,2.683656930923462,2.683656930923462,2500,0.0,0.0
2007-01-12 00:00:00-05:00,2.6977808162964836,2.6977808162964836,2.6751816272735596,2.6751816272735596,2000,0.0,0.0
2007-01-16 00:00:00-05:00,2.697781384045207,2.697781384045207,2.6780068874359135,2.678006887435913,3200,0.0,0.0
2007-01-17 00:00:00-05:00,2.6780068874359135,2.6780068874359135,2.6780068874359135,2.678006887435913,0,0.0,0.0
2007-01-18 00:00:00-05:00,2.686481015487106,2.6977806091308594,2.686481015487106,2.6977806091308594,600,0.0,0.0
2007-01-19 00:00:00-05:00,2.683656930923462,2.6977814949669474,2.683656930923462,2.683656930923462,3300,0.0,0.0
2007-01-22 00:00:00-05:00,2.692130804061889,2.692130804061889,2.692130804061889,2.6921308040618896,500,0.0,0.0
2007-01-23 00:00:00-05:00,2.6921309558054367,2.6921309558054367,2.6893062591552734,2.6893062591552734,500,0.0,0.0
2007-01-24 00:00:00-05:00,2.689305981248935,2.6977806091308594,2.689305981248935,2.6977806091308594,4700,0.0,0.0
2007-01-25 00:00:00-05:00,2.689305981248935,2.6977806091308594,2.689305981248935,2.6977806091308594,9300,0.0,0.0
2007-01-26 00:00:00-05:00,2.6949556433690303,2.6977806091308594,2.6949556433690303,2.6977806091308594,800,0.0,0.0
2007-01-29 00:00:00-05:00,2.686481475830078,2.686481475830078,2.686481475830078,2.686481475830078,300,0.0,0.0
2007-01-30 00:00:00-05:00,2.6893062591552734,2.7034305506168628,2.6893062591552734,2.6893062591552734,600,0.0,0.0
2007-01-31 00:00:00-05:00,2.686481475830078,2.686481475830078,2.686481475830078,2.686481475830078,500,0.0,0.0
2007-02-01 00:00:00-05:00,2.6977806091308594,2.6977806091308594,2.6977806091308594,2.6977806091308594,1400,0.0,0.0
2007-02-02 00:00:00-05:00,2.686481015487106,2.6977806091308594,2.686481015487106,2.6977806091308594,1200,0.0,0.0
2007-02-05 00:00:00-05:00,2.6977806091308594,2.6977806091308594,2.6977806091308594,2.6977806091308594,0,0.0,0.0
2007-02-06 00:00:00-05:00,2.7006055748926885,2.7006055748926885,2.6977806091308594,2.6977806091308594,9300,0.0,0.0
2007-02-07 00:00:00-05:00,2.6977806091308594,2.6977806091308594,2.6977806091308594,2.6977806091308594,1000,0.0,0.0
2007-02-08 00:00:00-05:00,2.689305981248935,2.6977806091308594,2.689305981248935,2.6977806091308594,1500,0.0,0.0
2007-02-09 00:00:00-05:00,2.7260294585384615,2.737329052182215,2.692130677607201,2.6977806091308594,3700,0.0,0.0
2007-02-12 00:00:00-05:00,2.711905168536442,2.711905168536442,2.6977806091308594,2.6977806091308594,1000,0.0,0.0
2007-02-13 00:00:00-05:00,2.7373298472990033,2.7373298472990033,2.7119059562683105,2.7119059562683105,2700,0.0,0.0
2007-02-14 00:00:00-05:00,2.7119059562683105,2.7119059562683105,2.6921314595951387,2.7119059562683105,4700,0.0,0.0
2007-02-15 00:00:00-05:00,2.692130804061889,2.692130804061889,2.692130804061889,2.6921308040618896,100,0.0,0.0
2007-02-16 00:00:00-05:00,2.692130804061889,2.692130804061889,2.692130804061889,2.6921308040618896,0,0.0,0.0
2007-02-20 00:00:00-05:00,2.686481795833976,2.7119059562683105,2.686481795833976,2.7119059562683105,4600,0.0,0.0
2007-02-21 00:00:00-05:00,2.711905448778125,2.711905448778125,2.6893062591552734,2.6893062591552734,1100,0.0,0.0
2007-02-22 00:00:00-05:00,2.6977806091308594,2.6977806091308594,2.6977806091308594,2.6977806091308594,500,0.0,0.0
2007-02-23 00:00:00-05:00,2.711905448778125,2.711905448778125,2.6893062591552734,2.6893062591552734,2500,0.0,0.0
2007-02-26 00:00:00-05:00,2.711906059010433,2.7373299510043245,2.683656930923462,2.683656930923462,1700,0.0,0.0
2007-02-27 00:00:00-05:00,2.7034306934296,2.7062556596325873,2.694956064224243,2.694956064224243,700,0.0,0.0
2007-02-28 00:00:00-05:00,2.703431239396119,2.7090811729431157,2.703431239396119,2.7090811729431152,400,0.0,0.0
2007-03-01 00:00:00-05:00,2.7090804483709405,2.740154266357422,2.7090804483709405,2.740154266357422,2300,0.0,0.0
2007-03-02 00:00:00-05:00,2.740154266357422,2.740154266357422,2.740154266357422,2.740154266357422,2100,0.0,0.0
2007-03-05 00:00:00-05:00,2.740154266357422,2.740154266357422,2.740154266357422,2.740154266357422,0,0.0,0.0
2007-03-06 00:00:00-05:00,2.740154266357422,2.740154266357422,2.740154266357422,2.740154266357422,3500,0.0,0.0
2007-03-07 00:00:00-05:00,2.7147308370864525,2.7147308370864525,2.7090811729431157,2.7090811729431152,1900,0.0,0.0
2007-03-08 00:00:00-05:00,2.714730111003216,2.740154266357422,2.7090804483709405,2.740154266357422,2400,0.0,0.0
2007-03-09 00:00:00-05:00,2.7373293559505507,2.7429792881011963,2.7288547271281756,2.7429792881011963,6600,0.0,0.0
2007-03-12 00:00:00-04:00,2.740154266357422,2.740154266357422,2.7288546716892843,2.740154266357422,2200,0.0,0.0
2007-03-13 00:00:00-04:00,2.74015482717561,2.74015482717561,2.72320556640625,2.72320556640625,2200,0.0,0.0
2007-03-14 00:00:00-04:00,2.7260291398232654,2.7401536975774676,2.7147295475006104,2.7147295475006104,2900,0.0,0.0
2007-03-15 00:00:00-04:00,2.7147295475006104,2.7147295475006104,2.7147295475006104,2.7147295475006104,800,0.0,0.0
2007-03-16 00:00:00-04:00,2.740154266357422,2.740154266357422,2.740154266357422,2.740154266357422,1000,0.0,0.0
2007-03-19 00:00:00-04:00,2.740154266357422,2.740154266357422,2.740154266357422,2.740154266357422,0,0.0,0.0
2007-03-20 00:00:00-04:00,2.723204811509241,2.734504405357679,2.7203798456962396,2.7316794395446777,7900,0.0,0.0
2007-03-21 00:00:00-04:00,2.731679846264568,2.731679846264568,2.717555284500122,2.717555284500122,3600,0.0,0.0
2007-03-22 00:00:00-04:00,2.7316794395446773,2.734504405357679,2.7260295079186747,2.7316794395446777,1200,0.0,0.0
2007-03-23 00:00:00-04:00,2.7316794395446773,2.7316794395446773,2.7316794395446773,2.7316794395446777,0,0.0,0.0
2007-03-26 00:00:00-04:00,2.7316797335899428,2.7345046997070312,2.7260298013557662,2.7345046997070312,1800,0.0,0.0
2007-03-27 00:00:00-04:00,2.734505163387038,2.734505163387038,2.7119059694254624,2.72320556640625,3900,0.0,0.0
2007-03-28 00:00:00-04:00,2.7232058906212613,2.7260305881500244,2.7232058906212613,2.7260305881500244,4600,0.0,0.0
2007-03-29 00:00:00-04:00,2.717554512932157,2.717554512932157,2.7147295475006104,2.7147295475006104,500,0.0,0.0
2007-03-30 00:00:00-04:00,2.7260305881500244,2.7260305881500244,2.7260305881500244,2.7260305881500244,2600,0.0,0.0
2007-04-02 00:00:00-04:00,2.7260305881500244,2.7260305881500244,2.7260305881500244,2.7260305881500244,0,0.0,0.0
2007-04-03 00:00:00-04:00,2.7260305881500244,2.7260305881500244,2.7119062922951844,2.7260305881500244,3900,0.0,0.0
2007-04-04 00:00:00-04:00,2.7147309898239476,2.7260305881500244,2.7147309898239476,2.7260305881500244,3400,0.0,0.0
2007-04-05 00:00:00-04:00,2.7260305881500244,2.7260305881500244,2.7260305881500244,2.7260305881500244,100,0.0,0.0
2007-04-09 00:00:00-04:00,2.7203805998101425,2.72320556640625,2.7203805998101425,2.72320556640625,500,0.0,0.0
2007-04-10 00:00:00-04:00,2.7232058906212613,2.7260305881500244,2.7232058906212613,2.7260305881500244,600,0.0,0.0
2007-04-11 00:00:00-04:00,2.7260305881500244,2.7260305881500244,2.7260305881500244,2.7260305881500244,1000,0.0,0.0
2007-04-12 00:00:00-04:00,2.717555284500122,2.717555284500122,2.717555284500122,2.717555284500122,3600,0.0,0.0
2007-04-13 00:00:00-04:00,2.717555284500122,2.717555284500122,2.717555284500122,2.717555284500122,400,0.0,0.0
2007-04-16 00:00:00-04:00,2.717555284500122,2.717555284500122,2.717555284500122,2.717555284500122,200,0.0,0.0
2007-04-17 00:00:00-04:00,2.717555284500122,2.717555284500122,2.717555284500122,2.717555284500122,2200,0.0,0.0
2007-04-18 00:00:00-04:00,2.717555030417965,2.717555030417965,2.7062554359436035,2.7062554359436035,2800,0.0,0.0
2007-04-19 00:00:00-04:00,2.717555030417965,2.7260296589228403,2.694955841469242,2.7062554359436035,3400,0.0,0.0
2007-04-20 00:00:00-04:00,2.7119062922951844,2.7260305881500244,2.7119062922951844,2.7260305881500244,2400,0.0,0.0
2007-04-23 00:00:00-04:00,2.7232058906212613,2.7260305881500244,2.7232058906212613,2.7260305881500244,1300,0.0,0.0
2007-04-24 00:00:00-04:00,2.711905168536442,2.711905168536442,2.6977806091308594,2.6977806091308594,800,0.0,0.0
2007-04-25 00:00:00-04:00,2.7006052591499397,2.7147295475006104,2.7006052591499397,2.7147295475006104,5500,0.0,0.0
2007-04-26 00:00:00-04:00,2.714729864894708,2.714729864894708,2.6836560497252773,2.6977806091308594,3000,0.0,0.0
2007-04-27 00:00:00-04:00,2.683656509584176,2.686481475830078,2.6780065770923716,2.686481475830078,1100,0.0,0.0
2007-04-30 00:00:00-04:00,2.686481475830078,2.686481475830078,2.686481475830078,2.686481475830078,0,0.0,0.0
2007-05-01 00:00:00-04:00,2.683656930923462,2.6977814949669474,2.680831964234035,2.683656930923462,1600,0.0,0.0
2007-05-02 00:00:00-04:00,2.683656930923462,2.683656930923462,2.683656930923462,2.683656930923462,0,0.0,0.0
2007-05-03 00:00:00-04:00,2.683656930923462,2.683656930923462,2.683656930923462,2.683656930923462,600,0.0,0.0
2007-05-04 00:00:00-04:00,2.694956064224243,2.694956064224243,2.694956064224243,2.694956064224243,700,0.0,0.0
2007-05-07 00:00:00-04:00,2.683656930923462,2.683656930923462,2.683656930923462,2.683656930923462,2300,0.0,0.0
2007-05-08 00:00:00-04:00,2.683656930923462,2.683656930923462,2.683656930923462,2.683656930923462,0,0.0,0.0
2007-05-09 00:00:00-04:00,2.683656930923462,2.683656930923462,2.683656930923462,2.683656930923462,0,0.0,0.0
2007-05-10 00:00:00-04:00,2.694956064224243,2.694956064224243,2.694956064224243,2.694956064224243,1700,0.0,0.0
2007-05-11 00:00:00-04:00,2.6780068874359135,2.6780068874359135,2.6780068874359135,2.678006887435913,200,0.0,0.0
2007-05-14 00:00:00-04:00,2.6780062439928485,2.692130804061889,2.675181547501901,2.6921308040618896,3500,0.0,0.0
2007-05-15 00:00:00-04:00,2.692130804061889,2.692130804061889,2.692130804061889,2.6921308040618896,0,0.0,0.0
2007-05-16 00:00:00-04:00,2.6921315615880927,2.6921315615880927,2.680831964234035,2.683656930923462,3500,0.0,0.0
2007-05-17 00:00:00-04:00,2.683656327047765,2.6893062591552734,2.683656327047765,2.6893062591552734,400,0.0,0.0
2007-05-18 00:00:00-04:00,2.6893062591552734,2.6893062591552734,2.6893062591552734,2.6893062591552734,1700,0.0,0.0
2007-05-21 00:00:00-04:00,2.6893062591552734,2.6893062591552734,2.6893062591552734,2.6893062591552734,0,0.0,0.0
2007-05-22 00:00:00-04:00,2.6893062591552734,2.6893062591552734,2.6893062591552734,2.6893062591552734,0,0.0,0.0
2007-05-23 00:00:00-04:00,2.689305981248935,2.6977806091308594,2.689305981248935,2.6977806091308594,1600,0.0,0.0
2007-05-24 00:00:00-04:00,2.6893068643023166,2.6893068643023166,2.683656930923462,2.683656930923462,1300,0.0,0.0
2007-05-25 00:00:00-04:00,2.68365625580626,2.68365625580626,2.6751816272735596,2.6751816272735596,1900,0.0,0.0
2007-05-29 00:00:00-04:00,2.6751822453205074,2.6808319091796875,2.6723572786890943,2.6808319091796875,1200,0.0,0.0
2007-05-30 00:00:00-04:00,2.680831289827499,2.680831289827499,2.6751816272735596,2.6751816272735596,2000,0.0,0.0
2007-05-31 00:00:00-04:00,2.6780068874359135,2.6780068874359135,2.6780068874359135,2.678006887435913,100,0.0,0.0
2007-06-01 00:00:00-04:00,2.6751816272735596,2.6751816272735596,2.6751816272735596,2.6751816272735596,1000,0.0,0.0
2007-06-04 00:00:00-04:00,2.683656930923462,2.683656930923462,2.683656930923462,2.683656930923462,300,0.0,0.0
2007-06-05 00:00:00-04:00,2.683656509584176,2.686481475830078,2.683656509584176,2.686481475830078,1500,0.0,0.0
2007-06-06 00:00:00-04:00,2.686481475830078,2.686481475830078,2.686481475830078,2.686481475830078,0,0.0,0.0
2007-06-07 00:00:00-04:00,2.68365566432601,2.68365566432601,2.6695311069488525,2.6695311069488525,2300,0.0,0.0
2007-06-08 00:00:00-04:00,2.672356072304989,2.672356072304989,2.6695311069488525,2.6695311069488525,300,0.0,0.0
2007-06-11 00:00:00-04:00,2.678005733613737,2.678005733613737,2.6695311069488525,2.6695311069488525,2100,0.0,0.0
2007-06-12 00:00:00-04:00,2.6897052008876345,2.7247882794730423,2.6867815413016363,2.692628860473633,8200,0.319,0.0
2007-06-13 00:00:00-04:00,2.6838574409484863,2.6838574409484863,2.6838574409484863,2.6838574409484863,100,0.0,0.0
2007-06-14 00:00:00-04:00,2.6838574409484863,2.6838574409484863,2.6838574409484863,2.6838574409484863,2500,0.0,0.0
2007-06-15 00:00:00-04:00,2.6838574409484863,2.6838574409484863,2.6838574409484863,2.6838574409484863,0,0.0,0.0
2007-06-18 00:00:00-04:00,2.6838574409484863,2.6838574409484863,2.6838574409484863,2.6838574409484863,2000,0.0,0.0
2007-06-19 00:00:00-04:00,2.6955525875091553,2.6955525875091553,2.6955525875091553,2.6955525875091553,600,0.0,0.0
2007-06-20 00:00:00-04:00,2.6955525875091553,2.6955525875091553,2.6955525875091553,2.6955525875091553,0,0.0,0.0
2007-06-21 00:00:00-04:00,2.6955525875091553,2.6955525875091553,2.6955525875091553,2.6955525875091553,0,0.0,0.0
2007-06-22 00:00:00-04:00,2.6955525875091553,2.6955525875091553,2.6955525875091553,2.6955525875091553,0,0.0,0.0
2007-06-25 00:00:00-04:00,2.67801117248539,2.67801117248539,2.6429280895620884,2.6604697704315186,2700,0.0,0.0
2007-06-26 00:00:00-04:00,2.6400043964385986,2.6400043964385986,2.6400043964385986,2.6400043964385986,200,0.0,0.0
2007-06-27 00:00:00-04:00,2.637079835852597,2.637079835852597,2.596149451855653,2.6049201488494873,4400,0.0,0.0
2007-06-28 00:00:00-04:00,2.6312332153320312,2.6312332153320312,2.6312332153320312,2.6312332153320312,500,0.0,0.0
2007-06-29 00:00:00-04:00,2.601996551472046,2.601996551472046,2.5990731716156006,2.5990731716156006,800,0.0,0.0
2007-07-02 00:00:00-04:00,2.601997179191029,2.6312332153320312,2.601997179191029,2.6312332153320312,1200,0.0,0.0
2007-07-03 00:00:00-04:00,2.634156874709232,2.634156874709232,2.6312332153320312,2.6312332153320312,2300,0.0,0.0
2007-07-05 00:00:00-04:00,2.6312329089146593,2.6312329089146593,2.6019968761783074,2.6283092498779297,2500,0.0,0.0
2007-07-06 00:00:00-04:00,2.601997137069702,2.601997137069702,2.601997137069702,2.601997137069702,1300,0.0,0.0
2007-07-09 00:00:00-04:00,2.6253859996795654,2.6253859996795654,2.6253859996795654,2.6253859996795654,900,0.0,0.0
2007-07-10 00:00:00-04:00,2.616615056991577,2.616615056991577,2.616615056991577,2.616615056991577,200,0.0,0.0
2007-07-11 00:00:00-04:00,2.628309415057973,2.6604691088521784,2.616615056991577,2.616615056991577,2200,0.0,0.0
2007-07-12 00:00:00-04:00,2.616615056991577,2.616615056991577,2.616615056991577,2.616615056991577,0,0.0,0.0
2007-07-13 00:00:00-04:00,2.6078449301305238,2.6078449301305238,2.5786088891443786,2.593226909637451,2700,0.0,0.0
2007-07-16 00:00:00-04:00,2.590302893473243,2.590302893473243,2.394422170730375,2.543525457382202,6000,0.0,0.0
2007-07-17 00:00:00-04:00,2.5610674806452858,2.5873798616982007,2.5610674806452858,2.575685501098633,4800,0.0,0.0
2007-07-18 00:00:00-04:00,2.543525457382202,2.543525457382202,2.5172130798771137,2.543525457382202,1400,0.0,0.0
2007-07-19 00:00:00-04:00,2.558143138885498,2.558143138885498,2.558143138885498,2.558143138885498,400,0.0,0.0
2007-07-20 00:00:00-04:00,2.558143138885498,2.558143138885498,2.558143138885498,2.558143138885498,0,0.0,0.0
2007-07-23 00:00:00-04:00,2.558143138885498,2.558143138885498,2.558143138885498,2.558143138885498,0,0.0,0.0
2007-07-24 00:00:00-04:00,2.5464488101429756,2.5464488101429756,2.5406014919281006,2.5406014919281006,1000,0.0,0.0
2007-07-25 00:00:00-04:00,2.514289520115486,2.514289520115486,2.4090400175930893,2.4382760524749756,6900,0.0,0.0
2007-07-26 00:00:00-04:00,2.4265815978123455,2.4528939723968506,2.3973455640927885,2.4528939723968506,4200,0.0,0.0
2007-07-27 00:00:00-04:00,2.447047062575432,2.4499707221984863,2.429505662468161,2.4499707221984863,1500,0.0,0.0
2007-07-30 00:00:00-04:00,2.4499707221984863,2.4499707221984863,2.4499707221984863,2.4499707221984863,1000,0.0,0.0
2007-07-31 00:00:00-04:00,2.4528939723968506,2.4528939723968506,2.4528939723968506,2.4528939723968506,200,0.0,0.0
2007-08-01 00:00:00-04:00,2.4528932119332674,2.4528932119332674,2.4207335290490346,2.4324278831481934,2200,0.0,0.0
2007-08-02 00:00:00-04:00,2.4207345453928695,2.4411998827703023,2.4207345453928695,2.4353525638580322,1300,0.0,0.0
2007-08-03 00:00:00-04:00,2.4353525638580322,2.4353525638580322,2.4353525638580322,2.4353525638580322,0,0.0,0.0
2007-08-06 00:00:00-04:00,2.4148874282836914,2.4148874282836914,2.4148874282836914,2.4148874282836914,1600,0.0,0.0
2007-08-07 00:00:00-04:00,2.4148874282836914,2.4148874282836914,2.4148874282836914,2.4148874282836914,0,0.0,0.0
2007-08-08 00:00:00-04:00,2.426582368136405,2.426582368136405,2.4002699851989746,2.4002699851989746,600,0.0,0.0
2007-08-09 00:00:00-04:00,2.4002699851989746,2.4002699851989746,2.4002699851989746,2.4002699851989746,0,0.0,0.0
2007-08-10 00:00:00-04:00,2.4119638458399764,2.4353525638580322,2.4119638458399764,2.4353525638580322,1000,0.0,0.0
2007-08-13 00:00:00-04:00,2.4002698406309526,2.4002698406309526,2.368110418319702,2.368110418319702,3300,0.0,0.0
2007-08-14 00:00:00-04:00,2.3564157485961914,2.3564157485961914,2.3564157485961914,2.3564157485961914,200,0.0,0.0
2007-08-15 00:00:00-04:00,2.35349178314209,2.35349178314209,2.35349178314209,2.35349178314209,100,0.0,0.0
2007-08-16 00:00:00-04:00,2.335949659347534,2.335949659347534,2.335949659347534,2.335949659347534,1000,0.0,0.0
2007-08-17 00:00:00-04:00,2.3271799087524414,2.3271799087524414,2.3271799087524414,2.3271799087524414,100,0.0,0.0
2007-08-20 00:00:00-04:00,2.344721794128418,2.344721794128418,2.341798134120043,2.344721794128418,1300,0.0,0.0
2007-08-21 00:00:00-04:00,2.2979430738813487,2.335949659347534,2.2979430738813487,2.335949659347534,2100,0.0,0.0
2007-08-22 00:00:00-04:00,2.3242563564601206,2.376881119165397,2.3154856556144257,2.368110418319702,3600,0.0,0.0
2007-08-23 00:00:00-04:00,2.368110418319702,2.368110418319702,2.368110418319702,2.368110418319702,0,0.0,0.0
2007-08-24 00:00:00-04:00,2.3827272892123124,2.3973453044891357,2.3827272892123124,2.3973453044891357,400,0.0,0.0
2007-08-27 00:00:00-04:00,2.397345598145513,2.4441230297088623,2.397345598145513,2.4441230297088623,2800,0.0,0.0
2007-08-28 00:00:00-04:00,2.4353526402286847,2.455817699432373,2.432428980680866,2.455817699432373,800,0.0,0.0
2007-08-29 00:00:00-04:00,2.4499707221984863,2.4499707221984863,2.4499707221984863,2.4499707221984863,100,0.0,0.0
2007-08-30 00:00:00-04:00,2.4821296644883173,2.4821296644883173,2.4558172905696716,2.4587409496307373,1300,0.0,0.0
2007-08-31 00:00:00-04:00,2.4499702512630135,2.4821296644883173,2.4470465922019478,2.4587409496307373,9700,0.0,0.0
2007-09-04 00:00:00-04:00,2.455817699432373,2.455817699432373,2.452894318700075,2.455817699432373,800,0.0,0.0
2007-09-05 00:00:00-04:00,2.458740541253632,2.4675112381646134,2.458740541253632,2.4616641998291016,800,0.0,0.0
2007-09-06 00:00:00-04:00,2.476282574435512,2.5025949478149414,2.476282574435512,2.5025949478149414,600,0.0,0.0
2007-09-07 00:00:00-04:00,2.517212736774687,2.520136395835753,2.4587409496307377,2.4587409496307373,7700,0.0,0.0
2007-09-10 00:00:00-04:00,2.4587409496307377,2.4587409496307377,2.4587409496307377,2.4587409496307373,0,0.0,0.0
2007-09-11 00:00:00-04:00,2.4996713172139176,2.5172127137891893,2.485053300857544,2.485053300857544,1500,0.0,0.0
2007-09-12 00:00:00-04:00,2.5142885889177786,2.546447992324829,2.5142885889177786,2.546447992324829,900,0.0,0.0
2007-09-13 00:00:00-04:00,2.5435256919032505,2.5435256919032505,2.531831331802233,2.534754991531372,300,0.0,0.0
2007-09-14 00:00:00-04:00,2.534754991531372,2.534754991531372,2.534754991531372,2.534754991531372,0,0.0,0.0
2007-09-17 00:00:00-04:00,2.549372434616089,2.5639904511392055,2.523060060637574,2.549372434616089,1300,0.0,0.0
2007-09-18 00:00:00-04:00,2.569837808609009,2.5727614680386806,2.569837808609009,2.569837808609009,1000,0.0,0.0
2007-09-19 00:00:00-04:00,2.569837808609009,2.569837808609009,2.569837808609009,2.569837808609009,0,0.0,0.0
2007-09-20 00:00:00-04:00,2.543525457382202,2.543525457382202,2.543525457382202,2.543525457382202,1000,0.0,0.0
2007-09-21 00:00:00-04:00,2.5142893335702916,2.5142893335702916,2.485053300857544,2.485053300857544,1300,0.0,0.0
2007-09-24 00:00:00-04:00,2.499671459197998,2.499671459197998,2.499671459197998,2.499671459197998,200,0.0,0.0
2007-09-25 00:00:00-04:00,2.5055183564671846,2.5113656745359227,2.485053300857544,2.485053300857544,500,0.0,0.0
2007-09-26 00:00:00-04:00,2.470435682315176,2.470435682315176,2.4587413231100297,2.4645886421203613,1200,0.0,0.0
2007-09-27 00:00:00-04:00,2.4645886421203613,2.4645886421203613,2.4645886421203613,2.4645886421203613,0,0.0,0.0
2007-09-28 00:00:00-04:00,2.4645884281055745,2.4645884281055745,2.4353523932236882,2.4382760524749756,2800,0.0,0.0
2007-10-01 00:00:00-04:00,2.4558176681418855,2.4733593463897705,2.4558176681418855,2.4733593463897705,1100,0.0,0.0
2007-10-02 00:00:00-04:00,2.4792064181838795,2.505518796483205,2.455817699432373,2.455817699432373,1400,0.0,0.0
2007-10-03 00:00:00-04:00,2.4792064181838795,2.4938244371074516,2.455817699432373,2.455817699432373,1000,0.0,0.0
2007-10-04 00:00:00-04:00,2.438276145555865,2.438276145555865,2.4148874282836914,2.4148874282836914,3000,0.0,0.0
2007-10-05 00:00:00-04:00,2.411963701248169,2.411963701248169,2.411963701248169,2.411963701248169,1600,0.0,0.0
2007-10-08 00:00:00-04:00,2.4178102016448975,2.4178102016448975,2.4148865433533686,2.4178102016448975,1800,0.0,0.0
2007-10-09 00:00:00-04:00,2.4207335290490346,2.4324278831481934,2.4207335290490346,2.4324278831481934,1100,0.0,0.0
2007-10-10 00:00:00-04:00,2.4324278831481934,2.4324278831481934,2.4324278831481934,2.4324278831481934,0,0.0,0.0
2007-10-11 00:00:00-04:00,2.4382760524749756,2.4382760524749756,2.4382760524749756,2.4382760524749756,100,0.0,0.0
2007-10-12 00:00:00-04:00,2.4411997117262625,2.4411997117262625,2.4382760524749756,2.4382760524749756,2600,0.0,0.0
2007-10-15 00:00:00-04:00,2.4382767295735333,2.4382767295735333,2.379804922387893,2.4002699851989746,2300,0.0,0.0
2007-10-16 00:00:00-04:00,2.3885748386383057,2.3885748386383057,2.3885748386383057,2.3885748386383057,500,0.0,0.0
2007-10-17 00:00:00-04:00,2.452894100045782,2.452894100045782,2.420734405517578,2.420734405517578,600,0.0,0.0
2007-10-18 00:00:00-04:00,2.417811025045874,2.420734405517578,2.417811025045874,2.420734405517578,600,0.0,0.0
2007-10-19 00:00:00-04:00,2.4178108031799117,2.4178108031799117,2.385651111602783,2.385651111602783,1100,0.0,0.0
2007-10-22 00:00:00-04:00,2.3827278972610526,2.403193235397339,2.3827278972610526,2.403193235397339,1300,0.0,0.0
2007-10-23 00:00:00-04:00,2.403193235397339,2.403193235397339,2.403193235397339,2.403193235397339,0,0.0,0.0
2007-10-24 00:00:00-04:00,2.3710334300994873,2.3739570895312063,2.3710334300994873,2.3710334300994873,1000,0.0,0.0
2007-10-25 00:00:00-04:00,2.3710334300994873,2.3710334300994873,2.368110049483278,2.3710334300994873,1900,0.0,0.0
2007-10-26 00:00:00-04:00,2.368110418319702,2.368110418319702,2.368110418319702,2.368110418319702,100,0.0,0.0
2007-10-29 00:00:00-04:00,2.3710327903924657,2.3856508047915943,2.3710327903924657,2.3827271461486816,1100,0.0,0.0
2007-10-30 00:00:00-04:00,2.3710330150528525,2.3710330150528525,2.3651859760284424,2.3651859760284424,800,0.0,0.0
2007-10-31 00:00:00-04:00,2.3505675025516837,2.3505675025516837,2.3242551350266183,2.3388731479644775,1600,0.0,0.0
2007-11-01 00:00:00-04:00,2.3096380958695204,2.3242559746804883,2.207312386561731,2.3213324546813965,8500,0.0,0.0
2007-11-02 00:00:00-04:00,2.3330270888484916,2.3330270888484916,2.3008675286163287,2.3271799087524414,1400,0.0,0.0
2007-11-05 00:00:00-05:00,2.321332899576099,2.324256420135498,2.321332899576099,2.324256420135498,900,0.0,0.0
2007-11-06 00:00:00-05:00,2.324256420135498,2.324256420135498,2.324256420135498,2.324256420135498,0,0.0,0.0
2007-11-07 00:00:00-05:00,2.297944237380384,2.297944237380384,2.2657846739418686,2.286249876022339,50700,0.0,0.0
2007-11-08 00:00:00-05:00,2.3008676980291844,2.5230608368547234,2.2862498164166287,2.324256420135498,40400,0.0,0.0
2007-11-09 00:00:00-05:00,2.324256420135498,2.324256420135498,2.324256420135498,2.324256420135498,0,0.0,0.0
2007-11-12 00:00:00-05:00,2.2862487184444125,2.335949659347534,2.2862487184444125,2.335949659347534,2300,0.0,0.0
2007-11-13 00:00:00-05:00,2.3447210902581923,2.362262487411499,2.3447210902581923,2.362262487411499,1000,0.0,0.0
2007-11-14 00:00:00-05:00,2.394421645670681,2.429504993861237,2.394421645670681,2.3973453044891357,2400,0.0,0.0
2007-11-15 00:00:00-05:00,2.3739570895312063,2.3739570895312063,2.3710334300994873,2.3710334300994873,5500,0.0,0.0
2007-11-16 00:00:00-05:00,2.3827275436955166,2.3827275436955166,2.362262487411499,2.362262487411499,800,0.0,0.0
2007-11-19 00:00:00-05:00,2.368109634948378,2.368109634948378,2.362262317108507,2.3651859760284424,2800,0.0,0.0
2007-11-20 00:00:00-05:00,2.373956760319203,2.397345474898468,2.368109721082122,2.3944218158721924,5800,0.0,0.0
2007-11-21 00:00:00-05:00,2.376881119165397,2.3973461807438703,2.2833260938953983,2.368110418319702,7200,0.0,0.0
2007-11-23 00:00:00-05:00,2.368110418319702,2.368110418319702,2.368110418319702,2.368110418319702,0,0.0,0.0
2007-11-26 00:00:00-05:00,2.368110418319702,2.368110418319702,2.338874377079981,2.368110418319702,600,0.0,0.0
2007-11-27 00:00:00-05:00,2.368110418319702,2.368110418319702,2.368110418319702,2.368110418319702,0,0.0,0.0
2007-11-28 00:00:00-05:00,2.368110308832565,2.368110308832565,2.3271799087524414,2.3271799087524414,3000,0.0,0.0
2007-11-29 00:00:00-05:00,2.344721794128418,2.344721794128418,2.344721794128418,2.344721794128418,400,0.0,0.0
2007-11-30 00:00:00-05:00,2.368110418319702,2.368110418319702,2.368110418319702,2.368110418319702,400,0.0,0.0
2007-12-03 00:00:00-05:00,2.368110418319702,2.368110418319702,2.368110418319702,2.368110418319702,0,0.0,0.0
2007-12-04 00:00:00-05:00,2.368110418319702,2.368110418319702,2.368110418319702,2.368110418319702,0,0.0,0.0
2007-12-05 00:00:00-05:00,2.4850539900820245,2.4850539900820245,2.3067147823478433,2.3476450443267822,4100,0.0,0.0
2007-12-06 00:00:00-05:00,2.3330263929088964,2.3330263929088964,2.3008668422698975,2.3008668422698975,1800,0.0,0.0
2007-12-07 00:00:00-05:00,2.344721434785597,2.376880853502403,2.2716314792633057,2.2716314792633057,8900,0.0,0.0
2007-12-10 00:00:00-05:00,2.2920963453077587,2.3914985254076586,2.2920963453077587,2.2950198650360107,20700,0.0,0.0
2007-12-11 00:00:00-05:00,2.2950198650360107,2.2950198650360107,2.2950198650360107,2.2950198650360107,200,0.0,0.0
2007-12-12 00:00:00-05:00,2.3404268108151016,2.3404268108151016,2.31909488813576,2.3373794555664062,2700,0.319,0.0
2007-12-13 00:00:00-05:00,2.3800437450408936,2.3800437450408936,2.3800437450408936,2.3800437450408936,500,0.0,0.0
2007-12-14 00:00:00-05:00,2.33433148155118,2.33433148155118,2.2703354358673096,2.2703354358673096,3200,0.0,0.0
2007-12-17 00:00:00-05:00,2.3130001695240936,2.3130001695240936,2.2855732440948486,2.2855732440948486,1200,0.0,0.0
2007-12-18 00:00:00-05:00,2.3008105754852295,2.3008105754852295,2.3008105754852295,2.3008105754852295,300,0.0,0.0
2007-12-19 00:00:00-05:00,2.309952668781807,2.3130001695240936,2.2703360310090828,2.2855732440948486,6100,0.0,0.0
2007-12-20 00:00:00-05:00,2.2703354848535886,2.3160469678016256,2.26119327545166,2.26119327545166,9500,0.0,0.0
2007-12-21 00:00:00-05:00,2.2490038871765137,2.2490038871765137,2.2490038871765137,2.2490038871765137,900,0.0,0.0
2007-12-24 00:00:00-05:00,2.2490038871765137,2.2490038871765137,2.2490038871765137,2.2490038871765137,0,0.0,0.0
2007-12-26 00:00:00-05:00,2.255098385745281,2.255098385745281,2.215481758117676,2.215481758117676,3500,0.0,0.0
2007-12-27 00:00:00-05:00,2.215481758117676,2.215481758117676,2.215481758117676,2.215481758117676,0,0.0,0.0
2007-12-28 00:00:00-05:00,2.2276722853733366,2.233767142222412,2.1850082874298096,2.1850082874298096,1400,0.0,0.0
2007-12-31 00:00:00-05:00,2.1484390066149213,2.154533863067627,2.1484390066149213,2.154533863067627,1700,0.0,0.0
2008-01-02 00:00:00-05:00,2.154533863067627,2.154533863067627,2.154533863067627,2.154533863067627,0,0.0,0.0
2008-01-03 00:00:00-05:00,2.1392963360958177,2.181960325018936,2.1332014805353725,2.1484386920928955,5100,0.0,0.0
2008-01-04 00:00:00-05:00,2.1545329054309055,2.1911020278930664,2.1545329054309055,2.1911020278930664,6600,0.0,0.0
2008-01-07 00:00:00-05:00,2.1911030134400664,2.3556642838513904,2.1911030134400664,2.3008105754852295,34900,0.0,0.0
2008-01-08 00:00:00-05:00,2.3160475249535466,2.3160475249535466,2.2429092508926716,2.2855732440948486,7700,0.0,0.0
2008-01-09 00:00:00-05:00,2.2733828066498494,2.389185182290258,2.2733828066498494,2.358710765838623,17100,0.0,0.0
2008-01-10 00:00:00-05:00,2.3129995631984204,2.3434738360686453,2.2703354358673096,2.2703354358673096,8600,0.0,0.0
2008-01-11 00:00:00-05:00,2.3008105048224796,2.3617590678019105,2.3008105048224796,2.3465218544006348,2300,0.0,0.0
2008-01-14 00:00:00-05:00,2.3769958421567545,2.42270718329173,2.346521420983024,2.355663776397705,10800,0.0,0.0
2008-01-15 00:00:00-05:00,2.3556641347492837,2.370901347654085,2.32214235354642,2.3404269218444824,8700,0.0,0.0
2008-01-16 00:00:00-05:00,2.3312844529094345,2.361758730040948,2.2703357533335917,2.3069050312042236,11900,0.0,0.0
2008-01-17 00:00:00-05:00,2.3069050312042236,2.3069050312042236,2.3069050312042236,2.3069050312042236,0,0.0,0.0
2008-01-18 00:00:00-05:00,2.300810310768273,2.300810310768273,2.255098819732666,2.255098819732666,2200,0.0,0.0
2008-01-22 00:00:00-05:00,2.2246246337890625,2.2246246337890625,2.2246246337890625,2.2246246337890625,500,0.0,0.0
2008-01-23 00:00:00-05:00,2.2246239967960415,2.25205076846011,2.212434288209169,2.2307188510894775,10700,0.0,0.0
2008-01-24 00:00:00-05:00,2.258145993665275,2.316047191619873,2.2550986386744074,2.316047191619873,5500,0.0,0.0
2008-01-25 00:00:00-05:00,2.3465216681255185,2.6116481140086307,2.3465216681255185,2.4379446506500244,17300,0.0,0.0
2008-01-28 00:00:00-05:00,2.4684192094561106,2.5171780586242676,2.4684192094561106,2.5171780586242676,7400,0.0,0.0
2008-01-29 00:00:00-05:00,2.547651529312134,2.5750784474694486,2.547651529312134,2.547651529312134,600,0.0,0.0
2008-01-30 00:00:00-05:00,2.57812594247345,2.6969758240526676,2.57812594247345,2.6817386150360107,5900,0.0,0.0
2008-01-31 00:00:00-05:00,2.636026417127597,2.636026417127597,2.5598406791687007,2.559840679168701,3600,0.0,0.0
2008-02-01 00:00:00-05:00,2.5567945240068215,2.5567945240068215,2.5202253895939624,2.5415573120117188,2900,0.0,0.0
2008-02-04 00:00:00-05:00,2.5171780586242676,2.5171780586242676,2.5171780586242676,2.5171780586242676,500,0.0,0.0
2008-02-05 00:00:00-05:00,2.5476520405720793,2.6177430999982993,2.529367618548299,2.5750789642333984,8700,0.0,0.0
2008-02-06 00:00:00-05:00,2.614696035619629,2.614696035619629,2.5293680404815944,2.544605255126953,4600,0.0,0.0
2008-02-07 00:00:00-05:00,2.529366846122271,2.529366846122271,2.514129638671875,2.514129638671875,32800,0.0,0.0
2008-02-08 00:00:00-05:00,2.523271846891889,2.523271846891889,2.514129638671875,2.514129638671875,14400,0.0,0.0
2008-02-11 00:00:00-05:00,2.5141302972860826,2.5141302972860826,2.4227073192596436,2.4227073192596436,2200,0.0,0.0
2008-02-12 00:00:00-05:00,2.4135642051696777,2.4135642051696777,2.4135642051696777,2.4135642051696777,300,0.0,0.0
2008-02-13 00:00:00-05:00,2.413564599201336,2.4257543076568755,2.331283994470054,2.358710765838623,9100,0.0,0.0
2008-02-14 00:00:00-05:00,2.389185576810578,2.4714660498158447,2.389185576810578,2.4196598529815674,6500,0.0,0.0
2008-02-15 00:00:00-05:00,2.440991894121092,2.440991894121092,2.355663776397705,2.355663776397705,27400,0.0,0.0
2008-02-19 00:00:00-05:00,2.3648068264781137,2.4501348239539245,2.3648068264781137,2.3922336101531982,20100,0.0,0.0
2008-02-20 00:00:00-05:00,2.4166131547727363,2.428802869286852,2.3739491539733315,2.407470941543579,35400,0.0,0.0
2008-02-21 00:00:00-05:00,2.4379443020090497,2.4714659315364553,2.3709008976414347,2.3861379623413086,35600,0.0,0.0
2008-02-22 00:00:00-05:00,2.3983278274536133,2.468418881798202,2.37699590643056,2.3983278274536133,21200,0.0,0.0
2008-02-25 00:00:00-05:00,2.4288027519285458,2.514130894717209,2.3922336101531982,2.3922336101531982,22900,0.0,0.0
2008-02-26 00:00:00-05:00,2.4227064123624076,2.43489611882789,2.373947586500479,2.4135642051696777,9000,0.0,0.0
2008-02-27 00:00:00-05:00,2.383090831073483,2.4318496751874146,2.383090831073483,2.4227073192596436,7800,0.0,0.0
2008-02-28 00:00:00-05:00,2.3922321461987024,2.4227064123624076,2.3891847922387135,2.4135642051696777,3300,0.0,0.0
2008-02-29 00:00:00-05:00,2.4074695920194675,2.4074695920194675,2.395279884338379,2.395279884338379,2900,0.0,0.0
2008-03-03 00:00:00-05:00,2.4227073192596436,2.4409920311151856,2.4227073192596436,2.4227073192596436,1300,0.0,0.0
2008-03-04 00:00:00-05:00,2.4227073192596436,2.4227073192596436,2.4227073192596436,2.4227073192596436,0,0.0,0.0
2008-03-05 00:00:00-05:00,2.444040112304219,2.4745142518041563,2.3922336101531982,2.3922336101531982,5700,0.0,0.0
2008-03-06 00:00:00-05:00,2.422707438458332,2.4684190750334096,2.4044228710159956,2.4379446506500244,8200,0.0,0.0
2008-03-07 00:00:00-05:00,2.4074698195898914,2.453181300371323,2.389185256339877,2.450133800506592,7200,0.0,0.0
2008-03-10 00:00:00-04:00,2.483655037017014,2.590315190524104,2.4684181213378906,2.4684181213378906,13800,0.0,0.0
2008-03-11 00:00:00-04:00,2.422707326607949,2.422707326607949,2.3952805493670835,2.4044227600097656,4600,0.0,0.0
2008-03-12 00:00:00-04:00,2.437945399352874,2.523273406955018,2.437945399352874,2.498893976211548,6400,0.0,0.0
2008-03-13 00:00:00-04:00,2.5446043443222544,2.572030972116096,2.5049877166748047,2.5049877166748047,500,0.0,0.0
2008-03-14 00:00:00-04:00,2.498893400535814,2.498893400535814,2.4379448377179984,2.447087049484253,11600,0.0,0.0
2008-03-17 00:00:00-04:00,2.489751449118132,2.489751449118132,2.3648068096199686,2.440992593765259,12800,0.0,0.0
2008-03-18 00:00:00-04:00,2.398328583001563,2.4684196594270165,2.3769966552582904,2.407470941543579,24800,0.0,0.0
2008-03-19 00:00:00-04:00,2.364806717151963,2.395281000555912,2.30385800503122,2.389186143875122,14300,0.0,0.0
2008-03-20 00:00:00-04:00,2.4379441564171223,2.4379441564171223,2.1362486368106453,2.31909441947937,52000,0.0,0.0
2008-03-24 00:00:00-04:00,2.3343319564972944,2.465371574469941,2.3343319564972944,2.4379446506500244,12200,0.0,0.0
2008-03-25 00:00:00-04:00,2.4470873053715168,2.4653720214416954,2.419660521891951,2.440992593765259,6100,0.0,0.0
2008-03-26 00:00:00-04:00,2.483655228789256,2.483655228789256,2.477560520172119,2.477560520172119,1100,0.0,0.0
2008-03-27 00:00:00-04:00,2.4836553931380108,2.4836553931380108,2.453181266784668,2.453181266784668,5100,0.0,0.0
2008-03-28 00:00:00-04:00,2.447086267138652,2.4897503927840265,2.447086267138652,2.453181266784668,6200,0.0,0.0
2008-03-31 00:00:00-04:00,2.4470865117664133,2.453181512021728,2.3800431073987984,2.3861379623413086,16700,0.0,0.0
2008-04-01 00:00:00-04:00,2.3922330489443104,2.4257548270307216,2.3922330489443104,2.4044227600097656,15300,0.0,0.0
2008-04-02 00:00:00-04:00,2.4105182975156785,2.4531824436279424,2.398328583001563,2.407470941543579,4100,0.0,0.0
2008-04-03 00:00:00-04:00,2.413565227393576,2.504988209918082,2.413565227393576,2.4379446506500244,11400,0.0,0.0
2008-04-04 00:00:00-04:00,2.4440394831693566,2.468418904743935,2.4440394831693566,2.4623239040374756,5200,0.0,0.0
2008-04-07 00:00:00-04:00,2.4623240739064727,2.4623240739064727,2.428802294272444,2.4379446506500244,10300,0.0,0.0
2008-04-08 00:00:00-04:00,2.434896945953369,2.5019404996007313,2.3830907485330783,2.434896945953369,17400,0.0,0.0
2008-04-09 00:00:00-04:00,2.422707438458332,2.4440396517769614,2.3465216681255185,2.4379446506500244,7600,0.0,0.0
2008-04-10 00:00:00-04:00,2.462323475628113,2.4836553931380108,2.4440390579412234,2.453181266784668,4100,0.0,0.0
2008-04-11 00:00:00-04:00,2.422707221062233,2.4440394324666648,2.3678535236573954,2.3830907344818115,6300,0.0,0.0
2008-04-14 00:00:00-04:00,2.410518181040872,2.4379451100288088,2.380043896228082,2.3922336101531982,8300,0.0,0.0
2008-04-15 00:00:00-04:00,2.380043395528006,2.380043395528006,2.3769960403442383,2.3769960403442383,700,0.0,0.0
2008-04-16 00:00:00-04:00,2.392233499559094,2.419660427279071,2.3769964305135427,2.389186143875122,3400,0.0,0.0
2008-04-17 00:00:00-04:00,2.380043039903403,2.380043039903403,2.2886202183583966,2.3434739112854004,8100,0.0,0.0
2008-04-18 00:00:00-04:00,2.3373794555664062,2.3373794555664062,2.3373794555664062,2.3373794555664062,200,0.0,0.0
2008-04-21 00:00:00-04:00,2.346521559792443,2.4044227600097656,2.346521559792443,2.4044227600097656,4200,0.0,0.0
2008-04-22 00:00:00-04:00,2.3922321461987024,2.431848764867901,2.3617578800349968,2.4135642051696777,3600,0.0,0.0
2008-04-23 00:00:00-04:00,2.4135655288619886,2.4135655288619886,2.3800437450408936,2.3800437450408936,4100,0.0,0.0
2008-04-24 00:00:00-04:00,2.4196608485843503,2.4196608485843503,2.3373801964107646,2.36480712890625,37500,0.0,0.0
2008-04-25 00:00:00-04:00,2.346521497867739,2.367853564325742,2.3160472210083167,2.3617587089538574,6600,0.0,0.0
2008-04-28 00:00:00-04:00,2.373948539847649,2.4257548857870916,2.3312845500851527,2.3769960403442383,29800,0.0,0.0
2008-04-29 00:00:00-04:00,2.349568957855783,2.4257547213522406,2.349568957855783,2.3830907344818115,10200,0.0,0.0
2008-04-30 00:00:00-04:00,2.410518115932718,2.41356561698811,2.340427190100033,2.367854118347168,38800,0.0,0.0
2008-05-01 00:00:00-04:00,2.367854118347168,2.367854118347168,2.367854118347168,2.367854118347168,0,0.0,0.0
2008-05-02 00:00:00-04:00,2.3434739112854004,2.3434739112854004,2.3434739112854004,2.3434739112854004,1000,0.0,0.0
2008-05-05 00:00:00-04:00,2.3434739112854004,2.3434739112854004,2.3434739112854004,2.3434739112854004,0,0.0,0.0
2008-05-06 00:00:00-04:00,2.370901184663882,2.3769960403442383,2.370901184663882,2.3769960403442383,400,0.0,0.0
2008-05-07 00:00:00-04:00,2.3495689150232026,2.373948335647583,2.316047139008275,2.373948335647583,2800,0.0,0.0
2008-05-08 00:00:00-04:00,2.373948406105659,2.4257547491264684,2.373948406105659,2.3983278274536133,4400,0.0,0.0
2008-05-09 00:00:00-04:00,2.4227066539644393,2.4227066539644393,2.395279884338379,2.395279884338379,1200,0.0,0.0
2008-05-12 00:00:00-04:00,2.367853119836671,2.367853119836671,2.358710765838623,2.358710765838623,9500,0.0,0.0
2008-05-13 00:00:00-04:00,2.3739488884654985,2.3800437450408936,2.3739488884654985,2.3800437450408936,600,0.0,0.0
2008-05-14 00:00:00-04:00,2.3769964305135427,2.4379449973214404,2.3769964305135427,2.389186143875122,1600,0.0,0.0
2008-05-15 00:00:00-04:00,2.3587116743705887,2.3891861025604078,2.3495694621639176,2.3800437450408936,800,0.0,0.0
2008-05-16 00:00:00-04:00,2.41051753812759,2.41051753812759,2.3983278274536133,2.3983278274536133,2000,0.0,0.0
2008-05-19 00:00:00-04:00,2.3983278274536133,2.3983278274536133,2.3983278274536133,2.3983278274536133,400,0.0,0.0
2008-05-20 00:00:00-04:00,2.367854031890103,2.4440399570518077,2.3556643187393127,2.3800437450408936,19600,0.0,0.0
2008-05-21 00:00:00-04:00,2.4074702604325386,2.4440395389417233,2.383090838301628,2.4044227600097656,17100,0.0,0.0
2008-05-22 00:00:00-04:00,2.43489662948963,2.4531813383354,2.392232647912685,2.4288017749786377,58900,0.0,0.0
2008-05-23 00:00:00-04:00,2.428802104138556,2.453181670799324,2.3983278274536133,2.3983278274536133,5300,0.0,0.0
2008-05-27 00:00:00-04:00,2.4288012655951485,2.43489611882789,2.4135642051696777,2.4135642051696777,900,0.0,0.0
2008-05-28 00:00:00-04:00,2.401375172353987,2.401375172353987,2.206339523568044,2.3861379623413086,800,0.0,0.0
2008-05-29 00:00:00-04:00,2.3861381304413953,2.3861381304413953,2.3495689982100885,2.3617587089538574,3200,0.0,0.0
2008-05-30 00:00:00-04:00,2.3617594394592163,2.428802869286852,2.3617594394592163,2.407470941543579,4100,0.0,0.0
2008-06-02 00:00:00-04:00,2.4013757191454586,2.410517930984497,2.4013757191454586,2.410517930984497,600,0.0,0.0
2008-06-03 00:00:00-04:00,2.4044227600097656,2.4044227600097656,2.4044227600097656,2.4044227600097656,300,0.0,0.0
2008-06-04 00:00:00-04:00,2.383090896024595,2.383090896024595,2.370901184663882,2.3769960403442383,2400,0.0,0.0
2008-06-05 00:00:00-04:00,2.4074701425131715,2.422707207942261,2.4013752872789738,2.4196598529815674,2500,0.0,0.0
2008-06-06 00:00:00-04:00,2.413565269817862,2.4440396947369094,2.413565269817862,2.4166126251220703,1100,0.0,0.0
2008-06-09 00:00:00-04:00,2.4166126251220703,2.4166126251220703,2.4166126251220703,2.4166126251220703,0,0.0,0.0
2008-06-10 00:00:00-04:00,2.3861386016162887,2.3861386016162887,2.3800437450408936,2.3800437450408936,800,0.0,0.0
2008-06-11 00:00:00-04:00,2.3479530475475263,2.3479530475475263,2.2844090461730957,2.2844090461730957,500,0.319,0.0
2008-06-12 00:00:00-04:00,2.2875864930546275,2.3797253837901056,2.2875864930546275,2.357485055923462,3900,0.0,0.0
2008-06-13 00:00:00-04:00,2.3257132568198853,2.4210292807668776,2.3066500520304865,2.3384220600128174,44400,0.0,0.0
2008-06-16 00:00:00-04:00,2.3384220600128174,2.3384220600128174,2.3384220600128174,2.3384220600128174,0,0.0,0.0
2008-06-17 00:00:00-04:00,2.3193588256835938,2.3193588256835938,2.3193588256835938,2.3193588256835938,300,0.0,0.0
2008-06-18 00:00:00-04:00,2.3193589487148203,2.3829029672408875,2.2653464572172175,2.271700859069824,2000,0.0,0.0
2008-06-19 00:00:00-04:00,2.2717009716375776,2.2717009716375776,2.1509671789545353,2.239928960800171,5000,0.0,0.0
2008-06-20 00:00:00-04:00,2.271700969916499,2.2844097742418334,2.236751682271381,2.268523693084717,7700,0.0,0.0
2008-06-23 00:00:00-04:00,2.297118891946072,2.303473294975623,2.262169599533081,2.262169599533081,5200,0.0,0.0
2008-06-24 00:00:00-04:00,2.2907647136013956,2.2939418396773337,2.2558154177604757,2.2780559062957764,2700,0.0,0.0
2008-06-25 00:00:00-04:00,2.243106467648507,2.297118971009174,2.1986256449106913,2.2272205352783203,7500,0.0,0.0
2008-06-26 00:00:00-04:00,2.1954479217529297,2.2558148161044276,2.1922707965243733,2.1954479217529297,4200,0.0,0.0
2008-06-27 00:00:00-04:00,2.2272191829664987,2.290763176866768,2.195447034515532,2.2494595050811768,16800,0.0,0.0
2008-06-30 00:00:00-04:00,2.239928655233349,2.2812321879369786,2.239928655233349,2.2748777866363525,2300,0.0,0.0
2008-07-01 00:00:00-04:00,2.2748784838898044,2.2748784838898044,2.1922712416624317,2.2272205352783203,18500,0.0,0.0
2008-07-02 00:00:00-04:00,2.1954481905698153,2.2399291612231225,2.1001321495289687,2.1859166622161865,16200,0.0,0.0
2008-07-03 00:00:00-04:00,2.1859166622161865,2.1859166622161865,2.1859166622161865,2.1859166622161865,0,0.0,0.0
2008-07-07 00:00:00-04:00,2.1604989252836906,2.2018024649090093,2.1604989252836906,2.1827392578125,1500,0.0,0.0
2008-07-08 00:00:00-04:00,2.185916591655463,2.249460616964846,2.185916591655463,2.1922709941864014,8100,0.0,0.0
2008-07-09 00:00:00-04:00,2.1890932797132416,2.220865286018777,2.1604985497886977,2.1668529510498047,8000,0.0,0.0
2008-07-10 00:00:00-04:00,2.1986252405622446,2.2335745277506214,2.163675953373868,2.170030355453491,5600,0.0,0.0
2008-07-11 00:00:00-04:00,2.2018020222926897,2.2018020222926897,2.1033087296765127,2.1573212146759033,16400,0.0,0.0
2008-07-14 00:00:00-04:00,2.176384935737373,2.201802546137082,1.97304390103879,2.0175247192382812,25800,0.0,0.0
2008-07-15 00:00:00-04:00,1.9857521057128906,2.0334101865501726,1.7252213749030487,1.9857521057128906,11900,0.0,0.0
2008-07-16 00:00:00-04:00,1.9857527113078495,2.014347598830973,1.9063226028555356,1.9380946159362793,2900,0.0,0.0
2008-07-17 00:00:00-04:00,2.0111702861720975,2.1827393052720265,2.0111702861720975,2.0778915882110596,26400,0.0,0.0
2008-07-18 00:00:00-04:00,2.0461188381994626,2.1191945164030455,2.0016380367062365,2.0588276386260986,10600,0.0,0.0
2008-07-21 00:00:00-04:00,2.0365877875424805,2.1604988570051673,1.9635120868981641,2.081068754196167,30400,0.0,0.0
2008-07-22 00:00:00-04:00,2.0175243971013654,2.2780551651014105,2.0079928704738217,2.1636757850646973,35300,0.0,0.0
2008-07-23 00:00:00-04:00,2.2272197509821856,2.2685232818007295,2.0969543030133306,2.233574151992798,21700,0.0,0.0
2008-07-24 00:00:00-04:00,2.233574443231601,2.325713345650029,2.12872658563394,2.220865488052368,6000,0.0,0.0
2008-07-25 00:00:00-04:00,2.2844099342553994,2.2844099342553994,2.1763849384224523,2.211334228515625,1600,0.0,0.0
2008-07-28 00:00:00-04:00,2.211333739146077,2.211333739146077,2.1128404447718627,2.131903648376465,2700,0.0,0.0
2008-07-29 00:00:00-04:00,2.093777488117384,2.1287266230974518,2.033410593832414,2.087423086166382,4500,0.0,0.0
2008-07-30 00:00:00-04:00,2.1509668270029327,2.281232125872109,2.093777216853242,2.2367513179779053,6100,0.0,0.0
2008-07-31 00:00:00-04:00,2.179562202878257,2.179562202878257,2.176384925842285,2.176384925842285,200,0.0,0.0
2008-08-01 00:00:00-04:00,2.1732077865935864,2.214511327294232,2.0683600690826514,2.1922709941864014,13700,0.0,0.0
2008-08-04 00:00:00-04:00,2.2526373965477005,2.300295329255339,2.138258024747446,2.2367513179779053,17400,0.0,0.0
2008-08-05 00:00:00-04:00,2.211333965719615,2.2907640646276444,2.1986251620144013,2.271700859069824,7500,0.0,0.0
2008-08-06 00:00:00-04:00,2.2685238342605216,2.287587041934873,2.1890937265336037,2.255815029144287,8000,0.0,0.0
2008-08-07 00:00:00-04:00,2.281232584539513,2.281232584539513,2.20180247872197,2.21768856048584,3500,0.0,0.0
2008-08-08 00:00:00-04:00,2.1763848691005006,2.21768856048584,2.1763848691005006,2.21768856048584,2100,0.0,0.0
2008-08-11 00:00:00-04:00,2.1668529307353395,2.173207331936873,2.131903648376465,2.131903648376465,1800,0.0,0.0
2008-08-12 00:00:00-04:00,2.131903648376465,2.131903648376465,2.131903648376465,2.131903648376465,0,0.0,0.0
2008-08-13 00:00:00-04:00,2.0683599627045623,2.1446127891540527,2.0048157891624214,2.1446127891540527,5900,0.0,0.0
2008-08-14 00:00:00-04:00,2.1509668135877913,2.230396902939631,2.1509668135877913,2.1573212146759033,7800,0.0,0.0
2008-08-15 00:00:00-04:00,2.1573212146759033,2.1573212146759033,2.1573212146759033,2.1573212146759033,0,0.0,0.0
2008-08-18 00:00:00-04:00,2.154144579000772,2.239929088918892,2.1033092072523587,2.1922709941864014,3000,0.0,0.0
2008-08-19 00:00:00-04:00,2.1922707965243733,2.3130045852273695,2.173207590650357,2.1954479217529297,4900,0.0,0.0
2008-08-20 00:00:00-04:00,2.2748776828113417,2.290763761088307,2.1414351100876154,2.233574151992798,6200,0.0,0.0
2008-08-21 00:00:00-04:00,2.2653461885198176,2.297118194014308,2.2208652293266584,2.2526373863220215,4700,0.0,0.0
2008-08-22 00:00:00-04:00,2.236751696864303,2.236751696864303,2.1287267078932928,2.1446127891540527,1700,0.0,0.0
2008-08-25 00:00:00-04:00,2.2176886716130797,2.2367518797844292,2.1414356874267706,2.2145113945007324,5100,0.0,0.0
2008-08-26 00:00:00-04:00,2.2272205352783203,2.2272205352783203,2.2272205352783203,2.2272205352783203,700,0.0,0.0
2008-08-27 00:00:00-04:00,2.131904267366212,2.211334381198035,2.1160181839994796,2.1191954612731934,6300,0.0,0.0
2008-08-28 00:00:00-04:00,2.2081569247632937,2.2081569247632937,2.176384912108602,2.1922709941864014,500,0.0,0.0
2008-08-29 00:00:00-04:00,2.1922709941864014,2.1922709941864014,2.1922709941864014,2.1922709941864014,0,0.0,0.0
2008-09-02 00:00:00-04:00,2.1922709941864014,2.1922709941864014,2.1922709941864014,2.1922709941864014,0,0.0,0.0
2008-09-03 00:00:00-04:00,2.1604988845697224,2.3098274130954444,2.144612803204882,2.2589921951293945,6800,0.0,0.0
2008-09-04 00:00:00-04:00,2.1795620918273926,2.1795620918273926,2.1795620918273926,2.1795620918273926,200,0.0,0.0
2008-09-05 00:00:00-04:00,2.109663323919171,2.1700302155336884,2.1033089222492682,2.154144287109375,5200,0.0,0.0
2008-09-08 00:00:00-04:00,2.128726040097585,2.1700297172176,2.0651820379905246,2.1033084392547607,10000,0.0,0.0
2008-09-09 00:00:00-04:00,2.0715364390527347,2.0715364390527347,2.0397644379861446,2.0588276386260986,1700,0.0,0.0
2008-09-10 00:00:00-04:00,2.0334106662756497,2.0556509981460565,1.906322471227003,1.9825752973556519,17900,0.0,0.0
2008-09-11 00:00:00-04:00,1.950803416667753,2.0079931915820546,1.887259390652872,1.9063225984573364,12800,0.0,0.0
2008-09-12 00:00:00-04:00,1.8745505183062383,1.9063225301756521,1.7824116081344874,1.8332468271255493,13700,0.0,0.0
2008-09-15 00:00:00-04:00,1.772879757349876,1.8967906674063488,1.772879757349876,1.7951202392578125,16000,0.0,0.0
2008-09-16 00:00:00-04:00,1.7538158852058359,1.7538158852058359,1.2073370114459863,1.5886013507843018,29300,0.0,0.0
2008-09-17 00:00:00-04:00,1.626728224445722,1.7633480776849053,1.5409437323773192,1.6044878959655762,18000,0.0,0.0
2008-09-18 00:00:00-04:00,1.639437190372445,1.639437190372445,1.496463073165877,1.6076651811599731,15700,0.0,0.0
2008-09-19 00:00:00-04:00,1.642614663244217,1.9063225984573364,1.642614663244217,1.9063225984573364,2600,0.0,0.0
2008-09-22 00:00:00-04:00,1.953980163237231,2.1446123410284774,1.782411188075022,1.8840816020965576,10400,0.0,0.0
2008-09-23 00:00:00-04:00,1.9094991428879864,1.9094991428879864,1.5631839552259073,1.6775633096694946,6100,0.0,0.0
2008-09-24 00:00:00-04:00,1.5886018671755258,1.9603347283347397,1.3534888635539704,1.7347532510757446,17200,0.0,0.0
2008-09-25 00:00:00-04:00,1.8713730603692147,2.0302332558521914,1.7951202392578125,1.7951202392578125,16200,0.0,0.0
2008-09-26 00:00:00-04:00,1.683917761777709,1.9889292820355646,1.6044876815334936,1.6203736066818237,7700,0.0,0.0
2008-09-29 00:00:00-04:00,1.7474613932857372,1.833245855623368,1.6775630042146699,1.6839174032211304,1900,0.0,0.0
2008-09-30 00:00:00-04:00,1.7347537165435025,1.8936139458863073,1.7347537165435025,1.8141838312149048,4900,0.0,0.0
2008-10-01 00:00:00-04:00,1.833246508272944,1.985752290222031,1.8078289031982424,1.8078289031982422,3600,0.0,0.0
2008-10-02 00:00:00-04:00,1.7156896946577938,2.0334100028721687,1.7156896946577938,1.8427778482437134,8700,0.0,0.0
2008-10-03 00:00:00-04:00,1.6839175620416835,1.9603341721444965,1.6839175620416835,1.9571568965911865,6300,0.0,0.0
2008-10-06 00:00:00-04:00,1.7982970177238182,1.7982970177238182,1.56000677043529,1.579069972038269,1600,0.0,0.0
2008-10-07 00:00:00-04:00,1.7379302345411678,1.9063220854130343,1.668031824736405,1.6998038291931152,4200,0.0,0.0
2008-10-08 00:00:00-04:00,1.540944091359125,1.7474624060053998,1.4456280510230133,1.4774000644683838,19100,0.0,0.0
2008-10-09 00:00:00-04:00,1.3344256811088941,1.6680321771365676,1.3344256811088941,1.382083773612976,15000,0.0,0.0
2008-10-10 00:00:00-04:00,1.4392735516415252,1.6680321845807786,1.3344256870642628,1.413855791091919,18800,0.0,0.0
2008-10-13 00:00:00-04:00,1.4583365441444276,1.8427782032696431,1.3820835767017934,1.5758930444717407,16300,0.0,0.0
2008-10-14 00:00:00-04:00,1.6839179857359445,1.699803912997076,1.4615136405722278,1.556829810142517,14500,0.0,0.0
2008-10-15 00:00:00-04:00,1.5314118602617,1.7156896051747625,1.5314118602617,1.5409433841705322,19700,0.0,0.0
2008-10-16 00:00:00-04:00,1.5409433841705322,1.5409433841705322,1.5409433841705322,1.5409433841705322,0,0.0,0.0
2008-10-17 00:00:00-04:00,1.5409435264376083,1.6203736066818237,1.486931047631405,1.6203736066818237,9700,0.0,0.0
2008-10-20 00:00:00-04:00,1.652145981788635,1.652145981788635,1.652145981788635,1.6521459817886353,1200,0.0,0.0
2008-10-21 00:00:00-04:00,1.6680318558965936,1.9063221210246786,1.5981334447860718,1.5981334447860718,18000,0.0,0.0
2008-10-22 00:00:00-04:00,1.5218806266784668,1.5218806266784668,1.5218806266784668,1.5218806266784668,100,0.0,0.0
2008-10-23 00:00:00-04:00,1.5218806266784668,1.5218806266784668,1.5218806266784668,1.5218806266784668,0,0.0,0.0
2008-10-24 00:00:00-04:00,1.4583368083296546,1.4710456132888794,1.3630206196345627,1.4710456132888794,3200,0.0,0.0
2008-10-27 00:00:00-04:00,1.3979697249987353,1.4901086245747057,1.2581727373487732,1.3503116369247437,13400,0.0,0.0
2008-10-28 00:00:00-04:00,1.3725520274999794,1.486931249499321,1.3217166662216187,1.3217166662216187,5500,0.0,0.0
2008-10-29 00:00:00-04:00,1.3217166662216187,1.3217166662216187,1.3217166662216187,1.3217166662216187,0,0.0,0.0
2008-10-30 00:00:00-04:00,1.4297416345490896,1.5886018161656552,1.4297416345490896,1.556829810142517,1500,0.0,0.0
2008-10-31 00:00:00-04:00,1.556829810142517,1.556829810142517,1.556829810142517,1.556829810142517,0,0.0,0.0
2008-11-03 00:00:00-05:00,1.6203736066818237,1.6203736066818237,1.6203736066818237,1.6203736066818237,2200,0.0,0.0
2008-11-04 00:00:00-05:00,1.6267282962799072,1.6267282962799072,1.6267282962799072,1.6267282962799072,1000,0.0,0.0
2008-11-05 00:00:00-05:00,1.6267282962799072,1.6267282962799072,1.6267282962799072,1.6267282962799072,0,0.0,0.0
2008-11-06 00:00:00-05:00,1.5441208941650704,1.5568296956396088,1.445627606986965,1.4932855367660522,1500,0.0,0.0
2008-11-07 00:00:00-05:00,1.5250576012892783,1.6203736066818237,1.5250576012892783,1.6203736066818237,300,0.0,0.0
2008-11-10 00:00:00-05:00,1.658500220400597,1.8173604011535647,1.658500220400597,1.8173604011535645,7000,0.0,0.0
2008-11-11 00:00:00-05:00,1.7442843914031982,1.7442843914031982,1.7442843914031982,1.7442843914031982,200,0.0,0.0
2008-11-12 00:00:00-05:00,1.668032169342041,1.668032169342041,1.668032169342041,1.668032169342041,500,0.0,0.0
2008-11-13 00:00:00-05:00,1.591778626206269,1.591778626206269,1.5886013507843018,1.5886013507843018,200,0.0,0.0
2008-11-14 00:00:00-05:00,1.5282350369492208,1.5409438402564208,1.5250579118728638,1.5250579118728638,1500,0.0,0.0
2008-11-17 00:00:00-05:00,1.5250579118728638,1.5250579118728638,1.5250579118728638,1.5250579118728638,0,0.0,0.0
2008-11-18 00:00:00-05:00,1.525057342400118,1.525057342400118,1.4075007284540877,1.420209527015686,5300,0.0,0.0
2008-11-19 00:00:00-05:00,1.413855791091919,1.413855791091919,1.413855791091919,1.413855791091919,500,0.0,0.0
2008-11-20 00:00:00-05:00,1.4043241739273071,1.4043241739273071,1.4043241739273071,1.4043241739273071,800,0.0,0.0
2008-11-21 00:00:00-05:00,1.401146650314331,1.401146650314331,1.401146650314331,1.401146650314331,600,0.0,0.0
2008-11-24 00:00:00-05:00,1.4774000644683838,1.4774000644683838,1.4774000644683838,1.4774000644683838,100,0.0,0.0
2008-11-25 00:00:00-05:00,1.5536524057388306,1.5536524057388306,1.5536524057388306,1.5536524057388306,100,0.0,0.0
2008-11-26 00:00:00-05:00,1.4773995975680017,1.5536524057388306,1.3376026310872864,1.5536524057388306,800,0.0,0.0
2008-11-28 00:00:00-05:00,1.5536524057388306,1.5536524057388306,1.5536524057388306,1.5536524057388306,0,0.0,0.0
2008-12-01 00:00:00-05:00,1.5409431983245312,1.6839174032211306,1.5409431983245312,1.6839174032211304,1500,0.0,0.0
2008-12-02 00:00:00-05:00,1.6998038291931155,1.6998038291931155,1.6998038291931155,1.6998038291931152,200,0.0,0.0
2008-12-03 00:00:00-05:00,1.6998038291931155,1.6998038291931155,1.6998038291931155,1.6998038291931152,0,0.0,0.0
2008-12-04 00:00:00-05:00,1.6998038291931155,1.6998038291931155,1.6998038291931155,1.6998038291931152,1000,0.0,0.0
2008-12-05 00:00:00-05:00,1.6998038291931155,1.6998038291931155,1.6998038291931155,1.6998038291931152,0,0.0,0.0
2008-12-08 00:00:00-05:00,1.6998038291931155,1.6998038291931155,1.6998038291931155,1.6998038291931152,0,0.0,0.0
2008-12-09 00:00:00-05:00,1.652145840826948,1.652145840826948,1.636259913444519,1.636259913444519,4600,0.0,0.0
2008-12-10 00:00:00-05:00,1.7443051338195799,1.7443051338195799,1.7443051338195799,1.74430513381958,0,0.319,0.0
2008-12-11 00:00:00-05:00,1.5681814268942678,1.5681814268942678,1.5580203533172607,1.5580203533172607,2500,0.0,0.0
2008-12-12 00:00:00-05:00,1.5580203533172607,1.5580203533172607,1.5580203533172607,1.5580203533172607,0,0.0,0.0
2008-12-15 00:00:00-05:00,1.5580203533172607,1.5580203533172607,1.5580203533172607,1.5580203533172607,0,0.0,0.0
2008-12-16 00:00:00-05:00,1.6596304368792718,1.676565344104751,1.5241503715515137,1.5241503715515137,4100,0.0,0.0
2008-12-17 00:00:00-05:00,1.5241503715515137,1.5241503715515137,1.5241503715515137,1.5241503715515137,0,0.0,0.0
2008-12-18 00:00:00-05:00,1.5749555826187134,1.5749555826187134,1.5749555826187134,1.5749555826187134,200,0.0,0.0
2008-12-19 00:00:00-05:00,1.564794124814271,1.564794124814271,1.561407208442688,1.561407208442688,500,0.0,0.0
2008-12-22 00:00:00-05:00,1.5275374498994803,1.5275374498994803,1.4428624292577297,1.5241503715515137,3800,0.0,0.0
2008-12-23 00:00:00-05:00,1.5241502393914068,1.6020512580871584,1.5241502393914068,1.6020512580871582,4800,0.0,0.0
2008-12-24 00:00:00-05:00,1.6697910026498632,1.6935000616547402,1.5952770709991453,1.5952770709991455,6500,0.0,0.0
2008-12-26 00:00:00-05:00,1.5580200088612586,1.5918899774551394,1.5580200088612586,1.5918899774551392,400,0.0,0.0
2008-12-29 00:00:00-05:00,1.6088250875473022,1.6088250875473022,1.6088250875473022,1.6088250875473022,100,0.0,0.0
2008-12-30 00:00:00-05:00,1.6596297229480683,1.6934996843338013,1.5647936695633007,1.6934996843338013,2600,0.0,0.0
2008-12-31 00:00:00-05:00,1.74430518433637,1.8255931138992312,1.74430518433637,1.825593113899231,1100,0.0,0.0
2009-01-02 00:00:00-05:00,1.8763978481292722,1.8763978481292722,1.8763978481292722,1.8763978481292725,200,0.0,0.0
2009-01-05 00:00:00-05:00,1.9373642858836622,1.9373642858836622,1.8967203171564355,1.9102683067321777,3000,0.0,0.0
2009-01-06 00:00:00-05:00,1.8255929617099027,2.0220389366149902,1.8255929617099027,2.0220389366149902,3700,0.0,0.0
2009-01-07 00:00:00-05:00,2.032200813293457,2.032200813293457,2.032200813293457,2.032200813293457,800,0.0,0.0
2009-01-08 00:00:00-05:00,2.0796179632130047,2.2354199767652725,2.045747995376587,2.045747995376587,2500,0.0,0.0
2009-01-09 00:00:00-05:00,2.045747995376587,2.045747995376587,2.045747995376587,2.045747995376587,0,0.0,0.0
2009-01-12 00:00:00-05:00,2.0965532004288843,2.2015501901153534,2.0965532004288843,2.150745153427124,1200,0.0,0.0
2009-01-13 00:00:00-05:00,2.099940061569214,2.099940061569214,2.099940061569214,2.099940061569214,100,0.0,0.0
2009-01-14 00:00:00-05:00,2.0525222158288288,2.0525222158288288,2.0355873107910156,2.0355873107910156,3100,0.0,0.0
2009-01-15 00:00:00-05:00,2.0355873107910156,2.0355873107910156,2.0355873107910156,2.0355873107910156,0,0.0,0.0
2009-01-16 00:00:00-05:00,2.133810918560054,2.133810918560054,2.032200813293457,2.032200813293457,800,0.0,0.0
2009-01-20 00:00:00-05:00,2.0796186923980713,2.0796186923980713,2.0796186923980713,2.0796186923980713,100,0.0,0.0
2009-01-21 00:00:00-05:00,2.032200813293457,2.032200813293457,2.032200813293457,2.032200813293457,300,0.0,0.0
2009-01-22 00:00:00-05:00,2.032200813293457,2.032200813293457,2.032200813293457,2.032200813293457,0,0.0,0.0
2009-01-23 00:00:00-05:00,2.032200813293457,2.032200813293457,2.032200813293457,2.032200813293457,0,0.0,0.0
2009-01-26 00:00:00-05:00,2.032200474572803,2.032200474572803,1.9034944057553775,1.9542994499206543,1300,0.0,0.0
2009-01-27 00:00:00-05:00,1.9542994499206543,1.9542994499206543,1.9542994499206543,1.9542994499206543,0,0.0,0.0
2009-01-28 00:00:00-05:00,1.9542994499206543,1.9542994499206543,1.9542994499206543,1.9542994499206543,0,0.0,0.0
2009-01-29 00:00:00-05:00,1.9915558099746704,1.9915558099746704,1.9915558099746704,1.9915558099746704,200,0.0,0.0
2009-01-30 00:00:00-05:00,1.9915558099746704,1.9915558099746704,1.9915558099746704,1.9915558099746704,300,0.0,0.0
2009-02-02 00:00:00-05:00,1.9915558099746704,1.9915558099746704,1.9915558099746704,1.9915558099746704,0,0.0,0.0
2009-02-03 00:00:00-05:00,1.991556001861094,1.991556001861094,1.784948960467832,1.8967199325561523,1100,0.0,0.0
2009-02-04 00:00:00-05:00,1.8967199325561523,1.8967199325561523,1.8967199325561523,1.8967199325561523,9600,0.0,0.0
2009-02-05 00:00:00-05:00,1.8967199325561523,1.8967199325561523,1.8967199325561523,1.8967199325561523,0,0.0,0.0
2009-02-06 00:00:00-05:00,1.930590033531189,1.930590033531189,1.930590033531189,1.930590033531189,2000,0.0,0.0
2009-02-09 00:00:00-05:00,1.930590033531189,1.930590033531189,1.930590033531189,1.930590033531189,0,0.0,0.0
2009-02-10 00:00:00-05:00,1.930590033531189,1.930590033531189,1.930590033531189,1.930590033531189,0,0.0,0.0
2009-02-11 00:00:00-05:00,1.930590033531189,1.930590033531189,1.930590033531189,1.930590033531189,0,0.0,0.0
2009-02-12 00:00:00-05:00,1.9475248329384627,1.9644598960876463,1.9475248329384627,1.9644598960876465,1400,0.0,0.0
2009-02-13 00:00:00-05:00,1.9136548592888198,1.9136548592888198,1.862849831581116,1.8628498315811157,4600,0.0,0.0
2009-02-17 00:00:00-05:00,1.8628504212193946,1.8628504212193946,1.8289804458618164,1.8289804458618164,2800,0.0,0.0
2009-02-18 00:00:00-05:00,1.8289806569394795,1.8289806569394795,1.7307576363144614,1.7815626859664917,2900,0.0,0.0
2009-02-19 00:00:00-05:00,1.7646273374557495,1.7646273374557495,1.7646273374557495,1.7646273374557495,100,0.0,0.0
2009-02-20 00:00:00-05:00,1.7307571636069852,1.7307571636069852,1.507215038493236,1.700274109840393,7000,0.0,0.0
2009-02-23 00:00:00-05:00,1.6630167083264342,1.8120447062005847,1.659629792797672,1.6765646934509277,6800,0.0,0.0
2009-02-24 00:00:00-05:00,1.625760542132662,1.7138224840164182,1.625760542132662,1.7138224840164185,3500,0.0,0.0
2009-02-25 00:00:00-05:00,1.7138224840164182,1.7138224840164182,1.7138224840164182,1.7138224840164185,0,0.0,0.0
2009-02-26 00:00:00-05:00,1.7646275021370583,1.8154325485229494,1.7646275021370583,1.8154325485229492,3000,0.0,0.0
2009-02-27 00:00:00-05:00,1.7714009122955348,1.7714009122955348,1.768013834953308,1.768013834953308,500,0.0,0.0
2009-03-02 00:00:00-05:00,1.7680140498719796,1.7680140498719796,1.642695080061166,1.700274109840393,2700,0.0,0.0
2009-03-03 00:00:00-05:00,1.7612402630946944,1.9102683102034417,1.7409182786941528,1.7409182786941528,4000,0.0,0.0
2009-03-04 00:00:00-05:00,1.8255932709512879,1.9102682856160664,1.7849493026733398,1.7849493026733398,3000,0.0,0.0
2009-03-05 00:00:00-05:00,1.6968867612247323,1.6968867612247323,1.6934996843338013,1.6934996843338013,1000,0.0,0.0
2009-03-06 00:00:00-05:00,1.6088250875473022,1.6088250875473022,1.6088250875473022,1.6088250875473022,200,0.0,0.0
2009-03-09 00:00:00-04:00,1.6088250875473022,1.6088250875473022,1.6088250875473022,1.6088250875473022,0,0.0,0.0
2009-03-10 00:00:00-04:00,1.5580201057969252,1.6968872279288856,1.5309241292359845,1.6596301794052124,2400,0.0,0.0
2009-03-11 00:00:00-04:00,1.6596301794052124,1.6596301794052124,1.6596301794052124,1.6596301794052124,0,0.0,0.0
2009-03-12 00:00:00-04:00,1.6765646934509277,1.6765646934509277,1.6765646934509277,1.6765646934509277,100,0.0,0.0
2009-03-13 00:00:00-04:00,1.5851160391051544,1.666404128074646,1.5851160391051544,1.666404128074646,900,0.0,0.0
2009-03-16 00:00:00-04:00,1.6122121652538943,1.6122121652538943,1.6088250875473022,1.6088250875473022,500,0.0,0.0
2009-03-17 00:00:00-04:00,1.6901126074428703,1.6934996843338013,1.6901126074428703,1.6934996843338013,200,0.0,0.0
2009-03-18 00:00:00-04:00,1.6088250549742773,1.6968871355056763,1.6088250549742773,1.6968871355056763,1500,0.0,0.0
2009-03-19 00:00:00-04:00,1.7273703582843003,1.8289804458618164,1.7273703582843003,1.8289804458618164,8300,0.0,0.0
2009-03-20 00:00:00-04:00,1.8797850447161715,1.8797850447161715,1.798496961593628,1.798496961593628,1700,0.0,0.0
2009-03-23 00:00:00-04:00,1.798496961593628,1.798496961593628,1.798496961593628,1.798496961593628,0,0.0,0.0
2009-03-24 00:00:00-04:00,1.7680140498719796,1.917042079446227,1.6528561518182823,1.700274109840393,3700,0.0,0.0
2009-03-25 00:00:00-04:00,1.7917231152776034,1.8763981213361094,1.7917231152776034,1.8120450973510742,2600,0.0,0.0
2009-03-26 00:00:00-04:00,1.812045097351074,1.812045097351074,1.812045097351074,1.8120450973510742,0,0.0,0.0
2009-03-27 00:00:00-04:00,1.7341439428938312,1.798496961593628,1.7341439428938312,1.798496961593628,2600,0.0,0.0
2009-03-30 00:00:00-04:00,1.7375311851501465,1.7375311851501465,1.7375311851501465,1.7375311851501465,300,0.0,0.0
2009-03-31 00:00:00-04:00,1.812044648958619,1.812044648958619,1.795109748840332,1.795109748840332,3800,0.0,0.0
2009-04-01 00:00:00-04:00,1.795109748840332,1.795109748840332,1.795109748840332,1.795109748840332,0,0.0,0.0
2009-04-02 00:00:00-04:00,1.8459151983261108,1.8459151983261108,1.8459151983261108,1.8459151983261108,1600,0.0,0.0
2009-04-03 00:00:00-04:00,1.768013834953308,1.768013834953308,1.768013834953308,1.768013834953308,900,0.0,0.0
2009-04-06 00:00:00-04:00,1.7951106070833636,2.0355876926757897,1.7951106070833636,1.9576866626739502,4400,0.0,0.0
2009-04-07 00:00:00-04:00,1.8967199325561523,1.8967199325561523,1.8967199325561523,1.8967199325561523,100,0.0,0.0
2009-04-08 00:00:00-04:00,1.8967199325561523,1.8967199325561523,1.8967199325561523,1.8967199325561523,0,0.0,0.0
2009-04-09 00:00:00-04:00,1.930590033531189,1.930590033531189,1.930590033531189,1.930590033531189,800,0.0,0.0
2009-04-13 00:00:00-04:00,1.947525131849692,1.947525131849692,1.9136551618576052,1.913655161857605,1800,0.0,0.0
2009-04-14 00:00:00-04:00,1.8967197962180082,1.8967197962180082,1.8018838952347098,1.8628498315811157,2500,0.0,0.0
2009-04-15 00:00:00-04:00,1.930590457868315,1.9610735177993777,1.9001075594420418,1.9610735177993774,1900,0.0,0.0
2009-04-16 00:00:00-04:00,1.9441374708414672,1.9475245475769043,1.9441374708414672,1.9475245475769043,600,0.0,0.0
2009-04-17 00:00:00-04:00,1.947524980469273,1.9780080318450926,1.900107026166132,1.9780080318450928,4500,0.0,0.0
2009-04-20 00:00:00-04:00,1.937364339828491,1.937364339828491,1.9339774230926363,1.9373643398284912,2800,0.0,0.0
2009-04-21 00:00:00-04:00,1.937364339828491,1.937364339828491,1.937364339828491,1.9373643398284912,0,0.0,0.0
2009-04-22 00:00:00-04:00,1.937364339828491,1.937364339828491,1.937364339828491,1.9373643398284912,0,0.0,0.0
2009-04-23 00:00:00-04:00,1.9813956022262573,1.9813956022262573,1.9813956022262573,1.9813956022262573,300,0.0,0.0
2009-04-24 00:00:00-04:00,1.9644598960876463,1.9644598960876463,1.9644598960876463,1.9644598960876465,1200,0.0,0.0
2009-04-27 00:00:00-04:00,1.9644598960876463,1.9644598960876463,1.9644598960876463,1.9644598960876465,0,0.0,0.0
2009-04-28 00:00:00-04:00,1.9644598960876463,1.9644598960876463,1.9644598960876463,1.9644598960876465,0,0.0,0.0
2009-04-29 00:00:00-04:00,1.9644598960876463,1.9644598960876463,1.9644598960876463,1.9644598960876465,0,0.0,0.0
2009-04-30 00:00:00-04:00,1.974621057510376,1.974621057510376,1.974621057510376,1.974621057510376,100,0.0,0.0
2009-05-01 00:00:00-04:00,1.9780081351756265,1.9780081351756265,1.974621057510376,1.974621057510376,500,0.0,0.0
2009-05-04 00:00:00-04:00,1.9780083212805617,1.9780083212805617,1.9238162040710447,1.923816204071045,900,0.0,0.0
2009-05-05 00:00:00-04:00,1.9644598960876463,1.9644598960876463,1.9644598960876463,1.9644598960876465,1300,0.0,0.0
2009-05-06 00:00:00-04:00,1.9780081190539978,1.9983301003656107,1.9780081190539978,1.9949430227279663,4200,0.0,0.0
2009-05-07 00:00:00-04:00,1.9813956022262573,1.9813956022262573,1.9813956022262573,1.9813956022262573,200,0.0,0.0
2009-05-08 00:00:00-04:00,2.0322004359047052,2.0525224208831787,2.0322004359047052,2.0525224208831787,2300,0.0,0.0
2009-05-11 00:00:00-04:00,2.066070146114995,2.150745153427124,2.066070146114995,2.150745153427124,1900,0.0,0.0
2009-05-12 00:00:00-04:00,2.150745153427124,2.150745153427124,2.150745153427124,2.150745153427124,0,0.0,0.0
2009-05-13 00:00:00-04:00,1.9915558099746704,1.9915558099746704,1.9915558099746704,1.9915558099746704,500,0.0,0.0
2009-05-14 00:00:00-04:00,1.9915558099746704,1.9915558099746704,1.9915558099746704,1.9915558099746704,0,0.0,0.0
2009-05-15 00:00:00-04:00,1.9915558099746704,1.9915558099746704,1.9915558099746704,1.9915558099746704,0,0.0,0.0
2009-05-18 00:00:00-04:00,2.0152655591647575,2.0931665897369385,2.0152655591647575,2.0931665897369385,600,0.0,0.0
2009-05-19 00:00:00-04:00,2.0931665897369385,2.0931665897369385,2.0931665897369385,2.0931665897369385,0,0.0,0.0
2009-05-20 00:00:00-04:00,2.0931665897369385,2.0931665897369385,2.0931665897369385,2.0931665897369385,0,0.0,0.0
2009-05-21 00:00:00-04:00,2.066070318222046,2.066070318222046,2.066070318222046,2.066070318222046,300,0.0,0.0
2009-05-22 00:00:00-04:00,2.066070318222046,2.066070318222046,2.066070318222046,2.066070318222046,0,0.0,0.0
2009-05-26 00:00:00-04:00,2.0322003826020145,2.0322003826020145,2.0254263877868652,2.0254263877868652,1400,0.0,0.0
2009-05-27 00:00:00-04:00,2.08300518989563,2.08300518989563,2.08300518989563,2.08300518989563,1000,0.0,0.0
2009-05-28 00:00:00-04:00,2.116875410079956,2.116875410079956,2.116875410079956,2.116875410079956,100,0.0,0.0
2009-05-29 00:00:00-04:00,2.116875235850994,2.201550245285034,2.116875235850994,2.201550245285034,1600,0.0,0.0
2009-06-01 00:00:00-04:00,2.167680263519287,2.167680263519287,2.167680263519287,2.167680263519287,100,0.0,0.0
2009-06-02 00:00:00-04:00,2.2049373617223,2.2049373617223,2.137197256088257,2.137197256088257,500,0.0,0.0
2009-06-03 00:00:00-04:00,2.2286467109774244,2.2692906856536865,2.2286467109774244,2.2692906856536865,5000,0.0,0.0
2009-06-04 00:00:00-04:00,2.28622545346789,2.2896125316619873,2.28622545346789,2.2896125316619873,1400,0.0,0.0
2009-06-05 00:00:00-04:00,2.3031604264660714,2.3031604264660714,2.221872329711914,2.221872329711914,11600,0.0,0.0
2009-06-08 00:00:00-04:00,2.221872329711914,2.221872329711914,2.221872329711914,2.221872329711914,0,0.0,0.0
2009-06-09 00:00:00-04:00,2.3200952095215843,2.3336431980133057,2.3200952095215843,2.3336431980133057,400,0.0,0.0
2009-06-10 00:00:00-04:00,2.411419325962453,2.4504850769647097,2.2587080001831055,2.2587080001831055,7100,0.319,0.0
2009-06-11 00:00:00-04:00,2.3794565744389384,2.3794565744389384,2.2622594833374023,2.2622594833374023,5300,0.0,0.0
2009-06-12 00:00:00-04:00,2.2622594833374023,2.2622594833374023,2.2622594833374023,2.2622594833374023,0,0.0,0.0
2009-06-15 00:00:00-04:00,2.3119794480324987,2.3119794480324987,2.2587080001831055,2.2587080001831055,3300,0.0,0.0
2009-06-16 00:00:00-04:00,2.2587077606226664,2.336839084995242,2.2587077606226664,2.2729134559631348,700,0.0,0.0
2009-06-17 00:00:00-04:00,2.272913570527705,2.397213495694674,2.272913570527705,2.3084278106689453,5800,0.0,0.0
2009-06-18 00:00:00-04:00,2.3084278106689453,2.3084278106689453,2.3084278106689453,2.3084278106689453,600,0.0,0.0
2009-06-19 00:00:00-04:00,2.2729138377769473,2.2764651775360107,2.2729138377769473,2.2764651775360107,600,0.0,0.0
2009-06-22 00:00:00-04:00,2.2764651775360107,2.2764651775360107,2.2764651775360107,2.2764651775360107,0,0.0,0.0
2009-06-23 00:00:00-04:00,2.2729134559631348,2.2729134559631348,2.2729134559631348,2.2729134559631348,2400,0.0,0.0
2009-06-24 00:00:00-04:00,2.2835683822631836,2.2835683822631836,2.2835683822631836,2.2835683822631836,100,0.0,0.0
2009-06-25 00:00:00-04:00,2.280016788602552,2.485999584197998,2.280016788602552,2.485999584197998,3800,0.0,0.0
2009-06-26 00:00:00-04:00,2.3013248443603516,2.3013248443603516,2.3013248443603516,2.3013248443603516,500,0.0,0.0
2009-06-29 00:00:00-04:00,2.326185464859009,2.326185464859009,2.326185464859009,2.326185464859009,400,0.0,0.0
2009-06-30 00:00:00-04:00,2.326185464859009,2.326185464859009,2.326185464859009,2.326185464859009,0,0.0,0.0
2009-07-01 00:00:00-04:00,2.315530615572111,2.4682419300079346,2.3119792762967553,2.4682419300079346,3500,0.0,0.0
2009-07-02 00:00:00-04:00,2.3155312538146973,2.3155312538146973,2.3155312538146973,2.3155312538146973,700,0.0,0.0
2009-07-06 00:00:00-04:00,2.319082021713257,2.319082021713257,2.319082021713257,2.319082021713257,800,0.0,0.0
2009-07-07 00:00:00-04:00,2.319082021713257,2.319082021713257,2.319082021713257,2.319082021713257,0,0.0,0.0
2009-07-08 00:00:00-04:00,2.319082021713257,2.319082021713257,2.319082021713257,2.319082021713257,0,0.0,0.0
2009-07-09 00:00:00-04:00,2.3155312538146973,2.3155312538146973,2.3155312538146973,2.3155312538146973,300,0.0,0.0
2009-07-10 00:00:00-04:00,2.379456516873889,2.393662214279175,2.379456516873889,2.393662214279175,700,0.0,0.0
2009-07-13 00:00:00-04:00,2.343942403793335,2.343942403793335,2.343942403793335,2.343942403793335,500,0.0,0.0
2009-07-14 00:00:00-04:00,2.343942403793335,2.343942403793335,2.343942403793335,2.343942403793335,0,0.0,0.0
2009-07-15 00:00:00-04:00,2.343942403793335,2.343942403793335,2.343942403793335,2.343942403793335,0,0.0,0.0
2009-07-16 00:00:00-04:00,2.3936622175049966,2.3936622175049966,2.3510451252317064,2.3794565200805664,1800,0.0,0.0
2009-07-17 00:00:00-04:00,2.4114193573553346,2.457587957382202,2.4114193573553346,2.457587957382202,2000,0.0,0.0
2009-07-20 00:00:00-04:00,2.457587957382202,2.457587957382202,2.457587957382202,2.457587957382202,0,0.0,0.0
2009-07-21 00:00:00-04:00,2.343942580404207,2.4469339847564697,2.343942580404207,2.4469339847564697,2500,0.0,0.0
2009-07-22 00:00:00-04:00,2.4469339847564697,2.4469339847564697,2.4469339847564697,2.4469339847564697,0,0.0,0.0
2009-07-23 00:00:00-04:00,2.4327282905578613,2.4327282905578613,2.4327282905578613,2.4327282905578613,1000,0.0,0.0
2009-07-24 00:00:00-04:00,2.4327282905578613,2.4327282905578613,2.4327282905578613,2.4327282905578613,0,0.0,0.0
2009-07-27 00:00:00-04:00,2.4327282905578613,2.4327282905578613,2.4327282905578613,2.4327282905578613,0,0.0,0.0
2009-07-28 00:00:00-04:00,2.446933244240638,2.4504847526550293,2.446933244240638,2.4504847526550293,4800,0.0,0.0
2009-07-29 00:00:00-04:00,2.4682426510066175,2.4682426510066175,2.4540369510650635,2.4540369510650635,2400,0.0,0.0
2009-07-30 00:00:00-04:00,2.464691400527954,2.464691400527954,2.464691400527954,2.464691400527954,400,0.0,0.0
2009-07-31 00:00:00-04:00,2.464691400527954,2.464691400527954,2.464691400527954,2.464691400527954,0,0.0,0.0
2009-08-03 00:00:00-04:00,2.4611389392077196,2.4859989900727344,2.4504847526550293,2.4504847526550293,6200,0.0,0.0
2009-08-04 00:00:00-04:00,2.4540368395014793,2.4540368395014793,2.4327282905578613,2.4327282905578613,2200,0.0,0.0
2009-08-05 00:00:00-04:00,2.4504850213757083,2.4540363608342983,2.358147824618718,2.4185221195220947,5500,0.0,0.0
2009-08-06 00:00:00-04:00,2.418522591262116,2.4327282905578613,2.418522591262116,2.4327282905578613,12300,0.0,0.0
2009-08-07 00:00:00-04:00,2.432728285490316,2.4469339847564697,2.432728285490316,2.4469339847564697,34200,0.0,0.0
2009-08-10 00:00:00-04:00,2.507308239928768,2.5641310358289315,2.4859996914662066,2.5215139389038086,109600,0.0,0.0
2009-08-11 00:00:00-04:00,2.5321681719632907,2.5996453234138803,2.5286166627233895,2.5428223609924316,193700,0.0,0.0
2009-08-12 00:00:00-04:00,2.539271354675293,2.539271354675293,2.539271354675293,2.539271354675293,5000,0.0,0.0
2009-08-13 00:00:00-04:00,2.557027642167467,2.599644899368286,2.557027642167467,2.599644899368286,2200,0.0,0.0
2009-08-14 00:00:00-04:00,2.6245059967041016,2.6245059967041016,2.6245059967041016,2.6245059967041016,3700,0.0,0.0
2009-08-17 00:00:00-04:00,2.6245059967041016,2.6245059967041016,2.6245059967041016,2.6245059967041016,0,0.0,0.0
2009-08-18 00:00:00-04:00,2.6245059967041016,2.6245059967041016,2.6245059967041016,2.6245059967041016,0,0.0,0.0
2009-08-19 00:00:00-04:00,2.6245059967041016,2.6245059967041016,2.6245059967041016,2.6245059967041016,0,0.0,0.0
2009-08-20 00:00:00-04:00,2.6245058319854704,2.66357159614563,2.549925813745767,2.66357159614563,4000,0.0,0.0
2009-08-21 00:00:00-04:00,2.5499256158015053,2.592542886734009,2.5499256158015053,2.592542886734009,800,0.0,0.0
2009-08-24 00:00:00-04:00,2.5925430879865417,2.66357159614563,2.5925430879865417,2.66357159614563,1000,0.0,0.0
2009-08-25 00:00:00-04:00,2.674225889152553,2.674225889152553,2.58899151218014,2.610300064086914,1000,0.0,0.0
2009-08-26 00:00:00-04:00,2.610300064086914,2.610300064086914,2.610300064086914,2.610300064086914,0,0.0,0.0
2009-08-27 00:00:00-04:00,2.628056677180026,2.628056677180026,2.603196620941162,2.603196620941162,1500,0.0,0.0
2009-08-28 00:00:00-04:00,2.603196620941162,2.603196620941162,2.603196620941162,2.603196620941162,0,0.0,0.0
2009-08-31 00:00:00-04:00,2.588991066780926,2.588991066780926,2.5144110632649914,2.5250654220581055,1700,0.0,0.0
2009-09-01 00:00:00-04:00,2.517962694168091,2.517962694168091,2.517962694168091,2.517962694168091,100,0.0,0.0
2009-09-02 00:00:00-04:00,2.603196620941162,2.603196620941162,2.603196620941162,2.603196620941162,100,0.0,0.0
2009-09-03 00:00:00-04:00,2.5286169052124023,2.5286169052124023,2.5286169052124023,2.5286169052124023,100,0.0,0.0
2009-09-04 00:00:00-04:00,2.5286169052124023,2.5286169052124023,2.5286169052124023,2.5286169052124023,0,0.0,0.0
2009-09-08 00:00:00-04:00,2.603196620941162,2.603196620941162,2.603196620941162,2.603196620941162,200,0.0,0.0
2009-09-09 00:00:00-04:00,2.5215137725509287,2.603196620941162,2.5179624327141075,2.603196620941162,1700,0.0,0.0
2009-09-10 00:00:00-04:00,2.610300130353653,2.7203944026729006,2.610300130353653,2.66357159614563,4100,0.0,0.0
2009-09-11 00:00:00-04:00,2.6706738471984863,2.6706738471984863,2.6706738471984863,2.6706738471984863,300,0.0,0.0
2009-09-14 00:00:00-04:00,2.6706738471984863,2.6706738471984863,2.6706738471984863,2.6706738471984863,0,0.0,0.0
2009-09-15 00:00:00-04:00,2.6706738471984863,2.6706738471984863,2.6706738471984863,2.6706738471984863,0,0.0,0.0
2009-09-16 00:00:00-04:00,2.7203941345214844,2.7203941345214844,2.7203941345214844,2.7203941345214844,1500,0.0,0.0
2009-09-17 00:00:00-04:00,2.7203944026729006,2.830488674992148,2.66357159614563,2.66357159614563,10300,0.0,0.0
2009-09-18 00:00:00-04:00,2.66357159614563,2.7772173785454926,2.66357159614563,2.66357159614563,7200,0.0,0.0
2009-09-21 00:00:00-04:00,2.6280573420660858,2.66357159614563,2.6280573420660858,2.66357159614563,4900,0.0,0.0
2009-09-22 00:00:00-04:00,2.68132829922174,2.748805284500122,2.5286167816304292,2.748805284500122,6200,0.0,0.0
2009-09-23 00:00:00-04:00,2.755908515753676,2.8127313158821057,2.752357006072998,2.752357006072998,2000,0.0,0.0
2009-09-24 00:00:00-04:00,2.7701140828449264,2.7878711223602295,2.7701140828449264,2.7878711223602295,1200,0.0,0.0
2009-09-25 00:00:00-04:00,2.8198341387564763,2.8198341387564763,2.755908489227295,2.755908489227295,1000,0.0,0.0
2009-09-28 00:00:00-04:00,2.8340392112731934,2.8340392112731934,2.8340392112731934,2.8340392112731934,100,0.0,0.0
2009-09-29 00:00:00-04:00,2.7701139666583803,2.7807681560516357,2.5392711078793004,2.7807681560516357,14000,0.0,0.0
2009-09-30 00:00:00-04:00,2.699084872252856,2.7345991134643555,2.699084872252856,2.7345991134643555,1000,0.0,0.0
2009-10-01 00:00:00-04:00,2.7345991134643555,2.7345991134643555,2.7345991134643555,2.7345991134643555,0,0.0,0.0
2009-10-02 00:00:00-04:00,2.7345991134643555,2.7345991134643555,2.7345991134643555,2.7345991134643555,0,0.0,0.0
2009-10-05 00:00:00-04:00,2.7701141927762793,2.8091797828674316,2.7701141927762793,2.8091797828674316,2800,0.0,0.0
2009-10-06 00:00:00-04:00,2.805627934231069,2.841142177581787,2.805627934231069,2.841142177581787,400,0.0,0.0
2009-10-07 00:00:00-04:00,2.8056278228759766,2.8056278228759766,2.75590788415835,2.8056278228759766,4000,0.0,0.0
2009-10-08 00:00:00-04:00,2.805628294746065,2.84114254266026,2.805628294746065,2.819833993911743,1600,0.0,0.0
2009-10-09 00:00:00-04:00,2.819833993911743,2.819833993911743,2.819833993911743,2.819833993911743,0,0.0,0.0
2009-10-12 00:00:00-04:00,2.8766565463870806,2.9299278259277344,2.8517963224029783,2.9299278259277344,1900,0.0,0.0
2009-10-13 00:00:00-04:00,2.9299278259277344,2.9299278259277344,2.9299278259277344,2.9299278259277344,0,0.0,0.0
2009-10-14 00:00:00-04:00,2.894413916801305,2.894413916801305,2.844694137573242,2.844694137573242,4400,0.0,0.0
2009-10-15 00:00:00-04:00,2.940581745973033,2.961890459060669,2.940581745973033,2.961890459060669,1000,0.0,0.0
2009-10-16 00:00:00-04:00,2.961890459060669,2.961890459060669,2.961890459060669,2.961890459060669,0,0.0,0.0
2009-10-19 00:00:00-04:00,2.940582014097758,2.940582014097758,2.9299278259277344,2.9299278259277344,4700,0.0,0.0
2009-10-20 00:00:00-04:00,2.9299278259277344,2.9299278259277344,2.9299278259277344,2.9299278259277344,0,0.0,0.0
2009-10-21 00:00:00-04:00,2.9299278259277344,2.9299278259277344,2.9299278259277344,2.9299278259277344,700,0.0,0.0
2009-10-22 00:00:00-04:00,2.929929043721565,2.9654434706368846,2.8482463359832764,2.8482463359832764,5800,0.0,0.0
2009-10-23 00:00:00-04:00,2.993854410785257,2.993854410785257,2.8837599754333496,2.8837599754333496,3000,0.0,0.0
2009-10-26 00:00:00-04:00,2.8944141663736556,2.8944141663736556,2.8837599754333496,2.8837599754333496,2500,0.0,0.0
2009-10-27 00:00:00-04:00,2.901517629623413,2.901517629623413,2.901517629623413,2.901517629623413,100,0.0,0.0
2009-10-28 00:00:00-04:00,2.901517629623413,2.901517629623413,2.901517629623413,2.901517629623413,0,0.0,0.0
2009-10-29 00:00:00-04:00,2.91927362914016,2.9725449085235596,2.91927362914016,2.9725449085235596,3000,0.0,0.0
2009-10-30 00:00:00-04:00,2.894413683510307,2.919273909811188,2.8908625129163816,2.8979651927948,3500,0.0,0.0
2009-11-02 00:00:00-05:00,2.8979656963793055,2.9015172062809502,2.890863015266642,2.894414186477661,700,0.0,0.0
2009-11-03 00:00:00-05:00,2.7843198291047426,2.9121711254119873,2.7843198291047426,2.9121711254119873,1000,0.0,0.0
2009-11-04 00:00:00-05:00,2.9121711254119873,2.9121711254119873,2.9121711254119873,2.9121711254119873,0,0.0,0.0
2009-11-05 00:00:00-05:00,3.1536685525162893,3.1536685525162893,2.954788407248149,2.9867513179779053,700,0.0,0.0
2009-11-06 00:00:00-05:00,2.9831988435978296,2.9903018608813534,2.8695532765854947,2.8766562938690186,6400,0.0,0.0
2009-11-09 00:00:00-05:00,2.8766562938690186,2.8766562938690186,2.8766562938690186,2.8766562938690186,0,0.0,0.0
2009-11-10 00:00:00-05:00,2.9334795475006104,2.9334795475006104,2.9334795475006104,2.9334795475006104,300,0.0,0.0
2009-11-11 00:00:00-05:00,2.9334795475006104,2.9334795475006104,2.9334795475006104,2.9334795475006104,0,0.0,0.0
2009-11-12 00:00:00-05:00,2.9334803090711037,2.9405829906463623,2.908620076831079,2.9405829906463623,2100,0.0,0.0
2009-11-13 00:00:00-05:00,2.9370308438347736,2.9370308438347736,2.9299278259277344,2.9299278259277344,600,0.0,0.0
2009-11-16 00:00:00-05:00,2.944134412837286,2.965443134307861,2.929928711420449,2.9654431343078613,1900,0.0,0.0
2009-11-17 00:00:00-05:00,2.965443134307861,2.965443134307861,2.965443134307861,2.9654431343078613,0,0.0,0.0
2009-11-18 00:00:00-05:00,2.951237432891024,2.965443134307861,2.915723010003612,2.9654431343078613,4800,0.0,0.0
2009-11-19 00:00:00-05:00,2.965443134307861,2.965443134307861,2.965443134307861,2.9654431343078613,0,0.0,0.0
2009-11-20 00:00:00-05:00,2.965443134307861,2.965443134307861,2.965443134307861,2.9654431343078613,1100,0.0,0.0
2009-11-23 00:00:00-05:00,2.968993685031816,2.968993685031816,2.894413683510307,2.8979651927948,5200,0.0,0.0
2009-11-24 00:00:00-05:00,2.894413874151188,2.897965383669601,2.887311193804951,2.8908627033233643,3200,0.0,0.0
2009-11-25 00:00:00-05:00,2.9441343090288075,2.9476858189304522,2.894414186477661,2.894414186477661,900,0.0,0.0
2009-11-27 00:00:00-05:00,2.894414186477661,2.894414186477661,2.894414186477661,2.894414186477661,0,0.0,0.0
2009-11-30 00:00:00-05:00,2.9263763427734375,2.9263763427734375,2.9263763427734375,2.9263763427734375,100,0.0,0.0
2009-12-01 00:00:00-05:00,2.9299286149461587,2.9299286149461587,2.8482459191615845,2.8802084922790527,7900,0.0,0.0
2009-12-02 00:00:00-05:00,2.9405825512974335,2.94413406089976,2.905068471345961,2.9086196422576904,1100,0.0,0.0
2009-12-03 00:00:00-05:00,2.951237053301591,2.9547882241810686,2.9121711254119873,2.9121711254119873,1400,0.0,0.0
2009-12-04 00:00:00-05:00,2.947685718536377,2.951237228317062,2.9228254887621956,2.947685718536377,5700,0.0,0.0
2009-12-07 00:00:00-05:00,2.944133780487603,2.9547879695892334,2.926376572857842,2.9547879695892334,1500,0.0,0.0
2009-12-08 00:00:00-05:00,2.972545609619944,2.972545609619944,2.940582698975007,2.947685718536377,2800,0.0,0.0
2009-12-09 00:00:00-05:00,2.9725449085235596,2.9725449085235596,2.947685023303378,2.9725449085235596,4600,0.0,0.0
2009-12-10 00:00:00-05:00,3.0238663804543897,3.042327174535698,2.9278707089750533,3.020174503326416,1300,0.319,0.0
2009-12-11 00:00:00-05:00,3.0238660718930643,3.0238660718930643,2.9574077129364014,2.9574077129364014,500,0.0,0.0
2009-12-14 00:00:00-05:00,2.927869705569606,2.994328224587102,2.927869705569606,2.9906363487243652,1700,0.0,0.0
2009-12-15 00:00:00-05:00,3.0386341439346625,3.046018600463867,3.0386341439346625,3.046018600463867,3000,0.0,0.0
2009-12-16 00:00:00-05:00,3.027558201144045,3.071863889694214,3.027558201144045,3.071863889694214,1000,0.0,0.0
2009-12-17 00:00:00-05:00,3.0644804978280504,3.0829412937164307,3.0460197019396706,3.0829412937164307,4700,0.0,0.0
2009-12-18 00:00:00-05:00,3.0829408595882386,3.119862094055494,3.0644800662994385,3.0644800662994385,7700,0.0,0.0
2009-12-21 00:00:00-05:00,3.046018600463867,3.046018600463867,3.046018600463867,3.046018600463867,500,0.0,0.0
2009-12-22 00:00:00-05:00,3.0534025850335325,3.07924747467041,3.0460181296457316,3.07924747467041,800,0.0,0.0
2009-12-23 00:00:00-05:00,3.0201743736725253,3.0644800662994385,3.009097686433038,3.0644800662994385,3400,0.0,0.0
2009-12-24 00:00:00-05:00,3.0164825916290283,3.0164825916290283,3.0164825916290283,3.0164825916290283,100,0.0,0.0
2009-12-28 00:00:00-05:00,3.031250198815509,3.049710988998413,3.0127894086326044,3.049710988998413,4100,0.0,0.0
2009-12-29 00:00:00-05:00,3.027558492757152,3.027558492757152,2.998021364212036,2.998021364212036,4100,0.0,0.0
2009-12-30 00:00:00-05:00,2.998021364212036,2.998021364212036,2.998021364212036,2.998021364212036,0,0.0,0.0
2009-12-31 00:00:00-05:00,3.0090978145599365,3.0090978145599365,3.0090978145599365,3.0090978145599365,100,0.0,0.0
2010-01-04 00:00:00-05:00,3.0275580883026123,3.0275580883026123,3.0275580883026123,3.0275580883026123,100,0.0,0.0
2010-01-05 00:00:00-05:00,3.0349422677803277,3.046018600463867,3.001712917619443,3.046018600463867,3300,0.0,0.0
2010-01-06 00:00:00-05:00,3.001713275909424,3.001713275909424,3.001713275909424,3.001713275909424,500,0.0,0.0
2010-01-07 00:00:00-05:00,3.046019402709652,3.046019402709652,3.0090978145599365,3.0090978145599365,1600,0.0,0.0
2010-01-08 00:00:00-05:00,3.0275578112511234,3.046018600463867,3.023865582986521,3.046018600463867,1500,0.0,0.0
2010-01-11 00:00:00-05:00,2.9980217734740404,3.0829412937164307,2.9980217734740404,3.0829412937164307,6900,0.0,0.0
2010-01-12 00:00:00-05:00,3.049711221474286,3.071863889694214,3.0423267639941014,3.071863889694214,4000,0.0,0.0
2010-01-13 00:00:00-05:00,3.07924747467041,3.07924747467041,3.07924747467041,3.07924747467041,100,0.0,0.0
2010-01-14 00:00:00-05:00,3.0903230149086305,3.2047795793615976,3.0903230149086305,3.1900110244750977,7800,0.0,0.0
2010-01-15 00:00:00-05:00,3.119862422144383,3.1826289146607043,3.116170192676274,3.164168119430542,1100,0.0,0.0
2010-01-19 00:00:00-05:00,3.175244576131714,3.175244576131714,3.1309385299682617,3.1309385299682617,600,0.0,0.0
2010-01-20 00:00:00-05:00,3.193704605102539,3.193704605102539,3.1863204997699666,3.193704605102539,300,0.0,0.0
2010-01-21 00:00:00-05:00,3.208472648669929,3.208472648669929,3.1087849540950425,3.123553514480591,3200,0.0,0.0
2010-01-22 00:00:00-05:00,3.153090600234438,3.230625629425049,3.1087849195698385,3.230625629425049,8200,0.0,0.0
2010-01-25 00:00:00-05:00,3.2306268414149724,3.2306268414149724,3.1567840126047066,3.164168119430542,2900,0.0,0.0
2010-01-26 00:00:00-05:00,3.1789357701542427,3.1789357701542427,3.156783103942871,3.156783103942871,1000,0.0,0.0
2010-01-27 00:00:00-05:00,3.193704605102539,3.193704605102539,3.193704605102539,3.193704605102539,100,0.0,0.0
2010-01-28 00:00:00-05:00,3.1567831823239025,3.1567831823239025,3.1124774966907953,3.1530909538269043,2700,0.0,0.0
2010-01-29 00:00:00-05:00,3.119860929005979,3.119860929005979,3.1124768257141113,3.1124768257141113,2000,0.0,0.0
2010-02-01 00:00:00-05:00,3.0829412937164307,3.0829412937164307,3.0829412937164307,3.0829412937164307,500,0.0,0.0
2010-02-02 00:00:00-05:00,3.0829412937164307,3.0829412937164307,3.0534041611391807,3.0829412937164307,6000,0.0,0.0
2010-02-03 00:00:00-05:00,3.057094933147406,3.057094933147406,3.0090970220383797,3.046018600463867,3400,0.0,0.0
2010-02-04 00:00:00-05:00,3.027558572613384,3.027558572613384,2.9943292140960693,2.9943292140960693,1200,0.0,0.0
2010-02-05 00:00:00-05:00,2.9943292140960693,2.9943292140960693,2.9943292140960693,2.9943292140960693,0,0.0,0.0
2010-02-08 00:00:00-05:00,2.9943292140960693,2.9943292140960693,2.9943292140960693,2.9943292140960693,0,0.0,0.0
2010-02-09 00:00:00-05:00,2.9943292140960693,2.9943292140960693,2.9943292140960693,2.9943292140960693,200,0.0,0.0
2010-02-10 00:00:00-05:00,2.9943292140960693,2.9943292140960693,2.9943292140960693,2.9943292140960693,500,0.0,0.0
2010-02-11 00:00:00-05:00,3.0386347404526,3.0386347404526,3.0238661766052246,3.0238661766052246,2900,0.0,0.0
2010-02-12 00:00:00-05:00,3.0090978145599365,3.0090978145599365,3.0090978145599365,3.0090978145599365,500,0.0,0.0
2010-02-16 00:00:00-05:00,3.042327472339916,3.0829412937164307,3.042327472339916,3.0829412937164307,2900,0.0,0.0
2010-02-17 00:00:00-05:00,3.0829412937164307,3.0829412937164307,3.0829412937164307,3.0829412937164307,300,0.0,0.0
2010-02-18 00:00:00-05:00,3.0829408453239355,3.156783666027131,3.0829408453239355,3.1198620796203613,5200,0.0,0.0
2010-02-19 00:00:00-05:00,3.119862422144383,3.1937052509546486,3.119862422144383,3.164168119430542,2600,0.0,0.0
2010-02-22 00:00:00-05:00,3.119861722169582,3.1420147418975826,3.0977090545518844,3.142014741897583,1000,0.0,0.0
2010-02-23 00:00:00-05:00,3.1420147418975826,3.1420147418975826,3.1420147418975826,3.142014741897583,0,0.0,0.0
2010-02-24 00:00:00-05:00,3.0829400593043768,3.0977086196796564,3.0829400593043768,3.0903241634368896,1400,0.0,0.0
2010-02-25 00:00:00-05:00,3.0903241634368896,3.0903241634368896,3.0903241634368896,3.0903241634368896,0,0.0,0.0
2010-02-26 00:00:00-05:00,3.0903241634368896,3.0903241634368896,3.0903241634368896,3.0903241634368896,0,0.0,0.0
2010-03-01 00:00:00-05:00,3.0977089405059814,3.0977089405059814,3.0977089405059814,3.0977089405059814,200,0.0,0.0
2010-03-02 00:00:00-05:00,3.1272459809208555,3.156783103942871,3.1272459809208555,3.156783103942871,1800,0.0,0.0
2010-03-03 00:00:00-05:00,3.1198625333827956,3.1198625333827956,3.0829412937164307,3.0829412937164307,700,0.0,0.0
2010-03-04 00:00:00-05:00,3.186319816337356,3.230625495160616,3.0866317749023438,3.0866317749023438,4600,0.0,0.0
2010-03-05 00:00:00-05:00,3.190012495354601,3.190012495354601,3.138322353363037,3.138322353363037,500,0.0,0.0
2010-03-08 00:00:00-05:00,3.090324401088196,3.156783103942871,3.0534031733658167,3.156783103942871,4700,0.0,0.0
2010-03-09 00:00:00-05:00,3.0866317749023438,3.0866317749023438,3.053402779867575,3.0866317749023438,1000,0.0,0.0
2010-03-10 00:00:00-05:00,3.0977094094645743,3.1198620796203613,3.0829408453239355,3.1198620796203613,1200,0.0,0.0
2010-03-11 00:00:00-05:00,3.1198620796203613,3.1198620796203613,3.1198620796203613,3.1198620796203613,0,0.0,0.0
2010-03-12 00:00:00-05:00,3.075555839577188,3.156783103942871,3.0460187165551726,3.156783103942871,3200,0.0,0.0
2010-03-15 00:00:00-04:00,3.1198617912252566,3.193704605102539,3.1198617912252566,3.193704605102539,1100,0.0,0.0
2010-03-16 00:00:00-04:00,3.1900110244750977,3.1900110244750977,3.1900110244750977,3.1900110244750977,200,0.0,0.0
2010-03-17 00:00:00-04:00,3.1900110244750977,3.1900110244750977,3.1900110244750977,3.1900110244750977,0,0.0,0.0
2010-03-18 00:00:00-04:00,3.1272457426045412,3.1272457426045412,3.11986128635664,3.123553514480591,900,0.0,0.0
2010-03-19 00:00:00-04:00,3.1900110244750977,3.1900110244750977,3.1900110244750977,3.1900110244750977,300,0.0,0.0
2010-03-22 00:00:00-04:00,3.156783103942871,3.156783103942871,3.156783103942871,3.156783103942871,400,0.0,0.0
2010-03-23 00:00:00-04:00,3.156783103942871,3.156783103942871,3.156783103942871,3.156783103942871,0,0.0,0.0
2010-03-24 00:00:00-04:00,3.1900127284914084,3.193704605102539,3.1900127284914084,3.193704605102539,1000,0.0,0.0
2010-03-25 00:00:00-04:00,3.193704605102539,3.193704605102539,3.193704605102539,3.193704605102539,0,0.0,0.0
2010-03-26 00:00:00-04:00,3.171551665453879,3.171551665453879,3.156783103942871,3.156783103942871,2000,0.0,0.0
2010-03-29 00:00:00-04:00,3.171551465988159,3.171551465988159,3.164167009641939,3.171551465988159,2400,0.0,0.0
2010-03-30 00:00:00-04:00,3.156783103942871,3.156783103942871,3.156783103942871,3.156783103942871,800,0.0,0.0
2010-03-31 00:00:00-04:00,3.1161694526672363,3.1161694526672363,3.1161694526672363,3.1161694526672363,1000,0.0,0.0
2010-04-01 00:00:00-04:00,3.0940165519714355,3.0940165519714355,3.0940165519714355,3.0940165519714355,200,0.0,0.0
2010-04-05 00:00:00-04:00,3.156783103942871,3.156783103942871,3.156783103942871,3.156783103942871,800,0.0,0.0
2010-04-06 00:00:00-04:00,3.156783103942871,3.156783103942871,3.156783103942871,3.156783103942871,100,0.0,0.0
2010-04-07 00:00:00-04:00,3.156783103942871,3.156783103942871,3.156783103942871,3.156783103942871,0,0.0,0.0
2010-04-08 00:00:00-04:00,3.156783103942871,3.156783103942871,3.156783103942871,3.156783103942871,0,0.0,0.0
2010-04-09 00:00:00-04:00,3.119861607308102,3.119861607308102,3.0977089405059814,3.0977089405059814,2400,0.0,0.0
2010-04-12 00:00:00-04:00,3.09770901393133,3.1161694526672363,3.09770901393133,3.1161694526672363,1000,0.0,0.0
2010-04-13 00:00:00-04:00,3.1198620796203613,3.1198620796203613,3.0866327222763372,3.1198620796203613,1100,0.0,0.0
2010-04-14 00:00:00-04:00,3.086633171205791,3.086633171205791,3.0829412937164307,3.0829412937164307,1000,0.0,0.0
2010-04-15 00:00:00-04:00,3.0829398990830823,3.0866317749023438,3.0829398990830823,3.0866317749023438,900,0.0,0.0
2010-04-16 00:00:00-04:00,3.1014003345100973,3.1014003345100973,3.0866317749023438,3.0866317749023438,1000,0.0,0.0
2010-04-19 00:00:00-04:00,3.0866317749023438,3.0866317749023438,3.0866317749023438,3.0866317749023438,0,0.0,0.0
2010-04-20 00:00:00-04:00,3.119861563215315,3.138322353363037,3.119861563215315,3.138322353363037,1800,0.0,0.0
2010-04-21 00:00:00-04:00,3.138322353363037,3.138322353363037,3.138322353363037,3.138322353363037,0,0.0,0.0
2010-04-22 00:00:00-04:00,3.0903241634368896,3.0903241634368896,3.0903241634368896,3.0903241634368896,200,0.0,0.0
2010-04-23 00:00:00-04:00,3.1530909538269043,3.1530909538269043,3.1530909538269043,3.1530909538269043,600,0.0,0.0
2010-04-26 00:00:00-04:00,3.1383223140265413,3.156783103942871,3.090324401088196,3.156783103942871,1500,0.0,0.0
2010-04-27 00:00:00-04:00,3.156783103942871,3.156783103942871,3.156783103942871,3.156783103942871,400,0.0,0.0
2010-04-28 00:00:00-04:00,3.156783103942871,3.156783103942871,3.156783103942871,3.156783103942871,400,0.0,0.0
2010-04-29 00:00:00-04:00,3.094017630405301,3.116170303783041,3.0460197019396706,3.0829412937164307,11500,0.0,0.0
2010-04-30 00:00:00-04:00,3.0829412937164307,3.0829412937164307,3.0829412937164307,3.0829412937164307,0,0.0,0.0
2010-05-03 00:00:00-04:00,3.1124768257141113,3.1124768257141113,3.1124768257141113,3.1124768257141113,200,0.0,0.0
2010-05-04 00:00:00-04:00,3.1124768257141113,3.1124768257141113,3.1124768257141113,3.1124768257141113,0,0.0,0.0
2010-05-05 00:00:00-04:00,3.101400890412332,3.1161694526672363,3.0718637659025227,3.1161694526672363,2400,0.0,0.0
2010-05-06 00:00:00-04:00,3.07555572236015,3.07555572236015,3.046018600463867,3.046018600463867,2600,0.0,0.0
2010-05-07 00:00:00-04:00,3.046018600463867,3.046018600463867,3.046018600463867,3.046018600463867,100,0.0,0.0
2010-05-10 00:00:00-04:00,3.0866327365577226,3.0866327365577226,3.0644800662994385,3.0644800662994385,1500,0.0,0.0
2010-05-11 00:00:00-04:00,3.0644800662994385,3.0644800662994385,3.0644800662994385,3.0644800662994385,0,0.0,0.0
2010-05-12 00:00:00-04:00,3.0644800662994385,3.0644800662994385,3.0644800662994385,3.0644800662994385,0,0.0,0.0
2010-05-13 00:00:00-04:00,3.0644800662994385,3.0644800662994385,3.0644800662994385,3.0644800662994385,0,0.0,0.0
2010-05-14 00:00:00-04:00,3.0644800662994385,3.0644800662994385,3.0644800662994385,3.0644800662994385,0,0.0,0.0
2010-05-17 00:00:00-04:00,3.0644795507226794,3.0644795507226794,3.049710988998413,3.049710988998413,2000,0.0,0.0
2010-05-18 00:00:00-04:00,3.049710988998413,3.049710988998413,3.049710988998413,3.049710988998413,0,0.0,0.0
2010-05-19 00:00:00-04:00,3.057094933147406,3.057094933147406,3.046018600463867,3.046018600463867,3200,0.0,0.0
2010-05-20 00:00:00-04:00,3.049710828728469,3.049710828728469,3.046018600463867,3.046018600463867,1200,0.0,0.0
2010-05-21 00:00:00-04:00,3.0460192730106384,3.0644800662994385,3.0460192730106384,3.0644800662994385,1200,0.0,0.0
2010-05-24 00:00:00-04:00,3.046018600463867,3.046018600463867,3.046018600463867,3.046018600463867,2200,0.0,0.0
2010-05-25 00:00:00-04:00,3.0164822730340237,3.0607879675474665,3.0090978145599365,3.0090978145599365,9200,0.0,0.0
2010-05-26 00:00:00-04:00,3.0090978145599365,3.0090978145599365,3.0090978145599365,3.0090978145599365,0,0.0,0.0
2010-05-27 00:00:00-04:00,3.0460192730106384,3.0644800662994385,3.012789915512867,3.0644800662994385,3900,0.0,0.0
2010-05-28 00:00:00-04:00,3.0534031354552744,3.0755558013916016,3.0534031354552744,3.0755558013916016,700,0.0,0.0
2010-06-01 00:00:00-04:00,3.082940258110562,3.082940258110562,3.0755558013916016,3.0755558013916016,200,0.0,0.0
2010-06-02 00:00:00-04:00,3.07924747467041,3.07924747467041,3.07924747467041,3.07924747467041,400,0.0,0.0
2010-06-03 00:00:00-04:00,3.1198620796203613,3.1198620796203613,3.1198620796203613,3.1198620796203613,100,0.0,0.0
2010-06-04 00:00:00-04:00,3.112478176181183,3.1346308477787788,3.0866329231701655,3.1050937175750732,49000,0.0,0.0
2010-06-07 00:00:00-04:00,3.1161690582326895,3.1272457426045412,3.097708621833445,3.123553514480591,6200,0.0,0.0
2010-06-08 00:00:00-04:00,3.1309385299682617,3.1346307591669422,3.101401400599532,3.1309385299682617,3900,0.0,0.0
2010-06-09 00:00:00-04:00,3.130937259998887,3.130937259998887,3.0940160393191216,3.1124768257141113,3200,0.0,0.0
2010-06-10 00:00:00-04:00,3.1773281460112326,3.1773281460112326,3.1159305572509766,3.1159305572509766,3600,0.319,0.0
2010-06-11 00:00:00-04:00,3.154304775936318,3.158141851425171,3.1197685348267306,3.158141851425171,4600,0.0,0.0
2010-06-14 00:00:00-04:00,3.1236056870012447,3.1850032806396484,3.1236056870012447,3.1850032806396484,3100,0.0,0.0
2010-06-15 00:00:00-04:00,3.146629705352401,3.1773285031834653,3.146629705352401,3.16581654548645,2100,0.0,0.0
2010-06-16 00:00:00-04:00,3.169654092453977,3.208027408043786,3.146629810333252,3.146629810333252,5700,0.0,0.0
2010-06-17 00:00:00-04:00,3.1734913233220787,3.1850032806396484,3.1389550854108457,3.1850032806396484,1900,0.0,0.0
2010-06-18 00:00:00-04:00,3.1811661341510824,3.1811661341510824,3.1504673344889063,3.158141851425171,2200,0.0,0.0
2010-06-21 00:00:00-04:00,3.1389554621985387,3.1926781801015403,3.1389554621985387,3.1888411045074463,11400,0.0,0.0
2010-06-22 00:00:00-04:00,3.204190682098825,3.204190682098825,3.173491879895604,3.1965157985687256,4500,0.0,0.0
2010-06-23 00:00:00-04:00,3.2041901305404097,3.2041901305404097,3.16965389251709,3.16965389251709,500,0.0,0.0
2010-06-24 00:00:00-04:00,3.169654274817558,3.1734917163848877,3.169654274817558,3.1734917163848877,500,0.0,0.0
2010-06-25 00:00:00-04:00,3.1773282542725365,3.1811656951904297,3.1734911793131513,3.1811656951904297,900,0.0,0.0
2010-06-28 00:00:00-04:00,3.177328408767535,3.177328408767535,3.165816451412604,3.16965389251709,300,0.0,0.0
2010-06-29 00:00:00-04:00,3.1773290634155273,3.1773290634155273,3.1773290634155273,3.1773290634155273,500,0.0,0.0
2010-06-30 00:00:00-04:00,3.127443051762995,3.158141851425171,3.127443051762995,3.158141851425171,300,0.0,0.0
2010-07-01 00:00:00-04:00,2.958599063852177,3.1696535439268327,2.958599063852177,3.1044185161590576,5400,0.0,0.0
2010-07-02 00:00:00-04:00,3.0852318317401175,3.108256111018415,3.0852318317401175,3.0929067134857178,3500,0.0,0.0
2010-07-06 00:00:00-04:00,3.096743788400014,3.096743788400014,3.0929067134857178,3.0929067134857178,300,0.0,0.0
2010-07-07 00:00:00-04:00,3.092907523588729,3.1466302460451225,3.0890700817108154,3.0890700817108154,400,0.0,0.0
2010-07-08 00:00:00-04:00,3.146629810333252,3.146629810333252,3.146629810333252,3.146629810333252,100,0.0,0.0
2010-07-09 00:00:00-04:00,3.158141851425171,3.158141851425171,3.158141851425171,3.158141851425171,200,0.0,0.0
2010-07-12 00:00:00-04:00,3.150467251679798,3.150467251679798,3.146629810333252,3.146629810333252,200,0.0,0.0
2010-07-13 00:00:00-04:00,3.1082565784454346,3.1082565784454346,3.104419136995551,3.1082565784454346,4100,0.0,0.0
2010-07-14 00:00:00-04:00,3.108255905536539,3.108255905536539,3.096743583679199,3.096743583679199,1900,0.0,0.0
2010-07-15 00:00:00-04:00,3.096743583679199,3.096743583679199,3.096743583679199,3.096743583679199,0,0.0,0.0
2010-07-16 00:00:00-04:00,3.161979010308118,3.16965389251709,3.161979010308118,3.16965389251709,1000,0.0,0.0
2010-07-19 00:00:00-04:00,3.150467251679798,3.1543046930263436,3.146629810333252,3.146629810333252,600,0.0,0.0
2010-07-20 00:00:00-04:00,3.146629893041495,3.158141851425171,3.146629893041495,3.158141851425171,2600,0.0,0.0
2010-07-21 00:00:00-04:00,3.169653738395258,3.1811656951904297,3.169653738395258,3.1811656951904297,1100,0.0,0.0
2010-07-22 00:00:00-04:00,3.1734913336215755,3.1734913336215755,3.16965389251709,3.16965389251709,600,0.0,0.0
2010-07-23 00:00:00-04:00,3.165816297477365,3.1811656951904297,3.165816297477365,3.1811656951904297,6500,0.0,0.0
2010-07-26 00:00:00-04:00,3.1811656951904297,3.1811656951904297,3.1811656951904297,3.1811656951904297,1900,0.0,0.0
2010-07-27 00:00:00-04:00,3.1811656951904297,3.1811656951904297,3.165816297477365,3.1811656951904297,3100,0.0,0.0
2010-07-28 00:00:00-04:00,3.1811656951904297,3.1811656951904297,3.1811656951904297,3.1811656951904297,0,0.0,0.0
2010-07-29 00:00:00-04:00,3.1811656951904297,3.1811656951904297,3.1811656951904297,3.1811656951904297,5100,0.0,0.0
2010-07-30 00:00:00-04:00,3.1811656951904297,3.1811656951904297,3.1811656951904297,3.1811656951904297,100,0.0,0.0
2010-08-02 00:00:00-04:00,3.1811656951904297,3.1811656951904297,3.1351175020512345,3.1811656951904297,5200,0.0,0.0
2010-08-03 00:00:00-04:00,3.1811656951904297,3.1811656951904297,3.1811656951904297,3.1811656951904297,4400,0.0,0.0
2010-08-04 00:00:00-04:00,3.165816297477365,3.1811656951904297,3.165816297477365,3.1811656951904297,12400,0.0,0.0
2010-08-05 00:00:00-04:00,3.1811656951904297,3.1811656951904297,3.1811656951904297,3.1811656951904297,5100,0.0,0.0
2010-08-06 00:00:00-04:00,3.1811656951904297,3.1811656951904297,3.1811656951904297,3.1811656951904297,0,0.0,0.0
2010-08-09 00:00:00-04:00,3.1811656951904297,3.1811656951904297,3.165816297477365,3.1811656951904297,2600,0.0,0.0
2010-08-10 00:00:00-04:00,3.1466294588464065,3.1811656951904297,3.1466294588464065,3.1811656951904297,400,0.0,0.0
2010-08-11 00:00:00-04:00,3.16581654548645,3.16581654548645,3.16581654548645,3.16581654548645,100,0.0,0.0
2010-08-12 00:00:00-04:00,3.192678020142895,3.192678020142895,3.127442980850293,3.1312804222106934,2500,0.0,0.0
2010-08-13 00:00:00-04:00,3.181165839547617,3.1850032806396484,3.181165839547617,3.1850032806396484,900,0.0,0.0
2010-08-16 00:00:00-04:00,3.196515383998722,3.3922204971313477,3.196515383998722,3.3922204971313477,12000,0.0,0.0
2010-08-17 00:00:00-04:00,3.3768711994434635,3.380708640826075,3.3039612770080566,3.3039612770080566,1600,0.0,0.0
2010-08-18 00:00:00-04:00,3.3768710980204677,3.3922204971313477,3.3730336567531123,3.3922204971313477,2600,0.0,0.0
2010-08-19 00:00:00-04:00,3.3922204971313477,3.3922204971313477,3.3922204971313477,3.3922204971313477,2000,0.0,0.0
2010-08-20 00:00:00-04:00,3.342335166772677,3.342335166772677,3.250238763613959,3.300124406814575,3000,0.0,0.0
2010-08-23 00:00:00-04:00,3.300124406814575,3.300124406814575,3.300124406814575,3.300124406814575,0,0.0,0.0
2010-08-24 00:00:00-04:00,3.2502381801605225,3.2502381801605225,3.2502381801605225,3.2502381801605225,1100,0.0,0.0
2010-08-25 00:00:00-04:00,3.2617506980895996,3.2617506980895996,3.2617506980895996,3.2617506980895996,300,0.0,0.0
2010-08-26 00:00:00-04:00,3.2617506980895996,3.2617506980895996,3.2617506980895996,3.2617506980895996,0,0.0,0.0
2010-08-27 00:00:00-04:00,3.326985680095294,3.3384976387023926,3.326985680095294,3.3384976387023926,1100,0.0,0.0
2010-08-30 00:00:00-04:00,3.3384976387023926,3.3384976387023926,3.3384976387023926,3.3384976387023926,0,0.0,0.0
2010-08-31 00:00:00-04:00,3.3883823491956857,3.3883823491956857,3.3768703937530513,3.3768703937530518,2300,0.0,0.0
2010-09-01 00:00:00-04:00,3.3576842576422323,3.3922204971313477,3.3576842576422323,3.3922204971313477,5700,0.0,0.0
2010-09-02 00:00:00-04:00,3.3922204971313477,3.3922204971313477,3.3922204971313477,3.3922204971313477,0,0.0,0.0
2010-09-03 00:00:00-04:00,3.3922204971313477,3.3922204971313477,3.3922204971313477,3.3922204971313477,0,0.0,0.0
2010-09-07 00:00:00-04:00,3.3922204971313477,3.3922204971313477,3.3922204971313477,3.3922204971313477,0,0.0,0.0
2010-09-08 00:00:00-04:00,3.3922197514193613,3.4881535662628567,3.3922197514193613,3.4536173343658447,3400,0.0,0.0
2010-09-09 00:00:00-04:00,3.4881539344787598,3.4881539344787598,3.4881539344787598,3.4881539344787598,500,0.0,0.0
2010-09-10 00:00:00-04:00,3.488154744423764,3.488154744423764,3.4843173027038574,3.4843173027038574,3300,0.0,0.0
2010-09-13 00:00:00-04:00,3.4881539344787598,3.4881539344787598,3.4881539344787598,3.4881539344787598,1300,0.0,0.0
2010-09-14 00:00:00-04:00,3.499665956527194,3.561063547104398,3.499665956527194,3.530364751815796,1200,0.0,0.0
2010-09-15 00:00:00-04:00,3.5649006366729736,3.5649006366729736,3.5649006366729736,3.5649006366729736,600,0.0,0.0
2010-09-16 00:00:00-04:00,3.5303647710263286,3.549551609675737,3.4919914596860204,3.4996659755706787,2900,0.0,0.0
2010-09-17 00:00:00-04:00,3.4996659755706787,3.4996659755706787,3.4996659755706787,3.4996659755706787,0,0.0,0.0
2010-09-20 00:00:00-04:00,3.4728058985508197,3.4958298206329346,3.4574564951765283,3.4958298206329346,700,0.0,0.0
2010-09-21 00:00:00-04:00,3.495829179471292,3.495829179471292,3.4728052616119385,3.4728052616119385,6000,0.0,0.0
2010-09-22 00:00:00-04:00,3.4728052616119385,3.4728052616119385,3.4728052616119385,3.4728052616119385,0,0.0,0.0
2010-09-23 00:00:00-04:00,3.515014917312328,3.515014917312328,3.4536173343658447,3.4536173343658447,2000,0.0,0.0
2010-09-24 00:00:00-04:00,3.4536173343658447,3.4536173343658447,3.4536173343658447,3.4536173343658447,0,0.0,0.0
2010-09-27 00:00:00-04:00,3.4612936692331044,3.491992473602295,3.457456227197302,3.491992473602295,2700,0.0,0.0
2010-09-28 00:00:00-04:00,3.488154744423764,3.491992186143671,3.3615220953355194,3.4843173027038574,6600,0.0,0.0
2010-09-29 00:00:00-04:00,3.4267570846968103,3.46129332769398,3.415244759725368,3.4421064853668213,2000,0.0,0.0
2010-09-30 00:00:00-04:00,3.468967096292971,3.4881539344787598,3.468967096292971,3.4881539344787598,400,0.0,0.0
2010-10-01 00:00:00-04:00,3.4804798609839507,3.4843173027038574,3.4651304600629085,3.4843173027038574,1600,0.0,0.0
2010-10-04 00:00:00-04:00,3.488154744423764,3.491992186143671,3.4843173027038574,3.4843173027038574,2000,0.0,0.0
2010-10-05 00:00:00-04:00,3.491992186143671,3.491992186143671,3.4766427852226287,3.4843173027038574,2100,0.0,0.0
2010-10-06 00:00:00-04:00,3.491992473602295,3.491992473602295,3.491992473602295,3.491992473602295,2500,0.0,0.0
2010-10-07 00:00:00-04:00,3.491992473602295,3.491992473602295,3.491992473602295,3.491992473602295,0,0.0,0.0
2010-10-08 00:00:00-04:00,3.4881550315664924,3.491992473602295,3.4881550315664924,3.491992473602295,1000,0.0,0.0
2010-10-11 00:00:00-04:00,3.4689678199825207,3.49199210380045,3.465130378353103,3.4728052616119385,23200,0.0,0.0
2010-10-12 00:00:00-04:00,3.484317713616531,3.484317713616531,3.457456350326538,3.457456350326538,2500,0.0,0.0
2010-10-13 00:00:00-04:00,3.4843161258390865,3.4919910066866273,3.4536173343658447,3.4536173343658447,3800,0.0,0.0
2010-10-14 00:00:00-04:00,3.4843164518318552,3.4919913333974586,3.4651296138763428,3.4651296138763428,3400,0.0,0.0
2010-10-15 00:00:00-04:00,3.491992473602295,3.491992473602295,3.491992473602295,3.491992473602295,500,0.0,0.0
2010-10-18 00:00:00-04:00,3.5610644817352295,3.5649019236430997,3.557227405785962,3.5610644817352295,1000,0.0,0.0
2010-10-19 00:00:00-04:00,3.491992473602295,3.5303657960844763,3.4881550315664924,3.491992473602295,1600,0.0,0.0
2010-10-20 00:00:00-04:00,3.5533895587169835,3.5533895587169835,3.4689676761627197,3.4689676761627197,1200,0.0,0.0
2010-10-21 00:00:00-04:00,3.4689676761627197,3.4689676761627197,3.4689676761627197,3.4689676761627197,0,0.0,0.0
2010-10-22 00:00:00-04:00,3.476642370223999,3.476642370223999,3.476642370223999,3.476642370223999,300,0.0,0.0
2010-10-25 00:00:00-04:00,3.4881549152787077,3.5610644817352295,3.4881549152787077,3.5610644817352295,10300,0.0,0.0
2010-10-26 00:00:00-04:00,3.5303644038873236,3.5649006366729736,3.4267560714888443,3.5649006366729736,5700,0.0,0.0
2010-10-27 00:00:00-04:00,3.5649006366729736,3.5649006366729736,3.5649006366729736,3.5649006366729736,0,0.0,0.0
2010-10-28 00:00:00-04:00,3.55338978767395,3.55338978767395,3.55338978767395,3.55338978767395,200,0.0,0.0
2010-10-29 00:00:00-04:00,3.5649006366729736,3.5649006366729736,3.5649006366729736,3.5649006366729736,100,0.0,0.0
2010-11-01 00:00:00-04:00,3.4996659755706787,3.4996659755706787,3.4996659755706787,3.4996659755706787,500,0.0,0.0
2010-11-02 00:00:00-04:00,3.4996669917152854,3.4996669917152854,3.491992473602295,3.491992473602295,1800,0.0,0.0
2010-11-03 00:00:00-04:00,3.530364751815796,3.530364751815796,3.530364751815796,3.530364751815796,100,0.0,0.0
2010-11-04 00:00:00-04:00,3.491992473602295,3.491992473602295,3.491992473602295,3.491992473602295,1100,0.0,0.0
2010-11-05 00:00:00-04:00,3.511177913270793,3.549551590360799,3.511177913270793,3.530364751815796,2900,0.0,0.0
2010-11-08 00:00:00-05:00,3.495829549679483,3.495829549679483,3.491992473602295,3.491992473602295,500,0.0,0.0
2010-11-09 00:00:00-05:00,3.491992473602295,3.491992473602295,3.491992473602295,3.491992473602295,0,0.0,0.0
2010-11-10 00:00:00-05:00,3.476642370223999,3.4958288446161188,3.476642370223999,3.476642370223999,1200,0.0,0.0
2010-11-11 00:00:00-05:00,3.526526927947998,3.5418763239254143,3.526526927947998,3.526526927947998,900,0.0,0.0
2010-11-12 00:00:00-05:00,3.530364751815796,3.530364751815796,3.530364751815796,3.530364751815796,600,0.0,0.0
2010-11-15 00:00:00-05:00,3.5457141399383545,3.5457141399383545,3.5457141399383545,3.5457141399383545,1000,0.0,0.0
2010-11-16 00:00:00-05:00,3.5457141399383545,3.5457141399383545,3.5457141399383545,3.5457141399383545,500,0.0,0.0
2010-11-17 00:00:00-05:00,3.4804794237627497,3.5265276207412573,3.4766423484834448,3.507341146469116,5200,0.0,0.0
2010-11-18 00:00:00-05:00,3.4919917474762805,3.511178221748421,3.4766423484834448,3.507341146469116,2800,0.0,0.0
2010-11-19 00:00:00-05:00,3.526526927947998,3.526526927947998,3.526526927947998,3.526526927947998,800,0.0,0.0
2010-11-22 00:00:00-05:00,3.526527310915094,3.530364751815796,3.526527310915094,3.530364751815796,200,0.0,0.0
2010-11-23 00:00:00-05:00,3.545714759964779,3.545714759964779,3.4804797172546387,3.4804797172546387,3000,0.0,0.0
2010-11-24 00:00:00-05:00,3.5111782550811768,3.5111782550811768,3.5111782550811768,3.5111782550811768,1000,0.0,0.0
2010-11-26 00:00:00-05:00,3.5111782550811768,3.5111782550811768,3.5111782550811768,3.5111782550811768,0,0.0,0.0
2010-11-29 00:00:00-05:00,3.48047913692127,3.5073408574138454,3.48047913692127,3.4996659755706787,2500,0.0,0.0
2010-11-30 00:00:00-05:00,3.5035033974278957,3.530364751815796,3.5035033974278957,3.530364751815796,5800,0.0,0.0
2010-12-01 00:00:00-05:00,3.5457138080192463,3.5649006447166185,3.5457138080192463,3.549551248550415,3200,0.0,0.0
2010-12-02 00:00:00-05:00,3.549551248550415,3.549551248550415,3.549551248550415,3.549551248550415,0,0.0,0.0
2010-12-03 00:00:00-05:00,3.5150153447321917,3.5457141399383545,3.5111779038417947,3.5457141399383545,4000,0.0,0.0
2010-12-06 00:00:00-05:00,3.5495519359068295,3.5495519359068295,3.5111782550811768,3.5111782550811768,3800,0.0,0.0
2010-12-07 00:00:00-05:00,3.511177847534907,3.511177847534907,3.4881539344787598,3.4881539344787598,2300,0.0,0.0
2010-12-08 00:00:00-05:00,3.4881539344787598,3.4881539344787598,3.4881539344787598,3.4881539344787598,0,0.0,0.0
2010-12-09 00:00:00-05:00,3.4919914406842967,3.530364751815796,3.4919914406842967,3.530364751815796,1900,0.0,0.0
2010-12-10 00:00:00-05:00,3.5180429341079145,3.5180429341079145,3.486241447758541,3.5021421909332275,3000,0.319,0.0
2010-12-13 00:00:00-05:00,3.498166212414302,3.498166212414302,3.482265472412109,3.4822654724121094,2400,0.0,0.0
2010-12-14 00:00:00-05:00,3.4822653448697425,3.498166084289551,3.4822653448697425,3.498166084289551,10400,0.0,0.0
2010-12-15 00:00:00-05:00,3.5538173755885003,3.5776686668395996,3.5538173755885003,3.5776686668395996,5700,0.0,0.0
2010-12-16 00:00:00-05:00,3.5736948329930662,3.5736948329930662,3.5697195529937744,3.5697195529937744,1800,0.0,0.0
2010-12-17 00:00:00-05:00,3.5697195529937744,3.5697195529937744,3.5697195529937744,3.5697195529937744,0,0.0,0.0
2010-12-20 00:00:00-05:00,3.569719222126921,3.569719222126921,3.498166084289551,3.498166084289551,1300,0.0,0.0
2010-12-21 00:00:00-05:00,3.498166084289551,3.498166084289551,3.498166084289551,3.498166084289551,0,0.0,0.0
2010-12-22 00:00:00-05:00,3.498166084289551,3.498166084289551,3.498166084289551,3.498166084289551,0,0.0,0.0
2010-12-23 00:00:00-05:00,3.498166084289551,3.5021413639203853,3.498166084289551,3.498166084289551,12700,0.0,0.0
2010-12-27 00:00:00-05:00,3.498166084289551,3.498166084289551,3.498166084289551,3.498166084289551,300,0.0,0.0
2010-12-28 00:00:00-05:00,3.498166084289551,3.498166084289551,3.498166084289551,3.498166084289551,0,0.0,0.0
2010-12-29 00:00:00-05:00,3.5021421909332275,3.5021421909332275,3.5021421909332275,3.5021421909332275,300,0.0,0.0
2010-12-30 00:00:00-05:00,3.53791880607605,3.53791880607605,3.53791880607605,3.53791880607605,1200,0.0,0.0
2010-12-31 00:00:00-05:00,3.5180425643920894,3.5180425643920894,3.5180425643920894,3.51804256439209,100,0.0,0.0
2011-01-03 00:00:00-05:00,3.510091416680439,3.514066696166992,3.510091416680439,3.514066696166992,1500,0.0,0.0
2011-01-04 00:00:00-05:00,3.522017720669415,3.522017720669415,3.510092258453369,3.510092258453369,200,0.0,0.0
2011-01-05 00:00:00-05:00,3.5100918694186616,3.5697195529937744,3.5100918694186616,3.5697195529937744,3800,0.0,0.0
2011-01-06 00:00:00-05:00,3.561768671404755,3.625371622466779,3.5259919166564937,3.525991916656494,7100,0.0,0.0
2011-01-07 00:00:00-05:00,3.5220170790872403,3.589595317840576,3.510091619043575,3.589595317840576,2100,0.0,0.0
2011-01-10 00:00:00-05:00,3.510092258453369,3.510092258453369,3.510092258453369,3.510092258453369,500,0.0,0.0
2011-01-11 00:00:00-05:00,3.6174212762720375,3.6174212762720375,3.5379172120083644,3.613445997238159,1200,0.0,0.0
2011-01-12 00:00:00-05:00,3.613445997238159,3.613445997238159,3.613445997238159,3.613445997238159,0,0.0,0.0
2011-01-13 00:00:00-05:00,3.6094713373157115,3.657173556593912,3.589595317840576,3.589595317840576,3700,0.0,0.0
2011-01-14 00:00:00-05:00,3.589595317840576,3.589595317840576,3.589595317840576,3.589595317840576,0,0.0,0.0
2011-01-18 00:00:00-05:00,3.589595317840576,3.589595317840576,3.589595317840576,3.589595317840576,0,0.0,0.0
2011-01-19 00:00:00-05:00,3.589595317840576,3.589595317840576,3.589595317840576,3.589595317840576,0,0.0,0.0
2011-01-20 00:00:00-05:00,3.589595317840576,3.589595317840576,3.589595317840576,3.589595317840576,0,0.0,0.0
2011-01-21 00:00:00-05:00,3.589595317840576,3.589595317840576,3.589595317840576,3.589595317840576,800,0.0,0.0
2011-01-24 00:00:00-05:00,3.589595317840576,3.589595317840576,3.589595317840576,3.589595317840576,0,0.0,0.0
2011-01-25 00:00:00-05:00,3.577670550683904,3.6094720363616943,3.577670550683904,3.6094720363616943,3700,0.0,0.0
2011-01-26 00:00:00-05:00,3.585619223624437,3.585619223624437,3.5776686668395996,3.5776686668395996,700,0.0,0.0
2011-01-27 00:00:00-05:00,3.5776686668395996,3.5776686668395996,3.5776686668395996,3.5776686668395996,3100,0.0,0.0
2011-01-28 00:00:00-05:00,3.5776686668395996,3.5776686668395996,3.5776686668395996,3.5776686668395996,0,0.0,0.0
2011-01-31 00:00:00-05:00,3.5418930053710938,3.5418930053710938,3.5418930053710938,3.5418930053710938,1200,0.0,0.0
2011-02-01 00:00:00-05:00,3.545869065006114,3.6213974987149626,3.545869065006114,3.6094720363616943,1700,0.0,0.0
2011-02-02 00:00:00-05:00,3.6333229677540535,3.6372978687286377,3.6333229677540535,3.6372978687286377,300,0.0,0.0
2011-02-03 00:00:00-05:00,3.6372978687286377,3.6372978687286377,3.6372978687286377,3.6372978687286377,0,0.0,0.0
2011-02-04 00:00:00-05:00,3.6372978687286377,3.6372978687286377,3.6372978687286377,3.6372978687286377,0,0.0,0.0
2011-02-07 00:00:00-05:00,3.6372976516793982,3.641272931520339,3.5816452503204346,3.5816452503204346,5000,0.0,0.0
2011-02-08 00:00:00-05:00,3.649223804473877,3.649223804473877,3.649223804473877,3.649223804473877,100,0.0,0.0
2011-02-09 00:00:00-05:00,3.6452481943211015,3.6452481943211015,3.6015212535858154,3.6015212535858154,1600,0.0,0.0
2011-02-10 00:00:00-05:00,3.597545623779297,3.597545623779297,3.597545623779297,3.597545623779297,2200,0.0,0.0
2011-02-11 00:00:00-05:00,3.597545623779297,3.597545623779297,3.597545623779297,3.597545623779297,0,0.0,0.0
2011-02-14 00:00:00-05:00,3.597545623779297,3.597545623779297,3.597545623779297,3.597545623779297,0,0.0,0.0
2011-02-15 00:00:00-05:00,3.597545623779297,3.597545623779297,3.597545623779297,3.597545623779297,0,0.0,0.0
2011-02-16 00:00:00-05:00,3.6174217529714507,3.637297392553082,3.5856202747166113,3.6253719329833984,11500,0.0,0.0
2011-02-17 00:00:00-05:00,3.6372967904365443,3.6531975269317627,3.6372967904365443,3.6531975269317627,1200,0.0,0.0
2011-02-18 00:00:00-05:00,3.629347324371338,3.6730742635432083,3.6213967650108874,3.629347324371338,6300,0.0,0.0
2011-02-22 00:00:00-05:00,3.6372978687286377,3.6372978687286377,3.6372978687286377,3.6372978687286377,400,0.0,0.0
2011-02-23 00:00:00-05:00,3.6531986099376974,3.6651244501721725,3.6372978687286377,3.6372978687286377,4100,0.0,0.0
2011-02-24 00:00:00-05:00,3.6452486515045166,3.6452486515045166,3.6452486515045166,3.6452486515045166,1500,0.0,0.0
2011-02-25 00:00:00-05:00,3.653198356564415,3.653198356564415,3.5776699358356674,3.6333227157592773,9900,0.0,0.0
2011-02-28 00:00:00-05:00,3.6372978687286377,3.6372978687286377,3.6372978687286377,3.6372978687286377,1700,0.0,0.0
2011-03-01 00:00:00-05:00,3.6651244501721725,3.776429638635589,3.6333229677540535,3.6372978687286377,7400,0.0,0.0
2011-03-02 00:00:00-05:00,3.6372976164581763,3.6372976164581763,3.5776699358356674,3.6333227157592773,2600,0.0,0.0
2011-03-03 00:00:00-05:00,3.6094707182042804,3.6372969132344815,3.6094707182042804,3.613445997238159,5200,0.0,0.0
2011-03-04 00:00:00-05:00,3.6571736335754395,3.77642937383298,3.6174219728919574,3.6571736335754395,4800,0.0,0.0
2011-03-07 00:00:00-05:00,3.6571736335754395,3.6571736335754395,3.6571736335754395,3.6571736335754395,2500,0.0,0.0
2011-03-08 00:00:00-05:00,3.6571736335754395,3.6571736335754395,3.6571736335754395,3.6571736335754395,0,0.0,0.0
2011-03-09 00:00:00-05:00,3.7048763242236045,3.8161818981170654,3.7048763242236045,3.8161818981170654,17900,0.0,0.0
2011-03-10 00:00:00-05:00,3.7963053971759977,3.85195779800415,3.7764293772644226,3.8519577980041504,5400,0.0,0.0
2011-03-11 00:00:00-05:00,3.796304955511172,3.796304955511172,3.7764289379119873,3.7764289379119873,500,0.0,0.0
2011-03-14 00:00:00-04:00,3.7486029156765213,3.879784107208252,3.696925419148336,3.879784107208252,8100,0.0,0.0
2011-03-15 00:00:00-04:00,3.8360575637837613,3.8758096088492957,3.736677830223523,3.7843804359436035,13200,0.0,0.0
2011-03-16 00:00:00-04:00,3.7764296897494414,3.7764296897494414,3.7009012627600275,3.736677646636963,5100,0.0,0.0
2011-03-17 00:00:00-04:00,3.736677646636963,3.7565536681932024,3.712826724052339,3.736677646636963,2400,0.0,0.0
2011-03-18 00:00:00-04:00,3.7366766798144804,3.7565526962280273,3.7366766798144804,3.7565526962280273,4800,0.0,0.0
2011-03-21 00:00:00-04:00,3.875808545881991,3.875808545881991,3.73667680541406,3.752577543258667,4600,0.0,0.0
2011-03-22 00:00:00-04:00,3.756552822495692,3.756552822495692,3.752577543258667,3.752577543258667,300,0.0,0.0
2011-03-23 00:00:00-04:00,3.8758099079132076,3.8758099079132076,3.8758099079132076,3.875809907913208,1300,0.0,0.0
2011-03-24 00:00:00-04:00,3.8360572249843683,3.8360572249843683,3.772454261779785,3.772454261779785,2500,0.0,0.0
2011-03-25 00:00:00-04:00,3.772454261779785,3.772454261779785,3.772454261779785,3.772454261779785,0,0.0,0.0
2011-03-28 00:00:00-04:00,3.7804040908813477,3.7804040908813477,3.7804040908813477,3.7804040908813477,2000,0.0,0.0
2011-03-29 00:00:00-04:00,3.7645037174224854,3.812205935219694,3.736677139379801,3.7645037174224854,4400,0.0,0.0
2011-03-30 00:00:00-04:00,3.756552822495692,3.756552822495692,3.752577543258667,3.752577543258667,1400,0.0,0.0
2011-03-31 00:00:00-04:00,3.752577543258667,3.752577543258667,3.752577543258667,3.752577543258667,2100,0.0,0.0
2011-04-01 00:00:00-04:00,3.752577543258667,3.752577543258667,3.752577543258667,3.752577543258667,2600,0.0,0.0
2011-04-04 00:00:00-04:00,3.776429541755963,3.776429541755963,3.7684789818036077,3.772454261779785,2000,0.0,0.0
2011-04-05 00:00:00-04:00,3.7764296897494414,3.7764296897494414,3.736677646636963,3.736677646636963,1500,0.0,0.0
2011-04-06 00:00:00-04:00,3.708851100293614,3.716801659820918,3.6969256401062016,3.696925640106201,2100,0.0,0.0
2011-04-07 00:00:00-04:00,3.6969256401062016,3.6969256401062016,3.6969256401062016,3.696925640106201,0,0.0,0.0
2011-04-08 00:00:00-04:00,3.6969256401062016,3.6969256401062016,3.6969256401062016,3.696925640106201,200,0.0,0.0
2011-04-11 00:00:00-04:00,3.716802004184303,3.736677646636963,3.716802004184303,3.736677646636963,1300,0.0,0.0
2011-04-12 00:00:00-04:00,3.732702382024414,3.7406525624103746,3.7168016421489516,3.728727102279663,7000,0.0,0.0
2011-04-13 00:00:00-04:00,3.728727102279663,3.728727102279663,3.728727102279663,3.728727102279663,0,0.0,0.0
2011-04-14 00:00:00-04:00,3.7565529203128025,3.7764289379119873,3.7565529203128025,3.7764289379119873,600,0.0,0.0
2011-04-15 00:00:00-04:00,3.7764289379119873,3.7764289379119873,3.7764289379119873,3.7764289379119873,0,0.0,0.0
2011-04-18 00:00:00-04:00,3.7804049698814053,3.7843802500133688,3.736677646636963,3.736677646636963,2700,0.0,0.0
2011-04-19 00:00:00-04:00,3.7764289379119873,3.7764289379119873,3.7724536585714494,3.7764289379119873,1300,0.0,0.0
2011-04-20 00:00:00-04:00,3.776428712641574,3.776428712641574,3.7565526962280273,3.7565526962280273,1000,0.0,0.0
2011-04-21 00:00:00-04:00,3.716801785739906,3.720776686534677,3.696925765351823,3.704875946044922,2300,0.0,0.0
2011-04-25 00:00:00-04:00,3.7565534846906674,3.832082287094181,3.7565534846906674,3.824131727218628,5200,0.0,0.0
2011-04-26 00:00:00-04:00,3.824131727218628,3.824131727218628,3.824131727218628,3.824131727218628,0,0.0,0.0
2011-04-27 00:00:00-04:00,3.824131727218628,3.824131727218628,3.824131727218628,3.824131727218628,0,0.0,0.0
2011-04-28 00:00:00-04:00,3.8042547702789307,3.8042547702789307,3.784379133689228,3.8042547702789307,1500,0.0,0.0
2011-04-29 00:00:00-04:00,3.804255451556019,3.867858409881592,3.804255451556019,3.867858409881592,400,0.0,0.0
2011-05-02 00:00:00-04:00,3.7883541584014893,3.7883541584014893,3.7883541584014893,3.7883541584014893,1000,0.0,0.0
2011-05-03 00:00:00-04:00,3.812205328197586,3.812205328197586,3.8042547702789307,3.8042547702789307,500,0.0,0.0
2011-05-04 00:00:00-04:00,3.8161818981170654,3.8161818981170654,3.8161818981170654,3.8161818981170654,2000,0.0,0.0
2011-05-05 00:00:00-04:00,3.859908104558495,3.859908104558495,3.8479826450347905,3.84798264503479,200,0.0,0.0
2011-05-06 00:00:00-04:00,3.812205328197586,3.8161806071569133,3.8042547702789307,3.8042547702789307,6500,0.0,0.0
2011-05-09 00:00:00-04:00,3.8042560734386934,3.812206634080838,3.8042560734386934,3.8082313537597656,700,0.0,0.0
2011-05-10 00:00:00-04:00,3.859909164480786,3.8758099079132076,3.8559338838467734,3.875809907913208,4900,0.0,0.0
2011-05-11 00:00:00-04:00,3.875808701207517,3.8956847190856934,3.875808701207517,3.8956847190856934,2500,0.0,0.0
2011-05-12 00:00:00-04:00,3.8956847190856934,3.8956847190856934,3.8956847190856934,3.8956847190856934,1500,0.0,0.0
2011-05-13 00:00:00-04:00,3.8956847190856934,3.8956847190856934,3.8956847190856934,3.8956847190856934,0,0.0,0.0
2011-05-16 00:00:00-04:00,3.8956847190856934,3.8956847190856934,3.8956847190856934,3.8956847190856934,0,0.0,0.0
2011-05-17 00:00:00-04:00,3.8956847190856934,3.8956847190856934,3.8956847190856934,3.8956847190856934,0,0.0,0.0
2011-05-18 00:00:00-04:00,3.85593318939209,3.85593318939209,3.85593318939209,3.85593318939209,800,0.0,0.0
2011-05-19 00:00:00-04:00,3.8599083423614498,3.8599083423614498,3.8599083423614498,3.85990834236145,900,0.0,0.0
2011-05-20 00:00:00-04:00,3.8599083423614498,3.8599083423614498,3.8599083423614498,3.85990834236145,0,0.0,0.0
2011-05-23 00:00:00-04:00,3.8638837492282163,3.8638837492282163,3.85593318939209,3.85593318939209,1300,0.0,0.0
2011-05-24 00:00:00-04:00,3.8638837492282163,3.8638837492282163,3.85593318939209,3.85593318939209,1500,0.0,0.0
2011-05-25 00:00:00-04:00,3.8559322594397862,3.8559322594397862,3.784379133689228,3.8042547702789307,5900,0.0,0.0
2011-05-26 00:00:00-04:00,3.7843804138913897,3.844008102038633,3.7804051335872813,3.8161818981170654,4700,0.0,0.0
2011-05-27 00:00:00-04:00,3.8519574186775705,3.8956847339976397,3.8519574186775705,3.8638832569122314,2000,0.0,0.0
2011-05-31 00:00:00-04:00,3.8758099079132076,3.87978518854722,3.8758099079132076,3.875809907913208,1600,0.0,0.0
2011-06-01 00:00:00-04:00,3.8758099079132076,3.8758099079132076,3.8758099079132076,3.875809907913208,100,0.0,0.0
2011-06-02 00:00:00-04:00,3.911586279272259,3.9354372024536133,3.911586279272259,3.9354372024536133,1600,0.0,0.0
2011-06-03 00:00:00-04:00,3.9354372024536133,3.9354372024536133,3.9354372024536133,3.9354372024536133,0,0.0,0.0
2011-06-06 00:00:00-04:00,3.9354372024536133,3.9354372024536133,3.9354372024536133,3.9354372024536133,0,0.0,0.0
2011-06-07 00:00:00-04:00,3.8758099079132076,3.883760469181232,3.8758099079132076,3.875809907913208,1400,0.0,0.0
2011-06-08 00:00:00-04:00,3.8758096924178456,3.8758096924178456,3.844008207321167,3.844008207321167,1400,0.0,0.0
2011-06-09 00:00:00-04:00,3.844008207321167,3.844008207321167,3.844008207321167,3.844008207321167,0,0.0,0.0
2011-06-10 00:00:00-04:00,3.9134804520751807,3.9504773101334663,3.876483201980591,3.876483201980591,1000,0.319,0.0
2011-06-13 00:00:00-04:00,3.9175906181335445,3.9175906181335445,3.9175906181335445,3.917590618133545,100,0.0,0.0
2011-06-14 00:00:00-04:00,3.876483201980591,3.876483201980591,3.876483201980591,3.876483201980591,300,0.0,0.0
2011-06-15 00:00:00-04:00,3.8764828042660433,3.8764828042660433,3.872371912002563,3.8723719120025635,300,0.0,0.0
2011-06-16 00:00:00-04:00,3.917591167040742,3.946367025375366,3.917591167040742,3.946367025375366,1000,0.0,0.0
2011-06-17 00:00:00-04:00,3.905259389786391,3.905259389786391,3.8641512393951416,3.8641512393951416,1200,0.0,0.0
2011-06-20 00:00:00-04:00,3.8641512393951416,3.8641512393951416,3.8641512393951416,3.8641512393951416,0,0.0,0.0
2011-06-21 00:00:00-04:00,3.9093697732567962,3.946367025375366,3.9052588803466604,3.946367025375366,1400,0.0,0.0
2011-06-22 00:00:00-04:00,3.9299240112304688,3.9299240112304688,3.9299240112304688,3.9299240112304688,1000,0.0,0.0
2011-06-23 00:00:00-04:00,3.9299240112304688,3.9299240112304688,3.9299240112304688,3.9299240112304688,0,0.0,0.0
2011-06-24 00:00:00-04:00,3.9299240112304688,3.9299240112304688,3.9299240112304688,3.9299240112304688,0,0.0,0.0
2011-06-27 00:00:00-04:00,3.946367025375366,3.946367025375366,3.946367025375366,3.946367025375366,400,0.0,0.0
2011-06-28 00:00:00-04:00,3.946367025375366,3.946367025375366,3.9422561324652303,3.946367025375366,1000,0.0,0.0
2011-06-29 00:00:00-04:00,3.9299232788158007,3.987474203109741,3.9299232788158007,3.987474203109741,1000,0.0,0.0
2011-06-30 00:00:00-04:00,3.942255809702843,3.9586989879608154,3.917590846297737,3.9586989879608154,500,0.0,0.0
2011-07-01 00:00:00-04:00,3.9093688322129405,3.9093688322129405,3.905257940292358,3.9052579402923584,2700,0.0,0.0
2011-07-05 00:00:00-04:00,3.905257940292358,3.905257940292358,3.905257940292358,3.9052579402923584,0,0.0,0.0
2011-07-06 00:00:00-04:00,3.9052599637228207,4.077913593481902,3.9052599637228207,3.966921806335449,8000,0.0,0.0
2011-07-07 00:00:00-04:00,3.9504759311676025,3.9504759311676025,3.9504759311676025,3.9504759311676025,400,0.0,0.0
2011-07-08 00:00:00-04:00,3.9504759311676025,3.9504759311676025,3.9504759311676025,3.9504759311676025,0,0.0,0.0
2011-07-11 00:00:00-04:00,3.9504759311676025,3.9504759311676025,3.9504759311676025,3.9504759311676025,0,0.0,0.0
2011-07-12 00:00:00-04:00,3.9504759311676025,3.9504759311676025,3.9504759311676025,3.9504759311676025,0,0.0,0.0
2011-07-13 00:00:00-04:00,3.917591167040742,3.946367025375366,3.9093697732567962,3.946367025375366,1600,0.0,0.0
2011-07-14 00:00:00-04:00,3.9217010369102288,3.9217010369102288,3.909368753433228,3.9093687534332275,1300,0.0,0.0
2011-07-15 00:00:00-04:00,3.909368753433228,3.909368753433228,3.909368753433228,3.9093687534332275,0,0.0,0.0
2011-07-18 00:00:00-04:00,3.909368753433228,3.909368753433228,3.909368753433228,3.9093687534332275,0,0.0,0.0
2011-07-19 00:00:00-04:00,3.909368753433228,3.909368753433228,3.909368753433228,3.9093687534332275,0,0.0,0.0
2011-07-20 00:00:00-04:00,3.905257940292358,3.905257940292358,3.905257940292358,3.9052579402923584,500,0.0,0.0
2011-07-21 00:00:00-04:00,3.905257940292358,3.905257940292358,3.905257940292358,3.9052579402923584,0,0.0,0.0
2011-07-22 00:00:00-04:00,3.9052586612047198,3.9052586612047198,3.88470458984375,3.88470458984375,300,0.0,0.0
2011-07-25 00:00:00-04:00,3.88470458984375,3.88470458984375,3.88470458984375,3.88470458984375,0,0.0,0.0
2011-07-26 00:00:00-04:00,3.88470458984375,3.88470458984375,3.88470458984375,3.88470458984375,0,0.0,0.0
2011-07-27 00:00:00-04:00,3.88470458984375,3.88470458984375,3.88470458984375,3.88470458984375,0,0.0,0.0
2011-07-28 00:00:00-04:00,3.88470458984375,3.88470458984375,3.88470458984375,3.88470458984375,0,0.0,0.0
2011-07-29 00:00:00-04:00,3.864150215363524,3.8682611077205036,3.72027251119568,3.8394856452941895,6500,0.0,0.0
2011-08-01 00:00:00-04:00,3.8394856452941895,3.8394856452941895,3.8394856452941895,3.8394856452941895,0,0.0,0.0
2011-08-02 00:00:00-04:00,3.8394856452941895,3.8394856452941895,3.8394856452941895,3.8394856452941895,0,0.0,0.0
2011-08-03 00:00:00-04:00,3.7860448360443115,3.7860448360443115,3.7860448360443115,3.7860448360443115,1000,0.0,0.0
2011-08-04 00:00:00-04:00,3.7942668870447154,3.7942668870447154,3.6997187082339393,3.7202727794647217,3200,0.0,0.0
2011-08-05 00:00:00-04:00,3.699718475341797,3.761380293116316,3.6421671579256425,3.699718475341797,1500,0.0,0.0
2011-08-08 00:00:00-04:00,3.691496405098489,3.691496405098489,3.53528642654419,3.5352864265441895,11100,0.0,0.0
2011-08-09 00:00:00-04:00,3.5599516292384146,3.761380672454834,3.5599516292384146,3.761380672454834,3000,0.0,0.0
2011-08-10 00:00:00-04:00,3.761380672454834,3.761380672454834,3.761380672454834,3.761380672454834,0,0.0,0.0
2011-08-11 00:00:00-04:00,3.761380672454834,3.761380672454834,3.761380672454834,3.761380672454834,0,0.0,0.0
2011-08-12 00:00:00-04:00,3.617502513948822,3.6832752227783203,3.6010593367414474,3.6832752227783203,2300,0.0,0.0
2011-08-15 00:00:00-04:00,3.6832752227783203,3.6832752227783203,3.6832752227783203,3.6832752227783203,0,0.0,0.0
2011-08-16 00:00:00-04:00,3.7202727794647217,3.7202727794647217,3.7202727794647217,3.7202727794647217,200,0.0,0.0
2011-08-17 00:00:00-04:00,3.7202727794647217,3.7202727794647217,3.7202727794647217,3.7202727794647217,200,0.0,0.0
2011-08-18 00:00:00-04:00,3.6380566575672773,3.699718475341797,3.6380566575672773,3.699718475341797,1600,0.0,0.0
2011-08-19 00:00:00-04:00,3.699718475341797,3.699718475341797,3.699718475341797,3.699718475341797,0,0.0,0.0
2011-08-22 00:00:00-04:00,3.6421666736491374,4.05324644958392,3.6339452819892784,3.8189311027526855,4800,0.0,0.0
2011-08-23 00:00:00-04:00,3.8230424250591386,3.8230424250591386,3.6627211532600352,3.6832752227783203,6900,0.0,0.0
2011-08-24 00:00:00-04:00,3.732604503631592,3.732604503631592,3.7284936115968645,3.732604503631592,5600,0.0,0.0
2011-08-25 00:00:00-04:00,3.7202727794647217,3.7202727794647217,3.7202727794647217,3.7202727794647217,500,0.0,0.0
2011-08-26 00:00:00-04:00,3.7202727794647217,3.7202727794647217,3.7202727794647217,3.7202727794647217,0,0.0,0.0
2011-08-29 00:00:00-04:00,3.761380672454834,3.761380672454834,3.761380672454834,3.761380672454834,300,0.0,0.0
2011-08-30 00:00:00-04:00,3.761380672454834,3.761380672454834,3.761380672454834,3.761380672454834,0,0.0,0.0
2011-08-31 00:00:00-04:00,3.724383115768433,3.724383115768433,3.724383115768433,3.7243831157684326,1000,0.0,0.0
2011-09-01 00:00:00-04:00,3.7284935409603683,3.7983771360818155,3.6668317297526136,3.6873857975006104,2200,0.0,0.0
2011-09-02 00:00:00-04:00,3.6873857975006104,3.6873857975006104,3.6873857975006104,3.6873857975006104,0,0.0,0.0
2011-09-06 00:00:00-04:00,3.679164013586918,3.6873857975006104,3.679164013586918,3.6873857975006104,1500,0.0,0.0
2011-09-07 00:00:00-04:00,3.6380568759677825,3.7490482330322266,3.6380568759677825,3.7490482330322266,1500,0.0,0.0
2011-09-08 00:00:00-04:00,3.7490482330322266,3.7490482330322266,3.7490482330322266,3.7490482330322266,0,0.0,0.0
2011-09-09 00:00:00-04:00,3.6627209071861966,3.732604503631592,3.6627209071861966,3.732604503631592,600,0.0,0.0
2011-09-12 00:00:00-04:00,3.66272147502373,3.66272147502373,3.6586105823516846,3.6586105823516846,2100,0.0,0.0
2011-09-13 00:00:00-04:00,3.695607810220844,3.728494167327881,3.695607810220844,3.728494167327881,2100,0.0,0.0
2011-09-14 00:00:00-04:00,3.728494167327881,3.728494167327881,3.728494167327881,3.728494167327881,0,0.0,0.0
2011-09-15 00:00:00-04:00,3.646278114482957,3.7449371814727783,3.63805672158528,3.7449371814727783,4500,0.0,0.0
2011-09-16 00:00:00-04:00,3.6503886184111827,3.777823135033468,3.646277726381756,3.773712635040283,3000,0.0,0.0
2011-09-19 00:00:00-04:00,3.81893187511769,3.9052586612047198,3.81893187511769,3.88470458984375,5900,0.0,0.0
2011-09-20 00:00:00-04:00,3.88470458984375,3.88470458984375,3.88470458984375,3.88470458984375,0,0.0,0.0
2011-09-21 00:00:00-04:00,3.88470458984375,3.88470458984375,3.88470458984375,3.88470458984375,0,0.0,0.0
2011-09-22 00:00:00-04:00,3.88470458984375,3.88470458984375,3.88470458984375,3.88470458984375,0,0.0,0.0
2011-09-23 00:00:00-04:00,3.8847038727256784,3.905257940292358,3.8847038727256784,3.9052579402923584,1100,0.0,0.0
2011-09-26 00:00:00-04:00,3.905257940292358,3.905257940292358,3.905257940292358,3.9052579402923584,0,0.0,0.0
2011-09-27 00:00:00-04:00,3.8929263752026593,3.8929263752026593,3.88470458984375,3.88470458984375,6100,0.0,0.0
2011-09-28 00:00:00-04:00,3.9628101077075693,3.966920608480482,3.761380672454834,3.761380672454834,2900,0.0,0.0
2011-09-29 00:00:00-04:00,3.901146969757745,3.983362846331458,3.901146969757745,3.9093687534332275,600,0.0,0.0
2011-09-30 00:00:00-04:00,3.835375174875688,3.835375174875688,3.761380672454834,3.761380672454834,900,0.0,0.0
2011-10-03 00:00:00-04:00,3.761380672454834,3.761380672454834,3.761380672454834,3.761380672454834,0,0.0,0.0
2011-10-04 00:00:00-04:00,3.761380672454834,3.761380672454834,3.761380672454834,3.761380672454834,0,0.0,0.0
2011-10-05 00:00:00-04:00,3.761380672454834,3.761380672454834,3.761380672454834,3.761380672454834,0,0.0,0.0
2011-10-06 00:00:00-04:00,3.8312649117096282,3.8394866986792824,3.7942676544189453,3.7942676544189453,3400,0.0,0.0
2011-10-07 00:00:00-04:00,3.8353742002333537,3.839485091997926,3.802487850189209,3.802487850189209,1100,0.0,0.0
2011-10-10 00:00:00-04:00,3.8394856452941895,3.8394856452941895,3.8394856452941895,3.8394856452941895,500,0.0,0.0
2011-10-11 00:00:00-04:00,3.839485557967251,3.872371912002563,3.839485557967251,3.8723719120025635,2200,0.0,0.0
2011-10-12 00:00:00-04:00,3.8641501393833995,3.8641501393833995,3.823042392730713,3.823042392730713,1800,0.0,0.0
2011-10-13 00:00:00-04:00,3.777822971343994,3.777822971343994,3.699717986350315,3.777822971343994,1000,0.0,0.0
2011-10-14 00:00:00-04:00,3.695607025578962,3.7367151592529333,3.679163850516617,3.6914961338043213,2900,0.0,0.0
2011-10-17 00:00:00-04:00,3.7408261207909193,3.8641497400402836,3.7408261207909193,3.777822971343994,6100,0.0,0.0
2011-10-18 00:00:00-04:00,3.8477080576459173,3.8641512393951416,3.8477080576459173,3.8641512393951416,2100,0.0,0.0
2011-10-19 00:00:00-04:00,3.855929844538718,3.8641512393951416,3.802489405844644,3.8641512393951416,6200,0.0,0.0
2011-10-20 00:00:00-04:00,3.843596935272217,3.843596935272217,3.843596935272217,3.843596935272217,1000,0.0,0.0
2011-10-21 00:00:00-04:00,3.860040737985118,3.8641512393951416,3.860040737985118,3.8641512393951416,1100,0.0,0.0
2011-10-24 00:00:00-04:00,3.860040737985118,3.872373026287942,3.860040737985118,3.8641512393951416,7100,0.0,0.0
2011-10-25 00:00:00-04:00,3.864150127475603,3.872371912002563,3.864150127475603,3.8723719120025635,4300,0.0,0.0
2011-10-26 00:00:00-04:00,3.872372719494163,4.045026310200503,3.872372719494163,4.024472236633301,12300,0.0,0.0
2011-10-27 00:00:00-04:00,4.024472236633301,4.024472236633301,4.024472236633301,4.024472236633301,0,0.0,0.0
2011-10-28 00:00:00-04:00,4.024472236633301,4.024472236633301,4.024472236633301,4.024472236633301,0,0.0,0.0
2011-10-31 00:00:00-04:00,4.024472236633301,4.024472236633301,4.024472236633301,4.024472236633301,0,0.0,0.0
2011-11-01 00:00:00-04:00,4.040916331099751,4.049138119200867,3.9463681201555296,3.966921806335449,6200,0.0,0.0
2011-11-02 00:00:00-04:00,3.9915850954268137,3.9915850954268137,3.987474203109741,3.987474203109741,600,0.0,0.0
2011-11-03 00:00:00-04:00,3.9504759311676025,3.9504759311676025,3.9504759311676025,3.9504759311676025,400,0.0,0.0
2011-11-04 00:00:00-04:00,3.9504759311676025,3.9504759311676025,3.9504759311676025,3.9504759311676025,0,0.0,0.0
2011-11-07 00:00:00-05:00,3.9504759311676025,3.9504759311676025,3.9504759311676025,3.9504759311676025,0,0.0,0.0
2011-11-08 00:00:00-05:00,4.020360946655273,4.020360946655273,4.020360946655273,4.020360946655273,200,0.0,0.0
2011-11-09 00:00:00-05:00,4.020360946655273,4.020360946655273,4.020360946655273,4.020360946655273,0,0.0,0.0
2011-11-10 00:00:00-05:00,4.020360946655273,4.020360946655273,4.020360946655273,4.020360946655273,0,0.0,0.0
2011-11-11 00:00:00-05:00,4.0080288508820985,4.0080288508820985,3.9134806661669317,3.946367025375366,4100,0.0,0.0
2011-11-14 00:00:00-05:00,3.946367025375366,3.946367025375366,3.946367025375366,3.946367025375366,0,0.0,0.0
2011-11-15 00:00:00-05:00,3.946367025375366,3.946367025375366,3.946367025375366,3.946367025375366,0,0.0,0.0
2011-11-16 00:00:00-05:00,3.9915860176361484,4.07380192279128,3.975142836605122,4.057358741760254,5300,0.0,0.0
2011-11-17 00:00:00-05:00,3.9874749462500994,3.9874749462500994,3.92170222506404,3.9299240112304688,1600,0.0,0.0
2011-11-18 00:00:00-05:00,3.9175905436309573,3.9175905436309573,3.913480043411255,3.913480043411255,1700,0.0,0.0
2011-11-21 00:00:00-05:00,3.9340338706970215,3.9340338706970215,3.9340338706970215,3.9340338706970215,100,0.0,0.0
2011-11-22 00:00:00-05:00,3.954587697982788,3.954587697982788,3.954587697982788,3.954587697982788,600,0.0,0.0
2011-11-23 00:00:00-05:00,3.966921806335449,3.9874758845518037,3.966921806335449,3.966921806335449,1200,0.0,0.0
2011-11-25 00:00:00-05:00,3.966921806335449,3.966921806335449,3.966921806335449,3.966921806335449,0,0.0,0.0
2011-11-28 00:00:00-05:00,4.024471048455049,4.024471048455049,3.983362913457345,4.016249656677246,4900,0.0,0.0
2011-11-29 00:00:00-05:00,3.987474203109741,3.987474203109741,3.987474203109741,3.987474203109741,100,0.0,0.0
2011-11-30 00:00:00-05:00,4.008028507232666,4.008028507232666,4.008028507232666,4.008028507232666,2100,0.0,0.0
2011-12-01 00:00:00-05:00,4.024471449890856,4.028582342207929,3.987474203109741,3.987474203109741,2300,0.0,0.0
2011-12-02 00:00:00-05:00,4.069689437707241,4.069689437707241,3.995695348027829,4.045024871826172,1200,0.0,0.0
2011-12-05 00:00:00-05:00,4.028581619262695,4.028581619262695,4.028581619262695,4.028581619262695,2600,0.0,0.0
2011-12-06 00:00:00-05:00,4.01625063670237,4.01625063670237,3.946367025375366,3.946367025375366,3000,0.0,0.0
2011-12-07 00:00:00-05:00,4.040913980167258,4.045024871826172,4.040913980167258,4.045024871826172,1300,0.0,0.0
2011-12-08 00:00:00-05:00,4.045024871826172,4.045024871826172,4.045024871826172,4.045024871826172,0,0.0,0.0
2011-12-09 00:00:00-05:00,4.053246100168048,4.094354231032231,4.053246100168048,4.090243339538574,1800,0.0,0.0
2011-12-12 00:00:00-05:00,4.225721836090088,4.225721836090088,4.225721836090088,4.225721836090088,0,0.319,0.0
2011-12-13 00:00:00-05:00,4.140784057833523,4.140784057833523,4.064338684082031,4.064338684082031,2600,0.0,0.0
2011-12-14 00:00:00-05:00,4.021868705749512,4.021868705749512,4.021868705749512,4.021868705749512,100,0.0,0.0
2011-12-15 00:00:00-05:00,4.077079491751984,4.085573196411133,4.004881179552729,4.085573196411133,1200,0.0,0.0
2011-12-16 00:00:00-05:00,4.094066609023847,4.111054420471191,4.094066609023847,4.111054420471191,800,0.0,0.0
2011-12-19 00:00:00-05:00,4.026115417480469,4.026115417480469,4.026115417480469,4.026115417480469,200,0.0,0.0
2011-12-20 00:00:00-05:00,4.026115417480469,4.026115417480469,4.026115417480469,4.026115417480469,0,0.0,0.0
2011-12-21 00:00:00-05:00,4.026115417480469,4.026115417480469,4.026115417480469,4.026115417480469,0,0.0,0.0
2011-12-22 00:00:00-05:00,4.068585065453758,4.068585065453758,3.9709052418570665,4.055844306945801,3200,0.0,0.0
2011-12-23 00:00:00-05:00,4.017622470855713,4.017622470855713,4.017622470855713,4.017622470855713,100,0.0,0.0
2011-12-27 00:00:00-05:00,3.966658473910197,3.99638704758358,3.966658473910197,3.9878933429718018,1200,0.0,0.0
2011-12-28 00:00:00-05:00,4.055844208810406,4.077079075824142,3.992139607769197,4.000633716583252,4000,0.0,0.0
2011-12-29 00:00:00-05:00,4.000633716583252,4.000633716583252,4.000633716583252,4.000633716583252,0,0.0,0.0
2011-12-30 00:00:00-05:00,4.07707829858734,4.162017345428467,4.07707829858734,4.162017345428467,3000,0.0,0.0
2012-01-03 00:00:00-05:00,4.098312756531629,4.162017345428467,4.0558434356217274,4.162017345428467,2000,0.0,0.0
2012-01-04 00:00:00-05:00,4.162017345428467,4.162017345428467,4.162017345428467,4.162017345428467,0,0.0,0.0
2012-01-05 00:00:00-05:00,4.123794806689503,4.166264533996582,4.123794806689503,4.166264533996582,900,0.0,0.0
2012-01-06 00:00:00-05:00,4.1747589111328125,4.1747589111328125,4.1747589111328125,4.1747589111328125,600,0.0,0.0
2012-01-09 00:00:00-05:00,4.115301132202148,4.115301132202148,4.115301132202148,4.115301132202148,100,0.0,0.0
2012-01-10 00:00:00-05:00,4.140783309936523,4.140783309936523,4.140783309936523,4.140783309936523,1600,0.0,0.0
2012-01-11 00:00:00-05:00,4.149277455853798,4.162018214284375,4.077079149711512,4.08981990814209,4700,0.0,0.0
2012-01-12 00:00:00-05:00,4.123795986175537,4.123795986175537,4.123795986175537,4.123795986175537,300,0.0,0.0
2012-01-13 00:00:00-05:00,4.094067383646402,4.157771587371826,4.094067383646402,4.157771587371826,300,0.0,0.0
2012-01-17 00:00:00-05:00,4.128042866762897,4.1705121994018555,4.128042866762897,4.1705121994018555,500,0.0,0.0
2012-01-18 00:00:00-05:00,4.1705121994018555,4.1705121994018555,4.1705121994018555,4.1705121994018555,0,0.0,0.0
2012-01-19 00:00:00-05:00,4.1705121994018555,4.1705121994018555,4.1705121994018555,4.1705121994018555,0,0.0,0.0
2012-01-20 00:00:00-05:00,4.157770408074275,4.200240135192871,4.157770408074275,4.200240135192871,600,0.0,0.0
2012-01-23 00:00:00-05:00,4.200240135192871,4.200240135192871,4.200240135192871,4.200240135192871,0,0.0,0.0
2012-01-24 00:00:00-05:00,4.1747585581719155,4.195993423461914,4.1747585581719155,4.195993423461914,600,0.0,0.0
2012-01-25 00:00:00-05:00,4.128041726692016,4.162017345428467,4.047349328426953,4.162017345428467,5600,0.0,0.0
2012-01-26 00:00:00-05:00,4.162017345428467,4.162017345428467,4.162017345428467,4.162017345428467,0,0.0,0.0
2012-01-27 00:00:00-05:00,4.2002406745209075,4.204487323760986,4.2002406745209075,4.204487323760986,1000,0.0,0.0
2012-01-30 00:00:00-05:00,4.1450301618371155,4.242709979195842,4.064337751389886,4.238462924957275,6700,0.0,0.0
2012-01-31 00:00:00-05:00,4.229969024658203,4.229969024658203,4.229969024658203,4.229969024658203,500,0.0,0.0
2012-02-01 00:00:00-05:00,4.191746959819952,4.191746959819952,4.132289409637451,4.132289409637451,800,0.0,0.0
2012-02-02 00:00:00-05:00,4.132289409637451,4.132289409637451,4.132289409637451,4.132289409637451,0,0.0,0.0
2012-02-03 00:00:00-05:00,4.132289409637451,4.132289409637451,4.132289409637451,4.132289409637451,0,0.0,0.0
2012-02-06 00:00:00-05:00,4.132289409637451,4.132289409637451,4.132289409637451,4.132289409637451,0,0.0,0.0
2012-02-07 00:00:00-05:00,4.174758404285482,4.22996888999581,4.174758404285482,4.225721836090088,5100,0.0,0.0
2012-02-08 00:00:00-05:00,4.217228475130546,4.225722178609101,4.217228475130546,4.221475124359131,600,0.0,0.0
2012-02-09 00:00:00-05:00,4.221475170625258,4.225722224921775,4.153523921966553,4.153523921966553,1300,0.0,0.0
2012-02-10 00:00:00-05:00,4.26819172243509,4.26819172243509,4.195993423461914,4.195993423461914,2300,0.0,0.0
2012-02-13 00:00:00-05:00,4.195993423461914,4.195993423461914,4.195993423461914,4.195993423461914,1500,0.0,0.0
2012-02-14 00:00:00-05:00,4.195993423461914,4.195993423461914,4.195993423461914,4.195993423461914,2500,0.0,0.0
2012-02-15 00:00:00-05:00,4.195993423461914,4.195993423461914,4.195993423461914,4.195993423461914,0,0.0,0.0
2012-02-16 00:00:00-05:00,4.183253511874866,4.183253511874866,4.157771587371826,4.157771587371826,1000,0.0,0.0
2012-02-17 00:00:00-05:00,4.132288827591917,4.225721991855092,4.132288827591917,4.195993423461914,4600,0.0,0.0
2012-02-21 00:00:00-05:00,4.242709803082818,4.255450965269638,4.195993423461914,4.195993423461914,3200,0.0,0.0
2012-02-22 00:00:00-05:00,4.195993423461914,4.195993423461914,4.195993423461914,4.195993423461914,0,0.0,0.0
2012-02-23 00:00:00-05:00,4.204487814005259,4.204487814005259,4.1875,4.1875,2900,0.0,0.0
2012-02-24 00:00:00-05:00,4.1875,4.1875,4.1875,4.1875,0,0.0,0.0
2012-02-27 00:00:00-05:00,4.246957093794721,4.255451202392578,4.22572222732147,4.255451202392578,4900,0.0,0.0
2012-02-28 00:00:00-05:00,4.255451202392578,4.255451202392578,4.255451202392578,4.255451202392578,200,0.0,0.0
2012-02-29 00:00:00-05:00,4.2342162985698595,4.2342162985698595,4.204487323760986,4.204487323760986,1300,0.0,0.0
2012-03-01 00:00:00-05:00,4.204487323760986,4.204487323760986,4.204487323760986,4.204487323760986,0,0.0,0.0
2012-03-02 00:00:00-05:00,4.191746214887018,4.225721836090088,4.191746214887018,4.225721836090088,1700,0.0,0.0
2012-03-05 00:00:00-05:00,4.34888384082498,4.34888384082498,4.225722104874592,4.234216213226318,1300,0.0,0.0
2012-03-06 00:00:00-05:00,4.2427102352387,4.34888416748204,4.2427102352387,4.26394510269165,2300,0.0,0.0
2012-03-07 00:00:00-05:00,4.2724397038136885,4.2724397038136885,4.242710723946584,4.246957778930664,2700,0.0,0.0
2012-03-08 00:00:00-05:00,4.246957778930664,4.246957778930664,4.246957778930664,4.246957778930664,0,0.0,0.0
2012-03-09 00:00:00-05:00,4.24695697073253,4.24695697073253,4.234216213226318,4.234216213226318,700,0.0,0.0
2012-03-12 00:00:00-04:00,4.2766856030616065,4.2766856030616065,4.234216275740093,4.238462924957275,4200,0.0,0.0
2012-03-13 00:00:00-04:00,4.238462924957275,4.238462924957275,4.238462924957275,4.238462924957275,0,0.0,0.0
2012-03-14 00:00:00-04:00,4.268192768096924,4.268192768096924,4.263945712994167,4.268192768096924,2600,0.0,0.0
2012-03-15 00:00:00-04:00,4.268192648829609,4.268192648829609,4.246957778930664,4.246957778930664,2400,0.0,0.0
2012-03-16 00:00:00-04:00,4.229969024658203,4.229969024658203,4.229969024658203,4.229969024658203,200,0.0,0.0
2012-03-19 00:00:00-04:00,4.225721836090088,4.22996888999581,4.225721836090088,4.225721836090088,2100,0.0,0.0
2012-03-20 00:00:00-04:00,4.272438965316001,4.357378025208475,4.217228475130546,4.221475124359131,5700,0.0,0.0
2012-03-21 00:00:00-04:00,4.212982044044434,4.212982044044434,4.20873498916626,4.20873498916626,500,0.0,0.0
2012-03-22 00:00:00-04:00,4.20873498916626,4.20873498916626,4.20873498916626,4.20873498916626,0,0.0,0.0
2012-03-23 00:00:00-04:00,4.183254241943359,4.183254241943359,4.183254241943359,4.183254241943359,600,0.0,0.0
2012-03-26 00:00:00-04:00,4.225722422280622,4.26394510269165,4.225722422280622,4.26394510269165,2500,0.0,0.0
2012-03-27 00:00:00-04:00,4.26394510269165,4.26394510269165,4.26394510269165,4.26394510269165,0,0.0,0.0
2012-03-28 00:00:00-04:00,4.26394510269165,4.26394510269165,4.26394510269165,4.26394510269165,0,0.0,0.0
2012-03-29 00:00:00-04:00,4.302167517416343,4.302167517416343,4.140783101770418,4.149277210235596,8100,0.0,0.0
2012-03-30 00:00:00-04:00,4.1875,4.1875,4.1875,4.1875,500,0.0,0.0
2012-04-02 00:00:00-04:00,4.229969024658203,4.229969024658203,4.229969024658203,4.229969024658203,600,0.0,0.0
2012-04-03 00:00:00-04:00,4.22996888999581,4.22996888999581,4.221474782184366,4.225721836090088,2000,0.0,0.0
2012-04-04 00:00:00-04:00,4.225721836090088,4.225721836090088,4.225721836090088,4.225721836090088,1900,0.0,0.0
2012-04-05 00:00:00-04:00,4.200240017762305,4.200240017762305,4.1577702918310795,4.162017345428467,1500,0.0,0.0
2012-04-09 00:00:00-04:00,4.15352525733122,4.183254241943359,4.15352525733122,4.183254241943359,700,0.0,0.0
2012-04-10 00:00:00-04:00,4.183254241943359,4.183254241943359,4.183254241943359,4.183254241943359,100,0.0,0.0
2012-04-11 00:00:00-04:00,4.183254241943359,4.183254241943359,4.183254241943359,4.183254241943359,0,0.0,0.0
2012-04-12 00:00:00-04:00,4.1747589111328125,4.1747589111328125,4.1747589111328125,4.1747589111328125,100,0.0,0.0
2012-04-13 00:00:00-04:00,4.21722936630249,4.21722936630249,4.21722936630249,4.21722936630249,400,0.0,0.0
2012-04-16 00:00:00-04:00,4.21722936630249,4.21722936630249,4.21722936630249,4.21722936630249,0,0.0,0.0
2012-04-17 00:00:00-04:00,4.21722936630249,4.21722936630249,4.21722936630249,4.21722936630249,0,0.0,0.0
2012-04-18 00:00:00-04:00,4.212981432283917,4.212981432283917,4.179005808234965,4.204487323760986,8500,0.0,0.0
2012-04-19 00:00:00-04:00,4.251204013824463,4.251204013824463,4.251204013824463,4.251204013824463,200,0.0,0.0
2012-04-20 00:00:00-04:00,4.251204013824463,4.251204013824463,4.251204013824463,4.251204013824463,0,0.0,0.0
2012-04-23 00:00:00-04:00,4.280932695036857,4.289426803588867,4.20873439243033,4.289426803588867,2900,0.0,0.0
2012-04-24 00:00:00-04:00,4.289426803588867,4.289426803588867,4.289426803588867,4.289426803588867,300,0.0,0.0
2012-04-25 00:00:00-04:00,4.24695697073253,4.268191836590469,4.234216213226318,4.234216213226318,1600,0.0,0.0
2012-04-26 00:00:00-04:00,4.319155350531714,4.382859544247792,4.319155350531714,4.323402404785156,500,0.0,0.0
2012-04-27 00:00:00-04:00,4.289426803588867,4.348883943367381,4.289426803588867,4.289426803588867,2200,0.0,0.0
2012-04-30 00:00:00-04:00,4.323402404785156,4.323402404785156,4.323402404785156,4.323402404785156,500,0.0,0.0
2012-05-01 00:00:00-04:00,4.306414615671498,4.306414615671498,4.289426803588867,4.289426803588867,200,0.0,0.0
2012-05-02 00:00:00-04:00,4.310661152046016,4.310661152046016,4.246956959659673,4.251204013824463,1100,0.0,0.0
2012-05-03 00:00:00-04:00,4.251204013824463,4.251204013824463,4.251204013824463,4.251204013824463,0,0.0,0.0
2012-05-04 00:00:00-04:00,4.276685982626906,4.28518009185791,4.276685982626906,4.28518009185791,600,0.0,0.0
2012-05-07 00:00:00-04:00,4.28518009185791,4.28518009185791,4.28518009185791,4.28518009185791,0,0.0,0.0
2012-05-08 00:00:00-04:00,4.28518009185791,4.28518009185791,4.28518009185791,4.28518009185791,0,0.0,0.0
2012-05-09 00:00:00-04:00,4.238462862380803,4.251204024908393,4.208734293192516,4.234216213226318,3800,0.0,0.0
2012-05-10 00:00:00-04:00,4.234216213226318,4.234216213226318,4.234216213226318,4.234216213226318,0,0.0,0.0
2012-05-11 00:00:00-04:00,4.234216275740093,4.242709979195842,4.229969221501526,4.238462924957275,2200,0.0,0.0
2012-05-14 00:00:00-04:00,4.225721836090088,4.225721836090088,4.225721836090088,4.225721836090088,900,0.0,0.0
2012-05-15 00:00:00-04:00,4.229969024658203,4.229969024658203,4.229969024658203,4.229969024658203,200,0.0,0.0
2012-05-16 00:00:00-04:00,4.229969024658203,4.229969024658203,4.229969024658203,4.229969024658203,0,0.0,0.0
2012-05-17 00:00:00-04:00,4.225722190046928,4.225722190046928,4.204487323760986,4.204487323760986,4000,0.0,0.0
2012-05-18 00:00:00-04:00,4.255451202392578,4.259697851670117,4.25120414809365,4.255451202392578,2300,0.0,0.0
2012-05-21 00:00:00-04:00,4.255451202392578,4.255451202392578,4.255451202392578,4.255451202392578,0,0.0,0.0
2012-05-22 00:00:00-04:00,4.255451202392578,4.255451202392578,4.255451202392578,4.255451202392578,0,0.0,0.0
2012-05-23 00:00:00-04:00,4.255451202392578,4.255451202392578,4.255451202392578,4.255451202392578,0,0.0,0.0
2012-05-24 00:00:00-04:00,4.238462592785901,4.238462592785901,4.225721836090088,4.225721836090088,1000,0.0,0.0
2012-05-25 00:00:00-04:00,4.225721836090088,4.225721836090088,4.225721836090088,4.225721836090088,0,0.0,0.0
2012-05-29 00:00:00-04:00,4.225721836090088,4.225721836090088,4.225721836090088,4.225721836090088,0,0.0,0.0
2012-05-30 00:00:00-04:00,4.217228133299996,4.225721836090088,4.217228133299996,4.225721836090088,1000,0.0,0.0
2012-05-31 00:00:00-04:00,4.217228486545383,4.217228486545383,4.204487323760986,4.204487323760986,4200,0.0,0.0
2012-06-01 00:00:00-04:00,4.246957778930664,4.246957778930664,4.246957778930664,4.246957778930664,400,0.0,0.0
2012-06-04 00:00:00-04:00,4.212981700897217,4.212981700897217,4.212981700897217,4.212981700897217,900,0.0,0.0
2012-06-05 00:00:00-04:00,4.212981700897217,4.212981700897217,4.212981700897217,4.212981700897217,0,0.0,0.0
2012-06-06 00:00:00-04:00,4.221475972009534,4.268192768096924,4.221475972009534,4.268192768096924,2300,0.0,0.0
2012-06-07 00:00:00-04:00,4.3064139924431055,4.3064139924431055,4.302166938781738,4.302166938781738,500,0.0,0.0
2012-06-08 00:00:00-04:00,4.302166938781738,4.302166938781738,4.302166938781738,4.302166938781738,0,0.0,0.0
2012-06-11 00:00:00-04:00,4.3234028422824755,4.374366283416748,4.297920919204626,4.374366283416748,3500,0.0,0.0
2012-06-12 00:00:00-04:00,4.448432191761005,4.452814984052122,4.295038223266602,4.295038223266602,7500,0.319,0.0
2012-06-13 00:00:00-04:00,4.277508735656738,4.277508735656738,4.277508735656738,4.277508735656738,1400,0.0,0.0
2012-06-14 00:00:00-04:00,4.3169535759557975,4.338866710662842,4.3169535759557975,4.338866710662842,1100,0.0,0.0
2012-06-15 00:00:00-04:00,4.338866710662842,4.338866710662842,4.338866710662842,4.338866710662842,2700,0.0,0.0
2012-06-18 00:00:00-04:00,4.338866710662842,4.338866710662842,4.338866710662842,4.338866710662842,0,0.0,0.0
2012-06-19 00:00:00-04:00,4.360778317304766,4.382691860198975,4.360778317304766,4.382691860198975,7700,0.0,0.0
2012-06-20 00:00:00-04:00,4.382691860198975,4.382691860198975,4.382691860198975,4.382691860198975,300,0.0,0.0
2012-06-21 00:00:00-04:00,4.382691860198975,4.382691860198975,4.382691860198975,4.382691860198975,1000,0.0,0.0
2012-06-22 00:00:00-04:00,4.382691860198975,4.382691860198975,4.382691860198975,4.382691860198975,0,0.0,0.0
2012-06-25 00:00:00-04:00,4.382691860198975,4.382691860198975,4.382691860198975,4.382691860198975,2000,0.0,0.0
2012-06-26 00:00:00-04:00,4.382691860198975,4.382691860198975,4.382691860198975,4.382691860198975,4600,0.0,0.0
2012-06-27 00:00:00-04:00,4.387076037659434,4.558000806681101,4.382693244103443,4.553618431091309,4300,0.0,0.0
2012-06-28 00:00:00-04:00,4.53170345032031,4.53170345032031,4.382691860198975,4.382691860198975,9300,0.0,0.0
2012-06-29 00:00:00-04:00,4.452816486358643,4.452816486358643,4.452816486358643,4.452816486358643,500,0.0,0.0
2012-07-02 00:00:00-04:00,4.452816486358643,4.452816486358643,4.452816486358643,4.452816486358643,0,0.0,0.0
2012-07-03 00:00:00-04:00,4.452816486358643,4.452816486358643,4.452816486358643,4.452816486358643,0,0.0,0.0
2012-07-05 00:00:00-04:00,4.404605516567046,4.404605516567046,4.391457557678223,4.391457557678223,400,0.0,0.0
2012-07-06 00:00:00-04:00,4.439668948364012,4.444051742553711,4.439668948364012,4.444051742553711,1000,0.0,0.0
2012-07-09 00:00:00-04:00,4.387075901031494,4.387075901031494,4.387075901031494,4.387075901031494,300,0.0,0.0
2012-07-10 00:00:00-04:00,4.387075901031494,4.387075901031494,4.387075901031494,4.387075901031494,0,0.0,0.0
2012-07-11 00:00:00-04:00,4.4484333992004395,4.4484333992004395,4.4484333992004395,4.4484333992004395,500,0.0,0.0
2012-07-12 00:00:00-04:00,4.444051742553711,4.444051742553711,4.444051742553711,4.444051742553711,200,0.0,0.0
2012-07-13 00:00:00-04:00,4.444051742553711,4.444051742553711,4.444051742553711,4.444051742553711,0,0.0,0.0
2012-07-16 00:00:00-04:00,4.4265195940737785,4.4265195940737785,4.360778955766072,4.400223255157471,3800,0.0,0.0
2012-07-17 00:00:00-04:00,4.426520983761175,4.444051742553711,4.426520983761175,4.444051742553711,500,0.0,0.0
2012-07-18 00:00:00-04:00,4.444051281375369,4.444051281375369,4.3695454597473145,4.3695454597473145,1700,0.0,0.0
2012-07-19 00:00:00-04:00,4.422137260437012,4.422137260437012,4.422137260437012,4.422137260437012,300,0.0,0.0
2012-07-20 00:00:00-04:00,4.41775369644165,4.41775369644165,4.41775369644165,4.41775369644165,200,0.0,0.0
2012-07-23 00:00:00-04:00,4.422136488945854,4.422136488945854,4.41775369644165,4.41775369644165,800,0.0,0.0
2012-07-24 00:00:00-04:00,4.422137554035398,4.426520347595215,4.422137554035398,4.426520347595215,600,0.0,0.0
2012-07-25 00:00:00-04:00,4.426520347595215,4.426520347595215,4.426520347595215,4.426520347595215,500,0.0,0.0
2012-07-26 00:00:00-04:00,4.426520347595215,4.426520347595215,4.426520347595215,4.426520347595215,0,0.0,0.0
2012-07-27 00:00:00-04:00,4.426520347595215,4.426520347595215,4.426520347595215,4.426520347595215,400,0.0,0.0
2012-07-30 00:00:00-04:00,4.387074652371029,4.387074652371029,4.382691860198975,4.382691860198975,1000,0.0,0.0
2012-07-31 00:00:00-04:00,4.382691860198975,4.382691860198975,4.382691860198975,4.382691860198975,1000,0.0,0.0
2012-08-01 00:00:00-04:00,4.452816776702603,4.5097918455263715,4.40460729598999,4.40460729598999,3300,0.0,0.0
2012-08-02 00:00:00-04:00,4.382693168854105,4.4484333992004395,4.382693168854105,4.4484333992004395,400,0.0,0.0
2012-08-03 00:00:00-04:00,4.382691860198975,4.382691860198975,4.382691860198975,4.382691860198975,300,0.0,0.0
2012-08-06 00:00:00-04:00,4.382691860198975,4.382691860198975,4.373926275854864,4.382691860198975,2800,0.0,0.0
2012-08-07 00:00:00-04:00,4.457199573516846,4.457199573516846,4.457199573516846,4.457199573516846,500,0.0,0.0
2012-08-08 00:00:00-04:00,4.457199573516846,4.457199573516846,4.457199573516846,4.457199573516846,0,0.0,0.0
2012-08-09 00:00:00-04:00,4.457199573516846,4.457199573516846,4.457199573516846,4.457199573516846,0,0.0,0.0
2012-08-10 00:00:00-04:00,4.457199573516846,4.457199573516846,4.457199573516846,4.457199573516846,0,0.0,0.0
2012-08-13 00:00:00-04:00,4.457199573516846,4.457199573516846,4.457199573516846,4.457199573516846,0,0.0,0.0
2012-08-14 00:00:00-04:00,4.457199573516846,4.457199573516846,4.457199573516846,4.457199573516846,0,0.0,0.0
2012-08-15 00:00:00-04:00,4.387075620764093,4.4352850914001465,4.387075620764093,4.4352850914001465,200,0.0,0.0
2012-08-16 00:00:00-04:00,4.4352850914001465,4.4352850914001465,4.4352850914001465,4.4352850914001465,0,0.0,0.0
2012-08-17 00:00:00-04:00,4.391458694450991,4.391458694450991,4.387075901031494,4.387075901031494,400,0.0,0.0
2012-08-20 00:00:00-04:00,4.391458694450991,4.395841069904302,4.382693107611998,4.387075901031494,2500,0.0,0.0
2012-08-21 00:00:00-04:00,4.382691860198975,4.382691860198975,4.382691860198975,4.382691860198975,1600,0.0,0.0
2012-08-22 00:00:00-04:00,4.391457444543084,4.391457444543084,4.37830906802692,4.382691860198975,1900,0.0,0.0
2012-08-23 00:00:00-04:00,4.382691860198975,4.382691860198975,4.382691860198975,4.382691860198975,0,0.0,0.0
2012-08-24 00:00:00-04:00,4.382691860198975,4.382691860198975,4.382691860198975,4.382691860198975,0,0.0,0.0
2012-08-27 00:00:00-04:00,4.404606718291613,4.4484333992004395,4.404606718291613,4.4484333992004395,1000,0.0,0.0
2012-08-28 00:00:00-04:00,4.4484333992004395,4.4484333992004395,4.4484333992004395,4.4484333992004395,0,0.0,0.0
2012-08-29 00:00:00-04:00,4.4484333992004395,4.4484333992004395,4.4484333992004395,4.4484333992004395,0,0.0,0.0
2012-08-30 00:00:00-04:00,4.448433985400266,4.509791848317587,4.448433985400266,4.457199573516846,2500,0.0,0.0
2012-08-31 00:00:00-04:00,4.457199573516846,4.457199573516846,4.457199573516846,4.457199573516846,0,0.0,0.0
2012-09-04 00:00:00-04:00,4.457199573516846,4.457199573516846,4.457199573516846,4.457199573516846,0,0.0,0.0
2012-09-05 00:00:00-04:00,4.439667884539649,4.439667884539649,4.4352850914001465,4.4352850914001465,300,0.0,0.0
2012-09-06 00:00:00-04:00,4.417754598305555,4.417754598305555,4.408989429473877,4.408989429473877,1000,0.0,0.0
2012-09-07 00:00:00-04:00,4.408989429473877,4.408989429473877,4.408989429473877,4.408989429473877,0,0.0,0.0
2012-09-10 00:00:00-04:00,4.487877186273492,4.492259979248047,4.483494393298936,4.492259979248047,3500,0.0,0.0
2012-09-11 00:00:00-04:00,4.4966434548347625,4.4966434548347625,4.465964317321777,4.465964317321777,2800,0.0,0.0
2012-09-12 00:00:00-04:00,4.465964317321777,4.465964317321777,4.465964317321777,4.465964317321777,0,0.0,0.0
2012-09-13 00:00:00-04:00,4.465964317321777,4.465964317321777,4.465964317321777,4.465964317321777,0,0.0,0.0
2012-09-14 00:00:00-04:00,4.5141730308532715,4.5141730308532715,4.444050022818953,4.5141730308532715,3200,0.0,0.0
2012-09-17 00:00:00-04:00,4.448433052852495,4.448433052852495,4.404606375355945,4.4352850914001465,1300,0.0,0.0
2012-09-18 00:00:00-04:00,4.426520830375666,4.531705379486084,4.417755242300009,4.531705379486084,3300,0.0,0.0
2012-09-19 00:00:00-04:00,4.527321844295617,4.527321844295617,4.430902481079102,4.430902481079102,2500,0.0,0.0
2012-09-20 00:00:00-04:00,4.45281518438283,4.45281518438283,4.439667224884033,4.439667224884033,900,0.0,0.0
2012-09-21 00:00:00-04:00,4.452816486358643,4.452816486358643,4.452816486358643,4.452816486358643,100,0.0,0.0
2012-09-24 00:00:00-04:00,4.452816029714606,4.452816029714606,4.430902481079102,4.430902481079102,2800,0.0,0.0
2012-09-25 00:00:00-04:00,4.457198986161919,4.457198986161919,4.4484333992004395,4.4484333992004395,2000,0.0,0.0
2012-09-26 00:00:00-04:00,4.483494747024608,4.483494747024608,4.430902481079102,4.430902481079102,1600,0.0,0.0
2012-09-27 00:00:00-04:00,4.509790232832409,4.509790232832409,4.439667224884033,4.439667224884033,1400,0.0,0.0
2012-09-28 00:00:00-04:00,4.439667224884033,4.439667224884033,4.439667224884033,4.439667224884033,0,0.0,0.0
2012-10-01 00:00:00-04:00,4.487877368927002,4.487877368927002,4.487877368927002,4.487877368927002,200,0.0,0.0
2012-10-02 00:00:00-04:00,4.422137402248674,4.461581707000732,4.422137402248674,4.461581707000732,900,0.0,0.0
2012-10-03 00:00:00-04:00,4.461581707000732,4.461581707000732,4.461581707000732,4.461581707000732,0,0.0,0.0
2012-10-04 00:00:00-04:00,4.461581100651618,4.474729061126709,4.461581100651618,4.474729061126709,1000,0.0,0.0
2012-10-05 00:00:00-04:00,4.422137562632281,4.47911262512207,4.422137562632281,4.47911262512207,2700,0.0,0.0
2012-10-08 00:00:00-04:00,4.4791120182905235,4.492259979248047,4.4791120182905235,4.492259979248047,5800,0.0,0.0
2012-10-09 00:00:00-04:00,4.4878765664255855,4.527320861816406,4.4878765664255855,4.527320861816406,4000,0.0,0.0
2012-10-10 00:00:00-04:00,4.509790232832409,4.509790232832409,4.439667224884033,4.439667224884033,1000,0.0,0.0
2012-10-11 00:00:00-04:00,4.461582367575136,4.461582367575136,4.457199573516846,4.457199573516846,400,0.0,0.0
2012-10-12 00:00:00-04:00,4.531704243193937,4.5360870361328125,4.527321450255062,4.5360870361328125,2100,0.0,0.0
2012-10-15 00:00:00-04:00,4.522939476341347,4.549235820770264,4.522939476341347,4.549235820770264,700,0.0,0.0
2012-10-16 00:00:00-04:00,4.487877704594717,4.487877704594717,4.4309026432436704,4.4484333992004395,6700,0.0,0.0
2012-10-17 00:00:00-04:00,4.444051742553711,4.444051742553711,4.444051742553711,4.444051742553711,200,0.0,0.0
2012-10-18 00:00:00-04:00,4.44843332677259,4.461581707000732,4.44843332677259,4.461581707000732,1200,0.0,0.0
2012-10-19 00:00:00-04:00,4.461581707000732,4.461581707000732,4.461581707000732,4.461581707000732,0,0.0,0.0
2012-10-22 00:00:00-04:00,4.461581707000732,4.461581707000732,4.461581707000732,4.461581707000732,0,0.0,0.0
2012-10-23 00:00:00-04:00,4.465964317321777,4.465964317321777,4.465964317321777,4.465964317321777,200,0.0,0.0
2012-10-24 00:00:00-04:00,4.514174211428094,4.514174211428094,4.465964317321777,4.465964317321777,1400,0.0,0.0
2012-10-25 00:00:00-04:00,4.465964317321777,4.465964317321777,4.465964317321777,4.465964317321777,0,0.0,0.0
2012-10-26 00:00:00-04:00,4.5141730308532715,4.5141730308532715,4.5141730308532715,4.5141730308532715,500,0.0,0.0
2012-10-31 00:00:00-04:00,4.444050852545618,4.50540828704834,4.444050852545618,4.50540828704834,400,0.0,0.0
2012-11-01 00:00:00-04:00,4.50540828704834,4.50540828704834,4.50540828704834,4.50540828704834,0,0.0,0.0
2012-11-02 00:00:00-04:00,4.509791382366484,4.562383651733398,4.509791382366484,4.562383651733398,600,0.0,0.0
2012-11-05 00:00:00-05:00,4.49664306640625,4.49664306640625,4.49664306640625,4.49664306640625,200,0.0,0.0
2012-11-06 00:00:00-05:00,4.49664306640625,4.49664306640625,4.49664306640625,4.49664306640625,0,0.0,0.0
2012-11-07 00:00:00-05:00,4.562383357898387,4.562383357898387,4.496643129915218,4.558000564575195,2600,0.0,0.0
2012-11-08 00:00:00-05:00,4.558000564575195,4.558000564575195,4.558000564575195,4.558000564575195,0,0.0,0.0
2012-11-09 00:00:00-05:00,4.558000564575195,4.558000564575195,4.558000564575195,4.558000564575195,0,0.0,0.0
2012-11-12 00:00:00-05:00,4.558000564575195,4.558000564575195,4.558000564575195,4.558000564575195,0,0.0,0.0
2012-11-13 00:00:00-05:00,4.483494758605957,4.483494758605957,4.483494758605957,4.483494758605957,100,0.0,0.0
2012-11-14 00:00:00-05:00,4.483494758605957,4.483494758605957,4.483494758605957,4.483494758605957,0,0.0,0.0
2012-11-15 00:00:00-05:00,4.492259979248047,4.492259979248047,4.492259979248047,4.492259979248047,100,0.0,0.0
2012-11-16 00:00:00-05:00,4.47034687585331,4.47034687585331,4.461581707000732,4.461581707000732,800,0.0,0.0
2012-11-19 00:00:00-05:00,4.5360881947010805,4.562384123118328,4.457199573516846,4.457199573516846,1700,0.0,0.0
2012-11-20 00:00:00-05:00,4.562383357898387,4.562383357898387,4.558000564575195,4.558000564575195,2000,0.0,0.0
2012-11-21 00:00:00-05:00,4.558000858127938,4.562383651733398,4.553618482488681,4.562383651733398,2000,0.0,0.0
2012-11-23 00:00:00-05:00,4.562383651733398,4.562383651733398,4.562383651733398,4.562383651733398,0,0.0,0.0
2012-11-26 00:00:00-05:00,4.632506818536577,4.632506818536577,4.601828098297119,4.601828098297119,900,0.0,0.0
2012-11-27 00:00:00-05:00,4.676333316296031,4.676333316296031,4.667567729949951,4.667567729949951,900,0.0,0.0
2012-11-28 00:00:00-05:00,4.61059400030202,4.61059400030202,4.522939791410427,4.531705379486084,1200,0.0,0.0
2012-11-29 00:00:00-05:00,4.610594054010563,4.636889982611366,4.514174673886374,4.593062877655029,3900,0.0,0.0
2012-11-30 00:00:00-05:00,4.593062877655029,4.593062877655029,4.593062877655029,4.593062877655029,0,0.0,0.0
2012-12-03 00:00:00-05:00,4.51855600587365,4.51855600587365,4.48349408247407,4.509790420532227,1300,0.0,0.0
2012-12-04 00:00:00-05:00,4.492260028264935,4.588679384926508,4.487877235242557,4.575531005859375,1400,0.0,0.0
2012-12-05 00:00:00-05:00,4.536086629132247,4.5492345888030306,4.509790291824578,4.522938251495361,3900,0.0,0.0
2012-12-06 00:00:00-05:00,4.505408550599697,4.518556931304709,4.47911262512207,4.47911262512207,4900,0.0,0.0
2012-12-07 00:00:00-05:00,4.492259979248047,4.522938694137649,4.483494393298936,4.492259979248047,1300,0.0,0.0
2012-12-10 00:00:00-05:00,4.483494393298936,4.492259979248047,4.483494393298936,4.492259979248047,400,0.0,0.0
2012-12-11 00:00:00-05:00,4.501025565197158,4.527321487112204,4.4791120182905235,4.492259979248047,2000,0.0,0.0
2012-12-12 00:00:00-05:00,4.469191524799078,4.546090602874756,4.442050496081538,4.546090602874756,7200,0.319,0.0
2012-12-13 00:00:00-05:00,4.478237496188847,4.478237496188847,4.473714351654053,4.473714351654053,300,0.0,0.0
2012-12-14 00:00:00-05:00,4.500854848766063,4.509902000427246,4.500854848766063,4.509902000427246,1200,0.0,0.0
2012-12-17 00:00:00-05:00,4.482760044216593,4.523471355438232,4.478236469327112,4.523471355438232,1500,0.0,0.0
2012-12-18 00:00:00-05:00,4.541566060569473,4.541566060569473,4.532519340515137,4.532519340515137,5100,0.0,0.0
2012-12-19 00:00:00-05:00,4.53251958156478,4.53251958156478,4.505378557174499,4.514425277709961,1500,0.0,0.0
2012-12-20 00:00:00-05:00,4.523471355438232,4.523471355438232,4.523471355438232,4.523471355438232,900,0.0,0.0
2012-12-21 00:00:00-05:00,4.527995872357677,4.527995872357677,4.509902000427246,4.509902000427246,2500,0.0,0.0
2012-12-24 00:00:00-05:00,4.509902000427246,4.509902000427246,4.509902000427246,4.509902000427246,0,0.0,0.0
2012-12-26 00:00:00-05:00,4.509902299274876,4.509902299274876,4.505378723144531,4.505378723144531,3000,0.0,0.0
2012-12-27 00:00:00-05:00,4.505378723144531,4.505378723144531,4.505378723144531,4.505378723144531,0,0.0,0.0
2012-12-28 00:00:00-05:00,4.5189486623739015,4.5189486623739015,4.496331214904785,4.496331214904785,2600,0.0,0.0
2012-12-31 00:00:00-05:00,4.500853912382672,4.527994930327713,4.446572307884435,4.523471355438232,1800,0.0,0.0
2013-01-02 00:00:00-05:00,4.532518699468573,4.546088993326757,4.532518699468573,4.541565418243408,3300,0.0,0.0
2013-01-03 00:00:00-05:00,4.537043449504903,4.546090602874756,4.537043449504903,4.546090602874756,500,0.0,0.0
2013-01-04 00:00:00-05:00,4.4872846603393555,4.4872846603393555,4.4872846603393555,4.4872846603393555,300,0.0,0.0
2013-01-07 00:00:00-05:00,4.4872846603393555,4.4872846603393555,4.4872846603393555,4.4872846603393555,0,0.0,0.0
2013-01-08 00:00:00-05:00,4.496331570883841,4.505378723144531,4.496331570883841,4.505378723144531,300,0.0,0.0
2013-01-09 00:00:00-05:00,4.505378723144531,4.505378723144531,4.505378723144531,4.505378723144531,0,0.0,0.0
2013-01-10 00:00:00-05:00,4.505378723144531,4.505378723144531,4.505378723144531,4.505378723144531,0,0.0,0.0
2013-01-11 00:00:00-05:00,4.546090602874756,4.546090602874756,4.546090602874756,4.546090602874756,1500,0.0,0.0
2013-01-14 00:00:00-05:00,4.546089581550676,4.609417915344238,4.546089581550676,4.609417915344238,6400,0.0,0.0
2013-01-15 00:00:00-05:00,4.57323022784754,4.57323022784754,4.532519340515137,4.532519340515137,1200,0.0,0.0
2013-01-16 00:00:00-05:00,4.532518505217195,4.541565223604311,4.523471355438232,4.523471355438232,2600,0.0,0.0
2013-01-17 00:00:00-05:00,4.532519907636996,4.586801528930664,4.532519907636996,4.586801528930664,300,0.0,0.0
2013-01-18 00:00:00-05:00,4.5822779526415305,4.586801528930664,4.5822779526415305,4.586801528930664,2500,0.0,0.0
2013-01-22 00:00:00-05:00,4.537042140960693,4.537042140960693,4.537042140960693,4.537042140960693,500,0.0,0.0
2013-01-23 00:00:00-05:00,4.564183712005615,4.564183712005615,4.564183712005615,4.564183712005615,300,0.0,0.0
2013-01-24 00:00:00-05:00,4.532519340515137,4.532519340515137,4.532519340515137,4.532519340515137,1500,0.0,0.0
2013-01-25 00:00:00-05:00,4.541565418243408,4.541565418243408,4.541565418243408,4.541565418243408,300,0.0,0.0
2013-01-28 00:00:00-05:00,4.568707466125488,4.568707466125488,4.568707466125488,4.568707466125488,100,0.0,0.0
2013-01-29 00:00:00-05:00,4.564183507793203,4.564183507793203,4.5279957647920055,4.532519340515137,3200,0.0,0.0
2013-01-30 00:00:00-05:00,4.5370418431600585,4.541565418243408,4.5370418431600585,4.541565418243408,1000,0.0,0.0
2013-01-31 00:00:00-05:00,4.586801172566281,4.745122447857623,4.541566275973357,4.577754020690918,8400,0.0,0.0
2013-02-01 00:00:00-05:00,4.654653072357178,4.654653072357178,4.654653072357178,4.654653072357178,100,0.0,0.0
2013-02-04 00:00:00-05:00,4.573230444753237,4.577754020690918,4.550613427848719,4.577754020690918,1100,0.0,0.0
2013-02-05 00:00:00-05:00,4.555135593219434,4.555135593219434,4.550612449645996,4.550612449645996,1600,0.0,0.0
2013-02-06 00:00:00-05:00,4.550613059586173,4.555136203765869,4.550613059586173,4.555136203765869,800,0.0,0.0
2013-02-07 00:00:00-05:00,4.546088874680706,4.550612449645996,4.546088874680706,4.550612449645996,600,0.0,0.0
2013-02-08 00:00:00-05:00,4.550612449645996,4.550612449645996,4.550612449645996,4.550612449645996,0,0.0,0.0
2013-02-11 00:00:00-05:00,4.550612449645996,4.550612449645996,4.550612449645996,4.550612449645996,0,0.0,0.0
2013-02-12 00:00:00-05:00,4.577754776885206,4.577754776885206,4.546090602874756,4.546090602874756,900,0.0,0.0
2013-02-13 00:00:00-05:00,4.546090602874756,4.546090602874756,4.546090602874756,4.546090602874756,0,0.0,0.0
2013-02-14 00:00:00-05:00,4.573230444753237,4.577754020690918,4.573230444753237,4.577754020690918,1200,0.0,0.0
2013-02-15 00:00:00-05:00,4.577754020690918,4.577754020690918,4.577754020690918,4.577754020690918,0,0.0,0.0
2013-02-19 00:00:00-05:00,4.577754020690918,4.577754020690918,4.577754020690918,4.577754020690918,300,0.0,0.0
2013-02-20 00:00:00-05:00,4.577754020690918,4.577754020690918,4.577754020690918,4.577754020690918,0,0.0,0.0
2013-02-21 00:00:00-05:00,4.546088874680706,4.550612449645996,4.546088874680706,4.550612449645996,700,0.0,0.0
2013-02-22 00:00:00-05:00,4.568707466125488,4.568707466125488,4.568707466125488,4.568707466125488,100,0.0,0.0
2013-02-25 00:00:00-05:00,4.568707598567083,4.573230743408203,4.568707598567083,4.573230743408203,700,0.0,0.0
2013-02-26 00:00:00-05:00,4.568706318115306,4.568706318115306,4.550612449645996,4.550612449645996,800,0.0,0.0
2013-02-27 00:00:00-05:00,4.550612449645996,4.550612449645996,4.550612449645996,4.550612449645996,0,0.0,0.0
2013-02-28 00:00:00-05:00,4.582277297973633,4.582277297973633,4.582277297973633,4.582277297973633,1100,0.0,0.0
2013-03-01 00:00:00-05:00,4.564183712005615,4.564183712005615,4.564183712005615,4.564183712005615,200,0.0,0.0
2013-03-04 00:00:00-05:00,4.564183712005615,4.564183712005615,4.564183712005615,4.564183712005615,300,0.0,0.0
2013-03-05 00:00:00-05:00,4.564183712005615,4.564183712005615,4.564183712005615,4.564183712005615,500,0.0,0.0
2013-03-06 00:00:00-05:00,4.550612449645996,4.559659168184725,4.550612449645996,4.550612449645996,1300,0.0,0.0
2013-03-07 00:00:00-05:00,4.582277596628599,4.591324317112017,4.550613427848719,4.577754020690918,3500,0.0,0.0
2013-03-08 00:00:00-05:00,4.550612285998033,4.559659004211426,4.550612285998033,4.559659004211426,800,0.0,0.0
2013-03-11 00:00:00-04:00,4.559659004211426,4.559659004211426,4.559659004211426,4.559659004211426,0,0.0,0.0
2013-03-12 00:00:00-04:00,4.559659004211426,4.559659004211426,4.559659004211426,4.559659004211426,0,0.0,0.0
2013-03-13 00:00:00-04:00,4.550612285998033,4.559659004211426,4.550612285998033,4.559659004211426,1400,0.0,0.0
2013-03-14 00:00:00-04:00,4.555136203765869,4.555136203765869,4.555136203765869,4.555136203765869,1000,0.0,0.0
2013-03-15 00:00:00-04:00,4.555136011089865,4.559659586470131,4.537042140960693,4.537042140960693,6600,0.0,0.0
2013-03-18 00:00:00-04:00,4.546090602874756,4.550614179559682,4.527996727527068,4.546090602874756,3500,0.0,0.0
2013-03-19 00:00:00-04:00,4.532519639253702,4.532519639253702,4.527996063232422,4.527996063232422,1800,0.0,0.0
2013-03-20 00:00:00-04:00,4.527995979552258,4.577754020690918,4.527995979552258,4.577754020690918,3300,0.0,0.0
2013-03-21 00:00:00-04:00,4.532518996972319,4.573229881219037,4.532518996972319,4.537042140960693,1000,0.0,0.0
2013-03-22 00:00:00-04:00,4.537042140960693,4.537042140960693,4.537042140960693,4.537042140960693,0,0.0,0.0
2013-03-25 00:00:00-04:00,4.537042140960693,4.537042140960693,4.537042140960693,4.537042140960693,0,0.0,0.0
2013-03-26 00:00:00-04:00,4.537042140960693,4.537042140960693,4.537042140960693,4.537042140960693,0,0.0,0.0
2013-03-27 00:00:00-04:00,4.537042140960693,4.537042140960693,4.537042140960693,4.537042140960693,0,0.0,0.0
2013-03-28 00:00:00-04:00,4.577754776885206,4.582278353570131,4.546090602874756,4.546090602874756,2000,0.0,0.0
2013-04-01 00:00:00-04:00,4.6048940550539275,4.6048940550539275,4.550612449645996,4.550612449645996,800,0.0,0.0
2013-04-02 00:00:00-04:00,4.546088874680706,4.555135593219434,4.546088874680706,4.550612449645996,3100,0.0,0.0
2013-04-03 00:00:00-04:00,4.568708054907369,4.568708054907369,4.546090602874756,4.546090602874756,1100,0.0,0.0
2013-04-04 00:00:00-04:00,4.537042783883028,4.546089935925588,4.527996063232422,4.527996063232422,6700,0.0,0.0
2013-04-05 00:00:00-04:00,4.527994930327713,4.55965909177039,4.518947780548751,4.523471355438232,18000,0.0,0.0
2013-04-08 00:00:00-04:00,4.582277297973633,4.582277297973633,4.537042404328943,4.582277297973633,16700,0.0,0.0
2013-04-09 00:00:00-04:00,4.5822768204555455,4.668222591753765,4.5822768204555455,4.659175872802734,9300,0.0,0.0
2013-04-10 00:00:00-04:00,4.659175872802734,4.659175872802734,4.659175872802734,4.659175872802734,0,0.0,0.0
2013-04-11 00:00:00-04:00,4.650129795074463,4.654653371289338,4.650129795074463,4.650129795074463,1100,0.0,0.0
2013-04-12 00:00:00-04:00,4.650128707882833,4.650128707882833,4.645605564117432,4.645605564117432,1300,0.0,0.0
2013-04-15 00:00:00-04:00,4.62298890367054,4.654653072357178,4.62298890367054,4.654653072357178,2300,0.0,0.0
2013-04-16 00:00:00-04:00,4.654653072357178,4.654653072357178,4.654653072357178,4.654653072357178,1600,0.0,0.0
2013-04-17 00:00:00-04:00,4.654653072357178,4.654653072357178,4.654653072357178,4.654653072357178,1000,0.0,0.0
2013-04-18 00:00:00-04:00,4.654653072357178,4.654653072357178,4.654653072357178,4.654653072357178,0,0.0,0.0
2013-04-19 00:00:00-04:00,4.645605788867887,4.645605788867887,4.613941192626953,4.613941192626953,2200,0.0,0.0
2013-04-22 00:00:00-04:00,4.613941192626953,4.613941192626953,4.613941192626953,4.613941192626953,400,0.0,0.0
2013-04-23 00:00:00-04:00,4.636560047961449,4.6908416748046875,4.636560047961449,4.6908416748046875,9700,0.0,0.0
2013-04-24 00:00:00-04:00,4.6908416748046875,4.6908416748046875,4.6908416748046875,4.6908416748046875,0,0.0,0.0
2013-04-25 00:00:00-04:00,4.613941847565755,4.690840914307847,4.613941847565755,4.618465423583984,2000,0.0,0.0
2013-04-26 00:00:00-04:00,4.659176243463069,4.681793689727783,4.659176243463069,4.681793689727783,1800,0.0,0.0
2013-04-29 00:00:00-04:00,4.622989749098646,4.6908416748046875,4.618466172347037,4.6908416748046875,1100,0.0,0.0
2013-04-30 00:00:00-04:00,4.6908416748046875,4.6908416748046875,4.6908416748046875,4.6908416748046875,0,0.0,0.0
2013-05-01 00:00:00-04:00,4.622988224029541,4.622988224029541,4.622988224029541,4.622988224029541,500,0.0,0.0
2013-05-02 00:00:00-04:00,4.68631635758713,4.917013509535558,4.68631635758713,4.758692264556885,7500,0.0,0.0
2013-05-03 00:00:00-04:00,4.808450912406046,4.808450912406046,4.763216018676758,4.763216018676758,500,0.0,0.0
2013-05-06 00:00:00-04:00,4.763216018676758,4.763216018676758,4.763216018676758,4.763216018676758,0,0.0,0.0
2013-05-07 00:00:00-04:00,4.763216018676758,4.763216018676758,4.763216018676758,4.763216018676758,0,0.0,0.0
2013-05-08 00:00:00-04:00,4.763216018676758,4.763216018676758,4.763216018676758,4.763216018676758,0,0.0,0.0
2013-05-09 00:00:00-04:00,4.763216018676758,4.763216018676758,4.763216018676758,4.763216018676758,0,0.0,0.0
2013-05-10 00:00:00-04:00,4.699888172208023,4.699888172208023,4.686317443847656,4.686317443847656,1500,0.0,0.0
2013-05-13 00:00:00-04:00,4.686317443847656,4.686317443847656,4.681794299119497,4.686317443847656,1400,0.0,0.0
2013-05-14 00:00:00-04:00,4.668222904205322,4.668222904205322,4.668222904205322,4.668222904205322,500,0.0,0.0
2013-05-15 00:00:00-04:00,4.668222904205322,4.668222904205322,4.668222904205322,4.668222904205322,0,0.0,0.0
2013-05-16 00:00:00-04:00,4.704411506652832,4.704411506652832,4.704411506652832,4.704411506652832,100,0.0,0.0
2013-05-17 00:00:00-04:00,4.704411506652832,4.704411506652832,4.704411506652832,4.704411506652832,0,0.0,0.0
2013-05-20 00:00:00-04:00,4.749646186828613,4.749646186828613,4.749646186828613,4.749646186828613,400,0.0,0.0
2013-05-21 00:00:00-04:00,4.740598201751709,4.740598201751709,4.740598201751709,4.740598201751709,1000,0.0,0.0
2013-05-22 00:00:00-04:00,4.822020906202485,4.822020906202485,4.749645425878469,4.767739295959473,1600,0.0,0.0
2013-05-23 00:00:00-04:00,4.772262378650046,4.772262378650046,4.754168510437012,4.754168510437012,900,0.0,0.0
2013-05-24 00:00:00-04:00,4.749646186828613,4.749646186828613,4.749646186828613,4.749646186828613,200,0.0,0.0
2013-05-28 00:00:00-04:00,4.749646186828613,4.749646186828613,4.749646186828613,4.749646186828613,100,0.0,0.0
2013-05-29 00:00:00-04:00,4.704410315594476,4.708933890751747,4.645605564117432,4.645605564117432,4100,0.0,0.0
2013-05-30 00:00:00-04:00,4.65012958991255,4.708934783935547,4.641082869273909,4.708934783935547,3600,0.0,0.0
2013-05-31 00:00:00-04:00,4.641081988960161,4.699887171829076,4.641081988960161,4.645605564117432,2200,0.0,0.0
2013-06-03 00:00:00-04:00,4.704411506652832,4.71798223556047,4.690841209137174,4.704411506652832,6000,0.0,0.0
2013-06-04 00:00:00-04:00,4.704411956231994,4.78131103515625,4.695365234154329,4.78131103515625,3700,0.0,0.0
2013-06-05 00:00:00-04:00,4.776787281036377,4.776787281036377,4.776787281036377,4.776787281036377,200,0.0,0.0
2013-06-06 00:00:00-04:00,4.776787281036377,4.776787281036377,4.776787281036377,4.776787281036377,0,0.0,0.0
2013-06-07 00:00:00-04:00,4.776787281036377,4.776787281036377,4.776787281036377,4.776787281036377,0,0.0,0.0
2013-06-10 00:00:00-04:00,4.790356335860579,4.790356335860579,4.717980861663818,4.717980861663818,800,0.0,0.0
2013-06-11 00:00:00-04:00,4.699888361742266,4.704411506652832,4.699888361742266,4.704411506652832,800,0.0,0.0
2013-06-12 00:00:00-04:00,4.783276548975586,4.783276548975586,4.549945985610924,4.643278121948242,21200,0.319,0.0
2013-06-13 00:00:00-04:00,4.643278121948242,4.643278121948242,4.643278121948242,4.643278121948242,0,0.0,0.0
2013-06-14 00:00:00-04:00,4.643278456873457,4.643278456873457,4.633945465087891,4.633945465087891,5300,0.0,0.0
2013-06-17 00:00:00-04:00,4.643278121948242,4.643278121948242,4.643278121948242,4.643278121948242,1200,0.0,0.0
2013-06-18 00:00:00-04:00,4.643278121948242,4.643278121948242,4.643278121948242,4.643278121948242,1100,0.0,0.0
2013-06-19 00:00:00-04:00,4.6246116946807785,4.643278121948242,4.6246116946807785,4.643278121948242,2400,0.0,0.0
2013-06-20 00:00:00-04:00,4.638611403870693,4.643278121948242,4.638611403870693,4.643278121948242,1100,0.0,0.0
2013-06-21 00:00:00-04:00,4.643278848036823,4.643278848036823,4.624612417850412,4.629279136657715,2900,0.0,0.0
2013-06-24 00:00:00-04:00,4.643278121948242,4.643278121948242,4.545279267533375,4.643278121948242,4200,0.0,0.0
2013-06-25 00:00:00-04:00,4.563946078176227,4.638611793518066,4.563946078176227,4.638611793518066,2000,0.0,0.0
2013-06-26 00:00:00-04:00,4.643278121948242,4.643278121948242,4.643278121948242,4.643278121948242,2100,0.0,0.0
2013-06-27 00:00:00-04:00,4.722612091177625,4.722612091177625,4.647946357727051,4.647946357727051,800,0.0,0.0
2013-06-28 00:00:00-04:00,4.647945717493485,4.666612148284912,4.647945717493485,4.666612148284912,1600,0.0,0.0
2013-07-01 00:00:00-04:00,4.671278476715088,4.671278476715088,4.671278476715088,4.671278476715088,200,0.0,0.0
2013-07-02 00:00:00-04:00,4.671278714442046,4.731944723790451,4.671278714442046,4.713278293609619,1500,0.0,0.0
2013-07-03 00:00:00-04:00,4.666611995636138,4.713278293609619,4.666611995636138,4.713278293609619,1500,0.0,0.0
2013-07-05 00:00:00-04:00,4.713278293609619,4.713278293609619,4.713278293609619,4.713278293609619,0,0.0,0.0
2013-07-08 00:00:00-04:00,4.666612453114196,4.685278885124939,4.657279014587402,4.657279014587402,2900,0.0,0.0
2013-07-09 00:00:00-04:00,4.647945501326189,4.6572784937664355,4.517280491863187,4.596612930297852,27800,0.0,0.0
2013-07-10 00:00:00-04:00,4.5732795225842615,4.58261251449585,4.563946085629905,4.58261251449585,2300,0.0,0.0
2013-07-11 00:00:00-04:00,4.591945417990896,4.596612135925929,4.577945709228516,4.577945709228516,12500,0.0,0.0
2013-07-12 00:00:00-04:00,4.582612917452939,4.582612917452939,4.493947483803886,4.521946907043457,6300,0.0,0.0
2013-07-15 00:00:00-04:00,4.526613235473633,4.53594667244361,4.517280243546425,4.526613235473633,4900,0.0,0.0
2013-07-16 00:00:00-04:00,4.465947151184082,4.465947151184082,4.465947151184082,4.465947151184082,300,0.0,0.0
2013-07-17 00:00:00-04:00,4.498612227011008,4.503278498806418,4.479945804701527,4.489278793334961,7400,0.0,0.0
2013-07-18 00:00:00-04:00,4.526613006211935,4.526613006211935,4.512613296508789,4.512613296508789,600,0.0,0.0
2013-07-19 00:00:00-04:00,4.549946871254557,4.5546135902404785,4.549946871254557,4.5546135902404785,1500,0.0,0.0
2013-07-22 00:00:00-04:00,4.554613101340795,4.559279819825783,4.526613235473633,4.526613235473633,1000,0.0,0.0
2013-07-23 00:00:00-04:00,4.573279130955936,4.643278121948242,4.573279130955936,4.643278121948242,18800,0.0,0.0
2013-07-24 00:00:00-04:00,4.638611738459292,4.638611738459292,4.633945465087891,4.633945465087891,1500,0.0,0.0
2013-07-25 00:00:00-04:00,4.633945520091278,4.643278511987623,4.633945520091278,4.638611793518066,500,0.0,0.0
2013-07-26 00:00:00-04:00,4.65261155810334,4.65261155810334,4.643278121948242,4.643278121948242,2200,0.0,0.0
2013-07-29 00:00:00-04:00,4.657279014587402,4.657279014587402,4.657279014587402,4.657279014587402,200,0.0,0.0
2013-07-30 00:00:00-04:00,4.657279014587402,4.657279014587402,4.657279014587402,4.657279014587402,0,0.0,0.0
2013-07-31 00:00:00-04:00,4.736611928653196,4.773944796353571,4.736611928653196,4.741278648376465,4000,0.0,0.0
2013-08-01 00:00:00-04:00,4.647944840025791,4.647944840025791,4.643278121948242,4.643278121948242,1600,0.0,0.0
2013-08-02 00:00:00-04:00,4.643278121948242,4.643278121948242,4.643278121948242,4.643278121948242,0,0.0,0.0
2013-08-05 00:00:00-04:00,4.643279208102429,4.759944517075067,4.643279208102429,4.736611366271973,17000,0.0,0.0
2013-08-06 00:00:00-04:00,4.736611366271973,4.736611366271973,4.736611366271973,4.736611366271973,0,0.0,0.0
2013-08-07 00:00:00-04:00,4.736611366271973,4.736611366271973,4.736611366271973,4.736611366271973,0,0.0,0.0
2013-08-08 00:00:00-04:00,4.65261307732843,4.65261307732843,4.647946357727051,4.647946357727051,500,0.0,0.0
2013-08-09 00:00:00-04:00,4.7599438281184785,4.7599438281184785,4.694611549377441,4.694611549377441,1100,0.0,0.0
2013-08-12 00:00:00-04:00,4.694611549377441,4.694611549377441,4.694611549377441,4.694611549377441,0,0.0,0.0
2013-08-13 00:00:00-04:00,4.647945143211287,4.7739434242248535,4.647945143211287,4.7739434242248535,4000,0.0,0.0
2013-08-14 00:00:00-04:00,4.7739434242248535,4.7739434242248535,4.7739434242248535,4.7739434242248535,0,0.0,0.0
2013-08-15 00:00:00-04:00,4.647945873931765,4.731945037841797,4.647945873931765,4.731945037841797,1000,0.0,0.0
2013-08-16 00:00:00-04:00,4.6992789382136015,4.6992789382136015,4.647946357727051,4.647946357727051,1800,0.0,0.0
2013-08-19 00:00:00-04:00,4.7646103002853915,4.7646103002853915,4.65261173248291,4.65261173248291,2500,0.0,0.0
2013-08-20 00:00:00-04:00,4.643278295977996,4.65261173248291,4.63394530451583,4.65261173248291,1400,0.0,0.0
2013-08-21 00:00:00-04:00,4.638611738459292,4.638611738459292,4.633945465087891,4.633945465087891,700,0.0,0.0
2013-08-22 00:00:00-04:00,4.647946357727051,4.647946357727051,4.647946357727051,4.647946357727051,100,0.0,0.0
2013-08-23 00:00:00-04:00,4.6432792238552825,4.759944533223721,4.6432792238552825,4.680612087249756,300,0.0,0.0
2013-08-26 00:00:00-04:00,4.736610430905361,4.736610430905361,4.708611011505127,4.708611011505127,200,0.0,0.0
2013-08-27 00:00:00-04:00,4.671278476715088,4.671278476715088,4.671278476715088,4.671278476715088,100,0.0,0.0
2013-08-28 00:00:00-04:00,4.675944805145264,4.675944805145264,4.675944805145264,4.675944805145264,200,0.0,0.0
2013-08-29 00:00:00-04:00,4.675944805145264,4.675944805145264,4.675944805145264,4.675944805145264,0,0.0,0.0
2013-08-30 00:00:00-04:00,4.675944805145264,4.675944805145264,4.675944805145264,4.675944805145264,0,0.0,0.0
2013-09-03 00:00:00-04:00,4.666612148284912,4.666612148284912,4.666612148284912,4.666612148284912,1100,0.0,0.0
2013-09-04 00:00:00-04:00,4.666612148284912,4.666612148284912,4.666612148284912,4.666612148284912,0,0.0,0.0
2013-09-05 00:00:00-04:00,4.666612453114196,4.666612453114196,4.657279014587402,4.657279014587402,300,0.0,0.0
2013-09-06 00:00:00-04:00,4.657279014587402,4.657279014587402,4.657279014587402,4.657279014587402,0,0.0,0.0
2013-09-09 00:00:00-04:00,4.5732801859929255,4.6012796108321075,4.535947322845459,4.535947322845459,8800,0.0,0.0
2013-09-10 00:00:00-04:00,4.596612930297852,4.596612930297852,4.596612930297852,4.596612930297852,2500,0.0,0.0
2013-09-11 00:00:00-04:00,4.540613596956767,4.582613179258375,4.531280603691317,4.535947322845459,6000,0.0,0.0
2013-09-12 00:00:00-04:00,4.535947322845459,4.535947322845459,4.535947322845459,4.535947322845459,0,0.0,0.0
2013-09-13 00:00:00-04:00,4.535947322845459,4.535947322845459,4.535947322845459,4.535947322845459,0,0.0,0.0
2013-09-16 00:00:00-04:00,4.540613021225087,4.540613021225087,4.503280162811279,4.503280162811279,400,0.0,0.0
2013-09-17 00:00:00-04:00,4.526613548111059,4.666611997030535,4.526613548111059,4.629279136657715,2000,0.0,0.0
2013-09-18 00:00:00-04:00,4.503280820971305,4.503280820971305,4.428615093231201,4.428615093231201,3300,0.0,0.0
2013-09-19 00:00:00-04:00,4.465947455091424,4.540613174438477,4.461281181414328,4.540613174438477,1700,0.0,0.0
2013-09-20 00:00:00-04:00,4.465947151184082,4.465947151184082,4.465947151184082,4.465947151184082,300,0.0,0.0
2013-09-23 00:00:00-04:00,4.465947151184082,4.465947151184082,4.465947151184082,4.465947151184082,300,0.0,0.0
2013-09-24 00:00:00-04:00,4.587277621720388,4.587277621720388,4.489278793334961,4.489278793334961,1200,0.0,0.0
2013-09-25 00:00:00-04:00,4.465947151184082,4.465947151184082,4.465947151184082,4.465947151184082,300,0.0,0.0
2013-09-26 00:00:00-04:00,4.465947151184082,4.465947151184082,4.465947151184082,4.465947151184082,0,0.0,0.0
2013-09-27 00:00:00-04:00,4.465947151184082,4.465947151184082,4.465947151184082,4.465947151184082,0,0.0,0.0
2013-09-30 00:00:00-04:00,4.465947151184082,4.465947151184082,4.465947151184082,4.465947151184082,0,0.0,0.0
2013-10-01 00:00:00-04:00,4.4659470089512086,4.582612295037021,4.456614017486572,4.456614017486572,700,0.0,0.0
2013-10-02 00:00:00-04:00,4.456614159422206,4.563946012418972,4.456614159422206,4.465947151184082,2200,0.0,0.0
2013-10-03 00:00:00-04:00,4.503280162811279,4.503280162811279,4.503280162811279,4.503280162811279,300,0.0,0.0
2013-10-04 00:00:00-04:00,4.526613235473633,4.526613235473633,4.526613235473633,4.526613235473633,300,0.0,0.0
2013-10-07 00:00:00-04:00,4.526613235473633,4.526613235473633,4.526613235473633,4.526613235473633,0,0.0,0.0
2013-10-08 00:00:00-04:00,4.559280070451279,4.596612930297852,4.498614061939901,4.596612930297852,2100,0.0,0.0
2013-10-09 00:00:00-04:00,4.545279434163712,4.549946152412343,4.498613586805644,4.512613296508789,800,0.0,0.0
2013-10-10 00:00:00-04:00,4.512613296508789,4.512613296508789,4.512613296508789,4.512613296508789,0,0.0,0.0
2013-10-11 00:00:00-04:00,4.512613296508789,4.512613296508789,4.512613296508789,4.512613296508789,0,0.0,0.0
2013-10-14 00:00:00-04:00,4.596612930297852,4.596612930297852,4.596612930297852,4.596612930297852,100,0.0,0.0
2013-10-15 00:00:00-04:00,4.587278366088867,4.587278366088867,4.587278366088867,4.587278366088867,200,0.0,0.0
2013-10-16 00:00:00-04:00,4.563946093268003,4.568612811752991,4.526613235473633,4.526613235473633,800,0.0,0.0
2013-10-17 00:00:00-04:00,4.503279773082908,4.512613209400003,4.503279773082908,4.507946491241455,1300,0.0,0.0
2013-10-18 00:00:00-04:00,4.521946907043457,4.521946907043457,4.521946907043457,4.521946907043457,100,0.0,0.0
2013-10-21 00:00:00-04:00,4.59194668025172,4.59194668025172,4.526613946330375,4.568613529205322,3100,0.0,0.0
2013-10-22 00:00:00-04:00,4.591946125030518,4.591946125030518,4.591946125030518,4.591946125030518,500,0.0,0.0
2013-10-23 00:00:00-04:00,4.568613041715017,4.5732797604349065,4.526613463321603,4.540613174438477,2000,0.0,0.0
2013-10-24 00:00:00-04:00,4.563946409898004,4.5779465663242505,4.526613549513617,4.5452799797058105,2300,0.0,0.0
2013-10-25 00:00:00-04:00,4.512614172117584,4.568613466838784,4.512614172117584,4.535947322845459,1400,0.0,0.0
2013-10-28 00:00:00-04:00,4.535947322845459,4.535947322845459,4.535947322845459,4.535947322845459,0,0.0,0.0
2013-10-29 00:00:00-04:00,4.587279232973028,4.591945951450207,4.57794624106144,4.58261251449585,900,0.0,0.0
2013-10-30 00:00:00-04:00,4.58261251449585,4.58261251449585,4.58261251449585,4.58261251449585,0,0.0,0.0
2013-10-31 00:00:00-04:00,4.5686119377187655,4.5686119377187655,4.53127908706665,4.53127908706665,200,0.0,0.0
2013-11-01 00:00:00-04:00,4.535947322845459,4.535947322845459,4.535947322845459,4.535947322845459,200,0.0,0.0
2013-11-04 00:00:00-05:00,4.535947322845459,4.535947322845459,4.535947322845459,4.535947322845459,0,0.0,0.0
2013-11-05 00:00:00-05:00,4.5966133367208,4.5966133367208,4.526613884537176,4.535947322845459,2300,0.0,0.0
2013-11-06 00:00:00-05:00,4.521946907043457,4.526613625930988,4.5032804765361405,4.521946907043457,4500,0.0,0.0
2013-11-07 00:00:00-05:00,4.559279441833496,4.559279441833496,4.559279441833496,4.559279441833496,1600,0.0,0.0
2013-11-08 00:00:00-05:00,4.559279441833496,4.559279441833496,4.559279441833496,4.559279441833496,0,0.0,0.0
2013-11-11 00:00:00-05:00,4.587279492814811,4.596612930297852,4.587279492814811,4.596612930297852,3600,0.0,0.0
2013-11-12 00:00:00-05:00,4.638611403870693,4.666611267293255,4.638611403870693,4.643278121948242,1300,0.0,0.0
2013-11-13 00:00:00-05:00,4.517280578613281,4.517280578613281,4.517280578613281,4.517280578613281,200,0.0,0.0
2013-11-14 00:00:00-05:00,4.517279849153544,4.643278121948242,4.479946994618617,4.643278121948242,5700,0.0,0.0
2013-11-15 00:00:00-05:00,4.643278121948242,4.643278121948242,4.643278121948242,4.643278121948242,200,0.0,0.0
2013-11-18 00:00:00-05:00,4.666612148284912,4.666612148284912,4.666612148284912,4.666612148284912,200,0.0,0.0
2013-11-19 00:00:00-05:00,4.666612148284912,4.666612148284912,4.666612148284912,4.666612148284912,0,0.0,0.0
2013-11-20 00:00:00-05:00,4.666612148284912,4.666612148284912,4.666612148284912,4.666612148284912,0,0.0,0.0
2013-11-21 00:00:00-05:00,4.666612148284912,4.666612148284912,4.666612148284912,4.666612148284912,200,0.0,0.0
2013-11-22 00:00:00-05:00,4.666612148284912,4.666612148284912,4.666612148284912,4.666612148284912,0,0.0,0.0
2013-11-25 00:00:00-05:00,4.666612148284912,4.666612148284912,4.666612148284912,4.666612148284912,0,0.0,0.0
2013-11-26 00:00:00-05:00,4.666612148284912,4.666612148284912,4.666612148284912,4.666612148284912,0,0.0,0.0
2013-11-27 00:00:00-05:00,4.657279014587402,4.657279014587402,4.657279014587402,4.657279014587402,200,0.0,0.0
2013-11-29 00:00:00-05:00,4.657279014587402,4.657279014587402,4.657279014587402,4.657279014587402,0,0.0,0.0
2013-12-02 00:00:00-05:00,4.507946491241455,4.507946491241455,4.507946491241455,4.507946491241455,500,0.0,0.0
2013-12-03 00:00:00-05:00,4.507946491241455,4.507946491241455,4.507946491241455,4.507946491241455,0,0.0,0.0
2013-12-04 00:00:00-05:00,4.540613174438477,4.540613174438477,4.540613174438477,4.540613174438477,100,0.0,0.0
2013-12-05 00:00:00-05:00,4.652612436452046,4.666612148284912,4.619945848784937,4.666612148284912,2700,0.0,0.0
2013-12-06 00:00:00-05:00,4.666612148284912,4.666612148284912,4.666612148284912,4.666612148284912,0,0.0,0.0
2013-12-09 00:00:00-05:00,4.666611603901517,4.666611603901517,4.633945465087891,4.633945465087891,1800,0.0,0.0
2013-12-10 00:00:00-05:00,4.5966135471398335,4.6059465408325195,4.5966135471398335,4.6059465408325195,1300,0.0,0.0
2013-12-11 00:00:00-05:00,4.7694274516836686,4.774249576660023,4.677800178527832,4.677800178527832,1300,0.319,0.0
2013-12-12 00:00:00-05:00,4.668156140687579,4.798362731933594,4.668156140687579,4.798362731933594,600,0.0,0.0
2013-12-13 00:00:00-05:00,4.798362731933594,4.798362731933594,4.798362731933594,4.798362731933594,0,0.0,0.0
2013-12-16 00:00:00-05:00,4.808007185010228,4.822474479675293,4.808007185010228,4.822474479675293,800,0.0,0.0
2013-12-17 00:00:00-05:00,4.644043297876339,4.817652225494385,4.644043297876339,4.817652225494385,300,0.0,0.0
2013-12-18 00:00:00-05:00,4.8176530341484884,4.8176530341484884,4.803185736062042,4.812830448150635,6800,0.0,0.0
2013-12-19 00:00:00-05:00,4.644042545848291,4.677799716886387,4.629575252532959,4.629575252532959,4000,0.0,0.0
2013-12-20 00:00:00-05:00,4.6054639241315485,4.619931221008301,4.6054639241315485,4.619931221008301,2000,0.0,0.0
2013-12-23 00:00:00-05:00,4.619931221008301,4.619931221008301,4.619931221008301,4.619931221008301,400,0.0,0.0
2013-12-24 00:00:00-05:00,4.605463981628418,4.605463981628418,4.605463981628418,4.605463981628418,2700,0.0,0.0
2013-12-26 00:00:00-05:00,4.605463981628418,4.605463981628418,4.605463981628418,4.605463981628418,0,0.0,0.0
2013-12-27 00:00:00-05:00,4.687446495876623,4.711558966289645,4.586174488067627,4.586174488067627,5100,0.0,0.0
2013-12-30 00:00:00-05:00,4.586174488067627,4.586174488067627,4.586174488067627,4.586174488067627,0,0.0,0.0
2013-12-31 00:00:00-05:00,4.586174488067627,4.586174488067627,4.586174488067627,4.586174488067627,0,0.0,0.0
2014-01-02 00:00:00-05:00,4.658511439399573,4.658511439399573,4.586174488067627,4.586174488067627,1300,0.0,0.0
2014-01-03 00:00:00-05:00,4.586174488067627,4.586174488067627,4.586174488067627,4.586174488067627,0,0.0,0.0
2014-01-06 00:00:00-05:00,4.586174488067627,4.586174488067627,4.586174488067627,4.586174488067627,0,0.0,0.0
2014-01-07 00:00:00-05:00,4.586174488067627,4.590997074131655,4.586174488067627,4.586174488067627,1500,0.0,0.0
2014-01-08 00:00:00-05:00,4.629575252532959,4.629575252532959,4.629575252532959,4.629575252532959,700,0.0,0.0
2014-01-09 00:00:00-05:00,4.629575252532959,4.629575252532959,4.629575252532959,4.629575252532959,0,0.0,0.0
2014-01-10 00:00:00-05:00,4.6536882451176345,4.663333415985107,4.6536882451176345,4.663333415985107,500,0.0,0.0
2014-01-13 00:00:00-05:00,4.697090480061414,4.697090480061414,4.692267894744873,4.692267894744873,400,0.0,0.0
2014-01-14 00:00:00-05:00,4.590996394149592,4.610286275641521,4.590996394149592,4.595818519592285,1800,0.0,0.0
2014-01-15 00:00:00-05:00,4.648866176605225,4.648866176605225,4.648866176605225,4.648866176605225,600,0.0,0.0
2014-01-16 00:00:00-05:00,4.648866176605225,4.648866176605225,4.648866176605225,4.648866176605225,0,0.0,0.0
2014-01-17 00:00:00-05:00,4.648866176605225,4.648866176605225,4.648866176605225,4.648866176605225,0,0.0,0.0
2014-01-21 00:00:00-05:00,4.677800533207288,4.6826231184563065,4.6054635941001765,4.624753475189209,5500,0.0,0.0
2014-01-22 00:00:00-05:00,4.624753718215489,4.62957630371793,4.600641250610352,4.600641250610352,2700,0.0,0.0
2014-01-23 00:00:00-05:00,4.600641250610352,4.600641250610352,4.600641250610352,4.600641250610352,0,0.0,0.0
2014-01-24 00:00:00-05:00,4.600641046819951,4.60546363210877,4.4125643597194175,4.480079174041748,10800,0.0,0.0
2014-01-27 00:00:00-05:00,4.484902688426913,4.484902688426913,4.441500331650362,4.446322917938232,2700,0.0,0.0
2014-01-28 00:00:00-05:00,4.552416053182619,4.552416053182619,4.364339828491211,4.364339828491211,7600,0.0,0.0
2014-01-29 00:00:00-05:00,4.422209797137558,4.4270323827173765,4.402919914725357,4.407742500305176,1500,0.0,0.0
2014-01-30 00:00:00-05:00,4.388452591381589,4.455966949462891,4.383630005830905,4.455966949462891,600,0.0,0.0
2014-01-31 00:00:00-05:00,4.4366776861079416,4.460790157318115,4.4366776861079416,4.460790157318115,900,0.0,0.0
2014-02-03 00:00:00-05:00,4.494546567168417,4.494546567168417,4.369162566297774,4.451144218444824,3200,0.0,0.0
2014-02-04 00:00:00-05:00,4.49936863185547,4.49936863185547,4.465611457824707,4.465611457824707,300,0.0,0.0
2014-02-05 00:00:00-05:00,4.484901702872451,4.494546413421631,4.402919593622739,4.494546413421631,700,0.0,0.0
2014-02-06 00:00:00-05:00,4.494546413421631,4.494546413421631,4.494546413421631,4.494546413421631,0,0.0,0.0
2014-02-07 00:00:00-05:00,4.499369649389725,4.566884472626757,4.4849023515200415,4.5331268310546875,1300,0.0,0.0
2014-02-10 00:00:00-05:00,4.5620622634887695,4.5620622634887695,4.5620622634887695,4.5620622634887695,2100,0.0,0.0
2014-02-11 00:00:00-05:00,4.562061477361627,4.6729781842554985,4.484901949103792,4.648866176605225,2400,0.0,0.0
2014-02-12 00:00:00-05:00,4.648866176605225,4.648866176605225,4.648866176605225,4.648866176605225,0,0.0,0.0
2014-02-13 00:00:00-05:00,4.542770571107164,4.5861729109436915,4.509013400081848,4.581350326538086,4400,0.0,0.0
2014-02-14 00:00:00-05:00,4.581350326538086,4.581350326538086,4.581350326538086,4.581350326538086,200,0.0,0.0
2014-02-18 00:00:00-05:00,4.571706729875541,4.586174488067627,4.571706729875541,4.586174488067627,600,0.0,0.0
2014-02-19 00:00:00-05:00,4.5861729520771135,4.711557388305664,4.5861729520771135,4.711557388305664,800,0.0,0.0
2014-02-20 00:00:00-05:00,4.658509495520087,4.682621955871582,4.566882698072718,4.682621955871582,2700,0.0,0.0
2014-02-21 00:00:00-05:00,4.619931123555003,4.677800769748379,4.566884062854508,4.648866176605225,4500,0.0,0.0
2014-02-24 00:00:00-05:00,4.672977558015543,4.672977558015543,4.64404296875,4.64404296875,2000,0.0,0.0
2014-02-25 00:00:00-05:00,4.6826228499987215,4.745315074920654,4.653687800070514,4.745315074920654,7800,0.0,0.0
2014-02-26 00:00:00-05:00,4.745315074920654,4.745315074920654,4.745315074920654,4.745315074920654,0,0.0,0.0
2014-02-27 00:00:00-05:00,4.745315074920654,4.745315074920654,4.745315074920654,4.745315074920654,0,0.0,0.0
2014-02-28 00:00:00-05:00,4.745315074920654,4.745315074920654,4.745315074920654,4.745315074920654,0,0.0,0.0
2014-03-03 00:00:00-05:00,4.726024681745276,4.735669390736029,4.711557388305664,4.711557388305664,1400,0.0,0.0
2014-03-04 00:00:00-05:00,4.740492343902588,4.740492343902588,4.716379879689778,4.740492343902588,1300,0.0,0.0
2014-03-05 00:00:00-05:00,4.740492584761668,4.740492584761668,4.7163801193237305,4.7163801193237305,1500,0.0,0.0
2014-03-06 00:00:00-05:00,4.740494063303917,4.750139236450195,4.7163815903453905,4.750139236450195,1500,0.0,0.0
2014-03-07 00:00:00-05:00,4.7260250154603884,4.7260250154603884,4.658510208129883,4.658510208129883,6700,0.0,0.0
2014-03-10 00:00:00-04:00,4.740491442662821,4.788716361920148,4.726024150848389,4.726024150848389,3700,0.0,0.0
2014-03-11 00:00:00-04:00,4.7115581462370955,4.745315322995576,4.663333213804661,4.672977924346924,1800,0.0,0.0
2014-03-12 00:00:00-04:00,4.798362731933594,4.798362731933594,4.798362731933594,4.798362731933594,2500,0.0,0.0
2014-03-13 00:00:00-04:00,4.745314652426127,4.745314652426127,4.730847358703613,4.730847358703613,2600,0.0,0.0
2014-03-14 00:00:00-04:00,4.76942777633667,4.76942777633667,4.76942777633667,4.76942777633667,1000,0.0,0.0
2014-03-17 00:00:00-04:00,4.783895161432895,4.788717746734619,4.783895161432895,4.788717746734619,1500,0.0,0.0
2014-03-18 00:00:00-04:00,4.817652947400665,4.822475533311682,4.788718351748774,4.7935404777526855,3500,0.0,0.0
2014-03-19 00:00:00-04:00,4.817651894817936,4.822474479675293,4.808007185010228,4.822474479675293,1400,0.0,0.0
2014-03-20 00:00:00-04:00,4.822475620146342,4.822475620146342,4.812830448150635,4.812830448150635,300,0.0,0.0
2014-03-21 00:00:00-04:00,4.822474479675293,4.822474479675293,4.822474479675293,4.822474479675293,1100,0.0,0.0
2014-03-24 00:00:00-04:00,4.822474479675293,4.822474479675293,4.822474479675293,4.822474479675293,0,0.0,0.0
2014-03-25 00:00:00-04:00,4.793540564066334,4.812830448150635,4.788718437975594,4.812830448150635,1500,0.0,0.0
2014-03-26 00:00:00-04:00,4.788717746734619,4.788717746734619,4.788717746734619,4.788717746734619,1400,0.0,0.0
2014-03-27 00:00:00-04:00,4.788717746734619,4.788717746734619,4.788717746734619,4.788717746734619,0,0.0,0.0
2014-03-28 00:00:00-04:00,4.788717746734619,4.788717746734619,4.788717746734619,4.788717746734619,0,0.0,0.0
2014-03-31 00:00:00-04:00,4.808006777748023,4.808006777748023,4.711557388305664,4.711557388305664,2400,0.0,0.0
2014-04-01 00:00:00-04:00,4.808008193969727,4.808008193969727,4.808008193969727,4.808008193969727,500,0.0,0.0
2014-04-02 00:00:00-04:00,4.803185939788818,4.803185939788818,4.726026400178899,4.803185939788818,2400,0.0,0.0
2014-04-03 00:00:00-04:00,4.774250030517578,4.774250030517578,4.774250030517578,4.774250030517578,200,0.0,0.0
2014-04-04 00:00:00-04:00,4.774249755539683,4.774249755539683,4.7646050453186035,4.7646050453186035,2000,0.0,0.0
2014-04-07 00:00:00-04:00,4.774250030517578,4.774250030517578,4.750138023622611,4.774250030517578,1500,0.0,0.0
2014-04-08 00:00:00-04:00,4.754960060119629,4.754960060119629,4.754960060119629,4.754960060119629,100,0.0,0.0
2014-04-09 00:00:00-04:00,4.76942777633667,4.76942777633667,4.697090377883294,4.76942777633667,1200,0.0,0.0
2014-04-10 00:00:00-04:00,4.769427115234966,4.769427115234966,4.730847358703613,4.730847358703613,700,0.0,0.0
2014-04-11 00:00:00-04:00,4.774249333037845,4.774249333037845,4.7019124031066895,4.7019124031066895,600,0.0,0.0
2014-04-14 00:00:00-04:00,4.7019124031066895,4.7019124031066895,4.7019124031066895,4.7019124031066895,0,0.0,0.0
2014-04-15 00:00:00-04:00,4.7019124031066895,4.7019124031066895,4.7019124031066895,4.7019124031066895,0,0.0,0.0
2014-04-16 00:00:00-04:00,4.7019124031066895,4.7019124031066895,4.7019124031066895,4.7019124031066895,0,0.0,0.0
2014-04-17 00:00:00-04:00,4.706735136209815,4.706735136209815,4.658510208129883,4.658510208129883,6600,0.0,0.0
2014-04-21 00:00:00-04:00,4.658510208129883,4.658510208129883,4.658510208129883,4.658510208129883,0,0.0,0.0
2014-04-22 00:00:00-04:00,4.658510208129883,4.658510208129883,4.658510208129883,4.658510208129883,0,0.0,0.0
2014-04-23 00:00:00-04:00,4.721203327178955,4.721203327178955,4.721203327178955,4.721203327178955,600,0.0,0.0
2014-04-24 00:00:00-04:00,4.6102862049805315,4.726025492158191,4.6102862049805315,4.706735610961914,1200,0.0,0.0
2014-04-25 00:00:00-04:00,4.706735610961914,4.706735610961914,4.706735610961914,4.706735610961914,0,0.0,0.0
2014-04-28 00:00:00-04:00,4.682622524464582,4.7019124031066895,4.67779993982731,4.7019124031066895,2100,0.0,0.0
2014-04-29 00:00:00-04:00,4.7019124031066895,4.7019124031066895,4.7019124031066895,4.7019124031066895,0,0.0,0.0
2014-04-30 00:00:00-04:00,4.682622763411193,4.682622763411193,4.677800178527832,4.677800178527832,1200,0.0,0.0
2014-05-01 00:00:00-04:00,4.677800178527832,4.677800178527832,4.677800178527832,4.677800178527832,0,0.0,0.0
2014-05-02 00:00:00-04:00,4.687445640563965,4.687445640563965,4.687445640563965,4.687445640563965,100,0.0,0.0
2014-05-05 00:00:00-04:00,4.769426629174194,4.769426629174194,4.682621955871582,4.682621955871582,2400,0.0,0.0
2014-05-06 00:00:00-04:00,4.677801817574615,4.750139236450195,4.677801817574615,4.750139236450195,5800,0.0,0.0
2014-05-07 00:00:00-04:00,4.7549593616054775,4.7549593616054775,4.72602477416045,4.730847358703613,4000,0.0,0.0
2014-05-08 00:00:00-04:00,4.754960060119629,4.754960060119629,4.754960060119629,4.754960060119629,2100,0.0,0.0
2014-05-09 00:00:00-04:00,4.7501379347750605,4.754960060119629,4.7501379347750605,4.754960060119629,1900,0.0,0.0
2014-05-12 00:00:00-04:00,4.726026763491668,4.750139236450195,4.726026763491668,4.750139236450195,2600,0.0,0.0
2014-05-13 00:00:00-04:00,4.750137845203701,4.750137845203701,4.73084796446804,4.73567008972168,3100,0.0,0.0
2014-05-14 00:00:00-04:00,4.730848142162406,4.774250030517578,4.730848142162406,4.774250030517578,1700,0.0,0.0
2014-05-15 00:00:00-04:00,4.812830448150635,4.812830448150635,4.76460596789344,4.812830448150635,600,0.0,0.0
2014-05-16 00:00:00-04:00,4.812830448150635,4.812830448150635,4.812830448150635,4.812830448150635,0,0.0,0.0
2014-05-19 00:00:00-04:00,4.812830448150635,4.812830448150635,4.812830448150635,4.812830448150635,0,0.0,0.0
2014-05-20 00:00:00-04:00,4.774251249501553,4.774251249501553,4.750139236450195,4.750139236450195,2300,0.0,0.0
2014-05-21 00:00:00-04:00,4.798362497319596,4.798362497319596,4.774250030517578,4.774250030517578,900,0.0,0.0
2014-05-22 00:00:00-04:00,4.750139236450195,4.750139236450195,4.750139236450195,4.750139236450195,200,0.0,0.0
2014-05-23 00:00:00-04:00,4.870699408434848,4.870699408434848,4.81282930996058,4.822474479675293,1000,0.0,0.0
2014-05-27 00:00:00-04:00,4.8610542387201345,4.870699408434848,4.822474479675293,4.822474479675293,8600,0.0,0.0
2014-05-28 00:00:00-04:00,4.827298206144196,4.827298206144196,4.812830448150635,4.812830448150635,600,0.0,0.0
2014-05-29 00:00:00-04:00,4.870699112763244,4.870699112763244,4.7742492610990395,4.861053943634033,4800,0.0,0.0
2014-05-30 00:00:00-04:00,4.865876823577492,4.865876823577492,4.822474479675293,4.822474479675293,12700,0.0,0.0
2014-06-02 00:00:00-04:00,4.774249517856321,4.774249517856321,4.740492343902588,4.740492343902588,8700,0.0,0.0
2014-06-03 00:00:00-04:00,4.759782791137695,4.774250087428542,4.759782791137695,4.759782791137695,5700,0.0,0.0
2014-06-04 00:00:00-04:00,4.73567008972168,4.73567008972168,4.73567008972168,4.73567008972168,300,0.0,0.0
2014-06-05 00:00:00-04:00,4.870699897725651,4.971971890368487,4.740492852938983,4.774250030517578,2500,0.0,0.0
2014-06-06 00:00:00-04:00,4.779072135773094,4.84658694405507,4.774249550915738,4.822474479675293,20500,0.0,0.0
2014-06-09 00:00:00-04:00,4.822474479675293,4.822474479675293,4.822474479675293,4.822474479675293,0,0.0,0.0
2014-06-10 00:00:00-04:00,4.817652876223503,4.856232643127441,4.817652876223503,4.856232643127441,2200,0.0,0.0
2014-06-11 00:00:00-04:00,4.870674381729867,4.940397909774214,4.870674381729867,4.910516262054443,1000,0.319,0.0
2014-06-12 00:00:00-04:00,4.920476913452148,4.920476913452148,4.920476913452148,4.920476913452148,500,0.0,0.0
2014-06-13 00:00:00-04:00,5.005142754814355,5.005142754814355,4.91549825668335,4.91549825668335,1500,0.0,0.0
2014-06-16 00:00:00-04:00,4.91549825668335,4.91549825668335,4.91549825668335,4.91549825668335,0,0.0,0.0
2014-06-17 00:00:00-04:00,4.91549825668335,4.91549825668335,4.91549825668335,4.91549825668335,0,0.0,0.0
2014-06-18 00:00:00-04:00,4.91549825668335,4.91549825668335,4.91549825668335,4.91549825668335,0,0.0,0.0
2014-06-19 00:00:00-04:00,4.910516262054443,4.910516262054443,4.910516262054443,4.910516262054443,1000,0.0,0.0
2014-06-20 00:00:00-04:00,4.910515475844224,4.910515475844224,4.880634307861328,4.880634307861328,4000,0.0,0.0
2014-06-23 00:00:00-04:00,4.880635855705071,4.880635855705071,4.860714912414551,4.860714912414551,1200,0.0,0.0
2014-06-24 00:00:00-04:00,4.860714912414551,4.860714912414551,4.860714912414551,4.860714912414551,0,0.0,0.0
2014-06-25 00:00:00-04:00,4.82087209630684,4.830832328555262,4.815891742706299,4.815891742706299,1500,0.0,0.0
2014-06-26 00:00:00-04:00,4.830832481384277,4.830832481384277,4.830832481384277,4.830832481384277,1700,0.0,0.0
2014-06-27 00:00:00-04:00,4.830832481384277,4.830832481384277,4.830832481384277,4.830832481384277,800,0.0,0.0
2014-06-30 00:00:00-04:00,4.980238992725314,4.980238992725314,4.855733017907181,4.880634307861328,2700,0.0,0.0
2014-07-01 00:00:00-04:00,4.870674725749005,4.870674725749005,4.835813196740877,4.8507537841796875,500,0.0,0.0
2014-07-02 00:00:00-04:00,4.8507537841796875,4.8507537841796875,4.8507537841796875,4.8507537841796875,0,0.0,0.0
2014-07-03 00:00:00-04:00,4.83083316787303,4.835813522338867,4.83083316787303,4.835813522338867,1000,0.0,0.0
2014-07-07 00:00:00-04:00,4.835813522338867,4.835813522338867,4.835813522338867,4.835813522338867,0,0.0,0.0
2014-07-08 00:00:00-04:00,4.830832481384277,4.830832481384277,4.830832481384277,4.830832481384277,3000,0.0,0.0
2014-07-09 00:00:00-04:00,4.880634307861328,4.880634307861328,4.880634307861328,4.880634307861328,3100,0.0,0.0
2014-07-10 00:00:00-04:00,4.880634307861328,4.880634307861328,4.880634307861328,4.880634307861328,0,0.0,0.0
2014-07-11 00:00:00-04:00,4.880634307861328,4.880634307861328,4.880634307861328,4.880634307861328,0,0.0,0.0
2014-07-14 00:00:00-04:00,4.880634307861328,4.880634307861328,4.880634307861328,4.880634307861328,0,0.0,0.0
2014-07-15 00:00:00-04:00,4.880634307861328,4.880634307861328,4.880634307861328,4.880634307861328,0,0.0,0.0
2014-07-16 00:00:00-04:00,4.845773163746344,4.855733871459961,4.845773163746344,4.855733871459961,2200,0.0,0.0
2014-07-17 00:00:00-04:00,4.905536383228379,4.910516262054443,4.905536383228379,4.910516262054443,600,0.0,0.0
2014-07-18 00:00:00-04:00,4.910516262054443,4.910516262054443,4.910516262054443,4.910516262054443,0,0.0,0.0
2014-07-21 00:00:00-04:00,4.900555399678021,4.900555399678021,4.895575046539307,4.895575046539307,600,0.0,0.0
2014-07-22 00:00:00-04:00,4.895575046539307,4.895575046539307,4.895575046539307,4.895575046539307,0,0.0,0.0
2014-07-23 00:00:00-04:00,4.905537128448486,4.905537128448486,4.905537128448486,4.905537128448486,500,0.0,0.0
2014-07-24 00:00:00-04:00,4.905536383228379,4.910516262054443,4.855733795346321,4.910516262054443,2400,0.0,0.0
2014-07-25 00:00:00-04:00,4.855733871459961,4.855733871459961,4.855733871459961,4.855733871459961,800,0.0,0.0
2014-07-28 00:00:00-04:00,4.855733871459961,4.855733871459961,4.855733871459961,4.855733871459961,0,0.0,0.0
2014-07-29 00:00:00-04:00,4.850754110783636,4.850754110783636,4.835813522338867,4.835813522338867,1300,0.0,0.0
2014-07-30 00:00:00-04:00,4.835813614563212,4.860714912414551,4.835813614563212,4.860714912414551,500,0.0,0.0
2014-07-31 00:00:00-04:00,4.860714912414551,4.860714912414551,4.860714912414551,4.860714912414551,0,0.0,0.0
2014-08-01 00:00:00-04:00,4.860714551430219,4.860714551430219,4.840793609619141,4.840793609619141,1300,0.0,0.0
2014-08-04 00:00:00-04:00,4.840793609619141,4.840793609619141,4.840793609619141,4.840793609619141,0,0.0,0.0
2014-08-05 00:00:00-04:00,4.840793609619141,4.840793609619141,4.840793609619141,4.840793609619141,0,0.0,0.0
2014-08-06 00:00:00-04:00,4.840793609619141,4.840793609619141,4.840793609619141,4.840793609619141,0,0.0,0.0
2014-08-07 00:00:00-04:00,4.840793609619141,4.840793609619141,4.840793609619141,4.840793609619141,0,0.0,0.0
2014-08-08 00:00:00-04:00,4.850753573976944,4.850753573976944,4.845773220062256,4.845773220062256,800,0.0,0.0
2014-08-11 00:00:00-04:00,4.845773220062256,4.845773220062256,4.845773220062256,4.845773220062256,0,0.0,0.0
2014-08-12 00:00:00-04:00,4.845773220062256,4.845773220062256,4.845773220062256,4.845773220062256,0,0.0,0.0
2014-08-13 00:00:00-04:00,4.845773220062256,4.845773220062256,4.845773220062256,4.845773220062256,0,0.0,0.0
2014-08-14 00:00:00-04:00,4.885616302490234,4.885616302490234,4.885616302490234,4.885616302490234,1000,0.0,0.0
2014-08-15 00:00:00-04:00,4.885616302490234,4.885616302490234,4.885616302490234,4.885616302490234,0,0.0,0.0
2014-08-18 00:00:00-04:00,4.880636096893252,4.905537395975147,4.880636096893252,4.900557041168213,4300,0.0,0.0
2014-08-19 00:00:00-04:00,4.910516262054443,4.910516262054443,4.905536383228379,4.910516262054443,1600,0.0,0.0
2014-08-20 00:00:00-04:00,4.855733927891633,4.855733927891633,4.845773220062256,4.845773220062256,700,0.0,0.0
2014-08-21 00:00:00-04:00,4.910517275829306,4.910517275829306,4.895576686361278,4.900557041168213,1800,0.0,0.0
2014-08-22 00:00:00-04:00,4.895575675670897,4.910516262054443,4.890595321892155,4.910516262054443,1700,0.0,0.0
2014-08-25 00:00:00-04:00,4.910516262054443,4.910516262054443,4.910516262054443,4.910516262054443,500,0.0,0.0
2014-08-26 00:00:00-04:00,4.910516262054443,4.910516262054443,4.910516262054443,4.910516262054443,0,0.0,0.0
2014-08-27 00:00:00-04:00,4.910516262054443,4.910516262054443,4.905536383228379,4.910516262054443,6400,0.0,0.0
2014-08-28 00:00:00-04:00,4.90055662169461,4.90055662169461,4.89059591293335,4.89059591293335,2300,0.0,0.0
2014-08-29 00:00:00-04:00,4.890595321892155,4.910516262054443,4.890595321892155,4.910516262054443,2200,0.0,0.0
2014-09-02 00:00:00-04:00,4.845773220062256,4.845773220062256,4.845773220062256,4.845773220062256,500,0.0,0.0
2014-09-03 00:00:00-04:00,4.845773220062256,4.845773220062256,4.845773220062256,4.845773220062256,0,0.0,0.0
2014-09-04 00:00:00-04:00,4.875655174255371,4.875655174255371,4.875655174255371,4.875655174255371,300,0.0,0.0
2014-09-05 00:00:00-04:00,4.87565481193451,4.910516339026799,4.855733871459961,4.855733871459961,1500,0.0,0.0
2014-09-08 00:00:00-04:00,4.870675086975098,4.870675086975098,4.870675086975098,4.870675086975098,400,0.0,0.0
2014-09-09 00:00:00-04:00,4.910516262054443,4.910516262054443,4.910516262054443,4.910516262054443,300,0.0,0.0
2014-09-10 00:00:00-04:00,4.850752664925832,4.880634307861328,4.850752664925832,4.880634307861328,300,0.0,0.0
2014-09-11 00:00:00-04:00,4.880634307861328,4.880634307861328,4.880634307861328,4.880634307861328,0,0.0,0.0
2014-09-12 00:00:00-04:00,4.880634307861328,4.880634307861328,4.880634307861328,4.880634307861328,0,0.0,0.0
2014-09-15 00:00:00-04:00,4.850754178465385,4.9254580716370455,4.850754178465385,4.905537128448486,1200,0.0,0.0
2014-09-16 00:00:00-04:00,4.905537128448486,4.905537128448486,4.905537128448486,4.905537128448486,0,0.0,0.0
2014-09-17 00:00:00-04:00,4.905537128448486,4.905537128448486,4.905537128448486,4.905537128448486,0,0.0,0.0
2014-09-18 00:00:00-04:00,4.905537128448486,4.905537128448486,4.905537128448486,4.905537128448486,0,0.0,0.0
2014-09-19 00:00:00-04:00,4.905537128448486,4.905537128448486,4.905537128448486,4.905537128448486,0,0.0,0.0
2014-09-22 00:00:00-04:00,4.905537128448486,4.905537128448486,4.905537128448486,4.905537128448486,0,0.0,0.0
2014-09-23 00:00:00-04:00,4.905537128448486,4.905537128448486,4.905537128448486,4.905537128448486,0,0.0,0.0
2014-09-24 00:00:00-04:00,4.905537128448486,4.905537128448486,4.905537128448486,4.905537128448486,0,0.0,0.0
2014-09-25 00:00:00-04:00,4.905537128448486,4.905537128448486,4.905537128448486,4.905537128448486,0,0.0,0.0
2014-09-26 00:00:00-04:00,4.905537128448486,4.905537128448486,4.905537128448486,4.905537128448486,0,0.0,0.0
2014-09-29 00:00:00-04:00,4.905537128448486,4.905537128448486,4.905537128448486,4.905537128448486,0,0.0,0.0
2014-09-30 00:00:00-04:00,4.905537128448486,4.905537128448486,4.905537128448486,4.905537128448486,0,0.0,0.0
2014-10-01 00:00:00-04:00,4.905537128448486,4.905537128448486,4.905537128448486,4.905537128448486,0,0.0,0.0
2014-10-02 00:00:00-04:00,4.905537128448486,4.905537128448486,4.905537128448486,4.905537128448486,0,0.0,0.0
2014-10-03 00:00:00-04:00,4.905537128448486,4.905537128448486,4.905537128448486,4.905537128448486,0,0.0,0.0
2014-10-06 00:00:00-04:00,4.890596954429977,4.925458967565833,4.890596954429977,4.91549825668335,2500,0.0,0.0
2014-10-07 00:00:00-04:00,4.900557041168213,4.900557041168213,4.900557041168213,4.900557041168213,500,0.0,0.0
2014-10-08 00:00:00-04:00,4.900557041168213,4.900557041168213,4.900557041168213,4.900557041168213,0,0.0,0.0
2014-10-09 00:00:00-04:00,4.900557041168213,4.900557041168213,4.900557041168213,4.900557041168213,0,0.0,0.0
2014-10-10 00:00:00-04:00,4.900557041168213,4.900557041168213,4.900557041168213,4.900557041168213,0,0.0,0.0
2014-10-13 00:00:00-04:00,4.89059591293335,4.89059591293335,4.89059591293335,4.89059591293335,300,0.0,0.0
2014-10-14 00:00:00-04:00,4.92545747756958,4.92545747756958,4.920477123634941,4.92545747756958,700,0.0,0.0
2014-10-15 00:00:00-04:00,4.92545747756958,4.92545747756958,4.92545747756958,4.92545747756958,200,0.0,0.0
2014-10-16 00:00:00-04:00,4.880635855705071,4.890596089873956,4.820873025833509,4.860714912414551,1200,0.0,0.0
2014-10-17 00:00:00-04:00,4.845774705364475,4.925458967565833,4.845774705364475,4.91549825668335,2000,0.0,0.0
2014-10-20 00:00:00-04:00,4.91549825668335,4.91549825668335,4.91549825668335,4.91549825668335,0,0.0,0.0
2014-10-21 00:00:00-04:00,4.900557041168213,4.900557041168213,4.900557041168213,4.900557041168213,2000,0.0,0.0
2014-10-22 00:00:00-04:00,4.900557041168213,4.900557041168213,4.900557041168213,4.900557041168213,500,0.0,0.0
2014-10-23 00:00:00-04:00,4.900557041168213,4.900557041168213,4.900557041168213,4.900557041168213,0,0.0,0.0
2014-10-24 00:00:00-04:00,4.980240345001221,4.980240345001221,4.980240345001221,4.980240345001221,2000,0.0,0.0
2014-10-27 00:00:00-04:00,4.980240345001221,4.980240345001221,4.980240345001221,4.980240345001221,0,0.0,0.0
2014-10-28 00:00:00-04:00,4.885615463101648,4.885615463101648,4.8607141690585,4.865694522857666,3200,0.0,0.0
2014-10-29 00:00:00-04:00,4.865694522857666,4.865694522857666,4.865694522857666,4.865694522857666,0,0.0,0.0
2014-10-30 00:00:00-04:00,4.86569387761225,4.895575046539307,4.860713524473534,4.895575046539307,1200,0.0,0.0
2014-10-31 00:00:00-04:00,4.950359344482422,4.950359344482422,4.950359344482422,4.950359344482422,300,0.0,0.0
2014-11-03 00:00:00-05:00,4.885616302490234,4.885616302490234,4.885616302490234,4.885616302490234,500,0.0,0.0
2014-11-04 00:00:00-05:00,4.885616302490234,4.885616302490234,4.885616302490234,4.885616302490234,0,0.0,0.0
2014-11-05 00:00:00-05:00,4.885616302490234,4.885616302490234,4.885616302490234,4.885616302490234,0,0.0,0.0
2014-11-06 00:00:00-05:00,4.885616302490234,4.885616302490234,4.885616302490234,4.885616302490234,300,0.0,0.0
2014-11-07 00:00:00-05:00,4.885616302490234,4.885616302490234,4.885616302490234,4.885616302490234,0,0.0,0.0
2014-11-10 00:00:00-05:00,4.9254580716370455,4.9254580716370455,4.905537128448486,4.905537128448486,2600,0.0,0.0
2014-11-11 00:00:00-05:00,4.890596182192303,4.890596182192303,4.885616302490234,4.885616302490234,800,0.0,0.0
2014-11-12 00:00:00-05:00,4.945378303527832,4.945378303527832,4.925457363204518,4.945378303527832,400,0.0,0.0
2014-11-13 00:00:00-05:00,4.935418605804443,4.935418605804443,4.935418605804443,4.935418605804443,1200,0.0,0.0
2014-11-14 00:00:00-05:00,4.910516262054443,4.910516262054443,4.910516262054443,4.910516262054443,500,0.0,0.0
2014-11-17 00:00:00-05:00,4.90055662169461,4.90055662169461,4.89059591293335,4.89059591293335,2000,0.0,0.0
2014-11-18 00:00:00-05:00,4.895575046539307,4.895575046539307,4.895575046539307,4.895575046539307,400,0.0,0.0
2014-11-19 00:00:00-05:00,4.940399109458958,4.950359344482422,4.920478164459236,4.950359344482422,3300,0.0,0.0
2014-11-20 00:00:00-05:00,4.925458371081005,4.935418605804443,4.925458371081005,4.935418605804443,2300,0.0,0.0
2014-11-21 00:00:00-05:00,4.950359344482422,4.950359344482422,4.945379464447086,4.950359344482422,1800,0.0,0.0
2014-11-24 00:00:00-05:00,4.950359344482422,4.950359344482422,4.950359344482422,4.950359344482422,700,0.0,0.0
2014-11-25 00:00:00-05:00,4.955339367846822,4.955339367846822,4.885616302490234,4.885616302490234,5300,0.0,0.0
2014-11-26 00:00:00-05:00,4.885616302490234,4.885616302490234,4.885616302490234,4.885616302490234,0,0.0,0.0
2014-11-28 00:00:00-05:00,4.885616302490234,4.885616302490234,4.885616302490234,4.885616302490234,0,0.0,0.0
2014-12-01 00:00:00-05:00,4.885614815214493,4.900555399678021,4.875654108937063,4.895575046539307,1900,0.0,0.0
2014-12-02 00:00:00-05:00,4.89059591293335,4.89557626731398,4.89059591293335,4.89059591293335,900,0.0,0.0
2014-12-03 00:00:00-05:00,4.890595321892155,4.910516262054443,4.890595321892155,4.910516262054443,1100,0.0,0.0
2014-12-04 00:00:00-05:00,4.925458967565833,4.925458967565833,4.91549825668335,4.91549825668335,3000,0.0,0.0
2014-12-05 00:00:00-05:00,4.910517008031063,4.910517008031063,4.855734533000712,4.905537128448486,6700,0.0,0.0
2014-12-08 00:00:00-05:00,4.955338573832705,4.955338573832705,4.855733871459961,4.855733871459961,12400,0.0,0.0
2014-12-09 00:00:00-05:00,4.900555399678021,4.900555399678021,4.85573317133482,4.895575046539307,9000,0.0,0.0
2014-12-10 00:00:00-05:00,5.034037869262018,5.034037869262018,5.018596172332764,5.018596172332764,500,0.319,0.0
2014-12-11 00:00:00-05:00,4.946533679962158,4.946533679962158,4.946533679962158,4.946533679962158,500,0.0,0.0
2014-12-12 00:00:00-05:00,4.956828470958734,5.018595744290234,4.946533679962158,4.946533679962158,1500,0.0,0.0
2014-12-15 00:00:00-05:00,4.946533679962158,4.946533679962158,4.946533679962158,4.946533679962158,0,0.0,0.0
2014-12-16 00:00:00-05:00,4.946534722589414,4.946534722589414,4.817852753304627,4.838441848754883,4300,0.0,0.0
2014-12-17 00:00:00-05:00,4.838441848754883,4.838441848754883,4.838441848754883,4.838441848754883,0,0.0,0.0
2014-12-18 00:00:00-05:00,4.833294686029404,4.833294686029404,4.81785249710083,4.81785249710083,900,0.0,0.0
2014-12-19 00:00:00-05:00,4.884767176476461,4.884767176476461,4.812705591674036,4.81785249710083,1600,0.0,0.0
2014-12-22 00:00:00-05:00,4.771525859832764,4.786967552884702,4.771525859832764,4.771525859832764,2500,0.0,0.0
2014-12-23 00:00:00-05:00,4.529604401189383,4.750937004922766,4.529604401189383,4.60166597366333,6700,0.0,0.0
2014-12-24 00:00:00-05:00,4.709759712219238,4.709759712219238,4.709759712219238,4.709759712219238,100,0.0,0.0
2014-12-26 00:00:00-05:00,4.735496082244665,4.797263364822492,4.709759591783222,4.776674270629883,2800,0.0,0.0
2014-12-29 00:00:00-05:00,4.689170566051237,4.689170566051237,4.591372489929199,4.591372489929199,1100,0.0,0.0
2014-12-30 00:00:00-05:00,4.63769769668579,4.63769769668579,4.63769769668579,4.637697696685791,1100,0.0,0.0
2014-12-31 00:00:00-05:00,4.69431734085083,4.69431734085083,4.69431734085083,4.69431734085083,100,0.0,0.0
2015-01-02 00:00:00-05:00,4.8127055168151855,4.8127055168151855,4.8127055168151855,4.8127055168151855,600,0.0,0.0
2015-01-05 00:00:00-05:00,4.797263328126806,4.8127055168151855,4.797263328126806,4.8127055168151855,1200,0.0,0.0
2015-01-06 00:00:00-05:00,4.833294488280417,4.92594516364751,4.80241060256958,4.80241060256958,2500,0.0,0.0
2015-01-07 00:00:00-05:00,4.822999696082569,4.905356070134522,4.80241060256958,4.80241060256958,3800,0.0,0.0
2015-01-08 00:00:00-05:00,4.812705554890124,4.9156510258801465,4.812705554890124,4.853883743286133,2000,0.0,0.0
2015-01-09 00:00:00-05:00,4.910503590761311,4.910503590761311,4.8127055168151855,4.8127055168151855,1000,0.0,0.0
2015-01-12 00:00:00-05:00,4.869325402691077,4.869325402691077,4.8127055168151855,4.8127055168151855,2200,0.0,0.0
2015-01-13 00:00:00-05:00,4.915650639435063,4.9207980353005825,4.812705176538124,4.822999477386475,3700,0.0,0.0
2015-01-14 00:00:00-05:00,4.905356431397985,4.9362403193833195,4.869325637817383,4.869325637817383,900,0.0,0.0
2015-01-15 00:00:00-05:00,4.920798460425452,4.941387554783603,4.879619780826419,4.89506196975708,800,0.0,0.0
2015-01-16 00:00:00-05:00,4.807558120585726,4.8178524221619226,4.807558120585726,4.8127055168151855,1300,0.0,0.0
2015-01-20 00:00:00-05:00,4.817852122439677,4.864177703857422,4.817852122439677,4.864177703857422,400,0.0,0.0
2015-01-21 00:00:00-05:00,4.864177703857422,4.864177703857422,4.864177703857422,4.864177703857422,0,0.0,0.0
2015-01-22 00:00:00-05:00,4.889913558959961,4.889913558959961,4.889913558959961,4.889913558959961,0,0.0,0.0
2015-01-23 00:00:00-05:00,5.01344809947975,5.039184584808697,4.889913558959961,4.889913558959961,4200,0.0,0.0
2015-01-26 00:00:00-05:00,4.895061122666633,4.96712269500854,4.895061122666633,4.941386699676514,800,0.0,0.0
2015-01-27 00:00:00-05:00,4.941386699676514,4.941386699676514,4.941386699676514,4.941386699676514,0,0.0,0.0
2015-01-28 00:00:00-05:00,4.941386699676514,4.941386699676514,4.941386699676514,4.941386699676514,0,0.0,0.0
2015-01-29 00:00:00-05:00,5.039184584808697,5.039184584808697,4.889913558959961,4.889913558959961,2800,0.0,0.0
2015-01-30 00:00:00-05:00,4.920798179483855,4.961976365849184,4.910503387451172,4.910503387451172,1000,0.0,0.0
2015-02-02 00:00:00-05:00,4.910503387451172,4.910503387451172,4.910503387451172,4.910503387451172,0,0.0,0.0
2015-02-03 00:00:00-05:00,4.951680660247802,4.951680660247802,4.951680660247802,4.951680660247803,500,0.0,0.0
2015-02-04 00:00:00-05:00,4.9671226165636835,4.9722700119018555,4.9671226165636835,4.9722700119018555,1000,0.0,0.0
2015-02-05 00:00:00-05:00,4.9722700119018555,4.9722700119018555,4.9722700119018555,4.9722700119018555,200,0.0,0.0
2015-02-06 00:00:00-05:00,4.961975469428389,5.028890132904052,4.961975469428389,5.028890132904053,2000,0.0,0.0
2015-02-09 00:00:00-05:00,5.028891025455574,5.028891025455574,5.023743629455566,5.023743629455566,2500,0.0,0.0
2015-02-10 00:00:00-05:00,4.961976528167725,4.961976528167725,4.961976528167725,4.961976528167725,500,0.0,0.0
2015-02-11 00:00:00-05:00,4.956828679247005,5.039185047149658,4.956828679247005,5.039185047149658,1500,0.0,0.0
2015-02-12 00:00:00-05:00,4.992859056293895,5.044332027435303,4.992859056293895,5.044332027435303,3600,0.0,0.0
2015-02-13 00:00:00-05:00,5.044332027435303,5.044332027435303,5.044332027435303,5.044332027435303,0,0.0,0.0
2015-02-17 00:00:00-05:00,4.946533679962158,5.044332230899022,4.946533679962158,4.946533679962158,1700,0.0,0.0
2015-02-18 00:00:00-05:00,5.039185405990882,5.10610008239746,5.023743708630196,5.106100082397461,6200,0.0,0.0
2015-02-19 00:00:00-05:00,5.044332027435303,5.044332027435303,5.044332027435303,5.044332027435303,100,0.0,0.0
2015-02-20 00:00:00-05:00,5.070069789886475,5.075216695590741,5.064922393299453,5.070069789886475,4100,0.0,0.0
2015-02-23 00:00:00-05:00,5.070069789886475,5.070069789886475,5.070069789886475,5.070069789886475,0,0.0,0.0
2015-02-24 00:00:00-05:00,4.982565402984619,4.982565402984619,4.982565402984619,4.982565402984619,0,0.0,0.0
2015-02-25 00:00:00-05:00,4.982565402984619,4.982565402984619,4.982565402984619,4.982565402984619,0,0.0,0.0
2015-02-26 00:00:00-05:00,5.044332027435303,5.044332027435303,5.044332027435303,5.044332027435303,500,0.0,0.0
2015-02-27 00:00:00-05:00,5.023744202368786,5.070069789886475,5.023744202368786,5.070069789886475,500,0.0,0.0
2015-03-02 00:00:00-05:00,4.967123031616211,4.967123031616211,4.967123031616211,4.967123031616211,1000,0.0,0.0
2015-03-03 00:00:00-05:00,5.12668953274313,5.12668953274313,5.095805644989014,5.095805644989014,1800,0.0,0.0
2015-03-04 00:00:00-05:00,5.095805644989014,5.095805644989014,5.095805644989014,5.095805644989014,0,0.0,0.0
2015-03-05 00:00:00-05:00,5.04433285914275,5.0855110464922655,5.018596369328624,5.034038066864014,5600,0.0,0.0
2015-03-06 00:00:00-05:00,4.987711766567401,5.090657711029053,4.987711766567401,5.090657711029053,1400,0.0,0.0
2015-03-09 00:00:00-04:00,5.131836013147635,5.1369829177856445,5.121541222106307,5.1369829177856445,1100,0.0,0.0
2015-03-10 00:00:00-04:00,5.1369829177856445,5.1369829177856445,5.1369829177856445,5.1369829177856445,0,0.0,0.0
2015-03-11 00:00:00-04:00,5.1369832162931255,5.1369832162931255,5.085510730743408,5.085510730743408,1600,0.0,0.0
2015-03-12 00:00:00-04:00,5.085510730743408,5.085510730743408,5.085510730743408,5.085510730743408,0,0.0,0.0
2015-03-13 00:00:00-04:00,5.100952271358316,5.1112470626831055,5.100952271358316,5.1112470626831055,1000,0.0,0.0
2015-03-16 00:00:00-04:00,5.070069034166762,5.085510730743408,5.070069034166762,5.085510730743408,2000,0.0,0.0
2015-03-17 00:00:00-04:00,5.085510730743408,5.085510730743408,5.085510730743408,5.085510730743408,0,0.0,0.0
2015-03-18 00:00:00-04:00,5.080363334923632,5.111247218959608,5.064921638346985,5.085510730743408,3700,0.0,0.0
2015-03-19 00:00:00-04:00,5.085510730743408,5.085510730743408,5.085510730743408,5.085510730743408,0,0.0,0.0
2015-03-20 00:00:00-04:00,5.0185955881801245,5.1112467407366635,4.9722700119018555,4.9722700119018555,2600,0.0,0.0
2015-03-23 00:00:00-04:00,4.946533604213332,4.956828395052259,4.93623930425705,4.941386699676514,9600,0.0,0.0
2015-03-24 00:00:00-04:00,4.941386710659728,5.05462646484375,4.936239315228823,5.05462646484375,3400,0.0,0.0
2015-03-25 00:00:00-04:00,5.131836891174316,5.131836891174316,5.131836891174316,5.131836891174316,100,0.0,0.0
2015-03-26 00:00:00-04:00,5.131836891174316,5.131836891174316,5.131836891174316,5.131836891174316,0,0.0,0.0
2015-03-27 00:00:00-04:00,5.023743161626963,5.1369829177856445,5.023743161626963,5.1369829177856445,700,0.0,0.0
2015-03-30 00:00:00-04:00,5.023743588886748,5.111247356649447,4.982565402984619,4.982565402984619,4000,0.0,0.0
2015-03-31 00:00:00-04:00,5.131836891174316,5.13698379669293,5.028891417560952,5.131836891174316,2500,0.0,0.0
2015-04-01 00:00:00-04:00,5.028890132904052,5.028890132904052,5.013447947644782,5.028890132904053,1900,0.0,0.0
2015-04-02 00:00:00-04:00,5.028890132904052,5.028890132904052,5.028890132904052,5.028890132904053,2800,0.0,0.0
2015-04-06 00:00:00-04:00,5.028890132904052,5.028890132904052,5.028890132904052,5.028890132904053,0,0.0,0.0
2015-04-07 00:00:00-04:00,5.028890132904052,5.028890132904052,5.028890132904052,5.028890132904053,0,0.0,0.0
2015-04-08 00:00:00-04:00,5.028890530769869,5.059773921966553,5.028890530769869,5.059773921966553,1600,0.0,0.0
2015-04-09 00:00:00-04:00,5.070069789886475,5.070069789886475,5.070069789886475,5.070069789886475,1100,0.0,0.0
2015-04-10 00:00:00-04:00,5.070069789886475,5.070069789886475,5.070069789886475,5.070069789886475,0,0.0,0.0
2015-04-13 00:00:00-04:00,5.07006873954763,5.1369829177856445,5.07006873954763,5.1369829177856445,3100,0.0,0.0
2015-04-14 00:00:00-04:00,5.059773921966553,5.075215617564894,5.059773921966553,5.059773921966553,1300,0.0,0.0
2015-04-15 00:00:00-04:00,5.131836891174316,5.131836891174316,5.131836891174316,5.131836891174316,500,0.0,0.0
2015-04-16 00:00:00-04:00,5.121541837702412,5.131836629981148,5.034038066864015,5.034038066864014,4200,0.0,0.0
2015-04-17 00:00:00-04:00,5.126689494772964,5.131836891174316,5.126689494772964,5.131836891174316,500,0.0,0.0
2015-04-20 00:00:00-04:00,5.131836891174316,5.131836891174316,5.131836891174316,5.131836891174316,0,0.0,0.0
2015-04-21 00:00:00-04:00,5.1369834156459895,5.1369834156459895,5.075216136059693,5.100952625274658,3400,0.0,0.0
2015-04-22 00:00:00-04:00,5.100952625274658,5.100952625274658,5.100952625274658,5.100952625274658,0,0.0,0.0
2015-04-23 00:00:00-04:00,5.131836891174316,5.131836891174316,5.131836891174316,5.131836891174316,1500,0.0,0.0
2015-04-24 00:00:00-04:00,5.1369834156459895,5.1369834156459895,5.100952625274658,5.100952625274658,1400,0.0,0.0
2015-04-27 00:00:00-04:00,5.1369829177856445,5.1369829177856445,5.100952130906305,5.1369829177856445,900,0.0,0.0
2015-04-28 00:00:00-04:00,5.1369829177856445,5.1369829177856445,5.1369829177856445,5.1369829177856445,0,0.0,0.0
2015-04-29 00:00:00-04:00,5.136983040743507,5.14727783203125,5.136983040743507,5.14727783203125,2600,0.0,0.0
2015-04-30 00:00:00-04:00,5.095805546891929,5.126689434051514,5.049480452476653,5.126689434051514,2100,0.0,0.0
2015-05-01 00:00:00-04:00,5.121541976928711,5.121541976928711,5.1163945806494135,5.121541976928711,1800,0.0,0.0
2015-05-04 00:00:00-04:00,5.049480438232422,5.049480438232422,5.049480438232422,5.049480438232422,1100,0.0,0.0
2015-05-05 00:00:00-04:00,5.049480438232422,5.049480438232422,5.049480438232422,5.049480438232422,0,0.0,0.0
2015-05-06 00:00:00-04:00,5.049480438232422,5.049480438232422,5.049480438232422,5.049480438232422,0,0.0,0.0
2015-05-07 00:00:00-04:00,5.049480438232422,5.049480438232422,5.049480438232422,5.049480438232422,0,0.0,0.0
2015-05-08 00:00:00-04:00,5.126688740338431,5.152425227675121,5.126688740338431,5.14727783203125,1100,0.0,0.0
2015-05-11 00:00:00-04:00,5.075215617564894,5.075215617564894,5.059773921966553,5.059773921966553,1300,0.0,0.0
2015-05-12 00:00:00-04:00,5.059773921966553,5.064921317460217,4.951681071012853,5.059773921966553,2200,0.0,0.0
2015-05-13 00:00:00-04:00,5.059773921966553,5.059773921966553,5.059773921966553,5.059773921966553,0,0.0,0.0
2015-05-14 00:00:00-04:00,5.059773921966553,5.059773921966553,5.059773921966553,5.059773921966553,0,0.0,0.0
2015-05-15 00:00:00-04:00,5.059773921966553,5.059773921966553,5.059773921966553,5.059773921966553,0,0.0,0.0
2015-05-18 00:00:00-04:00,5.095805644989014,5.111247834307443,5.095805644989014,5.095805644989014,1000,0.0,0.0
2015-05-19 00:00:00-04:00,5.111247675252844,5.121541976928711,5.111247675252844,5.121541976928711,2300,0.0,0.0
2015-05-20 00:00:00-04:00,5.12154134469456,5.14727783203125,5.12154134469456,5.14727783203125,1000,0.0,0.0
2015-05-21 00:00:00-04:00,5.142129898071289,5.142129898071289,5.142129898071289,5.142129898071289,100,0.0,0.0
2015-05-22 00:00:00-04:00,5.142130313306309,5.142130313306309,5.1369829177856445,5.1369829177856445,1000,0.0,0.0
2015-05-26 00:00:00-04:00,5.136983040743507,5.14727783203125,5.136983040743507,5.14727783203125,900,0.0,0.0
2015-05-27 00:00:00-04:00,5.14727783203125,5.14727783203125,5.14727783203125,5.14727783203125,600,0.0,0.0
2015-05-28 00:00:00-04:00,5.14727783203125,5.14727783203125,5.14727783203125,5.14727783203125,500,0.0,0.0
2015-05-29 00:00:00-04:00,5.136982611294769,5.188455581665038,5.126688311750291,5.188455581665039,2500,0.0,0.0
2015-06-01 00:00:00-04:00,5.14727783203125,5.14727783203125,5.126688740338431,5.14727783203125,1900,0.0,0.0
2015-06-02 00:00:00-04:00,5.1936040533045595,5.198751449584961,5.147278468546405,5.198751449584961,3200,0.0,0.0
2015-06-03 00:00:00-04:00,5.1369829177856445,5.1369829177856445,5.1369829177856445,5.1369829177856445,500,0.0,0.0
2015-06-04 00:00:00-04:00,5.1369829177856445,5.1369829177856445,5.1369829177856445,5.1369829177856445,200,0.0,0.0
2015-06-05 00:00:00-04:00,5.147277708826973,5.147277708826973,5.1369829177856445,5.1369829177856445,1300,0.0,0.0
2015-06-08 00:00:00-04:00,5.167866678492648,5.167866678492648,5.0443321341978375,5.090657711029053,5700,0.0,0.0
2015-06-09 00:00:00-04:00,5.059774181472624,5.090658065135934,4.992859509271013,5.0803632736206055,18000,0.0,0.0
2015-06-10 00:00:00-04:00,5.170257766693427,5.175576576249261,5.111746296077487,5.164938449859619,5000,0.319,0.0
2015-06-11 00:00:00-04:00,5.111745540564313,5.212810516357422,5.111745540564313,5.212810516357422,900,0.0,0.0
2015-06-12 00:00:00-04:00,5.2181293574911045,5.2181293574911045,5.159617900848389,5.159617900848389,200,0.0,0.0
2015-06-15 00:00:00-04:00,5.159617900848389,5.159617900848389,5.159617900848389,5.159617900848389,0,0.0,0.0
2015-06-16 00:00:00-04:00,5.18621532075411,5.18621532075411,5.170257877189626,5.175576686859131,300,0.0,0.0
2015-06-17 00:00:00-04:00,5.133023432236185,5.207492351531982,5.127704622290637,5.207492351531982,1200,0.0,0.0
2015-06-18 00:00:00-04:00,5.207492351531982,5.207492351531982,5.186215589915757,5.207492351531982,1800,0.0,0.0
2015-06-19 00:00:00-04:00,5.207492351531982,5.207492351531982,5.207492351531982,5.207492351531982,0,0.0,0.0
2015-06-22 00:00:00-04:00,5.175576576249261,5.175576576249261,5.164938449859619,5.164938449859619,2800,0.0,0.0
2015-06-23 00:00:00-04:00,5.164938449859619,5.164938449859619,5.164938449859619,5.164938449859619,0,0.0,0.0
2015-06-24 00:00:00-04:00,5.164938449859619,5.164938449859619,5.164938449859619,5.164938449859619,0,0.0,0.0
2015-06-25 00:00:00-04:00,5.202173233032227,5.202173233032227,5.202173233032227,5.202173233032227,200,0.0,0.0
2015-06-26 00:00:00-04:00,5.196853843584493,5.196853843584493,5.164938449859619,5.164938449859619,200,0.0,0.0
2015-06-29 00:00:00-04:00,5.164938245234865,5.1968536376953125,5.164938245234865,5.1968536376953125,3600,0.0,0.0
2015-06-30 00:00:00-04:00,5.191534734986802,5.191534734986802,5.0904697402025585,5.133023262023926,2600,0.0,0.0
2015-07-01 00:00:00-04:00,5.1170654296875,5.1170654296875,5.1170654296875,5.1170654296875,100,0.0,0.0
2015-07-02 00:00:00-04:00,5.1170654296875,5.1170654296875,5.1170654296875,5.1170654296875,0,0.0,0.0
2015-07-06 00:00:00-04:00,5.106428623199462,5.106428623199462,5.106428623199462,5.106428623199463,0,0.0,0.0
2015-07-07 00:00:00-04:00,5.133023262023926,5.133023262023926,5.133023262023926,5.133023262023926,100,0.0,0.0
2015-07-08 00:00:00-04:00,5.180895409683412,5.191534042358398,5.143661209876814,5.191534042358398,1200,0.0,0.0
2015-07-09 00:00:00-04:00,5.191534042358398,5.191534042358398,5.191534042358398,5.191534042358398,0,0.0,0.0
2015-07-10 00:00:00-04:00,5.117065818160412,5.133023262023926,5.117065818160412,5.133023262023926,1100,0.0,0.0
2015-07-13 00:00:00-04:00,5.111746311187744,5.111746311187744,5.111746311187744,5.111746311187744,500,0.0,0.0
2015-07-14 00:00:00-04:00,5.138342482782672,5.175576686859131,5.138342482782672,5.175576686859131,1400,0.0,0.0
2015-07-15 00:00:00-04:00,5.111745915312094,5.122384548187256,5.111745915312094,5.122384548187256,2000,0.0,0.0
2015-07-16 00:00:00-04:00,5.122384548187256,5.122384548187256,5.122384548187256,5.122384548187256,0,0.0,0.0
2015-07-17 00:00:00-04:00,5.122386069974999,5.122386069974999,5.106428623199462,5.106428623199463,3700,0.0,0.0
2015-07-20 00:00:00-04:00,5.106428623199462,5.106428623199462,5.106428623199462,5.106428623199463,0,0.0,0.0
2015-07-21 00:00:00-04:00,5.106427310302288,5.106427310302288,5.0904693603515625,5.0904693603515625,1200,0.0,0.0
2015-07-22 00:00:00-04:00,5.0904693603515625,5.0904693603515625,5.0904693603515625,5.0904693603515625,0,0.0,0.0
2015-07-23 00:00:00-04:00,5.0904693603515625,5.0904693603515625,5.0904693603515625,5.0904693603515625,0,0.0,0.0
2015-07-24 00:00:00-04:00,5.1968536376953125,5.1968536376953125,5.1968536376953125,5.1968536376953125,600,0.0,0.0
2015-07-27 00:00:00-04:00,5.1968536376953125,5.1968536376953125,5.1968536376953125,5.1968536376953125,0,0.0,0.0
2015-07-28 00:00:00-04:00,5.202173233032227,5.202173233032227,5.202173233032227,5.202173233032227,400,0.0,0.0
2015-07-29 00:00:00-04:00,5.047916412353516,5.047916412353516,5.047916412353516,5.047916412353516,200,0.0,0.0
2015-07-30 00:00:00-04:00,5.079832540388177,5.1702589175796945,5.053236457576892,5.106428623199463,7700,0.0,0.0
2015-07-31 00:00:00-04:00,5.106428623199462,5.106428623199462,5.106428623199462,5.106428623199463,0,0.0,0.0
2015-08-03 00:00:00-04:00,5.106428623199462,5.106428623199462,5.106428623199462,5.106428623199463,0,0.0,0.0
2015-08-04 00:00:00-04:00,5.111746311187744,5.111746311187744,5.111746311187744,5.111746311187744,100,0.0,0.0
2015-08-05 00:00:00-04:00,5.111746311187744,5.111746311187744,5.111746311187744,5.111746311187744,0,0.0,0.0
2015-08-06 00:00:00-04:00,5.111746311187744,5.111746311187744,5.111746311187744,5.111746311187744,1400,0.0,0.0
2015-08-07 00:00:00-04:00,5.1170654296875,5.1170654296875,5.1170654296875,5.1170654296875,100,0.0,0.0
2015-08-10 00:00:00-04:00,5.11174743393925,5.11174743393925,5.106428623199462,5.106428623199463,400,0.0,0.0
2015-08-11 00:00:00-04:00,5.191535105456741,5.202173233032227,5.191535105456741,5.202173233032227,1600,0.0,0.0
2015-08-12 00:00:00-04:00,5.202173233032227,5.202173233032227,5.202173233032227,5.202173233032227,0,0.0,0.0
2015-08-13 00:00:00-04:00,5.202173233032227,5.202173233032227,5.202173233032227,5.202173233032227,600,0.0,0.0
2015-08-14 00:00:00-04:00,5.202173233032227,5.202173233032227,5.202173233032227,5.202173233032227,2500,0.0,0.0
2015-08-17 00:00:00-04:00,5.117065598093695,5.260684108522788,5.117065598093695,5.218130588531494,3200,0.0,0.0
2015-08-18 00:00:00-04:00,5.218130588531494,5.218130588531494,5.218130588531494,5.218130588531494,0,0.0,0.0
2015-08-19 00:00:00-04:00,5.127705097198486,5.127705097198486,5.1064283336116905,5.127705097198486,2600,0.0,0.0
2015-08-20 00:00:00-04:00,5.1330242684493035,5.2553660481316244,5.127705457637276,5.250046730041504,1700,0.0,0.0
2015-08-21 00:00:00-04:00,5.308556566878467,5.308556566878467,5.175576686859131,5.175576686859131,5000,0.0,0.0
2015-08-24 00:00:00-04:00,5.308557334047226,5.308557334047226,5.127705097198486,5.127705097198486,4600,0.0,0.0
2015-08-25 00:00:00-04:00,5.202171410800626,5.202171410800626,5.159617900848389,5.159617900848389,500,0.0,0.0
2015-08-26 00:00:00-04:00,5.202173233032227,5.202173233032227,5.202173233032227,5.202173233032227,300,0.0,0.0
2015-08-27 00:00:00-04:00,5.191535105456741,5.202173233032227,5.143662263171979,5.202173233032227,2200,0.0,0.0
2015-08-28 00:00:00-04:00,5.1330241203632605,5.1330241203632605,5.095789909362793,5.095789909362793,200,0.0,0.0
2015-08-31 00:00:00-04:00,5.127703864624837,5.127703864624837,4.994723997352929,5.122384548187256,400,0.0,0.0
2015-09-01 00:00:00-04:00,5.122384548187256,5.122384548187256,5.122384548187256,5.122384548187256,0,0.0,0.0
2015-09-02 00:00:00-04:00,5.005362602763336,5.175576686859131,5.005362602763336,5.175576686859131,700,0.0,0.0
2015-09-03 00:00:00-04:00,5.047916412353516,5.047916412353516,5.047916412353516,5.047916412353516,200,0.0,0.0
2015-09-04 00:00:00-04:00,5.047916412353516,5.047916412353516,5.047916412353516,5.047916412353516,0,0.0,0.0
2015-09-08 00:00:00-04:00,5.047916412353516,5.047916412353516,5.047916412353516,5.047916412353516,0,0.0,0.0
2015-09-09 00:00:00-04:00,5.095789909362793,5.095789909362793,5.095789909362793,5.095789909362793,700,0.0,0.0
2015-09-10 00:00:00-04:00,5.042596794634931,5.042596794634931,4.797914302978436,5.016001224517822,4500,0.0,0.0
2015-09-11 00:00:00-04:00,4.946851721773696,5.053235526131389,4.946851721773696,4.973447799682617,700,0.0,0.0
2015-09-14 00:00:00-04:00,5.010682481892122,5.05323600769043,5.010682481892122,5.05323600769043,300,0.0,0.0
2015-09-15 00:00:00-04:00,5.1436614990234375,5.1436614990234375,5.010681626778318,5.1436614990234375,5600,0.0,0.0
2015-09-16 00:00:00-04:00,5.10110902786255,5.10110902786255,5.10110902786255,5.101109027862549,800,0.0,0.0
2015-09-17 00:00:00-04:00,5.1436614990234375,5.1436614990234375,5.13302286575041,5.1436614990234375,1400,0.0,0.0
2015-09-18 00:00:00-04:00,5.026638984680177,5.026638984680177,5.026638984680177,5.026638984680176,200,0.0,0.0
2015-09-21 00:00:00-04:00,5.106427501616187,5.191534542096795,5.074512107796972,5.111746311187744,2200,0.0,0.0
2015-09-22 00:00:00-04:00,5.196853075492473,5.212810516357422,5.196853075492473,5.212810516357422,4000,0.0,0.0
2015-09-23 00:00:00-04:00,5.266003508774109,5.308557033538818,5.106428044545462,5.308557033538818,9200,0.0,0.0
2015-09-24 00:00:00-04:00,5.22877033295018,5.23940896987915,5.111747863122158,5.23940896987915,5600,0.0,0.0
2015-09-25 00:00:00-04:00,5.23940896987915,5.244727781065506,5.143663266630939,5.23940896987915,8600,0.0,0.0
2015-09-28 00:00:00-04:00,5.218130588531494,5.218130588531494,5.218130588531494,5.218130588531494,200,0.0,0.0
2015-09-29 00:00:00-04:00,5.218130588531494,5.218130588531494,5.218130588531494,5.218130588531494,0,0.0,0.0
2015-09-30 00:00:00-04:00,5.143662349502991,5.266003608703614,5.143662349502991,5.266003608703613,1000,0.0,0.0
2015-10-01 00:00:00-04:00,5.266003608703614,5.266003608703614,5.266003608703614,5.266003608703613,0,0.0,0.0
2015-10-02 00:00:00-04:00,5.159618651611367,5.196853358695892,5.159618651611367,5.191534042358398,1800,0.0,0.0
2015-10-05 00:00:00-04:00,5.191534042358398,5.191534042358398,5.191534042358398,5.191534042358398,0,0.0,0.0
2015-10-06 00:00:00-04:00,5.239406981585581,5.26068374009111,5.143661314671728,5.228768348693848,8000,0.0,0.0
2015-10-07 00:00:00-04:00,5.260684509211554,5.260684509211554,5.143662066683304,5.207492351531982,10600,0.0,0.0
2015-10-08 00:00:00-04:00,5.2606838335905195,5.266002642852982,5.143661406091269,5.186214923858643,10300,0.0,0.0
2015-10-09 00:00:00-04:00,5.2660023454916605,5.2660023454916605,5.260683536529541,5.260683536529541,2300,0.0,0.0
2015-10-12 00:00:00-04:00,5.196853075492473,5.303236860055298,5.18621444339724,5.212810516357422,3300,0.0,0.0
2015-10-13 00:00:00-04:00,5.212810516357422,5.292598227960066,5.212810516357422,5.212810516357422,2000,0.0,0.0
2015-10-14 00:00:00-04:00,5.303239269618582,5.3085580808049375,5.23940896987915,5.23940896987915,5500,0.0,0.0
2015-10-15 00:00:00-04:00,5.23940896987915,5.23940896987915,5.23940896987915,5.23940896987915,0,0.0,0.0
2015-10-16 00:00:00-04:00,5.2447257907535105,5.2447257907535105,5.212810906634184,5.228768348693848,600,0.0,0.0
2015-10-19 00:00:00-04:00,5.303238223401751,5.308557033538818,5.303238223401751,5.308557033538818,2000,0.0,0.0
2015-10-20 00:00:00-04:00,5.409622391648539,5.489410129018528,5.404303073883057,5.404303073883057,2600,0.0,0.0
2015-10-21 00:00:00-04:00,5.303237826764553,5.31919527053833,5.303237826764553,5.31919527053833,1700,0.0,0.0
2015-10-22 00:00:00-04:00,5.250045474885978,5.250045474885978,5.218130588531494,5.218130588531494,1000,0.0,0.0
2015-10-23 00:00:00-04:00,5.244726657867432,5.244726657867432,5.244726657867432,5.244726657867432,1400,0.0,0.0
2015-10-26 00:00:00-04:00,5.292598724365234,5.292598724365234,5.292598724365234,5.292598724365234,100,0.0,0.0
2015-10-27 00:00:00-04:00,5.292598724365234,5.292598724365234,5.292598724365234,5.292598724365234,0,0.0,0.0
2015-10-28 00:00:00-04:00,5.287280082702637,5.287280082702637,5.287280082702637,5.287280082702637,100,0.0,0.0
2015-10-29 00:00:00-04:00,5.287280082702637,5.287280082702637,5.287280082702637,5.287280082702637,0,0.0,0.0
2015-10-30 00:00:00-04:00,5.26600340988816,5.27132272720337,5.26600340988816,5.271322727203369,500,0.0,0.0
2015-11-02 00:00:00-05:00,5.27132272720337,5.27132272720337,5.27132272720337,5.271322727203369,0,0.0,0.0
2015-11-03 00:00:00-05:00,5.26600197809221,5.297917366027832,5.26600197809221,5.297917366027832,2000,0.0,0.0
2015-11-04 00:00:00-05:00,5.297917366027832,5.297917366027832,5.297917366027832,5.297917366027832,0,0.0,0.0
2015-11-05 00:00:00-05:00,5.297917366027832,5.297917366027832,5.297917366027832,5.297917366027832,0,0.0,0.0
2015-11-06 00:00:00-05:00,5.297918040911761,5.297918040911761,5.292598724365234,5.292598724365234,1000,0.0,0.0
2015-11-09 00:00:00-05:00,5.319195359078458,5.319195359078458,5.3032379150390625,5.3032379150390625,9200,0.0,0.0
2015-11-10 00:00:00-05:00,5.308557033538818,5.308557033538818,5.308557033538818,5.308557033538818,1100,0.0,0.0
2015-11-11 00:00:00-05:00,5.266003114921751,5.31919527053833,5.266003114921751,5.31919527053833,700,0.0,0.0
2015-11-12 00:00:00-05:00,5.297918707668654,5.313876152038575,5.292599390452677,5.313876152038574,2200,0.0,0.0
2015-11-13 00:00:00-05:00,5.313876152038575,5.313876152038575,5.313876152038575,5.313876152038574,0,0.0,0.0
2015-11-16 00:00:00-05:00,5.308556636503818,5.34579134834662,5.308556636503818,5.31919527053833,7900,0.0,0.0
2015-11-17 00:00:00-05:00,5.319195072219154,5.324514389038087,5.308556438581289,5.324514389038086,4200,0.0,0.0
2015-11-18 00:00:00-05:00,5.324514389038087,5.324514389038087,5.324514389038087,5.324514389038086,0,0.0,0.0
2015-11-19 00:00:00-05:00,5.3564299531661606,5.398983478546143,5.3564299531661606,5.398983478546143,1200,0.0,0.0
2015-11-20 00:00:00-05:00,5.393664668332172,5.398983478546143,5.393664668332172,5.398983478546143,3300,0.0,0.0
2015-11-23 00:00:00-05:00,5.398983478546143,5.398983478546143,5.398983478546143,5.398983478546143,0,0.0,0.0
2015-11-24 00:00:00-05:00,5.398983478546143,5.398983478546143,5.398983478546143,5.398983478546143,0,0.0,0.0
2015-11-25 00:00:00-05:00,5.297917366027832,5.313874806356702,5.297917366027832,5.297917366027832,4700,0.0,0.0
2015-11-27 00:00:00-05:00,5.297917366027832,5.297917366027832,5.297917366027832,5.297917366027832,0,0.0,0.0
2015-11-30 00:00:00-05:00,5.409621238708495,5.409621238708495,5.409621238708495,5.409621238708496,300,0.0,0.0
2015-12-01 00:00:00-05:00,5.425579269753858,5.457494665728003,5.351110857944203,5.420259952545166,13600,0.0,0.0
2015-12-02 00:00:00-05:00,5.420259952545166,5.420259952545166,5.420259952545166,5.420259952545166,0,0.0,0.0
2015-12-03 00:00:00-05:00,5.457494258880614,5.462813575692761,5.340471825403264,5.457494258880615,7900,0.0,0.0
2015-12-04 00:00:00-05:00,5.452174757206898,5.462813390470476,5.335152327697314,5.409621238708496,6300,0.0,0.0
2015-12-07 00:00:00-05:00,5.46813336523466,5.46813336523466,5.404303073883057,5.404303073883057,300,0.0,0.0
2015-12-08 00:00:00-05:00,5.3351521492004395,5.3351521492004395,5.3351521492004395,5.3351521492004395,100,0.0,0.0
2015-12-09 00:00:00-05:00,5.462813774392111,5.462813774392111,5.452175140380859,5.452175140380859,600,0.0,0.0
2015-12-10 00:00:00-05:00,5.490056352691925,5.490056352691925,5.402215534820465,5.42417573928833,3900,0.319,0.0
2015-12-11 00:00:00-05:00,5.4845668779964685,5.4845668779964685,5.4735870361328125,5.4735870361328125,200,0.0,0.0
2015-12-14 00:00:00-05:00,5.41868507138203,5.4626054763793945,5.41868507138203,5.4626054763793945,500,0.0,0.0
2015-12-15 00:00:00-05:00,5.479076164598552,5.479076164598552,5.451626300811768,5.451626300811768,500,0.0,0.0
2015-12-16 00:00:00-05:00,5.341824652509944,5.347314834594727,5.341824652509944,5.347314834594727,1200,0.0,0.0
2015-12-17 00:00:00-05:00,5.347314834594727,5.347314834594727,5.347314834594727,5.347314834594727,0,0.0,0.0
2015-12-18 00:00:00-05:00,5.380255503106429,5.451626300811768,5.380255503106429,5.451626300811768,1200,0.0,0.0
2015-12-21 00:00:00-05:00,5.451626300811768,5.451626300811768,5.451626300811768,5.451626300811768,700,0.0,0.0
2015-12-22 00:00:00-05:00,5.451626300811768,5.451626300811768,5.451626300811768,5.451626300811768,100,0.0,0.0
2015-12-23 00:00:00-05:00,5.446135997772217,5.446135997772217,5.446135997772217,5.446135997772217,800,0.0,0.0
2015-12-24 00:00:00-05:00,5.4351563453674325,5.4351563453674325,5.4351563453674325,5.435156345367432,100,0.0,0.0
2015-12-28 00:00:00-05:00,5.429666042327882,5.429666042327882,5.429666042327882,5.429666042327881,100,0.0,0.0
2015-12-29 00:00:00-05:00,5.429666042327882,5.429666042327882,5.429666042327882,5.429666042327881,0,0.0,0.0
2015-12-30 00:00:00-05:00,5.4131951332092285,5.4131951332092285,5.4131951332092285,5.4131951332092285,100,0.0,0.0
2015-12-31 00:00:00-05:00,5.4131951332092285,5.4131951332092285,5.4131951332092285,5.4131951332092285,0,0.0,0.0
2016-01-04 00:00:00-05:00,5.369275355206299,5.479076385498047,5.369275355206299,5.479076385498047,5300,0.0,0.0
2016-01-05 00:00:00-05:00,5.479076385498047,5.479076385498047,5.479076385498047,5.479076385498047,0,0.0,0.0
2016-01-06 00:00:00-05:00,5.468096853414664,5.4735870361328125,5.468096853414664,5.4735870361328125,1000,0.0,0.0
2016-01-07 00:00:00-05:00,5.4735870361328125,5.4735870361328125,5.4735870361328125,5.4735870361328125,0,0.0,0.0
2016-01-08 00:00:00-05:00,5.4735870361328125,5.4735870361328125,5.4735870361328125,5.4735870361328125,0,0.0,0.0
2016-01-11 00:00:00-05:00,5.435156280678414,5.4735870361328125,5.435156280678414,5.4735870361328125,2100,0.0,0.0
2016-01-12 00:00:00-05:00,5.4735870361328125,5.4735870361328125,5.4735870361328125,5.4735870361328125,0,0.0,0.0
2016-01-13 00:00:00-05:00,5.380255222320557,5.380255222320557,5.380255222320557,5.380255222320557,400,0.0,0.0
2016-01-14 00:00:00-05:00,5.380255222320557,5.380255222320557,5.380255222320557,5.380255222320557,0,0.0,0.0
2016-01-15 00:00:00-05:00,5.4351563453674325,5.4351563453674325,5.4351563453674325,5.435156345367432,300,0.0,0.0
2016-01-19 00:00:00-05:00,5.385745404220427,5.385745404220427,5.380255222320557,5.380255222320557,300,0.0,0.0
2016-01-20 00:00:00-05:00,5.468096918495739,5.468096918495739,5.4351563453674325,5.435156345367432,2500,0.0,0.0
2016-01-21 00:00:00-05:00,5.435155592852613,5.440645774875972,5.336334934295025,5.385745525360107,2100,0.0,0.0
2016-01-22 00:00:00-05:00,5.385745525360107,5.385745525360107,5.385745525360107,5.385745525360107,0,0.0,0.0
2016-01-25 00:00:00-05:00,5.385745525360107,5.385745525360107,5.385745525360107,5.385745525360107,0,0.0,0.0
2016-01-26 00:00:00-05:00,5.314374923706055,5.314374923706055,5.314374923706055,5.314374923706055,900,0.0,0.0
2016-01-27 00:00:00-05:00,5.314374923706055,5.314374923706055,5.314374923706055,5.314374923706055,0,0.0,0.0
2016-01-28 00:00:00-05:00,5.314374923706055,5.314374923706055,5.314374923706055,5.314374923706055,0,0.0,0.0
2016-01-29 00:00:00-05:00,5.314374923706055,5.314374923706055,5.314374923706055,5.314374923706055,300,0.0,0.0
2016-02-01 00:00:00-05:00,5.429666042327882,5.429666042327882,5.429666042327882,5.429666042327881,100,0.0,0.0
2016-02-02 00:00:00-05:00,5.314374681574082,5.314374681574082,5.303394317626953,5.303394317626953,600,0.0,0.0
2016-02-03 00:00:00-05:00,5.303394317626953,5.303394317626953,5.303394317626953,5.303394317626953,0,0.0,0.0
2016-02-04 00:00:00-05:00,5.303394317626953,5.303394317626953,5.303394317626953,5.303394317626953,0,0.0,0.0
2016-02-05 00:00:00-05:00,5.303394317626953,5.303394317626953,5.303394317626953,5.303394317626953,0,0.0,0.0
2016-02-08 00:00:00-05:00,5.303394317626953,5.303394317626953,5.303394317626953,5.303394317626953,0,0.0,0.0
2016-02-09 00:00:00-05:00,5.303394317626953,5.303394317626953,5.303394317626953,5.303394317626953,0,0.0,0.0
2016-02-10 00:00:00-05:00,5.3363356590271,5.3363356590271,5.3363356590271,5.3363356590271,100,0.0,0.0
2016-02-11 00:00:00-05:00,5.3363356590271,5.3363356590271,5.3363356590271,5.3363356590271,0,0.0,0.0
2016-02-12 00:00:00-05:00,5.3363356590271,5.3363356590271,5.3363356590271,5.3363356590271,0,0.0,0.0
2016-02-16 00:00:00-05:00,5.314376017562746,5.314376017562746,5.259475231170654,5.259475231170654,5300,0.0,0.0
2016-02-17 00:00:00-05:00,5.303393421824161,5.325353622436523,5.303393421824161,5.325353622436523,400,0.0,0.0
2016-02-18 00:00:00-05:00,5.413194852641948,5.42417521560205,5.3637847900390625,5.3637847900390625,2200,0.0,0.0
2016-02-19 00:00:00-05:00,5.259474735552288,5.352805749480322,5.253984552715898,5.297904968261719,15200,0.0,0.0
2016-02-22 00:00:00-05:00,5.34731497811271,5.34731497811271,5.253983974456787,5.253983974456787,700,0.0,0.0
2016-02-23 00:00:00-05:00,5.253983974456787,5.253983974456787,5.253983974456787,5.253983974456787,0,0.0,0.0
2016-02-24 00:00:00-05:00,5.253983974456787,5.253983974456787,5.253983974456787,5.253983974456787,0,0.0,0.0
2016-02-25 00:00:00-05:00,5.3528052142467635,5.3528052142467635,5.237514004073929,5.275944232940674,5000,0.0,0.0
2016-02-26 00:00:00-05:00,5.297904968261719,5.297904968261719,5.297904968261719,5.297904968261719,100,0.0,0.0
2016-02-29 00:00:00-05:00,5.243004322052002,5.243004322052002,5.243004322052002,5.243004322052002,100,0.0,0.0
2016-03-01 00:00:00-05:00,5.347314955425436,5.352805137634277,5.347314955425436,5.352805137634277,1300,0.0,0.0
2016-03-02 00:00:00-05:00,5.396725548159829,5.396725548159829,5.352805137634277,5.352805137634277,300,0.0,0.0
2016-03-03 00:00:00-05:00,5.352805137634277,5.352805137634277,5.352805137634277,5.352805137634277,0,0.0,0.0
2016-03-04 00:00:00-05:00,5.3637847900390625,5.3637847900390625,5.3637847900390625,5.3637847900390625,100,0.0,0.0
2016-03-07 00:00:00-05:00,5.3637847900390625,5.3637847900390625,5.3637847900390625,5.3637847900390625,0,0.0,0.0
2016-03-08 00:00:00-05:00,5.3528044270789605,5.369274447946589,5.3528044270789605,5.3637847900390625,800,0.0,0.0
2016-03-09 00:00:00-05:00,5.358294608559011,5.3637847900390625,5.358294608559011,5.3637847900390625,1000,0.0,0.0
2016-03-10 00:00:00-05:00,5.407707691192627,5.407707691192627,5.402217507178043,5.407707691192627,1300,0.0,0.0
2016-03-11 00:00:00-05:00,5.4077058981450685,5.4077058981450685,5.374765328552523,5.3912353515625,2300,0.0,0.0
2016-03-14 00:00:00-04:00,5.352805137634277,5.352805137634277,5.352805137634277,5.352805137634277,100,0.0,0.0
2016-03-15 00:00:00-04:00,5.358295440673827,5.358295440673827,5.358295440673827,5.358295440673828,100,0.0,0.0
2016-03-16 00:00:00-04:00,5.418685557278221,5.42417573928833,5.418685557278221,5.42417573928833,1300,0.0,0.0
2016-03-17 00:00:00-04:00,5.42417573928833,5.42417573928833,5.42417573928833,5.42417573928833,0,0.0,0.0
2016-03-18 00:00:00-04:00,5.42417573928833,5.42417573928833,5.42417573928833,5.42417573928833,1500,0.0,0.0
2016-03-21 00:00:00-04:00,5.42417573928833,5.42417573928833,5.42417573928833,5.42417573928833,0,0.0,0.0
2016-03-22 00:00:00-04:00,5.429665812274263,5.429665812274263,5.369274858520816,5.380255222320557,1100,0.0,0.0
2016-03-23 00:00:00-04:00,5.380255222320557,5.380255222320557,5.380255222320557,5.380255222320557,0,0.0,0.0
2016-03-24 00:00:00-04:00,5.380255222320557,5.380255222320557,5.380255222320557,5.380255222320557,0,0.0,0.0
2016-03-28 00:00:00-04:00,5.479075497360275,5.533976265393244,5.43515509236291,5.4626054763793945,5800,0.0,0.0
2016-03-29 00:00:00-04:00,5.473585839415,5.479075497360275,5.4626054763793945,5.4626054763793945,1500,0.0,0.0
2016-03-30 00:00:00-04:00,5.4626054763793945,5.4626054763793945,5.4626054763793945,5.4626054763793945,0,0.0,0.0
2016-03-31 00:00:00-04:00,5.522996975958355,5.522996975958355,5.446135997772217,5.446135997772217,1100,0.0,0.0
2016-04-01 00:00:00-04:00,5.418685678062905,5.429666042327882,5.418685678062905,5.429666042327881,700,0.0,0.0
2016-04-04 00:00:00-04:00,5.479075497360275,5.479075497360275,5.4626054763793945,5.4626054763793945,1500,0.0,0.0
2016-04-05 00:00:00-04:00,5.4626054763793945,5.4626054763793945,5.4626054763793945,5.4626054763793945,0,0.0,0.0
2016-04-06 00:00:00-04:00,5.3967251777648935,5.3967251777648935,5.3967251777648935,5.396725177764893,800,0.0,0.0
2016-04-07 00:00:00-04:00,5.3967251777648935,5.3967251777648935,5.3967251777648935,5.396725177764893,0,0.0,0.0
2016-04-08 00:00:00-04:00,5.3967251777648935,5.3967251777648935,5.3967251777648935,5.396725177764893,0,0.0,0.0
2016-04-11 00:00:00-04:00,5.3967251777648935,5.3967251777648935,5.3967251777648935,5.396725177764893,0,0.0,0.0
2016-04-12 00:00:00-04:00,5.3912353805475695,5.396725562771276,5.314374923706055,5.314374923706055,14800,0.0,0.0
2016-04-13 00:00:00-04:00,5.3967251777648935,5.3967251777648935,5.3967251777648935,5.396725177764893,4000,0.0,0.0
2016-04-14 00:00:00-04:00,5.3967251777648935,5.3967251777648935,5.3967251777648935,5.396725177764893,0,0.0,0.0
2016-04-15 00:00:00-04:00,5.3967251777648935,5.3967251777648935,5.3967251777648935,5.396725177764893,0,0.0,0.0
2016-04-18 00:00:00-04:00,5.3967251777648935,5.3967251777648935,5.3967251777648935,5.396725177764893,0,0.0,0.0
2016-04-19 00:00:00-04:00,5.3967251777648935,5.3967251777648935,5.3967251777648935,5.396725177764893,0,0.0,0.0
2016-04-20 00:00:00-04:00,5.3967251777648935,5.3967251777648935,5.3967251777648935,5.396725177764893,0,0.0,0.0
2016-04-21 00:00:00-04:00,5.3637847900390625,5.3637847900390625,5.3637847900390625,5.3637847900390625,100,0.0,0.0
2016-04-22 00:00:00-04:00,5.3967251777648935,5.3967251777648935,5.3967251777648935,5.396725177764893,2000,0.0,0.0
2016-04-25 00:00:00-04:00,5.3912353515625,5.418685738960856,5.3912353515625,5.3912353515625,2600,0.0,0.0
2016-04-26 00:00:00-04:00,5.3912353515625,5.3912353515625,5.3912353515625,5.3912353515625,0,0.0,0.0
2016-04-27 00:00:00-04:00,5.407707691192627,5.407707691192627,5.407707691192627,5.407707691192627,1000,0.0,0.0
2016-04-28 00:00:00-04:00,5.407707691192627,5.407707691192627,5.407707691192627,5.407707691192627,0,0.0,0.0
2016-04-29 00:00:00-04:00,5.407707691192627,5.407707691192627,5.407707691192627,5.407707691192627,0,0.0,0.0
2016-05-02 00:00:00-04:00,5.407707691192627,5.407707691192627,5.407707691192627,5.407707691192627,0,0.0,0.0
2016-05-03 00:00:00-04:00,5.407707691192627,5.407707691192627,5.407707691192627,5.407707691192627,0,0.0,0.0
2016-05-04 00:00:00-04:00,5.369275213854958,5.374765396118164,5.369275213854958,5.374765396118164,2200,0.0,0.0
2016-05-05 00:00:00-04:00,5.374765396118164,5.374765396118164,5.374765396118164,5.374765396118164,0,0.0,0.0
2016-05-06 00:00:00-04:00,5.374765396118164,5.374765396118164,5.374765396118164,5.374765396118164,0,0.0,0.0
2016-05-09 00:00:00-04:00,5.374765396118164,5.374765396118164,5.374765396118164,5.374765396118164,0,0.0,0.0
2016-05-10 00:00:00-04:00,5.380255222320557,5.380255222320557,5.380255222320557,5.380255222320557,1700,0.0,0.0
2016-05-11 00:00:00-04:00,5.3967252863379125,5.440645694732666,5.3967252863379125,5.440645694732666,1800,0.0,0.0
2016-05-12 00:00:00-04:00,5.385745404220427,5.385745404220427,5.380255222320557,5.380255222320557,1000,0.0,0.0
2016-05-13 00:00:00-04:00,5.380255222320557,5.385745404220427,5.380255222320557,5.380255222320557,1100,0.0,0.0
2016-05-16 00:00:00-04:00,5.380255222320557,5.380255222320557,5.380255222320557,5.380255222320557,0,0.0,0.0
2016-05-17 00:00:00-04:00,5.4077058981450685,5.473586513757567,5.3912353515625,5.3912353515625,1100,0.0,0.0
2016-05-18 00:00:00-04:00,5.391235298064867,5.391235298064867,5.286924455273308,5.369275093078613,2300,0.0,0.0
2016-05-19 00:00:00-04:00,5.369275093078613,5.369275093078613,5.369275093078613,5.369275093078613,0,0.0,0.0
2016-05-20 00:00:00-04:00,5.4077055414289585,5.4077055414289585,5.385745337673384,5.396725177764893,2400,0.0,0.0
2016-05-23 00:00:00-04:00,5.4131951332092285,5.4131951332092285,5.4131951332092285,5.4131951332092285,600,0.0,0.0
2016-05-24 00:00:00-04:00,5.413195549079607,5.451626300811768,5.402215708279411,5.451626300811768,2100,0.0,0.0
2016-05-25 00:00:00-04:00,5.451626300811768,5.451626300811768,5.451626300811768,5.451626300811768,0,0.0,0.0
2016-05-26 00:00:00-04:00,5.402215160250488,5.506525993347168,5.402215160250488,5.506525993347168,7200,0.0,0.0
2016-05-27 00:00:00-04:00,5.506525993347168,5.506525993347168,5.506525993347168,5.506525993347168,0,0.0,0.0
2016-05-31 00:00:00-04:00,5.440646463396563,5.4735870361328125,5.440646463396563,5.4735870361328125,200,0.0,0.0
2016-06-01 00:00:00-04:00,5.440645694732666,5.440645694732666,5.440645694732666,5.440645694732666,500,0.0,0.0
2016-06-02 00:00:00-04:00,5.440645694732666,5.440645694732666,5.440645694732666,5.440645694732666,0,0.0,0.0
2016-06-03 00:00:00-04:00,5.446135997772217,5.446135997772217,5.446135997772217,5.446135997772217,200,0.0,0.0
2016-06-06 00:00:00-04:00,5.484566332567829,5.517506902028209,5.4735864917960955,5.49005651473999,5200,0.0,0.0
2016-06-07 00:00:00-04:00,5.4735864917960955,5.49005651473999,5.462606127451773,5.49005651473999,1100,0.0,0.0
2016-06-08 00:00:00-04:00,5.512017232356115,5.550447463989258,5.512017232356115,5.550447463989258,2000,0.0,0.0
2016-06-09 00:00:00-04:00,5.4626054763793945,5.473585839415,5.4626054763793945,5.4626054763793945,2000,0.0,0.0
2016-06-10 00:00:00-04:00,5.581149293732957,5.581149293732957,5.479054927825928,5.479054927825928,7400,0.319,0.0
2016-06-13 00:00:00-04:00,5.473381808760712,5.518756953260629,5.473381808760712,5.501741409301758,3100,0.0,0.0
2016-06-14 00:00:00-04:00,5.462039049942038,5.530101776123047,5.462039049942038,5.530101776123047,5800,0.0,0.0
2016-06-15 00:00:00-04:00,5.53010225164627,5.603837013244629,5.490399126521966,5.603837013244629,2400,0.0,0.0
2016-06-16 00:00:00-04:00,5.575477174592677,5.671899509527809,5.558461627520151,5.569805145263672,56800,0.0,0.0
2016-06-17 00:00:00-04:00,5.59249272340019,5.660555452625901,5.5811492056531495,5.643539905548096,17200,0.0,0.0
2016-06-20 00:00:00-04:00,5.609508952365833,5.756977932270358,5.586821375387098,5.620852470397949,41900,0.0,0.0
2016-06-21 00:00:00-04:00,5.67189951128743,5.853400122555992,5.5811492056531495,5.643539905548096,44900,0.0,0.0
2016-06-22 00:00:00-04:00,5.615180113277902,5.745634078979492,5.5924925376229915,5.745634078979492,2500,0.0,0.0
2016-06-23 00:00:00-04:00,5.728618866732816,5.728618866732816,5.620852470397949,5.620852470397949,1900,0.0,0.0
2016-06-24 00:00:00-04:00,5.671899653828728,5.8477287810998,5.620852470397949,5.620852470397949,2800,0.0,0.0
2016-06-27 00:00:00-04:00,5.649212308672838,5.7853377761313345,5.632196760469157,5.654884338378906,7600,0.0,0.0
2016-06-28 00:00:00-04:00,5.6492123145733,5.847729027176847,5.6492123145733,5.808025360107422,2900,0.0,0.0
2016-06-29 00:00:00-04:00,5.785335500317731,5.785335500317731,5.671897655392739,5.705929279327393,4300,0.0,0.0
2016-06-30 00:00:00-04:00,5.705929279327393,5.705929279327393,5.705929279327393,5.705929279327393,0,0.0,0.0
2016-07-01 00:00:00-04:00,5.705929279327393,5.705929279327393,5.705929279327393,5.705929279327393,0,0.0,0.0
2016-07-05 00:00:00-04:00,5.671899318695068,5.671899318695068,5.671899318695068,5.671899318695068,100,0.0,0.0
2016-07-06 00:00:00-04:00,5.728619575500488,5.728619575500488,5.728619575500488,5.728619575500488,1000,0.0,0.0
2016-07-07 00:00:00-04:00,5.671899318695068,5.671899318695068,5.671899318695068,5.671899318695068,400,0.0,0.0
2016-07-08 00:00:00-04:00,5.728619575500488,5.728619575500488,5.728619575500488,5.728619575500488,2000,0.0,0.0
2016-07-11 00:00:00-04:00,5.717274188995361,5.717274188995361,5.717274188995361,5.717274188995361,200,0.0,0.0
2016-07-12 00:00:00-04:00,5.717274188995361,5.717274188995361,5.717274188995361,5.717274188995361,0,0.0,0.0
2016-07-13 00:00:00-04:00,5.7399619939063395,5.7399619939063395,5.677571296691894,5.6775712966918945,1300,0.0,0.0
2016-07-14 00:00:00-04:00,5.677571296691894,5.677571296691894,5.677571296691894,5.6775712966918945,0,0.0,0.0
2016-07-15 00:00:00-04:00,5.739962100982666,5.739962100982666,5.739962100982666,5.739962100982666,1000,0.0,0.0
2016-07-18 00:00:00-04:00,5.717273887383877,5.768321062596764,5.6832427978515625,5.6832427978515625,6800,0.0,0.0
2016-07-19 00:00:00-04:00,5.7683222339525235,5.808025360107423,5.705931529864178,5.808025360107422,7900,0.0,0.0
2016-07-20 00:00:00-04:00,5.756977983446241,5.762650012969971,5.756977983446241,5.762650012969971,400,0.0,0.0
2016-07-21 00:00:00-04:00,5.722946554318485,5.779665223503914,5.7059310076543035,5.739962100982666,3400,0.0,0.0
2016-07-22 00:00:00-04:00,5.7683215984272564,5.773993627514333,5.677571296691894,5.6775712966918945,3600,0.0,0.0
2016-07-25 00:00:00-04:00,5.734291076660157,5.734291076660157,5.734291076660157,5.734291076660156,100,0.0,0.0
2016-07-26 00:00:00-04:00,5.762649676839732,5.7739937352255035,5.717274525125599,5.739962100982666,5000,0.0,0.0
2016-07-27 00:00:00-04:00,5.717274284414575,5.779664980166092,5.717274284414575,5.773993492126465,5900,0.0,0.0
2016-07-28 00:00:00-04:00,5.773991986282388,5.779663472842904,5.700257251852565,5.705929279327393,9600,0.0,0.0
2016-07-29 00:00:00-04:00,5.717275527014191,5.751307167220693,5.70593200755507,5.734291076660156,4100,0.0,0.0
2016-08-01 00:00:00-04:00,5.700258788822778,5.773993543133825,5.700258788822778,5.768321514129639,1100,0.0,0.0
2016-08-02 00:00:00-04:00,5.711602445039891,5.773993683776749,5.711602445039891,5.745634078979492,4500,0.0,0.0
2016-08-03 00:00:00-04:00,5.717275048373638,5.808025360107423,5.700259500152185,5.808025360107422,5200,0.0,0.0
2016-08-04 00:00:00-04:00,5.7116027266086284,5.7116027266086284,5.7002592086792,5.700259208679199,2000,0.0,0.0
2016-08-05 00:00:00-04:00,5.700258833946561,5.700258833946561,5.671899229615591,5.688914775848389,4900,0.0,0.0
2016-08-08 00:00:00-04:00,5.7739937352255035,5.779665223503914,5.739962100982666,5.739962100982666,1700,0.0,0.0
2016-08-09 00:00:00-04:00,5.802353189740093,5.808025219314589,5.700259361971714,5.7569780349731445,6400,0.0,0.0
2016-08-10 00:00:00-04:00,5.7739938755832405,5.7739938755832405,5.643539905548096,5.643539905548096,7200,0.0,0.0
2016-08-11 00:00:00-04:00,5.694587935364605,5.728619575500488,5.671900355578872,5.728619575500488,1200,0.0,0.0
2016-08-12 00:00:00-04:00,5.649211415218435,5.739961712504765,5.632195869705858,5.7229461669921875,2200,0.0,0.0
2016-08-15 00:00:00-04:00,5.717274380179359,5.717274380179359,5.643539625284621,5.688914775848389,3800,0.0,0.0
2016-08-16 00:00:00-04:00,5.705931289754082,5.705931289754082,5.609508952365833,5.620852470397949,900,0.0,0.0
2016-08-17 00:00:00-04:00,5.739962487164166,5.7569780349731445,5.654884207204765,5.7569780349731445,3600,0.0,0.0
2016-08-18 00:00:00-04:00,5.717273887383877,5.751305517830606,5.6605546836107985,5.6832427978515625,1400,0.0,0.0
2016-08-19 00:00:00-04:00,5.700259651042847,5.791009965178868,5.637868404388429,5.637868404388428,3900,0.0,0.0
2016-08-22 00:00:00-04:00,5.762650686679814,5.762650686679814,5.671900367348568,5.734291076660156,1300,0.0,0.0
2016-08-23 00:00:00-04:00,5.75130668573107,5.808025360107423,5.694587470440193,5.808025360107422,2000,0.0,0.0
2016-08-24 00:00:00-04:00,5.7569780349731445,5.7569780349731445,5.7569780349731445,5.7569780349731445,700,0.0,0.0
2016-08-25 00:00:00-04:00,5.7569780349731445,5.7569780349731445,5.7569780349731445,5.7569780349731445,0,0.0,0.0
2016-08-26 00:00:00-04:00,5.773993041234935,5.859071305244549,5.711601809441102,5.853399276733398,2900,0.0,0.0
2016-08-29 00:00:00-04:00,5.870415687561035,5.9554939562850455,5.819368509960853,5.870415687561035,11700,0.0,0.0
2016-08-30 00:00:00-04:00,5.876087175472047,5.876087175472047,5.870415687561035,5.870415687561035,700,0.0,0.0
2016-08-31 00:00:00-04:00,5.92713561158378,5.955495220818206,5.9044480323791495,5.90444803237915,3100,0.0,0.0
2016-09-01 00:00:00-04:00,5.898775619369235,5.898775619369235,5.813697338104249,5.813697338104248,4700,0.0,0.0
2016-09-02 00:00:00-04:00,5.955494940212169,5.955494940212169,5.7796658039749405,5.802353382110596,12000,0.0,0.0
2016-09-06 00:00:00-04:00,5.7739943501455135,5.915791849581979,5.7739943501455135,5.864744663238525,5200,0.0,0.0
2016-09-07 00:00:00-04:00,5.8704157088190225,5.949821949005127,5.796680956564466,5.949821949005127,2600,0.0,0.0
2016-09-08 00:00:00-04:00,5.955495390781137,6.358200338841968,5.949823360589467,6.097292900085449,9500,0.0,0.0
2016-09-09 00:00:00-04:00,6.108635843202389,6.108635843202389,5.8987750918106086,5.966838359832764,2200,0.0,0.0
2016-09-12 00:00:00-04:00,6.012214196081223,6.063260841540787,6.006542166280871,6.017885684967041,1900,0.0,0.0
2016-09-13 00:00:00-04:00,6.02922964410867,6.051917222017523,5.915791754564409,5.9554948806762695,2300,0.0,0.0
2016-09-14 00:00:00-04:00,6.03490143818686,6.091620110287195,5.972510195687636,6.06893253326416,3700,0.0,0.0
2016-09-15 00:00:00-04:00,6.1426672938176505,6.1426672938176505,6.02355737921809,6.06893253326416,1400,0.0,0.0
2016-09-16 00:00:00-04:00,6.295809195124403,6.295809195124403,5.98952661779435,6.017885684967041,5100,0.0,0.0
2016-09-19 00:00:00-04:00,5.955494597670986,6.0972920880917245,5.91579147344582,6.074604511260986,8400,0.0,0.0
2016-09-20 00:00:00-04:00,5.490399778811327,6.182371240486796,5.467712198771387,6.012214660644531,7900,0.0,0.0
2016-09-21 00:00:00-04:00,6.0008705504853515,6.142668059789664,5.93280781092903,6.097292900085449,3700,0.0,0.0
2016-09-22 00:00:00-04:00,6.051917222017523,6.051917222017523,5.893104176655556,5.9554948806762695,2000,0.0,0.0
2016-09-23 00:00:00-04:00,6.068931972726058,6.068931972726058,5.847728252410889,5.847728252410889,13500,0.0,0.0
2016-09-26 00:00:00-04:00,5.87608784614034,6.0065418194429085,5.87608784614034,5.9157915115356445,3200,0.0,0.0
2016-09-27 00:00:00-04:00,5.995196986207465,6.148338516708363,5.8874311447143555,5.8874311447143555,2500,0.0,0.0
2016-09-28 00:00:00-04:00,5.864744903999687,5.989526860082429,5.864744903999687,5.90444803237915,700,0.0,0.0
2016-09-29 00:00:00-04:00,5.9044480323791495,5.9044480323791495,5.9044480323791495,5.90444803237915,0,0.0,0.0
2016-09-30 00:00:00-04:00,5.9044480323791495,5.9044480323791495,5.9044480323791495,5.90444803237915,0,0.0,0.0
2016-10-03 00:00:00-04:00,5.955494301524247,5.966838359832765,5.955494301524247,5.966838359832764,700,0.0,0.0
2016-10-04 00:00:00-04:00,5.972510428879277,5.972510428879277,5.955494880676269,5.9554948806762695,300,0.0,0.0
2016-10-05 00:00:00-04:00,5.955494880676269,5.955494880676269,5.955494880676269,5.9554948806762695,0,0.0,0.0
2016-10-06 00:00:00-04:00,5.955494880676269,5.955494880676269,5.955494880676269,5.9554948806762695,0,0.0,0.0
2016-10-07 00:00:00-04:00,5.955494880676269,5.955494880676269,5.955494880676269,5.9554948806762695,0,0.0,0.0
2016-10-10 00:00:00-04:00,5.955494880676269,5.955494880676269,5.955494880676269,5.9554948806762695,0,0.0,0.0
2016-10-11 00:00:00-04:00,5.955495481389784,6.080277442932129,5.955495481389784,6.080277442932129,300,0.0,0.0
2016-10-12 00:00:00-04:00,5.89310359954834,5.89310359954834,5.89310359954834,5.89310359954834,300,0.0,0.0
2016-10-13 00:00:00-04:00,5.8817596435546875,5.8817596435546875,5.8817596435546875,5.8817596435546875,100,0.0,0.0
2016-10-14 00:00:00-04:00,5.8874311447143555,5.8874311447143555,5.8874311447143555,5.8874311447143555,100,0.0,0.0
2016-10-17 00:00:00-04:00,5.88175887837474,5.88175887837474,5.853399276733398,5.853399276733398,500,0.0,0.0
2016-10-18 00:00:00-04:00,5.927135029566802,6.17102688775345,5.915791511535645,5.9157915115356445,1000,0.0,0.0
2016-10-19 00:00:00-04:00,5.864744663238525,6.091620445971056,5.864744663238525,5.864744663238525,2800,0.0,0.0
2016-10-20 00:00:00-04:00,5.864744663238525,5.864744663238525,5.864744663238525,5.864744663238525,0,0.0,0.0
2016-10-21 00:00:00-04:00,5.864744663238525,5.864744663238525,5.864744663238525,5.864744663238525,0,0.0,0.0
2016-10-24 00:00:00-04:00,5.898776054382324,5.898776054382324,5.898776054382324,5.898776054382324,300,0.0,0.0
2016-10-25 00:00:00-04:00,5.898776054382324,5.898776054382324,5.898776054382324,5.898776054382324,0,0.0,0.0
2016-10-26 00:00:00-04:00,5.853400603644633,5.864744663238525,5.853400603644633,5.864744663238525,2000,0.0,0.0
2016-10-27 00:00:00-04:00,5.938478081657423,5.938478081657423,5.853399276733398,5.853399276733398,200,0.0,0.0
2016-10-28 00:00:00-04:00,5.853399276733398,5.853399276733398,5.853399276733398,5.853399276733398,0,0.0,0.0
2016-10-31 00:00:00-04:00,5.853399513187123,5.8874311447143555,5.853399513187123,5.8874311447143555,500,0.0,0.0
2016-11-01 00:00:00-04:00,5.8874311447143555,5.8874311447143555,5.8874311447143555,5.8874311447143555,0,0.0,0.0
2016-11-02 00:00:00-04:00,5.887431957919496,5.887431957919496,5.756977983446241,5.762650012969971,21900,0.0,0.0
2016-11-03 00:00:00-04:00,5.7342904946769035,5.819369316101074,5.7342904946769035,5.819369316101074,12800,0.0,0.0
2016-11-04 00:00:00-04:00,5.819369316101074,5.819369316101074,5.819369316101074,5.819369316101074,0,0.0,0.0
2016-11-07 00:00:00-05:00,5.819369316101074,5.825041345712256,5.819369316101074,5.819369316101074,1200,0.0,0.0
2016-11-08 00:00:00-05:00,5.802353382110596,5.802353382110596,5.802353382110596,5.802353382110596,500,0.0,0.0
2016-11-09 00:00:00-05:00,5.785336494445801,5.785336494445801,5.785336494445801,5.785336494445801,1000,0.0,0.0
2016-11-10 00:00:00-05:00,5.756978644546727,5.756978644546727,5.728619575500488,5.728619575500488,6200,0.0,0.0
2016-11-11 00:00:00-05:00,5.728619575500488,5.728619575500488,5.728619575500488,5.728619575500488,400,0.0,0.0
2016-11-14 00:00:00-05:00,5.72861858351137,5.739962100982666,5.72861858351137,5.739962100982666,3400,0.0,0.0
2016-11-15 00:00:00-05:00,5.734291076660157,5.734291076660157,5.63219723786979,5.734291076660156,2300,0.0,0.0
2016-11-16 00:00:00-05:00,5.734290748386585,5.734290748386585,5.632196915440832,5.637868404388428,1900,0.0,0.0
2016-11-17 00:00:00-05:00,5.637868404388429,5.637868404388429,5.637868404388429,5.637868404388428,0,0.0,0.0
2016-11-18 00:00:00-05:00,5.643539466418834,5.643539466418834,5.632195949554443,5.632195949554443,2500,0.0,0.0
2016-11-21 00:00:00-05:00,5.649212321016177,5.660555839538574,5.592493105660611,5.660555839538574,7900,0.0,0.0
2016-11-22 00:00:00-05:00,5.660555839538574,5.660555839538574,5.660555839538574,5.660555839538574,700,0.0,0.0
2016-11-23 00:00:00-05:00,5.660555839538574,5.660555839538574,5.660555839538574,5.660555839538574,0,0.0,0.0
2016-11-25 00:00:00-05:00,5.660555839538574,5.660555839538574,5.660555839538574,5.660555839538574,0,0.0,0.0
2016-11-28 00:00:00-05:00,5.632196772775317,5.660555839538574,5.632196772775317,5.660555839538574,3200,0.0,0.0
2016-11-29 00:00:00-05:00,5.660555839538574,5.660555839538574,5.660555839538574,5.660555839538574,200,0.0,0.0
2016-11-30 00:00:00-05:00,5.660555839538574,5.660555839538574,5.660555839538574,5.660555839538574,200,0.0,0.0
2016-12-01 00:00:00-05:00,5.65488405458736,5.65488405458736,5.626524448394775,5.626524448394775,3400,0.0,0.0
2016-12-02 00:00:00-05:00,5.598165123147271,5.654884338378907,5.5924930934412025,5.654884338378906,3800,0.0,0.0
2016-12-05 00:00:00-05:00,5.660555827170451,5.660555827170451,5.654884338378907,5.654884338378906,700,0.0,0.0
2016-12-06 00:00:00-05:00,5.660555450869799,5.660555450869799,5.569805145263672,5.569805145263672,4500,0.0,0.0
2016-12-07 00:00:00-05:00,5.5811490161422626,5.671899318695068,5.5811490161422626,5.671899318695068,2500,0.0,0.0
2016-12-08 00:00:00-05:00,5.671899318695068,5.671899318695068,5.671899318695068,5.671899318695068,0,0.0,0.0
2016-12-09 00:00:00-05:00,5.70593114635753,5.70593114635753,5.643539905548096,5.643539905548096,800,0.0,0.0
2016-12-12 00:00:00-05:00,5.830466270446777,5.830466270446777,5.830466270446777,5.830466270446777,0,0.319,0.0
2016-12-13 00:00:00-05:00,5.830467017468025,5.830467017468025,5.625375544200495,5.777729034423828,13400,0.0,0.0
2016-12-14 00:00:00-05:00,5.777729034423828,5.777729034423828,5.777729034423828,5.777729034423828,0,0.0,0.0
2016-12-15 00:00:00-05:00,5.777729034423828,5.777729034423828,5.777729034423828,5.777729034423828,0,0.0,0.0
2016-12-16 00:00:00-05:00,5.707412214947695,5.707412214947695,5.613656044006348,5.613656044006348,2200,0.0,0.0
2016-12-19 00:00:00-05:00,5.62537505299407,5.672253131866455,5.613655253860583,5.672253131866455,700,0.0,0.0
2016-12-20 00:00:00-05:00,5.672253131866455,5.672253131866455,5.672253131866455,5.672253131866455,0,0.0,0.0
2016-12-21 00:00:00-05:00,5.672253131866455,5.672253131866455,5.672253131866455,5.672253131866455,0,0.0,0.0
2016-12-22 00:00:00-05:00,5.672253131866455,5.672253131866455,5.672253131866455,5.672253131866455,0,0.0,0.0
2016-12-23 00:00:00-05:00,5.683971405029297,5.689831303598965,5.6312334355636455,5.683971405029297,2100,0.0,0.0
2016-12-27 00:00:00-05:00,5.683971405029297,5.683971405029297,5.683971405029297,5.683971405029297,2200,0.0,0.0
2016-12-28 00:00:00-05:00,5.683971405029297,5.683971405029297,5.683971405029297,5.683971405029297,400,0.0,0.0
2016-12-29 00:00:00-05:00,5.742570135710225,5.7953081130981445,5.742570135710225,5.7953081130981445,500,0.0,0.0
2016-12-30 00:00:00-05:00,5.7953081130981445,5.7953081130981445,5.7953081130981445,5.7953081130981445,0,0.0,0.0
2017-01-03 00:00:00-05:00,5.801167964935303,5.801167964935303,5.801167964935303,5.801167964935303,500,0.0,0.0
2017-01-04 00:00:00-05:00,5.701551900830909,5.801167964935303,5.625375436591848,5.801167964935303,2900,0.0,0.0
2017-01-05 00:00:00-05:00,5.648813724517822,5.6722527624274095,5.648813724517822,5.648813724517822,1600,0.0,0.0
2017-01-06 00:00:00-05:00,5.707411289215088,5.707411289215088,5.707411289215088,5.707411289215088,400,0.0,0.0
2017-01-09 00:00:00-05:00,5.707411289215088,5.707411289215088,5.707411289215088,5.707411289215088,0,0.0,0.0
2017-01-10 00:00:00-05:00,5.707411289215088,5.707411289215088,5.707411289215088,5.707411289215088,0,0.0,0.0
2017-01-11 00:00:00-05:00,5.707411086831872,5.78358810037243,5.707411086831872,5.742569923400879,1600,0.0,0.0
2017-01-12 00:00:00-05:00,5.766010284423829,5.766010284423829,5.7601503838460735,5.766010284423828,900,0.0,0.0
2017-01-13 00:00:00-05:00,5.766010284423829,5.766010284423829,5.766010284423829,5.766010284423828,0,0.0,0.0
2017-01-17 00:00:00-05:00,5.777729034423828,5.777729034423828,5.777729034423828,5.777729034423828,1400,0.0,0.0
2017-01-18 00:00:00-05:00,5.777729034423828,5.777729034423828,5.777729034423828,5.777729034423828,0,0.0,0.0
2017-01-19 00:00:00-05:00,5.81288776486797,5.81288776486797,5.801167964935303,5.801167964935303,800,0.0,0.0
2017-01-20 00:00:00-05:00,5.801167964935303,5.801167964935303,5.801167964935303,5.801167964935303,400,0.0,0.0
2017-01-23 00:00:00-05:00,5.801167964935303,5.801167964935303,5.801167964935303,5.801167964935303,200,0.0,0.0
2017-01-24 00:00:00-05:00,5.812887668609619,5.812887668609619,5.812887668609619,5.812887668609619,500,0.0,0.0
2017-01-25 00:00:00-05:00,5.812888786083426,5.812888786083426,5.783589839935303,5.783589839935303,1900,0.0,0.0
2017-01-26 00:00:00-05:00,5.771869804486664,5.771869804486664,5.7542901039123535,5.7542901039123535,2100,0.0,0.0
2017-01-27 00:00:00-05:00,5.713270664215088,5.713270664215088,5.713270664215088,5.713270664215088,200,0.0,0.0
2017-01-30 00:00:00-05:00,5.7718706130981445,5.7718706130981445,5.7718706130981445,5.7718706130981445,300,0.0,0.0
2017-01-31 00:00:00-05:00,5.789448261260987,5.789448261260987,5.789448261260987,5.789448261260986,2000,0.0,0.0
2017-02-01 00:00:00-05:00,5.789448261260987,5.789448261260987,5.789448261260987,5.789448261260986,0,0.0,0.0
2017-02-02 00:00:00-05:00,5.836326014937458,5.85976505279541,5.836326014937458,5.85976505279541,600,0.0,0.0
2017-02-03 00:00:00-05:00,5.836327027606477,5.84218692779541,5.736710959717977,5.84218692779541,1700,0.0,0.0
2017-02-06 00:00:00-05:00,5.842187748753957,5.842187748753957,5.7718706130981445,5.7718706130981445,200,0.0,0.0
2017-02-07 00:00:00-05:00,5.777728462264723,5.789448261260987,5.777728462264723,5.789448261260986,1200,0.0,0.0
2017-02-08 00:00:00-05:00,5.853905153623237,5.85976505279541,5.853905153623237,5.85976505279541,2100,0.0,0.0
2017-02-09 00:00:00-05:00,5.812887668609619,5.8187475684789165,5.807027768740323,5.812887668609619,400,0.0,0.0
2017-02-10 00:00:00-05:00,5.812887668609619,5.812887668609619,5.812887668609619,5.812887668609619,0,0.0,0.0
2017-02-13 00:00:00-05:00,5.812887668609619,5.812887668609619,5.812887668609619,5.812887668609619,0,0.0,0.0
2017-02-14 00:00:00-05:00,5.812887668609619,5.812887668609619,5.812887668609619,5.812887668609619,0,0.0,0.0
2017-02-15 00:00:00-05:00,5.824606957694945,5.853905898452961,5.807027816772461,5.807027816772461,1800,0.0,0.0
2017-02-16 00:00:00-05:00,5.807027816772461,5.807027816772461,5.807027816772461,5.807027816772461,0,0.0,0.0
2017-02-17 00:00:00-05:00,5.807027816772461,5.807027816772461,5.807027816772461,5.807027816772461,0,0.0,0.0
2017-02-21 00:00:00-05:00,5.812887668609619,5.812887668609619,5.812887668609619,5.812887668609619,500,0.0,0.0
2017-02-22 00:00:00-05:00,5.84218648504421,5.848045825958251,5.83632658529937,5.848045825958252,2000,0.0,0.0
2017-02-23 00:00:00-05:00,5.912503242492676,5.912503242492676,5.912503242492676,5.912503242492676,200,0.0,0.0
2017-02-24 00:00:00-05:00,5.912503242492676,5.912503242492676,5.912503242492676,5.912503242492676,0,0.0,0.0
2017-02-27 00:00:00-05:00,5.912503242492676,5.912503242492676,5.912503242492676,5.912503242492676,0,0.0,0.0
2017-02-28 00:00:00-05:00,5.912503242492676,5.912503242492676,5.912503242492676,5.912503242492676,0,0.0,0.0
2017-03-01 00:00:00-05:00,5.894924455552595,5.947661876678467,5.894924455552595,5.947661876678467,1400,0.0,0.0
2017-03-02 00:00:00-05:00,5.947661876678467,5.947661876678467,5.947661876678467,5.947661876678467,0,0.0,0.0
2017-03-03 00:00:00-05:00,5.894922733306885,5.894922733306885,5.894922733306885,5.894922733306885,400,0.0,0.0
2017-03-06 00:00:00-05:00,5.91836404800415,5.91836404800415,5.91836404800415,5.91836404800415,300,0.0,0.0
2017-03-07 00:00:00-05:00,5.853905153737413,5.959381103515626,5.84218591422358,5.959381103515625,2900,0.0,0.0
2017-03-08 00:00:00-05:00,5.84218692779541,5.84218692779541,5.84218692779541,5.84218692779541,600,0.0,0.0
2017-03-09 00:00:00-05:00,5.84218692779541,5.84218692779541,5.84218692779541,5.84218692779541,0,0.0,0.0
2017-03-10 00:00:00-05:00,5.84218692779541,5.84218692779541,5.84218692779541,5.84218692779541,0,0.0,0.0
2017-03-13 00:00:00-04:00,5.84218692779541,5.84218692779541,5.84218692779541,5.84218692779541,0,0.0,0.0
2017-03-14 00:00:00-04:00,5.85976505279541,5.85976505279541,5.85976505279541,5.85976505279541,100,0.0,0.0
2017-03-15 00:00:00-04:00,5.85976505279541,5.85976505279541,5.85976505279541,5.85976505279541,700,0.0,0.0
2017-03-16 00:00:00-04:00,5.812887668609619,5.812887668609619,5.812887668609619,5.812887668609619,100,0.0,0.0
2017-03-17 00:00:00-04:00,5.812887252617195,5.812887252617195,5.7953081130981445,5.7953081130981445,3000,0.0,0.0
2017-03-20 00:00:00-04:00,5.7953081130981445,5.7953081130981445,5.7953081130981445,5.7953081130981445,0,0.0,0.0
2017-03-21 00:00:00-04:00,5.865625123493144,5.918363099923412,5.701551294858808,5.719130992889404,3600,0.0,0.0
2017-03-22 00:00:00-04:00,5.830466270446777,5.830466270446777,5.830466270446777,5.830466270446777,100,0.0,0.0
2017-03-23 00:00:00-04:00,5.830466270446777,5.830466270446777,5.830466270446777,5.830466270446777,0,0.0,0.0
2017-03-24 00:00:00-04:00,5.830466270446777,5.830466270446777,5.830466270446777,5.830466270446777,0,0.0,0.0
2017-03-27 00:00:00-04:00,5.830466270446777,5.830466270446777,5.830466270446777,5.830466270446777,0,0.0,0.0
2017-03-28 00:00:00-04:00,5.724989891052246,5.724989891052246,5.724989891052246,5.724989891052246,600,0.0,0.0
2017-03-29 00:00:00-04:00,5.842185063274108,5.842185063274108,5.724989891052246,5.724989891052246,1800,0.0,0.0
2017-03-30 00:00:00-04:00,5.724989891052246,5.724989891052246,5.724989891052246,5.724989891052246,0,0.0,0.0
2017-03-31 00:00:00-04:00,5.724992522660937,5.7718706130981445,5.724992522660937,5.7718706130981445,2800,0.0,0.0
2017-04-03 00:00:00-04:00,5.85976689296018,5.85976689296018,5.7718706130981445,5.7718706130981445,1700,0.0,0.0
2017-04-04 00:00:00-04:00,5.771869582765273,5.801167964935303,5.7660096827989396,5.801167964935303,2000,0.0,0.0
2017-04-05 00:00:00-04:00,5.789448261260987,5.789448261260987,5.789448261260987,5.789448261260986,300,0.0,0.0
2017-04-06 00:00:00-04:00,5.760149002075194,5.760149002075194,5.760149002075194,5.760149002075195,100,0.0,0.0
2017-04-07 00:00:00-04:00,5.812886130510977,5.812886130510977,5.719129992733487,5.724989891052246,1400,0.0,0.0
2017-04-10 00:00:00-04:00,5.724989891052246,5.724989891052246,5.724989891052246,5.724989891052246,0,0.0,0.0
2017-04-11 00:00:00-04:00,5.742569923400879,5.742569923400879,5.742569923400879,5.742569923400879,100,0.0,0.0
2017-04-12 00:00:00-04:00,5.760149002075194,5.760149002075194,5.760149002075194,5.760149002075195,300,0.0,0.0
2017-04-13 00:00:00-04:00,5.71913056311827,5.724990462021452,5.689831627433075,5.713270664215088,1300,0.0,0.0
2017-04-17 00:00:00-04:00,5.713270664215088,5.713270664215088,5.683971728529892,5.713270664215088,10200,0.0,0.0
2017-04-18 00:00:00-04:00,5.766010284423829,5.766010284423829,5.766010284423829,5.766010284423828,100,0.0,0.0
2017-04-19 00:00:00-04:00,5.766010284423829,5.766010284423829,5.766010284423829,5.766010284423828,0,0.0,0.0
2017-04-20 00:00:00-04:00,5.789448213648205,5.801167453717315,5.783588314198265,5.7953081130981445,3100,0.0,0.0
2017-04-21 00:00:00-04:00,5.801167501426477,5.801167501426477,5.789448261260987,5.789448261260986,1200,0.0,0.0
2017-04-24 00:00:00-04:00,5.789448723833455,5.801167964935303,5.683972759762727,5.801167964935303,6700,0.0,0.0
2017-04-25 00:00:00-04:00,5.795308623799788,5.801167964935303,5.795308623799788,5.801167964935303,1600,0.0,0.0
2017-04-26 00:00:00-04:00,5.8011689840918095,5.8011689840918095,5.70155290248674,5.783589839935303,2500,0.0,0.0
2017-04-27 00:00:00-04:00,5.71913131255068,5.748430252075195,5.713271412879619,5.748430252075195,1200,0.0,0.0
2017-04-28 00:00:00-04:00,5.742570182937479,5.789448261260987,5.742570182937479,5.789448261260986,1700,0.0,0.0
2017-05-01 00:00:00-04:00,5.748430252075195,5.748430252075195,5.748430252075195,5.748430252075195,500,0.0,0.0
2017-05-02 00:00:00-04:00,5.742569863389772,5.7718688004193055,5.713270926360237,5.760149002075195,10300,0.0,0.0
2017-05-03 00:00:00-04:00,5.760149002075194,5.760149002075194,5.760149002075194,5.760149002075195,0,0.0,0.0
2017-05-04 00:00:00-04:00,5.760149782832606,5.801167964935303,5.760149782832606,5.801167964935303,5100,0.0,0.0
2017-05-05 00:00:00-04:00,5.801167501426477,5.801167501426477,5.777728462264723,5.789448261260986,2400,0.0,0.0
2017-05-08 00:00:00-04:00,5.8011682157791915,6.0707174787469,5.8011682157791915,5.935943126678467,3900,0.0,0.0
2017-05-09 00:00:00-04:00,5.848045825958251,5.848045825958251,5.848045825958251,5.848045825958252,1300,0.0,0.0
2017-05-10 00:00:00-04:00,5.848045825958251,5.848045825958251,5.848045825958251,5.848045825958252,0,0.0,0.0
2017-05-11 00:00:00-04:00,5.859765846937001,5.994540193177759,5.801167964935303,5.801167964935303,2100,0.0,0.0
2017-05-12 00:00:00-04:00,5.801167964935303,5.801167964935303,5.801167964935303,5.801167964935303,0,0.0,0.0
2017-05-15 00:00:00-04:00,5.801167964935303,5.801167964935303,5.801167964935303,5.801167964935303,0,0.0,0.0
2017-05-16 00:00:00-04:00,5.818748011480645,5.92422342300415,5.807028210849782,5.92422342300415,1900,0.0,0.0
2017-05-17 00:00:00-04:00,5.812886667911955,5.818746566772461,5.812886667911955,5.818746566772461,1000,0.0,0.0
2017-05-18 00:00:00-04:00,5.830466317985033,5.836326217360448,5.818747078064968,5.824606418609619,1000,0.0,0.0
2017-05-19 00:00:00-04:00,5.818747078064968,5.824606418609619,5.818747078064968,5.824606418609619,1000,0.0,0.0
2017-05-22 00:00:00-04:00,5.824606216593111,5.930082166369266,5.812886977079507,5.85976505279541,2300,0.0,0.0
2017-05-23 00:00:00-04:00,5.85976505279541,5.85976505279541,5.85976505279541,5.85976505279541,0,0.0,0.0
2017-05-24 00:00:00-04:00,5.85976505279541,5.85976505279541,5.85976505279541,5.85976505279541,0,0.0,0.0
2017-05-25 00:00:00-04:00,5.81874687625168,5.85976505279541,5.81874687625168,5.85976505279541,500,0.0,0.0
2017-05-26 00:00:00-04:00,5.85976505279541,5.85976505279541,5.85976505279541,5.85976505279541,0,0.0,0.0
2017-05-30 00:00:00-04:00,5.912503242492676,5.912503242492676,5.912503242492676,5.912503242492676,600,0.0,0.0
2017-05-31 00:00:00-04:00,5.912503657445954,5.93008279800415,5.848045877347894,5.93008279800415,1700,0.0,0.0
2017-06-01 00:00:00-04:00,5.8656243810307735,5.906642553581956,5.8656243810307735,5.871484279632568,1200,0.0,0.0
2017-06-02 00:00:00-04:00,5.889063882372137,5.89492378143739,5.883203983306885,5.883203983306885,2600,0.0,0.0
2017-06-05 00:00:00-04:00,5.912503242492676,5.912503242492676,5.912503242492676,5.912503242492676,200,0.0,0.0
2017-06-06 00:00:00-04:00,5.883203983306885,5.883203983306885,5.883203983306885,5.883203983306885,2500,0.0,0.0
2017-06-07 00:00:00-04:00,5.947661876678467,5.947661876678467,5.941802535773902,5.947661876678467,1000,0.0,0.0
2017-06-08 00:00:00-04:00,5.947661876678467,5.947661876678467,5.947661876678467,5.947661876678467,0,0.0,0.0
2017-06-09 00:00:00-04:00,5.930082166484929,5.959381103515626,5.930082166484929,5.959381103515625,2500,0.0,0.0
2017-06-12 00:00:00-04:00,6.019272303699816,6.037420702217747,5.976925848182248,6.001123905181885,6300,0.319,0.0
2017-06-13 00:00:00-04:00,6.001123905181885,6.001123905181885,6.001123905181885,6.001123905181885,0,0.0,0.0
2017-06-14 00:00:00-04:00,6.013222167609653,6.0253214836120605,6.013222167609653,6.0253214836120605,3800,0.0,0.0
2017-06-15 00:00:00-04:00,5.898281057320339,6.007172584533691,5.898281057320339,6.007172584533691,600,0.0,0.0
2017-06-16 00:00:00-04:00,6.049519588930039,6.049519588930039,6.0192718755999595,6.037420272827148,1700,0.0,0.0
2017-06-19 00:00:00-04:00,6.049519062042236,6.097915168384407,6.049519062042236,6.049519062042236,1900,0.0,0.0
2017-06-20 00:00:00-04:00,6.055568742104044,6.0676674802710675,6.019271373748779,6.019271373748779,3000,0.0,0.0
2017-06-21 00:00:00-04:00,6.019271373748779,6.019271373748779,6.019271373748779,6.019271373748779,0,0.0,0.0
2017-06-22 00:00:00-04:00,5.989023662940575,6.019271373748779,5.989023662940575,6.019271373748779,2600,0.0,0.0
2017-06-23 00:00:00-04:00,6.061618377091327,6.128162879080038,6.049519062042236,6.049519062042236,6200,0.0,0.0
2017-06-26 00:00:00-04:00,6.049519035367542,6.061618350363282,6.031370639801025,6.031370639801025,1800,0.0,0.0
2017-06-27 00:00:00-04:00,6.043469429016113,6.043469429016113,6.043469429016113,6.043469429016113,100,0.0,0.0
2017-06-28 00:00:00-04:00,6.025321533651405,6.043469930878594,6.025321533651405,6.037420272827148,1000,0.0,0.0
2017-06-29 00:00:00-04:00,6.037420272827149,6.037420272827149,6.037420272827149,6.037420272827148,0,0.0,0.0
2017-06-30 00:00:00-04:00,6.037420272827149,6.037420272827149,6.037420272827149,6.037420272827148,0,0.0,0.0
2017-07-03 00:00:00-04:00,6.037420272827149,6.037420272827149,6.037420272827149,6.037420272827148,0,0.0,0.0
2017-07-05 00:00:00-04:00,6.013222167609653,6.0253214836120605,6.013222167609653,6.0253214836120605,800,0.0,0.0
2017-07-06 00:00:00-04:00,6.0253214836120605,6.0253214836120605,6.0253214836120605,6.0253214836120605,0,0.0,0.0
2017-07-07 00:00:00-04:00,6.0253214836120605,6.0253214836120605,6.0253214836120605,6.0253214836120605,0,0.0,0.0
2017-07-10 00:00:00-04:00,6.0253214836120605,6.0253214836120605,6.0253214836120605,6.0253214836120605,200,0.0,0.0
2017-07-11 00:00:00-04:00,6.0253214836120605,6.0253214836120605,6.0253214836120605,6.0253214836120605,0,0.0,0.0
2017-07-12 00:00:00-04:00,6.0253214836120605,6.0253214836120605,6.0253214836120605,6.0253214836120605,0,0.0,0.0
2017-07-13 00:00:00-04:00,6.0253214836120605,6.0253214836120605,6.0253214836120605,6.0253214836120605,0,0.0,0.0
2017-07-14 00:00:00-04:00,6.0253214836120605,6.0253214836120605,6.0253214836120605,6.0253214836120605,0,0.0,0.0
2017-07-17 00:00:00-04:00,6.0253214836120605,6.0253214836120605,6.0253214836120605,6.0253214836120605,0,0.0,0.0
2017-07-18 00:00:00-04:00,6.0253214836120605,6.0253214836120605,6.0253214836120605,6.0253214836120605,0,0.0,0.0
2017-07-19 00:00:00-04:00,6.0253214836120605,6.0253214836120605,6.0253214836120605,6.0253214836120605,0,0.0,0.0
2017-07-20 00:00:00-04:00,6.0253214836120605,6.0253214836120605,6.0253214836120605,6.0253214836120605,500,0.0,0.0
2017-07-21 00:00:00-04:00,6.0253214836120605,6.0253214836120605,6.0253214836120605,6.0253214836120605,0,0.0,0.0
2017-07-24 00:00:00-04:00,6.0253214836120605,6.0253214836120605,6.0253214836120605,6.0253214836120605,0,0.0,0.0
2017-07-25 00:00:00-04:00,6.097915172576905,6.097915172576905,6.097915172576905,6.097915172576904,100,0.0,0.0
2017-07-26 00:00:00-04:00,6.043469427009923,6.049519084556984,6.019271373748779,6.019271373748779,6100,0.0,0.0
2017-07-27 00:00:00-04:00,6.019271373748779,6.019271373748779,6.019271373748779,6.019271373748779,0,0.0,0.0
2017-07-28 00:00:00-04:00,6.049519035367542,6.049519035367542,6.031370639801025,6.031370639801025,600,0.0,0.0
2017-07-31 00:00:00-04:00,6.031370639801025,6.031370639801025,6.031370639801025,6.031370639801025,0,0.0,0.0
2017-08-01 00:00:00-04:00,6.031370639801025,6.031370639801025,6.031370639801025,6.031370639801025,0,0.0,0.0
2017-08-02 00:00:00-04:00,6.031370639801025,6.031370639801025,6.031370639801025,6.031370639801025,0,0.0,0.0
2017-08-03 00:00:00-04:00,6.031370639801025,6.031370639801025,6.031370639801025,6.031370639801025,0,0.0,0.0
2017-08-04 00:00:00-04:00,6.031370639801025,6.031370639801025,6.031370639801025,6.031370639801025,0,0.0,0.0
2017-08-07 00:00:00-04:00,6.110014487634314,6.116063568235923,6.04951906620146,6.097915172576904,1800,0.0,0.0
2017-08-08 00:00:00-04:00,6.097915172576905,6.097915172576905,6.097915172576905,6.097915172576904,0,0.0,0.0
2017-08-09 00:00:00-04:00,6.097915172576905,6.097915172576905,6.097915172576905,6.097915172576904,0,0.0,0.0
2017-08-10 00:00:00-04:00,6.097915172576905,6.097915172576905,6.097915172576905,6.097915172576904,0,0.0,0.0
2017-08-11 00:00:00-04:00,6.097915172576905,6.097915172576905,6.097915172576905,6.097915172576904,0,0.0,0.0
2017-08-14 00:00:00-04:00,6.055568695068359,6.055568695068359,6.055568695068359,6.055568695068359,900,0.0,0.0
2017-08-15 00:00:00-04:00,6.055569148881731,6.1826090812683105,6.055569148881731,6.1826090812683105,1200,0.0,0.0
2017-08-16 00:00:00-04:00,6.06161788339719,6.103964328765869,6.055568226365365,6.103964328765869,600,0.0,0.0
2017-08-17 00:00:00-04:00,6.103964328765869,6.103964328765869,6.103964328765869,6.103964328765869,0,0.0,0.0
2017-08-18 00:00:00-04:00,6.103964328765869,6.103964328765869,6.103964328765869,6.103964328765869,0,0.0,0.0
2017-08-21 00:00:00-04:00,6.103964328765869,6.103964328765869,6.103964328765869,6.103964328765869,0,0.0,0.0
2017-08-22 00:00:00-04:00,6.055568695068359,6.055568695068359,6.055568695068359,6.055568695068359,500,0.0,0.0
2017-08-23 00:00:00-04:00,6.055568695068359,6.055568695068359,6.055568695068359,6.055568695068359,200,0.0,0.0
2017-08-24 00:00:00-04:00,6.140262126922607,6.140262126922607,6.140262126922607,6.140262126922607,100,0.0,0.0
2017-08-25 00:00:00-04:00,6.055569221994784,6.0676679611206055,6.055569221994784,6.0676679611206055,1900,0.0,0.0
2017-08-28 00:00:00-04:00,6.1100139857976945,6.1100139857976945,6.103964328765869,6.103964328765869,2800,0.0,0.0
2017-08-29 00:00:00-04:00,6.055568695068359,6.055568695068359,6.055568695068359,6.055568695068359,1100,0.0,0.0
2017-08-30 00:00:00-04:00,6.079765820211991,6.079765820211991,6.061617427408787,6.073716163635254,1100,0.0,0.0
2017-08-31 00:00:00-04:00,6.073716163635255,6.073716163635255,6.073716163635255,6.073716163635254,0,0.0,0.0
2017-09-01 00:00:00-04:00,6.079767227172851,6.079767227172851,6.079767227172851,6.079767227172852,100,0.0,0.0
2017-09-05 00:00:00-04:00,6.1100144386291495,6.1100144386291495,6.1100144386291495,6.11001443862915,100,0.0,0.0
2017-09-06 00:00:00-04:00,6.1100144386291495,6.1100144386291495,6.1100144386291495,6.11001443862915,100,0.0,0.0
2017-09-07 00:00:00-04:00,6.1100144386291495,6.1100144386291495,6.1100144386291495,6.11001443862915,0,0.0,0.0
2017-09-08 00:00:00-04:00,6.1100144386291495,6.1100144386291495,6.1100144386291495,6.11001443862915,0,0.0,0.0
2017-09-11 00:00:00-04:00,6.110014458714809,6.110014458714809,6.055568695068359,6.055568695068359,2100,0.0,0.0
2017-09-12 00:00:00-04:00,6.140262126922607,6.140262126922607,6.140262126922607,6.140262126922607,100,0.0,0.0
2017-09-13 00:00:00-04:00,6.134211521925395,6.134211521925395,6.061617374420166,6.061617374420166,500,0.0,0.0
2017-09-14 00:00:00-04:00,6.134212970733643,6.134212970733643,6.134212970733643,6.134212970733643,2500,0.0,0.0
2017-09-15 00:00:00-04:00,6.055568695068359,6.055568695068359,6.055568695068359,6.055568695068359,500,0.0,0.0
2017-09-18 00:00:00-04:00,6.055568695068359,6.055568695068359,6.055568695068359,6.055568695068359,0,0.0,0.0
2017-09-19 00:00:00-04:00,6.055568695068359,6.055568695068359,6.055568695068359,6.055568695068359,600,0.0,0.0
2017-09-20 00:00:00-04:00,6.055568695068359,6.055568695068359,6.055568695068359,6.055568695068359,0,0.0,0.0
2017-09-21 00:00:00-04:00,6.079767203013704,6.134212970733643,6.079767203013704,6.134212970733643,300,0.0,0.0
2017-09-22 00:00:00-04:00,6.079767227172851,6.079767227172851,6.079767227172851,6.079767227172852,100,0.0,0.0
2017-09-25 00:00:00-04:00,6.134212995109141,6.134212995109141,6.079767227172851,6.079767227172852,1500,0.0,0.0
2017-09-26 00:00:00-04:00,6.079767203013704,6.134212970733643,6.079767203013704,6.134212970733643,300,0.0,0.0
2017-09-27 00:00:00-04:00,6.134212970733643,6.134212970733643,6.134212970733643,6.134212970733643,0,0.0,0.0
2017-09-28 00:00:00-04:00,6.079767227172851,6.079767227172851,6.079767227172851,6.079767227172852,100,0.0,0.0
2017-09-29 00:00:00-04:00,6.085816862465471,6.249153588738383,6.085816862465471,6.2310051918029785,1400,0.0,0.0
2017-10-02 00:00:00-04:00,6.255203723907471,6.255203723907471,6.255203723907471,6.255203723907471,100,0.0,0.0
2017-10-03 00:00:00-04:00,6.255203723907471,6.255203723907471,6.255203723907471,6.255203723907471,0,0.0,0.0
2017-10-04 00:00:00-04:00,6.261252470619933,6.261252470619933,6.170509338378906,6.170509338378906,2100,0.0,0.0
2017-10-05 00:00:00-04:00,6.170509338378906,6.170509338378906,6.170509338378906,6.170509338378906,500,0.0,0.0
2017-10-06 00:00:00-04:00,6.2249555587768555,6.2249555587768555,6.2249555587768555,6.2249555587768555,200,0.0,0.0
2017-10-09 00:00:00-04:00,6.1826090812683105,6.1826090812683105,6.1826090812683105,6.1826090812683105,600,0.0,0.0
2017-10-10 00:00:00-04:00,6.1826090812683105,6.1826090812683105,6.1826090812683105,6.1826090812683105,0,0.0,0.0
2017-10-11 00:00:00-04:00,6.1826090812683105,6.1826090812683105,6.1826090812683105,6.1826090812683105,0,0.0,0.0
2017-10-12 00:00:00-04:00,6.243103930784202,6.249153588738383,6.2310051918029785,6.2310051918029785,1200,0.0,0.0
2017-10-13 00:00:00-04:00,6.2310051918029785,6.2310051918029785,6.2310051918029785,6.2310051918029785,0,0.0,0.0
2017-10-16 00:00:00-04:00,6.2310051918029785,6.2310051918029785,6.2310051918029785,6.2310051918029785,0,0.0,0.0
2017-10-17 00:00:00-04:00,6.2310051918029785,6.2310051918029785,6.2310051918029785,6.2310051918029785,0,0.0,0.0
2017-10-18 00:00:00-04:00,6.2310051918029785,6.2310051918029785,6.2310051918029785,6.2310051918029785,0,0.0,0.0
2017-10-19 00:00:00-04:00,6.2310051918029785,6.2310051918029785,6.2310051918029785,6.2310051918029785,0,0.0,0.0
2017-10-20 00:00:00-04:00,6.231005191041566,6.231005191041566,6.1705097653614285,6.1826090812683105,2500,0.0,0.0
2017-10-23 00:00:00-04:00,6.1826090812683105,6.1826090812683105,6.1826090812683105,6.1826090812683105,0,0.0,0.0
2017-10-24 00:00:00-04:00,6.170509338378906,6.170509338378906,6.170509338378906,6.170509338378906,100,0.0,0.0
2017-10-25 00:00:00-04:00,6.170509332140071,6.170509332140071,6.0918655150482,6.097915172576904,2500,0.0,0.0
2017-10-26 00:00:00-04:00,6.097915172576905,6.097915172576905,6.097915172576905,6.097915172576904,0,0.0,0.0
2017-10-27 00:00:00-04:00,6.079767252522006,6.1221137046813965,6.079767252522006,6.1221137046813965,600,0.0,0.0
2017-10-30 00:00:00-04:00,6.079767227172851,6.079767227172851,6.079767227172851,6.079767227172852,100,0.0,0.0
2017-10-31 00:00:00-04:00,6.079767227172851,6.079767227172851,6.079767227172851,6.079767227172852,0,0.0,0.0
2017-11-01 00:00:00-04:00,6.170509338378906,6.170509338378906,6.170509338378906,6.170509338378906,1000,0.0,0.0
2017-11-02 00:00:00-04:00,6.170509338378906,6.170509338378906,6.170509338378906,6.170509338378906,100,0.0,0.0
2017-11-03 00:00:00-04:00,6.158409654688126,6.158409654688126,6.079765849591532,6.091864585876465,2500,0.0,0.0
2017-11-06 00:00:00-05:00,6.085814952850342,6.085814952850342,6.085814952850342,6.085814952850342,100,0.0,0.0
2017-11-07 00:00:00-05:00,6.0858173592628635,6.128163814544678,6.0858173592628635,6.128163814544678,600,0.0,0.0
2017-11-08 00:00:00-05:00,6.110014487634314,6.110014487634314,6.097915172576905,6.097915172576904,5100,0.0,0.0
2017-11-09 00:00:00-05:00,6.097915172576905,6.097915172576905,6.097915172576905,6.097915172576904,0,0.0,0.0
2017-11-10 00:00:00-05:00,6.122114684299567,6.218906920110275,6.110015943286846,6.11606502532959,2600,0.0,0.0
2017-11-13 00:00:00-05:00,6.1100144386291495,6.1100144386291495,6.1100144386291495,6.11001443862915,100,0.0,0.0
2017-11-14 00:00:00-05:00,6.1100144386291495,6.1100144386291495,6.1100144386291495,6.11001443862915,500,0.0,0.0
2017-11-15 00:00:00-05:00,6.1100144386291495,6.1100144386291495,6.1100144386291495,6.11001443862915,1000,0.0,0.0
2017-11-16 00:00:00-05:00,6.1100144386291495,6.1100144386291495,6.1100144386291495,6.11001443862915,0,0.0,0.0
2017-11-17 00:00:00-05:00,6.1100144386291495,6.1100144386291495,6.1100144386291495,6.11001443862915,0,0.0,0.0
2017-11-20 00:00:00-05:00,6.128162834142609,6.128162834142609,6.1100144386291495,6.11001443862915,1000,0.0,0.0
2017-11-21 00:00:00-05:00,6.170509338378906,6.170509338378906,6.170509338378906,6.170509338378906,2500,0.0,0.0
2017-11-22 00:00:00-05:00,6.170509338378906,6.170509338378906,6.170509338378906,6.170509338378906,0,0.0,0.0
2017-11-24 00:00:00-05:00,6.170509338378906,6.170509338378906,6.170509338378906,6.170509338378906,0,0.0,0.0
2017-11-27 00:00:00-05:00,6.170509338378906,6.170509338378906,6.170509338378906,6.170509338378906,0,0.0,0.0
2017-11-28 00:00:00-05:00,6.170509338378906,6.170509338378906,6.170509338378906,6.170509338378906,0,0.0,0.0
2017-11-29 00:00:00-05:00,6.1100144386291495,6.1100144386291495,6.1100144386291495,6.11001443862915,1300,0.0,0.0
2017-11-30 00:00:00-05:00,6.1100144386291495,6.1100144386291495,6.1100144386291495,6.11001443862915,0,0.0,0.0
2017-12-01 00:00:00-05:00,6.1100144386291495,6.1100144386291495,6.1100144386291495,6.11001443862915,0,0.0,0.0
2017-12-04 00:00:00-05:00,6.128163312780952,6.134212970733643,6.1221136548282615,6.134212970733643,2800,0.0,0.0
2017-12-05 00:00:00-05:00,6.122113729769517,6.140262126922607,6.122113729769517,6.140262126922607,1100,0.0,0.0
2017-12-06 00:00:00-05:00,6.14026205252136,6.1826090812683105,6.14026205252136,6.1826090812683105,1200,0.0,0.0
2017-12-07 00:00:00-05:00,6.1947083473205575,6.1947083473205575,6.1947083473205575,6.194708347320557,100,0.0,0.0
2017-12-08 00:00:00-05:00,6.17050928264971,6.237054361077545,6.1100144386291495,6.11001443862915,2800,0.0,0.0
2017-12-11 00:00:00-05:00,6.146312743252245,6.146312743252245,6.11606502532959,6.11606502532959,500,0.0,0.0
2017-12-12 00:00:00-05:00,6.249153587588436,6.249153587588436,6.110014916230712,6.158411026000977,6000,0.0,0.0
2017-12-13 00:00:00-05:00,6.22023783071669,6.22023783071669,6.095333576202393,6.095333576202393,800,0.319,0.0
2017-12-14 00:00:00-05:00,6.120314551776275,6.213992595672607,6.082842976863455,6.213992595672607,8200,0.0,0.0
2017-12-15 00:00:00-05:00,6.213992902818862,6.307671546936035,6.170276559585152,6.307671546936035,4900,0.0,0.0
2017-12-18 00:00:00-05:00,6.326407037523267,6.338897166051252,6.307671546936035,6.307671546936035,1000,0.0,0.0
2017-12-19 00:00:00-05:00,6.226484298706055,6.226484298706055,6.226484298706055,6.226484298706055,200,0.0,0.0
2017-12-20 00:00:00-05:00,6.226484298706055,6.226484298706055,6.226484298706055,6.226484298706055,0,0.0,0.0
2017-12-21 00:00:00-05:00,6.232728481292725,6.232728481292725,6.232728481292725,6.232728481292725,100,0.0,0.0
2017-12-22 00:00:00-05:00,6.23272875648083,6.295181189530315,6.23272875648083,6.25146484375,2100,0.0,0.0
2017-12-26 00:00:00-05:00,6.263954162597655,6.263954162597655,6.263954162597655,6.263954162597656,100,0.0,0.0
2017-12-27 00:00:00-05:00,6.263954162597655,6.263954162597655,6.263954162597655,6.263954162597656,0,0.0,0.0
2017-12-28 00:00:00-05:00,6.276445388793945,6.276445388793945,6.276445388793945,6.276445388793945,600,0.0,0.0
2017-12-29 00:00:00-05:00,6.276445388793945,6.276445388793945,6.276445388793945,6.276445388793945,500,0.0,0.0
2018-01-02 00:00:00-05:00,6.276445388793945,6.276445388793945,6.276445388793945,6.276445388793945,0,0.0,0.0
2018-01-03 00:00:00-05:00,6.270199694714599,6.295180546263642,6.270199694714599,6.28893518447876,3000,0.0,0.0
2018-01-04 00:00:00-05:00,6.43257567716834,6.43257567716834,6.413840186968484,6.4200849533081055,4500,0.0,0.0
2018-01-05 00:00:00-05:00,6.4200849533081055,6.4200849533081055,6.4200849533081055,6.4200849533081055,0,0.0,0.0
2018-01-08 00:00:00-05:00,6.426330422362221,6.426330422362221,6.413840293884277,6.413840293884277,1700,0.0,0.0
2018-01-09 00:00:00-05:00,6.413840293884277,6.413840293884277,6.413840293884277,6.413840293884277,0,0.0,0.0
2018-01-10 00:00:00-05:00,6.276445388793945,6.276445388793945,6.276445388793945,6.276445388793945,100,0.0,0.0
2018-01-11 00:00:00-05:00,6.276445388793945,6.276445388793945,6.276445388793945,6.276445388793945,0,0.0,0.0
2018-01-12 00:00:00-05:00,6.276445388793945,6.276445388793945,6.276445388793945,6.276445388793945,0,0.0,0.0
2018-01-16 00:00:00-05:00,6.288935155279272,6.33265209197998,6.288935155279272,6.3326520919799805,700,0.0,0.0
2018-01-17 00:00:00-05:00,6.370123386383057,6.370123386383057,6.370123386383057,6.370123386383057,800,0.0,0.0
2018-01-18 00:00:00-05:00,6.295180797576905,6.295180797576905,6.295180797576905,6.295180797576904,100,0.0,0.0
2018-01-19 00:00:00-05:00,6.301426184876789,6.307671546936035,6.288935460758296,6.307671546936035,1800,0.0,0.0
2018-01-22 00:00:00-05:00,6.276445388793945,6.276445388793945,6.276445388793945,6.276445388793945,1000,0.0,0.0
2018-01-23 00:00:00-05:00,6.276445388793945,6.276445388793945,6.276445388793945,6.276445388793945,0,0.0,0.0
2018-01-24 00:00:00-05:00,6.27644505649948,6.288935184478761,6.27644505649948,6.28893518447876,2000,0.0,0.0
2018-01-25 00:00:00-05:00,6.288935184478761,6.288935184478761,6.288935184478761,6.28893518447876,0,0.0,0.0
2018-01-26 00:00:00-05:00,6.276445388793945,6.276445388793945,6.276445388793945,6.276445388793945,900,0.0,0.0
2018-01-29 00:00:00-05:00,6.276445388793945,6.276445388793945,6.276445388793945,6.276445388793945,3500,0.0,0.0
2018-01-30 00:00:00-05:00,6.276446495570305,6.28269185878713,6.0328826904296875,6.0328826904296875,6700,0.0,0.0
2018-01-31 00:00:00-05:00,6.045372043281308,6.120314598083496,6.045372043281308,6.120314598083496,700,0.0,0.0
2018-02-01 00:00:00-05:00,6.201502467761986,6.213992595672607,6.201502467761986,6.213992595672607,4000,0.0,0.0
2018-02-02 00:00:00-05:00,6.213992595672607,6.213992595672607,6.213992595672607,6.213992595672607,0,0.0,0.0
2018-02-05 00:00:00-05:00,6.08284330368042,6.08284330368042,6.08284330368042,6.08284330368042,100,0.0,0.0
2018-02-06 00:00:00-05:00,6.08284330368042,6.08284330368042,6.08284330368042,6.08284330368042,0,0.0,0.0
2018-02-07 00:00:00-05:00,6.08284330368042,6.08284330368042,6.08284330368042,6.08284330368042,0,0.0,0.0
2018-02-08 00:00:00-05:00,6.08284330368042,6.08284330368042,6.08284330368042,6.08284330368042,0,0.0,0.0
2018-02-09 00:00:00-05:00,6.1078249711666475,6.114070334085825,6.032882402908291,6.070353984832764,8000,0.0,0.0
2018-02-12 00:00:00-05:00,6.089088439941406,6.089088439941406,6.089088439941406,6.089088439941406,100,0.0,0.0
2018-02-13 00:00:00-05:00,6.0328826904296875,6.057863547706369,6.026637327212862,6.0328826904296875,4800,0.0,0.0
2018-02-14 00:00:00-05:00,5.995410919189453,5.995410919189453,5.995410919189453,5.995410919189453,100,0.0,0.0
2018-02-15 00:00:00-05:00,6.08284330368042,6.08284330368042,6.08284330368042,6.08284330368042,500,0.0,0.0
2018-02-16 00:00:00-05:00,6.08284330368042,6.08284330368042,6.08284330368042,6.08284330368042,0,0.0,0.0
2018-02-20 00:00:00-05:00,6.08284330368042,6.08284330368042,6.08284330368042,6.08284330368042,0,0.0,0.0
2018-02-21 00:00:00-05:00,6.089088972843132,6.089088972843132,5.851770561917868,5.995410919189453,6500,0.0,0.0
2018-02-22 00:00:00-05:00,5.995410919189453,5.995410919189453,5.995410919189453,5.995410919189453,0,0.0,0.0
2018-02-23 00:00:00-05:00,6.001655685999969,6.001655685999969,5.995410919189453,5.995410919189453,900,0.0,0.0
2018-02-26 00:00:00-05:00,5.995410919189453,5.995410919189453,5.995410919189453,5.995410919189453,0,0.0,0.0
2018-02-27 00:00:00-05:00,6.064109358852209,6.151542663574219,6.064109358852209,6.151542663574219,900,0.0,0.0
2018-02-28 00:00:00-05:00,6.151542663574219,6.151542663574219,6.151542663574219,6.151542663574219,0,0.0,0.0
2018-03-01 00:00:00-05:00,6.007900714874268,6.007900714874268,6.007900714874268,6.007900714874268,200,0.0,0.0
2018-03-02 00:00:00-05:00,6.014145374298096,6.014145374298096,6.014145374298096,6.014145374298096,100,0.0,0.0
2018-03-05 00:00:00-05:00,6.0266361236572275,6.0266361236572275,6.0266361236572275,6.026636123657227,800,0.0,0.0
2018-03-06 00:00:00-05:00,5.945448875427246,5.945448875427246,5.945448875427246,5.945448875427246,100,0.0,0.0
2018-03-07 00:00:00-05:00,5.9329579671223955,6.089088439941406,5.9329579671223955,6.089088439941406,600,0.0,0.0
2018-03-08 00:00:00-05:00,5.989165143020693,6.0266361236572275,5.989165143020693,6.026636123657227,3000,0.0,0.0
2018-03-09 00:00:00-05:00,6.057861328125,6.057861328125,6.057861328125,6.057861328125,100,0.0,0.0
2018-03-12 00:00:00-04:00,6.057861328125,6.057861328125,6.057861328125,6.057861328125,0,0.0,0.0
2018-03-13 00:00:00-04:00,6.089088359000468,6.107823848724365,6.051616783962192,6.107823848724365,3500,0.0,0.0
2018-03-14 00:00:00-04:00,6.089088439941406,6.089088439941406,6.089088439941406,6.089088439941406,1300,0.0,0.0
2018-03-15 00:00:00-04:00,6.139050006866454,6.139050006866454,6.139050006866454,6.139050006866455,100,0.0,0.0
2018-03-16 00:00:00-04:00,6.139050006866454,6.139050006866454,6.139050006866454,6.139050006866455,0,0.0,0.0
2018-03-19 00:00:00-04:00,6.139050006866454,6.139050006866454,6.139050006866454,6.139050006866455,0,0.0,0.0
2018-03-20 00:00:00-04:00,6.139050006866454,6.139050006866454,6.139050006866454,6.139050006866455,0,0.0,0.0
2018-03-21 00:00:00-04:00,6.139050006866454,6.139050006866454,6.139050006866454,6.139050006866455,0,0.0,0.0
2018-03-22 00:00:00-04:00,6.0890885521721145,6.0890885521721145,6.0266361236572275,6.026636123657227,700,0.0,0.0
2018-03-23 00:00:00-04:00,6.0266361236572275,6.0266361236572275,6.0266361236572275,6.026636123657227,0,0.0,0.0
2018-03-26 00:00:00-04:00,6.026637039989114,6.070353984832764,6.026637039989114,6.070353984832764,2000,0.0,0.0
2018-03-27 00:00:00-04:00,6.070353984832764,6.070353984832764,6.070353984832764,6.070353984832764,0,0.0,0.0
2018-03-28 00:00:00-04:00,6.001655101776122,6.057862166733137,6.001655101776122,6.001655101776123,500,0.0,0.0
2018-03-29 00:00:00-04:00,6.001655101776122,6.001655101776122,6.001655101776122,6.001655101776123,0,0.0,0.0
2018-04-02 00:00:00-04:00,6.026635501357065,6.026635501357065,6.001654651648689,6.014145374298096,1800,0.0,0.0
2018-04-03 00:00:00-04:00,6.0016557705100775,6.039127349853515,6.0016557705100775,6.039127349853516,800,0.0,0.0
2018-04-04 00:00:00-04:00,6.045371201858311,6.057861328125,6.026635119072678,6.057861328125,2600,0.0,0.0
2018-04-05 00:00:00-04:00,6.057862414345648,6.057862414345648,5.939203513378861,5.945448875427246,5500,0.0,0.0
2018-04-06 00:00:00-04:00,5.945448875427246,5.945448875427246,5.945448875427246,5.945448875427246,0,0.0,0.0
2018-04-09 00:00:00-04:00,5.945448875427246,5.945448875427246,5.945448875427246,5.945448875427246,0,0.0,0.0
2018-04-10 00:00:00-04:00,5.945448875427246,5.945448875427246,5.945448875427246,5.945448875427246,0,0.0,0.0
2018-04-11 00:00:00-04:00,5.964184290732838,6.0266361236572275,5.964184290732838,6.026636123657227,900,0.0,0.0
2018-04-12 00:00:00-04:00,6.0266361236572275,6.0266361236572275,6.0266361236572275,6.026636123657227,0,0.0,0.0
2018-04-13 00:00:00-04:00,5.995410919189453,5.995410919189453,5.995410919189453,5.995410919189453,100,0.0,0.0
2018-04-16 00:00:00-04:00,5.995411702309973,6.051618184489545,5.995411702309973,6.0328826904296875,600,0.0,0.0
2018-04-17 00:00:00-04:00,6.0328826904296875,6.0328826904296875,6.0328826904296875,6.0328826904296875,0,0.0,0.0
2018-04-18 00:00:00-04:00,6.001655101776122,6.001655101776122,6.001655101776122,6.001655101776123,100,0.0,0.0
2018-04-19 00:00:00-04:00,6.057862985012203,6.057862985012203,6.026636767419192,6.051617622375488,2500,0.0,0.0
2018-04-20 00:00:00-04:00,6.057861328125,6.057861328125,6.057861328125,6.057861328125,100,0.0,0.0
2018-04-23 00:00:00-04:00,6.057861328125,6.057861328125,6.057861328125,6.057861328125,400,0.0,0.0
2018-04-24 00:00:00-04:00,6.057861328125,6.057861328125,6.057861328125,6.057861328125,0,0.0,0.0
2018-04-25 00:00:00-04:00,6.057861328125,6.057861328125,6.057861328125,6.057861328125,0,0.0,0.0
2018-04-26 00:00:00-04:00,6.057861328125,6.057861328125,6.057861328125,6.057861328125,0,0.0,0.0
2018-04-27 00:00:00-04:00,6.057861328125,6.057861328125,6.057861328125,6.057861328125,0,0.0,0.0
2018-04-30 00:00:00-04:00,6.057861328125,6.057861328125,6.057861328125,6.057861328125,0,0.0,0.0
2018-05-01 00:00:00-04:00,6.057861328125,6.057861328125,6.057861328125,6.057861328125,0,0.0,0.0
2018-05-02 00:00:00-04:00,6.070352860737561,6.070352860737561,6.026635923989321,6.045372009277344,3300,0.0,0.0
2018-05-03 00:00:00-04:00,6.045372009277344,6.045372009277344,6.045372009277344,6.045372009277344,0,0.0,0.0
2018-05-04 00:00:00-04:00,6.045372009277344,6.045372009277344,6.045372009277344,6.045372009277344,0,0.0,0.0
2018-05-07 00:00:00-04:00,6.120314598083496,6.120314598083496,6.120314598083496,6.120314598083496,300,0.0,0.0
2018-05-08 00:00:00-04:00,6.120314598083496,6.120314598083496,6.120314598083496,6.120314598083496,0,0.0,0.0
2018-05-09 00:00:00-04:00,6.182767391204835,6.182767391204835,6.182767391204835,6.182767391204834,100,0.0,0.0
2018-05-10 00:00:00-04:00,6.057862171286431,6.120314598083496,6.057862171286431,6.120314598083496,1000,0.0,0.0
2018-05-11 00:00:00-04:00,6.132805824279785,6.132805824279785,6.132805824279785,6.132805824279785,900,0.0,0.0
2018-05-14 00:00:00-04:00,6.132805824279785,6.132805824279785,6.132805824279785,6.132805824279785,0,0.0,0.0
2018-05-15 00:00:00-04:00,6.182766403210437,6.182766403210437,6.107823848724365,6.107823848724365,1700,0.0,0.0
2018-05-16 00:00:00-04:00,6.182767391204835,6.182767391204835,6.176522624025953,6.182767391204834,1100,0.0,0.0
2018-05-17 00:00:00-04:00,6.182767391204835,6.182767391204835,6.182767391204835,6.182767391204834,0,0.0,0.0
2018-05-18 00:00:00-04:00,6.182767391204835,6.182767391204835,6.182767391204835,6.182767391204834,100,0.0,0.0
2018-05-21 00:00:00-04:00,6.182766485396617,6.182766485396617,6.089088439941406,6.089088439941406,6900,0.0,0.0
2018-05-22 00:00:00-04:00,6.057861328125,6.057861328125,6.057861328125,6.057861328125,7100,0.0,0.0
2018-05-23 00:00:00-04:00,6.107823848724365,6.107823848724365,6.07035286927657,6.107823848724365,7700,0.0,0.0
2018-05-24 00:00:00-04:00,6.107823848724365,6.107823848724365,6.107823848724365,6.107823848724365,0,0.0,0.0
2018-05-25 00:00:00-04:00,6.107823848724365,6.107823848724365,6.107823848724365,6.107823848724365,0,0.0,0.0
2018-05-29 00:00:00-04:00,6.107823848724365,6.107823848724365,6.107823848724365,6.107823848724365,0,0.0,0.0
2018-05-30 00:00:00-04:00,6.107823848724365,6.107823848724365,6.107823848724365,6.107823848724365,0,0.0,0.0
2018-05-31 00:00:00-04:00,6.089088439941406,6.089088439941406,6.089088439941406,6.089088439941406,1100,0.0,0.0
2018-06-01 00:00:00-04:00,6.057863299943044,6.057863299943044,5.932959018668149,5.9641852378845215,29700,0.0,0.0
2018-06-04 00:00:00-04:00,5.964184678294595,5.995410894581165,5.964184678294595,5.982920169830322,9100,0.0,0.0
2018-06-05 00:00:00-04:00,5.989164973780387,6.007900463569231,5.989164973780387,6.001655101776123,1800,0.0,0.0
2018-06-06 00:00:00-04:00,6.007900714874268,6.007900714874268,6.007900714874268,6.007900714874268,100,0.0,0.0
2018-06-07 00:00:00-04:00,6.032881285751995,6.045372009277344,6.032881285751995,6.045372009277344,400,0.0,0.0
2018-06-08 00:00:00-04:00,6.076597491332398,6.095333576202393,6.076597491332398,6.095333576202393,400,0.0,0.0
2018-06-11 00:00:00-04:00,6.095333801795883,6.095333801795883,6.089088439941406,6.089088439941406,1600,0.0,0.0
2018-06-12 00:00:00-04:00,6.089088665766519,6.089088665766519,6.064107813012635,6.08284330368042,4100,0.0,0.0
2018-06-13 00:00:00-04:00,6.146764239687496,6.146764239687496,6.1144806924597255,6.133850574493408,6400,0.319,0.0
2018-06-14 00:00:00-04:00,6.217788659867725,6.224245493616286,6.2048749923706055,6.2048749923706055,1600,0.0,0.0
2018-06-15 00:00:00-04:00,6.217788750351759,6.217788750351759,6.166135311126709,6.166135311126709,1500,0.0,0.0
2018-06-18 00:00:00-04:00,6.1209381260086,6.1209381260086,6.108025074005127,6.108025074005127,1200,0.0,0.0
2018-06-19 00:00:00-04:00,6.198418617248535,6.198418617248535,6.198418617248535,6.198418617248535,200,0.0,0.0
2018-06-20 00:00:00-04:00,6.198418617248535,6.198418617248535,6.198418617248535,6.198418617248535,0,0.0,0.0
2018-06-21 00:00:00-04:00,6.198418617248535,6.198418617248535,6.198418617248535,6.198418617248535,800,0.0,0.0
2018-06-22 00:00:00-04:00,6.166135311126709,6.166135311126709,6.166135311126709,6.166135311126709,100,0.0,0.0
2018-06-25 00:00:00-04:00,6.1725921630859375,6.1725921630859375,6.1725921630859375,6.1725921630859375,200,0.0,0.0
2018-06-26 00:00:00-04:00,6.1725921630859375,6.1725921630859375,6.1725921630859375,6.1725921630859375,0,0.0,0.0
2018-06-27 00:00:00-04:00,6.159678441012754,6.191961994277699,6.153221607208252,6.153221607208252,4100,0.0,0.0
2018-06-28 00:00:00-04:00,6.153221607208252,6.153221607208252,6.153221607208252,6.153221607208252,0,0.0,0.0
2018-06-29 00:00:00-04:00,6.153221607208252,6.153221607208252,6.153221607208252,6.153221607208252,0,0.0,0.0
2018-07-02 00:00:00-04:00,6.146765232086182,6.146765232086182,6.146765232086182,6.146765232086182,200,0.0,0.0
2018-07-03 00:00:00-04:00,6.146765232086182,6.146765232086182,6.146765232086182,6.146765232086182,0,0.0,0.0
2018-07-05 00:00:00-04:00,6.146765232086182,6.146765232086182,6.146765232086182,6.146765232086182,0,0.0,0.0
2018-07-06 00:00:00-04:00,6.185504913330078,6.185504913330078,6.185504913330078,6.185504913330078,200,0.0,0.0
2018-07-09 00:00:00-04:00,6.16613548591449,6.1919622062591095,6.16613548591449,6.179048538208008,7800,0.0,0.0
2018-07-10 00:00:00-04:00,6.179048538208008,6.1919622062591095,6.179048538208008,6.179048538208008,1200,0.0,0.0
2018-07-11 00:00:00-04:00,6.166135311126709,6.166135311126709,6.166135311126709,6.166135311126709,700,0.0,0.0
2018-07-12 00:00:00-04:00,6.1919620307392345,6.1919620307392345,6.166135311126709,6.166135311126709,1100,0.0,0.0
2018-07-13 00:00:00-04:00,6.146765691085768,6.146765691085768,6.140308856964111,6.140308856964111,1100,0.0,0.0
2018-07-16 00:00:00-04:00,6.191961994277699,6.191961994277699,6.153221607208252,6.153221607208252,1900,0.0,0.0
2018-07-17 00:00:00-04:00,6.1984188645817575,6.1984188645817575,6.166135311126709,6.166135311126709,1200,0.0,0.0
2018-07-18 00:00:00-04:00,6.166135311126709,6.166135311126709,6.166135311126709,6.166135311126709,0,0.0,0.0
2018-07-19 00:00:00-04:00,6.191962718963623,6.191962718963623,6.191962718963623,6.191962718963623,500,0.0,0.0
2018-07-20 00:00:00-04:00,6.166134815654014,6.166134815654014,6.159677982330322,6.159677982330322,3000,0.0,0.0
2018-07-23 00:00:00-04:00,6.166135311126709,6.166135311126709,6.166135311126709,6.166135311126709,2000,0.0,0.0
2018-07-24 00:00:00-04:00,6.166135311126709,6.166135311126709,6.166135311126709,6.166135311126709,200,0.0,0.0
2018-07-25 00:00:00-04:00,6.140308856964111,6.140308856964111,6.140308856964111,6.140308856964111,100,0.0,0.0
2018-07-26 00:00:00-04:00,6.140308856964111,6.140308856964111,6.140308856964111,6.140308856964111,0,0.0,0.0
2018-07-27 00:00:00-04:00,6.140308856964111,6.140308856964111,6.140308856964111,6.140308856964111,0,0.0,0.0
2018-07-30 00:00:00-04:00,6.179048326668696,6.179048326668696,6.153221607208252,6.153221607208252,4000,0.0,0.0
2018-07-31 00:00:00-04:00,6.153221607208252,6.153221607208252,6.153221607208252,6.153221607208252,0,0.0,0.0
2018-08-01 00:00:00-04:00,6.19196197506137,7.070071049748879,6.172592089465541,6.5212531089782715,7400,0.0,0.0
2018-08-02 00:00:00-04:00,6.5212531089782715,6.5212531089782715,6.5212531089782715,6.5212531089782715,0,0.0,0.0
2018-08-03 00:00:00-04:00,6.4566850662231445,6.4566850662231445,6.4566850662231445,6.4566850662231445,100,0.0,0.0
2018-08-06 00:00:00-04:00,6.521252878040784,6.527709095839052,6.488969326019287,6.488969326019287,2000,0.0,0.0
2018-08-07 00:00:00-04:00,6.46959924697876,6.46959924697876,6.46959924697876,6.46959924697876,300,0.0,0.0
2018-08-08 00:00:00-04:00,6.4566850662231445,6.4566850662231445,6.4566850662231445,6.4566850662231445,800,0.0,0.0
2018-08-09 00:00:00-04:00,6.4566850662231445,6.4566850662231445,6.4566850662231445,6.4566850662231445,100,0.0,0.0
2018-08-10 00:00:00-04:00,6.4566850662231445,6.4566850662231445,6.4566850662231445,6.4566850662231445,0,0.0,0.0
2018-08-13 00:00:00-04:00,6.4566850662231445,6.4566850662231445,6.4566850662231445,6.4566850662231445,500,0.0,0.0
2018-08-14 00:00:00-04:00,6.45668500145845,6.50188159942627,6.45668500145845,6.5018815994262695,1100,0.0,0.0
2018-08-15 00:00:00-04:00,6.4566850662231445,6.4566850662231445,6.35337820368477,6.4566850662231445,2800,0.0,0.0
2018-08-16 00:00:00-04:00,6.4566850662231445,6.4566850662231445,6.4566850662231445,6.4566850662231445,0,0.0,0.0
2018-08-17 00:00:00-04:00,6.4566850662231445,6.4566850662231445,6.4566850662231445,6.4566850662231445,0,0.0,0.0
2018-08-20 00:00:00-04:00,6.4566850662231445,6.4566850662231445,6.4566850662231445,6.4566850662231445,0,0.0,0.0
2018-08-21 00:00:00-04:00,6.398575782775879,6.398575782775879,6.398575782775879,6.398575782775879,800,0.0,0.0
2018-08-22 00:00:00-04:00,6.450228691101074,6.450228691101074,6.450228691101074,6.450228691101074,200,0.0,0.0
2018-08-23 00:00:00-04:00,6.450228691101074,6.450228691101074,6.450228691101074,6.450228691101074,0,0.0,0.0
2018-08-24 00:00:00-04:00,6.450228691101074,6.450228691101074,6.450228691101074,6.450228691101074,0,0.0,0.0
2018-08-27 00:00:00-04:00,6.450228691101074,6.450228691101074,6.450228691101074,6.450228691101074,0,0.0,0.0
2018-08-28 00:00:00-04:00,6.379205226898193,6.379205226898193,6.379205226898193,6.379205226898193,100,0.0,0.0
2018-08-29 00:00:00-04:00,6.379205226898193,6.379205226898193,6.379205226898193,6.379205226898193,0,0.0,0.0
2018-08-30 00:00:00-04:00,6.379205226898193,6.379205226898193,6.379205226898193,6.379205226898193,0,0.0,0.0
2018-08-31 00:00:00-04:00,6.379205226898193,6.379205226898193,6.379205226898193,6.379205226898193,300,0.0,0.0
2018-09-04 00:00:00-04:00,6.334010029427657,6.3727498054504395,6.334010029427657,6.3727498054504395,800,0.0,0.0
2018-09-05 00:00:00-04:00,6.3727498054504395,6.3727498054504395,6.3727498054504395,6.3727498054504395,0,0.0,0.0
2018-09-06 00:00:00-04:00,6.450228691101074,6.450228691101074,6.450228691101074,6.450228691101074,800,0.0,0.0
2018-09-07 00:00:00-04:00,6.450228691101074,6.450228691101074,6.450228691101074,6.450228691101074,0,0.0,0.0
2018-09-10 00:00:00-04:00,6.450228691101074,6.450228691101074,6.450228691101074,6.450228691101074,1600,0.0,0.0
2018-09-11 00:00:00-04:00,6.43085937262005,6.443772424610832,6.340465545654297,6.340465545654297,5700,0.0,0.0
2018-09-12 00:00:00-04:00,6.346922379528472,6.346922379528472,6.340465545654297,6.340465545654297,300,0.0,0.0
2018-09-13 00:00:00-04:00,6.340465545654297,6.340465545654297,6.340465545654297,6.340465545654297,0,0.0,0.0
2018-09-14 00:00:00-04:00,6.424402236938477,6.424402236938477,6.424402236938477,6.424402236938477,100,0.0,0.0
2018-09-17 00:00:00-04:00,6.424402236938477,6.424402236938477,6.424402236938477,6.424402236938477,0,0.0,0.0
2018-09-18 00:00:00-04:00,6.424402236938477,6.424402236938477,6.424402236938477,6.424402236938477,0,0.0,0.0
2018-09-19 00:00:00-04:00,6.424402236938477,6.424402236938477,6.424402236938477,6.424402236938477,0,0.0,0.0
2018-09-20 00:00:00-04:00,6.430859088897705,6.430859088897705,6.424402255308398,6.430859088897705,1500,0.0,0.0
2018-09-21 00:00:00-04:00,6.430859088897705,6.430859088897705,6.430859088897705,6.430859088897705,0,0.0,0.0
2018-09-24 00:00:00-04:00,6.39211893081665,6.39211893081665,6.39211893081665,6.39211893081665,100,0.0,0.0
2018-09-25 00:00:00-04:00,6.39211893081665,6.39211893081665,6.39211893081665,6.39211893081665,0,0.0,0.0
2018-09-26 00:00:00-04:00,6.39211893081665,6.39211893081665,6.39211893081665,6.39211893081665,0,0.0,0.0
2018-09-27 00:00:00-04:00,6.39211893081665,6.39211893081665,6.39211893081665,6.39211893081665,0,0.0,0.0
2018-09-28 00:00:00-04:00,6.39211893081665,6.39211893081665,6.39211893081665,6.39211893081665,0,0.0,0.0
2018-10-01 00:00:00-04:00,6.39211893081665,6.39211893081665,6.39211893081665,6.39211893081665,0,0.0,0.0
2018-10-02 00:00:00-04:00,6.39211893081665,6.39211893081665,6.39211893081665,6.39211893081665,0,0.0,0.0
2018-10-03 00:00:00-04:00,6.39211893081665,6.39211893081665,6.39211893081665,6.39211893081665,0,0.0,0.0
2018-10-04 00:00:00-04:00,6.405032634735107,6.405032634735107,6.405032634735107,6.405032634735107,100,0.0,0.0
2018-10-05 00:00:00-04:00,6.405032634735107,6.405032634735107,6.405032634735107,6.405032634735107,0,0.0,0.0
2018-10-08 00:00:00-04:00,6.405032634735107,6.405032634735107,6.405032634735107,6.405032634735107,0,0.0,0.0
2018-10-09 00:00:00-04:00,6.405032634735107,6.405032634735107,6.405032634735107,6.405032634735107,0,0.0,0.0
2018-10-10 00:00:00-04:00,6.405032634735107,6.405032634735107,6.405032634735107,6.405032634735107,0,0.0,0.0
2018-10-11 00:00:00-04:00,6.405032634735107,6.405032634735107,6.405032634735107,6.405032634735107,0,0.0,0.0
2018-10-12 00:00:00-04:00,6.340465563720952,6.392119003346402,6.340465563720952,6.346922397613525,2700,0.0,0.0
2018-10-15 00:00:00-04:00,6.346922397613526,6.346922397613526,6.346922397613526,6.346922397613525,0,0.0,0.0
2018-10-16 00:00:00-04:00,6.372749099267606,6.372749099267606,6.340465545654297,6.340465545654297,1600,0.0,0.0
2018-10-17 00:00:00-04:00,6.340465315210897,6.359835816129406,6.146765232086182,6.146765232086182,3700,0.0,0.0
2018-10-18 00:00:00-04:00,6.146764239687496,6.146764239687496,6.133850574493408,6.133850574493408,1000,0.0,0.0
2018-10-19 00:00:00-04:00,6.133850574493408,6.166134121721179,6.101567027265638,6.133850574493408,2400,0.0,0.0
2018-10-22 00:00:00-04:00,6.101567268371582,6.101567268371582,6.101567268371582,6.101567268371582,100,0.0,0.0
2018-10-23 00:00:00-04:00,6.2048749923706055,6.2048749923706055,6.2048749923706055,6.2048749923706055,1200,0.0,0.0
2018-10-24 00:00:00-04:00,6.2048749923706055,6.2048749923706055,6.2048749923706055,6.2048749923706055,0,0.0,0.0
2018-10-25 00:00:00-04:00,6.140308310019531,6.185504913330078,6.0692843725229135,6.185504913330078,5500,0.0,0.0
2018-10-26 00:00:00-04:00,6.185504913330078,6.185504913330078,6.185504913330078,6.185504913330078,0,0.0,0.0
2018-10-29 00:00:00-04:00,6.185504913330078,6.185504913330078,6.185504913330078,6.185504913330078,100,0.0,0.0
2018-10-30 00:00:00-04:00,6.088654840706493,6.24361515045166,6.088654840706493,6.24361515045166,300,0.0,0.0
2018-10-31 00:00:00-04:00,6.2500715255737305,6.2500715255737305,6.2500715255737305,6.2500715255737305,1500,0.0,0.0
2018-11-01 00:00:00-04:00,6.2500715255737305,6.2500715255737305,6.2500715255737305,6.2500715255737305,0,0.0,0.0
2018-11-02 00:00:00-04:00,6.2500715255737305,6.2500715255737305,6.2500715255737305,6.2500715255737305,0,0.0,0.0
2018-11-05 00:00:00-05:00,6.2500715255737305,6.2500715255737305,6.2500715255737305,6.2500715255737305,0,0.0,0.0
2018-11-06 00:00:00-05:00,6.198418721563733,6.256528377532959,6.088655011803721,6.256528377532959,5400,0.0,0.0
2018-11-07 00:00:00-05:00,6.256528377532959,6.256528377532959,6.256528377532959,6.256528377532959,0,0.0,0.0
2018-11-08 00:00:00-05:00,6.159678231496807,6.198418617248535,6.159678231496807,6.198418617248535,2100,0.0,0.0
2018-11-09 00:00:00-05:00,6.179047959984339,6.282354831695557,6.179047959984339,6.282354831695557,2100,0.0,0.0
2018-11-12 00:00:00-05:00,6.282354831695557,6.282354831695557,6.282354831695557,6.282354831695557,0,0.0,0.0
2018-11-13 00:00:00-05:00,6.282354831695557,6.282354831695557,6.282354831695557,6.282354831695557,0,0.0,0.0
2018-11-14 00:00:00-05:00,6.230700253550198,6.282353679936056,6.230700253550198,6.262983798980713,700,0.0,0.0
2018-11-15 00:00:00-05:00,6.275899410247803,6.275899410247803,6.275899410247803,6.275899410247803,300,0.0,0.0
2018-11-16 00:00:00-05:00,6.198418617248535,6.198418617248535,6.198418617248535,6.198418617248535,300,0.0,0.0
2018-11-19 00:00:00-05:00,6.198418617248535,6.198418617248535,6.198418617248535,6.198418617248535,0,0.0,0.0
2018-11-20 00:00:00-05:00,6.198418617248535,6.198418617248535,6.198418617248535,6.198418617248535,0,0.0,0.0
2018-11-21 00:00:00-05:00,6.198418617248535,6.198418617248535,6.198418617248535,6.198418617248535,0,0.0,0.0
2018-11-23 00:00:00-05:00,6.198418617248535,6.198418617248535,6.198418617248535,6.198418617248535,0,0.0,0.0
2018-11-26 00:00:00-05:00,6.198418617248535,6.198418617248535,6.198418617248535,6.198418617248535,400,0.0,0.0
2018-11-27 00:00:00-05:00,6.217788219451905,6.217788219451905,6.217788219451905,6.217788219451904,400,0.0,0.0
2018-11-28 00:00:00-05:00,6.217788219451905,6.217788219451905,6.217788219451905,6.217788219451904,0,0.0,0.0
2018-11-29 00:00:00-05:00,6.23070207163693,6.23070207163693,5.888497868037846,6.140308856964111,4200,0.0,0.0
2018-11-30 00:00:00-05:00,6.004717238618649,6.101567268371582,5.998260405766461,6.101567268371582,1100,0.0,0.0
2018-12-03 00:00:00-05:00,6.101567268371582,6.101567268371582,6.101567268371582,6.101567268371582,0,0.0,0.0
2018-12-04 00:00:00-05:00,6.1209369092993215,6.146764239687496,6.101567027265638,6.133850574493408,3000,0.0,0.0
2018-12-06 00:00:00-05:00,6.1661350650816855,6.198418617248535,6.1661350650816855,6.198418617248535,500,0.0,0.0
2018-12-07 00:00:00-05:00,6.198418617248535,6.198418617248535,6.198418617248535,6.198418617248535,100,0.0,0.0
2018-12-10 00:00:00-05:00,6.172591861994581,6.204874798212092,6.172591861994581,6.185504913330078,1000,0.0,0.0
2018-12-11 00:00:00-05:00,6.185504913330078,6.185504913330078,6.185504913330078,6.185504913330078,100,0.0,0.0
2018-12-12 00:00:00-05:00,6.204875082666714,6.204875082666714,6.166135311126709,6.166135311126709,800,0.0,0.0
2018-12-13 00:00:00-05:00,6.279023170471191,6.279023170471191,6.279023170471191,6.279023170471191,100,0.319,0.0
2018-12-14 00:00:00-05:00,6.279024201014216,6.405941009521484,6.279024201014216,6.405941009521484,700,0.0,0.0
2018-12-17 00:00:00-05:00,6.292383670806885,6.292383670806885,6.292383670806885,6.292383670806885,900,0.0,0.0
2018-12-18 00:00:00-05:00,6.345821380615234,6.345821380615234,6.345821380615234,6.345821380615234,200,0.0,0.0
2018-12-19 00:00:00-05:00,6.345821380615234,6.345821380615234,6.345821380615234,6.345821380615234,0,0.0,0.0
2018-12-20 00:00:00-05:00,6.312423252814475,6.365861706657656,6.0853095054626465,6.0853095054626465,5200,0.0,0.0
2018-12-21 00:00:00-05:00,6.078630176509713,6.178827118206523,6.078630176509713,6.0853095054626465,6200,0.0,0.0
2018-12-24 00:00:00-05:00,6.071949481964111,6.071949481964111,6.071949481964111,6.071949481964111,300,0.0,0.0
2018-12-26 00:00:00-05:00,6.145428657531738,6.145428657531738,6.145428657531738,6.145428657531738,100,0.0,0.0
2018-12-27 00:00:00-05:00,6.145428657531738,6.145428657531738,6.145428657531738,6.145428657531738,100,0.0,0.0
2018-12-28 00:00:00-05:00,6.0118303298950195,6.0118303298950195,6.0118303298950195,6.0118303298950195,400,0.0,0.0
2018-12-31 00:00:00-05:00,6.132068630352895,6.132068630352895,6.0853095054626465,6.0853095054626465,800,0.0,0.0
2019-01-02 00:00:00-05:00,6.091989276203865,6.332462310791015,6.085309310428405,6.332462310791016,3900,0.0,0.0
2019-01-03 00:00:00-05:00,6.379221439361572,6.379221439361572,6.379221439361572,6.379221439361572,200,0.0,0.0
2019-01-04 00:00:00-05:00,6.4794183644668815,6.4794183644668815,6.446019172668457,6.446019172668457,1100,0.0,0.0
2019-01-07 00:00:00-05:00,6.499457629974808,6.499457629974808,6.492778301239014,6.492778301239014,900,0.0,0.0
2019-01-08 00:00:00-05:00,6.479417324066162,6.479417324066162,6.479417324066162,6.479417324066162,100,0.0,0.0
2019-01-09 00:00:00-05:00,6.446018305494555,6.446018305494555,6.345821380615234,6.345821380615234,2900,0.0,0.0
2019-01-10 00:00:00-05:00,6.372539793391728,6.439338159515244,6.345820574349608,6.4326581954956055,1500,0.0,0.0
2019-01-11 00:00:00-05:00,6.432658195495606,6.432658195495606,6.432658195495606,6.4326581954956055,100,0.0,0.0
2019-01-14 00:00:00-05:00,6.432659878171047,6.446019172668457,6.432659878171047,6.446019172668457,3600,0.0,0.0
2019-01-15 00:00:00-05:00,6.45937845924821,6.512816905975342,6.432659235884644,6.512816905975342,2200,0.0,0.0
2019-01-16 00:00:00-05:00,6.512816905975342,6.512816905975342,6.512816905975342,6.512816905975342,0,0.0,0.0
2019-01-17 00:00:00-05:00,6.446019320779236,6.466059218540707,6.352502346038818,6.352502346038818,1700,0.0,0.0
2019-01-18 00:00:00-05:00,6.292383147313421,6.292383147313421,6.285703182220459,6.285703182220459,200,0.0,0.0
2019-01-22 00:00:00-05:00,6.4126200675964355,6.4126200675964355,6.4126200675964355,6.4126200675964355,400,0.0,0.0
2019-01-23 00:00:00-05:00,6.245625019073486,6.245625019073486,6.245625019073486,6.245625019073486,200,0.0,0.0
2019-01-24 00:00:00-05:00,6.392580986022949,6.392580986022949,6.392580986022949,6.392580986022949,600,0.0,0.0
2019-01-25 00:00:00-05:00,6.345821380615234,6.345821380615234,6.345821380615234,6.345821380615234,1400,0.0,0.0
2019-01-28 00:00:00-05:00,6.325782683300332,6.325782683300332,6.312422752380371,6.312422752380371,400,0.0,0.0
2019-01-29 00:00:00-05:00,6.345821380615234,6.345821380615234,6.345821380615234,6.345821380615234,800,0.0,0.0
2019-01-30 00:00:00-05:00,6.245625019073486,6.312422762672495,6.245625019073486,6.245625019073486,800,0.0,0.0
2019-01-31 00:00:00-05:00,6.279024230180595,6.279024230180595,6.178827285766602,6.178827285766602,400,0.0,0.0
2019-02-01 00:00:00-05:00,6.252304778988496,6.265664710852227,6.218906223402393,6.238945484161377,3400,0.0,0.0
2019-02-04 00:00:00-05:00,6.345822040069292,6.345822040069292,6.212225914001465,6.212225914001465,1900,0.0,0.0
2019-02-05 00:00:00-05:00,6.011831406381434,6.212225914001465,6.011831406381434,6.212225914001465,3700,0.0,0.0
2019-02-06 00:00:00-05:00,6.252303123474121,6.252303123474121,6.252303123474121,6.252303123474121,500,0.0,0.0
2019-02-07 00:00:00-05:00,6.279023739509484,6.292383670806885,6.279023739509484,6.292383670806885,1100,0.0,0.0
2019-02-08 00:00:00-05:00,6.2055463790893555,6.2055463790893555,6.2055463790893555,6.2055463790893555,500,0.0,0.0
2019-02-11 00:00:00-05:00,6.2055463790893555,6.2055463790893555,6.2055463790893555,6.2055463790893555,100,0.0,0.0
2019-02-12 00:00:00-05:00,6.2055463790893555,6.2055463790893555,6.2055463790893555,6.2055463790893555,0,0.0,0.0
2019-02-13 00:00:00-05:00,6.238945089132401,6.3458219891287175,6.238945089132401,6.319102764129639,7800,0.0,0.0
2019-02-14 00:00:00-05:00,6.345821380615234,6.345821380615234,6.345821380615234,6.345821380615234,600,0.0,0.0
2019-02-15 00:00:00-05:00,6.345821380615234,6.345821380615234,6.345821380615234,6.345821380615234,100,0.0,0.0
2019-02-19 00:00:00-05:00,6.345821380615234,6.345821380615234,6.345821380615234,6.345821380615234,0,0.0,0.0
2019-02-20 00:00:00-05:00,6.345821380615234,6.345821380615234,6.345821380615234,6.345821380615234,0,0.0,0.0
2019-02-21 00:00:00-05:00,6.432659878171047,6.446019172668457,6.432659878171047,6.446019172668457,1300,0.0,0.0
2019-02-22 00:00:00-05:00,6.45937967300415,6.45937967300415,6.45937967300415,6.45937967300415,100,0.0,0.0
2019-02-25 00:00:00-05:00,6.499457836151123,6.499457836151123,6.499457836151123,6.499457836151123,600,0.0,0.0
2019-02-26 00:00:00-05:00,6.459379109413645,6.492778301239014,6.459379109413645,6.492778301239014,900,0.0,0.0
2019-02-27 00:00:00-05:00,6.492778301239014,6.492778301239014,6.492778301239014,6.492778301239014,0,0.0,0.0
2019-02-28 00:00:00-05:00,6.446018619492106,6.452698584685858,6.4126200675964355,6.4126200675964355,3300,0.0,0.0
2019-03-01 00:00:00-05:00,6.385901538604658,6.385901538604658,6.345822380118328,6.352502346038818,3900,0.0,0.0
2019-03-04 00:00:00-05:00,6.36586098554229,6.3725409507751465,6.36586098554229,6.3725409507751465,600,0.0,0.0
2019-03-05 00:00:00-05:00,6.352501439146921,6.3591814041137695,6.352501439146921,6.3591814041137695,700,0.0,0.0
2019-03-06 00:00:00-05:00,6.479418196957032,6.479418196957032,6.399260520935059,6.399260520935059,1700,0.0,0.0
2019-03-07 00:00:00-05:00,6.4460191860605995,6.4460191860605995,6.379221439361572,6.379221439361572,1400,0.0,0.0
2019-03-08 00:00:00-05:00,6.432658195495606,6.432658195495606,6.432658195495606,6.4326581954956055,100,0.0,0.0
2019-03-11 00:00:00-04:00,6.4126200675964355,6.4126200675964355,6.4126200675964355,6.4126200675964355,800,0.0,0.0
2019-03-12 00:00:00-04:00,6.419299177705851,6.419299177705851,6.345821474180071,6.3591814041137695,5200,0.0,0.0
2019-03-13 00:00:00-04:00,6.379221439361572,6.379221439361572,6.345822247493759,6.379221439361572,1400,0.0,0.0
2019-03-14 00:00:00-04:00,6.345820710648375,6.345820710648375,6.145426245010085,6.252303123474121,2000,0.0,0.0
2019-03-15 00:00:00-04:00,6.325782775878906,6.325782775878906,6.325782775878906,6.325782775878906,500,0.0,0.0
2019-03-18 00:00:00-04:00,6.325782775878906,6.325782775878906,6.325782775878906,6.325782775878906,100,0.0,0.0
2019-03-19 00:00:00-04:00,6.238943832184339,6.265663051800348,6.232263868021225,6.252303123474121,900,0.0,0.0
2019-03-20 00:00:00-04:00,6.225584506988525,6.225584506988525,6.225584506988525,6.225584506988525,800,0.0,0.0
2019-03-21 00:00:00-04:00,6.245624665735756,6.285703182220459,6.245624665735756,6.285703182220459,2900,0.0,0.0
2019-03-22 00:00:00-04:00,6.279023739509484,6.292383670806885,6.279023739509484,6.292383670806885,1300,0.0,0.0
2019-03-25 00:00:00-04:00,6.292383670806885,6.292383670806885,6.292383670806885,6.292383670806885,0,0.0,0.0
2019-03-26 00:00:00-04:00,6.292383670806885,6.292383670806885,6.292383670806885,6.292383670806885,0,0.0,0.0
2019-03-27 00:00:00-04:00,6.292383670806885,6.292383670806885,6.292383670806885,6.292383670806885,0,0.0,0.0
2019-03-28 00:00:00-04:00,6.365861415863037,6.365861415863037,6.365861415863037,6.365861415863037,700,0.0,0.0
2019-03-29 00:00:00-04:00,6.365861415863037,6.365861415863037,6.365861415863037,6.365861415863037,0,0.0,0.0
2019-04-01 00:00:00-04:00,6.405940763144144,6.419300057873049,6.205546245917689,6.232265472412109,6000,0.0,0.0
2019-04-02 00:00:00-04:00,6.279023872026889,6.305743098149007,6.265664577484132,6.265664577484131,900,0.0,0.0
2019-04-03 00:00:00-04:00,6.359181310351951,6.419299083057635,6.345821380615234,6.345821380615234,2800,0.0,0.0
2019-04-04 00:00:00-04:00,6.345821380615234,6.345821380615234,6.345821380615234,6.345821380615234,200,0.0,0.0
2019-04-05 00:00:00-04:00,6.265664934875827,6.265664934875827,6.178827285766602,6.178827285766602,4100,0.0,0.0
2019-04-08 00:00:00-04:00,6.225585112510332,6.312422752380371,6.192186559283567,6.312422752380371,2500,0.0,0.0
2019-04-09 00:00:00-04:00,6.319102715090904,6.43933954517196,6.319102715090904,6.4259796142578125,2900,0.0,0.0
2019-04-10 00:00:00-04:00,6.3792208786642215,6.4126200675964355,6.3792208786642215,6.4126200675964355,7400,0.0,0.0
2019-04-11 00:00:00-04:00,6.4126200675964355,6.4126200675964355,6.4126200675964355,6.4126200675964355,0,0.0,0.0
2019-04-12 00:00:00-04:00,6.299063682556152,6.299063682556152,6.299063682556152,6.299063682556152,100,0.0,0.0
2019-04-15 00:00:00-04:00,6.379221439361572,6.379221439361572,6.379221439361572,6.379221439361572,500,0.0,0.0
2019-04-16 00:00:00-04:00,6.385900843857973,6.4126200675964355,6.385900843857973,6.4126200675964355,1200,0.0,0.0
2019-04-17 00:00:00-04:00,6.4126200675964355,6.4126200675964355,6.4126200675964355,6.4126200675964355,0,0.0,0.0
2019-04-18 00:00:00-04:00,6.4126200675964355,6.4126200675964355,6.4126200675964355,6.4126200675964355,0,0.0,0.0
2019-04-22 00:00:00-04:00,6.379221439361572,6.439339857316316,6.379221439361572,6.379221439361572,1700,0.0,0.0
2019-04-23 00:00:00-04:00,6.405940921391262,6.439340114593506,6.379221694236792,6.439340114593506,2300,0.0,0.0
2019-04-24 00:00:00-04:00,6.419299959973668,6.425979925754551,6.345822247493759,6.379221439361572,5500,0.0,0.0
2019-04-25 00:00:00-04:00,6.419300216450185,6.439340114593506,6.419300216450185,6.439340114593506,3400,0.0,0.0
2019-04-26 00:00:00-04:00,6.446019172668457,6.446019172668457,6.446019172668457,6.446019172668457,4600,0.0,0.0
2019-04-29 00:00:00-04:00,6.446019172668457,6.446019172668457,6.446019172668457,6.446019172668457,0,0.0,0.0
2019-04-30 00:00:00-04:00,6.4126200675964355,6.4126200675964355,6.4126200675964355,6.4126200675964355,1200,0.0,0.0
2019-05-01 00:00:00-04:00,6.412620617906632,6.459379104202466,6.405940652139627,6.446019172668457,4900,0.0,0.0
2019-05-02 00:00:00-04:00,6.466059325785935,6.50613784790039,6.452699393723368,6.506137847900391,1400,0.0,0.0
2019-05-03 00:00:00-04:00,6.572936099553568,6.572936099553568,6.5328569412231445,6.5328569412231445,600,0.0,0.0
2019-05-06 00:00:00-04:00,6.519497522032309,6.519497522032309,6.446019172668457,6.446019172668457,800,0.0,0.0
2019-05-07 00:00:00-04:00,6.559576089305012,6.579615986748831,6.425979958195902,6.452699184417725,5900,0.0,0.0
2019-05-08 00:00:00-04:00,6.486098197251305,6.486098197251305,6.459378971767702,6.472738265991211,1000,0.0,0.0
2019-05-09 00:00:00-04:00,6.472738265991211,6.472738265991211,6.472738265991211,6.472738265991211,100,0.0,0.0
2019-05-10 00:00:00-04:00,6.472737843230569,6.472737843230569,6.4126200675964355,6.4126200675964355,600,0.0,0.0
2019-05-13 00:00:00-04:00,6.506137725002193,6.506137725002193,6.399260818667009,6.419300079345703,2900,0.0,0.0
2019-05-14 00:00:00-04:00,6.479417324066162,6.479417324066162,6.479417324066162,6.479417324066162,300,0.0,0.0
2019-05-15 00:00:00-04:00,6.446019172668457,6.446019172668457,6.446019172668457,6.446019172668457,100,0.0,0.0
2019-05-16 00:00:00-04:00,6.479418369694226,6.492778301239014,6.479418369694226,6.492778301239014,400,0.0,0.0
2019-05-17 00:00:00-04:00,6.492778301239014,6.492778301239014,6.492778301239014,6.492778301239014,0,0.0,0.0
2019-05-20 00:00:00-04:00,6.425979360947395,6.425979360947395,6.4126200675964355,6.4126200675964355,200,0.0,0.0
2019-05-21 00:00:00-04:00,6.512816905975342,6.512816905975342,6.499456975775291,6.512816905975342,5300,0.0,0.0
2019-05-22 00:00:00-04:00,6.479417324066162,6.479417324066162,6.479417324066162,6.479417324066162,1500,0.0,0.0
2019-05-23 00:00:00-04:00,6.512816905975342,6.512816905975342,6.512816905975342,6.512816905975342,200,0.0,0.0
2019-05-24 00:00:00-04:00,6.512816905975342,6.512816905975342,6.512816905975342,6.512816905975342,200,0.0,0.0
2019-05-28 00:00:00-04:00,6.512816905975342,6.512816905975342,6.512816905975342,6.512816905975342,0,0.0,0.0
2019-05-29 00:00:00-04:00,6.512816905975342,6.512816905975342,6.512816905975342,6.512816905975342,0,0.0,0.0
2019-05-30 00:00:00-04:00,6.479419030966381,6.613015174865723,6.479419030966381,6.613015174865723,3700,0.0,0.0
2019-05-31 00:00:00-04:00,6.613015174865723,6.613015174865723,6.613015174865723,6.613015174865723,0,0.0,0.0
2019-06-03 00:00:00-04:00,6.613015174865723,6.613015174865723,6.613015174865723,6.613015174865723,0,0.0,0.0
2019-06-04 00:00:00-04:00,6.499456892979382,6.546216011047363,6.499456892979382,6.546216011047363,600,0.0,0.0
2019-06-05 00:00:00-04:00,6.546216011047363,6.546216011047363,6.546216011047363,6.546216011047363,0,0.0,0.0
2019-06-06 00:00:00-04:00,6.546216011047363,6.546216011047363,6.546216011047363,6.546216011047363,0,0.0,0.0
2019-06-07 00:00:00-04:00,6.532857029035983,6.532857029035983,6.499457836151123,6.499457836151123,1000,0.0,0.0
2019-06-10 00:00:00-04:00,6.506136940875316,6.613013834329579,6.506136940875316,6.512816905975342,5300,0.0,0.0
2019-06-11 00:00:00-04:00,6.539536345212426,6.566255569458007,6.539536345212426,6.566255569458008,500,0.0,0.0
2019-06-12 00:00:00-04:00,6.613014052628635,6.6397332768742165,6.5462163105329605,6.566255569458008,5900,0.0,0.0
2019-06-13 00:00:00-04:00,6.703642488385341,6.703642488385341,6.606988292072274,6.627700328826904,4500,0.319,0.0
2019-06-14 00:00:00-04:00,6.627699694416544,6.765776634216309,6.627699694416544,6.765776634216309,2000,0.0,0.0
2019-06-17 00:00:00-04:00,6.6277000068266485,6.765776953134951,6.6277000068266485,6.738161563873291,5000,0.0,0.0
2019-06-18 00:00:00-04:00,6.8002969221213165,6.8002969221213165,6.745066138986357,6.779584884643555,8600,0.0,0.0
2019-06-19 00:00:00-04:00,6.800297260284424,6.938374224988072,6.800297260284424,6.800297260284424,7000,0.0,0.0
2019-06-20 00:00:00-04:00,6.69673893217567,6.800297147792501,6.69673893217567,6.793393135070801,3500,0.0,0.0
2019-06-21 00:00:00-04:00,6.862430819753759,6.862430819753759,6.627700328826904,6.627700328826904,2400,0.0,0.0
2019-06-24 00:00:00-04:00,6.627700328826904,6.627700328826904,6.627700328826904,6.627700328826904,0,0.0,0.0
2019-06-25 00:00:00-04:00,6.66221953962661,6.710546970367432,6.66221953962661,6.710546970367432,600,0.0,0.0
2019-06-26 00:00:00-04:00,6.745065689086913,6.745065689086913,6.745065689086913,6.745065689086914,500,0.0,0.0
2019-06-27 00:00:00-04:00,6.731257438659668,6.731257438659668,6.731257438659668,6.731257438659668,1100,0.0,0.0
2019-06-28 00:00:00-04:00,6.751968611034941,6.765776634216309,6.751968611034941,6.765776634216309,600,0.0,0.0
2019-07-01 00:00:00-04:00,6.662219469962518,6.724354267120361,6.662219469962518,6.724354267120361,900,0.0,0.0
2019-07-02 00:00:00-04:00,6.758873462677002,6.758873462677002,6.758873462677002,6.758873462677002,1400,0.0,0.0
2019-07-03 00:00:00-04:00,6.758873462677002,6.758873462677002,6.758873462677002,6.758873462677002,0,0.0,0.0
2019-07-05 00:00:00-04:00,6.7174506187438965,6.7174506187438965,6.7174506187438965,6.7174506187438965,400,0.0,0.0
2019-07-08 00:00:00-04:00,6.793393247448516,6.800297260284424,6.793393247448516,6.800297260284424,700,0.0,0.0
2019-07-09 00:00:00-04:00,6.800296468537951,6.800296468537951,6.738161677054827,6.745065689086914,3100,0.0,0.0
2019-07-10 00:00:00-04:00,6.73816212649377,6.834815667778514,6.648411939298743,6.779584884643555,7400,0.0,0.0
2019-07-11 00:00:00-04:00,6.8417193131916765,6.8417193131916765,6.7864885330200195,6.7864885330200195,1400,0.0,0.0
2019-07-12 00:00:00-04:00,6.834815979003906,6.834815979003906,6.834815979003906,6.834815979003906,2000,0.0,0.0
2019-07-15 00:00:00-04:00,6.800297260284424,6.800297260284424,6.800297260284424,6.800297260284424,1300,0.0,0.0
2019-07-16 00:00:00-04:00,6.821007365407714,6.834814730095757,6.821007365407714,6.827911376953125,800,0.0,0.0
2019-07-17 00:00:00-04:00,6.827911376953125,6.827911376953125,6.827911376953125,6.827911376953125,0,0.0,0.0
2019-07-18 00:00:00-04:00,6.827911376953125,6.827911376953125,6.827911376953125,6.827911376953125,0,0.0,0.0
2019-07-19 00:00:00-04:00,6.876238504043022,6.903853893280029,6.834815090986104,6.903853893280029,2300,0.0,0.0
2019-07-22 00:00:00-04:00,6.903853893280029,6.903853893280029,6.903853893280029,6.903853893280029,3400,0.0,0.0
2019-07-23 00:00:00-04:00,6.903854790267744,6.910758803074708,6.834815979003906,6.834815979003906,5300,0.0,0.0
2019-07-24 00:00:00-04:00,6.883143982279598,6.924566745758057,6.883143982279598,6.924566745758057,1900,0.0,0.0
2019-07-25 00:00:00-04:00,6.917662351465096,6.917662351465096,6.883142948150635,6.883142948150635,2100,0.0,0.0
2019-07-26 00:00:00-04:00,6.807199861726418,6.903854055528841,6.69673830218241,6.848623275756836,5900,0.0,0.0
2019-07-29 00:00:00-04:00,6.807199861726418,6.903854055528841,6.69673830218241,6.848623275756836,5900,0.0,0.0
2019-07-30 00:00:00-04:00,6.807199861726418,6.903854055528841,6.69673830218241,6.848623275756836,5900,0.0,0.0
2019-07-31 00:00:00-04:00,6.903853893280029,6.903853893280029,6.903853893280029,6.903853893280029,1000,0.0,0.0
2019-08-01 00:00:00-04:00,6.862430209248891,6.876238232523569,6.834814821102322,6.8693342208862305,5600,0.0,0.0
2019-08-02 00:00:00-04:00,6.848623369584501,6.855527381751295,6.800296601222617,6.807199954986572,2600,0.0,0.0
2019-08-05 00:00:00-04:00,6.8141045570373535,6.8141045570373535,6.8141045570373535,6.8141045570373535,2500,0.0,0.0
2019-08-06 00:00:00-04:00,6.834815979003906,6.834815979003906,6.834815979003906,6.834815979003906,600,0.0,0.0
2019-08-07 00:00:00-04:00,6.883143354641244,6.903854734491909,6.883143354641244,6.896950721740723,3900,0.0,0.0
2019-08-08 00:00:00-04:00,6.90385432677817,6.90385432677817,6.883142948150635,6.883142948150635,1200,0.0,0.0
2019-08-09 00:00:00-04:00,6.924565270607082,6.9383732944269925,6.903853893280029,6.903853893280029,2000,0.0,0.0
2019-08-12 00:00:00-04:00,6.924565270607082,6.9383732944269925,6.903853893280029,6.903853893280029,100,0.0,0.0
2019-08-13 00:00:00-04:00,6.896950314434706,6.896950314434706,6.883142948150635,6.883142948150635,300,0.0,0.0
2019-08-14 00:00:00-04:00,6.896950314434706,6.896950314434706,6.883142948150635,6.883142948150635,100,0.0,0.0
2019-08-15 00:00:00-04:00,6.9107583391216325,6.9107583391216325,6.883142948150635,6.883142948150635,3400,0.0,0.0
2019-08-16 00:00:00-04:00,6.883142948150635,6.883142948150635,6.883142948150635,6.883142948150635,0,0.0,0.0
2019-08-19 00:00:00-04:00,6.883142948150635,6.883142948150635,6.883142948150635,6.883142948150635,0,0.0,0.0
2019-08-20 00:00:00-04:00,6.883142948150635,6.883142948150635,6.883142948150635,6.883142948150635,0,0.0,0.0
2019-08-21 00:00:00-04:00,6.903853893280029,6.903853893280029,6.903853893280029,6.903853893280029,100,0.0,0.0
2019-08-22 00:00:00-04:00,6.903853893280029,6.903853893280029,6.903853893280029,6.903853893280029,0,0.0,0.0
2019-08-23 00:00:00-04:00,6.903854119435044,6.917662143707275,6.903854119435044,6.917662143707275,1500,0.0,0.0
2019-08-26 00:00:00-04:00,6.8900465965271,6.8900465965271,6.8900465965271,6.8900465965271,400,0.0,0.0
2019-08-27 00:00:00-04:00,6.8900465965271,6.8900465965271,6.8900465965271,6.8900465965271,0,0.0,0.0
2019-08-28 00:00:00-04:00,6.8900465965271,6.8900465965271,6.8900465965271,6.8900465965271,0,0.0,0.0
2019-08-29 00:00:00-04:00,6.8900465965271,6.8900465965271,6.8900465965271,6.8900465965271,0,0.0,0.0
2019-08-30 00:00:00-04:00,6.93837478318818,6.972894191741943,6.93837478318818,6.972894191741943,4100,0.0,0.0
2019-09-03 00:00:00-04:00,6.972894191741943,6.972894191741943,6.972894191741943,6.972894191741943,100,0.0,0.0
2019-09-04 00:00:00-04:00,6.972893271151317,7.145489632730282,6.972893271151317,7.076450824737549,2900,0.0,0.0
2019-09-05 00:00:00-04:00,7.076450824737549,7.076450824737549,7.076450824737549,7.076450824737549,0,0.0,0.0
2019-09-06 00:00:00-04:00,7.076450824737549,7.076450824737549,7.076450824737549,7.076450824737549,100,0.0,0.0
2019-09-09 00:00:00-04:00,7.076450824737549,7.076450824737549,7.076450824737549,7.076450824737549,0,0.0,0.0
2019-09-10 00:00:00-04:00,7.076450824737549,7.076450824737549,7.076450824737549,7.076450824737549,0,0.0,0.0
2019-09-11 00:00:00-04:00,7.04193119593482,7.062642574310303,7.04193119593482,7.062642574310303,300,0.0,0.0
2019-09-12 00:00:00-04:00,7.007411913552229,7.007411913552229,6.945277777357211,6.986700534820557,2500,0.0,0.0
2019-09-13 00:00:00-04:00,6.986700534820557,6.986700534820557,6.986700534820557,6.986700534820557,0,0.0,0.0
2019-09-16 00:00:00-04:00,6.986700534820557,6.986700534820557,6.986700534820557,6.986700534820557,0,0.0,0.0
2019-09-17 00:00:00-04:00,6.986700534820557,6.986700534820557,6.986700534820557,6.986700534820557,100,0.0,0.0
2019-09-18 00:00:00-04:00,6.972894191741943,6.972894191741943,6.972894191741943,6.972894191741943,200,0.0,0.0
2019-09-19 00:00:00-04:00,6.93837308883667,6.93837308883667,6.93837308883667,6.93837308883667,100,0.0,0.0
2019-09-20 00:00:00-04:00,6.93837308883667,6.93837308883667,6.93837308883667,6.93837308883667,0,0.0,0.0
2019-09-23 00:00:00-04:00,6.93837308883667,6.93837308883667,6.93837308883667,6.93837308883667,100,0.0,0.0
2019-09-24 00:00:00-04:00,6.93837308883667,6.93837308883667,6.93837308883667,6.93837308883667,0,0.0,0.0
2019-09-25 00:00:00-04:00,6.972894191741943,6.972894191741943,6.972894191741943,6.972894191741943,300,0.0,0.0
2019-09-26 00:00:00-04:00,6.972894191741943,6.972894191741943,6.972894191741943,6.972894191741943,0,0.0,0.0
2019-09-27 00:00:00-04:00,6.8900465965271,6.8900465965271,6.8900465965271,6.8900465965271,100,0.0,0.0
2019-09-30 00:00:00-04:00,6.8900465965271,6.8900465965271,6.8900465965271,6.8900465965271,0,0.0,0.0
2019-10-01 00:00:00-04:00,6.8900465965271,6.8900465965271,6.8900465965271,6.8900465965271,0,0.0,0.0
2019-10-02 00:00:00-04:00,6.931469509576671,6.938373521712787,6.896950107298929,6.917662143707275,3000,0.0,0.0
2019-10-03 00:00:00-04:00,6.917661917099941,6.917661917099941,6.896949881370074,6.903853893280029,2800,0.0,0.0
2019-10-04 00:00:00-04:00,6.903853893280029,6.903853893280029,6.903853893280029,6.903853893280029,0,0.0,0.0
2019-10-07 00:00:00-04:00,6.903853893280029,6.903853893280029,6.903853893280029,6.903853893280029,0,0.0,0.0
2019-10-08 00:00:00-04:00,6.903853893280029,6.903853893280029,6.903853893280029,6.903853893280029,0,0.0,0.0
2019-10-09 00:00:00-04:00,6.903853893280029,6.903853893280029,6.903853893280029,6.903853893280029,0,0.0,0.0
2019-10-10 00:00:00-04:00,6.8900465965271,6.8900465965271,6.8900465965271,6.8900465965271,100,0.0,0.0
2019-10-11 00:00:00-04:00,6.890046708989535,6.903854734491909,6.883143354641244,6.896950721740723,3200,0.0,0.0
2019-10-14 00:00:00-04:00,6.896950721740722,6.896950721740722,6.896950721740722,6.896950721740723,100,0.0,0.0
2019-10-15 00:00:00-04:00,6.896950721740722,6.896950721740722,6.896950721740722,6.896950721740723,0,0.0,0.0
2019-10-16 00:00:00-04:00,6.938374139844947,6.938374139844947,6.896950721740722,6.896950721740723,5800,0.0,0.0
2019-10-17 00:00:00-04:00,6.896950721740722,6.896950721740722,6.896950721740722,6.896950721740723,0,0.0,0.0
2019-10-18 00:00:00-04:00,6.965990640977459,7.1592984199523935,6.965990640977459,7.159298419952393,3700,0.0,0.0
2019-10-21 00:00:00-04:00,7.1592984199523935,7.1592984199523935,7.1592984199523935,7.159298419952393,0,0.0,0.0
2019-10-22 00:00:00-04:00,7.1592984199523935,7.1592984199523935,7.1592984199523935,7.159298419952393,0,0.0,0.0
2019-10-23 00:00:00-04:00,7.041930223910877,7.09025764465332,7.041930223910877,7.09025764465332,1300,0.0,0.0
2019-10-24 00:00:00-04:00,7.09025764465332,7.09025764465332,7.09025764465332,7.09025764465332,0,0.0,0.0
2019-10-25 00:00:00-04:00,7.09025764465332,7.09025764465332,7.09025764465332,7.09025764465332,0,0.0,0.0
2019-10-28 00:00:00-04:00,7.076451625874594,7.076451625874594,7.0488362312316895,7.0488362312316895,1000,0.0,0.0
2019-10-29 00:00:00-04:00,7.0488362312316895,7.0488362312316895,7.0488362312316895,7.0488362312316895,0,0.0,0.0
2019-10-30 00:00:00-04:00,7.110970749512197,7.1178747624976655,7.09716272354126,7.09716272354126,1400,0.0,0.0
2019-10-31 00:00:00-04:00,7.117874874943956,7.117874874943956,7.104066848754883,7.104066848754883,1000,0.0,0.0
2019-11-01 00:00:00-04:00,7.131680920497769,7.131680920497769,7.110969543457031,7.110969543457031,300,0.0,0.0
2019-11-04 00:00:00-05:00,7.055738699005008,7.055738699005008,7.000507921816941,7.041930675506592,1600,0.0,0.0
2019-11-05 00:00:00-05:00,7.041930675506592,7.041930675506592,7.041930675506592,7.041930675506592,0,0.0,0.0
2019-11-06 00:00:00-05:00,7.00741127516335,7.041930675506592,7.00741127516335,7.041930675506592,1300,0.0,0.0
2019-11-07 00:00:00-05:00,7.014315491900924,7.014315491900924,7.007411479949951,7.007411479949951,1500,0.0,0.0
2019-11-08 00:00:00-05:00,7.104065418789731,7.104065418789731,6.938373088290348,7.021219253540039,1400,0.0,0.0
2019-11-11 00:00:00-05:00,6.986701560121675,6.986701560121675,6.972894191741943,6.972894191741943,1000,0.0,0.0
2019-11-12 00:00:00-05:00,6.972892488960791,6.972892488960791,6.93837308883667,6.93837308883667,1000,0.0,0.0
2019-11-13 00:00:00-05:00,6.93837308883667,6.93837308883667,6.93837308883667,6.93837308883667,0,0.0,0.0
2019-11-14 00:00:00-05:00,6.93837308883667,6.93837308883667,6.93837308883667,6.93837308883667,0,0.0,0.0
2019-11-15 00:00:00-05:00,7.007411479949951,7.007411479949951,7.007411479949951,7.007411479949951,2100,0.0,0.0
2019-11-18 00:00:00-05:00,7.007411479949951,7.007411479949951,7.007411479949951,7.007411479949951,0,0.0,0.0
2019-11-19 00:00:00-05:00,7.007411479949951,7.007411479949951,7.007411479949951,7.007411479949951,0,0.0,0.0
2019-11-20 00:00:00-05:00,7.007411479949951,7.007411479949951,7.007411479949951,7.007411479949951,0,0.0,0.0
2019-11-21 00:00:00-05:00,7.055739402770996,7.055739402770996,7.055739402770996,7.055739402770996,200,0.0,0.0
2019-11-22 00:00:00-05:00,7.055739402770996,7.055739402770996,7.055739402770996,7.055739402770996,0,0.0,0.0
2019-11-25 00:00:00-05:00,6.972892602920355,6.972892602920355,6.945277214050293,6.945277214050293,7000,0.0,0.0
2019-11-26 00:00:00-05:00,6.945277214050293,6.945277214050293,6.945277214050293,6.945277214050293,0,0.0,0.0
2019-11-27 00:00:00-05:00,6.945277214050293,6.945277214050293,6.945277214050293,6.945277214050293,0,0.0,0.0
2019-11-29 00:00:00-05:00,6.99360466003418,6.99360466003418,6.99360466003418,6.99360466003418,500,0.0,0.0
2019-12-02 00:00:00-05:00,6.9452778894129485,6.99360466003418,6.9038544728784155,6.99360466003418,5100,0.0,0.0
2019-12-03 00:00:00-05:00,6.910759218109802,7.028124809265137,6.910759218109802,7.028124809265137,500,0.0,0.0
2019-12-04 00:00:00-05:00,7.028124809265137,7.028124809265137,7.028124809265137,7.028124809265137,0,0.0,0.0
2019-12-05 00:00:00-05:00,6.959084305678372,6.959084305678372,6.910757541656494,6.910757541656494,1800,0.0,0.0
2019-12-06 00:00:00-05:00,6.910757541656494,6.910757541656494,6.910757541656494,6.910757541656494,0,0.0,0.0
2019-12-09 00:00:00-05:00,6.910757541656494,6.910757541656494,6.910757541656494,6.910757541656494,0,0.0,0.0
2019-12-10 00:00:00-05:00,6.910757541656494,6.910757541656494,6.910757541656494,6.910757541656494,0,0.0,0.0
2019-12-11 00:00:00-05:00,6.910757541656494,6.910757541656494,6.910757541656494,6.910757541656494,0,0.0,0.0
2019-12-12 00:00:00-05:00,7.12397790885939,7.12397790885939,6.917175769805908,6.917175769805908,800,0.319,0.0
2019-12-13 00:00:00-05:00,6.917175769805908,6.917175769805908,6.917175769805908,6.917175769805908,0,0.0,0.0
2019-12-16 00:00:00-05:00,6.988488024639838,7.131110090433374,6.988488024639838,7.059798717498779,4300,0.0,0.0
2019-12-17 00:00:00-05:00,7.059798717498779,7.059798717498779,7.059798717498779,7.059798717498779,0,0.0,0.0
2019-12-18 00:00:00-05:00,7.223814010620118,7.223814010620118,7.223814010620118,7.223814010620117,200,0.0,0.0
2019-12-19 00:00:00-05:00,7.259468917900412,7.259468917900412,7.188157558441162,7.188157558441162,400,0.0,0.0
2019-12-20 00:00:00-05:00,7.173895060274438,7.245205733352829,7.131108112367031,7.13823938369751,2100,0.0,0.0
2019-12-23 00:00:00-05:00,7.145371913909912,7.145371913909912,7.145371913909912,7.145371913909912,100,0.0,0.0
2019-12-24 00:00:00-05:00,7.145371913909912,7.145371913909912,7.145371913909912,7.145371913909912,0,0.0,0.0
2019-12-26 00:00:00-05:00,7.145371913909912,7.145371913909912,7.145371913909912,7.145371913909912,0,0.0,0.0
2019-12-27 00:00:00-05:00,7.16676425933838,7.16676425933838,7.16676425933838,7.166764259338379,3000,0.0,0.0
2019-12-30 00:00:00-05:00,7.159633159637451,7.159633159637451,7.159633159637451,7.159633159637451,300,0.0,0.0
2019-12-31 00:00:00-05:00,7.16676425933838,7.16676425933838,7.16676425933838,7.166764259338379,500,0.0,0.0
2020-01-02 00:00:00-05:00,7.16676425933838,7.16676425933838,7.16676425933838,7.166764259338379,0,0.0,0.0
2020-01-03 00:00:00-05:00,7.16676425933838,7.16676425933838,7.16676425933838,7.166764259338379,0,0.0,0.0
2020-01-06 00:00:00-05:00,7.16676425933838,7.16676425933838,7.16676425933838,7.166764259338379,0,0.0,0.0
2020-01-07 00:00:00-05:00,7.16676425933838,7.16676425933838,7.16676425933838,7.166764259338379,0,0.0,0.0
2020-01-08 00:00:00-05:00,7.223814010620118,7.223814010620118,7.223814010620118,7.223814010620117,100,0.0,0.0
2020-01-09 00:00:00-05:00,7.223814010620118,7.223814010620118,7.223814010620118,7.223814010620117,0,0.0,0.0
2020-01-10 00:00:00-05:00,7.223814010620118,7.223814010620118,7.223814010620118,7.223814010620117,0,0.0,0.0
2020-01-13 00:00:00-05:00,7.223814010620118,7.223814010620118,7.223814010620118,7.223814010620117,0,0.0,0.0
2020-01-14 00:00:00-05:00,7.223814171152335,7.25946985548702,7.223814171152335,7.2452073097229,3300,0.0,0.0
2020-01-15 00:00:00-05:00,7.2452073097229,7.2452073097229,7.2452073097229,7.2452073097229,0,0.0,0.0
2020-01-16 00:00:00-05:00,7.2452073097229,7.2452073097229,7.2452073097229,7.2452073097229,0,0.0,0.0
2020-01-17 00:00:00-05:00,7.2452073097229,7.2452073097229,7.2452073097229,7.2452073097229,0,0.0,0.0
2020-01-21 00:00:00-05:00,7.238075256347656,7.238075256347656,7.238075256347656,7.238075256347656,300,0.0,0.0
2020-01-22 00:00:00-05:00,7.238075256347656,7.238075256347656,7.238075256347656,7.238075256347656,0,0.0,0.0
2020-01-23 00:00:00-05:00,7.238075256347656,7.238075256347656,7.238075256347656,7.238075256347656,0,0.0,0.0
2020-01-24 00:00:00-05:00,7.238075256347656,7.238075256347656,7.238075256347656,7.238075256347656,0,0.0,0.0
2020-01-27 00:00:00-05:00,7.195288641708406,7.252337455749512,7.195288641708406,7.252337455749512,2700,0.0,0.0
2020-01-28 00:00:00-05:00,7.252337455749512,7.252337455749512,7.252337455749512,7.252337455749512,0,0.0,0.0
2020-01-29 00:00:00-05:00,7.252337455749512,7.252337455749512,7.252337455749512,7.252337455749512,0,0.0,0.0
2020-01-30 00:00:00-05:00,7.252337455749512,7.252337455749512,7.252337455749512,7.252337455749512,600,0.0,0.0
2020-01-31 00:00:00-05:00,7.252337455749512,7.252337455749512,7.252337455749512,7.252337455749512,200,0.0,0.0
2020-02-03 00:00:00-05:00,7.323647975921631,7.323647975921631,7.323647975921631,7.323647975921631,200,0.0,0.0
2020-02-04 00:00:00-05:00,7.259470462799072,7.259470462799072,7.259470462799072,7.259470462799072,100,0.0,0.0
2020-02-05 00:00:00-05:00,7.259470462799072,7.259470462799072,7.259470462799072,7.259470462799072,0,0.0,0.0
2020-02-06 00:00:00-05:00,7.266599344215949,7.266599344215949,7.16676425933838,7.166764259338379,3500,0.0,0.0
2020-02-07 00:00:00-05:00,7.209552258624398,7.209552258624398,7.20242166519165,7.20242166519165,900,0.0,0.0
2020-02-10 00:00:00-05:00,7.20242166519165,7.20242166519165,7.20242166519165,7.20242166519165,0,0.0,0.0
2020-02-11 00:00:00-05:00,7.223814010620118,7.223814010620118,7.223814010620118,7.223814010620117,100,0.0,0.0
2020-02-12 00:00:00-05:00,7.2452075993049,7.280863285064697,7.2452075993049,7.280863285064697,600,0.0,0.0
2020-02-13 00:00:00-05:00,7.280863285064697,7.280863285064697,7.280863285064697,7.280863285064697,0,0.0,0.0
2020-02-14 00:00:00-05:00,7.245207946090826,7.245207946090826,7.20242166519165,7.20242166519165,700,0.0,0.0
2020-02-18 00:00:00-05:00,7.20242166519165,7.20242166519165,7.20242166519165,7.20242166519165,0,0.0,0.0
2020-02-19 00:00:00-05:00,7.223814010620118,7.252338421438855,7.223814010620118,7.223814010620117,1000,0.0,0.0
2020-02-20 00:00:00-05:00,7.223814010620118,7.223814010620118,7.223814010620118,7.223814010620117,0,0.0,0.0
2020-02-21 00:00:00-05:00,7.223814010620118,7.223814010620118,7.223814010620118,7.223814010620117,0,0.0,0.0
2020-02-24 00:00:00-05:00,7.195289611816406,7.195289611816406,7.195289611816406,7.195289611816406,100,0.0,0.0
2020-02-25 00:00:00-05:00,7.195289611816406,7.195289611816406,7.195289611816406,7.195289611816406,0,0.0,0.0
2020-02-26 00:00:00-05:00,7.259470462799072,7.259470462799072,7.259470462799072,7.259470462799072,300,0.0,0.0
2020-02-27 00:00:00-05:00,7.259470462799072,7.259470462799072,7.259470462799072,7.259470462799072,0,0.0,0.0
2020-02-28 00:00:00-05:00,7.238075256347656,7.238075256347656,7.238075256347656,7.238075256347656,700,0.0,0.0
2020-03-02 00:00:00-05:00,7.238075256347656,7.238075256347656,7.238075256347656,7.238075256347656,0,0.0,0.0
2020-03-03 00:00:00-05:00,7.238075256347656,7.238075256347656,7.238075256347656,7.238075256347656,0,0.0,0.0
2020-03-04 00:00:00-05:00,7.238075256347656,7.238075256347656,7.238075256347656,7.238075256347656,0,0.0,0.0
2020-03-05 00:00:00-05:00,7.2737313931863365,7.295124530792236,7.188158162687154,7.295124530792236,3300,0.0,0.0
2020-03-06 00:00:00-05:00,7.295124530792236,7.295124530792236,7.295124530792236,7.295124530792236,0,0.0,0.0
2020-03-09 00:00:00-04:00,7.18815725356164,7.238074795020589,7.181025981903076,7.181025981903076,1400,0.0,0.0
2020-03-10 00:00:00-04:00,7.181026304535407,7.181026304535407,7.13110876083374,7.13110876083374,600,0.0,0.0
2020-03-11 00:00:00-04:00,7.145371124018259,7.1881573946585,7.123977308622628,7.166764259338379,3300,0.0,0.0
2020-03-12 00:00:00-04:00,7.145371379623696,7.145371379623696,6.774553393740586,6.902913570404053,19900,0.0,0.0
2020-03-13 00:00:00-04:00,6.902913982181638,6.902913982181638,6.717504978179932,6.717504978179932,3100,0.0,0.0
2020-03-16 00:00:00-04:00,6.56062126159668,6.6319326357749,6.56062126159668,6.56062126159668,2400,0.0,0.0
2020-03-17 00:00:00-04:00,6.417998998347944,6.417998998347944,5.783329963684082,5.783329963684082,2300,0.0,0.0
2020-03-18 00:00:00-04:00,5.704887383422639,5.704887383422639,4.6494832038879395,4.6494832038879395,4400,0.0,0.0
2020-03-19 00:00:00-04:00,4.635221267673134,5.376856643297811,4.357108086823331,5.35546350479126,3200,0.0,0.0
2020-03-20 00:00:00-04:00,5.883164405822754,5.883164405822754,5.883164405822754,5.883164405822754,2100,0.0,0.0
2020-03-23 00:00:00-04:00,5.526610480585451,5.526610480585451,5.07021951675415,5.07021951675415,1700,0.0,0.0
2020-03-24 00:00:00-04:00,4.991776856099546,5.52661009068164,4.991776856099546,5.476692199707031,2400,0.0,0.0
2020-03-25 00:00:00-04:00,5.854641078394229,6.147016466657453,5.847509805491318,5.897428035736084,1100,0.0,0.0
2020-03-26 00:00:00-04:00,5.897428035736084,5.897428035736084,5.897428035736084,5.897428035736084,200,0.0,0.0
2020-03-27 00:00:00-04:00,5.897428035736084,5.897428035736084,5.897428035736084,5.897428035736084,0,0.0,0.0
2020-03-30 00:00:00-04:00,5.897428035736084,5.897428035736084,5.897428035736084,5.897428035736084,0,0.0,0.0
2020-03-31 00:00:00-04:00,5.918821178908225,5.961607456207275,5.918821178908225,5.961607456207275,2100,0.0,0.0
2020-04-01 00:00:00-04:00,5.990131988292319,6.025787673476032,5.704887866973877,5.704887866973877,4200,0.0,0.0
2020-04-02 00:00:00-04:00,5.704887866973877,5.704887866973877,5.704887866973877,5.704887866973877,0,0.0,0.0
2020-04-03 00:00:00-04:00,5.490953976991477,5.562265341398415,5.348331928253174,5.348331928253174,3800,0.0,0.0
2020-04-06 00:00:00-04:00,5.355463020020812,6.161278418299256,5.355463020020812,5.769067287445068,14900,0.0,0.0
2020-04-07 00:00:00-04:00,5.704887439881944,6.275376319885254,5.704887439881944,6.275376319885254,3000,0.0,0.0
2020-04-08 00:00:00-04:00,6.275376319885254,6.275376319885254,6.275376319885254,6.275376319885254,0,0.0,0.0
2020-04-09 00:00:00-04:00,6.275376389210969,6.5606204923260005,6.275376389210969,6.524964809417725,1900,0.0,0.0
2020-04-13 00:00:00-04:00,6.56062126159668,6.56062126159668,6.56062126159668,6.56062126159668,1900,0.0,0.0
2020-04-14 00:00:00-04:00,6.731766854169935,6.731766854169935,6.596276077222405,6.688980579376221,600,0.0,0.0
2020-04-15 00:00:00-04:00,6.631932073046916,6.703242761098667,6.631932073046916,6.667587757110596,1700,0.0,0.0
2020-04-16 00:00:00-04:00,6.667587757110596,6.667587757110596,6.667587757110596,6.667587757110596,0,0.0,0.0
2020-04-17 00:00:00-04:00,6.703241793963447,6.710373065762414,6.681848658642057,6.69611120223999,2100,0.0,0.0
2020-04-20 00:00:00-04:00,6.724636554718018,6.724636554718018,6.724636554718018,6.724636554718018,400,0.0,0.0
2020-04-21 00:00:00-04:00,6.724636554718018,6.724636554718018,6.724636554718018,6.724636554718018,0,0.0,0.0
2020-04-22 00:00:00-04:00,6.874389678787386,6.917175954173026,6.874389678787386,6.8815202713012695,2200,0.0,0.0
2020-04-23 00:00:00-04:00,6.895782298350408,6.902913570404053,6.895782298350408,6.902913570404053,400,0.0,0.0
2020-04-24 00:00:00-04:00,7.116847038269043,7.116847038269043,7.116847038269043,7.116847038269043,300,0.0,0.0
2020-04-27 00:00:00-04:00,7.116847038269043,7.116847038269043,7.116847038269043,7.116847038269043,0,0.0,0.0
2020-04-28 00:00:00-04:00,6.974225108468125,6.995618927260267,6.795947365653981,6.831603050231934,800,0.0,0.0
2020-04-29 00:00:00-04:00,6.831603050231934,6.831603050231934,6.831603050231934,6.831603050231934,0,0.0,0.0
2020-04-30 00:00:00-04:00,6.831603050231934,6.831603050231934,6.831603050231934,6.831603050231934,0,0.0,0.0
2020-05-01 00:00:00-04:00,6.781685175351052,6.8815202713012695,6.781685175351052,6.8815202713012695,2500,0.0,0.0
2020-05-04 00:00:00-04:00,6.9813560397564824,6.9813560397564824,6.817340850830078,6.817340850830078,4600,0.0,0.0
2020-05-05 00:00:00-04:00,6.817340850830078,6.817340850830078,6.817340850830078,6.817340850830078,0,0.0,0.0
2020-05-06 00:00:00-04:00,6.817340850830078,6.817340850830078,6.817340850830078,6.817340850830078,0,0.0,0.0
2020-05-07 00:00:00-04:00,6.817340850830078,6.817340850830078,6.817340850830078,6.817340850830078,0,0.0,0.0
2020-05-08 00:00:00-04:00,6.910044065695968,6.945699745389758,6.774553298950195,6.774553298950195,3200,0.0,0.0
2020-05-11 00:00:00-04:00,6.781685829162598,6.781685829162598,6.781685829162598,6.781685829162598,400,0.0,0.0
2020-05-12 00:00:00-04:00,6.781685829162598,6.781685829162598,6.781685829162598,6.781685829162598,0,0.0,0.0
2020-05-13 00:00:00-04:00,6.917175472483173,6.917175472483173,6.77455343100347,6.788815975189209,1700,0.0,0.0
2020-05-14 00:00:00-04:00,6.774553298950195,6.774553298950195,6.774553298950195,6.774553298950195,300,0.0,0.0
2020-05-15 00:00:00-04:00,6.774553298950195,6.774553298950195,6.774553298950195,6.774553298950195,0,0.0,0.0
2020-05-18 00:00:00-04:00,6.88152032990882,6.917176013084244,6.710373866757494,6.738898277282715,900,0.0,0.0
2020-05-19 00:00:00-04:00,6.738898277282715,6.738898277282715,6.738898277282715,6.738898277282715,0,0.0,0.0
2020-05-20 00:00:00-04:00,6.738898277282715,6.738898277282715,6.738898277282715,6.738898277282715,0,0.0,0.0
2020-05-21 00:00:00-04:00,6.845864772796631,6.845864772796631,6.845864772796631,6.845864772796631,100,0.0,0.0
2020-05-22 00:00:00-04:00,6.845864772796631,6.845864772796631,6.845864772796631,6.845864772796631,0,0.0,0.0
2020-05-26 00:00:00-04:00,6.938568570521207,7.0098799309065845,6.767422121686941,6.902913570404053,7000,0.0,0.0
2020-05-27 00:00:00-04:00,6.902913570404053,6.902913570404053,6.902913570404053,6.902913570404053,0,0.0,0.0
2020-05-28 00:00:00-04:00,6.902913570404053,6.902913570404053,6.902913570404053,6.902913570404053,0,0.0,0.0
2020-05-29 00:00:00-04:00,7.038404240563403,7.038404240563403,6.774553298950195,6.774553298950195,1800,0.0,0.0
2020-06-01 00:00:00-04:00,6.9670939445495605,7.059797764747828,6.9670939445495605,6.9670939445495605,700,0.0,0.0
2020-06-02 00:00:00-04:00,6.9670939445495605,6.9670939445495605,6.9670939445495605,6.9670939445495605,0,0.0,0.0
2020-06-03 00:00:00-04:00,6.9670939445495605,6.9670939445495605,6.9670939445495605,6.9670939445495605,0,0.0,0.0
2020-06-04 00:00:00-04:00,7.059798717498779,7.059798717498779,7.059798717498779,7.059798717498779,100,0.0,0.0
2020-06-05 00:00:00-04:00,7.088321809035506,7.152501896695093,7.038404265333838,7.13110876083374,8600,0.0,0.0
2020-06-08 00:00:00-04:00,7.181027317164928,7.316518783569336,7.181027317164928,7.316518783569336,2100,0.0,0.0
2020-06-09 00:00:00-04:00,7.159633159637451,7.159633159637451,7.159633159637451,7.159633159637451,1000,0.0,0.0
2020-06-10 00:00:00-04:00,7.266600131988525,7.266600131988525,7.266600131988525,7.266600131988525,1800,0.0,0.0
2020-06-11 00:00:00-04:00,7.214334209358211,7.354203642607698,7.192249709803783,7.339480876922607,2500,0.319,0.0
2020-06-12 00:00:00-04:00,7.339480876922607,7.339480876922607,7.339480876922607,7.339480876922607,0,0.0,0.0
2020-06-15 00:00:00-04:00,7.339480876922607,7.339480876922607,7.339480876922607,7.339480876922607,0,0.0,0.0
2020-06-16 00:00:00-04:00,7.523519081863484,7.523519081863484,7.192248821258545,7.192248821258545,4100,0.0,0.0
2020-06-17 00:00:00-04:00,7.192249142498869,7.265864369224922,7.015571053838581,7.184887409210205,3700,0.0,0.0
2020-06-18 00:00:00-04:00,7.2437803026283625,7.2437803026283625,7.2290568351745605,7.2290568351745605,500,0.0,0.0
2020-06-19 00:00:00-04:00,7.2290568351745605,7.2290568351745605,7.2290568351745605,7.2290568351745605,0,0.0,0.0
2020-06-22 00:00:00-04:00,7.324755668640137,7.324755668640137,7.324755668640137,7.324755668640137,100,0.0,0.0
2020-06-23 00:00:00-04:00,7.34684016294674,7.354201895066747,7.324755668640137,7.324755668640137,1200,0.0,0.0
2020-06-24 00:00:00-04:00,7.324755668640137,7.324755668640137,7.324755668640137,7.324755668640137,0,0.0,0.0
2020-06-25 00:00:00-04:00,7.2805866800269285,7.354201895066747,7.229055257240299,7.324755668640137,4600,0.0,0.0
2020-06-26 00:00:00-04:00,7.339480876922607,7.339480876922607,7.339480876922607,7.339480876922607,100,0.0,0.0
2020-06-29 00:00:00-04:00,7.32475619818565,7.3615641593933105,7.295309969630216,7.3615641593933105,800,0.0,0.0
2020-06-30 00:00:00-04:00,7.295311034609532,7.295311034609532,7.2290568351745605,7.2290568351745605,1800,0.0,0.0
2020-07-01 00:00:00-04:00,7.251142501831055,7.251142501831055,7.251142501831055,7.251142501831055,1300,0.0,0.0
2020-07-02 00:00:00-04:00,7.332118250478995,7.361564480318128,7.229056095015283,7.354202747344971,2700,0.0,0.0
2020-07-06 00:00:00-04:00,7.354202747344971,7.354202747344971,7.354202747344971,7.354202747344971,0,0.0,0.0
2020-07-07 00:00:00-04:00,7.354202747344971,7.354202747344971,7.354202747344971,7.354202747344971,0,0.0,0.0
2020-07-08 00:00:00-04:00,7.3468406940888595,7.3615641593933105,7.3468406940888595,7.3615641593933105,800,0.0,0.0
2020-07-09 00:00:00-04:00,7.2658637410747815,7.3615641593933105,7.2658637410747815,7.3615641593933105,700,0.0,0.0
2020-07-10 00:00:00-04:00,7.2658637410747815,7.3615641593933105,7.2658637410747815,7.3615641593933105,900,0.0,0.0
2020-07-13 00:00:00-04:00,7.2732253074646,7.2732253074646,7.2732253074646,7.2732253074646,300,0.0,0.0
2020-07-14 00:00:00-04:00,7.302671174333533,7.324755668640137,7.28794771009352,7.324755668640137,800,0.0,0.0
2020-07-15 00:00:00-04:00,7.324755668640137,7.324755668640137,7.324755668640137,7.324755668640137,0,0.0,0.0
2020-07-16 00:00:00-04:00,7.324755668640137,7.324755668640137,7.324755668640137,7.324755668640137,0,0.0,0.0
2020-07-17 00:00:00-04:00,7.295310287666705,7.354202747344971,7.287948554693548,7.354202747344971,800,0.0,0.0
2020-07-20 00:00:00-04:00,7.324756249207324,7.324756249207324,7.295310020446777,7.295310020446777,300,0.0,0.0
2020-07-21 00:00:00-04:00,7.361564210671375,7.361564210671375,7.295310020446777,7.295310020446777,2200,0.0,0.0
2020-07-22 00:00:00-04:00,7.317394351865028,7.317394351865028,7.310033321380615,7.310033321380615,200,0.0,0.0
2020-07-23 00:00:00-04:00,7.354202747344971,7.354202747344971,7.354202747344971,7.354202747344971,100,0.0,0.0
2020-07-24 00:00:00-04:00,7.354202747344971,7.354202747344971,7.354202747344971,7.354202747344971,0,0.0,0.0
2020-07-27 00:00:00-04:00,7.346841335296631,7.346841335296631,7.346841335296631,7.346841335296631,400,0.0,0.0
2020-07-28 00:00:00-04:00,7.346841335296631,7.346841335296631,7.346841335296631,7.346841335296631,0,0.0,0.0
2020-07-29 00:00:00-04:00,7.339479549478632,7.346840579963045,7.302671588842747,7.310033321380615,900,0.0,0.0
2020-07-30 00:00:00-04:00,7.324755668640137,7.324755668640137,7.324755668640137,7.324755668640137,1000,0.0,0.0
2020-07-31 00:00:00-04:00,7.324755668640137,7.324755668640137,7.324755668640137,7.324755668640137,0,0.0,0.0
2020-08-03 00:00:00-04:00,7.332117557525635,7.332117557525635,7.332117557525635,7.332117557525635,900,0.0,0.0
2020-08-04 00:00:00-04:00,7.3321174007601435,7.3321174007601435,7.324755668640137,7.324755668640137,400,0.0,0.0
2020-08-05 00:00:00-04:00,7.332117557525635,7.332117557525635,7.332117557525635,7.332117557525635,100,0.0,0.0
2020-08-06 00:00:00-04:00,7.3321174007601435,7.3615636271867535,7.324755668640137,7.324755668640137,1900,0.0,0.0
2020-08-07 00:00:00-04:00,7.3615641593933105,7.3615641593933105,7.3615641593933105,7.3615641593933105,1000,0.0,0.0
2020-08-10 00:00:00-04:00,7.3615641593933105,7.3615641593933105,7.3615641593933105,7.3615641593933105,2000,0.0,0.0
2020-08-11 00:00:00-04:00,7.368925892045535,7.391010387948745,7.354202426741085,7.3615641593933105,7000,0.0,0.0
2020-08-12 00:00:00-04:00,7.368926525115967,7.368926525115967,7.368926525115967,7.368926525115967,200,0.0,0.0
2020-08-13 00:00:00-04:00,7.383649289631795,7.383649289631795,7.368926525115967,7.368926525115967,300,0.0,0.0
2020-08-14 00:00:00-04:00,7.368926525115967,7.368926525115967,7.368926525115967,7.368926525115967,400,0.0,0.0
2020-08-17 00:00:00-04:00,7.368926525115967,7.4351807205710125,7.368926525115967,7.368926525115967,1500,0.0,0.0
2020-08-18 00:00:00-04:00,7.368926525115967,7.368926525115967,7.368926525115967,7.368926525115967,400,0.0,0.0
2020-08-19 00:00:00-04:00,7.4351806640625,7.4351806640625,7.4351806640625,7.4351806640625,100,0.0,0.0
2020-08-20 00:00:00-04:00,7.4351806640625,7.4351806640625,7.4351806640625,7.4351806640625,0,0.0,0.0
2020-08-21 00:00:00-04:00,7.494071803493507,7.494071803493507,7.486710071563721,7.486710071563721,500,0.0,0.0
2020-08-24 00:00:00-04:00,7.486711181102732,7.494072914123535,7.486711181102732,7.494072914123535,1400,0.0,0.0
2020-08-25 00:00:00-04:00,7.494072914123535,7.494072914123535,7.494072914123535,7.494072914123535,0,0.0,0.0
2020-08-26 00:00:00-04:00,7.5750491415927925,7.604495368786359,7.5750491415927925,7.597133636474609,5900,0.0,0.0
2020-08-27 00:00:00-04:00,7.5971336364746085,7.5971336364746085,7.5971336364746085,7.597133636474609,0,0.0,0.0
2020-08-28 00:00:00-04:00,7.5971336364746085,7.5971336364746085,7.5971336364746085,7.597133636474609,0,0.0,0.0
2020-08-31 00:00:00-04:00,7.5971336364746085,7.5971336364746085,7.5971336364746085,7.597133636474609,0,0.0,0.0
2020-09-01 00:00:00-04:00,7.545603917783762,7.545603917783762,7.508795953383867,7.530880451202393,2800,0.0,0.0
2020-09-02 00:00:00-04:00,7.530880451202393,7.530880451202393,7.530880451202393,7.530880451202393,0,0.0,0.0
2020-09-03 00:00:00-04:00,7.530880451202393,7.530880451202393,7.530880451202393,7.530880451202393,0,0.0,0.0
2020-09-04 00:00:00-04:00,7.582410136938674,7.641302585601807,7.582410136938674,7.641302585601807,300,0.0,0.0
2020-09-08 00:00:00-04:00,7.641302585601807,7.641302585601807,7.641302585601807,7.641302585601807,0,0.0,0.0
2020-09-09 00:00:00-04:00,7.582411224585803,7.611857453141237,7.3615641593933105,7.3615641593933105,4200,0.0,0.0
2020-09-10 00:00:00-04:00,7.4351806640625,7.4351806640625,7.4351806640625,7.4351806640625,100,0.0,0.0
2020-09-11 00:00:00-04:00,7.545603275299072,7.545603275299072,7.545603275299072,7.545603275299072,200,0.0,0.0
2020-09-14 00:00:00-04:00,7.545603275299072,7.545603275299072,7.545603275299072,7.545603275299072,100,0.0,0.0
2020-09-15 00:00:00-04:00,7.545603275299072,7.545603275299072,7.545603275299072,7.545603275299072,0,0.0,0.0
2020-09-16 00:00:00-04:00,7.641302585601807,7.641302585601807,7.641302585601807,7.641302585601807,400,0.0,0.0
2020-09-17 00:00:00-04:00,7.641302585601807,7.641302585601807,7.641302585601807,7.641302585601807,0,0.0,0.0
2020-09-18 00:00:00-04:00,7.641302585601807,7.641302585601807,7.641302585601807,7.641302585601807,0,0.0,0.0
2020-09-21 00:00:00-04:00,7.700196203397518,7.700196203397518,7.435180144175627,7.479349136352539,5300,0.0,0.0
2020-09-22 00:00:00-04:00,7.508795104956433,7.53824133273848,7.501433372497559,7.501433372497559,700,0.0,0.0
2020-09-23 00:00:00-04:00,7.501433372497559,7.501433372497559,7.501433372497559,7.501433372497559,0,0.0,0.0
2020-09-24 00:00:00-04:00,7.545603275299072,7.545603275299072,7.545603275299072,7.545603275299072,300,0.0,0.0
2020-09-25 00:00:00-04:00,7.545603275299072,7.545603275299072,7.545603275299072,7.545603275299072,0,0.0,0.0
2020-09-28 00:00:00-04:00,7.545603275299072,7.545603275299072,7.545603275299072,7.545603275299072,0,0.0,0.0
2020-09-29 00:00:00-04:00,7.545603275299072,7.545603275299072,7.545603275299072,7.545603275299072,0,0.0,0.0
2020-09-30 00:00:00-04:00,7.501432833369895,7.508794565299682,7.486710071563721,7.486710071563721,2400,0.0,0.0
2020-10-01 00:00:00-04:00,7.530879862263745,7.582411289215088,7.530879862263745,7.582411289215088,1000,0.0,0.0
2020-10-02 00:00:00-04:00,7.656026236176279,7.663387968627759,7.523518562316895,7.5235185623168945,500,0.0,0.0
2020-10-05 00:00:00-04:00,7.523518029159255,7.611856706156498,7.471986607704148,7.486710071563721,14700,0.0,0.0
2020-10-06 00:00:00-04:00,7.552965007962928,7.552965007962928,7.53087980997136,7.545603275299072,1600,0.0,0.0
2020-10-07 00:00:00-04:00,7.5750491415927925,7.626579863668176,7.516156687205658,7.597133636474609,3100,0.0,0.0
2020-10-08 00:00:00-04:00,7.545602635316815,7.560326099395752,7.545602635316815,7.560326099395752,3000,0.0,0.0
2020-10-09 00:00:00-04:00,7.560326099395752,7.560326099395752,7.560326099395752,7.560326099395752,0,0.0,0.0
2020-10-12 00:00:00-04:00,7.560326099395752,7.560326099395752,7.560326099395752,7.560326099395752,0,0.0,0.0
2020-10-13 00:00:00-04:00,7.604495837599908,7.6192193031311035,7.604495837599908,7.6192193031311035,600,0.0,0.0
2020-10-14 00:00:00-04:00,7.633942066608821,7.633942066608821,7.6192193031311035,7.6192193031311035,1400,0.0,0.0
2020-10-15 00:00:00-04:00,7.61922037652098,7.61922037652098,7.516158209443728,7.567688941955566,2600,0.0,0.0
2020-10-16 00:00:00-04:00,7.589773654937744,7.589773654937744,7.589773654937744,7.589773654937744,500,0.0,0.0
2020-10-19 00:00:00-04:00,7.582410873904543,7.604495368786359,7.582410873904543,7.597133636474609,1300,0.0,0.0
2020-10-20 00:00:00-04:00,7.582411289215088,7.582411289215088,7.582411289215088,7.582411289215088,600,0.0,0.0
2020-10-21 00:00:00-04:00,7.597134646711497,7.597134646711497,7.530880451202393,7.530880451202393,700,0.0,0.0
2020-10-22 00:00:00-04:00,7.6192193031311035,7.6192193031311035,7.6192193031311035,7.6192193031311035,100,0.0,0.0
2020-10-23 00:00:00-04:00,7.6413035354113035,7.6413035354113035,7.538241386413575,7.538241386413574,2500,0.0,0.0
2020-10-26 00:00:00-04:00,7.611857622606583,7.611857622606583,7.552965164184571,7.55296516418457,800,0.0,0.0
2020-10-27 00:00:00-04:00,7.626580070388719,7.626580070388719,7.538241386413575,7.538241386413574,2800,0.0,0.0
2020-10-28 00:00:00-04:00,7.530880451202393,7.538242184493077,7.530880451202393,7.530880451202393,1300,0.0,0.0
2020-10-29 00:00:00-04:00,7.530880451202393,7.530880451202393,7.530880451202393,7.530880451202393,0,0.0,0.0
2020-10-30 00:00:00-04:00,7.5456030576178845,7.552964790069364,7.523518562316895,7.5235185623168945,2100,0.0,0.0
2020-11-02 00:00:00-05:00,7.538240903277346,7.560326099395752,7.538240903277346,7.560326099395752,400,0.0,0.0
2020-11-03 00:00:00-05:00,7.582410593460749,7.582410593460749,7.560326099395752,7.560326099395752,400,0.0,0.0
2020-11-04 00:00:00-05:00,7.582411289215088,7.582411289215088,7.582411289215088,7.582411289215088,100,0.0,0.0
2020-11-05 00:00:00-05:00,7.582411289215088,7.582411289215088,7.582411289215088,7.582411289215088,0,0.0,0.0
2020-11-06 00:00:00-05:00,7.582411289215088,7.582411289215088,7.575049556500114,7.582411289215088,400,0.0,0.0
2020-11-09 00:00:00-05:00,7.619219355422705,7.626580386185345,7.552965164184571,7.55296516418457,3800,0.0,0.0
2020-11-10 00:00:00-05:00,7.582410593460749,7.582410593460749,7.560326099395752,7.560326099395752,2100,0.0,0.0
2020-11-11 00:00:00-05:00,7.589772970944399,7.648665428161621,7.575049505613358,7.648665428161621,5400,0.0,0.0
2020-11-12 00:00:00-05:00,7.707558631896973,7.707558631896973,7.707558631896973,7.707558631896973,100,0.0,0.0
2020-11-13 00:00:00-05:00,7.707558631896973,7.707558631896973,7.707558631896973,7.707558631896973,100,0.0,0.0
2020-11-16 00:00:00-05:00,7.7001970642026025,7.7001970642026025,7.611858367919922,7.611858367919922,500,0.0,0.0
2020-11-17 00:00:00-05:00,7.611857836925712,7.714919291039286,7.611857836925712,7.678112030029297,2200,0.0,0.0
2020-11-18 00:00:00-05:00,7.714919090270996,7.714919090270996,7.714919090270996,7.714919090270996,1800,0.0,0.0
2020-11-19 00:00:00-05:00,7.729642868041992,7.729642868041992,7.641304176653648,7.729642868041992,1700,0.0,0.0
2020-11-20 00:00:00-05:00,7.766450887483079,7.766450887483079,7.663388729095459,7.663388729095459,600,0.0,0.0
2020-11-23 00:00:00-05:00,7.685474395751953,7.685474395751953,7.685474395751953,7.685474395751953,800,0.0,0.0
2020-11-24 00:00:00-05:00,7.678112030029297,7.678112030029297,7.678112030029297,7.678112030029297,200,0.0,0.0
2020-11-25 00:00:00-05:00,7.678112030029297,7.678112030029297,7.678112030029297,7.678112030029297,0,0.0,0.0
2020-11-27 00:00:00-05:00,7.70755826006939,7.70755826006939,7.678112030029297,7.678112030029297,2500,0.0,0.0
2020-11-30 00:00:00-05:00,7.729642868041992,7.744366334300139,7.729642868041992,7.729642868041992,1700,0.0,0.0
2020-12-01 00:00:00-05:00,7.737003326416016,7.737003326416016,7.729641594499868,7.737003326416016,3400,0.0,0.0
2020-12-02 00:00:00-05:00,7.7885362266852445,7.795897960662842,7.7885362266852445,7.795897960662842,3200,0.0,0.0
2020-12-03 00:00:00-05:00,7.876874025180422,7.906320255661239,7.795897066871554,7.810619831085205,2200,0.0,0.0
2020-12-04 00:00:00-05:00,7.817981182531728,7.817981182531728,7.803258419036866,7.803258419036865,4100,0.0,0.0
2020-12-07 00:00:00-05:00,7.8547894162895275,7.913681876414847,7.656026836826451,7.75908899307251,11400,0.0,0.0
2020-12-08 00:00:00-05:00,7.8547894162895275,7.8547894162895275,7.744366229067931,7.75908899307251,1400,0.0,0.0
2020-12-09 00:00:00-05:00,7.825344194519638,7.876874928255632,7.781174492707648,7.795897960662842,2200,0.0,0.0
2020-12-10 00:00:00-05:00,7.773811920159777,7.8327043762019875,7.744365692138672,7.744365692138672,1800,0.0,0.0
2020-12-11 00:00:00-05:00,7.933401046302884,7.948584936776085,7.8043408733116655,7.91062593460083,4800,0.319,0.0
2020-12-14 00:00:00-05:00,7.8347091094230645,7.880260063690623,7.811933994293213,7.811933994293213,1700,0.0,0.0
2020-12-15 00:00:00-05:00,7.849891311684679,7.89544153213501,7.834707422196102,7.89544153213501,3600,0.0,0.0
2020-12-16 00:00:00-05:00,7.940992476593041,7.940992476593041,7.834707422196102,7.89544153213501,3200,0.0,0.0
2020-12-17 00:00:00-05:00,7.84229850769043,7.84229850769043,7.84229850769043,7.84229850769043,1000,0.0,0.0
2020-12-18 00:00:00-05:00,7.857482498478122,7.8802576065063485,7.857482498478122,7.880257606506348,600,0.0,0.0
2020-12-21 00:00:00-05:00,7.872666835784912,7.872666835784912,7.872666835784912,7.872666835784912,300,0.0,0.0
2020-12-22 00:00:00-05:00,7.857483863830566,7.872667030485137,7.857483863830566,7.857483863830566,1400,0.0,0.0
2020-12-23 00:00:00-05:00,7.857483863830566,7.857483863830566,7.857483863830566,7.857483863830566,0,0.0,0.0
2020-12-24 00:00:00-05:00,7.857483863830566,7.857483863830566,7.857483863830566,7.857483863830566,0,0.0,0.0
2020-12-28 00:00:00-05:00,7.857483863830566,7.857483863830566,7.857483863830566,7.857483863830566,0,0.0,0.0
2020-12-29 00:00:00-05:00,7.857483863830566,7.857483863830566,7.857483863830566,7.857483863830566,0,0.0,0.0
2020-12-30 00:00:00-05:00,7.857483863830566,7.857483863830566,7.857483863830566,7.857483863830566,0,0.0,0.0
2020-12-31 00:00:00-05:00,7.89544153213501,7.89544153213501,7.89544153213501,7.89544153213501,200,0.0,0.0
2021-01-04 00:00:00-05:00,7.865073974960687,7.895441027991128,7.857482754708817,7.887849807739258,1500,0.0,0.0
2021-01-05 00:00:00-05:00,7.857483921827051,7.971360206604004,7.857483921827051,7.971360206604004,1400,0.0,0.0
2021-01-06 00:00:00-05:00,7.887850311398422,7.89544153213501,7.887850311398422,7.89544153213501,3900,0.0,0.0
2021-01-07 00:00:00-05:00,7.89544153213501,7.89544153213501,7.89544153213501,7.89544153213501,100,0.0,0.0
2021-01-08 00:00:00-05:00,7.887850726071723,7.895441947207391,7.872666835784912,7.872666835784912,1000,0.0,0.0
2021-01-11 00:00:00-05:00,7.857482937286583,7.8954412114508985,7.857482937286583,7.865074157714844,1300,0.0,0.0
2021-01-12 00:00:00-05:00,7.8802576065063485,7.8802576065063485,7.8802576065063485,7.880257606506348,100,0.0,0.0
2021-01-13 00:00:00-05:00,7.89544153213501,7.89544153213501,7.89544153213501,7.89544153213501,600,0.0,0.0
2021-01-14 00:00:00-05:00,7.887850311398422,7.89544153213501,7.887850311398422,7.89544153213501,1400,0.0,0.0
2021-01-15 00:00:00-05:00,7.918216602558479,7.918216602558479,7.8802576065063485,7.880257606506348,1400,0.0,0.0
2021-01-19 00:00:00-05:00,7.948584421337329,7.948584421337329,7.89544153213501,7.89544153213501,1100,0.0,0.0
2021-01-20 00:00:00-05:00,7.89544153213501,7.89544153213501,7.89544153213501,7.89544153213501,0,0.0,0.0
2021-01-21 00:00:00-05:00,7.872666835784912,7.895441947207391,7.8574836695058385,7.872666835784912,7000,0.0,0.0
2021-01-22 00:00:00-05:00,7.895441947207391,7.895441947207391,7.872666835784912,7.872666835784912,800,0.0,0.0
2021-01-25 00:00:00-05:00,7.865074157714844,7.865074157714844,7.865074157714844,7.865074157714844,1400,0.0,0.0
2021-01-26 00:00:00-05:00,7.865073718482444,7.8802576065063485,7.865073718482444,7.880257606506348,400,0.0,0.0
2021-01-27 00:00:00-05:00,7.8802576065063485,7.8802576065063485,7.8802576065063485,7.880257606506348,0,0.0,0.0
2021-01-28 00:00:00-05:00,7.8802576065063485,7.8802576065063485,7.8802576065063485,7.880257606506348,200,0.0,0.0
2021-01-29 00:00:00-05:00,7.865075085153974,7.865075085153974,7.857483863830566,7.857483863830566,1200,0.0,0.0
2021-02-01 00:00:00-05:00,7.940992832183837,7.940992832183837,7.940992832183837,7.940992832183838,200,0.0,0.0
2021-02-02 00:00:00-05:00,7.940992832183837,7.940992832183837,7.940992832183837,7.940992832183838,0,0.0,0.0
2021-02-03 00:00:00-05:00,7.880258366654133,7.89544153213501,7.872666421909845,7.89544153213501,3700,0.0,0.0
2021-02-04 00:00:00-05:00,7.89544153213501,7.89544153213501,7.89544153213501,7.89544153213501,1300,0.0,0.0
2021-02-05 00:00:00-05:00,7.880258366654133,7.89544153213501,7.880258366654133,7.89544153213501,1000,0.0,0.0
2021-02-08 00:00:00-05:00,7.887850311398422,7.89544153213501,7.887850311398422,7.89544153213501,7700,0.0,0.0
2021-02-09 00:00:00-05:00,7.89544153213501,7.89544153213501,7.89544153213501,7.89544153213501,0,0.0,0.0
2021-02-10 00:00:00-05:00,7.940993248272115,7.940993248272115,7.903034244869644,7.91821813583374,3500,0.0,0.0
2021-02-11 00:00:00-05:00,7.9030351638793945,7.9030351638793945,7.9030351638793945,7.9030351638793945,400,0.0,0.0
2021-02-12 00:00:00-05:00,7.91062552044126,7.933400630950928,7.91062552044126,7.933400630950928,500,0.0,0.0
2021-02-16 00:00:00-05:00,7.963767586818206,7.963767586818206,7.89544153213501,7.89544153213501,700,0.0,0.0
2021-02-17 00:00:00-05:00,7.89544153213501,7.89544153213501,7.89544153213501,7.89544153213501,0,0.0,0.0
2021-02-18 00:00:00-05:00,7.971360147766992,7.971360147766992,7.857483863830566,7.857483863830566,3600,0.0,0.0
2021-02-19 00:00:00-05:00,7.857483863830566,7.857483863830566,7.857483863830566,7.857483863830566,0,0.0,0.0
2021-02-22 00:00:00-05:00,7.910625421623587,7.910625421623587,7.89544153213501,7.89544153213501,200,0.0,0.0
2021-02-23 00:00:00-05:00,7.89544153213501,7.89544153213501,7.89544153213501,7.89544153213501,200,0.0,0.0
2021-02-24 00:00:00-05:00,7.9030351638793945,7.9030351638793945,7.8954432175145115,7.9030351638793945,400,0.0,0.0
2021-02-25 00:00:00-05:00,7.89544153213501,7.89544153213501,7.89544153213501,7.89544153213501,700,0.0,0.0
2021-02-26 00:00:00-05:00,7.872666102150775,7.872666102150775,7.865074157714844,7.865074157714844,400,0.0,0.0
2021-03-01 00:00:00-05:00,7.887849807739258,7.887849807739258,7.887849807739258,7.887849807739258,100,0.0,0.0
2021-03-02 00:00:00-05:00,7.887849807739258,7.887849807739258,7.887849807739258,7.887849807739258,0,0.0,0.0
2021-03-03 00:00:00-05:00,7.865074157714844,7.865074157714844,7.865074157714844,7.865074157714844,300,0.0,0.0
2021-03-04 00:00:00-05:00,7.865074157714844,7.865074157714844,7.865074157714844,7.865074157714844,0,0.0,0.0
2021-03-05 00:00:00-05:00,7.865074157714844,7.865074157714844,7.865074157714844,7.865074157714844,0,0.0,0.0
2021-03-08 00:00:00-05:00,7.865074157714844,7.865074157714844,7.865074157714844,7.865074157714844,0,0.0,0.0
2021-03-09 00:00:00-05:00,7.948584421337329,7.963767586818206,7.89544153213501,7.89544153213501,3300,0.0,0.0
2021-03-10 00:00:00-05:00,7.89544153213501,7.89544153213501,7.89544153213501,7.89544153213501,0,0.0,0.0
2021-03-11 00:00:00-05:00,7.89544153213501,7.89544153213501,7.89544153213501,7.89544153213501,200,0.0,0.0
2021-03-12 00:00:00-05:00,7.89544153213501,7.89544153213501,7.89544153213501,7.89544153213501,0,0.0,0.0
2021-03-15 00:00:00-04:00,7.89544153213501,7.89544153213501,7.89544153213501,7.89544153213501,0,0.0,0.0
2021-03-16 00:00:00-04:00,7.89544153213501,7.89544153213501,7.89544153213501,7.89544153213501,0,0.0,0.0
2021-03-17 00:00:00-04:00,7.8802576065063485,7.8802576065063485,7.8802576065063485,7.880257606506348,500,0.0,0.0
2021-03-18 00:00:00-04:00,7.9030351638793945,7.9030351638793945,7.9030351638793945,7.9030351638793945,100,0.0,0.0
2021-03-19 00:00:00-04:00,7.940993114275218,7.956176280975342,7.940993114275218,7.956176280975342,300,0.0,0.0
2021-03-22 00:00:00-04:00,7.872665662494396,7.8802576065063485,7.872665662494396,7.880257606506348,1400,0.0,0.0
2021-03-23 00:00:00-04:00,7.8802576065063485,7.8802576065063485,7.8802576065063485,7.880257606506348,0,0.0,0.0
2021-03-24 00:00:00-04:00,7.89544153213501,7.89544153213501,7.89544153213501,7.89544153213501,1000,0.0,0.0
2021-03-25 00:00:00-04:00,7.89544153213501,7.89544153213501,7.89544153213501,7.89544153213501,0,0.0,0.0
2021-03-26 00:00:00-04:00,7.89544153213501,7.89544153213501,7.89544153213501,7.89544153213501,0,0.0,0.0
2021-03-29 00:00:00-04:00,7.865073718482444,7.8878495505183,7.865073718482444,7.880257606506348,1300,0.0,0.0
2021-03-30 00:00:00-04:00,7.880258366654133,7.89544153213501,7.880258366654133,7.89544153213501,2300,0.0,0.0
2021-03-31 00:00:00-04:00,7.89544153213501,7.89544153213501,7.89544153213501,7.89544153213501,0,0.0,0.0
2021-04-01 00:00:00-04:00,7.89544153213501,7.89544153213501,7.89544153213501,7.89544153213501,0,0.0,0.0
2021-04-05 00:00:00-04:00,7.887851077913318,7.91821813583374,7.887851077913318,7.91821813583374,1000,0.0,0.0
2021-04-06 00:00:00-04:00,7.887851995157484,7.918219056609161,7.887851995157484,7.9030351638793945,2700,0.0,0.0
2021-04-07 00:00:00-04:00,7.887850822898776,7.91062593460083,7.865074987188975,7.91062593460083,500,0.0,0.0
2021-04-08 00:00:00-04:00,7.91062593460083,7.91062593460083,7.91062593460083,7.91062593460083,0,0.0,0.0
2021-04-09 00:00:00-04:00,7.91062593460083,7.91062593460083,7.91062593460083,7.91062593460083,0,0.0,0.0
2021-04-12 00:00:00-04:00,7.91062593460083,7.91062593460083,7.91062593460083,7.91062593460083,0,0.0,0.0
2021-04-13 00:00:00-04:00,7.91062593460083,7.91062593460083,7.91062593460083,7.91062593460083,0,0.0,0.0
2021-04-14 00:00:00-04:00,7.91062593460083,7.91062593460083,7.91062593460083,7.91062593460083,0,0.0,0.0
2021-04-15 00:00:00-04:00,7.91062593460083,7.91062593460083,7.91062593460083,7.91062593460083,0,0.0,0.0
2021-04-16 00:00:00-04:00,7.956176280975342,7.956176280975342,7.956176280975342,7.956176280975342,200,0.0,0.0
2021-04-19 00:00:00-04:00,7.956176280975342,7.956176280975342,7.956176280975342,7.956176280975342,0,0.0,0.0
2021-04-20 00:00:00-04:00,7.940993114275218,7.963768226329283,7.940993114275218,7.956176280975342,700,0.0,0.0
2021-04-21 00:00:00-04:00,7.956176280975342,7.956176280975342,7.956176280975342,7.956176280975342,0,0.0,0.0
2021-04-22 00:00:00-04:00,7.918217879837431,7.918217879837431,7.91062593460083,7.91062593460083,1800,0.0,0.0
2021-04-23 00:00:00-04:00,7.940992832183837,7.940992832183837,7.940992832183837,7.940992832183838,300,0.0,0.0
2021-04-26 00:00:00-04:00,7.940992832183837,7.940992832183837,7.940992832183837,7.940992832183838,300,0.0,0.0
2021-04-27 00:00:00-04:00,7.940992832183837,7.940992832183837,7.940992832183837,7.940992832183838,0,0.0,0.0
2021-04-28 00:00:00-04:00,7.940992418475454,7.9637675285339355,7.940992418475454,7.9637675285339355,500,0.0,0.0
2021-04-29 00:00:00-04:00,7.9637675285339355,7.9637675285339355,7.9637675285339355,7.9637675285339355,0,0.0,0.0
2021-04-30 00:00:00-04:00,7.940993149062966,7.971360206604004,7.8726670885936905,7.971360206604004,5000,0.0,0.0
2021-05-03 00:00:00-04:00,7.933400531848752,7.933400531848752,7.887850311398422,7.89544153213501,2400,0.0,0.0
2021-05-04 00:00:00-04:00,7.9030351638793945,7.9030351638793945,7.9030351638793945,7.9030351638793945,600,0.0,0.0
2021-05-05 00:00:00-04:00,7.933400630950928,7.933400630950928,7.933400630950928,7.933400630950928,200,0.0,0.0
2021-05-06 00:00:00-04:00,7.971360171683225,7.971360171683225,7.895442166159329,7.956176280975342,1600,0.0,0.0
2021-05-07 00:00:00-04:00,7.956176280975342,7.956176280975342,7.956176280975342,7.956176280975342,0,0.0,0.0
2021-05-10 00:00:00-04:00,7.956174193564848,7.978950023651123,7.956174193564848,7.978950023651123,1300,0.0,0.0
2021-05-11 00:00:00-04:00,7.933399087486141,7.978950023651123,7.933399087486141,7.978950023651123,900,0.0,0.0
2021-05-12 00:00:00-04:00,7.918217720938822,7.940992832183837,7.918217720938822,7.940992832183838,400,0.0,0.0
2021-05-13 00:00:00-04:00,7.895441885686075,7.940992832183837,7.895441885686075,7.940992832183838,600,0.0,0.0
2021-05-14 00:00:00-04:00,7.978950023651123,7.978950023651123,7.978950023651123,7.978950023651123,300,0.0,0.0
2021-05-17 00:00:00-04:00,7.956176280975342,7.956176280975342,7.956176280975342,7.956176280975342,300,0.0,0.0
2021-05-18 00:00:00-04:00,7.956176280975342,7.956176280975342,7.956176280975342,7.956176280975342,0,0.0,0.0
2021-05-19 00:00:00-04:00,7.956177340417866,7.956177340417866,7.9030351638793945,7.9030351638793945,13600,0.0,0.0
2021-05-20 00:00:00-04:00,7.91062593460083,7.91062593460083,7.91062593460083,7.91062593460083,100,0.0,0.0
2021-05-21 00:00:00-04:00,7.9030351638793945,7.9030351638793945,7.9030351638793945,7.9030351638793945,800,0.0,0.0
2021-05-24 00:00:00-04:00,7.910623981407435,7.978950023651123,7.910623981407435,7.978950023651123,5400,0.0,0.0
2021-05-25 00:00:00-04:00,7.994133186367738,7.994133186367738,7.971358080289031,7.978950023651123,1100,0.0,0.0
2021-05-26 00:00:00-04:00,8.001727104187012,8.001727104187012,8.001727104187012,8.001727104187012,500,0.0,0.0
2021-05-27 00:00:00-04:00,8.001727104187012,8.001727104187012,8.001727104187012,8.001727104187012,200,0.0,0.0
2021-05-28 00:00:00-04:00,8.039685690222058,8.039685690222058,7.994134745174922,8.02450180053711,2100,0.0,0.0
2021-06-01 00:00:00-04:00,8.00172831271217,8.039687320614656,7.994136366330102,8.009320259094238,5700,0.0,0.0
2021-06-02 00:00:00-04:00,8.039686106356433,8.039686106356433,8.001727104187012,8.001727104187012,1600,0.0,0.0
2021-06-03 00:00:00-04:00,8.161154432199071,8.161154432199071,8.009319145703895,8.03968620300293,1600,0.0,0.0
2021-06-04 00:00:00-04:00,8.039685631442664,8.092827796936035,8.039685631442664,8.092827796936035,700,0.0,0.0
2021-06-07 00:00:00-04:00,8.092827796936035,8.092827796936035,8.092827796936035,8.092827796936035,0,0.0,0.0
2021-06-08 00:00:00-04:00,8.054869651794434,8.054869651794434,8.054869651794434,8.054869651794434,200,0.0,0.0
2021-06-09 00:00:00-04:00,8.108012199401855,8.108012199401855,8.108012199401855,8.108012199401855,200,0.0,0.0
2021-06-10 00:00:00-04:00,8.153562263214017,8.153562263214017,8.100420095400375,8.138379096984863,10600,0.0,0.0
2021-06-11 00:00:00-04:00,8.22366602253925,8.22366602253925,7.887207523743213,8.067173957824707,18600,0.319,0.0
2021-06-14 00:00:00-04:00,8.098474396543663,8.098474396543663,8.059351184025376,8.090649604797363,1700,0.0,0.0
2021-06-15 00:00:00-04:00,8.11412154472144,8.121946334838867,8.11412154472144,8.121946334838867,1000,0.0,0.0
2021-06-16 00:00:00-04:00,8.121946334838867,8.121946334838867,8.09847271069964,8.121946334838867,1300,0.0,0.0
2021-06-17 00:00:00-04:00,8.121946334838867,8.121946334838867,8.121946334838867,8.121946334838867,1500,0.0,0.0
2021-06-18 00:00:00-04:00,8.106297492980957,8.106297492980957,8.106297492980957,8.106297492980957,500,0.0,0.0
2021-06-21 00:00:00-04:00,8.090649604797363,8.090649604797363,8.090649604797363,8.090649604797363,200,0.0,0.0
2021-06-22 00:00:00-04:00,8.09847354888916,8.09847354888916,8.09847354888916,8.09847354888916,2000,0.0,0.0
2021-06-23 00:00:00-04:00,8.114123344421387,8.114123344421387,8.114123344421387,8.114123344421387,400,0.0,0.0
2021-06-24 00:00:00-04:00,8.106297492980957,8.106297492980957,8.106297492980957,8.106297492980957,2400,0.0,0.0
2021-06-25 00:00:00-04:00,8.106297492980957,8.106297492980957,8.106297492980957,8.106297492980957,0,0.0,0.0
2021-06-28 00:00:00-04:00,8.114122503458304,8.145420921413072,8.114122503458304,8.137596130371094,3300,0.0,0.0
2021-06-29 00:00:00-04:00,8.137594780300656,8.208016395568848,8.137594780300656,8.208016395568848,2900,0.0,0.0
2021-06-30 00:00:00-04:00,8.215843200683594,8.239316829460135,8.215843200683594,8.215843200683594,2700,0.0,0.0
2021-07-01 00:00:00-04:00,8.215843200683594,8.215843200683594,8.215843200683594,8.215843200683594,300,0.0,0.0
2021-07-02 00:00:00-04:00,8.215843200683594,8.215843200683594,8.215843200683594,8.215843200683594,0,0.0,0.0
2021-07-06 00:00:00-04:00,8.215841516700475,8.247139930725098,8.215841516700475,8.247139930725098,200,0.0,0.0
2021-07-07 00:00:00-04:00,8.223667992346842,8.223667992346842,8.215843200683594,8.215843200683594,600,0.0,0.0
2021-07-08 00:00:00-04:00,8.215843200683594,8.215843200683594,8.215843200683594,8.215843200683594,0,0.0,0.0
2021-07-09 00:00:00-04:00,8.215843200683594,8.215843200683594,8.215843200683594,8.215843200683594,0,0.0,0.0
2021-07-12 00:00:00-04:00,8.22366747601216,8.27843952178955,8.22366747601216,8.27843952178955,600,0.0,0.0
2021-07-13 00:00:00-04:00,8.372334480285645,8.380159271180094,8.325387227345214,8.372334480285645,2700,0.0,0.0
2021-07-14 00:00:00-04:00,8.372334587057521,8.380159378051758,8.372334587057521,8.380159378051758,300,0.0,0.0
2021-07-15 00:00:00-04:00,8.380159378051758,8.380159378051758,8.380159378051758,8.380159378051758,0,0.0,0.0
2021-07-16 00:00:00-04:00,8.380159378051758,8.380159378051758,8.380159378051758,8.380159378051758,0,0.0,0.0
2021-07-19 00:00:00-04:00,8.372333696061654,8.372333696061654,8.231491204219735,8.254964828491211,1100,0.0,0.0
2021-07-20 00:00:00-04:00,8.247139418744206,8.294087409973145,8.247139418744206,8.294087409973145,1500,0.0,0.0
2021-07-21 00:00:00-04:00,8.333210945129395,8.333210945129395,8.333210945129395,8.333210945129395,700,0.0,0.0
2021-07-22 00:00:00-04:00,8.270614112855629,8.333210945129395,8.270614112855629,8.333210945129395,700,0.0,0.0
2021-07-23 00:00:00-04:00,8.333210945129395,8.333210945129395,8.333210945129395,8.333210945129395,0,0.0,0.0
2021-07-26 00:00:00-04:00,8.333211340148344,8.333211340148344,8.231492042541504,8.231492042541504,1500,0.0,0.0
2021-07-27 00:00:00-04:00,8.215843200683594,8.215843200683594,8.215843200683594,8.215843200683594,200,0.0,0.0
2021-07-28 00:00:00-04:00,8.215843200683594,8.215843200683594,8.215843200683594,8.215843200683594,0,0.0,0.0
2021-07-29 00:00:00-04:00,8.294087409973145,8.294087409973145,8.294087409973145,8.294087409973145,200,0.0,0.0
2021-07-30 00:00:00-04:00,8.294087409973145,8.294087409973145,8.294087409973145,8.294087409973145,0,0.0,0.0
2021-08-02 00:00:00-04:00,8.294087409973145,8.294087409973145,8.294087409973145,8.294087409973145,200,0.0,0.0
2021-08-03 00:00:00-04:00,8.301912307739258,8.301912307739258,8.301912307739258,8.301912307739258,300,0.0,0.0
2021-08-04 00:00:00-04:00,8.301912307739258,8.301912307739258,8.301912307739258,8.301912307739258,0,0.0,0.0
2021-08-05 00:00:00-04:00,8.301911686467259,8.341034889221191,8.294087642886891,8.341034889221191,3800,0.0,0.0
2021-08-06 00:00:00-04:00,8.294087409973145,8.294087409973145,8.294087409973145,8.294087409973145,1200,0.0,0.0
2021-08-09 00:00:00-04:00,8.301912742144355,8.372334366813694,8.301912742144355,8.348860740661621,800,0.0,0.0
2021-08-10 00:00:00-04:00,8.31756199598545,8.31756199598545,8.294088370758306,8.309737205505371,11200,0.0,0.0
2021-08-11 00:00:00-04:00,8.372333703904893,8.372333703904893,8.231491211931031,8.270613670349121,4100,0.0,0.0
2021-08-12 00:00:00-04:00,8.26279067993164,8.270614724885018,8.254965888765106,8.26279067993164,1900,0.0,0.0
2021-08-13 00:00:00-04:00,8.278438460517965,8.278438460517965,8.270613670349121,8.270613670349121,400,0.0,0.0
2021-08-16 00:00:00-04:00,8.270613670349121,8.270613670349121,8.270613670349121,8.270613670349121,100,0.0,0.0
2021-08-17 00:00:00-04:00,8.270613041252172,8.294087409973145,8.262788997891521,8.294087409973145,3200,0.0,0.0
2021-08-18 00:00:00-04:00,8.380160546986634,8.411458969116211,8.380160546986634,8.411458969116211,1700,0.0,0.0
2021-08-19 00:00:00-04:00,8.356685638427734,8.356685638427734,8.356685638427734,8.356685638427734,200,0.0,0.0
2021-08-20 00:00:00-04:00,8.356685638427734,8.356685638427734,8.356685638427734,8.356685638427734,0,0.0,0.0
2021-08-23 00:00:00-04:00,8.403633117675781,8.403633117675781,8.403633117675781,8.403633117675781,100,0.0,0.0
2021-08-24 00:00:00-04:00,8.403633117675781,8.403633117675781,8.403633117675781,8.403633117675781,0,0.0,0.0
2021-08-25 00:00:00-04:00,8.403633117675781,8.403633117675781,8.403633117675781,8.403633117675781,0,0.0,0.0
2021-08-26 00:00:00-04:00,8.403633117675781,8.403633117675781,8.403633117675781,8.403633117675781,0,0.0,0.0
2021-08-27 00:00:00-04:00,8.380159378051758,8.380159378051758,8.380159378051758,8.380159378051758,200,0.0,0.0
2021-08-30 00:00:00-04:00,8.301911453333796,8.301911453333796,8.294087409973145,8.294087409973145,1500,0.0,0.0
2021-08-31 00:00:00-04:00,8.294087409973145,8.294087409973145,8.294087409973145,8.294087409973145,0,0.0,0.0
2021-09-01 00:00:00-04:00,8.395808219909668,8.395808219909668,8.395808219909668,8.395808219909668,200,0.0,0.0
2021-09-02 00:00:00-04:00,8.372334480285645,8.372334480285645,8.364509689391197,8.372334480285645,1600,0.0,0.0
2021-09-03 00:00:00-04:00,8.387983650958219,8.427106857299805,8.387983650958219,8.427106857299805,6000,0.0,0.0
2021-09-07 00:00:00-04:00,8.341035949873223,8.348860740661621,8.341035949873223,8.348860740661621,500,0.0,0.0
2021-09-08 00:00:00-04:00,8.348860740661621,8.348860740661621,8.348860740661621,8.348860740661621,0,0.0,0.0
2021-09-09 00:00:00-04:00,8.427106857299805,8.427106857299805,8.427106857299805,8.427106857299805,300,0.0,0.0
2021-09-10 00:00:00-04:00,8.427106857299805,8.427106857299805,8.427106857299805,8.427106857299805,0,0.0,0.0
2021-09-13 00:00:00-04:00,8.403633117675781,8.403633117675781,8.380159490590975,8.403633117675781,2300,0.0,0.0
2021-09-14 00:00:00-04:00,8.380159164108479,8.380159164108479,8.333211165554761,8.364509582519531,4100,0.0,0.0
2021-09-15 00:00:00-04:00,8.364509582519531,8.364509582519531,8.364509582519531,8.364509582519531,0,0.0,0.0
2021-09-16 00:00:00-04:00,8.387983322143555,8.387983322143555,8.387983322143555,8.387983322143555,100,0.0,0.0
2021-09-17 00:00:00-04:00,8.403633117675781,8.403633117675781,8.387984281690294,8.403633117675781,4800,0.0,0.0
2021-09-20 00:00:00-04:00,8.403632344026475,8.489703545768856,8.286263473194422,8.301912307739258,15300,0.0,0.0
2021-09-21 00:00:00-04:00,8.325387364424113,8.521002662727387,8.325387364424113,8.513177871704102,400,0.0,0.0
2021-09-22 00:00:00-04:00,8.32538787644073,8.466230392456055,8.32538787644073,8.466230392456055,1500,0.0,0.0
2021-09-23 00:00:00-04:00,8.466230392456055,8.466230392456055,8.466230392456055,8.466230392456055,0,0.0,0.0
2021-09-24 00:00:00-04:00,8.434930394336238,8.489703178405762,8.434930394336238,8.489703178405762,1000,0.0,0.0
2021-09-27 00:00:00-04:00,8.489703178405762,8.489703178405762,8.489703178405762,8.489703178405762,0,0.0,0.0
2021-09-28 00:00:00-04:00,8.513177871704102,8.513177871704102,8.513177871704102,8.513177871704102,100,0.0,0.0
2021-09-29 00:00:00-04:00,8.505352032981497,8.505352032981497,8.215841516700475,8.247139930725098,1900,0.0,0.0
2021-09-30 00:00:00-04:00,8.356685638427734,8.356685638427734,8.356685638427734,8.356685638427734,100,0.0,0.0
2021-10-01 00:00:00-04:00,8.481878388365393,8.489703178405762,8.411456770428186,8.489703178405762,900,0.0,0.0
2021-10-04 00:00:00-04:00,8.489703178405762,8.489703178405762,8.489703178405762,8.489703178405762,0,0.0,0.0
2021-10-05 00:00:00-04:00,8.50535324228423,8.50535324228423,8.27843952178955,8.27843952178955,400,0.0,0.0
2021-10-06 00:00:00-04:00,8.27843952178955,8.27843952178955,8.27843952178955,8.27843952178955,0,0.0,0.0
2021-10-07 00:00:00-04:00,8.474054443493184,8.497528069742401,8.474054443493184,8.481879234313965,1800,0.0,0.0
2021-10-08 00:00:00-04:00,8.481879234313965,8.481879234313965,8.481879234313965,8.481879234313965,0,0.0,0.0
2021-10-11 00:00:00-04:00,8.411458969116211,8.411458969116211,8.411458969116211,8.411458969116211,100,0.0,0.0
2021-10-12 00:00:00-04:00,8.419282913208008,8.419282913208008,8.419282913208008,8.419282913208008,100,0.0,0.0
2021-10-13 00:00:00-04:00,8.419282913208008,8.419282913208008,8.419282913208008,8.419282913208008,0,0.0,0.0
2021-10-14 00:00:00-04:00,8.419282913208008,8.419282913208008,8.419282913208008,8.419282913208008,0,0.0,0.0
2021-10-15 00:00:00-04:00,8.411457283300933,8.450580489675184,8.411457283300933,8.442755699157715,5200,0.0,0.0
2021-10-18 00:00:00-04:00,8.434931755065918,8.434931755065918,8.434931755065918,8.434931755065918,200,0.0,0.0
2021-10-19 00:00:00-04:00,8.434931755065918,8.434931755065918,8.434931755065918,8.434931755065918,0,0.0,0.0
2021-10-20 00:00:00-04:00,8.419282913208008,8.419282913208008,8.419282913208008,8.419282913208008,600,0.0,0.0
2021-10-21 00:00:00-04:00,8.411458969116211,8.411458969116211,8.411458969116211,8.411458969116211,200,0.0,0.0
2021-10-22 00:00:00-04:00,8.427107383909295,8.427107383909295,8.395808219909668,8.395808219909668,1200,0.0,0.0
2021-10-25 00:00:00-04:00,8.395808219909668,8.395808219909668,8.395808219909668,8.395808219909668,0,0.0,0.0
2021-10-26 00:00:00-04:00,8.395808219909668,8.395808219909668,8.395808219909668,8.395808219909668,0,0.0,0.0
2021-10-27 00:00:00-04:00,8.450581550598145,8.450581550598145,8.450581550598145,8.450581550598145,600,0.0,0.0
2021-10-28 00:00:00-04:00,8.450579982355745,8.505352020263672,8.450579982355745,8.505352020263672,500,0.0,0.0
2021-10-29 00:00:00-04:00,8.505352020263672,8.505352020263672,8.505352020263672,8.505352020263672,0,0.0,0.0
2021-11-01 00:00:00-04:00,8.505351796026199,8.505351796026199,8.450579759562297,8.474053382873535,2100,0.0,0.0
2021-11-02 00:00:00-04:00,8.489703186381286,8.505352020263672,8.47405360628585,8.505352020263672,2200,0.0,0.0
2021-11-03 00:00:00-04:00,8.489703178405762,8.489703178405762,8.489703178405762,8.489703178405762,400,0.0,0.0
2021-11-04 00:00:00-04:00,8.489703178405762,8.489703178405762,8.489703178405762,8.489703178405762,0,0.0,0.0
2021-11-05 00:00:00-04:00,8.489703178405762,8.489703178405762,8.489703178405762,8.489703178405762,100,0.0,0.0
2021-11-08 00:00:00-05:00,8.80268895974532,8.80268895974532,8.450581550598145,8.450581550598145,2700,0.0,0.0
2021-11-09 00:00:00-05:00,8.419281568377922,8.505352020263672,8.419281568377922,8.505352020263672,700,0.0,0.0
2021-11-10 00:00:00-05:00,8.46622881623813,8.505352020263672,8.46622881623813,8.505352020263672,1200,0.0,0.0
2021-11-11 00:00:00-05:00,8.505352020263672,8.505352020263672,8.505352020263672,8.505352020263672,0,0.0,0.0
2021-11-12 00:00:00-05:00,8.607072830200195,8.607072830200195,8.607072830200195,8.607072830200195,100,0.0,0.0
2021-11-15 00:00:00-05:00,8.513177871704102,8.513177871704102,8.513177871704102,8.513177871704102,100,0.0,0.0
2021-11-16 00:00:00-05:00,8.513177871704102,8.513177871704102,8.513177871704102,8.513177871704102,0,0.0,0.0
2021-11-17 00:00:00-05:00,8.51317757977995,8.607072830200195,8.51317757977995,8.607072830200195,1400,0.0,0.0
2021-11-18 00:00:00-05:00,8.505352860563182,8.505352860563182,8.434931235602404,8.481879234313965,2500,0.0,0.0
2021-11-19 00:00:00-05:00,8.466230387384611,8.466230387384611,8.450581550598145,8.450581550598145,700,0.0,0.0
2021-11-22 00:00:00-05:00,8.450581550598145,8.450581550598145,8.450581550598145,8.450581550598145,0,0.0,0.0
2021-11-23 00:00:00-05:00,8.46622998361459,8.536651611328125,8.46622998361459,8.536651611328125,1300,0.0,0.0
2021-11-24 00:00:00-05:00,8.536651611328125,8.536651611328125,8.536651611328125,8.536651611328125,0,0.0,0.0
2021-11-26 00:00:00-05:00,8.607072830200195,8.607072830200195,8.607072830200195,8.607072830200195,100,0.0,0.0
2021-11-29 00:00:00-05:00,8.528827032894997,8.552301406860352,8.528827032894997,8.552301406860352,1000,0.0,0.0
2021-11-30 00:00:00-05:00,8.552301406860352,8.552301406860352,8.552301406860352,8.552301406860352,0,0.0,0.0
2021-12-01 00:00:00-05:00,8.552301406860352,8.552301406860352,8.552301406860352,8.552301406860352,0,0.0,0.0
2021-12-02 00:00:00-05:00,8.528825759887695,8.528825759887695,8.528825759887695,8.528825759887695,300,0.0,0.0
2021-12-03 00:00:00-05:00,8.528825759887695,8.528825759887695,8.528825759887695,8.528825759887695,0,0.0,0.0
2021-12-06 00:00:00-05:00,8.528825759887695,8.528825759887695,8.528825759887695,8.528825759887695,0,0.0,0.0
2021-12-07 00:00:00-05:00,8.528825759887695,8.528825759887695,8.528825759887695,8.528825759887695,0,0.0,0.0
2021-12-08 00:00:00-05:00,8.528827032894997,8.552301406860352,8.528827032894997,8.552301406860352,1000,0.0,0.0
2021-12-09 00:00:00-05:00,8.544475555419922,8.544475555419922,8.544475555419922,8.544475555419922,1300,0.0,0.0
2021-12-10 00:00:00-05:00,8.544475555419922,8.544475555419922,8.544475555419922,8.544475555419922,200,0.0,0.0
2021-12-13 00:00:00-05:00,8.78547191619873,8.78547191619873,8.78547191619873,8.78547191619873,200,0.319,0.0
2021-12-14 00:00:00-05:00,8.78547191619873,8.78547191619873,8.78547191619873,8.78547191619873,0,0.0,0.0
2021-12-15 00:00:00-05:00,8.78547191619873,8.78547191619873,8.78547191619873,8.78547191619873,0,0.0,0.0
2021-12-16 00:00:00-05:00,8.78547191619873,8.78547191619873,8.78547191619873,8.78547191619873,0,0.0,0.0
2021-12-17 00:00:00-05:00,8.704872131347656,8.704872131347656,8.696811880221432,8.704872131347656,1000,0.0,0.0
2021-12-20 00:00:00-05:00,8.583969847699597,8.583969847699597,8.46306916706577,8.471129417419434,2400,0.0,0.0
2021-12-21 00:00:00-05:00,8.471129417419434,8.471129417419434,8.471129417419434,8.471129417419434,0,0.0,0.0
2021-12-22 00:00:00-05:00,8.471129417419434,8.471129417419434,8.471129417419434,8.471129417419434,0,0.0,0.0
2021-12-23 00:00:00-05:00,8.471129417419434,8.471129417419434,8.471129417419434,8.471129417419434,0,0.0,0.0
2021-12-27 00:00:00-05:00,8.495308876037598,8.495308876037598,8.495308876037598,8.495308876037598,800,0.0,0.0
2021-12-28 00:00:00-05:00,8.511430740356445,8.511430740356445,8.511430740356445,8.511430740356445,500,0.0,0.0
2021-12-29 00:00:00-05:00,8.50337028503418,8.50337028503418,8.50337028503418,8.50337028503418,600,0.0,0.0
2021-12-30 00:00:00-05:00,8.50337028503418,8.50337028503418,8.50337028503418,8.50337028503418,0,0.0,0.0
2021-12-31 00:00:00-05:00,8.50337028503418,8.50337028503418,8.50337028503418,8.50337028503418,0,0.0,0.0
2022-01-03 00:00:00-05:00,8.50337028503418,8.50337028503418,8.50337028503418,8.50337028503418,0,0.0,0.0
2022-01-04 00:00:00-05:00,8.58397024764037,8.680691719055176,8.58397024764037,8.680691719055176,700,0.0,0.0
2022-01-05 00:00:00-05:00,8.656511306762695,8.656511306762695,8.656511306762695,8.656511306762695,300,0.0,0.0
2022-01-06 00:00:00-05:00,8.656511306762695,8.656511306762695,8.656511306762695,8.656511306762695,0,0.0,0.0
2022-01-07 00:00:00-05:00,8.656511306762695,8.656511306762695,8.656511306762695,8.656511306762695,0,0.0,0.0
2022-01-10 00:00:00-05:00,8.656511306762695,8.656511306762695,8.656511306762695,8.656511306762695,0,0.0,0.0
2022-01-11 00:00:00-05:00,8.656511306762695,8.656511306762695,8.656511306762695,8.656511306762695,0,0.0,0.0
2022-01-12 00:00:00-05:00,8.527549853284803,8.583970069885254,8.527549853284803,8.583970069885254,500,0.0,0.0
2022-01-13 00:00:00-05:00,8.583970069885254,8.583970069885254,8.583970069885254,8.583970069885254,500,0.0,0.0
2022-01-14 00:00:00-05:00,8.583970069885254,8.583970069885254,8.583970069885254,8.583970069885254,0,0.0,0.0
2022-01-18 00:00:00-05:00,8.50337028503418,8.50337028503418,8.50337028503418,8.50337028503418,200,0.0,0.0
2022-01-19 00:00:00-05:00,8.51949022283757,8.51949022283757,8.503370489207464,8.511430740356445,2100,0.0,0.0
2022-01-20 00:00:00-05:00,8.511430740356445,8.511430740356445,8.511430740356445,8.511430740356445,0,0.0,0.0
2022-01-21 00:00:00-05:00,8.487249783123284,8.50337028503418,8.487249783123284,8.50337028503418,1400,0.0,0.0
2022-01-24 00:00:00-05:00,8.5033704024373,8.511430653504032,8.463069915771484,8.463069915771484,1200,0.0,0.0
2022-01-25 00:00:00-05:00,8.487249354622405,8.487249354622405,8.4791898727417,8.4791898727417,700,0.0,0.0
2022-01-26 00:00:00-05:00,8.4791898727417,8.4791898727417,8.4791898727417,8.4791898727417,0,0.0,0.0
2022-01-27 00:00:00-05:00,8.4791898727417,8.4791898727417,8.4791898727417,8.4791898727417,0,0.0,0.0
2022-01-28 00:00:00-05:00,8.543671404201612,8.543671404201612,8.511431166658763,8.535611152648926,3000,0.0,0.0
2022-01-31 00:00:00-05:00,8.535611152648926,8.535611152648926,8.535611152648926,8.535611152648926,0,0.0,0.0
2022-02-01 00:00:00-05:00,8.583970069885254,8.583970069885254,8.583970069885254,8.583970069885254,900,0.0,0.0
2022-02-02 00:00:00-05:00,8.583970069885254,8.583970069885254,8.583970069885254,8.583970069885254,0,0.0,0.0
2022-02-03 00:00:00-05:00,8.583970069885254,8.583970069885254,8.583970069885254,8.583970069885254,0,0.0,0.0
2022-02-04 00:00:00-05:00,8.583970069885254,8.583970069885254,8.583970069885254,8.583970069885254,0,0.0,0.0
2022-02-07 00:00:00-05:00,8.583970069885254,8.583970069885254,8.583970069885254,8.583970069885254,0,0.0,0.0
2022-02-08 00:00:00-05:00,8.543669700622559,8.543669700622559,8.543669700622559,8.543669700622559,400,0.0,0.0
2022-02-09 00:00:00-05:00,8.487250138045153,8.487250138045153,8.382469177246094,8.382469177246094,5600,0.0,0.0
2022-02-10 00:00:00-05:00,8.390528678894043,8.390528678894043,8.382468428321665,8.390528678894043,1700,0.0,0.0
2022-02-11 00:00:00-05:00,8.390528678894043,8.390528678894043,8.390528678894043,8.390528678894043,0,0.0,0.0
2022-02-14 00:00:00-05:00,8.38246863267855,8.398589134216309,8.38246863267855,8.398589134216309,1200,0.0,0.0
2022-02-15 00:00:00-05:00,8.382469177246094,8.382469177246094,8.382469177246094,8.382469177246094,100,0.0,0.0
2022-02-16 00:00:00-05:00,8.390528678894043,8.390528678894043,8.390528678894043,8.390528678894043,500,0.0,0.0
2022-02-17 00:00:00-05:00,8.382469177246094,8.382469177246094,8.382469177246094,8.382469177246094,1200,0.0,0.0
2022-02-18 00:00:00-05:00,8.382469705360993,8.382469705360993,8.342169983695193,8.35828971862793,1600,0.0,0.0
2022-02-22 00:00:00-05:00,8.342169041017414,8.342169041017414,8.156787113897913,8.261568069458008,9600,0.0,0.0
2022-02-23 00:00:00-05:00,8.261568069458008,8.261568069458008,8.261568069458008,8.261568069458008,0,0.0,0.0
2022-02-24 00:00:00-05:00,8.261568069458008,8.261568069458008,8.261568069458008,8.261568069458008,0,0.0,0.0
2022-02-25 00:00:00-05:00,8.293807983398438,8.293807983398438,8.293807983398438,8.293807983398438,1100,0.0,0.0
2022-02-28 00:00:00-05:00,8.293807983398438,8.293807983398438,8.293807983398438,8.293807983398438,0,0.0,0.0
2022-03-01 00:00:00-05:00,8.293807983398438,8.293807983398438,8.293807983398438,8.293807983398438,0,0.0,0.0
2022-03-02 00:00:00-05:00,8.293807983398438,8.293807983398438,8.293807983398438,8.293807983398438,0,0.0,0.0
2022-03-03 00:00:00-05:00,8.293807983398438,8.293807983398438,8.293807983398438,8.293807983398438,0,0.0,0.0
2022-03-04 00:00:00-05:00,8.293807983398438,8.293807983398438,8.293807983398438,8.293807983398438,0,0.0,0.0
2022-03-07 00:00:00-05:00,8.253506660461426,8.261566910219942,8.253506660461426,8.253506660461426,500,0.0,0.0
2022-03-08 00:00:00-05:00,8.245447370298857,8.245447370298857,8.148726667943576,8.156786918640137,3500,0.0,0.0
2022-03-09 00:00:00-05:00,8.261568069458008,8.261568069458008,8.261568069458008,8.261568069458008,400,0.0,0.0
2022-03-10 00:00:00-05:00,8.261568069458008,8.261568069458008,8.261568069458008,8.261568069458008,300,0.0,0.0
2022-03-11 00:00:00-05:00,8.261568088247932,8.261568088247932,8.060066427558958,8.068126678466797,4600,0.0,0.0
2022-03-14 00:00:00-04:00,8.092307414779407,8.189028128661084,8.060067176818848,8.060067176818848,4800,0.0,0.0
2022-03-15 00:00:00-04:00,8.060067176818848,8.060067176818848,8.060067176818848,8.060067176818848,0,0.0,0.0
2022-03-16 00:00:00-04:00,8.108426637853926,8.124546369955109,8.076186404983778,8.092306137084961,1100,0.0,0.0
2022-03-17 00:00:00-04:00,8.092306137084961,8.092306137084961,8.092306137084961,8.092306137084961,0,0.0,0.0
2022-03-18 00:00:00-04:00,8.092306137084961,8.092306137084961,8.092306137084961,8.092306137084961,0,0.0,0.0
2022-03-21 00:00:00-04:00,8.140667915344238,8.140667915344238,8.140667915344238,8.140667915344238,200,0.0,0.0
2022-03-22 00:00:00-04:00,8.1809663772583,8.1809663772583,8.1809663772583,8.1809663772583,100,0.0,0.0
2022-03-23 00:00:00-04:00,8.1809663772583,8.1809663772583,8.1809663772583,8.1809663772583,0,0.0,0.0
2022-03-24 00:00:00-04:00,8.180967116505208,8.180967116505208,7.818264280998622,8.068126678466797,11800,0.0,0.0
2022-03-25 00:00:00-04:00,8.060067057062652,8.132607783563078,8.060067057062652,8.100367546081543,3800,0.0,0.0
2022-03-28 00:00:00-04:00,8.229326995907133,8.229326995907133,8.12454605102539,8.12454605102539,1600,0.0,0.0
2022-03-29 00:00:00-04:00,8.12454605102539,8.12454605102539,8.12454605102539,8.12454605102539,0,0.0,0.0
2022-03-30 00:00:00-04:00,8.12454605102539,8.12454605102539,8.12454605102539,8.12454605102539,0,0.0,0.0
2022-03-31 00:00:00-04:00,8.12454605102539,8.12454605102539,8.12454605102539,8.12454605102539,0,0.0,0.0
2022-04-01 00:00:00-04:00,8.148727416992188,8.148727416992188,8.148727416992188,8.148727416992188,400,0.0,0.0
2022-04-04 00:00:00-04:00,8.221267700195312,8.253507935542437,8.164847480504804,8.221267700195312,5300,0.0,0.0
2022-04-05 00:00:00-04:00,8.374408196365083,8.374408196365083,8.293807235195924,8.301867485046387,1700,0.0,0.0
2022-04-06 00:00:00-04:00,8.301867485046387,8.301867485046387,8.301867485046387,8.301867485046387,0,0.0,0.0
2022-04-07 00:00:00-04:00,8.301867485046387,8.301867485046387,8.301867485046387,8.301867485046387,0,0.0,0.0
2022-04-08 00:00:00-04:00,8.301867485046387,8.301867485046387,8.301867485046387,8.301867485046387,0,0.0,0.0
2022-04-11 00:00:00-04:00,8.164847277389324,8.213207244873047,8.164847277389324,8.213207244873047,600,0.0,0.0
2022-04-12 00:00:00-04:00,8.197086552419199,8.616209552444662,8.197086552419199,8.592029571533203,7700,0.0,0.0
2022-04-13 00:00:00-04:00,8.455008506774902,8.455008506774902,8.455008506774902,8.455008506774902,100,0.0,0.0
2022-04-14 00:00:00-04:00,8.455008506774902,8.455008506774902,8.455008506774902,8.455008506774902,0,0.0,0.0
2022-04-18 00:00:00-04:00,8.455008506774902,8.455008506774902,8.455008506774902,8.455008506774902,0,0.0,0.0
2022-04-19 00:00:00-04:00,8.261566997750903,8.334107709010674,8.108426094055176,8.108426094055176,1600,0.0,0.0
2022-04-20 00:00:00-04:00,8.108426094055176,8.108426094055176,8.108426094055176,8.108426094055176,0,0.0,0.0
2022-04-21 00:00:00-04:00,8.189026832580566,8.261567548677753,8.189026832580566,8.189026832580566,900,0.0,0.0
2022-04-22 00:00:00-04:00,8.189026832580566,8.189026832580566,8.189026832580566,8.189026832580566,0,0.0,0.0
2022-04-25 00:00:00-04:00,8.189026832580566,8.189026832580566,8.189026832580566,8.189026832580566,0,0.0,0.0
2022-04-26 00:00:00-04:00,8.253507620995418,8.253507620995418,8.156786918640137,8.156786918640137,2300,0.0,0.0
2022-04-27 00:00:00-04:00,8.156786709428786,8.261567659793126,8.156786709428786,8.245447158813477,1800,0.0,0.0
2022-04-28 00:00:00-04:00,8.245447158813477,8.245447158813477,8.245447158813477,8.245447158813477,0,0.0,0.0
2022-04-29 00:00:00-04:00,8.245447158813477,8.245447158813477,8.245447158813477,8.245447158813477,0,0.0,0.0
2022-05-02 00:00:00-04:00,8.245447158813477,8.245447158813477,8.245447158813477,8.245447158813477,0,0.0,0.0
2022-05-03 00:00:00-04:00,8.229327201843262,8.229327201843262,8.229327201843262,8.229327201843262,200,0.0,0.0
2022-05-04 00:00:00-04:00,8.229327201843262,8.229327201843262,8.229327201843262,8.229327201843262,0,0.0,0.0
2022-05-05 00:00:00-04:00,8.229327201843262,8.229327201843262,8.229327201843262,8.229327201843262,0,0.0,0.0
2022-05-06 00:00:00-04:00,8.229327201843262,8.229327201843262,8.229327201843262,8.229327201843262,0,0.0,0.0
2022-05-09 00:00:00-04:00,8.221267700195312,8.221267700195312,8.221267700195312,8.221267700195312,200,0.0,0.0
2022-05-10 00:00:00-04:00,8.221267700195312,8.221267700195312,8.221267700195312,8.221267700195312,0,0.0,0.0
2022-05-11 00:00:00-04:00,8.221267700195312,8.221267700195312,8.221267700195312,8.221267700195312,0,0.0,0.0
2022-05-12 00:00:00-04:00,8.12454605102539,8.12454605102539,8.12454605102539,8.12454605102539,200,0.0,0.0
2022-05-13 00:00:00-04:00,8.116486549377441,8.116486549377441,8.116486549377441,8.116486549377441,1000,0.0,0.0
2022-05-16 00:00:00-04:00,8.197088156949158,8.197088156949158,8.148727416992188,8.148727416992188,300,0.0,0.0
2022-05-17 00:00:00-04:00,8.116485689213185,8.164846420288086,8.100365957966714,8.164846420288086,1100,0.0,0.0
2022-05-18 00:00:00-04:00,8.1003674269182,8.140667915344238,8.1003674269182,8.140667915344238,2500,0.0,0.0
2022-05-19 00:00:00-04:00,8.140667915344238,8.140667915344238,8.140667915344238,8.140667915344238,0,0.0,0.0
2022-05-20 00:00:00-04:00,8.140667915344238,8.140667915344238,8.140667915344238,8.140667915344238,0,0.0,0.0
2022-05-23 00:00:00-04:00,8.140668035100434,8.140668035100434,8.100367546081543,8.100367546081543,1100,0.0,0.0
2022-05-24 00:00:00-04:00,8.116485800957314,8.12454605102539,8.116485800957314,8.12454605102539,700,0.0,0.0
2022-05-25 00:00:00-04:00,8.12454605102539,8.12454605102539,8.12454605102539,8.12454605102539,0,0.0,0.0
2022-05-26 00:00:00-04:00,8.12454605102539,8.132606301093467,8.12454605102539,8.12454605102539,2400,0.0,0.0
2022-05-27 00:00:00-04:00,8.08424716312229,8.100367666436524,8.060067176818848,8.060067176818848,9800,0.0,0.0
2022-05-31 00:00:00-04:00,8.140667915344238,8.140667915344238,8.140667915344238,8.140667915344238,800,0.0,0.0
2022-06-01 00:00:00-04:00,8.164847578184498,8.172907829284668,8.164847578184498,8.172907829284668,1600,0.0,0.0
2022-06-02 00:00:00-04:00,8.164847480504804,8.221267700195312,8.164847480504804,8.221267700195312,3500,0.0,0.0
2022-06-03 00:00:00-04:00,8.309928923900788,8.309928923900788,8.221267700195312,8.221267700195312,900,0.0,0.0
2022-06-06 00:00:00-04:00,8.180967635102393,8.180967635102393,8.140667915344238,8.140667915344238,600,0.0,0.0
2022-06-07 00:00:00-04:00,8.140667915344238,8.140667915344238,8.140667915344238,8.140667915344238,0,0.0,0.0
2022-06-08 00:00:00-04:00,8.14066759355184,8.172907829284668,8.14066759355184,8.172907829284668,700,0.0,0.0
2022-06-09 00:00:00-04:00,8.164847480504804,8.221267700195312,8.140667496161422,8.221267700195312,2200,0.0,0.0
2022-06-10 00:00:00-04:00,8.277688571237022,8.293808304348204,8.261568069458008,8.261568069458008,3000,0.0,0.0
2022-06-13 00:00:00-04:00,8.393838621178048,8.393838621178048,8.152588587171083,8.160907745361328,3000,0.319,0.0
2022-06-14 00:00:00-04:00,8.23577880859375,8.23577880859375,8.23577880859375,8.23577880859375,2000,0.0,0.0
2022-06-15 00:00:00-04:00,8.23577880859375,8.23577880859375,8.23577880859375,8.23577880859375,0,0.0,0.0
2022-06-16 00:00:00-04:00,8.160908519112294,8.160908519112294,8.135951042175293,8.135951042175293,4300,0.0,0.0
2022-06-17 00:00:00-04:00,8.135951931101161,8.194185256958008,8.08603855849101,8.194185256958008,12800,0.0,0.0
2022-06-21 00:00:00-04:00,8.194184341860819,8.194184341860819,8.110994338989258,8.110994338989258,500,0.0,0.0
2022-06-22 00:00:00-04:00,8.110994319260522,8.110994319260522,8.086037635803223,8.086037635803223,3000,0.0,0.0
2022-06-23 00:00:00-04:00,8.102675180030369,8.110994338989258,8.086037655471255,8.110994338989258,3600,0.0,0.0
2022-06-24 00:00:00-04:00,8.11931324005127,8.11931324005127,8.11931324005127,8.11931324005127,100,0.0,0.0
2022-06-27 00:00:00-04:00,8.11931324005127,8.11931324005127,8.11931324005127,8.11931324005127,0,0.0,0.0
2022-06-28 00:00:00-04:00,8.11931324005127,8.11931324005127,8.11931324005127,8.11931324005127,0,0.0,0.0
2022-06-29 00:00:00-04:00,8.110994338989258,8.119313497948147,8.110994338989258,8.110994338989258,7500,0.0,0.0
2022-06-30 00:00:00-04:00,8.110994338989258,8.110994338989258,8.110994338989258,8.110994338989258,0,0.0,0.0
2022-07-01 00:00:00-04:00,8.144269943237305,8.144269943237305,8.144269943237305,8.144269943237305,300,0.0,0.0
2022-07-05 00:00:00-04:00,8.14427018146615,8.14427018146615,8.110994338989258,8.110994338989258,13600,0.0,0.0
2022-07-06 00:00:00-04:00,8.110994101733768,8.144269943237305,8.110994101733768,8.144269943237305,1800,0.0,0.0
2022-07-07 00:00:00-04:00,8.144269922776562,8.144269922776562,8.086037398631332,8.11931324005127,4300,0.0,0.0
2022-07-08 00:00:00-04:00,8.11931324005127,8.11931324005127,8.11931324005127,8.11931324005127,0,0.0,0.0
2022-07-11 00:00:00-04:00,8.11931324005127,8.11931324005127,8.11931324005127,8.11931324005127,0,0.0,0.0
2022-07-12 00:00:00-04:00,8.11931324005127,8.11931324005127,8.11931324005127,8.11931324005127,0,0.0,0.0
2022-07-13 00:00:00-04:00,8.110995811477888,8.110995811477888,8.09435749053955,8.09435749053955,1100,0.0,0.0
2022-07-14 00:00:00-04:00,8.09435749053955,8.09435749053955,8.09435749053955,8.09435749053955,0,0.0,0.0
2022-07-15 00:00:00-04:00,8.077719704351853,8.1359522390541,8.077719704351853,8.102676391601562,3100,0.0,0.0
2022-07-18 00:00:00-04:00,8.069399137695717,8.069399137695717,8.061079978942871,8.061079978942871,2300,0.0,0.0
2022-07-19 00:00:00-04:00,8.061079978942871,8.061079978942871,8.05276161354867,8.061079978942871,1200,0.0,0.0
2022-07-20 00:00:00-04:00,8.061079978942871,8.061079978942871,8.061079978942871,8.061079978942871,0,0.0,0.0
2022-07-21 00:00:00-04:00,8.061079978942871,8.061079978942871,8.061079978942871,8.061079978942871,0,0.0,0.0
2022-07-22 00:00:00-04:00,8.160909703562142,8.160909703562142,8.077719688415527,8.077719688415527,600,0.0,0.0
2022-07-25 00:00:00-04:00,8.061080397381168,8.061080397381168,8.052762031555176,8.052762031555176,700,0.0,0.0
2022-07-26 00:00:00-04:00,8.061079978942871,8.061079978942871,8.061079978942871,8.061079978942871,400,0.0,0.0
2022-07-27 00:00:00-04:00,8.185865623919799,8.194184783326888,8.127633094787598,8.127633094787598,3500,0.0,0.0
2022-07-28 00:00:00-04:00,8.069400787353516,8.069400787353516,8.069400787353516,8.069400787353516,300,0.0,0.0
2022-07-29 00:00:00-04:00,8.127633094787598,8.127633094787598,8.119313935380509,8.127633094787598,900,0.0,0.0
2022-08-01 00:00:00-04:00,8.077719688415527,8.127633856175253,8.077719688415527,8.077719688415527,1300,0.0,0.0
2022-08-02 00:00:00-04:00,8.127633094787598,8.127633094787598,8.127633094787598,8.127633094787598,300,0.0,0.0
2022-08-03 00:00:00-04:00,8.152589797973633,8.194184801743853,8.152589797973633,8.152589797973633,900,0.0,0.0
2022-08-04 00:00:00-04:00,8.210822338654054,8.310649871826172,8.210822338654054,8.310649871826172,1800,0.0,0.0
2022-08-05 00:00:00-04:00,8.3189697265625,8.34392641360173,8.3189697265625,8.3189697265625,500,0.0,0.0
2022-08-08 00:00:00-04:00,8.25241681395222,8.568537712097168,8.25241681395222,8.568537712097168,2500,0.0,0.0
2022-08-09 00:00:00-04:00,8.518623295936637,8.585174978454997,8.518623295936637,8.57685661315918,5500,0.0,0.0
2022-08-10 00:00:00-04:00,8.48534842520625,8.48534842520625,8.468710899353027,8.468710899353027,1100,0.0,0.0
2022-08-11 00:00:00-04:00,8.468710899353027,8.468710899353027,8.468710899353027,8.468710899353027,0,0.0,0.0
2022-08-12 00:00:00-04:00,8.402158319204206,8.410476684570312,8.393839160479459,8.410476684570312,500,0.0,0.0
2022-08-15 00:00:00-04:00,8.410476684570312,8.410476684570312,8.410476684570312,8.410476684570312,0,0.0,0.0
2022-08-16 00:00:00-04:00,8.402158298793356,8.402158298793356,8.385519981384277,8.385519981384277,700,0.0,0.0
2022-08-17 00:00:00-04:00,8.385519981384277,8.385519981384277,8.385519981384277,8.385519981384277,0,0.0,0.0
2022-08-18 00:00:00-04:00,8.3189697265625,8.3189697265625,8.3189697265625,8.3189697265625,100,0.0,0.0
2022-08-19 00:00:00-04:00,8.3189697265625,8.3189697265625,8.3189697265625,8.3189697265625,0,0.0,0.0
2022-08-22 00:00:00-04:00,8.3189697265625,8.3189697265625,8.3189697265625,8.3189697265625,0,0.0,0.0
2022-08-23 00:00:00-04:00,8.19418410677753,8.277373313903809,8.169226630616869,8.277373313903809,1900,0.0,0.0
2022-08-24 00:00:00-04:00,8.127632657655251,8.244097709655762,8.094356021816633,8.244097709655762,2400,0.0,0.0
2022-08-25 00:00:00-04:00,8.202503204345703,8.202503204345703,8.202503204345703,8.202503204345703,200,0.0,0.0
2022-08-26 00:00:00-04:00,8.252417335742066,8.443753242492676,8.252417335742066,8.443753242492676,3800,0.0,0.0
2022-08-29 00:00:00-04:00,8.443753242492676,8.443753242492676,8.443753242492676,8.443753242492676,0,0.0,0.0
2022-08-30 00:00:00-04:00,8.443753242492676,8.443753242492676,8.443753242492676,8.443753242492676,0,0.0,0.0
2022-08-31 00:00:00-04:00,8.443753242492676,8.443753242492676,8.443753242492676,8.443753242492676,0,0.0,0.0
2022-09-01 00:00:00-04:00,8.443753242492676,8.443753242492676,8.443753242492676,8.443753242492676,0,0.0,0.0
2022-09-02 00:00:00-04:00,8.443753242492676,8.443753242492676,8.443753242492676,8.443753242492676,0,0.0,0.0
2022-09-06 00:00:00-04:00,8.443753242492676,8.443753242492676,8.443753242492676,8.443753242492676,0,0.0,0.0
2022-09-07 00:00:00-04:00,8.235778550696105,8.244097709655762,8.235778550696105,8.244097709655762,1800,0.0,0.0
2022-09-08 00:00:00-04:00,8.244097709655762,8.244097709655762,8.244097709655762,8.244097709655762,0,0.0,0.0
2022-09-09 00:00:00-04:00,8.244097709655762,8.244097709655762,8.244097709655762,8.244097709655762,0,0.0,0.0
2022-09-12 00:00:00-04:00,8.244097709655762,8.244097709655762,8.244097709655762,8.244097709655762,0,0.0,0.0
2022-09-13 00:00:00-04:00,8.244098925349975,8.244098925349975,8.077719688415527,8.077719688415527,8200,0.0,0.0
2022-09-14 00:00:00-04:00,8.086037635803223,8.086037635803223,8.086037635803223,8.086037635803223,100,0.0,0.0
2022-09-15 00:00:00-04:00,8.110994338989258,8.110994338989258,8.110994338989258,8.110994338989258,2500,0.0,0.0
2022-09-16 00:00:00-04:00,8.110995796262522,8.110995796262522,8.052763259805198,8.069400787353516,1900,0.0,0.0
2022-09-19 00:00:00-04:00,8.069400787353516,8.069400787353516,8.069400787353516,8.069400787353516,0,0.0,0.0
2022-09-20 00:00:00-04:00,8.069400787353516,8.069400787353516,8.069400787353516,8.069400787353516,0,0.0,0.0
2022-09-21 00:00:00-04:00,8.069400787353516,8.069400787353516,8.069400787353516,8.069400787353516,0,0.0,0.0
2022-09-22 00:00:00-04:00,8.069400787353516,8.069400787353516,8.069400787353516,8.069400787353516,0,0.0,0.0
2022-09-23 00:00:00-04:00,8.027805778444511,8.069400787353516,8.027805778444511,8.069400787353516,800,0.0,0.0
2022-09-26 00:00:00-04:00,8.06108019647353,8.06108019647353,7.67008924484253,7.670089244842529,4900,0.0,0.0
2022-09-27 00:00:00-04:00,7.861426119059293,7.977891979153353,7.678408565585418,7.828150272369385,2200,0.0,0.0
2022-09-28 00:00:00-04:00,7.927977050603137,7.927977050603137,7.670089461877653,7.744960308074951,3400,0.0,0.0
2022-09-29 00:00:00-04:00,7.803193351046187,7.903020888114052,7.79487419128418,7.79487419128418,700,0.0,0.0
2022-09-30 00:00:00-04:00,7.861425141636543,7.90302014316705,7.803192615509033,7.803192615509033,900,0.0,0.0
2022-10-03 00:00:00-04:00,7.803193363360008,7.803193363360008,7.65345166084254,7.661770820617676,4700,0.0,0.0
2022-10-04 00:00:00-04:00,7.753277955645525,7.753277955645525,7.711683750152588,7.711683750152588,200,0.0,0.0
2022-10-05 00:00:00-04:00,7.720003110049171,7.720003110049171,7.686727265351667,7.695046424865723,1400,0.0,0.0
2022-10-06 00:00:00-04:00,7.728322488655845,7.728322488655845,7.703365802764893,7.703365802764893,200,0.0,0.0
2022-10-07 00:00:00-04:00,7.728321320537864,7.728321320537864,7.5203471183776855,7.5203471183776855,8800,0.0,0.0
2022-10-10 00:00:00-04:00,7.611856469624757,7.611856469624757,7.478753089904785,7.478753089904785,2200,0.0,0.0
2022-10-11 00:00:00-04:00,7.595219165319728,7.595219165319728,7.487072467803955,7.487072467803955,600,0.0,0.0
2022-10-12 00:00:00-04:00,7.570262015933594,7.570262015933594,7.462115325036405,7.512028694152832,1600,0.0,0.0
2022-10-13 00:00:00-04:00,7.4621146138272945,7.487071296006904,7.162631254237501,7.170950412750244,7400,0.0,0.0
2022-10-14 00:00:00-04:00,7.195907366517198,7.204226525343922,6.854829788208008,6.854829788208008,9400,0.0,0.0
2022-10-17 00:00:00-04:00,6.929700157139119,7.179269351366941,6.929700157139119,7.162631034851074,1300,0.0,0.0
2022-10-18 00:00:00-04:00,7.112717903080261,7.254140424624911,6.9712953815356125,7.062803745269775,12100,0.0,0.0
2022-10-19 00:00:00-04:00,7.071123818301178,7.087762137509369,7.0628046586970825,7.079442977905273,2400,0.0,0.0
2022-10-20 00:00:00-04:00,7.154313827624683,7.195908038927708,7.0628046586970825,7.079442977905273,3500,0.0,0.0
2022-10-21 00:00:00-04:00,7.071124029331472,7.154314041137694,7.071124029331472,7.154314041137695,600,0.0,0.0
2022-10-24 00:00:00-04:00,7.279098011599931,7.320693016052246,7.279098011599931,7.320693016052246,200,0.0,0.0
2022-10-25 00:00:00-04:00,7.420520573461025,7.420520573461025,7.279098033905029,7.279098033905029,300,0.0,0.0
2022-10-26 00:00:00-04:00,7.378924627276113,7.378924627276113,7.37060546875,7.37060546875,400,0.0,0.0
2022-10-27 00:00:00-04:00,7.5037102699279785,7.5037102699279785,7.5037102699279785,7.5037102699279785,400,0.0,0.0
2022-10-28 00:00:00-04:00,7.420520305633545,7.420520305633545,7.420520305633545,7.420520305633545,700,0.0,0.0
2022-10-31 00:00:00-04:00,7.586899757385254,7.586899757385254,7.586899757385254,7.586899757385254,200,0.0,0.0
2022-11-01 00:00:00-04:00,7.703365584379778,7.769917273774784,7.678408105837613,7.695046424865723,1200,0.0,0.0
2022-11-02 00:00:00-04:00,7.6784081237432025,7.720003128051758,7.6784081237432025,7.720003128051758,2800,0.0,0.0
2022-11-03 00:00:00-04:00,7.7200026117538245,7.7200026117538245,7.6035375595092765,7.603537559509277,600,0.0,0.0
2022-11-04 00:00:00-04:00,7.636813644349626,7.636813644349626,7.5037102699279785,7.5037102699279785,700,0.0,0.0
2022-11-07 00:00:00-05:00,7.636813644349626,7.678407853837372,7.5037102699279785,7.5037102699279785,2600,0.0,0.0
2022-11-08 00:00:00-05:00,7.6035375595092765,7.6035375595092765,7.6035375595092765,7.603537559509277,200,0.0,0.0
2022-11-09 00:00:00-05:00,7.603538325134498,7.603538325134498,7.44547746208885,7.487072467803955,3400,0.0,0.0
2022-11-10 00:00:00-05:00,7.561943131426509,7.561943131426509,7.3040547370910645,7.3040547370910645,2300,0.0,0.0
2022-11-11 00:00:00-05:00,7.4038822271411755,7.420520546255575,7.387244701385498,7.387244701385498,3900,0.0,0.0
2022-11-14 00:00:00-05:00,7.420520305633545,7.420520305633545,7.420520305633545,7.420520305633545,100,0.0,0.0
2022-11-15 00:00:00-05:00,7.4038822271411755,7.4038822271411755,7.387244701385498,7.387244701385498,800,0.0,0.0
2022-11-16 00:00:00-05:00,7.387244701385498,7.387244701385498,7.387244701385498,7.387244701385498,100,0.0,0.0
2022-11-17 00:00:00-05:00,7.403881968355237,7.403881968355237,7.32901191503352,7.39556360244751,7000,0.0,0.0
2022-11-18 00:00:00-05:00,7.395563602447509,7.395563602447509,7.395563602447509,7.39556360244751,0,0.0,0.0
2022-11-21 00:00:00-05:00,7.320693043205436,7.320693043205436,7.212546348571777,7.212546348571777,1200,0.0,0.0
2022-11-22 00:00:00-05:00,7.237502574920654,7.237502574920654,7.237502574920654,7.237502574920654,500,0.0,0.0
2022-11-23 00:00:00-05:00,7.212545656022679,7.337329864501953,7.212545656022679,7.337329864501953,1400,0.0,0.0
2022-11-25 00:00:00-05:00,7.23750283322093,7.23750283322093,7.229183673858643,7.229183673858643,500,0.0,0.0
2022-11-28 00:00:00-05:00,7.320693016052246,7.320693016052246,7.212546321819715,7.320693016052246,4500,0.0,0.0
2022-11-29 00:00:00-05:00,7.220865481381923,7.320693016052246,7.220865481381923,7.320693016052246,3000,0.0,0.0
2022-11-30 00:00:00-05:00,7.262459692475516,7.320693016052246,7.262459692475516,7.320693016052246,800,0.0,0.0
2022-12-01 00:00:00-05:00,7.320693016052246,7.320693016052246,7.320693016052246,7.320693016052246,0,0.0,0.0
2022-12-02 00:00:00-05:00,7.212546270618749,7.670089729628732,7.212546270618749,7.536986351013184,6300,0.0,0.0
2022-12-05 00:00:00-05:00,7.503710090479873,7.503710090479873,7.412200927734375,7.412200927734375,600,0.0,0.0
2022-12-06 00:00:00-05:00,7.412201129726015,7.412201129726015,7.329011917114258,7.329011917114258,3800,0.0,0.0
2022-12-07 00:00:00-05:00,7.329012215914922,7.329012215914922,7.287417211233886,7.3040547370910645,1600,0.0,0.0
2022-12-08 00:00:00-05:00,7.320693016052246,7.337330541817939,7.287417171162138,7.320693016052246,1900,0.0,0.0
2022-12-09 00:00:00-05:00,7.320693016052246,7.320693016052246,7.320693016052246,7.320693016052246,0,0.0,0.0
2022-12-12 00:00:00-05:00,7.312373181477828,7.353968182090469,7.25414065663532,7.337329864501953,1300,0.0,0.0
2022-12-13 00:00:00-05:00,7.3364671882989745,7.41414756081697,7.3364671882989745,7.3709917068481445,3300,0.319,0.0
2022-12-14 00:00:00-05:00,7.3709917068481445,7.3709917068481445,7.3709917068481445,7.3709917068481445,0,0.0,0.0
2022-12-15 00:00:00-05:00,7.336467716549086,7.336467716549086,7.112057918256502,7.310574531555176,4300,0.0,0.0
2022-12-16 00:00:00-05:00,7.388255017567453,7.396885530605126,7.301943302154541,7.301943302154541,3300,0.0,0.0
2022-12-19 00:00:00-05:00,7.431409281783302,7.465933799743652,7.379622916407494,7.465933799743652,3000,0.0,0.0
2022-12-20 00:00:00-05:00,7.4400410652160645,7.4400410652160645,7.4400410652160645,7.4400410652160645,100,0.0,0.0
2022-12-21 00:00:00-05:00,7.414148330688477,7.414148330688477,7.414148330688477,7.414148330688477,200,0.0,0.0
2022-12-22 00:00:00-05:00,7.3278361954779605,7.336467531301157,7.258787155151367,7.258787155151367,900,0.0,0.0
2022-12-23 00:00:00-05:00,7.2587875507092425,7.293312072753906,7.250156214415693,7.293312072753906,1300,0.0,0.0
2022-12-27 00:00:00-05:00,7.301943118320588,7.301943118320588,7.207000892260271,7.250155925750732,1400,0.0,0.0
2022-12-28 00:00:00-05:00,7.327836088170654,7.327836088170654,7.20700068093335,7.267418384552002,1400,0.0,0.0
2022-12-29 00:00:00-05:00,7.310574372517958,7.396885261663186,7.310574372517958,7.3796234130859375,4500,0.0,0.0
2022-12-30 00:00:00-05:00,7.465933726170981,7.552245431786021,7.189737585209937,7.207000255584717,4600,0.0,0.0
2023-01-03 00:00:00-05:00,7.207000255584717,7.207000255584717,7.207000255584717,7.207000255584717,0,0.0,0.0
2023-01-04 00:00:00-05:00,7.345099159860997,7.345099159860997,7.301943302154541,7.301943302154541,1000,0.0,0.0
2023-01-05 00:00:00-05:00,7.379623148535405,7.379623148535405,7.353729965033025,7.36236047744751,1300,0.0,0.0
2023-01-06 00:00:00-05:00,7.595402240753174,7.595402240753174,7.595402240753174,7.595402240753174,1300,0.0,0.0
2023-01-09 00:00:00-05:00,7.55224609375,7.55224609375,7.55224609375,7.55224609375,600,0.0,0.0
2023-01-10 00:00:00-05:00,7.457303047180176,7.457303047180176,7.457303047180176,7.457303047180176,200,0.0,0.0
2023-01-11 00:00:00-05:00,7.457303047180176,7.457303047180176,7.457303047180176,7.457303047180176,0,0.0,0.0
2023-01-12 00:00:00-05:00,7.552245627259937,7.759392738342285,7.552245627259937,7.759392738342285,1500,0.0,0.0
2023-01-13 00:00:00-05:00,7.586770534515381,7.604033206221498,7.586770534515381,7.586770534515381,700,0.0,0.0
2023-01-17 00:00:00-05:00,7.586770534515381,7.586770534515381,7.586770534515381,7.586770534515381,0,0.0,0.0
2023-01-18 00:00:00-05:00,7.802547931671143,7.802547931671143,7.793916596991114,7.802547931671143,500,0.0,0.0
2023-01-19 00:00:00-05:00,7.742131233215333,7.742131233215333,7.742131233215333,7.742131233215332,200,0.0,0.0
2023-01-20 00:00:00-05:00,7.742132103731804,7.776656627655029,7.742132103731804,7.776656627655029,200,0.0,0.0
2023-01-23 00:00:00-05:00,7.742132103731804,7.793918478051852,7.742132103731804,7.776656627655029,4400,0.0,0.0
2023-01-24 00:00:00-05:00,7.698974715024499,7.698974715024499,7.690343379974365,7.690343379974365,500,0.0,0.0
2023-01-25 00:00:00-05:00,7.690343966364634,7.983802795410156,7.690343966364634,7.983802795410156,3400,0.0,0.0
2023-01-26 00:00:00-05:00,7.750762178036786,7.750762178036786,7.595402240753174,7.595402240753174,2800,0.0,0.0
2023-01-27 00:00:00-05:00,7.681712627410889,7.681712627410889,7.681712627410889,7.681712627410889,100,0.0,0.0
2023-01-30 00:00:00-05:00,7.681712627410889,7.681712627410889,7.681712627410889,7.681712627410889,0,0.0,0.0
2023-01-31 00:00:00-05:00,7.647188663482666,7.647188663482666,7.647188663482666,7.647188663482666,200,0.0,0.0
2023-02-01 00:00:00-05:00,7.647188663482666,7.647188663482666,7.647188663482666,7.647188663482666,0,0.0,0.0
2023-02-02 00:00:00-05:00,7.655819786192865,7.6644511222839355,7.655819786192865,7.6644511222839355,1000,0.0,0.0
2023-02-03 00:00:00-05:00,7.62129545211792,7.62129545211792,7.62129545211792,7.62129545211792,100,0.0,0.0
2023-02-06 00:00:00-05:00,7.48319673538208,7.48319673538208,7.48319673538208,7.48319673538208,100,0.0,0.0
2023-02-07 00:00:00-05:00,7.405516022877578,7.500458240509033,7.38825417563978,7.500458240509033,1100,0.0,0.0
2023-02-08 00:00:00-05:00,7.552245399237149,7.552245399237149,7.474565029144287,7.474565029144287,1900,0.0,0.0
2023-02-09 00:00:00-05:00,7.474565029144287,7.474565029144287,7.474565029144287,7.474565029144287,0,0.0,0.0
2023-02-10 00:00:00-05:00,7.491827854644602,7.509089702173152,7.3709916294269835,7.405516147613525,3300,0.0,0.0
2023-02-13 00:00:00-05:00,7.465934249463677,7.465934249463677,7.4400410652160645,7.4400410652160645,1600,0.0,0.0
2023-02-14 00:00:00-05:00,7.3364667892456055,7.3364667892456055,7.3364667892456055,7.3364667892456055,100,0.0,0.0
2023-02-15 00:00:00-05:00,7.353730201721191,7.353730201721191,7.353730201721191,7.353730201721191,200,0.0,0.0
2023-02-16 00:00:00-05:00,7.3623603714284895,7.44867207936614,7.3623603714284895,7.3709917068481445,2400,0.0,0.0
2023-02-17 00:00:00-05:00,7.3709917068481445,7.3709917068481445,7.3709917068481445,7.3709917068481445,0,0.0,0.0
2023-02-21 00:00:00-05:00,7.370992159660728,7.370992159660728,7.250155925750732,7.250155925750732,2200,0.0,0.0
2023-02-22 00:00:00-05:00,7.258787499359867,7.258787499359867,7.241525650024414,7.241525650024414,600,0.0,0.0
2023-02-23 00:00:00-05:00,7.241525650024414,7.241525650024414,7.241525650024414,7.241525650024414,0,0.0,0.0
2023-02-24 00:00:00-05:00,7.250155086002718,7.3364667892456055,7.250155086002718,7.3364667892456055,3100,0.0,0.0
2023-02-27 00:00:00-05:00,7.241525650024414,7.293312021160301,7.241525650024414,7.241525650024414,4000,0.0,0.0
2023-02-28 00:00:00-05:00,7.258787338437845,7.310574531555176,7.258787338437845,7.310574531555176,1100,0.0,0.0
2023-03-01 00:00:00-05:00,7.310574531555176,7.327836380507946,7.310574531555176,7.310574531555176,1800,0.0,0.0
2023-03-02 00:00:00-05:00,7.267418278381931,7.276049613952637,7.25015560724052,7.276049613952637,4100,0.0,0.0
2023-03-03 00:00:00-05:00,7.31920515135941,7.345099159860997,7.301943302154541,7.301943302154541,3800,0.0,0.0
2023-03-06 00:00:00-05:00,7.336467505096127,7.4400410652160645,7.336467505096127,7.4400410652160645,5200,0.0,0.0
2023-03-07 00:00:00-05:00,7.4400410652160645,7.4400410652160645,7.4400410652160645,7.4400410652160645,0,0.0,0.0
2023-03-08 00:00:00-05:00,7.345098865899434,7.38825472187873,7.345098865899434,7.353730201721191,600,0.0,0.0
2023-03-09 00:00:00-05:00,7.353730201721191,7.353730201721191,7.353730201721191,7.353730201721191,0,0.0,0.0
2023-03-10 00:00:00-05:00,7.241525333825209,7.2674185182625335,7.07753324508667,7.07753324508667,5000,0.0,0.0
2023-03-13 00:00:00-04:00,7.1724761059042175,7.1724761059042175,7.1206889152526855,7.1206889152526855,600,0.0,0.0
2023-03-14 00:00:00-04:00,7.1206889152526855,7.1206889152526855,7.1206889152526855,7.1206889152526855,0,0.0,0.0
2023-03-15 00:00:00-04:00,7.1206889152526855,7.1206889152526855,7.1206889152526855,7.1206889152526855,0,0.0,0.0
2023-03-16 00:00:00-04:00,7.31920450710546,7.379623031828124,7.163844585418701,7.163844585418701,1100,0.0,0.0
2023-03-17 00:00:00-04:00,7.163844585418701,7.163844585418701,7.163844585418701,7.163844585418701,0,0.0,0.0
2023-03-20 00:00:00-04:00,7.163844585418701,7.163844585418701,7.163844585418701,7.163844585418701,0,0.0,0.0
2023-03-21 00:00:00-04:00,7.163844797944443,7.163844797944443,7.1379516140834,7.146582126617432,1200,0.0,0.0
2023-03-22 00:00:00-04:00,7.0947957038879395,7.0947957038879395,7.0947957038879395,7.0947957038879395,500,0.0,0.0
2023-03-23 00:00:00-04:00,7.094795916797882,7.094795916797882,7.07753324508667,7.07753324508667,1100,0.0,0.0
2023-03-24 00:00:00-04:00,7.077533351671626,7.077533351671626,7.068902015686036,7.068902015686035,1200,0.0,0.0
2023-03-27 00:00:00-04:00,7.068902015686036,7.068902015686036,7.068902015686036,7.068902015686035,0,0.0,0.0
2023-03-28 00:00:00-04:00,7.068902015686036,7.068902015686036,7.068902015686036,7.068902015686035,0,0.0,0.0
2023-03-29 00:00:00-04:00,7.060271235014081,7.060271235014081,6.879016890274941,6.939435005187988,5000,0.0,0.0
2023-03-30 00:00:00-04:00,6.904910365071427,6.904910365071427,6.887648105621338,6.887648105621338,900,0.0,0.0
2023-03-31 00:00:00-04:00,6.879016876220703,6.879016876220703,6.879016876220703,6.879016876220703,500,0.0,0.0
2023-04-03 00:00:00-04:00,6.879016876220703,6.879016876220703,6.879016876220703,6.879016876220703,0,0.0,0.0
2023-04-04 00:00:00-04:00,6.879016876220703,6.879016876220703,6.879016876220703,6.879016876220703,0,0.0,0.0
2023-04-05 00:00:00-04:00,6.991222196007592,6.991222196007592,6.9308036695298085,6.939435005187988,2700,0.0,0.0
2023-04-06 00:00:00-04:00,6.939434716092479,6.991221904754639,6.922172868624719,6.991221904754639,2400,0.0,0.0
2023-04-10 00:00:00-04:00,6.965328216552734,6.965328216552734,6.965328216552734,6.965328216552734,300,0.0,0.0
2023-04-11 00:00:00-04:00,6.965328216552734,6.965328216552734,6.965328216552734,6.965328216552734,0,0.0,0.0
2023-04-12 00:00:00-04:00,6.965328216552734,6.965328216552734,6.965328216552734,6.965328216552734,0,0.0,0.0
2023-04-13 00:00:00-04:00,6.965328216552734,6.965328216552734,6.965328216552734,6.965328216552734,0,0.0,0.0
2023-04-14 00:00:00-04:00,6.965328216552734,6.965328216552734,6.965328216552734,6.965328216552734,0,0.0,0.0
2023-04-17 00:00:00-04:00,7.017115540356415,7.07753324508667,7.017115540356415,7.07753324508667,1200,0.0,0.0
2023-04-18 00:00:00-04:00,7.017115459870013,7.137951691074022,6.904910564422607,6.904910564422607,5700,0.0,0.0
2023-04-19 00:00:00-04:00,7.0257471427042715,7.0257471427042715,6.999853134155273,6.999853134155273,500,0.0,0.0
2023-04-20 00:00:00-04:00,6.999853134155273,7.008484470338273,6.999853134155273,6.999853134155273,1600,0.0,0.0
2023-04-21 00:00:00-04:00,7.008484470338273,7.008484470338273,6.999853134155273,6.999853134155273,400,0.0,0.0
2023-04-24 00:00:00-04:00,6.999853134155273,6.999853134155273,6.999853134155273,6.999853134155273,1000,0.0,0.0
2023-04-25 00:00:00-04:00,6.999853134155273,6.999853134155273,6.999853134155273,6.999853134155273,0,0.0,0.0
2023-04-26 00:00:00-04:00,6.999853134155273,6.999853134155273,6.999853134155273,6.999853134155273,0,0.0,0.0
2023-04-27 00:00:00-04:00,7.008484283638518,7.043008804321289,7.008484283638518,7.043008804321289,1500,0.0,0.0
2023-04-28 00:00:00-04:00,7.198369667994995,7.198369667994995,7.034377574920654,7.034377574920654,1800,0.0,0.0
2023-05-01 00:00:00-04:00,7.034377574920654,7.034377574920654,7.034377574920654,7.034377574920654,0,0.0,0.0
2023-05-02 00:00:00-04:00,7.043008484180277,7.1034261868464545,6.973959445953369,6.973959445953369,2600,0.0,0.0
2023-05-03 00:00:00-04:00,7.068902015686036,7.068902015686036,7.068902015686036,7.068902015686035,200,0.0,0.0
2023-05-04 00:00:00-04:00,6.8876479208894095,6.8876479208894095,6.689131736755371,6.689131736755371,2200,0.0,0.0
2023-05-05 00:00:00-04:00,6.818599444059978,6.818599444059978,6.188526322018232,6.38704252243042,6500,0.0,0.0
2023-05-08 00:00:00-04:00,6.533771792938201,6.542402717160697,6.378411041285844,6.516509532928467,3300,0.0,0.0
2023-05-09 00:00:00-04:00,6.516509376082234,6.5855584144592285,6.516509376082234,6.5855584144592285,1600,0.0,0.0
2023-05-10 00:00:00-04:00,6.516509559953598,6.542402744293213,6.516509559953598,6.542402744293213,1200,0.0,0.0
2023-05-11 00:00:00-04:00,6.542402744293213,6.542402744293213,6.542402744293213,6.542402744293213,0,0.0,0.0
2023-05-12 00:00:00-04:00,6.542402744293213,6.542402744293213,6.542402744293213,6.542402744293213,0,0.0,0.0
2023-05-15 00:00:00-04:00,6.542402744293213,6.542402744293213,6.542402744293213,6.542402744293213,0,0.0,0.0
2023-05-16 00:00:00-04:00,6.525140285491943,6.525140285491943,6.525140285491943,6.525140285491943,300,0.0,0.0
2023-05-17 00:00:00-04:00,6.309361870525697,6.404304504394531,6.309361870525697,6.404304504394531,500,0.0,0.0
2023-05-18 00:00:00-04:00,6.525140285491943,6.525140285491943,6.395673133042495,6.525140285491943,3000,0.0,0.0
2023-05-19 00:00:00-04:00,6.525140285491943,6.525140285491943,6.525140285491943,6.525140285491943,0,0.0,0.0
2023-05-22 00:00:00-04:00,6.4733535849625845,6.4906158447265625,6.4733535849625845,6.4906158447265625,500,0.0,0.0
2023-05-23 00:00:00-04:00,6.507877826690674,6.507877826690674,6.507877826690674,6.507877826690674,1300,0.0,0.0
2023-05-24 00:00:00-04:00,6.516509255617441,6.533771514892578,6.516509255617441,6.533771514892578,600,0.0,0.0
2023-05-25 00:00:00-04:00,6.533771514892578,6.533771514892578,6.533771514892578,6.533771514892578,500,0.0,0.0
2023-05-26 00:00:00-04:00,6.533771514892578,6.533771514892578,6.533771514892578,6.533771514892578,0,0.0,0.0
2023-05-30 00:00:00-04:00,6.6028207942091175,6.637345314025879,6.6028207942091175,6.637345314025879,600,0.0,0.0
2023-05-31 00:00:00-04:00,6.559665004374538,6.559665004374538,6.542402744293213,6.542402744293213,1600,0.0,0.0
2023-06-01 00:00:00-04:00,6.5424025871571025,6.611451625823975,6.5424025871571025,6.611451625823975,500,0.0,0.0
2023-06-02 00:00:00-04:00,6.611451475848332,6.611451475848332,6.266206290345592,6.533771514892578,2300,0.0,0.0
2023-06-05 00:00:00-04:00,6.542402438747784,6.542402438747784,6.533771514892578,6.533771514892578,2200,0.0,0.0
2023-06-06 00:00:00-04:00,6.412935256958008,6.421566592335618,6.412935256958008,6.412935256958008,1100,0.0,0.0
2023-06-07 00:00:00-04:00,6.412935256958008,6.412935256958008,6.412935256958008,6.412935256958008,0,0.0,0.0
2023-06-08 00:00:00-04:00,6.4906158447265625,6.4906158447265625,6.4906158447265625,6.4906158447265625,200,0.0,0.0
2023-06-09 00:00:00-04:00,6.4647222492982275,6.585558479210807,6.4647222492982275,6.4906158447265625,3200,0.0,0.0
2023-06-12 00:00:00-04:00,6.602820738974784,6.602820738974784,6.4906158447265625,6.4906158447265625,1600,0.0,0.0
2023-06-13 00:00:00-04:00,6.651957231985752,6.651957231985752,6.498727798461914,6.498727798461914,600,0.319,0.0
2023-06-14 00:00:00-04:00,6.597876260989051,6.769132659585132,6.597876260989051,6.7601189613342285,1700,0.0,0.0
2023-06-15 00:00:00-04:00,6.733078296378304,6.7601189613342285,6.733078296378304,6.7601189613342285,400,0.0,0.0
2023-06-16 00:00:00-04:00,6.633930515288106,6.633930515288106,6.525768280029297,6.525768280029297,200,0.0,0.0
2023-06-20 00:00:00-04:00,6.525768280029297,6.525768280029297,6.525768280029297,6.525768280029297,0,0.0,0.0
2023-06-21 00:00:00-04:00,6.525768280029297,6.525768280029297,6.525768280029297,6.525768280029297,0,0.0,0.0
2023-06-22 00:00:00-04:00,6.688011169433594,6.688011169433594,6.688011169433594,6.688011169433594,100,0.0,0.0
2023-06-23 00:00:00-04:00,6.669984724209197,6.688011692526107,6.669984724209197,6.678997993469238,2400,0.0,0.0
2023-06-26 00:00:00-04:00,6.678997993469238,6.678997993469238,6.678997993469238,6.678997993469238,0,0.0,0.0
2023-06-27 00:00:00-04:00,6.678997993469238,6.678997993469238,6.678997993469238,6.678997993469238,0,0.0,0.0
2023-06-28 00:00:00-04:00,6.706038043625204,6.706038043625204,6.697024345397949,6.697024345397949,1500,0.0,0.0
2023-06-29 00:00:00-04:00,6.724065755093318,6.850254535675049,6.724065755093318,6.850254535675049,200,0.0,0.0
2023-06-30 00:00:00-04:00,6.823213577270508,6.823213577270508,6.823213577270508,6.823213577270508,900,0.0,0.0
2023-07-03 00:00:00-04:00,6.814199924468994,6.814199924468994,6.814199924468994,6.814199924468994,1500,0.0,0.0
2023-07-05 00:00:00-04:00,6.805186993322197,6.8322272300720215,6.805186993322197,6.8322272300720215,600,0.0,0.0
2023-07-06 00:00:00-04:00,6.669984817504883,6.669984817504883,6.669984817504883,6.669984817504883,100,0.0,0.0
2023-07-07 00:00:00-04:00,6.669984817504883,6.669984817504883,6.669984817504883,6.669984817504883,0,0.0,0.0
2023-07-10 00:00:00-04:00,6.669984817504883,6.669984817504883,6.669984817504883,6.669984817504883,0,0.0,0.0
2023-07-11 00:00:00-04:00,6.931375410983891,6.9403886795043945,6.9223617126665955,6.9403886795043945,800,0.0,0.0
2023-07-12 00:00:00-04:00,6.9403886795043945,6.9403886795043945,6.9403886795043945,6.9403886795043945,0,0.0,0.0
2023-07-13 00:00:00-04:00,6.9403886795043945,6.9403886795043945,6.9403886795043945,6.9403886795043945,0,0.0,0.0
2023-07-14 00:00:00-04:00,6.778146326775558,6.8322272300720215,6.778146326775558,6.8322272300720215,1300,0.0,0.0
2023-07-17 00:00:00-04:00,6.697024345397949,6.742091976940653,6.697024345397949,6.697024345397949,600,0.0,0.0
2023-07-18 00:00:00-04:00,6.688011169433594,6.688011169433594,6.688011169433594,6.688011169433594,800,0.0,0.0
2023-07-19 00:00:00-04:00,6.678997993469238,6.678997993469238,6.678997993469238,6.678997993469238,800,0.0,0.0
2023-07-20 00:00:00-04:00,6.678997993469238,6.678997993469238,6.678997993469238,6.678997993469238,0,0.0,0.0
2023-07-21 00:00:00-04:00,6.7601189613342285,6.7601189613342285,6.7601189613342285,6.7601189613342285,100,0.0,0.0
2023-07-24 00:00:00-04:00,6.7601189613342285,6.7601189613342285,6.7601189613342285,6.7601189613342285,600,0.0,0.0
2023-07-25 00:00:00-04:00,6.787159965638832,6.787159965638832,6.7601192993309125,6.778146266937256,700,0.0,0.0
2023-07-26 00:00:00-04:00,6.76011974475142,6.76011974475142,6.597877025604248,6.597877025604248,800,0.0,0.0
2023-07-27 00:00:00-04:00,6.597877025604248,6.597877025604248,6.597877025604248,6.597877025604248,0,0.0,0.0
2023-07-28 00:00:00-04:00,6.6789976552703045,6.6789976552703045,6.660970687866211,6.660970687866211,1700,0.0,0.0
2023-07-31 00:00:00-04:00,6.624916984221022,6.651957651169094,6.597876747069771,6.633930683135986,3600,0.0,0.0
2023-08-01 00:00:00-04:00,6.633930683135986,6.633930683135986,6.633930683135986,6.633930683135986,0,0.0,0.0
2023-08-02 00:00:00-04:00,6.633930683135986,6.633930683135986,6.633930683135986,6.633930683135986,0,0.0,0.0
2023-08-03 00:00:00-04:00,6.633930251826246,6.6519572186873175,6.6249165534973145,6.6249165534973145,1000,0.0,0.0
2023-08-04 00:00:00-04:00,6.92236189628978,7.382049777745765,6.92236189628978,7.300929069519043,6900,0.0,0.0
2023-08-07 00:00:00-04:00,7.400076901672259,7.526266098022461,7.345995571924008,7.526266098022461,3500,0.0,0.0
2023-08-08 00:00:00-04:00,7.553306857863919,7.571333395970009,7.3910637169409386,7.5172529220581055,1800,0.0,0.0
2023-08-09 00:00:00-04:00,7.553306408794722,7.553306408794722,7.336982806820996,7.454158306121826,1200,0.0,0.0
2023-08-10 00:00:00-04:00,7.454158306121826,7.454158306121826,7.454158306121826,7.454158306121826,0,0.0,0.0
2023-08-11 00:00:00-04:00,7.436131232310764,7.436131232310764,7.409090995788574,7.409090995788574,2800,0.0,0.0
2023-08-14 00:00:00-04:00,7.364023685455322,7.364023685455322,7.364023685455322,7.364023685455322,200,0.0,0.0
2023-08-15 00:00:00-04:00,7.364023731811911,7.400077668850659,7.355010032653809,7.355010032653809,1600,0.0,0.0
2023-08-16 00:00:00-04:00,7.373036830735862,7.454158397367405,7.373036830735862,7.436131000518799,2600,0.0,0.0
2023-08-17 00:00:00-04:00,7.048551172732506,7.228821277618408,7.048551172732506,7.228821277618408,3800,0.0,0.0
2023-08-18 00:00:00-04:00,7.382050037384033,7.382050037384033,7.382050037384033,7.382050037384033,400,0.0,0.0
2023-08-21 00:00:00-04:00,7.318955898284912,7.318955898284912,7.318955898284912,7.318955898284912,200,0.0,0.0
2023-08-22 00:00:00-04:00,7.318955898284912,7.318955898284912,7.318955898284912,7.318955898284912,0,0.0,0.0
2023-08-23 00:00:00-04:00,7.400077297083305,7.409090995788574,7.400077297083305,7.409090995788574,200,0.0,0.0
2023-08-24 00:00:00-04:00,7.400077297083305,7.409090995788574,7.400077297083305,7.409090995788574,600,0.0,0.0
2023-08-25 00:00:00-04:00,7.427117256582175,7.4451446533203125,7.318955454934114,7.4451446533203125,1100,0.0,0.0
2023-08-28 00:00:00-04:00,7.4451446533203125,7.4451446533203125,7.4451446533203125,7.4451446533203125,0,0.0,0.0
2023-08-29 00:00:00-04:00,7.47218476827421,7.526266098022461,7.47218476827421,7.526266098022461,2400,0.0,0.0
2023-08-30 00:00:00-04:00,7.508239230285416,7.508239230285416,7.3189558522280675,7.327969551086426,2500,0.0,0.0
2023-08-31 00:00:00-04:00,7.327969551086426,7.327969551086426,7.327969551086426,7.327969551086426,0,0.0,0.0
2023-09-01 00:00:00-04:00,7.391063203448621,7.5713328699535,7.391063203448621,7.526266098022461,2500,0.0,0.0
2023-09-05 00:00:00-04:00,7.526266098022461,7.526266098022461,7.526266098022461,7.526266098022461,800,0.0,0.0
2023-09-06 00:00:00-04:00,7.454158629721303,7.454158629721303,7.409090995788574,7.409090995788574,900,0.0,0.0
2023-09-07 00:00:00-04:00,7.364023685455322,7.364023685455322,7.364023685455322,7.364023685455322,1100,0.0,0.0
2023-09-08 00:00:00-04:00,7.481198787689209,7.481198787689209,7.481198787689209,7.481198787689209,100,0.0,0.0
2023-09-11 00:00:00-04:00,7.481198787689209,7.481198787689209,7.481198787689209,7.481198787689209,0,0.0,0.0
2023-09-12 00:00:00-04:00,7.40909141476351,7.40909141476351,7.345996379852295,7.345996379852295,1500,0.0,0.0
2023-09-13 00:00:00-04:00,7.345996379852295,7.345996379852295,7.345996379852295,7.345996379852295,0,0.0,0.0
2023-09-14 00:00:00-04:00,7.345996379852295,7.345996379852295,7.345996379852295,7.345996379852295,0,0.0,0.0
2023-09-15 00:00:00-04:00,7.4090907956733405,7.436131031465188,7.373036861419678,7.373036861419678,6800,0.0,0.0
2023-09-18 00:00:00-04:00,7.409090764839482,7.436131000518799,7.409090764839482,7.436131000518799,300,0.0,0.0
2023-09-19 00:00:00-04:00,7.373037028343827,7.472185134887695,7.373037028343827,7.472185134887695,400,0.0,0.0
2023-09-20 00:00:00-04:00,7.472185134887695,7.472185134887695,7.472185134887695,7.472185134887695,0,0.0,0.0
2023-09-21 00:00:00-04:00,7.427117256582175,7.454158351689381,7.427117256582175,7.4451446533203125,500,0.0,0.0
2023-09-22 00:00:00-04:00,7.4451446533203125,7.4451446533203125,7.4451446533203125,7.4451446533203125,0,0.0,0.0
2023-09-25 00:00:00-04:00,7.427117533605494,7.427117533605494,7.255861556173469,7.409090995788574,2500,0.0,0.0
2023-09-26 00:00:00-04:00,7.355010032653809,7.373037430970014,7.355010032653809,7.355010032653809,1600,0.0,0.0
2023-09-27 00:00:00-04:00,7.345995964445306,7.409090995788574,7.327969426628387,7.409090995788574,1900,0.0,0.0
2023-09-28 00:00:00-04:00,7.345995735462951,7.436131000518799,7.345995735462951,7.436131000518799,300,0.0,0.0
2023-09-29 00:00:00-04:00,7.436131000518799,7.436131000518799,7.436131000518799,7.436131000518799,0,0.0,0.0
2023-10-02 00:00:00-04:00,7.436131000518799,7.436131000518799,7.436131000518799,7.436131000518799,0,0.0,0.0
2023-10-03 00:00:00-04:00,7.436131000518799,7.436131000518799,7.436131000518799,7.436131000518799,0,0.0,0.0
2023-10-04 00:00:00-04:00,7.34599613543651,7.34599613543651,7.318955898284912,7.318955898284912,900,0.0,0.0
2023-10-05 00:00:00-04:00,7.318955898284912,7.318955898284912,7.318955898284912,7.318955898284912,0,0.0,0.0
2023-10-06 00:00:00-04:00,7.318955898284912,7.318955898284912,7.318955898284912,7.318955898284912,0,0.0,0.0
2023-10-09 00:00:00-04:00,7.318955898284912,7.318955898284912,7.318955898284912,7.318955898284912,0,0.0,0.0
2023-10-10 00:00:00-04:00,7.318956095615061,7.355010032653809,7.309942396456958,7.355010032653809,300,0.0,0.0
2023-10-11 00:00:00-04:00,7.481198787689209,7.481198787689209,7.481198787689209,7.481198787689209,800,0.0,0.0
2023-10-12 00:00:00-04:00,7.4000773429870605,7.4000773429870605,7.4000773429870605,7.4000773429870605,200,0.0,0.0
2023-10-13 00:00:00-04:00,7.409090995788574,7.409090995788574,7.409090995788574,7.409090995788574,400,0.0,0.0
2023-10-16 00:00:00-04:00,7.409090995788574,7.409090995788574,7.409090995788574,7.409090995788574,0,0.0,0.0
2023-10-17 00:00:00-04:00,7.409090995788574,7.409090995788574,7.409090995788574,7.409090995788574,0,0.0,0.0
2023-10-18 00:00:00-04:00,7.264875271981635,7.273888111114502,7.264875271981635,7.273888111114502,200,0.0,0.0
2023-10-19 00:00:00-04:00,7.309942245483398,7.309942245483398,7.309942245483398,7.309942245483398,900,0.0,0.0
2023-10-20 00:00:00-04:00,7.309942245483398,7.309942245483398,7.309942245483398,7.309942245483398,0,0.0,0.0
2023-10-23 00:00:00-04:00,7.706536293029785,7.706536293029785,7.706536293029785,7.706536293029785,100,0.0,0.0
2023-10-24 00:00:00-04:00,7.706536293029785,7.706536293029785,7.706536293029785,7.706536293029785,0,0.0,0.0
2023-10-25 00:00:00-04:00,7.706536293029785,7.706536293029785,7.706536293029785,7.706536293029785,0,0.0,0.0
2023-10-26 00:00:00-04:00,7.345996379852295,7.345996379852295,7.345996379852295,7.345996379852295,100,0.0,0.0
2023-10-27 00:00:00-04:00,7.364023162957863,7.373036861419678,7.364023162957863,7.373036861419678,600,0.0,0.0
2023-10-30 00:00:00-04:00,7.364023499230831,7.382050037384033,7.364023499230831,7.382050037384033,200,0.0,0.0
2023-10-31 00:00:00-04:00,7.364023685455322,7.364023685455322,7.364023685455322,7.364023685455322,500,0.0,0.0
2023-11-01 00:00:00-04:00,7.364023685455322,7.364023685455322,7.364023685455322,7.364023685455322,0,0.0,0.0
2023-11-02 00:00:00-04:00,7.364023685455322,7.364023685455322,7.364023685455322,7.364023685455322,0,0.0,0.0
2023-11-03 00:00:00-04:00,7.364023685455322,7.364023685455322,7.364023685455322,7.364023685455322,0,0.0,0.0
2023-11-06 00:00:00-05:00,7.364023685455322,7.364023685455322,7.364023685455322,7.364023685455322,0,0.0,0.0
2023-11-07 00:00:00-05:00,7.364023685455322,7.364023685455322,7.364023685455322,7.364023685455322,0,0.0,0.0
2023-11-08 00:00:00-05:00,7.4000773429870605,7.4000773429870605,7.4000773429870605,7.4000773429870605,100,0.0,0.0
2023-11-09 00:00:00-05:00,7.4000773429870605,7.4000773429870605,7.4000773429870605,7.4000773429870605,400,0.0,0.0
2023-11-10 00:00:00-05:00,7.4000773429870605,7.4000773429870605,7.4000773429870605,7.4000773429870605,100,0.0,0.0
2023-11-13 00:00:00-05:00,7.4000773429870605,7.4000773429870605,7.4000773429870605,7.4000773429870605,0,0.0,0.0
2023-11-14 00:00:00-05:00,7.481198787689209,7.481198787689209,7.481198787689209,7.481198787689209,200,0.0,0.0
2023-11-15 00:00:00-05:00,7.481198787689209,7.481198787689209,7.481198787689209,7.481198787689209,0,0.0,0.0
2023-11-16 00:00:00-05:00,7.481198787689209,7.481198787689209,7.481198787689209,7.481198787689209,0,0.0,0.0
2023-11-17 00:00:00-05:00,7.508239269256592,7.508239269256592,7.508239269256592,7.508239269256592,100,0.0,0.0
2023-11-20 00:00:00-05:00,7.544293276601761,7.625414848327637,7.544293276601761,7.625414848327637,200,0.0,0.0
2023-11-21 00:00:00-05:00,7.553306625360736,7.553306625360736,7.54429292678833,7.54429292678833,900,0.0,0.0
2023-11-22 00:00:00-05:00,7.54429292678833,7.54429292678833,7.54429292678833,7.54429292678833,0,0.0,0.0
2023-11-24 00:00:00-05:00,7.54429292678833,7.54429292678833,7.54429292678833,7.54429292678833,0,0.0,0.0
2023-11-27 00:00:00-05:00,7.661468658414503,7.706536293029785,7.65245495957272,7.706536293029785,3500,0.0,0.0
2023-11-28 00:00:00-05:00,7.706536293029785,7.706536293029785,7.706536293029785,7.706536293029785,0,0.0,0.0
2023-11-29 00:00:00-05:00,7.65245453129807,7.7065358617284385,7.65245453129807,7.697522163391113,2900,0.0,0.0
2023-11-30 00:00:00-05:00,7.706536293029785,7.706536293029785,7.670482357256286,7.706536293029785,900,0.0,0.0
2023-12-01 00:00:00-05:00,7.706536293029785,7.706536293029785,7.706536293029785,7.706536293029785,800,0.0,0.0
2023-12-04 00:00:00-05:00,7.706536293029785,7.706536293029785,7.706536293029785,7.706536293029785,100,0.0,0.0
2023-12-05 00:00:00-05:00,7.724562785025667,7.733576483813663,7.715549945831299,7.715549945831299,1500,0.0,0.0
2023-12-06 00:00:00-05:00,7.715549945831299,7.715549945831299,7.715549945831299,7.715549945831299,0,0.0,0.0
2023-12-07 00:00:00-05:00,7.715549945831299,7.715549945831299,7.715549945831299,7.715549945831299,0,0.0,0.0
2023-12-08 00:00:00-05:00,7.715549945831299,7.715549945831299,7.715549945831299,7.715549945831299,0,0.0,0.0
2023-12-11 00:00:00-05:00,7.715549945831299,7.715549945831299,7.715549945831299,7.715549945831299,6500,0.0,0.0
2023-12-12 00:00:00-05:00,7.715549945831299,7.715549945831299,7.715549945831299,7.715549945831299,300,0.0,0.0
2023-12-13 00:00:00-05:00,7.826962054306943,7.958035908347346,7.64907693862915,7.64907693862915,4500,0.319,0.0
2023-12-14 00:00:00-05:00,7.873774218492513,7.873774218492513,7.770788192749023,7.770788192749023,800,0.0,0.0
2023-12-15 00:00:00-05:00,7.958035452529863,8.004847604353545,7.836324214935303,7.836324214935303,900,0.0,0.0
2023-12-18 00:00:00-05:00,7.836324214935303,7.836324214935303,7.836324214935303,7.836324214935303,0,0.0,0.0
2023-12-19 00:00:00-05:00,7.836324877932545,7.836324877932545,7.798875331878662,7.798875331878662,2000,0.0,0.0
2023-12-20 00:00:00-05:00,7.742701081140773,7.752062797546387,7.742701081140773,7.752062797546387,7400,0.0,0.0
2023-12-21 00:00:00-05:00,7.883136572429968,7.883136572429968,7.864411354064941,7.864411354064941,1800,0.0,0.0
2023-12-22 00:00:00-05:00,7.87377405166626,7.87377405166626,7.87377405166626,7.87377405166626,500,0.0,0.0
2023-12-26 00:00:00-05:00,7.87377405166626,7.87377405166626,7.87377405166626,7.87377405166626,0,0.0,0.0
2023-12-27 00:00:00-05:00,7.87377405166626,7.87377405166626,7.87377405166626,7.87377405166626,0,0.0,0.0
2023-12-28 00:00:00-05:00,8.192096109087728,8.192096109087728,7.911224063916912,7.9299492835998535,2500,0.0,0.0
2023-12-29 00:00:00-05:00,7.929948446614835,7.948672771453857,7.929948446614835,7.948672771453857,600,0.0,0.0
2024-01-02 00:00:00-05:00,7.948672771453857,7.948672771453857,7.948672771453857,7.948672771453857,0,0.0,0.0
2024-01-03 00:00:00-05:00,7.948672771453857,7.948672771453857,7.948672771453857,7.948672771453857,0,0.0,0.0
2024-01-04 00:00:00-05:00,8.004847710036355,8.004847710036355,7.93931033947094,7.967398166656494,300,0.0,0.0
2024-01-05 00:00:00-05:00,7.958035375181602,8.051659677918984,7.958035375181602,8.004847526550293,2100,0.0,0.0
2024-01-08 00:00:00-05:00,8.004847526550293,8.004847526550293,8.004847526550293,8.004847526550293,0,0.0,0.0
2024-01-09 00:00:00-05:00,8.004847526550293,8.004847526550293,8.004847526550293,8.004847526550293,0,0.0,0.0
2024-01-10 00:00:00-05:00,8.117196083068848,8.117196083068848,8.117196083068848,8.117196083068848,100,0.0,0.0
2024-01-11 00:00:00-05:00,8.117196083068848,8.117196083068848,8.117196083068848,8.117196083068848,0,0.0,0.0
2024-01-12 00:00:00-05:00,8.051659430801749,8.098470687866211,8.051659430801749,8.098470687866211,2500,0.0,0.0
2024-01-16 00:00:00-05:00,8.145283699035645,8.145283699035645,8.079747217921936,8.145283699035645,5600,0.0,0.0
2024-01-17 00:00:00-05:00,8.014209773104898,8.07974624633789,8.004847164680905,8.07974624633789,800,0.0,0.0
2024-01-18 00:00:00-05:00,8.07974624633789,8.07974624633789,8.07974624633789,8.07974624633789,0,0.0,0.0
2024-01-19 00:00:00-05:00,8.07974624633789,8.07974624633789,8.07974624633789,8.07974624633789,0,0.0,0.0
2024-01-22 00:00:00-05:00,8.089109954902781,8.407430648803711,8.089109954902781,8.407430648803711,900,0.0,0.0
2024-01-23 00:00:00-05:00,8.407430648803711,8.407430648803711,8.407430648803711,8.407430648803711,0,0.0,0.0
2024-01-24 00:00:00-05:00,8.313807487487793,8.313807487487793,8.313807487487793,8.313807487487793,200,0.0,0.0
2024-01-25 00:00:00-05:00,8.575952826069354,8.613402366638184,8.575952826069354,8.613402366638184,600,0.0,0.0
2024-01-26 00:00:00-05:00,8.454242292394392,8.941087252758923,8.454242292394392,8.884912490844727,5600,0.0,0.0
2024-01-29 00:00:00-05:00,8.482330322265625,8.482330322265625,8.482330322265625,8.482330322265625,2600,0.0,0.0
2024-01-30 00:00:00-05:00,8.426155847983063,8.519780158996582,8.426155847983063,8.519780158996582,1200,0.0,0.0
2024-01-31 00:00:00-05:00,8.463604927062988,8.463604927062988,8.463604927062988,8.463604927062988,1200,0.0,0.0
2024-02-01 00:00:00-05:00,8.566591262817383,8.566591262817383,8.557229546183672,8.566591262817383,4100,0.0,0.0
2024-02-02 00:00:00-05:00,8.44488021450656,8.472967147827148,8.44488021450656,8.472967147827148,1200,0.0,0.0
2024-02-05 00:00:00-05:00,8.472967147827148,8.472967147827148,8.472967147827148,8.472967147827148,0,0.0,0.0
2024-02-06 00:00:00-05:00,8.491691766450993,8.510416984558105,8.491691766450993,8.510416984558105,2700,0.0,0.0
2024-02-07 00:00:00-05:00,8.566591262817383,8.566591262817383,8.566591262817383,8.566591262817383,100,0.0,0.0
2024-02-08 00:00:00-05:00,8.566591262817383,8.566591262817383,8.566591262817383,8.566591262817383,0,0.0,0.0
2024-02-09 00:00:00-05:00,8.566591262817383,8.566591262817383,8.566591262817383,8.566591262817383,0,0.0,0.0
2024-02-12 00:00:00-05:00,8.566591262817383,8.566591262817383,8.566591262817383,8.566591262817383,0,0.0,0.0
2024-02-13 00:00:00-05:00,8.472967147827148,8.482329756556515,8.472967147827148,8.472967147827148,2700,0.0,0.0
2024-02-14 00:00:00-05:00,8.472967147827148,8.472967147827148,8.472967147827148,8.472967147827148,0,0.0,0.0
2024-02-15 00:00:00-05:00,8.472967147827148,8.472967147827148,8.472967147827148,8.472967147827148,0,0.0,0.0
2024-02-16 00:00:00-05:00,8.472967147827148,8.472967147827148,8.398068063727235,8.472967147827148,2200,0.0,0.0
2024-02-20 00:00:00-05:00,8.472967147827148,8.472967147827148,8.472967147827148,8.472967147827148,0,0.0,0.0
2024-02-21 00:00:00-05:00,8.31380694157568,8.369980812072754,8.31380694157568,8.369980812072754,700,0.0,0.0
2024-02-22 00:00:00-05:00,8.313807487487793,8.313807487487793,8.313807487487793,8.313807487487793,300,0.0,0.0
2024-02-23 00:00:00-05:00,8.31380672436236,8.31380672436236,8.220182418823242,8.220182418823242,700,0.0,0.0
2024-02-26 00:00:00-05:00,8.192095368300084,8.313806606630362,8.192095368300084,8.201457977294922,1300,0.0,0.0
2024-02-27 00:00:00-05:00,8.19209486882337,8.19209486882337,8.07974624633789,8.07974624633789,6000,0.0,0.0
2024-02-28 00:00:00-05:00,8.07974624633789,8.07974624633789,8.07974624633789,8.07974624633789,0,0.0,0.0
2024-02-29 00:00:00-05:00,8.07974624633789,8.07974624633789,8.07974624633789,8.07974624633789,0,0.0,0.0
2024-03-01 00:00:00-05:00,8.07974624633789,8.07974624633789,8.07974624633789,8.07974624633789,0,0.0,0.0
2024-03-04 00:00:00-05:00,8.07974624633789,8.07974624633789,8.07974624633789,8.07974624633789,100,0.0,0.0
2024-03-05 00:00:00-05:00,8.07974624633789,8.07974624633789,8.07974624633789,8.07974624633789,0,0.0,0.0
2024-03-06 00:00:00-05:00,8.238907691928283,8.238907691928283,8.04229736328125,8.04229736328125,1300,0.0,0.0
2024-03-07 00:00:00-05:00,8.04229736328125,8.04229736328125,8.04229736328125,8.04229736328125,0,0.0,0.0
2024-03-08 00:00:00-05:00,8.04229736328125,8.04229736328125,8.04229736328125,8.04229736328125,0,0.0,0.0
2024-03-11 00:00:00-04:00,8.18273342087427,8.27635773265704,8.117196938346897,8.164009094238281,6200,0.0,0.0
2024-03-12 00:00:00-04:00,8.379343712579312,8.407430648803711,8.379343712579312,8.407430648803711,1600,0.0,0.0
2024-03-13 00:00:00-04:00,8.304444197092858,8.304444197092858,8.285719871520996,8.285719871520996,500,0.0,0.0
2024-03-14 00:00:00-04:00,8.285719871520996,8.285719871520996,8.285719871520996,8.285719871520996,0,0.0,0.0
2024-03-15 00:00:00-04:00,8.285719871520996,8.285719871520996,8.285719871520996,8.285719871520996,2100,0.0,0.0
2024-03-18 00:00:00-04:00,8.285719871520996,8.285719871520996,8.285719871520996,8.285719871520996,0,0.0,0.0
2024-03-19 00:00:00-04:00,8.285719871520996,8.285719871520996,8.285719871520996,8.285719871520996,300,0.0,0.0
2024-03-20 00:00:00-04:00,8.285719330192803,8.341893196105957,8.2482697886282,8.341893196105957,7200,0.0,0.0
2024-03-21 00:00:00-04:00,8.341893196105957,8.341893196105957,8.341893196105957,8.341893196105957,0,0.0,0.0
2024-03-22 00:00:00-04:00,8.341893196105957,8.341893196105957,8.341893196105957,8.341893196105957,0,0.0,0.0
2024-03-25 00:00:00-04:00,8.341893196105957,8.341893196105957,8.341893196105957,8.341893196105957,0,0.0,0.0
2024-03-26 00:00:00-04:00,8.135920524597168,8.135920524597168,8.135920524597168,8.135920524597168,100,0.0,0.0
2024-03-27 00:00:00-04:00,8.126559467680845,8.276357650756836,8.117196858021696,8.276357650756836,2000,0.0,0.0
2024-03-28 00:00:00-04:00,8.229544817015151,8.332530836174456,8.229544817015151,8.248270034790039,10400,0.0,0.0
2024-04-01 00:00:00-04:00,8.426156044006348,8.426156044006348,8.426156044006348,8.426156044006348,700,0.0,0.0
2024-04-02 00:00:00-04:00,8.135920524597168,8.135920524597168,8.135920524597168,8.135920524597168,200,0.0,0.0
2024-04-03 00:00:00-04:00,8.135920524597168,8.135920524597168,8.135920524597168,8.135920524597168,0,0.0,0.0
2024-04-04 00:00:00-04:00,8.126559389417045,8.416793143114743,8.126559389417045,8.38870620727539,3100,0.0,0.0
2024-04-05 00:00:00-04:00,8.332530975341797,8.332530975341797,8.332530975341797,8.332530975341797,700,0.0,0.0
2024-04-08 00:00:00-04:00,8.248270714646988,8.285720260415985,8.248270714646988,8.276357650756836,1900,0.0,0.0
2024-04-09 00:00:00-04:00,8.2576322555542,8.2576322555542,8.248270538962052,8.2576322555542,1200,0.0,0.0
2024-04-10 00:00:00-04:00,8.2576322555542,8.2576322555542,8.2576322555542,8.2576322555542,0,0.0,0.0
2024-04-11 00:00:00-04:00,8.2576322555542,8.2576322555542,8.2576322555542,8.2576322555542,1100,0.0,0.0
2024-04-12 00:00:00-04:00,8.164008802307782,8.164008802307782,8.126559257507324,8.126559257507324,2800,0.0,0.0
2024-04-15 00:00:00-04:00,8.135920524597168,8.135920524597168,8.135920524597168,8.135920524597168,200,0.0,0.0
2024-04-16 00:00:00-04:00,7.9861226081848145,7.9861226081848145,7.9861226081848145,7.9861226081848145,400,0.0,0.0
2024-04-17 00:00:00-04:00,7.9861226081848145,7.9861226081848145,7.9861226081848145,7.9861226081848145,0,0.0,0.0
2024-04-18 00:00:00-04:00,8.098470687866211,8.098470687866211,8.098470687866211,8.098470687866211,300,0.0,0.0
2024-04-19 00:00:00-04:00,8.107833862304688,8.107833862304688,8.107833862304688,8.107833862304688,1600,0.0,0.0
2024-04-22 00:00:00-04:00,8.107833862304688,8.107833862304688,8.107833862304688,8.107833862304688,0,0.0,0.0
2024-04-23 00:00:00-04:00,8.173370361328125,8.173370361328125,8.173370361328125,8.173370361328125,1100,0.0,0.0
2024-04-24 00:00:00-04:00,8.173370361328125,8.173370361328125,8.173370361328125,8.173370361328125,0,0.0,0.0
2024-04-25 00:00:00-04:00,8.173370361328125,8.173370361328125,8.173370361328125,8.173370361328125,0,0.0,0.0
2024-04-26 00:00:00-04:00,8.135921089485803,8.145283699035645,8.11719676325371,8.145283699035645,3800,0.0,0.0
2024-04-29 00:00:00-04:00,8.135920484181698,8.182732635580537,7.948672771453857,7.948672771453857,4000,0.0,0.0
2024-04-30 00:00:00-04:00,7.948672771453857,7.948672771453857,7.948672771453857,7.948672771453857,0,0.0,0.0
2024-05-01 00:00:00-04:00,7.948672771453857,7.948672771453857,7.948672771453857,7.948672771453857,0,0.0,0.0
2024-05-02 00:00:00-04:00,7.948672771453857,7.948672771453857,7.948672771453857,7.948672771453857,0,0.0,0.0
2024-05-03 00:00:00-04:00,8.220182252363962,8.388705641774742,8.220182252363962,8.379343032836914,6500,0.0,0.0
2024-05-06 00:00:00-04:00,8.332530975341797,8.332530975341797,8.332530975341797,8.332530975341797,600,0.0,0.0
2024-05-07 00:00:00-04:00,8.210820198059082,8.210820198059082,8.210820198059082,8.210820198059082,1100,0.0,0.0
2024-05-08 00:00:00-04:00,8.117196376253496,8.210820681553042,8.117196376253496,8.154645919799805,1600,0.0,0.0
2024-05-09 00:00:00-04:00,8.145282978373585,8.894274711608887,8.107833436355195,8.894274711608887,16900,0.0,0.0
2024-05-10 00:00:00-04:00,8.716389794942387,8.941087051814154,8.641489816450935,8.800650596618652,7400,0.0,0.0
2024-05-13 00:00:00-04:00,8.913000652849354,8.913000652849354,8.678940773010254,8.678940773010254,1700,0.0,0.0
2024-05-14 00:00:00-04:00,8.678940773010254,8.678940773010254,8.678940773010254,8.678940773010254,1300,0.0,0.0
2024-05-15 00:00:00-04:00,8.707027047296194,8.716389656066895,8.707027047296194,8.716389656066895,5500,0.0,0.0
2024-05-16 00:00:00-04:00,8.716389656066895,8.716389656066895,8.716389656066895,8.716389656066895,0,0.0,0.0
2024-05-17 00:00:00-04:00,8.678940207443443,8.678940207443443,8.63212805595264,8.669577598571777,4400,0.0,0.0
2024-05-20 00:00:00-04:00,8.669577598571777,8.669577598571777,8.669577598571777,8.669577598571777,0,0.0,0.0
2024-05-21 00:00:00-04:00,8.669577598571777,8.669577598571777,8.669577598571777,8.669577598571777,0,0.0,0.0
2024-05-22 00:00:00-04:00,8.678940773010254,8.678940773010254,8.678940773010254,8.678940773010254,200,0.0,0.0
2024-05-23 00:00:00-04:00,8.501054763793945,8.501054763793945,8.501054763793945,8.501054763793945,200,0.0,0.0
2024-05-24 00:00:00-04:00,8.501054763793945,8.501054763793945,8.501054763793945,8.501054763793945,0,0.0,0.0
2024-05-28 00:00:00-04:00,9.109609876494158,9.137697704266524,8.997261244007385,9.081522941589355,29400,0.0,0.0
2024-05-29 00:00:00-04:00,9.0815226992872,9.0815226992872,8.838100222293447,8.866188049316406,8100,0.0,0.0
2024-05-30 00:00:00-04:00,8.866188049316406,8.866188049316406,8.866188049316406,8.866188049316406,0,0.0,0.0
2024-05-31 00:00:00-04:00,8.866188049316406,8.866188049316406,8.866188049316406,8.866188049316406,0,0.0,0.0
2024-06-03 00:00:00-04:00,8.866188049316406,8.866188049316406,8.866188049316406,8.866188049316406,0,0.0,0.0
2024-06-04 00:00:00-04:00,9.128334433224683,9.128334433224683,9.034710133172815,9.118971824645996,3000,0.0,0.0
2024-06-05 00:00:00-04:00,9.118971824645996,9.118971824645996,9.118971824645996,9.118971824645996,0,0.0,0.0
2024-06-06 00:00:00-04:00,8.941087354407188,9.015986442565918,8.941087354407188,9.015986442565918,1900,0.0,0.0
2024-06-07 00:00:00-04:00,9.072160312251187,9.072160312251187,8.753839634010362,9.015986442565918,5500,0.0,0.0
2024-06-10 00:00:00-04:00,9.044073104858398,9.044073104858398,9.044073104858398,9.044073104858398,4000,0.0,0.0
2024-06-11 00:00:00-04:00,9.062798520706098,9.175147152012261,9.062798520706098,9.128334999084473,9700,0.0,0.0
2024-06-12 00:00:00-04:00,8.978536824009588,9.128334999084473,8.978536824009588,9.128334999084473,2100,0.0,0.0
2024-06-13 00:00:00-04:00,9.128334999084473,9.128334999084473,9.128334999084473,9.128334999084473,0,0.0,0.0
2024-06-14 00:00:00-04:00,9.262873649597168,9.262873649597168,9.262873649597168,9.262873649597168,200,0.319,0.0
2024-06-17 00:00:00-04:00,8.982180651518068,9.049934798999702,8.817636315313095,9.020896911621094,5500,0.0,0.0
2024-06-18 00:00:00-04:00,9.243516028480522,9.243516028480522,8.875711098794048,8.962822914123535,8800,0.0,0.0
2024-06-20 00:00:00-04:00,9.011218526125832,9.059613158884689,8.933785082961068,9.00153923034668,10900,0.0,0.0
2024-06-21 00:00:00-04:00,9.00153928628109,9.098329475468697,8.895068878185727,9.040255546569824,2200,0.0,0.0
2024-06-24 00:00:00-04:00,9.040255546569824,9.040255546569824,9.040255546569824,9.040255546569824,0,0.0,0.0
2024-06-25 00:00:00-04:00,9.195120543618936,9.243516099514832,9.020896911621094,9.020896911621094,7100,0.0,0.0
2024-06-26 00:00:00-04:00,9.00153923034668,9.00153923034668,8.991859934567527,9.00153923034668,700,0.0,0.0
2024-06-27 00:00:00-04:00,9.19512103929394,9.19512103929394,9.011219024658203,9.011219024658203,2700,0.0,0.0
2024-06-28 00:00:00-04:00,9.272553443908691,9.272553443908691,9.195120920528666,9.272553443908691,4300,0.0,0.0
2024-07-01 00:00:00-04:00,9.040255490394836,9.127367306270301,8.991859934567527,9.00153923034668,4400,0.0,0.0
2024-07-02 00:00:00-04:00,9.00153923034668,9.00153923034668,9.00153923034668,9.00153923034668,0,0.0,0.0
2024-07-03 00:00:00-04:00,9.011218538896678,9.020896911621094,9.011218538896678,9.020896911621094,600,0.0,0.0
2024-07-05 00:00:00-04:00,9.020896911621094,9.020896911621094,9.020896911621094,9.020896911621094,0,0.0,0.0
2024-07-08 00:00:00-04:00,9.166083522039647,9.291911597355428,8.962822927001609,8.98218059539795,9900,0.0,0.0
2024-07-09 00:00:00-04:00,8.98218059539795,8.98218059539795,8.98218059539795,8.98218059539795,0,0.0,0.0
2024-07-10 00:00:00-04:00,8.98218059539795,8.98218059539795,8.98218059539795,8.98218059539795,0,0.0,0.0
2024-07-11 00:00:00-04:00,9.22415714695367,9.22415714695367,9.088650703430176,9.088650703430176,2600,0.0,0.0
2024-07-12 00:00:00-04:00,9.204799608250463,9.214478903800256,9.185441017150879,9.185441017150879,800,0.0,0.0
2024-07-15 00:00:00-04:00,9.214478903800256,9.214478903800256,9.185441017150879,9.185441017150879,1600,0.0,0.0
2024-07-16 00:00:00-04:00,9.127367681537299,9.291912024274234,9.127367681537299,9.253195762634277,5000,0.0,0.0
2024-07-17 00:00:00-04:00,9.253195762634277,9.253195762634277,9.253195762634277,9.253195762634277,0,0.0,0.0
2024-07-18 00:00:00-04:00,9.127367431804213,9.22415762172159,9.069292579399015,9.098329544067383,18900,0.0,0.0
2024-07-19 00:00:00-04:00,9.320949098790209,9.340306768302423,9.291912132987639,9.330628395080566,2400,0.0,0.0
2024-07-22 00:00:00-04:00,9.272553376992814,9.272553376992814,9.214479446411133,9.214479446411133,600,0.0,0.0
2024-07-23 00:00:00-04:00,9.214479446411133,9.214479446411133,9.214479446411133,9.214479446411133,0,0.0,0.0
2024-07-24 00:00:00-04:00,9.291912078857422,9.291912078857422,9.291912078857422,9.291912078857422,200,0.0,0.0
2024-07-25 00:00:00-04:00,9.020897010467847,9.175762052576887,9.020897010467847,9.078971862792969,1900,0.0,0.0
2024-07-26 00:00:00-04:00,9.011218650062283,9.098329544067383,9.011218650062283,9.098329544067383,1900,0.0,0.0
2024-07-29 00:00:00-04:00,9.195120811462402,9.291911926073608,9.195120811462402,9.195120811462402,3700,0.0,0.0
2024-07-30 00:00:00-04:00,9.195120811462402,9.195120811462402,9.195120811462402,9.195120811462402,0,0.0,0.0
2024-07-31 00:00:00-04:00,9.195120811462402,9.195120811462402,9.195120811462402,9.195120811462402,0,0.0,0.0
2024-08-01 00:00:00-04:00,9.195120811462402,9.195120811462402,9.195120811462402,9.195120811462402,0,0.0,0.0
2024-08-02 00:00:00-04:00,9.195120811462402,9.195120811462402,9.195120811462402,9.195120811462402,0,0.0,0.0
2024-08-05 00:00:00-04:00,9.020897245722638,9.020897245722638,8.885390791877603,8.914427757263184,17600,0.0,0.0
2024-08-06 00:00:00-04:00,8.914427757263184,8.914427757263184,8.914427757263184,8.914427757263184,0,0.0,0.0
2024-08-07 00:00:00-04:00,8.914427757263184,8.914427757263184,8.914427757263184,8.914427757263184,0,0.0,0.0
2024-08-08 00:00:00-04:00,8.836995191821718,8.904748418419404,8.836995191821718,8.895069122314453,1900,0.0,0.0
2024-08-09 00:00:00-04:00,8.895069122314453,8.895069122314453,8.895069122314453,8.895069122314453,0,0.0,0.0
2024-08-12 00:00:00-04:00,8.895069122314453,8.895069122314453,8.895069122314453,8.895069122314453,100,0.0,0.0
2024-08-13 00:00:00-04:00,8.875710928985585,8.875710928985585,8.846673965454102,8.846673965454102,3500,0.0,0.0
2024-08-14 00:00:00-04:00,8.982180638788375,9.00153923034668,8.982180638788375,9.00153923034668,600,0.0,0.0
2024-08-15 00:00:00-04:00,9.00153923034668,9.00153923034668,9.00153923034668,9.00153923034668,0,0.0,0.0
2024-08-16 00:00:00-04:00,9.00153923034668,9.00153923034668,9.00153923034668,9.00153923034668,0,0.0,0.0
2024-08-19 00:00:00-04:00,9.011218650062283,9.127367431804213,9.011218650062283,9.098329544067383,3800,0.0,0.0
2024-08-20 00:00:00-04:00,9.098329089276143,9.291911305571379,9.07897142148767,9.10800838470459,6600,0.0,0.0
2024-08-21 00:00:00-04:00,9.108008839979659,9.214479248877776,8.982180762325452,9.098329544067383,7900,0.0,0.0
2024-08-22 00:00:00-04:00,9.137045958081982,9.195120811462402,9.137045958081982,9.195120811462402,4600,0.0,0.0
2024-08-23 00:00:00-04:00,8.982180242808365,9.05961275949106,8.982180242808365,9.049934387207031,1400,0.0,0.0
2024-08-26 00:00:00-04:00,8.953144181452027,9.030576705932617,8.953144181452027,9.030576705932617,2800,0.0,0.0
2024-08-27 00:00:00-04:00,9.146724930574859,9.146724930574859,8.962822927001609,8.98218059539795,900,0.0,0.0
2024-08-28 00:00:00-04:00,9.049934798999702,9.05961317172412,8.953143687207913,9.020896911621094,2400,0.0,0.0
2024-08-29 00:00:00-04:00,8.953143742668502,9.088651115402723,8.64341365992566,9.059613227844238,65600,0.0,0.0
2024-08-30 00:00:00-04:00,9.108008839979659,9.108008839979659,9.078971875311293,9.098329544067383,7200,0.0,0.0
2024-09-03 00:00:00-04:00,9.098329544067383,9.098329544067383,9.098329544067383,9.098329544067383,0,0.0,0.0
2024-09-04 00:00:00-04:00,9.12736753025768,9.156404495239258,9.12736753025768,9.156404495239258,700,0.0,0.0
2024-09-05 00:00:00-04:00,9.156404495239258,9.156404495239258,9.156404495239258,9.156404495239258,0,0.0,0.0
2024-09-06 00:00:00-04:00,9.185440959816813,9.185440959816813,9.09832914654928,9.146724700927734,2800,0.0,0.0
2024-09-09 00:00:00-04:00,9.098329696851195,9.195120811462402,9.098329696851195,9.195120811462402,4300,0.0,0.0
2024-09-10 00:00:00-04:00,9.146725404553356,9.291912078857422,9.146725404553356,9.291912078857422,5700,0.0,0.0
2024-09-11 00:00:00-04:00,9.340306780052448,9.34998607635498,9.340306780052448,9.34998607635498,1500,0.0,0.0
2024-09-12 00:00:00-04:00,9.340306282043457,9.340306282043457,9.340306282043457,9.340306282043457,900,0.0,0.0
2024-09-13 00:00:00-04:00,9.388701438903809,9.388701438903809,9.388701438903809,9.388701438903809,200,0.0,0.0
2024-09-16 00:00:00-04:00,9.34030587154623,9.369343757629395,9.34030587154623,9.369343757629395,7500,0.0,0.0
2024-09-17 00:00:00-04:00,9.388701438903809,9.388701438903809,9.388701438903809,9.388701438903809,2400,0.0,0.0
2024-09-18 00:00:00-04:00,9.388701438903809,9.388701438903809,9.388701438903809,9.388701438903809,0,0.0,0.0
2024-09-19 00:00:00-04:00,9.466134071350098,9.466134071350098,9.466134071350098,9.466134071350098,2800,0.0,0.0
2024-09-20 00:00:00-04:00,9.485492706298828,9.485492706298828,9.485492706298828,9.485492706298828,200,0.0,0.0
2024-09-23 00:00:00-04:00,9.398380734278906,9.408060029654003,9.388701438903809,9.388701438903809,3100,0.0,0.0
2024-09-24 00:00:00-04:00,9.388701438903809,9.388701438903809,9.388701438903809,9.388701438903809,0,0.0,0.0
2024-09-25 00:00:00-04:00,9.533888816833496,9.533888816833496,9.533888816833496,9.533888816833496,2100,0.0,0.0
2024-09-26 00:00:00-04:00,9.582283572497445,9.6306791305542,9.56292590311584,9.6306791305542,2100,0.0,0.0
2024-09-27 00:00:00-04:00,9.39838138628143,9.601641987917384,9.388702090234842,9.495172500610352,2900,0.0,0.0
2024-09-30 00:00:00-04:00,9.427417981621643,9.582283020019531,9.427417981621643,9.582283020019531,2500,0.0,0.0
2024-10-01 00:00:00-04:00,9.582283020019531,9.582283020019531,9.582283020019531,9.582283020019531,700,0.0,0.0
2024-10-02 00:00:00-04:00,9.562925351754016,9.582283020019531,9.562925351754016,9.582283020019531,500,0.0,0.0
2024-10-03 00:00:00-04:00,9.572604634398928,9.5822830069843,9.562925338745117,9.562925338745117,1300,0.0,0.0
2024-10-04 00:00:00-04:00,9.562925338745117,9.562925338745117,9.562925338745117,9.562925338745117,0,0.0,0.0
2024-10-07 00:00:00-04:00,9.533888816833496,9.543567189867547,9.533888816833496,9.533888816833496,800,0.0,0.0
2024-10-08 00:00:00-04:00,9.533888816833496,9.533888816833496,9.533888816833496,9.533888816833496,300,0.0,0.0
2024-10-09 00:00:00-04:00,9.582283020019531,9.582283020019531,9.582283020019531,9.582283020019531,1200,0.0,0.0
2024-10-10 00:00:00-04:00,9.582283020019531,9.582283020019531,9.582283020019531,9.582283020019531,0,0.0,0.0
2024-10-11 00:00:00-04:00,9.582283020019531,9.582283020019531,9.582283020019531,9.582283020019531,0,0.0,0.0
2024-10-14 00:00:00-04:00,9.475813865661621,9.475813865661621,9.475813865661621,9.475813865661621,500,0.0,0.0
2024-10-15 00:00:00-04:00,9.485492706298828,9.485492706298828,9.485492706298828,9.485492706298828,400,0.0,0.0
2024-10-16 00:00:00-04:00,9.533888816833496,9.533888816833496,9.533888816833496,9.533888816833496,1400,0.0,0.0
2024-10-17 00:00:00-04:00,9.533888816833496,9.533888816833496,9.533888816833496,9.533888816833496,0,0.0,0.0
2024-10-18 00:00:00-04:00,9.533888816833496,9.562925782072613,9.533888816833496,9.533888816833496,2800,0.0,0.0
2024-10-21 00:00:00-04:00,9.533888816833496,9.533888816833496,9.533888816833496,9.533888816833496,0,0.0,0.0
2024-10-22 00:00:00-04:00,9.533888816833496,9.533888816833496,9.533888816833496,9.533888816833496,0,0.0,0.0
2024-10-23 00:00:00-04:00,9.533888816833496,9.533888816833496,9.533888816833496,9.533888816833496,0,0.0,0.0
2024-10-24 00:00:00-04:00,9.533888387821522,9.582283020019531,9.533888387821522,9.582283020019531,2000,0.0,0.0
2024-10-25 00:00:00-04:00,9.49517200183697,9.49517200183697,9.485492706298828,9.485492706298828,5100,0.0,0.0
2024-10-28 00:00:00-04:00,9.533888816833496,9.533888816833496,9.533888816833496,9.533888816833496,500,0.0,0.0
2024-10-29 00:00:00-04:00,9.495171886500833,9.495171886500833,9.408060073852539,9.408060073852539,1600,0.0,0.0
2024-10-30 00:00:00-04:00,9.446776288085978,9.446776288085978,9.388701438903809,9.388701438903809,500,0.0,0.0
2024-10-31 00:00:00-04:00,9.388701438903809,9.388701438903809,9.388701438903809,9.388701438903809,0,0.0,0.0
2024-11-01 00:00:00-04:00,9.388701438903809,9.388701438903809,9.388701438903809,9.388701438903809,0,0.0,0.0
2024-11-04 00:00:00-05:00,9.388701438903809,9.388701438903809,9.388701438903809,9.388701438903809,0,0.0,0.0
2024-11-05 00:00:00-05:00,9.388701438903809,9.388701438903809,9.388701438903809,9.388701438903809,0,0.0,0.0
2024-11-06 00:00:00-05:00,9.388701438903809,9.388701438903809,9.388701438903809,9.388701438903809,0,0.0,0.0
2024-11-07 00:00:00-05:00,9.388701438903809,9.388701438903809,9.388701438903809,9.388701438903809,0,0.0,0.0
2024-11-08 00:00:00-05:00,9.427417755126953,9.427417755126953,9.427417755126953,9.427417755126953,100,0.0,0.0
2024-11-11 00:00:00-05:00,9.427417755126953,9.427417755126953,9.427417755126953,9.427417755126953,0,0.0,0.0
2024-11-12 00:00:00-05:00,9.427417755126953,9.427417755126953,9.427417755126953,9.427417755126953,0,0.0,0.0
2024-11-13 00:00:00-05:00,9.582283020019531,9.582283020019531,9.582283020019531,9.582283020019531,500,0.0,0.0
2024-11-14 00:00:00-05:00,9.582283020019531,9.582283020019531,9.582283020019531,9.582283020019531,0,0.0,0.0
2024-11-15 00:00:00-05:00,9.582283020019531,9.582283020019531,9.582283020019531,9.582283020019531,0,0.0,0.0
2024-11-18 00:00:00-05:00,9.572604634398928,9.572604634398928,9.41773867314327,9.562925338745117,500,0.0,0.0
2024-11-19 00:00:00-05:00,9.495172500610352,9.495172500610352,9.495172500610352,9.495172500610352,900,0.0,0.0
2024-11-20 00:00:00-05:00,9.495172500610352,9.495172500610352,9.495172500610352,9.495172500610352,0,0.0,0.0
2024-11-21 00:00:00-05:00,9.495172500610352,9.495172500610352,9.495172500610352,9.495172500610352,0,0.0,0.0
2024-11-22 00:00:00-05:00,9.495172500610352,9.495172500610352,9.495172500610352,9.495172500610352,0,0.0,0.0
2024-11-25 00:00:00-05:00,9.495172500610352,9.495172500610352,9.495172500610352,9.495172500610352,0,0.0,0.0
2024-11-26 00:00:00-05:00,9.533888816833496,9.533888816833496,9.533888816833496,9.533888816833496,400,0.0,0.0
2024-11-27 00:00:00-05:00,9.533888816833496,9.533888816833496,9.533888816833496,9.533888816833496,0,0.0,0.0
2024-11-29 00:00:00-05:00,9.533888816833496,9.533888816833496,9.533888816833496,9.533888816833496,100,0.0,0.0
2024-12-02 00:00:00-05:00,9.572605078175147,9.572605078175147,9.533888816833496,9.533888816833496,300,0.0,0.0
2024-12-03 00:00:00-05:00,9.533888816833496,9.533888816833496,9.533888816833496,9.533888816833496,0,0.0,0.0
2024-12-04 00:00:00-05:00,9.533888816833496,9.533888816833496,9.533888816833496,9.533888816833496,0,0.0,0.0
2024-12-05 00:00:00-05:00,9.57260513305664,9.57260513305664,9.57260513305664,9.57260513305664,100,0.0,0.0
2024-12-06 00:00:00-05:00,9.562925351754016,9.582283020019531,9.562925351754016,9.582283020019531,700,0.0,0.0
2024-12-09 00:00:00-05:00,9.582283020019531,9.582283020019531,9.582283020019531,9.582283020019531,0,0.0,0.0
2024-12-10 00:00:00-05:00,9.582283020019531,9.582283020019531,9.582283020019531,9.582283020019531,0,0.0,0.0
2024-12-11 00:00:00-05:00,9.59196285685364,9.620999822424364,9.582283560640567,9.611321449279785,3000,0.0,0.0
2024-12-12 00:00:00-05:00,9.620999336242676,9.620999336242676,9.611320963587177,9.620999336242676,1200,0.0,0.0
2024-12-13 00:00:00-05:00,9.670000076293945,9.859999656677246,9.670000076293945,9.760000228881836,900,0.319,0.0
2024-12-16 00:00:00-05:00,9.75,9.75,9.619999885559082,9.619999885559082,1500,0.0,0.0
2024-12-17 00:00:00-05:00,9.550000190734863,9.699999809265137,9.529999732971191,9.699999809265137,4000,0.0,0.0
2024-12-18 00:00:00-05:00,9.619999885559082,9.619999885559082,9.619999885559082,9.619999885559082,300,0.0,0.0
2024-12-19 00:00:00-05:00,9.600000381469727,9.6899995803833,9.520000457763672,9.6899995803833,3600,0.0,0.0
2024-12-20 00:00:00-05:00,9.539999961853027,9.649999618530273,9.539999961853027,9.649999618530273,3900,0.0,0.0
2024-12-23 00:00:00-05:00,9.649999618530273,9.649999618530273,9.649999618530273,9.649999618530273,0,0.0,0.0
2024-12-24 00:00:00-05:00,9.649999618530273,9.649999618530273,9.649999618530273,9.649999618530273,0,0.0,0.0
2024-12-26 00:00:00-05:00,9.6899995803833,9.6899995803833,9.550000190734863,9.550000190734863,4800,0.0,0.0
2024-12-27 00:00:00-05:00,9.550000190734863,9.630000114440918,9.550000190734863,9.630000114440918,900,0.0,0.0
2024-12-30 00:00:00-05:00,9.630000114440918,9.630000114440918,9.630000114440918,9.630000114440918,0,0.0,0.0
2024-12-31 00:00:00-05:00,9.630000114440918,9.630000114440918,9.630000114440918,9.630000114440918,0,0.0,0.0
2025-01-02 00:00:00-05:00,9.630000114440918,9.630000114440918,9.630000114440918,9.630000114440918,0,0.0,0.0
2025-01-03 00:00:00-05:00,9.630000114440918,9.630000114440918,9.630000114440918,9.630000114440918,0,0.0,0.0
2025-01-06 00:00:00-05:00,9.630000114440918,9.630000114440918,9.630000114440918,9.630000114440918,0,0.0,0.0
2025-01-07 00:00:00-05:00,9.600000381469727,9.600000381469727,9.5,9.529999732971191,1900,0.0,0.0
2025-01-08 00:00:00-05:00,9.65999984741211,9.65999984741211,9.65999984741211,9.65999984741211,200,0.0,0.0
2025-01-10 00:00:00-05:00,9.65999984741211,9.65999984741211,9.65999984741211,9.65999984741211,0,0.0,0.0
2025-01-13 00:00:00-05:00,9.510000228881836,9.510000228881836,9.479999542236328,9.479999542236328,3300,0.0,0.0
2025-01-14 00:00:00-05:00,9.479999542236328,9.479999542236328,9.479999542236328,9.479999542236328,0,0.0,0.0
2025-01-15 00:00:00-05:00,9.479999542236328,9.479999542236328,9.479999542236328,9.479999542236328,0,0.0,0.0
2025-01-16 00:00:00-05:00,9.479999542236328,9.479999542236328,9.479999542236328,9.479999542236328,0,0.0,0.0
2025-01-17 00:00:00-05:00,9.399999618530273,9.399999618530273,9.399999618530273,9.399999618530273,1200,0.0,0.0
2025-01-21 00:00:00-05:00,9.489999771118164,9.489999771118164,9.430000305175781,9.430000305175781,6100,0.0,0.0
2025-01-22 00:00:00-05:00,9.489999771118164,9.489999771118164,9.4399995803833,9.449999809265137,400,0.0,0.0
2025-01-23 00:00:00-05:00,9.449999809265137,9.449999809265137,9.449999809265137,9.449999809265137,0,0.0,0.0
2025-01-24 00:00:00-05:00,9.449999809265137,9.449999809265137,9.449999809265137,9.449999809265137,0,0.0,0.0
2025-01-27 00:00:00-05:00,9.449999809265137,9.449999809265137,9.449999809265137,9.449999809265137,0,0.0,0.0
2025-01-28 00:00:00-05:00,9.449999809265137,9.449999809265137,9.449999809265137,9.449999809265137,0,0.0,0.0
2025-01-29 00:00:00-05:00,9.449999809265137,9.449999809265137,9.449999809265137,9.449999809265137,0,0.0,0.0
2025-01-30 00:00:00-05:00,9.449999809265137,9.449999809265137,9.449999809265137,9.449999809265137,0,0.0,0.0
2025-01-31 00:00:00-05:00,9.449999809265137,9.449999809265137,9.449999809265137,9.449999809265137,0,0.0,0.0
2025-02-03 00:00:00-05:00,9.449999809265137,9.449999809265137,9.449999809265137,9.449999809265137,0,0.0,0.0
2025-02-04 00:00:00-05:00,9.449999809265137,9.449999809265137,9.449999809265137,9.449999809265137,0,0.0,0.0
2025-02-05 00:00:00-05:00,9.449999809265137,9.449999809265137,9.449999809265137,9.449999809265137,0,0.0,0.0
2025-02-06 00:00:00-05:00,9.449999809265137,9.449999809265137,9.449999809265137,9.449999809265137,0,0.0,0.0
2025-02-07 00:00:00-05:00,9.619999885559082,9.670000076293945,9.5,9.670000076293945,2400,0.0,0.0
