Date,Open,High,Low,Close,Volume,Dividends,Stock Splits
2015-06-23 00:00:00-04:00,35.78154373168945,35.78154373168945,35.78154373168945,35.78154373168945,106,0.0,0.0
2015-06-24 00:00:00-04:00,35.78154373168945,35.78154373168945,35.78154373168945,35.78154373168945,0,0.0,0.0
2015-06-25 00:00:00-04:00,35.78154373168945,35.78154373168945,35.78154373168945,35.78154373168945,0,0.0,0.0
2015-06-26 00:00:00-04:00,35.78154373168945,35.78154373168945,35.78154373168945,35.78154373168945,0,0.0,0.0
2015-06-29 00:00:00-04:00,35.78154373168945,35.78154373168945,35.78154373168945,35.78154373168945,0,0.0,0.0
2015-06-30 00:00:00-04:00,35.78154373168945,35.78154373168945,35.78154373168945,35.78154373168945,0,0.0,0.0
2015-07-01 00:00:00-04:00,65.8097915649414,65.8097915649414,65.8097915649414,65.8097915649414,212,0.0,0.0
2015-07-02 00:00:00-04:00,43.559322357177734,51.78907775878906,43.559322357177734,45.291900634765625,2263016,0.0,0.0
2015-07-06 00:00:00-04:00,44.679847717285156,46.48775863647461,42.843692779541016,44.576271057128906,744143,0.0,0.0
2015-07-07 00:00:00-04:00,43.88888931274414,44.679847717285156,42.37288284301758,42.429378509521484,715576,0.0,0.0
2015-07-08 00:00:00-04:00,42.787193298339844,42.843692779541016,40.329566955566406,40.91337203979492,1174678,0.0,0.0
2015-07-09 00:00:00-04:00,40.49905776977539,41.07344436645508,38.822975158691406,39.435028076171875,1079204,0.0,0.0
2015-07-10 00:00:00-04:00,38.8418083190918,41.167606353759766,38.220340728759766,40.53672409057617,1404389,0.0,0.0
2015-07-13 00:00:00-04:00,40.12240982055664,43.719398498535156,39.689266204833984,43.540489196777344,1324420,0.0,0.0
2015-07-14 00:00:00-04:00,42.89077377319336,43.52165603637695,41.46892547607422,42.702449798583984,648670,0.0,0.0
2015-07-15 00:00:00-04:00,42.72127914428711,42.966102600097656,42.14689254760742,42.693031311035156,456341,0.0,0.0
2015-07-16 00:00:00-04:00,42.71186447143555,43.22975540161133,42.429378509521484,42.89077377319336,803191,0.0,0.0
2015-07-17 00:00:00-04:00,42.88135528564453,46.51600646972656,42.63653564453125,46.045196533203125,675113,0.0,0.0
2015-07-20 00:00:00-04:00,45.98870086669922,46.12994384765625,44.86817169189453,45.320152282714844,236507,0.0,0.0
2015-07-21 00:00:00-04:00,45.77212905883789,45.77212905883789,44.25612258911133,44.30320358276367,295979,0.0,0.0
2015-07-22 00:00:00-04:00,44.46327590942383,45.16007614135742,43.47457504272461,44.02071762084961,256048,0.0,0.0
2015-07-23 00:00:00-04:00,43.98305130004883,44.04896545410156,43.37099838256836,43.719398498535156,239906,0.0,0.0
2015-07-24 00:00:00-04:00,44.06779861450195,44.06779861450195,42.62711715698242,42.806026458740234,509654,0.0,0.0
2015-07-27 00:00:00-04:00,42.61770248413086,42.928436279296875,41.29001998901367,41.52542495727539,252862,0.0,0.0
2015-07-28 00:00:00-04:00,41.4312629699707,42.909603118896484,40.48964309692383,41.36534881591797,208152,0.0,0.0
2015-07-29 00:00:00-04:00,40.922786712646484,42.033897399902344,40.11299514770508,40.320152282714844,228330,0.0,0.0
2015-07-30 00:00:00-04:00,40.49905776977539,42.20338821411133,40.48964309692383,40.77212905883789,74234,0.0,0.0
2015-07-31 00:00:00-04:00,40.89453887939453,41.195858001708984,40.01883316040039,40.065914154052734,315308,0.0,0.0
2015-08-03 00:00:00-04:00,39.943504333496094,41.572505950927734,39.679847717285156,40.047080993652344,308936,0.0,0.0
2015-08-04 00:00:00-04:00,40.13182830810547,40.800376892089844,39.915252685546875,40.668548583984375,272297,0.0,0.0
2015-08-05 00:00:00-04:00,41.064029693603516,41.817325592041016,40.11299514770508,40.6779670715332,497441,0.0,0.0
2015-08-06 00:00:00-04:00,40.21657180786133,40.48964309692383,39.73634719848633,40.02824783325195,314671,0.0,0.0
2015-08-07 00:00:00-04:00,39.98116683959961,40.03766632080078,38.87005615234375,39.28437042236328,210382,0.0,0.0
2015-08-10 00:00:00-04:00,39.52919006347656,39.52919006347656,38.7664794921875,39.06779861450195,240118,0.0,0.0
2015-08-11 00:00:00-04:00,38.8983039855957,39.190208435058594,37.99435043334961,38.12617874145508,224294,0.0,0.0
2015-08-12 00:00:00-04:00,38.04143142700195,38.48399353027344,37.12805938720703,37.193973541259766,406640,0.0,0.0
2015-08-13 00:00:00-04:00,37.212806701660156,37.212806701660156,36.62900161743164,36.68549728393555,373505,0.0,0.0
2015-08-14 00:00:00-04:00,36.62900161743164,37.175140380859375,36.61016845703125,36.80791091918945,197957,0.0,0.0
2015-08-17 00:00:00-04:00,36.53483963012695,36.939735412597656,36.24293899536133,36.403011322021484,228649,0.0,0.0
2015-08-18 00:00:00-04:00,36.34651565551758,36.45009231567383,35.809791564941406,36.082862854003906,254774,0.0,0.0
2015-08-19 00:00:00-04:00,35.442562103271484,35.96986770629883,35.047080993652344,35.14124298095703,172681,0.0,0.0
2015-08-20 00:00:00-04:00,34.52919006347656,35.056495666503906,34.52919006347656,34.85875701904297,162061,0.0,0.0
2015-08-21 00:00:00-04:00,34.83992385864258,35.320152282714844,34.16196060180664,34.27495193481445,177035,0.0,0.0
2015-08-24 00:00:00-04:00,32.88135528564453,33.98305130004883,31.581920623779297,32.589454650878906,262314,0.0,0.0
2015-08-25 00:00:00-04:00,32.97551727294922,33.182674407958984,31.45009422302246,31.732580184936523,325609,0.0,0.0
2015-08-26 00:00:00-04:00,31.88323974609375,32.071563720703125,30.69679832458496,30.885122299194336,393896,0.0,0.0
2015-08-27 00:00:00-04:00,31.120527267456055,32.193973541259766,31.120527267456055,31.84557342529297,282917,0.0,0.0
2015-08-28 00:00:00-04:00,32.01506423950195,32.306968688964844,31.90207290649414,32.071563720703125,101740,0.0,0.0
2015-08-31 00:00:00-04:00,32.071563720703125,32.20338821411133,31.299434661865234,31.30885124206543,205709,0.0,0.0
2015-09-01 00:00:00-04:00,31.07344627380371,31.534839630126953,30.23540496826172,30.367231369018555,218984,0.0,0.0
2015-09-02 00:00:00-04:00,30.57438850402832,30.781543731689453,30.21657371520996,30.621469497680664,98978,0.0,0.0
2015-09-03 00:00:00-04:00,30.772127151489258,31.337099075317383,30.602636337280273,30.91337013244629,214843,0.0,0.0
2015-09-04 00:00:00-04:00,30.508474349975586,30.91337013244629,30.131826400756836,30.781543731689453,187974,0.0,0.0
2015-09-08 00:00:00-04:00,31.713748931884766,33.09792709350586,31.07344627380371,32.693031311035156,276120,0.0,0.0
2015-09-09 00:00:00-04:00,33.0885124206543,34.00188446044922,32.85310745239258,33.493408203125,258703,0.0,0.0
2015-09-10 00:00:00-04:00,33.48399353027344,36.37476348876953,33.48399353027344,36.14877700805664,377222,0.0,0.0
2015-09-11 00:00:00-04:00,35.819210052490234,37.62711715698242,35.819210052490234,37.306968688964844,460696,0.0,0.0
2015-09-14 00:00:00-04:00,37.08097839355469,37.467044830322266,34.40678024291992,34.62335205078125,244260,0.0,0.0
2015-09-15 00:00:00-04:00,34.75518035888672,34.98116683959961,34.46327590942383,34.830509185791016,140396,0.0,0.0
2015-09-16 00:00:00-04:00,34.74576187133789,35.11299514770508,33.74764633178711,34.3220329284668,118307,0.0,0.0
2015-09-17 00:00:00-04:00,34.50094223022461,35.38606262207031,34.312618255615234,35.19773864746094,259128,0.0,0.0
2015-09-18 00:00:00-04:00,34.83992385864258,35.12240982055664,34.096046447753906,34.34086608886719,298741,0.0,0.0
2015-09-21 00:00:00-04:00,34.71751403808594,34.83992385864258,33.681732177734375,34.190208435058594,73915,0.0,0.0
2015-09-22 00:00:00-04:00,33.88888931274414,34.830509185791016,32.48587417602539,32.532955169677734,104076,0.0,0.0
2015-09-23 00:00:00-04:00,32.51412582397461,32.683616638183594,32.090396881103516,32.22222137451172,66587,0.0,0.0
2015-09-24 00:00:00-04:00,31.939735412597656,32.86252212524414,31.261770248413086,32.61770248413086,120643,0.0,0.0
2015-09-25 00:00:00-04:00,32.11864471435547,33.00376510620117,32.11864471435547,32.909603118896484,89739,0.0,0.0
2015-09-28 00:00:00-04:00,32.95668411254883,32.95668411254883,31.591337203979492,32.090396881103516,71048,0.0,0.0
2015-09-29 00:00:00-04:00,32.01506423950195,32.32109069824219,31.817325592041016,32.12805938720703,100996,0.0,0.0
2015-09-30 00:00:00-04:00,32.34463119506836,32.35404968261719,31.591337203979492,32.24105453491211,127759,0.0,0.0
2015-10-01 00:00:00-04:00,32.28813552856445,32.54237365722656,32.01506423950195,32.306968688964844,79650,0.0,0.0
2015-10-02 00:00:00-04:00,32.35404968261719,33.25800323486328,32.071563720703125,33.11676025390625,59897,0.0,0.0
2015-10-05 00:00:00-04:00,33.323917388916016,34.472694396972656,33.323917388916016,34.15254211425781,121599,0.0,0.0
2015-10-06 00:00:00-04:00,34.06779861450195,34.915252685546875,33.88888931274414,34.6515998840332,93456,0.0,0.0
2015-10-07 00:00:00-04:00,34.689266204833984,35.49905776977539,34.566856384277344,34.74576187133789,191479,0.0,0.0
2015-10-08 00:00:00-04:00,34.80226135253906,34.952919006347656,33.67231750488281,33.973636627197266,98129,0.0,0.0
2015-10-09 00:00:00-04:00,33.99246597290039,34.16196060180664,33.342750549316406,33.86064147949219,50976,0.0,0.0
2015-10-12 00:00:00-04:00,33.87947463989258,34.331451416015625,33.25800323486328,33.427494049072266,44179,0.0,0.0
2015-10-13 00:00:00-04:00,33.02259826660156,33.305084228515625,32.3917121887207,32.89077377319336,199762,0.0,0.0
2015-10-14 00:00:00-04:00,32.91902160644531,33.8983039855957,32.45762634277344,32.928436279296875,113209,0.0,0.0
2015-10-15 00:00:00-04:00,33.050846099853516,33.40866470336914,32.28813552856445,32.9378547668457,77951,0.0,0.0
2015-10-16 00:00:00-04:00,33.04143142700195,33.24858856201172,32.10922622680664,32.88135528564453,157176,0.0,0.0
2015-10-19 00:00:00-04:00,32.9378547668457,34.50564956665039,32.85875701904297,32.98493576049805,148255,0.0,0.0
2015-10-20 00:00:00-04:00,33.1450080871582,33.48399353027344,31.723163604736328,32.61770248413086,78269,0.0,0.0
2015-10-21 00:00:00-04:00,32.90018844604492,32.90018844604492,31.666667938232422,31.854991912841797,81349,0.0,0.0
2015-10-22 00:00:00-04:00,32.00564956665039,36.25235366821289,31.101694107055664,35.442562103271484,1205582,0.0,0.0
2015-10-23 00:00:00-04:00,35.89453887939453,39.830509185791016,35.51789093017578,38.559322357177734,271553,0.0,0.0
2015-10-26 00:00:00-04:00,38.559322357177734,38.92655563354492,36.29001998901367,36.657249450683594,145282,0.0,0.0
2015-10-27 00:00:00-04:00,36.53483963012695,36.84086608886719,35.74387741088867,36.4312629699707,130520,0.0,0.0
2015-10-28 00:00:00-04:00,36.64783477783203,37.88135528564453,36.64783477783203,37.429378509521484,48321,0.0,0.0
2015-10-29 00:00:00-04:00,37.23163986206055,37.48587417602539,36.82674026489258,36.949153900146484,83579,0.0,0.0
2015-10-30 00:00:00-04:00,36.87382125854492,37.35404968261719,35.35781478881836,36.403011322021484,74021,0.0,0.0
2015-11-02 00:00:00-05:00,36.51600646972656,36.68549728393555,36.03578186035156,36.25235366821289,123829,0.0,0.0
2015-11-03 00:00:00-05:00,36.064029693603516,36.24293899536133,35.78154373168945,36.01694869995117,131794,0.0,0.0
2015-11-04 00:00:00-05:00,36.11111068725586,36.403011322021484,34.83992385864258,34.915252685546875,205709,0.0,0.0
2015-11-05 00:00:00-05:00,34.943504333496094,35.10357666015625,33.8983039855957,34.180789947509766,175655,0.0,0.0
2015-11-06 00:00:00-05:00,34.30320358276367,35.93220138549805,33.917137145996094,34.88700485229492,322105,0.0,0.0
2015-11-09 00:00:00-05:00,34.934085845947266,34.934085845947266,34.21845626831055,34.670433044433594,124891,0.0,0.0
2015-11-10 00:00:00-05:00,34.63276672363281,35.69679641723633,34.557437896728516,34.708099365234375,66163,0.0,0.0
2015-11-11 00:00:00-05:00,34.66101837158203,34.86817169189453,33.9048957824707,34.416194915771484,244791,0.0,0.0
2015-11-12 00:00:00-05:00,34.1713752746582,34.3220329284668,33.38041305541992,33.47457504272461,216329,0.0,0.0
2015-11-13 00:00:00-05:00,33.24858856201172,34.25612258911133,32.6647834777832,33.94538497924805,88252,0.0,0.0
2015-11-16 00:00:00-05:00,34.02071762084961,38.323917388916016,33.17325973510742,35.819210052490234,407808,0.0,0.0
2015-11-17 00:00:00-05:00,36.01694869995117,36.544254302978516,34.12429428100586,35.0753288269043,388055,0.0,0.0
2015-11-18 00:00:00-05:00,35.169490814208984,35.550846099853516,34.36911392211914,35.53672409057617,410251,0.0,0.0
2015-11-19 00:00:00-05:00,35.423728942871094,36.38418197631836,34.86817169189453,36.05461502075195,275695,0.0,0.0
2015-11-20 00:00:00-05:00,36.4312629699707,36.4312629699707,35.687381744384766,36.03578186035156,148361,0.0,0.0
2015-11-23 00:00:00-05:00,36.01694869995117,36.01694869995117,34.37853240966797,35.527305603027344,408020,0.0,0.0
2015-11-24 00:00:00-05:00,35.329566955566406,36.01694869995117,33.48399353027344,34.69868087768555,478431,0.0,0.0
2015-11-25 00:00:00-05:00,34.849342346191406,36.70433044433594,34.538604736328125,35.57438659667969,454430,0.0,0.0
2015-11-27 00:00:00-05:00,35.564971923828125,36.280601501464844,33.8983039855957,35.93220138549805,56923,0.0,0.0
2015-11-30 00:00:00-05:00,35.93220138549805,36.95856857299805,35.93220138549805,36.930320739746094,359275,0.0,0.0
2015-12-01 00:00:00-05:00,36.949153900146484,38.50282669067383,36.676082611083984,38.0885124206543,402923,0.0,0.0
2015-12-02 00:00:00-05:00,38.060264587402344,39.7269287109375,37.693031311035156,39.566856384277344,262102,0.0,0.0
2015-12-03 00:00:00-05:00,39.6515998840332,39.87288284301758,38.29566955566406,38.40866470336914,303944,0.0,0.0
2015-12-04 00:00:00-05:00,38.31450271606445,38.31450271606445,36.95856857299805,37.41996383666992,119475,0.0,0.0
2015-12-07 00:00:00-05:00,37.429378509521484,37.49529266357422,36.280601501464844,36.64783477783203,167159,0.0,0.0
2015-12-08 00:00:00-05:00,36.318267822265625,36.5819206237793,35.93220138549805,36.36534881591797,227905,0.0,0.0
2015-12-09 00:00:00-05:00,36.36534881591797,36.80791091918945,36.299434661865234,36.459510803222656,146981,0.0,0.0
2015-12-10 00:00:00-05:00,36.421844482421875,36.88323974609375,36.195858001708984,36.61958694458008,145494,0.0,0.0
2015-12-11 00:00:00-05:00,36.195858001708984,36.86440658569336,36.082862854003906,36.37476348876953,292793,0.0,0.0
2015-12-14 00:00:00-05:00,36.34651565551758,36.34651565551758,34.7269287109375,35.3484001159668,447527,0.0,0.0
2015-12-15 00:00:00-05:00,35.546138763427734,35.85687255859375,35.225990295410156,35.72504806518555,288014,0.0,0.0
2015-12-16 00:00:00-05:00,36.00753402709961,37.22222137451172,35.72504806518555,36.77024459838867,160893,0.0,0.0
2015-12-17 00:00:00-05:00,36.97740173339844,36.97740173339844,36.29001998901367,36.72316360473633,348124,0.0,0.0
2015-12-18 00:00:00-05:00,36.72316360473633,38.31450271606445,36.195858001708984,37.77777862548828,1819949,0.0,0.0
2015-12-21 00:00:00-05:00,38.03201675415039,38.954803466796875,38.00376510620117,38.700565338134766,274739,0.0,0.0
2015-12-22 00:00:00-05:00,38.88888931274414,39.811676025390625,38.681732177734375,39.811676025390625,95899,0.0,0.0
2015-12-23 00:00:00-05:00,39.811676025390625,40.00941467285156,39.199623107910156,39.566856384277344,176398,0.0,0.0
2015-12-24 00:00:00-05:00,39.416194915771484,39.87759017944336,39.25612258911133,39.30320358276367,29205,0.0,0.0
2015-12-28 00:00:00-05:00,39.1713752746582,39.50094223022461,38.662899017333984,39.096046447753906,150167,0.0,0.0
2015-12-29 00:00:00-05:00,39.22787094116211,39.557437896728516,38.52165603637695,39.54802322387695,421508,0.0,0.0
2015-12-30 00:00:00-05:00,39.519775390625,40.10357666015625,39.28437042236328,39.60451889038086,134024,0.0,0.0
2015-12-31 00:00:00-05:00,39.54802322387695,41.11111068725586,39.54802322387695,40.48964309692383,145919,0.0,0.0
2016-01-04 00:00:00-05:00,39.6515998840332,40.2401123046875,38.455745697021484,38.88888931274414,200612,0.0,0.0
2016-01-05 00:00:00-05:00,38.96421813964844,38.96421813964844,37.532955169677734,38.305084228515625,278138,0.0,0.0
2016-01-06 00:00:00-05:00,37.702449798583984,38.58757019042969,37.59981155395508,38.31450271606445,98129,0.0,0.0
2016-01-07 00:00:00-05:00,37.41996383666992,38.069679260253906,37.16101837158203,37.45762634277344,297254,0.0,0.0
2016-01-08 00:00:00-05:00,37.62711715698242,37.87194061279297,36.95856857299805,37.50470733642578,238631,0.0,0.0
2016-01-11 00:00:00-05:00,37.97551727294922,37.97551727294922,37.175140380859375,37.48587417602539,269323,0.0,0.0
2016-01-12 00:00:00-05:00,37.824859619140625,37.97551727294922,37.297550201416016,37.74953079223633,241499,0.0,0.0
2016-01-13 00:00:00-05:00,37.693031311035156,37.966102600097656,36.949153900146484,37.22222137451172,175867,0.0,0.0
2016-01-14 00:00:00-05:00,37.316383361816406,38.53107452392578,36.195858001708984,37.56120681762695,196789,0.0,0.0
2016-01-15 00:00:00-05:00,36.62900161743164,36.779659271240234,34.7269287109375,35.461395263671875,426605,0.0,0.0
2016-01-19 00:00:00-05:00,35.77212905883789,36.21468734741211,35.29661178588867,35.960453033447266,206878,0.0,0.0
2016-01-20 00:00:00-05:00,35.16007614135742,35.51789093017578,33.96421813964844,34.37853240966797,471740,0.0,0.0
2016-01-21 00:00:00-05:00,34.36911392211914,34.75518035888672,33.323917388916016,33.70998001098633,186806,0.0,0.0
2016-01-22 00:00:00-05:00,34.26553726196289,34.708099365234375,33.67231750488281,34.26553726196289,101740,0.0,0.0
2016-01-25 00:00:00-05:00,34.14312744140625,34.14312744140625,32.966102600097656,33.70998001098633,265181,0.0,0.0
2016-01-26 00:00:00-05:00,34.02071762084961,34.02071762084961,32.297550201416016,33.90772247314453,162380,0.0,0.0
2016-01-27 00:00:00-05:00,33.87005615234375,34.35028076171875,33.26742172241211,33.342750549316406,81774,0.0,0.0
2016-01-28 00:00:00-05:00,33.58757019042969,33.64406967163086,32.9048957824707,33.286251068115234,68499,0.0,0.0
2016-01-29 00:00:00-05:00,33.19868087768555,34.774009704589844,33.19868087768555,34.69868087768555,107050,0.0,0.0
2016-02-01 00:00:00-05:00,34.46327590942383,35.6779670715332,33.446327209472656,35.41431427001953,62764,0.0,0.0
2016-02-02 00:00:00-05:00,35.056495666503906,35.47080993652344,33.82768249511719,35.23540496826172,111404,0.0,0.0
2016-02-03 00:00:00-05:00,35.3484001159668,35.3484001159668,33.799434661865234,35.02824783325195,70942,0.0,0.0
2016-02-04 00:00:00-05:00,34.9246711730957,36.80791091918945,33.667606353759766,36.280601501464844,107050,0.0,0.0
2016-02-05 00:00:00-05:00,36.03578186035156,36.03578186035156,34.70338821411133,35.97928237915039,407808,0.0,0.0
2016-02-08 00:00:00-05:00,35.47080993652344,35.47080993652344,33.163841247558594,33.86064147949219,269748,0.0,0.0
2016-02-09 00:00:00-05:00,33.31450271606445,34.3220329284668,32.04331588745117,32.28813552856445,386993,0.0,0.0
2016-02-10 00:00:00-05:00,32.54237365722656,33.02259826660156,32.25235366821289,32.702449798583984,77632,0.0,0.0
2016-02-11 00:00:00-05:00,32.23163986206055,32.683616638183594,31.86440658569336,32.22222137451172,107581,0.0,0.0
2016-02-12 00:00:00-05:00,32.49529266357422,32.63653564453125,32.26930236816406,32.51412582397461,65738,0.0,0.0
2016-02-16 00:00:00-05:00,32.947269439697266,33.681732177734375,32.64595031738281,33.46516036987305,84217,0.0,0.0
2016-02-17 00:00:00-05:00,33.804141998291016,34.49152374267578,33.050846099853516,34.190208435058594,116077,0.0,0.0
2016-02-18 00:00:00-05:00,34.27495193481445,34.331451416015625,33.596988677978516,33.87947463989258,102164,0.0,0.0
2016-02-19 00:00:00-05:00,33.662899017333984,33.86064147949219,32.7401123046875,33.03201675415039,116183,0.0,0.0
2016-02-22 00:00:00-05:00,33.39924621582031,34.16196060180664,33.323917388916016,33.94538497924805,129883,0.0,0.0
2016-02-23 00:00:00-05:00,33.73823165893555,34.06779861450195,33.220340728759766,33.342750549316406,85597,0.0,0.0
2016-02-24 00:00:00-05:00,32.909603118896484,33.00376510620117,31.996234893798828,32.6082878112793,151760,0.0,0.0
2016-02-25 00:00:00-05:00,32.570621490478516,33.0885124206543,32.13747787475586,32.97551727294922,129352,0.0,0.0
2016-02-26 00:00:00-05:00,33.079097747802734,33.94538497924805,32.85310745239258,33.87947463989258,194452,0.0,0.0
2016-02-29 00:00:00-05:00,33.822975158691406,34.60451889038086,33.822975158691406,34.54802322387695,79438,0.0,0.0
2016-03-01 00:00:00-05:00,34.74576187133789,35.461395263671875,34.576271057128906,35.056495666503906,91438,0.0,0.0
2016-03-02 00:00:00-05:00,34.830509185791016,35.50847625732422,34.670433044433594,35.3484001159668,21771,0.0,0.0
2016-03-03 00:00:00-05:00,35.35781478881836,36.00753402709961,34.89642333984375,35.8851203918457,89102,0.0,0.0
2016-03-04 00:00:00-05:00,35.99811553955078,36.22410583496094,34.670433044433594,35.047080993652344,56817,0.0,0.0
2016-03-07 00:00:00-05:00,34.82109069824219,35.36723327636719,34.792842864990234,35.0,46091,0.0,0.0
2016-03-08 00:00:00-05:00,34.83992385864258,35.047080993652344,33.90772247314453,34.21845626831055,150061,0.0,0.0
2016-03-09 00:00:00-05:00,34.52919006347656,34.64218521118164,34.14312744140625,34.40678024291992,26019,0.0,0.0
2016-03-10 00:00:00-05:00,34.63276672363281,35.09792709350586,34.199623107910156,34.435028076171875,49595,0.0,0.0
2016-03-11 00:00:00-05:00,34.78342819213867,35.26365280151367,34.26553726196289,34.46327590942383,59260,0.0,0.0
2016-03-14 00:00:00-04:00,34.416194915771484,34.89642333984375,34.36911392211914,34.51035690307617,29311,0.0,0.0
2016-03-15 00:00:00-04:00,34.22787094116211,34.538604736328125,33.90772247314453,34.190208435058594,79969,0.0,0.0
2016-03-16 00:00:00-04:00,34.566856384277344,35.16007614135742,34.566856384277344,34.99058532714844,26550,0.0,0.0
2016-03-17 00:00:00-04:00,34.89642333984375,35.78154373168945,34.89642333984375,35.38606262207031,72535,0.0,0.0
2016-03-18 00:00:00-04:00,35.41431427001953,35.819210052490234,34.943504333496094,35.17890930175781,89739,0.0,0.0
2016-03-21 00:00:00-04:00,34.9246711730957,35.71562957763672,34.9246711730957,35.45197677612305,31117,0.0,0.0
2016-03-22 00:00:00-04:00,35.21657180786133,35.87570571899414,35.056495666503906,35.423728942871094,26656,0.0,0.0
2016-03-23 00:00:00-04:00,35.26365280151367,35.87570571899414,35.207157135009766,35.800376892089844,59897,0.0,0.0
2016-03-24 00:00:00-04:00,35.53672409057617,35.819210052490234,34.85404968261719,35.546138763427734,62870,0.0,0.0
2016-03-28 00:00:00-04:00,35.50847625732422,35.903953552246094,35.19773864746094,35.61205291748047,45772,0.0,0.0
2016-03-29 00:00:00-04:00,35.546138763427734,36.553672790527344,35.39548110961914,36.05461502075195,60640,0.0,0.0
2016-03-30 00:00:00-04:00,36.13935852050781,37.10451889038086,35.69679641723633,36.13935852050781,82411,0.0,0.0
2016-03-31 00:00:00-04:00,36.07344436645508,36.13935852050781,35.28248596191406,35.668548583984375,81031,0.0,0.0
2016-04-01 00:00:00-04:00,35.433143615722656,36.09227752685547,35.33898162841797,35.442562103271484,120218,0.0,0.0
2016-04-04 00:00:00-04:00,35.50847625732422,35.50847625732422,34.36911392211914,34.76459503173828,106306,0.0,0.0
2016-04-05 00:00:00-04:00,34.49152374267578,34.62335205078125,34.039546966552734,34.46327590942383,150592,0.0,0.0
2016-04-06 00:00:00-04:00,34.35028076171875,34.576271057128906,34.096046447753906,34.2467041015625,273040,0.0,0.0
2016-04-07 00:00:00-04:00,34.096046447753906,34.80226135253906,33.96421813964844,34.60451889038086,150698,0.0,0.0
2016-04-08 00:00:00-04:00,34.80226135253906,35.14124298095703,34.2467041015625,34.89642333984375,138060,0.0,0.0
2016-04-11 00:00:00-04:00,34.74576187133789,35.38606262207031,34.54802322387695,34.98116683959961,41630,0.0,0.0
2016-04-12 00:00:00-04:00,34.87759017944336,35.64971923828125,34.69868087768555,35.53672409057617,56817,0.0,0.0
2016-04-13 00:00:00-04:00,35.64030075073242,36.082862854003906,35.45197677612305,35.7532958984375,40144,0.0,0.0
2016-04-14 00:00:00-04:00,35.63088607788086,36.1581916809082,34.87759017944336,35.57438659667969,141458,0.0,0.0
2016-04-15 00:00:00-04:00,35.546138763427734,35.960453033447266,35.0753288269043,35.69679641723633,127228,0.0,0.0
2016-04-18 00:00:00-04:00,35.39548110961914,36.14877700805664,35.39548110961914,35.602638244628906,142945,0.0,0.0
2016-04-19 00:00:00-04:00,35.78154373168945,36.2335205078125,34.86817169189453,34.952919006347656,370426,0.0,0.0
2016-04-20 00:00:00-04:00,34.88700485229492,36.72316360473633,34.679847717285156,35.53672409057617,242879,0.0,0.0
2016-04-21 00:00:00-04:00,35.53672409057617,36.9114875793457,35.24481964111328,36.75141143798828,195620,0.0,0.0
2016-04-22 00:00:00-04:00,36.68549728393555,37.448211669921875,36.60075378417969,37.10922622680664,158450,0.0,0.0
2016-04-25 00:00:00-04:00,36.84557342529297,37.49529266357422,36.62900161743164,37.193973541259766,82517,0.0,0.0
2016-04-26 00:00:00-04:00,37.10922622680664,37.62711715698242,36.98681640625,37.325801849365234,222170,0.0,0.0
2016-04-27 00:00:00-04:00,37.3352165222168,38.804141998291016,37.08097839355469,38.3615837097168,89420,0.0,0.0
2016-04-28 00:00:00-04:00,38.050846099853516,39.435028076171875,37.99435043334961,39.14312744140625,327415,0.0,0.0
2016-04-29 00:00:00-04:00,39.04896545410156,39.199623107910156,37.817325592041016,38.23917007446289,116395,0.0,0.0
2016-05-02 00:00:00-04:00,38.31450271606445,39.02542495727539,38.02259826660156,38.182674407958984,76358,0.0,0.0
2016-05-03 00:00:00-04:00,38.050846099853516,39.72222137451172,37.410545349121094,37.56120681762695,97598,0.0,0.0
2016-05-04 00:00:00-04:00,37.45762634277344,37.95668411254883,37.02448272705078,37.65536880493164,121599,0.0,0.0
2016-05-05 00:00:00-04:00,38.48399353027344,38.48399353027344,37.467044830322266,37.65536880493164,77526,0.0,0.0
2016-05-06 00:00:00-04:00,37.63653564453125,38.29566955566406,37.212806701660156,37.83427429199219,138697,0.0,0.0
2016-05-09 00:00:00-04:00,37.72127914428711,39.312618255615234,37.59886932373047,38.559322357177734,91757,0.0,0.0
2016-05-10 00:00:00-04:00,38.48399353027344,39.40678024291992,37.71186447143555,39.26553726196289,135617,0.0,0.0
2016-05-11 00:00:00-04:00,39.01129913330078,40.01883316040039,38.61111068725586,39.23728942871094,142945,0.0,0.0
2016-05-12 00:00:00-04:00,39.689266204833984,40.94444274902344,39.397361755371094,39.792842864990234,71473,0.0,0.0
2016-05-13 00:00:00-04:00,40.01883316040039,40.01883316040039,39.02071762084961,39.519775390625,174380,0.0,0.0
2016-05-16 00:00:00-04:00,39.52919006347656,39.88700485229492,39.26082992553711,39.566856384277344,251588,0.0,0.0
2016-05-17 00:00:00-04:00,39.472694396972656,42.325801849365234,38.86064147949219,40.291900634765625,366602,0.0,0.0
2016-05-18 00:00:00-04:00,40.01883316040039,40.527305603027344,38.23446273803711,40.02824783325195,284828,0.0,0.0
2016-05-19 00:00:00-04:00,39.73634719848633,40.47080993652344,38.935970306396484,39.37853240966797,732992,0.0,0.0
2016-05-20 00:00:00-04:00,39.28437042236328,39.8917121887207,39.01129913330078,39.36911392211914,81031,0.0,0.0
2016-05-23 00:00:00-04:00,39.35028076171875,39.670433044433594,39.22787094116211,39.3220329284668,66269,0.0,0.0
2016-05-24 00:00:00-04:00,39.35028076171875,40.306026458740234,39.180789947509766,39.830509185791016,86022,0.0,0.0
2016-05-25 00:00:00-04:00,39.99058532714844,40.39548110961914,39.708099365234375,40.056495666503906,53419,0.0,0.0
2016-05-26 00:00:00-04:00,39.98116683959961,40.21186447143555,38.7664794921875,39.774009704589844,113422,0.0,0.0
2016-05-27 00:00:00-04:00,39.774009704589844,40.47551727294922,39.689266204833984,40.47080993652344,32497,0.0,0.0
2016-05-31 00:00:00-04:00,40.37664794921875,40.433143615722656,39.90583801269531,40.21657180786133,132644,0.0,0.0
2016-06-01 00:00:00-04:00,39.952919006347656,40.84745788574219,39.1148796081543,40.207157135009766,113209,0.0,0.0
2016-06-02 00:00:00-04:00,40.207157135009766,40.95103454589844,37.8154411315918,38.050846099853516,777703,0.0,0.0
2016-06-03 00:00:00-04:00,37.98493576049805,39.30320358276367,35.41431427001953,35.63088607788086,939127,0.0,0.0
2016-06-06 00:00:00-04:00,35.64030075073242,35.922786712646484,35.0753288269043,35.41431427001953,274846,0.0,0.0
2016-06-07 00:00:00-04:00,35.480224609375,35.790958404541016,35.41431427001953,35.64971923828125,173637,0.0,0.0
2016-06-08 00:00:00-04:00,35.78154373168945,36.24293899536133,35.62146759033203,35.72504806518555,302458,0.0,0.0
2016-06-09 00:00:00-04:00,35.602638244628906,36.11111068725586,35.26365280151367,35.97928237915039,382851,0.0,0.0
2016-06-10 00:00:00-04:00,35.8286247253418,35.8851203918457,35.207157135009766,35.809791564941406,328583,0.0,0.0
2016-06-13 00:00:00-04:00,35.55555725097656,35.73917007446289,34.453861236572266,35.03766632080078,205285,0.0,0.0
2016-06-14 00:00:00-04:00,34.792842864990234,35.21657180786133,34.60451889038086,35.188323974609375,375098,0.0,0.0
2016-06-15 00:00:00-04:00,35.188323974609375,35.51789093017578,35.00470733642578,35.19773864746094,226631,0.0,0.0
2016-06-16 00:00:00-04:00,34.86817169189453,35.320152282714844,34.670433044433594,35.291900634765625,268049,0.0,0.0
2016-06-17 00:00:00-04:00,35.150657653808594,35.47080993652344,34.69868087768555,35.225990295410156,233321,0.0,0.0
2016-06-20 00:00:00-04:00,35.461395263671875,35.77683639526367,34.039546966552734,34.22787094116211,432765,0.0,0.0
2016-06-21 00:00:00-04:00,34.28437042236328,34.38794708251953,32.683616638183594,33.33333206176758,2964467,0.0,0.0
2016-06-22 00:00:00-04:00,33.54990768432617,33.70998001098633,32.04331588745117,32.3917121887207,1398229,0.0,0.0
2016-06-23 00:00:00-04:00,32.59886932373047,33.73823165893555,31.478342056274414,33.64877700805664,1370511,0.0,0.0
2016-06-24 00:00:00-04:00,32.45762634277344,32.824859619140625,31.704330444335938,31.892654418945312,1294897,0.0,0.0
2016-06-27 00:00:00-04:00,32.090396881103516,32.179847717285156,30.49905776977539,30.800376892089844,1116693,0.0,0.0
2016-06-28 00:00:00-04:00,31.581920623779297,31.84557342529297,30.03766441345215,30.19774055480957,1476499,0.0,0.0
2016-06-29 00:00:00-04:00,30.71563148498535,31.694915771484375,30.4143123626709,30.866289138793945,1429240,0.0,0.0
2016-06-30 00:00:00-04:00,31.026365280151367,31.807910919189453,30.21657371520996,30.593219757080078,2718083,0.0,0.0
2016-07-01 00:00:00-04:00,30.602636337280273,31.07344627380371,30.05649757385254,30.969867706298828,3131838,0.0,0.0
2016-07-05 00:00:00-04:00,30.847457885742188,30.89453887939453,30.131826400756836,30.188323974609375,5802556,0.0,0.0
2016-07-06 00:00:00-04:00,30.225988388061523,31.177024841308594,29.133710861206055,31.1676082611084,3910603,0.0,0.0
2016-07-07 00:00:00-04:00,30.998117446899414,32.88135528564453,30.885122299194336,32.62711715698242,3124829,0.0,0.0
2016-07-08 00:00:00-04:00,32.54237365722656,33.64406967163086,32.410545349121094,33.61581802368164,960260,0.0,0.0
2016-07-11 00:00:00-04:00,33.90772247314453,33.90772247314453,32.99435043334961,33.27683639526367,1347997,0.0,0.0
2016-07-12 00:00:00-04:00,33.64406967163086,33.8983039855957,32.89548110961914,32.97551727294922,1455577,0.0,0.0
2016-07-13 00:00:00-04:00,33.01318359375,33.01318359375,32.28813552856445,32.47645950317383,1792656,0.0,0.0
2016-07-14 00:00:00-04:00,32.947269439697266,33.1450080871582,32.48587417602539,32.702449798583984,1493278,0.0,0.0
2016-07-15 00:00:00-04:00,32.551788330078125,32.787193298339844,32.37288284301758,32.683616638183594,1419788,0.0,0.0
2016-07-18 00:00:00-04:00,32.40113067626953,32.9378547668457,32.14689254760742,32.76836013793945,3537628,0.0,0.0
2016-07-19 00:00:00-04:00,32.91902160644531,32.95668411254883,32.75894546508789,32.86252212524414,1302755,0.0,0.0
2016-07-20 00:00:00-04:00,32.62711715698242,33.92655563354492,32.48587417602539,33.79472732543945,2545189,0.0,0.0
2016-07-21 00:00:00-04:00,33.64406967163086,34.62335205078125,33.446327209472656,34.52919006347656,979695,0.0,0.0
2016-07-22 00:00:00-04:00,34.00188446044922,34.74576187133789,34.00188446044922,34.519775390625,397507,0.0,0.0
2016-07-25 00:00:00-04:00,34.35028076171875,34.58568572998047,33.88888931274414,33.8983039855957,685096,0.0,0.0
2016-07-26 00:00:00-04:00,33.88888931274414,34.38794708251953,33.48399353027344,34.180789947509766,515707,0.0,0.0
2016-07-27 00:00:00-04:00,34.331451416015625,34.331451416015625,33.33333206176758,33.40866470336914,783013,0.0,0.0
2016-07-28 00:00:00-04:00,33.50282669067383,33.50282669067383,32.909603118896484,33.163841247558594,721204,0.0,0.0
2016-07-29 00:00:00-04:00,33.182674407958984,33.182674407958984,32.77777862548828,32.95668411254883,607358,0.0,0.0
2016-08-01 00:00:00-04:00,32.8154411315918,33.578155517578125,32.66007614135742,33.182674407958984,792783,0.0,0.0
2016-08-02 00:00:00-04:00,33.17325973510742,33.323917388916016,32.806026458740234,32.909603118896484,649732,0.0,0.0
2016-08-03 00:00:00-04:00,32.76836013793945,33.596988677978516,32.76836013793945,33.436912536621094,674370,0.0,0.0
2016-08-04 00:00:00-04:00,33.493408203125,33.493408203125,33.050846099853516,33.31450271606445,245641,0.0,0.0
2016-08-05 00:00:00-04:00,33.24858856201172,33.559322357177734,30.969867706298828,31.205272674560547,2554216,0.0,0.0
2016-08-08 00:00:00-04:00,31.412429809570312,31.48775863647461,27.12805938720703,27.532957077026367,5305433,0.0,0.0
2016-08-09 00:00:00-04:00,28.399246215820312,28.502824783325195,27.711864471435547,27.984933853149414,2304434,0.0,0.0
2016-08-10 00:00:00-04:00,27.984933853149414,28.126176834106445,26.732580184936523,27.7401123046875,2753341,0.0,0.0
2016-08-11 00:00:00-04:00,27.77777862548828,28.09792709350586,27.485876083374023,28.041431427001953,1199635,0.0,0.0
2016-08-12 00:00:00-04:00,28.13559341430664,28.446327209472656,27.7401123046875,27.787193298339844,1276630,0.0,0.0
2016-08-15 00:00:00-04:00,27.79660987854004,29.077213287353516,27.655366897583008,27.97551727294922,1408743,0.0,0.0
2016-08-16 00:00:00-04:00,28.032014846801758,28.295669555664062,27.61770248413086,28.17325782775879,907691,0.0,0.0
2016-08-17 00:00:00-04:00,28.17325782775879,28.333332061767578,27.523540496826172,27.749528884887695,1384317,0.0,0.0
2016-08-18 00:00:00-04:00,27.853107452392578,27.93785285949707,26.798492431640625,26.798492431640625,1475330,0.0,0.0
2016-08-19 00:00:00-04:00,26.704330444335938,27.00564956665039,26.19585609436035,26.36534881591797,1773115,0.0,0.0
2016-08-22 00:00:00-04:00,26.30885124206543,26.807910919189453,25.594161987304688,26.76082992553711,2290946,0.0,0.0
2016-08-23 00:00:00-04:00,26.74199676513672,27.06214714050293,25.969867706298828,26.035781860351562,827086,0.0,0.0
2016-08-24 00:00:00-04:00,25.922786712646484,26.082862854003906,25.428436279296875,25.640300750732422,1097365,0.0,0.0
2016-08-25 00:00:00-04:00,25.659133911132812,26.224105834960938,25.593219757080078,26.205272674560547,867973,0.0,0.0
2016-08-26 00:00:00-04:00,26.214689254760742,26.32768440246582,25.776836395263672,25.91337013244629,688070,0.0,0.0
2016-08-29 00:00:00-04:00,25.89453887939453,26.43126106262207,25.659133911132812,26.32768440246582,753064,0.0,0.0
2016-08-30 00:00:00-04:00,26.318267822265625,26.638418197631836,26.261770248413086,26.45009422302246,654935,0.0,0.0
2016-08-31 00:00:00-04:00,26.440677642822266,27.029190063476562,26.27118682861328,26.892654418945312,1038955,0.0,0.0
2016-09-01 00:00:00-04:00,26.817325592041016,27.137475967407227,26.459510803222656,26.62900161743164,752321,0.0,0.0
2016-09-02 00:00:00-04:00,26.64783477783203,27.316383361816406,26.56308937072754,27.29755210876465,686052,0.0,0.0
2016-09-06 00:00:00-04:00,27.410545349121094,27.730697631835938,27.146892547607422,27.551788330078125,828148,0.0,0.0
2016-09-07 00:00:00-04:00,27.41996192932129,28.145008087158203,27.278718948364258,28.107345581054688,933817,0.0,0.0
2016-09-08 00:00:00-04:00,28.25800323486328,28.267419815063477,27.608285903930664,28.069679260253906,1215034,0.0,0.0
2016-09-09 00:00:00-04:00,27.99435043334961,27.99435043334961,27.448211669921875,27.664783477783203,935197,0.0,0.0
2016-09-12 00:00:00-04:00,27.683616638183594,28.050846099853516,27.41996192932129,27.947269439697266,842485,0.0,0.0
2016-09-13 00:00:00-04:00,27.693031311035156,27.99905776977539,27.2532958984375,27.50470733642578,817103,0.0,0.0
2016-09-14 00:00:00-04:00,27.50470733642578,28.032014846801758,27.43879508972168,27.6742000579834,987660,0.0,0.0
2016-09-15 00:00:00-04:00,27.749528884887695,28.126176834106445,27.514123916625977,28.069679260253906,573586,0.0,0.0
2016-09-16 00:00:00-04:00,27.787193298339844,28.192089080810547,27.20339012145996,27.467042922973633,2584165,0.0,0.0
2016-09-19 00:00:00-04:00,27.58003807067871,28.126176834106445,27.50470733642578,27.862524032592773,556169,0.0,0.0
2016-09-20 00:00:00-04:00,27.928436279296875,28.126176834106445,27.768362045288086,27.79660987854004,259447,0.0,0.0
2016-09-21 00:00:00-04:00,27.7401123046875,28.145008087158203,27.165725708007812,27.3257999420166,755613,0.0,0.0
2016-09-22 00:00:00-04:00,27.36346435546875,27.655366897583008,27.170433044433594,27.20339012145996,538222,0.0,0.0
2016-09-23 00:00:00-04:00,26.88323974609375,27.22222137451172,26.69020652770996,26.996234893798828,668104,0.0,0.0
2016-09-26 00:00:00-04:00,26.798492431640625,26.939735412597656,26.421846389770508,26.74199676513672,732461,0.0,0.0
2016-09-27 00:00:00-04:00,26.836158752441406,26.869115829467773,26.520715713500977,26.62900161743164,516132,0.0,0.0
2016-09-28 00:00:00-04:00,26.74199676513672,26.798492431640625,26.478342056274414,26.779661178588867,517406,0.0,0.0
2016-09-29 00:00:00-04:00,26.666667938232422,26.88323974609375,26.506591796875,26.591337203979492,396976,0.0,0.0
2016-09-30 00:00:00-04:00,26.676082611083984,26.831449508666992,26.36534881591797,26.412429809570312,1293941,0.0,0.0
2016-10-03 00:00:00-04:00,26.384180068969727,26.836158752441406,26.36534881591797,26.704330444335938,766976,0.0,0.0
2016-10-04 00:00:00-04:00,26.74199676513672,27.090394973754883,26.68549919128418,26.911487579345703,515601,0.0,0.0
2016-10-05 00:00:00-04:00,27.02448272705078,27.29755210876465,26.946327209472656,27.06214714050293,709097,0.0,0.0
2016-10-06 00:00:00-04:00,26.958568572998047,27.080978393554688,26.62900161743164,26.64783477783203,280368,0.0,0.0
2016-10-07 00:00:00-04:00,26.61016845703125,26.789077758789062,26.525423049926758,26.62900161743164,985217,0.0,0.0
2016-10-10 00:00:00-04:00,26.798492431640625,26.817325592041016,26.638418197631836,26.732580184936523,256154,0.0,0.0
2016-10-11 00:00:00-04:00,26.723163604736328,26.75141143798828,26.46892738342285,26.525423049926758,300334,0.0,0.0
2016-10-12 00:00:00-04:00,26.525423049926758,26.694915771484375,26.374765396118164,26.581920623779297,228224,0.0,0.0
2016-10-13 00:00:00-04:00,26.46892738342285,26.74199676513672,26.29001808166504,26.440677642822266,1249231,0.0,0.0
2016-10-14 00:00:00-04:00,26.572505950927734,26.74199676513672,26.148775100708008,26.25235366821289,407171,0.0,0.0
2016-10-17 00:00:00-04:00,26.12994384765625,26.43126106262207,26.11111068725586,26.148775100708008,414392,0.0,0.0
2016-10-18 00:00:00-04:00,26.346515655517578,26.506591796875,26.214689254760742,26.25235366821289,417047,0.0,0.0
2016-10-19 00:00:00-04:00,26.384180068969727,26.440677642822266,25.98870086669922,26.355932235717773,561055,0.0,0.0
2016-10-20 00:00:00-04:00,26.233522415161133,26.374765396118164,25.941619873046875,26.082862854003906,326990,0.0,0.0
2016-10-21 00:00:00-04:00,26.0922794342041,26.24764633178711,25.87570571899414,26.045198440551758,305219,0.0,0.0
2016-10-24 00:00:00-04:00,26.139360427856445,26.3323917388916,25.856874465942383,25.941619873046875,469616,0.0,0.0
2016-10-25 00:00:00-04:00,26.016948699951172,26.11111068725586,25.649717330932617,25.687381744384766,590791,0.0,0.0
2016-10-26 00:00:00-04:00,25.706214904785156,25.772127151489258,25.047080993652344,25.3389835357666,1296171,0.0,0.0
2016-10-27 00:00:00-04:00,25.489641189575195,25.725046157836914,24.990583419799805,25.30131721496582,644528,0.0,0.0
2016-10-28 00:00:00-04:00,25.21657371520996,25.781543731689453,25.169492721557617,25.4143123626709,458041,0.0,0.0
2016-10-31 00:00:00-04:00,25.461393356323242,26.12994384765625,25.367231369018555,26.026365280151367,697203,0.0,0.0
2016-11-01 00:00:00-04:00,26.158191680908203,26.17984962463379,25.480226516723633,25.772127151489258,586543,0.0,0.0
2016-11-02 00:00:00-04:00,25.659133911132812,26.148775100708008,25.244821548461914,25.404895782470703,1151208,0.0,0.0
2016-11-03 00:00:00-04:00,25.53672218322754,25.70903968811035,24.896421432495117,24.94350242614746,963234,0.0,0.0
2016-11-04 00:00:00-04:00,24.896421432495117,24.896421432495117,18.201507568359375,18.23917007446289,10767937,0.0,0.0
2016-11-07 00:00:00-05:00,18.606403350830078,19.152542114257812,18.545198440551758,18.757062911987305,2898623,0.0,0.0
2016-11-08 00:00:00-05:00,18.766477584838867,19.237287521362305,18.653484344482422,19.001882553100586,2056032,0.0,0.0
2016-11-09 00:00:00-05:00,19.10546112060547,19.237287521362305,18.70998191833496,19.06779670715332,1297233,0.0,0.0
2016-11-10 00:00:00-05:00,19.06779670715332,19.30320167541504,18.502824783325195,18.74764633178711,1736264,0.0,0.0
2016-11-11 00:00:00-05:00,18.794727325439453,18.822975158691406,18.30979347229004,18.625234603881836,1032158,0.0,0.0
2016-11-14 00:00:00-05:00,18.653484344482422,19.016008377075195,18.578153610229492,18.719396591186523,1197511,0.0,0.0
2016-11-15 00:00:00-05:00,18.879472732543945,18.879472732543945,18.446327209472656,18.483991622924805,827829,0.0,0.0
2016-11-16 00:00:00-05:00,18.465160369873047,18.625234603881836,18.267419815063477,18.427494049072266,1092161,0.0,0.0
2016-11-17 00:00:00-05:00,18.380413055419922,18.644067764282227,18.31450080871582,18.559322357177734,1239885,0.0,0.0
2016-11-18 00:00:00-05:00,18.606403350830078,19.439735412597656,18.53107261657715,19.274953842163086,1411610,0.0,0.0
2016-11-21 00:00:00-05:00,19.416196823120117,20.273069381713867,19.312618255615234,20.131826400756836,1375396,0.0,0.0
2016-11-22 00:00:00-05:00,20.14124298095703,20.273069381713867,19.887006759643555,20.0,777490,0.0,0.0
2016-11-23 00:00:00-05:00,19.9340877532959,20.3389835357666,19.689266204833984,20.254236221313477,377010,0.0,0.0
2016-11-25 00:00:00-05:00,20.23540496826172,20.69679832458496,19.915254592895508,20.659133911132812,316901,0.0,0.0
2016-11-28 00:00:00-05:00,20.69679832458496,20.8192081451416,20.423728942871094,20.659133911132812,717593,0.0,0.0
2016-11-29 00:00:00-05:00,20.593219757080078,21.035781860351562,20.207155227661133,20.263652801513672,855122,0.0,0.0
2016-11-30 00:00:00-05:00,20.23540496826172,20.89453887939453,19.736347198486328,19.9340877532959,902488,0.0,0.0
2016-12-01 00:00:00-05:00,19.94350242614746,20.254236221313477,19.322975158691406,19.416196823120117,981394,0.0,0.0
2016-12-02 00:00:00-05:00,19.44444465637207,19.613935470581055,18.954801559448242,19.1807918548584,982775,0.0,0.0
2016-12-05 00:00:00-05:00,19.1807918548584,19.538606643676758,19.114877700805664,19.350282669067383,869035,0.0,0.0
2016-12-06 00:00:00-05:00,19.32203483581543,19.6610164642334,19.014123916625977,19.152542114257812,763472,0.0,0.0
2016-12-07 00:00:00-05:00,19.058380126953125,19.406780242919922,18.973634719848633,19.2467041015625,977146,0.0,0.0
2016-12-08 00:00:00-05:00,19.30320167541504,19.543315887451172,19.025423049926758,19.1807918548584,853954,0.0,0.0
2016-12-09 00:00:00-05:00,19.096044540405273,19.510358810424805,18.8323917388916,19.01129913330078,984686,0.0,0.0
2016-12-12 00:00:00-05:00,19.020715713500977,19.12429428100586,18.474576950073242,18.521657943725586,1004971,0.0,0.0
2016-12-13 00:00:00-05:00,18.587570190429688,19.877588272094727,18.502824783325195,19.613935470581055,6629429,0.0,0.0
2016-12-14 00:00:00-05:00,19.50094223022461,20.470809936523438,19.50094223022461,20.225988388061523,1833224,0.0,0.0
2016-12-15 00:00:00-05:00,20.244821548461914,20.489641189575195,19.85875701904297,20.112993240356445,892611,0.0,0.0
2016-12-16 00:00:00-05:00,20.188323974609375,20.282485961914062,19.82109260559082,20.0,3007584,0.0,0.0
2016-12-19 00:00:00-05:00,20.009416580200195,20.164783477783203,19.798492431640625,20.145950317382812,1027485,0.0,0.0
2016-12-20 00:00:00-05:00,20.131826400756836,20.395479202270508,19.83992576599121,19.971750259399414,596525,0.0,0.0
2016-12-21 00:00:00-05:00,20.009416580200195,20.282485961914062,19.830507278442383,20.263652801513672,769631,0.0,0.0
2016-12-22 00:00:00-05:00,20.21657371520996,20.527307510375977,20.122411727905273,20.329566955566406,842485,0.0,0.0
2016-12-23 00:00:00-05:00,20.263652801513672,20.80979347229004,20.263652801513672,20.470809936523438,689875,0.0,0.0
2016-12-27 00:00:00-05:00,20.461393356323242,20.998117446899414,20.423728942871094,20.461393356323242,618403,0.0,0.0
2016-12-28 00:00:00-05:00,20.55555534362793,20.564971923828125,20.169492721557617,20.4143123626709,606190,0.0,0.0
2016-12-29 00:00:00-05:00,20.35781478881836,20.668550491333008,20.103578567504883,20.131826400756836,397507,0.0,0.0
2016-12-30 00:00:00-05:00,20.103578567504883,20.103578567504883,19.55743980407715,19.9340877532959,606933,0.0,0.0
2017-01-03 00:00:00-05:00,20.07533073425293,21.45009422302246,20.07533073425293,21.139360427856445,1078886,0.0,0.0
2017-01-04 00:00:00-05:00,21.1676082611084,21.45009422302246,20.98870086669922,21.384180068969727,764640,0.0,0.0
2017-01-05 00:00:00-05:00,21.299434661865234,21.62900161743164,21.299434661865234,21.403013229370117,450500,0.0,0.0
2017-01-06 00:00:00-05:00,21.48775863647461,21.807910919189453,20.969867706298828,21.18644142150879,1038955,0.0,0.0
2017-01-09 00:00:00-05:00,21.101694107055664,21.205272674560547,20.781543731689453,20.80979347229004,722160,0.0,0.0
2017-01-10 00:00:00-05:00,20.772127151489258,20.856874465942383,20.4143123626709,20.451976776123047,416623,0.0,0.0
2017-01-11 00:00:00-05:00,20.404895782470703,20.480226516723633,19.887006759643555,20.084745407104492,631040,0.0,0.0
2017-01-12 00:00:00-05:00,20.094161987304688,20.30131721496582,19.854049682617188,20.291902542114258,417472,0.0,0.0
2017-01-13 00:00:00-05:00,20.348398208618164,20.706214904785156,20.23540496826172,20.57438850402832,427880,0.0,0.0
2017-01-17 00:00:00-05:00,20.61205291748047,20.960451126098633,20.61205291748047,20.885122299194336,538859,0.0,0.0
2017-01-18 00:00:00-05:00,20.98870086669922,21.007532119750977,20.38135528564453,20.621469497680664,624881,0.0,0.0
2017-01-19 00:00:00-05:00,20.55555534362793,20.602636337280273,20.30131721496582,20.593219757080078,376160,0.0,0.0
2017-01-20 00:00:00-05:00,20.71563148498535,20.93220329284668,20.37664794921875,20.564971923828125,362036,0.0,0.0
2017-01-23 00:00:00-05:00,20.53672218322754,20.621469497680664,20.3389835357666,20.61205291748047,373187,0.0,0.0
2017-01-24 00:00:00-05:00,20.67796516418457,20.941619873046875,20.51789093017578,20.687381744384766,567533,0.0,0.0
2017-01-25 00:00:00-05:00,20.73446273803711,21.082862854003906,20.71563148498535,21.05461311340332,706867,0.0,0.0
2017-01-26 00:00:00-05:00,21.007532119750977,21.525423049926758,21.007532119750977,21.421846389770508,886133,0.0,0.0
2017-01-27 00:00:00-05:00,21.516008377075195,21.873823165893555,21.233522415161133,21.506591796875,882310,0.0,0.0
2017-01-30 00:00:00-05:00,21.403013229370117,21.638418197631836,20.847457885742188,21.0922794342041,1401415,0.0,0.0
2017-01-31 00:00:00-05:00,20.960451126098633,21.064029693603516,20.687381744384766,21.016948699951172,882522,0.0,0.0
2017-02-01 00:00:00-05:00,21.0922794342041,21.374765396118164,20.649717330932617,20.856874465942383,569020,0.0,0.0
2017-02-02 00:00:00-05:00,20.856874465942383,20.922786712646484,20.55555534362793,20.772127151489258,860008,0.0,0.0
2017-02-03 00:00:00-05:00,20.903955459594727,21.459510803222656,20.903955459594727,21.43126106262207,428305,0.0,0.0
2017-02-06 00:00:00-05:00,21.346515655517578,21.478342056274414,21.261770248413086,21.36534881591797,244685,0.0,0.0
2017-02-07 00:00:00-05:00,21.32768440246582,21.43126106262207,20.781543731689453,21.11111068725586,392728,0.0,0.0
2017-02-08 00:00:00-05:00,21.035781860351562,21.0922794342041,20.583803176879883,20.602636337280273,292475,0.0,0.0
2017-02-09 00:00:00-05:00,20.668550491333008,20.772127151489258,20.21657371520996,20.71563148498535,364478,0.0,0.0
2017-02-10 00:00:00-05:00,20.80979347229004,21.25235366821289,20.630884170532227,21.148775100708008,326884,0.0,0.0
2017-02-13 00:00:00-05:00,21.261770248413086,21.374765396118164,20.593219757080078,20.668550491333008,418109,0.0,0.0
2017-02-14 00:00:00-05:00,20.71563148498535,20.89453887939453,20.43314552307129,20.57438850402832,659077,0.0,0.0
2017-02-15 00:00:00-05:00,20.480226516723633,20.630884170532227,20.348398208618164,20.55555534362793,1177121,0.0,0.0
2017-02-16 00:00:00-05:00,20.828624725341797,24.058380126953125,20.80979347229004,24.01129913330078,3263845,0.0,0.0
2017-02-17 00:00:00-05:00,24.058380126953125,25.103578567504883,23.493408203125,24.990583419799805,1315181,0.0,0.0
2017-02-21 00:00:00-05:00,24.96233558654785,26.19585609436035,24.952919006347656,25.61205291748047,1534271,0.0,0.0
2017-02-22 00:00:00-05:00,25.649717330932617,25.725046157836914,24.80225944519043,24.830507278442383,537372,0.0,0.0
2017-02-23 00:00:00-05:00,24.971750259399414,25.0,24.199623107910156,24.548023223876953,689450,0.0,0.0
2017-02-24 00:00:00-05:00,24.613935470581055,24.64218521118164,23.662900924682617,23.794727325439453,633695,0.0,0.0
2017-02-27 00:00:00-05:00,23.69114875793457,23.898305892944336,23.521657943725586,23.719396591186523,554045,0.0,0.0
2017-02-28 00:00:00-05:00,23.625234603881836,23.625234603881836,23.060264587402344,23.15442657470703,716107,0.0,0.0
2017-03-01 00:00:00-05:00,23.361581802368164,23.361581802368164,22.514123916625977,23.0790958404541,800429,0.0,0.0
2017-03-02 00:00:00-05:00,22.99435043334961,22.99435043334961,22.12805938720703,22.212806701660156,717275,0.0,0.0
2017-03-03 00:00:00-05:00,22.175140380859375,22.3257999420166,21.958568572998047,22.146892547607422,581020,0.0,0.0
2017-03-06 00:00:00-05:00,22.269302368164062,22.87194061279297,21.911487579345703,22.81544303894043,1109047,0.0,0.0
2017-03-07 00:00:00-05:00,22.457626342773438,23.060264587402344,22.20339012145996,22.41996192932129,639218,0.0,0.0
2017-03-08 00:00:00-05:00,22.514123916625977,22.514123916625977,21.638418197631836,21.713748931884766,1427859,0.0,0.0
2017-03-09 00:00:00-05:00,21.798492431640625,21.939735412597656,21.454801559448242,21.68549919128418,1024830,0.0,0.0
2017-03-10 00:00:00-05:00,21.798492431640625,21.958568572998047,21.516008377075195,21.56308937072754,1271320,0.0,0.0
2017-03-13 00:00:00-04:00,21.48775863647461,21.76082992553711,21.30885124206543,21.459510803222656,575073,0.0,0.0
2017-03-14 00:00:00-04:00,21.318267822265625,21.46892738342285,20.8192081451416,21.261770248413086,1146960,0.0,0.0
2017-03-15 00:00:00-04:00,21.337099075317383,21.850282669067383,21.158191680908203,21.798492431640625,1445594,0.0,0.0
2017-03-16 00:00:00-04:00,21.76082992553711,22.175140380859375,21.76082992553711,21.958568572998047,756144,0.0,0.0
2017-03-17 00:00:00-04:00,22.080978393554688,22.12805938720703,21.61016845703125,21.892654418945312,739577,0.0,0.0
2017-03-20 00:00:00-04:00,21.82674217224121,21.9209041595459,21.553672790527344,21.74199676513672,504875,0.0,0.0
2017-03-21 00:00:00-04:00,21.75141143798828,21.770244598388672,21.355932235717773,21.412429809570312,758374,0.0,0.0
2017-03-22 00:00:00-04:00,21.421846389770508,21.435970306396484,20.95103645324707,21.177024841308594,1156943,0.0,0.0
2017-03-23 00:00:00-04:00,21.18644142150879,21.233522415161133,20.847457885742188,21.064029693603516,895478,0.0,0.0
2017-03-24 00:00:00-04:00,21.139360427856445,21.261770248413086,20.828624725341797,20.95103645324707,813067,0.0,0.0
2017-03-27 00:00:00-04:00,20.800376892089844,21.242937088012695,20.687381744384766,21.19585609436035,722797,0.0,0.0
2017-03-28 00:00:00-04:00,21.1676082611084,21.704330444335938,20.903955459594727,21.478342056274414,691681,0.0,0.0
2017-03-29 00:00:00-04:00,21.421846389770508,22.306968688964844,21.27118682861328,22.250471115112305,998386,0.0,0.0
2017-03-30 00:00:00-04:00,22.306968688964844,22.344633102416992,21.836158752441406,22.033897399902344,709416,0.0,0.0
2017-03-31 00:00:00-04:00,21.949153900146484,21.958568572998047,21.346515655517578,21.694915771484375,681804,0.0,0.0
2017-04-03 00:00:00-04:00,21.704330444335938,21.798492431640625,21.224105834960938,21.657249450683594,918205,0.0,0.0
2017-04-04 00:00:00-04:00,21.591337203979492,22.071563720703125,21.581920623779297,21.930320739746094,537160,0.0,0.0
2017-04-05 00:00:00-04:00,21.930320739746094,22.372880935668945,21.798492431640625,22.18455696105957,885071,0.0,0.0
2017-04-06 00:00:00-04:00,22.18455696105957,22.63653564453125,22.156309127807617,22.396421432495117,497547,0.0,0.0
2017-04-07 00:00:00-04:00,22.467042922973633,22.532957077026367,21.967985153198242,22.02448272705078,403772,0.0,0.0
2017-04-10 00:00:00-04:00,22.109228134155273,22.410545349121094,22.080978393554688,22.250471115112305,301077,0.0,0.0
2017-04-11 00:00:00-04:00,22.193973541259766,22.46233558654785,21.911487579345703,22.099811553955078,598225,0.0,0.0
2017-04-12 00:00:00-04:00,22.02448272705078,22.36346435546875,21.76082992553711,22.165725708007812,1375927,0.0,0.0
2017-04-13 00:00:00-04:00,22.212806701660156,22.212806701660156,21.74199676513672,21.892654418945312,538646,0.0,0.0
2017-04-17 00:00:00-04:00,21.930320739746094,22.099811553955078,21.64783477783203,21.84557342529297,803615,0.0,0.0
2017-04-18 00:00:00-04:00,21.713748931884766,21.798492431640625,21.148775100708008,21.224105834960938,544700,0.0,0.0
2017-04-19 00:00:00-04:00,21.384180068969727,21.591337203979492,21.144067764282227,21.205272674560547,521123,0.0,0.0
2017-04-20 00:00:00-04:00,21.27118682861328,21.497175216674805,21.13465118408203,21.29001808166504,548098,0.0,0.0
2017-04-21 00:00:00-04:00,21.27118682861328,21.348398208618164,21.021657943725586,21.082862854003906,626155,0.0,0.0
2017-04-24 00:00:00-04:00,21.233522415161133,21.403013229370117,21.007532119750977,21.11111068725586,747754,0.0,0.0
2017-04-25 00:00:00-04:00,21.18644142150879,21.299434661865234,21.045198440551758,21.064029693603516,621058,0.0,0.0
2017-04-26 00:00:00-04:00,21.007532119750977,21.19585609436035,20.95103645324707,21.101694107055664,891337,0.0,0.0
2017-04-27 00:00:00-04:00,21.0922794342041,21.0922794342041,20.659133911132812,20.8192081451416,740002,0.0,0.0
2017-04-28 00:00:00-04:00,20.847457885742188,20.847457885742188,20.527307510375977,20.564971923828125,1036512,0.0,0.0
2017-05-01 00:00:00-04:00,20.640300750732422,20.903955459594727,20.423728942871094,20.564971923828125,922241,0.0,0.0
2017-05-02 00:00:00-04:00,20.564971923828125,20.772127151489258,20.230697631835938,20.44256019592285,1291073,0.0,0.0
2017-05-03 00:00:00-04:00,20.451976776123047,20.51789093017578,20.17890739440918,20.291902542114258,915975,0.0,0.0
2017-05-04 00:00:00-04:00,20.225988388061523,20.395479202270508,19.199623107910156,19.30320167541504,2293708,0.0,0.0
2017-05-05 00:00:00-04:00,19.44444465637207,19.94350242614746,19.359699249267578,19.905838012695312,1135597,0.0,0.0
2017-05-08 00:00:00-04:00,19.96233558654785,21.337099075317383,18.80414390563965,21.0922794342041,1979462,0.0,0.0
2017-05-09 00:00:00-04:00,21.07344627380371,21.11111068725586,20.16007423400879,20.263652801513672,1063168,0.0,0.0
2017-05-10 00:00:00-04:00,20.17890739440918,20.19774055480957,19.792844772338867,19.83992576599121,963340,0.0,0.0
2017-05-11 00:00:00-04:00,19.745763778686523,19.92466926574707,19.218456268310547,19.38794708251953,1370086,0.0,0.0
2017-05-12 00:00:00-04:00,19.46327781677246,19.510358810424805,18.51224136352539,19.30320167541504,2241563,0.0,0.0
2017-05-15 00:00:00-04:00,19.378530502319336,20.023540496826172,19.26553726196289,19.868173599243164,760604,0.0,0.0
2017-05-16 00:00:00-04:00,19.915254592895508,20.2401123046875,19.8323917388916,19.915254592895508,975235,0.0,0.0
2017-05-17 00:00:00-04:00,19.755178451538086,19.990583419799805,18.983051300048828,19.143125534057617,1390795,0.0,0.0
2017-05-18 00:00:00-04:00,19.12429428100586,19.227872848510742,18.70998191833496,18.860639572143555,869353,0.0,0.0
2017-05-19 00:00:00-04:00,18.70998191833496,19.46327781677246,18.662900924682617,18.766477584838867,1404920,0.0,0.0
2017-05-22 00:00:00-04:00,18.81355857849121,19.726930618286133,18.757062911987305,19.6610164642334,1005926,0.0,0.0
2017-05-23 00:00:00-04:00,19.670433044433594,20.0659122467041,19.491525650024414,19.736347198486328,1418938,0.0,0.0
2017-05-24 00:00:00-04:00,19.76459503173828,19.877588272094727,19.38794708251953,19.519773483276367,737240,0.0,0.0
2017-05-25 00:00:00-04:00,19.548023223876953,19.877588272094727,19.38794708251953,19.55743980407715,679680,0.0,0.0
2017-05-26 00:00:00-04:00,19.5856876373291,19.915254592895508,19.20903968811035,19.359699249267578,855229,0.0,0.0
2017-05-30 00:00:00-04:00,19.350282669067383,19.519773483276367,19.237287521362305,19.30320167541504,1381237,0.0,0.0
2017-05-31 00:00:00-04:00,19.350282669067383,19.80225944519043,19.161958694458008,19.736347198486328,7215971,0.0,0.0
2017-06-01 00:00:00-04:00,19.78342628479004,20.43314552307129,19.726930618286133,20.23540496826172,1555193,0.0,0.0
2017-06-02 00:00:00-04:00,20.263652801513672,20.3389835357666,20.131826400756836,20.21657371520996,765171,0.0,0.0
2017-06-05 00:00:00-04:00,20.103578567504883,20.649717330932617,20.018831253051758,20.423728942871094,1154606,0.0,0.0
2017-06-06 00:00:00-04:00,20.386064529418945,20.386064529418945,20.103578567504883,20.122411727905273,790765,0.0,0.0
2017-06-07 00:00:00-04:00,20.0659122467041,20.150659561157227,19.38794708251953,19.6610164642334,564559,0.0,0.0
2017-06-08 00:00:00-04:00,19.64218521118164,19.745763778686523,19.096044540405273,19.397363662719727,1453347,0.0,0.0
2017-06-09 00:00:00-04:00,19.369115829467773,19.5856876373291,18.898305892944336,18.92655372619629,1112764,0.0,0.0
2017-06-12 00:00:00-04:00,18.851224899291992,19.378530502319336,18.51224136352539,18.757062911987305,1392070,0.0,0.0
2017-06-13 00:00:00-04:00,18.80414390563965,19.143125534057617,18.606403350830078,18.81355857849121,1153226,0.0,0.0
2017-06-14 00:00:00-04:00,18.898305892944336,18.983051300048828,18.587570190429688,18.785310745239258,1065929,0.0,0.0
2017-06-15 00:00:00-04:00,18.653484344482422,18.757062911987305,18.465160369873047,18.700565338134766,471634,0.0,0.0
2017-06-16 00:00:00-04:00,18.644067764282227,19.077213287353516,18.587570190429688,18.973634719848633,936153,0.0,0.0
2017-06-19 00:00:00-04:00,19.06779670715332,19.227872848510742,18.898305892944336,19.143125534057617,289076,0.0,0.0
2017-06-20 00:00:00-04:00,19.030132293701172,19.274953842163086,18.43691062927246,18.653484344482422,487777,0.0,0.0
2017-06-21 00:00:00-04:00,18.70998191833496,19.14783477783203,18.70998191833496,19.06779670715332,631571,0.0,0.0
2017-06-22 00:00:00-04:00,19.114877700805664,19.312618255615234,19.01129913330078,19.10546112060547,696353,0.0,0.0
2017-06-23 00:00:00-04:00,19.152542114257812,19.46327781677246,18.69114875793457,19.350282669067383,620739,0.0,0.0
2017-06-26 00:00:00-04:00,19.50094223022461,19.69868278503418,19.218456268310547,19.538606643676758,893779,0.0,0.0
2017-06-27 00:00:00-04:00,19.46327781677246,19.849340438842773,19.350282669067383,19.670433044433594,455704,0.0,0.0
2017-06-28 00:00:00-04:00,19.689266204833984,19.98775863647461,19.331449508666992,19.82109260559082,770906,0.0,0.0
2017-06-29 00:00:00-04:00,19.887006759643555,20.122411727905273,19.548023223876953,19.78342628479004,536204,0.0,0.0
2017-06-30 00:00:00-04:00,19.85875701904297,20.23540496826172,19.689266204833984,20.16007423400879,918524,0.0,0.0
2017-07-03 00:00:00-04:00,20.244821548461914,20.483051300048828,20.122411727905273,20.35781478881836,425756,0.0,0.0
2017-07-05 00:00:00-04:00,20.367231369018555,20.527307510375977,20.028249740600586,20.348398208618164,603004,0.0,0.0
2017-07-06 00:00:00-04:00,20.23540496826172,20.489641189575195,20.17890739440918,20.329566955566406,632102,0.0,0.0
2017-07-07 00:00:00-04:00,20.329566955566406,20.57438850402832,20.225988388061523,20.489641189575195,848007,0.0,0.0
2017-07-10 00:00:00-04:00,21.280603408813477,23.88888931274414,21.280603408813477,22.787193298339844,3416029,0.0,0.0
2017-07-11 00:00:00-04:00,22.787193298339844,23.39453887939453,22.44350242614746,23.380413055419922,939127,0.0,0.0
2017-07-12 00:00:00-04:00,23.596986770629883,23.719396591186523,22.909605026245117,23.210922241210938,1490729,0.0,0.0
2017-07-13 00:00:00-04:00,23.8323917388916,24.6610164642334,23.8323917388916,24.199623107910156,1850004,0.0,0.0
2017-07-14 00:00:00-04:00,24.510358810424805,24.543315887451172,23.973634719848633,24.510358810424805,571356,0.0,0.0
2017-07-17 00:00:00-04:00,24.604520797729492,24.9340877532959,24.538606643676758,24.604520797729492,770056,0.0,0.0
2017-07-18 00:00:00-04:00,24.604520797729492,24.604520797729492,24.20903968811035,24.369115829467773,1235956,0.0,0.0
2017-07-19 00:00:00-04:00,24.46327781677246,24.519773483276367,23.94538688659668,23.973634719848633,636563,0.0,0.0
2017-07-20 00:00:00-04:00,24.10546112060547,24.453861236572266,23.88888931274414,23.92655372619629,620951,0.0,0.0
2017-07-21 00:00:00-04:00,24.020715713500977,24.20903968811035,23.51318359375,24.01129913330078,738302,0.0,0.0
2017-07-24 00:00:00-04:00,24.01129913330078,24.30320167541504,23.606403350830078,23.67231559753418,904612,0.0,0.0
2017-07-25 00:00:00-04:00,23.662900924682617,23.9077205657959,23.559322357177734,23.662900924682617,542894,0.0,0.0
2017-07-26 00:00:00-04:00,23.72881317138672,24.058380126953125,23.399246215820312,23.973634719848633,427349,0.0,0.0
2017-07-27 00:00:00-04:00,24.218456268310547,24.266477584838867,23.625234603881836,23.983051300048828,422888,0.0,0.0
2017-07-28 00:00:00-04:00,23.87005615234375,24.096044540405273,23.794727325439453,24.001882553100586,460589,0.0,0.0
2017-07-31 00:00:00-04:00,23.992467880249023,24.28436851501465,23.72881317138672,24.030132293701172,663113,0.0,0.0
2017-08-01 00:00:00-04:00,24.058380126953125,24.26553726196289,23.9077205657959,24.10546112060547,567108,0.0,0.0
2017-08-02 00:00:00-04:00,24.171375274658203,24.378530502319336,23.757062911987305,24.199623107910156,612668,0.0,0.0
2017-08-03 00:00:00-04:00,24.152542114257812,24.369115829467773,24.030132293701172,24.26553726196289,740745,0.0,0.0
2017-08-04 00:00:00-04:00,24.359699249267578,24.42561149597168,24.04896354675293,24.28436851501465,611818,0.0,0.0
2017-08-07 00:00:00-04:00,24.406780242919922,24.69868278503418,24.1807918548584,24.2467041015625,1178183,0.0,0.0
2017-08-08 00:00:00-04:00,24.218456268310547,25.922786712646484,24.08662986755371,24.887006759643555,2195473,0.0,0.0
2017-08-09 00:00:00-04:00,24.774011611938477,25.14124298095703,24.351224899291992,24.981168746948242,733099,0.0,0.0
2017-08-10 00:00:00-04:00,24.64218521118164,25.21657371520996,24.491525650024414,25.05649757385254,739471,0.0,0.0
2017-08-11 00:00:00-04:00,25.05649757385254,25.4143123626709,24.971750259399414,25.254236221313477,722266,0.0,0.0
2017-08-14 00:00:00-04:00,25.35781478881836,25.53672218322754,24.792844772338867,24.82109260559082,702513,0.0,0.0
2017-08-15 00:00:00-04:00,24.811676025390625,25.028249740600586,24.26553726196289,24.312618255615234,678830,0.0,0.0
2017-08-16 00:00:00-04:00,24.312618255615234,24.67984962463379,24.001882553100586,24.510358810424805,481511,0.0,0.0
2017-08-17 00:00:00-04:00,24.406780242919922,24.670433044433594,24.26553726196289,24.28436851501465,534186,0.0,0.0
2017-08-18 00:00:00-04:00,24.218456268310547,24.538606643676758,24.020715713500977,24.491525650024414,464625,0.0,0.0
2017-08-21 00:00:00-04:00,24.46327781677246,24.632768630981445,24.06779670715332,24.256120681762695,434570,0.0,0.0
2017-08-22 00:00:00-04:00,24.378530502319336,24.48210906982422,24.06779670715332,24.171375274658203,429685,0.0,0.0
2017-08-23 00:00:00-04:00,24.06779670715332,24.312618255615234,23.96892738342285,24.01129913330078,463988,0.0,0.0
2017-08-24 00:00:00-04:00,23.973634719848633,24.20903968811035,23.87005615234375,24.01129913330078,664281,0.0,0.0
2017-08-25 00:00:00-04:00,24.152542114257812,24.161958694458008,23.785310745239258,24.152542114257812,396657,0.0,0.0
2017-08-28 00:00:00-04:00,24.218456268310547,24.218456268310547,23.775894165039062,23.992467880249023,377222,0.0,0.0
2017-08-29 00:00:00-04:00,23.898305892944336,24.32203483581543,23.775894165039062,24.08662986755371,482360,0.0,0.0
2017-08-30 00:00:00-04:00,24.039548873901367,24.416196823120117,23.87005615234375,24.274953842163086,521867,0.0,0.0
2017-08-31 00:00:00-04:00,24.293785095214844,24.46327781677246,24.237287521362305,24.28436851501465,550859,0.0,0.0
2017-09-01 00:00:00-04:00,24.237287521362305,24.708097457885742,24.237287521362305,24.42561149597168,428729,0.0,0.0
2017-09-05 00:00:00-04:00,24.453861236572266,24.48210906982422,23.53107261657715,23.578153610229492,537478,0.0,0.0
2017-09-06 00:00:00-04:00,23.587570190429688,24.020715713500977,23.54990577697754,23.964218139648438,639961,0.0,0.0
2017-09-07 00:00:00-04:00,24.06779670715332,24.2467041015625,23.54990577697754,23.74764633178711,532381,0.0,0.0
2017-09-08 00:00:00-04:00,23.72881317138672,23.879472732543945,23.38983154296875,23.8323917388916,360974,0.0,0.0
2017-09-11 00:00:00-04:00,23.92655372619629,24.2467041015625,23.700565338134766,23.74764633178711,337397,0.0,0.0
2017-09-12 00:00:00-04:00,23.879472732543945,23.898305892944336,23.380413055419922,23.662900924682617,399100,0.0,0.0
2017-09-13 00:00:00-04:00,23.69114875793457,23.88888931274414,23.644067764282227,23.79001808166504,412162,0.0,0.0
2017-09-14 00:00:00-04:00,23.67231559753418,23.775894165039062,23.446327209472656,23.474576950073242,604278,0.0,0.0
2017-09-15 00:00:00-04:00,23.474576950073242,23.540489196777344,22.966102600097656,23.060264587402344,1219282,0.0,0.0
2017-09-18 00:00:00-04:00,23.107345581054688,23.107345581054688,22.58003807067871,22.59886932373047,853636,0.0,0.0
2017-09-19 00:00:00-04:00,22.570621490478516,22.890771865844727,22.429378509521484,22.711864471435547,1220663,0.0,0.0
2017-09-20 00:00:00-04:00,22.655366897583008,22.93785285949707,22.212806701660156,22.269302368164062,650794,0.0,0.0
2017-09-21 00:00:00-04:00,22.2598876953125,22.269302368164062,21.86440658569336,21.892654418945312,866804,0.0,0.0
2017-09-22 00:00:00-04:00,21.854991912841797,22.090394973754883,21.854991912841797,21.930320739746094,631678,0.0,0.0
2017-09-25 00:00:00-04:00,21.836158752441406,21.949153900146484,21.534839630126953,21.789077758789062,619783,0.0,0.0
2017-09-26 00:00:00-04:00,21.770244598388672,22.43879508972168,21.694915771484375,22.22222137451172,581657,0.0,0.0
2017-09-27 00:00:00-04:00,22.212806701660156,22.354049682617188,21.807910919189453,21.949153900146484,892611,0.0,0.0
2017-09-28 00:00:00-04:00,21.789077758789062,22.06214714050293,21.30885124206543,21.553672790527344,950915,0.0,0.0
2017-09-29 00:00:00-04:00,21.534839630126953,22.175140380859375,21.447269439697266,21.939735412597656,845140,0.0,0.0
2017-10-02 00:00:00-04:00,23.069679260253906,23.677024841308594,22.485876083374023,23.24858856201172,2218412,0.0,0.0
2017-10-03 00:00:00-04:00,23.295669555664062,24.12429428100586,23.295669555664062,24.04896354675293,921497,0.0,0.0
2017-10-04 00:00:00-04:00,24.01129913330078,24.114877700805664,23.806968688964844,23.879472732543945,574011,0.0,0.0
2017-10-05 00:00:00-04:00,24.020715713500977,24.199623107910156,23.63465118408203,23.69114875793457,594083,0.0,0.0
2017-10-06 00:00:00-04:00,23.67231559753418,23.992467880249023,22.806026458740234,23.0790958404541,938065,0.0,0.0
2017-10-09 00:00:00-04:00,23.01318359375,23.15442657470703,22.22222137451172,22.269302368164062,1273763,0.0,0.0
2017-10-10 00:00:00-04:00,22.12805938720703,22.608285903930664,21.98681640625,22.570621490478516,1447400,0.0,0.0
2017-10-11 00:00:00-04:00,22.56120491027832,22.693031311035156,21.798492431640625,22.06214714050293,954738,0.0,0.0
2017-10-12 00:00:00-04:00,22.033897399902344,22.165725708007812,21.478342056274414,21.591337203979492,1960983,0.0,0.0
2017-10-13 00:00:00-04:00,21.75141143798828,21.958568572998047,21.440677642822266,21.873823165893555,957818,0.0,0.0
2017-10-16 00:00:00-04:00,21.9209041595459,22.071563720703125,21.525423049926758,21.54425621032715,874345,0.0,0.0
2017-10-17 00:00:00-04:00,21.497175216674805,21.581920623779297,20.61205291748047,20.903955459594727,996475,0.0,0.0
2017-10-18 00:00:00-04:00,20.89453887939453,20.979284286499023,20.527307510375977,20.73446273803711,759967,0.0,0.0
2017-10-19 00:00:00-04:00,20.527307510375977,20.8192081451416,19.887006759643555,20.0659122467041,1139420,0.0,0.0
2017-10-20 00:00:00-04:00,20.188323974609375,20.847457885742188,20.07533073425293,20.7532958984375,596313,0.0,0.0
2017-10-23 00:00:00-04:00,20.743879318237305,21.205272674560547,20.461393356323242,20.583803176879883,825068,0.0,0.0
2017-10-24 00:00:00-04:00,20.564971923828125,20.71563148498535,20.018831253051758,20.395479202270508,1132623,0.0,0.0
2017-10-25 00:00:00-04:00,20.291902542114258,20.593219757080078,19.952919006347656,20.470809936523438,879867,0.0,0.0
2017-10-26 00:00:00-04:00,20.527307510375977,20.527307510375977,19.830507278442383,19.96233558654785,938702,0.0,0.0
2017-10-27 00:00:00-04:00,19.9340877532959,20.169492721557617,19.811676025390625,20.103578567504883,754020,0.0,0.0
2017-10-30 00:00:00-04:00,20.131826400756836,20.367231369018555,19.887006759643555,20.23540496826172,576985,0.0,0.0
2017-10-31 00:00:00-04:00,20.30131721496582,20.73446273803711,19.96233558654785,20.71563148498535,826130,0.0,0.0
2017-11-01 00:00:00-04:00,20.856874465942383,21.836158752441406,20.583803176879883,21.403013229370117,1864022,0.0,0.0
2017-11-02 00:00:00-04:00,20.480226516723633,22.61770248413086,20.19774055480957,21.242937088012695,1931990,0.0,0.0
2017-11-03 00:00:00-04:00,21.148775100708008,21.148775100708008,20.30131721496582,20.630884170532227,1077611,0.0,0.0
2017-11-06 00:00:00-05:00,20.44256019592285,20.828624725341797,20.310733795166016,20.687381744384766,790553,0.0,0.0
2017-11-07 00:00:00-05:00,20.687381744384766,20.701507568359375,20.395479202270508,20.489641189575195,771012,0.0,0.0
2017-11-08 00:00:00-05:00,20.527307510375977,20.91337013244629,20.35781478881836,20.67796516418457,715469,0.0,0.0
2017-11-09 00:00:00-05:00,20.51789093017578,20.993408203125,20.451976776123047,20.87570571899414,546187,0.0,0.0
2017-11-10 00:00:00-05:00,20.847457885742188,21.516008377075195,20.812618255615234,20.922786712646484,598225,0.0,0.0
2017-11-13 00:00:00-05:00,20.95103645324707,20.969867706298828,20.44256019592285,20.508474349975586,631890,0.0,0.0
2017-11-14 00:00:00-05:00,20.527307510375977,21.242937088012695,20.461393356323242,20.772127151489258,702725,0.0,0.0
2017-11-15 00:00:00-05:00,20.762712478637695,21.224105834960938,20.69679832458496,20.941619873046875,712283,0.0,0.0
2017-11-16 00:00:00-05:00,20.922786712646484,20.941619873046875,20.469867706298828,20.640300750732422,441155,0.0,0.0
2017-11-17 00:00:00-05:00,20.659133911132812,20.89453887939453,20.30131721496582,20.35781478881836,1674137,0.0,0.0
2017-11-20 00:00:00-05:00,20.32015037536621,20.67796516418457,20.244821548461914,20.480226516723633,649307,0.0,0.0
2017-11-21 00:00:00-05:00,20.508474349975586,20.53672218322754,20.103578567504883,20.310733795166016,572312,0.0,0.0
2017-11-22 00:00:00-05:00,20.291902542114258,20.630884170532227,20.023540496826172,20.451976776123047,289395,0.0,0.0
2017-11-24 00:00:00-05:00,20.44256019592285,20.645008087158203,20.310733795166016,20.4143123626709,301608,0.0,0.0
2017-11-27 00:00:00-05:00,20.423728942871094,20.453861236572266,19.78342628479004,19.971750259399414,465687,0.0,0.0
2017-11-28 00:00:00-05:00,19.96233558654785,20.169492721557617,19.69868278503418,20.05649757385254,498290,0.0,0.0
2017-11-29 00:00:00-05:00,20.0659122467041,20.69679832458496,19.81355857849121,20.21657371520996,732037,0.0,0.0
2017-11-30 00:00:00-05:00,20.169492721557617,20.348398208618164,19.472692489624023,19.538606643676758,1099807,0.0,0.0
2017-12-01 00:00:00-05:00,19.538606643676758,20.094161987304688,19.529190063476562,19.9340877532959,1089931,0.0,0.0
2017-12-04 00:00:00-05:00,19.92466926574707,20.14124298095703,19.416196823120117,19.6610164642334,1015378,0.0,0.0
2017-12-05 00:00:00-05:00,19.651601791381836,19.981168746948242,19.5659122467041,19.85875701904297,471740,0.0,0.0
2017-12-06 00:00:00-05:00,19.877588272094727,20.018831253051758,19.632768630981445,19.9340877532959,727682,0.0,0.0
2017-12-07 00:00:00-05:00,19.896421432495117,19.905838012695312,19.406780242919922,19.792844772338867,524309,0.0,0.0
2017-12-08 00:00:00-05:00,19.915254592895508,19.990583419799805,19.38794708251953,19.670433044433594,747117,0.0,0.0
2017-12-11 00:00:00-05:00,19.5856876373291,20.17890739440918,19.5856876373291,20.018831253051758,623288,0.0,0.0
2017-12-12 00:00:00-05:00,20.009416580200195,20.282485961914062,19.792844772338867,20.009416580200195,872539,0.0,0.0
2017-12-13 00:00:00-05:00,20.0659122467041,20.349340438842773,19.83992576599121,20.03766441345215,610438,0.0,0.0
2017-12-14 00:00:00-05:00,20.07533073425293,20.291902542114258,19.887006759643555,20.150659561157227,469192,0.0,0.0
2017-12-15 00:00:00-05:00,20.291902542114258,20.329566955566406,19.792844772338867,20.131826400756836,1037362,0.0,0.0
2017-12-18 00:00:00-05:00,20.254236221313477,20.743879318237305,20.244821548461914,20.43314552307129,950915,0.0,0.0
2017-12-19 00:00:00-05:00,20.53672218322754,20.659133911132812,20.150659561157227,20.291902542114258,985855,0.0,0.0
2017-12-20 00:00:00-05:00,20.282485961914062,20.390771865844727,19.670433044433594,20.273069381713867,928613,0.0,0.0
2017-12-21 00:00:00-05:00,20.225988388061523,20.404895782470703,20.21657371520996,20.32015037536621,824218,0.0,0.0
2017-12-22 00:00:00-05:00,20.244821548461914,20.35781478881836,19.64218521118164,19.67984962463379,885920,0.0,0.0
2017-12-26 00:00:00-05:00,19.80225944519043,20.207155227661133,19.595104217529297,19.990583419799805,613517,0.0,0.0
2017-12-27 00:00:00-05:00,19.9340877532959,20.122411727905273,19.274953842163086,19.293785095214844,682229,0.0,0.0
2017-12-28 00:00:00-05:00,19.30320167541504,19.369115829467773,18.578153610229492,19.077213287353516,2323125,0.0,0.0
2017-12-29 00:00:00-05:00,19.058380126953125,19.10546112060547,18.56873893737793,18.72881317138672,5094733,0.0,0.0
2018-01-02 00:00:00-05:00,19.058380126953125,20.19774055480957,18.87005615234375,20.14124298095703,1739981,0.0,0.0
2018-01-03 00:00:00-05:00,19.952919006347656,20.7532958984375,19.952919006347656,20.395479202270508,602260,0.0,0.0
2018-01-04 00:00:00-05:00,20.32015037536621,20.71563148498535,19.774011611938477,19.952919006347656,557762,0.0,0.0
2018-01-05 00:00:00-05:00,19.774011611938477,20.131826400756836,19.472692489624023,19.48210906982422,488308,0.0,0.0
2018-01-08 00:00:00-05:00,19.64218521118164,20.094161987304688,19.538606643676758,19.9340877532959,1889404,0.0,0.0
2018-01-09 00:00:00-05:00,19.92466926574707,19.929378509521484,19.548023223876953,19.56685447692871,518681,0.0,0.0
2018-01-10 00:00:00-05:00,19.20903968811035,19.56685447692871,19.020715713500977,19.472692489624023,566577,0.0,0.0
2018-01-11 00:00:00-05:00,19.42561149597168,19.651601791381836,19.30320167541504,19.453861236572266,394427,0.0,0.0
2018-01-12 00:00:00-05:00,19.378530502319336,19.774011611938477,19.199623107910156,19.726930618286133,536522,0.0,0.0
2018-01-16 00:00:00-05:00,19.76459503173828,19.82109260559082,19.5856876373291,19.64218521118164,329432,0.0,0.0
2018-01-17 00:00:00-05:00,19.651601791381836,19.76459503173828,19.5856876373291,19.632768630981445,336866,0.0,0.0
2018-01-18 00:00:00-05:00,19.576271057128906,20.009416580200195,19.32203483581543,19.92466926574707,1685713,0.0,0.0
2018-01-19 00:00:00-05:00,19.971750259399414,20.028249740600586,19.745763778686523,19.76459503173828,320618,0.0,0.0
2018-01-22 00:00:00-05:00,19.774011611938477,20.11770248413086,19.632768630981445,19.67984962463379,365965,0.0,0.0
2018-01-23 00:00:00-05:00,19.774011611938477,20.0,19.519773483276367,19.915254592895508,491281,0.0,0.0
2018-01-24 00:00:00-05:00,19.9340877532959,21.478342056274414,19.9340877532959,21.412429809570312,674370,0.0,0.0
2018-01-25 00:00:00-05:00,21.233522415161133,22.3257999420166,21.233522415161133,22.137475967407227,622332,0.0,0.0
2018-01-26 00:00:00-05:00,22.306968688964844,22.523540496826172,21.54425621032715,21.958568572998047,754976,0.0,0.0
2018-01-29 00:00:00-05:00,22.11864471435547,22.41996192932129,21.76082992553711,22.06214714050293,357469,0.0,0.0
2018-01-30 00:00:00-05:00,22.06214714050293,22.22222137451172,21.572505950927734,21.666667938232422,790978,0.0,0.0
2018-01-31 00:00:00-05:00,21.817325592041016,21.817325592041016,21.318267822265625,21.346515655517578,774517,0.0,0.0
2018-02-01 00:00:00-05:00,21.177024841308594,21.45009422302246,20.838041305541992,21.261770248413086,1343430,0.0,0.0
2018-02-02 00:00:00-05:00,21.19585609436035,21.949153900146484,20.91337013244629,20.95103645324707,503282,0.0,0.0
2018-02-05 00:00:00-05:00,20.838041305541992,21.384180068969727,20.225988388061523,20.527307510375977,709522,0.0,0.0
2018-02-06 00:00:00-05:00,20.291902542114258,20.856874465942383,20.103578567504883,20.725046157836914,586436,0.0,0.0
2018-02-07 00:00:00-05:00,20.800376892089844,20.998117446899414,20.44256019592285,20.706214904785156,411419,0.0,0.0
2018-02-08 00:00:00-05:00,20.725046157836914,20.998117446899414,19.69868278503418,19.717514038085938,337610,0.0,0.0
2018-02-09 00:00:00-05:00,19.94350242614746,20.55555534362793,19.28436851501465,20.395479202270508,636138,0.0,0.0
2018-02-12 00:00:00-05:00,20.564971923828125,21.148775100708008,20.43314552307129,20.89453887939453,263057,0.0,0.0
2018-02-13 00:00:00-05:00,20.866289138793945,21.13465118408203,20.69679832458496,20.969867706298828,176080,0.0,0.0
2018-02-14 00:00:00-05:00,20.95103645324707,22.015066146850586,20.856874465942383,21.64783477783203,616279,0.0,0.0
2018-02-15 00:00:00-05:00,20.725046157836914,22.3257999420166,20.028249740600586,22.00564956665039,1117649,0.0,0.0
2018-02-16 00:00:00-05:00,21.75141143798828,22.288135528564453,21.440677642822266,21.84557342529297,492874,0.0,0.0
2018-02-20 00:00:00-05:00,21.84557342529297,21.84557342529297,20.73446273803711,21.74199676513672,688919,0.0,0.0
2018-02-21 00:00:00-05:00,21.68549919128418,22.071563720703125,21.56308937072754,21.854991912841797,544169,0.0,0.0
2018-02-22 00:00:00-05:00,21.977401733398438,22.052730560302734,21.18644142150879,21.553672790527344,828148,0.0,0.0
2018-02-23 00:00:00-05:00,21.64783477783203,21.723163604736328,21.233522415161133,21.261770248413086,648776,0.0,0.0
2018-02-26 00:00:00-05:00,21.48775863647461,21.48775863647461,19.76459503173828,20.047080993652344,1797435,0.0,0.0
2018-02-27 00:00:00-05:00,19.830507278442383,20.51789093017578,19.64218521118164,19.6610164642334,725027,0.0,0.0
2018-02-28 00:00:00-05:00,19.774011611938477,19.774011611938477,19.072505950927734,19.256120681762695,895478,0.0,0.0
2018-03-01 00:00:00-05:00,19.38794708251953,19.38794708251953,18.8323917388916,19.04896354675293,871265,0.0,0.0
2018-03-02 00:00:00-05:00,19.152542114257812,19.28436851501465,18.822975158691406,19.077213287353516,798943,0.0,0.0
2018-03-05 00:00:00-05:00,18.973634719848633,20.028249740600586,18.917137145996094,19.905838012695312,1107347,0.0,0.0
2018-03-06 00:00:00-05:00,19.915254592895508,20.273069381713867,19.849340438842773,20.018831253051758,303626,0.0,0.0
2018-03-07 00:00:00-05:00,19.915254592895508,20.14124298095703,19.693973541259766,19.952919006347656,287059,0.0,0.0
2018-03-08 00:00:00-05:00,20.047080993652344,20.112993240356445,19.80225944519043,19.971750259399414,227480,0.0,0.0
2018-03-09 00:00:00-05:00,19.96233558654785,20.103578567504883,19.491525650024414,20.0,495423,0.0,0.0
2018-03-12 00:00:00-04:00,20.05649757385254,20.63653564453125,20.05649757385254,20.207155227661133,400268,0.0,0.0
2018-03-13 00:00:00-04:00,20.254236221313477,20.37664794921875,19.971750259399414,20.16007423400879,282067,0.0,0.0
2018-03-14 00:00:00-04:00,20.273069381713867,20.35781478881836,19.971750259399414,20.244821548461914,433296,0.0,0.0
2018-03-15 00:00:00-04:00,20.291902542114258,20.386064529418945,19.9340877532959,20.16007423400879,317113,0.0,0.0
2018-03-16 00:00:00-04:00,20.23540496826172,20.23540496826172,19.915254592895508,20.009416580200195,345256,0.0,0.0
2018-03-19 00:00:00-04:00,19.96233558654785,20.188323974609375,19.670433044433594,19.887006759643555,486927,0.0,0.0
2018-03-20 00:00:00-04:00,19.981168746948242,20.018831253051758,19.416196823120117,19.613935470581055,523141,0.0,0.0
2018-03-21 00:00:00-04:00,19.670433044433594,20.03766441345215,19.48210906982422,19.82109260559082,355239,0.0,0.0
2018-03-22 00:00:00-04:00,19.708097457885742,19.94350242614746,18.983051300048828,19.12429428100586,592915,0.0,0.0
2018-03-23 00:00:00-04:00,19.19020652770996,19.453861236572266,18.983051300048828,18.992467880249023,311166,0.0,0.0
2018-03-26 00:00:00-04:00,19.06779670715332,19.416196823120117,18.92655372619629,19.340866088867188,221852,0.0,0.0
2018-03-27 00:00:00-04:00,19.435028076171875,19.78342628479004,19.161958694458008,19.397363662719727,583250,0.0,0.0
2018-03-28 00:00:00-04:00,19.331449508666992,19.392654418945312,18.163841247558594,18.17325782775879,742232,0.0,0.0
2018-03-29 00:00:00-04:00,18.163841247558594,18.540489196777344,17.56120491027832,17.97551727294922,1005502,0.0,0.0
2018-04-02 00:00:00-04:00,17.947269439697266,18.625234603881836,17.947269439697266,18.267419815063477,489370,0.0,0.0
2018-04-03 00:00:00-04:00,18.465160369873047,18.662900924682617,17.984933853149414,18.15442657470703,388798,0.0,0.0
2018-04-04 00:00:00-04:00,18.0790958404541,18.653484344482422,18.003765106201172,18.380413055419922,234808,0.0,0.0
2018-04-05 00:00:00-04:00,18.446327209472656,18.775894165039062,18.281543731689453,18.625234603881836,241817,0.0,0.0
2018-04-06 00:00:00-04:00,18.521657943725586,18.794727325439453,18.43691062927246,18.681732177734375,248827,0.0,0.0
2018-04-09 00:00:00-04:00,18.69114875793457,18.94538688659668,18.0790958404541,18.0790958404541,360974,0.0,0.0
2018-04-10 00:00:00-04:00,18.182674407958984,18.338041305541992,18.069679260253906,18.145008087158203,432446,0.0,0.0
2018-04-11 00:00:00-04:00,18.107345581054688,18.399246215820312,18.09792709350586,18.11676025390625,211126,0.0,0.0
2018-04-12 00:00:00-04:00,18.220338821411133,18.220338821411133,17.79660987854004,17.806026458740234,590260,0.0,0.0
2018-04-13 00:00:00-04:00,17.81544303894043,18.088512420654297,17.806026458740234,17.853107452392578,387842,0.0,0.0
2018-04-16 00:00:00-04:00,17.862524032592773,17.99435043334961,17.730697631835938,17.88135528564453,387311,0.0,0.0
2018-04-17 00:00:00-04:00,17.984933853149414,18.72881317138672,17.890771865844727,18.67231559753418,510716,0.0,0.0
2018-04-18 00:00:00-04:00,18.794727325439453,18.898305892944336,18.644067764282227,18.74764633178711,334530,0.0,0.0
2018-04-19 00:00:00-04:00,18.653484344482422,18.67231559753418,18.333332061767578,18.35216522216797,251588,0.0,0.0
2018-04-20 00:00:00-04:00,18.361581802368164,18.502824783325195,18.229755401611328,18.25800323486328,219622,0.0,0.0
2018-04-23 00:00:00-04:00,18.220338821411133,18.418079376220703,18.220338821411133,18.31450080871582,381046,0.0,0.0
2018-04-24 00:00:00-04:00,18.295669555664062,18.418079376220703,17.711864471435547,18.069679260253906,285041,0.0,0.0
2018-04-25 00:00:00-04:00,17.966102600097656,18.361581802368164,17.834274291992188,18.286251068115234,310529,0.0,0.0
2018-04-26 00:00:00-04:00,18.17325782775879,18.662900924682617,18.0790958404541,18.107345581054688,212188,0.0,0.0
2018-04-27 00:00:00-04:00,18.163841247558594,18.210922241210938,17.344633102416992,17.43879508972168,645484,0.0,0.0
2018-04-30 00:00:00-04:00,17.38229751586914,17.655366897583008,16.86440658569336,17.00564956665039,692318,0.0,0.0
2018-05-01 00:00:00-04:00,16.949153900146484,17.38229751586914,16.854991912841797,17.175140380859375,1373697,0.0,0.0
2018-05-02 00:00:00-04:00,17.2598876953125,18.342750549316406,17.2598876953125,18.295669555664062,713558,0.0,0.0
2018-05-03 00:00:00-04:00,18.408662796020508,18.465160369873047,18.01318359375,18.43691062927246,632421,0.0,0.0
2018-05-04 00:00:00-04:00,18.31450080871582,19.133710861206055,18.31450080871582,19.077213287353516,479812,0.0,0.0
2018-05-07 00:00:00-04:00,19.133710861206055,19.708097457885742,19.030132293701172,19.359699249267578,590260,0.0,0.0
2018-05-08 00:00:00-04:00,19.30320167541504,19.5856876373291,19.06779670715332,19.274953842163086,379771,0.0,0.0
2018-05-09 00:00:00-04:00,19.5856876373291,20.508474349975586,18.964218139648438,19.830507278442383,670759,0.0,0.0
2018-05-10 00:00:00-04:00,19.811676025390625,20.225988388061523,19.56685447692871,20.103578567504883,449863,0.0,0.0
2018-05-11 00:00:00-04:00,20.103578567504883,20.254236221313477,19.774011611938477,19.94350242614746,485228,0.0,0.0
2018-05-14 00:00:00-04:00,19.915254592895508,20.3389835357666,19.774011611938477,20.21657371520996,454430,0.0,0.0
2018-05-15 00:00:00-04:00,20.112993240356445,20.112993240356445,19.30320167541504,19.519773483276367,384338,0.0,0.0
2018-05-16 00:00:00-04:00,19.510358810424805,20.042373657226562,19.50094223022461,19.538606643676758,588029,0.0,0.0
2018-05-17 00:00:00-04:00,19.538606643676758,20.112993240356445,19.453861236572266,19.9340877532959,712708,0.0,0.0
2018-05-18 00:00:00-04:00,19.92466926574707,20.155366897583008,19.811676025390625,20.084745407104492,629129,0.0,0.0
2018-05-21 00:00:00-04:00,20.16007423400879,20.461393356323242,20.150659561157227,20.30131721496582,300546,0.0,0.0
2018-05-22 00:00:00-04:00,20.19774055480957,20.564971923828125,20.09886932373047,20.43314552307129,311485,0.0,0.0
2018-05-23 00:00:00-04:00,20.35781478881836,20.941619873046875,20.254236221313477,20.93220329284668,622863,0.0,0.0
2018-05-24 00:00:00-04:00,20.922786712646484,20.979284286499023,20.57438850402832,20.7532958984375,389117,0.0,0.0
2018-05-25 00:00:00-04:00,20.7532958984375,20.979284286499023,20.51789093017578,20.53672218322754,244048,0.0,0.0
2018-05-29 00:00:00-04:00,20.51789093017578,20.828624725341797,20.32015037536621,20.61205291748047,374567,0.0,0.0
2018-05-30 00:00:00-04:00,20.725046157836914,20.95103645324707,20.4143123626709,20.480226516723633,502220,0.0,0.0
2018-05-31 00:00:00-04:00,20.404895782470703,21.045198440551758,20.150659561157227,20.225988388061523,831865,0.0,0.0
2018-06-01 00:00:00-04:00,20.225988388061523,20.263652801513672,19.78342628479004,19.82109260559082,646758,0.0,0.0
2018-06-04 00:00:00-04:00,19.981168746948242,20.282485961914062,19.80225944519043,20.263652801513672,441367,0.0,0.0
2018-06-05 00:00:00-04:00,20.291902542114258,20.71563148498535,20.03766441345215,20.348398208618164,650900,0.0,0.0
2018-06-06 00:00:00-04:00,20.310733795166016,20.885122299194336,20.009416580200195,20.762712478637695,525053,0.0,0.0
2018-06-07 00:00:00-04:00,20.828624725341797,21.007532119750977,20.736347198486328,20.80979347229004,367346,0.0,0.0
2018-06-08 00:00:00-04:00,20.69679832458496,20.838041305541992,20.57438850402832,20.61205291748047,463988,0.0,0.0
2018-06-11 00:00:00-04:00,20.546138763427734,20.762712478637695,20.451976776123047,20.470809936523438,583781,0.0,0.0
2018-06-12 00:00:00-04:00,20.527307510375977,20.95103645324707,20.329566955566406,20.51789093017578,1248381,0.0,0.0
2018-06-13 00:00:00-04:00,20.527307510375977,20.621469497680664,20.047080993652344,20.225988388061523,734692,0.0,0.0
2018-06-14 00:00:00-04:00,20.35781478881836,20.541431427001953,20.3389835357666,20.43314552307129,658546,0.0,0.0
2018-06-15 00:00:00-04:00,20.367231369018555,20.461393356323242,20.07533073425293,20.122411727905273,1155562,0.0,0.0
2018-06-18 00:00:00-04:00,20.0,20.244821548461914,19.868173599243164,19.971750259399414,1578982,0.0,0.0
2018-06-19 00:00:00-04:00,19.94350242614746,19.94350242614746,19.595104217529297,19.6610164642334,977465,0.0,0.0
2018-06-20 00:00:00-04:00,19.726930618286133,19.85875701904297,19.001882553100586,19.058380126953125,1256027,0.0,0.0
2018-06-21 00:00:00-04:00,19.10546112060547,19.10546112060547,18.126176834106445,18.465160369873047,1070708,0.0,0.0
2018-06-22 00:00:00-04:00,18.51224136352539,18.70998191833496,18.243879318237305,18.615819931030273,15091976,0.0,0.0
2018-06-25 00:00:00-04:00,18.493408203125,18.80414390563965,18.229755401611328,18.25800323486328,1193688,0.0,0.0
2018-06-26 00:00:00-04:00,18.24858856201172,18.653484344482422,17.919021606445312,18.56873893737793,967376,0.0,0.0
2018-06-27 00:00:00-04:00,18.540489196777344,19.378530502319336,18.446327209472656,18.92655372619629,1445063,0.0,0.0
2018-06-28 00:00:00-04:00,18.8323917388916,18.92655372619629,17.664783477783203,18.38983154296875,1825259,0.0,0.0
2018-06-29 00:00:00-04:00,18.427494049072266,18.74764633178711,18.088512420654297,18.24858856201172,1325482,0.0,0.0
2018-07-02 00:00:00-04:00,18.09792709350586,18.338041305541992,17.59886932373047,18.323917388916016,1049893,0.0,0.0
2018-07-03 00:00:00-04:00,18.31450080871582,18.879472732543945,18.286251068115234,18.43691062927246,537266,0.0,0.0
2018-07-05 00:00:00-04:00,18.361581802368164,18.917137145996094,18.361581802368164,18.502824783325195,926595,0.0,0.0
2018-07-06 00:00:00-04:00,18.559322357177734,19.30320167541504,18.24858856201172,19.28436851501465,875513,0.0,0.0
2018-07-09 00:00:00-04:00,19.293785095214844,19.67984962463379,18.775894165039062,19.435028076171875,664387,0.0,0.0
2018-07-10 00:00:00-04:00,19.453861236572266,19.651601791381836,19.256120681762695,19.44444465637207,650369,0.0,0.0
2018-07-11 00:00:00-04:00,19.30320167541504,19.5856876373291,19.114877700805664,19.406780242919922,522610,0.0,0.0
2018-07-12 00:00:00-04:00,19.48210906982422,19.708097457885742,19.2467041015625,19.340866088867188,505406,0.0,0.0
2018-07-13 00:00:00-04:00,19.340866088867188,19.83992576599121,19.19020652770996,19.38794708251953,1437417,0.0,0.0
2018-07-16 00:00:00-04:00,19.350282669067383,19.792844772338867,19.350282669067383,19.64218521118164,959517,0.0,0.0
2018-07-17 00:00:00-04:00,19.46327781677246,19.670433044433594,19.237287521362305,19.2467041015625,790447,0.0,0.0
2018-07-18 00:00:00-04:00,19.1807918548584,19.227872848510742,18.483991622924805,18.502824783325195,1001785,0.0,0.0
2018-07-19 00:00:00-04:00,18.408662796020508,18.559322357177734,18.088512420654297,18.107345581054688,747967,0.0,0.0
2018-07-20 00:00:00-04:00,18.069679260253906,18.361581802368164,17.693031311035156,18.305084228515625,726620,0.0,0.0
2018-07-23 00:00:00-04:00,18.229755401611328,18.493408203125,18.050846099853516,18.163841247558594,394002,0.0,0.0
2018-07-24 00:00:00-04:00,18.060264587402344,18.286251068115234,17.532957077026367,17.61770248413086,735541,0.0,0.0
2018-07-25 00:00:00-04:00,17.655366897583008,17.928436279296875,17.278718948364258,17.909605026245117,826342,0.0,0.0
2018-07-26 00:00:00-04:00,17.947269439697266,18.24858856201172,17.87194061279297,17.900188446044922,406746,0.0,0.0
2018-07-27 00:00:00-04:00,17.97551727294922,18.15442657470703,17.6742000579834,17.721281051635742,488839,0.0,0.0
2018-07-30 00:00:00-04:00,17.749528884887695,18.060264587402344,17.683616638183594,17.768362045288086,746267,0.0,0.0
2018-07-31 00:00:00-04:00,17.862524032592773,18.323917388916016,17.862524032592773,18.229755401611328,682229,0.0,0.0
2018-08-01 00:00:00-04:00,18.192089080810547,18.342750549316406,17.87194061279297,17.919021606445312,409613,0.0,0.0
2018-08-02 00:00:00-04:00,17.890771865844727,18.022598266601562,17.6742000579834,17.768362045288086,361186,0.0,0.0
2018-08-03 00:00:00-04:00,17.890771865844727,18.041431427001953,17.6742000579834,17.87194061279297,305644,0.0,0.0
2018-08-06 00:00:00-04:00,17.919021606445312,18.229755401611328,17.919021606445312,17.956684112548828,238844,0.0,0.0
2018-08-07 00:00:00-04:00,17.99435043334961,18.323917388916016,17.862524032592773,18.25800323486328,637094,0.0,0.0
2018-08-08 00:00:00-04:00,18.35216522216797,18.446327209472656,17.956684112548828,18.399246215820312,825386,0.0,0.0
2018-08-09 00:00:00-04:00,17.909605026245117,18.766477584838867,17.354049682617188,18.088512420654297,901426,0.0,0.0
2018-08-10 00:00:00-04:00,17.909605026245117,18.060264587402344,17.59886932373047,17.787193298339844,721098,0.0,0.0
2018-08-13 00:00:00-04:00,17.787193298339844,17.947269439697266,17.49529266357422,17.843690872192383,777809,0.0,0.0
2018-08-14 00:00:00-04:00,17.88135528564453,17.984933853149414,17.61770248413086,17.75894546508789,837918,0.0,0.0
2018-08-15 00:00:00-04:00,17.749528884887695,17.749528884887695,17.212806701660156,17.514123916625977,711752,0.0,0.0
2018-08-16 00:00:00-04:00,17.655366897583008,17.895479202270508,17.40113067626953,17.627119064331055,963553,0.0,0.0
2018-08-17 00:00:00-04:00,17.58003807067871,17.609228134155273,17.06214714050293,17.090394973754883,706655,0.0,0.0
2018-08-20 00:00:00-04:00,17.080978393554688,17.18455696105957,16.525423049926758,16.638418197631836,629341,0.0,0.0
2018-08-21 00:00:00-04:00,16.657249450683594,17.36346435546875,16.657249450683594,17.146892547607422,571356,0.0,0.0
2018-08-22 00:00:00-04:00,17.156309127807617,17.344633102416992,16.930320739746094,16.977401733398438,467386,0.0,0.0
2018-08-23 00:00:00-04:00,16.98681640625,17.137475967407227,16.836158752441406,17.00564956665039,494042,0.0,0.0
2018-08-24 00:00:00-04:00,17.043315887451172,17.38229751586914,16.967985153198242,17.20339012145996,425119,0.0,0.0
2018-08-27 00:00:00-04:00,17.36346435546875,17.853107452392578,17.26459503173828,17.38229751586914,890593,0.0,0.0
2018-08-28 00:00:00-04:00,17.523540496826172,18.13559341430664,17.523540496826172,18.022598266601562,679574,0.0,0.0
2018-08-29 00:00:00-04:00,18.09792709350586,18.700565338134766,17.956684112548828,18.681732177734375,1160766,0.0,0.0
2018-08-30 00:00:00-04:00,18.606403350830078,18.700565338134766,18.0790958404541,18.38983154296875,575923,0.0,0.0
2018-08-31 00:00:00-04:00,18.408662796020508,18.540489196777344,18.064971923828125,18.483991622924805,906523,0.0,0.0
2018-09-04 00:00:00-04:00,18.38983154296875,18.606403350830078,17.966102600097656,18.559322357177734,406109,0.0,0.0
2018-09-05 00:00:00-04:00,18.559322357177734,18.983051300048828,18.418079376220703,18.80414390563965,484060,0.0,0.0
2018-09-06 00:00:00-04:00,18.794727325439453,19.113935470581055,18.757062911987305,18.954801559448242,402817,0.0,0.0
2018-09-07 00:00:00-04:00,18.973634719848633,19.152542114257812,18.80885124206543,18.851224899291992,290032,0.0,0.0
2018-09-10 00:00:00-04:00,18.879472732543945,19.030132293701172,18.700565338134766,18.92655372619629,272722,0.0,0.0
2018-09-11 00:00:00-04:00,18.87005615234375,19.237287521362305,18.70998191833496,18.80414390563965,309042,0.0,0.0
2018-09-12 00:00:00-04:00,18.81355857849121,19.331449508666992,18.81355857849121,19.26553726196289,347486,0.0,0.0
2018-09-13 00:00:00-04:00,19.350282669067383,19.774011611938477,19.350282669067383,19.548023223876953,357788,0.0,0.0
2018-09-14 00:00:00-04:00,19.55743980407715,19.632768630981445,19.072505950927734,19.08662986755371,339734,0.0,0.0
2018-09-17 00:00:00-04:00,19.2467041015625,19.453861236572266,19.08662986755371,19.256120681762695,395489,0.0,0.0
2018-09-18 00:00:00-04:00,19.30320167541504,19.64218521118164,19.227872848510742,19.613935470581055,503707,0.0,0.0
2018-09-19 00:00:00-04:00,19.472692489624023,20.43314552307129,19.472692489624023,20.225988388061523,689026,0.0,0.0
2018-09-20 00:00:00-04:00,20.37664794921875,20.44256019592285,20.108285903930664,20.30131721496582,692318,0.0,0.0
2018-09-21 00:00:00-04:00,20.112993240356445,20.527307510375977,20.112993240356445,20.291902542114258,1994436,0.0,0.0
2018-09-24 00:00:00-04:00,20.207155227661133,20.37194061279297,20.018831253051758,20.225988388061523,405365,0.0,0.0
2018-09-25 00:00:00-04:00,20.150659561157227,20.3389835357666,20.112993240356445,20.131826400756836,364585,0.0,0.0
2018-09-26 00:00:00-04:00,20.009416580200195,20.30131721496582,19.877588272094727,19.905838012695312,465687,0.0,0.0
2018-09-27 00:00:00-04:00,19.877588272094727,20.13653564453125,19.670433044433594,19.689266204833984,735754,0.0,0.0
2018-09-28 00:00:00-04:00,19.64218521118164,19.64218521118164,19.152542114257812,19.42561149597168,752108,0.0,0.0
2018-10-01 00:00:00-04:00,19.538606643676758,19.952919006347656,19.28436851501465,19.613935470581055,538859,0.0,0.0
2018-10-02 00:00:00-04:00,19.62335205078125,20.53672218322754,19.538606643676758,20.291902542114258,736497,0.0,0.0
2018-10-03 00:00:00-04:00,20.3389835357666,20.583803176879883,20.112993240356445,20.282485961914062,412587,0.0,0.0
2018-10-04 00:00:00-04:00,20.282485961914062,20.282485961914062,19.94350242614746,20.028249740600586,251375,0.0,0.0
2018-10-05 00:00:00-04:00,19.792844772338867,20.17890739440918,19.651601791381836,19.905838012695312,365328,0.0,0.0
2018-10-08 00:00:00-04:00,19.905838012695312,20.244821548461914,19.830507278442383,20.225988388061523,330813,0.0,0.0
2018-10-09 00:00:00-04:00,20.169492721557617,20.395479202270508,19.96233558654785,19.96233558654785,464306,0.0,0.0
2018-10-10 00:00:00-04:00,19.981168746948242,20.05649757385254,18.766477584838867,18.822975158691406,574861,0.0,0.0
2018-10-11 00:00:00-04:00,18.81355857849121,18.9077205657959,18.17325782775879,18.210922241210938,641979,0.0,0.0
2018-10-12 00:00:00-04:00,18.521657943725586,18.54990577697754,18.15442657470703,18.45574378967285,740108,0.0,0.0
2018-10-15 00:00:00-04:00,18.38983154296875,18.54990577697754,18.182674407958984,18.23917007446289,699964,0.0,0.0
2018-10-16 00:00:00-04:00,18.31450080871582,18.582862854003906,17.909605026245117,18.35216522216797,822094,0.0,0.0
2018-10-17 00:00:00-04:00,18.465160369873047,18.493408203125,18.060264587402344,18.069679260253906,469085,0.0,0.0
2018-10-18 00:00:00-04:00,18.069679260253906,18.107345581054688,17.523540496826172,17.58003807067871,593658,0.0,0.0
2018-10-19 00:00:00-04:00,17.50470733642578,17.900188446044922,17.40113067626953,17.457626342773438,625518,0.0,0.0
2018-10-22 00:00:00-04:00,17.457626342773438,17.693031311035156,17.02448272705078,17.12805938720703,537797,0.0,0.0
2018-10-23 00:00:00-04:00,16.854991912841797,17.18455696105957,16.676082611083984,16.9209041595459,763366,0.0,0.0
2018-10-24 00:00:00-04:00,16.789077758789062,16.892654418945312,16.12994384765625,16.261770248413086,890593,0.0,0.0
2018-10-25 00:00:00-04:00,16.421846389770508,16.525423049926758,16.27118682861328,16.32768440246582,675326,0.0,0.0
2018-10-26 00:00:00-04:00,16.101694107055664,16.45009422302246,15.772128105163574,16.205272674560547,664600,0.0,0.0
2018-10-29 00:00:00-04:00,16.355932235717773,16.704330444335938,16.18644142150879,16.32768440246582,1167881,0.0,0.0
2018-10-30 00:00:00-04:00,16.318267822265625,16.638418197631836,16.233522415161133,16.572505950927734,486184,0.0,0.0
2018-10-31 00:00:00-04:00,16.76082992553711,17.099811553955078,16.666667938232422,16.958568572998047,829210,0.0,0.0
2018-11-01 00:00:00-04:00,17.090394973754883,17.514123916625977,17.090394973754883,17.231637954711914,555426,0.0,0.0
2018-11-02 00:00:00-04:00,17.344633102416992,17.58003807067871,17.29755210876465,17.306968688964844,1046813,0.0,0.0
2018-11-05 00:00:00-05:00,17.316383361816406,17.645950317382812,17.24105453491211,17.551788330078125,444447,0.0,0.0
2018-11-06 00:00:00-05:00,17.570621490478516,18.050846099853516,17.457626342773438,17.523540496826172,473546,0.0,0.0
2018-11-07 00:00:00-05:00,17.627119064331055,18.201507568359375,17.61770248413086,18.088512420654297,934560,0.0,0.0
2018-11-08 00:00:00-05:00,17.79660987854004,18.766477584838867,17.787193298339844,18.596986770629883,1066460,0.0,0.0
2018-11-09 00:00:00-05:00,18.521657943725586,18.521657943725586,18.032014846801758,18.201507568359375,634014,0.0,0.0
2018-11-12 00:00:00-05:00,18.050846099853516,18.192089080810547,17.36346435546875,17.40113067626953,479387,0.0,0.0
2018-11-13 00:00:00-05:00,17.49529266357422,17.61770248413086,16.770244598388672,16.807910919189453,741064,0.0,0.0
2018-11-14 00:00:00-05:00,16.98681640625,17.06214714050293,16.732580184936523,16.836158752441406,707398,0.0,0.0
2018-11-15 00:00:00-05:00,16.798492431640625,16.996234893798828,16.581920623779297,16.949153900146484,1006245,0.0,0.0
2018-11-16 00:00:00-05:00,16.854991912841797,17.043315887451172,16.74199676513672,17.015066146850586,801491,0.0,0.0
2018-11-19 00:00:00-05:00,17.033897399902344,17.137475967407227,16.732580184936523,16.779661178588867,697309,0.0,0.0
2018-11-20 00:00:00-05:00,16.619586944580078,16.694915771484375,15.998117446899414,16.553672790527344,795650,0.0,0.0
2018-11-21 00:00:00-05:00,16.619586944580078,16.779661178588867,16.497175216674805,16.572505950927734,337716,0.0,0.0
2018-11-23 00:00:00-05:00,16.43126106262207,16.789077758789062,16.43126106262207,16.56308937072754,436588,0.0,0.0
2018-11-26 00:00:00-05:00,16.732580184936523,17.175140380859375,16.619586944580078,17.015066146850586,862769,0.0,0.0
2018-11-27 00:00:00-05:00,16.939735412597656,17.165725708007812,16.75141143798828,17.071563720703125,2119115,0.0,0.0
2018-11-28 00:00:00-05:00,17.080978393554688,17.250471115112305,16.98681640625,17.20339012145996,1832481,0.0,0.0
2018-11-29 00:00:00-05:00,17.11864471435547,17.56120491027832,17.11864471435547,17.429378509521484,2435909,0.0,0.0
2018-11-30 00:00:00-05:00,17.391714096069336,17.532957077026367,17.23446273803711,17.410545349121094,1266860,0.0,0.0
2018-12-03 00:00:00-05:00,17.61770248413086,17.655366897583008,17.372880935668945,17.608285903930664,577622,0.0,0.0
2018-12-04 00:00:00-05:00,17.608285903930664,17.693031311035156,16.68549919128418,16.76082992553711,1636967,0.0,0.0
2018-12-06 00:00:00-05:00,16.54425621032715,16.836158752441406,15.941619873046875,16.18644142150879,857459,0.0,0.0
2018-12-07 00:00:00-05:00,16.233522415161133,16.54425621032715,15.922786712646484,16.11111068725586,778446,0.0,0.0
2018-12-10 00:00:00-05:00,16.101694107055664,16.421846389770508,15.552730560302734,16.318267822265625,802022,0.0,0.0
2018-12-11 00:00:00-05:00,16.581920623779297,16.581920623779297,15.574387550354004,16.082862854003906,976297,0.0,0.0
2018-12-12 00:00:00-05:00,16.299434661865234,16.600753784179688,16.1676082611084,16.374765396118164,1269302,0.0,0.0
2018-12-13 00:00:00-05:00,16.43126106262207,16.46892738342285,15.480225563049316,15.5838041305542,730656,0.0,0.0
2018-12-14 00:00:00-05:00,15.34839916229248,15.677966117858887,15.329566955566406,15.668549537658691,873070,0.0,0.0
2018-12-17 00:00:00-05:00,15.668549537658691,15.894538879394531,15.216572761535645,15.34839916229248,945817,0.0,0.0
2018-12-18 00:00:00-05:00,15.480225563049316,15.668549537658691,15.320151329040527,15.489642143249512,593552,0.0,0.0
2018-12-19 00:00:00-05:00,15.546138763427734,15.720338821411133,14.736347198486328,14.887005805969238,509017,0.0,0.0
2018-12-20 00:00:00-05:00,14.868172645568848,15.009415626525879,14.218456268310547,14.293785095214844,821457,0.0,0.0
2018-12-21 00:00:00-05:00,14.293785095214844,14.595104217529297,13.813558578491211,13.87005615234375,965995,0.0,0.0
2018-12-24 00:00:00-05:00,13.67231559753418,13.851223945617676,13.239171028137207,13.305085182189941,546505,0.0,0.0
2018-12-26 00:00:00-05:00,13.446328163146973,13.757061958312988,13.154425621032715,13.757061958312988,788004,0.0,0.0
2018-12-27 00:00:00-05:00,13.644067764282227,13.794727325439453,13.14218521118164,13.69114875793457,648351,0.0,0.0
2018-12-28 00:00:00-05:00,13.738229751586914,14.058380126953125,13.455743789672852,13.52165699005127,475033,0.0,0.0
2018-12-31 00:00:00-05:00,13.578153610229492,13.775895118713379,13.268362045288086,13.719396591186523,690194,0.0,0.0
2019-01-02 00:00:00-05:00,13.465160369873047,14.293785095214844,13.465160369873047,14.237288475036621,314140,0.0,0.0
2019-01-03 00:00:00-05:00,14.171375274658203,14.576271057128906,13.841808319091797,14.2467041015625,382532,0.0,0.0
2019-01-04 00:00:00-05:00,14.482109069824219,15.160075187683105,14.27495288848877,14.934086799621582,461545,0.0,0.0
2019-01-07 00:00:00-05:00,14.934086799621582,15.536723136901855,14.755179405212402,15.395480155944824,403241,0.0,0.0
2019-01-08 00:00:00-05:00,15.517890930175781,15.866290092468262,15.22598934173584,15.706214904785156,553833,0.0,0.0
2019-01-09 00:00:00-05:00,15.762711524963379,16.12994384765625,15.621468544006348,16.064029693603516,428517,0.0,0.0
2019-01-10 00:00:00-05:00,15.941619873046875,16.224105834960938,15.659133911132812,15.95103645324707,363735,0.0,0.0
2019-01-11 00:00:00-05:00,15.828624725341797,16.064029693603516,15.696798324584961,15.838041305541992,240968,0.0,0.0
2019-01-14 00:00:00-05:00,15.743879318237305,16.516008377075195,15.536723136901855,15.988700866699219,474926,0.0,0.0
2019-01-15 00:00:00-05:00,15.969867706298828,15.969867706298828,14.84934139251709,14.858757019042969,1042247,0.0,0.0
2019-01-16 00:00:00-05:00,14.839924812316895,15.470809936523438,14.661017417907715,15.320151329040527,1206432,0.0,0.0
2019-01-17 00:00:00-05:00,15.263652801513672,15.546138763427734,15.0706205368042,15.367232322692871,499140,0.0,0.0
2019-01-18 00:00:00-05:00,15.367232322692871,15.5838041305542,15.20715618133545,15.480225563049316,480343,0.0,0.0
2019-01-22 00:00:00-05:00,15.338982582092285,15.546138763427734,14.284369468688965,14.340866088867188,1408424,0.0,0.0
2019-01-23 00:00:00-05:00,14.717514038085938,15.593219757080078,14.65160083770752,15.52730655670166,670547,0.0,0.0
2019-01-24 00:00:00-05:00,15.517890930175781,15.677966117858887,15.291901588439941,15.433144569396973,533761,0.0,0.0
2019-01-25 00:00:00-05:00,15.546138763427734,15.696798324584961,15.34839916229248,15.451976776123047,469298,0.0,0.0
2019-01-28 00:00:00-05:00,15.320151329040527,15.574387550354004,15.244820594787598,15.338982582092285,391666,0.0,0.0
2019-01-29 00:00:00-05:00,15.301318168640137,15.5838041305542,15.254237174987793,15.442561149597168,313927,0.0,0.0
2019-01-30 00:00:00-05:00,15.451976776123047,15.451976776123047,15.122410774230957,15.254237174987793,358319,0.0,0.0
2019-01-31 00:00:00-05:00,15.310733795166016,16.581920623779297,15.310733795166016,16.459510803222656,560736,0.0,0.0
2019-02-01 00:00:00-05:00,16.525423049926758,16.82674217224121,16.45009422302246,16.619586944580078,706336,0.0,0.0
2019-02-04 00:00:00-05:00,16.694915771484375,17.730697631835938,16.694915771484375,17.20339012145996,525690,0.0,0.0
2019-02-05 00:00:00-05:00,17.20339012145996,17.551788330078125,17.20339012145996,17.288135528564453,499459,0.0,0.0
2019-02-06 00:00:00-05:00,17.3257999420166,17.49529266357422,17.165725708007812,17.278718948364258,295661,0.0,0.0
2019-02-07 00:00:00-05:00,17.080978393554688,17.306968688964844,16.817325592041016,17.2598876953125,467068,0.0,0.0
2019-02-08 00:00:00-05:00,17.137475967407227,17.250471115112305,16.935028076171875,17.090394973754883,279306,0.0,0.0
2019-02-11 00:00:00-05:00,17.099811553955078,17.335216522216797,16.996234893798828,17.146892547607422,328370,0.0,0.0
2019-02-12 00:00:00-05:00,18.0790958404541,18.0790958404541,17.22222137451172,17.354049682617188,409189,0.0,0.0
2019-02-13 00:00:00-05:00,17.40113067626953,17.59886932373047,17.146892547607422,17.316383361816406,488308,0.0,0.0
2019-02-14 00:00:00-05:00,17.250471115112305,17.457626342773438,17.099811553955078,17.2598876953125,322954,0.0,0.0
2019-02-15 00:00:00-05:00,17.29755210876465,17.88135528564453,17.14218521118164,17.664783477783203,538753,0.0,0.0
2019-02-19 00:00:00-05:00,17.532957077026367,17.81544303894043,17.40113067626953,17.41996192932129,427880,0.0,0.0
2019-02-20 00:00:00-05:00,17.429378509521484,17.683616638183594,17.236347198486328,17.664783477783203,440199,0.0,0.0
2019-02-21 00:00:00-05:00,17.49529266357422,17.956684112548828,17.113935470581055,17.749528884887695,582188,0.0,0.0
2019-02-22 00:00:00-05:00,17.77777862548828,18.182674407958984,17.7401123046875,17.87194061279297,456448,0.0,0.0
2019-02-25 00:00:00-05:00,17.93785285949707,18.145008087158203,17.768362045288086,17.824859619140625,548629,0.0,0.0
2019-02-26 00:00:00-05:00,17.806026458740234,18.041431427001953,17.542373657226562,17.890771865844727,547249,0.0,0.0
2019-02-27 00:00:00-05:00,17.862524032592773,18.041431427001953,17.570621490478516,17.721281051635742,252968,0.0,0.0
2019-02-28 00:00:00-05:00,17.787193298339844,18.465160369873047,17.664783477783203,18.25800323486328,984793,0.0,0.0
2019-03-01 00:00:00-05:00,18.380413055419922,18.898305892944336,18.295669555664062,18.87005615234375,819121,0.0,0.0
2019-03-04 00:00:00-05:00,18.87005615234375,19.10546112060547,18.446327209472656,18.596986770629883,442854,0.0,0.0
2019-03-05 00:00:00-05:00,18.559322357177734,18.92655372619629,18.521657943725586,18.53107261657715,283873,0.0,0.0
2019-03-06 00:00:00-05:00,18.54990577697754,18.757062911987305,18.54990577697754,18.662900924682617,492131,0.0,0.0
2019-03-07 00:00:00-05:00,18.653484344482422,18.738229751586914,18.483991622924805,18.540489196777344,419596,0.0,0.0
2019-03-08 00:00:00-05:00,18.267419815063477,18.53107261657715,18.229755401611328,18.493408203125,347168,0.0,0.0
2019-03-11 00:00:00-04:00,18.578153610229492,18.851224899291992,18.465160369873047,18.794727325439453,623500,0.0,0.0
2019-03-12 00:00:00-04:00,18.822975158691406,18.893596649169922,18.658191680908203,18.700565338134766,280368,0.0,0.0
2019-03-13 00:00:00-04:00,18.719396591186523,18.822975158691406,18.418079376220703,18.587570190429688,377966,0.0,0.0
2019-03-14 00:00:00-04:00,18.53107261657715,18.70998191833496,18.418079376220703,18.596986770629883,159937,0.0,0.0
2019-03-15 00:00:00-04:00,18.63465118408203,18.8323917388916,18.625234603881836,18.8323917388916,805315,0.0,0.0
2019-03-18 00:00:00-04:00,18.785310745239258,19.378530502319336,18.785310745239258,19.28436851501465,533124,0.0,0.0
2019-03-19 00:00:00-04:00,19.378530502319336,19.548023223876953,18.841808319091797,18.973634719848633,226737,0.0,0.0
2019-03-20 00:00:00-04:00,18.94538688659668,19.143125534057617,18.72881317138672,18.851224899291992,531850,0.0,0.0
2019-03-21 00:00:00-04:00,18.775894165039062,19.20903968811035,18.775894165039062,19.133710861206055,286421,0.0,0.0
2019-03-22 00:00:00-04:00,18.992467880249023,19.06779670715332,18.361581802368164,18.427494049072266,303520,0.0,0.0
2019-03-25 00:00:00-04:00,18.35216522216797,18.81355857849121,18.23917007446289,18.342750549316406,287802,0.0,0.0
2019-03-26 00:00:00-04:00,18.380413055419922,18.681732177734375,18.15442657470703,18.17325782775879,283342,0.0,0.0
2019-03-27 00:00:00-04:00,18.182674407958984,18.342750549316406,17.81544303894043,18.11676025390625,305537,0.0,0.0
2019-03-28 00:00:00-04:00,18.107345581054688,18.182674407958984,17.900188446044922,18.126176834106445,207196,0.0,0.0
2019-03-29 00:00:00-04:00,18.229755401611328,18.37099838256836,17.8389835357666,18.31450080871582,632846,0.0,0.0
2019-04-01 00:00:00-04:00,18.342750549316406,18.954801559448242,18.342750549316406,18.860639572143555,280580,0.0,0.0
2019-04-02 00:00:00-04:00,18.88888931274414,19.096044540405273,18.719396591186523,18.973634719848633,236932,0.0,0.0
2019-04-03 00:00:00-04:00,19.143125534057617,19.406780242919922,18.935970306396484,18.973634719848633,417154,0.0,0.0
2019-04-04 00:00:00-04:00,18.973634719848633,19.96233558654785,18.973634719848633,19.94350242614746,517300,0.0,0.0
2019-04-05 00:00:00-04:00,19.868173599243164,20.649717330932617,19.82109260559082,20.047080993652344,530150,0.0,0.0
2019-04-08 00:00:00-04:00,19.896421432495117,19.896421432495117,19.369115829467773,19.538606643676758,494042,0.0,0.0
2019-04-09 00:00:00-04:00,19.510358810424805,19.613935470581055,19.274953842163086,19.30320167541504,330494,0.0,0.0
2019-04-10 00:00:00-04:00,19.331449508666992,19.92466926574707,19.331449508666992,19.811676025390625,445721,0.0,0.0
2019-04-11 00:00:00-04:00,19.755178451538086,19.96233558654785,19.28436851501465,19.350282669067383,401011,0.0,0.0
2019-04-12 00:00:00-04:00,19.38794708251953,19.64218521118164,19.199623107910156,19.510358810424805,291200,0.0,0.0
2019-04-15 00:00:00-04:00,19.510358810424805,19.69868278503418,19.218456268310547,19.5856876373291,384125,0.0,0.0
2019-04-16 00:00:00-04:00,19.69868278503418,19.745763778686523,19.152542114257812,19.28436851501465,475564,0.0,0.0
2019-04-17 00:00:00-04:00,19.32203483581543,19.604520797729492,19.01129913330078,19.039548873901367,538328,0.0,0.0
2019-04-18 00:00:00-04:00,18.964218139648438,19.38794708251953,18.88888931274414,19.274953842163086,292581,0.0,0.0
2019-04-22 00:00:00-04:00,19.133710861206055,19.44444465637207,18.88888931274414,19.039548873901367,401861,0.0,0.0
2019-04-23 00:00:00-04:00,19.06779670715332,19.50094223022461,18.851224899291992,19.32203483581543,430429,0.0,0.0
2019-04-24 00:00:00-04:00,19.237287521362305,19.406780242919922,19.01129913330078,19.274953842163086,1192626,0.0,0.0
2019-04-25 00:00:00-04:00,19.20903968811035,19.397363662719727,18.860639572143555,18.935970306396484,362567,0.0,0.0
2019-04-26 00:00:00-04:00,18.954801559448242,19.378530502319336,18.854991912841797,19.2467041015625,349610,0.0,0.0
2019-04-29 00:00:00-04:00,19.331449508666992,19.604520797729492,19.20903968811035,19.50094223022461,398887,0.0,0.0
2019-04-30 00:00:00-04:00,19.510358810424805,19.64218521118164,19.06779670715332,19.62335205078125,663856,0.0,0.0
2019-05-01 00:00:00-04:00,19.6610164642334,19.915254592895508,19.331449508666992,19.331449508666992,309254,0.0,0.0
2019-05-02 00:00:00-04:00,19.359699249267578,19.472692489624023,19.171375274658203,19.44444465637207,372019,0.0,0.0
2019-05-03 00:00:00-04:00,19.38794708251953,20.150659561157227,19.312618255615234,20.14124298095703,379771,0.0,0.0
2019-05-06 00:00:00-04:00,19.651601791381836,20.291902542114258,19.58662986755371,20.169492721557617,317538,0.0,0.0
2019-05-07 00:00:00-04:00,20.084745407104492,20.16007423400879,19.736347198486328,20.018831253051758,410994,0.0,0.0
2019-05-08 00:00:00-04:00,19.774011611938477,19.774011611938477,18.01318359375,18.56873893737793,971093,0.0,0.0
2019-05-09 00:00:00-04:00,18.54990577697754,18.54990577697754,17.721281051635742,17.984933853149414,476413,0.0,0.0
2019-05-10 00:00:00-04:00,17.947269439697266,18.088512420654297,17.448211669921875,18.01318359375,508592,0.0,0.0
2019-05-13 00:00:00-04:00,17.608285903930664,17.77777862548828,16.98681640625,17.02448272705078,397188,0.0,0.0
2019-05-14 00:00:00-04:00,17.043315887451172,17.12805938720703,16.657249450683594,16.713748931884766,415242,0.0,0.0
2019-05-15 00:00:00-04:00,16.704330444335938,17.372880935668945,16.572505950927734,17.269302368164062,517300,0.0,0.0
2019-05-16 00:00:00-04:00,17.29755210876465,17.43879508972168,16.949153900146484,16.996234893798828,262845,0.0,0.0
2019-05-17 00:00:00-04:00,16.82674217224121,17.099811553955078,16.76082992553711,16.82674217224121,362354,0.0,0.0
2019-05-20 00:00:00-04:00,16.770244598388672,16.892654418945312,16.534839630126953,16.84557342529297,520274,0.0,0.0
2019-05-21 00:00:00-04:00,16.949153900146484,17.156309127807617,16.892654418945312,16.967985153198242,258491,0.0,0.0
2019-05-22 00:00:00-04:00,16.88323974609375,16.9209041595459,16.581920623779297,16.770244598388672,183938,0.0,0.0
2019-05-23 00:00:00-04:00,16.48775863647461,16.64783477783203,16.214689254760742,16.36534881591797,372231,0.0,0.0
2019-05-24 00:00:00-04:00,16.497175216674805,16.553672790527344,16.294727325439453,16.337099075317383,184151,0.0,0.0
2019-05-28 00:00:00-04:00,16.355932235717773,16.600753784179688,16.355932235717773,16.478342056274414,358850,0.0,0.0
2019-05-29 00:00:00-04:00,16.318267822265625,16.600753784179688,16.205272674560547,16.233522415161133,373081,0.0,0.0
2019-05-30 00:00:00-04:00,16.27118682861328,16.459510803222656,15.93220329284668,16.0922794342041,324653,0.0,0.0
2019-05-31 00:00:00-04:00,15.866290092468262,16.18644142150879,15.866290092468262,16.18644142150879,533655,0.0,0.0
2019-06-03 00:00:00-04:00,16.12994384765625,16.318267822265625,15.809793472290039,16.07344627380371,354496,0.0,0.0
2019-06-04 00:00:00-04:00,16.29001808166504,16.393596649169922,16.11111068725586,16.19585609436035,612880,0.0,0.0
2019-06-05 00:00:00-04:00,16.214689254760742,16.46892738342285,16.1676082611084,16.36534881591797,394002,0.0,0.0
2019-06-06 00:00:00-04:00,16.29001808166504,16.949153900146484,16.29001808166504,16.817325592041016,485015,0.0,0.0
2019-06-07 00:00:00-04:00,16.84557342529297,16.90207290649414,16.638418197631836,16.666667938232422,289289,0.0,0.0
2019-06-10 00:00:00-04:00,16.657249450683594,16.996234893798828,16.657249450683594,16.84557342529297,246596,0.0,0.0
2019-06-11 00:00:00-04:00,16.930320739746094,16.996234893798828,16.732580184936523,16.9209041595459,366071,0.0,0.0
2019-06-12 00:00:00-04:00,16.9209041595459,17.146892547607422,16.798492431640625,17.080978393554688,267305,0.0,0.0
2019-06-13 00:00:00-04:00,17.165725708007812,17.38229751586914,17.033897399902344,17.354049682617188,361505,0.0,0.0
2019-06-14 00:00:00-04:00,17.29755210876465,17.415254592895508,17.156309127807617,17.165725708007812,245428,0.0,0.0
2019-06-17 00:00:00-04:00,17.11864471435547,17.523540496826172,17.033897399902344,17.514123916625977,251375,0.0,0.0
2019-06-18 00:00:00-04:00,17.551788330078125,17.909605026245117,17.36346435546875,17.410545349121094,416304,0.0,0.0
2019-06-19 00:00:00-04:00,17.410545349121094,17.551788330078125,17.372880935668945,17.49529266357422,285572,0.0,0.0
2019-06-20 00:00:00-04:00,17.683616638183594,17.87194061279297,17.542373657226562,17.843690872192383,277288,0.0,0.0
2019-06-21 00:00:00-04:00,17.75894546508789,17.99435043334961,17.70244789123535,17.787193298339844,811580,0.0,0.0
2019-06-24 00:00:00-04:00,17.806026458740234,17.984933853149414,17.49529266357422,17.56120491027832,507530,0.0,0.0
2019-06-25 00:00:00-04:00,17.59886932373047,17.59886932373047,17.090394973754883,17.090394973754883,365647,0.0,0.0
2019-06-26 00:00:00-04:00,16.101694107055664,16.36534881591797,15.772128105163574,16.19585609436035,4556723,0.0,0.0
2019-06-27 00:00:00-04:00,16.32768440246582,16.478342056274414,16.05461311340332,16.337099075317383,2517152,0.0,0.0
2019-06-28 00:00:00-04:00,16.25235366821289,16.440677642822266,15.988700866699219,16.18644142150879,1599160,0.0,0.0
2019-07-01 00:00:00-04:00,16.355932235717773,16.68549919128418,16.139360427856445,16.205272674560547,1406831,0.0,0.0
2019-07-02 00:00:00-04:00,16.158191680908203,16.261770248413086,15.772128105163574,16.082862854003906,1803064,0.0,0.0
2019-07-03 00:00:00-04:00,16.19585609436035,16.412429809570312,16.158191680908203,16.384180068969727,622757,0.0,0.0
2019-07-05 00:00:00-04:00,16.403013229370117,16.694915771484375,16.18644142150879,16.393596649169922,656422,0.0,0.0
2019-07-08 00:00:00-04:00,16.374765396118164,16.459510803222656,15.87099838256836,15.96045207977295,657909,0.0,0.0
2019-07-09 00:00:00-04:00,15.903955459594727,15.998117446899414,15.659133911132812,15.998117446899414,934029,0.0,0.0
2019-07-10 00:00:00-04:00,16.101694107055664,16.224105834960938,15.998117446899414,16.016948699951172,638262,0.0,0.0
2019-07-11 00:00:00-04:00,16.016948699951172,16.144067764282227,15.988700866699219,16.007532119750977,356620,0.0,0.0
2019-07-12 00:00:00-04:00,16.07344627380371,16.285310745239258,15.998117446899414,16.158191680908203,527071,0.0,0.0
2019-07-15 00:00:00-04:00,16.19585609436035,16.25235366821289,15.828624725341797,15.988700866699219,951658,0.0,0.0
2019-07-16 00:00:00-04:00,15.988700866699219,16.19585609436035,15.913371086120605,15.941619873046875,498184,0.0,0.0
2019-07-17 00:00:00-04:00,15.96045207977295,16.19585609436035,15.72504711151123,16.045198440551758,591109,0.0,0.0
2019-07-18 00:00:00-04:00,15.998117446899414,16.07344627380371,15.762711524963379,15.903955459594727,733417,0.0,0.0
2019-07-19 00:00:00-04:00,15.838041305541992,16.032014846801758,15.640300750732422,15.640300750732422,543532,0.0,0.0
2019-07-22 00:00:00-04:00,15.536723136901855,15.96045207977295,15.216572761535645,15.574387550354004,2597333,0.0,0.0
2019-07-23 00:00:00-04:00,15.668549537658691,15.809793472290039,15.301318168640137,15.442561149597168,2703427,0.0,0.0
2019-07-24 00:00:00-04:00,15.442561149597168,15.616761207580566,15.240113258361816,15.470809936523438,3158494,0.0,0.0
2019-07-25 00:00:00-04:00,15.517890930175781,16.05461311340332,15.470809936523438,15.696798324584961,2749412,0.0,0.0
2019-07-26 00:00:00-04:00,15.772128105163574,15.941619873046875,15.475518226623535,15.885122299194336,2685479,0.0,0.0
2019-07-29 00:00:00-04:00,15.941619873046875,15.988700866699219,15.541431427001953,15.640300750732422,940720,0.0,0.0
2019-07-30 00:00:00-04:00,15.60263729095459,15.866290092468262,15.423728942871094,15.828624725341797,729806,0.0,0.0
2019-07-31 00:00:00-04:00,15.87570571899414,15.96045207977295,15.34839916229248,15.442561149597168,1172873,0.0,0.0
2019-08-01 00:00:00-04:00,15.442561149597168,15.546138763427734,14.887005805969238,14.905838012695312,955057,0.0,0.0
2019-08-02 00:00:00-04:00,14.802260398864746,14.868172645568848,14.425612449645996,14.519774436950684,882203,0.0,0.0
2019-08-05 00:00:00-04:00,14.359699249267578,14.36440658569336,13.89830493927002,14.331450462341309,1525032,0.0,0.0
2019-08-06 00:00:00-04:00,14.482109069824219,14.755179405212402,14.180790901184082,14.736347198486328,1599372,0.0,0.0
2019-08-07 00:00:00-04:00,15.112994194030762,15.847457885742188,14.8305082321167,15.630885124206543,1845756,0.0,0.0
2019-08-08 00:00:00-04:00,15.762711524963379,16.29001808166504,15.715630531311035,16.05461311340332,705168,0.0,0.0
2019-08-09 00:00:00-04:00,15.93220329284668,15.979284286499023,15.555556297302246,15.5838041305542,358637,0.0,0.0
2019-08-12 00:00:00-04:00,15.451976776123047,15.640300750732422,15.188323974609375,15.235404968261719,629235,0.0,0.0
2019-08-13 00:00:00-04:00,15.178908348083496,15.60263729095459,15.178908348083496,15.49905776977539,377541,0.0,0.0
2019-08-14 00:00:00-04:00,15.612052917480469,15.612052917480469,14.65160083770752,14.670433044433594,690725,0.0,0.0
2019-08-15 00:00:00-04:00,14.717514038085938,14.717514038085938,14.406780242919922,14.64218521118164,534505,0.0,0.0
2019-08-16 00:00:00-04:00,14.62335205078125,15.122410774230957,14.604519844055176,15.047080993652344,830059,0.0,0.0
2019-08-19 00:00:00-04:00,15.320151329040527,15.386063575744629,15.056496620178223,15.310733795166016,346637,0.0,0.0
2019-08-20 00:00:00-04:00,15.282485961914062,15.329566955566406,15.094161987304688,15.197739601135254,559674,0.0,0.0
2019-08-21 00:00:00-04:00,15.37664794921875,15.37664794921875,15.065913200378418,15.20715618133545,415242,0.0,0.0
2019-08-22 00:00:00-04:00,15.320151329040527,15.706214904785156,15.31544303894043,15.640300750732422,690194,0.0,0.0
2019-08-23 00:00:00-04:00,15.52730655670166,15.630885124206543,14.378531455993652,14.39736270904541,787154,0.0,0.0
2019-08-26 00:00:00-04:00,14.576271057128906,15.009415626525879,14.47269344329834,14.990584373474121,260296,0.0,0.0
2019-08-27 00:00:00-04:00,15.131827354431152,15.216572761535645,14.507533073425293,14.538605690002441,389648,0.0,0.0
2019-08-28 00:00:00-04:00,14.510357856750488,14.821091651916504,14.431262016296387,14.77401065826416,228542,0.0,0.0
2019-08-29 00:00:00-04:00,14.981167793273926,15.404895782470703,14.97175121307373,15.22598934173584,537053,0.0,0.0
2019-08-30 00:00:00-04:00,15.37664794921875,15.588512420654297,15.310733795166016,15.52730655670166,537691,0.0,0.0
2019-09-03 00:00:00-04:00,15.536723136901855,15.536723136901855,15.141242980957031,15.320151329040527,545974,0.0,0.0
2019-09-04 00:00:00-04:00,15.442561149597168,15.60263729095459,15.282485961914062,15.404895782470703,278032,0.0,0.0
2019-09-05 00:00:00-04:00,15.630885124206543,15.885122299194336,15.404895782470703,15.423728942871094,439349,0.0,0.0
2019-09-06 00:00:00-04:00,15.536723136901855,15.60263729095459,15.395480155944824,15.52730655670166,421295,0.0,0.0
2019-09-09 00:00:00-04:00,15.536723136901855,16.27118682861328,15.517890930175781,16.242937088012695,643784,0.0,0.0
2019-09-10 00:00:00-04:00,16.299434661865234,16.506591796875,16.016948699951172,16.45009422302246,452518,0.0,0.0
2019-09-11 00:00:00-04:00,16.572505950927734,17.43879508972168,16.393596649169922,17.40113067626953,983943,0.0,0.0
2019-09-12 00:00:00-04:00,17.514123916625977,17.61770248413086,17.137475967407227,17.250471115112305,1419682,0.0,0.0
2019-09-13 00:00:00-04:00,17.372880935668945,17.532957077026367,17.193973541259766,17.3257999420166,658759,0.0,0.0
2019-09-16 00:00:00-04:00,17.29755210876465,17.664783477783203,17.175140380859375,17.49529266357422,454324,0.0,0.0
2019-09-17 00:00:00-04:00,17.457626342773438,17.457626342773438,17.033897399902344,17.231637954711914,826767,0.0,0.0
2019-09-18 00:00:00-04:00,17.288135528564453,17.40113067626953,17.090394973754883,17.344633102416992,885177,0.0,0.0
2019-09-19 00:00:00-04:00,17.3257999420166,17.58003807067871,17.212806701660156,17.22222137451172,336017,0.0,0.0
2019-09-20 00:00:00-04:00,17.18455696105957,17.231637954711914,16.789077758789062,17.00564956665039,1143774,0.0,0.0
2019-09-23 00:00:00-04:00,16.90207290649414,17.146892547607422,16.836158752441406,16.977401733398438,450925,0.0,0.0
2019-09-24 00:00:00-04:00,16.949153900146484,17.015066146850586,16.619586944580078,16.732580184936523,538540,0.0,0.0
2019-09-25 00:00:00-04:00,16.666667938232422,16.817325592041016,16.54425621032715,16.56308937072754,695716,0.0,0.0
2019-09-26 00:00:00-04:00,16.43126106262207,16.572505950927734,16.07344627380371,16.299434661865234,415985,0.0,0.0
2019-09-27 00:00:00-04:00,16.355932235717773,16.506591796875,16.205272674560547,16.30885124206543,324547,0.0,0.0
2019-09-30 00:00:00-04:00,16.346515655517578,16.45009422302246,16.045198440551758,16.096986770629883,654723,0.0,0.0
2019-10-01 00:00:00-04:00,16.224105834960938,16.403013229370117,15.668549537658691,15.668549537658691,544169,0.0,0.0
2019-10-02 00:00:00-04:00,15.536723136901855,15.715630531311035,15.386063575744629,15.706214904785156,383594,0.0,0.0
2019-10-03 00:00:00-04:00,15.73446273803711,15.847457885742188,15.536723136901855,15.677966117858887,304900,0.0,0.0
2019-10-04 00:00:00-04:00,15.790960311889648,15.93220329284668,15.790960311889648,15.903955459594727,471953,0.0,0.0
2019-10-07 00:00:00-04:00,15.847457885742188,16.045198440551758,15.687381744384766,15.847457885742188,1264523,0.0,0.0
2019-10-08 00:00:00-04:00,15.72504711151123,15.828624725341797,15.395480155944824,15.593219757080078,540664,0.0,0.0
2019-10-09 00:00:00-04:00,15.781543731689453,16.54425621032715,15.781543731689453,16.101694107055664,1144305,0.0,0.0
2019-10-10 00:00:00-04:00,16.101694107055664,16.22881317138672,15.998117446899414,16.158191680908203,1093966,0.0,0.0
2019-10-11 00:00:00-04:00,16.45009422302246,16.873823165893555,16.299434661865234,16.61016845703125,1029715,0.0,0.0
2019-10-14 00:00:00-04:00,16.516008377075195,16.61016845703125,16.355932235717773,16.600753784179688,432340,0.0,0.0
2019-10-15 00:00:00-04:00,16.666667938232422,16.817325592041016,16.56308937072754,16.779661178588867,447421,0.0,0.0
2019-10-16 00:00:00-04:00,16.807910919189453,16.939735412597656,16.7467041015625,16.873823165893555,599924,0.0,0.0
2019-10-17 00:00:00-04:00,17.052730560302734,17.354049682617188,16.967985153198242,17.156309127807617,711859,0.0,0.0
2019-10-18 00:00:00-04:00,17.052730560302734,17.269302368164062,16.911487579345703,17.217514038085938,662476,0.0,0.0
2019-10-21 00:00:00-04:00,17.448211669921875,17.806026458740234,17.335216522216797,17.589454650878906,585587,0.0,0.0
2019-10-22 00:00:00-04:00,17.476459503173828,17.88135528564453,17.448211669921875,17.608285903930664,459740,0.0,0.0
2019-10-23 00:00:00-04:00,17.59886932373047,17.749528884887695,17.429378509521484,17.711864471435547,562754,0.0,0.0
2019-10-24 00:00:00-04:00,17.787193298339844,17.787193298339844,17.335216522216797,17.40113067626953,339309,0.0,0.0
2019-10-25 00:00:00-04:00,17.354049682617188,17.594161987304688,17.250471115112305,17.269302368164062,295979,0.0,0.0
2019-10-28 00:00:00-04:00,17.250471115112305,17.514123916625977,17.250471115112305,17.410545349121094,407808,0.0,0.0
2019-10-29 00:00:00-04:00,17.43879508972168,17.7401123046875,17.396421432495117,17.59886932373047,687114,0.0,0.0
2019-10-30 00:00:00-04:00,17.608285903930664,17.608285903930664,17.36346435546875,17.448211669921875,402392,0.0,0.0
2019-10-31 00:00:00-04:00,17.41996192932129,17.542373657226562,17.02448272705078,17.335216522216797,475670,0.0,0.0
2019-11-01 00:00:00-04:00,17.476459503173828,17.956684112548828,17.476459503173828,17.93785285949707,511778,0.0,0.0
2019-11-04 00:00:00-05:00,18.09792709350586,18.182674407958984,17.956684112548828,18.145008087158203,342920,0.0,0.0
2019-11-05 00:00:00-05:00,18.182674407958984,18.45574378967285,18.032014846801758,18.13559341430664,1013467,0.0,0.0
2019-11-06 00:00:00-05:00,17.608285903930664,18.022598266601562,17.193973541259766,17.966102600097656,1160235,0.0,0.0
2019-11-07 00:00:00-05:00,18.192089080810547,18.192089080810547,17.146892547607422,17.212806701660156,694017,0.0,0.0
2019-11-08 00:00:00-05:00,17.090394973754883,17.212806701660156,16.873823165893555,16.90207290649414,491387,0.0,0.0
2019-11-11 00:00:00-05:00,16.930320739746094,17.589454650878906,16.911487579345703,17.542373657226562,998811,0.0,0.0
2019-11-12 00:00:00-05:00,17.542373657226562,17.608285903930664,17.231637954711914,17.3257999420166,626261,0.0,0.0
2019-11-13 00:00:00-05:00,17.18455696105957,17.476459503173828,17.18455696105957,17.41996192932129,483953,0.0,0.0
2019-11-14 00:00:00-05:00,17.29755210876465,17.523540496826172,17.137475967407227,17.231637954711914,516875,0.0,0.0
2019-11-15 00:00:00-05:00,17.40113067626953,17.40113067626953,16.90207290649414,16.977401733398438,523141,0.0,0.0
2019-11-18 00:00:00-05:00,16.9209041595459,16.967985153198242,16.525423049926758,16.666667938232422,754551,0.0,0.0
2019-11-19 00:00:00-05:00,16.76082992553711,16.958568572998047,16.62900161743164,16.666667938232422,384444,0.0,0.0
2019-11-20 00:00:00-05:00,16.45009422302246,16.756120681762695,16.44538688659668,16.62900161743164,709522,0.0,0.0
2019-11-21 00:00:00-05:00,16.591337203979492,17.02448272705078,16.478342056274414,16.789077758789062,581657,0.0,0.0
2019-11-22 00:00:00-05:00,16.9209041595459,17.033897399902344,16.836158752441406,16.930320739746094,283129,0.0,0.0
2019-11-25 00:00:00-05:00,16.939735412597656,17.146892547607422,16.911487579345703,16.98681640625,400799,0.0,0.0
2019-11-26 00:00:00-05:00,16.967985153198242,17.109228134155273,16.779661178588867,16.967985153198242,598437,0.0,0.0
2019-11-27 00:00:00-05:00,16.949153900146484,17.019773483276367,16.412429809570312,16.459510803222656,1012829,0.0,0.0
2019-11-29 00:00:00-05:00,16.393596649169922,16.996234893798828,16.18644142150879,16.892654418945312,574648,0.0,0.0
2019-12-02 00:00:00-05:00,16.64783477783203,16.64783477783203,16.158191680908203,16.224105834960938,651218,0.0,0.0
2019-12-03 00:00:00-05:00,16.026365280151367,16.0922794342041,15.706214904785156,15.781543731689453,829953,0.0,0.0
2019-12-04 00:00:00-05:00,15.913371086120605,16.148775100708008,15.72504711151123,15.95103645324707,850768,0.0,0.0
2019-12-05 00:00:00-05:00,16.016948699951172,16.384180068969727,15.856874465942383,16.148775100708008,615004,0.0,0.0
2019-12-06 00:00:00-05:00,16.25235366821289,16.421846389770508,16.214689254760742,16.27118682861328,476626,0.0,0.0
2019-12-09 00:00:00-05:00,16.158191680908203,16.412429809570312,16.158191680908203,16.219396591186523,451562,0.0,0.0
2019-12-10 00:00:00-05:00,16.120527267456055,16.224105834960938,16.016948699951172,16.158191680908203,487246,0.0,0.0
2019-12-11 00:00:00-05:00,16.139360427856445,16.393596649169922,16.115819931030273,16.261770248413086,266774,0.0,0.0
2019-12-12 00:00:00-05:00,16.261770248413086,16.723163604736328,16.19585609436035,16.581920623779297,469616,0.0,0.0
2019-12-13 00:00:00-05:00,16.46892738342285,16.770244598388672,16.403013229370117,16.600753784179688,391772,0.0,0.0
2019-12-16 00:00:00-05:00,16.74199676513672,17.02448272705078,16.718456268310547,16.996234893798828,479705,0.0,0.0
2019-12-17 00:00:00-05:00,16.967985153198242,17.113935470581055,16.949153900146484,17.043315887451172,433827,0.0,0.0
2019-12-18 00:00:00-05:00,17.090394973754883,17.532957077026367,17.015066146850586,17.41996192932129,542151,0.0,0.0
2019-12-19 00:00:00-05:00,17.36346435546875,17.834274291992188,17.316383361816406,17.806026458740234,449014,0.0,0.0
2019-12-20 00:00:00-05:00,17.928436279296875,18.323917388916016,17.773069381713867,18.286251068115234,1224698,0.0,0.0
2019-12-23 00:00:00-05:00,18.286251068115234,18.45574378967285,18.088512420654297,18.38983154296875,396020,0.0,0.0
2019-12-24 00:00:00-05:00,18.380413055419922,18.540489196777344,18.267419815063477,18.502824783325195,152609,0.0,0.0
2019-12-26 00:00:00-05:00,18.51224136352539,18.67231559753418,18.446327209472656,18.587570190429688,258172,0.0,0.0
2019-12-27 00:00:00-05:00,18.662900924682617,18.785310745239258,18.305084228515625,18.446327209472656,728957,0.0,0.0
2019-12-30 00:00:00-05:00,18.540489196777344,18.56873893737793,18.210922241210938,18.286251068115234,487458,0.0,0.0
2019-12-31 00:00:00-05:00,18.295669555664062,18.446327209472656,18.201507568359375,18.323917388916016,450925,0.0,0.0
2020-01-02 00:00:00-05:00,18.323917388916016,18.587570190429688,18.305084228515625,18.56873893737793,298847,0.0,0.0
2020-01-03 00:00:00-05:00,18.361581802368164,18.68644142150879,18.220338821411133,18.493408203125,544912,0.0,0.0
2020-01-06 00:00:00-05:00,18.51224136352539,18.681732177734375,18.385122299194336,18.587570190429688,467811,0.0,0.0
2020-01-07 00:00:00-05:00,18.45574378967285,18.653484344482422,18.418079376220703,18.418079376220703,472378,0.0,0.0
2020-01-08 00:00:00-05:00,18.427494049072266,18.596986770629883,17.93314552307129,18.032014846801758,1182431,0.0,0.0
2020-01-09 00:00:00-05:00,18.088512420654297,18.23917007446289,17.824859619140625,18.130884170532227,824643,0.0,0.0
2020-01-10 00:00:00-05:00,18.060264587402344,18.126176834106445,17.75894546508789,17.85781478881836,375311,0.0,0.0
2020-01-13 00:00:00-05:00,17.806026458740234,17.87194061279297,17.532957077026367,17.853107452392578,299803,0.0,0.0
2020-01-14 00:00:00-05:00,17.70244789123535,17.928436279296875,17.589454650878906,17.6742000579834,520911,0.0,0.0
2020-01-15 00:00:00-05:00,17.63653564453125,18.050846099853516,17.608285903930664,18.041431427001953,502751,0.0,0.0
2020-01-16 00:00:00-05:00,18.15442657470703,18.342750549316406,17.966102600097656,18.11676025390625,443066,0.0,0.0
2020-01-17 00:00:00-05:00,18.286251068115234,18.286251068115234,17.787193298339844,17.81544303894043,296723,0.0,0.0
2020-01-21 00:00:00-05:00,17.6742000579834,17.768362045288086,17.49529266357422,17.523540496826172,672458,0.0,0.0
2020-01-22 00:00:00-05:00,17.58003807067871,17.58003807067871,17.278718948364258,17.335216522216797,336760,0.0,0.0
2020-01-23 00:00:00-05:00,17.22222137451172,17.335216522216797,17.06214714050293,17.212806701660156,1541281,0.0,0.0
2020-01-24 00:00:00-05:00,17.175140380859375,17.175140380859375,16.859699249267578,16.949153900146484,477050,0.0,0.0
2020-01-27 00:00:00-05:00,16.619586944580078,17.080978393554688,16.619586944580078,16.732580184936523,440730,0.0,0.0
2020-01-28 00:00:00-05:00,16.75141143798828,16.949153900146484,16.440677642822266,16.459510803222656,417685,0.0,0.0
2020-01-29 00:00:00-05:00,16.318267822265625,16.48775863647461,16.11111068725586,16.403013229370117,592702,0.0,0.0
2020-01-30 00:00:00-05:00,16.261770248413086,16.581920623779297,16.242937088012695,16.54425621032715,342283,0.0,0.0
2020-01-31 00:00:00-05:00,16.421846389770508,16.46892738342285,15.819209098815918,15.866290092468262,603853,0.0,0.0
2020-02-03 00:00:00-05:00,15.941619873046875,16.205272674560547,15.856874465942383,16.026365280151367,409826,0.0,0.0
2020-02-04 00:00:00-05:00,16.233522415161133,16.233522415161133,15.838041305541992,15.913371086120605,608207,0.0,0.0
2020-02-05 00:00:00-05:00,16.1676082611084,16.29001808166504,16.007532119750977,16.12994384765625,291307,0.0,0.0
2020-02-06 00:00:00-05:00,16.205272674560547,16.43126106262207,16.17984962463379,16.346515655517578,375417,0.0,0.0
2020-02-07 00:00:00-05:00,16.30885124206543,16.354991912841797,15.96045207977295,16.18644142150879,467599,0.0,0.0
2020-02-10 00:00:00-05:00,16.11111068725586,16.158191680908203,15.96045207977295,16.139360427856445,282811,0.0,0.0
2020-02-11 00:00:00-05:00,16.299434661865234,16.4077205657959,16.026365280151367,16.205272674560547,611818,0.0,0.0
2020-02-12 00:00:00-05:00,16.337099075317383,16.54896354675293,15.7532958984375,16.393596649169922,833776,0.0,0.0
2020-02-13 00:00:00-05:00,16.318267822265625,16.421846389770508,16.12994384765625,16.214689254760742,531531,0.0,0.0
2020-02-14 00:00:00-05:00,16.224105834960938,16.27118682861328,16.003765106201172,16.148775100708008,237782,0.0,0.0
2020-02-18 00:00:00-05:00,16.07344627380371,16.337099075317383,15.969867706298828,16.32768440246582,442642,0.0,0.0
2020-02-19 00:00:00-05:00,16.355932235717773,16.676082611083984,16.233522415161133,16.506591796875,707292,0.0,0.0
2020-02-20 00:00:00-05:00,17.532957077026367,18.107345581054688,16.6807918548584,18.022598266601562,1226716,0.0,0.0
2020-02-21 00:00:00-05:00,18.050846099853516,18.083803176879883,17.523540496826172,17.693031311035156,471847,0.0,0.0
2020-02-24 00:00:00-05:00,17.06214714050293,17.288135528564453,16.98681640625,17.165725708007812,586224,0.0,0.0
2020-02-25 00:00:00-05:00,17.137475967407227,17.212806701660156,16.54425621032715,16.56308937072754,543001,0.0,0.0
2020-02-26 00:00:00-05:00,16.600753784179688,16.779661178588867,16.11111068725586,16.1676082611084,539602,0.0,0.0
2020-02-27 00:00:00-05:00,15.847457885742188,16.48775863647461,15.282485961914062,15.310733795166016,817846,0.0,0.0
2020-02-28 00:00:00-05:00,14.717514038085938,14.97175121307373,13.88888931274414,14.303201675415039,3428773,0.0,0.0
2020-03-02 00:00:00-05:00,14.444443702697754,14.8305082321167,14.171375274658203,14.519774436950684,1606063,0.0,0.0
2020-03-03 00:00:00-05:00,14.435028076171875,14.65160083770752,13.973634719848633,14.12429428100586,1711519,0.0,0.0
2020-03-04 00:00:00-05:00,14.237288475036621,14.36440658569336,14.011299133300781,14.04896354675293,1488924,0.0,0.0
2020-03-05 00:00:00-05:00,13.804142951965332,14.133709907531738,13.51224136352539,13.67231559753418,906311,0.0,0.0
2020-03-06 00:00:00-05:00,13.37099838256836,14.020715713500977,13.276836395263672,13.992466926574707,1262824,0.0,0.0
2020-03-09 00:00:00-04:00,13.427495002746582,13.625234603881836,12.325799942016602,12.344633102416992,1479260,0.0,0.0
2020-03-10 00:00:00-04:00,13.022599220275879,13.022599220275879,11.883238792419434,12.231637954711914,1434125,0.0,0.0
2020-03-11 00:00:00-04:00,11.826742172241211,12.109228134155273,11.167608261108398,11.30885124206543,1257620,0.0,0.0
2020-03-12 00:00:00-04:00,10.536723136901855,10.828624725341797,9.237288475036621,9.359699249267578,1770035,0.0,0.0
2020-03-13 00:00:00-04:00,9.924670219421387,10.0,9.04896354675293,9.868172645568848,1794143,0.0,0.0
2020-03-16 00:00:00-04:00,9.839924812316895,9.839924812316895,8.130885124206543,8.154425621032715,1433063,0.0,0.0
2020-03-17 00:00:00-04:00,8.408662796020508,10.018832206726074,8.032014846801758,10.018832206726074,1622205,0.0,0.0
2020-03-18 00:00:00-04:00,9.256120681762695,9.661017417907715,8.258004188537598,8.52165699005127,1162359,0.0,0.0
2020-03-19 00:00:00-04:00,8.465160369873047,9.373823165893555,8.352166175842285,8.945385932922363,1302118,0.0,0.0
2020-03-20 00:00:00-04:00,9.020715713500977,9.152542114257812,8.455743789672852,8.69114875793457,1461524,0.0,0.0
2020-03-23 00:00:00-04:00,9.06779670715332,9.435028076171875,8.201506614685059,9.340866088867188,1130605,0.0,0.0
2020-03-24 00:00:00-04:00,10.141242980957031,10.710923194885254,9.708098411560059,10.320151329040527,1395787,0.0,0.0
2020-03-25 00:00:00-04:00,10.263652801513672,10.72504711151123,10.009415626525879,10.254237174987793,1302331,0.0,0.0
2020-03-26 00:00:00-04:00,10.433144569396973,11.224104881286621,9.293785095214844,11.177023887634277,785774,0.0,0.0
2020-03-27 00:00:00-04:00,10.668549537658691,11.214689254760742,10.098870277404785,10.1694917678833,1039273,0.0,0.0
2020-03-30 00:00:00-04:00,10.235404968261719,10.35781478881836,9.609228134155273,9.77401065826416,1006139,0.0,0.0
2020-03-31 00:00:00-04:00,9.679848670959473,10.047080993652344,9.449152946472168,9.661017417907715,929462,0.0,0.0
2020-04-01 00:00:00-04:00,9.4161958694458,9.4161958694458,8.785310745239258,8.954801559448242,1674031,0.0,0.0
2020-04-02 00:00:00-04:00,8.841808319091797,9.4161958694458,8.841808319091797,9.284369468688965,843122,0.0,0.0
2020-04-03 00:00:00-04:00,9.256120681762695,9.322033882141113,8.427495002746582,8.728814125061035,746055,0.0,0.0
2020-04-06 00:00:00-04:00,9.180790901184082,9.585686683654785,9.171375274658203,9.519774436950684,1511332,0.0,0.0
2020-04-07 00:00:00-04:00,9.858757019042969,10.320151329040527,9.576271057128906,9.802260398864746,1686987,0.0,0.0
2020-04-08 00:00:00-04:00,10.084746360778809,10.37664794921875,9.65160083770752,10.103577613830566,1178395,0.0,0.0
2020-04-09 00:00:00-04:00,10.574387550354004,11.073446273803711,10.395480155944824,10.73446273803711,891868,0.0,0.0
2020-04-13 00:00:00-04:00,10.677966117858887,10.677966117858887,10.030132293701172,10.433144569396973,1027804,0.0,0.0
2020-04-14 00:00:00-04:00,10.772128105163574,10.87099838256836,10.310733795166016,10.574387550354004,747967,0.0,0.0
2020-04-15 00:00:00-04:00,10.084746360778809,10.310733795166016,9.65160083770752,9.783427238464355,938914,0.0,0.0
2020-04-16 00:00:00-04:00,9.79284381866455,9.943503379821777,9.350281715393066,9.62335205078125,898558,0.0,0.0
2020-04-17 00:00:00-04:00,10.056496620178223,10.489642143249512,9.839924812316895,10.310733795166016,820501,0.0,0.0
2020-04-20 00:00:00-04:00,10.018832206726074,10.244820594787598,9.679848670959473,9.887005805969238,783862,0.0,0.0
2020-04-21 00:00:00-04:00,9.491524696350098,9.788135528564453,9.369114875793457,9.482109069824219,1151314,0.0,0.0
2020-04-22 00:00:00-04:00,9.783427238464355,9.783427238464355,9.26553726196289,9.27495288848877,770906,0.0,0.0
2020-04-23 00:00:00-04:00,9.322033882141113,9.877589225769043,9.27495288848877,9.595104217529297,1167881,0.0,0.0
2020-04-24 00:00:00-04:00,9.613936424255371,9.79284381866455,9.256120681762695,9.632767677307129,727151,0.0,0.0
2020-04-27 00:00:00-04:00,9.764595031738281,9.877589225769043,9.632767677307129,9.77401065826416,988085,0.0,0.0
2020-04-28 00:00:00-04:00,10.103577613830566,10.112994194030762,9.557438850402832,9.755179405212402,815191,0.0,0.0
2020-04-29 00:00:00-04:00,10.188323974609375,10.612052917480469,9.896422386169434,10.433144569396973,1560609,0.0,0.0
2020-04-30 00:00:00-04:00,10.301318168640137,10.513182640075684,9.708098411560059,9.736347198486328,936684,0.0,0.0
2020-05-01 00:00:00-04:00,9.679848670959473,9.731637954711914,9.312618255615234,9.566855430603027,1237336,0.0,0.0
2020-05-04 00:00:00-04:00,9.39736270904541,9.510357856750488,9.209039688110352,9.47269344329834,773879,0.0,0.0
2020-05-05 00:00:00-04:00,9.821091651916504,9.839924812316895,9.12900161743164,9.190206527709961,1146748,0.0,0.0
2020-05-06 00:00:00-04:00,9.020715713500977,9.227871894836426,8.738229751586914,8.775895118713379,1230646,0.0,0.0
2020-05-07 00:00:00-04:00,8.945385932922363,9.096044540405273,8.709980964660645,8.775895118713379,1008581,0.0,0.0
2020-05-08 00:00:00-04:00,9.143125534057617,9.312618255615234,8.860639572143555,9.077213287353516,1609036,0.0,0.0
2020-05-11 00:00:00-04:00,8.879472732543945,9.06779670715332,8.681733131408691,8.794727325439453,877212,0.0,0.0
2020-05-12 00:00:00-04:00,8.775895118713379,8.832391738891602,8.483991622924805,8.493409156799316,787154,0.0,0.0
2020-05-13 00:00:00-04:00,8.389830589294434,8.455743789672852,7.721281051635742,7.975518226623535,1218433,0.0,0.0
2020-05-14 00:00:00-04:00,7.758944988250732,8.446328163146973,7.551788806915283,8.408662796020508,1572610,0.0,0.0
2020-05-15 00:00:00-04:00,8.389830589294434,8.502824783325195,8.267419815063477,8.361581802368164,1030990,0.0,0.0
2020-05-18 00:00:00-04:00,8.728814125061035,9.06779670715332,8.719396591186523,8.917137145996094,1174253,0.0,0.0
2020-05-19 00:00:00-04:00,8.832391738891602,8.950094223022461,8.34274959564209,8.361581802368164,615960,0.0,0.0
2020-05-20 00:00:00-04:00,8.51224136352539,8.785310745239258,8.408662796020508,8.771185874938965,857459,0.0,0.0
2020-05-21 00:00:00-04:00,8.719396591186523,8.785310745239258,8.28625202178955,8.418079376220703,2952148,0.0,0.0
2020-05-22 00:00:00-04:00,8.493409156799316,8.67231559753418,8.239171028137207,8.653484344482422,1204096,0.0,0.0
2020-05-26 00:00:00-04:00,9.001882553100586,9.331450462341309,8.935970306396484,9.18549919128418,2958626,0.0,0.0
2020-05-27 00:00:00-04:00,9.331450462341309,9.4161958694458,9.133709907531738,9.307909965515137,3158813,0.0,0.0
2020-05-28 00:00:00-04:00,9.369114875793457,9.50564956665039,9.086628913879395,9.143125534057617,2062404,0.0,0.0
2020-05-29 00:00:00-04:00,9.030132293701172,9.199623107910156,8.658191680908203,9.03954792022705,2007817,0.0,0.0
2020-06-01 00:00:00-04:00,9.12429428100586,9.369114875793457,9.063089370727539,9.284369468688965,1177121,0.0,0.0
2020-06-02 00:00:00-04:00,9.369114875793457,9.383238792419434,9.030132293701172,9.143125534057617,700389,0.0,0.0
2020-06-03 00:00:00-04:00,9.303201675415039,9.491524696350098,9.133709907531738,9.312618255615234,1753256,0.0,0.0
2020-06-04 00:00:00-04:00,9.227871894836426,9.566855430603027,9.180790901184082,9.4161958694458,1334722,0.0,0.0
2020-06-05 00:00:00-04:00,9.8305082321167,10.536723136901855,9.745762825012207,10.320151329040527,3180159,0.0,0.0
2020-06-08 00:00:00-04:00,10.593219757080078,11.125234603881836,10.517890930175781,10.998117446899414,2317496,0.0,0.0
2020-06-09 00:00:00-04:00,10.762711524963379,10.866290092468262,10.254237174987793,10.423728942871094,1086426,0.0,0.0
2020-06-10 00:00:00-04:00,10.37664794921875,10.423728942871094,10.018832206726074,10.122410774230957,683822,0.0,0.0
2020-06-11 00:00:00-04:00,9.858757019042969,9.863465309143066,9.133709907531738,9.143125534057617,1181263,0.0,0.0
2020-06-12 00:00:00-04:00,9.576271057128906,9.764595031738281,9.322033882141113,9.717514038085938,1027273,0.0,0.0
2020-06-15 00:00:00-04:00,9.237288475036621,9.731637954711914,9.237288475036621,9.693973541259766,804996,0.0,0.0
2020-06-16 00:00:00-04:00,10.178908348083496,10.209980964660645,9.665724754333496,9.717514038085938,1106923,0.0,0.0
2020-06-17 00:00:00-04:00,9.689266204833984,9.726929664611816,9.209039688110352,9.209039688110352,550328,0.0,0.0
2020-06-18 00:00:00-04:00,9.114877700805664,9.538605690002441,9.058380126953125,9.435028076171875,1403114,0.0,0.0
2020-06-19 00:00:00-04:00,9.435028076171875,9.529190063476562,9.2467041015625,9.293785095214844,1794249,0.0,0.0
2020-06-22 00:00:00-04:00,9.293785095214844,9.293785095214844,9.114877700805664,9.218456268310547,633271,0.0,0.0
2020-06-23 00:00:00-04:00,9.378531455993652,9.39736270904541,9.138418197631836,9.359699249267578,1069859,0.0,0.0
2020-06-24 00:00:00-04:00,9.218456268310547,9.218456268310547,8.568737983703613,8.794727325439453,1751238,0.0,0.0
2020-06-25 00:00:00-04:00,8.709980964660645,8.88888931274414,8.531072616577148,8.88888931274414,918736,0.0,0.0
2020-06-26 00:00:00-04:00,8.766477584838867,8.831450462341309,8.380414009094238,8.474575996398926,1924875,0.0,0.0
2020-06-29 00:00:00-04:00,8.634652137756348,8.757061958312988,8.446328163146973,8.757061958312988,805208,0.0,0.0
2020-06-30 00:00:00-04:00,8.700565338134766,8.926553726196289,8.549905776977539,8.88888931274414,833351,0.0,0.0
2020-07-01 00:00:00-04:00,8.907720565795898,9.199623107910156,8.855932235717773,9.03954792022705,717275,0.0,0.0
2020-07-02 00:00:00-04:00,9.312618255615234,9.340866088867188,8.61111068725586,8.634652137756348,986173,0.0,0.0
2020-07-06 00:00:00-04:00,8.832391738891602,9.661017417907715,8.738229751586914,9.65160083770752,1794886,0.0,0.0
2020-07-07 00:00:00-04:00,9.538605690002441,9.557438850402832,8.681733131408691,8.757061958312988,1425416,0.0,0.0
2020-07-08 00:00:00-04:00,8.766477584838867,9.04896354675293,8.69114875793457,9.03954792022705,683716,0.0,0.0
2020-07-09 00:00:00-04:00,9.03954792022705,9.190206527709961,8.75235366821289,8.813558578491211,719824,0.0,0.0
2020-07-10 00:00:00-04:00,8.804142951965332,9.18549919128418,8.728814125061035,9.143125534057617,635288,0.0,0.0
2020-07-13 00:00:00-04:00,9.256120681762695,9.322033882141113,8.860639572143555,8.879472732543945,1165439,0.0,0.0
2020-07-14 00:00:00-04:00,8.87005615234375,8.983051300048828,8.531072616577148,8.681733131408691,1865509,0.0,0.0
2020-07-15 00:00:00-04:00,8.954801559448242,9.086628913879395,8.804142951965332,8.935970306396484,1569636,0.0,0.0
2020-07-16 00:00:00-04:00,8.88888931274414,8.89830493927002,8.724104881286621,8.841808319091797,564878,0.0,0.0
2020-07-17 00:00:00-04:00,8.804142951965332,9.18549919128418,8.728814125061035,9.114877700805664,1031096,0.0,0.0
2020-07-20 00:00:00-04:00,9.04896354675293,9.105461120605469,8.846515655517578,8.945385932922363,1742317,0.0,0.0
2020-07-21 00:00:00-04:00,9.086628913879395,9.218456268310547,8.841808319091797,8.87005615234375,822731,0.0,0.0
2020-07-22 00:00:00-04:00,8.794727325439453,9.110169410705566,8.738229751586914,8.964218139648438,675538,0.0,0.0
2020-07-23 00:00:00-04:00,8.935970306396484,8.945385932922363,8.775895118713379,8.88888931274414,862981,0.0,0.0
2020-07-24 00:00:00-04:00,8.879472732543945,8.917137145996094,8.60169506072998,8.681733131408691,644209,0.0,0.0
2020-07-27 00:00:00-04:00,8.67231559753418,8.74764633178711,8.436910629272461,8.606403350830078,580489,0.0,0.0
2020-07-28 00:00:00-04:00,8.549905776977539,8.799434661865234,8.549905776977539,8.644067764282227,546718,0.0,0.0
2020-07-29 00:00:00-04:00,8.709980964660645,8.907720565795898,8.531072616577148,8.89830493927002,697415,0.0,0.0
2020-07-30 00:00:00-04:00,8.74764633178711,9.425612449645996,8.74764633178711,9.39736270904541,1248275,0.0,0.0
2020-07-31 00:00:00-04:00,9.303201675415039,9.952919006347656,9.209039688110352,9.632767677307129,1709289,0.0,0.0
2020-08-03 00:00:00-04:00,9.670433044433594,9.783427238464355,9.180790901184082,9.708098411560059,1247850,0.0,0.0
2020-08-04 00:00:00-04:00,9.708098411560059,10.15065860748291,9.425612449645996,9.726929664611816,732461,0.0,0.0
2020-08-05 00:00:00-04:00,9.952919006347656,9.981167793273926,9.708098411560059,9.858757019042969,534080,0.0,0.0
2020-08-06 00:00:00-04:00,9.576271057128906,9.679848670959473,8.333333015441895,8.333333015441895,2439839,0.0,0.0
2020-08-07 00:00:00-04:00,8.408662796020508,8.785310745239258,8.28625202178955,8.719396591186523,2446105,0.0,0.0
2020-08-10 00:00:00-04:00,8.738229751586914,9.378531455993652,8.738229751586914,9.293785095214844,1434125,0.0,0.0
2020-08-11 00:00:00-04:00,9.406780242919922,9.698681831359863,9.279661178588867,9.322033882141113,1025786,0.0,0.0
2020-08-12 00:00:00-04:00,9.4161958694458,9.77401065826416,9.4161958694458,9.595104217529297,817315,0.0,0.0
2020-08-13 00:00:00-04:00,9.585686683654785,9.64218521118164,8.940677642822266,8.973634719848633,713452,0.0,0.0
2020-08-14 00:00:00-04:00,8.973634719848633,9.256120681762695,8.775895118713379,9.077213287353516,443597,0.0,0.0
2020-08-17 00:00:00-04:00,9.133709907531738,9.133709907531738,8.766477584838867,8.775895118713379,411737,0.0,0.0
2020-08-18 00:00:00-04:00,8.719396591186523,8.935970306396484,8.568737983703613,8.907720565795898,992439,0.0,0.0
2020-08-19 00:00:00-04:00,8.860639572143555,8.983051300048828,8.677023887634277,8.700565338134766,528239,0.0,0.0
2020-08-20 00:00:00-04:00,8.578153610229492,8.794727325439453,8.418079376220703,8.709980964660645,867123,0.0,0.0
2020-08-21 00:00:00-04:00,8.69114875793457,8.69114875793457,8.34274959564209,8.389830589294434,996793,0.0,0.0
2020-08-24 00:00:00-04:00,8.427495002746582,8.67231559753418,8.298493385314941,8.625234603881836,560099,0.0,0.0
2020-08-25 00:00:00-04:00,8.644067764282227,9.138418197631836,8.625234603881836,9.077213287353516,1370723,0.0,0.0
2020-08-26 00:00:00-04:00,8.992466926574707,9.03954792022705,8.75235366821289,8.973634719848633,1069965,0.0,0.0
2020-08-27 00:00:00-04:00,9.001882553100586,9.227871894836426,8.917137145996094,9.152542114257812,1125826,0.0,0.0
2020-08-28 00:00:00-04:00,9.133709907531738,9.35499095916748,9.096044540405273,9.340866088867188,1049999,0.0,0.0
2020-08-31 00:00:00-04:00,9.303201675415039,9.331450462341309,8.973634719848633,8.983051300048828,897602,0.0,0.0
2020-09-01 00:00:00-04:00,8.907720565795898,8.992466926574707,8.709980964660645,8.851223945617676,1289693,0.0,0.0
2020-09-02 00:00:00-04:00,8.851223945617676,9.293785095214844,8.832391738891602,9.26553726196289,654511,0.0,0.0
2020-09-03 00:00:00-04:00,9.27495288848877,9.576271057128906,9.020715713500977,9.12429428100586,1091948,0.0,0.0
2020-09-04 00:00:00-04:00,9.322033882141113,9.387947082519531,8.855932235717773,9.209039688110352,624881,0.0,0.0
2020-09-08 00:00:00-04:00,9.06779670715332,9.086628913879395,8.742938041687012,8.879472732543945,1339501,0.0,0.0
2020-09-09 00:00:00-04:00,8.954801559448242,9.161958694458008,8.841808319091797,9.133709907531738,939233,0.0,0.0
2020-09-10 00:00:00-04:00,9.12429428100586,9.218456268310547,8.69114875793457,8.766477584838867,2430493,0.0,0.0
2020-09-11 00:00:00-04:00,8.989999771118164,8.989999771118164,8.5,8.770000457763672,1558800,0.0,1.062
2020-09-14 00:00:00-04:00,8.979999542236328,9.050000190734863,8.600000381469727,8.600000381469727,1163700,0.0,0.0
2020-09-15 00:00:00-04:00,8.65999984741211,8.65999984741211,8.210000038146973,8.279999732971191,1571300,0.0,0.0
2020-09-16 00:00:00-04:00,8.449999809265137,8.449999809265137,8.010000228881836,8.020000457763672,2451200,0.0,0.0
2020-09-17 00:00:00-04:00,8.0,8.0,7.695000171661377,7.800000190734863,3505700,0.0,0.0
2020-09-18 00:00:00-04:00,7.980000019073486,8.25,7.789999961853027,8.229999542236328,5979600,0.0,0.0
2020-09-21 00:00:00-04:00,8.149999618530273,8.15999984741211,7.960000038146973,8.100000381469727,1984700,0.0,0.0
2020-09-22 00:00:00-04:00,8.050000190734863,8.199999809265137,7.78000020980835,7.949999809265137,1743100,0.0,0.0
2020-09-23 00:00:00-04:00,7.920000076293945,8.09000015258789,7.519999980926514,7.519999980926514,2426500,0.0,0.0
2020-09-24 00:00:00-04:00,7.53000020980835,7.840000152587891,7.4679999351501465,7.670000076293945,2484200,0.0,0.0
2020-09-25 00:00:00-04:00,7.619999885559082,7.789999961853027,7.465000152587891,7.75,2230000,0.0,0.0
2020-09-28 00:00:00-04:00,8.0,8.40999984741211,7.809999942779541,8.279999732971191,2691700,0.0,0.0
2020-09-29 00:00:00-04:00,8.220000267028809,8.510000228881836,8.020000457763672,8.25,1397900,0.0,0.0
2020-09-30 00:00:00-04:00,8.220000267028809,8.274999618530273,8.020000457763672,8.140000343322754,3663500,0.0,0.0
2020-10-01 00:00:00-04:00,8.15999984741211,8.75,8.15999984741211,8.729999542236328,2690100,0.0,0.0
2020-10-02 00:00:00-04:00,8.510000228881836,8.859999656677246,8.359999656677246,8.84000015258789,2376700,0.0,0.0
2020-10-05 00:00:00-04:00,8.920000076293945,9.154999732971191,8.84000015258789,9.140000343322754,1412500,0.0,0.0
2020-10-06 00:00:00-04:00,9.180000305175781,9.300000190734863,8.704999923706055,8.75,1737300,0.0,0.0
2020-10-07 00:00:00-04:00,8.890000343322754,9.170000076293945,8.779999732971191,9.029999732971191,1355500,0.0,0.0
2020-10-08 00:00:00-04:00,9.119999885559082,9.5600004196167,9.039999961853027,9.550000190734863,1294500,0.0,0.0
2020-10-09 00:00:00-04:00,10.0600004196167,10.989999771118164,10.050000190734863,10.9399995803833,5088900,0.0,0.0
2020-10-12 00:00:00-04:00,10.869999885559082,10.975000381469727,10.569999694824219,10.9399995803833,2064800,0.0,0.0
2020-10-13 00:00:00-04:00,10.890000343322754,10.9399995803833,10.645000457763672,10.649999618530273,1384600,0.0,0.0
2020-10-14 00:00:00-04:00,10.65999984741211,10.869999885559082,10.470000267028809,10.550000190734863,1106500,0.0,0.0
2020-10-15 00:00:00-04:00,10.4399995803833,10.505000114440918,10.119999885559082,10.260000228881836,1298200,0.0,0.0
2020-10-16 00:00:00-04:00,10.229999542236328,10.359999656677246,10.0600004196167,10.09000015258789,536100,0.0,0.0
2020-10-19 00:00:00-04:00,10.149999618530273,10.295000076293945,10.079999923706055,10.199999809265137,738800,0.0,0.0
2020-10-20 00:00:00-04:00,10.34000015258789,10.526000022888184,10.1899995803833,10.479999542236328,814900,0.0,0.0
2020-10-21 00:00:00-04:00,10.5,10.59000015258789,10.319999694824219,10.5,775800,0.0,0.0
2020-10-22 00:00:00-04:00,10.569999694824219,10.710000038146973,10.470000267028809,10.539999961853027,549900,0.0,0.0
2020-10-23 00:00:00-04:00,10.600000381469727,10.630000114440918,10.46500015258789,10.520000457763672,559400,0.0,0.0
2020-10-26 00:00:00-04:00,10.40999984741211,10.420000076293945,10.079999923706055,10.260000228881836,936000,0.0,0.0
2020-10-27 00:00:00-04:00,10.270000457763672,10.270000457763672,10.029999732971191,10.199999809265137,881100,0.0,0.0
2020-10-28 00:00:00-04:00,9.9399995803833,10.0600004196167,9.600000381469727,9.75,1865900,0.0,0.0
2020-10-29 00:00:00-04:00,9.699999809265137,9.845000267028809,9.529999732971191,9.770000457763672,651700,0.0,0.0
2020-10-30 00:00:00-04:00,9.729999542236328,9.859999656677246,9.5600004196167,9.720000267028809,1200200,0.0,0.0
2020-11-02 00:00:00-05:00,9.960000038146973,10.0,9.720000267028809,9.800000190734863,896500,0.0,0.0
2020-11-03 00:00:00-05:00,9.970000267028809,10.444999694824219,9.819999694824219,10.369999885559082,831800,0.0,0.0
2020-11-04 00:00:00-05:00,10.25,10.34000015258789,9.979999542236328,10.029999732971191,812900,0.0,0.0
2020-11-05 00:00:00-05:00,9.510000228881836,10.369999885559082,9.5,10.229999542236328,1201900,0.0,0.0
2020-11-06 00:00:00-05:00,10.25,10.319999694824219,9.720000267028809,9.84000015258789,1404000,0.0,0.0
2020-11-09 00:00:00-05:00,10.390000343322754,11.170000076293945,10.359999656677246,10.890000343322754,1931000,0.0,0.0
2020-11-10 00:00:00-05:00,11.050000190734863,11.40999984741211,10.819999694824219,11.279999732971191,1813200,0.0,0.0
2020-11-11 00:00:00-05:00,11.390000343322754,11.420000076293945,11.180000305175781,11.399999618530273,803000,0.0,0.0
2020-11-12 00:00:00-05:00,11.220000267028809,11.46500015258789,10.819999694824219,11.329999923706055,989200,0.0,0.0
2020-11-13 00:00:00-05:00,11.520000457763672,11.6899995803833,11.402999877929688,11.600000381469727,672900,0.0,0.0
2020-11-16 00:00:00-05:00,11.859999656677246,11.930000305175781,11.539999961853027,11.720000267028809,944300,0.0,0.0
2020-11-17 00:00:00-05:00,11.699999809265137,11.960000038146973,11.5,11.9399995803833,795000,0.0,0.0
2020-11-18 00:00:00-05:00,12.0,12.369999885559082,11.90999984741211,11.930000305175781,765300,0.0,0.0
2020-11-19 00:00:00-05:00,11.859999656677246,11.989999771118164,11.661999702453613,11.869999885559082,462900,0.0,0.0
2020-11-20 00:00:00-05:00,11.699999809265137,11.880000114440918,11.609999656677246,11.729999542236328,512700,0.0,0.0
2020-11-23 00:00:00-05:00,11.920000076293945,12.170000076293945,11.789999961853027,12.029999732971191,717800,0.0,0.0
2020-11-24 00:00:00-05:00,12.279999732971191,12.779999732971191,12.109999656677246,12.520000457763672,1129200,0.0,0.0
2020-11-25 00:00:00-05:00,12.40999984741211,12.454999923706055,11.850000381469727,11.989999771118164,1083600,0.0,0.0
2020-11-27 00:00:00-05:00,11.920000076293945,12.0600004196167,11.529999732971191,11.720000267028809,472600,0.0,0.0
2020-11-30 00:00:00-05:00,11.720000267028809,11.960000038146973,11.220000267028809,11.3100004196167,1279200,0.0,0.0
2020-12-01 00:00:00-05:00,11.489999771118164,11.505999565124512,11.289999961853027,11.350000381469727,1033400,0.0,0.0
2020-12-02 00:00:00-05:00,11.34000015258789,11.460000038146973,11.15999984741211,11.430000305175781,687300,0.0,0.0
2020-12-03 00:00:00-05:00,11.4399995803833,11.654999732971191,11.329999923706055,11.359999656677246,1211600,0.0,0.0
2020-12-04 00:00:00-05:00,11.520000457763672,11.800000190734863,11.390000343322754,11.619999885559082,697500,0.0,0.0
2020-12-07 00:00:00-05:00,11.670000076293945,11.720000267028809,11.380000114440918,11.40999984741211,469600,0.0,0.0
2020-12-08 00:00:00-05:00,11.3100004196167,11.529999732971191,11.229999542236328,11.444999694824219,839400,0.0,0.0
2020-12-09 00:00:00-05:00,11.489999771118164,11.829999923706055,11.25,11.34000015258789,882400,0.0,0.0
2020-12-10 00:00:00-05:00,11.300000190734863,11.899999618530273,10.960000038146973,11.6899995803833,1160400,0.0,0.0
2020-12-11 00:00:00-05:00,11.619999885559082,11.729999542236328,11.21500015258789,11.430000305175781,979300,0.0,0.0
2020-12-14 00:00:00-05:00,11.539999961853027,12.300000190734863,11.430000305175781,11.569999694824219,781700,0.0,0.0
2020-12-15 00:00:00-05:00,11.680000305175781,11.850000381469727,11.359999656677246,11.819999694824219,807900,0.0,0.0
2020-12-16 00:00:00-05:00,11.859999656677246,12.0,11.5,11.579999923706055,422600,0.0,0.0
2020-12-17 00:00:00-05:00,11.619999885559082,11.680000305175781,11.5,11.680000305175781,606100,0.0,0.0
2020-12-18 00:00:00-05:00,11.720000267028809,11.819999694824219,11.470000267028809,11.479999542236328,1721000,0.0,0.0
2020-12-21 00:00:00-05:00,11.170000076293945,11.329999923706055,10.920000076293945,11.069999694824219,1238100,0.0,0.0
2020-12-22 00:00:00-05:00,11.109999656677246,11.109999656677246,10.720000267028809,10.920000076293945,701000,0.0,0.0
2020-12-23 00:00:00-05:00,10.850000381469727,11.319999694824219,10.75,11.274999618530273,655200,0.0,0.0
2020-12-24 00:00:00-05:00,11.289999961853027,11.350000381469727,11.180000305175781,11.239999771118164,176500,0.0,0.0
2020-12-28 00:00:00-05:00,11.430000305175781,11.489999771118164,11.229999542236328,11.270000457763672,449300,0.0,0.0
2020-12-29 00:00:00-05:00,11.3100004196167,11.319999694824219,11.039999961853027,11.15999984741211,469600,0.0,0.0
2020-12-30 00:00:00-05:00,11.15999984741211,11.199999809265137,10.9399995803833,11.079999923706055,530000,0.0,0.0
2020-12-31 00:00:00-05:00,11.079999923706055,11.270000457763672,10.899999618530273,11.09000015258789,811100,0.0,0.0
2021-01-04 00:00:00-05:00,11.210000038146973,11.380000114440918,10.914999961853027,11.100000381469727,755600,0.0,0.0
2021-01-05 00:00:00-05:00,11.0600004196167,11.199999809265137,10.84000015258789,11.109999656677246,664900,0.0,0.0
2021-01-06 00:00:00-05:00,11.289999961853027,12.059000015258789,11.1899995803833,11.760000228881836,1033300,0.0,0.0
2021-01-07 00:00:00-05:00,11.859999656677246,12.210000038146973,11.699999809265137,12.069999694824219,739400,0.0,0.0
2021-01-08 00:00:00-05:00,12.09000015258789,12.123000144958496,11.489999771118164,11.5,1054900,0.0,0.0
2021-01-11 00:00:00-05:00,11.289999961853027,11.359999656677246,10.979999542236328,11.079999923706055,495800,0.0,0.0
2021-01-12 00:00:00-05:00,11.069999694824219,11.449999809265137,10.890000343322754,11.350000381469727,825800,0.0,0.0
2021-01-13 00:00:00-05:00,11.289999961853027,11.539999961853027,11.100000381469727,11.289999961853027,567600,0.0,0.0
2021-01-14 00:00:00-05:00,11.319999694824219,11.5,11.130000114440918,11.170000076293945,688300,0.0,0.0
2021-01-15 00:00:00-05:00,11.079999923706055,11.279999732971191,10.845000267028809,11.140000343322754,749000,0.0,0.0
2021-01-19 00:00:00-05:00,11.3100004196167,11.3100004196167,10.930000305175781,11.09000015258789,709800,0.0,0.0
2021-01-20 00:00:00-05:00,11.15999984741211,11.229999542236328,10.920000076293945,10.920000076293945,438700,0.0,0.0
2021-01-21 00:00:00-05:00,11.0,11.0,10.680000305175781,10.6899995803833,550300,0.0,0.0
2021-01-22 00:00:00-05:00,10.593999862670898,10.729999542236328,10.319999694824219,10.720000267028809,736200,0.0,0.0
2021-01-25 00:00:00-05:00,10.59000015258789,10.885000228881836,10.430000305175781,10.6850004196167,875600,0.0,0.0
2021-01-26 00:00:00-05:00,10.899999618530273,10.920000076293945,10.5649995803833,10.630000114440918,510900,0.0,0.0
2021-01-27 00:00:00-05:00,10.449999809265137,10.520000457763672,10.09000015258789,10.180000305175781,1225700,0.0,0.0
2021-01-28 00:00:00-05:00,10.380000114440918,10.380000114440918,10.069999694824219,10.220000267028809,1446800,0.0,0.0
2021-01-29 00:00:00-05:00,10.170000076293945,10.1899995803833,9.75,9.890000343322754,1120000,0.0,0.0
2021-02-01 00:00:00-05:00,10.050000190734863,10.100000381469727,9.739999771118164,9.960000038146973,1182700,0.0,0.0
2021-02-02 00:00:00-05:00,9.960000038146973,10.149999618530273,9.819999694824219,10.069999694824219,683400,0.0,0.0
2021-02-03 00:00:00-05:00,10.170000076293945,10.350000381469727,9.949999809265137,10.244999885559082,677400,0.0,0.0
2021-02-04 00:00:00-05:00,10.25,10.529999732971191,10.15999984741211,10.529999732971191,1009300,0.0,0.0
2021-02-05 00:00:00-05:00,10.65999984741211,10.9399995803833,10.470000267028809,10.9399995803833,1189000,0.0,0.0
2021-02-08 00:00:00-05:00,11.029999732971191,11.880000114440918,10.90999984741211,11.859999656677246,1525200,0.0,0.0
2021-02-09 00:00:00-05:00,11.779999732971191,11.8100004196167,11.300000190734863,11.494999885559082,1189700,0.0,0.0
2021-02-10 00:00:00-05:00,11.539999961853027,11.670000076293945,11.420000076293945,11.4399995803833,730000,0.0,0.0
2021-02-11 00:00:00-05:00,11.354999542236328,11.640000343322754,11.210000038146973,11.529999732971191,685800,0.0,0.0
2021-02-12 00:00:00-05:00,11.5,11.600000381469727,11.380000114440918,11.399999618530273,723200,0.0,0.0
2021-02-16 00:00:00-05:00,11.40999984741211,11.75,11.40999984741211,11.619999885559082,844200,0.0,0.0
2021-02-17 00:00:00-05:00,11.600000381469727,11.954999923706055,11.5,11.829999923706055,837700,0.0,0.0
2021-02-18 00:00:00-05:00,11.739999771118164,11.9399995803833,11.449999809265137,11.489999771118164,618800,0.0,0.0
2021-02-19 00:00:00-05:00,11.489999771118164,11.600000381469727,11.369999885559082,11.479999542236328,566600,0.0,0.0
2021-02-22 00:00:00-05:00,11.420000076293945,11.697999954223633,11.270000457763672,11.569999694824219,683300,0.0,0.0
2021-02-23 00:00:00-05:00,11.529999732971191,11.619999885559082,11.25,11.449999809265137,714000,0.0,0.0
2021-02-24 00:00:00-05:00,11.529999732971191,11.670000076293945,11.149999618530273,11.180000305175781,864000,0.0,0.0
2021-02-25 00:00:00-05:00,11.109999656677246,11.300000190734863,10.59000015258789,10.739999771118164,875400,0.0,0.0
2021-02-26 00:00:00-05:00,10.84000015258789,11.1899995803833,10.609999656677246,10.960000038146973,1024400,0.0,0.0
2021-03-01 00:00:00-05:00,11.229999542236328,12.489999771118164,11.130000114440918,12.475000381469727,1096000,0.0,0.0
2021-03-02 00:00:00-05:00,12.40999984741211,12.90999984741211,12.210000038146973,12.524999618530273,875500,0.0,0.0
2021-03-03 00:00:00-05:00,12.539999961853027,13.149999618530273,12.430000305175781,12.979999542236328,785900,0.0,0.0
2021-03-04 00:00:00-05:00,13.0,13.229999542236328,12.600000381469727,12.654999732971191,978700,0.0,0.0
2021-03-05 00:00:00-05:00,12.829999923706055,13.350000381469727,12.645000457763672,12.979999542236328,975300,0.0,0.0
2021-03-08 00:00:00-05:00,13.010000228881836,13.5600004196167,12.739999771118164,13.420000076293945,1274100,0.0,0.0
2021-03-09 00:00:00-05:00,13.539999961853027,13.899999618530273,13.119999885559082,13.579999923706055,918100,0.0,0.0
2021-03-10 00:00:00-05:00,13.706999778747559,14.5,13.59000015258789,14.3100004196167,1141200,0.0,0.0
2021-03-11 00:00:00-05:00,14.3100004196167,14.399999618530273,13.800000190734863,13.880000114440918,959100,0.0,0.0
2021-03-12 00:00:00-05:00,14.0600004196167,14.574999809265137,13.920000076293945,14.550000190734863,789100,0.0,0.0
2021-03-15 00:00:00-04:00,14.520000457763672,14.930000305175781,14.34000015258789,14.5,586000,0.0,0.0
2021-03-16 00:00:00-04:00,14.210000038146973,14.420000076293945,13.970000267028809,14.100000381469727,838700,0.0,0.0
2021-03-17 00:00:00-04:00,13.970000267028809,14.609999656677246,13.800000190734863,14.539999961853027,680800,0.0,0.0
2021-03-18 00:00:00-04:00,14.350000381469727,14.649999618530273,14.039999961853027,14.104999542236328,945600,0.0,0.0
2021-03-19 00:00:00-04:00,14.149999618530273,14.635000228881836,13.850000381469727,14.4399995803833,2213400,0.0,0.0
2021-03-22 00:00:00-04:00,14.350000381469727,14.5649995803833,13.479999542236328,14.470000267028809,429500,0.0,0.0
2021-03-23 00:00:00-04:00,14.260000228881836,14.539999961853027,13.5,13.9399995803833,1127200,0.0,0.0
2021-03-24 00:00:00-04:00,14.050000190734863,14.359999656677246,13.550000190734863,13.579999923706055,464600,0.0,0.0
2021-03-25 00:00:00-04:00,13.5600004196167,13.800000190734863,13.260000228881836,13.75,354100,0.0,0.0
2021-03-26 00:00:00-04:00,14.0,14.239999771118164,13.479999542236328,13.670000076293945,527100,0.0,0.0
2021-03-29 00:00:00-04:00,13.600000381469727,13.630000114440918,13.125,13.260000228881836,595200,0.0,0.0
2021-03-30 00:00:00-04:00,13.199999809265137,13.59000015258789,13.149999618530273,13.229999542236328,657000,0.0,0.0
2021-03-31 00:00:00-04:00,13.210000038146973,13.529999732971191,12.979999542236328,12.979999542236328,950000,0.0,0.0
2021-04-01 00:00:00-04:00,12.920000076293945,13.380000114440918,12.859999656677246,13.369999885559082,585800,0.0,0.0
2021-04-05 00:00:00-04:00,13.520000457763672,13.670000076293945,13.34000015258789,13.489999771118164,443900,0.0,0.0
2021-04-06 00:00:00-04:00,13.430000305175781,13.8100004196167,13.395000457763672,13.75,474500,0.0,0.0
2021-04-07 00:00:00-04:00,13.789999961853027,13.970000267028809,13.710000038146973,13.795000076293945,445900,0.0,0.0
2021-04-08 00:00:00-04:00,13.789999961853027,14.069999694824219,13.5600004196167,14.020000457763672,545400,0.0,0.0
2021-04-09 00:00:00-04:00,13.960000038146973,14.140000343322754,13.800000190734863,14.050000190734863,469500,0.0,0.0
2021-04-12 00:00:00-04:00,14.199999809265137,14.199999809265137,13.869999885559082,13.944999694824219,540500,0.0,0.0
2021-04-13 00:00:00-04:00,13.84000015258789,14.039999961853027,13.640000343322754,13.755000114440918,523600,0.0,0.0
2021-04-14 00:00:00-04:00,13.75,14.170000076293945,13.270000457763672,13.90999984741211,399900,0.0,0.0
2021-04-15 00:00:00-04:00,14.069999694824219,14.199999809265137,13.920000076293945,14.010000228881836,500700,0.0,0.0
2021-04-16 00:00:00-04:00,14.130000114440918,14.140000343322754,13.859999656677246,14.0,652100,0.0,0.0
2021-04-19 00:00:00-04:00,13.890000343322754,14.109999656677246,13.430000305175781,13.699999809265137,679100,0.0,0.0
2021-04-20 00:00:00-04:00,13.569999694824219,13.90999984741211,13.460000038146973,13.90999984741211,728500,0.0,0.0
2021-04-21 00:00:00-04:00,13.800000190734863,14.170000076293945,13.800000190734863,13.9399995803833,509800,0.0,0.0
2021-04-22 00:00:00-04:00,13.989999771118164,14.050000190734863,13.739999771118164,13.789999961853027,517800,0.0,0.0
2021-04-23 00:00:00-04:00,13.850000381469727,14.175000190734863,13.729999542236328,14.039999961853027,511500,0.0,0.0
2021-04-26 00:00:00-04:00,14.260000228881836,14.420000076293945,14.069999694824219,14.149999618530273,362500,0.0,0.0
2021-04-27 00:00:00-04:00,14.149999618530273,14.199999809265137,13.729999542236328,13.84000015258789,406800,0.0,0.0
2021-04-28 00:00:00-04:00,13.890000343322754,14.020000457763672,13.3100004196167,13.890000343322754,619500,0.0,0.0
2021-04-29 00:00:00-04:00,14.069999694824219,14.199999809265137,13.890000343322754,14.0649995803833,400800,0.0,0.0
2021-04-30 00:00:00-04:00,13.920000076293945,14.140000343322754,13.829999923706055,13.949999809265137,543700,0.0,0.0
2021-05-03 00:00:00-04:00,14.079999923706055,14.329999923706055,14.026000022888184,14.300000190734863,541200,0.0,0.0
2021-05-04 00:00:00-04:00,14.300000190734863,14.300000190734863,13.90999984741211,14.21500015258789,533500,0.0,0.0
2021-05-05 00:00:00-04:00,13.890000343322754,14.4350004196167,13.630000114440918,14.399999618530273,500200,0.0,0.0
2021-05-06 00:00:00-04:00,14.34000015258789,14.899999618530273,14.0,14.609999656677246,858800,0.0,0.0
2021-05-07 00:00:00-04:00,14.510000228881836,14.640000343322754,13.880000114440918,14.630000114440918,672600,0.0,0.0
2021-05-10 00:00:00-04:00,14.710000038146973,14.899999618530273,14.0649995803833,14.119999885559082,556600,0.0,0.0
2021-05-11 00:00:00-04:00,13.84000015258789,14.130000114440918,13.569999694824219,13.9399995803833,538700,0.0,0.0
2021-05-12 00:00:00-04:00,13.869999885559082,13.979999542236328,13.680000305175781,13.699999809265137,760400,0.0,0.0
2021-05-13 00:00:00-04:00,13.699999809265137,14.130000114440918,13.699999809265137,14.020000457763672,357600,0.0,0.0
2021-05-14 00:00:00-04:00,14.119999885559082,14.449999809265137,14.09000015258789,14.420000076293945,424500,0.0,0.0
2021-05-17 00:00:00-04:00,14.390000343322754,14.479999542236328,14.079999923706055,14.170000076293945,532300,0.0,0.0
2021-05-18 00:00:00-04:00,14.170000076293945,14.300000190734863,13.880000114440918,13.899999618530273,599800,0.0,0.0
2021-05-19 00:00:00-04:00,13.710000038146973,13.925000190734863,13.430000305175781,13.539999961853027,455100,0.0,0.0
2021-05-20 00:00:00-04:00,13.550000190734863,13.949999809265137,13.279999732971191,13.890000343322754,508300,0.0,0.0
2021-05-21 00:00:00-04:00,14.100000381469727,14.210000038146973,13.845000267028809,13.899999618530273,312100,0.0,0.0
2021-05-24 00:00:00-04:00,13.90999984741211,14.140000343322754,13.680000305175781,14.079999923706055,433000,0.0,0.0
2021-05-25 00:00:00-04:00,14.130000114440918,14.449999809265137,13.984999656677246,14.039999961853027,990700,0.0,0.0
2021-05-26 00:00:00-04:00,14.100000381469727,14.640000343322754,14.010000228881836,14.59000015258789,564100,0.0,0.0
2021-05-27 00:00:00-04:00,14.640000343322754,14.75,14.40999984741211,14.430000305175781,594400,0.0,0.0
2021-05-28 00:00:00-04:00,13.600000381469727,14.529999732971191,13.600000381469727,14.380000114440918,332300,0.0,0.0
2021-06-01 00:00:00-04:00,14.380000114440918,14.819999694824219,14.3100004196167,14.770000457763672,480700,0.0,0.0
2021-06-02 00:00:00-04:00,14.640000343322754,14.899999618530273,14.420000076293945,14.449999809265137,500700,0.0,0.0
2021-06-03 00:00:00-04:00,14.449999809265137,14.520000457763672,14.130000114440918,14.40999984741211,401200,0.0,0.0
2021-06-04 00:00:00-04:00,14.510000228881836,14.789999961853027,14.34000015258789,14.640000343322754,363700,0.0,0.0
2021-06-07 00:00:00-04:00,14.65999984741211,14.954999923706055,14.460000038146973,14.510000228881836,528900,0.0,0.0
2021-06-08 00:00:00-04:00,14.520000457763672,14.520000457763672,14.020000457763672,14.029999732971191,557400,0.0,0.0
2021-06-09 00:00:00-04:00,14.050000190734863,14.119999885559082,13.75,13.760000228881836,722100,0.0,0.0
2021-06-10 00:00:00-04:00,13.779999732971191,14.300000190734863,13.779999732971191,14.1899995803833,592000,0.0,0.0
2021-06-11 00:00:00-04:00,14.260000228881836,14.390000343322754,14.029999732971191,14.050000190734863,305300,0.0,0.0
2021-06-14 00:00:00-04:00,14.100000381469727,14.116000175476074,13.899999618530273,14.069999694824219,328200,0.0,0.0
2021-06-15 00:00:00-04:00,14.130000114440918,14.28499984741211,13.979999542236328,14.199999809265137,410200,0.0,0.0
2021-06-16 00:00:00-04:00,14.229999542236328,14.34000015258789,14.020000457763672,14.270000457763672,521400,0.0,0.0
2021-06-17 00:00:00-04:00,14.229999542236328,14.640000343322754,14.147000312805176,14.369999885559082,996500,0.0,0.0
2021-06-18 00:00:00-04:00,14.210000038146973,14.460000038146973,13.970000267028809,14.1899995803833,2971300,0.0,0.0
2021-06-21 00:00:00-04:00,14.229999542236328,14.3100004196167,14.09000015258789,14.289999961853027,373500,0.0,0.0
2021-06-22 00:00:00-04:00,14.300000190734863,14.380000114440918,14.0600004196167,14.34000015258789,338700,0.0,0.0
2021-06-23 00:00:00-04:00,14.34000015258789,14.489999771118164,14.220000267028809,14.319999694824219,421000,0.0,0.0
2021-06-24 00:00:00-04:00,14.40999984741211,14.59000015258789,14.279999732971191,14.5600004196167,369100,0.0,0.0
2021-06-25 00:00:00-04:00,14.5600004196167,14.869999885559082,14.53499984741211,14.739999771118164,1536400,0.0,0.0
2021-06-28 00:00:00-04:00,14.760000228881836,14.800000190734863,14.199999809265137,14.350000381469727,518300,0.0,0.0
2021-06-29 00:00:00-04:00,14.390000343322754,14.59000015258789,14.109999656677246,14.119999885559082,315600,0.0,0.0
2021-06-30 00:00:00-04:00,14.069999694824219,14.23799991607666,13.960000038146973,14.100000381469727,461300,0.0,0.0
2021-07-01 00:00:00-04:00,14.180000305175781,14.319999694824219,14.069999694824219,14.1899995803833,381500,0.0,0.0
2021-07-02 00:00:00-04:00,14.15999984741211,14.229999542236328,13.760000228881836,13.899999618530273,421000,0.0,0.0
2021-07-06 00:00:00-04:00,13.979999542236328,13.979999542236328,13.59000015258789,13.6899995803833,637200,0.0,0.0
2021-07-07 00:00:00-04:00,13.640000343322754,13.8100004196167,13.460000038146973,13.479999542236328,482400,0.0,0.0
2021-07-08 00:00:00-04:00,13.180000305175781,13.449999809265137,13.109999656677246,13.260000228881836,575400,0.0,0.0
2021-07-09 00:00:00-04:00,13.199999809265137,14.010000228881836,13.199999809265137,14.0,520900,0.0,0.0
2021-07-12 00:00:00-04:00,13.960000038146973,14.329999923706055,13.859999656677246,14.3100004196167,889500,0.0,0.0
2021-07-13 00:00:00-04:00,14.3100004196167,14.359999656677246,13.970000267028809,14.109999656677246,446900,0.0,0.0
2021-07-14 00:00:00-04:00,14.140000343322754,14.279999732971191,13.90999984741211,13.979999542236328,440900,0.0,0.0
2021-07-15 00:00:00-04:00,13.920000076293945,14.029999732971191,13.765000343322754,13.800000190734863,298100,0.0,0.0
2021-07-16 00:00:00-04:00,13.960000038146973,13.960000038146973,13.569999694824219,13.569999694824219,445100,0.0,0.0
2021-07-19 00:00:00-04:00,13.020000457763672,13.479999542236328,12.970000267028809,13.109999656677246,718400,0.0,0.0
2021-07-20 00:00:00-04:00,13.119999885559082,14.0600004196167,13.039999961853027,13.970000267028809,1278000,0.0,0.0
2021-07-21 00:00:00-04:00,14.100000381469727,14.449999809265137,14.100000381469727,14.15999984741211,506700,0.0,0.0
2021-07-22 00:00:00-04:00,13.96500015258789,14.149999618530273,13.899999618530273,14.100000381469727,513700,0.0,0.0
2021-07-23 00:00:00-04:00,14.1899995803833,14.279999732971191,14.039999961853027,14.229999542236328,333700,0.0,0.0
2021-07-26 00:00:00-04:00,14.3100004196167,14.420000076293945,14.029999732971191,14.229999542236328,516300,0.0,0.0
2021-07-27 00:00:00-04:00,14.09000015258789,14.210000038146973,13.869999885559082,14.069999694824219,585800,0.0,0.0
2021-07-28 00:00:00-04:00,14.130000114440918,14.3100004196167,13.880000114440918,14.199999809265137,572700,0.0,0.0
2021-07-29 00:00:00-04:00,14.289999961853027,14.399999618530273,13.920000076293945,13.920000076293945,381300,0.0,0.0
2021-07-30 00:00:00-04:00,13.920000076293945,14.119999885559082,13.670000076293945,13.829999923706055,428900,0.0,0.0
2021-08-02 00:00:00-04:00,13.930000305175781,14.09000015258789,13.420000076293945,13.449999809265137,463900,0.0,0.0
2021-08-03 00:00:00-04:00,13.550000190734863,13.640000343322754,13.140000343322754,13.4399995803833,352700,0.0,0.0
2021-08-04 00:00:00-04:00,13.260000228881836,13.4399995803833,13.079999923706055,13.09000015258789,462500,0.0,0.0
2021-08-05 00:00:00-04:00,13.3100004196167,14.774999618530273,13.180000305175781,14.529999732971191,1371000,0.0,0.0
2021-08-06 00:00:00-04:00,14.609999656677246,14.694999694824219,14.130000114440918,14.149999618530273,502300,0.0,0.0
2021-08-09 00:00:00-04:00,14.170000076293945,14.399999618530273,13.854999542236328,13.859999656677246,398900,0.0,0.0
2021-08-10 00:00:00-04:00,13.84000015258789,13.9399995803833,13.630000114440918,13.75,311800,0.0,0.0
2021-08-11 00:00:00-04:00,13.789999961853027,13.954999923706055,13.609999656677246,13.90999984741211,347500,0.0,0.0
2021-08-12 00:00:00-04:00,13.84000015258789,13.880000114440918,13.609999656677246,13.770000457763672,266900,0.0,0.0
2021-08-13 00:00:00-04:00,13.829999923706055,13.829999923706055,13.510000228881836,13.5600004196167,301900,0.0,0.0
2021-08-16 00:00:00-04:00,13.40999984741211,13.609999656677246,13.305000305175781,13.40999984741211,343000,0.0,0.0
2021-08-17 00:00:00-04:00,13.220000267028809,13.414999961853027,13.069999694824219,13.130000114440918,615500,0.0,0.0
2021-08-18 00:00:00-04:00,13.109999656677246,13.529999732971191,13.050000190734863,13.359999656677246,694200,0.0,0.0
2021-08-19 00:00:00-04:00,13.229999542236328,13.300000190734863,12.829999923706055,12.899999618530273,748800,0.0,0.0
2021-08-20 00:00:00-04:00,12.84000015258789,13.829999923706055,12.8149995803833,13.8100004196167,1020100,0.0,0.0
2021-08-23 00:00:00-04:00,13.930000305175781,14.260000228881836,13.899999618530273,14.119999885559082,644700,0.0,0.0
2021-08-24 00:00:00-04:00,14.0,14.470000267028809,13.880000114440918,14.300000190734863,511400,0.0,0.0
2021-08-25 00:00:00-04:00,14.289999961853027,14.609999656677246,14.100000381469727,14.59000015258789,722900,0.0,0.0
2021-08-26 00:00:00-04:00,14.510000228881836,14.725000381469727,14.380000114440918,14.5,718600,0.0,0.0
2021-08-27 00:00:00-04:00,14.609999656677246,14.9399995803833,14.479999542236328,14.550000190734863,543300,0.0,0.0
2021-08-30 00:00:00-04:00,14.5600004196167,14.59000015258789,14.329999923706055,14.359999656677246,800700,0.0,0.0
2021-08-31 00:00:00-04:00,14.460000038146973,14.569999694824219,14.289999961853027,14.390000343322754,461700,0.0,0.0
2021-09-01 00:00:00-04:00,14.40999984741211,14.529999732971191,14.3100004196167,14.359999656677246,325400,0.0,0.0
2021-09-02 00:00:00-04:00,14.4399995803833,14.550000190734863,14.34000015258789,14.420000076293945,336500,0.0,0.0
2021-09-03 00:00:00-04:00,14.520000457763672,14.619999885559082,14.279999732971191,14.350000381469727,430900,0.0,0.0
2021-09-07 00:00:00-04:00,14.289999961853027,14.390000343322754,14.0,14.020000457763672,595800,0.0,0.0
2021-09-08 00:00:00-04:00,13.949999809265137,14.199999809265137,13.739999771118164,14.050000190734863,573000,0.0,0.0
2021-09-09 00:00:00-04:00,13.979999542236328,13.979999542236328,13.649999618530273,13.65999984741211,495100,0.0,0.0
2021-09-10 00:00:00-04:00,13.8100004196167,13.8100004196167,13.390000343322754,13.430000305175781,531800,0.0,0.0
2021-09-13 00:00:00-04:00,13.550000190734863,13.770000457763672,13.40999984741211,13.729999542236328,620500,0.0,0.0
2021-09-14 00:00:00-04:00,13.859999656677246,13.859999656677246,13.239999771118164,13.300000190734863,2036700,0.0,0.0
2021-09-15 00:00:00-04:00,13.359999656677246,13.630000114440918,12.789999961853027,13.050000190734863,1001800,0.0,0.0
2021-09-16 00:00:00-04:00,13.09000015258789,13.164999961853027,12.800000190734863,12.90999984741211,689600,0.0,0.0
2021-09-17 00:00:00-04:00,12.819999694824219,13.079999923706055,12.640000343322754,12.710000038146973,3433100,0.0,0.0
2021-09-20 00:00:00-04:00,12.420000076293945,12.9399995803833,12.15999984741211,12.359999656677246,902500,0.0,0.0
2021-09-21 00:00:00-04:00,12.460000038146973,12.5600004196167,12.210000038146973,12.239999771118164,600800,0.0,0.0
2021-09-22 00:00:00-04:00,12.289999961853027,12.609999656677246,12.279999732971191,12.449999809265137,715200,0.0,0.0
2021-09-23 00:00:00-04:00,12.5,12.71500015258789,12.430000305175781,12.65999984741211,521800,0.0,0.0
2021-09-24 00:00:00-04:00,12.539999961853027,12.600000381469727,12.380000114440918,12.489999771118164,568100,0.0,0.0
2021-09-27 00:00:00-04:00,12.520000457763672,12.930000305175781,12.489999771118164,12.670000076293945,463500,0.0,0.0
2021-09-28 00:00:00-04:00,12.65999984741211,12.90999984741211,12.380000114440918,12.399999618530273,590900,0.0,0.0
2021-09-29 00:00:00-04:00,12.5,12.899999618530273,12.324999809265137,12.859999656677246,751700,0.0,0.0
2021-09-30 00:00:00-04:00,12.90999984741211,13.154999732971191,12.819999694824219,13.119999885559082,647300,0.0,0.0
2021-10-01 00:00:00-04:00,13.199999809265137,13.329999923706055,12.954999923706055,13.170000076293945,626700,0.0,0.0
2021-10-04 00:00:00-04:00,13.100000381469727,13.350000381469727,12.850000381469727,13.140000343322754,560000,0.0,0.0
2021-10-05 00:00:00-04:00,13.220000267028809,13.380000114440918,12.975000381469727,13.239999771118164,308500,0.0,0.0
2021-10-06 00:00:00-04:00,13.149999618530273,13.180000305175781,12.770000457763672,12.880000114440918,577800,0.0,0.0
2021-10-07 00:00:00-04:00,12.979999542236328,13.079999923706055,12.739999771118164,12.789999961853027,663800,0.0,0.0
2021-10-08 00:00:00-04:00,12.859999656677246,12.949999809265137,12.569999694824219,12.579999923706055,390100,0.0,0.0
2021-10-11 00:00:00-04:00,12.569999694824219,12.710000038146973,12.479999542236328,12.489999771118164,355100,0.0,0.0
2021-10-12 00:00:00-04:00,12.529999732971191,12.604999542236328,12.369999885559082,12.529999732971191,495400,0.0,0.0
2021-10-13 00:00:00-04:00,12.600000381469727,12.630000114440918,12.359999656677246,12.40999984741211,273800,0.0,0.0
2021-10-14 00:00:00-04:00,12.539999961853027,12.90999984741211,12.449999809265137,12.869999885559082,1083500,0.0,0.0
2021-10-15 00:00:00-04:00,13.130000114440918,13.239999771118164,12.779999732971191,12.779999732971191,535100,0.0,0.0
2021-10-18 00:00:00-04:00,12.779999732971191,12.875,12.380000114440918,12.449999809265137,364700,0.0,0.0
2021-10-19 00:00:00-04:00,12.550000190734863,12.729999542236328,12.239999771118164,12.350000381469727,645000,0.0,0.0
2021-10-20 00:00:00-04:00,12.369999885559082,12.800000190734863,12.350000381469727,12.619999885559082,487800,0.0,0.0
2021-10-21 00:00:00-04:00,12.630000114440918,12.6850004196167,12.260000228881836,12.279999732971191,267500,0.0,0.0
2021-10-22 00:00:00-04:00,12.289999961853027,12.510000228881836,12.220000267028809,12.260000228881836,455500,0.0,0.0
2021-10-25 00:00:00-04:00,12.270000457763672,12.359999656677246,12.119999885559082,12.170000076293945,392000,0.0,0.0
2021-10-26 00:00:00-04:00,12.180000305175781,12.210000038146973,11.944999694824219,11.970000267028809,530300,0.0,0.0
2021-10-27 00:00:00-04:00,11.9399995803833,12.244999885559082,11.800000190734863,12.180000305175781,857200,0.0,0.0
2021-10-28 00:00:00-04:00,12.199999809265137,12.279999732971191,12.069999694824219,12.140000343322754,895300,0.0,0.0
2021-10-29 00:00:00-04:00,12.069999694824219,12.229999542236328,11.899999618530273,12.029999732971191,820800,0.0,0.0
2021-11-01 00:00:00-04:00,12.15999984741211,12.890000343322754,12.100000381469727,12.850000381469727,821700,0.0,0.0
2021-11-02 00:00:00-04:00,12.819999694824219,13.010000228881836,12.65999984741211,12.739999771118164,855200,0.0,0.0
2021-11-03 00:00:00-04:00,12.829999923706055,13.130000114440918,12.25,13.029999732971191,882100,0.0,0.0
2021-11-04 00:00:00-04:00,13.279999732971191,13.279999732971191,12.9399995803833,13.0600004196167,681400,0.0,0.0
2021-11-05 00:00:00-04:00,13.279999732971191,13.630000114440918,12.960000038146973,13.359999656677246,866800,0.0,0.0
2021-11-08 00:00:00-05:00,13.399999618530273,13.579999923706055,13.130000114440918,13.1899995803833,308700,0.0,0.0
2021-11-09 00:00:00-05:00,13.220000267028809,13.329999923706055,13.079999923706055,13.15999984741211,585600,0.0,0.0
2021-11-10 00:00:00-05:00,13.15999984741211,13.399999618530273,13.15999984741211,13.229999542236328,442200,0.0,0.0
2021-11-11 00:00:00-05:00,13.229999542236328,13.4399995803833,13.204999923706055,13.300000190734863,511100,0.0,0.0
2021-11-12 00:00:00-05:00,13.359999656677246,13.489999771118164,13.335000038146973,13.460000038146973,460300,0.0,0.0
2021-11-15 00:00:00-05:00,13.479999542236328,13.880000114440918,13.210000038146973,13.270000457763672,713400,0.0,0.0
2021-11-16 00:00:00-05:00,13.289999961853027,13.295000076293945,12.819999694824219,12.869999885559082,720600,0.0,0.0
2021-11-17 00:00:00-05:00,13.0,13.0600004196167,12.520000457763672,12.59000015258789,1545300,0.0,0.0
2021-11-18 00:00:00-05:00,12.630000114440918,12.649999618530273,12.010000228881836,12.180000305175781,1104000,0.0,0.0
2021-11-19 00:00:00-05:00,12.130000114440918,12.279999732971191,12.039999961853027,12.220000267028809,653300,0.0,0.0
2021-11-22 00:00:00-05:00,12.329999923706055,12.550000190734863,12.130000114440918,12.149999618530273,760000,0.0,0.0
2021-11-23 00:00:00-05:00,12.1899995803833,12.364999771118164,12.029999732971191,12.329999923706055,1036500,0.0,0.0
2021-11-24 00:00:00-05:00,12.220000267028809,12.289999961853027,12.140000343322754,12.220000267028809,480400,0.0,0.0
2021-11-26 00:00:00-05:00,11.800000190734863,11.899999618530273,11.1899995803833,11.449999809265137,844600,0.0,0.0
2021-11-29 00:00:00-05:00,11.579999923706055,11.609999656677246,11.300000190734863,11.369999885559082,927600,0.0,0.0
2021-11-30 00:00:00-05:00,11.210000038146973,11.350000381469727,10.744999885559082,11.239999771118164,1770200,0.0,0.0
2021-12-01 00:00:00-05:00,11.529999732971191,11.850000381469727,10.979999542236328,11.0,1466900,0.0,0.0
2021-12-02 00:00:00-05:00,11.079999923706055,11.3100004196167,11.079999923706055,11.300000190734863,807300,0.0,0.0
2021-12-03 00:00:00-05:00,11.40999984741211,11.520000457763672,11.079999923706055,11.149999618530273,931500,0.0,0.0
2021-12-06 00:00:00-05:00,11.319999694824219,12.029999732971191,11.220000267028809,11.850000381469727,829500,0.0,0.0
2021-12-07 00:00:00-05:00,12.010000228881836,12.050000190734863,11.454999923706055,11.5,754700,0.0,0.0
2021-12-08 00:00:00-05:00,11.479999542236328,11.670000076293945,11.295000076293945,11.319999694824219,635600,0.0,0.0
2021-12-09 00:00:00-05:00,11.229999542236328,11.359999656677246,11.109999656677246,11.170000076293945,682400,0.0,0.0
2021-12-10 00:00:00-05:00,11.260000228881836,11.350000381469727,11.109999656677246,11.1899995803833,1454400,0.0,0.0
2021-12-13 00:00:00-05:00,11.149999618530273,11.1899995803833,10.9399995803833,11.050000190734863,868500,0.0,0.0
2021-12-14 00:00:00-05:00,10.989999771118164,11.239999771118164,10.90999984741211,10.930000305175781,748000,0.0,0.0
2021-12-15 00:00:00-05:00,10.979999542236328,11.029999732971191,10.609999656677246,10.890000343322754,983200,0.0,0.0
2021-12-16 00:00:00-05:00,11.039999961853027,11.149999618530273,10.720000267028809,10.760000228881836,1200300,0.0,0.0
2021-12-17 00:00:00-05:00,10.829999923706055,11.239999771118164,10.75,11.180000305175781,2556800,0.0,0.0
2021-12-20 00:00:00-05:00,11.0,11.050000190734863,10.579999923706055,10.6899995803833,1003200,0.0,0.0
2021-12-21 00:00:00-05:00,10.829999923706055,11.46500015258789,10.770000457763672,11.260000228881836,764700,0.0,0.0
2021-12-22 00:00:00-05:00,11.210000038146973,11.46500015258789,11.170000076293945,11.380000114440918,638300,0.0,0.0
2021-12-23 00:00:00-05:00,11.399999618530273,11.574999809265137,11.319999694824219,11.479999542236328,375000,0.0,0.0
2021-12-27 00:00:00-05:00,11.029999732971191,11.529999732971191,11.029999732971191,11.420000076293945,442000,0.0,0.0
2021-12-28 00:00:00-05:00,11.319999694824219,11.5600004196167,11.319999694824219,11.4399995803833,351800,0.0,0.0
2021-12-29 00:00:00-05:00,11.479999542236328,11.479999542236328,11.3100004196167,11.380000114440918,381900,0.0,0.0
2021-12-30 00:00:00-05:00,11.3100004196167,11.65999984741211,11.289999961853027,11.449999809265137,439300,0.0,0.0
2021-12-31 00:00:00-05:00,11.399999618530273,11.5600004196167,11.350000381469727,11.399999618530273,324200,0.0,0.0
2022-01-03 00:00:00-05:00,11.4399995803833,11.885000228881836,11.420000076293945,11.84000015258789,676800,0.0,0.0
2022-01-04 00:00:00-05:00,12.020000457763672,12.145000457763672,11.859999656677246,11.90999984741211,479800,0.0,0.0
2022-01-05 00:00:00-05:00,11.90999984741211,12.09000015258789,11.380000114440918,11.430000305175781,595600,0.0,0.0
2022-01-06 00:00:00-05:00,11.5,11.699999809265137,11.40999984741211,11.510000228881836,421700,0.0,0.0
2022-01-07 00:00:00-05:00,11.734999656677246,11.734999656677246,11.460000038146973,11.5600004196167,528900,0.0,0.0
2022-01-10 00:00:00-05:00,11.489999771118164,11.527999877929688,10.930000305175781,10.989999771118164,1380600,0.0,0.0
2022-01-11 00:00:00-05:00,11.0,11.21500015258789,10.925000190734863,11.149999618530273,620800,0.0,0.0
2022-01-12 00:00:00-05:00,11.140000343322754,11.229999542236328,10.960000038146973,11.100000381469727,1180000,0.0,0.0
2022-01-13 00:00:00-05:00,11.119999885559082,11.229999542236328,10.930000305175781,11.130000114440918,996100,0.0,0.0
2022-01-14 00:00:00-05:00,11.020000457763672,11.220000267028809,10.890000343322754,11.149999618530273,685900,0.0,0.0
2022-01-18 00:00:00-05:00,11.020000457763672,11.140000343322754,10.579999923706055,10.640000343322754,898800,0.0,0.0
2022-01-19 00:00:00-05:00,10.670000076293945,10.78499984741211,10.510000228881836,10.550000190734863,639900,0.0,0.0
2022-01-20 00:00:00-05:00,10.569999694824219,10.739999771118164,10.350000381469727,10.40999984741211,537800,0.0,0.0
2022-01-21 00:00:00-05:00,10.279999732971191,10.550000190734863,10.130000114440918,10.140000343322754,888300,0.0,0.0
2022-01-24 00:00:00-05:00,10.229999542236328,10.640000343322754,9.960000038146973,10.609999656677246,1411100,0.0,0.0
2022-01-25 00:00:00-05:00,10.470000267028809,10.925000190734863,10.300000190734863,10.779999732971191,673500,0.0,0.0
2022-01-26 00:00:00-05:00,10.949999809265137,11.0,10.350000381469727,10.460000038146973,610700,0.0,0.0
2022-01-27 00:00:00-05:00,10.5,10.680000305175781,10.210000038146973,10.300000190734863,562100,0.0,0.0
2022-01-28 00:00:00-05:00,10.279999732971191,10.5,10.109999656677246,10.5,882900,0.0,0.0
2022-01-31 00:00:00-05:00,10.369999885559082,10.829999923706055,10.170000076293945,10.8100004196167,1558200,0.0,0.0
2022-02-01 00:00:00-05:00,10.8100004196167,10.920000076293945,10.550000190734863,10.760000228881836,1372300,0.0,0.0
2022-02-02 00:00:00-05:00,10.739999771118164,10.789999961853027,10.335000038146973,10.350000381469727,898700,0.0,0.0
2022-02-03 00:00:00-05:00,10.300000190734863,10.503000259399414,10.270000457763672,10.4399995803833,679800,0.0,0.0
2022-02-04 00:00:00-05:00,10.359999656677246,10.520000457763672,10.260000228881836,10.479999542236328,886700,0.0,0.0
2022-02-07 00:00:00-05:00,10.510000228881836,10.654999732971191,10.430000305175781,10.59000015258789,897400,0.0,0.0
2022-02-08 00:00:00-05:00,10.619999885559082,10.90999984741211,10.550000190734863,10.869999885559082,3391100,0.0,0.0
2022-02-09 00:00:00-05:00,10.949999809265137,11.079999923706055,10.630000114440918,10.90999984741211,743000,0.0,0.0
2022-02-10 00:00:00-05:00,10.729999542236328,11.010000228881836,10.640000343322754,10.720000267028809,1113800,0.0,0.0
2022-02-11 00:00:00-05:00,10.729999542236328,11.229999542236328,10.729999542236328,11.109999656677246,945500,0.0,0.0
2022-02-14 00:00:00-05:00,11.079999923706055,11.239999771118164,10.890000343322754,11.0,615600,0.0,0.0
2022-02-15 00:00:00-05:00,11.100000381469727,11.449999809265137,10.960000038146973,11.40999984741211,765300,0.0,0.0
2022-02-16 00:00:00-05:00,11.399999618530273,11.65999984741211,11.369999885559082,11.630000114440918,1036600,0.0,0.0
2022-02-17 00:00:00-05:00,11.470000267028809,11.579999923706055,11.359999656677246,11.380000114440918,837800,0.0,0.0
2022-02-18 00:00:00-05:00,11.329999923706055,11.350000381469727,10.970000267028809,11.029999732971191,656900,0.0,0.0
2022-02-22 00:00:00-05:00,10.960000038146973,11.149999618530273,10.859999656677246,10.930000305175781,803000,0.0,0.0
2022-02-23 00:00:00-05:00,10.9399995803833,11.420000076293945,10.579999923706055,10.609999656677246,1176400,0.0,0.0
2022-02-24 00:00:00-05:00,10.279999732971191,10.350000381469727,9.859999656677246,10.300000190734863,1429900,0.0,0.0
2022-02-25 00:00:00-05:00,10.369999885559082,10.694999694824219,10.289999961853027,10.380000114440918,1104200,0.0,0.0
2022-02-28 00:00:00-05:00,10.220000267028809,10.335000038146973,10.010000228881836,10.09000015258789,1205700,0.0,0.0
2022-03-01 00:00:00-05:00,10.130000114440918,10.170000076293945,9.5600004196167,9.65999984741211,1623800,0.0,0.0
2022-03-02 00:00:00-05:00,9.710000038146973,10.234999656677246,9.645000457763672,10.15999984741211,1372200,0.0,0.0
2022-03-03 00:00:00-05:00,10.170000076293945,10.270000457763672,9.774999618530273,9.8100004196167,1190500,0.0,0.0
2022-03-04 00:00:00-05:00,9.699999809265137,9.8100004196167,9.475000381469727,9.739999771118164,1609700,0.0,0.0
2022-03-07 00:00:00-05:00,9.720000267028809,9.720000267028809,9.055000305175781,9.109999656677246,1948600,0.0,0.0
2022-03-08 00:00:00-05:00,9.180000305175781,9.6850004196167,9.09000015258789,9.350000381469727,1277000,0.0,0.0
2022-03-09 00:00:00-05:00,9.550000190734863,10.029999732971191,9.40999984741211,9.949999809265137,1303500,0.0,0.0
2022-03-10 00:00:00-05:00,9.850000381469727,9.949999809265137,9.484999656677246,9.699999809265137,1815600,0.0,0.0
2022-03-11 00:00:00-05:00,9.829999923706055,9.960000038146973,9.619999885559082,9.630000114440918,700100,0.0,0.0
2022-03-14 00:00:00-04:00,9.539999961853027,9.779999732971191,9.4399995803833,9.479999542236328,652000,0.0,0.0
2022-03-15 00:00:00-04:00,9.470000267028809,9.800000190734863,9.470000267028809,9.619999885559082,1431100,0.0,0.0
2022-03-16 00:00:00-04:00,9.569999694824219,9.869999885559082,9.289999961853027,9.75,2715900,0.0,0.0
2022-03-17 00:00:00-04:00,9.8100004196167,9.8100004196167,9.59000015258789,9.789999961853027,1026700,0.0,0.0
2022-03-18 00:00:00-04:00,9.789999961853027,9.819999694824219,9.5600004196167,9.8100004196167,2252400,0.0,0.0
2022-03-21 00:00:00-04:00,9.899999618530273,9.989999771118164,9.800000190734863,9.869999885559082,1060700,0.0,0.0
2022-03-22 00:00:00-04:00,9.90999984741211,10.180000305175781,9.890000343322754,10.100000381469727,1454400,0.0,0.0
2022-03-23 00:00:00-04:00,10.0,10.09000015258789,9.765000343322754,9.84000015258789,857500,0.0,0.0
2022-03-24 00:00:00-04:00,9.84000015258789,9.979999542236328,9.770000457763672,9.859999656677246,863000,0.0,0.0
2022-03-25 00:00:00-04:00,9.869999885559082,10.005000114440918,9.670999526977539,9.899999618530273,772200,0.0,0.0
2022-03-28 00:00:00-04:00,9.850000381469727,9.932999610900879,9.619999885559082,9.819999694824219,979000,0.0,0.0
2022-03-29 00:00:00-04:00,9.899999618530273,10.050000190734863,9.850000381469727,9.975000381469727,919700,0.0,0.0
2022-03-30 00:00:00-04:00,9.890000343322754,9.979999542236328,9.739999771118164,9.779999732971191,617100,0.0,0.0
2022-03-31 00:00:00-04:00,9.680000305175781,9.819999694824219,9.489999771118164,9.59000015258789,1202200,0.0,0.0
2022-04-01 00:00:00-04:00,9.6899995803833,9.8100004196167,9.579999923706055,9.760000228881836,964500,0.0,0.0
2022-04-04 00:00:00-04:00,9.75,10.630000114440918,9.75,10.600000381469727,2070800,0.0,0.0
2022-04-05 00:00:00-04:00,10.449999809265137,10.760000228881836,10.319999694824219,10.579999923706055,955200,0.0,0.0
2022-04-06 00:00:00-04:00,10.470000267028809,10.649999618530273,10.229999542236328,10.510000228881836,1362300,0.0,0.0
2022-04-07 00:00:00-04:00,10.649999618530273,10.649999618530273,10.324999809265137,10.390000343322754,1347700,0.0,0.0
2022-04-08 00:00:00-04:00,10.369999885559082,10.739999771118164,10.265999794006348,10.729999542236328,1821500,0.0,0.0
2022-04-11 00:00:00-04:00,10.720000267028809,10.925000190734863,10.625,10.670000076293945,1269100,0.0,0.0
2022-04-12 00:00:00-04:00,10.75,10.925000190734863,10.449999809265137,10.600000381469727,822100,0.0,0.0
2022-04-13 00:00:00-04:00,10.569999694824219,11.029999732971191,10.569999694824219,11.010000228881836,853300,0.0,0.0
2022-04-14 00:00:00-04:00,10.949999809265137,11.09000015258789,10.6899995803833,10.710000038146973,898100,0.0,0.0
2022-04-18 00:00:00-04:00,10.609999656677246,10.84000015258789,10.550000190734863,10.699999809265137,904100,0.0,0.0
2022-04-19 00:00:00-04:00,10.710000038146973,11.15999984741211,10.670000076293945,11.119999885559082,998200,0.0,0.0
2022-04-20 00:00:00-04:00,11.140000343322754,11.319999694824219,10.739999771118164,10.75,862700,0.0,0.0
2022-04-21 00:00:00-04:00,10.880000114440918,10.960000038146973,10.319999694824219,10.369999885559082,944600,0.0,0.0
2022-04-22 00:00:00-04:00,10.350000381469727,10.350000381469727,9.9350004196167,10.039999961853027,1095000,0.0,0.0
2022-04-25 00:00:00-04:00,9.930000305175781,10.164999961853027,9.789999961853027,10.100000381469727,882400,0.0,0.0
2022-04-26 00:00:00-04:00,9.979999542236328,9.979999542236328,9.5600004196167,9.59000015258789,1297000,0.0,0.0
2022-04-27 00:00:00-04:00,9.619999885559082,9.694999694824219,9.475000381469727,9.520000457763672,726000,0.0,0.0
2022-04-28 00:00:00-04:00,9.640000343322754,9.859999656677246,9.15999984741211,9.8100004196167,1487900,0.0,0.0
2022-04-29 00:00:00-04:00,9.760000228881836,9.779999732971191,9.1899995803833,9.239999771118164,1804900,0.0,0.0
2022-05-02 00:00:00-04:00,9.1899995803833,9.319999694824219,9.010000228881836,9.210000038146973,1207100,0.0,0.0
2022-05-03 00:00:00-04:00,9.170000076293945,9.390000343322754,9.0600004196167,9.279999732971191,1080600,0.0,0.0
2022-05-04 00:00:00-04:00,9.279999732971191,9.569999694824219,9.069999694824219,9.539999961853027,1560500,0.0,0.0
2022-05-05 00:00:00-04:00,9.260000228881836,9.380000114440918,8.569999694824219,8.699999809265137,2003500,0.0,0.0
2022-05-06 00:00:00-04:00,8.75,8.765000343322754,8.329999923706055,8.359999656677246,1463700,0.0,0.0
2022-05-09 00:00:00-04:00,8.279999732971191,8.329999923706055,7.755000114440918,7.829999923706055,1796300,0.0,0.0
2022-05-10 00:00:00-04:00,7.949999809265137,8.4399995803833,7.900000095367432,8.25,3571800,0.0,0.0
2022-05-11 00:00:00-04:00,8.289999961853027,8.449999809265137,7.989999771118164,8.020000457763672,1357000,0.0,0.0
2022-05-12 00:00:00-04:00,7.989999771118164,8.3100004196167,7.900000095367432,8.300000190734863,2050700,0.0,0.0
2022-05-13 00:00:00-04:00,8.390000343322754,8.550000190734863,8.305000305175781,8.460000038146973,1228700,0.0,0.0
2022-05-16 00:00:00-04:00,8.479999542236328,8.930000305175781,8.479999542236328,8.869999885559082,1539300,0.0,0.0
2022-05-17 00:00:00-04:00,9.010000228881836,9.460000038146973,8.979999542236328,9.460000038146973,1579500,0.0,0.0
2022-05-18 00:00:00-04:00,9.25,9.609999656677246,9.220000267028809,9.270000457763672,1214700,0.0,0.0
2022-05-19 00:00:00-04:00,9.199999809265137,9.420000076293945,8.944999694824219,9.25,1493700,0.0,0.0
2022-05-20 00:00:00-04:00,9.399999618530273,9.470000267028809,9.020000457763672,9.199999809265137,1208300,0.0,0.0
2022-05-23 00:00:00-04:00,9.479999542236328,9.510000228881836,9.09000015258789,9.149999618530273,1123100,0.0,0.0
2022-05-24 00:00:00-04:00,9.029999732971191,9.149999618530273,8.880000114440918,9.010000228881836,1104800,0.0,0.0
2022-05-25 00:00:00-04:00,8.930000305175781,9.324999809265137,8.899999618530273,9.279999732971191,966200,0.0,0.0
2022-05-26 00:00:00-04:00,9.380000114440918,9.694999694824219,9.210000038146973,9.430000305175781,967000,0.0,0.0
2022-05-27 00:00:00-04:00,9.510000228881836,9.710000038146973,9.444999694824219,9.649999618530273,918500,0.0,0.0
2022-05-31 00:00:00-04:00,9.5600004196167,9.795000076293945,9.414999961853027,9.510000228881836,1814500,0.0,0.0
2022-06-01 00:00:00-04:00,9.569999694824219,9.670000076293945,9.085000038146973,9.220000267028809,1008200,0.0,0.0
2022-06-02 00:00:00-04:00,9.210000038146973,9.354999542236328,9.050000190734863,9.350000381469727,1066200,0.0,0.0
2022-06-03 00:00:00-04:00,9.220000267028809,9.329999923706055,9.03499984741211,9.039999961853027,1115800,0.0,0.0
2022-06-06 00:00:00-04:00,9.15999984741211,9.279999732971191,9.100000381469727,9.199999809265137,928700,0.0,0.0
2022-06-07 00:00:00-04:00,9.029999732971191,9.170000076293945,8.899999618530273,9.130000114440918,886400,0.0,0.0
2022-06-08 00:00:00-04:00,9.0,9.234999656677246,8.979999542236328,9.010000228881836,871200,0.0,0.0
2022-06-09 00:00:00-04:00,8.979999542236328,9.015000343322754,8.770000457763672,8.789999961853027,1004900,0.0,0.0
2022-06-10 00:00:00-04:00,8.539999961853027,8.670000076293945,8.305000305175781,8.3100004196167,1809100,0.0,0.0
2022-06-13 00:00:00-04:00,8.039999961853027,8.170000076293945,7.840000152587891,7.869999885559082,1782000,0.0,0.0
2022-06-14 00:00:00-04:00,7.889999866485596,7.929999828338623,7.440000057220459,7.460000038146973,1593200,0.0,0.0
2022-06-15 00:00:00-04:00,7.610000133514404,7.840000152587891,7.480000019073486,7.760000228881836,1347300,0.0,0.0
2022-06-16 00:00:00-04:00,7.5,7.53000020980835,6.949999809265137,7.010000228881836,1623600,0.0,0.0
2022-06-17 00:00:00-04:00,7.03000020980835,7.730000019073486,7.019999980926514,7.679999828338623,2152100,0.0,0.0
2022-06-21 00:00:00-04:00,7.809999942779541,7.84499979019165,7.400000095367432,7.409999847412109,1479600,0.0,0.0
2022-06-22 00:00:00-04:00,7.349999904632568,7.579999923706055,7.309999942779541,7.429999828338623,834600,0.0,0.0
2022-06-23 00:00:00-04:00,7.360000133514404,7.619999885559082,7.360000133514404,7.5,1450800,0.0,0.0
2022-06-24 00:00:00-04:00,7.539999961853027,7.800000190734863,7.539999961853027,7.760000228881836,1584500,0.0,0.0
2022-06-27 00:00:00-04:00,7.760000228881836,7.900000095367432,7.659999847412109,7.800000190734863,682600,0.0,0.0
2022-06-28 00:00:00-04:00,7.849999904632568,8.109999656677246,7.690000057220459,7.699999809265137,704800,0.0,0.0
2022-06-29 00:00:00-04:00,7.699999809265137,8.029999732971191,7.610000133514404,8.029999732971191,1018200,0.0,0.0
2022-06-30 00:00:00-04:00,7.849999904632568,7.880000114440918,7.670000076293945,7.789999961853027,870300,0.0,0.0
2022-07-01 00:00:00-04:00,7.789999961853027,8.010000228881836,7.704999923706055,8.0,837200,0.0,0.0
2022-07-05 00:00:00-04:00,7.769999980926514,7.860000133514404,7.619999885559082,7.75,889400,0.0,0.0
2022-07-06 00:00:00-04:00,7.71999979019165,7.789999961853027,7.585000038146973,7.659999847412109,681200,0.0,0.0
2022-07-07 00:00:00-04:00,7.710000038146973,7.929999828338623,7.570000171661377,7.590000152587891,661200,0.0,0.0
2022-07-08 00:00:00-04:00,7.550000190734863,7.550000190734863,7.349999904632568,7.389999866485596,516500,0.0,0.0
2022-07-11 00:00:00-04:00,7.289999961853027,7.340000152587891,6.949999809265137,6.989999771118164,718500,0.0,0.0
2022-07-12 00:00:00-04:00,6.929999828338623,7.199999809265137,6.900000095367432,7.130000114440918,1047100,0.0,0.0
2022-07-13 00:00:00-04:00,7.050000190734863,7.090000152587891,6.889999866485596,7.039999961853027,753600,0.0,0.0
2022-07-14 00:00:00-04:00,6.849999904632568,7.019999980926514,6.760000228881836,6.880000114440918,872400,0.0,0.0
2022-07-15 00:00:00-04:00,7.079999923706055,7.114999771118164,6.914999961853027,7.0,1194500,0.0,0.0
2022-07-18 00:00:00-04:00,7.090000152587891,7.21999979019165,6.96999979019165,7.019999980926514,1216600,0.0,0.0
2022-07-19 00:00:00-04:00,7.139999866485596,7.440000057220459,7.074999809265137,7.309999942779541,6374700,0.0,0.0
2022-07-20 00:00:00-04:00,7.309999942779541,7.510000228881836,7.300000190734863,7.449999809265137,2170600,0.0,0.0
2022-07-21 00:00:00-04:00,7.360000133514404,7.480000019073486,7.210000038146973,7.269999980926514,1834700,0.0,0.0
2022-07-22 00:00:00-04:00,7.28000020980835,7.335000038146973,6.989999771118164,7.079999923706055,1326600,0.0,0.0
2022-07-25 00:00:00-04:00,7.130000114440918,7.135000228881836,6.980000019073486,7.019999980926514,937100,0.0,0.0
2022-07-26 00:00:00-04:00,6.949999809265137,7.039999961853027,6.909999847412109,6.949999809265137,890300,0.0,0.0
2022-07-27 00:00:00-04:00,7.050000190734863,7.125,7.0,7.099999904632568,1014200,0.0,0.0
2022-07-28 00:00:00-04:00,7.070000171661377,7.15500020980835,6.940000057220459,7.139999866485596,1298400,0.0,0.0
2022-07-29 00:00:00-04:00,7.159999847412109,7.355000019073486,7.065000057220459,7.340000152587891,1191400,0.0,0.0
2022-08-01 00:00:00-04:00,7.28000020980835,7.425000190734863,7.224999904632568,7.289999961853027,718800,0.0,0.0
2022-08-02 00:00:00-04:00,7.230000019073486,7.429999828338623,7.159999847412109,7.170000076293945,648800,0.0,0.0
2022-08-03 00:00:00-04:00,7.230000019073486,7.550000190734863,7.170000076293945,7.510000228881836,1178100,0.0,0.0
2022-08-04 00:00:00-04:00,7.480000019073486,7.800000190734863,7.427000045776367,7.440000057220459,924100,0.0,0.0
2022-08-05 00:00:00-04:00,7.360000133514404,7.449999809265137,7.159999847412109,7.159999847412109,913100,0.0,0.0
2022-08-08 00:00:00-04:00,7.190000057220459,7.519999980926514,7.190000057220459,7.260000228881836,819500,0.0,0.0
2022-08-09 00:00:00-04:00,7.260000228881836,7.340000152587891,7.110000133514404,7.340000152587891,889400,0.0,0.0
2022-08-10 00:00:00-04:00,7.539999961853027,7.965000152587891,7.130000114440918,7.820000171661377,1395300,0.0,0.0
2022-08-11 00:00:00-04:00,7.909999847412109,8.005000114440918,7.795000076293945,7.820000171661377,858200,0.0,0.0
2022-08-12 00:00:00-04:00,7.840000152587891,8.130000114440918,7.820000171661377,8.119999885559082,903000,0.0,0.0
2022-08-15 00:00:00-04:00,8.020000457763672,8.175000190734863,7.980000019073486,8.0,980600,0.0,0.0
2022-08-16 00:00:00-04:00,8.079999923706055,8.194999694824219,7.909999847412109,8.079999923706055,727800,0.0,0.0
2022-08-17 00:00:00-04:00,7.920000076293945,8.0,7.710000038146973,7.710000038146973,680900,0.0,0.0
2022-08-18 00:00:00-04:00,7.739999771118164,7.824999809265137,7.585000038146973,7.75,634000,0.0,0.0
2022-08-19 00:00:00-04:00,7.679999828338623,7.699999809265137,7.5,7.570000171661377,651600,0.0,0.0
2022-08-22 00:00:00-04:00,7.409999847412109,7.480000019073486,7.010000228881836,7.079999923706055,1660600,0.0,0.0
2022-08-23 00:00:00-04:00,7.099999904632568,7.210000038146973,7.050000190734863,7.050000190734863,846600,0.0,0.0
2022-08-24 00:00:00-04:00,7.010000228881836,7.15500020980835,7.010000228881836,7.070000171661377,638200,0.0,0.0
2022-08-25 00:00:00-04:00,7.090000152587891,7.269999980926514,7.059999942779541,7.239999771118164,724600,0.0,0.0
2022-08-26 00:00:00-04:00,7.21999979019165,7.300000190734863,6.954999923706055,7.010000228881836,733300,0.0,0.0
2022-08-29 00:00:00-04:00,6.920000076293945,7.039999961853027,6.869999885559082,6.949999809265137,704800,0.0,0.0
2022-08-30 00:00:00-04:00,6.949999809265137,7.039999961853027,6.78000020980835,6.800000190734863,616000,0.0,0.0
2022-08-31 00:00:00-04:00,6.809999942779541,7.045000076293945,6.789999961853027,6.96999979019165,1592200,0.0,0.0
2022-09-01 00:00:00-04:00,6.880000114440918,7.03000020980835,6.800000190734863,7.019999980926514,1699100,0.0,0.0
2022-09-02 00:00:00-04:00,7.070000171661377,7.090000152587891,6.739999771118164,6.760000228881836,1214200,0.0,0.0
2022-09-06 00:00:00-04:00,6.835000038146973,6.875,6.630000114440918,6.670000076293945,1422900,0.0,0.0
2022-09-07 00:00:00-04:00,6.650000095367432,6.739999771118164,6.449999809265137,6.559999942779541,1096800,0.0,0.0
2022-09-08 00:00:00-04:00,6.489999771118164,6.579999923706055,6.340000152587891,6.5,1197000,0.0,0.0
2022-09-09 00:00:00-04:00,6.550000190734863,6.96999979019165,6.550000190734863,6.949999809265137,1230500,0.0,0.0
2022-09-12 00:00:00-04:00,6.96999979019165,7.335000038146973,6.960000038146973,7.28000020980835,1350600,0.0,0.0
2022-09-13 00:00:00-04:00,7.079999923706055,7.125,6.864999771118164,6.880000114440918,1285700,0.0,0.0
2022-09-14 00:00:00-04:00,6.960000038146973,6.960000038146973,6.650000095367432,6.699999809265137,1399400,0.0,0.0
2022-09-15 00:00:00-04:00,6.650000095367432,6.849999904632568,6.610000133514404,6.619999885559082,1712000,0.0,0.0
2022-09-16 00:00:00-04:00,6.570000171661377,6.800000190734863,6.480000019073486,6.78000020980835,2310200,0.0,0.0
2022-09-19 00:00:00-04:00,6.760000228881836,6.820000171661377,6.559999942779541,6.71999979019165,1069300,0.0,0.0
2022-09-20 00:00:00-04:00,6.590000152587891,6.695000171661377,6.565000057220459,6.590000152587891,1485400,0.0,0.0
2022-09-21 00:00:00-04:00,6.650000095367432,6.670000076293945,6.385000228881836,6.400000095367432,1641100,0.0,0.0
2022-09-22 00:00:00-04:00,6.460000038146973,6.460000038146973,6.159999847412109,6.210000038146973,1460300,0.0,0.0
2022-09-23 00:00:00-04:00,6.190000057220459,6.309999942779541,6.170000076293945,6.28000020980835,1432300,0.0,0.0
2022-09-26 00:00:00-04:00,6.199999809265137,6.340000152587891,5.925000190734863,5.980000019073486,2163600,0.0,0.0
2022-09-27 00:00:00-04:00,6.03000020980835,6.179999828338623,5.880000114440918,5.889999866485596,2176400,0.0,0.0
2022-09-28 00:00:00-04:00,5.929999828338623,6.449999809265137,5.900000095367432,6.429999828338623,1689300,0.0,0.0
2022-09-29 00:00:00-04:00,6.269999980926514,6.34499979019165,6.103000164031982,6.21999979019165,1539900,0.0,0.0
2022-09-30 00:00:00-04:00,6.21999979019165,6.445000171661377,6.150000095367432,6.150000095367432,1694000,0.0,0.0
2022-10-03 00:00:00-04:00,6.309999942779541,6.510000228881836,6.230000019073486,6.409999847412109,1402900,0.0,0.0
2022-10-04 00:00:00-04:00,6.53000020980835,6.739999771118164,6.5,6.670000076293945,2152900,0.0,0.0
2022-10-05 00:00:00-04:00,6.460000038146973,6.945000171661377,6.369999885559082,6.940000057220459,1681600,0.0,0.0
2022-10-06 00:00:00-04:00,6.909999847412109,7.079999923706055,6.760000228881836,7.070000171661377,2557900,0.0,0.0
2022-10-07 00:00:00-04:00,6.929999828338623,7.315000057220459,6.920000076293945,7.170000076293945,2720900,0.0,0.0
2022-10-10 00:00:00-04:00,7.25,7.53000020980835,7.099999904632568,7.519999980926514,1924600,0.0,0.0
2022-10-11 00:00:00-04:00,7.460000038146973,7.525000095367432,7.269999980926514,7.510000228881836,2396700,0.0,0.0
2022-10-12 00:00:00-04:00,7.480000019073486,7.519999980926514,7.284999847412109,7.440000057220459,1656900,0.0,0.0
2022-10-13 00:00:00-04:00,7.289999961853027,7.525000095367432,7.110000133514404,7.340000152587891,1648100,0.0,0.0
2022-10-14 00:00:00-04:00,7.409999847412109,7.429999828338623,7.090000152587891,7.090000152587891,1236400,0.0,0.0
2022-10-17 00:00:00-04:00,7.260000228881836,7.585000038146973,7.260000228881836,7.519999980926514,1314100,0.0,0.0
2022-10-18 00:00:00-04:00,7.690000057220459,7.829999923706055,7.505000114440918,7.559999942779541,767300,0.0,0.0
2022-10-19 00:00:00-04:00,7.46999979019165,7.590000152587891,7.324999809265137,7.429999828338623,1039800,0.0,0.0
2022-10-20 00:00:00-04:00,7.489999771118164,7.610000133514404,7.340000152587891,7.409999847412109,769600,0.0,0.0
2022-10-21 00:00:00-04:00,7.420000076293945,7.679999828338623,7.3480000495910645,7.670000076293945,1196400,0.0,0.0
2022-10-24 00:00:00-04:00,7.71999979019165,7.760000228881836,7.599999904632568,7.71999979019165,775700,0.0,0.0
2022-10-25 00:00:00-04:00,7.730000019073486,7.909999847412109,7.699999809265137,7.75,737200,0.0,0.0
2022-10-26 00:00:00-04:00,7.769999980926514,7.855000019073486,7.599999904632568,7.599999904632568,715300,0.0,0.0
2022-10-27 00:00:00-04:00,7.619999885559082,7.860000133514404,7.550000190734863,7.559999942779541,761600,0.0,0.0
2022-10-28 00:00:00-04:00,7.650000095367432,7.934999942779541,7.579999923706055,7.909999847412109,664900,0.0,0.0
2022-10-31 00:00:00-04:00,7.820000171661377,7.909999847412109,7.75,7.789999961853027,917300,0.0,0.0
2022-11-01 00:00:00-04:00,7.929999828338623,8.1899995803833,7.849999904632568,8.050000190734863,1047600,0.0,0.0
2022-11-02 00:00:00-04:00,8.0600004196167,8.199999809265137,7.699999809265137,7.710000038146973,1026900,0.0,0.0
2022-11-03 00:00:00-04:00,7.570000171661377,7.710000038146973,7.474999904632568,7.590000152587891,848200,0.0,0.0
2022-11-04 00:00:00-04:00,7.75,7.800000190734863,7.53000020980835,7.769999980926514,1145700,0.0,0.0
2022-11-07 00:00:00-05:00,7.849999904632568,8.15999984741211,7.769999980926514,8.149999618530273,1093600,0.0,0.0
2022-11-08 00:00:00-05:00,8.229999542236328,8.350000381469727,8.0649995803833,8.239999771118164,1131300,0.0,0.0
2022-11-09 00:00:00-05:00,7.800000190734863,7.920000076293945,7.079999923706055,7.329999923706055,2756400,0.0,0.0
2022-11-10 00:00:00-05:00,7.739999771118164,8.119999885559082,7.632999897003174,7.659999847412109,1761700,0.0,0.0
2022-11-11 00:00:00-05:00,7.579999923706055,8.140000343322754,7.519999980926514,8.029999732971191,1625100,0.0,0.0
2022-11-14 00:00:00-05:00,7.940000057220459,8.329999923706055,7.940000057220459,8.1899995803833,1086900,0.0,0.0
2022-11-15 00:00:00-05:00,8.3100004196167,8.5,8.130000114440918,8.25,1781300,0.0,0.0
2022-11-16 00:00:00-05:00,8.260000228881836,8.609999656677246,8.239999771118164,8.390000343322754,1554400,0.0,0.0
2022-11-17 00:00:00-05:00,8.229999542236328,8.244999885559082,7.945000171661377,8.0,1231200,0.0,0.0
2022-11-18 00:00:00-05:00,8.15999984741211,8.199999809265137,7.869999885559082,7.920000076293945,1769000,0.0,0.0
2022-11-21 00:00:00-05:00,7.869999885559082,7.920000076293945,7.570000171661377,7.710000038146973,1260600,0.0,0.0
2022-11-22 00:00:00-05:00,7.71999979019165,7.820000171661377,7.619999885559082,7.760000228881836,974500,0.0,0.0
2022-11-23 00:00:00-05:00,7.699999809265137,7.954999923706055,7.639999866485596,7.949999809265137,950000,0.0,0.0
2022-11-25 00:00:00-05:00,7.900000095367432,7.989999771118164,7.775000095367432,7.800000190734863,533400,0.0,0.0
2022-11-28 00:00:00-05:00,7.739999771118164,7.789999961853027,7.539999961853027,7.579999923706055,988500,0.0,0.0
2022-11-29 00:00:00-05:00,7.619999885559082,7.699999809265137,7.53000020980835,7.679999828338623,764800,0.0,0.0
2022-11-30 00:00:00-05:00,7.699999809265137,7.795000076293945,7.510000228881836,7.789999961853027,1218500,0.0,0.0
2022-12-01 00:00:00-05:00,7.789999961853027,7.980000019073486,7.75,7.789999961853027,1009600,0.0,0.0
2022-12-02 00:00:00-05:00,7.650000095367432,7.789999961853027,7.550000190734863,7.78000020980835,900300,0.0,0.0
2022-12-05 00:00:00-05:00,7.71999979019165,7.71999979019165,7.489999771118164,7.539999961853027,971600,0.0,0.0
2022-12-06 00:00:00-05:00,7.559999942779541,7.610000133514404,7.28000020980835,7.28000020980835,975800,0.0,0.0
2022-12-07 00:00:00-05:00,7.25,7.25,6.96999979019165,6.96999979019165,3356800,0.0,0.0
2022-12-08 00:00:00-05:00,6.96999979019165,7.019999980926514,6.789999961853027,6.989999771118164,1629800,0.0,0.0
2022-12-09 00:00:00-05:00,6.960000038146973,7.039999961853027,6.864999771118164,6.909999847412109,974200,0.0,0.0
2022-12-12 00:00:00-05:00,6.909999847412109,7.0,6.820000171661377,6.900000095367432,1136700,0.0,0.0
2022-12-13 00:00:00-05:00,7.199999809265137,7.349999904632568,6.994999885559082,7.050000190734863,1265800,0.0,0.0
2022-12-14 00:00:00-05:00,7.0,7.139999866485596,6.974999904632568,7.050000190734863,1348100,0.0,0.0
2022-12-15 00:00:00-05:00,6.929999828338623,7.019999980926514,6.820000171661377,6.940000057220459,1419700,0.0,0.0
2022-12-16 00:00:00-05:00,6.909999847412109,7.119999885559082,6.820000171661377,6.869999885559082,2339300,0.0,0.0
2022-12-19 00:00:00-05:00,6.869999885559082,6.940000057220459,6.78000020980835,6.920000076293945,1283200,0.0,0.0
2022-12-20 00:00:00-05:00,6.880000114440918,7.215000152587891,6.860000133514404,7.130000114440918,1655300,0.0,0.0
2022-12-21 00:00:00-05:00,7.210000038146973,7.840000152587891,7.210000038146973,7.800000190734863,1425100,0.0,0.0
2022-12-22 00:00:00-05:00,7.760000228881836,7.820000171661377,7.519999980926514,7.630000114440918,930900,0.0,0.0
2022-12-23 00:00:00-05:00,7.610000133514404,7.784999847412109,7.514999866485596,7.739999771118164,863200,0.0,0.0
2022-12-27 00:00:00-05:00,7.730000019073486,7.84499979019165,7.630000114440918,7.659999847412109,480500,0.0,0.0
2022-12-28 00:00:00-05:00,7.650000095367432,7.739999771118164,7.46999979019165,7.46999979019165,727900,0.0,0.0
2022-12-29 00:00:00-05:00,7.510000228881836,7.715000152587891,7.46999979019165,7.610000133514404,731100,0.0,0.0
2022-12-30 00:00:00-05:00,7.559999942779541,7.619999885559082,7.489999771118164,7.599999904632568,780600,0.0,0.0
2023-01-03 00:00:00-05:00,7.679999828338623,7.965000152587891,7.679999828338623,7.889999866485596,891500,0.0,0.0
2023-01-04 00:00:00-05:00,8.039999961853027,8.0600004196167,7.890999794006348,8.020000457763672,1447700,0.0,0.0
2023-01-05 00:00:00-05:00,7.699999809265137,8.140000343322754,7.599999904632568,8.0,1289600,0.0,0.0
2023-01-06 00:00:00-05:00,8.100000381469727,8.3100004196167,8.005000114440918,8.239999771118164,1056500,0.0,0.0
2023-01-09 00:00:00-05:00,8.300000190734863,8.609999656677246,8.270000457763672,8.5600004196167,1759700,0.0,0.0
2023-01-10 00:00:00-05:00,8.479999542236328,8.710000038146973,8.46500015258789,8.609999656677246,1914100,0.0,0.0
2023-01-11 00:00:00-05:00,8.670000076293945,8.75,8.550000190734863,8.6899995803833,904300,0.0,0.0
2023-01-12 00:00:00-05:00,8.739999771118164,8.96500015258789,8.678000450134277,8.930000305175781,1704400,0.0,0.0
2023-01-13 00:00:00-05:00,8.890000343322754,9.079999923706055,8.755000114440918,9.0600004196167,1016200,0.0,0.0
2023-01-17 00:00:00-05:00,9.039999961853027,9.045000076293945,8.800000190734863,8.829999923706055,1103700,0.0,0.0
2023-01-18 00:00:00-05:00,8.850000381469727,8.920000076293945,8.71500015258789,8.829999923706055,876400,0.0,0.0
2023-01-19 00:00:00-05:00,8.789999961853027,9.039999961853027,8.630000114440918,9.010000228881836,974600,0.0,0.0
2023-01-20 00:00:00-05:00,9.09000015258789,9.260000228881836,8.960000038146973,9.170000076293945,1471700,0.0,0.0
2023-01-23 00:00:00-05:00,9.170000076293945,9.220000267028809,9.03499984741211,9.100000381469727,1063500,0.0,0.0
2023-01-24 00:00:00-05:00,9.079999923706055,9.199999809265137,9.020000457763672,9.069999694824219,693100,0.0,0.0
2023-01-25 00:00:00-05:00,9.020000457763672,9.375,8.979999542236328,9.369999885559082,1978000,0.0,0.0
2023-01-26 00:00:00-05:00,9.479999542236328,9.84000015258789,9.390000343322754,9.819999694824219,2092700,0.0,0.0
2023-01-27 00:00:00-05:00,9.8100004196167,9.850000381469727,9.630000114440918,9.65999984741211,829600,0.0,0.0
2023-01-30 00:00:00-05:00,9.5600004196167,9.795000076293945,9.529999732971191,9.779999732971191,742000,0.0,0.0
2023-01-31 00:00:00-05:00,9.789999961853027,9.885000228881836,9.699999809265137,9.850000381469727,780400,0.0,0.0
2023-02-01 00:00:00-05:00,9.819999694824219,9.949999809265137,9.6899995803833,9.949999809265137,1458000,0.0,0.0
2023-02-02 00:00:00-05:00,9.949999809265137,9.979999542236328,9.680000305175781,9.9399995803833,1494300,0.0,0.0
2023-02-03 00:00:00-05:00,9.8100004196167,9.90999984741211,9.664999961853027,9.699999809265137,796400,0.0,0.0
2023-02-06 00:00:00-05:00,9.609999656677246,9.670000076293945,9.40999984741211,9.579999923706055,1020900,0.0,0.0
2023-02-07 00:00:00-05:00,9.579999923706055,9.630000114440918,9.425000190734863,9.609999656677246,928500,0.0,0.0
2023-02-08 00:00:00-05:00,9.539999961853027,9.550000190734863,9.270000457763672,9.380000114440918,1032000,0.0,0.0
2023-02-09 00:00:00-05:00,9.5,9.550000190734863,9.279999732971191,9.359999656677246,855500,0.0,0.0
2023-02-10 00:00:00-05:00,9.34000015258789,9.4399995803833,9.270000457763672,9.34000015258789,559700,0.0,0.0
2023-02-13 00:00:00-05:00,9.390000343322754,9.5,9.329999923706055,9.40999984741211,714300,0.0,0.0
2023-02-14 00:00:00-05:00,9.380000114440918,9.460000038146973,9.149999618530273,9.170000076293945,945600,0.0,0.0
2023-02-15 00:00:00-05:00,9.130000114440918,9.130000114440918,8.78499984741211,8.880000114440918,1128500,0.0,0.0
2023-02-16 00:00:00-05:00,8.720000267028809,9.085000038146973,8.670000076293945,9.029999732971191,1122300,0.0,0.0
2023-02-17 00:00:00-05:00,9.09000015258789,9.270000457763672,8.925000190734863,9.260000228881836,824800,0.0,0.0
2023-02-21 00:00:00-05:00,9.130000114440918,9.170000076293945,8.569999694824219,8.579999923706055,1323300,0.0,0.0
2023-02-22 00:00:00-05:00,8.529999732971191,8.904999732971191,8.520000457763672,8.890000343322754,1530200,0.0,0.0
2023-02-23 00:00:00-05:00,8.619999885559082,9.550000190734863,8.609999656677246,9.210000038146973,2166000,0.0,0.0
2023-02-24 00:00:00-05:00,9.050000190734863,9.050000190734863,8.550000190734863,8.640000343322754,1882900,0.0,0.0
2023-02-27 00:00:00-05:00,8.699999809265137,9.0,8.670000076293945,8.729999542236328,1444300,0.0,0.0
2023-02-28 00:00:00-05:00,8.779999732971191,9.045000076293945,8.760000228881836,8.779999732971191,1365100,0.0,0.0
2023-03-01 00:00:00-05:00,8.800000190734863,8.819999694824219,8.649999618530273,8.75,909200,0.0,0.0
2023-03-02 00:00:00-05:00,8.699999809265137,8.869999885559082,8.640000343322754,8.819999694824219,845200,0.0,0.0
2023-03-03 00:00:00-05:00,8.90999984741211,9.119999885559082,8.869999885559082,9.020000457763672,843900,0.0,0.0
2023-03-06 00:00:00-05:00,8.989999771118164,9.125,8.819999694824219,8.899999618530273,872500,0.0,0.0
2023-03-07 00:00:00-05:00,8.869999885559082,9.039999961853027,8.579999923706055,8.579999923706055,1288300,0.0,0.0
2023-03-08 00:00:00-05:00,8.649999618530273,8.859999656677246,8.569999694824219,8.8100004196167,841400,0.0,0.0
2023-03-09 00:00:00-05:00,8.789999961853027,8.895000457763672,8.385000228881836,8.40999984741211,1110000,0.0,0.0
2023-03-10 00:00:00-05:00,8.369999885559082,8.399999618530273,8.015000343322754,8.140000343322754,1835000,0.0,0.0
2023-03-13 00:00:00-04:00,7.980000019073486,8.210000038146973,7.940000057220459,8.010000228881836,1483700,0.0,0.0
2023-03-14 00:00:00-04:00,8.210000038146973,8.414999961853027,8.085000038146973,8.229999542236328,1095700,0.0,0.0
2023-03-15 00:00:00-04:00,8.020000457763672,8.104999542236328,7.829999923706055,7.960000038146973,1499300,0.0,0.0
2023-03-16 00:00:00-04:00,7.75,7.875,7.599999904632568,7.809999942779541,1509700,0.0,0.0
2023-03-17 00:00:00-04:00,7.699999809265137,7.869999885559082,7.670000076293945,7.809999942779541,3871000,0.0,0.0
2023-03-20 00:00:00-04:00,7.860000133514404,7.892000198364258,7.715000152587891,7.78000020980835,999400,0.0,0.0
2023-03-21 00:00:00-04:00,7.96999979019165,8.175000190734863,7.96999979019165,8.149999618530273,1271000,0.0,0.0
2023-03-22 00:00:00-04:00,8.119999885559082,8.130000114440918,7.78000020980835,7.820000171661377,1310000,0.0,0.0
2023-03-23 00:00:00-04:00,7.840000152587891,8.029999732971191,7.704999923706055,7.71999979019165,1136400,0.0,0.0
2023-03-24 00:00:00-04:00,7.619999885559082,7.909999847412109,7.610000133514404,7.849999904632568,899400,0.0,0.0
2023-03-27 00:00:00-04:00,7.860000133514404,8.029999732971191,7.860000133514404,7.920000076293945,896000,0.0,0.0
2023-03-28 00:00:00-04:00,7.880000114440918,8.079999923706055,7.840000152587891,7.880000114440918,956600,0.0,0.0
2023-03-29 00:00:00-04:00,8.0,8.225000381469727,7.920000076293945,8.170000076293945,914800,0.0,0.0
2023-03-30 00:00:00-04:00,8.220000267028809,8.319999694824219,8.100000381469727,8.140000343322754,723700,0.0,0.0
2023-03-31 00:00:00-04:00,8.15999984741211,8.354999542236328,8.140000343322754,8.260000228881836,1121500,0.0,0.0
2023-04-03 00:00:00-04:00,8.260000228881836,8.319999694824219,7.869999885559082,7.960000038146973,1120500,0.0,0.0
2023-04-04 00:00:00-04:00,8.0,8.100000381469727,7.724999904632568,7.849999904632568,656000,0.0,0.0
2023-04-05 00:00:00-04:00,7.809999942779541,7.989999771118164,7.739999771118164,7.929999828338623,629900,0.0,0.0
2023-04-06 00:00:00-04:00,8.010000228881836,8.095000267028809,7.920000076293945,7.980000019073486,615900,0.0,0.0
2023-04-10 00:00:00-04:00,7.940000057220459,8.114999771118164,7.920000076293945,8.109999656677246,1434000,0.0,0.0
2023-04-11 00:00:00-04:00,8.1899995803833,8.890000343322754,8.140000343322754,8.829999923706055,1673700,0.0,0.0
2023-04-12 00:00:00-04:00,8.979999542236328,9.119999885559082,8.765000343322754,8.8100004196167,1189800,0.0,0.0
2023-04-13 00:00:00-04:00,8.819999694824219,9.010000228881836,8.800000190734863,8.819999694824219,1064200,0.0,0.0
2023-04-14 00:00:00-04:00,8.84000015258789,8.850000381469727,8.619999885559082,8.699999809265137,1171200,0.0,0.0
2023-04-17 00:00:00-04:00,8.680000305175781,8.960000038146973,8.645000457763672,8.920000076293945,730500,0.0,0.0
2023-04-18 00:00:00-04:00,8.90999984741211,9.010000228881836,8.850000381469727,8.9399995803833,962200,0.0,0.0
2023-04-19 00:00:00-04:00,8.829999923706055,9.029999732971191,8.779999732971191,8.960000038146973,893500,0.0,0.0
2023-04-20 00:00:00-04:00,8.850000381469727,8.869999885559082,8.420000076293945,8.479999542236328,887800,0.0,0.0
2023-04-21 00:00:00-04:00,8.470000267028809,8.65999984741211,8.329999923706055,8.329999923706055,736300,0.0,0.0
2023-04-24 00:00:00-04:00,8.300000190734863,8.470000267028809,8.210000038146973,8.220000267028809,972700,0.0,0.0
2023-04-25 00:00:00-04:00,8.119999885559082,8.265000343322754,7.960000038146973,7.96999979019165,898100,0.0,0.0
2023-04-26 00:00:00-04:00,7.949999809265137,8.164999961853027,7.880000114440918,8.079999923706055,908400,0.0,0.0
2023-04-27 00:00:00-04:00,8.180000305175781,8.609999656677246,8.180000305175781,8.609999656677246,1401000,0.0,0.0
2023-04-28 00:00:00-04:00,8.5600004196167,9.050000190734863,8.529999732971191,8.880000114440918,1402400,0.0,0.0
2023-05-01 00:00:00-04:00,8.850000381469727,8.960000038146973,8.5600004196167,8.59000015258789,745300,0.0,0.0
2023-05-02 00:00:00-04:00,8.5600004196167,8.569999694824219,8.329999923706055,8.390000343322754,877100,0.0,0.0
2023-05-03 00:00:00-04:00,8.4399995803833,8.739999771118164,8.430000305175781,8.479999542236328,756900,0.0,0.0
2023-05-04 00:00:00-04:00,8.369999885559082,8.40999984741211,8.024999618530273,8.149999618530273,949300,0.0,0.0
2023-05-05 00:00:00-04:00,8.25,8.3149995803833,8.1899995803833,8.220000267028809,974700,0.0,0.0
2023-05-08 00:00:00-04:00,8.1899995803833,8.375,8.164999961853027,8.350000381469727,828800,0.0,0.0
2023-05-09 00:00:00-04:00,8.270000457763672,8.369999885559082,7.380000114440918,8.329999923706055,2116600,0.0,0.0
2023-05-10 00:00:00-04:00,8.40999984741211,8.4399995803833,7.739999771118164,7.75,1259700,0.0,0.0
2023-05-11 00:00:00-04:00,7.619999885559082,7.748000144958496,7.545000076293945,7.630000114440918,1148900,0.0,0.0
2023-05-12 00:00:00-04:00,7.730000019073486,7.739999771118164,7.570000171661377,7.639999866485596,948000,0.0,0.0
2023-05-15 00:00:00-04:00,7.699999809265137,8.289999961853027,7.690000057220459,8.279999732971191,1392300,0.0,0.0
2023-05-16 00:00:00-04:00,8.210000038146973,8.350000381469727,8.09000015258789,8.119999885559082,1047600,0.0,0.0
2023-05-17 00:00:00-04:00,8.220000267028809,8.300000190734863,7.994999885559082,8.239999771118164,1011200,0.0,0.0
2023-05-18 00:00:00-04:00,8.220000267028809,8.220000267028809,7.579999923706055,7.75,1723900,0.0,0.0
2023-05-19 00:00:00-04:00,7.840000152587891,8.329999923706055,7.804999828338623,8.069999694824219,1265200,0.0,0.0
2023-05-22 00:00:00-04:00,8.15999984741211,8.289999961853027,7.989999771118164,8.109999656677246,1039800,0.0,0.0
2023-05-23 00:00:00-04:00,8.0600004196167,8.4350004196167,8.0600004196167,8.180000305175781,833100,0.0,0.0
2023-05-24 00:00:00-04:00,8.0600004196167,8.130000114440918,7.650000095367432,7.679999828338623,1228100,0.0,0.0
2023-05-25 00:00:00-04:00,7.590000152587891,7.664999961853027,7.28000020980835,7.289999961853027,1366900,0.0,0.0
2023-05-26 00:00:00-04:00,7.289999961853027,7.510000228881836,7.230000019073486,7.440000057220459,1200400,0.0,0.0
2023-05-30 00:00:00-04:00,7.460000038146973,7.639999866485596,7.25,7.269999980926514,978300,0.0,0.0
2023-05-31 00:00:00-04:00,7.360000133514404,7.46999979019165,7.175000190734863,7.300000190734863,1854900,0.0,0.0
2023-06-01 00:00:00-04:00,7.289999961853027,7.510000228881836,7.230000019073486,7.269999980926514,946800,0.0,0.0
2023-06-02 00:00:00-04:00,7.289999961853027,7.697999954223633,7.289999961853027,7.659999847412109,1176600,0.0,0.0
2023-06-05 00:00:00-04:00,7.639999866485596,7.885000228881836,7.599999904632568,7.840000152587891,886200,0.0,0.0
2023-06-06 00:00:00-04:00,7.789999961853027,8.300000190734863,7.789999961853027,8.270000457763672,1185800,0.0,0.0
2023-06-07 00:00:00-04:00,8.369999885559082,8.529999732971191,8.270000457763672,8.449999809265137,1716100,0.0,0.0
2023-06-08 00:00:00-04:00,8.40999984741211,8.567999839782715,8.260000228881836,8.390000343322754,949300,0.0,0.0
2023-06-09 00:00:00-04:00,8.420000076293945,8.449999809265137,7.849999904632568,7.900000095367432,1156200,0.0,0.0
2023-06-12 00:00:00-04:00,7.880000114440918,8.145000457763672,7.849999904632568,8.140000343322754,853800,0.0,0.0
2023-06-13 00:00:00-04:00,8.140000343322754,8.420000076293945,8.095000267028809,8.359999656677246,1260600,0.0,0.0
2023-06-14 00:00:00-04:00,8.399999618530273,8.579999923706055,8.293000221252441,8.380000114440918,890200,0.0,0.0
2023-06-15 00:00:00-04:00,8.300000190734863,8.5600004196167,8.300000190734863,8.479999542236328,1157600,0.0,0.0
2023-06-16 00:00:00-04:00,8.569999694824219,8.569999694824219,8.295000076293945,8.319999694824219,1572300,0.0,0.0
2023-06-20 00:00:00-04:00,8.3100004196167,8.324999809265137,8.15999984741211,8.270000457763672,783300,0.0,0.0
2023-06-21 00:00:00-04:00,8.170000076293945,8.279999732971191,8.15999984741211,8.170000076293945,1248400,0.0,0.0
2023-06-22 00:00:00-04:00,8.119999885559082,8.149999618530273,8.039999961853027,8.09000015258789,889300,0.0,0.0
2023-06-23 00:00:00-04:00,8.0,8.225000381469727,8.0,8.079999923706055,2022300,0.0,0.0
2023-06-26 00:00:00-04:00,8.109999656677246,8.335000038146973,8.039999961853027,8.109999656677246,888700,0.0,0.0
2023-06-27 00:00:00-04:00,8.220000267028809,8.600000381469727,8.050000190734863,8.5600004196167,1280800,0.0,0.0
2023-06-28 00:00:00-04:00,8.539999961853027,8.760000228881836,8.510000228881836,8.609999656677246,1106900,0.0,0.0
2023-06-29 00:00:00-04:00,8.600000381469727,8.760000228881836,8.550000190734863,8.670000076293945,905900,0.0,0.0
2023-06-30 00:00:00-04:00,8.869999885559082,8.869999885559082,8.609999656677246,8.619999885559082,699300,0.0,0.0
2023-07-03 00:00:00-04:00,8.569999694824219,8.779999732971191,8.569999694824219,8.630000114440918,348600,0.0,0.0
2023-07-05 00:00:00-04:00,8.59000015258789,8.609999656677246,8.289999961853027,8.550000190734863,662200,0.0,0.0
2023-07-06 00:00:00-04:00,8.399999618530273,8.479999542236328,8.270000457763672,8.3100004196167,572500,0.0,0.0
2023-07-07 00:00:00-04:00,8.319999694824219,8.640000343322754,8.319999694824219,8.5600004196167,651800,0.0,0.0
2023-07-10 00:00:00-04:00,8.510000228881836,8.65999984741211,8.399999618530273,8.460000038146973,616900,0.0,0.0
2023-07-11 00:00:00-04:00,8.510000228881836,8.574999809265137,8.15999984741211,8.199999809265137,572700,0.0,0.0
2023-07-12 00:00:00-04:00,8.380000114440918,8.4399995803833,8.244999885559082,8.3100004196167,717400,0.0,0.0
2023-07-13 00:00:00-04:00,8.380000114440918,8.529999732971191,8.199999809265137,8.510000228881836,787000,0.0,0.0
2023-07-14 00:00:00-04:00,8.460000038146973,8.460000038146973,8.149999618530273,8.170000076293945,625000,0.0,0.0
2023-07-17 00:00:00-04:00,8.130000114440918,8.345000267028809,8.0600004196167,8.079999923706055,823000,0.0,0.0
2023-07-18 00:00:00-04:00,8.09000015258789,8.475000381469727,8.050000190734863,8.270000457763672,576300,0.0,0.0
2023-07-19 00:00:00-04:00,8.270000457763672,8.5,8.270000457763672,8.380000114440918,716300,0.0,0.0
2023-07-20 00:00:00-04:00,8.399999618530273,8.470000267028809,8.289999961853027,8.449999809265137,646300,0.0,0.0
2023-07-21 00:00:00-04:00,8.5,8.579999923706055,8.390000343322754,8.40999984741211,695200,0.0,0.0
2023-07-24 00:00:00-04:00,8.40999984741211,8.569999694824219,8.399999618530273,8.5,717400,0.0,0.0
2023-07-25 00:00:00-04:00,8.470000267028809,8.470000267028809,8.020000457763672,8.029999732971191,793100,0.0,0.0
2023-07-26 00:00:00-04:00,8.0,8.170000076293945,7.929999828338623,8.149999618530273,675600,0.0,0.0
2023-07-27 00:00:00-04:00,8.229999542236328,8.380000114440918,8.140000343322754,8.149999618530273,539800,0.0,0.0
2023-07-28 00:00:00-04:00,8.25,8.380000114440918,8.210000038146973,8.239999771118164,458100,0.0,0.0
2023-07-31 00:00:00-04:00,8.25,8.4399995803833,8.229999542236328,8.319999694824219,814700,0.0,0.0
2023-08-01 00:00:00-04:00,8.300000190734863,8.305000305175781,8.079999923706055,8.239999771118164,500500,0.0,0.0
2023-08-02 00:00:00-04:00,8.140000343322754,8.229999542236328,8.079999923706055,8.15999984741211,602700,0.0,0.0
2023-08-03 00:00:00-04:00,8.15999984741211,8.274999618530273,8.055000305175781,8.140000343322754,629600,0.0,0.0
2023-08-04 00:00:00-04:00,8.140000343322754,8.274999618530273,7.90500020980835,7.920000076293945,655700,0.0,0.0
2023-08-07 00:00:00-04:00,7.909999847412109,8.140000343322754,7.800000190734863,8.130000114440918,592900,0.0,0.0
2023-08-08 00:00:00-04:00,7.960000038146973,8.3149995803833,7.960000038146973,8.300000190734863,783000,0.0,0.0
2023-08-09 00:00:00-04:00,8.399999618530273,9.734999656677246,8.399999618530273,9.670000076293945,2796500,0.0,0.0
2023-08-10 00:00:00-04:00,9.670000076293945,9.720000267028809,9.109999656677246,9.199999809265137,1502800,0.0,0.0
2023-08-11 00:00:00-04:00,9.09000015258789,9.324999809265137,9.015000343322754,9.239999771118164,1367500,0.0,0.0
2023-08-14 00:00:00-04:00,9.130000114440918,9.25,9.050000190734863,9.119999885559082,1484300,0.0,0.0
2023-08-15 00:00:00-04:00,9.010000228881836,9.25100040435791,8.979999542236328,9.069999694824219,995000,0.0,0.0
2023-08-16 00:00:00-04:00,9.010000228881836,9.140000343322754,8.930000305175781,9.029999732971191,855300,0.0,0.0
2023-08-17 00:00:00-04:00,9.09000015258789,9.119999885559082,8.864999771118164,8.890000343322754,647000,0.0,0.0
2023-08-18 00:00:00-04:00,8.770000457763672,8.914999961853027,8.59000015258789,8.600000381469727,737700,0.0,0.0
2023-08-21 00:00:00-04:00,8.5600004196167,8.6850004196167,8.520000457763672,8.600000381469727,1412300,0.0,0.0
2023-08-22 00:00:00-04:00,8.59000015258789,8.819999694824219,8.59000015258789,8.65999984741211,1049800,0.0,0.0
2023-08-23 00:00:00-04:00,8.65999984741211,8.765000343322754,8.600000381469727,8.65999984741211,527700,0.0,0.0
2023-08-24 00:00:00-04:00,8.59000015258789,8.795000076293945,8.579999923706055,8.6899995803833,488700,0.0,0.0
2023-08-25 00:00:00-04:00,8.65999984741211,8.805000305175781,8.539999961853027,8.619999885559082,417600,0.0,0.0
2023-08-28 00:00:00-04:00,8.699999809265137,8.975000381469727,8.699999809265137,8.890000343322754,826100,0.0,0.0
2023-08-29 00:00:00-04:00,8.960000038146973,9.324999809265137,8.918000221252441,9.229999542236328,736400,0.0,0.0
2023-08-30 00:00:00-04:00,9.199999809265137,9.289999961853027,9.104999542236328,9.170000076293945,578700,0.0,0.0
2023-08-31 00:00:00-04:00,9.140000343322754,9.220000267028809,8.954999923706055,8.960000038146973,732200,0.0,0.0
2023-09-01 00:00:00-04:00,8.979999542236328,9.039999961853027,8.729999542236328,8.75,525500,0.0,0.0
2023-09-05 00:00:00-04:00,8.640000343322754,8.670000076293945,8.350000381469727,8.380000114440918,1054800,0.0,0.0
2023-09-06 00:00:00-04:00,8.25,8.475000381469727,8.25,8.4399995803833,1059800,0.0,0.0
2023-09-07 00:00:00-04:00,8.40999984741211,8.414999961853027,7.929999828338623,7.960000038146973,988500,0.0,0.0
2023-09-08 00:00:00-04:00,7.929999828338623,8.21500015258789,7.889999866485596,8.149999618530273,930800,0.0,0.0
2023-09-11 00:00:00-04:00,8.199999809265137,8.449999809265137,8.199999809265137,8.390000343322754,1030000,0.0,0.0
2023-09-12 00:00:00-04:00,8.420000076293945,8.654999732971191,8.395000457763672,8.630000114440918,746900,0.0,0.0
2023-09-13 00:00:00-04:00,8.699999809265137,8.869999885559082,8.550000190734863,8.850000381469727,921000,0.0,0.0
2023-09-14 00:00:00-04:00,8.920000076293945,9.220000267028809,8.920000076293945,8.960000038146973,1614300,0.0,0.0
2023-09-15 00:00:00-04:00,8.9399995803833,9.039999961853027,8.404999732971191,8.479999542236328,2125700,0.0,0.0
2023-09-18 00:00:00-04:00,8.520000457763672,8.520000457763672,8.220000267028809,8.239999771118164,755800,0.0,0.0
2023-09-19 00:00:00-04:00,8.239999771118164,8.399999618530273,8.239999771118164,8.260000228881836,513200,0.0,0.0
2023-09-20 00:00:00-04:00,8.350000381469727,8.479999542236328,8.265000343322754,8.270000457763672,536300,0.0,0.0
2023-09-21 00:00:00-04:00,8.199999809265137,8.329999923706055,8.149999618530273,8.210000038146973,492900,0.0,0.0
2023-09-22 00:00:00-04:00,8.229999542236328,8.319999694824219,8.079999923706055,8.100000381469727,704600,0.0,0.0
2023-09-25 00:00:00-04:00,8.039999961853027,8.180000305175781,7.96999979019165,8.050000190734863,656000,0.0,0.0
2023-09-26 00:00:00-04:00,7.940000057220459,8.015000343322754,7.809999942779541,7.889999866485596,957700,0.0,0.0
2023-09-27 00:00:00-04:00,8.100000381469727,8.229999542236328,7.914999961853027,8.0600004196167,506700,0.0,0.0
2023-09-28 00:00:00-04:00,8.050000190734863,8.239999771118164,8.050000190734863,8.119999885559082,571200,0.0,0.0
2023-09-29 00:00:00-04:00,8.119999885559082,8.248000144958496,8.119999885559082,8.15999984741211,589600,0.0,0.0
2023-10-02 00:00:00-04:00,8.149999618530273,8.220000267028809,8.050000190734863,8.149999618530273,692100,0.0,0.0
2023-10-03 00:00:00-04:00,8.100000381469727,8.130000114440918,7.590000152587891,7.659999847412109,707200,0.0,0.0
2023-10-04 00:00:00-04:00,7.679999828338623,7.789999961853027,7.644999980926514,7.659999847412109,720800,0.0,0.0
2023-10-05 00:00:00-04:00,7.630000114440918,7.809999942779541,7.614999771118164,7.75,926800,0.0,0.0
2023-10-06 00:00:00-04:00,7.820000171661377,7.820000171661377,7.605000019073486,7.690000057220459,907100,0.0,0.0
2023-10-09 00:00:00-04:00,7.690000057220459,7.900000095367432,7.650000095367432,7.820000171661377,571800,0.0,0.0
2023-10-10 00:00:00-04:00,7.800000190734863,7.860000133514404,7.570000171661377,7.639999866485596,1164200,0.0,0.0
2023-10-11 00:00:00-04:00,7.639999866485596,7.71999979019165,7.539999961853027,7.610000133514404,759900,0.0,0.0
2023-10-12 00:00:00-04:00,7.659999847412109,7.659999847412109,7.320000171661377,7.369999885559082,540700,0.0,0.0
2023-10-13 00:00:00-04:00,7.380000114440918,7.565000057220459,7.380000114440918,7.429999828338623,580500,0.0,0.0
2023-10-16 00:00:00-04:00,7.460000038146973,7.599999904632568,7.460000038146973,7.489999771118164,626600,0.0,0.0
2023-10-17 00:00:00-04:00,7.730000019073486,7.730000019073486,7.349999904632568,7.380000114440918,722600,0.0,0.0
2023-10-18 00:00:00-04:00,7.269999980926514,7.360000133514404,7.210000038146973,7.28000020980835,537900,0.0,0.0
2023-10-19 00:00:00-04:00,7.309999942779541,7.320000171661377,7.074999809265137,7.110000133514404,1427500,0.0,0.0
2023-10-20 00:00:00-04:00,7.110000133514404,7.179999828338623,7.03000020980835,7.070000171661377,658900,0.0,0.0
2023-10-23 00:00:00-04:00,7.019999980926514,7.130000114440918,6.994999885559082,7.019999980926514,939400,0.0,0.0
2023-10-24 00:00:00-04:00,7.090000152587891,7.150000095367432,7.010000228881836,7.039999961853027,694200,0.0,0.0
2023-10-25 00:00:00-04:00,6.929999828338623,6.960000038146973,6.789999961853027,6.800000190734863,704500,0.0,0.0
2023-10-26 00:00:00-04:00,6.840000152587891,6.849999904632568,6.65500020980835,6.75,737000,0.0,0.0
2023-10-27 00:00:00-04:00,6.699999809265137,6.75,6.614999771118164,6.730000019073486,787400,0.0,0.0
2023-10-30 00:00:00-04:00,6.820000171661377,6.920000076293945,6.71999979019165,6.769999980926514,537500,0.0,0.0
2023-10-31 00:00:00-04:00,6.760000228881836,6.900000095367432,6.670000076293945,6.849999904632568,898100,0.0,0.0
2023-11-01 00:00:00-04:00,6.820000171661377,6.820000171661377,6.699999809265137,6.760000228881836,634900,0.0,0.0
2023-11-02 00:00:00-04:00,6.840000152587891,6.914999961853027,6.684999942779541,6.760000228881836,1043600,0.0,0.0
2023-11-03 00:00:00-04:00,6.900000095367432,7.070000171661377,6.769999980926514,6.889999866485596,942300,0.0,0.0
2023-11-06 00:00:00-05:00,6.940000057220459,7.139999866485596,6.784999847412109,6.789999961853027,1193800,0.0,0.0
2023-11-07 00:00:00-05:00,6.78000020980835,6.78000020980835,6.53000020980835,6.579999923706055,1030500,0.0,0.0
2023-11-08 00:00:00-05:00,6.619999885559082,6.690000057220459,6.570000171661377,6.630000114440918,816300,0.0,0.0
2023-11-09 00:00:00-05:00,6.630000114440918,6.650000095367432,6.40500020980835,6.429999828338623,1229600,0.0,0.0
2023-11-10 00:00:00-05:00,6.690000057220459,7.400000095367432,6.619999885559082,7.28000020980835,2288300,0.0,0.0
2023-11-13 00:00:00-05:00,7.130000114440918,7.315000057220459,7.110000133514404,7.130000114440918,1245900,0.0,0.0
2023-11-14 00:00:00-05:00,7.409999847412109,7.46999979019165,7.099999904632568,7.179999828338623,1135800,0.0,0.0
2023-11-15 00:00:00-05:00,7.150000095367432,7.429999828338623,7.150000095367432,7.179999828338623,1181500,0.0,0.0
2023-11-16 00:00:00-05:00,7.179999828338623,7.190000057220459,6.909999847412109,7.010000228881836,825300,0.0,0.0
2023-11-17 00:00:00-05:00,7.099999904632568,7.130000114440918,6.940000057220459,7.010000228881836,787300,0.0,0.0
2023-11-20 00:00:00-05:00,6.989999771118164,7.144999980926514,6.9710001945495605,7.050000190734863,760100,0.0,0.0
2023-11-21 00:00:00-05:00,6.989999771118164,7.0,6.75,6.809999942779541,595400,0.0,0.0
2023-11-22 00:00:00-05:00,6.889999866485596,6.989999771118164,6.789999961853027,6.869999885559082,531700,0.0,0.0
2023-11-24 00:00:00-05:00,6.869999885559082,7.050000190734863,6.869999885559082,7.039999961853027,251100,0.0,0.0
2023-11-27 00:00:00-05:00,6.940000057220459,7.0,6.804999828338623,6.880000114440918,548600,0.0,0.0
2023-11-28 00:00:00-05:00,6.889999866485596,7.047999858856201,6.78000020980835,6.980000019073486,854000,0.0,0.0
2023-11-29 00:00:00-05:00,7.0,7.139999866485596,6.980000019073486,7.039999961853027,832600,0.0,0.0
2023-11-30 00:00:00-05:00,7.039999961853027,7.070000171661377,6.760000228881836,6.829999923706055,1024900,0.0,0.0
2023-12-01 00:00:00-05:00,6.760000228881836,7.21999979019165,6.659999847412109,7.179999828338623,1431700,0.0,0.0
2023-12-04 00:00:00-05:00,7.150000095367432,7.380000114440918,7.130000114440918,7.25,995400,0.0,0.0
2023-12-05 00:00:00-05:00,7.179999828338623,7.179999828338623,6.859000205993652,6.860000133514404,767400,0.0,0.0
2023-12-06 00:00:00-05:00,6.889999866485596,6.945000171661377,6.829999923706055,6.889999866485596,795900,0.0,0.0
2023-12-07 00:00:00-05:00,6.900000095367432,7.199999809265137,6.860000133514404,7.050000190734863,1026400,0.0,0.0
2023-12-08 00:00:00-05:00,7.050000190734863,7.210000038146973,7.0,7.159999847412109,635400,0.0,0.0
2023-12-11 00:00:00-05:00,7.139999866485596,7.21999979019165,6.980000019073486,7.090000152587891,776800,0.0,0.0
2023-12-12 00:00:00-05:00,7.039999961853027,7.039999961853027,6.75,6.769999980926514,692100,0.0,0.0
2023-12-13 00:00:00-05:00,6.769999980926514,7.0,6.590000152587891,7.0,1123100,0.0,0.0
2023-12-14 00:00:00-05:00,7.139999866485596,7.414999961853027,7.130000114440918,7.199999809265137,994900,0.0,0.0
2023-12-15 00:00:00-05:00,7.260000228881836,7.260000228881836,7.019999980926514,7.059999942779541,1916400,0.0,0.0
2023-12-18 00:00:00-05:00,7.150000095367432,7.150000095367432,6.980000019073486,6.989999771118164,1236300,0.0,0.0
2023-12-19 00:00:00-05:00,7.050000190734863,7.260000228881836,7.010000228881836,7.230000019073486,1029900,0.0,0.0
2023-12-20 00:00:00-05:00,7.25,7.275000095367432,7.09499979019165,7.099999904632568,1062100,0.0,0.0
2023-12-21 00:00:00-05:00,7.170000076293945,7.190000057220459,7.090000152587891,7.190000057220459,455900,0.0,0.0
2023-12-22 00:00:00-05:00,7.190000057220459,7.349999904632568,7.164999961853027,7.21999979019165,764600,0.0,0.0
2023-12-26 00:00:00-05:00,7.260000228881836,7.309999942779541,7.130000114440918,7.28000020980835,433400,0.0,0.0
2023-12-27 00:00:00-05:00,7.210000038146973,7.329999923706055,7.159999847412109,7.260000228881836,508400,0.0,0.0
2023-12-28 00:00:00-05:00,7.230000019073486,7.329999923706055,7.210000038146973,7.320000171661377,450700,0.0,0.0
2023-12-29 00:00:00-05:00,7.320000171661377,7.349999904632568,7.23199987411499,7.340000152587891,546100,0.0,0.0
2024-01-02 00:00:00-05:00,7.25,7.46999979019165,7.175000190734863,7.389999866485596,1240800,0.0,0.0
2024-01-03 00:00:00-05:00,7.340000152587891,7.340000152587891,7.090000152587891,7.099999904632568,747900,0.0,0.0
2024-01-04 00:00:00-05:00,7.179999828338623,7.179999828338623,7.0,7.079999923706055,579800,0.0,0.0
2024-01-05 00:00:00-05:00,7.03000020980835,7.175000190734863,7.0,7.03000020980835,507200,0.0,0.0
2024-01-08 00:00:00-05:00,7.019999980926514,7.190000057220459,7.0,7.190000057220459,523500,0.0,0.0
2024-01-09 00:00:00-05:00,7.059999942779541,7.190000057220459,7.019999980926514,7.159999847412109,513600,0.0,0.0
2024-01-10 00:00:00-05:00,7.119999885559082,7.204999923706055,7.09499979019165,7.130000114440918,648100,0.0,0.0
2024-01-11 00:00:00-05:00,7.079999923706055,7.260000228881836,7.010000228881836,7.210000038146973,853000,0.0,0.0
2024-01-12 00:00:00-05:00,7.329999923706055,7.385000228881836,7.190000057220459,7.190000057220459,393300,0.0,0.0
2024-01-16 00:00:00-05:00,7.139999866485596,7.199999809265137,7.059999942779541,7.130000114440918,538300,0.0,0.0
2024-01-17 00:00:00-05:00,7.0,7.21999979019165,7.0,7.079999923706055,696500,0.0,0.0
2024-01-18 00:00:00-05:00,7.099999904632568,7.21999979019165,6.860000133514404,7.110000133514404,724200,0.0,0.0
2024-01-19 00:00:00-05:00,7.159999847412109,7.21999979019165,7.039999961853027,7.210000038146973,556400,0.0,0.0
2024-01-22 00:00:00-05:00,7.289999961853027,7.289999961853027,7.065000057220459,7.179999828338623,499200,0.0,0.0
2024-01-23 00:00:00-05:00,7.300000190734863,7.409999847412109,7.260000228881836,7.360000133514404,1097100,0.0,0.0
2024-01-24 00:00:00-05:00,7.46999979019165,7.46999979019165,7.070000171661377,7.099999904632568,442300,0.0,0.0
2024-01-25 00:00:00-05:00,7.21999979019165,7.269999980926514,7.065000057220459,7.239999771118164,717600,0.0,0.0
2024-01-26 00:00:00-05:00,7.28000020980835,7.460000038146973,7.269999980926514,7.340000152587891,464100,0.0,0.0
2024-01-29 00:00:00-05:00,7.300000190734863,7.420000076293945,7.190000057220459,7.400000095367432,370700,0.0,0.0
2024-01-30 00:00:00-05:00,7.349999904632568,7.427999973297119,7.289999961853027,7.340000152587891,521300,0.0,0.0
2024-01-31 00:00:00-05:00,7.360000133514404,7.360000133514404,7.079999923706055,7.119999885559082,666200,0.0,0.0
2024-02-01 00:00:00-05:00,7.139999866485596,7.320000171661377,7.135000228881836,7.269999980926514,456300,0.0,0.0
2024-02-02 00:00:00-05:00,7.159999847412109,7.159999847412109,6.909999847412109,6.909999847412109,693300,0.0,0.0
2024-02-05 00:00:00-05:00,6.809999942779541,6.809999942779541,6.480000019073486,6.610000133514404,1065000,0.0,0.0
2024-02-06 00:00:00-05:00,6.559999942779541,6.730000019073486,6.559999942779541,6.650000095367432,786500,0.0,0.0
2024-02-07 00:00:00-05:00,6.630000114440918,6.809999942779541,6.534999847412109,6.78000020980835,865700,0.0,0.0
2024-02-08 00:00:00-05:00,6.769999980926514,6.880000114440918,6.619999885559082,6.860000133514404,1073300,0.0,0.0
2024-02-09 00:00:00-05:00,6.909999847412109,6.909999847412109,6.599999904632568,6.789999961853027,895500,0.0,0.0
2024-02-12 00:00:00-05:00,6.800000190734863,7.090000152587891,6.800000190734863,7.03000020980835,961700,0.0,0.0
2024-02-13 00:00:00-05:00,6.840000152587891,6.855000019073486,6.389999866485596,6.400000095367432,887100,0.0,0.0
2024-02-14 00:00:00-05:00,6.480000019073486,6.610000133514404,6.420000076293945,6.539999961853027,841600,0.0,0.0
2024-02-15 00:00:00-05:00,6.570000171661377,6.789999961853027,6.570000171661377,6.789999961853027,763500,0.0,0.0
2024-02-16 00:00:00-05:00,6.730000019073486,6.789999961853027,6.590000152587891,6.71999979019165,531800,0.0,0.0
2024-02-20 00:00:00-05:00,6.619999885559082,6.849999904632568,6.599999904632568,6.840000152587891,819700,0.0,0.0
2024-02-21 00:00:00-05:00,6.809999942779541,6.809999942779541,6.514999866485596,6.550000190734863,661400,0.0,0.0
2024-02-22 00:00:00-05:00,6.53000020980835,6.550000190734863,6.414999961853027,6.53000020980835,922300,0.0,0.0
2024-02-23 00:00:00-05:00,6.550000190734863,6.559999942779541,5.949999809265137,6.059999942779541,2572700,0.0,0.0
2024-02-26 00:00:00-05:00,6.010000228881836,6.385000228881836,6.0,6.199999809265137,2163800,0.0,0.0
2024-02-27 00:00:00-05:00,6.269999980926514,6.494999885559082,6.210000038146973,6.429999828338623,1647200,0.0,0.0
2024-02-28 00:00:00-05:00,6.340000152587891,6.414999961853027,6.170000076293945,6.239999771118164,1471500,0.0,0.0
2024-02-29 00:00:00-05:00,6.420000076293945,6.644999980926514,6.360000133514404,6.519999980926514,1965900,0.0,0.0
2024-03-01 00:00:00-05:00,6.480000019073486,6.619999885559082,6.375,6.489999771118164,1689500,0.0,0.0
2024-03-04 00:00:00-05:00,6.480000019073486,6.610000133514404,6.400000095367432,6.519999980926514,1559000,0.0,0.0
2024-03-05 00:00:00-05:00,6.392000198364258,6.559999942779541,6.324999809265137,6.340000152587891,1471600,0.0,0.0
2024-03-06 00:00:00-05:00,6.420000076293945,6.460000038146973,6.269999980926514,6.340000152587891,1556800,0.0,0.0
2024-03-07 00:00:00-05:00,6.349999904632568,6.380000114440918,6.179999828338623,6.269999980926514,1486800,0.0,0.0
2024-03-08 00:00:00-05:00,6.340000152587891,6.449999809265137,6.295000076293945,6.400000095367432,1608600,0.0,0.0
2024-03-11 00:00:00-04:00,6.389999866485596,6.559999942779541,6.380000114440918,6.489999771118164,1505200,0.0,0.0
2024-03-12 00:00:00-04:00,6.519999980926514,6.519999980926514,6.190000057220459,6.21999979019165,1275500,0.0,0.0
2024-03-13 00:00:00-04:00,6.210000038146973,6.690000057220459,6.170000076293945,6.510000228881836,1865000,0.0,0.0
2024-03-14 00:00:00-04:00,6.519999980926514,6.59499979019165,6.320000171661377,6.380000114440918,1652000,0.0,0.0
2024-03-15 00:00:00-04:00,6.369999885559082,6.5,6.199999809265137,6.309999942779541,7723600,0.0,0.0
2024-03-18 00:00:00-04:00,6.269999980926514,6.420000076293945,6.241000175476074,6.289999961853027,1894500,0.0,0.0
2024-03-19 00:00:00-04:00,6.199999809265137,6.465000152587891,6.179999828338623,6.320000171661377,1388000,0.0,0.0
2024-03-20 00:00:00-04:00,6.260000228881836,6.684999942779541,6.260000228881836,6.579999923706055,2258700,0.0,0.0
2024-03-21 00:00:00-04:00,6.590000152587891,6.869999885559082,6.550000190734863,6.78000020980835,2178600,0.0,0.0
2024-03-22 00:00:00-04:00,6.760000228881836,6.900000095367432,6.635000228881836,6.690000057220459,2017500,0.0,0.0
2024-03-25 00:00:00-04:00,6.96999979019165,7.670000076293945,6.900000095367432,7.179999828338623,4354100,0.0,0.0
2024-03-26 00:00:00-04:00,7.179999828338623,7.190000057220459,6.889999866485596,6.949999809265137,2410500,0.0,0.0
2024-03-27 00:00:00-04:00,6.96999979019165,7.105000019073486,6.914999961853027,7.079999923706055,1799900,0.0,0.0
2024-03-28 00:00:00-04:00,7.099999904632568,7.125,6.960000038146973,6.989999771118164,1364400,0.0,0.0
2024-04-01 00:00:00-04:00,7.090000152587891,7.150000095367432,6.929999828338623,7.03000020980835,1299700,0.0,0.0
2024-04-02 00:00:00-04:00,6.940000057220459,7.039999961853027,6.880000114440918,6.960000038146973,1253200,0.0,0.0
2024-04-03 00:00:00-04:00,6.920000076293945,7.400000095367432,6.920000076293945,7.400000095367432,1575600,0.0,0.0
2024-04-04 00:00:00-04:00,7.480000019073486,7.590000152587891,7.239999771118164,7.269999980926514,1011000,0.0,0.0
2024-04-05 00:00:00-04:00,7.21999979019165,7.320000171661377,7.059999942779541,7.300000190734863,1063300,0.0,0.0
2024-04-08 00:00:00-04:00,7.289999961853027,7.510000228881836,7.260000228881836,7.380000114440918,954600,0.0,0.0
2024-04-09 00:00:00-04:00,7.389999866485596,7.550000190734863,7.375,7.46999979019165,694100,0.0,0.0
2024-04-10 00:00:00-04:00,7.21999979019165,7.360000133514404,7.099999904632568,7.320000171661377,1059000,0.0,0.0
2024-04-11 00:00:00-04:00,7.289999961853027,7.690000057220459,7.28000020980835,7.639999866485596,838200,0.0,0.0
2024-04-12 00:00:00-04:00,7.610000133514404,7.625,7.215000152587891,7.239999771118164,667200,0.0,0.0
2024-04-15 00:00:00-04:00,7.25,7.440000057220459,7.190000057220459,7.28000020980835,879700,0.0,0.0
2024-04-16 00:00:00-04:00,7.210000038146973,7.320000171661377,7.150000095367432,7.25,1116200,0.0,0.0
2024-04-17 00:00:00-04:00,7.360000133514404,7.46999979019165,7.190000057220459,7.199999809265137,742600,0.0,0.0
2024-04-18 00:00:00-04:00,7.210000038146973,7.389999866485596,7.144999980926514,7.199999809265137,1162600,0.0,0.0
2024-04-19 00:00:00-04:00,7.170000076293945,7.309999942779541,7.159999847412109,7.260000228881836,947400,0.0,0.0
2024-04-22 00:00:00-04:00,7.309999942779541,7.5,7.289999961853027,7.380000114440918,820100,0.0,0.0
2024-04-23 00:00:00-04:00,7.380000114440918,7.570000171661377,7.329999923706055,7.445000171661377,907600,0.0,0.0
2024-04-24 00:00:00-04:00,7.409999847412109,7.489999771118164,7.289999961853027,7.480000019073486,1051000,0.0,0.0
2024-04-25 00:00:00-04:00,7.420000076293945,7.525000095367432,7.269999980926514,7.460000038146973,1403800,0.0,0.0
2024-04-26 00:00:00-04:00,7.449999809265137,7.650000095367432,7.429999828338623,7.610000133514404,651200,0.0,0.0
2024-04-29 00:00:00-04:00,7.619999885559082,7.829999923706055,7.619999885559082,7.710000038146973,790800,0.0,0.0
2024-04-30 00:00:00-04:00,7.610000133514404,7.625,7.465000152587891,7.539999961853027,1011600,0.0,0.0
2024-05-01 00:00:00-04:00,7.599999904632568,7.869999885559082,7.565000057220459,7.730000019073486,833400,0.0,0.0
2024-05-02 00:00:00-04:00,7.760000228881836,7.949999809265137,7.724999904632568,7.940000057220459,921700,0.0,0.0
2024-05-03 00:00:00-04:00,8.050000190734863,8.140000343322754,7.920000076293945,8.010000228881836,668100,0.0,0.0
2024-05-06 00:00:00-04:00,8.079999923706055,8.170000076293945,8.045000076293945,8.130000114440918,540900,0.0,0.0
2024-05-07 00:00:00-04:00,8.170000076293945,8.265000343322754,8.140000343322754,8.1899995803833,719700,0.0,0.0
2024-05-08 00:00:00-04:00,7.989999771118164,8.680000305175781,7.889999866485596,8.600000381469727,2198900,0.0,0.0
2024-05-09 00:00:00-04:00,8.5600004196167,8.6899995803833,8.404999732971191,8.6899995803833,1343000,0.0,0.0
2024-05-10 00:00:00-04:00,8.760000228881836,8.765000343322754,8.295000076293945,8.399999618530273,1112800,0.0,0.0
2024-05-13 00:00:00-04:00,8.550000190734863,8.845000267028809,8.300000190734863,8.350000381469727,831700,0.0,0.0
2024-05-14 00:00:00-04:00,8.520000457763672,8.625,8.399999618530273,8.460000038146973,650700,0.0,0.0
2024-05-15 00:00:00-04:00,8.520000457763672,8.529999732971191,8.364999771118164,8.470000267028809,684100,0.0,0.0
2024-05-16 00:00:00-04:00,8.4399995803833,8.725000381469727,8.4399995803833,8.649999618530273,813200,0.0,0.0
2024-05-17 00:00:00-04:00,8.59000015258789,8.800000190734863,8.510000228881836,8.739999771118164,806100,0.0,0.0
2024-05-20 00:00:00-04:00,8.699999809265137,8.835000038146973,8.619999885559082,8.630000114440918,946000,0.0,0.0
2024-05-21 00:00:00-04:00,8.609999656677246,8.710000038146973,8.545000076293945,8.65999984741211,786700,0.0,0.0
2024-05-22 00:00:00-04:00,8.630000114440918,8.6899995803833,8.449999809265137,8.529999732971191,597700,0.0,0.0
2024-05-23 00:00:00-04:00,8.520000457763672,8.664999961853027,8.399999618530273,8.619999885559082,848900,0.0,0.0
2024-05-24 00:00:00-04:00,8.680000305175781,8.6899995803833,8.529999732971191,8.550000190734863,530200,0.0,0.0
2024-05-28 00:00:00-04:00,8.550000190734863,8.65999984741211,8.520000457763672,8.619999885559082,785400,0.0,0.0
2024-05-29 00:00:00-04:00,8.539999961853027,8.640000343322754,8.460000038146973,8.630000114440918,551500,0.0,0.0
2024-05-30 00:00:00-04:00,8.65999984741211,9.024999618530273,8.609999656677246,8.9399995803833,1154600,0.0,0.0
2024-05-31 00:00:00-04:00,8.989999771118164,9.119999885559082,8.869999885559082,9.069999694824219,1106200,0.0,0.0
2024-06-03 00:00:00-04:00,9.149999618530273,9.149999618530273,8.949999809265137,9.039999961853027,672500,0.0,0.0
2024-06-04 00:00:00-04:00,9.0,9.079999923706055,8.84000015258789,8.84000015258789,895400,0.0,0.0
2024-06-05 00:00:00-04:00,8.850000381469727,9.039999961853027,8.819999694824219,8.979999542236328,808100,0.0,0.0
2024-06-06 00:00:00-04:00,8.920000076293945,9.130000114440918,8.920000076293945,9.050000190734863,735100,0.0,0.0
2024-06-07 00:00:00-04:00,8.930000305175781,9.045000076293945,8.835000038146973,8.880000114440918,511200,0.0,0.0
2024-06-10 00:00:00-04:00,8.779999732971191,8.880000114440918,8.680000305175781,8.829999923706055,646000,0.0,0.0
2024-06-11 00:00:00-04:00,8.729999542236328,8.805000305175781,8.675000190734863,8.710000038146973,660500,0.0,0.0
2024-06-12 00:00:00-04:00,8.890000343322754,8.9399995803833,8.680000305175781,8.6899995803833,688000,0.0,0.0
2024-06-13 00:00:00-04:00,8.649999618530273,8.65999984741211,8.34000015258789,8.390000343322754,789600,0.0,0.0
2024-06-14 00:00:00-04:00,8.289999961853027,8.369999885559082,8.199999809265137,8.3100004196167,604800,0.0,0.0
2024-06-17 00:00:00-04:00,8.260000228881836,8.319999694824219,8.1899995803833,8.279999732971191,430000,0.0,0.0
2024-06-18 00:00:00-04:00,8.300000190734863,8.494999885559082,8.289999961853027,8.319999694824219,775200,0.0,0.0
2024-06-20 00:00:00-04:00,8.3100004196167,8.619999885559082,8.239999771118164,8.550000190734863,887800,0.0,0.0
2024-06-21 00:00:00-04:00,8.510000228881836,9.020000457763672,8.510000228881836,9.010000228881836,3322800,0.0,0.0
2024-06-24 00:00:00-04:00,9.029999732971191,9.220000267028809,8.954999923706055,9.0,1947300,0.0,0.0
2024-06-25 00:00:00-04:00,8.960000038146973,9.154999732971191,8.805000305175781,9.119999885559082,1327000,0.0,0.0
2024-06-26 00:00:00-04:00,9.109999656677246,9.350000381469727,9.085000038146973,9.210000038146973,1484800,0.0,0.0
2024-06-27 00:00:00-04:00,9.289999961853027,9.470000267028809,9.220000267028809,9.4399995803833,1039300,0.0,0.0
2024-06-28 00:00:00-04:00,9.489999771118164,9.670000076293945,9.470000267028809,9.619999885559082,1908100,0.0,0.0
2024-07-01 00:00:00-04:00,9.619999885559082,9.6899995803833,9.494999885559082,9.600000381469727,1155100,0.0,0.0
2024-07-02 00:00:00-04:00,9.600000381469727,9.619999885559082,9.380000114440918,9.399999618530273,823100,0.0,0.0
2024-07-03 00:00:00-04:00,9.430000305175781,9.430000305175781,9.069999694824219,9.15999984741211,584200,0.0,0.0
2024-07-05 00:00:00-04:00,9.09000015258789,9.130000114440918,8.90999984741211,9.109999656677246,861700,0.0,0.0
2024-07-08 00:00:00-04:00,9.220000267028809,9.220000267028809,9.085000038146973,9.170000076293945,1074700,0.0,0.0
2024-07-09 00:00:00-04:00,9.1899995803833,9.470000267028809,9.170000076293945,9.350000381469727,1078400,0.0,0.0
2024-07-10 00:00:00-04:00,9.420000076293945,9.430000305175781,9.270000457763672,9.420000076293945,585400,0.0,0.0
2024-07-11 00:00:00-04:00,9.5600004196167,9.880000114440918,9.454999923706055,9.850000381469727,1946700,0.0,0.0
2024-07-12 00:00:00-04:00,9.920000076293945,9.979999542236328,9.8100004196167,9.819999694824219,1043300,0.0,0.0
2024-07-15 00:00:00-04:00,9.859999656677246,10.020000457763672,9.739999771118164,9.949999809265137,1252500,0.0,0.0
2024-07-16 00:00:00-04:00,10.079999923706055,10.149999618530273,9.949999809265137,10.109999656677246,1971600,0.0,0.0
2024-07-17 00:00:00-04:00,10.069999694824219,10.270000457763672,9.914999961853027,10.239999771118164,1184200,0.0,0.0
2024-07-18 00:00:00-04:00,10.239999771118164,10.444999694824219,9.914999961853027,9.970000267028809,1389300,0.0,0.0
2024-07-19 00:00:00-04:00,9.979999542236328,10.09000015258789,9.739999771118164,10.029999732971191,1308500,0.0,0.0
2024-07-22 00:00:00-04:00,10.020000457763672,10.09000015258789,9.765000343322754,10.039999961853027,831300,0.0,0.0
2024-07-23 00:00:00-04:00,9.979999542236328,10.220000267028809,9.944999694824219,10.199999809265137,1355600,0.0,0.0
2024-07-24 00:00:00-04:00,10.170000076293945,10.3100004196167,9.989999771118164,10.020000457763672,969600,0.0,0.0
2024-07-25 00:00:00-04:00,10.069999694824219,10.3100004196167,9.970000267028809,10.085000038146973,940000,0.0,0.0
2024-07-26 00:00:00-04:00,10.25,10.324999809265137,10.154999732971191,10.319999694824219,975400,0.0,0.0
2024-07-29 00:00:00-04:00,10.34000015258789,10.420000076293945,10.21500015258789,10.279999732971191,699500,0.0,0.0
2024-07-30 00:00:00-04:00,10.319999694824219,10.53499984741211,10.260000228881836,10.470000267028809,1176300,0.0,0.0
2024-07-31 00:00:00-04:00,10.470000267028809,10.930000305175781,10.4399995803833,10.600000381469727,1298600,0.0,0.0
2024-08-01 00:00:00-04:00,10.569999694824219,10.6899995803833,10.385000228881836,10.489999771118164,836200,0.0,0.0
2024-08-02 00:00:00-04:00,10.210000038146973,10.520000457763672,10.130000114440918,10.300000190734863,1372600,0.0,0.0
2024-08-05 00:00:00-04:00,9.760000228881836,10.109999656677246,9.390000343322754,10.0,1642100,0.0,0.0
2024-08-06 00:00:00-04:00,9.989999771118164,10.260000228881836,9.859999656677246,10.15999984741211,1030100,0.0,0.0
2024-08-07 00:00:00-04:00,10.050000190734863,10.09000015258789,8.90999984741211,9.220000267028809,2559000,0.0,0.0
2024-08-08 00:00:00-04:00,9.229999542236328,9.484999656677246,8.970000267028809,9.4399995803833,1798000,0.0,0.0
2024-08-09 00:00:00-04:00,9.4399995803833,9.569999694824219,9.0649995803833,9.140000343322754,1172400,0.0,0.0
2024-08-12 00:00:00-04:00,9.09000015258789,9.170000076293945,8.960000038146973,9.170000076293945,915000,0.0,0.0
2024-08-13 00:00:00-04:00,9.350000381469727,9.619999885559082,9.270000457763672,9.579999923706055,732900,0.0,0.0
2024-08-14 00:00:00-04:00,9.539999961853027,9.680000305175781,9.520000457763672,9.609999656677246,647400,0.0,0.0
2024-08-15 00:00:00-04:00,9.803000450134277,9.850000381469727,9.699999809265137,9.729999542236328,738000,0.0,0.0
2024-08-16 00:00:00-04:00,9.729999542236328,9.84000015258789,9.489999771118164,9.789999961853027,713100,0.0,0.0
2024-08-19 00:00:00-04:00,9.720000267028809,9.8100004196167,9.59000015258789,9.779999732971191,760100,0.0,0.0
2024-08-20 00:00:00-04:00,9.779999732971191,9.779999732971191,9.460000038146973,9.460000038146973,933100,0.0,0.0
2024-08-21 00:00:00-04:00,9.5,9.520000457763672,9.305000305175781,9.460000038146973,585100,0.0,0.0
2024-08-22 00:00:00-04:00,9.460000038146973,9.479999542236328,9.145000457763672,9.210000038146973,624200,0.0,0.0
2024-08-23 00:00:00-04:00,9.270000457763672,9.489999771118164,9.239999771118164,9.380000114440918,616300,0.0,0.0
2024-08-26 00:00:00-04:00,9.4399995803833,9.609999656677246,9.359999656677246,9.550000190734863,649700,0.0,0.0
2024-08-27 00:00:00-04:00,9.529999732971191,9.65999984741211,9.484000205993652,9.520000457763672,417000,0.0,0.0
2024-08-28 00:00:00-04:00,9.460000038146973,9.579999923706055,9.390000343322754,9.539999961853027,482700,0.0,0.0
2024-08-29 00:00:00-04:00,9.640000343322754,9.640000343322754,9.385000228881836,9.430000305175781,492300,0.0,0.0
2024-08-30 00:00:00-04:00,9.430000305175781,9.569999694824219,9.380000114440918,9.470000267028809,632300,0.0,0.0
2024-09-03 00:00:00-04:00,9.329999923706055,9.494999885559082,9.050000190734863,9.40999984741211,2796600,0.0,0.0
2024-09-04 00:00:00-04:00,9.180000305175781,9.404999732971191,9.109999656677246,9.180000305175781,1066000,0.0,0.0
2024-09-05 00:00:00-04:00,9.270000457763672,9.619999885559082,9.239999771118164,9.479999542236328,731700,0.0,0.0
2024-09-06 00:00:00-04:00,9.5,9.5600004196167,9.335000038146973,9.380000114440918,508400,0.0,0.0
2024-09-09 00:00:00-04:00,9.34000015258789,9.449999809265137,9.140000343322754,9.1899995803833,528700,0.0,0.0
2024-09-10 00:00:00-04:00,9.170000076293945,9.170000076293945,8.899999618530273,9.069999694824219,757500,0.0,0.0
2024-09-11 00:00:00-04:00,9.020000457763672,9.180000305175781,8.949999809265137,9.170000076293945,509400,0.0,0.0
2024-09-12 00:00:00-04:00,9.220000267028809,9.380000114440918,9.15999984741211,9.380000114440918,465200,0.0,0.0
2024-09-13 00:00:00-04:00,9.5,9.640000343322754,9.289999961853027,9.59000015258789,395200,0.0,0.0
2024-09-16 00:00:00-04:00,9.59000015258789,9.720000267028809,9.545000076293945,9.710000038146973,995900,0.0,0.0
2024-09-17 00:00:00-04:00,9.739999771118164,9.75,9.5,9.630000114440918,611700,0.0,0.0
2024-09-18 00:00:00-04:00,9.630000114440918,9.850000381469727,9.579999923706055,9.59000015258789,916200,0.0,0.0
2024-09-19 00:00:00-04:00,9.770000457763672,9.779999732971191,9.5600004196167,9.579999923706055,728100,0.0,0.0
2024-09-20 00:00:00-04:00,9.510000228881836,9.595000267028809,9.404999732971191,9.449999809265137,2081800,0.0,0.0
2024-09-23 00:00:00-04:00,9.470000267028809,9.569999694824219,9.390000343322754,9.430000305175781,493600,0.0,0.0
2024-09-24 00:00:00-04:00,9.479999542236328,9.585000038146973,9.369999885559082,9.470000267028809,678700,0.0,0.0
2024-09-25 00:00:00-04:00,9.460000038146973,9.460000038146973,9.335000038146973,9.380000114440918,447300,0.0,0.0
2024-09-26 00:00:00-04:00,9.470000267028809,9.625,9.449999809265137,9.609999656677246,528900,0.0,0.0
2024-09-27 00:00:00-04:00,9.699999809265137,9.864999771118164,9.609999656677246,9.760000228881836,429500,0.0,0.0
2024-09-30 00:00:00-04:00,9.699999809265137,9.710000038146973,9.414999961853027,9.489999771118164,483700,0.0,0.0
2024-10-01 00:00:00-04:00,9.470000267028809,9.609999656677246,9.329999923706055,9.59000015258789,563600,0.0,0.0
2024-10-02 00:00:00-04:00,9.579999923706055,9.789999961853027,9.550000190734863,9.619999885559082,456500,0.0,0.0
2024-10-03 00:00:00-04:00,9.550000190734863,9.604999542236328,9.414999961853027,9.479999542236328,598900,0.0,0.0
2024-10-04 00:00:00-04:00,9.569999694824219,9.6899995803833,9.539999961853027,9.670000076293945,421200,0.0,0.0
2024-10-07 00:00:00-04:00,9.609999656677246,9.680000305175781,9.3100004196167,9.40999984741211,509600,0.0,0.0
2024-10-08 00:00:00-04:00,9.40999984741211,9.550000190734863,9.375,9.380000114440918,608100,0.0,0.0
2024-10-09 00:00:00-04:00,9.390000343322754,9.5,9.319999694824219,9.350000381469727,408800,0.0,0.0
2024-10-10 00:00:00-04:00,9.25,9.430000305175781,9.210000038146973,9.399999618530273,539500,0.0,0.0
2024-10-11 00:00:00-04:00,9.4399995803833,9.6899995803833,9.4399995803833,9.510000228881836,376800,0.0,0.0
2024-10-14 00:00:00-04:00,9.510000228881836,9.5600004196167,9.420000076293945,9.489999771118164,418000,0.0,0.0
2024-10-15 00:00:00-04:00,9.470000267028809,9.5,9.40999984741211,9.420000076293945,694400,0.0,0.0
2024-10-16 00:00:00-04:00,9.529999732971191,9.989999771118164,9.460000038146973,9.989999771118164,695500,0.0,0.0
2024-10-17 00:00:00-04:00,10.0,10.020000457763672,9.895000457763672,9.960000038146973,452000,0.0,0.0
2024-10-18 00:00:00-04:00,9.979999542236328,10.050000190734863,9.920000076293945,10.010000228881836,372000,0.0,0.0
2024-10-21 00:00:00-04:00,10.010000228881836,10.039999961853027,9.600000381469727,9.609999656677246,502500,0.0,0.0
2024-10-22 00:00:00-04:00,9.5600004196167,9.654999732971191,9.430000305175781,9.520000457763672,586000,0.0,0.0
2024-10-23 00:00:00-04:00,9.489999771118164,9.550000190734863,9.244999885559082,9.5,539100,0.0,0.0
2024-10-24 00:00:00-04:00,9.520000457763672,9.75,9.5,9.720000267028809,312100,0.0,0.0
2024-10-25 00:00:00-04:00,9.8100004196167,9.90999984741211,9.75,9.8100004196167,275800,0.0,0.0
2024-10-28 00:00:00-04:00,9.90999984741211,10.008000373840332,9.789999961853027,9.8100004196167,370500,0.0,0.0
2024-10-29 00:00:00-04:00,9.720000267028809,9.789999961853027,9.585000038146973,9.619999885559082,339300,0.0,0.0
2024-10-30 00:00:00-04:00,9.609999656677246,9.859999656677246,9.609999656677246,9.739999771118164,446000,0.0,0.0
2024-10-31 00:00:00-04:00,9.729999542236328,9.845000267028809,9.600000381469727,9.680000305175781,493200,0.0,0.0
2024-11-01 00:00:00-04:00,9.800000190734863,10.020000457763672,9.760000228881836,9.779999732971191,486800,0.0,0.0
2024-11-04 00:00:00-05:00,9.729999542236328,9.869999885559082,9.640000343322754,9.760000228881836,292900,0.0,0.0
2024-11-05 00:00:00-05:00,9.710000038146973,9.994999885559082,9.710000038146973,9.880000114440918,490800,0.0,0.0
2024-11-06 00:00:00-05:00,10.539999961853027,10.670000076293945,10.1899995803833,10.239999771118164,1410600,0.0,0.0
2024-11-07 00:00:00-05:00,9.239999771118164,9.239999771118164,7.909999847412109,8.130000114440918,2310000,0.0,0.0
2024-11-08 00:00:00-05:00,8.119999885559082,8.135000228881836,7.46999979019165,7.539999961853027,1324400,0.0,0.0
2024-11-11 00:00:00-05:00,7.550000190734863,7.554999828338623,7.184999942779541,7.360000133514404,1014900,0.0,0.0
2024-11-12 00:00:00-05:00,7.300000190734863,7.309999942779541,6.824999809265137,6.849999904632568,1258000,0.0,0.0
2024-11-13 00:00:00-05:00,6.889999866485596,6.889999866485596,6.46999979019165,6.5,1024600,0.0,0.0
2024-11-14 00:00:00-05:00,6.639999866485596,6.659999847412109,6.364999771118164,6.440000057220459,1187900,0.0,0.0
2024-11-15 00:00:00-05:00,6.5,6.505000114440918,6.269999980926514,6.389999866485596,979200,0.0,0.0
2024-11-18 00:00:00-05:00,6.360000133514404,6.715000152587891,6.360000133514404,6.590000152587891,943400,0.0,0.0
2024-11-19 00:00:00-05:00,6.630000114440918,6.929999828338623,6.610000133514404,6.909999847412109,796600,0.0,0.0
2024-11-20 00:00:00-05:00,6.900000095367432,7.0,6.730000019073486,6.980000019073486,923400,0.0,0.0
2024-11-21 00:00:00-05:00,6.960000038146973,7.070000171661377,6.860000133514404,6.96999979019165,675000,0.0,0.0
2024-11-22 00:00:00-05:00,6.949999809265137,7.099999904632568,6.940000057220459,7.039999961853027,657900,0.0,0.0
2024-11-25 00:00:00-05:00,7.099999904632568,7.590000152587891,7.079999923706055,7.420000076293945,1274400,0.0,0.0
2024-11-26 00:00:00-05:00,7.409999847412109,7.429999828338623,6.864999771118164,7.03000020980835,1090900,0.0,0.0
2024-11-27 00:00:00-05:00,7.059999942779541,7.190000057220459,6.989999771118164,7.010000228881836,625100,0.0,0.0
2024-11-29 00:00:00-05:00,7.059999942779541,7.079999923706055,6.860000133514404,6.909999847412109,640400,0.0,0.0
2024-12-02 00:00:00-05:00,7.119999885559082,7.190000057220459,6.809999942779541,7.03000020980835,1083000,0.0,0.0
2024-12-03 00:00:00-05:00,7.039999961853027,7.070000171661377,6.849999904632568,6.949999809265137,672600,0.0,0.0
2024-12-04 00:00:00-05:00,6.849999904632568,6.909999847412109,6.659999847412109,6.809999942779541,1369700,0.0,0.0
2024-12-05 00:00:00-05:00,6.849999904632568,7.019999980926514,6.800000190734863,6.800000190734863,1188300,0.0,0.0
2024-12-06 00:00:00-05:00,6.860000133514404,6.960000038146973,6.769999980926514,6.820000171661377,1085200,0.0,0.0
2024-12-09 00:00:00-05:00,6.920000076293945,7.0,6.739999771118164,6.739999771118164,1108700,0.0,0.0
2024-12-10 00:00:00-05:00,6.730000019073486,6.835000038146973,6.659999847412109,6.800000190734863,845500,0.0,0.0
2024-12-11 00:00:00-05:00,6.860000133514404,6.949999809265137,6.679999828338623,6.920000076293945,660300,0.0,0.0
2024-12-12 00:00:00-05:00,6.900000095367432,6.980000019073486,6.739999771118164,6.739999771118164,1277200,0.0,0.0
2024-12-13 00:00:00-05:00,6.699999809265137,6.739999771118164,6.625,6.670000076293945,843000,0.0,0.0
2024-12-16 00:00:00-05:00,6.639999866485596,6.684999942779541,6.574999809265137,6.599999904632568,1332400,0.0,0.0
2024-12-17 00:00:00-05:00,6.559999942779541,6.679999828338623,6.539999961853027,6.550000190734863,1370100,0.0,0.0
2024-12-18 00:00:00-05:00,6.559999942779541,6.659999847412109,6.349999904632568,6.400000095367432,1577600,0.0,0.0
2024-12-19 00:00:00-05:00,6.420000076293945,6.489999771118164,6.150000095367432,6.21999979019165,1262900,0.0,0.0
2024-12-20 00:00:00-05:00,6.159999847412109,6.329999923706055,6.159999847412109,6.230000019073486,2543800,0.0,0.0
2024-12-23 00:00:00-05:00,6.159999847412109,6.260000228881836,6.019999980926514,6.130000114440918,1147200,0.0,0.0
2024-12-24 00:00:00-05:00,6.199999809265137,6.360000133514404,6.175000190734863,6.349999904632568,603400,0.0,0.0
2024-12-26 00:00:00-05:00,6.300000190734863,6.429999828338623,6.28000020980835,6.360000133514404,720600,0.0,0.0
2024-12-27 00:00:00-05:00,6.349999904632568,6.46999979019165,6.309999942779541,6.380000114440918,707000,0.0,0.0
2024-12-30 00:00:00-05:00,6.360000133514404,6.360000133514404,6.179999828338623,6.230000019073486,691100,0.0,0.0
2024-12-31 00:00:00-05:00,6.230000019073486,6.369999885559082,6.204999923706055,6.340000152587891,570600,0.0,0.0
2025-01-02 00:00:00-05:00,6.360000133514404,6.478000164031982,6.304999828338623,6.369999885559082,469300,0.0,0.0
2025-01-03 00:00:00-05:00,6.420000076293945,6.46999979019165,6.300000190734863,6.429999828338623,538600,0.0,0.0
2025-01-06 00:00:00-05:00,6.519999980926514,6.889999866485596,6.519999980926514,6.710000038146973,1195000,0.0,0.0
2025-01-07 00:00:00-05:00,6.71999979019165,6.809999942779541,6.59499979019165,6.670000076293945,671800,0.0,0.0
2025-01-08 00:00:00-05:00,6.650000095367432,6.679999828338623,6.53000020980835,6.630000114440918,804900,0.0,0.0
2025-01-10 00:00:00-05:00,6.53000020980835,6.590000152587891,6.309999942779541,6.480000019073486,638200,0.0,0.0
2025-01-13 00:00:00-05:00,6.409999847412109,6.420000076293945,6.175000190734863,6.21999979019165,842800,0.0,0.0
2025-01-14 00:00:00-05:00,6.21999979019165,6.300000190734863,6.135000228881836,6.300000190734863,534300,0.0,0.0
2025-01-15 00:00:00-05:00,6.460000038146973,6.599999904632568,6.389999866485596,6.570000171661377,489100,0.0,0.0
2025-01-16 00:00:00-05:00,6.570000171661377,6.605000019073486,6.489999771118164,6.579999923706055,451900,0.0,0.0
2025-01-17 00:00:00-05:00,6.639999866485596,6.675000190734863,6.5,6.659999847412109,780200,0.0,0.0
2025-01-21 00:00:00-05:00,6.760000228881836,7.0,6.715000152587891,6.869999885559082,606200,0.0,0.0
2025-01-22 00:00:00-05:00,6.800000190734863,6.929999828338623,6.78000020980835,6.849999904632568,728800,0.0,0.0
2025-01-23 00:00:00-05:00,6.760000228881836,6.909999847412109,6.675000190734863,6.78000020980835,746600,0.0,0.0
2025-01-24 00:00:00-05:00,6.809999942779541,6.869999885559082,6.739999771118164,6.840000152587891,448300,0.0,0.0
2025-01-27 00:00:00-05:00,6.849999904632568,7.039999961853027,6.760000228881836,6.880000114440918,731000,0.0,0.0
2025-01-28 00:00:00-05:00,6.880000114440918,7.010000228881836,6.699999809265137,6.75,652300,0.0,0.0
2025-01-29 00:00:00-05:00,6.739999771118164,6.804999828338623,6.610000133514404,6.630000114440918,727000,0.0,0.0
2025-01-30 00:00:00-05:00,6.670000076293945,6.724999904632568,6.289999961853027,6.329999923706055,765300,0.0,0.0
2025-01-31 00:00:00-05:00,6.329999923706055,6.40500020980835,6.123000144958496,6.130000114440918,932400,0.0,0.0
2025-02-03 00:00:00-05:00,6.099999904632568,6.190000057220459,5.960000038146973,6.0,850100,0.0,0.0
2025-02-04 00:00:00-05:00,5.960000038146973,6.190000057220459,5.880000114440918,6.190000057220459,492100,0.0,0.0
2025-02-05 00:00:00-05:00,6.190000057220459,6.489999771118164,6.170000076293945,6.480000019073486,860500,0.0,0.0
2025-02-06 00:00:00-05:00,6.550000190734863,6.570000171661377,6.420000076293945,6.539999961853027,847100,0.0,0.0
2025-02-07 00:00:00-05:00,6.510000228881836,6.605000019073486,6.445000171661377,6.579999923706055,515500,0.0,0.0
