Date,Open,High,Low,Close,Volume,Dividends,Stock Splits,Capital Gains
2022-01-03 00:00:00-05:00,25.06999969482422,25.260000228881836,25.05500030517578,25.18000030517578,470800,0.0,0.0,0.0
2022-01-04 00:00:00-05:00,25.139999389648438,25.15999984741211,25.06999969482422,25.106000900268555,3900,0.0,0.0,0.0
2022-01-05 00:00:00-05:00,25.100000381469727,25.100000381469727,24.959999084472656,24.959999084472656,520100,0.0,0.0,0.0
2022-01-06 00:00:00-05:00,24.780000686645508,24.899999618530273,24.780000686645508,24.820999145507812,18400,0.0,0.0,0.0
2022-01-07 00:00:00-05:00,24.81999969482422,24.860000610351562,24.80500030517578,24.80500030517578,8500,0.0,0.0,0.0
2022-01-10 00:00:00-05:00,24.670000076293945,24.73900032043457,24.55500030517578,24.73900032043457,2900,0.0,0.0,0.0
2022-01-11 00:00:00-05:00,24.850000381469727,24.895000457763672,24.690000534057617,24.885000228881836,4900,0.0,0.0,0.0
2022-01-12 00:00:00-05:00,24.93000030517578,24.937999725341797,24.899999618530273,24.937999725341797,1300,0.0,0.0,0.0
2022-01-13 00:00:00-05:00,24.93000030517578,24.93000030517578,24.760000228881836,24.760000228881836,1500,0.0,0.0,0.0
2022-01-14 00:00:00-05:00,24.739999771118164,24.753999710083008,24.65999984741211,24.753999710083008,1800,0.0,0.0,0.0
2022-01-18 00:00:00-05:00,24.649999618530273,24.649999618530273,24.525999069213867,24.525999069213867,15100,0.0,0.0,0.0
2022-01-19 00:00:00-05:00,24.56999969482422,24.621999740600586,24.437999725341797,24.437999725341797,8800,0.0,0.0,0.0
2022-01-20 00:00:00-05:00,24.459999084472656,24.639999389648438,24.316999435424805,24.316999435424805,38100,0.0,0.0,0.0
2022-01-21 00:00:00-05:00,24.15999984741211,24.31999969482422,24.018999099731445,24.035999298095703,3100,0.0,0.0,0.0
2022-01-24 00:00:00-05:00,23.700000762939453,24.02199935913086,23.489999771118164,24.02199935913086,86600,0.0,0.0,0.0
2022-01-25 00:00:00-05:00,24.059999465942383,24.059999465942383,23.709999084472656,23.864999771118164,10900,0.0,0.0,0.0
2022-01-26 00:00:00-05:00,23.959999084472656,24.139999389648438,23.81100082397461,23.854999542236328,18600,0.0,0.0,0.0
2022-01-27 00:00:00-05:00,24.18000030517578,24.18000030517578,23.649999618530273,23.825000762939453,8000,0.0,0.0,0.0
2022-01-28 00:00:00-05:00,23.649999618530273,24.139999389648438,23.649999618530273,24.110000610351562,10200,0.0,0.0,0.0
2022-01-31 00:00:00-05:00,24.25,24.389999389648438,24.170000076293945,24.37299919128418,10900,0.0,0.0,0.0
2022-02-01 00:00:00-05:00,24.344999313354492,24.530000686645508,24.344999313354492,24.485000610351562,10000,0.0,0.0,0.0
2022-02-02 00:00:00-05:00,24.549999237060547,24.649999618530273,24.5049991607666,24.621999740600586,6800,0.0,0.0,0.0
2022-02-03 00:00:00-05:00,24.479999542236328,24.489999771118164,24.368000030517578,24.39299964904785,57400,0.0,0.0,0.0
2022-02-04 00:00:00-05:00,24.360000610351562,24.451000213623047,24.239999771118164,24.389999389648438,22500,0.0,0.0,0.0
2022-02-07 00:00:00-05:00,24.354999542236328,24.450000762939453,24.280000686645508,24.339000701904297,7800,0.0,0.0,0.0
2022-02-08 00:00:00-05:00,24.290000915527344,24.45800018310547,24.2549991607666,24.45800018310547,7100,0.0,0.0,0.0
2022-02-09 00:00:00-05:00,24.59000015258789,24.6299991607666,24.59000015258789,24.60300064086914,2900,0.0,0.0,0.0
2022-02-10 00:00:00-05:00,24.700000762939453,24.700000762939453,24.38800048828125,24.38800048828125,14700,0.0,0.0,0.0
2022-02-11 00:00:00-05:00,24.299999237060547,24.389999389648438,24.09600067138672,24.09600067138672,1700,0.0,0.0,0.0
2022-02-14 00:00:00-05:00,24.0,24.149999618530273,23.940000534057617,24.055999755859375,4800,0.0,0.0,0.0
2022-02-15 00:00:00-05:00,24.149999618530273,24.280000686645508,24.149999618530273,24.246999740600586,5300,0.0,0.0,0.0
2022-02-16 00:00:00-05:00,24.469999313354492,24.469999313354492,24.15999984741211,24.315000534057617,9400,0.0,0.0,0.0
2022-02-17 00:00:00-05:00,24.170000076293945,24.170000076293945,24.024999618530273,24.038000106811523,5000,0.0,0.0,0.0
2022-02-18 00:00:00-05:00,24.280000686645508,24.280000686645508,23.854999542236328,23.924999237060547,4200,0.0,0.0,0.0
2022-02-22 00:00:00-05:00,23.889999389648438,23.889999389648438,23.770000457763672,23.77899932861328,2700,0.0,0.0,0.0
2022-02-23 00:00:00-05:00,23.780000686645508,23.850000381469727,23.575000762939453,23.575000762939453,4400,0.0,0.0,0.0
2022-02-24 00:00:00-05:00,23.299999237060547,23.80699920654297,23.299999237060547,23.80699920654297,16800,0.0,0.0,0.0
2022-02-25 00:00:00-05:00,23.809999465942383,24.09000015258789,23.770000457763672,24.084999084472656,13800,0.0,0.0,0.0
2022-02-28 00:00:00-05:00,23.950000762939453,24.06999969482422,23.93000030517578,24.018999099731445,2600,0.0,0.0,0.0
2022-03-01 00:00:00-05:00,24.020000457763672,24.020000457763672,23.760000228881836,23.775999069213867,1700,0.0,0.0,0.0
2022-03-02 00:00:00-05:00,23.90999984741211,24.110000610351562,23.871000289916992,24.06100082397461,3100,0.0,0.0,0.0
2022-03-03 00:00:00-05:00,24.3700008392334,24.3700008392334,23.972999572753906,23.972999572753906,9400,0.0,0.0,0.0
2022-03-04 00:00:00-05:00,23.829999923706055,23.91900062561035,23.709999084472656,23.900999069213867,12200,0.0,0.0,0.0
2022-03-07 00:00:00-05:00,23.611000061035156,23.611000061035156,23.496999740600586,23.496999740600586,2300,0.0,0.0,0.0
2022-03-08 00:00:00-05:00,23.437999725341797,23.670000076293945,23.3700008392334,23.406999588012695,3900,0.0,0.0,0.0
2022-03-09 00:00:00-05:00,23.700000762939453,23.799999237060547,23.65999984741211,23.725000381469727,2600,0.0,0.0,0.0
2022-03-10 00:00:00-05:00,23.599000930786133,23.738000869750977,23.514999389648438,23.72800064086914,2400,0.0,0.0,0.0
2022-03-11 00:00:00-05:00,23.760000228881836,23.760000228881836,23.60099983215332,23.60099983215332,5600,0.0,0.0,0.0
2022-03-14 00:00:00-04:00,23.68000030517578,23.68000030517578,23.46500015258789,23.493999481201172,5900,0.0,0.0,0.0
2022-03-15 00:00:00-04:00,23.559999465942383,23.780000686645508,23.559999465942383,23.768999099731445,5400,0.0,0.0,0.0
2022-03-16 00:00:00-04:00,23.989999771118164,23.989999771118164,23.864999771118164,23.98900032043457,1300,0.0,0.0,0.0
2022-03-17 00:00:00-04:00,24.020000457763672,24.160999298095703,24.020000457763672,24.160999298095703,1400,0.0,0.0,0.0
2022-03-18 00:00:00-04:00,24.280000686645508,24.354999542236328,24.27899932861328,24.354999542236328,1900,0.0,0.0,0.0
2022-03-21 00:00:00-04:00,24.358999252319336,24.40999984741211,24.260000228881836,24.378000259399414,3100,0.0,0.0,0.0
2022-03-22 00:00:00-04:00,24.434999465942383,24.56999969482422,24.43000030517578,24.527000427246094,10900,0.0,0.0,0.0
2022-03-23 00:00:00-04:00,24.489999771118164,24.5,24.3799991607666,24.405000686645508,9200,0.0,0.0,0.0
2022-03-24 00:00:00-04:00,24.450000762939453,24.524999618530273,24.43000030517578,24.524999618530273,3300,0.0,0.0,0.0
2022-03-25 00:00:00-04:00,24.6299991607666,24.639999389648438,24.514999389648438,24.586999893188477,10000,0.0,0.0,0.0
2022-03-28 00:00:00-04:00,24.889999389648438,24.889999389648438,24.575000762939453,24.680999755859375,14500,0.0,0.0,0.0
2022-03-29 00:00:00-04:00,24.690000534057617,24.8799991607666,24.690000534057617,24.875,26100,0.0,0.0,0.0
2022-03-30 00:00:00-04:00,24.850000381469727,24.850000381469727,24.735000610351562,24.746000289916992,6800,0.0,0.0,0.0
2022-03-31 00:00:00-04:00,25.010000228881836,25.010000228881836,24.64299964904785,24.64299964904785,8500,0.0,0.0,0.0
2022-04-01 00:00:00-04:00,24.65999984741211,24.65999984741211,24.56999969482422,24.635000228881836,11800,0.0,0.0,0.0
2022-04-04 00:00:00-04:00,24.684999465942383,24.760000228881836,24.684999465942383,24.726999282836914,14700,0.0,0.0,0.0
2022-04-05 00:00:00-04:00,24.989999771118164,24.989999771118164,24.579999923706055,24.579999923706055,9900,0.0,0.0,0.0
2022-04-06 00:00:00-04:00,24.459999084472656,24.52899932861328,24.427000045776367,24.481000900268555,8800,0.0,0.0,0.0
2022-04-07 00:00:00-04:00,24.399999618530273,24.545000076293945,24.360000610351562,24.545000076293945,3700,0.0,0.0,0.0
2022-04-08 00:00:00-04:00,24.510000228881836,24.59000015258789,24.5,24.530000686645508,5500,0.0,0.0,0.0
2022-04-11 00:00:00-04:00,24.690000534057617,24.690000534057617,24.290000915527344,24.31599998474121,4400,0.0,0.0,0.0
2022-04-12 00:00:00-04:00,24.389999389648438,24.434999465942383,24.264999389648438,24.288000106811523,15100,0.0,0.0,0.0
2022-04-13 00:00:00-04:00,24.40999984741211,24.459999084472656,24.315000534057617,24.450000762939453,4700,0.0,0.0,0.0
2022-04-14 00:00:00-04:00,24.34000015258789,24.440000534057617,24.325000762939453,24.325000762939453,4500,0.0,0.0,0.0
2022-04-18 00:00:00-04:00,24.190000534057617,24.334999084472656,24.190000534057617,24.290000915527344,5300,0.0,0.0,0.0
2022-04-19 00:00:00-04:00,24.459999084472656,24.5,24.43000030517578,24.49799919128418,7800,0.0,0.0,0.0
2022-04-20 00:00:00-04:00,24.670000076293945,24.670000076293945,24.5,24.5049991607666,7800,0.0,0.0,0.0
2022-04-21 00:00:00-04:00,24.719999313354492,24.719999313354492,24.327999114990234,24.327999114990234,14700,0.0,0.0,0.0
2022-04-22 00:00:00-04:00,24.440000534057617,24.440000534057617,24.003000259399414,24.003000259399414,6900,0.0,0.0,0.0
2022-04-25 00:00:00-04:00,24.040000915527344,24.110000610351562,23.815000534057617,24.06599998474121,48900,0.0,0.0,0.0
2022-04-26 00:00:00-04:00,23.969999313354492,23.969999313354492,23.719999313354492,23.719999313354492,9500,0.0,0.0,0.0
2022-04-27 00:00:00-04:00,23.8700008392334,23.8700008392334,23.700000762939453,23.757999420166016,6700,0.0,0.0,0.0
2022-04-28 00:00:00-04:00,24.040000915527344,24.121999740600586,23.770000457763672,24.048999786376953,9800,0.0,0.0,0.0
2022-04-29 00:00:00-04:00,23.97800064086914,23.97800064086914,23.569000244140625,23.569000244140625,6500,0.0,0.0,0.0
2022-05-02 00:00:00-04:00,23.829999923706055,23.829999923706055,23.371000289916992,23.687000274658203,4800,0.0,0.0,0.0
2022-05-03 00:00:00-04:00,23.759000778198242,23.860000610351562,23.709999084472656,23.757999420166016,9800,0.0,0.0,0.0
2022-05-04 00:00:00-04:00,23.8700008392334,24.165000915527344,23.709999084472656,24.165000915527344,10200,0.0,0.0,0.0
2022-05-05 00:00:00-04:00,23.950000762939453,23.950000762939453,23.53499984741211,23.64900016784668,8500,0.0,0.0,0.0
2022-05-06 00:00:00-04:00,23.5,23.6200008392334,23.5,23.600000381469727,3500,0.0,0.0,0.0
2022-05-09 00:00:00-04:00,23.329999923706055,23.329999923706055,23.052000045776367,23.111000061035156,17800,0.0,0.0,0.0
2022-05-10 00:00:00-04:00,23.299999237060547,23.31999969482422,22.979999542236328,23.163000106811523,9100,0.0,0.0,0.0
2022-05-11 00:00:00-04:00,23.280000686645508,23.30500030517578,22.864999771118164,22.865999221801758,5000,0.0,0.0,0.0
2022-05-12 00:00:00-04:00,22.700000762939453,23.049999237060547,22.56999969482422,22.83099937438965,9900,0.0,0.0,0.0
2022-05-13 00:00:00-04:00,23.200000762939453,23.360000610351562,23.200000762939453,23.26300048828125,7800,0.0,0.0,0.0
2022-05-16 00:00:00-04:00,23.389999389648438,23.389999389648438,23.190000534057617,23.268999099731445,10500,0.0,0.0,0.0
2022-05-17 00:00:00-04:00,23.40999984741211,23.649999618530273,23.40999984741211,23.599000930786133,4300,0.0,0.0,0.0
2022-05-18 00:00:00-04:00,23.65999984741211,23.65999984741211,22.889999389648438,22.889999389648438,8800,0.0,0.0,0.0
2022-05-19 00:00:00-04:00,22.739999771118164,22.93000030517578,22.68000030517578,22.81800079345703,7300,0.0,0.0,0.0
2022-05-20 00:00:00-04:00,22.996000289916992,23.010000228881836,22.43000030517578,22.81399917602539,12300,0.0,0.0,0.0
2022-05-23 00:00:00-04:00,22.950000762939453,23.15999984741211,22.950000762939453,23.124000549316406,29300,0.0,0.0,0.0
2022-05-24 00:00:00-04:00,22.860000610351562,23.020000457763672,22.75,22.979000091552734,6600,0.0,0.0,0.0
2022-05-25 00:00:00-04:00,23.049999237060547,23.270000457763672,22.989999771118164,23.176000595092773,3900,0.0,0.0,0.0
2022-05-26 00:00:00-04:00,23.420000076293945,23.610000610351562,23.420000076293945,23.551000595092773,4500,0.0,0.0,0.0
2022-05-27 00:00:00-04:00,23.799999237060547,23.913999557495117,23.770000457763672,23.913999557495117,9100,0.0,0.0,0.0
2022-05-31 00:00:00-04:00,23.8799991607666,23.979999542236328,23.847999572753906,23.882999420166016,2800,0.0,0.0,0.0
2022-06-01 00:00:00-04:00,23.81999969482422,23.899999618530273,23.68000030517578,23.78499984741211,6800,0.0,0.0,0.0
2022-06-02 00:00:00-04:00,23.719999313354492,24.062000274658203,23.719999313354492,24.062000274658203,2100,0.0,0.0,0.0
2022-06-03 00:00:00-04:00,23.860000610351562,23.889999389648438,23.79400062561035,23.84000015258789,6100,0.0,0.0,0.0
2022-06-06 00:00:00-04:00,24.1299991607666,24.1299991607666,23.860000610351562,23.89699935913086,5100,0.0,0.0,0.0
2022-06-07 00:00:00-04:00,23.760000228881836,24.06999969482422,23.760000228881836,24.06999969482422,3800,0.0,0.0,0.0
2022-06-08 00:00:00-04:00,24.030000686645508,24.059999465942383,23.88800048828125,23.89699935913086,4300,0.0,0.0,0.0
2022-06-09 00:00:00-04:00,23.850000381469727,23.8700008392334,23.489999771118164,23.489999771118164,23200,0.0,0.0,0.0
2022-06-10 00:00:00-04:00,22.93000030517578,23.06999969482422,22.8799991607666,22.93400001525879,7100,0.0,0.0,0.0
2022-06-13 00:00:00-04:00,22.239999771118164,22.3700008392334,22.079999923706055,22.097999572753906,5100,0.0,0.0,0.0
2022-06-14 00:00:00-04:00,22.149999618530273,22.149999618530273,22.023000717163086,22.023000717163086,3900,0.0,0.0,0.0
2022-06-15 00:00:00-04:00,22.270000457763672,22.469999313354492,22.049999237060547,22.31399917602539,5300,0.0,0.0,0.0
2022-06-16 00:00:00-04:00,21.729999542236328,21.739999771118164,21.549999237060547,21.634000778198242,3600,0.0,0.0,0.0
2022-06-17 00:00:00-04:00,21.709999084472656,21.809999465942383,21.511999130249023,21.743999481201172,2300,0.0,0.0,0.0
2022-06-21 00:00:00-04:00,22.18000030517578,22.25,22.1299991607666,22.19099998474121,5400,0.0,0.0,0.0
2022-06-22 00:00:00-04:00,22.280000686645508,22.280000686645508,22.19700050354004,22.19700050354004,13100,0.0,0.0,0.0
2022-06-23 00:00:00-04:00,22.260000228881836,22.356000900268555,22.1299991607666,22.356000900268555,5000,0.0,0.0,0.0
2022-06-24 00:00:00-04:00,22.719999313354492,22.924999237060547,22.68000030517578,22.924999237060547,4100,0.0,0.0,0.0
2022-06-27 00:00:00-04:00,23.15999984741211,23.15999984741211,22.829999923706055,22.860000610351562,6900,0.0,0.0,0.0
2022-06-28 00:00:00-04:00,23.020000457763672,23.020000457763672,22.459999084472656,22.469999313354492,4400,0.0,0.0,0.0
2022-06-29 00:00:00-04:00,22.510000228881836,22.540000915527344,22.40999984741211,22.486000061035156,7500,0.0,0.0,0.0
2022-06-30 00:00:00-04:00,22.260000228881836,22.499000549316406,22.059999465942383,22.270999908447266,99500,0.0,0.0,0.0
2022-07-01 00:00:00-04:00,22.2810001373291,22.520000457763672,22.149999618530273,22.448999404907227,52500,0.0,0.0,0.0
2022-07-05 00:00:00-04:00,22.479999542236328,22.479999542236328,22.15999984741211,22.420000076293945,48300,0.0,0.0,0.0
2022-07-06 00:00:00-04:00,22.41900062561035,22.540000915527344,22.3700008392334,22.486000061035156,27100,0.0,0.0,0.0
2022-07-07 00:00:00-04:00,22.760000228881836,22.760000228881836,22.535999298095703,22.64699935913086,13500,0.0,0.0,0.0
2022-07-08 00:00:00-04:00,22.59000015258789,22.709999084472656,22.59000015258789,22.656999588012695,12100,0.0,0.0,0.0
2022-07-11 00:00:00-04:00,22.790000915527344,22.790000915527344,22.503999710083008,22.527000427246094,15000,0.0,0.0,0.0
2022-07-12 00:00:00-04:00,22.729999542236328,22.729999542236328,22.399999618530273,22.420000076293945,14000,0.0,0.0,0.0
2022-07-13 00:00:00-04:00,22.18199920654297,22.489999771118164,22.18199920654297,22.417999267578125,71300,0.0,0.0,0.0
2022-07-14 00:00:00-04:00,22.190000534057617,22.3700008392334,22.139999389648438,22.316999435424805,28800,0.0,0.0,0.0
2022-07-15 00:00:00-04:00,22.59000015258789,22.59000015258789,22.420000076293945,22.548999786376953,42000,0.0,0.0,0.0
2022-07-18 00:00:00-04:00,22.770000457763672,22.770000457763672,22.461000442504883,22.461000442504883,10300,0.0,0.0,0.0
2022-07-19 00:00:00-04:00,22.6299991607666,22.770000457763672,22.6299991607666,22.75,1800,0.0,0.0,0.0
2022-07-20 00:00:00-04:00,22.670000076293945,22.8700008392334,22.670000076293945,22.815000534057617,3900,0.0,0.0,0.0
2022-07-21 00:00:00-04:00,23.040000915527344,23.040000915527344,22.709999084472656,22.915000915527344,14700,0.0,0.0,0.0
2022-07-22 00:00:00-04:00,22.940000534057617,22.940000534057617,22.780000686645508,22.841999053955078,18700,0.0,0.0,0.0
2022-07-25 00:00:00-04:00,22.8799991607666,22.899999618530273,22.81999969482422,22.85700035095215,3700,0.0,0.0,0.0
2022-07-26 00:00:00-04:00,22.780000686645508,22.829999923706055,22.68000030517578,22.743999481201172,15900,0.0,0.0,0.0
2022-07-27 00:00:00-04:00,22.861000061035156,23.09000015258789,22.829999923706055,23.02899932861328,2700,0.0,0.0,0.0
2022-07-28 00:00:00-04:00,22.969999313354492,23.15999984741211,22.969999313354492,23.158000946044922,34300,0.0,0.0,0.0
2022-07-29 00:00:00-04:00,23.18000030517578,23.298999786376953,23.18000030517578,23.260000228881836,4300,0.0,0.0,0.0
2022-08-01 00:00:00-04:00,23.290000915527344,23.290000915527344,23.229999542236328,23.229999542236328,16300,0.0,0.0,0.0
2022-08-02 00:00:00-04:00,23.309999465942383,23.309999465942383,23.176000595092773,23.187999725341797,6100,0.0,0.0,0.0
2022-08-03 00:00:00-04:00,23.34000015258789,23.350000381469727,23.22800064086914,23.31399917602539,709100,0.0,0.0,0.0
2022-08-04 00:00:00-04:00,23.290000915527344,23.308000564575195,23.290000915527344,23.290000915527344,1200,0.0,0.0,0.0
2022-08-05 00:00:00-04:00,23.34000015258789,23.34000015258789,23.280000686645508,23.280000686645508,1000,0.0,0.0,0.0
2022-08-08 00:00:00-04:00,23.333999633789062,23.333999633789062,23.280000686645508,23.290000915527344,1100,0.0,0.0,0.0
2022-08-09 00:00:00-04:00,23.290000915527344,23.290000915527344,23.25,23.270000457763672,500,0.0,0.0,0.0
2022-08-10 00:00:00-04:00,23.540000915527344,23.540000915527344,23.40999984741211,23.448999404907227,1600,0.0,0.0,0.0
2022-08-11 00:00:00-04:00,23.430999755859375,23.520000457763672,23.43000030517578,23.43000030517578,10900,0.0,0.0,0.0
2022-08-12 00:00:00-04:00,23.549999237060547,23.57699966430664,23.549999237060547,23.57699966430664,200,0.0,0.0,0.0
2022-08-15 00:00:00-04:00,23.600000381469727,23.600000381469727,23.600000381469727,23.600000381469727,100,0.0,0.0,0.0
2022-08-16 00:00:00-04:00,23.639999389648438,23.639999389648438,23.6299991607666,23.6299991607666,500,0.0,0.0,0.0
2022-08-17 00:00:00-04:00,23.577999114990234,23.607999801635742,23.510000228881836,23.597999572753906,22700,0.0,0.0,0.0
2022-08-18 00:00:00-04:00,23.600000381469727,23.6200008392334,23.575000762939453,23.600000381469727,1500,0.0,0.0,0.0
2022-08-19 00:00:00-04:00,23.5,23.5,23.5,23.5,200,0.0,0.0,0.0
2022-08-22 00:00:00-04:00,23.520000457763672,23.520000457763672,23.329999923706055,23.34000015258789,500,0.0,0.0,0.0
2022-08-23 00:00:00-04:00,23.371000289916992,23.371000289916992,23.309999465942383,23.309999465942383,300,0.0,0.0,0.0
2022-08-24 00:00:00-04:00,23.34000015258789,23.350000381469727,23.309999465942383,23.350000381469727,600,0.0,0.0,0.0
2022-08-25 00:00:00-04:00,23.459999084472656,23.459999084472656,23.34000015258789,23.450000762939453,5700,0.0,0.0,0.0
2022-08-26 00:00:00-04:00,23.600000381469727,23.600000381469727,23.202999114990234,23.202999114990234,3600,0.0,0.0,0.0
2022-08-29 00:00:00-04:00,23.06999969482422,23.209999084472656,23.06999969482422,23.173999786376953,5300,0.0,0.0,0.0
2022-08-30 00:00:00-04:00,23.009000778198242,23.054000854492188,23.009000778198242,23.054000854492188,2600,0.0,0.0,0.0
2022-08-31 00:00:00-04:00,23.059999465942383,23.079999923706055,23.020000457763672,23.020000457763672,1700,0.0,0.0,0.0
2022-09-01 00:00:00-04:00,22.8700008392334,22.9689998626709,22.85099983215332,22.9689998626709,1200,0.0,0.0,0.0
2022-09-02 00:00:00-04:00,23.010000228881836,23.09000015258789,22.886999130249023,22.886999130249023,500,0.0,0.0,0.0
2022-09-06 00:00:00-04:00,22.889999389648438,22.889999389648438,22.860000610351562,22.860000610351562,100,0.0,0.0,0.0
2022-09-07 00:00:00-04:00,22.959999084472656,23.06999969482422,22.959999084472656,23.06999969482422,200,0.0,0.0,0.0
2022-09-08 00:00:00-04:00,23.09000015258789,23.148000717163086,23.06999969482422,23.131000518798828,1600,0.0,0.0,0.0
2022-09-09 00:00:00-04:00,23.270000457763672,23.329999923706055,23.25,23.329999923706055,600,0.0,0.0,0.0
2022-09-12 00:00:00-04:00,23.329999923706055,23.392000198364258,23.329999923706055,23.378999710083008,700,0.0,0.0,0.0
2022-09-13 00:00:00-04:00,22.94099998474121,22.94099998474121,22.94099998474121,22.94099998474121,0,0.0,0.0,0.0
2022-09-14 00:00:00-04:00,22.969999313354492,22.969999313354492,22.961000442504883,22.961000442504883,600,0.0,0.0,0.0
2022-09-15 00:00:00-04:00,22.93000030517578,22.93000030517578,22.850000381469727,22.868000030517578,2700,0.0,0.0,0.0
2022-09-16 00:00:00-04:00,22.711999893188477,22.77199935913086,22.670000076293945,22.77199935913086,2700,0.0,0.0,0.0
2022-09-19 00:00:00-04:00,22.719999313354492,22.90999984741211,22.719999313354492,22.881999969482422,7600,0.0,0.0,0.0
2022-09-20 00:00:00-04:00,22.729999542236328,22.756999969482422,22.729999542236328,22.756999969482422,400,0.0,0.0,0.0
2022-09-21 00:00:00-04:00,22.809999465942383,22.829999923706055,22.58099937438965,22.58099937438965,600,0.0,0.0,0.0
2022-09-22 00:00:00-04:00,22.450000762939453,22.479999542236328,22.450000762939453,22.458999633789062,14800,0.0,0.0,0.0
2022-09-23 00:00:00-04:00,22.139999389648438,22.180999755859375,22.079999923706055,22.180999755859375,13100,0.0,0.0,0.0
2022-09-26 00:00:00-04:00,22.233999252319336,22.233999252319336,22.049999237060547,22.11400032043457,700,0.0,0.0,0.0
2022-09-27 00:00:00-04:00,22.200000762939453,22.200000762939453,22.020000457763672,22.05900001525879,300,0.0,0.0,0.0
2022-09-28 00:00:00-04:00,22.322999954223633,22.322999954223633,22.322999954223633,22.322999954223633,100,0.0,0.0,0.0
2022-09-29 00:00:00-04:00,22.06999969482422,22.06999969482422,21.950000762939453,22.01099967956543,900,0.0,0.0,0.0
2022-09-30 00:00:00-04:00,22.09000015258789,22.09000015258789,21.875999450683594,21.875999450683594,3100,0.0,0.0,0.0
2022-10-03 00:00:00-04:00,22.058000564575195,22.18000030517578,22.058000564575195,22.173999786376953,5800,0.0,0.0,0.0
2022-10-04 00:00:00-04:00,22.219999313354492,22.527999877929688,22.219999313354492,22.527999877929688,2200,0.0,0.0,0.0
2022-10-05 00:00:00-04:00,22.450000762939453,22.600000381469727,22.440000534057617,22.52199935913086,6600,0.0,0.0,0.0
2022-10-06 00:00:00-04:00,22.610000610351562,22.610000610351562,22.420000076293945,22.420000076293945,6200,0.0,0.0,0.0
2022-10-07 00:00:00-04:00,22.270000457763672,22.270000457763672,22.006999969482422,22.006999969482422,1000,0.0,0.0,0.0
2022-10-10 00:00:00-04:00,21.90999984741211,21.959999084472656,21.899999618530273,21.959999084472656,1800,0.0,0.0,0.0
2022-10-11 00:00:00-04:00,21.780000686645508,22.010000228881836,21.780000686645508,21.860000610351562,1200,0.0,0.0,0.0
2022-10-12 00:00:00-04:00,21.799999237060547,21.899999618530273,21.799999237060547,21.865999221801758,3700,0.0,0.0,0.0
2022-10-13 00:00:00-04:00,21.610000610351562,22.173999786376953,21.610000610351562,22.173999786376953,500,0.0,0.0,0.0
2022-10-14 00:00:00-04:00,22.059999465942383,22.059999465942383,21.902000427246094,21.902000427246094,900,0.0,0.0,0.0
2022-10-17 00:00:00-04:00,22.187999725341797,22.25,22.15999984741211,22.211000442504883,1700,0.0,0.0,0.0
2022-10-18 00:00:00-04:00,22.459999084472656,22.489999771118164,22.309999465942383,22.340999603271484,46900,0.0,0.0,0.0
2022-10-19 00:00:00-04:00,22.3700008392334,22.3700008392334,22.267000198364258,22.267000198364258,1700,0.0,0.0,0.0
2022-10-20 00:00:00-04:00,22.34600067138672,22.350000381469727,22.163999557495117,22.18000030517578,23800,0.0,0.0,0.0
2022-10-21 00:00:00-04:00,22.190000534057617,22.479999542236328,22.190000534057617,22.479999542236328,1200,0.0,0.0,0.0
2022-10-24 00:00:00-04:00,22.469999313354492,22.65999984741211,22.469999313354492,22.621000289916992,2100,0.0,0.0,0.0
2022-10-25 00:00:00-04:00,22.690000534057617,22.799999237060547,22.690000534057617,22.799999237060547,600,0.0,0.0,0.0
2022-10-26 00:00:00-04:00,22.770000457763672,22.940000534057617,22.743999481201172,22.7810001373291,33400,0.0,0.0,0.0
2022-10-27 00:00:00-04:00,22.790000915527344,22.790000915527344,22.694000244140625,22.694000244140625,3100,0.0,0.0,0.0
2022-10-28 00:00:00-04:00,22.8700008392334,22.98699951171875,22.8700008392334,22.98699951171875,1800,0.0,0.0,0.0
2022-10-31 00:00:00-04:00,22.871000289916992,22.920000076293945,22.84000015258789,22.90399932861328,46900,0.0,0.0,0.0
2022-11-01 00:00:00-04:00,22.8700008392334,22.940000534057617,22.81100082397461,22.8700008392334,35500,0.0,0.0,0.0
2022-11-02 00:00:00-04:00,22.809999465942383,22.8700008392334,22.55699920654297,22.55699920654297,3900,0.0,0.0,0.0
2022-11-03 00:00:00-04:00,22.489999771118164,22.489999771118164,22.434999465942383,22.434999465942383,900,0.0,0.0,0.0
2022-11-04 00:00:00-04:00,22.510000228881836,22.639999389648438,22.424999237060547,22.584999084472656,68800,0.0,0.0,0.0
2022-11-07 00:00:00-05:00,22.639999389648438,22.716999053955078,22.56999969482422,22.716999053955078,17300,0.0,0.0,0.0
2022-11-08 00:00:00-05:00,22.75,22.90999984741211,22.739999771118164,22.80299949645996,8300,0.0,0.0,0.0
2022-11-09 00:00:00-05:00,22.690000534057617,22.753000259399414,22.514999389648438,22.514999389648438,63700,0.0,0.0,0.0
2022-11-10 00:00:00-05:00,23.075000762939453,23.20199966430664,23.049999237060547,23.20199966430664,4100,0.0,0.0,0.0
2022-11-11 00:00:00-05:00,23.309999465942383,23.325000762939453,23.309999465942383,23.325000762939453,500,0.0,0.0,0.0
2022-11-14 00:00:00-05:00,23.347999572753906,23.360000610351562,23.268999099731445,23.268999099731445,1100,0.0,0.0,0.0
2022-11-15 00:00:00-05:00,23.33300018310547,23.33300018310547,23.33300018310547,23.33300018310547,100,0.0,0.0,0.0
2022-11-16 00:00:00-05:00,23.25,23.299999237060547,23.219999313354492,23.249000549316406,2100,0.0,0.0,0.0
2022-11-17 00:00:00-05:00,23.121000289916992,23.190000534057617,23.121000289916992,23.190000534057617,4400,0.0,0.0,0.0
2022-11-18 00:00:00-05:00,23.260000228881836,23.266000747680664,23.170000076293945,23.266000747680664,4900,0.0,0.0,0.0
2022-11-21 00:00:00-05:00,23.280000686645508,23.299999237060547,23.19499969482422,23.239999771118164,1600,0.0,0.0,0.0
2022-11-22 00:00:00-05:00,23.31999969482422,23.426000595092773,23.31999969482422,23.426000595092773,500,0.0,0.0,0.0
2022-11-23 00:00:00-05:00,23.510000228881836,23.535999298095703,23.459999084472656,23.535999298095703,400,0.0,0.0,0.0
2022-11-25 00:00:00-05:00,23.545000076293945,23.545000076293945,23.545000076293945,23.545000076293945,0,0.0,0.0,0.0
2022-11-28 00:00:00-05:00,23.40999984741211,23.40999984741211,23.308000564575195,23.308000564575195,100,0.0,0.0,0.0
2022-11-29 00:00:00-05:00,23.440000534057617,23.440000534057617,23.200000762939453,23.264999389648438,8200,0.0,0.0,0.0
2022-11-30 00:00:00-05:00,23.260000228881836,23.670000076293945,23.260000228881836,23.670000076293945,1100,0.0,0.0,0.0
2022-12-01 00:00:00-05:00,23.700000762939453,23.760000228881836,23.700000762939453,23.736000061035156,600,0.0,0.0,0.0
2022-12-02 00:00:00-05:00,23.610000610351562,23.708999633789062,23.610000610351562,23.708999633789062,400,0.0,0.0,0.0
2022-12-05 00:00:00-05:00,23.510000228881836,23.510000228881836,23.413999557495117,23.44499969482422,5500,0.0,0.0,0.0
2022-12-06 00:00:00-05:00,23.290000915527344,23.290000915527344,23.1299991607666,23.183000564575195,4500,0.0,0.0,0.0
2022-12-07 00:00:00-05:00,23.200000762939453,23.239999771118164,23.174999237060547,23.174999237060547,3400,0.0,0.0,0.0
2022-12-08 00:00:00-05:00,23.336000442504883,23.336000442504883,23.297000885009766,23.297000885009766,500,0.0,0.0,0.0
2022-12-09 00:00:00-05:00,23.325000762939453,23.325000762939453,23.19099998474121,23.19099998474121,300,0.0,0.0,0.0
2022-12-12 00:00:00-05:00,23.413000106811523,23.413000106811523,23.413000106811523,23.413000106811523,100,0.0,0.0,0.0
2022-12-13 00:00:00-05:00,24.079999923706055,24.079999923706055,23.531999588012695,23.531999588012695,4800,0.0,0.0,0.0
2022-12-14 00:00:00-05:00,23.739999771118164,23.739999771118164,23.385000228881836,23.437000274658203,1200,0.0,0.0,0.0
2022-12-15 00:00:00-05:00,22.950000762939453,22.969999313354492,22.829999923706055,22.915000915527344,9000,0.0,0.0,0.0
2022-12-16 00:00:00-05:00,22.850000381469727,22.850000381469727,22.700000762939453,22.743999481201172,400,0.0,0.0,0.0
2022-12-19 00:00:00-05:00,22.516000747680664,22.516000747680664,22.516000747680664,22.516000747680664,100,0.0,0.0,0.0
2022-12-20 00:00:00-05:00,22.520000457763672,22.56999969482422,22.520000457763672,22.562000274658203,600,0.0,0.0,0.0
2022-12-21 00:00:00-05:00,22.709999084472656,22.770000457763672,22.709999084472656,22.770000457763672,200,0.0,0.0,0.0
2022-12-22 00:00:00-05:00,22.458999633789062,22.540000915527344,22.40999984741211,22.540000915527344,500,0.0,0.0,0.0
2022-12-23 00:00:00-05:00,22.489999771118164,22.610000610351562,22.489999771118164,22.610000610351562,23700,0.0,0.0,0.0
2022-12-27 00:00:00-05:00,22.510000228881836,22.59000015258789,22.5,22.518999099731445,13300,0.0,0.0,0.0
2022-12-28 00:00:00-05:00,22.309999465942383,22.309999465942383,22.309999465942383,22.309999465942383,0,0.0,0.0,0.0
2022-12-29 00:00:00-05:00,22.610000610351562,22.610000610351562,22.56999969482422,22.589000701904297,2200,0.0,0.0,0.0
2022-12-30 00:00:00-05:00,22.368999481201172,22.481000900268555,22.329999923706055,22.481000900268555,33700,0.0,0.0,0.0
2023-01-03 00:00:00-05:00,22.770000457763672,22.770000457763672,22.3799991607666,22.45800018310547,38800,0.0,0.0,0.0
2023-01-04 00:00:00-05:00,22.510000228881836,22.610000610351562,22.5,22.53700065612793,11000,0.0,0.0,0.0
2023-01-05 00:00:00-05:00,22.850000381469727,22.850000381469727,22.43199920654297,22.448999404907227,44100,0.0,0.0,0.0
2023-01-06 00:00:00-05:00,22.56999969482422,22.790000915527344,22.46500015258789,22.729999542236328,180000,0.0,0.0,0.0
2023-01-09 00:00:00-05:00,22.829999923706055,22.889999389648438,22.739999771118164,22.749000549316406,28100,0.0,0.0,0.0
2023-01-10 00:00:00-05:00,22.739999771118164,22.84000015258789,22.670000076293945,22.833999633789062,10100,0.0,0.0,0.0
2023-01-11 00:00:00-05:00,23.229999542236328,23.229999542236328,22.850000381469727,22.924999237060547,17900,0.0,0.0,0.0
2023-01-12 00:00:00-05:00,23.31999969482422,23.31999969482422,22.889999389648438,23.01300048828125,5000,0.0,0.0,0.0
2023-01-13 00:00:00-05:00,23.027999877929688,23.079999923706055,23.0,23.079999923706055,3700,0.0,0.0,0.0
2023-01-17 00:00:00-05:00,23.06999969482422,23.075000762939453,23.06999969482422,23.06999969482422,700,0.0,0.0,0.0
2023-01-18 00:00:00-05:00,23.34000015258789,23.34000015258789,22.90999984741211,22.927000045776367,1000,0.0,0.0,0.0
2023-01-19 00:00:00-05:00,22.780000686645508,22.854999542236328,22.729999542236328,22.854999542236328,14700,0.0,0.0,0.0
2023-01-20 00:00:00-05:00,22.639999389648438,23.06999969482422,22.639999389648438,23.06999969482422,9000,0.0,0.0,0.0
2023-01-23 00:00:00-05:00,22.889999389648438,23.243000030517578,22.889999389648438,23.190000534057617,4600,0.0,0.0,0.0
2023-01-24 00:00:00-05:00,23.174999237060547,23.209999084472656,23.174999237060547,23.204999923706055,900,0.0,0.0,0.0
2023-01-25 00:00:00-05:00,23.082000732421875,23.214000701904297,23.020000457763672,23.214000701904297,2000,0.0,0.0,0.0
2023-01-26 00:00:00-05:00,23.209999084472656,23.305999755859375,23.200000762939453,23.305999755859375,11500,0.0,0.0,0.0
2023-01-27 00:00:00-05:00,23.65999984741211,23.65999984741211,23.389999389648438,23.389999389648438,500,0.0,0.0,0.0
2023-01-30 00:00:00-05:00,23.299999237060547,23.299999237060547,23.229999542236328,23.229999542236328,1800,0.0,0.0,0.0
2023-01-31 00:00:00-05:00,23.360000610351562,23.360000610351562,23.33099937438965,23.33099937438965,400,0.0,0.0,0.0
2023-02-01 00:00:00-05:00,23.360000610351562,23.549999237060547,23.31999969482422,23.5,13700,0.0,0.0,0.0
2023-02-02 00:00:00-05:00,23.559999465942383,23.562000274658203,23.545000076293945,23.545000076293945,900,0.0,0.0,0.0
2023-02-03 00:00:00-05:00,23.540000915527344,23.540000915527344,23.489999771118164,23.489999771118164,200,0.0,0.0,0.0
2023-02-06 00:00:00-05:00,23.454999923706055,23.454999923706055,23.454999923706055,23.454999923706055,100,0.0,0.0,0.0
2023-02-07 00:00:00-05:00,23.479999542236328,23.591999053955078,23.405000686645508,23.591999053955078,900,0.0,0.0,0.0
2023-02-08 00:00:00-05:00,23.506999969482422,23.506999969482422,23.461000442504883,23.461000442504883,2200,0.0,0.0,0.0
2023-02-09 00:00:00-05:00,23.5,23.5,23.375,23.375,7500,0.0,0.0,0.0
2023-02-10 00:00:00-05:00,23.719999313354492,23.719999313354492,23.364999771118164,23.399999618530273,3100,0.0,0.0,0.0
2023-02-13 00:00:00-05:00,23.496000289916992,23.520000457763672,23.489999771118164,23.4950008392334,4200,0.0,0.0,0.0
2023-02-14 00:00:00-05:00,23.55500030517578,23.55699920654297,23.55500030517578,23.55699920654297,700,0.0,0.0,0.0
2023-02-15 00:00:00-05:00,23.53499984741211,23.573999404907227,23.53499984741211,23.573999404907227,1000,0.0,0.0,0.0
2023-02-16 00:00:00-05:00,23.549999237060547,23.579999923706055,23.45400047302246,23.45400047302246,1600,0.0,0.0,0.0
2023-02-17 00:00:00-05:00,23.639999389648438,23.639999389648438,23.3799991607666,23.459999084472656,16000,0.0,0.0,0.0
2023-02-21 00:00:00-05:00,23.224000930786133,23.224000930786133,23.224000930786133,23.224000930786133,100,0.0,0.0,0.0
2023-02-22 00:00:00-05:00,23.18000030517578,23.280000686645508,23.18000030517578,23.191999435424805,1900,0.0,0.0,0.0
2023-02-23 00:00:00-05:00,23.229999542236328,23.28700065612793,23.229999542236328,23.28700065612793,200,0.0,0.0,0.0
2023-02-24 00:00:00-05:00,23.09600067138672,23.15399932861328,23.079999923706055,23.15399932861328,5600,0.0,0.0,0.0
2023-02-27 00:00:00-05:00,23.256000518798828,23.256000518798828,23.198999404907227,23.198999404907227,500,0.0,0.0,0.0
2023-02-28 00:00:00-05:00,23.243999481201172,23.243999481201172,23.20199966430664,23.20199966430664,1100,0.0,0.0,0.0
2023-03-01 00:00:00-05:00,23.1200008392334,23.184999465942383,23.1200008392334,23.135000228881836,2200,0.0,0.0,0.0
2023-03-02 00:00:00-05:00,23.118999481201172,23.229000091552734,23.118999481201172,23.229000091552734,900,0.0,0.0,0.0
2023-03-03 00:00:00-05:00,23.336000442504883,23.41699981689453,23.336000442504883,23.41699981689453,2300,0.0,0.0,0.0
2023-03-06 00:00:00-05:00,23.40999984741211,23.440000534057617,23.3700008392334,23.42799949645996,14300,0.0,0.0,0.0
2023-03-07 00:00:00-05:00,23.3700008392334,23.3700008392334,23.260000228881836,23.260000228881836,400,0.0,0.0,0.0
2023-03-08 00:00:00-05:00,23.243999481201172,23.280000686645508,23.243999481201172,23.280000686645508,300,0.0,0.0,0.0
2023-03-09 00:00:00-05:00,23.290000915527344,23.290000915527344,23.08099937438965,23.08099937438965,1500,0.0,0.0,0.0
2023-03-10 00:00:00-05:00,22.979999542236328,22.979999542236328,22.823999404907227,22.823999404907227,4100,0.0,0.0,0.0
2023-03-13 00:00:00-04:00,22.861000061035156,22.861000061035156,22.861000061035156,22.861000061035156,0,0.0,0.0,0.0
2023-03-14 00:00:00-04:00,22.739999771118164,23.118000030517578,22.739999771118164,23.040000915527344,2500,0.0,0.0,0.0
2023-03-15 00:00:00-04:00,22.799999237060547,22.91200065612793,22.77199935913086,22.91200065612793,689600,0.0,0.0,0.0
2023-03-16 00:00:00-04:00,22.90399932861328,23.180999755859375,22.90399932861328,23.180999755859375,1800,0.0,0.0,0.0
2023-03-17 00:00:00-04:00,23.18000030517578,23.18000030517578,23.020000457763672,23.04400062561035,1800,0.0,0.0,0.0
2023-03-20 00:00:00-04:00,23.110000610351562,23.139999389648438,22.989999771118164,23.136999130249023,5900,0.0,0.0,0.0
2023-03-21 00:00:00-04:00,23.219999313354492,23.32900047302246,23.219999313354492,23.32900047302246,3600,0.0,0.0,0.0
2023-03-22 00:00:00-04:00,23.336999893188477,23.34000015258789,23.165000915527344,23.165000915527344,2800,0.0,0.0,0.0
2023-03-23 00:00:00-04:00,22.989999771118164,23.34000015258789,22.989999771118164,23.180999755859375,3900,0.0,0.0,0.0
2023-03-24 00:00:00-04:00,23.100000381469727,23.270000457763672,23.075000762939453,23.232999801635742,2100,0.0,0.0,0.0
2023-03-27 00:00:00-04:00,23.579999923706055,23.579999923706055,23.290000915527344,23.295000076293945,3500,0.0,0.0,0.0
2023-03-28 00:00:00-04:00,23.290000915527344,23.309999465942383,23.209999084472656,23.27899932861328,3100,0.0,0.0,0.0
2023-03-29 00:00:00-04:00,23.405000686645508,23.530000686645508,23.360000610351562,23.468000411987305,5300,0.0,0.0,0.0
2023-03-30 00:00:00-04:00,23.514999389648438,23.56999969482422,23.469999313354492,23.520000457763672,2000,0.0,0.0,0.0
2023-03-31 00:00:00-04:00,23.6200008392334,23.683000564575195,23.540000915527344,23.683000564575195,7000,0.0,0.0,0.0
2023-04-03 00:00:00-04:00,23.760000228881836,23.760000228881836,23.709999084472656,23.7450008392334,2700,0.0,0.0,0.0
2023-04-04 00:00:00-04:00,23.729999542236328,23.84000015258789,23.610000610351562,23.679000854492188,25700,0.0,0.0,0.0
2023-04-05 00:00:00-04:00,23.670000076293945,23.719999313354492,23.6299991607666,23.670000076293945,2300,0.0,0.0,0.0
2023-04-06 00:00:00-04:00,23.719999313354492,23.760000228881836,23.634000778198242,23.670000076293945,13400,0.0,0.0,0.0
2023-04-10 00:00:00-04:00,23.700000762939453,23.770000457763672,23.6200008392334,23.740999221801758,55100,0.0,0.0,0.0
2023-04-11 00:00:00-04:00,23.690000534057617,23.81999969482422,23.690000534057617,23.7549991607666,2900,0.0,0.0,0.0
2023-04-12 00:00:00-04:00,23.729999542236328,23.829999923706055,23.716999053955078,23.716999053955078,19800,0.0,0.0,0.0
2023-04-13 00:00:00-04:00,23.719999313354492,23.8700008392334,23.649999618530273,23.864999771118164,55900,0.0,0.0,0.0
2023-04-14 00:00:00-04:00,23.864999771118164,23.864999771118164,23.729999542236328,23.84000015258789,9100,0.0,0.0,0.0
2023-04-17 00:00:00-04:00,23.895000457763672,23.895000457763672,23.790000915527344,23.889999389648438,17900,0.0,0.0,0.0
2023-04-18 00:00:00-04:00,23.889999389648438,23.950000762939453,23.8799991607666,23.913000106811523,8700,0.0,0.0,0.0
2023-04-19 00:00:00-04:00,23.860000610351562,23.954999923706055,23.809999465942383,23.94499969482422,14100,0.0,0.0,0.0
2023-04-20 00:00:00-04:00,23.84000015258789,23.950000762939453,23.809999465942383,23.867000579833984,6200,0.0,0.0,0.0
2023-04-21 00:00:00-04:00,23.860000610351562,23.920000076293945,23.836000442504883,23.899999618530273,7100,0.0,0.0,0.0
2023-04-24 00:00:00-04:00,23.899999618530273,23.93000030517578,23.847999572753906,23.905000686645508,14800,0.0,0.0,0.0
2023-04-25 00:00:00-04:00,23.84000015258789,23.8799991607666,23.700000762939453,23.729999542236328,2800,0.0,0.0,0.0
2023-04-26 00:00:00-04:00,23.799999237060547,23.799999237060547,23.6299991607666,23.670000076293945,2000,0.0,0.0,0.0
2023-04-27 00:00:00-04:00,23.81999969482422,23.915000915527344,23.75,23.915000915527344,2600,0.0,0.0,0.0
2023-04-28 00:00:00-04:00,23.950000762939453,24.018999099731445,23.950000762939453,24.018999099731445,3200,0.0,0.0,0.0
2023-05-01 00:00:00-04:00,24.020000457763672,24.110000610351562,23.989999771118164,24.059999465942383,700300,0.0,0.0,0.0
2023-05-02 00:00:00-04:00,23.899999618530273,23.913999557495117,23.84000015258789,23.913999557495117,6400,0.0,0.0,0.0
2023-05-03 00:00:00-04:00,24.15999984741211,24.15999984741211,23.834999084472656,23.834999084472656,2400,0.0,0.0,0.0
2023-05-04 00:00:00-04:00,23.76300048828125,23.76300048828125,23.68000030517578,23.704999923706055,1800,0.0,0.0,0.0
2023-05-05 00:00:00-04:00,23.934999465942383,23.979999542236328,23.934999465942383,23.979999542236328,400,0.0,0.0,0.0
2023-05-08 00:00:00-04:00,23.979999542236328,23.979999542236328,23.979999542236328,23.979999542236328,0,0.0,0.0,0.0
2023-05-09 00:00:00-04:00,23.93000030517578,23.945999145507812,23.93000030517578,23.945999145507812,700,0.0,0.0,0.0
2023-05-10 00:00:00-04:00,23.93000030517578,24.014999389648438,23.93000030517578,24.014999389648438,1100,0.0,0.0,0.0
2023-05-11 00:00:00-04:00,23.739999771118164,23.96500015258789,23.739999771118164,23.96500015258789,18200,0.0,0.0,0.0
2023-05-12 00:00:00-04:00,24.03499984741211,24.03499984741211,23.908000946044922,23.934999465942383,1600,0.0,0.0,0.0
2023-05-15 00:00:00-04:00,24.25,24.25,23.979999542236328,24.014999389648438,4300,0.0,0.0,0.0
2023-05-16 00:00:00-04:00,23.989999771118164,23.989999771118164,23.940000534057617,23.950000762939453,900,0.0,0.0,0.0
2023-05-17 00:00:00-04:00,23.993000030517578,24.10700035095215,23.969999313354492,24.10700035095215,1300,0.0,0.0,0.0
2023-05-18 00:00:00-04:00,24.155000686645508,24.239999771118164,24.110000610351562,24.239999771118164,1600,0.0,0.0,0.0
2023-05-19 00:00:00-04:00,24.190000534057617,24.235000610351562,24.170000076293945,24.235000610351562,1900,0.0,0.0,0.0
2023-05-22 00:00:00-04:00,24.2450008392334,24.2450008392334,24.2450008392334,24.2450008392334,400,0.0,0.0,0.0
2023-05-23 00:00:00-04:00,24.256999969482422,24.256999969482422,24.09000015258789,24.094999313354492,2200,0.0,0.0,0.0
2023-05-24 00:00:00-04:00,23.920000076293945,24.0,23.90999984741211,23.99799919128418,2400,0.0,0.0,0.0
2023-05-25 00:00:00-04:00,24.075000762939453,24.110000610351562,24.075000762939453,24.110000610351562,400,0.0,0.0,0.0
2023-05-26 00:00:00-04:00,24.3799991607666,24.3799991607666,24.25,24.29599952697754,4200,0.0,0.0,0.0
2023-05-30 00:00:00-04:00,24.329999923706055,24.329999923706055,24.295000076293945,24.301000595092773,800,0.0,0.0,0.0
2023-05-31 00:00:00-04:00,24.200000762939453,24.236000061035156,24.200000762939453,24.236000061035156,200,0.0,0.0,0.0
2023-06-01 00:00:00-04:00,24.375,24.43000030517578,24.375,24.375999450683594,500,0.0,0.0,0.0
2023-06-02 00:00:00-04:00,24.719999313354492,24.719999313354492,24.479999542236328,24.549999237060547,1200,0.0,0.0,0.0
2023-06-05 00:00:00-04:00,24.510000228881836,24.54599952697754,24.510000228881836,24.530000686645508,6200,0.0,0.0,0.0
2023-06-06 00:00:00-04:00,24.59000015258789,24.59000015258789,24.5,24.56999969482422,2500,0.0,0.0,0.0
2023-06-07 00:00:00-04:00,24.56999969482422,24.59000015258789,24.55699920654297,24.55699920654297,600,0.0,0.0,0.0
2023-06-08 00:00:00-04:00,24.625,24.625,24.625,24.625,0,0.0,0.0,0.0
2023-06-09 00:00:00-04:00,24.607999801635742,24.645000457763672,24.607999801635742,24.645000457763672,700,0.0,0.0,0.0
2023-06-12 00:00:00-04:00,24.639999389648438,24.709999084472656,24.639999389648438,24.690000534057617,1300,0.0,0.0,0.0
2023-06-13 00:00:00-04:00,24.739999771118164,24.770000457763672,24.65999984741211,24.75,62300,0.0,0.0,0.0
2023-06-14 00:00:00-04:00,24.724000930786133,24.724000930786133,24.724000930786133,24.724000930786133,200,0.0,0.0,0.0
2023-06-15 00:00:00-04:00,24.750999450683594,24.790000915527344,24.750999450683594,24.773000717163086,14300,0.0,0.0,0.0
2023-06-16 00:00:00-04:00,25.15999984741211,25.15999984741211,24.739999771118164,24.790000915527344,3200,0.0,0.0,0.0
2023-06-20 00:00:00-04:00,25.15999984741211,25.15999984741211,24.739999771118164,24.739999771118164,2500,0.0,0.0,0.0
2023-06-21 00:00:00-04:00,24.850000381469727,24.850000381469727,24.729999542236328,24.829999923706055,19300,0.0,0.0,0.0
2023-06-22 00:00:00-04:00,24.795000076293945,24.795000076293945,24.795000076293945,24.795000076293945,400,0.0,0.0,0.0
2023-06-23 00:00:00-04:00,25.139999389648438,25.139999389648438,24.75,24.80500030517578,5600,0.0,0.0,0.0
2023-06-26 00:00:00-04:00,24.790000915527344,24.850000381469727,24.790000915527344,24.815000534057617,4600,0.0,0.0,0.0
2023-06-27 00:00:00-04:00,24.825000762939453,24.8799991607666,24.799999237060547,24.809999465942383,7800,0.0,0.0,0.0
2023-06-28 00:00:00-04:00,24.850000381469727,24.889999389648438,24.834999084472656,24.860000610351562,37300,0.0,0.0,0.0
2023-06-29 00:00:00-04:00,25.209999084472656,25.209999084472656,24.829999923706055,24.84000015258789,27300,0.0,0.0,0.0
2023-06-30 00:00:00-04:00,24.850000381469727,24.940000534057617,24.844999313354492,24.899999618530273,1963500,0.0,0.0,0.0
2023-07-03 00:00:00-04:00,24.915000915527344,24.93000030517578,24.799999237060547,24.920000076293945,103700,0.0,0.0,0.0
2023-07-05 00:00:00-04:00,25.149999618530273,25.149999618530273,24.760000228881836,24.889999389648438,206400,0.0,0.0,0.0
2023-07-06 00:00:00-04:00,24.68000030517578,24.809999465942383,24.649999618530273,24.809999465942383,41500,0.0,0.0,0.0
2023-07-07 00:00:00-04:00,24.690000534057617,24.8700008392334,24.690000534057617,24.768999099731445,55700,0.0,0.0,0.0
2023-07-10 00:00:00-04:00,24.829999923706055,24.829999923706055,24.670000076293945,24.760000228881836,32800,0.0,0.0,0.0
2023-07-11 00:00:00-04:00,25.170000076293945,25.170000076293945,24.68000030517578,24.88599967956543,94400,0.0,0.0,0.0
2023-07-12 00:00:00-04:00,25.139999389648438,25.139999389648438,24.93000030517578,24.959999084472656,36700,0.0,0.0,0.0
2023-07-13 00:00:00-04:00,25.014999389648438,25.1299991607666,24.989999771118164,25.1299991607666,18800,0.0,0.0,0.0
2023-07-14 00:00:00-04:00,25.110000610351562,25.139999389648438,25.040000915527344,25.075000762939453,42600,0.0,0.0,0.0
2023-07-17 00:00:00-04:00,25.190000534057617,25.190000534057617,25.040000915527344,25.128000259399414,15200,0.0,0.0,0.0
2023-07-18 00:00:00-04:00,25.040000915527344,25.229999542236328,25.040000915527344,25.19499969482422,6800,0.0,0.0,0.0
2023-07-19 00:00:00-04:00,25.18000030517578,25.290000915527344,25.149999618530273,25.15999984741211,16200,0.0,0.0,0.0
2023-07-20 00:00:00-04:00,25.440000534057617,25.440000534057617,25.100000381469727,25.156999588012695,9000,0.0,0.0,0.0
2023-07-21 00:00:00-04:00,25.440000534057617,25.440000534057617,25.09000015258789,25.159000396728516,95400,0.0,0.0,0.0
2023-07-24 00:00:00-04:00,25.170000076293945,25.219999313354492,25.139999389648438,25.19499969482422,3000,0.0,0.0,0.0
2023-07-25 00:00:00-04:00,25.1200008392334,25.299999237060547,25.1200008392334,25.23900032043457,13200,0.0,0.0,0.0
2023-07-26 00:00:00-04:00,25.149999618530273,25.31999969482422,25.139999389648438,25.280000686645508,23100,0.0,0.0,0.0
2023-07-27 00:00:00-04:00,25.520000457763672,25.520000457763672,25.1299991607666,25.165000915527344,12100,0.0,0.0,0.0
2023-07-28 00:00:00-04:00,25.260000228881836,25.31999969482422,25.229999542236328,25.235000610351562,8100,0.0,0.0,0.0
2023-07-31 00:00:00-04:00,25.229999542236328,25.399999618530273,25.219999313354492,25.2450008392334,24600,0.0,0.0,0.0
2023-08-01 00:00:00-04:00,25.290000915527344,25.31999969482422,25.219999313354492,25.239999771118164,28200,0.0,0.0,0.0
2023-08-02 00:00:00-04:00,25.299999237060547,25.309999465942383,25.100000381469727,25.100000381469727,19700,0.0,0.0,0.0
2023-08-03 00:00:00-04:00,25.079999923706055,25.1299991607666,25.0,25.06599998474121,10500,0.0,0.0,0.0
2023-08-04 00:00:00-04:00,25.229999542236328,25.229999542236328,25.0049991607666,25.0049991607666,20300,0.0,0.0,0.0
2023-08-07 00:00:00-04:00,25.090999603271484,25.149999618530273,25.020000457763672,25.149999618530273,170700,0.0,0.0,0.0
2023-08-08 00:00:00-04:00,25.290000915527344,25.290000915527344,24.93000030517578,25.069000244140625,29900,0.0,0.0,0.0
2023-08-09 00:00:00-04:00,24.969999313354492,25.09000015258789,24.950000762939453,24.985000610351562,18300,0.0,0.0,0.0
2023-08-10 00:00:00-04:00,25.15999984741211,25.170000076293945,24.969999313354492,24.983999252319336,9900,0.0,0.0,0.0
2023-08-11 00:00:00-04:00,25.059999465942383,25.079999923706055,24.93000030517578,24.93600082397461,11900,0.0,0.0,0.0
2023-08-14 00:00:00-04:00,25.010000228881836,25.06999969482422,24.989999771118164,25.058000564575195,5600,0.0,0.0,0.0
2023-08-15 00:00:00-04:00,24.899999618530273,25.040000915527344,24.8799991607666,24.917999267578125,52200,0.0,0.0,0.0
2023-08-16 00:00:00-04:00,24.969999313354492,24.969999313354492,24.799999237060547,24.84000015258789,20600,0.0,0.0,0.0
2023-08-17 00:00:00-04:00,24.950000762939453,24.950000762939453,24.71500015258789,24.735000610351562,36300,0.0,0.0,0.0
2023-08-18 00:00:00-04:00,24.65999984741211,24.770000457763672,24.635000228881836,24.764999389648438,98600,0.0,0.0,0.0
2023-08-21 00:00:00-04:00,24.690000534057617,24.8799991607666,24.690000534057617,24.809999465942383,15700,0.0,0.0,0.0
2023-08-22 00:00:00-04:00,24.989999771118164,24.989999771118164,24.75,24.815000534057617,23100,0.0,0.0,0.0
2023-08-23 00:00:00-04:00,24.81999969482422,24.959999084472656,24.81999969482422,24.920000076293945,12400,0.0,0.0,0.0
2023-08-24 00:00:00-04:00,24.860000610351562,24.8700008392334,24.729999542236328,24.764999389648438,19200,0.0,0.0,0.0
2023-08-25 00:00:00-04:00,24.81999969482422,24.920000076293945,24.65999984741211,24.839000701904297,16600,0.0,0.0,0.0
2023-08-28 00:00:00-04:00,24.829999923706055,24.975000381469727,24.829999923706055,24.941999435424805,34500,0.0,0.0,0.0
2023-08-29 00:00:00-04:00,24.959999084472656,25.159000396728516,24.959999084472656,25.139999389648438,20000,0.0,0.0,0.0
2023-08-30 00:00:00-04:00,25.0,25.229999542236328,25.0,25.176000595092773,178500,0.0,0.0,0.0
2023-08-31 00:00:00-04:00,25.290000915527344,25.290000915527344,25.149999618530273,25.18000030517578,8000,0.0,0.0,0.0
2023-09-01 00:00:00-04:00,25.6299991607666,25.6299991607666,25.1200008392334,25.190000534057617,13600,0.0,0.0,0.0
2023-09-05 00:00:00-04:00,25.170000076293945,25.200000762939453,25.149999618530273,25.149999618530273,38600,0.0,0.0,0.0
2023-09-06 00:00:00-04:00,25.6200008392334,25.6200008392334,24.969999313354492,25.003999710083008,11900,0.0,0.0,0.0
2023-09-07 00:00:00-04:00,24.95199966430664,25.049999237060547,24.899999618530273,24.974000930786133,9700,0.0,0.0,0.0
2023-09-08 00:00:00-04:00,25.520000457763672,25.520000457763672,24.979999542236328,25.010000228881836,10400,0.0,0.0,0.0
2023-09-11 00:00:00-04:00,25.094999313354492,25.170000076293945,25.06999969482422,25.1299991607666,10500,0.0,0.0,0.0
2023-09-12 00:00:00-04:00,25.239999771118164,25.239999771118164,25.049999237060547,25.05500030517578,8500,0.0,0.0,0.0
2023-09-13 00:00:00-04:00,25.045000076293945,25.1299991607666,25.045000076293945,25.08099937438965,7200,0.0,0.0,0.0
2023-09-14 00:00:00-04:00,25.1299991607666,25.229999542236328,25.079999923706055,25.19099998474121,22300,0.0,0.0,0.0
2023-09-15 00:00:00-04:00,25.149999618530273,25.149999618530273,24.979999542236328,25.03499984741211,11000,0.0,0.0,0.0
2023-09-18 00:00:00-04:00,25.0,25.09000015258789,24.972000122070312,24.993000030517578,5600,0.0,0.0,0.0
2023-09-19 00:00:00-04:00,24.94499969482422,25.040000915527344,24.899999618530273,25.030000686645508,9100,0.0,0.0,0.0
2023-09-20 00:00:00-04:00,25.059999465942383,25.06999969482422,24.829999923706055,24.878000259399414,44500,0.0,0.0,0.0
2023-09-21 00:00:00-04:00,24.739999771118164,24.780000686645508,24.670000076293945,24.670000076293945,16800,0.0,0.0,0.0
2023-09-22 00:00:00-04:00,24.84000015258789,24.84000015258789,24.625,24.625,7800,0.0,0.0,0.0
2023-09-25 00:00:00-04:00,24.719999313354492,24.719999313354492,24.600000381469727,24.663999557495117,9400,0.0,0.0,0.0
2023-09-26 00:00:00-04:00,24.729999542236328,24.729999542236328,24.489999771118164,24.530000686645508,37000,0.0,0.0,0.0
2023-09-27 00:00:00-04:00,24.68000030517578,24.68000030517578,24.386999130249023,24.530000686645508,34500,0.0,0.0,0.0
2023-09-28 00:00:00-04:00,24.40999984741211,24.6299991607666,24.40999984741211,24.549999237060547,26500,0.0,0.0,0.0
2023-09-29 00:00:00-04:00,24.670000076293945,24.670000076293945,24.489999771118164,24.540000915527344,33900,0.0,0.0,0.0
2023-10-02 00:00:00-04:00,24.420000076293945,24.549999237060547,24.420000076293945,24.531999588012695,10400,0.0,0.0,0.0
2023-10-03 00:00:00-04:00,24.579999923706055,24.579999923706055,24.31999969482422,24.375999450683594,10000,0.0,0.0,0.0
2023-10-04 00:00:00-04:00,24.422000885009766,24.52400016784668,24.329999923706055,24.483999252319336,9900,0.0,0.0,0.0
2023-10-05 00:00:00-04:00,24.3700008392334,24.5049991607666,24.3700008392334,24.496000289916992,12800,0.0,0.0,0.0
2023-10-06 00:00:00-04:00,24.309999465942383,24.700000762939453,24.309999465942383,24.649999618530273,12900,0.0,0.0,0.0
2023-10-09 00:00:00-04:00,24.565000534057617,24.729999542236328,24.489999771118164,24.704999923706055,41600,0.0,0.0,0.0
2023-10-10 00:00:00-04:00,24.81999969482422,24.829999923706055,24.75,24.790000915527344,27300,0.0,0.0,0.0
2023-10-11 00:00:00-04:00,24.79400062561035,24.84000015258789,24.700000762939453,24.84000015258789,32400,0.0,0.0,0.0
2023-10-12 00:00:00-04:00,24.795000076293945,24.860000610351562,24.68000030517578,24.760000228881836,13600,0.0,0.0,0.0
2023-10-13 00:00:00-04:00,24.8700008392334,24.8700008392334,24.600000381469727,24.729999542236328,65000,0.0,0.0,0.0
2023-10-16 00:00:00-04:00,24.7450008392334,24.850000381469727,24.7450008392334,24.80699920654297,24100,0.0,0.0,0.0
2023-10-17 00:00:00-04:00,24.690000534057617,24.8799991607666,24.690000534057617,24.812999725341797,27600,0.0,0.0,0.0
2023-10-18 00:00:00-04:00,24.799999237060547,24.799999237060547,24.579999923706055,24.700000762939453,31300,0.0,0.0,0.0
2023-10-19 00:00:00-04:00,24.610000610351562,24.649999618530273,24.5,24.566999435424805,11500,0.0,0.0,0.0
2023-10-20 00:00:00-04:00,24.514999389648438,24.514999389648438,24.350000381469727,24.420000076293945,14700,0.0,0.0,0.0
2023-10-23 00:00:00-04:00,24.37299919128418,24.493000030517578,24.371999740600586,24.389999389648438,8800,0.0,0.0,0.0
2023-10-24 00:00:00-04:00,24.518999099731445,24.518999099731445,24.3700008392334,24.510000228881836,7300,0.0,0.0,0.0
2023-10-25 00:00:00-04:00,24.40999984741211,24.447999954223633,24.280000686645508,24.3439998626709,19000,0.0,0.0,0.0
2023-10-26 00:00:00-04:00,24.31999969482422,24.31999969482422,24.149999618530273,24.23900032043457,12500,0.0,0.0,0.0
2023-10-27 00:00:00-04:00,24.219999313354492,24.280000686645508,24.110000610351562,24.15999984741211,16400,0.0,0.0,0.0
2023-10-30 00:00:00-04:00,24.25,24.34000015258789,24.201000213623047,24.270000457763672,20900,0.0,0.0,0.0
2023-10-31 00:00:00-04:00,24.450000762939453,24.459999084472656,24.290000915527344,24.459999084472656,13800,0.0,0.0,0.0
2023-11-01 00:00:00-04:00,24.399999618530273,24.530000686645508,24.399999618530273,24.489999771118164,9500,0.0,0.0,0.0
2023-11-02 00:00:00-04:00,24.520999908447266,24.690000534057617,24.520999908447266,24.641000747680664,21300,0.0,0.0,0.0
2023-11-03 00:00:00-04:00,24.639999389648438,24.829999923706055,24.639999389648438,24.764999389648438,15200,0.0,0.0,0.0
2023-11-06 00:00:00-05:00,24.760000228881836,24.80900001525879,24.690000534057617,24.7189998626709,9000,0.0,0.0,0.0
2023-11-07 00:00:00-05:00,24.799999237060547,24.860000610351562,24.739999771118164,24.834999084472656,85300,0.0,0.0,0.0
2023-11-08 00:00:00-05:00,24.969999313354492,24.969999313354492,24.760000228881836,24.860000610351562,14400,0.0,0.0,0.0
2023-11-09 00:00:00-05:00,24.790000915527344,24.8700008392334,24.68000030517578,24.746000289916992,18600,0.0,0.0,0.0
2023-11-10 00:00:00-05:00,24.780000686645508,24.94499969482422,24.739999771118164,24.937000274658203,17100,0.0,0.0,0.0
2023-11-13 00:00:00-05:00,24.809999465942383,24.959999084472656,24.809999465942383,24.930999755859375,20500,0.0,0.0,0.0
2023-11-14 00:00:00-05:00,25.1200008392334,25.290000915527344,25.1200008392334,25.226999282836914,22000,0.0,0.0,0.0
2023-11-15 00:00:00-05:00,25.239999771118164,25.299999237060547,25.15999984741211,25.25,33500,0.0,0.0,0.0
2023-11-16 00:00:00-05:00,25.209999084472656,25.299999237060547,25.139999389648438,25.275999069213867,36300,0.0,0.0,0.0
2023-11-17 00:00:00-05:00,25.15999984741211,25.299999237060547,25.15999984741211,25.2450008392334,9400,0.0,0.0,0.0
2023-11-20 00:00:00-05:00,25.389999389648438,25.440000534057617,25.239999771118164,25.38800048828125,29400,0.0,0.0,0.0
2023-11-21 00:00:00-05:00,25.8700008392334,25.8700008392334,25.280000686645508,25.3799991607666,26100,0.0,0.0,0.0
2023-11-22 00:00:00-05:00,25.451000213623047,25.520000457763672,25.350000381469727,25.4060001373291,14900,0.0,0.0,0.0
2023-11-24 00:00:00-05:00,25.489999771118164,25.489999771118164,25.405000686645508,25.42300033569336,5600,0.0,0.0,0.0
2023-11-27 00:00:00-05:00,25.530000686645508,25.530000686645508,25.34000015258789,25.413000106811523,17000,0.0,0.0,0.0
2023-11-28 00:00:00-05:00,25.5,25.5,25.34000015258789,25.440000534057617,13200,0.0,0.0,0.0
2023-11-29 00:00:00-05:00,25.6299991607666,25.6299991607666,25.3700008392334,25.375,26100,0.0,0.0,0.0
2023-11-30 00:00:00-05:00,25.559999465942383,25.559999465942383,25.31999969482422,25.44099998474121,22200,0.0,0.0,0.0
2023-12-01 00:00:00-05:00,25.350000381469727,25.600000381469727,25.350000381469727,25.562000274658203,10700,0.0,0.0,0.0
2023-12-04 00:00:00-05:00,25.559999465942383,25.559999465942383,25.329999923706055,25.459999084472656,8100,0.0,0.0,0.0
2023-12-05 00:00:00-05:00,25.43000030517578,25.510000228881836,25.360000610351562,25.426000595092773,13700,0.0,0.0,0.0
2023-12-06 00:00:00-05:00,25.5,25.5,25.309999465942383,25.354999542236328,21000,0.0,0.0,0.0
2023-12-07 00:00:00-05:00,25.469999313354492,25.559999465942383,25.420000076293945,25.5049991607666,9500,0.0,0.0,0.0
2023-12-08 00:00:00-05:00,25.6299991607666,25.65999984741211,25.5,25.636999130249023,21100,0.0,0.0,0.0
2023-12-11 00:00:00-05:00,25.719999313354492,25.719999313354492,25.579999923706055,25.67300033569336,28700,0.0,0.0,0.0
2023-12-12 00:00:00-05:00,25.799999237060547,25.854999542236328,25.670000076293945,25.83099937438965,31200,0.0,0.0,0.0
2023-12-13 00:00:00-05:00,25.84000015258789,26.1299991607666,25.84000015258789,26.072999954223633,9600,0.0,0.0,0.0
2023-12-14 00:00:00-05:00,26.270000457763672,26.270000457763672,26.1299991607666,26.180999755859375,11400,0.0,0.0,0.0
2023-12-15 00:00:00-05:00,26.270000457763672,26.270000457763672,26.100000381469727,26.18000030517578,20700,0.0,0.0,0.0
2023-12-18 00:00:00-05:00,26.260000228881836,26.360000610351562,26.219999313354492,26.309999465942383,18200,0.0,0.0,0.0
2023-12-19 00:00:00-05:00,26.450000762939453,26.450000762939453,26.290000915527344,26.424999237060547,63800,0.0,0.0,0.0
2023-12-20 00:00:00-05:00,26.65999984741211,26.65999984741211,26.110000610351562,26.170000076293945,96400,0.0,0.0,0.0
2023-12-21 00:00:00-05:00,26.170000076293945,26.399999618530273,26.15999984741211,26.399999618530273,48100,0.0,0.0,0.0
2023-12-22 00:00:00-05:00,26.510000228881836,26.530000686645508,26.34000015258789,26.530000686645508,16900,0.0,0.0,0.0
2023-12-26 00:00:00-05:00,26.40999984741211,26.55299949645996,26.40999984741211,26.489999771118164,7700,0.0,0.0,0.0
2023-12-27 00:00:00-05:00,26.56999969482422,26.600000381469727,26.459999084472656,26.55900001525879,54800,0.0,0.0,0.0
2023-12-28 00:00:00-05:00,26.709999084472656,26.709999084472656,26.530000686645508,26.649999618530273,18000,0.0,0.0,0.0
2023-12-29 00:00:00-05:00,26.65999984741211,26.739999771118164,26.469999313354492,26.54400062561035,53700,0.0,0.0,0.0
2024-01-02 00:00:00-05:00,26.510000228881836,27.010000228881836,26.360000610351562,27.010000228881836,430600,0.0,0.0,0.0
2024-01-03 00:00:00-05:00,26.270000457763672,26.459999084472656,26.270000457763672,26.459999084472656,158300,0.0,0.0,0.0
2024-01-04 00:00:00-05:00,26.399999618530273,26.479999542236328,26.290000915527344,26.34000015258789,162500,0.0,0.0,0.0
2024-01-05 00:00:00-05:00,26.360000610351562,26.40999984741211,26.209999084472656,26.360000610351562,73400,0.0,0.0,0.0
2024-01-08 00:00:00-05:00,26.290000915527344,26.579999923706055,26.270000457763672,26.579999923706055,135700,0.0,0.0,0.0
2024-01-09 00:00:00-05:00,26.510000228881836,26.584999084472656,26.420000076293945,26.559999465942383,45200,0.0,0.0,0.0
2024-01-10 00:00:00-05:00,26.614999771118164,26.760000228881836,26.479999542236328,26.643999099731445,55400,0.0,0.0,0.0
2024-01-11 00:00:00-05:00,26.690000534057617,26.799999237060547,26.43000030517578,26.6299991607666,120300,0.0,0.0,0.0
2024-01-12 00:00:00-05:00,27.34000015258789,27.34000015258789,26.549999237060547,26.690000534057617,55300,0.0,0.0,0.0
2024-01-16 00:00:00-05:00,26.6200008392334,26.6299991607666,26.479999542236328,26.59000015258789,79200,0.0,0.0,0.0
2024-01-17 00:00:00-05:00,27.139999389648438,27.139999389648438,26.399999618530273,26.5,151900,0.0,0.0,0.0
2024-01-18 00:00:00-05:00,27.260000228881836,27.260000228881836,26.489999771118164,26.700000762939453,158900,0.0,0.0,0.0
2024-01-19 00:00:00-05:00,26.809999465942383,26.860000610351562,26.610000610351562,26.860000610351562,10900,0.0,0.0,0.0
2024-01-22 00:00:00-05:00,26.850000381469727,26.8700008392334,26.770000457763672,26.84000015258789,20200,0.0,0.0,0.0
2024-01-23 00:00:00-05:00,26.8700008392334,26.889999389648438,26.760000228881836,26.8799991607666,16400,0.0,0.0,0.0
2024-01-24 00:00:00-05:00,26.954999923706055,27.149999618530273,26.829999923706055,26.829999923706055,19800,0.0,0.0,0.0
2024-01-25 00:00:00-05:00,27.06999969482422,27.06999969482422,26.829999923706055,26.969999313354492,27800,0.0,0.0,0.0
2024-01-26 00:00:00-05:00,27.040000915527344,27.360000610351562,26.84000015258789,27.360000610351562,18400,0.0,0.0,0.0
2024-01-29 00:00:00-05:00,26.81999969482422,27.020000457763672,26.81999969482422,26.972999572753906,22500,0.0,0.0,0.0
2024-01-30 00:00:00-05:00,26.299999237060547,27.040000915527344,26.299999237060547,26.93600082397461,10000,0.0,0.0,0.0
2024-01-31 00:00:00-05:00,26.709999084472656,26.934999465942383,26.709999084472656,26.8799991607666,293400,0.0,0.0,0.0
2024-02-01 00:00:00-05:00,27.09000015258789,27.09000015258789,26.780000686645508,26.9689998626709,19800,0.0,0.0,0.0
2024-02-02 00:00:00-05:00,26.961000442504883,27.1299991607666,26.469999313354492,26.469999313354492,11400,0.0,0.0,0.0
2024-02-05 00:00:00-05:00,26.96500015258789,27.099000930786133,26.920000076293945,27.07699966430664,22600,0.0,0.0,0.0
2024-02-06 00:00:00-05:00,27.190000534057617,27.190000534057617,26.989999771118164,27.097000122070312,10400,0.0,0.0,0.0
2024-02-07 00:00:00-05:00,27.059999465942383,27.190000534057617,27.05500030517578,27.0939998626709,19200,0.0,0.0,0.0
2024-02-08 00:00:00-05:00,27.239999771118164,27.239999771118164,26.985000610351562,27.15999984741211,16800,0.0,0.0,0.0
2024-02-09 00:00:00-05:00,27.209999084472656,27.25,27.150999069213867,27.173999786376953,28000,0.0,0.0,0.0
2024-02-12 00:00:00-05:00,27.350000381469727,27.350000381469727,27.160999298095703,27.270000457763672,1613700,0.0,0.0,0.0
2024-02-13 00:00:00-05:00,27.0,27.110000610351562,26.93000030517578,27.04800033569336,17200,0.0,0.0,0.0
2024-02-14 00:00:00-05:00,27.1200008392334,27.2189998626709,27.041000366210938,27.170000076293945,12900,0.0,0.0,0.0
2024-02-15 00:00:00-05:00,27.139999389648438,27.239999771118164,27.079999923706055,27.079999923706055,8100,0.0,0.0,0.0
2024-02-16 00:00:00-05:00,27.010000228881836,27.288000106811523,27.010000228881836,27.239999771118164,9600,0.0,0.0,0.0
2024-02-20 00:00:00-05:00,27.139999389648438,27.200000762939453,27.030000686645508,27.030000686645508,11700,0.0,0.0,0.0
2024-02-21 00:00:00-05:00,27.059999465942383,27.149999618530273,27.049999237060547,27.049999237060547,3600,0.0,0.0,0.0
2024-02-22 00:00:00-05:00,27.149999618530273,27.40999984741211,27.149999618530273,27.3700008392334,14800,0.0,0.0,0.0
2024-02-23 00:00:00-05:00,27.415000915527344,27.415000915527344,27.350000381469727,27.384000778198242,2900,0.0,0.0,0.0
2024-02-26 00:00:00-05:00,27.43000030517578,27.43000030517578,27.31999969482422,27.360000610351562,5400,0.0,0.0,0.0
2024-02-27 00:00:00-05:00,27.43000030517578,27.43000030517578,27.329999923706055,27.389999389648438,1800,0.0,0.0,0.0
2024-02-28 00:00:00-05:00,27.329999923706055,27.399999618530273,27.1299991607666,27.363000869750977,4100,0.0,0.0,0.0
2024-02-29 00:00:00-05:00,27.170000076293945,27.437999725341797,27.170000076293945,27.31999969482422,5000,0.0,0.0,0.0
2024-03-01 00:00:00-05:00,27.399999618530273,27.5,27.399999618530273,27.475000381469727,4900,0.0,0.0,0.0
2024-03-04 00:00:00-05:00,27.25,27.535999298095703,27.25,27.475000381469727,5400,0.0,0.0,0.0
2024-03-05 00:00:00-05:00,27.18000030517578,27.420000076293945,27.18000030517578,27.405000686645508,174600,0.0,0.0,0.0
2024-03-06 00:00:00-05:00,27.5,27.5,27.350000381469727,27.440000534057617,7200,0.0,0.0,0.0
2024-03-07 00:00:00-05:00,27.440000534057617,27.540000915527344,27.440000534057617,27.516000747680664,3500,0.0,0.0,0.0
2024-03-08 00:00:00-05:00,27.597999572753906,27.597999572753906,27.458999633789062,27.488000869750977,4400,0.0,0.0,0.0
2024-03-11 00:00:00-04:00,27.579999923706055,27.579999923706055,27.3799991607666,27.450000762939453,9600,0.0,0.0,0.0
2024-03-12 00:00:00-04:00,27.510000228881836,27.559999465942383,27.5,27.554000854492188,7700,0.0,0.0,0.0
2024-03-13 00:00:00-04:00,27.56999969482422,27.610000610351562,27.56999969482422,27.56999969482422,3100,0.0,0.0,0.0
2024-03-14 00:00:00-04:00,27.489999771118164,27.56999969482422,27.489999771118164,27.530000686645508,2800,0.0,0.0,0.0
2024-03-15 00:00:00-04:00,27.329999923706055,27.540000915527344,27.05500030517578,27.489999771118164,3500,0.0,0.0,0.0
2024-03-18 00:00:00-04:00,27.579999923706055,27.639999389648438,27.5,27.5,6800,0.0,0.0,0.0
2024-03-19 00:00:00-04:00,27.81999969482422,27.81999969482422,27.459999084472656,27.729999542236328,49700,0.0,0.0,0.0
2024-03-20 00:00:00-04:00,27.59600067138672,27.729999542236328,27.56999969482422,27.69099998474121,42600,0.0,0.0,0.0
2024-03-21 00:00:00-04:00,27.719999313354492,27.8700008392334,27.65999984741211,27.725000381469727,8200,0.0,0.0,0.0
2024-03-22 00:00:00-04:00,27.600000381469727,27.780000686645508,27.600000381469727,27.729999542236328,4400,0.0,0.0,0.0
2024-03-25 00:00:00-04:00,27.68000030517578,27.718000411987305,27.670000076293945,27.709999084472656,5100,0.0,0.0,0.0
2024-03-26 00:00:00-04:00,27.6299991607666,27.790000915527344,27.6299991607666,27.711000442504883,3500,0.0,0.0,0.0
2024-03-27 00:00:00-04:00,27.75,27.756999969482422,27.670000076293945,27.756999969482422,1800,0.0,0.0,0.0
2024-03-28 00:00:00-04:00,27.690000534057617,27.829999923706055,27.690000534057617,27.785999298095703,146200,0.0,0.0,0.0
2024-04-01 00:00:00-04:00,27.639999389648438,27.790000915527344,27.639999389648438,27.709999084472656,8300,0.0,0.0,0.0
2024-04-02 00:00:00-04:00,27.69499969482422,27.72100067138672,27.610000610351562,27.72100067138672,15600,0.0,0.0,0.0
2024-04-03 00:00:00-04:00,27.639999389648438,27.790000915527344,27.639999389648438,27.77199935913086,10100,0.0,0.0,0.0
2024-04-04 00:00:00-04:00,27.739999771118164,27.80500030517578,27.6200008392334,27.648000717163086,14200,0.0,0.0,0.0
2024-04-05 00:00:00-04:00,27.729999542236328,27.729999542236328,27.690000534057617,27.70199966430664,1800,0.0,0.0,0.0
2024-04-08 00:00:00-04:00,27.74799919128418,27.780000686645508,27.690000534057617,27.739999771118164,3700,0.0,0.0,0.0
2024-04-09 00:00:00-04:00,27.68000030517578,27.746000289916992,27.667999267578125,27.746000289916992,15400,0.0,0.0,0.0
2024-04-10 00:00:00-04:00,27.670000076293945,27.690000534057617,27.610000610351562,27.68199920654297,20500,0.0,0.0,0.0
2024-04-11 00:00:00-04:00,27.684999465942383,27.829999923706055,27.684999465942383,27.763999938964844,1500,0.0,0.0,0.0
2024-04-12 00:00:00-04:00,27.6200008392334,27.68000030517578,27.549999237060547,27.559999465942383,6000,0.0,0.0,0.0
2024-04-15 00:00:00-04:00,27.65399932861328,27.65399932861328,27.507999420166016,27.507999420166016,1100,0.0,0.0,0.0
2024-04-16 00:00:00-04:00,27.549999237060547,27.549999237060547,27.440000534057617,27.547000885009766,7300,0.0,0.0,0.0
2024-04-17 00:00:00-04:00,27.5,27.56999969482422,27.360000610351562,27.459999084472656,5100,0.0,0.0,0.0
2024-04-18 00:00:00-04:00,27.40999984741211,27.489999771118164,27.264999389648438,27.416000366210938,6900,0.0,0.0,0.0
2024-04-19 00:00:00-04:00,27.329999923706055,27.34000015258789,27.260000228881836,27.309999465942383,3300,0.0,0.0,0.0
2024-04-22 00:00:00-04:00,27.360000610351562,27.459999084472656,27.344999313354492,27.440000534057617,11600,0.0,0.0,0.0
2024-04-23 00:00:00-04:00,27.55500030517578,27.600000381469727,27.549999237060547,27.56999969482422,2400,0.0,0.0,0.0
2024-04-24 00:00:00-04:00,27.600000381469727,27.639999389648438,27.549999237060547,27.618999481201172,9500,0.0,0.0,0.0
2024-04-25 00:00:00-04:00,27.40999984741211,27.6200008392334,27.40999984741211,27.569000244140625,5800,0.0,0.0,0.0
2024-04-26 00:00:00-04:00,27.8700008392334,27.8700008392334,27.642000198364258,27.69099998474121,3300,0.0,0.0,0.0
2024-04-29 00:00:00-04:00,27.663999557495117,27.760000228881836,27.663999557495117,27.72100067138672,2600,0.0,0.0,0.0
2024-04-30 00:00:00-04:00,27.72100067138672,27.72100067138672,27.56999969482422,27.583999633789062,3600,0.0,0.0,0.0
2024-05-01 00:00:00-04:00,27.209999084472656,27.677000045776367,27.209999084472656,27.533000946044922,8300,0.0,0.0,0.0
2024-05-02 00:00:00-04:00,27.600000381469727,27.649999618530273,27.600000381469727,27.621000289916992,900,0.0,0.0,0.0
2024-05-03 00:00:00-04:00,27.760000228881836,27.804000854492188,27.760000228881836,27.77400016784668,2700,0.0,0.0,0.0
2024-05-06 00:00:00-04:00,27.799999237060547,27.90999984741211,27.799999237060547,27.864999771118164,6300,0.0,0.0,0.0
2024-05-07 00:00:00-04:00,27.913999557495117,27.913999557495117,27.88599967956543,27.905000686645508,700,0.0,0.0,0.0
2024-05-08 00:00:00-04:00,27.959999084472656,27.979000091552734,27.8700008392334,27.915000915527344,6700,0.0,0.0,0.0
2024-05-09 00:00:00-04:00,27.934999465942383,27.979999542236328,27.899999618530273,27.92799949645996,5700,0.0,0.0,0.0
2024-05-10 00:00:00-04:00,27.96500015258789,27.972000122070312,27.899999618530273,27.969999313354492,1400,0.0,0.0,0.0
2024-05-13 00:00:00-04:00,27.8700008392334,28.0,27.8700008392334,27.899999618530273,10200,0.0,0.0,0.0
2024-05-14 00:00:00-04:00,27.96500015258789,28.049999237060547,27.951000213623047,28.038000106811523,3500,0.0,0.0,0.0
2024-05-15 00:00:00-04:00,28.077999114990234,28.1299991607666,28.059999465942383,28.125999450683594,4800,0.0,0.0,0.0
2024-05-16 00:00:00-04:00,28.139999389648438,28.139999389648438,28.058000564575195,28.06100082397461,1300,0.0,0.0,0.0
2024-05-17 00:00:00-04:00,28.059999465942383,28.139999389648438,28.059999465942383,28.10099983215332,5800,0.0,0.0,0.0
2024-05-20 00:00:00-04:00,28.15999984741211,28.15999984741211,27.290000915527344,28.104999542236328,381300,0.0,0.0,0.0
2024-05-21 00:00:00-04:00,28.0,28.135000228881836,28.0,28.135000228881836,164300,0.0,0.0,0.0
2024-05-22 00:00:00-04:00,28.139999389648438,28.208999633789062,28.125,28.125,5800,0.0,0.0,0.0
2024-05-23 00:00:00-04:00,28.09000015258789,28.156999588012695,28.079999923706055,28.11199951171875,6400,0.0,0.0,0.0
2024-05-24 00:00:00-04:00,28.219999313354492,28.219999313354492,28.1200008392334,28.200000762939453,6400,0.0,0.0,0.0
2024-05-28 00:00:00-04:00,28.1299991607666,28.16699981689453,28.1299991607666,28.15999984741211,3500,0.0,0.0,0.0
2024-05-29 00:00:00-04:00,28.209999084472656,28.209999084472656,28.1299991607666,28.1299991607666,1700,0.0,0.0,0.0
2024-05-30 00:00:00-04:00,27.850000381469727,28.16200065612793,27.850000381469727,28.10700035095215,3900,0.0,0.0,0.0
2024-05-31 00:00:00-04:00,28.030000686645508,28.134000778198242,28.030000686645508,28.134000778198242,4900,0.0,0.0,0.0
2024-06-03 00:00:00-04:00,28.148000717163086,28.184999465942383,28.131999969482422,28.18000030517578,2700,0.0,0.0,0.0
2024-06-04 00:00:00-04:00,28.174999237060547,28.25,28.150999069213867,28.19099998474121,6700,0.0,0.0,0.0
2024-06-05 00:00:00-04:00,28.280000686645508,28.280000686645508,28.176000595092773,28.27199935913086,8200,0.0,0.0,0.0
2024-06-06 00:00:00-04:00,28.469999313354492,28.479999542236328,28.209999084472656,28.25,1700,0.0,0.0,0.0
2024-06-07 00:00:00-04:00,28.209999084472656,28.299999237060547,28.209999084472656,28.26799964904785,2300,0.0,0.0,0.0
2024-06-10 00:00:00-04:00,28.260000228881836,28.309999465942383,28.18000030517578,28.18000030517578,11700,0.0,0.0,0.0
2024-06-11 00:00:00-04:00,28.4950008392334,28.4950008392334,28.239999771118164,28.264999389648438,4900,0.0,0.0,0.0
2024-06-12 00:00:00-04:00,28.149999618530273,28.350000381469727,28.149999618530273,28.290000915527344,8300,0.0,0.0,0.0
2024-06-13 00:00:00-04:00,28.30299949645996,28.329999923706055,28.25,28.299999237060547,7000,0.0,0.0,0.0
2024-06-14 00:00:00-04:00,28.299999237060547,28.315000534057617,28.270000457763672,28.315000534057617,3200,0.0,0.0,0.0
2024-06-17 00:00:00-04:00,28.229999542236328,28.350000381469727,28.229999542236328,28.309999465942383,5200,0.0,0.0,0.0
2024-06-18 00:00:00-04:00,28.059999465942383,28.389999389648438,28.059999465942383,28.325000762939453,14600,0.0,0.0,0.0
2024-06-20 00:00:00-04:00,28.31999969482422,28.3799991607666,28.31999969482422,28.325000762939453,2500,0.0,0.0,0.0
2024-06-21 00:00:00-04:00,28.760000228881836,28.760000228881836,28.299999237060547,28.34000015258789,10300,0.0,0.0,0.0
2024-06-24 00:00:00-04:00,28.81999969482422,28.81999969482422,28.329999923706055,28.354999542236328,17700,0.0,0.0,0.0
2024-06-25 00:00:00-04:00,28.420000076293945,28.440000534057617,28.360000610351562,28.360000610351562,4500,0.0,0.0,0.0
2024-06-26 00:00:00-04:00,28.420000076293945,28.559999465942383,28.299999237060547,28.385000228881836,7600,0.0,0.0,0.0
2024-06-27 00:00:00-04:00,28.59000015258789,28.59000015258789,28.329999923706055,28.395000457763672,19600,0.0,0.0,0.0
2024-06-28 00:00:00-04:00,29.809999465942383,29.809999465942383,28.360000610351562,28.399999618530273,857000,0.0,0.0,0.0
2024-07-01 00:00:00-04:00,28.459999084472656,28.469999313354492,28.350000381469727,28.424999237060547,42900,0.0,0.0,0.0
2024-07-02 00:00:00-04:00,28.450000762939453,28.530000686645508,28.378999710083008,28.483999252319336,36200,0.0,0.0,0.0
2024-07-03 00:00:00-04:00,28.559999465942383,28.573999404907227,28.52400016784668,28.573999404907227,2200,0.0,0.0,0.0
2024-07-05 00:00:00-04:00,28.729999542236328,28.729999542236328,28.56999969482422,28.68000030517578,31500,0.0,0.0,0.0
2024-07-08 00:00:00-04:00,28.684999465942383,28.700000762939453,28.6299991607666,28.6299991607666,17100,0.0,0.0,0.0
2024-07-09 00:00:00-04:00,28.690000534057617,28.729999542236328,28.639999389648438,28.695999145507812,44500,0.0,0.0,0.0
2024-07-10 00:00:00-04:00,28.639999389648438,28.815000534057617,28.639999389648438,28.780000686645508,78200,0.0,0.0,0.0
2024-07-11 00:00:00-04:00,28.700000762939453,28.81999969482422,28.65999984741211,28.704999923706055,10300,0.0,0.0,0.0
2024-07-12 00:00:00-04:00,28.78700065612793,28.860000610351562,28.739999771118164,28.739999771118164,4500,0.0,0.0,0.0
2024-07-15 00:00:00-04:00,28.84000015258789,28.860000610351562,28.719999313354492,28.81999969482422,8900,0.0,0.0,0.0
2024-07-16 00:00:00-04:00,28.81999969482422,28.94499969482422,28.81999969482422,28.884000778198242,12600,0.0,0.0,0.0
2024-07-17 00:00:00-04:00,28.799999237060547,28.799999237060547,28.71500015258789,28.725000381469727,14800,0.0,0.0,0.0
2024-07-18 00:00:00-04:00,28.700000762939453,28.954999923706055,28.559999465942383,28.594999313354492,11800,0.0,0.0,0.0
2024-07-19 00:00:00-04:00,28.8700008392334,28.8700008392334,28.503999710083008,28.549999237060547,11700,0.0,0.0,0.0
2024-07-22 00:00:00-04:00,29.110000610351562,29.110000610351562,28.610000610351562,28.709999084472656,8600,0.0,0.0,0.0
2024-07-23 00:00:00-04:00,28.809999465942383,28.969999313354492,28.559999465942383,28.559999465942383,20000,0.0,0.0,0.0
2024-07-24 00:00:00-04:00,28.81999969482422,28.81999969482422,28.290000915527344,28.325000762939453,30700,0.0,0.0,0.0
2024-07-25 00:00:00-04:00,28.325000762939453,28.464000701904297,28.277000427246094,28.277000427246094,29100,0.0,0.0,0.0
2024-07-26 00:00:00-04:00,28.469999313354492,28.5,28.341999053955078,28.409000396728516,11900,0.0,0.0,0.0
2024-07-29 00:00:00-04:00,28.360000610351562,28.520000457763672,28.360000610351562,28.4689998626709,61100,0.0,0.0,0.0
2024-07-30 00:00:00-04:00,28.530000686645508,28.540000915527344,28.299999237060547,28.389999389648438,35300,0.0,0.0,0.0
2024-07-31 00:00:00-04:00,28.719999313354492,28.719999313354492,28.56999969482422,28.604999542236328,12700,0.0,0.0,0.0
2024-08-01 00:00:00-04:00,28.729999542236328,28.729999542236328,28.309999465942383,28.38599967956543,52900,0.0,0.0,0.0
2024-08-02 00:00:00-04:00,28.229999542236328,28.229999542236328,27.957000732421875,28.110000610351562,82100,0.0,0.0,0.0
2024-08-05 00:00:00-04:00,27.385000228881836,28.045000076293945,27.385000228881836,27.549999237060547,52600,0.0,0.0,0.0
2024-08-06 00:00:00-04:00,27.719999313354492,28.020000457763672,27.639999389648438,27.785999298095703,233300,0.0,0.0,0.0
2024-08-07 00:00:00-04:00,28.049999237060547,28.059999465942383,27.649999618530273,27.649999618530273,45500,0.0,0.0,0.0
2024-08-08 00:00:00-04:00,27.950000762939453,28.079999923706055,27.940000534057617,28.059999465942383,15000,0.0,0.0,0.0
2024-08-09 00:00:00-04:00,28.033000946044922,28.149999618530273,27.98200035095215,28.121000289916992,67700,0.0,0.0,0.0
2024-08-12 00:00:00-04:00,28.209999084472656,28.222000122070312,28.079999923706055,28.125,22000,0.0,0.0,0.0
2024-08-13 00:00:00-04:00,28.479999542236328,28.479999542236328,28.231000900268555,28.420000076293945,236200,0.0,0.0,0.0
2024-08-14 00:00:00-04:00,28.43000030517578,28.518999099731445,28.34000015258789,28.5,4948300,0.0,0.0,0.0
2024-08-15 00:00:00-04:00,28.530000686645508,28.73900032043457,28.530000686645508,28.719999313354492,37600,0.0,0.0,0.0
2024-08-16 00:00:00-04:00,28.6200008392334,28.80900001525879,28.6200008392334,28.760000228881836,19000,0.0,0.0,0.0
2024-08-19 00:00:00-04:00,28.6299991607666,28.93000030517578,28.6299991607666,28.93000030517578,16500,0.0,0.0,0.0
2024-08-20 00:00:00-04:00,28.760000228881836,28.889999389648438,28.760000228881836,28.8700008392334,20500,0.0,0.0,0.0
2024-08-21 00:00:00-04:00,28.729999542236328,28.950000762939453,28.729999542236328,28.920000076293945,9600,0.0,0.0,0.0
2024-08-22 00:00:00-04:00,28.809999465942383,28.940000534057617,28.7549991607666,28.809999465942383,15400,0.0,0.0,0.0
2024-08-23 00:00:00-04:00,28.790000915527344,28.979999542236328,28.790000915527344,28.979999542236328,27200,0.0,0.0,0.0
2024-08-26 00:00:00-04:00,28.8700008392334,28.989999771118164,28.8700008392334,28.927000045776367,20300,0.0,0.0,0.0
2024-08-27 00:00:00-04:00,28.809999465942383,28.996000289916992,28.809999465942383,28.93000030517578,29800,0.0,0.0,0.0
2024-08-28 00:00:00-04:00,28.90999984741211,28.989999771118164,28.780000686645508,28.893999099731445,28500,0.0,0.0,0.0
2024-08-29 00:00:00-04:00,28.969999313354492,29.040000915527344,28.860000610351562,28.860000610351562,14700,0.0,0.0,0.0
2024-08-30 00:00:00-04:00,29.010000228881836,29.04800033569336,28.889999389648438,29.04800033569336,8800,0.0,0.0,0.0
2024-09-03 00:00:00-04:00,28.829999923706055,28.889999389648438,28.670000076293945,28.701000213623047,78600,0.0,0.0,0.0
2024-09-04 00:00:00-04:00,28.479999542236328,28.81999969482422,28.479999542236328,28.697999954223633,18500,0.0,0.0,0.0
2024-09-05 00:00:00-04:00,28.65999984741211,28.780000686645508,28.600000381469727,28.643999099731445,34300,0.0,0.0,0.0
2024-09-06 00:00:00-04:00,28.649999618530273,28.739999771118164,28.350000381469727,28.43000030517578,36700,0.0,0.0,0.0
2024-09-09 00:00:00-04:00,28.450000762939453,28.628999710083008,28.450000762939453,28.600000381469727,18500,0.0,0.0,0.0
2024-09-10 00:00:00-04:00,28.59000015258789,28.690000534057617,28.510000228881836,28.665000915527344,18900,0.0,0.0,0.0
2024-09-11 00:00:00-04:00,28.610000610351562,28.81999969482422,28.420000076293945,28.799999237060547,13700,0.0,0.0,0.0
2024-09-12 00:00:00-04:00,28.780000686645508,28.979999542236328,28.780000686645508,28.934999465942383,24600,0.0,0.0,0.0
2024-09-13 00:00:00-04:00,28.90999984741211,29.06999969482422,28.90999984741211,28.989999771118164,10500,0.0,0.0,0.0
2024-09-16 00:00:00-04:00,28.969999313354492,29.09000015258789,28.940000534057617,29.059999465942383,53000,0.0,0.0,0.0
2024-09-17 00:00:00-04:00,29.049999237060547,29.1200008392334,28.959999084472656,29.027999877929688,26800,0.0,0.0,0.0
2024-09-18 00:00:00-04:00,29.025999069213867,29.170000076293945,29.024999618530273,29.034000396728516,39900,0.0,0.0,0.0
2024-09-19 00:00:00-04:00,29.170000076293945,29.280000686645508,29.15999984741211,29.253999710083008,18100,0.0,0.0,0.0
2024-09-20 00:00:00-04:00,29.239999771118164,29.299999237060547,29.170000076293945,29.219999313354492,11500,0.0,0.0,0.0
2024-09-23 00:00:00-04:00,29.229999542236328,29.31999969482422,29.229999542236328,29.280000686645508,26800,0.0,0.0,0.0
2024-09-24 00:00:00-04:00,29.270000457763672,29.350000381469727,29.218000411987305,29.299999237060547,36600,0.0,0.0,0.0
2024-09-25 00:00:00-04:00,29.31999969482422,29.347999572753906,29.290000915527344,29.309999465942383,41200,0.0,0.0,0.0
2024-09-26 00:00:00-04:00,29.385000228881836,29.389999389648438,29.325000762939453,29.3799991607666,46900,0.0,0.0,0.0
2024-09-27 00:00:00-04:00,29.3799991607666,29.43000030517578,29.309999465942383,29.37299919128418,28600,0.0,0.0,0.0
2024-09-30 00:00:00-04:00,29.341999053955078,29.400999069213867,29.263999938964844,29.400999069213867,64100,0.0,0.0,0.0
2024-10-01 00:00:00-04:00,29.489999771118164,29.489999771118164,29.201000213623047,29.260000228881836,45500,0.0,0.0,0.0
2024-10-02 00:00:00-04:00,29.229999542236328,29.325000762939453,29.229999542236328,29.305999755859375,24900,0.0,0.0,0.0
2024-10-03 00:00:00-04:00,29.25,29.290000915527344,29.200000762939453,29.235000610351562,822100,0.0,0.0,0.0
2024-10-04 00:00:00-04:00,29.309999465942383,29.3799991607666,29.280000686645508,29.3700008392334,21000,0.0,0.0,0.0
2024-10-07 00:00:00-04:00,29.31999969482422,29.360000610351562,29.209999084472656,29.24799919128418,12800,0.0,0.0,0.0
2024-10-08 00:00:00-04:00,29.280000686645508,29.43000030517578,29.270000457763672,29.3700008392334,15000,0.0,0.0,0.0
2024-10-09 00:00:00-04:00,29.3799991607666,29.510000228881836,29.3799991607666,29.475000381469727,24700,0.0,0.0,0.0
2024-10-10 00:00:00-04:00,29.43000030517578,29.479999542236328,29.40999984741211,29.458999633789062,34300,0.0,0.0,0.0
2024-10-11 00:00:00-04:00,29.475000381469727,29.56999969482422,29.475000381469727,29.53499984741211,14300,0.0,0.0,0.0
2024-10-14 00:00:00-04:00,29.510000228881836,29.639999389648438,29.510000228881836,29.6200008392334,5600,0.0,0.0,0.0
2024-10-15 00:00:00-04:00,29.625,29.649999618530273,29.493999481201172,29.520000457763672,22600,0.0,0.0,0.0
2024-10-16 00:00:00-04:00,29.479999542236328,29.6200008392334,29.479999542236328,29.6200008392334,319800,0.0,0.0,0.0
2024-10-17 00:00:00-04:00,29.6299991607666,29.649999618530273,29.579999923706055,29.610000610351562,17000,0.0,0.0,0.0
2024-10-18 00:00:00-04:00,29.649999618530273,29.680999755859375,29.631999969482422,29.649999618530273,14400,0.0,0.0,0.0
2024-10-21 00:00:00-04:00,29.5,29.68000030517578,29.5,29.68000030517578,46500,0.0,0.0,0.0
2024-10-22 00:00:00-04:00,29.56999969482422,29.68000030517578,29.56999969482422,29.670000076293945,28000,0.0,0.0,0.0
2024-10-23 00:00:00-04:00,29.6299991607666,29.6299991607666,29.489999771118164,29.579999923706055,15100,0.0,0.0,0.0
2024-10-24 00:00:00-04:00,29.56999969482422,29.6200008392334,29.530000686645508,29.6200008392334,29400,0.0,0.0,0.0
2024-10-25 00:00:00-04:00,29.719999313354492,29.719999313354492,29.579999923706055,29.6200008392334,22600,0.0,0.0,0.0
2024-10-28 00:00:00-04:00,29.510000228881836,29.67300033569336,29.510000228881836,29.645999908447266,20900,0.0,0.0,0.0
2024-10-29 00:00:00-04:00,29.520000457763672,29.700000762939453,29.520000457763672,29.655000686645508,13800,0.0,0.0,0.0
2024-10-30 00:00:00-04:00,29.600000381469727,29.700000762939453,29.600000381469727,29.600000381469727,11900,0.0,0.0,0.0
2024-10-31 00:00:00-04:00,29.329999923706055,29.479999542236328,29.329999923706055,29.389999389648438,109100,0.0,0.0,0.0
2024-11-01 00:00:00-04:00,29.496000289916992,29.530000686645508,29.43000030517578,29.45800018310547,7800,0.0,0.0,0.0
2024-11-04 00:00:00-05:00,29.399999618530273,29.479999542236328,29.389999389648438,29.43000030517578,23700,0.0,0.0,0.0
2024-11-05 00:00:00-05:00,29.530000686645508,29.579999923706055,29.520000457763672,29.56999969482422,9500,0.0,0.0,0.0
2024-11-06 00:00:00-05:00,29.860000610351562,29.905000686645508,29.799999237060547,29.8799991607666,30600,0.0,0.0,0.0
2024-11-07 00:00:00-05:00,29.889999389648438,30.0,29.889999389648438,29.950000762939453,14300,0.0,0.0,0.0
2024-11-08 00:00:00-05:00,30.0049991607666,30.035999298095703,29.989999771118164,30.020000457763672,12100,0.0,0.0,0.0
2024-11-11 00:00:00-05:00,30.06999969482422,30.06999969482422,29.989999771118164,30.020000457763672,13700,0.0,0.0,0.0
2024-11-12 00:00:00-05:00,29.959999084472656,30.059999465942383,29.959999084472656,30.027000427246094,138200,0.0,0.0,0.0
2024-11-13 00:00:00-05:00,30.030000686645508,30.079999923706055,30.020000457763672,30.035999298095703,221000,0.0,0.0,0.0
2024-11-14 00:00:00-05:00,30.02400016784668,30.049999237060547,29.989999771118164,30.010000228881836,2093400,0.0,0.0,0.0
2024-11-15 00:00:00-05:00,29.90999984741211,29.950000762939453,29.854999542236328,29.899999618530273,10900,0.0,0.0,0.0
2024-11-18 00:00:00-05:00,29.8799991607666,29.959999084472656,29.8700008392334,29.90999984741211,8700,0.0,0.0,0.0
2024-11-19 00:00:00-05:00,29.93000030517578,30.0,29.93000030517578,29.96500015258789,5500,0.0,0.0,0.0
2024-11-20 00:00:00-05:00,29.940000534057617,29.969999313354492,29.850000381469727,29.93000030517578,17500,0.0,0.0,0.0
2024-11-21 00:00:00-05:00,29.959999084472656,30.03499984741211,29.920000076293945,30.030000686645508,29800,0.0,0.0,0.0
2024-11-22 00:00:00-05:00,30.030000686645508,30.09000015258789,30.010000228881836,30.09000015258789,2839800,0.0,0.0,0.0
2024-11-25 00:00:00-05:00,30.18000030517578,30.18000030517578,30.101999282836914,30.135000228881836,5600,0.0,0.0,0.0
2024-11-26 00:00:00-05:00,30.1299991607666,30.187000274658203,30.1299991607666,30.15999984741211,3300,0.0,0.0,0.0
2024-11-27 00:00:00-05:00,30.15999984741211,30.200000762939453,30.135000228881836,30.174999237060547,2900,0.0,0.0,0.0
2024-11-29 00:00:00-05:00,30.219999313354492,30.222000122070312,30.190000534057617,30.219999313354492,69000,0.0,0.0,0.0
2024-12-02 00:00:00-05:00,30.219999313354492,30.25,30.209999084472656,30.219999313354492,36100,0.0,0.0,0.0
2024-12-03 00:00:00-05:00,30.243000030517578,30.25,30.229999542236328,30.239999771118164,2400,0.0,0.0,0.0
2024-12-04 00:00:00-05:00,30.280000686645508,30.28499984741211,30.260000228881836,30.260000228881836,7300,0.0,0.0,0.0
2024-12-05 00:00:00-05:00,30.290000915527344,30.299999237060547,30.270000457763672,30.290000915527344,8400,0.0,0.0,0.0
2024-12-06 00:00:00-05:00,30.299999237060547,30.329999923706055,30.290000915527344,30.290000915527344,6500,0.0,0.0,0.0
2024-12-09 00:00:00-05:00,30.299999237060547,30.312000274658203,30.280000686645508,30.299999237060547,1400,0.0,0.0,0.0
2024-12-10 00:00:00-05:00,30.280000686645508,30.309999465942383,30.280000686645508,30.288999557495117,5900,0.0,0.0,0.0
2024-12-11 00:00:00-05:00,30.325000762939453,30.325000762939453,30.299999237060547,30.31999969482422,2200,0.0,0.0,0.0
2024-12-12 00:00:00-05:00,30.309999465942383,30.333999633789062,30.309999465942383,30.325000762939453,1400,0.0,0.0,0.0
2024-12-13 00:00:00-05:00,30.325000762939453,30.350000381469727,30.309999465942383,30.33799934387207,4200,0.0,0.0,0.0
2024-12-16 00:00:00-05:00,30.358999252319336,30.358999252319336,30.34000015258789,30.350000381469727,2400,0.0,0.0,0.0
2024-12-17 00:00:00-05:00,30.329999923706055,30.350000381469727,30.312999725341797,30.334999084472656,15700,0.0,0.0,0.0
2024-12-18 00:00:00-05:00,30.34000015258789,30.360000610351562,30.049999237060547,30.06999969482422,12000,0.0,0.0,0.0
2024-12-19 00:00:00-05:00,30.190000534057617,30.190000534057617,30.059999465942383,30.06399917602539,23400,0.0,0.0,0.0
2024-12-20 00:00:00-05:00,30.18000030517578,30.273000717163086,30.18000030517578,30.211999893188477,7000,0.0,0.0,0.0
2024-12-23 00:00:00-05:00,30.209999084472656,30.31399917602539,30.176000595092773,30.30500030517578,5800,0.0,0.0,0.0
2024-12-24 00:00:00-05:00,30.334999084472656,30.389999389648438,30.334999084472656,30.3799991607666,16300,0.0,0.0,0.0
2024-12-26 00:00:00-05:00,30.399999618530273,30.416000366210938,30.391000747680664,30.40999984741211,3900,0.0,0.0,0.0
2024-12-27 00:00:00-05:00,30.358999252319336,30.440000534057617,30.358999252319336,30.395000457763672,23000,0.0,0.0,0.0
2024-12-30 00:00:00-05:00,30.270000457763672,30.479999542236328,30.270000457763672,30.40999984741211,74600,0.0,0.0,0.0
2024-12-31 00:00:00-05:00,30.450000762939453,30.450000762939453,30.341999053955078,30.38599967956543,41100,0.0,0.0,0.0
2025-01-02 00:00:00-05:00,30.559999465942383,30.59000015258789,30.309999465942383,30.440000534057617,225300,0.0,0.0,0.0
2025-01-03 00:00:00-05:00,30.530000686645508,30.6200008392334,30.469999313354492,30.610000610351562,22100,0.0,0.0,0.0
2025-01-06 00:00:00-05:00,30.729999542236328,30.790000915527344,30.639999389648438,30.690000534057617,8900,0.0,0.0,0.0
2025-01-07 00:00:00-05:00,30.75,30.75,30.48200035095215,30.530000686645508,10000,0.0,0.0,0.0
2025-01-08 00:00:00-05:00,30.559999465942383,30.559999465942383,30.43000030517578,30.54199981689453,9800,0.0,0.0,0.0
2025-01-10 00:00:00-05:00,30.469999313354492,30.469999313354492,30.260000228881836,30.309999465942383,36300,0.0,0.0,0.0
2025-01-13 00:00:00-05:00,30.209999084472656,30.36199951171875,30.18000030517578,30.36199951171875,13900,0.0,0.0,0.0
2025-01-14 00:00:00-05:00,30.405000686645508,30.450000762939453,30.299999237060547,30.371999740600586,134700,0.0,0.0,0.0
2025-01-15 00:00:00-05:00,30.6299991607666,30.68000030517578,30.579999923706055,30.65999984741211,23600,0.0,0.0,0.0
2025-01-16 00:00:00-05:00,30.670000076293945,30.691999435424805,30.639999389648438,30.655000686645508,151200,0.0,0.0,0.0
2025-01-17 00:00:00-05:00,30.739999771118164,30.81999969482422,30.700000762939453,30.760000228881836,42000,0.0,0.0,0.0
2025-01-21 00:00:00-05:00,30.81999969482422,30.908000946044922,30.790000915527344,30.908000946044922,18800,0.0,0.0,0.0
2025-01-22 00:00:00-05:00,31.010000228881836,31.010000228881836,30.959999084472656,30.985000610351562,4400,0.0,0.0,0.0
2025-01-23 00:00:00-05:00,30.972999572753906,31.016000747680664,30.97100067138672,31.016000747680664,4500,0.0,0.0,0.0
2025-01-24 00:00:00-05:00,31.010000228881836,31.059999465942383,30.959999084472656,30.969999313354492,10800,0.0,0.0,0.0
2025-01-27 00:00:00-05:00,30.75,30.809999465942383,30.739999771118164,30.80500030517578,3500,0.0,0.0,0.0
2025-01-28 00:00:00-05:00,30.829999923706055,30.979999542236328,30.829999923706055,30.975000381469727,2500,0.0,0.0,0.0
2025-01-29 00:00:00-05:00,30.90999984741211,30.93000030517578,30.809999465942383,30.902999877929688,8800,0.0,0.0,0.0
2025-01-30 00:00:00-05:00,30.920000076293945,30.940000534057617,30.899999618530273,30.940000534057617,6400,0.0,0.0,0.0
2025-01-31 00:00:00-05:00,31.0,31.059999465942383,30.8700008392334,30.895000457763672,4300,0.0,0.0,0.0
2025-02-03 00:00:00-05:00,30.670000076293945,30.8700008392334,30.660999298095703,30.780000686645508,7700,0.0,0.0,0.0
2025-02-04 00:00:00-05:00,30.780000686645508,30.922000885009766,30.780000686645508,30.922000885009766,12100,0.0,0.0,0.0
2025-02-05 00:00:00-05:00,30.8799991607666,30.96500015258789,30.871000289916992,30.950000762939453,6200,0.0,0.0,0.0
2025-02-06 00:00:00-05:00,31.06999969482422,31.06999969482422,30.979999542236328,31.018999099731445,7900,0.0,0.0,0.0
2025-02-07 00:00:00-05:00,31.100000381469727,31.100000381469727,30.8799991607666,30.90999984741211,9700,0.0,0.0,0.0
