Date,Open,High,Low,Close,Volume,Dividends,Stock Splits
2000-01-04 00:00:00+09:00,471.8349676248892,498.4484558105469,471.2805199543547,498.4484558105469,18000,0.0,0.0
2000-01-05 00:00:00+09:00,492.903912784352,492.903912784352,444.1125243422564,471.28045654296875,16000,0.0,0.0
2000-01-06 00:00:00+09:00,444.11267830453266,460.1916641607517,444.11267830453266,454.6471862792969,16000,0.0,0.0
2000-01-07 00:00:00+09:00,454.0926104736328,454.6470581054687,426.92467651367184,443.55810546875,9000,0.0,0.0
2000-01-10 00:00:00+09:00,443.55810546875,443.55810546875,443.55810546875,443.55810546875,0,0.0,0.0
2000-01-11 00:00:00+09:00,443.55814351663963,443.55814351663963,426.9247131347656,426.9247131347656,11000,0.0,0.0
2000-01-12 00:00:00+09:00,388.11340332031256,388.11340332031256,371.479971749442,388.1134033203125,7000,0.0,0.0
2000-01-13 00:00:00+09:00,388.11338034597514,441.8948059082031,388.11338034597514,441.8948059082031,8000,0.0,0.0
2000-01-14 00:00:00+09:00,447.43931352095177,457.4193725585938,443.5581794507576,457.41937255859375,12000,0.0,0.0
2000-01-17 00:00:00+09:00,471.28056566643,471.28056566643,457.4193725585938,457.41937255859375,6000,0.0,0.0
2000-01-18 00:00:00+09:00,454.6471075364101,454.6471075364101,449.1026306152344,449.1026306152344,4000,0.0,0.0
2000-01-19 00:00:00+09:00,454.6471075364101,454.6471075364101,449.1026306152344,449.1026306152344,5000,0.0,0.0
2000-01-20 00:00:00+09:00,454.0925460721818,454.0925460721818,451.874755859375,451.874755859375,2000,0.0,0.0
2000-01-21 00:00:00+09:00,454.6471862792969,457.4194252200243,454.6471862792969,454.6471862792969,5000,0.0,0.0
2000-01-24 00:00:00+09:00,454.0926104736328,454.0926104736328,443.55810546875,443.55810546875,3000,0.0,0.0
2000-01-25 00:00:00+09:00,449.10255270565256,471.28045654296875,449.10255270565256,471.28045654296875,9000,0.0,0.0
2000-01-26 00:00:00+09:00,476.8252161506356,526.7255294687253,476.8252161506356,526.1710815429688,29000,0.0,0.0
2000-01-27 00:00:00+09:00,543.3587895365595,582.1701316463137,542.8043417921344,571.0811767578125,32000,0.0,0.0
2000-01-28 00:00:00+09:00,587.7145896849594,681.970703125,587.7145896849594,681.970703125,72000,0.0,0.0
2000-01-31 00:00:00+09:00,715.2375496817635,792.8602294921875,709.6930725524476,792.8602294921875,52000,0.0,0.0
2000-02-01 00:00:00+09:00,870.4828150255926,876.0272915544181,792.8601436220366,803.9490966796875,69000,0.0,0.0
2000-02-02 00:00:00+09:00,792.8602478027343,792.8602478027343,720.7820434570312,720.7820434570312,19000,0.0,0.0
2000-02-03 00:00:00+09:00,754.0490006510416,831.6716918945312,748.5045227050781,831.6716918945312,25000,0.0,0.0
2000-02-04 00:00:00+09:00,864.9384416852679,864.9384416852679,803.949192592076,815.0381469726562,15000,0.0,0.0
2000-02-07 00:00:00+09:00,809.493443467882,809.493443467882,748.5042114257812,748.5042114257812,6000,0.0,0.0
2000-02-08 00:00:00+09:00,748.5043152766442,748.5043152766442,681.9705983631646,742.9598388671875,20000,0.0,0.0
2000-02-09 00:00:00+09:00,748.5044403076172,748.5044403076172,665.3372802734375,665.3372802734375,19000,0.0,0.0
2000-02-10 00:00:00+09:00,693.0596571702223,748.5044297438401,693.0596571702223,720.7820434570312,6000,0.0,0.0
2000-02-11 00:00:00+09:00,720.7820434570312,720.7820434570312,720.7820434570312,720.7820434570312,0,0.0,0.0
2000-02-14 00:00:00+09:00,681.9704933166504,709.69287109375,681.9704933166504,709.69287109375,5000,0.0,0.0
2000-02-15 00:00:00+09:00,687.5151993189103,687.5151993189103,648.703857421875,648.703857421875,5000,0.0,0.0
2000-02-16 00:00:00+09:00,648.7036743164064,654.2481501652645,576.62548828125,576.62548828125,11000,0.0,0.0
2000-02-17 00:00:00+09:00,576.6256510416667,648.703857421875,576.6256510416667,648.703857421875,9000,0.0,0.0
2000-02-18 00:00:00+09:00,665.337194223873,720.7819604091957,665.337194223873,676.4261474609375,10000,0.0,0.0
2000-02-21 00:00:00+09:00,693.0597860982099,715.2376992533526,676.4263512318529,704.1487426757812,28000,0.0,0.0
2000-02-22 00:00:00+09:00,709.6929804104478,754.0487916861008,698.6040275915345,742.9598388671875,58000,0.0,0.0
2000-02-23 00:00:00+09:00,754.0490629944619,887.116544699367,748.5045845900909,876.027587890625,86000,0.0,0.0
2000-02-24 00:00:00+09:00,881.5719594147246,1070.0842023084392,870.4830039503885,981.37255859375,126000,0.0,0.0
2000-02-25 00:00:00+09:00,970.2833621087902,998.0057438833271,914.8385985597165,925.9275512695312,40000,0.0,0.0
2000-02-28 00:00:00+09:00,925.9275803138469,925.9275803138469,803.9490966796874,803.9490966796875,44000,0.0,0.0
2000-02-29 00:00:00+09:00,803.9491260499883,803.9491260499883,737.4154052734376,737.4154052734375,18000,0.0,0.0
2000-03-01 00:00:00+09:00,748.5045227050781,870.4830375162761,731.8710888671875,831.6716918945312,42000,0.0,0.0
2000-03-02 00:00:00+09:00,859.3939227822386,942.5610765998746,859.3939227822386,898.2052612304688,38000,0.0,0.0
2000-03-03 00:00:00+09:00,909.2943831380209,909.2943831380209,820.5827360026042,831.6716918945312,17000,0.0,0.0
2000-03-06 00:00:00+09:00,837.2159864382637,837.2159864382637,720.7819750792999,737.4154052734375,11000,0.0,0.0
2000-03-07 00:00:00+09:00,737.4156124084953,737.4156124084953,693.0597860982099,704.1487426757812,19000,0.0,0.0
2000-03-08 00:00:00+09:00,698.6041259765626,720.7820347377233,681.970694405692,698.6041259765625,23000,0.0,0.0
2000-03-09 00:00:00+09:00,709.6930885036497,765.1378610429973,693.0596567418454,759.5933837890625,15000,0.0,0.0
2000-03-10 00:00:00+09:00,776.2268505508094,792.8602830626124,770.6823730468751,770.682373046875,23000,0.0,0.0
2000-03-13 00:00:00+09:00,770.6823496500651,787.3157816569011,637.6148935953776,665.3372802734375,28000,0.0,0.0
2000-03-14 00:00:00+09:00,609.8923039840439,654.2481079101562,609.8923039840439,654.2481079101562,7000,0.0,0.0
2000-03-15 00:00:00+09:00,659.7928029378255,670.8817576090495,654.2483256022135,665.3372802734375,13000,0.0,0.0
2000-03-16 00:00:00+09:00,659.7928029378255,665.3372802734375,654.2483256022135,665.3372802734375,9000,0.0,0.0
2000-03-17 00:00:00+09:00,670.8815422058105,720.7818222045898,665.3370666503906,709.69287109375,27000,0.0,0.0
2000-03-20 00:00:00+09:00,709.69287109375,709.69287109375,709.69287109375,709.69287109375,0,0.0,0.0
2000-03-21 00:00:00+09:00,709.6930894308944,709.6930894308944,681.970703125,681.970703125,8000,0.0,0.0
2000-03-22 00:00:00+09:00,693.0596767327725,693.0596767327725,648.703857421875,648.703857421875,10000,0.0,0.0
2000-03-23 00:00:00+09:00,637.6150512695312,637.6150512695312,626.526093856148,637.6150512695312,5000,0.0,0.0
2000-03-24 00:00:00+09:00,637.614814213344,637.614814213344,620.9813842773438,620.9813842773438,5000,0.0,0.0
2000-03-27 00:00:00+09:00,620.9814196134869,632.0703735351562,620.9814196134869,632.0703735351562,5000,0.0,0.0
2000-03-28 00:00:00+09:00,632.0703735351562,632.0703735351562,626.5258965743216,632.0703735351562,4000,0.0,0.0
2000-03-29 00:00:00+09:00,620.9815169868119,620.9815169868119,593.259127835615,604.3480834960938,14000,0.0,0.0
2000-03-30 00:00:00+09:00,587.7146437872024,593.2591215587797,576.6256882440476,582.170166015625,7000,0.0,0.0
2000-03-31 00:00:00+09:00,565.5367712402344,571.0812493896484,551.6755758666992,554.4478149414062,21000,0.0,0.0
2000-04-03 00:00:00+09:00,554.4477982954545,554.4477982954545,548.9033203125,548.9033203125,9000,0.0,0.0
2000-04-04 00:00:00+09:00,548.9033479317607,548.9033479317607,493.4585653123909,496.2308044433594,21000,0.0,0.0
2000-04-05 00:00:00+09:00,482.3695559529863,482.3695559529863,443.5582123705621,468.50836181640625,19000,0.0,0.0
2000-04-06 00:00:00+09:00,471.28049871894746,493.45840454101557,468.50826049118893,493.4584045410156,18000,0.0,0.0
2000-04-07 00:00:00+09:00,510.0919980649595,598.8036499023438,510.0919980649595,598.8036499023438,17000,0.0,0.0
2000-04-10 00:00:00+09:00,598.8035318192525,598.8035318192525,543.3587603545069,551.6754760742188,10000,0.0,0.0
2000-04-11 00:00:00+09:00,546.131047514296,546.131047514296,523.9531369553398,537.8143310546875,12000,0.0,0.0
2000-04-12 00:00:00+09:00,537.8143804931641,554.4478149414062,537.8143804931641,554.4478149414062,9000,0.0,0.0
2000-04-13 00:00:00+09:00,559.9922930908203,559.9922930908203,554.4478149414062,554.4478149414062,4000,0.0,0.0
2000-04-14 00:00:00+09:00,543.3588423295455,554.4477982954545,543.3588423295455,548.9033203125,7000,0.0,0.0
2000-04-17 00:00:00+09:00,537.8142825121072,537.8142825121072,471.2805568405063,474.05279541015625,24000,0.0,0.0
2000-04-18 00:00:00+09:00,482.3695983886718,487.91407653107035,479.5973593174726,482.3695983886719,6000,0.0,0.0
2000-04-19 00:00:00+09:00,493.45835529674184,499.00283119895244,487.9138793945313,487.91387939453125,5000,0.0,0.0
2000-04-20 00:00:00+09:00,487.9139280854985,493.45840454101557,482.36945162998154,493.4584045410156,9000,0.0,0.0
2000-04-21 00:00:00+09:00,490.6861423031315,512.8640470399962,490.6861423031315,504.5473327636719,7000,0.0,0.0
2000-04-24 00:00:00+09:00,504.5475218362648,504.5475218362648,496.2308044433593,496.2308044433594,16000,0.0,0.0
2000-04-25 00:00:00+09:00,496.2306427687741,499.0028809965326,493.45840454101557,493.4584045410156,8000,0.0,0.0
2000-04-26 00:00:00+09:00,491.79501252607866,491.79501252607866,487.9138793945313,487.91387939453125,5000,0.0,0.0
2000-04-27 00:00:00+09:00,479.5973593174726,482.3695983886718,479.5973593174726,482.3695983886719,5000,0.0,0.0
2000-04-28 00:00:00+09:00,485.1418374598711,485.1418374598711,482.3695983886718,482.3695983886719,5000,0.0,0.0
2000-05-01 00:00:00+09:00,479.59735107421875,479.59735107421875,479.59735107421875,479.59735107421875,2000,0.0,0.0
2000-05-02 00:00:00+09:00,479.5973120401072,479.5973120401072,476.82507324218756,476.8250732421875,8000,0.0,0.0
2000-05-03 00:00:00+09:00,476.82507324218756,476.82507324218756,476.82507324218756,476.8250732421875,0,0.0,0.0
2000-05-04 00:00:00+09:00,476.82507324218756,476.82507324218756,476.82507324218756,476.8250732421875,0,0.0,0.0
2000-05-05 00:00:00+09:00,476.82507324218756,476.82507324218756,476.82507324218756,476.8250732421875,0,0.0,0.0
2000-05-08 00:00:00+09:00,474.0527954101563,476.82503397980634,474.0527954101563,474.05279541015625,6000,0.0,0.0
2000-05-09 00:00:00+09:00,474.0527954101563,474.0527954101563,474.0527954101563,474.05279541015625,0,0.0,0.0
2000-05-10 00:00:00+09:00,476.82501199237066,476.82501199237066,472.94387817382807,472.9438781738281,4000,0.0,0.0
2000-05-11 00:00:00+09:00,472.94394394011186,472.94394394011186,468.5083618164062,468.50836181640625,6000,0.0,0.0
2000-05-12 00:00:00+09:00,468.5082568736762,469.06270451494686,466.29046630859375,466.29046630859375,5000,0.0,0.0
2000-05-15 00:00:00+09:00,469.06270451494686,469.06270451494686,466.29046630859375,466.29046630859375,4000,0.0,0.0
2000-05-16 00:00:00+09:00,468.508251989673,468.508251989673,462.9637756347656,462.9637756347656,9000,0.0,0.0
2000-05-17 00:00:00+09:00,462.96383674241014,466.84497070312494,462.4093890337366,466.844970703125,7000,0.0,0.0
2000-05-18 00:00:00+09:00,465.18155694065325,465.73600456513554,460.1915283203125,460.1915283203125,15000,0.0,0.0
2000-05-19 00:00:00+09:00,460.1916641607517,460.1916641607517,454.6471862792969,454.6471862792969,12000,0.0,0.0
2000-05-22 00:00:00+09:00,451.87481994628905,454.6470581054687,438.0136291503906,443.55810546875,12000,0.0,0.0
2000-05-23 00:00:00+09:00,443.5582305163872,454.6471862792969,443.5582305163872,454.6471862792969,28000,0.0,0.0
2000-05-24 00:00:00+09:00,454.6471339370266,457.4193725585938,449.1026566938921,457.41937255859375,9000,0.0,0.0
2000-05-25 00:00:00+09:00,460.19153745731194,468.508251989673,460.19153745731194,462.9637756347656,29000,0.0,0.0
2000-05-26 00:00:00+09:00,460.19161118016103,465.7360884232955,454.6471339370266,457.41937255859375,14000,0.0,0.0
2000-05-29 00:00:00+09:00,454.6470581054687,454.6470581054687,443.55810546875,443.55810546875,9000,0.0,0.0
2000-05-30 00:00:00+09:00,443.55810546875,443.55810546875,443.55810546875,443.55810546875,0,0.0,0.0
2000-05-31 00:00:00+09:00,440.78603314749796,440.78603314749796,438.01379394531244,438.0137939453125,5000,0.0,0.0
2000-06-01 00:00:00+09:00,432.4691772460938,432.4691772460938,432.4691772460938,432.46917724609375,3000,0.0,0.0
2000-06-02 00:00:00+09:00,435.2415547431269,438.01379394531244,432.4693155409414,438.0137939453125,9000,0.0,0.0
2000-06-05 00:00:00+09:00,438.0137413552722,440.7859802246094,438.0137413552722,440.7859802246094,6000,0.0,0.0
2000-06-06 00:00:00+09:00,440.78589219313403,443.55813050881414,432.4691772460938,432.46917724609375,8000,0.0,0.0
2000-06-07 00:00:00+09:00,432.4693155409414,440.78603314749796,432.4693155409414,438.0137939453125,4000,0.0,0.0
2000-06-08 00:00:00+09:00,438.0136291503906,443.55810546875,438.0136291503906,443.55810546875,6000,0.0,0.0
2000-06-09 00:00:00+09:00,443.55809958584337,460.1915283203125,443.55809958584337,460.1915283203125,23000,0.0,0.0
2000-06-12 00:00:00+09:00,460.1916440983408,537.8143310546875,460.1916440983408,537.8143310546875,57000,0.0,0.0
2000-06-13 00:00:00+09:00,543.3588256835938,587.7146481883769,543.3588256835938,543.3588256835938,25000,0.0,0.0
2000-06-14 00:00:00+09:00,548.9032863341656,548.9032863341656,521.1808981354703,537.8143310546875,21000,0.0,0.0
2000-06-15 00:00:00+09:00,543.3588586425782,582.1702056884766,543.3588586425782,554.4478149414062,19000,0.0,0.0
2000-06-16 00:00:00+09:00,571.0811594046799,571.0811594046799,559.9922048531326,565.5366821289062,10000,0.0,0.0
2000-06-19 00:00:00+09:00,571.0810124323918,576.62548828125,565.5365365835337,576.62548828125,10000,0.0,0.0
2000-06-20 00:00:00+09:00,571.0810124323918,576.62548828125,571.0810124323918,576.62548828125,8000,0.0,0.0
2000-06-21 00:00:00+09:00,576.6256882440476,582.170166015625,576.6256882440476,582.170166015625,6000,0.0,0.0
2000-06-22 00:00:00+09:00,593.2590010506766,620.9813842773438,582.1700477600098,620.9813842773438,24000,0.0,0.0
2000-06-23 00:00:00+09:00,620.981473756068,620.981473756068,571.0811767578125,571.0811767578125,17000,0.0,0.0
2000-06-26 00:00:00+09:00,559.9921868506899,559.9921868506899,521.1808471679688,521.1808471679688,9000,0.0,0.0
2000-06-27 00:00:00+09:00,515.6364087301588,523.953125,510.09193121693124,523.953125,16000,0.0,0.0
2000-06-28 00:00:00+09:00,554.4478149414062,559.9922930908203,537.8143804931641,554.4478149414062,15000,0.0,0.0
2000-06-29 00:00:00+09:00,554.4476483319257,626.525842615076,554.4476483319257,615.4368896484375,56000,0.0,0.0
2000-06-30 00:00:00+09:00,609.8926063820169,620.9815628616899,598.8036499023438,598.8036499023438,25000,0.0,0.0
2000-07-03 00:00:00+09:00,609.8925170898438,615.4369945179332,598.8035622336647,609.8925170898438,28000,0.0,0.0
2000-07-04 00:00:00+09:00,609.8926063820169,609.8926063820169,598.8036499023438,598.8036499023438,15000,0.0,0.0
2000-07-05 00:00:00+09:00,598.8035543189859,598.8035543189859,587.714599609375,587.714599609375,11000,0.0,0.0
2000-07-06 00:00:00+09:00,582.1701316463137,582.1701316463137,571.0811767578125,571.0811767578125,5000,0.0,0.0
2000-07-07 00:00:00+09:00,587.7146090905644,587.7146090905644,565.5366993135619,571.0811767578125,9000,0.0,0.0
2000-07-10 00:00:00+09:00,571.0812493896484,571.0812493896484,548.9033367919922,554.4478149414062,14000,0.0,0.0
2000-07-11 00:00:00+09:00,559.9922867534317,604.3481114467728,559.9922867534317,593.2591552734375,30000,0.0,0.0
2000-07-12 00:00:00+09:00,593.259086534815,593.259086534815,565.5366993135619,571.0811767578125,13000,0.0,0.0
2000-07-13 00:00:00+09:00,559.9922930908203,559.9922930908203,554.4478149414062,554.4478149414062,4000,0.0,0.0
2000-07-14 00:00:00+09:00,554.4478149414062,554.4478149414062,548.9033367919922,554.4478149414062,10000,0.0,0.0
2000-07-17 00:00:00+09:00,554.4479209498355,554.4479209498355,526.7255249023438,526.7255249023438,11000,0.0,0.0
2000-07-18 00:00:00+09:00,521.1808425239894,521.1808425239894,507.3196499036706,510.0918884277344,9000,0.0,0.0
2000-07-19 00:00:00+09:00,521.1808425239894,521.1808425239894,507.3196499036706,510.0918884277344,9000,0.0,0.0
2000-07-20 00:00:00+09:00,510.0918884277344,510.0918884277344,510.0918884277344,510.0918884277344,0,0.0,0.0
2000-07-21 00:00:00+09:00,499.00283119895244,499.00283119895244,482.3694034923207,487.91387939453125,7000,0.0,0.0
2000-07-24 00:00:00+09:00,476.8249275901101,493.45835529674184,471.28045168789953,487.91387939453125,11000,0.0,0.0
2000-07-25 00:00:00+09:00,499.0029602050781,499.0029602050781,499.0029602050781,499.0029602050781,4000,0.0,0.0
2000-07-26 00:00:00+09:00,499.00319584080427,510.0921557483777,499.00319584080427,507.3199157714844,10000,0.0,0.0
2000-07-27 00:00:00+09:00,507.3195450522683,507.3195450522683,487.9138793945313,487.91387939453125,6000,0.0,0.0
2000-07-28 00:00:00+09:00,487.9139095444277,487.9139095444277,460.1915283203125,460.1915283203125,6000,0.0,0.0
2000-07-31 00:00:00+09:00,460.1915844575858,460.1915844575858,443.5581536940586,449.1026306152344,18000,0.0,0.0
2000-08-01 00:00:00+09:00,443.55810546875,443.55810546875,443.55810546875,443.55810546875,3000,0.0,0.0
2000-08-02 00:00:00+09:00,443.55810546875,446.33034362792966,443.55810546875,443.55810546875,5000,0.0,0.0
2000-08-03 00:00:00+09:00,440.7858673095703,446.33034362792966,440.7858673095703,443.55810546875,13000,0.0,0.0
2000-08-04 00:00:00+09:00,446.33039215464646,454.6471075364101,446.33039215464646,449.1026306152344,14000,0.0,0.0
2000-08-07 00:00:00+09:00,451.874755859375,457.4192313913919,449.1025180933666,451.874755859375,6000,0.0,0.0
2000-08-08 00:00:00+09:00,454.6471339370266,460.19161118016103,454.6471339370266,457.41937255859375,3000,0.0,0.0
2000-08-09 00:00:00+09:00,454.6470402308873,465.7359924316406,454.6470402308873,465.7359924316406,5000,0.0,0.0
2000-08-10 00:00:00+09:00,465.7359924316406,465.7359924316406,465.7359924316406,465.7359924316406,2000,0.0,0.0
2000-08-11 00:00:00+09:00,457.419290197901,460.1915283203125,457.419290197901,460.1915283203125,3000,0.0,0.0
2000-08-14 00:00:00+09:00,457.4193725585938,460.19161118016103,457.4193725585938,457.41937255859375,5000,0.0,0.0
2000-08-15 00:00:00+09:00,457.4193725585938,460.19161118016103,457.4193725585938,457.41937255859375,7000,0.0,0.0
2000-08-16 00:00:00+09:00,457.41929927985825,462.9637756347656,454.64706110240456,462.9637756347656,10000,0.0,0.0
2000-08-17 00:00:00+09:00,462.963766442724,462.963766442724,460.1915283203125,460.1915283203125,3000,0.0,0.0
2000-08-18 00:00:00+09:00,465.73607970120617,474.0527954101563,465.73607970120617,474.05279541015625,3000,0.0,0.0
2000-08-21 00:00:00+09:00,471.28063400356757,479.59735107421875,471.28063400356757,479.59735107421875,3000,0.0,0.0
2000-08-22 00:00:00+09:00,482.3694034923207,487.9138793945313,482.3694034923207,487.91387939453125,11000,0.0,0.0
2000-08-23 00:00:00+09:00,490.68614292144775,532.2697143554688,490.68614292144775,532.2697143554688,10000,0.0,0.0
2000-08-24 00:00:00+09:00,532.2697143554688,543.3586667378744,526.725238164266,532.2697143554688,11000,0.0,0.0
2000-08-25 00:00:00+09:00,537.8143478704959,554.4477813097895,537.8143478704959,543.3588256835938,11000,0.0,0.0
2000-08-28 00:00:00+09:00,551.6754760742188,551.6754760742188,543.3587603545069,551.6754760742188,15000,0.0,0.0
2000-08-29 00:00:00+09:00,543.3588256835938,543.3588256835938,543.3588256835938,543.3588256835938,4000,0.0,0.0
2000-08-30 00:00:00+09:00,543.3588086944266,543.3588086944266,537.8143310546875,537.8143310546875,4000,0.0,0.0
2000-08-31 00:00:00+09:00,537.8141905466715,537.8141905466715,532.2697143554688,532.2697143554688,2000,0.0,0.0
2000-09-01 00:00:00+09:00,537.8141905466715,537.8141905466715,532.2697143554688,532.2697143554688,4000,0.0,0.0
2000-09-04 00:00:00+09:00,540.586569874557,543.3588086944266,535.0420922348179,537.8143310546875,5000,0.0,0.0
2000-09-05 00:00:00+09:00,535.0420399117977,535.0420399117977,521.1808471679688,521.1808471679688,8000,0.0,0.0
2000-09-06 00:00:00+09:00,515.636474609375,515.636474609375,515.636474609375,515.636474609375,2000,0.0,0.0
2000-09-07 00:00:00+09:00,504.547307101163,504.547307101163,487.9138793945313,487.91387939453125,3000,0.0,0.0
2000-09-08 00:00:00+09:00,482.36944287694143,482.36944287694143,460.19153745731194,462.9637756347656,9000,0.0,0.0
2000-09-11 00:00:00+09:00,460.1915283203125,460.1915283203125,460.1915283203125,460.1915283203125,1000,0.0,0.0
2000-09-12 00:00:00+09:00,454.6471075364101,454.6471075364101,443.5581536940586,449.1026306152344,10000,0.0,0.0
2000-09-13 00:00:00+09:00,451.874755859375,451.874755859375,451.874755859375,451.874755859375,1000,0.0,0.0
2000-09-14 00:00:00+09:00,451.874755859375,451.874755859375,451.874755859375,451.874755859375,3000,0.0,0.0
2000-09-15 00:00:00+09:00,451.874755859375,451.874755859375,451.874755859375,451.874755859375,0,0.0,0.0
2000-09-18 00:00:00+09:00,451.8748953154593,457.4193725585938,451.8748953154593,457.41937255859375,2000,0.0,0.0
2000-09-19 00:00:00+09:00,457.4193725585938,457.4193725585938,457.4193725585938,457.41937255859375,4000,0.0,0.0
2000-09-20 00:00:00+09:00,457.4194252200243,457.4194252200243,454.6471862792969,454.6471862792969,2000,0.0,0.0
2000-09-21 00:00:00+09:00,454.6471862792969,457.4194252200243,454.6471862792969,454.6471862792969,5000,0.0,0.0
2000-09-22 00:00:00+09:00,454.6470286649816,471.28045654296875,454.6470286649816,471.28045654296875,16000,0.0,0.0
2000-09-25 00:00:00+09:00,471.28059564634816,476.82507324218756,471.28059564634816,476.8250732421875,4000,0.0,0.0
2000-09-26 00:00:00+09:00,471.28045654296875,471.28045654296875,471.28045654296875,471.28045654296875,5000,0.0,0.0
2000-09-27 00:00:00+09:00,449.1025180933666,451.874755859375,449.1025180933666,451.874755859375,2000,0.0,0.0
2000-09-28 00:00:00+09:00,454.64706110240456,462.9637756347656,454.64706110240456,462.9637756347656,8000,0.0,0.0
2000-09-29 00:00:00+09:00,465.7360138122193,465.7360138122193,462.9637756347656,462.9637756347656,4000,0.0,0.0
2000-10-02 00:00:00+09:00,460.1916641607517,460.1916641607517,454.6471862792969,454.6471862792969,6000,0.0,0.0
2000-10-03 00:00:00+09:00,457.4194252200243,457.4194252200243,454.6471862792969,454.6471862792969,2000,0.0,0.0
2000-10-04 00:00:00+09:00,457.41934599699795,457.41934599699795,449.1026306152344,449.1026306152344,7000,0.0,0.0
2000-10-05 00:00:00+09:00,443.5582305163872,454.6471862792969,443.5582305163872,454.6471862792969,2000,0.0,0.0
2000-10-06 00:00:00+09:00,449.1025180933666,451.874755859375,449.1025180933666,451.874755859375,3000,0.0,0.0
2000-10-09 00:00:00+09:00,451.874755859375,451.874755859375,451.874755859375,451.874755859375,0,0.0,0.0
2000-10-10 00:00:00+09:00,454.6471075364101,454.6471075364101,449.1026306152344,449.1026306152344,5000,0.0,0.0
2000-10-11 00:00:00+09:00,449.1025817871094,449.1025817871094,443.55810546875,443.55810546875,7000,0.0,0.0
2000-10-12 00:00:00+09:00,443.5582723496835,443.5582723496835,438.01379394531244,438.0137939453125,5000,0.0,0.0
2000-10-13 00:00:00+09:00,432.4692797851563,432.4692797851563,413.06360697428386,415.8358459472656,11000,0.0,0.0
2000-10-16 00:00:00+09:00,415.8358459472656,415.8358459472656,415.8358459472656,415.8358459472656,0,0.0,0.0
2000-10-17 00:00:00+09:00,426.92472598427224,426.92472598427224,421.38024902343756,421.3802490234375,5000,0.0,0.0
2000-10-18 00:00:00+09:00,418.60799794382865,426.9247131347656,413.06352114987067,426.9247131347656,20000,0.0,0.0
2000-10-19 00:00:00+09:00,424.1525136639995,438.01370692099295,421.3802750126008,429.6969909667969,12000,0.0,0.0
2000-10-20 00:00:00+09:00,429.6969389304137,449.1026071401743,429.6969389304137,432.46917724609375,22000,0.0,0.0
2000-10-23 00:00:00+09:00,435.24145049051515,435.24145049051515,421.38025779973447,424.1524963378906,8000,0.0,0.0
2000-10-24 00:00:00+09:00,426.9247348760467,426.9247348760467,424.15249633789057,424.1524963378906,4000,0.0,0.0
2000-10-25 00:00:00+09:00,424.15247473778663,426.9247131347656,424.15247473778663,426.9247131347656,6000,0.0,0.0
2000-10-26 00:00:00+09:00,431.43652954101566,431.43652954101566,422.97698974609375,422.97698974609375,10000,13.0,0.0
2000-10-27 00:00:00+09:00,422.97698974609375,422.97698974609375,422.97698974609375,422.97698974609375,0,0.0,0.0
2000-10-30 00:00:00+09:00,425.7968444824219,425.7968444824219,425.7968444824219,425.7968444824219,1000,0.0,0.0
2000-10-31 00:00:00+09:00,422.9769978302204,425.7968444824219,422.9769978302204,425.7968444824219,2000,0.0,0.0
2000-11-01 00:00:00+09:00,428.6166381835938,428.6166381835938,428.6166381835938,428.61663818359375,1000,0.0,0.0
2000-11-02 00:00:00+09:00,425.2329406738281,425.2329406738281,425.2329406738281,425.2329406738281,3000,0.0,0.0
2000-11-03 00:00:00+09:00,425.2329406738281,425.2329406738281,425.2329406738281,425.2329406738281,0,0.0,0.0
2000-11-06 00:00:00+09:00,427.488699662058,428.6166381835938,422.9769455759149,428.61663818359375,14000,0.0,0.0
2000-11-07 00:00:00+09:00,428.6166115785257,439.89599609375006,428.6166115785257,439.89599609375,11000,0.0,0.0
2000-11-08 00:00:00+09:00,445.53577466280956,448.3556213378906,445.53577466280956,448.3556213378906,6000,0.0,0.0
2000-11-09 00:00:00+09:00,448.3556213378906,448.3556213378906,448.3556213378906,448.3556213378906,1000,0.0,0.0
2000-11-10 00:00:00+09:00,446.66363548716157,446.66363548716157,442.71585083007807,442.7158508300781,18000,0.0,0.0
2000-11-13 00:00:00+09:00,442.7158959706624,442.7158959706624,431.43651008605957,433.12841796875,14000,0.0,0.0
2000-11-14 00:00:00+09:00,433.1283922697369,433.1283922697369,425.7967918797544,428.61663818359375,5000,0.0,0.0
2000-11-15 00:00:00+09:00,428.6166381835938,428.6166381835938,425.7967918797544,428.61663818359375,4000,0.0,0.0
2000-11-16 00:00:00+09:00,422.97691139014995,428.05263432683176,414.5173731623469,417.33721923828125,30000,0.0,0.0
2000-11-17 00:00:00+09:00,422.97698974609375,422.97698974609375,422.97698974609375,422.97698974609375,1000,0.0,0.0
2000-11-20 00:00:00+09:00,417.33719752778944,420.15704345703125,417.33719752778944,420.15704345703125,2000,0.0,0.0
2000-11-21 00:00:00+09:00,411.6977067236395,413.3896151074353,410.00579833984375,410.00579833984375,6000,0.0,0.0
2000-11-22 00:00:00+09:00,414.5174255371094,414.5174255371094,414.5174255371094,414.5174255371094,13000,0.0,0.0
2000-11-23 00:00:00+09:00,414.5174255371094,414.5174255371094,414.5174255371094,414.5174255371094,0,0.0,0.0
2000-11-24 00:00:00+09:00,412.2615726725261,422.97698974609375,411.6976033528646,422.97698974609375,11000,0.0,0.0
2000-11-27 00:00:00+09:00,422.97698974609375,422.97698974609375,422.97698974609375,422.97698974609375,2000,0.0,0.0
2000-11-28 00:00:00+09:00,425.7968363444011,425.7968363444011,422.97698974609375,422.97698974609375,9000,0.0,0.0
2000-11-29 00:00:00+09:00,422.97698974609375,422.97698974609375,422.97698974609375,422.97698974609375,1000,0.0,0.0
2000-11-30 00:00:00+09:00,422.97688938627306,422.97688938627306,420.15704345703125,420.15704345703125,5000,0.0,0.0
2000-12-01 00:00:00+09:00,422.97698974609375,422.97698974609375,422.97698974609375,422.97698974609375,2000,0.0,0.0
2000-12-04 00:00:00+09:00,422.9769455759149,428.6166381835938,422.9769455759149,428.61663818359375,2000,0.0,0.0
2000-12-05 00:00:00+09:00,424.10492838541666,424.10492838541666,422.97698974609375,422.97698974609375,5000,0.0,0.0
2000-12-06 00:00:00+09:00,423.54088060533684,423.54088060533684,417.3372192382813,417.33721923828125,11000,0.0,0.0
2000-12-07 00:00:00+09:00,411.69764667087134,411.69764667087134,406.0579528808594,406.0579528808594,6000,0.0,0.0
2000-12-08 00:00:00+09:00,406.05788352272725,406.05788352272725,400.41819069602275,403.238037109375,11000,0.0,0.0
2000-12-11 00:00:00+09:00,397.5983191353934,397.5983191353934,391.95862666538784,394.7784729003906,22000,0.0,0.0
2000-12-12 00:00:00+09:00,389.1388244628906,394.77851757104844,389.1388244628906,389.1388244628906,7000,0.0,0.0
2000-12-13 00:00:00+09:00,378.4235118641573,383.4992370605469,378.4235118641573,383.4992370605469,5000,0.0,0.0
2000-12-14 00:00:00+09:00,380.6792297363281,388.0108297164352,380.6792297363281,380.6792297363281,5000,0.0,0.0
2000-12-15 00:00:00+09:00,383.4992370605469,386.31908439187447,383.4992370605469,383.4992370605469,5000,0.0,0.0
2000-12-18 00:00:00+09:00,389.1388244628906,389.1388244628906,389.1388244628906,389.1388244628906,4000,0.0,0.0
2000-12-19 00:00:00+09:00,386.3190307617188,389.13887770158533,383.4991838218522,386.31903076171875,7000,0.0,0.0
2000-12-20 00:00:00+09:00,383.49907588252313,383.49907588252313,380.6792297363281,380.6792297363281,7000,0.0,0.0
2000-12-21 00:00:00+09:00,372.2196292877197,372.2196292877197,360.94024658203125,360.94024658203125,17000,0.0,0.0
2000-12-22 00:00:00+09:00,366.5800451853919,366.5800451853919,355.30065917968756,355.3006591796875,13000,0.0,0.0
2000-12-25 00:00:00+09:00,349.66088867187506,349.66088867187506,344.02119691910286,349.660888671875,4000,0.0,0.0
2000-12-26 00:00:00+09:00,355.30076751708987,355.30076751708987,338.38168334960943,338.3816833496094,7000,0.0,0.0
2000-12-27 00:00:00+09:00,332.7419886271159,341.20153071085616,332.7419886271159,338.3816833496094,7000,0.0,0.0
2000-12-28 00:00:00+09:00,341.20135911844545,341.20135911844545,332.7418212890625,332.7418212890625,9000,0.0,0.0
2000-12-29 00:00:00+09:00,338.38168334960943,338.38168334960943,338.38168334960943,338.3816833496094,2000,0.0,0.0
2001-01-01 00:00:00+09:00,338.38168334960943,338.38168334960943,338.38168334960943,338.3816833496094,0,0.0,0.0
2001-01-02 00:00:00+09:00,338.38168334960943,338.38168334960943,338.38168334960943,338.3816833496094,0,0.0,0.0
2001-01-03 00:00:00+09:00,338.38168334960943,338.38168334960943,338.38168334960943,338.3816833496094,0,0.0,0.0
2001-01-04 00:00:00+09:00,332.7418212890625,332.7418212890625,332.7418212890625,332.7418212890625,2000,0.0,0.0
2001-01-05 00:00:00+09:00,338.38150516633067,349.66088867187506,332.7418134135585,349.660888671875,11000,0.0,0.0
2001-01-08 00:00:00+09:00,349.66088867187506,349.66088867187506,349.66088867187506,349.660888671875,0,0.0,0.0
2001-01-09 00:00:00+09:00,355.3005804246472,355.3005804246472,349.66088867187506,349.660888671875,5000,0.0,0.0
2001-01-10 00:00:00+09:00,346.8410556980821,346.8410556980821,344.0212097167968,344.0212097167969,4000,0.0,0.0
2001-01-11 00:00:00+09:00,341.2012939453125,341.2012939453125,341.2012939453125,341.2012939453125,1000,0.0,0.0
2001-01-12 00:00:00+09:00,332.7418431991186,332.7418431991186,329.9219970703125,329.9219970703125,7000,0.0,0.0
2001-01-15 00:00:00+09:00,327.10210555639026,327.10210555639026,307.9271545410156,307.9271545410156,9000,0.0,0.0
2001-01-16 00:00:00+09:00,310.1830994849111,310.1830994849111,284.8044822543275,287.62432861328125,25000,0.0,0.0
2001-01-17 00:00:00+09:00,290.4441599802928,318.64262211430184,289.31622149493245,313.0029296875,58000,0.0,0.0
2001-01-18 00:00:00+09:00,321.4625244140625,338.3816046463816,321.4625244140625,321.4625244140625,54000,0.0,0.0
2001-01-19 00:00:00+09:00,321.46244186651506,344.0212097167968,321.46244186651506,344.0212097167969,25000,0.0,0.0
2001-01-22 00:00:00+09:00,354.73661124937,354.73661124937,346.84104279548893,349.660888671875,18000,0.0,0.0
2001-01-23 00:00:00+09:00,349.660927734375,352.48077392578125,349.660927734375,352.48077392578125,6000,0.0,0.0
2001-01-24 00:00:00+09:00,355.300555229187,360.94024658203125,355.300555229187,360.94024658203125,8000,0.0,0.0
2001-01-25 00:00:00+09:00,363.7602054761804,389.1388244628906,363.7602054761804,389.1388244628906,16000,0.0,0.0
2001-01-26 00:00:00+09:00,386.31893419538227,394.7784729003906,386.31893419538227,394.7784729003906,17000,0.0,0.0
2001-01-29 00:00:00+09:00,400.4181933759832,417.3372719693346,391.9586540793075,414.5174255371094,10000,0.0,0.0
2001-01-30 00:00:00+09:00,425.79692772973937,453.99539976482146,425.79692772973937,445.5358581542969,51000,0.0,0.0
2001-01-31 00:00:00+09:00,442.71585083007807,442.71585083007807,437.07615846281595,442.7158508300781,12000,0.0,0.0
2001-02-01 00:00:00+09:00,439.896004646447,442.71585083007807,437.07615846281595,442.7158508300781,4000,0.0,0.0
2001-02-02 00:00:00+09:00,437.0762165543301,439.89606311274514,428.616676879085,431.4365234375,9000,0.0,0.0
2001-02-05 00:00:00+09:00,425.7968811459012,425.7968811459012,406.0579528808594,406.0579528808594,11000,0.0,0.0
2001-02-06 00:00:00+09:00,400.4182106792063,400.4182106792063,377.85943824657494,389.1388244628906,10000,0.0,0.0
2001-02-07 00:00:00+09:00,389.13887770158533,391.9587246414519,377.8594899421191,386.31903076171875,34000,0.0,0.0
2001-02-08 00:00:00+09:00,391.95876128764087,462.4549413753461,391.95876128764087,445.5358581542969,54000,0.0,0.0
2001-02-09 00:00:00+09:00,448.35566041527727,468.09458886123286,448.35566041527727,462.45489501953125,54000,0.0,0.0
2001-02-12 00:00:00+09:00,462.45489501953125,462.45489501953125,462.45489501953125,462.45489501953125,0,0.0,0.0
2001-02-13 00:00:00+09:00,468.09442605411306,479.3738098144531,462.454734173943,479.3738098144531,39000,0.0,0.0
2001-02-14 00:00:00+09:00,487.83351730718846,487.83351730718846,462.45489501953125,462.45489501953125,16000,0.0,0.0
2001-02-15 00:00:00+09:00,459.63493167095305,462.45477787752327,448.35554684467195,453.9952392578125,24000,0.0,0.0
2001-02-16 00:00:00+09:00,459.63497095932195,465.27466385452834,456.81512451171875,456.81512451171875,3000,0.0,0.0
2001-02-19 00:00:00+09:00,451.1753930512422,456.8150854643828,451.1753930512422,453.9952392578125,3000,0.0,0.0
2001-02-20 00:00:00+09:00,453.99531100443653,453.99531100443653,420.1571511780189,425.7968444824219,18000,0.0,0.0
2001-02-21 00:00:00+09:00,422.97698974609375,422.97698974609375,420.1571431477865,422.97698974609375,4000,0.0,0.0
2001-02-22 00:00:00+09:00,420.1571431477865,451.1754557291667,417.33729654947916,422.97698974609375,27000,0.0,0.0
2001-02-23 00:00:00+09:00,422.97698974609375,422.97698974609375,422.97698974609375,422.97698974609375,1000,0.0,0.0
2001-02-26 00:00:00+09:00,422.97698974609375,422.97698974609375,420.1571431477865,422.97698974609375,10000,0.0,0.0
2001-02-27 00:00:00+09:00,428.61658124475673,428.61658124475673,420.15704345703125,420.15704345703125,7000,0.0,0.0
2001-02-28 00:00:00+09:00,422.9770342508952,422.9770342508952,406.0579528808594,406.0579528808594,10000,0.0,0.0
2001-03-01 00:00:00+09:00,406.0578441351232,406.0578441351232,400.41815185546875,400.41815185546875,5000,0.0,0.0
2001-03-02 00:00:00+09:00,394.77851757104844,394.77851757104844,389.1388244628906,389.1388244628906,7000,0.0,0.0
2001-03-05 00:00:00+09:00,386.31897324782153,386.31897324782153,344.02127544696515,366.5800476074219,28000,0.0,0.0
2001-03-06 00:00:00+09:00,372.21974064753607,372.21974064753607,360.94035456730774,366.5800476074219,10000,0.0,0.0
2001-03-07 00:00:00+09:00,375.03957869655403,375.03957869655403,363.76019287109375,363.76019287109375,3000,0.0,0.0
2001-03-08 00:00:00+09:00,363.7602091781966,369.39990234375,363.7602091781966,369.39990234375,3000,0.0,0.0
2001-03-09 00:00:00+09:00,366.5799379348755,366.5799379348755,360.94024658203125,360.94024658203125,2000,0.0,0.0
2001-03-12 00:00:00+09:00,360.9403604822835,360.9403604822835,358.1205139160156,358.1205139160156,2000,0.0,0.0
2001-03-13 00:00:00+09:00,366.5800536148191,372.2197467473548,355.3006673497478,358.1205139160156,16000,0.0,0.0
2001-03-14 00:00:00+09:00,358.1205139160156,358.1205139160156,358.1205139160156,358.1205139160156,0,0.0,0.0
2001-03-15 00:00:00+09:00,363.7601407679116,363.7601407679116,346.841064453125,346.841064453125,4000,0.0,0.0
2001-03-16 00:00:00+09:00,346.841064453125,346.841064453125,346.841064453125,346.841064453125,1000,0.0,0.0
2001-03-19 00:00:00+09:00,355.30065917968756,355.30065917968756,355.30065917968756,355.3006591796875,1000,0.0,0.0
2001-03-20 00:00:00+09:00,355.30065917968756,355.30065917968756,355.30065917968756,355.3006591796875,0,0.0,0.0
2001-03-21 00:00:00+09:00,349.66088867187506,349.66088867187506,349.66088867187506,349.660888671875,1000,0.0,0.0
2001-03-22 00:00:00+09:00,363.7600978504527,377.8593264493075,363.7600978504527,372.2196350097656,13000,0.0,0.0
2001-03-23 00:00:00+09:00,375.03953744393806,380.6792297363281,375.03953744393806,380.6792297363281,15000,0.0,0.0
2001-03-26 00:00:00+09:00,386.3189779088117,389.1388244628906,386.3189779088117,389.1388244628906,4000,0.0,0.0
2001-03-27 00:00:00+09:00,389.1388244628906,389.1388244628906,389.1388244628906,389.1388244628906,3000,0.0,0.0
2001-03-28 00:00:00+09:00,394.7784950750337,394.7784950750337,391.9586486816406,391.9586486816406,4000,0.0,0.0
2001-03-29 00:00:00+09:00,391.9586486816406,391.9586486816406,391.9586486816406,391.9586486816406,1000,0.0,0.0
2001-03-30 00:00:00+09:00,394.7784729003906,394.7784729003906,394.7784729003906,394.7784729003906,1000,0.0,0.0
2001-04-02 00:00:00+09:00,394.77851757104844,394.77851757104844,389.1388244628906,389.1388244628906,6000,0.0,0.0
2001-04-03 00:00:00+09:00,391.9586143211082,391.9586143211082,380.6792297363281,380.6792297363281,8000,0.0,0.0
2001-04-04 00:00:00+09:00,372.21963500976557,372.21963500976557,372.21963500976557,372.2196350097656,2000,0.0,0.0
2001-04-05 00:00:00+09:00,377.859375,377.859375,377.859375,377.859375,3000,0.0,0.0
2001-04-06 00:00:00+09:00,372.21963500976557,372.21963500976557,372.21963500976557,372.2196350097656,11000,0.0,0.0
2001-04-09 00:00:00+09:00,372.21963500976557,372.21963500976557,372.21963500976557,372.2196350097656,2000,0.0,0.0
2001-04-10 00:00:00+09:00,369.399894127479,372.21974064753607,366.58004760742193,366.5800476074219,5000,0.0,0.0
2001-04-11 00:00:00+09:00,366.5800557609733,372.21974892652673,366.5800557609733,369.39990234375,4000,0.0,0.0
2001-04-12 00:00:00+09:00,369.3997836112976,369.3997836112976,360.94024658203125,360.94024658203125,21000,0.0,0.0
2001-04-13 00:00:00+09:00,355.30065917968756,363.7601986839658,352.48081267826143,355.3006591796875,12000,0.0,0.0
2001-04-16 00:00:00+09:00,358.1205160126432,369.39990234375,355.30066942986645,369.39990234375,4000,0.0,0.0
2001-04-17 00:00:00+09:00,372.2197509765625,439.8960693359375,369.3999043782552,422.97698974609375,37000,0.0,0.0
2001-04-18 00:00:00+09:00,411.6975474171824,434.2563171386719,411.6975474171824,434.2563171386719,13000,0.0,0.0
2001-04-19 00:00:00+09:00,434.2563076019287,462.4547691345215,434.2563076019287,451.1753845214844,15000,0.0,0.0
2001-04-20 00:00:00+09:00,451.1753845214844,451.1753845214844,442.71584606170654,451.1753845214844,9000,0.0,0.0
2001-04-23 00:00:00+09:00,439.8960777434292,439.8960777434292,425.7968444824219,425.7968444824219,9000,0.0,0.0
2001-04-24 00:00:00+09:00,425.7968363444011,434.2563761393229,422.97698974609375,422.97698974609375,16000,0.0,0.0
2001-04-25 00:00:00+09:00,428.6166381835938,434.25633079127266,428.6166381835938,428.61663818359375,4000,0.0,0.0
2001-04-26 00:00:00+09:00,428.6166381835938,434.25633079127266,428.6166381835938,428.61663818359375,4000,0.0,0.0
2001-04-27 00:00:00+09:00,448.35553448016833,448.35553448016833,439.89599609375006,439.89599609375,2000,0.0,0.0
2001-04-30 00:00:00+09:00,439.89599609375006,439.89599609375006,439.89599609375006,439.89599609375,0,0.0,0.0
2001-05-01 00:00:00+09:00,448.35547077224913,473.7340823253953,448.35547077224913,468.0943908691406,45000,0.0,0.0
2001-05-02 00:00:00+09:00,468.0943908691406,473.7340823253953,462.45469941288593,468.0943908691406,4000,0.0,0.0
2001-05-03 00:00:00+09:00,468.0943908691406,468.0943908691406,468.0943908691406,468.0943908691406,0,0.0,0.0
2001-05-04 00:00:00+09:00,468.0943908691406,468.0943908691406,468.0943908691406,468.0943908691406,0,0.0,0.0
2001-05-07 00:00:00+09:00,462.4547718784266,485.01354123834983,462.4547718784266,482.1936950683594,33000,0.0,0.0
2001-05-08 00:00:00+09:00,479.37384889836903,482.19369506835943,476.5540027283786,482.1936950683594,8000,0.0,0.0
2001-05-09 00:00:00+09:00,482.19380249729045,487.83349609375,479.3739556990607,487.83349609375,28000,0.0,0.0
2001-05-10 00:00:00+09:00,490.65332031250006,490.65332031250006,482.1937803071121,490.6533203125,23000,0.0,0.0
2001-05-11 00:00:00+09:00,485.0136169794749,485.0136169794749,473.73423053809177,476.5540771484375,16000,0.0,0.0
2001-05-14 00:00:00+09:00,471.4784051662538,476.5541296237853,459.63504809868044,462.45489501953125,14000,0.0,0.0
2001-05-15 00:00:00+09:00,459.63497095932195,459.63497095932195,456.81512451171875,456.81512451171875,2000,0.0,0.0
2001-05-16 00:00:00+09:00,448.3556213378906,448.3556213378906,439.89608131264737,448.3556213378906,4000,0.0,0.0
2001-05-17 00:00:00+09:00,439.89608131264737,448.3556213378906,439.89608131264737,448.3556213378906,3000,0.0,0.0
2001-05-18 00:00:00+09:00,456.81500795663123,468.0943908691406,456.81500795663123,468.0943908691406,5000,0.0,0.0
2001-05-21 00:00:00+09:00,462.45489501953125,462.45489501953125,462.45489501953125,462.45489501953125,2000,0.0,0.0
2001-05-22 00:00:00+09:00,465.2745177848208,465.2745177848208,459.6348266601563,459.63482666015625,9000,0.0,0.0
2001-05-23 00:00:00+09:00,459.63497095932195,459.63497095932195,456.81512451171875,456.81512451171875,4000,0.0,0.0
2001-05-24 00:00:00+09:00,456.8150854643828,456.8150854643828,448.35554684467195,453.9952392578125,5000,0.0,0.0
2001-05-25 00:00:00+09:00,456.81512451171875,456.81512451171875,456.81512451171875,456.81512451171875,2000,0.0,0.0
2001-05-28 00:00:00+09:00,459.63493167095305,459.63493167095305,453.9952392578125,453.9952392578125,4000,0.0,0.0
2001-05-29 00:00:00+09:00,462.45489501953125,462.45489501953125,462.45489501953125,462.45489501953125,2000,0.0,0.0
2001-05-30 00:00:00+09:00,459.6348266601563,459.6348266601563,459.6348266601563,459.63482666015625,2000,0.0,0.0
2001-05-31 00:00:00+09:00,459.63493167095305,459.63493167095305,451.1753930512422,453.9952392578125,5000,0.0,0.0
2001-06-01 00:00:00+09:00,445.5358581542968,445.5358581542968,445.5358581542968,445.5358581542969,1000,0.0,0.0
2001-06-04 00:00:00+09:00,451.1753845214844,451.1753845214844,451.1753845214844,451.1753845214844,1000,0.0,0.0
2001-06-05 00:00:00+09:00,446.66369628906244,446.66369628906244,446.66369628906244,446.6636962890625,1000,0.0,0.0
2001-06-06 00:00:00+09:00,451.1753845214844,451.1753845214844,451.1753845214844,451.1753845214844,1000,0.0,0.0
2001-06-07 00:00:00+09:00,451.1753845214844,451.1753845214844,451.1753845214844,451.1753845214844,1000,0.0,0.0
2001-06-08 00:00:00+09:00,451.1753845214844,451.1753845214844,451.1753845214844,451.1753845214844,1000,0.0,0.0
2001-06-11 00:00:00+09:00,451.1755525613132,451.1755525613132,445.5358581542968,445.5358581542969,4000,0.0,0.0
2001-06-12 00:00:00+09:00,445.5358581542968,445.5358581542968,445.5358581542968,445.5358581542969,2000,0.0,0.0
2001-06-13 00:00:00+09:00,442.71585083007807,442.71585083007807,442.71585083007807,442.7158508300781,1000,0.0,0.0
2001-06-14 00:00:00+09:00,445.5358581542968,445.5358581542968,445.5358581542968,445.5358581542969,1000,0.0,0.0
2001-06-15 00:00:00+09:00,439.896048859627,439.896048859627,437.0762023925781,437.0762023925781,4000,0.0,0.0
2001-06-18 00:00:00+09:00,431.4365234375,431.4365234375,431.4365234375,431.4365234375,2000,0.0,0.0
2001-06-19 00:00:00+09:00,428.61669113462335,431.4365377868248,425.7968444824219,425.7968444824219,4000,0.0,0.0
2001-06-20 00:00:00+09:00,420.1571155894886,420.1571155894886,394.7784978693182,403.238037109375,11000,0.0,0.0
2001-06-21 00:00:00+09:00,394.7786263858571,400.4183210485122,383.4992370605469,383.4992370605469,4000,0.0,0.0
2001-06-22 00:00:00+09:00,394.77850538684476,442.7158953266759,394.77850538684476,437.0762023925781,30000,0.0,0.0
2001-06-25 00:00:00+09:00,439.8959523623752,439.8959523623752,437.6400756835938,437.64007568359375,3000,0.0,0.0
2001-06-26 00:00:00+09:00,442.71592798772843,462.45485471329596,442.71592798772843,448.3556213378906,28000,0.0,0.0
2001-06-27 00:00:00+09:00,442.71584222255615,445.53568835136224,431.4364577073318,439.89599609375,20000,0.0,0.0
2001-06-28 00:00:00+09:00,442.71601095078864,445.5358581542968,442.71601095078864,445.5358581542969,3000,0.0,0.0
2001-06-29 00:00:00+09:00,448.3555383682251,453.99523067474365,448.3555383682251,451.1753845214844,19000,0.0,0.0
2001-07-02 00:00:00+09:00,448.3556213378906,448.3556213378906,448.3556213378906,448.3556213378906,1000,0.0,0.0
2001-07-03 00:00:00+09:00,445.5358581542968,445.5358581542968,445.5358581542968,445.5358581542969,1000,0.0,0.0
2001-07-04 00:00:00+09:00,445.5358581542968,445.5358581542968,445.5358581542968,445.5358581542969,1000,0.0,0.0
2001-07-05 00:00:00+09:00,439.89599609375006,439.89599609375006,439.89599609375006,439.89599609375,3000,0.0,0.0
2001-07-06 00:00:00+09:00,445.5357625325521,445.5357625325521,422.97698974609375,422.97698974609375,8000,0.0,0.0
2001-07-09 00:00:00+09:00,422.97698974609375,422.97698974609375,422.97698974609375,422.97698974609375,1000,0.0,0.0
2001-07-10 00:00:00+09:00,422.97698974609375,422.97698974609375,422.97698974609375,422.97698974609375,1000,0.0,0.0
2001-07-11 00:00:00+09:00,420.15704345703125,420.15704345703125,420.15704345703125,420.15704345703125,1000,0.0,0.0
2001-07-12 00:00:00+09:00,414.5174255371094,414.5174255371094,414.5174255371094,414.5174255371094,1000,0.0,0.0
2001-07-13 00:00:00+09:00,420.15704345703125,420.15704345703125,420.15704345703125,420.15704345703125,2000,0.0,0.0
2001-07-16 00:00:00+09:00,417.33719752778944,420.15704345703125,417.33719752778944,420.15704345703125,2000,0.0,0.0
2001-07-17 00:00:00+09:00,412.2616271972656,412.2616271972656,412.2616271972656,412.2616271972656,3000,0.0,0.0
2001-07-18 00:00:00+09:00,417.3372192382813,417.3372192382813,417.3372192382813,417.33721923828125,1000,0.0,0.0
2001-07-19 00:00:00+09:00,420.1571511780189,425.7968444824219,420.1571511780189,425.7968444824219,7000,0.0,0.0
2001-07-20 00:00:00+09:00,425.7968444824219,425.7968444824219,425.7968444824219,425.7968444824219,0,0.0,0.0
2001-07-23 00:00:00+09:00,420.15704345703125,420.15704345703125,420.15704345703125,420.15704345703125,1000,0.0,0.0
2001-07-24 00:00:00+09:00,403.80202283135776,417.3372861664871,403.80202283135776,408.87774658203125,6000,0.0,0.0
2001-07-25 00:00:00+09:00,406.0579528808594,406.0579528808594,403.2381059858534,406.0579528808594,3000,0.0,0.0
2001-07-26 00:00:00+09:00,400.41819069602275,403.238037109375,400.41819069602275,403.238037109375,2000,0.0,0.0
2001-07-27 00:00:00+09:00,406.0579528808594,406.0579528808594,400.41825909084747,406.0579528808594,4000,0.0,0.0
2001-07-30 00:00:00+09:00,414.5174255371094,414.5174255371094,414.5174255371094,414.5174255371094,2000,0.0,0.0
2001-07-31 00:00:00+09:00,403.8018798828125,403.8018798828125,403.8018798828125,403.8018798828125,1000,0.0,0.0
2001-08-01 00:00:00+09:00,403.23801160539904,403.23801160539904,394.7784729003906,394.7784729003906,2000,0.0,0.0
2001-08-02 00:00:00+09:00,394.7784729003906,394.7784729003906,394.7784729003906,394.7784729003906,1000,0.0,0.0
2001-08-03 00:00:00+09:00,389.7027365241252,400.41815185546875,389.7027365241252,400.41815185546875,2000,0.0,0.0
2001-08-06 00:00:00+09:00,398.16229248046875,398.16229248046875,398.16229248046875,398.16229248046875,2000,0.0,0.0
2001-08-07 00:00:00+09:00,394.7784729003906,394.7784729003906,394.7784729003906,394.7784729003906,1000,0.0,0.0
2001-08-08 00:00:00+09:00,400.41815185546875,400.41815185546875,400.41815185546875,400.41815185546875,1000,0.0,0.0
2001-08-09 00:00:00+09:00,394.7784729003906,394.7784729003906,394.7784729003906,394.7784729003906,4000,0.0,0.0
2001-08-10 00:00:00+09:00,397.598388671875,397.598388671875,397.598388671875,397.598388671875,1000,0.0,0.0
2001-08-13 00:00:00+09:00,391.9586486816406,391.9586486816406,391.9586486816406,391.9586486816406,1000,0.0,0.0
2001-08-14 00:00:00+09:00,392.5225830078125,392.5225830078125,392.5225830078125,392.5225830078125,2000,0.0,0.0
2001-08-15 00:00:00+09:00,391.9586486816406,391.9586486816406,391.9586486816406,391.9586486816406,1000,0.0,0.0
2001-08-16 00:00:00+09:00,391.9586486816406,391.9586486816406,391.9586486816406,391.9586486816406,1000,0.0,0.0
2001-08-17 00:00:00+09:00,389.1388244628906,389.1388244628906,389.1388244628906,389.1388244628906,1000,0.0,0.0
2001-08-20 00:00:00+09:00,380.6792848006539,389.1388244628906,380.6792848006539,389.1388244628906,2000,0.0,0.0
2001-08-21 00:00:00+09:00,389.1388244628906,389.1388244628906,389.1388244628906,389.1388244628906,1000,0.0,0.0
2001-08-22 00:00:00+09:00,391.95862666538784,394.7784729003906,391.95862666538784,394.7784729003906,9000,0.0,0.0
2001-08-23 00:00:00+09:00,397.598388671875,397.598388671875,397.598388671875,397.598388671875,1000,0.0,0.0
2001-08-24 00:00:00+09:00,389.1388244628906,389.1388244628906,389.1388244628906,389.1388244628906,1000,0.0,0.0
2001-08-27 00:00:00+09:00,397.598388671875,397.598388671875,397.598388671875,397.598388671875,2000,0.0,0.0
2001-08-28 00:00:00+09:00,389.1388244628906,397.5983641251274,389.1388244628906,389.1388244628906,9000,0.0,0.0
2001-08-29 00:00:00+09:00,391.9586486816406,391.9586486816406,391.9586486816406,391.9586486816406,1000,0.0,0.0
2001-08-30 00:00:00+09:00,383.4990178888494,383.4990178888494,372.21963500976557,372.2196350097656,4000,0.0,0.0
2001-08-31 00:00:00+09:00,366.58004760742193,366.58004760742193,366.58004760742193,366.5800476074219,1000,0.0,0.0
2001-09-03 00:00:00+09:00,372.21963500976557,372.21963500976557,372.21963500976557,372.2196350097656,1000,0.0,0.0
2001-09-04 00:00:00+09:00,366.58004760742193,366.58004760742193,366.58004760742193,366.5800476074219,4000,0.0,0.0
2001-09-05 00:00:00+09:00,366.58004760742193,366.58004760742193,366.58004760742193,366.5800476074219,2000,0.0,0.0
2001-09-06 00:00:00+09:00,366.58004760742193,366.58004760742193,366.58004760742193,366.5800476074219,3000,0.0,0.0
2001-09-07 00:00:00+09:00,366.5799379348755,366.5799379348755,360.94024658203125,360.94024658203125,2000,0.0,0.0
2001-09-10 00:00:00+09:00,358.1205139160156,358.1205139160156,358.1205139160156,358.1205139160156,1000,0.0,0.0
2001-09-11 00:00:00+09:00,363.7601986839658,363.7601986839658,355.30065917968756,355.3006591796875,3000,0.0,0.0
2001-09-12 00:00:00+09:00,338.38168334960943,338.38168334960943,338.38168334960943,338.3816833496094,2000,0.0,0.0
2001-09-13 00:00:00+09:00,338.38168334960943,338.38168334960943,338.38168334960943,338.3816833496094,2000,0.0,0.0
2001-09-14 00:00:00+09:00,324.28228345967955,332.7418212890625,324.28228345967955,332.7418212890625,2000,0.0,0.0
2001-09-17 00:00:00+09:00,332.7418212890625,332.7418212890625,321.4624375165519,332.7418212890625,2000,0.0,0.0
2001-09-18 00:00:00+09:00,327.1021728515625,327.1021728515625,327.1021728515625,327.1021728515625,1000,0.0,0.0
2001-09-19 00:00:00+09:00,327.1021728515625,327.1021728515625,327.1021728515625,327.1021728515625,1000,0.0,0.0
2001-09-20 00:00:00+09:00,329.92197534593487,332.7418212890625,329.92197534593487,332.7418212890625,3000,0.0,0.0
2001-09-21 00:00:00+09:00,340.6373248644112,341.2012939453125,332.7417577317924,341.2012939453125,6000,0.0,0.0
2001-09-24 00:00:00+09:00,341.2012939453125,341.2012939453125,341.2012939453125,341.2012939453125,0,0.0,0.0
2001-09-25 00:00:00+09:00,355.3005606911399,372.21963500976557,355.3005606911399,372.2196350097656,6000,0.0,0.0
2001-09-26 00:00:00+09:00,372.21963500976557,372.21963500976557,372.21963500976557,372.2196350097656,1000,0.0,0.0
2001-09-27 00:00:00+09:00,363.76019287109375,363.76019287109375,363.76019287109375,363.76019287109375,1000,0.0,0.0
2001-09-28 00:00:00+09:00,363.76019287109375,363.76019287109375,363.76019287109375,363.76019287109375,0,0.0,0.0
2001-10-01 00:00:00+09:00,360.9402721774194,364.3240872290827,346.84104279548893,349.660888671875,6000,0.0,0.0
2001-10-02 00:00:00+09:00,344.0212097167968,344.0212097167968,344.0212097167968,344.0212097167969,2000,0.0,0.0
2001-10-03 00:00:00+09:00,355.30065917968756,355.30065917968756,355.30065917968756,355.3006591796875,1000,0.0,0.0
2001-10-04 00:00:00+09:00,346.841064453125,349.6609105055894,346.841064453125,346.841064453125,6000,0.0,0.0
2001-10-05 00:00:00+09:00,341.20153071085616,344.0213780721029,338.38168334960943,338.3816833496094,4000,0.0,0.0
2001-10-08 00:00:00+09:00,338.38168334960943,338.38168334960943,338.38168334960943,338.3816833496094,0,0.0,0.0
2001-10-09 00:00:00+09:00,338.38168334960943,338.38168334960943,338.38168334960943,338.3816833496094,1000,0.0,0.0
2001-10-10 00:00:00+09:00,341.2012939453125,341.2012939453125,341.2012939453125,341.2012939453125,3000,0.0,0.0
2001-10-11 00:00:00+09:00,341.7654724121094,341.7654724121094,341.7654724121094,341.7654724121094,1000,0.0,0.0
2001-10-12 00:00:00+09:00,346.841064453125,346.841064453125,346.841064453125,346.841064453125,1000,0.0,0.0
2001-10-15 00:00:00+09:00,346.84108154296877,352.48077392578125,346.84108154296877,352.48077392578125,4000,0.0,0.0
2001-10-16 00:00:00+09:00,360.94045840992646,383.4992370605469,360.94045840992646,383.4992370605469,9000,0.0,0.0
2001-10-17 00:00:00+09:00,383.4992370605469,383.4992370605469,383.4992370605469,383.4992370605469,2000,0.0,0.0
2001-10-18 00:00:00+09:00,391.9586486816406,391.9586486816406,391.9586486816406,391.9586486816406,1000,0.0,0.0
2001-10-19 00:00:00+09:00,400.41819069602275,403.238037109375,394.7784978693182,403.238037109375,3000,0.0,0.0
2001-10-22 00:00:00+09:00,414.51738452911377,451.1753845214844,414.51738452911377,451.1753845214844,22000,0.0,0.0
2001-10-23 00:00:00+09:00,468.09446144104004,468.09446144104004,445.5356922149658,451.1753845214844,9000,0.0,0.0
2001-10-24 00:00:00+09:00,456.81512451171875,462.45481740692514,456.81512451171875,456.81512451171875,9000,0.0,0.0
2001-10-25 00:00:00+09:00,462.45489501953125,462.45489501953125,451.1755073361281,462.45489501953125,7000,0.0,0.0
2001-10-26 00:00:00+09:00,469.3229698181152,472.1846952438354,457.8760681152343,457.8760681152344,9000,12.0,0.0
2001-10-29 00:00:00+09:00,457.8760681152343,457.8760681152343,457.8760681152343,457.8760681152344,2000,0.0,0.0
2001-10-30 00:00:00+09:00,452.1526504907852,452.1526504907852,446.42919921874994,446.42919921875,2000,0.0,0.0
2001-10-31 00:00:00+09:00,432.12053982716685,432.12053982716685,424.6800537109375,424.6800537109375,3000,0.0,0.0
2001-11-01 00:00:00+09:00,406.36499023437506,406.36499023437506,406.36499023437506,406.364990234375,1000,0.0,0.0
2001-11-02 00:00:00+09:00,397.77987670898443,397.77987670898443,397.77987670898443,397.7798767089844,2000,0.0,0.0
2001-11-05 00:00:00+09:00,383.4711608886719,383.4711608886719,383.4711608886719,383.4711608886719,1000,0.0,0.0
2001-11-06 00:00:00+09:00,372.0243225097656,372.0243225097656,372.0243225097656,372.0243225097656,2000,0.0,0.0
2001-11-07 00:00:00+09:00,374.8860121176277,406.36499023437506,374.8860121176277,406.364990234375,13000,0.0,0.0
2001-11-08 00:00:00+09:00,414.9502258300781,414.9502258300781,414.9502258300781,414.9502258300781,1000,0.0,0.0
2001-11-09 00:00:00+09:00,414.9502258300781,414.9502258300781,414.9502258300781,414.9502258300781,0,0.0,0.0
2001-11-12 00:00:00+09:00,389.19461015341943,394.91806030273443,389.19461015341943,394.9180603027344,3000,0.0,0.0
2001-11-13 00:00:00+09:00,377.74774169921875,377.74774169921875,377.74774169921875,377.74774169921875,1000,0.0,0.0
2001-11-14 00:00:00+09:00,360.5774202786959,372.0243225097656,360.5774202786959,372.0243225097656,2000,0.0,0.0
2001-11-15 00:00:00+09:00,372.0243225097656,372.0243225097656,372.0243225097656,372.0243225097656,1000,0.0,0.0
2001-11-16 00:00:00+09:00,372.0243520955093,374.8860778808594,372.0243520955093,374.8860778808594,2000,0.0,0.0
2001-11-19 00:00:00+09:00,374.8860778808594,374.8860778808594,374.8860778808594,374.8860778808594,1000,0.0,0.0
2001-11-20 00:00:00+09:00,369.16256713867193,369.16256713867193,369.16256713867193,369.1625671386719,1000,0.0,0.0
2001-11-21 00:00:00+09:00,357.71566724020335,360.57739257812494,346.26876588851684,360.577392578125,6000,0.0,0.0
2001-11-22 00:00:00+09:00,366.3008104011194,383.4711608886719,366.3008104011194,383.4711608886719,9000,0.0,0.0
2001-11-23 00:00:00+09:00,383.4711608886719,383.4711608886719,383.4711608886719,383.4711608886719,0,0.0,0.0
2001-11-26 00:00:00+09:00,383.4711608886719,383.4711608886719,383.4711608886719,383.4711608886719,0,0.0,0.0
2001-11-27 00:00:00+09:00,392.05645751953125,392.05645751953125,392.05645751953125,392.05645751953125,8000,0.0,0.0
2001-11-28 00:00:00+09:00,400.6416365679573,400.6416365679573,389.1947326660156,389.1947326660156,4000,0.0,0.0
2001-11-29 00:00:00+09:00,392.05645751953125,392.05645751953125,392.05645751953125,392.05645751953125,1000,0.0,0.0
2001-11-30 00:00:00+09:00,380.6094665527343,380.6094665527343,380.6094665527343,380.6094665527344,1000,0.0,0.0
2001-12-03 00:00:00+09:00,383.4711608886719,383.4711608886719,383.4711608886719,383.4711608886719,1000,0.0,0.0
2001-12-04 00:00:00+09:00,374.8860778808594,374.8860778808594,374.8860778808594,374.8860778808594,1000,0.0,0.0
2001-12-05 00:00:00+09:00,380.6094665527343,380.6094665527343,380.6094665527343,380.6094665527344,1000,0.0,0.0
2001-12-06 00:00:00+09:00,380.60946701512194,380.60946701512194,377.74774169921875,377.74774169921875,4000,0.0,0.0
2001-12-07 00:00:00+09:00,380.6094358074131,383.4711608886719,380.6094358074131,383.4711608886719,7000,0.0,0.0
2001-12-10 00:00:00+09:00,377.74774169921875,377.74774169921875,377.74774169921875,377.74774169921875,2000,0.0,0.0
2001-12-11 00:00:00+09:00,372.0243225097656,372.0243225097656,372.0243225097656,372.0243225097656,1000,0.0,0.0
2001-12-12 00:00:00+09:00,369.16256713867193,369.16256713867193,369.16256713867193,369.1625671386719,1000,0.0,0.0
2001-12-13 00:00:00+09:00,372.0242309570312,372.0242309570312,366.30078125,366.30078125,2000,0.0,0.0
2001-12-14 00:00:00+09:00,369.16256713867193,369.16256713867193,369.16256713867193,369.1625671386719,2000,0.0,0.0
2001-12-17 00:00:00+09:00,362.8668212890625,362.8668212890625,362.8668212890625,362.8668212890625,1000,0.0,0.0
2001-12-18 00:00:00+09:00,357.7156667634258,363.4391174316406,357.7156667634258,363.4391174316406,3000,0.0,0.0
2001-12-19 00:00:00+09:00,357.71566724020335,360.57739257812494,357.71566724020335,360.577392578125,2000,0.0,0.0
2001-12-20 00:00:00+09:00,372.0243225097656,372.0243225097656,372.0243225097656,372.0243225097656,2000,0.0,0.0
2001-12-21 00:00:00+09:00,372.0243768131032,389.1947326660156,372.0243768131032,389.1947326660156,9000,0.0,0.0
2001-12-24 00:00:00+09:00,389.1947326660156,389.1947326660156,389.1947326660156,389.1947326660156,0,0.0,0.0
2001-12-25 00:00:00+09:00,394.91806030273443,400.6415104520494,394.91806030273443,394.9180603027344,5000,0.0,0.0
2001-12-26 00:00:00+09:00,383.4711608886719,383.4711608886719,383.4711608886719,383.4711608886719,1000,0.0,0.0
2001-12-27 00:00:00+09:00,372.0243225097656,372.0243225097656,372.0243225097656,372.0243225097656,2000,0.0,0.0
2001-12-28 00:00:00+09:00,377.74774169921875,377.74774169921875,377.74774169921875,377.74774169921875,2000,0.0,0.0
2001-12-31 00:00:00+09:00,377.74774169921875,377.74774169921875,377.74774169921875,377.74774169921875,0,0.0,0.0
2002-01-01 00:00:00+09:00,377.74774169921875,377.74774169921875,377.74774169921875,377.74774169921875,0,0.0,0.0
2002-01-02 00:00:00+09:00,377.74774169921875,377.74774169921875,377.74774169921875,377.74774169921875,0,0.0,0.0
2002-01-03 00:00:00+09:00,377.74774169921875,377.74774169921875,377.74774169921875,377.74774169921875,0,0.0,0.0
2002-01-04 00:00:00+09:00,390.9116516113281,390.9116516113281,390.9116516113281,390.9116516113281,1000,0.0,0.0
2002-01-07 00:00:00+09:00,383.4711608886719,383.4711608886719,383.4711608886719,383.4711608886719,2000,0.0,0.0
2002-01-08 00:00:00+09:00,374.88601779198467,374.88601779198467,369.16256713867193,369.1625671386719,2000,0.0,0.0
2002-01-09 00:00:00+09:00,369.1626508376178,389.1947326660156,369.1626508376178,389.1947326660156,6000,0.0,0.0
2002-01-10 00:00:00+09:00,383.4711608886719,383.4711608886719,383.4711608886719,383.4711608886719,1000,0.0,0.0
2002-01-11 00:00:00+09:00,394.91806030273443,394.91806030273443,394.91806030273443,394.9180603027344,1000,0.0,0.0
2002-01-14 00:00:00+09:00,394.91806030273443,394.91806030273443,394.91806030273443,394.9180603027344,0,0.0,0.0
2002-01-15 00:00:00+09:00,386.3328552246093,386.3328552246093,386.3328552246093,386.3328552246094,1000,0.0,0.0
2002-01-16 00:00:00+09:00,394.91806030273443,394.91806030273443,394.91806030273443,394.9180603027344,1000,0.0,0.0
2002-01-17 00:00:00+09:00,389.1947326660156,389.1947326660156,389.1947326660156,389.1947326660156,1000,0.0,0.0
2002-01-18 00:00:00+09:00,394.91806030273443,394.91806030273443,394.91806030273443,394.9180603027344,1000,0.0,0.0
2002-01-21 00:00:00+09:00,389.1947326660156,389.1947326660156,389.1947326660156,389.1947326660156,1000,0.0,0.0
2002-01-22 00:00:00+09:00,397.77987085629815,417.8119506835937,397.77987085629815,417.81195068359375,9000,0.0,0.0
2002-01-23 00:00:00+09:00,420.6736772208378,420.6736772208378,414.9502258300781,414.9502258300781,4000,0.0,0.0
2002-01-24 00:00:00+09:00,412.0884408010564,412.0884408010564,406.36499023437506,406.364990234375,5000,0.0,0.0
2002-01-25 00:00:00+09:00,406.36499023437506,406.36499023437506,406.36499023437506,406.364990234375,1000,0.0,0.0
2002-01-28 00:00:00+09:00,406.3650220598493,406.3650220598493,400.6415710449219,400.6415710449219,2000,0.0,0.0
2002-01-29 00:00:00+09:00,392.05645751953125,392.05645751953125,392.05645751953125,392.05645751953125,1000,0.0,0.0
2002-01-30 00:00:00+09:00,386.3328552246093,386.3328552246093,386.3328552246093,386.3328552246094,1000,0.0,0.0
2002-01-31 00:00:00+09:00,386.3328552246093,386.3328552246093,386.3328552246093,386.3328552246094,0,0.0,0.0
2002-02-01 00:00:00+09:00,377.74774169921875,377.74774169921875,377.74774169921875,377.74774169921875,1000,0.0,0.0
2002-02-04 00:00:00+09:00,380.60940551757807,386.3328552246093,380.60940551757807,386.3328552246094,2000,0.0,0.0
2002-02-05 00:00:00+09:00,369.16256713867193,369.16256713867193,369.16256713867193,369.1625671386719,1000,0.0,0.0
2002-02-06 00:00:00+09:00,372.02429106741243,377.74774169921875,372.02429106741243,377.74774169921875,2000,0.0,0.0
2002-02-07 00:00:00+09:00,380.6094665527343,380.6094665527343,380.6094665527343,380.6094665527344,1000,0.0,0.0
2002-02-08 00:00:00+09:00,369.16256713867193,369.16256713867193,369.16256713867193,369.1625671386719,2000,0.0,0.0
2002-02-11 00:00:00+09:00,369.16256713867193,369.16256713867193,369.16256713867193,369.1625671386719,0,0.0,0.0
2002-02-12 00:00:00+09:00,372.0243225097656,372.0243225097656,366.30087139423074,372.0243225097656,4000,0.0,0.0
2002-02-13 00:00:00+09:00,357.7156982421875,357.7156982421875,357.7156982421875,357.7156982421875,1000,0.0,0.0
2002-02-14 00:00:00+09:00,357.71566724020335,360.57739257812494,357.71566724020335,360.577392578125,4000,0.0,0.0
2002-02-15 00:00:00+09:00,360.57739257812494,360.57739257812494,360.57739257812494,360.577392578125,1000,0.0,0.0
2002-02-18 00:00:00+09:00,354.85394287109375,354.85394287109375,354.85394287109375,354.85394287109375,1000,0.0,0.0
2002-02-19 00:00:00+09:00,363.4391174316406,363.4391174316406,363.4391174316406,363.4391174316406,1000,0.0,0.0
2002-02-20 00:00:00+09:00,360.57739257812494,360.57739257812494,360.57739257812494,360.577392578125,1000,0.0,0.0
2002-02-21 00:00:00+09:00,366.30078125,366.30078125,366.30078125,366.30078125,1000,0.0,0.0
2002-02-22 00:00:00+09:00,386.33297378210716,400.6416024407037,386.33297378210716,397.7798767089844,8000,0.0,0.0
2002-02-25 00:00:00+09:00,412.0884382918074,423.5353393554687,400.6415372281461,423.53533935546875,19000,0.0,0.0
2002-02-26 00:00:00+09:00,412.0884704589844,412.0884704589844,412.0884704589844,412.0884704589844,2000,0.0,0.0
2002-02-27 00:00:00+09:00,403.5033264160156,403.5033264160156,403.5033264160156,403.5033264160156,1000,0.0,0.0
2002-02-28 00:00:00+09:00,406.3650194803874,412.0884704589844,406.3650194803874,412.0884704589844,6000,0.0,0.0
2002-03-01 00:00:00+09:00,417.81192408970423,417.81192408970423,400.6415710449219,400.6415710449219,3000,0.0,0.0
2002-03-04 00:00:00+09:00,397.77987670898443,397.77987670898443,397.77987670898443,397.7798767089844,1000,0.0,0.0
2002-03-05 00:00:00+09:00,389.1947326660156,389.1947326660156,380.6095547395594,389.1947326660156,4000,0.0,0.0
2002-03-06 00:00:00+09:00,389.1947326660156,389.1947326660156,389.1947326660156,389.1947326660156,1000,0.0,0.0
2002-03-07 00:00:00+09:00,377.74774169921875,377.74774169921875,377.74774169921875,377.74774169921875,1000,0.0,0.0
2002-03-08 00:00:00+09:00,372.0243225097656,377.74777362530045,366.30087139423074,372.0243225097656,7000,0.0,0.0
2002-03-11 00:00:00+09:00,377.7477412403078,380.6094665527343,377.7477412403078,380.6094665527344,3000,0.0,0.0
2002-03-12 00:00:00+09:00,372.0243225097656,377.74777362530045,366.30087139423074,372.0243225097656,10000,0.0,0.0
2002-03-13 00:00:00+09:00,377.74774169921875,377.74774169921875,377.74774169921875,377.74774169921875,1000,0.0,0.0
2002-03-14 00:00:00+09:00,372.0243225097656,372.0243225097656,372.0243225097656,372.0243225097656,1000,0.0,0.0
2002-03-15 00:00:00+09:00,383.4711608886719,383.4711608886719,383.4711608886719,383.4711608886719,1000,0.0,0.0
2002-03-18 00:00:00+09:00,389.19469378745714,417.8119506835937,389.19469378745714,417.81195068359375,18000,0.0,0.0
2002-03-19 00:00:00+09:00,417.81195152545797,417.81195152545797,414.9502258300781,414.9502258300781,3000,0.0,0.0
2002-03-20 00:00:00+09:00,409.2267449696859,414.9501959482829,400.6415685017904,412.0884704589844,4000,0.0,0.0
2002-03-21 00:00:00+09:00,412.0884704589844,412.0884704589844,412.0884704589844,412.0884704589844,0,0.0,0.0
2002-03-22 00:00:00+09:00,414.9501635577227,429.2587898872994,414.9501635577227,423.53533935546875,26000,0.0,0.0
2002-03-25 00:00:00+09:00,429.2588806152344,429.2588806152344,429.2588806152344,429.2588806152344,1000,0.0,0.0
2002-03-26 00:00:00+09:00,423.5354212507417,452.15267944335943,423.5354212507417,452.1526794433594,24000,0.0,0.0
2002-03-27 00:00:00+09:00,452.1526504907852,452.1526504907852,446.42919921874994,446.42919921875,2000,0.0,0.0
2002-03-28 00:00:00+09:00,452.1526504907852,452.1526504907852,446.42919921874994,446.42919921875,3000,0.0,0.0
2002-03-29 00:00:00+09:00,440.7057800292969,440.7057800292969,440.7057800292969,440.7057800292969,6000,0.0,0.0
2002-04-01 00:00:00+09:00,440.7057800292969,440.7057800292969,440.7057800292969,440.7057800292969,2000,0.0,0.0
2002-04-02 00:00:00+09:00,437.84399414062506,437.84399414062506,437.84399414062506,437.843994140625,1000,0.0,0.0
2002-04-03 00:00:00+09:00,437.84399414062506,437.84399414062506,437.84399414062506,437.843994140625,2000,0.0,0.0
2002-04-04 00:00:00+09:00,434.9821472167969,434.9821472167969,434.9821472167969,434.9821472167969,2000,0.0,0.0
2002-04-05 00:00:00+09:00,437.84399414062506,437.84399414062506,437.84399414062506,437.843994140625,3000,0.0,0.0
2002-04-08 00:00:00+09:00,434.9821472167969,434.9821472167969,434.9821472167969,434.9821472167969,2000,0.0,0.0
2002-04-09 00:00:00+09:00,443.5674743652343,443.5674743652343,443.5674743652343,443.5674743652344,1000,0.0,0.0
2002-04-10 00:00:00+09:00,440.7057800292969,440.7057800292969,440.7057800292969,440.7057800292969,1000,0.0,0.0
2002-04-11 00:00:00+09:00,446.42919921874994,446.42919921874994,446.42919921874994,446.42919921875,1000,0.0,0.0
2002-04-12 00:00:00+09:00,452.1526504907852,452.1526504907852,443.56747358273236,446.42919921875,4000,0.0,0.0
2002-04-15 00:00:00+09:00,446.42919921874994,446.42919921874994,446.42919921874994,446.42919921875,1000,0.0,0.0
2002-04-16 00:00:00+09:00,446.42919921874994,446.42919921874994,446.42919921874994,446.42919921875,1000,0.0,0.0
2002-04-17 00:00:00+09:00,446.42919921874994,449.2909248547676,446.42919921874994,446.42919921875,4000,0.0,0.0
2002-04-18 00:00:00+09:00,446.42919921874994,446.42919921874994,446.42919921874994,446.42919921875,2000,0.0,0.0
2002-04-19 00:00:00+09:00,446.4291681180335,449.2908935546875,446.4291681180335,449.2908935546875,4000,0.0,0.0
2002-04-22 00:00:00+09:00,449.2909248547676,449.2909248547676,443.56747358273236,446.42919921875,12000,0.0,0.0
2002-04-23 00:00:00+09:00,443.5674743652343,443.5674743652343,443.5674743652343,443.5674743652344,2000,0.0,0.0
2002-04-24 00:00:00+09:00,457.8761282026398,460.7378540039063,440.7057733950408,460.73785400390625,12000,0.0,0.0
2002-04-25 00:00:00+09:00,457.8760681152343,469.3229698181152,452.1526172637939,457.8760681152344,17000,0.0,0.0
2002-04-26 00:00:00+09:00,460.7378569011447,460.7378569011447,452.15267944335943,452.1526794433594,5000,0.0,0.0
2002-04-29 00:00:00+09:00,452.15267944335943,452.15267944335943,452.15267944335943,452.1526794433594,0,0.0,0.0
2002-04-30 00:00:00+09:00,452.15267944335943,452.15267944335943,452.15267944335943,452.1526794433594,1000,0.0,0.0
2002-05-01 00:00:00+09:00,446.42919921874994,446.42919921874994,446.42919921874994,446.42919921875,1000,0.0,0.0
2002-05-02 00:00:00+09:00,443.5674743652343,443.5674743652343,443.5674743652343,443.5674743652344,2000,0.0,0.0
2002-05-03 00:00:00+09:00,443.5674743652343,443.5674743652343,443.5674743652343,443.5674743652344,0,0.0,0.0
2002-05-06 00:00:00+09:00,443.5674743652343,443.5674743652343,443.5674743652343,443.5674743652344,0,0.0,0.0
2002-05-07 00:00:00+09:00,446.429231717989,446.429231717989,440.7057800292969,440.7057800292969,2000,0.0,0.0
2002-05-08 00:00:00+09:00,443.5674743652343,443.5674743652343,443.5674743652343,443.5674743652344,1000,0.0,0.0
2002-05-09 00:00:00+09:00,449.2909248547676,449.2909248547676,446.42919921874994,446.42919921875,2000,0.0,0.0
2002-05-10 00:00:00+09:00,440.7057487241683,443.5674743652343,440.7057487241683,443.5674743652344,2000,0.0,0.0
2002-05-13 00:00:00+09:00,434.9823283406047,440.7057800292969,434.9823283406047,440.7057800292969,2000,0.0,0.0
2002-05-14 00:00:00+09:00,434.9821472167969,437.843871869539,434.9821472167969,434.9821472167969,3000,0.0,0.0
2002-05-15 00:00:00+09:00,434.9823323567708,434.9823323567708,429.2588806152344,429.2588806152344,11000,0.0,0.0
2002-05-16 00:00:00+09:00,432.1205749511719,432.1205749511719,432.1205749511719,432.1205749511719,1000,0.0,0.0
2002-05-17 00:00:00+09:00,429.2588806152344,429.2588806152344,429.2588806152344,429.2588806152344,1000,0.0,0.0
2002-05-20 00:00:00+09:00,432.1205749511719,432.1205749511719,432.1205749511719,432.1205749511719,2000,0.0,0.0
2002-05-21 00:00:00+09:00,434.9821472167969,434.9821472167969,434.9821472167969,434.9821472167969,1000,0.0,0.0
2002-05-22 00:00:00+09:00,440.7057487241683,443.5674743652343,440.7057487241683,443.5674743652344,9000,0.0,0.0
2002-05-23 00:00:00+09:00,446.42919921874994,446.42919921874994,446.42919921874994,446.42919921875,1000,0.0,0.0
2002-05-24 00:00:00+09:00,446.42919921874994,446.42919921874994,446.42919921874994,446.42919921875,1000,0.0,0.0
2002-05-27 00:00:00+09:00,443.56747358273236,446.42919921874994,443.56747358273236,446.42919921875,4000,0.0,0.0
2002-05-28 00:00:00+09:00,446.42919921874994,446.42919921874994,446.42919921874994,446.42919921875,4000,0.0,0.0
2002-05-29 00:00:00+09:00,437.84396568504536,443.56741621687604,423.5353393554687,423.53533935546875,6000,0.0,0.0
2002-05-30 00:00:00+09:00,412.08844498942665,412.08844498942665,374.8860159278812,380.6094665527344,24000,0.0,0.0
2002-05-31 00:00:00+09:00,380.6095294515595,389.19470680760975,372.0243520955093,374.8860778808594,21000,0.0,0.0
2002-06-03 00:00:00+09:00,383.4711918651609,386.3329171775875,377.7477412403078,380.6094665527344,6000,0.0,0.0
2002-06-04 00:00:00+09:00,383.4711923310251,383.4711923310251,377.74774169921875,377.74774169921875,3000,0.0,0.0
2002-06-05 00:00:00+09:00,380.6094665527343,380.6094665527343,380.6094665527343,380.6094665527344,1000,0.0,0.0
2002-06-06 00:00:00+09:00,374.88598564489564,383.4711608886719,374.88598564489564,383.4711608886719,2000,0.0,0.0
2002-06-07 00:00:00+09:00,383.4711608886719,383.4711608886719,383.4711608886719,383.4711608886719,1000,0.0,0.0
2002-06-10 00:00:00+09:00,372.0243225097656,372.0243225097656,372.0243225097656,372.0243225097656,2000,0.0,0.0
2002-06-11 00:00:00+09:00,372.0243225097656,372.0243225097656,372.0243225097656,372.0243225097656,3000,0.0,0.0
2002-06-12 00:00:00+09:00,374.8860778808594,374.8860778808594,374.8860778808594,374.8860778808594,2000,0.0,0.0
2002-06-13 00:00:00+09:00,372.0243225097656,372.0243225097656,372.0243225097656,372.0243225097656,1000,0.0,0.0
2002-06-14 00:00:00+09:00,372.02426056363686,383.4711608886719,372.02426056363686,383.4711608886719,3000,0.0,0.0
2002-06-17 00:00:00+09:00,369.16256713867193,369.16256713867193,369.16256713867193,369.1625671386719,2000,0.0,0.0
2002-06-18 00:00:00+09:00,372.0243225097656,372.0243225097656,372.0243225097656,372.0243225097656,1000,0.0,0.0
2002-06-19 00:00:00+09:00,372.0243225097656,372.0243225097656,372.0243225097656,372.0243225097656,2000,0.0,0.0
2002-06-20 00:00:00+09:00,380.6094665527343,380.6094665527343,380.6094665527343,380.6094665527344,1000,0.0,0.0
2002-06-21 00:00:00+09:00,380.6094665527343,380.6094665527343,380.6094665527343,380.6094665527344,2000,0.0,0.0
2002-06-24 00:00:00+09:00,383.4711608886719,383.4711608886719,383.4711608886719,383.4711608886719,6000,0.0,0.0
2002-06-25 00:00:00+09:00,380.6094665527343,380.6094665527343,380.6094665527343,380.6094665527344,1000,0.0,0.0
2002-06-26 00:00:00+09:00,389.1947326660156,389.1947326660156,389.1947326660156,389.1947326660156,1000,0.0,0.0
2002-06-27 00:00:00+09:00,383.4711608886719,383.4711608886719,383.4711608886719,383.4711608886719,1000,0.0,0.0
2002-06-28 00:00:00+09:00,386.3328552246093,386.3328552246093,386.3328552246093,386.3328552246094,2000,0.0,0.0
2002-07-01 00:00:00+09:00,386.3328552246093,386.3328552246093,386.3328552246093,386.3328552246094,1000,0.0,0.0
2002-07-02 00:00:00+09:00,374.8860778808594,374.8860778808594,374.8860778808594,374.8860778808594,1000,0.0,0.0
2002-07-03 00:00:00+09:00,380.6094665527343,380.6094665527343,380.6094665527343,380.6094665527344,1000,0.0,0.0
2002-07-04 00:00:00+09:00,372.0242246796813,372.0242246796813,361.7220153808594,361.7220153808594,4000,0.0,0.0
2002-07-05 00:00:00+09:00,366.30078125,366.30078125,366.30078125,366.30078125,9000,0.0,0.0
2002-07-08 00:00:00+09:00,360.57739257812494,360.57739257812494,360.57739257812494,360.577392578125,3000,0.0,0.0
2002-07-09 00:00:00+09:00,357.7156982421875,357.7156982421875,357.7156982421875,357.7156982421875,1000,0.0,0.0
2002-07-10 00:00:00+09:00,357.7156982421875,357.7156982421875,357.7156982421875,357.7156982421875,1000,0.0,0.0
2002-07-11 00:00:00+09:00,349.1304016113281,349.1304016113281,349.1304016113281,349.1304016113281,2000,0.0,0.0
2002-07-12 00:00:00+09:00,343.4070739746094,343.4070739746094,343.4070739746094,343.4070739746094,3000,0.0,0.0
2002-07-15 00:00:00+09:00,343.4071087015086,343.4071087015086,331.96020507812494,331.960205078125,5000,0.0,0.0
2002-07-16 00:00:00+09:00,326.2367264883859,326.2367264883859,320.5132751464844,320.5132751464844,6000,0.0,0.0
2002-07-17 00:00:00+09:00,320.513213575932,326.2366638183594,320.513213575932,326.2366638183594,3000,0.0,0.0
2002-07-18 00:00:00+09:00,320.5132457386364,320.5132457386364,314.789794921875,314.789794921875,9000,0.0,0.0
2002-07-19 00:00:00+09:00,314.789794921875,317.6515203302557,314.789794921875,314.789794921875,4000,0.0,0.0
2002-07-22 00:00:00+09:00,314.789794921875,314.789794921875,311.92806951349434,314.789794921875,14000,0.0,0.0
2002-07-23 00:00:00+09:00,311.9280700683594,311.9280700683594,311.9280700683594,311.9280700683594,1000,0.0,0.0
2002-07-24 00:00:00+09:00,308.4940490722656,308.4940490722656,308.4940490722656,308.4940490722656,1000,0.0,0.0
2002-07-25 00:00:00+09:00,309.06634465488816,311.9280700683594,309.06634465488816,311.9280700683594,3000,0.0,0.0
2002-07-26 00:00:00+09:00,314.78979548183054,317.6515208953017,311.9280700683594,311.9280700683594,3000,0.0,0.0
2002-07-29 00:00:00+09:00,309.06640625,309.06640625,309.06640625,309.06640625,4000,0.0,0.0
2002-07-30 00:00:00+09:00,306.20461869673295,314.789794921875,306.20461869673295,314.789794921875,3000,0.0,0.0
2002-07-31 00:00:00+09:00,314.789794921875,314.789794921875,314.789794921875,314.789794921875,2000,0.0,0.0
2002-08-01 00:00:00+09:00,311.9280700683594,311.9280700683594,311.9280700683594,311.9280700683594,2000,0.0,0.0
2002-08-02 00:00:00+09:00,317.65142822265625,317.65142822265625,317.65142822265625,317.65142822265625,2000,0.0,0.0
2002-08-05 00:00:00+09:00,314.78985821759255,314.78985821759255,309.06640625,309.06640625,2000,0.0,0.0
2002-08-06 00:00:00+09:00,306.20458984375,306.20458984375,306.20458984375,306.20458984375,1000,0.0,0.0
2002-08-07 00:00:00+09:00,306.20458984375,306.20458984375,306.20458984375,306.20458984375,3000,0.0,0.0
2002-08-08 00:00:00+09:00,306.20458984375,306.20458984375,306.20458984375,306.20458984375,1000,0.0,0.0
2002-08-09 00:00:00+09:00,306.20458984375,306.20458984375,306.20458984375,306.20458984375,1000,0.0,0.0
2002-08-12 00:00:00+09:00,306.20458984375,306.20458984375,306.20458984375,306.20458984375,1000,0.0,0.0
2002-08-13 00:00:00+09:00,317.65142822265625,317.65142822265625,317.65142822265625,317.65142822265625,1000,0.0,0.0
2002-08-14 00:00:00+09:00,311.9280700683594,311.9280700683594,311.9280700683594,311.9280700683594,1000,0.0,0.0
2002-08-15 00:00:00+09:00,311.92813223379625,311.92813223379625,309.06640625,309.06640625,3000,0.0,0.0
2002-08-16 00:00:00+09:00,309.06638111787686,309.06638111787686,286.1725751091452,291.8960266113281,9000,0.0,0.0
2002-08-19 00:00:00+09:00,291.8960266113281,291.8960266113281,291.8960266113281,291.8960266113281,2000,0.0,0.0
2002-08-20 00:00:00+09:00,297.6193542480469,297.6193542480469,297.6193542480469,297.6193542480469,2000,0.0,0.0
2002-08-21 00:00:00+09:00,291.8960266113281,291.8960266113281,291.8960266113281,291.8960266113281,1000,0.0,0.0
2002-08-22 00:00:00+09:00,300.4812316894531,300.4812316894531,300.4812316894531,300.4812316894531,1000,0.0,0.0
2002-08-23 00:00:00+09:00,300.4812316894531,300.4812316894531,300.4812316894531,300.4812316894531,0,0.0,0.0
2002-08-26 00:00:00+09:00,317.65142822265625,317.65142822265625,317.65142822265625,317.65142822265625,2000,0.0,0.0
2002-08-27 00:00:00+09:00,317.65142822265625,317.65142822265625,317.65142822265625,317.65142822265625,2000,0.0,0.0
2002-08-28 00:00:00+09:00,326.2367264883859,326.2367264883859,320.5132751464844,320.5132751464844,8000,0.0,0.0
2002-08-29 00:00:00+09:00,329.09851074218744,329.09851074218744,329.09851074218744,329.0985107421875,1000,0.0,0.0
2002-08-30 00:00:00+09:00,329.09851074218744,329.09851074218744,329.09851074218744,329.0985107421875,1000,0.0,0.0
2002-09-02 00:00:00+09:00,326.2367264883859,326.2367264883859,320.5132751464844,320.5132751464844,3000,0.0,0.0
2002-09-03 00:00:00+09:00,317.65142822265625,317.65142822265625,317.65142822265625,317.65142822265625,2000,0.0,0.0
2002-09-04 00:00:00+09:00,314.789794921875,314.789794921875,314.789794921875,314.789794921875,2000,0.0,0.0
2002-09-05 00:00:00+09:00,309.06640625,309.06640625,309.06640625,309.06640625,2000,0.0,0.0
2002-09-06 00:00:00+09:00,309.06634410511367,314.789794921875,309.06634410511367,314.789794921875,2000,0.0,0.0
2002-09-09 00:00:00+09:00,294.7577240613042,294.7577240613042,280.4490966796875,280.4490966796875,8000,0.0,0.0
2002-09-10 00:00:00+09:00,289.0342712402344,289.0342712402344,289.0342712402344,289.0342712402344,1000,0.0,0.0
2002-09-11 00:00:00+09:00,289.0342712402344,289.0342712402344,289.0342712402344,289.0342712402344,1000,0.0,0.0
2002-09-12 00:00:00+09:00,280.4490966796875,280.4490966796875,280.4490966796875,280.4490966796875,2000,0.0,0.0
2002-09-13 00:00:00+09:00,280.4490966796875,280.4490966796875,278.15971629862884,280.4490966796875,5000,0.0,0.0
2002-09-16 00:00:00+09:00,280.4490966796875,280.4490966796875,280.4490966796875,280.4490966796875,0,0.0,0.0
2002-09-17 00:00:00+09:00,283.3108215332031,283.3108215332031,283.3108215332031,283.3108215332031,1000,0.0,0.0
2002-09-18 00:00:00+09:00,286.1725769042969,286.1725769042969,286.1725769042969,286.1725769042969,1000,0.0,0.0
2002-09-19 00:00:00+09:00,280.4490966796875,280.4490966796875,280.4490966796875,280.4490966796875,1000,0.0,0.0
2002-09-20 00:00:00+09:00,289.03430086023667,291.8960266113281,289.03430086023667,291.8960266113281,10000,0.0,0.0
2002-09-23 00:00:00+09:00,291.8960266113281,291.8960266113281,291.8960266113281,291.8960266113281,0,0.0,0.0
2002-09-24 00:00:00+09:00,300.4812316894531,303.34295770554314,300.4812316894531,300.4812316894531,4000,0.0,0.0
2002-09-25 00:00:00+09:00,306.20458984375,306.20458984375,306.20458984375,306.20458984375,2000,0.0,0.0
2002-09-26 00:00:00+09:00,306.20458984375,306.20458984375,306.20458984375,306.20458984375,2000,0.0,0.0
2002-09-27 00:00:00+09:00,314.789794921875,314.789794921875,314.789794921875,314.789794921875,2000,0.0,0.0
2002-09-30 00:00:00+09:00,314.789794921875,314.789794921875,314.789794921875,314.789794921875,5000,0.0,0.0
2002-10-01 00:00:00+09:00,331.9601473721591,331.9601473721591,314.789794921875,314.789794921875,2000,0.0,0.0
2002-10-02 00:00:00+09:00,343.4070739746094,343.4070739746094,343.4070739746094,343.4070739746094,9000,0.0,0.0
2002-10-03 00:00:00+09:00,314.7897016085111,314.7897016085111,297.6193542480469,297.6193542480469,8000,0.0,0.0
2002-10-04 00:00:00+09:00,297.6193542480469,297.6193542480469,297.6193542480469,297.6193542480469,2000,0.0,0.0
2002-10-07 00:00:00+09:00,300.4812316894531,300.4812316894531,300.4812316894531,300.4812316894531,2000,0.0,0.0
2002-10-08 00:00:00+09:00,291.8960266113281,291.8960266113281,291.8960266113281,291.8960266113281,1000,0.0,0.0
2002-10-09 00:00:00+09:00,300.4812316894531,300.4812316894531,300.4812316894531,300.4812316894531,2000,0.0,0.0
2002-10-10 00:00:00+09:00,300.4812316894531,300.4812316894531,300.4812316894531,300.4812316894531,2000,0.0,0.0
2002-10-11 00:00:00+09:00,300.4812316894531,300.4812316894531,300.4812316894531,300.4812316894531,2000,0.0,0.0
2002-10-14 00:00:00+09:00,300.4812316894531,300.4812316894531,300.4812316894531,300.4812316894531,0,0.0,0.0
2002-10-15 00:00:00+09:00,300.4811684144746,311.9280700683594,300.4811684144746,311.9280700683594,2000,0.0,0.0
2002-10-16 00:00:00+09:00,297.6194196428571,297.6194196428571,251.8318166208791,260.4169921875,16000,0.0,0.0
2002-10-17 00:00:00+09:00,260.4169928732883,263.278718069698,251.83181728405899,254.69354248046875,12000,0.0,0.0
2002-10-18 00:00:00+09:00,251.83181728405899,257.5552676768785,240.38491649841995,254.69354248046875,13000,0.0,0.0
2002-10-21 00:00:00+09:00,251.83186898580414,254.69359476973372,228.9380627143674,234.66151428222656,22000,0.0,0.0
2002-10-22 00:00:00+09:00,243.24664306640625,243.24664306640625,243.24664306640625,243.24664306640625,2000,0.0,0.0
2002-10-23 00:00:00+09:00,251.83187191611844,274.7256784539474,251.83187191611844,271.86395263671875,12000,0.0,0.0
2002-10-24 00:00:00+09:00,286.1725769042969,286.1725769042969,286.1725769042969,286.1725769042969,5000,0.0,0.0
2002-10-25 00:00:00+09:00,286.1725769042969,286.1725769042969,286.1725769042969,286.1725769042969,1000,0.0,0.0
2002-10-28 00:00:00+09:00,299.0737113952637,299.0737113952637,281.48114013671875,281.48114013671875,2000,12.0,0.0
2002-10-29 00:00:00+09:00,275.6169128417969,275.6169128417969,275.6169128417969,275.6169128417969,1000,0.0,0.0
2002-10-30 00:00:00+09:00,275.6169128417969,275.6169128417969,275.6169128417969,275.6169128417969,1000,0.0,0.0
2002-10-31 00:00:00+09:00,272.68487548828125,272.68487548828125,272.68487548828125,272.68487548828125,2000,0.0,0.0
2002-11-01 00:00:00+09:00,271.5120544433594,271.5120544433594,271.5120544433594,271.5120544433594,1000,0.0,0.0
2002-11-04 00:00:00+09:00,271.5120544433594,271.5120544433594,271.5120544433594,271.5120544433594,0,0.0,0.0
2002-11-05 00:00:00+09:00,259.19719099564986,259.19719099564986,258.02435302734375,258.02435302734375,2000,0.0,0.0
2002-11-06 00:00:00+09:00,252.1601104736328,252.1601104736328,252.1601104736328,252.1601104736328,2000,0.0,0.0
2002-11-07 00:00:00+09:00,258.02435302734375,258.02435302734375,258.02435302734375,258.02435302734375,2000,0.0,0.0
2002-11-08 00:00:00+09:00,266.8206787109375,266.8206787109375,266.8206787109375,266.8206787109375,2000,0.0,0.0
2002-11-11 00:00:00+09:00,266.8206787109375,266.8206787109375,266.8206787109375,266.8206787109375,1000,0.0,0.0
2002-11-12 00:00:00+09:00,266.8207299243445,266.8207299243445,255.09234619140625,255.09234619140625,10000,0.0,0.0
2002-11-13 00:00:00+09:00,252.16020221474727,252.16020221474727,237.49972534179685,237.49972534179688,4000,0.0,0.0
2002-11-14 00:00:00+09:00,243.36395263671875,243.36395263671875,243.36395263671875,243.36395263671875,2000,0.0,0.0
2002-11-15 00:00:00+09:00,234.56767926897322,237.4997752598354,205.24671936035156,205.24671936035156,28000,0.0,0.0
2002-11-18 00:00:00+09:00,211.11089829995598,211.11089829995598,205.24670668051277,208.17880249023438,7000,0.0,0.0
2002-11-19 00:00:00+09:00,208.17880249023438,208.17880249023438,208.17880249023438,208.17880249023438,1000,0.0,0.0
2002-11-20 00:00:00+09:00,202.31460571289062,211.1108929177989,202.31460571289062,202.31460571289062,19000,0.0,0.0
2002-11-21 00:00:00+09:00,208.17878998650443,211.11088562011716,208.17878998650443,211.1108856201172,2000,0.0,0.0
2002-11-22 00:00:00+09:00,219.9071931838989,234.56767272949216,219.9071931838989,234.5676727294922,37000,0.0,0.0
2002-11-25 00:00:00+09:00,249.22813415527344,249.22813415527344,249.22813415527344,249.22813415527344,4000,0.0,0.0
2002-11-26 00:00:00+09:00,263.8885607038225,263.8885607038225,246.29598999023438,246.29598999023438,12000,0.0,0.0
2002-11-27 00:00:00+09:00,237.49972534179685,237.49972534179685,237.49972534179685,237.49972534179688,2000,0.0,0.0
2002-11-28 00:00:00+09:00,246.29598999023438,246.29598999023438,246.29598999023438,246.29598999023438,2000,0.0,0.0
2002-11-29 00:00:00+09:00,228.70344208508,240.43182373046875,228.70344208508,240.43182373046875,4000,0.0,0.0
2002-12-02 00:00:00+09:00,240.43182373046875,240.43182373046875,240.43182373046875,240.43182373046875,0,0.0,0.0
2002-12-03 00:00:00+09:00,234.5676547666139,234.5676547666139,230.46272080819818,231.63555908203125,4000,0.0,0.0
2002-12-04 00:00:00+09:00,228.7034912109375,228.7034912109375,223.42571833683894,228.7034912109375,2000,0.0,0.0
2002-12-05 00:00:00+09:00,228.7035197468547,228.7035197468547,223.42574621423498,225.77142333984375,8000,0.0,0.0
2002-12-06 00:00:00+09:00,225.77134403429534,225.77134403429534,222.8392486572266,222.83924865722656,17000,0.0,0.0
2002-12-09 00:00:00+09:00,222.8392486572266,222.8392486572266,222.8392486572266,222.83924865722656,2000,0.0,0.0
2002-12-10 00:00:00+09:00,222.8392486572266,222.8392486572266,222.8392486572266,222.83924865722656,2000,0.0,0.0
2002-12-11 00:00:00+09:00,222.8392486572266,222.8392486572266,222.8392486572266,222.83924865722656,1000,0.0,0.0
2002-12-12 00:00:00+09:00,219.90721130371094,219.90721130371094,219.90721130371094,219.90721130371094,1000,0.0,0.0
2002-12-13 00:00:00+09:00,216.97503662109375,216.97503662109375,216.97503662109375,216.97503662109375,8000,0.0,0.0
2002-12-16 00:00:00+09:00,216.97503662109375,219.907131710568,214.0429415316195,216.97503662109375,12000,0.0,0.0
2002-12-17 00:00:00+09:00,216.97503662109375,216.97503662109375,216.97503662109375,216.97503662109375,5000,0.0,0.0
2002-12-18 00:00:00+09:00,216.97503662109375,216.97503662109375,216.97503662109375,216.97503662109375,1000,0.0,0.0
2002-12-19 00:00:00+09:00,219.907131710568,219.907131710568,216.97503662109375,216.97503662109375,3000,0.0,0.0
2002-12-20 00:00:00+09:00,219.3207920735677,219.90721130371094,219.3207920735677,219.90721130371094,11000,0.0,0.0
2002-12-23 00:00:00+09:00,219.90721130371094,219.90721130371094,219.90721130371094,219.90721130371094,0,0.0,0.0
2002-12-24 00:00:00+09:00,222.8392486572266,228.70343941136412,222.8392486572266,222.83924865722656,17000,0.0,0.0
2002-12-25 00:00:00+09:00,219.90721130371094,219.90721130371094,219.90721130371094,219.90721130371094,31000,0.0,0.0
2002-12-26 00:00:00+09:00,225.77142333984375,225.77142333984375,225.77142333984375,225.77142333984375,2000,0.0,0.0
2002-12-27 00:00:00+09:00,228.70349975585938,228.70349975585938,219.90721130371094,219.90721130371094,3000,0.0,0.0
2002-12-30 00:00:00+09:00,216.97503662109375,216.97503662109375,216.97503662109375,216.97503662109375,2000,0.0,0.0
2002-12-31 00:00:00+09:00,216.97503662109375,216.97503662109375,216.97503662109375,216.97503662109375,0,0.0,0.0
2003-01-01 00:00:00+09:00,216.97503662109375,216.97503662109375,216.97503662109375,216.97503662109375,0,0.0,0.0
2003-01-02 00:00:00+09:00,216.97503662109375,216.97503662109375,216.97503662109375,216.97503662109375,0,0.0,0.0
2003-01-03 00:00:00+09:00,216.97503662109375,216.97503662109375,216.97503662109375,216.97503662109375,0,0.0,0.0
2003-01-06 00:00:00+09:00,219.90721130371094,219.90721130371094,219.90721130371094,219.90721130371094,2000,0.0,0.0
2003-01-07 00:00:00+09:00,219.907131710568,219.907131710568,214.0429415316195,216.97503662109375,10000,0.0,0.0
2003-01-08 00:00:00+09:00,216.97503662109375,216.97503662109375,216.97503662109375,216.97503662109375,1000,0.0,0.0
2003-01-09 00:00:00+09:00,214.04296875,214.04296875,214.04296875,214.04296875,1000,0.0,0.0
2003-01-10 00:00:00+09:00,211.1108929177989,211.1108929177989,202.31460571289062,202.31460571289062,9000,0.0,0.0
2003-01-13 00:00:00+09:00,202.31460571289062,202.31460571289062,202.31460571289062,202.31460571289062,0,0.0,0.0
2003-01-14 00:00:00+09:00,202.31460571289062,202.31460571289062,202.31460571289062,202.31460571289062,2000,0.0,0.0
2003-01-15 00:00:00+09:00,208.17881535121373,211.1109113420759,205.24671936035156,205.24671936035156,20000,0.0,0.0
2003-01-16 00:00:00+09:00,205.24670144786006,211.1108929177989,202.31460571289062,202.31460571289062,21000,0.0,0.0
2003-01-17 00:00:00+09:00,205.24671936035156,205.24671936035156,205.24671936035156,205.24671936035156,1000,0.0,0.0
2003-01-20 00:00:00+09:00,205.24671936035156,205.24671936035156,205.24671936035156,205.24671936035156,8000,0.0,0.0
2003-01-21 00:00:00+09:00,193.51831181844074,211.11088562011716,193.51831181844074,211.1108856201172,3000,0.0,0.0
2003-01-22 00:00:00+09:00,222.8393269328328,225.77142333984375,222.8393269328328,225.77142333984375,9000,0.0,0.0
2003-01-23 00:00:00+09:00,231.63555908203125,231.63555908203125,231.63555908203125,231.63555908203125,1000,0.0,0.0
2003-01-24 00:00:00+09:00,237.49972831912157,240.43182373046875,234.5676329077744,240.43182373046875,7000,0.0,0.0
2003-01-27 00:00:00+09:00,243.36395263671875,246.29604845161896,243.36395263671875,243.36395263671875,7000,0.0,0.0
2003-01-28 00:00:00+09:00,246.2960145531631,246.2960145531631,234.5676329077744,240.43182373046875,9000,0.0,0.0
2003-01-29 00:00:00+09:00,234.56767272949216,234.56767272949216,234.56767272949216,234.5676727294922,1000,0.0,0.0
2003-01-30 00:00:00+09:00,231.63555908203125,231.63555908203125,231.63555908203125,231.63555908203125,2000,0.0,0.0
2003-01-31 00:00:00+09:00,225.77142333984375,225.77142333984375,225.77142333984375,225.77142333984375,2000,0.0,0.0
2003-02-03 00:00:00+09:00,225.77142333984375,225.77142333984375,225.77142333984375,225.77142333984375,2000,0.0,0.0
2003-02-04 00:00:00+09:00,225.77142333984375,225.77142333984375,225.77142333984375,225.77142333984375,2000,0.0,0.0
2003-02-05 00:00:00+09:00,225.77142333984375,225.77142333984375,225.77142333984375,225.77142333984375,1000,0.0,0.0
2003-02-06 00:00:00+09:00,219.90721130371094,219.90721130371094,219.90721130371094,219.90721130371094,1000,0.0,0.0
2003-02-07 00:00:00+09:00,218.14788818359378,218.14788818359378,218.14788818359378,218.14788818359375,1000,0.0,0.0
2003-02-10 00:00:00+09:00,219.90721130371094,219.90721130371094,219.90721130371094,219.90721130371094,1000,0.0,0.0
2003-02-11 00:00:00+09:00,219.90721130371094,219.90721130371094,219.90721130371094,219.90721130371094,0,0.0,0.0
2003-02-12 00:00:00+09:00,219.90721130371094,219.90721130371094,219.90721130371094,219.90721130371094,2000,0.0,0.0
2003-02-13 00:00:00+09:00,222.8392486572266,222.8392486572266,222.8392486572266,222.83924865722656,1000,0.0,0.0
2003-02-14 00:00:00+09:00,223.4256591796875,223.4256591796875,223.4256591796875,223.4256591796875,2000,0.0,0.0
2003-02-17 00:00:00+09:00,222.8392486572266,223.42566773264033,222.8392486572266,222.83924865722656,2000,0.0,0.0
2003-02-18 00:00:00+09:00,225.77139516977164,228.7034912109375,222.83929912860577,228.7034912109375,17000,0.0,0.0
2003-02-19 00:00:00+09:00,231.63555908203125,231.63555908203125,231.63555908203125,231.63555908203125,1000,0.0,0.0
2003-02-20 00:00:00+09:00,228.7034912109375,228.7034912109375,228.7034912109375,228.7034912109375,4000,0.0,0.0
2003-02-21 00:00:00+09:00,240.43182373046875,240.43182373046875,240.43182373046875,240.43182373046875,3000,0.0,0.0
2003-02-24 00:00:00+09:00,258.0243954865829,281.4811587126359,255.09230008332628,269.7527770996094,38000,0.0,0.0
2003-02-25 00:00:00+09:00,269.75282363891597,269.75282363891597,234.56767272949216,234.5676727294922,24000,0.0,0.0
2003-02-26 00:00:00+09:00,231.6355259211983,231.6355259211983,222.83924012672244,223.4256591796875,11000,0.0,0.0
2003-02-27 00:00:00+09:00,237.49972534179685,237.49972534179685,237.49972534179685,237.49972534179688,2000,0.0,0.0
2003-02-28 00:00:00+09:00,240.43184706744026,249.22813415527344,240.43184706744026,249.22813415527344,10000,0.0,0.0
2003-03-03 00:00:00+09:00,254.5059051513672,254.5059051513672,254.5059051513672,254.5059051513672,2000,0.0,0.0
2003-03-04 00:00:00+09:00,240.43182373046875,240.43182373046875,240.43182373046875,240.43182373046875,1000,0.0,0.0
2003-03-05 00:00:00+09:00,240.43182373046875,240.43182373046875,240.43182373046875,240.43182373046875,1000,0.0,0.0
2003-03-06 00:00:00+09:00,240.43182373046875,240.43182373046875,240.43182373046875,240.43182373046875,1000,0.0,0.0
2003-03-07 00:00:00+09:00,243.36395263671875,243.36395263671875,243.36395263671875,243.36395263671875,1000,0.0,0.0
2003-03-10 00:00:00+09:00,234.56767272949216,234.56767272949216,234.56767272949216,234.5676727294922,1000,0.0,0.0
2003-03-11 00:00:00+09:00,234.56767272949216,234.56767272949216,234.56767272949216,234.5676727294922,1000,0.0,0.0
2003-03-12 00:00:00+09:00,222.8392486572266,222.8392486572266,222.8392486572266,222.83924865722656,2000,0.0,0.0
2003-03-13 00:00:00+09:00,237.49972534179685,237.49972534179685,237.49972534179685,237.49972534179688,2000,0.0,0.0
2003-03-14 00:00:00+09:00,237.49972534179685,237.49972534179685,237.49972534179685,237.49972534179688,4000,0.0,0.0
2003-03-17 00:00:00+09:00,231.63555908203125,231.63555908203125,231.63555908203125,231.63555908203125,1000,0.0,0.0
2003-03-18 00:00:00+09:00,234.56767272949216,234.56767272949216,234.56767272949216,234.5676727294922,2000,0.0,0.0
2003-03-19 00:00:00+09:00,230.4626770019531,230.4626770019531,230.4626770019531,230.46267700195312,1000,0.0,0.0
2003-03-20 00:00:00+09:00,243.36395263671875,243.36395263671875,240.4318568218185,243.36395263671875,18000,0.0,0.0
2003-03-21 00:00:00+09:00,243.36395263671875,243.36395263671875,243.36395263671875,243.36395263671875,0,0.0,0.0
2003-03-24 00:00:00+09:00,269.7528448807566,281.48122944078943,258.0244603207237,278.54913330078125,24000,0.0,0.0
2003-03-25 00:00:00+09:00,258.02434393700133,275.6169128417969,258.02434393700133,275.6169128417969,17000,0.0,0.0
2003-03-26 00:00:00+09:00,258.0243954865829,269.7527770996094,258.0243954865829,269.7527770996094,10000,0.0,0.0
2003-03-27 00:00:00+09:00,263.8885803222656,263.8885803222656,263.8885803222656,263.8885803222656,2000,0.0,0.0
2003-03-28 00:00:00+09:00,269.7527770996094,269.7527770996094,269.7527770996094,269.7527770996094,2000,0.0,0.0
2003-03-31 00:00:00+09:00,275.6169128417969,275.6169128417969,275.6169128417969,275.6169128417969,4000,0.0,0.0
2003-04-01 00:00:00+09:00,275.61696166992186,275.61696166992186,263.8885803222656,263.8885803222656,34000,0.0,0.0
2003-04-02 00:00:00+09:00,263.8885803222656,263.8885803222656,263.8885803222656,263.8885803222656,2000,0.0,0.0
2003-04-03 00:00:00+09:00,260.9564514160156,260.9564514160156,260.9564514160156,260.9564514160156,1000,0.0,0.0
2003-04-04 00:00:00+09:00,266.8206787109375,266.8206787109375,266.8206787109375,266.8206787109375,2000,0.0,0.0
2003-04-07 00:00:00+09:00,269.7527770996094,269.7527770996094,269.7527770996094,269.7527770996094,1000,0.0,0.0
2003-04-08 00:00:00+09:00,272.68487548828125,272.68487548828125,272.68487548828125,272.68487548828125,3000,0.0,0.0
2003-04-09 00:00:00+09:00,272.68487548828125,272.68487548828125,272.68487548828125,272.68487548828125,5000,0.0,0.0
2003-04-10 00:00:00+09:00,275.6169709236391,275.6169709236391,272.68487548828125,272.68487548828125,8000,0.0,0.0
2003-04-11 00:00:00+09:00,272.68487548828125,272.68487548828125,272.68487548828125,272.68487548828125,1000,0.0,0.0
2003-04-14 00:00:00+09:00,269.7527770996094,269.7527770996094,269.7527770996094,269.7527770996094,1000,0.0,0.0
2003-04-15 00:00:00+09:00,272.6848180243309,275.6169128417969,272.6848180243309,275.6169128417969,2000,0.0,0.0
2003-04-16 00:00:00+09:00,272.68487548828125,278.5490663589969,272.68487548828125,272.68487548828125,56000,0.0,0.0
2003-04-17 00:00:00+09:00,272.68487548828125,272.68487548828125,269.75278005292336,272.68487548828125,9000,0.0,0.0
2003-04-18 00:00:00+09:00,275.6169128417969,275.6169128417969,275.6169128417969,275.6169128417969,1000,0.0,0.0
2003-04-21 00:00:00+09:00,281.48116687112605,283.82684326171875,281.48116687112605,283.82684326171875,3000,0.0,0.0
2003-04-22 00:00:00+09:00,293.2095209757487,293.2095209757487,281.48114013671875,281.48114013671875,11000,0.0,0.0
2003-04-23 00:00:00+09:00,293.2095209757487,293.2095209757487,281.48114013671875,281.48114013671875,8000,0.0,0.0
2003-04-24 00:00:00+09:00,284.41326904296875,284.41326904296875,284.41326904296875,284.41326904296875,2000,0.0,0.0
2003-04-25 00:00:00+09:00,281.48114013671875,281.48114013671875,281.48114013671875,281.48114013671875,2000,0.0,0.0
2003-04-28 00:00:00+09:00,269.7527770996094,293.2095403256624,269.7527770996094,269.7527770996094,3000,0.0,0.0
2003-04-29 00:00:00+09:00,269.7527770996094,269.7527770996094,269.7527770996094,269.7527770996094,0,0.0,0.0
2003-04-30 00:00:00+09:00,269.7527327104048,269.7527327104048,258.02435302734375,258.02435302734375,3000,0.0,0.0
2003-05-01 00:00:00+09:00,258.02435302734375,258.02435302734375,258.02435302734375,258.02435302734375,1000,0.0,0.0
2003-05-02 00:00:00+09:00,258.02435302734375,258.02435302734375,258.02435302734375,258.02435302734375,3000,0.0,0.0
2003-05-05 00:00:00+09:00,258.02435302734375,258.02435302734375,258.02435302734375,258.02435302734375,0,0.0,0.0
2003-05-06 00:00:00+09:00,263.8885803222656,263.8885803222656,263.8885803222656,263.8885803222656,1000,0.0,0.0
2003-05-07 00:00:00+09:00,252.16019897460936,263.8885803222656,252.16019897460936,263.8885803222656,4000,0.0,0.0
2003-05-08 00:00:00+09:00,263.8885803222656,263.8885803222656,263.8885803222656,263.8885803222656,1000,0.0,0.0
2003-05-09 00:00:00+09:00,249.2280682650479,258.02435302734375,249.2280682650479,258.02435302734375,5000,0.0,0.0
2003-05-12 00:00:00+09:00,252.74658216996625,258.02435302734375,252.74658216996625,258.02435302734375,2000,0.0,0.0
2003-05-13 00:00:00+09:00,260.95648498535155,263.8885803222656,257.4379705810547,263.8885803222656,6000,0.0,0.0
2003-05-14 00:00:00+09:00,281.48114013671875,281.48114013671875,281.48114013671875,281.48114013671875,1000,0.0,0.0
2003-05-15 00:00:00+09:00,281.48117348582474,284.41326904296875,281.48117348582474,284.41326904296875,12000,0.0,0.0
2003-05-16 00:00:00+09:00,284.41326904296875,284.41326904296875,284.41326904296875,284.41326904296875,5000,0.0,0.0
2003-05-19 00:00:00+09:00,287.34536460011276,287.34536460011276,284.41326904296875,284.41326904296875,6000,0.0,0.0
2003-05-20 00:00:00+09:00,281.48114013671875,281.48114013671875,281.48114013671875,281.48114013671875,1000,0.0,0.0
2003-05-21 00:00:00+09:00,281.48122944078943,281.48122944078943,278.54913330078125,278.54913330078125,3000,0.0,0.0
2003-05-22 00:00:00+09:00,281.48114013671875,281.48114013671875,281.48114013671875,281.48114013671875,7000,0.0,0.0
2003-05-23 00:00:00+09:00,284.41326904296875,284.41326904296875,284.41326904296875,284.41326904296875,1000,0.0,0.0
2003-05-26 00:00:00+09:00,281.48114013671875,281.48114013671875,275.6169497172038,281.48114013671875,8000,0.0,0.0
2003-05-27 00:00:00+09:00,281.48114013671875,281.48114013671875,281.48114013671875,281.48114013671875,1000,0.0,0.0
2003-05-28 00:00:00+09:00,276.20333180529,280.8946835132355,275.6169128417969,275.6169128417969,4000,0.0,0.0
2003-05-29 00:00:00+09:00,275.6169128417969,275.6169128417969,275.6169128417969,275.6169128417969,1000,0.0,0.0
2003-05-30 00:00:00+09:00,281.48114013671875,281.48114013671875,281.48114013671875,281.48114013671875,1000,0.0,0.0
2003-06-02 00:00:00+09:00,281.48114013671875,281.48114013671875,281.48114013671875,281.48114013671875,2000,0.0,0.0
2003-06-03 00:00:00+09:00,269.7527770996094,269.7527770996094,269.7527770996094,269.7527770996094,2000,0.0,0.0
2003-06-04 00:00:00+09:00,275.6169128417969,275.6169128417969,275.6169128417969,275.6169128417969,1000,0.0,0.0
2003-06-05 00:00:00+09:00,269.7527770996094,269.7527770996094,269.7527770996094,269.7527770996094,1000,0.0,0.0
2003-06-06 00:00:00+09:00,281.48114013671875,281.48114013671875,281.48114013671875,281.48114013671875,1000,0.0,0.0
2003-06-09 00:00:00+09:00,269.7527770996094,269.7527770996094,269.7527770996094,269.7527770996094,1000,0.0,0.0
2003-06-10 00:00:00+09:00,283.82684326171875,283.82684326171875,283.82684326171875,283.82684326171875,1000,0.0,0.0
2003-06-11 00:00:00+09:00,275.6169128417969,275.6169128417969,275.6169128417969,275.6169128417969,1000,0.0,0.0
2003-06-12 00:00:00+09:00,281.48114013671875,281.48114013671875,281.48114013671875,281.48114013671875,1000,0.0,0.0
2003-06-13 00:00:00+09:00,281.48117348582474,293.2095557144008,281.48117348582474,284.41326904296875,59000,0.0,0.0
2003-06-16 00:00:00+09:00,293.2095557144008,293.2095557144008,282.65401170868233,284.41326904296875,3000,0.0,0.0
2003-06-17 00:00:00+09:00,282.0676400952704,283.240478515625,282.0676400952704,283.240478515625,2000,0.0,0.0
2003-06-18 00:00:00+09:00,284.41326904296875,284.41326904296875,284.41326904296875,284.41326904296875,2000,0.0,0.0
2003-06-19 00:00:00+09:00,282.06759259725357,284.41326904296875,282.06759259725357,284.41326904296875,2000,0.0,0.0
2003-06-20 00:00:00+09:00,287.34539794921875,293.20958974410075,287.34539794921875,287.34539794921875,19000,0.0,0.0
2003-06-23 00:00:00+09:00,293.20958974410075,293.20958974410075,287.34539794921875,287.34539794921875,3000,0.0,0.0
2003-06-24 00:00:00+09:00,290.2774987792969,293.2095947265625,290.2774987792969,293.2095947265625,18000,0.0,0.0
2003-06-25 00:00:00+09:00,293.2095947265625,296.1416906738281,293.2095947265625,293.2095947265625,24000,0.0,0.0
2003-06-26 00:00:00+09:00,287.34539794921875,293.20958974410075,287.34539794921875,287.34539794921875,20000,0.0,0.0
2003-06-27 00:00:00+09:00,287.3454075233609,299.07379150390625,287.3454075233609,299.07379150390625,42000,0.0,0.0
2003-06-30 00:00:00+09:00,303.17865783691406,357.7156311035156,299.07372436523434,351.8514404296875,145000,0.0,0.0
2003-07-01 00:00:00+09:00,345.9872032903856,363.57977294921875,343.05510834724674,363.57977294921875,33000,0.0,0.0
2003-07-02 00:00:00+09:00,363.57977294921875,363.57977294921875,363.57977294921875,363.57977294921875,1000,0.0,0.0
2003-07-03 00:00:00+09:00,354.7835147516514,360.647705078125,351.8514195884146,360.647705078125,32000,0.0,0.0
2003-07-04 00:00:00+09:00,366.5118678923576,366.5118678923576,360.6476780060799,363.57977294921875,6000,0.0,0.0
2003-07-07 00:00:00+09:00,357.7156066894531,357.7156066894531,357.7156066894531,357.7156066894531,1000,0.0,0.0
2003-07-08 00:00:00+09:00,360.6476737574527,360.6476737574527,334.2588195800781,334.2588195800781,9000,0.0,0.0
2003-07-09 00:00:00+09:00,334.2588195800781,337.1909144886753,334.2588195800781,334.2588195800781,14000,0.0,0.0
2003-07-10 00:00:00+09:00,340.1231079101563,340.1231079101563,334.25891639446394,340.12310791015625,35000,0.0,0.0
2003-07-11 00:00:00+09:00,334.258905683245,334.258905683245,328.39471435546875,328.39471435546875,12000,0.0,0.0
2003-07-14 00:00:00+09:00,334.258905683245,334.258905683245,325.46261869158064,328.39471435546875,10000,0.0,0.0
2003-07-15 00:00:00+09:00,328.39475203804346,337.1910400390625,328.39475203804346,337.1910400390625,13000,0.0,0.0
2003-07-16 00:00:00+09:00,337.1910400390625,340.1231360394022,334.25894403872286,337.1910400390625,6000,0.0,0.0
2003-07-17 00:00:00+09:00,337.1910400390625,337.1910400390625,337.1910400390625,337.1910400390625,1000,0.0,0.0
2003-07-18 00:00:00+09:00,340.1231079101563,340.1231079101563,340.1231079101563,340.12310791015625,4000,0.0,0.0
2003-07-21 00:00:00+09:00,340.1231079101563,340.1231079101563,340.1231079101563,340.12310791015625,0,0.0,0.0
2003-07-22 00:00:00+09:00,353.02432924467945,354.1971675478179,340.1231079101563,340.12310791015625,22000,0.0,0.0
2003-07-23 00:00:00+09:00,345.9872741699219,345.9872741699219,345.9872741699219,345.9872741699219,1000,0.0,0.0
2003-07-24 00:00:00+09:00,334.2588195800781,334.2588195800781,334.2588195800781,334.2588195800781,1000,0.0,0.0
2003-07-25 00:00:00+09:00,345.9872741699219,345.9872741699219,345.9872741699219,345.9872741699219,1000,0.0,0.0
2003-07-28 00:00:00+09:00,345.9872741699219,345.9872741699219,345.9872741699219,345.9872741699219,1000,0.0,0.0
2003-07-29 00:00:00+09:00,347.160112387447,347.160112387447,345.9872741699219,345.9872741699219,3000,0.0,0.0
2003-07-30 00:00:00+09:00,345.9872741699219,345.9872741699219,345.9872741699219,345.9872741699219,1000,0.0,0.0
2003-07-31 00:00:00+09:00,340.1231079101563,340.1231079101563,340.1231079101563,340.12310791015625,1000,0.0,0.0
2003-08-01 00:00:00+09:00,334.2588195800781,334.2588195800781,334.2588195800781,334.2588195800781,3000,0.0,0.0
2003-08-04 00:00:00+09:00,331.3269107670329,331.913330078125,331.3269107670329,331.913330078125,2000,0.0,0.0
2003-08-05 00:00:00+09:00,334.2588195800781,334.2588195800781,334.2588195800781,334.2588195800781,1000,0.0,0.0
2003-08-06 00:00:00+09:00,325.4625549316406,325.4625549316406,325.4625549316406,325.4625549316406,1000,0.0,0.0
2003-08-07 00:00:00+09:00,328.39470595613534,331.32680154502935,319.5984191894531,319.5984191894531,8000,0.0,0.0
2003-08-08 00:00:00+09:00,322.53057861328125,322.53057861328125,322.53057861328125,322.53057861328125,1000,0.0,0.0
2003-08-11 00:00:00+09:00,316.66634347098216,316.66634347098216,304.9379603794643,307.87005615234375,4000,0.0,0.0
2003-08-12 00:00:00+09:00,313.734228011665,322.5305147783472,313.734228011665,319.5984191894531,35000,0.0,0.0
2003-08-13 00:00:00+09:00,319.598477964048,319.598477964048,316.6663818359375,316.6663818359375,2000,0.0,0.0
2003-08-14 00:00:00+09:00,310.80211513482254,310.80211513482254,299.0737334316217,302.0058288574219,6000,0.0,0.0
2003-08-15 00:00:00+09:00,302.0058288574219,302.0058288574219,302.0058288574219,302.0058288574219,0,0.0,0.0
2003-08-18 00:00:00+09:00,310.8020870502179,310.8020870502179,304.9378967285156,304.9378967285156,4000,0.0,0.0
2003-08-19 00:00:00+09:00,307.8699378247531,310.8020324707031,307.8699378247531,310.8020324707031,6000,0.0,0.0
2003-08-20 00:00:00+09:00,310.8020324707031,310.8020324707031,306.1106810371831,310.8020324707031,4000,0.0,0.0
2003-08-21 00:00:00+09:00,307.86999188936676,308.456410921537,304.9378967285156,304.9378967285156,5000,0.0,0.0
2003-08-22 00:00:00+09:00,305.5243251907491,313.73419189453125,305.5243251907491,313.73419189453125,14000,0.0,0.0
2003-08-25 00:00:00+09:00,316.6663818359375,316.6663818359375,316.6663818359375,316.6663818359375,1000,0.0,0.0
2003-08-26 00:00:00+09:00,321.94405859831335,321.94405859831335,307.8700013918297,313.73419189453125,5000,0.0,0.0
2003-08-27 00:00:00+09:00,314.32061140981466,314.32061140981466,308.4564208984375,308.4564208984375,8000,0.0,0.0
2003-08-28 00:00:00+09:00,312.5612892582732,313.1477081874632,304.93784317880306,310.8020324707031,31000,0.0,0.0
2003-08-29 00:00:00+09:00,307.87005615234375,307.87005615234375,307.87005615234375,307.87005615234375,1000,0.0,0.0
2003-09-01 00:00:00+09:00,313.73417457374364,325.4625549316406,307.86998439479515,325.4625549316406,9000,0.0,0.0
2003-09-02 00:00:00+09:00,334.25889199467025,345.9872741699219,325.46260536323155,345.9872741699219,11000,0.0,0.0
2003-09-03 00:00:00+09:00,346.57362227901336,366.5118678923576,346.57362227901336,363.57977294921875,56000,0.0,0.0
2003-09-04 00:00:00+09:00,363.57986575062654,365.3391231655489,355.36999781432206,358.3020935058594,13000,0.0,0.0
2003-09-05 00:00:00+09:00,355.3699305800141,357.7156066894531,354.7835115526544,357.7156066894531,18000,0.0,0.0
2003-09-08 00:00:00+09:00,355.95635281694615,360.647705078125,351.8514195884146,360.647705078125,27000,0.0,0.0
2003-09-09 00:00:00+09:00,366.5118747287326,370.0303887261285,364.16619873046875,369.4439697265625,30000,0.0,0.0
2003-09-10 00:00:00+09:00,364.75267886347626,364.75267886347626,364.166259765625,364.166259765625,7000,0.0,0.0
2003-09-11 00:00:00+09:00,357.7156066894531,357.7156066894531,357.7156066894531,357.7156066894531,1000,0.0,0.0
2003-09-12 00:00:00+09:00,357.7156066894531,357.7156066894531,354.7835115526544,357.7156066894531,3000,0.0,0.0
2003-09-15 00:00:00+09:00,357.7156066894531,357.7156066894531,357.7156066894531,357.7156066894531,0,0.0,0.0
2003-09-16 00:00:00+09:00,363.5798508864183,384.1045198880709,358.30207885742186,381.17242431640625,72000,0.0,0.0
2003-09-17 00:00:00+09:00,384.1045227050781,387.0366182982467,384.1045227050781,384.1045227050781,50000,0.0,0.0
2003-09-18 00:00:00+09:00,381.17246485468166,392.9008483886719,381.17246485468166,392.9008483886719,18000,0.0,0.0
2003-09-19 00:00:00+09:00,392.90081490410694,422.2217712402343,392.90081490410694,422.2217712402344,54000,0.0,0.0
2003-09-22 00:00:00+09:00,428.67235659246575,432.777290239726,428.0859375,428.0859375,28000,0.0,0.0
2003-09-23 00:00:00+09:00,428.0859375,428.0859375,428.0859375,428.0859375,0,0.0,0.0
2003-09-24 00:00:00+09:00,433.9502126802274,433.9502126802274,428.0860206169811,432.7773742675781,29000,0.0,0.0
2003-09-25 00:00:00+09:00,431.0180840290768,431.0180840290768,416.35760498046875,416.35760498046875,6000,0.0,0.0
2003-09-26 00:00:00+09:00,422.2217465753425,433.9501284246575,419.2896511130137,428.0859375,33000,0.0,0.0
2003-09-29 00:00:00+09:00,425.7403378731864,425.7403378731864,410.4934387207031,410.4934387207031,3000,0.0,0.0
2003-09-30 00:00:00+09:00,422.2217712402343,422.2217712402343,419.2896756066216,422.2217712402344,11000,0.0,0.0
2003-10-01 00:00:00+09:00,420.4624938964844,420.4624938964844,420.4624938964844,420.4624938964844,1000,0.0,0.0
2003-10-02 00:00:00+09:00,419.8759460449219,419.8759460449219,419.8759460449219,419.8759460449219,1000,0.0,0.0
2003-10-03 00:00:00+09:00,416.35760498046875,419.28970079019035,416.35760498046875,416.35760498046875,3000,0.0,0.0
2003-10-06 00:00:00+09:00,407.56128446138825,411.66621826171877,369.4440420297476,381.17242431640625,11000,0.0,0.0
2003-10-07 00:00:00+09:00,381.1724271119096,387.0366182982467,381.1724271119096,384.1045227050781,11000,0.0,0.0
2003-10-08 00:00:00+09:00,363.57977294921875,376.48099069902975,363.57977294921875,363.57977294921875,23000,0.0,0.0
2003-10-09 00:00:00+09:00,363.5797863006592,375.30816650390625,363.5797863006592,375.30816650390625,12000,0.0,0.0
2003-10-10 00:00:00+09:00,367.09839128352195,372.3761636821668,367.09839128352195,370.0304870605469,7000,0.0,0.0
2003-10-13 00:00:00+09:00,370.0304870605469,370.0304870605469,370.0304870605469,370.0304870605469,0,0.0,0.0
2003-10-14 00:00:00+09:00,378.2402954101563,387.03658134992736,372.37610478364223,378.24029541015625,14000,0.0,0.0
2003-10-15 00:00:00+09:00,381.17242431640625,387.0366154597356,378.2403287447416,381.17242431640625,6000,0.0,0.0
2003-10-16 00:00:00+09:00,381.1723907234133,387.03658134992736,378.2402954101563,378.24029541015625,11000,0.0,0.0
2003-10-17 00:00:00+09:00,378.2403821569728,381.17247814268575,372.3761901855469,372.3761901855469,21000,0.0,0.0
2003-10-20 00:00:00+09:00,375.308241306391,398.7650063880404,375.308241306391,389.9687194824219,7000,0.0,0.0
2003-10-21 00:00:00+09:00,392.9008483886719,392.9008483886719,392.9008483886719,392.9008483886719,3000,0.0,0.0
2003-10-22 00:00:00+09:00,392.9008284859035,404.62921142578125,392.9008284859035,404.62921142578125,5000,0.0,0.0
2003-10-23 00:00:00+09:00,407.56131755130394,416.35760498046875,407.56131755130394,416.35760498046875,28000,0.0,0.0
2003-10-24 00:00:00+09:00,428.6723707590672,451.542716121042,428.08595164722163,442.7464294433594,32000,0.0,0.0
2003-10-27 00:00:00+09:00,448.6106301105915,454.4748213538672,443.91927711597094,446.26495361328125,40000,0.0,0.0
2003-10-28 00:00:00+09:00,452.81880485237417,470.6932313597047,450.4355479847301,458.7769470214844,43000,12.0,0.0
2003-10-29 00:00:00+09:00,458.7769993599215,461.75607078433654,458.7769993599215,459.9686279296875,9000,0.0,0.0
2003-10-30 00:00:00+09:00,458.7770717958861,470.693359375,458.7770717958861,470.693359375,26000,0.0,0.0
2003-10-31 00:00:00+09:00,471.8848950345092,485.588623046875,471.8848950345092,485.588623046875,62000,0.0,0.0
2003-11-03 00:00:00+09:00,485.588623046875,485.588623046875,485.588623046875,485.588623046875,0,0.0,0.0
2003-11-04 00:00:00+09:00,485.58873577117924,485.58873577117924,476.6515197753907,476.6515197753906,6000,0.0,0.0
2003-11-05 00:00:00+09:00,464.7350891905946,464.7350891905946,458.7769470214844,458.7769470214844,2000,0.0,0.0
2003-11-06 00:00:00+09:00,456.3939514160156,456.3939514160156,456.3939514160156,456.3939514160156,1000,0.0,0.0
2003-11-07 00:00:00+09:00,455.797964839612,456.9895935058594,455.797964839612,456.9895935058594,3000,0.0,0.0
2003-11-10 00:00:00+09:00,446.8606321603659,446.8606321603659,428.9862068739513,443.8815612792969,10000,0.0,0.0
2003-11-11 00:00:00+09:00,449.8397827148437,451.03141127832674,443.88163989742856,449.83978271484375,8000,0.0,0.0
2003-11-12 00:00:00+09:00,449.8397827148437,451.03141127832674,449.8397827148437,449.83978271484375,3000,0.0,0.0
2003-11-13 00:00:00+09:00,449.8397827148437,449.8397827148437,449.8397827148437,449.83978271484375,1000,0.0,0.0
2003-11-14 00:00:00+09:00,449.8398369236997,452.8189086914063,449.8398369236997,452.81890869140625,2000,0.0,0.0
2003-11-17 00:00:00+09:00,452.8189086914063,452.8189086914063,452.8189086914063,452.81890869140625,1000,0.0,0.0
2003-11-18 00:00:00+09:00,455.7979804591129,458.77705222681954,449.8398369236997,452.81890869140625,8000,0.0,0.0
2003-11-19 00:00:00+09:00,440.9026216205798,452.8189086914063,434.94447808516657,452.81890869140625,11000,0.0,0.0
2003-11-20 00:00:00+09:00,458.7769470214844,458.7769470214844,458.7769470214844,458.7769470214844,1000,0.0,0.0
2003-11-21 00:00:00+09:00,461.7561479954938,461.7561479954938,455.7980041503906,455.7980041503906,7000,0.0,0.0
2003-11-24 00:00:00+09:00,455.7980041503906,455.7980041503906,455.7980041503906,455.7980041503906,0,0.0,0.0
2003-11-25 00:00:00+09:00,464.7351379394532,467.7142093365009,462.3518808218149,464.7351379394531,6000,0.0,0.0
2003-11-26 00:00:00+09:00,467.7142944335938,467.7142944335938,464.73522249452634,467.71429443359375,10000,0.0,0.0
2003-11-27 00:00:00+09:00,467.7143710154407,473.67251586914057,467.7143710154407,473.6725158691406,6000,0.0,0.0
2003-11-28 00:00:00+09:00,479.630641542632,518.3585815429688,476.65156923491384,518.3585815429688,28000,0.0,0.0
2003-12-01 00:00:00+09:00,515.3794149959789,518.3584867589615,506.4421997070313,506.44219970703125,7000,0.0,0.0
2003-12-02 00:00:00+09:00,497.505103973021,506.4423214096621,494.5260314941406,494.5260314941406,3000,0.0,0.0
2003-12-03 00:00:00+09:00,488.5677795410156,488.5677795410156,488.5677795410156,488.5677795410156,1000,0.0,0.0
2003-12-04 00:00:00+09:00,479.6304321289062,479.6304321289062,479.6304321289062,479.63043212890625,1000,0.0,0.0
2003-12-05 00:00:00+09:00,482.6096358880764,488.5677795410156,482.6096358880764,488.5677795410156,6000,0.0,0.0
2003-12-08 00:00:00+09:00,487.9719763647152,488.5677907436709,470.693359375,470.693359375,16000,0.0,0.0
2003-12-09 00:00:00+09:00,467.7142093365009,467.7142093365009,449.8397809542143,464.7351379394531,17000,0.0,0.0
2003-12-10 00:00:00+09:00,462.947727952419,462.947727952419,446.86074126681365,458.18121337890625,12000,0.0,0.0
2003-12-11 00:00:00+09:00,452.8189086914063,452.8189086914063,443.8816933882864,452.81890869140625,5000,0.0,0.0
2003-12-12 00:00:00+09:00,458.18121337890625,458.18121337890625,458.18121337890625,458.18121337890625,1000,0.0,0.0
2003-12-15 00:00:00+09:00,458.1812574169304,476.65150316455697,458.1812574169304,470.693359375,10000,0.0,0.0
2003-12-16 00:00:00+09:00,488.56787800339026,488.56787800339026,470.69344344229063,473.6725158691406,11000,0.0,0.0
2003-12-17 00:00:00+09:00,467.7142093365009,473.6723521305965,464.7351379394532,464.7351379394531,5000,0.0,0.0
2003-12-18 00:00:00+09:00,459.3729682202609,482.6097331496904,458.7771537348909,473.6725158691406,40000,0.0,0.0
2003-12-19 00:00:00+09:00,479.63059177398685,485.58873577117924,476.6515197753907,476.6515197753906,9000,0.0,0.0
2003-12-22 00:00:00+09:00,483.2054502533704,491.54685136748526,483.2054502533704,488.5677795410156,6000,0.0,0.0
2003-12-23 00:00:00+09:00,488.5677795410156,488.5677795410156,488.5677795410156,488.5677795410156,0,0.0,0.0
2003-12-24 00:00:00+09:00,491.5466744559152,503.4629574730283,491.5466744559152,500.48388671875,5000,0.0,0.0
2003-12-25 00:00:00+09:00,500.48388671875006,500.48388671875006,500.48388671875006,500.48388671875,2000,0.0,0.0
2003-12-26 00:00:00+09:00,500.4840363078034,515.37939453125,497.50496466311415,515.37939453125,12000,0.0,0.0
2003-12-29 00:00:00+09:00,521.3375257409137,548.149169921875,518.3584541652514,548.149169921875,13000,0.0,0.0
2003-12-30 00:00:00+09:00,548.7449094188456,583.89794921875,548.1490951849489,583.89794921875,30000,0.0,0.0
2003-12-31 00:00:00+09:00,583.89794921875,583.89794921875,583.89794921875,583.89794921875,0,0.0,0.0
2004-01-01 00:00:00+09:00,583.89794921875,583.89794921875,583.89794921875,583.89794921875,0,0.0,0.0
2004-01-02 00:00:00+09:00,583.89794921875,583.89794921875,583.89794921875,583.89794921875,0,0.0,0.0
2004-01-05 00:00:00+09:00,583.89794921875,595.8142338966836,583.89794921875,583.89794921875,4000,0.0,0.0
2004-01-06 00:00:00+09:00,583.89794921875,586.8770203882334,577.9398068797831,583.89794921875,7000,0.0,0.0
2004-01-07 00:00:00+09:00,577.9398130759215,580.9188842773438,577.9398130759215,580.9188842773438,2000,0.0,0.0
2004-01-08 00:00:00+09:00,571.9817023026317,571.9817023026317,566.0235595703125,566.0235595703125,2000,0.0,0.0
2004-01-09 00:00:00+09:00,557.0863037109375,557.0863037109375,557.0863037109375,557.0863037109375,2000,0.0,0.0
2004-01-12 00:00:00+09:00,557.0863037109375,557.0863037109375,557.0863037109375,557.0863037109375,0,0.0,0.0
2004-01-13 00:00:00+09:00,542.1910685714839,545.1701403768218,540.4036254882812,540.4036254882812,6000,0.0,0.0
2004-01-14 00:00:00+09:00,536.2329783519554,540.4036792946928,533.25390625,533.25390625,7000,0.0,0.0
2004-01-15 00:00:00+09:00,527.295791015625,527.295791015625,521.337646484375,521.337646484375,6000,0.0,0.0
2004-01-16 00:00:00+09:00,518.3583859530362,524.3165283203125,515.3793147693981,524.3165283203125,5000,0.0,0.0
2004-01-19 00:00:00+09:00,533.25390625,533.25390625,533.25390625,533.25390625,1000,0.0,0.0
2004-01-20 00:00:00+09:00,548.149203686004,566.0236342409823,548.149203686004,560.0654907226562,5000,0.0,0.0
2004-01-21 00:00:00+09:00,554.1073608398438,569.0027200022051,554.1073608398438,554.1073608398438,7000,0.0,0.0
2004-01-22 00:00:00+09:00,560.0654731362553,563.0445448018736,560.0654731362553,562.44873046875,4000,0.0,0.0
2004-01-23 00:00:00+09:00,557.0864014706369,566.023616467492,557.0864014706369,562.44873046875,4000,0.0,0.0
2004-01-26 00:00:00+09:00,557.0863037109375,557.0863037109375,557.0863037109375,557.0863037109375,1000,0.0,0.0
2004-01-27 00:00:00+09:00,560.0654907226562,560.0654907226562,560.0654907226562,560.0654907226562,1000,0.0,0.0
2004-01-28 00:00:00+09:00,566.0236887452464,569.002760791274,563.0446166992188,563.0446166992188,8000,0.0,0.0
2004-01-29 00:00:00+09:00,557.6821472167969,571.981689453125,554.1072616577148,571.981689453125,22000,0.0,0.0
2004-01-30 00:00:00+09:00,569.0025994716547,580.9188842773438,548.1491010616987,580.9188842773438,24000,0.0,0.0
2004-02-02 00:00:00+09:00,589.8560668945312,601.7723510742187,586.8769958496093,595.814208984375,6000,0.0,0.0
2004-02-03 00:00:00+09:00,595.814208984375,601.7723510742187,592.8351379394531,595.814208984375,14000,0.0,0.0
2004-02-04 00:00:00+09:00,601.7724880642362,601.7724880642362,589.856201171875,589.856201171875,6000,0.0,0.0
2004-02-05 00:00:00+09:00,595.2185668945312,595.8143812758071,583.898093650291,595.2185668945312,15000,0.0,0.0
2004-02-06 00:00:00+09:00,589.8562374630491,595.8143812758071,589.8562374630491,595.2185668945312,9000,0.0,0.0
2004-02-09 00:00:00+09:00,589.856201171875,589.856201171875,589.856201171875,589.856201171875,1000,0.0,0.0
2004-02-10 00:00:00+09:00,580.9189008958269,601.7723999023438,580.9189008958269,601.7723999023438,17000,0.0,0.0
2004-02-11 00:00:00+09:00,601.7723999023438,601.7723999023438,601.7723999023438,601.7723999023438,0,0.0,0.0
2004-02-12 00:00:00+09:00,607.7306518554688,613.6887955011106,601.7725082098269,607.7306518554688,31000,0.0,0.0
2004-02-13 00:00:00+09:00,601.7726144142521,619.6470485057646,595.8144697170814,613.6889038085938,11000,0.0,0.0
2004-02-16 00:00:00+09:00,619.646728515625,619.646728515625,619.646728515625,619.646728515625,16000,0.0,0.0
2004-02-17 00:00:00+09:00,619.646728515625,619.646728515625,619.646728515625,619.646728515625,2000,0.0,0.0
2004-02-18 00:00:00+09:00,619.6468377976191,625.60498046875,619.6468377976191,625.60498046875,10000,0.0,0.0
2004-02-19 00:00:00+09:00,631.563123139881,631.563123139881,625.60498046875,625.60498046875,9000,0.0,0.0
2004-02-20 00:00:00+09:00,631.5632652000145,649.4376972339772,631.5632652000145,643.4795532226562,8000,0.0,0.0
2004-02-23 00:00:00+09:00,655.3956782710445,661.3538208007812,655.3956782710445,661.3538208007812,11000,0.0,0.0
2004-02-24 00:00:00+09:00,655.3956782710445,685.1863909197284,655.3956782710445,661.3538208007812,20000,0.0,0.0
2004-02-25 00:00:00+09:00,667.3119633305181,673.2701058602548,661.3538208007812,661.3538208007812,57000,0.0,0.0
2004-02-26 00:00:00+09:00,655.3956909179688,655.3956909179688,655.3956909179688,655.3956909179688,1000,0.0,0.0
2004-02-27 00:00:00+09:00,655.3956782710445,661.3538208007812,637.5212506818342,661.3538208007812,28000,0.0,0.0
2004-03-01 00:00:00+09:00,655.3956909179688,655.3956909179688,655.3956909179688,655.3956909179688,2000,0.0,0.0
2004-03-02 00:00:00+09:00,649.43754827326,661.3538335626776,649.43754827326,655.3956909179688,5000,0.0,0.0
2004-03-03 00:00:00+09:00,661.3538208007812,661.3538208007812,661.3538208007812,661.3538208007812,1000,0.0,0.0
2004-03-04 00:00:00+09:00,655.3956909179688,655.3956909179688,655.3956909179688,655.3956909179688,2000,0.0,0.0
2004-03-05 00:00:00+09:00,655.3956909179688,655.3956909179688,655.3956909179688,655.3956909179688,2000,0.0,0.0
2004-03-08 00:00:00+09:00,649.4376220703125,649.4376220703125,649.4376220703125,649.4376220703125,7000,0.0,0.0
2004-03-09 00:00:00+09:00,643.4795532226562,643.4795532226562,643.4795532226562,643.4795532226562,3000,0.0,0.0
2004-03-10 00:00:00+09:00,631.563232421875,631.563232421875,631.563232421875,631.563232421875,1000,0.0,0.0
2004-03-11 00:00:00+09:00,619.6468722619743,637.5213012695312,589.8561572493794,637.5213012695312,25000,0.0,0.0
2004-03-12 00:00:00+09:00,631.563232421875,631.563232421875,631.563232421875,631.563232421875,1000,0.0,0.0
2004-03-15 00:00:00+09:00,649.4376220703125,649.4376220703125,649.4376220703125,649.4376220703125,1000,0.0,0.0
2004-03-16 00:00:00+09:00,625.60498046875,625.60498046875,625.60498046875,625.60498046875,2000,0.0,0.0
2004-03-17 00:00:00+09:00,613.6885868952825,619.646728515625,613.6885868952825,619.646728515625,2000,0.0,0.0
2004-03-18 00:00:00+09:00,613.6889038085938,613.6889038085938,613.6889038085938,613.6889038085938,1000,0.0,0.0
2004-03-19 00:00:00+09:00,619.646728515625,619.646728515625,619.646728515625,619.646728515625,1000,0.0,0.0
2004-03-22 00:00:00+09:00,619.646728515625,619.646728515625,613.6885868952825,619.646728515625,6000,0.0,0.0
2004-03-23 00:00:00+09:00,601.7726144142521,613.6889038085938,601.7726144142521,613.6889038085938,4000,0.0,0.0
2004-03-24 00:00:00+09:00,601.772557602316,607.7307017369924,577.9399810636105,586.877197265625,13000,0.0,0.0
2004-03-25 00:00:00+09:00,595.8144134676396,595.8144134676396,583.8981251982868,586.877197265625,6000,0.0,0.0
2004-03-26 00:00:00+09:00,589.856272985187,590.4520874023438,589.856272985187,590.4520874023438,2000,0.0,0.0
2004-03-29 00:00:00+09:00,586.8772008994032,601.7725613283221,586.8772008994032,590.4520874023438,9000,0.0,0.0
2004-03-30 00:00:00+09:00,591.0477432704208,607.7305424756343,591.0477432704208,601.7723999023438,15000,0.0,0.0
2004-03-31 00:00:00+09:00,595.8142983638414,601.7724413474799,593.4310411703862,594.02685546875,8000,0.0,0.0
2004-04-01 00:00:00+09:00,592.8353414003014,592.8353414003014,586.877197265625,586.877197265625,7000,0.0,0.0
2004-04-02 00:00:00+09:00,589.8560668945312,595.814208984375,589.8560668945312,595.814208984375,5000,0.0,0.0
2004-04-05 00:00:00+09:00,601.7724071155895,655.3956909179688,601.7724071155895,655.3956909179688,11000,0.0,0.0
2004-04-06 00:00:00+09:00,637.5214092113354,643.4795532226562,637.5214092113354,643.4795532226562,6000,0.0,0.0
2004-04-07 00:00:00+09:00,631.563232421875,631.563232421875,631.563232421875,631.563232421875,1000,0.0,0.0
2004-04-08 00:00:00+09:00,631.563232421875,631.563232421875,631.563232421875,631.563232421875,1000,0.0,0.0
2004-04-09 00:00:00+09:00,619.6467773437499,619.6467773437499,592.8351379394531,595.814208984375,6000,0.0,0.0
2004-04-12 00:00:00+09:00,595.8143321745987,655.3957653920586,595.8143321745987,649.4376220703125,16000,0.0,0.0
2004-04-13 00:00:00+09:00,655.3958412452981,655.3958412452981,643.4795532226562,643.4795532226562,11000,0.0,0.0
2004-04-14 00:00:00+09:00,649.4376635281545,649.4376635281545,595.814370209316,631.563232421875,16000,0.0,0.0
2004-04-15 00:00:00+09:00,631.563232421875,631.563232421875,631.563232421875,631.563232421875,2000,0.0,0.0
2004-04-16 00:00:00+09:00,613.6885868952825,619.646728515625,613.6885868952825,619.646728515625,2000,0.0,0.0
2004-04-19 00:00:00+09:00,631.563232421875,631.563232421875,631.563232421875,631.563232421875,1000,0.0,0.0
2004-04-20 00:00:00+09:00,631.563232421875,631.563232421875,631.563232421875,631.563232421875,2000,0.0,0.0
2004-04-21 00:00:00+09:00,637.5213012695312,637.5213012695312,637.5213012695312,637.5213012695312,1000,0.0,0.0
2004-04-22 00:00:00+09:00,607.7305862569364,637.5213012695312,607.7305862569364,637.5213012695312,16000,0.0,0.0
2004-04-23 00:00:00+09:00,637.5211533766527,637.5211533766527,613.6885868952825,619.646728515625,10000,0.0,0.0
2004-04-26 00:00:00+09:00,619.646728515625,625.6048701359676,619.646728515625,619.646728515625,3000,0.0,0.0
2004-04-27 00:00:00+09:00,619.6468377976191,625.60498046875,619.6468377976191,625.60498046875,2000,0.0,0.0
2004-04-28 00:00:00+09:00,625.60498046875,625.60498046875,619.6468377976191,625.60498046875,4000,0.0,0.0
2004-04-29 00:00:00+09:00,625.60498046875,625.60498046875,625.60498046875,625.60498046875,0,0.0,0.0
2004-04-30 00:00:00+09:00,625.60498046875,625.60498046875,625.60498046875,625.60498046875,1000,0.0,0.0
2004-05-03 00:00:00+09:00,625.60498046875,625.60498046875,625.60498046875,625.60498046875,0,0.0,0.0
2004-05-04 00:00:00+09:00,625.60498046875,625.60498046875,625.60498046875,625.60498046875,0,0.0,0.0
2004-05-05 00:00:00+09:00,625.60498046875,625.60498046875,625.60498046875,625.60498046875,0,0.0,0.0
2004-05-06 00:00:00+09:00,619.646728515625,625.6048701359676,619.646728515625,619.646728515625,3000,0.0,0.0
2004-05-07 00:00:00+09:00,619.6470485057646,619.6470485057646,613.6889038085938,613.6889038085938,7000,0.0,0.0
2004-05-10 00:00:00+09:00,619.6470485057646,619.6470485057646,607.7307591114229,613.6889038085938,8000,0.0,0.0
2004-05-11 00:00:00+09:00,601.7723510742187,607.7304931640625,595.814208984375,595.814208984375,6000,0.0,0.0
2004-05-12 00:00:00+09:00,607.7306518554688,607.7306518554688,607.7306518554688,607.7306518554688,1000,0.0,0.0
2004-05-13 00:00:00+09:00,595.814208984375,601.7723510742187,595.814208984375,595.814208984375,4000,0.0,0.0
2004-05-14 00:00:00+09:00,589.856186416123,589.856186416123,542.1910400390625,542.1910400390625,7000,0.0,0.0
2004-05-17 00:00:00+09:00,544.5742421091338,545.1700563783999,440.90255925684795,482.60955810546875,26000,0.0,0.0
2004-05-18 00:00:00+09:00,482.60974157861915,494.5260314941406,482.60974157861915,494.5260314941406,11000,0.0,0.0
2004-05-19 00:00:00+09:00,500.48415397328034,506.4422986634384,495.121823752138,503.4632263183594,15000,0.0,0.0
2004-05-20 00:00:00+09:00,500.48388671875006,500.48388671875006,500.48388671875006,500.48388671875,1000,0.0,0.0
2004-05-21 00:00:00+09:00,500.48414388390324,524.9125366210938,500.48414388390324,524.9125366210938,15000,0.0,0.0
2004-05-24 00:00:00+09:00,518.9543738629794,550.5325389774891,518.9543738629794,547.553466796875,17000,0.0,0.0
2004-05-25 00:00:00+09:00,548.1491907781093,595.8143378022928,548.1491907781093,592.8352661132812,16000,0.0,0.0
2004-05-26 00:00:00+09:00,595.8144134676396,607.7307017369924,586.877197265625,586.877197265625,12000,0.0,0.0
2004-05-27 00:00:00+09:00,592.8352661132812,592.8352661132812,592.8352661132812,592.8352661132812,1000,0.0,0.0
2004-05-28 00:00:00+09:00,601.7723999023438,601.7723999023438,595.8142573290532,601.7723999023438,9000,0.0,0.0
2004-05-31 00:00:00+09:00,607.7306576135023,631.563232421875,601.7725139114092,631.563232421875,12000,0.0,0.0
2004-06-01 00:00:00+09:00,649.4376422337124,679.2283597673688,649.4376422337124,667.3120727539062,18000,0.0,0.0
2004-06-02 00:00:00+09:00,655.3958072302477,655.3958072302477,595.814370209316,631.563232421875,49000,0.0,0.0
2004-06-03 00:00:00+09:00,631.5630117563102,649.4374366173378,619.646728515625,619.646728515625,8000,0.0,0.0
2004-06-04 00:00:00+09:00,619.646728515625,619.646728515625,619.646728515625,619.646728515625,1000,0.0,0.0
2004-06-07 00:00:00+09:00,601.7723036545974,619.646728515625,601.7723036545974,619.646728515625,8000,0.0,0.0
2004-06-08 00:00:00+09:00,619.646728515625,619.646728515625,619.646728515625,619.646728515625,2000,0.0,0.0
2004-06-09 00:00:00+09:00,619.6469391467524,619.6469391467524,607.7306518554688,607.7306518554688,2000,0.0,0.0
2004-06-10 00:00:00+09:00,592.8351379394531,601.7723510742187,592.8351379394531,595.814208984375,4000,0.0,0.0
2004-06-11 00:00:00+09:00,592.8352661132812,592.8352661132812,592.8352661132812,592.8352661132812,1000,0.0,0.0
2004-06-14 00:00:00+09:00,589.8562693329633,592.8353414003014,584.4939396117545,586.877197265625,9000,0.0,0.0
2004-06-15 00:00:00+09:00,592.8352661132812,592.8352661132812,590.4520087620721,592.8352661132812,3000,0.0,0.0
2004-06-16 00:00:00+09:00,595.8143506731305,679.2283597673688,595.8143506731305,667.3120727539062,52000,0.0,0.0
2004-06-17 00:00:00+09:00,679.2280951605903,810.307201244213,679.2280951605903,804.3490600585938,190000,0.0,0.0
2004-06-18 00:00:00+09:00,798.3911261307567,798.3911261307567,762.6422697368422,792.4329833984375,108000,0.0,0.0
2004-06-21 00:00:00+09:00,804.3494123571058,810.3075561523438,798.3912685618681,810.3075561523438,103000,0.0,0.0
2004-06-22 00:00:00+09:00,810.307502092634,834.1400756835938,810.307502092634,834.1400756835938,29000,0.0,0.0
2004-06-23 00:00:00+09:00,834.139904446072,863.930615319146,834.139904446072,857.9724731445312,34000,0.0,0.0
2004-06-24 00:00:00+09:00,863.93095703125,893.7216796875,863.93095703125,893.7216796875,16000,0.0,0.0
2004-06-25 00:00:00+09:00,881.8053906250001,893.7216796875,863.93095703125,893.7216796875,25000,0.0,0.0
2004-06-28 00:00:00+09:00,881.8052727449024,881.8052727449024,840.0982666015624,840.0982666015625,4000,0.0,0.0
2004-06-29 00:00:00+09:00,804.3492688630757,804.3492688630757,792.4329833984376,792.4329833984375,3000,0.0,0.0
2004-06-30 00:00:00+09:00,774.5586933809168,816.2656999475815,774.5586933809168,810.3075561523438,11000,0.0,0.0
2004-07-01 00:00:00+09:00,798.3913250547466,810.3076134883996,780.5168924042672,786.4750366210938,53000,0.0,0.0
2004-07-02 00:00:00+09:00,786.4748406661184,810.3074115953948,780.5166979337994,792.4329833984375,22000,0.0,0.0
2004-07-05 00:00:00+09:00,780.516777459092,780.516777459092,756.6842041015626,756.6842041015625,9000,0.0,0.0
2004-07-06 00:00:00+09:00,774.5587018427957,780.516845703125,768.6005579824665,780.516845703125,30000,0.0,0.0
2004-07-07 00:00:00+09:00,792.4329833984376,792.4329833984376,792.4329833984376,792.4329833984375,1000,0.0,0.0
2004-07-08 00:00:00+09:00,798.3912353515625,798.3912353515625,786.474948256763,798.3912353515625,11000,0.0,0.0
2004-07-09 00:00:00+09:00,828.1818237304688,828.1818237304688,828.1818237304688,828.1818237304688,2000,0.0,0.0
2004-07-12 00:00:00+09:00,834.1400756835938,834.1400756835938,828.1819322858538,834.1400756835938,6000,0.0,0.0
2004-07-13 00:00:00+09:00,834.1400756835938,834.1400756835938,828.1819322858538,834.1400756835938,8000,0.0,0.0
2004-07-14 00:00:00+09:00,828.1819322858538,834.1400756835938,828.1819322858538,834.1400756835938,5000,0.0,0.0
2004-07-15 00:00:00+09:00,828.1819322858538,834.1400756835938,822.2237888881139,834.1400756835938,23000,0.0,0.0
2004-07-16 00:00:00+09:00,828.1819322858538,834.1400756835938,828.1819322858538,834.1400756835938,22000,0.0,0.0
2004-07-19 00:00:00+09:00,834.1400756835938,834.1400756835938,834.1400756835938,834.1400756835938,0,0.0,0.0
2004-07-20 00:00:00+09:00,834.1400756835938,834.1400756835938,834.1400756835938,834.1400756835938,10000,0.0,0.0
2004-07-21 00:00:00+09:00,840.0982821595435,929.4704398360907,840.0982821595435,911.5960083007812,29000,0.0,0.0
2004-07-22 00:00:00+09:00,911.5959807365172,923.5122680664062,893.7215497416835,923.5122680664062,32000,0.0,0.0
2004-07-23 00:00:00+09:00,917.5541244014616,929.4704117313507,911.5959807365172,923.5122680664062,19000,0.0,0.0
2004-07-26 00:00:00+09:00,923.5120362120789,923.5120362120789,917.5538940429688,917.5538940429688,18000,0.0,0.0
2004-07-27 00:00:00+09:00,905.6377964564732,905.6377964564732,834.1400756835938,834.1400756835938,7000,0.0,0.0
2004-07-28 00:00:00+09:00,822.2239379882812,822.2239379882812,822.2239379882812,822.2239379882812,1000,0.0,0.0
2004-07-29 00:00:00+09:00,834.1400756835938,834.1400756835938,834.1400756835938,834.1400756835938,6000,0.0,0.0
2004-07-30 00:00:00+09:00,863.9305555100408,893.7212643207318,863.9305555100408,887.7631225585938,3000,0.0,0.0
2004-08-02 00:00:00+09:00,893.7212643207318,893.7212643207318,887.7631225585936,887.7631225585938,2000,0.0,0.0
2004-08-03 00:00:00+09:00,887.7631225585936,887.7631225585936,887.7631225585936,887.7631225585938,1000,0.0,0.0
2004-08-04 00:00:00+09:00,869.8890337876871,869.8890337876871,846.0564575195314,846.0564575195312,3000,0.0,0.0
2004-08-05 00:00:00+09:00,852.0145263671874,852.0145263671874,852.0145263671874,852.0145263671875,1000,0.0,0.0
2004-08-06 00:00:00+09:00,846.0563828261581,852.0145263671874,846.0563828261581,852.0145263671875,2000,0.0,0.0
2004-08-09 00:00:00+09:00,834.1400756835938,834.1400756835938,834.1400756835938,834.1400756835938,1000,0.0,0.0
2004-08-10 00:00:00+09:00,828.1818237304688,828.1818237304688,828.1818237304688,828.1818237304688,1000,0.0,0.0
2004-08-11 00:00:00+09:00,816.2657470703125,816.2657470703125,816.2657470703125,816.2657470703125,1000,0.0,0.0
2004-08-12 00:00:00+09:00,822.2239379882812,822.2239379882812,822.2239379882812,822.2239379882812,1000,0.0,0.0
2004-08-13 00:00:00+09:00,810.307522446362,810.307522446362,798.3912353515625,798.3912353515625,2000,0.0,0.0
2004-08-16 00:00:00+09:00,774.5587158203126,774.5587158203126,774.5587158203126,774.5587158203125,1000,0.0,0.0
2004-08-17 00:00:00+09:00,774.5587158203126,774.5587158203126,774.5587158203126,774.5587158203125,1000,0.0,0.0
2004-08-18 00:00:00+09:00,756.6840325978177,756.6840325978177,649.4374767965522,720.9351806640625,50000,0.0,0.0
2004-08-19 00:00:00+09:00,720.9351686571465,732.8514524366035,720.9351686571465,726.893310546875,12000,0.0,0.0
2004-08-20 00:00:00+09:00,720.9351686571465,738.8095943263319,714.977026767418,726.893310546875,35000,0.0,0.0
2004-08-23 00:00:00+09:00,720.9351806640625,726.8933226530218,720.9351806640625,720.9351806640625,4000,0.0,0.0
2004-08-24 00:00:00+09:00,726.8934197154472,738.8097052845528,726.8934197154472,732.8515625,29000,0.0,0.0
2004-08-25 00:00:00+09:00,738.8096313476562,738.8096313476562,738.8096313476562,738.8096313476562,2000,0.0,0.0
2004-08-26 00:00:00+09:00,750.7260742187501,750.7260742187501,750.7260742187501,750.72607421875,1000,0.0,0.0
2004-08-27 00:00:00+09:00,756.6842041015626,756.6842041015626,756.6842041015626,756.6842041015625,9000,0.0,0.0
2004-08-30 00:00:00+09:00,750.7260742187501,750.7260742187501,750.7260742187501,750.72607421875,1000,0.0,0.0
2004-08-31 00:00:00+09:00,762.64208984375,762.64208984375,762.64208984375,762.64208984375,1000,0.0,0.0
2004-09-01 00:00:00+09:00,768.6005579824665,780.516845703125,768.6005579824665,780.516845703125,4000,0.0,0.0
2004-09-02 00:00:00+09:00,768.6006039706143,786.4750366210938,768.6006039706143,786.4750366210938,3000,0.0,0.0
2004-09-03 00:00:00+09:00,780.516845703125,786.4749895634542,780.516845703125,780.516845703125,37000,0.0,0.0
2004-09-06 00:00:00+09:00,780.5168597881611,786.4750037560096,774.5587158203126,774.5587158203125,4000,0.0,0.0
2004-09-07 00:00:00+09:00,780.516845703125,780.516845703125,780.516845703125,780.516845703125,1000,0.0,0.0
2004-09-08 00:00:00+09:00,780.5165138244629,780.5165138244629,762.64208984375,762.64208984375,7000,0.0,0.0
2004-09-09 00:00:00+09:00,744.7679443359374,744.7679443359374,744.7679443359374,744.7679443359375,1000,0.0,0.0
2004-09-10 00:00:00+09:00,726.893310546875,726.893310546875,726.893310546875,726.893310546875,2000,0.0,0.0
2004-09-13 00:00:00+09:00,691.1446533203125,691.1446533203125,691.1446533203125,691.1446533203125,1000,0.0,0.0
2004-09-14 00:00:00+09:00,679.2284691734651,679.2284691734651,673.2703247070312,673.2703247070312,7000,0.0,0.0
2004-09-15 00:00:00+09:00,655.3955782376803,655.3955782376803,619.646728515625,619.646728515625,4000,0.0,0.0
2004-09-16 00:00:00+09:00,619.6469450176887,631.563232421875,619.6469450176887,631.563232421875,2000,0.0,0.0
2004-09-17 00:00:00+09:00,643.4794056285511,655.3956909179688,643.4794056285511,655.3956909179688,4000,0.0,0.0
2004-09-20 00:00:00+09:00,655.3956909179688,655.3956909179688,655.3956909179688,655.3956909179688,0,0.0,0.0
2004-09-21 00:00:00+09:00,643.4795198260613,649.4376635281545,631.563232421875,631.563232421875,6000,0.0,0.0
2004-09-22 00:00:00+09:00,631.5631203391335,661.3538335626776,631.5631203391335,655.3956909179688,4000,0.0,0.0
2004-09-23 00:00:00+09:00,655.3956909179688,655.3956909179688,655.3956909179688,655.3956909179688,0,0.0,0.0
2004-09-24 00:00:00+09:00,661.3538208007812,661.3538208007812,661.3538208007812,661.3538208007812,1000,0.0,0.0
2004-09-27 00:00:00+09:00,673.270222630994,691.1446533203125,673.270222630994,691.1446533203125,2000,0.0,0.0
2004-09-28 00:00:00+09:00,691.1447184244792,714.977294921875,691.1447184244792,714.977294921875,4000,0.0,0.0
2004-09-29 00:00:00+09:00,697.1027221679688,697.1027221679688,697.1027221679688,697.1027221679688,1000,0.0,0.0
2004-09-30 00:00:00+09:00,709.0190830078125,744.7679443359374,703.0609394531249,744.7679443359375,10000,0.0,0.0
2004-10-01 00:00:00+09:00,744.7679443359374,750.726087890625,744.7679443359374,744.7679443359375,7000,0.0,0.0
2004-10-04 00:00:00+09:00,738.8096313476562,738.8096313476562,738.8096313476562,738.8096313476562,4000,0.0,0.0
2004-10-05 00:00:00+09:00,738.8097052845528,738.8097052845528,732.8515625,732.8515625,3000,0.0,0.0
2004-10-06 00:00:00+09:00,726.893310546875,726.893310546875,726.893310546875,726.893310546875,1000,0.0,0.0
2004-10-07 00:00:00+09:00,738.8096313476562,738.8096313476562,738.8096313476562,738.8096313476562,1000,0.0,0.0
2004-10-08 00:00:00+09:00,726.8934197154472,732.8515625,714.9771341463414,732.8515625,5000,0.0,0.0
2004-10-11 00:00:00+09:00,732.8515625,732.8515625,732.8515625,732.8515625,0,0.0,0.0
2004-10-12 00:00:00+09:00,714.977294921875,714.977294921875,685.1865743001302,714.977294921875,5000,0.0,0.0
2004-10-13 00:00:00+09:00,709.0191795219808,709.0191795219808,703.06103515625,703.06103515625,2000,0.0,0.0
2004-10-14 00:00:00+09:00,679.2284576933263,703.06103515625,661.3540245961334,703.06103515625,7000,0.0,0.0
2004-10-15 00:00:00+09:00,697.1027221679688,697.1027221679688,697.1027221679688,697.1027221679688,1000,0.0,0.0
2004-10-18 00:00:00+09:00,691.1445792434563,697.1027221679688,679.2282933944311,697.1027221679688,4000,0.0,0.0
2004-10-19 00:00:00+09:00,673.2703247070312,673.2703247070312,673.2703247070312,673.2703247070312,1000,0.0,0.0
2004-10-20 00:00:00+09:00,691.1446533203125,691.1446533203125,691.1446533203125,691.1446533203125,1000,0.0,0.0
2004-10-21 00:00:00+09:00,685.1867065429688,685.1867065429688,685.1867065429688,685.1867065429688,1000,0.0,0.0
2004-10-22 00:00:00+09:00,679.2284576933263,703.06103515625,679.2284576933263,703.06103515625,8000,0.0,0.0
2004-10-25 00:00:00+09:00,709.0191795219808,709.0191795219808,703.06103515625,703.06103515625,5000,0.0,0.0
2004-10-26 00:00:00+09:00,705.4727783203125,705.4727783203125,705.4727783203125,705.4727783203125,1000,14.0,0.0
2004-10-27 00:00:00+09:00,711.5023193359375,711.5023193359375,705.472638663599,711.5023193359375,6000,0.0,0.0
2004-10-28 00:00:00+09:00,711.5023193359375,723.5616806806144,711.5023193359375,711.5023193359375,6000,0.0,0.0
2004-10-29 00:00:00+09:00,711.5026045086004,723.5619706867122,705.4729214195444,717.5322875976562,14000,0.0,0.0
2004-11-01 00:00:00+09:00,711.5023193359375,711.5023193359375,711.5023193359375,711.5023193359375,1000,0.0,0.0
2004-11-02 00:00:00+09:00,705.4727783203125,705.4727783203125,705.4727783203125,705.4727783203125,2000,0.0,0.0
2004-11-03 00:00:00+09:00,705.4727783203125,705.4727783203125,705.4727783203125,705.4727783203125,0,0.0,0.0
2004-11-04 00:00:00+09:00,705.4727972622576,711.5024792901402,699.443115234375,699.443115234375,24000,0.0,0.0
2004-11-05 00:00:00+09:00,663.2650756835938,663.2650756835938,663.2650756835938,663.2650756835938,1000,0.0,0.0
2004-11-08 00:00:00+09:00,669.2945556640625,669.2945556640625,663.2648749824043,669.2945556640625,5000,0.0,0.0
2004-11-09 00:00:00+09:00,663.2650756835938,663.2650756835938,657.2353931773793,663.2650756835938,3000,0.0,0.0
2004-11-10 00:00:00+09:00,669.2945556640625,669.2945556640625,669.2945556640625,669.2945556640625,1000,0.0,0.0
2004-11-11 00:00:00+09:00,663.2650756835938,663.2650756835938,663.2650756835938,663.2650756835938,1000,0.0,0.0
2004-11-12 00:00:00+09:00,663.2650756835938,663.2650756835938,663.2650756835938,663.2650756835938,1000,0.0,0.0
2004-11-15 00:00:00+09:00,669.2945987156459,675.3242797851561,669.2945987156459,675.3242797851562,3000,0.0,0.0
2004-11-16 00:00:00+09:00,675.3242797851561,675.3242797851561,675.3242797851561,675.3242797851562,1000,0.0,0.0
2004-11-17 00:00:00+09:00,669.2945556640625,669.2945556640625,669.2945556640625,669.2945556640625,1000,0.0,0.0
2004-11-18 00:00:00+09:00,663.2650756835938,663.2650756835938,663.2650756835938,663.2650756835938,2000,0.0,0.0
2004-11-19 00:00:00+09:00,669.2945556640625,669.2945556640625,669.2945556640625,669.2945556640625,1000,0.0,0.0
2004-11-22 00:00:00+09:00,663.2650756835938,669.2947581898082,663.2650756835938,663.2650756835938,6000,0.0,0.0
2004-11-23 00:00:00+09:00,663.2650756835938,663.2650756835938,663.2650756835938,663.2650756835938,0,0.0,0.0
2004-11-24 00:00:00+09:00,663.2650756835938,663.2650756835938,663.2650756835938,663.2650756835938,2000,0.0,0.0
2004-11-25 00:00:00+09:00,663.2650756835938,663.2650756835938,663.2650756835938,663.2650756835938,1000,0.0,0.0
2004-11-26 00:00:00+09:00,663.2650756835938,669.2947581898082,663.2650756835938,663.2650756835938,7000,0.0,0.0
2004-11-29 00:00:00+09:00,663.2650728314836,663.2650728314836,645.176025390625,645.176025390625,6000,0.0,0.0
2004-11-30 00:00:00+09:00,651.2057106711648,663.2650756835938,651.2057106711648,663.2650756835938,5000,0.0,0.0
2004-12-01 00:00:00+09:00,657.2354736328125,657.2354736328125,657.2354736328125,657.2354736328125,2000,0.0,0.0
2004-12-02 00:00:00+09:00,645.176025390625,645.176025390625,645.176025390625,645.176025390625,1000,0.0,0.0
2004-12-03 00:00:00+09:00,645.1760281649503,669.2947581898082,645.1760281649503,663.2650756835938,7000,0.0,0.0
2004-12-06 00:00:00+09:00,669.2948401214879,675.3245233658256,639.1464238997993,657.2354736328125,11000,0.0,0.0
2004-12-07 00:00:00+09:00,663.2651568771502,663.2651568771502,657.2354736328125,657.2354736328125,2000,0.0,0.0
2004-12-08 00:00:00+09:00,663.2651568771502,663.2651568771502,657.2354736328125,657.2354736328125,2000,0.0,0.0
2004-12-09 00:00:00+09:00,675.3242363457207,693.4132783906954,669.2945556640625,669.2945556640625,9000,0.0,0.0
2004-12-10 00:00:00+09:00,651.2057106711648,669.2947581898082,651.2057106711648,663.2650756835938,5000,0.0,0.0
2004-12-13 00:00:00+09:00,657.2354736328125,657.2354736328125,657.2354736328125,657.2354736328125,1000,0.0,0.0
2004-12-14 00:00:00+09:00,693.4135552414325,717.5322875976562,692.2076186236213,717.5322875976562,49000,0.0,0.0
2004-12-15 00:00:00+09:00,716.9290890136718,765.7695063476563,716.9290890136718,753.7101440429688,64000,0.0,0.0
2004-12-16 00:00:00+09:00,753.7102853098223,753.7102853098223,729.591556179908,747.6806030273438,22000,0.0,0.0
2004-12-17 00:00:00+09:00,747.6805608485773,747.6805608485773,741.6508789062501,741.65087890625,2000,0.0,0.0
2004-12-20 00:00:00+09:00,723.5618330792684,741.6508789062501,711.5024691946139,741.65087890625,7000,0.0,0.0
2004-12-21 00:00:00+09:00,741.6508789062501,741.6508789062501,741.6508789062501,741.65087890625,0,0.0,0.0
2004-12-22 00:00:00+09:00,741.0479686482747,741.0479686482747,694.0164458211262,723.5618896484375,4000,0.0,0.0
2004-12-23 00:00:00+09:00,723.5618896484374,723.5618896484374,723.5618896484374,723.5618896484375,0,0.0,0.0
2004-12-24 00:00:00+09:00,720.5470581054688,720.5470581054688,720.5470581054688,720.5470581054688,1000,0.0,0.0
2004-12-27 00:00:00+09:00,717.5322072347004,723.5618896484374,717.5322072347004,723.5618896484375,4000,0.0,0.0
2004-12-28 00:00:00+09:00,723.5618330792684,741.6508789062501,723.5618330792684,741.65087890625,3000,0.0,0.0
2004-12-29 00:00:00+09:00,742.2537915417113,742.2537915417113,732.6063011561163,739.8419189453125,10000,0.0,0.0
2004-12-30 00:00:00+09:00,753.7101440429688,753.7101440429688,753.7101440429688,753.7101440429688,1000,0.0,0.0
2004-12-31 00:00:00+09:00,753.7101440429688,753.7101440429688,753.7101440429688,753.7101440429688,0,0.0,0.0
2005-01-03 00:00:00+09:00,753.7101440429688,753.7101440429688,753.7101440429688,753.7101440429688,0,0.0,0.0
2005-01-04 00:00:00+09:00,753.7101440429688,753.7101440429688,753.7101440429688,753.7101440429688,0,0.0,0.0
2005-01-05 00:00:00+09:00,765.7695922851562,765.7695922851562,765.7695922851562,765.7695922851562,1000,0.0,0.0
2005-01-06 00:00:00+09:00,723.561994403812,765.1668090820312,723.561994403812,765.1668090820312,4000,0.0,0.0
2005-01-07 00:00:00+09:00,753.7101440429688,753.7101440429688,753.7101440429688,753.7101440429688,1000,0.0,0.0
2005-01-10 00:00:00+09:00,753.7101440429688,753.7101440429688,753.7101440429688,753.7101440429688,0,0.0,0.0
2005-01-11 00:00:00+09:00,753.7101440429688,753.7101440429688,753.7101440429688,753.7101440429688,4000,0.0,0.0
2005-01-12 00:00:00+09:00,747.0774947753906,756.7249846191406,747.0774947753906,753.7101440429688,13000,0.0,0.0
2005-01-13 00:00:00+09:00,776.6229763454861,776.6229763454861,753.7101866706969,759.7398681640625,4000,0.0,0.0
2005-01-14 00:00:00+09:00,759.7398681640625,759.7398681640625,759.7398681640625,759.7398681640625,4000,0.0,0.0
2005-01-17 00:00:00+09:00,759.7398681640625,759.7398681640625,759.7398681640625,759.7398681640625,6000,0.0,0.0
2005-01-18 00:00:00+09:00,759.7398681640625,759.7398681640625,759.7398681640625,759.7398681640625,1000,0.0,0.0
2005-01-19 00:00:00+09:00,777.2259444948227,777.2259444948227,753.1072185213603,759.7398681640625,5000,0.0,0.0
2005-01-20 00:00:00+09:00,771.7991943359375,771.7991943359375,771.7991943359375,771.7991943359375,1000,0.0,0.0
2005-01-21 00:00:00+09:00,795.9180715460526,801.94775390625,777.8290244654605,801.94775390625,6000,0.0,0.0
2005-01-24 00:00:00+09:00,801.94775390625,801.94775390625,801.94775390625,801.94775390625,0,0.0,0.0
2005-01-25 00:00:00+09:00,801.94775390625,801.94775390625,801.94775390625,801.94775390625,0,0.0,0.0
2005-01-26 00:00:00+09:00,801.94775390625,801.94775390625,801.94775390625,801.94775390625,0,0.0,0.0
2005-01-27 00:00:00+09:00,801.94775390625,801.94775390625,801.94775390625,801.94775390625,0,0.0,0.0
2005-01-28 00:00:00+09:00,777.2259503031886,777.8289184570312,753.7101923033249,777.8289184570312,3000,0.0,0.0
2005-01-31 00:00:00+09:00,750.0926104067172,750.0926104067172,725.973876953125,725.973876953125,5000,0.0,0.0
2005-02-01 00:00:00+09:00,725.9736107421875,765.7695063476563,725.9736107421875,753.7101440429688,4500,0.0,0.0
2005-02-02 00:00:00+09:00,753.7101440429688,753.7101440429688,753.7101440429688,753.7101440429688,0,0.0,0.0
2005-02-03 00:00:00+09:00,753.7101440429688,753.7101440429688,753.7101440429688,753.7101440429688,0,0.0,0.0
2005-02-04 00:00:00+09:00,753.7101440429688,753.7101440429688,753.7101440429688,753.7101440429688,100,0.0,0.0
2005-02-07 00:00:00+09:00,753.7101440429688,753.7101440429688,753.7101440429688,753.7101440429688,0,0.0,0.0
2005-02-08 00:00:00+09:00,723.5618118021091,728.9885253906249,723.5618118021091,728.988525390625,2100,0.0,0.0
2005-02-09 00:00:00+09:00,710.8994140625,710.8994140625,710.8994140625,710.8994140625,200,0.0,0.0
2005-02-10 00:00:00+09:00,711.5023193359375,711.5023193359375,711.5023193359375,711.5023193359375,1000,0.0,0.0
2005-02-11 00:00:00+09:00,711.5023193359375,711.5023193359375,711.5023193359375,711.5023193359375,0,0.0,0.0
2005-02-14 00:00:00+09:00,723.5617083246456,723.5617083246456,721.752804053834,722.958740234375,1400,0.0,0.0
2005-02-15 00:00:00+09:00,721.7528365584977,721.7528365584977,711.5023785622618,712.1053466796875,1600,0.0,0.0
2005-02-16 00:00:00+09:00,711.5024601862981,712.7083965594952,705.4727783203125,705.4727783203125,3100,0.0,0.0
2005-02-17 00:00:00+09:00,705.4726656165294,722.958740234375,694.0162719013892,722.958740234375,3000,0.0,0.0
2005-02-18 00:00:00+09:00,722.9590023778067,722.9590023778067,672.9126327386423,717.5322875976562,4000,0.0,0.0
2005-02-21 00:00:00+09:00,716.9292680828884,717.5322363487276,714.5173950195312,714.5173950195312,3500,0.0,0.0
2005-02-22 00:00:00+09:00,714.5173660278319,723.5618896484374,714.5173660278319,723.5618896484375,10300,0.0,0.0
2005-02-23 00:00:00+09:00,723.5618896484374,723.5618896484374,723.5618896484374,723.5618896484375,0,0.0,0.0
2005-02-24 00:00:00+09:00,722.3558959960938,722.3558959960938,722.3558959960938,722.3558959960938,100,0.0,0.0
2005-02-25 00:00:00+09:00,722.3558959960938,722.3558959960938,722.3558959960938,722.3558959960938,200,0.0,0.0
2005-02-28 00:00:00+09:00,722.3558959960938,722.3558959960938,722.3558959960938,722.3558959960938,2000,0.0,0.0
2005-03-01 00:00:00+09:00,718.7381591796875,718.7381591796875,718.7381591796875,718.7381591796875,1900,0.0,0.0
2005-03-02 00:00:00+09:00,720.5470581054688,721.7529946043901,711.5025343635591,720.5470581054688,6300,0.0,0.0
2005-03-03 00:00:00+09:00,723.561899352772,723.561899352772,717.5322168581655,720.5470581054688,1100,0.0,0.0
2005-03-04 00:00:00+09:00,720.5470581054688,720.5470581054688,720.5470581054688,720.5470581054688,3000,0.0,0.0
2005-03-07 00:00:00+09:00,723.5618896484374,723.5618896484374,723.5618896484374,723.5618896484375,4200,0.0,0.0
2005-03-08 00:00:00+09:00,693.4135131835938,693.4135131835938,672.9125919242528,693.4135131835938,8400,0.0,0.0
2005-03-09 00:00:00+09:00,678.3392715454102,735.6212544759114,678.3392715454102,723.5618896484375,22500,0.0,0.0
2005-03-10 00:00:00+09:00,724.1646764149161,735.6210701300563,722.958740234375,722.958740234375,21900,0.0,0.0
2005-03-11 00:00:00+09:00,723.5618896484374,723.5618896484374,723.5618896484374,723.5618896484375,35600,0.0,0.0
2005-03-14 00:00:00+09:00,753.7101556446926,753.7101556446926,729.5914306640625,729.5914306640625,600,0.0,0.0
2005-03-15 00:00:00+09:00,735.6212158203125,735.6212158203125,735.6212158203125,735.6212158203125,300,0.0,0.0
2005-03-16 00:00:00+09:00,741.6507931543775,741.6507931543775,729.5914306640625,729.5914306640625,1100,0.0,0.0
2005-03-17 00:00:00+09:00,729.5914306640625,729.5914306640625,729.5914306640625,729.5914306640625,7000,0.0,0.0
2005-03-18 00:00:00+09:00,729.5914306640625,729.5914306640625,729.5914306640625,729.5914306640625,1400,0.0,0.0
2005-03-21 00:00:00+09:00,729.5914306640625,729.5914306640625,729.5914306640625,729.5914306640625,0,0.0,0.0
2005-03-22 00:00:00+09:00,736.2240687011719,808.5802425292968,736.2240687011719,753.7101440429688,2500,0.0,0.0
2005-03-23 00:00:00+09:00,765.7697774107011,765.7697774107011,759.7400941240027,765.1668090820312,1100,0.0,0.0
2005-03-24 00:00:00+09:00,759.7398251953125,759.7398251953125,753.7101440429688,753.7101440429688,1300,0.0,0.0
2005-03-25 00:00:00+09:00,753.7101440429688,753.7101440429688,753.7101440429688,753.7101440429688,1300,0.0,0.0
2005-03-28 00:00:00+09:00,753.7102621109759,753.7102621109759,723.5618516265368,735.6212158203125,2900,0.0,0.0
2005-03-29 00:00:00+09:00,735.6212158203125,735.6212158203125,735.6212158203125,735.6212158203125,1100,0.0,0.0
2005-03-30 00:00:00+09:00,753.1071875201769,753.1071875201769,729.5914306640625,729.5914306640625,300,0.0,0.0
2005-03-31 00:00:00+09:00,729.5917168304956,753.1074829101562,723.5620332203263,753.1074829101562,2700,0.0,0.0
2005-04-01 00:00:00+09:00,753.1073170815745,753.1073170815745,747.6806030273438,747.6806030273438,300,0.0,0.0
2005-04-04 00:00:00+09:00,741.6508789062501,741.6508789062501,741.6508789062501,741.65087890625,100,0.0,0.0
2005-04-05 00:00:00+09:00,753.7101205526279,753.7101205526279,741.0477905273438,741.0477905273438,1100,0.0,0.0
2005-04-06 00:00:00+09:00,735.6212544759114,735.6212544759114,723.5618896484374,723.5618896484375,1400,0.0,0.0
2005-04-07 00:00:00+09:00,718.1351754760742,723.5618896484374,718.1351754760742,723.5618896484375,1200,0.0,0.0
2005-04-08 00:00:00+09:00,723.5617519946809,723.5617519946809,708.4875488281251,708.487548828125,1000,0.0,0.0
2005-04-11 00:00:00+09:00,723.5618896484374,723.5618896484374,723.5618896484374,723.5618896484375,100,0.0,0.0
2005-04-12 00:00:00+09:00,717.5322875976562,717.5322875976562,717.5322875976562,717.5322875976562,100,0.0,0.0
2005-04-13 00:00:00+09:00,717.532000008276,717.532000008276,708.4874789997683,711.5023193359375,500,0.0,0.0
2005-04-14 00:00:00+09:00,711.5024792901402,711.5024792901402,699.443115234375,699.443115234375,500,0.0,0.0
2005-04-15 00:00:00+09:00,722.9589585279382,722.9589585279382,693.4135131835938,693.4135131835938,1900,0.0,0.0
2005-04-18 00:00:00+09:00,693.4133464468873,693.4133464468873,687.9866333007812,687.9866333007812,300,0.0,0.0
2005-04-19 00:00:00+09:00,690.3984913108035,692.8103637695312,689.1925550814397,692.8103637695312,400,0.0,0.0
2005-04-20 00:00:00+09:00,692.8105098672582,692.8105098672582,666.2799072265625,666.2799072265625,3900,0.0,0.0
2005-04-21 00:00:00+09:00,669.8975237322283,669.8975237322283,633.1164715741131,669.2945556640625,1600,0.0,0.0
2005-04-22 00:00:00+09:00,693.4133456615692,711.5023894614362,693.4133456615692,708.487548828125,2800,0.0,0.0
2005-04-25 00:00:00+09:00,723.561899352772,729.5915818473784,720.5470581054688,720.5470581054688,1500,0.0,0.0
2005-04-26 00:00:00+09:00,696.4283281270431,720.5470581054688,684.3689631378302,720.5470581054688,900,0.0,0.0
2005-04-27 00:00:00+09:00,720.5470581054688,720.5470581054688,720.5470581054688,720.5470581054688,0,0.0,0.0
2005-04-28 00:00:00+09:00,720.5470581054688,720.5470581054688,720.5470581054688,720.5470581054688,500,0.0,0.0
2005-04-29 00:00:00+09:00,720.5470581054688,720.5470581054688,720.5470581054688,720.5470581054688,0,0.0,0.0
2005-05-02 00:00:00+09:00,694.6195088509992,695.2224771746545,694.0165405273438,694.0165405273438,1000,0.0,0.0
2005-05-03 00:00:00+09:00,694.0165405273438,694.0165405273438,694.0165405273438,694.0165405273438,0,0.0,0.0
2005-05-04 00:00:00+09:00,694.0165405273438,694.0165405273438,694.0165405273438,694.0165405273438,0,0.0,0.0
2005-05-05 00:00:00+09:00,694.0165405273438,694.0165405273438,694.0165405273438,694.0165405273438,0,0.0,0.0
2005-05-06 00:00:00+09:00,693.4135823141634,693.4135823141634,691.001708984375,691.001708984375,4300,0.0,0.0
2005-05-09 00:00:00+09:00,703.0609694417317,723.5618896484374,691.0016046142578,723.5618896484375,3200,0.0,0.0
2005-05-10 00:00:00+09:00,722.9587126133805,722.9587126133805,711.5023193359375,711.5023193359375,700,0.0,0.0
2005-05-11 00:00:00+09:00,711.5023193359375,711.5023193359375,711.5023193359375,711.5023193359375,0,0.0,0.0
2005-05-12 00:00:00+09:00,689.1925617247138,710.8994140625,689.1925617247138,710.8994140625,500,0.0,0.0
2005-05-13 00:00:00+09:00,710.8994140625,710.8994140625,710.8994140625,710.8994140625,0,0.0,0.0
2005-05-16 00:00:00+09:00,717.5322008634868,717.5322008634868,663.2650596217105,687.3837890625,3600,0.0,0.0
2005-05-17 00:00:00+09:00,693.4135000312369,716.3262939453125,693.4135000312369,716.3262939453125,400,0.0,0.0
2005-05-18 00:00:00+09:00,716.3262939453125,716.3262939453125,716.3262939453125,716.3262939453125,0,0.0,0.0
2005-05-19 00:00:00+09:00,678.3392990691752,714.5173950195312,678.3392990691752,714.5173950195312,500,0.0,0.0
2005-05-20 00:00:00+09:00,714.5173950195312,714.5173950195312,714.5173950195312,714.5173950195312,2800,0.0,0.0
2005-05-23 00:00:00+09:00,690.3984927001541,712.7083129882814,690.3984927001541,712.7083129882812,1900,0.0,0.0
2005-05-24 00:00:00+09:00,712.7083129882814,712.7083129882814,712.7083129882814,712.7083129882812,0,0.0,0.0
2005-05-25 00:00:00+09:00,712.7084048976484,722.3558959960938,712.7084048976484,722.3558959960938,1100,0.0,0.0
2005-05-26 00:00:00+09:00,674.1182712437017,721.7527465820312,674.1182712437017,721.7527465820312,1500,0.0,0.0
2005-05-27 00:00:00+09:00,721.7528146212219,721.7528146212219,675.9272390897157,698.8400268554688,4800,0.0,0.0
2005-05-30 00:00:00+09:00,710.8993218213992,721.7527465820312,710.8993218213992,721.7527465820312,400,0.0,0.0
2005-05-31 00:00:00+09:00,685.5748904418945,753.7103017171223,685.5748904418945,723.5618896484375,3900,0.0,0.0
2005-06-01 00:00:00+09:00,723.5618896484374,723.5618896484374,723.5618896484374,723.5618896484375,0,0.0,0.0
2005-06-02 00:00:00+09:00,723.5618896484374,723.5618896484374,723.5618896484374,723.5618896484375,100,0.0,0.0
2005-06-03 00:00:00+09:00,723.5618896484374,723.5618896484374,723.5618896484374,723.5618896484375,0,0.0,0.0
2005-06-06 00:00:00+09:00,681.9570395520111,718.1351318359375,681.9570395520111,718.1351318359375,1200,0.0,0.0
2005-06-07 00:00:00+09:00,669.8976691592055,681.3540649414062,651.2056549882466,681.3540649414062,27400,0.0,0.0
2005-06-08 00:00:00+09:00,675.3242884437554,693.4133318842131,663.8678942647988,692.8103637695312,2700,0.0,0.0
2005-06-09 00:00:00+09:00,633.1164715741131,669.2945556640625,633.1164715741131,669.2945556640625,1400,0.0,0.0
2005-06-10 00:00:00+09:00,669.2947438602598,687.3837909916182,651.2056967289014,686.7808227539062,500,0.0,0.0
2005-06-13 00:00:00+09:00,686.7808227539062,686.7808227539062,686.7808227539062,686.7808227539062,0,0.0,0.0
2005-06-14 00:00:00+09:00,684.3688863378655,707.2816772460936,683.1629499742746,707.2816772460938,10700,0.0,0.0
2005-06-15 00:00:00+09:00,707.2815428653006,717.532000008276,681.3539159742452,711.5023193359375,700,0.0,0.0
2005-06-16 00:00:00+09:00,711.5023193359375,711.5023193359375,711.5023193359375,711.5023193359375,0,0.0,0.0
2005-06-17 00:00:00+09:00,711.5023193359375,711.5023193359375,711.5023193359375,711.5023193359375,0,0.0,0.0
2005-06-20 00:00:00+09:00,627.0869308997845,699.443115234375,627.0869308997845,699.443115234375,1500,0.0,0.0
2005-06-21 00:00:00+09:00,687.383702060407,715.7232055664062,687.383702060407,715.7232055664062,2400,0.0,0.0
2005-06-22 00:00:00+09:00,715.7233140392718,719.944091796875,715.7233140392718,719.944091796875,3300,0.0,0.0
2005-06-23 00:00:00+09:00,719.9440802001952,723.5618896484374,719.9440802001952,723.5618896484375,3900,0.0,0.0
2005-06-24 00:00:00+09:00,663.8678420244637,723.5616806806144,663.8678420244637,711.5023193359375,4000,0.0,0.0
2005-06-27 00:00:00+09:00,723.5618896484374,723.5618896484374,723.5618896484374,723.5618896484375,6100,0.0,0.0
2005-06-28 00:00:00+09:00,723.5618896484374,723.5618896484374,723.5618896484374,723.5618896484375,6200,0.0,0.0
2005-06-29 00:00:00+09:00,728.3855973040471,738.6360568687564,723.5618516265368,735.6212158203125,5600,0.0,0.0
2005-06-30 00:00:00+09:00,735.6211969639228,741.6508789062501,735.6211969639228,741.65087890625,5800,0.0,0.0
2005-07-01 00:00:00+09:00,741.6508789062501,741.6508789062501,741.6508789062501,741.65087890625,0,0.0,0.0
2005-07-04 00:00:00+09:00,741.6508789062501,741.6508789062501,741.6508789062501,741.65087890625,0,0.0,0.0
2005-07-05 00:00:00+09:00,741.0477905273438,741.0477905273438,741.0477905273438,741.0477905273438,100,0.0,0.0
2005-07-06 00:00:00+09:00,663.2649176461356,675.3242797851561,663.2649176461356,675.3242797851562,200,0.0,0.0
2005-07-07 00:00:00+09:00,700.0459703076216,700.0459703076216,675.92724609375,675.92724609375,3200,0.0,0.0
2005-07-08 00:00:00+09:00,702.4580297027459,714.5173950195312,702.4580297027459,714.5173950195312,1500,0.0,0.0
2005-07-11 00:00:00+09:00,714.5173950195312,714.5173950195312,714.5173950195312,714.5173950195312,0,0.0,0.0
2005-07-12 00:00:00+09:00,710.8995003166899,722.3558959960938,710.8995003166899,722.3558959960938,1600,0.0,0.0
2005-07-13 00:00:00+09:00,722.3558865565617,722.3558865565617,686.1777954101562,686.1777954101562,200,0.0,0.0
2005-07-14 00:00:00+09:00,686.1777954101562,686.1777954101562,686.1777954101562,686.1777954101562,0,0.0,0.0
2005-07-15 00:00:00+09:00,710.29638671875,710.29638671875,710.29638671875,710.29638671875,100,0.0,0.0
2005-07-18 00:00:00+09:00,710.29638671875,710.29638671875,710.29638671875,710.29638671875,0,0.0,0.0
2005-07-19 00:00:00+09:00,669.294630952938,704.8697509765625,669.294630952938,704.8697509765625,600,0.0,0.0
2005-07-20 00:00:00+09:00,704.8698101337139,705.4727783203125,704.8698101337139,705.4727783203125,1200,0.0,0.0
2005-07-21 00:00:00+09:00,705.4728424072265,723.5618896484374,682.560049235026,723.5618896484375,1500,0.0,0.0
2005-07-22 00:00:00+09:00,723.5618896484374,723.5618896484374,723.5618896484374,723.5618896484375,4400,0.0,0.0
2005-07-25 00:00:00+09:00,723.5618896484374,723.5618896484374,723.5618896484374,723.5618896484375,0,0.0,0.0
2005-07-26 00:00:00+09:00,723.5618388758296,723.5618388758296,672.3095419554584,681.3540649414062,1500,0.0,0.0
2005-07-27 00:00:00+09:00,681.9570922851561,681.9570922851561,681.9570922851561,681.9570922851562,300,0.0,0.0
2005-07-28 00:00:00+09:00,694.0163827749399,705.4727783203125,694.0163827749399,705.4727783203125,1200,0.0,0.0
2005-07-29 00:00:00+09:00,705.4727783203125,705.4727783203125,705.4727783203125,705.4727783203125,0,0.0,0.0
2005-08-01 00:00:00+09:00,705.4727783203125,705.4727783203125,705.4727783203125,705.4727783203125,0,0.0,0.0
2005-08-02 00:00:00+09:00,705.4727783203125,705.4727783203125,705.4727783203125,705.4727783203125,0,0.0,0.0
2005-08-03 00:00:00+09:00,704.8697509765625,704.8697509765625,704.8697509765625,704.8697509765625,2000,0.0,0.0
2005-08-04 00:00:00+09:00,704.8697509765625,704.8697509765625,704.8697509765625,704.8697509765625,0,0.0,0.0
2005-08-05 00:00:00+09:00,704.2669067382812,704.2669067382812,704.2669067382812,704.2669067382812,500,0.0,0.0
2005-08-08 00:00:00+09:00,704.2669067382812,704.2669067382812,704.2669067382812,704.2669067382812,0,0.0,0.0
2005-08-09 00:00:00+09:00,704.2669067382812,704.2669067382812,704.2669067382812,704.2669067382812,0,0.0,0.0
2005-08-10 00:00:00+09:00,680.7511102057123,696.4282836914062,680.7511102057123,696.4282836914062,500,0.0,0.0
2005-08-11 00:00:00+09:00,696.4282742204338,699.443115234375,696.4282742204338,699.443115234375,800,0.0,0.0
2005-08-12 00:00:00+09:00,699.443115234375,699.443115234375,699.443115234375,699.443115234375,0,0.0,0.0
2005-08-15 00:00:00+09:00,687.3836651734362,687.9866333007812,687.3836651734362,687.9866333007812,1100,0.0,0.0
2005-08-16 00:00:00+09:00,687.9866333007812,687.9866333007812,687.9866333007812,687.9866333007812,0,0.0,0.0
2005-08-17 00:00:00+09:00,696.4281176550913,711.5023193359375,696.4281176550913,711.5023193359375,1700,0.0,0.0
2005-08-18 00:00:00+09:00,722.35595316569,724.1648578898112,722.35595316569,723.5618896484375,4500,0.0,0.0
2005-08-19 00:00:00+09:00,664.4711834360234,701.855224609375,664.4711834360234,701.855224609375,4600,0.0,0.0
2005-08-22 00:00:00+09:00,700.6489868164062,700.6489868164062,700.6489868164062,700.6489868164062,2700,0.0,0.0
2005-08-23 00:00:00+09:00,663.8680278577302,687.9867572985197,663.2650596217105,687.3837890625,5200,0.0,0.0
2005-08-24 00:00:00+09:00,686.1778692072088,692.2075517134233,663.2650756835938,663.2650756835938,4100,0.0,0.0
2005-08-25 00:00:00+09:00,677.1333618164062,677.1333618164062,677.1333618164062,677.1333618164062,100,0.0,0.0
2005-08-26 00:00:00+09:00,677.1333618164062,677.1333618164062,677.1333618164062,677.1333618164062,600,0.0,0.0
2005-08-29 00:00:00+09:00,676.5302485848615,704.8697509765625,676.5302485848615,704.8697509765625,1400,0.0,0.0
2005-08-30 00:00:00+09:00,704.8697509765625,704.8697509765625,704.8697509765625,704.8697509765625,0,0.0,0.0
2005-08-31 00:00:00+09:00,704.2669067382812,704.2669067382812,704.2669067382812,704.2669067382812,1000,0.0,0.0
2005-09-01 00:00:00+09:00,681.3541477369225,693.4135131835938,681.3541477369225,693.4135131835938,300,0.0,0.0
2005-09-02 00:00:00+09:00,687.3835977090371,687.3835977090371,663.2648749824043,669.2945556640625,7300,0.0,0.0
2005-09-05 00:00:00+09:00,669.2948426765668,674.7215576171875,669.2948426765668,674.7215576171875,1400,0.0,0.0
2005-09-06 00:00:00+09:00,663.8680439342152,669.8977264404297,663.2650756835938,663.2650756835938,3400,0.0,0.0
2005-09-07 00:00:00+09:00,663.2648749824043,669.2945556640625,663.2648749824043,669.2945556640625,200,0.0,0.0
2005-09-08 00:00:00+09:00,657.235375998577,668.6917724609375,657.235375998577,668.6917724609375,2300,0.0,0.0
2005-09-09 00:00:00+09:00,669.2945556640625,669.2945556640625,669.2945556640625,669.2945556640625,500,0.0,0.0
2005-09-12 00:00:00+09:00,662.662109375,662.662109375,662.662109375,662.662109375,100,0.0,0.0
2005-09-13 00:00:00+09:00,663.2651568771502,669.2948401214879,656.0295369839449,657.2354736328125,2500,0.0,0.0
2005-09-14 00:00:00+09:00,657.2353688397968,657.2353688397968,651.2056865568629,651.8086547851562,3000,0.0,0.0
2005-09-15 00:00:00+09:00,650.6025786150715,657.8381958007812,650.6025786150715,657.8381958007812,600,0.0,0.0
2005-09-16 00:00:00+09:00,656.0293956285112,656.0293956285112,608.9978764566143,643.9700317382812,5900,0.0,0.0
2005-09-19 00:00:00+09:00,643.9700317382812,643.9700317382812,643.9700317382812,643.9700317382812,0,0.0,0.0
2005-09-20 00:00:00+09:00,643.3670920376403,654.8234882407473,643.3670920376403,654.2205200195312,1600,0.0,0.0
2005-09-21 00:00:00+09:00,634.9254150390625,634.9254150390625,634.9254150390625,634.9254150390625,100,0.0,0.0
2005-09-22 00:00:00+09:00,653.014695361776,669.2948401214879,653.014695361776,657.2354736328125,3200,0.0,0.0
2005-09-23 00:00:00+09:00,657.2354736328125,657.2354736328125,657.2354736328125,657.2354736328125,0,0.0,0.0
2005-09-26 00:00:00+09:00,657.2354736328125,657.2354736328125,657.2354736328125,657.2354736328125,0,0.0,0.0
2005-09-27 00:00:00+09:00,657.2354736328125,657.2354736328125,657.2354736328125,657.2354736328125,700,0.0,0.0
2005-09-28 00:00:00+09:00,657.2353369788785,693.41342892267,657.2353369788785,681.3540649414062,3100,0.0,0.0
2005-09-29 00:00:00+09:00,690.3985921925513,699.443115234375,678.3392281367861,699.443115234375,2400,0.0,0.0
2005-09-30 00:00:00+09:00,699.4431247463474,705.4728068562297,696.4282836914062,696.4282836914062,2900,0.0,0.0
2005-10-03 00:00:00+09:00,636.1313445491973,698.8400268554688,636.1313445491973,698.8400268554688,1400,0.0,0.0
2005-10-04 00:00:00+09:00,693.4133139635799,698.8400268554688,693.4133139635799,698.8400268554688,200,0.0,0.0
2005-10-05 00:00:00+09:00,698.8400268554688,698.8400268554688,698.8400268554688,698.8400268554688,0,0.0,0.0
2005-10-06 00:00:00+09:00,693.4133139635799,698.8400268554688,693.4133139635799,698.8400268554688,800,0.0,0.0
2005-10-07 00:00:00+09:00,698.8400268554688,698.8400268554688,698.8400268554688,698.8400268554688,200,0.0,0.0
2005-10-10 00:00:00+09:00,698.8400268554688,698.8400268554688,698.8400268554688,698.8400268554688,0,0.0,0.0
2005-10-11 00:00:00+09:00,698.8401470315868,699.443115234375,698.8401470315868,699.443115234375,2600,0.0,0.0
2005-10-12 00:00:00+09:00,693.4133318842131,693.4133318842131,692.8103637695312,692.8103637695312,1700,0.0,0.0
2005-10-13 00:00:00+09:00,692.8103637695312,692.8103637695312,692.8103637695312,692.8103637695312,0,0.0,0.0
2005-10-14 00:00:00+09:00,663.2650756835938,663.2650756835938,662.0591391823509,663.2650756835938,1800,0.0,0.0
2005-10-17 00:00:00+09:00,662.6621885527164,662.6621885527164,584.8792747007598,657.2354736328125,3000,0.0,0.0
2005-10-18 00:00:00+09:00,634.9256456287628,657.2354736328125,634.9256456287628,657.2354736328125,300,0.0,0.0
2005-10-19 00:00:00+09:00,657.2353951035032,662.662109375,639.7493157842357,662.662109375,500,0.0,0.0
2005-10-20 00:00:00+09:00,641.5582275390625,642.1611957980277,641.5582275390625,641.5582275390625,1500,0.0,0.0
2005-10-21 00:00:00+09:00,642.1612655219682,657.2354736328125,641.5582971975343,657.2354736328125,3700,0.0,0.0
2005-10-24 00:00:00+09:00,657.2354102944428,657.2354102944428,639.1463623046875,639.1463623046875,1200,0.0,0.0
2005-10-25 00:00:00+09:00,639.7490234375,639.7490234375,639.7490234375,639.7490234375,300,0.0,0.0
2005-10-26 00:00:00+09:00,639.7490234375,639.7490234375,639.7490234375,639.7490234375,0,0.0,0.0
2005-10-27 00:00:00+09:00,639.7492594834334,643.9700368787059,622.2631817030192,622.8661499023438,500,0.0,0.0
2005-10-28 00:00:00+09:00,634.3227009109752,649.9998779296875,634.3227009109752,649.9998779296875,900,0.0,0.0
2005-10-31 00:00:00+09:00,649.3968011765253,649.3968011765253,607.7919921875,607.7919921875,2900,0.0,0.0
2005-11-01 00:00:00+09:00,631.9105656124468,642.7639913576988,611.4096503158598,637.9402465820312,2900,0.0,0.0
2005-11-02 00:00:00+09:00,643.3670995890488,651.8086547851562,643.3670995890488,651.8086547851562,1300,0.0,0.0
2005-11-03 00:00:00+09:00,651.8086547851562,651.8086547851562,651.8086547851562,651.8086547851562,0,0.0,0.0
2005-11-04 00:00:00+09:00,656.0292703139166,665.0737915039062,653.0144299172534,665.0737915039062,2000,0.0,0.0
2005-11-07 00:00:00+09:00,665.0739707428945,666.2799072265625,665.0739707428945,666.2799072265625,2900,0.0,0.0
2005-11-08 00:00:00+09:00,666.8828735351564,666.8828735351564,666.8828735351564,666.8828735351562,400,0.0,0.0
2005-11-09 00:00:00+09:00,669.2945987156459,675.3242797851561,669.2945987156459,675.3242797851562,1500,0.0,0.0
2005-11-10 00:00:00+09:00,681.3540361192491,681.3540361192491,651.2056274414062,651.2056274414062,2100,0.0,0.0
2005-11-11 00:00:00+09:00,663.2650756835938,663.2650756835938,645.1760281649503,663.2650756835938,2000,0.0,0.0
2005-11-14 00:00:00+09:00,663.2648749824043,669.2945556640625,663.2648749824043,669.2945556640625,1600,0.0,0.0
2005-11-15 00:00:00+09:00,651.2056274414062,651.2056274414062,651.2056274414062,651.2056274414062,100,0.0,0.0
2005-11-16 00:00:00+09:00,651.2057078709112,651.2057078709112,645.176025390625,645.176025390625,400,0.0,0.0
2005-11-17 00:00:00+09:00,644.5730571425963,645.176025390625,642.1611841504819,645.176025390625,600,0.0,0.0
2005-11-18 00:00:00+09:00,693.4133567740826,693.4133567740826,664.4708862304688,664.4708862304688,1400,0.0,0.0
2005-11-21 00:00:00+09:00,663.2650756835938,663.2650756835938,639.7493139093573,663.2650756835938,700,0.0,0.0
2005-11-22 00:00:00+09:00,669.2945556640625,669.2945556640625,669.2945556640625,669.2945556640625,2700,0.0,0.0
2005-11-23 00:00:00+09:00,669.2945556640625,669.2945556640625,669.2945556640625,669.2945556640625,0,0.0,0.0
2005-11-24 00:00:00+09:00,675.927297914007,678.942138671875,675.927297914007,678.942138671875,4000,0.0,0.0
2005-11-25 00:00:00+09:00,678.942138671875,678.942138671875,678.942138671875,678.942138671875,0,0.0,0.0
2005-11-28 00:00:00+09:00,678.3392944335938,678.3392944335938,678.3392944335938,678.3392944335938,2400,0.0,0.0
2005-11-29 00:00:00+09:00,681.3539911302014,685.5747680664062,681.3539911302014,685.5747680664062,2000,0.0,0.0
2005-11-30 00:00:00+09:00,685.574830982047,685.574830982047,684.9718627929686,684.9718627929688,1500,0.0,0.0
2005-12-01 00:00:00+09:00,684.9718627929686,684.9718627929686,684.9718627929686,684.9718627929688,0,0.0,0.0
2005-12-02 00:00:00+09:00,684.3688354492188,684.3688354492188,684.3688354492188,684.3688354492188,1500,0.0,0.0
2005-12-05 00:00:00+09:00,684.9718035861785,684.9718035861785,684.3688354492188,684.3688354492188,300,0.0,0.0
2005-12-06 00:00:00+09:00,687.3837469320381,687.3837469320381,681.3540649414062,681.3540649414062,2600,0.0,0.0
2005-12-07 00:00:00+09:00,681.3540649414062,684.3689059367222,681.3540649414062,681.3540649414062,2200,0.0,0.0
2005-12-08 00:00:00+09:00,681.3540649414062,681.3540649414062,681.3540649414062,681.3540649414062,100,0.0,0.0
2005-12-09 00:00:00+09:00,681.3540649414062,681.3540649414062,681.3540649414062,681.3540649414062,600,0.0,0.0
2005-12-12 00:00:00+09:00,681.3540649414062,681.3540649414062,681.3540649414062,681.3540649414062,2000,0.0,0.0
2005-12-13 00:00:00+09:00,675.3242797851561,675.3242797851561,675.3242797851561,675.3242797851562,200,0.0,0.0
2005-12-14 00:00:00+09:00,675.3242797851561,675.3242797851561,675.3242797851561,675.3242797851562,0,0.0,0.0
2005-12-15 00:00:00+09:00,675.3242797851561,675.3242797851561,675.3242797851561,675.3242797851562,0,0.0,0.0
2005-12-16 00:00:00+09:00,643.3671352539062,678.3392944335938,643.3671352539062,678.3392944335938,800,0.0,0.0
2005-12-19 00:00:00+09:00,680.751096742343,681.3540649414062,680.751096742343,681.3540649414062,2100,0.0,0.0
2005-12-20 00:00:00+09:00,681.3540649414062,681.3540649414062,681.3540649414062,681.3540649414062,0,0.0,0.0
2005-12-21 00:00:00+09:00,651.8087587129085,666.279998499319,648.1909487663058,657.2354736328125,2600,0.0,0.0
2005-12-22 00:00:00+09:00,663.2649176461356,708.4875256674629,657.2352365766252,675.3242797851562,4400,0.0,0.0
2005-12-23 00:00:00+09:00,675.3242797851561,675.3242797851561,675.3242797851561,675.3242797851562,0,0.0,0.0
2005-12-26 00:00:00+09:00,675.3242416864273,675.3242416864273,663.8678483006754,667.4856567382812,700,0.0,0.0
2005-12-27 00:00:00+09:00,666.8828735351564,666.8828735351564,666.8828735351564,666.8828735351562,600,0.0,0.0
2005-12-28 00:00:00+09:00,666.882775640403,678.942138671875,666.882775640403,678.942138671875,700,0.0,0.0
2005-12-29 00:00:00+09:00,679.5451603442166,681.3540649414062,679.5451603442166,681.3540649414062,800,0.0,0.0
2005-12-30 00:00:00+09:00,680.1480712890625,680.1480712890625,680.1480712890625,680.1480712890625,300,0.0,0.0
2006-01-02 00:00:00+09:00,680.1480712890625,680.1480712890625,680.1480712890625,680.1480712890625,0,0.0,0.0
2006-01-03 00:00:00+09:00,680.1480712890625,680.1480712890625,680.1480712890625,680.1480712890625,0,0.0,0.0
2006-01-04 00:00:00+09:00,687.3838304602581,693.4135131835938,687.3838304602581,693.4135131835938,200,0.0,0.0
2006-01-05 00:00:00+09:00,692.8105449112602,693.4135131835938,692.8105449112602,693.4135131835938,500,0.0,0.0
2006-01-06 00:00:00+09:00,693.4135131835938,693.4135131835938,693.4135131835938,693.4135131835938,300,0.0,0.0
2006-01-09 00:00:00+09:00,693.4135131835938,693.4135131835938,693.4135131835938,693.4135131835938,0,0.0,0.0
2006-01-10 00:00:00+09:00,782.6527062049279,782.6527062049279,705.4727783203125,705.4727783203125,2300,0.0,0.0
2006-01-11 00:00:00+09:00,722.9589214070637,723.5618896484374,722.9589214070637,723.5618896484375,200,0.0,0.0
2006-01-12 00:00:00+09:00,723.5618896484374,723.5618896484374,723.5618896484374,723.5618896484375,600,0.0,0.0
2006-01-13 00:00:00+09:00,712.105344872386,712.7083129882814,712.105344872386,712.7083129882812,200,0.0,0.0
2006-01-16 00:00:00+09:00,714.5173950195312,715.1203632853706,714.5173950195312,714.5173950195312,1000,0.0,0.0
2006-01-17 00:00:00+09:00,717.5321769714355,717.5321769714355,713.9143676757812,713.9143676757812,900,0.0,0.0
2006-01-18 00:00:00+09:00,723.5619268002717,723.5619268002717,693.4135131835938,693.4135131835938,500,0.0,0.0
2006-01-19 00:00:00+09:00,687.3837890625,687.3837890625,687.3837890625,687.3837890625,300,0.0,0.0
2006-01-20 00:00:00+09:00,693.4135131835938,693.4135131835938,693.4135131835938,693.4135131835938,5200,0.0,0.0
2006-01-23 00:00:00+09:00,699.4431459653628,699.4431459653628,689.795654296875,689.795654296875,200,0.0,0.0
2006-01-24 00:00:00+09:00,689.795654296875,689.795654296875,689.795654296875,689.795654296875,0,0.0,0.0
2006-01-25 00:00:00+09:00,665.6769409179688,665.6769409179688,665.6769409179688,665.6769409179688,600,0.0,0.0
2006-01-26 00:00:00+09:00,665.6769409179688,665.6769409179688,665.6769409179688,665.6769409179688,0,0.0,0.0
2006-01-27 00:00:00+09:00,672.9127245324803,708.4878596108103,672.9127245324803,689.19287109375,1300,0.0,0.0
2006-01-30 00:00:00+09:00,689.1925687749335,708.4875488281251,689.1925687749335,708.487548828125,1400,0.0,0.0
2006-01-31 00:00:00+09:00,723.5619190071203,723.5619190071203,714.5173950195312,714.5173950195312,1200,0.0,0.0
2006-02-01 00:00:00+09:00,713.3114584878527,715.1203632853706,713.3114584878527,714.5173950195312,1300,0.0,0.0
2006-02-02 00:00:00+09:00,713.9143676757812,713.9143676757812,713.9143676757812,713.9143676757812,100,0.0,0.0
2006-02-03 00:00:00+09:00,713.9144445960699,713.9144445960699,689.1927450788073,690.398681640625,900,0.0,0.0
2006-02-06 00:00:00+09:00,694.0162406150472,696.4281128674019,692.2073364257812,692.2073364257812,2400,0.0,0.0
2006-02-07 00:00:00+09:00,693.4135131835938,693.4135131835938,692.2075766389266,693.4135131835938,1500,0.0,0.0
2006-02-08 00:00:00+09:00,693.4135131835938,693.4135131835938,692.8105449112602,693.4135131835938,1600,0.0,0.0
2006-02-09 00:00:00+09:00,693.4135131835938,693.4135131835938,693.4135131835938,693.4135131835938,300,0.0,0.0
2006-02-10 00:00:00+09:00,699.4431537828947,699.4431537828947,687.3837890625,687.3837890625,300,0.0,0.0
2006-02-13 00:00:00+09:00,687.3837890625,687.3837890625,687.3837890625,687.3837890625,0,0.0,0.0
2006-02-14 00:00:00+09:00,686.1777954101562,686.1777954101562,686.1777954101562,686.1777954101562,100,0.0,0.0
2006-02-15 00:00:00+09:00,687.3837061086411,687.3837061086411,654.8234252929688,654.8234252929688,200,0.0,0.0
2006-02-16 00:00:00+09:00,655.4263305664062,655.4263305664062,655.4263305664062,655.4263305664062,100,0.0,0.0
2006-02-17 00:00:00+09:00,655.4263305664062,655.4263305664062,655.4263305664062,655.4263305664062,0,0.0,0.0
2006-02-20 00:00:00+09:00,645.176025390625,645.176025390625,645.176025390625,645.176025390625,200,0.0,0.0
2006-02-21 00:00:00+09:00,645.176025390625,645.176025390625,645.176025390625,645.176025390625,0,0.0,0.0
2006-02-22 00:00:00+09:00,651.2056664638832,747.6805800140882,651.2056664638832,735.6212158203125,8000,0.0,0.0
2006-02-23 00:00:00+09:00,716.9291906770718,716.9291906770718,668.6917346180594,680.7510986328125,500,0.0,0.0
2006-02-24 00:00:00+09:00,690.3986302425986,691.0015984786183,687.3837890625,687.3837890625,400,0.0,0.0
2006-02-27 00:00:00+09:00,693.4135131835938,693.4135131835938,693.4135131835938,693.4135131835938,700,0.0,0.0
2006-02-28 00:00:00+09:00,692.2074869791667,741.6508789062501,692.2074869791667,741.65087890625,4000,0.0,0.0
2006-03-01 00:00:00+09:00,681.3541477369225,693.4135131835938,681.3541477369225,693.4135131835938,600,0.0,0.0
2006-03-02 00:00:00+09:00,681.3540649414062,681.3540649414062,681.3540649414062,681.3540649414062,100,0.0,0.0
2006-03-03 00:00:00+09:00,678.3390766865498,678.3390766865498,669.2945556640625,669.2945556640625,1000,0.0,0.0
2006-03-06 00:00:00+09:00,669.2947503794794,669.2947503794794,665.6769409179688,665.6769409179688,1100,0.0,0.0
2006-03-07 00:00:00+09:00,694.0162893118064,694.0162893118064,642.1610322476749,655.4263305664062,12600,0.0,0.0
2006-03-08 00:00:00+09:00,656.6323929043958,663.2650433377736,654.2205200195312,654.2205200195312,2200,0.0,0.0
2006-03-09 00:00:00+09:00,651.2056274414062,651.2056274414062,633.1165822347004,651.2056274414062,6800,0.0,0.0
2006-03-10 00:00:00+09:00,650.6027396228826,650.6027396228826,641.5582159024533,645.176025390625,3100,0.0,0.0
2006-03-13 00:00:00+09:00,637.9404257720371,639.7493305710126,636.1315209730616,639.1463623046875,5900,0.0,0.0
2006-03-14 00:00:00+09:00,639.1463069861637,639.1463069861637,637.33740234375,637.33740234375,2100,0.0,0.0
2006-03-15 00:00:00+09:00,637.9404887054415,639.7493936828671,637.9404887054415,638.54345703125,1800,0.0,0.0
2006-03-16 00:00:00+09:00,639.7492637885481,646.3819140257526,639.7492637885481,640.9552001953125,2500,0.0,0.0
2006-03-17 00:00:00+09:00,642.1610268679532,642.7639949682987,636.7343139648438,636.7343139648438,5600,0.0,0.0
2006-03-20 00:00:00+09:00,648.7938060285858,654.2205200195312,645.778964922505,654.2205200195312,4700,0.0,0.0
2006-03-21 00:00:00+09:00,654.2205200195312,654.2205200195312,654.2205200195312,654.2205200195312,0,0.0,0.0
2006-03-22 00:00:00+09:00,662.0590432520071,662.0590432520071,648.7937436604368,654.8234252929688,10000,0.0,0.0
2006-03-23 00:00:00+09:00,654.8235372291421,655.4265054954673,636.1315209730616,639.1463623046875,8200,0.0,0.0
2006-03-24 00:00:00+09:00,642.1611385022179,645.17597952805,636.7344246557203,640.3522338867188,5000,0.0,0.0
2006-03-27 00:00:00+09:00,640.352118969865,640.352118969865,637.9402465820312,637.9402465820312,4700,0.0,0.0
2006-03-28 00:00:00+09:00,639.146391574335,648.7938842773438,637.9404549864588,648.7938842773438,1100,0.0,0.0
2006-03-29 00:00:00+09:00,648.1908666307681,648.7938348787967,644.5730571425963,645.176025390625,3000,0.0,0.0
2006-03-30 00:00:00+09:00,648.7936596794308,648.7936596794308,638.543202230964,642.1610107421875,4900,0.0,0.0
2006-03-31 00:00:00+09:00,645.7789138793945,657.2353091769749,642.7640730116102,651.2056274414062,2700,0.0,0.0
2006-04-03 00:00:00+09:00,653.0145451384843,657.2353224385485,645.7789269098031,646.98486328125,7800,0.0,0.0
2006-04-04 00:00:00+09:00,649.396860549699,651.8087337550833,646.3820190429688,646.3820190429688,11600,0.0,0.0
2006-04-05 00:00:00+09:00,658.4413850698899,658.4413850698899,645.7790507416227,646.3820190429688,9400,0.0,0.0
2006-04-06 00:00:00+09:00,652.4115656586683,656.0293747103799,650.6026611328125,650.6026611328125,5000,0.0,0.0
2006-04-07 00:00:00+09:00,651.2057654537372,654.2206069604674,645.7790507416227,646.3820190429688,5300,0.0,0.0
2006-04-10 00:00:00+09:00,648.1908862995651,649.3968228322154,639.1463623046875,639.1463623046875,8700,0.0,0.0
2006-04-11 00:00:00+09:00,640.3522910211319,649.9997831645765,639.1463545032013,641.5582275390625,4900,0.0,0.0
2006-04-12 00:00:00+09:00,642.1611957980277,646.9849418697501,640.9552592800972,641.5582275390625,2200,0.0,0.0
2006-04-13 00:00:00+09:00,639.7492790330642,647.5878658638181,636.1314697265625,636.1314697265625,4500,0.0,0.0
2006-04-14 00:00:00+09:00,636.1313867256143,643.3670043945312,636.1313867256143,643.3670043945312,3800,0.0,0.0
2006-04-17 00:00:00+09:00,643.9700223526328,646.98486328125,642.1611177954625,646.98486328125,2700,0.0,0.0
2006-04-18 00:00:00+09:00,645.7789477332163,645.7789477332163,640.3522338867188,640.3522338867188,1200,0.0,0.0
2006-04-19 00:00:00+09:00,648.190786573622,653.0145319620768,644.5729775322808,651.2056274414062,8300,0.0,0.0
2006-04-20 00:00:00+09:00,650.6027396228826,651.2057078709112,639.1463429103387,645.176025390625,10900,0.0,0.0
2006-04-21 00:00:00+09:00,645.7791178804117,649.3969280646157,638.5434975120038,644.5731811523438,15500,0.0,0.0
2006-04-24 00:00:00+09:00,642.1612310808017,650.6027871701268,636.73451645195,649.3968505859375,6500,0.0,0.0
2006-04-25 00:00:00+09:00,646.9849873443148,646.9849873443148,639.1463994268162,646.3820190429688,3100,0.0,0.0
2006-04-26 00:00:00+09:00,642.7642092348924,646.3820190429688,638.5434311254701,646.3820190429688,3300,0.0,0.0
2006-04-27 00:00:00+09:00,651.2057903884747,660.8532835794151,639.749392224233,657.2354736328125,15400,0.0,0.0
2006-04-28 00:00:00+09:00,663.2650596217105,720.5470420435855,654.2205360814145,687.3837890625,25800,0.0,0.0
2006-05-01 00:00:00+09:00,687.3837511786099,705.4727972622576,687.3837511786099,699.443115234375,11100,0.0,0.0
2006-05-02 00:00:00+09:00,699.4431058040504,709.090596918589,698.2371694147331,702.4579467773438,6000,0.0,0.0
2006-05-03 00:00:00+09:00,702.4579467773438,702.4579467773438,702.4579467773438,702.4579467773438,0,0.0,0.0
2006-05-04 00:00:00+09:00,702.4579467773438,702.4579467773438,702.4579467773438,702.4579467773438,0,0.0,0.0
2006-05-05 00:00:00+09:00,702.4579467773438,702.4579467773438,702.4579467773438,702.4579467773438,0,0.0,0.0
2006-05-08 00:00:00+09:00,702.4578445979527,702.4578445979527,675.3242797851561,675.3242797851562,2400,0.0,0.0
2006-05-09 00:00:00+09:00,675.9273971364469,676.5303653765329,666.2799052950703,666.8828735351562,2800,0.0,0.0
2006-05-10 00:00:00+09:00,678.942138671875,678.942138671875,678.942138671875,678.942138671875,100,0.0,0.0
2006-05-11 00:00:00+09:00,668.0887930210498,668.0887930210498,649.3967780538543,653.0145874023438,300,0.0,0.0
2006-05-12 00:00:00+09:00,645.1759729976147,681.3540649414062,637.9403546088564,681.3540649414062,2900,0.0,0.0
2006-05-15 00:00:00+09:00,678.3392944335938,678.3392944335938,674.7214848632811,678.3392944335938,2000,0.0,0.0
2006-05-16 00:00:00+09:00,678.3390766865498,678.3390766865498,669.2945556640625,669.2945556640625,200,0.0,0.0
2006-05-17 00:00:00+09:00,669.2946726481119,669.2946726481119,651.2056274414062,651.2056274414062,1800,0.0,0.0
2006-05-18 00:00:00+09:00,651.2058331567177,680.7512829943836,644.5731811523438,644.5731811523438,1600,0.0,0.0
2006-05-19 00:00:00+09:00,645.7790818039391,673.515625,645.7790818039391,673.515625,200,0.0,0.0
2006-05-22 00:00:00+09:00,673.5153840997096,693.4133318842131,673.5153840997096,692.8103637695312,2700,0.0,0.0
2006-05-23 00:00:00+09:00,673.5153754643031,675.3242797851561,673.5153754643031,675.3242797851562,900,0.0,0.0
2006-05-24 00:00:00+09:00,651.8086231873099,681.3540649414062,651.8086231873099,681.3540649414062,300,0.0,0.0
2006-05-25 00:00:00+09:00,652.4115769527609,652.4115769527609,646.3818950955265,646.98486328125,1400,0.0,0.0
2006-05-26 00:00:00+09:00,647.5878983827395,669.2947553117698,645.176025390625,645.176025390625,3000,0.0,0.0
2006-05-29 00:00:00+09:00,645.176025390625,645.176025390625,645.176025390625,645.176025390625,0,0.0,0.0
2006-05-30 00:00:00+09:00,645.1760281649503,663.2650756835938,645.1760281649503,663.2650756835938,1300,0.0,0.0
2006-05-31 00:00:00+09:00,639.749259206046,681.3540649414062,639.1462910069828,681.3540649414062,4300,0.0,0.0
2006-06-01 00:00:00+09:00,653.0145245091061,653.6174926757812,653.0145245091061,653.6174926757812,300,0.0,0.0
2006-06-02 00:00:00+09:00,648.7937887590483,648.7937887590483,640.3522338867188,640.3522338867188,800,0.0,0.0
2006-06-05 00:00:00+09:00,741.6509374558117,741.6509374558117,666.2799072265625,666.2799072265625,16200,0.0,0.0
2006-06-06 00:00:00+09:00,672.3095994429154,690.3986469615589,651.2057106711648,663.2650756835938,2900,0.0,0.0
2006-06-07 00:00:00+09:00,653.6176406760621,653.6176406760621,645.1760844311683,645.779052734375,2500,0.0,0.0
2006-06-08 00:00:00+09:00,579.4525017895745,621.0573120117188,578.8495335254854,621.0573120117188,4800,0.0,0.0
2006-06-09 00:00:00+09:00,625.2778755778228,631.3075561523438,621.0570991756581,631.3075561523438,500,0.0,0.0
2006-06-12 00:00:00+09:00,608.9978452196308,615.0275268554688,608.9978452196308,615.0275268554688,300,0.0,0.0
2006-06-13 00:00:00+09:00,639.146180687881,663.2649044874238,618.0422973632812,618.0422973632812,19100,0.0,0.0
2006-06-14 00:00:00+09:00,627.086996978184,639.1463623046875,621.0573143149321,639.1463623046875,1900,0.0,0.0
2006-06-15 00:00:00+09:00,638.5433230847842,638.5433230847842,622.8661499023438,622.8661499023438,2400,0.0,0.0
2006-06-16 00:00:00+09:00,646.9849301347108,646.9849301347108,634.9255651741385,645.176025390625,1500,0.0,0.0
2006-06-19 00:00:00+09:00,640.3521930089296,653.6174926757812,640.3521930089296,653.6174926757812,800,0.0,0.0
2006-06-20 00:00:00+09:00,645.1759088117605,650.6026220634482,643.3670043945312,643.3670043945312,500,0.0,0.0
2006-06-21 00:00:00+09:00,642.1611745435139,651.2056981286338,642.1611745435139,648.1908569335938,700,0.0,0.0
2006-06-22 00:00:00+09:00,656.6324221031688,687.3838027526285,642.1611841504819,645.176025390625,4000,0.0,0.0
2006-06-23 00:00:00+09:00,645.1758511682073,645.1758511682073,642.1610107421875,642.1610107421875,1600,0.0,0.0
2006-06-26 00:00:00+09:00,642.1610107421875,642.1610107421875,639.1461703161679,642.1610107421875,2000,0.0,0.0
2006-06-27 00:00:00+09:00,659.0442950952832,659.0442950952832,645.176025390625,645.176025390625,500,0.0,0.0
2006-06-28 00:00:00+09:00,645.1758511682073,645.1758511682073,642.1610107421875,642.1610107421875,1900,0.0,0.0
2006-06-29 00:00:00+09:00,642.1611841504819,645.176025390625,642.1611841504819,645.176025390625,2200,0.0,0.0
2006-06-30 00:00:00+09:00,642.7641551624645,666.279916936701,642.7641551624645,663.2650756835938,1700,0.0,0.0
2006-07-03 00:00:00+09:00,662.662109375,662.662109375,662.662109375,662.662109375,200,0.0,0.0
2006-07-04 00:00:00+09:00,646.9849873443148,646.9849873443148,646.3820190429688,646.3820190429688,500,0.0,0.0
2006-07-05 00:00:00+09:00,648.7938251726018,651.2056981286338,648.1908569335938,648.1908569335938,1000,0.0,0.0
2006-07-06 00:00:00+09:00,645.176025390625,648.1908666307681,645.176025390625,645.176025390625,1200,0.0,0.0
2006-07-07 00:00:00+09:00,645.1758511682073,645.1758511682073,642.1610107421875,642.1610107421875,5300,0.0,0.0
2006-07-10 00:00:00+09:00,642.1612036363133,642.1612036363133,639.1463623046875,639.1463623046875,16000,0.0,0.0
2006-07-11 00:00:00+09:00,639.1462777944711,639.1462777944711,627.0869140625,627.0869140625,2800,0.0,0.0
2006-07-12 00:00:00+09:00,627.0869140625,627.0869140625,627.0869140625,627.0869140625,500,0.0,0.0
2006-07-13 00:00:00+09:00,622.8662568045135,622.8662568045135,597.541588086421,608.9979858398438,3400,0.0,0.0
2006-07-14 00:00:00+09:00,608.3950175370321,608.9979858398438,602.9683028117265,608.9979858398438,1000,0.0,0.0
2006-07-17 00:00:00+09:00,608.9979858398438,608.9979858398438,608.9979858398438,608.9979858398438,0,0.0,0.0
2006-07-18 00:00:00+09:00,608.9979858398438,608.9979858398438,596.9386197836093,608.9979858398438,800,0.0,0.0
2006-07-19 00:00:00+09:00,596.9386395263672,602.9683227539062,596.9386395263672,602.9683227539062,400,0.0,0.0
2006-07-20 00:00:00+09:00,596.9384137412494,602.3651265934426,596.9384137412494,597.5413818359375,400,0.0,0.0
2006-07-21 00:00:00+09:00,602.9683028117265,608.9979858398438,598.1445563892328,608.9979858398438,3200,0.0,0.0
2006-07-24 00:00:00+09:00,602.9683227539062,602.9683227539062,602.9683227539062,602.9683227539062,100,0.0,0.0
2006-07-25 00:00:00+09:00,602.9683227539062,602.9683227539062,602.9683227539062,602.9683227539062,0,0.0,0.0
2006-07-26 00:00:00+09:00,602.9683227539062,602.9683227539062,602.9683227539062,602.9683227539062,900,0.0,0.0
2006-07-27 00:00:00+09:00,602.9683227539062,602.9683227539062,602.9683227539062,602.9683227539062,0,0.0,0.0
2006-07-28 00:00:00+09:00,602.9681912702114,605.9830322265625,602.9681912702114,605.9830322265625,3400,0.0,0.0
2006-07-31 00:00:00+09:00,605.9831660559418,657.2354736328125,599.9534828116041,657.2354736328125,3500,0.0,0.0
2006-08-01 00:00:00+09:00,657.2354736328125,657.2354736328125,657.2354736328125,657.2354736328125,0,0.0,0.0
2006-08-02 00:00:00+09:00,625.2780151367188,625.2780151367188,625.2780151367188,625.2780151367188,100,0.0,0.0
2006-08-03 00:00:00+09:00,621.0573518960783,621.0573518960783,608.9979858398438,608.9979858398438,300,0.0,0.0
2006-08-04 00:00:00+09:00,602.9683227539062,602.9683227539062,602.9683227539062,602.9683227539062,400,0.0,0.0
2006-08-07 00:00:00+09:00,602.9683227539062,602.9683227539062,602.9683227539062,602.9683227539062,100,0.0,0.0
2006-08-08 00:00:00+09:00,602.3651424734933,633.1165161132812,602.3651424734933,633.1165161132812,200,0.0,0.0
2006-08-09 00:00:00+09:00,633.1165161132812,633.1165161132812,633.1165161132812,633.1165161132812,0,0.0,0.0
2006-08-10 00:00:00+09:00,602.968163583793,615.0275268554688,602.968163583793,615.0275268554688,200,0.0,0.0
2006-08-11 00:00:00+09:00,615.0275268554688,615.0275268554688,615.0275268554688,615.0275268554688,0,0.0,0.0
2006-08-14 00:00:00+09:00,615.0275268554688,615.0275268554688,615.0275268554688,615.0275268554688,300,0.0,0.0
2006-08-15 00:00:00+09:00,602.9683227539062,602.9683227539062,602.9683227539062,602.9683227539062,700,0.0,0.0
2006-08-16 00:00:00+09:00,602.9683227539062,615.0276892089844,602.9683227539062,602.9683227539062,2400,0.0,0.0
2006-08-17 00:00:00+09:00,620.4542497306035,620.4542497306035,604.1741090671183,612.0126953125,2400,0.0,0.0
2006-08-18 00:00:00+09:00,619.851289139775,619.851289139775,608.9978618980278,609.600830078125,2600,0.0,0.0
2006-08-21 00:00:00+09:00,610.8068432033002,611.4098114591771,604.7771606445312,604.7771606445312,2000,0.0,0.0
2006-08-22 00:00:00+09:00,605.9831867636216,632.5137939453125,605.9831867636216,632.5137939453125,3100,0.0,0.0
2006-08-23 00:00:00+09:00,629.4987916861007,629.4987916861007,605.3800640352922,605.9830322265625,5000,0.0,0.0
2006-08-24 00:00:00+09:00,615.0276892089844,615.0276892089844,602.3653544311524,602.9683227539062,4100,0.0,0.0
2006-08-25 00:00:00+09:00,602.9683227539062,602.9683227539062,601.7623861083985,602.9683227539062,1300,0.0,0.0
2006-08-28 00:00:00+09:00,603.5710842663539,610.8067016601562,602.9681161502036,610.8067016601562,1000,0.0,0.0
2006-08-29 00:00:00+09:00,610.806910949707,613.8217525634765,602.9683227539062,602.9683227539062,4800,0.0,0.0
2006-08-30 00:00:00+09:00,602.3651268935785,628.2927549780869,600.5562226086128,618.0422973632812,7600,0.0,0.0
2006-08-31 00:00:00+09:00,618.0423676733877,618.0423676733877,604.1740999109605,615.0275268554688,900,0.0,0.0
2006-09-01 00:00:00+09:00,619.2484469876431,621.6603201988901,608.9979858398438,608.9979858398438,4300,0.0,0.0
2006-09-04 00:00:00+09:00,632.5137348903045,632.5137348903045,630.1018617353367,631.9107666015625,1400,0.0,0.0
2006-09-05 00:00:00+09:00,631.910545459692,631.910545459692,624.0719604492188,624.0719604492188,2800,0.0,0.0
2006-09-06 00:00:00+09:00,628.8959638183132,638.54345703125,627.6900271666962,638.54345703125,3100,0.0,0.0
2006-09-07 00:00:00+09:00,645.1759383423301,654.2204608424563,645.1759383423301,653.6174926757812,2900,0.0,0.0
2006-09-08 00:00:00+09:00,653.0144581448187,655.4263305664062,645.1758727746593,655.4263305664062,4800,0.0,0.0
2006-09-11 00:00:00+09:00,776.0201197574013,776.0201197574013,675.927392578125,687.3837890625,121400,0.0,0.0
2006-09-12 00:00:00+09:00,670.5006946910512,692.2075517134233,660.853202681108,663.2650756835938,14200,0.0,0.0
2006-09-13 00:00:00+09:00,639.1463623046875,657.2354102944428,627.086996978184,639.1463623046875,21700,0.0,0.0
2006-09-14 00:00:00+09:00,604.1740138841711,630.1016412265059,604.1740138841711,624.0719604492188,13200,0.0,0.0
2006-09-15 00:00:00+09:00,624.072075000282,626.4839477539062,612.0127112321607,626.4839477539062,1300,0.0,0.0
2006-09-18 00:00:00+09:00,626.4839477539062,626.4839477539062,626.4839477539062,626.4839477539062,0,0.0,0.0
2006-09-19 00:00:00+09:00,627.0870788399666,633.116762290351,627.0870788399666,632.5137939453125,1400,0.0,0.0
2006-09-20 00:00:00+09:00,632.5137090294107,633.1166772934997,618.0424706912736,621.0573120117188,1700,0.0,0.0
2006-09-21 00:00:00+09:00,612.0127777464362,615.027619016123,604.7771586991877,605.380126953125,4600,0.0,0.0
2006-09-22 00:00:00+09:00,606.5860736735816,621.0573120117188,605.9831054094926,621.0573120117188,4600,0.0,0.0
2006-09-25 00:00:00+09:00,608.9978656447441,608.9978656447441,591.5117883143505,608.3948974609375,8500,0.0,0.0
2006-09-26 00:00:00+09:00,602.3652230789412,605.9830322265625,592.1147638273476,605.9830322265625,3600,0.0,0.0
2006-09-27 00:00:00+09:00,602.9683227539062,605.9831643676757,597.5416078491211,602.9683227539062,5700,0.0,0.0
2006-09-28 00:00:00+09:00,604.1741923886543,604.7771606445312,602.3652876210236,604.7771606445312,6000,0.0,0.0
2006-09-29 00:00:00+09:00,602.9681776128888,631.3076819606946,602.9681776128888,630.1017456054688,8600,0.0,0.0
2006-10-02 00:00:00+09:00,636.1313006119605,636.1313006119605,621.0570991756581,631.3075561523438,16400,0.0,0.0
2006-10-03 00:00:00+09:00,631.9107487550256,631.9107487550256,615.6306054187796,618.6454467773438,3700,0.0,0.0
2006-10-04 00:00:00+09:00,617.4394120458891,630.7047119140625,615.0275393425849,630.7047119140625,2700,0.0,0.0
2006-10-05 00:00:00+09:00,630.7047137830817,633.1165864935332,630.1017456054688,630.1017456054688,1300,0.0,0.0
2006-10-06 00:00:00+09:00,627.0869946526093,627.0869946526093,616.8365341630954,621.0573120117188,2800,0.0,0.0
2006-10-09 00:00:00+09:00,621.0573120117188,621.0573120117188,621.0573120117188,621.0573120117188,0,0.0,0.0
2006-10-10 00:00:00+09:00,615.0275955800936,618.0424367348979,612.61572265625,612.61572265625,2100,0.0,0.0
2006-10-11 00:00:00+09:00,613.2187842407226,622.8662774047851,602.9683227539062,602.9683227539062,5900,0.0,0.0
2006-10-12 00:00:00+09:00,602.9682656328281,602.9682656328281,601.7623291015625,601.7623291015625,5300,0.0,0.0
2006-10-13 00:00:00+09:00,602.9682774697582,616.8365478515625,602.3653091922884,616.8365478515625,6600,0.0,0.0
2006-10-16 00:00:00+09:00,612.0128273539025,612.0128273539025,602.9683028117265,608.9979858398438,3200,0.0,0.0
2006-10-17 00:00:00+09:00,613.2186316579434,618.0423770397168,612.0126953125,612.0126953125,1800,0.0,0.0
2006-10-18 00:00:00+09:00,613.21875,613.21875,613.21875,613.21875,700,0.0,0.0
2006-10-19 00:00:00+09:00,615.6305093427594,630.1017456054688,615.6305093427594,630.1017456054688,1400,0.0,0.0
2006-10-20 00:00:00+09:00,630.7047137830817,631.3076819606946,627.0869047174043,630.1017456054688,8000,0.0,0.0
2006-10-23 00:00:00+09:00,631.3077556859666,645.176025390625,621.0572954694801,645.176025390625,5600,0.0,0.0
2006-10-24 00:00:00+09:00,645.176025390625,654.2205491110543,645.176025390625,645.176025390625,1700,0.0,0.0
2006-10-25 00:00:00+09:00,645.176025390625,651.2057078709112,645.176025390625,645.176025390625,2100,0.0,0.0
2006-10-26 00:00:00+09:00,636.7344892393868,639.1463623046875,630.704806576135,639.1463623046875,3400,0.0,0.0
2006-10-27 00:00:00+09:00,639.1463185173347,642.1611596424165,615.0275895166806,633.7196044921875,4500,0.0,0.0
2006-10-30 00:00:00+09:00,645.7789612105672,645.7789612105672,636.1314697265625,636.1314697265625,800,0.0,0.0
2006-10-31 00:00:00+09:00,634.9254951339336,687.3837269256261,633.1165905893924,668.0887451171875,4200,0.0,0.0
2006-11-01 00:00:00+09:00,656.0294395288548,669.2947406957985,656.0294395288548,668.6917724609375,3000,0.0,0.0
2006-11-02 00:00:00+09:00,648.190786573622,651.2056274414062,648.190786573622,651.2056274414062,1200,0.0,0.0
2006-11-03 00:00:00+09:00,651.2056274414062,651.2056274414062,651.2056274414062,651.2056274414062,0,0.0,0.0
2006-11-06 00:00:00+09:00,663.2651568771502,663.2651568771502,657.2354736328125,657.2354736328125,4300,0.0,0.0
2006-11-07 00:00:00+09:00,665.6769389847285,666.2799072265625,663.2650660173925,666.2799072265625,3300,0.0,0.0
2006-11-08 00:00:00+09:00,642.1608953448987,642.1608953448987,608.9976566181667,639.7490234375,2900,0.0,0.0
2006-11-09 00:00:00+09:00,662.662123068785,662.662123068785,650.6027577718098,658.4413452148438,1000,0.0,0.0
2006-11-10 00:00:00+09:00,666.2799091615539,666.2799091615539,663.2650679436282,665.6769409179688,600,0.0,0.0
2006-11-13 00:00:00+09:00,664.4710294903449,664.4710294903449,639.1463623046875,639.1463623046875,1000,0.0,0.0
2006-11-14 00:00:00+09:00,669.2945556640625,669.2945556640625,663.2648749824043,669.2945556640625,3800,0.0,0.0
2006-11-15 00:00:00+09:00,680.7509927477155,680.7509927477155,672.309439250401,675.3242797851562,3000,0.0,0.0
2006-11-16 00:00:00+09:00,675.3242838541667,675.3242838541667,633.1165161132812,633.1165161132812,1100,0.0,0.0
2006-11-17 00:00:00+09:00,669.2948401214879,675.3245233658256,657.2354736328125,657.2354736328125,1500,0.0,0.0
2006-11-20 00:00:00+09:00,678.3390766865498,678.3390766865498,639.7491203239372,669.2945556640625,900,0.0,0.0
2006-11-21 00:00:00+09:00,668.6917899391868,668.6917899391868,662.6621074329723,663.2650756835938,1800,0.0,0.0
2006-11-22 00:00:00+09:00,668.0889034726204,668.0889034726204,657.2354736328125,657.2354736328125,7900,0.0,0.0
2006-11-23 00:00:00+09:00,657.2354736328125,657.2354736328125,657.2354736328125,657.2354736328125,0,0.0,0.0
2006-11-24 00:00:00+09:00,657.2353835990526,666.2799072265625,645.1760187623728,666.2799072265625,500,0.0,0.0
2006-11-27 00:00:00+09:00,687.3838620463376,687.3838620463376,683.7660522460938,683.7660522460938,6400,0.0,0.0
2006-11-28 00:00:00+09:00,683.7659226670626,686.1777954101562,683.1629544812891,686.1777954101562,1400,0.0,0.0
2006-11-29 00:00:00+09:00,686.7807673602036,686.7807673602036,684.9718627929686,684.9718627929688,3300,0.0,0.0
2006-11-30 00:00:00+09:00,686.7808227539062,686.7808227539062,669.2947438602598,686.7808227539062,6600,0.0,0.0
2006-12-01 00:00:00+09:00,693.4134426364651,696.4282836914062,683.7659512606534,696.4282836914062,9400,0.0,0.0
2006-12-04 00:00:00+09:00,699.4430388732104,699.4430388732104,684.3688354492188,684.3688354492188,1200,0.0,0.0
2006-12-05 00:00:00+09:00,684.3688483272039,684.3688483272039,680.1480712890625,680.1480712890625,700,0.0,0.0
2006-12-06 00:00:00+09:00,672.3093960048916,672.3093960048916,669.2945556640625,669.2945556640625,600,0.0,0.0
2006-12-07 00:00:00+09:00,669.2945556640625,669.2945556640625,669.2945556640625,669.2945556640625,200,0.0,0.0
2006-12-08 00:00:00+09:00,669.2945556640625,669.2945556640625,663.2648749824043,669.2945556640625,700,0.0,0.0
2006-12-11 00:00:00+09:00,671.1036629416726,671.1036629416726,663.2650756835938,663.2650756835938,7100,0.0,0.0
2006-12-12 00:00:00+09:00,664.4710121848367,664.4710121848367,663.2650756835938,663.2650756835938,1000,0.0,0.0
2006-12-13 00:00:00+09:00,667.4858708219708,667.4858708219708,639.1463623046875,639.1463623046875,3800,0.0,0.0
2006-12-14 00:00:00+09:00,759.7398681640625,759.7398681640625,739.8419192359561,759.7398681640625,133600,0.0,0.0
2006-12-15 00:00:00+09:00,783.2559647246036,832.0964059429969,777.829249033671,805.5657958984375,147000,0.0,0.0
2006-12-18 00:00:00+09:00,783.8585567474365,804.9624409675598,762.1517044067383,771.7991943359375,19500,0.0,0.0
2006-12-19 00:00:00+09:00,781.4468758959289,790.4913999225021,771.7993836009174,788.6824951171875,32700,0.0,0.0
2006-12-20 00:00:00+09:00,788.6823452261991,789.8882815338844,777.8289184570312,777.8289184570312,11600,0.0,0.0
2006-12-21 00:00:00+09:00,789.8882815338844,789.8882815338844,777.8289184570312,777.8289184570312,8300,0.0,0.0
2006-12-22 00:00:00+09:00,777.8289184570312,777.8289184570312,765.7695553801781,777.8289184570312,3000,0.0,0.0
2006-12-25 00:00:00+09:00,777.8289559431902,777.8289559431902,762.1517831877461,765.7695922851562,4200,0.0,0.0
2006-12-26 00:00:00+09:00,762.7548295216934,765.7696707450993,760.3429565429688,760.3429565429688,800,0.0,0.0
2006-12-27 00:00:00+09:00,765.7695149294187,771.7991961493353,764.5635786854353,771.1962280273438,6700,0.0,0.0
2006-12-28 00:00:00+09:00,777.8288395808294,783.8585205078125,777.8288395808294,783.8585205078125,4000,0.0,0.0
2006-12-29 00:00:00+09:00,783.8585205078125,783.8585205078125,783.8585205078125,783.8585205078125,1400,0.0,0.0
2007-01-04 00:00:00+09:00,771.7992604961831,789.8883056640625,771.7992604961831,789.8883056640625,2900,0.0,0.0
2007-01-05 00:00:00+09:00,783.858623941436,789.8883056640625,783.858623941436,789.8883056640625,2600,0.0,0.0
2007-01-09 00:00:00+09:00,789.8882014347956,789.8882014347956,783.8585205078125,783.8585205078125,1400,0.0,0.0
2007-01-10 00:00:00+09:00,784.461706134555,814.0071508698304,783.8587378746515,810.9923095703125,9800,0.0,0.0
2007-01-11 00:00:00+09:00,810.9922836633037,861.64161587722,810.9922836633037,838.1258544921875,25700,0.0,0.0
2007-01-12 00:00:00+09:00,856.2147373080666,883.3483029269842,856.2147373080666,871.2889404296875,17600,0.0,0.0
2007-01-15 00:00:00+09:00,879.7310024892836,903.2467729465022,856.2152320320649,867.0686645507812,16100,0.0,0.0
2007-01-16 00:00:00+09:00,874.3037222525425,891.1868286132812,856.2146797231795,891.1868286132812,13700,0.0,0.0
2007-01-17 00:00:00+09:00,897.8196622532724,919.5265177543589,897.2166940449089,910.4819946289062,12600,0.0,0.0
2007-01-18 00:00:00+09:00,910.4818634939667,928.5709071395422,904.4521822787748,913.4967041015625,13500,0.0,0.0
2007-01-19 00:00:00+09:00,913.49673761106,925.5561004838133,913.49673761106,922.541259765625,7400,0.0,0.0
2007-01-22 00:00:00+09:00,924.9533474128996,934.6008399543639,924.9533474128996,931.5859985351562,7700,0.0,0.0
2007-01-23 00:00:00+09:00,949.0721926978326,952.0870344789566,931.5861103673135,934.6009521484375,3800,0.0,0.0
2007-01-24 00:00:00+09:00,950.880756225586,964.7490234375001,946.659979248047,964.7490234375,11600,0.0,0.0
2007-01-25 00:00:00+09:00,964.7490234375001,982.8380676269531,964.7490234375001,964.7490234375,12300,0.0,0.0
2007-01-26 00:00:00+09:00,964.7490234375001,964.7490234375001,952.6896606445313,964.7490234375,7800,0.0,0.0
2007-01-29 00:00:00+09:00,964.7490234375001,964.7490234375001,964.7490234375001,964.7490234375,0,0.0,0.0
2007-01-30 00:00:00+09:00,994.294685600304,995.5006221504559,985.8531297492401,991.8828125,9900,0.0,0.0
2007-01-31 00:00:00+09:00,1172.7734375,1172.7734375,1172.7734375,1172.7734375,44800,0.0,0.0
2007-02-01 00:00:00+09:00,1145.6396819733002,1145.6396819733002,1034.0905550443208,1097.4022216796875,45000,0.0,0.0
2007-02-02 00:00:00+09:00,1055.1946813409977,1097.4024685946376,1055.1946813409977,1061.224365234375,11200,0.0,0.0
2007-02-05 00:00:00+09:00,1029.8695733481488,1029.8695733481488,1019.016146931131,1028.0606689453125,10500,0.0,0.0
2007-02-06 00:00:00+09:00,1019.619094656808,1085.3426199776786,1019.0161265345982,1055.1942138671875,6600,0.0,0.0
2007-02-07 00:00:00+09:00,1064.2389677278288,1097.4022216796875,1058.2092851911273,1097.4022216796875,10600,0.0,0.0
2007-02-08 00:00:00+09:00,1091.3723396565247,1094.387180373808,1055.1942510491263,1063.0328369140625,6800,0.0,0.0
2007-02-09 00:00:00+09:00,1063.0330312204885,1097.4022216796875,1061.224126459478,1097.4022216796875,6700,0.0,0.0
2007-02-13 00:00:00+09:00,1094.387266184265,1097.4021071379407,1067.253697601184,1094.990234375,3900,0.0,0.0
2007-02-14 00:00:00+09:00,1076.298410822836,1076.298410822836,1061.8271716857223,1073.2835693359375,900,0.0,0.0
2007-02-15 00:00:00+09:00,1067.2537459900925,1079.3131103515625,1064.8418731177985,1079.3131103515625,3100,0.0,0.0
2007-02-16 00:00:00+09:00,1076.298359443772,1078.1072642495599,1025.0460566131162,1070.2686767578125,2500,0.0,0.0
2007-02-19 00:00:00+09:00,1034.0903838401616,1055.1942692246548,1020.2221163017805,1037.105224609375,4700,0.0,0.0
2007-02-20 00:00:00+09:00,1025.0457763671875,1037.1051384420957,1022.0309358484606,1025.0457763671875,2400,0.0,0.0
2007-02-21 00:00:00+09:00,1037.708174406724,1043.1348876953125,1037.708174406724,1043.1348876953125,4000,0.0,0.0
2007-02-22 00:00:00+09:00,1049.1647989908854,1163.7287712944878,1048.5618307156033,1085.3428955078125,10700,0.0,0.0
2007-02-23 00:00:00+09:00,1085.3429979946525,1139.6101478943851,1085.3429979946525,1127.55078125,9300,0.0,0.0
2007-02-26 00:00:00+09:00,1122.1238613809123,1127.5505753800676,1111.2704333826014,1115.4912109375,20300,0.0,0.0
2007-02-27 00:00:00+09:00,1115.491414605615,1127.55078125,1103.43204796123,1127.55078125,8100,0.0,0.0
2007-02-28 00:00:00+09:00,1115.4913554944492,1151.6694535104853,1061.2242084703948,1145.6397705078125,27100,0.0,0.0
2007-03-01 00:00:00+09:00,1139.0069139196517,1139.0069139196517,1115.4911544475149,1133.5802001953125,3900,0.0,0.0
2007-03-02 00:00:00+09:00,1091.3725782606336,1103.431943766276,1085.3428955078125,1085.3428955078125,3400,0.0,0.0
2007-03-05 00:00:00+09:00,1055.796856282552,1055.796856282552,994.8970947265625,994.8970947265625,8200,0.0,0.0
2007-03-06 00:00:00+09:00,994.8975174515336,1019.0162451473284,976.8084716796876,976.8084716796875,6200,0.0,0.0
2007-03-07 00:00:00+09:00,1031.0755252019028,1031.0755252019028,982.8380737304688,982.8380737304688,5600,0.0,0.0
2007-03-08 00:00:00+09:00,1025.0459124094032,1025.0459124094032,988.867821383189,1000.9271850585938,2000,0.0,0.0
2007-03-09 00:00:00+09:00,1000.9271757108671,1006.9568574922579,990.0737485043637,1003.9420166015625,4500,0.0,0.0
2007-03-12 00:00:00+09:00,1130.5653592373462,1157.6989278590424,1094.3872677417512,1133.5802001953125,14500,0.0,0.0
2007-03-13 00:00:00+09:00,1169.758542239011,1175.7882254464284,1145.6398094093406,1152.2724609375,9600,0.0,0.0
2007-03-14 00:00:00+09:00,1139.61008750514,1145.6397705078125,1115.4913554944492,1145.6397705078125,6300,0.0,0.0
2007-03-15 00:00:00+09:00,1145.6398312165777,1145.6398312165777,1121.5210979278077,1127.55078125,7400,0.0,0.0
2007-03-16 00:00:00+09:00,1127.5507214997945,1145.6397705078125,1121.5210384971217,1145.6397705078125,3500,0.0,0.0
2007-03-19 00:00:00+09:00,1138.4040033783785,1138.4040033783785,1115.4912109375,1115.4912109375,8600,0.0,0.0
2007-03-20 00:00:00+09:00,1132.977289379223,1132.977289379223,1115.4912109375,1115.4912109375,1700,0.0,0.0
2007-03-22 00:00:00+09:00,1115.4913554944492,1148.6546120091489,1115.4913554944492,1145.6397705078125,4700,0.0,0.0
2007-03-23 00:00:00+09:00,1121.5208611028831,1145.03662109375,1111.2704016196847,1145.03662109375,1800,0.0,0.0
2007-03-26 00:00:00+09:00,1132.9775390625,1132.9775390625,1132.9775390625,1132.9775390625,100,0.0,0.0
2007-03-27 00:00:00+09:00,1115.4912732484186,1127.5506383646177,1091.3725430160202,1096.1962890625,2000,0.0,0.0
2007-03-28 00:00:00+09:00,1096.1965318159623,1103.432152488015,1061.224365234375,1061.224365234375,3000,0.0,0.0
2007-03-29 00:00:00+09:00,1061.8267822265625,1061.8267822265625,1061.8267822265625,1061.8267822265625,100,0.0,0.0
2007-03-30 00:00:00+09:00,1064.8420131726211,1073.2835693359375,1061.8271716857223,1073.2835693359375,1800,0.0,0.0
2007-04-02 00:00:00+09:00,1076.2982111694057,1109.461461373505,1058.8121337890625,1058.8121337890625,6300,0.0,0.0
2007-04-03 00:00:00+09:00,1090.1664187028105,1090.1664187028105,1053.9883295865668,1078.1070556640625,3200,0.0,0.0
2007-04-04 00:00:00+09:00,1084.7397390591896,1084.7397390591896,1055.1942986957097,1067.253662109375,2500,0.0,0.0
2007-04-05 00:00:00+09:00,1067.254049127752,1067.254049127752,1058.2095232876864,1061.224365234375,500,0.0,0.0
2007-04-06 00:00:00+09:00,1067.25388636214,1085.3429352835321,1067.25388636214,1073.2835693359375,9500,0.0,0.0
2007-04-09 00:00:00+09:00,1073.8864597865513,1097.4022216796875,1073.8864597865513,1097.4022216796875,700,0.0,0.0
2007-04-10 00:00:00+09:00,1103.4320903859864,1103.4320903859864,1073.2836726158775,1096.7994384765625,2000,0.0,0.0
2007-04-11 00:00:00+09:00,1097.4021184931803,1097.4021184931803,1075.6952634021063,1091.3724365234375,500,0.0,0.0
2007-04-12 00:00:00+09:00,1085.3428955078125,1085.3428955078125,1055.1944817437065,1085.3428955078125,5600,0.0,0.0
2007-04-13 00:00:00+09:00,1074.4892316397388,1074.4892316397388,1058.2090917664093,1063.0328369140625,500,0.0,0.0
2007-04-16 00:00:00+09:00,1063.6356864552279,1070.2683352936674,1061.8267822265625,1061.8267822265625,3200,0.0,0.0
2007-04-17 00:00:00+09:00,1056.4004102459457,1056.4004102459457,1050.3707275390625,1050.3707275390625,1400,0.0,0.0
2007-04-18 00:00:00+09:00,1058.2090544782366,1058.2090544782366,1055.1942138671875,1055.1942138671875,800,0.0,0.0
2007-04-19 00:00:00+09:00,1055.1942138671875,1055.7971819893974,1050.3704688895089,1055.1942138671875,7700,0.0,0.0
2007-04-20 00:00:00+09:00,1055.1942138671875,1055.1942138671875,1055.1942138671875,1055.1942138671875,3400,0.0,0.0
2007-04-23 00:00:00+09:00,1054.5911865234375,1054.5911865234375,1054.5911865234375,1054.5911865234375,100,0.0,0.0
2007-04-24 00:00:00+09:00,1040.7229204913967,1054.5911865234375,1040.7229204913967,1054.5911865234375,1400,0.0,0.0
2007-04-25 00:00:00+09:00,1054.5917129516602,1061.224365234375,1054.5917129516602,1061.224365234375,1700,0.0,0.0
2007-04-26 00:00:00+09:00,1061.2238950892856,1067.253576311384,1055.1942138671875,1055.1942138671875,1800,0.0,0.0
2007-04-27 00:00:00+09:00,1055.1940747954388,1082.32763671875,1055.1940747954388,1082.32763671875,3600,0.0,0.0
2007-05-01 00:00:00+09:00,1082.3280153379335,1097.4022216796875,1082.3280153379335,1097.4022216796875,1300,0.0,0.0
2007-05-02 00:00:00+09:00,1091.3722987241772,1091.3722987241772,1076.298095703125,1076.298095703125,300,0.0,0.0
2007-05-07 00:00:00+09:00,1058.2090520778625,1085.3426175157563,1058.2090520778625,1076.298095703125,3700,0.0,0.0
2007-05-08 00:00:00+09:00,1085.3427925322976,1091.3724747130325,1064.2389048997252,1079.3131103515625,3500,0.0,0.0
2007-05-09 00:00:00+09:00,1097.4022216796875,1103.431904216389,1091.372539142986,1097.4022216796875,3100,0.0,0.0
2007-05-10 00:00:00+09:00,1097.4023646390376,1145.6398312165777,1097.4023646390376,1127.55078125,2700,0.0,0.0
2007-05-11 00:00:00+09:00,1115.4913092719185,1115.4913092719185,1085.3428955078125,1085.3428955078125,2000,0.0,0.0
2007-05-14 00:00:00+09:00,1087.151800333659,1091.3725782606336,1085.3428955078125,1085.3428955078125,3200,0.0,0.0
2007-05-15 00:00:00+09:00,1084.7397390591896,1084.7397390591896,1067.253662109375,1067.253662109375,200,0.0,0.0
2007-05-16 00:00:00+09:00,1067.253662109375,1067.253662109375,1061.2239804025423,1067.253662109375,800,0.0,0.0
2007-05-17 00:00:00+09:00,1067.253662109375,1067.253662109375,1067.253662109375,1067.253662109375,3600,0.0,0.0
2007-05-18 00:00:00+09:00,1067.253613918259,1067.253613918259,1063.0328369140625,1063.0328369140625,1000,0.0,0.0
2007-05-21 00:00:00+09:00,1062.4300002455045,1085.3427925322976,1062.4300002455045,1079.3131103515625,1500,0.0,0.0
2007-05-22 00:00:00+09:00,1085.3428519550878,1115.491264509396,1079.3131694442263,1079.9161376953125,2900,0.0,0.0
2007-05-23 00:00:00+09:00,1085.3428955078125,1085.3428955078125,1085.3428955078125,1085.3428955078125,600,0.0,0.0
2007-05-24 00:00:00+09:00,1099.8139466789282,1099.8139466789282,1085.9456787109375,1085.9456787109375,1500,0.0,0.0
2007-05-25 00:00:00+09:00,1067.856708583048,1100.4169921875,1067.856708583048,1100.4169921875,2300,0.0,0.0
2007-05-28 00:00:00+09:00,1100.4169921875,1109.4615154109588,1097.4021511130136,1100.4169921875,3700,0.0,0.0
2007-05-29 00:00:00+09:00,1100.4169921875,1100.4169921875,1085.3427868150684,1100.4169921875,6800,0.0,0.0
2007-05-30 00:00:00+09:00,1099.8140371621623,1115.4912109375,1097.4021642736486,1115.4912109375,7200,0.0,0.0
2007-05-31 00:00:00+09:00,1126.9475360222582,1133.5801860470015,1109.4614586842993,1118.5059814453125,1500,0.0,0.0
2007-06-01 00:00:00+09:00,1100.417007048798,1139.6099415464264,1100.417007048798,1134.1832275390625,3300,0.0,0.0
2007-06-04 00:00:00+09:00,1175.788206960263,1254.1740874242807,1175.788206960263,1194.480224609375,35900,0.0,0.0
2007-06-05 00:00:00+09:00,1176.3912250205858,1176.3912250205858,1160.7140482648015,1161.3170166015625,7100,0.0,0.0
2007-06-06 00:00:00+09:00,1175.78811285064,1175.78811285064,1148.654541015625,1148.654541015625,6000,0.0,0.0
2007-06-07 00:00:00+09:00,1146.2424062066539,1154.6839599609375,1134.1830437005344,1154.6839599609375,5700,0.0,0.0
2007-06-08 00:00:00+09:00,1128.756658100329,1157.699136513158,1128.756658100329,1145.6397705078125,4700,0.0,0.0
2007-06-11 00:00:00+09:00,1169.7580800297699,1169.7580800297699,1120.314697265625,1120.314697265625,18200,0.0,0.0
2007-06-12 00:00:00+09:00,1127.5507301964644,1134.1833815505613,1121.5210471472856,1124.535888671875,5200,0.0,0.0
2007-06-13 00:00:00+09:00,1125.138645513007,1133.5802001953125,1124.5356773214137,1133.5802001953125,900,0.0,0.0
2007-06-14 00:00:00+09:00,1133.5803734250662,1140.2130245461703,1130.5655320063827,1136.59521484375,8300,0.0,0.0
2007-06-15 00:00:00+09:00,1133.5802576013514,1135.3891622677365,1100.4170053842906,1115.4912109375,17500,0.0,0.0
2007-06-18 00:00:00+09:00,1115.4912109375,1121.5208931587838,1087.7546727195947,1115.4912109375,7500,0.0,0.0
2007-06-19 00:00:00+09:00,1115.4913730308658,1115.4913730308658,1103.4320068359375,1103.4320068359375,800,0.0,0.0
2007-06-20 00:00:00+09:00,1098.607816204016,1103.4315607318053,1085.9454868185692,1088.9603271484375,4300,0.0,0.0
2007-06-21 00:00:00+09:00,1078.1071361900033,1103.4318004629229,1078.1071361900033,1091.3724365234375,1700,0.0,0.0
2007-06-22 00:00:00+09:00,1094.3873804113366,1135.3892216609074,1092.5784756503263,1097.4022216796875,5800,0.0,0.0
2007-06-25 00:00:00+09:00,1098.0047148647686,1109.461106727718,1091.3720669441138,1092.5780029296875,1300,0.0,0.0
2007-06-26 00:00:00+09:00,1094.3871393283875,1094.3871393283875,1076.298095703125,1076.298095703125,7600,0.0,0.0
2007-06-27 00:00:00+09:00,1073.2835181007922,1076.298359443772,1061.2241527288732,1070.2686767578125,2300,0.0,0.0
2007-06-28 00:00:00+09:00,1061.2242033883426,1082.3280937966335,1058.2093619014438,1073.2835693359375,3800,0.0,0.0
2007-06-29 00:00:00+09:00,1072.680459952754,1084.739824314224,1072.680459952754,1079.3131103515625,2200,0.0,0.0
2007-07-02 00:00:00+09:00,1073.2833470879893,1096.7991058163216,1073.2833470879893,1085.9456787109375,1500,0.0,0.0
2007-07-03 00:00:00+09:00,1102.8285926658318,1106.4464010616737,1088.9603271484375,1088.9603271484375,1200,0.0,0.0
2007-07-04 00:00:00+09:00,1097.4021549193467,1099.2110595703125,1094.3873138344034,1099.2110595703125,4600,0.0,0.0
2007-07-05 00:00:00+09:00,1096.7993554287268,1103.4320068359375,1094.3874821897411,1103.4320068359375,3400,0.0,0.0
2007-07-06 00:00:00+09:00,1112.4763698268582,1121.5208931587838,1103.4318464949324,1115.4912109375,3600,0.0,0.0
2007-07-09 00:00:00+09:00,1114.8882427153717,1120.3149567145272,1096.7991960515203,1115.4912109375,2800,0.0,0.0
2007-07-10 00:00:00+09:00,1115.4913133190526,1121.52099609375,1113.0794402091735,1121.52099609375,2800,0.0,0.0
2007-07-11 00:00:00+09:00,1121.5208603861547,1121.5208603861547,1079.3130860705467,1106.4466552734375,5400,0.0,0.0
2007-07-12 00:00:00+09:00,1114.8881392769192,1121.5207891049592,1109.46142578125,1109.46142578125,3900,0.0,0.0
2007-07-13 00:00:00+09:00,1109.4615287162162,1125.7416707136824,1103.4318464949324,1115.4912109375,1000,0.0,0.0
2007-07-17 00:00:00+09:00,1115.4913133190526,1122.7269326486896,1109.4616305443549,1121.52099609375,1600,0.0,0.0
2007-07-18 00:00:00+09:00,1121.5207966324551,1126.9475101645476,1091.37238812083,1107.049560546875,1700,0.0,0.0
2007-07-19 00:00:00+09:00,1107.0497338721314,1110.0645751953125,1107.0497338721314,1110.0645751953125,2000,0.0,0.0
2007-07-20 00:00:00+09:00,1111.8733388940943,1166.7434440130546,1110.064434329733,1116.0941162109375,6100,0.0,0.0
2007-07-23 00:00:00+09:00,1134.1831987896703,1145.0366265292844,1109.4615022716605,1123.9327392578125,3300,0.0,0.0
2007-07-24 00:00:00+09:00,1123.9329203669572,1125.1388569767928,1115.4913640981065,1124.535888671875,1700,0.0,0.0
2007-07-25 00:00:00+09:00,1119.7121511990906,1119.7121511990906,1097.4023237384733,1103.4320068359375,2700,0.0,0.0
2007-07-26 00:00:00+09:00,1103.4317441193955,1112.4762666121774,1103.4317441193955,1109.46142578125,2600,0.0,0.0
2007-07-27 00:00:00+09:00,1058.2093845810607,1103.4320078537555,1058.2093845810607,1084.739990234375,4500,0.0,0.0
2007-07-30 00:00:00+09:00,1037.105136662464,1085.3425848793227,1035.2962323543318,1046.149658203125,5100,0.0,0.0
2007-07-31 00:00:00+09:00,1082.3282281826423,1091.3727537663412,1052.1798095703125,1052.1798095703125,2000,0.0,0.0
2007-08-01 00:00:00+09:00,1049.1645005170037,1052.1793410357307,1025.0457763671875,1025.0457763671875,5100,0.0,0.0
2007-08-02 00:00:00+09:00,1006.9565971493009,1025.0456378166537,996.1031727488893,1009.3684692382812,6400,0.0,0.0
2007-08-03 00:00:00+09:00,1001.5301783767891,1012.9865741559336,1001.5301783767891,1012.3836059570312,1400,0.0,0.0
2007-08-06 00:00:00+09:00,1009.9716251731937,1009.9716251731937,982.2350909893329,987.6618041992188,3500,0.0,0.0
2007-08-07 00:00:00+09:00,987.6620345744681,1011.1777973024316,987.6620345744681,991.8828125,1500,0.0,0.0
2007-08-08 00:00:00+09:00,973.7938698153583,979.8235532197878,923.1445292181509,923.7474975585938,4400,0.0,0.0
2007-08-09 00:00:00+09:00,915.9090367838542,916.5120052083333,886.9665524088541,904.45263671875,6800,0.0,0.0
2007-08-10 00:00:00+09:00,877.3190576171875,910.4823209635416,877.3190576171875,904.45263671875,1600,0.0,0.0
2007-08-13 00:00:00+09:00,904.45263671875,904.45263671875,904.45263671875,904.45263671875,0,0.0,0.0
2007-08-14 00:00:00+09:00,892.9957204696707,895.4075927734375,886.9660397102535,895.4075927734375,3000,0.0,0.0
2007-08-15 00:00:00+09:00,871.289133283827,871.289133283827,865.8624189588759,868.2742919921875,3800,0.0,0.0
2007-08-16 00:00:00+09:00,844.155660695043,874.3040771484374,838.1259774043641,874.3040771484375,3200,0.0,0.0
2007-08-17 00:00:00+09:00,844.1556396484374,844.1556396484374,844.1556396484374,844.1556396484375,400,0.0,0.0
2007-08-20 00:00:00+09:00,844.1555425536528,880.3336372345236,759.7399882982876,760.3429565429688,7300,0.0,0.0
2007-08-21 00:00:00+09:00,819.4335999177632,861.038396381579,817.0217276589913,859.2294921875,3600,0.0,0.0
2007-08-22 00:00:00+09:00,859.2296328055985,859.2296328055985,850.1851103550132,853.199951171875,3200,0.0,0.0
2007-08-23 00:00:00+09:00,841.1405475323016,853.8028783553685,841.1405475323016,846.5672607421875,12300,0.0,0.0
2007-08-24 00:00:00+09:00,844.1556782760455,847.1705199841742,832.0963114435306,832.6992797851562,11000,0.0,0.0
2007-08-27 00:00:00+09:00,838.125816399324,856.2148627964317,838.125816399324,850.1851806640625,9300,0.0,0.0
2007-08-28 00:00:00+09:00,850.788291102818,850.788291102818,844.1556396484374,844.1556396484375,2700,0.0,0.0
2007-08-29 00:00:00+09:00,832.0961964925131,868.2742919921875,832.0961964925131,868.2742919921875,3300,0.0,0.0
2007-08-30 00:00:00+09:00,846.5675355939482,855.6120605468749,832.0962956692653,855.612060546875,17200,0.0,0.0
2007-08-31 00:00:00+09:00,862.244443966741,863.4503802520092,861.0385076814728,862.847412109375,14500,0.0,0.0
2007-09-03 00:00:00+09:00,862.8474829209192,863.4504511130373,820.6397094726561,820.6397094726562,19600,0.0,0.0
2007-09-04 00:00:00+09:00,826.0666115868171,826.6695799164424,817.0220866424359,819.4339599609375,10500,0.0,0.0
2007-09-05 00:00:00+09:00,814.0068899405408,827.2721874062385,811.5950176740503,816.4187622070312,7300,0.0,0.0
2007-09-06 00:00:00+09:00,815.2130613477967,838.1258544921875,792.9032364440478,838.1258544921875,7700,0.0,0.0
2007-09-07 00:00:00+09:00,832.699056655937,865.2593383789064,817.0218839745073,865.2593383789062,15600,0.0,0.0
2007-09-10 00:00:00+09:00,817.0218978700902,820.0367388216404,762.7547607421875,762.7547607421875,17900,0.0,0.0
2007-09-11 00:00:00+09:00,774.8139807722038,798.3297358306597,768.7842999879842,769.3872680664062,12700,0.0,0.0
2007-09-12 00:00:00+09:00,757.3280423677884,765.7695969801682,702.4579373873197,705.4727783203125,13600,0.0,0.0
2007-09-13 00:00:00+09:00,694.0162892541537,700.6489384129683,669.8975650402821,675.92724609375,12100,0.0,0.0
2007-09-14 00:00:00+09:00,686.7807787329749,700.0460791123651,677.736255747027,681.3540649414062,4900,0.0,0.0
2007-09-18 00:00:00+09:00,690.398587927354,723.5618388758296,681.3540649414062,681.3540649414062,3000,0.0,0.0
2007-09-19 00:00:00+09:00,681.3539170273789,693.4132783906954,669.2945556640625,669.2945556640625,5200,0.0,0.0
2007-09-20 00:00:00+09:00,671.7064801271721,678.3391293923416,664.4708627469871,672.3094482421875,6600,0.0,0.0
2007-09-21 00:00:00+09:00,672.9125366210938,684.3689328538901,672.309568398315,672.9125366210938,3400,0.0,0.0
2007-09-25 00:00:00+09:00,664.4709923739191,692.2075310755528,664.4709923739191,688.5897216796875,2500,0.0,0.0
2007-09-26 00:00:00+09:00,676.5303780229401,688.589743050087,675.9274097715828,681.9570922851562,1400,0.0,0.0
2007-09-27 00:00:00+09:00,688.5897255345394,726.5767244037828,687.3837890625,687.3837890625,4900,0.0,0.0
2007-09-28 00:00:00+09:00,687.9867193813982,717.5321613180226,663.2650230670798,699.443115234375,13100,0.0,0.0
2007-10-01 00:00:00+09:00,722.3558959960938,728.9885461262749,722.3558959960938,722.3558959960938,1200,0.0,0.0
2007-10-02 00:00:00+09:00,746.4746320764937,753.7102504811123,720.5469994599433,739.239013671875,7100,0.0,0.0
2007-10-03 00:00:00+09:00,730.1943875488281,753.7101440429688,730.1943875488281,753.7101440429688,1100,0.0,0.0
2007-10-04 00:00:00+09:00,753.1072331172484,774.8140869140625,753.1072331172484,774.8140869140625,2600,0.0,0.0
2007-10-05 00:00:00+09:00,768.181465016763,772.402242297075,763.9606877364512,765.7695922851562,1700,0.0,0.0
2007-10-09 00:00:00+09:00,772.4021267465445,792.9030418982873,772.4021267465445,783.8585205078125,4100,0.0,0.0
2007-10-10 00:00:00+09:00,807.9772442157451,807.9772442157451,783.8585205078125,783.8585205078125,2700,0.0,0.0
2007-10-11 00:00:00+09:00,786.8734407646712,786.8734407646712,777.8289184570312,777.8289184570312,2400,0.0,0.0
2007-10-12 00:00:00+09:00,768.784490621315,774.8141729006977,765.7696494816234,766.9755859375,2000,0.0,0.0
2007-10-15 00:00:00+09:00,768.7843537330627,771.7991943359375,768.7843537330627,771.7991943359375,500,0.0,0.0
2007-10-16 00:00:00+09:00,781.4468211206896,786.87353515625,781.4468211206896,786.87353515625,2400,0.0,0.0
2007-10-17 00:00:00+09:00,792.3002935133015,814.0071508698304,789.8884204736872,810.9923095703125,2500,0.0,0.0
2007-10-18 00:00:00+09:00,798.9329127261512,807.9774362664473,792.903230365954,801.94775390625,1900,0.0,0.0
2007-10-19 00:00:00+09:00,789.8884238266364,804.9626303882134,789.8884238266364,791.0943603515625,1600,0.0,0.0
2007-10-22 00:00:00+09:00,791.0943256578947,807.9774362664473,767.578564453125,801.94775390625,7300,0.0,0.0
2007-10-23 00:00:00+09:00,789.8884238266364,803.1537256008241,789.8884238266364,791.0943603515625,2200,0.0,0.0
2007-10-24 00:00:00+09:00,785.0646972656251,795.9181262600807,783.8587607106856,785.064697265625,2600,0.0,0.0
2007-10-25 00:00:00+09:00,783.8587373359018,795.9181025256848,771.7993721461187,792.30029296875,5000,0.0,0.0
2007-10-26 00:00:00+09:00,793.5230102539062,793.5230102539062,793.5230102539062,793.5230102539062,600,18.0,0.0
2007-10-29 00:00:00+09:00,794.7456550598145,794.7456550598145,782.518798828125,782.518798828125,1200,0.0,0.0
2007-10-30 00:00:00+09:00,794.7456804410679,794.7456804410679,776.4053955078124,776.4053955078125,700,0.0,0.0
2007-10-31 00:00:00+09:00,776.4051746186756,788.0206851050967,765.4010067894345,770.291748046875,1100,0.0,0.0
2007-11-01 00:00:00+09:00,766.0123779201433,781.9072875976562,766.0123779201433,781.9072875976562,500,0.0,0.0
2007-11-02 00:00:00+09:00,778.8504051414697,791.6885986328125,778.8504051414697,791.6885986328125,800,0.0,0.0
2007-11-05 00:00:00+09:00,795.357162920927,795.968505859375,794.7458199824788,795.968505859375,1400,0.0,0.0
2007-11-06 00:00:00+09:00,795.9681076284555,795.9681076284555,794.7454223632812,794.7454223632812,500,0.0,0.0
2007-11-07 00:00:00+09:00,794.1342243317634,794.1342243317634,758.0650024414061,758.0650024414062,4300,0.0,0.0
2007-11-08 00:00:00+09:00,715.8821138465435,740.3358154296875,715.2707713069648,740.3358154296875,2200,0.0,0.0
2007-11-09 00:00:00+09:00,737.2794359079365,745.8382353297534,727.4979508544316,739.1134643554688,1600,0.0,0.0
2007-11-12 00:00:00+09:00,733.6112536414195,733.6112536414195,721.3843994140625,721.3843994140625,2200,0.0,0.0
2007-11-13 00:00:00+09:00,721.3845326741537,733.6113891601562,721.3845326741537,733.6113891601562,800,0.0,0.0
2007-11-14 00:00:00+09:00,721.3845573874081,745.8382711971508,709.1577004825368,727.4979858398438,1700,0.0,0.0
2007-11-15 00:00:00+09:00,727.497826527741,727.497826527741,721.3843994140625,721.3843994140625,600,0.0,0.0
2007-11-16 00:00:00+09:00,709.1575927734375,709.1575927734375,709.1575927734375,709.1575927734375,500,0.0,0.0
2007-11-19 00:00:00+09:00,704.2667863175676,704.2667863175676,678.5903930664062,678.5903930664062,1500,0.0,0.0
2007-11-20 00:00:00+09:00,678.5904169256037,678.5904169256037,672.4769897460936,672.4769897460938,1000,0.0,0.0
2007-11-21 00:00:00+09:00,672.4769897460936,672.4769897460936,672.4769897460936,672.4769897460938,0,0.0,0.0
2007-11-22 00:00:00+09:00,675.5336960614737,721.3843994140625,672.4769825046345,721.3843994140625,2800,0.0,0.0
2007-11-26 00:00:00+09:00,684.7038441051136,684.7038441051136,672.4769897460936,672.4769897460938,1000,0.0,0.0
2007-11-27 00:00:00+09:00,672.4769761827257,672.4769761827257,660.2501220703125,660.2501220703125,300,0.0,0.0
2007-11-28 00:00:00+09:00,662.0840347726004,662.0840347726004,629.6828770228794,641.9097290039062,5800,0.0,0.0
2007-11-29 00:00:00+09:00,641.2984863161339,641.2984863161339,617.4561212386036,622.3468627929688,3000,0.0,0.0
2007-11-30 00:00:00+09:00,622.3468946269915,631.5170355104933,622.3468946269915,623.569580078125,3000,0.0,0.0
2007-12-03 00:00:00+09:00,641.9099574806417,690.8173828125,641.9099574806417,690.8173828125,1000,0.0,0.0
2007-12-04 00:00:00+09:00,666.3635625665837,683.4811586692116,654.1367082075639,672.4769897460938,1000,0.0,0.0
2007-12-05 00:00:00+09:00,651.0800170898438,651.0800170898438,651.0800170898438,651.0800170898438,200,0.0,0.0
2007-12-06 00:00:00+09:00,649.2458401925223,654.136580984933,641.9097290039062,641.9097290039062,900,0.0,0.0
2007-12-07 00:00:00+09:00,644.3552469602773,696.930722518706,644.3552469602773,651.0800170898438,3700,0.0,0.0
2007-12-10 00:00:00+09:00,670.6429615922407,678.5904169256037,660.8614781050248,672.4769897460938,1000,0.0,0.0
2007-12-11 00:00:00+09:00,692.6514892578125,705.4896898530588,692.6514892578125,692.6514892578125,2600,0.0,0.0
2007-12-12 00:00:00+09:00,704.8782721923399,704.8782721923399,681.0359021875686,695.7081298828125,3100,0.0,0.0
2007-12-13 00:00:00+09:00,695.0967825290376,696.9308109789823,675.5338123962943,690.8173828125,7800,0.0,0.0
2007-12-14 00:00:00+09:00,666.3635855661312,666.3635855661312,651.0800170898438,651.0800170898438,3400,0.0,0.0
2007-12-17 00:00:00+09:00,639.4644951863161,639.4644951863161,613.1767578125,613.1767578125,4000,0.0,0.0
2007-12-18 00:00:00+09:00,614.3994077671254,622.3468627929688,605.8406100469863,622.3468627929688,3200,0.0,0.0
2007-12-19 00:00:00+09:00,621.1240949534407,621.1240949534407,605.2291870117188,605.2291870117188,5200,0.0,0.0
2007-12-20 00:00:00+09:00,599.1159374602215,602.1726514268553,599.1159374602215,600.338623046875,2800,0.0,0.0
2007-12-21 00:00:00+09:00,600.9499658402018,635.7965050598269,600.338623046875,600.338623046875,4900,0.0,0.0
2007-12-25 00:00:00+09:00,602.7839507754486,617.4561767578125,602.7839507754486,617.4561767578125,3400,0.0,0.0
2007-12-26 00:00:00+09:00,619.290134371244,635.79638671875,619.290134371244,635.79638671875,1800,0.0,0.0
2007-12-27 00:00:00+09:00,652.9140687280772,652.9140687280772,599.1159057617188,599.1159057617188,8000,0.0,0.0
2007-12-28 00:00:00+09:00,599.1160536303962,599.1160536303962,593.0026245117188,593.0026245117188,6200,0.0,0.0
2008-01-04 00:00:00+09:00,593.0026245117188,599.1160536303962,593.0026245117188,593.0026245117188,2400,0.0,0.0
2008-01-07 00:00:00+09:00,562.4353515624999,596.0592041015625,562.4353515624999,596.0592041015625,5800,0.0,0.0
2008-01-08 00:00:00+09:00,596.059191956812,599.1159057617188,596.059191956812,599.1159057617188,600,0.0,0.0
2008-01-09 00:00:00+09:00,597.893220239756,599.1159057617188,596.059191956812,599.1159057617188,800,0.0,0.0
2008-01-10 00:00:00+09:00,599.1159057617188,599.1159057617188,599.1159057617188,599.1159057617188,0,0.0,0.0
2008-01-11 00:00:00+09:00,589.3343477884929,593.0024038950603,586.8889770507812,586.8889770507812,700,0.0,0.0
2008-01-15 00:00:00+09:00,586.8890477129338,593.0024752932769,580.7756201325907,581.386962890625,2600,0.0,0.0
2008-01-16 00:00:00+09:00,581.3869775390625,581.3869775390625,551.431181640625,565.4920654296875,2200,0.0,0.0
2008-01-17 00:00:00+09:00,556.3218994140625,565.4920406131954,556.3218994140625,556.3218994140625,900,0.0,0.0
2008-01-18 00:00:00+09:00,553.2653198242188,553.2653198242188,544.0951764017179,553.2653198242188,3700,0.0,0.0
2008-01-21 00:00:00+09:00,544.0950198040327,547.7630761173184,544.0950198040327,547.1517333984375,1200,0.0,0.0
2008-01-22 00:00:00+09:00,547.1516563854916,583.8322143554688,547.1516563854916,583.8322143554688,5000,0.0,0.0
2008-01-23 00:00:00+09:00,567.326068853022,568.5487543462397,556.3218994140625,556.3218994140625,800,0.0,0.0
2008-01-24 00:00:00+09:00,568.548828125,568.548828125,568.548828125,568.548828125,300,0.0,0.0
2008-01-25 00:00:00+09:00,562.4355385372198,572.828369140625,562.4355385372198,572.828369140625,800,0.0,0.0
2008-01-28 00:00:00+09:00,633.962599606858,633.962599606858,593.0026245117188,593.0026245117188,1100,0.0,0.0
2008-01-29 00:00:00+09:00,593.0026245117188,593.0026245117188,593.0026245117188,593.0026245117188,0,0.0,0.0
2008-01-30 00:00:00+09:00,611.3428106162754,611.3428106162754,602.1726684570312,602.1726684570312,1600,0.0,0.0
2008-01-31 00:00:00+09:00,608.2861810302735,611.3428955078125,605.2294665527344,611.3428955078125,800,0.0,0.0
2008-02-01 00:00:00+09:00,611.3427609813457,611.3427609813457,599.1159057617188,599.1159057617188,500,0.0,0.0
2008-02-04 00:00:00+09:00,556.3219716061827,568.548828125,556.3219716061827,568.548828125,2800,0.0,0.0
2008-02-05 00:00:00+09:00,574.6622020259678,574.6622020259678,559.9899755912622,560.601318359375,800,0.0,0.0
2008-02-06 00:00:00+09:00,556.9330574525605,562.4351403472621,531.8680131544761,533.0906982421875,4100,0.0,0.0
2008-02-07 00:00:00+09:00,550.2082987034574,550.2082987034574,513.5277454565603,517.19580078125,3500,0.0,0.0
2008-02-08 00:00:00+09:00,526.3661499023438,526.3661499023438,526.3661499023438,526.3661499023438,700,0.0,0.0
2008-02-12 00:00:00+09:00,525.7547607421875,525.7547607421875,525.7547607421875,525.7547607421875,300,0.0,0.0
2008-02-13 00:00:00+09:00,526.9775185324929,547.1518318869851,526.366175703569,537.981689453125,1100,0.0,0.0
2008-02-14 00:00:00+09:00,538.593110064013,539.8157958984375,538.593110064013,539.8157958984375,500,0.0,0.0
2008-02-15 00:00:00+09:00,539.8157958984375,539.8157958984375,539.8157958984375,539.8157958984375,100,0.0,0.0
2008-02-18 00:00:00+09:00,544.095068359375,550.20849609375,544.095068359375,550.20849609375,700,0.0,0.0
2008-02-19 00:00:00+09:00,550.2084861513715,550.2084861513715,540.427001953125,540.427001953125,3900,0.0,0.0
2008-02-20 00:00:00+09:00,577.1075439453125,577.1075439453125,577.1075439453125,577.1075439453125,200,0.0,0.0
2008-02-21 00:00:00+09:00,577.1075439453125,577.1075439453125,577.1075439453125,577.1075439453125,0,0.0,0.0
2008-02-22 00:00:00+09:00,643.743896484375,643.743896484375,643.743896484375,643.743896484375,5200,0.0,0.0
2008-02-25 00:00:00+09:00,644.3553319849675,766.012553109264,644.3553319849675,644.9666748046875,10100,0.0,0.0
2008-02-26 00:00:00+09:00,660.8613495744977,660.8613495744977,641.9097290039062,641.9097290039062,3000,0.0,0.0
2008-02-27 00:00:00+09:00,641.9097290039062,641.9097290039062,641.9097290039062,641.9097290039062,0,0.0,0.0
2008-02-28 00:00:00+09:00,642.5211652872287,642.5211652872287,630.2943115234375,630.2943115234375,5500,0.0,0.0
2008-02-29 00:00:00+09:00,630.9058227539062,630.9058227539062,630.9058227539062,630.9058227539062,500,0.0,0.0
2008-03-03 00:00:00+09:00,626.0149536132812,626.0149536132812,626.0149536132812,626.0149536132812,300,0.0,0.0
2008-03-04 00:00:00+09:00,624.7922509143916,624.7922509143916,624.180908203125,624.180908203125,200,0.0,0.0
2008-03-05 00:00:00+09:00,624.180908203125,624.180908203125,624.180908203125,624.180908203125,0,0.0,0.0
2008-03-06 00:00:00+09:00,611.3428955078125,611.3428955078125,611.3428955078125,611.3428955078125,700,0.0,0.0
2008-03-07 00:00:00+09:00,611.9540405273438,611.9540405273438,611.9540405273438,611.9540405273438,900,0.0,0.0
2008-03-10 00:00:00+09:00,605.2294827490738,605.8408256609415,593.0026245117188,593.0026245117188,900,0.0,0.0
2008-03-11 00:00:00+09:00,578.9416064453125,578.9416064453125,550.20849609375,550.20849609375,1000,0.0,0.0
2008-03-12 00:00:00+09:00,550.20849609375,550.8198388671875,550.20849609375,550.20849609375,600,0.0,0.0
2008-03-13 00:00:00+09:00,550.2084814615705,550.81982421875,550.2084814615705,550.81982421875,400,0.0,0.0
2008-03-14 00:00:00+09:00,519.6412469085152,520.2525895519369,516.5845336914062,516.5845336914062,2500,0.0,0.0
2008-03-17 00:00:00+09:00,489.07432603776533,489.68566894531256,489.07432603776533,489.6856689453125,400,0.0,0.0
2008-03-18 00:00:00+09:00,489.07417899173026,489.6855217154699,480.51538085937494,480.515380859375,600,0.0,0.0
2008-03-19 00:00:00+09:00,481.1267566149748,483.57212767782096,481.1267566149748,482.9607849121094,400,0.0,0.0
2008-03-21 00:00:00+09:00,484.1834982882725,544.0950927734375,484.1834982882725,544.0950927734375,3500,0.0,0.0
2008-03-24 00:00:00+09:00,544.0950412295598,550.2084686591054,537.9816138000142,538.5929565429688,1700,0.0,0.0
2008-03-25 00:00:00+09:00,520.863999074956,521.475341796875,520.863999074956,521.475341796875,1000,0.0,0.0
2008-03-26 00:00:00+09:00,523.3094861260776,537.9817147090517,523.3094861260776,531.8682861328125,2500,0.0,0.0
2008-03-27 00:00:00+09:00,531.8682861328125,531.8682861328125,531.8682861328125,531.8682861328125,100,0.0,0.0
2008-03-28 00:00:00+09:00,532.4793680348116,533.0907105928309,513.5277487362132,519.6411743164062,3000,0.0,0.0
2008-03-31 00:00:00+09:00,519.6414037540853,520.2527465820312,519.6414037540853,520.2527465820312,800,0.0,0.0
2008-04-01 00:00:00+09:00,520.8640308045505,522.6980590820312,520.8640308045505,522.6980590820312,1600,0.0,0.0
2008-04-02 00:00:00+09:00,523.3094615589489,537.981689453125,523.3094615589489,537.981689453125,800,0.0,0.0
2008-04-03 00:00:00+09:00,537.981689453125,537.981689453125,537.981689453125,537.981689453125,800,0.0,0.0
2008-04-04 00:00:00+09:00,537.981689453125,537.981689453125,537.981689453125,537.981689453125,0,0.0,0.0
2008-04-07 00:00:00+09:00,531.8681494869403,532.4794921875,531.8681494869403,532.4794921875,700,0.0,0.0
2008-04-08 00:00:00+09:00,532.4793556983318,533.0906982421875,532.4793556983318,533.0906982421875,600,0.0,0.0
2008-04-09 00:00:00+09:00,539.204326171875,550.20849609375,539.204326171875,550.20849609375,1300,0.0,0.0
2008-04-10 00:00:00+09:00,544.0950832759761,550.2085111779534,533.7022558426148,534.3135986328125,3300,0.0,0.0
2008-04-11 00:00:00+09:00,519.6411743164062,519.6411743164062,518.4184892003676,519.6411743164062,2900,0.0,0.0
2008-04-14 00:00:00+09:00,513.5279482186559,514.1392910141543,507.4145202636719,507.4145202636719,1400,0.0,0.0
2008-04-15 00:00:00+09:00,501.3009972205529,501.91233990009016,470.73386324368994,476.8472900390625,3200,0.0,0.0
2008-04-16 00:00:00+09:00,473.7906069232734,473.7906069232734,462.1750952696706,462.78643798828125,3900,0.0,0.0
2008-04-17 00:00:00+09:00,462.7863857631411,470.12249755859375,449.33684747147777,470.12249755859375,4700,0.0,0.0
2008-04-18 00:00:00+09:00,459.1183961737093,467.0658517665964,458.5070534357949,462.17510986328125,2700,0.0,0.0
2008-04-21 00:00:00+09:00,462.78650930097024,474.4020227444556,462.78650930097024,473.7906799316406,3800,0.0,0.0
2008-04-22 00:00:00+09:00,475.6245691964286,534.9248046875,475.6245691964286,534.9248046875,3300,0.0,0.0
2008-04-23 00:00:00+09:00,559.3785284291143,571.6053815095321,559.3785284291143,562.4352416992188,1700,0.0,0.0
2008-04-24 00:00:00+09:00,525.7547607421875,525.7547607421875,525.7547607421875,525.7547607421875,100,0.0,0.0
2008-04-25 00:00:00+09:00,537.9816156431687,537.9816156431687,525.7547607421875,525.7547607421875,200,0.0,0.0
2008-04-28 00:00:00+09:00,544.095068359375,550.20849609375,544.095068359375,550.20849609375,900,0.0,0.0
2008-04-30 00:00:00+09:00,537.981689453125,537.981689453125,537.981689453125,537.981689453125,100,0.0,0.0
2008-05-01 00:00:00+09:00,550.2085207821278,550.2085207821278,544.0950927734375,544.0950927734375,400,0.0,0.0
2008-05-02 00:00:00+09:00,537.9814385930333,537.9814385930333,533.0906982421875,533.0906982421875,400,0.0,0.0
2008-05-07 00:00:00+09:00,535.5361764390035,535.5361764390035,533.0908057703322,533.7021484375,1100,0.0,0.0
2008-05-08 00:00:00+09:00,533.7021484375,533.7021484375,533.7021484375,533.7021484375,0,0.0,0.0
2008-05-09 00:00:00+09:00,528.8115470192649,537.981689453125,528.8115470192649,537.981689453125,800,0.0,0.0
2008-05-12 00:00:00+09:00,531.8682861328125,531.8682861328125,531.8682861328125,531.8682861328125,100,0.0,0.0
2008-05-13 00:00:00+09:00,531.8681881926781,531.8681881926781,525.7547607421875,525.7547607421875,200,0.0,0.0
2008-05-14 00:00:00+09:00,527.5887915293376,528.2001342773438,527.5887915293376,528.2001342773438,300,0.0,0.0
2008-05-15 00:00:00+09:00,532.4795214057107,532.4795214057107,523.3093803941313,531.2568359375,800,0.0,0.0
2008-05-16 00:00:00+09:00,531.8682861328125,531.8682861328125,531.2569432751885,531.8682861328125,800,0.0,0.0
2008-05-19 00:00:00+09:00,532.4796289904364,532.4796289904364,529.4229147023168,531.8682861328125,2300,0.0,0.0
2008-05-20 00:00:00+09:00,531.8682861328125,531.8682861328125,531.8682861328125,531.8682861328125,1300,0.0,0.0
2008-05-21 00:00:00+09:00,530.6456004175647,531.8682861328125,525.7548575565733,531.8682861328125,1900,0.0,0.0
2008-05-22 00:00:00+09:00,531.8682128906249,550.20849609375,531.8682128906249,550.20849609375,3500,0.0,0.0
2008-05-23 00:00:00+09:00,550.2085460316051,550.2085460316051,537.981689453125,537.981689453125,400,0.0,0.0
2008-05-26 00:00:00+09:00,525.7545998965993,525.7545998965993,519.6411743164062,519.6411743164062,900,0.0,0.0
2008-05-27 00:00:00+09:00,508.02574958754803,516.5845468128497,501.9123229980469,501.9123229980469,4300,0.0,0.0
2008-05-28 00:00:00+09:00,505.58037895174755,519.6412601076003,501.9123229980469,501.9123229980469,4200,0.0,0.0
2008-05-29 00:00:00+09:00,500.0784124465216,513.5279541015625,497.0216984340123,513.5279541015625,1800,0.0,0.0
2008-05-30 00:00:00+09:00,510.47119140625006,516.584618848241,508.02582042945363,510.47119140625,1400,0.0,0.0
2008-06-02 00:00:00+09:00,516.5846681140719,525.7548101515997,513.5279541015625,513.5279541015625,400,0.0,0.0
2008-06-03 00:00:00+09:00,516.5844582271351,517.19580078125,516.5844582271351,517.19580078125,400,0.0,0.0
2008-06-04 00:00:00+09:00,489.07420032429246,489.07420032429246,482.9607728202388,486.0174865722656,6000,0.0,0.0
2008-06-05 00:00:00+09:00,486.62884765625,525.75478515625,482.960791015625,489.07421875,4500,0.0,0.0
2008-06-06 00:00:00+09:00,495.18762207031256,497.63299304349925,489.0741946373457,495.1876220703125,2000,0.0,0.0
2008-06-09 00:00:00+09:00,462.17513087791735,498.24435405489766,462.17513087791735,482.9607849121094,3900,0.0,0.0
2008-06-10 00:00:00+09:00,482.9607728202388,495.1876278283461,478.68137356740124,486.0174865722656,1100,0.0,0.0
2008-06-11 00:00:00+09:00,480.5153509401807,486.01743511125153,467.6771545410156,467.6771545410156,1600,0.0,0.0
2008-06-12 00:00:00+09:00,467.6771545410156,479.9040082545062,467.6771545410156,467.6771545410156,1300,0.0,0.0
2008-06-13 00:00:00+09:00,468.28842480151684,470.73379516601557,458.5069433435217,470.7337951660156,4000,0.0,0.0
2008-06-16 00:00:00+09:00,458.5070923670827,459.11843515690543,449.9482933095638,455.45037841796875,3700,0.0,0.0
2008-06-17 00:00:00+09:00,446.8916107601589,446.8916107601589,440.1668395996094,440.1668395996094,5100,0.0,0.0
2008-06-18 00:00:00+09:00,440.77823069605336,457.28448898841594,440.77823069605336,443.2236022949219,2400,0.0,0.0
2008-06-19 00:00:00+09:00,441.3894359028118,441.3894359028118,427.9398963046652,428.5512390136719,5900,0.0,0.0
2008-06-20 00:00:00+09:00,434.0533233947318,440.77809319380515,428.5512390136718,428.5512390136719,7200,0.0,0.0
2008-06-23 00:00:00+09:00,421.8264451137809,421.8264451137809,399.8181088469749,420.603759765625,3500,0.0,0.0
2008-06-24 00:00:00+09:00,419.9925038506003,422.43787505205944,415.7131042480469,415.7131042480469,1700,0.0,0.0
2008-06-25 00:00:00+09:00,410.8223972486413,421.8265686035156,397.9841973346213,421.8265686035156,3800,0.0,0.0
2008-06-26 00:00:00+09:00,409.59967693299734,409.59967693299734,400.4295349121094,400.4295349121094,2200,0.0,0.0
2008-06-27 00:00:00+09:00,400.4295415878296,401.65222721099855,391.2593994140625,391.2593994140625,5500,0.0,0.0
2008-06-30 00:00:00+09:00,385.14597459833146,385.14597459833146,374.141803895522,378.42120361328125,2400,0.0,0.0
2008-07-01 00:00:00+09:00,378.4211584767987,379.03250122070307,366.8056463426159,379.0325012207031,3900,0.0,0.0
2008-07-02 00:00:00+09:00,374.7531238215985,375.97580938055967,370.4737243652344,370.4737243652344,1300,0.0,0.0
2008-07-03 00:00:00+09:00,367.41695469890146,368.63964007227554,361.30352783203125,361.30352783203125,4000,0.0,0.0
2008-07-04 00:00:00+09:00,385.7572136492768,391.2592975206611,366.19424877324377,369.8623046875,4300,0.0,0.0
2008-07-07 00:00:00+09:00,364.97159868660617,366.80562682070973,360.69219970703125,360.69219970703125,6900,0.0,0.0
2008-07-08 00:00:00+09:00,364.3602559752383,368.6396549548133,360.69219970703125,360.69219970703125,5700,0.0,0.0
2008-07-09 00:00:00+09:00,361.9149643841912,386.3686781939338,361.9149643841912,363.7489929199219,1200,0.0,0.0
2008-07-10 00:00:00+09:00,366.8056945800781,366.8056945800781,366.8056945800781,366.8056945800781,600,0.0,0.0
2008-07-11 00:00:00+09:00,369.8624109432397,369.8624109432397,369.2510681152344,369.2510681152344,400,0.0,0.0
2008-07-14 00:00:00+09:00,371.08506955006084,386.3686391361424,371.08506955006084,372.9190979003906,1100,0.0,0.0
2008-07-15 00:00:00+09:00,379.03250122070307,383.923243171938,379.03250122070307,379.0325012207031,1800,0.0,0.0
2008-07-16 00:00:00+09:00,382.0892149402249,382.70055768412925,372.9190737816595,379.0325012207031,5000,0.0,0.0
2008-07-17 00:00:00+09:00,385.1458740234375,385.1458740234375,385.1458740234375,385.1458740234375,700,0.0,0.0
2008-07-18 00:00:00+09:00,382.70050339471726,385.1458740234375,382.70050339471726,385.1458740234375,900,0.0,0.0
2008-07-22 00:00:00+09:00,391.87073503382067,446.28024426628565,391.2593922334559,415.7131042480469,5400,0.0,0.0
2008-07-23 00:00:00+09:00,397.37285940987726,427.9400024414063,394.9274879673549,427.94000244140625,5600,0.0,0.0
2008-07-24 00:00:00+09:00,427.9399349814967,427.9399349814967,404.09756717538477,406.5429382324219,3500,0.0,0.0
2008-07-25 00:00:00+09:00,404.7089760606134,404.7089760606134,388.2027187288361,394.927490234375,2000,0.0,0.0
2008-07-28 00:00:00+09:00,426.7172746546128,426.7172746546128,415.7131042480469,415.7131042480469,1100,0.0,0.0
2008-07-29 00:00:00+09:00,415.7131042480469,426.7172746546128,415.7131042480469,415.7131042480469,1100,0.0,0.0
2008-07-30 00:00:00+09:00,430.3853314568015,430.3853314568015,415.7131042480469,415.7131042480469,900,0.0,0.0
2008-07-31 00:00:00+09:00,427.93981481481484,427.93981481481484,412.65625,412.65625,500,0.0,0.0
2008-08-01 00:00:00+09:00,426.10593257059577,426.10593257059577,400.4295349121094,400.4295349121094,500,0.0,0.0
2008-08-04 00:00:00+09:00,397.9841637065392,402.263563316287,397.3728209051467,400.4295349121094,600,0.0,0.0
2008-08-05 00:00:00+09:00,400.4295832316081,403.4862976074219,397.37286885579425,403.4862976074219,500,0.0,0.0
2008-08-06 00:00:00+09:00,403.4862976074219,403.4862976074219,403.4862976074219,403.4862976074219,300,0.0,0.0
2008-08-07 00:00:00+09:00,398.5955546061198,403.4862976074219,397.98421173095704,403.4862976074219,1900,0.0,0.0
2008-08-08 00:00:00+09:00,397.37286885579425,403.4862976074219,397.37286885579425,403.4862976074219,1200,0.0,0.0
2008-08-11 00:00:00+09:00,391.8706274883564,397.3727111816406,386.36854379507207,397.3727111816406,1200,0.0,0.0
2008-08-12 00:00:00+09:00,397.3727641808202,397.3727641808202,387.59128075483073,390.0366516113281,700,0.0,0.0
2008-08-13 00:00:00+09:00,388.81394035131166,391.2593110453451,380.25514292219475,380.8664855957031,2100,0.0,0.0
2008-08-14 00:00:00+09:00,374.7531685141189,380.86659703800336,368.63973999023443,368.6397399902344,2100,0.0,0.0
2008-08-15 00:00:00+09:00,368.6396524964882,372.3077087402344,355.19011293608565,372.3077087402344,2700,0.0,0.0
2008-08-18 00:00:00+09:00,361.30352783203125,372.91903887908467,361.30352783203125,361.30352783203125,1000,0.0,0.0
2008-08-19 00:00:00+09:00,361.30352783203125,361.30352783203125,361.30352783203125,361.30352783203125,0,0.0,0.0
2008-08-20 00:00:00+09:00,361.30352783203125,361.30352783203125,361.30352783203125,361.30352783203125,0,0.0,0.0
2008-08-21 00:00:00+09:00,365.5829300865,377.8097839355469,365.5829300865,377.8097839355469,600,0.0,0.0
2008-08-22 00:00:00+09:00,382.7005857504842,438.9441223144531,382.7005857504842,438.9441223144531,11100,0.0,0.0
2008-08-25 00:00:00+09:00,438.33270263671875,438.33270263671875,438.33270263671875,438.33270263671875,600,0.0,0.0
2008-08-26 00:00:00+09:00,397.3727111816406,409.5995638333834,397.3727111816406,397.3727111816406,400,0.0,0.0
2008-08-27 00:00:00+09:00,397.3727111816406,397.3727111816406,397.3727111816406,397.3727111816406,0,0.0,0.0
2008-08-28 00:00:00+09:00,404.09763087681364,434.0534310477121,403.4862880161831,427.94000244140625,2400,0.0,0.0
2008-08-29 00:00:00+09:00,427.9400024414063,427.9400024414063,427.9400024414063,427.94000244140625,0,0.0,0.0
2008-09-01 00:00:00+09:00,409.5997314453125,409.5997314453125,409.5997314453125,409.5997314453125,300,0.0,0.0
2008-09-02 00:00:00+09:00,409.5997314453125,409.5997314453125,409.5997314453125,409.5997314453125,100,0.0,0.0
2008-09-03 00:00:00+09:00,415.7131042480469,415.7131042480469,415.7131042480469,415.7131042480469,100,0.0,0.0
2008-09-04 00:00:00+09:00,380.255132765997,386.36855933779765,380.255132765997,385.1458740234375,400,0.0,0.0
2008-09-05 00:00:00+09:00,385.1458740234375,385.75721668061755,385.1458740234375,385.1458740234375,800,0.0,0.0
2008-09-08 00:00:00+09:00,385.1458740234375,385.1458740234375,385.1458740234375,385.1458740234375,200,0.0,0.0
2008-09-09 00:00:00+09:00,385.7572326660156,385.7572326660156,385.7572326660156,385.7572326660156,200,0.0,0.0
2008-09-10 00:00:00+09:00,394.3160400390625,394.3160400390625,394.3160400390625,394.3160400390625,100,0.0,0.0
2008-09-11 00:00:00+09:00,385.7572326660156,386.36857534852913,385.7572326660156,385.7572326660156,800,0.0,0.0
2008-09-12 00:00:00+09:00,385.7572326660156,385.7572326660156,385.7572326660156,385.7572326660156,0,0.0,0.0
2008-09-16 00:00:00+09:00,386.36865234375,386.36865234375,386.36865234375,386.36865234375,400,0.0,0.0
2008-09-17 00:00:00+09:00,391.25938265931376,391.25938265931376,373.5304418825636,374.14178466796875,1500,0.0,0.0
2008-09-18 00:00:00+09:00,374.14175629951586,374.75309903856737,347.24267578125,347.24267578125,5000,0.0,0.0
2008-09-19 00:00:00+09:00,366.8056077223558,366.8056077223558,354.5787541316106,357.6354675292969,4200,0.0,0.0
2008-09-22 00:00:00+09:00,357.63560438809327,362.5263476959646,348.46546068583444,357.0242614746094,10600,0.0,0.0
2008-09-24 00:00:00+09:00,351.5221105681525,354.57882457309296,351.5221105681525,352.1334533691406,2900,0.0,0.0
2008-09-25 00:00:00+09:00,352.13347028821244,354.57884160965835,352.13347028821244,353.9674987792969,9900,0.0,0.0
2008-09-26 00:00:00+09:00,353.9674026117092,375.9757385253906,353.9674026117092,375.9757385253906,3500,0.0,0.0
2008-09-29 00:00:00+09:00,369.8623046875,369.8623046875,369.8623046875,369.8623046875,100,0.0,0.0
2008-09-30 00:00:00+09:00,348.4653625488281,348.4653625488281,348.4653625488281,348.4653625488281,200,0.0,0.0
2008-10-01 00:00:00+09:00,354.5788336559734,354.5788336559734,345.40869140625,345.40869140625,4900,0.0,0.0
2008-10-02 00:00:00+09:00,342.35199919598136,345.4087134745169,335.6272277832031,335.6272277832031,1600,0.0,0.0
2008-10-03 00:00:00+09:00,335.6272097194896,335.6272097194896,331.3478099598604,332.57049560546875,1600,0.0,0.0
2008-10-06 00:00:00+09:00,314.8415839426802,314.8415839426802,297.1126403808594,297.1126403808594,1100,0.0,0.0
2008-10-07 00:00:00+09:00,281.8289635036303,288.55373269786,281.2176208496094,281.2176208496094,2900,0.0,0.0
2008-10-08 00:00:00+09:00,275.10426112583707,275.10426112583707,250.65054902576264,256.76397705078125,5800,0.0,0.0
2008-10-09 00:00:00+09:00,249.42788696289062,256.76400128532856,247.59385838228113,249.42788696289062,3600,0.0,0.0
2008-10-10 00:00:00+09:00,241.48045294172545,242.09179586056527,220.08345078233205,220.69479370117188,3300,0.0,0.0
2008-10-14 00:00:00+09:00,229.8648521405131,268.9907844197494,226.1967959893347,256.152587890625,4900,0.0,0.0
2008-10-15 00:00:00+09:00,256.7638743681066,262.87729994829965,256.15253181008734,259.8205871582031,2500,0.0,0.0
2008-10-16 00:00:00+09:00,258.5980382235545,260.4320668634379,257.3753524636323,259.2093811035156,3300,0.0,0.0
2008-10-17 00:00:00+09:00,262.877392578125,275.104248046875,258.5979931640625,275.104248046875,4400,0.0,0.0
2008-10-20 00:00:00+09:00,275.104248046875,275.104248046875,272.0475341796875,275.104248046875,2300,0.0,0.0
2008-10-21 00:00:00+09:00,275.715602533868,287.33111572265625,275.715602533868,287.33111572265625,3800,0.0,0.0
2008-10-22 00:00:00+09:00,290.3877412429964,336.23843722873266,290.3877412429964,302.6145935058594,11300,0.0,0.0
2008-10-23 00:00:00+09:00,302.6146608862546,317.89822961788366,298.3352616413985,308.72808837890625,4300,0.0,0.0
2008-10-24 00:00:00+09:00,309.3394470214844,311.7848181441839,309.3394470214844,309.3394470214844,5000,0.0,0.0
2008-10-27 00:00:00+09:00,311.1735338134766,317.8983056640625,305.67144775390625,305.67144775390625,5200,0.0,0.0
2008-10-28 00:00:00+09:00,305.6713703491679,319.12091064453125,305.6713703491679,319.12091064453125,2800,0.0,0.0
2008-10-29 00:00:00+09:00,319.120927734375,354.57880859375,319.120927734375,351.5220947265625,4900,0.0,0.0
2008-10-30 00:00:00+09:00,351.5220947265625,351.5220947265625,351.5220947265625,351.5220947265625,3800,0.0,0.0
2008-10-31 00:00:00+09:00,354.57878996196547,354.57878996196547,348.4653625488281,348.4653625488281,200,0.0,0.0
2008-11-04 00:00:00+09:00,348.4654928417792,348.4654928417792,336.23863344382204,338.0726623535156,1800,0.0,0.0
2008-11-05 00:00:00+09:00,331.9591333826161,333.18181895676935,328.29107666015625,328.29107666015625,3900,0.0,0.0
2008-11-06 00:00:00+09:00,327.06838254035085,327.06838254035085,319.1209265160059,319.7322692871094,4200,0.0,0.0
2008-11-07 00:00:00+09:00,313.618802173667,313.618802173667,310.56208870218876,311.1734313964844,3600,0.0,0.0
2008-11-10 00:00:00+09:00,309.33950512695316,309.33950512695316,305.67144775390625,305.67144775390625,7900,0.0,0.0
2008-11-11 00:00:00+09:00,296.5013122558594,299.5580268151981,296.5013122558594,296.5013122558594,1100,0.0,0.0
2008-11-12 00:00:00+09:00,296.5013122558594,296.5013122558594,296.5013122558594,296.5013122558594,0,0.0,0.0
2008-11-13 00:00:00+09:00,266.54534912109375,266.54534912109375,266.54534912109375,266.54534912109375,500,0.0,0.0
2008-11-14 00:00:00+09:00,263.48864082354464,263.48864082354464,258.597900390625,258.597900390625,3600,0.0,0.0
2008-11-17 00:00:00+09:00,259.8207048374972,259.8207048374972,254.3186193232914,254.92996215820312,1300,0.0,0.0
2008-11-18 00:00:00+09:00,253.7072509765625,253.7072509765625,244.537109375,244.537109375,3200,0.0,0.0
2008-11-19 00:00:00+09:00,247.59382324218748,250.03919433593748,244.537109375,244.537109375,13300,0.0,0.0
2008-11-20 00:00:00+09:00,243.9257291353666,243.9257291353666,237.812302339994,238.42364501953125,4400,0.0,0.0
2008-11-21 00:00:00+09:00,238.42371282730508,238.42371282730508,226.80819861264152,228.64222717285156,12200,0.0,0.0
2008-11-25 00:00:00+09:00,231.69890800682273,234.14427906758075,226.1968231201172,226.1968231201172,4000,0.0,0.0
2008-11-26 00:00:00+09:00,245.14852905273438,245.14852905273438,245.14852905273438,245.14852905273438,600,0.0,0.0
2008-11-27 00:00:00+09:00,244.537109375,245.14845214843749,244.537109375,244.537109375,1100,0.0,0.0
2008-11-28 00:00:00+09:00,244.5370232077206,259.8205871582031,244.5370232077206,259.8205871582031,1800,0.0,0.0
2008-12-01 00:00:00+09:00,259.8205871582031,259.8205871582031,259.8205871582031,259.8205871582031,0,0.0,0.0
2008-12-02 00:00:00+09:00,241.48040422186796,253.70726013183594,238.42369024437596,253.70726013183594,2000,0.0,0.0
2008-12-03 00:00:00+09:00,253.70726013183594,253.70726013183594,253.70726013183594,253.70726013183594,0,0.0,0.0
2008-12-04 00:00:00+09:00,253.0959014892578,253.0959014892578,253.0959014892578,253.0959014892578,200,0.0,0.0
2008-12-05 00:00:00+09:00,253.09590478845544,271.4361877441406,253.09590478845544,271.4361877441406,4100,0.0,0.0
2008-12-08 00:00:00+09:00,267.7680969238281,267.7680969238281,267.7680969238281,267.7680969238281,100,0.0,0.0
2008-12-09 00:00:00+09:00,267.7680969238281,267.7680969238281,267.7680969238281,267.7680969238281,0,0.0,0.0
2008-12-10 00:00:00+09:00,267.7680969238281,267.7680969238281,267.7680969238281,267.7680969238281,0,0.0,0.0
2008-12-11 00:00:00+09:00,267.7680969238281,267.7680969238281,267.7680969238281,267.7680969238281,0,0.0,0.0
2008-12-12 00:00:00+09:00,267.7680969238281,267.7680969238281,267.7680969238281,267.7680969238281,0,0.0,0.0
2008-12-15 00:00:00+09:00,250.03916931152344,250.03916931152344,250.03916931152344,250.03916931152344,100,0.0,0.0
2008-12-16 00:00:00+09:00,250.65051269531253,250.65051269531253,250.65051269531253,250.6505126953125,300,0.0,0.0
2008-12-17 00:00:00+09:00,256.15260944130983,256.15260944130983,237.20098439911268,247.59381103515625,1000,0.0,0.0
2008-12-18 00:00:00+09:00,248.20512789212742,248.20512789212742,238.42364501953125,238.42364501953125,900,0.0,0.0
2008-12-19 00:00:00+09:00,239.0350011313834,253.09588355087655,239.0350011313834,250.6505126953125,1000,0.0,0.0
2008-12-22 00:00:00+09:00,252.48457999684706,259.20935089264685,241.48040944008375,243.31443786621094,9600,0.0,0.0
2008-12-24 00:00:00+09:00,243.31441823661783,245.7597892741718,239.03501892089844,239.03501892089844,2000,0.0,0.0
2008-12-25 00:00:00+09:00,241.4803955078125,244.537109375,238.423681640625,244.537109375,1700,0.0,0.0
2008-12-26 00:00:00+09:00,245.14845214843749,245.14845214843749,244.537109375,244.537109375,1300,0.0,0.0
2008-12-29 00:00:00+09:00,238.42364501953125,238.42364501953125,238.42364501953125,238.42364501953125,500,0.0,0.0
2008-12-30 00:00:00+09:00,238.42364501953125,238.42364501953125,238.42364501953125,238.42364501953125,0,0.0,0.0
2009-01-05 00:00:00+09:00,242.70301818847656,242.70301818847656,242.09167557339225,242.70301818847656,500,0.0,0.0
2009-01-06 00:00:00+09:00,245.1484262902262,250.65051067080483,245.1484262902262,248.8164825439453,900,0.0,0.0
2009-01-07 00:00:00+09:00,247.59381167407108,248.2051544189453,247.59381167407108,248.2051544189453,500,0.0,0.0
2009-01-08 00:00:00+09:00,246.37112426757812,246.9824670076962,246.37112426757812,246.37112426757812,400,0.0,0.0
2009-01-09 00:00:00+09:00,246.98248046875,246.98248046875,244.537109375,244.537109375,200,0.0,0.0
2009-01-13 00:00:00+09:00,244.53718608751558,245.75987201795317,244.53718608751558,245.14852905273438,1000,0.0,0.0
2009-01-14 00:00:00+09:00,245.14839248277656,245.75973510742188,245.14839248277656,245.75973510742188,300,0.0,0.0
2009-01-15 00:00:00+09:00,246.37121498317194,246.37121498317194,245.14852905273438,245.14852905273438,200,0.0,0.0
2009-01-16 00:00:00+09:00,245.14852905273438,245.14852905273438,245.14852905273438,245.14852905273438,0,0.0,0.0
2009-01-19 00:00:00+09:00,246.37121498317194,246.37121498317194,244.53718608751558,245.14852905273438,3300,0.0,0.0
2009-01-20 00:00:00+09:00,245.75975717397836,245.75975717397836,238.42364501953125,238.42364501953125,8300,0.0,0.0
2009-01-21 00:00:00+09:00,238.42362291230927,239.03496553516135,232.9215393066406,232.92153930664062,5100,0.0,0.0
2009-01-22 00:00:00+09:00,238.4236584174924,256.7639398342226,232.92157399247333,250.6505126953125,12300,0.0,0.0
2009-01-23 00:00:00+09:00,238.423681640625,245.14845214843749,238.423681640625,244.537109375,5400,0.0,0.0
2009-01-26 00:00:00+09:00,244.537109375,244.537109375,244.537109375,244.537109375,100,0.0,0.0
2009-01-27 00:00:00+09:00,244.537109375,244.537109375,244.537109375,244.537109375,0,0.0,0.0
2009-01-28 00:00:00+09:00,244.53711819935995,253.70726013183594,244.53711819935995,253.70726013183594,1100,0.0,0.0
2009-01-29 00:00:00+09:00,253.70726013183594,253.70726013183594,253.70726013183594,253.70726013183594,0,0.0,0.0
2009-01-30 00:00:00+09:00,244.537109375,244.537109375,244.537109375,244.537109375,400,0.0,0.0
2009-02-02 00:00:00+09:00,244.537109375,244.537109375,244.537109375,244.537109375,100,0.0,0.0
2009-02-03 00:00:00+09:00,237.2010040283203,237.2010040283203,237.2010040283203,237.2010040283203,200,0.0,0.0
2009-02-04 00:00:00+09:00,238.423681640625,244.537109375,238.423681640625,244.537109375,1100,0.0,0.0
2009-02-05 00:00:00+09:00,244.537109375,244.537109375,244.537109375,244.537109375,0,0.0,0.0
2009-02-06 00:00:00+09:00,245.14852905273438,245.14852905273438,244.53718608751558,245.14852905273438,3400,0.0,0.0
2009-02-09 00:00:00+09:00,245.14839248277656,245.75973510742188,245.14839248277656,245.75973510742188,900,0.0,0.0
2009-02-10 00:00:00+09:00,244.537109375,245.759794921875,244.537109375,244.537109375,3400,0.0,0.0
2009-02-12 00:00:00+09:00,244.537109375,244.537109375,244.537109375,244.537109375,4600,0.0,0.0
2009-02-13 00:00:00+09:00,244.5371028881718,253.0959014892578,244.5371028881718,253.0959014892578,600,0.0,0.0
2009-02-16 00:00:00+09:00,250.65051269531253,250.65051269531253,250.65051269531253,250.6505126953125,100,0.0,0.0
2009-02-17 00:00:00+09:00,244.53709731867286,247.59381103515628,244.53709731867286,247.59381103515625,300,0.0,0.0
2009-02-18 00:00:00+09:00,244.53714408126532,249.42788696289062,244.53714408126532,249.42788696289062,600,0.0,0.0
2009-02-19 00:00:00+09:00,249.42786056334714,253.70726013183594,244.53711819935995,253.70726013183594,5900,0.0,0.0
2009-02-20 00:00:00+09:00,253.70718445440738,302.6145935058594,253.70718445440738,302.6145935058594,15200,0.0,0.0
2009-02-23 00:00:00+09:00,293.4444885253906,293.4444885253906,293.4444885253906,293.4444885253906,200,0.0,0.0
2009-02-24 00:00:00+09:00,250.65052858524368,251.26187133789062,250.65052858524368,251.26187133789062,200,0.0,0.0
2009-02-25 00:00:00+09:00,248.2051398349921,256.76393776033666,248.2051398349921,248.8164825439453,1200,0.0,0.0
2009-02-26 00:00:00+09:00,250.650537109375,275.104248046875,250.650537109375,275.104248046875,1400,0.0,0.0
2009-02-27 00:00:00+09:00,275.1041943094005,284.27433411971384,275.1041943094005,281.2176208496094,4600,0.0,0.0
2009-03-02 00:00:00+09:00,267.15679931640625,273.2702272183835,267.15679931640625,267.15679931640625,3700,0.0,0.0
2009-03-03 00:00:00+09:00,259.2093811035156,262.26609550332125,259.2093811035156,259.2093811035156,2300,0.0,0.0
2009-03-04 00:00:00+09:00,253.70724234847836,253.70724234847836,251.26187133789062,251.26187133789062,2000,0.0,0.0
2009-03-05 00:00:00+09:00,248.20515757465594,253.70724234847836,245.14844381142126,251.26187133789062,2100,0.0,0.0
2009-03-06 00:00:00+09:00,251.26187133789062,251.26187133789062,245.14844381142126,251.26187133789062,2900,0.0,0.0
2009-03-09 00:00:00+09:00,245.14846629233818,245.14846629233818,240.25772382266558,243.31443786621094,3700,0.0,0.0
2009-03-10 00:00:00+09:00,240.25767305814304,244.53707181490384,235.36693162184497,238.42364501953125,3900,0.0,0.0
2009-03-11 00:00:00+09:00,238.42367923620975,244.53710690893308,235.36696539984808,242.09173583984375,4600,0.0,0.0
2009-03-12 00:00:00+09:00,235.97830263280744,244.53710117389372,235.97830263280744,236.5896453857422,6000,0.0,0.0
2009-03-13 00:00:00+09:00,235.97830200195312,235.97830200195312,232.92158824545115,235.97830200195312,5600,0.0,0.0
2009-03-16 00:00:00+09:00,238.42364501953125,238.42364501953125,235.36693162184497,238.42364501953125,1600,0.0,0.0
2009-03-17 00:00:00+09:00,238.42367616150995,239.03501892089844,238.42367616150995,239.03501892089844,3700,0.0,0.0
2009-03-18 00:00:00+09:00,239.64636168028693,240.2577044396754,238.42367616150995,239.03501892089844,3300,0.0,0.0
2009-03-19 00:00:00+09:00,240.25765917252522,243.31437239354972,238.42363123991055,239.6463165283203,18900,0.0,0.0
2009-03-23 00:00:00+09:00,239.03503820524745,247.59383752717446,237.8123525878293,243.31443786621094,5600,0.0,0.0
2009-03-24 00:00:00+09:00,244.5371005201587,244.5371005201587,235.36695925065274,235.97830200195312,5100,0.0,0.0
2009-03-25 00:00:00+09:00,235.36699856028835,235.36699856028835,228.0308843194482,228.64222717285156,5000,0.0,0.0
2009-03-26 00:00:00+09:00,229.25360107421875,229.86494401041668,228.64225813802085,229.25360107421875,2400,0.0,0.0
2009-03-27 00:00:00+09:00,230.47623329555867,241.4804035855323,229.2535477077838,237.2010040283203,5300,0.0,0.0
2009-03-30 00:00:00+09:00,231.08761548110598,231.69895837920416,229.86492968490967,230.4762725830078,5200,0.0,0.0
2009-03-31 00:00:00+09:00,229.25360107421875,229.25360107421875,229.25360107421875,229.25360107421875,2700,0.0,0.0
2009-04-01 00:00:00+09:00,229.25354064779077,229.86488342285153,226.1968267724869,229.86488342285156,5600,0.0,0.0
2009-04-02 00:00:00+09:00,229.86494401041668,230.47628694661458,229.25360107421875,229.25360107421875,5500,0.0,0.0
2009-04-03 00:00:00+09:00,229.25360107421875,232.31031575520834,226.19688639322916,229.25360107421875,6400,0.0,0.0
2009-04-06 00:00:00+09:00,228.6422399505367,228.6422399505367,220.08343952458077,225.5855255126953,10200,0.0,0.0
2009-04-07 00:00:00+09:00,226.19679119275963,226.19679119275963,220.08336440376613,224.97410583496094,7000,0.0,0.0
2009-04-08 00:00:00+09:00,224.3627617424303,224.3627617424303,223.14007639233535,223.7514190673828,3700,0.0,0.0
2009-04-09 00:00:00+09:00,224.36278099142092,227.41949462890622,223.1400955364268,227.41949462890625,9300,0.0,0.0
2009-04-10 00:00:00+09:00,230.47625573306158,230.47625573306158,223.14014149222143,228.64222717285156,2400,0.0,0.0
2009-04-13 00:00:00+09:00,231.698897669555,231.698897669555,224.9741275524967,231.08755493164062,11200,0.0,0.0
2009-04-14 00:00:00+09:00,226.80816954754766,229.86488342285153,226.1968267724869,229.86488342285156,6100,0.0,0.0
2009-04-15 00:00:00+09:00,228.64216190835702,228.64216190835702,223.7514204771622,224.97410583496094,2600,0.0,0.0
2009-04-16 00:00:00+09:00,226.19678386597644,231.69886779785153,226.19678386597644,231.69886779785156,3100,0.0,0.0
2009-04-17 00:00:00+09:00,232.31021118164062,237.81229513067947,229.86484053762337,232.31021118164062,2100,0.0,0.0
2009-04-20 00:00:00+09:00,232.31021045694877,232.31021045694877,226.19678386597644,231.69886779785156,6400,0.0,0.0
2009-04-21 00:00:00+09:00,227.41949850415426,231.698897669555,226.1968130283255,231.08755493164062,4600,0.0,0.0
2009-04-22 00:00:00+09:00,231.08755493164062,232.31024040746942,231.08755493164062,231.08755493164062,10500,0.0,0.0
2009-04-23 00:00:00+09:00,231.08751923183226,231.08751923183226,223.7514075101868,226.80812072753906,3100,0.0,0.0
2009-04-24 00:00:00+09:00,223.14010929416966,226.8081658853067,223.14010929416966,226.1968231201172,3100,0.0,0.0
2009-04-27 00:00:00+09:00,223.14007639233535,226.1967897675728,223.14007639233535,223.7514190673828,1800,0.0,0.0
2009-04-28 00:00:00+09:00,223.75141906738284,223.75141906738284,223.75141906738284,223.7514190673828,1500,0.0,0.0
2009-04-30 00:00:00+09:00,223.14012145996094,223.75146425848138,221.30609306439962,223.14012145996094,1900,0.0,0.0
2009-05-01 00:00:00+09:00,221.30608099860115,226.1968231201172,210.91325399037953,226.1968231201172,19300,0.0,0.0
2009-05-07 00:00:00+09:00,226.19684812757703,226.19684812757703,220.0834197998047,220.0834197998047,3500,0.0,0.0
2009-05-08 00:00:00+09:00,220.69468764837276,221.3060302734375,214.5812613977253,221.3060302734375,8800,0.0,0.0
2009-05-11 00:00:00+09:00,220.08340861556965,224.36280822753906,220.08340861556965,224.36280822753906,600,0.0,0.0
2009-05-12 00:00:00+09:00,223.14012145996094,224.36280705700182,223.14012145996094,223.14012145996094,2900,0.0,0.0
2009-05-13 00:00:00+09:00,224.3627631560616,225.58544851386029,221.30604976156482,224.97410583496094,4900,0.0,0.0
2009-05-14 00:00:00+09:00,225.58552551269528,225.58552551269528,225.58552551269528,225.5855255126953,200,0.0,0.0
2009-05-15 00:00:00+09:00,226.80819861264152,228.64222717285153,223.14014149222143,228.64222717285156,7700,0.0,0.0
2009-05-18 00:00:00+09:00,223.14012145996094,223.14012145996094,223.14012145996094,223.14012145996094,1100,0.0,0.0
2009-05-19 00:00:00+09:00,226.19680075121178,233.53291320800784,224.36277263701277,233.5329132080078,2800,0.0,0.0
2009-05-20 00:00:00+09:00,231.087525859632,232.31021118164062,231.087525859632,232.31021118164062,1500,0.0,0.0
2009-05-21 00:00:00+09:00,229.25347167176085,235.36689758300778,229.25347167176085,235.3668975830078,600,0.0,0.0
2009-05-22 00:00:00+09:00,235.36694484803738,255.54125440644057,235.36694484803738,250.6505126953125,8400,0.0,0.0
2009-05-25 00:00:00+09:00,244.537109375,244.537109375,241.4803955078125,244.537109375,1300,0.0,0.0
2009-05-26 00:00:00+09:00,242.70312599430707,243.92581176757812,241.480440221036,243.92581176757812,1500,0.0,0.0
2009-05-27 00:00:00+09:00,241.480440221036,243.92581176757812,241.480440221036,243.92581176757812,4200,0.0,0.0
2009-05-28 00:00:00+09:00,247.59381167407108,248.2051544189453,243.92575520482558,248.2051544189453,2900,0.0,0.0
2009-05-29 00:00:00+09:00,250.03916931152344,250.03916931152344,247.593798462511,250.03916931152344,2800,0.0,0.0
2009-06-01 00:00:00+09:00,247.59381103515628,247.59381103515628,247.59381103515628,247.59381103515625,200,0.0,0.0
2009-06-02 00:00:00+09:00,254.92997162917564,265.93414306640625,254.92997162917564,265.93414306640625,2300,0.0,0.0
2009-06-03 00:00:00+09:00,259.20932390079946,262.87738037109375,259.20932390079946,262.87738037109375,600,0.0,0.0
2009-06-04 00:00:00+09:00,257.37531236467953,264.71142578125,256.15262679525114,264.71142578125,4200,0.0,0.0
2009-06-05 00:00:00+09:00,261.6547187719452,272.04754638671875,261.6547187719452,272.04754638671875,3600,0.0,0.0
2009-06-08 00:00:00+09:00,262.877392578125,275.7155908203125,261.65470703125,275.104248046875,6000,0.0,0.0
2009-06-09 00:00:00+09:00,287.33107062661725,299.55792469583497,281.82898629546924,287.9424133300781,9600,0.0,0.0
2009-06-10 00:00:00+09:00,283.0517041015625,283.0517041015625,275.104248046875,275.104248046875,7000,0.0,0.0
2009-06-11 00:00:00+09:00,275.1042352720749,275.71557801712396,259.8206666458485,262.87738037109375,7700,0.0,0.0
2009-06-12 00:00:00+09:00,263.4887471745523,292.2218588153968,263.4887471745523,272.04754638671875,4800,0.0,0.0
2009-06-15 00:00:00+09:00,272.04753174375526,272.65887451171875,272.04753174375526,272.65887451171875,400,0.0,0.0
2009-06-16 00:00:00+09:00,263.4887478783017,263.4887478783017,253.70726303827195,256.76397705078125,2600,0.0,0.0
2009-06-17 00:00:00+09:00,257.3752732743511,257.3752732743511,255.5412451987619,256.152587890625,1000,0.0,0.0
2009-06-18 00:00:00+09:00,256.76397705078125,256.76397705078125,256.76397705078125,256.76397705078125,200,0.0,0.0
2009-06-19 00:00:00+09:00,253.70726013183594,253.70726013183594,246.98248938135356,253.70726013183594,2900,0.0,0.0
2009-06-22 00:00:00+09:00,253.70726013183594,254.31860292733435,250.65054615434394,253.70726013183594,15800,0.0,0.0
2009-06-23 00:00:00+09:00,250.65051269531253,250.65051269531253,250.65051269531253,250.6505126953125,700,0.0,0.0
2009-06-24 00:00:00+09:00,250.0391699814215,251.26185540920352,250.0391699814215,250.6505126953125,2600,0.0,0.0
2009-06-25 00:00:00+09:00,247.59381103515628,250.039182008343,247.59381103515628,247.59381103515625,6800,0.0,0.0
2009-06-26 00:00:00+09:00,250.6505247516397,251.87321023823304,246.9824682918596,247.59381103515625,10500,0.0,0.0
2009-06-29 00:00:00+09:00,245.1484490503239,248.20516287888154,241.48039245605472,241.4803924560547,9600,0.0,0.0
2009-06-30 00:00:00+09:00,243.9257781982422,256.76397705078125,243.9257781982422,256.76397705078125,4800,0.0,0.0
2009-07-01 00:00:00+09:00,258.59790204216455,259.8205871582031,255.54118925206802,259.8205871582031,4300,0.0,0.0
2009-07-02 00:00:00+09:00,262.87738037109375,262.87738037109375,262.87738037109375,262.87738037109375,1000,0.0,0.0
2009-07-03 00:00:00+09:00,262.8773836381824,263.48872639082936,250.65052858524368,251.26187133789062,13600,0.0,0.0
2009-07-06 00:00:00+09:00,251.26186749493635,251.26186749493635,246.9824682918596,247.59381103515625,4100,0.0,0.0
2009-07-07 00:00:00+09:00,247.59381103515628,253.70723846812308,246.3711255485629,247.59381103515625,5100,0.0,0.0
2009-07-08 00:00:00+09:00,247.59381103515628,247.59381103515628,245.7597828052662,247.59381103515625,3000,0.0,0.0
2009-07-09 00:00:00+09:00,245.14839248277656,246.98242035671254,244.53704985813124,245.75973510742188,1700,0.0,0.0
2009-07-10 00:00:00+09:00,245.75979244347775,245.75979244347775,242.09173583984375,242.09173583984375,1900,0.0,0.0
2009-07-13 00:00:00+09:00,240.2577044396754,250.0391885898912,239.03501892089844,239.03501892089844,2900,0.0,0.0
2009-07-14 00:00:00+09:00,239.64638101395653,243.31443786621097,235.9783241617021,243.31443786621094,2000,0.0,0.0
2009-07-15 00:00:00+09:00,240.25769042968747,245.14843221960479,240.25769042968747,240.2576904296875,1900,0.0,0.0
2009-07-16 00:00:00+09:00,240.86904907226565,240.86904907226565,237.81233525155162,240.86904907226562,1800,0.0,0.0
2009-07-17 00:00:00+09:00,238.42367616150995,239.64636168028693,238.42367616150995,239.03501892089844,1700,0.0,0.0
2009-07-21 00:00:00+09:00,239.03501892089844,242.09173271784087,239.03501892089844,239.03501892089844,3300,0.0,0.0
2009-07-22 00:00:00+09:00,240.8690414804543,248.81649716381958,240.25769873558008,248.2051544189453,10700,0.0,0.0
2009-07-23 00:00:00+09:00,245.14846629233818,245.14846629233818,242.0917522487928,243.31443786621094,5300,0.0,0.0
2009-07-24 00:00:00+09:00,245.14837016874145,251.87313842773435,244.5370275997421,251.87313842773438,5200,0.0,0.0
2009-07-27 00:00:00+09:00,253.7072691586938,253.7072691586938,246.9824981689453,246.9824981689453,3100,0.0,0.0
2009-07-28 00:00:00+09:00,248.2051398349921,248.81648254394528,245.75976899917939,248.8164825439453,3800,0.0,0.0
2009-07-29 00:00:00+09:00,250.6505623138208,254.92996215820312,250.6505623138208,254.92996215820312,3500,0.0,0.0
2009-07-30 00:00:00+09:00,252.48459081855611,255.5413049931149,251.87324798364435,254.92996215820312,5700,0.0,0.0
2009-07-31 00:00:00+09:00,256.76397705078125,257.3753198532831,254.92994864327568,256.76397705078125,3100,0.0,0.0
2009-08-03 00:00:00+09:00,256.76400958367117,259.82072398347674,256.76400958367117,259.2093811035156,3000,0.0,0.0
2009-08-04 00:00:00+09:00,261.0433759710762,272.04754638671875,259.82069036933814,272.04754638671875,6100,0.0,0.0
2009-08-05 00:00:00+09:00,272.0475241665467,272.0475241665467,264.71141115531395,265.32275390625,3500,0.0,0.0
2009-08-06 00:00:00+09:00,262.87729385795944,275.1041447350738,259.82058113868084,266.54534912109375,4800,0.0,0.0
2009-08-07 00:00:00+09:00,272.0475341796875,275.104248046875,272.0475341796875,275.104248046875,16100,0.0,0.0
2009-08-10 00:00:00+09:00,281.2176999327957,284.2744140625,275.1042716733871,284.2744140625,16800,0.0,0.0
2009-08-11 00:00:00+09:00,281.82903939706307,284.274410671658,278.16098248517073,280.6063537597656,10300,0.0,0.0
2009-08-12 00:00:00+09:00,280.6062652390153,283.0516357421875,276.3268668584638,283.0516357421875,1900,0.0,0.0
2009-08-13 00:00:00+09:00,283.0517041015625,293.44453125,283.0517041015625,290.3878173828125,6800,0.0,0.0
2009-08-14 00:00:00+09:00,290.9991505520403,298.33526359116735,290.9991505520403,295.889892578125,10300,0.0,0.0
2009-08-17 00:00:00+09:00,293.4444885253906,296.50120194753015,293.4444885253906,293.4444885253906,7300,0.0,0.0
2009-08-18 00:00:00+09:00,293.4444885253906,305.6713422139486,293.4444885253906,293.4444885253906,6000,0.0,0.0
2009-08-19 00:00:00+09:00,293.4444885253906,295.88985926310227,293.4444885253906,293.4444885253906,6400,0.0,0.0
2009-08-20 00:00:00+09:00,293.4444885253906,295.2785165786743,292.83314584096274,293.4444885253906,5700,0.0,0.0
2009-08-21 00:00:00+09:00,295.2785268147787,342.35191514756946,294.05584140353733,330.12506103515625,15000,0.0,0.0
2009-08-24 00:00:00+09:00,317.8982679710167,317.8982679710167,313.61886820986837,316.0642395019531,2300,0.0,0.0
2009-08-25 00:00:00+09:00,315.4529113769531,315.4529113769531,315.4529113769531,315.4529113769531,200,0.0,0.0
2009-08-26 00:00:00+09:00,317.8982870087369,320.3436584472656,317.8982870087369,320.3436584472656,900,0.0,0.0
2009-08-27 00:00:00+09:00,320.95500130689777,320.95500130689777,320.3436584472656,320.3436584472656,700,0.0,0.0
2009-08-28 00:00:00+09:00,320.3436243948329,320.3436243948329,316.6755676269531,316.6755676269531,3900,0.0,0.0
2009-08-31 00:00:00+09:00,314.23012129082736,314.23012129082736,296.50118448648107,304.4486389160156,4400,0.0,0.0
2009-09-02 00:00:00+09:00,301.3919982910156,302.61468388245993,301.3919982910156,301.3919982910156,1000,0.0,0.0
2009-09-03 00:00:00+09:00,301.3919982910156,301.3919982910156,299.5579699038492,301.3919982910156,3100,0.0,0.0
2009-09-04 00:00:00+09:00,300.7806396484375,300.7806396484375,300.7806396484375,300.7806396484375,1100,0.0,0.0
2009-09-07 00:00:00+09:00,349.6880136844642,349.6880136844642,319.73222230240344,331.9590759277344,34400,0.0,0.0
2009-09-08 00:00:00+09:00,336.23854123096504,336.8498840332031,333.18182721977445,336.8498840332031,12700,0.0,0.0
2009-09-09 00:00:00+09:00,336.23859639070474,336.23859639070474,323.4003954376051,329.5138244628906,6600,0.0,0.0
2009-09-10 00:00:00+09:00,324.01172645346634,324.01172645346634,314.8415832519531,314.8415832519531,3000,0.0,0.0
2009-09-11 00:00:00+09:00,314.84156852544737,317.898282782976,312.3961971194245,315.4529113769531,1700,0.0,0.0
2009-09-14 00:00:00+09:00,309.339451771302,314.84153688185876,305.06005224086897,314.2301940917969,1200,0.0,0.0
2009-09-15 00:00:00+09:00,308.72810181393567,309.3394445898048,306.8940734863281,306.8940734863281,800,0.0,0.0
2009-09-16 00:00:00+09:00,307.50539857126284,319.12091064453125,307.50539857126284,319.12091064453125,2700,0.0,0.0
2009-09-17 00:00:00+09:00,317.8982314489838,327.0683727407814,317.8982314489838,325.2343444824219,2400,0.0,0.0
2009-09-18 00:00:00+09:00,325.23445998566064,338.6840053234135,325.23445998566064,338.0726623535156,6100,0.0,0.0
2009-09-21 00:00:00+09:00,338.0726623535156,338.0726623535156,338.0726623535156,338.0726623535156,0,0.0,0.0
2009-09-24 00:00:00+09:00,320.95497419249335,327.06840227235034,320.95497419249335,324.0116882324219,9600,0.0,0.0
2009-09-25 00:00:00+09:00,321.56630832298407,330.7364501953125,317.89825157405267,330.7364501953125,4700,0.0,0.0
2009-09-28 00:00:00+09:00,326.45704348010696,326.45704348010696,318.5095873654227,323.40032958984375,4200,0.0,0.0
2009-09-29 00:00:00+09:00,323.4002774752103,323.4002774752103,317.898193359375,317.898193359375,5100,0.0,0.0
2009-09-30 00:00:00+09:00,317.8982445873701,323.40032958984375,316.67555903126475,323.40032958984375,2500,0.0,0.0
2009-10-01 00:00:00+09:00,317.898193359375,317.898193359375,317.28685067983776,317.898193359375,3100,0.0,0.0
2009-10-02 00:00:00+09:00,316.0642690121549,317.89829765245753,311.7848688514487,314.8415832519531,5500,0.0,0.0
2009-10-05 00:00:00+09:00,314.8415158715578,314.8415158715578,306.2827173818456,308.72808837890625,3800,0.0,0.0
2009-10-06 00:00:00+09:00,308.7281622314453,308.7281622314453,305.67144775390625,305.67144775390625,3800,0.0,0.0
2009-10-07 00:00:00+09:00,308.72810898124015,314.2301940917969,308.72810898124015,314.2301940917969,5000,0.0,0.0
2009-10-08 00:00:00+09:00,312.3961486816406,312.3961486816406,312.3961486816406,312.3961486816406,500,0.0,0.0
2009-10-09 00:00:00+09:00,317.8981515066964,320.9548645019531,312.39606811523436,320.9548645019531,5500,0.0,0.0
2009-10-13 00:00:00+09:00,319.7323343505859,319.7323343505859,305.67144775390625,305.67144775390625,1200,0.0,0.0
2009-10-14 00:00:00+09:00,307.505390960095,311.7847900390625,307.505390960095,311.7847900390625,1900,0.0,0.0
2009-10-15 00:00:00+09:00,311.7847900390625,312.39613276462933,311.7847900390625,311.7847900390625,1500,0.0,0.0
2009-10-16 00:00:00+09:00,311.1735198549912,311.1735198549912,307.5054626464844,307.5054626464844,200,0.0,0.0
2009-10-19 00:00:00+09:00,307.5054626464844,307.5054626464844,307.5054626464844,307.5054626464844,0,0.0,0.0
2009-10-20 00:00:00+09:00,307.5054626464844,307.5054626464844,307.5054626464844,307.5054626464844,0,0.0,0.0
2009-10-21 00:00:00+09:00,307.505390960095,311.7847900390625,307.505390960095,311.7847900390625,300,0.0,0.0
2009-10-22 00:00:00+09:00,311.78481569328153,311.78481569328153,306.8940734863281,306.8940734863281,7100,0.0,0.0
2009-10-23 00:00:00+09:00,306.8940482345282,311.7847900390625,306.8940482345282,311.7847900390625,6200,0.0,0.0
2009-10-26 00:00:00+09:00,317.8982172947304,317.8982172947304,311.7847900390625,311.7847900390625,2500,0.0,0.0
2009-10-27 00:00:00+09:00,305.6713627833946,311.7847900390625,305.6713627833946,311.7847900390625,500,0.0,0.0
2009-10-28 00:00:00+09:00,311.7848688514487,314.8415832519531,311.7848688514487,314.8415832519531,1500,0.0,0.0
2009-10-29 00:00:00+09:00,311.78487670898437,314.23024829101564,305.67144775390625,305.67144775390625,1900,0.0,0.0
2009-10-30 00:00:00+09:00,305.67144775390625,305.67144775390625,305.67144775390625,305.67144775390625,100,0.0,0.0
2009-11-02 00:00:00+09:00,311.7847900390625,311.7847900390625,311.7847900390625,311.7847900390625,100,0.0,0.0
2009-11-04 00:00:00+09:00,305.6713817565422,305.6713817565422,300.7806396484375,300.7806396484375,900,0.0,0.0
2009-11-05 00:00:00+09:00,301.3920329507001,306.28277587890625,301.3920329507001,306.28277587890625,200,0.0,0.0
2009-11-06 00:00:00+09:00,305.67144775390625,305.67144775390625,301.39204748535155,305.67144775390625,600,0.0,0.0
2009-11-09 00:00:00+09:00,305.67143197527867,305.67143197527867,305.0600891113281,305.0600891113281,800,0.0,0.0
2009-11-10 00:00:00+09:00,314.23024829101564,314.23024829101564,305.67144775390625,305.67144775390625,300,0.0,0.0
2009-11-11 00:00:00+09:00,302.6145935058594,302.6145935058594,302.6145935058594,302.6145935058594,100,0.0,0.0
2009-11-12 00:00:00+09:00,302.6146452144377,302.6146452144377,293.4445044503638,294.05584716796875,2500,0.0,0.0
2009-11-13 00:00:00+09:00,295.8899693439916,296.5013122558594,295.8899693439916,296.5013122558594,600,0.0,0.0
2009-11-16 00:00:00+09:00,296.5013122558594,296.5013122558594,296.5013122558594,296.5013122558594,200,0.0,0.0
2009-11-17 00:00:00+09:00,296.50120194753015,298.94657268524173,293.4444885253906,293.4444885253906,500,0.0,0.0
2009-11-18 00:00:00+09:00,290.3878173828125,290.3878173828125,290.3878173828125,290.3878173828125,100,0.0,0.0
2009-11-19 00:00:00+09:00,287.94245852206615,287.94245852206615,287.33111572265625,287.33111572265625,900,0.0,0.0
2009-11-20 00:00:00+09:00,287.33111572265625,287.33111572265625,287.33111572265625,287.33111572265625,10200,0.0,0.0
2009-11-24 00:00:00+09:00,287.33111572265625,287.33111572265625,287.33111572265625,287.33111572265625,0,0.0,0.0
2009-11-25 00:00:00+09:00,287.33111572265625,287.33111572265625,287.33111572265625,287.33111572265625,0,0.0,0.0
2009-11-26 00:00:00+09:00,287.33111572265625,287.33111572265625,287.33111572265625,287.33111572265625,0,0.0,0.0
2009-11-27 00:00:00+09:00,287.33111572265625,287.33111572265625,287.33111572265625,287.33111572265625,1000,0.0,0.0
2009-11-30 00:00:00+09:00,281.2176208496094,281.2176208496094,281.2176208496094,281.2176208496094,200,0.0,0.0
2009-12-01 00:00:00+09:00,278.1609619140625,278.1609619140625,275.104248046875,275.104248046875,1400,0.0,0.0
2009-12-02 00:00:00+09:00,275.104248046875,275.104248046875,275.104248046875,275.104248046875,100,0.0,0.0
2009-12-03 00:00:00+09:00,284.27433411971384,284.27433411971384,281.2176208496094,281.2176208496094,800,0.0,0.0
2009-12-04 00:00:00+09:00,284.88576657628914,295.88993781743335,283.6630808828287,295.2785949707031,4500,0.0,0.0
2009-12-07 00:00:00+09:00,298.33526735889666,301.3919811638034,298.33526735889666,299.5579528808594,12000,0.0,0.0
2009-12-08 00:00:00+09:00,305.67144775390625,305.67144775390625,305.67144775390625,305.67144775390625,800,0.0,0.0
2009-12-09 00:00:00+09:00,306.2826583230284,309.9507141113281,306.2826583230284,309.9507141113281,900,0.0,0.0
2009-12-10 00:00:00+09:00,306.8940734863281,306.8940734863281,306.8940734863281,306.8940734863281,100,0.0,0.0
2009-12-11 00:00:00+09:00,314.8415832519531,314.8415832519531,314.8415832519531,314.8415832519531,300,0.0,0.0
2009-12-14 00:00:00+09:00,321.56634521484375,330.12514527759623,321.56634521484375,321.56634521484375,3100,0.0,0.0
2009-12-15 00:00:00+09:00,316.6756118922558,316.6756118922558,314.8415832519531,314.8415832519531,1600,0.0,0.0
2009-12-16 00:00:00+09:00,320.9548645019531,320.9548645019531,320.9548645019531,320.9548645019531,400,0.0,0.0
2009-12-17 00:00:00+09:00,314.8415048189252,327.068359375,314.8415048189252,327.068359375,2200,0.0,0.0
2009-12-18 00:00:00+09:00,327.068359375,327.068359375,327.068359375,327.068359375,0,0.0,0.0
2009-12-21 00:00:00+09:00,324.011625810103,324.011625810103,311.7847720059481,322.7889404296875,2800,0.0,0.0
2009-12-22 00:00:00+09:00,322.78900261645043,330.12511631227886,306.8940896088222,324.0116882324219,5900,0.0,0.0
2009-12-24 00:00:00+09:00,324.0116882324219,324.0116882324219,324.0116882324219,324.0116882324219,0,0.0,0.0
2009-12-25 00:00:00+09:00,324.0116882324219,324.0116882324219,324.0116882324219,324.0116882324219,0,0.0,0.0
2009-12-28 00:00:00+09:00,324.01163397894965,330.12506103515625,324.01163397894965,330.12506103515625,800,0.0,0.0
2009-12-29 00:00:00+09:00,330.12506103515625,330.12506103515625,330.12506103515625,330.12506103515625,0,0.0,0.0
2009-12-30 00:00:00+09:00,330.12506103515625,330.12506103515625,330.12506103515625,330.12506103515625,0,0.0,0.0
2010-01-04 00:00:00+09:00,327.06844085397074,327.06844085397074,314.8415832519531,314.8415832519531,200,0.0,0.0
2010-01-05 00:00:00+09:00,314.8415832519531,314.8415832519531,314.8415832519531,314.8415832519531,0,0.0,0.0
2010-01-06 00:00:00+09:00,314.8415832519531,314.8415832519531,314.8415832519531,314.8415832519531,0,0.0,0.0
2010-01-07 00:00:00+09:00,314.8415832519531,314.8415832519531,314.8415832519531,314.8415832519531,300,0.0,0.0
2010-01-08 00:00:00+09:00,314.8415832519531,314.8415832519531,314.8415832519531,314.8415832519531,200,0.0,0.0
2010-01-12 00:00:00+09:00,305.6713627833946,314.8415036668965,305.6713627833946,311.7847900390625,4600,0.0,0.0
2010-01-13 00:00:00+09:00,311.7847900390625,311.7847900390625,311.7847900390625,311.7847900390625,500,0.0,0.0
2010-01-14 00:00:00+09:00,314.2302033046506,324.0116882324219,314.2302033046506,324.0116882324219,1500,0.0,0.0
2010-01-15 00:00:00+09:00,324.0116457359813,327.068359375,324.0116457359813,327.068359375,13500,0.0,0.0
2010-01-18 00:00:00+09:00,327.06843096947034,327.06843096947034,315.45291659859197,321.56634521484375,1800,0.0,0.0
2010-01-19 00:00:00+09:00,324.6230812426622,330.1251673654192,318.50965221737664,329.5138244628906,4000,0.0,0.0
2010-01-20 00:00:00+09:00,324.01171666134445,324.01171666134445,321.56634521484375,321.56634521484375,1400,0.0,0.0
2010-01-21 00:00:00+09:00,321.5662892088015,326.45703125,321.5662892088015,326.45703125,2100,0.0,0.0
2010-01-22 00:00:00+09:00,325.8456645240711,325.8456645240711,318.5095520019531,318.5095520019531,10100,0.0,0.0
2010-01-25 00:00:00+09:00,312.39613276462933,312.39613276462933,311.7847900390625,311.7847900390625,1600,0.0,0.0
2010-01-26 00:00:00+09:00,314.8415832519531,320.95501205296193,314.8415832519531,314.8415832519531,5000,0.0,0.0
2010-01-27 00:00:00+09:00,312.39613276462933,312.39613276462933,311.7847900390625,311.7847900390625,2300,0.0,0.0
2010-01-28 00:00:00+09:00,311.7848059249251,317.2868907353649,311.7848059249251,312.3961486816406,2900,0.0,0.0
2010-01-29 00:00:00+09:00,311.1734473134957,314.8415036668965,310.56210458792896,311.7847900390625,2300,0.0,0.0
2010-02-01 00:00:00+09:00,311.7848181441839,311.7848181441839,309.3394470214844,309.3394470214844,300,0.0,0.0
2010-02-02 00:00:00+09:00,308.72810898124015,314.2301940917969,308.72810898124015,314.2301940917969,900,0.0,0.0
2010-02-03 00:00:00+09:00,314.2302403718523,314.8415832519531,313.0075546116505,314.8415832519531,2800,0.0,0.0
2010-02-04 00:00:00+09:00,311.7847900390625,311.7847900390625,311.7847900390625,311.7847900390625,300,0.0,0.0
2010-02-05 00:00:00+09:00,311.7847900390625,311.7847900390625,311.7847900390625,311.7847900390625,0,0.0,0.0
2010-02-08 00:00:00+09:00,309.3394470214844,309.3394470214844,309.3394470214844,309.3394470214844,2800,0.0,0.0
2010-02-09 00:00:00+09:00,306.28277587890625,306.28277587890625,306.28277587890625,306.28277587890625,300,0.0,0.0
2010-02-10 00:00:00+09:00,307.5054626464844,307.5054626464844,307.5054626464844,307.5054626464844,400,0.0,0.0
2010-02-12 00:00:00+09:00,309.3394912507378,309.3394912507378,307.5054626464844,307.5054626464844,3600,0.0,0.0
2010-02-15 00:00:00+09:00,309.3394311281714,309.3394311281714,308.11674562964106,308.72808837890625,2700,0.0,0.0
2010-02-16 00:00:00+09:00,310.5621325828341,310.5621325828341,309.3394470214844,309.3394470214844,900,0.0,0.0
2010-02-17 00:00:00+09:00,310.56210458792896,311.7847900390625,310.56210458792896,311.7847900390625,1500,0.0,0.0
2010-02-18 00:00:00+09:00,311.7848181441839,311.7848181441839,309.3394470214844,309.3394470214844,6500,0.0,0.0
2010-02-19 00:00:00+09:00,312.3961486816406,313.6188341950717,312.3961486816406,312.3961486816406,900,0.0,0.0
2010-02-22 00:00:00+09:00,315.45283711163296,317.89820794195566,314.84149440405224,317.286865234375,22500,0.0,0.0
2010-02-23 00:00:00+09:00,313.6189053955078,313.6189053955078,305.67144775390625,305.67144775390625,7500,0.0,0.0
2010-02-24 00:00:00+09:00,302.6147413745369,302.6147413745369,296.5013122558594,296.5013122558594,4900,0.0,0.0
2010-02-25 00:00:00+09:00,297.1126403808594,297.1126403808594,297.1126403808594,297.1126403808594,2800,0.0,0.0
2010-02-26 00:00:00+09:00,298.94666047182255,305.0600891113281,298.94666047182255,305.0600891113281,4900,0.0,0.0
2010-03-01 00:00:00+09:00,308.7280288485615,309.9507141113281,308.7280288485615,309.9507141113281,1400,0.0,0.0
2010-03-02 00:00:00+09:00,305.67144775390625,305.67144775390625,305.67144775390625,305.67144775390625,500,0.0,0.0
2010-03-03 00:00:00+09:00,304.4486389160156,305.05998156444133,304.4486389160156,304.4486389160156,900,0.0,0.0
2010-03-04 00:00:00+09:00,305.67144775390625,306.2827906494141,305.67144775390625,305.67144775390625,800,0.0,0.0
2010-03-05 00:00:00+09:00,300.16924037703546,305.05998156444133,300.16924037703546,304.4486389160156,700,0.0,0.0
2010-03-08 00:00:00+09:00,327.67971676029964,353.35611247659176,322.78897471910113,326.45703125,111700,0.0,0.0
2010-03-09 00:00:00+09:00,327.068334477602,338.07250274039984,327.068334477602,331.9590759277344,38500,0.0,0.0
2010-03-10 00:00:00+09:00,330.1250865047139,333.79314302143297,325.2343444824219,325.2343444824219,17200,0.0,0.0
2010-03-11 00:00:00+09:00,330.1250865047139,331.347772010287,320.95494521291636,325.2343444824219,12800,0.0,0.0
2010-03-12 00:00:00+09:00,325.8457019180901,328.9024158197608,322.17764523608537,324.6230163574219,6400,0.0,0.0
2010-03-15 00:00:00+09:00,327.06840227235034,327.06840227235034,321.56631700047905,324.0116882324219,10800,0.0,0.0
2010-03-16 00:00:00+09:00,327.6797850671476,335.0158996582031,325.8457564193837,335.0158996582031,12800,0.0,0.0
2010-03-17 00:00:00+09:00,338.07249806175093,344.18592478981157,337.4611553889449,341.12921142578125,10300,0.0,0.0
2010-03-18 00:00:00+09:00,342.3519433419052,344.79731436577595,336.2385157822283,341.7406005859375,8600,0.0,0.0
2010-03-19 00:00:00+09:00,341.7405923943771,352.13341899671053,341.7405923943771,348.4653625488281,12500,0.0,0.0
2010-03-23 00:00:00+09:00,379.0325873076026,409.5997314453125,379.0325873076026,409.5997314453125,60200,0.0,0.0
2010-03-24 00:00:00+09:00,446.2801775748651,458.5070317549984,412.65632857949856,428.5512390136719,48900,0.0,0.0
2010-03-25 00:00:00+09:00,440.1668596540179,440.1668596540179,417.54717381068644,427.94000244140625,16500,0.0,0.0
2010-03-26 00:00:00+09:00,426.71727660947016,426.71727660947016,397.98416486069493,401.6522216796875,16800,0.0,0.0
2010-03-29 00:00:00+09:00,407.15425059470977,462.78643798828125,406.5429078760991,462.78643798828125,17800,0.0,0.0
2010-03-30 00:00:00+09:00,464.62042201047683,554.4877931098717,449.3368554969743,528.8114013671875,97100,0.0,0.0
2010-03-31 00:00:00+09:00,531.8681132866026,531.8681132866026,501.3009803390967,501.9123229980469,25300,0.0,0.0
2010-04-01 00:00:00+09:00,501.30095137715483,504.3576644953082,493.353497269956,503.1349792480469,9300,0.0,0.0
2010-04-02 00:00:00+09:00,503.1351786083092,503.1351786083092,468.28863525390625,468.28863525390625,3000,0.0,0.0
2010-04-05 00:00:00+09:00,468.28842480151684,470.73379516601557,453.00486002339943,470.7337951660156,19300,0.0,0.0
2010-04-06 00:00:00+09:00,479.90410483662214,487.240218541131,459.7297921492227,486.6288757324219,7600,0.0,0.0
2010-04-07 00:00:00+09:00,486.6288176429778,486.6288176429778,471.95659198540056,475.0133056640625,1900,0.0,0.0
2010-04-08 00:00:00+09:00,464.6205007485327,486.0174974935309,463.3978152202471,481.73809814453125,6000,0.0,0.0
2010-04-09 00:00:00+09:00,481.73800363346027,481.73800363346027,465.23175223992797,479.2926330566406,1600,0.0,0.0
2010-04-12 00:00:00+09:00,488.4628698035132,488.4628698035132,468.8999013007442,482.9607849121094,7800,0.0,0.0
2010-04-13 00:00:00+09:00,481.1268354371074,481.1268354371074,467.6772923880396,468.28863525390625,7300,0.0,0.0
2010-04-14 00:00:00+09:00,468.2885581351615,468.2885581351615,449.94827517947635,452.3936462402344,14500,0.0,0.0
2010-04-15 00:00:00+09:00,449.94843369697503,449.94843369697503,438.94426004677723,439.55560302734375,25400,0.0,0.0
2010-04-16 00:00:00+09:00,448.72567185684346,460.3411865234375,446.2803003480868,460.3411865234375,6100,0.0,0.0
2010-04-19 00:00:00+09:00,452.3936814831149,475.0133655572706,452.3936814831149,473.7906799316406,6300,0.0,0.0
2010-04-20 00:00:00+09:00,471.34517868197696,497.63291238278765,471.34517868197696,479.2926330566406,12500,0.0,0.0
2010-04-21 00:00:00+09:00,476.84736328125,493.3536181640625,476.84736328125,489.07421875,15100,0.0,0.0
2010-04-22 00:00:00+09:00,494.57625421276884,502.52370947205935,489.0741698024908,500.0783386230469,19400,0.0,0.0
2010-04-23 00:00:00+09:00,500.078554034385,500.078554034385,479.90423583984375,479.90423583984375,7000,0.0,0.0
2010-04-26 00:00:00+09:00,479.9040265282483,497.63296508789057,479.9040265282483,497.6329650878906,10500,0.0,0.0
2010-04-27 00:00:00+09:00,498.25048986364294,500.10272216796875,484.6674529652537,500.10272216796875,4600,8.0,0.0
2010-04-28 00:00:00+09:00,497.0156748238418,497.0156748238418,490.84156706205493,495.7808532714844,8100,0.0,0.0
2010-04-30 00:00:00+09:00,495.78084679120855,500.10272216796875,493.92861448688274,500.10272216796875,9400,0.0,0.0
2010-05-06 00:00:00+09:00,481.5801749867999,493.3109741210937,475.4060701792768,493.31097412109375,3800,0.0,0.0
2010-05-07 00:00:00+09:00,469.232166461391,484.66743509498934,450.7098441010729,467.9973449707031,9600,0.0,0.0
2010-05-10 00:00:00+09:00,469.23218084444665,486.5196822439789,469.23218084444665,484.6674499511719,1800,0.0,0.0
2010-05-11 00:00:00+09:00,469.2321257560484,478.4932861328125,469.2321257560484,478.4932861328125,200,0.0,0.0
2010-05-12 00:00:00+09:00,480.9629155542944,480.9629155542944,469.232112735897,475.4062194824219,1200,0.0,0.0
2010-05-13 00:00:00+09:00,472.3191661091594,475.40621948242193,472.3191661091594,475.4062194824219,400,0.0,0.0
2010-05-14 00:00:00+09:00,475.40621948242193,475.40621948242193,463.058005989372,475.4062194824219,2000,0.0,0.0
2010-05-17 00:00:00+09:00,475.40622349789265,475.40622349789265,456.8839031018709,469.23211669921875,1200,0.0,0.0
2010-05-18 00:00:00+09:00,456.8838167317709,463.05792236328125,456.8838167317709,463.05792236328125,900,0.0,0.0
2010-05-19 00:00:00+09:00,455.6491201864706,456.8839416503906,436.509387495711,456.8839416503906,4200,0.0,0.0
2010-05-20 00:00:00+09:00,447.62277221679693,447.62277221679693,430.9526827687231,447.6227722167969,5200,0.0,0.0
2010-05-21 00:00:00+09:00,446.3880269423775,454.41436767578125,432.80498877815575,454.41436767578125,6200,0.0,0.0
2010-05-24 00:00:00+09:00,456.8838862760961,456.8838862760961,442.0660305049795,442.6834411621094,1100,0.0,0.0
2010-05-25 00:00:00+09:00,434.65719506048384,438.36165979111297,413.6652282535855,421.07415771484375,2900,0.0,0.0
2010-05-26 00:00:00+09:00,431.5699899631076,432.18740053530087,409.3432093641493,416.75213623046875,4200,0.0,0.0
2010-05-27 00:00:00+09:00,404.40396993143577,441.44860839843756,398.22986352026885,441.4486083984375,3700,0.0,0.0
2010-05-28 00:00:00+09:00,441.4487013176306,461.8232567630597,441.4487013176306,455.03173828125,2200,0.0,0.0
2010-05-31 00:00:00+09:00,450.0924879412785,462.4407043457031,450.0924879412785,462.4407043457031,1900,0.0,0.0
2010-06-01 00:00:00+09:00,464.292827338677,475.40621948242193,464.292827338677,475.4062194824219,2200,0.0,0.0
2010-06-02 00:00:00+09:00,463.05796642177154,469.2320726407285,463.05796642177154,466.14501953125,2900,0.0,0.0
2010-06-03 00:00:00+09:00,466.1451127346713,469.232166461391,444.53573664763354,467.9973449707031,5900,0.0,0.0
2010-06-04 00:00:00+09:00,471.70175543450694,475.40621948242193,457.50130991749955,475.4062194824219,5500,0.0,0.0
2010-06-07 00:00:00+09:00,475.40609506460333,492.69358943058893,457.5011901855469,457.5011901855469,24200,0.0,0.0
2010-06-08 00:00:00+09:00,456.2665309184306,466.1451026297904,445.15313774315086,456.8839416503906,6200,0.0,0.0
2010-06-09 00:00:00+09:00,453.7969055175781,456.88395929660925,445.77056569209714,453.7969055175781,4300,0.0,0.0
2010-06-10 00:00:00+09:00,447.6229064105308,456.8840699914383,447.6229064105308,450.7099609375,1500,0.0,0.0
2010-06-11 00:00:00+09:00,459.9709953101905,475.4062636091902,446.3879592070708,456.8839416503906,2000,0.0,0.0
2010-06-14 00:00:00+09:00,456.8838167317709,463.05792236328125,454.4141744791667,463.05792236328125,900,0.0,0.0
2010-06-15 00:00:00+09:00,454.41434170511747,461.2058603990798,450.7098769629562,459.9710388183594,2300,0.0,0.0
2010-06-16 00:00:00+09:00,453.79693091475724,463.05809277016044,453.79693091475724,459.9710388183594,1300,0.0,0.0
2010-06-17 00:00:00+09:00,456.8838744263549,459.9709276319384,424.1611104471701,441.4486083984375,21000,0.0,0.0
2010-06-18 00:00:00+09:00,441.4487973565924,450.7099609375,441.4487973565924,450.7099609375,1300,0.0,0.0
2010-06-21 00:00:00+09:00,441.44860839843756,447.6227148096045,413.6651295481862,441.4486083984375,20700,0.0,0.0
2010-06-22 00:00:00+09:00,447.0054122207949,459.9710388183594,441.44871510755297,459.9710388183594,6000,0.0,0.0
2010-06-23 00:00:00+09:00,455.6490649618364,455.6490649618364,442.6834411621094,442.6834411621094,900,0.0,0.0
2010-06-24 00:00:00+09:00,452.56208400596563,453.7969055175781,452.56208400596563,453.7969055175781,200,0.0,0.0
2010-06-25 00:00:00+09:00,453.79689038810085,453.79689038810085,427.2482287735589,437.1268005371094,1900,0.0,0.0
2010-06-28 00:00:00+09:00,437.1267548479353,437.1267548479353,419.8392560686384,432.1874694824219,3300,0.0,0.0
2010-06-29 00:00:00+09:00,440.83126494844083,440.83126494844083,430.95269318489034,437.1268005371094,300,0.0,0.0
2010-06-30 00:00:00+09:00,423.54365817580367,430.3351745605469,401.31687728028044,430.3351745605469,5100,0.0,0.0
2010-07-01 00:00:00+09:00,422.9263548217068,427.2482299804688,419.8393011368768,427.24822998046875,600,0.0,0.0
2010-07-02 00:00:00+09:00,421.69152722883973,431.57009887695307,421.07411650083264,431.5700988769531,3500,0.0,0.0
2010-07-05 00:00:00+09:00,429.1004559649247,431.57009887695307,429.1004559649247,431.5700988769531,1400,0.0,0.0
2010-07-06 00:00:00+09:00,431.5701245306577,437.7442321777344,431.5701245306577,437.7442321777344,200,0.0,0.0
2010-07-07 00:00:00+09:00,426.013427734375,434.03976767719655,426.013427734375,426.013427734375,0,0.0,0.0
2010-07-08 00:00:00+09:00,437.7441655186244,437.7441655186244,426.01336277553014,432.1874694824219,1100,0.0,0.0
2010-07-09 00:00:00+09:00,422.92627559958686,428.48297119140625,416.134758765141,428.48297119140625,900,0.0,0.0
2010-07-12 00:00:00+09:00,416.1348367150809,427.2482299804688,416.1348367150809,427.24822998046875,1100,0.0,0.0
2010-07-13 00:00:00+09:00,421.0741416157156,428.4830707937047,421.0741416157156,426.013427734375,1200,0.0,0.0
2010-07-14 00:00:00+09:00,427.2481899068813,427.8656005859375,418.6044404000947,427.8656005859375,700,0.0,0.0
2010-07-15 00:00:00+09:00,429.1004638671875,429.1004638671875,429.1004638671875,429.1004638671875,1100,0.0,0.0
2010-07-16 00:00:00+09:00,432.18750960496016,432.18750960496016,426.01340232488934,431.5700988769531,1600,0.0,0.0
2010-07-21 00:00:00+09:00,431.5700588117327,432.1874694824219,431.5700588117327,432.1874694824219,2100,0.0,0.0
2010-07-22 00:00:00+09:00,432.18755190673113,432.8049626951693,414.90004983046185,421.07415771484375,5400,0.0,0.0
2010-07-23 00:00:00+09:00,417.98708779155345,426.013427734375,416.75226626188856,426.013427734375,1900,0.0,0.0
2010-07-26 00:00:00+09:00,431.57009887695307,431.57009887695307,431.57009887695307,431.5700988769531,300,0.0,0.0
2010-07-27 00:00:00+09:00,422.9263610839844,429.1004685450644,422.9263610839844,422.9263610839844,0,0.0,0.0
2010-07-28 00:00:00+09:00,432.18744650654406,437.7441422473425,423.5436975764132,429.7178039550781,3000,0.0,0.0
2010-07-29 00:00:00+09:00,429.71789232336954,429.71789232336954,426.013427734375,426.013427734375,300,0.0,0.0
2010-07-30 00:00:00+09:00,429.1004638671875,429.1004638671875,422.926356473415,429.1004638671875,500,0.0,0.0
2010-08-02 00:00:00+09:00,426.013427734375,426.013427734375,426.013427734375,426.013427734375,200,0.0,0.0
2010-08-03 00:00:00+09:00,419.8392680153918,419.8392680153918,413.6651611328125,413.6651611328125,700,0.0,0.0
2010-08-04 00:00:00+09:00,413.66517071232136,420.4566884404341,412.43034930720995,413.0477600097656,1900,0.0,0.0
2010-08-05 00:00:00+09:00,419.83930277652877,429.1004638671875,419.83930277652877,429.1004638671875,2100,0.0,0.0
2010-08-06 00:00:00+09:00,430.3352298736572,447.6227283477783,430.3352298736572,444.5356750488281,1100,0.0,0.0
2010-08-09 00:00:00+09:00,432.1874694824219,432.1874694824219,431.5700588117327,432.1874694824219,1400,0.0,0.0
2010-08-10 00:00:00+09:00,416.75224581027754,425.39599609374994,416.75224581027754,425.39599609375,800,0.0,0.0
2010-08-11 00:00:00+09:00,413.04782925942783,422.9264021565143,410.57818603515625,410.57818603515625,2800,0.0,0.0
2010-08-12 00:00:00+09:00,413.0477504445546,413.6651611328125,405.63882218545945,413.6651611328125,2000,0.0,0.0
2010-08-13 00:00:00+09:00,419.8392639160156,419.8392639160156,419.8392639160156,419.8392639160156,100,0.0,0.0
2010-08-16 00:00:00+09:00,426.0134148145244,426.0134148145244,419.22189660733636,422.9263610839844,800,0.0,0.0
2010-08-17 00:00:00+09:00,422.92636225773737,422.92636225773737,401.3169860839844,401.3169860839844,2300,0.0,0.0
2010-08-18 00:00:00+09:00,401.3169419927785,408.1084594726563,401.3169419927785,408.10845947265625,1400,0.0,0.0
2010-08-19 00:00:00+09:00,413.6651570937213,419.8392639160156,413.6651570937213,419.8392639160156,1200,0.0,0.0
2010-08-20 00:00:00+09:00,419.8392639160156,419.8392639160156,408.10846095365633,419.8392639160156,13900,0.0,0.0
2010-08-23 00:00:00+09:00,413.6651611328125,413.6651611328125,413.6651611328125,413.6651611328125,200,0.0,0.0
2010-08-24 00:00:00+09:00,407.4909973144532,410.57805032441115,404.40394430449516,407.4909973144531,1200,0.0,0.0
2010-08-25 00:00:00+09:00,395.1428027655751,395.1428027655751,383.41200080847204,386.4990539550781,4000,0.0,0.0
2010-08-26 00:00:00+09:00,386.49917743240144,388.35140991210943,386.49917743240144,388.3514099121094,300,0.0,0.0
2010-08-27 00:00:00+09:00,388.3513461199134,400.6995606229313,388.3513461199134,396.377685546875,2500,0.0,0.0
2010-08-30 00:00:00+09:00,391.4383544921875,400.699514298785,391.4383544921875,391.4383544921875,0,0.0,0.0
2010-08-31 00:00:00+09:00,388.9687805175781,388.9687805175781,388.9687805175781,388.9687805175781,100,0.0,0.0
2010-09-01 00:00:00+09:00,388.9687983398438,388.9687983398438,382.79469042968753,385.8817443847656,900,0.0,0.0
2010-09-02 00:00:00+09:00,389.5862091308594,389.5862091308594,385.8817443847656,385.8817443847656,1400,0.0,0.0
2010-09-03 00:00:00+09:00,385.8817443847656,385.8817443847656,385.8817443847656,385.8817443847656,3900,0.0,0.0
2010-09-06 00:00:00+09:00,384.0295605074975,384.0295605074975,382.79473876953125,382.79473876953125,2600,0.0,0.0
2010-09-07 00:00:00+09:00,388.9687983398438,388.9687983398438,380.325047265625,385.8817443847656,1800,0.0,0.0
2010-09-08 00:00:00+09:00,383.41200031217977,383.41200031217977,376.6204833984375,376.6204833984375,3500,0.0,0.0
2010-09-09 00:00:00+09:00,370.44632855583643,377.8552551269531,369.82891800824336,377.8552551269531,2400,0.0,0.0
2010-09-10 00:00:00+09:00,380.325047265625,386.49915517578125,380.325047265625,385.8817443847656,3100,0.0,0.0
2010-09-13 00:00:00+09:00,379.70761108398443,379.70761108398443,379.70761108398443,379.7076110839844,1000,0.0,0.0
2010-09-14 00:00:00+09:00,378.472828217302,378.472828217302,377.2380065917969,377.2380065917969,400,0.0,0.0
2010-09-16 00:00:00+09:00,394.5254533714223,396.377685546875,394.5254533714223,396.377685546875,600,0.0,0.0
2010-09-17 00:00:00+09:00,390.2035766028463,394.52545166015625,385.88170154553626,394.52545166015625,700,0.0,0.0
2010-09-21 00:00:00+09:00,388.3512686527137,407.4909973144532,388.3512686527137,407.4909973144531,1800,0.0,0.0
2010-09-22 00:00:00+09:00,407.4910100667552,428.48297119140625,407.4910100667552,428.48297119140625,5200,0.0,0.0
2010-09-24 00:00:00+09:00,432.1874694824219,432.1874694824219,432.1874694824219,432.1874694824219,700,0.0,0.0
2010-09-27 00:00:00+09:00,410.57810769152286,414.2825718210704,410.57810769152286,413.6651611328125,300,0.0,0.0
2010-09-28 00:00:00+09:00,431.57009887695307,431.57009887695307,431.57009887695307,431.5700988769531,500,0.0,0.0
2010-09-29 00:00:00+09:00,409.3432711710972,419.8392524831766,409.3432711710972,418.60443115234375,1400,0.0,0.0
2010-09-30 00:00:00+09:00,410.57818603515625,410.57818603515625,410.57818603515625,410.57818603515625,1100,0.0,0.0
2010-10-01 00:00:00+09:00,408.10851416209385,408.10851416209385,388.9687805175781,388.9687805175781,2100,0.0,0.0
2010-10-04 00:00:00+09:00,389.5862065633138,389.5862065633138,363.65495351155596,370.44647216796875,20900,0.0,0.0
2010-10-05 00:00:00+09:00,370.44652138986896,382.79473876953125,370.44652138986896,382.79473876953125,300,0.0,0.0
2010-10-06 00:00:00+09:00,382.7946648326347,386.499129331015,370.4464498380336,379.7076110839844,1300,0.0,0.0
2010-10-07 00:00:00+09:00,379.7075946125764,379.7075946125764,372.9160766601563,372.91607666015625,5000,0.0,0.0
2010-10-08 00:00:00+09:00,372.9161153157552,372.9161153157552,370.44647216796875,370.44647216796875,1800,0.0,0.0
2010-10-12 00:00:00+09:00,381.5598448178605,381.5598448178605,369.82904052734375,369.82904052734375,900,0.0,0.0
2010-10-13 00:00:00+09:00,367.3593002577959,370.4463532011387,358.0981414277675,364.2722473144531,7100,0.0,0.0
2010-10-14 00:00:00+09:00,364.27236429850257,370.44647216796875,364.27236429850257,370.44647216796875,1800,0.0,0.0
2010-10-15 00:00:00+09:00,366.1245535714286,367.359375,361.80267857142854,367.359375,900,0.0,0.0
2010-10-18 00:00:00+09:00,361.18534160357945,361.18534160357945,351.9241789983595,358.7156982421875,6000,0.0,0.0
2010-10-19 00:00:00+09:00,363.65486019947485,376.6204833984375,363.65486019947485,376.6204833984375,800,0.0,0.0
2010-10-20 00:00:00+09:00,364.2722576551201,373.5334167480469,361.1852046241445,373.5334167480469,1100,0.0,0.0
2010-10-21 00:00:00+09:00,373.5335757347845,382.79473876953125,372.9161648658014,382.79473876953125,1800,0.0,0.0
2010-10-22 00:00:00+09:00,381.5597744203731,382.17718505859375,381.5597744203731,382.17718505859375,7300,0.0,0.0
2010-10-25 00:00:00+09:00,382.7946664754627,382.7946664754627,381.5598449707031,381.5598449707031,200,0.0,0.0
2010-10-26 00:00:00+09:00,376.6204833984375,376.6204833984375,376.6204833984375,376.6204833984375,100,0.0,0.0
2010-10-27 00:00:00+09:00,364.1082335020366,380.3742370605469,364.1082335020366,380.3742370605469,1000,8.0,0.0
2010-10-28 00:00:00+09:00,379.74859619140625,379.74859619140625,379.74859619140625,379.74859619140625,800,0.0,0.0
2010-10-29 00:00:00+09:00,363.4826361880095,372.24125392747965,359.72894287109375,359.72894287109375,1100,0.0,0.0
2010-11-01 00:00:00+09:00,362.85694373107697,362.85694373107697,349.0934044861051,361.605712890625,3300,0.0,0.0
2010-11-02 00:00:00+09:00,361.605712890625,361.605712890625,361.605712890625,361.605712890625,100,0.0,0.0
2010-11-04 00:00:00+09:00,361.6056930645793,367.8618469238281,361.6056930645793,367.8618469238281,1700,0.0,0.0
2010-11-05 00:00:00+09:00,362.85697823890547,379.74859619140625,362.85697823890547,379.74859619140625,1000,0.0,0.0
2010-11-08 00:00:00+09:00,374.7437069961448,382.876708984375,372.2412448459201,382.876708984375,1200,0.0,0.0
2010-11-09 00:00:00+09:00,382.876708984375,382.876708984375,382.876708984375,382.876708984375,1200,0.0,0.0
2010-11-10 00:00:00+09:00,376.62042926547986,387.2558898925781,370.36427595542204,387.2558898925781,700,0.0,0.0
2010-11-11 00:00:00+09:00,387.2558898925781,387.2558898925781,387.2558898925781,387.2558898925781,700,0.0,0.0
2010-11-12 00:00:00+09:00,379.74859619140625,381.625442630573,379.74859619140625,379.74859619140625,300,0.0,0.0
2010-11-15 00:00:00+09:00,379.7486906576311,388.5073095525352,379.7486906576311,386.6304626464844,2200,0.0,0.0
2010-11-16 00:00:00+09:00,384.75355620431424,387.25601835848863,379.1230163574219,379.1230163574219,1500,0.0,0.0
2010-11-17 00:00:00+09:00,378.4973935279907,394.7633972167969,378.4973935279907,394.7633972167969,1300,0.0,0.0
2010-11-18 00:00:00+09:00,395.38890647888184,400.3938293457031,395.38890647888184,400.3938293457031,1000,0.0,0.0
2010-11-19 00:00:00+09:00,400.39393028846155,406.65008544921875,400.39393028846155,406.65008544921875,1300,0.0,0.0
2010-11-22 00:00:00+09:00,406.64993779868666,412.90609068789723,400.39378490947615,406.0243225097656,9300,0.0,0.0
2010-11-24 00:00:00+09:00,406.02431368599304,406.02431368599304,381.625317948314,391.6351623535156,6300,0.0,0.0
2010-11-25 00:00:00+09:00,397.26583862304693,400.3939160925197,397.26583862304693,397.2658386230469,1000,0.0,0.0
2010-11-26 00:00:00+09:00,397.2657525539398,400.3938293457031,397.2657525539398,400.3938293457031,800,0.0,0.0
2010-11-29 00:00:00+09:00,400.3938293457031,400.3938293457031,400.3938293457031,400.3938293457031,800,0.0,0.0
2010-11-30 00:00:00+09:00,419.16231236313325,419.16231236313325,412.90615844726557,412.9061584472656,3100,0.0,0.0
2010-12-01 00:00:00+09:00,401.0195458045373,406.65008544921875,401.0195458045373,406.65008544921875,200,0.0,0.0
2010-12-02 00:00:00+09:00,409.7781982421875,409.7781982421875,409.7781982421875,409.7781982421875,100,0.0,0.0
2010-12-03 00:00:00+09:00,410.4037785456731,416.0343181903546,403.52200786884015,406.65008544921875,4000,0.0,0.0
2010-12-06 00:00:00+09:00,405.3988137288659,411.65496826171875,400.3938901025836,411.65496826171875,1100,0.0,0.0
2010-12-07 00:00:00+09:00,405.39886474609375,405.39886474609375,405.39886474609375,405.39886474609375,400,0.0,0.0
2010-12-08 00:00:00+09:00,409.77815265304474,409.77815265304474,407.90130615234375,407.90130615234375,200,0.0,0.0
2010-12-09 00:00:00+09:00,408.5269220310837,409.7781530327103,394.1377655123779,404.1476135253906,26000,0.0,0.0
2010-12-10 00:00:00+09:00,394.7634007018289,405.39886474609375,394.13778516981336,405.39886474609375,4400,0.0,0.0
2010-12-13 00:00:00+09:00,395.3889831844625,395.3889831844625,377.2461342725173,379.74859619140625,9900,0.0,0.0
2010-12-14 00:00:00+09:00,380.99986237170646,383.50232452193114,380.99986237170646,382.876708984375,1200,0.0,0.0
2010-12-15 00:00:00+09:00,383.50227844926275,388.5072021484375,383.50227844926275,388.5072021484375,1600,0.0,0.0
2010-12-16 00:00:00+09:00,390.384048535628,391.00966399802485,382.87666298686594,388.5072021484375,2900,0.0,0.0
2010-12-17 00:00:00+09:00,384.1277790496144,391.6351623535156,384.1277790496144,391.6351623535156,1400,0.0,0.0
2010-12-20 00:00:00+09:00,393.5120799231151,395.38892609126987,382.87661830357143,394.1376953125,4700,0.0,0.0
2010-12-21 00:00:00+09:00,394.1376953125,394.1376953125,391.0096183655754,394.1376953125,2100,0.0,0.0
2010-12-22 00:00:00+09:00,394.1377611535741,397.26583862304693,394.1377611535741,397.2658386230469,6100,0.0,0.0
2010-12-24 00:00:00+09:00,397.26583862304693,397.26583862304693,397.26583862304693,397.2658386230469,6100,0.0,0.0
2010-12-27 00:00:00+09:00,387.2559099398977,387.8815253032901,384.7534484863281,384.7534484863281,3200,0.0,0.0
2010-12-28 00:00:00+09:00,396.64031574873934,396.64031574873934,393.5122375488281,393.5122375488281,800,0.0,0.0
2010-12-29 00:00:00+09:00,394.1376953125,394.1376953125,394.1376953125,394.1376953125,800,0.0,0.0
2010-12-30 00:00:00+09:00,387.88165283203125,387.88165283203125,387.88165283203125,387.88165283203125,1100,0.0,0.0
2011-01-04 00:00:00+09:00,381.6254271470107,387.255966236065,378.4973498753139,385.3791198730469,6400,0.0,0.0
2011-01-05 00:00:00+09:00,385.37904389956077,387.2558898925781,384.753428568555,387.2558898925781,1200,0.0,0.0
2011-01-06 00:00:00+09:00,387.88165283203125,387.88165283203125,387.88165283203125,387.88165283203125,4700,0.0,0.0
2011-01-07 00:00:00+09:00,387.88154141865084,394.1376953125,386.00469525049607,394.1376953125,3500,0.0,0.0
2011-01-11 00:00:00+09:00,394.1376953125,398.51700303819445,387.88154141865084,394.1376953125,3100,0.0,0.0
2011-01-12 00:00:00+09:00,389.1329021273351,396.6402893066406,387.88167093078425,396.6402893066406,400,0.0,0.0
2011-01-13 00:00:00+09:00,387.8816939171849,389.1329251878855,386.6304626464843,386.6304626464844,2800,0.0,0.0
2011-01-14 00:00:00+09:00,381.62538724067883,390.3840026855469,380.99977185175965,390.3840026855469,5400,0.0,0.0
2011-01-17 00:00:00+09:00,389.7584936633081,422.2905027652215,389.7584936633081,417.91119384765625,13200,0.0,0.0
2011-01-18 00:00:00+09:00,417.911156977802,432.92592908478895,417.911156977802,429.7978515625,8700,0.0,0.0
2011-01-19 00:00:00+09:00,419.16237376985094,427.92099053519115,419.16237376985094,420.4136047363281,2100,0.0,0.0
2011-01-20 00:00:00+09:00,427.920927845348,427.920927845348,410.4036968809185,412.9061584472656,1100,0.0,0.0
2011-01-21 00:00:00+09:00,413.5318344207037,437.9308382670085,413.5318344207037,420.4136047363281,11100,0.0,0.0
2011-01-24 00:00:00+09:00,420.4136047363281,420.4136047363281,420.4136047363281,420.4136047363281,11100,0.0,0.0
2011-01-25 00:00:00+09:00,428.5466003417969,429.1722158167484,428.5466003417969,428.5466003417969,1200,0.0,0.0
2011-01-26 00:00:00+09:00,428.5466003417969,428.5466003417969,428.5466003417969,428.5466003417969,0,0.0,0.0
2011-01-27 00:00:00+09:00,419.16245226809247,419.7880678684926,411.0294494628906,411.0294494628906,3000,0.0,0.0
2011-01-28 00:00:00+09:00,418.53669697154646,418.53669697154646,412.90615844726557,412.9061584472656,700,0.0,0.0
2011-01-31 00:00:00+09:00,419.16231236313325,419.16231236313325,412.90615844726557,412.9061584472656,500,0.0,0.0
2011-02-01 00:00:00+09:00,412.90615844726557,412.90615844726557,412.90615844726557,412.9061584472656,100,0.0,0.0
2011-02-02 00:00:00+09:00,412.90613651275635,412.90613651275635,400.3938293457031,400.3938293457031,3100,0.0,0.0
2011-02-03 00:00:00+09:00,412.90627609136453,419.16243178971854,409.7781982421875,409.7781982421875,1300,0.0,0.0
2011-02-04 00:00:00+09:00,416.0343017578125,416.0343017578125,416.0343017578125,416.0343017578125,600,0.0,0.0
2011-02-07 00:00:00+09:00,407.27574886492835,419.16244506835943,407.27574886492835,419.1624450683594,2800,0.0,0.0
2011-02-08 00:00:00+09:00,412.906230154213,416.65992315561493,407.90130615234375,407.90130615234375,1800,0.0,0.0
2011-02-09 00:00:00+09:00,412.9061480266292,416.0342249056188,410.4036865234375,410.4036865234375,2800,0.0,0.0
2011-02-10 00:00:00+09:00,412.90615844726557,416.0342354051994,410.4036968809185,412.9061584472656,1800,0.0,0.0
2011-02-14 00:00:00+09:00,414.7830810546875,414.7830810546875,414.7830810546875,414.7830810546875,700,0.0,0.0
2011-02-15 00:00:00+09:00,414.7829899125035,418.53668212890625,414.15737454310306,418.53668212890625,1400,0.0,0.0
2011-02-16 00:00:00+09:00,414.78307077508225,416.0343017578125,414.1574552837171,416.0343017578125,2500,0.0,0.0
2011-02-17 00:00:00+09:00,417.91116287729506,421.6648559570312,417.91116287729506,421.66485595703125,600,0.0,0.0
2011-02-18 00:00:00+09:00,421.6648508029514,424.16731282552087,421.6648508029514,422.29046630859375,1900,0.0,0.0
2011-02-21 00:00:00+09:00,427.92108440926063,456.6994029514039,427.92108440926063,452.9457092285156,4600,0.0,0.0
2011-02-22 00:00:00+09:00,452.9455875069754,452.9455875069754,437.9308166503906,437.9308166503906,12400,0.0,0.0
2011-02-23 00:00:00+09:00,443.5614318847656,443.5614318847656,443.5614318847656,443.5614318847656,200,0.0,0.0
2011-02-24 00:00:00+09:00,422.91611832487365,425.41858056348235,417.9111938476562,417.91119384765625,3200,0.0,0.0
2011-02-25 00:00:00+09:00,417.9111938476562,417.9111938476562,417.9111938476562,417.91119384765625,3200,0.0,0.0
2011-02-28 00:00:00+09:00,417.91115776909726,422.29046630859375,417.91115776909726,422.29046630859375,2400,0.0,0.0
2011-03-01 00:00:00+09:00,425.4185231901233,425.4185231901233,424.79290771484375,424.79290771484375,400,0.0,0.0
2011-03-02 00:00:00+09:00,431.0490159254808,431.0490159254808,419.16232317862426,422.916015625,900,0.0,0.0
2011-03-03 00:00:00+09:00,421.0392094430207,432.9259033203125,421.0392094430207,432.9259033203125,1100,0.0,0.0
2011-03-04 00:00:00+09:00,432.92589303152903,437.9308166503906,432.92589303152903,437.9308166503906,2200,0.0,0.0
2011-03-07 00:00:00+09:00,444.1870832712637,444.1870832712637,431.67477106643935,442.93585205078125,1700,0.0,0.0
2011-03-08 00:00:00+09:00,442.93585205078125,442.93585205078125,442.93585205078125,442.93585205078125,0,0.0,0.0
2011-03-09 00:00:00+09:00,428.546656889074,428.546656889074,425.4185791015625,425.4185791015625,800,0.0,0.0
2011-03-10 00:00:00+09:00,422.29052301663074,422.29052301663074,419.16244506835943,419.1624450683594,400,0.0,0.0
2011-03-11 00:00:00+09:00,402.8963905583503,421.6648559570312,402.8963905583503,421.66485595703125,6200,0.0,0.0
2011-03-14 00:00:00+09:00,421.6648559570312,421.6648559570312,421.6648559570312,421.66485595703125,0,0.0,0.0
2011-03-15 00:00:00+09:00,352.84711270553004,353.4727281535895,296.5417223801795,310.9308776855469,29600,0.0,0.0
2011-03-16 00:00:00+09:00,312.8077668963738,339.70923484946195,312.8077668963738,331.57623291015625,6000,0.0,0.0
2011-03-17 00:00:00+09:00,331.57620724116526,335.9555156386901,331.57620724116526,334.70428466796875,3100,0.0,0.0
2011-03-18 00:00:00+09:00,330.9505715466421,340.9604187011719,330.9505715466421,340.9604187011719,8300,0.0,0.0
2011-03-22 00:00:00+09:00,344.08857409048,372.24127560697383,344.08857409048,357.22650146484375,20200,0.0,0.0
2011-03-23 00:00:00+09:00,361.6058866819317,367.8620438909617,348.46795654296875,348.46795654296875,6400,0.0,0.0
2011-03-24 00:00:00+09:00,348.4678286903783,362.23136950041123,348.4678286903783,356.600830078125,3300,0.0,0.0
2011-03-25 00:00:00+09:00,368.48743840997867,368.48743840997867,344.08843994140625,344.08843994140625,6900,0.0,0.0
2011-03-28 00:00:00+09:00,354.7239431634649,360.98009736387877,347.8421735430097,357.8520202636719,3300,0.0,0.0
2011-03-29 00:00:00+09:00,354.72391204833986,354.72391204833986,345.33968157087054,350.3446044921875,600,0.0,0.0
2011-03-30 00:00:00+09:00,347.2166529292554,355.97527120134475,344.0885749749378,353.4728088378906,2200,0.0,0.0
2011-03-31 00:00:00+09:00,355.97524169038905,356.600857229388,345.96539306640625,345.96539306640625,2400,0.0,0.0
2011-04-01 00:00:00+09:00,355.97516395489095,359.1032409667969,355.97516395489095,359.1032409667969,6500,0.0,0.0
2011-04-04 00:00:00+09:00,359.1033369469519,362.2314147949219,358.4777213773579,362.2314147949219,1900,0.0,0.0
2011-04-05 00:00:00+09:00,359.728856369178,359.728856369178,353.47270234536626,359.1032409667969,14700,0.0,0.0
2011-04-06 00:00:00+09:00,359.1032409667969,360.3544717715592,355.97516395489095,359.1032409667969,2200,0.0,0.0
2011-04-07 00:00:00+09:00,354.723968669055,358.4776614592037,350.9702758789063,350.97027587890625,1400,0.0,0.0
2011-04-08 00:00:00+09:00,350.97021985735216,350.97021985735216,342.83722011021206,350.3446044921875,1300,0.0,0.0
2011-04-11 00:00:00+09:00,355.97517410859103,361.605712890625,355.97517410859103,361.605712890625,500,0.0,0.0
2011-04-12 00:00:00+09:00,361.605712890625,361.605712890625,361.605712890625,361.605712890625,500,0.0,0.0
2011-04-13 00:00:00+09:00,347.8421480182245,349.718994140625,342.211609651023,349.718994140625,6700,0.0,0.0
2011-04-14 00:00:00+09:00,353.4728183310564,355.97528076171875,352.8472027233908,355.97528076171875,1200,0.0,0.0
2011-04-15 00:00:00+09:00,355.9752392958934,360.98016357421875,355.9752392958934,360.98016357421875,1700,0.0,0.0
2011-04-18 00:00:00+09:00,360.98016357421875,360.98016357421875,360.98016357421875,360.98016357421875,1700,0.0,0.0
2011-04-19 00:00:00+09:00,360.9801739767323,360.9801739767323,356.6008651069973,359.72894287109375,1400,0.0,0.0
2011-04-20 00:00:00+09:00,361.605712890625,361.605712890625,361.605712890625,361.605712890625,600,0.0,0.0
2011-04-21 00:00:00+09:00,362.2313946438001,362.2313946438001,353.4727771567307,360.98016357421875,12600,0.0,0.0
2011-04-22 00:00:00+09:00,362.85701017859077,367.2363189221255,356.60085483068406,360.98016357421875,11200,0.0,0.0
2011-04-25 00:00:00+09:00,361.60573813935633,369.11312370626337,361.60573813935633,365.98504638671875,1300,0.0,0.0
2011-04-26 00:00:00+09:00,365.9850769042969,365.9850769042969,365.9850769042969,365.9850769042969,1300,8.0,0.0
2011-04-27 00:00:00+09:00,365.3506774902344,365.3506774902344,365.3506774902344,365.3506774902344,100,0.0,0.0
2011-04-28 00:00:00+09:00,365.3507873429376,365.9850769042969,365.3507873429376,365.9850769042969,2200,0.0,0.0
2011-05-02 00:00:00+09:00,365.9850769042969,365.9850769042969,365.9850769042969,365.9850769042969,0,0.0,0.0
2011-05-06 00:00:00+09:00,365.9850769042969,365.9850769042969,365.9850769042969,365.9850769042969,0,0.0,0.0
2011-05-09 00:00:00+09:00,365.9850769042969,365.9850769042969,365.9850769042969,365.9850769042969,0,0.0,0.0
2011-05-10 00:00:00+09:00,363.44794354734165,363.44794354734165,355.20217868501106,358.3736267089844,1900,0.0,0.0
2011-05-11 00:00:00+09:00,361.5450439453125,364.08220214843755,361.5450439453125,361.5450439453125,1900,0.0,0.0
2011-05-12 00:00:00+09:00,361.54505585970946,370.42510986328125,361.54505585970946,370.42510986328125,1300,0.0,0.0
2011-05-13 00:00:00+09:00,370.4249924553765,370.4249924553765,365.3506774902344,365.3506774902344,200,0.0,0.0
2011-05-16 00:00:00+09:00,353.2992856771116,365.9850769042969,353.2992856771116,365.9850769042969,500,0.0,0.0
2011-05-17 00:00:00+09:00,353.29923736517867,364.7164479083981,353.29923736517867,355.8363952636719,1300,0.0,0.0
2011-05-18 00:00:00+09:00,354.56776105545754,361.54494418892807,353.29918230391746,353.9334716796875,1300,0.0,0.0
2011-05-19 00:00:00+09:00,359.00787364204797,362.17932128906256,359.00787364204797,362.1793212890625,400,0.0,0.0
2011-05-20 00:00:00+09:00,362.1792712620326,363.44785014561245,355.20208740234375,355.20208740234375,7000,0.0,0.0
2011-05-23 00:00:00+09:00,355.2020927097487,355.2020927097487,350.1277770996094,350.1277770996094,1100,0.0,0.0
2011-05-24 00:00:00+09:00,348.859130859375,348.859130859375,348.859130859375,348.859130859375,100,0.0,0.0
2011-05-25 00:00:00+09:00,348.8592774328524,348.8592774328524,347.5906982421875,347.5906982421875,200,0.0,0.0
2011-05-26 00:00:00+09:00,348.859130859375,348.859130859375,348.859130859375,348.859130859375,200,0.0,0.0
2011-05-27 00:00:00+09:00,348.8592651589538,351.3964234510189,348.2249755859375,348.2249755859375,4100,0.0,0.0
2011-05-30 00:00:00+09:00,348.2249755859375,348.2249755859375,348.2249755859375,348.2249755859375,0,0.0,0.0
2011-05-31 00:00:00+09:00,348.2249755859375,348.2249755859375,348.2249755859375,348.2249755859375,0,0.0,0.0
2011-06-01 00:00:00+09:00,350.1277770996094,350.1277770996094,349.493487648342,350.1277770996094,6800,0.0,0.0
2011-06-02 00:00:00+09:00,352.0306816529692,352.0306816529692,338.7106018066406,338.7106018066406,5100,0.0,0.0
2011-06-03 00:00:00+09:00,339.979259801794,344.4192874484592,336.1735218189381,342.51641845703125,3800,0.0,0.0
2011-06-06 00:00:00+09:00,341.88212879322197,345.68786677607784,341.88212879322197,342.51641845703125,3700,0.0,0.0
2011-06-07 00:00:00+09:00,342.5163756985761,347.5906923755921,342.5163756985761,343.1506652832031,10900,0.0,0.0
2011-06-08 00:00:00+09:00,344.4192874484592,345.68786677607784,342.51641845703125,342.51641845703125,29400,0.0,0.0
2011-06-09 00:00:00+09:00,342.5163392459645,345.0534973144531,342.5163392459645,345.0534973144531,2300,0.0,0.0
2011-06-10 00:00:00+09:00,343.7849548678301,346.3221132063381,343.1506652832031,343.1506652832031,2500,0.0,0.0
2011-06-13 00:00:00+09:00,343.784912109375,343.784912109375,343.784912109375,343.784912109375,600,0.0,0.0
2011-06-14 00:00:00+09:00,346.32203521728513,355.20208740234375,346.32203521728513,355.20208740234375,1100,0.0,0.0
2011-06-15 00:00:00+09:00,358.3736267089844,358.3736267089844,358.3736267089844,358.3736267089844,100,0.0,0.0
2011-06-16 00:00:00+09:00,343.1505694888559,357.73922586268895,342.51628008129796,351.3963317871094,5800,0.0,0.0
2011-06-17 00:00:00+09:00,349.4935547319701,349.4935547319701,341.24779028275844,348.2249755859375,8900,0.0,0.0
2011-06-20 00:00:00+09:00,348.22490874580717,352.03064545341164,348.22490874580717,350.1277770996094,1600,0.0,0.0
2011-06-21 00:00:00+09:00,348.8592945937569,357.7393493652344,348.8592945937569,357.7393493652344,2300,0.0,0.0
2011-06-22 00:00:00+09:00,354.5678405761719,354.5678405761719,354.5678405761719,354.5678405761719,7800,0.0,0.0
2011-06-23 00:00:00+09:00,354.56782814919416,358.3735651239619,351.39638067022105,352.0306701660156,1900,0.0,0.0
2011-06-24 00:00:00+09:00,350.7620911744264,352.0306701660156,350.7620911744264,352.0306701660156,700,0.0,0.0
2011-06-27 00:00:00+09:00,350.7622185369796,353.29937744140625,350.7622185369796,353.29937744140625,900,0.0,0.0
2011-06-28 00:00:00+09:00,357.7394055241528,357.7394055241528,353.29937744140625,353.29937744140625,2600,0.0,0.0
2011-06-29 00:00:00+09:00,357.1050170898438,369.7908081054688,357.1050170898438,364.71649169921875,8700,0.0,0.0
2011-06-30 00:00:00+09:00,362.17932746649615,366.6193542480469,362.17932746649615,366.6193542480469,2400,0.0,0.0
2011-07-01 00:00:00+09:00,367.8879091963809,371.0593566894531,367.8879091963809,371.0593566894531,3100,0.0,0.0
2011-07-04 00:00:00+09:00,374.23076184267927,378.03649840379126,372.3278935621233,374.86505126953125,3200,0.0,0.0
2011-07-05 00:00:00+09:00,377.4022524515788,380.5736999511719,377.4022524515788,380.5736999511719,5500,0.0,0.0
2011-07-06 00:00:00+09:00,380.5736999511719,382.47656845092774,379.30512095133463,380.5736999511719,2200,0.0,0.0
2011-07-07 00:00:00+09:00,380.57369402985074,382.4765625,380.57369402985074,382.4765625,300,0.0,0.0
2011-07-08 00:00:00+09:00,382.4765991210938,383.74517822265625,380.57373046875,383.74517822265625,22200,0.0,0.0
2011-07-11 00:00:00+09:00,380.5736999511719,380.5736999511719,380.5736999511719,380.5736999511719,500,0.0,0.0
2011-07-12 00:00:00+09:00,376.76799316406255,386.9166259765625,371.05938720703125,377.40228271484375,2500,0.0,0.0
2011-07-13 00:00:00+09:00,380.5736999511719,380.5736999511719,380.5736999511719,380.5736999511719,400,0.0,0.0
2011-07-14 00:00:00+09:00,380.5736999511719,380.5736999511719,380.5736999511719,380.5736999511719,0,0.0,0.0
2011-07-15 00:00:00+09:00,380.57372434482124,380.57372434482124,379.3051452636719,379.3051452636719,1300,0.0,0.0
2011-07-19 00:00:00+09:00,378.67089843750006,379.30518804962315,378.67089843750006,378.6708984375,300,0.0,0.0
2011-07-20 00:00:00+09:00,378.6708495888934,378.6708495888934,378.03656005859375,378.03656005859375,300,0.0,0.0
2011-07-21 00:00:00+09:00,379.9394349048012,386.91661985296946,379.9394349048012,385.6480407714844,1300,0.0,0.0
2011-07-22 00:00:00+09:00,385.6480164574795,386.9165954589844,385.6480164574795,386.9165954589844,5100,0.0,0.0
2011-07-25 00:00:00+09:00,378.03654195149744,380.5736999511719,378.03654195149744,380.5736999511719,200,0.0,0.0
2011-07-26 00:00:00+09:00,380.5736999511719,380.5736999511719,380.5736999511719,380.5736999511719,200,0.0,0.0
2011-07-27 00:00:00+09:00,380.5736999511719,380.5736999511719,380.5736999511719,380.5736999511719,200,0.0,0.0
2011-07-28 00:00:00+09:00,380.57373046875,383.74517822265625,380.57373046875,383.74517822265625,800,0.0,0.0
2011-07-29 00:00:00+09:00,383.74517822265625,383.74517822265625,383.74517822265625,383.74517822265625,800,0.0,0.0
2011-08-01 00:00:00+09:00,383.74517822265625,383.74517822265625,383.74517822265625,383.74517822265625,100,0.0,0.0
2011-08-02 00:00:00+09:00,374.2308049519857,380.5736999511719,361.5450149536133,380.5736999511719,2600,0.0,0.0
2011-08-03 00:00:00+09:00,368.52222297305156,372.9622497558594,367.8879334326504,372.9622497558594,700,0.0,0.0
2011-08-04 00:00:00+09:00,366.6193542480469,366.6193542480469,366.6193542480469,366.6193542480469,200,0.0,0.0
2011-08-05 00:00:00+09:00,355.20208740234375,355.20208740234375,354.56779796055383,355.20208740234375,2600,0.0,0.0
2011-08-08 00:00:00+09:00,355.20208740234375,355.20208740234375,355.20208740234375,355.20208740234375,100,0.0,0.0
2011-08-09 00:00:00+09:00,350.76206130981444,355.20208740234375,339.34485135759627,355.20208740234375,2700,0.0,0.0
2011-08-10 00:00:00+09:00,355.20208740234375,355.20208740234375,355.20208740234375,355.20208740234375,2700,0.0,0.0
2011-08-11 00:00:00+09:00,361.5450439453125,361.5450439453125,361.5450439453125,361.5450439453125,100,0.0,0.0
2011-08-12 00:00:00+09:00,361.5450439453125,361.5450439453125,361.5450439453125,361.5450439453125,0,0.0,0.0
2011-08-15 00:00:00+09:00,364.71649169921875,364.71649169921875,361.5450439453125,361.5450439453125,200,0.0,0.0
2011-08-16 00:00:00+09:00,361.5450439453125,361.5450439453125,355.2021484375,361.5450439453125,900,0.0,0.0
2011-08-17 00:00:00+09:00,348.8593349490074,364.7165774466896,348.8593349490074,363.447998046875,2400,0.0,0.0
2011-08-18 00:00:00+09:00,366.6193111831718,367.8878901146015,364.0821533203125,364.0821533203125,1300,0.0,0.0
2011-08-19 00:00:00+09:00,364.0822877467823,364.0822877467823,349.4936246489147,363.447998046875,500,0.0,0.0
2011-08-22 00:00:00+09:00,363.447998046875,363.447998046875,363.447998046875,363.447998046875,22000,0.0,0.0
2011-08-23 00:00:00+09:00,366.61936035156253,366.61936035156253,364.71649169921875,364.71649169921875,700,0.0,0.0
2011-08-24 00:00:00+09:00,364.71649169921875,364.71649169921875,364.71649169921875,364.71649169921875,700,0.0,0.0
2011-08-25 00:00:00+09:00,364.71649169921875,364.71649169921875,364.71649169921875,364.71649169921875,100,0.0,0.0
2011-08-26 00:00:00+09:00,374.2308049519857,386.9165949503581,367.8879099527995,380.5736999511719,3100,0.0,0.0
2011-08-29 00:00:00+09:00,380.5736999511719,380.5736999511719,374.2308049519857,380.5736999511719,1000,0.0,0.0
2011-08-30 00:00:00+09:00,380.5736999511719,380.5736999511719,380.5736999511719,380.5736999511719,600,0.0,0.0
2011-08-31 00:00:00+09:00,380.5736999511719,383.745147450765,374.2308049519857,380.5736999511719,1700,0.0,0.0
2011-09-01 00:00:00+09:00,381.2080993652344,381.2080993652344,381.2080993652344,381.2080993652344,1000,0.0,0.0
2011-09-02 00:00:00+09:00,381.8422546386719,381.8422546386719,381.8422546386719,381.8422546386719,200,0.0,0.0
2011-09-05 00:00:00+09:00,381.8422546386719,381.8422546386719,381.8422546386719,381.8422546386719,100,0.0,0.0
2011-09-06 00:00:00+09:00,381.8422546386719,381.8422546386719,381.8422546386719,381.8422546386719,100,0.0,0.0
2011-09-07 00:00:00+09:00,381.8422546386719,381.8422546386719,381.8422546386719,381.8422546386719,400,0.0,0.0
2011-09-08 00:00:00+09:00,381.8422546386719,381.8422546386719,374.86507058381244,381.8422546386719,1500,0.0,0.0
2011-09-09 00:00:00+09:00,381.8423216370331,386.2823486328125,381.8423216370331,386.2823486328125,600,0.0,0.0
2011-09-12 00:00:00+09:00,386.2823486328125,386.2823486328125,386.2823486328125,386.2823486328125,600,0.0,0.0
2011-09-13 00:00:00+09:00,374.2308112306296,385.01373291015625,374.2308112306296,385.01373291015625,1800,0.0,0.0
2011-09-14 00:00:00+09:00,385.01373291015625,385.01373291015625,385.01373291015625,385.01373291015625,1000,0.0,0.0
2011-09-15 00:00:00+09:00,384.3794800208894,384.3794800208894,383.1109008789063,383.11090087890625,200,0.0,0.0
2011-09-16 00:00:00+09:00,382.4765625,382.4765625,382.4765625,382.4765625,200,0.0,0.0
2011-09-20 00:00:00+09:00,382.4765625,383.11085199004975,377.402246579602,382.4765625,2800,0.0,0.0
2011-09-21 00:00:00+09:00,382.47659296654535,382.47659296654535,379.3051452636719,379.3051452636719,800,0.0,0.0
2011-09-22 00:00:00+09:00,379.30519437950466,380.57377362492105,376.7680358886719,376.7680358886719,9000,0.0,0.0
2011-09-26 00:00:00+09:00,367.887939453125,367.887939453125,361.5450439453125,361.5450439453125,500,0.0,0.0
2011-09-27 00:00:00+09:00,374.2308349609375,374.2308349609375,374.2308349609375,374.2308349609375,1400,0.0,0.0
2011-09-28 00:00:00+09:00,374.2308288366616,374.2308288366616,362.1793275690403,372.9622497558594,1900,0.0,0.0
2011-09-29 00:00:00+09:00,372.9622497558594,372.9622497558594,372.9622497558594,372.9622497558594,1900,0.0,0.0
2011-09-30 00:00:00+09:00,372.9622497558594,372.9622497558594,372.9622497558594,372.9622497558594,1900,0.0,0.0
2011-10-03 00:00:00+09:00,371.0592412217512,372.32781982421875,371.0592412217512,372.32781982421875,800,0.0,0.0
2011-10-04 00:00:00+09:00,371.6936461880676,371.6936461880676,367.8879091963809,371.0593566894531,600,0.0,0.0
2011-10-05 00:00:00+09:00,371.0593566894531,371.0593566894531,371.0593566894531,371.0593566894531,600,0.0,0.0
2011-10-06 00:00:00+09:00,371.0593566894531,371.0593566894531,371.0593566894531,371.0593566894531,600,0.0,0.0
2011-10-07 00:00:00+09:00,371.05938720703125,374.2308349609375,371.05938720703125,374.2308349609375,3400,0.0,0.0
2011-10-11 00:00:00+09:00,374.2308349609375,374.2308349609375,374.2308349609375,374.2308349609375,3400,0.0,0.0
2011-10-12 00:00:00+09:00,374.2309280921673,374.2309280921673,367.8880310058594,367.8880310058594,400,0.0,0.0
2011-10-13 00:00:00+09:00,367.8880310058594,367.8880310058594,367.8880310058594,367.8880310058594,400,0.0,0.0
2011-10-14 00:00:00+09:00,373.5965454101563,374.2308349609375,373.5965454101563,374.2308349609375,2200,0.0,0.0
2011-10-17 00:00:00+09:00,374.2308349609375,374.2308349609375,374.2308349609375,374.2308349609375,2200,0.0,0.0
2011-10-18 00:00:00+09:00,377.40228271484375,377.40228271484375,377.40228271484375,377.40228271484375,1500,0.0,0.0
2011-10-19 00:00:00+09:00,375.4993896484375,375.4993896484375,375.4993896484375,375.4993896484375,400,0.0,0.0
2011-10-20 00:00:00+09:00,380.5737063362335,385.01373291015625,380.5737063362335,385.01373291015625,800,0.0,0.0
2011-10-21 00:00:00+09:00,385.01373291015625,386.28231193127704,385.01373291015625,385.01373291015625,4800,0.0,0.0
2011-10-24 00:00:00+09:00,385.01373291015625,385.01373291015625,385.01373291015625,385.01373291015625,4800,0.0,0.0
2011-10-25 00:00:00+09:00,385.01373291015625,385.01373291015625,385.01373291015625,385.01373291015625,4800,0.0,0.0
2011-10-26 00:00:00+09:00,383.7451660357686,384.37945556640625,383.7451660357686,384.37945556640625,600,0.0,0.0
2011-10-27 00:00:00+09:00,384.3793900807699,384.3793900807699,370.23834228515625,370.23834228515625,2100,8.0,0.0
2011-10-28 00:00:00+09:00,370.2384395204741,372.8095397949219,370.2384395204741,372.8095397949219,1600,0.0,0.0
2011-10-31 00:00:00+09:00,372.8095397949219,372.8095397949219,372.8095397949219,372.8095397949219,1000,0.0,0.0
2011-11-01 00:00:00+09:00,372.8095397949219,372.8095397949219,372.8095397949219,372.8095397949219,1000,0.0,0.0
2011-11-02 00:00:00+09:00,366.3817138671875,366.3817138671875,366.3817138671875,366.3817138671875,200,0.0,0.0
2011-11-04 00:00:00+09:00,372.8095397949219,372.8095397949219,372.8095397949219,372.8095397949219,2200,0.0,0.0
2011-11-07 00:00:00+09:00,372.8095397949219,372.8095397949219,372.8095397949219,372.8095397949219,2200,0.0,0.0
2011-11-08 00:00:00+09:00,363.8105881463914,368.31001238141744,331.0290687197731,337.4568176269531,13800,0.0,0.0
2011-11-09 00:00:00+09:00,343.2418335662491,343.8846085354743,335.5285339355469,335.5285339355469,1200,0.0,0.0
2011-11-10 00:00:00+09:00,336.81412606869105,340.6707763671875,336.81412606869105,340.6707763671875,200,0.0,0.0
2011-11-11 00:00:00+09:00,345.81293797002775,345.81293797002775,343.8846130371094,343.8846130371094,200,0.0,0.0
2011-11-14 00:00:00+09:00,343.8846130371094,343.8846130371094,343.8846130371094,343.8846130371094,200,0.0,0.0
2011-11-15 00:00:00+09:00,350.3123474121094,350.3123474121094,350.3123474121094,350.3123474121094,100,0.0,0.0
2011-11-16 00:00:00+09:00,353.52622985839844,359.9539794921875,350.3123550415039,359.9539794921875,300,0.0,0.0
2011-11-17 00:00:00+09:00,359.9539794921875,359.9539794921875,359.9539794921875,359.9539794921875,100,0.0,0.0
2011-11-18 00:00:00+09:00,359.9539794921875,359.9539794921875,359.9539794921875,359.9539794921875,800,0.0,0.0
2011-11-21 00:00:00+09:00,363.16785430908203,363.16785430908203,359.9539794921875,359.9539794921875,500,0.0,0.0
2011-11-22 00:00:00+09:00,359.9539794921875,359.9539794921875,359.9539794921875,359.9539794921875,0,0.0,0.0
2011-11-24 00:00:00+09:00,359.9539794921875,359.9539794921875,359.9539794921875,359.9539794921875,1000,0.0,0.0
2011-11-25 00:00:00+09:00,359.9539794921875,359.9539794921875,359.9539794921875,359.9539794921875,1100,0.0,0.0
2011-11-28 00:00:00+09:00,360.59675445556644,360.59675445556644,350.3123550415039,359.9539794921875,1200,0.0,0.0
2011-11-29 00:00:00+09:00,359.9539794921875,359.9539794921875,359.9539794921875,359.9539794921875,100,0.0,0.0
2011-11-30 00:00:00+09:00,354.1691164269912,363.16796875,354.1691164269912,363.16796875,700,0.0,0.0
2011-12-01 00:00:00+09:00,366.38178910880254,372.8095397949219,366.38178910880254,372.8095397949219,26200,0.0,0.0
2011-12-02 00:00:00+09:00,372.809545174111,374.73787040777023,368.31011962890625,368.31011962890625,4100,0.0,0.0
2011-12-05 00:00:00+09:00,364.4535190818584,367.66739491150446,363.16796875,363.16796875,500,0.0,0.0
2011-12-06 00:00:00+09:00,367.66739491150446,367.66739491150446,363.16796875,363.16796875,700,0.0,0.0
2011-12-07 00:00:00+09:00,374.7378234863281,374.7378234863281,374.7378234863281,374.7378234863281,100,0.0,0.0
2011-12-08 00:00:00+09:00,379.2373046875,379.2373046875,379.2373046875,379.2373046875,100,0.0,0.0
2011-12-09 00:00:00+09:00,379.2373046875,379.2373046875,379.2373046875,379.2373046875,100,0.0,0.0
2011-12-12 00:00:00+09:00,359.9539645010965,366.3817138671875,359.9539645010965,366.3817138671875,200,0.0,0.0
2011-12-13 00:00:00+09:00,359.9539645010965,366.3817138671875,356.740089818051,366.3817138671875,2100,0.0,0.0
2011-12-14 00:00:00+09:00,372.166748046875,372.166748046875,372.166748046875,372.166748046875,100,0.0,0.0
2011-12-15 00:00:00+09:00,367.02459716796875,367.02459716796875,367.02459716796875,367.02459716796875,300,0.0,0.0
2011-12-16 00:00:00+09:00,367.02459716796875,367.02459716796875,367.02459716796875,367.02459716796875,300,0.0,0.0
2011-12-19 00:00:00+09:00,367.6672520588354,374.0950012207032,367.6672520588354,374.0950012207031,1900,0.0,0.0
2011-12-20 00:00:00+09:00,368.95279248555505,372.1666669845581,368.95279248555505,370.23834228515625,1200,0.0,0.0
2011-12-21 00:00:00+09:00,376.6662043167373,379.2373046875,376.02342922404665,379.2373046875,1800,0.0,0.0
2011-12-22 00:00:00+09:00,379.23729397603216,388.23614501953125,379.23729397603216,388.23614501953125,4900,0.0,0.0
2011-12-26 00:00:00+09:00,388.23614501953125,388.23614501953125,388.23614501953125,388.23614501953125,0,0.0,0.0
2011-12-27 00:00:00+09:00,387.5932142694923,387.5932142694923,381.1654661058191,386.950439453125,300,0.0,0.0
2011-12-28 00:00:00+09:00,386.3078002929688,386.9505753350536,386.3078002929688,386.30780029296875,1700,0.0,0.0
2011-12-29 00:00:00+09:00,386.3078002929688,386.3078002929688,386.3078002929688,386.30780029296875,1700,0.0,0.0
2011-12-30 00:00:00+09:00,386.950439453125,386.950439453125,386.950439453125,386.950439453125,100,0.0,0.0
2012-01-04 00:00:00+09:00,386.3078002929688,386.3078002929688,386.3078002929688,386.30780029296875,100,0.0,0.0
2012-01-05 00:00:00+09:00,386.3077529907227,398.5204772949219,386.3077529907227,398.5204772949219,3200,0.0,0.0
2012-01-06 00:00:00+09:00,398.5204322451637,404.94818115234375,398.5204322451637,404.94818115234375,2700,0.0,0.0
2012-01-10 00:00:00+09:00,404.94818115234375,404.94818115234375,404.94818115234375,404.94818115234375,2700,0.0,0.0
2012-01-11 00:00:00+09:00,404.30540626162576,404.94818115234375,404.30540626162576,404.94818115234375,200,0.0,0.0
2012-01-12 00:00:00+09:00,403.01995849609375,403.01995849609375,403.01995849609375,403.01995849609375,400,0.0,0.0
2012-01-13 00:00:00+09:00,395.30657958984375,395.30657958984375,395.30657958984375,395.30657958984375,900,0.0,0.0
2012-01-16 00:00:00+09:00,404.9482111696337,409.44763573818517,392.09271240234375,392.09271240234375,1000,0.0,0.0
2012-01-17 00:00:00+09:00,392.09271240234375,392.09271240234375,392.09271240234375,392.09271240234375,1000,0.0,0.0
2012-01-18 00:00:00+09:00,401.7344718896717,404.9483476647891,401.7344718896717,404.3055725097656,300,0.0,0.0
2012-01-19 00:00:00+09:00,408.16204833984375,408.16204833984375,408.16204833984375,408.16204833984375,100,0.0,0.0
2012-01-20 00:00:00+09:00,408.1620411872864,411.37591552734375,408.1620411872864,411.37591552734375,4600,0.0,0.0
2012-01-23 00:00:00+09:00,413.9470825195312,413.9470825195312,413.9470825195312,413.94708251953125,500,0.0,0.0
2012-01-24 00:00:00+09:00,413.9470825195312,413.9470825195312,413.9470825195312,413.94708251953125,500,0.0,0.0
2012-01-25 00:00:00+09:00,413.9470825195312,413.9470825195312,413.9470825195312,413.94708251953125,500,0.0,0.0
2012-01-26 00:00:00+09:00,397.8776453214213,397.8776453214213,390.8071217373573,394.02099609375,1100,0.0,0.0
2012-01-27 00:00:00+09:00,411.37601875964504,416.5182189941406,411.37601875964504,416.5182189941406,700,0.0,0.0
2012-01-30 00:00:00+09:00,408.1620556059338,408.1620556059338,404.94818115234375,404.94818115234375,300,0.0,0.0
2012-01-31 00:00:00+09:00,404.94818115234375,404.94818115234375,404.94818115234375,404.94818115234375,100,0.0,0.0
2012-02-01 00:00:00+09:00,404.94818115234375,404.94818115234375,404.94818115234375,404.94818115234375,100,0.0,0.0
2012-02-02 00:00:00+09:00,404.94818115234375,404.94818115234375,404.94818115234375,404.94818115234375,100,0.0,0.0
2012-02-03 00:00:00+09:00,404.94818115234375,404.94818115234375,404.94818115234375,404.94818115234375,100,0.0,0.0
2012-02-06 00:00:00+09:00,404.94818115234375,404.94818115234375,404.94818115234375,404.94818115234375,100,0.0,0.0
2012-02-07 00:00:00+09:00,405.5910541386568,414.5899047851563,405.5910541386568,414.58990478515625,200,0.0,0.0
2012-02-08 00:00:00+09:00,416.518168359375,416.518168359375,401.7343444824219,401.7343444824219,200,0.0,0.0
2012-02-09 00:00:00+09:00,395.30672033943694,404.30557250976557,392.0928445643196,404.3055725097656,5100,0.0,0.0
2012-02-10 00:00:00+09:00,404.30557250976557,404.30557250976557,404.30557250976557,404.3055725097656,5100,0.0,0.0
2012-02-13 00:00:00+09:00,404.30557250976557,404.30557250976557,404.30557250976557,404.3055725097656,5100,0.0,0.0
2012-02-14 00:00:00+09:00,404.30557250976557,404.30557250976557,404.30557250976557,404.3055725097656,5100,0.0,0.0
2012-02-15 00:00:00+09:00,399.80603330563275,403.01990817143366,399.80603330563275,401.0915832519531,800,0.0,0.0
2012-02-16 00:00:00+09:00,407.51934814453125,407.51934814453125,407.51934814453125,407.51934814453125,100,0.0,0.0
2012-02-17 00:00:00+09:00,406.87649858129305,415.8753468911479,406.87649858129305,408.16204833984375,3800,0.0,0.0
2012-02-20 00:00:00+09:00,416.5181914813702,417.8037414550782,416.5181914813702,417.8037414550781,900,0.0,0.0
2012-02-21 00:00:00+09:00,421.0175522954989,435.1585998535156,421.0175522954989,435.1585998535156,2200,0.0,0.0
2012-02-22 00:00:00+09:00,435.15860529360566,444.80022874915085,435.15860529360566,443.5146789550781,16800,0.0,0.0
2012-02-23 00:00:00+09:00,446.7285318577543,453.1562805175781,445.44298212578957,453.1562805175781,5300,0.0,0.0
2012-02-24 00:00:00+09:00,453.1562805175781,453.1562805175781,453.1562805175781,453.1562805175781,2300,0.0,0.0
2012-02-27 00:00:00+09:00,453.15639172570184,455.08471679687506,453.15639172570184,455.084716796875,500,0.0,0.0
2012-02-28 00:00:00+09:00,455.084707928519,455.084707928519,451.2280578613281,451.2280578613281,3700,0.0,0.0
2012-02-29 00:00:00+09:00,455.08471679687506,455.08471679687506,455.08471679687506,455.084716796875,500,0.0,0.0
2012-03-01 00:00:00+09:00,451.8706766619001,451.8706766619001,449.9423522949219,449.9423522949219,300,0.0,0.0
2012-03-02 00:00:00+09:00,449.9423522949219,449.9423522949219,449.9423522949219,449.9423522949219,1000,0.0,0.0
2012-03-05 00:00:00+09:00,443.51460440499443,449.9423522949219,443.51460440499443,449.9423522949219,1300,0.0,0.0
2012-03-06 00:00:00+09:00,449.9423522949219,449.9423522949219,449.9423522949219,449.9423522949219,0,0.0,0.0
2012-03-07 00:00:00+09:00,437.08718872070307,437.08718872070307,437.08718872070307,437.0871887207031,1300,0.0,0.0
2012-03-08 00:00:00+09:00,437.08718872070307,437.08718872070307,437.08718872070307,437.0871887207031,0,0.0,0.0
2012-03-09 00:00:00+09:00,430.65918101435125,443.5146789550782,427.44530652916956,443.5146789550781,2800,0.0,0.0
2012-03-12 00:00:00+09:00,443.5146789550782,443.5146789550782,443.5146789550782,443.5146789550781,0,0.0,0.0
2012-03-13 00:00:00+09:00,434.5159440104167,434.5159440104167,433.87316894531256,433.8731689453125,500,0.0,0.0
2012-03-14 00:00:00+09:00,437.08718872070307,437.08718872070307,437.08718872070307,437.0871887207031,1900,0.0,0.0
2012-03-15 00:00:00+09:00,437.0869299847147,446.08577854322357,426.8025316321332,443.5146789550781,5200,0.0,0.0
2012-03-16 00:00:00+09:00,443.5146789550782,443.5146789550782,437.0869299847147,443.5146789550781,900,0.0,0.0
2012-03-19 00:00:00+09:00,442.8719983845088,444.8003234863281,442.8719983845088,444.8003234863281,1700,0.0,0.0
2012-03-21 00:00:00+09:00,444.80020725980717,453.1562805175781,443.5146575278424,453.1562805175781,2800,0.0,0.0
2012-03-22 00:00:00+09:00,453.15635529431427,453.15635529431427,452.5135803222656,452.5135803222656,4000,0.0,0.0
2012-03-23 00:00:00+09:00,452.5135056515957,456.37015484749,452.5135056515957,453.1562805175781,700,0.0,0.0
2012-03-26 00:00:00+09:00,456.3702087402344,456.3702087402344,456.3702087402344,456.3702087402344,600,0.0,0.0
2012-03-27 00:00:00+09:00,462.79791662101155,470.51121523136175,458.2984924316406,458.2984924316406,2800,0.0,0.0
2012-03-28 00:00:00+09:00,459.58407655054214,472.4395751953125,459.58407655054214,472.4395751953125,1600,0.0,0.0
2012-03-29 00:00:00+09:00,466.0118258729273,472.4395751953125,465.3690509406888,472.4395751953125,2500,0.0,0.0
2012-03-30 00:00:00+09:00,466.0117797851562,466.0117797851562,466.0117797851562,466.01177978515625,200,0.0,0.0
2012-04-02 00:00:00+09:00,474.36784199232005,474.36784199232005,473.72506713867193,473.7250671386719,400,0.0,0.0
2012-04-03 00:00:00+09:00,473.72508722253747,475.6534118652344,466.0117886517499,475.6534118652344,3500,0.0,0.0
2012-04-04 00:00:00+09:00,475.6534118652344,475.6534118652344,475.6534118652344,475.6534118652344,3500,0.0,0.0
2012-04-05 00:00:00+09:00,462.79791259765625,462.79791259765625,462.79791259765625,462.79791259765625,200,0.0,0.0
2012-04-06 00:00:00+09:00,462.79791259765625,462.79791259765625,462.79791259765625,462.79791259765625,100,0.0,0.0
2012-04-09 00:00:00+09:00,462.79791259765625,462.79791259765625,462.79791259765625,462.79791259765625,1200,0.0,0.0
2012-04-10 00:00:00+09:00,462.7979581591109,462.7979581591109,456.3702087402344,456.3702087402344,2200,0.0,0.0
2012-04-11 00:00:00+09:00,462.79791259765625,462.79791259765625,462.79791259765625,462.79791259765625,900,0.0,0.0
2012-04-12 00:00:00+09:00,462.1553039550781,462.1553039550781,462.1553039550781,462.1553039550781,100,0.0,0.0
2012-04-13 00:00:00+09:00,456.3702087402344,456.3702087402344,456.3702087402344,456.3702087402344,200,0.0,0.0
2012-04-16 00:00:00+09:00,456.3702087402344,456.3702087402344,456.3702087402344,456.3702087402344,100,0.0,0.0
2012-04-17 00:00:00+09:00,456.3702087402344,456.3702087402344,456.3702087402344,456.3702087402344,100,0.0,0.0
2012-04-18 00:00:00+09:00,461.5124816894531,461.5124816894531,461.5124816894531,461.5124816894531,100,0.0,0.0
2012-04-19 00:00:00+09:00,462.1552049029957,462.1552049029957,452.5135803222656,452.5135803222656,400,0.0,0.0
2012-04-20 00:00:00+09:00,453.1562262398856,453.1562262398856,449.9423522949219,449.9423522949219,4500,0.0,0.0
2012-04-23 00:00:00+09:00,445.44317626953125,445.44317626953125,445.44317626953125,445.44317626953125,200,0.0,0.0
2012-04-24 00:00:00+09:00,449.29965209960943,449.29965209960943,449.29965209960943,449.2996520996094,100,0.0,0.0
2012-04-25 00:00:00+09:00,455.1515502929687,455.1515502929687,455.1515502929687,455.15155029296875,3000,8.0,0.0
2012-04-26 00:00:00+09:00,445.3984680175781,445.3984680175781,445.3984680175781,445.3984680175781,100,0.0,0.0
2012-04-27 00:00:00+09:00,455.15177467910917,455.15177467910917,447.9993896484375,447.9993896484375,700,0.0,0.0
2012-05-01 00:00:00+09:00,455.1515502929687,455.1515502929687,455.1515502929687,455.15155029296875,1000,0.0,0.0
2012-05-02 00:00:00+09:00,455.1515502929687,455.1515502929687,455.1515502929687,455.15155029296875,1000,0.0,0.0
2012-05-07 00:00:00+09:00,442.79748535156244,442.79748535156244,442.79748535156244,442.7974853515625,100,0.0,0.0
2012-05-08 00:00:00+09:00,445.3984680175781,445.3984680175781,445.3984680175781,445.3984680175781,300,0.0,0.0
2012-05-09 00:00:00+09:00,445.3984680175781,445.3984680175781,445.3984680175781,445.3984680175781,300,0.0,0.0
2012-05-10 00:00:00+09:00,438.8962707519532,438.8962707519532,438.8962707519532,438.8962707519531,100,0.0,0.0
2012-05-11 00:00:00+09:00,419.389740223193,432.3940732533695,419.389740223193,425.89190673828125,4100,0.0,0.0
2012-05-14 00:00:00+09:00,425.89190673828125,425.89190673828125,425.89190673828125,425.89190673828125,4100,0.0,0.0
2012-05-15 00:00:00+09:00,409.6365081170113,418.0893249511719,409.6365081170113,418.0893249511719,500,0.0,0.0
2012-05-16 00:00:00+09:00,418.0893822772686,422.64089965820307,418.0893822772686,422.6408996582031,300,0.0,0.0
2012-05-17 00:00:00+09:00,429.1429748535156,429.1429748535156,429.1429748535156,429.1429748535156,500,0.0,0.0
2012-05-18 00:00:00+09:00,422.64089965820307,422.64089965820307,422.64089965820307,422.6408996582031,100,0.0,0.0
2012-05-21 00:00:00+09:00,423.29102519642225,429.1429748535156,423.29102519642225,429.1429748535156,700,0.0,0.0
2012-05-22 00:00:00+09:00,429.1429748535156,429.1429748535156,429.1429748535156,429.1429748535156,4300,0.0,0.0
2012-05-23 00:00:00+09:00,429.1429748535156,429.1429748535156,429.1429748535156,429.1429748535156,100,0.0,0.0
2012-05-24 00:00:00+09:00,429.1429748535156,429.1429748535156,429.1429748535156,429.1429748535156,100,0.0,0.0
2012-05-25 00:00:00+09:00,429.1429748535156,429.1429748535156,429.1429748535156,429.1429748535156,100,0.0,0.0
2012-05-28 00:00:00+09:00,429.1430303917168,429.1430303917168,418.73956298828125,418.73956298828125,1500,0.0,0.0
2012-05-29 00:00:00+09:00,418.73956298828125,418.73956298828125,418.73956298828125,418.73956298828125,100,0.0,0.0
2012-05-30 00:00:00+09:00,406.3854217529297,406.3854217529297,394.0313049316406,396.6321716308594,7600,0.0,0.0
2012-05-31 00:00:00+09:00,395.331787109375,395.331787109375,395.331787109375,395.331787109375,200,0.0,0.0
2012-06-01 00:00:00+09:00,395.331787109375,395.331787109375,395.331787109375,395.331787109375,100,0.0,0.0
2012-06-04 00:00:00+09:00,395.3316567910684,395.3316567910684,384.9281921386719,384.9281921386719,1200,0.0,0.0
2012-06-05 00:00:00+09:00,382.97763046239174,389.47979736328125,377.7758969416801,389.47979736328125,2400,0.0,0.0
2012-06-06 00:00:00+09:00,389.47979736328125,389.47979736328125,389.47979736328125,389.47979736328125,200,0.0,0.0
2012-06-07 00:00:00+09:00,389.47979736328125,389.47979736328125,389.47979736328125,389.47979736328125,1400,0.0,0.0
2012-06-08 00:00:00+09:00,389.47979736328125,389.47979736328125,389.47979736328125,389.47979736328125,200,0.0,0.0
2012-06-11 00:00:00+09:00,390.1300048828125,390.1300048828125,390.1300048828125,390.1300048828125,100,0.0,0.0
2012-06-12 00:00:00+09:00,391.4303894042969,391.4303894042969,391.4303894042969,391.4303894042969,100,0.0,0.0
2012-06-13 00:00:00+09:00,392.08067011557335,393.381103515625,392.08067011557335,393.381103515625,1800,0.0,0.0
2012-06-14 00:00:00+09:00,393.381103515625,393.381103515625,393.381103515625,393.381103515625,1800,0.0,0.0
2012-06-15 00:00:00+09:00,391.4303894042969,391.4303894042969,391.4303894042969,391.4303894042969,100,0.0,0.0
2012-06-18 00:00:00+09:00,393.38108825683594,396.6321716308594,393.38108825683594,396.6321716308594,200,0.0,0.0
2012-06-19 00:00:00+09:00,399.8831944619456,403.13427734375006,399.8831944619456,403.13427734375,200,0.0,0.0
2012-06-20 00:00:00+09:00,406.38546117348966,408.986328125,406.38546117348966,408.986328125,300,0.0,0.0
2012-06-21 00:00:00+09:00,409.6365533428132,418.0893711102046,409.6365533428132,414.8382873535156,600,0.0,0.0
2012-06-22 00:00:00+09:00,401.83405241897805,407.6860046386719,401.83405241897805,407.6860046386719,5000,0.0,0.0
2012-06-25 00:00:00+09:00,400.53347167968747,400.53347167968747,394.0313049316406,396.6321716308594,800,0.0,0.0
2012-06-26 00:00:00+09:00,393.38106069991835,393.38106069991835,392.0806274414062,392.08062744140625,300,0.0,0.0
2012-06-27 00:00:00+09:00,396.6320835630034,398.5827331542969,396.6320835630034,398.5827331542969,200,0.0,0.0
2012-06-28 00:00:00+09:00,399.8832369004032,405.0849700633353,399.8832369004032,404.43475341796875,800,0.0,0.0
2012-06-29 00:00:00+09:00,404.43475341796875,404.43475341796875,404.43475341796875,404.43475341796875,800,0.0,0.0
2012-07-02 00:00:00+09:00,404.43475341796875,404.43475341796875,404.43475341796875,404.43475341796875,800,0.0,0.0
2012-07-03 00:00:00+09:00,404.43475341796875,404.43475341796875,404.43475341796875,404.43475341796875,800,0.0,0.0
2012-07-04 00:00:00+09:00,399.8831944619456,410.9368762600807,397.93254473286294,403.13427734375,1000,0.0,0.0
2012-07-05 00:00:00+09:00,403.13427734375006,403.13427734375006,403.13427734375006,403.13427734375,1000,0.0,0.0
2012-07-06 00:00:00+09:00,403.13427734375006,403.13427734375006,403.13427734375006,403.13427734375,2000,0.0,0.0
2012-07-09 00:00:00+09:00,414.8382873535156,414.8382873535156,414.8382873535156,414.8382873535156,300,0.0,0.0
2012-07-10 00:00:00+09:00,414.8382873535156,414.8382873535156,414.8382873535156,414.8382873535156,300,0.0,0.0
2012-07-11 00:00:00+09:00,414.8382873535156,414.8382873535156,414.8382873535156,414.8382873535156,300,0.0,0.0
2012-07-12 00:00:00+09:00,409.63653564453125,409.63653564453125,409.63653564453125,409.63653564453125,100,0.0,0.0
2012-07-13 00:00:00+09:00,409.63653564453125,409.63653564453125,409.63653564453125,409.63653564453125,100,0.0,0.0
2012-07-17 00:00:00+09:00,409.63653564453125,409.63653564453125,409.63653564453125,409.63653564453125,100,0.0,0.0
2012-07-18 00:00:00+09:00,409.63653564453125,409.63653564453125,409.63653564453125,409.63653564453125,200,0.0,0.0
2012-07-19 00:00:00+09:00,409.63650816424763,411.587158203125,408.98629148462186,411.587158203125,2900,0.0,0.0
2012-07-20 00:00:00+09:00,409.63653564453125,409.63653564453125,409.63653564453125,409.63653564453125,4600,0.0,0.0
2012-07-23 00:00:00+09:00,401.8338928222656,401.8338928222656,401.8338928222656,401.8338928222656,100,0.0,0.0
2012-07-24 00:00:00+09:00,401.8338928222656,401.8338928222656,401.8338928222656,401.8338928222656,100,0.0,0.0
2012-07-25 00:00:00+09:00,397.28247349153315,397.28247349153315,384.27813720703125,384.27813720703125,500,0.0,0.0
2012-07-26 00:00:00+09:00,390.78033447265625,390.78033447265625,390.78033447265625,390.78033447265625,500,0.0,0.0
2012-07-27 00:00:00+09:00,396.6322011796255,409.63653564453125,396.6322011796255,409.63653564453125,700,0.0,0.0
2012-07-30 00:00:00+09:00,391.4304534155475,393.381103515625,387.52915321539257,393.381103515625,700,0.0,0.0
2012-07-31 00:00:00+09:00,396.632217035061,401.83395102896344,396.632217035061,399.88330078125,300,0.0,0.0
2012-08-01 00:00:00+09:00,396.6321716308594,396.6321716308594,396.6321716308594,396.6321716308594,100,0.0,0.0
2012-08-02 00:00:00+09:00,396.6321716308594,396.6321716308594,396.6321716308594,396.6321716308594,100,0.0,0.0
2012-08-03 00:00:00+09:00,396.6321716308594,396.6321716308594,396.6321716308594,396.6321716308594,100,0.0,0.0
2012-08-06 00:00:00+09:00,396.6321716308594,396.6321716308594,395.33173828125,396.6321716308594,500,0.0,0.0
2012-08-07 00:00:00+09:00,396.6321716308594,396.6321716308594,396.6321716308594,396.6321716308594,500,0.0,0.0
2012-08-08 00:00:00+09:00,401.8338928222656,401.8338928222656,401.8338928222656,401.8338928222656,100,0.0,0.0
2012-08-09 00:00:00+09:00,401.8338928222656,401.8338928222656,401.8338928222656,401.8338928222656,100,0.0,0.0
2012-08-10 00:00:00+09:00,401.8338928222656,401.8338928222656,401.8338928222656,401.8338928222656,100,0.0,0.0
2012-08-13 00:00:00+09:00,401.8338928222656,401.8338928222656,401.8338928222656,401.8338928222656,100,0.0,0.0
2012-08-14 00:00:00+09:00,403.13427734375006,403.13427734375006,403.13427734375006,403.13427734375,100,0.0,0.0
2012-08-15 00:00:00+09:00,403.13427734375006,403.13427734375006,403.13427734375006,403.13427734375,100,0.0,0.0
2012-08-16 00:00:00+09:00,396.632217035061,399.88330078125006,396.632217035061,399.88330078125,600,0.0,0.0
2012-08-17 00:00:00+09:00,400.5334110383065,403.13427734375006,400.5334110383065,403.13427734375,300,0.0,0.0
2012-08-20 00:00:00+09:00,408.33599632443406,412.88751220703125,408.33599632443406,412.88751220703125,2500,0.0,0.0
2012-08-21 00:00:00+09:00,412.88751220703125,412.88751220703125,412.88751220703125,412.88751220703125,700,0.0,0.0
2012-08-22 00:00:00+09:00,412.88752598916335,412.88752598916335,403.13427734375006,403.13427734375,14800,0.0,0.0
2012-08-23 00:00:00+09:00,399.8832034602496,402.4840698242187,399.8832034602496,402.48406982421875,1500,0.0,0.0
2012-08-24 00:00:00+09:00,399.88330078125006,399.88330078125006,399.88330078125006,399.88330078125,100,0.0,0.0
2012-08-27 00:00:00+09:00,399.88330078125006,399.88330078125006,399.88330078125006,399.88330078125,800,0.0,0.0
2012-08-28 00:00:00+09:00,399.88330078125006,399.88330078125006,399.88330078125006,399.88330078125,3300,0.0,0.0
2012-08-29 00:00:00+09:00,399.88330078125006,399.88330078125006,399.88330078125006,399.88330078125,3300,0.0,0.0
2012-08-30 00:00:00+09:00,399.88330078125006,399.88330078125006,399.88330078125006,399.88330078125,3300,0.0,0.0
2012-08-31 00:00:00+09:00,395.9820038644891,395.9820038644891,395.331787109375,395.331787109375,500,0.0,0.0
2012-09-03 00:00:00+09:00,394.0314025878906,394.0314025878906,394.0314025878906,394.0314025878906,200,0.0,0.0
2012-09-04 00:00:00+09:00,394.0313170189951,397.9326171875,394.0313170189951,397.9326171875,500,0.0,0.0
2012-09-05 00:00:00+09:00,392.7308044433594,392.7308044433594,392.7308044433594,392.7308044433594,1100,0.0,0.0
2012-09-06 00:00:00+09:00,388.8295806731923,389.47979736328125,388.8295806731923,389.47979736328125,900,0.0,0.0
2012-09-07 00:00:00+09:00,390.129977553638,392.0806274414062,390.129977553638,392.08062744140625,300,0.0,0.0
2012-09-10 00:00:00+09:00,392.0806549072266,392.0806549072266,390.1300048828125,390.1300048828125,1100,0.0,0.0
2012-09-11 00:00:00+09:00,384.2780548095703,384.2780548095703,383.6278381347656,383.6278381347656,1100,0.0,0.0
2012-09-12 00:00:00+09:00,388.17938232421875,388.17938232421875,388.17938232421875,388.17938232421875,500,0.0,0.0
2012-09-13 00:00:00+09:00,388.17938232421875,388.17938232421875,388.17938232421875,388.17938232421875,200,0.0,0.0
2012-09-14 00:00:00+09:00,388.17938232421875,390.13003248665206,388.17938232421875,388.17938232421875,1200,0.0,0.0
2012-09-18 00:00:00+09:00,388.1793548583984,390.1300048828125,388.1793548583984,390.1300048828125,600,0.0,0.0
2012-09-19 00:00:00+09:00,389.4797454119526,389.4797454119526,388.82952880859375,388.82952880859375,3200,0.0,0.0
2012-09-20 00:00:00+09:00,388.82957153320314,390.1300048828125,388.82957153320314,390.1300048828125,700,0.0,0.0
2012-09-21 00:00:00+09:00,383.6278381347656,390.1300048828125,383.6278381347656,383.6278381347656,5300,0.0,0.0
2012-09-24 00:00:00+09:00,383.6278381347656,383.6278381347656,377.12567138671875,377.12567138671875,1100,0.0,0.0
2012-09-25 00:00:00+09:00,377.1257362565445,377.1257362565445,372.57421875,372.57421875,2200,0.0,0.0
2012-09-26 00:00:00+09:00,372.57421875,372.57421875,372.57421875,372.57421875,200,0.0,0.0
2012-09-27 00:00:00+09:00,372.57421875,372.57421875,372.57421875,372.57421875,800,0.0,0.0
2012-09-28 00:00:00+09:00,372.57415466308595,373.2243713378906,370.6235046386719,370.6235046386719,3100,0.0,0.0
2012-10-01 00:00:00+09:00,370.6235046386719,370.6235046386719,370.6235046386719,370.6235046386719,300,0.0,0.0
2012-10-02 00:00:00+09:00,370.6235046386719,370.6235046386719,370.6235046386719,370.6235046386719,300,0.0,0.0
2012-10-03 00:00:00+09:00,370.623473576137,370.623473576137,357.6191411699568,364.1213073730469,5100,0.0,0.0
2012-10-04 00:00:00+09:00,357.6192481364679,357.6192481364679,353.0677304329128,354.3681640625,4000,0.0,0.0
2012-10-05 00:00:00+09:00,354.3681640625,354.3681640625,354.3681640625,354.3681640625,2100,0.0,0.0
2012-10-09 00:00:00+09:00,354.3681214615346,354.3681214615346,353.06768798828125,353.06768798828125,2000,0.0,0.0
2012-10-10 00:00:00+09:00,351.11700439453125,351.11700439453125,350.46678771972654,351.11700439453125,1800,0.0,0.0
2012-10-11 00:00:00+09:00,351.11694446910514,357.6191101074219,349.81651134144175,357.6191101074219,700,0.0,0.0
2012-10-12 00:00:00+09:00,357.6191101074219,357.6191101074219,357.6191101074219,357.6191101074219,100,0.0,0.0
2012-10-15 00:00:00+09:00,357.6191101074219,363.471059181907,357.6191101074219,357.6191101074219,800,0.0,0.0
2012-10-16 00:00:00+09:00,357.6191560212556,364.12132249436934,351.1169895481419,360.8702392578125,1800,0.0,0.0
2012-10-17 00:00:00+09:00,360.8701929265803,360.8701929265803,357.6191101074219,357.6191101074219,700,0.0,0.0
2012-10-18 00:00:00+09:00,357.6191101074219,357.6191101074219,357.6191101074219,357.6191101074219,1200,0.0,0.0
2012-10-19 00:00:00+09:00,357.6191101074219,357.6191101074219,357.6191101074219,357.6191101074219,1600,0.0,0.0
2012-10-22 00:00:00+09:00,357.6191101074219,363.471059181907,354.3680272882635,357.6191101074219,5800,0.0,0.0
2012-10-23 00:00:00+09:00,357.61910670418195,357.61910670418195,351.1169411277422,355.66845703125,3600,0.0,0.0
2012-10-24 00:00:00+09:00,351.1170799885321,354.3681640625,348.5162127293578,354.3681640625,2500,0.0,0.0
2012-10-25 00:00:00+09:00,354.3680272882635,357.6191101074219,354.3680272882635,357.6191101074219,800,0.0,0.0
2012-10-26 00:00:00+09:00,357.6191411699568,364.1213073730469,357.6191411699568,364.1213073730469,2400,0.0,0.0
2012-10-29 00:00:00+09:00,364.1213931931975,364.1213931931975,358.18463134765625,358.18463134765625,900,8.0,0.0
2012-10-30 00:00:00+09:00,361.4828572444779,366.7599792480469,361.4828572444779,366.7599792480469,200,0.0,0.0
2012-10-31 00:00:00+09:00,349.6092834472656,349.6092834472656,348.2900031323703,349.6092834472656,1900,0.0,0.0
2012-11-01 00:00:00+09:00,349.6092971075149,349.6092971075149,346.31109619140625,346.31109619140625,4700,0.0,0.0
2012-11-02 00:00:00+09:00,346.3110880418257,349.6092888803193,346.3110880418257,348.2900085449219,700,0.0,0.0
2012-11-05 00:00:00+09:00,348.2900500146028,352.90753173828125,348.2900500146028,352.90753173828125,300,0.0,0.0
2012-11-06 00:00:00+09:00,352.907487657335,356.2056884765625,352.907487657335,356.2056884765625,300,0.0,0.0
2012-11-07 00:00:00+09:00,349.6092868381076,361.48280978732635,349.6092868381076,356.2056884765625,6200,0.0,0.0
2012-11-08 00:00:00+09:00,356.2056884765625,356.2056884765625,356.2056884765625,356.2056884765625,6200,0.0,0.0
2012-11-09 00:00:00+09:00,356.2056379175898,356.2056379175898,353.56707763671875,353.56707763671875,500,0.0,0.0
2012-11-12 00:00:00+09:00,353.56707763671875,353.56707763671875,353.56707763671875,353.56707763671875,400,0.0,0.0
2012-11-13 00:00:00+09:00,353.5670962126359,353.5670962126359,343.01285453464675,348.9496154785156,2400,0.0,0.0
2012-11-14 00:00:00+09:00,348.94959456516597,354.2267150878906,348.94959456516597,354.2267150878906,300,0.0,0.0
2012-11-15 00:00:00+09:00,354.226767985026,356.2056884765625,354.226767985026,356.2056884765625,200,0.0,0.0
2012-11-16 00:00:00+09:00,356.20561919341213,366.1002197265625,356.20561919341213,366.1002197265625,900,0.0,0.0
2012-11-19 00:00:00+09:00,365.4405645429545,365.4405645429545,356.2056044281506,362.1423645019531,2000,0.0,0.0
2012-11-20 00:00:00+09:00,357.5249127809886,362.1423932043593,352.24779229713636,354.8863525390625,4700,0.0,0.0
2012-11-21 00:00:00+09:00,354.8863672368667,358.8442077636719,353.56708706126494,358.8442077636719,3100,0.0,0.0
2012-11-22 00:00:00+09:00,358.8442077636719,363.461688378278,358.8442077636719,358.8442077636719,5300,0.0,0.0
2012-11-26 00:00:00+09:00,358.8442715527164,358.8442715527164,354.2267901172954,358.18463134765625,3500,0.0,0.0
2012-11-27 00:00:00+09:00,358.18455982382596,361.48276019052787,358.18455982382596,360.8231201171875,2500,0.0,0.0
2012-11-28 00:00:00+09:00,361.4828325953294,366.1003140335909,360.8231923898635,365.440673828125,3900,0.0,0.0
2012-11-29 00:00:00+09:00,364.1212996199324,369.39841990427925,364.1212996199324,366.1002197265625,1500,0.0,0.0
2012-11-30 00:00:00+09:00,366.10025429514656,372.6966552734375,366.10025429514656,372.6966552734375,300,0.0,0.0
2012-12-03 00:00:00+09:00,372.6966724061129,375.994873046875,372.6966724061129,375.994873046875,600,0.0,0.0
2012-12-04 00:00:00+09:00,375.994874097394,383.25091552734375,375.994874097394,383.25091552734375,900,0.0,0.0
2012-12-05 00:00:00+09:00,382.5912807642487,382.5912807642487,379.29308006800517,381.931640625,1000,0.0,0.0
2012-12-06 00:00:00+09:00,381.9316629626087,384.57022367392204,377.3141817178103,383.91058349609375,2400,0.0,0.0
2012-12-07 00:00:00+09:00,383.9105699789382,388.52805106115915,383.9105699789382,387.2087707519531,4100,0.0,0.0
2012-12-10 00:00:00+09:00,387.2087707519532,387.2087707519532,386.54913059735014,387.2087707519531,700,0.0,0.0
2012-12-11 00:00:00+09:00,389.1876351120125,389.1876351120125,382.5912345168937,385.8894348144531,2900,0.0,0.0
2012-12-12 00:00:00+09:00,382.59134720782845,387.86846923828125,382.59134720782845,387.86846923828125,700,0.0,0.0
2012-12-13 00:00:00+09:00,389.187689321069,395.12445068359375,389.187689321069,395.12445068359375,1900,0.0,0.0
2012-12-14 00:00:00+09:00,398.42259619928177,408.9768371582031,398.42259619928177,408.9768371582031,1200,0.0,0.0
2012-12-17 00:00:00+09:00,408.97689279636,410.29617309570307,408.97689279636,410.2961730957031,1100,0.0,0.0
2012-12-18 00:00:00+09:00,409.63653294603154,410.29617309570307,408.97689279636,410.2961730957031,1200,0.0,0.0
2012-12-19 00:00:00+09:00,410.2961650390625,412.27508544921875,410.2961650390625,412.27508544921875,200,0.0,0.0
2012-12-20 00:00:00+09:00,416.23284415768734,416.23284415768734,408.97680408520785,409.6364440917969,1800,0.0,0.0
2012-12-21 00:00:00+09:00,409.63651693550645,420.8503990416314,409.63651693550645,414.2539978027344,4700,0.0,0.0
2012-12-25 00:00:00+09:00,410.2961650390625,412.27508544921875,410.2961650390625,412.27508544921875,400,0.0,0.0
2012-12-26 00:00:00+09:00,414.25401399373237,414.25401399373237,410.29617309570307,410.2961730957031,700,0.0,0.0
2012-12-27 00:00:00+09:00,414.25401399373237,414.25401399373237,410.29617309570307,410.2961730957031,700,0.0,0.0
2012-12-28 00:00:00+09:00,415.5732727050781,415.5732727050781,415.5732727050781,415.5732727050781,1100,0.0,0.0
2013-01-04 00:00:00+09:00,422.1695861816406,422.1695861816406,422.1695861816406,422.1695861816406,500,0.0,0.0
2013-01-07 00:00:00+09:00,428.7660263523911,435.36242675781256,424.14854606859615,435.3624267578125,6100,0.0,0.0
2013-01-08 00:00:00+09:00,435.36242675781256,435.36242675781256,435.36242675781256,435.3624267578125,6100,0.0,0.0
2013-01-09 00:00:00+09:00,432.0642265551018,435.36242675781256,432.0642265551018,435.3624267578125,400,0.0,0.0
2013-01-10 00:00:00+09:00,435.36242675781256,435.36242675781256,435.36242675781256,435.3624267578125,400,0.0,0.0
2013-01-11 00:00:00+09:00,435.36242675781256,435.36242675781256,435.36242675781256,435.3624267578125,900,0.0,0.0
2013-01-15 00:00:00+09:00,435.36247978383057,442.6185211135611,435.36247978383057,437.3414001464844,1300,0.0,0.0
2013-01-16 00:00:00+09:00,437.341356608682,441.958836995199,437.341356608682,440.6395568847656,1300,0.0,0.0
2013-01-17 00:00:00+09:00,439.32037406743956,453.83245849609375,438.6607338661371,453.83245849609375,5300,0.0,0.0
2013-01-18 00:00:00+09:00,443.27819076849494,455.8113539003423,443.27819076849494,452.5131530761719,2900,0.0,0.0
2013-01-21 00:00:00+09:00,453.1727824335513,455.1517028808594,452.5131422844486,455.1517028808594,900,0.0,0.0
2013-01-22 00:00:00+09:00,455.8113700285086,455.8113700285086,437.34144475962546,441.2992858886719,6700,0.0,0.0
2013-01-23 00:00:00+09:00,434.7027457714081,435.3623857498169,422.1695861816406,422.1695861816406,2300,0.0,0.0
2013-01-24 00:00:00+09:00,422.1696684160305,432.06427001953125,422.1696684160305,432.06427001953125,700,0.0,0.0
2013-01-25 00:00:00+09:00,438.6607666015625,441.2993276036771,435.36256534891913,438.6607666015625,1100,0.0,0.0
2013-01-28 00:00:00+09:00,455.15182386281316,462.4078674316406,455.15182386281316,462.4078674316406,7000,0.0,0.0
2013-01-29 00:00:00+09:00,464.3866882324219,464.3866882324219,464.3866882324219,464.3866882324219,500,0.0,0.0
2013-01-30 00:00:00+09:00,457.1305820783896,457.79022216796875,457.1305820783896,457.79022216796875,200,0.0,0.0
2013-01-31 00:00:00+09:00,451.1938277300667,451.1938277300667,448.55526733398443,448.5552673339844,1900,0.0,0.0
2013-02-01 00:00:00+09:00,451.1937509417887,451.1937509417887,444.59735107421875,444.59735107421875,600,0.0,0.0
2013-02-04 00:00:00+09:00,442.6185750739519,453.83245849609375,442.6185750739519,453.83245849609375,1200,0.0,0.0
2013-02-05 00:00:00+09:00,448.5552037444934,449.21484375,448.5552037444934,449.21484375,400,0.0,0.0
2013-02-06 00:00:00+09:00,449.2148890599413,453.1727294921875,449.2148890599413,453.1727294921875,700,0.0,0.0
2013-02-07 00:00:00+09:00,453.8323565356304,461.08839711977566,453.8323565356304,456.4709167480469,700,0.0,0.0
2013-02-08 00:00:00+09:00,456.4709167480469,456.4709167480469,456.4709167480469,456.4709167480469,200,0.0,0.0
2013-02-12 00:00:00+09:00,458.4499206542969,458.4499206542969,458.4499206542969,458.4499206542969,300,0.0,0.0
2013-02-13 00:00:00+09:00,459.1094769604633,459.1094769604633,455.81127669494276,456.4709167480469,4100,0.0,0.0
2013-02-14 00:00:00+09:00,455.1517028808594,455.1517028808594,450.53422183714054,455.1517028808594,2300,0.0,0.0
2013-02-15 00:00:00+09:00,448.55530138983244,455.1517028808594,448.55530138983244,455.1517028808594,1700,0.0,0.0
2013-02-18 00:00:00+09:00,455.1517028808594,455.1517028808594,455.1517028808594,455.1517028808594,1700,0.0,0.0
2013-02-19 00:00:00+09:00,459.1095275878906,459.1095275878906,459.1095275878906,459.1095275878906,1900,0.0,0.0
2013-02-20 00:00:00+09:00,461.0885007104208,461.0885007104208,447.89569668437156,453.83245849609375,8000,0.0,0.0
2013-02-21 00:00:00+09:00,453.1727992654704,458.4499206542969,448.5553180502473,458.4499206542969,6400,0.0,0.0
2013-02-22 00:00:00+09:00,455.1517028808594,455.1517028808594,448.55530138983244,455.1517028808594,14200,0.0,0.0
2013-02-25 00:00:00+09:00,461.0884779881387,461.0884779881387,446.57639427463505,451.853515625,2100,0.0,0.0
2013-02-26 00:00:00+09:00,454.49214335451364,454.49214335451364,450.5343017578125,450.5343017578125,700,0.0,0.0
2013-02-27 00:00:00+09:00,457.13076782226557,457.13076782226557,457.13076782226557,457.1307678222656,100,0.0,0.0
2013-02-28 00:00:00+09:00,457.13060417175296,474.94088745117193,457.13060417175296,474.9408874511719,3500,0.0,0.0
2013-03-01 00:00:00+09:00,462.40772514343263,474.94088745117193,461.7480850219727,474.9408874511719,3100,0.0,0.0
2013-03-04 00:00:00+09:00,475.6004009194855,484.17572021484375,474.9407609736887,484.17572021484375,5700,0.0,0.0
2013-03-05 00:00:00+09:00,484.83546653953755,488.1336669921875,484.17582644900756,488.1336669921875,1500,0.0,0.0
2013-03-06 00:00:00+09:00,512.5403963443672,519.7964379914561,484.17586990574716,507.2632751464844,1800,0.0,0.0
2013-03-07 00:00:00+09:00,498.0283203125,498.0283203125,498.0283203125,498.0283203125,400,0.0,0.0
2013-03-08 00:00:00+09:00,517.8174850745692,517.8174850745692,500.0072021484375,500.0072021484375,1800,0.0,0.0
2013-03-11 00:00:00+09:00,500.0073490343596,501.3266296386719,492.0916654084858,501.3266296386719,1500,0.0,0.0
2013-03-12 00:00:00+09:00,501.32646880278713,501.32646880278713,488.1336669921875,488.1336669921875,1800,0.0,0.0
2013-03-13 00:00:00+09:00,482.19694697338605,485.4951477050781,482.19694697338605,485.4951477050781,700,0.0,0.0
2013-03-14 00:00:00+09:00,482.1968688964843,482.1968688964843,482.1968688964843,482.1968688964844,100,0.0,0.0
2013-03-15 00:00:00+09:00,488.79333496093744,488.79333496093744,488.79333496093744,488.7933349609375,100,0.0,0.0
2013-03-18 00:00:00+09:00,486.15470913366477,486.15470913366477,482.1968688964843,482.1968688964844,700,0.0,0.0
2013-03-19 00:00:00+09:00,482.1968688964843,482.1968688964843,482.1968688964843,482.1968688964844,700,0.0,0.0
2013-03-21 00:00:00+09:00,488.1337751350147,491.4319763183594,484.83557395167,491.4319763183594,1400,0.0,0.0
2013-03-22 00:00:00+09:00,491.4319763183594,491.4319763183594,491.4319763183594,491.4319763183594,3900,0.0,0.0
2013-03-25 00:00:00+09:00,491.4319542711316,496.7090759277344,491.4319542711316,496.7090759277344,3100,0.0,0.0
2013-03-26 00:00:00+09:00,494.7301025390625,494.7301025390625,494.7301025390625,494.7301025390625,100,0.0,0.0
2013-03-27 00:00:00+09:00,513.2000732421875,513.2000732421875,513.2000732421875,513.2000732421875,100,0.0,0.0
2013-03-28 00:00:00+09:00,513.200043977649,513.200043977649,488.13371792218544,498.0283203125,2400,0.0,0.0
2013-03-29 00:00:00+09:00,498.6879272460937,498.6879272460937,498.6879272460937,498.68792724609375,100,0.0,0.0
2013-04-01 00:00:00+09:00,494.7299593475924,494.7299593475924,484.17572021484375,484.17572021484375,900,0.0,0.0
2013-04-02 00:00:00+09:00,478.23902865930387,482.1968688964843,478.23902865930387,482.1968688964844,1700,0.0,0.0
2013-04-03 00:00:00+09:00,487.47406005859375,487.47406005859375,487.47406005859375,487.47406005859375,100,0.0,0.0
2013-04-04 00:00:00+09:00,478.2391060953555,485.4951477050781,478.2391060953555,485.4951477050781,300,0.0,0.0
2013-04-05 00:00:00+09:00,488.79341537168364,491.4319763183594,480.21809229498746,491.4319763183594,2000,0.0,0.0
2013-04-08 00:00:00+09:00,494.73007994812804,507.9228820800781,494.73007994812804,507.9228820800781,3300,0.0,0.0
2013-04-09 00:00:00+09:00,507.9228820800781,511.2210826130656,507.9228820800781,507.9228820800781,2700,0.0,0.0
2013-04-10 00:00:00+09:00,507.9228820800781,507.9228820800781,507.9228820800781,507.9228820800781,400,0.0,0.0
2013-04-11 00:00:00+09:00,505.28424327576084,507.92280329286666,504.6246032714844,504.6246032714844,2200,0.0,0.0
2013-04-12 00:00:00+09:00,507.9228820800781,507.9228820800781,507.9228820800781,507.9228820800781,500,0.0,0.0
2013-04-15 00:00:00+09:00,507.92295985068046,511.8808010962702,507.92295985068046,511.2211608886719,2600,0.0,0.0
2013-04-16 00:00:00+09:00,501.9861755371094,501.9861755371094,501.9861755371094,501.9861755371094,200,0.0,0.0
2013-04-17 00:00:00+09:00,510.56151245430993,513.2000732421875,507.26331146946296,513.2000732421875,600,0.0,0.0
2013-04-18 00:00:00+09:00,513.8597689115084,514.5194091796875,513.8597689115084,514.5194091796875,1200,0.0,0.0
2013-04-19 00:00:00+09:00,517.157829378858,534.3084716796875,514.5192690248842,534.3084716796875,2100,0.0,0.0
2013-04-22 00:00:00+09:00,547.5013352872732,547.5013352872732,527.052490234375,527.052490234375,7700,0.0,0.0
2013-04-23 00:00:00+09:00,528.371777784968,547.5013427734375,527.7121376129518,547.5013427734375,17700,0.0,0.0
2013-04-24 00:00:00+09:00,554.0976743344908,554.0976743344908,529.0313509717399,534.3084716796875,10000,0.0,0.0
2013-04-25 00:00:00+09:00,532.9762106948758,539.6384133285618,528.3126688512956,536.3073120117188,3600,8.0,0.0
2013-04-26 00:00:00+09:00,544.9680058123117,566.2870476044804,544.9680058123117,552.962646484375,3200,0.0,0.0
2013-04-30 00:00:00+09:00,546.9667113517993,549.631591796875,546.9667113517993,549.631591796875,400,0.0,0.0
2013-05-01 00:00:00+09:00,546.3004459243223,552.962646484375,546.3004459243223,552.962646484375,5500,0.0,0.0
2013-05-02 00:00:00+09:00,549.631591796875,549.631591796875,549.631591796875,549.631591796875,200,0.0,0.0
2013-05-07 00:00:00+09:00,549.6315221992328,566.2870228719368,549.6315221992328,555.6275024414062,1600,0.0,0.0
2013-05-08 00:00:00+09:00,566.2871221938394,566.2871221938394,558.29248046875,558.29248046875,1300,0.0,0.0
2013-05-09 00:00:00+09:00,562.9560087316177,566.9533295036765,562.9560087316177,566.287109375,2600,0.0,0.0
2013-05-10 00:00:00+09:00,586.2737276785714,586.2737276785714,571.6168844866072,582.942626953125,1200,0.0,0.0
2013-05-13 00:00:00+09:00,566.2871421255717,576.9466648008765,536.3072346012766,546.300537109375,7800,0.0,0.0
2013-05-14 00:00:00+09:00,556.2937467644014,562.9559473244541,546.3004459243223,552.962646484375,6400,0.0,0.0
2013-05-15 00:00:00+09:00,552.9626950515421,560.9573364257812,542.9693933337431,560.9573364257812,1300,0.0,0.0
2013-05-16 00:00:00+09:00,547.6329311032267,562.9559936523438,547.6329311032267,562.9559936523438,800,0.0,0.0
2013-05-17 00:00:00+09:00,544.9680628599095,554.9613647460938,544.9680628599095,554.9613647460938,900,0.0,0.0
2013-05-20 00:00:00+09:00,565.6207970755441,569.6181171962194,559.6248168945312,559.6248168945312,9200,0.0,0.0
2013-05-21 00:00:00+09:00,564.9546892980437,578.9453125,560.291148230725,578.9453125,1400,0.0,0.0
2013-05-22 00:00:00+09:00,578.9452546337119,598.2656371243652,578.9452546337119,590.27099609375,5300,0.0,0.0
2013-05-23 00:00:00+09:00,597.5993697892375,597.5993697892375,580.2776489257812,580.2776489257812,1100,0.0,0.0
2013-05-24 00:00:00+09:00,566.9533143173309,572.2830752039803,562.9559936523438,562.9559936523438,400,0.0,0.0
2013-05-27 00:00:00+09:00,562.9559625730924,562.9559625730924,539.6382599813076,542.9693603515625,300,0.0,0.0
2013-05-28 00:00:00+09:00,542.9694774248446,569.6182861328125,542.9694774248446,569.6182861328125,1400,0.0,0.0
2013-05-29 00:00:00+09:00,562.955916995094,563.6221370152065,559.6248168945312,559.6248168945312,400,0.0,0.0
2013-05-30 00:00:00+09:00,559.624940453506,559.624940453506,546.300537109375,546.300537109375,300,0.0,0.0
2013-05-31 00:00:00+09:00,552.962646484375,552.962646484375,552.962646484375,552.962646484375,100,0.0,0.0
2013-06-03 00:00:00+09:00,552.962646484375,558.9586269884225,499.6650420039533,552.962646484375,4300,0.0,0.0
2013-06-04 00:00:00+09:00,539.6382599813076,542.9693603515625,539.6382599813076,542.9693603515625,600,0.0,0.0
2013-06-05 00:00:00+09:00,552.962717109708,562.9560192261486,546.9667358398438,546.9667358398438,3900,0.0,0.0
2013-06-06 00:00:00+09:00,546.9666706007355,559.6248517717635,496.3339459166235,522.3165283203125,3200,0.0,0.0
2013-06-07 00:00:00+09:00,476.3473573535558,489.6717589578511,466.3540561503344,485.6744384765625,15300,0.0,0.0
2013-06-10 00:00:00+09:00,490.33801143685565,516.98681640625,490.33801143685565,516.98681640625,1200,0.0,0.0
2013-06-11 00:00:00+09:00,520.9841251423617,533.642307211038,497.0002012227645,504.9948425292969,6000,0.0,0.0
2013-06-12 00:00:00+09:00,514.988037109375,514.988037109375,504.99473755356564,514.988037109375,3100,0.0,0.0
2013-06-13 00:00:00+09:00,512.9894530773163,512.9894530773163,511.6570129394531,511.6570129394531,300,0.0,0.0
2013-06-14 00:00:00+09:00,502.32989501953125,502.32989501953125,502.32989501953125,502.32989501953125,300,0.0,0.0
2013-06-17 00:00:00+09:00,502.32989501953125,502.32989501953125,502.32989501953125,502.32989501953125,300,0.0,0.0
2013-06-18 00:00:00+09:00,529.6449584960938,529.6449584960938,526.3138581281938,529.6449584960938,700,0.0,0.0
2013-06-19 00:00:00+09:00,532.9759235146605,539.6381225585938,523.648844853154,539.6381225585938,900,0.0,0.0
2013-06-20 00:00:00+09:00,532.9761352539062,541.6369974517822,517.6530713653565,532.9761352539062,6000,0.0,0.0
2013-06-21 00:00:00+09:00,531.6436949157714,532.9761352539062,531.6436949157714,532.9761352539062,4600,0.0,0.0
2013-06-24 00:00:00+09:00,541.6370296429984,541.6370296429984,526.31396484375,526.31396484375,900,0.0,0.0
2013-06-25 00:00:00+09:00,526.31396484375,526.31396484375,526.31396484375,526.31396484375,600,0.0,0.0
2013-06-26 00:00:00+09:00,526.3138411458333,526.3138411458333,494.33527864583334,499.6650390625,900,0.0,0.0
2013-06-27 00:00:00+09:00,499.6650390625,512.9894401041666,493.0028385416667,499.6650390625,500,0.0,0.0
2013-06-28 00:00:00+09:00,499.6651268005371,532.9761352539062,499.6651268005371,532.9761352539062,600,0.0,0.0
2013-07-01 00:00:00+09:00,522.9828257864566,522.9828257864566,509.65842258170613,512.3233032226562,500,0.0,0.0
2013-07-02 00:00:00+09:00,514.988037109375,520.3177968724733,510.32449731666395,514.988037109375,1700,0.0,0.0
2013-07-03 00:00:00+09:00,514.9881773721017,530.3112408644153,509.65841615738407,516.3206176757812,1400,0.0,0.0
2013-07-04 00:00:00+09:00,526.31396484375,526.31396484375,526.31396484375,526.31396484375,200,0.0,0.0
2013-07-05 00:00:00+09:00,526.9801537322998,536.3072360992431,526.3139335632324,532.9761352539062,4900,0.0,0.0
2013-07-08 00:00:00+09:00,532.9761352539062,536.3072360992431,532.9761352539062,532.9761352539062,8200,0.0,0.0
2013-07-09 00:00:00+09:00,532.9761352539062,532.9761352539062,519.6517318725586,532.9761352539062,7300,0.0,0.0
2013-07-10 00:00:00+09:00,532.9761352539062,532.9761352539062,529.6450344085694,532.9761352539062,2900,0.0,0.0
2013-07-11 00:00:00+09:00,532.9761669303798,532.9761669303798,523.6490840090981,526.31396484375,400,0.0,0.0
2013-07-12 00:00:00+09:00,526.3139500709096,526.3139500709096,518.3193077913515,522.9828491210938,800,0.0,0.0
2013-07-16 00:00:00+09:00,522.9826098382091,522.9826098382091,518.9852905273438,518.9852905273438,300,0.0,0.0
2013-07-17 00:00:00+09:00,521.6504087411674,522.9828491210938,519.6517481712779,522.9828491210938,500,0.0,0.0
2013-07-18 00:00:00+09:00,524.3150024414062,529.6447610430978,524.3150024414062,524.3150024414062,600,0.0,0.0
2013-07-19 00:00:00+09:00,524.315108589504,530.9773081903872,519.6515688688859,520.9840087890625,4000,0.0,0.0
2013-07-22 00:00:00+09:00,521.6501231405605,524.9812222666177,514.9879248884461,524.3150024414062,5000,0.0,0.0
2013-07-23 00:00:00+09:00,516.320364538869,524.3150024414062,516.320364538869,524.3150024414062,1300,0.0,0.0
2013-07-24 00:00:00+09:00,524.3150024414062,524.3150024414062,524.3150024414062,524.3150024414062,100,0.0,0.0
2013-07-25 00:00:00+09:00,524.3152287102993,524.3152287102993,500.9975247651144,509.65838623046875,2000,0.0,0.0
2013-07-26 00:00:00+09:00,509.65841847796776,509.65841847796776,449.0323843845101,458.3594665527344,61100,0.0,0.0
2013-07-29 00:00:00+09:00,465.0215845647848,467.02024467036415,459.02560424804693,459.0256042480469,20600,0.0,0.0
2013-07-30 00:00:00+09:00,453.029624491461,467.02024524781496,453.029624491461,465.68780517578125,7900,0.0,0.0
2013-07-31 00:00:00+09:00,465.6878075335533,465.6878075335533,453.6958468245348,457.0269470214844,14800,0.0,0.0
2013-08-01 00:00:00+09:00,461.6906162427819,463.6892769191576,458.3595151154891,459.69195556640625,1500,0.0,0.0
2013-08-02 00:00:00+09:00,465.68784484863284,473.0162658691406,456.3607635498047,473.0162658691406,5900,0.0,0.0
2013-08-05 00:00:00+09:00,473.0162445368814,476.3473448505214,468.35270409778536,473.6824645996094,1700,0.0,0.0
2013-08-06 00:00:00+09:00,471.0175025597047,477.679702030139,468.352622771531,474.3486022949219,2500,0.0,0.0
2013-08-07 00:00:00+09:00,473.682470573263,473.682470573263,469.68515014648443,469.6851501464844,4600,0.0,0.0
2013-08-08 00:00:00+09:00,473.0163382952592,478.3460998535156,472.3501181004771,478.3460998535156,4600,0.0,0.0
2013-08-09 00:00:00+09:00,478.3459023545557,485.6743214714082,475.6810226757002,481.677001953125,4800,0.0,0.0
2013-08-12 00:00:00+09:00,483.6757507324219,483.6757507324219,479.6784304784349,483.6757507324219,2400,0.0,0.0
2013-08-13 00:00:00+09:00,484.34197077475307,484.34197077475307,479.6784304784349,483.6757507324219,2700,0.0,0.0
2013-08-14 00:00:00+09:00,484.34197705412566,491.004177563811,482.3433169012201,486.34063720703125,1700,0.0,0.0
2013-08-15 00:00:00+09:00,486.34070414613313,489.6718048594628,482.34338329013747,489.0055847167969,2400,0.0,0.0
2013-08-16 00:00:00+09:00,491.00416247309477,491.00416247309477,485.00818219866073,489.6717224121094,2900,0.0,0.0
2013-08-19 00:00:00+09:00,489.6717894351531,495.0015504085969,484.3420284617092,492.336669921875,3300,0.0,0.0
2013-08-20 00:00:00+09:00,492.33661766574807,492.33661766574807,483.00953695218857,486.34063720703125,1100,0.0,0.0
2013-08-21 00:00:00+09:00,489.67172241210943,489.67172241210943,485.00818219866073,489.6717224121094,400,0.0,0.0
2013-08-22 00:00:00+09:00,489.67172241210943,490.33794244260207,483.6757421376754,489.6717224121094,16900,0.0,0.0
2013-08-23 00:00:00+09:00,489.00568164525635,491.67056274414057,486.3408005463721,491.6705627441406,1200,0.0,0.0
2013-08-26 00:00:00+09:00,491.67044980019455,492.336669921875,491.67044980019455,492.336669921875,1200,0.0,0.0
2013-08-27 00:00:00+09:00,492.3365701685614,498.33255004882807,492.3365701685614,498.3325500488281,2800,0.0,0.0
2013-08-28 00:00:00+09:00,498.33255004882807,498.9987700355244,493.00279015525774,498.3325500488281,4000,0.0,0.0
2013-08-29 00:00:00+09:00,499.66504236823505,506.3272429331448,499.66504236823505,504.3285827636719,6600,0.0,0.0
2013-08-30 00:00:00+09:00,507.6598012948965,520.9842055283584,506.3273608715503,512.9895629882812,4600,0.0,0.0
2013-09-02 00:00:00+09:00,526.3137092639301,526.3137092639301,512.9893115610458,518.9852905273438,6000,0.0,0.0
2013-09-03 00:00:00+09:00,526.3138732910156,526.3138732910156,516.3205718994141,519.6516723632812,1100,0.0,0.0
2013-09-04 00:00:00+09:00,619.5846557617188,619.5846557617188,619.5846557617188,619.5846557617188,22400,0.0,0.0
2013-09-05 00:00:00+09:00,719.5177001953125,719.5177001953125,719.5177001953125,719.5177001953125,158900,0.0,0.0
2013-09-06 00:00:00+09:00,739.5042285290393,852.7616328983516,701.5296870640346,727.5122680664062,462600,0.0,0.0
2013-09-09 00:00:00+09:00,827.4454336913184,831.4427546270252,706.8595854641617,740.1705932617188,93100,0.0,0.0
2013-09-10 00:00:00+09:00,780.1437162293328,802.7951990233527,742.8353916274176,767.4855346679688,58800,0.0,0.0
2013-09-11 00:00:00+09:00,779.477533689687,784.8072946038045,746.1665279764525,756.8260498046875,51700,0.0,0.0
2013-09-12 00:00:00+09:00,756.8259731273555,839.4372589264682,752.8286528467532,795.4667358398438,58600,0.0,0.0
2013-09-13 00:00:00+09:00,755.4937062974793,770.8167708872871,702.1960903329306,723.51513671875,55300,0.0,0.0
2013-09-17 00:00:00+09:00,732.8419266656164,754.1609645322525,721.5161877989659,726.845947265625,54100,0.0,0.0
2013-09-18 00:00:00+09:00,729.5110935596151,736.1732953272829,719.5177909081135,726.1799926757812,16200,0.0,0.0
2013-09-19 00:00:00+09:00,726.1799699867448,744.1679141974256,726.1799699867448,740.1705932617188,13200,0.0,0.0
2013-09-20 00:00:00+09:00,740.1704653993503,744.8340056853948,726.1798445412168,744.1677856445312,10000,0.0,0.0
2013-09-24 00:00:00+09:00,752.8286758551077,792.8018798828125,752.8286758551077,792.8018798828125,21100,0.0,0.0
2013-09-25 00:00:00+09:00,799.4641472311581,815.4534301757812,759.4909398696002,815.4534301757812,25400,0.0,0.0
2013-09-26 00:00:00+09:00,799.4641472311581,815.4534301757812,779.4775435503792,815.4534301757812,17300,0.0,0.0
2013-09-27 00:00:00+09:00,826.1128455134515,1015.3193359375,826.1128455134515,1015.3193359375,202300,0.0,0.0
2013-09-30 00:00:00+09:00,1281.8072509765625,1281.8072509765625,1172.5471734504938,1281.8072509765625,253500,0.0,0.0
2013-10-01 00:00:00+09:00,1385.7377655575262,1518.3155613969243,1079.2765289438425,1079.9427490234375,429200,0.0,0.0
2013-10-02 00:00:00+09:00,1106.5916715768667,1145.8986605130708,932.7082120455228,970.0165405273438,202400,0.0,0.0
2013-10-03 00:00:00+09:00,960.0233165599682,970.0166196469908,892.7350757740162,899.3972778320312,137000,0.0,0.0
2013-10-04 00:00:00+09:00,932.7082881221065,980.0099227340133,866.0862675419561,899.3972778320312,104000,0.0,0.0
2013-10-07 00:00:00+09:00,892.7347984900842,894.0672384878305,866.0859985351564,866.0859985351562,35500,0.0,0.0
2013-10-08 00:00:00+09:00,846.7656990973376,878.0780420222587,816.7857962968811,865.4198608398438,62600,0.0,0.0
2013-10-09 00:00:00+09:00,829.4439649934078,926.0458725629212,824.1142045757795,902.0619506835938,42100,0.0,0.0
2013-10-10 00:00:00+09:00,922.0485031833852,976.0123245402162,906.0592227813612,936.0391235351562,76400,0.0,0.0
2013-10-11 00:00:00+09:00,952.6946744791667,999.330078125,948.6973541666667,999.330078125,65000,0.0,0.0
2013-10-15 00:00:00+09:00,1002.661175833808,1002.661175833808,946.6986916012235,959.3568725585938,49500,0.0,0.0
2013-10-16 00:00:00+09:00,939.3704901801216,939.3704901801216,899.3972778320312,899.3972778320312,31200,0.0,0.0
2013-10-17 00:00:00+09:00,939.3702525745738,949.3635531338778,907.3916907848011,916.0525512695312,14500,0.0,0.0
2013-10-18 00:00:00+09:00,928.7106877790178,946.0324079241071,916.7187276785713,932.7080078125,11500,0.0,0.0
2013-10-21 00:00:00+09:00,951.3620195487247,968.0175170898439,927.3781030895132,968.0175170898438,21700,0.0,0.0
2013-10-22 00:00:00+09:00,968.0176988749428,983.3407594903066,940.0364577512348,954.6932983398438,17500,0.0,0.0
2013-10-23 00:00:00+09:00,966.019227985735,966.6854481429665,914.7202758789064,914.7202758789062,23400,0.0,0.0
2013-10-24 00:00:00+09:00,954.6936798645768,996.6655583233824,924.0475463867188,924.0475463867188,33900,0.0,0.0
2013-10-25 00:00:00+09:00,944.0339211650279,951.3623425713901,899.3971725990033,927.37841796875,29500,0.0,0.0
2013-10-28 00:00:00+09:00,927.3782561444104,942.7013164111644,925.3795961096165,926.7120361328125,13800,0.0,0.0
2013-10-29 00:00:00+09:00,942.9820564971573,943.6599731445312,942.9820564971573,943.6599731445312,15700,24.0,0.0
2013-10-30 00:00:00+09:00,926.0342561100636,932.8134234315135,881.2917517884938,884.6813354492188,29400,0.0,0.0
2013-10-31 00:00:00+09:00,884.6813354492189,884.6813354492189,884.6813354492189,884.6813354492188,0,0.0,0.0
2013-11-01 00:00:00+09:00,850.7854606470233,860.2762944709742,803.3312915272691,850.1075439453125,40200,0.0,0.0
2013-11-05 00:00:00+09:00,843.3285033986233,856.2089226627502,827.736416920996,855.531005859375,14500,0.0,0.0
2013-11-06 00:00:00+09:00,859.5983531775842,882.6475203763522,854.1750197190505,881.2916870117188,6900,0.0,0.0
2013-11-07 00:00:00+09:00,881.2918478612742,881.2918478612742,854.853092425436,858.9205932617188,2900,0.0,0.0
2013-11-08 00:00:00+09:00,854.1751332294084,877.2243034911544,847.3959655053654,876.54638671875,6600,0.0,0.0
2013-11-11 00:00:00+09:00,881.2917389484666,881.2917389484666,867.7334045031056,873.15673828125,9200,0.0,0.0
2013-11-12 00:00:00+09:00,888.070867331352,901.6292011837392,874.512533478965,892.8162841796875,8200,0.0,0.0
2013-11-13 00:00:00+09:00,894.8501143807009,913.8317834736249,894.8501143807009,910.4421997070312,11200,0.0,0.0
2013-11-14 00:00:00+09:00,915.1874071931186,928.7457391515352,884.6811602866813,890.7824096679688,20800,0.0,0.0
2013-11-15 00:00:00+09:00,908.4081780229556,908.4081780229556,884.6810987462366,890.1044311523438,17600,0.0,0.0
2013-11-18 00:00:00+09:00,910.4420035029032,910.4420035029032,893.4940883222832,900.2732543945312,10300,0.0,0.0
2013-11-19 00:00:00+09:00,900.2735569887652,904.3410579992566,894.85022230811,897.5618896484375,4700,0.0,0.0
2013-11-20 00:00:00+09:00,898.2396240234375,903.6629576024469,877.9021231021521,898.2396240234375,11500,0.0,0.0
2013-11-21 00:00:00+09:00,911.1198270909927,921.9664916992188,902.9848286348231,921.9664916992188,6800,0.0,0.0
2013-11-22 00:00:00+09:00,935.5251096021682,1026.365953578031,932.1355258717256,1014.1634521484375,71500,0.0,0.0
2013-11-25 00:00:00+09:00,1037.212411063058,1047.3811601911273,986.3686654227121,996.5374145507812,50400,0.0,0.0
2013-11-26 00:00:00+09:00,1030.4333793021538,1030.4333793021538,999.9271279412347,1003.3167114257812,23800,0.0,0.0
2013-11-27 00:00:00+09:00,1105.0043537675651,1186.3543675418646,1056.1943455029857,1124.6639404296875,129100,0.0,0.0
2013-11-28 00:00:00+09:00,1088.056224167568,1109.0716403352906,1026.365808965544,1096.869140625,66300,0.0,0.0
2013-11-29 00:00:00+09:00,1105.004249572754,1118.5625839233398,1057.5500793457031,1084.666748046875,56600,0.0,0.0
2013-12-02 00:00:00+09:00,1105.0041078977947,1105.0041078977947,1047.3811942957625,1071.1082763671875,52900,0.0,0.0
2013-12-03 00:00:00+09:00,1071.10831511842,1071.10831511842,1029.077482499849,1052.8045654296875,51900,0.0,0.0
2013-12-04 00:00:00+09:00,1023.654341152186,1023.654341152186,969.4209985745867,1007.3843383789062,48600,0.0,0.0
2013-12-05 00:00:00+09:00,1007.3843383789062,1033.1451761032658,996.5376698633864,1007.3843383789062,34700,0.0,0.0
2013-12-06 00:00:00+09:00,1007.3842205849422,1111.783392839371,1007.3842205849422,1064.3292236328125,144700,0.0,0.0
2013-12-09 00:00:00+09:00,1091.4458256935586,1186.3541583625638,1084.6666590743441,1162.6270751953125,282500,0.0,0.0
2013-12-10 00:00:00+09:00,1016.1968225747929,1054.1601461666464,986.3684968954796,1005.3501586914062,306000,0.0,0.0
2013-12-11 00:00:00+09:00,990.4364154656956,993.1480825853827,945.0159912109375,945.0159912109375,86500,0.0,0.0
2013-12-12 00:00:00+09:00,907.0526064306274,920.610941354852,897.5617719836702,901.6292724609375,52600,0.0,0.0
2013-12-13 00:00:00+09:00,888.7487140556207,898.2395470051086,885.359130859375,885.359130859375,26600,0.0,0.0
2013-12-16 00:00:00+09:00,874.5125052229089,874.5125052229089,815.5337548706663,817.5675048828125,37500,0.0,0.0
2013-12-17 00:00:00+09:00,871.1229430011963,871.1229430011963,834.5154418945312,834.5154418945312,17400,0.0,0.0
2013-12-18 00:00:00+09:00,854.8529425093452,854.8529425093452,820.2791914641615,834.5154418945312,12100,0.0,0.0
2013-12-19 00:00:00+09:00,829.7702097039473,841.2947959498356,829.7702097039473,837.227294921875,13500,0.0,0.0
2013-12-20 00:00:00+09:00,837.22710784664,844.006274711795,821.6350240567835,833.8375244140625,24000,0.0,0.0
2013-12-24 00:00:00+09:00,815.5339492662818,826.3806185832066,750.4539333647331,766.0460205078125,58200,0.0,0.0
2013-12-25 00:00:00+09:00,766.0458065183453,796.5520554504918,766.0458065183453,790.4508056640625,20700,0.0,0.0
2013-12-26 00:00:00+09:00,786.3833066389514,793.1624730754941,772.1470571222117,791.1287231445312,12500,0.0,0.0
2013-12-27 00:00:00+09:00,801.97545841762,806.7208753313337,796.5521248019471,797.2300415039062,5100,0.0,0.0
2013-12-30 00:00:00+09:00,791.8068519044178,822.9910258664069,791.8068519044178,820.957275390625,11600,0.0,0.0
2014-01-06 00:00:00+09:00,780.2821131589695,804.6871140918305,780.2821131589695,787.7391967773438,25200,0.0,0.0
2014-01-07 00:00:00+09:00,793.1625326917919,796.5521161648337,787.7391991349249,789.77294921875,9400,0.0,0.0
2014-01-08 00:00:00+09:00,813.5001090577412,813.5001090577412,793.1626063312976,801.297607421875,12300,0.0,0.0
2014-01-09 00:00:00+09:00,827.058379609706,827.058379609706,799.9417114257812,799.9417114257812,15400,0.0,0.0
2014-01-10 00:00:00+09:00,792.4845110800699,803.3311767578125,788.4170114509163,803.3311767578125,10800,0.0,0.0
2014-01-14 00:00:00+09:00,796.5520107092233,813.4999258306962,796.5520107092233,803.3311767578125,7900,0.0,0.0
2014-01-15 00:00:00+09:00,804.0091610034773,812.8220776080685,779.6041611753785,808.7545776367188,13300,0.0,0.0
2014-01-16 00:00:00+09:00,818.245535852919,821.6351196799816,810.1105346679686,810.1105346679688,6200,0.0,0.0
2014-01-17 00:00:00+09:00,810.1104887032216,823.6688232421876,804.0092381606868,823.6688232421875,9000,0.0,0.0
2014-01-20 00:00:00+09:00,831.1257959898163,837.9049623518866,823.668712991539,833.1595458984375,3800,0.0,0.0
2014-01-21 00:00:00+09:00,840.6165600525952,840.6165600525952,827.0582284388437,827.7361450195312,9400,0.0,0.0
2014-01-22 00:00:00+09:00,827.7362119693321,840.616628044203,827.7362119693321,832.4816284179688,6700,0.0,0.0
2014-01-23 00:00:00+09:00,833.8374625346445,838.5828789880936,826.3803795363672,833.1595458984375,10000,0.0,0.0
2014-01-24 00:00:00+09:00,829.0920988463103,833.1595989224165,826.3804321289061,826.3804321289062,8000,0.0,0.0
2014-01-27 00:00:00+09:00,799.941737798997,823.6688232421876,771.4692352671683,823.6688232421875,16900,0.0,0.0
2014-01-28 00:00:00+09:00,804.00921165337,820.2792125637249,790.4508775614075,799.9417114257812,8400,0.0,0.0
2014-01-29 00:00:00+09:00,812.8220701475401,812.8220701475401,801.2974870011614,802.6533203125,4000,0.0,0.0
2014-01-30 00:00:00+09:00,791.8066586790966,808.0766585149685,789.7729086996126,806.7208251953125,10000,0.0,0.0
2014-01-31 00:00:00+09:00,812.8220136369978,812.8220136369978,749.7757690429688,759.2666015625,7500,0.0,0.0
2014-02-03 00:00:00+09:00,730.7941854713348,752.4875193628772,712.4904350003459,727.4046020507812,12900,0.0,0.0
2014-02-04 00:00:00+09:00,664.3583672706118,664.3583672706118,614.1925313746676,637.24169921875,19100,0.0,0.0
2014-02-05 00:00:00+09:00,667.7479507770944,667.7479507770944,635.885865816157,637.24169921875,22500,0.0,0.0
2014-02-06 00:00:00+09:00,638.5974367751289,677.9165995489691,638.5974367751289,657.5791015625,4900,0.0,0.0
2014-02-07 00:00:00+09:00,665.71418036184,678.5945972934845,664.3583470006142,672.4933471679688,8700,0.0,0.0
2014-02-10 00:00:00+09:00,678.5946123404271,694.8646130359019,678.5946123404271,685.373779296875,14600,0.0,0.0
2014-02-12 00:00:00+09:00,698.9320793188359,710.4566625859749,698.9320793188359,708.4229125976562,5200,0.0,0.0
2014-02-13 00:00:00+09:00,710.4566707086789,721.3033374370557,710.4566707086789,715.2020874023438,3400,0.0,0.0
2014-02-14 00:00:00+09:00,728.7604837706596,728.7604837706596,665.7142279653839,715.8800659179688,9800,0.0,0.0
2014-02-17 00:00:00+09:00,711.1345117822548,711.1345117822548,688.7632640331466,703.6774291992188,1500,0.0,0.0
2014-02-18 00:00:00+09:00,721.3033495181074,725.370849609375,708.4229325624269,725.370849609375,2700,0.0,0.0
2014-02-19 00:00:00+09:00,732.150036119435,742.3187866210938,732.150036119435,742.3187866210938,3100,0.0,0.0
2014-02-20 00:00:00+09:00,745.0304534215361,746.3862868217573,739.6071198206514,742.3187866210938,2900,0.0,0.0
2014-02-21 00:00:00+09:00,742.3187562920621,827.7362570160801,742.3187562920621,768.07958984375,20600,0.0,0.0
2014-02-24 00:00:00+09:00,748.4201149164244,769.4355348099109,747.7421981456667,757.9109497070312,4800,0.0,0.0
2014-02-25 00:00:00+09:00,759.2666864809783,785.027520486583,759.2666864809783,779.6041870117188,4400,0.0,0.0
2014-02-26 00:00:00+09:00,779.60419646639,791.8066969328205,779.60419646639,787.7391967773438,3200,0.0,0.0
2014-02-27 00:00:00+09:00,801.9752863057026,808.7544518704169,779.6040399421454,806.0427856445312,6000,0.0,0.0
2014-02-28 00:00:00+09:00,806.0429052446182,806.0429052446182,785.0274888757509,804.0091552734375,5900,0.0,0.0
2014-03-03 00:00:00+09:00,770.1134807718211,793.8405686477134,757.2330616391938,786.3834838867188,10000,0.0,0.0
2014-03-04 00:00:00+09:00,785.7055311131178,812.1442849642062,785.7055311131178,810.1105346679688,6300,0.0,0.0
2014-03-05 00:00:00+09:00,749.098054557506,765.3680575524202,716.5580485676777,720.6255493164062,49900,0.0,0.0
2014-03-06 00:00:00+09:00,732.150029916772,742.3187803322828,726.0487796674656,736.8954467773438,7100,0.0,0.0
2014-03-07 00:00:00+09:00,744.3523578435723,753.8431893643466,724.0148617276278,745.7081909179688,10000,0.0,0.0
2014-03-10 00:00:00+09:00,745.7083062811213,745.7083062811213,735.539556650015,740.2849731445312,4100,0.0,0.0
2014-03-11 00:00:00+09:00,744.3526447658433,744.3526447658433,721.9813904149572,728.0826416015625,1800,0.0,0.0
2014-03-12 00:00:00+09:00,726.7266829731308,728.0825163368867,717.9137661087178,725.370849609375,4600,0.0,0.0
2014-03-13 00:00:00+09:00,725.3708970682702,725.3708970682702,701.6438116501492,713.1683959960938,5600,0.0,0.0
2014-03-14 00:00:00+09:00,700.965890012751,700.965890012751,630.4625509785865,654.1896362304688,36400,0.0,0.0
2014-03-17 00:00:00+09:00,657.579258042772,657.579258042772,632.496337890625,632.496337890625,6800,0.0,0.0
2014-03-18 00:00:00+09:00,654.867667455363,656.9014179754107,645.3768316951403,646.0547485351562,3200,0.0,0.0
2014-03-19 00:00:00+09:00,654.1896734933484,654.1896734933484,616.2263349279314,631.8184204101562,10600,0.0,0.0
2014-03-20 00:00:00+09:00,633.1741087789304,641.3091080351908,614.1924438476562,614.1924438476562,8900,0.0,0.0
2014-03-24 00:00:00+09:00,622.3275807643581,634.5300823479729,621.6496640097128,627.072998046875,3300,0.0,0.0
2014-03-25 00:00:00+09:00,637.2415518786795,637.2415518786795,618.9378051757812,618.9378051757812,7900,0.0,0.0
2014-03-26 00:00:00+09:00,627.7507202549546,630.4623864331617,618.9378051757812,618.9378051757812,5000,0.0,0.0
2014-03-27 00:00:00+09:00,621.6495995563009,629.1066830842392,618.937932818869,623.683349609375,3200,0.0,0.0
2014-03-28 00:00:00+09:00,620.2937677677179,637.2416849198413,620.2937677677179,625.0391845703125,7600,0.0,0.0
2014-03-31 00:00:00+09:00,625.0392556475778,635.2080070952065,625.0392556475778,634.5300903320312,7700,0.0,0.0
2014-04-01 00:00:00+09:00,633.8519978927353,653.5115785760395,633.8519978927353,639.9532470703125,3400,0.0,0.0
2014-04-02 00:00:00+09:00,645.3766471148791,647.4103970532663,641.9870638842337,644.69873046875,2000,0.0,0.0
2014-04-03 00:00:00+09:00,644.6987354434023,648.7662353515625,644.6987354434023,648.7662353515625,400,0.0,0.0
2014-04-04 00:00:00+09:00,648.08825950901,654.1895088140111,645.3765931512316,650.1220092773438,3700,0.0,0.0
2014-04-07 00:00:00+09:00,649.4442706709148,650.800104221376,645.3767700195312,645.3767700195312,2900,0.0,0.0
2014-04-08 00:00:00+09:00,641.9871861433782,649.4442706709148,639.9534358176865,645.3767700195312,2900,0.0,0.0
2014-04-09 00:00:00+09:00,638.5974697609191,638.5974697609191,635.2078865880904,635.8858032226562,1900,0.0,0.0
2014-04-10 00:00:00+09:00,636.5637825174534,640.6312827252327,636.5637825174534,637.24169921875,1800,0.0,0.0
2014-04-11 00:00:00+09:00,635.8859843697777,636.563901197464,627.7509824375418,633.8522338867188,3900,0.0,0.0
2014-04-14 00:00:00+09:00,627.0730656098555,633.8522338867188,627.0730656098555,633.8522338867188,2800,0.0,0.0
2014-04-15 00:00:00+09:00,633.8519978927353,639.9532470703125,627.0728321398718,639.9532470703125,1900,0.0,0.0
2014-04-16 00:00:00+09:00,639.9533722310126,644.0208724782436,633.8521218601661,642.6650390625,1300,0.0,0.0
2014-04-17 00:00:00+09:00,641.3091472381046,647.4103970532663,641.3091472381046,644.69873046875,1000,0.0,0.0
2014-04-18 00:00:00+09:00,650.7997995746073,650.7997995746073,644.0206349957051,647.4102172851562,2700,0.0,0.0
2014-04-21 00:00:00+09:00,639.9532470703125,644.0207465220305,637.9194973444535,639.9532470703125,2600,0.0,0.0
2014-04-22 00:00:00+09:00,639.2755054993135,639.2755054993135,631.8184211297562,632.496337890625,5300,0.0,0.0
2014-04-23 00:00:00+09:00,633.1742059126794,643.3429565429688,633.1742059126794,643.3429565429688,3000,0.0,0.0
2014-04-24 00:00:00+09:00,635.2080070952065,639.9534244374332,633.852173568856,634.5300903320312,3600,0.0,0.0
2014-04-25 00:00:00+09:00,631.7890625,637.2709632592191,626.9923993356833,631.7890625,3600,10.0,0.0
2014-04-28 00:00:00+09:00,631.7890625,633.1595376898048,631.7890625,631.7890625,1800,0.0,0.0
2014-04-30 00:00:00+09:00,627.6776935523548,632.4743571493706,627.6776935523548,631.1038818359375,2700,0.0,0.0
2014-05-01 00:00:00+09:00,626.9923263068298,633.1594639426346,622.1956637012038,629.7332763671875,3000,0.0,0.0
2014-05-02 00:00:00+09:00,630.4186556717585,645.493884394344,630.4186556717585,643.4381713867188,7800,0.0,0.0
2014-05-07 00:00:00+09:00,643.4381306528147,654.4019326660682,636.5857543945312,636.5857543945312,4800,0.0,0.0
2014-05-08 00:00:00+09:00,637.2709920203596,647.5495564077847,636.5857543945312,636.5857543945312,2300,0.0,0.0
2014-05-09 00:00:00+09:00,644.123368278643,644.123368278643,636.5857543945312,636.5857543945312,3100,0.0,0.0
2014-05-12 00:00:00+09:00,632.4742925144134,640.6971435546875,632.4742925144134,640.6971435546875,1900,0.0,0.0
2014-05-13 00:00:00+09:00,637.9562337239582,637.9562337239582,626.992431640625,626.992431640625,2100,0.0,0.0
2014-05-14 00:00:00+09:00,629.0481445312499,635.9005208333333,626.992431640625,626.992431640625,2000,0.0,0.0
2014-05-15 00:00:00+09:00,629.0481445312499,637.27099609375,628.3629069010416,637.27099609375,400,0.0,0.0
2014-05-16 00:00:00+09:00,630.4187209670607,637.2710983688767,630.4187209670607,633.8449096679688,2100,0.0,0.0
2014-05-19 00:00:00+09:00,633.8449096679688,633.8449096679688,630.4187209670607,633.8449096679688,2000,0.0,0.0
2014-05-20 00:00:00+09:00,628.3629150390625,629.0481526781455,628.3629150390625,628.3629150390625,700,0.0,0.0
2014-05-21 00:00:00+09:00,623.566263947039,624.2515015997282,620.1400756835938,620.1400756835938,2500,0.0,0.0
2014-05-22 00:00:00+09:00,622.8810058593749,626.992431640625,620.1400553385416,626.992431640625,4800,0.0,0.0
2014-05-23 00:00:00+09:00,626.9924276329344,636.5857543945312,622.1957642521361,636.5857543945312,1500,0.0,0.0
2014-05-26 00:00:00+09:00,630.4186562542275,633.1596069335938,629.733418584386,633.1596069335938,1800,0.0,0.0
2014-05-27 00:00:00+09:00,630.4185138822769,632.4742264275452,626.9923263068298,629.7332763671875,1700,0.0,0.0
2014-05-28 00:00:00+09:00,633.8447014577241,633.8447014577241,629.7332763671875,629.7332763671875,2800,0.0,0.0
2014-05-29 00:00:00+09:00,629.0481121203904,643.4381016133406,629.0481121203904,631.7890625,4800,0.0,0.0
2014-05-30 00:00:00+09:00,631.7890625,639.3266760439262,626.9923993356833,631.7890625,3100,0.0,0.0
2014-06-02 00:00:00+09:00,631.7890508680323,640.0119018554688,630.4185757034596,640.0119018554688,2000,0.0,0.0
2014-06-03 00:00:00+09:00,640.6971842447916,647.549560546875,637.27099609375,637.27099609375,5700,0.0,0.0
2014-06-04 00:00:00+09:00,637.2709515263233,640.0119018554688,635.2152387794641,640.0119018554688,7900,0.0,0.0
2014-06-05 00:00:00+09:00,638.6414225783763,639.32666015625,629.7333340660169,639.32666015625,9000,0.0,0.0
2014-06-06 00:00:00+09:00,636.5857952828015,637.271032952643,633.1596069335938,633.1596069335938,7600,0.0,0.0
2014-06-09 00:00:00+09:00,631.788984710095,635.9004097732843,626.3070846258425,629.0480346679688,7800,0.0,0.0
2014-06-10 00:00:00+09:00,629.7333497152929,634.5300128796096,629.7333497152929,631.7890625,6200,0.0,0.0
2014-06-11 00:00:00+09:00,631.789086966679,635.9005126953125,631.789086966679,635.9005126953125,2300,0.0,0.0
2014-06-12 00:00:00+09:00,635.9003864111381,637.9560988672085,635.2151489257812,635.2151489257812,3500,0.0,0.0
2014-06-13 00:00:00+09:00,628.3629028845911,639.3267048978447,628.3629028845911,636.5857543945312,3300,0.0,0.0
2014-06-16 00:00:00+09:00,633.1595219553859,640.6971353119976,633.1595219553859,639.32666015625,2700,0.0,0.0
2014-06-17 00:00:00+09:00,633.8447636148915,640.6971394377551,633.8447636148915,640.0119018554688,800,0.0,0.0
2014-06-18 00:00:00+09:00,640.0119018554688,640.0119018554688,639.3266642731824,640.0119018554688,1800,0.0,0.0
2014-06-19 00:00:00+09:00,639.3266642731824,642.0676146023278,631.1038132857459,640.0119018554688,8300,0.0,0.0
2014-06-20 00:00:00+09:00,640.0119018554688,644.123327349187,636.5857139440369,640.0119018554688,7300,0.0,0.0
2014-06-23 00:00:00+09:00,642.7529986442403,647.5496628132272,642.7529986442403,644.1234741210938,1500,0.0,0.0
2014-06-24 00:00:00+09:00,645.4939495979471,648.2349005516539,644.1234741210938,644.1234741210938,3400,0.0,0.0
2014-06-25 00:00:00+09:00,644.1234741210938,644.8087118595204,644.1234741210938,644.1234741210938,2000,0.0,0.0
2014-06-26 00:00:00+09:00,646.8643718484608,646.8643718484608,645.493896484375,645.493896484375,800,0.0,0.0
2014-06-27 00:00:00+09:00,645.4937535696122,647.5494661605982,642.0675659179688,642.0675659179688,7200,0.0,0.0
2014-06-30 00:00:00+09:00,642.0675825226446,646.1790078109433,642.0675825226446,644.8085327148438,800,0.0,0.0
2014-07-01 00:00:00+09:00,642.7529457562035,653.7167486688893,642.7529457562035,645.493896484375,1200,0.0,0.0
2014-07-02 00:00:00+09:00,644.8086100260416,650.9757486979166,644.8086100260416,647.549560546875,2900,0.0,0.0
2014-07-03 00:00:00+09:00,652.3462239583333,653.7166992187499,647.549560546875,647.549560546875,1700,0.0,0.0
2014-07-04 00:00:00+09:00,649.6053288829889,668.1067464777576,648.2348535055987,667.4215087890625,5500,0.0,0.0
2014-07-07 00:00:00+09:00,698.9425340251978,728.407758498809,692.7753940190931,714.7030029296875,32000,0.0,0.0
2014-07-08 00:00:00+09:00,714.7029199533927,714.7029199533927,678.3853219116575,690.0343627929688,12800,0.0,0.0
2014-07-09 00:00:00+09:00,704.4243215383351,704.4243215383351,671.5329135287631,684.5524291992188,5300,0.0,0.0
2014-07-10 00:00:00+09:00,687.293318213486,691.4047438458698,674.2738037109375,674.2738037109375,2700,0.0,0.0
2014-07-11 00:00:00+09:00,668.1067251944327,684.5524291992188,659.1986355251736,684.5524291992188,3000,0.0,0.0
2014-07-14 00:00:00+09:00,666.0509157151442,672.2180538236179,664.6804405799279,668.1066284179688,4000,0.0,0.0
2014-07-15 00:00:00+09:00,669.4772511357846,670.1624888544497,660.5691607931386,661.9396362304688,2300,0.0,0.0
2014-07-16 00:00:00+09:00,661.9395668411644,670.84765625,658.5133786069969,670.84765625,3300,0.0,0.0
2014-07-17 00:00:00+09:00,669.4771035531851,677.6999543644832,667.4213908503606,668.1066284179688,4800,0.0,0.0
2014-07-18 00:00:00+09:00,664.6805379609698,664.6805379609698,653.7167352729538,663.9953002929688,4800,0.0,0.0
2014-07-22 00:00:00+09:00,663.9952396299781,674.9590413163347,663.9952396299781,674.2738037109375,4900,0.0,0.0
2014-07-23 00:00:00+09:00,680.4410892370975,680.4410892370975,678.3853759765625,678.3853759765625,700,0.0,0.0
2014-07-24 00:00:00+09:00,678.3853759765625,685.2377535116792,678.3853759765625,678.3853759765625,900,0.0,0.0
2014-07-25 00:00:00+09:00,679.0705238602205,683.8671875,679.0705238602205,683.8671875,4500,0.0,0.0
2014-07-28 00:00:00+09:00,678.3852498331254,678.3852498331254,674.2738240765609,677.7000122070312,1200,0.0,0.0
2014-07-29 00:00:00+09:00,677.7000652031091,681.8114912811867,674.9591144843909,676.32958984375,900,0.0,0.0
2014-07-30 00:00:00+09:00,676.3296883959289,676.3296883959289,672.21826171875,672.21826171875,600,0.0,0.0
2014-07-31 00:00:00+09:00,672.2181557592402,676.3295817883487,665.3657790440593,674.9591064453125,3100,0.0,0.0
2014-08-01 00:00:00+09:00,664.6804930621248,666.0509683055519,654.4019287364218,656.4576416015625,4000,0.0,0.0
2014-08-04 00:00:00+09:00,656.4576416015625,656.4576416015625,648.9200277627136,656.4576416015625,1500,0.0,0.0
2014-08-05 00:00:00+09:00,652.3461831825658,652.3461831825658,649.6052328330592,650.9757080078125,3100,0.0,0.0
2014-08-06 00:00:00+09:00,650.9756706472917,650.9756706472917,644.8085327148438,644.8085327148438,400,0.0,0.0
2014-08-07 00:00:00+09:00,644.8087118595204,649.6053760285073,644.1234741210938,644.1234741210938,400,0.0,0.0
2014-08-08 00:00:00+09:00,654.4019041942948,654.4019041942948,637.2709642939207,652.34619140625,11500,0.0,0.0
2014-08-11 00:00:00+09:00,652.3461457433913,657.8280461277895,644.1232951667939,644.8085327148438,1900,0.0,0.0
2014-08-12 00:00:00+09:00,643.4382380305109,643.4382380305109,617.3992039036106,633.8449096679688,11800,0.0,0.0
2014-08-13 00:00:00+09:00,634.5300455729166,637.27099609375,626.3071940104167,637.27099609375,2600,0.0,0.0
2014-08-14 00:00:00+09:00,637.27099609375,637.27099609375,633.8448079427083,637.27099609375,1200,0.0,0.0
2014-08-15 00:00:00+09:00,634.5300701195201,640.697209029969,630.4186441792209,631.1038818359375,3600,0.0,0.0
2014-08-18 00:00:00+09:00,631.1040233504953,640.0121148853013,630.4187855401256,634.5302124023438,1600,0.0,0.0
2014-08-19 00:00:00+09:00,630.4186278249061,641.382430047948,630.4186278249061,638.6414794921875,5600,0.0,0.0
2014-08-20 00:00:00+09:00,643.4380409786261,645.4937535696122,640.0118533269828,642.0675659179688,2800,0.0,0.0
2014-08-21 00:00:00+09:00,647.549648028495,662.6248779296875,647.549648028495,662.6248779296875,2900,0.0,0.0
2014-08-22 00:00:00+09:00,662.6248081839863,683.8671753543106,662.6248081839863,681.8114624023438,14400,0.0,0.0
2014-08-25 00:00:00+09:00,681.8112853879599,681.8112853879599,657.8279738416497,672.9031982421875,3200,0.0,0.0
2014-08-26 00:00:00+09:00,662.6247476370223,670.162361105489,660.5690348728951,661.2542724609375,700,0.0,0.0
2014-08-27 00:00:00+09:00,661.9394768502646,661.9394768502646,655.7723388671875,655.7723388671875,800,0.0,0.0
2014-08-28 00:00:00+09:00,623.5661387313826,633.8447014577241,622.8809012162932,629.7332763671875,18500,0.0,0.0
2014-08-29 00:00:00+09:00,625.6220504827961,626.9925259493521,618.0844354167383,622.1958618164062,12200,0.0,0.0
2014-09-01 00:00:00+09:00,621.5104659934012,626.30712890625,620.8252284344228,626.30712890625,3100,0.0,0.0
2014-09-02 00:00:00+09:00,633.8448079427083,637.27099609375,622.1957682291667,637.27099609375,7500,0.0,0.0
2014-09-03 00:00:00+09:00,637.27099609375,637.27099609375,626.992431640625,637.27099609375,3500,0.0,0.0
2014-09-04 00:00:00+09:00,628.3629028845911,636.5857543945312,626.9924276329344,636.5857543945312,1400,0.0,0.0
2014-09-05 00:00:00+09:00,638.6414307946189,641.382381141377,634.5300052744819,640.6971435546875,4200,0.0,0.0
2014-09-08 00:00:00+09:00,642.752848045619,643.4380856234928,637.9561850005024,639.32666015625,3600,0.0,0.0
2014-09-09 00:00:00+09:00,639.3267171311277,642.7529053258282,638.6414794921875,638.6414794921875,1000,0.0,0.0
2014-09-10 00:00:00+09:00,638.6414672720164,638.6414672720164,636.5857543945312,636.5857543945312,1200,0.0,0.0
2014-09-11 00:00:00+09:00,636.5857503167514,636.5857503167514,635.2152750738736,635.9005126953125,1900,0.0,0.0
2014-09-12 00:00:00+09:00,644.1233641525795,644.1233641525795,635.9005126953125,635.9005126953125,2400,0.0,0.0
2014-09-16 00:00:00+09:00,635.9006228885135,635.9006228885135,633.8449096679688,633.8449096679688,3900,0.0,0.0
2014-09-17 00:00:00+09:00,634.5302124023438,635.9006880230831,630.4187855401256,634.5302124023438,2300,0.0,0.0
2014-09-18 00:00:00+09:00,635.9005126953125,635.9005126953125,635.2152750738736,635.9005126953125,1600,0.0,0.0
2014-09-19 00:00:00+09:00,635.9004281450107,646.8642286302695,635.215190614682,642.0675659179688,2700,0.0,0.0
2014-09-22 00:00:00+09:00,642.0676512882627,647.549552259774,626.9924236166066,635.9005126953125,12100,0.0,0.0
2014-09-24 00:00:00+09:00,633.8448446034353,634.5300822732769,631.7891315939106,633.1596069335938,5900,0.0,0.0
2014-09-25 00:00:00+09:00,635.215283203125,637.27099609375,633.1595703124999,637.27099609375,3800,0.0,0.0
2014-09-26 00:00:00+09:00,637.2709196862961,645.4937702628935,637.2709196862961,644.8085327148438,4500,0.0,0.0
2014-09-29 00:00:00+09:00,645.4938108004056,645.4938108004056,641.3823852539062,641.3823852539062,800,0.0,0.0
2014-09-30 00:00:00+09:00,644.8086182426485,645.4938558815886,638.6414794921875,638.6414794921875,2200,0.0,0.0
2014-10-01 00:00:00+09:00,637.2710323638429,647.5495974019694,637.2710323638429,643.4381713867188,7500,0.0,0.0
2014-10-02 00:00:00+09:00,650.9756989801045,650.9756989801045,639.32666015625,639.32666015625,5900,0.0,0.0
2014-10-03 00:00:00+09:00,644.8085732093224,644.8085732093224,640.697147662823,641.3823852539062,500,0.0,0.0
2014-10-06 00:00:00+09:00,642.0675659179688,642.0675659179688,642.0675659179688,642.0675659179688,300,0.0,0.0
2014-10-07 00:00:00+09:00,644.1234090559273,644.1234090559273,642.067696048302,643.4381713867188,800,0.0,0.0
2014-10-08 00:00:00+09:00,641.3823283876401,642.0675659179688,641.3823283876401,642.0675659179688,2200,0.0,0.0
2014-10-09 00:00:00+09:00,641.382381141377,642.0676187280665,640.6971435546875,640.6971435546875,3200,0.0,0.0
2014-10-10 00:00:00+09:00,637.271032952643,637.271032952643,632.4743692637521,633.1596069335938,5800,0.0,0.0
2014-10-14 00:00:00+09:00,624.2514687222382,626.9924191886365,614.6581420898438,614.6581420898438,12300,0.0,0.0
2014-10-15 00:00:00+09:00,616.7139599501824,622.1958618164062,616.7139599501824,622.1958618164062,2100,0.0,0.0
2014-10-16 00:00:00+09:00,612.6025335505145,622.1958618164062,611.9172958172365,622.1958618164062,4500,0.0,0.0
2014-10-17 00:00:00+09:00,623.5663372829622,624.9368127495181,620.8253863498503,622.1958618164062,5400,0.0,0.0
2014-10-20 00:00:00+09:00,622.1956387339129,625.621826171875,622.1956387339129,625.621826171875,1600,0.0,0.0
2014-10-21 00:00:00+09:00,620.8252727131267,625.6219359680846,620.8252727131267,623.5662231445312,900,0.0,0.0
2014-10-22 00:00:00+09:00,624.251509728479,631.7891240062104,620.8253214204193,621.5105590820312,10000,0.0,0.0
2014-10-23 00:00:00+09:00,621.5104012463205,625.621826171875,621.5104012463205,625.621826171875,1500,0.0,0.0
2014-10-24 00:00:00+09:00,625.621826171875,625.621826171875,625.621826171875,625.621826171875,0,0.0,0.0
2014-10-27 00:00:00+09:00,626.992431640625,626.992431640625,625.6219563802083,626.992431640625,1300,0.0,0.0
2014-10-28 00:00:00+09:00,633.1595662653896,636.5857543945312,620.8252890004794,636.5857543945312,8400,0.0,0.0
2014-10-29 00:00:00+09:00,628.2554001104637,644.2221119364755,628.2554001104637,635.1974487304688,4000,12.0,0.0
2014-10-30 00:00:00+09:00,629.6436675958023,631.7262817113342,628.949462890625,628.949462890625,900,0.0,0.0
2014-10-31 00:00:00+09:00,631.7262605856394,637.2798980413373,631.7262605856394,636.585693359375,1200,0.0,0.0
2014-11-04 00:00:00+09:00,642.1391788552622,644.2217924083063,637.973951749174,643.527587890625,2100,0.0,0.0
2014-11-05 00:00:00+09:00,642.8335999327821,642.8335999327821,641.4451904296875,641.4451904296875,1600,0.0,0.0
2014-11-06 00:00:00+09:00,641.4451904296875,641.4451904296875,641.4451904296875,641.4451904296875,1100,0.0,0.0
2014-11-07 00:00:00+09:00,639.3624877929688,639.3624877929688,638.6682831373846,639.3624877929688,600,0.0,0.0
2014-11-10 00:00:00+09:00,643.5276022557323,643.5276022557323,640.0565795898438,640.0565795898438,400,0.0,0.0
2014-11-11 00:00:00+09:00,635.8916645153372,640.7510986328125,635.8916645153372,640.7510986328125,800,0.0,0.0
2014-11-12 00:00:00+09:00,640.7509430129378,642.8335571289062,640.7509430129378,642.8335571289062,300,0.0,0.0
2014-11-13 00:00:00+09:00,641.4451477182606,642.8335571289062,641.4451477182606,642.8335571289062,900,0.0,0.0
2014-11-14 00:00:00+09:00,638.6683349609375,638.6683349609375,638.6683349609375,638.6683349609375,4900,0.0,0.0
2014-11-17 00:00:00+09:00,640.7509490966797,640.7509490966797,638.6683349609375,638.6683349609375,300,0.0,0.0
2014-11-18 00:00:00+09:00,638.6683041080014,638.6683041080014,628.2552339323274,631.7262573242188,7000,0.0,0.0
2014-11-19 00:00:00+09:00,631.7262573242188,631.7262573242188,631.7262573242188,631.7262573242188,2000,0.0,0.0
2014-11-20 00:00:00+09:00,631.7264154546892,634.5032348632812,629.6438008982451,634.5032348632812,1100,0.0,0.0
2014-11-21 00:00:00+09:00,634.5032547674871,640.7510986328125,634.5032547674871,640.7510986328125,5500,0.0,0.0
2014-11-25 00:00:00+09:00,634.5032099971065,637.280029296875,634.5032099971065,637.280029296875,300,0.0,0.0
2014-11-26 00:00:00+09:00,640.7510012023727,640.7510012023727,637.2799773605396,637.9741821289062,500,0.0,0.0
2014-11-27 00:00:00+09:00,631.0320081556166,642.1392822265625,631.0320081556166,642.1392822265625,1600,0.0,0.0
2014-11-28 00:00:00+09:00,641.4450720306627,646.9987090179411,641.4450720306627,646.3045043945312,4500,0.0,0.0
2014-12-01 00:00:00+09:00,649.0813265477162,655.32916819363,649.0813265477162,651.1639404296875,3300,0.0,0.0
2014-12-02 00:00:00+09:00,652.5524600449429,652.5524600449429,645.6104125976562,645.6104125976562,1100,0.0,0.0
2014-12-03 00:00:00+09:00,645.6104308034218,647.6930450963359,638.6683831603742,646.9988403320312,3600,0.0,0.0
2014-12-04 00:00:00+09:00,647.6930233903805,655.3292755418213,647.6930233903805,654.6350708007812,3100,0.0,0.0
2014-12-05 00:00:00+09:00,655.3293907237883,659.4946199021174,654.6351858607334,658.8004150390625,4300,0.0,0.0
2014-12-08 00:00:00+09:00,666.4365844726562,666.4365844726562,663.6597653706868,666.4365844726562,5900,0.0,0.0
2014-12-09 00:00:00+09:00,665.7424158753201,669.2134399414062,663.6598014356684,669.2134399414062,6800,0.0,0.0
2014-12-10 00:00:00+09:00,660.1887841549017,683.791748046875,659.4945793345495,683.791748046875,8500,0.0,0.0
2014-12-11 00:00:00+09:00,685.1801576875794,685.1801576875794,659.4945793345495,683.791748046875,13400,0.0,0.0
2014-12-12 00:00:00+09:00,685.1801134109497,685.1801134109497,666.4365844726562,666.4365844726562,3500,0.0,0.0
2014-12-15 00:00:00+09:00,666.4365844726562,666.4365844726562,666.4365844726562,666.4365844726562,300,0.0,0.0
2014-12-16 00:00:00+09:00,662.965447226189,662.965447226189,642.8335121795299,653.24658203125,3200,0.0,0.0
2014-12-17 00:00:00+09:00,653.2465878410135,656.023406492835,649.0813598632812,649.0813598632812,1200,0.0,0.0
2014-12-18 00:00:00+09:00,656.7176885133149,656.7176885133149,644.2220031081989,645.6104125976562,4800,0.0,0.0
2014-12-19 00:00:00+09:00,649.0814419116005,656.0234894186764,643.5278039059397,655.3292846679688,3000,0.0,0.0
2014-12-22 00:00:00+09:00,655.3292388428514,656.0234435450154,650.4698059277032,651.8582153320312,6800,0.0,0.0
2014-12-24 00:00:00+09:00,646.9988220871136,647.6930268318423,642.8335936187416,645.6104125976562,6500,0.0,0.0
2014-12-25 00:00:00+09:00,645.6102812636656,650.4697134882308,638.6682352285724,644.9160766601562,11500,0.0,0.0
2014-12-26 00:00:00+09:00,645.6103365485043,657.4118158187458,645.6103365485043,649.0813598632812,3400,0.0,0.0
2014-12-29 00:00:00+09:00,651.1640794118246,666.4365844726562,651.1640794118246,666.4365844726562,4600,0.0,0.0
2014-12-30 00:00:00+09:00,665.7422263055098,666.4364309210526,659.494384765625,659.494384765625,7200,0.0,0.0
2015-01-05 00:00:00+09:00,672.6845002607865,672.6845002607865,650.469945040616,671.9902954101562,3500,0.0,0.0
2015-01-06 00:00:00+09:00,669.2133761000359,671.9901950880029,660.1887143891433,664.3539428710938,2100,0.0,0.0
2015-01-07 00:00:00+09:00,660.1886932759345,660.1886932759345,653.9408507528184,658.1060791015625,3800,0.0,0.0
2015-01-08 00:00:00+09:00,660.188622801961,669.9074879115586,654.6349855964766,657.4118041992188,3800,0.0,0.0
2015-01-09 00:00:00+09:00,761.5426025390625,761.5426025390625,761.5426025390625,761.5426025390625,11600,0.0,0.0
2015-01-13 00:00:00+09:00,948.9780077952936,958.0026706346051,823.3269328787259,886.4995727539062,220100,0.0,0.0
2015-01-14 00:00:00+09:00,833.7399040986448,844.8471800899673,765.0136339023369,790.0050048828125,56100,0.0,0.0
2015-01-15 00:00:00+09:00,769.1789105710731,810.1369933541898,765.013681813468,784.451416015625,33600,0.0,0.0
2015-01-16 00:00:00+09:00,766.4019541638962,783.7570708795641,763.6251354893893,783.0628662109375,18200,0.0,0.0
2015-01-19 00:00:00+09:00,783.0628662109375,790.6991175658313,761.5425214835092,783.0628662109375,14700,0.0,0.0
2015-01-20 00:00:00+09:00,777.5093513257575,801.8065185546875,774.7325322138798,801.8065185546875,14900,0.0,0.0
2015-01-21 00:00:00+09:00,822.6326145269932,824.0210240029882,801.1122676490719,812.2195434570312,9400,0.0,0.0
2015-01-22 00:00:00+09:00,812.913633822152,815.6904523834573,793.4759038930142,799.029541015625,14700,0.0,0.0
2015-01-23 00:00:00+09:00,799.7238127729257,810.1368832517398,787.9223328969364,794.8643798828125,6200,0.0,0.0
2015-01-26 00:00:00+09:00,797.6412912242739,797.6412912242739,787.2282195372729,787.9224243164062,3600,0.0,0.0
2015-01-27 00:00:00+09:00,784.4513059558084,784.4513059558084,764.3193697852611,776.120849609375,7600,0.0,0.0
2015-01-28 00:00:00+09:00,773.3440184447143,783.7570887110255,770.5671997070312,770.5671997070312,7000,0.0,0.0
2015-01-29 00:00:00+09:00,768.4846008024604,775.4266477835124,765.0135773119343,767.09619140625,5600,0.0,0.0
2015-01-30 00:00:00+09:00,770.5672332303336,782.3687133789062,767.7904143718458,782.3687133789062,3100,0.0,0.0
2015-02-02 00:00:00+09:00,780.2861299711141,780.2861299711141,771.2614683255406,775.4266967773438,3500,0.0,0.0
2015-02-03 00:00:00+09:00,774.0382537841797,774.0382537841797,731.6917663574219,749.7410888671875,8200,0.0,0.0
2015-02-04 00:00:00+09:00,749.7411487926136,763.625244140625,739.328077281605,763.625244140625,6600,0.0,0.0
2015-02-05 00:00:00+09:00,761.5426298384233,770.5672918146306,746.9643297230114,763.625244140625,3600,0.0,0.0
2015-02-06 00:00:00+09:00,767.7904021633658,768.4846068669493,753.9063080916956,762.9309692382812,7300,0.0,0.0
2015-02-09 00:00:00+09:00,763.6251922524268,767.7904205738037,763.6251922524268,764.3193969726562,3200,0.0,0.0
2015-02-10 00:00:00+09:00,767.0961026228058,767.0961026228058,763.6250795340148,765.0134887695312,1700,0.0,0.0
2015-02-12 00:00:00+09:00,772.6498566224686,772.6498566224686,767.0962188390188,769.1788330078125,2500,0.0,0.0
2015-02-13 00:00:00+09:00,767.7903897209412,770.5672084902756,753.9062958742696,757.3773193359375,4000,0.0,0.0
2015-02-16 00:00:00+09:00,764.3192524333576,769.8728891449534,753.9061835991157,758.0714111328125,6200,0.0,0.0
2015-02-17 00:00:00+09:00,762.9309416722207,762.9309416722207,760.8483276367188,760.8483276367188,1000,0.0,0.0
2015-02-18 00:00:00+09:00,762.2365960325141,763.6250051327554,758.7655732819106,759.4597778320312,5100,0.0,0.0
2015-02-19 00:00:00+09:00,759.4600516056669,766.402099609375,757.3774372045544,766.402099609375,8800,0.0,0.0
2015-02-20 00:00:00+09:00,767.7904204097207,797.641223373209,767.7904204097207,778.2034912109375,24200,0.0,0.0
2015-02-23 00:00:00+09:00,786.533947851911,786.533947851911,778.2034912109375,778.2034912109375,2100,0.0,0.0
2015-02-24 00:00:00+09:00,777.5093110032453,777.5093110032453,761.5426019380001,775.4266967773438,4300,0.0,0.0
2015-02-25 00:00:00+09:00,796.2528455238103,796.2528455238103,770.5672698617518,771.261474609375,10000,0.0,0.0
2015-02-26 00:00:00+09:00,784.4513369122998,784.4513369122998,767.0962188390188,769.1788330078125,1500,0.0,0.0
2015-02-27 00:00:00+09:00,774.7323644813001,787.922252407057,770.5671367152717,779.591796875,5200,0.0,0.0
2015-03-02 00:00:00+09:00,783.0630064297567,786.5340303944276,777.5093680862833,784.451416015625,14100,0.0,0.0
2015-03-03 00:00:00+09:00,789.31085041544,814.9964277816416,788.6166456217588,803.1949462890625,24500,0.0,0.0
2015-03-04 00:00:00+09:00,810.1370096028645,810.1370096028645,769.1789259982638,780.9804077148438,25900,0.0,0.0
2015-03-05 00:00:00+09:00,780.9801650561874,780.9801650561874,767.0960732329663,771.9555053710938,10500,0.0,0.0
2015-03-06 00:00:00+09:00,771.9556305504357,777.509268180295,768.4846070317736,776.8150634765625,4300,0.0,0.0
2015-03-09 00:00:00+09:00,771.9556610685302,777.5092989179441,769.873046875,769.873046875,2600,0.0,0.0
2015-03-10 00:00:00+09:00,776.8150849600561,776.8150849600561,769.1788330078125,769.1788330078125,5000,0.0,0.0
2015-03-11 00:00:00+09:00,768.4846008024604,769.1788055005655,763.625167915724,767.09619140625,2800,0.0,0.0
2015-03-12 00:00:00+09:00,767.096126813489,767.096126813489,760.848285056637,762.2366943359375,6500,0.0,0.0
2015-03-13 00:00:00+09:00,767.096126813489,770.5671500117401,762.2366943359375,762.2366943359375,4600,0.0,0.0
2015-03-16 00:00:00+09:00,770.5672698617518,771.261474609375,762.2368128902734,771.261474609375,1400,0.0,0.0
2015-03-17 00:00:00+09:00,783.757116655348,783.757116655348,772.6498413085938,772.6498413085938,2600,0.0,0.0
2015-03-18 00:00:00+09:00,773.34417048863,777.5093994140625,773.34417048863,777.5093994140625,3200,0.0,0.0
2015-03-19 00:00:00+09:00,787.9224878148647,787.9224878148647,774.0383911132812,774.0383911132812,2700,0.0,0.0
2015-03-20 00:00:00+09:00,775.4266034042627,798.3353571306195,774.7323987458882,791.393310546875,7400,0.0,0.0
2015-03-23 00:00:00+09:00,791.3934798177083,794.1702990451389,780.9804077148438,780.9804077148438,5000,0.0,0.0
2015-03-24 00:00:00+09:00,790.0049012301262,805.277403714364,780.9802406712582,791.393310546875,6500,0.0,0.0
2015-03-25 00:00:00+09:00,784.4514144234035,798.3355102539064,783.0630048403533,798.3355102539062,2000,0.0,0.0
2015-03-26 00:00:00+09:00,798.3353849262494,798.3353849262494,793.4759521484374,793.4759521484375,3100,0.0,0.0
2015-03-27 00:00:00+09:00,794.1701620458588,853.8717651367188,794.1701620458588,853.8717651367188,23300,0.0,0.0
2015-03-30 00:00:00+09:00,846.9297182656885,853.8717651367188,833.0456245236281,853.8717651367188,14500,0.0,0.0
2015-03-31 00:00:00+09:00,853.1776615927007,853.1776615927007,827.4920851248976,847.6240234375,6700,0.0,0.0
2015-04-01 00:00:00+09:00,846.9298222925414,846.9298222925414,786.53400709627,805.9717407226562,10000,0.0,0.0
2015-04-02 00:00:00+09:00,810.8311832710305,817.0790262928107,799.7239067878656,806.6659545898438,3900,0.0,0.0
2015-04-03 00:00:00+09:00,822.6325867169926,822.6325867169926,806.6658782828232,810.1369018554688,3900,0.0,0.0
2015-04-06 00:00:00+09:00,812.2195434570312,821.9384097889957,812.2195434570312,812.2195434570312,3000,0.0,0.0
2015-04-07 00:00:00+09:00,810.1369292430389,822.6326145269932,810.1369292430389,812.2195434570312,4700,0.0,0.0
2015-04-08 00:00:00+09:00,812.2195653117249,812.2195653117249,803.1949034749279,804.5833129882812,4800,0.0,0.0
2015-04-09 00:00:00+09:00,812.2194513781317,812.2194513781317,803.8889954665611,805.2774047851562,6000,0.0,0.0
2015-04-10 00:00:00+09:00,812.2196060844091,812.2196060844091,797.6413054623812,798.3355102539062,6200,0.0,0.0
2015-04-13 00:00:00+09:00,802.5007390030571,802.5007390030571,798.3355102539064,798.3355102539062,1200,0.0,0.0
2015-04-14 00:00:00+09:00,798.3353849262494,799.0295896087939,792.0875427833483,793.4759521484375,8800,0.0,0.0
2015-04-15 00:00:00+09:00,799.7239198369566,801.806534211532,798.3355102539064,798.3355102539062,1200,0.0,0.0
2015-04-16 00:00:00+09:00,798.3355102539064,813.6080156674593,798.3355102539064,798.3355102539062,4400,0.0,0.0
2015-04-17 00:00:00+09:00,799.0296785843933,805.2775214230203,795.5586547851562,795.5586547851562,6500,0.0,0.0
2015-04-20 00:00:00+09:00,794.8644862962806,798.3355102539064,792.0876671301801,798.3355102539062,1600,0.0,0.0
2015-04-21 00:00:00+09:00,805.2775581691577,805.2775581691577,798.3355102539064,798.3355102539062,1400,0.0,0.0
2015-04-22 00:00:00+09:00,799.7239423287972,803.1949663840437,790.6992797851562,790.6992797851562,15400,0.0,0.0
2015-04-23 00:00:00+09:00,798.3354856071275,804.5833285379658,798.3354856071275,801.1123046875,3200,0.0,0.0
2015-04-24 00:00:00+09:00,801.8064545422066,801.8064545422066,796.947021484375,796.947021484375,7700,0.0,0.0
2015-04-27 00:00:00+09:00,795.5440669507052,795.5440669507052,778.0056175029383,792.7379150390625,4800,12.0,0.0
2015-04-28 00:00:00+09:00,787.1255488255068,787.1255488255068,783.617859213985,785.0209350585938,3300,0.0,0.0
2015-04-30 00:00:00+09:00,789.2301625924199,791.3347763593331,785.0209350585938,785.0209350585938,2300,0.0,0.0
2015-05-01 00:00:00+09:00,778.7070937578543,797.6486176600724,778.7070937578543,785.0209350585938,2300,0.0,0.0
2015-05-07 00:00:00+09:00,779.4086302061339,784.3193956529772,776.6024785222234,778.7070922851562,2400,0.0,0.0
2015-05-08 00:00:00+09:00,778.707092778702,792.7378512071471,778.707092778702,780.8117065429688,1100,0.0,0.0
2015-05-11 00:00:00+09:00,782.2146614634287,792.737728658004,782.2146614634287,784.3192749023438,1700,0.0,0.0
2015-05-12 00:00:00+09:00,785.021056909946,785.7225949411435,782.2149047851562,782.2149047851562,2100,0.0,0.0
2015-05-13 00:00:00+09:00,782.2147833693762,785.0209350585938,781.5132454470719,785.0209350585938,1200,0.0,0.0
2015-05-14 00:00:00+09:00,784.3194591971601,792.036376953125,784.3194591971601,792.036376953125,1500,0.0,0.0
2015-05-15 00:00:00+09:00,792.036376953125,794.842528864385,792.036376953125,792.036376953125,800,0.0,0.0
2015-05-18 00:00:00+09:00,803.2606811523438,803.2606811523438,803.2606811523438,803.2606811523438,100,0.0,0.0
2015-05-19 00:00:00+09:00,803.2608013454766,803.2608013454766,794.8423475322488,798.3500366210938,2400,0.0,0.0
2015-05-20 00:00:00+09:00,799.0516978957891,803.9624633789062,799.0516978957891,803.9624633789062,2700,0.0,0.0
2015-05-21 00:00:00+09:00,805.365478515625,807.4700921354394,805.365478515625,805.365478515625,2800,0.0,0.0
2015-05-22 00:00:00+09:00,805.3655405028027,809.5747680664061,805.3655405028027,809.5747680664062,3500,0.0,0.0
2015-05-25 00:00:00+09:00,809.5747080844882,813.7839353362273,809.5747080844882,813.0823974609375,2700,0.0,0.0
2015-05-26 00:00:00+09:00,792.7376154603917,803.9622188651406,792.7376154603917,803.2606811523438,6600,0.0,0.0
2015-05-27 00:00:00+09:00,793.4393346700103,805.365478515625,793.4393346700103,805.365478515625,1800,0.0,0.0
2015-05-28 00:00:00+09:00,833.4270587300144,834.8301345864623,814.4855346679688,814.4855346679688,9000,0.0,0.0
2015-05-29 00:00:00+09:00,807.4701544427253,810.9778440797484,807.4701544427253,810.2763061523438,400,0.0,0.0
2015-06-01 00:00:00+09:00,811.6792636447483,820.7992553710938,807.4700366941273,820.7992553710938,5700,0.0,0.0
2015-06-02 00:00:00+09:00,821.5008553233044,831.3223856175199,819.3962416888297,824.3070068359375,11200,0.0,0.0
2015-06-03 00:00:00+09:00,855.1746198194649,860.7869224926033,843.950014473188,850.2638549804688,29100,0.0,0.0
2015-06-04 00:00:00+09:00,824.306834367301,845.3529663085938,808.1714665456432,845.3529663085938,12700,0.0,0.0
2015-06-05 00:00:00+09:00,824.3069444966112,825.0084823217147,811.6792636447483,820.7992553710938,7400,0.0,0.0
2015-06-08 00:00:00+09:00,820.799327747746,860.7869873046875,820.799327747746,860.7869873046875,22300,0.0,0.0
2015-06-09 00:00:00+09:00,755.5564575761501,767.4826040745666,740.1226209311405,756.2579956054688,55600,0.0,0.0
2015-06-10 00:00:00+09:00,756.2578730241643,757.6609488553779,754.1532592773438,754.1532592773438,16700,0.0,0.0
2015-06-11 00:00:00+09:00,757.6610102883946,757.6610102883946,742.227174893631,754.8548583984375,6300,0.0,0.0
2015-06-12 00:00:00+09:00,757.6610712069217,757.6610712069217,750.6456909179688,750.6456909179688,5000,0.0,0.0
2015-06-15 00:00:00+09:00,750.6456301105557,754.8548579429513,750.6456301105557,752.0487060546875,3000,0.0,0.0
2015-06-16 00:00:00+09:00,756.9594723159053,756.9594723159053,749.2425546185235,754.8548583984375,3300,0.0,0.0
2015-06-17 00:00:00+09:00,754.8549190913405,754.8549190913405,744.3318486579111,750.6456909179688,7200,0.0,0.0
2015-06-18 00:00:00+09:00,750.6454456322189,750.6454456322189,744.3316054353123,747.8392944335938,6200,0.0,0.0
2015-06-19 00:00:00+09:00,744.3316645779848,747.8393538549782,742.9285888671875,742.9285888671875,5000,0.0,0.0
2015-06-22 00:00:00+09:00,750.6454487608447,771.6915828382515,749.9439109582645,755.5562133789062,8600,0.0,0.0
2015-06-23 00:00:00+09:00,755.5563963709268,762.5717760958194,754.1533204259483,754.8548583984375,2800,0.0,0.0
2015-06-24 00:00:00+09:00,755.556273503939,756.2578113623457,752.0485842119059,752.7501220703125,2400,0.0,0.0
2015-06-25 00:00:00+09:00,752.0486455305233,756.2578730241643,750.6455696993096,754.1532592773438,3200,0.0,0.0
2015-06-26 00:00:00+09:00,750.6454462058534,754.8546730070078,747.839295005084,749.2423706054688,4100,0.0,0.0
2015-06-29 00:00:00+09:00,719.076356398517,736.614804115554,716.270204763791,724.6886596679688,10900,0.0,0.0
2015-06-30 00:00:00+09:00,726.0916748046875,742.2270453559028,716.9716827540007,726.0916748046875,4300,0.0,0.0
2015-07-01 00:00:00+09:00,728.196355074281,748.5409545898438,723.2855896739727,748.5409545898438,2900,0.0,0.0
2015-07-02 00:00:00+09:00,748.5409566262346,756.9594116210939,748.5409566262346,756.9594116210938,1300,0.0,0.0
2015-07-03 00:00:00+09:00,757.6609497070312,757.6609497070312,752.0486463758681,757.6609497070312,1800,0.0,0.0
2015-07-06 00:00:00+09:00,757.6610102883946,757.6610102883946,733.8087192237599,754.8548583984375,1400,0.0,0.0
2015-07-07 00:00:00+09:00,756.2579951491311,756.2579951491311,747.1380007734923,750.6456909179688,1100,0.0,0.0
2015-07-08 00:00:00+09:00,757.6610056804484,757.6610056804484,727.494873046875,727.494873046875,2700,0.0,0.0
2015-07-09 00:00:00+09:00,700.8363678098664,720.4794291699027,700.1348299041508,712.7625122070312,8600,0.0,0.0
2015-07-10 00:00:00+09:00,708.5532870723624,727.4948105881583,707.1502112563776,721.8825073242188,4700,0.0,0.0
2015-07-13 00:00:00+09:00,728.1963490330895,733.1071143926576,716.9717424969341,723.9871215820312,4900,0.0,0.0
2015-07-14 00:00:00+09:00,719.7778936002414,729.5994243121356,719.7778936002414,721.8825073242188,5600,0.0,0.0
2015-07-15 00:00:00+09:00,729.5994328878013,757.660949537332,728.897894971563,756.9594116210938,4800,0.0,0.0
2015-07-16 00:00:00+09:00,756.9594117906358,757.6609497070312,753.4517222086589,757.6609497070312,2700,0.0,0.0
2015-07-17 00:00:00+09:00,757.660826786647,757.660826786647,748.5408353531041,755.5562133789062,1000,0.0,0.0
2015-07-21 00:00:00+09:00,755.5563351085575,756.9594109397711,751.3471076149165,754.1532592773438,1700,0.0,0.0
2015-07-22 00:00:00+09:00,754.1532592773438,754.1532592773438,754.1532592773438,754.1532592773438,2800,0.0,0.0
2015-07-23 00:00:00+09:00,756.959286407585,756.959286407585,744.331606004122,749.2423706054688,700,0.0,0.0
2015-07-24 00:00:00+09:00,756.9594109397711,756.9594109397711,738.0178872183867,754.1532592773438,1000,0.0,0.0
2015-07-27 00:00:00+09:00,749.9439084056611,749.9439084056611,733.1070012010438,749.2423706054688,1200,0.0,0.0
2015-07-28 00:00:00+09:00,715.5686706253703,740.8240354709715,715.5686706253703,740.1224975585938,5100,0.0,0.0
2015-07-29 00:00:00+09:00,729.5993160452288,761.1685172202627,729.5993160452288,759.0639038085938,4100,0.0,0.0
2015-07-30 00:00:00+09:00,756.9594109397711,756.9594109397711,752.7501834461301,754.1532592773438,900,0.0,0.0
2015-07-31 00:00:00+09:00,756.2579956054688,756.2579956054688,756.2579956054688,756.2579956054688,400,0.0,0.0
2015-08-03 00:00:00+09:00,736.6148703336938,749.944091796875,734.5102564184548,749.944091796875,1300,0.0,0.0
2015-08-04 00:00:00+09:00,743.6302480951462,743.6302480951462,720.4794950884105,738.0179443359375,3300,0.0,0.0
2015-08-05 00:00:00+09:00,743.6301229738434,743.6301229738434,719.0762981586694,731.7039794921875,2600,0.0,0.0
2015-08-06 00:00:00+09:00,736.6147444552223,743.6301229738434,724.6886009735663,731.7039794921875,2400,0.0,0.0
2015-08-07 00:00:00+09:00,747.1379361571088,747.1379361571088,726.7933350786523,727.494873046875,1900,0.0,0.0
2015-08-10 00:00:00+09:00,728.1963483164747,728.1963483164747,721.1809692382812,721.1809692382812,4200,0.0,0.0
2015-08-11 00:00:00+09:00,723.28564453125,733.1071760767762,723.28564453125,723.28564453125,1300,0.0,0.0
2015-08-12 00:00:00+09:00,723.2855833183214,731.7040382163038,721.1809695938258,722.5840454101562,3000,0.0,0.0
2015-08-13 00:00:00+09:00,723.9871824987877,733.1071760767762,722.5841065637125,723.28564453125,2200,0.0,0.0
2015-08-14 00:00:00+09:00,723.2855874917539,739.4209594726562,722.5840495795408,739.4209594726562,1500,0.0,0.0
2015-08-17 00:00:00+09:00,739.4208995901942,742.9285888671875,737.3162860239981,742.9285888671875,1800,0.0,0.0
2015-08-18 00:00:00+09:00,737.3161669234155,750.6453840228874,737.3161669234155,747.1376953125,4500,0.0,0.0
2015-08-19 00:00:00+09:00,752.0485197852851,752.7500575835923,744.3316040039062,744.3316040039062,1800,0.0,0.0
2015-08-20 00:00:00+09:00,746.4364005587748,747.1379385292248,739.4210208542751,741.525634765625,5300,0.0,0.0
2015-08-21 00:00:00+09:00,741.5255131563902,742.9285888671875,720.4793774944302,742.9285888671875,14300,0.0,0.0
2015-08-24 00:00:00+09:00,712.0608511461099,735.2115980306634,709.9562377929688,709.9562377929688,7300,0.0,0.0
2015-08-25 00:00:00+09:00,686.104063431258,701.5378971689755,663.6548507218508,680.4917602539062,6500,0.0,0.0
2015-08-26 00:00:00+09:00,680.4917648545461,700.8363640099914,669.9686963258675,698.0302124023438,4700,0.0,0.0
2015-08-27 00:00:00+09:00,701.5379064223346,716.2702024572036,680.4917692296646,715.5686645507812,3100,0.0,0.0
2015-08-28 00:00:00+09:00,716.2702073541307,735.2117309570312,715.5686694429121,735.2117309570312,3100,0.0,0.0
2015-08-31 00:00:00+09:00,733.1070544903095,733.1070544903095,712.0609189547025,729.599365234375,2000,0.0,0.0
2015-09-01 00:00:00+09:00,713.4639935037364,726.0916748046875,705.7470771531553,726.0916748046875,700,0.0,0.0
2015-09-02 00:00:00+09:00,701.5378463490555,714.8670654296875,701.5378463490555,714.8670654296875,8700,0.0,0.0
2015-09-03 00:00:00+09:00,687.507019664508,704.3439262685367,685.4024063390044,688.9100952148438,10500,0.0,0.0
2015-09-04 00:00:00+09:00,680.4917577665801,695.925591447884,666.4609998744858,671.3717651367188,4700,0.0,0.0
2015-09-07 00:00:00+09:00,671.3718284254808,719.0764097556089,671.3718284254808,683.99951171875,2400,0.0,0.0
2015-09-08 00:00:00+09:00,683.999448594216,686.8056001781922,672.7748422583109,676.2825317382812,1500,0.0,0.0
2015-09-09 00:00:00+09:00,686.8056009465998,686.8056009465998,676.9840703916944,679.0886840820312,2000,0.0,0.0
2015-09-10 00:00:00+09:00,673.4765010809748,676.9841911907715,664.3565067955033,669.2672729492188,2600,0.0,0.0
2015-09-11 00:00:00+09:00,680.491882261231,695.2241807431752,678.3872681923818,679.7903442382812,4500,0.0,0.0
2015-09-14 00:00:00+09:00,672.0734259858343,679.7903442382812,665.058045756337,679.7903442382812,1800,0.0,0.0
2015-09-15 00:00:00+09:00,678.3870831807454,678.3870831807454,669.9686292012532,673.476318359375,2200,0.0,0.0
2015-09-16 00:00:00+09:00,669.2672108817554,669.2672108817554,663.6549072265625,663.6549072265625,5600,0.0,0.0
2015-09-17 00:00:00+09:00,662.9532508850098,674.1778561909993,662.9532508850098,673.476318359375,3500,0.0,0.0
2015-09-18 00:00:00+09:00,673.4763157894737,673.4763157894737,664.3563240131579,666.4609375,3100,0.0,0.0
2015-09-24 00:00:00+09:00,673.4763150079198,673.4763150079198,662.953247585921,664.3563232421875,2700,0.0,0.0
2015-09-25 00:00:00+09:00,673.4764386231501,673.4764386231501,659.4456794851678,663.6549072265625,1900,0.0,0.0
2015-09-28 00:00:00+09:00,666.4609400431315,673.476318359375,666.4609400431315,673.476318359375,600,0.0,0.0
2015-09-29 00:00:00+09:00,683.9994468489243,683.9994468489243,669.9686889648438,669.9686889648438,600,0.0,0.0
2015-09-30 00:00:00+09:00,660.1471584459874,669.9686889648438,659.4456205517835,669.9686889648438,2300,0.0,0.0
2015-10-01 00:00:00+09:00,673.4764386231501,673.4764386231501,663.6549072265625,663.6549072265625,1000,0.0,0.0
2015-10-02 00:00:00+09:00,669.9688112262893,672.0734252929688,669.9688112262893,672.0734252929688,1300,0.0,0.0
2015-10-05 00:00:00+09:00,673.476318359375,680.4916966756184,673.476318359375,673.476318359375,2100,0.0,0.0
2015-10-06 00:00:00+09:00,674.1778561909993,682.5963101704915,673.476318359375,673.476318359375,1800,0.0,0.0
2015-10-07 00:00:00+09:00,674.1779178607501,676.2825315481406,674.1779178607501,675.5809936523438,1500,0.0,0.0
2015-10-08 00:00:00+09:00,680.4915801440279,686.1038818359375,680.4915801440279,686.1038818359375,1400,0.0,0.0
2015-10-09 00:00:00+09:00,686.8054803323112,686.8054803323112,683.2977914644239,685.4024047851562,1100,0.0,0.0
2015-10-13 00:00:00+09:00,689.6117568492408,695.9255979597629,689.6117568492408,695.2240600585938,2800,0.0,0.0
2015-10-14 00:00:00+09:00,698.0301483868341,698.0301483868341,689.6116943359375,689.6116943359375,1500,0.0,0.0
2015-10-15 00:00:00+09:00,689.6116943359375,689.6116943359375,689.6116943359375,689.6116943359375,0,0.0,0.0
2015-10-16 00:00:00+09:00,689.6116339204275,695.9254739054569,689.6116339204275,691.0147094726562,3700,0.0,0.0
2015-10-19 00:00:00+09:00,691.7162447473531,700.1346980302824,682.5962536908465,685.4024047851562,2700,0.0,0.0
2015-10-20 00:00:00+09:00,687.5070205920844,692.417785024885,686.8054828159701,691.0147094726562,2700,0.0,0.0
2015-10-21 00:00:00+09:00,691.7162472487706,694.5223983532281,690.3131716965419,691.0147094726562,2200,0.0,0.0
2015-10-22 00:00:00+09:00,691.0148941682193,700.836425658935,691.0148941682193,700.1348876953125,6700,0.0,0.0
2015-10-23 00:00:00+09:00,694.5224626516267,700.1347653801248,694.5224626516267,699.4332275390625,2900,0.0,0.0
2015-10-26 00:00:00+09:00,699.4332235571563,700.836299231293,688.2086181640625,688.2086181640625,6700,0.0,0.0
2015-10-27 00:00:00+09:00,698.7317491922871,698.7317491922871,693.8209838867188,693.8209838867188,2700,0.0,0.0
2015-10-28 00:00:00+09:00,693.8210006587761,693.8210006587761,687.4164991142336,688.8397216796875,3300,14.0,0.0
2015-10-29 00:00:00+09:00,694.5325951522436,695.9558176832933,691.6861500901442,693.8209838867188,1400,0.0,0.0
2015-10-30 00:00:00+09:00,693.8210473657878,693.8210473657878,682.4352660756825,693.1094360351562,500,0.0,0.0
2015-11-02 00:00:00+09:00,690.2628784179688,690.2628784179688,687.4164335585133,690.2628784179688,2200,0.0,0.0
2015-11-04 00:00:00+09:00,685.2817114617977,685.2817114617977,675.3191528320312,675.3191528320312,2300,0.0,0.0
2015-11-05 00:00:00+09:00,679.5888356666928,679.5888356666928,668.9146654729752,671.0494995117188,1500,0.0,0.0
2015-11-06 00:00:00+09:00,669.6262231055726,671.7610569730717,664.6449440814079,668.9146118164062,2800,0.0,0.0
2015-11-09 00:00:00+09:00,666.7798168636599,681.0120434776121,666.7798168636599,675.3191528320312,3400,0.0,0.0
2015-11-10 00:00:00+09:00,677.4539208316903,677.4539208316903,676.7423095703125,676.7423095703125,200,0.0,0.0
2015-11-11 00:00:00+09:00,679.5886840820312,679.5886840820312,678.8770728945108,679.5886840820312,1700,0.0,0.0
2015-11-12 00:00:00+09:00,674.6074241952383,678.1654802300233,673.8958129882812,673.8958129882812,1000,0.0,0.0
2015-11-13 00:00:00+09:00,673.8958764106476,675.3190989585054,673.1842651367188,673.1842651367188,2200,0.0,0.0
2015-11-16 00:00:00+09:00,661.0869577521952,675.3191850450304,661.0869577521952,666.0682373046875,2000,0.0,0.0
2015-11-17 00:00:00+09:00,666.0680564839573,669.6261123412434,665.3564453125,665.3564453125,2400,0.0,0.0
2015-11-18 00:00:00+09:00,669.6262231055726,669.6262231055726,668.9146118164062,668.9146118164062,1100,0.0,0.0
2015-11-19 00:00:00+09:00,668.9146118164062,672.4726682622381,668.9146118164062,668.9146118164062,1500,0.0,0.0
2015-11-20 00:00:00+09:00,668.914578675724,697.3790288321377,668.914578675724,678.8771362304688,6400,0.0,0.0
2015-11-24 00:00:00+09:00,679.5888721830322,680.3004835675171,674.6075924916382,678.1656494140625,5300,0.0,0.0
2015-11-25 00:00:00+09:00,673.8958574530964,678.8771362304688,673.8958574530964,678.8771362304688,300,0.0,0.0
2015-11-26 00:00:00+09:00,682.4351972692153,682.4351972692153,671.7610283859638,677.4539184570312,6100,0.0,0.0
2015-11-27 00:00:00+09:00,677.4538690230663,677.4538690230663,673.8958129882812,673.8958129882812,1300,0.0,0.0
2015-11-30 00:00:00+09:00,676.7422370431811,680.30029296875,676.7422370431811,680.30029296875,400,0.0,0.0
2015-12-01 00:00:00+09:00,674.6075562429579,679.5888356666928,671.0494995117188,671.0494995117188,5200,0.0,0.0
2015-12-02 00:00:00+09:00,671.0494313149321,689.5513244370829,671.0494313149321,673.1842651367188,5200,0.0,0.0
2015-12-03 00:00:00+09:00,673.8958129882812,676.0306466091523,673.8958129882812,673.8958129882812,2100,0.0,0.0
2015-12-04 00:00:00+09:00,673.895930170636,677.4539868241241,673.895930170636,675.3191528320312,1900,0.0,0.0
2015-12-07 00:00:00+09:00,675.3190870475568,680.3003658772016,674.607475786179,676.7423095703125,7800,0.0,0.0
2015-12-08 00:00:00+09:00,674.6075415013336,678.1655981548216,674.6075415013336,675.3191528320312,2600,0.0,0.0
2015-12-09 00:00:00+09:00,676.0306466091523,676.0306466091523,673.8958129882812,673.8958129882812,1600,0.0,0.0
2015-12-10 00:00:00+09:00,676.0307054479414,676.0307054479414,672.4726491034785,674.6074829101562,3900,0.0,0.0
2015-12-11 00:00:00+09:00,695.9557681368799,698.0906017814715,683.8583774841939,690.2628784179688,17400,0.0,0.0
2015-12-14 00:00:00+09:00,679.5886817836363,688.839627190115,679.5886817836363,680.30029296875,2800,0.0,0.0
2015-12-15 00:00:00+09:00,676.0307399523022,682.4352416992188,676.0307399523022,682.4352416992188,2300,0.0,0.0
2015-12-16 00:00:00+09:00,680.300363492565,685.2816423047491,677.4539184570312,677.4539184570312,1700,0.0,0.0
2015-12-17 00:00:00+09:00,678.1656369904138,681.7236938476562,676.7424142475168,681.7236938476562,2200,0.0,0.0
2015-12-18 00:00:00+09:00,681.011856560958,681.011856560958,676.0305786132812,676.0305786132812,2900,0.0,0.0
2015-12-21 00:00:00+09:00,672.4726349452757,679.5887474843792,666.7797449139929,678.8771362304688,3800,0.0,0.0
2015-12-22 00:00:00+09:00,678.1655585755693,679.5887811539021,668.9146118164062,668.9146118164062,10700,0.0,0.0
2015-12-24 00:00:00+09:00,674.6074453000067,674.6074453000067,667.4913330078125,667.4913330078125,9500,0.0,0.0
2015-12-25 00:00:00+09:00,667.4913330078125,667.4913330078125,667.4913330078125,667.4913330078125,0,0.0,0.0
2015-12-28 00:00:00+09:00,666.7797241210938,673.1842252065685,666.0681128893743,666.7797241210938,8000,0.0,0.0
2015-12-29 00:00:00+09:00,672.4726834262375,682.4352416992188,666.7797929845339,682.4352416992188,3200,0.0,0.0
2015-12-30 00:00:00+09:00,682.43505636851,684.5698897043865,682.43505636851,683.1466674804688,2800,0.0,0.0
2016-01-04 00:00:00+09:00,675.319054353546,686.704833984375,675.319054353546,686.704833984375,2300,0.0,0.0
2016-01-05 00:00:00+09:00,683.1468530044317,686.7049095304965,682.4352416992188,682.4352416992188,600,0.0,0.0
2016-01-06 00:00:00+09:00,685.9931345086349,685.9931345086349,676.0305786132812,676.0305786132812,400,0.0,0.0
2016-01-07 00:00:00+09:00,681.0119064570722,681.0119064570722,673.1841833943472,679.5886840820312,900,0.0,0.0
2016-01-08 00:00:00+09:00,679.5886840820312,679.5886840820312,674.6074057693882,679.5886840820312,900,0.0,0.0
2016-01-12 00:00:00+09:00,676.0305786132812,682.4350788317229,666.77963385331,676.0305786132812,4500,0.0,0.0
2016-01-13 00:00:00+09:00,676.0305786132812,677.453800884046,676.0305786132812,676.0305786132812,1400,0.0,0.0
2016-01-14 00:00:00+09:00,665.3563864991802,675.3189420189541,663.9331642820697,664.644775390625,1700,0.0,0.0
2016-01-15 00:00:00+09:00,665.3563864991802,665.3563864991802,664.644775390625,664.644775390625,1200,0.0,0.0
2016-01-18 00:00:00+09:00,663.2217431483284,664.6449657731102,662.5101318359375,662.5101318359375,2100,0.0,0.0
2016-01-19 00:00:00+09:00,662.5099420649592,664.644775390625,662.5099420649592,664.644775390625,1500,0.0,0.0
2016-01-20 00:00:00+09:00,661.7983646828669,661.7983646828669,653.2590309450235,653.9706420898438,4300,0.0,0.0
2016-01-21 00:00:00+09:00,653.9707883324954,653.9707883324954,644.0082300771581,646.8546752929688,3000,0.0,0.0
2016-01-22 00:00:00+09:00,646.8544811691185,650.4125366210938,640.4499813555627,650.4125366210938,5500,0.0,0.0
2016-01-25 00:00:00+09:00,651.1242887989575,658.2404012448477,644.0081763530673,644.7197875976562,2600,0.0,0.0
2016-01-26 00:00:00+09:00,644.7197875976562,644.7197875976562,644.7197875976562,644.7197875976562,0,0.0,0.0
2016-01-27 00:00:00+09:00,647.5663501890746,651.1244070582453,644.7199046937379,646.1431274414062,3200,0.0,0.0
2016-01-28 00:00:00+09:00,646.1429329712315,651.1242110888511,646.1429329712315,649.7009887695312,500,0.0,0.0
2016-01-29 00:00:00+09:00,649.7010024973944,653.2590583708741,642.584890750435,645.4313354492188,2900,0.0,0.0
2016-02-01 00:00:00+09:00,649.7010152751002,660.3751831054688,649.7010152751002,660.3751831054688,400,0.0,0.0
2016-02-02 00:00:00+09:00,655.3939208984375,660.375199341748,655.3939208984375,655.3939208984375,2800,0.0,0.0
2016-02-03 00:00:00+09:00,654.6823120117188,654.6823120117188,652.5474783855935,654.6823120117188,1600,0.0,0.0
2016-02-04 00:00:00+09:00,647.5661417864611,654.682253234664,646.1429194968206,653.9706420898438,900,0.0,0.0
2016-02-05 00:00:00+09:00,653.9708525535818,653.9708525535818,646.1431274414062,646.1431274414062,200,0.0,0.0
2016-02-08 00:00:00+09:00,647.5661394176931,647.5661394176931,635.46875,635.46875,3000,0.0,0.0
2016-02-09 00:00:00+09:00,634.7572280589352,634.7572280589352,626.9295043945312,626.9295043945312,7400,0.0,0.0
2016-02-10 00:00:00+09:00,626.9295043945312,626.9295043945312,619.1017807301274,626.9295043945312,1100,0.0,0.0
2016-02-12 00:00:00+09:00,597.0419612640048,604.8696866202672,588.5026245117188,588.5026245117188,900,0.0,0.0
2016-02-15 00:00:00+09:00,591.3489286319939,602.0230970188529,591.3489286319939,594.1953735351562,4400,0.0,0.0
2016-02-16 00:00:00+09:00,594.1954754244897,617.6786499023438,594.1954754244897,617.6786499023438,3000,0.0,0.0
2016-02-17 00:00:00+09:00,617.6785864791607,627.6411443255988,617.6785864791607,618.3901977539062,2500,0.0,0.0
2016-02-18 00:00:00+09:00,618.390249001065,621.2366943359375,616.2554149999105,621.2366943359375,2400,0.0,0.0
2016-02-19 00:00:00+09:00,619.1018578989828,621.9483032226562,619.1018578989828,621.9483032226562,300,0.0,0.0
2016-02-22 00:00:00+09:00,639.026821374632,649.7009887695312,639.026821374632,649.7009887695312,19200,0.0,0.0
2016-02-23 00:00:00+09:00,648.2779541015625,648.2779541015625,648.2779541015625,648.2779541015625,200,0.0,0.0
2016-02-24 00:00:00+09:00,647.5661234537761,647.5661234537761,640.4500122070312,640.4500122070312,1100,0.0,0.0
2016-02-25 00:00:00+09:00,640.4501319063887,641.1617431640625,629.7759630412822,641.1617431640625,1000,0.0,0.0
2016-02-26 00:00:00+09:00,641.1617431640625,647.5662444831263,636.8920756180198,641.1617431640625,2200,0.0,0.0
2016-02-29 00:00:00+09:00,639.7385764849756,639.7385764849756,624.7947387695312,624.7947387695312,900,0.0,0.0
2016-03-01 00:00:00+09:00,624.7947242702294,629.0643920898438,624.7947242702294,629.0643920898438,6000,0.0,0.0
2016-03-02 00:00:00+09:00,629.0643240359885,631.1991577148438,629.0643240359885,631.1991577148438,1600,0.0,0.0
2016-03-03 00:00:00+09:00,631.1991577148438,640.4501036565495,628.3527128097035,631.1991577148438,4300,0.0,0.0
2016-03-04 00:00:00+09:00,631.1991577148438,639.7384924302644,631.1991577148438,631.1991577148438,2200,0.0,0.0
2016-03-07 00:00:00+09:00,630.4876082570929,648.989501953125,630.4876082570929,648.989501953125,2600,0.0,0.0
2016-03-08 00:00:00+09:00,647.5661689733065,648.9893913226985,641.873279575739,645.4313354492188,900,0.0,0.0
2016-03-09 00:00:00+09:00,645.4313894418569,647.5662231445312,645.4313894418569,647.5662231445312,200,0.0,0.0
2016-03-10 00:00:00+09:00,647.5663501890746,647.5663501890746,646.1431274414062,646.1431274414062,500,0.0,0.0
2016-03-11 00:00:00+09:00,646.1430148234409,646.1430148234409,641.1617360748021,643.2965698242188,400,0.0,0.0
2016-03-14 00:00:00+09:00,650.4125566514158,650.4125566514158,644.008056640625,644.008056640625,200,0.0,0.0
2016-03-15 00:00:00+09:00,644.008056640625,657.5286677745166,644.008056640625,644.008056640625,2900,0.0,0.0
2016-03-16 00:00:00+09:00,644.008056640625,644.008056640625,643.296445528315,644.008056640625,1100,0.0,0.0
2016-03-17 00:00:00+09:00,644.7199046937379,646.1431274414062,644.0082933199038,646.1431274414062,800,0.0,0.0
2016-03-18 00:00:00+09:00,653.2592336610695,653.2592336610695,648.2779541015625,648.2779541015625,200,0.0,0.0
2016-03-22 00:00:00+09:00,648.2778621524959,676.0307014762582,648.2778621524959,657.52880859375,3600,0.0,0.0
2016-03-23 00:00:00+09:00,657.52880859375,657.52880859375,651.8359184760552,657.52880859375,900,0.0,0.0
2016-03-24 00:00:00+09:00,640.4501108022836,647.5662231445312,640.4501108022836,647.5662231445312,500,0.0,0.0
2016-03-25 00:00:00+09:00,654.6823354867788,654.6823354867788,644.0081669734075,647.5662231445312,400,0.0,0.0
2016-03-28 00:00:00+09:00,651.1243295872465,668.9146118164062,651.1243295872465,668.9146118164062,600,0.0,0.0
2016-03-29 00:00:00+09:00,671.0494033747989,671.0494033747989,658.2404009774008,663.2216796875,1600,0.0,0.0
2016-03-30 00:00:00+09:00,668.9144761310697,668.9144761310697,653.9706420898438,653.9706420898438,1700,0.0,0.0
2016-03-31 00:00:00+09:00,666.0682373046875,666.0682373046875,655.394066835061,666.0682373046875,1000,0.0,0.0
2016-04-01 00:00:00+09:00,668.9145011697861,668.9145011697861,661.798389455214,665.3564453125,2500,0.0,0.0
2016-04-04 00:00:00+09:00,665.3564591094674,665.3564591094674,660.3751808059741,661.0867919921875,1400,0.0,0.0
2016-04-05 00:00:00+09:00,661.0867467123102,665.3564135371475,656.10546875,656.10546875,900,0.0,0.0
2016-04-06 00:00:00+09:00,663.2217131969976,663.2217131969976,652.5475439931832,653.2591552734375,1600,0.0,0.0
2016-04-07 00:00:00+09:00,658.240349539395,660.3751831054688,653.9706824072476,660.3751831054688,600,0.0,0.0
2016-04-08 00:00:00+09:00,660.3752978987648,664.6449657731102,660.3752978987648,662.5101318359375,600,0.0,0.0
2016-04-11 00:00:00+09:00,655.3940187120285,662.5101318359375,655.3940187120285,662.5101318359375,200,0.0,0.0
2016-04-12 00:00:00+09:00,665.35649001978,679.5887144052299,655.3939329499651,670.3377685546875,2600,0.0,0.0
2016-04-13 00:00:00+09:00,665.3564453125,675.3190017129011,665.3564453125,665.3564453125,400,0.0,0.0
2016-04-14 00:00:00+09:00,666.0680564839573,673.8957793699867,665.3564453125,665.3564453125,2900,0.0,0.0
2016-04-15 00:00:00+09:00,665.3564830961682,672.4725952148438,665.3564830961682,672.4725952148438,400,0.0,0.0
2016-04-18 00:00:00+09:00,672.4725952148438,672.4725952148438,672.4725952148438,672.4725952148438,0,0.0,0.0
2016-04-19 00:00:00+09:00,673.1842966028604,673.1842966028604,663.933349609375,663.933349609375,1100,0.0,0.0
2016-04-20 00:00:00+09:00,665.3565553705743,676.0307247080701,665.3565553705743,668.9146118164062,3500,0.0,0.0
2016-04-21 00:00:00+09:00,670.3376895302221,676.7421897486636,670.3376895302221,676.0305786132812,2200,0.0,0.0
2016-04-22 00:00:00+09:00,676.0305531275094,676.0305531275094,664.644775390625,664.644775390625,10600,0.0,0.0
2016-04-25 00:00:00+09:00,668.914557816252,668.914557816252,663.2216679624967,666.7797241210938,7500,0.0,0.0
2016-04-26 00:00:00+09:00,666.0589599609375,666.0589599609375,651.6420993557224,666.0589599609375,1600,12.0,0.0
2016-04-27 00:00:00+09:00,666.7796845488496,666.7796845488496,653.8045123089801,655.967041015625,2200,0.0,0.0
2016-04-28 00:00:00+09:00,655.9670628382506,655.9670628382506,645.1544189453125,645.1544189453125,2500,0.0,0.0
2016-05-02 00:00:00+09:00,648.0378255723398,648.0378255723398,622.8083217958861,626.4125366210938,2900,0.0,0.0
2016-05-06 00:00:00+09:00,627.1333440874803,630.7375587086727,627.1333440874803,627.8541870117188,1800,0.0,0.0
2016-05-09 00:00:00+09:00,627.8541275306984,630.7374989544904,616.3206418355306,622.8082275390625,6000,0.0,0.0
2016-05-10 00:00:00+09:00,620.6457227988751,630.7375231695886,620.6457227988751,629.2958374023438,500,0.0,0.0
2016-05-11 00:00:00+09:00,629.2959084812599,629.2959084812599,626.4125366210938,626.4125366210938,3100,0.0,0.0
2016-05-12 00:00:00+09:00,631.4584194841057,631.4584194841057,627.1333618164062,627.1333618164062,900,0.0,0.0
2016-05-13 00:00:00+09:00,630.7375944113429,630.7375944113429,626.4125366210938,626.4125366210938,500,0.0,0.0
2016-05-16 00:00:00+09:00,627.133328299991,627.133328299991,620.6457421451635,623.5291137695312,1100,0.0,0.0
2016-05-17 00:00:00+09:00,622.0875244140625,623.5292104497845,622.0875244140625,622.0875244140625,600,0.0,0.0
2016-05-18 00:00:00+09:00,622.0872718278752,622.0872718278752,619.9247436523438,619.9247436523438,800,0.0,0.0
2016-05-19 00:00:00+09:00,617.7625122070312,619.9250414212916,614.1582968499307,617.7625122070312,2200,0.0,0.0
2016-05-20 00:00:00+09:00,617.7623033311631,617.7623033311631,616.3206176757812,616.3206176757812,3200,0.0,0.0
2016-05-23 00:00:00+09:00,617.7623033311631,619.9248318142361,616.3206176757812,616.3206176757812,3200,0.0,0.0
2016-05-24 00:00:00+09:00,616.320826064191,619.9250414212916,616.320826064191,617.7625122070312,3100,0.0,0.0
2016-05-25 00:00:00+09:00,617.7623467846452,617.7623467846452,616.3206610278548,617.04150390625,3600,0.0,0.0
2016-05-26 00:00:00+09:00,617.7625122070312,619.9250414212916,617.0416691356112,617.7625122070312,900,0.0,0.0
2016-05-27 00:00:00+09:00,617.7625122070312,634.3419028496937,615.599982992771,617.7625122070312,3500,0.0,0.0
2016-05-30 00:00:00+09:00,617.7623033311631,618.4831461588541,616.3206176757812,616.3206176757812,900,0.0,0.0
2016-05-31 00:00:00+09:00,616.3206176757812,616.3206176757812,616.3206176757812,616.3206176757812,2300,0.0,0.0
2016-06-01 00:00:00+09:00,615.5997748480902,616.3206176757812,611.9955607096354,616.3206176757812,2300,0.0,0.0
2016-06-02 00:00:00+09:00,614.8790460864143,614.8790460864143,614.158203125,614.158203125,1300,0.0,0.0
2016-06-03 00:00:00+09:00,614.158203125,617.7624179320716,609.1123023950997,614.158203125,4400,0.0,0.0
2016-06-06 00:00:00+09:00,609.8330592256434,619.2040164005056,602.6246306295956,612.7164306640625,3400,0.0,0.0
2016-06-07 00:00:00+09:00,597.5788371497442,613.4373828883382,597.5788371497442,603.3455810546875,5800,0.0,0.0
2016-06-08 00:00:00+09:00,607.6706492411419,607.6706492411419,600.4622192382812,600.4622192382812,2000,0.0,0.0
2016-06-09 00:00:00+09:00,606.2288547931331,606.2288547931331,582.4410400390625,582.4410400390625,3200,0.0,0.0
2016-06-10 00:00:00+09:00,585.3243653533228,591.8119506835938,584.6035225388483,591.8119506835938,2300,0.0,0.0
2016-06-13 00:00:00+09:00,577.3952815246582,583.8828689575195,576.6744384765625,576.6744384765625,4800,0.0,0.0
2016-06-14 00:00:00+09:00,576.6743004171915,578.8368290437559,572.3492431640625,572.3492431640625,1900,0.0,0.0
2016-06-15 00:00:00+09:00,570.1867162372439,570.1867162372439,567.3033447265625,567.3033447265625,800,0.0,0.0
2016-06-16 00:00:00+09:00,562.257524705091,562.257524705091,544.2364501953125,544.2364501953125,1300,0.0,0.0
2016-06-17 00:00:00+09:00,546.3989373920509,560.8157958984375,546.3989373920509,560.8157958984375,300,0.0,0.0
2016-06-20 00:00:00+09:00,571.6284007723369,571.6284007723369,544.9572143554688,544.9572143554688,900,0.0,0.0
2016-06-21 00:00:00+09:00,562.2575729949565,575.9535907986798,562.2575729949565,569.4660034179688,1500,0.0,0.0
2016-06-22 00:00:00+09:00,576.6744637429863,584.6037376194523,576.6744637429863,578.1161499023438,5900,0.0,0.0
2016-06-23 00:00:00+09:00,576.6744384765625,578.1161245727538,576.6744384765625,576.6744384765625,300,0.0,0.0
2016-06-24 00:00:00+09:00,576.6743402554627,623.529130401219,552.1656807946056,560.8157958984375,6300,0.0,0.0
2016-06-27 00:00:00+09:00,548.5614488476813,570.9075788270218,548.5614488476813,561.53662109375,2200,0.0,0.0
2016-06-28 00:00:00+09:00,561.5366017051997,569.4658733595736,561.5366017051997,567.3033447265625,800,0.0,0.0
2016-06-29 00:00:00+09:00,573.0701682550445,601.1830444335938,573.0701682550445,601.1830444335938,700,0.0,0.0
2016-06-30 00:00:00+09:00,601.9039589755506,601.9039589755506,591.09131300593,598.2997436523438,1200,0.0,0.0
2016-07-01 00:00:00+09:00,604.0665283203125,604.0665283203125,604.0665283203125,604.0665283203125,200,0.0,0.0
2016-07-04 00:00:00+09:00,594.6954651972727,603.3455810546875,594.6954651972727,603.3455810546875,400,0.0,0.0
2016-07-05 00:00:00+09:00,605.5080036421263,607.6705322265625,605.5080036421263,607.6705322265625,600,0.0,0.0
2016-07-06 00:00:00+09:00,604.7872670309233,604.7872670309233,593.2537792210369,603.3455810546875,800,0.0,0.0
2016-07-07 00:00:00+09:00,603.3455810546875,603.3455810546875,603.3455810546875,603.3455810546875,300,0.0,0.0
2016-07-08 00:00:00+09:00,603.3455041547975,603.3455041547975,599.0204467773438,599.0204467773438,1100,0.0,0.0
2016-07-11 00:00:00+09:00,599.0204467773438,599.0204467773438,599.0204467773438,599.0204467773438,0,0.0,0.0
2016-07-12 00:00:00+09:00,599.0204257829815,609.8330688476562,599.0204257829815,609.8330688476562,600,0.0,0.0
2016-07-13 00:00:00+09:00,617.0414975574395,617.0414975574395,602.6246401378731,609.8330688476562,400,0.0,0.0
2016-07-14 00:00:00+09:00,608.3914617233728,609.1123046875,608.3914617233728,609.1123046875,400,0.0,0.0
2016-07-15 00:00:00+09:00,615.599853515625,615.599853515625,615.599853515625,615.599853515625,200,0.0,0.0
2016-07-19 00:00:00+09:00,619.2041523426184,622.8083674319234,619.2041523426184,622.0875244140625,400,0.0,0.0
2016-07-20 00:00:00+09:00,622.0875812275608,622.0875812275608,612.7166211395443,614.879150390625,1100,0.0,0.0
2016-07-21 00:00:00+09:00,614.158203125,614.158203125,614.158203125,614.158203125,300,0.0,0.0
2016-07-22 00:00:00+09:00,614.1581052986171,627.1332765373203,614.1581052986171,620.6456909179688,4200,0.0,0.0
2016-07-25 00:00:00+09:00,626.4125188717898,627.1333618164062,626.4125188717898,627.1333618164062,800,0.0,0.0
2016-07-26 00:00:00+09:00,627.1333618164062,627.1333618164062,627.1333618164062,627.1333618164062,100,0.0,0.0
2016-07-27 00:00:00+09:00,627.1333618164062,627.1333618164062,627.1333618164062,627.1333618164062,100,0.0,0.0
2016-07-28 00:00:00+09:00,627.1332655040495,628.574951171875,627.1332655040495,628.574951171875,600,0.0,0.0
2016-07-29 00:00:00+09:00,631.4584350585938,631.4584350585938,631.4584350585938,631.4584350585938,800,0.0,0.0
2016-08-01 00:00:00+09:00,634.341901071226,635.062744140625,627.1334703772347,635.062744140625,700,0.0,0.0
2016-08-02 00:00:00+09:00,640.1086069171348,641.55029296875,639.3877638913273,641.55029296875,600,0.0,0.0
2016-08-03 00:00:00+09:00,640.8292412285332,640.8292412285332,640.1083984375,640.1083984375,400,0.0,0.0
2016-08-04 00:00:00+09:00,640.1084912109376,648.7586059570312,640.1084912109376,648.7586059570312,500,0.0,0.0
2016-08-05 00:00:00+09:00,637.9459625244141,648.7586059570312,637.9459625244141,648.7586059570312,500,0.0,0.0
2016-08-08 00:00:00+09:00,647.3169555664062,647.3169555664062,637.945997412327,647.3169555664062,400,0.0,0.0
2016-08-09 00:00:00+09:00,641.55029296875,641.55029296875,641.55029296875,641.55029296875,100,0.0,0.0
2016-08-10 00:00:00+09:00,641.55029296875,641.55029296875,641.55029296875,641.55029296875,100,0.0,0.0
2016-08-12 00:00:00+09:00,641.55029296875,642.2711359945577,637.9460778397121,641.55029296875,700,0.0,0.0
2016-08-15 00:00:00+09:00,645.1544189453125,645.1544189453125,645.1544189453125,645.1544189453125,300,0.0,0.0
2016-08-16 00:00:00+09:00,645.1545080977879,657.4088395365169,641.55029296875,641.55029296875,5900,0.0,0.0
2016-08-17 00:00:00+09:00,641.55024497876,650.9212036132812,641.55024497876,650.9212036132812,600,0.0,0.0
2016-08-18 00:00:00+09:00,646.5960772705079,657.408720703125,635.7834338378907,648.7586059570312,4500,0.0,0.0
2016-08-19 00:00:00+09:00,648.7586059570312,648.7586059570312,637.9459625244141,648.7586059570312,2700,0.0,0.0
2016-08-22 00:00:00+09:00,648.7587700062747,649.4796130840596,637.2252807617188,637.2252807617188,14300,0.0,0.0
2016-08-23 00:00:00+09:00,637.9459838867188,637.9459838867188,637.9459838867188,637.9459838867188,500,0.0,0.0
2016-08-24 00:00:00+09:00,637.9459838867188,645.1544130831788,637.9459838867188,637.9459838867188,1500,0.0,0.0
2016-08-25 00:00:00+09:00,643.712646484375,643.712646484375,643.712646484375,643.712646484375,100,0.0,0.0
2016-08-26 00:00:00+09:00,643.7127292780779,643.7127292780779,622.0874416203596,632.9000854492188,2000,0.0,0.0
2016-08-29 00:00:00+09:00,633.6209106445312,633.6209106445312,633.6209106445312,633.6209106445312,200,0.0,0.0
2016-08-30 00:00:00+09:00,633.6209106445312,634.3417535462884,632.9000677427741,633.6209106445312,1200,0.0,0.0
2016-08-31 00:00:00+09:00,633.6209106445312,633.6209106445312,633.6209106445312,633.6209106445312,0,0.0,0.0
2016-09-01 00:00:00+09:00,611.9957322996626,619.9250056274556,611.9957322996626,619.2041625976562,7600,0.0,0.0
2016-09-02 00:00:00+09:00,619.2041625976562,619.2041625976562,619.2041625976562,619.2041625976562,600,0.0,0.0
2016-09-05 00:00:00+09:00,619.2041849584624,626.4126155167681,615.5999696793095,625.6917724609375,400,0.0,0.0
2016-09-06 00:00:00+09:00,625.6917724609375,625.6917724609375,625.6917724609375,625.6917724609375,0,0.0,0.0
2016-09-07 00:00:00+09:00,629.2958164349725,629.2958164349725,611.9955878044577,612.7164306640625,1200,0.0,0.0
2016-09-08 00:00:00+09:00,616.3206672227961,630.73752493561,616.3206672227961,624.2499389648438,700,0.0,0.0
2016-09-09 00:00:00+09:00,627.1334721354926,627.1334721354926,616.320826064191,617.7625122070312,500,0.0,0.0
2016-09-12 00:00:00+09:00,618.48322701074,632.9000854492188,618.48322701074,632.9000854492188,300,0.0,0.0
2016-09-13 00:00:00+09:00,632.179295828683,632.179295828683,630.7376098632812,630.7376098632812,400,0.0,0.0
2016-09-14 00:00:00+09:00,630.7376098632812,630.7376098632812,630.7376098632812,630.7376098632812,200,0.0,0.0
2016-09-15 00:00:00+09:00,630.7376098632812,630.7376098632812,623.5291800362724,630.7376098632812,500,0.0,0.0
2016-09-16 00:00:00+09:00,621.3666182594739,627.1333618164062,621.3666182594739,627.1333618164062,700,0.0,0.0
2016-09-20 00:00:00+09:00,627.1333618164062,627.1333618164062,627.1333618164062,627.1333618164062,0,0.0,0.0
2016-09-21 00:00:00+09:00,627.1332600911458,627.1332600911458,616.3206176757812,616.3206176757812,3900,0.0,0.0
2016-09-23 00:00:00+09:00,617.7623668058741,633.6209106445312,617.7623668058741,633.6209106445312,700,0.0,0.0
2016-09-26 00:00:00+09:00,633.6209106445312,633.6209106445312,633.6209106445312,633.6209106445312,0,0.0,0.0
2016-09-27 00:00:00+09:00,632.1792602539062,632.1792602539062,631.4584173117695,632.1792602539062,800,0.0,0.0
2016-09-28 00:00:00+09:00,632.900075622697,638.666818908553,632.900075622697,635.783447265625,800,0.0,0.0
2016-09-29 00:00:00+09:00,637.9459838867188,637.9459838867188,637.9459838867188,637.9459838867188,200,0.0,0.0
2016-09-30 00:00:00+09:00,635.0627159652537,638.6669311523438,634.3418729278358,638.6669311523438,800,0.0,0.0
2016-10-03 00:00:00+09:00,637.945997412327,647.3169555664062,637.945997412327,647.3169555664062,900,0.0,0.0
2016-10-04 00:00:00+09:00,648.0377807617188,648.0377807617188,648.0377807617188,648.0377807617188,200,0.0,0.0
2016-10-05 00:00:00+09:00,648.0377847617629,648.0377847617629,630.7375546902587,637.9459838867188,1700,0.0,0.0
2016-10-06 00:00:00+09:00,644.43359375,644.43359375,644.43359375,644.43359375,300,0.0,0.0
2016-10-07 00:00:00+09:00,644.4335485839845,648.7586059570312,644.4335485839845,648.7586059570312,600,0.0,0.0
2016-10-11 00:00:00+09:00,637.9459625244141,649.4794488525391,637.9459625244141,648.7586059570312,700,0.0,0.0
2016-10-12 00:00:00+09:00,649.4794488525391,649.4794488525391,648.7586059570312,648.7586059570312,700,0.0,0.0
2016-10-13 00:00:00+09:00,650.2003784179688,650.2003784179688,650.2003784179688,650.2003784179688,500,0.0,0.0
2016-10-14 00:00:00+09:00,650.2003784179688,650.2003784179688,648.7586924347804,650.2003784179688,800,0.0,0.0
2016-10-17 00:00:00+09:00,651.6420131759813,651.6420131759813,647.3169555664062,647.3169555664062,1000,0.0,0.0
2016-10-18 00:00:00+09:00,651.6420644011572,651.6420644011572,650.2003784179688,650.2003784179688,300,0.0,0.0
2016-10-19 00:00:00+09:00,651.6419836023351,655.967041015625,651.6419836023351,655.967041015625,1000,0.0,0.0
2016-10-20 00:00:00+09:00,658.8505502226051,660.292236328125,658.8505502226051,660.292236328125,700,0.0,0.0
2016-10-21 00:00:00+09:00,660.2921622478025,663.1755341353474,650.9212036132812,650.9212036132812,3700,0.0,0.0
2016-10-24 00:00:00+09:00,653.8046443172901,654.525487365049,653.0838012695312,653.0838012695312,800,0.0,0.0
2016-10-25 00:00:00+09:00,658.8504560954223,660.2921419949746,655.2462413465414,656.6879272460938,1300,0.0,0.0
2016-10-26 00:00:00+09:00,661.733782353292,661.733782353292,658.1295678524571,661.012939453125,1600,0.0,0.0
2016-10-27 00:00:00+09:00,649.3008060476728,657.3530144654005,649.3008060476728,652.2288818359375,1200,14.0,0.0
2016-10-28 00:00:00+09:00,666.1371702355783,666.869189103969,652.2288117361542,665.4051513671875,2500,0.0,0.0
2016-10-31 00:00:00+09:00,662.4770750197689,662.4770750197689,655.1568863455173,661.7450561523438,400,0.0,0.0
2016-11-01 00:00:00+09:00,650.7647209770255,655.8888526382618,647.1046269332852,648.5686645507812,2100,0.0,0.0
2016-11-02 00:00:00+09:00,648.5686645507812,650.7647209770255,647.8366457420332,648.5686645507812,800,0.0,0.0
2016-11-04 00:00:00+09:00,645.6406348330516,645.6406348330516,635.3923707880825,636.1243896484375,2200,0.0,0.0
2016-11-07 00:00:00+09:00,636.8563863580878,653.6928195606579,630.2682168440385,644.1765747070312,1700,0.0,0.0
2016-11-08 00:00:00+09:00,637.5883686990054,644.1765378359642,637.5883686990054,643.4445190429688,800,0.0,0.0
2016-11-09 00:00:00+09:00,643.4445063070126,644.1765250855188,638.3203748574687,641.98046875,1800,0.0,0.0
2016-11-10 00:00:00+09:00,642.7125370372426,646.3726312117143,641.9805182023482,644.1765747070312,1300,0.0,0.0
2016-11-11 00:00:00+09:00,644.1765747070312,648.5686877163973,642.7125370372426,644.1765747070312,1200,0.0,0.0
2016-11-14 00:00:00+09:00,642.7125359933036,642.7125359933036,640.5164794921875,640.5164794921875,1800,0.0,0.0
2016-11-15 00:00:00+09:00,641.9804917345365,642.7125105392508,637.58837890625,637.58837890625,1300,0.0,0.0
2016-11-16 00:00:00+09:00,639.7844596073545,644.1765726023707,636.8563842773438,636.8563842773438,2800,0.0,0.0
2016-11-17 00:00:00+09:00,636.8563601015356,640.5164541251077,636.8563601015356,637.58837890625,800,0.0,0.0
2016-11-18 00:00:00+09:00,639.0524062849963,643.4445190429688,636.1243311130146,643.4445190429688,1700,0.0,0.0
2016-11-21 00:00:00+09:00,636.8562750860092,642.7124247419724,636.8562750860092,638.3203125,18300,0.0,0.0
2016-11-22 00:00:00+09:00,644.1766974631321,654.424963104591,644.1766974631321,651.4968872070312,9000,0.0,0.0
2016-11-24 00:00:00+09:00,658.0850579765406,658.0850579765406,644.908716437522,651.4968872070312,4000,0.0,0.0
2016-11-25 00:00:00+09:00,651.4968872070312,651.4968872070312,651.4968872070312,651.4968872070312,100,0.0,0.0
2016-11-28 00:00:00+09:00,651.4968872070312,652.2289061814212,650.7648682326413,651.4968872070312,1100,0.0,0.0
2016-11-29 00:00:00+09:00,651.4966913171717,651.4966913171717,643.4444850199931,650.0326538085938,5900,0.0,0.0
2016-11-30 00:00:00+09:00,651.4968628888713,652.2288818359375,646.3727302594083,652.2288818359375,4200,0.0,0.0
2016-12-01 00:00:00+09:00,652.2289061814212,652.2289061814212,647.1047733606918,651.4968872070312,3300,0.0,0.0
2016-12-02 00:00:00+09:00,652.2287214893406,652.2287214893406,646.3725713525115,647.8366088867188,3800,0.0,0.0
2016-12-05 00:00:00+09:00,647.8366216167119,652.9607530871266,647.8366216167119,649.3006591796875,3800,0.0,0.0
2016-12-06 00:00:00+09:00,646.3726312117143,646.3726312117143,644.1765747070312,644.1765747070312,1900,0.0,0.0
2016-12-07 00:00:00+09:00,644.9085935419256,648.5686877163973,644.1765747070312,644.1765747070312,7200,0.0,0.0
2016-12-08 00:00:00+09:00,644.176549345391,644.176549345391,641.2484741210938,641.2484741210938,8200,0.0,0.0
2016-12-09 00:00:00+09:00,651.496715524151,652.2287343056388,644.9085464907607,649.3006591796875,2600,0.0,0.0
2016-12-12 00:00:00+09:00,652.2287343056388,652.2287343056388,647.8366216167119,649.3006591796875,6300,0.0,0.0
2016-12-13 00:00:00+09:00,646.3725827448493,649.3006578648713,645.6405639648438,645.6405639648438,3300,0.0,0.0
2016-12-14 00:00:00+09:00,645.640575421955,645.640575421955,640.5164438709871,643.4445190429688,14800,0.0,0.0
2016-12-15 00:00:00+09:00,665.405059297206,680.7774534063824,642.7124775169933,647.8366088867188,74500,0.0,0.0
2016-12-16 00:00:00+09:00,650.032675313569,652.2287316490878,641.98046875,641.98046875,23200,0.0,0.0
2016-12-19 00:00:00+09:00,641.9805769198202,641.9805769198202,629.5362555884212,633.1963500976562,16400,0.0,0.0
2016-12-20 00:00:00+09:00,639.7844606584821,644.1765736607143,633.196291155134,640.5164794921875,21700,0.0,0.0
2016-12-21 00:00:00+09:00,640.5165028105671,640.5165028105671,631.0002576259529,636.1243896484375,19200,0.0,0.0
2016-12-22 00:00:00+09:00,639.7845698062176,642.7126456405709,632.4643802203341,635.3924560546875,13700,0.0,0.0
2016-12-26 00:00:00+09:00,636.85634990601,643.4445190429688,633.196255941033,643.4445190429688,17200,0.0,0.0
2016-12-27 00:00:00+09:00,643.4444821299073,643.4444821299073,636.124294619897,642.7124633789062,10900,0.0,0.0
2016-12-28 00:00:00+09:00,643.4445421146772,644.9085797531634,638.3204103799757,639.0524291992188,5900,0.0,0.0
2016-12-29 00:00:00+09:00,637.5884031098465,640.5164784398572,634.6603277798357,636.8563842773438,5800,0.0,0.0
2016-12-30 00:00:00+09:00,636.856313370898,645.6405383829104,636.856313370898,642.7124633789062,4500,0.0,0.0
2017-01-04 00:00:00+09:00,642.7124775169933,650.0326651880297,641.9804587498896,647.8366088867188,3000,0.0,0.0
2017-01-05 00:00:00+09:00,650.7648439418052,652.2288818359375,647.8367681535406,652.2288818359375,2000,0.0,0.0
2017-01-06 00:00:00+09:00,651.4966913171717,652.9607288257496,650.0326538085938,650.0326538085938,1200,0.0,0.0
2017-01-10 00:00:00+09:00,652.228797529852,658.8169672018707,651.4967786774056,656.6209106445312,4800,0.0,0.0
2017-01-11 00:00:00+09:00,656.6208980283258,660.2809922202339,655.1568603515625,655.1568603515625,5900,0.0,0.0
2017-01-12 00:00:00+09:00,655.8889765712682,658.8170523595328,651.4968628888713,652.2288818359375,2200,0.0,0.0
2017-01-13 00:00:00+09:00,652.9607443576389,658.81689453125,652.9607443576389,658.81689453125,800,0.0,0.0
2017-01-16 00:00:00+09:00,664.6730447048611,664.6730447048611,655.156800672743,658.81689453125,2800,0.0,0.0
2017-01-17 00:00:00+09:00,655.8888052911534,658.8168803147747,650.032655243911,653.6927490234375,8000,0.0,0.0
2017-01-18 00:00:00+09:00,652.228796578309,652.9608154296875,650.0327400241732,652.9608154296875,2600,0.0,0.0
2017-01-19 00:00:00+09:00,655.8888676224944,662.4770370517382,655.8888676224944,657.3529052734375,800,0.0,0.0
2017-01-20 00:00:00+09:00,657.3529188967541,663.2090696218922,657.3529188967541,662.47705078125,3700,0.0,0.0
2017-01-23 00:00:00+09:00,661.7450319406078,663.9410884625345,658.8169565780387,662.47705078125,800,0.0,0.0
2017-01-24 00:00:00+09:00,665.4051261438191,665.4051261438191,661.7450319406078,662.47705078125,1100,0.0,0.0
2017-01-25 00:00:00+09:00,662.47705078125,665.4051261438191,662.47705078125,662.47705078125,700,0.0,0.0
2017-01-26 00:00:00+09:00,665.4051513671875,665.4051513671875,665.4051513671875,665.4051513671875,300,0.0,0.0
2017-01-27 00:00:00+09:00,665.4051756333675,666.8692134235399,664.6731567382812,664.6731567382812,3000,0.0,0.0
2017-01-30 00:00:00+09:00,664.6731567382812,664.6731567382812,664.6731567382812,664.6731567382812,0,0.0,0.0
2017-01-31 00:00:00+09:00,661.0130150966957,669.7972412109375,651.4967701396005,669.7972412109375,7400,0.0,0.0
2017-02-01 00:00:00+09:00,667.601184682377,669.7972412109375,667.601184682377,669.7972412109375,700,0.0,0.0
2017-02-02 00:00:00+09:00,669.7972402048634,669.7972402048634,666.1371459960938,666.1371459960938,1100,0.0,0.0
2017-02-03 00:00:00+09:00,665.4051052429,677.1174063252834,665.4051052429,674.1893310546875,4000,0.0,0.0
2017-02-06 00:00:00+09:00,677.1173351932522,680.04541015625,674.1892602302544,680.04541015625,8700,0.0,0.0
2017-02-07 00:00:00+09:00,680.7774557996153,689.5616810357393,679.3134182602612,686.6336059570312,8400,0.0,0.0
2017-02-08 00:00:00+09:00,690.2936998054163,690.2936998054163,682.2414933389692,686.6336059570312,2400,0.0,0.0
2017-02-09 00:00:00+09:00,690.2936770552295,691.0256958007812,690.2936770552295,691.0256958007812,1300,0.0,0.0
2017-02-10 00:00:00+09:00,690.2937356756893,691.0257544834047,682.2415287908191,683.70556640625,2400,0.0,0.0
2017-02-13 00:00:00+09:00,690.2937517456953,696.14990234375,690.2937517456953,696.14990234375,2900,0.0,0.0
2017-02-14 00:00:00+09:00,686.6336833953858,707.1302112579345,686.6336833953858,702.7380981445312,3800,0.0,0.0
2017-02-15 00:00:00+09:00,707.1302131574179,714.4504016994201,706.3981943032176,710.0582885742188,3900,0.0,0.0
2017-02-16 00:00:00+09:00,710.0583876170687,721.7706909179688,710.0583876170687,721.7706909179688,7300,0.0,0.0
2017-02-17 00:00:00+09:00,723.2347288305813,726.8948236121125,717.3785771801312,721.7706909179688,12800,0.0,0.0
2017-02-20 00:00:00+09:00,729.0908077861702,729.0908077861702,718.1105245363784,727.6267700195312,3800,0.0,0.0
2017-02-21 00:00:00+09:00,727.6267700195312,732.0188833194479,714.4504301197812,727.6267700195312,10700,0.0,0.0
2017-02-22 00:00:00+09:00,727.6266974752382,735.6789043889481,727.6266974752382,729.82275390625,17700,0.0,0.0
2017-02-23 00:00:00+09:00,740.8031605246539,740.8031605246539,732.0189333247567,733.4829711914062,1000,0.0,0.0
2017-02-24 00:00:00+09:00,738.6071037246795,739.3391226580043,733.4829711914062,733.4829711914062,3700,0.0,0.0
2017-02-27 00:00:00+09:00,726.8945142646812,728.3585515542376,699.8098244078906,718.1102905273438,3200,0.0,0.0
2017-02-28 00:00:00+09:00,718.8423959490007,727.6266207467481,718.8423959490007,721.0384521484375,3600,0.0,0.0
2017-03-01 00:00:00+09:00,721.0386719616625,721.7706909179688,716.646558223825,721.7706909179688,3500,0.0,0.0
2017-03-02 00:00:00+09:00,725.430643333579,738.6069819612323,723.2345868956368,737.1429443359375,6500,0.0,0.0
2017-03-03 00:00:00+09:00,737.1430006626674,774.4759629603794,737.1430006626674,768.6198120117188,14500,0.0,0.0
2017-03-06 00:00:00+09:00,812.5409420302628,909.1674324338617,798.6325835630781,811.076904296875,102200,0.0,0.0
2017-03-07 00:00:00+09:00,811.0768587636188,811.0768587636188,773.0118798324743,781.0640869140625,16100,0.0,0.0
2017-03-08 00:00:00+09:00,796.4364420572917,796.4364420572917,769.3517468770345,773.0118408203125,8400,0.0,0.0
2017-03-09 00:00:00+09:00,790.5804068282996,790.5804068282996,778.136085609706,786.1882934570312,10900,0.0,0.0
2017-03-10 00:00:00+09:00,786.9203366637786,792.044469088566,781.0641853211644,785.456298828125,3700,0.0,0.0
2017-03-13 00:00:00+09:00,785.4562494866201,786.9202872303044,783.2601928710938,783.2601928710938,1700,0.0,0.0
2017-03-14 00:00:00+09:00,780.3320415186747,783.2601167213714,773.0118535119329,774.4758911132812,3600,0.0,0.0
2017-03-15 00:00:00+09:00,774.475985867571,778.1360803187409,760.567626953125,760.567626953125,11300,0.0,0.0
2017-03-16 00:00:00+09:00,748.123132059099,775.2078247070312,745.9270758984559,775.2078247070312,10200,0.0,0.0
2017-03-17 00:00:00+09:00,773.7438710965322,774.475889896056,767.8877207003427,770.8157958984375,3000,0.0,0.0
2017-03-21 00:00:00+09:00,770.8158966575921,786.9203123522426,770.8158966575921,786.1882934570312,3500,0.0,0.0
2017-03-22 00:00:00+09:00,786.1883405181972,786.1883405181972,773.7440185546875,773.7440185546875,5300,0.0,0.0
2017-03-23 00:00:00+09:00,778.1360116116667,781.0640869140625,773.0118798324743,781.0640869140625,2800,0.0,0.0
2017-03-24 00:00:00+09:00,778.1360473632812,781.064122800208,774.4759530671229,778.1360473632812,3900,0.0,0.0
2017-03-27 00:00:00+09:00,768.6197268180231,770.8157831803602,764.9596328807944,769.3517456054688,3200,0.0,0.0
2017-03-28 00:00:00+09:00,800.0964760270397,800.0964760270397,777.4038952797036,780.3319702148438,6700,0.0,0.0
2017-03-29 00:00:00+09:00,802.2926458174989,802.2926458174989,769.3517981333862,782.5281372070312,12800,0.0,0.0
2017-03-30 00:00:00+09:00,782.5281372070312,792.7764009309774,782.5281372070312,782.5281372070312,2600,0.0,0.0
2017-03-31 00:00:00+09:00,782.5281739992515,786.1882683584623,781.0641362555673,783.2601928710938,5800,0.0,0.0
2017-04-03 00:00:00+09:00,784.7242928964121,797.1686147054036,784.7242928964121,790.5804443359375,5500,0.0,0.0
2017-04-04 00:00:00+09:00,792.0444028432133,792.0444028432133,753.9794222999166,767.15576171875,17300,0.0,0.0
2017-04-05 00:00:00+09:00,761.2996099367809,780.3321001852004,761.2996099367809,763.4956665039062,6400,0.0,0.0
2017-04-06 00:00:00+09:00,763.4957757898279,764.2277947503167,740.071169054186,758.3716430664062,21000,0.0,0.0
2017-04-07 00:00:00+09:00,751.0514534615181,765.6918326712943,740.071169054186,758.3716430664062,11600,0.0,0.0
2017-04-10 00:00:00+09:00,758.3714687372345,783.9921264648438,758.3714687372345,783.9921264648438,11700,0.0,0.0
2017-04-11 00:00:00+09:00,783.9921495034662,783.9921495034662,772.2798484838065,779.6000366210938,10400,0.0,0.0
2017-04-12 00:00:00+09:00,772.279822031657,780.3320287068685,763.4955965677898,773.0118408203125,5600,0.0,0.0
2017-04-13 00:00:00+09:00,772.279822031657,773.0118408203125,766.4236717224121,773.0118408203125,2700,0.0,0.0
2017-04-14 00:00:00+09:00,773.0118382528681,773.0118382528681,755.4433873834847,765.691650390625,3100,0.0,0.0
2017-04-17 00:00:00+09:00,750.3193601965904,750.3193601965904,745.1952279806137,749.5873413085938,2000,0.0,0.0
2017-04-18 00:00:00+09:00,761.2996070950876,764.2276825069918,752.515380859375,752.515380859375,1600,0.0,0.0
2017-04-19 00:00:00+09:00,742.26710347354,751.7833483898676,740.8030657941051,747.3912353515625,3700,0.0,0.0
2017-04-20 00:00:00+09:00,739.339052972561,753.9794302591464,739.339052972561,750.3193359375,8000,0.0,0.0
2017-04-21 00:00:00+09:00,753.9794445129806,764.2277088073319,753.2474256348128,759.1035766601562,9100,0.0,0.0
2017-04-24 00:00:00+09:00,748.1232942958253,765.691747390835,748.1232942958253,762.763671875,6400,0.0,0.0
2017-04-25 00:00:00+09:00,751.0513335566012,764.2276727418047,751.0513335566012,762.0316162109375,4200,0.0,0.0
2017-04-26 00:00:00+09:00,762.7721848598746,771.6588510912518,762.7721848598746,764.2532958984375,6700,12.0,0.0
2017-04-27 00:00:00+09:00,764.2531626333841,764.2531626333841,754.625942561452,759.0692749023438,2800,0.0,0.0
2017-04-28 00:00:00+09:00,759.0692772337552,759.0692772337552,754.6259448792161,756.1070556640625,1300,0.0,0.0
2017-05-01 00:00:00+09:00,762.7720788609739,769.4370776083027,756.107080113645,763.5126342773438,4400,0.0,0.0
2017-05-02 00:00:00+09:00,764.993861649103,773.8805279993346,764.993861649103,769.4371948242188,5600,0.0,0.0
2017-05-08 00:00:00+09:00,785.729335738435,794.6160011756275,780.5454475667393,790.1726684570312,8800,0.0,0.0
2017-05-09 00:00:00+09:00,790.1727454666797,790.913300991953,782.7671902139459,789.4321899414062,3000,0.0,0.0
2017-05-10 00:00:00+09:00,792.3944222627126,795.3566444020124,785.7294224492879,794.6160888671875,6200,0.0,0.0
2017-05-11 00:00:00+09:00,799.0593078162836,804.243195818799,794.6159752426992,802.7620849609375,12600,0.0,0.0
2017-05-12 00:00:00+09:00,807.9460476732298,810.9082696628659,799.7999372017307,804.9838256835938,8500,0.0,0.0
2017-05-15 00:00:00+09:00,810.9081148510137,811.6486702070421,804.9836720027871,806.4647827148438,8800,0.0,0.0
2017-05-16 00:00:00+09:00,812.3894622830453,833.1250182939161,807.9461288521444,815.3516845703125,14000,0.0,0.0
2017-05-17 00:00:00+09:00,826.4598164913226,830.9031488380501,799.7998224109573,816.092041015625,34400,0.0,0.0
2017-05-18 00:00:00+09:00,810.9082646156425,810.9082646156425,762.7721575836637,793.87548828125,14600,0.0,0.0
2017-05-19 00:00:00+09:00,792.3944511945858,802.021673498819,792.3944511945858,796.0972290039062,6200,0.0,0.0
2017-05-22 00:00:00+09:00,804.9838917823267,835.3466696692407,804.9838917823267,830.1627807617188,8500,0.0,0.0
2017-05-23 00:00:00+09:00,826.4598253769373,830.903157771437,819.0542713861046,824.2381591796875,7900,0.0,0.0
2017-05-24 00:00:00+09:00,829.4222252035014,833.8655585528059,819.795002946675,830.1627807617188,9700,0.0,0.0
2017-05-25 00:00:00+09:00,830.162656141493,838.3087660590278,825.7193234592014,833.1248779296875,9100,0.0,0.0
2017-05-26 00:00:00+09:00,835.3464649301715,842.7520186972829,834.6059095534603,836.8275756835938,4200,0.0,0.0
2017-05-29 00:00:00+09:00,847.1955726603511,847.9361282308585,840.5305725257854,846.4550170898438,8400,0.0,0.0
2017-05-30 00:00:00+09:00,849.4170800082495,855.3415234607918,844.9737474188429,853.8604125976562,9000,0.0,0.0
2017-05-31 00:00:00+09:00,866.4498485218395,888.6665113044508,860.5254051131432,879.7798461914062,28500,0.0,0.0
2017-06-01 00:00:00+09:00,873.8555558254506,879.7800002717248,862.7472224886864,878.2988891601562,28700,0.0,0.0
2017-06-02 00:00:00+09:00,888.6665173004988,895.3315161802525,877.5581858342425,890.88818359375,48300,0.0,0.0
2017-06-05 00:00:00+09:00,925.6941272366431,935.3213461599042,908.6613552954889,918.28857421875,129000,0.0,0.0
2017-06-06 00:00:00+09:00,898.2937887440557,907.9210098930027,896.8126777980639,902.7371215820312,21500,0.0,0.0
2017-06-07 00:00:00+09:00,884.9638850133099,891.6288849841214,867.1905517578125,867.1905517578125,22800,0.0,0.0
2017-06-08 00:00:00+09:00,877.5583557284476,881.2611336007195,869.4122444094493,871.6339111328125,10900,0.0,0.0
2017-06-09 00:00:00+09:00,855.3416137695312,861.2660578475886,851.6388362207454,855.3416137695312,11200,0.0,0.0
2017-06-12 00:00:00+09:00,866.4498499197554,866.4498499197554,855.3415185105277,859.7848510742188,8800,0.0,0.0
2017-06-13 00:00:00+09:00,862.006525762252,869.4120801072885,862.006525762252,867.9309692382812,5000,0.0,0.0
2017-06-14 00:00:00+09:00,870.8932627127068,879.0393731632508,869.4121517216987,873.1149291992188,7300,0.0,0.0
2017-06-15 00:00:00+09:00,871.6337464107995,874.5959681488141,858.3037485897337,867.9309692382812,11800,0.0,0.0
2017-06-16 00:00:00+09:00,873.8554318211659,881.260986328125,865.709321863511,881.260986328125,6500,0.0,0.0
2017-06-19 00:00:00+09:00,881.2611113832934,888.6666669411361,876.8177780485877,878.2988891601562,6800,0.0,0.0
2017-06-20 00:00:00+09:00,877.5583880485372,877.5583880485372,868.6717208277925,870.15283203125,4500,0.0,0.0
2017-06-21 00:00:00+09:00,867.1904852351868,873.8554846947228,866.4499297396827,873.1149291992188,6200,0.0,0.0
2017-06-22 00:00:00+09:00,873.1148921366596,880.5204467773438,873.1148921366596,880.5204467773438,4100,0.0,0.0
2017-06-23 00:00:00+09:00,872.3744988364361,879.0394992519946,870.15283203125,870.15283203125,4900,0.0,0.0
2017-06-26 00:00:00+09:00,870.15283203125,876.0772768450797,866.4500540226063,870.15283203125,5700,0.0,0.0
2017-06-27 00:00:00+09:00,870.1527259215788,873.1149479672694,866.4499483644657,869.4121704101562,8400,0.0,0.0
2017-06-28 00:00:00+09:00,873.8555195345801,878.298852684756,868.671630859375,868.671630859375,3000,0.0,0.0
2017-06-29 00:00:00+09:00,870.1526305635097,877.5581848661778,870.1526305635097,873.8554077148438,3200,0.0,0.0
2017-06-30 00:00:00+09:00,873.8556100398936,877.5583880485372,870.15283203125,870.15283203125,1000,0.0,0.0
2017-07-03 00:00:00+09:00,870.152606149005,870.152606149005,856.8226087782118,866.4498291015625,5200,0.0,0.0
2017-07-04 00:00:00+09:00,866.4498291015625,870.152606149005,863.4876074636085,866.4498291015625,7800,0.0,0.0
2017-07-05 00:00:00+09:00,870.15283203125,870.15283203125,867.190609624335,870.15283203125,5200,0.0,0.0
2017-07-06 00:00:00+09:00,873.1150544381649,873.8556100398936,862.006720412234,870.15283203125,4700,0.0,0.0
2017-07-07 00:00:00+09:00,870.15283203125,873.1150544381649,867.9311652260637,870.15283203125,4600,0.0,0.0
2017-07-10 00:00:00+09:00,870.1526438696145,876.0770874023438,870.1526438696145,876.0770874023438,3900,0.0,0.0
2017-07-11 00:00:00+09:00,875.3365002595925,877.5581665039062,872.3742786005076,877.5581665039062,6000,0.0,0.0
2017-07-12 00:00:00+09:00,877.5583336043719,879.0394447159405,873.8555558254506,878.2988891601562,6300,0.0,0.0
2017-07-13 00:00:00+09:00,878.2987645253413,881.260986328125,877.5582090746454,881.260986328125,5100,0.0,0.0
2017-07-14 00:00:00+09:00,882.7422295158469,886.4450073242188,882.0016739541725,886.4450073242188,2700,0.0,0.0
2017-07-17 00:00:00+09:00,886.4450073242188,886.4450073242188,886.4450073242188,886.4450073242188,0,0.0,0.0
2017-07-18 00:00:00+09:00,890.88818359375,897.5531824735037,888.6665173004988,890.88818359375,5400,0.0,0.0
2017-07-19 00:00:00+09:00,890.8882605731983,893.1099270584183,888.6665940879784,890.147705078125,1200,0.0,0.0
2017-07-20 00:00:00+09:00,898.2937887440557,907.9210098930027,892.3693449600884,902.7371215820312,10000,0.0,0.0
2017-07-21 00:00:00+09:00,903.4776611328126,913.8454375720415,896.8126619933082,903.4776611328125,3700,0.0,0.0
2017-07-24 00:00:00+09:00,907.1805082409587,907.1805082409587,894.591064453125,894.591064453125,1200,0.0,0.0
2017-07-25 00:00:00+09:00,890.8883258252234,901.9966590649394,890.147770275909,901.256103515625,1200,0.0,0.0
2017-07-26 00:00:00+09:00,900.5154981525812,903.4777201859779,889.4071655273438,889.4071655273438,4900,0.0,0.0
2017-07-27 00:00:00+09:00,890.1477210356929,894.591054085788,889.4071655273438,889.4071655273438,2300,0.0,0.0
2017-07-28 00:00:00+09:00,888.6667191086707,888.6667191086707,881.2611631160985,887.1856079101562,1900,0.0,0.0
2017-07-31 00:00:00+09:00,905.6994978915869,905.6994978915869,874.5961627227834,887.1856079101562,1900,0.0,0.0
2017-08-01 00:00:00+09:00,888.6667124644587,888.6667124644587,878.2989341523734,879.0394897460938,3300,0.0,0.0
2017-08-02 00:00:00+09:00,879.0394257898595,887.9260922679373,878.2988702500197,882.0016479492188,2300,0.0,0.0
2017-08-03 00:00:00+09:00,881.2611435555123,881.2611435555123,876.077254475774,876.8178100585938,2600,0.0,0.0
2017-08-04 00:00:00+09:00,876.8177739378735,876.8177739378735,866.4499962055,867.1905517578125,4600,0.0,0.0
2017-08-07 00:00:00+09:00,856.822774025439,867.1905517578125,856.822774025439,867.1905517578125,4800,0.0,0.0
2017-08-08 00:00:00+09:00,871.6337891133627,890.1476758829752,870.1526781717937,888.6665649414062,2800,0.0,0.0
2017-08-09 00:00:00+09:00,888.6667702414773,896.0723266601562,888.6667702414773,896.0723266601562,7000,0.0,0.0
2017-08-10 00:00:00+09:00,891.6288813745377,910.1427701073978,891.6288813745377,901.256103515625,10000,0.0,0.0
2017-08-11 00:00:00+09:00,901.256103515625,901.256103515625,901.256103515625,901.256103515625,0,0.0,0.0
2017-08-14 00:00:00+09:00,896.0720716113362,896.0720716113362,884.96374014508,890.88818359375,6100,0.0,0.0
2017-08-15 00:00:00+09:00,897.553127645859,902.737015346784,884.9636860864699,901.9964599609375,17800,0.0,0.0
2017-08-16 00:00:00+09:00,901.9965817361566,919.0293579101564,896.8126933353741,919.0293579101562,10100,0.0,0.0
2017-08-17 00:00:00+09:00,918.288666905417,924.21310991771,911.6236685165874,916.8075561523438,5600,0.0,0.0
2017-08-18 00:00:00+09:00,914.58599592429,919.7698841602981,914.58599592429,917.5482177734375,3500,0.0,0.0
2017-08-21 00:00:00+09:00,917.5482362733536,930.8782348632812,917.5482362733536,930.8782348632812,5900,0.0,0.0
2017-08-22 00:00:00+09:00,938.2837266773449,955.3165015104775,936.8026158222899,950.8731689453125,28200,0.0,0.0
2017-08-23 00:00:00+09:00,950.8730386117788,977.5330303485578,950.8730386117788,962.721923828125,14900,0.0,0.0
2017-08-24 00:00:00+09:00,962.7221851887,973.0899625676552,943.467741484926,944.9488525390625,12000,0.0,0.0
2017-08-25 00:00:00+09:00,953.8354597761825,960.5004591069167,953.0949042949898,959.0193481445312,3300,0.0,0.0
2017-08-28 00:00:00+09:00,969.3872230366464,970.1277785928241,961.2411119186914,968.6466674804688,4900,0.0,0.0
2017-08-29 00:00:00+09:00,967.1653500339044,998.2686767578125,960.5003514502098,998.2686767578125,10900,0.0,0.0
2017-08-30 00:00:00+09:00,1001.9715971421565,1016.7827072255587,1001.9715971421565,1008.6365966796875,19200,0.0,0.0
2017-08-31 00:00:00+09:00,1021.2262123672641,1033.8156580599714,999.7500991267633,1020.4856567382812,42200,0.0,0.0
2017-09-01 00:00:00+09:00,1052.329388945424,1052.329388945424,1031.593834483445,1038.9993896484375,57000,0.0,0.0
2017-09-04 00:00:00+09:00,1018.263754696076,1055.2915275941152,1006.4148673687035,1045.664306640625,45500,0.0,0.0
2017-09-05 00:00:00+09:00,1044.1830372143818,1044.9235925599237,1022.7069321936604,1033.07470703125,20700,0.0,0.0
2017-09-06 00:00:00+09:00,1010.8580795459533,1022.706965460045,977.5330879125702,988.6414184570312,18700,0.0,0.0
2017-09-07 00:00:00+09:00,980.4954647526336,994.5660190051261,966.4249105001411,984.1982421875,11500,0.0,0.0
2017-09-08 00:00:00+09:00,984.1981494195653,985.6792602539062,972.3492627448377,985.6792602539062,15600,0.0,0.0
2017-09-11 00:00:00+09:00,981.2358647607239,1007.1553026977996,981.2358647607239,988.6414184570312,5400,0.0,0.0
2017-09-12 00:00:00+09:00,1005.6745543844538,1006.4151100209667,988.6417747446583,997.5284423828125,2100,0.0,0.0
2017-09-13 00:00:00+09:00,1009.3771625348822,1015.3016066289974,997.5282743466518,1013.8204956054688,6300,0.0,0.0
2017-09-14 00:00:00+09:00,1013.8202003368433,1021.96630859375,1006.414647376019,1021.96630859375,7500,0.0,0.0
2017-09-15 00:00:00+09:00,1025.6693033498793,1026.4098588035617,1016.7826379056928,1017.523193359375,5100,0.0,0.0
2017-09-18 00:00:00+09:00,1017.523193359375,1017.523193359375,1017.523193359375,1017.523193359375,0,0.0,0.0
2017-09-19 00:00:00+09:00,1021.9666877796232,1024.9289100630424,1013.0800209293656,1024.1883544921875,5100,0.0,0.0
2017-09-20 00:00:00+09:00,1022.7068638898324,1023.4474191859149,1021.96630859375,1021.96630859375,4400,0.0,0.0
2017-09-21 00:00:00+09:00,1021.9666688242976,1032.3344466239644,1021.9666688242976,1027.89111328125,3400,0.0,0.0
2017-09-22 00:00:00+09:00,1033.0747926107929,1044.1831237141348,1029.3720155763456,1040.4803466796875,7900,0.0,0.0
2017-09-25 00:00:00+09:00,1033.0750221328626,1038.2589111328125,1033.0750221328626,1038.2589111328125,3700,0.0,0.0
2017-09-26 00:00:00+09:00,1060.4755528102914,1060.4755528102914,1044.183330630245,1047.8861083984375,6100,0.0,0.0
2017-09-27 00:00:00+09:00,1064.17811970015,1064.17811970015,1040.4803466796875,1040.4803466796875,5800,0.0,0.0
2017-09-28 00:00:00+09:00,1045.664441737522,1053.8105528275453,1044.9238861838835,1047.8861083984375,3100,0.0,0.0
2017-09-29 00:00:00+09:00,1047.8861274448693,1051.5889052803634,1044.183349609375,1044.183349609375,2200,0.0,0.0
2017-10-02 00:00:00+09:00,1044.9238861838835,1051.58888616663,1044.9238861838835,1047.8861083984375,600,0.0,0.0
2017-10-03 00:00:00+09:00,1046.4048806782216,1049.367102562661,1041.2209923804526,1041.9615478515625,5300,0.0,0.0
2017-10-04 00:00:00+09:00,1042.7022384751772,1047.1455718777704,1041.2211273409796,1044.183349609375,2300,0.0,0.0
2017-10-05 00:00:00+09:00,1037.518180221448,1044.1831792378598,1029.3720703125,1029.3720703125,8200,0.0,0.0
2017-10-06 00:00:00+09:00,1029.372187943892,1031.5938545365766,1013.8205217950995,1018.2638549804688,4700,0.0,0.0
2017-10-09 00:00:00+09:00,1018.2638549804688,1018.2638549804688,1018.2638549804688,1018.2638549804688,0,0.0,0.0
2017-10-10 00:00:00+09:00,1001.2308285173434,1012.3391587153908,1001.2308285173434,1010.1174926757812,3000,0.0,0.0
2017-10-11 00:00:00+09:00,995.3064167837078,1001.2308597407537,983.4575308696161,988.6414184570312,9700,0.0,0.0
2017-10-12 00:00:00+09:00,990.8630845659234,1001.2308597407537,988.6414184570312,988.6414184570312,3500,0.0,0.0
2017-10-13 00:00:00+09:00,989.3821890531226,997.5282998911349,984.198300338024,987.1605224609375,4300,0.0,0.0
2017-10-16 00:00:00+09:00,996.047203604356,996.047203604356,972.3494262695312,972.3494262695312,7400,0.0,0.0
2017-10-17 00:00:00+09:00,974.5709496294677,979.7548376594117,974.5709496294677,979.0142822265625,1500,0.0,0.0
2017-10-18 00:00:00+09:00,984.9388023214613,1012.33935546875,984.9388023214613,1012.33935546875,4900,0.0,0.0
2017-10-19 00:00:00+09:00,1024.9288547585227,1031.5938545365766,1013.8205217950995,1018.2638549804688,3800,0.0,0.0
2017-10-20 00:00:00+09:00,1016.782425325011,1016.782425325011,987.9007686697486,993.0846557617188,4600,0.0,0.0
2017-10-23 00:00:00+09:00,993.0850069493076,1010.1177848462756,993.0850069493076,1007.8961181640625,4500,0.0,0.0
2017-10-24 00:00:00+09:00,1000.4905121563471,1013.0799560546875,1000.4905121563471,1013.0799560546875,2000,0.0,0.0
2017-10-25 00:00:00+09:00,1009.3769667082265,1013.0797435486822,1005.6741898677708,1011.5986328125,5900,0.0,0.0
2017-10-26 00:00:00+09:00,993.8253545692103,1035.2964572934097,993.8253545692103,1023.4475708007812,7200,0.0,0.0
2017-10-27 00:00:00+09:00,1025.6988695804728,1026.4491979415411,1018.9459143308575,1021.1968994140625,4400,18.0,0.0
2017-10-30 00:00:00+09:00,1021.1968994140626,1021.1968994140626,1021.1968994140626,1021.1968994140625,0,0.0,0.0
2017-10-31 00:00:00+09:00,1022.6970900142894,1023.4474180333755,1017.444793880687,1020.4461059570312,1500,0.0,0.0
2017-11-01 00:00:00+09:00,1017.4452832464636,1039.2048062657464,1014.4439697265625,1014.4439697265625,11200,0.0,0.0
2017-11-02 00:00:00+09:00,1013.6935488720559,1017.4451904296875,1013.6935488720559,1017.4451904296875,1600,0.0,0.0
2017-11-03 00:00:00+09:00,1017.4451904296875,1017.4451904296875,1017.4451904296875,1017.4451904296875,0,0.0,0.0
2017-11-06 00:00:00+09:00,1020.4464334569552,1020.4464334569552,954.4175465862111,964.1718139648438,9000,0.0,0.0
2017-11-07 00:00:00+09:00,969.4240654365166,982.1796452448918,964.9220960923842,965.6724243164062,6600,0.0,0.0
2017-11-08 00:00:00+09:00,979.1784092656765,979.1784092656765,965.6725001723569,967.1731567382812,8900,0.0,0.0
2017-11-09 00:00:00+09:00,970.9247218845608,970.9247218845608,965.6724243164062,965.6724243164062,1200,0.0,0.0
2017-11-10 00:00:00+09:00,965.6724243164062,965.6724243164062,965.6724243164062,965.6724243164062,0,0.0,0.0
2017-11-13 00:00:00+09:00,959.6699409334085,959.6699409334085,939.4110758785203,949.1653442382812,5200,0.0,0.0
2017-11-14 00:00:00+09:00,950.6659332275391,960.4202008928571,945.4136352539062,945.4136352539062,7300,0.0,0.0
2017-11-15 00:00:00+09:00,952.9169498127736,959.6699045752264,923.6541458421451,942.412353515625,12600,0.0,0.0
2017-11-16 00:00:00+09:00,964.9221705845424,964.9221705845424,943.1626504080637,945.4136352539062,10800,0.0,0.0
2017-11-17 00:00:00+09:00,953.6670992034359,962.6710371974888,947.6644738740673,952.1664428710938,5700,0.0,0.0
2017-11-20 00:00:00+09:00,960.4201061320755,960.4201061320755,950.6658394291716,954.41748046875,4800,0.0,0.0
2017-11-21 00:00:00+09:00,955.167782679832,973.1756591796875,955.167782679832,973.1756591796875,3400,0.0,0.0
2017-11-22 00:00:00+09:00,975.4266206949994,975.4266206949994,961.1703854694572,973.9259643554688,9600,0.0,0.0
2017-11-23 00:00:00+09:00,973.9259643554686,973.9259643554686,973.9259643554686,973.9259643554688,0,0.0,0.0
2017-11-24 00:00:00+09:00,964.1716964930704,985.9312133789062,964.1716964930704,985.9312133789062,8000,0.0,0.0
2017-11-27 00:00:00+09:00,987.4322102864584,992.6845092773438,985.1812250046503,992.6845092773438,6200,0.0,0.0
2017-11-28 00:00:00+09:00,995.6854628597398,997.1861191715103,990.433165768543,996.435791015625,2500,0.0,0.0
2017-11-29 00:00:00+09:00,1044.456835084607,1047.4581478291032,1017.445020384143,1030.950927734375,11200,0.0,0.0
2017-11-30 00:00:00+09:00,1030.2003247783132,1037.7036046383155,1024.9480288763116,1027.9493408203125,2700,0.0,0.0
2017-12-01 00:00:00+09:00,1027.9493408203125,1027.9493408203125,1027.9493408203125,1027.9493408203125,0,0.0,0.0
2017-12-04 00:00:00+09:00,1027.9496745262754,1039.2045979699938,1024.1980333783692,1036.95361328125,6400,0.0,0.0
2017-12-05 00:00:00+09:00,1261.301578125,1262.05190625,1125.4921875,1125.4921875,197700,0.0,0.0
2017-12-06 00:00:00+09:00,1160.7578961869644,1172.0128208429467,1125.4924655982202,1138.248046875,54900,0.0,0.0
2017-12-07 00:00:00+09:00,1133.7459361371266,1136.7472490057887,1106.7341203191672,1120.9903564453125,18700,0.0,0.0
2017-12-08 00:00:00+09:00,1140.4991436907985,1140.4991436907985,1106.7343664104787,1108.9853515625,14700,0.0,0.0
2017-12-11 00:00:00+09:00,1123.2413353981158,1129.243961104986,1094.7288632904815,1111.236083984375,5500,0.0,0.0
2017-12-12 00:00:00+09:00,1121.7406846624779,1121.7406846624779,1103.732807450505,1120.9903564453125,10200,0.0,0.0
2017-12-13 00:00:00+09:00,1168.2609155828304,1189.2701035316545,1145.0007432109178,1188.519775390625,37900,0.0,0.0
2017-12-14 00:00:00+09:00,1053.4607887216862,1131.494921219589,1037.7038965826866,1117.989013671875,75000,0.0,0.0
2017-12-15 00:00:00+09:00,1108.2348147056844,1117.9890818628771,1075.9707002626617,1087.9759521484375,10900,0.0,0.0
2017-12-18 00:00:00+09:00,1088.725990316428,1090.2266464023223,1075.9704135863249,1089.476318359375,8100,0.0,0.0
2017-12-19 00:00:00+09:00,1108.234930658791,1111.986572265625,1075.220484518651,1111.986572265625,13000,0.0,0.0
2017-12-20 00:00:00+09:00,1111.2360500103862,1111.2360500103862,1065.4660303948333,1086.4752197265625,8300,0.0,0.0
2017-12-21 00:00:00+09:00,1086.4753432845293,1108.23486328125,1081.9733736300354,1108.23486328125,4200,0.0,0.0
2017-12-22 00:00:00+09:00,1108.2344428631002,1108.2344428631002,1089.476243085458,1099.9808349609375,3000,0.0,0.0
2017-12-25 00:00:00+09:00,1092.4778533196368,1092.4778533196368,1078.2216175963722,1084.2242431640625,3000,0.0,0.0
2017-12-26 00:00:00+09:00,1079.7223990395655,1084.2243687367422,1072.2191162109375,1072.2191162109375,4000,0.0,0.0
2017-12-27 00:00:00+09:00,1066.9666275024415,1084.224174923367,1066.9666275024415,1080.4725341796875,2600,0.0,0.0
2017-12-28 00:00:00+09:00,1080.4726860067522,1083.4739990234375,1073.71973171921,1083.4739990234375,2300,0.0,0.0
2017-12-29 00:00:00+09:00,1072.9693465971611,1078.2216440979864,1054.9614694514746,1065.466064453125,6500,0.0,0.0
2018-01-01 00:00:00+09:00,1065.466064453125,1065.466064453125,1065.466064453125,1065.466064453125,0,0.0,0.0
2018-01-02 00:00:00+09:00,1065.466064453125,1065.466064453125,1065.466064453125,1065.466064453125,0,0.0,0.0
2018-01-03 00:00:00+09:00,1065.466064453125,1065.466064453125,1065.466064453125,1065.466064453125,0,0.0,0.0
2018-01-04 00:00:00+09:00,1078.2216608624003,1105.2334770009156,1073.7196915059812,1094.7288818359375,9800,0.0,0.0
2018-01-05 00:00:00+09:00,1109.7354869957815,1117.23876953125,1076.7210438397206,1117.23876953125,15700,0.0,0.0
2018-01-08 00:00:00+09:00,1117.23876953125,1117.23876953125,1117.23876953125,1117.23876953125,0,0.0,0.0
2018-01-09 00:00:00+09:00,1124.7416917417402,1129.9939878339299,1121.7403796890605,1126.99267578125,6800,0.0,0.0
2018-01-10 00:00:00+09:00,1126.99284375,1126.99284375,1119.4895625,1125.4921875,2900,0.0,0.0
2018-01-11 00:00:00+09:00,1123.9916829859956,1130.744637022627,1121.7406983071185,1128.49365234375,5000,0.0,0.0
2018-01-12 00:00:00+09:00,1133.745958098247,1133.745958098247,1125.4923475495502,1126.24267578125,2700,0.0,0.0
2018-01-15 00:00:00+09:00,1125.4923834091778,1129.2440246872084,1105.2335205078125,1105.2335205078125,5100,0.0,0.0
2018-01-16 00:00:00+09:00,1102.232091890851,1116.4883272522711,1101.4817637139342,1114.9876708984375,2600,0.0,0.0
2018-01-17 00:00:00+09:00,1092.4776611328125,1113.4868469238281,1078.9717559814453,1104.48291015625,5100,0.0,0.0
2018-01-18 00:00:00+09:00,1104.4831922522064,1110.4858182970554,1103.7328639966004,1105.2335205078125,1900,0.0,0.0
2018-01-19 00:00:00+09:00,1090.2271419623223,1109.7356799465072,1090.2271419623223,1108.9853515625,2700,0.0,0.0
2018-01-22 00:00:00+09:00,1108.9853515625,1108.9853515625,1108.9853515625,1108.9853515625,0,0.0,0.0
2018-01-23 00:00:00+09:00,1105.2336007395097,1117.9891820107737,1104.4832724294354,1116.488525390625,1700,0.0,0.0
2018-01-24 00:00:00+09:00,1125.49244184586,1166.760498046875,1124.7421135512961,1166.760498046875,17500,0.0,0.0
2018-01-25 00:00:00+09:00,1193.0216516565392,1215.531494140625,1175.0137776692707,1215.531494140625,13100,0.0,0.0
2018-01-26 00:00:00+09:00,1209.528869478202,1223.7851030514564,1167.5104968412422,1215.531494140625,7000,0.0,0.0
2018-01-29 00:00:00+09:00,1215.53176583317,1215.53176583317,1196.7735595703125,1196.7735595703125,1900,0.0,0.0
2018-01-30 00:00:00+09:00,1186.269018094045,1195.2729575103185,1186.269018094045,1193.02197265625,3400,0.0,0.0
2018-01-31 00:00:00+09:00,1172.012780684945,1198.2742706490762,1172.012780684945,1193.02197265625,5000,0.0,0.0
2018-02-01 00:00:00+09:00,1193.0217903995635,1193.0217903995635,1182.5171960186867,1187.0191650390625,2200,0.0,0.0
2018-02-02 00:00:00+09:00,1172.0127144949777,1172.0127144949777,1155.5054931640625,1155.5054931640625,2300,0.0,0.0
2018-02-05 00:00:00+09:00,1105.98388671875,1114.237497813666,1104.483230156038,1105.98388671875,4500,0.0,0.0
2018-02-06 00:00:00+09:00,1031.701217840296,1050.4594218010286,1015.1939983548514,1030.2005615234375,6800,0.0,0.0
2018-02-07 00:00:00+09:00,1075.220492658944,1075.220492658944,1044.45703125,1044.45703125,1700,0.0,0.0
2018-02-08 00:00:00+09:00,1035.4526206803148,1035.4526206803148,1015.1937650583086,1027.9493408203125,3700,0.0,0.0
2018-02-09 00:00:00+09:00,1027.9493408203125,1027.9493408203125,1027.9493408203125,1027.9493408203125,0,0.0,0.0
2018-02-12 00:00:00+09:00,1027.9493408203125,1027.9493408203125,1027.9493408203125,1027.9493408203125,0,0.0,0.0
2018-02-13 00:00:00+09:00,1057.9625932585777,1057.9625932585777,1036.203078929146,1049.708984375,1500,0.0,0.0
2018-02-14 00:00:00+09:00,1049.708984375,1049.708984375,1049.708984375,1049.708984375,0,0.0,0.0
2018-02-15 00:00:00+09:00,1099.980996331936,1099.980996331936,1076.7208251953125,1076.7208251953125,1900,0.0,0.0
2018-02-16 00:00:00+09:00,1076.7208251953125,1076.7208251953125,1076.7208251953125,1076.7208251953125,0,0.0,0.0
2018-02-19 00:00:00+09:00,1082.7236625919197,1095.4792428164953,1082.7236625919197,1085.7249755859375,700,0.0,0.0
2018-02-20 00:00:00+09:00,1107.4843125,1132.99546875,1096.229390625,1125.4921875,8800,0.0,0.0
2018-02-21 00:00:00+09:00,1125.4924573396381,1148.0023064864308,1125.4924573396381,1140.4990234375,1000,0.0,0.0
2018-02-22 00:00:00+09:00,1143.5001681073422,1180.266249627854,1141.99951171875,1141.99951171875,17100,0.0,0.0
2018-02-23 00:00:00+09:00,1141.9995017376602,1163.008690994332,1141.9995017376602,1156.2557373046875,300,0.0,0.0
2018-02-26 00:00:00+09:00,1163.759033203125,1163.759033203125,1163.759033203125,1163.759033203125,1100,0.0,0.0
2018-02-27 00:00:00+09:00,1163.759033203125,1163.759033203125,1163.759033203125,1163.759033203125,0,0.0,0.0
2018-02-28 00:00:00+09:00,1170.5119986525049,1185.5185627377932,1170.5119986525049,1183.267578125,2100,0.0,0.0
2018-03-01 00:00:00+09:00,1178.015447326137,1178.015447326137,1116.4885258734344,1138.248046875,2400,0.0,0.0
2018-03-02 00:00:00+09:00,1132.9955654456967,1208.0283843493853,1129.2439245005123,1190.0205078125,11800,0.0,0.0
2018-03-05 00:00:00+09:00,1190.7707823633225,1190.7707823633225,1066.21630859375,1066.21630859375,11200,0.0,0.0
2018-03-06 00:00:00+09:00,1075.2202705188784,1117.2386481525539,1058.7130507342201,1059.46337890625,2800,0.0,0.0
2018-03-07 00:00:00+09:00,1065.4658970622554,1066.2162251587781,1054.2109756144148,1054.9613037109375,2200,0.0,0.0
2018-03-08 00:00:00+09:00,1056.462414051481,1063.9656982421875,1054.9617572133395,1063.9656982421875,900,0.0,0.0
2018-03-09 00:00:00+09:00,1059.4633487354627,1066.9666302420876,1054.9613798314874,1056.4620361328125,400,0.0,0.0
2018-03-12 00:00:00+09:00,1057.2127155841042,1061.7146859840366,1020.446623984657,1039.204833984375,4700,0.0,0.0
2018-03-13 00:00:00+09:00,1042.2058184735188,1044.4568029626623,1039.954833984375,1039.954833984375,2200,0.0,0.0
2018-03-14 00:00:00+09:00,1046.7082430467074,1049.7095570052643,1036.2036441917583,1048.959228515625,3700,0.0,0.0
2018-03-15 00:00:00+09:00,1060.9643845659048,1071.468982432894,1053.4611003751984,1063.9656982421875,1100,0.0,0.0
2018-03-16 00:00:00+09:00,1062.4648900227635,1062.4648900227635,1049.709308715993,1060.9642333984375,400,0.0,0.0
2018-03-19 00:00:00+09:00,1060.9640129768127,1060.9640129768127,1052.710403257757,1054.2110595703125,500,0.0,0.0
2018-03-20 00:00:00+09:00,1051.2098008510045,1054.2111136300223,1050.45947265625,1050.45947265625,1200,0.0,0.0
2018-03-21 00:00:00+09:00,1050.45947265625,1050.45947265625,1050.45947265625,1050.45947265625,0,0.0,0.0
2018-03-22 00:00:00+09:00,1050.4593112164046,1110.4855575716276,1050.4593112164046,1109.7352294921875,8000,0.0,0.0
2018-03-23 00:00:00+09:00,1059.4635041245074,1059.4635041245074,1047.458251953125,1047.458251953125,3300,0.0,0.0
2018-03-26 00:00:00+09:00,1047.458251953125,1047.458251953125,1047.458251953125,1047.458251953125,0,0.0,0.0
2018-03-27 00:00:00+09:00,1044.456833127248,1044.456833127248,1041.4555203883767,1042.9561767578125,1600,0.0,0.0
2018-03-28 00:00:00+09:00,1020.4463570283883,1024.197998046875,1014.4437313988095,1024.197998046875,3600,0.0,0.0
2018-03-29 00:00:00+09:00,1024.197966133068,1033.201904296875,1024.197966133068,1033.201904296875,300,0.0,0.0
2018-03-30 00:00:00+09:00,1042.9560927741395,1055.7116708872047,1042.9560927741395,1043.7064208984375,1300,0.0,0.0
2018-04-02 00:00:00+09:00,1048.9588022355551,1048.9588022355551,1042.9561767578125,1042.9561767578125,500,0.0,0.0
2018-04-03 00:00:00+09:00,1042.9561767578125,1042.9561767578125,1042.9561767578125,1042.9561767578125,0,0.0,0.0
2018-04-04 00:00:00+09:00,1048.959228515625,1048.959228515625,1048.959228515625,1048.959228515625,100,0.0,0.0
2018-04-05 00:00:00+09:00,1048.959228515625,1048.959228515625,1048.959228515625,1048.959228515625,0,0.0,0.0
2018-04-06 00:00:00+09:00,1059.463402920082,1059.463402920082,1052.71044921875,1052.71044921875,600,0.0,0.0
2018-04-09 00:00:00+09:00,1052.71044921875,1052.71044921875,1052.71044921875,1052.71044921875,0,0.0,0.0
2018-04-10 00:00:00+09:00,1073.7197295819071,1073.7197295819071,1061.7144775390625,1061.7144775390625,1000,0.0,0.0
2018-04-11 00:00:00+09:00,1061.7144775390625,1061.7144775390625,1061.7144775390625,1061.7144775390625,0,0.0,0.0
2018-04-12 00:00:00+09:00,1061.7143411330906,1061.7143411330906,1050.4594187889234,1054.2110595703125,7100,0.0,0.0
2018-04-13 00:00:00+09:00,1066.2165315835784,1066.2165315835784,1060.9642333984375,1060.9642333984375,1000,0.0,0.0
2018-04-16 00:00:00+09:00,1069.2177734375,1069.2177734375,1069.2177734375,1069.2177734375,400,0.0,0.0
2018-04-17 00:00:00+09:00,1069.2177734375,1069.2177734375,1069.2177734375,1069.2177734375,0,0.0,0.0
2018-04-18 00:00:00+09:00,1063.2149959727965,1066.9666367489883,1057.9626988861278,1066.21630859375,3200,0.0,0.0
2018-04-19 00:00:00+09:00,1066.21630859375,1066.21630859375,1066.21630859375,1066.21630859375,0,0.0,0.0
2018-04-20 00:00:00+09:00,1063.965534431154,1075.220458984375,1063.965534431154,1075.220458984375,4000,0.0,0.0
2018-04-23 00:00:00+09:00,1069.2177899544133,1073.7197595963266,1061.7145072178912,1064.7158203125,700,0.0,0.0
2018-04-24 00:00:00+09:00,1064.7158793373883,1070.718505859375,1064.7158793373883,1070.718505859375,1900,0.0,0.0
2018-04-25 00:00:00+09:00,1072.2361315330095,1073.7538047552785,1066.1654386439338,1071.477294921875,3200,16.0,0.0
2018-04-26 00:00:00+09:00,1071.477294921875,1071.477294921875,1071.477294921875,1071.477294921875,0,0.0,0.0
2018-04-27 00:00:00+09:00,1071.477294921875,1071.477294921875,1071.477294921875,1071.477294921875,0,0.0,0.0
2018-04-30 00:00:00+09:00,1071.477294921875,1071.477294921875,1071.477294921875,1071.477294921875,0,0.0,0.0
2018-05-01 00:00:00+09:00,1075.2713351300242,1075.2713351300242,1073.753662109375,1073.753662109375,1400,0.0,0.0
2018-05-02 00:00:00+09:00,1069.95947265625,1069.95947265625,1058.5769250748006,1069.95947265625,6900,0.0,0.0
2018-05-03 00:00:00+09:00,1069.95947265625,1069.95947265625,1069.95947265625,1069.95947265625,0,0.0,0.0
2018-05-04 00:00:00+09:00,1069.95947265625,1069.95947265625,1069.95947265625,1069.95947265625,0,0.0,0.0
2018-05-07 00:00:00+09:00,1071.477193298998,1072.2360298381616,1054.0239528982352,1055.5416259765625,3800,0.0,0.0
2018-05-08 00:00:00+09:00,1060.8535295006182,1060.8535295006182,1050.9886540474652,1054.7828369140625,3700,0.0,0.0
2018-05-09 00:00:00+09:00,1060.8536252068511,1060.8536252068511,1053.2652587890625,1053.2652587890625,800,0.0,0.0
2018-05-10 00:00:00+09:00,1060.8534345910903,1069.95947265625,1060.8534345910903,1069.95947265625,300,0.0,0.0
2018-05-11 00:00:00+09:00,1073.75395390404,1077.5481374867397,1071.4774437544202,1072.9951171875,2600,0.0,0.0
2018-05-14 00:00:00+09:00,1072.9948457255425,1077.5478648728927,1057.818115234375,1057.818115234375,5800,0.0,0.0
2018-05-15 00:00:00+09:00,1057.818115234375,1057.818115234375,1057.818115234375,1057.818115234375,0,0.0,0.0
2018-05-16 00:00:00+09:00,1064.647610202124,1066.165283203125,1057.81808169762,1066.165283203125,1000,0.0,0.0
2018-05-17 00:00:00+09:00,1069.959621699606,1071.477294921875,1052.5063796435134,1071.477294921875,4200,0.0,0.0
2018-05-18 00:00:00+09:00,1071.477294921875,1071.477294921875,1071.477294921875,1071.477294921875,0,0.0,0.0
2018-05-21 00:00:00+09:00,1066.924140349912,1077.5478515625,1066.924140349912,1077.5478515625,1900,0.0,0.0
2018-05-22 00:00:00+09:00,1079.824448232078,1100.3130357951604,1079.824448232078,1099.55419921875,3800,0.0,0.0
2018-05-23 00:00:00+09:00,1100.3130357951604,1100.3130357951604,1091.9658334546455,1099.55419921875,1600,0.0,0.0
2018-05-24 00:00:00+09:00,1099.5541859852763,1099.5541859852763,1084.3774546397237,1091.9658203125,2000,0.0,0.0
2018-05-25 00:00:00+09:00,1091.2068749727027,1091.9657114643387,1077.5478181232531,1085.89501953125,1100,0.0,0.0
2018-05-28 00:00:00+09:00,1085.89501953125,1085.89501953125,1085.89501953125,1085.89501953125,0,0.0,0.0
2018-05-29 00:00:00+09:00,1114.7310295515163,1129.14892578125,1113.9721929078462,1129.14892578125,10900,0.0,0.0
2018-05-30 00:00:00+09:00,1129.1487697527518,1137.4959716796875,1115.48971205413,1137.4959716796875,7500,0.0,0.0
2018-05-31 00:00:00+09:00,1138.2548349165775,1152.6727294921875,1120.0427575579122,1152.6727294921875,6700,0.0,0.0
2018-06-01 00:00:00+09:00,1122.3192919394953,1126.8723113794122,1050.9886540474652,1054.7828369140625,31400,0.0,0.0
2018-06-04 00:00:00+09:00,1054.7827258742,1054.7827258742,1007.73486328125,1007.73486328125,21700,0.0,0.0
2018-06-05 00:00:00+09:00,1002.4230413878606,1006.9760605009017,999.3876953125,999.3876953125,9100,0.0,0.0
2018-06-06 00:00:00+09:00,1009.2526449794237,1016.8410107311487,994.0759134759737,1006.9761352539062,8400,0.0,0.0
2018-06-07 00:00:00+09:00,1008.4938758643898,1011.52922236812,1005.4585293606594,1010.7703857421875,2000,0.0,0.0
2018-06-08 00:00:00+09:00,1010.7704959932867,1012.2881694106941,1003.18212890625,1003.18212890625,10200,0.0,0.0
2018-06-11 00:00:00+09:00,1010.0113930756191,1014.5644121278008,1003.1818644973467,1005.4583740234375,3500,0.0,0.0
2018-06-12 00:00:00+09:00,1008.4940606288088,1018.3589385732593,1001.6645297441894,1003.9410400390625,5500,0.0,0.0
2018-06-13 00:00:00+09:00,1008.4937200582252,1013.0467391104069,1003.1818644973467,1005.4583740234375,5400,0.0,0.0
2018-06-14 00:00:00+09:00,1008.4935827218989,1012.287764748693,997.869873046875,997.869873046875,1100,0.0,0.0
2018-06-15 00:00:00+09:00,1001.6642935949428,1011.5291692136809,981.1757057714099,994.075927734375,15400,0.0,0.0
2018-06-18 00:00:00+09:00,994.834716796875,1016.0821401914687,994.834716796875,994.834716796875,800,0.0,0.0
2018-06-19 00:00:00+09:00,994.8347789649345,1004.6996547288887,981.1757202148438,981.1757202148438,5400,0.0,0.0
2018-06-20 00:00:00+09:00,981.934522804054,982.693359375,977.3815033783784,982.693359375,1200,0.0,0.0
2018-06-21 00:00:00+09:00,999.3875981381065,1005.4582896985505,980.4166870117188,980.4166870117188,9300,0.0,0.0
2018-06-22 00:00:00+09:00,986.4875422297297,992.5582347972972,981.934522804054,982.693359375,4300,0.0,0.0
2018-06-25 00:00:00+09:00,982.693359375,996.352417652027,981.934522804054,982.693359375,2400,0.0,0.0
2018-06-26 00:00:00+09:00,996.3525340349697,996.3525340349697,972.069760928253,985.7288208007812,2700,0.0,0.0
2018-06-27 00:00:00+09:00,972.06989294902,975.1052399996024,968.2757091357919,969.0345458984375,1600,0.0,0.0
2018-06-28 00:00:00+09:00,969.0342683220218,969.7931048673014,924.2629121505266,936.404296875,6900,0.0,0.0
2018-06-29 00:00:00+09:00,936.4042623901368,936.4042623901368,903.0154556274414,910.6038208007812,6000,0.0,0.0
2018-07-02 00:00:00+09:00,928.8160190217392,928.8160190217392,865.0737432065217,872.662109375,15600,0.0,0.0
2018-07-03 00:00:00+09:00,883.2856278508347,895.4270110515334,843.0672959985201,855.2086791992188,12600,0.0,0.0
2018-07-04 00:00:00+09:00,855.9677648786701,868.8679882855295,854.4500915366866,865.8326416015625,4100,0.0,0.0
2018-07-05 00:00:00+09:00,861.2793707995681,861.2793707995681,846.1026417986948,855.2086791992188,8000,0.0,0.0
2018-07-06 00:00:00+09:00,850.6557549370659,871.9031778971354,850.6557549370659,867.3501586914062,4900,0.0,0.0
2018-07-09 00:00:00+09:00,869.6267808332557,892.3918798079482,869.6267808332557,890.8742065429688,2200,0.0,0.0
2018-07-10 00:00:00+09:00,893.9095189101032,898.4625385310375,890.1153358926579,892.391845703125,1600,0.0,0.0
2018-07-11 00:00:00+09:00,891.6330296873334,895.427212792386,887.8388465822809,890.1153564453125,2800,0.0,0.0
2018-07-12 00:00:00+09:00,887.8388061523438,890.8741524981637,886.3211329794337,887.8388061523438,3100,0.0,0.0
2018-07-13 00:00:00+09:00,888.5977172851564,888.5977172851564,887.8388806350409,888.5977172851562,2700,0.0,0.0
2018-07-16 00:00:00+09:00,888.5977172851564,888.5977172851564,888.5977172851564,888.5977172851562,0,0.0,0.0
2018-07-17 00:00:00+09:00,890.1152128520764,890.1152128520764,863.5559354012472,865.0736083984375,3000,0.0,0.0
2018-07-18 00:00:00+09:00,865.0736090309261,878.732666015625,865.0736090309261,878.732666015625,900,0.0,0.0
2018-07-19 00:00:00+09:00,880.2504542444331,887.8388202292989,880.2504542444331,881.7681274414062,1800,0.0,0.0
2018-07-20 00:00:00+09:00,881.7679917551545,887.0798471271736,880.2503187917206,881.0091552734375,3600,0.0,0.0
2018-07-23 00:00:00+09:00,877.2150268022558,877.2150268022558,870.385498046875,870.385498046875,4100,0.0,0.0
2018-07-24 00:00:00+09:00,872.6620212786024,877.9738770602983,864.3148193359375,864.3148193359375,2900,0.0,0.0
2018-07-25 00:00:00+09:00,865.0736490885416,871.1443413628472,865.0736490885416,867.3501586914062,300,0.0,0.0
2018-07-26 00:00:00+09:00,876.4562377929688,880.2504206405573,876.4562377929688,876.4562377929688,400,0.0,0.0
2018-07-27 00:00:00+09:00,884.0447253459917,884.0447253459917,883.285888671875,883.285888671875,700,0.0,0.0
2018-07-30 00:00:00+09:00,883.2857866336137,890.8741524981637,883.2857866336137,887.8388061523438,1800,0.0,0.0
2018-07-31 00:00:00+09:00,885.5623168945312,893.1506829347586,885.5623168945312,885.5623168945312,2700,0.0,0.0
2018-08-01 00:00:00+09:00,885.5621616123892,893.9093627929688,885.5621616123892,893.9093627929688,3600,0.0,0.0
2018-08-02 00:00:00+09:00,893.1507371858488,893.1507371858488,888.5977172851564,888.5977172851562,800,0.0,0.0
2018-08-03 00:00:00+09:00,893.150668789478,901.4978713015292,890.8741590134641,891.6329956054688,1000,0.0,0.0
2018-08-06 00:00:00+09:00,891.6329956054688,891.6329956054688,891.6329956054688,891.6329956054688,0,0.0,0.0
2018-08-07 00:00:00+09:00,892.391845703125,892.391845703125,892.391845703125,892.391845703125,200,0.0,0.0
2018-08-08 00:00:00+09:00,893.1506752660719,895.4271850585938,893.1506752660719,895.4271850585938,400,0.0,0.0
2018-08-09 00:00:00+09:00,895.4271850585938,895.4271850585938,895.4271850585938,895.4271850585938,0,0.0,0.0
2018-08-10 00:00:00+09:00,890.1153708003621,890.1153708003621,884.044677734375,884.044677734375,600,0.0,0.0
2018-08-13 00:00:00+09:00,881.7681338744176,888.5976633106221,881.7681338744176,885.5623168945312,1800,0.0,0.0
2018-08-14 00:00:00+09:00,885.5623168945312,885.5623168945312,885.5623168945312,885.5623168945312,0,0.0,0.0
2018-08-15 00:00:00+09:00,889.3564447016394,909.8450317382812,889.3564447016394,909.8450317382812,2500,0.0,0.0
2018-08-16 00:00:00+09:00,898.4625648299284,909.8451142154427,885.5623421930121,900.7390747070312,3400,0.0,0.0
2018-08-17 00:00:00+09:00,901.4978556081445,930.3336456023444,901.4978556081445,925.0217895507812,3200,0.0,0.0
2018-08-20 00:00:00+09:00,925.0217153771335,944.75146484375,924.2628788591868,944.75146484375,2300,0.0,0.0
2018-08-21 00:00:00+09:00,945.5104711600055,959.1695309359927,937.1632679635688,943.9927978515625,3300,0.0,0.0
2018-08-22 00:00:00+09:00,943.992505317367,955.3750516033481,937.9218139648438,937.9218139648438,13100,0.0,0.0
2018-08-23 00:00:00+09:00,937.9218266887851,937.9218266887851,931.8511352539062,931.8511352539062,400,0.0,0.0
2018-08-24 00:00:00+09:00,931.0925087533346,935.6455283560404,931.0925087533346,933.3690185546875,1000,0.0,0.0
2018-08-27 00:00:00+09:00,933.3689967564173,956.1340942382812,931.092487008231,956.1340942382812,2900,0.0,0.0
2018-08-28 00:00:00+09:00,956.1340196289838,956.1340196289838,954.6163465819536,955.3751831054688,2500,0.0,0.0
2018-08-29 00:00:00+09:00,956.1340196289838,966.7577309581947,955.3751831054686,955.3751831054688,3300,0.0,0.0
2018-08-30 00:00:00+09:00,955.3751695205374,965.2400441859598,944.75145834239,954.6163330078125,5000,0.0,0.0
2018-08-31 00:00:00+09:00,954.6163330078125,979.6579379277313,952.3398234696381,954.6163330078125,8800,0.0,0.0
2018-09-03 00:00:00+09:00,909.0860916281276,909.0860916281276,872.6619410453646,887.079833984375,15700,0.0,0.0
2018-09-04 00:00:00+09:00,887.8386704548492,891.6328528072204,887.079833984375,887.079833984375,2500,0.0,0.0
2018-09-05 00:00:00+09:00,891.6327776974194,891.6327776974194,886.3209228515625,886.3209228515625,2000,0.0,0.0
2018-09-06 00:00:00+09:00,886.3211534985539,887.8388267065994,885.5623168945312,885.5623168945312,2100,0.0,0.0
2018-09-07 00:00:00+09:00,885.5623168945312,885.5623168945312,885.5623168945312,885.5623168945312,0,0.0,0.0
2018-09-10 00:00:00+09:00,885.5621751003897,894.668212890625,885.5621751003897,894.668212890625,400,0.0,0.0
2018-09-11 00:00:00+09:00,894.668212890625,895.4270493731447,867.3500995199189,894.668212890625,2600,0.0,0.0
2018-09-12 00:00:00+09:00,892.3919026622127,892.3919026622127,874.9386596679688,874.9386596679688,400,0.0,0.0
2018-09-13 00:00:00+09:00,875.6972999014185,898.4623943529285,875.6972999014185,881.0091552734375,400,0.0,0.0
2018-09-14 00:00:00+09:00,880.2504542444331,885.5623104338391,880.2504542444331,881.7681274414062,800,0.0,0.0
2018-09-17 00:00:00+09:00,881.7681274414062,881.7681274414062,881.7681274414062,881.7681274414062,0,0.0,0.0
2018-09-18 00:00:00+09:00,881.7681274414062,881.7681274414062,881.7681274414062,881.7681274414062,0,0.0,0.0
2018-09-19 00:00:00+09:00,881.7681274414062,881.7681274414062,881.7681274414062,881.7681274414062,0,0.0,0.0
2018-09-20 00:00:00+09:00,891.6330020710574,902.2567144361593,891.6330020710574,895.4271850585938,800,0.0,0.0
2018-09-21 00:00:00+09:00,896.1859269714356,910.6038208007812,896.1859269714356,910.6038208007812,3500,0.0,0.0
2018-09-24 00:00:00+09:00,910.6038208007812,910.6038208007812,910.6038208007812,910.6038208007812,0,0.0,0.0
2018-09-25 00:00:00+09:00,896.1859737138534,917.4333973074079,896.1859737138534,909.8450317382812,700,0.0,0.0
2018-09-26 00:00:00+09:00,910.6039170087394,914.3980999962758,869.6267407433461,895.4271850585938,5000,0.0,0.0
2018-09-27 00:00:00+09:00,902.2565458184047,922.7451301221028,902.2565458184047,916.6744384765625,4200,0.0,0.0
2018-09-28 00:00:00+09:00,916.6743984568061,928.8157812178234,916.6743984568061,921.2274169921875,3400,0.0,0.0
2018-10-01 00:00:00+09:00,921.2278653561428,921.2278653561428,899.2215983912927,918.9513549804688,1900,0.0,0.0
2018-10-02 00:00:00+09:00,918.1920795254288,931.8511352539062,918.1920795254288,931.8511352539062,1200,0.0,0.0
2018-10-03 00:00:00+09:00,931.8511352539062,931.8511352539062,931.8511352539062,931.8511352539062,0,0.0,0.0
2018-10-04 00:00:00+09:00,915.1569348882819,931.092503406237,915.1569348882819,915.915771484375,1300,0.0,0.0
2018-10-05 00:00:00+09:00,916.674608080468,916.674608080468,912.8804251000025,915.915771484375,1000,0.0,0.0
2018-10-08 00:00:00+09:00,915.915771484375,915.915771484375,915.915771484375,915.915771484375,0,0.0,0.0
2018-10-09 00:00:00+09:00,912.8803779659319,923.5040897627092,909.8450317382812,909.8450317382812,1500,0.0,0.0
2018-10-10 00:00:00+09:00,909.8449117588958,930.33349609375,909.8449117588958,930.33349609375,5400,0.0,0.0
2018-10-11 00:00:00+09:00,875.697289127334,916.6744586358922,875.697289127334,914.39794921875,1900,0.0,0.0
2018-10-12 00:00:00+09:00,896.185873881613,914.39794921875,896.185873881613,914.39794921875,700,0.0,0.0
2018-10-15 00:00:00+09:00,912.1216482865183,922.745361328125,911.3628116406893,922.745361328125,1400,0.0,0.0
2018-10-16 00:00:00+09:00,922.745361328125,922.745361328125,922.745361328125,922.745361328125,0,0.0,0.0
2018-10-17 00:00:00+09:00,918.1921859741211,918.1921859741211,899.2212730407715,910.6038208007812,3200,0.0,0.0
2018-10-18 00:00:00+09:00,910.603760371433,917.4332885742189,910.603760371433,917.4332885742188,1000,0.0,0.0
2018-10-19 00:00:00+09:00,907.5685017565127,917.4333767756052,906.8096652165824,912.1215209960938,800,0.0,0.0
2018-10-22 00:00:00+09:00,915.1567655651775,918.1921113879476,908.3272374639448,916.6744384765625,3900,0.0,0.0
2018-10-23 00:00:00+09:00,906.8096313476561,906.8096313476561,906.8096313476561,906.8096313476562,300,0.0,0.0
2018-10-24 00:00:00+09:00,915.915771484375,915.915771484375,915.915771484375,915.915771484375,100,0.0,0.0
2018-10-25 00:00:00+09:00,887.079833984375,906.0507457462307,887.079833984375,887.079833984375,1300,0.0,0.0
2018-10-26 00:00:00+09:00,932.610221329905,932.610221329905,887.8388600130097,890.8742065429688,2400,0.0,0.0
2018-10-29 00:00:00+09:00,893.1900971530258,893.1900971530258,856.9066619186332,857.6786499023438,4100,20.0,0.0
2018-10-30 00:00:00+09:00,847.6428689231138,873.8904623141757,808.2714788365212,842.2389526367188,1800,0.0,0.0
2018-10-31 00:00:00+09:00,843.0109804843335,870.8025512695312,843.0109804843335,870.8025512695312,2000,0.0,0.0
2018-11-01 00:00:00+09:00,870.8025512695312,870.8025512695312,870.8025512695312,870.8025512695312,0,0.0,0.0
2018-11-02 00:00:00+09:00,870.8025204818862,872.3464965820314,867.7145682815957,872.3464965820312,4400,0.0,0.0
2018-11-05 00:00:00+09:00,872.3464965820314,872.3464965820314,872.3464965820314,872.3464965820312,700,0.0,0.0
2018-11-06 00:00:00+09:00,872.3464965820314,872.3464965820314,872.3464965820314,872.3464965820312,1000,0.0,0.0
2018-11-07 00:00:00+09:00,853.0467953302165,875.4344487823217,853.0467953302165,872.3464965820312,2400,0.0,0.0
2018-11-08 00:00:00+09:00,872.3464949786559,886.2422798544221,872.3464949786559,881.6103515625,1300,0.0,0.0
2018-11-09 00:00:00+09:00,872.3462676326187,872.3462676326187,852.274583598594,871.5742797851562,2900,0.0,0.0
2018-11-12 00:00:00+09:00,871.5742797851562,871.5742797851562,871.5742797851562,871.5742797851562,0,0.0,0.0
2018-11-13 00:00:00+09:00,865.3987135540744,865.3987135540744,841.4670809758619,860.7667846679688,1300,0.0,0.0
2018-11-14 00:00:00+09:00,837.6069796239602,853.0467396170286,831.4310756267329,835.291015625,2000,0.0,0.0
2018-11-15 00:00:00+09:00,833.7470104289505,833.7470104289505,809.8153832777491,818.3072509765625,4000,0.0,0.0
2018-11-16 00:00:00+09:00,805.1834895568486,818.3072856474205,782.7958374023438,782.7958374023438,7300,0.0,0.0
2018-11-19 00:00:00+09:00,782.7957458496094,793.6035766601562,782.7957458496094,793.6035766601562,1600,0.0,0.0
2018-11-20 00:00:00+09:00,792.831619532497,792.831619532497,779.7078244672074,785.8837280273438,2100,0.0,0.0
2018-11-21 00:00:00+09:00,775.8478855942234,775.8478855942234,755.776199001736,764.26806640625,9400,0.0,0.0
2018-11-22 00:00:00+09:00,764.2681428081949,771.216035015542,763.4961547851562,763.4961547851562,6100,0.0,0.0
2018-11-23 00:00:00+09:00,763.4961547851562,763.4961547851562,763.4961547851562,763.4961547851562,0,0.0,0.0
2018-11-26 00:00:00+09:00,764.2680818974063,764.2680818974063,756.5482022822811,760.4081420898438,4700,0.0,0.0
2018-11-27 00:00:00+09:00,758.864151156997,763.4960788344557,755.0042114257812,755.0042114257812,11300,0.0,0.0
2018-11-28 00:00:00+09:00,764.2681130398526,764.2681130398526,755.0042571242179,755.7762451171875,9100,0.0,0.0
2018-11-29 00:00:00+09:00,761.952118388462,765.8120581979274,754.2322387695312,754.2322387695312,18500,0.0,0.0
2018-11-30 00:00:00+09:00,764.2681130398526,764.2681130398526,744.9684132156139,755.7762451171875,23200,0.0,0.0
2018-12-03 00:00:00+09:00,755.7763221944382,762.7242148397395,745.7404772623364,751.9163818359375,7200,0.0,0.0
2018-12-04 00:00:00+09:00,751.916290158131,756.5482180235815,751.916290158131,753.4602661132812,4300,0.0,0.0
2018-12-05 00:00:00+09:00,748.8284912109375,748.8284912109375,745.7405386698615,748.8284912109375,2400,0.0,0.0
2018-12-06 00:00:00+09:00,748.8284912109375,748.8284912109375,748.8284912109375,748.8284912109375,0,0.0,0.0
2018-12-07 00:00:00+09:00,748.8283387491526,755.7762305519798,747.2843627929688,747.2843627929688,2600,0.0,0.0
2018-12-10 00:00:00+09:00,744.9684154297902,744.9684154297902,734.1605834960938,734.1605834960938,6200,0.0,0.0
2018-12-11 00:00:00+09:00,734.9324951171875,740.3364105224609,734.9324951171875,734.9324951171875,2400,0.0,0.0
2018-12-12 00:00:00+09:00,735.7044830322266,740.3364105224609,733.3885192871094,734.9324951171875,2000,0.0,0.0
2018-12-13 00:00:00+09:00,735.7045582216059,758.0922100457682,735.7045582216059,746.5123901367188,5500,0.0,0.0
2018-12-14 00:00:00+09:00,862.310546875,862.310546875,862.310546875,862.310546875,20100,0.0,0.0
2018-12-17 00:00:00+09:00,815.9913643093817,849.1868502746639,791.287746846846,811.3594360351562,26700,0.0,0.0
2018-12-18 00:00:00+09:00,814.4472803439064,831.4310150998931,802.8674611920973,829.1150512695312,8800,0.0,0.0
2018-12-19 00:00:00+09:00,841.4669350933742,849.9588032456927,829.1151268718202,834.51904296875,8100,0.0,0.0
2018-12-20 00:00:00+09:00,843.0108668203571,843.0108668203571,802.8674922098639,809.0433959960938,3800,0.0,0.0
2018-12-21 00:00:00+09:00,809.0433817644818,832.2030205554497,791.2876586914062,791.2876586914062,4600,0.0,0.0
2018-12-24 00:00:00+09:00,791.2876586914062,791.2876586914062,791.2876586914062,791.2876586914062,0,0.0,0.0
2018-12-25 00:00:00+09:00,748.8282487359893,795.9195097389742,748.8282487359893,792.0595703125,500,0.0,0.0
2018-12-26 00:00:00+09:00,792.0595703125,792.0595703125,792.0595703125,792.0595703125,0,0.0,0.0
2018-12-27 00:00:00+09:00,795.919586629989,810.587357867593,764.2680802751592,788.19970703125,24700,0.0,0.0
2018-12-28 00:00:00+09:00,788.1996909295946,843.0108349609375,788.1996909295946,810.5873413085938,3400,0.0,0.0
2018-12-31 00:00:00+09:00,810.5873413085938,810.5873413085938,810.5873413085938,810.5873413085938,0,0.0,0.0
2019-01-04 00:00:00+09:00,777.3920249456091,809.8155254895174,777.3920249456091,792.831787109375,1800,0.0,0.0
2019-01-07 00:00:00+09:00,801.3235470118312,804.4114990234375,799.0075830031266,804.4114990234375,1200,0.0,0.0
2019-01-08 00:00:00+09:00,804.411483400303,808.2714233398438,803.6394954123948,808.2714233398438,1200,0.0,0.0
2019-01-09 00:00:00+09:00,830.6589203589252,843.7827137103209,829.8869325147255,831.430908203125,1300,0.0,0.0
2019-01-10 00:00:00+09:00,831.430908203125,831.430908203125,831.430908203125,831.430908203125,0,0.0,0.0
2019-01-11 00:00:00+09:00,825.2550349681303,825.2550349681303,815.219192634561,817.53515625,500,0.0,0.0
2019-01-15 00:00:00+09:00,817.53515625,817.53515625,817.53515625,817.53515625,0,0.0,0.0
2019-01-16 00:00:00+09:00,829.115081900981,829.115081900981,814.4473104334589,827.5711059570312,1600,0.0,0.0
2019-01-17 00:00:00+09:00,827.5711059570312,827.5711059570312,827.5711059570312,827.5711059570312,0,0.0,0.0
2019-01-18 00:00:00+09:00,819.851318359375,827.5711989465631,819.851318359375,819.851318359375,1000,0.0,0.0
2019-01-21 00:00:00+09:00,822.1672048206347,832.9750366210938,822.1672048206347,832.9750366210938,2400,0.0,0.0
2019-01-22 00:00:00+09:00,852.2747348441765,852.2747348441765,835.2909991860498,848.414794921875,500,0.0,0.0
2019-01-23 00:00:00+09:00,848.414794921875,848.414794921875,848.414794921875,848.414794921875,0,0.0,0.0
2019-01-24 00:00:00+09:00,848.414794921875,848.414794921875,848.414794921875,848.414794921875,0,0.0,0.0
2019-01-25 00:00:00+09:00,845.3268743677901,845.3268743677901,840.6949462890625,840.6949462890625,1500,0.0,0.0
2019-01-28 00:00:00+09:00,849.1867065429688,851.5026702880859,840.6948394775391,849.1867065429688,1000,0.0,0.0
2019-01-29 00:00:00+09:00,849.1867371161345,849.1867371161345,836.8349300308089,847.6427612304688,1000,0.0,0.0
2019-01-30 00:00:00+09:00,849.1867521122031,854.5906678074625,847.6427761992718,853.0466918945312,1600,0.0,0.0
2019-01-31 00:00:00+09:00,849.1867989356365,853.0467389307985,841.4669189453125,841.4669189453125,700,0.0,0.0
2019-02-01 00:00:00+09:00,839.150971852611,839.150971852611,828.3431396484375,828.3431396484375,500,0.0,0.0
2019-02-04 00:00:00+09:00,849.9587400686687,853.8186798509969,848.4147641557374,853.0466918945312,1500,0.0,0.0
2019-02-05 00:00:00+09:00,842.2389685980304,867.714574430968,838.3790283203125,838.3790283203125,1800,0.0,0.0
2019-02-06 00:00:00+09:00,856.9065856933594,859.9945373535156,856.9065856933594,858.4505615234375,800,0.0,0.0
2019-02-07 00:00:00+09:00,858.4505615234375,858.4505615234375,858.4505615234375,858.4505615234375,0,0.0,0.0
2019-02-08 00:00:00+09:00,850.7306823730469,859.2225494384766,849.9586944580078,858.4505615234375,1100,0.0,0.0
2019-02-12 00:00:00+09:00,839.1508787947703,845.3267822265625,828.3430477891338,845.3267822265625,2100,0.0,0.0
2019-02-13 00:00:00+09:00,845.3267822265625,845.3267822265625,845.3267822265625,845.3267822265625,0,0.0,0.0
2019-02-14 00:00:00+09:00,841.4669030617323,849.9587708907956,841.4669030617323,848.414794921875,3800,0.0,0.0
2019-02-15 00:00:00+09:00,848.414794921875,848.414794921875,848.414794921875,848.414794921875,0,0.0,0.0
2019-02-18 00:00:00+09:00,849.1867829063353,853.0467228286368,841.4669030617323,848.414794921875,4600,0.0,0.0
2019-02-19 00:00:00+09:00,848.414794921875,848.414794921875,848.414794921875,848.414794921875,1000,0.0,0.0
2019-02-20 00:00:00+09:00,849.9588144574847,869.258515058245,849.1868264334543,864.6265869140625,4400,0.0,0.0
2019-02-21 00:00:00+09:00,870.802472298374,910.9458486809232,870.802472298374,893.1901245117188,3200,0.0,0.0
2019-02-22 00:00:00+09:00,893.1901035401578,964.984986538632,893.1901035401578,952.6331787109375,22300,0.0,0.0
2019-02-25 00:00:00+09:00,971.1608435225813,971.1608435225813,938.7373495417003,958.0370483398438,4400,0.0,0.0
2019-02-26 00:00:00+09:00,957.2649214420412,957.2649214420412,937.9652254452259,940.2811889648438,1800,0.0,0.0
2019-02-27 00:00:00+09:00,939.5092926025391,939.5092926025391,903.9978485107422,910.9457397460938,2200,0.0,0.0
2019-02-28 00:00:00+09:00,911.7179049132301,964.2130933417649,910.9459168481045,941.825439453125,4700,0.0,0.0
2019-03-01 00:00:00+09:00,941.8253652115314,941.8253652115314,908.6298810278463,924.0696411132812,4400,0.0,0.0
2019-03-04 00:00:00+09:00,993.5486279296875,1003.58447265625,974.248926532452,1003.58447265625,28300,0.0,0.0
2019-03-05 00:00:00+09:00,988.9167326214533,1007.4444465815742,988.9167326214533,989.688720703125,3900,0.0,0.0
2019-03-06 00:00:00+09:00,989.6886451631434,995.8645493451287,984.2847290039062,984.2847290039062,1800,0.0,0.0
2019-03-07 00:00:00+09:00,969.6171073344217,982.7409057617188,965.7571666205108,982.7409057617188,2800,0.0,0.0
2019-03-08 00:00:00+09:00,965.7569122558594,1015.1641403808594,964.9849243164064,964.9849243164062,11300,0.0,0.0
2019-03-11 00:00:00+09:00,959.5811978426846,970.3890311249031,915.5778766222236,934.1055908203125,5500,0.0,0.0
2019-03-12 00:00:00+09:00,955.7209921754436,957.2649679301697,937.9652709960938,937.9652709960938,500,0.0,0.0
2019-03-13 00:00:00+09:00,939.5094297063262,951.8612381494661,927.9296092908826,941.0534057617188,1000,0.0,0.0
2019-03-14 00:00:00+09:00,941.0534057617188,941.0534057617188,941.0534057617188,941.0534057617188,0,0.0,0.0
2019-03-15 00:00:00+09:00,947.2292325403782,951.0891723632812,934.1054371425083,951.0891723632812,1900,0.0,0.0
2019-03-18 00:00:00+09:00,952.6331930260103,961.1250610351562,945.6853010185272,961.1250610351562,1900,0.0,0.0
2019-03-19 00:00:00+09:00,955.7211001507648,955.7211001507648,943.3692927174753,951.0891723632812,1200,0.0,0.0
2019-03-20 00:00:00+09:00,955.7210237422373,975.7927092166301,955.7210237422373,967.3008422851562,3600,0.0,0.0
2019-03-22 00:00:00+09:00,967.3007365359535,985.8284441791003,967.3007365359535,975.7926025390625,3300,0.0,0.0
2019-03-25 00:00:00+09:00,968.0730475294794,977.3369044436371,949.545333701164,950.3173217773438,1600,0.0,0.0
2019-03-26 00:00:00+09:00,964.9848326658591,964.9848326658591,962.6688690674611,963.4408569335938,1100,0.0,0.0
2019-03-27 00:00:00+09:00,963.4408569335938,963.4408569335938,963.4408569335938,963.4408569335938,0,0.0,0.0
2019-03-28 00:00:00+09:00,927.1574407130112,937.9652709960938,927.1574407130112,937.9652709960938,600,0.0,0.0
2019-03-29 00:00:00+09:00,927.1574407130112,937.9652709960938,927.1574407130112,937.9652709960938,700,0.0,0.0
2019-04-01 00:00:00+09:00,951.0893098535237,951.0893098535237,948.7733456249842,950.3173217773438,400,0.0,0.0
2019-04-02 00:00:00+09:00,950.3173217773439,950.3173217773439,950.3173217773439,950.3173217773438,0,0.0,0.0
2019-04-03 00:00:00+09:00,972.7048793385623,976.5648193359375,972.7048793385623,976.5648193359375,300,0.0,0.0
2019-04-04 00:00:00+09:00,976.5648193359375,976.5648193359375,976.5648193359375,976.5648193359375,0,0.0,0.0
2019-04-05 00:00:00+09:00,975.020859055292,975.020859055292,964.2130268884083,972.7048950195312,2600,0.0,0.0
2019-04-08 00:00:00+09:00,970.3887939453125,972.7047576540125,970.3887939453125,970.3887939453125,1000,0.0,0.0
2019-04-09 00:00:00+09:00,961.8970026878793,969.6168823242186,961.1250147242454,969.6168823242188,900,0.0,0.0
2019-04-10 00:00:00+09:00,961.125094481821,961.125094481821,918.6657529585277,941.0534057617188,6700,0.0,0.0
2019-04-11 00:00:00+09:00,957.2650609853316,957.2650609853316,945.6852416992188,945.6852416992188,400,0.0,0.0
2019-04-12 00:00:00+09:00,957.2652314181413,957.2652314181413,943.3694458007812,943.3694458007812,800,0.0,0.0
2019-04-15 00:00:00+09:00,958.0370177977142,959.5809936523438,954.9490660884547,959.5809936523438,4700,0.0,0.0
2019-04-16 00:00:00+09:00,968.8450317382812,968.8450317382812,968.8450317382812,968.8450317382812,400,0.0,0.0
2019-04-17 00:00:00+09:00,964.9850010393135,966.5289770409764,960.3530730343248,961.1250610351562,1100,0.0,0.0
2019-04-18 00:00:00+09:00,961.897186671806,963.4411628943932,954.1773055588701,960.3532104492188,1600,0.0,0.0
2019-04-19 00:00:00+09:00,959.5809176029303,963.4408569335938,959.5809176029303,963.4408569335938,1600,0.0,0.0
2019-04-22 00:00:00+09:00,963.4409940797362,971.9328618160159,963.4409940797362,965.7569580078125,3500,0.0,0.0
2019-04-23 00:00:00+09:00,971.9331085523226,973.4770848963294,962.6692504882812,962.6692504882812,1700,0.0,0.0
2019-04-24 00:00:00+09:00,968.1518857145116,971.2850633381832,967.3685913085938,967.3685913085938,600,18.0,0.0
2019-04-25 00:00:00+09:00,967.368773168447,967.368773168447,957.1859439772002,959.5358276367188,1600,0.0,0.0
2019-04-26 00:00:00+09:00,967.3687440446279,978.334867458899,967.3687440446279,968.1520385742188,2600,0.0,0.0
2019-05-07 00:00:00+09:00,968.9352743686774,977.551513671875,968.9352743686774,977.551513671875,1700,0.0,0.0
2019-05-08 00:00:00+09:00,972.0684212925922,975.2015991210938,970.5018323783414,975.2015991210938,400,0.0,0.0
2019-05-09 00:00:00+09:00,975.201812695077,975.201812695077,968.1521610370404,974.4185180664062,1000,0.0,0.0
2019-05-10 00:00:00+09:00,974.4185173716971,974.4185173716971,963.452392578125,963.452392578125,10400,0.0,0.0
2019-05-13 00:00:00+09:00,955.6193546223426,972.8518347876636,955.6193546223426,957.96923828125,2700,0.0,0.0
2019-05-14 00:00:00+09:00,957.9691441055172,957.9691441055172,947.7863159179688,947.7863159179688,2000,0.0,0.0
2019-05-15 00:00:00+09:00,947.7864090926513,957.96923828125,937.6035799040526,957.96923828125,2500,0.0,0.0
2019-05-16 00:00:00+09:00,934.4704898579915,960.3192125447591,932.1206059773763,939.9535522460938,1900,0.0,0.0
2019-05-17 00:00:00+09:00,942.3032833356642,942.3032833356642,940.7366943359375,940.7366943359375,1100,0.0,0.0
2019-05-20 00:00:00+09:00,956.4026479194308,956.4026479194308,948.5697024000251,950.1362915039062,500,0.0,0.0
2019-05-21 00:00:00+09:00,958.7525338266653,977.5516031173842,958.7525338266653,964.235595703125,1400,0.0,0.0
2019-05-22 00:00:00+09:00,965.0187711784638,986.167721520849,965.0187711784638,975.2015991210938,7100,0.0,0.0
2019-05-23 00:00:00+09:00,977.5516031173842,977.5516031173842,961.1024174880051,964.235595703125,1300,0.0,0.0
2019-05-24 00:00:00+09:00,960.3191229342251,965.0188902569049,956.4026501653254,964.235595703125,1100,0.0,0.0
2019-05-27 00:00:00+09:00,973.6351622552303,973.6351622552303,949.3530302923082,972.8518676757812,600,0.0,0.0
2019-05-28 00:00:00+09:00,989.3009944370815,993.2174670991443,983.0346381777808,986.9511108398438,3400,0.0,0.0
2019-05-29 00:00:00+09:00,986.9511108398438,990.0842889694941,986.1678163074312,986.9511108398438,800,0.0,0.0
2019-05-30 00:00:00+09:00,976.7681910944325,986.1677246093749,971.2851298773828,986.167724609375,800,0.0,0.0
2019-05-31 00:00:00+09:00,986.1677246093749,986.1677246093749,986.1677246093749,986.167724609375,200,0.0,0.0
2019-06-03 00:00:00+09:00,986.951231421494,986.951231421494,959.5359194375635,963.452392578125,6600,0.0,0.0
2019-06-04 00:00:00+09:00,986.9511720684553,1009.6667149176499,968.1521021242943,988.5177612304688,17900,0.0,0.0
2019-06-05 00:00:00+09:00,924.2876893889533,938.3869931253948,918.8046268247815,929.770751953125,13800,0.0,0.0
2019-06-06 00:00:00+09:00,932.1206359091985,939.1702877774194,929.770751953125,929.770751953125,2200,0.0,0.0
2019-06-07 00:00:00+09:00,929.770590807395,929.770590807395,885.1228033802497,888.2559814453125,5600,0.0,0.0
2019-06-10 00:00:00+09:00,896.872100563316,897.6553949742884,889.0391564535928,896.0888061523438,2600,0.0,0.0
2019-06-11 00:00:00+09:00,896.0888061523438,898.4386893852608,892.1723340974821,896.0888061523438,5100,0.0,0.0
2019-06-12 00:00:00+09:00,896.8722547390761,904.7052001953125,896.8722547390761,904.7052001953125,2000,0.0,0.0
2019-06-13 00:00:00+09:00,914.104706280048,918.021178886218,909.4049391526443,916.45458984375,2400,0.0,0.0
2019-06-14 00:00:00+09:00,916.4546817860704,921.9377439847905,912.5382087869847,920.3711547851562,600,0.0,0.0
2019-06-17 00:00:00+09:00,925.0707696419216,925.0707696419216,910.1881747027205,922.7208862304688,2600,0.0,0.0
2019-06-18 00:00:00+09:00,922.7209151033869,922.7209151033869,914.8879701534431,915.6712646484375,700,0.0,0.0
2019-06-19 00:00:00+09:00,918.0211484992128,918.0211484992128,917.2378540039062,917.2378540039062,200,0.0,0.0
2019-06-20 00:00:00+09:00,917.2378257583645,925.8540649414062,917.2378257583645,925.8540649414062,1400,0.0,0.0
2019-06-21 00:00:00+09:00,937.6036390516493,964.2356555326486,929.770693027826,951.7029418945312,3700,0.0,0.0
2019-06-24 00:00:00+09:00,942.303436126709,947.0032038879394,939.9535522460938,939.9535522460938,1000,0.0,0.0
2019-06-25 00:00:00+09:00,939.9535522460938,939.9535522460938,933.6871952311197,939.9535522460938,800,0.0,0.0
2019-06-26 00:00:00+09:00,961.8858017985026,961.8858017985026,939.9535522460938,939.9535522460938,1500,0.0,0.0
2019-06-27 00:00:00+09:00,939.9535522460938,946.2199092610676,932.9039006042481,939.9535522460938,800,0.0,0.0
2019-06-28 00:00:00+09:00,939.9534615782933,946.2198179888152,939.9534615782933,945.4365234375,400,0.0,0.0
2019-07-01 00:00:00+09:00,946.2198494359067,955.619384364078,946.2198494359067,952.4862060546875,500,0.0,0.0
2019-07-02 00:00:00+09:00,943.8698435381425,947.7863159179688,937.6034877304204,947.7863159179688,1400,0.0,0.0
2019-07-03 00:00:00+09:00,937.603608887121,950.9196166992188,936.8203143099388,950.9196166992188,500,0.0,0.0
2019-07-04 00:00:00+09:00,950.919585803636,950.919585803636,948.5697021484375,948.5697021484375,300,0.0,0.0
2019-07-05 00:00:00+09:00,948.5697941514312,955.6194458007812,948.5697941514312,955.6194458007812,2800,0.0,0.0
2019-07-08 00:00:00+09:00,950.9195256730818,953.2694091796874,950.1362311708799,953.2694091796875,700,0.0,0.0
2019-07-09 00:00:00+09:00,953.2694091796874,953.2694091796874,953.2694091796874,953.2694091796875,100,0.0,0.0
2019-07-10 00:00:00+09:00,954.8359721522178,971.28515625,954.8359721522178,971.28515625,1200,0.0,0.0
2019-07-11 00:00:00+09:00,971.2852466871445,971.2852466871445,955.6193556115454,964.235595703125,900,0.0,0.0
2019-07-12 00:00:00+09:00,964.2354423696909,968.9352089450102,961.8855590820312,961.8855590820312,700,0.0,0.0
2019-07-16 00:00:00+09:00,956.4025555601215,956.4025555601215,936.0368991763679,949.3529052734375,2200,0.0,0.0
2019-07-17 00:00:00+09:00,949.3530277452971,955.619384364078,949.3530277452971,952.4862060546875,400,0.0,0.0
2019-07-18 00:00:00+09:00,950.1362902355115,950.1362902355115,942.3033447265625,942.3033447265625,800,0.0,0.0
2019-07-19 00:00:00+09:00,943.8699657038638,952.4862060546875,943.8699657038638,952.4862060546875,300,0.0,0.0
2019-07-22 00:00:00+09:00,952.4861146774856,954.8359981840912,952.4861146774856,953.2694091796875,5300,0.0,0.0
2019-07-23 00:00:00+09:00,953.2694091796874,953.2694091796874,953.2694091796874,953.2694091796875,300,0.0,0.0
2019-07-24 00:00:00+09:00,947.0029907226562,947.0029907226562,947.0029907226562,947.0029907226562,100,0.0,0.0
2019-07-25 00:00:00+09:00,942.303224019318,947.0029907226562,942.303224019318,947.0029907226562,400,0.0,0.0
2019-07-26 00:00:00+09:00,947.7862851732126,947.7862851732126,947.0029907226562,947.0029907226562,300,0.0,0.0
2019-07-29 00:00:00+09:00,947.7864688826196,953.2695310992959,947.7864688826196,951.7029418945312,800,0.0,0.0
2019-07-30 00:00:00+09:00,943.8699655045788,950.9196166992188,943.8699655045788,950.9196166992188,700,0.0,0.0
2019-07-31 00:00:00+09:00,945.4365234375,945.4365234375,945.4365234375,945.4365234375,100,0.0,0.0
2019-08-01 00:00:00+09:00,945.4365234375,945.4365234375,945.4365234375,945.4365234375,0,0.0,0.0
2019-08-02 00:00:00+09:00,948.569579623769,948.569579623769,947.0029907226562,947.0029907226562,1500,0.0,0.0
2019-08-05 00:00:00+09:00,947.0030499761357,947.0030499761357,936.8202214817686,939.1701049804688,700,0.0,0.0
2019-08-06 00:00:00+09:00,932.9038674247131,939.1702242168186,905.4885564592513,910.9716186523438,2400,0.0,0.0
2019-08-07 00:00:00+09:00,917.2379464876853,924.28759765625,917.2379464876853,924.28759765625,500,0.0,0.0
2019-08-08 00:00:00+09:00,925.07080078125,925.07080078125,924.2875062843989,925.07080078125,500,0.0,0.0
2019-08-09 00:00:00+09:00,933.687040246613,933.687040246613,925.07080078125,925.07080078125,200,0.0,0.0
2019-08-13 00:00:00+09:00,936.0370177200292,936.0370177200292,929.7706611160457,935.2537231445312,1200,0.0,0.0
2019-08-14 00:00:00+09:00,939.1701088295328,956.402587890625,939.1701088295328,956.402587890625,400,0.0,0.0
2019-08-15 00:00:00+09:00,956.4025599450308,968.9352716232621,951.702793065694,966.5853881835938,1400,0.0,0.0
2019-08-16 00:00:00+09:00,966.5856623311442,990.0845033926794,966.5856623311442,983.0348510742188,2400,0.0,0.0
2019-08-19 00:00:00+09:00,983.0348205566406,1001.8338928222656,983.0348205566406,997.9174194335938,5400,0.0,0.0
2019-08-20 00:00:00+09:00,997.9173275201315,997.9173275201315,990.8676760698323,994.0008544921875,2600,0.0,0.0
2019-08-21 00:00:00+09:00,994.0006700819291,994.0006700819291,988.517608860043,989.3009033203125,3700,0.0,0.0
2019-08-22 00:00:00+09:00,994.7840286028209,1013.583096859882,994.7840286028209,1001.8336791992188,21700,0.0,0.0
2019-08-23 00:00:00+09:00,979.1180744731681,986.1677246093749,978.3347800135896,986.167724609375,800,0.0,0.0
2019-08-26 00:00:00+09:00,971.2853090588545,982.2514335159707,971.2853090588545,973.6351928710938,1000,0.0,0.0
2019-08-27 00:00:00+09:00,972.8519897460938,972.8519897460938,965.01904296875,965.01904296875,300,0.0,0.0
2019-08-28 00:00:00+09:00,965.8021584647042,989.3009944370815,965.8021584647042,986.9511108398438,4200,0.0,0.0
2019-08-29 00:00:00+09:00,980.6847230708798,981.468017578125,980.6847230708798,981.468017578125,300,0.0,0.0
2019-08-30 00:00:00+09:00,975.9851987557582,983.0348510742188,975.9851987557582,983.0348510742188,4600,0.0,0.0
2019-09-02 00:00:00+09:00,983.0347595700794,998.7006521528695,983.0347595700794,983.8180541992188,8200,0.0,0.0
2019-09-03 00:00:00+09:00,1008.1001877025435,1008.1001877025435,977.5516971661028,983.8180541992188,6900,0.0,0.0
2019-09-04 00:00:00+09:00,977.5515729293082,983.8179291660346,968.1520385742186,968.1520385742188,900,0.0,0.0
2019-09-05 00:00:00+09:00,971.28509668439,978.33474657968,971.28509668439,975.98486328125,1600,0.0,0.0
2019-09-06 00:00:00+09:00,979.1182864243818,992.4342951197534,979.1182864243818,983.8180541992188,500,0.0,0.0
2019-09-09 00:00:00+09:00,990.8676760698323,994.0008544921875,983.0347300139443,994.0008544921875,1300,0.0,0.0
2019-09-10 00:00:00+09:00,994.0008547798631,1001.0505062322026,993.2175601740475,997.134033203125,700,0.0,0.0
2019-09-11 00:00:00+09:00,990.8677367196018,990.8677367196018,987.7345581054688,987.7345581054688,600,0.0,0.0
2019-09-12 00:00:00+09:00,987.7344979333391,997.134033203125,987.7344979333391,997.134033203125,500,0.0,0.0
2019-09-13 00:00:00+09:00,994.7841488080534,994.7841488080534,990.86767578125,990.86767578125,400,0.0,0.0
2019-09-17 00:00:00+09:00,990.86767578125,994.7841488080534,990.86767578125,990.86767578125,600,0.0,0.0
2019-09-18 00:00:00+09:00,994.7837833191446,996.3503719542929,990.867311731274,995.5670776367188,1200,0.0,0.0
2019-09-19 00:00:00+09:00,995.5673193980895,997.9172029214524,979.9014292423367,984.6011962890625,1500,0.0,0.0
2019-09-20 00:00:00+09:00,985.3845232145054,1016.716304556779,985.3845232145054,994.7840576171875,3800,0.0,0.0
2019-09-24 00:00:00+09:00,1012.7999564622264,1012.7999564622264,999.4839477539062,999.4839477539062,1100,0.0,0.0
2019-09-25 00:00:00+09:00,999.4837966622082,1008.1000362886066,997.9172076392267,1006.533447265625,1300,0.0,0.0
2019-09-26 00:00:00+09:00,1006.5335684729109,1009.666746896173,994.7841493856786,997.134033203125,2500,0.0,0.0
2019-09-27 00:00:00+09:00,1002.6170968677493,1012.7999267578124,1002.6170968677493,1012.7999267578125,2000,0.0,0.0
2019-09-30 00:00:00+09:00,1012.7999569431619,1014.3665462037081,1007.31689453125,1007.31689453125,1000,0.0,0.0
2019-10-01 00:00:00+09:00,1011.2333983426513,1011.2333983426513,1008.1002197265625,1008.1002197265625,500,0.0,0.0
2019-10-02 00:00:00+09:00,1005.7502135041163,1005.7502135041163,1004.9669189453125,1004.9669189453125,800,0.0,0.0
2019-10-03 00:00:00+09:00,1004.1835627313513,1004.1835627313513,1001.8336791992188,1001.8336791992188,900,0.0,0.0
2019-10-04 00:00:00+09:00,1001.8336791992188,1001.8336791992188,1001.8336791992188,1001.8336791992188,0,0.0,0.0
2019-10-07 00:00:00+09:00,1001.8336795327442,1009.6666246424608,1001.8336795327442,1003.4002685546875,1000,0.0,0.0
2019-10-08 00:00:00+09:00,1003.4004515645647,1003.4004515645647,1000.2672729492188,1000.2672729492188,900,0.0,0.0
2019-10-09 00:00:00+09:00,1003.4003609590752,1010.4500122070312,1003.4003609590752,1010.4500122070312,300,0.0,0.0
2019-10-10 00:00:00+09:00,1010.4500122070312,1010.4500122070312,1008.8834230408188,1010.4500122070312,1200,0.0,0.0
2019-10-11 00:00:00+09:00,1014.3663606643678,1014.3663606643678,1002.616943359375,1002.616943359375,1100,0.0,0.0
2019-10-15 00:00:00+09:00,1002.6170968677493,1013.5832213647403,1001.8338022608215,1012.7999267578125,1500,0.0,0.0
2019-10-16 00:00:00+09:00,1002.6169747081713,1009.6666253115881,1001.8336801966805,1006.533447265625,4700,0.0,0.0
2019-10-17 00:00:00+09:00,994.7841490977763,1006.5335681816083,980.6848461971779,994.0008544921875,14100,0.0,0.0
2019-10-18 00:00:00+09:00,994.7839984893799,1004.183532333374,994.7839984893799,1002.616943359375,1300,0.0,0.0
2019-10-21 00:00:00+09:00,1002.6170029527559,1002.6170029527559,994.7840576171875,994.7840576171875,2600,0.0,0.0
2019-10-23 00:00:00+09:00,995.5672933545759,1004.1835327148438,995.5672933545759,1004.1835327148438,2000,0.0,0.0
2019-10-24 00:00:00+09:00,996.3505874633789,1002.616943359375,995.5672929763795,1002.616943359375,800,0.0,0.0
2019-10-25 00:00:00+09:00,1001.0505678403628,1008.8835143805848,1001.0505678403628,1008.1002197265625,1300,0.0,0.0
2019-10-28 00:00:00+09:00,1010.4501036886292,1010.4501036886292,1001.833862494385,1008.1002197265625,1500,0.0,0.0
2019-10-29 00:00:00+09:00,1010.4499822785956,1014.366455078125,1008.1000985988779,1014.366455078125,3100,0.0,0.0
2019-10-30 00:00:00+09:00,1011.9760146414397,1011.9760146414397,992.0552269516477,1000.8203735351562,10900,22.0,0.0
2019-10-31 00:00:00+09:00,1002.4139225059168,1031.099853515625,1002.4139225059168,1031.099853515625,7100,0.0,0.0
2019-11-01 00:00:00+09:00,1030.3029606342316,1030.3029606342316,1019.1473214626312,1019.9441528320312,1700,0.0,0.0
2019-11-05 00:00:00+09:00,1019.9440177141713,1019.9440177141713,990.461260952121,995.2422485351562,17400,0.0,0.0
2019-11-06 00:00:00+09:00,1017.5537904476402,1017.5537904476402,1001.6171609966199,1005.601318359375,1900,0.0,0.0
2019-11-07 00:00:00+09:00,1010.3822282926303,1015.1632167545829,1007.9917340616541,1011.9758911132812,800,0.0,0.0
2019-11-08 00:00:00+09:00,1010.3822282926303,1015.1632167545829,1007.9917340616541,1011.9758911132812,800,0.0,0.0
2019-11-11 00:00:00+09:00,1011.9760146414397,1011.9760146414397,995.2425529820144,1000.8203735351562,2500,0.0,0.0
2019-11-12 00:00:00+09:00,1000.8202427455357,1000.8202427455357,996.0392543247767,998.4297485351562,900,0.0,0.0
2019-11-13 00:00:00+09:00,998.42991315099,1004.8045654296875,995.2425870116414,1004.8045654296875,2500,0.0,0.0
2019-11-14 00:00:00+09:00,992.0552561690168,992.8520877000763,968.9471417682927,980.102783203125,8000,0.0,0.0
2019-11-15 00:00:00+09:00,973.7281484208135,979.3059692382814,973.7281484208135,979.3059692382812,2300,0.0,0.0
2019-11-18 00:00:00+09:00,979.3057775682018,988.0709228515625,979.3057775682018,988.0709228515625,1300,0.0,0.0
2019-11-19 00:00:00+09:00,988.0709228515625,989.6645856303554,984.0867659045804,988.0709228515625,1600,0.0,0.0
2019-11-20 00:00:00+09:00,988.070931640625,998.4297397949218,988.070931640625,996.0392456054688,1100,0.0,0.0
2019-11-21 00:00:00+09:00,985.6804286833733,993.6487425773374,985.6804286833733,988.0709228515625,3300,0.0,0.0
2019-11-22 00:00:00+09:00,985.6804286833733,993.6487425773374,985.6804286833733,988.0709228515625,3300,0.0,0.0
2019-11-25 00:00:00+09:00,986.4773470130712,993.6488301496768,986.4773470130712,989.6646728515625,2700,0.0,0.0
2019-11-26 00:00:00+09:00,986.4773470130712,993.6488301496768,986.4773470130712,989.6646728515625,2700,0.0,0.0
2019-11-27 00:00:00+09:00,984.8835713949549,999.2265360269203,984.8835713949549,992.0550537109375,1500,0.0,0.0
2019-11-28 00:00:00+09:00,991.2584507929815,991.2584507929815,981.6964721679689,981.6964721679688,700,0.0,0.0
2019-11-29 00:00:00+09:00,981.6962716380272,990.4614169205096,981.6962716380272,982.4931030273438,2200,0.0,0.0
2019-12-02 00:00:00+09:00,982.4931030273438,982.4931030273438,982.4931030273438,982.4931030273438,600,0.0,0.0
2019-12-03 00:00:00+09:00,972.1344604492188,973.7281234991356,972.1344604492188,972.1344604492188,600,0.0,0.0
2019-12-04 00:00:00+09:00,972.1344604492188,973.7281234991356,972.1344604492188,972.1344604492188,600,0.0,0.0
2019-12-05 00:00:00+09:00,978.5091728826025,988.8679833447147,977.7123413085939,977.7123413085938,1800,0.0,0.0
2019-12-06 00:00:00+09:00,980.1027756988026,980.8996072237609,970.540797399302,972.1344604492188,3600,0.0,0.0
2019-12-09 00:00:00+09:00,970.5410057355067,975.3219959115437,970.5410057355067,973.7283325195312,5600,0.0,0.0
2019-12-10 00:00:00+09:00,979.3055672240413,979.3055672240413,967.3530989503549,975.3214111328125,1800,0.0,0.0
2019-12-11 00:00:00+09:00,979.3059095092271,979.3059095092271,968.1502685546876,968.1502685546875,1200,0.0,0.0
2019-12-12 00:00:00+09:00,971.3375155806834,974.5248413085938,971.3375155806834,974.5248413085938,500,0.0,0.0
2019-12-13 00:00:00+09:00,980.1028360306198,980.1028360306198,974.5250150125593,977.7123413085938,2000,0.0,0.0
2019-12-16 00:00:00+09:00,977.7120880904312,977.7120880904312,969.7437744140626,969.7437744140625,8200,0.0,0.0
2019-12-17 00:00:00+09:00,971.3372550415837,975.3214111328125,968.9467613868464,975.3214111328125,3700,0.0,0.0
2019-12-18 00:00:00+09:00,977.7122886099467,987.2742669826602,977.7122886099467,980.102783203125,1200,0.0,0.0
2019-12-19 00:00:00+09:00,980.102617578599,994.4455827138955,980.102617578599,984.8836059570312,1700,0.0,0.0
2019-12-20 00:00:00+09:00,984.8836059570312,993.6487513174902,984.8836059570312,984.8836059570312,3900,0.0,0.0
2019-12-23 00:00:00+09:00,986.4774354516006,986.4774354516006,980.102783203125,980.102783203125,1500,0.0,0.0
2019-12-24 00:00:00+09:00,986.4774614804752,987.2742930325595,981.6964721679689,981.6964721679688,3900,0.0,0.0
2019-12-25 00:00:00+09:00,984.8835012335526,984.8835012335526,984.086669921875,984.086669921875,900,0.0,0.0
2019-12-26 00:00:00+09:00,993.6487164478226,993.6487164478226,989.66455960561,992.0550537109375,1100,0.0,0.0
2019-12-27 00:00:00+09:00,996.0394111468637,996.8362426757812,996.0394111468637,996.8362426757812,1200,0.0,0.0
2019-12-30 00:00:00+09:00,996.836180579144,1007.9918212890625,996.836180579144,1007.9918212890625,1600,0.0,0.0
2020-01-06 00:00:00+09:00,996.0391395970395,996.0391395970395,984.086669921875,984.086669921875,3400,0.0,0.0
2020-01-07 00:00:00+09:00,988.0710245609655,1022.3347778320312,988.0710245609655,1022.3347778320312,6500,0.0,0.0
2020-01-08 00:00:00+09:00,1009.5855546387106,1019.1475330567569,996.0394185464785,1004.8045654296875,1400,0.0,0.0
2020-01-09 00:00:00+09:00,1015.9600394112723,1015.9600394112723,1004.007568359375,1004.007568359375,600,0.0,0.0
2020-01-10 00:00:00+09:00,1015.9600394112723,1015.9600394112723,1004.007568359375,1004.007568359375,600,0.0,0.0
2020-01-14 00:00:00+09:00,1011.9760215741297,1014.3665161132811,1008.7886955219277,1014.3665161132812,1400,0.0,0.0
2020-01-15 00:00:00+09:00,993.6489576487369,1008.7887573242188,990.4616314012669,1008.7887573242188,3400,0.0,0.0
2020-01-16 00:00:00+09:00,993.6489576487369,1008.7887573242188,990.4616314012669,1008.7887573242188,3400,0.0,0.0
2020-01-17 00:00:00+09:00,1007.1950942004838,1008.7887573242188,1004.007767953014,1008.7887573242188,400,0.0,0.0
2020-01-20 00:00:00+09:00,1004.0076554142729,1005.601318359375,1004.0076554142729,1005.601318359375,500,0.0,0.0
2020-01-21 00:00:00+09:00,1005.6013178784044,1012.7728011279335,1005.6013178784044,1011.1791381835938,1100,0.0,0.0
2020-01-22 00:00:00+09:00,1011.1790423797727,1023.9283447265626,1011.1790423797727,1023.9283447265625,6500,0.0,0.0
2020-01-23 00:00:00+09:00,1023.9283194418923,1065.3635510457666,1023.9283194418923,1050.2237548828125,12300,0.0,0.0
2020-01-24 00:00:00+09:00,1043.8492002744931,1065.3636494404561,1027.912571262669,1031.896728515625,4800,0.0,0.0
2020-01-27 00:00:00+09:00,1031.8966070980948,1060.582535944065,1027.9124503139324,1043.05224609375,6800,0.0,0.0
2020-01-28 00:00:00+09:00,1043.8492866475376,1052.6144333293107,1023.9284987344166,1044.6461181640625,6600,0.0,0.0
2020-01-29 00:00:00+09:00,1047.8333476673472,1051.8175048828125,1047.0365162242542,1051.8175048828125,2100,0.0,0.0
2020-01-30 00:00:00+09:00,1051.8175494333398,1062.9731901091477,1041.458740234375,1041.458740234375,2200,0.0,0.0
2020-01-31 00:00:00+09:00,1051.8175494333398,1055.0048753407134,1035.0840884196275,1041.458740234375,2700,0.0,0.0
2020-02-03 00:00:00+09:00,1030.3030925462326,1032.693586960493,1020.741114889191,1022.3347778320312,2000,0.0,0.0
2020-02-04 00:00:00+09:00,1023.9282840693329,1031.8965975640358,1023.9282840693329,1029.506103515625,700,0.0,0.0
2020-02-05 00:00:00+09:00,1029.5060356780773,1043.8489990234375,1029.5060356780773,1043.8489990234375,800,0.0,0.0
2020-02-06 00:00:00+09:00,1053.411360627612,1054.2081922165892,1047.833539504773,1048.63037109375,700,0.0,0.0
2020-02-07 00:00:00+09:00,1048.6300655915775,1048.6300655915775,1043.05224609375,1043.05224609375,1000,0.0,0.0
2020-02-10 00:00:00+09:00,1043.0524882967509,1059.7859506758432,1043.0524882967509,1054.2081298828125,1400,0.0,0.0
2020-02-12 00:00:00+09:00,1059.7858193137429,1061.379482199929,1051.0206734397195,1051.8175048828125,1600,0.0,0.0
2020-02-13 00:00:00+09:00,1060.5827285984094,1062.1763916015625,1057.3954025921032,1062.1763916015625,1300,0.0,0.0
2020-02-14 00:00:00+09:00,1058.9890655952563,1067.7542121125985,1055.8017395889499,1062.1763916015625,1900,0.0,0.0
2020-02-17 00:00:00+09:00,1067.7541865322885,1067.7541865322885,1051.020725400066,1055.0048828125,2800,0.0,0.0
2020-02-18 00:00:00+09:00,1051.0205013638451,1070.9412841796875,1045.4426821754093,1070.9412841796875,3500,0.0,0.0
2020-02-19 00:00:00+09:00,1070.9415490591398,1111.5799560546875,1070.9415490591398,1111.5799560546875,4600,0.0,0.0
2020-02-20 00:00:00+09:00,1110.7831013857951,1162.5771484375,1106.7989439202793,1162.5771484375,8000,0.0,0.0
2020-02-21 00:00:00+09:00,1163.3738862197765,1179.3105147981296,1071.738271894246,1091.6590576171875,27300,0.0,0.0
2020-02-25 00:00:00+09:00,1086.877889059518,1086.877889059518,1041.4585051325441,1043.8489990234375,3000,0.0,0.0
2020-02-26 00:00:00+09:00,1036.677533924671,1041.458521782894,1031.896546066448,1037.474365234375,2500,0.0,0.0
2020-02-27 00:00:00+09:00,1035.8809661865234,1051.0207649230958,956.1978149414062,956.1978149414062,5600,0.0,0.0
2020-02-28 00:00:00+09:00,951.4167427538533,959.3850571822776,882.0924072265625,882.0924072265625,8500,0.0,0.0
2020-03-02 00:00:00+09:00,876.5145871266656,882.0924072265625,860.5779582698171,882.0924072265625,2100,0.0,0.0
2020-03-03 00:00:00+09:00,977.7121968851461,977.7121968851461,905.2005343614719,920.34033203125,1600,0.0,0.0
2020-03-04 00:00:00+09:00,890.8575005020115,930.6990702919046,885.2796807314264,906.7941284179688,1300,0.0,0.0
2020-03-05 00:00:00+09:00,906.7941284179688,906.7941284179688,906.7941284179688,906.7941284179688,0,0.0,0.0
2020-03-06 00:00:00+09:00,886.0766902804155,887.6703533924307,865.3590698242188,865.3590698242188,900,0.0,0.0
2020-03-09 00:00:00+09:00,852.6096312574248,852.6096312574248,725.1166022843519,754.599365234375,10300,0.0,0.0
2020-03-10 00:00:00+09:00,737.8658361947665,745.8341497605846,722.7260404197119,741.0531616210938,3400,0.0,0.0
2020-03-11 00:00:00+09:00,741.0533073241163,781.691714499955,741.0533073241163,759.3804321289062,26900,0.0,0.0
2020-03-12 00:00:00+09:00,780.8947204981934,780.8947204981934,744.240478515625,744.240478515625,1200,0.0,0.0
2020-03-13 00:00:00+09:00,717.9450689551628,744.2405043330989,717.9450689551628,734.6785278320312,2700,0.0,0.0
2020-03-16 00:00:00+09:00,713.9609456211018,766.5518188476562,713.9609456211018,766.5518188476562,2400,0.0,0.0
2020-03-17 00:00:00+09:00,756.9900943921959,756.9900943921959,733.0851440429688,733.0851440429688,300,0.0,0.0
2020-03-18 00:00:00+09:00,736.272285291163,764.9582184843252,736.272285291163,749.8184204101562,700,0.0,0.0
2020-03-19 00:00:00+09:00,751.4120397040185,796.8314312874003,749.0215454101562,749.0215454101562,3900,0.0,0.0
2020-03-23 00:00:00+09:00,749.0216415828226,749.0216415828226,744.24065238123,747.427978515625,500,0.0,0.0
2020-03-24 00:00:00+09:00,750.6152518877442,750.6152518877442,749.8184204101562,749.8184204101562,400,0.0,0.0
2020-03-25 00:00:00+09:00,780.0980302986169,788.0663452148438,778.5043673153715,788.0663452148438,1600,0.0,0.0
2020-03-26 00:00:00+09:00,788.0663367342997,788.0663367342997,785.6758422851562,785.6758422851562,1600,0.0,0.0
2020-03-27 00:00:00+09:00,793.6440691441477,796.8313947230399,792.0504063547016,795.2377319335938,1100,0.0,0.0
2020-03-30 00:00:00+09:00,795.2378114717781,798.4251373694606,777.7075190345245,783.2853393554688,2300,0.0,0.0
2020-03-31 00:00:00+09:00,783.2852088132045,796.8313416207573,779.3010521051007,786.4725341796875,1400,0.0,0.0
2020-04-01 00:00:00+09:00,793.6440162542742,805.5964863785856,786.4725341796875,786.4725341796875,1000,0.0,0.0
2020-04-02 00:00:00+09:00,786.4727284339929,786.4727284339929,772.1297607421875,772.1297607421875,1300,0.0,0.0
2020-04-03 00:00:00+09:00,805.596659897507,805.596659897507,759.3804321289062,759.3804321289062,2100,0.0,0.0
2020-04-06 00:00:00+09:00,761.7709000175332,763.3645629882812,761.7709000175332,763.3645629882812,200,0.0,0.0
2020-04-07 00:00:00+09:00,763.3644671122233,764.9581298828125,758.5834788004557,764.9581298828125,2100,0.0,0.0
2020-04-08 00:00:00+09:00,765.7550129958702,779.3011474609375,765.7550129958702,779.3011474609375,400,0.0,0.0
2020-04-09 00:00:00+09:00,796.8314386183216,796.8314386183216,790.456787109375,790.456787109375,400,0.0,0.0
2020-04-10 00:00:00+09:00,790.456787109375,791.2536185479934,790.456787109375,790.456787109375,3500,0.0,0.0
2020-04-13 00:00:00+09:00,826.3142479205953,826.3142479205953,785.6758422851562,785.6758422851562,2100,0.0,0.0
2020-04-14 00:00:00+09:00,788.8631760930441,797.6283224940779,788.8631760930441,793.6441650390625,1000,0.0,0.0
2020-04-15 00:00:00+09:00,788.8630192454268,788.8630192454268,776.9105492568598,784.08203125,4000,0.0,0.0
2020-04-16 00:00:00+09:00,794.4409443024666,796.8314386183216,774.5201583370086,790.456787109375,2700,0.0,0.0
2020-04-17 00:00:00+09:00,792.8472379285759,812.7680228011532,786.4725867693511,811.97119140625,5600,0.0,0.0
2020-04-20 00:00:00+09:00,805.5966805993799,805.5966805993799,792.847376059726,800.0188598632812,1500,0.0,0.0
2020-04-21 00:00:00+09:00,796.831394661327,796.831394661327,789.659912109375,789.659912109375,900,0.0,0.0
2020-04-22 00:00:00+09:00,789.659903460172,796.8313859335742,789.659903460172,792.8472290039062,6200,0.0,0.0
2020-04-23 00:00:00+09:00,792.8472639162615,804.799735231582,791.2536010742188,791.2536010742188,2800,0.0,0.0
2020-04-24 00:00:00+09:00,796.8313859335742,796.8313859335742,792.0503976179727,792.8472290039062,1700,0.0,0.0
2020-04-27 00:00:00+09:00,795.2377666804275,800.815586687204,793.6441038213485,799.221923828125,2900,0.0,0.0
2020-04-28 00:00:00+09:00,811.392822265625,811.392822265625,800.0333227539063,811.392822265625,6900,18.0,0.0
2020-04-30 00:00:00+09:00,811.3929862406717,817.8841301305971,804.9018423507463,815.449951171875,1400,0.0,0.0
2020-05-01 00:00:00+09:00,812.2043352174427,818.6954787556441,812.2043352174427,817.0726928710938,1300,0.0,0.0
2020-05-07 00:00:00+09:00,804.9016437190594,819.5067138671875,804.9016437190594,819.5067138671875,1300,0.0,0.0
2020-05-08 00:00:00+09:00,824.3751560585172,827.6207275390625,813.8270487467448,827.6207275390625,1700,0.0,0.0
2020-05-11 00:00:00+09:00,825.9979621039497,876.3043212890625,825.9979621039497,876.3043212890625,2400,0.0,0.0
2020-05-12 00:00:00+09:00,853.585264787683,875.4928713934504,853.585264787683,859.2650146484375,1600,0.0,0.0
2020-05-13 00:00:00+09:00,859.265101028701,861.6992797851562,853.5853505969721,861.6992797851562,2100,0.0,0.0
2020-05-14 00:00:00+09:00,845.4713729407471,875.4929092159944,845.4713729407471,851.151123046875,1800,0.0,0.0
2020-05-15 00:00:00+09:00,856.8307395199954,873.8699871809043,856.8307395199954,867.3788452148438,1600,0.0,0.0
2020-05-18 00:00:00+09:00,875.4928055441259,891.7206610685768,874.6814127679033,881.9839477539062,1000,0.0,0.0
2020-05-19 00:00:00+09:00,920.1196528823922,920.1196528823922,885.2297542281216,904.7031860351562,1600,0.0,0.0
2020-05-20 00:00:00+09:00,880.3613701216672,892.5322646394782,856.8309740538991,884.4183349609375,1300,0.0,0.0
2020-05-21 00:00:00+09:00,902.2687377929688,902.2687377929688,902.2687377929688,902.2687377929688,100,0.0,0.0
2020-05-22 00:00:00+09:00,902.2687022163269,933.1016254935035,902.2687022163269,910.3826293945312,3600,0.0,0.0
2020-05-25 00:00:00+09:00,910.3829071424358,913.6284790039061,910.3829071424358,913.6284790039062,200,0.0,0.0
2020-05-26 00:00:00+09:00,894.1549214207848,912.0055641351744,894.1549214207848,907.13720703125,500,0.0,0.0
2020-05-27 00:00:00+09:00,908.7599487304688,908.7599487304688,908.7599487304688,908.7599487304688,100,0.0,0.0
2020-05-28 00:00:00+09:00,909.5713450437898,909.5713450437898,880.3612037221337,891.720703125,2100,0.0,0.0
2020-05-29 00:00:00+09:00,891.7206763979098,911.1941033620134,887.6637124470549,894.9662475585938,700,0.0,0.0
2020-06-01 00:00:00+09:00,919.30808937715,919.30808937715,877.1156616210936,877.1156616210938,1600,0.0,0.0
2020-06-02 00:00:00+09:00,876.3041983203484,881.9839477539062,869.0016633343455,881.9839477539062,600,0.0,0.0
2020-06-03 00:00:00+09:00,875.4928055441259,881.9839477539062,875.4928055441259,881.9839477539062,200,0.0,0.0
2020-06-04 00:00:00+09:00,892.5322911557596,913.6285089467139,892.5322911557596,904.7031860351562,2100,0.0,0.0
2020-06-05 00:00:00+09:00,900.6460726740534,910.3827869732323,900.6460726740534,907.9486083984375,2700,0.0,0.0
2020-06-08 00:00:00+09:00,912.816965548027,912.816965548027,907.9486083984376,907.9486083984375,400,0.0,0.0
2020-06-09 00:00:00+09:00,899.8348280833976,904.7031860351562,897.4006491075182,904.7031860351562,1000,0.0,0.0
2020-06-10 00:00:00+09:00,904.7031860351562,904.7031860351562,904.7031860351562,904.7031860351562,0,0.0,0.0
2020-06-11 00:00:00+09:00,904.7031860351562,904.7031860351562,904.7031860351562,904.7031860351562,0,0.0,0.0
2020-06-12 00:00:00+09:00,884.4181762695313,884.4181762695313,851.9624633789062,851.9624633789062,1800,0.0,0.0
2020-06-15 00:00:00+09:00,847.9055077637183,859.265007389261,847.9055077637183,852.7738647460938,1200,0.0,0.0
2020-06-16 00:00:00+09:00,860.0762939453125,860.0762939453125,860.0762939453125,860.0762939453125,200,0.0,0.0
2020-06-17 00:00:00+09:00,860.0764958530806,860.0764958530806,856.01953125,856.01953125,200,0.0,0.0
2020-06-18 00:00:00+09:00,864.1334464139716,875.4929471180051,864.1334464139716,872.2473754882812,2100,0.0,0.0
2020-06-19 00:00:00+09:00,876.304340025436,876.304340025436,872.2473754882812,872.2473754882812,600,0.0,0.0
2020-06-22 00:00:00+09:00,876.3042340959821,957.4435150307953,876.3042340959821,920.1194458007812,4900,0.0,0.0
2020-06-23 00:00:00+09:00,920.1195952018805,920.1195952018805,916.8740234375,916.8740234375,300,0.0,0.0
2020-06-24 00:00:00+09:00,916.8740234375,916.8740234375,916.8740234375,916.8740234375,0,0.0,0.0
2020-06-25 00:00:00+09:00,916.8740234375,916.8740234375,916.8740234375,916.8740234375,0,0.0,0.0
2020-06-26 00:00:00+09:00,941.2158716888941,963.9348754882812,941.2158716888941,963.9348754882812,500,0.0,0.0
2020-06-29 00:00:00+09:00,916.8738791826189,930.66755701103,897.4004516601562,897.4004516601562,1700,0.0,0.0
2020-06-30 00:00:00+09:00,897.400567171135,912.8170326107837,890.909423828125,890.909423828125,3900,0.0,0.0
2020-07-01 00:00:00+09:00,890.9094554189093,903.0803496186211,881.1727400591398,899.8347778320312,1300,0.0,0.0
2020-07-02 00:00:00+09:00,899.8347778320312,899.8347778320312,899.8347778320312,899.8347778320312,400,0.0,0.0
2020-07-03 00:00:00+09:00,899.8346301004641,899.8346301004641,876.3042385108216,897.4004516601562,2000,0.0,0.0
2020-07-06 00:00:00+09:00,897.4004249366554,900.64599609375,897.4004249366554,900.64599609375,500,0.0,0.0
2020-07-07 00:00:00+09:00,907.9486083984376,907.9486083984376,907.9486083984376,907.9486083984375,100,0.0,0.0
2020-07-08 00:00:00+09:00,907.9486083984376,907.9486083984376,907.9486083984376,907.9486083984375,0,0.0,0.0
2020-07-09 00:00:00+09:00,907.9486083984376,907.9486083984376,907.9486083984376,907.9486083984375,1000,0.0,0.0
2020-07-10 00:00:00+09:00,883.6068972482618,892.5322194426888,862.5106811523438,862.5106811523438,1700,0.0,0.0
2020-07-13 00:00:00+09:00,858.4536642203653,863.322021484375,852.7739140790208,863.322021484375,2000,0.0,0.0
2020-07-14 00:00:00+09:00,876.3043212890625,876.3043212890625,876.3043212890625,876.3043212890625,100,0.0,0.0
2020-07-15 00:00:00+09:00,863.3219165909358,868.190273263441,863.3219165909358,864.9447021484375,900,0.0,0.0
2020-07-16 00:00:00+09:00,868.1903787483847,868.1903787483847,863.322021484375,863.322021484375,500,0.0,0.0
2020-07-17 00:00:00+09:00,869.8132155373831,869.8132155373831,867.3790367625584,868.1904296875,500,0.0,0.0
2020-07-20 00:00:00+09:00,827.6207661927033,843.0372314453125,826.8093732846713,843.0372314453125,5100,0.0,0.0
2020-07-21 00:00:00+09:00,833.300537109375,833.300537109375,833.300537109375,833.300537109375,100,0.0,0.0
2020-07-22 00:00:00+09:00,840.6029761453276,844.6599403159132,835.734619140625,835.734619140625,3400,0.0,0.0
2020-07-27 00:00:00+09:00,843.8485107421875,843.8485107421875,843.8485107421875,843.8485107421875,100,0.0,0.0
2020-07-28 00:00:00+09:00,844.6599279785156,851.9624633789062,843.84853515625,851.9624633789062,1200,0.0,0.0
2020-07-29 00:00:00+09:00,851.9625277132601,851.9625277132601,839.7916344602136,840.60302734375,800,0.0,0.0
2020-07-30 00:00:00+09:00,840.6029833608051,842.2257690429688,838.9801976786414,842.2257690429688,500,0.0,0.0
2020-07-31 00:00:00+09:00,821.1296302199245,821.1296302199245,820.3182373046875,820.3182373046875,400,0.0,0.0
2020-08-03 00:00:00+09:00,844.6599403159132,848.7169044864987,835.734619140625,835.734619140625,2200,0.0,0.0
2020-08-04 00:00:00+09:00,844.6599206613259,845.4713134765625,844.6599206613259,845.4713134765625,400,0.0,0.0
2020-08-05 00:00:00+09:00,843.0372314453125,843.0372314453125,843.0372314453125,843.0372314453125,200,0.0,0.0
2020-08-06 00:00:00+09:00,838.9801782226563,860.8877844238282,838.9801782226563,851.9624633789062,800,0.0,0.0
2020-08-07 00:00:00+09:00,851.9624633789062,851.9624633789062,851.9624633789062,851.9624633789062,1100,0.0,0.0
2020-08-11 00:00:00+09:00,856.0195293534274,864.94485146043,856.0195293534274,861.6992797851562,700,0.0,0.0
2020-08-12 00:00:00+09:00,862.5106286070401,863.322021484375,862.5106286070401,863.322021484375,300,0.0,0.0
2020-08-13 00:00:00+09:00,863.3220721378505,870.6246084623248,863.3220721378505,868.1904296875,300,0.0,0.0
2020-08-14 00:00:00+09:00,877.115710714589,877.115710714589,857.6422814295288,858.4536743164062,1900,0.0,0.0
2020-08-17 00:00:00+09:00,854.3966045004247,870.6244602364252,851.9624261400246,865.756103515625,1600,0.0,0.0
2020-08-18 00:00:00+09:00,872.2473943122079,872.2473943122079,860.8878933630257,868.1904296875,800,0.0,0.0
2020-08-19 00:00:00+09:00,873.0586366078738,929.0447387695312,869.0016726831161,929.0447387695312,2700,0.0,0.0
2020-08-20 00:00:00+09:00,929.0447190537076,944.461181640625,920.9307913763826,944.461181640625,2400,0.0,0.0
2020-08-21 00:00:00+09:00,944.4612863880965,1007.7499292903917,944.4612863880965,977.7283935546875,18300,0.0,0.0
2020-08-24 00:00:00+09:00,977.7283969573443,977.7283969573443,909.5713966715211,931.47900390625,1500,0.0,0.0
2020-08-25 00:00:00+09:00,950.1411038665369,950.1411038665369,925.79931640625,925.79931640625,500,0.0,0.0
2020-08-26 00:00:00+09:00,910.382829442143,912.005615234375,909.571436546027,912.005615234375,800,0.0,0.0
2020-08-27 00:00:00+09:00,916.0625197804177,916.8739126234473,906.3258056640625,906.3258056640625,400,0.0,0.0
2020-08-28 00:00:00+09:00,906.3258141805959,907.13720703125,906.3258141805959,907.13720703125,2500,0.0,0.0
2020-08-31 00:00:00+09:00,907.1371631077358,909.5713415418353,907.1371631077358,908.7599487304688,900,0.0,0.0
2020-09-01 00:00:00+09:00,919.3079217247268,945.2724879164226,919.3079217247268,930.6674194335938,800,0.0,0.0
2020-09-02 00:00:00+09:00,929.8562155715902,929.8562155715902,907.9486083984376,907.9486083984375,400,0.0,0.0
2020-09-03 00:00:00+09:00,900.6460557628553,911.1941627222401,900.6460557628553,906.3258056640625,700,0.0,0.0
2020-09-04 00:00:00+09:00,894.9663865309495,913.6284236027644,894.9663865309495,896.5891723632812,2100,0.0,0.0
2020-09-07 00:00:00+09:00,903.0803496186211,923.3651732848076,892.5322413122042,899.8347778320312,2500,0.0,0.0
2020-09-08 00:00:00+09:00,899.0232470703126,899.0232470703126,892.5321044921875,892.5321044921875,1900,0.0,0.0
2020-09-09 00:00:00+09:00,892.5322646394782,897.4006224466026,884.4183349609375,884.4183349609375,3200,0.0,0.0
2020-09-10 00:00:00+09:00,891.7207019661046,910.3827366751314,886.040952272053,897.4004516601562,2100,0.0,0.0
2020-09-11 00:00:00+09:00,910.3828174892499,910.3828174892499,886.852423810829,893.3435668945312,1900,0.0,0.0
2020-09-14 00:00:00+09:00,895.7777813353824,911.1942467750313,890.909423828125,890.909423828125,2900,0.0,0.0
2020-09-15 00:00:00+09:00,899.0232813738394,899.0232813738394,895.7777099609375,895.7777099609375,300,0.0,0.0
2020-09-16 00:00:00+09:00,896.5890686035157,901.4574255371094,891.7207116699219,892.5321044921875,4200,0.0,0.0
2020-09-17 00:00:00+09:00,893.3434973144532,909.5713537597657,892.5321044921875,892.5321044921875,1700,0.0,0.0
2020-09-18 00:00:00+09:00,896.5890331389357,908.7599249915004,894.9662475585938,894.9662475585938,4100,0.0,0.0
2020-09-23 00:00:00+09:00,892.5322285728071,892.5322285728071,872.2474051961524,886.8524780273438,2200,0.0,0.0
2020-09-24 00:00:00+09:00,907.9486144404145,907.9486144404145,885.2296142578125,885.2296142578125,2200,0.0,0.0
2020-09-25 00:00:00+09:00,890.0980290339544,904.7031015249399,886.8524573692908,896.5891723632812,1000,0.0,0.0
2020-09-28 00:00:00+09:00,896.589102814163,898.2118885206139,891.72074569481,895.7777099609375,2300,0.0,0.0
2020-09-29 00:00:00+09:00,899.0232349940709,915.2510912214008,899.0232349940709,908.7599487304688,1500,0.0,0.0
2020-09-30 00:00:00+09:00,893.3434175450167,906.3257015420378,893.3434175450167,902.2687377929688,3500,0.0,0.0
2020-10-02 00:00:00+09:00,909.5713884657707,912.8169598786727,894.9663171077119,895.7777099609375,8600,0.0,0.0
2020-10-05 00:00:00+09:00,895.7776393581081,900.64599609375,895.7776393581081,900.64599609375,2100,0.0,0.0
2020-10-06 00:00:00+09:00,899.8346798157884,912.816965548027,899.8346798157884,907.9486083984375,3800,0.0,0.0
2020-10-07 00:00:00+09:00,914.4397426871366,914.4397426871366,902.2688499273255,907.13720703125,1500,0.0,0.0
2020-10-08 00:00:00+09:00,907.1371716406599,909.5713500976562,904.7029931836635,909.5713500976562,2400,0.0,0.0
2020-10-09 00:00:00+09:00,915.251186818839,915.251186818839,912.005615234375,912.005615234375,1400,0.0,0.0
2020-10-12 00:00:00+09:00,912.005693073171,915.2512649346414,908.7601212117006,913.6284790039062,900,0.0,0.0
2020-10-13 00:00:00+09:00,916.062351587065,920.1193150573354,916.062351587065,919.3079223632812,2100,0.0,0.0
2020-10-14 00:00:00+09:00,920.9308840603298,920.9308840603298,910.3827770182291,912.8169555664062,1500,0.0,0.0
2020-10-15 00:00:00+09:00,912.816884979329,920.1194200591635,912.816884979329,917.6852416992188,400,0.0,0.0
2020-10-16 00:00:00+09:00,913.6282777659773,918.496634485867,913.6282777659773,917.6852416992188,2200,0.0,0.0
2020-10-19 00:00:00+09:00,917.6851369751731,920.1193150573354,916.062351587065,919.3079223632812,1800,0.0,0.0
2020-10-20 00:00:00+09:00,920.1193150573354,920.1193150573354,913.6281735049027,919.3079223632812,2500,0.0,0.0
2020-10-21 00:00:00+09:00,912.0056377704327,915.2512094350961,896.5891723632812,896.5891723632812,9900,0.0,0.0
2020-10-22 00:00:00+09:00,896.5890600119427,896.5890600119427,883.6067749800956,891.720703125,8800,0.0,0.0
2020-10-23 00:00:00+09:00,890.0980309102487,891.7208167460012,886.8524592387437,890.909423828125,2400,0.0,0.0
2020-10-26 00:00:00+09:00,880.3612037221337,891.720703125,880.3612037221337,891.720703125,3500,0.0,0.0
2020-10-27 00:00:00+09:00,886.8523547363282,892.5321044921875,886.0409619140626,892.5321044921875,2800,0.0,0.0
2020-10-28 00:00:00+09:00,892.5320538447993,896.589017725912,881.9839477539062,881.9839477539062,16700,0.0,0.0
2020-10-29 00:00:00+09:00,854.757199347589,863.0077514648438,828.355432572374,863.0077514648438,10200,18.0,0.0
2020-10-30 00:00:00+09:00,858.057535406404,864.6579779864533,834.9559863762315,837.43115234375,4400,0.0,0.0
2020-11-02 00:00:00+09:00,837.4310836258468,857.2324097411378,825.0552548037899,825.8803100585938,2700,0.0,0.0
2020-11-04 00:00:00+09:00,833.3057931636746,845.6816217750163,830.8306274414062,830.8306274414062,1800,0.0,0.0
2020-11-05 00:00:00+09:00,842.3813545511841,842.3813545511841,830.0055266194821,839.9061889648438,1200,0.0,0.0
2020-11-06 00:00:00+09:00,841.5563822071455,846.5067138671875,835.7809952704298,846.5067138671875,1100,0.0,0.0
2020-11-09 00:00:00+09:00,854.7572201588115,855.582275390625,849.8068887679303,855.582275390625,800,0.0,0.0
2020-11-10 00:00:00+09:00,845.6817055688116,853.9322587938732,837.43115234375,837.43115234375,2400,0.0,0.0
2020-11-11 00:00:00+09:00,851.4570022479005,853.9321679521095,838.2561184921191,847.3317260742188,1900,0.0,0.0
2020-11-12 00:00:00+09:00,847.3318054018105,847.3318054018105,832.4808097861994,834.1309204101562,3500,0.0,0.0
2020-11-13 00:00:00+09:00,834.1309204101562,846.5067500898322,829.1805885382859,834.1309204101562,1300,0.0,0.0
2020-11-16 00:00:00+09:00,837.43115234375,847.3318162138239,830.8307097637007,837.43115234375,1400,0.0,0.0
2020-11-17 00:00:00+09:00,837.4311556881422,847.3318195977556,836.6061003623411,843.20654296875,1200,0.0,0.0
2020-11-18 00:00:00+09:00,851.4570706502162,865.4830107675162,848.1568494461455,858.882568359375,2000,0.0,0.0
2020-11-19 00:00:00+09:00,883.6341246685831,883.6341246685831,855.5822476949774,865.48291015625,2800,0.0,0.0
2020-11-20 00:00:00+09:00,865.48291015625,891.0596215145376,865.48291015625,865.48291015625,4300,0.0,0.0
2020-11-24 00:00:00+09:00,866.3080765029132,876.208740234375,866.3080765029132,876.208740234375,1100,0.0,0.0
2020-11-25 00:00:00+09:00,882.8091827220163,882.8091827220163,876.208740234375,876.208740234375,1000,0.0,0.0
2020-11-26 00:00:00+09:00,871.25830078125,871.25830078125,870.4332455721769,871.25830078125,300,0.0,0.0
2020-11-27 00:00:00+09:00,871.2582965919923,871.2582965919923,856.4073029000833,865.48291015625,600,0.0,0.0
2020-11-30 00:00:00+09:00,867.9581127381057,896.0099909064475,867.9581127381057,881.1589965820312,1100,0.0,0.0
2020-12-01 00:00:00+09:00,872.9083613557636,874.5584716796875,872.9083613557636,874.5584716796875,300,0.0,0.0
2020-12-02 00:00:00+09:00,926.536992998464,981.8156916012219,924.0618273893854,946.3383178710938,20100,0.0,0.0
2020-12-03 00:00:00+09:00,921.5867560827144,925.7120325199692,914.9863137831068,919.9366455078125,4600,0.0,0.0
2020-12-04 00:00:00+09:00,919.9366208569293,947.9884998785756,919.9366208569293,935.6126708984375,3600,0.0,0.0
2020-12-07 00:00:00+09:00,990.0661556945518,1112.1743148968799,982.6406595268426,1067.621337890625,44600,0.0,0.0
2020-12-08 00:00:00+09:00,1072.5718235581119,1080.8223760470205,1024.7186191224423,1063.4962158203125,15200,0.0,0.0
2020-12-09 00:00:00+09:00,1051.1201483543884,1061.845864153923,1035.444102185838,1046.994873046875,3900,0.0,0.0
2020-12-10 00:00:00+09:00,1035.4443179287218,1035.4443179287218,1034.6192626953125,1034.6192626953125,300,0.0,0.0
2020-12-11 00:00:00+09:00,1024.7185766780347,1024.7185766780347,1000.7919754512529,1013.9928588867188,6800,0.0,0.0
2020-12-14 00:00:00+09:00,1009.8676722684353,1034.6193309024657,1009.8676722684353,1032.1441650390625,1400,0.0,0.0
2020-12-15 00:00:00+09:00,1036.2692992556747,1046.995016525041,995.0165405273438,995.0165405273438,7000,0.0,0.0
2020-12-16 00:00:00+09:00,1035.4441896168405,1035.4441896168405,957.0639521558047,984.290771484375,16900,0.0,0.0
2020-12-17 00:00:00+09:00,975.2153183553228,1009.042584051235,975.2153183553228,994.1915893554688,10100,0.0,0.0
2020-12-18 00:00:00+09:00,994.1918458436664,1009.0428443707917,991.7166794224788,1003.2674560546875,2900,0.0,0.0
2020-12-21 00:00:00+09:00,991.7161839261969,1046.994873046875,991.7161839261969,1046.994873046875,9000,0.0,0.0
2020-12-22 00:00:00+09:00,1046.9950492427033,1050.2952700440987,1032.9691108367729,1049.47021484375,6000,0.0,0.0
2020-12-23 00:00:00+09:00,1047.8201983948218,1089.0729621111534,1047.8201983948218,1087.4228515625,10300,0.0,0.0
2020-12-24 00:00:00+09:00,1089.0729378962862,1089.0729378962862,1024.7186279296875,1024.7186279296875,6800,0.0,0.0
2020-12-25 00:00:00+09:00,1049.4703040149839,1071.746796317189,1024.718645901423,1025.543701171875,2900,0.0,0.0
2020-12-28 00:00:00+09:00,1025.543726303998,1046.995163861443,999.1419570025275,1009.86767578125,2500,0.0,0.0
2020-12-29 00:00:00+09:00,957.0641371783088,1013.1678969439338,948.8135842715992,1009.86767578125,6600,0.0,0.0
2020-12-30 00:00:00+09:00,1009.8676067762138,1009.8676067762138,992.5414468560338,998.3168334960938,2800,0.0,0.0
2021-01-04 00:00:00+09:00,998.3170195103868,1015.6431826589142,998.3170195103868,1004.0924072265625,1600,0.0,0.0
2021-01-05 00:00:00+09:00,1000.7919572366251,1002.4420676360259,966.1396388492069,976.8653564453125,4800,0.0,0.0
2021-01-06 00:00:00+09:00,978.5155998255668,1004.0923144921711,978.5155998255668,980.1657104492188,3800,0.0,0.0
2021-01-07 00:00:00+09:00,981.8157604423301,1000.792031442476,981.8157604423301,994.1915893554688,1800,0.0,0.0
2021-01-08 00:00:00+09:00,994.1914990743002,997.4917198181153,980.1655609130859,990.0662231445312,2500,0.0,0.0
2021-01-12 00:00:00+09:00,990.0662231445312,990.891278330485,983.4657816569011,990.0662231445312,2000,0.0,0.0
2021-01-13 00:00:00+09:00,990.0663629541257,1007.3925243058229,981.815809929508,1004.9173583984375,6500,0.0,0.0
2021-01-14 00:00:00+09:00,990.8913047256784,1013.1677953398278,990.8913047256784,1002.4420776367188,4400,0.0,0.0
2021-01-15 00:00:00+09:00,1000.7918615543434,1018.1180190915579,1000.7918615543434,1011.517578125,1700,0.0,0.0
2021-01-18 00:00:00+09:00,1018.9432302545846,1024.7186169847726,1009.0425672885482,1021.4183959960938,1700,0.0,0.0
2021-01-19 00:00:00+09:00,1025.543701171875,1038.7445854991076,1023.0685353605189,1025.543701171875,3200,0.0,0.0
2021-01-20 00:00:00+09:00,1030.4939989470179,1030.4939989470179,999.9669549429829,1001.6170654296875,3200,0.0,0.0
2021-01-21 00:00:00+09:00,1002.4421781652113,1018.1182286879595,999.9670122931985,1009.86767578125,2300,0.0,0.0
2021-01-22 00:00:00+09:00,1009.8675085399798,1025.5435564666625,1009.8675085399798,1018.943115234375,4100,0.0,0.0
2021-01-25 00:00:00+09:00,1018.943315827171,1051.1204731690816,1018.943315827171,1033.7943115234375,3300,0.0,0.0
2021-01-26 00:00:00+09:00,1042.8697446761594,1042.8697446761594,1023.0684204101562,1023.0684204101562,4900,0.0,0.0
2021-01-27 00:00:00+09:00,1018.1181580271257,1034.6192626953125,1018.1181580271257,1034.6192626953125,1800,0.0,0.0
2021-01-28 00:00:00+09:00,1021.4183959960938,1028.843893220621,1019.7682855017543,1021.4183959960938,1800,0.0,0.0
2021-01-29 00:00:00+09:00,1023.0684803473783,1023.0684803473783,1009.0425415039062,1009.0425415039062,3100,0.0,0.0
2021-02-01 00:00:00+09:00,1009.86767578125,1018.9432839786305,1009.86767578125,1009.86767578125,1100,0.0,0.0
2021-02-02 00:00:00+09:00,1026.3687743145756,1027.1938295993946,1012.3428344726562,1012.3428344726562,2700,0.0,0.0
2021-02-03 00:00:00+09:00,1013.1676883666395,1018.9430742123776,1009.0424127625407,1011.517578125,1900,0.0,0.0
2021-02-04 00:00:00+09:00,1011.5175733182937,1018.1180142534864,1005.7421875,1005.7421875,1600,0.0,0.0
2021-02-05 00:00:00+09:00,1006.5674690033611,1009.0426349107464,1004.9173583984375,1004.9173583984375,1600,0.0,0.0
2021-02-08 00:00:00+09:00,1007.3923992442774,1016.4680064446762,1007.3923992442774,1013.1677856445312,2600,0.0,0.0
2021-02-09 00:00:00+09:00,1011.5177720480817,1023.8936012330093,1009.8676614900915,1014.8179931640625,2900,0.0,0.0
2021-02-10 00:00:00+09:00,1010.6926770409436,1021.4183952462761,1007.3924560546875,1007.3924560546875,1200,0.0,0.0
2021-02-12 00:00:00+09:00,1014.8180582015241,1018.1182795290086,998.3169515641009,1006.5675048828125,5700,0.0,0.0
2021-02-15 00:00:00+09:00,1024.718663744938,1024.718663744938,1003.2672263396496,1012.3428344726562,5700,0.0,0.0
2021-02-16 00:00:00+09:00,1009.0423995179016,1016.4678955078125,998.3166830880301,1016.4678955078125,9300,0.0,0.0
2021-02-17 00:00:00+09:00,1014.8178394641953,1022.2433358505187,1010.6925636940157,1018.943115234375,2300,0.0,0.0
2021-02-18 00:00:00+09:00,1025.5437683392918,1058.5459813188345,1025.5437683392918,1051.1204833984375,9500,0.0,0.0
2021-02-19 00:00:00+09:00,1051.9455242156982,1056.07080078125,1043.6949710845947,1056.07080078125,3800,0.0,0.0
2021-02-22 00:00:00+09:00,1056.0706928838952,1102.2737856975655,1056.0706928838952,1101.44873046875,23500,0.0,0.0
2021-02-24 00:00:00+09:00,1096.4984130859375,1101.4487445219913,1079.9973082990912,1096.4984130859375,3700,0.0,0.0
2021-02-25 00:00:00+09:00,1106.3990577789675,1108.8742234563254,1065.1462964896696,1095.67333984375,5500,0.0,0.0
2021-02-26 00:00:00+09:00,1095.6733538790659,1095.6733538790659,1051.9454263522657,1090.7230224609375,6600,0.0,0.0
2021-03-01 00:00:00+09:00,1090.7230224609375,1099.7986300608393,1075.0469729701979,1090.7230224609375,3700,0.0,0.0
2021-03-02 00:00:00+09:00,1094.8482123890672,1100.6235985885573,1075.871943447885,1092.373046875,5400,0.0,0.0
2021-03-03 00:00:00+09:00,1098.9734792461832,1103.9238102337786,1080.822265625,1080.822265625,14400,0.0,0.0
2021-03-04 00:00:00+09:00,1254.0840604707791,1328.3390377354965,1207.055908203125,1207.055908203125,191300,0.0,0.0
2021-03-05 00:00:00+09:00,1164.1528624652183,1204.58056640625,1138.5761518086474,1204.58056640625,38800,0.0,0.0
2021-03-08 00:00:00+09:00,1221.9068254866283,1221.9068254866283,1157.5525159741658,1169.9283447265625,19100,0.0,0.0
2021-03-09 00:00:00+09:00,1192.2047672365686,1192.2047672365686,1160.8526695514547,1172.4034423828125,7400,0.0,0.0
2021-03-10 00:00:00+09:00,1194.6799776824548,1194.6799776824548,1172.4034863858897,1185.6043701171875,4300,0.0,0.0
2021-03-11 00:00:00+09:00,1176.5289485426156,1182.3043360880563,1156.7276198153907,1177.35400390625,8200,0.0,0.0
2021-03-12 00:00:00+09:00,1160.8527548146803,1170.75341796875,1157.5525337633237,1170.75341796875,3600,0.0,0.0
2021-03-15 00:00:00+09:00,1171.578403680879,1204.58061223527,1168.27818282544,1195.5050048828125,4800,0.0,0.0
2021-03-16 00:00:00+09:00,1196.3299966332354,1203.7554931640625,1167.4530656800196,1203.7554931640625,8600,0.0,0.0
2021-03-17 00:00:00+09:00,1198.8051486174807,1216.9563621547034,1190.5545970096523,1208.705810546875,7700,0.0,0.0
2021-03-18 00:00:00+09:00,1222.7317075620049,1226.0319280952356,1206.2306048958508,1223.5567626953125,5100,0.0,0.0
2021-03-19 00:00:00+09:00,1221.0819042385533,1245.0085091189035,1181.4792478848706,1243.3583984375,13100,0.0,0.0
2021-03-22 00:00:00+09:00,1266.4600142804484,1311.0130050108355,1266.4600142804484,1302.762451171875,13100,0.0,0.0
2021-03-23 00:00:00+09:00,1305.2374879879694,1305.2374879879694,1276.3605524130141,1291.2115478515625,9300,0.0,0.0
2021-03-24 00:00:00+09:00,1267.2848202824134,1286.2610903777882,1251.6087710731908,1285.43603515625,8000,0.0,0.0
2021-03-25 00:00:00+09:00,1278.8357005399816,1278.8357005399816,1237.5829360064338,1262.3345947265625,6000,0.0,0.0
2021-03-26 00:00:00+09:00,1278.0105273922547,1278.0105273922547,1237.5828218775869,1245.8333740234375,4300,0.0,0.0
2021-03-29 00:00:00+09:00,1245.8332328436024,1254.0837840544873,1222.731689453125,1222.731689453125,2700,0.0,0.0
2021-03-30 00:00:00+09:00,1237.5829216643433,1254.0840272865346,1237.5829216643433,1239.2330322265625,2100,0.0,0.0
2021-03-31 00:00:00+09:00,1245.83347837259,1275.5354685854463,1245.83347837259,1273.060302734375,1400,0.0,0.0
2021-04-01 00:00:00+09:00,1275.5355533854167,1299.462158203125,1268.9351106770835,1299.462158203125,9600,0.0,0.0
2021-04-02 00:00:00+09:00,1282.9606735339412,1293.686389775704,1246.6582493310516,1259.859130859375,5800,0.0,0.0
2021-04-05 00:00:00+09:00,1262.3344493297086,1278.8355532425153,1262.3344493297086,1278.010498046875,2100,0.0,0.0
2021-04-06 00:00:00+09:00,1293.6866957720588,1293.6866957720588,1262.3345947265625,1262.3345947265625,4100,0.0,0.0
2021-04-07 00:00:00+09:00,1262.3345947265625,1262.3345947265625,1262.3345947265625,1262.3345947265625,0,0.0,0.0
2021-04-08 00:00:00+09:00,1279.6607558306525,1279.6607558306525,1262.3345947265625,1262.3345947265625,600,0.0,0.0
2021-04-09 00:00:00+09:00,1259.0342837474386,1271.4101122246414,1258.209228515625,1258.209228515625,3100,0.0,0.0
2021-04-12 00:00:00+09:00,1258.2091924475747,1258.2091924475747,1245.0083091169772,1256.55908203125,1300,0.0,0.0
2021-04-13 00:00:00+09:00,1248.308837890625,1256.5593920075491,1248.308837890625,1248.308837890625,300,0.0,0.0
2021-04-14 00:00:00+09:00,1243.3580405606804,1256.5589222122867,1232.63232421875,1232.63232421875,4000,0.0,0.0
2021-04-15 00:00:00+09:00,1233.4574513950506,1243.3581132122683,1189.7295283690053,1191.379638671875,8200,0.0,0.0
2021-04-16 00:00:00+09:00,1202.9305018075504,1214.4812748015872,1188.9045631719343,1195.5050048828125,7400,0.0,0.0
2021-04-19 00:00:00+09:00,1212.8313703808726,1216.131591796875,1194.6801525928595,1216.131591796875,2800,0.0,0.0
2021-04-20 00:00:00+09:00,1220.2567965760522,1226.032183713329,1212.831298828125,1212.831298828125,5100,0.0,0.0
2021-04-21 00:00:00+09:00,1211.1811847178315,1220.256793050186,1203.7556869913599,1207.055908203125,2900,0.0,0.0
2021-04-22 00:00:00+09:00,1220.2568035279965,1254.0840712390498,1218.606692907945,1224.382080078125,3400,0.0,0.0
2021-04-23 00:00:00+09:00,1205.4056740575188,1234.2826067009228,1205.4056740575188,1229.332275390625,1400,0.0,0.0
2021-04-26 00:00:00+09:00,1254.083931942114,1254.083931942114,1229.332275390625,1229.332275390625,2800,0.0,0.0
2021-04-27 00:00:00+09:00,1230.982407858916,1245.8334020556053,1229.3322973926172,1235.9327392578125,3600,0.0,0.0
2021-04-28 00:00:00+09:00,1226.6778608615082,1246.0287461837404,1225.836518021411,1232.5672607421875,4000,29.0,0.0
2021-04-30 00:00:00+09:00,1220.788661904243,1244.346265304187,1220.788661904243,1221.6300048828125,2000,0.0,0.0
2021-05-06 00:00:00+09:00,1221.6301014458954,1243.5050206177916,1221.6301014458954,1240.1396484375,1700,0.0,0.0
2021-05-07 00:00:00+09:00,1238.4567948332187,1238.4567948332187,1221.6299362077675,1223.3126220703125,1300,0.0,0.0
2021-05-10 00:00:00+09:00,1248.5528523955866,1248.5528523955866,1230.0433087616898,1242.6634521484375,3300,0.0,0.0
2021-05-11 00:00:00+09:00,1229.2018893817992,1245.1874033436434,1219.9471181407316,1232.5672607421875,5000,0.0,0.0
2021-05-12 00:00:00+09:00,1219.9473532867958,1220.7886962890625,1213.2166092686618,1220.7886962890625,1400,0.0,0.0
2021-05-13 00:00:00+09:00,1210.692478271141,1210.692478271141,1192.1829337805468,1196.3896484375,1700,0.0,0.0
2021-05-14 00:00:00+09:00,1198.9137071791527,1216.5819091796875,1193.8656494647141,1216.5819091796875,1600,0.0,0.0
2021-05-17 00:00:00+09:00,1216.5818938577586,1235.0914385775864,1211.5338362068967,1219.947265625,400,0.0,0.0
2021-05-18 00:00:00+09:00,1220.7885856628418,1245.1875305175781,1220.7885856628418,1238.456787109375,800,0.0,0.0
2021-05-19 00:00:00+09:00,1234.250121011664,1262.0144386622333,1234.250121011664,1261.173095703125,3900,0.0,0.0
2021-05-20 00:00:00+09:00,1255.2838507984604,1270.4280259421416,1239.2983325912414,1260.3319091796875,2500,0.0,0.0
2021-05-21 00:00:00+09:00,1264.5385088239398,1276.3173106360057,1263.6971658373636,1272.110595703125,3300,0.0,0.0
2021-05-24 00:00:00+09:00,1272.110381430768,1278.8411241896608,1257.8075530681203,1265.379638671875,1900,0.0,0.0
2021-05-25 00:00:00+09:00,1276.3172607421875,1276.3172607421875,1262.0144305295196,1276.3172607421875,4700,0.0,0.0
2021-05-26 00:00:00+09:00,1284.730644231064,1286.413330078125,1278.8412437663505,1286.413330078125,4200,0.0,0.0
2021-05-27 00:00:00+09:00,1281.3654598035312,1286.4135180824683,1278.8414306640625,1278.8414306640625,3300,0.0,0.0
2021-05-28 00:00:00+09:00,1286.4134177613103,1287.2547607421875,1282.206702856924,1287.2547607421875,3900,0.0,0.0
2021-05-31 00:00:00+09:00,1289.7788064877445,1320.0671541939146,1287.2547775122302,1316.7017822265625,9600,0.0,0.0
2021-06-01 00:00:00+09:00,1320.9084391173546,1336.0526123046875,1320.067096162503,1336.0526123046875,10200,0.0,0.0
2021-06-02 00:00:00+09:00,1337.7353193599022,1375.595752926692,1325.115174837639,1371.3890380859375,19200,0.0,0.0
2021-06-03 00:00:00+09:00,1375.5957051939884,1489.177001953125,1375.5957051939884,1489.177001953125,35700,0.0,0.0
2021-06-04 00:00:00+09:00,1590.138176593814,1590.138176593814,1430.2830159838538,1437.8551025390625,113600,0.0,0.0
2021-06-07 00:00:00+09:00,1438.6963608685662,1448.792475681679,1379.8023577920753,1415.9801025390625,23900,0.0,0.0
2021-06-08 00:00:00+09:00,1393.2639313852526,1420.1869059047744,1389.0572166165773,1389.8985595703125,6400,0.0,0.0
2021-06-09 00:00:00+09:00,1384.009334788603,1384.009334788603,1358.76904296875,1358.76904296875,6400,0.0,0.0
2021-06-10 00:00:00+09:00,1358.7687844843088,1400.8359295147827,1341.1005835715098,1389.05712890625,11600,0.0,0.0
2021-06-11 00:00:00+09:00,1389.05712890625,1430.2829310361146,1379.8023569995457,1389.05712890625,5300,0.0,0.0
2021-06-14 00:00:00+09:00,1405.0427934019972,1407.5668223721805,1390.7399625709588,1403.360107421875,2700,0.0,0.0
2021-06-15 00:00:00+09:00,1417.6627772307593,1426.076206175749,1403.359948024277,1425.23486328125,4000,0.0,0.0
2021-06-16 00:00:00+09:00,1436.172554226425,1444.5859845382377,1425.2350948210685,1434.4898681640625,5100,0.0,0.0
2021-06-17 00:00:00+09:00,1446.2686235075714,1448.7926525189284,1437.013850465929,1444.5859375,2600,0.0,0.0
2021-06-18 00:00:00+09:00,1447.1098205452747,1447.1098205452747,1320.0670397881024,1355.4034423828125,12700,0.0,0.0
2021-06-21 00:00:00+09:00,1321.7498347828223,1360.4516122494103,1321.7498347828223,1337.7353515625,5000,0.0,0.0
2021-06-22 00:00:00+09:00,1346.148753894081,1358.768898461838,1346.148753894081,1350.35546875,3800,0.0,0.0
2021-06-23 00:00:00+09:00,1346.148834995289,1353.7209221921373,1339.4180908203125,1339.4180908203125,1000,0.0,0.0
2021-06-24 00:00:00+09:00,1339.4179113777243,1351.1967121059204,1331.0044822861555,1331.8458251953125,2900,0.0,0.0
2021-06-25 00:00:00+09:00,1332.6874365234376,1355.403699645996,1332.6874365234376,1346.14892578125,2500,0.0,0.0
2021-06-28 00:00:00+09:00,1346.1486931639395,1352.0380936965319,1333.5285491655277,1336.8939208984375,2200,0.0,0.0
2021-06-29 00:00:00+09:00,1351.196754551173,1359.6101839070334,1342.7833251953125,1342.7833251953125,1600,0.0,0.0
2021-06-30 00:00:00+09:00,1353.720837112064,1353.720837112064,1344.466064453125,1344.466064453125,600,0.0,0.0
2021-07-01 00:00:00+09:00,1342.783510309533,1342.783510309533,1328.4806784328025,1329.322021484375,4600,0.0,0.0
2021-07-02 00:00:00+09:00,1331.0045465490737,1354.5621491428626,1331.0045465490737,1351.19677734375,3200,0.0,0.0
2021-07-05 00:00:00+09:00,1352.0381275318289,1371.3890154803241,1348.6727557146992,1362.9755859375,1500,0.0,0.0
2021-07-06 00:00:00+09:00,1367.1824951171875,1377.2786120042067,1366.3411520432692,1367.1824951171875,2300,0.0,0.0
2021-07-07 00:00:00+09:00,1363.8169443111608,1387.3745472974115,1352.87948578183,1359.6102294921875,4500,0.0,0.0
2021-07-08 00:00:00+09:00,1370.5478750610353,1370.5478750610353,1341.9422103881836,1346.14892578125,2100,0.0,0.0
2021-07-09 00:00:00+09:00,1336.8941089485265,1337.7354520000988,1325.115306226513,1329.322021484375,1600,0.0,0.0
2021-07-12 00:00:00+09:00,1337.7353955381404,1360.451656971807,1333.5286804578318,1354.562255859375,2400,0.0,0.0
2021-07-13 00:00:00+09:00,1354.562164573336,1354.562164573336,1346.990077939075,1347.8314208984375,1000,0.0,0.0
2021-07-14 00:00:00+09:00,1346.9902688598634,1346.9902688598634,1346.14892578125,1346.14892578125,600,0.0,0.0
2021-07-15 00:00:00+09:00,1342.7833251953125,1342.7833251953125,1341.1006393241405,1342.7833251953125,700,0.0,0.0
2021-07-16 00:00:00+09:00,1342.7832374118339,1342.7832374118339,1338.5765230089146,1341.94189453125,400,0.0,0.0
2021-07-19 00:00:00+09:00,1341.9420665045204,1341.9420665045204,1337.7353515625,1337.7353515625,1400,0.0,0.0
2021-07-20 00:00:00+09:00,1337.7350970523794,1357.9273249324153,1331.0043544257007,1346.9898681640625,2200,0.0,0.0
2021-07-21 00:00:00+09:00,1346.990124434945,1346.990124434945,1337.7353515625,1337.7353515625,1900,0.0,0.0
2021-07-26 00:00:00+09:00,1337.7353171894642,1340.2593460898217,1337.7353171894642,1338.57666015625,400,0.0,0.0
2021-07-27 00:00:00+09:00,1338.5767950516713,1338.5767950516713,1322.5912770717957,1329.322021484375,2400,0.0,0.0
2021-07-28 00:00:00+09:00,1329.3218732505597,1341.100674659109,1315.01904296875,1315.01904296875,2100,0.0,0.0
2021-07-29 00:00:00+09:00,1318.3843878104205,1327.63916015625,1316.7017019293608,1327.63916015625,700,0.0,0.0
2021-07-30 00:00:00+09:00,1316.701732465416,1321.7497902256666,1316.701732465416,1320.908447265625,500,0.0,0.0
2021-08-02 00:00:00+09:00,1366.3410117212686,1366.3410117212686,1304.9229736328125,1304.9229736328125,5100,0.0,0.0
2021-08-03 00:00:00+09:00,1304.9229274757079,1337.735302828095,1304.9229274757079,1315.01904296875,1100,0.0,0.0
2021-08-04 00:00:00+09:00,1341.1006355645748,1362.1342088952613,1331.0045203658453,1336.8939208984375,3200,0.0,0.0
2021-08-05 00:00:00+09:00,1337.7352909151148,1337.7352909151148,1324.2738037109375,1324.2738037109375,1200,0.0,0.0
2021-08-06 00:00:00+09:00,1324.2736668734076,1325.1150097367326,1276.317123663888,1279.6824951171875,6200,0.0,0.0
2021-08-10 00:00:00+09:00,1283.0478311480108,1283.8891739881078,1219.9471181407316,1232.5672607421875,15500,0.0,0.0
2021-08-11 00:00:00+09:00,1256.9664239007075,1256.9664239007075,1235.9328492035738,1245.1876220703125,4300,0.0,0.0
2021-08-12 00:00:00+09:00,1239.298069615518,1259.4902988556894,1239.298069615518,1251.918212890625,2000,0.0,0.0
2021-08-13 00:00:00+09:00,1262.0144985689974,1274.6346435546875,1262.0144985689974,1274.6346435546875,1700,0.0,0.0
2021-08-16 00:00:00+09:00,1291.461487200275,1337.7353515625,1291.461487200275,1337.7353515625,7700,0.0,0.0
2021-08-17 00:00:00+09:00,1346.1487159943715,1354.5621454693364,1329.321857044442,1345.307373046875,4800,0.0,0.0
2021-08-18 00:00:00+09:00,1343.6248027621007,1343.6248027621007,1295.6682506284503,1333.5286865234375,3300,0.0,0.0
2021-08-19 00:00:00+09:00,1333.5286432965438,1349.51416015625,1315.0190974589893,1349.51416015625,4000,0.0,0.0
2021-08-20 00:00:00+09:00,1374.7542947243817,1438.6963549441202,1352.87937938605,1356.2447509765625,36400,0.0,0.0
2021-08-23 00:00:00+09:00,1356.2449085582386,1408.408174272017,1356.2449085582386,1388.2159423828125,8100,0.0,0.0
2021-08-24 00:00:00+09:00,1399.1533239672997,1409.2494393537145,1392.4225803763566,1405.042724609375,3000,0.0,0.0
2021-08-25 00:00:00+09:00,1421.8696847938631,1421.8696847938631,1367.1823892248683,1396.62939453125,5200,0.0,0.0
2021-08-26 00:00:00+09:00,1405.0428246187878,1405.0428246187878,1393.264022496235,1396.62939453125,1000,0.0,0.0
2021-08-27 00:00:00+09:00,1419.345350421843,1437.0135498046875,1397.4704369002259,1437.0135498046875,6600,0.0,0.0
2021-08-30 00:00:00+09:00,1458.0474230950053,1473.1915971375386,1438.6965340406573,1471.5089111328125,6900,0.0,0.0
2021-08-31 00:00:00+09:00,1472.350158345794,1494.2250749840741,1472.350158345794,1485.8116455078125,5100,0.0,0.0
2021-09-01 00:00:00+09:00,1496.7491524521358,1508.5279541015625,1490.0184086524634,1508.5279541015625,4800,0.0,0.0
2021-09-02 00:00:00+09:00,1509.3691255529145,1512.7344970703125,1478.239439016985,1512.7344970703125,8300,0.0,0.0
2021-09-03 00:00:00+09:00,1508.527971470702,1514.4173723632257,1478.2396240234375,1478.2396240234375,23700,0.0,0.0
2021-09-06 00:00:00+09:00,1478.2393575528774,1511.893070872237,1396.6291027534298,1448.7923583984375,27700,0.0,0.0
2021-09-07 00:00:00+09:00,1447.109886861381,1447.109886861381,1415.1388544772342,1428.600341796875,12100,0.0,0.0
2021-09-08 00:00:00+09:00,1428.6003950769762,1438.6965109432447,1415.9802502441407,1430.2830810546875,3600,0.0,0.0
2021-09-09 00:00:00+09:00,1430.2829358704698,1444.5857652291745,1421.8695068359375,1421.8695068359375,2200,0.0,0.0
2021-09-10 00:00:00+09:00,1421.8697165427725,1426.076431680473,1417.663001405072,1422.7110595703125,1900,0.0,0.0
2021-09-13 00:00:00+09:00,1431.1243395701101,1463.9367141987018,1431.1243395701101,1462.2540283203125,5500,0.0,0.0
2021-09-14 00:00:00+09:00,1472.3501663731765,1477.398224086456,1451.3165925678454,1470.66748046875,4600,0.0,0.0
2021-09-15 00:00:00+09:00,1468.1434479723846,1468.1434479723846,1456.3646466706005,1464.778076171875,1400,0.0,0.0
2021-09-16 00:00:00+09:00,1467.3021794322492,1467.3021794322492,1437.0138316916753,1442.0618896484375,2900,0.0,0.0
2021-09-17 00:00:00+09:00,1442.0616067712144,1442.0616067712144,1429.4414643548969,1437.0135498046875,2600,0.0,0.0
2021-09-21 00:00:00+09:00,1417.6629581562959,1442.0619052106179,1417.6629581562959,1438.696533203125,5400,0.0,0.0
2021-09-22 00:00:00+09:00,1434.4897240726473,1434.4897240726473,1390.7398908457983,1399.1533203125,7000,0.0,0.0
2021-09-24 00:00:00+09:00,1405.0426978046178,1421.0282135281434,1405.0426978046178,1417.662841796875,2100,0.0,0.0
2021-09-27 00:00:00+09:00,1426.9174462286387,1427.7587890625,1420.1867035577488,1427.7587890625,1400,0.0,0.0
2021-09-28 00:00:00+09:00,1426.917636891593,1426.917636891593,1413.4561497511063,1426.0762939453125,3000,0.0,0.0
2021-09-29 00:00:00+09:00,1425.2350363554776,1454.6820412388554,1425.2350363554776,1453.8406982421875,7000,0.0,0.0
2021-09-30 00:00:00+09:00,1455.5232355202058,1470.6674079129016,1455.5232355202058,1466.460693359375,5000,0.0,0.0
2021-10-01 00:00:00+09:00,1471.5086820323693,1472.350024903743,1458.0471960903922,1468.143310546875,6000,0.0,0.0
2021-10-04 00:00:00+09:00,1480.7637633747831,1489.1771938485035,1454.68212890625,1454.68212890625,9700,0.0,0.0
2021-10-05 00:00:00+09:00,1463.0954576200597,1463.0954576200597,1426.076366110409,1430.2830810546875,7800,0.0,0.0
2021-10-06 00:00:00+09:00,1459.7298937748071,1459.7298937748071,1410.9320068359375,1410.9320068359375,8300,0.0,0.0
2021-10-07 00:00:00+09:00,1442.9031933313129,1489.1770566742994,1432.807077692843,1463.936767578125,8100,0.0,0.0
2021-10-08 00:00:00+09:00,1463.936767578125,1463.936767578125,1445.4272222409302,1463.936767578125,4300,0.0,0.0
2021-10-11 00:00:00+09:00,1456.3647150672532,1464.7781449636554,1447.1099421812105,1463.095458984375,4200,0.0,0.0
2021-10-12 00:00:00+09:00,1462.2540590848537,1463.0954020417494,1451.3166006452086,1455.5233154296875,2300,0.0,0.0
2021-10-13 00:00:00+09:00,1455.5231010623095,1458.8884723942456,1448.7923583984375,1448.7923583984375,2600,0.0,0.0
2021-10-14 00:00:00+09:00,1436.1723480848873,1454.681892114101,1436.1723480848873,1439.5377197265625,2600,0.0,0.0
2021-10-15 00:00:00+09:00,1455.5232927189318,1456.3646356627,1443.7444915061774,1447.10986328125,800,0.0,0.0
2021-10-18 00:00:00+09:00,1458.8885305526971,1458.8885305526971,1447.1097304213604,1456.364501953125,1600,0.0,0.0
2021-10-19 00:00:00+09:00,1459.7300074377727,1459.7300074377727,1444.5858344499457,1447.10986328125,2800,0.0,0.0
2021-10-20 00:00:00+09:00,1449.6337012314216,1455.5231010623095,1442.9029585675496,1448.7923583984375,7600,0.0,0.0
2021-10-21 00:00:00+09:00,1448.792409910378,1490.0182101923806,1419.3454097089475,1423.5521240234375,19200,0.0,0.0
2021-10-22 00:00:00+09:00,1423.552054360275,1447.109653368601,1423.552054360275,1446.268310546875,3200,0.0,0.0
2021-10-25 00:00:00+09:00,1462.2542321954259,1462.2542321954259,1446.268714121943,1451.3167724609375,2300,0.0,0.0
2021-10-26 00:00:00+09:00,1451.316756716762,1459.7301871904824,1450.4754136693898,1454.68212890625,5200,0.0,0.0
2021-10-27 00:00:00+09:00,1455.523363437989,1484.9703679006075,1455.523363437989,1478.2396240234375,11000,0.0,0.0
2021-10-28 00:00:00+09:00,1444.0211565206841,1458.564023618345,1428.6228266525725,1432.044677734375,12800,29.0,0.0
2021-10-29 00:00:00+09:00,1428.6226629501557,1434.6109016571322,1382.4276786391924,1408.947021484375,5700,0.0,0.0
2021-11-01 00:00:00+09:00,1408.9471435546875,1408.9471435546875,1340.5101238313268,1356.763916015625,5700,0.0,0.0
2021-11-02 00:00:00+09:00,1367.0293150989455,1391.8377319561853,1367.0293150989455,1386.7049560546875,3400,0.0,0.0
2021-11-04 00:00:00+09:00,1381.5721190042336,1381.5721190042336,1343.07630144684,1378.1502685546875,4800,0.0,0.0
2021-11-05 00:00:00+09:00,1378.1504663502349,1378.1504663502349,1351.631121560131,1354.197509765625,3500,0.0,0.0
2021-11-08 00:00:00+09:00,1354.1976436963969,1359.3304206150187,1335.37746166145,1355.9085693359375,4300,0.0,0.0
2021-11-09 00:00:00+09:00,1351.6313045541035,1351.6313045541035,1291.7489049852509,1327.6783447265625,7500,0.0,0.0
2021-11-10 00:00:00+09:00,1325.967182276378,1325.967182276378,1291.748674346665,1311.42431640625,4900,0.0,0.0
2021-11-11 00:00:00+09:00,1308.0026020717307,1308.0026020717307,1293.459734684406,1296.026123046875,2200,0.0,0.0
2021-11-12 00:00:00+09:00,1296.0258234639568,1296.0258234639568,1284.049347207524,1288.32666015625,3900,0.0,0.0
2021-11-15 00:00:00+09:00,1285.7605339641837,1290.893310546875,1273.784055271237,1290.893310546875,2500,0.0,0.0
2021-11-16 00:00:00+09:00,1291.7486981284562,1314.84619140625,1291.7486981284562,1314.84619140625,6500,0.0,0.0
2021-11-17 00:00:00+09:00,1307.1470947265625,1317.4126478265093,1304.580706451576,1307.1470947265625,3000,0.0,0.0
2021-11-18 00:00:00+09:00,1303.7250854652596,1312.279712010307,1301.158697501745,1302.01416015625,2200,0.0,0.0
2021-11-19 00:00:00+09:00,1301.1585693359375,1308.8577324681028,1301.1585693359375,1301.1585693359375,600,0.0,0.0
2021-11-22 00:00:00+09:00,1319.9790257963316,1341.3655945875878,1301.1588452600263,1340.5101318359375,5800,0.0,0.0
2021-11-24 00:00:00+09:00,1337.943754026403,1337.943754026403,1307.1470947265625,1307.1470947265625,4800,0.0,0.0
2021-11-25 00:00:00+09:00,1305.4361210873253,1318.2680619892321,1300.3033447265625,1300.3033447265625,1100,0.0,0.0
2021-11-26 00:00:00+09:00,1300.303421634132,1308.00258663065,1276.3504638671875,1276.3504638671875,2500,0.0,0.0
2021-11-29 00:00:00+09:00,1248.9756301426441,1257.530257746361,1237.8546142578125,1237.8546142578125,5700,0.0,0.0
2021-11-30 00:00:00+09:00,1257.5302827645883,1286.6160171958782,1257.5302827645883,1276.3504638671875,3500,0.0,0.0
2021-12-01 00:00:00+09:00,1276.3501471354166,1291.7484733072915,1265.2291337890624,1283.19384765625,1100,0.0,0.0
2021-12-02 00:00:00+09:00,1279.772216796875,1279.772216796875,1250.686484596946,1279.772216796875,1200,0.0,0.0
2021-12-03 00:00:00+09:00,1279.7722014006192,1330.2445007874085,1279.7722014006192,1329.3890380859375,3700,0.0,0.0
2021-12-06 00:00:00+09:00,1315.7018648127919,1328.5338075775462,1315.7018648127919,1327.6783447265625,1100,0.0,0.0
2021-12-07 00:00:00+09:00,1319.978967690204,1327.6781321161352,1305.436101552334,1314.84619140625,1800,0.0,0.0
2021-12-08 00:00:00+09:00,1330.2445929707674,1337.9437578175434,1317.4126515594737,1325.11181640625,1400,0.0,0.0
2021-12-09 00:00:00+09:00,1333.666539474341,1338.79931640625,1330.2446881864016,1338.79931640625,2900,0.0,0.0
2021-12-10 00:00:00+09:00,1343.0767071896785,1353.3422616395358,1335.3775413522853,1349.92041015625,1400,0.0,0.0
2021-12-13 00:00:00+09:00,1350.775652821537,1362.7521310606135,1350.775652821537,1353.342041015625,5700,0.0,0.0
2021-12-14 00:00:00+09:00,1353.3420948769447,1361.041259765625,1325.1118236184495,1361.041259765625,4300,0.0,0.0
2021-12-15 00:00:00+09:00,1343.0763296967762,1352.4864186309574,1268.6510808537064,1296.88134765625,22400,0.0,0.0
2021-12-16 00:00:00+09:00,1176.2611148692133,1211.3350826580408,1176.2611148692133,1194.225830078125,28500,0.0,0.0
2021-12-17 00:00:00+09:00,1195.9367923148402,1195.9367923148402,1155.7300475088334,1165.14013671875,10200,0.0,0.0
2021-12-20 00:00:00+09:00,1155.7302092586656,1164.284837010395,1136.0545654296875,1136.0545654296875,9000,0.0,0.0
2021-12-21 00:00:00+09:00,1133.4880065917969,1183.1048400878906,1133.4880065917969,1180.5384521484375,3300,0.0,0.0
2021-12-22 00:00:00+09:00,1184.8156763980264,1219.889642269737,1183.1047512335526,1219.0341796875,7400,0.0,0.0
2021-12-23 00:00:00+09:00,1224.1670723622935,1224.1670723622935,1183.9603271484375,1183.9603271484375,2600,0.0,0.0
2021-12-24 00:00:00+09:00,1209.6243562286113,1209.6243562286113,1182.2495476010897,1187.38232421875,5300,0.0,0.0
2021-12-27 00:00:00+09:00,1169.4174377441407,1189.0930786132812,1159.1518859863281,1163.42919921875,2800,0.0,0.0
2021-12-28 00:00:00+09:00,1161.7184731413306,1174.5504150390625,1137.765514932231,1174.5504150390625,6600,0.0,0.0
2021-12-29 00:00:00+09:00,1171.983861881933,1185.6712646484375,1154.8746084238028,1185.6712646484375,1800,0.0,0.0
2021-12-30 00:00:00+09:00,1169.4174618583195,1183.9603271484375,1157.440984560575,1183.9603271484375,2000,0.0,0.0
2022-01-04 00:00:00+09:00,1193.3705636060204,1193.3705636060204,1171.9839943657691,1187.38232421875,2600,0.0,0.0
2022-01-05 00:00:00+09:00,1183.1050103706998,1187.38232421875,1182.2495476010897,1187.38232421875,900,0.0,0.0
2022-01-06 00:00:00+09:00,1187.3822962760225,1187.3822962760225,1165.9957275390625,1165.9957275390625,1400,0.0,0.0
2022-01-07 00:00:00+09:00,1180.538512744492,1189.0931396484375,1173.6948112213354,1189.0931396484375,1100,0.0,0.0
2022-01-11 00:00:00+09:00,1183.1049321732953,1203.6360372869317,1171.983916903409,1176.26123046875,900,0.0,0.0
2022-01-12 00:00:00+09:00,1177.1168212890625,1177.1168212890625,1177.1168212890625,1177.1168212890625,500,0.0,0.0
2022-01-13 00:00:00+09:00,1172.839288330078,1189.0930786132812,1172.839288330078,1180.5384521484375,400,0.0,0.0
2022-01-14 00:00:00+09:00,1180.5384521484375,1180.5384521484375,1180.5384521484375,1180.5384521484375,300,0.0,0.0
2022-01-17 00:00:00+09:00,1180.5385067241496,1188.2376708984375,1180.5385067241496,1188.2376708984375,600,0.0,0.0
2022-01-18 00:00:00+09:00,1169.4174995478877,1169.4174995478877,1154.8746337890625,1154.8746337890625,2600,0.0,0.0
2022-01-19 00:00:00+09:00,1137.7653799551504,1157.4410218641492,1137.7653799551504,1154.8746337890625,1300,0.0,0.0
2022-01-20 00:00:00+09:00,1137.7655029296875,1137.7655029296875,1137.7655029296875,1137.7655029296875,100,0.0,0.0
2022-01-21 00:00:00+09:00,1137.7653198242188,1142.0426330566406,1112.1014404296875,1129.210693359375,5100,0.0,0.0
2022-01-24 00:00:00+09:00,1112.1014404296875,1129.210693359375,1112.1014404296875,1129.210693359375,1700,0.0,0.0
2022-01-25 00:00:00+09:00,1128.3554482949746,1128.3554482949746,1099.26971270587,1107.8243408203125,1300,0.0,0.0
2022-01-26 00:00:00+09:00,1111.2460997596154,1118.0898016826923,1099.2696213942306,1112.1015625,9800,0.0,0.0
2022-01-27 00:00:00+09:00,1124.0780408653845,1124.0780408653845,1104.4023978365385,1112.1015625,1300,0.0,0.0
2022-01-28 00:00:00+09:00,1120.6561339819914,1121.5115966796875,1084.726700678752,1121.5115966796875,1600,0.0,0.0
2022-01-31 00:00:00+09:00,1120.6560668945312,1129.210693359375,1120.6560668945312,1129.210693359375,3900,0.0,0.0
2022-02-01 00:00:00+09:00,1103.5467529296875,1137.7652568964995,1103.5467529296875,1103.5467529296875,3000,0.0,0.0
2022-02-02 00:00:00+09:00,1103.5467538615221,1120.656005859375,1103.5467538615221,1120.656005859375,1400,0.0,0.0
2022-02-03 00:00:00+09:00,1124.9335338840995,1146.3201029693487,1116.37890625,1116.37890625,2400,0.0,0.0
2022-02-04 00:00:00+09:00,1118.0896180596972,1129.2106318583017,1118.0896180596972,1120.656005859375,1900,0.0,0.0
2022-02-07 00:00:00+09:00,1117.2342163085937,1136.9098571777342,1117.2342163085937,1129.210693359375,800,0.0,0.0
2022-02-08 00:00:00+09:00,1129.2107852602187,1129.2107852602187,1124.0780089635814,1124.9334716796875,500,0.0,0.0
2022-02-09 00:00:00+09:00,1125.7888427734374,1137.7653198242188,1125.7888427734374,1129.210693359375,5000,0.0,0.0
2022-02-10 00:00:00+09:00,1137.765418519365,1137.765418519365,1124.9334777089964,1125.7889404296875,3600,0.0,0.0
2022-02-14 00:00:00+09:00,1125.7889704621261,1136.9099861277855,1124.0780449751016,1130.0662841796875,2100,0.0,0.0
2022-02-15 00:00:00+09:00,1133.4880065917969,1133.4880065917969,1128.3552307128905,1129.210693359375,3700,0.0,0.0
2022-02-16 00:00:00+09:00,1131.7771720286166,1145.4645754696278,1127.4998584533005,1142.042724609375,5400,0.0,0.0
2022-02-17 00:00:00+09:00,1142.8980712890625,1147.1753844301143,1142.8980712890625,1142.8980712890625,3200,0.0,0.0
2022-02-18 00:00:00+09:00,1146.320130771264,1146.320130771264,1137.7655029296875,1137.7655029296875,3600,0.0,0.0
2022-02-21 00:00:00+09:00,1140.3317750032284,1149.7418646694214,1137.7653869124483,1138.620849609375,2200,0.0,0.0
2022-02-22 00:00:00+09:00,1139.4764635671977,1191.6596950068365,1139.4764635671977,1177.9722900390625,29200,0.0,0.0
2022-02-24 00:00:00+09:00,1178.8275268554687,1178.8275268554687,1152.3081848144532,1163.42919921875,1900,0.0,0.0
2022-02-25 00:00:00+09:00,1155.7302249601519,1222.456322330168,1155.7302249601519,1190.80419921875,4100,0.0,0.0
2022-02-28 00:00:00+09:00,1192.514839638158,1242.1316694078948,1192.514839638158,1219.0341796875,3400,0.0,0.0
2022-03-01 00:00:00+09:00,1161.718567846853,1222.4564311142508,1147.1756991771942,1206.20263671875,8000,0.0,0.0
2022-03-02 00:00:00+09:00,1160.8629817488857,1206.2025086705444,1160.8629817488857,1205.3470458984375,3200,0.0,0.0
2022-03-03 00:00:00+09:00,1165.14013671875,1195.9367923148402,1156.5855101642805,1165.14013671875,3600,0.0,0.0
2022-03-04 00:00:00+09:00,1172.8392272503706,1175.40561505617,1154.8745126097742,1171.9837646484375,800,0.0,0.0
2022-03-07 00:00:00+09:00,1112.1015625,1133.4881310096152,1112.1015625,1112.1015625,3600,0.0,0.0
2022-03-08 00:00:00+09:00,1112.10150390625,1112.10150390625,1069.328369140625,1069.328369140625,2300,0.0,0.0
2022-03-09 00:00:00+09:00,1070.1838939051474,1076.1721331196447,1059.062878221081,1060.7738037109375,2000,0.0,0.0
2022-03-10 00:00:00+09:00,1061.6293437741608,1094.992393256185,1061.6293437741608,1071.8948974609375,800,0.0,0.0
2022-03-11 00:00:00+09:00,1048.797192501136,1099.2694880619572,1048.797192501136,1059.062744140625,1500,0.0,0.0
2022-03-14 00:00:00+09:00,1105.257949709331,1105.257949709331,1083.0159166656447,1089.859619140625,1400,0.0,0.0
2022-03-15 00:00:00+09:00,1089.8595091242776,1105.2578381385922,1076.1721055559976,1091.5704345703125,900,0.0,0.0
2022-03-16 00:00:00+09:00,1117.234290344427,1117.234290344427,1105.2578125,1105.2578125,1000,0.0,0.0
2022-03-17 00:00:00+09:00,1123.2226355990072,1137.7655029296875,1110.3906938366424,1137.7655029296875,1300,0.0,0.0
2022-03-18 00:00:00+09:00,1132.632664558069,1146.320068359375,1132.632664558069,1146.320068359375,900,0.0,0.0
2022-03-22 00:00:00+09:00,1146.3200068721064,1171.128424931279,1146.3200068721064,1154.8746337890625,4600,0.0,0.0
2022-03-23 00:00:00+09:00,1151.45278302228,1154.8746337890625,1146.3200068721064,1154.8746337890625,1200,0.0,0.0
2022-03-24 00:00:00+09:00,1154.019171097367,1160.8628726309316,1154.019171097367,1154.8746337890625,300,0.0,0.0
2022-03-25 00:00:00+09:00,1154.8746277262671,1154.8746277262671,1154.0191650390625,1154.0191650390625,500,0.0,0.0
2022-03-28 00:00:00+09:00,1137.7653799551504,1154.8746337890625,1135.1989918800637,1154.8746337890625,2000,0.0,0.0
2022-03-29 00:00:00+09:00,1154.8746957351914,1156.5856212103545,1146.320068359375,1146.320068359375,800,0.0,0.0
2022-03-30 00:00:00+09:00,1157.4410448365857,1177.9721498447736,1154.8746567105622,1175.40576171875,1000,0.0,0.0
2022-03-31 00:00:00+09:00,1175.4057604927928,1209.6242688040822,1174.5502977850106,1192.5150146484375,2100,0.0,0.0
2022-04-01 00:00:00+09:00,1182.2494621550507,1192.5150146484375,1174.5502977850106,1192.5150146484375,2100,0.0,0.0
2022-04-04 00:00:00+09:00,1190.8041252790179,1201.0696780831474,1182.2494979422434,1197.6478271484375,2100,0.0,0.0
2022-04-05 00:00:00+09:00,1193.370361328125,1197.647674451165,1193.370361328125,1193.370361328125,1300,0.0,0.0
2022-04-06 00:00:00+09:00,1190.8041787726224,1205.3470458984375,1189.9487160005158,1205.3470458984375,1000,0.0,0.0
2022-04-07 00:00:00+09:00,1199.3587163106954,1199.3587163106954,1182.2494621550507,1192.5150146484375,900,0.0,0.0
2022-04-08 00:00:00+09:00,1194.2258544921874,1208.7687194824218,1180.5384521484375,1180.5384521484375,2000,0.0,0.0
2022-04-11 00:00:00+09:00,1180.5385802294531,1181.39404296875,1154.874698050552,1181.39404296875,1800,0.0,0.0
2022-04-12 00:00:00+09:00,1180.5386784705202,1182.2496040914918,1155.7302569664294,1177.9722900390625,1300,0.0,0.0
2022-04-13 00:00:00+09:00,1152.3081727063006,1171.9838133686947,1152.3081727063006,1161.71826171875,1800,0.0,0.0
2022-04-14 00:00:00+09:00,1170.2728394445712,1172.8392272503706,1165.1400638329721,1171.9837646484375,900,0.0,0.0
2022-04-15 00:00:00+09:00,1174.5504150390625,1177.972266211791,1161.7184731413306,1174.5504150390625,1600,0.0,0.0
2022-04-18 00:00:00+09:00,1171.983892773295,1172.83935546875,1171.983892773295,1172.83935546875,400,0.0,0.0
2022-04-19 00:00:00+09:00,1167.7065001812177,1171.9838133686947,1161.71826171875,1161.71826171875,1100,0.0,0.0
2022-04-20 00:00:00+09:00,1169.4176382799699,1176.2613406254268,1169.4176382799699,1174.5504150390625,1500,0.0,0.0
2022-04-21 00:00:00+09:00,1176.2610776581032,1190.803941890967,1171.9837646484375,1171.9837646484375,1700,0.0,0.0
2022-04-22 00:00:00+09:00,1171.983916903409,1193.3704847301135,1171.983916903409,1176.26123046875,3200,0.0,0.0
2022-04-25 00:00:00+09:00,1167.7066805177187,1197.6478774540706,1161.7184411304484,1187.38232421875,4500,0.0,0.0
2022-04-26 00:00:00+09:00,1189.0930786132812,1189.0930786132812,1170.272900390625,1180.5384521484375,2200,0.0,0.0
2022-04-27 00:00:00+09:00,1128.302450997489,1170.962034407116,1128.302450997489,1170.0914306640625,2300,24.0,0.0
2022-04-28 00:00:00+09:00,1171.8323548654055,1182.279597256479,1152.6790771484375,1152.6790771484375,2000,0.0,0.0
2022-05-02 00:00:00+09:00,1138.749603338852,1189.2446163309419,1138.749603338852,1183.150390625,1700,0.0,0.0
2022-05-06 00:00:00+09:00,1183.1505490924242,1184.0211528813074,1138.749755859375,1138.749755859375,1900,0.0,0.0
2022-05-09 00:00:00+09:00,1143.1027078657007,1169.2208200027692,1143.1027078657007,1166.6090087890625,3000,0.0,0.0
2022-05-10 00:00:00+09:00,1168.3498743176922,1168.3498743176922,1123.9490966796875,1123.9490966796875,2200,0.0,0.0
2022-05-11 00:00:00+09:00,1150.0674718499272,1193.59765625,1143.973246033917,1193.59765625,6000,0.0,0.0
2022-05-12 00:00:00+09:00,1193.5976721722147,1193.5976721722147,1141.3614501953125,1141.3614501953125,400,0.0,0.0
2022-05-13 00:00:00+09:00,1141.3614143556842,1183.150390625,1141.3614143556842,1183.150390625,800,0.0,0.0
2022-05-16 00:00:00+09:00,1167.479638221431,1179.6680908203125,1141.3615255095422,1179.6680908203125,600,0.0,0.0
2022-05-17 00:00:00+09:00,1188.3740341219914,1193.59765625,1188.3740341219914,1193.59765625,300,0.0,0.0
2022-05-18 00:00:00+09:00,1192.7271314963898,1192.7271314963898,1169.2208303647092,1171.8326416015625,1200,0.0,0.0
2022-05-19 00:00:00+09:00,1181.4091796875,1181.4091796875,1181.4091796875,1181.4091796875,100,0.0,0.0
2022-05-20 00:00:00+09:00,1181.409118476703,1211.880245334982,1181.409118476703,1210.1390380859375,2300,0.0,0.0
2022-05-23 00:00:00+09:00,1208.3977705178802,1209.2683740989448,1182.2796630859375,1182.2796630859375,500,0.0,0.0
2022-05-24 00:00:00+09:00,1183.150390625,1183.150390625,1183.150390625,1183.150390625,600,0.0,0.0
2022-05-25 00:00:00+09:00,1159.644011854521,1204.9153997046976,1159.644011854521,1202.3035888671875,500,0.0,0.0
2022-05-26 00:00:00+09:00,1202.3035300021702,1202.3035300021702,1175.3148193359375,1175.3148193359375,300,0.0,0.0
2022-05-27 00:00:00+09:00,1175.314991013924,1202.303705622392,1175.314991013924,1199.69189453125,1000,0.0,0.0
2022-05-30 00:00:00+09:00,1199.69189453125,1199.69189453125,1199.69189453125,1199.69189453125,100,0.0,0.0
2022-05-31 00:00:00+09:00,1199.69189453125,1199.69189453125,1199.69189453125,1199.69189453125,0,0.0,0.0
2022-06-01 00:00:00+09:00,1202.3038296440186,1202.3038296440186,1200.5626220703125,1200.5626220703125,200,0.0,0.0
2022-06-02 00:00:00+09:00,1184.8917304294014,1197.9507869734432,1184.8917304294014,1188.3741455078125,300,0.0,0.0
2022-06-03 00:00:00+09:00,1188.3739144461495,1194.4681396484375,1188.3739144461495,1194.4681396484375,900,0.0,0.0
2022-06-06 00:00:00+09:00,1198.821207304185,1217.9744873046875,1149.1968000301554,1217.9744873046875,6500,0.0,0.0
2022-06-07 00:00:00+09:00,1191.8563232421875,1192.72692683842,1177.0560621062364,1191.8563232421875,3100,0.0,0.0
2022-06-08 00:00:00+09:00,1198.8210429701694,1198.8210429701694,1197.0798359360806,1197.950439453125,1400,0.0,0.0
2022-06-09 00:00:00+09:00,1181.4090856435348,1198.8211576500717,1180.538482043208,1194.4681396484375,900,0.0,0.0
2022-06-10 00:00:00+09:00,1186.632701664793,1191.8563232421875,1176.1854585100039,1191.8563232421875,900,0.0,0.0
2022-06-13 00:00:00+09:00,1190.115353047018,1190.115353047018,1188.3741455078125,1188.3741455078125,600,0.0,0.0
2022-06-14 00:00:00+09:00,1175.3150496504168,1175.3150496504168,1155.2911636193357,1168.3502197265625,800,0.0,0.0
2022-06-15 00:00:00+09:00,1165.7384136667924,1170.9620361328125,1164.8678099224558,1170.9620361328125,400,0.0,0.0
2022-06-16 00:00:00+09:00,1170.9620361328125,1170.9620361328125,1170.9620361328125,1170.9620361328125,0,0.0,0.0
2022-06-17 00:00:00+09:00,1151.8085974351416,1157.0322191922169,1151.8085974351416,1153.5498046875,500,0.0,0.0
2022-06-20 00:00:00+09:00,1167.4793372024583,1167.4793372024583,1151.808473615848,1152.6790771484375,400,0.0,0.0
2022-06-21 00:00:00+09:00,1152.6790771484375,1152.6790771484375,1152.6790771484375,1152.6790771484375,0,0.0,0.0
2022-06-22 00:00:00+09:00,1166.6090545989164,1193.5977715336676,1164.867847054739,1190.1153564453125,2700,0.0,0.0
2022-06-23 00:00:00+09:00,1163.9969230721003,1166.6087336698688,1152.6790771484375,1152.6790771484375,600,0.0,0.0
2022-06-24 00:00:00+09:00,1150.9380029664005,1157.90283203125,1150.9380029664005,1157.90283203125,500,0.0,0.0
2022-06-27 00:00:00+09:00,1157.90283203125,1157.90283203125,1157.90283203125,1157.90283203125,100,0.0,0.0
2022-06-28 00:00:00+09:00,1158.7735854172954,1171.8326416015625,1158.7735854172954,1171.8326416015625,500,0.0,0.0
2022-06-29 00:00:00+09:00,1162.2560038127956,1173.5738525390625,1162.2560038127956,1173.5738525390625,200,0.0,0.0
2022-06-30 00:00:00+09:00,1160.514689847783,1180.53857421875,1160.514689847783,1180.53857421875,300,0.0,0.0
2022-07-01 00:00:00+09:00,1168.3501192935285,1178.79736328125,1167.479515627885,1178.79736328125,700,0.0,0.0
2022-07-04 00:00:00+09:00,1197.9507903941112,1197.9507903941112,1171.832677231449,1190.1153564453125,900,0.0,0.0
2022-07-05 00:00:00+09:00,1176.1856689453125,1176.1856689453125,1176.1856689453125,1176.1856689453125,100,0.0,0.0
2022-07-06 00:00:00+09:00,1200.5624233066098,1200.5624233066098,1163.9970703125,1163.9970703125,300,0.0,0.0
2022-07-07 00:00:00+09:00,1176.1856358616917,1176.1856358616917,1159.6441650390625,1159.6441650390625,300,0.0,0.0
2022-07-08 00:00:00+09:00,1162.255864849005,1199.691821544516,1162.255864849005,1164.86767578125,2000,0.0,0.0
2022-07-11 00:00:00+09:00,1172.7030441250743,1192.72692683842,1172.7030441250743,1191.8563232421875,300,0.0,0.0
2022-07-12 00:00:00+09:00,1197.0798123267389,1197.0798123267389,1163.1262758316532,1187.503173828125,600,0.0,0.0
2022-07-13 00:00:00+09:00,1175.314904693374,1176.1855083264802,1140.490759369126,1157.90283203125,2000,0.0,0.0
2022-07-14 00:00:00+09:00,1157.9029968937384,1179.6680908203125,1157.9029968937384,1179.6680908203125,200,0.0,0.0
2022-07-15 00:00:00+09:00,1154.42041015625,1154.42041015625,1154.42041015625,1154.42041015625,100,0.0,0.0
2022-07-19 00:00:00+09:00,1180.5385358146068,1180.5385358146068,1153.5498229751872,1162.255859375,1400,0.0,0.0
2022-07-20 00:00:00+09:00,1165.738415382238,1171.8326416015625,1165.738415382238,1171.8326416015625,200,0.0,0.0
2022-07-21 00:00:00+09:00,1174.4443140251028,1175.3149176678198,1163.9970703125,1163.9970703125,500,0.0,0.0
2022-07-22 00:00:00+09:00,1170.9618957748128,1172.7031030547753,1162.255859375,1162.255859375,3400,0.0,0.0
2022-07-25 00:00:00+09:00,1172.7031483369715,1184.02099609375,1172.7031483369715,1184.02099609375,1900,0.0,0.0
2022-07-26 00:00:00+09:00,1192.7269324477838,1194.4681396484375,1192.7269324477838,1194.4681396484375,300,0.0,0.0
2022-07-27 00:00:00+09:00,1186.6329345703125,1186.6329345703125,1186.6329345703125,1186.6329345703125,100,0.0,0.0
2022-07-28 00:00:00+09:00,1201.433110764642,1204.044921875,1201.433110764642,1204.044921875,300,0.0,0.0
2022-07-29 00:00:00+09:00,1204.044921875,1204.044921875,1204.044921875,1204.044921875,0,0.0,0.0
2022-08-01 00:00:00+09:00,1201.433020019531,1218.8450927734375,1192.726983642578,1218.8450927734375,1500,0.0,0.0
2022-08-02 00:00:00+09:00,1217.974559514041,1217.974559514041,1193.59765625,1193.59765625,1000,0.0,0.0
2022-08-03 00:00:00+09:00,1201.4331019253445,1201.4331019253445,1199.69189453125,1199.69189453125,200,0.0,0.0
2022-08-04 00:00:00+09:00,1175.3148750636888,1201.4329833984375,1175.3148750636888,1201.4329833984375,800,0.0,0.0
2022-08-05 00:00:00+09:00,1201.4329833984375,1201.4329833984375,1201.4329833984375,1201.4329833984375,0,0.0,0.0
2022-08-08 00:00:00+09:00,1197.079954188984,1199.6917649981235,1184.020900143286,1196.2093505859375,1300,0.0,0.0
2022-08-09 00:00:00+09:00,1196.2093505859375,1196.2093505859375,1196.2093505859375,1196.2093505859375,200,0.0,0.0
2022-08-10 00:00:00+09:00,1200.5624073315691,1215.3626690608198,1200.5624073315691,1214.4920654296875,600,0.0,0.0
2022-08-12 00:00:00+09:00,1197.950596438172,1214.4920654296875,1197.950596438172,1214.4920654296875,300,0.0,0.0
2022-08-15 00:00:00+09:00,1215.3626635321255,1215.3626635321255,1211.8802490234375,1211.8802490234375,400,0.0,0.0
2022-08-16 00:00:00+09:00,1217.974489135742,1221.4569036865234,1217.974489135742,1218.8450927734375,2800,0.0,0.0
2022-08-17 00:00:00+09:00,1219.7158203125,1219.7158203125,1219.7158203125,1219.7158203125,2100,0.0,0.0
2022-08-18 00:00:00+09:00,1221.4570806918862,1249.316401135322,1221.4570806918862,1246.70458984375,3000,0.0,0.0
2022-08-19 00:00:00+09:00,1246.70433629336,1246.70433629336,1242.351318359375,1242.351318359375,500,0.0,0.0
2022-08-22 00:00:00+09:00,1253.66923828125,1262.3752746582031,1192.726983642578,1218.8450927734375,17900,0.0,0.0
2022-08-23 00:00:00+09:00,1218.8450927734375,1219.7156964111327,1193.5975872802733,1218.8450927734375,1400,0.0,0.0
2022-08-24 00:00:00+09:00,1218.8451377467106,1240.6102294921875,1218.8451377467106,1240.6102294921875,500,0.0,0.0
2022-08-25 00:00:00+09:00,1228.421813246783,1258.0223388671875,1228.421813246783,1258.0223388671875,1700,0.0,0.0
2022-08-26 00:00:00+09:00,1258.0223424103478,1259.7635498046875,1257.151738713178,1259.7635498046875,3100,0.0,0.0
2022-08-29 00:00:00+09:00,1259.7635761057468,1272.8226318359375,1258.8929723904007,1272.8226318359375,5200,0.0,0.0
2022-08-30 00:00:00+09:00,1272.8225152650384,1275.434326171875,1271.0813079938139,1275.434326171875,1600,0.0,0.0
2022-08-31 00:00:00+09:00,1271.0814049981693,1279.7874420187047,1263.2459716796875,1263.2459716796875,3200,0.0,0.0
2022-09-01 00:00:00+09:00,1263.2457732223252,1284.1402587890625,1263.2457732223252,1284.1402587890625,1700,0.0,0.0
2022-09-02 00:00:00+09:00,1284.1403899321685,1313.7409141746728,1284.1403899321685,1288.493408203125,8700,0.0,0.0
2022-09-05 00:00:00+09:00,1305.9055633344938,1332.0236746011838,1263.2459815989002,1328.541259765625,19800,0.0,0.0
2022-09-06 00:00:00+09:00,1342.4708468757542,1378.165597019662,1334.6354139173354,1352.9180908203125,14900,0.0,0.0
2022-09-07 00:00:00+09:00,1365.9771923982644,1384.2598699255834,1351.1769296380537,1375.5538330078125,26700,0.0,0.0
2022-09-08 00:00:00+09:00,1376.424406143159,1382.5186318503079,1357.2711253492632,1360.7535400390625,36700,0.0,0.0
2022-09-09 00:00:00+09:00,1359.8829381606158,1372.941993264591,1359.8829381606158,1361.6241455078125,1000,0.0,0.0
2022-09-12 00:00:00+09:00,1365.9770748557996,1377.294921875,1365.9770748557996,1377.294921875,2200,0.0,0.0
2022-09-13 00:00:00+09:00,1377.2952701367064,1377.2952701367064,1359.8831933966721,1367.7186279296875,4100,0.0,0.0
2022-09-14 00:00:00+09:00,1380.777455158475,1380.777455158475,1359.8829665558249,1375.5538330078125,3600,0.0,0.0
2022-09-15 00:00:00+09:00,1392.9658221424108,1393.83642578125,1377.2949566433088,1393.83642578125,4600,0.0,0.0
2022-09-16 00:00:00+09:00,1378.1655638963077,1395.57763671875,1378.1655638963077,1395.57763671875,800,0.0,0.0
2022-09-20 00:00:00+09:00,1393.8364221168504,1393.8364221168504,1362.4946912010435,1392.09521484375,3700,0.0,0.0
2022-09-21 00:00:00+09:00,1392.0952038091455,1396.4482219573918,1386.87158203125,1386.87158203125,5500,0.0,0.0
2022-09-22 00:00:00+09:00,1386.8717198746926,1405.1543979144722,1386.8717198746926,1394.7071533203125,3300,0.0,0.0
2022-09-26 00:00:00+09:00,1394.7071533203125,1401.6719830497523,1392.0953421717725,1394.7071533203125,3000,0.0,0.0
2022-09-27 00:00:00+09:00,1394.707149810791,1394.707149810791,1362.4948123931886,1392.9659423828125,3400,0.0,0.0
2022-09-28 00:00:00+09:00,1392.9659423828125,1401.6719795227052,1392.0953386688234,1392.9659423828125,1200,0.0,0.0
2022-09-29 00:00:00+09:00,1394.7071533203125,1410.378020211552,1392.0953421717725,1394.7071533203125,3800,0.0,0.0
2022-09-30 00:00:00+09:00,1394.7070385468555,1398.189453125,1369.4595328553082,1398.189453125,4600,0.0,0.0
2022-10-03 00:00:00+09:00,1394.7070367260512,1397.31884765625,1384.259793005257,1397.31884765625,4800,0.0,0.0
2022-10-04 00:00:00+09:00,1398.1894512996494,1401.6718658732475,1395.5776403694508,1397.31884765625,2400,0.0,0.0
2022-10-05 00:00:00+09:00,1395.577645828475,1399.9306640625,1395.577645828475,1399.9306640625,800,0.0,0.0
2022-10-06 00:00:00+09:00,1394.7071533203125,1399.0601719012122,1360.7536083892937,1394.7071533203125,4200,0.0,0.0
2022-10-07 00:00:00+09:00,1394.7071533203125,1399.0601719012122,1389.4835310232327,1394.7071533203125,2100,0.0,0.0
2022-10-11 00:00:00+09:00,1394.7071533203125,1398.1895681850324,1391.2247384555926,1394.7071533203125,5400,0.0,0.0
2022-10-12 00:00:00+09:00,1394.7070330776278,1399.0600512832384,1392.0952221542616,1395.57763671875,2300,0.0,0.0
2022-10-13 00:00:00+09:00,1380.777349281191,1392.0951964064468,1379.9067456561713,1383.38916015625,1100,0.0,0.0
2022-10-14 00:00:00+09:00,1383.3893015289307,1399.0601683807374,1383.3893015289307,1392.9659423828125,2500,0.0,0.0
2022-10-17 00:00:00+09:00,1397.31884765625,1397.31884765625,1392.9658294392523,1397.31884765625,6900,0.0,0.0
2022-10-18 00:00:00+09:00,1397.3189644688523,1397.3189644688523,1392.9659458879526,1394.7071533203125,3700,0.0,0.0
2022-10-19 00:00:00+09:00,1394.7071533203125,1396.4483607526724,1394.7071533203125,1394.7071533203125,2800,0.0,0.0
2022-10-20 00:00:00+09:00,1383.389305009973,1394.7071533203125,1383.389305009973,1394.7071533203125,1100,0.0,0.0
2022-10-21 00:00:00+09:00,1394.7071533203125,1399.0601719012122,1394.7071533203125,1394.7071533203125,5200,0.0,0.0
2022-10-24 00:00:00+09:00,1394.7071533203125,1401.6719830497523,1394.7071533203125,1394.7071533203125,3500,0.0,0.0
2022-10-25 00:00:00+09:00,1394.7072787391874,1397.319090122594,1394.7072787391874,1396.448486328125,2000,0.0,0.0
2022-10-26 00:00:00+09:00,1396.448486328125,1399.9309015060007,1393.8366749447184,1396.448486328125,1400,0.0,0.0
2022-10-27 00:00:00+09:00,1392.0952581663007,1430.4018193666243,1392.0952581663007,1412.98974609375,3300,0.0,0.0
2022-10-28 00:00:00+09:00,1434.2909716522045,1434.2909716522045,1417.427402059759,1419.2025146484375,2600,31.0,0.0
2022-10-31 00:00:00+09:00,1419.2026563613347,1419.2026563613347,1340.2101382774329,1362.3990478515625,6400,0.0,0.0
2022-11-01 00:00:00+09:00,1388.138221414023,1410.3271316028663,1371.2746496705024,1409.4395751953125,10900,0.0,0.0
2022-11-02 00:00:00+09:00,1388.138221414023,1413.877357233081,1352.6359651118742,1409.4395751953125,9600,0.0,0.0
2022-11-04 00:00:00+09:00,1396.1261997524887,1412.1022147528352,1396.1261997524887,1401.4515380859375,3300,0.0,0.0
2022-11-07 00:00:00+09:00,1415.652461629384,1436.0662588817202,1415.652461629384,1421.8653564453125,3100,0.0,0.0
2022-11-08 00:00:00+09:00,1424.5278183489795,1424.5278183489795,1393.4633487899675,1417.4273681640625,3600,0.0,0.0
2022-11-09 00:00:00+09:00,1384.5879875497424,1423.6404692498634,1384.5879875497424,1421.8653564453125,2800,0.0,0.0
2022-11-10 00:00:00+09:00,1421.8652138781192,1427.1905517578125,1421.8652138781192,1427.1905517578125,200,0.0,0.0
2022-11-11 00:00:00+09:00,1430.7408146468536,1430.7408146468536,1422.7528076171875,1422.7528076171875,700,0.0,0.0
2022-11-14 00:00:00+09:00,1409.4395278329769,1409.4395278329769,1374.8248291015625,1374.8248291015625,300,0.0,0.0
2022-11-15 00:00:00+09:00,1407.6644623802051,1409.4395751953125,1371.2746496705024,1409.4395751953125,2800,0.0,0.0
2022-11-16 00:00:00+09:00,1398.7888301346463,1398.7888301346463,1371.2745828413888,1380.150146484375,300,0.0,0.0
2022-11-17 00:00:00+09:00,1365.94931122518,1409.4395751953125,1365.94931122518,1409.4395751953125,2900,0.0,0.0
2022-11-18 00:00:00+09:00,1420.9777404322767,1420.9777404322767,1405.8892822265625,1405.8892822265625,300,0.0,0.0
2022-11-21 00:00:00+09:00,1389.9133680833602,1389.9133680833602,1384.588029508328,1385.4755859375,300,0.0,0.0
2022-11-22 00:00:00+09:00,1412.9896409584903,1413.877197265625,1403.2265215800082,1413.877197265625,1700,0.0,0.0
2022-11-24 00:00:00+09:00,1381.925065830216,1385.4752907906018,1372.1619471891547,1382.8126220703125,1500,0.0,0.0
2022-11-25 00:00:00+09:00,1396.1260477831408,1396.1260477831408,1393.46337890625,1393.46337890625,300,0.0,0.0
2022-11-28 00:00:00+09:00,1393.463593800048,1393.463593800048,1359.7364494915118,1385.4755859375,2200,0.0,0.0
2022-11-29 00:00:00+09:00,1385.4753450960727,1385.4753450960727,1349.9730941006576,1379.262451171875,2400,0.0,0.0
2022-11-30 00:00:00+09:00,1375.712385479291,1377.4874982347483,1364.1741525688196,1374.8248291015625,7300,0.0,0.0
2022-12-01 00:00:00+09:00,1379.2626616487798,1380.1502180591074,1374.8248795971429,1377.487548828125,2000,0.0,0.0
2022-12-02 00:00:00+09:00,1377.4872846297335,1388.1379595108913,1377.4872846297335,1382.8126220703125,1500,0.0,0.0
2022-12-05 00:00:00+09:00,1377.4874773914792,1380.150146484375,1366.8368010198956,1380.150146484375,800,0.0,0.0
2022-12-06 00:00:00+09:00,1386.36279296875,1401.451248462008,1369.4992250645207,1386.36279296875,2300,0.0,0.0
2022-12-07 00:00:00+09:00,1366.8368224710869,1407.664415869574,1366.8368224710869,1400.56396484375,2200,0.0,0.0
2022-12-08 00:00:00+09:00,1404.1142578125,1406.7769270751028,1395.2386936038242,1404.1142578125,600,0.0,0.0
2022-12-09 00:00:00+09:00,1404.1141823620053,1414.764858840099,1404.1141823620053,1412.98974609375,2000,0.0,0.0
2022-12-12 00:00:00+09:00,1417.427402059759,1419.2025146484375,1414.7647331767414,1419.2025146484375,1200,0.0,0.0
2022-12-13 00:00:00+09:00,1428.9657372389458,1508.8458095069616,1411.2146100682758,1450.26708984375,10000,0.0,0.0
2022-12-14 00:00:00+09:00,1428.965856333248,1428.965856333248,1331.3346487576844,1353.5235595703125,13900,0.0,0.0
2022-12-15 00:00:00+09:00,1353.5234752454255,1355.298587999846,1344.6479114733245,1349.085693359375,3800,0.0,0.0
2022-12-16 00:00:00+09:00,1356.1861451692623,1374.8248291015625,1356.1861451692623,1374.8248291015625,1600,0.0,0.0
2022-12-19 00:00:00+09:00,1380.1503451943013,1381.925458178474,1371.2747802734375,1371.2747802734375,600,0.0,0.0
2022-12-20 00:00:00+09:00,1366.8369906556372,1366.8369906556372,1357.96142578125,1357.96142578125,400,0.0,0.0
2022-12-21 00:00:00+09:00,1352.6360868566176,1357.96142578125,1352.6360868566176,1357.96142578125,400,0.0,0.0
2022-12-22 00:00:00+09:00,1375.7123541942424,1375.7123541942424,1341.09765625,1341.09765625,4200,0.0,0.0
2022-12-23 00:00:00+09:00,1333.9971830306515,1333.9971830306515,1320.683837890625,1320.683837890625,900,0.0,0.0
2022-12-26 00:00:00+09:00,1328.6719087138822,1330.447021484375,1321.5714576319108,1330.447021484375,1000,0.0,0.0
2022-12-27 00:00:00+09:00,1333.1099172039083,1333.1099172039083,1258.5551681725312,1310.033447265625,1200,0.0,0.0
2022-12-28 00:00:00+09:00,1310.0332368223528,1311.808349609375,1310.0332368223528,1311.808349609375,500,0.0,0.0
2022-12-29 00:00:00+09:00,1311.808349609375,1311.808349609375,1311.808349609375,1311.808349609375,0,0.0,0.0
2022-12-30 00:00:00+09:00,1311.808349609375,1311.808349609375,1311.808349609375,1311.808349609375,0,0.0,0.0
2023-01-04 00:00:00+09:00,1311.8082420191272,1311.8082420191272,1286.9566650390625,1286.9566650390625,400,0.0,0.0
2023-01-05 00:00:00+09:00,1270.09326171875,1270.09326171875,1270.09326171875,1270.09326171875,2200,0.0,0.0
2023-01-06 00:00:00+09:00,1278.9686244732768,1308.257982285642,1278.0810681759324,1285.1815185546875,4800,0.0,0.0
2023-01-10 00:00:00+09:00,1290.5068867093664,1300.2700062099186,1260.3299718894775,1293.1695556640625,6600,0.0,0.0
2023-01-11 00:00:00+09:00,1293.169636019401,1303.8203125,1292.2820796460176,1303.8203125,6000,0.0,0.0
2023-01-12 00:00:00+09:00,1299.3824763715631,1310.9207087437148,1298.4949200352437,1307.3704833984375,5300,0.0,0.0
2023-01-13 00:00:00+09:00,1302.9329401789485,1327.7845221442146,1294.944931690113,1313.5836181640625,2300,0.0,0.0
2023-01-16 00:00:00+09:00,1308.2581366517181,1334.8848287138292,1304.7079110434368,1318.9088134765625,4900,0.0,0.0
2023-01-17 00:00:00+09:00,1315.3584492384784,1331.3344627919823,1292.2819852167509,1318.0211181640625,7200,0.0,0.0
2023-01-18 00:00:00+09:00,1317.1336473034273,1348.1981201171875,1303.8203018118159,1348.1981201171875,3300,0.0,0.0
2023-01-19 00:00:00+09:00,1320.6839513461218,1333.1097412109375,1320.6839513461218,1333.1097412109375,3100,0.0,0.0
2023-01-20 00:00:00+09:00,1344.6478173828125,1347.310486328125,1331.33447265625,1331.33447265625,2400,0.0,0.0
2023-01-23 00:00:00+09:00,1322.4589226922558,1345.5353871150737,1322.4589226922558,1338.4349365234375,1700,0.0,0.0
2023-01-24 00:00:00+09:00,1331.3345778696214,1340.2101417220854,1330.447021484375,1330.447021484375,1400,0.0,0.0
2023-01-25 00:00:00+09:00,1329.5594650991286,1330.447021484375,1322.4590140171572,1330.447021484375,1700,0.0,0.0
2023-01-26 00:00:00+09:00,1333.1097412109375,1333.1097412109375,1332.222184792022,1333.1097412109375,1100,0.0,0.0
2023-01-27 00:00:00+09:00,1333.1097412109375,1333.997297629853,1298.4950408732368,1333.1097412109375,3000,0.0,0.0
2023-01-30 00:00:00+09:00,1331.3346283731066,1333.1097412109375,1331.3346283731066,1333.1097412109375,1200,0.0,0.0
2023-01-31 00:00:00+09:00,1321.5714150041383,1333.1096476401717,1312.6958514379587,1315.3585205078125,3700,0.0,0.0
2023-02-01 00:00:00+09:00,1333.1097580230164,1333.997314453125,1333.1097580230164,1333.997314453125,1200,0.0,0.0
2023-02-02 00:00:00+09:00,1332.2220289713541,1335.7722542317708,1313.5833463541667,1331.33447265625,6200,0.0,0.0
2023-02-03 00:00:00+09:00,1327.784402697445,1333.1097412109375,1326.8968462785297,1333.1097412109375,1400,0.0,0.0
2023-02-06 00:00:00+09:00,1333.1095852864582,1333.1095852864582,1325.121578450521,1331.33447265625,1300,0.0,0.0
2023-02-07 00:00:00+09:00,1329.559515535276,1333.1097412109375,1329.559515535276,1333.1097412109375,2500,0.0,0.0
2023-02-08 00:00:00+09:00,1332.2220289713541,1340.2100358072917,1331.33447265625,1331.33447265625,4100,0.0,0.0
2023-02-09 00:00:00+09:00,1331.3345609901744,1339.3225683561154,1329.5594482421875,1329.5594482421875,8800,0.0,0.0
2023-02-10 00:00:00+09:00,1329.5594482421875,1329.5594482421875,1329.5594482421875,1329.5594482421875,0,0.0,0.0
2023-02-13 00:00:00+09:00,1329.559515535276,1337.5475233055145,1329.559515535276,1333.1097412109375,300,0.0,0.0
2023-02-14 00:00:00+09:00,1334.8847785424935,1341.9852294921875,1334.8847785424935,1341.9852294921875,1500,0.0,0.0
2023-02-15 00:00:00+09:00,1341.9852294921875,1341.9852294921875,1341.9852294921875,1341.9852294921875,0,0.0,0.0
2023-02-16 00:00:00+09:00,1341.9851342645616,1386.3629495510881,1341.9851342645616,1356.18603515625,4100,0.0,0.0
2023-02-17 00:00:00+09:00,1380.1501107620998,1418.3150334391225,1380.1501107620998,1410.3270263671875,1500,0.0,0.0
2023-02-20 00:00:00+09:00,1410.3271314544493,1464.468072309529,1410.3271314544493,1460.9178466796875,5000,0.0,0.0
2023-02-21 00:00:00+09:00,1468.905875158567,1481.3316650390625,1468.905875158567,1481.3316650390625,900,0.0,0.0
2023-02-22 00:00:00+09:00,1481.3316650390625,1488.4321163993457,1445.829408237647,1481.3316650390625,13600,0.0,0.0
2023-02-24 00:00:00+09:00,1470.6808847017376,1470.6808847017376,1424.5279541015625,1424.5279541015625,700,0.0,0.0
2023-02-27 00:00:00+09:00,1390.800926678069,1460.0303282612783,1389.9133702475149,1456.4801025390625,900,0.0,0.0
2023-02-28 00:00:00+09:00,1491.9822953162673,1495.532520885134,1460.0302651964662,1472.4560546875,2300,0.0,0.0
2023-03-01 00:00:00+09:00,1438.7288827237217,1464.468017578125,1438.7288827237217,1464.468017578125,600,0.0,0.0
2023-03-02 00:00:00+09:00,1463.580338773354,1496.419921875,1451.1545505727313,1496.419921875,4800,0.0,0.0
2023-03-03 00:00:00+09:00,1407.6643780475165,1438.7288504508351,1402.3390399212335,1405.001708984375,9600,0.0,0.0
2023-03-06 00:00:00+09:00,1405.8893031131179,1405.8893031131179,1400.56396484375,1400.56396484375,1100,0.0,0.0
2023-03-07 00:00:00+09:00,1404.1142790353842,1404.1142790353842,1393.4636018239908,1398.7889404296875,600,0.0,0.0
2023-03-08 00:00:00+09:00,1397.0137393308382,1400.56396484375,1397.0137393308382,1400.56396484375,400,0.0,0.0
2023-03-09 00:00:00+09:00,1400.5638972164866,1420.977692930035,1394.351002868885,1397.013671875,5000,0.0,0.0
2023-03-10 00:00:00+09:00,1401.4513855369228,1414.7647299213775,1393.46337890625,1393.46337890625,800,0.0,0.0
2023-03-13 00:00:00+09:00,1393.4635768792568,1393.4635768792568,1384.5880126953125,1384.5880126953125,400,0.0,0.0
2023-03-14 00:00:00+09:00,1365.0617170004582,1365.0617170004582,1362.3990478515625,1362.3990478515625,400,0.0,0.0
2023-03-15 00:00:00+09:00,1353.5235763689793,1358.8489150301032,1331.3346652809632,1354.4111328125,1100,0.0,0.0
2023-03-16 00:00:00+09:00,1354.4109394480154,1357.0736083984375,1337.547369428676,1357.0736083984375,600,0.0,0.0
2023-03-17 00:00:00+09:00,1375.7122530603106,1393.46337890625,1375.7122530603106,1393.46337890625,1300,0.0,0.0
2023-03-20 00:00:00+09:00,1393.46337890625,1393.46337890625,1393.46337890625,1393.46337890625,0,0.0,0.0
2023-03-22 00:00:00+09:00,1393.46337890625,1393.46337890625,1393.46337890625,1393.46337890625,1600,0.0,0.0
2023-03-23 00:00:00+09:00,1393.46337890625,1393.46337890625,1393.46337890625,1393.46337890625,0,0.0,0.0
2023-03-24 00:00:00+09:00,1393.463504959663,1393.463504959663,1381.9252721160478,1387.2506103515625,1300,0.0,0.0
2023-03-27 00:00:00+09:00,1351.748429435342,1378.3751220703125,1351.748429435342,1378.3751220703125,300,0.0,0.0
2023-03-28 00:00:00+09:00,1378.374935719135,1378.374935719135,1368.61181640625,1368.61181640625,700,0.0,0.0
2023-03-29 00:00:00+09:00,1375.7122802734375,1375.7122802734375,1375.7122802734375,1375.7122802734375,100,0.0,0.0
2023-03-30 00:00:00+09:00,1445.8294010904845,1445.8294010904845,1384.588008410777,1390.8009033203125,1900,0.0,0.0
2023-03-31 00:00:00+09:00,1426.3031384566898,1427.1906948589653,1421.8653564453125,1421.8653564453125,400,0.0,0.0
2023-04-03 00:00:00+09:00,1420.0901891344956,1462.6928948085306,1412.9897381888231,1425.41552734375,1300,0.0,0.0
2023-04-04 00:00:00+09:00,1425.41552734375,1425.41552734375,1425.41552734375,1425.41552734375,0,0.0,0.0
2023-04-05 00:00:00+09:00,1437.8411900067374,1437.8411900067374,1390.8007066299738,1399.67626953125,2600,0.0,0.0
2023-04-06 00:00:00+09:00,1399.67626953125,1399.67626953125,1399.67626953125,1399.67626953125,0,0.0,0.0
2023-04-07 00:00:00+09:00,1411.214633347401,1412.98974609375,1387.2506112716906,1412.98974609375,300,0.0,0.0
2023-04-10 00:00:00+09:00,1414.7647988841327,1454.704833984375,1413.8772425485718,1454.704833984375,1200,0.0,0.0
2023-04-11 00:00:00+09:00,1447.6044794765432,1452.9298178437164,1437.841359136726,1440.5040283203125,600,0.0,0.0
2023-04-12 00:00:00+09:00,1436.0661148906347,1436.0661148906347,1424.527882817966,1427.1905517578125,1400,0.0,0.0
2023-04-13 00:00:00+09:00,1436.95352232837,1444.9415283203125,1436.95352232837,1444.9415283203125,1100,0.0,0.0
2023-04-14 00:00:00+09:00,1430.7409205433783,1454.7049434060775,1430.7409205433783,1447.6044921875,1100,0.0,0.0
2023-04-17 00:00:00+09:00,1455.5924072265625,1455.5924072265625,1438.7288366550354,1455.5924072265625,800,0.0,0.0
2023-04-18 00:00:00+09:00,1455.5925461085085,1456.4801025390625,1440.504086789091,1456.4801025390625,700,0.0,0.0
2023-04-19 00:00:00+09:00,1456.4801025390625,1456.4801025390625,1456.4801025390625,1456.4801025390625,0,0.0,0.0
2023-04-20 00:00:00+09:00,1456.4797591975632,1456.4797591975632,1444.9415283203125,1444.9415283203125,5700,0.0,0.0
2023-04-21 00:00:00+09:00,1444.9417085193452,1455.5923845035172,1431.62836353913,1435.1785888671875,4000,0.0,0.0
2023-04-24 00:00:00+09:00,1444.0542962839706,1445.829409125131,1429.8533935546875,1429.8533935546875,700,0.0,0.0
2023-04-25 00:00:00+09:00,1429.8532935974795,1450.26708984375,1429.8532935974795,1450.26708984375,1900,0.0,0.0
2023-04-26 00:00:00+09:00,1452.0422572972584,1453.8173700812404,1446.7169189453125,1446.7169189453125,2100,0.0,0.0
2023-04-27 00:00:00+09:00,1442.2238222478247,1442.2238222478247,1370.3372765906122,1429.6436767578125,2600,20.0,0.0
2023-04-28 00:00:00+09:00,1429.6436659054075,1433.2379931609837,1361.351448049461,1425.1507568359375,2000,0.0,0.0
2023-05-01 00:00:00+09:00,1397.2947568613854,1409.874902582324,1373.9316290939282,1379.3231201171875,1900,0.0,0.0
2023-05-02 00:00:00+09:00,1391.0047384401228,1391.9033203125,1352.365717927897,1391.9033203125,3800,0.0,0.0
2023-05-08 00:00:00+09:00,1391.9033545111868,1391.9033545111868,1349.6700054717899,1385.61328125,600,0.0,0.0
2023-05-09 00:00:00+09:00,1383.816108353641,1383.816108353641,1371.2359619140625,1371.2359619140625,300,0.0,0.0
2023-05-10 00:00:00+09:00,1371.2359842469264,1389.207622310451,1370.33740234375,1370.33740234375,1000,0.0,0.0
2023-05-11 00:00:00+09:00,1370.337357736524,1372.134521484375,1353.2643021319377,1372.134521484375,1200,0.0,0.0
2023-05-12 00:00:00+09:00,1362.2501562888294,1362.2501562888294,1353.264337315948,1355.9600830078125,600,0.0,0.0
2023-05-15 00:00:00+09:00,1355.0616580236767,1364.9460600384384,1349.670166015625,1349.670166015625,1800,0.0,0.0
2023-05-16 00:00:00+09:00,1349.6700231639054,1349.6700231639054,1340.6842041015625,1340.6842041015625,1400,0.0,0.0
2023-05-17 00:00:00+09:00,1347.8729471991744,1347.8729471991744,1341.5828734455783,1346.974365234375,800,0.0,0.0
2023-05-18 00:00:00+09:00,1339.7855586144567,1342.4813042052303,1303.8422840708095,1313.7266845703125,2600,0.0,0.0
2023-05-19 00:00:00+09:00,1311.929606669658,1329.9012451171875,1311.0310247472814,1329.9012451171875,3200,0.0,0.0
2023-05-22 00:00:00+09:00,1329.9012314994573,1350.5686155024894,1311.0310113227758,1345.1771240234375,4000,0.0,0.0
2023-05-23 00:00:00+09:00,1356.8586320338454,1356.8586320338454,1346.0756495276162,1352.36572265625,500,0.0,0.0
2023-05-24 00:00:00+09:00,1347.8726696409908,1347.8726696409908,1343.3797607421875,1343.3797607421875,200,0.0,0.0
2023-05-25 00:00:00+09:00,1343.3799393736601,1349.6700126683863,1336.1912841796875,1336.1912841796875,300,0.0,0.0
2023-05-26 00:00:00+09:00,1336.1911390696139,1356.8585205078125,1336.1911390696139,1356.8585205078125,800,0.0,0.0
2023-05-29 00:00:00+09:00,1332.596947561714,1355.9600767839693,1321.81396484375,1321.81396484375,1300,0.0,0.0
2023-05-30 00:00:00+09:00,1319.1181195525085,1342.4812470105228,1316.4223740765838,1320.915283203125,1300,0.0,0.0
2023-05-31 00:00:00+09:00,1319.11835337564,1319.11835337564,1311.9296974989336,1316.422607421875,1800,0.0,0.0
2023-06-01 00:00:00+09:00,1315.52392578125,1315.52392578125,1311.0310161986638,1315.52392578125,1300,0.0,0.0
2023-06-02 00:00:00+09:00,1317.3208891291283,1349.6698332005121,1317.3208891291283,1343.3797607421875,3700,0.0,0.0
2023-06-05 00:00:00+09:00,1320.9153843709867,1325.4082938416364,1311.9295654296875,1311.9295654296875,6300,0.0,0.0
2023-06-06 00:00:00+09:00,1302.94384765625,1302.94384765625,1287.6679542699353,1302.94384765625,2300,0.0,0.0
2023-06-07 00:00:00+09:00,1302.9437702663697,1302.9437702663697,1301.1466064453125,1301.1466064453125,700,0.0,0.0
2023-06-08 00:00:00+09:00,1293.9578857421875,1303.8422862582736,1292.16072201199,1293.9578857421875,1000,0.0,0.0
2023-06-09 00:00:00+09:00,1287.667779864043,1290.363525390625,1276.8847977577145,1290.363525390625,1300,0.0,0.0
2023-06-12 00:00:00+09:00,1289.4649104965465,1301.146474145644,1286.7691650390625,1286.7691650390625,2100,0.0,0.0
2023-06-13 00:00:00+09:00,1286.7691318714985,1286.7691318714985,1283.1748046875,1283.1748046875,500,0.0,0.0
2023-06-14 00:00:00+09:00,1285.8706829020466,1287.6678466796875,1281.3777734579444,1287.6678466796875,2700,0.0,0.0
2023-06-15 00:00:00+09:00,1287.6677914492734,1301.1465192034527,1283.1748821978802,1284.9720458984375,1600,0.0,0.0
2023-06-16 00:00:00+09:00,1284.9720458984375,1284.9720458984375,1284.9720458984375,1284.9720458984375,600,0.0,0.0
2023-06-19 00:00:00+09:00,1284.9721352682875,1287.6678810066128,1281.3778076171875,1281.3778076171875,600,0.0,0.0
2023-06-20 00:00:00+09:00,1287.667779864043,1290.363525390625,1287.667779864043,1290.363525390625,500,0.0,0.0
2023-06-21 00:00:00+09:00,1290.3635370001093,1299.3493555028954,1284.9720458984375,1284.9720458984375,2200,0.0,0.0
2023-06-22 00:00:00+09:00,1302.943614422251,1309.2336870435997,1298.4507054070016,1307.4365234375,2500,0.0,0.0
2023-06-23 00:00:00+09:00,1306.5379196853373,1306.5379196853373,1298.45068359375,1298.45068359375,700,0.0,0.0
2023-06-26 00:00:00+09:00,1306.5380859375,1306.5380859375,1306.5380859375,1306.5380859375,200,0.0,0.0
2023-06-27 00:00:00+09:00,1315.5238657599668,1352.36572265625,1312.8281201334094,1352.36572265625,3600,0.0,0.0
2023-06-28 00:00:00+09:00,1352.3656114995083,1357.757102309473,1336.1911390696139,1356.8585205078125,4600,0.0,0.0
2023-06-29 00:00:00+09:00,1356.8588418304605,1358.656005859375,1344.2786936280588,1358.656005859375,1400,0.0,0.0
2023-06-30 00:00:00+09:00,1358.655684111134,1358.655684111134,1347.8727024912043,1356.8585205078125,500,0.0,0.0
2023-07-03 00:00:00+09:00,1391.004948262276,1391.004948262276,1317.321223612724,1354.1630859375,4600,0.0,0.0
2023-07-04 00:00:00+09:00,1366.7429651720772,1366.7429651720772,1355.0614013671875,1355.0614013671875,1300,0.0,0.0
2023-07-05 00:00:00+09:00,1356.8586530528053,1362.250144389439,1352.3657436056105,1361.3515625,1900,0.0,0.0
2023-07-06 00:00:00+09:00,1391.004789249626,1392.8019530600259,1350.568603515625,1350.568603515625,3600,0.0,0.0
2023-07-07 00:00:00+09:00,1350.5687108893144,1389.207735884817,1332.5970713565225,1365.8446044921875,2700,0.0,0.0
2023-07-10 00:00:00+09:00,1364.0471749210988,1364.0471749210988,1356.8585205078125,1356.8585205078125,1700,0.0,0.0
2023-07-11 00:00:00+09:00,1351.4671290742886,1357.7572021484375,1351.4671290742886,1357.7572021484375,200,0.0,0.0
2023-07-12 00:00:00+09:00,1357.7571674194735,1374.8302224697513,1357.7571674194735,1373.931640625,500,0.0,0.0
2023-07-13 00:00:00+09:00,1364.0472752225864,1364.0472752225864,1357.7572021484375,1357.7572021484375,300,0.0,0.0
2023-07-14 00:00:00+09:00,1373.9317540624484,1373.9317540624484,1359.554443359375,1359.554443359375,300,0.0,0.0
2023-07-18 00:00:00+09:00,1355.0614013671875,1357.7571468606236,1347.8727467180247,1355.0614013671875,2800,0.0,0.0
2023-07-19 00:00:00+09:00,1355.0614565452308,1361.3515296193798,1355.0614565452308,1357.7572021484375,600,0.0,0.0
2023-07-20 00:00:00+09:00,1359.554443359375,1362.2501891162012,1358.655861440433,1359.554443359375,2200,0.0,0.0
2023-07-21 00:00:00+09:00,1360.4530881876733,1378.4247273975502,1360.4530881876733,1376.6275634765625,2600,0.0,0.0
2023-07-24 00:00:00+09:00,1375.7288489800774,1375.7288489800774,1370.337357736524,1372.134521484375,1200,0.0,0.0
2023-07-25 00:00:00+09:00,1371.2359183807475,1371.2359183807475,1363.148681640625,1363.148681640625,300,0.0,0.0
2023-07-26 00:00:00+09:00,1365.8444495691788,1371.235940817478,1362.2501220703125,1362.2501220703125,1000,0.0,0.0
2023-07-27 00:00:00+09:00,1361.3515625,1361.3515625,1361.3515625,1361.3515625,200,0.0,0.0
2023-07-28 00:00:00+09:00,1372.1345451732673,1373.0331270627062,1361.3515625,1361.3515625,400,0.0,0.0
2023-07-31 00:00:00+09:00,1361.3515179205979,1366.7430090806795,1361.3515179205979,1363.148681640625,700,0.0,0.0
2023-08-01 00:00:00+09:00,1363.1487262788778,1370.3373813943895,1360.452980610561,1361.3515625,3400,0.0,0.0
2023-08-02 00:00:00+09:00,1362.250333917204,1364.0474979461185,1358.656005859375,1358.656005859375,2100,0.0,0.0
2023-08-03 00:00:00+09:00,1356.858476267565,1356.858476267565,1338.8868408203125,1338.8868408203125,5700,0.0,0.0
2023-08-04 00:00:00+09:00,1347.8728697629635,1347.8728697629635,1342.4813782839117,1345.1771240234375,500,0.0,0.0
2023-08-07 00:00:00+09:00,1337.08984375,1338.8870075184811,1333.4955162130377,1337.08984375,3400,0.0,0.0
2023-08-08 00:00:00+09:00,1347.8728038821148,1361.351531920936,1337.0898214510578,1337.9884033203125,6900,0.0,0.0
2023-08-09 00:00:00+09:00,1344.278533296759,1344.278533296759,1329.901222780216,1330.7998046875,1400,0.0,0.0
2023-08-10 00:00:00+09:00,1337.08991082702,1338.8870746856587,1329.9012553924663,1334.3941650390625,3100,0.0,0.0
2023-08-14 00:00:00+09:00,1346.97422201286,1346.97422201286,1335.2926577125484,1337.9884033203125,3200,0.0,0.0
2023-08-15 00:00:00+09:00,1345.1771360585387,1356.858701034331,1331.698407240317,1339.78564453125,14400,0.0,0.0
2023-08-16 00:00:00+09:00,1339.7855998893272,1346.974255019518,1339.7855998893272,1341.582763671875,300,0.0,0.0
2023-08-17 00:00:00+09:00,1346.0756495276162,1354.1628864072882,1346.0756495276162,1352.36572265625,2400,0.0,0.0
2023-08-18 00:00:00+09:00,1347.8726696409908,1347.8726696409908,1325.4081251469743,1343.3797607421875,3700,0.0,0.0
2023-08-21 00:00:00+09:00,1330.7996048690488,1346.9740767715762,1330.7996048690488,1338.8868408203125,3300,0.0,0.0
2023-08-22 00:00:00+09:00,1339.7857390211711,1340.6843210057596,1303.8424596376387,1316.422607421875,15500,0.0,0.0
2023-08-23 00:00:00+09:00,1311.0309273618443,1319.1181640625,1311.0309273618443,1319.1181640625,800,0.0,0.0
2023-08-24 00:00:00+09:00,1317.3210343942505,1317.3210343942505,1311.92954312115,1312.828125,2100,0.0,0.0
2023-08-25 00:00:00+09:00,1311.9295208431301,1315.5238482974949,1311.9295208431301,1313.7266845703125,1000,0.0,0.0
2023-08-28 00:00:00+09:00,1313.7267366985227,1337.9884479781806,1313.7267366985227,1336.1912841796875,5100,0.0,0.0
2023-08-29 00:00:00+09:00,1336.1912945703912,1340.6842041015625,1335.2927126641569,1340.6842041015625,4400,0.0,0.0
2023-08-30 00:00:00+09:00,1336.1913513019078,1337.0899332462939,1302.9438193596277,1333.49560546875,2900,0.0,0.0
2023-08-31 00:00:00+09:00,1335.2927126641569,1340.6842041015625,1334.3941307579225,1340.6842041015625,2500,0.0,0.0
2023-09-01 00:00:00+09:00,1346.9740988769531,1350.5684260253906,1341.5826081542968,1347.8726806640625,6500,0.0,0.0
2023-09-04 00:00:00+09:00,1337.0899022506808,1337.0899022506808,1316.4225180089027,1320.016845703125,7500,0.0,0.0
2023-09-05 00:00:00+09:00,1320.9153161637655,1330.7997164888006,1320.9153161637655,1324.5096435546875,2000,0.0,0.0
2023-09-06 00:00:00+09:00,1331.698453787054,1332.5970357396766,1323.6112162134482,1328.1041259765625,1800,0.0,0.0
2023-09-07 00:00:00+09:00,1328.1041259765625,1333.4956176922994,1328.1041259765625,1328.1041259765625,1800,0.0,0.0
2023-09-08 00:00:00+09:00,1333.4955710827464,1340.6842264524648,1328.1040795554577,1339.78564453125,3300,0.0,0.0
2023-09-11 00:00:00+09:00,1328.1041907083297,1342.481502651045,1328.1041907083297,1335.2928466796875,1700,0.0,0.0
2023-09-12 00:00:00+09:00,1333.495682686848,1335.2928466796875,1333.495682686848,1335.2928466796875,1200,0.0,0.0
2023-09-13 00:00:00+09:00,1335.2925356445312,1350.5684260253906,1334.3939538574218,1347.8726806640625,6200,0.0,0.0
2023-09-14 00:00:00+09:00,1347.8726806640625,1347.8726806640625,1338.8868627929687,1347.8726806640625,6900,0.0,0.0
2023-09-15 00:00:00+09:00,1347.87290244004,1348.771484375,1336.1913372855597,1348.771484375,1500,0.0,0.0
2023-09-19 00:00:00+09:00,1347.8728132786543,1352.36572265625,1342.4813220255398,1352.36572265625,3300,0.0,0.0
2023-09-20 00:00:00+09:00,1343.3800373751772,1354.1630209527707,1343.3800373751772,1346.974365234375,1200,0.0,0.0
2023-09-21 00:00:00+09:00,1350.568603515625,1353.2643492312252,1344.278530179225,1350.568603515625,2100,0.0,0.0
2023-09-22 00:00:00+09:00,1350.5685811955877,1351.4671630859375,1343.3799260727903,1351.4671630859375,3800,0.0,0.0
2023-09-25 00:00:00+09:00,1347.8726806640625,1349.6698442382813,1341.5826081542968,1347.8726806640625,900,0.0,0.0
2023-09-26 00:00:00+09:00,1350.5684922114608,1355.0614013671875,1347.8727467180247,1355.0614013671875,2000,0.0,0.0
2023-09-27 00:00:00+09:00,1354.1629399192263,1364.9459228515625,1350.5686122751142,1364.9459228515625,4100,0.0,0.0
2023-09-28 00:00:00+09:00,1369.4388145315488,1409.875,1365.8444869343532,1409.875,10200,0.0,0.0
2023-09-29 00:00:00+09:00,1408.077794015292,1409.8749577600468,1343.3798992041236,1391.9033203125,4100,0.0,0.0
2023-10-02 00:00:00+09:00,1401.7877315094113,1401.7877315094113,1366.743038221676,1396.396240234375,5000,0.0,0.0
2023-10-03 00:00:00+09:00,1419.759379760664,1419.759379760664,1399.9905782703256,1400.88916015625,4700,0.0,0.0
2023-10-04 00:00:00+09:00,1392.8018927029823,1392.8018927029823,1377.5260009765625,1377.5260009765625,2100,0.0,0.0
2023-10-05 00:00:00+09:00,1377.5260009765625,1401.7877113655823,1376.6274191103025,1377.5260009765625,3300,0.0,0.0
2023-10-06 00:00:00+09:00,1377.5260207717483,1396.396240234375,1377.5260207717483,1396.396240234375,900,0.0,0.0
2023-10-10 00:00:00+09:00,1397.2947685885383,1406.280587036053,1358.6557492642248,1373.931640625,5200,0.0,0.0
2023-10-11 00:00:00+09:00,1379.3231520129789,1392.8018798828125,1379.3231520129789,1392.8018798828125,1100,0.0,0.0
2023-10-12 00:00:00+09:00,1392.8020387654517,1392.8020387654517,1353.2644325037227,1376.6275634765625,2900,0.0,0.0
2023-10-13 00:00:00+09:00,1368.540398064242,1373.0333081038489,1354.1630859375,1354.1630859375,2700,0.0,0.0
2023-10-16 00:00:00+09:00,1355.0613569044908,1357.757102309473,1355.0613569044908,1356.8585205078125,1700,0.0,0.0
2023-10-17 00:00:00+09:00,1369.4389700451482,1369.4389700451482,1346.9744200115992,1349.670166015625,6700,0.0,0.0
2023-10-18 00:00:00+09:00,1361.3515401955958,1362.2501220703125,1353.2643033231468,1362.2501220703125,800,0.0,0.0
2023-10-19 00:00:00+09:00,1362.2502133994005,1362.2502133994005,1348.771484375,1348.771484375,1600,0.0,0.0
2023-10-20 00:00:00+09:00,1362.2501891162012,1362.2501891162012,1349.670042251012,1359.554443359375,4200,0.0,0.0
2023-10-23 00:00:00+09:00,1362.2503240087924,1362.2503240087924,1352.3659219216574,1354.1630859375,1400,0.0,0.0
2023-10-24 00:00:00+09:00,1348.771439705225,1362.2501682832253,1337.089874937625,1350.568603515625,5000,0.0,0.0
2023-10-25 00:00:00+09:00,1350.568547206553,1361.3515296193798,1350.568547206553,1357.7572021484375,2900,0.0,0.0
2023-10-26 00:00:00+09:00,1361.3516946089894,1365.8446044921875,1356.8587847257916,1365.8446044921875,3500,0.0,0.0
2023-10-27 00:00:00+09:00,1360.4529477516442,1365.8444389580575,1355.9600384129662,1357.7572021484375,5900,0.0,0.0
2023-10-30 00:00:00+09:00,1310.0844146856205,1341.2550725577767,1302.7501422451132,1314.6683349609375,11400,30.0,0.0
2023-10-31 00:00:00+09:00,1301.8334265875224,1314.6684040327514,1284.41452862614,1288.0816650390625,5500,0.0,0.0
2023-11-01 00:00:00+09:00,1292.6655493962817,1292.6655493962817,1288.0816290083515,1288.9984130859375,2900,0.0,0.0
2023-11-02 00:00:00+09:00,1289.9151971635235,1299.9998220169698,1286.2480608531796,1288.9984130859375,1900,0.0,0.0
2023-11-06 00:00:00+09:00,1284.4144926980075,1316.501935413518,1284.4144926980075,1288.9984130859375,3400,0.0,0.0
2023-11-07 00:00:00+09:00,1289.9153206845886,1315.5852773151278,1289.9153206845886,1313.751708984375,900,0.0,0.0
2023-11-08 00:00:00+09:00,1304.5837322101725,1311.9180047735467,1294.4991074355332,1311.001220703125,600,0.0,0.0
2023-11-09 00:00:00+09:00,1297.2495976679743,1308.251007683533,1294.4992451640846,1298.1663818359375,900,0.0,0.0
2023-11-10 00:00:00+09:00,1306.4174580023455,1311.0013789076168,1299.0831845539112,1310.0845947265625,900,0.0,0.0
2023-11-13 00:00:00+09:00,1301.833359981475,1306.4172802630999,1299.0830078125,1299.0830078125,500,0.0,0.0
2023-11-14 00:00:00+09:00,1300.9166537314968,1307.3341425095944,1294.499164953399,1306.4173583984375,500,0.0,0.0
2023-11-15 00:00:00+09:00,1300.9167529160197,1311.0013789076168,1297.2496161918027,1310.0845947265625,1800,0.0,0.0
2023-11-16 00:00:00+09:00,1311.0012706564792,1312.8348388671875,1304.5837819189999,1312.8348388671875,300,0.0,0.0
2023-11-17 00:00:00+09:00,1312.834780847686,1323.8361896257393,1306.4172923938218,1317.418701171875,3100,0.0,0.0
2023-11-20 00:00:00+09:00,1316.5018310546875,1322.002535084164,1316.5018310546875,1316.5018310546875,500,0.0,0.0
2023-11-21 00:00:00+09:00,1318.3355352363296,1350.4229787226102,1318.3355352363296,1319.2523193359375,900,0.0,0.0
2023-11-22 00:00:00+09:00,1319.2523470446313,1350.4230070859915,1319.2523470446313,1324.7530517578125,2300,0.0,0.0
2023-11-24 00:00:00+09:00,1324.7530517578125,1324.7530517578125,1324.7530517578125,1324.7530517578125,0,0.0,0.0
2023-11-27 00:00:00+09:00,1320.1691994863015,1338.5048828125,1320.1691994863015,1338.5048828125,2400,0.0,0.0
2023-11-28 00:00:00+09:00,1338.5047828758156,1355.0068966372983,1334.837646484375,1334.837646484375,900,0.0,0.0
2023-11-29 00:00:00+09:00,1344.0054931640625,1344.0054931640625,1343.0887090623135,1344.0054931640625,400,0.0,0.0
2023-11-30 00:00:00+09:00,1344.0054710751488,1352.2565278552827,1344.0054710751488,1347.672607421875,300,0.0,0.0
2023-12-01 00:00:00+09:00,1336.6712784346123,1351.3398247000127,1336.6712784346123,1339.421630859375,1200,0.0,0.0
2023-12-04 00:00:00+09:00,1348.5893938625097,1348.5893938625097,1332.0872802734375,1332.0872802734375,1000,0.0,0.0
2023-12-05 00:00:00+09:00,1330.253686181982,1330.253686181982,1310.0844366327033,1311.001220703125,2000,0.0,0.0
2023-12-06 00:00:00+09:00,1323.836139277548,1323.836139277548,1315.5850830078125,1315.5850830078125,200,0.0,0.0
2023-12-07 00:00:00+09:00,1315.5850830078125,1315.5850830078125,1315.5850830078125,1315.5850830078125,0,0.0,0.0
2023-12-08 00:00:00+09:00,1315.5851410552339,1315.5851410552339,1293.5823233651113,1311.001220703125,2100,0.0,0.0
2023-12-11 00:00:00+09:00,1311.0012005447247,1311.0012005447247,1297.24943969985,1299.0830078125,5500,0.0,0.0
2023-12-12 00:00:00+09:00,1311.0014196828276,1321.0860459880803,1305.5007144254173,1318.335693359375,1000,0.0,0.0
2023-12-13 00:00:00+09:00,1316.5020628210616,1339.42166697881,1316.5020628210616,1338.5048828125,1800,0.0,0.0
2023-12-14 00:00:00+09:00,1333.9208461216517,1347.672607421875,1290.831994047619,1347.672607421875,5700,0.0,0.0
2023-12-15 00:00:00+09:00,1301.8332752719114,1315.5850352219666,1266.9954833984375,1266.9954833984375,9600,0.0,0.0
2023-12-18 00:00:00+09:00,1280.7473922132174,1290.8320173487546,1279.8306081099868,1288.0816650390625,5300,0.0,0.0
2023-12-19 00:00:00+09:00,1288.0816189425807,1311.001220703125,1288.0816189425807,1311.001220703125,2800,0.0,0.0
2023-12-20 00:00:00+09:00,1304.5837121504499,1319.2522570516496,1293.5823034745501,1299.0830078125,2400,0.0,0.0
2023-12-21 00:00:00+09:00,1310.0845087302498,1310.0845087302498,1285.3313374666272,1309.167724609375,1000,0.0,0.0
2023-12-22 00:00:00+09:00,1309.1677968585643,1309.1677968585643,1291.748897600642,1307.334228515625,2900,0.0,0.0
2023-12-25 00:00:00+09:00,1296.3327826624914,1308.2509765625,1294.4992143701822,1308.2509765625,400,0.0,0.0
2023-12-26 00:00:00+09:00,1295.4160342865205,1307.334228515625,1295.4160342865205,1307.334228515625,400,0.0,0.0
2023-12-27 00:00:00+09:00,1287.1649767432943,1307.334228515625,1287.1649767432943,1307.334228515625,1700,0.0,0.0
2023-12-28 00:00:00+09:00,1307.334136898189,1307.334136898189,1292.6655911826413,1297.24951171875,900,0.0,0.0
2023-12-29 00:00:00+09:00,1308.2509765625,1315.5852497317362,1306.417408270191,1308.2509765625,800,0.0,0.0
2024-01-04 00:00:00+09:00,1309.1678512636909,1322.0028301976486,1309.1678512636909,1318.335693359375,1300,0.0,0.0
2024-01-05 00:00:00+09:00,1328.42015208644,1328.42015208644,1323.8362316168525,1325.6697998046875,700,0.0,0.0
2024-01-09 00:00:00+09:00,1311.001218678462,1332.0872522655982,1266.078799297172,1326.5865478515625,7600,0.0,0.0
2024-01-10 00:00:00+09:00,1326.586583898605,1329.3369361803575,1325.6697998046875,1325.6697998046875,500,0.0,0.0
2024-01-11 00:00:00+09:00,1329.336941897214,1373.3425785945012,1318.3355327228924,1334.837646484375,3600,0.0,0.0
2024-01-12 00:00:00+09:00,1322.919421755589,1328.4201262119532,1303.6669561583144,1304.583740234375,3200,0.0,0.0
2024-01-15 00:00:00+09:00,1305.5005742872806,1306.4173583984375,1305.5005742872806,1306.4173583984375,300,0.0,0.0
2024-01-16 00:00:00+09:00,1327.5033339707168,1332.0872543228256,1311.001220703125,1311.001220703125,6300,0.0,0.0
2024-01-17 00:00:00+09:00,1311.0013614688908,1322.9195556640625,1311.0013614688908,1322.9195556640625,200,0.0,0.0
2024-01-18 00:00:00+09:00,1311.0013564882458,1318.335629811257,1304.583867330611,1313.751708984375,1400,0.0,0.0
2024-01-19 00:00:00+09:00,1318.3355434993125,1318.3355434993125,1311.0012706564792,1312.8348388671875,1300,0.0,0.0
2024-01-22 00:00:00+09:00,1313.751664425746,1333.9209153799445,1313.751664425746,1321.0859375,4100,0.0,0.0
2024-01-23 00:00:00+09:00,1324.7529736905772,1324.7529736905772,1315.5851330421995,1317.418701171875,1400,0.0,0.0
2024-01-24 00:00:00+09:00,1317.418701171875,1317.418701171875,1317.418701171875,1317.418701171875,0,0.0,0.0
2024-01-25 00:00:00+09:00,1323.8363398329218,1327.5034765083594,1322.9195556640625,1322.9195556640625,400,0.0,0.0
2024-01-26 00:00:00+09:00,1323.8362373100533,1338.5047828758156,1323.8362373100533,1334.837646484375,2800,0.0,0.0
2024-01-29 00:00:00+09:00,1348.5893180032476,1375.1760550678937,1346.7557499298239,1365.0914306640625,3400,0.0,0.0
2024-01-30 00:00:00+09:00,1373.3425232261739,1373.3425232261739,1329.336888303039,1364.1746826171875,2200,0.0,0.0
2024-01-31 00:00:00+09:00,1364.1747325922818,1371.5090053481545,1362.3411644033138,1366.00830078125,1600,0.0,0.0
2024-02-01 00:00:00+09:00,1365.0914492277507,1395.3453228506623,1365.0914492277507,1392.594970703125,2300,0.0,0.0
2024-02-02 00:00:00+09:00,1390.7616103322882,1395.3455312628496,1387.0944735878393,1393.511962890625,1000,0.0,0.0
2024-02-05 00:00:00+09:00,1398.0957090893473,1407.2635498046875,1386.1775161594055,1407.2635498046875,5000,0.0,0.0
2024-02-06 00:00:00+09:00,1409.097231616306,1413.68115234375,1403.596526743373,1413.68115234375,1600,0.0,0.0
2024-02-07 00:00:00+09:00,1398.095731031342,1411.8474923201748,1398.095731031342,1403.596435546875,500,0.0,0.0
2024-02-08 00:00:00+09:00,1411.84765625,1411.84765625,1411.84765625,1411.84765625,100,0.0,0.0
2024-02-09 00:00:00+09:00,1399.0125070480128,1410.013916015625,1398.0957229673786,1410.013916015625,900,0.0,0.0
2024-02-13 00:00:00+09:00,1411.8476604178636,1411.8476604178636,1396.2623291015625,1396.2623291015625,1200,0.0,0.0
2024-02-14 00:00:00+09:00,1398.0957333603812,1398.0957333603812,1380.676835698842,1388.0111083984375,2200,0.0,0.0
2024-02-15 00:00:00+09:00,1389.8447320020684,1399.0125732421875,1389.8447320020684,1399.0125732421875,800,0.0,0.0
2024-02-16 00:00:00+09:00,1399.0126214685001,1399.0126214685001,1376.093017578125,1376.093017578125,4300,0.0,0.0
2024-02-19 00:00:00+09:00,1375.1760894674003,1379.760009765625,1356.8404082745017,1379.760009765625,8500,0.0,0.0
2024-02-20 00:00:00+09:00,1399.0125901963977,1399.0125901963977,1376.092986818344,1386.1776123046875,8600,0.0,0.0
2024-02-21 00:00:00+09:00,1394.428755957483,1394.428755957483,1378.843424694316,1387.094482421875,6300,0.0,0.0
2024-02-22 00:00:00+09:00,1388.011008155267,1397.1788483676532,1375.1760318579263,1384.3438720703125,22700,0.0,0.0
2024-02-26 00:00:00+09:00,1398.0958838211864,1398.0958838211864,1389.844826146176,1393.511962890625,7700,0.0,0.0
2024-02-27 00:00:00+09:00,1403.5965215219842,1407.2636580902977,1392.5951118170437,1404.5133056640625,7100,0.0,0.0
2024-02-28 00:00:00+09:00,1405.4301465240976,1465.0211181640625,1405.4301465240976,1465.0211181640625,16400,0.0,0.0
2024-02-29 00:00:00+09:00,1460.4369852053892,1460.4369852053892,1431.0998957348477,1439.3509521484375,26600,0.0,0.0
2024-03-01 00:00:00+09:00,1399.012672084217,1416.431571671111,1333.9209946805609,1377.9266357421875,29100,0.0,0.0
2024-03-04 00:00:00+09:00,1381.5937260630317,1381.5937260630317,1359.590906271716,1360.5076904296875,3500,0.0,0.0
2024-03-05 00:00:00+09:00,1366.008331319462,1366.008331319462,1354.0901378247286,1355.9237060546875,2500,0.0,0.0
2024-03-06 00:00:00+09:00,1355.0070665055616,1361.4245559951007,1347.672792803231,1352.2567138671875,1900,0.0,0.0
2024-03-07 00:00:00+09:00,1358.6740583996261,1358.6740583996261,1347.6726490198719,1355.9237060546875,1100,0.0,0.0
2024-03-08 00:00:00+09:00,1356.8404101299982,1364.1746826171875,1356.8404101299982,1364.1746826171875,1600,0.0,0.0
2024-03-11 00:00:00+09:00,1359.5908285828464,1366.925101427528,1353.17333984375,1353.17333984375,1400,0.0,0.0
2024-03-12 00:00:00+09:00,1349.506103515625,1354.0900237041972,1347.6725354401963,1349.506103515625,1600,0.0,0.0
2024-03-13 00:00:00+09:00,1349.50618953666,1361.424382786644,1349.50618953666,1350.4229736328125,6600,0.0,0.0
2024-03-14 00:00:00+09:00,1363.257833170573,1375.176025390625,1356.8403450520834,1375.176025390625,6800,0.0,0.0
2024-03-15 00:00:00+09:00,1374.259371615063,1381.5936444455635,1368.7586669921875,1368.7586669921875,2900,0.0,0.0
2024-03-18 00:00:00+09:00,1375.1760833638168,1380.6767876972722,1367.8418109192098,1370.5921630859375,3900,0.0,0.0
2024-03-19 00:00:00+09:00,1375.1760242640696,1392.5949205714146,1375.1760242640696,1390.7613525390625,4300,0.0,0.0
2024-03-21 00:00:00+09:00,1393.511895959122,1404.5133056640625,1387.0944069645734,1404.5133056640625,3300,0.0,0.0
2024-03-22 00:00:00+09:00,1404.5131476017204,1405.429931640625,1387.0942508625346,1405.429931640625,5100,0.0,0.0
2024-03-25 00:00:00+09:00,1410.9307668543424,1421.0153922184736,1352.2565829175796,1399.0125732421875,9200,0.0,0.0
2024-03-26 00:00:00+09:00,1399.0124433682934,1410.930635874052,1393.5117391348663,1405.429931640625,1800,0.0,0.0
2024-03-27 00:00:00+09:00,1419.181798756161,1419.181798756161,1406.3468212480304,1418.2650146484375,2300,0.0,0.0
2024-03-28 00:00:00+09:00,1420.0986739465911,1432.0168681114108,1410.9308322813454,1428.3497314453125,5100,0.0,0.0
2024-03-29 00:00:00+09:00,1428.3498037774643,1428.3498037774643,1420.0987458609063,1426.5162353515625,2800,0.0,0.0
2024-04-01 00:00:00+09:00,1424.6823437188,1438.4341037933057,1424.6823437188,1434.7669677734375,5200,0.0,0.0
2024-04-02 00:00:00+09:00,1432.9336298553037,1438.4343347683757,1432.016845703125,1432.016845703125,2100,0.0,0.0
2024-04-03 00:00:00+09:00,1431.1000615509463,1437.517550616197,1422.849004181338,1432.016845703125,1500,0.0,0.0
2024-04-04 00:00:00+09:00,1432.0169406292678,1433.8505090551696,1426.5162353515625,1426.5162353515625,2000,0.0,0.0
2024-04-05 00:00:00+09:00,1425.5991992718582,1432.9334716796875,1420.098494965986,1432.9334716796875,3800,0.0,0.0
2024-04-08 00:00:00+09:00,1432.9333997635033,1434.7669677734375,1430.1830477486021,1434.7669677734375,1900,0.0,0.0
2024-04-09 00:00:00+09:00,1455.8532627596003,1499.8589029437696,1442.1015002020474,1462.270751953125,8700,0.0,0.0
2024-04-10 00:00:00+09:00,1484.273512802124,1490.6910017395019,1447.6021474456786,1466.8546142578125,5600,0.0,0.0
2024-04-11 00:00:00+09:00,1464.1042841478697,1464.1042841478697,1449.435737781955,1463.1875,1300,0.0,0.0
2024-04-12 00:00:00+09:00,1463.1874639216107,1464.104248046875,1453.102838543705,1464.104248046875,700,0.0,0.0
2024-04-15 00:00:00+09:00,1453.1028743734337,1464.1042841478697,1453.1028743734337,1463.1875,1700,0.0,0.0
2024-04-16 00:00:00+09:00,1451.2693180928704,1461.3539438029281,1441.1846923828125,1441.1846923828125,3600,0.0,0.0
2024-04-17 00:00:00+09:00,1451.269253845799,1451.269253845799,1436.6007080078125,1436.6007080078125,1800,0.0,0.0
2024-04-18 00:00:00+09:00,1438.4343399164331,1443.9350448491919,1434.7672032945939,1441.1846923828125,1100,0.0,0.0
2024-04-19 00:00:00+09:00,1443.0182298863906,1451.269287109375,1441.1846616146163,1451.269287109375,1600,0.0,0.0
2024-04-22 00:00:00+09:00,1451.26920921689,1465.9377546037947,1443.018152436756,1443.9349365234375,4100,0.0,0.0
2024-04-23 00:00:00+09:00,1440.2679355945272,1457.686834879248,1439.3511514216473,1446.6854248046875,3900,0.0,0.0
2024-04-24 00:00:00+09:00,1427.4328229631697,1452.1859933035714,1426.5160388764882,1443.9349365234375,8800,0.0,0.0
2024-04-25 00:00:00+09:00,1462.2705878586066,1462.2705878586066,1444.8516905737706,1454.01953125,4600,0.0,0.0
2024-04-26 00:00:00+09:00,1416.7609238274913,1448.4307932621623,1401.8574558582343,1435.3902587890625,6300,25.0,0.0
2024-04-30 00:00:00+09:00,1440.9790257328664,1440.9790257328664,1411.1720904882304,1432.5958251953125,4300,0.0,0.0
2024-05-01 00:00:00+09:00,1430.7329471279375,1434.4588141777497,1425.144146553219,1427.007080078125,1500,0.0,0.0
2024-05-02 00:00:00+09:00,1427.007109526994,1436.32177734375,1427.007109526994,1436.32177734375,800,0.0,0.0
2024-05-07 00:00:00+09:00,1436.3216618243312,1436.3216618243312,1422.3496612229271,1423.2811279296875,400,0.0,0.0
2024-05-08 00:00:00+09:00,1425.144175963643,1436.32177734375,1425.144175963643,1436.32177734375,1300,0.0,0.0
2024-05-09 00:00:00+09:00,1436.32177734375,1436.32177734375,1436.32177734375,1436.32177734375,200,0.0,0.0
2024-05-10 00:00:00+09:00,1436.3217514088115,1436.3217514088115,1417.6924161116804,1420.48681640625,1100,0.0,0.0
2024-05-13 00:00:00+09:00,1420.4868311663859,1425.1441650390625,1420.4868311663859,1425.1441650390625,300,0.0,0.0
2024-05-14 00:00:00+09:00,1417.692364389815,1434.458765545542,1417.692364389815,1419.5552978515625,1800,0.0,0.0
2024-05-15 00:00:00+09:00,1419.5553866956361,1431.6644549548507,1416.760986328125,1416.760986328125,800,0.0,0.0
2024-05-16 00:00:00+09:00,1421.418182614611,1424.2125827114942,1412.103515625,1412.103515625,700,0.0,0.0
2024-05-17 00:00:00+09:00,1412.1035709204264,1412.1035709204264,1401.8574368306342,1406.5147705078125,700,0.0,0.0
2024-05-20 00:00:00+09:00,1406.514919541447,1420.486922053448,1391.6114501953125,1391.6114501953125,2200,0.0,0.0
2024-05-21 00:00:00+09:00,1397.2001179610147,1411.172119140625,1394.4057177250927,1411.172119140625,500,0.0,0.0
2024-05-22 00:00:00+09:00,1411.1721262973122,1412.1035930473433,1397.2001250468438,1398.131591796875,2900,0.0,0.0
2024-05-23 00:00:00+09:00,1399.0631141892245,1428.8700513756794,1392.5428466796875,1392.5428466796875,4800,0.0,0.0
2024-05-24 00:00:00+09:00,1397.2000951018613,1397.2000951018613,1387.8854278011822,1388.81689453125,700,0.0,0.0
2024-05-27 00:00:00+09:00,1394.405805557493,1413.966608441065,1388.8170047336155,1408.3778076171875,3400,0.0,0.0
2024-05-28 00:00:00+09:00,1406.5147403971355,1406.5147403971355,1392.5427396647135,1397.2000732421875,2700,0.0,0.0
2024-05-29 00:00:00+09:00,1397.2001031534562,1409.3091707141193,1389.748369269971,1406.5147705078125,8700,0.0,0.0
2024-05-30 00:00:00+09:00,1387.8854290018558,1425.144098236805,1387.8854290018558,1419.5552978515625,2800,0.0,0.0
2024-05-31 00:00:00+09:00,1396.2686806708143,1481.963623046875,1396.2686806708143,1481.963623046875,12400,0.0,0.0
2024-06-03 00:00:00+09:00,1407.4462071126302,1420.4867411295572,1392.5427396647135,1397.2000732421875,14100,0.0,0.0
2024-06-04 00:00:00+09:00,1405.5832651410049,1405.5832651410049,1379.502197265625,1379.502197265625,4400,0.0,0.0
2024-06-05 00:00:00+09:00,1380.4338127266424,1386.9540803980908,1364.598876953125,1364.598876953125,12000,0.0,0.0
2024-06-06 00:00:00+09:00,1363.66732506096,1370.1875923255957,1359.9414580525968,1360.8729248046875,4900,0.0,0.0
2024-06-07 00:00:00+09:00,1360.8729951205319,1381.3652647253584,1359.9415283203125,1359.9415283203125,5600,0.0,0.0
2024-06-10 00:00:00+09:00,1359.941391148518,1360.8728578547841,1354.3525909109214,1355.2840576171875,3900,0.0,0.0
2024-06-11 00:00:00+09:00,1356.2155243234536,1364.5987246798486,1355.2840576171875,1355.2840576171875,5400,0.0,0.0
2024-06-12 00:00:00+09:00,1351.5582125124265,1359.0099462823089,1345.9694121850146,1346.90087890625,4700,0.0,0.0
2024-06-13 00:00:00+09:00,1347.8325469138988,1351.558414355264,1332.9290771484375,1332.9290771484375,4800,0.0,0.0
2024-06-14 00:00:00+09:00,1333.8603997124567,1346.900934346517,1333.8603997124567,1341.3121337890625,1700,0.0,0.0
2024-06-17 00:00:00+09:00,1341.3121374520238,1342.243604214143,1333.860403355068,1334.7918701171875,2200,0.0,0.0
2024-06-18 00:00:00+09:00,1334.7918367399202,1340.3806371728858,1331.9974365234375,1331.9974365234375,2200,0.0,0.0
2024-06-19 00:00:00+09:00,1333.8603997124567,1354.3526684231229,1333.8603997124567,1341.3121337890625,6200,0.0,0.0
2024-06-20 00:00:00+09:00,1334.7918367399202,1341.3121039117134,1328.2715695681272,1331.9974365234375,6300,0.0,0.0
2024-06-21 00:00:00+09:00,1331.9974772135417,1378.5708155776515,1331.9974772135417,1352.48974609375,6800,0.0,0.0
2024-06-24 00:00:00+09:00,1352.4897608393746,1407.446300708192,1351.558294061937,1357.1470947265625,3400,0.0,0.0
2024-06-25 00:00:00+09:00,1351.5581875447535,1375.7763218494838,1348.7637874326692,1361.8043212890625,2400,0.0,0.0
2024-06-26 00:00:00+09:00,1351.558190792123,1371.1189916237113,1350.626724085857,1355.2840576171875,2900,0.0,0.0
2024-06-27 00:00:00+09:00,1373.9135515979037,1389.7484874468287,1373.9135515979037,1382.2967529296875,1500,0.0,0.0
2024-06-28 00:00:00+09:00,1382.2967529296875,1382.2967529296875,1369.2562175246906,1382.2967529296875,800,0.0,0.0
2024-07-01 00:00:00+09:00,1375.7764299431103,1390.679898378513,1369.2561625026217,1387.885498046875,2100,0.0,0.0
2024-07-02 00:00:00+09:00,1378.57080078125,1387.8854683540962,1378.57080078125,1378.57080078125,2000,0.0,0.0
2024-07-03 00:00:00+09:00,1387.8854683540962,1387.8854683540962,1361.8043991501268,1378.57080078125,2200,0.0,0.0
2024-07-04 00:00:00+09:00,1385.0910160046642,1387.8854161714523,1362.735814670359,1377.6392822265625,1400,0.0,0.0
2024-07-05 00:00:00+09:00,1349.6953642746498,1364.5988327552532,1349.6953642746498,1350.6268310546875,7400,0.0,0.0
2024-07-08 00:00:00+09:00,1359.9413878810062,1373.9133884414275,1359.9413878810062,1361.8043212890625,2100,0.0,0.0
2024-07-09 00:00:00+09:00,1361.804413766572,1361.804413766572,1352.48974609375,1352.48974609375,2800,0.0,0.0
2024-07-10 00:00:00+09:00,1353.4212607187767,1359.9415283203125,1353.4212607187767,1359.9415283203125,400,0.0,0.0
2024-07-11 00:00:00+09:00,1352.4897939185573,1360.8729951205319,1352.4897939185573,1359.9415283203125,2100,0.0,0.0
2024-07-12 00:00:00+09:00,1359.9415283203125,1361.8044619207512,1359.0100615200931,1359.9415283203125,1500,0.0,0.0
2024-07-16 00:00:00+09:00,1359.9414580525968,1380.4337265985946,1359.9414580525968,1360.8729248046875,3100,0.0,0.0
2024-07-17 00:00:00+09:00,1360.8729248046875,1375.7763928381405,1360.8729248046875,1360.8729248046875,1300,0.0,0.0
2024-07-18 00:00:00+09:00,1357.147024481712,1359.9414246693887,1354.352624294035,1358.0784912109375,800,0.0,0.0
2024-07-19 00:00:00+09:00,1351.5582275390625,1357.1470279286107,1351.5582275390625,1351.5582275390625,300,0.0,0.0
2024-07-22 00:00:00+09:00,1353.421142578125,1366.4616766428833,1352.4896758592135,1353.421142578125,3700,0.0,0.0
2024-07-23 00:00:00+09:00,1352.4896542487816,1366.4616548092029,1352.4896542487816,1361.8043212890625,1400,0.0,0.0
2024-07-24 00:00:00+09:00,1351.5582978347252,1352.4897646147629,1350.6268310546875,1350.6268310546875,1500,0.0,0.0
2024-07-25 00:00:00+09:00,1350.626849601282,1359.0100507367383,1348.763916015625,1348.763916015625,6500,0.0,0.0
2024-07-26 00:00:00+09:00,1350.6268310546875,1350.6268310546875,1347.8324307145745,1350.6268310546875,1400,0.0,0.0
2024-07-29 00:00:00+09:00,1350.6267977321072,1350.6267977321072,1345.0379971897676,1347.8323974609375,1400,0.0,0.0
2024-07-30 00:00:00+09:00,1346.9009158151655,1358.0785167762874,1343.175048828125,1343.175048828125,2000,0.0,0.0
2024-07-31 00:00:00+09:00,1344.1065488821907,1394.4057544536656,1342.2436153425065,1345.969482421875,3200,0.0,0.0
2024-08-01 00:00:00+09:00,1345.9695381551587,1349.6954053888062,1340.3807373046875,1340.3807373046875,7800,0.0,0.0
2024-08-02 00:00:00+09:00,1333.860377080023,1333.860377080023,1296.6017073291844,1318.9569091796875,5100,0.0,0.0
2024-08-05 00:00:00+09:00,1299.3961443901062,1299.3961443901062,1192.2774658203125,1192.2774658203125,14000,0.0,0.0
2024-08-06 00:00:00+09:00,1193.2089034319838,1257.4801090032618,1193.2089034319838,1213.701171875,2000,0.0,0.0
2024-08-07 00:00:00+09:00,1157.8131704448183,1236.9878442081406,1157.8131704448183,1207.180908203125,8900,0.0,0.0
2024-08-08 00:00:00+09:00,1207.1808782076205,1210.9067451156689,1180.1683431242711,1197.8662109375,3400,0.0,0.0
2024-08-09 00:00:00+09:00,1225.8104113833442,1245.3712158203125,1222.0845438715407,1245.3712158203125,600,0.0,0.0
2024-08-13 00:00:00+09:00,1227.6732983269844,1238.850900436183,1227.6732983269844,1237.91943359375,1900,0.0,0.0
2024-08-14 00:00:00+09:00,1257.4800572770366,1257.4800572770366,1235.124856258778,1243.508056640625,2100,0.0,0.0
2024-08-15 00:00:00+09:00,1244.4396482939933,1268.6577851619902,1240.7137810835322,1267.726318359375,1400,0.0,0.0
2024-08-16 00:00:00+09:00,1267.7262046039968,1285.424072265625,1257.480070694633,1285.424072265625,1900,0.0,0.0
2024-08-19 00:00:00+09:00,1304.0534369379498,1304.0534369379498,1284.4926353838805,1294.73876953125,1400,0.0,0.0
2024-08-20 00:00:00+09:00,1302.1904896035348,1334.7918251801614,1302.1904896035348,1320.81982421875,3200,0.0,0.0
2024-08-21 00:00:00+09:00,1326.4086326222164,1341.3121004044885,1326.4086326222164,1338.5177001953125,2300,0.0,0.0
2024-08-22 00:00:00+09:00,1338.5177335103353,1350.6268013848198,1326.4086656358506,1341.3121337890625,17300,0.0,0.0
2024-08-23 00:00:00+09:00,1334.7918628621446,1347.8323974609375,1324.545728534522,1347.8323974609375,800,0.0,0.0
2024-08-26 00:00:00+09:00,1347.8324047868598,1375.7764076504438,1334.7918701171875,1334.7918701171875,2200,0.0,0.0
2024-08-27 00:00:00+09:00,1334.7919297769035,1334.7919297769035,1318.025527309364,1322.682861328125,700,0.0,0.0
2024-08-28 00:00:00+09:00,1346.9009008228406,1346.9009008228406,1323.6142324130406,1338.5177001953125,1200,0.0,0.0
2024-08-29 00:00:00+09:00,1341.3121337890625,1363.6673360188802,1341.3121337890625,1341.3121337890625,1100,0.0,0.0
2024-08-30 00:00:00+09:00,1342.24365234375,1348.763919912387,1341.3121855482304,1342.24365234375,1000,0.0,0.0
2024-09-02 00:00:00+09:00,1360.8729951205319,1360.8729951205319,1346.900993117241,1359.9415283203125,2500,0.0,0.0
2024-09-03 00:00:00+09:00,1359.0099613917935,1359.0099613917935,1351.5582275390625,1351.5582275390625,1700,0.0,0.0
2024-09-04 00:00:00+09:00,1339.4491669317044,1348.7638342956245,1338.5177001953125,1338.5177001953125,1700,0.0,0.0
2024-09-05 00:00:00+09:00,1331.9974659348347,1331.9974659348347,1310.57373046875,1310.57373046875,2500,0.0,0.0
2024-09-06 00:00:00+09:00,1317.0940459018882,1331.9975145966762,1317.0940459018882,1318.0255126953125,2300,0.0,0.0
2024-09-09 00:00:00+09:00,1322.6828357481734,1331.997503605555,1304.9849668191487,1306.847900390625,3800,0.0,0.0
2024-09-10 00:00:00+09:00,1310.5737968169453,1316.16259765625,1305.9164627841915,1316.16259765625,800,0.0,0.0
2024-09-11 00:00:00+09:00,1313.3681158264421,1313.3681158264421,1305.9163818359375,1305.9163818359375,500,0.0,0.0
2024-09-12 00:00:00+09:00,1313.36813458844,1334.7918701171875,1305.9164004914842,1334.7918701171875,500,0.0,0.0
2024-09-13 00:00:00+09:00,1328.271565059651,1328.271565059651,1307.779296875,1307.779296875,800,0.0,0.0
2024-09-17 00:00:00+09:00,1314.2995640246615,1321.7512979099893,1307.779296875,1307.779296875,1400,0.0,0.0
2024-09-18 00:00:00+09:00,1307.7791776882382,1307.7791776882382,1301.2589111328125,1301.2589111328125,1300,0.0,0.0
2024-09-19 00:00:00+09:00,1317.093957295707,1320.81982421875,1310.5736901803816,1320.81982421875,400,0.0,0.0
2024-09-20 00:00:00+09:00,1320.8198648220948,1337.5862664912047,1310.57373046875,1310.57373046875,2200,0.0,0.0
2024-09-24 00:00:00+09:00,1313.368112254092,1322.682779716887,1312.4366455078125,1312.4366455078125,1200,0.0,0.0
2024-09-25 00:00:00+09:00,1318.025508832328,1330.1345771113529,1311.5052412974683,1324.5457763671875,700,0.0,0.0
2024-09-26 00:00:00+09:00,1339.4492372815657,1345.9695047787638,1337.5863037109375,1337.5863037109375,7300,0.0,0.0
2024-09-27 00:00:00+09:00,1337.586318366152,1353.4212538899853,1337.586318366152,1342.24365234375,5800,0.0,0.0
2024-09-30 00:00:00+09:00,1318.0255156602402,1345.9695195258284,1318.0255156602402,1342.24365234375,1600,0.0,0.0
2024-10-01 00:00:00+09:00,1342.2436005486384,1363.6673360188802,1341.3121337890625,1341.3121337890625,2800,0.0,0.0
2024-10-02 00:00:00+09:00,1341.312152294854,1344.106552612135,1339.44921875,1339.44921875,3700,0.0,0.0
2024-10-03 00:00:00+09:00,1348.7638678656685,1349.6953346252442,1339.449200269911,1341.3121337890625,4300,0.0,0.0
2024-10-04 00:00:00+09:00,1345.037960417923,1353.4211610022453,1340.3806267599662,1351.5582275390625,1200,0.0,0.0
2024-10-07 00:00:00+09:00,1357.1470279286107,1361.8043615865674,1351.5582275390625,1351.5582275390625,2000,0.0,0.0
2024-10-08 00:00:00+09:00,1353.4211610022453,1357.1470279286107,1346.9008938811057,1351.5582275390625,1900,0.0,0.0
2024-10-09 00:00:00+09:00,1356.215624199539,1364.5988251732997,1356.215624199539,1363.6673583984375,6400,0.0,0.0
2024-10-10 00:00:00+09:00,1364.5987698301976,1373.9134372010521,1357.147035933514,1369.256103515625,2100,0.0,0.0
2024-10-11 00:00:00+09:00,1374.8449634978765,1374.8449634978765,1353.421227616812,1357.1470947265625,5000,0.0,0.0
2024-10-15 00:00:00+09:00,1359.010032075027,1360.8729656351024,1350.6268310546875,1350.6268310546875,4000,0.0,0.0
2024-10-16 00:00:00+09:00,1350.6268310546875,1368.3246998754041,1350.6268310546875,1350.6268310546875,2600,0.0,0.0
2024-10-17 00:00:00+09:00,1343.175048828125,1343.175048828125,1323.6142471461621,1343.175048828125,3800,0.0,0.0
2024-10-18 00:00:00+09:00,1343.175085839708,1343.175085839708,1337.5862852051462,1339.44921875,3500,0.0,0.0
2024-10-21 00:00:00+09:00,1322.682779716887,1341.312114642477,1305.916378283856,1312.4366455078125,27300,0.0,0.0
2024-10-22 00:00:00+09:00,1313.368127113353,1322.6827946815329,1312.436660356535,1317.093994140625,2700,0.0,0.0
2024-10-23 00:00:00+09:00,1306.84786343117,1318.02546454391,1306.84786343117,1310.57373046875,2000,0.0,0.0
2024-10-24 00:00:00+09:00,1313.3681972365978,1326.4087325283085,1313.3681972365978,1316.16259765625,4200,0.0,0.0
2024-10-25 00:00:00+09:00,1316.1626016500156,1316.1626016500156,1305.916466746866,1309.642333984375,1800,0.0,0.0
2024-10-28 00:00:00+09:00,1308.7108816989003,1320.8199503551891,1308.7108816989003,1314.2996826171875,4500,0.0,0.0
2024-10-29 00:00:00+09:00,1327.3401615537446,1352.4897646147629,1315.2310934132543,1350.6268310546875,13900,0.0,0.0
2024-10-30 00:00:00+09:00,1339.2451296277866,1346.8329207304937,1323.1210735345344,1340.193603515625,6800,26.0,0.0
2024-10-31 00:00:00+09:00,1328.8118271267517,1331.657248598115,1312.6877721223584,1324.0694580078125,5300,0.0,0.0
2024-11-01 00:00:00+09:00,1318.378776945891,1318.378776945891,1280.4398193359375,1280.4398193359375,5400,0.0,0.0
2024-11-05 00:00:00+09:00,1280.4397097346873,1285.182079030001,1280.4397097346873,1281.38818359375,2500,0.0,0.0
2024-11-06 00:00:00+09:00,1284.2335205078125,1298.4606274558312,1284.2335205078125,1284.2335205078125,3300,0.0,0.0
2024-11-07 00:00:00+09:00,1286.1306629774306,1287.0791369176793,1274.7489756944444,1280.4398193359375,8700,0.0,0.0
2024-11-08 00:00:00+09:00,1278.5427769508306,1291.8214111328125,1275.697355340406,1291.8214111328125,9600,0.0,0.0
2024-11-11 00:00:00+09:00,1288.0276340990592,1288.0276340990592,1272.85205078125,1272.85205078125,1500,0.0,0.0
2024-11-12 00:00:00+09:00,1270.9549614401426,1289.9244384765625,1270.9549614401426,1289.9244384765625,4400,0.0,0.0
2024-11-13 00:00:00+09:00,1271.9034423828125,1287.079024096552,1270.9549685257036,1271.9034423828125,3900,0.0,0.0
2024-11-14 00:00:00+09:00,1276.6459837505809,1276.6459837505809,1271.9036138258016,1275.697509765625,5000,0.0,0.0
2024-11-15 00:00:00+09:00,1275.697509765625,1280.4398796904043,1272.8520878107574,1275.697509765625,400,0.0,0.0
2024-11-18 00:00:00+09:00,1275.6973752521333,1280.4397446768626,1274.7489013671875,1274.7489013671875,300,0.0,0.0
2024-11-19 00:00:00+09:00,1274.7488197770817,1287.0789794921875,1274.7488197770817,1287.0789794921875,1700,0.0,0.0
2024-11-20 00:00:00+09:00,1280.4398796904043,1280.4398796904043,1275.697509765625,1275.697509765625,300,0.0,0.0
2024-11-21 00:00:00+09:00,1286.1305528890637,1286.1305528890637,1278.5427620165617,1281.38818359375,1900,0.0,0.0
2024-11-22 00:00:00+09:00,1281.3883163975177,1282.3367903548808,1272.85205078125,1272.85205078125,3100,0.0,0.0
2024-11-25 00:00:00+09:00,1273.8005247386131,1277.5944205680653,1272.85205078125,1272.85205078125,2500,0.0,0.0
2024-11-26 00:00:00+09:00,1244.39771021021,1263.3671875,1244.39771021021,1263.3671875,9700,0.0,0.0
2024-11-27 00:00:00+09:00,1263.367257889558,1263.367257889558,1250.088623046875,1250.088623046875,1200,0.0,0.0
2024-11-28 00:00:00+09:00,1250.088507648612,1250.088507648612,1192.231604032098,1232.0675048828125,12500,0.0,0.0
2024-11-29 00:00:00+09:00,1233.016018751191,1244.397705078125,1220.6858585636792,1244.397705078125,3300,0.0,0.0
2024-12-02 00:00:00+09:00,1244.3976330974544,1253.8823711545997,1238.7067902631672,1248.1915283203125,6400,0.0,0.0
2024-12-03 00:00:00+09:00,1248.1915283203125,1251.9854235431706,1245.346106903169,1248.1915283203125,1700,0.0,0.0
2024-12-04 00:00:00+09:00,1248.1916005204364,1250.0885482415922,1244.397705078125,1244.397705078125,2400,0.0,0.0
2024-12-05 00:00:00+09:00,1244.3976330974544,1251.9854235431706,1244.3976330974544,1248.1915283203125,2100,0.0,0.0
2024-12-06 00:00:00+09:00,1251.9854708373093,1251.9854708373093,1238.7068370557015,1242.500732421875,4400,0.0,0.0
2024-12-09 00:00:00+09:00,1242.500732421875,1246.2946277880487,1238.7068370557015,1242.500732421875,1700,0.0,0.0
2024-12-10 00:00:00+09:00,1242.5007227969224,1251.0369873046875,1236.8098797917457,1251.0369873046875,1500,0.0,0.0
2024-12-11 00:00:00+09:00,1251.0371217669863,1251.985595703125,1233.9645909164892,1251.985595703125,1500,0.0,0.0
2024-12-12 00:00:00+09:00,1251.037082383171,1251.037082383171,1239.6553955078125,1239.6553955078125,2600,0.0,0.0
2024-12-13 00:00:00+09:00,1239.6553653105088,1265.26416015625,1239.6553653105088,1265.26416015625,5200,0.0,0.0
2024-12-16 00:00:00+09:00,1265.2640976973994,1270.9549407155284,1260.521728515625,1260.521728515625,5300,0.0,0.0
2024-12-17 00:00:00+09:00,1259.5732615696566,1259.5732615696566,1242.500732421875,1242.500732421875,2100,0.0,0.0
2024-12-18 00:00:00+09:00,1237.7583906257387,1253.8824462890625,1236.8099167631904,1253.8824462890625,3400,0.0,0.0
2024-12-19 00:00:00+09:00,1237.758363214158,1244.3976801049619,1237.758363214158,1242.500732421875,2000,0.0,0.0
2024-12-20 00:00:00+09:00,1241.5522808772262,1241.5522808772262,1234.9129638671875,1234.9129638671875,4400,0.0,0.0
2024-12-23 00:00:00+09:00,1238.7068467840243,1241.5522683310014,1233.9644775390625,1233.9644775390625,8300,0.0,0.0
2024-12-24 00:00:00+09:00,1240.603834457049,1246.294677734375,1240.603834457049,1246.294677734375,7500,0.0,0.0
2024-12-25 00:00:00+09:00,1248.1916731621511,1248.1916731621511,1240.6038818359375,1240.6038818359375,400,0.0,0.0
2024-12-26 00:00:00+09:00,1246.2945807088836,1253.8823711545997,1233.9644212345947,1248.1915283203125,3600,0.0,0.0
2024-12-27 00:00:00+09:00,1236.809845753205,1257.67626953125,1236.809845753205,1257.67626953125,3100,0.0,0.0
2024-12-30 00:00:00+09:00,1259.573396156478,1299.4093017578125,1259.573396156478,1299.4093017578125,4200,0.0,0.0
2025-01-06 00:00:00+09:00,1299.4093017578125,1299.4093017578125,1289.9245623289232,1299.4093017578125,2000,0.0,0.0
2025-01-07 00:00:00+09:00,1298.4607156925915,1298.4607156925915,1290.8729248046875,1290.8729248046875,800,0.0,0.0
2025-01-08 00:00:00+09:00,1290.8730220836783,1290.8730220836783,1287.0791263538217,1288.97607421875,300,0.0,0.0
2025-01-09 00:00:00+09:00,1299.409202093945,1302.2546237043698,1291.8214111328125,1291.8214111328125,5300,0.0,0.0
2025-01-10 00:00:00+09:00,1301.3061398785103,1304.151561467166,1289.9244535238877,1300.357666015625,2600,0.0,0.0
2025-01-14 00:00:00+09:00,1299.4091296440336,1299.4091296440336,1289.9243914714496,1295.615234375,1800,0.0,0.0
2025-01-15 00:00:00+09:00,1287.0791710684018,1305.1001764112902,1223.5314153855848,1264.3157958984375,25000,0.0,0.0
2025-01-16 00:00:00+09:00,1249.1401738947088,1267.1611786813448,1249.1401738947088,1251.985595703125,3100,0.0,0.0
2025-01-17 00:00:00+09:00,1242.500732421875,1242.500732421875,1237.758363214158,1242.500732421875,4100,0.0,0.0
2025-01-20 00:00:00+09:00,1258.624950544454,1258.624950544454,1240.603945223923,1254.8310546875,9600,0.0,0.0
2025-01-21 00:00:00+09:00,1254.8309574918926,1260.521800836527,1254.8309574918926,1256.7279052734375,500,0.0,0.0
2025-01-22 00:00:00+09:00,1256.7279301106526,1258.6248779296875,1256.7279301106526,1258.6248779296875,3000,0.0,0.0
2025-01-23 00:00:00+09:00,1264.3157587266505,1264.3157587266505,1260.5218629765332,1261.4703369140625,1500,0.0,0.0
2025-01-24 00:00:00+09:00,1261.4702894016655,1267.1611328125,1261.4702894016655,1267.1611328125,1000,0.0,0.0
2025-01-27 00:00:00+09:00,1267.1610660328586,1289.9244384765625,1267.1610660328586,1289.9244384765625,2800,0.0,0.0
2025-01-28 00:00:00+09:00,1289.9245377033076,1297.5123291015625,1289.9245377033076,1297.5123291015625,1800,0.0,0.0
2025-01-29 00:00:00+09:00,1298.4607679332387,1304.151611328125,1297.512294034091,1304.151611328125,2100,0.0,0.0
2025-01-30 00:00:00+09:00,1307.9454694475446,1307.9454694475446,1301.30615234375,1301.30615234375,300,0.0,0.0
2025-01-31 00:00:00+09:00,1307.9455690245697,1308.89404296875,1303.2031993036685,1308.89404296875,1800,0.0,0.0
2025-02-03 00:00:00+09:00,1308.893886310382,1315.533203125,1306.9969386490627,1315.533203125,2700,0.0,0.0
2025-02-04 00:00:00+09:00,1315.533203125,1316.4816769556596,1314.5847292943401,1315.533203125,3000,0.0,0.0
2025-02-05 00:00:00+09:00,1315.533302531362,1327.8634632616488,1315.533302531362,1323.12109375,1800,0.0,0.0
2025-02-06 00:00:00+09:00,1326.9150514439175,1333.5543690708705,1326.9150514439175,1327.863525390625,1600,0.0,0.0
2025-02-07 00:00:00+09:00,1326.914946886958,1347.7813720703125,1326.914946886958,1347.7813720703125,2600,0.0,0.0
2025-02-10 00:00:00+09:00,1350.6268413206712,1356.3176847532022,1342.090576171875,1342.090576171875,2400,0.0,0.0
2025-02-12 00:00:00+09:00,1353.4722053581186,1356.317626953125,1350.626783763112,1356.317626953125,4200,0.0,0.0
2025-02-13 00:00:00+09:00,1360.1115349023846,1361.0600087760963,1357.26611328125,1357.26611328125,900,0.0,0.0
2025-02-14 00:00:00+09:00,1364.8539191681205,1367.6993408203125,1362.0084975159284,1367.6993408203125,3200,0.0,0.0
2025-02-17 00:00:00+09:00,1375.2871672201654,1380.9780106707317,1361.06005859375,1361.06005859375,2700,0.0,0.0
2025-02-18 00:00:00+09:00,1366.7509430727023,1388.5658436213992,1366.7509430727023,1382.875,9600,0.0,0.0
2025-02-19 00:00:00+09:00,1389.5142199372592,1406.5867496020173,1376.2355857535583,1384.7718505859375,16100,0.0,0.0
2025-02-20 00:00:00+09:00,1387.6172721967305,1389.5142199372592,1378.132533494087,1384.7718505859375,2100,0.0,0.0
2025-02-21 00:00:00+09:00,1384.7718454996746,1395.2050580342611,1363.9054204305014,1365.8023681640625,14500,0.0,0.0
2025-02-25 00:00:00+09:00,1347.7814238757621,1361.06005859375,1332.605841340919,1361.06005859375,2500,0.0,0.0
2025-02-26 00:00:00+09:00,1361.0600337196877,1361.0600337196877,1332.605816986872,1359.1630859375,1500,0.0,0.0
2025-02-27 00:00:00+09:00,1359.1630485481317,1360.1115224131338,1337.3481496530812,1356.317626953125,3100,0.0,0.0
2025-02-28 00:00:00+09:00,1356.3176394075383,1422.710810567348,1351.5752700389805,1357.26611328125,18200,0.0,0.0
2025-03-03 00:00:00+09:00,1375.287037341762,1384.7717755303258,1356.3175609646344,1379.0809326171875,11400,0.0,0.0
2025-03-04 00:00:00+09:00,1350.6267816116406,1394.2565793322415,1350.6267816116406,1393.30810546875,9400,0.0,0.0
2025-03-05 00:00:00+09:00,1388.565632941721,1388.565632941721,1365.8022619098897,1376.2354736328125,2500,0.0,0.0
2025-03-06 00:00:00+09:00,1394.2566890872467,1397.1021109017104,1380.029580014928,1392.3597412109375,2800,0.0,0.0
2025-03-07 00:00:00+09:00,1379.081067104274,1389.5142801291345,1379.081067104274,1380.029541015625,1100,0.0,0.0
2025-03-10 00:00:00+09:00,1380.029601208917,1380.029601208917,1375.2872314453125,1375.2872314453125,600,0.0,0.0
2025-03-11 00:00:00+09:00,1364.8539915124632,1365.802465446801,1363.905517578125,1363.905517578125,900,0.0,0.0
2025-03-12 00:00:00+09:00,1362.957043643787,1371.4933090528295,1362.008569709449,1363.905517578125,700,0.0,0.0
2025-03-13 00:00:00+09:00,1371.4933145715365,1392.3597412109375,1363.9055230662998,1392.3597412109375,400,0.0,0.0
2025-03-14 00:00:00+09:00,1389.5142199372592,1389.5142199372592,1371.4932164022366,1384.7718505859375,1400,0.0,0.0
2025-03-17 00:00:00+09:00,1386.6688232421875,1391.4111926787202,1386.6688232421875,1386.6688232421875,1900,0.0,0.0
2025-03-18 00:00:00+09:00,1375.2871388974397,1410.3806727865467,1375.2871388974397,1396.153564453125,1500,0.0,0.0
2025-03-19 00:00:00+09:00,1384.7718034564716,1390.462646484375,1384.7718034564716,1390.462646484375,600,0.0,0.0
2025-03-21 00:00:00+09:00,1411.3291614864295,1418.9169526772168,1406.5867919921875,1406.5867919921875,3000,0.0,0.0
2025-03-24 00:00:00+09:00,1405.6383326273844,1417.02001953125,1404.689858718729,1417.02001953125,800,0.0,0.0
2025-03-25 00:00:00+09:00,1422.7109745353043,1439.7835062297281,1422.7109745353043,1425.556396484375,3100,0.0,0.0
2025-03-26 00:00:00+09:00,1426.504813788449,1451.1651363672388,1426.504813788449,1449.2681884765625,1700,0.0,0.0
2025-03-27 00:00:00+09:00,1447.3711435355392,1451.1650390625,1424.6077703737744,1451.1650390625,700,0.0,0.0
2025-03-28 00:00:00+09:00,1460.6497303644815,1470.1344688733418,1421.7623024781544,1456.8558349609375,9700,0.0,0.0
2025-03-31 00:00:00+09:00,1451.1649295101752,1452.1134033203125,1422.7107152060541,1452.1134033203125,4800,0.0,0.0
2025-04-01 00:00:00+09:00,1453.0618835126281,1453.0618835126281,1432.195459597956,1434.0924072265625,1500,0.0,0.0
2025-04-02 00:00:00+09:00,1434.0924768180491,1434.0924768180491,1404.6897871478377,1420.8138427734375,2800,0.0,0.0
2025-04-03 00:00:00+09:00,1413.226094453231,1413.226094453231,1371.4932433418605,1396.153564453125,5800,0.0,0.0
2025-04-04 00:00:00+09:00,1386.6689136773768,1386.6689136773768,1316.4818414392605,1346.8330078125,9100,0.0,0.0
2025-04-07 00:00:00+09:00,1233.9645914362006,1366.7509425515489,1233.0161174996624,1317.4302978515625,12600,0.0,0.0
2025-04-08 00:00:00+09:00,1345.8843957340016,1345.8843957340016,1288.9759646247414,1289.9244384765625,6500,0.0,0.0
2025-04-09 00:00:00+09:00,1278.5427768588156,1280.4397245989624,1243.4492436661035,1245.34619140625,5500,0.0,0.0
2025-04-10 00:00:00+09:00,1291.8215187610035,1351.5753775583187,1291.8215187610035,1346.8330078125,2600,0.0,0.0
2025-04-11 00:00:00+09:00,1261.47022130065,1326.9149169921875,1256.72785204764,1326.9149169921875,6400,0.0,0.0
2025-04-14 00:00:00+09:00,1327.8635025024414,1346.8329811096191,1315.5333414077759,1335.4512939453125,3100,0.0,0.0
2025-04-15 00:00:00+09:00,1335.4513204225352,1346.8330078125,1318.378789337588,1346.8330078125,1600,0.0,0.0
2025-04-16 00:00:00+09:00,1343.9874142576746,1343.9874142576746,1325.9664115259204,1343.0389404296875,4200,0.0,0.0
2025-04-17 00:00:00+09:00,1331.6573013630318,1343.038987699468,1331.6573013630318,1337.34814453125,400,0.0,0.0
2025-04-18 00:00:00+09:00,1338.2967072495564,1356.3177118120948,1338.2967072495564,1353.4722900390625,2200,0.0,0.0
2025-04-21 00:00:00+09:00,1366.7508420308432,1366.7508420308432,1342.0905214945476,1365.8023681640625,2400,0.0,0.0
2025-04-22 00:00:00+09:00,1365.8023681640625,1370.5447374979656,1365.8023681640625,1365.8023681640625,3500,0.0,0.0
2025-04-23 00:00:00+09:00,1375.2871714588703,1384.7719105723797,1370.5448019021155,1380.029541015625,1200,0.0,0.0
2025-04-24 00:00:00+09:00,1381.9265491143587,1387.6173928306844,1375.2872314453125,1375.2872314453125,800,0.0,0.0
2025-04-25 00:00:00+09:00,1376.2355206869051,1390.462628068231,1370.544677734375,1370.544677734375,10600,0.0,0.0
2025-04-28 00:00:00+09:00,1383.1009446605296,1383.1009446605296,1337.7058717561688,1354.1253662109375,8100,26.0,0.0
2025-04-30 00:00:00+09:00,1367.6472631263327,1367.6472631263327,1353.1594743220282,1358.95458984375,2500,0.0,0.0
2025-05-01 00:00:00+09:00,1354.1253339314749,1355.0911865234375,1354.1253339314749,1355.0911865234375,1900,0.0,0.0
2025-05-02 00:00:00+09:00,1361.8520523608802,1361.8520523608802,1338.6715918951631,1343.5008544921875,2800,0.0,0.0
2025-05-07 00:00:00+09:00,1345.4325869140625,1345.4325869140625,1326.1155361328126,1328.0472412109375,4400,0.0,0.0
2025-05-08 00:00:00+09:00,1329.013105384199,1343.500893596963,1329.013105384199,1338.671630859375,3500,0.0,0.0
2025-05-09 00:00:00+09:00,1346.3984120504022,1347.3642645698071,1342.5350019727825,1343.5008544921875,1000,0.0,0.0
2025-05-12 00:00:00+09:00,1342.5351057989749,1361.8521576809744,1312.5936753818755,1336.739990234375,17000,0.0,0.0
2025-05-13 00:00:00+09:00,1349.2960088820685,1349.2960088820685,1338.671630859375,1338.671630859375,1400,0.0,0.0
2025-05-14 00:00:00+09:00,1343.5009144612275,1343.5009144612275,1327.0814208984375,1327.0814208984375,1200,0.0,0.0
2025-05-15 00:00:00+09:00,1332.876579857975,1346.3985161753749,1332.876579857975,1336.739990234375,3300,0.0,0.0
2025-05-16 00:00:00+09:00,1344.466732424677,1346.3984375,1335.7740595857244,1346.3984375,5100,0.0,0.0
2025-05-19 00:00:00+09:00,1349.296088988392,1361.8521728515625,1349.296088988392,1361.8521728515625,2600,0.0,0.0
2025-05-20 00:00:00+09:00,1365.7155620934423,1373.4423828125,1357.9887413743845,1373.4423828125,3700,0.0,0.0
2025-05-21 00:00:00+09:00,1381.1692256346305,1395.657014714714,1380.2033730292915,1394.691162109375,6400,0.0,0.0
2025-05-22 00:00:00+09:00,1401.4520795076712,1401.4520795076712,1377.3057652501304,1388.89599609375,11600,0.0,0.0
2025-05-23 00:00:00+09:00,1388.8960004624055,1403.3837890625,1386.964295315726,1403.3837890625,11100,0.0,0.0
2025-05-26 00:00:00+09:00,1411.110511205641,1424.6324462890625,1411.110511205641,1424.6324462890625,12600,0.0,0.0
2025-05-27 00:00:00+09:00,1431.3935798413827,1435.2569903132892,1416.905790571733,1434.2911376953125,15700,0.0,0.0
2025-05-28 00:00:00+09:00,1441.0520665111158,1441.0520665111158,1413.0423413577496,1439.120361328125,14200,0.0,0.0
2025-05-29 00:00:00+09:00,1442.983698174505,1463.2666015625,1442.0178456322194,1463.2666015625,11900,0.0,0.0
2025-05-30 00:00:00+09:00,1459.4031913933582,1463.2666015625,1419.8032371596535,1463.2666015625,31700,0.0,0.0
2025-06-02 00:00:00+09:00,1363.783851440163,1363.783851440163,1319.3546324838971,1326.1156005859375,92300,0.0,0.0
2025-06-03 00:00:00+09:00,1339.6374666999368,1339.6374666999368,1313.5594482421875,1313.5594482421875,31200,0.0,0.0
2025-06-04 00:00:00+09:00,1316.4570058486042,1319.3545634550208,1313.5594482421875,1313.5594482421875,10000,0.0,0.0
2025-06-05 00:00:00+09:00,1322.2521580858522,1337.7057990861251,1316.4570427107499,1327.0814208984375,16700,0.0,0.0
2025-06-06 00:00:00+09:00,1329.013201599783,1342.535138243967,1329.013201599783,1335.774169921875,4800,0.0,0.0
2025-06-09 00:00:00+09:00,1343.500888771597,1344.4667413156455,1324.183837890625,1324.183837890625,7900,0.0,0.0
2025-06-10 00:00:00+09:00,1324.183895413926,1336.7399790320012,1324.183895413926,1326.1156005859375,3700,0.0,0.0
2025-06-11 00:00:00+09:00,1333.8423564453126,1333.8423564453126,1323.217978515625,1328.0472412109375,2300,0.0,0.0
2025-06-12 00:00:00+09:00,1328.0471768514262,1329.9788818359375,1325.1496193746596,1329.9788818359375,1600,0.0,0.0
2025-06-13 00:00:00+09:00,1324.1839347973205,1326.1156400267841,1321.286376953125,1321.286376953125,2300,0.0,0.0
2025-06-16 00:00:00+09:00,1329.0131329835767,1329.0131329835767,1323.218017578125,1323.218017578125,2000,0.0,0.0
2025-06-17 00:00:00+09:00,1324.183837890625,1324.183837890625,1320.3204277144305,1324.183837890625,1500,0.0,0.0
2025-06-18 00:00:00+09:00,1324.1839024478977,1328.047312812443,1321.2863446744886,1322.252197265625,6100,0.0,0.0
2025-06-19 00:00:00+09:00,1320.3204598753991,1329.978985551152,1316.457049605098,1323.218017578125,4900,0.0,0.0
2025-06-20 00:00:00+09:00,1324.1837922469429,1332.87646484375,1324.1837922469429,1332.87646484375,8500,0.0,0.0
2025-06-23 00:00:00+09:00,1329.9790504857112,1329.9790504857112,1319.3546717236613,1321.286376953125,7300,0.0,0.0
2025-06-24 00:00:00+09:00,1337.7057409703557,1337.7057409703557,1325.149658203125,1325.149658203125,1600,0.0,0.0
2025-06-25 00:00:00+09:00,1323.2179143901485,1329.9788818359375,1323.2179143901485,1329.9788818359375,1500,0.0,0.0
2025-06-26 00:00:00+09:00,1331.9106767762382,1331.9106767762382,1325.1497088738208,1330.94482421875,800,0.0,0.0
2025-06-27 00:00:00+09:00,1337.7057273975317,1342.5349899513135,1332.87646484375,1332.87646484375,5300,0.0,0.0
2025-06-30 00:00:00+09:00,1333.84228515625,1343.5008100306616,1332.8764326688088,1333.84228515625,4100,0.0,0.0
2025-07-01 00:00:00+09:00,1342.5350273493543,1346.3984375,1334.8082070480632,1346.3984375,2000,0.0,0.0
2025-07-02 00:00:00+09:00,1336.7398801523298,1349.295962841622,1335.7740276377688,1347.3642578125,1800,0.0,0.0
2025-07-03 00:00:00+09:00,1349.295988287537,1350.2618408203125,1342.5350205581076,1350.2618408203125,1300,0.0,0.0
2025-07-04 00:00:00+09:00,1350.261873063652,1360.8862511778868,1337.7057898377384,1349.2960205078125,4100,0.0,0.0
2025-07-07 00:00:00+09:00,1349.2960668558346,1349.2960668558346,1337.7058357876383,1340.6033935546875,400,0.0,0.0
2025-07-08 00:00:00+09:00,1340.6033222740316,1354.1252578012911,1340.6033222740316,1346.3984375,1600,0.0,0.0
2025-07-09 00:00:00+09:00,1346.398506213353,1358.95458984375,1346.398506213353,1358.95458984375,700,0.0,0.0
2025-07-10 00:00:00+09:00,1361.852115284313,1361.852115284313,1352.1935896439986,1359.92041015625,1400,0.0,0.0
2025-07-11 00:00:00+09:00,1360.8861848430338,1369.578857421875,1355.0910697904728,1369.578857421875,3600,0.0,0.0
2025-07-14 00:00:00+09:00,1371.5106084213094,1374.4081660447348,1338.6716220224894,1360.88623046875,21000,0.0,0.0
2025-07-15 00:00:00+09:00,1351.2277165802432,1371.5106201171875,1350.261864030865,1371.5106201171875,1700,0.0,0.0
2025-07-16 00:00:00+09:00,1371.510695717066,1380.203369140625,1361.8521696908895,1380.203369140625,2100,0.0,0.0
2025-07-17 00:00:00+09:00,1379.2374218335324,1380.2032743698303,1364.7496337890625,1364.7496337890625,400,0.0,0.0
2025-07-18 00:00:00+09:00,1368.6131482402427,1369.579000850151,1357.98876953125,1357.98876953125,2100,0.0,0.0
2025-07-22 00:00:00+09:00,1357.98876953125,1366.6814430204258,1356.0570643114331,1357.98876953125,5900,0.0,0.0
2025-07-23 00:00:00+09:00,1371.5106593694788,1371.5106593694788,1347.3643449439598,1366.681396484375,3400,0.0,0.0
2025-07-24 00:00:00+09:00,1369.579000850151,1369.579000850151,1357.98876953125,1357.98876953125,1300,0.0,0.0
2025-07-25 00:00:00+09:00,1364.7497306661403,1369.5789936904366,1361.8521728515625,1361.8521728515625,2200,0.0,0.0
2025-07-28 00:00:00+09:00,1374.4082928775401,1375.3741455078125,1366.6814718353614,1375.3741455078125,3500,0.0,0.0
2025-07-29 00:00:00+09:00,1375.3740303147006,1375.3740303147006,1366.681357370296,1371.5106201171875,1500,0.0,0.0
2025-07-30 00:00:00+09:00,1371.5106593694788,1371.5106593694788,1366.681396484375,1366.681396484375,600,0.0,0.0
2025-07-31 00:00:00+09:00,1371.510695717066,1380.203369140625,1371.510695717066,1380.203369140625,900,0.0,0.0
2025-08-01 00:00:00+09:00,1380.2032336485245,1389.8617587265408,1375.3739711095163,1387.9300537109375,5200,0.0,0.0
2025-08-04 00:00:00+09:00,1379.2374131566635,1390.8276435193245,1368.6130353242243,1386.9642333984375,3300,0.0,0.0
2025-08-05 00:00:00+09:00,1388.8959316677517,1390.82763671875,1380.2032589382595,1390.82763671875,2900,0.0,0.0
2025-08-06 00:00:00+09:00,1390.8277376033056,1404.3496739411157,1387.930179816632,1402.41796875,2800,0.0,0.0
2025-08-07 00:00:00+09:00,1398.5545078557227,1400.4862129770704,1371.510636156855,1396.622802734375,6500,0.0,0.0
2025-08-08 00:00:00+09:00,1392.7593095343946,1400.4861295595506,1386.9641945155274,1391.79345703125,2700,0.0,0.0
2025-08-12 00:00:00+09:00,1391.7935330515895,1400.4862060546875,1390.8276804956897,1400.4862060546875,1900,0.0,0.0
2025-08-13 00:00:00+09:00,1399.520283804557,1399.520283804557,1387.9300537109375,1387.9300537109375,12600,0.0,0.0
2025-08-14 00:00:00+09:00,1387.9300976629988,1398.5544755852627,1387.9300976629988,1397.588623046875,2200,0.0,0.0
2025-08-15 00:00:00+09:00,1400.4862706305573,1400.4862706305573,1391.7935972266434,1398.5545654296875,1400,0.0,0.0
2025-08-18 00:00:00+09:00,1398.5544987023486,1422.7008125611599,1398.5544987023486,1418.83740234375,4000,0.0,0.0
2025-08-19 00:00:00+09:00,1416.905626241393,1425.5982987950213,1415.9397737354343,1424.6324462890625,4300,0.0,0.0
2025-08-20 00:00:00+09:00,1424.6325107634027,1424.6325107634027,1418.837395465382,1422.7008056640625,1200,0.0,0.0
2025-08-21 00:00:00+09:00,1428.4958936333896,1438.1544189453125,1422.700778446236,1438.1544189453125,3700,0.0,0.0
2025-08-22 00:00:00+09:00,1438.154458099941,1442.983720887382,1423.666669737618,1433.3251953125,17700,0.0,0.0
2025-08-25 00:00:00+09:00,1428.495996884489,1442.0179332985408,1421.7350286774629,1431.3935546875,9300,0.0,0.0
2025-08-26 00:00:00+09:00,1426.5642916824813,1441.0520806975371,1424.632586480474,1431.3935546875,10400,0.0,0.0
2025-08-27 00:00:00+09:00,1439.120361328125,1442.0179191026111,1428.4959828216759,1439.120361328125,11500,0.0,0.0
2025-08-28 00:00:00+09:00,1439.1201955598156,1439.1201955598156,1411.1104736328125,1411.1104736328125,3800,0.0,0.0
2025-08-29 00:00:00+09:00,1424.6324462890625,1424.6324462890625,1403.3836911579715,1424.6324462890625,2500,0.0,0.0
2025-09-01 00:00:00+09:00,1435.2568494825143,1458.4373100394325,1424.6324717272603,1427.530029296875,13000,0.0,0.0
2025-09-02 00:00:00+09:00,1427.530036087761,1441.0519714769548,1415.939805754166,1423.6666259765625,4400,0.0,0.0
2025-09-03 00:00:00+09:00,1436.2227529849647,1439.1203106574292,1413.0422916052476,1433.3251953125,7000,0.0,0.0
2025-09-04 00:00:00+09:00,1442.983693359375,1456.50562890625,1433.32516796875,1448.77880859375,7900,0.0,0.0
2025-09-05 00:00:00+09:00,1441.0519663924722,1479.6860673681417,1441.0519663924722,1478.72021484375,8700,0.0,0.0
2025-09-08 00:00:00+09:00,1577.237213534256,1805.178415245269,1577.237213534256,1697.0029296875,103200,0.0,0.0
2025-09-09 00:00:00+09:00,1730.8079082391434,1738.5347292580682,1623.5982666015625,1623.5982666015625,35400,0.0,0.0
2025-09-10 00:00:00+09:00,1599.451828253074,1622.6322895321039,1566.6128414411146,1590.7591552734375,15700,0.0,0.0
2025-09-11 00:00:00+09:00,1607.1785782588738,1607.1785782588738,1546.3298700675823,1578.2030029296875,9800,0.0,0.0
2025-09-12 00:00:00+09:00,1559.8518668255035,1612.9737570269913,1555.9884566290316,1594.62255859375,22900,0.0,0.0
2025-09-16 00:00:00+09:00,1633.2566981043542,1637.1201083896397,1584.9640695382882,1608.14453125,6600,0.0,0.0
2025-09-17 00:00:00+09:00,1640.0176635162281,1640.9835160860257,1608.1445287129093,1626.4957275390625,30400,0.0,0.0
2025-09-18 00:00:00+09:00,1638.0859422120025,1638.0859422120025,1601.383544921875,1601.383544921875,6700,0.0,0.0
2025-09-19 00:00:00+09:00,1618.7689641950253,1635.18845846192,1608.1445855517404,1628.427490234375,6700,0.0,0.0
2025-09-22 00:00:00+09:00,1628.427453730095,1636.1542743883635,1606.212844337573,1614.905517578125,6800,0.0,0.0
2025-09-24 00:00:00+09:00,1622.632200927016,1644.8468084397073,1615.8712334231534,1640.9833984375,9800,0.0,0.0
2025-09-25 00:00:00+09:00,1640.983483560715,1640.983483560715,1617.803022345025,1627.4615478515625,2300,0.0,0.0
2025-09-26 00:00:00+09:00,1626.495695300909,1638.0859259087538,1623.5981376489476,1627.4615478515625,4700,0.0,0.0
2025-09-29 00:00:00+09:00,1592.690897023513,1617.8030639868914,1592.690897023513,1604.2811279296875,6900,0.0,0.0
2025-09-30 00:00:00+09:00,1620.700679776759,1620.700679776759,1593.6568066934756,1606.212890625,4600,0.0,0.0
2025-10-01 00:00:00+09:00,1603.3152691483795,1606.2128268637077,1547.2958199853638,1556.954345703125,11000,0.0,0.0
2025-10-02 00:00:00+09:00,1558.8860116933847,1570.4762422635956,1547.2957811231736,1561.7835693359375,2900,0.0,0.0
2025-10-03 00:00:00+09:00,1558.8859527102297,1589.7932330613621,1556.954247688284,1578.2030029296875,4700,0.0,0.0
2025-10-06 00:00:00+09:00,1581.1006319763035,1582.066484530962,1563.7152859924468,1572.407958984375,4700,0.0,0.0
2025-10-07 00:00:00+09:00,1572.4080136162067,1593.6567705569664,1572.4080136162067,1592.69091796875,3500,0.0,0.0
2025-10-08 00:00:00+09:00,1592.6908650128562,1611.0420635788018,1574.3396664469105,1605.2469482421875,6500,0.0,0.0
2025-10-09 00:00:00+09:00,1597.5201277933681,1606.21280079829,1597.5201277933681,1605.2469482421875,2000,0.0,0.0
2025-10-10 00:00:00+09:00,1605.2470380148827,1611.0421536755864,1592.6909540833585,1606.212890625,2500,0.0,0.0
2025-10-14 00:00:00+09:00,1584.964067694163,1602.3494139577188,1575.3055419921875,1575.3055419921875,4300,0.0,0.0
2025-10-15 00:00:00+09:00,1566.6128231885957,1595.5883994497904,1566.6128231885957,1583.9981689453125,1500,0.0,0.0
2025-10-16 00:00:00+09:00,1593.656682529063,1595.5883875987952,1572.4079267620089,1573.373779296875,3000,0.0,0.0
2025-10-17 00:00:00+09:00,1573.373740374823,1579.1688554406603,1571.4420353528774,1578.2030029296875,1600,0.0,0.0
2025-10-20 00:00:00+09:00,1579.1688876785681,1585.9298553933997,1574.3396250251167,1577.2371826171875,2100,0.0,0.0
2025-10-21 00:00:00+09:00,1583.0322978013292,1598.4859382923732,1567.578657310285,1577.2371826171875,2000,0.0,0.0
2025-10-22 00:00:00+09:00,1578.2031682146726,1587.8616943359375,1577.2373156025462,1587.8616943359375,3500,0.0,0.0
2025-10-23 00:00:00+09:00,1587.8615791134719,1587.8615791134719,1573.3737909828744,1583.9981689453125,1700,0.0,0.0
2025-10-24 00:00:00+09:00,1583.9980800298997,1583.9980800298997,1564.6810302734375,1564.6810302734375,3300,0.0,0.0
2025-10-27 00:00:00+09:00,1565.6470875901443,1576.2714663461538,1561.7836771334134,1569.510498046875,2400,0.0,0.0
2025-10-28 00:00:00+09:00,1573.3738184585948,1576.271376135314,1566.6128505462495,1568.5445556640625,3300,0.0,0.0
2025-10-29 00:00:00+09:00,1574.3396919950953,1577.2372497104238,1556.954345703125,1556.954345703125,4700,0.0,0.0
2025-10-30 00:00:00+09:00,1558.921430381179,1561.8720703125,1531.3821243555178,1561.8720703125,6700,29.0,0.0
2025-10-31 00:00:00+09:00,1561.8719910480738,1561.8719910480738,1550.069431921766,1551.052978515625,2300,0.0,0.0
2025-11-04 00:00:00+09:00,1540.2340522005627,1540.2340522005627,1526.4643991157557,1529.4150390625,2400,0.0,0.0
2025-11-05 00:00:00+09:00,1529.4150390625,1529.4150390625,1519.5795725733522,1529.4150390625,4200,0.0,0.0
2025-11-06 00:00:00+09:00,1507.776943897019,1529.4149691845168,1507.776943897019,1527.4478759765625,1600,0.0,0.0
2025-11-07 00:00:00+09:00,1527.447832110005,1527.447832110005,1516.6288197769659,1524.4971923828125,2100,0.0,0.0
2025-11-10 00:00:00+09:00,1527.4478929065995,1527.4478929065995,1515.645333528055,1517.6124267578125,800,0.0,0.0
2025-11-11 00:00:00+09:00,1519.5795185353497,1528.4314380607984,1490.0731201171875,1490.0731201171875,4200,0.0,0.0
2025-11-12 00:00:00+09:00,1498.9249883909617,1505.809814453125,1495.9743486500347,1505.809814453125,3400,0.0,0.0
2025-11-13 00:00:00+09:00,1512.6946417058557,1519.5794677734375,1502.8591758950242,1519.5794677734375,1500,0.0,0.0
2025-11-14 00:00:00+09:00,1514.6617278662484,1538.266845703125,1514.6617278662484,1538.266845703125,1400,0.0,0.0
2025-11-17 00:00:00+09:00,1513.6782500168374,1540.2340087890625,1513.6782500168374,1540.2340087890625,2300,0.0,0.0
2025-11-18 00:00:00+09:00,1525.4808524668408,1529.4150390625,1519.5795725733522,1529.4150390625,900,0.0,0.0
2025-11-19 00:00:00+09:00,1515.6452826205702,1533.34912109375,1515.6452826205702,1533.34912109375,900,0.0,0.0
2025-11-20 00:00:00+09:00,1534.332719924133,1534.332719924133,1530.398533462789,1531.382080078125,700,0.0,0.0
2025-11-21 00:00:00+09:00,1531.3820623924712,1532.3656089964484,1525.4807827686082,1527.4478759765625,3200,0.0,0.0
2025-11-25 00:00:00+09:00,1517.6123746112712,1526.4642938410195,1517.6123746112712,1519.5794677734375,10600,0.0,0.0
2025-11-26 00:00:00+09:00,1533.3491378005972,1533.3491378005972,1521.5465786898806,1523.513671875,2200,0.0,0.0
2025-11-27 00:00:00+09:00,1523.5136635484535,1531.3820362459278,1522.5301169612692,1528.431396484375,2400,0.0,0.0
2025-11-28 00:00:00+09:00,1528.4314924135854,1531.3821323603297,1528.4314924135854,1529.4150390625,1700,0.0,0.0
2025-12-01 00:00:00+09:00,1530.3984907500599,1542.2010498046875,1530.3984907500599,1542.2010498046875,3500,0.0,0.0
2025-12-02 00:00:00+09:00,1542.20104033034,1542.20104033034,1524.49720185716,1533.34912109375,1600,0.0,0.0
2025-12-03 00:00:00+09:00,1534.332659396979,1541.2174854327345,1534.332659396979,1538.266845703125,1800,0.0,0.0
2025-12-04 00:00:00+09:00,1534.3327114676697,1544.1681775668214,1534.3327114676697,1536.2998046875,5500,0.0,0.0
2025-12-05 00:00:00+09:00,1537.2833168652592,1543.1845963925732,1536.2997702773737,1542.2010498046875,1800,0.0,0.0
2025-12-08 00:00:00+09:00,1542.2010426512288,1560.888427734375,1542.2010426512288,1560.888427734375,3900,0.0,0.0
2025-12-09 00:00:00+09:00,1557.937779718907,1565.80615234375,1557.937779718907,1565.80615234375,2700,0.0,0.0
2025-12-10 00:00:00+09:00,1562.8555908203125,1562.8555908203125,1557.9378576836848,1562.8555908203125,1000,0.0,0.0
2025-12-11 00:00:00+09:00,1562.8555292450221,1562.8555292450221,1555.970703125,1555.970703125,1000,0.0,0.0
2025-12-12 00:00:00+09:00,1555.9707904498582,1561.8720703125,1554.003697162311,1561.8720703125,4400,0.0,0.0
2025-12-15 00:00:00+09:00,1568.7569072352046,1667.111572265625,1563.8391739836836,1667.111572265625,18100,0.0,0.0
2025-12-16 00:00:00+09:00,1553.0201234591457,1553.0201234591457,1521.5466314067755,1535.3162841796875,27100,0.0,0.0
2025-12-17 00:00:00+09:00,1547.1188787429662,1547.1188787429662,1524.4973058179262,1529.4150390625,6000,0.0,0.0
2025-12-18 00:00:00+09:00,1534.3327284350837,1534.3327284350837,1526.46435546875,1526.46435546875,800,0.0,0.0
2025-12-19 00:00:00+09:00,1533.3491556004255,1533.3491556004255,1522.5301429566766,1527.4478759765625,2700,0.0,0.0
2025-12-22 00:00:00+09:00,1527.447883615904,1527.447883615904,1500.8921251757047,1508.760498046875,6500,0.0,0.0
2025-12-23 00:00:00+09:00,1508.7604719627952,1521.5465776573951,1424.175465060057,1509.7440185546875,10500,0.0,0.0
2025-12-24 00:00:00+09:00,1516.628836337003,1519.5794760964134,1504.8262772993608,1514.6617431640625,3100,0.0,0.0
2025-12-25 00:00:00+09:00,1511.7110856374106,1513.6781787872314,1509.7439924875896,1510.7275390625,3200,0.0,0.0
2025-12-26 00:00:00+09:00,1510.7275920542634,1522.5301513671875,1508.7604988354428,1522.5301513671875,3800,0.0,0.0
2025-12-29 00:00:00+09:00,1524.4972370198827,1541.217529296875,1516.628864183651,1541.217529296875,5900,0.0,0.0
2025-12-30 00:00:00+09:00,1539.2504792593438,1541.217572523573,1530.3985595703125,1530.3985595703125,4200,0.0,0.0
2026-01-05 00:00:00+09:00,1532.3656622009082,1611.0493932510192,1532.3656622009082,1553.0201416015625,4800,0.0,0.0
2026-01-06 00:00:00+09:00,1556.9543195782285,1561.8720527417731,1554.0036796801019,1557.9378662109375,3700,0.0,0.0
2026-01-07 00:00:00+09:00,1556.9543025879518,1573.6745951615433,1554.003662722024,1567.7733154296875,1900,0.0,0.0
2026-01-08 00:00:00+09:00,1570.7239282983228,1570.7239282983228,1554.9871826171875,1554.9871826171875,1800,0.0,0.0
2026-01-09 00:00:00+09:00,1555.9707384409394,1563.839111328125,1555.9707384409394,1563.839111328125,600,0.0,0.0
2026-01-13 00:00:00+09:00,1572.6910833940096,1573.6746300377833,1525.4808444928763,1561.8720703125,5000,0.0,0.0
2026-01-14 00:00:00+09:00,1564.8226318359375,1573.6745511863608,1561.8719920524632,1564.8226318359375,3300,0.0,0.0
2026-01-15 00:00:00+09:00,1574.6581164087993,1583.5100358639393,1574.6581164087993,1582.5264892578125,3700,0.0,0.0
2026-01-16 00:00:00+09:00,1582.5264977053218,1582.5264977053218,1567.7732985346693,1577.6087646484375,1400,0.0,0.0
2026-01-19 00:00:00+09:00,1574.6581071472167,1577.6087469482422,1570.7239207458497,1573.674560546875,4400,0.0,0.0
2026-01-20 00:00:00+09:00,1573.674577437107,1573.674577437107,1563.839111328125,1563.839111328125,1400,0.0,0.0
2026-01-21 00:00:00+09:00,1563.8391636000472,1563.8391636000472,1552.0366038747638,1561.8720703125,1300,0.0,0.0
2026-01-22 00:00:00+09:00,1562.8555303205524,1573.6745428023182,1562.8555303205524,1569.7403564453125,3800,0.0,0.0
2026-01-23 00:00:00+09:00,1568.756827545166,1577.6087469482422,1567.7732809448241,1573.674560546875,2600,0.0,0.0
2026-01-26 00:00:00+09:00,1568.7568620516633,1573.6745951615433,1559.9049424538798,1567.7733154296875,2400,0.0,0.0
2026-01-27 00:00:00+09:00,1573.6745681135358,1573.6745681135358,1549.0859029867618,1554.9871826171875,3000,0.0,0.0
2026-01-28 00:00:00+09:00,1554.9872348778151,1557.9378747921944,1542.2011285821723,1553.0201416015625,2600,0.0,0.0
2026-01-29 00:00:00+09:00,1553.0201502100788,1554.003696853657,1546.135323705031,1548.1024169921875,900,0.0,0.0
2026-01-30 00:00:00+09:00,1561.8719826564475,1561.8719826564475,1545.1516906506795,1555.970703125,1800,0.0,0.0
2026-02-02 00:00:00+09:00,1555.97071148492,1567.7732706112279,1551.052978515625,1551.052978515625,2400,0.0,0.0
2026-02-03 00:00:00+09:00,1563.8390936256205,1576.6251994225597,1558.9213606267979,1559.9049072265625,3000,0.0,0.0
2026-02-04 00:00:00+09:00,1559.9049770249526,1568.7568968189153,1558.921430381179,1561.8720703125,500,0.0,0.0
2026-02-05 00:00:00+09:00,1565.8062312363536,1576.625244140625,1565.8062312363536,1576.625244140625,2300,0.0,0.0
2026-02-06 00:00:00+09:00,1566.7897343444824,1583.5100265502929,1566.7897343444824,1573.674560546875,4400,0.0,0.0
2026-02-09 00:00:00+09:00,1587.4442299896816,1721.2065690718357,1505.8098612851318,1563.839111328125,64200,0.0,0.0
2026-02-10 00:00:00+09:00,1554.0036886230776,1566.789794921875,1554.0036886230776,1566.789794921875,3300,0.0,0.0
2026-02-12 00:00:00+09:00,1575.6416890158582,1589.4113417288559,1575.6416890158582,1581.54296875,3200,0.0,0.0
2026-02-13 00:00:00+09:00,1583.5100791272293,1584.4936257602276,1565.8062397332603,1571.70751953125,5600,0.0,0.0
2026-02-16 00:00:00+09:00,1587.4442920625097,1588.427838711867,1570.7239990234375,1570.7239990234375,8200,0.0,0.0
2026-02-17 00:00:00+09:00,1577.608738561137,1581.5429249415888,1573.6745521806852,1578.59228515625,10900,0.0,0.0
2026-02-18 00:00:00+09:00,1575.6416896156848,1595.3126220703125,1575.6416896156848,1595.3126220703125,7200,0.0,0.0
2026-02-19 00:00:00+09:00,1622.85190420963,1652.3583024679867,1607.1151584718395,1651.374755859375,12000,0.0,0.0
2026-02-20 00:00:00+09:00,1651.3748004043312,1716.288878323739,1651.3748004043312,1681.86474609375,26800,0.0,0.0
2026-02-24 00:00:00+09:00,1681.8647186768883,1681.8647186768883,1654.3254133418282,1655.3089599609375,8600,0.0,0.0
2026-02-25 00:00:00+09:00,1672.0291843046007,1681.8646500946277,1663.1772650935764,1680.881103515625,14300,0.0,0.0
2026-02-26 00:00:00+09:00,1681.8647307137219,1751.6965411702565,1678.9140908352767,1733.0091552734375,17100,0.0,0.0
2026-02-27 00:00:00+09:00,1741.8610234298105,1767.4332349539072,1740.87747683273,1748.745849609375,19600,0.0,0.0
2026-03-02 00:00:00+09:00,1709.4040195301477,1748.745884191371,1690.7166338160669,1742.8446044921875,45100,0.0,0.0
2026-03-03 00:00:00+09:00,1742.8446058485242,1780.2193773057725,1736.9433261447482,1770.3839111328125,66300,0.0,0.0
2026-03-04 00:00:00+09:00,1761.5319656126371,1779.2358044630155,1756.6142325986432,1771.367431640625,21100,0.0,0.0
2026-03-05 00:00:00+09:00,1792.021989629319,1792.021989629319,1767.4333234708486,1768.4168701171875,9300,0.0,0.0
2026-03-06 00:00:00+09:00,1761.5319915771483,1771.3674577501083,1761.5319915771483,1770.3839111328125,5200,0.0,0.0
2026-03-09 00:00:00+09:00,1770.3839454222261,1771.3674920585718,1701.5356808780284,1750.7130126953125,10000,0.0,0.0
2026-03-10 00:00:00+09:00,1758.58129991199,1779.235778266661,1758.58129991199,1772.3509521484375,7000,0.0,0.0
2026-03-11 00:00:00+09:00,1772.3509874881302,1781.2029069594914,1772.3509874881302,1780.2193603515625,2600,0.0,0.0
2026-03-12 00:00:00+09:00,1753.6636618954306,1773.3345947265625,1753.6636618954306,1773.3345947265625,2500,0.0,0.0
2026-03-13 00:00:00+09:00,1773.3345509847004,1773.3345509847004,1768.4168178982204,1770.3839111328125,2300,0.0,0.0
2026-03-16 00:00:00+09:00,1770.383858971802,1772.3509521484375,1765.4661260302137,1772.3509521484375,5000,0.0,0.0
2026-03-17 00:00:00+09:00,1770.383894272272,1780.2193603515625,1770.383894272272,1780.2193603515625,1700,0.0,0.0
2026-03-18 00:00:00+09:00,1781.2028976686129,1792.0219102993997,1770.3838850378263,1771.367431640625,13700,0.0,0.0
2026-03-19 00:00:00+09:00,1771.3674241956774,1790.0548095703125,1751.6964922223772,1790.0548095703125,3200,0.0,0.0
2026-03-23 00:00:00+09:00,1787.104238656851,1787.104238656851,1764.482666015625,1764.482666015625,5900,0.0,0.0
2026-03-24 00:00:00+09:00,1768.4168178982204,1786.1206570095485,1759.5648983425563,1770.3839111328125,4000,0.0,0.0
2026-03-25 00:00:00+09:00,1759.5649503001382,1772.3510567025428,1759.5649503001382,1768.4168701171875,7700,0.0,0.0
2026-03-26 00:00:00+09:00,1777.268683994643,1777.268683994643,1731.0419943722036,1758.581298828125,26100,0.0,0.0
2026-03-27 00:00:00+09:00,1730.0584539429753,1736.9432800814636,1719.2394414396367,1726.124267578125,2200,0.0,0.0
2026-03-30 00:00:00+09:00,1686.7824885945615,1716.288887811959,1686.7824885945615,1704.486328125,2500,0.0,0.0
2026-03-31 00:00:00+09:00,1724.157186406833,1724.157186406833,1635.63799258104,1647.4405517578125,7700,0.0,0.0
2026-04-01 00:00:00+09:00,1647.4405717600368,1692.6837158203125,1647.4405717600368,1692.6837158203125,2600,0.0,0.0
2026-04-02 00:00:00+09:00,1682.8483005949054,1689.7331270730845,1649.40771484375,1649.40771484375,1600,0.0,0.0
2026-04-03 00:00:00+09:00,1653.341884785719,1673.0128173828125,1652.3583381558642,1673.0128173828125,600,0.0,0.0
2026-04-06 00:00:00+09:00,1676.9470137584058,1721.2066123620002,1676.9470137584058,1709.404052734375,2100,0.0,0.0
2026-04-07 00:00:00+09:00,1720.222996372768,1721.20654296875,1707.4368906250002,1721.20654296875,1500,0.0,0.0
2026-04-08 00:00:00+09:00,1726.1243451111832,1726.1243451111832,1685.7989330601526,1695.6343994140625,5400,0.0,0.0
2026-04-09 00:00:00+09:00,1694.650765149224,1705.4697775790798,1686.7823924729653,1689.7330322265625,2500,0.0,0.0
2026-04-10 00:00:00+09:00,1701.5355889134153,1701.5355889134153,1662.1937255859375,1662.1937255859375,3800,0.0,0.0
2026-04-13 00:00:00+09:00,1642.522813396033,1693.667236328125,1633.6708940424016,1693.667236328125,4100,0.0,0.0
2026-04-14 00:00:00+09:00,1683.8318138586956,1696.617919921875,1682.848267238451,1696.617919921875,900,0.0,0.0
2026-04-15 00:00:00+09:00,1697.6015009278776,1709.404060609879,1676.947021484375,1676.947021484375,1600,0.0,0.0
2026-04-16 00:00:00+09:00,1693.667226921656,1696.6178666898122,1678.9140280808751,1684.8153076171875,5700,0.0,0.0
2026-04-17 00:00:00+09:00,1688.7494761476466,1688.7494761476466,1676.946917199614,1680.881103515625,2000,0.0,0.0
2026-04-20 00:00:00+09:00,1678.9141140359459,1683.8318472346452,1649.40771484375,1649.40771484375,11900,0.0,0.0
2026-04-21 00:00:00+09:00,1669.0785445675924,1680.881103515625,1669.0785445675924,1680.881103515625,1100,0.0,0.0
2026-04-22 00:00:00+09:00,1680.8812160948248,1680.8812160948248,1644.489990234375,1644.489990234375,2600,0.0,0.0
2026-04-23 00:00:00+09:00,1656.2925059213974,1667.1115187272974,1632.6873870721613,1641.539306640625,2400,0.0,0.0
2026-04-24 00:00:00+09:00,1647.4405678021842,1647.4405678021842,1623.83544921875,1623.83544921875,2700,0.0,0.0
2026-04-27 00:00:00+09:00,1627.7696526508225,1637.6051188299816,1614.0,1614.0,3300,0.0,0.0
2026-04-28 00:00:00+09:00,1602.0,1620.0,1602.0,1610.0,2900,27.0,0.0
2026-04-30 00:00:00+09:00,1626.0,1626.0,1585.0,1596.0,2300,0.0,0.0
2026-05-01 00:00:00+09:00,1589.0,1596.0,1575.0,1594.0,4800,0.0,0.0
2026-05-07 00:00:00+09:00,1606.0,1621.0,1599.0,1607.0,2300,0.0,0.0
2026-05-08 00:00:00+09:00,1600.0,1627.0,1598.0,1608.0,6600,0.0,0.0
2026-05-11 00:00:00+09:00,1609.0,1638.0,1609.0,1625.0,2100,0.0,0.0
2026-05-12 00:00:00+09:00,1620.0,1690.0,1616.0,1688.0,6800,0.0,0.0
2026-05-13 00:00:00+09:00,1693.0,1700.0,1656.0,1671.0,3200,0.0,0.0
2026-05-14 00:00:00+09:00,1664.0,1677.0,1662.0,1662.0,900,0.0,0.0
2026-05-15 00:00:00+09:00,1662.0,1663.0,1631.0,1641.0,3800,0.0,0.0
2026-05-18 00:00:00+09:00,1641.0,1673.0,1601.0,1637.0,3800,0.0,0.0
2026-05-19 00:00:00+09:00,1637.0,1657.0,1637.0,1647.0,1300,0.0,0.0
2026-05-20 00:00:00+09:00,1660.0,1670.0,1617.0,1630.0,1400,0.0,0.0
2026-05-21 00:00:00+09:00,1650.0,1669.0,1645.0,1669.0,1800,0.0,0.0
2026-05-22 00:00:00+09:00,1669.0,1690.0,1639.0,1659.0,6600,0.0,0.0
2026-05-25 00:00:00+09:00,1660.0,1660.0,1635.0,1641.0,1600,0.0,0.0
2026-05-26 00:00:00+09:00,1636.0,1665.0,1636.0,1665.0,3000,0.0,0.0
2026-05-27 00:00:00+09:00,1674.0,1674.0,1662.0,1668.0,1400,0.0,0.0
2026-05-28 00:00:00+09:00,1673.0,1680.0,1668.0,1680.0,2000,0.0,0.0
2026-05-29 00:00:00+09:00,1690.0,1747.0,1674.0,1738.0,13100,0.0,0.0
2026-06-01 00:00:00+09:00,2018.0,2018.0,1803.0,1856.0,54200,0.0,0.0
2026-06-02 00:00:00+09:00,1855.0,1855.0,1739.0,1800.0,18500,0.0,0.0
2026-06-03 00:00:00+09:00,1774.0,1779.0,1751.0,1761.0,4900,0.0,0.0
2026-06-04 00:00:00+09:00,1741.0,1755.0,1741.0,1742.0,2800,0.0,0.0
2026-06-05 00:00:00+09:00,1731.0,1742.0,1731.0,1741.0,4300,0.0,0.0
2026-06-08 00:00:00+09:00,1721.0,1721.0,1704.0,1718.0,4400,0.0,0.0
2026-06-09 00:00:00+09:00,1720.0,1740.0,1719.0,1724.0,700,0.0,0.0
2026-06-10 00:00:00+09:00,1701.0,1732.0,1682.0,1732.0,6100,0.0,0.0
2026-06-11 00:00:00+09:00,1719.0,1729.0,1662.0,1729.0,5500,0.0,0.0
2026-06-12 00:00:00+09:00,1731.0,1732.0,1718.0,1719.0,2600,0.0,0.0
2026-06-15 00:00:00+09:00,1740.0,1750.0,1735.0,1735.0,1900,0.0,0.0
2026-06-16 00:00:00+09:00,1733.0,1745.0,1711.0,1716.0,2200,0.0,0.0
2026-06-17 00:00:00+09:00,1725.0,1750.0,1725.0,1750.0,1400,0.0,0.0
2026-06-18 00:00:00+09:00,1750.0,1766.0,1750.0,1766.0,3400,0.0,0.0
2026-06-19 00:00:00+09:00,1766.0,1769.0,1751.0,1769.0,1900,0.0,0.0
2026-06-22 00:00:00+09:00,1769.0,1778.0,1750.0,1750.0,5500,0.0,0.0
2026-06-23 00:00:00+09:00,1735.0,1788.0,1735.0,1788.0,5800,0.0,0.0
2026-06-24 00:00:00+09:00,1767.0,1767.0,1750.0,1750.0,800,0.0,0.0
2026-06-25 00:00:00+09:00,1760.0,1786.0,1755.0,1776.0,1400,0.0,0.0
2026-06-26 00:00:00+09:00,1776.0,1778.0,1763.0,1777.0,500,0.0,0.0
