Date,Open,High,Low,Close,Volume,Dividends,Stock Splits
2000-01-04 00:00:00+09:00,51.21935593698755,52.125000371753416,50.41433354346509,50.6155891418457,10935000,0.0,0.0
2000-01-05 00:00:00+09:00,48.60305267945199,49.50870117354795,48.30117112763074,49.30744552612305,26015000,0.0,0.0
2000-01-06 00:00:00+09:00,48.804295256897646,48.904921134346,45.081080211841076,45.78547286987305,30450000,0.0,0.0
2000-01-07 00:00:00+09:00,45.282336148348726,45.48359174340096,43.772924943403765,44.27606201171875,30185000,0.0,0.0
2000-01-10 00:00:00+09:00,44.27606201171875,44.27606201171875,44.27606201171875,44.27606201171875,0,0.0,0.0
2000-01-11 00:00:00+09:00,48.30116092106621,49.81057219984954,47.29488673521067,48.40178680419922,27745000,0.0,0.0
2000-01-12 00:00:00+09:00,48.20052877149325,51.52123238537324,47.496136165244565,51.319976806640625,39610000,0.0,0.0
2000-01-13 00:00:00+09:00,50.213089965217804,50.31371586148803,48.80430438564339,49.10618591308594,17175000,0.0,0.0
2000-01-14 00:00:00+09:00,50.011834334045474,50.213089965217804,47.999285699585954,49.10618591308594,22160000,0.0,0.0
2000-01-17 00:00:00+09:00,50.11244605539396,50.31370162963867,49.70993874553533,50.31370162963867,22500000,0.0,0.0
2000-01-18 00:00:00+09:00,49.8105827253692,49.911208629765554,49.00556397430179,49.30744552612305,8000000,0.0,0.0
2000-01-19 00:00:00+09:00,49.307417346585176,49.81055425828502,46.28859587638608,46.79173278808594,16520000,0.0,0.0
2000-01-20 00:00:00+09:00,46.48987946367055,46.79176102513853,45.58423094063429,46.28862380981445,20310000,0.0,0.0
2000-01-21 00:00:00+09:00,45.78548583984375,46.5905046033673,44.9804670763202,45.2823486328125,17815000,0.0,0.0
2000-01-24 00:00:00+09:00,44.57794614612563,45.08108324447611,42.26351626143975,43.06853485107422,39830000,0.0,0.0
2000-01-25 00:00:00+09:00,42.06226420975171,43.97418688054432,41.96163831702862,42.86728286743164,30490000,0.0,0.0
2000-01-26 00:00:00+09:00,43.26977745260666,44.87981414794922,42.162877704387434,44.87981414794922,23355000,0.0,0.0
2000-01-27 00:00:00+09:00,45.38295109507255,45.68483633425077,44.47730689342871,44.87981414794922,25250000,0.0,0.0
2000-01-28 00:00:00+09:00,45.382949360725185,46.5904787554005,44.98044212158683,46.48985290527344,26040000,0.0,0.0
2000-01-31 00:00:00+09:00,45.98671137424108,46.38921857308962,45.28231897796895,45.88608169555664,21635000,0.0,0.0
2000-02-01 00:00:00+09:00,46.08734979852273,46.89236825466118,45.181705474853516,45.181705474853516,29395000,0.0,0.0
2000-02-02 00:00:00+09:00,45.584211932467376,46.892367379095575,44.47731205577369,46.08734893798828,22420000,0.0,0.0
2000-02-03 00:00:00+09:00,46.5905046033673,46.5905046033673,45.18172272685915,45.2823486328125,14980000,0.0,0.0
2000-02-04 00:00:00+09:00,45.78548032723535,46.187991579850575,45.1817172869443,45.584224700927734,15410000,0.0,0.0
2000-02-07 00:00:00+09:00,46.0873511723387,48.09989929199219,44.57794008259858,48.09989929199219,28885000,0.0,0.0
2000-02-08 00:00:00+09:00,48.60303721488601,49.40805570981178,46.89237051402439,48.9049186706543,50485000,0.0,0.0
2000-02-09 00:00:00+09:00,48.90492231355738,50.6155891418457,48.20053347717212,50.6155891418457,40400000,0.0,0.0
2000-02-10 00:00:00+09:00,53.63441635966948,55.948846349785754,52.125004995859086,55.445709228515625,163955000,0.0,0.0
2000-02-11 00:00:00+09:00,55.445709228515625,55.445709228515625,55.445709228515625,55.445709228515625,0,0.0,0.0
2000-02-14 00:00:00+09:00,56.45197896873952,57.76013845061514,55.848216006821,56.75386428833008,96155000,0.0,0.0
2000-02-15 00:00:00+09:00,57.357611807800964,57.65949320748439,54.741301225704255,55.24443817138672,65330000,0.0,0.0
2000-02-16 00:00:00+09:00,54.23817195954807,54.64067926990647,52.82938677671663,53.73503494262695,27945000,0.0,0.0
2000-02-17 00:00:00+09:00,53.7350552463904,55.3450927734375,52.628151087742296,55.3450927734375,30515000,0.0,0.0
2000-02-18 00:00:00+09:00,56.3513376580981,56.3513376580981,54.23816403137152,55.043182373046875,41070000,0.0,0.0
2000-02-21 00:00:00+09:00,54.03693323563025,56.25073756814973,53.63442196112416,55.54634475708008,33400000,0.0,0.0
2000-02-22 00:00:00+09:00,55.546350952197926,55.546350952197926,53.332546372771496,53.5338020324707,24415000,0.0,0.0
2000-02-23 00:00:00+09:00,54.33880595861393,55.34508014303271,53.835668866404546,54.137550354003906,35195000,0.0,0.0
2000-02-24 00:00:00+09:00,55.345078731753006,57.357627049271294,54.84194165237343,56.552608489990234,62230000,0.0,0.0
2000-02-25 00:00:00+09:00,56.85447540893656,58.26326040584905,56.451964313067194,57.15635681152344,58685000,0.0,0.0
2000-02-28 00:00:00+09:00,57.76013691945255,59.67205547393237,57.65950720271285,58.9676628112793,107005000,0.0,0.0
2000-02-29 00:00:00+09:00,58.96766422585934,60.37644958496094,58.06201978526369,60.37644958496094,72005000,0.0,0.0
2000-03-01 00:00:00+09:00,61.0808354649079,62.69087240582279,60.57769844104314,61.181461334228516,101895000,0.0,0.0
2000-03-02 00:00:00+09:00,62.187721252441406,62.892113693534995,61.08082158688718,62.187721252441406,78940000,0.0,0.0
2000-03-03 00:00:00+09:00,61.8858411740034,61.986467022574146,58.86701965332031,58.86701965332031,32735000,0.0,0.0
2000-03-06 00:00:00+09:00,60.175209193211046,60.57772049428895,54.94258147235959,55.3450927734375,35945000,0.0,0.0
2000-03-07 00:00:00+09:00,54.3387898845946,56.049456259798625,53.9362787944418,55.043182373046875,23555000,0.0,0.0
2000-03-08 00:00:00+09:00,55.948847611085974,55.948847611085974,54.54006594294926,54.7413215637207,14380000,0.0,0.0
2000-03-09 00:00:00+09:00,54.94256278533471,55.04319249569421,53.63440725970882,53.835662841796875,17525000,0.0,0.0
2000-03-10 00:00:00+09:00,54.84194745479058,55.24445869633346,53.835673189565064,54.7413215637207,28925000,0.0,0.0
2000-03-13 00:00:00+09:00,54.3388003595754,54.3388003595754,51.82311515774321,52.52750778198242,29985000,0.0,0.0
2000-03-14 00:00:00+09:00,51.42060512585341,52.6281348171328,51.31997925100975,51.823116302490234,25715000,0.0,0.0
2000-03-15 00:00:00+09:00,51.823120497567,54.137550354003906,50.917472196137545,54.137550354003906,30325000,0.0,0.0
2000-03-16 00:00:00+09:00,54.13755291801319,55.546338378373534,52.93002307179455,54.84194564819336,23585000,0.0,0.0
2000-03-17 00:00:00+09:00,56.04946362429135,56.854482071740286,55.747582186326845,56.35134506225586,31455000,0.0,0.0
2000-03-20 00:00:00+09:00,56.35134506225586,56.35134506225586,56.35134506225586,56.35134506225586,0,0.0,0.0
2000-03-21 00:00:00+09:00,56.351367187499996,56.451993093453346,55.3450927734375,55.3450927734375,14885000,0.0,0.0
2000-03-22 00:00:00+09:00,54.84193739994184,54.84193739994184,52.52750778198242,52.52750778198242,19235000,0.0,0.0
2000-03-23 00:00:00+09:00,52.829367500001226,54.841914833334606,52.829367500001226,54.64065933227539,11930000,0.0,0.0
2000-03-24 00:00:00+09:00,54.03692366161032,54.84194222936091,52.628138289073284,53.3325309753418,11395000,0.0,0.0
2000-03-27 00:00:00+09:00,55.34507186132219,55.34507186132219,52.32624975979552,53.73503494262695,13320000,0.0,0.0
2000-03-28 00:00:00+09:00,53.73503940268065,54.74131352004447,53.03064675279975,54.338802337646484,7900000,0.0,0.0
2000-03-29 00:00:00+09:00,55.143815471767084,56.65322650022036,55.043189605322496,56.35134506225586,14660000,0.0,0.0
2000-03-30 00:00:00+09:00,56.55260242531104,57.35762089826223,55.54632837446434,56.2507209777832,16160000,0.0,0.0
2000-03-31 00:00:00+09:00,55.948826567945304,56.3513376580981,55.04318237304687,55.043182373046875,8350000,0.0,0.0
2000-04-03 00:00:00+09:00,55.04318262538768,56.049456516752606,54.238164280021785,55.24443817138672,15390000,0.0,0.0
2000-04-04 00:00:00+09:00,54.439440671504336,56.95512654058738,54.439440671504336,55.54634475708008,18805000,0.0,0.0
2000-04-05 00:00:00+09:00,54.84192035434483,56.955093731629134,54.84192035434483,55.84819412231445,14765000,0.0,0.0
2000-04-06 00:00:00+09:00,56.049456516752606,56.65321931611946,54.540045679705216,55.24443817138672,9890000,0.0,0.0
2000-04-07 00:00:00+09:00,54.84193349376293,55.14381492875475,53.634403915164945,54.2381706237793,13395000,0.0,0.0
2000-04-10 00:00:00+09:00,54.338819587378076,55.14383836909424,53.83568236897642,54.43944549560547,11470000,0.0,0.0
2000-04-11 00:00:00+09:00,54.23817195954807,54.23817195954807,53.33252379363774,53.73503494262695,10160000,0.0,0.0
2000-04-12 00:00:00+09:00,54.036902107695084,55.84819412231446,53.43313554373543,55.84819412231445,12800000,0.0,0.0
2000-04-13 00:00:00+09:00,55.8481885000013,55.8481885000013,53.936266997882825,54.64065933227539,15605000,0.0,0.0
2000-04-14 00:00:00+09:00,53.63442794300409,54.6407024028677,53.332546372771496,53.5338020324707,19110000,0.0,0.0
2000-04-17 00:00:00+09:00,48.5024093282529,49.60930923297857,47.294879716696194,48.804290771484375,44210000,0.0,0.0
2000-04-18 00:00:00+09:00,49.30742573360015,50.213073864159355,46.79174074719198,48.70366287231445,32170000,0.0,0.0
2000-04-19 00:00:00+09:00,49.7099462524792,52.62813908451044,49.30743504320456,52.22563171386719,29705000,0.0,0.0
2000-04-20 00:00:00+09:00,52.02436941288932,52.02436941288932,49.81056572409237,51.319976806640625,16420000,0.0,0.0
2000-04-21 00:00:00+09:00,50.31371514002482,51.21936354799799,48.30116653442383,48.30116653442383,27830000,0.0,0.0
2000-04-24 00:00:00+09:00,50.21305936505375,51.82309575600199,49.810548348001916,50.81682205200195,21560000,0.0,0.0
2000-04-25 00:00:00+09:00,51.52121441252789,51.52121441252789,50.313685200001935,50.81682205200195,13320000,0.0,0.0
2000-04-26 00:00:00+09:00,51.823114515588884,52.326251549720816,50.81684044732502,51.92374038696289,17560000,0.0,0.0
2000-04-27 00:00:00+09:00,51.420607696736894,51.823118893498126,50.6155891418457,50.6155891418457,11630000,0.0,0.0
2000-04-28 00:00:00+09:00,50.91747062010099,51.420607696736894,50.6155891418457,50.6155891418457,9505000,0.0,0.0
2000-05-01 00:00:00+09:00,51.621859783835326,52.82938945335244,51.21935245308362,52.728763580322266,15090000,0.0,0.0
2000-05-02 00:00:00+09:00,53.2319026643122,54.03692119532109,52.82939147949219,52.82939147949219,19440000,0.0,0.0
2000-05-03 00:00:00+09:00,52.82939147949219,52.82939147949219,52.82939147949219,52.82939147949219,0,0.0,0.0
2000-05-04 00:00:00+09:00,52.82939147949219,52.82939147949219,52.82939147949219,52.82939147949219,0,0.0,0.0
2000-05-05 00:00:00+09:00,52.82939147949219,52.82939147949219,52.82939147949219,52.82939147949219,0,0.0,0.0
2000-05-08 00:00:00+09:00,53.63441306914902,54.540061367325535,53.33253158263396,53.93629455566406,13600000,0.0,0.0
2000-05-09 00:00:00+09:00,53.93629455566407,53.93629455566407,53.93629455566407,53.93629455566406,0,0.0,0.0
2000-05-10 00:00:00+09:00,52.82938547564319,54.2381706237793,52.22562260565955,54.2381706237793,14915000,0.0,0.0
2000-05-11 00:00:00+09:00,53.03064369396253,53.33252514403276,51.31997702539002,51.52123260498047,16050000,0.0,0.0
2000-05-12 00:00:00+09:00,51.8231140550507,52.22562521423161,50.816839995729325,51.52123260498047,17720000,0.0,0.0
2000-05-15 00:00:00+09:00,52.0243729484833,52.82939147949219,51.521235886773844,52.82939147949219,11825000,0.0,0.0
2000-05-16 00:00:00+09:00,51.82313005740826,52.42689314398348,51.82313005740826,52.32626724243164,7260000,0.0,0.0
2000-05-17 00:00:00+09:00,52.728763365855194,53.231900406221634,52.12499661423688,52.52750778198242,9185000,0.0,0.0
2000-05-18 00:00:00+09:00,51.8230980951261,52.527490487445995,50.91745018519628,52.42686080932617,14775000,0.0,0.0
2000-05-19 00:00:00+09:00,52.7287622438923,52.7287622438923,51.219351154910235,51.52123260498047,11060000,0.0,0.0
2000-05-22 00:00:00+09:00,50.71621297633506,50.816838844535276,48.099898178190394,48.804290771484375,26240000,0.0,0.0
2000-05-23 00:00:00+09:00,47.79802282857463,49.106178475104095,46.38923746238517,47.395511627197266,27695000,0.0,0.0
2000-05-24 00:00:00+09:00,46.79174866376253,47.395511627197266,45.98673009963911,47.395511627197266,17150000,0.0,0.0
2000-05-25 00:00:00+09:00,48.30115236925367,48.30115236925367,46.99299692697919,47.59675979614258,11485000,0.0,0.0
2000-05-26 00:00:00+09:00,46.28861340740105,46.28861340740105,44.98045770926601,45.382965087890625,30725000,0.0,0.0
2000-05-29 00:00:00+09:00,44.98045931648433,46.08735944554251,44.577948084845936,45.081085205078125,18675000,0.0,0.0
2000-05-30 00:00:00+09:00,45.081085205078125,45.081085205078125,45.081085205078125,45.081085205078125,0,0.0,0.0
2000-05-31 00:00:00+09:00,45.584215093627186,45.684844804888236,42.86727430767463,43.77292251586914,32540000,0.0,0.0
2000-06-01 00:00:00+09:00,44.07479778084563,44.9804458618164,43.370405255493964,44.980445861816406,23070000,0.0,0.0
2000-06-02 00:00:00+09:00,45.38295946120983,46.1879817959135,45.181707716164894,45.48358917236328,20475000,0.0,0.0
2000-06-05 00:00:00+09:00,47.19426103991311,48.90492409177095,46.79174982851632,48.60304260253906,49485000,0.0,0.0
2000-06-06 00:00:00+09:00,48.603029107339914,50.31369552284263,47.7980107467005,50.01181411743164,61920000,0.0,0.0
2000-06-07 00:00:00+09:00,49.50868744424218,49.70994303585668,48.60303920129248,49.005550384521484,26575000,0.0,0.0
2000-06-08 00:00:00+09:00,49.00556286899638,49.40807031613555,47.898658752441406,47.898658752441406,15965000,0.0,0.0
2000-06-09 00:00:00+09:00,47.89864123072427,48.80428937310006,47.49613393082558,47.59675979614258,18920000,0.0,0.0
2000-06-12 00:00:00+09:00,47.496136391548504,48.50241045137525,47.496136391548504,48.09989929199219,7930000,0.0,0.0
2000-06-13 00:00:00+09:00,47.395486667881066,47.59674216258498,46.791724022398604,47.29486083984375,19340000,0.0,0.0
2000-06-14 00:00:00+09:00,47.29488352090694,48.40178351466721,46.99300205339334,47.0936279296875,18490000,0.0,0.0
2000-06-15 00:00:00+09:00,47.29487851896458,47.29487851896458,46.087348937988274,46.08734893798828,15665000,0.0,0.0
2000-06-16 00:00:00+09:00,46.28860766843597,46.59048912463436,44.67857067629059,45.48358917236328,19810000,0.0,0.0
2000-06-19 00:00:00+09:00,45.98673629760742,46.187991925420796,45.282343519576536,45.98673629760742,9985000,0.0,0.0
2000-06-20 00:00:00+09:00,46.99297951710252,48.09987898003013,46.69109819436129,47.29486083984375,23445000,0.0,0.0
2000-06-21 00:00:00+09:00,47.79802670830786,49.50869369506836,47.49614520208697,49.50869369506836,28825000,0.0,0.0
2000-06-22 00:00:00+09:00,49.60931129320096,49.60931129320096,48.5024113425069,48.9049186706543,16540000,0.0,0.0
2000-06-23 00:00:00+09:00,48.200528322505335,49.20680236816406,47.89864303790304,49.20680236816406,21640000,0.0,0.0
2000-06-26 00:00:00+09:00,48.70367779099676,49.005559314110535,48.30116653442383,48.30116653442383,11225000,0.0,0.0
2000-06-27 00:00:00+09:00,49.106182461019436,49.91120109048566,48.80430095479855,49.50869369506836,35415000,0.0,0.0
2000-06-28 00:00:00+09:00,50.31370922775976,52.82939468914775,50.2130833447568,52.22563171386719,101275000,0.0,0.0
2000-06-29 00:00:00+09:00,53.83566284179687,53.93628871352542,53.03064435207563,53.835662841796875,71090000,0.0,0.0
2000-06-30 00:00:00+09:00,53.83566284179687,54.33879987770151,53.13127022380418,53.835662841796875,30850000,0.0,0.0
2000-07-03 00:00:00+09:00,54.54007400991395,55.948855886422095,54.338818359375,55.3450927734375,79650000,0.0,0.0
2000-07-04 00:00:00+09:00,55.3450927734375,55.3450927734375,54.13756270883604,55.3450927734375,20040000,0.0,0.0
2000-07-05 00:00:00+09:00,54.74129350389577,54.841919343385875,52.42686080932617,52.42686080932617,21325000,0.0,0.0
2000-07-06 00:00:00+09:00,53.13125404543387,53.83564644894035,52.728746842451436,53.0306282043457,14450000,0.0,0.0
2000-07-07 00:00:00+09:00,53.33250956623998,54.54003885244684,53.03062820434571,53.0306282043457,21140000,0.0,0.0
2000-07-10 00:00:00+09:00,53.332546372771496,54.33882083263511,53.030664802538894,53.5338020324707,17530000,0.0,0.0
2000-07-11 00:00:00+09:00,53.53378160221856,54.540055678054884,53.43315189145635,54.03691864013672,14705000,0.0,0.0
2000-07-12 00:00:00+09:00,54.03692447101458,54.33880595861393,53.533787378805194,54.137550354003906,11060000,0.0,0.0
2000-07-13 00:00:00+09:00,53.735037446588066,53.83566331920896,51.82311515774321,52.52750778198242,19915000,0.0,0.0
2000-07-14 00:00:00+09:00,51.8231140550507,52.32625108471139,51.31997702539002,51.52123260498047,12350000,0.0,0.0
2000-07-17 00:00:00+09:00,52.32626708522292,53.33254145224644,52.125011444091804,52.1250114440918,9785000,0.0,0.0
2000-07-18 00:00:00+09:00,52.32624464277693,52.32624464277693,50.61557818480622,51.018089294433594,17880000,0.0,0.0
2000-07-19 00:00:00+09:00,52.32624464277693,52.32624464277693,50.61557818480622,51.018089294433594,17880000,0.0,0.0
2000-07-20 00:00:00+09:00,51.018089294433594,51.018089294433594,51.018089294433594,51.018089294433594,0,0.0,0.0
2000-07-21 00:00:00+09:00,50.81686425898571,51.32000152887666,50.61560858330279,51.21937561035156,10505000,0.0,0.0
2000-07-24 00:00:00+09:00,50.6155891418457,50.6155891418457,49.810570586954505,50.6155891418457,8990000,0.0,0.0
2000-07-25 00:00:00+09:00,49.91119766235351,49.91119766235351,48.90492348497839,49.911197662353516,12230000,0.0,0.0
2000-07-26 00:00:00+09:00,49.810568912348366,49.810568912348366,48.80429479290699,49.005550384521484,13285000,0.0,0.0
2000-07-27 00:00:00+09:00,48.80430385693588,49.00555948592796,48.30116670377159,48.50242233276367,9380000,0.0,0.0
2000-07-28 00:00:00+09:00,47.999270934671976,48.30115236925367,46.288604353868095,47.59675979614258,18240000,0.0,0.0
2000-07-31 00:00:00+09:00,47.59675261119156,47.59675261119156,45.88608628862072,46.48985290527344,11580000,0.0,0.0
2000-08-01 00:00:00+09:00,47.496116334547665,48.9048971202165,47.29486083984375,47.29486083984375,13430000,0.0,0.0
2000-08-02 00:00:00+09:00,47.99928283691406,48.5024199655219,47.395515979405666,47.99928283691406,12975000,0.0,0.0
2000-08-03 00:00:00+09:00,48.60304533777409,49.50869369506836,48.401789720749626,49.50869369506836,17905000,0.0,0.0
2000-08-04 00:00:00+09:00,49.81057197521195,50.112453461880904,47.59676800858737,48.20053482055664,22935000,0.0,0.0
2000-08-07 00:00:00+09:00,47.999272309990175,49.10617221471585,47.49613529172745,48.804290771484375,14535000,0.0,0.0
2000-08-08 00:00:00+09:00,49.20680306098015,49.20680306098015,47.798017841770346,48.09989929199219,8075000,0.0,0.0
2000-08-09 00:00:00+09:00,49.10617266041968,49.609309683249045,48.401780060732406,49.20680236816406,12125000,0.0,0.0
2000-08-10 00:00:00+09:00,49.50869663909225,49.60932253427237,48.401792598951715,48.50242233276367,15415000,0.0,0.0
2000-08-11 00:00:00+09:00,48.30113636363637,49.810546875,47.999255029089525,49.810546875,15665000,0.0,0.0
2000-08-14 00:00:00+09:00,49.3074277897471,49.50868336477835,48.5024093282529,48.804290771484375,4650000,0.0,0.0
2000-08-15 00:00:00+09:00,49.20679986959609,49.30742573360015,48.30115173903688,48.70366287231445,5175000,0.0,0.0
2000-08-16 00:00:00+09:00,48.80429779389454,48.90492367657374,48.09990509924608,48.20053482055664,7490000,0.0,0.0
2000-08-17 00:00:00+09:00,48.50241045137525,48.60303632190556,47.89864371230066,48.09989929199219,4935000,0.0,0.0
2000-08-18 00:00:00+09:00,48.5023965582276,48.5023965582276,47.194241422890244,47.798004150390625,9985000,0.0,0.0
2000-08-21 00:00:00+09:00,47.59676498842055,47.798020579639996,46.79174646217389,47.0936279296875,6070000,0.0,0.0
2000-08-22 00:00:00+09:00,47.797997657288896,47.797997657288896,46.89234985043592,47.29486083984375,11425000,0.0,0.0
2000-08-23 00:00:00+09:00,47.79801871996024,49.30742983743267,47.79801871996024,48.9049186706543,15560000,0.0,0.0
2000-08-24 00:00:00+09:00,48.70367558469137,48.70367558469137,47.7980272177446,47.99928283691406,8275000,0.0,0.0
2000-08-25 00:00:00+09:00,49.10618520893785,49.30744083722432,47.99928501131004,48.30116653442383,9120000,0.0,0.0
2000-08-28 00:00:00+09:00,48.70366490328416,49.40805365794732,48.30115375322165,48.804290771484375,7765000,0.0,0.0
2000-08-29 00:00:00+09:00,48.401786585915026,48.50241630722559,47.59676800858737,48.20053482055664,8710000,0.0,0.0
2000-08-30 00:00:00+09:00,47.999278429263306,48.099904310292,47.0936301454799,47.395511627197266,7575000,0.0,0.0
2000-08-31 00:00:00+09:00,47.797997657288896,48.200508646696726,47.29486083984375,47.29486083984375,9495000,0.0,0.0
2000-09-01 00:00:00+09:00,47.798033928384584,49.30744552612305,47.39552263353478,49.30744552612305,24010000,0.0,0.0
2000-09-04 00:00:00+09:00,49.3074282372776,50.313702282936326,49.00554679130615,49.20680236816406,21275000,0.0,0.0
2000-09-05 00:00:00+09:00,49.30744552612305,49.6093270779443,48.904934231273245,49.30744552612305,15050000,0.0,0.0
2000-09-06 00:00:00+09:00,48.804303685824074,49.50869646551079,48.30116653442383,48.30116653442383,12695000,0.0,0.0
2000-09-07 00:00:00+09:00,49.20680172923895,50.51495720388339,48.804290580749516,50.31370162963867,30680000,0.0,0.0
2000-09-08 00:00:00+09:00,50.615583071690345,50.615583071690345,49.408053464852856,50.31370162963867,28280000,0.0,0.0
2000-09-11 00:00:00+09:00,50.41432137843618,51.31996943329948,49.8105585676142,50.01181411743164,21070000,0.0,0.0
2000-09-12 00:00:00+09:00,49.508685420821855,49.810566876590144,48.9049186706543,48.9049186706543,7705000,0.0,0.0
2000-09-13 00:00:00+09:00,48.804303685824074,49.206814942397,48.09991090613736,48.30116653442383,8475000,0.0,0.0
2000-09-14 00:00:00+09:00,48.603022399934396,48.703652080271,47.798004150390625,47.798004150390625,9300000,0.0,0.0
2000-09-15 00:00:00+09:00,47.798004150390625,47.798004150390625,47.798004150390625,47.798004150390625,0,0.0,0.0
2000-09-18 00:00:00+09:00,48.80428873631852,49.20679986959609,48.30115173903688,48.70366287231445,7195000,0.0,0.0
2000-09-19 00:00:00+09:00,48.30116722702851,49.10618591308594,48.200541330758284,49.10618591308594,10015000,0.0,0.0
2000-09-20 00:00:00+09:00,48.90490450485072,49.70992660522461,48.60302313652544,49.70992660522461,16865000,0.0,0.0
2000-09-21 00:00:00+09:00,49.30743185262767,49.30743185262767,48.09990214157179,49.005550384521484,7060000,0.0,0.0
2000-09-22 00:00:00+09:00,47.99928517959939,48.70367796175576,47.99928517959939,48.50242233276367,10535000,0.0,0.0
2000-09-25 00:00:00+09:00,48.904929752116,49.106185381108084,48.401792598951715,48.50242233276367,6740000,0.0,0.0
2000-09-26 00:00:00+09:00,48.50242285820084,49.40806744052849,48.50242285820084,49.10618591308594,5970000,0.0,0.0
2000-09-27 00:00:00+09:00,49.10617221471585,50.112446251241295,48.804290771484375,48.804290771484375,18230000,0.0,0.0
2000-09-28 00:00:00+09:00,49.307438078043894,50.21308643533816,49.20681218884747,49.50869369506836,17730000,0.0,0.0
2000-09-29 00:00:00+09:00,50.31371888527995,51.521248906253085,50.1124632420124,50.414344787597656,32430000,0.0,0.0
2000-10-02 00:00:00+09:00,50.313685200001935,50.81682205200195,49.9111741829501,50.81682205200195,15655000,0.0,0.0
2000-10-03 00:00:00+09:00,51.319992382480244,51.823129562700636,51.118736742665675,51.722503662109375,13530000,0.0,0.0
2000-10-04 00:00:00+09:00,51.823116302490234,52.42687922881439,51.621860714171824,51.823116302490234,26905000,0.0,0.0
2000-10-05 00:00:00+09:00,52.2256411839734,52.2256411839734,51.62187426058004,52.1250114440918,13265000,0.0,0.0
2000-10-06 00:00:00+09:00,52.02437610922987,52.42688347987312,51.62186489995524,52.22563171386719,16305000,0.0,0.0
2000-10-09 00:00:00+09:00,52.22563171386719,52.22563171386719,52.22563171386719,52.22563171386719,0,0.0,0.0
2000-10-10 00:00:00+09:00,51.42060267669149,51.92373970420758,51.11872122790802,51.319976806640625,8515000,0.0,0.0
2000-10-11 00:00:00+09:00,50.816838645935064,51.11872008798673,50.011820187587006,50.31370162963867,12115000,0.0,0.0
2000-10-12 00:00:00+09:00,49.70994589778357,50.112453265554805,49.307434691380976,49.911197662353516,8595000,0.0,0.0
2000-10-13 00:00:00+09:00,49.005550384521484,49.60931332073386,48.90492066939867,49.005550384521484,19640000,0.0,0.0
2000-10-16 00:00:00+09:00,49.005550384521484,49.005550384521484,49.005550384521484,49.005550384521484,0,0.0,0.0
2000-10-17 00:00:00+09:00,49.60929843895679,50.31369087898862,49.40804290771484,49.408042907714844,9235000,0.0,0.0
2000-10-18 00:00:00+09:00,49.3074277897471,49.40805365794732,48.30115375322165,48.804290771484375,17475000,0.0,0.0
2000-10-19 00:00:00+09:00,49.20681511492005,49.20681511492005,47.898655445787426,48.50242233276367,11850000,0.0,0.0
2000-10-20 00:00:00+09:00,49.206814942397,49.50869646551079,48.09991090613736,48.30116653442383,11330000,0.0,0.0
2000-10-23 00:00:00+09:00,48.099898603471104,48.20052831119187,47.49613571166992,47.49613571166992,10620000,0.0,0.0
2000-10-24 00:00:00+09:00,47.49614134685726,47.898648709603314,47.29488574616858,47.395511627197266,4640000,0.0,0.0
2000-10-25 00:00:00+09:00,47.39549310630383,47.798004150390625,47.09361174255364,47.798004150390625,6145000,0.0,0.0
2000-10-26 00:00:00+09:00,47.39551240459762,48.20053482055664,47.093630917928664,48.20053482055664,10740000,0.0,0.0
2000-10-27 00:00:00+09:00,48.20053482055664,48.20053482055664,48.20053482055664,48.20053482055664,0,0.0,0.0
2000-10-30 00:00:00+09:00,47.294889346941744,47.59677085164272,46.59049661021842,47.19426345825195,6745000,0.0,0.0
2000-10-31 00:00:00+09:00,46.79173278808594,46.992988320491875,46.28859587638608,46.79173278808594,7385000,0.0,0.0
2000-11-01 00:00:00+09:00,47.29488035451896,47.697391510009766,46.590487751725476,47.697391510009766,11185000,0.0,0.0
2000-11-02 00:00:00+09:00,47.798024018376886,49.00555381393585,47.294886923446604,48.60304260253906,8235000,0.0,0.0
2000-11-03 00:00:00+09:00,48.60304260253906,48.60304260253906,48.60304260253906,48.60304260253906,0,0.0,0.0
2000-11-06 00:00:00+09:00,48.09990017572853,49.005548381664376,48.09990017572853,48.9049186706543,5760000,0.0,0.0
2000-11-07 00:00:00+09:00,49.20681218884747,49.70994931209282,49.20681218884747,49.50869369506836,9370000,0.0,0.0
2000-11-08 00:00:00+09:00,49.810546875,50.71619471726996,49.60929137242563,49.810546875,26500000,0.0,0.0
2000-11-09 00:00:00+09:00,50.31369552284263,50.51495107266007,49.8105585676142,50.01181411743164,13645000,0.0,0.0
2000-11-10 00:00:00+09:00,50.31369552284263,50.31369552284263,49.50867716220321,50.01181411743164,11860000,0.0,0.0
2000-11-13 00:00:00+09:00,49.005544302957304,49.30742573360015,48.40177760304095,48.70366287231445,10985000,0.0,0.0
2000-11-14 00:00:00+09:00,47.697391510009766,48.200528535057835,47.49613593226436,47.697391510009766,11205000,0.0,0.0
2000-11-15 00:00:00+09:00,47.99927943303583,48.6030424090966,47.69739794500544,48.40178680419922,13465000,0.0,0.0
2000-11-16 00:00:00+09:00,48.30115419161887,49.81056526010696,47.89864303790304,49.20680236816406,14280000,0.0,0.0
2000-11-17 00:00:00+09:00,49.30743185262767,49.60931332073386,48.703668916415296,49.005550384521484,12755000,0.0,0.0
2000-11-20 00:00:00+09:00,49.50867591350713,50.917457049436585,49.20679451571012,50.514949798583984,25015000,0.0,0.0
2000-11-21 00:00:00+09:00,50.11245873786876,51.31998865030825,49.60932159423829,49.60932159423828,29240000,0.0,0.0
2000-11-22 00:00:00+09:00,50.31371888527995,50.91748197645046,49.91120759874486,50.414344787597656,20635000,0.0,0.0
2000-11-23 00:00:00+09:00,50.414344787597656,50.414344787597656,50.414344787597656,50.414344787597656,0,0.0,0.0
2000-11-24 00:00:00+09:00,50.112453265554805,50.5149644719574,49.70994589778357,49.911197662353516,9835000,0.0,0.0
2000-11-27 00:00:00+09:00,50.21308375928174,50.816846739546556,49.91119843051791,50.71622085571289,14965000,0.0,0.0
2000-11-28 00:00:00+09:00,50.7162273616675,51.82312758035832,50.51497172955138,51.62187194824219,27650000,0.0,0.0
2000-11-29 00:00:00+09:00,50.61560858330279,51.420627447401756,50.61560858330279,51.21937561035156,10515000,0.0,0.0
2000-11-30 00:00:00+09:00,51.219353376166076,52.024371890808645,51.018097787847665,51.823116302490234,24125000,0.0,0.0
2000-12-01 00:00:00+09:00,50.81684219952926,52.32625335397072,50.81684219952926,51.823116302490234,38940000,0.0,0.0
2000-12-04 00:00:00+09:00,52.2256413408798,52.62814878571925,51.72250415585641,52.32626724243164,33525000,0.0,0.0
2000-12-05 00:00:00+09:00,53.33252866748793,53.73503985326105,50.81684335298378,51.11872482299805,42975000,0.0,0.0
2000-12-06 00:00:00+09:00,52.52750799563091,53.030645038043794,52.12499682624821,52.728763580322266,47600000,0.0,0.0
2000-12-07 00:00:00+09:00,51.31998405366028,51.72249526796509,50.313709856529684,50.91747283935547,36000000,0.0,0.0
2000-12-08 00:00:00+09:00,49.911204833203016,51.82312758035832,49.911204833203016,51.62187194824219,43060000,0.0,0.0
2000-12-11 00:00:00+09:00,51.923753477100426,52.326264741332665,51.521246051500086,51.62187194824219,8610000,0.0,0.0
2000-12-12 00:00:00+09:00,52.225640842329774,52.326266742921035,51.52124802229481,51.722503662109375,19645000,0.0,0.0
2000-12-13 00:00:00+09:00,51.72248818457092,51.92373992553048,51.31997702539002,51.52123260498047,15880000,0.0,0.0
2000-12-14 00:00:00+09:00,51.52123741524284,51.621863295117514,50.514963261971026,50.6155891418457,13325000,0.0,0.0
2000-12-15 00:00:00+09:00,50.71622107083449,51.62186554507317,50.615591347942576,50.91747283935547,13630000,0.0,0.0
2000-12-18 00:00:00+09:00,50.61558441613887,51.8231140550507,50.61558441613887,51.52123260498047,19740000,0.0,0.0
2000-12-19 00:00:00+09:00,52.02437009696784,52.62813300247378,51.621858934209925,51.92374038696289,34765000,0.0,0.0
2000-12-20 00:00:00+09:00,52.1249941540043,52.527505302751834,51.31997569514003,52.02436828613281,36135000,0.0,0.0
2000-12-21 00:00:00+09:00,51.722481816966294,51.92373353314955,50.917459597711535,51.018089294433594,27755000,0.0,0.0
2000-12-22 00:00:00+09:00,51.8231140550507,51.8231140550507,51.31997702539002,51.52123260498047,23175000,0.0,0.0
2000-12-25 00:00:00+09:00,52.02438554284228,52.2256411839734,51.52124835933052,52.1250114440918,13475000,0.0,0.0
2000-12-26 00:00:00+09:00,52.125011444091804,52.42689298647244,52.02438554284228,52.1250114440918,16210000,0.0,0.0
2000-12-27 00:00:00+09:00,52.12499682624821,52.82938945335244,52.12499682624821,52.728763580322266,19495000,0.0,0.0
2000-12-28 00:00:00+09:00,53.33252379363774,54.03691638505346,53.231897925705844,53.73503494262695,38450000,0.0,0.0
2000-12-29 00:00:00+09:00,53.8356836027033,54.1375651729359,53.433172283304884,53.5338020324707,13215000,0.0,0.0
2001-01-01 00:00:00+09:00,53.5338020324707,53.5338020324707,53.5338020324707,53.5338020324707,0,0.0,0.0
2001-01-02 00:00:00+09:00,53.5338020324707,53.5338020324707,53.5338020324707,53.5338020324707,0,0.0,0.0
2001-01-03 00:00:00+09:00,53.5338020324707,53.5338020324707,53.5338020324707,53.5338020324707,0,0.0,0.0
2001-01-04 00:00:00+09:00,54.338805144687875,54.338805144687875,53.23190509385972,53.3325309753418,13540000,0.0,0.0
2001-01-05 00:00:00+09:00,53.33253077785219,53.53378637870242,52.4268824933418,53.13127517700195,14855000,0.0,0.0
2001-01-08 00:00:00+09:00,53.13127517700195,53.13127517700195,53.13127517700195,53.13127517700195,0,0.0,0.0
2001-01-09 00:00:00+09:00,52.52750799563091,52.82938945335244,51.923741241556854,52.728763580322266,16300000,0.0,0.0
2001-01-10 00:00:00+09:00,52.326249728378066,52.527505302751834,51.31997569514003,52.02436828613281,15505000,0.0,0.0
2001-01-11 00:00:00+09:00,51.823113834156715,51.92373970420758,50.81683977912454,51.319976806640625,24295000,0.0,0.0
2001-01-12 00:00:00+09:00,51.32000152887666,51.52125720455959,50.41435290761986,51.21937561035156,21850000,0.0,0.0
2001-01-15 00:00:00+09:00,51.01811993466864,51.21937561035156,50.81686425898571,51.21937561035156,7330000,0.0,0.0
2001-01-16 00:00:00+09:00,51.018095357857156,51.6218582554241,50.917465649175405,51.319976806640625,11300000,0.0,0.0
2001-01-17 00:00:00+09:00,51.621871948242195,51.82312758035832,51.42061631612607,51.62187194824219,11000000,0.0,0.0
2001-01-18 00:00:00+09:00,52.02436828613282,52.1249941540043,51.722486843887566,52.02436828613281,11470000,0.0,0.0
2001-01-19 00:00:00+09:00,52.02437675937798,52.02437675937798,50.81684695509498,50.91747283935547,22825000,0.0,0.0
2001-01-22 00:00:00+09:00,51.31999041938396,51.72250168361621,51.01810889052573,51.62187194824219,13900000,0.0,0.0
2001-01-23 00:00:00+09:00,51.823117478785434,52.32625454168627,51.11872482299805,51.11872482299805,24470000,0.0,0.0
2001-01-24 00:00:00+09:00,51.62185847546024,51.62185847546024,50.917465866209106,51.52123260498047,13500000,0.0,0.0
2001-01-25 00:00:00+09:00,51.319976806640625,51.52123238537324,50.917465649175405,51.319976806640625,10055000,0.0,0.0
2001-01-26 00:00:00+09:00,51.21935816939979,51.31998405366028,50.71622107083449,50.91747283935547,10465000,0.0,0.0
2001-01-29 00:00:00+09:00,51.72248796410585,51.823113834156715,51.018095357857156,51.319976806640625,15710000,0.0,0.0
2001-01-30 00:00:00+09:00,51.319982639021084,51.52123824062586,50.91747143581153,51.42060852050781,17135000,0.0,0.0
2001-01-31 00:00:00+09:00,51.42060629301231,51.52123600877117,50.91746923011148,51.11872482299805,12030000,0.0,0.0
2001-02-01 00:00:00+09:00,51.01810889052573,51.82312758035832,51.01810889052573,51.62187194824219,12840000,0.0,0.0
2001-02-02 00:00:00+09:00,51.72248796410585,51.72248796410585,51.018095357857156,51.319976806640625,10615000,0.0,0.0
2001-02-05 00:00:00+09:00,50.917459597711535,51.219344849247285,50.8168337396199,51.018089294433594,8095000,0.0,0.0
2001-02-06 00:00:00+09:00,50.81686425898571,51.420627447401756,50.71623834046062,51.21937561035156,7715000,0.0,0.0
2001-02-07 00:00:00+09:00,51.01811993466864,51.420627447401756,50.91749017751081,51.21937561035156,11860000,0.0,0.0
2001-02-08 00:00:00+09:00,51.42060629301231,51.42060629301231,50.81684335298378,51.11872482299805,15745000,0.0,0.0
2001-02-09 00:00:00+09:00,51.11872144579956,51.8231140550507,51.018095575319784,51.52123260498047,13820000,0.0,0.0
2001-02-12 00:00:00+09:00,51.52123260498047,51.52123260498047,51.52123260498047,51.52123260498047,0,0.0,0.0
2001-02-13 00:00:00+09:00,51.62186188589887,51.62186188589887,50.91746923011148,51.11872482299805,11835000,0.0,0.0
2001-02-14 00:00:00+09:00,51.01809894587034,51.62186188589887,50.91746923011148,51.11872482299805,16590000,0.0,0.0
2001-02-15 00:00:00+09:00,51.01809894587034,51.31998041588461,50.71621747585608,51.11872482299805,12430000,0.0,0.0
2001-02-16 00:00:00+09:00,51.21935816939979,51.52123966081268,50.91747283935547,50.91747283935547,14185000,0.0,0.0
2001-02-19 00:00:00+09:00,51.01811993466864,51.52125720455959,50.91749017751081,51.21937561035156,8310000,0.0,0.0
2001-02-20 00:00:00+09:00,51.21937561035156,51.420627447401756,51.01811993466864,51.21937561035156,13360000,0.0,0.0
2001-02-21 00:00:00+09:00,51.0181023458453,51.219357952144044,50.514965249414146,50.71622085571289,8385000,0.0,0.0
2001-02-22 00:00:00+09:00,50.716205343325406,50.816831196380996,50.31369425384257,50.514949798583984,14380000,0.0,0.0
2001-02-23 00:00:00+09:00,50.11244605539396,50.41432749744563,50.011820187587006,50.31370162963867,14430000,0.0,0.0
2001-02-26 00:00:00+09:00,50.313685200001935,51.21933306905379,50.11242969147602,50.81682205200195,12130000,0.0,0.0
2001-02-27 00:00:00+09:00,51.11872482299805,51.31998041588461,50.71621747585608,51.11872482299805,16240000,0.0,0.0
2001-02-28 00:00:00+09:00,50.91747143581153,51.62186412211259,50.71621967283807,51.42060852050781,16195000,0.0,0.0
2001-03-01 00:00:00+09:00,51.823112711759045,52.326249728378066,51.62185713738528,52.02436828613281,35205000,0.0,0.0
2001-03-02 00:00:00+09:00,52.22563214500635,52.52751363513876,50.61559113324781,50.71622085571289,31880000,0.0,0.0
2001-03-05 00:00:00+09:00,50.41432137843618,50.816832478071056,49.8105585676142,50.01181411743164,20065000,0.0,0.0
2001-03-06 00:00:00+09:00,50.112433816781696,50.213063498643365,49.50867108013114,49.70992660522461,17230000,0.0,0.0
2001-03-07 00:00:00+09:00,49.60931080098889,50.21307754516601,49.10617376682342,50.213077545166016,22800000,0.0,0.0
2001-03-08 00:00:00+09:00,49.70993874553533,50.91746451374202,49.609309039097575,50.31370162963867,15035000,0.0,0.0
2001-03-09 00:00:00+09:00,50.011820187587006,50.816838645935064,49.91119048114925,50.31370162963867,26715000,0.0,0.0
2001-03-12 00:00:00+09:00,49.81054492706948,50.11242624981071,46.69109819436129,47.29486083984375,34280000,0.0,0.0
2001-03-13 00:00:00+09:00,45.38296779392444,45.38296779392444,40.65348182163528,42.06226348876953,69035000,0.0,0.0
2001-03-14 00:00:00+09:00,42.062263488769524,42.062263488769524,42.062263488769524,42.06226348876953,0,0.0,0.0
2001-03-15 00:00:00+09:00,41.25724555207178,42.86728286743163,39.747834129435006,42.86728286743164,24515000,0.0,0.0
2001-03-16 00:00:00+09:00,43.37041767128887,44.5779475120567,43.16916589668718,44.47732162475586,12235000,0.0,0.0
2001-03-19 00:00:00+09:00,44.980460580435604,45.58422360622734,41.45850063984315,42.263519287109375,21950000,0.0,0.0
2001-03-20 00:00:00+09:00,42.263519287109375,42.263519287109375,42.263519287109375,42.263519287109375,0,0.0,0.0
2001-03-21 00:00:00+09:00,42.2635260872219,46.28862380981446,42.2635260872219,46.28862380981445,13930000,0.0,0.0
2001-03-22 00:00:00+09:00,45.28232785434295,45.684838970722645,43.87354278564453,43.87354278564453,20510000,0.0,0.0
2001-03-23 00:00:00+09:00,44.67857160778271,45.28233453276718,43.974178969546784,44.57794189453125,17620000,0.0,0.0
2001-03-26 00:00:00+09:00,45.58421015095102,46.28860269887745,44.779191741305354,46.1879768371582,28125000,0.0,0.0
2001-03-27 00:00:00+09:00,46.69665495965773,47.510539210183154,46.086238861083984,46.086238861083984,10830000,1.0,0.0
2001-03-28 00:00:00+09:00,46.59492927431711,48.62964237695897,46.391457187871474,48.32443618774414,14900000,0.0,0.0
2001-03-29 00:00:00+09:00,47.815757136233074,47.91749123735154,45.781044066606135,45.88277816772461,12860000,0.0,0.0
2001-03-30 00:00:00+09:00,46.391448382350355,47.00186452582469,44.86541384502427,45.27235794067383,16095000,0.0,0.0
2001-04-02 00:00:00+09:00,45.17061903000645,45.17061903000645,43.44111262968121,43.64458465576172,20090000,0.0,0.0
2001-04-03 00:00:00+09:00,45.170612956332,45.98449707031251,44.86540301779693,45.9844970703125,12275000,0.0,0.0
2001-04-04 00:00:00+09:00,45.170631584538306,45.882778052391906,44.560215336640276,45.577571868896484,16315000,0.0,0.0
2001-04-05 00:00:00+09:00,46.59491372051864,47.81574195076184,46.08623561465947,47.00185775756836,12070000,0.0,0.0
2001-04-06 00:00:00+09:00,48.3244360254166,48.3244360254166,47.10360739175094,47.815757751464844,19165000,0.0,0.0
2001-04-09 00:00:00+09:00,46.79839726930023,47.30707550048828,46.39145313198703,47.30707550048828,12655000,0.0,0.0
2001-04-10 00:00:00+09:00,46.79840456784426,47.61228908849483,45.27236963628412,46.28972625732422,8690000,0.0,0.0
2001-04-11 00:00:00+09:00,46.79839692567125,47.10360308596164,45.37409633644024,46.49319076538086,11915000,0.0,0.0
2001-04-12 00:00:00+09:00,47.815754526669224,49.44352334117176,47.307076287023804,49.34178924560547,24615000,0.0,0.0
2001-04-13 00:00:00+09:00,49.74873713482913,49.74873713482913,48.12096431687892,48.93484878540039,16875000,0.0,0.0
2001-04-16 00:00:00+09:00,48.426155114612676,49.138305253543514,48.12094902104404,48.52789306640625,4865000,0.0,0.0
2001-04-17 00:00:00+09:00,48.42617029051333,48.9348485661738,47.61228582563804,48.32443618774414,7070000,0.0,0.0
2001-04-18 00:00:00+09:00,47.91748816549559,48.833110540492605,47.307075836102214,48.1209602355957,9630000,0.0,0.0
2001-04-19 00:00:00+09:00,49.545257172409066,49.74872922742501,48.32442872322007,48.73137283325195,11375000,0.0,0.0
2001-04-20 00:00:00+09:00,48.32443607743414,49.34179262643276,47.81575780293484,48.019229888916016,10025000,0.0,0.0
2001-04-23 00:00:00+09:00,48.32443607743414,49.13832054045159,47.612285716953664,48.019229888916016,7395000,0.0,0.0
2001-04-24 00:00:00+09:00,47.51055156327524,47.815757751464844,47.10360739175094,47.815757751464844,8860000,0.0,0.0
2001-04-25 00:00:00+09:00,47.408821301996795,49.13832849132025,47.30708718299866,48.83312225341797,13895000,0.0,0.0
2001-04-26 00:00:00+09:00,47.408821301996795,49.13832849132025,47.30708718299866,48.83312225341797,13895000,0.0,0.0
2001-04-27 00:00:00+09:00,50.86782081186202,51.27476493071961,49.34178618750616,50.96955490112305,16845000,0.0,0.0
2001-04-30 00:00:00+09:00,50.96955490112305,50.96955490112305,50.96955490112305,50.96955490112305,0,0.0,0.0
2001-05-01 00:00:00+09:00,51.78345500660101,52.29213333129883,51.17303868841905,52.29213333129883,15925000,0.0,0.0
2001-05-02 00:00:00+09:00,52.495593773780335,52.59733175218143,51.17303110182248,51.88518142700195,13850000,0.0,0.0
2001-05-03 00:00:00+09:00,51.88518142700196,51.88518142700196,51.88518142700196,51.88518142700195,0,0.0,0.0
2001-05-04 00:00:00+09:00,51.88518142700196,51.88518142700196,51.88518142700196,51.88518142700195,0,0.0,0.0
2001-05-07 00:00:00+09:00,51.478225728501045,51.885169789012636,50.66434148838404,51.57996368408203,94900,0.0,0.0
2001-05-08 00:00:00+09:00,51.478233109241664,51.478233109241664,50.46087669300443,50.96955490112305,108750,0.0,0.0
2001-05-09 00:00:00+09:00,50.96955119256179,51.579967326434094,50.25740485773711,51.27476119995117,142050,0.0,0.0
2001-05-10 00:00:00+09:00,51.68170516867046,52.08864928752806,50.3591426037434,50.96955490112305,159050,0.0,0.0
2001-05-11 00:00:00+09:00,51.98690780099003,52.59732393798816,51.78343963623047,51.78343963623047,217150,0.0,0.0
2001-05-14 00:00:00+09:00,51.27477270074241,51.68171300035976,50.86782852021774,51.37650680541992,92900,0.0,0.0
2001-05-15 00:00:00+09:00,50.96955902592734,52.0886535028971,50.460880776643,51.88518142700195,10010000,0.0,0.0
2001-05-16 00:00:00+09:00,52.29213333129883,52.699073662512504,52.08866122523817,52.29213333129883,20370000,0.0,0.0
2001-05-17 00:00:00+09:00,52.29212927114677,52.49559748050178,50.46088433969307,51.37650680541992,13970000,0.0,0.0
2001-05-18 00:00:00+09:00,51.47823356109804,52.59732795732603,51.376499470944026,51.98691177368164,16635000,0.0,0.0
2001-05-21 00:00:00+09:00,52.5973243713379,52.90253050189831,52.29211824077748,52.59732437133789,11660000,0.0,0.0
2001-05-22 00:00:00+09:00,52.800803828076575,52.800803828076575,51.579975253612766,51.88518142700195,12520000,0.0,0.0
2001-05-23 00:00:00+09:00,51.88517768852148,52.69906205255223,51.478233566052715,52.08864974975586,6910000,0.0,0.0
2001-05-24 00:00:00+09:00,52.0886535028971,52.0886535028971,51.37650317771762,51.88518142700195,7755000,0.0,0.0
2001-05-25 00:00:00+09:00,52.08865718088443,52.19039128556194,51.07130061048007,51.37650680541992,5255000,0.0,0.0
2001-05-28 00:00:00+09:00,51.57997093286526,52.08864913953867,50.66434860849043,50.76608657836914,6295000,0.0,0.0
2001-05-29 00:00:00+09:00,49.74873749862722,50.56262197310039,49.341793320936986,50.155677795410156,10525000,0.0,0.0
2001-05-30 00:00:00+09:00,49.341789245605476,49.545261317645036,49.13831717356591,49.34178924560547,7220000,0.0,0.0
2001-05-31 00:00:00+09:00,48.629642265952285,48.83311435193345,47.20534542589857,48.019229888916016,14975000,0.0,0.0
2001-06-01 00:00:00+09:00,49.03658254166869,49.03658254166869,47.30707576960913,47.91748809814453,12615000,0.0,0.0
2001-06-04 00:00:00+09:00,48.833092232946456,50.155654371407664,48.42614824530971,49.443504333496094,11980000,0.0,0.0
2001-06-05 00:00:00+09:00,49.54525667566332,49.74872872863923,47.30707185474154,47.71401596069336,20640000,0.0,0.0
2001-06-06 00:00:00+09:00,47.71400788195239,48.12094803809615,46.49317965170919,47.00185775756836,26425000,0.0,0.0
2001-06-07 00:00:00+09:00,47.00186933795683,47.71401963780148,46.79839726930023,47.30707550048828,32055000,0.0,0.0
2001-06-08 00:00:00+09:00,47.81575400369094,48.12096016795865,47.51054783942324,47.91748809814453,42700000,0.0,0.0
2001-06-11 00:00:00+09:00,48.01923010676671,48.833114573476536,48.01923010676671,48.629642486572266,15870000,0.0,0.0
2001-06-12 00:00:00+09:00,48.8331069203066,49.95219740153429,48.019222581149485,48.73137283325195,26025000,0.0,0.0
2001-06-13 00:00:00+09:00,50.05393552950536,50.05393552950536,48.83310707641368,49.03657913208008,27450000,0.0,0.0
2001-06-14 00:00:00+09:00,49.03657873209277,49.138312818642795,47.815750288959286,48.222694396972656,16925000,0.0,0.0
2001-06-15 00:00:00+09:00,47.51054790620232,48.52790437579591,46.79839760130541,48.1209602355957,15730000,0.0,0.0
2001-06-18 00:00:00+09:00,47.6122856657027,48.12096393965445,46.90013530598879,47.815757751464844,9625000,0.0,0.0
2001-06-19 00:00:00+09:00,48.83310633428046,49.13831247268839,47.00186562292626,47.40880584716797,15635000,0.0,0.0
2001-06-20 00:00:00+09:00,48.32443629666949,49.13832076337931,47.81575801986244,48.629642486572266,13165000,0.0,0.0
2001-06-21 00:00:00+09:00,48.527886182671644,49.7487142646764,48.527886182671644,49.443504333496094,8890000,0.0,0.0
2001-06-22 00:00:00+09:00,49.8504570394172,51.681697542234964,49.44351298061051,51.17301940917969,24970000,0.0,0.0
2001-06-25 00:00:00+09:00,50.155666525909375,51.27476082265404,49.64698835854537,50.460872650146484,10055000,0.0,0.0
2001-06-26 00:00:00+09:00,51.681701408292916,52.08864549754112,50.96955119256179,51.27476119995117,18640000,0.0,0.0
2001-06-27 00:00:00+09:00,51.376487826215055,52.088637938601195,50.96954379602129,51.47822189331055,21005000,0.0,0.0
2001-06-28 00:00:00+09:00,51.27474578717299,51.88515785665386,50.460857853324775,51.07127380371094,11965000,0.0,0.0
2001-06-29 00:00:00+09:00,51.885169789012636,51.885169789012636,51.376491653826236,51.57996368408203,11250000,0.0,0.0
2001-07-02 00:00:00+09:00,51.579967326434094,51.7834393710582,50.96955119256179,51.27476119995117,8590000,0.0,0.0
2001-07-03 00:00:00+09:00,51.78343962341733,51.78343962341733,51.173023486570244,51.68170166015625,6290000,0.0,0.0
2001-07-04 00:00:00+09:00,51.579967326434094,51.579967326434094,50.766083028844136,51.27476119995117,6305000,0.0,0.0
2001-07-05 00:00:00+09:00,50.25741963578515,50.867832068241,49.647003322421696,50.359153747558594,8030000,0.0,0.0
2001-07-06 00:00:00+09:00,49.03657873209277,49.545256926656165,47.91748437550931,48.222694396972656,13305000,0.0,0.0
2001-07-09 00:00:00+09:00,47.30707947751309,48.222701922989145,46.08625084384744,47.815757751464844,12220000,0.0,0.0
2001-07-10 00:00:00+09:00,47.81575003755602,47.81575003755602,46.798393653778234,47.61227798461914,10640000,0.0,0.0
2001-07-11 00:00:00+09:00,47.30708309374754,47.510555195063446,46.49319856939146,47.10361099243164,11785000,0.0,0.0
2001-07-12 00:00:00+09:00,47.61228930526763,47.714027296379356,46.594932679595644,47.10361099243164,11400000,0.0,0.0
2001-07-13 00:00:00+09:00,48.62963886918602,50.25741156242869,48.12096063021774,49.1383171081543,25730000,0.0,0.0
2001-07-16 00:00:00+09:00,48.12094902104404,48.62962713729378,47.815742927475405,48.52789306640625,3575000,0.0,0.0
2001-07-17 00:00:00+09:00,47.81575780293484,48.32443607743414,47.408813630972496,48.019229888916016,5540000,0.0,0.0
2001-07-18 00:00:00+09:00,47.71401963780148,48.019225800332926,46.90013136317508,47.30707550048828,11295000,0.0,0.0
2001-07-19 00:00:00+09:00,47.307082878364305,47.40881698810531,45.98452004719369,46.28972625732422,11695000,0.0,0.0
2001-07-20 00:00:00+09:00,46.28972625732421,46.28972625732421,46.28972625732421,46.28972625732422,0,0.0,0.0
2001-07-23 00:00:00+09:00,46.79839664035373,46.79839664035373,45.06888990137668,45.78104019165039,15345000,0.0,0.0
2001-07-24 00:00:00+09:00,44.763687419272955,45.57757186889648,44.153275052282105,45.577571868896484,13045000,0.0,0.0
2001-07-25 00:00:00+09:00,45.37408525865477,47.51053562090093,45.37408525865477,46.594913482666016,7885000,0.0,0.0
2001-07-26 00:00:00+09:00,46.59492851827547,46.900134702538075,45.8827781677246,45.88277816772461,7375000,0.0,0.0
2001-07-27 00:00:00+09:00,46.391460367065214,46.90013867758526,45.88278205654517,46.28972625732422,9950000,0.0,0.0
2001-07-30 00:00:00+09:00,45.88276152641975,46.08623353576623,43.94978713989258,43.94978713989258,10845000,0.0,0.0
2001-07-31 00:00:00+09:00,42.932431408131066,45.27234983700878,42.932431408131066,44.56019973754883,18235000,0.0,0.0
2001-08-01 00:00:00+09:00,44.458465222805906,44.66193723215239,43.644581066325735,43.94978713989258,18000000,0.0,0.0
2001-08-02 00:00:00+09:00,44.45846949940123,44.865409676333236,43.74631933863753,44.66194152832031,13175000,0.0,0.0
2001-08-03 00:00:00+09:00,44.66195285858535,44.76368695840068,43.644596336803524,44.255008697509766,12945000,0.0,0.0
2001-08-06 00:00:00+09:00,43.84806436063792,44.05153644035995,42.932445823249466,43.74633026123047,10270000,0.0,0.0
2001-08-07 00:00:00+09:00,43.44110915278958,44.76367139510001,43.23763714299433,44.05152130126953,13690000,0.0,0.0
2001-08-08 00:00:00+09:00,43.848064302504135,44.0515363819564,43.44112402450672,43.5428581237793,8695000,0.0,0.0
2001-08-09 00:00:00+09:00,43.23765546146476,43.64459965346505,42.52550506591797,42.52550506591797,11695000,0.0,0.0
2001-08-10 00:00:00+09:00,42.72896548351609,43.441115684422634,41.915081202868485,42.22028732299805,9525000,0.0,0.0
2001-08-13 00:00:00+09:00,41.915076517426364,41.915076517426364,40.795982360839844,40.795982360839844,10655000,0.0,0.0
2001-08-14 00:00:00+09:00,40.694252747436465,42.42375926538379,40.490780707518006,42.016815185546875,18280000,0.0,0.0
2001-08-15 00:00:00+09:00,42.32201812103832,43.44111231594593,41.60987185625884,43.13590621948242,12410000,0.0,0.0
2001-08-16 00:00:00+09:00,42.72895896471944,44.254993213459414,42.72895896471944,43.94978713989258,18040000,0.0,0.0
2001-08-17 00:00:00+09:00,43.949787236824804,44.661937330655284,43.746315227029555,44.05152130126953,14070000,0.0,0.0
2001-08-20 00:00:00+09:00,43.64459610395899,43.64459610395899,42.52550160742507,43.5428581237793,8715000,0.0,0.0
2001-08-21 00:00:00+09:00,44.153274239489456,44.153274239489456,41.81335115364876,43.23765182495117,27520000,0.0,0.0
2001-08-22 00:00:00+09:00,43.74632694811233,45.37409570079564,43.64459285640969,44.86541748046875,19530000,0.0,0.0
2001-08-23 00:00:00+09:00,45.37408769741056,45.47582565207481,43.74631923184394,44.45846939086914,17690000,0.0,0.0
2001-08-24 00:00:00+09:00,45.17061954989434,45.17061954989434,43.84805330560205,44.45846939086914,18085000,0.0,0.0
2001-08-27 00:00:00+09:00,45.272353734171396,45.374087808177855,44.25499747048215,44.66194152832031,11405000,0.0,0.0
2001-08-28 00:00:00+09:00,44.763687419272955,45.57757186889648,42.830708455623295,45.577571868896484,10620000,0.0,0.0
2001-08-29 00:00:00+09:00,44.96714700392594,45.068881076513144,43.54284670226841,43.64458465576172,7220000,0.0,0.0
2001-08-30 00:00:00+09:00,42.42376296274348,42.72896910876763,41.20293449774021,41.711612701416016,14120000,0.0,0.0
2001-08-31 00:00:00+09:00,40.79598238757266,41.71160452711562,40.28730428358344,40.89772033691406,17130000,0.0,0.0
2001-09-03 00:00:00+09:00,40.897735349556015,41.20294154780271,39.98211287390856,40.0838508605957,15875000,0.0,0.0
2001-09-04 00:00:00+09:00,39.880378768128786,40.18558496637548,37.1335152220938,40.0838508605957,25120000,0.0,0.0
2001-09-05 00:00:00+09:00,38.65955009423464,40.389057058842404,38.65955009423464,40.0838508605957,8565000,0.0,0.0
2001-09-06 00:00:00+09:00,39.06649373986292,39.57517202355433,38.04913717248011,38.15087127685547,14870000,0.0,0.0
2001-09-07 00:00:00+09:00,37.642181615077476,38.45606584678981,37.438709586922855,38.04912567138672,13015000,0.0,0.0
2001-09-10 00:00:00+09:00,37.947386855553,38.049124807774206,36.62482452392578,36.62482452392578,10650000,0.0,0.0
2001-09-11 00:00:00+09:00,36.6248203331316,36.828292333385676,35.81093621302091,36.11614227294922,10290000,0.0,0.0
2001-09-12 00:00:00+09:00,32.046722412109375,32.45366453083919,32.046722412109375,32.046722412109375,13905000,0.0,0.0
2001-09-13 00:00:00+09:00,31.63977846928703,32.555398668755174,31.232836374018184,32.14845657348633,16365000,0.0,0.0
2001-09-14 00:00:00+09:00,32.04672699556633,34.08143982068165,32.04672699556633,33.7762336730957,28265000,0.0,0.0
2001-09-17 00:00:00+09:00,33.572758709910794,33.572758709910794,31.436310040280375,31.843252182006836,13945000,0.0,0.0
2001-09-18 00:00:00+09:00,32.25018475939682,32.65712481550007,31.944976806640625,31.944976806640625,21525000,0.0,0.0
2001-09-19 00:00:00+09:00,32.25019484593832,33.57275723350105,32.14845882986739,32.758872985839844,18960000,0.0,0.0
2001-09-20 00:00:00+09:00,32.04672145843506,32.04672145843506,30.317215079735128,30.520687103271484,18710000,0.0,0.0
2001-09-21 00:00:00+09:00,29.70681173853118,30.11375396636306,28.99466138448519,29.19813346862793,29415000,0.0,0.0
2001-09-24 00:00:00+09:00,29.19813346862793,29.19813346862793,29.19813346862793,29.19813346862793,0,0.0,0.0
2001-09-25 00:00:00+09:00,31.815184685794925,32.020444724834235,30.070480226475215,30.37837028503418,17310000,0.5,0.0
2001-09-26 00:00:00+09:00,30.275739851634672,30.37836986975134,29.249443585477565,29.659961700439453,14960000,0.0,0.0
2001-09-27 00:00:00+09:00,29.35207438803241,29.76259251396545,28.941556262099372,29.146814346313477,28010000,0.0,0.0
2001-09-28 00:00:00+09:00,29.146814346313473,29.146814346313473,29.146814346313473,29.146814346313477,0,0.0,0.0
2001-10-01 00:00:00+09:00,31.712553457145265,32.841479713808376,31.30203535222361,32.43096160888672,19285000,0.0,0.0
2001-10-02 00:00:00+09:00,32.94411157040141,34.38092803955078,32.84148350046642,34.38092803955078,12700000,0.0,0.0
2001-10-03 00:00:00+09:00,34.38091919638894,35.30458724826564,33.86777114868164,33.86777114868164,20790000,0.0,0.0
2001-10-04 00:00:00+09:00,33.86777350481819,35.09932968799524,33.86777350481819,34.89406967163086,13280000,0.0,0.0
2001-10-05 00:00:00+09:00,35.40721130371094,35.92035929361979,34.586175302858464,35.40721130371094,14730000,0.0,0.0
2001-10-08 00:00:00+09:00,35.40721130371094,35.40721130371094,35.40721130371094,35.40721130371094,0,0.0,0.0
2001-10-09 00:00:00+09:00,35.30459785000468,35.30459785000468,33.559893180874724,33.97040939331055,9220000,0.0,0.0
2001-10-10 00:00:00+09:00,34.483551174634535,34.483551174634535,33.35462690686738,33.55988693237305,9590000,0.0,0.0
2001-10-11 00:00:00+09:00,33.97040667928295,34.68881488741182,33.97040667928295,34.48355484008789,13165000,0.0,0.0
2001-10-12 00:00:00+09:00,36.536143996991214,38.691368415724085,36.125627856525,37.45981216430664,33085000,0.0,0.0
2001-10-15 00:00:00+09:00,37.66507711612527,39.30714972268253,37.56244513133424,37.972965240478516,26830000,0.0,0.0
2001-10-16 00:00:00+09:00,37.97296027614646,38.383480331622074,36.63877596836481,37.45981216430664,11525000,0.0,0.0
2001-10-17 00:00:00+09:00,38.48609920238715,38.793987213004556,37.76769123427423,37.870323181152344,12885000,0.0,0.0
2001-10-18 00:00:00+09:00,37.870338337111,38.38348653184145,37.76770634915889,38.178226470947266,8185000,0.0,0.0
2001-10-19 00:00:00+09:00,38.075584411621094,38.17821637242602,37.56243635262346,38.075584411621094,7560000,0.0,0.0
2001-10-22 00:00:00+09:00,38.588727275142446,40.12817124486901,38.588727275142446,40.025543212890625,10380000,0.0,0.0
2001-10-23 00:00:00+09:00,40.53871806173772,40.74397817669809,39.922941631867644,40.333457946777344,16600000,0.0,0.0
2001-10-24 00:00:00+09:00,39.30715472440352,39.820302968625526,38.17823015311927,38.48611831665039,24990000,0.0,0.0
2001-10-25 00:00:00+09:00,38.9992535376573,39.51240161052121,38.691365476940774,39.20451354980469,10820000,0.0,0.0
2001-10-26 00:00:00+09:00,39.922921665310575,39.922921665310575,38.07558546958215,38.89662551879883,7330000,0.0,0.0
2001-10-29 00:00:00+09:00,40.43608321069817,40.53871129353841,38.48611831665039,38.48611831665039,15315000,0.0,0.0
2001-10-30 00:00:00+09:00,37.972965240478516,38.999261598329284,37.56244513133424,37.972965240478516,10450000,0.0,0.0
2001-10-31 00:00:00+09:00,37.25455610114494,37.56244421801196,36.84403991699219,36.84403991699219,11995000,0.0,0.0
2001-11-01 00:00:00+09:00,36.536140537673205,37.254548609230454,35.304588317871094,35.304588317871094,11595000,0.0,0.0
2001-11-02 00:00:00+09:00,35.30459117387461,35.92036733358955,33.867774914527295,34.175662994384766,14355000,0.0,0.0
2001-11-05 00:00:00+09:00,34.688819759535164,35.09933991184151,34.48355968338199,34.996707916259766,6870000,0.0,0.0
2001-11-06 00:00:00+09:00,34.996707916259766,35.71511622529071,34.996707916259766,34.996707916259766,6785000,0.0,0.0
2001-11-07 00:00:00+09:00,34.99670468848502,34.99670468848502,33.45726013183594,33.45726013183594,7860000,0.0,0.0
2001-11-08 00:00:00+09:00,32.944107713235475,33.55988780577833,32.43096155112588,32.73884963989258,13385000,0.0,0.0
2001-11-09 00:00:00+09:00,32.73884963989258,32.73884963989258,32.73884963989258,32.73884963989258,0,0.0,0.0
2001-11-12 00:00:00+09:00,33.45725129091961,33.45725129091961,32.43095714851845,32.9441032409668,13120000,0.0,0.0
2001-11-13 00:00:00+09:00,32.32832726325282,32.43095726511324,31.30203115965749,31.712549209594727,16050000,0.0,0.0
2001-11-14 00:00:00+09:00,32.32833563653253,32.636223764354654,30.173112869262695,30.173112869262695,21790000,0.0,0.0
2001-11-15 00:00:00+09:00,29.45469225957029,29.96784019470215,28.6336543888569,29.96784019470215,43690000,0.0,0.0
2001-11-16 00:00:00+09:00,31.3020267766239,34.58617463127136,31.09676680164436,32.22569274902344,45500000,0.0,0.0
2001-11-19 00:00:00+09:00,36.8440352784737,36.946663332838966,33.55988664366392,34.79144287109375,47455000,0.0,0.0
2001-11-20 00:00:00+09:00,35.30459117387461,35.71510730868146,33.970402969476666,34.175662994384766,18010000,0.0,0.0
2001-11-21 00:00:00+09:00,33.66252125523116,34.5861895844794,33.66252125523116,33.97040939331055,10525000,0.0,0.0
2001-11-22 00:00:00+09:00,34.48355484008789,34.58618682125474,33.97040667928295,34.48355484008789,6895000,0.0,0.0
2001-11-23 00:00:00+09:00,34.48355484008789,34.48355484008789,34.48355484008789,34.48355484008789,0,0.0,0.0
2001-11-26 00:00:00+09:00,35.40721636451826,35.81773638112498,34.99669634791154,35.304588317871094,11105000,0.0,0.0
2001-11-27 00:00:00+09:00,35.81773778776594,36.02299388912113,34.89406967163086,34.89406967163086,15995000,0.0,0.0
2001-11-28 00:00:00+09:00,34.894067244096235,35.50984333534143,33.86777114868164,33.86777114868164,9950000,0.0,0.0
2001-11-29 00:00:00+09:00,33.35463983529011,33.45726793031742,32.43097327750624,33.14937973022461,16480000,0.0,0.0
2001-11-30 00:00:00+09:00,33.14936568381381,34.17566185925702,32.94410566572333,33.3546257019043,10715000,0.0,0.0
2001-12-03 00:00:00+09:00,34.380928740373754,34.380928740373754,32.22570595022246,32.53359603881836,10250000,0.0,0.0
2001-12-04 00:00:00+09:00,32.225697882680834,32.533587894198014,30.686253697608457,31.8151798248291,24635000,0.0,0.0
2001-12-05 00:00:00+09:00,31.609922804291536,32.6362190246582,31.507294748258623,32.6362190246582,11755000,0.0,0.0
2001-12-06 00:00:00+09:00,33.66252049115499,33.66252049115499,32.22570595022246,32.53359603881836,13380000,0.0,0.0
2001-12-07 00:00:00+09:00,32.84148406982422,33.252004186701015,32.225705852014016,32.84148406982422,11630000,0.0,0.0
2001-12-10 00:00:00+09:00,33.354623366848145,33.354623366848145,31.712549209594727,31.712549209594727,10045000,0.0,0.0
2001-12-11 00:00:00+09:00,31.30203115965749,31.91780921331558,30.99414311158068,31.712549209594727,18815000,0.0,0.0
2001-12-12 00:00:00+09:00,31.19940175929925,32.636215940532566,30.891513705286577,31.8151798248291,14570000,0.0,0.0
2001-12-13 00:00:00+09:00,32.63621074147832,32.63621074147832,32.02043473154809,32.22569274902344,17105000,0.0,0.0
2001-12-14 00:00:00+09:00,31.81518958684666,31.81518958684666,29.454708561792337,29.86522674560547,64725000,0.0,0.0
2001-12-17 00:00:00+09:00,30.686255450768652,30.686255450768652,28.325775015134376,28.941553115844727,33440000,0.0,0.0
2001-12-18 00:00:00+09:00,28.73628809485175,29.04417611286631,27.607362099624577,28.12051010131836,34220000,0.0,0.0
2001-12-19 00:00:00+09:00,29.146813888797205,29.76259204678334,27.91525953032974,28.428407669067383,25850000,0.0,0.0
2001-12-20 00:00:00+09:00,29.2494456057657,31.507298330265368,29.04418555535485,30.994150161743164,24570000,0.0,0.0
2001-12-21 00:00:00+09:00,30.788893148561282,31.50730143836309,29.762596710275908,29.86522674560547,14460000,0.0,0.0
2001-12-24 00:00:00+09:00,29.865226745605465,29.865226745605465,29.865226745605465,29.86522674560547,0,0.0,0.0
2001-12-25 00:00:00+09:00,29.865224987768926,29.865224987768926,29.044186710963032,29.557334899902344,10245000,0.0,0.0
2001-12-26 00:00:00+09:00,30.583618762244317,30.583618762244317,29.762582778930664,29.762582778930664,10165000,0.0,0.0
2001-12-27 00:00:00+09:00,30.68626071786084,31.096778869628906,30.378372593411033,31.096778869628906,14390000,0.0,0.0
2001-12-28 00:00:00+09:00,31.507296584740768,31.609924646755616,30.275740265514525,30.37837028503418,6000000,0.0,0.0
2001-12-31 00:00:00+09:00,30.37837028503418,30.37837028503418,30.37837028503418,30.37837028503418,0,0.0,0.0
2002-01-01 00:00:00+09:00,30.37837028503418,30.37837028503418,30.37837028503418,30.37837028503418,0,0.0,0.0
2002-01-02 00:00:00+09:00,30.37837028503418,30.37837028503418,30.37837028503418,30.37837028503418,0,0.0,0.0
2002-01-03 00:00:00+09:00,30.37837028503418,30.37837028503418,30.37837028503418,30.37837028503418,0,0.0,0.0
2002-01-04 00:00:00+09:00,31.4046688079834,31.815186957874335,30.686260577545546,31.4046688079834,5325000,0.0,0.0
2002-01-07 00:00:00+09:00,31.40467666718962,33.252011740262795,31.09678650959137,33.14937973022461,15955000,0.0,0.0
2002-01-08 00:00:00+09:00,32.84148416990926,33.149372301000156,31.91781781913156,32.53359603881836,14040000,0.0,0.0
2002-01-09 00:00:00+09:00,33.046749114990234,33.35463729160291,32.636228936166276,33.046749114990234,16915000,0.0,0.0
2002-01-10 00:00:00+09:00,33.25199596356693,33.25199596356693,31.8151798248291,31.8151798248291,16860000,0.0,0.0
2002-01-11 00:00:00+09:00,31.30203654570146,31.815184685794925,30.17311024599487,30.37837028503418,22375000,0.0,0.0
2002-01-14 00:00:00+09:00,30.37837028503418,30.37837028503418,30.37837028503418,30.37837028503418,0,0.0,0.0
2002-01-15 00:00:00+09:00,29.557335749465032,29.659965781703775,28.63366937432645,29.044187545776367,37125000,0.0,0.0
2002-01-16 00:00:00+09:00,29.0441884204741,30.378374964748154,28.941560342649648,29.86522674560547,18685000,0.0,0.0
2002-01-17 00:00:00+09:00,29.352076798829614,30.070483088841655,29.044186710963032,29.557334899902344,12895000,0.0,0.0
2002-01-18 00:00:00+09:00,30.07048251145627,31.096778869628906,29.96785444164297,31.096778869628906,11695000,0.0,0.0
2002-01-21 00:00:00+09:00,31.096770563543835,31.60991860556604,30.788882521332287,31.302030563354492,16165000,0.0,0.0
2002-01-22 00:00:00+09:00,32.1230758445989,32.43096593246548,29.557334899902344,29.557334899902344,24305000,0.0,0.0
2002-01-23 00:00:00+09:00,29.865218954580758,30.994145133689504,29.865218954580758,30.78888511657715,16665000,0.0,0.0
2002-01-24 00:00:00+09:00,30.275740533071367,30.686258657273065,29.35207426424134,29.45470428466797,19950000,0.0,0.0
2002-01-25 00:00:00+09:00,29.762594958480065,29.865224987768926,28.53103852202372,29.557334899902344,27740000,0.0,0.0
2002-01-28 00:00:00+09:00,29.762582778930664,30.275730757877746,29.249434799983582,29.762582778930664,14740000,0.0,0.0
2002-01-29 00:00:00+09:00,29.967852555684384,29.967852555684384,29.044184325454005,29.146814346313477,12260000,0.0,0.0
2002-01-30 00:00:00+09:00,29.35207360359423,29.659961700439453,28.941555488632346,29.659961700439453,16485000,0.0,0.0
2002-01-31 00:00:00+09:00,29.659961700439453,29.659961700439453,29.659961700439453,29.659961700439453,0,0.0,0.0
2002-02-01 00:00:00+09:00,29.557335259358908,29.659965289895887,28.325780765430213,28.633668899536133,18560000,0.0,0.0
2002-02-04 00:00:00+09:00,29.249441187447587,29.454701206852576,28.736293096439734,28.941553115844727,15235000,0.0,0.0
2002-02-05 00:00:00+09:00,28.838914291183734,29.45469220367421,28.838914291183734,29.352062225341797,13565000,0.0,0.0
2002-02-06 00:00:00+09:00,29.146811177745093,29.55732925905045,28.941553115844723,28.941553115844727,15695000,0.0,0.0
2002-02-07 00:00:00+09:00,29.76258894602458,30.891515125133328,29.659958937468403,30.78888511657715,22860000,0.0,0.0
2002-02-08 00:00:00+09:00,30.788893325287404,30.994153397124702,30.070485031361983,30.891523361206055,30310000,0.0,0.0
2002-02-11 00:00:00+09:00,30.89152336120605,30.89152336120605,30.89152336120605,30.891523361206055,0,0.0,0.0
2002-02-12 00:00:00+09:00,31.50729177081643,32.02043983250722,31.19940175929925,31.8151798248291,20120000,0.0,0.0
2002-02-13 00:00:00+09:00,32.225705852014016,32.944112141538426,31.815187692642212,32.84148406982422,26745000,0.0,0.0
2002-02-14 00:00:00+09:00,32.738849698201776,33.35462783433663,32.43096160888672,32.43096160888672,15105000,0.0,0.0
2002-02-15 00:00:00+09:00,32.636223817958424,33.66252018905781,32.53359574685247,33.45726013183594,21310000,0.0,0.0
2002-02-18 00:00:00+09:00,33.35463382532145,35.920374888807714,33.14937375724052,35.09933853149414,32480000,0.0,0.0
2002-02-19 00:00:00+09:00,34.586188189652496,34.894076315315054,33.149371716547314,34.07304000854492,24260000,0.0,0.0
2002-02-20 00:00:00+09:00,34.380930250715956,35.81774681227233,34.278302174180574,35.09933853149414,43205000,0.0,0.0
2002-02-21 00:00:00+09:00,35.71511135821565,37.97296405819113,35.71511135821565,37.767704010009766,65760000,0.0,0.0
2002-02-22 00:00:00+09:00,36.94667407371121,37.870342491558176,36.12563765507527,37.56245040893555,28980000,0.0,0.0
2002-02-25 00:00:00+09:00,37.35719014238056,38.48611460478353,37.25455815442845,38.178226470947266,23180000,0.0,0.0
2002-02-26 00:00:00+09:00,38.6913619198788,38.999249952289865,36.228249830572786,37.049285888671875,28225000,0.0,0.0
2002-02-27 00:00:00+09:00,37.459818215322635,38.28085454388934,37.35719014238056,38.178226470947266,21730000,0.0,0.0
2002-02-28 00:00:00+09:00,38.999256499826096,38.999256499826096,37.45981216430664,37.45981216430664,29090000,0.0,0.0
2002-03-01 00:00:00+09:00,36.94667311721352,39.409786224365234,36.94667311721352,39.409786224365234,18715000,0.0,0.0
2002-03-04 00:00:00+09:00,39.51239885714709,41.46236296415269,39.51239885714709,41.257102966308594,30720000,0.0,0.0
2002-03-05 00:00:00+09:00,41.77025751212787,41.77025751212787,40.64132930557826,41.051849365234375,27990000,0.0,0.0
2002-03-06 00:00:00+09:00,39.5124155553478,40.64134014806783,39.40978747055888,39.61504364013672,23240000,0.0,0.0
2002-03-07 00:00:00+09:00,40.12819783181696,40.53871806173772,39.82030961688193,40.333457946777344,14710000,0.0,0.0
2002-03-08 00:00:00+09:00,40.94921982288432,42.59129217194348,40.64132783180259,42.07814407348633,47535000,0.0,0.0
2002-03-11 00:00:00+09:00,44.130741315391816,47.51751835426878,43.82285320549568,47.41489028930664,39910000,0.0,0.0
2002-03-12 00:00:00+09:00,46.388598889649394,46.4912269654742,44.64389419555664,44.64389419555664,27545000,0.0,0.0
2002-03-13 00:00:00+09:00,44.33599465579665,46.388586964722336,43.61758656467083,44.9517707824707,31920000,0.0,0.0
2002-03-14 00:00:00+09:00,44.746521738595604,46.59385840152752,44.233373535561206,45.875450134277344,29485000,0.0,0.0
2002-03-15 00:00:00+09:00,46.90174560614987,48.749078317276236,46.59385747346382,48.338558197021484,45965000,0.0,0.0
2002-03-18 00:00:00+09:00,47.92803828669335,48.5438145044628,47.51751819817391,48.03066635131836,32950000,0.0,0.0
2002-03-19 00:00:00+09:00,48.23592885109944,48.95433708507524,47.92804072654121,48.13330078125,28705000,0.0,0.0
2002-03-20 00:00:00+09:00,48.13330301063072,48.13330301063072,44.95178180281138,45.875450134277344,26550000,0.0,0.0
2002-03-21 00:00:00+09:00,45.87545013427734,45.87545013427734,45.87545013427734,45.875450134277344,0,0.0,0.0
2002-03-22 00:00:00+09:00,45.157032239769045,45.464920312947434,43.92547603204622,44.23336410522461,18825000,0.0,0.0
2002-03-25 00:00:00+09:00,44.33600510120351,45.15704143520523,43.001820569074454,43.82285690307617,23155000,0.0,0.0
2002-03-26 00:00:00+09:00,43.35829346143327,44.18416493022836,42.42918559774766,42.63565444946289,14275000,0.5,0.0
2002-03-27 00:00:00+09:00,43.151812145141015,45.835898565998,42.63564213398367,45.732662200927734,21240000,0.0,0.0
2002-03-28 00:00:00+09:00,45.42299021078378,47.07473373413086,45.2165212858486,47.07473373413086,19400000,0.0,0.0
2002-03-29 00:00:00+09:00,46.04239530729599,46.14563174386405,44.287419204380186,44.39065170288086,25240000,0.0,0.0
2002-04-01 00:00:00+09:00,43.8744608667611,44.700332283698785,42.73888816072997,43.25505828857422,14650000,0.0,0.0
2002-04-02 00:00:00+09:00,43.25506055738184,46.042376243488185,42.94535531397824,45.4229736328125,23370000,0.0,0.0
2002-04-03 00:00:00+09:00,45.62945913571897,47.694140508936414,44.80358737404543,47.07473373413086,21710000,0.0,0.0
2002-04-04 00:00:00+09:00,47.590893069544116,48.62323351736995,47.177959253253555,48.10706329345703,36585000,0.0,0.0
2002-04-05 00:00:00+09:00,47.59089707514799,48.72647402617477,47.07472680779035,48.62323760986328,14765000,0.0,0.0
2002-04-08 00:00:00+09:00,47.07472636304389,47.48766414825535,45.73268446820651,46.14562225341797,26430000,0.0,0.0
2002-04-09 00:00:00+09:00,46.35208281553193,46.35208281553193,44.390634595392875,45.11327362060547,24075000,0.0,0.0
2002-04-10 00:00:00+09:00,44.59710399631985,45.83591320639711,44.287402678317015,44.70033645629883,14955000,0.0,0.0
2002-04-11 00:00:00+09:00,45.01003853183123,45.319743793112394,44.08093456218569,44.80357360839844,13495000,0.0,0.0
2002-04-12 00:00:00+09:00,43.7712287902832,44.287398922536234,42.63565213648719,43.7712287902832,21215000,0.0,0.0
2002-04-15 00:00:00+09:00,42.32595665509632,43.77123479903338,42.11948778623872,43.56476593017578,20805000,0.0,0.0
2002-04-16 00:00:00+09:00,43.35830550242584,44.08094471507965,42.84213519882554,43.668006896972656,18020000,0.0,0.0
2002-04-17 00:00:00+09:00,43.87446496226929,44.90680531432269,43.46152724622157,44.70033645629883,25555000,0.0,0.0
2002-04-18 00:00:00+09:00,44.390629704756584,45.216501097697105,44.184160872005094,44.49386215209961,13565000,0.0,0.0
2002-04-19 00:00:00+09:00,43.87447357177735,44.39064384909238,43.35830329446232,43.874473571777344,14550000,0.0,0.0
2002-04-22 00:00:00+09:00,43.87447357177735,44.49387632932871,43.15183439592297,43.874473571777344,20205000,0.0,0.0
2002-04-23 00:00:00+09:00,43.35829073891685,43.66799202801029,43.15182190016604,43.25505828857422,25925000,0.0,0.0
2002-04-24 00:00:00+09:00,43.25507122554916,43.358303706767146,42.84213342454373,42.94536590576172,17680000,0.0,0.0
2002-04-25 00:00:00+09:00,42.94536590576172,43.25507122554916,42.532432042823025,42.94536590576172,12730000,0.0,0.0
2002-04-26 00:00:00+09:00,42.84212276464004,43.048591613769524,42.11948376171971,43.04859161376953,14060000,0.0,0.0
2002-04-29 00:00:00+09:00,43.048591613769524,43.048591613769524,43.048591613769524,43.04859161376953,0,0.0,0.0
2002-04-30 00:00:00+09:00,42.94534546174052,42.94534546174052,42.11947419095029,42.32594299316406,12610000,0.0,0.0
2002-05-01 00:00:00+09:00,42.8421206110726,43.35829073891685,42.63565177232179,43.25505828857422,13480000,0.0,0.0
2002-05-02 00:00:00+09:00,43.667989003937315,44.59709674494109,43.25505529309752,44.28739547729492,18140000,0.0,0.0
2002-05-03 00:00:00+09:00,44.28739547729492,44.28739547729492,44.28739547729492,44.28739547729492,0,0.0,0.0
2002-05-06 00:00:00+09:00,44.28739547729492,44.28739547729492,44.28739547729492,44.28739547729492,0,0.0,0.0
2002-05-07 00:00:00+09:00,43.771239250126605,43.87447172602004,42.84213121481957,43.151832580566406,11055000,0.0,0.0
2002-05-08 00:00:00+09:00,43.15182190016604,43.8744608667611,43.04858944982341,43.25505828857422,11370000,0.0,0.0
2002-05-09 00:00:00+09:00,44.18417032612246,45.5262121190666,43.977701449192686,45.21651077270508,26135000,0.0,0.0
2002-05-10 00:00:00+09:00,45.42298529121314,46.35209338376011,45.21651638863972,45.93915557861328,43710000,0.0,0.0
2002-05-13 00:00:00+09:00,45.93913697877696,46.14560579775529,44.700328002972185,45.52619934082031,15090000,0.0,0.0
2002-05-14 00:00:00+09:00,45.629441949947925,46.042375706224654,45.21650425560549,45.83591079711914,14890000,0.0,0.0
2002-05-15 00:00:00+09:00,46.1456126373113,46.76501524798699,44.18416447339537,45.4229736328125,41170000,0.0,0.0
2002-05-16 00:00:00+09:00,45.42298019652674,46.352088184864044,44.39063973751477,46.24885177612305,17710000,0.0,0.0
2002-05-17 00:00:00+09:00,47.07470736211161,47.797346225517074,46.661773681640625,46.661773681640625,32695000,0.0,0.0
2002-05-20 00:00:00+09:00,46.45530705719018,46.45530705719018,45.52619934082031,45.52619934082031,14660000,0.0,0.0
2002-05-21 00:00:00+09:00,45.422975169618695,46.86825322751474,45.422975169618695,46.55854797363281,12920000,0.0,0.0
2002-05-22 00:00:00+09:00,47.07472155317284,50.58468055463961,47.07472155317284,49.86204147338867,52180000,0.0,0.0
2002-05-23 00:00:00+09:00,50.894379727739384,51.92672010330435,50.17174067723071,51.51378631591797,56825000,0.0,0.0
2002-05-24 00:00:00+09:00,52.13319118917007,52.23642365590235,50.171742816727296,51.30731964111328,29510000,0.0,0.0
2002-05-27 00:00:00+09:00,50.79113079706299,51.20406445056114,49.86202318507886,49.96525955200195,23900000,0.0,0.0
2002-05-28 00:00:00+09:00,49.965281184072516,49.965281184072516,48.0038326820524,48.82970428466797,16930000,0.0,0.0
2002-05-29 00:00:00+09:00,47.797373002370406,48.210310852240774,47.07473373413086,47.07473373413086,21355000,0.0,0.0
2002-05-30 00:00:00+09:00,47.48765782997861,48.21029688891758,47.0747200997089,47.28118896484375,25060000,0.0,0.0
2002-05-31 00:00:00+09:00,49.345873653729576,50.99762076774405,48.726470947265625,48.726470947265625,61210000,0.0,0.0
2002-06-03 00:00:00+09:00,50.274979221525754,51.41055210784556,50.068510349995016,51.30731964111328,25040000,0.0,0.0
2002-06-04 00:00:00+09:00,50.99761829765906,50.99761829765906,49.552340135157166,49.86204147338867,29495000,0.0,0.0
2002-06-05 00:00:00+09:00,50.27498380340117,51.41055679321288,49.75881354656557,51.41055679321289,25520000,0.0,0.0
2002-06-06 00:00:00+09:00,51.20406445056114,51.20406445056114,49.552321960439066,49.96525955200195,30815000,0.0,0.0
2002-06-07 00:00:00+09:00,48.93294630217072,49.55234909057617,48.5200084845225,49.55234909057617,18115000,0.0,0.0
2002-06-10 00:00:00+09:00,49.036175398976035,49.3458767717773,47.90060238601587,48.62323760986328,13630000,0.0,0.0
2002-06-11 00:00:00+09:00,48.313542978489465,49.242651164602925,48.313542978489465,48.52001190185547,20530000,0.0,0.0
2002-06-12 00:00:00+09:00,48.21029688891758,48.31352935245199,47.28118896484375,47.28118896484375,16300000,0.0,0.0
2002-06-13 00:00:00+09:00,47.487651062011714,47.797352346542176,46.352078372711546,46.4553108215332,15520000,0.0,0.0
2002-06-14 00:00:00+09:00,46.4553108215332,46.868248492950805,45.73267186558514,46.4553108215332,46515000,0.0,0.0
2002-06-17 00:00:00+09:00,45.73267121054311,45.73267121054311,43.87445959191058,44.49386215209961,33560000,0.0,0.0
2002-06-18 00:00:00+09:00,45.5262121190666,45.835917403494406,44.90680942634355,45.21651077270508,10455000,0.0,0.0
2002-06-19 00:00:00+09:00,45.83592220080113,46.455324958352485,43.87447357177735,43.874473571777344,29560000,0.0,0.0
2002-06-20 00:00:00+09:00,43.87447357177735,43.87447357177735,42.84213301714729,43.874473571777344,16985000,0.0,0.0
2002-06-21 00:00:00+09:00,43.77122633283316,44.70033015588655,42.32594846844074,42.53241729736328,22925000,0.0,0.0
2002-06-24 00:00:00+09:00,40.98392466890003,43.04860597274318,40.880688240867634,42.42919921875,24605000,0.0,0.0
2002-06-25 00:00:00+09:00,42.429197380718534,44.28741362413316,42.32596489522523,43.668006896972656,18555000,0.0,0.0
2002-06-26 00:00:00+09:00,43.15182073970477,44.08092852006459,41.08714028385224,41.706546783447266,28740000,0.0,0.0
2002-06-27 00:00:00+09:00,41.80978339235699,42.94535618087369,41.396845684860466,42.222721099853516,19700000,0.0,0.0
2002-06-28 00:00:00+09:00,43.25505917352192,43.874461764381046,42.63565264459716,43.35829162597656,29770000,0.0,0.0
2002-07-01 00:00:00+09:00,43.46153577469865,44.597112747631726,43.35830329446232,43.874473571777344,12320000,0.0,0.0
2002-07-02 00:00:00+09:00,43.97769562381489,46.042376243488185,43.66799431847705,45.4229736328125,37465000,0.0,0.0
2002-07-03 00:00:00+09:00,44.28740000565654,46.04237534778514,44.28740000565654,45.319740295410156,20595000,0.0,0.0
2002-07-04 00:00:00+09:00,45.73267404847219,46.248844193349,45.21650390359538,45.319740295410156,19565000,0.0,0.0
2002-07-05 00:00:00+09:00,45.319759941656486,45.6294613752259,43.87448133424272,44.39065170288086,20700000,0.0,0.0
2002-07-08 00:00:00+09:00,42.01624768641842,42.635650242378574,41.706546408438335,42.11948013305664,52355000,0.0,0.0
2002-07-09 00:00:00+09:00,41.91300584385466,43.04858229932879,41.91300584385466,42.84211349487305,30730000,0.0,0.0
2002-07-10 00:00:00+09:00,43.2550617709627,43.2550617709627,42.7388916015625,42.7388916015625,20975000,0.0,0.0
2002-07-11 00:00:00+09:00,42.842119073720426,43.15182035170051,42.11948013305664,42.11948013305664,13005000,0.0,0.0
2002-07-12 00:00:00+09:00,42.429182695561906,42.738887920983586,41.80978012084961,41.80978012084961,19050000,0.0,0.0
2002-07-15 00:00:00+09:00,41.603317408279025,41.603317408279025,40.26127567344411,40.67421340942383,22190000,0.0,0.0
2002-07-16 00:00:00+09:00,39.74511296590169,39.951581872818444,38.506303462468004,38.712772369384766,65790000,0.0,0.0
2002-07-17 00:00:00+09:00,38.19659964865818,38.609537436302745,37.680429383135774,38.40306854248047,128575000,0.0,0.0
2002-07-18 00:00:00+09:00,38.81599589294487,39.33216607204289,38.09336079266039,39.022464752197266,73985000,0.0,0.0
2002-07-19 00:00:00+09:00,38.816001892089844,39.33217215096373,38.60953693899353,38.816001892089844,48750000,0.0,0.0
2002-07-22 00:00:00+09:00,38.09334915214139,38.91922039871631,37.78364398886915,38.506282806396484,45365000,0.0,0.0
2002-07-23 00:00:00+09:00,38.29982862345198,38.29982862345198,37.473957061767585,37.47395706176758,26735000,0.0,0.0
2002-07-24 00:00:00+09:00,37.78366504545694,37.886901470102245,36.23515411837974,36.85456085205078,45815000,0.0,0.0
2002-07-25 00:00:00+09:00,37.68042218783008,37.78365464599506,36.54484939575195,36.54484939575195,66700000,0.0,0.0
2002-07-26 00:00:00+09:00,36.02868466256585,36.44161849556942,35.20280912042584,35.30604553222656,25700000,0.0,0.0
2002-07-29 00:00:00+09:00,35.822215806677136,37.886896787603,35.71897939479097,36.751319885253906,39290000,0.0,0.0
2002-07-30 00:00:00+09:00,37.783660282584606,38.29983052654377,37.47395892382239,38.196598052978516,47990000,0.0,0.0
2002-07-31 00:00:00+09:00,37.99011352370981,37.99011352370981,37.267474692131465,37.68041229248047,20035000,0.0,0.0
2002-08-01 00:00:00+09:00,37.88688787111159,37.88688787111159,37.3707177473582,37.577186584472656,24585000,0.0,0.0
2002-08-02 00:00:00+09:00,37.7836514835216,37.7836514835216,37.26748135976821,37.577186584472656,15665000,0.0,0.0
2002-08-05 00:00:00+09:00,37.37072111960794,38.093360145685104,37.37072111960794,37.9901237487793,26430000,0.0,0.0
2002-08-06 00:00:00+09:00,37.47395298525343,37.47395298525343,35.615741189088084,36.02867889404297,18995000,0.0,0.0
2002-08-07 00:00:00+09:00,36.85456085205078,37.26749473643121,36.13192163180137,36.85456085205078,28300000,0.0,0.0
2002-08-08 00:00:00+09:00,35.82221354702096,36.441616227000374,35.306043334349376,35.51251220703125,36385000,0.0,0.0
2002-08-09 00:00:00+09:00,34.99634679543385,35.20281175837402,33.86076980892927,34.17047119140625,64690000,0.0,0.0
2002-08-12 00:00:00+09:00,34.3769422208121,34.89311253625392,33.7575394175087,33.96400833129883,19875000,0.0,0.0
2002-08-13 00:00:00+09:00,33.757541054045525,34.067242470711285,32.312262525515756,32.93166732788086,24585000,0.0,0.0
2002-08-14 00:00:00+09:00,32.82842468249111,32.82842468249111,31.796084258902923,31.89931869506836,30570000,0.0,0.0
2002-08-15 00:00:00+09:00,32.10578675093783,32.415488082525236,31.486382118729978,31.796083450317383,42070000,0.0,0.0
2002-08-16 00:00:00+09:00,32.312246086030626,32.72518372353968,32.105779236308685,32.518714904785156,24090000,0.0,0.0
2002-08-19 00:00:00+09:00,32.82842549336386,32.93165993207922,31.796085044276527,32.72519302368164,30100000,0.0,0.0
2002-08-20 00:00:00+09:00,33.24136272445413,33.24136272445413,32.31225475968861,32.415489196777344,16690000,0.0,0.0
2002-08-21 00:00:00+09:00,32.41549029997712,32.621959181181374,32.105788947203926,32.312255859375,21490000,0.0,0.0
2002-08-22 00:00:00+09:00,32.62195013839787,33.860757175127326,32.31224690244103,33.551055908203125,24410000,0.0,0.0
2002-08-23 00:00:00+09:00,33.551055908203125,33.551055908203125,33.551055908203125,33.551055908203125,0,0.0,0.0
2002-08-26 00:00:00+09:00,33.86075710361326,35.09956610675898,33.86075710361326,34.48016357421875,18800000,0.0,0.0
2002-08-27 00:00:00+09:00,34.27370321411733,34.48017208863723,33.03489390506418,33.138126373291016,17290000,0.0,0.0
2002-08-28 00:00:00+09:00,33.24136048332107,33.65429426576979,32.51872144145336,32.62195587158203,16970000,0.0,0.0
2002-08-29 00:00:00+09:00,32.828423555372865,32.828423555372865,32.0025520324707,32.0025520324707,14955000,0.0,0.0
2002-08-30 00:00:00+09:00,32.93165993207922,32.93165993207922,32.209022799137976,32.72519302368164,16580000,0.0,0.0
2002-09-02 00:00:00+09:00,32.312251163842866,32.72518886624434,31.79608100487392,32.20901870727539,15580000,0.0,0.0
2002-09-03 00:00:00+09:00,31.899323676064633,32.00255812834986,31.07345199584961,31.07345199584961,16870000,0.0,0.0
2002-09-04 00:00:00+09:00,30.45403606717786,30.866971755638144,29.628164690257297,30.14433479309082,27595000,0.0,0.0
2002-09-05 00:00:00+09:00,30.350814302950102,30.454048760351213,29.93787844237916,30.041112899780273,28145000,0.0,0.0
2002-09-06 00:00:00+09:00,29.628167760695593,29.628167760695593,28.492593022972965,29.111997604370117,43710000,0.0,0.0
2002-09-09 00:00:00+09:00,30.24757256127435,31.279912948608395,30.041105665227356,31.2799129486084,18770000,0.0,0.0
2002-09-10 00:00:00+09:00,31.79607274449154,31.89930714327238,30.86696709352873,30.97020149230957,16175000,0.0,0.0
2002-09-11 00:00:00+09:00,30.970210212148842,31.279911526657155,30.557274469793445,30.866975784301758,14360000,0.0,0.0
2002-09-12 00:00:00+09:00,31.073444639995923,31.176679067843008,30.557274469793445,30.866975784301758,13880000,0.0,0.0
2002-09-13 00:00:00+09:00,31.383145954504236,31.383145954504236,30.660508897640526,30.866975784301758,36440000,0.0,0.0
2002-09-16 00:00:00+09:00,30.866975784301758,30.866975784301758,30.866975784301758,30.866975784301758,0,0.0,0.0
2002-09-17 00:00:00+09:00,31.796081660550485,33.75752988030641,31.796081660550485,33.24135971069336,45860000,0.0,0.0
2002-09-18 00:00:00+09:00,33.24136704397531,35.20281175837402,33.03489814296841,34.17047119140625,63290000,0.0,0.0
2002-09-19 00:00:00+09:00,36.131897353327645,36.54483489830567,35.61572739113725,35.71895980834961,35960000,0.0,0.0
2002-09-20 00:00:00+09:00,34.78986792044421,35.512506897760055,33.75752764944032,34.376930236816406,14795000,0.0,0.0
2002-09-23 00:00:00+09:00,34.376930236816406,34.376930236816406,34.376930236816406,34.376930236816406,0,0.0,0.0
2002-09-24 00:00:00+09:00,34.06722894312836,34.376930236816406,33.44782635575228,34.376930236816406,16565000,0.0,0.0
2002-09-25 00:00:00+09:00,34.324932308872654,35.9891698639789,34.220918949624256,35.15705108642578,22325000,0.5,0.0
2002-09-26 00:00:00+09:00,35.15703955979734,36.093175357531585,34.53295167321052,34.94900894165039,18570000,0.0,0.0
2002-09-27 00:00:00+09:00,35.46909132048313,35.885152648476996,35.05303396034416,35.36507797241211,14865000,0.0,0.0
2002-09-30 00:00:00+09:00,35.053032169177676,35.78113747203422,34.53295751968796,35.46908950805664,10305000,0.0,0.0
2002-10-01 00:00:00+09:00,35.05302623465087,35.98915806453111,34.32492105506357,34.94900894165039,18755000,0.0,0.0
2002-10-02 00:00:00+09:00,35.36507943960336,35.36507943960336,33.70084199429346,33.80485534667969,8045000,0.0,0.0
2002-10-03 00:00:00+09:00,33.49280488559296,34.012879483295166,31.82856577616047,32.14060974121094,17930000,0.0,0.0
2002-10-04 00:00:00+09:00,31.62053790670447,31.8285685575352,28.916149365541575,29.540239334106445,52685000,0.0,0.0
2002-10-07 00:00:00+09:00,29.64425488176017,30.580388849661865,27.980015614419745,30.164329528808594,41950000,0.0,0.0
2002-10-08 00:00:00+09:00,29.95630075310398,30.68440609815665,29.43622607347421,30.06031608581543,45655000,0.0,0.0
2002-10-09 00:00:00+09:00,30.16433111490364,30.476375125969597,29.124181766113857,29.22819709777832,18380000,0.0,0.0
2002-10-10 00:00:00+09:00,29.12418501667112,29.22820035994476,26.52381135446834,26.731842041015625,42620000,0.0,0.0
2002-10-11 00:00:00+09:00,27.563961016403635,29.020169880862067,26.83585559221058,27.35593032836914,35190000,0.0,0.0
2002-10-14 00:00:00+09:00,27.35593032836914,27.35593032836914,27.35593032836914,27.35593032836914,0,0.0,0.0
2002-10-15 00:00:00+09:00,29.43622398376465,29.644254634419216,28.81213599965557,29.43622398376465,42190000,0.0,0.0
2002-10-16 00:00:00+09:00,29.644258221712978,29.748273559627307,28.292064780609373,28.604108810424805,30375000,0.0,0.0
2002-10-17 00:00:00+09:00,28.084033978957933,28.812139357168604,27.8760033040613,28.18804931640625,17875000,0.0,0.0
2002-10-18 00:00:00+09:00,28.500091396133534,28.7081220568061,27.771988051634388,28.08403205871582,22070000,0.0,0.0
2002-10-21 00:00:00+09:00,28.084033808332993,28.188049145149364,27.251915081657103,27.459943771362305,25605000,0.0,0.0
2002-10-22 00:00:00+09:00,27.459945358826506,27.56396070165602,26.211767196655277,26.211767196655273,27805000,0.0,0.0
2002-10-23 00:00:00+09:00,25.37964248657227,25.483657813207564,24.75555251068784,25.379642486572266,45455000,0.0,0.0
2002-10-24 00:00:00+09:00,24.859573365410494,25.379648130309995,24.54752930004191,25.067604064941406,32015000,0.0,0.0
2002-10-25 00:00:00+09:00,25.587677123605836,26.31578055555714,25.379646437946803,26.211767196655273,19980000,0.0,0.0
2002-10-28 00:00:00+09:00,26.731843872125996,26.835857238596812,25.899723052864886,26.10775375366211,28775000,0.0,0.0
2002-10-29 00:00:00+09:00,26.107753829523173,26.419797897697922,26.003738478822324,26.31578254699707,9040000,0.0,0.0
2002-10-30 00:00:00+09:00,25.795709594612415,26.211771026725472,25.379650146427302,26.003740310668945,16470000,0.0,0.0
2002-10-31 00:00:00+09:00,26.523799844032947,27.1478896489132,26.107740635421713,26.419784545898438,30375000,0.0,0.0
2002-11-01 00:00:00+09:00,26.31578247053154,26.52381317132877,25.587678985596842,26.10775375366211,15285000,0.0,0.0
2002-11-04 00:00:00+09:00,26.107753753662113,26.107753753662113,26.107753753662113,26.10775375366211,0,0.0,0.0
2002-11-05 00:00:00+09:00,26.52381124121617,26.7318419268752,26.10775185382576,26.211767196655273,17855000,0.0,0.0
2002-11-06 00:00:00+09:00,26.73184038150279,27.667974444995046,26.627825044686418,27.459943771362305,35360000,0.0,0.0
2002-11-07 00:00:00+09:00,27.5639592756439,28.60410868227197,27.251915247226496,28.18804931640625,36015000,0.0,0.0
2002-11-08 00:00:00+09:00,28.084035431875943,28.084035431875943,26.211767196655277,26.211767196655273,22015000,0.0,0.0
2002-11-11 00:00:00+09:00,26.003734400360184,26.211765069134064,25.171615693119655,25.2756290435791,20790000,0.0,0.0
2002-11-12 00:00:00+09:00,24.85957344236314,25.899722975381916,24.85957344236314,25.48366355895996,12420000,0.0,0.0
2002-11-13 00:00:00+09:00,25.171617219724943,25.27563057649258,23.71540641784668,23.71540641784668,24720000,0.0,0.0
2002-11-14 00:00:00+09:00,25.275624082172275,25.58767002408092,22.88328178050817,23.091312408447266,40410000,0.0,0.0
2002-11-15 00:00:00+09:00,23.611385550239547,24.23547342803194,23.403354935024097,23.923429489135742,28695000,0.0,0.0
2002-11-18 00:00:00+09:00,24.13146126363866,24.13146126363866,22.155176275931098,22.467222213745117,26415000,0.0,0.0
2002-11-19 00:00:00+09:00,21.531093818996794,22.155181884765625,20.594957752488394,22.155181884765625,43320000,0.0,0.0
2002-11-20 00:00:00+09:00,22.46722829038545,24.235481147210358,22.363212949648076,23.819421768188477,26625000,0.0,0.0
2002-11-21 00:00:00+09:00,26.93987093622783,27.563961016403635,26.41979620006927,27.35593032836914,68320000,0.0,0.0
2002-11-22 00:00:00+09:00,27.355930118222368,27.667976147876985,26.31578065389562,26.52381134033203,27850000,0.0,0.0
2002-11-25 00:00:00+09:00,27.043886280245076,27.45994567238639,26.73184223212101,27.35593032836914,21900000,0.0,0.0
2002-11-26 00:00:00+09:00,27.45995136994901,27.45995136994901,26.835861160283063,27.147907257080078,15935000,0.0,0.0
2002-11-27 00:00:00+09:00,26.31577907268599,27.7719898223877,26.31577907268599,27.771989822387695,34815000,0.0,0.0
2002-11-28 00:00:00+09:00,27.8760033040613,28.292064653854567,27.8760033040613,28.18804931640625,24205000,0.0,0.0
2002-11-29 00:00:00+09:00,28.396080139422686,29.64426031466382,28.292066778092337,29.332216262817383,33650000,0.0,0.0
2002-12-02 00:00:00+09:00,29.332216262817386,29.332216262817386,29.332216262817386,29.332216262817383,0,0.0,0.0
2002-12-03 00:00:00+09:00,29.228198723034325,29.436227414003408,27.8760033040613,28.18804931640625,23615000,0.0,0.0
2002-12-04 00:00:00+09:00,27.251913027950653,27.667972359934332,26.315777051078143,27.043882369995117,21360000,0.0,0.0
2002-12-05 00:00:00+09:00,26.939867041017354,27.355926373001033,25.899717719094465,27.043882369995117,34515000,0.0,0.0
2002-12-06 00:00:00+09:00,26.835853470988525,27.043884142579373,26.419794111734348,26.627824783325195,12245000,0.0,0.0
2002-12-09 00:00:00+09:00,27.147905341812454,27.667980149188445,26.731845892697248,27.251920700073242,26095000,0.0,0.0
2002-12-10 00:00:00+09:00,27.45994943266687,27.980024240042862,26.939874625290877,27.251920700073242,21675000,0.0,0.0
2002-12-11 00:00:00+09:00,26.83585538605899,27.25191675893182,26.107751951386867,26.52381134033203,13880000,0.0,0.0
2002-12-12 00:00:00+09:00,26.627826584045685,26.7318419268752,25.899721168166728,26.211767196655273,11100000,0.0,0.0
2002-12-13 00:00:00+09:00,25.691690381126858,26.211765069134064,25.067600358732715,25.2756290435791,26725000,0.0,0.0
2002-12-16 00:00:00+09:00,25.58768081665039,25.79570954840635,25.275634743124545,25.58768081665039,11380000,0.0,0.0
2002-12-17 00:00:00+09:00,26.003736510996244,26.52381124121617,25.795705825337215,26.211767196655273,14730000,0.0,0.0
2002-12-18 00:00:00+09:00,25.79570954840635,26.315784353688155,25.58768081665039,25.58768081665039,15425000,0.0,0.0
2002-12-19 00:00:00+09:00,25.067606004050624,25.69169616699219,24.651546556732228,25.691696166992188,15975000,0.0,0.0
2002-12-20 00:00:00+09:00,25.795699727482077,25.795699727482077,25.067596467647377,25.171611785888672,9730000,0.0,0.0
2002-12-23 00:00:00+09:00,25.171611785888672,25.171611785888672,25.171611785888672,25.171611785888672,0,0.0,0.0
2002-12-24 00:00:00+09:00,25.483663558959964,25.587678909047398,25.171619492625446,25.48366355895996,10720000,0.0,0.0
2002-12-25 00:00:00+09:00,25.691690552050872,26.211765243518077,25.58767521697193,25.89971923828125,15650000,0.0,0.0
2002-12-26 00:00:00+09:00,26.73183836698921,27.147897698972887,26.627823038011442,27.043882369995117,14190000,0.0,0.0
2002-12-27 00:00:00+09:00,26.523807709033676,27.04388236999512,26.523807709033676,27.043882369995117,5810000,0.0,0.0
2002-12-30 00:00:00+09:00,26.003736622027784,26.731842041015625,25.899721278754143,26.731842041015625,4205000,0.0,0.0
2002-12-31 00:00:00+09:00,26.731842041015625,26.731842041015625,26.731842041015625,26.731842041015625,0,0.0,0.0
2003-01-01 00:00:00+09:00,26.731842041015625,26.731842041015625,26.731842041015625,26.731842041015625,0,0.0,0.0
2003-01-02 00:00:00+09:00,26.731842041015625,26.731842041015625,26.731842041015625,26.731842041015625,0,0.0,0.0
2003-01-03 00:00:00+09:00,26.731842041015625,26.731842041015625,26.731842041015625,26.731842041015625,0,0.0,0.0
2003-01-06 00:00:00+09:00,27.251913229634447,27.77198789444482,27.04388257013934,27.667972564697266,7555000,0.0,0.0
2003-01-07 00:00:00+09:00,28.18804500282185,28.604104305018485,26.939865112304688,26.939865112304688,14580000,0.0,0.0
2003-01-08 00:00:00+09:00,27.04388043383566,27.14789575536663,26.52380581010805,26.939865112304688,11900000,0.0,0.0
2003-01-09 00:00:00+09:00,26.4197960111947,26.731842041015625,26.21176730857507,26.731842041015625,10915000,0.0,0.0
2003-01-10 00:00:00+09:00,27.043886072495404,27.147901415713612,26.31578065389562,26.52381134033203,14125000,0.0,0.0
2003-01-13 00:00:00+09:00,26.52381134033203,26.52381134033203,26.52381134033203,26.52381134033203,0,0.0,0.0
2003-01-14 00:00:00+09:00,26.52381134033203,26.731842026768444,25.899721264950454,26.52381134033203,20920000,0.0,0.0
2003-01-15 00:00:00+09:00,26.523806050138653,27.563955307006836,26.211762066649104,27.563955307006836,24400000,0.0,0.0
2003-01-16 00:00:00+09:00,28.604107379637554,30.164331418526874,28.292063365430675,30.06031608581543,72140000,0.0,0.0
2003-01-17 00:00:00+09:00,30.372356852327353,31.72454999287923,30.26834153753249,31.20447540283203,57535000,0.0,0.0
2003-01-20 00:00:00+09:00,31.204480832126542,31.204480832126542,30.268346803948237,30.37236213684082,25800000,0.0,0.0
2003-01-21 00:00:00+09:00,30.06031439591224,30.78841970003295,29.644255072383555,30.684404373168945,25105000,0.0,0.0
2003-01-22 00:00:00+09:00,30.892438846075592,31.20448288131773,30.476377487182614,30.476377487182617,18500000,0.0,0.0
2003-01-23 00:00:00+09:00,30.268352704356435,31.516530990600586,30.16433735118746,31.516530990600586,31315000,0.0,0.0
2003-01-24 00:00:00+09:00,32.244632720947266,32.86872278329951,32.03660203885398,32.244632720947266,32935000,0.0,0.0
2003-01-27 00:00:00+09:00,31.204469735225164,31.620528934909483,30.788410535540848,31.30848503112793,14980000,0.0,0.0
2003-01-28 00:00:00+09:00,30.268346751238322,30.580390765445202,29.95630075310398,30.06031608581543,17775000,0.0,0.0
2003-01-29 00:00:00+09:00,29.74827177217321,29.956300451574705,29.02016643444939,29.22819709777832,14910000,0.0,0.0
2003-01-30 00:00:00+09:00,29.1241744631764,29.852279618326587,28.812130530356,29.74826431274414,11120000,0.0,0.0
2003-01-31 00:00:00+09:00,29.644256790520217,30.37236213684082,29.124182109984773,30.37236213684082,21925000,0.0,0.0
2003-02-03 00:00:00+09:00,30.06031444160302,30.892435073852536,29.85228577148615,30.89243507385254,17985000,0.0,0.0
2003-02-04 00:00:00+09:00,31.308502257102788,32.03660576117206,31.10047155083851,31.932592391967773,29585000,0.0,0.0
2003-02-05 00:00:00+09:00,30.99645016634138,31.412511497911705,30.37236213684082,30.37236213684082,27875000,0.0,0.0
2003-02-06 00:00:00+09:00,30.268346803948237,30.58039081869852,29.748272123412796,30.37236213684082,32935000,0.0,0.0
2003-02-07 00:00:00+09:00,29.852291005179907,30.164335057026342,29.124185572301297,29.332216262817383,21790000,0.0,0.0
2003-02-10 00:00:00+09:00,29.332212724690223,30.164331418526874,29.228197391978775,30.06031608581543,17615000,0.0,0.0
2003-02-11 00:00:00+09:00,30.06031608581543,30.06031608581543,30.06031608581543,30.06031608581543,0,0.0,0.0
2003-02-12 00:00:00+09:00,30.476368078628795,30.89242930907686,30.268339447331744,30.788414001464844,28035000,0.0,0.0
2003-02-13 00:00:00+09:00,30.996448416947295,31.100463743969403,30.4763737657641,30.89243507385254,20450000,0.0,0.0
2003-02-14 00:00:00+09:00,30.78842748627346,31.516530990600586,30.58039677993551,31.516530990600586,31020000,0.0,0.0
2003-02-17 00:00:00+09:00,31.724546385119417,31.93257699105161,31.30848715718192,31.62053108215332,24300000,0.0,0.0
2003-02-18 00:00:00+09:00,31.724553722174704,31.724553722174704,30.268345095647234,30.89243507385254,21070000,0.0,0.0
2003-02-19 00:00:00+09:00,30.996448170515137,30.996448170515137,29.956298876418288,30.164329528808594,17310000,0.0,0.0
2003-02-20 00:00:00+09:00,30.164323551146985,30.37235416231188,29.4362183959968,29.74826431274414,16220000,0.0,0.0
2003-02-21 00:00:00+09:00,29.748272071608547,30.268346751238322,29.540241406185654,30.06031608581543,13920000,0.0,0.0
2003-02-24 00:00:00+09:00,29.644249007161694,29.852279618326587,29.228189768758845,29.74826431274414,15185000,0.0,0.0
2003-02-25 00:00:00+09:00,29.43621407021926,29.540229360516214,28.604095715696918,28.916139602661133,23705000,0.0,0.0
2003-02-26 00:00:00+09:00,28.812143255119466,29.332218028793626,28.29206848144531,28.292068481445312,11170000,0.0,0.0
2003-02-27 00:00:00+09:00,28.39608003350504,29.020170118797743,28.39608003350504,28.708126068115234,27640000,0.0,0.0
2003-02-28 00:00:00+09:00,29.22820091755934,29.540244969405776,28.812141520454862,29.332216262817383,15245000,0.0,0.0
2003-03-03 00:00:00+09:00,29.540241406185654,30.06031608581543,29.332212724690223,30.06031608581543,16635000,0.0,0.0
2003-03-04 00:00:00+09:00,29.852293088928846,30.268352515075094,29.644262383891803,29.95630645751953,15010000,0.0,0.0
2003-03-05 00:00:00+09:00,29.644258521893903,30.06031789383672,29.644258521893903,29.8522891998291,10370000,0.0,0.0
2003-03-06 00:00:00+09:00,29.95630075310398,30.372362083949767,29.95630075310398,30.06031608581543,14770000,0.0,0.0
2003-03-07 00:00:00+09:00,29.85229287570583,29.85229287570583,28.812143325805668,28.812143325805664,19265000,0.0,0.0
2003-03-10 00:00:00+09:00,28.7081183382853,28.812133655148628,27.87599778730582,28.396072387695312,15850000,0.0,0.0
2003-03-11 00:00:00+09:00,27.45995136994901,27.66798210114702,27.043891891481074,27.147907257080078,17380000,0.0,0.0
2003-03-12 00:00:00+09:00,27.251913383880392,28.396076065797253,27.251913383880392,28.08403205871582,12950000,0.0,0.0
2003-03-13 00:00:00+09:00,27.8760050645277,28.500095144703508,27.35593032836914,27.35593032836914,8225000,0.0,0.0
2003-03-14 00:00:00+09:00,28.292056913298975,28.292056913298975,27.87599567733784,27.980010986328125,27960000,0.0,0.0
2003-03-17 00:00:00+09:00,28.084029935440928,28.084029935440928,27.355924662062293,27.563955307006836,7330000,0.0,0.0
2003-03-18 00:00:00+09:00,28.08403169191801,28.292062349873543,26.939867041017354,27.043882369995117,23100000,0.0,0.0
2003-03-19 00:00:00+09:00,27.043886086908895,27.043886086908895,26.10775196530143,26.731842041015625,17875000,0.0,0.0
2003-03-20 00:00:00+09:00,26.93986947281405,29.228198981177318,26.93986947281405,29.02016830444336,27595000,0.0,0.0
2003-03-21 00:00:00+09:00,29.02016830444336,29.02016830444336,29.02016830444336,29.02016830444336,0,0.0,0.0
2003-03-24 00:00:00+09:00,29.852279264563805,30.268338498036165,29.12417411804199,29.124174118041992,17605000,0.0,0.0
2003-03-25 00:00:00+09:00,28.916154773927676,29.64426020409045,28.39608003350504,28.708126068115234,19395000,0.0,0.0
2003-03-26 00:00:00+09:00,29.60032432283866,29.70528840743767,28.97052980493668,29.18045997619629,6590000,0.5,0.0
2003-03-27 00:00:00+09:00,29.285438880574247,30.125165939331055,29.285438880574247,30.125165939331055,11545000,0.0,0.0
2003-03-28 00:00:00+09:00,30.020199806728648,30.335096202473412,30.020199806728648,30.125165939331055,13060000,0.0,0.0
2003-03-31 00:00:00+09:00,30.23013496398926,30.3351011135852,29.600342070539185,30.230134963989258,21935000,0.0,0.0
2003-04-01 00:00:00+09:00,30.125164714439105,30.125164714439105,29.285437689825674,29.6003360748291,26845000,0.0,0.0
2003-04-02 00:00:00+09:00,29.7052994533276,29.915231704711914,29.60033532969777,29.915231704711914,14615000,0.0,0.0
2003-04-03 00:00:00+09:00,30.125163956096227,30.440060331110367,29.810265579019756,29.915231704711914,24920000,0.0,0.0
2003-04-04 00:00:00+09:00,30.02019783040407,30.230128079726057,29.60033532969777,29.915231704711914,14880000,0.0,0.0
2003-04-07 00:00:00+09:00,29.81026118784864,30.44005584716797,29.600330969450216,30.44005584716797,18445000,0.0,0.0
2003-04-08 00:00:00+09:00,29.915233674126238,30.230130069871006,29.70530140892142,30.125165939331055,32195000,0.0,0.0
2003-04-09 00:00:00+09:00,30.125164714439105,30.125164714439105,28.760609050215674,29.6003360748291,21440000,0.0,0.0
2003-04-10 00:00:00+09:00,28.970546562665923,29.180476855357654,28.34075168046526,28.550683975219727,18120000,0.0,0.0
2003-04-11 00:00:00+09:00,28.235779552077346,28.655642050586664,27.501020680201616,27.920883178710938,20585000,0.0,0.0
2003-04-14 00:00:00+09:00,27.501022044441587,28.340747083116366,26.556328873354445,26.871227264404297,17735000,0.0,0.0
2003-04-15 00:00:00+09:00,27.081157523041785,27.605986172729125,26.766261134054346,26.871227264404297,17645000,0.0,0.0
2003-04-16 00:00:00+09:00,27.291084993382167,27.605981327096366,26.976188659667965,26.97618865966797,13800000,0.0,0.0
2003-04-17 00:00:00+09:00,27.081158454258873,27.186124588218206,26.766262054443356,26.76626205444336,9920000,0.0,0.0
2003-04-18 00:00:00+09:00,26.9761910943349,27.920882182800234,26.871224972936034,27.815916061401367,16505000,0.0,0.0
2003-04-21 00:00:00+09:00,27.815916061401367,28.025848304199105,27.081155213671526,27.815916061401367,13070000,0.0,0.0
2003-04-22 00:00:00+09:00,27.501015488219537,27.605979591483706,26.97618696365093,27.18611717224121,12860000,0.0,0.0
2003-04-23 00:00:00+09:00,27.186124588218206,27.186124588218206,26.13646725274984,26.76626205444336,19275000,0.0,0.0
2003-04-24 00:00:00+09:00,26.556331634521484,26.871230058312577,26.241435212793018,26.556331634521484,7750000,0.0,0.0
2003-04-25 00:00:00+09:00,26.661300372567595,26.661300372567595,25.716609013307632,25.821575164794922,12300000,0.0,0.0
2003-04-28 00:00:00+09:00,25.19177085592805,25.19177085592805,24.247079849243164,24.247079849243164,16120000,0.0,0.0
2003-04-29 00:00:00+09:00,24.247079849243164,24.247079849243164,24.247079849243164,24.247079849243164,0,0.0,0.0
2003-04-30 00:00:00+09:00,25.716601676940922,26.346396404135596,25.086806949746244,26.241430282592773,20690000,0.0,0.0
2003-05-01 00:00:00+09:00,26.241432120459528,26.55632850508009,25.716603478050338,26.0314998626709,10185000,0.0,0.0
2003-05-02 00:00:00+09:00,26.766261293463337,27.081157684326172,26.24143264065033,27.081157684326172,23130000,0.0,0.0
2003-05-05 00:00:00+09:00,27.081157684326172,27.081157684326172,27.081157684326172,27.081157684326172,0,0.0,0.0
2003-05-06 00:00:00+09:00,27.291089093861068,27.710951602584917,27.18612296616451,27.396055221557617,20395000,0.0,0.0
2003-05-07 00:00:00+09:00,27.605978265488844,28.340738965416982,27.605978265488844,28.025842666625977,16480000,0.0,0.0
2003-05-08 00:00:00+09:00,27.605985474888364,27.710951602584917,27.081156838467958,27.396055221557617,10300000,0.0,0.0
2003-05-09 00:00:00+09:00,27.92088089416337,28.025847010717722,27.291086196899414,27.291086196899414,22355000,0.0,0.0
2003-05-12 00:00:00+09:00,27.81591477760902,27.81591477760902,27.08115396379071,27.291086196899414,15630000,0.0,0.0
2003-05-13 00:00:00+09:00,27.501019615115418,27.920882097363894,27.396053494037737,27.60598373413086,12880000,0.0,0.0
2003-05-14 00:00:00+09:00,27.81591705356803,28.235779552077346,27.501020680201616,27.920883178710938,15985000,0.0,0.0
2003-05-15 00:00:00+09:00,27.186118881456746,27.39605110530759,26.766256435817123,26.97618865966797,20500000,0.0,0.0
2003-05-16 00:00:00+09:00,26.346396404135596,26.66129276670181,26.136464161049954,26.241430282592773,25460000,0.0,0.0
2003-05-19 00:00:00+09:00,25.716597497918137,25.821563602403657,25.191768977552464,25.611631393432617,19625000,0.0,0.0
2003-05-20 00:00:00+09:00,25.296741485595703,25.506671745646074,24.981843092426505,25.296741485595703,30405000,0.0,0.0
2003-05-21 00:00:00+09:00,25.401706622180125,25.61163687401177,25.08680824133914,25.191774368286133,19645000,0.0,0.0
2003-05-22 00:00:00+09:00,24.98183764470015,25.50666618347168,24.77190743042873,25.50666618347168,25135000,0.0,0.0
2003-05-23 00:00:00+09:00,26.03149894742803,26.451363448243253,25.821568699082732,26.136465072631836,24445000,0.0,0.0
2003-05-26 00:00:00+09:00,26.34639739990234,26.556327648860087,26.24143127439231,26.346397399902344,17360000,0.0,0.0
2003-05-27 00:00:00+09:00,25.9265306161385,26.136460830409916,25.296735969200263,25.50666618347168,17935000,0.0,0.0
2003-05-28 00:00:00+09:00,25.92654131628221,26.13647161719397,25.506676710333057,25.821575164794922,15050000,0.0,0.0
2003-05-29 00:00:00+09:00,26.031493809312774,26.136459913798294,25.611631393432617,25.611631393432617,24480000,0.0,0.0
2003-05-30 00:00:00+09:00,25.716597497918137,26.031493809312774,25.611631393432617,25.611631393432617,21835000,0.0,0.0
2003-06-02 00:00:00+09:00,26.13647161719397,26.346403920168548,25.821575164794922,25.821575164794922,27610000,0.0,0.0
2003-06-03 00:00:00+09:00,26.136459913798294,26.136459913798294,25.506665288947097,25.611631393432617,32905000,0.0,0.0
2003-06-04 00:00:00+09:00,25.611631178659433,25.716597282264733,25.296734869905443,25.401700973510742,33795000,0.0,0.0
2003-06-05 00:00:00+09:00,25.82157011881241,27.081157684326172,25.611637856862238,27.081157684326172,67860000,0.0,0.0
2003-06-06 00:00:00+09:00,27.396054555058708,28.130813426934438,26.97619205654939,27.920883178710938,73610000,0.0,0.0
2003-06-09 00:00:00+09:00,28.4457075244366,29.180466285812564,27.920878979712906,28.655637741088867,58985000,0.0,0.0
2003-06-10 00:00:00+09:00,28.34074720415061,29.180472246411583,28.23578107335238,29.07550811767578,38180000,0.0,0.0
2003-06-11 00:00:00+09:00,28.86557136263166,29.810262388632637,28.86557136263166,29.390399932861328,47880000,0.0,0.0
2003-06-12 00:00:00+09:00,29.810255142689588,29.810255142689588,28.865564346313473,28.865564346313477,25770000,0.0,0.0
2003-06-13 00:00:00+09:00,28.86558041528869,28.86558041528869,28.34075168046526,28.550683975219727,42495000,0.0,0.0
2003-06-16 00:00:00+09:00,28.4457075244366,28.655637741088867,27.920878979712906,28.655637741088867,16625000,0.0,0.0
2003-06-17 00:00:00+09:00,29.075502178517436,29.495364613883986,28.235775305722317,28.655637741088867,21625000,0.0,0.0
2003-06-18 00:00:00+09:00,28.970539093017578,29.28543545189492,28.760606852391202,28.970539093017578,16780000,0.0,0.0
2003-06-19 00:00:00+09:00,29.180465963553903,29.180465963553903,27.92087867136468,28.235774993896484,19820000,0.0,0.0
2003-06-20 00:00:00+09:00,27.71095027914207,28.445711135864258,27.605984156458575,28.445711135864258,29595000,0.0,0.0
2003-06-23 00:00:00+09:00,29.390407013024024,30.335098266601562,28.97054445610763,30.335098266601562,45980000,0.0,0.0
2003-06-24 00:00:00+09:00,29.390405013176654,30.125165939331055,29.18047274797184,30.125165939331055,59210000,0.0,0.0
2003-06-25 00:00:00+09:00,30.335087288486264,31.699642607217097,30.335087288486264,30.964881896972656,67030000,0.0,0.0
2003-06-26 00:00:00+09:00,30.8599077414166,31.06983989014474,30.02018315062675,30.545011520385742,33825000,0.0,0.0
2003-06-27 00:00:00+09:00,30.964883232116698,31.48971176147461,30.754951019548752,31.48971176147461,24135000,0.0,0.0
2003-06-30 00:00:00+09:00,31.17481555748816,32.119506513338294,30.96488334416059,31.699644088745117,35680000,0.0,0.0
2003-07-01 00:00:00+09:00,31.80460819334694,32.014540406674506,31.279779662089982,31.699644088745117,21830000,0.0,0.0
2003-07-02 00:00:00+09:00,32.01454134673272,33.27413065956013,32.01454134673272,32.959232330322266,42535000,0.0,0.0
2003-07-03 00:00:00+09:00,33.27413283442491,34.11385776315463,30.754954044111464,31.804611206054688,57365000,0.0,0.0
2003-07-04 00:00:00+09:00,31.27979021341346,32.32944762999865,31.17482607340505,32.224483489990234,18980000,0.0,0.0
2003-07-07 00:00:00+09:00,33.37909679512519,33.69399314143194,33.169166564941406,33.169166564941406,34935000,0.0,0.0
2003-07-08 00:00:00+09:00,34.21882596657423,34.323794097785985,33.58903319580284,33.79896545410156,34135000,0.0,0.0
2003-07-09 00:00:00+09:00,33.79895672280316,35.058545943080524,33.48405841670289,34.84861373901367,32025000,0.0,0.0
2003-07-10 00:00:00+09:00,34.953591883423165,36.423113898224884,34.848627741276765,36.318145751953125,74975000,0.0,0.0
2003-07-11 00:00:00+09:00,36.00323302297512,36.00323302297512,34.63867977216893,35.05854415893555,41990000,0.0,0.0
2003-07-14 00:00:00+09:00,35.163523830064484,35.79331668507223,35.0585596889383,35.47842025756836,36350000,0.0,0.0
2003-07-15 00:00:00+09:00,35.16351819444309,35.26848231874678,33.69399642944336,33.69399642944336,40480000,0.0,0.0
2003-07-16 00:00:00+09:00,33.798961259617045,34.11385760592379,32.32943963801984,33.169166564941406,33345000,0.0,0.0
2003-07-17 00:00:00+09:00,32.5393598618952,32.64432593928134,31.27977093738437,31.384737014770508,34440000,0.0,0.0
2003-07-18 00:00:00+09:00,31.17482165771916,32.85427168472351,30.85992327610908,32.53937530517578,27405000,0.0,0.0
2003-07-21 00:00:00+09:00,32.53937530517578,32.53937530517578,32.53937530517578,32.53937530517578,0,0.0,0.0
2003-07-22 00:00:00+09:00,33.06420191391293,33.06420191391293,31.90957858952257,32.32944107055664,13200000,0.0,0.0
2003-07-23 00:00:00+09:00,32.43440561646639,34.533721923828125,32.329439500788986,34.533721923828125,28770000,0.0,0.0
2003-07-24 00:00:00+09:00,34.95358238241349,35.47841095873839,34.32378969247331,34.533721923828125,38545000,0.0,0.0
2003-07-25 00:00:00+09:00,34.95357716885445,35.37344156893851,34.00888827485084,35.163509368896484,26230000,0.0,0.0
2003-07-28 00:00:00+09:00,35.58337822938826,36.10820679321921,35.478410114147565,36.003238677978516,33490000,0.0,0.0
2003-07-29 00:00:00+09:00,36.528071870504334,36.84296824788051,35.68834686279297,35.68834686279297,28740000,0.0,0.0
2003-07-30 00:00:00+09:00,35.58337264033205,36.00323302297512,35.05854415893555,35.05854415893555,17865000,0.0,0.0
2003-07-31 00:00:00+09:00,35.163523830064484,35.688352543946046,34.848627402560616,35.47842025756836,20395000,0.0,0.0
2003-08-01 00:00:00+09:00,36.00324897144992,36.31814539895379,35.47842025756836,35.47842025756836,18900000,0.0,0.0
2003-08-04 00:00:00+09:00,35.5833724405808,36.10820091903112,34.848611769925654,35.79330062866211,15945000,0.0,0.0
2003-08-05 00:00:00+09:00,35.79331174357577,35.79331174357577,35.26848310215018,35.373451232910156,25345000,0.0,0.0
2003-08-06 00:00:00+09:00,34.848620857701576,34.95358497911463,33.69399550153514,34.00889587402344,31460000,0.0,0.0
2003-08-07 00:00:00+09:00,34.113848289246285,34.113848289246285,32.329430808676456,32.64432907104492,40510000,0.0,0.0
2003-08-08 00:00:00+09:00,33.48405709349025,34.95357645770058,33.37909099560484,34.32378387451172,30705000,0.0,0.0
2003-08-11 00:00:00+09:00,34.32379224238717,34.428756363800225,33.58903138012209,34.00889587402344,8825000,0.0,0.0
2003-08-12 00:00:00+09:00,34.21881888933201,34.6386833190918,34.11385478395405,34.6386833190918,14040000,0.0,0.0
2003-08-13 00:00:00+09:00,34.533716772894074,35.163509368896484,34.428748670811224,35.163509368896484,21415000,0.0,0.0
2003-08-14 00:00:00+09:00,35.05856002969492,36.423113898224884,34.63869545285861,36.318145751953125,29415000,0.0,0.0
2003-08-15 00:00:00+09:00,36.633046186643035,36.842974470935836,35.89828517924218,36.318145751953125,27260000,0.0,0.0
2003-08-18 00:00:00+09:00,36.42310641126366,36.94793502236509,36.10821004542772,36.73800277709961,30375000,0.0,0.0
2003-08-19 00:00:00+09:00,37.7876626407639,38.62738767640035,37.36779812088326,38.20752716064453,52645000,0.0,0.0
2003-08-20 00:00:00+09:00,38.73234558105469,39.04724188575356,38.207517071848656,38.73234558105469,47410000,0.0,0.0
2003-08-21 00:00:00+09:00,38.31247568130493,38.52240785572576,37.577715072893625,37.78764724731445,39500000,0.0,0.0
2003-08-22 00:00:00+09:00,37.892623541521566,37.892623541521566,37.36779493843055,37.47276306152344,14405000,0.0,0.0
2003-08-25 00:00:00+09:00,37.157867267630564,37.472763633466506,36.63303865652914,36.73800277709961,22400000,0.0,0.0
2003-08-26 00:00:00+09:00,36.318140825306486,38.31249128855228,36.318140825306486,38.20752716064453,31845000,0.0,0.0
2003-08-27 00:00:00+09:00,37.997588511379405,38.10255262163736,37.15786361694336,37.15786361694336,29560000,0.0,0.0
2003-08-28 00:00:00+09:00,36.9479248182685,37.367785188719935,35.47840351137988,36.10820007324219,31420000,0.0,0.0
2003-08-29 00:00:00+09:00,36.42310641126366,36.73800277709961,35.89827780016224,36.73800277709961,14330000,0.0,0.0
2003-09-01 00:00:00+09:00,37.15787242686784,37.682701110839844,36.7380078780402,37.682701110839844,23320000,0.0,0.0
2003-09-02 00:00:00+09:00,38.207520736019454,38.52241707091745,36.94793139230331,37.15786361694336,33580000,0.0,0.0
2003-09-03 00:00:00+09:00,38.207517258691176,38.207517258691176,37.47275654138485,37.577720642089844,19710000,0.0,0.0
2003-09-04 00:00:00+09:00,37.78765797234439,38.2075224403535,37.36779350433528,38.10255432128906,28895000,0.0,0.0
2003-09-05 00:00:00+09:00,37.89261489074486,38.10254708487924,36.84295792419655,37.3677864074707,23020000,0.0,0.0
2003-09-08 00:00:00+09:00,36.842968881372045,37.36779752073133,36.73800475515009,36.94793701171875,14145000,0.0,0.0
2003-09-09 00:00:00+09:00,37.26282391482837,38.31248092651367,37.26282391482837,38.31248092651367,25790000,0.0,0.0
2003-09-10 00:00:00+09:00,37.99758771450557,38.83731259133116,37.78765549426816,38.62738037109375,44085000,0.0,0.0
2003-09-11 00:00:00+09:00,38.102559028611964,38.73235580843292,38.102559028611964,38.20752716064453,25740000,0.0,0.0
2003-09-12 00:00:00+09:00,38.73235580843292,38.73235580843292,37.89262676867165,38.20752716064453,36835000,0.0,0.0
2003-09-15 00:00:00+09:00,38.20752716064453,38.20752716064453,38.20752716064453,38.20752716064453,0,0.0,0.0
2003-09-16 00:00:00+09:00,38.102548723351866,38.62737722919452,37.89261652019006,38.31248092651367,22865000,0.0,0.0
2003-09-17 00:00:00+09:00,39.047248115278,39.88697306315104,38.94227999421612,39.362144470214844,70845000,0.0,0.0
2003-09-18 00:00:00+09:00,39.15221479596693,39.25718292390229,38.73235429659945,38.837318420410156,26055000,0.0,0.0
2003-09-19 00:00:00+09:00,39.25717358152394,39.36213768035541,37.892616271972656,37.892616271972656,24505000,0.0,0.0
2003-09-22 00:00:00+09:00,37.997585053157394,38.627377665634945,36.9479280296123,37.577720642089844,21170000,0.0,0.0
2003-09-23 00:00:00+09:00,37.577720642089844,37.577720642089844,37.577720642089844,37.577720642089844,0,0.0,0.0
2003-09-24 00:00:00+09:00,37.68268316216563,38.31247568130493,37.262818813323975,37.78764724731445,21350000,0.0,0.0
2003-09-25 00:00:00+09:00,37.3677955087715,37.682695878731984,36.318138286568654,36.73800277709961,12880000,0.0,0.0
2003-09-26 00:00:00+09:00,36.73799245189841,37.26282091549695,36.63302836082806,36.84295654296875,14835000,0.0,0.0
2003-09-29 00:00:00+09:00,37.157853602573084,37.157853602573084,36.52805709838867,36.52805709838867,15150000,0.0,0.0
2003-09-30 00:00:00+09:00,36.842974470935836,37.26283904777214,36.318145751953125,36.318145751953125,21520000,0.0,0.0
2003-10-01 00:00:00+09:00,36.52806604564054,37.47275903125047,36.52806604564054,37.052894592285156,14685000,0.0,0.0
2003-10-02 00:00:00+09:00,37.89261934488242,39.88696941740214,37.78765523753887,39.782005310058594,45065000,0.0,0.0
2003-10-03 00:00:00+09:00,39.886969346266525,41.25152275991926,38.83731225820688,40.93662643432617,59860000,0.0,0.0
2003-10-06 00:00:00+09:00,41.461454978355995,41.88131941522946,40.93662643432617,40.93662643432617,36470000,0.0,0.0
2003-10-07 00:00:00+09:00,41.04160469701942,41.04160469701942,39.88698310356635,40.41181182861328,20490000,0.0,0.0
2003-10-08 00:00:00+09:00,40.096903847236206,40.62173242114211,39.78200750371751,39.99193572998047,16510000,0.0,0.0
2003-10-09 00:00:00+09:00,39.88696941740214,40.096901636213275,39.467104979779876,39.782005310058594,15140000,0.0,0.0
2003-10-10 00:00:00+09:00,40.30684495139713,41.14657005369183,40.201876811032086,40.51677322387695,26855000,0.0,0.0
2003-10-13 00:00:00+09:00,40.51677322387696,40.51677322387696,40.51677322387696,40.51677322387695,0,0.0,0.0
2003-10-14 00:00:00+09:00,41.46144661088408,42.19620722506616,41.25151443481445,41.25151443481445,31065000,0.0,0.0
2003-10-15 00:00:00+09:00,41.77636407547046,41.77636407547046,40.72670666651831,41.041603088378906,13815000,0.0,0.0
2003-10-16 00:00:00+09:00,40.936618172771624,41.356482524910874,40.726685996701995,41.25151443481445,15280000,0.0,0.0
2003-10-17 00:00:00+09:00,41.461452724621125,42.301177548598815,41.14655641614496,41.881317138671875,26190000,0.0,0.0
2003-10-20 00:00:00+09:00,41.67139037445297,43.035943892160006,41.14656179040223,42.826011657714844,30950000,0.0,0.0
2003-10-21 00:00:00+09:00,42.8260125676553,42.8260125676553,41.041594543143745,41.35649490356445,23085000,0.0,0.0
2003-10-22 00:00:00+09:00,41.14655801164603,41.14655801164603,39.57207240408909,40.096900939941406,18095000,0.0,0.0
2003-10-23 00:00:00+09:00,38.83731401902269,39.36214258684732,37.36779242746404,37.997589111328125,28100000,0.0,0.0
2003-10-24 00:00:00+09:00,38.312474425372116,38.942266923866,37.68268192687823,38.41743850708008,14585000,0.0,0.0
2003-10-27 00:00:00+09:00,38.83730284215804,39.152199091404974,38.41743850708008,38.41743850708008,11225000,0.0,0.0
2003-10-28 00:00:00+09:00,38.41744815085634,38.94227669938784,38.20751993474298,38.62738037109375,14315000,0.0,0.0
2003-10-29 00:00:00+09:00,39.25718292390229,39.362147047712995,38.31248979310732,38.837318420410156,14945000,0.0,0.0
2003-10-30 00:00:00+09:00,39.25717676509277,39.88696941740214,38.83731232747051,39.782005310058594,17925000,0.0,0.0
2003-10-31 00:00:00+09:00,39.88697288027752,40.62173370784435,38.94227981567383,38.94227981567383,29685000,0.0,0.0
2003-11-03 00:00:00+09:00,38.94227981567383,38.94227981567383,38.94227981567383,38.94227981567383,0,0.0,0.0
2003-11-04 00:00:00+09:00,40.30683933848429,41.14656432384342,40.09690709111336,40.72669982910156,25045000,0.0,0.0
2003-11-05 00:00:00+09:00,40.8316650390625,40.9366291531902,39.88697199541609,40.8316650390625,22040000,0.0,0.0
2003-11-06 00:00:00+09:00,41.35650233029679,41.881331019746625,40.411809087637046,40.51677322387695,38600000,0.0,0.0
2003-11-07 00:00:00+09:00,40.51675930905619,41.14655592257768,38.31248117204036,38.73234558105469,40570000,0.0,0.0
2003-11-10 00:00:00+09:00,37.68268874691862,37.68268874691862,36.423099517839745,37.577720642089844,35715000,0.0,0.0
2003-11-11 00:00:00+09:00,37.157859263110225,37.26282336106941,34.743644968812426,35.163509368896484,28090000,0.0,0.0
2003-11-12 00:00:00+09:00,34.95357827726268,35.47840679194867,33.798957146603,34.113853454589844,39800000,0.0,0.0
2003-11-13 00:00:00+09:00,35.16350805617114,35.89826872682629,35.16350805617114,35.79330062866211,17780000,0.0,0.0
2003-11-14 00:00:00+09:00,36.318131159234134,36.842959667339386,34.84861373901367,34.84861373901367,32095000,0.0,0.0
2003-11-17 00:00:00+09:00,34.32379318763953,34.84862181740734,33.69399642944336,33.69399642944336,16775000,0.0,0.0
2003-11-18 00:00:00+09:00,33.48406291124815,33.58902902737112,32.53937187026577,33.169166564941406,24130000,0.0,0.0
2003-11-19 00:00:00+09:00,32.959223828219585,34.00888265284898,32.85425774555049,33.06418991088867,21135000,0.0,0.0
2003-11-20 00:00:00+09:00,33.06420044881845,33.48406291124815,32.7493041025117,33.169166564941406,19625000,0.0,0.0
2003-11-21 00:00:00+09:00,33.169155993557766,33.69398240278021,32.959223828219585,33.06418991088867,21605000,0.0,0.0
2003-11-24 00:00:00+09:00,33.06418991088867,33.06418991088867,33.06418991088867,33.06418991088867,0,0.0,0.0
2003-11-25 00:00:00+09:00,34.113855533403715,34.113855533403715,32.85426622057631,32.959232330322266,23995000,0.0,0.0
2003-11-26 00:00:00+09:00,33.379096653438786,34.84861826879821,33.169166424146105,34.533721923828125,25645000,0.0,0.0
2003-11-27 00:00:00+09:00,34.74364386679881,35.26847234819531,34.32378348415574,35.05854415893555,19775000,0.0,0.0
2003-11-28 00:00:00+09:00,35.058550500153025,35.058550500153025,34.218821574733774,34.533721923828125,17640000,0.0,0.0
2003-12-01 00:00:00+09:00,33.90393411592368,35.688352543946046,33.798969974797494,35.47842025756836,17890000,0.0,0.0
2003-12-02 00:00:00+09:00,36.10820521159911,36.84296196547912,36.10820521159911,36.633033752441406,29560000,0.0,0.0
2003-12-03 00:00:00+09:00,36.42310641126366,36.73800277709961,36.318138286568654,36.73800277709961,16630000,0.0,0.0
2003-12-04 00:00:00+09:00,36.528072498581416,37.26283339450937,36.528072498581416,36.94793701171875,20295000,0.0,0.0
2003-12-05 00:00:00+09:00,36.633025184480935,36.84295334841934,36.3181249303272,36.52805709838867,10210000,0.0,0.0
2003-12-08 00:00:00+09:00,36.10820112172855,36.213165216358426,34.74364386679881,35.05854415893555,15075000,0.0,0.0
2003-12-09 00:00:00+09:00,34.84861373901367,35.058545943080524,34.32378523090841,34.84861373901367,15900000,0.0,0.0
2003-12-10 00:00:00+09:00,34.32378360825536,34.533715802397694,33.69398702582837,33.9039192199707,14690000,0.0,0.0
2003-12-11 00:00:00+09:00,33.798957146603,34.21881755587752,33.48405883655426,34.113853454589844,10025000,0.0,0.0
2003-12-12 00:00:00+09:00,33.58901479470726,34.323775294166,33.58901479470726,34.218807220458984,36220000,0.0,0.0
2003-12-15 00:00:00+09:00,34.74365266661363,35.58338165283203,34.74365266661363,35.58338165283203,29605000,0.0,0.0
2003-12-16 00:00:00+09:00,34.63869202668306,35.05855656198981,34.42875975902968,34.743656158447266,14630000,0.0,0.0
2003-12-17 00:00:00+09:00,34.84861373901367,34.84861373901367,34.42874933087997,34.84861373901367,13845000,0.0,0.0
2003-12-18 00:00:00+09:00,34.32378257493389,35.268471413949065,34.218814478961015,34.953575134277344,33050000,0.0,0.0
2003-12-19 00:00:00+09:00,35.68834504047538,36.318137763069274,35.37344867917844,35.898277282714844,34970000,0.0,0.0
2003-12-22 00:00:00+09:00,35.68834253825993,36.633035560040014,35.68834253825993,36.42310333251953,19035000,0.0,0.0
2003-12-23 00:00:00+09:00,36.42310333251953,36.42310333251953,36.42310333251953,36.42310333251953,0,0.0,0.0
2003-12-24 00:00:00+09:00,36.213175493128155,36.31813961754532,35.478414609833955,35.68834686279297,9365000,0.0,0.0
2003-12-25 00:00:00+09:00,35.58338092141789,35.898277282714844,35.163516436938984,35.898277282714844,11320000,0.0,0.0
2003-12-26 00:00:00+09:00,36.10820521159911,36.73799785896026,35.688340777275684,36.633033752441406,10565000,0.0,0.0
2003-12-29 00:00:00+09:00,37.157867267630564,37.26283138820103,36.73800277709961,36.73800277709961,8570000,0.0,0.0
2003-12-30 00:00:00+09:00,37.05289550256126,37.26282772720131,36.94793139230331,37.15786361694336,6570000,0.0,0.0
2003-12-31 00:00:00+09:00,37.15786361694336,37.15786361694336,37.15786361694336,37.15786361694336,0,0.0,0.0
2004-01-01 00:00:00+09:00,37.15786361694336,37.15786361694336,37.15786361694336,37.15786361694336,0,0.0,0.0
2004-01-02 00:00:00+09:00,37.15786361694336,37.15786361694336,37.15786361694336,37.15786361694336,0,0.0,0.0
2004-01-05 00:00:00+09:00,38.20752133928281,38.31248545119806,37.892620995288674,37.997589111328125,14635000,0.0,0.0
2004-01-06 00:00:00+09:00,38.62738037109375,38.732348483274485,37.99758771450557,38.62738037109375,25340000,0.0,0.0
2004-01-07 00:00:00+09:00,38.207510343664154,38.62737067461906,38.207510343664154,38.41743850708008,18165000,0.0,0.0
2004-01-08 00:00:00+09:00,38.102559028611964,38.522423548492604,37.997594900704215,38.20752716064453,14715000,0.0,0.0
2004-01-09 00:00:00+09:00,38.2075224403535,38.31248655529362,37.997590206348946,38.10255432128906,17920000,0.0,0.0
2004-01-12 00:00:00+09:00,38.10255432128906,38.10255432128906,38.10255432128906,38.10255432128906,0,0.0,0.0
2004-01-13 00:00:00+09:00,38.207510343664154,38.73233876045008,37.997578176125174,38.41743850708008,22145000,0.0,0.0
2004-01-14 00:00:00+09:00,37.997594900704215,38.522423548492604,37.57773038082358,38.20752716064453,25050000,0.0,0.0
2004-01-15 00:00:00+09:00,38.20752716064453,39.047252196280986,38.102559028611964,38.20752716064453,35655000,0.0,0.0
2004-01-16 00:00:00+09:00,37.15786361694336,37.47275995184136,36.52806694302322,37.15786361694336,45175000,0.0,0.0
2004-01-19 00:00:00+09:00,37.682689210632745,39.57207107543945,37.57772110451226,39.57207107543945,44040000,0.0,0.0
2004-01-20 00:00:00+09:00,39.04724188575356,39.25717409026072,38.62737747673923,38.73234558105469,20160000,0.0,0.0
2004-01-21 00:00:00+09:00,38.837313896717426,39.886971029061144,38.837313896717426,39.1522102355957,36250000,0.0,0.0
2004-01-22 00:00:00+09:00,39.25717703180599,39.362141139862665,38.20751993474298,38.62738037109375,20910000,0.0,0.0
2004-01-23 00:00:00+09:00,38.83731659843452,39.572077443013576,38.627384356537,39.04724884033203,20735000,0.0,0.0
2004-01-26 00:00:00+09:00,39.362135724475245,39.99192829441744,38.8373072481489,39.257171630859375,35720000,0.0,0.0
2004-01-27 00:00:00+09:00,39.152211676768985,39.257179796341696,38.312486740809,38.52241897583008,14955000,0.0,0.0
2004-01-28 00:00:00+09:00,38.31248092651367,38.73234533283729,38.102548723351866,38.31248092651367,18420000,0.0,0.0
2004-01-29 00:00:00+09:00,37.997594900704215,38.31249128855228,37.7876626407639,38.20752716064453,13500000,0.0,0.0
2004-01-30 00:00:00+09:00,38.73235477642165,39.67704391479492,38.73235477642165,39.67704391479492,37145000,0.0,0.0
2004-02-02 00:00:00+09:00,39.782012044030644,40.20187254859942,39.362147535337165,39.67704391479492,30070000,0.0,0.0
2004-02-03 00:00:00+09:00,39.362147047712995,39.362147047712995,37.78766116580448,38.837318420410156,25790000,0.0,0.0
2004-02-04 00:00:00+09:00,39.047239956422146,39.047239956422146,37.15785821745989,37.3677864074707,20010000,0.0,0.0
2004-02-05 00:00:00+09:00,36.84295792419655,37.57771860160508,36.84295792419655,37.3677864074707,18310000,0.0,0.0
2004-02-06 00:00:00+09:00,37.36779493843055,37.68269530358474,36.84296633533953,37.47276306152344,21900000,0.0,0.0
2004-02-09 00:00:00+09:00,37.36779027908241,37.68269060497203,36.108204992019836,36.21316909790039,28685000,0.0,0.0
2004-02-10 00:00:00+09:00,36.73799245189841,36.947924638162505,36.213163988299854,36.84295654296875,19050000,0.0,0.0
2004-02-11 00:00:00+09:00,36.84295654296875,36.84295654296875,36.84295654296875,36.84295654296875,0,0.0,0.0
2004-02-12 00:00:00+09:00,37.15786270408851,37.36779091944712,36.94793048460585,37.052894592285156,15390000,0.0,0.0
2004-02-13 00:00:00+09:00,37.26283399297551,38.20752716064453,37.15786986506776,38.20752716064453,20250000,0.0,0.0
2004-02-16 00:00:00+09:00,37.89262528961518,38.94228254422086,37.89262528961518,38.837318420410156,17765000,0.0,0.0
2004-02-17 00:00:00+09:00,38.83731659843452,39.04724884033203,38.41745211463949,39.04724884033203,11550000,0.0,0.0
2004-02-18 00:00:00+09:00,39.04724137973731,39.04724137973731,37.68268807430972,37.892616271972656,14525000,0.0,0.0
2004-02-19 00:00:00+09:00,38.102559028611964,38.83731993634067,38.102559028611964,38.20752716064453,15355000,0.0,0.0
2004-02-20 00:00:00+09:00,38.41744502603271,38.73234533283729,38.207516826994635,38.31248092651367,10070000,0.0,0.0
2004-02-23 00:00:00+09:00,38.83731259133116,38.83731259133116,38.52241626303707,38.62738037109375,11640000,0.0,0.0
2004-02-24 00:00:00+09:00,38.417444774377394,38.94227327678213,37.68268807430972,37.892616271972656,15065000,0.0,0.0
2004-02-25 00:00:00+09:00,37.36780069715657,37.997597520398024,37.262836562012204,37.682701110839844,10530000,0.0,0.0
2004-02-26 00:00:00+09:00,37.682701110839844,37.997597520398024,37.262836562012204,37.682701110839844,21575000,0.0,0.0
2004-02-27 00:00:00+09:00,37.89262087595841,39.25717835130459,37.787656764373715,39.1522102355957,21050000,0.0,0.0
2004-03-01 00:00:00+09:00,39.36215170873738,40.51677322387696,39.257187572497465,40.51677322387695,38145000,0.0,0.0
2004-03-02 00:00:00+09:00,40.93662420911959,41.98628124012266,40.62172790064343,41.881317138671875,58385000,0.0,0.0
2004-03-03 00:00:00+09:00,41.77635036206297,42.51111110796367,41.35648993877967,42.40614700317383,46985000,0.0,0.0
2004-03-04 00:00:00+09:00,42.19622096699504,42.72104957602701,41.3564959933688,41.46146011352539,30420000,0.0,0.0
2004-03-05 00:00:00+09:00,42.51111850968327,43.56077575683594,42.40615438661785,43.56077575683594,63675000,0.0,0.0
2004-03-08 00:00:00+09:00,44.29553638702661,45.76505412248271,44.190568260413926,44.715396881103516,81785000,0.0,0.0
2004-03-09 00:00:00+09:00,44.190557208917305,45.135250091552734,43.87566091608003,45.135250091552734,23780000,0.0,0.0
2004-03-10 00:00:00+09:00,45.135261379305035,45.345193628405795,44.400500509514686,44.715396881103516,42500000,0.0,0.0
2004-03-11 00:00:00+09:00,43.98063140819012,46.39484179006329,43.03593847418053,45.765045166015625,47440000,0.0,0.0
2004-03-12 00:00:00+09:00,45.87001283649622,46.604773555512516,45.24021621842921,46.49980545043945,79175000,0.0,0.0
2004-03-15 00:00:00+09:00,46.70973520976706,47.23456369527006,46.07994262881289,47.02463150024414,27050000,0.0,0.0
2004-03-16 00:00:00+09:00,45.97497737403151,46.39484179006329,45.24021664803781,45.765045166015625,34505000,0.0,0.0
2004-03-17 00:00:00+09:00,45.97497784460377,47.33953120448806,45.87001374158339,46.604774475097656,35845000,0.0,0.0
2004-03-18 00:00:00+09:00,47.024641308461064,47.12960942992965,45.660087762364704,46.079952239990234,26425000,0.0,0.0
2004-03-19 00:00:00+09:00,45.03029090086581,45.97497988229102,45.03029090086581,45.24021911621094,22550000,0.0,0.0
2004-03-22 00:00:00+09:00,45.13525591717374,45.66008447435018,44.8203595836927,45.34518814086914,22020000,0.0,0.0
2004-03-23 00:00:00+09:00,45.03031021577422,47.23458945537474,44.820377906258514,46.91969299316406,38515000,0.0,0.0
2004-03-24 00:00:00+09:00,47.44450209790319,49.228919982910156,47.129605766225275,49.228919982910156,34180000,0.0,0.0
2004-03-25 00:00:00+09:00,49.43884820127936,50.06864486875929,48.389191092936926,49.228919982910156,32495000,0.0,0.0
2004-03-26 00:00:00+09:00,49.8587078495304,50.173604150913214,48.7040867430855,49.12394714355469,25135000,0.0,0.0
2004-03-29 00:00:00+09:00,49.858704262124014,50.173600540849584,49.12394360901539,49.54380798339844,15510000,0.0,0.0
2004-03-30 00:00:00+09:00,49.543823349458364,50.38354835454247,47.75940521107672,47.969337463378906,30775000,0.0,0.0
2004-03-31 00:00:00+09:00,48.2842223384926,49.54381154814758,48.2842223384926,49.12394714355469,22810000,0.0,0.0
2004-04-01 00:00:00+09:00,48.914022196645014,50.59347606000526,48.809058081989384,50.27857971191406,33235000,0.0,0.0
2004-04-02 00:00:00+09:00,50.38354934762627,50.38354934762627,49.33389206955072,49.64878845214844,27515000,0.0,0.0
2004-04-05 00:00:00+09:00,50.59348986949447,52.48287247787281,50.17362528802133,51.328250885009766,138110000,0.0,0.0
2004-04-06 00:00:00+09:00,51.01333015010827,51.223262357318866,50.48850163414368,50.803401947021484,31480000,0.0,0.0
2004-04-07 00:00:00+09:00,50.48851591456347,51.11831271433008,50.278587652099546,50.698448181152344,40800000,0.0,0.0
2004-04-08 00:00:00+09:00,50.383548736572266,50.69844511535091,50.06865235779363,50.383548736572266,34225000,0.0,0.0
2004-04-09 00:00:00+09:00,49.858722560703505,50.17361895499875,48.70410111357928,49.43885803222656,33125000,0.0,0.0
2004-04-12 00:00:00+09:00,50.48852466529249,52.16797908496347,50.278596366443544,51.643150329589844,79855000,0.0,0.0
2004-04-13 00:00:00+09:00,52.48286239567128,52.58782651881277,51.74810152130696,52.27293014526367,62545000,0.0,0.0
2004-04-14 00:00:00+09:00,52.37788197409297,54.05733144650995,52.06298169440683,53.32257080078125,96520000,0.0,0.0
2004-04-15 00:00:00+09:00,55.00204441645303,55.21197267427836,52.377901152388,54.162315368652344,111835000,0.0,0.0
2004-04-16 00:00:00+09:00,53.952368013217296,53.952368013217296,52.06298232857959,53.00767517089844,39995000,0.0,0.0
2004-04-19 00:00:00+09:00,52.79773932398568,52.79773932398568,49.858700913091255,51.118289947509766,45295000,0.0,0.0
2004-04-20 00:00:00+09:00,51.433189032369434,52.16794967651367,50.698428388225196,52.16794967651367,24165000,0.0,0.0
2004-04-21 00:00:00+09:00,52.27293198313043,52.37790011408713,51.328242829268746,52.0629997253418,33835000,0.0,0.0
2004-04-22 00:00:00+09:00,52.58782358981516,52.58782358981516,52.16796311650965,52.37789535522461,33000000,0.0,0.0
2004-04-23 00:00:00+09:00,52.27293014526367,52.37789827252979,51.11830877420876,52.27293014526367,37020000,0.0,0.0
2004-04-26 00:00:00+09:00,51.43320911215091,51.74810550997175,50.068655385510674,50.698448181152344,32970000,0.0,0.0
2004-04-27 00:00:00+09:00,51.01335044684221,51.32825088500977,50.278593435452315,51.328250885009766,23810000,0.0,0.0
2004-04-28 00:00:00+09:00,52.37787898192828,52.37787898192828,50.908357774419486,51.118289947509766,28595000,0.0,0.0
2004-04-29 00:00:00+09:00,51.118289947509766,51.118289947509766,51.118289947509766,51.118289947509766,0,0.0,0.0
2004-04-30 00:00:00+09:00,49.858714479716554,49.96367859276099,48.70409321973071,49.01898956298828,36925000,0.0,0.0
2004-05-03 00:00:00+09:00,49.01898956298828,49.01898956298828,49.01898956298828,49.01898956298828,0,0.0,0.0
2004-05-04 00:00:00+09:00,49.01898956298828,49.01898956298828,49.01898956298828,49.01898956298828,0,0.0,0.0
2004-05-05 00:00:00+09:00,49.01898956298828,49.01898956298828,49.01898956298828,49.01898956298828,0,0.0,0.0
2004-05-06 00:00:00+09:00,49.01898134680498,49.648773927759144,47.02463150024414,47.02463150024414,25770000,0.0,0.0
2004-05-07 00:00:00+09:00,47.12960781947262,49.018989895976965,46.9196755878334,47.86436462402344,37855000,0.0,0.0
2004-05-10 00:00:00+09:00,46.70974536017809,46.81470947843882,42.930981045049414,43.3508415222168,49555000,0.0,0.0
2004-05-11 00:00:00+09:00,43.455806135858786,45.55512036456454,43.35083802194902,45.34518814086914,46060000,0.0,0.0
2004-05-12 00:00:00+09:00,47.444499059779375,50.27857387164789,47.02463464167891,50.068641662597656,56750000,0.0,0.0
2004-05-13 00:00:00+09:00,49.01900082822149,49.33389724384654,45.97499280088728,46.1849250793457,29100000,0.0,0.0
2004-05-14 00:00:00+09:00,47.23458480834962,48.704106826259526,46.39485965702625,47.23458480834961,35010000,0.0,0.0
2004-05-17 00:00:00+09:00,44.61043300398862,45.345193877820414,42.93098301019419,43.56077575683594,37020000,0.0,0.0
2004-05-18 00:00:00+09:00,44.505457505878184,45.45014638439001,44.08559311267942,45.135250091552734,26615000,0.0,0.0
2004-05-19 00:00:00+09:00,45.45014406359191,46.91966536062657,44.715383415074584,46.814697265625,25310000,0.0,0.0
2004-05-20 00:00:00+09:00,47.65442944237982,48.809050541717205,45.66007953902577,46.394840240478516,36220000,0.0,0.0
2004-05-21 00:00:00+09:00,46.91967401999082,48.91402014361064,46.499809570742364,48.49415969848633,25910000,0.0,0.0
2004-05-24 00:00:00+09:00,48.28422686592045,49.12395174972034,47.54946609104902,47.65443420410156,32380000,0.0,0.0
2004-05-25 00:00:00+09:00,46.919686855610216,47.02465099457485,45.55513302844375,45.87002944946289,34185000,0.0,0.0
2004-05-26 00:00:00+09:00,46.91966986248413,47.02463396343341,46.49980545043945,46.49980545043945,23780000,0.0,0.0
2004-05-27 00:00:00+09:00,47.23458945537474,47.75941822710112,46.81472483634332,46.91969299316406,13490000,0.0,0.0
2004-05-28 00:00:00+09:00,47.96933731211833,48.599130062914334,47.44450868508011,47.54947280883789,27750000,0.0,0.0
2004-05-31 00:00:00+09:00,48.07429346787227,49.12395054797483,47.96932936151162,48.7040901184082,41525000,0.0,0.0
2004-06-01 00:00:00+09:00,48.809057332775154,49.22892179320141,48.49416098951758,49.01898956298828,21895000,0.0,0.0
2004-06-02 00:00:00+09:00,49.123961637931316,49.54382616640825,48.599132979397595,49.43885803222656,27645000,0.0,0.0
2004-06-03 00:00:00+09:00,49.96367859276099,50.48850716623169,48.91402144581959,49.01898956298828,49530000,0.0,0.0
2004-06-04 00:00:00+09:00,49.12395400973443,49.75375070465206,46.814707469951664,47.86436462402344,55915000,0.0,0.0
2004-06-07 00:00:00+09:00,48.074291682806226,50.383537974111086,47.969327580343034,50.068641662597656,45735000,0.0,0.0
2004-06-08 00:00:00+09:00,50.38354674755953,50.69844311390687,49.648785889999374,50.173614501953125,34135000,0.0,0.0
2004-06-09 00:00:00+09:00,49.96367787027935,50.38354232463431,49.22892108134445,49.333885192871094,25800000,0.0,0.0
2004-06-10 00:00:00+09:00,49.01899031542496,50.488507941225315,49.01899031542496,50.27857971191406,34015000,0.0,0.0
2004-06-11 00:00:00+09:00,50.068643399628996,51.538160905714896,50.068643399628996,51.01333236694336,46990000,0.0,0.0
2004-06-14 00:00:00+09:00,51.32824552772717,52.48286700007891,51.32824552772717,51.958038330078125,37925000,0.0,0.0
2004-06-15 00:00:00+09:00,51.433194995836274,51.853059413778354,50.9083664754706,51.223262786865234,39715000,0.0,0.0
2004-06-16 00:00:00+09:00,52.06299463726062,52.482859111804814,51.22326969229662,51.53816604614258,36020000,0.0,0.0
2004-06-17 00:00:00+09:00,51.53818217603974,51.95804678198889,51.433218026615265,51.643150329589844,24255000,0.0,0.0
2004-06-18 00:00:00+09:00,51.32824498091895,51.43320911215091,49.85872311892181,50.698448181152344,32730000,0.0,0.0
2004-06-21 00:00:00+09:00,50.908357774419486,51.74808246265744,50.908357774419486,51.118289947509766,14770000,0.0,0.0
2004-06-22 00:00:00+09:00,50.908378313691486,52.0629997253418,50.803414186859555,52.0629997253418,25625000,0.0,0.0
2004-06-23 00:00:00+09:00,51.95801463574772,52.167946808838,51.01332185890305,51.118289947509766,30510000,0.0,0.0
2004-06-24 00:00:00+09:00,50.90838110654113,51.32824564515229,49.85872376413822,49.963687896728516,30460000,0.0,0.0
2004-06-25 00:00:00+09:00,50.27856525927181,51.118289947509766,49.96366499757481,51.118289947509766,37750000,0.0,0.0
2004-06-28 00:00:00+09:00,51.223274698312046,52.0629997253418,51.223274698312046,52.0629997253418,18635000,0.0,0.0
2004-06-29 00:00:00+09:00,52.0629997253418,52.0629997253418,51.433206956100676,52.0629997253418,20110000,0.0,0.0
2004-06-30 00:00:00+09:00,51.53816495052413,51.64313306899091,50.803408141878116,51.43320083618164,31035000,0.0,0.0
2004-07-01 00:00:00+09:00,51.64314027763054,51.64314027763054,50.383550709078605,50.593482971191406,31205000,0.0,0.0
2004-07-02 00:00:00+09:00,50.17360645244359,50.17360645244359,49.64877792468974,49.753746032714844,25795000,0.0,0.0
2004-07-05 00:00:00+09:00,49.43885571685913,49.543823846124845,48.599130703356956,48.80906295776367,18405000,0.0,0.0
2004-07-06 00:00:00+09:00,48.5991231968299,49.12395174972034,47.65443420410156,47.65443420410156,28540000,0.0,0.0
2004-07-07 00:00:00+09:00,46.604780834959946,46.8147090696483,45.76505187970888,46.079952239990234,47005000,0.0,0.0
2004-07-08 00:00:00+09:00,46.604789636262545,47.12961833034602,46.07996094217907,46.1849250793457,38035000,0.0,0.0
2004-07-09 00:00:00+09:00,46.70973765646179,46.91966986248413,46.07994504251857,46.49980545043945,35765000,0.0,0.0
2004-07-12 00:00:00+09:00,47.02462861706614,47.65442516352975,46.8146964349116,47.12959671020508,24620000,0.0,0.0
2004-07-13 00:00:00+09:00,47.234574785932324,48.3891961234942,47.234574785932324,48.17926788330078,26255000,0.0,0.0
2004-07-14 00:00:00+09:00,48.91403992324887,49.12397223276457,46.81472483634332,46.91969299316406,30175000,0.0,0.0
2004-07-15 00:00:00+09:00,46.91966536062657,47.234561637384445,46.39483689798896,46.814697265625,25875000,0.0,0.0
2004-07-16 00:00:00+09:00,46.60477244148268,46.709736539922915,45.97497583847018,46.394840240478516,32370000,0.0,0.0
2004-07-19 00:00:00+09:00,46.39484024047851,46.39484024047851,46.39484024047851,46.394840240478516,0,0.0,0.0
2004-07-20 00:00:00+09:00,45.345193628405795,45.555125877506555,44.50546863612737,44.715396881103516,37570000,0.0,0.0
2004-07-21 00:00:00+09:00,45.03029090086581,45.450151335680104,44.61042646192746,45.24021911621094,36480000,0.0,0.0
2004-07-22 00:00:00+09:00,44.505457505878184,45.135250091552734,44.2955253092788,45.135250091552734,20370000,0.0,0.0
2004-07-23 00:00:00+09:00,45.030297256816965,45.24022550179311,44.71539688110352,44.715396881103516,14565000,0.0,0.0
2004-07-26 00:00:00+09:00,44.505462646484375,44.71539086320793,44.19056231315091,44.505462646484375,15450000,0.0,0.0
2004-07-27 00:00:00+09:00,44.085604223009256,44.19056834569991,43.03594697960427,43.14091110229492,24520000,0.0,0.0
2004-07-28 00:00:00+09:00,43.66573534357537,44.085599800467605,42.511114093308045,43.875667572021484,33655000,0.0,0.0
2004-07-29 00:00:00+09:00,44.08560637905191,44.08560637905191,43.14091321213659,43.77070999145508,21400000,0.0,0.0
2004-07-30 00:00:00+09:00,44.82035379871546,45.345182288152124,44.505457505878184,45.135250091552734,34770000,0.0,0.0
2004-08-02 00:00:00+09:00,45.45014173958471,45.55510982921893,44.190552692836484,44.2955207824707,21370000,0.0,0.0
2004-08-03 00:00:00+09:00,44.8203605979669,44.92532471012786,43.455807119253464,43.875667572021484,18865000,0.0,0.0
2004-08-04 00:00:00+09:00,43.14090618837154,43.455806528824304,42.30118129012053,43.03594207763672,28720000,0.0,0.0
2004-08-05 00:00:00+09:00,43.35083660391078,43.56076882073914,42.826008063901874,43.245872497558594,36205000,0.0,0.0
2004-08-06 00:00:00+09:00,42.30118129012053,43.56077063955912,42.30118129012053,43.03594207763672,27335000,0.0,0.0
2004-08-09 00:00:00+09:00,42.616078205468995,43.875667572021484,42.616078205468995,43.875667572021484,41430000,0.0,0.0
2004-08-10 00:00:00+09:00,44.8203492182722,44.92531330378321,44.190552692836484,44.2955207824707,60295000,0.0,0.0
2004-08-11 00:00:00+09:00,44.82035140395024,45.66007614135742,44.71538330919722,45.66007614135742,34360000,0.0,0.0
2004-08-12 00:00:00+09:00,45.8700178083842,45.8700178083842,45.240221122053015,45.45015335083008,18755000,0.0,0.0
2004-08-13 00:00:00+09:00,45.55511241816127,45.55511241816127,44.82035176545737,44.925315856933594,20045000,0.0,0.0
2004-08-16 00:00:00+09:00,45.03028708269371,45.03028708269371,43.98063007847357,44.085594177246094,47215000,0.0,0.0
2004-08-17 00:00:00+09:00,44.40049453399853,44.82035897569377,44.295530425636755,44.505462646484375,34975000,0.0,0.0
2004-08-18 00:00:00+09:00,44.61041466830582,44.92531091219868,44.40048250433626,44.82034683227539,14720000,0.0,0.0
2004-08-19 00:00:00+09:00,45.135257009726594,45.55512146728072,44.92532478094954,45.45015335083008,29650000,0.0,0.0
2004-08-20 00:00:00+09:00,45.45014733802161,46.60477244148268,45.24021513701744,46.394840240478516,22870000,0.0,0.0
2004-08-23 00:00:00+09:00,46.39485815253656,46.81471871252034,45.8700294494629,45.87002944946289,14290000,0.0,0.0
2004-08-24 00:00:00+09:00,45.87000832674007,46.39483678813498,45.24021177059213,45.66007614135742,22135000,0.0,0.0
2004-08-25 00:00:00+09:00,45.34519996963718,46.39485735780413,45.24023182834538,46.1849250793457,29030000,0.0,0.0
2004-08-26 00:00:00+09:00,46.81471143710542,47.12961181331154,46.709747314453125,46.709747314453125,21790000,0.0,0.0
2004-08-27 00:00:00+09:00,46.919678092650265,47.444506697704234,46.49981360695729,47.33953857421875,27045000,0.0,0.0
2004-08-30 00:00:00+09:00,47.339538906029034,48.17926788330078,47.234574785932324,48.17926788330078,23935000,0.0,0.0
2004-08-31 00:00:00+09:00,48.179269563758545,48.179269563758545,47.23457643343989,47.54947280883789,15270000,0.0,0.0
2004-09-01 00:00:00+09:00,47.65442835098138,47.75939244701769,47.23456395858893,47.444496154785156,14225000,0.0,0.0
2004-09-02 00:00:00+09:00,47.549470817065234,47.654438940550726,46.919678092650265,47.33953857421875,20705000,0.0,0.0
2004-09-03 00:00:00+09:00,47.75939244701769,47.969324643213916,47.44449615478515,47.444496154785156,23005000,0.0,0.0
2004-09-06 00:00:00+09:00,47.54946795562062,49.22892179320141,47.54946795562062,49.01898956298828,46890000,0.0,0.0
2004-09-07 00:00:00+09:00,48.91402708290468,48.91402708290468,48.494166578215946,48.80906295776367,18675000,0.0,0.0
2004-09-08 00:00:00+09:00,48.599118639875414,49.33387934585113,48.599118639875414,49.12394714355469,22140000,0.0,0.0
2004-09-09 00:00:00+09:00,49.12395995443515,49.12395995443515,48.07430267333985,48.074302673339844,19810000,0.0,0.0
2004-09-10 00:00:00+09:00,47.549474783100386,48.07430343192958,47.33954252274374,47.75940704345703,42210000,0.0,0.0
2004-09-13 00:00:00+09:00,47.75940018583375,49.12395367603272,47.75940018583375,49.01898956298828,25075000,0.0,0.0
2004-09-14 00:00:00+09:00,49.22891170467287,49.753740170589964,49.12394360901539,49.54380798339844,31795000,0.0,0.0
2004-09-15 00:00:00+09:00,49.543824325990784,49.963684834746154,49.33389206955072,49.64878845214844,51660000,0.0,0.0
2004-09-16 00:00:00+09:00,49.43884571276342,49.96367424051727,49.018985293034675,49.753746032714844,33155000,0.0,0.0
2004-09-17 00:00:00+09:00,50.06864234854238,50.17360645244359,49.43884571276342,49.753746032714844,29995000,0.0,0.0
2004-09-20 00:00:00+09:00,49.75374603271485,49.75374603271485,49.75374603271485,49.753746032714844,0,0.0,0.0
2004-09-21 00:00:00+09:00,49.33387579620692,49.753740170589964,49.22891170467287,49.54380798339844,17515000,0.0,0.0
2004-09-22 00:00:00+09:00,49.64877207493249,49.858704262124014,48.91401142182387,49.54380798339844,28840000,0.0,0.0
2004-09-23 00:00:00+09:00,49.54380798339844,49.54380798339844,49.54380798339844,49.54380798339844,0,0.0,0.0
2004-09-24 00:00:00+09:00,49.43884820127936,49.43884820127936,48.80905553792354,49.228919982910156,27445000,0.0,0.0
2004-09-27 00:00:00+09:00,49.3338696012004,49.43883367955378,48.59910904035794,48.914005279541016,19445000,0.0,0.0
2004-09-28 00:00:00+09:00,48.59911026690584,48.80904243303382,48.28421401977538,48.28421401977539,17260000,0.0,0.0
2004-09-29 00:00:00+09:00,48.809041201187625,49.43883367955378,48.59910904035794,48.914005279541016,17030000,0.0,0.0
2004-09-30 00:00:00+09:00,49.12395296569362,49.85871375875271,49.01898885416697,49.333885192871094,11535000,0.0,0.0
2004-10-01 00:00:00+09:00,49.648781414532515,50.698438543821254,49.648781414532515,50.48850631713867,41150000,0.0,0.0
2004-10-04 00:00:00+09:00,51.328236721839154,51.64313306899091,51.11830448902988,51.43320083618164,53180000,0.0,0.0
2004-10-05 00:00:00+09:00,50.90836604856488,51.01333015010827,50.48850163414368,50.803401947021484,27300000,0.0,0.0
2004-10-06 00:00:00+09:00,50.69842560132921,51.328222120600046,50.38352934375537,51.118289947509766,35315000,0.0,0.0
2004-10-07 00:00:00+09:00,51.43320966007734,52.2729347312536,51.223277391252026,51.958038330078125,64145000,0.0,0.0
2004-10-08 00:00:00+09:00,51.433218026615265,51.85308263256442,50.90838927124164,51.643150329589844,42665000,0.0,0.0
2004-10-11 00:00:00+09:00,51.643150329589844,51.643150329589844,51.643150329589844,51.643150329589844,0,0.0,0.0
2004-10-12 00:00:00+09:00,51.853059413778354,51.958023516201955,51.013330577894195,51.223262786865234,30595000,0.0,0.0
2004-10-13 00:00:00+09:00,51.32823046298607,51.95802308049405,50.593469739810885,50.803401947021484,55205000,0.0,0.0
2004-10-14 00:00:00+09:00,50.27858473448602,50.27858473448602,48.494166578215946,48.80906295776367,60545000,0.0,0.0
2004-10-15 00:00:00+09:00,48.704090057652884,50.278575675842646,48.704090057652884,49.85871124267578,36020000,0.0,0.0
2004-10-18 00:00:00+09:00,49.75375658243084,49.963684834746154,49.33389206955072,49.64878845214844,39070000,0.0,0.0
2004-10-19 00:00:00+09:00,49.96367424051727,50.17360645244359,49.64877792468974,49.753746032714844,23675000,0.0,0.0
2004-10-20 00:00:00+09:00,49.96367787027935,49.96367787027935,48.914020738516136,49.333885192871094,29055000,0.0,0.0
2004-10-21 00:00:00+09:00,49.12395995443515,49.22892808501953,47.864370416295834,48.074302673339844,29520000,0.0,0.0
2004-10-22 00:00:00+09:00,48.49416098951758,49.43885001929029,48.284228759304455,49.01898956298828,21935000,0.0,0.0
2004-10-25 00:00:00+09:00,47.969317772644935,48.49414618590336,47.65442152551448,48.28421401977539,18100000,0.0,0.0
2004-10-26 00:00:00+09:00,47.75940521107672,47.96933746337891,47.444508834685756,47.969337463378906,19600000,0.0,0.0
2004-10-27 00:00:00+09:00,48.07430343192958,48.59913208075878,47.75940704345703,47.75940704345703,16570000,0.0,0.0
2004-10-28 00:00:00+09:00,48.2842223384926,49.33387934585113,48.17925823940623,49.12394714355469,12895000,0.0,0.0
2004-10-29 00:00:00+09:00,47.65443639650851,47.969332741905184,47.54946827862676,47.86436462402344,24560000,0.0,0.0
2004-11-01 00:00:00+09:00,47.969331138987826,48.70409192311055,47.86436302461364,48.49415969848633,16495000,0.0,0.0
2004-11-02 00:00:00+09:00,48.80905662698949,49.3338851928711,48.70409251546285,49.333885192871094,14790000,0.0,0.0
2004-11-03 00:00:00+09:00,49.3338851928711,49.3338851928711,49.3338851928711,49.333885192871094,0,0.0,0.0
2004-11-04 00:00:00+09:00,50.383536353209664,50.383536353209664,49.12394714355468,49.12394714355469,14190000,0.0,0.0
2004-11-05 00:00:00+09:00,49.64878533104376,51.643135635665026,49.64878533104376,50.90837478637695,58010000,0.0,0.0
2004-11-08 00:00:00+09:00,50.80339710242416,50.80339710242416,49.22891170467287,49.54380798339844,22915000,0.0,0.0
2004-11-09 00:00:00+09:00,49.54381813645898,50.06864670992968,48.70409321973071,49.01898956298828,28780000,0.0,0.0
2004-11-10 00:00:00+09:00,49.43884503544697,50.27857387164789,49.43884503544697,50.068641662597656,20150000,0.0,0.0
2004-11-11 00:00:00+09:00,50.27858522146862,50.59348160406633,49.543824325990784,49.64878845214844,27685000,0.0,0.0
2004-11-12 00:00:00+09:00,49.33388160886221,50.17360645244359,49.33388160886221,49.753746032714844,19580000,0.0,0.0
2004-11-15 00:00:00+09:00,49.75375898768984,50.698448181152344,49.75375898768984,50.698448181152344,16885000,0.0,0.0
2004-11-16 00:00:00+09:00,50.59347606000526,51.013336522752084,50.17361159313412,50.27857971191406,18915000,0.0,0.0
2004-11-17 00:00:00+09:00,50.383548736572266,50.59348099046626,49.64878785000565,50.383548736572266,31240000,0.0,0.0
2004-11-18 00:00:00+09:00,49.85871375875271,50.17361009745683,49.22892108134445,49.333885192871094,24370000,0.0,0.0
2004-11-19 00:00:00+09:00,48.91401536738228,49.01898347150681,47.96932645500398,48.38918685913086,41100000,0.0,0.0
2004-11-22 00:00:00+09:00,47.86436242195847,47.96933053501101,47.33953386906803,47.65443420410156,25035000,0.0,0.0
2004-11-23 00:00:00+09:00,47.65443420410156,47.65443420410156,47.65443420410156,47.65443420410156,0,0.0,0.0
2004-11-24 00:00:00+09:00,47.75939831303001,48.179262756992,47.54946609104902,47.65443420410156,24845000,0.0,0.0
2004-11-25 00:00:00+09:00,47.6544392745682,48.28423200339749,47.549471150346974,48.17926788330078,29680000,0.0,0.0
2004-11-26 00:00:00+09:00,47.86435654305401,48.07428873925023,47.44449615478515,47.444496154785156,36020000,0.0,0.0
2004-11-29 00:00:00+09:00,47.75938440116209,49.228905522847015,47.75938440116209,48.914005279541016,33090000,0.0,0.0
2004-11-30 00:00:00+09:00,48.59912510256202,49.01898956298828,48.07429652909132,49.01898956298828,20375000,0.0,0.0
2004-12-01 00:00:00+09:00,48.284227473862096,48.8090560333606,47.86436302461364,48.49415969848633,29815000,0.0,0.0
2004-12-02 00:00:00+09:00,49.228915246764764,49.4388434449375,48.809050842171864,49.12394714355469,28000000,0.0,0.0
2004-12-03 00:00:00+09:00,49.43885803222656,49.858722560703505,49.123961637931316,49.43885803222656,21220000,0.0,0.0
2004-12-06 00:00:00+09:00,49.43884571276342,49.85871013661606,49.33388160886221,49.753746032714844,19820000,0.0,0.0
2004-12-07 00:00:00+09:00,49.543817420048576,50.06864598593019,49.3338851928711,49.333885192871094,18165000,0.0,0.0
2004-12-08 00:00:00+09:00,48.5991151430983,49.54380798339844,48.5991151430983,49.54380798339844,15650000,0.0,0.0
2004-12-09 00:00:00+09:00,49.648785585277295,49.648785585277295,47.6544392745682,48.17926788330078,37490000,0.0,0.0
2004-12-10 00:00:00+09:00,48.179256839410144,48.38918503148277,47.44449615478515,47.444496154785156,49875000,0.0,0.0
2004-12-13 00:00:00+09:00,47.444517097211794,47.444517097211794,47.02465251948743,47.23458480834961,26505000,0.0,0.0
2004-12-14 00:00:00+09:00,47.44449298137521,47.65442516352975,46.70973234589601,47.12959671020508,51380000,0.0,0.0
2004-12-15 00:00:00+09:00,47.23456369527006,47.23456369527006,46.70973520976706,47.02463150024414,45460000,0.0,0.0
2004-12-16 00:00:00+09:00,47.024644181799665,47.75940506047811,46.81471193015945,47.54947280883789,32320000,0.0,0.0
2004-12-17 00:00:00+09:00,47.444504164869294,47.969332741905184,47.234571933230086,47.86436462402344,29820000,0.0,0.0
2004-12-20 00:00:00+09:00,47.65443420410156,47.86436242195847,47.23456976013958,47.65443420410156,26170000,0.0,0.0
2004-12-21 00:00:00+09:00,47.96933563898285,48.599128367812135,47.86436751476162,48.17926788330078,22915000,0.0,0.0
2004-12-22 00:00:00+09:00,48.28423493038386,48.38919905684349,47.5494740327922,48.074302673339844,19135000,0.0,0.0
2004-12-23 00:00:00+09:00,48.07430267333985,48.07430267333985,48.07430267333985,48.074302673339844,0,0.0,0.0
2004-12-24 00:00:00+09:00,48.494144962004555,49.1239374403707,48.38917687952824,48.914005279541016,21460000,0.0,0.0
2004-12-27 00:00:00+09:00,49.01899750787453,49.43885803222656,48.49416884934081,49.43885803222656,18380000,0.0,0.0
2004-12-28 00:00:00+09:00,49.123949396935885,49.75374603271485,49.123949396935885,49.753746032714844,15565000,0.0,0.0
2004-12-29 00:00:00+09:00,49.648781531575224,49.96367787027935,49.22892108134445,49.333885192871094,9940000,0.0,0.0
2004-12-30 00:00:00+09:00,49.43884571276342,49.75374603271485,49.228917504961,49.753746032714844,5675000,0.0,0.0
2004-12-31 00:00:00+09:00,49.75374603271485,49.75374603271485,49.75374603271485,49.753746032714844,0,0.0,0.0
2005-01-03 00:00:00+09:00,49.75374603271485,49.75374603271485,49.75374603271485,49.753746032714844,0,0.0,0.0
2005-01-04 00:00:00+09:00,49.75374713644606,49.9636753489055,49.333882703279194,49.85871124267578,7805000,0.0,0.0
2005-01-05 00:00:00+09:00,49.22892746657712,49.43885571685913,48.70409883262267,48.80906295776367,20765000,0.0,0.0
2005-01-06 00:00:00+09:00,48.28423432380923,48.91402708290468,48.28423432380923,48.80906295776367,29945000,0.0,0.0
2005-01-07 00:00:00+09:00,48.809041201187625,49.1239374403707,48.70407712283424,48.914005279541016,29825000,0.0,0.0
2005-01-10 00:00:00+09:00,48.914005279541016,48.914005279541016,48.914005279541016,48.914005279541016,0,0.0,0.0
2005-01-11 00:00:00+09:00,49.228917504961,49.85871013661606,49.123949396935885,49.753746032714844,20645000,0.0,0.0
2005-01-12 00:00:00+09:00,49.3338851928711,49.648781531575224,48.914020738516136,49.333885192871094,15070000,0.0,0.0
2005-01-13 00:00:00+09:00,49.54381631458807,49.75374853708138,49.123951869601456,49.228919982910156,20090000,0.0,0.0
2005-01-14 00:00:00+09:00,49.543824325990784,49.75375658243084,49.01899568695301,49.64878845214844,23825000,0.0,0.0
2005-01-17 00:00:00+09:00,50.06865235779363,50.59348099046626,49.96368422878429,50.383548736572266,27495000,0.0,0.0
2005-01-18 00:00:00+09:00,50.38355243533967,50.38355243533967,49.85872376413822,49.963687896728516,11710000,0.0,0.0
2005-01-19 00:00:00+09:00,50.38354674755953,50.38354674755953,50.06865038121219,50.173614501953125,12160000,0.0,0.0
2005-01-20 00:00:00+09:00,49.64877792468974,49.85871013661606,49.43884571276342,49.753746032714844,16125000,0.0,0.0
2005-01-21 00:00:00+09:00,49.753740170589964,50.068636449315534,49.43883988774097,49.54380798339844,16540000,0.0,0.0
2005-01-24 00:00:00+09:00,49.85872010389964,50.48851286145692,49.753755979015,50.383548736572266,19200000,0.0,0.0
2005-01-25 00:00:00+09:00,50.48851483807258,50.593482971191406,50.17361844696581,50.593482971191406,21320000,0.0,0.0
2005-01-26 00:00:00+09:00,50.90838630353662,51.32825088500977,50.3835575787579,51.328250885009766,32265000,0.0,0.0
2005-01-27 00:00:00+09:00,51.328222120600046,51.43318620508361,50.80339368993593,51.118289947509766,18140000,0.0,0.0
2005-01-28 00:00:00+09:00,51.22326860337237,51.43320083618164,50.9083722562206,51.43320083618164,22740000,0.0,0.0
2005-01-31 00:00:00+09:00,51.43320083618164,51.74809718333341,51.013336370563096,51.43320083618164,22720000,0.0,0.0
2005-02-01 00:00:00+09:00,51.328222120600046,51.328222120600046,50.80339368993593,51.118289947509766,17400000,0.0,0.0
2005-02-02 00:00:00+09:00,51.328239234401266,52.482860565185554,51.328239234401266,52.48286056518555,49105000,0.0,0.0
2005-02-03 00:00:00+09:00,52.90271079820709,53.112638980608985,52.27291423863116,52.58781051635742,38685000,0.0,0.0
2005-02-04 00:00:00+09:00,52.37789535522461,52.58782358981516,51.958030877794684,52.37789535522461,24415000,0.0,0.0
2005-02-07 00:00:00+09:00,52.9027110791401,53.217607358538565,52.58781079561819,53.00767517089844,33320000,0.0,0.0
2005-02-08 00:00:00+09:00,52.90272705082475,53.112655297720174,52.69279479980468,52.69279479980469,16510000,0.0,0.0
2005-02-09 00:00:00+09:00,53.00767452521849,53.53250298586422,52.79774234013552,53.32257080078125,27895000,0.0,0.0
2005-02-10 00:00:00+09:00,53.217613192081046,54.37223434448242,53.112645084693,54.37223434448242,40065000,0.0,0.0
2005-02-11 00:00:00+09:00,54.37223434448242,54.37223434448242,54.37223434448242,54.37223434448242,0,0.0,0.0
2005-02-14 00:00:00+09:00,54.687126159667976,55.106990546433074,54.47719797040897,54.68712615966797,50630000,0.0,0.0
2005-02-15 00:00:00+09:00,54.68713065839881,54.68713065839881,54.16230213383021,54.37223434448242,22510000,0.0,0.0
2005-02-16 00:00:00+09:00,54.16230664129632,54.897067437665,53.847410301173795,54.057342529296875,30685000,0.0,0.0
2005-02-17 00:00:00+09:00,54.372240160690126,55.00203686001623,54.26727604619793,54.58217239379883,31185000,0.0,0.0
2005-02-18 00:00:00+09:00,54.79210715573627,55.631832122802734,54.687139032275155,55.631832122802734,46210000,0.0,0.0
2005-02-21 00:00:00+09:00,56.051698451988656,56.051698451988656,55.316937580091874,55.42190170288086,27415000,0.0,0.0
2005-02-22 00:00:00+09:00,55.31693339701893,55.42189751187052,55.00203704833984,55.002037048339844,16250000,0.0,0.0
2005-02-23 00:00:00+09:00,54.58216634127564,55.73678748915308,54.58216634127564,55.526859283447266,35775000,0.0,0.0
2005-02-24 00:00:00+09:00,55.84173527165538,56.261595534376156,55.63180313823379,56.15663146972656,27285000,0.0,0.0
2005-02-25 00:00:00+09:00,56.366579191577365,56.68147547673452,56.15664700009809,56.57651138305664,31300000,0.0,0.0
2005-02-28 00:00:00+09:00,57.20631734590506,57.941078186035156,56.89142098702772,57.941078186035156,34565000,0.0,0.0
2005-03-01 00:00:00+09:00,57.94108367252366,59.30563735961914,57.73115141201863,59.30563735961914,49540000,0.0,0.0
2005-03-02 00:00:00+09:00,59.62051523811045,59.93541152904067,58.78079046092199,58.99072265625,44885000,0.0,0.0
2005-03-03 00:00:00+09:00,59.095704019261355,59.72550078926821,58.780807636320304,59.2006721496582,41035000,0.0,0.0
2005-03-04 00:00:00+09:00,59.30563735961914,59.83046600881931,58.88577283860907,59.30563735961914,33125000,0.0,0.0
2005-03-07 00:00:00+09:00,59.935423531544515,60.14535576891298,59.41059494018555,59.41059494018555,34340000,0.0,0.0
2005-03-08 00:00:00+09:00,59.725483337836245,59.725483337836245,58.885754556524205,58.99072265625,30560000,0.0,0.0
2005-03-09 00:00:00+09:00,58.04604810249091,58.46591262568382,57.62618758342284,58.15101623535156,57775000,0.0,0.0
2005-03-10 00:00:00+09:00,57.731145222981766,58.5708701708548,57.626181106044285,58.25597381591797,30655000,0.0,0.0
2005-03-11 00:00:00+09:00,57.83611845249785,58.25598299464984,57.62619018554688,57.626190185546875,60020000,0.0,0.0
2005-03-14 00:00:00+09:00,57.94109312533185,58.15102542008632,57.10136795043945,57.10136795043945,23815000,0.0,0.0
2005-03-15 00:00:00+09:00,57.31128275833795,57.52121500370494,56.68149002636152,56.891422271728516,24790000,0.0,0.0
2005-03-16 00:00:00+09:00,56.99638633848161,58.46590805053711,56.89142221795958,58.46590805053711,53155000,0.0,0.0
2005-03-17 00:00:00+09:00,58.15100897912395,59.62052661867938,57.8361086239609,58.57086944580078,74460000,0.0,0.0
2005-03-18 00:00:00+09:00,58.99073866152366,59.20067091381015,58.570874156950666,58.67584228515625,33030000,0.0,0.0
2005-03-21 00:00:00+09:00,58.67584228515625,58.67584228515625,58.67584228515625,58.67584228515625,0,0.0,0.0
2005-03-22 00:00:00+09:00,59.20066670694147,59.935423531544515,59.20066670694147,59.41059494018555,46550000,0.0,0.0
2005-03-23 00:00:00+09:00,59.620531904484984,59.830464158497634,59.09570327151571,59.515567779541016,38495000,0.0,0.0
2005-03-24 00:00:00+09:00,59.41057681487534,59.41057681487534,58.15099178319455,58.36091995239258,28545000,0.0,0.0
2005-03-25 00:00:00+09:00,58.67583756556325,58.88576579683949,57.941076743723364,58.57086944580078,20385000,0.0,0.0
2005-03-28 00:00:00+09:00,58.783460630307545,59.63385347487939,58.67716304535842,59.31495666503906,15135000,1.4,0.0
2005-03-29 00:00:00+09:00,59.63384800430935,59.74014963449973,57.933062471188904,58.03936004638672,28735000,0.0,0.0
2005-03-30 00:00:00+09:00,57.82677555699143,58.570866830542656,56.12598565531914,56.338584899902344,45670000,0.0,0.0
2005-03-31 00:00:00+09:00,57.29526417065547,57.72045849126799,56.976363361455796,57.40156173706055,28990000,0.0,0.0
2005-04-01 00:00:00+09:00,57.507887171838604,58.677181243896484,57.082692645176444,58.677181243896484,18205000,0.0,0.0
2005-04-04 00:00:00+09:00,57.72047660437107,58.46457196768577,57.295282150329456,57.507877349853516,40560000,0.0,0.0
2005-04-05 00:00:00+09:00,57.82677396134857,58.4645676225059,57.72047231449355,58.25196838378906,21065000,0.0,0.0
2005-04-06 00:00:00+09:00,58.677181243896484,59.102375770558645,58.46458195306831,58.677181243896484,23630000,0.0,0.0
2005-04-07 00:00:00+09:00,58.67717122220333,58.67717122220333,57.401579750091486,57.507877349853516,24235000,0.0,0.0
2005-04-08 00:00:00+09:00,58.25197947184596,58.358281138935126,57.720483301382046,57.933082580566406,31055000,0.0,0.0
2005-04-11 00:00:00+09:00,57.40157020345574,57.40157020345574,56.65747496389386,56.97637176513672,28935000,0.0,0.0
2005-04-12 00:00:00+09:00,57.50787802224548,57.82677893524721,56.97638190723399,57.08268356323242,18970000,0.0,0.0
2005-04-13 00:00:00+09:00,57.40157748111886,57.40157748111886,56.33858530554259,56.6574821472168,22705000,0.0,0.0
2005-04-14 00:00:00+09:00,56.23230188583792,56.23230188583792,55.063007764935364,55.7008056640625,40025000,0.0,0.0
2005-04-15 00:00:00+09:00,54.744084436317635,55.06298120455984,53.99998927375755,54.637786865234375,28875000,0.0,0.0
2005-04-18 00:00:00+09:00,51.98031786895661,52.7244091315647,51.448821792811835,52.19291305541992,49945000,0.0,0.0
2005-04-19 00:00:00+09:00,53.36221244890163,53.893708580753255,52.93701392142286,53.78740692138672,25285000,0.0,0.0
2005-04-20 00:00:00+09:00,54.850389470333575,54.956691110872626,53.999996620985954,54.31889343261719,24530000,0.0,0.0
2005-04-21 00:00:00+09:00,53.149610852062956,54.000003814697266,52.61811474354233,54.000003814697266,27605000,0.0,0.0
2005-04-22 00:00:00+09:00,55.06297581660512,55.06297581660512,54.31888072685532,54.4251823425293,15475000,0.0,0.0
2005-04-25 00:00:00+09:00,54.31890594743891,54.53150522250593,54.10631072736578,54.212608337402344,14460000,0.0,0.0
2005-04-26 00:00:00+09:00,54.53149456515937,54.95669303219488,54.21259774237929,54.85039138793945,18510000,0.0,0.0
2005-04-27 00:00:00+09:00,54.63781288592691,56.87009538171617,54.63781288592691,56.763797760009766,49550000,0.0,0.0
2005-04-28 00:00:00+09:00,56.55118271542958,56.55118271542958,54.63779767251891,55.062992095947266,62800000,0.0,0.0
2005-04-29 00:00:00+09:00,55.06299209594727,55.06299209594727,55.06299209594727,55.062992095947266,0,0.0,0.0
2005-05-02 00:00:00+09:00,54.85040707311496,55.48820495605469,54.63781183379598,55.48820495605469,17570000,0.0,0.0
2005-05-03 00:00:00+09:00,55.48820495605469,55.48820495605469,55.48820495605469,55.48820495605469,0,0.0,0.0
2005-05-04 00:00:00+09:00,55.48820495605469,55.48820495605469,55.48820495605469,55.48820495605469,0,0.0,0.0
2005-05-05 00:00:00+09:00,55.48820495605469,55.48820495605469,55.48820495605469,55.48820495605469,0,0.0,0.0
2005-05-06 00:00:00+09:00,56.551183087009456,56.551183087009456,56.0196870129868,56.444881439208984,16105000,0.0,0.0
2005-05-09 00:00:00+09:00,57.188970984296226,57.188970984296226,56.23228058056767,56.97637176513672,22875000,0.0,0.0
2005-05-10 00:00:00+09:00,57.40159160023688,57.40159160023688,56.338599163195454,56.763797760009766,22145000,0.0,0.0
2005-05-11 00:00:00+09:00,56.23228836059571,56.23228836059571,55.59449061487455,56.2322883605957,19870000,0.0,0.0
2005-05-12 00:00:00+09:00,56.12598605942866,56.976378988891014,56.01968846386838,56.6574821472168,21675000,0.0,0.0
2005-05-13 00:00:00+09:00,56.338568377022725,56.4448659406429,55.381874084472656,55.381874084472656,22355000,0.0,0.0
2005-05-16 00:00:00+09:00,55.48820958952907,55.70080890159516,53.255922895327075,53.36222457885742,29765000,0.0,0.0
2005-05-17 00:00:00+09:00,54.42519912605297,54.74409596143159,52.9370084876284,53.574806213378906,30570000,0.0,0.0
2005-05-18 00:00:00+09:00,53.68109361684346,54.31888716653173,53.46849441528321,53.4684944152832,16515000,0.0,0.0
2005-05-19 00:00:00+09:00,55.06298262803647,55.80707780983274,54.74408585155022,55.594478607177734,35175000,0.0,0.0
2005-05-20 00:00:00+09:00,55.70077488531743,56.12596919479025,55.381874084472656,55.381874084472656,10065000,0.0,0.0
2005-05-23 00:00:00+09:00,56.23227621514276,56.33857378897401,55.594478607177734,55.594478607177734,17230000,0.0,0.0
2005-05-24 00:00:00+09:00,55.80708740568843,56.125984237008005,54.63779767251891,55.062992095947266,28335000,0.0,0.0
2005-05-25 00:00:00+09:00,54.85037664024917,55.488174169317006,54.21258316617335,54.4251823425293,17235000,0.0,0.0
2005-05-26 00:00:00+09:00,54.21258316617335,54.63778151888524,53.78738481346146,54.4251823425293,23220000,0.0,0.0
2005-05-27 00:00:00+09:00,54.744100497319145,55.700795137716334,54.53150123778715,55.275596618652344,23465000,0.0,0.0
2005-05-30 00:00:00+09:00,55.381874084472656,55.8070724489376,55.16927895723231,55.381874084472656,20845000,0.0,0.0
2005-05-31 00:00:00+09:00,55.70079081553197,56.55118373267887,55.488191572496916,56.01968765258789,42260000,0.0,0.0
2005-06-01 00:00:00+09:00,56.12597997262438,56.87007522583008,56.019682388591946,56.87007522583008,17120000,0.0,0.0
2005-06-02 00:00:00+09:00,56.87008139333072,57.29527988555857,56.55118455165651,56.6574821472168,20880000,0.0,0.0
2005-06-03 00:00:00+09:00,56.65747600277232,56.976372809862504,56.23228161164971,56.87007522583008,13945000,0.0,0.0
2005-06-06 00:00:00+09:00,56.12598827797964,57.50787734985351,56.12598827797964,57.507877349853516,16545000,0.0,0.0
2005-06-07 00:00:00+09:00,57.40159160023688,57.61419089864403,56.44489678490186,56.763797760009766,14335000,0.0,0.0
2005-06-08 00:00:00+09:00,57.29528680876512,58.46457672119141,57.29528680876512,58.464576721191406,36555000,0.0,0.0
2005-06-09 00:00:00+09:00,58.25196754109089,58.25196754109089,57.295277063194796,57.614173889160156,21570000,0.0,0.0
2005-06-10 00:00:00+09:00,57.507884022197686,58.358281138935126,57.40158641010249,57.933082580566406,41105000,0.0,0.0
2005-06-13 00:00:00+09:00,57.507874997343436,58.03937108439834,57.507874997343436,57.72047424316406,11125000,0.0,0.0
2005-06-14 00:00:00+09:00,57.72047660437107,57.8267782591266,57.295282150329456,57.507877349853516,10530000,0.0,0.0
2005-06-15 00:00:00+09:00,57.18898049557393,57.61417900460904,56.976381241056366,57.507877349853516,29360000,0.0,0.0
2005-06-16 00:00:00+09:00,57.93308056918058,58.570874329596045,57.72048129737748,58.464576721191406,40155000,0.0,0.0
2005-06-17 00:00:00+09:00,58.8897561898245,59.740148946592456,58.78345456085818,59.527549743652344,50855000,0.0,0.0
2005-06-20 00:00:00+09:00,60.059050023826615,60.16534760541148,59.52755400591664,59.84645080566406,30650000,0.0,0.0
2005-06-21 00:00:00+09:00,59.6338519784254,59.6338519784254,58.996058374749566,59.10235595703125,17675000,0.0,0.0
2005-06-22 00:00:00+09:00,58.88976227024961,59.31495666503906,58.570861405416345,59.31495666503906,22940000,0.0,0.0
2005-06-23 00:00:00+09:00,59.208662469483286,59.208662469483286,58.677166404326336,58.996063232421875,15705000,0.0,0.0
2005-06-24 00:00:00+09:00,58.35827621195163,59.421268463134766,58.14567695071628,59.421268463134766,25030000,0.0,0.0
2005-06-27 00:00:00+09:00,58.889763310260285,59.421259354378186,58.889763310260285,59.20866012573242,13210000,0.0,0.0
2005-06-28 00:00:00+09:00,59.314957100173764,59.74015555307542,59.20865951444484,59.633853912353516,14290000,0.0,0.0
2005-06-29 00:00:00+09:00,59.63386169496836,60.059060203361234,59.20866724156898,59.952762603759766,22770000,0.0,0.0
2005-06-30 00:00:00+09:00,60.05905236525517,60.05905236525517,59.314957100173764,59.633853912353516,17085000,0.0,0.0
2005-07-01 00:00:00+09:00,59.52755632662459,59.84645313880434,59.314957100173764,59.633853912353516,12275000,0.0,0.0
2005-07-04 00:00:00+09:00,59.740153224079194,59.84645080566406,59.42125642433177,59.84645080566406,9155000,0.0,0.0
2005-07-05 00:00:00+09:00,59.740155114821455,59.952754339712655,59.10235744014787,59.31495666503906,16255000,0.0,0.0
2005-07-06 00:00:00+09:00,59.74015745622165,60.27165351178413,59.74015745622165,60.16535186767578,25330000,0.0,0.0
2005-07-07 00:00:00+09:00,59.952762603759766,60.059060203361234,59.63386169496836,59.952762603759766,19370000,0.0,0.0
2005-07-08 00:00:00+09:00,60.0590476989746,60.59054369631066,59.95275012150446,60.05904769897461,36785000,0.0,0.0
2005-07-11 00:00:00+09:00,60.590550334123,60.590550334123,60.165351867675774,60.16535186767578,12575000,0.0,0.0
2005-07-12 00:00:00+09:00,60.271665688083736,60.37796329867362,59.42127263838291,59.740169525146484,15795000,0.0,0.0
2005-07-13 00:00:00+09:00,59.95276880132017,60.165364022499936,59.42127263838291,59.740169525146484,14525000,0.0,0.0
2005-07-14 00:00:00+09:00,60.0590476989746,60.27164690890756,59.740150911571504,60.05904769897461,15750000,0.0,0.0
2005-07-15 00:00:00+09:00,60.27166145308255,60.27166145308255,59.421268463134766,59.421268463134766,17280000,0.0,0.0
2005-07-18 00:00:00+09:00,59.421268463134766,59.421268463134766,59.421268463134766,59.421268463134766,0,0.0,0.0
2005-07-19 00:00:00+09:00,59.208659495555246,59.208659495555246,58.46456423071123,58.57086181640625,19455000,0.0,0.0
2005-07-20 00:00:00+09:00,59.63386785956268,59.95276880132017,59.31497097279911,59.740169525146484,15470000,0.0,0.0
2005-07-21 00:00:00+09:00,59.74015555307542,60.05905236525517,59.633853912353516,59.633853912353516,10955000,0.0,0.0
2005-07-22 00:00:00+09:00,59.84646293061184,59.95276458872634,58.8897723375432,59.421268463134766,12130000,0.0,0.0
2005-07-25 00:00:00+09:00,59.52755400591664,60.27164924198917,59.52755400591664,59.84645080566406,37725000,0.0,0.0
2005-07-26 00:00:00+09:00,59.740163349563325,60.059060203361234,59.63386169496836,59.952762603759766,14485000,0.0,0.0
2005-07-27 00:00:00+09:00,60.05905195100612,60.37794876098632,59.95275436601037,60.37794876098633,13575000,0.0,0.0
2005-07-28 00:00:00+09:00,60.69685224907807,62.29134052940404,60.69685224907807,61.866146087646484,74725000,0.0,0.0
2005-07-29 00:00:00+09:00,62.18503189086914,62.61023031212002,61.75983346961827,62.18503189086914,44540000,0.0,0.0
2005-08-01 00:00:00+09:00,61.97243242530505,64.31101562257919,61.86613484792595,63.99211883544922,47985000,0.0,0.0
2005-08-02 00:00:00+09:00,64.09842552536746,65.26771931773325,63.35433021295162,64.20472717285156,50245000,0.0,0.0
2005-08-03 00:00:00+09:00,64.31104379005988,64.4173414139961,63.67324993645376,63.88584518432617,28835000,0.0,0.0
2005-08-04 00:00:00+09:00,63.77952427407362,63.77952427407362,62.82282978796534,63.566925048828125,17800000,0.0,0.0
2005-08-05 00:00:00+09:00,63.24803207355983,63.35432966513156,62.185039937869746,62.503936767578125,21210000,0.0,0.0
2005-08-08 00:00:00+09:00,62.185059257582,64.62994111824872,61.65356302461121,64.52364349365234,38920000,0.0,0.0
2005-08-09 00:00:00+09:00,64.52363119643306,66.54331406380464,64.09843266909499,66.0118179321289,48955000,0.0,0.0
2005-08-10 00:00:00+09:00,66.64960902342425,67.60629953127649,66.54330737477848,66.968505859375,40950000,0.0,0.0
2005-08-11 00:00:00+09:00,67.07479776632648,68.88188914515715,67.07479776632648,68.56298828125,41160000,0.0,0.0
2005-08-12 00:00:00+09:00,68.56299607251032,69.20078976281539,68.03149997892497,68.88189697265625,37370000,0.0,0.0
2005-08-15 00:00:00+09:00,68.5630104462781,70.3700942993164,68.45671282727382,70.3700942993164,30060000,0.0,0.0
2005-08-16 00:00:00+09:00,70.68896205881505,70.68896205881505,69.73226771722513,70.5826644897461,27665000,0.0,0.0
2005-08-17 00:00:00+09:00,70.15748871259332,71.32677856913908,69.73229018930742,70.26378631591797,31670000,0.0,0.0
2005-08-18 00:00:00+09:00,70.37007543544698,70.90157149798053,69.51968660138509,69.62598419189453,17725000,0.0,0.0
2005-08-19 00:00:00+09:00,69.62598825968102,69.62598825968102,68.77559126594976,68.88189697265625,24250000,0.0,0.0
2005-08-22 00:00:00+09:00,68.66930481505443,70.05119812666837,68.66930481505443,69.94490051269531,38500000,0.0,0.0
2005-08-23 00:00:00+09:00,70.68898206768613,70.90157726600017,70.15748596191406,70.15748596191406,23075000,0.0,0.0
2005-08-24 00:00:00+09:00,69.2007810913466,70.3700707287147,69.2007810913466,70.05117797851562,14565000,0.0,0.0
2005-08-25 00:00:00+09:00,69.73228178240399,69.94488507340918,69.30708331037988,69.62598419189453,16895000,0.0,0.0
2005-08-26 00:00:00+09:00,69.62597171564735,69.9448725400183,69.3070708912764,69.73226928710938,12890000,0.0,0.0
2005-08-29 00:00:00+09:00,69.41340637207031,69.62600160626204,68.98820779369852,69.41340637207031,12055000,0.0,0.0
2005-08-30 00:00:00+09:00,69.73229574798052,71.00789141952166,69.6259981361824,70.7952880859375,18950000,0.0,0.0
2005-08-31 00:00:00+09:00,70.90158004585318,71.32677856913908,70.26378631591797,70.26378631591797,24330000,0.0,0.0
2005-09-01 00:00:00+09:00,70.68898026522425,71.43307155033716,70.68898026522425,71.00788116455078,24140000,0.0,0.0
2005-09-02 00:00:00+09:00,71.53940423615181,72.70869445800781,71.53940423615181,72.70869445800781,47985000,0.0,0.0
2005-09-05 00:00:00+09:00,73.24014560525741,73.45274074728165,72.8149472112241,73.34644317626953,28190000,0.0,0.0
2005-09-06 00:00:00+09:00,73.34645742332822,73.98425108327292,71.75196921847325,72.38976287841797,30010000,0.0,0.0
2005-09-07 00:00:00+09:00,72.49606373477663,72.92126223054976,70.58268266877765,71.00788116455078,31320000,0.0,0.0
2005-09-08 00:00:00+09:00,70.58267872645219,70.68897631696163,69.30708331037988,69.62598419189453,29780000,0.0,0.0
2005-09-09 00:00:00+09:00,69.62598808078478,71.32677395389057,69.41339288789159,71.00788116455078,50855000,0.0,0.0
2005-09-12 00:00:00+09:00,72.49605769960908,72.70866098479019,71.64566888884292,72.28346252441406,20135000,0.0,0.0
2005-09-13 00:00:00+09:00,72.28346252441406,73.02755374758272,71.64566888884292,72.28346252441406,22980000,0.0,0.0
2005-09-14 00:00:00+09:00,71.75197615938096,72.07087707519531,70.9015791238675,72.07087707519531,40330000,0.0,0.0
2005-09-15 00:00:00+09:00,71.7519722760235,73.13386535644531,71.53937708364478,73.13386535644531,36560000,0.0,0.0
2005-09-16 00:00:00+09:00,73.02754235324835,73.87793914131497,72.70864964021197,73.34644317626953,47100000,0.0,0.0
2005-09-19 00:00:00+09:00,73.34644317626953,73.34644317626953,73.34644317626953,73.34644317626953,0,0.0,0.0
2005-09-20 00:00:00+09:00,74.30315081545663,76.21653176560545,73.9842499354387,75.6850357055664,56580000,0.0,0.0
2005-09-21 00:00:00+09:00,76.3228357330081,76.85433178098174,74.83464517668472,76.53543090820312,40745000,0.0,0.0
2005-09-22 00:00:00+09:00,76.64171338314907,78.34249877929688,75.68501906344576,78.34249877929688,53090000,0.0,0.0
2005-09-23 00:00:00+09:00,78.34249877929688,78.34249877929688,78.34249877929688,78.34249877929688,0,0.0,0.0
2005-09-26 00:00:00+09:00,79.40550632326631,80.78739929199219,78.76771268769517,80.78739929199219,51525000,0.0,0.0
2005-09-27 00:00:00+09:00,81.85604469431111,83.35210983474533,81.64232459692013,82.28349304199219,54745000,0.8,0.0
2005-09-28 00:00:00+09:00,83.35207860391151,87.19909598582052,82.92463041638915,86.34420776367188,73635000,0.0,0.0
2005-09-29 00:00:00+09:00,87.51968604498975,88.3745742855051,85.9167614220152,87.73340606689453,45045000,0.0,0.0
2005-09-30 00:00:00+09:00,86.77166364826111,87.1991119138624,83.45895385742188,83.45895385742188,47430000,0.0,0.0
2005-10-03 00:00:00+09:00,82.81776138626589,84.20696580616132,81.21483697233816,84.10009765625,37890000,0.0,0.0
2005-10-04 00:00:00+09:00,84.63441410442064,84.95500227984259,81.32170495427641,81.74915313720703,40205000,0.0,0.0
2005-10-05 00:00:00+09:00,81.21486774539791,81.53545601081537,79.18449442118332,80.89427947998047,46895000,0.0,0.0
2005-10-06 00:00:00+09:00,78.75702938736399,80.03937402371828,78.4364493429478,78.6501693725586,41045000,0.0,0.0
2005-10-07 00:00:00+09:00,77.7952827544015,79.50506748631102,77.15410634615083,78.86389923095703,43820000,0.0,0.0
2005-10-10 00:00:00+09:00,78.86389923095703,78.86389923095703,78.86389923095703,78.86389923095703,0,0.0,0.0
2005-10-11 00:00:00+09:00,79.8256510730984,82.4971923828125,79.50507100767095,82.4971923828125,42740000,0.0,0.0
2005-10-12 00:00:00+09:00,83.56579495928042,83.56579495928042,81.32170226424675,81.85601043701172,40215000,0.0,0.0
2005-10-13 00:00:00+09:00,81.74915702136934,82.60405342784941,80.25309238647743,82.17660522460938,38455000,0.0,0.0
2005-10-14 00:00:00+09:00,81.5354320285066,82.06974021177886,78.65016294709883,79.1844711303711,64290000,0.0,0.0
2005-10-17 00:00:00+09:00,79.50506202239194,79.82564205158899,78.65016563874087,79.0776138305664,40600000,0.0,0.0
2005-10-18 00:00:00+09:00,78.75703542110688,79.82565195682282,78.2227271532489,79.29134368896484,34530000,0.0,0.0
2005-10-19 00:00:00+09:00,79.61191930756809,79.82563931971865,78.65016294709883,79.1844711303711,41320000,0.0,0.0
2005-10-20 00:00:00+09:00,80.03937572458878,81.0011321840681,78.5433110268317,78.86389923095703,39835000,0.0,0.0
2005-10-21 00:00:00+09:00,77.36783983544169,78.00900813473677,76.29922328565077,77.7952880859375,34535000,0.0,0.0
2005-10-24 00:00:00+09:00,78.54331858387442,78.54331858387442,76.83353368745802,77.15411376953125,20015000,0.0,0.0
2005-10-25 00:00:00+09:00,77.47469820542135,78.6501747545104,77.36783818330363,77.58155822753906,40835000,0.0,0.0
2005-10-26 00:00:00+09:00,77.68838844835562,80.68051683725236,77.68838844835562,80.466796875,36890000,0.0,0.0
2005-10-27 00:00:00+09:00,81.10798879295749,82.28346523719529,80.57368057713154,82.17660522460938,36200000,0.0,0.0
2005-10-28 00:00:00+09:00,81.32171376320427,83.67267494753534,80.5736854767198,83.13836669921875,60125000,0.0,0.0
2005-10-31 00:00:00+09:00,84.95499519213263,85.27558334080823,83.77951890181424,84.63440704345703,47560000,0.0,0.0
2005-11-01 00:00:00+09:00,85.38244089759706,85.7030208842093,84.84813276701497,85.59616088867188,35450000,0.0,0.0
2005-11-02 00:00:00+09:00,85.16874417303086,86.77166915610846,85.06188413807196,86.13050079345703,48180000,0.0,0.0
2005-11-03 00:00:00+09:00,86.13048295860546,87.09223937988283,85.80990292011059,87.09223937988281,48180000,0.0,0.0
2005-11-04 00:00:00+09:00,87.09223052601754,87.09223052601754,85.59616603977679,86.55792236328125,37345000,0.0,0.0
2005-11-07 00:00:00+09:00,87.4128354539725,90.93926511280006,87.0922472336713,90.83240509033203,79970000,0.0,0.0
2005-11-08 00:00:00+09:00,91.47359353279273,92.00790191575635,89.22949995492529,91.79418182373047,63620000,0.0,0.0
2005-11-09 00:00:00+09:00,90.51179263863064,92.0078570113549,89.87062452257595,91.47354888916016,36825000,0.0,0.0
2005-11-10 00:00:00+09:00,90.61866078538554,92.22158515196975,89.76376452871598,91.47354888916016,42650000,0.0,0.0
2005-11-11 00:00:00+09:00,92.43532370733968,92.96963193686187,89.97750259037896,90.19123077392578,31850000,0.0,0.0
2005-11-14 00:00:00+09:00,90.29809610580364,90.51181614903726,88.1608630618793,88.2677230834961,20310000,0.0,0.0
2005-11-15 00:00:00+09:00,87.1991006808876,89.01575353744772,87.09224066647735,88.4814453125,27085000,0.0,0.0
2005-11-16 00:00:00+09:00,87.94715748797033,90.4049710011118,87.73342925667647,90.29811096191406,18650000,0.0,0.0
2005-11-17 00:00:00+09:00,90.61870501179028,92.00790191575635,90.29811672085253,91.79418182373047,35130000,0.0,0.0
2005-11-18 00:00:00+09:00,92.64907034473292,92.86279858965771,90.40497676686547,91.79418182373047,35335000,0.0,0.0
2005-11-21 00:00:00+09:00,91.04613004776503,92.75592311109574,89.87065343139835,90.93927001953125,47210000,0.0,0.0
2005-11-22 00:00:00+09:00,90.51181687003084,91.68730157587048,90.08437678015873,90.83240509033203,22650000,0.0,0.0
2005-11-23 00:00:00+09:00,90.83240509033203,90.83240509033203,90.83240509033203,90.83240509033203,0,0.0,0.0
2005-11-24 00:00:00+09:00,90.93925390680792,91.79415028700174,88.80202110921951,89.2294692993164,34700000,0.0,0.0
2005-11-25 00:00:00+09:00,88.3745715978034,90.72553253173828,88.3745715978034,90.72553253173828,36140000,0.0,0.0
2005-11-28 00:00:00+09:00,91.47356812607991,92.75591278076172,90.72553985885467,92.75591278076172,25010000,0.0,0.0
2005-11-29 00:00:00+09:00,92.64904688794466,94.25197163100873,91.6872985644237,93.82453155517578,42050000,0.0,0.0
2005-11-30 00:00:00+09:00,94.89313333280879,97.24408599684911,94.57254517275985,96.70977783203125,70910000,0.0,0.0
2005-12-01 00:00:00+09:00,97.13724512605478,97.13724512605478,95.42746029246743,96.2823486328125,35130000,0.0,0.0
2005-12-02 00:00:00+09:00,97.88526553222819,99.16761016845703,97.03037726097214,99.16761016845703,34130000,0.0,0.0
2005-12-05 00:00:00+09:00,100.23622923923917,103.33521051368545,99.80878101600275,103.12149047851562,43205000,0.0,0.0
2005-12-06 00:00:00+09:00,102.69403801464445,106.32733553277586,101.1979733715437,103.86951446533203,59400000,0.0,0.0
2005-12-07 00:00:00+09:00,104.72438517943273,105.15183328013175,102.15970472813305,102.80087280273438,39530000,0.0,0.0
2005-12-08 00:00:00+09:00,102.37344308637206,102.58716308163405,98.52641794849461,100.66365051269531,35820000,0.0,0.0
2005-12-09 00:00:00+09:00,99.80880718596615,104.83130270543096,99.80880718596615,104.40385437011719,51700000,0.0,0.0
2005-12-12 00:00:00+09:00,106.9685136914322,111.4567080372409,106.9685136914322,110.70867156982422,59550000,0.0,0.0
2005-12-13 00:00:00+09:00,112.84590356182193,112.84590356182193,109.96064220158414,111.02925872802734,40655000,0.0,0.0
2005-12-14 00:00:00+09:00,111.02925458269324,111.13611460076848,106.64792861843462,107.71654510498047,35540000,0.0,0.0
2005-12-15 00:00:00+09:00,105.7930053526985,109.85375023345492,105.57928537071962,107.60964965820312,38710000,0.0,0.0
2005-12-16 00:00:00+09:00,105.89990180286524,107.07537841423114,104.51070513594101,105.04501342773438,38515000,0.0,0.0
2005-12-19 00:00:00+09:00,104.93812763603792,105.2587158184709,103.12148300997404,103.97637939453125,28470000,0.0,0.0
2005-12-20 00:00:00+09:00,104.19011955616432,108.35772596899045,104.08325952566062,107.82341766357422,33710000,0.0,0.0
2005-12-21 00:00:00+09:00,109.74690702074255,109.96063520416871,106.22047759962484,106.968505859375,40625000,0.0,0.0
2005-12-22 00:00:00+09:00,106.75478209532098,107.39595031738281,105.68616567425249,107.39595031738281,22780000,0.0,0.0
2005-12-23 00:00:00+09:00,107.39595031738281,107.39595031738281,107.39595031738281,107.39595031738281,0,0.0,0.0
2005-12-26 00:00:00+09:00,107.50281841311389,108.03712666382806,105.89989366097133,106.2204818725586,24475000,0.0,0.0
2005-12-27 00:00:00+09:00,105.57931132005544,106.22047957647344,104.72441487623362,105.15186309814453,20320000,0.0,0.0
2005-12-28 00:00:00+09:00,105.1518573182433,106.64792193624866,104.83126913120778,106.54105377197266,19590000,0.0,0.0
2005-12-29 00:00:00+09:00,106.86164740941034,107.28909562962731,105.57931090165609,106.32733917236328,19285000,0.0,0.0
2005-12-30 00:00:00+09:00,105.25872311539808,106.1136195592199,104.72441487623362,105.15186309814453,12220000,0.0,0.0
2006-01-02 00:00:00+09:00,105.15186309814453,105.15186309814453,105.15186309814453,105.15186309814453,0,0.0,0.0
2006-01-03 00:00:00+09:00,105.15186309814453,105.15186309814453,105.15186309814453,105.15186309814453,0,0.0,0.0
2006-01-04 00:00:00+09:00,107.07538376161922,109.7469253540039,106.00676712466534,109.7469253540039,22105000,0.0,0.0
2006-01-05 00:00:00+09:00,110.8154989371965,111.02922707328891,108.14395838275207,109.31944274902344,35845000,0.0,0.0
2006-01-06 00:00:00+09:00,109.85379584073458,109.85379584073458,107.39597426310624,107.93028259277344,29175000,0.0,0.0
2006-01-09 00:00:00+09:00,107.93028259277344,107.93028259277344,107.93028259277344,107.93028259277344,0,0.0,0.0
2006-01-10 00:00:00+09:00,108.14399172093597,109.21260827214245,105.2587302938374,107.18224334716797,38495000,0.0,0.0
2006-01-11 00:00:00+09:00,106.11359773115078,106.64790586040552,103.97636521413179,105.68614959716797,36900000,0.0,0.0
2006-01-12 00:00:00+09:00,106.5410596282341,106.64792779838436,104.19010663706916,105.15186309814453,46015000,0.0,0.0
2006-01-13 00:00:00+09:00,104.8312676261923,105.36557582831652,103.76265122194387,103.97637939453125,43810000,0.0,0.0
2006-01-16 00:00:00+09:00,100.66367121108193,100.7705393835823,99.59505470925347,100.449951171875,58770000,0.0,0.0
2006-01-17 00:00:00+09:00,98.84701387869656,102.15972298351153,98.52642570766136,99.4881820678711,65355000,0.0,0.0
2006-01-18 00:00:00+09:00,99.0607409573398,99.70191734514886,91.36670583259558,95.74803161621094,49250000,0.0,0.0
2006-01-19 00:00:00+09:00,95.42745687444001,100.98425942278924,95.21372868233618,100.449951171875,45250000,0.0,0.0
2006-01-20 00:00:00+09:00,101.94603566761785,101.94603566761785,99.8088022496506,101.73230743408203,33390000,0.0,0.0
2006-01-23 00:00:00+09:00,98.52646249097393,101.09114435805176,97.77843401648822,98.95391082763672,21980000,0.0,0.0
2006-01-24 00:00:00+09:00,99.48817174332437,100.9842361314057,98.52641548292246,99.59503173828125,20050000,0.0,0.0
2006-01-25 00:00:00+09:00,99.48818390160152,100.98424847251427,97.24409112168041,97.67153930664062,43065000,0.0,0.0
2006-01-26 00:00:00+09:00,98.63330905338046,100.44995389457021,98.41958085548353,100.34309387207031,22730000,0.0,0.0
2006-01-27 00:00:00+09:00,101.41169954369808,105.0449969899212,100.66366316050424,104.51068878173828,53510000,0.0,0.0
2006-01-30 00:00:00+09:00,106.647911824911,109.96062078098154,106.00673551163017,107.50279998779297,58120000,0.0,0.0
2006-01-31 00:00:00+09:00,107.93027660155816,108.89203317215157,104.93814686035591,106.43421173095703,51360000,0.0,0.0
2006-02-01 00:00:00+09:00,107.39596339625035,108.57143997199802,105.89989859398183,107.18224334716797,37440000,0.0,0.0
2006-02-02 00:00:00+09:00,108.9988582862074,109.53316641506136,107.71652203811591,108.89199829101562,33005000,0.0,0.0
2006-02-03 00:00:00+09:00,108.67827997709155,109.74689633144996,108.14397179991235,109.10572814941406,25575000,0.0,0.0
2006-02-06 00:00:00+09:00,109.64006635026006,111.1361312866211,108.46458966915424,111.1361312866211,37680000,0.0,0.0
2006-02-07 00:00:00+09:00,110.70866997464378,111.56356645283135,109.74691347490703,111.34983825683594,28980000,0.0,0.0
2006-02-08 00:00:00+09:00,109.21259640310188,109.53318459478174,105.47243888035324,105.89988708496094,31995000,0.0,0.0
2006-02-09 00:00:00+09:00,108.14397840135777,108.4645665883933,105.5793055166586,106.54105377197266,27210000,0.0,0.0
2006-02-10 00:00:00+09:00,106.32733240943551,106.43419241946879,100.5568021857814,101.94600677490234,48080000,0.0,0.0
2006-02-13 00:00:00+09:00,100.87739860772325,100.87739860772325,96.60293263411546,97.88526916503906,44820000,0.0,0.0
2006-02-14 00:00:00+09:00,96.81665020524265,99.70191955566406,95.10686548993549,99.70191955566406,40790000,0.0,0.0
2006-02-15 00:00:00+09:00,100.12935981154384,100.12935981154384,96.38920217275559,96.816650390625,38890000,0.0,0.0
2006-02-16 00:00:00+09:00,97.24412563388447,99.27449911835853,96.7098172512807,98.95391082763672,36260000,0.0,0.0
2006-02-17 00:00:00+09:00,98.95386771117533,100.23621216241692,94.35882251468853,94.78626251220703,35370000,0.0,0.0
2006-02-20 00:00:00+09:00,94.57255751710682,95.85489401889197,92.32846456253445,92.75591278076172,28250000,0.0,0.0
2006-02-21 00:00:00+09:00,93.18336164749101,95.53432299334678,92.11474507743769,95.32059478759766,50135000,0.0,0.0
2006-02-22 00:00:00+09:00,97.45782050624135,99.70192165478181,96.70979222532573,99.06074523925781,46680000,0.0,0.0
2006-02-23 00:00:00+09:00,101.51854607281531,102.05285421004066,99.80876166427325,101.8391342163086,32150000,0.0,0.0
2006-02-24 00:00:00+09:00,100.98425037881061,102.26658680500213,99.91563397268564,101.94600677490234,21825000,0.0,0.0
2006-02-27 00:00:00+09:00,103.01463804646998,103.01463804646998,100.34309664564294,102.2666015625,18285000,0.0,0.0
2006-02-28 00:00:00+09:00,103.01465747147105,104.83130270543096,101.51859237432232,104.40385437011719,32395000,0.0,0.0
2006-03-01 00:00:00+09:00,103.33522035443845,105.47245352125536,102.4803319794502,104.19011688232422,34610000,0.0,0.0
2006-03-02 00:00:00+09:00,103.86955327483352,104.40386169322855,100.34312260516602,100.98429107666016,25290000,0.0,0.0
2006-03-03 00:00:00+09:00,99.91565270666608,100.55682103997958,98.41958782700277,98.63331604003906,25070000,0.0,0.0
2006-03-06 00:00:00+09:00,97.56467750034749,100.34307842203438,97.35094933535873,99.4881820678711,30935000,0.0,0.0
2006-03-07 00:00:00+09:00,98.8470127596791,99.80876910900109,96.92350006103516,96.92350006103516,28030000,0.0,0.0
2006-03-08 00:00:00+09:00,97.24410787485262,97.67155613345344,94.3588463968676,95.32059478759766,37845000,0.0,0.0
2006-03-09 00:00:00+09:00,94.25196197985491,98.09898749160084,93.93138195580676,97.67153930664062,33520000,0.0,0.0
2006-03-10 00:00:00+09:00,97.24410089957726,98.63330560215853,96.28234442493614,97.88526916503906,42235000,0.0,0.0
2006-03-13 00:00:00+09:00,100.12937544585708,101.30486026676364,98.95389877784842,100.55682373046875,20010000,0.0,0.0
2006-03-14 00:00:00+09:00,100.23625583762508,100.66369602138897,98.52646249097393,98.95391082763672,27685000,0.0,0.0
2006-03-15 00:00:00+09:00,99.0607631744064,100.0225198189236,98.95390313677078,99.80879974365234,25595000,0.0,0.0
2006-03-16 00:00:00+09:00,99.70191932916326,100.23622756103896,97.35095821717225,97.99212646484375,16920000,0.0,0.0
2006-03-17 00:00:00+09:00,99.06075342118729,99.2744816283138,97.67155676290365,98.74017333984375,13105000,0.0,0.0
2006-03-20 00:00:00+09:00,99.80880676639197,100.66369528052685,99.48821847802961,100.12938690185547,17175000,0.0,0.0
2006-03-21 00:00:00+09:00,100.12938690185548,100.12938690185548,100.12938690185548,100.12938690185547,0,0.0,0.0
2006-03-22 00:00:00+09:00,101.19796921722823,101.83914557573338,100.34308099404814,101.41169738769531,34410000,0.0,0.0
2006-03-23 00:00:00+09:00,101.73226679479568,102.15971493821486,100.44993051743333,100.66365051269531,14330000,0.0,0.0
2006-03-24 00:00:00+09:00,102.48032222010937,103.44207868416711,100.77053748006048,103.12149047851562,35160000,0.0,0.0
2006-03-27 00:00:00+09:00,104.19010663706916,105.79303135456253,103.86951843241181,105.15186309814453,51090000,0.0,0.0
2006-03-28 00:00:00+09:00,104.18518020167495,106.76295949505628,103.11110617897728,106.33332824707031,28430000,1.0,0.0
2006-03-29 00:00:00+09:00,105.90369699908435,106.87036525841916,105.04444269764689,106.33332824707031,20840000,0.0,0.0
2006-03-30 00:00:00+09:00,107.40740572042134,109.55555383482977,107.19259418679438,107.94444274902344,29560000,0.0,0.0
2006-03-31 00:00:00+09:00,109.01854433414063,109.55558149834822,108.0518757996596,108.58891296386719,20415000,0.0,0.0
2006-04-03 00:00:00+09:00,108.91112034943453,109.66296897593365,108.48148905091983,109.34075164794922,23970000,0.0,0.0
2006-04-04 00:00:00+09:00,109.34073524163563,109.98517799544287,108.58887853341534,109.12591552734375,22565000,0.0,0.0
2006-04-05 00:00:00+09:00,109.01852817346554,109.5555652580639,107.51482269768303,108.48149108886719,25025000,0.0,0.0
2006-04-06 00:00:00+09:00,108.69629553919641,109.877783603705,108.58888976820519,109.6629638671875,25480000,0.0,0.0
2006-04-07 00:00:00+09:00,110.62966383802947,113.31484985351562,110.41485223460555,113.31484985351562,77100000,0.0,0.0
2006-04-10 00:00:00+09:00,113.74445308152279,115.24815851664953,113.63704730641417,114.81852722167969,75260000,0.0,0.0
2006-04-11 00:00:00+09:00,114.81852722167969,114.81852722167969,111.81111635142622,114.81852722167969,31730000,0.0,0.0
2006-04-12 00:00:00+09:00,112.67036082917276,114.06665207019633,110.62961865202472,111.05924987792969,52955000,0.0,0.0
2006-04-13 00:00:00+09:00,109.12592960871109,110.84444657212873,106.87037558206698,110.09259796142578,54870000,0.0,0.0
2006-04-14 00:00:00+09:00,110.84444519681169,110.84444519681169,107.83704259677938,108.8037109375,22095000,0.0,0.0
2006-04-17 00:00:00+09:00,109.23332372696619,109.23332372696619,107.29999542236328,107.29999542236328,14625000,0.0,0.0
2006-04-18 00:00:00+09:00,106.44073055770176,109.23332128722258,106.33332479782291,109.12591552734375,40180000,0.0,0.0
2006-04-19 00:00:00+09:00,112.67039131607352,113.63705978729203,111.38149728960343,112.13335418701172,50190000,0.0,0.0
2006-04-20 00:00:00+09:00,114.28147193323821,115.99998864462209,113.20739796430652,115.46295166015625,87905000,0.0,0.0
2006-04-21 00:00:00+09:00,114.71112144657107,115.677781617084,112.24074764639606,114.81852722167969,34710000,0.0,0.0
2006-04-24 00:00:00+09:00,112.13334044059341,113.31482034078459,109.98519218768755,110.09259796142578,27330000,0.0,0.0
2006-04-25 00:00:00+09:00,109.4481600113771,112.2407512259383,107.94445452829473,111.91852569580078,30620000,0.0,0.0
2006-04-26 00:00:00+09:00,112.45556350548176,113.63705166055277,110.62964067506678,113.2074203491211,28605000,0.0,0.0
2006-04-27 00:00:00+09:00,113.74444056871077,113.74444056871077,110.19999301829687,110.73703002929688,25635000,0.0,0.0
2006-04-28 00:00:00+09:00,111.16665563577241,111.81109837736284,108.58887647487667,111.05924987792969,32315000,0.0,0.0
2006-05-01 00:00:00+09:00,111.38149728960343,113.10002265823022,110.84446016054163,112.13335418701172,19740000,0.0,0.0
2006-05-02 00:00:00+09:00,112.77777749760907,114.92592564042066,112.34814623013978,113.74444580078125,36855000,0.0,0.0
2006-05-03 00:00:00+09:00,113.74444580078125,113.74444580078125,113.74444580078125,113.74444580078125,0,0.0,0.0
2006-05-04 00:00:00+09:00,113.74444580078125,113.74444580078125,113.74444580078125,113.74444580078125,0,0.0,0.0
2006-05-05 00:00:00+09:00,113.74444580078125,113.74444580078125,113.74444580078125,113.74444580078125,0,0.0,0.0
2006-05-08 00:00:00+09:00,115.8926010131836,116.53704385643191,114.92593265104345,115.8926010131836,43975000,0.0,0.0
2006-05-09 00:00:00+09:00,115.89259937979033,116.64444798722757,114.38889397038062,114.49629974365234,25625000,0.0,0.0
2006-05-10 00:00:00+09:00,115.89262363599421,116.96669798258446,113.6370691470621,114.71114349365234,36935000,0.0,0.0
2006-05-11 00:00:00+09:00,115.46298264337818,116.21483134556706,113.85187125765663,114.38890838623047,27475000,0.0,0.0
2006-05-12 00:00:00+09:00,112.24075997391682,113.85187136110224,109.01853719954602,112.13335418701172,37300000,0.0,0.0
2006-05-15 00:00:00+09:00,109.98522083322028,113.95929285832483,109.77040103525894,113.31484985351562,26220000,0.0,0.0
2006-05-16 00:00:00+09:00,113.31481392581424,114.06666249395359,107.30000079709504,108.05184936523438,40040000,0.0,0.0
2006-05-17 00:00:00+09:00,109.12591646741218,110.52221594146816,106.87036271238921,110.41481018066406,32940000,0.0,0.0
2006-05-18 00:00:00+09:00,106.11851672034457,108.15925080784258,105.6888854723586,106.33332824707031,38890000,0.0,0.0
2006-05-19 00:00:00+09:00,106.8703669692737,106.977772734356,104.5074073593247,106.54814147949219,36875000,0.0,0.0
2006-05-22 00:00:00+09:00,107.62222071769818,107.62222071769818,102.68148153445593,102.89630126953125,34275000,0.0,0.0
2006-05-23 00:00:00+09:00,100.74814117695038,102.35925212416473,99.4592475024585,99.99628448486328,55525000,0.0,0.0
2006-05-24 00:00:00+09:00,101.07038912074161,102.57409476670001,99.1370603141121,102.25186920166016,44690000,0.0,0.0
2006-05-25 00:00:00+09:00,101.82221826013003,102.2518413035841,99.35184478759767,99.35184478759766,29720000,0.0,0.0
2006-05-26 00:00:00+09:00,102.57410326300213,104.82965782150102,100.21114290543895,101.28521728515625,61560000,0.0,0.0
2006-05-29 00:00:00+09:00,103.75557980590173,106.11854827519717,103.43336242000025,104.18521118164062,29815000,0.0,0.0
2006-05-30 00:00:00+09:00,105.36665563592831,105.58147534831615,104.18517589866472,104.61480712890625,20195000,0.0,0.0
2006-05-31 00:00:00+09:00,103.11112084010898,104.07778923689213,101.50000957698227,101.82223510742188,26060000,0.0,0.0
2006-06-01 00:00:00+09:00,103.9703896707412,104.7222383606442,101.39260985680274,102.6814956665039,20350000,0.0,0.0
2006-06-02 00:00:00+09:00,104.18519206503125,106.977783203125,100.74815807884438,106.977783203125,40885000,0.0,0.0
2006-06-05 00:00:00+09:00,107.08519816058894,108.69630951623192,105.15186945053902,106.11853790283203,28580000,0.0,0.0
2006-06-06 00:00:00+09:00,105.25926099361472,105.58148649896019,102.57407576418576,102.89630126953125,25590000,0.0,0.0
2006-06-07 00:00:00+09:00,101.28517851814165,102.68146976061979,97.41850567550294,97.84813690185547,41100000,0.0,0.0
2006-06-08 00:00:00+09:00,94.6259225701616,97.52592743426592,91.61852013404031,93.44444274902344,55265000,0.0,0.0
2006-06-09 00:00:00+09:00,92.69261194596604,97.63335190466593,91.9407550469997,96.12964630126953,69425000,0.0,0.0
2006-06-12 00:00:00+09:00,95.9148214645908,97.74074417689455,94.41111606911616,96.45185852050781,34095000,0.0,0.0
2006-06-13 00:00:00+09:00,95.37779754813901,96.5592775950128,91.51112365722656,91.51112365722656,37095000,0.0,0.0
2006-06-14 00:00:00+09:00,89.89998511766328,93.87406359547393,89.89998511766328,91.94072723388672,51920000,0.0,0.0
2006-06-15 00:00:00+09:00,95.16294847089777,96.88146511839832,94.7333172603892,96.23702239990234,31345000,0.0,0.0
2006-06-16 00:00:00+09:00,99.99628448486328,100.21110419454561,98.92221052005372,99.99628448486328,25180000,0.0,0.0
2006-06-19 00:00:00+09:00,99.88889948065267,99.99630526054193,98.06297663892815,98.60001373291016,15070000,0.0,0.0
2006-06-20 00:00:00+09:00,97.84815047392742,100.10370448196826,96.98889609657316,97.63333892822266,27635000,0.0,0.0
2006-06-21 00:00:00+09:00,99.02960238194393,99.8888647110348,96.55923752624022,98.06294250488281,33165000,0.0,0.0
2006-06-22 00:00:00+09:00,99.1370603141121,102.25186920166017,99.02964632940781,102.25186920166016,31045000,0.0,0.0
2006-06-23 00:00:00+09:00,102.25183765700875,103.54073132500842,99.99628398117682,103.218505859375,25445000,0.0,0.0
2006-06-26 00:00:00+09:00,103.21852391458374,104.82963513550192,101.39260114202398,103.64815521240234,22490000,0.0,0.0
2006-06-27 00:00:00+09:00,103.64816606144646,104.07779740423535,102.2518662460166,103.00372314453125,21345000,0.0,0.0
2006-06-28 00:00:00+09:00,100.85556114623644,101.82222948968658,100.10370434820403,100.96296691894531,28160000,0.0,0.0
2006-06-29 00:00:00+09:00,101.50002024205858,103.54076302868981,101.50002024205858,103.43335723876953,19365000,0.0,0.0
2006-06-30 00:00:00+09:00,106.11852012959017,108.05184851583691,105.9037004014285,107.94444274902344,39695000,0.0,0.0
2006-07-03 00:00:00+09:00,109.44814806801628,109.77036536845671,107.7296312153965,107.94444274902344,19365000,0.0,0.0
2006-07-04 00:00:00+09:00,108.9111346354329,109.01854042551625,106.22594891066649,106.87039184570312,28070000,0.0,0.0
2006-07-05 00:00:00+09:00,105.79631355285645,108.05186783741112,105.36668221424218,107.40742492675781,17285000,0.0,0.0
2006-07-06 00:00:00+09:00,107.19259643554688,107.94444501354867,106.44073966301016,107.19259643554688,24680000,0.0,0.0
2006-07-07 00:00:00+09:00,109.55554404970405,109.9851752731195,106.9777649037454,107.62220764160156,38300000,0.0,0.0
2006-07-10 00:00:00+09:00,105.4740623297238,109.5555467613933,105.4740623297238,109.12591552734375,22600000,0.0,0.0
2006-07-11 00:00:00+09:00,107.51482877961979,108.80372277228781,105.79631165059851,107.08519744873047,27870000,0.0,0.0
2006-07-12 00:00:00+09:00,107.30001058667322,107.83704766849388,104.40000542812038,105.0444564819336,16770000,0.0,0.0
2006-07-13 00:00:00+09:00,103.9704073860846,107.51484806396218,103.9704073860846,105.36669921875,25665000,0.0,0.0
2006-07-14 00:00:00+09:00,104.50741464935216,106.54814891187326,103.32592656742708,104.29259490966797,22175000,0.0,0.0
2006-07-17 00:00:00+09:00,104.29257894975187,104.72221016883852,103.11109924316406,103.11109924316406,22175000,0.0,0.0
2006-07-18 00:00:00+09:00,103.2185154243601,103.32592119134625,99.88888748058102,100.21111297607422,21015000,0.0,0.0
2006-07-19 00:00:00+09:00,100.31853697309738,102.03705414077155,98.7074255919273,99.45927429199219,22340000,0.0,0.0
2006-07-20 00:00:00+09:00,102.68152723504326,104.07782745361328,102.25189576821106,104.07782745361328,23065000,0.0,0.0
2006-07-21 00:00:00+09:00,102.68148719709176,104.18519264740469,102.03704434539634,102.57408142089844,27385000,0.0,0.0
2006-07-24 00:00:00+09:00,101.28519243160707,101.71481552244252,99.24444997199795,100.96296691894531,19320000,0.0,0.0
2006-07-25 00:00:00+09:00,102.03703108426508,103.75554786361951,101.28518255408952,101.71480560302734,22045000,0.0,0.0
2006-07-26 00:00:00+09:00,103.86299178240544,106.54817779740597,103.86299178240544,105.15188598632812,56935000,0.0,0.0
2006-07-27 00:00:00+09:00,104.07776414327952,106.33331772892576,103.00369022682573,105.9036865234375,38880000,0.0,0.0
2006-07-28 00:00:00+09:00,106.44075918345328,109.23335066400247,105.47409069550336,107.8370590209961,47970000,0.0,0.0
2006-07-31 00:00:00+09:00,110.62963301062399,111.70370711752325,110.09259595717437,110.95185852050781,38810000,0.0,0.0
2006-08-01 00:00:00+09:00,111.05927675923365,112.77779388427734,109.77038276954886,112.77779388427734,43720000,0.0,0.0
2006-08-02 00:00:00+09:00,111.16665913909449,112.77777014111035,111.05925337786695,112.67036437988281,20465000,0.0,0.0
2006-08-03 00:00:00+09:00,112.77779646519495,113.20742780492199,110.41483638850059,110.8444595336914,32800000,0.0,0.0
2006-08-04 00:00:00+09:00,110.09259287135525,111.91851552409061,109.98518710258286,111.59629821777344,19005000,0.0,0.0
2006-08-07 00:00:00+09:00,110.09261054992676,110.84445924659958,107.08519937416305,107.40742492675781,28865000,0.0,0.0
2006-08-08 00:00:00+09:00,108.48148510821285,109.8777847290039,107.62222254241296,109.8777847290039,37925000,0.0,0.0
2006-08-09 00:00:00+09:00,109.01850770078164,111.16665563577241,107.40739674953856,111.05924987792969,42330000,0.0,0.0
2006-08-10 00:00:00+09:00,109.770360290907,111.48888525856925,108.69628628338528,109.4481430053711,47820000,0.0,0.0
2006-08-11 00:00:00+09:00,108.37409339000587,109.12594208667869,106.87038780212403,107.40742492675781,38185000,0.0,0.0
2006-08-14 00:00:00+09:00,106.4407604908332,108.58890907064632,105.25928041084327,106.87039184570312,44235000,0.0,0.0
2006-08-15 00:00:00+09:00,106.97777327579986,107.19259300158633,105.58148193359376,105.58148193359375,45540000,0.0,0.0
2006-08-16 00:00:00+09:00,106.65556987584719,107.19260696848583,106.11853278320855,106.44075012207031,50000000,0.0,0.0
2006-08-17 00:00:00+09:00,106.87036525841916,109.01851330381452,106.22592248370744,106.33332824707031,55155000,0.0,0.0
2006-08-18 00:00:00+09:00,105.25927015717245,107.30001274810641,105.25927015717245,106.44075012207031,40685000,0.0,0.0
2006-08-21 00:00:00+09:00,106.54815385647466,106.97778516124583,103.64815688970641,103.86296844482422,44515000,0.0,0.0
2006-08-22 00:00:00+09:00,104.61483351756935,107.83705626537208,104.50742773154983,107.40742492675781,49320000,0.0,0.0
2006-08-23 00:00:00+09:00,106.44074613062485,107.62222605121812,106.22593457943894,106.977783203125,28985000,0.0,0.0
2006-08-24 00:00:00+09:00,106.54815422343489,106.97778552968576,105.68889980546875,106.22593688964844,22335000,0.0,0.0
2006-08-25 00:00:00+09:00,106.65555939567847,107.94444501354867,106.01110839220846,107.19259643554688,36085000,0.0,0.0
2006-08-28 00:00:00+09:00,107.62222355761085,108.05185484456351,105.25926377117409,105.47407531738281,34080000,0.0,0.0
2006-08-29 00:00:00+09:00,106.0111083984375,106.33333390019143,105.25925982039152,106.0111083984375,22885000,0.0,0.0
2006-08-30 00:00:00+09:00,105.5815334902567,105.90375094447687,103.4333843506343,104.07782745361328,34620000,0.0,0.0
2006-08-31 00:00:00+09:00,105.15189786489017,105.90374675620853,104.50745478739753,105.79634094238281,30195000,0.0,0.0
2006-09-01 00:00:00+09:00,104.72223095502699,105.58149356375425,104.50741940011295,105.0444564819336,26775000,0.0,0.0
2006-09-04 00:00:00+09:00,105.79630083123111,106.87037495134513,105.47407531738281,105.47407531738281,39950000,0.0,0.0
2006-09-05 00:00:00+09:00,105.68889934121127,105.90371089612532,104.61482517756997,105.0444564819336,29265000,0.0,0.0
2006-09-06 00:00:00+09:00,105.15183805973332,106.97776043989131,104.82961260698372,105.9036865234375,32400000,0.0,0.0
2006-09-07 00:00:00+09:00,105.15184155172288,105.15184155172288,101.60739423190428,102.03702545166016,53305000,0.0,0.0
2006-09-08 00:00:00+09:00,101.07038619924934,103.64816606144646,100.9629804121862,103.00372314453125,45015000,0.0,0.0
2006-09-11 00:00:00+09:00,103.1110887953129,103.1110887953129,99.99627301571452,100.53330993652344,30190000,0.0,0.0
2006-09-12 00:00:00+09:00,99.45924418691604,99.56664994090974,95.48517392741265,96.23702239990234,84970000,0.0,0.0
2006-09-13 00:00:00+09:00,97.3111411796884,97.5259609812202,93.22966328503493,93.65928649902344,73345000,0.0,0.0
2006-09-14 00:00:00+09:00,94.08886992277954,97.3110915516044,94.08886992277954,96.6666488647461,74890000,0.0,0.0
2006-09-15 00:00:00+09:00,95.16296246985534,95.48518797377125,93.33703979975854,93.87407684326172,46715000,0.0,0.0
2006-09-18 00:00:00+09:00,93.87407684326172,93.87407684326172,93.87407684326172,93.87407684326172,0,0.0,0.0
2006-09-19 00:00:00+09:00,93.98148004398789,94.94814833477585,91.94073769555435,92.37036895751953,55115000,0.0,0.0
2006-09-20 00:00:00+09:00,91.83334391215848,92.15556944931372,90.00742105370767,90.75926971435547,67395000,0.0,0.0
2006-09-21 00:00:00+09:00,91.40370977737588,93.76667785644531,90.54445536233428,93.76667785644531,49120000,0.0,0.0
2006-09-22 00:00:00+09:00,92.69259245582442,93.76666649033209,91.83332995040448,92.04814147949219,45380000,0.0,0.0
2006-09-25 00:00:00+09:00,92.15557538923441,93.87409257757975,91.618538255718,92.80001831054688,45700000,0.0,0.0
2006-09-26 00:00:00+09:00,94.20446099141546,95.17675642265495,93.1241345660908,93.55626678466797,53870000,1.0,0.0
2006-09-27 00:00:00+09:00,95.71686203002375,97.66145172219004,94.96063728430995,96.79718780517578,48465000,0.0,0.0
2006-09-28 00:00:00+09:00,97.76951215566834,99.39000130741975,97.76951215566834,98.84983825683594,39345000,0.0,0.0
2006-09-29 00:00:00+09:00,98.84983825683595,99.17393938407984,97.76951215566834,98.84983825683594,30685000,0.0,0.0
2006-10-02 00:00:00+09:00,98.95786605031658,101.11851818347735,98.74180413389402,100.68638610839844,42590000,0.0,0.0
2006-10-03 00:00:00+09:00,100.68637235364533,100.79441153933116,97.66146472579278,97.98555755615234,53325000,0.0,0.0
2006-10-04 00:00:00+09:00,97.01329380668665,97.22935574478122,93.55624510153145,94.4205093383789,48310000,0.0,0.0
2006-10-05 00:00:00+09:00,96.25705146428169,96.4731216242409,94.74459331350248,95.71688842773438,36535000,0.0,0.0
2006-10-06 00:00:00+09:00,96.36506117668806,96.36506117668806,94.312448684153,95.17670440673828,28840000,0.0,0.0
2006-10-09 00:00:00+09:00,95.17670440673828,95.17670440673828,95.17670440673828,95.17670440673828,0,0.0,0.0
2006-10-10 00:00:00+09:00,94.636542772018,97.22932645938127,94.52851183550956,95.28473663330078,38055000,0.0,0.0
2006-10-11 00:00:00+09:00,95.17671573398606,97.01327481723885,94.09638977050781,94.09638977050781,33025000,0.0,0.0
2006-10-12 00:00:00+09:00,95.17670569679234,96.58113259809848,94.31244996249268,95.28473663330078,44935000,0.0,0.0
2006-10-13 00:00:00+09:00,99.60604095458986,100.47030493913118,98.74178521228073,99.60604095458984,79965000,0.0,0.0
2006-10-16 00:00:00+09:00,100.68640978110753,101.55067413446535,99.93018465359623,100.03821563720703,35470000,0.0,0.0
2006-10-17 00:00:00+09:00,100.79442020810347,101.33458321405851,99.93015610168206,100.25425720214844,20920000,0.0,0.0
2006-10-18 00:00:00+09:00,99.60604925120055,100.03818127946532,98.09359951562318,99.7140884399414,24910000,0.0,0.0
2006-10-19 00:00:00+09:00,100.3622466204688,101.11847121895265,99.93011474609375,99.93011474609375,18730000,0.0,0.0
2006-10-20 00:00:00+09:00,100.79440926253778,103.81931682206223,100.68637007929237,103.49522399902344,45970000,0.0,0.0
2006-10-23 00:00:00+09:00,102.09080574583183,104.2514577192886,101.87474384537943,102.84703063964844,45810000,0.0,0.0
2006-10-24 00:00:00+09:00,104.4675223281771,105.0076853355456,103.92735932080858,104.5755615234375,29640000,0.0,0.0
2006-10-25 00:00:00+09:00,105.11575617513337,105.33181814623129,102.63100229632792,103.1711654663086,24155000,0.0,0.0
2006-10-26 00:00:00+09:00,104.57554075296018,105.54782737932416,104.25143971601769,105.4397964477539,26905000,0.0,0.0
2006-10-27 00:00:00+09:00,105.87194488854712,105.87194488854712,103.60326200366772,104.14342498779297,26920000,0.0,0.0
2006-10-30 00:00:00+09:00,103.27919806611798,104.68362562691337,101.44264655637262,101.8747787475586,55395000,0.0,0.0
2006-10-31 00:00:00+09:00,102.95507744200428,102.95507744200428,100.68638610839844,100.68638610839844,36955000,0.0,0.0
2006-11-01 00:00:00+09:00,101.22650778174693,101.6586396802619,100.47028314101853,101.11847686767578,24235000,0.0,0.0
2006-11-02 00:00:00+09:00,100.47031734007366,102.41490742419418,100.25425543838615,102.19883728027344,33520000,0.0,0.0
2006-11-03 00:00:00+09:00,102.19883728027345,102.19883728027345,102.19883728027345,102.19883728027344,0,0.0,0.0
2006-11-06 00:00:00+09:00,102.41494192598205,102.63100390045703,100.14624998281472,101.8747787475586,41210000,0.0,0.0
2006-11-07 00:00:00+09:00,102.8470163694137,103.0630864821191,101.334566791636,101.55062866210938,23965000,0.0,0.0
2006-11-08 00:00:00+09:00,100.47030233300251,101.22652711818607,98.74178265098865,99.38997650146484,52865000,0.0,0.0
2006-11-09 00:00:00+09:00,100.03817294686051,101.55063079869173,99.06587802480958,99.60604095458984,32785000,0.0,0.0
2006-11-10 00:00:00+09:00,100.25426604709446,101.98278617020283,100.14622684258498,101.76671600341797,40560000,0.0,0.0
2006-11-13 00:00:00+09:00,100.90242881144049,101.33456076893602,97.66145149357129,98.20161437988281,33500000,0.0,0.0
2006-11-14 00:00:00+09:00,100.36227725625358,103.92734776307516,100.36227725625358,103.49522399902344,83485000,0.0,0.0
2006-11-15 00:00:00+09:00,102.84703303694593,103.1711341374123,100.0381870544264,100.25425720214844,33065000,0.0,0.0
2006-11-16 00:00:00+09:00,100.68638676320778,102.19884491470327,100.57835580429392,100.79442596435547,26370000,0.0,0.0
2006-11-17 00:00:00+09:00,100.25423812510405,100.25423812510405,97.44538443483856,97.76948547363281,43585000,0.0,0.0
2006-11-20 00:00:00+09:00,97.87756064513063,99.06591792077774,95.82493903688443,96.14904022216797,28295000,0.0,0.0
2006-11-21 00:00:00+09:00,97.22933622974142,97.22933622974142,94.96065336616071,95.50081634521484,18420000,0.0,0.0
2006-11-22 00:00:00+09:00,97.0132753679081,99.49802015267221,96.36507319235541,99.1739273071289,39675000,0.0,0.0
2006-11-23 00:00:00+09:00,99.1739273071289,99.1739273071289,99.1739273071289,99.1739273071289,0,0.0,0.0
2006-11-24 00:00:00+09:00,98.41771326402205,98.63378344517507,96.36509187535898,97.33738708496094,22760000,0.0,0.0
2006-11-27 00:00:00+09:00,96.25703773420337,98.09359674183818,96.25703773420337,97.98555755615234,26795000,0.0,0.0
2006-11-28 00:00:00+09:00,95.82491938659707,96.14902050541899,94.85263251459901,95.71688842773438,64405000,0.0,0.0
2006-11-29 00:00:00+09:00,96.90525371197663,97.76951794094511,96.58116080778936,97.22935485839844,40005000,0.0,0.0
2006-11-30 00:00:00+09:00,99.28198530244887,101.01050567626953,98.63379119254554,101.01050567626953,40605000,0.0,0.0
2006-12-01 00:00:00+09:00,101.5506413652744,102.1988353000104,100.25425349580243,101.33457946777344,36915000,0.0,0.0
2006-12-04 00:00:00+09:00,102.30690269650856,102.9551051044055,101.55067754361012,101.8747787475586,43520000,0.0,0.0
2006-12-05 00:00:00+09:00,102.9550812618533,104.46753121739387,102.52294917074138,103.9273681640625,58730000,0.0,0.0
2006-12-06 00:00:00+09:00,105.54783697604272,106.19603910886416,104.46751107765034,105.65587615966797,68490000,0.0,0.0
2006-12-07 00:00:00+09:00,106.41210357510315,106.52013451911864,105.3317776504828,105.87194061279297,36710000,0.0,0.0
2006-12-08 00:00:00+09:00,105.33178190442189,105.97997583692556,103.92735484880305,104.14342498779297,42480000,0.0,0.0
2006-12-11 00:00:00+09:00,104.14341377211812,105.7639025499761,104.14341377211812,105.22373962402344,23305000,0.0,0.0
2006-12-12 00:00:00+09:00,106.19605384924787,107.92457387815381,105.65589082507516,107.70850372314453,59595000,0.0,0.0
2006-12-13 00:00:00+09:00,106.95228258969892,107.38441467285156,106.19605762585725,107.38441467285156,31170000,0.0,0.0
2006-12-14 00:00:00+09:00,107.9245534157691,108.1406152875796,106.62815745820976,107.27635955810547,32815000,0.0,0.0
2006-12-15 00:00:00+09:00,107.70852370653559,107.92459390163282,105.9800033569336,105.9800033569336,22060000,0.0,0.0
2006-12-18 00:00:00+09:00,107.06031039530897,108.14063645024092,106.52014736784301,107.81654357910156,33740000,0.0,0.0
2006-12-19 00:00:00+09:00,106.73622323704133,107.06031612552721,105.87195904994405,106.19606018066406,24165000,0.0,0.0
2006-12-20 00:00:00+09:00,106.6281902909796,107.49245452880861,106.19606641429974,107.4924545288086,31705000,0.0,0.0
2006-12-21 00:00:00+09:00,107.60047978946746,108.5727749448834,106.62818463405152,106.95228576660156,26175000,0.0,0.0
2006-12-22 00:00:00+09:00,106.41212210632132,106.73622323704133,105.6558971242868,106.19606018066406,17840000,0.0,0.0
2006-12-25 00:00:00+09:00,106.08801713977479,106.08801713977479,103.81933403346592,104.3594970703125,27520000,0.0,0.0
2006-12-26 00:00:00+09:00,103.71128803778407,105.33177691337445,102.52293117746433,105.11571502685547,35355000,0.0,0.0
2006-12-27 00:00:00+09:00,105.7639179659674,107.06030588032048,105.54784781875298,106.628173828125,22655000,0.0,0.0
2006-12-28 00:00:00+09:00,106.84423817677673,106.95226912340429,105.65588127940771,106.08800506591797,17405000,0.0,0.0
2006-12-29 00:00:00+09:00,106.62817761019082,106.84424776506917,104.57556471336517,105.5478515625,12535000,0.0,0.0
2007-01-04 00:00:00+09:00,105.65588299179025,105.65588299179025,103.8193239004246,104.14342498779297,20910000,0.0,0.0
2007-01-05 00:00:00+09:00,102.73898233443212,103.38717616852759,101.33456373426392,101.98275756835938,34690000,0.0,0.0
2007-01-09 00:00:00+09:00,102.09079957008362,104.2514514128367,101.55063660939534,103.71128845214844,36700000,0.0,0.0
2007-01-10 00:00:00+09:00,104.35950425604625,104.35950425604625,100.57836273776752,101.442626953125,40380000,0.0,0.0
2007-01-11 00:00:00+09:00,101.22655928785751,102.84704855015342,101.01049734977856,101.65869140625,22205000,0.0,0.0
2007-01-12 00:00:00+09:00,102.19881136232166,103.38716800469832,101.76667942630348,102.63094329833984,22985000,0.0,0.0
2007-01-15 00:00:00+09:00,104.03540419354486,104.89966010715908,103.81933403346592,104.3594970703125,30490000,0.0,0.0
2007-01-16 00:00:00+09:00,105.331787109375,105.65588821275875,104.68359314484091,105.331787109375,24150000,0.0,0.0
2007-01-17 00:00:00+09:00,103.17113622036756,103.60326828230271,102.41491129365617,103.27916717529297,47550000,0.0,0.0
2007-01-18 00:00:00+09:00,104.1434339248288,106.6281789196927,103.38720073681773,106.41211700439453,52710000,0.0,0.0
2007-01-19 00:00:00+09:00,105.87194891845793,106.62817382812501,105.43981686626246,106.628173828125,26525000,0.0,0.0
2007-01-22 00:00:00+09:00,107.70850942865648,109.32899858701481,107.60047846654608,109.0049057006836,51745000,0.0,0.0
2007-01-23 00:00:00+09:00,109.112945868966,112.3539244591333,108.78884471305535,112.02982330322266,79185000,0.0,0.0
2007-01-24 00:00:00+09:00,113.21818918945361,114.62260830575707,112.24589395986824,113.54228210449219,60420000,0.0,0.0
2007-01-25 00:00:00+09:00,115.05471653328503,115.16274748252225,112.46193254042635,112.7860336303711,39910000,0.0,0.0
2007-01-26 00:00:00+09:00,110.73341696840397,112.56996790415731,109.43702904225262,112.4619369506836,37945000,0.0,0.0
2007-01-29 00:00:00+09:00,113.43420774354928,115.91896035291968,113.11010671024647,115.16272735595703,46890000,0.0,0.0
2007-01-30 00:00:00+09:00,114.83867800848881,115.27080189338996,111.92179233199737,112.02982330322266,27920000,0.0,0.0
2007-01-31 00:00:00+09:00,112.56994473563923,114.62256539811447,111.38158800754253,113.86634063720703,37195000,0.0,0.0
2007-02-01 00:00:00+09:00,115.27077385249387,117.32339477539062,113.97438602868161,117.32339477539062,56940000,0.0,0.0
2007-02-02 00:00:00+09:00,117.75552368164062,118.4037175763958,115.91897293946218,117.75552368164062,55375000,0.0,0.0
2007-02-05 00:00:00+09:00,117.86355875340732,117.86355875340732,114.94668200369179,115.2707748413086,37350000,0.0,0.0
2007-02-06 00:00:00+09:00,115.70294383883541,118.83589172363283,115.27081167502965,118.83589172363281,34835000,0.0,0.0
2007-02-07 00:00:00+09:00,118.83587328889784,119.59209827656989,117.32341507131959,118.51177215576172,48590000,0.0,0.0
2007-02-08 00:00:00+09:00,118.61980820318013,119.26800220995894,115.48686088780956,116.78324890136719,43200000,0.0,0.0
2007-02-09 00:00:00+09:00,115.91899605960948,119.91619940970601,115.81095685374132,118.51177215576172,52435000,0.0,0.0
2007-02-13 00:00:00+09:00,118.72784510405748,125.9660269859862,118.72784510405748,125.31783294677734,94140000,0.0,0.0
2007-02-14 00:00:00+09:00,125.85796666184545,127.47845550298508,123.37321380853835,125.42583465576172,62305000,0.0,0.0
2007-02-15 00:00:00+09:00,121.10449981689453,124.12941483638214,119.37598048100031,121.10449981689453,110230000,0.0,0.0
2007-02-16 00:00:00+09:00,114.62258285780204,118.51175467045341,113.54225689638594,115.48684692382812,98570000,0.0,0.0
2007-02-19 00:00:00+09:00,115.81094566517774,118.83586180809534,115.59488375878365,118.18766784667969,54445000,0.0,0.0
2007-02-20 00:00:00+09:00,118.72784727575694,120.78046863932569,116.9993270588381,120.45636749267578,47315000,0.0,0.0
2007-02-21 00:00:00+09:00,120.34833897329752,123.91341044781312,119.26801278546223,121.42866516113281,56005000,0.0,0.0
2007-02-22 00:00:00+09:00,122.18485354364637,123.91337327722776,121.10452767987897,123.69731140136719,48020000,0.0,0.0
2007-02-23 00:00:00+09:00,124.2374433321908,125.10170710443724,122.94105591605131,124.34547424316406,65145000,0.0,0.0
2007-02-26 00:00:00+09:00,127.80255942015671,132.1238630929636,127.58648929117678,131.3676300048828,97235000,0.0,0.0
2007-02-27 00:00:00+09:00,130.71946553981053,131.25962862055354,126.83029300690768,126.93832397460938,61920000,0.0,0.0
2007-02-28 00:00:00+09:00,115.37879415485845,123.91336104214008,114.83863127630993,123.26516723632812,78695000,0.0,0.0
2007-03-01 00:00:00+09:00,122.18485674853268,124.34550853274098,119.80814308279653,124.02141571044922,76950000,0.0,0.0
2007-03-02 00:00:00+09:00,121.86077490298997,122.29289870496972,119.37602183044046,120.78044891357422,41380000,0.0,0.0
2007-03-05 00:00:00+09:00,116.45916266379488,117.1073567075571,111.48965576307091,112.35391998291016,67050000,0.0,0.0
2007-03-06 00:00:00+09:00,113.3262292379012,118.07966655263618,112.67803511367268,115.91901397705078,82300000,0.0,0.0
2007-03-07 00:00:00+09:00,117.97161763460316,119.48407596165906,114.08244496662714,115.70293426513672,69565000,0.0,0.0
2007-03-08 00:00:00+09:00,114.83864253122,120.34830278395012,114.73060335113664,120.13223266601562,62235000,0.0,0.0
2007-03-09 00:00:00+09:00,120.88846859581912,120.88846859581912,118.18765387402796,118.29568481445312,53615000,0.0,0.0
2007-03-12 00:00:00+09:00,123.69733684348272,123.913398763783,121.2125835488598,122.50897979736328,43265000,0.0,0.0
2007-03-13 00:00:00+09:00,122.29289227783312,122.29289227783312,120.45634148924006,120.88847351074219,34270000,0.0,0.0
2007-03-14 00:00:00+09:00,116.67520186434665,117.5394659157905,114.29848808622532,115.2707748413086,40575000,0.0,0.0
2007-03-15 00:00:00+09:00,116.89126908360157,118.8358591668617,116.35110608738857,117.21537017822266,30725000,0.0,0.0
2007-03-16 00:00:00+09:00,115.16273240240852,117.21535313806528,112.35388687888286,114.94667053222656,60935000,0.0,0.0
2007-03-19 00:00:00+09:00,114.946689797368,119.05192371448942,114.29849583595234,118.18766784667969,45945000,0.0,0.0
2007-03-20 00:00:00+09:00,120.45638115622782,120.67244311701296,117.9716273960213,118.83589172363281,33510000,0.0,0.0
2007-03-22 00:00:00+09:00,122.07681859222276,123.58927640021882,121.21255463273017,122.61698150634766,35415000,0.0,0.0
2007-03-23 00:00:00+09:00,123.37321358140076,124.4535394735049,122.94108981834506,124.02141571044922,52100000,0.0,0.0
2007-03-26 00:00:00+09:00,124.1294393143437,124.1294393143437,121.75271754685505,122.61698150634766,25430000,0.0,0.0
2007-03-27 00:00:00+09:00,125.12161785414432,128.06180916727695,123.92376244168706,126.31947326660156,72805000,1.8,0.0
2007-03-28 00:00:00+09:00,126.4283534125157,127.95290026883056,124.46822886134974,125.88387298583984,48495000,0.0,0.0
2007-03-29 00:00:00+09:00,125.12161465727567,128.60628636959274,124.35933700837883,127.8440170288086,44995000,0.0,0.0
2007-03-30 00:00:00+09:00,129.58635409665163,129.58635409665163,126.86395169966316,127.19064331054688,31170000,0.0,0.0
2007-04-02 00:00:00+09:00,127.84402846283798,129.04188395182294,122.50811767578126,122.50811767578125,28875000,0.0,0.0
2007-04-03 00:00:00+09:00,123.05257018212056,125.77497217730023,122.94367576393569,125.01270294189453,34880000,0.0,0.0
2007-04-04 00:00:00+09:00,127.19067995639101,128.71521909146054,126.3195076151097,127.95294952392578,48075000,0.0,0.0
2007-04-05 00:00:00+09:00,127.0817080223637,128.9329461630787,126.21054446330133,128.4973602294922,59770000,0.0,0.0
2007-04-06 00:00:00+09:00,127.40844291109215,128.06181787978275,125.55721244844989,125.99279022216797,18485000,0.0,0.0
2007-04-09 00:00:00+09:00,126.21061314947833,128.06184398955716,125.99281591010042,127.95294952392578,18950000,0.0,0.0
2007-04-10 00:00:00+09:00,127.95292431795146,129.47747146080934,127.4084437889389,129.04188537597656,23450000,0.0,0.0
2007-04-11 00:00:00+09:00,128.17068481445312,129.15075121119807,127.73510713422135,128.17068481445312,19870000,0.0,0.0
2007-04-12 00:00:00+09:00,129.04184056944766,129.3685320966652,127.7350910767988,128.4973602294922,28120000,0.0,0.0
2007-04-13 00:00:00+09:00,129.47745601207956,129.47745601207956,125.01271786851389,125.44829559326172,24870000,0.0,0.0
2007-04-16 00:00:00+09:00,127.8440015542793,129.0418567911401,127.51730998599376,128.17068481445312,28690000,0.0,0.0
2007-04-17 00:00:00+09:00,129.04186256457842,130.02192900517232,127.62621011615256,128.93296813964844,32120000,0.0,0.0
2007-04-18 00:00:00+09:00,129.91304943837864,133.28882684596738,129.8041466928814,133.07102966308594,75050000,0.0,0.0
2007-04-19 00:00:00+09:00,133.07103423762322,133.28883142799182,130.3486316688657,130.8931121826172,74595000,0.0,0.0
2007-04-20 00:00:00+09:00,129.04186579614557,129.15076022380256,126.31946356415938,127.29953002929688,49970000,0.0,0.0
2007-04-23 00:00:00+09:00,128.49736613544383,129.36853804265735,125.0126951228118,125.3393783569336,45255000,0.0,0.0
2007-04-24 00:00:00+09:00,124.3593446660211,124.68603629396674,122.0725281947413,124.14155578613281,43200000,0.0,0.0
2007-04-25 00:00:00+09:00,122.18142953478345,122.83481282757401,119.78571848826365,120.87467956542969,53655000,0.0,0.0
2007-04-26 00:00:00+09:00,120.87466730918932,124.25044464449006,120.65687843908457,123.27037811279297,44785000,0.0,0.0
2007-04-27 00:00:00+09:00,123.70596713029363,129.15077209472656,123.70596713029363,129.15077209472656,77885000,0.0,0.0
2007-05-01 00:00:00+09:00,134.48665779177884,134.48665779177884,128.93295941503618,129.58633422851562,77605000,0.0,0.0
2007-05-02 00:00:00+09:00,130.34859547332096,134.26886073023277,129.69522069987266,133.94216918945312,58530000,0.0,0.0
2007-05-07 00:00:00+09:00,138.6247109672491,139.49588291669323,138.08023057587437,138.2980194091797,75330000,0.0,0.0
2007-05-08 00:00:00+09:00,137.86240564608786,137.9713000407911,135.79337891428702,136.88233947753906,30835000,0.0,0.0
2007-05-09 00:00:00+09:00,142.0005381002201,146.90086364746094,141.782749176922,146.90086364746094,110345000,0.0,0.0
2007-05-10 00:00:00+09:00,145.5940417532184,147.118596697574,144.6139837731639,144.72286987304688,105265000,0.0,0.0
2007-05-11 00:00:00+09:00,142.65388565256447,143.30726887456262,140.4759637342047,142.54498291015625,53345000,0.0,0.0
2007-05-14 00:00:00+09:00,145.59407372717786,146.1385541948309,143.4161518565657,143.96063232421875,57860000,0.0,0.0
2007-05-15 00:00:00+09:00,141.78274727250871,142.76282233853044,139.49593868425038,140.58489990234375,36270000,0.0,0.0
2007-05-16 00:00:00+09:00,143.1983472110146,144.06951918649358,140.584847900801,143.8517303466797,43875000,0.0,0.0
2007-05-17 00:00:00+09:00,143.85170505903372,144.8317629740239,140.80261198896807,141.4559783935547,31465000,0.0,0.0
2007-05-18 00:00:00+09:00,141.56493280674516,141.7827216878179,136.77350265012498,138.51583862304688,40960000,0.0,0.0
2007-05-21 00:00:00+09:00,138.08021042930596,142.54493901741955,137.75351891890242,141.4559783935547,30340000,0.0,0.0
2007-05-22 00:00:00+09:00,142.32720524225203,144.39624119725553,139.93149426676678,144.06954956054688,38440000,0.0,0.0
2007-05-23 00:00:00+09:00,142.21828265323293,142.9805518660123,138.7336032179712,139.60476684570312,49165000,0.0,0.0
2007-05-24 00:00:00+09:00,140.91150683346774,145.81182994521276,140.04035157324583,144.61398315429688,79445000,0.0,0.0
2007-05-25 00:00:00+09:00,140.3670785329656,141.67384514026384,140.25819239317585,141.23825073242188,55935000,0.0,0.0
2007-05-28 00:00:00+09:00,143.0894317626953,143.74281484027625,142.4360653013363,143.0894317626953,31020000,0.0,0.0
2007-05-29 00:00:00+09:00,143.08941494932893,144.0694894505391,142.2182597698798,143.52500915527344,32320000,0.0,0.0
2007-05-30 00:00:00+09:00,143.30725277751284,145.70296329536424,141.67381152222003,142.65386962890625,49455000,0.0,0.0
2007-05-31 00:00:00+09:00,144.72286987304688,145.92073328531043,144.17838952496734,144.72286987304688,68500000,0.0,0.0
2007-06-01 00:00:00+09:00,150.0588064729415,150.92997846468958,148.96984563731237,150.385498046875,104130000,0.0,0.0
2007-06-04 00:00:00+09:00,151.5833282470703,152.89007778219073,150.92996178762104,151.5833282470703,59945000,0.0,0.0
2007-06-05 00:00:00+09:00,151.58335859751477,151.91005020076145,150.60330040399992,151.8011474609375,37635000,0.0,0.0
2007-06-06 00:00:00+09:00,155.83030444385642,157.68153456754052,155.61249898065037,157.5726318359375,74080000,0.0,0.0
2007-06-07 00:00:00+09:00,156.70150415230722,158.44384865340658,156.48371524372698,158.11715698242188,69455000,0.0,0.0
2007-06-08 00:00:00+09:00,154.4146724924106,154.9591529901862,153.32571149685936,154.85025024414062,89015000,0.0,0.0
2007-06-11 00:00:00+09:00,152.99900893943368,153.32570053799418,151.47447030111792,152.89010620117188,40600000,0.0,0.0
2007-06-12 00:00:00+09:00,153.32572916544422,155.93922920944502,152.56345970396296,153.54351806640625,36400000,0.0,0.0
2007-06-13 00:00:00+09:00,151.9100937327189,153.2168439039479,151.9100937327189,152.67236328125,29270000,0.0,0.0
2007-06-14 00:00:00+09:00,154.63244954716694,154.74135228488728,152.3456249848386,152.99900817871094,34365000,0.0,0.0
2007-06-15 00:00:00+09:00,154.95911390611758,159.75053443155178,154.19684472473784,159.09716796875,69520000,0.0,0.0
2007-06-18 00:00:00+09:00,159.42384463411682,160.07722772028026,158.33488390132578,158.44378662109375,44265000,0.0,0.0
2007-06-19 00:00:00+09:00,158.33491456701728,159.64168099243366,157.68154797053444,158.2260284423828,28430000,0.0,0.0
2007-06-20 00:00:00+09:00,159.85945565725902,160.07724450340663,157.35484238600176,157.4637451171875,38900000,0.0,0.0
2007-06-21 00:00:00+09:00,158.44381247308561,162.14627292218668,158.44381247308561,161.05731201171875,56090000,0.0,0.0
2007-06-22 00:00:00+09:00,159.31498409365662,160.83952271769698,158.77050363989582,160.7306365966797,52410000,0.0,0.0
2007-06-25 00:00:00+09:00,158.44381730787708,159.53277825157383,157.68154797053444,158.2260284423828,33340000,0.0,0.0
2007-06-26 00:00:00+09:00,156.81034776695412,157.6815196889039,156.1569646714362,156.91925048828125,32820000,0.0,0.0
2007-06-27 00:00:00+09:00,154.41466052375057,154.41466052375057,152.99900801601575,153.216796875,32180000,0.0,0.0
2007-06-28 00:00:00+09:00,151.6922618405459,152.01895344487633,150.49439816340953,151.1477813720703,53070000,0.0,0.0
2007-06-29 00:00:00+09:00,153.3257397174124,156.04814270736563,151.91008683939089,155.503662109375,42215000,0.0,0.0
2007-07-02 00:00:00+09:00,154.30574869126352,158.66159207911133,153.8701709989683,157.4637451171875,32235000,0.0,0.0
2007-07-03 00:00:00+09:00,159.96834330561006,160.5128237343102,156.70146073340925,157.24594116210938,37880000,0.0,0.0
2007-07-04 00:00:00+09:00,157.35484419928656,158.66159390745452,156.59257492087394,156.81036376953125,17045000,0.0,0.0
2007-07-05 00:00:00+09:00,156.81036483286152,158.11711454989052,155.83030669914578,156.26588439941406,28475000,0.0,0.0
2007-07-06 00:00:00+09:00,156.81036196252077,159.09718638763042,156.59257311637316,157.4637451171875,53120000,0.0,0.0
2007-07-09 00:00:00+09:00,160.18613935799357,162.79963861570292,158.55269816786944,162.14625549316406,69310000,0.0,0.0
2007-07-10 00:00:00+09:00,161.3840234038117,166.2843481020017,161.16623451824864,165.6309814453125,100485000,0.0,0.0
2007-07-11 00:00:00+09:00,163.23522646330716,165.52205091853978,163.01743761429074,164.65087890625,65675000,0.0,0.0
2007-07-12 00:00:00+09:00,165.73984130752194,168.2444546350425,161.92847825753717,163.45303344726562,87360000,0.0,0.0
2007-07-13 00:00:00+09:00,167.48220392688918,172.38252839188524,166.82882068506592,169.4423370361328,83955000,0.0,0.0
2007-07-17 00:00:00+09:00,171.94688161276724,173.25364769808797,170.53124604737147,172.9269561767578,74755000,0.0,0.0
2007-07-18 00:00:00+09:00,173.0358152382942,173.0358152382942,169.55114499305895,170.74900817871094,62430000,0.0,0.0
2007-07-19 00:00:00+09:00,170.8579486018638,171.62023448039946,165.7398359935135,166.17543029785156,67835000,0.0,0.0
2007-07-20 00:00:00+09:00,169.1156454152212,169.55122316561932,167.91778167728728,169.4423370361328,37405000,0.0,0.0
2007-07-23 00:00:00+09:00,166.82883803726986,168.46227969549943,166.82883803726986,168.3533935546875,37790000,0.0,0.0
2007-07-24 00:00:00+09:00,168.5711987450159,168.5711987450159,167.26444861537985,168.02671813964844,30230000,0.0,0.0
2007-07-25 00:00:00+09:00,164.3242164360097,165.84877188166044,163.99754141272393,165.41317749023438,37830000,0.0,0.0
2007-07-26 00:00:00+09:00,164.97758932974824,166.06655031542314,162.25518686556097,162.79966735839844,33440000,0.0,0.0
2007-07-27 00:00:00+09:00,161.49290853655748,164.86867743507105,157.35485369739482,159.96835327148438,80510000,0.0,0.0
2007-07-30 00:00:00+09:00,157.79039394285567,164.32415794241444,157.02812479948471,163.88858032226562,50145000,0.0,0.0
2007-07-31 00:00:00+09:00,166.39325534473042,167.3733136643346,163.12637212441328,163.6708526611328,65030000,0.0,0.0
2007-08-01 00:00:00+09:00,161.71073506721135,163.67086851248393,155.93923749577553,156.59262084960938,76065000,0.0,0.0
2007-08-02 00:00:00+09:00,158.44384108532228,159.75059109061547,149.62324947119467,154.1968994140625,89675000,0.0,0.0
2007-08-03 00:00:00+09:00,157.46375910504014,160.18616146428204,155.39472334228114,158.2260284423828,73700000,0.0,0.0
2007-08-06 00:00:00+09:00,153.87022672889864,154.74139904524102,152.5634765625,152.5634765625,64675000,0.0,0.0
2007-08-07 00:00:00+09:00,154.41468802148415,154.41468802148415,147.00974918379555,147.55422973632812,67220000,0.0,0.0
2007-08-08 00:00:00+09:00,145.48517879401876,149.62321680463677,139.0602996950146,140.4759521484375,116155000,0.0,0.0
2007-08-09 00:00:00+09:00,139.38700403514116,143.96063678179908,137.53577371104458,141.78271484375,149570000,0.0,0.0
2007-08-10 00:00:00+09:00,134.16000967264128,134.26891243357736,128.2796261391181,131.43760681152344,103620000,0.0,0.0
2007-08-13 00:00:00+09:00,135.6845181740018,137.75354541899242,134.159971345687,134.8133544921875,94810000,0.0,0.0
2007-08-14 00:00:00+09:00,141.347146948353,145.26739674017608,141.02045531164433,144.06954956054688,116960000,0.0,0.0
2007-08-15 00:00:00+09:00,143.41618909964873,144.06957247699657,140.04041929329705,140.58489990234375,104040000,0.0,0.0
2007-08-16 00:00:00+09:00,138.9513819378713,139.93144821735822,131.98203188254416,136.44677734375,97400000,0.0,0.0
2007-08-17 00:00:00+09:00,133.50662650721597,134.26890424671865,119.89461303160027,120.76578521728516,103050000,0.0,0.0
2007-08-20 00:00:00+09:00,129.6952316195995,131.7642588331473,127.51730998599376,128.17068481445312,69535000,0.0,0.0
2007-08-21 00:00:00+09:00,129.80413826811355,134.92225957411682,127.73511916776141,133.50660705566406,80745000,0.0,0.0
2007-08-22 00:00:00+09:00,132.30874618263832,133.7243986419937,130.89309372328293,132.5265350341797,52090000,0.0,0.0
2007-08-23 00:00:00+09:00,137.75356079827898,138.95141618707626,136.66459984335188,138.73362731933594,59210000,0.0,0.0
2007-08-24 00:00:00+09:00,136.66459765625,137.64466416162253,134.37778134912253,136.1201171875,39625000,0.0,0.0
2007-08-27 00:00:00+09:00,135.90230282898423,136.44678319559375,132.30872908611687,133.39768981933594,47590000,0.0,0.0
2007-08-28 00:00:00+09:00,132.63546193963867,135.5756535118305,131.21980922229378,131.87318420410156,41145000,0.0,0.0
2007-08-29 00:00:00+09:00,127.40842658006994,130.56641488342066,127.08173498354274,130.13082885742188,39630000,0.0,0.0
2007-08-30 00:00:00+09:00,133.6155291004177,133.6155291004177,130.3486456670763,131.43760681152344,35280000,0.0,0.0
2007-08-31 00:00:00+09:00,131.7642649482225,136.7734832763672,131.7642649482225,136.7734832763672,84175000,0.0,0.0
2007-09-03 00:00:00+09:00,136.9913228038675,138.73365906886613,136.33793943489266,138.18917846679688,37735000,0.0,0.0
2007-09-04 00:00:00+09:00,137.20907159530452,138.40692690792682,134.92225539700524,135.46673583984375,30195000,0.0,0.0
2007-09-05 00:00:00+09:00,137.10018498795648,137.31797385426873,131.4375830745985,131.65538024902344,37125000,0.0,0.0
2007-09-06 00:00:00+09:00,130.67529392993356,138.2980194091797,130.13081353855884,138.2980194091797,95190000,0.0,0.0
2007-09-07 00:00:00+09:00,136.12011500767298,140.3670559494224,135.357845686875,137.20907592773438,48535000,0.0,0.0
2007-09-10 00:00:00+09:00,131.76427649715924,135.68453430156788,131.4375848850782,134.7044677734375,34765000,0.0,0.0
2007-09-11 00:00:00+09:00,135.03116667720306,139.60479964463724,131.54649473135927,138.51583862304688,48560000,0.0,0.0
2007-09-12 00:00:00+09:00,138.62470831947545,140.58484101422988,134.59554851539377,135.68450927734375,61295000,0.0,0.0
2007-09-13 00:00:00+09:00,138.08024798702849,139.2781033374735,136.88238432847095,137.20907592773438,69880000,0.0,0.0
2007-09-14 00:00:00+09:00,138.2980194091797,139.06028863385973,135.79340628561138,138.2980194091797,62525000,0.0,0.0
2007-09-18 00:00:00+09:00,135.1400365674659,137.20906379423948,134.92224772595782,135.57562255859375,56595000,0.0,0.0
2007-09-19 00:00:00+09:00,140.69371801841228,144.83177196935236,140.3670264877183,144.61398315429688,75060000,0.0,0.0
2007-09-20 00:00:00+09:00,148.64317469669783,149.18765519009233,147.44531096473955,147.66311645507812,89770000,0.0,0.0
2007-09-21 00:00:00+09:00,147.00975056974258,149.62325060004682,145.15851999692475,146.79196166992188,51470000,0.0,0.0
2007-09-25 00:00:00+09:00,148.38094720729887,154.95617411553957,146.95632808784677,154.62742614746094,55495000,1.7,0.0
2007-09-26 00:00:00+09:00,152.54523343261394,153.4219335400326,150.79184993944037,151.6685333251953,43735000,0.0,0.0
2007-09-27 00:00:00+09:00,152.76443081595164,153.75072487875187,149.6960049894619,153.20278930664062,50070000,0.0,0.0
2007-09-28 00:00:00+09:00,152.87403869628906,154.7370164686844,150.90146711071299,152.87403869628906,40960000,0.0,0.0
2007-10-01 00:00:00+09:00,152.10692214370968,154.40824157381238,150.79188008055567,152.76443481445312,29055000,0.0,0.0
2007-10-02 00:00:00+09:00,154.9561487068422,156.27120725018904,154.6274007926695,155.61367797851562,43695000,0.0,0.0
2007-10-03 00:00:00+09:00,156.3808054508246,160.8738837306624,155.94246369157193,160.2163543701172,61320000,0.0,0.0
2007-10-04 00:00:00+09:00,158.02459205779584,158.9012921866065,151.5589599609375,151.5589599609375,96805000,0.0,0.0
2007-10-05 00:00:00+09:00,154.95614622266595,155.83284633028768,153.09316894500955,153.8602752685547,52220000,0.0,0.0
2007-10-09 00:00:00+09:00,154.7369701894335,155.61367026766848,152.76439919382057,153.96986389160156,45930000,0.0,0.0
2007-10-10 00:00:00+09:00,155.61372261588414,157.80546518793886,154.07950950411336,155.2849578857422,31270000,0.0,0.0
2007-10-11 00:00:00+09:00,155.06577206964363,160.764298864972,155.06577206964363,159.9971923828125,67665000,0.0,0.0
2007-10-12 00:00:00+09:00,159.66839722939767,159.66839722939767,158.9012908935547,158.9012908935547,58605000,0.0,0.0
2007-10-15 00:00:00+09:00,159.99717202385796,161.20263685790923,158.35336546196902,159.01089477539062,37420000,0.0,0.0
2007-10-16 00:00:00+09:00,159.01091705502478,159.01091705502478,155.94247436523438,155.94247436523438,43660000,0.0,0.0
2007-10-17 00:00:00+09:00,155.39453006522274,155.39453006522274,155.06576538085938,155.06576538085938,55450000,0.0,0.0
2007-10-18 00:00:00+09:00,157.25748951389616,160.76427339217278,156.38078936391088,159.8875732421875,55555000,0.0,0.0
2007-10-19 00:00:00+09:00,159.55884844931134,159.55884844931134,158.24378967285156,158.24378967285156,44115000,0.0,0.0
2007-10-22 00:00:00+09:00,149.47681671985845,151.66855899857583,148.16177469696134,149.58641052246094,82760000,0.0,0.0
2007-10-23 00:00:00+09:00,149.58636618368948,151.01100158691406,149.58636618368948,151.01100158691406,49600000,0.0,0.0
2007-10-24 00:00:00+09:00,151.88772089329777,156.7095464016047,151.44936247875657,151.6685333251953,54395000,0.0,0.0
2007-10-25 00:00:00+09:00,151.66855899857583,151.66855899857583,149.58641052246094,149.58641052246094,46635000,0.0,0.0
2007-10-26 00:00:00+09:00,149.5864194304722,155.1753692626953,149.5864194304722,155.1753692626953,46815000,0.0,0.0
2007-10-29 00:00:00+09:00,157.3670980497154,164.05190178623104,156.8191624948371,162.07933044433594,64280000,0.0,0.0
2007-10-30 00:00:00+09:00,156.05202839432422,158.68212890625,156.05202839432422,158.68212890625,79340000,0.0,0.0
2007-10-31 00:00:00+09:00,159.12045654136088,159.12045654136088,154.18903733002742,157.91500854492188,57270000,0.0,0.0
2007-11-01 00:00:00+09:00,157.91498795981738,157.91498795981738,155.50405883789062,155.50405883789062,45540000,0.0,0.0
2007-11-02 00:00:00+09:00,150.57268144531366,150.57268144531366,149.3672332763672,149.3672332763672,65520000,0.0,0.0
2007-11-05 00:00:00+09:00,147.94258925494026,147.94258925494026,138.40851462506598,139.7235565185547,74045000,0.0,0.0
2007-11-06 00:00:00+09:00,139.72353897968853,142.35362243652344,139.72353897968853,142.35362243652344,68775000,0.0,0.0
2007-11-07 00:00:00+09:00,142.35363761702916,144.54537963867188,142.35363761702916,144.54537963867188,55205000,0.0,0.0
2007-11-08 00:00:00+09:00,144.54538121425844,144.54538121425844,137.2030487060547,137.2030487060547,98780000,0.0,0.0
2007-11-09 00:00:00+09:00,137.09344276920925,137.09344276920925,136.2167510986328,136.2167510986328,53800000,0.0,0.0
2007-11-12 00:00:00+09:00,136.2167777326164,136.2167777326164,130.299072265625,130.299072265625,67790000,0.0,0.0
2007-11-13 00:00:00+09:00,130.2990693841045,130.2990693841045,125.80599975585936,125.80599975585938,60625000,0.0,0.0
2007-11-14 00:00:00+09:00,125.80601174870048,130.62783813476562,125.80601174870048,130.62783813476562,48865000,0.0,0.0
2007-11-15 00:00:00+09:00,134.02506305002862,134.90175507166822,131.61414117864217,132.38125610351562,46635000,0.0,0.0
2007-11-16 00:00:00+09:00,132.38125226292027,132.38125226292027,125.5868453979492,125.58684539794922,39935000,0.0,0.0
2007-11-19 00:00:00+09:00,125.58686408631904,125.58686408631904,117.36782836914062,117.36782836914062,66545000,0.0,0.0
2007-11-20 00:00:00+09:00,117.36780178125258,119.99789428710938,117.36780178125258,119.99789428710938,88775000,0.0,0.0
2007-11-21 00:00:00+09:00,120.10748747871725,120.10748747871725,114.73771667480469,114.73771667480469,58780000,0.0,0.0
2007-11-22 00:00:00+09:00,114.73769611982941,116.49109649658205,114.73769611982941,116.49109649658203,65050000,0.0,0.0
2007-11-26 00:00:00+09:00,116.60071174827915,119.9979112155478,115.06649020668966,118.68286895751953,67330000,0.0,0.0
2007-11-27 00:00:00+09:00,118.68284374664714,118.68284374664714,117.47737884521484,117.47737884521484,54645000,0.0,0.0
2007-11-28 00:00:00+09:00,117.47738025125932,117.47738025125932,116.16233825683592,116.16233825683594,40680000,0.0,0.0
2007-11-29 00:00:00+09:00,116.16233025110357,122.1896209716797,116.16233025110357,122.18962097167969,48425000,0.0,0.0
2007-11-30 00:00:00+09:00,126.3539761122463,127.55943298339844,126.3539761122463,127.55943298339844,72220000,0.0,0.0
2007-12-03 00:00:00+09:00,124.92931718205395,124.92931718205395,123.39509582519531,123.39509582519531,68465000,0.0,0.0
2007-12-04 00:00:00+09:00,120.65539890966961,121.09374899448582,116.92943572998048,116.92943572998047,82240000,0.0,0.0
2007-12-05 00:00:00+09:00,116.92944798298267,116.92944798298267,115.72399139404297,115.72399139404297,50980000,0.0,0.0
2007-12-06 00:00:00+09:00,115.5048312883657,115.83358764648439,115.5048312883657,115.83358764648438,62380000,0.0,0.0
2007-12-07 00:00:00+09:00,120.87457152060233,121.64167785644531,120.6553923097672,121.64167785644531,65685000,0.0,0.0
2007-12-10 00:00:00+09:00,121.97043805295539,121.97043805295539,121.75125885009766,121.75125885009766,45120000,0.0,0.0
2007-12-11 00:00:00+09:00,124.16220718328411,124.92931365966797,124.16220718328411,124.92931365966797,47675000,0.0,0.0
2007-12-12 00:00:00+09:00,127.01146870452351,128.43609619140625,126.24435387850966,128.43609619140625,97390000,0.0,0.0
2007-12-13 00:00:00+09:00,128.43607903699547,128.43607903699547,126.46351623535156,126.46351623535156,68755000,0.0,0.0
2007-12-14 00:00:00+09:00,126.57310182344582,126.57310182344582,122.08003234863281,122.08003234863281,83545000,0.0,0.0
2007-12-17 00:00:00+09:00,122.40880942047187,122.40880942047187,117.03904724121095,117.03904724121094,56935000,0.0,0.0
2007-12-18 00:00:00+09:00,114.84730348968229,119.55954456693212,113.64183849796308,117.80615234375,62565000,0.0,0.0
2007-12-19 00:00:00+09:00,117.80611080791918,117.80611080791918,116.6006546020508,116.60065460205078,40960000,0.0,0.0
2007-12-20 00:00:00+09:00,116.6006775111567,116.6006775111567,116.05274200439453,116.05274200439453,34200000,0.0,0.0
2007-12-21 00:00:00+09:00,115.94315972729223,116.71026611328124,115.94315972729223,116.71026611328125,35775000,0.0,0.0
2007-12-25 00:00:00+09:00,116.38151270370915,121.53211212158203,116.38151270370915,121.53211212158203,36070000,0.0,0.0
2007-12-26 00:00:00+09:00,121.31292705858726,122.95673370361328,120.98417074608183,122.95673370361328,20500000,0.0,0.0
2007-12-27 00:00:00+09:00,121.09373790286736,121.09373790286736,120.10745239257812,120.10745239257812,19460000,0.0,0.0
2007-12-28 00:00:00+09:00,119.44994991288378,120.1074709007881,118.68284348713422,119.66912078857422,22805000,0.0,0.0
2008-01-04 00:00:00+09:00,116.16235425276457,116.38152516173797,112.54597572886367,113.42267608642578,45215000,0.0,0.0
2008-01-07 00:00:00+09:00,112.10762224015446,112.10762224015446,111.88844299316406,111.88844299316406,51970000,0.0,0.0
2008-01-08 00:00:00+09:00,111.88846271986303,115.39525604248045,111.88846271986303,115.39525604248047,47060000,0.0,0.0
2008-01-09 00:00:00+09:00,115.39523867248519,119.99789428710938,115.39523867248519,119.99789428710938,62820000,0.0,0.0
2008-01-10 00:00:00+09:00,119.99789636398067,119.99789636398067,115.94317626953126,115.94317626953125,43535000,0.0,0.0
2008-01-11 00:00:00+09:00,113.3130569302612,113.3130569302612,112.76512145996094,112.76512145996094,45675000,0.0,0.0
2008-01-15 00:00:00+09:00,110.35421244643378,110.35421244643378,109.36793518066406,109.36793518066406,58320000,0.0,0.0
2008-01-16 00:00:00+09:00,105.9707513488103,106.08034516746048,101.47768069169187,101.91603088378906,78645000,0.0,0.0
2008-01-17 00:00:00+09:00,101.6968326534025,104.65568102388089,101.6968326534025,103.66939544677734,70440000,0.0,0.0
2008-01-18 00:00:00+09:00,103.66940844968657,105.53239440917969,103.66940844968657,105.53239440917969,76880000,0.0,0.0
2008-01-21 00:00:00+09:00,100.27218288854982,101.58722456570656,98.51879119873047,98.51879119873047,61555000,0.0,0.0
2008-01-22 00:00:00+09:00,90.8477274696371,91.83401325781988,88.43680572509766,88.43680572509766,107975000,0.0,0.0
2008-01-23 00:00:00+09:00,88.43680580052794,93.14905548095703,88.43680580052794,93.14905548095703,77920000,0.0,0.0
2008-01-24 00:00:00+09:00,93.14904418964223,96.87500762939453,93.14904418964223,96.87500762939453,65440000,0.0,0.0
2008-01-25 00:00:00+09:00,96.8750015392362,103.77898406982422,96.8750015392362,103.77898406982422,50605000,0.0,0.0
2008-01-28 00:00:00+09:00,102.68314734006792,102.68314734006792,99.50512695312501,99.505126953125,38415000,0.0,0.0
2008-01-29 00:00:00+09:00,101.25849138698327,103.3406481506883,100.05303484825919,102.35436248779297,70470000,0.0,0.0
2008-01-30 00:00:00+09:00,108.38163621082494,108.60080705160586,103.66938788655061,105.31319427490234,80750000,0.0,0.0
2008-01-31 00:00:00+09:00,107.17619328284783,107.17619328284783,106.29949308830196,106.62825775146484,66840000,0.0,0.0
2008-02-01 00:00:00+09:00,106.62824107465995,106.62824107465995,104.10773468017577,104.10773468017578,56955000,0.0,0.0
2008-02-04 00:00:00+09:00,104.10772314396411,106.95698547363283,104.10772314396411,106.95698547363281,69985000,0.0,0.0
2008-02-05 00:00:00+09:00,110.79255668552241,113.53223419189453,110.79255668552241,113.53223419189453,93095000,0.0,0.0
2008-02-06 00:00:00+09:00,107.28577871695789,107.28577871695789,106.62825775146483,106.62825775146484,79565000,0.0,0.0
2008-02-07 00:00:00+09:00,106.62826981249948,110.3542251586914,106.62826981249948,110.3542251586914,60410000,0.0,0.0
2008-02-08 00:00:00+09:00,110.35422074943645,110.35422074943645,105.53239440917969,105.53239440917969,56520000,0.0,0.0
2008-02-12 00:00:00+09:00,105.53236292299046,107.39533996582033,105.53236292299046,107.39533996582031,49570000,0.0,0.0
2008-02-13 00:00:00+09:00,113.42268881571957,113.42268881571957,111.66929626464842,111.66929626464844,65745000,0.0,0.0
2008-02-14 00:00:00+09:00,114.40897015921821,115.83359789207714,114.40897015921821,115.39525604248047,42290000,0.0,0.0
2008-02-15 00:00:00+09:00,117.80614002731753,120.65540313720703,116.2719188571208,120.65540313720703,73655000,0.0,0.0
2008-02-18 00:00:00+09:00,121.09375669422978,121.09375669422978,118.57324981689452,118.57324981689453,81065000,0.0,0.0
2008-02-19 00:00:00+09:00,125.03888990949258,127.88815307617188,125.03888990949258,127.88815307617188,154210000,0.0,0.0
2008-02-20 00:00:00+09:00,127.34021783596225,127.34021783596225,125.14847564697266,125.14847564697266,122555000,0.0,0.0
2008-02-21 00:00:00+09:00,127.44976701568534,128.2168731689453,126.79223790051391,128.2168731689453,70480000,0.0,0.0
2008-02-22 00:00:00+09:00,128.21688567610147,131.39491271972656,128.21688567610147,131.39491271972656,78750000,0.0,0.0
2008-02-25 00:00:00+09:00,130.8759470435218,130.95660400390625,130.8759470435218,130.95660400390625,98865000,0.0,0.0
2008-02-26 00:00:00+09:00,131.50449812933482,133.14830435595152,131.39491271972656,131.39491271972656,92685000,0.0,0.0
2008-02-27 00:00:00+09:00,127.44978332519531,127.44978332519531,127.44978332519531,127.44978332519531,81345000,0.0,0.0
2008-02-28 00:00:00+09:00,127.44984324543601,127.44984324543601,127.12107849121095,127.12107849121094,54505000,0.0,0.0
2008-02-29 00:00:00+09:00,127.23063258845977,127.23063258845977,123.50466918945314,123.50466918945312,54660000,0.0,0.0
2008-03-03 00:00:00+09:00,117.25820289078685,117.25820289078685,116.49109649658205,116.49109649658203,58665000,0.0,0.0
2008-03-04 00:00:00+09:00,116.95123471616444,119.23077392578125,116.95123471616444,119.23077392578125,60660000,0.0,0.0
2008-03-05 00:00:00+09:00,121.0937647524133,123.83344268798827,121.0937647524133,123.83344268798828,72325000,0.0,0.0
2008-03-06 00:00:00+09:00,123.83343776382114,127.23063659667969,123.83343776382114,127.23063659667969,77865000,0.0,0.0
2008-03-07 00:00:00+09:00,127.23063265284753,127.23063265284753,122.95673370361328,122.95673370361328,68730000,0.0,0.0
2008-03-10 00:00:00+09:00,114.08017746542481,114.40894213292103,112.43637084960938,112.43637084960938,83015000,0.0,0.0
2008-03-11 00:00:00+09:00,112.98429866019362,114.62810516357422,112.98429866019362,114.62810516357422,67710000,0.0,0.0
2008-03-12 00:00:00+09:00,120.32665147637618,120.43623691544094,118.90201568603517,118.90201568603516,64200000,0.0,0.0
2008-03-13 00:00:00+09:00,115.83359789207714,116.71029831294021,114.7773652644469,115.39525604248047,62565000,0.0,0.0
2008-03-14 00:00:00+09:00,113.20347149269135,113.75140696291574,111.34048587742937,112.2171859741211,67130000,0.0,0.0
2008-03-17 00:00:00+09:00,103.55983074272834,107.50496547980835,103.55983074272834,104.43653106689453,82885000,0.0,0.0
2008-03-18 00:00:00+09:00,104.87484211976476,104.87484211976476,102.79269409179688,102.79269409179688,62070000,0.0,0.0
2008-03-19 00:00:00+09:00,103.3940290306088,104.10773468017577,103.3940290306088,104.10773468017578,50730000,0.0,0.0
2008-03-21 00:00:00+09:00,104.54610524059822,104.54610524059822,97.97087860107422,97.97087860107422,79815000,0.0,0.0
2008-03-24 00:00:00+09:00,97.97087295076241,97.97087295076241,97.75169372558594,97.75169372558594,54790000,0.0,0.0
2008-03-25 00:00:00+09:00,101.4776805291982,102.4639663696289,101.4776805291982,102.4639663696289,70640000,0.0,0.0
2008-03-26 00:00:00+09:00,103.0003240256276,108.05488586425781,103.0003240256276,108.05488586425781,70075000,1.9,0.0
2008-03-27 00:00:00+09:00,106.50493045233479,108.27632904052733,106.50493045233479,108.27632904052734,80245000,0.0,0.0
2008-03-28 00:00:00+09:00,108.27634574819069,112.92624664306642,108.27634574819069,112.9262466430664,74145000,0.0,0.0
2008-03-31 00:00:00+09:00,112.43501107245322,112.43501107245322,108.94061279296875,108.94061279296875,69605000,0.0,0.0
2008-04-01 00:00:00+09:00,108.94061228517678,109.27274322509767,108.94061228517678,109.27274322509766,63615000,0.0,0.0
2008-04-02 00:00:00+09:00,109.27273755761729,109.27273755761729,108.49775695800781,108.49775695800781,68255000,0.0,0.0
2008-04-03 00:00:00+09:00,108.82988524406441,112.37266540527344,108.82988524406441,112.37266540527344,57760000,0.0,0.0
2008-04-04 00:00:00+09:00,114.9190565425296,114.9190565425296,113.59050750732422,113.59050750732422,63390000,0.0,0.0
2008-04-07 00:00:00+09:00,113.59049368389468,118.35111236572266,113.59049368389468,118.35111236572266,77685000,0.0,0.0
2008-04-08 00:00:00+09:00,118.35108502819536,120.12247467041016,118.35108502819536,120.12247467041016,69345000,0.0,0.0
2008-04-09 00:00:00+09:00,120.4546956950079,120.4546956950079,118.57258605957033,118.57258605957031,46310000,0.0,0.0
2008-04-10 00:00:00+09:00,121.22964645525731,121.22964645525731,120.67608642578125,120.67608642578125,63150000,0.0,0.0
2008-04-11 00:00:00+09:00,121.96463934334545,123.88672637939455,121.96463934334545,123.88672637939453,64995000,0.0,0.0
2008-04-14 00:00:00+09:00,123.55458723491807,123.55458723491807,121.34034729003906,121.34034729003906,31110000,0.0,0.0
2008-04-15 00:00:00+09:00,121.56177733754136,125.9902572631836,121.56177733754136,125.9902572631836,58675000,0.0,0.0
2008-04-16 00:00:00+09:00,125.9902545209311,125.9902545209311,124.32957458496095,124.32957458496094,46245000,0.0,0.0
2008-04-17 00:00:00+09:00,126.32237607498877,126.32237607498877,124.8831253051758,124.88312530517578,39635000,0.0,0.0
2008-04-18 00:00:00+09:00,125.21524044082118,125.21524044082118,122.44744110107423,122.44744110107422,47615000,0.0,0.0
2008-04-21 00:00:00+09:00,127.65095692668318,127.65095692668318,127.09739685058595,127.09739685058594,56020000,0.0,0.0
2008-04-22 00:00:00+09:00,127.2080847846449,127.2080847846449,124.32957458496095,124.32957458496094,29360000,0.0,0.0
2008-04-23 00:00:00+09:00,127.96567380314919,127.96567380314919,127.20807647705077,127.20807647705078,46945000,0.0,0.0
2008-04-24 00:00:00+09:00,127.31878190593146,128.97946166992188,127.31878190593146,128.97946166992188,60815000,0.0,0.0
2008-04-25 00:00:00+09:00,128.6473628563068,128.6473628563068,125.87956237792967,125.87956237792969,41785000,0.0,0.0
2008-04-28 00:00:00+09:00,125.87952597066156,125.87952597066156,125.21525573730469,125.21525573730469,31685000,0.0,0.0
2008-04-30 00:00:00+09:00,125.21522305927225,125.21522305927225,120.12247467041016,120.12247467041016,70595000,0.0,0.0
2008-05-01 00:00:00+09:00,124.10815146646088,124.10815146646088,122.5581817626953,122.55818176269531,59955000,0.0,0.0
2008-05-02 00:00:00+09:00,125.9902572631836,125.9902572631836,125.9902572631836,125.9902572631836,77380000,0.0,0.0
2008-05-07 00:00:00+09:00,129.50844258274296,129.64370727539062,129.50844258274296,129.64370727539062,54590000,0.0,0.0
2008-05-08 00:00:00+09:00,129.75448212381184,129.75448212381184,128.53665161132812,128.53665161132812,42275000,0.0,0.0
2008-05-09 00:00:00+09:00,128.53661696040174,128.53661696040174,127.20807647705077,127.20807647705078,34495000,0.0,0.0
2008-05-12 00:00:00+09:00,127.20810450988607,127.20810450988607,125.54742431640625,125.54742431640625,21400000,0.0,0.0
2008-05-13 00:00:00+09:00,125.43665757532105,126.76519775390625,125.43665757532105,126.76519775390625,38960000,0.0,0.0
2008-05-14 00:00:00+09:00,126.76525425102957,130.75088500976562,126.76525425102957,130.75088500976562,55420000,0.0,0.0
2008-05-15 00:00:00+09:00,133.51865432975393,133.51865432975393,133.1865234375,133.1865234375,55180000,0.0,0.0
2008-05-16 00:00:00+09:00,133.51869746424958,138.94358825683594,133.51869746424958,138.94358825683594,68465000,0.0,0.0
2008-05-19 00:00:00+09:00,138.94355474899,145.25413513183594,138.94355474899,145.25413513183594,104570000,0.0,0.0
2008-05-20 00:00:00+09:00,146.1398348043893,146.1398348043893,145.03271484375,145.03271484375,64175000,0.0,0.0
2008-05-21 00:00:00+09:00,139.1649568407778,141.15777587890625,139.1649568407778,141.15777587890625,60935000,0.0,0.0
2008-05-22 00:00:00+09:00,141.15781615544407,143.0399169921875,141.15781615544407,143.0399169921875,59685000,0.0,0.0
2008-05-23 00:00:00+09:00,139.27566988267404,139.27566988267404,137.614990234375,137.614990234375,54140000,0.0,0.0
2008-05-26 00:00:00+09:00,137.72571420942148,137.72571420942148,133.0758056640625,133.0758056640625,45595000,0.0,0.0
2008-05-27 00:00:00+09:00,135.29006765167185,138.279296875,135.29006765167185,138.279296875,32785000,0.0,0.0
2008-05-28 00:00:00+09:00,135.40079246519278,135.40079246519278,133.7401123046875,133.7401123046875,38135000,0.0,0.0
2008-05-29 00:00:00+09:00,134.62578599071014,134.62578599071014,134.51507568359375,134.51507568359375,41300000,0.0,0.0
2008-05-30 00:00:00+09:00,134.40434856813297,135.06861877441406,134.40434856813297,135.06861877441406,66140000,0.0,0.0
2008-06-02 00:00:00+09:00,135.06861270145689,139.93994140625,135.06861270145689,139.93994140625,60910000,0.0,0.0
2008-06-03 00:00:00+09:00,139.93995988828036,139.93995988828036,138.8328399658203,138.8328399658203,46305000,0.0,0.0
2008-06-04 00:00:00+09:00,136.7292938232422,136.7292938232422,136.7292938232422,136.7292938232422,50430000,0.0,0.0
2008-06-05 00:00:00+09:00,136.72932489181665,136.72932489181665,134.07223510742188,134.07223510742188,43405000,0.0,0.0
2008-06-06 00:00:00+09:00,134.07225855694247,136.2864990234375,134.07225855694247,136.2864990234375,41400000,0.0,0.0
2008-06-09 00:00:00+09:00,134.84724602246112,134.84724602246112,134.29368591308594,134.29368591308594,36040000,0.0,0.0
2008-06-10 00:00:00+09:00,134.29366339027428,134.29366339027428,131.74728393554688,131.74728393554688,30410000,0.0,0.0
2008-06-11 00:00:00+09:00,131.58768146470595,131.58768146470595,131.52589416503906,131.52589416503906,42850000,0.0,0.0
2008-06-12 00:00:00+09:00,131.85796679427358,131.85796679427358,127.98304748535155,127.98304748535156,45060000,0.0,0.0
2008-06-13 00:00:00+09:00,126.76521739187824,127.98304748535155,126.76521739187824,127.98304748535156,83235000,0.0,0.0
2008-06-16 00:00:00+09:00,128.09376909660304,134.6257781982422,128.09376909660304,134.6257781982422,48065000,0.0,0.0
2008-06-17 00:00:00+09:00,134.51505761847213,134.51505761847213,132.74366760253906,132.74366760253906,47035000,0.0,0.0
2008-06-18 00:00:00+09:00,132.7436944385523,134.07223510742188,132.7436944385523,134.07223510742188,28555000,0.0,0.0
2008-06-19 00:00:00+09:00,132.56531811781414,132.56531811781414,131.63656616210938,131.63656616210938,37805000,0.0,0.0
2008-06-20 00:00:00+09:00,131.6365915037018,131.6365915037018,128.53665161132812,128.53665161132812,34625000,0.0,0.0
2008-06-23 00:00:00+09:00,125.8795275470454,127.20807647705077,125.8795275470454,127.20807647705078,30840000,0.0,0.0
2008-06-24 00:00:00+09:00,127.20809803931724,130.3080291748047,127.20809803931724,130.3080291748047,41055000,0.0,0.0
2008-06-25 00:00:00+09:00,130.30803122148953,130.30803122148953,129.53305053710938,129.53305053710938,34050000,0.0,0.0
2008-06-26 00:00:00+09:00,129.53304514147646,129.53304514147646,126.32239532470703,126.32239532470703,29565000,0.0,0.0
2008-06-27 00:00:00+09:00,126.32237737289785,126.32237737289785,124.55098724365233,124.55098724365234,50370000,0.0,0.0
2008-06-30 00:00:00+09:00,124.55098550394783,125.21525573730469,124.55098550394783,125.21525573730469,42055000,0.0,0.0
2008-07-01 00:00:00+09:00,125.21525251554613,128.97946166992188,125.21525251554613,128.97946166992188,55015000,0.0,0.0
2008-07-02 00:00:00+09:00,128.9794464515981,128.9794464515981,126.10093688964842,126.10093688964844,46795000,0.0,0.0
2008-07-03 00:00:00+09:00,126.10096367779322,126.10096367779322,122.11533355712889,122.1153335571289,54005000,0.0,0.0
2008-07-04 00:00:00+09:00,122.11532404142649,122.89030456542969,122.11532404142649,122.89030456542969,33700000,0.0,0.0
2008-07-07 00:00:00+09:00,122.89030133535968,122.89030133535968,121.45104217529297,121.45104217529297,34125000,0.0,0.0
2008-07-08 00:00:00+09:00,116.57972110708805,116.57972110708805,116.02616119384766,116.02616119384766,53610000,0.0,0.0
2008-07-09 00:00:00+09:00,116.02617942048528,116.02617942048528,115.1404800415039,115.1404800415039,58705000,0.0,0.0
2008-07-10 00:00:00+09:00,115.1404495519085,115.1404495519085,112.2619400024414,112.2619400024414,48025000,0.0,0.0
2008-07-11 00:00:00+09:00,115.14050508215152,115.14050508215152,114.36552429199219,114.36552429199219,53810000,0.0,0.0
2008-07-14 00:00:00+09:00,114.36548300276584,115.4726028442383,114.36548300276584,115.47260284423828,46995000,0.0,0.0
2008-07-15 00:00:00+09:00,114.91905704142015,114.91905704142015,113.25837707519533,113.25837707519531,36950000,0.0,0.0
2008-07-16 00:00:00+09:00,113.2583462360091,113.2583462360091,110.60125732421876,110.60125732421875,41800000,0.0,0.0
2008-07-17 00:00:00+09:00,110.60128140606552,112.81552124023438,110.60128140606552,112.81552124023438,48430000,0.0,0.0
2008-07-18 00:00:00+09:00,112.81552316075911,112.81552316075911,109.60487365722658,109.60487365722656,37845000,0.0,0.0
2008-07-22 00:00:00+09:00,115.02977331139006,119.1261140617136,114.25478421899403,119.0154037475586,66175000,0.0,0.0
2008-07-23 00:00:00+09:00,117.13327774688602,117.24398803710938,117.13327774688602,117.24398803710938,46020000,0.0,0.0
2008-07-24 00:00:00+09:00,116.69041743001218,118.46180725097656,116.69041743001218,118.46180725097656,32180000,0.0,0.0
2008-07-25 00:00:00+09:00,118.46184004270113,118.46184004270113,115.1404800415039,115.1404800415039,21255000,0.0,0.0
2008-07-28 00:00:00+09:00,117.24398974110515,117.24398974110515,116.57971954345703,116.57971954345703,25090000,0.0,0.0
2008-07-29 00:00:00+09:00,113.92264505879005,116.69044494628906,113.92264505879005,116.69044494628906,35150000,0.0,0.0
2008-07-30 00:00:00+09:00,116.69047444425475,119.34756469726562,116.69047444425475,119.34756469726562,30735000,0.0,0.0
2008-07-31 00:00:00+09:00,119.34753385668026,119.56895446777344,119.34753385668026,119.56895446777344,51245000,0.0,0.0
2008-08-01 00:00:00+09:00,113.47978210449219,113.47978210449219,113.47978210449219,113.47978210449219,44720000,0.0,0.0
2008-08-04 00:00:00+09:00,113.47981803972735,113.47981803972735,106.94780731201172,106.94780731201172,49480000,0.0,0.0
2008-08-05 00:00:00+09:00,106.94779480841743,106.94779480841743,103.40501403808594,103.40501403808594,63945000,0.0,0.0
2008-08-06 00:00:00+09:00,103.40500174325176,104.95497131347658,103.40500174325176,104.95497131347656,55250000,0.0,0.0
2008-08-07 00:00:00+09:00,105.61360509391567,105.61360509391567,104.51207733154297,104.51207733154297,37400000,0.0,0.0
2008-08-08 00:00:00+09:00,103.07285307671603,105.72994232177734,103.07285307671603,105.72994232177734,43230000,0.0,0.0
2008-08-11 00:00:00+09:00,103.40499717707696,103.40499717707696,101.41217803955078,101.41217803955078,55115000,0.0,0.0
2008-08-12 00:00:00+09:00,101.41217994397222,101.41217994397222,100.63719940185547,100.63719940185547,50000000,0.0,0.0
2008-08-13 00:00:00+09:00,100.52651296093164,100.52651296093164,97.86942291259764,97.86942291259766,34435000,0.0,0.0
2008-08-14 00:00:00+09:00,97.9801279703776,99.64080810546875,97.9801279703776,99.64080810546875,55895000,0.0,0.0
2008-08-15 00:00:00+09:00,99.64080688202552,99.64080688202552,97.64798736572267,97.64798736572266,30855000,0.0,0.0
2008-08-18 00:00:00+09:00,97.6479706394314,100.63719940185547,97.6479706394314,100.63719940185547,38705000,0.0,0.0
2008-08-19 00:00:00+09:00,100.63721048263919,100.63721048263919,97.09442138671875,97.09442138671875,36555000,0.0,0.0
2008-08-20 00:00:00+09:00,97.09440930711834,98.5336685180664,97.09440930711834,98.5336685180664,32745000,0.0,0.0
2008-08-21 00:00:00+09:00,98.5336685180664,98.5336685180664,98.5336685180664,98.5336685180664,52690000,0.0,0.0
2008-08-22 00:00:00+09:00,98.64437413177754,100.19434356689453,98.64437413177754,100.19434356689453,36840000,0.0,0.0
2008-08-25 00:00:00+09:00,100.19436215022422,100.19436215022422,99.08724212646484,99.08724212646484,26900000,0.0,0.0
2008-08-26 00:00:00+09:00,99.08723183958934,99.08723183958934,97.31584167480469,97.31584167480469,31665000,0.0,0.0
2008-08-27 00:00:00+09:00,96.54086371781709,96.54086371781709,96.0980224609375,96.0980224609375,32790000,0.0,0.0
2008-08-28 00:00:00+09:00,96.09801613747929,96.09801613747929,95.76587677001955,95.76587677001953,38155000,0.0,0.0
2008-08-29 00:00:00+09:00,97.64796939512777,98.42295837402344,97.64796939512777,98.42295837402344,50320000,0.0,0.0
2008-09-01 00:00:00+09:00,98.42297249839069,98.42297249839069,96.31944274902344,96.31944274902344,27475000,0.0,0.0
2008-09-02 00:00:00+09:00,94.43733991934035,94.43733991934035,92.00167083740234,92.00167083740234,37610000,0.0,0.0
2008-09-03 00:00:00+09:00,92.0016929537133,92.0016929537133,87.4625015258789,87.4625015258789,62580000,0.0,0.0
2008-09-04 00:00:00+09:00,87.46246378037584,87.46246378037584,84.4732437133789,84.4732437133789,111430000,0.0,0.0
2008-09-05 00:00:00+09:00,83.25541719425469,83.25541719425469,83.03399658203125,83.03399658203125,92770000,0.0,0.0
2008-09-08 00:00:00+09:00,83.03400294080211,88.45889282226562,83.03400294080211,88.45889282226562,67130000,0.0,0.0
2008-09-09 00:00:00+09:00,88.45888149395233,88.45888149395233,81.816162109375,81.816162109375,64845000,0.0,0.0
2008-09-10 00:00:00+09:00,80.48760391300824,80.48760391300824,78.93764299208708,79.82333374023438,78705000,0.0,0.0
2008-09-11 00:00:00+09:00,79.82333844453805,79.82333844453805,78.16265869140624,78.16265869140625,67760000,0.0,0.0
2008-09-12 00:00:00+09:00,78.16267484944997,80.37691497802734,78.16267484944997,80.37691497802734,85000000,0.0,0.0
2008-09-16 00:00:00+09:00,80.37691424087902,80.37691424087902,72.95921325683594,72.95921325683594,74320000,0.0,0.0
2008-09-17 00:00:00+09:00,74.39843926114149,74.39843926114149,73.62345886230469,73.62345886230469,66265000,0.0,0.0
2008-09-18 00:00:00+09:00,73.62347721759232,73.62347721759232,72.62706756591797,72.62706756591797,73540000,0.0,0.0
2008-09-19 00:00:00+09:00,72.62706981752598,76.94483947753906,72.62706981752598,76.94483947753906,123295000,0.0,0.0
2008-09-22 00:00:00+09:00,76.94483287135407,81.816162109375,76.94483287135407,81.816162109375,112080000,0.0,0.0
2008-09-24 00:00:00+09:00,81.04114129235563,82.59111022949219,81.04114129235563,82.59111022949219,72825000,0.0,0.0
2008-09-25 00:00:00+09:00,82.6472928945016,82.6472928945016,79.39080810546876,79.39080810546875,54810000,2.1,0.0
2008-09-26 00:00:00+09:00,76.69579823926665,76.69579823926665,76.35891723632812,76.35891723632812,75135000,0.0,0.0
2008-09-29 00:00:00+09:00,76.35891597972632,76.35891597972632,72.65325927734375,72.65325927734375,62485000,0.0,0.0
2008-09-30 00:00:00+09:00,72.653271812646,72.653271812646,69.84596252441406,69.84596252441406,72115000,0.0,0.0
2008-10-01 00:00:00+09:00,69.8459544759298,72.31639099121094,69.8459544759298,72.31639099121094,64630000,0.0,0.0
2008-10-02 00:00:00+09:00,72.31639014431443,72.31639014431443,68.04927062988281,68.04927062988281,57220000,0.0,0.0
2008-10-03 00:00:00+09:00,65.24195396083437,65.57883495575575,64.2972615863877,64.4559097290039,99755000,0.0,0.0
2008-10-06 00:00:00+09:00,64.45588478857827,64.45588478857827,60.41335296630859,60.413352966308594,84345000,0.0,0.0
2008-10-07 00:00:00+09:00,57.71834766926956,60.076488494873054,57.71834766926956,60.07648849487305,120950000,0.0,0.0
2008-10-08 00:00:00+09:00,60.076491478175825,60.076491478175825,53.22665023803711,53.22665023803711,92730000,0.0,0.0
2008-10-09 00:00:00+09:00,57.830658507494185,58.05524444580078,57.830658507494185,58.05524444580078,109745000,0.0,0.0
2008-10-10 00:00:00+09:00,58.05524066416332,59.40275192260742,58.05524066416332,59.40275192260742,127115000,0.0,0.0
2008-10-14 00:00:00+09:00,59.40273678763106,67.15091705322266,59.40273678763106,67.15091705322266,122485000,0.0,0.0
2008-10-15 00:00:00+09:00,67.37552040501645,67.37552040501645,64.00674438476562,64.00674438476562,92280000,0.0,0.0
2008-10-16 00:00:00+09:00,55.02333133778673,55.92167058453692,52.77748107910156,52.77748107910156,110405000,0.0,0.0
2008-10-17 00:00:00+09:00,52.77748846756784,53.338951110839844,52.77748846756784,53.338951110839844,105460000,0.0,0.0
2008-10-20 00:00:00+09:00,53.33894975114576,56.707725524902344,53.33894975114576,56.707725524902344,74920000,0.0,0.0
2008-10-21 00:00:00+09:00,56.70771677559669,61.19941711425781,56.70771677559669,61.19941711425781,78255000,0.0,0.0
2008-10-22 00:00:00+09:00,61.19941624887589,61.19941624887589,54.34957504272462,54.34957504272461,99125000,0.0,0.0
2008-10-23 00:00:00+09:00,54.34958294308997,54.34958294308997,51.879146575927734,51.879146575927734,117000000,0.0,0.0
2008-10-24 00:00:00+09:00,51.8791493398493,51.8791493398493,47.05057144165039,47.05057144165039,75115000,0.0,0.0
2008-10-27 00:00:00+09:00,47.050566785154814,47.050566785154814,43.569496154785156,43.569496154785156,101885000,0.0,0.0
2008-10-28 00:00:00+09:00,45.44672397112389,47.38744354248047,45.44672397112389,47.38744354248047,108480000,0.0,0.0
2008-10-29 00:00:00+09:00,47.38743595015614,50.98079681396484,47.38743595015614,50.980796813964844,89050000,0.0,0.0
2008-10-30 00:00:00+09:00,58.279809143716584,58.504390716552734,58.279809143716584,58.504390716552734,134210000,0.0,0.0
2008-10-31 00:00:00+09:00,58.728980816595424,58.728980816595424,56.82000732421875,56.82000732421875,118420000,0.0,0.0
2008-11-04 00:00:00+09:00,56.820011381715844,58.167522430419915,56.820011381715844,58.16752243041992,77605000,0.0,0.0
2008-11-05 00:00:00+09:00,58.279809682949626,62.8838005065918,58.279809682949626,62.8838005065918,101995000,0.0,0.0
2008-11-06 00:00:00+09:00,62.99609194298436,62.99609194298436,59.515026092529304,59.5150260925293,67335000,0.0,0.0
2008-11-07 00:00:00+09:00,59.51502809024908,59.51502809024908,56.59542465209962,56.59542465209961,87835000,0.0,0.0
2008-11-10 00:00:00+09:00,56.595444309875674,58.729000091552734,56.595444309875674,58.729000091552734,56705000,0.0,0.0
2008-11-11 00:00:00+09:00,58.84128582630253,58.84128582630253,56.93231201171876,56.93231201171875,38810000,0.0,0.0
2008-11-12 00:00:00+09:00,56.93229379706888,56.93229379706888,54.91102981567383,54.91102981567383,50350000,0.0,0.0
2008-11-13 00:00:00+09:00,54.911052158329994,54.911052158329994,51.9914436340332,51.9914436340332,59355000,0.0,0.0
2008-11-14 00:00:00+09:00,51.99142268739183,52.66518020629883,51.99142268739183,52.66518020629883,64580000,0.0,0.0
2008-11-17 00:00:00+09:00,52.66519651165858,52.88977813720703,52.66519651165858,52.88977813720703,57365000,0.0,0.0
2008-11-18 00:00:00+09:00,52.88977881482701,54.461875915527344,52.88977881482701,54.461875915527344,98905000,0.0,0.0
2008-11-19 00:00:00+09:00,54.46188030409989,54.46188030409989,50.6439323425293,50.6439323425293,79460000,0.0,0.0
2008-11-20 00:00:00+09:00,50.6439231052255,50.6439231052255,45.81534576416015,45.815345764160156,89870000,0.0,0.0
2008-11-21 00:00:00+09:00,45.81535111182421,49.52100372314454,45.81535111182421,49.52100372314453,101010000,0.0,0.0
2008-11-25 00:00:00+09:00,49.52100348155402,50.08246612548828,49.52100348155402,50.08246612548828,55120000,0.0,0.0
2008-11-26 00:00:00+09:00,50.08246040217264,50.08246040217264,48.28578186035156,48.28578186035156,36680000,0.0,0.0
2008-11-27 00:00:00+09:00,48.285765952043825,49.745567321777344,48.285765952043825,49.745567321777344,70285000,0.0,0.0
2008-11-28 00:00:00+09:00,53.18111152985714,54.237289428710945,53.18111152985714,54.23728942871094,81950000,0.0,0.0
2008-12-01 00:00:00+09:00,54.23729048335104,54.23729048335104,53.338951110839844,53.338951110839844,10000,0.0,0.0
2008-12-02 00:00:00+09:00,53.338937675440626,53.338937675440626,46.82597351074219,46.82597351074219,82945000,0.0,0.0
2008-12-03 00:00:00+09:00,46.825973611452746,46.825973611452746,46.26451110839844,46.26451110839844,62250000,0.0,0.0
2008-12-04 00:00:00+09:00,46.26451489950481,46.26451489950481,43.7940788269043,43.7940788269043,59335000,0.0,0.0
2008-12-05 00:00:00+09:00,43.7940673828125,44.9169921875,43.7940673828125,44.9169921875,15000,0.0,0.0
2008-12-08 00:00:00+09:00,44.91701928043756,46.48911666870118,44.91701928043756,46.48911666870117,58010000,0.0,0.0
2008-12-09 00:00:00+09:00,46.489113150171306,46.489113150171306,45.927650451660156,45.927650451660156,69840000,0.0,0.0
2008-12-10 00:00:00+09:00,45.92763365474336,47.16284942626953,45.92763365474336,47.16284942626953,62830000,0.0,0.0
2008-12-11 00:00:00+09:00,48.06120169851774,49.52100372314454,48.06120169851774,49.52100372314453,93340000,0.0,0.0
2008-12-12 00:00:00+09:00,49.52100120298569,49.52100120298569,46.15222549438476,46.152225494384766,111735000,0.0,0.0
2008-12-15 00:00:00+09:00,46.93827767910601,48.061203002929695,46.93827767910601,48.06120300292969,46895000,0.0,0.0
2008-12-16 00:00:00+09:00,48.061193536507204,48.17348861694336,48.061193536507204,48.17348861694336,51435000,0.0,0.0
2008-12-17 00:00:00+09:00,47.836605072021484,47.836605072021484,47.836605072021484,47.836605072021484,50345000,0.0,0.0
2008-12-18 00:00:00+09:00,47.83660765925423,48.17348861694336,47.83660765925423,48.17348861694336,32980000,0.0,0.0
2008-12-19 00:00:00+09:00,48.173483721313,48.173483721313,46.60138702392578,46.60138702392578,38150000,0.0,0.0
2008-12-22 00:00:00+09:00,46.60138693309966,47.16284942626953,46.60138693309966,47.16284942626953,30425000,0.0,0.0
2008-12-24 00:00:00+09:00,47.27515750119056,47.27515750119056,45.927650451660156,45.927650451660156,31660000,0.0,0.0
2008-12-25 00:00:00+09:00,46.7417199047537,46.7417199047537,46.713687896728516,46.713687896728516,24625000,0.0,0.0
2008-12-26 00:00:00+09:00,47.16285249539373,47.49972915649414,47.16285249539373,47.49972915649414,15600000,0.0,0.0
2008-12-29 00:00:00+09:00,48.95953506479393,48.95953506479393,48.84724426269531,48.84724426269531,45970000,0.0,0.0
2008-12-30 00:00:00+09:00,49.071814161475146,50.19473895105756,48.95951911234603,49.745567321777344,22960000,0.0,0.0
2009-01-05 00:00:00+09:00,51.991424486185345,53.22664450510822,51.87913370429179,52.552886962890625,43070000,0.0,0.0
2009-01-06 00:00:00+09:00,53.451240768318016,53.451240768318016,52.88977813720703,52.88977813720703,40915000,0.0,0.0
2009-01-07 00:00:00+09:00,52.88977793453026,56.707725524902344,52.88977793453026,56.707725524902344,91615000,0.0,0.0
2009-01-08 00:00:00+09:00,56.707725261846065,56.707725261846065,54.01270294189453,54.01270294189453,51480000,0.0,0.0
2009-01-09 00:00:00+09:00,54.124981521903926,54.91102981567383,54.124981521903926,54.91102981567383,57935000,0.0,0.0
2009-01-13 00:00:00+09:00,55.135629920896655,55.135629920896655,50.08246612548828,50.08246612548828,100185000,0.0,0.0
2009-01-14 00:00:00+09:00,50.082468346141454,50.082468346141454,49.63330078125,49.63330078125,60245000,0.0,0.0
2009-01-15 00:00:00+09:00,49.63329290852714,49.63329290852714,48.28578186035156,48.28578186035156,60875000,0.0,0.0
2009-01-16 00:00:00+09:00,48.285775095203576,50.98079681396484,48.285775095203576,50.980796813964844,40490000,0.0,0.0
2009-01-19 00:00:00+09:00,50.98079537614071,51.65454864501953,50.98079537614071,51.65454864501953,52360000,0.0,0.0
2009-01-20 00:00:00+09:00,51.654567776411135,51.654567776411135,48.95954513549805,48.95954513549805,68315000,0.0,0.0
2009-01-21 00:00:00+09:00,48.959541010886674,48.959541010886674,47.05057144165039,47.05057144165039,87705000,0.0,0.0
2009-01-22 00:00:00+09:00,47.05057144165039,47.05057144165039,47.05057144165039,47.05057144165039,42890000,0.0,0.0
2009-01-23 00:00:00+09:00,47.050561961327254,47.050561961327254,46.37680435180664,46.37680435180664,32805000,0.0,0.0
2009-01-26 00:00:00+09:00,46.37682155032762,46.48911666870118,46.37682155032762,46.48911666870117,29540000,0.0,0.0
2009-01-27 00:00:00+09:00,49.745567321777344,49.745567321777344,49.745567321777344,49.745567321777344,65075000,0.0,0.0
2009-01-28 00:00:00+09:00,49.74559427843487,50.53164291381836,49.74559427843487,50.53164291381836,52190000,0.0,0.0
2009-01-29 00:00:00+09:00,50.53164151369497,51.9914436340332,50.53164151369497,51.9914436340332,54960000,0.0,0.0
2009-01-30 00:00:00+09:00,51.991438049620264,51.991438049620264,50.194759368896484,50.194759368896484,85775000,0.0,0.0
2009-02-02 00:00:00+09:00,50.194747121506346,51.09308624267578,50.194747121506346,51.09308624267578,55995000,0.0,0.0
2009-02-03 00:00:00+09:00,51.09310561286078,51.09310561286078,50.53164291381836,50.53164291381836,62675000,0.0,0.0
2009-02-04 00:00:00+09:00,50.53161750886793,52.103713989257805,50.53161750886793,52.10371398925781,80450000,0.0,0.0
2009-02-05 00:00:00+09:00,52.103709558719494,53.00204849243163,52.103709558719494,53.00204849243164,67490000,0.0,0.0
2009-02-06 00:00:00+09:00,53.00207438160065,53.338951110839844,53.00207438160065,53.338951110839844,63110000,0.0,0.0
2009-02-09 00:00:00+09:00,53.33894995554379,53.33894995554379,52.88977813720703,52.88977813720703,50900000,0.0,0.0
2009-02-10 00:00:00+09:00,53.11434376926419,53.900392009459125,51.54225157249261,52.10371398925781,36885000,0.0,0.0
2009-02-12 00:00:00+09:00,52.552879295733376,52.552879295733376,49.745567321777344,49.745567321777344,63090000,0.0,0.0
2009-02-13 00:00:00+09:00,49.74557533837113,51.65454864501953,49.74557533837113,51.65454864501953,101905000,0.0,0.0
2009-02-16 00:00:00+09:00,51.65456831190321,51.65456831190321,50.53164291381836,50.53164291381836,61460000,0.0,0.0
2009-02-17 00:00:00+09:00,50.531636086079715,50.531636086079715,50.194759368896484,50.194759368896484,37160000,0.0,0.0
2009-02-18 00:00:00+09:00,50.19473895105756,50.19473895105756,49.745567321777344,49.745567321777344,50255000,0.0,0.0
2009-02-19 00:00:00+09:00,49.74558621989553,49.74558621989553,48.398075103759766,48.398075103759766,90810000,0.0,0.0
2009-02-20 00:00:00+09:00,48.39808087139072,48.5103759765625,48.39808087139072,48.5103759765625,61310000,0.0,0.0
2009-02-23 00:00:00+09:00,48.510380331192465,48.734966278076165,48.510380331192465,48.73496627807617,58965000,0.0,0.0
2009-02-24 00:00:00+09:00,48.73495116826615,48.73495116826615,48.17348861694336,48.17348861694336,50180000,0.0,0.0
2009-02-25 00:00:00+09:00,48.17349679802445,49.52100372314454,48.17349679802445,49.52100372314453,50355000,0.0,0.0
2009-02-26 00:00:00+09:00,49.52100480281264,49.52100480281264,48.62266540527344,48.62266540527344,44560000,0.0,0.0
2009-02-27 00:00:00+09:00,48.62266097435972,50.30704879760742,48.62266097435972,50.30704879760742,75145000,0.0,0.0
2009-03-02 00:00:00+09:00,50.30703930874442,50.30703930874442,46.82597351074219,46.82597351074219,83080000,0.0,0.0
2009-03-03 00:00:00+09:00,46.82598485081941,46.82598485081941,45.47847366333008,45.47847366333008,72690000,0.0,0.0
2009-03-04 00:00:00+09:00,45.47846515606499,46.37680435180664,45.47846515606499,46.37680435180664,67165000,0.0,0.0
2009-03-05 00:00:00+09:00,46.376794821739985,49.857864379882805,46.376794821739985,49.85786437988281,87910000,0.0,0.0
2009-03-06 00:00:00+09:00,49.85787627091174,49.85787627091174,48.17348861694336,48.17348861694336,73615000,0.0,0.0
2009-03-09 00:00:00+09:00,48.17349810548416,48.17349810548416,48.061203002929695,48.06120300292969,46485000,0.0,0.0
2009-03-10 00:00:00+09:00,48.06120163413665,48.06120163413665,47.05057144165039,47.05057144165039,41085000,0.0,0.0
2009-03-11 00:00:00+09:00,47.05056684456631,47.38744354248047,47.05056684456631,47.38744354248047,36580000,0.0,0.0
2009-03-12 00:00:00+09:00,47.38744270479517,47.38744270479517,45.81534576416015,45.815345764160156,42970000,0.0,0.0
2009-03-13 00:00:00+09:00,45.815339293970474,46.82597351074219,45.815339293970474,46.82597351074219,61025000,0.0,0.0
2009-03-16 00:00:00+09:00,46.938278773119634,48.5103759765625,46.938278773119634,48.5103759765625,40895000,0.0,0.0
2009-03-17 00:00:00+09:00,48.398075074536074,50.30704879760742,48.398075074536074,50.30704879760742,48380000,0.0,0.0
2009-03-18 00:00:00+09:00,50.307056977477295,50.53164291381836,50.307056977477295,50.53164291381836,53930000,0.0,0.0
2009-03-19 00:00:00+09:00,50.531631894908685,51.31768035888672,50.531631894908685,51.31768035888672,57955000,0.0,0.0
2009-03-23 00:00:00+09:00,51.31767712886452,56.258544921875,51.31767712886452,56.258544921875,132890000,0.0,0.0
2009-03-24 00:00:00+09:00,56.25854071923987,58.504390716552734,56.25854071923987,58.504390716552734,97405000,0.0,0.0
2009-03-25 00:00:00+09:00,58.953567651601944,58.953567651601944,58.39210510253906,58.39210510253906,91565000,0.0,0.0
2009-03-26 00:00:00+09:00,58.164012436057675,60.102813720703125,58.164012436057675,60.102813720703125,63770000,1.6,0.0
2009-03-27 00:00:00+09:00,60.216856447471756,60.216856447471756,58.73424530029296,58.73424530029297,56945000,0.0,0.0
2009-03-30 00:00:00+09:00,58.84830670789224,58.84830670789224,55.54094314575195,55.54094314575195,64705000,0.0,0.0
2009-03-31 00:00:00+09:00,55.54094837388986,55.54094837388986,54.514522552490234,54.514522552490234,76410000,0.0,0.0
2009-04-01 00:00:00+09:00,54.51449938759389,56.45330047607422,54.51449938759389,56.45330047607422,55520000,0.0,0.0
2009-04-02 00:00:00+09:00,56.453304510850174,59.304481506347656,56.453304510850174,59.304481506347656,67970000,0.0,0.0
2009-04-03 00:00:00+09:00,59.41853123700702,60.216861724853516,59.41853123700702,60.216861724853516,85605000,0.0,0.0
2009-04-06 00:00:00+09:00,60.90113946270132,60.90113946270132,59.53257369995118,59.53257369995117,69760000,0.0,0.0
2009-04-07 00:00:00+09:00,59.646630996920585,60.44496154785157,59.646630996920585,60.44496154785156,49895000,0.0,0.0
2009-04-08 00:00:00+09:00,58.62019247061018,58.62019247061018,58.39209747314453,58.39209747314453,54800000,0.0,0.0
2009-04-09 00:00:00+09:00,59.98877141859058,60.44496154785157,59.98877141859058,60.44496154785156,43000000,0.0,0.0
2009-04-10 00:00:00+09:00,62.04162216186523,62.04162216186523,62.04162216186523,62.041622161865234,49455000,0.0,0.0
2009-04-13 00:00:00+09:00,65.00683673361074,65.57707214355469,65.00683673361074,65.57707214355469,86890000,0.0,0.0
2009-04-14 00:00:00+09:00,65.46303251260254,65.46303251260254,65.12088775634766,65.12088775634766,60455000,0.0,0.0
2009-04-15 00:00:00+09:00,65.1208726260146,65.1208726260146,64.77873229980469,64.77873229980469,45250000,0.0,0.0
2009-04-16 00:00:00+09:00,64.77872570095637,65.00682067871094,64.77872570095637,65.00682067871094,71870000,0.0,0.0
2009-04-17 00:00:00+09:00,65.00681496002584,66.48942565917969,65.00681496002584,66.48942565917969,48550000,0.0,0.0
2009-04-20 00:00:00+09:00,65.12088399688383,66.03326416015625,65.12088399688383,66.03326416015625,50735000,0.0,0.0
2009-04-21 00:00:00+09:00,61.813512749799685,62.61184310913086,61.813512749799685,62.61184310913086,57785000,0.0,0.0
2009-04-22 00:00:00+09:00,62.236179147623055,62.383758544921875,62.236179147623055,62.383758544921875,36170000,0.0,0.0
2009-04-23 00:00:00+09:00,60.44494424042878,61.58541488647461,60.44494424042878,61.58541488647461,53080000,0.0,0.0
2009-04-24 00:00:00+09:00,61.757856753151856,61.757856753151856,61.01517868041992,61.01517868041992,49960000,0.0,0.0
2009-04-27 00:00:00+09:00,61.17992593517019,61.17992593517019,60.90113830566406,60.90113830566406,38190000,0.0,0.0
2009-04-28 00:00:00+09:00,60.90115314297713,60.90115314297713,57.47974014282227,57.479740142822266,45040000,0.0,0.0
2009-04-30 00:00:00+09:00,57.479740606054555,59.988773345947266,57.479740606054555,59.988773345947266,49275000,0.0,0.0
2009-05-01 00:00:00+09:00,65.00683655797353,65.9192123413086,65.00683655797353,65.9192123413086,124660000,0.0,0.0
2009-05-07 00:00:00+09:00,65.71157588699356,71.05133819580078,65.71157588699356,71.05133819580078,96680000,0.0,0.0
2009-05-08 00:00:00+09:00,71.05134557790062,71.39348602294922,71.05134557790062,71.39348602294922,59905000,0.0,0.0
2009-05-11 00:00:00+09:00,71.39346618718443,74.35868835449219,71.39346618718443,74.35868835449219,87740000,0.0,0.0
2009-05-12 00:00:00+09:00,74.35869595169193,74.35869595169193,72.4198989868164,72.4198989868164,53900000,0.0,0.0
2009-05-13 00:00:00+09:00,72.41989158770282,74.35868835449219,72.41989158770282,74.35868835449219,63400000,0.0,0.0
2009-05-14 00:00:00+09:00,74.35869432229362,74.35869432229362,71.27942657470703,71.27942657470703,63260000,0.0,0.0
2009-05-15 00:00:00+09:00,71.27941964774013,72.1917953491211,71.27941964774013,72.1917953491211,43090000,0.0,0.0
2009-05-18 00:00:00+09:00,72.19180173507453,72.19180173507453,70.36705017089844,70.36705017089844,36175000,0.0,0.0
2009-05-19 00:00:00+09:00,70.36706616381615,73.7884750366211,70.36706616381615,73.7884750366211,56680000,0.0,0.0
2009-05-20 00:00:00+09:00,73.78845328042483,76.1834487915039,73.78845328042483,76.1834487915039,82680000,0.0,0.0
2009-05-21 00:00:00+09:00,76.18344565215381,76.18344565215381,75.84130096435547,75.84130096435547,82480000,0.0,0.0
2009-05-22 00:00:00+09:00,75.95535358888912,76.52558898925781,75.95535358888912,76.52558898925781,56090000,0.0,0.0
2009-05-25 00:00:00+09:00,76.29749830955102,76.52558898925781,76.29749830955102,76.52558898925781,56470000,0.0,0.0
2009-05-26 00:00:00+09:00,76.52559967735259,76.86774444580078,76.52559967735259,76.86774444580078,36815000,0.0,0.0
2009-05-27 00:00:00+09:00,76.86772065508525,76.86772065508525,76.2974853515625,76.2974853515625,55930000,0.0,0.0
2009-05-28 00:00:00+09:00,76.2975096811392,77.43798065185547,76.2975096811392,77.43798065185547,41000000,0.0,0.0
2009-05-29 00:00:00+09:00,77.43796703500226,78.57843780517578,77.43796703500226,78.57843780517578,49950000,0.0,0.0
2009-06-01 00:00:00+09:00,80.4998863879982,81.54367065429688,80.4998863879982,81.54367065429688,99220000,0.0,0.0
2009-06-02 00:00:00+09:00,81.54365224703895,81.54365224703895,81.20150756835938,81.20150756835938,83305000,0.0,0.0
2009-06-03 00:00:00+09:00,81.20151749846008,81.20151749846008,80.97342681884766,80.97342681884766,66175000,0.0,0.0
2009-06-04 00:00:00+09:00,80.97343369071365,80.97343369071365,80.4031982421875,80.4031982421875,74215000,0.0,0.0
2009-06-05 00:00:00+09:00,80.64922535309839,82.11389923095703,80.64922535309839,82.11389923095703,54665000,0.0,0.0
2009-06-08 00:00:00+09:00,82.34200757686716,82.34200757686716,81.88582611083983,81.88582611083984,54390000,0.0,0.0
2009-06-09 00:00:00+09:00,81.88580528620929,81.88580528620929,79.83295440673828,79.83295440673828,63480000,0.0,0.0
2009-06-10 00:00:00+09:00,80.17509568561961,82.68412780761719,80.17509568561961,82.68412780761719,82455000,0.0,0.0
2009-06-11 00:00:00+09:00,83.36841049490029,84.16674524448838,82.91222045243586,83.14031982421875,79425000,0.0,0.0
2009-06-12 00:00:00+09:00,83.93864638055675,84.85102647100575,83.82460104452598,84.39483642578125,85585000,0.0,0.0
2009-06-15 00:00:00+09:00,83.93864356525458,83.93864356525458,83.02627220650791,83.368408203125,44025000,0.0,0.0
2009-06-16 00:00:00+09:00,79.49082035649822,79.49082035649822,78.2363040734672,78.35034942626953,86600000,0.0,0.0
2009-06-17 00:00:00+09:00,77.78012270262909,78.46441229855368,77.43798660577043,78.23631286621094,65605000,0.0,0.0
2009-06-18 00:00:00+09:00,74.58680152010442,75.0429916381836,74.24465675626934,75.0429916381836,82535000,0.0,0.0
2009-06-19 00:00:00+09:00,76.41156532249293,76.86775551240028,75.84132976038477,76.63965606689453,58720000,0.0,0.0
2009-06-22 00:00:00+09:00,75.38511543091997,76.29749551857552,74.58678938004738,75.49916076660156,59640000,0.0,0.0
2009-06-23 00:00:00+09:00,72.64800907493836,72.76205444335938,72.19181890015037,72.76205444335938,58400000,0.0,0.0
2009-06-24 00:00:00+09:00,73.44634010907274,74.24466639350999,73.21824066987358,73.67443084716797,73510000,0.0,0.0
2009-06-25 00:00:00+09:00,74.92892318922888,76.98177397568766,74.13059716177331,75.61321258544922,67785000,0.0,0.0
2009-06-26 00:00:00+09:00,77.32392953730658,77.89416498020383,75.49916915915354,76.06940460205078,74520000,0.0,0.0
2009-06-29 00:00:00+09:00,76.0693832480769,76.52557321455485,73.78844211678705,74.58677673339844,57040000,0.0,0.0
2009-06-30 00:00:00+09:00,76.29751995029213,77.09584625680188,75.84132976038477,76.63965606689453,47795000,0.0,0.0
2009-07-01 00:00:00+09:00,77.78010000314323,77.78010000314323,75.3851132196754,75.61321258544922,60085000,0.0,0.0
2009-07-02 00:00:00+09:00,76.52562076452416,76.52562076452416,74.92895924029948,75.15705871582031,34255000,0.0,0.0
2009-07-03 00:00:00+09:00,72.87609023276103,74.35869714105593,72.53394549179178,74.2446517944336,36000000,0.0,0.0
2009-07-06 00:00:00+09:00,73.10419354604039,73.21823891235049,70.82325141542383,71.62158203125,55765000,0.0,0.0
2009-07-07 00:00:00+09:00,71.73562336535385,72.3058588313724,69.79682191078052,71.05133819580078,60920000,0.0,0.0
2009-07-08 00:00:00+09:00,68.77040890466985,69.4546941993273,67.85803286234538,68.42826843261719,98020000,0.0,0.0
2009-07-09 00:00:00+09:00,67.74396416029768,69.68276095113883,66.60349341248492,67.515869140625,57825000,0.0,0.0
2009-07-10 00:00:00+09:00,68.65633771498747,69.34061840179263,67.17372665987597,67.40181732177734,62095000,0.0,0.0
2009-07-13 00:00:00+09:00,67.17372810493795,69.22657456006539,66.6034927368164,66.6034927368164,39075000,0.0,0.0
2009-07-14 00:00:00+09:00,68.88444498390469,70.13896124977776,68.2001598247956,69.2265853881836,50845000,0.0,0.0
2009-07-15 00:00:00+09:00,70.36706191521402,70.82324770712034,68.99849583839179,69.11254119873047,49655000,0.0,0.0
2009-07-16 00:00:00+09:00,72.53395707347909,73.33229202951216,71.27944065811695,71.39348602294922,65835000,0.0,0.0
2009-07-17 00:00:00+09:00,72.64800907493836,73.21824026759543,72.19181890015037,72.76205444335938,44920000,0.0,0.0
2009-07-21 00:00:00+09:00,76.52559967735259,76.86774444580078,76.1834636100073,76.86774444580078,68135000,0.0,0.0
2009-07-22 00:00:00+09:00,76.52561069469373,78.2363173810182,75.84132976038477,76.63965606689453,50280000,0.0,0.0
2009-07-23 00:00:00+09:00,76.75371014019949,77.55203644670924,75.72728438818397,76.63965606689453,45245000,0.0,0.0
2009-07-24 00:00:00+09:00,78.46440581706298,78.92058724185866,77.66607092146465,78.12226104736328,55730000,0.0,0.0
2009-07-27 00:00:00+09:00,79.60486979575734,79.94700583433091,78.1222541919653,78.69248962402344,36245000,0.0,0.0
2009-07-28 00:00:00+09:00,79.49080969312594,79.9469997442419,78.1222482408796,79.83295440673828,34835000,0.0,0.0
2009-07-29 00:00:00+09:00,78.35031658584597,79.4907870380481,78.00818067084475,79.14865112304688,32030000,0.0,0.0
2009-07-30 00:00:00+09:00,79.37677736775728,79.37677736775728,76.52559995726956,78.12226104736328,43910000,0.0,0.0
2009-07-31 00:00:00+09:00,79.94702629823385,80.85940670350818,79.03465459406391,80.745361328125,60560000,0.0,0.0
2009-08-03 00:00:00+09:00,76.7536967677136,78.46440315598863,76.63964271427983,77.09583282470703,99890000,0.0,0.0
2009-08-04 00:00:00+09:00,78.12224043248277,79.14866576962602,77.89414978027344,77.89414978027344,73360000,0.0,0.0
2009-08-05 00:00:00+09:00,78.69250022481512,79.14869037213617,75.61323195732892,75.95536804199219,88345000,0.0,0.0
2009-08-06 00:00:00+09:00,76.18346746620439,76.86774833663428,75.61323195732892,75.95536804199219,48005000,0.0,0.0
2009-08-07 00:00:00+09:00,76.2974853515625,76.41153067204701,75.04296942403252,76.2974853515625,42965000,0.0,0.0
2009-08-10 00:00:00+09:00,78.46438849129017,78.57843382230666,77.43796310993966,77.66605377197266,41880000,0.0,0.0
2009-08-11 00:00:00+09:00,77.55201721191406,78.00820728867512,76.75369110340868,77.55201721191406,30490000,0.0,0.0
2009-08-12 00:00:00+09:00,76.98176597556974,77.32391063812348,76.18344003107799,76.2974853515625,31770000,0.0,0.0
2009-08-13 00:00:00+09:00,77.09584465104199,77.66608020127322,76.6396544706362,77.32394409179688,31075000,0.0,0.0
2009-08-14 00:00:00+09:00,77.78009965310198,79.37676040192864,77.55200898945577,78.92057037353516,51650000,0.0,0.0
2009-08-17 00:00:00+09:00,77.7801109307425,77.89416498020383,75.9553592536918,76.06940460205078,52015000,0.0,0.0
2009-08-18 00:00:00+09:00,74.13058656634706,75.38510244494219,74.13058656634706,75.27105712890625,59685000,0.0,0.0
2009-08-19 00:00:00+09:00,75.61322205720835,75.84131275045304,74.2446517944336,74.2446517944336,34990000,0.0,0.0
2009-08-20 00:00:00+09:00,75.61321030655715,76.29749098105297,74.70083027316215,75.84130096435547,32675000,0.0,0.0
2009-08-21 00:00:00+09:00,76.18345709964233,76.29750244567818,73.90251537451653,74.9289321899414,38000000,0.0,0.0
2009-08-24 00:00:00+09:00,76.5255704133302,77.09580567527917,76.29747978899046,76.75366973876953,33115000,0.0,0.0
2009-08-25 00:00:00+09:00,76.52560910081075,77.66608020127322,76.29751836115986,77.32394409179688,38265000,0.0,0.0
2009-08-26 00:00:00+09:00,77.89415313510666,78.12224379713966,76.75368242273967,77.66605377197266,39260000,0.0,0.0
2009-08-27 00:00:00+09:00,76.75367234067313,76.75367234067313,74.244631882383,75.27105712890625,71965000,0.0,0.0
2009-08-28 00:00:00+09:00,75.84132197903959,75.9553673395393,74.81489633233569,75.3851318359375,28175000,0.0,0.0
2009-08-31 00:00:00+09:00,76.06938304225773,77.09580828878097,74.8148671636626,75.27105712890625,36265000,0.0,0.0
2009-09-02 00:00:00+09:00,73.21823471211579,73.56037949252229,72.76204892249312,72.8760986328125,40645000,0.0,0.0
2009-09-03 00:00:00+09:00,73.33227505443406,74.70083651783156,72.9901303380339,74.01655578613281,57965000,0.0,0.0
2009-09-04 00:00:00+09:00,74.70085002100744,74.81489538005553,73.44633366927222,73.56037902832031,36560000,0.0,0.0
2009-09-07 00:00:00+09:00,74.70083471572897,75.49916076660156,74.47274404436578,75.49916076660156,30350000,0.0,0.0
2009-09-08 00:00:00+09:00,75.61320177811395,75.7272470941499,75.04296649683435,75.27105712890625,20530000,0.0,0.0
2009-09-09 00:00:00+09:00,75.72725791778556,76.06939391479462,74.70083252455618,75.61321258544922,41735000,0.0,0.0
2009-09-10 00:00:00+09:00,75.72725875600784,76.52558479230005,75.4991593877092,76.1834487915039,37010000,0.0,0.0
2009-09-11 00:00:00+09:00,76.5256028431411,76.6396482036408,75.15704111493808,75.3851318359375,47610000,0.0,0.0
2009-09-14 00:00:00+09:00,74.81486736608747,74.92891268243199,74.01654145057597,74.58677673339844,25140000,0.0,0.0
2009-09-15 00:00:00+09:00,74.70084188202517,74.92893257526987,73.90251575456655,74.2446517944336,25015000,0.0,0.0
2009-09-16 00:00:00+09:00,74.58681000939997,75.61323571662777,73.33229356772321,73.7884750366211,45735000,0.0,0.0
2009-09-17 00:00:00+09:00,74.81489222859261,75.49917305515997,74.58680152010442,75.0429916381836,33410000,0.0,0.0
2009-09-18 00:00:00+09:00,74.70084188202517,75.27107731623911,74.13060644781125,74.2446517944336,37125000,0.0,0.0
2009-09-21 00:00:00+09:00,74.2446517944336,74.2446517944336,74.2446517944336,74.2446517944336,0,0.0,0.0
2009-09-24 00:00:00+09:00,74.58677855205468,75.72724914550781,74.24463389357871,75.72724914550781,32455000,0.0,0.0
2009-09-25 00:00:00+09:00,73.93935099372057,74.28540452681173,71.51700266360314,71.7477035522461,72325000,1.5,0.0
2009-09-28 00:00:00+09:00,69.78672928383044,69.90207748948804,67.71043078022969,67.94113159179688,62100000,0.0,0.0
2009-09-29 00:00:00+09:00,68.97928559521209,69.32533464731175,68.17183487347793,68.86393737792969,61105000,0.0,0.0
2009-09-30 00:00:00+09:00,68.40254650425955,68.63324737548828,67.9411491620552,68.63324737548828,47685000,0.0,0.0
2009-10-01 00:00:00+09:00,68.74859619140625,69.7867479205739,68.40254708176809,68.74859619140625,35745000,0.0,0.0
2009-10-02 00:00:00+09:00,67.36438176300489,67.94113159179688,66.55693112264571,67.94113159179688,50230000,0.0,0.0
2009-10-05 00:00:00+09:00,67.47975144683879,67.59509968921067,65.86484965211224,66.09555053710938,38715000,0.0,0.0
2009-10-06 00:00:00+09:00,66.9030118476499,67.82581113101494,66.44161000584035,67.13371276855469,31675000,0.0,0.0
2009-10-07 00:00:00+09:00,68.74859296090634,69.44069554791389,68.51789649882345,68.97929382324219,52665000,0.0,0.0
2009-10-08 00:00:00+09:00,68.86394096202945,70.70953893611876,67.94114197498477,70.01744079589844,53805000,0.0,0.0
2009-10-09 00:00:00+09:00,70.47883273498294,72.4397831836364,70.01743547663952,71.97838592529297,63010000,0.0,0.0
2009-10-13 00:00:00+09:00,73.13189730156505,73.13189730156505,71.74769650590314,71.86304473876953,29370000,0.0,0.0
2009-10-14 00:00:00+09:00,72.55514046125306,72.55514046125306,70.13278819832854,70.94023895263672,45550000,0.0,0.0
2009-10-15 00:00:00+09:00,71.7477035522461,72.32445357372677,71.28630177496018,71.7477035522461,61275000,0.0,0.0
2009-10-16 00:00:00+09:00,72.55514943818322,72.78584591059781,70.82489949355488,71.40164947509766,41090000,0.0,0.0
2009-10-19 00:00:00+09:00,70.59418929452941,71.17093919987647,68.97928779945664,70.82489013671875,40230000,0.0,0.0
2009-10-20 00:00:00+09:00,72.43978723153894,72.5551398527599,70.59418929452941,70.82489013671875,63440000,0.0,0.0
2009-10-21 00:00:00+09:00,70.13278819832854,71.51698886282075,69.9020873542044,70.94023895263672,57350000,0.0,0.0
2009-10-22 00:00:00+09:00,70.59419396501958,70.82489482247202,68.86394413450564,69.7867431640625,66845000,0.0,0.0
2009-10-23 00:00:00+09:00,69.9020967309217,70.24815024365408,68.7485967558223,69.09465026855469,49260000,0.0,0.0
2009-10-26 00:00:00+09:00,69.20998430925276,71.17093474473205,68.86393526775696,70.59418487548828,47025000,0.0,0.0
2009-10-27 00:00:00+09:00,69.55604704739741,70.0174487937504,68.17184620859159,68.74859619140625,44950000,0.0,0.0
2009-10-28 00:00:00+09:00,68.40253570829518,69.4406872648466,68.17183487347793,68.86393737792969,49520000,0.0,0.0
2009-10-29 00:00:00+09:00,67.13370345227392,67.36440434116386,65.74950251918769,66.55695343017578,81830000,0.0,0.0
2009-10-30 00:00:00+09:00,67.59508955486466,68.74858940665588,65.86483977717782,67.82579040527344,87285000,0.0,0.0
2009-11-02 00:00:00+09:00,64.82669126695231,65.05739211279251,64.36528957527187,64.9420394897461,65990000,0.0,0.0
2009-11-04 00:00:00+09:00,64.82669796274912,66.2108987805086,64.24994798870377,65.8648452758789,63270000,0.0,0.0
2009-11-05 00:00:00+09:00,65.63414994815324,66.67229727934135,65.28809643750402,66.32624816894531,37450000,0.0,0.0
2009-11-06 00:00:00+09:00,67.24904457774376,67.36439721010447,66.4415937522308,66.67229461669922,30760000,0.0,0.0
2009-11-09 00:00:00+09:00,66.5569361771366,68.2871857949118,66.21088713363203,67.0183334350586,57575000,0.0,0.0
2009-11-10 00:00:00+09:00,68.28717800019378,70.70952542847652,68.1718253986911,69.32532501220703,66560000,0.0,0.0
2009-11-11 00:00:00+09:00,69.09464239271342,70.82489215813777,68.63324069516585,70.1327896118164,70490000,0.0,0.0
2009-11-12 00:00:00+09:00,70.36349398867281,71.63234212017066,70.36349398867281,71.28629302978516,52440000,0.0,0.0
2009-11-13 00:00:00+09:00,71.40165441940839,71.97840444088905,70.82490439792771,71.7477035522461,81480000,0.0,0.0
2009-11-16 00:00:00+09:00,71.51698886282075,72.43978783906469,70.94023895263672,70.94023895263672,34505000,0.0,0.0
2009-11-17 00:00:00+09:00,71.17092897073897,71.86302699758168,69.6713803124118,69.9020767211914,41940000,0.0,0.0
2009-11-18 00:00:00+09:00,69.67139172578827,70.24814164272277,68.97928918531528,70.01744079589844,43835000,0.0,0.0
2009-11-19 00:00:00+09:00,70.13279165890702,70.59419336992235,69.2099926371292,69.67139434814453,40100000,0.0,0.0
2009-11-20 00:00:00+09:00,68.51791270770597,69.90210940866649,68.28721179079454,69.44071197509766,47870000,0.0,0.0
2009-11-24 00:00:00+09:00,70.13278901918427,71.40164147659176,69.7867399490741,70.01744079589844,53710000,0.0,0.0
2009-11-25 00:00:00+09:00,70.01743500624451,70.59418487548828,69.20998430925276,70.59418487548828,30935000,0.0,0.0
2009-11-26 00:00:00+09:00,70.01744079589844,70.82489155965726,69.7867399490741,70.01744079589844,28540000,0.0,0.0
2009-11-27 00:00:00+09:00,68.40253400932922,68.63323483841639,66.78763700622376,67.0183334350586,70635000,0.0,0.0
2009-11-30 00:00:00+09:00,67.71045149744302,68.86395150796078,67.59509885623925,68.40254974365234,42730000,0.0,0.0
2009-12-01 00:00:00+09:00,67.71045481448081,69.67140580847584,66.90300388751186,69.5560531616211,49805000,0.0,0.0
2009-12-02 00:00:00+09:00,68.6332518821365,70.36350192958533,68.6332518821365,70.24815368652344,37570000,0.0,0.0
2009-12-03 00:00:00+09:00,71.40165933886587,73.59330693134127,71.05560578193217,73.47795867919922,61795000,0.0,0.0
2009-12-04 00:00:00+09:00,74.63143160649362,75.90028839402834,73.93933350452323,74.86213684082031,74645000,0.0,0.0
2009-12-07 00:00:00+09:00,75.5542309465443,77.05378408858586,75.43888273573441,75.78492736816406,40575000,0.0,0.0
2009-12-08 00:00:00+09:00,74.63142646362166,76.13097958164362,73.47793117324282,75.55422973632812,56370000,0.0,0.0
2009-12-09 00:00:00+09:00,73.82399865380397,74.28540040549153,73.36259690211641,74.05469512939453,49740000,0.0,0.0
2009-12-10 00:00:00+09:00,73.36260823285787,74.2854118787586,72.20910807573587,72.78585815429688,37585000,0.0,0.0
2009-12-11 00:00:00+09:00,72.67050771344353,73.9393560880212,72.3244585567636,73.47795867919922,87950000,0.0,0.0
2009-12-14 00:00:00+09:00,73.82399164244185,74.74679505817461,73.59329078850867,74.40074157714844,46835000,0.0,0.0
2009-12-15 00:00:00+09:00,74.28540040549153,74.74680215717909,73.93934689159926,74.05469512939453,35135000,0.0,0.0
2009-12-16 00:00:00+09:00,74.51608980398862,74.86214328501481,73.59329078850867,74.40074157714844,42405000,0.0,0.0
2009-12-17 00:00:00+09:00,74.74676613096823,77.74586287068253,74.74676613096823,77.16911315917969,98830000,0.0,0.0
2009-12-18 00:00:00+09:00,76.01563137268136,76.70772942695909,75.0928280999749,75.55422973632812,52295000,0.0,0.0
2009-12-21 00:00:00+09:00,75.90027487699344,76.1309712697307,75.20816809777509,75.43887329101562,17445000,0.0,0.0
2009-12-22 00:00:00+09:00,76.24633026123047,76.4770354871348,75.90028562313077,76.24633026123047,21850000,0.0,0.0
2009-12-24 00:00:00+09:00,78.09193717811357,79.82218697202012,78.09193717811357,79.36079406738281,73295000,0.0,0.0
2009-12-25 00:00:00+09:00,79.47613928426033,79.47613928426033,78.32263946533203,78.32263946533203,18635000,0.0,0.0
2009-12-28 00:00:00+09:00,79.36077941964238,80.16822565423163,79.1300742093998,79.47612762451172,22835000,0.0,0.0
2009-12-29 00:00:00+09:00,79.4761493658302,79.82219407510142,79.0147476196289,79.0147476196289,26955000,0.0,0.0
2009-12-30 00:00:00+09:00,79.36079286052798,79.7068375337436,78.66868591308594,78.66868591308594,27865000,0.0,0.0
2010-01-04 00:00:00+09:00,79.70682591023942,80.51428096433695,79.36078128748687,80.0528793334961,21185000,0.0,0.0
2010-01-05 00:00:00+09:00,82.3599008675265,83.16734733857317,81.66780263512842,82.01384735107422,60000000,0.0,0.0
2010-01-06 00:00:00+09:00,82.01384735107422,82.01384735107422,82.01384735107422,82.01384735107422,49870000,0.0,0.0
2010-01-07 00:00:00+09:00,83.85944365325338,85.2436488869017,83.62874718123182,84.09014892578125,68530000,0.0,0.0
2010-01-08 00:00:00+09:00,85.82038236871594,86.51248045223288,85.12828428519899,86.05107879638672,74685000,0.0,0.0
2010-01-12 00:00:00+09:00,86.85852299145783,89.97296837660028,86.74316599159785,89.62691497802734,95170000,0.0,0.0
2010-01-13 00:00:00+09:00,88.70415439566965,90.08835091659411,88.24275262185921,88.58880615234375,85810000,0.0,0.0
2010-01-14 00:00:00+09:00,89.97299991488102,92.74140167236328,89.28090167563708,92.74140167236328,83725000,0.0,0.0
2010-01-15 00:00:00+09:00,92.85673522949219,93.77953860290661,91.58788719142625,92.85673522949219,80910000,0.0,0.0
2010-01-18 00:00:00+09:00,91.35717468068395,92.62603141832207,90.2036749559253,90.54972839355469,67370000,0.0,0.0
2010-01-19 00:00:00+09:00,90.31902374636826,91.5878715679889,89.74227393649491,90.43437194824219,54990000,0.0,0.0
2010-01-20 00:00:00+09:00,91.35718528435874,91.70323876215397,88.58879266401887,88.9348373413086,74365000,0.0,0.0
2010-01-21 00:00:00+09:00,87.08926710739634,88.70416918472125,86.7432135192166,88.24276733398438,90995000,0.0,0.0
2010-01-22 00:00:00+09:00,86.3971175424486,86.51246573666353,84.78221642193026,86.16641235351562,55350000,0.0,0.0
2010-01-25 00:00:00+09:00,84.43620094757061,87.08925460815429,84.32085270156851,86.51250457763672,41715000,0.0,0.0
2010-01-26 00:00:00+09:00,86.28180238975975,88.01205236709043,84.43619537353516,84.43619537353516,62675000,0.0,0.0
2010-01-27 00:00:00+09:00,84.89757430437332,85.24362772701168,82.12917332477878,82.35987854003906,66700000,0.0,0.0
2010-01-28 00:00:00+09:00,83.51338838051662,83.85943304477324,81.89848687913683,83.05198669433594,58235000,0.0,0.0
2010-01-29 00:00:00+09:00,82.47524735724465,82.8213008663587,80.74499741268708,81.66780090332031,66105000,0.0,0.0
2010-02-01 00:00:00+09:00,81.09102889419415,81.09102889419415,78.66867258941855,79.47612762451172,63485000,0.0,0.0
2010-02-02 00:00:00+09:00,80.62962027318106,83.39802095218575,80.39891508297049,81.89846801757812,104870000,0.0,0.0
2010-02-03 00:00:00+09:00,83.052001379021,83.62875138859752,82.12919784349585,82.93665313720703,69060000,0.0,0.0
2010-02-04 00:00:00+09:00,82.47521255732703,82.70590893239124,79.59146386651139,80.51426696777344,64745000,0.0,0.0
2010-02-05 00:00:00+09:00,77.745875687657,79.59147330862587,77.51517048472112,78.78402709960938,52915000,0.0,0.0
2010-02-08 00:00:00+09:00,77.74588318093393,79.82217740445171,77.5151779557623,78.55332946777344,42215000,0.0,0.0
2010-02-09 00:00:00+09:00,78.66868011266939,80.05288510498758,78.20728724906809,79.24542999267578,51770000,0.0,0.0
2010-02-10 00:00:00+09:00,80.28357843650413,81.0910335176347,78.20728422896354,78.43798065185547,54910000,0.0,0.0
2010-02-12 00:00:00+09:00,80.86032603923606,82.70592377241537,80.62962962277771,82.47522735595703,73500000,0.0,0.0
2010-02-15 00:00:00+09:00,81.89847895635125,82.35988059789635,80.51428283222029,80.62963104248047,43600000,0.0,0.0
2010-02-16 00:00:00+09:00,80.86033690914833,81.66779207630567,80.39893521370203,81.20639038085938,30085000,0.0,0.0
2010-02-17 00:00:00+09:00,82.9366414303937,84.66689121489216,82.47523972775969,83.85943603515625,65305000,0.0,0.0
2010-02-18 00:00:00+09:00,84.55154833007222,84.78224479570845,83.05199490191849,83.3980484008789,39080000,0.0,0.0
2010-02-19 00:00:00+09:00,83.74409377951083,83.74409377951083,80.62964746559548,80.86034393310547,53580000,0.0,0.0
2010-02-22 00:00:00+09:00,82.93664896466082,84.20549716179204,82.82130072865003,84.09014892578125,45665000,0.0,0.0
2010-02-23 00:00:00+09:00,83.28269194904377,83.85944191766735,82.47524551317319,83.51339721679688,42870000,0.0,0.0
2010-02-24 00:00:00+09:00,82.35989496988662,82.9366449223361,81.89849324782587,82.59059143066406,53065000,0.0,0.0
2010-02-25 00:00:00+09:00,83.05198896692154,83.28268541607194,81.09104274762696,81.32173919677734,54210000,0.0,0.0
2010-02-26 00:00:00+09:00,81.55243975615383,82.70593966105278,81.55243975615383,82.59059143066406,48410000,0.0,0.0
2010-03-01 00:00:00+09:00,82.59058500815526,83.51338838051662,82.01383510055571,83.05198669433594,45770000,0.0,0.0
2010-03-02 00:00:00+09:00,82.93663332177294,84.09013306532889,82.82128510751828,83.97478485107422,47760000,0.0,0.0
2010-03-03 00:00:00+09:00,84.09012791016185,84.78222595376525,83.74407448810811,84.66687774658203,58500000,0.0,0.0
2010-03-04 00:00:00+09:00,84.6668900194626,85.58968461119602,83.5133901794168,83.62873840332031,61105000,0.0,0.0
2010-03-05 00:00:00+09:00,84.89756965221761,85.93572106274071,84.89756965221761,85.47431945800781,36220000,0.0,0.0
2010-03-08 00:00:00+09:00,87.55066895813322,88.35811559654151,87.43532069557608,88.24276733398438,69300000,0.0,0.0
2010-03-09 00:00:00+09:00,87.66598451102267,88.47343084815903,87.43528807198516,87.5506362915039,37035000,0.0,0.0
2010-03-10 00:00:00+09:00,87.55062991022575,88.35807618851,87.55062991022575,88.01203155517578,33390000,0.0,0.0
2010-03-11 00:00:00+09:00,89.74228787438747,90.54973421341334,88.70413629527918,89.97298431396484,50260000,0.0,0.0
2010-03-12 00:00:00+09:00,90.89579359076677,91.01114181806484,89.396240234375,89.396240234375,61675000,0.0,0.0
2010-03-15 00:00:00+09:00,90.08834723405757,90.20369547266839,88.93484724693646,89.85765075683594,28140000,0.0,0.0
2010-03-16 00:00:00+09:00,89.05017425568283,89.39622768952145,88.01203155517578,88.01203155517578,37680000,0.0,0.0
2010-03-17 00:00:00+09:00,88.24273859990107,89.28089022588335,88.01204214990744,88.81948852539062,34540000,0.0,0.0
2010-03-18 00:00:00+09:00,89.05020251769614,90.43440789185381,88.93485426997646,89.51160430908203,39420000,0.0,0.0
2010-03-19 00:00:00+09:00,90.31904018525061,91.01113832296602,89.8576384932719,90.89579010009766,37610000,0.0,0.0
2010-03-23 00:00:00+09:00,92.16465167290892,92.85674991215284,91.81859815303366,92.74140167236328,58225000,0.0,0.0
2010-03-24 00:00:00+09:00,93.08741318639652,94.12556457519531,92.74136859046587,94.12556457519531,76225000,0.0,0.0
2010-03-25 00:00:00+09:00,94.58700222439236,94.58700222439236,93.08744866892489,93.43350219726562,78495000,0.0,0.0
2010-03-26 00:00:00+09:00,94.35627558608954,94.35627558608954,93.31812413333226,93.77952575683594,33780000,0.0,0.0
2010-03-29 00:00:00+09:00,93.13920386043594,94.41986613702761,93.13920386043594,94.3034439086914,28270000,1.5,0.0
2010-03-30 00:00:00+09:00,94.7691234358335,95.23482114185245,94.41984793570806,94.53627014160156,68840000,0.0,0.0
2010-03-31 00:00:00+09:00,94.07058757985828,95.58409412211057,93.60488984284007,95.35124969482422,56205000,0.0,0.0
2010-04-01 00:00:00+09:00,96.39908113814812,97.7961656661139,96.2826500254453,96.981201171875,47680500,0.0,0.0
2010-04-02 00:00:00+09:00,97.79616590389296,98.37828593903518,97.21404586875074,98.2618637084961,27874000,0.0,0.0
2010-04-05 00:00:00+09:00,99.6589503780714,100.00822595962927,98.96040809740266,99.19325256347656,25493000,0.0,0.0
2010-04-06 00:00:00+09:00,100.00821366549282,100.12463588421784,97.67973376120868,98.14543151855469,43226500,0.0,0.0
2010-04-07 00:00:00+09:00,98.96042402400528,100.70678444795831,98.61114838623529,100.12466430664062,65354500,0.0,0.0
2010-04-08 00:00:00+09:00,99.42610123507158,100.70676350313074,98.72755898726173,98.96040344238281,36276500,0.0,0.0
2010-04-09 00:00:00+09:00,98.72755323457055,99.54251766245432,98.14543324824041,98.61112213134766,44997000,0.0,0.0
2010-04-12 00:00:00+09:00,100.35748977669529,103.38452104340853,99.89180085792103,102.9188232421875,66529000,0.0,0.0
2010-04-13 00:00:00+09:00,102.45313072150567,103.03525078242332,101.87101066058803,102.80240631103516,53055500,0.0,0.0
2010-04-14 00:00:00+09:00,102.80237759356216,104.31588399968716,102.45310210160153,103.26806640625,56783000,0.0,0.0
2010-04-15 00:00:00+09:00,104.19948601795535,105.82942388858032,103.7337882145701,105.48014831542969,66988000,0.0,0.0
2010-04-16 00:00:00+09:00,105.48015661074948,105.71300997197788,104.19949421255947,105.13088989257812,53852500,0.0,0.0
2010-04-19 00:00:00+09:00,102.45312474621727,102.91882254428033,100.93960912312401,101.1724624633789,60828000,0.0,0.0
2010-04-20 00:00:00+09:00,102.336714718863,102.336714718863,98.61114077260716,98.843994140625,71110000,0.0,0.0
2010-04-21 00:00:00+09:00,100.35749308932994,100.7067686723864,98.84398628846172,99.65895080566406,55467000,0.0,0.0
2010-04-22 00:00:00+09:00,97.44689009289904,97.67974343585787,96.1662277951893,96.981201171875,69101000,0.0,0.0
2010-04-23 00:00:00+09:00,96.63188646873645,98.37824586274976,96.28261103695651,96.86473083496094,57288000,0.0,0.0
2010-04-26 00:00:00+09:00,97.33047018754428,99.4261059119975,96.98120348843342,99.19325256347656,51411500,0.0,0.0
2010-04-27 00:00:00+09:00,98.14545598201515,98.49472272524747,97.21406023516604,97.33048248291016,43621000,0.0,0.0
2010-04-28 00:00:00+09:00,94.30344416523688,96.16622647102383,94.30344416523688,95.5841064453125,51833500,0.0,0.0
2010-04-30 00:00:00+09:00,97.33046113472076,97.56331446158372,95.11840338297675,95.70052337646484,40930500,0.0,0.0
2010-05-06 00:00:00+09:00,90.8107200140561,91.27641779061744,90.228600013966,90.69429779052734,73999500,0.0,0.0
2010-05-07 00:00:00+09:00,86.27020216789752,92.44067914739848,86.27020216789752,92.32425689697266,99986000,0.0,0.0
2010-05-10 00:00:00+09:00,91.39282806927721,93.48846334868456,90.92713035358169,91.74210357666016,63257500,0.0,0.0
2010-05-11 00:00:00+09:00,93.02279383661893,93.7213361807311,90.69431343461319,91.1600112915039,53461000,0.0,0.0
2010-05-12 00:00:00+09:00,91.97495369301879,93.37203804423827,91.62567816399108,92.9063491821289,41419000,0.0,0.0
2010-05-13 00:00:00+09:00,94.65272456817453,95.11841350657204,94.07060451273053,95.00199127197266,31067500,0.0,0.0
2010-05-14 00:00:00+09:00,93.13921856256336,94.3034587945954,91.62570270794248,93.83776092529297,55746500,0.0,0.0
2010-05-17 00:00:00+09:00,92.67349873321723,93.02277427304124,89.29720108388697,90.46144104003906,77559500,0.0,0.0
2010-05-18 00:00:00+09:00,90.57788210345805,90.92714879924881,87.66728189296707,88.48224639892578,66168500,0.0,0.0
2010-05-19 00:00:00+09:00,86.96873595346251,88.71509618451556,86.38661587644484,88.36582946777344,43523500,0.0,0.0
2010-05-20 00:00:00+09:00,87.43442490257503,89.18078495608498,86.73588265766037,86.9687271118164,33910500,0.0,0.0
2010-05-21 00:00:00+09:00,83.47598781857018,86.15374283813878,83.24314341793139,85.9208984375,60803000,0.0,0.0
2010-05-24 00:00:00+09:00,85.10596236123685,86.38662488777726,84.64026447455441,86.27020263671875,48854000,0.0,0.0
2010-05-25 00:00:00+09:00,85.1059515534133,85.57164938095558,83.24316912569148,83.94171142578125,54052500,0.0,0.0
2010-05-26 00:00:00+09:00,84.52384487563401,85.80450744235827,81.72966635031375,84.29100036621094,104549000,0.0,0.0
2010-05-27 00:00:00+09:00,83.82527568680553,87.55083994212966,83.35957793427855,87.43441772460938,77635500,0.0,0.0
2010-05-28 00:00:00+09:00,89.53006726648476,89.53006726648476,86.73588919381861,88.24940490722656,60405000,0.0,0.0
2010-05-31 00:00:00+09:00,87.90013885498048,88.71510347681559,86.27020072886206,87.90013885498047,70693500,0.0,0.0
2010-06-01 00:00:00+09:00,87.66728659746008,87.7837088356379,86.15377085380614,86.61946868896484,34094000,0.0,0.0
2010-06-02 00:00:00+09:00,84.98953234359185,86.96873707806633,83.47601657079542,83.70886993408203,83557000,0.0,0.0
2010-06-03 00:00:00+09:00,87.08519210750313,87.90015689661091,86.73591640791408,87.20161437988281,63408500,0.0,0.0
2010-06-04 00:00:00+09:00,87.43443149137335,88.71509385063156,87.3180092555221,88.24940490722656,50774500,0.0,0.0
2010-06-07 00:00:00+09:00,86.03734031511388,86.03734031511388,84.40740249053155,84.87310028076172,43439000,0.0,0.0
2010-06-08 00:00:00+09:00,83.70885040658317,85.33878803956922,83.4759970976163,84.75666809082031,47551000,0.0,0.0
2010-06-09 00:00:00+09:00,83.70887147306895,84.29099156831637,82.5446312825741,82.8938980102539,43143500,0.0,0.0
2010-06-10 00:00:00+09:00,84.2909679602899,85.68805224461236,82.5446081636642,85.45520782470703,49877000,0.0,0.0
2010-06-11 00:00:00+09:00,88.01652355486185,88.132945753679,85.45519965110718,85.8044662475586,70104000,0.0,0.0
2010-06-14 00:00:00+09:00,87.55085289233364,87.66728400952182,86.50304389721714,87.31800842285156,23132000,0.0,0.0
2010-06-15 00:00:00+09:00,86.61947827234266,86.73590052340118,85.57166024791928,86.27020263671875,26279500,0.0,0.0
2010-06-16 00:00:00+09:00,87.90014480057278,90.34504771390027,87.90014480057278,89.99578094482422,56936000,0.0,0.0
2010-06-17 00:00:00+09:00,89.64644384403613,90.92710555103382,89.41359949092481,89.53002166748047,38628500,0.0,0.0
2010-06-18 00:00:00+09:00,89.53002166748047,90.57783902136684,88.94790190225946,89.53002166748047,28286500,0.0,0.0
2010-06-21 00:00:00+09:00,90.92712796998747,93.37202981024113,90.69428355946613,93.25560760498047,51325500,0.0,0.0
2010-06-22 00:00:00+09:00,91.97495653601516,92.67349873321723,90.46144104003906,90.46144104003906,49987500,0.0,0.0
2010-06-23 00:00:00+09:00,89.06437451298949,89.76291685032731,88.59867666061503,88.94795227050781,28449500,0.0,0.0
2010-06-24 00:00:00+09:00,90.34503432144577,91.16000776004512,89.41364752619327,89.64649200439453,32800500,0.0,0.0
2010-06-25 00:00:00+09:00,88.13298335194817,88.59868122833174,87.55086322708074,87.90013885498047,28313500,0.0,0.0
2010-06-28 00:00:00+09:00,87.90012785204414,87.90012785204414,85.33880317622167,85.57164764404297,46727000,0.0,0.0
2010-06-29 00:00:00+09:00,85.45522714468183,86.38661391731911,83.59244471696,83.94171142578125,45317000,0.0,0.0
2010-06-30 00:00:00+09:00,82.07892608642578,82.31177055071346,81.26396157897196,82.07892608642578,49325000,0.0,0.0
2010-07-01 00:00:00+09:00,81.03111993639328,82.07893794192883,80.09973306226587,80.56542205810547,53970500,0.0,0.0
2010-07-02 00:00:00+09:00,82.19533734298005,82.42819065862165,80.44897744667405,81.03109741210938,33093000,0.0,0.0
2010-07-05 00:00:00+09:00,81.496792286693,81.6132144991849,79.98327687696195,80.448974609375,42577000,0.0,0.0
2010-07-06 00:00:00+09:00,78.58621052333287,81.61323315218657,78.12051268448288,81.49681091308594,75263000,0.0,0.0
2010-07-07 00:00:00+09:00,81.613213164969,82.42818640397998,80.91467101899194,81.26394653320312,60887000,0.0,0.0
2010-07-08 00:00:00+09:00,83.24318199549015,83.94172440357796,82.07894168786092,82.54463958740234,49021000,0.0,0.0
2010-07-09 00:00:00+09:00,83.35956628637473,83.35956628637473,81.84605990520289,83.01029968261719,46139500,0.0,0.0
2010-07-12 00:00:00+09:00,83.01032952312963,84.87311206013574,83.01032952312963,83.3595962524414,27911500,0.0,0.0
2010-07-13 00:00:00+09:00,83.47600049536904,83.82527603181327,81.49679614204068,81.96249389648438,27626500,0.0,0.0
2010-07-14 00:00:00+09:00,83.8252891895075,83.94171142578125,83.35959136196523,83.94171142578125,27129500,0.0,0.0
2010-07-15 00:00:00+09:00,82.42820122983352,82.89389015594863,81.61322784423828,81.61322784423828,29567500,0.0,0.0
2010-07-16 00:00:00+09:00,81.38037305005875,82.19533744974852,79.98327980173173,80.21613311767578,30295000,0.0,0.0
2010-07-21 00:00:00+09:00,79.63403548596118,79.75045773536256,78.00409734699696,78.46979522705078,34565500,0.0,0.0
2010-07-22 00:00:00+09:00,77.65479623130045,78.58619168573921,76.72340965930705,77.88764953613281,46647000,0.0,0.0
2010-07-23 00:00:00+09:00,79.75044250488281,80.33256252316662,79.05190025943153,79.75044250488281,40310500,0.0,0.0
2010-07-26 00:00:00+09:00,80.33257322375303,80.79827107690203,79.51760864257812,79.51760864257812,24953000,0.0,0.0
2010-07-27 00:00:00+09:00,79.86684356494635,79.98326576125844,78.46975944431293,78.586181640625,32226500,0.0,0.0
2010-07-28 00:00:00+09:00,79.4011556340039,81.38036874379175,79.16831121282664,81.26394653320312,40431500,0.0,0.0
2010-07-29 00:00:00+09:00,80.33256828695926,80.79826611148904,79.86687046242947,80.09972381591797,27612500,0.0,0.0
2010-07-30 00:00:00+09:00,79.86687998476395,79.86687998476395,77.77125284819418,78.46979522705078,31912000,0.0,0.0
2010-08-02 00:00:00+09:00,78.93548854675382,80.44899546642834,78.58621293628015,79.51760864257812,42984000,0.0,0.0
2010-08-03 00:00:00+09:00,81.4968089342434,84.17456478077602,81.38038669796966,83.94171142578125,88970000,0.0,0.0
2010-08-04 00:00:00+09:00,82.77747424583076,84.17456777820767,82.77747424583076,83.70886993408203,65589500,0.0,0.0
2010-08-05 00:00:00+09:00,84.64026147468775,85.22238159179688,84.05814135757862,85.22238159179688,51764000,0.0,0.0
2010-08-06 00:00:00+09:00,84.40741468619862,86.153774990051,84.29099244243136,85.10595703125,33714500,0.0,0.0
2010-08-09 00:00:00+09:00,84.29100036621094,84.52384487563401,83.70888021020458,84.29100036621094,21444500,0.0,0.0
2010-08-10 00:00:00+09:00,84.29098701704977,84.98952931713956,83.47601359823898,83.94171142578125,30293000,0.0,0.0
2010-08-11 00:00:00+09:00,82.31175768779923,82.54461099814571,80.9146733555026,81.38037109375,35869000,0.0,0.0
2010-08-12 00:00:00+09:00,79.16831540204196,80.21613311767578,78.23691990315727,80.21613311767578,39491000,0.0,0.0
2010-08-13 00:00:00+09:00,80.09972274238395,80.44898944426484,78.93548263788678,79.98329162597656,42852000,0.0,0.0
2010-08-16 00:00:00+09:00,79.28472370094173,79.28472370094173,78.23690616924455,78.586181640625,36741500,0.0,0.0
2010-08-17 00:00:00+09:00,78.12053146825765,78.58622941908288,77.77126466697595,78.23695373535156,27566500,0.0,0.0
2010-08-18 00:00:00+09:00,79.634033203125,80.68185118259665,79.28475758248511,79.634033203125,45856000,0.0,0.0
2010-08-19 00:00:00+09:00,79.86687547172201,81.03111566484463,79.7504532288993,80.79827117919922,26210000,0.0,0.0
2010-08-20 00:00:00+09:00,79.63402027771535,80.21614029599917,79.28474471376644,79.75044250488281,27272500,0.0,0.0
2010-08-23 00:00:00+09:00,79.1683323622352,80.21615030234256,79.1683323622352,79.86687469482422,25352000,0.0,0.0
2010-08-24 00:00:00+09:00,78.81906233685447,79.51761360136408,78.46979558704797,78.93549346923828,25421500,0.0,0.0
2010-08-25 00:00:00+09:00,78.70263141279818,79.51760483742193,78.35336470148572,78.81905364990234,40308500,0.0,0.0
2010-08-26 00:00:00+09:00,79.75042906956062,79.75042906956062,78.81903364423736,79.40115356445312,35876500,0.0,0.0
2010-08-27 00:00:00+09:00,78.70261242416821,81.49678985275158,78.12049249664855,81.14751434326172,51541500,0.0,0.0
2010-08-30 00:00:00+09:00,82.31175760201272,83.35957529136593,81.61321543659243,82.1953353881836,50669500,0.0,0.0
2010-08-31 00:00:00+09:00,80.448994785723,80.56541702741322,79.75045245313399,79.86687469482422,44851000,0.0,0.0
2010-09-01 00:00:00+09:00,79.98329541688764,80.68184661865234,79.51760645897453,80.68184661865234,42856000,0.0,0.0
2010-09-02 00:00:00+09:00,82.66103509181747,82.77745730841538,80.21613301347821,81.03109741210938,32294500,0.0,0.0
2010-09-03 00:00:00+09:00,81.61322827540349,82.42820166530424,81.49680604325964,82.07892608642578,29683000,0.0,0.0
2010-09-06 00:00:00+09:00,82.77747170478747,84.40740966796875,82.66104946794181,84.40740966796875,37423500,0.0,0.0
2010-09-07 00:00:00+09:00,83.59243982760155,84.52382654576161,82.31176865615551,82.4281997680664,43715500,0.0,0.0
2010-09-08 00:00:00+09:00,81.26396903293781,81.61323576140595,80.44899556828332,80.79827117919922,43817500,0.0,0.0
2010-09-09 00:00:00+09:00,81.72963959414263,81.96249290978422,80.91467519551146,81.03109741210938,46091500,0.0,0.0
2010-09-10 00:00:00+09:00,81.38036874379175,82.19533310035743,81.03109322958056,81.26394653320312,62056500,0.0,0.0
2010-09-13 00:00:00+09:00,81.84607108013714,82.77745769976961,81.49679554624633,82.31175994873047,34554500,0.0,0.0
2010-09-14 00:00:00+09:00,82.42820942516224,84.17456971906442,82.31177829961054,83.3595962524414,38652000,0.0,0.0
2010-09-16 00:00:00+09:00,84.98953440122473,85.22237888770103,84.29099205934806,84.6402587890625,43316000,0.0,0.0
2010-09-17 00:00:00+09:00,85.10594208761621,86.73587986150284,84.52382208854573,86.38660430908203,38691000,0.0,0.0
2010-09-21 00:00:00+09:00,86.96873918361659,86.96873918361659,84.52383654582435,84.6402587890625,39546000,0.0,0.0
2010-09-22 00:00:00+09:00,84.1745651942774,85.3388053276287,83.24316953461745,84.40740966796875,29105000,0.0,0.0
2010-09-24 00:00:00+09:00,82.89389839757793,84.52383644837619,82.66105391137008,83.3595962524414,37812500,0.0,0.0
2010-09-27 00:00:00+09:00,84.75667541764169,86.38660430908203,84.1745554185712,86.38660430908203,34031500,0.0,0.0
2010-09-28 00:00:00+09:00,86.38662045369426,89.92222550923687,86.26875975863595,88.74369049072266,54712500,1.8,0.0
2010-09-29 00:00:00+09:00,88.86154442188845,90.04007946994663,88.62583201737151,89.80436706542969,43280500,0.0,0.0
2010-09-30 00:00:00+09:00,90.98290753862716,92.3971550755312,89.45081727970118,90.04008483886719,86382000,0.0,0.0
2010-10-01 00:00:00+09:00,90.2757769887213,90.98289617308562,88.6258262308657,89.33295440673828,48011000,0.0,0.0
2010-10-04 00:00:00+09:00,89.21509371642068,90.51148937784825,88.50797453205635,89.33295440673828,34379000,0.0,0.0
2010-10-05 00:00:00+09:00,88.74369271538441,90.04007946994663,88.03656449334242,89.80436706542969,50216500,0.0,0.0
2010-10-06 00:00:00+09:00,91.80790383376223,93.10429089603777,91.69005209928463,92.2793197631836,65676500,0.0,0.0
2010-10-07 00:00:00+09:00,92.04359162698965,92.63285919053185,91.69003648377,92.39715576171875,30664000,0.0,0.0
2010-10-08 00:00:00+09:00,92.39713683328397,92.39713683328397,91.33645363789718,91.69001770019531,29920000,0.0,0.0
2010-10-12 00:00:00+09:00,92.98641429542948,93.57568180174842,90.15792846679689,90.15792846679688,43070000,0.0,0.0
2010-10-13 00:00:00+09:00,88.86154972053518,91.2186199571992,88.86154972053518,90.04008483886719,38824000,0.0,0.0
2010-10-14 00:00:00+09:00,91.80787619203726,93.57567865148017,91.45431210354536,93.22211456298828,48309000,0.0,0.0
2010-10-15 00:00:00+09:00,92.632853399935,92.86856580552288,90.86505081981598,90.98290252685547,47192500,0.0,0.0
2010-10-18 00:00:00+09:00,91.1007573569112,91.8078765451061,90.27577747776022,90.51148986816406,24568000,0.0,0.0
2010-10-19 00:00:00+09:00,90.51148937784825,90.98289617308562,88.86153861999266,89.33295440673828,34612500,0.0,0.0
2010-10-20 00:00:00+09:00,86.6223247870909,86.85802819671079,84.61881883079569,86.26876068115234,88049500,0.0,0.0
2010-10-21 00:00:00+09:00,87.21159230264934,87.32944400745929,85.56164146078396,86.26876068115234,41288000,0.0,0.0
2010-10-22 00:00:00+09:00,86.03304333611123,86.50445907050097,85.5616276017215,85.91519165039062,30950500,0.0,0.0
2010-10-25 00:00:00+09:00,85.44379061481492,87.44729659124843,85.32593890882039,87.3294448852539,37015500,0.0,0.0
2010-10-26 00:00:00+09:00,86.26875796406301,86.5044703577677,85.2080836626714,85.32593536376953,41884000,0.0,0.0
2010-10-27 00:00:00+09:00,85.6794868172436,86.26875428914076,84.38310017737146,84.61881256103516,44090500,0.0,0.0
2010-10-28 00:00:00+09:00,84.73666606300355,85.20808184886961,83.9116861898609,84.5009536743164,38522500,0.0,0.0
2010-10-29 00:00:00+09:00,84.73665047105139,85.20806617017469,82.4974326438457,83.20455169677734,38853000,0.0,0.0
2010-11-01 00:00:00+09:00,82.85101990770806,83.7938425789318,82.37960407634164,83.08672332763672,46405500,0.0,0.0
2010-11-02 00:00:00+09:00,83.55813640395068,84.85452315383247,82.96886888204907,84.7366714477539,51115000,0.0,0.0
2010-11-04 00:00:00+09:00,85.79733523387085,87.56513739672666,85.67947456314171,86.8580093383789,68574000,0.0,0.0
2010-11-05 00:00:00+09:00,89.56866977909104,92.16144346556621,89.4508180645257,91.10076904296875,102447500,0.0,0.0
2010-11-08 00:00:00+09:00,92.16142446124934,92.75069190407447,91.21860194763367,91.69001770019531,36829500,0.0,0.0
2010-11-09 00:00:00+09:00,91.80788376491714,93.33997396123894,91.57217135597678,91.92573547363281,42318500,0.0,0.0
2010-11-10 00:00:00+09:00,92.63282556806479,93.33994458935413,92.16140989003651,92.86853790283203,39409500,0.0,0.0
2010-11-11 00:00:00+09:00,93.10426374845393,93.22211544856802,92.04358046441038,92.98641204833984,32670000,0.0,0.0
2010-11-12 00:00:00+09:00,92.16143393673161,93.10426553879114,90.15792802174079,90.2757797241211,44871000,0.0,0.0
2010-11-15 00:00:00+09:00,90.62934427015375,90.74719597311582,89.56866096047796,90.15792846679688,36541000,0.0,0.0
2010-11-16 00:00:00+09:00,91.10076824366787,91.2186199571992,88.86154972053518,90.04008483886719,38937500,0.0,0.0
2010-11-17 00:00:00+09:00,88.27227335873391,89.33295665776177,88.03656096366745,89.09724426269531,31691000,0.0,0.0
2010-11-18 00:00:00+09:00,88.97938993379667,91.21860816751837,88.62582584739022,90.7471923828125,42733500,0.0,0.0
2010-11-19 00:00:00+09:00,92.8685435776103,92.98639525644221,91.69000880627772,92.04356384277344,52050000,0.0,0.0
2010-11-22 00:00:00+09:00,92.27924195809042,93.1042123953721,91.92567806125348,92.75064849853516,44852000,0.0,0.0
2010-11-24 00:00:00+09:00,90.3936560454981,93.10429089603777,90.3936560454981,92.2793197631836,58241500,0.0,0.0
2010-11-25 00:00:00+09:00,92.8685815925319,93.10428504667883,91.9257497929234,92.16145324707031,39331000,0.0,0.0
2010-11-26 00:00:00+09:00,92.27928514302046,92.63284021381097,91.57215701842419,91.69001770019531,27890000,0.0,0.0
2010-11-29 00:00:00+09:00,92.2792848554879,93.33995905606213,91.80786910439515,93.10425567626953,51252000,0.0,0.0
2010-11-30 00:00:00+09:00,92.51498305949934,92.86854710091555,91.21859656015172,91.45429992675781,47463000,0.0,0.0
2010-12-01 00:00:00+09:00,91.4543080962565,92.86855539674718,91.21860470859534,92.63284301757812,35342500,0.0,0.0
2010-12-02 00:00:00+09:00,94.04709627394082,95.46133467248538,94.04709627394082,95.3434829711914,56362000,0.0,0.0
2010-12-03 00:00:00+09:00,96.16845747964112,96.52202158829589,95.46133825384035,96.05060577392578,49221500,0.0,0.0
2010-12-06 00:00:00+09:00,96.16846557727358,96.52202971569938,95.5791980075703,95.9327621459961,34776000,0.0,0.0
2010-12-07 00:00:00+09:00,96.40416988258056,96.87557670544187,95.46133825384035,96.05060577392578,49435500,0.0,0.0
2010-12-08 00:00:00+09:00,96.63984721834981,96.75769889226605,95.81487650942987,96.5219955444336,42282500,0.0,0.0
2010-12-09 00:00:00+09:00,96.16844530191231,96.52200936579557,95.22562278406971,95.57917785644531,41564000,0.0,0.0
2010-12-10 00:00:00+09:00,96.05060580143325,96.16845750718232,94.6363673494267,94.75421905517578,60726500,0.0,0.0
2010-12-13 00:00:00+09:00,94.04709982917251,94.87207076092487,93.5756840146674,94.75421905517578,45121000,0.0,0.0
2010-12-14 00:00:00+09:00,94.6363566309586,95.22562408447266,94.40064425464833,95.22562408447266,36907500,0.0,0.0
2010-12-15 00:00:00+09:00,95.9327394285098,97.58269003126205,95.57917537381026,97.2291259765625,62015500,0.0,0.0
2010-12-16 00:00:00+09:00,96.52201798862122,97.11128548673062,95.93275049051182,96.6398696899414,41824500,0.0,0.0
2010-12-17 00:00:00+09:00,96.63987058010444,97.22913808364167,96.16845477897296,96.40416717529297,34177500,0.0,0.0
2010-12-20 00:00:00+09:00,96.40417078487805,97.22914172411548,95.46133914731337,95.81490325927734,29490000,0.0,0.0
2010-12-21 00:00:00+09:00,96.28629712889484,97.34698033053724,96.05059374697771,96.87556457519531,28732000,0.0,0.0
2010-12-22 00:00:00+09:00,96.87556192186294,98.0540967821849,96.87556192186294,97.2291259765625,33643500,0.0,0.0
2010-12-24 00:00:00+09:00,96.63984836302501,97.81838309915946,96.63984836302501,97.58267974853516,33039000,0.0,0.0
2010-12-27 00:00:00+09:00,97.70054582928388,98.05410090735019,97.34698175970978,97.81839752197266,21240500,0.0,0.0
2010-12-28 00:00:00+09:00,97.70054582928388,98.28981328423552,97.58269413659511,97.81839752197266,20169500,0.0,0.0
2010-12-29 00:00:00+09:00,97.70056987862806,98.879105078632,97.46485744372126,98.7612533569336,22721000,0.0,0.0
2010-12-30 00:00:00+09:00,98.40766353217963,98.52551522313819,96.87556457519531,96.87556457519531,30927500,0.0,0.0
2011-01-04 00:00:00+09:00,97.93625421380125,99.9397690578106,97.58269911768778,99.46835327148438,59123000,0.0,0.0
2011-01-05 00:00:00+09:00,98.99693362134224,101.58970685767899,98.99693362134224,101.47185516357422,56453000,0.0,0.0
2011-01-06 00:00:00+09:00,102.88610795537065,103.59322714922544,102.41469216229798,103.00395965576172,47849500,0.0,0.0
2011-01-07 00:00:00+09:00,102.0611164286027,103.00394790720937,101.70756136775572,102.41468048095703,30041000,0.0,0.0
2011-01-11 00:00:00+09:00,102.06112325197716,104.53604480939826,101.58970748115696,103.94677734375,41114000,0.0,0.0
2011-01-12 00:00:00+09:00,105.00748139480673,105.12533311299536,104.06465865778792,104.18251037597656,37530000,0.0,0.0
2011-01-13 00:00:00+09:00,105.83245791749042,107.48239990077775,105.3610420687614,107.24669647216797,63713500,0.0,0.0
2011-01-14 00:00:00+09:00,107.3645378467217,108.77878525670948,107.24668614376652,107.60025024414062,88086500,0.0,0.0
2011-01-17 00:00:00+09:00,108.77876011979819,109.368027489913,106.18597829638908,106.7752456665039,46417000,0.0,0.0
2011-01-18 00:00:00+09:00,107.01098273785618,108.30736945338022,106.53956693452693,107.60025024414062,43192500,0.0,0.0
2011-01-19 00:00:00+09:00,107.83595320393248,107.95380490640008,107.12883399761823,107.71810150146484,30945000,0.0,0.0
2011-01-20 00:00:00+09:00,106.7752872946918,107.60026732938914,106.18601969484084,107.48240661621094,38280000,0.0,0.0
2011-01-21 00:00:00+09:00,107.36456392319438,107.36456392319438,102.88613518262677,103.47540283203125,64295500,0.0,0.0
2011-01-24 00:00:00+09:00,103.71108201183587,104.53605293123564,103.35751790837388,103.82893371582031,51583500,0.0,0.0
2011-01-25 00:00:00+09:00,104.88962543736713,106.8931315401288,104.88962543736713,106.1860122680664,49436500,0.0,0.0
2011-01-26 00:00:00+09:00,106.30383385321281,106.65739788479276,105.12529906995543,106.06813049316406,61078000,0.0,0.0
2011-01-27 00:00:00+09:00,107.36455489454275,109.6037735722784,106.7752872946918,107.48240661621094,73607000,0.0,0.0
2011-01-28 00:00:00+09:00,108.07163208245521,108.4251961011267,106.06812662066741,106.7752456665039,30137500,0.0,0.0
2011-01-31 00:00:00+09:00,105.59675923280203,106.06817514285015,105.1253433227539,105.1253433227539,34301500,0.0,0.0
2011-02-01 00:00:00+09:00,105.95029493526218,106.30385002913467,105.24317575600902,105.83244323730469,25629500,0.0,0.0
2011-02-02 00:00:00+09:00,107.01095800945373,108.18949274968337,105.59671092627427,106.7752456665039,81570500,0.0,0.0
2011-02-03 00:00:00+09:00,106.06814078708479,107.48237906764282,105.12530927237428,105.7145767211914,52308500,0.0,0.0
2011-02-04 00:00:00+09:00,106.3038531817423,106.65741727760847,105.00746648274709,105.36103057861328,63168500,0.0,0.0
2011-02-07 00:00:00+09:00,105.4788589477539,106.06812631617711,105.12529493009738,105.4788589477539,40399500,0.0,0.0
2011-02-08 00:00:00+09:00,104.77178938276904,104.88964111380827,103.1218381736879,103.59325408935547,68713000,0.0,0.0
2011-02-09 00:00:00+09:00,103.71106220488292,104.3003296037743,102.76823077005393,103.35749816894531,64749500,0.0,0.0
2011-02-10 00:00:00+09:00,102.76823571947037,104.06463125267261,102.65038403231763,103.71106719970703,37040500,0.0,0.0
2011-02-14 00:00:00+09:00,104.8896296766181,104.8896296766181,103.82894622990091,104.18251037597656,39170000,0.0,0.0
2011-02-15 00:00:00+09:00,103.82895631375453,105.36105577353328,103.82895631375453,105.1253433227539,61619500,0.0,0.0
2011-02-16 00:00:00+09:00,104.77178099283144,105.7146037571563,104.65392927122959,105.00748443603516,36340500,0.0,0.0
2011-02-17 00:00:00+09:00,105.83244323730469,106.06814663321967,105.12531506654334,105.83244323730469,40614500,0.0,0.0
2011-02-18 00:00:00+09:00,105.59671911708918,105.8324314783225,104.88960001640363,105.2431640625,25006500,0.0,0.0
2011-02-21 00:00:00+09:00,105.00748139480673,105.00748139480673,103.71109451171228,104.18251037597656,28298000,0.0,0.0
2011-02-22 00:00:00+09:00,103.47537406934826,103.82892916580803,101.7075716125246,102.06112670898438,45838000,0.0,0.0
2011-02-23 00:00:00+09:00,100.52905920215953,101.35403027054825,99.46837569172384,99.58622741699219,51988000,0.0,0.0
2011-02-24 00:00:00+09:00,98.0541040334657,98.28981641786591,96.6398656930968,97.34698486328125,88286000,0.0,0.0
2011-02-25 00:00:00+09:00,97.22914076060235,98.64337921142578,96.8755766521421,98.64337921142578,66415000,0.0,0.0
2011-02-28 00:00:00+09:00,98.5255057480808,100.17545623735029,96.63985189956145,99.70404052734375,66321500,0.0,0.0
2011-03-01 00:00:00+09:00,99.93976418762692,100.7647350298648,99.46834842427336,100.41117095947266,56124500,0.0,0.0
2011-03-02 00:00:00+09:00,98.87905842911694,100.0575930731076,98.40764277321952,98.99691009521484,54066000,0.0,0.0
2011-03-03 00:00:00+09:00,99.11478435388123,100.64688333690336,99.11478435388123,100.41117095947266,38185500,0.0,0.0
2011-03-04 00:00:00+09:00,101.94329558189513,102.65041490901666,101.11832453217168,102.29685974121094,45061500,0.0,0.0
2011-03-07 00:00:00+09:00,102.17897511000936,102.17897511000936,99.46835015860262,99.93976593017578,32715500,0.0,0.0
2011-03-08 00:00:00+09:00,99.46835015860262,100.64688509178154,99.11478608204575,99.93976593017578,35927000,0.0,0.0
2011-03-09 00:00:00+09:00,100.88260342511045,101.58972269145868,99.93978073381592,100.05763244628906,29549500,0.0,0.0
2011-03-10 00:00:00+09:00,99.93976036236835,100.05761205081893,97.93624569267847,98.40766143798828,27599500,0.0,0.0
2011-03-11 00:00:00+09:00,96.63986237630324,97.2291298298173,94.98991170816237,95.22562408447266,75400500,0.0,0.0
2011-03-14 00:00:00+09:00,84.61882004718079,91.92573374853795,84.0295525231517,89.80436706542969,96115500,0.0,0.0
2011-03-15 00:00:00+09:00,88.39012831822075,89.33295995021862,78.49043214827826,83.4402847290039,110651000,0.0,0.0
2011-03-16 00:00:00+09:00,87.2115951929337,92.5150030087202,86.97589177550235,91.92573547363281,109853000,0.0,0.0
2011-03-17 00:00:00+09:00,88.39011642377146,92.86855258584559,87.68299729068282,91.69001770019531,82026000,0.0,0.0
2011-03-18 00:00:00+09:00,94.28279157153398,95.93274222233735,93.69352412421189,94.1649398803711,67086000,0.0,0.0
2011-03-22 00:00:00+09:00,96.99342260110107,97.70054171899277,96.05059111624053,97.2291259765625,48109500,0.0,0.0
2011-03-23 00:00:00+09:00,97.58270219162605,98.76123719881231,96.40416718443979,97.70055389404297,42022500,0.0,0.0
2011-03-24 00:00:00+09:00,98.40766700846471,101.94327181116405,98.17196361822128,101.23615264892578,59655000,0.0,0.0
2011-03-25 00:00:00+09:00,102.41469485001696,103.00396235894513,100.64689232323246,101.35401153564453,41588500,0.0,0.0
2011-03-28 00:00:00+09:00,103.12178217883124,103.12178217883124,100.5290095377944,101.58968353271484,30952000,0.0,0.0
2011-03-29 00:00:00+09:00,99.80325381046555,102.54247837540089,99.80325381046555,101.4706039428711,42906500,1.8,0.0
2011-03-30 00:00:00+09:00,101.70880171698346,104.92441587785684,101.47060235438535,104.8053207397461,48333500,0.0,0.0
2011-03-31 00:00:00+09:00,105.75812120098294,105.99631152491453,103.25707736780919,103.73346710205078,30482000,0.0,0.0
2011-04-01 00:00:00+09:00,103.61435349274042,105.63899814482946,103.2570589840768,104.44802856445312,34642500,0.0,0.0
2011-04-04 00:00:00+09:00,105.28172539885117,106.11540057094145,104.92443084716797,104.92443084716797,26290500,0.0,0.0
2011-04-05 00:00:00+09:00,105.04353075521067,105.28173016256999,101.47062142222556,102.42340087890625,34191000,0.0,0.0
2011-04-06 00:00:00+09:00,102.54246901798024,102.54246901798024,99.92233983211759,100.16053009033203,39195500,0.0,0.0
2011-04-07 00:00:00+09:00,100.87511821979047,101.70880236462754,99.80325288359184,99.92234802246094,25214000,0.0,0.0
2011-04-08 00:00:00+09:00,99.68416518330547,101.4706198216183,98.96958514525596,101.23242950439453,44515000,0.0,0.0
2011-04-11 00:00:00+09:00,101.23243189976975,101.94701195472774,100.51785184481176,100.87513732910156,15653000,0.0,0.0
2011-04-12 00:00:00+09:00,99.56506176209105,99.80326114592555,97.77860727203064,98.37409210205078,27575000,0.0,0.0
2011-04-13 00:00:00+09:00,97.54041697457356,98.37409210205078,96.82583699582487,98.37409210205078,28445500,0.0,0.0
2011-04-14 00:00:00+09:00,97.54040998802343,98.49318019598489,97.30221062125048,98.13589477539062,17254500,0.0,0.0
2011-04-15 00:00:00+09:00,97.89769803825907,98.49318284162166,97.42131746467061,97.65950775146484,25645500,0.0,0.0
2011-04-18 00:00:00+09:00,98.01678785707611,98.01678785707611,95.63484899383126,95.87303924560547,26731500,0.0,0.0
2011-04-19 00:00:00+09:00,95.27757323310209,95.87305806580898,94.68208840039519,95.03938293457031,24454500,0.0,0.0
2011-04-20 00:00:00+09:00,95.75394411971835,96.34942883552958,95.15845940390714,95.87303924560547,28034500,0.0,0.0
2011-04-21 00:00:00+09:00,97.0640150818543,98.13588945831567,96.34943519300548,97.77859497070312,33691500,0.0,0.0
2011-04-22 00:00:00+09:00,97.06400805716214,98.1358823560501,96.58761847028131,97.54039764404297,20671000,0.0,0.0
2011-04-25 00:00:00+09:00,97.89770868915829,98.49319355730738,96.82584319559234,97.06403350830078,14052000,0.0,0.0
2011-04-26 00:00:00+09:00,97.5404208370383,98.13590569063881,96.11125173657042,97.42132568359375,31678000,0.0,0.0
2011-04-27 00:00:00+09:00,98.01679963519254,98.73137956275784,97.54040998802343,98.13589477539062,23831000,0.0,0.0
2011-04-28 00:00:00+09:00,98.85047359988565,99.92234802246094,98.37408395803256,99.92234802246094,34100000,0.0,0.0
2011-05-02 00:00:00+09:00,101.35147636002182,101.94696095565811,100.99419105446435,101.70877075195312,20587000,0.0,0.0
2011-05-06 00:00:00+09:00,100.63694745904806,104.56715140856817,99.92236740087489,103.73346710205078,72377000,0.0,0.0
2011-05-09 00:00:00+09:00,104.3289778624864,104.56717733184851,102.78072220034572,103.2571029663086,55627000,0.0,0.0
2011-05-10 00:00:00+09:00,103.49526450059348,103.9716541783215,102.42338999729975,103.13796997070312,33335000,0.0,0.0
2011-05-11 00:00:00+09:00,103.73347570106152,104.09077030295533,103.37619018554688,103.37619018554688,36435500,0.0,0.0
2011-05-12 00:00:00+09:00,103.13797214309807,103.13797214309807,100.99423217773438,100.99423217773438,23326000,0.0,0.0
2011-05-13 00:00:00+09:00,101.35152576367052,101.58972516985929,98.25500617424278,99.56507110595703,39546500,0.0,0.0
2011-05-16 00:00:00+09:00,99.56506145872945,100.2796414353009,98.3740918023179,98.4931869506836,21763000,0.0,0.0
2011-05-17 00:00:00+09:00,98.9695745691139,100.04144905483399,98.25499460742624,98.73138427734375,28990500,0.0,0.0
2011-05-18 00:00:00+09:00,99.5650715952425,102.66159119988727,99.445976434752,102.42340087890625,45192000,0.0,0.0
2011-05-19 00:00:00+09:00,103.0188857677371,103.73346581705846,101.8279159900754,102.42340087890625,32958000,0.0,0.0
2011-05-20 00:00:00+09:00,101.82789397774724,103.01886349795481,100.63692445753968,100.75601959228516,25404500,0.0,0.0
2011-05-23 00:00:00+09:00,100.87514935847415,101.3515391473818,99.44598907813064,99.80328369140625,22488500,0.0,0.0
2011-05-24 00:00:00+09:00,99.08864847668502,100.39872205975588,98.85045823596774,100.04142761230469,20416500,0.0,0.0
2011-05-25 00:00:00+09:00,100.27963426051323,100.39873848673464,98.01679934433407,98.25498962402344,39258000,0.0,0.0
2011-05-26 00:00:00+09:00,98.73138338880239,99.5650584888724,98.49318401279872,99.08866882324219,31528000,0.0,0.0
2011-05-27 00:00:00+09:00,98.13589946154116,99.9223539089489,97.65950979162366,98.73138427734375,37984500,0.0,0.0
2011-05-30 00:00:00+09:00,98.25498459206109,98.37407972580652,96.82582481436344,97.77859497070312,24495000,0.0,0.0
2011-05-31 00:00:00+09:00,97.42134383324743,99.80328369140625,97.18314439560388,99.80328369140625,36360000,0.0,0.0
2011-06-01 00:00:00+09:00,99.44597594605177,99.68416626586227,98.73139590024203,99.56507110595703,27272000,0.0,0.0
2011-06-02 00:00:00+09:00,97.42132775526579,97.77861322319713,96.94493804497937,97.1831283569336,27023000,0.0,0.0
2011-06-03 00:00:00+09:00,97.65949339303911,97.65949339303911,95.63484899383126,95.87303924560547,24249000,0.0,0.0
2011-06-06 00:00:00+09:00,95.873054208553,96.34944387282744,95.27756939980422,95.99214935302734,28677500,0.0,0.0
2011-06-07 00:00:00+09:00,95.51575939474435,96.70672900857596,95.27756910652884,96.11124420166016,32936000,0.0,0.0
2011-06-08 00:00:00+09:00,96.11124420166016,96.34944357625271,95.1584739624211,96.11124420166016,27342000,0.0,0.0
2011-06-09 00:00:00+09:00,96.11124806069759,96.11124806069759,94.92027839904644,95.15847778320312,19687500,0.0,0.0
2011-06-10 00:00:00+09:00,96.11124157579339,97.30221115708638,95.87305129408551,96.58763122558594,38586500,0.0,0.0
2011-06-13 00:00:00+09:00,95.9921490575524,96.23034843214496,95.39666425063659,96.11124420166016,13605500,0.0,0.0
2011-06-14 00:00:00+09:00,95.63487112279223,97.42132568359375,95.63487112279223,97.42132568359375,22630500,0.0,0.0
2011-06-15 00:00:00+09:00,98.2549774811764,98.49316773142901,97.18310318228845,97.54039764404297,17517000,0.0,0.0
2011-06-16 00:00:00+09:00,96.11124806069759,96.23035229596465,95.15847778320311,95.15847778320312,26374500,0.0,0.0
2011-06-17 00:00:00+09:00,95.51578825661998,95.87308288328352,92.6574675888309,93.2529525756836,38166000,0.0,0.0
2011-06-20 00:00:00+09:00,93.49113707251729,94.08662202202378,92.65746177775992,93.13384246826172,20127500,0.0,0.0
2011-06-21 00:00:00+09:00,93.8484153067198,94.80118560791016,93.25293046108422,94.80118560791016,24458500,0.0,0.0
2011-06-22 00:00:00+09:00,96.23035802273871,97.5404229112429,95.87306346842941,97.1831283569336,30119000,0.0,0.0
2011-06-23 00:00:00+09:00,96.46855653826445,97.30223178737697,95.87307162136159,96.9449462890625,31477500,0.0,0.0
2011-06-24 00:00:00+09:00,96.46853526722302,98.25498962402344,96.11124076131223,98.25498962402344,25732000,0.0,0.0
2011-06-27 00:00:00+09:00,97.89768850186086,98.01679272003281,96.4685287475586,96.4685287475586,22741500,0.0,0.0
2011-06-28 00:00:00+09:00,96.70672636643988,97.54041052517105,96.46853608473201,96.58763122558594,35927000,0.0,0.0
2011-06-29 00:00:00+09:00,98.13589477539062,98.49318019598489,97.30221062125048,98.13589477539062,34939000,0.0,0.0
2011-06-30 00:00:00+09:00,98.49316712338293,99.56504141565368,98.1358817502097,99.20775604248047,46129000,0.0,0.0
2011-07-01 00:00:00+09:00,100.04146760072979,101.4706277890458,100.04146760072979,101.11334228515625,36018000,0.0,0.0
2011-07-04 00:00:00+09:00,102.54249603939675,103.0188857677371,102.18521055792523,102.42340087890625,29638000,0.0,0.0
2011-07-05 00:00:00+09:00,102.30425534758942,102.5424455512944,101.58967565010065,101.70877075195312,15748500,0.0,0.0
2011-07-06 00:00:00+09:00,102.18519363083955,104.44802856445312,102.06608940370047,104.44802856445312,41113500,0.0,0.0
2011-07-07 00:00:00+09:00,104.56716885624837,105.16265385181612,104.20987422435574,104.68626403808594,29887500,0.0,0.0
2011-07-08 00:00:00+09:00,105.87719515549608,105.87719515549608,104.32893110092647,104.8053207397461,28120500,0.0,0.0
2011-07-11 00:00:00+09:00,104.09075371338139,104.80533371690291,103.49526886271717,103.85255432128906,20751000,0.0,0.0
2011-07-12 00:00:00+09:00,102.54247369708195,103.25705359070813,101.94698893799742,102.18518829345703,20347000,0.0,0.0
2011-07-13 00:00:00+09:00,102.66157190824609,105.0435110159676,102.66157190824609,104.8053207397461,35725500,0.0,0.0
2011-07-14 00:00:00+09:00,104.68624053696443,105.99630541583969,103.73346112339449,104.92443084716797,45518500,0.0,0.0
2011-07-15 00:00:00+09:00,104.56714133630332,105.04352193827988,103.73345711008925,104.09075164794922,26705500,0.0,0.0
2011-07-19 00:00:00+09:00,105.16262617515157,105.28172132564572,104.09075164794922,104.09075164794922,33808000,0.0,0.0
2011-07-20 00:00:00+09:00,105.51993593720964,106.23451609118305,104.92445096116853,105.40084075927734,26053500,0.0,0.0
2011-07-21 00:00:00+09:00,106.11537675754371,106.71086148579747,105.51989202928995,106.59176635742188,36238500,0.0,0.0
2011-07-22 00:00:00+09:00,107.42543592279642,107.66363525390625,106.82995122458496,107.66363525390625,31584000,0.0,0.0
2011-07-25 00:00:00+09:00,107.42546774659485,107.42546774659485,105.51991796509182,105.87721252441406,22847500,0.0,0.0
2011-07-26 00:00:00+09:00,106.47270214221817,110.04561154909543,106.23450272993259,109.45012664794922,61775000,0.0,0.0
2011-07-27 00:00:00+09:00,108.14004487021057,108.85462482321485,106.94907525307777,108.25914001464844,40048500,0.0,0.0
2011-07-28 00:00:00+09:00,106.59178688060237,106.94908142089844,106.11539718900013,106.94908142089844,28014500,0.0,0.0
2011-07-29 00:00:00+09:00,106.23449004110958,107.42545970115063,105.99629974365234,105.99629974365234,37620000,0.0,0.0
2011-08-01 00:00:00+09:00,108.2591527265354,108.61643820180178,107.42546844482422,107.42546844482422,46781000,0.0,0.0
2011-08-02 00:00:00+09:00,107.78277701636529,109.56923188403985,107.54458666856041,109.09284210205078,55671000,0.0,0.0
2011-08-03 00:00:00+09:00,107.30636956338112,107.54456895833914,105.99630469343447,106.47269439697266,47646500,0.0,0.0
2011-08-04 00:00:00+09:00,106.71086697875029,107.78274136205707,105.28170719192548,105.5198974609375,47908000,0.0,0.0
2011-08-05 00:00:00+09:00,98.37405338184037,101.70877075195312,97.6594736843516,101.70877075195312,66608500,0.0,0.0
2011-08-08 00:00:00+09:00,100.04145113856954,100.51784081840964,97.65951182574646,98.4931869506836,53012000,0.0,0.0
2011-08-09 00:00:00+09:00,94.92027285922892,96.2303466796875,91.22826894086168,96.2303466796875,98980000,0.0,0.0
2011-08-10 00:00:00+09:00,99.08867600457296,99.08867600457296,97.42132568359375,97.42132568359375,48383500,0.0,0.0
2011-08-11 00:00:00+09:00,94.80116721149145,96.11123180039269,94.56297695400971,95.5157470703125,44832000,0.0,0.0
2011-08-12 00:00:00+09:00,95.51574707031249,95.51574707031249,95.51574707031249,95.5157470703125,47004000,0.0,0.0
2011-08-15 00:00:00+09:00,96.23034843214496,96.5876338644682,95.63486362522916,96.11124420166016,41542000,0.0,0.0
2011-08-16 00:00:00+09:00,96.82584319559234,98.01681293189051,96.4685486401517,97.06403350830078,36979000,0.0,0.0
2011-08-17 00:00:00+09:00,96.7067142131909,97.183103803115,95.87303924560547,95.87303924560547,29865500,0.0,0.0
2011-08-18 00:00:00+09:00,95.51574707031249,95.51574707031249,95.51574707031249,95.5157470703125,27161000,0.0,0.0
2011-08-19 00:00:00+09:00,93.13381514195991,93.72929991674579,91.82375045470631,92.41923522949219,43039500,0.0,0.0
2011-08-22 00:00:00+09:00,91.8237536501271,92.89562809931768,91.10917371279234,91.70465850830078,31258500,0.0,0.0
2011-08-23 00:00:00+09:00,92.53834657655497,93.13383145564832,90.51370162218885,92.06196594238281,44644500,0.0,0.0
2011-08-24 00:00:00+09:00,93.25293585528789,93.72931649025041,90.27551145488123,90.75189208984375,31067500,0.0,0.0
2011-08-25 00:00:00+09:00,91.94286899803208,93.84842803154108,91.7046786620329,92.18106842041016,43225000,0.0,0.0
2011-08-26 00:00:00+09:00,92.18106992275801,93.61023013480303,92.06197475281743,93.37203979492188,28132500,0.0,0.0
2011-08-29 00:00:00+09:00,94.20569906832638,94.44389845412407,92.06195911441226,93.61021423339844,43158000,0.0,0.0
2011-08-30 00:00:00+09:00,95.15851044002387,95.87309066497116,94.68212059459884,94.9203109741211,39007000,0.0,0.0
2011-08-31 00:00:00+09:00,95.63486936332838,97.89770449627707,95.1584796719369,96.89081573486328,58768500,0.0,0.0
2011-09-01 00:00:00+09:00,98.25497781830676,98.3740729438417,97.18310351574101,97.81855010986328,41675000,0.0,0.0
2011-09-02 00:00:00+09:00,97.30221945214727,97.4213236895317,95.87305946730983,96.34944915771484,48614000,0.0,0.0
2011-09-05 00:00:00+09:00,95.51576788937959,95.87306243985566,94.6820927201059,95.75396728515625,31104500,0.0,0.0
2011-09-06 00:00:00+09:00,95.03938799737857,95.15848315298872,93.25293340409233,94.20570373535156,40416500,0.0,0.0
2011-09-07 00:00:00+09:00,95.63490028544891,95.63490028544891,94.32482593893494,94.9203109741211,35243000,0.0,0.0
2011-09-08 00:00:00+09:00,95.99218087545741,96.23038032900439,94.92030605044616,95.63489532470703,25429000,0.0,0.0
2011-09-09 00:00:00+09:00,95.27756910652884,97.18311867138401,95.1584739624211,96.11124420166016,49371500,0.0,0.0
2011-09-12 00:00:00+09:00,94.20569463680499,96.11124420166016,94.20569463680499,96.11124420166016,37340000,0.0,0.0
2011-09-13 00:00:00+09:00,96.23033848396692,96.70671901115026,95.51574952043966,96.4685287475586,33916000,0.0,0.0
2011-09-14 00:00:00+09:00,95.87305571157721,96.34944538332012,93.72930673192273,94.08660125732422,37687000,0.0,0.0
2011-09-15 00:00:00+09:00,94.9202507356085,95.1584500503447,93.96748073578813,94.5629653930664,31278000,0.0,0.0
2011-09-16 00:00:00+09:00,95.87306377200261,97.54042322009565,95.39667406020774,97.06403350830078,43263500,0.0,0.0
2011-09-20 00:00:00+09:00,96.94492780470513,97.65950775146483,95.63486305458284,97.65950775146484,43336500,0.0,0.0
2011-09-21 00:00:00+09:00,96.94492491297848,98.7313792697789,96.82582977313379,98.25498962402344,31395000,0.0,0.0
2011-09-22 00:00:00+09:00,97.6595170194803,98.37409703405459,95.51576788937959,95.75396728515625,42796000,0.0,0.0
2011-09-26 00:00:00+09:00,94.44390028347058,94.56299543548751,88.13175727641922,88.48905181884766,88913000,0.0,0.0
2011-09-27 00:00:00+09:00,91.1091716251884,91.22826676428586,89.44181241869393,90.63278198242188,61137500,0.0,0.0
2011-09-28 00:00:00+09:00,91.91103361371273,92.39798134471395,91.05888205027719,91.66756439208984,43865000,3.3,0.0
2011-09-29 00:00:00+09:00,90.57191463806956,90.57191463806956,88.25892038424217,90.45018005371094,48005000,0.0,0.0
2011-09-30 00:00:00+09:00,90.4501937359767,91.42407984591733,89.47629833828123,91.05887603759766,44415500,0.0,0.0
2011-10-03 00:00:00+09:00,87.04158526196849,87.65026767638786,83.75470393920658,85.33727264404297,60964000,0.0,0.0
2011-10-04 00:00:00+09:00,83.38945354622315,85.70244754593165,82.29382383186098,85.45896911621094,62151000,0.0,0.0
2011-10-05 00:00:00+09:00,85.702453233666,85.8241878127292,82.41556387244158,82.53730773925781,48191500,0.0,0.0
2011-10-06 00:00:00+09:00,83.7547073031817,85.33727607158136,83.63296338520279,84.11991119384766,35537500,0.0,0.0
2011-10-07 00:00:00+09:00,86.06768145824104,88.98935862577837,86.06768145824104,88.38067626953125,41391000,0.0,0.0
2011-10-11 00:00:00+09:00,93.49361141752786,93.73708063915073,91.42408588271151,91.66756439208984,44313500,0.0,0.0
2011-10-12 00:00:00+09:00,91.7892808568606,93.98053128153943,90.81538558738981,93.3718490600586,49173000,0.0,0.0
2011-10-13 00:00:00+09:00,94.46748354693574,95.56311345685818,93.85880129561818,94.58921813964844,35379500,0.0,0.0
2011-10-14 00:00:00+09:00,94.46748354693574,95.68484804957087,93.98053588833088,94.58921813964844,31243500,0.0,0.0
2011-10-17 00:00:00+09:00,96.29353327987153,96.41526787635027,95.31964722028727,96.05006408691406,20644500,0.0,0.0
2011-10-18 00:00:00+09:00,94.34574895422304,95.07616579825331,93.98053588833088,94.58921813964844,24872000,0.0,0.0
2011-10-19 00:00:00+09:00,94.83270909324109,94.95444370197461,92.15450126232709,92.76318359375,23915000,0.0,0.0
2011-10-20 00:00:00+09:00,91.91102916120654,92.27624226370406,90.32845143405727,90.57192993164062,40806500,0.0,0.0
2011-10-21 00:00:00+09:00,89.59801629498153,89.71975087513816,88.13718275759585,88.98933410644531,41866000,0.0,0.0
2011-10-24 00:00:00+09:00,89.84150840436862,92.76317592340945,89.84150840436862,92.51970672607422,27866500,0.0,0.0
2011-10-25 00:00:00+09:00,95.56312437656341,95.80659358980928,93.25012969970703,93.25012969970703,32055000,0.0,0.0
2011-10-26 00:00:00+09:00,92.27624353412962,93.98054660190228,90.81540039178218,93.00666046142578,32137000,0.0,0.0
2011-10-27 00:00:00+09:00,93.85880124303512,97.5108947488945,93.73706665039062,97.38916015625,49653000,0.0,0.0
2011-10-28 00:00:00+09:00,99.21520690917968,99.70215456751176,97.02394709056243,97.38916015625,85224500,0.0,0.0
2011-10-31 00:00:00+09:00,97.51085287121094,99.58037720839151,95.80654144287111,95.8065414428711,54431500,0.0,0.0
2011-11-01 00:00:00+09:00,94.95443729310634,96.90221876464476,94.22402040224875,95.19790649414062,38014000,0.0,0.0
2011-11-02 00:00:00+09:00,92.8849198098316,93.98054048559463,91.42407676255665,92.51970672607422,68214500,0.0,0.0
2011-11-04 00:00:00+09:00,95.19787927208961,97.02392562094876,95.07614470638273,96.65872192382812,51821500,0.0,0.0
2011-11-07 00:00:00+09:00,96.17180753757712,98.48480223463952,96.17180753757712,98.36306762695312,36111500,0.0,0.0
2011-11-08 00:00:00+09:00,97.99784870636769,98.36306179553056,94.95443725585938,94.95443725585938,34175500,0.0,0.0
2011-11-09 00:00:00+09:00,96.78047336348999,97.02394253735329,95.44137433173456,96.4152603149414,38273500,0.0,0.0
2011-11-10 00:00:00+09:00,92.88492585483561,93.25012967460611,91.54581731907832,93.00666046142578,44356000,0.0,0.0
2011-11-11 00:00:00+09:00,93.25011744394834,93.98053427544325,91.30233613071063,91.91101837158203,45981000,0.0,0.0
2011-11-14 00:00:00+09:00,93.49360211158552,94.46748818889617,92.39797214782581,92.64144134521484,37595500,0.0,0.0
2011-11-15 00:00:00+09:00,91.42408591576417,93.25013294186233,91.42408591576417,92.15450286865234,31805500,0.0,0.0
2011-11-16 00:00:00+09:00,92.15448291612303,93.00664358311931,90.45018015763736,90.81538391113281,30696500,0.0,0.0
2011-11-17 00:00:00+09:00,90.5719327732807,93.00666209897234,90.32845426805834,92.76318359375,37243500,0.0,0.0
2011-11-18 00:00:00+09:00,91.05886236788324,91.3023315368802,90.32843628538544,90.81538391113281,31822000,0.0,0.0
2011-11-21 00:00:00+09:00,90.93713221210389,91.78929300763558,90.20671530718735,91.54581451416016,27728000,0.0,0.0
2011-11-22 00:00:00+09:00,90.32844083021482,92.51970061245343,90.08497164896782,91.91101837158203,24734000,0.0,0.0
2011-11-24 00:00:00+09:00,90.08497010282785,90.93712151032067,89.11107481904713,89.5980224609375,42700500,0.0,0.0
2011-11-25 00:00:00+09:00,88.74586486816406,90.45017685211879,88.25891726021227,88.74586486816406,37480500,0.0,0.0
2011-11-28 00:00:00+09:00,89.96324761931476,91.1806122439665,89.47629991190306,90.57192993164062,27355000,0.0,0.0
2011-11-29 00:00:00+09:00,91.66756121342364,93.3718642811963,91.18061349930782,93.00666046142578,30515500,0.0,0.0
2011-11-30 00:00:00+09:00,92.39794777064492,93.12836445786205,91.4240526625207,92.88489532470703,33369500,0.0,0.0
2011-12-01 00:00:00+09:00,96.29356215672216,97.38919242910099,95.68487970404028,96.53704071044922,57699000,0.0,0.0
2011-12-02 00:00:00+09:00,96.29353935615036,97.02395626886765,95.68485704759345,96.78048706054688,21400000,0.0,0.0
2011-12-05 00:00:00+09:00,97.38916936910377,97.38916936910377,96.17180475198997,96.78048706054688,17589500,0.0,0.0
2011-12-06 00:00:00+09:00,96.4152848516565,97.0239672289719,95.44139862060547,95.44139862060547,26366000,0.0,0.0
2011-12-07 00:00:00+09:00,94.95442669625433,96.65873877655834,94.58921364770575,96.4152603149414,43214500,0.0,0.0
2011-12-08 00:00:00+09:00,96.1717986833928,96.65874635706211,94.5892210659061,96.05006408691406,27914500,0.0,0.0
2011-12-09 00:00:00+09:00,94.58921506599921,96.17179258310112,94.2240112997283,95.5631103515625,52223000,0.0,0.0
2011-12-12 00:00:00+09:00,97.26742553710938,98.48479003873088,96.78047787890996,97.26742553710938,34158000,0.0,0.0
2011-12-13 00:00:00+09:00,96.29352273896055,98.11956934951385,95.92831898950189,97.5108871459961,39842500,0.0,0.0
2011-12-14 00:00:00+09:00,97.63262934153899,97.87610781458206,95.56311340332032,97.38916015625,36928000,0.0,0.0
2011-12-15 00:00:00+09:00,96.1717986833928,97.63263241664637,95.19790333605415,96.05006408691406,51506500,0.0,0.0
2011-12-16 00:00:00+09:00,95.31965349809141,95.92833580832762,93.12839346613909,93.49360656738281,46441000,0.0,0.0
2011-12-19 00:00:00+09:00,93.12837988656771,93.98053128153943,91.91101544360605,93.3718490600586,23674500,0.0,0.0
2011-12-20 00:00:00+09:00,94.10225956598627,94.4674632657188,92.76315147037744,92.88489532470703,20286500,0.0,0.0
2011-12-21 00:00:00+09:00,94.22399413256379,94.4674632657188,92.76315147037744,92.88489532470703,23356500,0.0,0.0
2011-12-22 00:00:00+09:00,93.00665442905293,93.85880590766907,92.39797214782581,92.64144134521484,26531000,0.0,0.0
2011-12-26 00:00:00+09:00,94.22398510185248,94.71093260924408,93.49356848464069,93.61530303955078,21246500,0.0,0.0
2011-12-27 00:00:00+09:00,93.2500900870693,93.98050670428108,92.884886422339,93.61530303955078,19405500,0.0,0.0
2011-12-28 00:00:00+09:00,93.73708939392938,94.46750641477237,93.61535477174827,94.22403717041016,19846500,0.0,0.0
2011-12-29 00:00:00+09:00,94.10228576481892,95.07617185632877,93.25012498602378,94.95443725585938,24186500,0.0,0.0
2011-12-30 00:00:00+09:00,95.19790649414062,95.4413849829296,94.34575500276591,95.19790649414062,19565000,0.0,0.0
2012-01-04 00:00:00+09:00,96.53700869368728,97.51089472233205,96.29353022071054,97.26742553710938,29870500,0.0,0.0
2012-01-05 00:00:00+09:00,97.51091166565635,98.2413286359944,96.65876008155456,96.90222930908203,21856000,0.0,0.0
2012-01-06 00:00:00+09:00,96.65876337399025,96.78049799190056,94.71098162415728,95.31966400146484,23917500,0.0,0.0
2012-01-10 00:00:00+09:00,96.05006725445578,96.1718018549491,94.71096807352009,95.076171875,30689000,0.0,0.0
2012-01-11 00:00:00+09:00,95.07617185632877,96.0500672355933,93.98054187659484,94.95443725585938,31762000,0.0,0.0
2012-01-12 00:00:00+09:00,94.58918876658278,94.71093260924408,93.0066209772491,93.61530303955078,33653500,0.0,0.0
2012-01-13 00:00:00+09:00,93.61533211019278,94.71096202011522,93.49359751748008,94.58921813964844,33182000,0.0,0.0
2012-01-16 00:00:00+09:00,93.49359588390263,93.49359588390263,91.7892837524414,91.7892837524414,37564500,0.0,0.0
2012-01-17 00:00:00+09:00,92.88492425714661,93.49360656738281,92.2762419469104,93.49360656738281,38246000,0.0,0.0
2012-01-18 00:00:00+09:00,92.7631863231395,94.58923337113639,92.15450397380721,94.102294921875,52940500,0.0,0.0
2012-01-19 00:00:00+09:00,94.83268443970164,96.29351794024336,94.7109498626153,95.92831420898438,41096000,0.0,0.0
2012-01-20 00:00:00+09:00,97.14569700262972,98.11958309200729,96.78048391426648,97.87611389160156,46117500,0.0,0.0
2012-01-23 00:00:00+09:00,98.36304628352133,98.60651544606465,97.63262022038495,97.99783325195312,32424000,0.0,0.0
2012-01-24 00:00:00+09:00,98.36305096639231,99.58041541257165,98.11957250450426,99.3369369506836,38241500,0.0,0.0
2012-01-25 00:00:00+09:00,99.5804291078111,99.82389831542969,98.72826830563619,99.82389831542969,29292000,0.0,0.0
2012-01-26 00:00:00+09:00,99.82391695009117,100.31086474398441,98.48481748270225,98.85002136230469,26814500,0.0,0.0
2012-01-27 00:00:00+09:00,99.58043193337255,102.62384355373534,99.4586880383539,101.64994812011719,74733000,0.0,0.0
2012-01-30 00:00:00+09:00,101.16298672703658,101.64993437801499,100.79778295461824,101.04125213623047,33202500,0.0,0.0
2012-01-31 00:00:00+09:00,102.25863205234667,102.38036666152459,100.4325850514119,100.9195327758789,42769500,0.0,0.0
2012-02-01 00:00:00+09:00,100.79777526855469,101.52819204544934,99.70214545933607,100.79777526855469,32057500,0.0,0.0
2012-02-02 00:00:00+09:00,102.25863166628386,104.57162638295324,101.64994933493693,104.20641326904297,83422500,0.0,0.0
2012-02-03 00:00:00+09:00,105.91072082519531,108.10198083323233,105.54550772793752,105.91072082519531,67191500,0.0,0.0
2012-02-06 00:00:00+09:00,108.1019515991211,108.58888988010848,107.73673860062819,108.1019515991211,53205000,0.0,0.0
2012-02-07 00:00:00+09:00,107.7367935180664,108.46721059962051,107.2498457011113,107.7367935180664,32230000,0.0,0.0
2012-02-08 00:00:00+09:00,108.4672088511082,108.71068739953938,107.73679178132855,108.58894348144531,39464500,0.0,0.0
2012-02-09 00:00:00+09:00,108.710687410761,108.710687410761,107.49332253175027,108.46720886230469,32526000,0.0,0.0
2012-02-10 00:00:00+09:00,108.34545785171139,108.58892707560177,105.6672592378949,106.03246307373047,48308500,0.0,0.0
2012-02-13 00:00:00+09:00,105.18032495196415,107.12810685542046,105.05859032445252,106.64115905761719,33514500,0.0,0.0
2012-02-14 00:00:00+09:00,106.519437943643,107.24985508913353,105.78902079815245,107.00638580322266,30638000,0.0,0.0
2012-02-15 00:00:00+09:00,107.9802291449225,109.44107214070952,107.2498122909061,109.07585906982422,52375000,0.0,0.0
2012-02-16 00:00:00+09:00,108.95415413136512,109.19762338638837,106.39768980259393,106.64115905761719,61847000,0.0,0.0
2012-02-17 00:00:00+09:00,108.34543766492008,108.58890684344759,107.49328625231999,107.980224609375,55916500,0.0,0.0
2012-02-20 00:00:00+09:00,109.5628127871366,110.6584427725589,109.31934358493373,109.44107818603516,66393000,0.0,0.0
2012-02-21 00:00:00+09:00,109.56278094972153,111.26709273315649,109.44104638399446,110.29319763183594,47293500,0.0,0.0
2012-02-22 00:00:00+09:00,110.53672029463046,111.5106064980081,109.92803793461103,111.0236587524414,49431500,0.0,0.0
2012-02-23 00:00:00+09:00,111.14542383363349,111.75410630963857,110.65847599527791,111.51062774658203,33589500,0.0,0.0
2012-02-24 00:00:00+09:00,111.63232106135216,112.72795097014406,111.14538269100382,112.36274719238281,53266000,0.0,0.0
2012-02-27 00:00:00+09:00,113.94532322689876,114.06705782777138,112.1192763505454,112.48448944091797,50163000,0.0,0.0
2012-02-28 00:00:00+09:00,111.26711890123815,112.24100494384767,110.53670204734247,112.24100494384766,47880000,0.0,0.0
2012-02-29 00:00:00+09:00,112.60623168945312,113.09317941376939,111.87581474685638,112.60623168945312,52364000,0.0,0.0
2012-03-01 00:00:00+09:00,112.36273645037159,113.09315322381946,110.29321142322391,110.90189361572266,58459000,0.0,0.0
2012-03-02 00:00:00+09:00,111.7540817343354,112.11928556697373,110.90192088266836,111.87581634521484,36311500,0.0,0.0
2012-03-05 00:00:00+09:00,111.99754494894962,112.60622725845478,111.26712803509443,111.63233184814453,41816000,0.0,0.0
2012-03-06 00:00:00+09:00,111.51060536681686,111.51060536681686,108.345458984375,108.345458984375,93667500,0.0,0.0
2012-03-07 00:00:00+09:00,106.5194269134389,108.83242204111068,106.39769228308921,108.46720886230469,63812500,0.0,0.0
2012-03-08 00:00:00+09:00,109.56282318615521,111.51060485191353,109.4410885734995,111.38887023925781,48599500,0.0,0.0
2012-03-09 00:00:00+09:00,111.5105972437945,112.3627580497547,111.14539343074439,111.63233184814453,79523500,0.0,0.0
2012-03-12 00:00:00+09:00,112.4845234232932,112.72799269859223,111.38889310893252,111.51062774658203,39575500,0.0,0.0
2012-03-13 00:00:00+09:00,111.87581634521484,112.72796790912642,111.51060322482104,111.87581634521484,46194000,0.0,0.0
2012-03-14 00:00:00+09:00,113.33664541569608,114.18880623100512,113.21491081001052,113.70185852050781,39989000,0.0,0.0
2012-03-15 00:00:00+09:00,114.06705472695789,114.43226780740245,112.97143406113314,113.94532012939453,34583500,0.0,0.0
2012-03-16 00:00:00+09:00,114.06706079507549,114.67574310302736,113.70185698295735,114.67574310302734,34221000,0.0,0.0
2012-03-19 00:00:00+09:00,115.89309378553119,117.35393672163684,115.52789001732016,116.62351989746094,51671500,0.0,0.0
2012-03-21 00:00:00+09:00,115.6496229956776,115.77135758338548,113.94531090450636,114.18878936767578,51760500,0.0,0.0
2012-03-22 00:00:00+09:00,114.06705318307503,114.91921392999362,113.45837091574218,114.55400085449219,34680000,0.0,0.0
2012-03-23 00:00:00+09:00,113.82359312619337,114.18880623100512,113.33664541569608,113.70185852050781,37322000,0.0,0.0
2012-03-26 00:00:00+09:00,113.94531703660839,115.52789462524005,113.94531703660839,115.04094696044922,43119000,0.0,0.0
2012-03-27 00:00:00+09:00,116.62354117993584,117.5974273606423,116.01485883408597,117.47569274902344,60980500,0.0,0.0
2012-03-28 00:00:00+09:00,117.78894805908203,118.79141101557786,117.16241110132096,117.78894805908203,58750500,5.5,0.0
2012-03-29 00:00:00+09:00,116.66117707314095,116.91179758688457,114.02972382010071,114.155029296875,52550500,0.0,0.0
2012-03-30 00:00:00+09:00,113.40314534663557,114.90682963765245,112.77660863201328,113.15253448486328,56274000,0.0,0.0
2012-04-02 00:00:00+09:00,115.90933148326769,115.90933148326769,114.02972070245795,114.65625762939453,34295500,0.0,0.0
2012-04-03 00:00:00+09:00,114.0297517129369,115.65875199005782,113.65382563046364,114.40567779541016,36694500,0.0,0.0
2012-04-04 00:00:00+09:00,115.03221328650581,115.53343530920823,111.64890727208076,112.15013885498047,42441500,0.0,0.0
2012-04-05 00:00:00+09:00,110.27049424913193,112.77664184570311,110.01988331355257,112.77664184570312,48443500,0.0,0.0
2012-04-06 00:00:00+09:00,111.52357119935633,112.0248026448755,110.27049736565569,110.64642333984375,26059000,0.0,0.0
2012-04-09 00:00:00+09:00,109.01743002365723,110.52111488956062,108.76681906607175,109.51866149902344,24666000,0.0,0.0
2012-04-10 00:00:00+09:00,110.14519739564915,110.52111382841812,108.26558655121895,108.3908920288086,28255500,0.0,0.0
2012-04-11 00:00:00+09:00,108.01497429045848,110.14520581305757,108.01497429045848,109.64397430419922,57749000,0.0,0.0
2012-04-12 00:00:00+09:00,110.77171221889658,114.0297017864714,110.39578630101775,113.77909088134766,64132000,0.0,0.0
2012-04-13 00:00:00+09:00,115.65872053657098,116.03463695661605,113.65379472221808,114.65625762939453,68347000,0.0,0.0
2012-04-16 00:00:00+09:00,113.27787212070838,113.52848305372949,111.39826144246717,111.64887237548828,34022500,0.0,0.0
2012-04-17 00:00:00+09:00,112.65134475254811,115.28279801253433,112.40072423814294,114.02972412109375,91003000,0.0,0.0
2012-04-18 00:00:00+09:00,116.53585844114474,116.78646936640294,115.90932156780525,116.41055297851562,47426500,0.0,0.0
2012-04-19 00:00:00+09:00,115.28284018253265,116.4106090094015,114.78160853056887,116.15998840332031,31548000,0.0,0.0
2012-04-20 00:00:00+09:00,115.90934373848368,117.03711223824864,115.53341771849676,116.66118621826172,31212500,0.0,0.0
2012-04-23 00:00:00+09:00,117.16241772484567,117.66364923142963,115.78403825188664,116.66118621826172,32209500,0.0,0.0
2012-04-24 00:00:00+09:00,115.03219065156614,116.41057006316798,114.53095916729399,114.90687561035156,36554000,0.0,0.0
2012-04-25 00:00:00+09:00,116.53588073166468,117.16241772484567,116.2852697584706,116.66118621826172,38605000,0.0,0.0
2012-04-26 00:00:00+09:00,117.16237887506199,117.41298976515618,114.78153717839653,115.15746307373047,29831500,0.0,0.0
2012-04-27 00:00:00+09:00,115.15748023878963,115.78401711760763,112.52602725979278,113.52848052978516,51032000,0.0,0.0
2012-05-01 00:00:00+09:00,113.27788922571582,114.02973169850198,112.15012073643875,112.52604675292969,27558500,0.0,0.0
2012-05-02 00:00:00+09:00,113.27785951090695,114.53093315691213,112.9019335930281,113.77909088134766,24065500,0.0,0.0
2012-05-07 00:00:00+09:00,111.02234366588593,112.02480659224766,110.39580672695858,111.39826965332031,39173500,0.0,0.0
2012-05-08 00:00:00+09:00,112.77667184894005,113.77913497834274,109.01744945397539,111.52359771728516,81331500,0.0,0.0
2012-05-09 00:00:00+09:00,111.0223499627439,112.02481294596238,109.64397053096516,110.39581298828125,47222000,0.0,0.0
2012-05-10 00:00:00+09:00,110.52111488956062,110.77173540734134,109.26804098124272,109.51866149902344,31602500,0.0,0.0
2012-05-11 00:00:00+09:00,109.64397779517411,111.7741998254019,109.3933668128636,110.52112579345703,43179000,0.0,0.0
2012-05-14 00:00:00+09:00,110.01991187275621,111.64890249726771,108.5162171883646,108.89214324951172,36889500,0.0,0.0
2012-05-15 00:00:00+09:00,107.26314306480336,109.14275425014523,107.1378375644866,108.89214324951172,33754500,0.0,0.0
2012-05-16 00:00:00+09:00,109.01742473868437,109.51865618975177,107.13781396732774,107.76435089111328,35234500,0.0,0.0
2012-05-17 00:00:00+09:00,107.26310168216396,109.89455441437563,106.63656486210438,109.76924896240234,36166500,0.0,0.0
2012-05-18 00:00:00+09:00,106.51128376484932,106.76189472610024,104.63167287488139,105.00759887695312,35618000,0.0,0.0
2012-05-21 00:00:00+09:00,104.25576426273697,105.88476446317226,104.13045876121049,104.8823013305664,26573000,0.0,0.0
2012-05-22 00:00:00+09:00,105.00761371044732,107.0125303642575,104.88229865192436,106.63660430908203,34608500,0.0,0.0
2012-05-23 00:00:00+09:00,107.01252981353396,107.26314080889672,105.25822416540454,105.38352966308594,33053000,0.0,0.0
2012-05-24 00:00:00+09:00,105.0076099783003,106.26068403741989,104.63168393648587,105.88475799560547,25635500,0.0,0.0
2012-05-25 00:00:00+09:00,106.01006996469876,106.38599602947518,104.38107932446043,104.8823013305664,29099000,0.0,0.0
2012-05-28 00:00:00+09:00,105.25822470709983,107.13783586258376,105.25822470709983,106.63660430908203,33552500,0.0,0.0
2012-05-29 00:00:00+09:00,106.511292715312,110.77174633596371,105.75945020818432,110.52112579345703,44318000,0.0,0.0
2012-05-30 00:00:00+09:00,110.2704990929254,110.2704990929254,107.38842540619149,109.14273071289062,37697000,0.0,0.0
2012-05-31 00:00:00+09:00,106.51129998574484,107.88967960293277,106.38599448603628,107.63906860351562,37542500,0.0,0.0
2012-06-01 00:00:00+09:00,106.01007583400711,106.76191844498922,105.38353873148911,106.26069641113281,33486500,0.0,0.0
2012-06-04 00:00:00+09:00,104.38105875769524,105.25820665574845,100.99775352192914,101.6242904663086,54405000,0.0,0.0
2012-06-05 00:00:00+09:00,102.25085590812664,103.12801361083984,101.2484022538515,103.12801361083984,49946500,0.0,0.0
2012-06-06 00:00:00+09:00,102.25082816331354,103.5039020612958,100.99775426533128,102.87736511230469,68551500,0.0,0.0
2012-06-07 00:00:00+09:00,102.87736511230467,102.87736511230467,102.87736511230467,102.87736511230469,54316500,0.0,0.0
2012-06-08 00:00:00+09:00,103.37860068284017,104.13044313940354,101.62429524406195,102.0002212524414,68878500,0.0,0.0
2012-06-11 00:00:00+09:00,103.7545081186188,104.75696136119373,102.8773507761477,104.13042449951172,30359000,0.0,0.0
2012-06-12 00:00:00+09:00,102.50147649184372,103.62923565787854,101.8749393728476,103.12801361083984,34233500,0.0,0.0
2012-06-13 00:00:00+09:00,102.62674824629006,103.87982207210509,102.3761277450103,103.7545166015625,28768500,0.0,0.0
2012-06-14 00:00:00+09:00,101.87492307419231,102.87737656808801,101.87492307419231,102.12553405761719,34242000,0.0,0.0
2012-06-15 00:00:00+09:00,101.37367966057609,101.74959609163533,99.49406882469468,99.99530029296875,57849000,0.0,0.0
2012-06-18 00:00:00+09:00,101.37369892961992,101.7496154321331,100.62185636439665,100.74716186523438,51655000,0.0,0.0
2012-06-19 00:00:00+09:00,100.49651114844232,101.49897397473958,100.24590022196503,100.621826171875,36396500,0.0,0.0
2012-06-20 00:00:00+09:00,102.37614504104205,102.37614504104205,101.37369154714636,102.12553405761719,36410500,0.0,0.0
2012-06-21 00:00:00+09:00,103.25329427138227,105.13290517598197,102.37613677978516,102.37613677978516,70912000,0.0,0.0
2012-06-22 00:00:00+09:00,100.87243623705002,101.49897310808761,99.995288441675,100.99774169921875,49996500,0.0,0.0
2012-06-25 00:00:00+09:00,102.25081631436552,102.50143680103685,100.49651114844232,100.621826171875,32348500,0.0,0.0
2012-06-26 00:00:00+09:00,100.37121896726927,100.87245044674557,99.24345052849641,99.86998748779297,42363500,0.0,0.0
2012-06-27 00:00:00+09:00,100.12062480084883,100.8724673660721,99.61939323730103,100.74716186523438,30215500,0.0,0.0
2012-06-28 00:00:00+09:00,101.49897096215226,103.0026555967733,101.24836004311332,102.75204467773438,34685500,0.0,0.0
2012-06-29 00:00:00+09:00,102.8773580239182,104.75696874138391,101.62428421227439,104.2557373046875,40125500,0.0,0.0
2012-07-02 00:00:00+09:00,106.26067280359841,106.76189472610024,105.00759887695312,105.00759887695312,34582000,0.0,0.0
2012-07-03 00:00:00+09:00,105.50883570375233,107.63906741608547,105.50883570375233,106.63660430908203,30205500,0.0,0.0
2012-07-04 00:00:00+09:00,108.01498562690072,109.39337481097559,107.63906912595047,108.89214324951172,40642500,0.0,0.0
2012-07-05 00:00:00+09:00,108.89212319650841,109.51866014290927,107.6390493037067,108.51619720458984,21081000,0.0,0.0
2012-07-06 00:00:00+09:00,107.88966055825486,109.017428976952,107.51374412548589,108.3908920288086,28729000,0.0,0.0
2012-07-09 00:00:00+09:00,107.76435811137173,107.8896635924854,106.13535817630772,106.38597869873047,26155500,0.0,0.0
2012-07-10 00:00:00+09:00,107.0125178632238,107.88966580923724,105.63413842226173,106.615234375,26196500,0.0,0.0
2012-07-11 00:00:00+09:00,105.25820137377976,105.6341273456211,104.6316644608406,105.40447235107422,15044000,0.0,0.0
2012-07-12 00:00:00+09:00,105.88474256701915,106.01004804263343,103.3785948139536,104.38105773925781,32541500,0.0,0.0
2012-07-13 00:00:00+09:00,103.62924037546703,105.88477793061261,103.37862934053894,105.52603149414062,35295500,0.0,0.0
2012-07-17 00:00:00+09:00,107.01252532620511,107.01252532620511,104.88229371416134,106.03764343261719,26729500,0.0,0.0
2012-07-18 00:00:00+09:00,105.50881111633132,105.50881111633132,103.5038949297401,104.2557373046875,22055500,0.0,0.0
2012-07-19 00:00:00+09:00,105.25820922851562,106.13535714800847,104.75697774872172,105.25820922851562,27403000,0.0,0.0
2012-07-20 00:00:00+09:00,107.01251784273538,107.26312881006392,104.13044391747914,104.7569808959961,29062500,0.0,0.0
2012-07-23 00:00:00+09:00,104.25573764951451,104.88227455740869,102.25082145629202,102.5014419555664,25560500,0.0,0.0
2012-07-24 00:00:00+09:00,102.12553344157912,102.2508389325357,100.37122788759866,100.8724594116211,32807000,0.0,0.0
2012-07-25 00:00:00+09:00,100.24591017562982,100.24591017562982,97.86506789691961,98.8675308227539,37431500,0.0,0.0
2012-07-26 00:00:00+09:00,99.49407647646966,99.61938196312624,98.2410024895121,99.09959411621094,28356000,0.0,0.0
2012-07-27 00:00:00+09:00,100.62182502774459,101.24836189700778,100.24589908210912,101.123046875,22448000,0.0,0.0
2012-07-30 00:00:00+09:00,103.25329171342047,103.25329171342047,102.37613424355375,102.62675476074219,20852000,0.0,0.0
2012-07-31 00:00:00+09:00,102.7520602392388,103.00267119623203,101.37368085538562,102.62675476074219,24596000,0.0,0.0
2012-08-01 00:00:00+09:00,101.74960259618113,101.87491764140698,99.86999164014186,100.49652862548828,29085500,0.0,0.0
2012-08-02 00:00:00+09:00,101.24837318054418,102.62675253449667,100.37121572970533,101.42559051513672,66881000,0.0,0.0
2012-08-03 00:00:00+09:00,101.12305929870661,101.74959624494443,100.49652235246879,101.49898529052734,22426500,0.0,0.0
2012-08-06 00:00:00+09:00,103.12797842176762,103.75451532697838,102.62674698556013,103.27684020996094,37560000,0.0,0.0
2012-08-07 00:00:00+09:00,103.75449921661166,104.25572101479803,103.12796240868573,103.81835174560547,25617000,0.0,0.0
2012-08-08 00:00:00+09:00,104.75697416610065,105.13290015313848,104.00513175221998,104.38105773925781,30553500,0.0,0.0
2012-08-09 00:00:00+09:00,104.3810388864642,105.50879752349745,104.00511296732428,105.13288116455078,25069000,0.0,0.0
2012-08-10 00:00:00+09:00,104.50638939011417,105.38353749930442,103.37862070672855,103.87985229492188,19922500,0.0,0.0
2012-08-13 00:00:00+09:00,104.38107449983885,105.25822253017839,103.6292224050375,104.88738250732422,13035500,0.0,0.0
2012-08-14 00:00:00+09:00,105.50879421455377,107.01248828376167,105.0075724183441,105.75941467285156,31328500,0.0,0.0
2012-08-15 00:00:00+09:00,105.38352605943689,105.50883155283339,103.62922047129695,104.55541229248047,21783500,0.0,0.0
2012-08-16 00:00:00+09:00,105.00758247706712,105.88473026464939,104.0051196682355,105.50880432128906,23100500,0.0,0.0
2012-08-17 00:00:00+09:00,105.8847617589278,107.0125303642575,105.75945626060155,106.63660430908203,24989500,0.0,0.0
2012-08-20 00:00:00+09:00,106.76190569256325,107.38844272024306,105.63414669089664,106.01006317138672,16201500,0.0,0.0
2012-08-21 00:00:00+09:00,105.88475799560545,106.51129502516525,105.6341470078601,105.88475799560547,10919500,0.0,0.0
2012-08-22 00:00:00+09:00,105.25820562875276,105.75943709140486,103.8798262766057,104.38105773925781,29735500,0.0,0.0
2012-08-23 00:00:00+09:00,103.62921618706973,104.50637372497452,103.12799423420522,104.00514221191406,22270500,0.0,0.0
2012-08-24 00:00:00+09:00,103.25326785919084,103.50387875828635,102.50142560171135,103.00264739990234,29133500,0.0,0.0
2012-08-27 00:00:00+09:00,103.37859658353662,103.5039020612958,102.50144867902709,102.87736511230469,18691000,0.0,0.0
2012-08-28 00:00:00+09:00,103.00267725049376,103.2532977824131,100.8724553102561,101.74960327148438,33450500,0.0,0.0
2012-08-29 00:00:00+09:00,102.12554898216301,102.62678058245855,101.499011871843,102.2508544921875,19691500,0.0,0.0
2012-08-30 00:00:00+09:00,101.87491956553933,102.37614151512659,100.99776203336987,101.24838256835938,18109500,0.0,0.0
2012-08-31 00:00:00+09:00,100.24591440645858,100.62184040956096,99.49407196044922,99.49407196044922,35043500,0.0,0.0
2012-09-03 00:00:00+09:00,99.36877026527766,99.86999220824941,98.11569628745673,98.74223327636719,32804000,0.0,0.0
2012-09-04 00:00:00+09:00,99.3687846304123,99.74470114198508,98.36632147915734,99.1181640625,31064000,0.0,0.0
2012-09-05 00:00:00+09:00,98.74222316254506,98.8675286354534,96.36138093650753,96.61199188232422,42951500,0.0,0.0
2012-09-06 00:00:00+09:00,96.73728513661597,97.1132110680536,94.73236914273357,96.11074829101562,53039000,0.0,0.0
2012-09-07 00:00:00+09:00,98.61689022799428,98.99281613867406,97.36381660598575,98.49158477783203,55830000,0.0,0.0
2012-09-10 00:00:00+09:00,98.74220625204585,100.12058533836719,98.1156694346095,99.74465942382812,36110500,0.0,0.0
2012-09-11 00:00:00+09:00,98.99281715494313,99.74465942382812,98.61689124040407,99.74465942382812,19706000,0.0,0.0
2012-09-12 00:00:00+09:00,100.24589538574219,101.12304314629,99.74466399677476,100.24589538574219,32483000,0.0,0.0
2012-09-13 00:00:00+09:00,100.62182531271259,101.49897310808761,100.37120482818118,100.99774169921875,29351500,0.0,0.0
2012-09-14 00:00:00+09:00,102.12553120808428,105.25821621446724,102.12553120808428,104.00514221191406,68339500,0.0,0.0
2012-09-18 00:00:00+09:00,104.88227421050941,104.88227421050941,103.12797852236365,104.2557373046875,36466500,0.0,0.0
2012-09-19 00:00:00+09:00,104.00515423223273,105.75945995059895,104.00515423223273,104.50638580322266,34982000,0.0,0.0
2012-09-20 00:00:00+09:00,104.13044291581242,104.88228537076141,103.37860046086342,103.62921142578125,32272000,0.0,0.0
2012-09-21 00:00:00+09:00,103.75454322683628,105.1329228769108,103.5039226612428,104.50638580322266,31388500,0.0,0.0
2012-09-24 00:00:00+09:00,104.00515423223273,104.88230231131732,103.75454322683628,104.50638580322266,23841500,0.0,0.0
2012-09-25 00:00:00+09:00,104.88230231131732,105.00761737421259,104.00515423223273,104.50638580322266,29669000,0.0,0.0
2012-09-26 00:00:00+09:00,102.58057845822744,103.60766220819932,102.19541593005674,102.45219421386719,39405500,4.0,0.0
2012-09-27 00:00:00+09:00,101.42510066880533,102.58057845822744,100.52640116319367,102.45219421386719,36838500,0.0,0.0
2012-09-28 00:00:00+09:00,102.70894438016956,103.09410683963048,101.03992011595652,101.553466796875,36049000,0.0,0.0
2012-10-01 00:00:00+09:00,101.0398919353556,101.16828591609158,99.62764630302925,100.26957702636719,28380000,0.0,0.0
2012-10-02 00:00:00+09:00,100.7831356793117,101.16829807764947,99.49927407830135,99.75604248046875,20855000,0.0,0.0
2012-10-03 00:00:00+09:00,99.49929186881579,99.7560603168935,97.95866159017272,98.47219848632812,30619000,0.0,0.0
2012-10-04 00:00:00+09:00,97.95867780414943,100.14123935932957,97.70189951848174,98.6006088256836,39034000,0.0,0.0
2012-10-05 00:00:00+09:00,99.11412928762616,99.6276759782794,98.21542992529932,98.85736083984375,28820000,0.0,0.0
2012-10-09 00:00:00+09:00,97.83026745853728,100.01283844504142,97.05995232010164,98.85736083984375,34280000,0.0,0.0
2012-10-10 00:00:00+09:00,97.31672427968238,98.47219201518843,96.9315618377885,98.21542358398438,25101000,0.0,0.0
2012-10-11 00:00:00+09:00,97.31673753205162,98.60059945308085,97.18834350387739,97.44512176513672,28184500,0.0,0.0
2012-10-12 00:00:00+09:00,97.18836314802265,98.47222532855183,97.05997888898794,97.31675720214844,27136500,0.0,0.0
2012-10-15 00:00:00+09:00,97.44509747570214,100.26958907989022,97.44509747570214,99.75604248046875,36256000,0.0,0.0
2012-10-16 00:00:00+09:00,100.01283781375595,101.039921393491,99.88445359067511,100.91153717041016,28477500,0.0,0.0
2012-10-17 00:00:00+09:00,101.55347764227307,102.19540861320411,101.29670917193636,101.6818618774414,23891500,0.0,0.0
2012-10-18 00:00:00+09:00,102.58059248914026,105.01993264599622,102.19542990828727,104.50638580322266,50196500,0.0,0.0
2012-10-19 00:00:00+09:00,103.99281050519245,105.53344081686355,103.99281050519245,105.27667236328125,30736500,0.0,0.0
2012-10-22 00:00:00+09:00,103.09411942497914,103.73605040571975,102.83734115562923,103.22250366210938,51377000,0.0,0.0
2012-10-23 00:00:00+09:00,104.1211986688482,104.2495829004936,102.58056829892523,103.35088348388672,25678500,0.0,0.0
2012-10-24 00:00:00+09:00,101.68184215777727,103.35086627655156,101.5534579475071,102.19538879394531,29640500,0.0,0.0
2012-10-25 00:00:00+09:00,101.93864941497687,102.96573318483418,101.6818711261949,102.83734893798828,25833000,0.0,0.0
2012-10-26 00:00:00+09:00,102.45217723264528,102.70894567880696,100.91153717041016,100.91153717041016,33293000,0.0,0.0
2012-10-29 00:00:00+09:00,100.9115414500086,101.68185661625058,100.52638876443199,101.16831970214844,17424000,0.0,0.0
2012-10-30 00:00:00+09:00,101.03992833137458,101.55347505404885,99.88446044921875,99.88446044921875,27319500,0.0,0.0
2012-10-31 00:00:00+09:00,100.26958872636105,102.8373119193285,100.26958872636105,102.5805435180664,44889000,0.0,0.0
2012-11-01 00:00:00+09:00,102.06702437803575,102.19540861320411,101.03993090651038,101.6818618774414,19038500,0.0,0.0
2012-11-02 00:00:00+09:00,101.81023800446889,104.50634564925353,101.29669135901287,103.73603057861328,60811500,0.0,0.0
2012-11-05 00:00:00+09:00,102.96573119130815,104.24959322509049,102.06703168569649,102.45219421386719,34967500,0.0,0.0
2012-11-06 00:00:00+09:00,102.06702234406906,102.32379080928894,101.29670715332031,101.29670715332031,23260500,0.0,0.0
2012-11-07 00:00:00+09:00,102.45218539081398,103.35088481903077,101.55347616750805,102.70895385742188,41201500,0.0,0.0
2012-11-08 00:00:00+09:00,101.42508257541745,102.19539769925107,101.29669835395988,101.553466796875,32098000,0.0,0.0
2012-11-09 00:00:00+09:00,101.03993209935076,101.81025710963361,100.65477938929874,101.42509460449219,24351000,0.0,0.0
2012-11-12 00:00:00+09:00,101.5534680809027,101.68185230398355,100.39799048299845,100.91153717041016,22217000,0.0,0.0
2012-11-13 00:00:00+09:00,100.7831356793117,100.7831356793117,99.37088987721766,99.75604248046875,26357500,0.0,0.0
2012-11-14 00:00:00+09:00,99.62767019718933,100.39798529092593,99.37090176430641,100.01283264160156,26601500,0.0,0.0
2012-11-15 00:00:00+09:00,100.9115446604014,101.5534756185402,100.39799793487255,101.29670715332031,30176500,0.0,0.0
2012-11-16 00:00:00+09:00,101.81025590769904,101.9386401428674,101.168324936768,101.6818618774414,33569000,0.0,0.0
2012-11-19 00:00:00+09:00,102.83733809072582,103.73604731403175,102.32379136242089,102.70895385742188,33038000,0.0,0.0
2012-11-20 00:00:00+09:00,103.47927996730793,103.86444250293579,102.32380215551454,102.83734893798828,31751500,0.0,0.0
2012-11-21 00:00:00+09:00,103.2224992522413,103.47926771553212,102.45218406727982,103.35088348388672,25027000,0.0,0.0
2012-11-22 00:00:00+09:00,104.12121121206911,104.63475799560545,103.73605847073449,104.63475799560547,25189500,0.0,0.0
2012-11-26 00:00:00+09:00,105.14830477914181,106.17538855112431,104.63475799560545,104.63475799560547,29704000,0.0,0.0
2012-11-27 00:00:00+09:00,104.24960478508636,105.53346696123319,104.24960478508636,105.40508270263672,31962000,0.0,0.0
2012-11-28 00:00:00+09:00,105.01993264599622,105.27670116983735,104.12122322236965,104.50638580322266,31297500,0.0,0.0
2012-11-29 00:00:00+09:00,104.6347715344056,105.7902494980983,104.6347715344056,105.661865234375,27084500,0.0,0.0
2012-11-30 00:00:00+09:00,105.79024505615233,106.30379188457411,105.0199297110652,105.79024505615234,34063000,0.0,0.0
2012-12-03 00:00:00+09:00,106.43216280105223,106.9457095650981,105.79023179476734,106.17538452148438,24313000,0.0,0.0
2012-12-04 00:00:00+09:00,105.5334535151995,106.43216280105223,105.40506927296047,106.17538452148438,20605500,0.0,0.0
2012-12-05 00:00:00+09:00,105.6618519569353,106.68893573275017,105.40507366666391,106.04700469970703,24864500,0.0,0.0
2012-12-06 00:00:00+09:00,106.94572297132856,107.45926000465928,105.79024505615233,105.79024505615234,37011000,0.0,0.0
2012-12-07 00:00:00+09:00,106.56056361342921,106.56056361342921,105.53346992562469,105.91863250732422,22908000,0.0,0.0
2012-12-10 00:00:00+09:00,107.45921885872872,107.71599707216524,106.56051959941914,106.68890380859375,36433500,0.0,0.0
2012-12-11 00:00:00+09:00,106.9457095650981,107.33086229181514,105.79023179476734,106.17538452148438,29757000,0.0,0.0
2012-12-12 00:00:00+09:00,107.07411068647083,107.58765753147209,106.81733236642452,107.33087921142578,29919500,0.0,0.0
2012-12-13 00:00:00+09:00,107.97280688896693,108.10119114736607,107.33087580188023,107.58765411376953,29088000,0.0,0.0
2012-12-14 00:00:00+09:00,107.71602188917625,108.35795287803298,107.20247513907296,107.84440612792969,48471500,0.0,0.0
2012-12-17 00:00:00+09:00,109.12825148587449,109.25663570507555,107.97277392288879,108.10115814208984,32474500,0.0,0.0
2012-12-18 00:00:00+09:00,108.74310154536036,110.41212597227933,108.61471731138718,109.77019500732422,43435000,0.0,0.0
2012-12-19 00:00:00+09:00,112.33792082413704,116.7030534208928,112.33792082413704,115.8043441772461,83480500,0.0,0.0
2012-12-20 00:00:00+09:00,116.57468291335728,117.34499821642281,114.26372720907023,116.83145141601562,99532000,0.0,0.0
2012-12-21 00:00:00+09:00,117.47334534028616,117.73011376179281,115.80432121523073,116.18948364257812,53736500,0.0,0.0
2012-12-25 00:00:00+09:00,116.95982189331224,117.47336863324044,115.41919146861696,115.8043441772461,30404500,0.0,0.0
2012-12-26 00:00:00+09:00,116.70303784456259,117.34496873502214,116.18949117317734,116.57465362548828,28692000,0.0,0.0
2012-12-27 00:00:00+09:00,116.95984156750394,117.47338839381752,115.93275770996779,116.06114196777344,40789000,0.0,0.0
2012-12-28 00:00:00+09:00,116.4462661743164,117.21659112235434,115.93272926907594,116.4462661743164,44689500,0.0,0.0
2013-01-04 00:00:00+09:00,121.45336151123045,121.58174577152538,120.68304615436975,121.45336151123047,52031000,0.0,0.0
2013-01-07 00:00:00+09:00,123.37914524187069,123.37914524187069,120.55465255385113,120.68303680419922,37577000,0.0,0.0
2013-01-08 00:00:00+09:00,121.32495896568085,122.22365844739075,120.2978654479355,120.9397964477539,45778500,0.0,0.0
2013-01-09 00:00:00+09:00,119.65593922822698,123.25075688885462,119.52755498215245,122.22366333007812,48837000,0.0,0.0
2013-01-10 00:00:00+09:00,122.6088318824768,123.63592549167515,122.35206337772252,123.25076293945312,32601000,0.0,0.0
2013-01-11 00:00:00+09:00,124.53457765431165,125.30489267047558,123.25071602900947,123.50748443603516,51927000,0.0,0.0
2013-01-15 00:00:00+09:00,124.79137406799201,126.07523598142852,124.02105887894793,125.1765365600586,37289000,0.0,0.0
2013-01-16 00:00:00+09:00,125.17655161523652,125.30493586300334,122.73721172730617,123.37914276123047,34264500,0.0,0.0
2013-01-17 00:00:00+09:00,123.3791153761685,124.66297715905286,121.8384851547425,123.89266204833984,44315500,0.0,0.0
2013-01-18 00:00:00+09:00,126.20365039581195,126.71718740807219,125.4333252872403,126.07525634765625,44951000,0.0,0.0
2013-01-21 00:00:00+09:00,128.00103542106024,128.12942945506478,125.43331146240233,125.43331146240234,36762000,0.0,0.0
2013-01-22 00:00:00+09:00,125.30492079238442,126.46039847349509,124.14944311127377,125.1765365600586,59197500,0.0,0.0
2013-01-23 00:00:00+09:00,123.5074988876066,124.14942977536981,122.22363711208018,122.48041534423828,38532500,0.0,0.0
2013-01-24 00:00:00+09:00,122.09528347727213,124.91978596799454,122.09528347727213,124.2778549194336,31223000,0.0,0.0
2013-01-25 00:00:00+09:00,126.97392360107749,129.1564845646553,126.84553939058834,128.00100708007812,53193500,0.0,0.0
2013-01-28 00:00:00+09:00,129.41325621467422,129.54164041864954,127.48746376978374,127.74423217773438,34285500,0.0,0.0
2013-01-29 00:00:00+09:00,127.74423535864607,129.41325943714565,127.35907294204243,128.25778198242188,34586500,0.0,0.0
2013-01-30 00:00:00+09:00,128.38618212407178,130.31197485593285,128.2577979009654,129.6700439453125,37220000,0.0,0.0
2013-01-31 00:00:00+09:00,129.79844111326696,133.26487425337862,129.54167264144655,132.75132751464844,50066000,0.0,0.0
2013-02-01 00:00:00+09:00,133.26487102255422,133.52163948814962,132.36616180279205,132.62294006347656,31754500,0.0,0.0
2013-02-04 00:00:00+09:00,134.54872823524593,136.988057958361,133.90679729861802,136.6029052734375,37731000,0.0,0.0
2013-02-05 00:00:00+09:00,135.06229553261127,138.27195093780725,134.93391127542162,136.2177734375,41891500,0.0,0.0
2013-02-06 00:00:00+09:00,141.09645101182116,141.8667663360758,139.68420461817252,140.71128845214844,54867000,0.0,0.0
2013-02-07 00:00:00+09:00,141.22483825683594,144.17772515660616,140.83967568900817,141.22483825683594,40022000,0.0,0.0
2013-02-08 00:00:00+09:00,140.96803868901813,142.89383151375833,139.04224586427793,139.81256103515625,37108500,0.0,0.0
2013-02-12 00:00:00+09:00,142.1235130860388,142.50867558674136,139.81256746709113,140.0693359375,35938000,0.0,0.0
2013-02-13 00:00:00+09:00,138.27191162109375,140.3260983323974,136.98804982407304,138.27191162109375,41138000,0.0,0.0
2013-02-14 00:00:00+09:00,137.3732236763681,138.52870134855164,135.319046589758,136.73129272460938,52703500,0.0,0.0
2013-02-15 00:00:00+09:00,136.73128950174532,137.37322043837324,134.54872823524593,136.6029052734375,35715500,0.0,0.0
2013-02-18 00:00:00+09:00,139.04227642666496,139.94097602438146,137.8867985188216,139.42742919921875,39696000,0.0,0.0
2013-02-19 00:00:00+09:00,138.91388237405604,140.5829071070621,138.91388237405604,139.42742919921875,28176500,0.0,0.0
2013-02-20 00:00:00+09:00,140.3261262789655,140.96805730531923,139.42741696501616,139.9409637451172,31488500,0.0,0.0
2013-02-21 00:00:00+09:00,138.9138604173541,139.29902292412018,135.9609837808089,137.37322998046875,33567500,0.0,0.0
2013-02-22 00:00:00+09:00,134.80549669186158,137.24483621006542,134.54872823524593,136.6029052734375,41228500,0.0,0.0
2013-02-25 00:00:00+09:00,140.45450150418057,140.71126998019443,139.81257051905644,140.5828857421875,29928000,0.0,0.0
2013-02-26 00:00:00+09:00,135.96098393291035,138.7854763353898,135.83259969554118,136.98806762695312,40280500,0.0,0.0
2013-02-27 00:00:00+09:00,137.50162933704772,138.0151761375077,135.3190676789559,135.57583618164062,26768500,0.0,0.0
2013-02-28 00:00:00+09:00,136.85968323647714,137.50161421769428,136.21775225526,137.37322998046875,31331000,0.0,0.0
2013-03-01 00:00:00+09:00,137.62998371235145,139.81255469175204,137.37321526540472,139.17062377929688,28574000,0.0,0.0
2013-03-04 00:00:00+09:00,140.83965976405887,141.22482228833576,137.63000471205126,138.01516723632812,36970000,0.0,0.0
2013-03-05 00:00:00+09:00,139.55578278147092,140.7112604353328,138.91385183989084,139.81256103515625,29446500,0.0,0.0
2013-03-06 00:00:00+09:00,141.22481150523703,143.0222201561397,140.83964901036893,142.76544189453125,48713000,0.0,0.0
2013-03-07 00:00:00+09:00,144.5628545237777,147.38735670866572,144.43447028698492,146.4886474609375,52079500,0.0,0.0
2013-03-08 00:00:00+09:00,149.44152942300514,152.26602172851562,149.31314519004357,152.26602172851562,88227500,0.0,0.0
2013-03-11 00:00:00+09:00,154.06344352593212,157.78664537016013,152.90796574046962,157.14471435546875,54216000,0.0,0.0
2013-03-12 00:00:00+09:00,159.19886726514892,159.32725148940958,156.631143599582,157.40145874023438,42819000,0.0,0.0
2013-03-13 00:00:00+09:00,157.1447294445056,157.1447294445056,153.4215272427757,153.54991149902344,50744000,0.0,0.0
2013-03-14 00:00:00+09:00,154.44859272710642,154.57697695994983,151.49570639626228,152.65118408203125,40009500,0.0,0.0
2013-03-15 00:00:00+09:00,153.93505012906834,155.98922729492188,153.0363408848835,155.98922729492188,60341000,0.0,0.0
2013-03-18 00:00:00+09:00,154.32018396852072,155.47566154399345,152.5227852901056,154.06341552734375,30178500,0.0,0.0
2013-03-19 00:00:00+09:00,155.98923657000626,157.14471435546875,154.7053745406235,157.14471435546875,19850500,0.0,0.0
2013-03-21 00:00:00+09:00,158.3001917030297,158.42857594659483,155.7324676513672,155.7324676513672,40885000,0.0,0.0
2013-03-22 00:00:00+09:00,154.96218578737486,156.37444224545357,152.779623653223,153.03639221191406,38852000,0.0,0.0
2013-03-25 00:00:00+09:00,155.9892489478394,157.01634257088205,155.4757021363181,156.2460174560547,39104500,0.0,0.0
2013-03-26 00:00:00+09:00,155.98923017629994,156.37439268736367,154.32020568847656,154.32020568847656,30322500,0.0,0.0
2013-03-27 00:00:00+09:00,154.05908379590454,155.49522580522648,153.4062910679558,153.6674041748047,28992500,4.0,0.0
2013-03-28 00:00:00+09:00,153.40630017995144,153.53685674113066,146.87837251271947,150.01177978515625,49146500,0.0,0.0
2013-03-29 00:00:00+09:00,147.92280514186612,149.35894685025983,146.74777648560783,147.66168212890625,33384500,0.0,0.0
2013-04-01 00:00:00+09:00,146.87834481498126,147.13945788810003,143.2227020263672,143.2227020263672,34580000,0.0,0.0
2013-04-02 00:00:00+09:00,137.0864826602468,141.26435243318056,135.25866089927806,137.6087188720703,76288000,0.0,0.0
2013-04-03 00:00:00+09:00,140.21987031980834,140.21987031980834,136.04199117153945,139.56707763671875,38429500,0.0,0.0
2013-04-04 00:00:00+09:00,138.39204487829392,141.65600820089517,134.86696847421476,141.52545166015625,51904000,0.0,0.0
2013-04-05 00:00:00+09:00,144.65889366615187,153.275756943842,141.78659926636982,142.43939208984375,106126000,0.0,0.0
2013-04-08 00:00:00+09:00,147.92282920798502,148.4450553972188,142.96160072365558,145.4422149658203,45584000,0.0,0.0
2013-04-09 00:00:00+09:00,148.7061744132692,151.44790167557565,147.53114559775906,148.83673095703125,50588500,0.0,0.0
2013-04-10 00:00:00+09:00,152.4923817316723,158.6286292491612,151.70902250745988,157.3230438232422,85484000,0.0,0.0
2013-04-11 00:00:00+09:00,161.23978547127018,162.0231346635809,158.62861485635082,161.892578125,63321000,0.0,0.0
2013-04-12 00:00:00+09:00,161.89261540066818,161.89261540066818,159.02033104724546,159.80368041992188,39462500,0.0,0.0
2013-04-15 00:00:00+09:00,156.67027464163834,158.1064168336878,154.32021653768263,156.27859497070312,32336500,0.0,0.0
2013-04-16 00:00:00+09:00,150.53399658203125,152.492374629703,150.27287353251285,150.53399658203125,54800000,0.0,0.0
2013-04-17 00:00:00+09:00,149.88122322397703,150.66457255187944,148.57563769053064,150.01177978515625,45490500,0.0,0.0
2013-04-18 00:00:00+09:00,149.0978481463157,149.62008429655674,146.8783569588239,148.3144989013672,53370500,0.0,0.0
2013-04-19 00:00:00+09:00,147.79225556098515,148.053378603815,143.74494302496586,145.83387756347656,49716000,0.0,0.0
2013-04-22 00:00:00+09:00,151.57849176203038,152.62296426490903,150.79514236528541,151.83961486816406,46994500,0.0,0.0
2013-04-23 00:00:00+09:00,151.83957236830514,152.75347808190094,149.35895833891263,149.6200714111328,44017000,0.0,0.0
2013-04-24 00:00:00+09:00,152.75352654513657,155.49525451660156,152.49241339007452,155.49525451660156,48428500,0.0,0.0
2013-04-25 00:00:00+09:00,156.53970551139247,159.28143310546875,155.7563561932031,159.28143310546875,54608500,0.0,0.0
2013-04-26 00:00:00+09:00,159.934201542367,160.06475808207324,156.67023824558402,157.19247436523438,33519500,0.0,0.0
2013-04-30 00:00:00+09:00,156.27857149817643,159.93421467508023,156.1480149477498,157.3230438232422,35266500,0.0,0.0
2013-05-01 00:00:00+09:00,157.3230366740368,157.97582935733158,154.7118659408578,154.84242248535156,31738500,0.0,0.0
2013-05-02 00:00:00+09:00,153.6674259993724,154.58134192479517,152.2312837860828,153.01463317871094,36889000,0.0,0.0
2013-05-07 00:00:00+09:00,158.4980797495939,160.0647783460615,157.8452870075946,158.36752319335938,39073500,0.0,0.0
2013-05-08 00:00:00+09:00,159.93419488173356,162.54536541041495,154.8424103586399,156.40911865234375,69514000,0.0,0.0
2013-05-09 00:00:00+09:00,158.62866668701173,159.28145955403647,156.5397315046983,156.6702880859375,34030000,0.0,0.0
2013-05-10 00:00:00+09:00,160.19530575395532,160.19530575395532,157.45357872859464,157.97581481933594,45178000,0.0,0.0
2013-05-13 00:00:00+09:00,161.8926197077439,162.5454125291461,161.23982688634172,162.41485595703125,50690000,0.0,0.0
2013-05-14 00:00:00+09:00,163.19818571796569,168.02884803088676,162.54539297509382,165.80935668945312,60511000,0.0,0.0
2013-05-15 00:00:00+09:00,168.4205470066663,172.85953019942,168.02886733162197,171.29283142089844,54890000,0.0,0.0
2013-05-16 00:00:00+09:00,175.86237002898844,175.86237002898844,171.55393371916418,173.90399169921875,50872500,0.0,0.0
2013-05-17 00:00:00+09:00,174.94843814247534,175.7317973266993,171.68447474429482,173.64285278320312,30069500,0.0,0.0
2013-05-20 00:00:00+09:00,174.68735821920012,183.6958909397801,174.5567916898243,181.2152862548828,47603500,0.0,0.0
2013-05-21 00:00:00+09:00,181.21527456540548,188.52654154075609,180.04023564178644,187.87374877929688,51422500,0.0,0.0
2013-05-22 00:00:00+09:00,193.22665857376322,204.71581523004755,188.39599609375,188.39599609375,83101000,0.0,0.0
2013-05-23 00:00:00+09:00,192.31276511566875,195.18504948496252,177.1679640097118,177.4290771484375,93661500,0.0,0.0
2013-05-24 00:00:00+09:00,180.17081428277618,182.65141897452904,168.42054378607338,173.77345275878906,75115500,0.0,0.0
2013-05-27 00:00:00+09:00,167.89832800894212,171.81508508608707,166.72328893280462,169.46502685546875,41473000,0.0,0.0
2013-05-28 00:00:00+09:00,166.98440479955025,173.25120987446434,165.8093757352451,171.29283142089844,42232500,0.0,0.0
2013-05-29 00:00:00+09:00,177.2985299234688,181.08472022596644,173.77345275878906,173.77345275878906,42341500,0.0,0.0
2013-05-30 00:00:00+09:00,169.33442572820618,172.59838929244168,166.98437793845244,168.55108642578125,49084000,0.0,0.0
2013-05-31 00:00:00+09:00,169.59561381921756,173.90405161340365,167.1150083822087,167.24557495117188,44150000,0.0,0.0
2013-06-03 00:00:00+09:00,168.94275388657667,171.03169863242803,165.15656394658126,165.80935668945312,39662500,0.0,0.0
2013-06-04 00:00:00+09:00,165.80934373987574,167.63715530850493,159.281416820983,164.24264526367188,52714000,0.0,0.0
2013-06-05 00:00:00+09:00,163.72039954760865,168.15939158513663,161.50089854843193,161.892578125,53455500,0.0,0.0
2013-06-06 00:00:00+09:00,161.1092594521954,164.373223339149,156.67026657377306,160.4564666748047,57028000,0.0,0.0
2013-06-07 00:00:00+09:00,156.8008035810159,161.3703524528405,154.18963279711616,157.84527587890625,47673000,0.0,0.0
2013-06-10 00:00:00+09:00,161.76203686062712,163.19817884227385,156.80080823949146,159.0203094482422,60174500,0.0,0.0
2013-06-11 00:00:00+09:00,160.58702323811738,163.850987125071,159.02032455671056,160.4564666748047,43109000,0.0,0.0
2013-06-12 00:00:00+09:00,156.67022957289515,159.02028700081854,153.79794601505537,157.97581481933594,37115500,0.0,0.0
2013-06-13 00:00:00+09:00,154.05907969035292,154.58131585096004,149.09785110582462,149.88121032714844,47874000,0.0,0.0
2013-06-14 00:00:00+09:00,152.62293534703625,154.58131344825358,150.01176454541312,151.44790649414062,60592500,0.0,0.0
2013-06-17 00:00:00+09:00,150.53398813108117,154.97297015460614,148.44504369551026,154.1896209716797,28045500,0.0,0.0
2013-06-18 00:00:00+09:00,156.0174649659896,157.32305044687655,151.83959541148207,153.7979736328125,23650500,0.0,0.0
2013-06-19 00:00:00+09:00,157.4536094506763,162.93707453214702,156.1480239494919,162.54539489746094,49731500,0.0,0.0
2013-06-20 00:00:00+09:00,160.58702281383495,160.58702281383495,157.1925023725372,158.7592010498047,46881000,0.0,0.0
2013-06-21 00:00:00+09:00,154.84240493686724,163.19815232823797,154.84240493686724,162.8064727783203,75373500,0.0,0.0
2013-06-24 00:00:00+09:00,161.10925482179525,162.80651001773438,157.9758475882108,159.28143310546875,28022000,0.0,0.0
2013-06-25 00:00:00+09:00,157.97586082508306,159.28144645173663,154.32021708612191,156.5397186279297,37043000,0.0,0.0
2013-06-26 00:00:00+09:00,157.1924891338687,157.97583840652916,150.66456192698732,151.18679809570312,47437500,0.0,0.0
2013-06-27 00:00:00+09:00,151.05622923748163,151.31735229819833,148.05338874543662,149.88121032714844,47942000,0.0,0.0
2013-06-28 00:00:00+09:00,151.18681295442002,152.36183199847898,149.2284345998852,149.4895477294922,66607000,0.0,0.0
2013-07-01 00:00:00+09:00,151.97013376468945,151.97013376468945,148.83672699370942,150.79510498046875,45402500,0.0,0.0
2013-07-02 00:00:00+09:00,151.31737602599202,153.66742417599133,150.272903540996,153.40631103515625,64461000,0.0,0.0
2013-07-03 00:00:00+09:00,154.32021460561018,154.7118942716416,151.05625059144052,153.536865234375,52523000,0.0,0.0
2013-07-04 00:00:00+09:00,152.75351789290036,153.53686727454453,151.05625259864811,151.70904541015625,35839000,0.0,0.0
2013-07-05 00:00:00+09:00,153.40631113179555,156.80083176892927,153.01463145946832,156.5397186279297,41445000,0.0,0.0
2013-07-08 00:00:00+09:00,160.4564575218112,160.4564575218112,154.84243597216334,155.23411560058594,36278000,0.0,0.0
2013-07-09 00:00:00+09:00,159.02031297985283,159.02031297985283,157.0619347902528,158.23695373535156,29724000,0.0,0.0
2013-07-10 00:00:00+09:00,159.6730997967656,159.9342128947122,156.53969281727538,157.7147216796875,28545500,0.0,0.0
2013-07-11 00:00:00+09:00,156.14801725375162,159.15086776204214,156.14801725375162,158.62863159179688,23025500,0.0,0.0
2013-07-12 00:00:00+09:00,159.80365462194257,161.23979656680967,159.15086192329153,160.9786834716797,34148500,0.0,0.0
2013-07-16 00:00:00+09:00,161.76205444335938,163.06764001600823,160.8481385660087,161.76205444335938,47750500,0.0,0.0
2013-07-17 00:00:00+09:00,161.8926220749129,162.93709458875972,160.3259232649708,162.2843017578125,22601000,0.0,0.0
2013-07-18 00:00:00+09:00,163.06763733805087,165.417685353729,162.1537214757089,164.764892578125,176107500,0.0,0.0
2013-07-19 00:00:00+09:00,165.93991339736232,166.33159302777372,159.15087284962738,162.93707275390625,37579500,0.0,0.0
2013-07-22 00:00:00+09:00,165.5482544237841,165.80936755371093,162.1537239697706,163.1981964111328,16889500,0.0,0.0
2013-07-23 00:00:00+09:00,162.54539480689704,164.89545269205038,162.15371517242917,163.98153686523438,17056500,0.0,0.0
2013-07-24 00:00:00+09:00,164.11209815172313,164.76489092076073,162.80651261364793,163.72042846679688,29382500,0.0,0.0
2013-07-25 00:00:00+09:00,164.7648993308491,165.15657899659502,162.15372812141675,162.67596435546875,19392000,0.0,0.0
2013-07-26 00:00:00+09:00,159.67311466375625,160.84813367474692,156.67026395364718,157.45361328125,29489500,0.0,0.0
2013-07-29 00:00:00+09:00,153.92854032173466,154.581333105151,152.36183166503906,152.36183166503906,25780000,0.0,0.0
2013-07-30 00:00:00+09:00,151.57848523219158,154.3202129831023,150.79513586919248,152.49240112304688,28162500,0.0,0.0
2013-07-31 00:00:00+09:00,152.492415844703,155.7563801396596,152.23129272460938,152.23129272460938,41092500,0.0,0.0
2013-08-01 00:00:00+09:00,152.7534965903072,155.6257805760508,151.83959076597782,154.05908203125,35122500,0.0,0.0
2013-08-02 00:00:00+09:00,156.80080764392815,160.19532775878906,156.80080764392815,160.19532775878906,34114000,0.0,0.0
2013-08-05 00:00:00+09:00,159.0203070910729,159.0203070910729,157.06192897399478,157.7147216796875,21533500,0.0,0.0
2013-08-06 00:00:00+09:00,157.19249827002145,159.28143310546875,155.6257896728157,159.28143310546875,23232000,0.0,0.0
2013-08-07 00:00:00+09:00,156.2786083813912,157.975873819987,155.364702351888,156.6702880859375,34374500,0.0,0.0
2013-08-08 00:00:00+09:00,155.3646763024954,159.15087628858714,153.79797766864976,154.71188354492188,32588500,0.0,0.0
2013-08-09 00:00:00+09:00,154.45077042622327,156.1480256194182,154.05909078734837,154.71188354492188,34850500,0.0,0.0
2013-08-12 00:00:00+09:00,154.1896605156221,157.71474768408348,153.53686770229532,156.5397186279297,24704500,0.0,0.0
2013-08-13 00:00:00+09:00,156.80082051477646,157.58416984237928,155.75635806491508,157.45361328125,24466000,0.0,0.0
2013-08-14 00:00:00+09:00,158.2369455199956,158.88973821597054,156.0174543380112,157.84527587890625,29905500,0.0,0.0
2013-08-15 00:00:00+09:00,156.1480389556025,158.49809706791007,155.8869258146029,156.5397186279297,18136000,0.0,0.0
2013-08-16 00:00:00+09:00,154.71182984596044,156.8007639529817,154.18959382899922,155.7563018798828,20065000,0.0,0.0
2013-08-19 00:00:00+09:00,156.01741490795166,156.8007639529817,154.4507168178916,155.7563018798828,18610000,0.0,0.0
2013-08-20 00:00:00+09:00,154.71187896073633,156.01746443719824,152.1007080078125,152.1007080078125,26716500,0.0,0.0
2013-08-21 00:00:00+09:00,152.10072508139223,153.6674238446806,150.40345978714,151.70904541015625,30749000,0.0,0.0
2013-08-22 00:00:00+09:00,151.97015783313807,154.18964925198296,151.44792162846073,152.88406372070312,22946000,0.0,0.0
2013-08-23 00:00:00+09:00,154.71186257298183,158.49806204583598,154.58130603133012,157.06192016601562,37421500,0.0,0.0
2013-08-26 00:00:00+09:00,158.6286530746588,159.02033274559403,156.1480384006673,156.27859497070312,31356500,0.0,0.0
2013-08-27 00:00:00+09:00,156.14800445280218,159.02029817326854,155.88689136949873,157.06192016601562,43934500,0.0,0.0
2013-08-28 00:00:00+09:00,152.75349426924825,152.88405081919345,149.62008726643174,149.88121032714844,50130000,0.0,0.0
2013-08-29 00:00:00+09:00,150.53399117416222,150.9256607931305,148.83672627615655,149.09783935546875,28454000,0.0,0.0
2013-08-30 00:00:00+09:00,149.7506407919554,150.01176384739836,145.18109191037735,145.4422149658203,47076500,0.0,0.0
2013-09-02 00:00:00+09:00,145.8338993306549,145.96446585197097,143.6144079198606,145.1811065673828,31363000,0.0,0.0
2013-09-03 00:00:00+09:00,147.53113695089579,149.8811944441782,147.27002387867563,149.6200714111328,30252000,0.0,0.0
2013-09-04 00:00:00+09:00,148.31451460734507,150.14233634633547,147.7922784018011,150.01177978515625,23452500,0.0,0.0
2013-09-05 00:00:00+09:00,150.40343652692928,150.40343652692928,148.83673800593417,149.88121032714844,29269000,0.0,0.0
2013-09-06 00:00:00+09:00,150.53402437774974,150.53402437774974,148.18396630228116,148.96731567382812,32169000,0.0,0.0
2013-09-09 00:00:00+09:00,153.01462306726995,154.84244483650232,151.83960403638878,154.45077514648438,67476500,0.0,0.0
2013-09-10 00:00:00+09:00,155.8869087815967,158.6286363058284,155.62578570830095,158.36752319335938,39437000,0.0,0.0
2013-09-11 00:00:00+09:00,159.15084353329763,159.80363615651802,156.80078610537424,157.97581481933594,32182000,0.0,0.0
2013-09-12 00:00:00+09:00,158.10638246005513,158.49806204583598,156.27856099445393,157.06192016601562,19825500,0.0,0.0
2013-09-13 00:00:00+09:00,158.6286363058284,158.8897494182974,156.4091449673615,158.36752319335938,38249000,0.0,0.0
2013-09-17 00:00:00+09:00,159.80366457612772,160.19533424321983,157.97584291388435,159.54254150390625,22899500,0.0,0.0
2013-09-18 00:00:00+09:00,159.93426513671875,160.97873779133113,158.75923589048716,159.93426513671875,32944500,0.0,0.0
2013-09-19 00:00:00+09:00,161.5009400305714,162.67596910126096,160.71759063705437,162.41485595703125,31332000,0.0,0.0
2013-09-20 00:00:00+09:00,163.19819895950164,166.2010498046875,162.6759627306657,166.2010498046875,45697500,0.0,0.0
2013-09-24 00:00:00+09:00,165.2871205029903,166.331592875916,164.76488431652746,165.80935668945312,32625500,0.0,0.0
2013-09-25 00:00:00+09:00,165.41765949885993,166.3315752183564,165.15654641376133,165.9398956298828,27718500,0.0,0.0
2013-09-26 00:00:00+09:00,163.0193494069725,167.7984161376953,162.88658939454015,167.7984161376953,27557000,4.2,0.0
2013-09-27 00:00:00+09:00,167.2674400465387,167.93119972926306,165.93992068108997,166.3381805419922,26169000,0.0,0.0
2013-09-30 00:00:00+09:00,162.62109283907043,163.1521025147906,159.30229502602816,159.5677947998047,42661500,0.0,0.0
2013-10-01 00:00:00+09:00,160.49708400966526,162.88661265212943,159.56781443078884,160.3643341064453,27648500,0.0,0.0
2013-10-02 00:00:00+09:00,160.09880421476205,161.82458312600002,157.7092758701639,157.84202575683594,36278500,0.0,0.0
2013-10-03 00:00:00+09:00,157.44377576704295,158.5057951828475,154.39048767089844,154.39048767089844,35266500,0.0,0.0
2013-10-04 00:00:00+09:00,153.0629738509667,155.45250242835428,152.66471402398471,153.9922332763672,20940000,0.0,0.0
2013-10-07 00:00:00+09:00,153.99222711931193,154.78873661326105,151.20443882640623,151.33718872070312,22005500,0.0,0.0
2013-10-08 00:00:00+09:00,151.07168736294133,152.664706334293,150.67342755601962,151.20443725585938,21541000,0.0,0.0
2013-10-09 00:00:00+09:00,150.67343667559743,154.39049467128473,150.0096770426653,154.12498474121094,20951000,0.0,0.0
2013-10-10 00:00:00+09:00,154.3905036944466,155.58526300101613,153.46123407713065,155.31976318359375,20859000,0.0,0.0
2013-10-11 00:00:00+09:00,158.63853454589844,159.03679433242692,157.70927521488804,158.63853454589844,32154000,0.0,0.0
2013-10-15 00:00:00+09:00,160.4970997577963,161.02810955094768,157.70931100396334,158.2403106689453,22631000,0.0,0.0
2013-10-16 00:00:00+09:00,158.63856669799682,159.1695764782683,156.64728761810565,157.04554748535156,15726500,0.0,0.0
2013-10-17 00:00:00+09:00,159.30232953421677,159.56782936550607,155.98353100225393,157.31105041503906,27479500,0.0,0.0
2013-10-18 00:00:00+09:00,157.1782706889021,157.70928037893853,156.11625130882925,156.51451110839844,22327000,0.0,0.0
2013-10-21 00:00:00+09:00,157.5765494161512,159.036828865057,157.44379950120594,158.10755920410156,27262000,0.0,0.0
2013-10-22 00:00:00+09:00,158.10753695430424,158.7712965637918,157.70928726551242,158.373046875,15995500,0.0,0.0
2013-10-23 00:00:00+09:00,158.77132301886712,158.90407293725033,155.8507843017578,155.8507843017578,31172500,0.0,0.0
2013-10-24 00:00:00+09:00,154.65601324405617,156.24903250517352,153.99225353056238,155.71803283691406,27512500,0.0,0.0
2013-10-25 00:00:00+09:00,154.3904876532832,154.52323754820168,150.54067993164062,150.54067993164062,58749500,0.0,0.0
2013-10-28 00:00:00+09:00,152.39923578294605,156.2490340569075,151.73547606286036,155.8507843017578,35784500,0.0,0.0
2013-10-29 00:00:00+09:00,154.2577436575666,156.3817827096209,153.85949393143304,155.31976318359375,21904000,0.0,0.0
2013-10-30 00:00:00+09:00,156.5145158195405,157.3110253144866,155.85075621905742,156.9127655029297,24910500,0.0,0.0
2013-10-31 00:00:00+09:00,157.31103434509808,157.974793983685,155.45250533142107,156.38177490234375,25347000,0.0,0.0
2013-11-01 00:00:00+09:00,156.2490242814568,156.38178431970368,152.66472606850724,153.72674560546875,23442000,0.0,0.0
2013-11-05 00:00:00+09:00,155.71799653857968,160.36431344996583,153.4612079618633,158.63853454589844,49116000,0.0,0.0
2013-11-06 00:00:00+09:00,159.56780841399734,163.55036612943655,159.43505851578297,163.2848663330078,52471000,0.0,0.0
2013-11-07 00:00:00+09:00,161.95734625834666,163.5503652850304,161.55908643759173,162.35560607910156,25785000,0.0,0.0
2013-11-08 00:00:00+09:00,160.62986419989988,162.75389343641328,159.70060457397852,162.0901336669922,31994500,0.0,0.0
2013-11-11 00:00:00+09:00,164.34691166077673,164.61241149902344,163.1521421323273,164.61241149902344,32301000,0.0,0.0
2013-11-12 00:00:00+09:00,164.3469482202242,166.73647768051106,164.0814381947444,166.47097778320312,32201000,0.0,0.0
2013-11-13 00:00:00+09:00,166.47097778320312,167.26748760329875,165.40895793762772,166.47097778320312,21519000,0.0,0.0
2013-11-14 00:00:00+09:00,166.47090847450738,167.79842766468977,165.5416389644791,166.2053985595703,28603500,0.0,0.0
2013-11-15 00:00:00+09:00,167.2674399915872,168.5949593565998,166.73643021994835,168.06394958496094,30693000,0.0,0.0
2013-11-18 00:00:00+09:00,169.12593523668315,169.65694490191166,167.53290624099756,167.7984161376953,26100000,0.0,0.0
2013-11-19 00:00:00+09:00,167.40015635673217,169.12593523668315,167.26740647246677,167.7984161376953,23611000,0.0,0.0
2013-11-20 00:00:00+09:00,169.25871044397354,169.92247009277344,168.19669095462632,169.92247009277344,29542500,0.0,0.0
2013-11-21 00:00:00+09:00,169.92248606108993,170.85174560546875,162.35562940494978,170.85174560546875,34559000,0.0,0.0
2013-11-22 00:00:00+09:00,171.38274914135212,172.4447483726192,170.85172926938168,172.0465087890625,34662500,0.0,0.0
2013-11-25 00:00:00+09:00,174.03776734750699,175.49802624763052,172.5774881910489,173.77224731445312,34488000,0.0,0.0
2013-11-26 00:00:00+09:00,173.6395266306736,173.90502643656131,171.1172278338985,171.51548767089844,26087000,0.0,0.0
2013-11-27 00:00:00+09:00,169.92249202576437,171.25001149471566,169.52423213381107,170.0552520751953,26819500,0.0,0.0
2013-11-28 00:00:00+09:00,171.25000164169285,171.91376133797846,168.5949628565503,169.656982421875,22348500,0.0,0.0
2013-11-29 00:00:00+09:00,170.98448805912304,172.31200734489832,169.3914588392917,171.51548767089844,37045000,0.0,0.0
2013-12-02 00:00:00+09:00,172.57747224785507,173.63949151295455,170.1879339654644,170.32069396972656,25241000,0.0,0.0
2013-12-03 00:00:00+09:00,171.11722935807848,171.5154891986258,169.92247009277344,169.92247009277344,20176000,0.0,0.0
2013-12-04 00:00:00+09:00,168.59494247738078,169.78971181190923,167.26742324527544,167.93118286132812,25946500,0.0,0.0
2013-12-05 00:00:00+09:00,166.73642043530384,168.3294496567361,165.93991088867188,165.93991088867188,28299000,0.0,0.0
2013-12-06 00:00:00+09:00,166.0726486661856,166.8691581546615,164.74512947600317,166.2053985595703,23328500,0.0,0.0
2013-12-09 00:00:00+09:00,167.93118516225664,169.1259545131553,166.33816611317044,167.26742553710938,25533000,0.0,0.0
2013-12-10 00:00:00+09:00,169.25866858573445,169.9224280703844,167.9311496164346,169.39141845703125,32116000,0.0,0.0
2013-12-11 00:00:00+09:00,169.25873841756976,170.98451784093854,168.9932385654377,170.5862579345703,25855000,0.0,0.0
2013-12-12 00:00:00+09:00,170.45347993990896,170.45347993990896,167.00194171279009,168.1967010498047,34169000,0.0,0.0
2013-12-13 00:00:00+09:00,167.00198770599084,168.4622573975281,165.54170788628167,166.47097778320312,57626500,0.0,0.0
2013-12-16 00:00:00+09:00,165.9399373893823,166.60369713893982,163.4176483154297,163.4176483154297,27408500,0.0,0.0
2013-12-17 00:00:00+09:00,165.01066425469227,167.00194334001114,164.61240438636082,166.6036834716797,22836000,0.0,0.0
2013-12-18 00:00:00+09:00,165.01066507018706,166.47093438100384,165.01066507018706,165.8071746826172,37689000,0.0,0.0
2013-12-19 00:00:00+09:00,166.60367053222657,167.79843991625867,165.40890114819445,165.93991088867188,43583500,0.0,0.0
2013-12-20 00:00:00+09:00,165.6744012587251,166.33816086292165,165.40889134014583,165.54164123535156,39043000,0.0,0.0
2013-12-24 00:00:00+09:00,165.9399309465962,166.60369067038258,164.34691166077673,164.61241149902344,38433500,0.0,0.0
2013-12-25 00:00:00+09:00,164.47963194553776,165.80715115393087,164.47963194553776,165.54164123535156,33153500,0.0,0.0
2013-12-26 00:00:00+09:00,167.00195324533945,171.1172514452847,166.73644327464734,170.0552520751953,31073000,0.0,0.0
2013-12-27 00:00:00+09:00,171.11724159990035,171.51550146893942,168.99322272558936,169.656982421875,29244500,0.0,0.0
2013-12-30 00:00:00+09:00,171.38271836665956,172.57747741546407,170.71895883813855,172.44471740722656,34119500,0.0,0.0
2014-01-06 00:00:00+09:00,172.843024257357,173.77228379914635,171.38276505064192,172.9757843017578,30427500,0.0,0.0
2014-01-07 00:00:00+09:00,172.44471740722656,173.37399695222263,171.5154581185638,172.44471740722656,25395000,0.0,0.0
2014-01-08 00:00:00+09:00,173.6395345788214,175.6308135986328,172.97577490555096,175.6308135986328,25406500,0.0,0.0
2014-01-09 00:00:00+09:00,176.02908806021,176.16182785207582,173.37404914682125,174.70156860351562,22967500,0.0,0.0
2014-01-10 00:00:00+09:00,172.8430292103399,174.96706844358664,172.71028941847408,174.70156860351562,23386000,0.0,0.0
2014-01-14 00:00:00+09:00,173.63951738427403,174.7015368076085,172.84299775268929,174.17051696777344,43083500,0.0,0.0
2014-01-15 00:00:00+09:00,176.29456937163826,178.0203485352286,176.16180933738622,177.88758850097656,33377000,0.0,0.0
2014-01-16 00:00:00+09:00,179.87886747673377,182.26840629890987,177.88758850097656,177.88758850097656,37660500,0.0,0.0
2014-01-17 00:00:00+09:00,177.8875823814982,181.73738016632436,177.35658277543132,180.80812072753906,30978000,0.0,0.0
2014-01-20 00:00:00+09:00,181.4718816199708,182.13564126031915,179.8788625344021,181.33914184570312,23131500,0.0,0.0
2014-01-21 00:00:00+09:00,182.13561826517238,182.13561826517238,180.277099609375,180.277099609375,21620000,0.0,0.0
2014-01-22 00:00:00+09:00,180.80812197962246,181.7373814248428,179.0823428634494,181.33914184570312,24249500,0.0,0.0
2014-01-23 00:00:00+09:00,181.87017268428096,181.87017268428096,179.2151336669922,179.2151336669922,28888000,0.0,0.0
2014-01-24 00:00:00+09:00,176.95832305058667,177.62208268674314,174.03778470276544,175.2325439453125,36049000,0.0,0.0
2014-01-27 00:00:00+09:00,169.12598187404905,171.51551083425196,169.12598187404905,170.4534912109375,35410500,0.0,0.0
2014-01-28 00:00:00+09:00,170.71900198719968,171.3827616834853,169.39147246645922,169.656982421875,31169000,0.0,0.0
2014-01-29 00:00:00+09:00,171.1172368520836,171.38275692830146,169.65697771457457,170.9844970703125,32798500,0.0,0.0
2014-01-30 00:00:00+09:00,167.53293750235613,167.53293750235613,165.54165848230514,167.00193786621094,36170500,0.0,0.0
2014-01-31 00:00:00+09:00,169.39145199101043,171.38274096733642,166.86916342437664,167.93118286132812,32376500,0.0,0.0
2014-02-03 00:00:00+09:00,167.40020591083615,167.66571588613064,164.08140718092994,164.2141571044922,26528500,0.0,0.0
2014-02-04 00:00:00+09:00,159.56782936550607,159.8333393249647,155.58527112715063,157.31105041503906,49680500,0.0,0.0
2014-02-05 00:00:00+09:00,159.9660545886366,162.3555930652939,156.9127565493709,159.5677947998047,49011000,0.0,0.0
2014-02-06 00:00:00+09:00,157.97480571039495,163.15213330132744,157.842055798457,161.69186401367188,40697000,0.0,0.0
2014-02-07 00:00:00+09:00,163.94862516501203,169.39145199101043,163.94862516501203,167.93118286132812,37690500,0.0,0.0
2014-02-10 00:00:00+09:00,172.31202507259178,172.84302473899714,168.9932265167111,170.85174560546875,40161000,0.0,0.0
2014-02-12 00:00:00+09:00,173.7722630103826,175.3653023272584,172.17924394984314,173.3740234375,32756000,0.0,0.0
2014-02-13 00:00:00+09:00,173.24123175650067,174.30325102160015,169.39142458072294,170.32069396972656,21846000,0.0,0.0
2014-02-14 00:00:00+09:00,168.99318535241775,171.38272378186264,165.27612782398504,167.7984161376953,33897000,0.0,0.0
2014-02-17 00:00:00+09:00,167.9311496164346,169.52416832832805,165.5416114204284,169.39141845703125,19284500,0.0,0.0
2014-02-18 00:00:00+09:00,170.32074546445176,173.5067839666835,169.78973567135665,172.9757843017578,32395000,0.0,0.0
2014-02-19 00:00:00+09:00,172.44477053702695,173.63955021027334,170.85175122903792,173.5067901611328,23794500,0.0,0.0
2014-02-20 00:00:00+09:00,172.57752906619095,172.9757889537654,168.3294708635218,168.594970703125,33435000,0.0,0.0
2014-02-21 00:00:00+09:00,169.9224775344546,171.1172368520836,169.39146776652564,170.9844970703125,30295500,0.0,0.0
2014-02-24 00:00:00+09:00,170.71896452560568,171.2499640635793,167.40015664426855,169.52418518066406,34593500,0.0,0.0
2014-02-25 00:00:00+09:00,170.58625176024,170.85175160276236,169.3914822125499,170.0552520751953,24511500,0.0,0.0
2014-02-26 00:00:00+09:00,168.5949258610432,170.71896452560568,168.4621759765498,169.52418518066406,21024500,0.0,0.0
2014-02-27 00:00:00+09:00,168.59494793814702,168.9932077719454,166.47091912361506,167.53292846679688,31465000,0.0,0.0
2014-02-28 00:00:00+09:00,167.001906703936,168.32942580292382,166.20538714200973,167.7984161376953,29432500,0.0,0.0
2014-03-03 00:00:00+09:00,166.47089703870748,168.32942580292382,164.0813586092626,167.7984161376953,30249500,0.0,0.0
2014-03-04 00:00:00+09:00,166.2054292744062,169.78973782718109,165.9399294385723,169.25872802734375,19905000,0.0,0.0
2014-03-05 00:00:00+09:00,171.51549358575608,171.78099340079976,170.718994140625,170.718994140625,19662500,0.0,0.0
2014-03-06 00:00:00+09:00,170.8517203444848,173.90501861572267,170.18796073144767,172.57749938964844,33556000,0.0,0.0
2014-03-07 00:00:00+09:00,173.90504145479252,175.49806068402674,173.24128175458338,173.63954162597656,29083500,0.0,0.0
2014-03-10 00:00:00+09:00,174.17052471962546,174.43602452319183,171.9137460048065,173.10850524902344,24786000,0.0,0.0
2014-03-11 00:00:00+09:00,172.17924186291216,173.7722609041431,170.85172261916367,171.9137420654297,34659500,0.0,0.0
2014-03-12 00:00:00+09:00,169.92249660413285,169.92249660413285,167.26745759469327,167.40020751953125,35737500,0.0,0.0
2014-03-13 00:00:00+09:00,166.33814172396708,168.06391041940955,166.0726318359375,166.0726318359375,25774000,0.0,0.0
2014-03-14 00:00:00+09:00,162.6211413221709,163.28490108266953,160.76261196714063,161.0281219482422,63742500,0.0,0.0
2014-03-17 00:00:00+09:00,160.4970771880122,161.02808690649073,157.44377890288672,158.50579833984375,46125500,0.0,0.0
2014-03-18 00:00:00+09:00,162.48834907536434,162.8865987510367,160.3643204206092,160.4970703125,23783000,0.0,0.0
2014-03-19 00:00:00+09:00,162.7538829396013,163.01939290714785,160.09884403315374,160.76260375976562,31103500,0.0,0.0
2014-03-20 00:00:00+09:00,161.6918573217905,161.6918573217905,159.43506839957004,159.8333282470703,37488000,0.0,0.0
2014-03-24 00:00:00+09:00,160.629830256814,161.02809008557747,158.10754164037087,158.77130126953125,46014500,0.0,0.0
2014-03-25 00:00:00+09:00,159.70056239684106,161.16083147827428,158.37304320859855,160.62982177734375,31707000,0.0,0.0
2014-03-26 00:00:00+09:00,161.55906518768555,161.95732495605725,160.36430613890366,161.4263153076172,37714500,0.0,0.0
2014-03-27 00:00:00+09:00,157.36016873638422,159.39324587856171,153.7006340167708,158.58001708984375,90867500,5.0,0.0
2014-03-28 00:00:00+09:00,159.79986184051992,162.10401174673328,158.85108632443544,161.96847534179688,33876500,0.0,0.0
2014-03-31 00:00:00+09:00,163.18835401959245,164.40820257243266,162.3751250979546,163.4594268798828,32415500,0.0,0.0
2014-04-01 00:00:00+09:00,165.62804826948081,165.76359504651833,163.05282495804389,163.594970703125,32560000,0.0,0.0
2014-04-02 00:00:00+09:00,164.001545285307,165.49246635611146,163.0527801513672,163.0527801513672,42205000,0.0,0.0
2014-04-03 00:00:00+09:00,163.73052241418333,164.00159529489267,161.83298122691536,162.37513732910156,43555500,0.0,0.0
2014-04-04 00:00:00+09:00,161.4263233029355,161.83294286838785,158.58001736706427,159.79986572265625,49381000,0.0,0.0
2014-04-07 00:00:00+09:00,158.58002832559978,159.12218433674644,157.36017988571123,158.03787231445312,31671500,0.0,0.0
2014-04-08 00:00:00+09:00,156.81804285255254,157.49573536330817,156.00481390779916,156.14035034179688,36373000,0.0,0.0
2014-04-09 00:00:00+09:00,155.3271332263122,155.46266967063198,152.6163629768451,154.10728454589844,55192000,0.0,0.0
2014-04-10 00:00:00+09:00,157.22463967018743,159.12218049298073,155.19156243307293,156.00479125976562,42003500,0.0,0.0
2014-04-11 00:00:00+09:00,152.07420685879808,155.3271332263122,151.53206108151895,154.10728454589844,42527000,0.0,0.0
2014-04-14 00:00:00+09:00,153.70067521293907,154.92052389335285,152.88744620625252,154.10728454589844,27896000,0.0,0.0
2014-04-15 00:00:00+09:00,155.73371117762986,156.00478399364667,153.97170685122532,154.37832641601562,25138500,0.0,0.0
2014-04-16 00:00:00+09:00,154.6493920538402,156.95355224609375,154.2427828486881,156.95355224609375,35267000,0.0,0.0
2014-04-17 00:00:00+09:00,157.36016145124583,158.5800097482313,156.68246910189444,156.95355224609375,23278500,0.0,0.0
2014-04-18 00:00:00+09:00,157.63127044193132,158.30896290240264,157.08911440540103,158.1734161376953,18053500,0.0,0.0
2014-04-21 00:00:00+09:00,158.30895529565123,159.12218414098786,156.41141442935523,156.81802368164062,20005000,0.0,0.0
2014-04-22 00:00:00+09:00,157.22466695610765,158.71558845391726,156.27590155043808,156.41143798828125,21404500,0.0,0.0
2014-04-23 00:00:00+09:00,158.0378806365018,158.17341706123415,156.68249570764542,157.6312713623047,26799500,0.0,0.0
2014-04-24 00:00:00+09:00,157.08912302519954,157.63127909147903,154.9205091008484,155.05604553222656,29690000,0.0,0.0
2014-04-25 00:00:00+09:00,155.86926636266094,158.71557263678235,154.64941786210426,157.90234375,29014500,0.0,0.0
2014-04-28 00:00:00+09:00,158.03785380059725,158.30893694479659,156.14031315426038,156.95355224609375,23019500,0.0,0.0
2014-04-30 00:00:00+09:00,156.81803982167634,156.95358659382137,154.64942589732522,155.05604553222656,33994500,0.0,0.0
2014-05-01 00:00:00+09:00,155.19154800147425,159.25770209758272,154.78492845555755,156.95355224609375,51857500,0.0,0.0
2014-05-02 00:00:00+09:00,157.90234375,158.71557263678235,157.08911486321765,157.90234375,31778000,0.0,0.0
2014-05-07 00:00:00+09:00,157.08910005747725,157.3601728806005,154.9204864501953,154.9204864501953,61827500,0.0,0.0
2014-05-08 00:00:00+09:00,154.92048960443057,156.95356684154507,154.92048960443057,156.00479125976562,56071000,0.0,0.0
2014-05-09 00:00:00+09:00,154.51384017965796,156.81798980041762,154.37830379151274,155.7336883544922,51405500,0.0,0.0
2014-05-12 00:00:00+09:00,155.32710650829603,155.7337261120801,154.6494140625,154.6494140625,39506000,0.0,0.0
2014-05-13 00:00:00+09:00,156.00479502822748,158.8511011607902,155.32710259948558,158.03787231445312,52506000,0.0,0.0
2014-05-14 00:00:00+09:00,158.5800467518044,161.83297285589225,158.44451031846054,161.5618896484375,37660000,0.0,0.0
2014-05-15 00:00:00+09:00,160.20648570601824,162.23956298828125,159.7998764540251,162.23956298828125,32104000,0.0,0.0
2014-05-16 00:00:00+09:00,159.66431779981684,159.93539059672588,157.3601576630325,159.12216186523438,34063500,0.0,0.0
2014-05-19 00:00:00+09:00,160.0709685796382,161.9685096732523,158.71558356145198,158.8511199951172,34605500,0.0,0.0
2014-05-20 00:00:00+09:00,159.93541707587318,160.20648991766146,157.3601837158203,157.3601837158203,31745500,0.0,0.0
2014-05-21 00:00:00+09:00,156.27587801192675,157.22464327469186,156.004794836304,156.81802368164062,20168000,0.0,0.0
2014-05-22 00:00:00+09:00,158.5800583706585,161.56190148576547,158.17343870006763,160.74867248535156,37249000,0.0,0.0
2014-05-23 00:00:00+09:00,161.56187056086023,163.73049460122007,161.15526130886713,162.23956298828125,34697500,0.0,0.0
2014-05-26 00:00:00+09:00,164.5437090128642,164.67924541830655,163.3238606823534,164.40817260742188,25124000,0.0,0.0
2014-05-27 00:00:00+09:00,164.40817260742188,165.76355734337503,164.27262586121466,164.40817260742188,23202000,0.0,0.0
2014-05-28 00:00:00+09:00,164.81479307566474,165.89910507475926,163.73049141733583,163.86602783203125,23339500,0.0,0.0
2014-05-29 00:00:00+09:00,163.59495250561818,164.13710853115973,163.1883432420366,163.73049926757812,19300500,0.0,0.0
2014-05-30 00:00:00+09:00,163.86600888628195,164.54370122217165,162.6461606135276,163.0527801513672,23472000,0.0,0.0
2014-06-02 00:00:00+09:00,164.40821051155208,165.22143947246002,164.0015908607145,164.5437469482422,23380500,0.0,0.0
2014-06-03 00:00:00+09:00,165.49251185815828,165.76359507150693,164.5437464633561,164.8148193359375,28329000,0.0,0.0
2014-06-04 00:00:00+09:00,164.95035922142085,165.6280517578125,164.40821346492152,165.6280517578125,18010000,0.0,0.0
2014-06-05 00:00:00+09:00,165.7635985377048,166.44129107409645,164.67928634317119,165.6280517578125,28345500,0.0,0.0
2014-06-06 00:00:00+09:00,166.03463745117188,166.71232984893177,165.6280178762098,166.03463745117188,27217500,0.0,0.0
2014-06-09 00:00:00+09:00,167.11896879333864,167.6611145017701,166.30572954915834,166.57681274414062,16281500,0.0,0.0
2014-06-10 00:00:00+09:00,167.11896879333864,167.79666126964452,165.89912026783472,166.57681274414062,33210500,0.0,0.0
2014-06-11 00:00:00+09:00,166.17018881300416,167.66111015406196,166.03465238941098,167.52557373046875,22786500,0.0,0.0
2014-06-12 00:00:00+09:00,166.71233766914762,168.60987854003906,166.4412648336342,168.60987854003906,30368500,0.0,0.0
2014-06-13 00:00:00+09:00,166.71235667222936,169.8297463398055,166.71235667222936,169.1520538330078,46760500,0.0,0.0
2014-06-16 00:00:00+09:00,168.33880229352957,169.69418720842359,168.20326587019343,169.01649475097656,25436000,0.0,0.0
2014-06-17 00:00:00+09:00,171.8628303882906,175.25129305098744,171.45621073246002,173.48928833007812,59087500,0.0,0.0
2014-06-18 00:00:00+09:00,174.7091261432327,176.20005798339844,173.3537514225893,176.20005798339844,50750500,0.0,0.0
2014-06-19 00:00:00+09:00,175.6578936293402,177.41987747735294,174.9802011704022,176.60665893554688,40978000,0.0,0.0
2014-06-20 00:00:00+09:00,176.87774255186247,177.55543505206117,175.11573791503906,175.11573791503906,36112000,0.0,0.0
2014-06-23 00:00:00+09:00,176.0645121834637,176.47113184045446,174.98022067353486,175.6579132080078,20988000,0.0,0.0
2014-06-24 00:00:00+09:00,173.89589582784288,176.06449937142838,173.76034905819793,175.79342651367188,22756000,0.0,0.0
2014-06-25 00:00:00+09:00,176.20003932387758,177.28435139448487,175.79341971220828,176.60665893554688,27174000,0.0,0.0
2014-06-26 00:00:00+09:00,176.47110832854906,177.55542037554585,176.33558224863202,177.2843475341797,21356000,0.0,0.0
2014-06-27 00:00:00+09:00,177.55542424175357,177.55542424175357,174.5735815587329,176.60665893554688,29408500,0.0,0.0
2014-06-30 00:00:00+09:00,175.52234732239344,176.47111263107286,174.03141563623112,176.33558654785156,30385000,0.0,0.0
2014-07-01 00:00:00+09:00,176.87773927506458,178.6397438792455,176.0645000172785,177.96205139160156,33596500,0.0,0.0
2014-07-02 00:00:00+09:00,179.18190492498283,180.537290016218,179.04637882478045,180.40176391601562,38509000,0.0,0.0
2014-07-03 00:00:00+09:00,181.35052884747464,181.4860549473063,179.3174512161835,180.67283630371094,24824000,0.0,0.0
2014-07-04 00:00:00+09:00,181.62157909002093,182.0281987019021,180.94388663072982,181.7571258544922,20447000,0.0,0.0
2014-07-07 00:00:00+09:00,180.13065792822587,180.67282433624572,177.69098147750472,177.82650756835938,29046500,0.0,0.0
2014-07-08 00:00:00+09:00,176.2000653215947,177.8265233267177,174.8446802037363,177.55545043945312,34149500,0.0,0.0
2014-07-09 00:00:00+09:00,176.20004678742066,178.36867102049462,175.9289739286698,177.96205139160156,20668500,0.0,0.0
2014-07-10 00:00:00+09:00,178.09757040045645,178.5041900131855,175.9289669351225,176.33558654785156,22694000,0.0,0.0
2014-07-11 00:00:00+09:00,174.57358878052122,176.06449984294153,174.16696915203082,175.52235412597656,19096500,0.0,0.0
2014-07-14 00:00:00+09:00,175.928946228386,178.50416900334673,175.928946228386,178.09754943847656,17615500,0.0,0.0
2014-07-15 00:00:00+09:00,178.23314299838233,179.45298133184068,177.28437755218857,177.55545043945312,22186500,0.0,0.0
2014-07-16 00:00:00+09:00,176.2000359387695,177.69096759240273,176.2000359387695,177.01327514648438,19336500,0.0,0.0
2014-07-17 00:00:00+09:00,177.8265233267177,178.91083555731154,176.87775788052392,177.55545043945312,16589000,0.0,0.0
2014-07-18 00:00:00+09:00,174.98018983338906,176.0644811522123,174.16695066274045,175.928955078125,19890000,0.0,0.0
2014-07-22 00:00:00+09:00,177.55542424175357,177.62319762395387,176.20003932387758,176.60665893554688,15535000,0.0,0.0
2014-07-23 00:00:00+09:00,176.47113039627473,178.91082763671875,176.47113039627473,178.91082763671875,19680000,0.0,0.0
2014-07-24 00:00:00+09:00,178.91081626514972,179.38520927786004,177.2165850505176,178.23312377929688,17184500,0.0,0.0
2014-07-25 00:00:00+09:00,182.97697496324818,185.6877449627037,181.01167084994967,182.70590209960938,55545500,0.0,0.0
2014-07-28 00:00:00+09:00,181.89263960148674,183.38357118342537,181.21494718815666,181.62156677246094,25641500,0.0,0.0
2014-07-29 00:00:00+09:00,181.4860532132047,182.7059121892447,181.0794542360597,182.0959930419922,21703500,0.0,0.0
2014-07-30 00:00:00+09:00,181.62158591738353,181.9604321597667,180.7405939598006,180.9438934326172,18042000,0.0,0.0
2014-07-31 00:00:00+09:00,181.28273786124538,181.41828462945583,179.85957952116823,179.92735290527344,23236000,0.0,0.0
2014-08-01 00:00:00+09:00,178.23311513711303,179.38520057981378,177.69096944733172,178.02981567382812,25597500,0.0,0.0
2014-08-04 00:00:00+09:00,177.75869948720575,179.5884771496442,177.08100712060332,178.77523803710938,18254000,0.0,0.0
2014-08-05 00:00:00+09:00,179.38521188211192,179.58851135820584,176.20004887974915,176.267822265625,17928500,0.0,0.0
2014-08-06 00:00:00+09:00,174.16694081721974,176.60663750972026,174.16694081721974,176.5388641357422,28242500,0.0,0.0
2014-08-07 00:00:00+09:00,176.53889303124262,178.30089763542352,174.23474270955998,177.96205139160156,25495000,0.0,0.0
2014-08-08 00:00:00+09:00,175.38676287370097,176.26777529224,173.69253208596612,174.09915161132812,39166000,0.0,0.0
2014-08-11 00:00:00+09:00,175.59012798267796,175.72565407151654,173.4892771311117,175.25128173828125,24451000,0.0,0.0
2014-08-12 00:00:00+09:00,175.2512744744183,177.41987793975224,174.98020162644312,176.33558654785156,25526500,0.0,0.0
2014-08-13 00:00:00+09:00,176.20004614107333,177.41988434174434,175.52235365591534,175.79342651367188,28927000,0.0,0.0
2014-08-14 00:00:00+09:00,176.4711106230252,178.57196136360943,176.06449101492305,178.02981567382812,22994500,0.0,0.0
2014-08-15 00:00:00+09:00,178.0298417409328,179.31745345384462,177.89429495787454,178.97860717773438,19572000,0.0,0.0
2014-08-18 00:00:00+09:00,179.72407163138834,180.6728370603237,179.5207514584867,179.7918243408203,15919500,0.0,0.0
2014-08-19 00:00:00+09:00,179.9273438068219,180.26619002868034,179.04635190260285,179.9951171875,23633500,0.0,0.0
2014-08-20 00:00:00+09:00,179.72403774990804,180.2661834123703,179.45294423714557,180.1984100341797,22142500,0.0,0.0
2014-08-21 00:00:00+09:00,180.67284808435892,181.7571603613897,180.2662283952803,181.0794677734375,28582000,0.0,0.0
2014-08-22 00:00:00+09:00,181.28270089656598,181.5537736961803,179.6562434173512,179.8595428466797,18034500,0.0,0.0
2014-08-25 00:00:00+09:00,180.3339652641566,181.35050394018734,180.26619188278144,181.01165771484375,19801000,0.0,0.0
2014-08-26 00:00:00+09:00,181.0794677734375,181.89268647005824,180.74062147946142,181.0794677734375,20994000,0.0,0.0
2014-08-27 00:00:00+09:00,180.80831149546825,182.8413885543297,180.80831149546825,182.7736358642578,28542000,0.0,0.0
2014-08-28 00:00:00+09:00,182.36703595824343,182.36703595824343,180.60503151447878,181.21495056152344,24730000,0.0,0.0
2014-08-29 00:00:00+09:00,180.266172354974,180.8760913582149,178.8430142263919,179.2496337890625,34078500,0.0,0.0
2014-09-01 00:00:00+09:00,180.13066813862804,182.2992925305647,179.8595952600197,182.0959930419922,22800500,0.0,0.0
2014-09-02 00:00:00+09:00,182.36701631617964,183.24800810240788,181.75709733482705,182.7736358642578,24662500,0.0,0.0
2014-09-03 00:00:00+09:00,183.58687166177418,183.65464503979254,182.9091792446532,183.1802520751953,18157500,0.0,0.0
2014-09-04 00:00:00+09:00,183.38355484561038,183.65462765048605,182.4347896877809,182.7736358642578,22467000,0.0,0.0
2014-09-05 00:00:00+09:00,183.586888360055,183.586888360055,182.09597731570065,182.36705017089844,18088500,0.0,0.0
2014-09-08 00:00:00+09:00,184.19677734375,184.3323240899575,183.1124861002094,184.19677734375,22486000,0.0,0.0
2014-09-09 00:00:00+09:00,184.33233980660583,184.60341264060335,183.5191006230817,183.92572021484375,15811500,0.0,0.0
2014-09-10 00:00:00+09:00,182.97694505020104,184.60340264767453,182.90917167498748,184.53562927246094,19425500,0.0,0.0
2014-09-11 00:00:00+09:00,185.1456027983469,185.34890227960483,184.40013689784422,184.73898315429688,19648500,0.0,0.0
2014-09-12 00:00:00+09:00,184.60341027239699,186.63648752359418,184.33233744187697,185.89102172851562,38518000,0.0,0.0
2014-09-16 00:00:00+09:00,187.04314520823195,187.3819914857831,185.95883298376117,187.24644470214844,26647500,0.0,0.0
2014-09-17 00:00:00+09:00,188.39849090576172,188.87288386770524,186.97533270146232,187.04310607910156,29602500,0.0,0.0
2014-09-18 00:00:00+09:00,188.80511329923354,188.80511329923354,187.44972845240707,187.5175018310547,32013000,0.0,0.0
2014-09-19 00:00:00+09:00,188.1274298350867,190.70265289408525,187.78858360724305,190.16050720214844,36419000,0.0,0.0
2014-09-22 00:00:00+09:00,192.46462970770406,193.68446767971855,190.49932600544537,192.73570251464844,30299500,0.0,0.0
2014-09-24 00:00:00+09:00,190.56713046828614,192.39688772482984,190.56713046828614,192.19358825683594,26723500,0.0,0.0
2014-09-25 00:00:00+09:00,193.2778803013052,193.4811797482182,191.65140199987846,193.4134063720703,35848500,0.0,0.0
2014-09-26 00:00:00+09:00,189.28064488197538,192.3113562924054,189.14289864898504,190.58937072753906,33627000,4.6,0.0
2014-09-29 00:00:00+09:00,190.7960501628026,191.8292417701824,190.38276931578326,191.07156372070312,24022500,0.0,0.0
2014-09-30 00:00:00+09:00,182.8060237236161,185.63008487758353,181.97948308218855,184.59689331054688,78563000,0.0,0.0
2014-10-01 00:00:00+09:00,179.0865146239292,179.70642527817608,177.70892604989896,178.39772033691406,93837500,0.0,0.0
2014-10-02 00:00:00+09:00,176.40020115935923,176.88234449354363,174.60933201158443,175.29812622070312,62453500,0.0,0.0
2014-10-03 00:00:00+09:00,175.09152896305514,176.2624773048085,173.30066988454064,174.609375,53832500,0.0,0.0
2014-10-06 00:00:00+09:00,176.05580753769556,176.26243739638647,173.71390087426303,174.2649383544922,57990000,0.0,0.0
2014-10-07 00:00:00+09:00,174.26496299547918,176.53797584380817,173.3695282772634,174.4716033935547,39400000,0.0,0.0
2014-10-08 00:00:00+09:00,173.71393393023914,176.60686811423074,173.3006636240505,174.95376586914062,52395000,0.0,0.0
2014-10-09 00:00:00+09:00,174.54046563564876,174.67823289921984,171.5097750200834,171.71641540527344,43754000,0.0,0.0
2014-10-10 00:00:00+09:00,168.27242963198188,169.0989805919051,167.10148156291015,168.54794311523438,66193000,0.0,0.0
2014-10-14 00:00:00+09:00,165.99945626424503,168.41023674941042,165.3795454864129,167.23928833007812,58128000,0.0,0.0
2014-10-15 00:00:00+09:00,167.23924485732528,170.75208920218108,165.44837561551682,166.61932373046875,51356500,0.0,0.0
2014-10-16 00:00:00+09:00,164.62185929616294,166.27496162896085,162.00443851075931,165.31065368652344,57975000,0.0,0.0
2014-10-17 00:00:00+09:00,165.58615020945882,167.92805720194013,162.69321616949222,162.8998565673828,57721000,0.0,0.0
2014-10-20 00:00:00+09:00,165.79280655338076,167.79031657822162,165.58616613561537,167.0326385498047,67137500,0.0,0.0
2014-10-21 00:00:00+09:00,167.03264052955893,167.1015241730199,164.3463465972746,165.03514099121094,58255500,0.0,0.0
2014-10-22 00:00:00+09:00,167.37696761217956,169.78774698107927,167.37696761217956,169.23670959472656,51223500,0.0,0.0
2014-10-23 00:00:00+09:00,169.23678472401207,171.99196236871774,168.0658363270459,170.95877075195312,36262500,0.0,0.0
2014-10-24 00:00:00+09:00,173.09402243227984,174.6093679017805,171.85419049899104,172.26747131347656,44527000,0.0,0.0
2014-10-27 00:00:00+09:00,173.507287690924,175.78031108415823,173.507287690924,175.160400390625,34489000,0.0,0.0
2014-10-28 00:00:00+09:00,175.09149916864826,175.84917706035347,172.95624326413,174.33383178710938,31215500,0.0,0.0
2014-10-29 00:00:00+09:00,176.05582396512938,178.87988474595804,175.8491835769915,178.39772033691406,38794500,0.0,0.0
2014-10-30 00:00:00+09:00,178.8110037589363,180.53298950195312,178.19109309551698,180.53298950195312,43221000,0.0,0.0
2014-10-31 00:00:00+09:00,181.01512609641455,186.11222052049544,180.53298271868593,184.1147003173828,63411000,0.0,0.0
2014-11-04 00:00:00+09:00,191.415949224349,191.55371650504784,187.83423114987264,188.5230255126953,53363500,0.0,0.0
2014-11-05 00:00:00+09:00,188.04087254312313,191.27821465438134,187.62759169610382,191.07156372070312,58024000,0.0,0.0
2014-11-06 00:00:00+09:00,191.7603456513195,192.03585919129748,189.62507893090287,190.31387329101562,54194000,0.0,0.0
2014-11-07 00:00:00+09:00,189.00512415561622,190.17608270300312,186.7321117051955,188.3163299560547,45615500,0.0,0.0
2014-11-10 00:00:00+09:00,187.76529440794565,190.8648681640625,187.42089732393265,190.8648681640625,31934000,0.0,0.0
2014-11-11 00:00:00+09:00,190.65825324010655,191.69144468689976,189.4184319120882,190.7960205078125,48513500,0.0,0.0
2014-11-12 00:00:00+09:00,191.62259843109857,191.69146105049614,188.72965372499004,189.0740509033203,33957000,0.0,0.0
2014-11-13 00:00:00+09:00,189.55616701337445,191.2781524658203,189.00511905639362,191.2781524658203,28273000,0.0,0.0
2014-11-14 00:00:00+09:00,192.65578640862543,192.65578640862543,185.8367055873345,188.6607666015625,62817500,0.0,0.0
2014-11-17 00:00:00+09:00,186.9387400078368,187.28313710476365,183.63253628547113,184.18356323242188,48192500,0.0,0.0
2014-11-18 00:00:00+09:00,185.69894873002838,188.45412594851447,185.63006509549945,185.90557861328125,33674500,0.0,0.0
2014-11-19 00:00:00+09:00,186.52546425237074,189.21177849616876,185.97443729075283,187.28314208984375,34960500,0.0,0.0
2014-11-20 00:00:00+09:00,186.93879553124188,187.2831927304595,184.04587167001623,184.52801513671875,50471500,0.0,0.0
2014-11-21 00:00:00+09:00,183.35704861763372,183.6325621298848,179.2242828728666,182.53048706054688,68231500,0.0,0.0
2014-11-25 00:00:00+09:00,184.6657545344674,187.00765093138298,184.3213573872641,186.6632537841797,48560500,0.0,0.0
2014-11-26 00:00:00+09:00,187.28322425554296,189.62512140036299,185.90563522678522,188.3852996826172,56439000,0.0,0.0
2014-11-27 00:00:00+09:00,185.9744603673839,186.59437103120842,184.73463903973487,184.94126892089844,41080500,0.0,0.0
2014-11-28 00:00:00+09:00,184.94129262156036,188.17863464355466,184.94129262156036,188.1786346435547,34976500,0.0,0.0
2014-12-01 00:00:00+09:00,188.72957830185769,190.4515635053418,187.48975736348,188.7984619140625,37988000,0.0,0.0
2014-12-02 00:00:00+09:00,186.38775628631737,189.83172805428208,185.42344839535434,189.3495635986328,39001000,0.0,0.0
2014-12-03 00:00:00+09:00,189.69396361404182,190.31387433748483,188.17862862566292,188.59188842773438,28649500,0.0,0.0
2014-12-04 00:00:00+09:00,188.59189936220972,188.72966665111176,186.52551615070118,186.9387969970703,42414500,0.0,0.0
2014-12-05 00:00:00+09:00,187.21429232203184,189.21181271489098,187.07654606688172,189.14292907714844,26990000,0.0,0.0
2014-12-08 00:00:00+09:00,189.14290753689906,189.28065377636216,187.55866813057892,188.04083251953125,31850000,0.0,0.0
2014-12-09 00:00:00+09:00,185.6300641110069,185.90557762732752,182.59937339081233,183.2192840576172,48292000,0.0,0.0
2014-12-10 00:00:00+09:00,182.25497254826539,182.7371159369759,177.84669331543537,178.39772033691406,69427000,0.0,0.0
2014-12-11 00:00:00+09:00,177.5711474900713,181.15288596286925,176.19356951382773,180.32632446289062,63535500,0.0,0.0
2014-12-12 00:00:00+09:00,176.19358794694128,182.25498002331088,176.19358794694128,179.29315185546875,81154500,0.0,0.0
2014-12-15 00:00:00+09:00,172.1985515897739,173.98942073037375,170.82096317705572,170.8898468017578,56440500,0.0,0.0
2014-12-16 00:00:00+09:00,170.13219816676641,170.20108180328953,166.41271301819958,166.89486694335938,45094500,0.0,0.0
2014-12-17 00:00:00+09:00,166.68817501742558,169.37446784876474,166.2748943463746,167.10145568847656,50556000,0.0,0.0
2014-12-18 00:00:00+09:00,170.61432374328842,171.50975831847018,167.5147497977739,167.58363342285156,58872500,0.0,0.0
2014-12-19 00:00:00+09:00,170.68321658052815,172.4740753173828,169.51226846216815,172.4740753173828,47404000,0.0,0.0
2014-12-22 00:00:00+09:00,175.02261274112186,175.64252332526246,173.98942142744386,175.29812622070312,26839500,0.0,0.0
2014-12-24 00:00:00+09:00,177.15793481072504,177.84672923686264,176.40025673790615,176.81353759765625,22104000,0.0,0.0
2014-12-25 00:00:00+09:00,176.88236181672727,177.08901271190012,175.16038663545243,176.262451171875,13902000,0.0,0.0
2014-12-26 00:00:00+09:00,177.02011740888537,178.3288222440287,176.60683666612124,178.1221923828125,10840000,0.0,0.0
2014-12-29 00:00:00+09:00,178.5354930677165,178.81100658688976,176.33134287366207,178.32884216308594,19592000,0.0,0.0
2014-12-30 00:00:00+09:00,178.25993425802918,180.1885706703255,177.9155371508689,177.9844207763672,25175000,0.0,0.0
2015-01-05 00:00:00+09:00,176.4001984909512,177.57113601654152,172.61183039810518,176.05580139160156,27462500,0.0,0.0
2015-01-06 00:00:00+09:00,171.92306797733153,173.02513259285462,170.33883892546427,171.16539001464844,38311500,0.0,0.0
2015-01-07 00:00:00+09:00,170.13219000381838,172.19857287835868,169.925549614331,170.6832275390625,27739000,0.0,0.0
2015-01-08 00:00:00+09:00,173.0251097184604,174.26494144341115,172.88735297350274,173.3695068359375,33726500,0.0,0.0
2015-01-09 00:00:00+09:00,174.67821245772987,176.4001979491895,174.19604811198892,174.74708557128906,29226500,0.0,0.0
2015-01-13 00:00:00+09:00,172.19856890564628,172.47408241182868,167.79028974572836,170.40769958496094,42339000,0.0,0.0
2015-01-14 00:00:00+09:00,168.34132883857438,168.68572600110025,165.44839477539062,165.44839477539062,56002000,0.0,0.0
2015-01-15 00:00:00+09:00,165.44840372217084,166.68823567634252,163.45090427557108,165.7928009033203,41025500,0.0,0.0
2015-01-16 00:00:00+09:00,163.38199287966066,166.61932373046875,162.34880151173257,166.61932373046875,45561500,0.0,0.0
2015-01-19 00:00:00+09:00,168.20355422461375,170.95873123242123,168.1346811055183,170.6143341064453,27082000,0.0,0.0
2015-01-20 00:00:00+09:00,172.47409712971807,172.88737793442513,162.76210332077713,166.2749481201172,88711000,0.0,0.0
2015-01-21 00:00:00+09:00,166.41273738589646,166.4816105223373,162.41772761641812,162.96876525878906,85680500,0.0,0.0
2015-01-22 00:00:00+09:00,162.96873080513,164.27743573268643,161.72889899945375,162.69320678710938,62644000,0.0,0.0
2015-01-23 00:00:00+09:00,164.82845960491846,167.23923938452606,164.3463057510301,166.68820190429688,54162500,0.0,0.0
2015-01-26 00:00:00+09:00,165.37952778025266,169.581167012739,164.7596065586228,166.55047607421875,51716000,0.0,0.0
2015-01-27 00:00:00+09:00,165.7927700607614,167.99690950804663,164.4151815924374,167.3769989013672,51303500,0.0,0.0
2015-01-28 00:00:00+09:00,165.72388538595825,168.20353814991236,165.72388538595825,167.79026794433594,28471000,0.0,0.0
2015-01-29 00:00:00+09:00,167.03264052955893,167.79031856695622,164.75961692753538,165.03514099121094,29207000,0.0,0.0
2015-01-30 00:00:00+09:00,166.4127289151676,167.30815321450163,165.172896910485,165.31065368652344,25755500,0.0,0.0
2015-02-02 00:00:00+09:00,164.2774224219155,165.5861272434326,163.03759071669808,165.10397338867188,29690500,0.0,0.0
2015-02-03 00:00:00+09:00,165.1039882399607,166.96373070998987,164.89734785214264,165.2417449951172,41012500,0.0,0.0
2015-02-04 00:00:00+09:00,167.30810425139603,171.3719962713166,166.06828311971827,170.7520751953125,65961500,0.0,0.0
2015-02-05 00:00:00+09:00,170.82095303518813,173.98941040039062,167.03258512513355,173.98941040039062,58604000,0.0,0.0
2015-02-06 00:00:00+09:00,174.26496448171451,174.67824528139025,169.92555812578854,171.16539001464844,44605000,0.0,0.0
2015-02-09 00:00:00+09:00,173.30065834593205,174.12720944330334,171.92306968025747,173.576171875,32993000,0.0,0.0
2015-02-10 00:00:00+09:00,174.2649473953716,178.94873994490072,173.57615313689186,177.50228881835938,52962500,0.0,0.0
2015-02-12 00:00:00+09:00,178.67325117567728,178.8110184545746,174.54048505278422,174.95376586914062,52543500,0.0,0.0
2015-02-13 00:00:00+09:00,175.3670032337099,176.33131088605194,174.60932542818034,175.7802734375,40411500,0.0,0.0
2015-02-16 00:00:00+09:00,177.02012014709095,178.87987300813097,176.33132590527347,178.8109893798828,31229000,0.0,0.0
2015-02-17 00:00:00+09:00,178.67322838777068,180.39521405268815,178.25994762412392,179.91307067871094,32536000,0.0,0.0
2015-02-18 00:00:00+09:00,180.1196970337659,181.35951828016746,179.15538928430553,180.94625854492188,31530500,0.0,0.0
2015-02-19 00:00:00+09:00,180.87735811114996,181.7038985251836,180.05079667678586,181.4972686767578,26948000,0.0,0.0
2015-02-20 00:00:00+09:00,181.35952212801624,182.39271352871592,179.49979021895655,179.98193359375,34377000,0.0,0.0
2015-02-23 00:00:00+09:00,181.84166764404983,182.5993454632995,179.77528505718564,181.01510620117188,24645000,0.0,0.0
2015-02-24 00:00:00+09:00,179.91311725122435,181.15293884277344,177.7778502699225,181.15293884277344,33628000,0.0,0.0
2015-02-25 00:00:00+09:00,181.97945267345568,182.53047967566422,180.8773776487059,181.6350555419922,24313000,0.0,0.0
2015-02-26 00:00:00+09:00,181.84170448757303,182.11721801757812,180.46411581721262,182.11721801757812,24168000,0.0,0.0
2015-02-27 00:00:00+09:00,182.5305101764736,184.59689331054688,182.25499662933106,184.59689331054688,59529000,0.0,0.0
2015-03-02 00:00:00+09:00,185.69892369172382,186.66323138410684,184.7346159993408,185.836669921875,32419000,0.0,0.0
2015-03-03 00:00:00+09:00,185.9744873046875,186.4566517910196,184.32138495493544,185.9744873046875,21588000,0.0,0.0
2015-03-04 00:00:00+09:00,185.56116507560375,185.56116507560375,184.18357658800414,184.66574096679688,21993000,0.0,0.0
2015-03-05 00:00:00+09:00,184.59687431890683,185.4234358956326,182.59937503220937,182.6682586669922,40344000,0.0,0.0
2015-03-06 00:00:00+09:00,183.2192920557185,185.28567504882812,182.6682649990232,185.28567504882812,31392500,0.0,0.0
2015-03-09 00:00:00+09:00,185.3545768229757,185.4234604668866,184.25250158141205,184.52801513671875,22495000,0.0,0.0
2015-03-10 00:00:00+09:00,185.4234549723107,185.56120123571384,183.90809893252245,184.59689331054688,28089500,0.0,0.0
2015-03-11 00:00:00+09:00,183.42588806152344,184.59684661610123,182.53046400472698,183.42588806152344,26204000,0.0,0.0
2015-03-12 00:00:00+09:00,184.39023484217972,184.45909745304596,183.15039254159262,184.1147003173828,32360500,0.0,0.0
2015-03-13 00:00:00+09:00,183.21928570458664,183.7703127421811,182.11721060906368,182.6682586669922,67709000,0.0,0.0
2015-03-16 00:00:00+09:00,182.73709262501174,183.21925697254548,181.9105521982363,182.18606567382812,37446000,0.0,0.0
2015-03-17 00:00:00+09:00,182.59936797614102,182.59936797614102,180.87738227478235,181.84169006347656,47440000,0.0,0.0
2015-03-18 00:00:00+09:00,181.8416998602616,182.25498065492,181.35953542977109,181.91058349609375,30014000,0.0,0.0
2015-03-19 00:00:00+09:00,181.84172489686748,182.7371492249671,181.29069777501186,181.9794921875,47220500,0.0,0.0
2015-03-20 00:00:00+09:00,182.80600057279796,182.80600057279796,181.221782112104,182.53048706054688,28016000,0.0,0.0
2015-03-23 00:00:00+09:00,182.94373484469156,184.87235010295177,182.7370839825231,184.73460388183594,43773500,0.0,0.0
2015-03-24 00:00:00+09:00,184.7346273694056,186.80101013183594,184.18357935389133,186.80101013183594,48934500,0.0,0.0
2015-03-25 00:00:00+09:00,186.93874576895686,188.04082071715297,185.63004096436893,187.00762939453125,43089000,0.0,0.0
2015-03-26 00:00:00+09:00,185.97443717235737,186.59434775886567,185.42341021109027,185.836669921875,48204000,0.0,0.0
2015-03-27 00:00:00+09:00,185.6264524347122,187.02793568659365,182.26290118417162,184.01475524902344,40509500,4.6,0.0
2015-03-30 00:00:00+09:00,184.2950569604844,185.06587706506346,180.09060699180415,182.61328125,28045000,0.0,0.0
2015-03-31 00:00:00+09:00,184.7155214168941,186.95788208686966,182.40306091308594,182.40306091308594,36787500,0.0,0.0
2015-04-01 00:00:00+09:00,179.67014667590487,180.86141598112744,176.30659546165086,176.3766632080078,50088500,0.0,0.0
2015-04-02 00:00:00+09:00,177.84823178872824,179.10956888928044,177.28763633376406,178.05845642089844,41804000,0.0,0.0
2015-04-03 00:00:00+09:00,178.26867246008052,178.54897553709824,176.44675057557623,178.47889709472656,16492500,0.0,0.0
2015-04-06 00:00:00+09:00,177.5679265354742,178.82926362054422,176.86718489848735,178.68911743164062,15041500,0.0,0.0
2015-04-07 00:00:00+09:00,180.86144992345416,186.7476763455373,180.86144992345416,185.69656372070312,45210500,0.0,0.0
2015-04-08 00:00:00+09:00,186.95785589163145,186.95785589163145,185.27608027855348,185.97682189941406,28252500,0.0,0.0
2015-04-09 00:00:00+09:00,187.79879760742188,189.13020271645624,186.67760647904586,187.79879760742188,42576000,0.0,0.0
2015-04-10 00:00:00+09:00,188.9199467859548,188.9199467859548,185.90674496096955,186.3271942138672,30100500,0.0,0.0
2015-04-13 00:00:00+09:00,186.46738879086342,188.35937873399635,185.06590525449457,188.07908630371094,28962500,0.0,0.0
2015-04-14 00:00:00+09:00,190.67181175265415,192.91417225473816,190.67181175265415,191.30247497558594,51192500,0.0,0.0
2015-04-15 00:00:00+09:00,191.58278985707912,193.61493665173975,190.74191258943046,193.05435180664062,36053500,0.0,0.0
2015-04-16 00:00:00+09:00,194.1054706371294,198.30992126464844,193.96531372890206,198.30992126464844,62451500,0.0,0.0
2015-04-17 00:00:00+09:00,198.37996976646673,204.26619547927635,198.30989132293382,203.35523986816406,61086500,0.0,0.0
2015-04-20 00:00:00+09:00,199.71137778382175,202.37418760029718,198.66026526917005,200.342041015625,33113500,0.0,0.0
2015-04-21 00:00:00+09:00,199.3610062129061,199.7814554942093,197.11862430258154,199.01063537597656,35725500,0.0,0.0
2015-04-22 00:00:00+09:00,199.64125889252182,200.90260648552226,198.37993268445592,200.41207885742188,29460500,0.0,0.0
2015-04-23 00:00:00+09:00,200.41210895443197,202.163963053684,198.80041173709517,201.60337829589844,51949500,0.0,0.0
2015-04-24 00:00:00+09:00,200.8326160287074,201.39320094786794,199.71142480544245,200.6924591064453,24726000,0.0,0.0
2015-04-27 00:00:00+09:00,201.11285918712056,203.9158258656867,201.11285918712056,203.49537658691406,30138500,0.0,0.0
2015-04-28 00:00:00+09:00,204.2662050042829,207.41954264585846,204.12604811068152,206.78887939453125,38087000,0.0,0.0
2015-04-30 00:00:00+09:00,208.12025147515374,208.54070070461603,205.03699276732388,207.4195098876953,45293500,0.0,0.0
2015-05-01 00:00:00+09:00,204.61657023111977,212.6750995381673,203.49537926793408,210.22250366210938,65238500,0.0,0.0
2015-05-07 00:00:00+09:00,207.6297550592564,208.75094604492188,201.2530227616041,208.75094604492188,72011000,0.0,0.0
2015-05-08 00:00:00+09:00,208.5407766412881,211.06345155171599,206.50862957467317,208.61085510253906,49357000,0.0,0.0
2015-05-11 00:00:00+09:00,215.82846705140793,218.35114172250366,214.42698349912604,216.03868103027344,41981000,0.0,0.0
2015-05-12 00:00:00+09:00,217.72044520538924,218.21095154293582,213.79628758032322,218.07081604003906,41818500,0.0,0.0
2015-05-13 00:00:00+09:00,217.22993595587417,220.31319528600173,215.61823853340354,219.8927459716797,33601500,0.0,0.0
2015-05-14 00:00:00+09:00,218.35106847635598,220.45329309958484,217.229877733647,219.26202392578125,23992000,0.0,0.0
2015-05-15 00:00:00+09:00,220.9437867401547,221.36423591779626,215.82838233616067,216.45904541015625,35933500,0.0,0.0
2015-05-18 00:00:00+09:00,218.2109910874484,221.6446216122767,217.37011376286696,221.50448608398438,27356500,0.0,0.0
2015-05-19 00:00:00+09:00,221.85480103783908,223.53657664785746,220.03286854992868,221.5745086669922,31929000,0.0,0.0
2015-05-20 00:00:00+09:00,223.81690260412117,225.63883536542633,222.69571156755333,224.5877227783203,38280000,0.0,0.0
2015-05-21 00:00:00+09:00,225.28845799724692,229.63306511913237,223.32638977861848,226.68994140625,38779000,0.0,0.0
2015-05-22 00:00:00+09:00,231.24480236007506,233.4871847551198,229.84331870940792,232.6462860107422,38571500,0.0,0.0
2015-05-25 00:00:00+09:00,234.04765773976257,236.64040980761942,232.78633161130597,236.2900390625,30182500,0.0,0.0
2015-05-26 00:00:00+09:00,238.3923210179844,242.73690647413738,238.3923210179844,242.38653564453125,43358500,0.0,0.0
2015-05-27 00:00:00+09:00,238.46242509388662,239.58361624668055,236.85072751389336,237.90184020996094,58170500,0.0,0.0
2015-05-28 00:00:00+09:00,238.67260470932288,240.4945372338855,232.92651475914954,234.46815490722656,51558000,0.0,0.0
2015-05-29 00:00:00+09:00,233.8375516509737,236.99088981080732,232.7163604727109,235.44924926757812,46263000,0.0,0.0
2015-06-01 00:00:00+09:00,232.01557500285813,236.57039593223945,230.40385630457519,235.79957580566406,28467000,0.0,0.0
2015-06-02 00:00:00+09:00,237.55145817429192,237.69161508117372,232.64626582261036,232.7864227294922,27387000,0.0,0.0
2015-06-03 00:00:00+09:00,231.52507442288828,236.14997433976515,231.31486044777904,235.09886169433594,21044000,0.0,0.0
2015-06-04 00:00:00+09:00,236.5003458598031,236.78063828901898,232.0856812910634,233.9075927734375,36468000,0.0,0.0
2015-06-05 00:00:00+09:00,231.31480622885147,232.0856262651452,228.65197532028557,230.68414306640625,34361000,0.0,0.0
2015-06-08 00:00:00+09:00,232.08561158152455,232.36590392655148,229.70307318645786,231.8052978515625,29827500,0.0,0.0
2015-06-09 00:00:00+09:00,228.65200390237766,231.73528443297062,227.1804634677046,227.81112670898438,33603500,0.0,0.0
2015-06-10 00:00:00+09:00,227.04034705528846,232.64628155048078,226.83013306569595,227.7410888671875,43593000,0.0,0.0
2015-06-11 00:00:00+09:00,229.0023712663031,232.92652893066406,228.44178647922533,232.92652893066406,34396000,0.0,0.0
2015-06-12 00:00:00+09:00,235.30907917640684,236.29013476804863,233.9075956282807,234.60833740234375,44207000,0.0,0.0
2015-06-15 00:00:00+09:00,234.46817310684696,236.14994888123886,232.50608354927374,235.16891479492188,26306000,0.0,0.0
2015-06-16 00:00:00+09:00,235.30904365643366,239.2332012758225,234.9586728222907,237.06089782714844,35726000,0.0,0.0
2015-06-17 00:00:00+09:00,238.53242398101006,239.79377162649655,236.21998537502128,237.20101928710938,33798500,0.0,0.0
2015-06-18 00:00:00+09:00,238.11200881212312,238.95290736268274,234.39808654785153,234.39808654785156,28391000,0.0,0.0
2015-06-19 00:00:00+09:00,235.7295160917238,237.48137043453528,234.67840348603693,235.30906677246094,47679500,0.0,0.0
2015-06-22 00:00:00+09:00,234.39812175947793,234.53827866727192,229.2126369452252,230.61412048339844,50832000,0.0,0.0
2015-06-23 00:00:00+09:00,232.08565127142285,235.3791243123557,230.96446031464066,234.1177978515625,31022500,0.0,0.0
2015-06-24 00:00:00+09:00,236.85069726571933,246.1004963638003,236.43024796399934,240.4244842529297,60152000,0.0,0.0
2015-06-25 00:00:00+09:00,237.06089782714844,238.74269493898552,236.29009909998481,237.06089782714844,27739500,0.0,0.0
2015-06-26 00:00:00+09:00,237.6915809217818,237.97187331032217,232.99660322021117,234.39808654785156,27063000,0.0,0.0
2015-06-29 00:00:00+09:00,228.23161668949405,231.3849548430397,226.33960524338943,227.7410888671875,32593000,0.0,0.0
2015-06-30 00:00:00+09:00,227.46071042205153,229.56293506294864,226.33951966991947,226.61981201171875,36680500,0.0,0.0
2015-07-01 00:00:00+09:00,227.8812034202469,230.54401325646757,226.7600124526501,227.25051879882812,22454500,0.0,0.0
2015-07-02 00:00:00+09:00,228.44178821157575,229.70311468453522,227.04030484831455,227.25051879882812,26087000,0.0,0.0
2015-07-03 00:00:00+09:00,228.1614694992499,228.37168342551692,225.00813229562524,225.98916625976562,25860000,0.0,0.0
2015-07-06 00:00:00+09:00,223.11613945296745,223.88695955314276,218.35110473632812,218.35110473632812,47880500,0.0,0.0
2015-07-07 00:00:00+09:00,223.18621683025725,223.95703692675283,215.9685863470217,216.80946350097656,54543500,0.0,0.0
2015-07-08 00:00:00+09:00,211.4138000980423,211.6240140746033,195.64711030771588,196.76828002929688,161050500,0.0,0.0
2015-07-09 00:00:00+09:00,195.6470903409809,202.0939011219099,188.91996577332233,201.7435302734375,142036500,0.0,0.0
2015-07-10 00:00:00+09:00,203.77567657707388,210.57287958005648,201.32308064186523,205.4574737548828,84172000,0.0,0.0
2015-07-13 00:00:00+09:00,206.6487289628397,210.0823591140482,205.17716707376744,209.5217742919922,51779000,0.0,0.0
2015-07-14 00:00:00+09:00,213.72620959535607,216.7393902258397,213.02546792455163,214.56710815429688,42045500,0.0,0.0
2015-07-15 00:00:00+09:00,214.56709699919017,215.82842338708772,208.96116392420086,209.381591796875,45858000,0.0,0.0
2015-07-16 00:00:00+09:00,212.11452134971844,212.9553985595703,209.24147609994378,212.9553985595703,30881000,0.0,0.0
2015-07-17 00:00:00+09:00,213.02545451161458,213.79627457795328,210.15240956522706,211.41375732421875,21248500,0.0,0.0
2015-07-21 00:00:00+09:00,214.4269431748014,214.4269431748014,209.38159478141915,210.08233642578125,29800500,0.0,0.0
2015-07-22 00:00:00+09:00,209.94218231196794,211.34366547642043,208.33046384188603,210.57284545898438,26849500,0.0,0.0
2015-07-23 00:00:00+09:00,212.95541697941513,213.44594476629555,208.96120177102,211.34371948242188,21671000,0.0,0.0
2015-07-24 00:00:00+09:00,209.45168207155842,209.52176051594282,206.15820903487977,207.5596923828125,27674500,0.0,0.0
2015-07-27 00:00:00+09:00,205.87791177567613,208.33050783133908,204.826799180392,205.3874053955078,26308500,0.0,0.0
2015-07-28 00:00:00+09:00,199.15076446807205,203.21505705520178,198.02957366940103,200.90261840820312,42033500,0.0,0.0
2015-07-29 00:00:00+09:00,206.71877410883397,208.7509204925775,204.546470849686,206.50856018066406,31411500,0.0,0.0
2015-07-30 00:00:00+09:00,209.52177781524665,213.37585734027627,207.8400019358582,211.55392456054688,39683000,0.0,0.0
2015-07-31 00:00:00+09:00,210.64297483103775,213.1656494140625,209.1714128755282,213.1656494140625,28552000,0.0,0.0
2015-08-03 00:00:00+09:00,210.85317208318747,211.90428462735585,208.26044063853584,210.29258728027344,22284000,0.0,0.0
2015-08-04 00:00:00+09:00,210.22250491041103,213.02547164254983,203.7056158121639,208.05020141601562,44244000,0.0,0.0
2015-08-05 00:00:00+09:00,210.08237253215682,219.47232928838955,209.80208010322636,216.52920532226562,59480000,0.0,0.0
2015-08-06 00:00:00+09:00,218.49125083894708,218.98177857693514,215.12769927398108,217.0897674560547,39245000,0.0,0.0
2015-08-07 00:00:00+09:00,217.22994443114672,224.72788977677894,216.03867489158003,224.5176544189453,47097000,0.0,0.0
2015-08-10 00:00:00+09:00,220.663514715271,221.01388549804688,215.2678174914835,221.01388549804688,39988500,0.0,0.0
2015-08-11 00:00:00+09:00,224.65782416728547,226.9001850844452,220.24313801969842,221.50448608398438,43351500,0.0,0.0
2015-08-12 00:00:00+09:00,218.63138392223235,221.36427194427284,212.46486626301595,214.00648498535156,49479500,0.0,0.0
2015-08-13 00:00:00+09:00,215.26779190094535,216.45903958980932,213.16556745419757,214.07652282714844,32097000,0.0,0.0
2015-08-14 00:00:00+09:00,212.81523556962878,214.28677584308488,211.83418020740893,213.65611267089844,18665500,0.0,0.0
2015-08-17 00:00:00+09:00,213.72621179060354,216.31896455318642,212.46488532417555,216.24888610839844,19018500,0.0,0.0
2015-08-18 00:00:00+09:00,215.33796135726848,216.10878166713192,212.0444875023161,213.9364776611328,30805000,0.0,0.0
2015-08-19 00:00:00+09:00,213.0255186096175,215.82848595974406,211.41382093727225,211.90432739257812,24747500,0.0,0.0
2015-08-20 00:00:00+09:00,211.20355887814853,211.76416510833053,206.5786590576172,206.5786590576172,31739500,0.0,0.0
2015-08-21 00:00:00+09:00,201.81359965019413,206.9290052540188,201.81359965019413,203.35523986816406,30994000,0.0,0.0
2015-08-24 00:00:00+09:00,199.01068852344315,201.11291410643727,194.10549549645688,194.3857879638672,46225000,0.0,0.0
2015-08-25 00:00:00+09:00,183.3140483135867,195.01642285040168,182.89359898146864,185.06590270996094,59504000,0.0,0.0
2015-08-26 00:00:00+09:00,187.0980210401631,190.74188618368458,183.87460516473072,189.06008911132812,68179000,0.0,0.0
2015-08-27 00:00:00+09:00,196.97853289706143,198.0296456431664,191.9331831617801,192.28355407714844,37596500,0.0,0.0
2015-08-28 00:00:00+09:00,204.5465165181208,211.48385570078162,202.7245836557701,207.62977600097656,59220000,0.0,0.0
2015-08-31 00:00:00+09:00,205.45746263739179,206.57863218201095,202.02381140594613,203.98590087890625,36434500,0.0,0.0
2015-09-01 00:00:00+09:00,202.8647492764867,204.4764468480224,198.5201416015625,198.5201416015625,33250000,0.0,0.0
2015-09-02 00:00:00+09:00,190.74189388423432,194.73610862998834,189.55062447404478,191.02218627929688,56342500,0.0,0.0
2015-09-03 00:00:00+09:00,193.82519465874648,197.188746892305,192.14341854196724,192.28355407714844,25192000,0.0,0.0
2015-09-04 00:00:00+09:00,195.22661680333803,195.29669524131836,186.81771748418439,188.99002075195312,30307500,0.0,0.0
2015-09-07 00:00:00+09:00,188.49955109410368,193.40474387350415,187.5885952747638,191.9331817626953,39549000,0.0,0.0
2015-09-08 00:00:00+09:00,191.9331323015857,195.7872113493482,191.51268303756947,192.2134246826172,31390000,0.0,0.0
2015-09-09 00:00:00+09:00,198.94056508068812,204.6165771484375,198.6602726766508,204.6165771484375,42923000,0.0,0.0
2015-09-10 00:00:00+09:00,197.2587536587562,201.46320311507074,196.6280905172962,200.90261840820312,36736500,0.0,0.0
2015-09-11 00:00:00+09:00,196.69819714245335,200.69241186743704,196.41788336390948,198.02960205078125,50585000,0.0,0.0
2015-09-14 00:00:00+09:00,198.02962188250336,198.87049914752822,193.8952498542101,194.24562072753906,24790000,0.0,0.0
2015-09-15 00:00:00+09:00,195.57701773330817,199.71138959172785,194.80619756666786,195.99746704101562,27176500,0.0,0.0
2015-09-16 00:00:00+09:00,199.01063612086818,200.06174863559107,196.41788336390948,198.02960205078125,24589500,0.0,0.0
2015-09-17 00:00:00+09:00,201.74355918824787,204.19615547907222,200.4822325069438,203.91586303710938,40390000,0.0,0.0
2015-09-18 00:00:00+09:00,204.54648374908558,204.61656219120718,198.09967338772273,198.8004150390625,46365500,0.0,0.0
2015-09-24 00:00:00+09:00,194.59599929599597,194.87629172875484,188.6396942138672,188.6396942138672,64964000,0.0,0.0
2015-09-25 00:00:00+09:00,190.0411874780712,192.4237053557357,186.39732151109519,190.88206481933594,53872500,0.0,0.0
2015-09-28 00:00:00+09:00,189.81127916067265,192.02420182867115,185.5996002805,186.4562225341797,44582500,5.0,0.0
2015-09-29 00:00:00+09:00,183.67221602440858,183.74360484492985,174.53501340272933,174.6777801513672,54017000,0.0,0.0
2015-09-30 00:00:00+09:00,181.31651752085145,181.6734397994358,177.3189836437453,179.5319061279297,40484500,0.0,0.0
2015-10-01 00:00:00+09:00,181.7448421693669,185.31406522145656,178.67530816608894,183.8149871826172,42745500,0.0,0.0
2015-10-02 00:00:00+09:00,182.17316849098142,184.31471352135122,181.10240142199947,183.52947998046875,18772500,0.0,0.0
2015-10-05 00:00:00+09:00,186.88450004811457,192.23833433274132,186.88450004811457,190.2395782470703,39312500,0.0,0.0
2015-10-06 00:00:00+09:00,195.23649029771295,195.23649029771295,191.88141209786946,192.95217895507812,42567000,0.0,0.0
2015-10-07 00:00:00+09:00,195.59340751457682,203.23155294530972,194.9509517738626,202.44631958007812,51302500,0.0,0.0
2015-10-08 00:00:00+09:00,201.30414798181297,207.5146038143229,200.8758369270183,205.3016815185547,56955500,0.0,0.0
2015-10-09 00:00:00+09:00,207.72876916518786,211.8690589432171,207.72876916518786,211.72630310058594,50857500,0.0,0.0
2015-10-13 00:00:00+09:00,208.799576160285,213.6537114391465,207.22910909575313,210.08448791503906,44991500,0.0,0.0
2015-10-14 00:00:00+09:00,206.51522341046723,209.08506819483208,203.0173894079074,204.9447784423828,38060500,0.0,0.0
2015-10-15 00:00:00+09:00,205.01619490196427,211.36940801392132,204.94480607905933,210.6555633544922,38850500,0.0,0.0
2015-10-16 00:00:00+09:00,212.79711929248975,214.51034229495454,210.3700515569303,213.4395751953125,43373500,0.0,0.0
2015-10-19 00:00:00+09:00,210.01311844896938,211.2266413622756,206.5152620078582,207.58602905273438,33125000,0.0,0.0
2015-10-20 00:00:00+09:00,208.58537405113728,209.58475200585346,206.01552946414887,208.44259643554688,22781500,0.0,0.0
2015-10-21 00:00:00+09:00,208.44264305114453,213.65370041349897,208.29986540362367,213.15402221679688,26168000,0.0,0.0
2015-10-22 00:00:00+09:00,212.3687964918614,216.937398177077,211.29802945072595,215.7952423095703,31288500,0.0,0.0
2015-10-23 00:00:00+09:00,220.14966698375346,221.22043386770636,216.7232216690274,218.6505889892578,32300000,0.0,0.0
2015-10-26 00:00:00+09:00,221.4345821035049,221.72011555878038,219.07888208166816,220.3638153076172,29063000,0.0,0.0
2015-10-27 00:00:00+09:00,219.2930656936379,219.64998798689916,215.2955316521503,216.7232208251953,25747000,0.0,0.0
2015-10-28 00:00:00+09:00,216.86601140840273,217.08017788954862,215.22417731034128,217.0087890625,28120000,0.0,0.0
2015-10-29 00:00:00+09:00,218.5792008667943,221.0062678792641,217.2942676591532,219.9355010986328,69441000,0.0,0.0
2015-10-30 00:00:00+09:00,218.29367861265027,219.72136786920078,215.01001075043146,217.579833984375,38970000,0.0,0.0
2015-11-02 00:00:00+09:00,212.44016721602122,213.7250788419708,210.44138917199928,212.01185607910156,30232500,0.0,0.0
2015-11-04 00:00:00+09:00,208.58537700761028,215.0099776737403,208.58537700761028,213.01119995117188,43182000,0.0,0.0
2015-11-05 00:00:00+09:00,212.58291027337197,218.00813351651036,211.29799872477963,216.5804443359375,46159500,0.0,0.0
2015-11-06 00:00:00+09:00,219.8641706253351,221.29186004498013,217.22293648506712,220.7921600341797,46670500,0.0,0.0
2015-11-09 00:00:00+09:00,221.43460359284632,224.07581554147134,220.36383669304493,223.9330596923828,35628000,0.0,0.0
2015-11-10 00:00:00+09:00,222.50537929828926,224.93244667692846,221.5773682108504,222.43399047851562,26161500,0.0,0.0
2015-11-11 00:00:00+09:00,221.50599175729306,223.29060342721908,219.86415773488528,222.6481475830078,22658500,0.0,0.0
2015-11-12 00:00:00+09:00,222.29120096648913,223.5761342993592,220.4352006755488,223.50474548339844,20958500,0.0,0.0
2015-11-13 00:00:00+09:00,221.22043156968775,222.43397607281804,219.22167545432845,221.64874267578125,28441000,0.0,0.0
2015-11-16 00:00:00+09:00,216.4376864973637,221.07767629153375,216.36629768203028,220.22105407714844,28170500,0.0,0.0
2015-11-17 00:00:00+09:00,221.29182038483796,223.21920946985483,219.72135359076438,221.64874267578125,32041500,0.0,0.0
2015-11-18 00:00:00+09:00,223.64749907346618,224.3613436562539,219.5072092072206,219.57859802246094,24667000,0.0,0.0
2015-11-19 00:00:00+09:00,222.64812384433077,224.57551295627738,221.6487457726877,222.07705688476562,29070500,0.0,0.0
2015-11-20 00:00:00+09:00,220.86350588351308,221.29181698302236,218.43643869937046,220.57797241210938,25413500,0.0,0.0
2015-11-24 00:00:00+09:00,221.2204166709637,222.64810573858503,220.50657213715303,222.2911834716797,21642500,0.0,0.0
2015-11-25 00:00:00+09:00,222.14845505689053,222.79091085966095,220.57798817473258,221.86289978027344,23239000,0.0,0.0
2015-11-26 00:00:00+09:00,223.07643495640872,223.14782377255636,220.93490118082718,222.07705688476562,19937500,0.0,0.0
2015-11-27 00:00:00+09:00,222.4339911403668,223.1478357706088,220.57799074477575,221.0063018798828,23396000,0.0,0.0
2015-11-30 00:00:00+09:00,220.00687319829706,220.7920846832791,212.86842853624722,214.43887329101562,55352000,0.0,0.0
2015-12-01 00:00:00+09:00,215.86657663935588,220.43517717120568,215.1527321254792,219.36441040039062,30831500,0.0,0.0
2015-12-02 00:00:00+09:00,217.79398770497906,218.93614340037666,216.5090543783538,216.7232208251953,23206500,0.0,0.0
2015-12-03 00:00:00+09:00,214.86722388168982,218.00813575422794,214.86722388168982,217.7939910888672,28072000,0.0,0.0
2015-12-04 00:00:00+09:00,214.29615588489582,215.2955339597775,212.51154439946134,213.72506713867188,35705000,0.0,0.0
2015-12-07 00:00:00+09:00,215.08137745622852,215.36693273494896,213.51093234731206,213.5823211669922,24883500,0.0,0.0
2015-12-08 00:00:00+09:00,214.08198316566103,214.86721655321568,207.80015963483888,210.1558380126953,36619000,0.0,0.0
2015-12-09 00:00:00+09:00,208.44264581176017,208.44264581176017,205.87280061602291,206.80081176757812,45217500,0.0,0.0
2015-12-10 00:00:00+09:00,206.94349877951555,210.08440995825853,206.30104314053685,207.51458740234375,34621000,0.0,0.0
2015-12-11 00:00:00+09:00,205.37307919697787,208.085679686516,205.37307919697787,206.5152130126953,47235000,0.0,0.0
2015-12-14 00:00:00+09:00,201.30417459339674,204.65925288387658,200.44755237056543,204.23094177246094,32542000,0.0,0.0
2015-12-15 00:00:00+09:00,208.51397085941898,209.08503771277557,201.8752043189273,202.08937072753906,31507000,0.0,0.0
2015-12-16 00:00:00+09:00,207.30047413272692,211.58354187011716,207.086329459781,211.5835418701172,41827500,0.0,0.0
2015-12-17 00:00:00+09:00,214.08195774297837,216.00934657583943,212.72565757179703,213.86781311035156,36676000,0.0,0.0
2015-12-18 00:00:00+09:00,210.1558370686558,211.0124592666506,203.94540238001966,204.0167694091797,78068000,0.0,0.0
2015-12-21 00:00:00+09:00,201.23277707987498,203.51708838548947,198.87709874611582,201.518310546875,51764500,0.0,0.0
2015-12-22 00:00:00+09:00,201.30416641716212,201.94662216578737,200.0906219482422,200.0906219482422,32881000,0.0,0.0
2015-12-24 00:00:00+09:00,203.44571960096297,207.7287873820359,203.44571960096297,204.58787536621094,32136500,0.0,0.0
2015-12-25 00:00:00+09:00,204.58787536621094,204.58787536621094,204.58787536621094,204.58787536621094,0,0.0,0.0
2015-12-28 00:00:00+09:00,201.9466373447205,205.44447160330571,201.37557036630983,204.30233764648438,16804000,0.0,0.0
2015-12-29 00:00:00+09:00,203.8740272847585,206.58662811959414,201.8752492832085,206.22970581054688,14918500,0.0,0.0
2015-12-30 00:00:00+09:00,207.15773623787047,208.22850326504454,205.65865804286454,205.872802734375,15094000,0.0,0.0
2016-01-04 00:00:00+09:00,205.58726555334061,208.1571107297195,202.23218688073342,203.51712036132812,31151000,0.0,0.0
2016-01-05 00:00:00+09:00,203.0887592227865,207.5146038143229,202.80322578119177,205.3016815185547,24764500,0.0,0.0
2016-01-06 00:00:00+09:00,205.7300100352026,207.44323261499022,200.8758539768628,202.3035430908203,24571500,0.0,0.0
2016-01-07 00:00:00+09:00,199.8764985054779,201.16141013908933,191.88142985133499,192.09559631347656,63609500,0.0,0.0
2016-01-08 00:00:00+09:00,190.9534144357317,197.0210930252783,190.7392697876703,192.381103515625,47535500,0.0,0.0
2016-01-12 00:00:00+09:00,187.81249809373992,191.9527876073862,185.1712646484375,185.1712646484375,45131500,0.0,0.0
2016-01-13 00:00:00+09:00,188.66910398861023,191.66725978293636,187.2414149027038,191.5958709716797,36381000,0.0,0.0
2016-01-14 00:00:00+09:00,184.45744235546601,186.17066505775287,181.31653043713874,185.24267578125,48846500,0.0,0.0
2016-01-15 00:00:00+09:00,187.59836497871234,190.31098771486467,185.88514217866393,187.0272979736328,36412000,0.0,0.0
2016-01-18 00:00:00+09:00,181.45930799706397,185.88514265213286,181.3879300674497,184.9571533203125,25798500,0.0,0.0
2016-01-19 00:00:00+09:00,184.10051917875379,186.81314174725702,182.88699642175706,186.0279083251953,30463000,0.0,0.0
2016-01-20 00:00:00+09:00,185.4568227358891,185.67098919182038,178.88946533203125,178.88946533203125,40511500,0.0,0.0
2016-01-21 00:00:00+09:00,180.53127207953213,182.24450543762143,174.03529357910156,174.03529357910156,39876000,0.0,0.0
2016-01-22 00:00:00+09:00,180.31714851689566,183.45806036857894,176.9620702164653,182.88699340820312,43469500,0.0,0.0
2016-01-25 00:00:00+09:00,187.02729447051018,189.24021719716131,184.38606060566698,188.66912841796875,34658500,0.0,0.0
2016-01-26 00:00:00+09:00,185.88512447294366,185.88512447294366,181.81621254109243,182.45867919921875,33304000,0.0,0.0
2016-01-27 00:00:00+09:00,189.3115954518431,193.52327420858327,188.09805092549723,191.73866271972656,44851500,0.0,0.0
2016-01-28 00:00:00+09:00,192.1669588675636,195.09370405349972,190.0967922738731,192.381103515625,30285500,0.0,0.0
2016-01-29 00:00:00+09:00,193.7374162645794,199.94787287609802,190.95342673641196,199.51956176757812,50591500,0.0,0.0
2016-02-01 00:00:00+09:00,203.44573153716,204.80203205711229,201.66111985700948,203.51712036132812,39308500,0.0,0.0
2016-02-02 00:00:00+09:00,198.94848860291478,201.01863348053558,197.66355531746214,198.66293334960938,29996500,0.0,0.0
2016-02-03 00:00:00+09:00,194.37984408741656,194.45123289270705,187.455565670334,190.31094360351562,48776500,0.0,0.0
2016-02-04 00:00:00+09:00,187.0986448975503,194.87954546959512,187.0986448975503,190.8106231689453,47315500,0.0,0.0
2016-02-05 00:00:00+09:00,188.45498844581644,198.3060359461056,184.95715400207956,197.87774658203125,60416500,0.0,0.0
2016-02-08 00:00:00+09:00,194.95097612555483,199.16265515722233,193.3091203777457,197.44943237304688,33123500,0.0,0.0
2016-02-09 00:00:00+09:00,189.52572126148794,195.23647745769097,187.2414100690843,190.02542114257812,54425000,0.0,0.0
2016-02-10 00:00:00+09:00,190.5250946570245,191.59586141806227,178.74666028560912,181.3878936767578,48711000,0.0,0.0
2016-02-12 00:00:00+09:00,173.74973596081082,175.39158038551503,167.0396024419004,167.53929138183594,84881500,0.0,0.0
2016-02-15 00:00:00+09:00,177.96146287408695,191.23896604156565,176.46238484098896,187.9552764892578,59494000,0.0,0.0
2016-02-16 00:00:00+09:00,186.74176087937644,197.23526394335124,186.2420609209355,193.52328491210938,50912500,0.0,0.0
2016-02-17 00:00:00+09:00,193.45186904488827,199.23401413713955,190.81063555064804,194.59402465820312,54215000,0.0,0.0
2016-02-18 00:00:00+09:00,202.44632376511655,202.94600189164294,197.73494526113876,200.01925659179688,45403500,0.0,0.0
2016-02-19 00:00:00+09:00,196.30723999083807,197.94907364774832,192.95216208434516,196.5927734375,36026000,0.0,0.0
2016-02-22 00:00:00+09:00,195.30788307211958,199.23402829482927,194.09433856208614,196.8069610595703,27416500,0.0,0.0
2016-02-23 00:00:00+09:00,201.5897203775857,202.94602082584916,195.80757448255784,196.2358856201172,38958500,0.0,0.0
2016-02-24 00:00:00+09:00,192.45251182438375,193.16635643665163,189.02604461461266,192.66665649414062,41635500,0.0,0.0
2016-02-25 00:00:00+09:00,194.73679991902355,198.37741176875662,193.166354855772,197.59217834472656,30766500,0.0,0.0
2016-02-26 00:00:00+09:00,199.73374060241682,200.5903629660184,193.95161589494674,195.09375,24762000,0.0,0.0
2016-02-29 00:00:00+09:00,197.30661488379238,197.30661488379238,189.9540252685547,189.9540252685547,43128000,0.0,0.0
2016-03-01 00:00:00+09:00,189.9540529651413,191.8100532874591,188.4549749438535,190.16819763183594,33256000,0.0,0.0
2016-03-02 00:00:00+09:00,198.4488170782301,201.01866223188867,194.736816102411,199.59097290039062,41261000,0.0,0.0
2016-03-03 00:00:00+09:00,199.94789442289837,205.80140758743053,199.3054385832901,204.37371826171875,42204500,0.0,0.0
2016-03-04 00:00:00+09:00,207.01494914100923,210.29863889813893,205.7300374809545,209.4420166015625,45735500,0.0,0.0
2016-03-07 00:00:00+09:00,210.72690996311675,211.79767673775697,208.29982117942097,209.65614318847656,25058500,0.0,0.0
2016-03-08 00:00:00+09:00,208.44260070305236,213.65365700670628,207.15768927565458,208.72813415527344,41891500,0.0,0.0
2016-03-09 00:00:00+09:00,202.58906399772886,204.87337515237448,200.30477462788892,204.15953063964844,41038500,0.0,0.0
2016-03-10 00:00:00+09:00,205.72997757338362,206.58657783571226,201.4469109073296,203.8739776611328,30139500,0.0,0.0
2016-03-11 00:00:00+09:00,200.01922700580673,206.94350521769115,199.01982733096614,205.44442749023438,42870500,0.0,0.0
2016-03-14 00:00:00+09:00,207.22908700859762,207.72878696263763,205.87278657095806,206.65802001953125,25391000,0.0,0.0
2016-03-15 00:00:00+09:00,204.8020008158264,206.72938985030186,202.8746335661582,204.9447784423828,28843500,0.0,0.0
2016-03-16 00:00:00+09:00,203.73124385489893,206.15831113045417,202.1607988106259,203.3029327392578,19525000,0.0,0.0
2016-03-17 00:00:00+09:00,205.51587407925024,207.37187455963763,202.23218427315106,204.37371826171875,29311500,0.0,0.0
2016-03-18 00:00:00+09:00,205.73000521243208,207.51461656304372,202.23214953738804,203.44569396972656,33904500,0.0,0.0
2016-03-22 00:00:00+09:00,206.72939868234033,209.22785476016776,204.302331420841,206.15830993652344,28825000,0.0,0.0
2016-03-23 00:00:00+09:00,206.22967064993887,207.8715260625176,203.58845908418115,205.3016815185547,26623500,0.0,0.0
2016-03-24 00:00:00+09:00,200.59034282902408,202.16080974303276,198.16327542221842,199.662353515625,43422500,0.0,0.0
2016-03-25 00:00:00+09:00,201.01866645832897,206.80081272942846,200.59035529291216,206.0155792236328,31529000,0.0,0.0
2016-03-28 00:00:00+09:00,206.87217976965556,207.30049093507233,204.2309675217386,206.0155792236328,29314500,0.0,0.0
2016-03-29 00:00:00+09:00,206.45143283784805,210.44679818561937,206.45143283784805,209.5750732421875,20260500,5.0,0.0
2016-03-30 00:00:00+09:00,207.97692111454123,208.19486343785925,201.94756037381293,202.3834228515625,32596500,0.0,0.0
2016-03-31 00:00:00+09:00,203.03720485639013,204.56271243935677,200.93056208414407,201.36642456054688,30523500,0.0,0.0
2016-04-01 00:00:00+09:00,200.49466244908314,200.49466244908314,193.4482831983559,194.17471313476562,35682000,0.0,0.0
2016-04-04 00:00:00+09:00,194.24737622012134,198.38803605898096,193.01245853000967,195.26437377929688,23047500,0.0,0.0
2016-04-05 00:00:00+09:00,193.1577489228669,195.40968654733834,190.9058112983954,191.5596160888672,39608500,0.0,0.0
2016-04-06 00:00:00+09:00,190.32466713965232,193.59360226227994,189.0171019581553,190.54258728027344,28498000,0.0,0.0
2016-04-07 00:00:00+09:00,190.90575111395478,193.01241536331372,189.08967653269997,191.4142608642578,22051500,0.0,0.0
2016-04-08 00:00:00+09:00,188.3633012922509,195.04646655575655,185.60287599625997,192.28604125976562,36009500,0.0,0.0
2016-04-11 00:00:00+09:00,191.99539586270768,192.72182569520962,187.78211170174816,191.4142608642578,21486000,0.0,0.0
2016-04-12 00:00:00+09:00,191.55959308146024,195.99079818937517,190.39730068885817,194.9738006591797,18760000,0.0,0.0
2016-04-13 00:00:00+09:00,200.494659755543,201.1484422557521,196.6445900118481,200.42201232910156,28940500,0.0,0.0
2016-04-14 00:00:00+09:00,203.03725152327854,206.74205017089844,202.02025362384543,206.74205017089844,31119000,0.0,0.0
2016-04-15 00:00:00+09:00,205.28909421124732,207.3957364878556,204.56266431111473,206.2334442138672,31696500,0.0,0.0
2016-04-18 00:00:00+09:00,197.08045339260005,199.9861734406672,196.57196568551907,198.09747314453125,34640000,0.0,0.0
2016-04-19 00:00:00+09:00,201.3664006863476,204.4900407539341,200.34938097235775,202.601318359375,27906000,0.0,0.0
2016-04-20 00:00:00+09:00,206.16084156208362,207.03256649910796,204.27214114667427,205.2891387939453,29673000,0.0,0.0
2016-04-21 00:00:00+09:00,209.50244237151753,212.844025360442,208.55809208218338,212.69873046875,47796500,0.0,0.0
2016-04-22 00:00:00+09:00,210.51941470194734,214.5874273206423,209.86563210600545,214.29685974121094,28385000,0.0,0.0
2016-04-25 00:00:00+09:00,215.0232901259347,215.0232901259347,211.10057237498185,213.06192016601562,30247000,0.0,0.0
2016-04-26 00:00:00+09:00,210.51940778778948,213.27985512393838,208.55806006438098,209.647705078125,25329500,0.0,0.0
2016-04-27 00:00:00+09:00,209.3571075600937,211.60902253125812,208.92124518316848,210.73731994628906,22851500,0.0,0.0
2016-04-28 00:00:00+09:00,214.29688874908555,216.3308842493182,205.36180700100104,205.57972717285156,42980500,0.0,0.0
2016-05-02 00:00:00+09:00,194.10210872255877,197.1531014818231,191.77752380883717,196.78988647460938,48282500,0.0,0.0
2016-05-06 00:00:00+09:00,191.05108867604793,200.05881617984903,189.81614881705215,195.26437377929688,65350500,0.0,0.0
2016-05-09 00:00:00+09:00,198.89654465043225,202.52869500686006,198.38805690186422,200.20413208007812,37607000,0.0,0.0
2016-05-10 00:00:00+09:00,199.041789981865,201.36637449884063,195.33699310682053,200.78521728515625,52342500,0.0,0.0
2016-05-11 00:00:00+09:00,203.83624151466833,205.14380651292308,199.913524351022,200.49465942382812,29228500,0.0,0.0
2016-05-12 00:00:00+09:00,198.7512673508298,203.3277678267602,197.51632739058908,203.1824951171875,19333000,0.0,0.0
2016-05-13 00:00:00+09:00,203.18249461694498,203.54570964331143,197.51632690429688,197.51632690429688,36025000,0.0,0.0
2016-05-16 00:00:00+09:00,197.58897362152987,200.34939894427634,197.1531111577052,198.82391357421875,17203500,0.0,0.0
2016-05-17 00:00:00+09:00,200.9305264001452,201.9475238852151,199.5503139440587,201.003173828125,18612500,0.0,0.0
2016-05-18 00:00:00+09:00,201.00323668302528,207.39581330436047,200.93058923232817,203.98158264160156,38345500,0.0,0.0
2016-05-19 00:00:00+09:00,206.08820015656352,207.39576529084349,200.7852478477963,201.94754028320312,21937000,0.0,0.0
2016-05-20 00:00:00+09:00,201.07578480755797,201.8748621208234,199.62292502666844,200.78521728515625,22189500,0.0,0.0
2016-05-23 00:00:00+09:00,199.6229688941972,200.34939894427634,195.70025105754692,198.82391357421875,23951500,0.0,0.0
2016-05-24 00:00:00+09:00,198.31541347666075,199.1871384474096,196.4266908192961,197.37106323242188,22109500,0.0,0.0
2016-05-25 00:00:00+09:00,200.7126153606568,201.22112526679155,198.1701101677551,198.5333251953125,17855000,0.0,0.0
2016-05-26 00:00:00+09:00,200.8579241551362,201.07584431921427,195.99083358110957,196.57199096679688,24043000,0.0,0.0
2016-05-27 00:00:00+09:00,197.51631063049285,199.69560060913503,197.44366319742795,197.7342529296875,21601000,0.0,0.0
2016-05-30 00:00:00+09:00,200.20409122567634,200.71257887048046,198.24272156589524,200.63995361328125,14264000,0.0,0.0
2016-05-31 00:00:00+09:00,200.63996585344725,202.8192557555388,199.25973118034932,202.1654510498047,52125500,0.0,0.0
2016-06-01 00:00:00+09:00,200.9305261181058,201.58430863124144,197.66159138354513,198.6785888671875,25658500,0.0,0.0
2016-06-02 00:00:00+09:00,198.60595392137887,198.60595392137887,191.9228113453594,192.21337890625,41040500,0.0,0.0
2016-06-03 00:00:00+09:00,191.92281756589378,192.9398151464154,190.97844525128582,192.35865783691406,23509500,0.0,0.0
2016-06-06 00:00:00+09:00,189.01709066370304,191.34165331067285,188.21801324769814,191.19638061523438,28740500,0.0,0.0
2016-06-07 00:00:00+09:00,191.19639619520834,193.73890134584204,190.3973187140892,192.28604125976562,20770500,0.0,0.0
2016-06-08 00:00:00+09:00,193.81149345008652,197.66158532069403,192.06806607890658,197.29837036132812,32551500,0.0,0.0
2016-06-09 00:00:00+09:00,196.13612824141524,197.9522035029098,194.029485371859,195.4823455810547,26112500,0.0,0.0
2016-06-10 00:00:00+09:00,195.3370204766249,195.62758803973972,192.6492428067077,194.24737548828125,33773500,0.0,0.0
2016-06-13 00:00:00+09:00,188.94445700398114,189.8888071842596,186.47459931265752,186.8378143310547,26205000,0.0,0.0
2016-06-14 00:00:00+09:00,186.6925104360279,190.5425805774662,185.31229786658122,186.9830780029297,29058000,0.0,0.0
2016-06-15 00:00:00+09:00,185.89341621147253,186.6924935749472,182.91506012417113,184.94906616210938,27458000,0.0,0.0
2016-06-16 00:00:00+09:00,184.65852213798826,185.67553088974321,179.06501279888732,179.79144287109375,30250500,0.0,0.0
2016-06-17 00:00:00+09:00,182.1886590322456,184.94909544330625,180.59051513671875,180.59051513671875,33410500,0.0,0.0
2016-06-20 00:00:00+09:00,185.2396545318874,187.05572957631767,183.714147060789,184.65850830078125,30354000,0.0,0.0
2016-06-21 00:00:00+09:00,183.20564793730844,185.6755166439781,179.93671286318516,185.3123016357422,30495500,0.0,0.0
2016-06-22 00:00:00+09:00,189.67086191692175,189.88878203154013,184.8764198753752,185.89341735839844,31249000,0.0,0.0
2016-06-23 00:00:00+09:00,187.70951807114696,189.30767302813936,186.03873784519757,188.9444580078125,26008500,0.0,0.0
2016-06-24 00:00:00+09:00,191.77754382783863,191.77754382783863,174.34322166167146,176.30458068847656,69483000,0.0,0.0
2016-06-27 00:00:00+09:00,176.8130138283424,178.33852088475763,174.48844062025583,177.61209106445312,38783000,0.0,0.0
2016-06-28 00:00:00+09:00,174.63376863068837,176.81305864397206,172.38184226762723,175.43284606933594,36788000,0.0,0.0
2016-06-29 00:00:00+09:00,180.00936920361443,181.3895818694126,177.61214781377913,181.09901428222656,36549500,0.0,0.0
2016-06-30 00:00:00+09:00,184.00474515214307,184.2226763973799,180.08201599121094,180.08201599121094,31117000,0.0,0.0
2016-07-01 00:00:00+09:00,181.60753400429502,182.5518953980062,179.93674247456667,180.80845642089844,20770000,0.0,0.0
2016-07-04 00:00:00+09:00,180.88103924362744,184.73111980586177,180.22725678857114,183.714111328125,19083000,0.0,0.0
2016-07-05 00:00:00+09:00,183.78677383059005,185.31228113015402,182.7697763538415,184.94906616210938,19181500,0.0,0.0
2016-07-06 00:00:00+09:00,180.88109347661913,181.31695596696673,178.26594070342068,180.6631622314453,28035000,0.0,0.0
2016-07-07 00:00:00+09:00,181.46222409893625,183.27829917781983,179.936716598897,180.7357940673828,23801000,0.0,0.0
2016-07-08 00:00:00+09:00,182.76977903743852,182.98769915391208,178.12062072753906,178.12062072753906,24115000,0.0,0.0
2016-07-11 00:00:00+09:00,178.12062072753906,178.12062072753906,178.12062072753906,178.12062072753906,0,0.0,0.0
2016-07-12 00:00:00+09:00,188.0727324592255,189.3803198293378,184.65851349651916,185.021728515625,32199000,0.0,0.0
2016-07-13 00:00:00+09:00,189.38032081002154,190.615238580045,188.36330101615033,188.87181091308594,30766500,0.0,0.0
2016-07-14 00:00:00+09:00,188.87178722211675,191.77750702553394,187.8547897246973,191.2689971923828,24194000,0.0,0.0
2016-07-15 00:00:00+09:00,192.06809894552282,194.5379566580756,190.54259142136547,192.28604125976562,27948500,0.0,0.0
2016-07-19 00:00:00+09:00,191.12372972905564,191.9228071306195,189.38030223311486,191.63221740722656,25687500,0.0,0.0
2016-07-20 00:00:00+09:00,190.10675016154167,190.5425904500343,187.92746004353646,189.01710510253906,20401000,0.0,0.0
2016-07-21 00:00:00+09:00,192.06811962972878,192.64927702807674,188.94447897582756,190.32469177246094,24025500,0.0,0.0
2016-07-22 00:00:00+09:00,188.29063941920737,190.1067141737565,187.63683477246465,188.6538543701172,19549500,0.0,0.0
2016-07-25 00:00:00+09:00,189.01710056950597,189.5255882835146,187.0557306427849,187.34629821777344,24515000,0.0,0.0
2016-07-26 00:00:00+09:00,183.78678405052665,184.8764290152531,181.60749412107376,183.35092163085938,31260000,0.0,0.0
2016-07-27 00:00:00+09:00,174.63374666563072,177.53946631786712,164.97223768949738,171.80067443847656,208135500,0.0,0.0
2016-07-28 00:00:00+09:00,174.34319504168857,177.61212994872022,171.43747512432708,172.8903350830078,73015000,0.0,0.0
2016-07-29 00:00:00+09:00,171.43751509611542,171.94601398332517,166.27985660647994,170.34786987304688,84467500,0.0,0.0
2016-08-01 00:00:00+09:00,167.0062513892989,171.4374787918481,166.49775260977083,170.05726623535156,44259000,0.0,0.0
2016-08-02 00:00:00+09:00,170.1298713254056,173.61673687706306,167.9505817411747,168.38644409179688,53625000,0.0,0.0
2016-08-03 00:00:00+09:00,166.3524470773003,169.04023549004543,165.48073341430737,165.8439483642578,49730000,0.0,0.0
2016-08-04 00:00:00+09:00,168.8949737548828,171.0016163055755,166.35246877362653,168.8949737548828,44020500,0.0,0.0
2016-08-05 00:00:00+09:00,168.8949427778961,169.25815770860123,167.44208305507547,168.38644409179688,35329000,0.0,0.0
2016-08-08 00:00:00+09:00,171.00160191697924,171.6553955078125,169.2581745103062,171.6553955078125,26484500,0.0,0.0
2016-08-09 00:00:00+09:00,173.61678099436733,176.81306876299695,172.89035094836578,176.23193359375,35624000,0.0,0.0
2016-08-10 00:00:00+09:00,175.7960914904667,178.5565282018339,175.0696613603408,176.5951690673828,30033000,0.0,0.0
2016-08-12 00:00:00+09:00,177.97533078537774,178.0479782113114,175.21489486651225,176.1592559814453,30748500,0.0,0.0
2016-08-15 00:00:00+09:00,175.06966105785557,175.79609118672633,173.5441533534493,173.83473205566406,23244000,0.0,0.0
2016-08-16 00:00:00+09:00,174.19792666006217,175.5781393090291,171.72805786132812,171.72805786132812,21898000,0.0,0.0
2016-08-17 00:00:00+09:00,171.7280482807907,176.15927573300607,171.7280482807907,175.5054931640625,24367500,0.0,0.0
2016-08-18 00:00:00+09:00,173.61676951932807,173.83470073561313,171.00161709279146,171.0742645263672,38826000,0.0,0.0
2016-08-19 00:00:00+09:00,172.23655772988002,174.779062734251,171.7280478614521,173.25355529785156,30446500,0.0,0.0
2016-08-22 00:00:00+09:00,173.6894236375348,174.99698881668408,172.59977859861536,174.63377380371094,22220500,0.0,0.0
2016-08-23 00:00:00+09:00,172.89030939215672,174.2705217140323,172.09123209984546,172.74502563476562,20309000,0.0,0.0
2016-08-24 00:00:00+09:00,175.36020278963528,175.50549766151687,173.0356289372822,173.68942260742188,18439500,0.0,0.0
2016-08-25 00:00:00+09:00,174.05262260691774,174.05262260691774,172.45446782959445,173.03561401367188,21532000,0.0,0.0
2016-08-26 00:00:00+09:00,172.5271037339013,172.59975115872345,170.1298828125,170.1298828125,41620500,0.0,0.0
2016-08-29 00:00:00+09:00,172.3092089114112,173.47150144723432,171.80071008365476,173.3262176513672,31562000,0.0,0.0
2016-08-30 00:00:00+09:00,173.47151206420497,175.06965608544058,172.67243451136528,174.5611572265625,23184000,0.0,0.0
2016-08-31 00:00:00+09:00,176.15929713592774,177.68480476139774,175.43286704464558,177.39422607421875,29445500,0.0,0.0
2016-09-01 00:00:00+09:00,178.12066713452373,181.5348865569156,177.39423699850653,180.80845642089844,39263500,0.0,0.0
2016-09-02 00:00:00+09:00,181.75279201904428,182.18865447257176,180.22729560058332,181.24429321289062,24934000,0.0,0.0
2016-09-05 00:00:00+09:00,184.44055058140574,185.02169672902312,183.0603381797002,183.49620056152344,26866500,0.0,0.0
2016-09-06 00:00:00+09:00,183.78679416737438,185.3123016357422,183.20564793730844,185.3123016357422,23561000,0.0,0.0
2016-09-07 00:00:00+09:00,184.07735177452653,186.11136901186003,183.93206799598607,185.67550659179688,34815500,0.0,0.0
2016-09-08 00:00:00+09:00,185.4576010012917,186.1840199943431,184.22267208643933,185.82081604003906,30624000,0.0,0.0
2016-09-09 00:00:00+09:00,185.31231724134665,186.83782483818118,184.9491022025235,185.2396697998047,32379500,0.0,0.0
2016-09-12 00:00:00+09:00,183.1329958799253,183.49621085701008,181.24427356530782,182.4792022705078,32780500,0.0,0.0
2016-09-13 00:00:00+09:00,182.04337102277353,183.56886744408274,180.51786351702162,181.75279235839844,20813500,0.0,0.0
2016-09-14 00:00:00+09:00,179.21030150172462,179.93673159381464,178.12065636358955,179.0650177001953,25500500,0.0,0.0
2016-09-15 00:00:00+09:00,178.7017922623677,179.86408477590007,178.0480096512825,179.50086975097656,22874000,0.0,0.0
2016-09-16 00:00:00+09:00,180.1546118093226,180.4451793300776,178.33853709350282,178.6291046142578,33203500,0.0,0.0
2016-09-20 00:00:00+09:00,178.5564984736167,180.08199484223175,177.97535224938332,179.86407470703125,31232000,0.0,0.0
2016-09-21 00:00:00+09:00,180.95368666505158,183.714111328125,179.21024831083437,183.714111328125,36174500,0.0,0.0
2016-09-23 00:00:00+09:00,184.51320943704346,186.5472044530482,183.1329969498343,186.4019317626953,42217000,0.0,0.0
2016-09-26 00:00:00+09:00,187.41897636203302,187.49162380990455,185.82083226885806,186.1840362548828,36035000,0.0,0.0
2016-09-27 00:00:00+09:00,185.16700299868816,186.9830780029297,182.18864664239737,186.9830780029297,45408500,0.0,0.0
2016-09-28 00:00:00+09:00,187.0573213180693,189.13573826467342,185.20159392404085,187.428466796875,37603500,5.5,0.0
2016-09-29 00:00:00+09:00,190.32339776050773,192.77297152215434,189.06150539282473,189.28419494628906,41028000,0.0,0.0
2016-09-30 00:00:00+09:00,185.8696660137731,188.39346226592357,184.7562294889467,187.354248046875,27413500,0.0,0.0
2016-10-03 00:00:00+09:00,188.2449722194601,188.54188404169767,186.38924501432527,186.61192321777344,17036000,0.0,0.0
2016-10-04 00:00:00+09:00,187.87384665178354,189.58110679993405,187.13155569120985,189.28419494628906,26006000,0.0,0.0
2016-10-05 00:00:00+09:00,190.47185685494708,190.917235942798,189.50687638224392,190.84300231933594,25302500,0.0,0.0
2016-10-06 00:00:00+09:00,191.65955188489707,192.10490837794964,189.28421154163618,191.2884063720703,23720000,0.0,0.0
2016-10-07 00:00:00+09:00,191.51105923782526,191.6595264844495,190.1007110065806,190.76876831054688,18341500,0.0,0.0
2016-10-11 00:00:00+09:00,192.32759542115284,193.51526550721755,189.80379931988068,189.95225524902344,31290000,0.0,0.0
2016-10-12 00:00:00+09:00,189.729583221803,190.62031882578236,188.17076759868485,188.7646026611328,30988000,0.0,0.0
2016-10-13 00:00:00+09:00,189.35842838907766,190.5460984554269,187.5769232895538,188.39344787597656,22122500,0.0,0.0
2016-10-14 00:00:00+09:00,187.57694490537688,189.28421657507198,187.1315770740189,188.9873046875,22586000,0.0,0.0
2016-10-17 00:00:00+09:00,188.24501364210758,189.95227398534018,187.87386811941136,188.9873046875,23800500,0.0,0.0
2016-10-18 00:00:00+09:00,189.28418840678972,189.80378979594755,186.61193651046247,188.6903533935547,26495000,0.0,0.0
2016-10-19 00:00:00+09:00,189.1357318821982,189.3584214272591,187.1315486295718,187.72537231445312,25923000,0.0,0.0
2016-10-20 00:00:00+09:00,188.0965338284185,189.13574801854418,186.7604190969825,187.8738555908203,33676500,0.0,0.0
2016-10-21 00:00:00+09:00,188.3934598301961,189.20997314196828,187.42847925586364,187.6511688232422,23732000,0.0,0.0
2016-10-24 00:00:00+09:00,187.50270060888317,188.46766979356457,186.98308787687176,188.3192138671875,19046500,0.0,0.0
2016-10-25 00:00:00+09:00,190.1749559624397,190.69454605074418,188.9872858774366,189.06150817871094,21880500,0.0,0.0
2016-10-26 00:00:00+09:00,188.987274615663,190.76876831054688,188.6161291520238,190.76876831054688,25235000,0.0,0.0
2016-10-27 00:00:00+09:00,192.0306816965336,192.77297266149444,190.99145622325045,191.2141571044922,26136500,0.0,0.0
2016-10-28 00:00:00+09:00,192.9956578844376,194.77715173432466,192.69874601827698,194.48023986816406,61505500,0.0,0.0
2016-10-31 00:00:00+09:00,195.9647962466482,197.8947571039038,195.74211803935424,197.22669982910156,42997500,0.0,0.0
2016-11-01 00:00:00+09:00,197.44941477755523,198.9339968435519,195.22254167856028,198.6370849609375,33966500,0.0,0.0
2016-11-02 00:00:00+09:00,196.11328560838265,203.38772813753405,194.92561551203144,200.4927978515625,65812000,0.0,0.0
2016-11-04 00:00:00+09:00,202.71963113679564,204.50112460641301,199.52776696135098,201.90310668945312,64954000,0.0,0.0
2016-11-07 00:00:00+09:00,203.3876769329466,203.53614415245872,199.97313476042316,202.71961975097656,34561500,0.0,0.0
2016-11-08 00:00:00+09:00,203.09083322251868,204.50118166896104,202.42277581661702,204.27850341796875,30719000,0.0,0.0
2016-11-09 00:00:00+09:00,206.05998180531444,207.24765191096955,192.25336496453536,197.44940185546875,72509500,0.0,0.0
2016-11-10 00:00:00+09:00,206.35683891642006,208.06409866643224,204.35264472908656,205.68878173828125,57326000,0.0,0.0
2016-11-11 00:00:00+09:00,207.8414734329511,211.33025008388762,207.32186068819956,208.88067626953125,55104000,0.0,0.0
2016-11-14 00:00:00+09:00,209.99408475984401,213.9282400032017,209.40026111888278,212.74057006835938,30899500,0.0,0.0
2016-11-15 00:00:00+09:00,214.29944904818606,215.11595113362353,211.6271965648704,213.26022338867188,35534000,0.0,0.0
2016-11-16 00:00:00+09:00,215.26439830891647,216.3036012184436,213.77981625161362,215.6355438232422,34753500,0.0,0.0
2016-11-17 00:00:00+09:00,213.92824539658338,220.38616260329786,213.63131091569684,218.90158081054688,56896000,0.0,0.0
2016-11-18 00:00:00+09:00,220.60885394751668,224.0976074182342,220.5346203304973,223.42955017089844,51692000,0.0,0.0
2016-11-21 00:00:00+09:00,223.42957512469354,224.17186607195165,221.8707596048671,223.8749542236328,31790500,0.0,0.0
2016-11-22 00:00:00+09:00,224.17185169440793,226.101812564083,223.0584153449324,225.7306671142578,37486500,0.0,0.0
2016-11-24 00:00:00+09:00,228.62560606839364,233.52473072901492,227.36370242827613,232.7082061767578,60164500,0.0,0.0
2016-11-25 00:00:00+09:00,232.70818322076238,233.82161950411532,229.6647861823472,231.07513427734375,40052500,0.0,0.0
2016-11-28 00:00:00+09:00,233.3020644855117,234.7866465634416,231.44633688809935,233.5989990234375,44636500,0.0,0.0
2016-11-29 00:00:00+09:00,232.93085424275935,234.26699133338576,231.9658852214057,232.78240966796875,25364500,0.0,0.0
2016-11-30 00:00:00+09:00,233.22781509831526,233.22781509831526,230.5555632674964,231.8916778564453,35351000,0.0,0.0
2016-12-01 00:00:00+09:00,235.00929486846636,237.08770025122163,234.34123761350355,235.5288848876953,40818000,0.0,0.0
2016-12-02 00:00:00+09:00,238.12693831420893,238.86922929729926,235.00932977698338,236.49391174316406,39951500,0.0,0.0
2016-12-05 00:00:00+09:00,235.3804323719409,237.0876922607422,234.9350533326696,237.0876922607422,28221500,0.0,0.0
2016-12-06 00:00:00+09:00,237.6815563907251,241.2445436667894,237.60732276978194,240.9476318359375,43534000,0.0,0.0
2016-12-07 00:00:00+09:00,241.09609689013573,241.24456414462452,238.42386753271794,240.42803955078125,36346000,0.0,0.0
2016-12-08 00:00:00+09:00,244.9560546875,246.81178237452653,242.65494782500195,244.9560546875,40945500,0.0,0.0
2016-12-09 00:00:00+09:00,246.44055524029892,247.3313132963107,245.17865176976858,247.18284606933594,46389500,0.0,0.0
2016-12-12 00:00:00+09:00,247.8509537010466,248.59324468107545,242.80338409801965,244.80755615234375,31479500,0.0,0.0
2016-12-13 00:00:00+09:00,244.2136902155733,245.54980468750003,243.47139936385426,245.5498046875,35090500,0.0,0.0
2016-12-14 00:00:00+09:00,242.95183714837452,243.32298265129165,239.31461575037153,239.834228515625,58958000,0.0,0.0
2016-12-15 00:00:00+09:00,239.83420689594357,241.1703215248326,236.19698582581526,238.42385864257812,64027000,0.0,0.0
2016-12-16 00:00:00+09:00,239.01763801395612,239.31454980388685,236.79076561009938,237.1619110107422,57016500,0.0,0.0
2016-12-19 00:00:00+09:00,237.45888914207185,238.12694651928763,235.38048337897308,236.64236450195312,38544500,0.0,0.0
2016-12-20 00:00:00+09:00,236.79078843267368,236.79078843267368,234.34123761350355,235.5288848876953,36427500,0.0,0.0
2016-12-21 00:00:00+09:00,236.93925358601848,238.27536808420135,236.12272910249808,236.716552734375,43171000,0.0,0.0
2016-12-22 00:00:00+09:00,236.642371240936,236.79083850806697,234.78664366642138,236.41969299316406,32981000,0.0,0.0
2016-12-26 00:00:00+09:00,237.68155596058025,238.9434369026474,235.82582870496336,235.90003967285156,31333500,0.0,0.0
2016-12-27 00:00:00+09:00,236.64236194736165,237.9784993402932,236.0485382080078,236.0485382080078,24637000,0.0,0.0
2016-12-28 00:00:00+09:00,236.49385937753996,237.3103838087251,235.0092777400826,235.08351135253906,22476500,0.0,0.0
2016-12-29 00:00:00+09:00,232.48556718309777,233.6732147472042,230.03599311304646,231.22366333007812,32821500,0.0,0.0
2016-12-30 00:00:00+09:00,230.11020788429116,230.70403161766194,228.5513922680387,230.40711975097656,28457000,0.0,0.0
2017-01-04 00:00:00+09:00,233.89586443755553,236.04850349227843,233.67316357835782,235.15774536132812,43550500,0.0,0.0
2017-01-05 00:00:00+09:00,235.0093406909116,235.454719832034,232.63400037354157,233.82167053222656,30196000,0.0,0.0
2017-01-06 00:00:00+09:00,231.59472382808457,232.63392639160156,230.48128765583417,232.63392639160156,29068000,0.0,0.0
2017-01-10 00:00:00+09:00,232.4113096306483,233.00513335159366,230.55558218654048,231.00096130371094,31489500,0.0,0.0
2017-01-11 00:00:00+09:00,232.33700727190552,234.71234675885506,231.817394680099,234.2669677734375,35725000,0.0,0.0
2017-01-12 00:00:00+09:00,233.67317354063698,234.78660992533426,232.41129256306613,233.97010803222656,31762000,0.0,0.0
2017-01-13 00:00:00+09:00,235.3062070774438,236.0484979515051,233.8216253293211,235.60311889648438,34089000,0.0,0.0
2017-01-16 00:00:00+09:00,235.67739807613313,235.8258653408153,233.52475865578634,233.82167053222656,25477500,0.0,0.0
2017-01-17 00:00:00+09:00,232.70822636040413,233.1536054868939,230.18444151419337,230.40711975097656,23702000,0.0,0.0
2017-01-18 00:00:00+09:00,230.1102302355402,231.00098857504156,227.58644514418714,230.25869750976562,34104000,0.0,0.0
2017-01-19 00:00:00+09:00,231.37208780648564,232.48552418158343,231.14938693971345,231.8916778564453,27142500,0.0,0.0
2017-01-20 00:00:00+09:00,231.5205547269839,232.41131297413935,230.85249736807893,231.74325561523438,27299500,0.0,0.0
2017-01-23 00:00:00+09:00,231.2978969660661,232.33709991112187,229.21946842302935,231.22366333007812,31069000,0.0,0.0
2017-01-24 00:00:00+09:00,231.59479420655853,233.82166722777544,231.59479420655853,233.07937622070312,36621000,0.0,0.0
2017-01-25 00:00:00+09:00,235.30625935188695,235.45472662084987,232.7824743499911,233.5989990234375,29125500,0.0,0.0
2017-01-26 00:00:00+09:00,235.15779151218308,236.41969533653068,234.1928222250406,235.23202514648438,37467000,0.0,0.0
2017-01-27 00:00:00+09:00,236.93923839936076,236.93923839936076,234.93504412762613,235.08351135253906,18761000,0.0,0.0
2017-01-30 00:00:00+09:00,235.306193850988,235.6031056533393,233.22778858161038,234.41543579101562,20281000,0.0,0.0
2017-01-31 00:00:00+09:00,231.5947850246563,232.70822149112098,230.55558218654048,231.00096130371094,31567500,0.0,0.0
2017-02-01 00:00:00+09:00,228.77404809654084,230.85245340688218,226.69562013328058,230.48130798339844,26044000,0.0,0.0
2017-02-02 00:00:00+09:00,232.4855300970551,232.4855300970551,228.77407541895982,229.8132781982422,24567500,0.0,0.0
2017-02-03 00:00:00+09:00,230.8524865705746,232.26283485183612,227.363710027471,227.66064453125,46444500,0.0,0.0
2017-02-06 00:00:00+09:00,230.11019711674,236.4939038899179,229.8875188903766,234.78662109375,49529000,0.0,0.0
2017-02-07 00:00:00+09:00,232.93084985589147,236.56809298999644,232.93084985589147,235.08351135253906,32528500,0.0,0.0
2017-02-08 00:00:00+09:00,234.86084655358135,235.009313801276,233.0793528458534,234.63816833496094,31584500,0.0,0.0
2017-02-09 00:00:00+09:00,234.26697517206892,234.26697517206892,232.188547392118,232.63392639160156,24489500,0.0,0.0
2017-02-10 00:00:00+09:00,236.49392972335048,236.56816335788795,234.71243575907468,235.3804931640625,27871500,0.0,0.0
2017-02-13 00:00:00+09:00,237.3104325798975,238.9434591249634,236.6423525834059,237.3846435546875,31557000,0.0,0.0
2017-02-14 00:00:00+09:00,238.86921271850773,238.86921271850773,235.9000489922221,236.2711944580078,29213500,0.0,0.0
2017-02-15 00:00:00+09:00,239.16616225013775,240.3538096929836,238.6465495042005,239.5373077392578,25053500,0.0,0.0
2017-02-16 00:00:00+09:00,239.4631011209804,240.65077135071192,238.4238981648124,240.50230407714844,31464500,0.0,0.0
2017-02-17 00:00:00+09:00,239.4631011209804,240.50230407714844,238.86925467965193,240.50230407714844,23374500,0.0,0.0
2017-02-20 00:00:00+09:00,239.98263641673174,242.20950909360678,238.5722882519616,241.83836364746094,27556000,0.0,0.0
2017-02-21 00:00:00+09:00,241.7642145108257,244.43644428415186,241.09613441456804,243.7683868408203,20562000,0.0,0.0
2017-02-22 00:00:00+09:00,244.2137414356031,244.6591205706297,242.28378028577043,243.397216796875,25159500,0.0,0.0
2017-02-23 00:00:00+09:00,244.80757291161132,245.92100945787925,244.2879827817743,245.10450744628906,29292500,0.0,0.0
2017-02-24 00:00:00+09:00,242.58068251398362,245.17870093660613,242.35800428178513,242.9518280029297,26055000,0.0,0.0
2017-02-27 00:00:00+09:00,241.2445377431843,242.20950683298904,238.72075326353195,241.3187713623047,24677000,0.0,0.0
2017-02-28 00:00:00+09:00,243.02607027829342,243.6941276515816,241.2445763985504,241.46725463867188,26392000,0.0,0.0
2017-03-01 00:00:00+09:00,242.80338078374976,244.80755281071689,240.79918610386,244.0652618408203,25816000,0.0,0.0
2017-03-02 00:00:00+09:00,247.03442308364492,247.3313575907723,245.1044847048515,245.17869567871094,28660000,0.0,0.0
2017-03-03 00:00:00+09:00,245.4756641308771,245.4756641308771,241.39306327546922,242.43226623535156,28550500,0.0,0.0
2017-03-06 00:00:00+09:00,242.72912937257345,244.51062303921915,242.20951667054635,243.47142028808594,16090500,0.0,0.0
2017-03-07 00:00:00+09:00,244.36215744708474,245.54980468750003,243.9167784054695,245.5498046875,24679000,0.0,0.0
2017-03-08 00:00:00+09:00,244.88180654528074,245.5498639424566,243.9910709000211,245.10450744628906,18509000,0.0,0.0
2017-03-09 00:00:00+09:00,246.0694755944013,246.0694755944013,243.9168361454273,244.88180541992188,17185000,0.0,0.0
2017-03-10 00:00:00+09:00,245.2529237219964,245.40139097218005,243.17451813695686,243.91680908203125,33792000,0.0,0.0
2017-03-13 00:00:00+09:00,243.5456345370283,245.84674072265625,243.17448910879537,245.84674072265625,18994000,0.0,0.0
2017-03-14 00:00:00+09:00,246.21788457638243,246.51479638648624,244.95598106729238,245.5498046875,17895500,0.0,0.0
2017-03-15 00:00:00+09:00,244.6590851112852,244.73331873185134,243.24873693221116,243.99102783203125,22343000,0.0,0.0
2017-03-16 00:00:00+09:00,243.9910364461132,246.29212019445862,243.9910364461132,245.9209747314453,21541500,0.0,0.0
2017-03-17 00:00:00+09:00,245.84682193696568,245.9952665655453,244.2880060928563,245.2529754638672,24547000,0.0,0.0
2017-03-21 00:00:00+09:00,245.32720666908355,247.62831359202636,243.7683908404496,246.44064331054688,27914000,0.0,0.0
2017-03-22 00:00:00+09:00,243.17450936448208,243.4714212012164,240.20534569129651,240.35379028320312,38835000,0.0,0.0
2017-03-23 00:00:00+09:00,240.42800352455208,241.2445279960456,239.61147905305853,240.87338256835938,20282500,0.0,0.0
2017-03-24 00:00:00+09:00,240.57653134320358,241.54150063703642,239.76000666607777,240.79920959472656,35701000,0.0,0.0
2017-03-27 00:00:00+09:00,238.64654128543512,239.01768676177326,237.01349212837837,237.7557830810547,34071000,0.0,0.0
2017-03-28 00:00:00+09:00,238.7207760573149,239.83421249167466,238.1269297005697,239.6857452392578,34179500,0.0,0.0
2017-03-29 00:00:00+09:00,241.64917938468992,243.61258357628284,241.64917938468992,243.5370635986328,29311500,5.5,0.0
2017-03-30 00:00:00+09:00,242.3287840680766,244.59424485346617,241.19605367538185,241.72467041015625,22987500,0.0,0.0
2017-03-31 00:00:00+09:00,241.95118036142645,243.15943058834802,238.62850952148438,238.62850952148438,29773000,0.0,0.0
2017-04-03 00:00:00+09:00,238.17545932521708,238.8550930088988,235.98551832426008,236.9672088623047,26687000,0.0,0.0
2017-04-04 00:00:00+09:00,237.49581601340617,237.64685595719482,233.56900792949978,235.07931518554688,25733500,0.0,0.0
2017-04-05 00:00:00+09:00,236.3630916027341,238.1754557471454,235.98551477908757,236.89170837402344,21681000,0.0,0.0
2017-04-06 00:00:00+09:00,236.36310203306135,237.72236943998703,233.64454417374856,234.09764099121094,25854000,0.0,0.0
2017-04-07 00:00:00+09:00,236.0609904763656,239.2326213728365,234.55068346505865,237.42025756835938,34766000,0.0,0.0
2017-04-10 00:00:00+09:00,238.09988203628237,238.47745877471317,236.89165490966798,237.72230529785156,17163500,0.0,0.0
2017-04-11 00:00:00+09:00,236.81614001443887,237.72231037876756,235.00377624032583,236.66510009765625,12904500,0.0,0.0
2017-04-12 00:00:00+09:00,234.55070593742568,235.53239637064877,231.2280348032956,232.05868530273438,25976000,0.0,0.0
2017-04-13 00:00:00+09:00,229.41561797282841,229.4911379299086,225.41331374758605,227.22567749023438,30874000,0.0,0.0
2017-04-14 00:00:00+09:00,227.45228384836517,227.52778077542018,225.41335981775921,227.07470703125,16370000,0.0,0.0
2017-04-17 00:00:00+09:00,226.3195531218649,226.77262686548426,224.28062909373784,226.39505004882812,13785500,0.0,0.0
2017-04-18 00:00:00+09:00,227.45227407228367,229.64221490833427,226.77261739432052,227.52777099609375,14774500,0.0,0.0
2017-04-19 00:00:00+09:00,225.18686452666145,226.31959518716687,223.2234601060259,225.6399383544922,27410500,0.0,0.0
2017-04-20 00:00:00+09:00,224.8847714263111,227.30127257888978,224.1296176968131,226.69715881347656,19770000,0.0,0.0
2017-04-21 00:00:00+09:00,228.81154906749828,229.64222266660425,227.07470494292562,229.0380859375,20465000,0.0,0.0
2017-04-24 00:00:00+09:00,232.51178729254644,233.19142091895802,230.54838333644508,231.00148010253906,20604000,0.0,0.0
2017-04-25 00:00:00+09:00,228.81156445852886,233.41800650391497,227.7543539183078,232.73837280273438,24097000,0.0,0.0
2017-04-26 00:00:00+09:00,234.47513411992853,236.8161143031634,233.6444607587222,236.43853759765625,18611500,0.0,0.0
2017-04-27 00:00:00+09:00,234.77726786134772,237.57134561649127,234.70174788639181,236.9672088623047,14803500,0.0,0.0
2017-04-28 00:00:00+09:00,237.49584302095354,239.5347672666634,237.04274618352218,238.0244598388672,24731500,0.0,0.0
2017-05-01 00:00:00+09:00,239.0815980740282,241.27153857248075,237.7978279307342,241.12049865722656,18568500,0.0,0.0
2017-05-02 00:00:00+09:00,241.64913054435485,246.9352052750126,241.12051385310627,245.80247497558594,65540000,0.0,0.0
2017-05-08 00:00:00+09:00,249.20068688267827,249.20068688267827,246.48212932577545,247.76589965820312,54227000,0.0,0.0
2017-05-09 00:00:00+09:00,249.20069500305732,249.35173494548545,247.9924446000112,248.44554138183594,31925000,0.0,0.0
2017-05-10 00:00:00+09:00,249.20075199542046,252.97652096504802,249.1252320069349,252.9010009765625,54774000,0.0,0.0
2017-05-11 00:00:00+09:00,251.91927108486328,251.91927108486328,248.2945196104531,250.862060546875,33427000,0.0,0.0
2017-05-12 00:00:00+09:00,251.6172008415999,251.9192576870378,248.7476031962897,251.2396240234375,35165500,0.0,0.0
2017-05-15 00:00:00+09:00,250.7109988987295,251.08857570429987,248.9741548112895,249.8803253173828,27629500,0.0,0.0
2017-05-16 00:00:00+09:00,250.40895041438824,251.8437377143133,250.10689356895034,251.2396240234375,26528000,0.0,0.0
2017-05-17 00:00:00+09:00,250.10688179151154,250.10688179151154,245.2738803102491,245.9535369873047,29784500,0.0,0.0
2017-05-18 00:00:00+09:00,241.57364149985975,243.61256551796296,241.1960646850599,241.80020141601562,27294500,0.0,0.0
2017-05-19 00:00:00+09:00,241.95123624982847,244.51875417169848,241.57365940703988,243.5370635986328,21533000,0.0,0.0
2017-05-22 00:00:00+09:00,246.18005068727243,246.18005068727243,243.7635501739999,244.44320678710938,14428500,0.0,0.0
2017-05-23 00:00:00+09:00,242.70634978009912,243.76356015590136,241.34708258913307,241.64913940429688,18246000,0.0,0.0
2017-05-24 00:00:00+09:00,243.9146404414214,244.51875417169848,241.95123624982847,243.5370635986328,21014500,0.0,0.0
2017-05-25 00:00:00+09:00,242.10223873942306,242.25325562589143,239.68573810134885,240.36537170410156,31429500,0.0,0.0
2017-05-26 00:00:00+09:00,239.7612420364262,240.0632988346249,238.1754150390625,238.1754150390625,33958500,0.0,0.0
2017-05-29 00:00:00+09:00,238.93063046826745,239.3837273056988,237.8734198779026,238.0244598388672,21202500,0.0,0.0
2017-05-30 00:00:00+09:00,238.6285561294918,238.8550930088988,235.98551832426008,236.9672088623047,24596000,0.0,0.0
2017-05-31 00:00:00+09:00,236.96724377204706,237.57138061523438,236.21209000216103,237.57138061523438,33521000,0.0,0.0
2017-06-01 00:00:00+09:00,236.5141217974659,238.40200583784969,235.90998507726738,237.3447723388672,32095500,0.0,0.0
2017-06-02 00:00:00+09:00,239.98777669466904,243.3104705810547,239.08160630830085,243.3104705810547,39291000,0.0,0.0
2017-06-05 00:00:00+09:00,243.08390232825334,243.61251898618747,240.2898482596951,241.12049865722656,24631000,0.0,0.0
2017-06-06 00:00:00+09:00,240.89401199946127,241.0450519461717,238.17545427689566,238.70407104492188,23340000,0.0,0.0
2017-06-07 00:00:00+09:00,238.17542318214782,239.68573027023433,237.49578960160036,238.8550567626953,23807500,0.0,0.0
2017-06-08 00:00:00+09:00,244.51875417169848,244.51875417169848,242.78190991305567,243.5370635986328,51145500,0.0,0.0
2017-06-09 00:00:00+09:00,244.36764553094176,244.44316548024307,241.8001285728683,242.706298828125,34097000,0.0,0.0
2017-06-12 00:00:00+09:00,242.630860043316,244.82082407837223,241.87570638859611,242.47984313964844,18179000,0.0,0.0
2017-06-13 00:00:00+09:00,241.422607421875,243.23497139485673,240.969510667265,241.422607421875,20745500,0.0,0.0
2017-06-14 00:00:00+09:00,242.253217207423,242.47977706938292,239.45916327355243,239.53468322753906,23996000,0.0,0.0
2017-06-15 00:00:00+09:00,239.1571739837939,240.591961332563,238.1754603958755,239.00613403320312,26077000,0.0,0.0
2017-06-16 00:00:00+09:00,240.8940048930801,243.0084258118888,240.6674680251576,242.40431213378906,35180000,0.0,0.0
2017-06-19 00:00:00+09:00,242.25327515740753,242.47983507356338,240.667470971616,241.80020141601562,18084500,0.0,0.0
2017-06-20 00:00:00+09:00,243.91460694245197,245.5759540407387,243.76356700789555,244.14114379882812,25183000,0.0,0.0
2017-06-21 00:00:00+09:00,244.065618356793,244.9717887218659,243.461481734622,244.51869201660156,22411000,0.0,0.0
2017-06-22 00:00:00+09:00,245.5004131493222,245.72694998639054,243.53700939472307,243.68804931640625,21717500,0.0,0.0
2017-06-23 00:00:00+09:00,244.14116776851006,244.8208244952839,243.61257403658237,244.66978454589844,14710500,0.0,0.0
2017-06-26 00:00:00+09:00,245.34938339624821,245.87800009859166,244.66974981141908,244.74526977539062,14255500,0.0,0.0
2017-06-27 00:00:00+09:00,246.48217671974075,248.29454109100715,246.40665673646646,248.14352416992188,23536500,0.0,0.0
2017-06-28 00:00:00+09:00,249.20072749460593,249.57830435444626,248.29453381280413,248.82315063476562,23731000,0.0,0.0
2017-06-29 00:00:00+09:00,250.78655701375217,252.52340136536745,250.4089801507521,251.3906707763672,26373000,0.0,0.0
2017-06-30 00:00:00+09:00,250.63555532814547,253.1275768318124,249.95592148004224,252.07034301757812,33184500,0.0,0.0
2017-07-03 00:00:00+09:00,252.07030962183018,254.0337139582567,251.08861897634856,253.3540802001953,25233500,0.0,0.0
2017-07-04 00:00:00+09:00,255.24198065391354,257.5829620086489,254.26028994650747,255.3930206298828,36295500,0.0,0.0
2017-07-05 00:00:00+09:00,256.9032573106121,260.0748885215152,256.752217376325,258.86663818359375,35230500,0.0,0.0
2017-07-06 00:00:00+09:00,257.5829098431173,258.7156402970928,255.99708259845963,256.6011962890625,28297000,0.0,0.0
2017-07-07 00:00:00+09:00,255.84603959729134,259.9993845455945,255.84603959729134,258.71563720703125,30223500,0.0,0.0
2017-07-10 00:00:00+09:00,262.49144506888024,262.71798197307106,259.8484069744923,260.75457763671875,29788000,0.0,0.0
2017-07-11 00:00:00+09:00,261.283178726499,261.81179553170267,260.30148814022,261.5852355957031,18683500,0.0,0.0
2017-07-12 00:00:00+09:00,260.3769323318795,261.35864576476604,259.7728187158395,259.9238586425781,18678500,0.0,0.0
2017-07-13 00:00:00+09:00,259.77284893736066,260.0749057805214,257.8094448886258,259.2442321777344,20430000,0.0,0.0
2017-07-14 00:00:00+09:00,260.0748839662627,260.60350068155026,258.79113672914116,259.7728271484375,17461500,0.0,0.0
2017-07-17 00:00:00+09:00,259.7728271484375,259.7728271484375,259.7728271484375,259.7728271484375,0,0.0,0.0
2017-07-18 00:00:00+09:00,258.7911571788196,259.1687339923017,256.6767131960439,258.71563720703125,16541500,0.0,0.0
2017-07-19 00:00:00+09:00,257.9604774442568,259.84836146676236,257.7339175342806,258.41357421875,21727000,0.0,0.0
2017-07-20 00:00:00+09:00,259.1687283739637,260.8300524899944,258.7911515686668,260.603515625,17803000,0.0,0.0
2017-07-21 00:00:00+09:00,259.7728614696558,260.98111194604877,259.16874775418984,260.52801513671875,15150000,0.0,0.0
2017-07-24 00:00:00+09:00,259.01768299854587,259.2442198587867,256.4501653854946,258.6401062011719,15459500,0.0,0.0
2017-07-25 00:00:00+09:00,259.0177010018685,259.0932209756841,257.1298168837791,257.3563537597656,11972500,0.0,0.0
2017-07-26 00:00:00+09:00,259.6972815196978,259.84832143641387,258.11145457600225,259.5462646484375,18811500,0.0,0.0
2017-07-27 00:00:00+09:00,259.16870025591857,260.5279673893324,258.1114668794225,260.150390625,23238000,0.0,0.0
2017-07-28 00:00:00+09:00,259.01764933299506,260.0748596191406,258.2624958363974,260.0748596191406,16228500,0.0,0.0
2017-07-31 00:00:00+09:00,259.0176922591957,262.26484361452367,258.7911553908555,261.3586730957031,22421000,0.0,0.0
2017-08-01 00:00:00+09:00,262.49141209551374,267.2488708496094,261.73625844912016,267.2488708496094,36403500,0.0,0.0
2017-08-02 00:00:00+09:00,267.4754391064591,268.2305927763864,264.9078981923371,265.5875549316406,25011000,0.0,0.0
2017-08-03 00:00:00+09:00,265.81412484551555,267.3244323730469,263.54866355421854,267.3244323730469,25236000,0.0,0.0
2017-08-04 00:00:00+09:00,266.94683144455894,267.3244082924296,261.20765874783245,261.5852355957031,50343500,0.0,0.0
2017-08-07 00:00:00+09:00,265.81405413208955,269.89187876252436,265.5875172814101,266.26715087890625,38030500,0.0,0.0
2017-08-08 00:00:00+09:00,266.0406065874734,266.8712801644512,264.45480244878576,265.4364929199219,19218000,0.0,0.0
2017-08-09 00:00:00+09:00,263.8506283808478,264.45476500832734,261.2831110890638,262.9444580078125,24265500,0.0,0.0
2017-08-10 00:00:00+09:00,263.24658203125,263.69967885621526,261.8117946234115,263.24658203125,17433500,0.0,0.0
2017-08-11 00:00:00+09:00,263.24658203125,263.24658203125,263.24658203125,263.24658203125,0,0.0,0.0
2017-08-14 00:00:00+09:00,259.7728519852543,264.2282538491652,259.7728519852543,261.6607360839844,24750000,0.0,0.0
2017-08-15 00:00:00+09:00,262.5669058979439,265.20994339687735,262.189329112382,264.1527099609375,23601500,0.0,0.0
2017-08-16 00:00:00+09:00,264.3038317517887,266.1917162643015,263.0955810546875,263.0955810546875,14269500,0.0,0.0
2017-08-17 00:00:00+09:00,262.94447879063426,264.53028283015016,262.5669020106623,263.3975524902344,13409000,0.0,0.0
2017-08-18 00:00:00+09:00,261.9628503471798,264.0017748388797,261.2832165317683,263.0955810546875,19822000,0.0,0.0
2017-08-21 00:00:00+09:00,263.47304055858956,263.69960042641947,262.4158303117483,262.8689270019531,12179000,0.0,0.0
2017-08-22 00:00:00+09:00,263.548662133824,264.9834496681532,262.566971464405,263.9262390136719,15889000,0.0,0.0
2017-08-23 00:00:00+09:00,266.5691855908657,266.5691855908657,262.41584133944997,262.9444580078125,15536500,0.0,0.0
2017-08-24 00:00:00+09:00,262.4914058420198,263.8506731549615,260.90557861328125,260.90557861328125,15447500,0.0,0.0
2017-08-25 00:00:00+09:00,260.9810674914498,262.9444713004664,260.07487402714764,262.56689453125,10845000,0.0,0.0
2017-08-28 00:00:00+09:00,263.397558981542,264.5302893493734,262.7934453368819,264.3792724609375,12457500,0.0,0.0
2017-08-29 00:00:00+09:00,262.1892821242723,264.6812792441959,262.1892821242723,264.4547424316406,12613000,0.0,0.0
2017-08-30 00:00:00+09:00,265.20994112235206,265.96509468699946,264.3792675921483,264.6058044433594,16014500,0.0,0.0
2017-08-31 00:00:00+09:00,266.72023844664716,271.25115966796875,266.49367855830684,271.25115966796875,37333000,0.0,0.0
2017-09-01 00:00:00+09:00,272.1573753421493,272.7615120993953,269.28780064297877,271.4022216796875,21282000,0.0,0.0
2017-09-04 00:00:00+09:00,270.6470431336891,271.7042535548426,268.155045494866,269.5143127441406,15316500,0.0,0.0
2017-09-05 00:00:00+09:00,268.75917428557665,268.75917428557665,265.5120228708664,266.49371337890625,21864000,0.0,0.0
2017-09-06 00:00:00+09:00,264.7568064117949,267.324323554356,264.6812864570672,266.9467468261719,23000000,0.0,0.0
2017-09-07 00:00:00+09:00,268.9857735821136,268.9857735821136,264.6813880111085,264.8324279785156,23491500,0.0,0.0
2017-09-08 00:00:00+09:00,264.0772046091567,266.2671452864073,263.69962783564944,264.3037414550781,27486500,0.0,0.0
2017-09-11 00:00:00+09:00,267.1733901412441,270.4960851100671,266.8713332473867,269.96746826171875,21509500,0.0,0.0
2017-09-12 00:00:00+09:00,270.49603344639763,271.5532438957075,268.6081494135374,268.8346862792969,22228000,0.0,0.0
2017-09-13 00:00:00+09:00,270.49603344639763,270.6470503417508,268.6836463384843,268.8346862792969,16631000,0.0,0.0
2017-09-14 00:00:00+09:00,268.9856912117014,270.42047828084617,268.0794977756855,269.7408447265625,18526000,0.0,0.0
2017-09-15 00:00:00+09:00,269.89191435476386,272.6104721487186,268.9102238117478,271.4022216796875,29286500,0.0,0.0
2017-09-18 00:00:00+09:00,271.4022216796875,271.4022216796875,271.4022216796875,271.4022216796875,0,0.0,0.0
2017-09-19 00:00:00+09:00,278.34963220890285,278.5006491074,274.7248809630727,276.8393249511719,26134000,0.0,0.0
2017-09-20 00:00:00+09:00,276.0841354935331,279.10474961699526,275.55551880374446,278.7271728515625,25373000,0.0,0.0
2017-09-21 00:00:00+09:00,280.9171080669636,282.2763751781373,280.61505126953125,280.61505126953125,23033000,0.0,0.0
2017-09-22 00:00:00+09:00,281.0682371388855,281.2947740474496,278.65173590203733,280.3885803222656,18722000,0.0,0.0
2017-09-25 00:00:00+09:00,283.4090819188345,283.86217860008685,281.97429496608066,283.1070251464844,18420000,0.0,0.0
2017-09-26 00:00:00+09:00,282.50294073112127,284.01324779405644,282.12536396538746,282.5784606933594,25749500,0.0,0.0
2017-09-27 00:00:00+09:00,282.96261680712126,284.1918916617613,281.34921847227804,282.6553039550781,17389500,6.4,0.0
2017-09-28 00:00:00+09:00,283.80773547872394,284.57602930700773,283.0394416504402,284.3455505371094,19334500,0.0,0.0
2017-09-29 00:00:00+09:00,283.0394165861613,283.8845444117273,281.57966313098257,283.1930847167969,18851500,0.0,0.0
2017-10-02 00:00:00+09:00,282.73214907732626,282.73214907732626,279.4284947574558,280.3504333496094,21095500,0.0,0.0
2017-10-03 00:00:00+09:00,280.2735238405873,281.81011119376257,279.8893770022935,281.42596435546875,18457000,0.0,0.0
2017-10-04 00:00:00+09:00,282.42477808471045,284.0381995969912,280.96502469606173,283.654052734375,22704000,0.0,0.0
2017-10-05 00:00:00+09:00,282.42478709147696,282.5016211557433,280.4272186528759,281.96380615234375,16956000,0.0,0.0
2017-10-06 00:00:00+09:00,283.26998456592867,283.730942171954,281.81020732528094,282.3480224609375,14286500,0.0,0.0
2017-10-09 00:00:00+09:00,282.3480224609375,282.3480224609375,282.3480224609375,282.3480224609375,0,0.0,0.0
2017-10-10 00:00:00+09:00,280.9650761686554,281.8101806640625,280.42726108387996,281.8101806640625,20712500,0.0,0.0
2017-10-11 00:00:00+09:00,281.50286023321326,283.1931160714878,281.4260261593885,282.88580322265625,14329500,0.0,0.0
2017-10-12 00:00:00+09:00,284.2686783055867,286.4967254192297,284.1150101819712,286.4198913574219,20375500,0.0,0.0
2017-10-13 00:00:00+09:00,288.34064042613255,288.4174744918723,285.1138206832473,287.11138916015625,29340000,0.0,0.0
2017-10-16 00:00:00+09:00,288.34064884200245,288.5711510459495,286.80406126821833,287.49554443359375,21468000,0.0,0.0
2017-10-17 00:00:00+09:00,289.1857772565429,289.9540710449219,287.87969188417816,289.9540710449219,24481500,0.0,0.0
2017-10-18 00:00:00+09:00,289.8772248560262,290.56870799382654,288.72478422164534,290.10772705078125,17600000,0.0,0.0
2017-10-19 00:00:00+09:00,290.41509262946687,291.02971836755535,288.494357889854,289.7236328125,19565000,0.0,0.0
2017-10-20 00:00:00+09:00,288.72478502016037,290.10772785312105,288.5711403363635,289.8004150390625,21520000,0.0,0.0
2017-10-23 00:00:00+09:00,291.33704183727974,294.87117484516335,290.8760608308047,294.41021728515625,27478500,0.0,0.0
2017-10-24 00:00:00+09:00,294.10290781423254,299.8651123046875,293.02730099864164,299.8651123046875,26411000,0.0,0.0
2017-10-25 00:00:00+09:00,302.86140741364613,303.5528671034287,300.0955452080513,301.24798583984375,22092500,0.0,0.0
2017-10-26 00:00:00+09:00,299.4809736248069,300.71024863941005,296.8687788728195,300.249267578125,21018000,0.0,0.0
2017-10-27 00:00:00+09:00,301.8626349649711,304.85897615160457,301.1711752213582,304.78216552734375,25347500,0.0,0.0
2017-10-30 00:00:00+09:00,303.47609555518306,304.0139106727294,300.7870668603903,303.3992614746094,29454000,0.0,0.0
2017-10-31 00:00:00+09:00,303.16874841037503,304.70533606228116,302.86143556928715,303.9370422363281,26615000,0.0,0.0
2017-11-01 00:00:00+09:00,305.2431777048046,309.2383156331881,304.4748837529209,308.70050048828125,30714000,0.0,0.0
2017-11-02 00:00:00+09:00,315.00053818573,315.5383533612213,306.0883231477662,306.7029724121094,47984500,0.0,0.0
2017-11-03 00:00:00+09:00,306.7029724121094,306.7029724121094,306.7029724121094,306.7029724121094,0,0.0,0.0
2017-11-06 00:00:00+09:00,309.85295151817064,311.77368646050115,307.01027787140436,308.47003173828125,25299000,0.0,0.0
2017-11-07 00:00:00+09:00,307.547960215745,310.0833435058594,306.85650057170034,310.0833435058594,29672500,0.0,0.0
2017-11-08 00:00:00+09:00,309.31510781264143,309.3919418867147,307.31753911907396,308.54681396484375,27860500,0.0,0.0
2017-11-09 00:00:00+09:00,309.1614236990496,311.0053241492494,301.70898782814476,305.7041015625,47734500,0.0,0.0
2017-11-10 00:00:00+09:00,301.6322809584566,304.70545748692484,300.78715272383255,304.2444763183594,30322500,0.0,0.0
2017-11-13 00:00:00+09:00,302.6309282998176,303.47605618354606,300.47971500166005,300.5565490722656,19723500,0.0,0.0
2017-11-14 00:00:00+09:00,299.71137074157735,300.0186835258068,295.3320873653045,298.2516174316406,30011000,0.0,0.0
2017-11-15 00:00:00+09:00,295.0248024015135,295.0248024015135,289.8772248560262,290.10772705078125,43349000,0.0,0.0
2017-11-16 00:00:00+09:00,288.6480215508716,291.95167587295174,286.11263766619896,288.8016662597656,40340500,0.0,0.0
2017-11-17 00:00:00+09:00,292.6430915744344,296.3309157291233,292.18211062429015,293.7955322265625,44113000,0.0,0.0
2017-11-20 00:00:00+09:00,292.10531993575484,294.026054487025,290.8760451336486,291.5675048828125,22967000,0.0,0.0
2017-11-21 00:00:00+09:00,292.8736575018053,292.9504681381557,290.49194161318815,291.1065673828125,31585500,0.0,0.0
2017-11-22 00:00:00+09:00,292.7199745298985,292.7199745298985,291.337054894959,292.1821594238281,28784000,0.0,0.0
2017-11-23 00:00:00+09:00,292.1821594238281,292.1821594238281,292.1821594238281,292.1821594238281,0,0.0,0.0
2017-11-24 00:00:00+09:00,292.33577491329976,293.18090273637625,290.56870864852016,292.5662536621094,16301000,0.0,0.0
2017-11-27 00:00:00+09:00,293.4113814851858,294.17967524317083,291.3370024065052,292.5662536621094,26032500,0.0,0.0
2017-11-28 00:00:00+09:00,290.64556673468684,293.3345953268001,290.41508794823596,290.5687561035156,21650500,0.0,0.0
2017-11-29 00:00:00+09:00,293.334570091863,296.4077453613281,292.56627627449666,296.4077453613281,23403500,0.0,0.0
2017-11-30 00:00:00+09:00,297.02238991238755,299.09676911947514,294.64067442590965,299.01995849609375,32569000,0.0,0.0
2017-12-01 00:00:00+09:00,301.1711494954067,301.1711494954067,297.56015949787087,299.4040832519531,32435500,0.0,0.0
2017-12-04 00:00:00+09:00,302.0162927657289,302.0162927657289,295.71627432525815,296.25408935546875,25056000,0.0,0.0
2017-12-05 00:00:00+09:00,297.25287618433725,298.71262976245123,295.7931226062233,297.9443359375,20169000,0.0,0.0
2017-12-06 00:00:00+09:00,297.6370213755329,297.7906895182212,290.9528792049927,291.5675048828125,29988000,0.0,0.0
2017-12-07 00:00:00+09:00,292.18217574679767,295.33218558732517,292.0285310268148,294.7175598144531,26527500,0.0,0.0
2017-12-08 00:00:00+09:00,290.72236023590136,297.4065254676831,290.6455261689854,297.0992126464844,35970000,0.0,0.0
2017-12-11 00:00:00+09:00,298.40528731074784,299.9418748081734,295.71625919025314,299.4040832519531,19432000,0.0,0.0
2017-12-12 00:00:00+09:00,299.48095234437443,301.9395021988817,299.01999476231475,300.3260803222656,24709000,0.0,0.0
2017-12-13 00:00:00+09:00,300.4797512736529,300.6333959869446,297.09926277713447,297.6370544433594,19932000,0.0,0.0
2017-12-14 00:00:00+09:00,296.94561292893394,298.5590349200412,296.7919447596968,297.7907409667969,15662000,0.0,0.0
2017-12-15 00:00:00+09:00,297.0992065358501,297.48335341606384,293.18090366837754,294.0260314941406,27373500,0.0,0.0
2017-12-18 00:00:00+09:00,298.0980161382341,299.6346038502868,297.40655635710385,299.5577697753906,23154500,0.0,0.0
2017-12-19 00:00:00+09:00,302.2467475270775,302.40041565107043,300.24917914748846,301.7857666015625,20019500,0.0,0.0
2017-12-20 00:00:00+09:00,301.3248864073699,311.6200203009053,301.1712182439636,311.00537109375,36081500,0.0,0.0
2017-12-21 00:00:00+09:00,311.23580161493487,316.6138578442104,311.23580161493487,313.3101806640625,37264500,0.0,0.0
2017-12-22 00:00:00+09:00,316.5370488515157,320.91633293508676,316.22973601765216,320.7626647949219,31565500,0.0,0.0
2017-12-25 00:00:00+09:00,322.37609985963377,325.21877299892753,321.0699909534263,324.5273132324219,23284000,0.0,0.0
2017-12-26 00:00:00+09:00,324.5272997642995,324.5272997642995,319.4565559429189,320.7626647949219,15499500,0.0,0.0
2017-12-27 00:00:00+09:00,321.2236645205978,324.52731870880007,321.1468304460301,323.3748779296875,16797500,0.0,0.0
2017-12-28 00:00:00+09:00,324.14322946227105,325.67981744118345,320.9164087744382,322.1456604003906,16132000,0.0,0.0
2017-12-29 00:00:00+09:00,323.4517831342278,326.83227214039783,322.99080203191534,323.14447021484375,19033500,0.0,0.0
2018-01-01 00:00:00+09:00,323.14447021484375,323.14447021484375,323.14447021484375,323.14447021484375,0,0.0,0.0
2018-01-02 00:00:00+09:00,323.14447021484375,323.14447021484375,323.14447021484375,323.14447021484375,0,0.0,0.0
2018-01-03 00:00:00+09:00,323.14447021484375,323.14447021484375,323.14447021484375,323.14447021484375,0,0.0,0.0
2018-01-04 00:00:00+09:00,327.83103782094196,331.2883605957031,327.4468908459685,331.2883605957031,35844000,0.0,0.0
2018-01-05 00:00:00+09:00,333.4395446777344,333.90052569607565,331.7492887593059,333.4395446777344,23778500,0.0,0.0
2018-01-08 00:00:00+09:00,333.4395446777344,333.4395446777344,333.4395446777344,333.4395446777344,0,0.0,0.0
2018-01-09 00:00:00+09:00,336.35903551656344,338.8175851958915,334.9761159759835,336.8968505859375,27834500,0.0,0.0
2018-01-10 00:00:00+09:00,336.51268154830757,337.97243506664404,336.3590134110234,337.2809753417969,19659500,0.0,0.0
2018-01-11 00:00:00+09:00,337.6651957426954,343.3505663628345,337.4347169330635,342.8127746582031,27995500,0.0,0.0
2018-01-12 00:00:00+09:00,344.19562768197886,344.88708742329675,339.5090307407658,342.19805908203125,24659000,0.0,0.0
2018-01-15 00:00:00+09:00,345.73222584179297,346.34685153136934,344.0419700257574,344.4261169433594,17866500,0.0,0.0
2018-01-16 00:00:00+09:00,341.5834964109092,342.58226917185783,339.66276152718444,339.81640625,30816500,0.0,0.0
2018-01-17 00:00:00+09:00,339.35539852642296,339.5858772998495,337.1273276331189,339.278564453125,24991500,0.0,0.0
2018-01-18 00:00:00+09:00,342.6590514647319,342.6590514647319,334.5151320993708,335.3602600097656,29316500,0.0,0.0
2018-01-19 00:00:00+09:00,337.5882933090632,342.96634994535924,336.2053738383164,342.4285583496094,29995000,0.0,0.0
2018-01-22 00:00:00+09:00,342.35179271116544,343.1969207550917,340.20055555876485,343.1200866699219,18114000,0.0,0.0
2018-01-23 00:00:00+09:00,343.12002268958474,343.4273355264896,340.81514124309825,341.58343505859375,19588500,0.0,0.0
2018-01-24 00:00:00+09:00,340.9687851153565,345.1175904661919,339.8931784655522,341.8907470703125,26612000,0.0,0.0
2018-01-25 00:00:00+09:00,341.12246076670647,343.27367411367544,339.58587310559517,342.58221435546875,20536000,0.0,0.0
2018-01-26 00:00:00+09:00,340.3540762760647,340.73822308901737,335.5906464168673,335.66748046875,27013000,0.0,0.0
2018-01-29 00:00:00+09:00,335.43711356434704,338.8176019557914,334.20783866387586,337.6651611328125,19110000,0.0,0.0
2018-01-30 00:00:00+09:00,336.3590144651839,337.204142329964,331.5187729296183,332.44073486328125,27135500,0.0,0.0
2018-01-31 00:00:00+09:00,331.3651147925772,333.2090387155534,328.44560765864253,328.67608642578125,27437000,0.0,0.0
2018-02-01 00:00:00+09:00,328.90662282863656,334.8224717826494,328.90662282863656,334.1310119628906,21604500,0.0,0.0
2018-02-02 00:00:00+09:00,337.6650893310171,337.89556806801596,332.4407014230248,335.4370422363281,37123500,0.0,0.0
2018-02-05 00:00:00+09:00,328.82976370371875,331.2883133716793,324.29683473447966,330.52001953125,42689500,0.0,0.0
2018-02-06 00:00:00+09:00,318.61143716232124,321.1467972355951,311.1589781828135,317.3053283691406,65489500,0.0,0.0
2018-02-07 00:00:00+09:00,329.5980461231177,333.0553682852483,317.91997077466766,318.0736389160156,43821000,0.0,0.0
2018-02-08 00:00:00+09:00,318.84198442855654,321.4541791297615,315.2309935395727,319.7639465332031,33214500,0.0,0.0
2018-02-09 00:00:00+09:00,310.3906986773429,314.462646484375,308.2394853918291,314.462646484375,36158000,0.0,0.0
2018-02-12 00:00:00+09:00,314.462646484375,314.462646484375,314.462646484375,314.462646484375,0,0.0,0.0
2018-02-13 00:00:00+09:00,318.4577887188276,319.14924846824823,308.2394902808632,309.0845947265625,29618000,0.0,0.0
2018-02-14 00:00:00+09:00,309.0078543988342,311.54321520564275,305.08955033210754,306.7029724121094,23237500,0.0,0.0
2018-02-15 00:00:00+09:00,305.85778640789454,307.31754003376136,304.551677484164,306.472412109375,24692500,0.0,0.0
2018-02-16 00:00:00+09:00,310.08342396664887,311.6968458523809,307.70170817785106,308.1626892089844,19867000,0.0,0.0
2018-02-19 00:00:00+09:00,311.927246596907,318.3040750182092,310.77480603066226,318.2272644042969,17578000,0.0,0.0
2018-02-20 00:00:00+09:00,316.22975302578595,317.4590278738219,313.1565776289299,316.998046875,21041000,0.0,0.0
2018-02-21 00:00:00+09:00,316.22970882373966,316.9980025655629,312.38824011462344,313.2333679199219,18226000,0.0,0.0
2018-02-22 00:00:00+09:00,309.54558407344905,310.08339914112486,306.7797215545555,309.46875,24174500,0.0,0.0
2018-02-23 00:00:00+09:00,310.16022979757753,314.6163246509207,309.6992488084293,314.232177734375,15455500,0.0,0.0
2018-02-26 00:00:00+09:00,316.5370117620602,318.76505885458783,315.99919678096643,317.99676513671875,17484000,0.0,0.0
2018-02-27 00:00:00+09:00,320.83948592404846,325.14193576399913,319.91752401317854,321.2236328125,21715000,0.0,0.0
2018-02-28 00:00:00+09:00,319.61025892820084,321.99197468162305,317.45904541015625,317.45904541015625,29670500,0.0,0.0
2018-03-01 00:00:00+09:00,313.84806786460996,316.15294963595346,312.2346459353755,315.2309875488281,31679500,0.0,0.0
2018-03-02 00:00:00+09:00,307.5480225233689,309.4687571717698,305.8577901006568,307.7016906738281,41365500,0.0,0.0
2018-03-05 00:00:00+09:00,304.705299968514,305.3199255778844,301.478456903159,303.3223571777344,28204500,0.0,0.0
2018-03-06 00:00:00+09:00,307.0102681446357,308.93100302611305,303.86025824971864,304.4748840332031,21275000,0.0,0.0
2018-03-07 00:00:00+09:00,303.47604532765985,306.0114054416844,302.6309174741631,302.8614196777344,20954000,0.0,0.0
2018-03-08 00:00:00+09:00,304.8590617831073,305.5505451674166,300.9407809865442,302.0163879394531,15933000,0.0,0.0
2018-03-09 00:00:00+09:00,303.0919262024055,307.0102295574336,298.0980161382341,299.5577697753906,34261500,0.0,0.0
2018-03-12 00:00:00+09:00,305.78098178851405,311.8504990995449,305.5505029898745,311.00537109375,25706000,0.0,0.0
2018-03-13 00:00:00+09:00,308.00897597810547,309.54556355938456,306.70289060189765,309.2382507324219,16978500,0.0,0.0
2018-03-14 00:00:00+09:00,307.77854522719207,310.2370716728433,306.8565831560295,307.93218994140625,20296000,0.0,0.0
2018-03-15 00:00:00+09:00,307.0870586783549,310.54438097469955,305.5504709910906,309.16143798828125,26944500,0.0,0.0
2018-03-16 00:00:00+09:00,309.3919310120532,309.9297226187285,308.3163009057692,309.0845947265625,28300500,0.0,0.0
2018-03-19 00:00:00+09:00,310.0066095850718,310.08344366955436,305.47367995825215,308.70050048828125,25661000,0.0,0.0
2018-03-20 00:00:00+09:00,307.39436361533086,315.15413592560145,306.2419228795422,314.7699890136719,25831500,0.0,0.0
2018-03-21 00:00:00+09:00,314.7699890136719,314.7699890136719,314.7699890136719,314.7699890136719,0,0.0,0.0
2018-03-22 00:00:00+09:00,314.3090266707406,319.9175625389501,313.9248797360285,317.3822021484375,41756500,0.0,0.0
2018-03-23 00:00:00+09:00,307.31756419161076,309.08463080712477,304.78220366561777,307.93218994140625,48112500,0.0,0.0
2018-03-26 00:00:00+09:00,304.3212012146637,305.62728670268586,301.9394855704884,305.55047607421875,29634000,0.0,0.0
2018-03-27 00:00:00+09:00,308.854099797628,319.22606583560804,306.62605252320685,318.8419189453125,33859000,0.0,0.0
2018-03-28 00:00:00+09:00,316.0244331115003,319.23320513672763,312.4243718910478,319.1549377441406,30384000,7.6,0.0
2018-03-29 00:00:00+09:00,321.34634395403907,322.7550616545609,317.8245258188766,321.1115417480469,22845500,0.0,0.0
2018-03-30 00:00:00+09:00,323.3811681051031,324.32030525170524,321.26806772849824,323.45941162109375,22187000,0.0,0.0
2018-04-02 00:00:00+09:00,322.91160669905196,326.04211180736297,321.111551931458,321.1898193359375,12376500,0.0,0.0
2018-04-03 00:00:00+09:00,316.96361854783686,322.44200207829334,315.4766335091986,320.72021484375,25002000,0.0,0.0
2018-04-04 00:00:00+09:00,319.2332753234395,319.6245884885538,314.06793676715927,317.04193115234375,32408000,0.0,0.0
2018-04-05 00:00:00+09:00,318.528931608702,322.05075026285226,317.6680378275819,320.955078125,20019000,0.0,0.0
2018-04-06 00:00:00+09:00,322.28554632999476,324.7116929796157,321.26814154976466,322.755126953125,21684000,0.0,0.0
2018-04-09 00:00:00+09:00,321.4245772447572,323.06807309299694,319.6245227252797,321.03326416015625,15758500,0.0,0.0
2018-04-10 00:00:00+09:00,320.87677307601325,327.84214215381843,320.79850567166204,326.8247375488281,19009000,0.0,0.0
2018-04-11 00:00:00+09:00,328.7030065943211,331.44219831594046,328.46822828601057,329.2508544921875,21067000,0.0,0.0
2018-04-12 00:00:00+09:00,329.0160493938461,331.2074170820992,327.6073317887132,330.0334777832031,19626500,0.0,0.0
2018-04-13 00:00:00+09:00,331.8335331679733,333.71183140913365,330.0335023293317,331.36395263671875,19835000,0.0,0.0
2018-04-16 00:00:00+09:00,331.3639454427478,331.52048024438693,328.9377993204862,330.73785400390625,15819500,0.0,0.0
2018-04-17 00:00:00+09:00,330.7377522400189,331.598645616433,328.31160686425204,330.65948486328125,11987000,0.0,0.0
2018-04-18 00:00:00+09:00,331.8334728703177,332.69436637387463,329.0160140786103,332.4595642089844,22203000,0.0,0.0
2018-04-19 00:00:00+09:00,334.96396335989095,339.1901394292499,334.96396335989095,336.60748291015625,25313500,0.0,0.0
2018-04-20 00:00:00+09:00,336.998873165845,337.7814994277797,332.459626516309,334.8857727050781,20433000,0.0,0.0
2018-04-23 00:00:00+09:00,335.2770373396037,339.11190069161484,334.72921336580475,338.4858093261719,16270500,0.0,0.0
2018-04-24 00:00:00+09:00,338.8771816781493,341.6163736778572,336.9206159640722,341.4598388671875,19419500,0.0,0.0
2018-04-25 00:00:00+09:00,338.0162950847408,343.5729466061683,337.703249340687,342.32073974609375,25357000,0.0,0.0
2018-04-26 00:00:00+09:00,342.085923018555,342.16419041674976,339.1901964723457,340.59893798828125,24066500,0.0,0.0
2018-04-27 00:00:00+09:00,342.0076337762555,343.9641991868748,339.8162900699039,343.4163513183594,19349500,0.0,0.0
2018-04-30 00:00:00+09:00,343.4163513183594,343.4163513183594,343.4163513183594,343.4163513183594,0,0.0,0.0
2018-05-01 00:00:00+09:00,342.007620863481,344.3554992675781,340.9902164419139,344.3554992675781,15684500,0.0,0.0
2018-05-02 00:00:00+09:00,344.35557306647155,348.89479606698586,320.87678399375756,335.59014892578125,54780000,0.0,0.0
2018-05-03 00:00:00+09:00,335.59014892578125,335.59014892578125,335.59014892578125,335.59014892578125,0,0.0,0.0
2018-05-04 00:00:00+09:00,335.59014892578125,335.59014892578125,335.59014892578125,335.59014892578125,0,0.0,0.0
2018-05-07 00:00:00+09:00,337.3119195137774,338.0945457771504,327.13777808992796,335.9814453125,30586000,0.0,0.0
2018-05-08 00:00:00+09:00,331.9118424469932,335.0423478718479,324.6334030038894,326.0421447753906,39667000,0.0,0.0
2018-05-09 00:00:00+09:00,322.2072908433659,323.14642817092545,316.96368453334367,318.2941589355469,43271500,0.0,0.0
2018-05-10 00:00:00+09:00,317.7463109149075,319.31156367803516,314.92885116450543,318.2941589355469,27619500,0.0,0.0
2018-05-11 00:00:00+09:00,320.6419831520018,321.1898071949333,316.5723171114878,317.5897216796875,33605000,0.0,0.0
2018-05-14 00:00:00+09:00,317.58970140999105,319.2332212016056,316.80707521244665,317.90277099609375,21930000,0.0,0.0
2018-05-15 00:00:00+09:00,318.29416515048314,319.1550350799231,316.4941101074219,316.4941101074219,25330500,0.0,0.0
2018-05-16 00:00:00+09:00,317.0419179643344,319.3115294508159,316.9636505577952,317.74627685546875,21368500,0.0,0.0
2018-05-17 00:00:00+09:00,320.0158545208967,324.3985661014512,319.54627401514864,323.9289855957031,27078500,0.0,0.0
2018-05-18 00:00:00+09:00,324.0072279839367,332.85089397681617,324.0072279839367,332.0682678222656,34477500,0.0,0.0
2018-05-21 00:00:00+09:00,332.3031489023098,335.35538685302146,330.0335372919786,334.1031799316406,23350000,0.0,0.0
2018-05-22 00:00:00+09:00,334.65105226828655,338.3293820053455,334.10320423662176,335.66845703125,25841500,0.0,0.0
2018-05-23 00:00:00+09:00,333.63359831558427,333.8684005472862,329.1726425195716,331.6770324707031,23067500,0.0,0.0
2018-05-24 00:00:00+09:00,331.6769795155031,332.694407922716,327.3725353440077,328.2334289550781,18363000,0.0,0.0
2018-05-25 00:00:00+09:00,326.82473457117896,328.23345230123226,324.86816889951706,327.60736083984375,15364000,0.0,0.0
2018-05-28 00:00:00+09:00,326.51167011681656,326.9812267440023,324.3985697590532,324.4768371582031,10087500,0.0,0.0
2018-05-29 00:00:00+09:00,322.98986453282674,324.5551170406013,320.56371836900456,322.4420166015625,16444500,0.0,0.0
2018-05-30 00:00:00+09:00,314.61573424246427,317.8245064580268,313.9113754351106,316.8853454589844,20989000,0.0,0.0
2018-05-31 00:00:00+09:00,318.21583835783025,321.8159238883472,317.433212107016,320.25067138671875,59487000,0.0,0.0
2018-06-01 00:00:00+09:00,319.46802909192485,322.83331224787526,316.5723025557952,321.5028381347656,20529000,0.0,0.0
2018-06-04 00:00:00+09:00,324.71164179184876,330.8943846841348,324.6333743863547,329.5639343261719,24915000,0.0,0.0
2018-06-05 00:00:00+09:00,332.6161541807188,334.8857655148275,331.5987496155914,334.2596740722656,27886500,0.0,0.0
2018-06-06 00:00:00+09:00,335.04228348534883,340.9119800289469,334.6509703824423,340.05108642578125,35630000,0.0,0.0
2018-06-07 00:00:00+09:00,341.69468225447844,344.35560716947015,341.616414839713,342.6338195800781,23941500,0.0,0.0
2018-06-08 00:00:00+09:00,339.81628333255645,342.8685205358366,338.2510310350944,338.4858093261719,24322500,0.0,0.0
2018-06-11 00:00:00+09:00,338.09456381824174,341.1468016314957,335.59015008826657,338.2510986328125,14305500,0.0,0.0
2018-06-12 00:00:00+09:00,340.2858880508973,343.1816147643679,338.0162766752934,339.1902160644531,17429000,0.0,0.0
2018-06-13 00:00:00+09:00,339.34672984376556,340.52066916018737,337.1553621227976,338.17279052734375,10499000,0.0,0.0
2018-06-14 00:00:00+09:00,335.19881054820087,336.05970419284984,332.92919921875,332.92919921875,19213000,0.0,0.0
2018-06-15 00:00:00+09:00,334.57276051264097,334.9640736828312,332.2248814914997,334.1031799316406,19322000,0.0,0.0
2018-06-18 00:00:00+09:00,333.94657495685215,333.94657495685215,329.48559651931987,330.5812683105469,12282500,0.0,0.0
2018-06-19 00:00:00+09:00,328.85959311291305,331.75529620089696,323.224673988623,323.77252197265625,22891500,0.0,0.0
2018-06-20 00:00:00+09:00,321.9725024624336,322.9116637142943,313.5201467311381,318.45068359375,40453000,0.0,0.0
2018-06-21 00:00:00+09:00,317.04187228577445,320.72020102456077,314.22441324330987,315.16357421875,18938000,0.0,0.0
2018-06-22 00:00:00+09:00,313.0505137506516,315.0853468668026,311.0156806345006,313.6766052246094,21697000,0.0,0.0
2018-06-25 00:00:00+09:00,318.5288874371688,319.3897810989057,312.73745789690093,313.8331298828125,15006500,0.0,0.0
2018-06-26 00:00:00+09:00,313.0505036237531,315.39838240093127,311.48525110563435,313.8331298828125,17668000,0.0,0.0
2018-06-27 00:00:00+09:00,313.1287631562781,314.8505265526193,308.589516637508,311.8765563964844,20616000,0.0,0.0
2018-06-28 00:00:00+09:00,308.35472033094345,310.78086630828807,307.88513983793223,309.8417053222656,18039000,0.0,0.0
2018-06-29 00:00:00+09:00,309.05911847411113,314.9288156743684,307.96344644016824,314.2244567871094,21286000,0.0,0.0
2018-07-02 00:00:00+09:00,316.1809652377526,316.1809652377526,309.60691034126336,310.2330017089844,20214500,0.0,0.0
2018-07-03 00:00:00+09:00,311.25045858400813,311.7982826100463,304.44160088722913,306.7112121582031,26069000,0.0,0.0
2018-07-04 00:00:00+09:00,307.1807544736222,311.7982438405313,306.006815284551,310.3895263671875,14594500,0.0,0.0
2018-07-05 00:00:00+09:00,310.8591447893182,311.64177101095913,305.38076123783173,305.61553955078125,18499000,0.0,0.0
2018-07-06 00:00:00+09:00,307.02427885564003,309.6852273040249,305.61556111084917,307.96343994140625,19729500,0.0,0.0
2018-07-09 00:00:00+09:00,307.18080119670856,310.78088670088096,305.77208350909467,309.7634582519531,17405000,0.0,0.0
2018-07-10 00:00:00+09:00,312.7375045942098,316.7289038881716,312.1113891631572,312.34619140625,18885500,0.0,0.0
2018-07-11 00:00:00+09:00,310.93744366837745,311.32875684887324,305.3808156124267,306.0851745605469,20948500,0.0,0.0
2018-07-12 00:00:00+09:00,305.380783951246,307.4938605765274,303.65899658203125,303.65899658203125,19168500,0.0,0.0
2018-07-13 00:00:00+09:00,303.6589307385854,307.9633743444159,302.4067241855731,306.3198547363281,24274500,0.0,0.0
2018-07-16 00:00:00+09:00,306.3198547363281,306.3198547363281,306.3198547363281,306.3198547363281,0,0.0,0.0
2018-07-17 00:00:00+09:00,306.0068677326679,310.7808926965732,305.92860032987767,308.4330139160156,15868000,0.0,0.0
2018-07-18 00:00:00+09:00,310.54613948547376,311.87661389125213,309.13742154841805,311.3287658691406,14367500,0.0,0.0
2018-07-19 00:00:00+09:00,311.250542305923,313.4418867672297,309.2939762212336,310.15484619140625,14586000,0.0,0.0
2018-07-20 00:00:00+09:00,310.46784331202025,310.9373999555141,305.69381840435204,307.8851623535156,17157500,0.0,0.0
2018-07-23 00:00:00+09:00,304.754672216618,307.4938642286284,304.20684814453125,304.20684814453125,17244500,0.0,0.0
2018-07-24 00:00:00+09:00,305.2242838558729,306.16344505205086,303.9720768889227,305.30255126953125,11730000,0.0,0.0
2018-07-25 00:00:00+09:00,305.302549617078,310.0765752180642,304.2068774833749,309.3721923828125,17061500,0.0,0.0
2018-07-26 00:00:00+09:00,312.0330715805199,314.3026827552868,311.5634910896374,313.05047607421875,19693000,0.0,0.0
2018-07-27 00:00:00+09:00,314.6157436977157,317.667981210549,312.73744552703806,315.8679504394531,16941500,0.0,0.0
2018-07-30 00:00:00+09:00,314.1461522944283,316.49403089735205,313.20701518357254,314.4591979980469,11188500,0.0,0.0
2018-07-31 00:00:00+09:00,312.58090727958324,313.75484660878834,309.05908929196784,309.91998291015625,24731500,0.0,0.0
2018-08-01 00:00:00+09:00,315.08534212157394,318.76367127243265,313.0505090360678,317.6679992675781,20642000,0.0,0.0
2018-08-02 00:00:00+09:00,316.88537113722566,318.68542588394513,313.1287746043595,314.14617919921875,20053500,0.0,0.0
2018-08-03 00:00:00+09:00,316.3375425999436,318.45061916330843,303.4242093607907,306.0068664550781,40879500,0.0,0.0
2018-08-06 00:00:00+09:00,307.493903118753,310.7809435024358,305.6938719796032,307.2591247558594,19753000,0.0,0.0
2018-08-07 00:00:00+09:00,306.4764423946746,310.1547714167711,305.537281346899,309.9982604980469,12580500,0.0,0.0
2018-08-08 00:00:00+09:00,313.36351953358565,313.676565230651,308.8242972164984,309.5286560058594,14561500,0.0,0.0
2018-08-09 00:00:00+09:00,308.5113148992597,309.92003276738535,307.1808405585827,307.6504211425781,12395500,0.0,0.0
2018-08-10 00:00:00+09:00,308.3547723691978,308.3547723691978,305.3025344753102,305.45904541015625,19203000,0.0,0.0
2018-08-13 00:00:00+09:00,304.4416457991346,304.5199132097882,299.11979624873504,301.70245361328125,21762000,0.0,0.0
2018-08-14 00:00:00+09:00,301.78072154575517,303.3459742260922,300.2154688654181,303.0329284667969,14645500,0.0,0.0
2018-08-15 00:00:00+09:00,301.46766956520054,302.25029588921836,296.30233104991106,296.77191162109375,21591000,0.0,0.0
2018-08-16 00:00:00+09:00,293.4848584435906,297.39798988950514,290.1978184754788,297.241455078125,25223500,0.0,0.0
2018-08-17 00:00:00+09:00,297.8675419660507,300.91977942532293,296.77187004270377,300.76324462890625,15825500,0.0,0.0
2018-08-20 00:00:00+09:00,298.1022941417408,299.7458138245996,295.98921787851197,297.0066223144531,18487000,0.0,0.0
2018-08-21 00:00:00+09:00,295.05011588541663,295.28489422249794,292.85877179312706,293.48486328125,23137000,0.0,0.0
2018-08-22 00:00:00+09:00,293.56314446637464,302.0937667826889,293.3283422344138,301.70245361328125,19898000,0.0,0.0
2018-08-23 00:00:00+09:00,302.2502396599053,303.3459115329242,299.90236112464095,300.3719177246094,10487000,0.0,0.0
2018-08-24 00:00:00+09:00,303.34592182444396,304.2068154266859,300.05888221001334,300.4501953125,15326500,0.0,0.0
2018-08-27 00:00:00+09:00,300.91984186587996,304.676438920804,300.0589480746669,304.2851257324219,18924500,0.0,0.0
2018-08-28 00:00:00+09:00,306.78945189445153,308.7460172764314,305.5372452732134,305.9285583496094,20003500,0.0,0.0
2018-08-29 00:00:00+09:00,306.1634257331718,310.0765573305597,306.1634257331718,307.5721435546875,17006000,0.0,0.0
2018-08-30 00:00:00+09:00,309.13731552947763,309.13731552947763,303.9719783919612,304.4415588378906,26883000,0.0,0.0
2018-08-31 00:00:00+09:00,302.8763738994398,306.1634138673959,302.0937476102939,304.20684814453125,26306500,0.0,0.0
2018-09-03 00:00:00+09:00,303.658925432242,305.4589559005929,302.8762993357671,303.8154602050781,12061500,0.0,0.0
2018-09-04 00:00:00+09:00,304.0503229198538,304.12859032800793,301.6241765702336,302.7198486328125,15240500,0.0,0.0
2018-09-05 00:00:00+09:00,303.2676298226459,305.69377563799793,302.25022539226654,304.51983642578125,20891500,0.0,0.0
2018-09-06 00:00:00+09:00,304.2850916663587,306.4764596062824,303.6590001885856,304.20684814453125,15892000,0.0,0.0
2018-09-07 00:00:00+09:00,304.44162647773146,305.53729850576383,301.78070187140736,304.20684814453125,17861000,0.0,0.0
2018-09-10 00:00:00+09:00,303.0328991769407,306.711228289885,302.3285164317832,305.2242431640625,14835500,0.0,0.0
2018-09-11 00:00:00+09:00,306.63296452065396,306.789499328957,304.7546662403096,305.7720947265625,14432000,0.0,0.0
2018-09-12 00:00:00+09:00,306.00687905602314,306.0851464617095,302.71983908806703,304.20684814453125,22465500,0.0,0.0
2018-09-13 00:00:00+09:00,306.6329804877887,312.26789950610436,306.16342380614543,310.5461120605469,23013500,0.0,0.0
2018-09-14 00:00:00+09:00,313.98965519565024,315.8679533838366,313.2070289602512,315.0853271484375,32046500,0.0,0.0
2018-09-17 00:00:00+09:00,315.0853271484375,315.0853271484375,315.0853271484375,315.0853271484375,0,0.0,0.0
2018-09-18 00:00:00+09:00,313.28525732349664,318.45059500406114,312.8939442247244,317.90277099609375,29929500,0.0,0.0
2018-09-19 00:00:00+09:00,323.22466902465095,328.15520526978815,322.520310115897,327.52911376953125,34936500,0.0,0.0
2018-09-20 00:00:00+09:00,328.7029695850653,330.5030001030611,327.52903040797577,329.485595703125,27185500,0.0,0.0
2018-09-21 00:00:00+09:00,331.83352144300403,335.5118742766934,331.3639409283416,334.729248046875,33319000,0.0,0.0
2018-09-24 00:00:00+09:00,334.729248046875,334.729248046875,334.729248046875,334.729248046875,0,0.0,0.0
2018-09-25 00:00:00+09:00,333.0856655383817,336.6857502951884,331.83345902942466,336.60748291015625,31127500,0.0,0.0
2018-09-26 00:00:00+09:00,334.61679695655533,336.8465040474229,330.71477309456014,335.0945739746094,31516500,7.4,0.0
2018-09-27 00:00:00+09:00,329.5202804384762,331.9889003290658,327.2109357544993,328.00726318359375,30215000,0.0,0.0
2018-09-28 00:00:00+09:00,331.0332367976886,336.05008858900806,329.7591083786616,331.2721252441406,34115000,0.0,0.0
2018-10-01 00:00:00+09:00,331.67030416767244,357.5509401471427,330.7943393202791,354.3656311035156,95164500,0.0,0.0
2018-10-02 00:00:00+09:00,361.77144662725004,366.70868511616334,355.6397416093176,356.6749572753906,59987500,0.0,0.0
2018-10-03 00:00:00+09:00,357.39166578529824,360.9751384675117,351.81737494629954,352.13592529296875,33298500,0.0,0.0
2018-10-04 00:00:00+09:00,355.7990327977587,361.2937106846836,354.4452909503852,360.1788330078125,40081500,0.0,0.0
2018-10-05 00:00:00+09:00,358.3473130027847,364.9568203884875,358.2676754061653,361.9307861328125,30724000,0.0,0.0
2018-10-08 00:00:00+09:00,361.9307861328125,361.9307861328125,361.9307861328125,361.9307861328125,0,0.0,0.0
2018-10-09 00:00:00+09:00,357.7898575988763,358.98434858703456,353.96749615756244,356.9935302734375,32809000,0.0,0.0
2018-10-10 00:00:00+09:00,356.117553736712,358.42689788715296,354.0470980390144,357.9490966796875,22022500,0.0,0.0
2018-10-11 00:00:00+09:00,343.85414333445254,354.12678569037996,343.85414333445254,348.3932189941406,37690000,0.0,0.0
2018-10-12 00:00:00+09:00,347.0394303335722,350.8618159846573,344.09303388171537,346.24310302734375,31139500,0.0,0.0
2018-10-15 00:00:00+09:00,341.30595242091897,344.65051315413325,338.99660765946464,342.8189697265625,20883500,0.0,0.0
2018-10-16 00:00:00+09:00,340.98733986660915,347.2783203125,340.74842710923355,347.2783203125,19200000,0.0,0.0
2018-10-17 00:00:00+09:00,349.58768427138773,349.9858479208996,343.4559543481133,346.00421142578125,23982000,0.0,0.0
2018-10-18 00:00:00+09:00,346.40236656252443,349.0302368639309,342.9781689816639,343.53558349609375,19522000,0.0,0.0
2018-10-19 00:00:00+09:00,339.39473051412193,342.4207647609842,338.67801644861765,341.5447998046875,19569000,0.0,0.0
2018-10-22 00:00:00+09:00,339.4742909109692,344.17264104391353,337.6427479893655,342.5799865722656,14623000,0.0,0.0
2018-10-23 00:00:00+09:00,340.8280672231921,340.8280672231921,332.3869934082031,332.3869934082031,25348000,0.0,0.0
2018-10-24 00:00:00+09:00,333.10375974521327,335.81129249348163,327.0516906189273,329.8388366699219,30406000,0.0,0.0
2018-10-25 00:00:00+09:00,318.84943325045833,323.86630962010355,318.0531059824492,320.2828369140625,34658500,0.0,0.0
2018-10-26 00:00:00+09:00,320.282804891687,322.9903124718213,317.3363845738491,321.0791320800781,24327500,0.0,0.0
2018-10-29 00:00:00+09:00,323.70704054168067,327.8479521341006,323.308876900178,325.7774963378906,19091500,0.0,0.0
2018-10-30 00:00:00+09:00,322.3532890621323,331.2721647571559,321.95512540256846,326.8923645019531,29633000,0.0,0.0
2018-10-31 00:00:00+09:00,328.5646129913855,333.6611022949219,327.84792335997815,333.6611022949219,24511500,0.0,0.0
2018-11-01 00:00:00+09:00,334.77599676720797,335.73159926143785,327.2108873108278,328.4850158691406,19001000,0.0,0.0
2018-11-02 00:00:00+09:00,333.9000540913338,337.3242763386148,323.30890986816956,334.2982177734375,36596500,0.0,0.0
2018-11-05 00:00:00+09:00,333.34263166244426,333.6611577402247,320.2828680575908,321.71624755859375,32263000,0.0,0.0
2018-11-06 00:00:00+09:00,324.1052206762143,334.7760019511037,323.46816853818376,332.5462951660156,22229000,0.0,0.0
2018-11-07 00:00:00+09:00,329.83879281207004,331.67033596696524,321.71624425127004,323.30889892578125,29828500,0.0,0.0
2018-11-08 00:00:00+09:00,329.9980437538617,333.3426282916908,328.6443018614884,329.7591552734375,19698500,0.0,0.0
2018-11-09 00:00:00+09:00,329.67952413297405,331.7499801111138,328.2461446184062,328.4053955078125,16014000,0.0,0.0
2018-11-12 00:00:00+09:00,326.4941618992732,332.3869784975474,326.0959982872009,331.2721252441406,13439000,0.0,0.0
2018-11-13 00:00:00+09:00,323.3885115239787,324.3440896736362,319.4068751454564,322.353271484375,21258000,0.0,0.0
2018-11-14 00:00:00+09:00,320.12357733843874,323.14961138353215,319.64577609395536,320.9995422363281,19093500,0.0,0.0
2018-11-15 00:00:00+09:00,320.60136924165363,321.23842134774935,317.4160601072149,320.7606201171875,18292000,0.0,0.0
2018-11-16 00:00:00+09:00,323.54774745278746,324.9811510640324,320.5217136656794,321.2384033203125,18017000,0.0,0.0
2018-11-19 00:00:00+09:00,323.70703757386457,328.7238896900107,321.3976933347176,322.353271484375,16346500,0.0,0.0
2018-11-20 00:00:00+09:00,321.4773215351211,327.3701383428602,320.6809942826705,327.1312255859375,17214500,0.0,0.0
2018-11-21 00:00:00+09:00,320.91992750821765,323.14963440534774,317.8938932475436,319.9643249511719,24163000,0.0,0.0
2018-11-22 00:00:00+09:00,322.7514288258528,322.7514288258528,319.24759374150347,321.87548828125,18599500,0.0,0.0
2018-11-23 00:00:00+09:00,321.87548828125,321.87548828125,321.87548828125,321.87548828125,0,0.0,0.0
2018-11-26 00:00:00+09:00,320.52177033383106,324.1848811409,319.9643314472399,323.2292785644531,21152500,0.0,0.0
2018-11-27 00:00:00+09:00,323.3885241567643,324.50337752590497,319.24761244054935,320.9995422363281,27408000,0.0,0.0
2018-11-28 00:00:00+09:00,320.12357527804863,320.9995401703001,314.2307581059632,317.1771545410156,37788000,0.0,0.0
2018-11-29 00:00:00+09:00,319.32725655541043,322.5922034404381,317.7346019092488,317.8142395019531,48324500,0.0,0.0
2018-11-30 00:00:00+09:00,317.25674699461456,321.9550725457266,317.0178585588881,321.0791320800781,41058000,0.0,0.0
2018-12-03 00:00:00+09:00,326.4145289034251,330.55544024795864,326.17564045361604,328.8831481933594,25931000,0.0,0.0
2018-12-04 00:00:00+09:00,329.36094685242375,330.2369116649259,321.3976745605469,321.3976745605469,27004000,0.0,0.0
2018-12-05 00:00:00+09:00,318.53089413400426,329.20167422709767,318.3716189661458,328.8831481933594,39429000,0.0,0.0
2018-12-06 00:00:00+09:00,326.6535169261108,327.6090952475199,320.9995873919993,322.11444091796875,29101000,0.0,0.0
2018-12-07 00:00:00+09:00,321.79583900766914,323.54774433522743,320.1235469616529,322.8310546875,20876000,0.0,0.0
2018-12-10 00:00:00+09:00,318.5309757628895,319.24766559795904,313.514122615418,316.6994323730469,28796000,0.0,0.0
2018-12-11 00:00:00+09:00,316.6993869279289,317.4957142530663,313.03627637190067,317.41607666015625,26360000,0.0,0.0
2018-12-12 00:00:00+09:00,316.77896823115015,320.36244083241644,315.98264098642426,320.0439147949219,26258500,0.0,0.0
2018-12-13 00:00:00+09:00,321.7162021427948,323.62738264166325,319.6457464765296,320.6013488769531,25002500,0.0,0.0
2018-12-14 00:00:00+09:00,319.8050711757338,322.8311054091199,316.5401241542495,317.8938903808594,30909500,0.0,0.0
2018-12-17 00:00:00+09:00,317.8938974463676,322.75147498655986,317.4160961615338,317.9735107421875,16721000,0.0,0.0
2018-12-18 00:00:00+09:00,314.9474645050217,317.6549726138214,313.03628374010316,313.8326110839844,20312000,0.0,0.0
2018-12-19 00:00:00+09:00,312.95665091993743,314.8678317140139,308.8157389477866,313.2751770019531,22759500,0.0,0.0
2018-12-20 00:00:00+09:00,312.1603173129936,314.151135663204,305.2322597334686,306.3471374511719,27844000,0.0,0.0
2018-12-21 00:00:00+09:00,304.35629370401386,305.5507846144661,296.71154701672384,298.9412536621094,31567500,0.0,0.0
2018-12-24 00:00:00+09:00,298.9412536621094,298.9412536621094,298.9412536621094,298.9412536621094,0,0.0,0.0
2018-12-25 00:00:00+09:00,285.08520283898594,285.403728931482,278.71458378113147,279.8294372558594,26502000,0.0,0.0
2018-12-26 00:00:00+09:00,282.2183853917332,285.80185817992333,277.12189562003664,281.42205810546875,20031000,0.0,0.0
2018-12-27 00:00:00+09:00,294.1633071199049,297.82641765195626,291.4557990925561,297.03009033203125,21441500,0.0,0.0
2018-12-28 00:00:00+09:00,292.57063860201373,299.33942050030026,291.93358649708466,297.3486022949219,19671500,0.0,0.0
2018-12-31 00:00:00+09:00,297.3486022949219,297.3486022949219,297.3486022949219,297.3486022949219,0,0.0,0.0
2019-01-04 00:00:00+09:00,288.7482896116406,296.7115627708034,286.91672220384453,295.994873046875,31434500,0.0,0.0
2019-01-07 00:00:00+09:00,304.91364896208,305.94888879782036,301.80797805880917,302.7635803222656,18697000,0.0,0.0
2019-01-08 00:00:00+09:00,301.80809306183977,304.9934027511468,299.89691210865243,301.3302917480469,24841500,0.0,0.0
2019-01-09 00:00:00+09:00,303.63956629234406,306.10818559187095,302.68398818741593,305.71002197265625,19906000,0.0,0.0
2019-01-10 00:00:00+09:00,306.6656932084341,308.2583480427527,304.037798150618,306.7453308105469,20839500,0.0,0.0
2019-01-11 00:00:00+09:00,308.0990202447003,309.37314875505274,304.19702142710463,306.028564453125,19858500,0.0,0.0
2019-01-15 00:00:00+09:00,305.78972782258063,308.65651138131415,304.19707299017136,308.5768737792969,15547000,0.0,0.0
2019-01-16 00:00:00+09:00,307.54155628420943,307.6211695579479,302.60431821361783,306.90447998046875,15164500,0.0,0.0
2019-01-17 00:00:00+09:00,303.95811508738973,306.82487368961023,303.4803138863601,306.50634765625,23563000,0.0,0.0
2019-01-18 00:00:00+09:00,308.01939477767945,313.43443508428066,307.9397814880082,311.52325439453125,27088500,0.0,0.0
2019-01-21 00:00:00+09:00,315.10674463358924,319.2476323054869,313.7529784069794,317.8938903808594,24552500,0.0,0.0
2019-01-22 00:00:00+09:00,318.05311791036013,319.56613491592407,314.70855784047893,316.1419372558594,19266000,0.0,0.0
2019-01-23 00:00:00+09:00,316.0622856015982,317.57530253983623,314.62890625,314.62890625,14738500,0.0,0.0
2019-01-24 00:00:00+09:00,310.80648285153444,315.74372099648184,309.45274125190315,313.5936279296875,14661500,0.0,0.0
2019-01-25 00:00:00+09:00,312.63805793103285,317.09749503084646,312.63805793103285,316.4604187011719,11761000,0.0,0.0
2019-01-28 00:00:00+09:00,315.8233822500145,319.088328732441,314.70852899557036,315.3455810546875,16113500,0.0,0.0
2019-01-29 00:00:00+09:00,313.43440057535776,316.5400718920159,312.95659938003075,315.3455810546875,12472500,0.0,0.0
2019-01-30 00:00:00+09:00,315.10672704242535,316.6993816662395,314.07148695575756,315.18634033203125,24159500,0.0,0.0
2019-01-31 00:00:00+09:00,319.32724797636195,319.8050492177701,316.7789908901723,317.1771545410156,18866000,0.0,0.0
2019-02-01 00:00:00+09:00,316.8585986282632,317.6549258549249,312.2399104344172,313.1158752441406,22594000,0.0,0.0
2019-02-04 00:00:00+09:00,313.5936677821558,317.1771404808944,313.43441691006626,315.66412353515625,17200500,0.0,0.0
2019-02-05 00:00:00+09:00,318.53092201208125,334.7759941743012,314.5492854869302,331.51104736328125,50421000,0.0,0.0
2019-02-06 00:00:00+09:00,331.27213781479855,331.988827483329,324.5829937385494,326.7330627441406,33498000,0.0,0.0
2019-02-07 00:00:00+09:00,327.6090442288673,329.0424479407329,320.4420985754804,323.3885192871094,25710000,0.0,0.0
2019-02-08 00:00:00+09:00,320.0439037083269,320.68098006322606,314.15108716188365,316.938232421875,32500000,0.0,0.0
2019-02-12 00:00:00+09:00,317.4956853058817,319.9642803471521,314.2307387100987,318.4512634277344,28516500,0.0,0.0
2019-02-13 00:00:00+09:00,319.00872884503843,320.043944638924,317.09754813987513,318.6105651855469,30441000,0.0,0.0
2019-02-14 00:00:00+09:00,323.30887321976354,324.583001718464,317.8938574777614,319.0883483886719,24822000,0.0,0.0
2019-02-15 00:00:00+09:00,317.01794314485517,320.36250364729904,316.9383055443719,319.2476501464844,19704500,0.0,0.0
2019-02-18 00:00:00+09:00,321.71620374620466,322.99033218579325,320.2828244404041,321.6365661621094,16314000,0.0,0.0
2019-02-19 00:00:00+09:00,320.6013980732808,322.0347775918898,319.0087433628343,321.5569763183594,15129000,0.0,0.0
2019-02-20 00:00:00+09:00,320.9995374026471,323.7866829345198,320.2828476977045,323.3885192871094,20092500,0.0,0.0
2019-02-21 00:00:00+09:00,321.95513749471337,323.8663425739869,320.5217579872403,322.75146484375,17336000,0.0,0.0
2019-02-22 00:00:00+09:00,320.1235461334509,321.4773121438613,318.29200322711057,321.3976745605469,16276000,0.0,0.0
2019-02-25 00:00:00+09:00,321.15875385953115,321.47730418490244,318.45124620771963,318.5308837890625,32366000,0.0,0.0
2019-02-26 00:00:00+09:00,318.3716250587909,320.12355473084585,316.619719688715,318.84942626953125,31724000,0.0,0.0
2019-02-27 00:00:00+09:00,318.53094254515673,318.9291062233382,316.77901264036547,317.8938903808594,48567500,0.0,0.0
2019-02-28 00:00:00+09:00,317.89381530167356,318.76975574521,316.6993245492404,318.21234130859375,53223000,0.0,0.0
2019-03-01 00:00:00+09:00,318.29201255841514,319.0883398109486,317.89384893214844,318.4512634277344,29776500,0.0,0.0
2019-03-04 00:00:00+09:00,318.4512900009578,319.088366437333,317.8938754588583,318.6105651855469,21086500,0.0,0.0
2019-03-05 00:00:00+09:00,318.5308837890625,319.2475734171923,318.13272018432616,318.5308837890625,29255000,0.0,0.0
2019-03-06 00:00:00+09:00,318.5308837890625,319.3272109985351,317.41603055619635,318.5308837890625,22659000,0.0,0.0
2019-03-07 00:00:00+09:00,318.5308837890625,318.92904739379884,318.21235776566897,318.5308837890625,26304000,0.0,0.0
2019-03-08 00:00:00+09:00,318.5308837890625,319.1679358358495,317.3363929748535,318.5308837890625,48575000,0.0,0.0
2019-03-11 00:00:00+09:00,318.37167106091937,320.2032385830742,317.25681760942393,319.566162109375,22030000,0.0,0.0
2019-03-12 00:00:00+09:00,320.4420846317575,323.38850521517594,320.2828337609113,321.87548828125,16011500,0.0,0.0
2019-03-13 00:00:00+09:00,320.28285741580765,320.4421082984156,318.0531263414662,318.6105651855469,25147000,0.0,0.0
2019-03-14 00:00:00+09:00,319.3272970600133,320.9199519081929,318.9291333479684,319.486572265625,11066000,0.0,0.0
2019-03-15 00:00:00+09:00,320.7606193181714,322.43291146998206,320.28284239077976,321.1587829589844,23667000,0.0,0.0
2019-03-18 00:00:00+09:00,321.7958891061157,322.11441518780856,320.2032343956692,321.5569763183594,10701000,0.0,0.0
2019-03-19 00:00:00+09:00,322.51256847273254,323.62742187372345,321.39771507174163,323.07000732421875,12817500,0.0,0.0
2019-03-20 00:00:00+09:00,324.66268326539347,327.7683551938709,323.78671828505804,327.4498291015625,21036500,0.0,0.0
2019-03-22 00:00:00+09:00,329.36097682045875,331.2721574840088,327.3701585663481,328.644287109375,28424000,0.0,0.0
2019-03-25 00:00:00+09:00,324.742284896202,324.98119768333817,320.52175964526845,321.95513916015625,17046000,0.0,0.0
2019-03-26 00:00:00+09:00,326.33495825038324,332.30741374033886,324.5830525545197,332.1481628417969,26055000,0.0,0.0
2019-03-27 00:00:00+09:00,331.8223946467851,331.90382842530744,326.44808831561465,329.13525390625,19868500,9.2,0.0
2019-03-28 00:00:00+09:00,328.4837937576637,328.72809508224555,323.1909214430134,324.412353515625,18943500,0.0,0.0
2019-03-29 00:00:00+09:00,325.9595079325168,328.15809568483735,325.0638109261121,326.12237548828125,24782000,0.0,0.0
2019-04-01 00:00:00+09:00,328.7281256180913,333.4509867975273,328.7281256180913,331.1709899902344,16976000,0.0,0.0
2019-04-02 00:00:00+09:00,331.49667570342854,331.90381973527997,327.9952221194468,328.64666748046875,18389000,0.0,0.0
2019-04-03 00:00:00+09:00,326.85529415690297,329.3795926677647,326.85529415690297,327.3438720703125,12156500,0.0,0.0
2019-04-04 00:00:00+09:00,326.773843317002,328.4024197100099,326.0409889101691,326.36669921875,10616000,0.0,0.0
2019-04-05 00:00:00+09:00,326.2038713902629,329.7867346485222,326.2038713902629,329.29815673828125,19868000,0.0,0.0
2019-04-08 00:00:00+09:00,330.6824437296536,330.76387751985646,328.7281570153032,329.37957763671875,10642000,0.0,0.0
2019-04-09 00:00:00+09:00,328.80952351185965,329.1352586306245,327.3438148778201,327.6695251464844,7154500,0.0,0.0
2019-04-10 00:00:00+09:00,325.878137117356,326.9367018033281,325.30812545561537,326.7738342285156,17657000,0.0,0.0
2019-04-11 00:00:00+09:00,325.3895387816452,326.4481034010518,324.9823947203193,326.2038269042969,20201500,0.0,0.0
2019-04-12 00:00:00+09:00,326.04090642531924,327.09949572302486,325.3894859729599,325.95947265625,17658500,0.0,0.0
2019-04-15 00:00:00+09:00,326.529542951263,329.13527492981757,326.28526645019303,328.8095397949219,16950000,0.0,0.0
2019-04-16 00:00:00+09:00,326.61093175834975,326.7737744532712,325.47093349350615,325.7152099609375,38544500,0.0,0.0
2019-04-17 00:00:00+09:00,325.7966437334474,327.18091846572236,325.38949972099624,325.7152099609375,18865000,0.0,0.0
2019-04-18 00:00:00+09:00,325.95953461352497,326.52954625525825,325.6338243254354,325.79669189453125,39728500,0.0,0.0
2019-04-19 00:00:00+09:00,326.52949798583984,326.61093175834975,325.47093349350615,325.7152099609375,25236000,0.0,0.0
2019-04-22 00:00:00+09:00,325.796682842971,326.52953718333725,325.55238149611466,326.2038269042969,28715000,0.0,0.0
2019-04-23 00:00:00+09:00,326.20379051029727,330.3566644425122,326.1223567370972,328.72808837890625,20194500,0.0,0.0
2019-04-24 00:00:00+09:00,329.78666312370734,329.78666312370734,325.5523552867706,325.6337890625,25920000,0.0,0.0
2019-04-25 00:00:00+09:00,325.95953461352497,326.6109800398062,325.5523905408875,325.79669189453125,29044000,0.0,0.0
2019-04-26 00:00:00+09:00,326.04092020087876,327.66949625068344,325.47093349350615,325.7152099609375,48204000,0.0,0.0
2019-05-07 00:00:00+09:00,326.85525987065245,330.35671384103995,325.7966952110599,327.01812744140625,31117500,0.0,0.0
2019-05-08 00:00:00+09:00,324.98241114002303,325.0638449264229,314.3152312243071,317.2466735839844,52182500,0.0,0.0
2019-05-09 00:00:00+09:00,313.50094222822594,316.0252404993049,305.11378410345986,313.17523193359375,53292000,0.0,0.0
2019-05-10 00:00:00+09:00,313.3380613864859,322.3766645678483,311.70948513219,318.38665771484375,55186500,0.0,0.0
2019-05-13 00:00:00+09:00,315.3737406085045,322.9466341142295,312.6051663069903,321.6437683105469,33127500,0.0,0.0
2019-05-14 00:00:00+09:00,316.75809361771354,325.63382957425625,314.7223732217128,325.0638427734375,37603500,0.0,0.0
2019-05-15 00:00:00+09:00,325.71526573929464,327.66955236370984,325.47098923003125,326.4481201171875,34867500,0.0,0.0
2019-05-16 00:00:00+09:00,325.7152173069524,327.4252271678337,325.0637968123781,327.2623596191406,27203000,0.0,0.0
2019-05-17 00:00:00+09:00,328.6467089249228,331.5781512939464,326.69242229560797,330.5195617675781,22677000,0.0,0.0
2019-05-20 00:00:00+09:00,329.8680909135779,331.08952297705684,328.0766472804358,328.1580810546875,18214000,0.0,0.0
2019-05-21 00:00:00+09:00,327.75093627655735,330.51951064402897,325.878083723588,329.94952392578125,19319500,0.0,0.0
2019-05-22 00:00:00+09:00,328.56530229797215,331.57817870270424,327.913881651054,329.29815673828125,14392500,0.0,0.0
2019-05-23 00:00:00+09:00,327.75093002319335,328.80949451552704,325.6337761884276,325.7152099609375,38981500,0.0,0.0
2019-05-24 00:00:00+09:00,324.0866723503153,327.09954833984375,322.1323858287759,327.09954833984375,28918000,0.0,0.0
2019-05-27 00:00:00+09:00,327.01811886497046,328.48382756290516,325.87812044989886,326.529541015625,9293000,0.0,0.0
2019-05-28 00:00:00+09:00,326.4480771195956,327.50666650387944,325.5523552867706,325.6337890625,19348000,0.0,0.0
2019-05-29 00:00:00+09:00,324.49381687670797,326.4481034010518,323.27238469273044,326.2038269042969,30031500,0.0,0.0
2019-05-30 00:00:00+09:00,325.14523361111964,326.20382306817885,324.4938130606995,325.87811279296875,40531500,0.0,0.0
2019-05-31 00:00:00+09:00,325.71526625480914,326.6109882070304,324.7381105160036,325.5523986816406,55499000,0.0,0.0
2019-06-03 00:00:00+09:00,319.5266341399079,321.88806457615397,315.1294835258463,318.8752136230469,31941500,0.0,0.0
2019-06-04 00:00:00+09:00,316.75806623779766,317.7352218834557,309.5109072244851,310.3251953125,36763500,0.0,0.0
2019-06-05 00:00:00+09:00,312.035192716725,312.19803541771796,307.31230708614146,309.5108947753906,34182000,0.0,0.0
2019-06-06 00:00:00+09:00,308.45230231420294,309.8366019343698,306.9865937694019,307.39373779296875,23726000,0.0,0.0
2019-06-07 00:00:00+09:00,306.9866053728571,310.3251914623167,306.17231729494506,309.9994812011719,18531000,0.0,0.0
2019-06-10 00:00:00+09:00,311.70945258968413,316.5137719183667,311.4651761170829,315.3737487792969,17416000,0.0,0.0
2019-06-11 00:00:00+09:00,315.4551975919618,319.200927734375,315.29235488583083,319.200927734375,20799000,0.0,0.0
2019-06-12 00:00:00+09:00,317.5723334827455,328.80949841978776,316.1880338839351,326.0409240722656,43102500,0.0,0.0
2019-06-13 00:00:00+09:00,325.6337765512001,327.66949661572386,322.7023346882662,324.8194885253906,30836000,0.0,0.0
2019-06-14 00:00:00+09:00,324.98240374925626,328.6467004029936,324.57525967661877,325.79669189453125,27736500,0.0,0.0
2019-06-17 00:00:00+09:00,324.7381249462957,330.5195761492478,324.7381249462957,329.37957763671875,25524500,0.0,0.0
2019-06-18 00:00:00+09:00,329.54238932056177,330.6009538633356,327.58807808759536,328.64666748046875,14969000,0.0,0.0
2019-06-19 00:00:00+09:00,336.13816367423755,338.3367517847214,332.88101082913795,334.6724548339844,31905500,0.0,0.0
2019-06-20 00:00:00+09:00,334.18380114899753,338.49954260006734,333.2880793497115,337.60382080078125,24484000,0.0,0.0
2019-06-21 00:00:00+09:00,337.1152382503088,339.31382583111093,335.89380622766276,337.4409484863281,32711500,0.0,0.0
2019-06-24 00:00:00+09:00,336.13812164881506,339.39527408669153,335.3238335393459,337.9295654296875,11042000,0.0,0.0
2019-06-25 00:00:00+09:00,338.66240208063664,339.7209914777507,336.5452481365083,337.8481140136719,16151500,0.0,0.0
2019-06-26 00:00:00+09:00,337.35958152992555,337.7667256181104,334.6724404879468,335.81243896484375,13677500,0.0,0.0
2019-06-27 00:00:00+09:00,336.4638619687741,338.0924382128628,334.5095505957865,337.19671630859375,13038000,0.0,0.0
2019-06-28 00:00:00+09:00,337.27812513415745,337.27812513415745,333.1252510489999,335.568115234375,18711500,0.0,0.0
2019-07-01 00:00:00+09:00,338.5809568568354,342.0009765625,338.5809568568354,342.0009765625,18849000,0.0,0.0
2019-07-02 00:00:00+09:00,341.91954842610556,345.5024108886719,341.756705725593,345.5024108886719,17561500,0.0,0.0
2019-07-03 00:00:00+09:00,343.0595879434267,343.3853230837824,339.7210264057012,343.1410217285156,15158000,0.0,0.0
2019-07-04 00:00:00+09:00,345.3396230449268,345.3396230449268,343.05960122467917,343.79248046875,6734500,0.0,0.0
2019-07-05 00:00:00+09:00,342.24523626925907,343.87381226835157,340.860961580089,341.7566833496094,9276500,0.0,0.0
2019-07-08 00:00:00+09:00,341.18669405850494,342.89670393908057,339.8023944289677,340.3724060058594,11298500,0.0,0.0
2019-07-09 00:00:00+09:00,341.51242200512445,342.32671009996267,338.4181371847795,340.453857421875,12665000,0.0,0.0
2019-07-10 00:00:00+09:00,338.6624197581895,339.39527408669153,337.4409875939858,337.9295654296875,17742000,0.0,0.0
2019-07-11 00:00:00+09:00,338.33671102971147,341.10528564453125,338.09243453579546,341.10528564453125,14362000,0.0,0.0
2019-07-12 00:00:00+09:00,343.2224288360879,344.8510050108736,341.9195629262393,343.4667053222656,15951500,0.0,0.0
2019-07-16 00:00:00+09:00,346.72385252032205,347.6195743731659,344.44385584953767,345.8281555175781,18268000,0.0,0.0
2019-07-17 00:00:00+09:00,344.280992979155,347.1310012814662,343.222428406908,344.3624267578125,20605500,0.0,0.0
2019-07-18 00:00:00+09:00,342.65242652456806,344.1181600316731,336.95240975828415,337.9295654296875,17617000,0.0,0.0
2019-07-19 00:00:00+09:00,337.9295584530192,341.51242109069375,337.03383658107543,340.61669921875,16242000,0.0,0.0
2019-07-22 00:00:00+09:00,340.8610502369318,342.408192868457,337.92960770608715,339.6396179199219,11499000,0.0,0.0
2019-07-23 00:00:00+09:00,339.6395551765646,342.16385313541286,337.7666777264065,341.5938415527344,10135500,0.0,0.0
2019-07-24 00:00:00+09:00,345.9910441903836,346.56105585886047,341.5124591812468,342.8967590332031,15399500,0.0,0.0
2019-07-25 00:00:00+09:00,342.89674572453,343.0595884448436,340.37244748369744,342.24530029296875,11158000,0.0,0.0
2019-07-26 00:00:00+09:00,342.48963048461667,342.89677459483374,339.8838982391857,339.96533203125,14668000,0.0,0.0
2019-07-29 00:00:00+09:00,340.2095761117905,342.6524405401187,338.90673496343044,341.9195861816406,11667500,0.0,0.0
2019-07-30 00:00:00+09:00,343.6295166015625,346.3980906752525,342.16380822434314,343.6295166015625,13779000,0.0,0.0
2019-07-31 00:00:00+09:00,339.965240815136,341.6752505892556,338.49953235166066,339.06951904296875,18422000,0.0,0.0
2019-08-01 00:00:00+09:00,336.30098226770343,340.61669921875,336.21954848841756,340.61669921875,10400500,0.0,0.0
2019-08-02 00:00:00+09:00,335.64957486977335,341.83814473609186,331.25239911725026,341.2681579589844,40001000,0.0,0.0
2019-08-05 00:00:00+09:00,339.1510057251766,343.6295904346327,336.4638648395436,339.3138732910156,25000000,0.0,0.0
2019-08-06 00:00:00+09:00,329.37950893750497,340.53526491572444,328.64665467873914,339.8838195800781,25832500,0.0,0.0
2019-08-07 00:00:00+09:00,336.5452516088465,338.09241883212246,332.88095526969823,333.9395446777344,23401500,0.0,0.0
2019-08-08 00:00:00+09:00,332.9623666986455,334.7538102842487,329.54237192171894,333.6952209472656,18726500,0.0,0.0
2019-08-09 00:00:00+09:00,335.40523076077807,335.8123747711335,330.84521287477764,333.6952209472656,13625500,0.0,0.0
2019-08-13 00:00:00+09:00,331.49664099750277,332.1480614402249,327.01805711602117,328.3209228515625,15991000,0.0,0.0
2019-08-14 00:00:00+09:00,331.41522216796875,332.880930655208,328.64664788646235,331.41522216796875,13653500,0.0,0.0
2019-08-15 00:00:00+09:00,325.38952536396533,332.3924079000212,325.2266578061104,332.31097412109375,18954500,0.0,0.0
2019-08-16 00:00:00+09:00,332.3108891502786,335.81231709795264,330.8451560546685,334.9165954589844,15812500,0.0,0.0
2019-08-19 00:00:00+09:00,336.1381045101739,337.92954819970623,334.5095283742717,336.952392578125,13764500,0.0,0.0
2019-08-20 00:00:00+09:00,339.39527654836235,340.94244384765625,338.25527815685723,340.94244384765625,13296500,0.0,0.0
2019-08-21 00:00:00+09:00,338.66239956343,343.3852852267814,337.9295452786288,341.5938415527344,21140500,0.0,0.0
2019-08-22 00:00:00+09:00,342.0010057110538,343.22243787430756,339.80241787715664,343.0595703125,14892500,0.0,0.0
2019-08-23 00:00:00+09:00,343.6295699383606,345.09527854308135,342.57100537385116,342.9781494140625,13848500,0.0,0.0
2019-08-26 00:00:00+09:00,335.5681114652702,341.10526028322056,335.5681114652702,340.3724060058594,15857500,0.0,0.0
2019-08-27 00:00:00+09:00,342.89672648182716,343.71101458800575,338.58098460902005,338.9881286621094,18506500,0.0,0.0
2019-08-28 00:00:00+09:00,339.1510186065657,340.2095832744203,337.92958636668607,339.2324523925781,9622000,0.0,0.0
2019-08-29 00:00:00+09:00,338.7438521702961,341.02384892755583,334.67241163940315,338.9881286621094,15186000,0.0,0.0
2019-08-30 00:00:00+09:00,341.2682155581583,345.42109066418396,339.8839155727812,345.0139465332031,26969000,0.0,0.0
2019-09-02 00:00:00+09:00,343.62956090149083,345.66528104901147,342.81527284248256,343.3852844238281,11066000,0.0,0.0
2019-09-03 00:00:00+09:00,342.97815325958965,346.2353056178,342.73385192266363,343.3038635253906,13914500,0.0,0.0
2019-09-04 00:00:00+09:00,342.32671598456795,344.0367259831434,340.8610073287038,343.0595703125,14712000,0.0,0.0
2019-09-05 00:00:00+09:00,346.316733324529,349.41104314266755,344.1181702735876,347.4567565917969,24495500,0.0,0.0
2019-09-06 00:00:00+09:00,350.14386808491184,356.6581726074219,349.6552902757037,356.6581726074219,42959000,0.0,0.0
2019-09-09 00:00:00+09:00,355.92526852636803,359.83384075304303,355.2738232551914,359.42669677734375,19288000,0.0,0.0
2019-09-10 00:00:00+09:00,361.5439002025301,365.94105077551393,360.5667445862672,363.5796203613281,25492500,0.0,0.0
2019-09-11 00:00:00+09:00,364.31250716942833,366.4296612935894,362.0325103280867,365.8596496582031,23957500,0.0,0.0
2019-09-12 00:00:00+09:00,365.85962220809137,366.9182116157978,362.8467712402344,362.8467712402344,24200000,0.0,0.0
2019-09-13 00:00:00+09:00,362.276823228275,365.7782774758352,359.9968261578532,364.9639892578125,33305000,0.0,0.0
2019-09-17 00:00:00+09:00,367.0810794997852,372.53681991730326,366.8368030005358,368.70965576171875,24678500,0.0,0.0
2019-09-18 00:00:00+09:00,367.89534492426156,371.07108831910654,366.83678035938,370.9896545410156,19369500,0.0,0.0
2019-09-19 00:00:00+09:00,371.3968858004016,377.3411802454979,371.07117546164807,374.8983154296875,27662000,0.0,0.0
2019-09-20 00:00:00+09:00,380.92392635032814,384.26251220703125,378.3996533648657,384.26251220703125,51772500,0.0,0.0
2019-09-24 00:00:00+09:00,383.3668509255783,385.07686100991015,374.6539826341483,375.0611267089844,33136000,0.0,0.0
2019-09-25 00:00:00+09:00,372.29251736611707,375.3053683298027,370.74535014546507,374.00250244140625,20602000,0.0,0.0
2019-09-26 00:00:00+09:00,377.17824192218285,378.2368064674124,372.37392245511126,373.6767883300781,22701500,0.0,0.0
2019-09-27 00:00:00+09:00,371.021954397348,374.7554041943376,369.5285592871061,373.01312255859375,16184500,8.5,0.0
2019-09-30 00:00:00+09:00,375.0042520792921,375.6679662916257,369.279634710923,370.1922607421875,22354000,0.0,0.0
2019-10-01 00:00:00+09:00,373.0130717080619,377.0783780912152,371.5196768014051,376.74652099609375,14827500,0.0,0.0
2019-10-02 00:00:00+09:00,371.35378781150996,373.5108970646548,370.10930462535816,373.0960693359375,17841500,0.0,0.0
2019-10-03 00:00:00+09:00,367.8691890273591,368.86478560719706,364.3016810345731,367.2054748535156,19583000,0.0,0.0
2019-10-04 00:00:00+09:00,363.3890808934,367.12253035463357,362.97425317548516,366.70770263671875,14712500,0.0,0.0
2019-10-07 00:00:00+09:00,367.7862005340171,368.1180829238664,364.55054978555887,366.5417175292969,15632500,0.0,0.0
2019-10-08 00:00:00+09:00,367.2055080041479,367.371423903051,364.05280209608907,364.1357727050781,16993000,0.0,0.0
2019-10-09 00:00:00+09:00,361.7297725824166,364.7165372363616,361.56383136644615,363.6379699707031,15129000,0.0,0.0
2019-10-10 00:00:00+09:00,358.49412220641034,364.0527984865123,358.07929448465313,363.14019775390625,21141500,0.0,0.0
2019-10-11 00:00:00+09:00,366.70769481001935,371.6026567131256,365.46321168283606,371.1048583984375,19548500,0.0,0.0
2019-10-15 00:00:00+09:00,375.91691779263743,377.16140106143735,373.75980839623554,375.7509765625,15926000,0.0,0.0
2019-10-16 00:00:00+09:00,381.4755655282652,382.3052209777125,376.82951526662,377.99102783203125,19901500,0.0,0.0
2019-10-17 00:00:00+09:00,376.82950511329585,378.1569335413853,373.5108834049236,375.58502197265625,15296500,0.0,0.0
2019-10-18 00:00:00+09:00,376.2487116150932,378.15690884515925,373.59380429414927,374.8382873535156,12470500,0.0,0.0
2019-10-21 00:00:00+09:00,374.00867536795255,378.48883515665614,373.5938476333745,377.6591796875,13665000,0.0,0.0
2019-10-23 00:00:00+09:00,378.32286475970426,380.2310620639768,377.7420958484525,379.0695495605469,18726000,0.0,0.0
2019-10-24 00:00:00+09:00,382.5541123899104,384.29639380459224,378.4888059683687,379.0695495605469,12395500,0.0,0.0
2019-10-25 00:00:00+09:00,380.14811677871825,380.31403266830904,378.57175125362727,379.0695495605469,11197000,0.0,0.0
2019-10-28 00:00:00+09:00,379.6503184717987,379.98217557005387,377.90803705711687,379.0695495605469,9600500,0.0,0.0
2019-10-29 00:00:00+09:00,380.31402369304755,382.2222462713604,378.5717423194829,379.4013977050781,17479000,0.0,0.0
2019-10-30 00:00:00+09:00,380.4799648977958,380.4799648977958,377.8250575362618,379.4013977050781,18612500,0.0,0.0
2019-10-31 00:00:00+09:00,377.4103030172416,379.3185259655282,376.33176093448503,376.8295593261719,20683000,0.0,0.0
2019-11-01 00:00:00+09:00,373.51092709670087,380.9778268139857,372.3493891076392,378.98663330078125,22089500,0.0,0.0
2019-11-05 00:00:00+09:00,381.8074161943913,384.79415530862525,380.14810543356225,382.47113037109375,33065000,0.0,0.0
2019-11-06 00:00:00+09:00,383.3007484520556,384.0474331579533,381.558467258914,382.38812255859375,25078500,0.0,0.0
2019-11-07 00:00:00+09:00,384.0475183962425,386.12165710579126,381.1437242028741,382.30523681640625,24665000,0.0,0.0
2019-11-08 00:00:00+09:00,388.2787597139003,393.92040677869426,386.37056226174,391.5973815917969,36579500,0.0,0.0
2019-11-11 00:00:00+09:00,393.8374589868708,394.9160009627102,391.5144084956449,393.33966064453125,19969500,0.0,0.0
2019-11-12 00:00:00+09:00,394.91600480227123,402.88070239991373,394.0863493299976,402.3829040527344,35103500,0.0,0.0
2019-11-13 00:00:00+09:00,397.90270996828286,398.1515964450564,394.58408857625227,396.57525634765625,20959500,0.0,0.0
2019-11-14 00:00:00+09:00,394.91600346969346,396.49234379787924,389.85510004208606,391.5973815917969,19906000,0.0,0.0
2019-11-15 00:00:00+09:00,393.4226577691307,398.81541864991885,392.7589181615874,398.2346496582031,17341000,0.0,0.0
2019-11-18 00:00:00+09:00,398.2346401642497,401.2214050292969,396.99015691373637,401.2214050292969,13229000,0.0,0.0
2019-11-19 00:00:00+09:00,401.88508645330086,403.54439731835913,400.80654451864274,401.6361999511719,12157500,0.0,0.0
2019-11-20 00:00:00+09:00,401.3872487169867,402.4658158648127,398.48345498826376,400.64056396484375,15879500,0.0,0.0
2019-11-21 00:00:00+09:00,398.06866202256504,401.1383972167969,392.427015271034,401.1383972167969,24350000,0.0,0.0
2019-11-22 00:00:00+09:00,399.8109524142897,402.0510322351981,398.6494398593677,400.8065490722656,15975000,0.0,0.0
2019-11-25 00:00:00+09:00,403.5443994578686,405.1207397242165,401.885088584013,402.548828125,15908500,0.0,0.0
2019-11-26 00:00:00+09:00,403.7933127735977,405.7015101579582,399.23020785362064,402.63177490234375,50678000,0.0,0.0
2019-11-27 00:00:00+09:00,402.29988948615625,405.45259512777506,402.133973601275,403.54437255859375,18548500,0.0,0.0
2019-11-28 00:00:00+09:00,403.04662291337314,403.71036249023,400.22579933919036,401.5532531738281,12866000,0.0,0.0
2019-11-29 00:00:00+09:00,400.1427424173084,400.97239772011767,395.74557944004715,396.2433776855469,19462500,0.0,0.0
2019-12-02 00:00:00+09:00,398.8983362089493,404.78889505602086,397.6538530153036,404.5400085449219,18858000,0.0,0.0
2019-12-03 00:00:00+09:00,402.88068295741465,403.0465988524171,400.47468726774633,402.9636535644531,17212500,0.0,0.0
2019-12-04 00:00:00+09:00,398.23455967368966,403.6273193359375,398.23455967368966,403.6273193359375,14838500,0.0,0.0
2019-12-05 00:00:00+09:00,404.8718230692068,408.4393310546875,404.37402478030714,408.4393310546875,22017000,0.0,0.0
2019-12-06 00:00:00+09:00,411.09421888144664,412.33870188512407,405.5355180040588,406.36517333984375,17513000,0.0,0.0
2019-12-09 00:00:00+09:00,408.1904490724159,408.93713385446546,404.8718275352418,407.60968017578125,12256000,0.0,0.0
2019-12-10 00:00:00+09:00,410.6794594408658,410.6794594408658,406.7800685872313,407.7756652832031,14643500,0.0,0.0
2019-12-11 00:00:00+09:00,409.6008878450422,413.9150808045611,409.10308953303934,413.16839599609375,27391500,0.0,0.0
2019-12-12 00:00:00+09:00,412.1727556201728,416.9847716999755,411.011243228176,415.6573181152344,19782500,0.0,0.0
2019-12-13 00:00:00+09:00,421.8797847053458,422.46055363197996,417.7315075696,420.4693603515625,30198500,0.0,0.0
2019-12-16 00:00:00+09:00,418.1463676901342,423.6220989975107,417.81451055736994,421.38201904296875,14159000,0.0,0.0
2019-12-17 00:00:00+09:00,424.53467247845197,426.0280420503175,422.0457063126273,423.70501708984375,19712500,0.0,0.0
2019-12-18 00:00:00+09:00,424.7836688061256,425.4473831610033,420.3865042371316,420.88427734375,17711500,0.0,0.0
2019-12-19 00:00:00+09:00,418.14630930362847,424.20278341789714,417.6485110144524,422.2945861816406,14384000,0.0,0.0
2019-12-20 00:00:00+09:00,422.79243680041446,423.78800818291694,419.0589871481093,421.2990417480469,37257500,0.0,0.0
2019-12-23 00:00:00+09:00,421.4650056258492,421.87983338729197,418.14638353430706,419.8056945800781,10694500,0.0,0.0
2019-12-24 00:00:00+09:00,417.9803861534937,419.5567516904799,417.1507307420584,417.6485290527344,10263500,0.0,0.0
2019-12-25 00:00:00+09:00,419.4737981413302,420.63531070075203,417.81448725099193,418.81005859375,6814000,0.0,0.0
2019-12-26 00:00:00+09:00,418.22933830309427,421.38201904296875,418.22933830309427,421.38201904296875,8484000,0.0,0.0
2019-12-27 00:00:00+09:00,423.0413083947076,423.53910672793836,420.5523420476286,421.0501403808594,16090500,0.0,0.0
2019-12-30 00:00:00+09:00,420.6352472071358,421.96270078284635,418.6440795031056,420.5522766113281,9861500,0.0,0.0
2020-01-06 00:00:00+09:00,416.57000276059006,417.399658203125,412.6706120530461,417.399658203125,20371500,0.0,0.0
2020-01-07 00:00:00+09:00,415.9062809267951,422.6264953613281,414.08105406693454,422.6264953613281,15659000,0.0,0.0
2020-01-08 00:00:00+09:00,417.48263013673926,419.6397140389191,412.919525188309,418.81005859375,24126000,0.0,0.0
2020-01-09 00:00:00+09:00,423.45611890683557,430.7571017529463,422.70943409687766,429.7615051269531,23111000,0.0,0.0
2020-01-10 00:00:00+09:00,431.00600047628524,431.0889457649093,426.4428955626768,427.1896057128906,20208000,0.0,0.0
2020-01-14 00:00:00+09:00,429.595574514926,430.2592887359135,426.0280662687378,428.1851501464844,19112500,0.0,0.0
2020-01-15 00:00:00+09:00,424.949529981604,427.8533240454246,423.4561349859084,424.20281982421875,15385000,0.0,0.0
2020-01-16 00:00:00+09:00,420.30348318410927,424.4517607020751,418.9760293145449,424.1199035644531,19964500,0.0,0.0
2020-01-17 00:00:00+09:00,424.2027884132146,427.85329236411104,424.1198431299358,427.35546875,13992000,0.0,0.0
2020-01-20 00:00:00+09:00,426.94067688912446,432.2504920564018,426.442903871383,431.9186096191406,10857000,0.0,0.0
2020-01-21 00:00:00+09:00,430.757149537801,432.1675740279072,428.84895199855305,429.5956115722656,10072500,0.0,0.0
2020-01-22 00:00:00+09:00,427.93627890664544,431.25490076809774,427.3555099532611,430.5911865234375,16795500,0.0,0.0
2020-01-23 00:00:00+09:00,429.9274571414215,435.1542762615471,429.18074699362535,432.9971923828125,16162000,0.0,0.0
2020-01-24 00:00:00+09:00,435.81793734090104,439.0536134026065,433.0800848630734,437.1454162597656,19112000,0.0,0.0
2020-01-27 00:00:00+09:00,428.84894689591425,435.4031949430112,426.8577534467325,433.0801696777344,19032000,0.0,0.0
2020-01-28 00:00:00+09:00,428.1022232244442,431.1719585961257,424.4517442142524,424.8665466308594,26483000,0.0,0.0
2020-01-29 00:00:00+09:00,423.9539159678614,427.7703106117259,421.1330926279761,427.0236511230469,20871500,0.0,0.0
2020-01-30 00:00:00+09:00,424.2028336087972,425.11548501283045,418.64415712601215,421.7138671875,20792000,0.0,0.0
2020-01-31 00:00:00+09:00,421.54788286800317,430.7570621959909,421.2160257961716,426.1109619140625,20783000,0.0,0.0
2020-02-03 00:00:00+09:00,415.8233581978585,421.87983338729197,415.40853043641573,419.8056945800781,19131000,0.0,0.0
2020-02-04 00:00:00+09:00,419.80566624412774,425.61325451232716,418.22932592086016,425.2813720703125,17013500,0.0,0.0
2020-02-05 00:00:00+09:00,431.33782514102205,437.2283577126335,427.272493779898,432.16748046875,26816000,0.0,0.0
2020-02-06 00:00:00+09:00,436.1498161613245,447.26716717629233,435.56904730395735,443.8656005859375,37073000,0.0,0.0
2020-02-07 00:00:00+09:00,444.19747338840614,446.0226745605469,439.8002597333175,446.0226745605469,21734000,0.0,0.0
2020-02-10 00:00:00+09:00,437.0624493315491,442.45520936663763,436.4816804309103,438.1409912109375,25526500,0.0,0.0
2020-02-12 00:00:00+09:00,434.9053992826917,436.06688653585087,432.8312606468892,434.5735168457031,25958500,0.0,0.0
2020-02-13 00:00:00+09:00,433.49494895543836,435.9839151695366,432.49935234216963,433.74383544921875,17000000,0.0,0.0
2020-02-14 00:00:00+09:00,432.74821801646533,434.24163818359375,429.92742015908414,434.24163818359375,21177000,0.0,0.0
2020-02-17 00:00:00+09:00,429.7614774836574,435.73500621723684,427.9362255597659,435.2371826171875,14192000,0.0,0.0
2020-02-18 00:00:00+09:00,431.42081595755917,434.07572341415835,428.3510807933085,429.7615051269531,18233000,0.0,0.0
2020-02-19 00:00:00+09:00,433.08018043687605,433.9927812515005,430.50826858609497,431.5038146972656,19317000,0.0,0.0
2020-02-20 00:00:00+09:00,434.9882782001395,436.97947124194366,431.6696568892277,432.16748046875,14552000,0.0,0.0
2020-02-21 00:00:00+09:00,438.8047603839471,446.3546042526646,436.39873947379476,439.96624755859375,30164500,0.0,0.0
2020-02-25 00:00:00+09:00,417.31666824274737,429.2637263164865,416.90184054071676,427.8533020019531,38417000,0.0,0.0
2020-02-26 00:00:00+09:00,423.78802155877526,430.25932436605837,422.29465177834885,429.5126647949219,30101000,0.0,0.0
2020-02-27 00:00:00+09:00,429.0147926657463,430.09338521029514,418.2292976445125,421.6308898925781,34884500,0.0,0.0
2020-02-28 00:00:00+09:00,409.0200999449159,409.76678471872896,399.5620337321137,408.4393310546875,57774500,0.0,0.0
2020-03-02 00:00:00+09:00,398.0686662590036,407.19487601359504,396.40935539453244,402.9636535644531,40472500,0.0,0.0
2020-03-03 00:00:00+09:00,407.3608357926264,410.181659326968,399.6450500488281,399.6450500488281,26441500,0.0,0.0
2020-03-04 00:00:00+09:00,400.1427656903912,403.0465594191141,399.31311033932747,400.64056396484375,20948000,0.0,0.0
2020-03-05 00:00:00+09:00,404.2081560129408,407.27786606734026,401.96807611131555,403.7103576660156,24217000,0.0,0.0
2020-03-06 00:00:00+09:00,396.1604795505572,399.47910136878176,390.43586197793485,394.1693115234375,29000500,0.0,0.0
2020-03-09 00:00:00+09:00,378.5717487213458,380.56294193570506,367.7862285262183,372.2663879394531,39132500,0.0,0.0
2020-03-10 00:00:00+09:00,361.6467384295171,382.38812082762047,355.00949606212396,378.32281494140625,40581500,0.0,0.0
2020-03-11 00:00:00+09:00,379.6503405961635,384.87715982573144,368.6988784820234,369.5285339355469,31451000,0.0,0.0
2020-03-12 00:00:00+09:00,364.05278875960425,365.6291543154236,350.19755841454736,355.42437744140625,37644000,0.0,0.0
2020-03-13 00:00:00+09:00,321.74034982524574,346.7129821056193,321.74034982524574,334.1851806640625,72267500,0.0,0.0
2020-03-16 00:00:00+09:00,333.1066467488446,342.5647133486334,326.5523740808639,327.13311767578125,38105500,0.0,0.0
2020-03-17 00:00:00+09:00,318.42175481389626,340.1587379521256,317.09432633568474,337.25494384765625,51124000,0.0,0.0
2020-03-18 00:00:00+09:00,337.337890806878,350.28052011464695,332.19401719767706,334.6829833984375,38190000,0.0,0.0
2020-03-19 00:00:00+09:00,342.9795594795043,352.35468129731487,326.88424874230236,335.0148620605469,67223500,0.0,0.0
2020-03-23 00:00:00+09:00,330.11987852190555,350.0316081174252,329.2072525182962,348.5382385253906,60399000,0.0,0.0
2020-03-24 00:00:00+09:00,353.18430874854374,373.7597522403617,352.4375986441924,373.59381103515625,59849500,0.0,0.0
2020-03-25 00:00:00+09:00,391.4314411248009,396.57531517308627,379.31849150238975,381.7244873046875,52617000,0.0,0.0
2020-03-26 00:00:00+09:00,372.349394332853,379.1525798539243,363.30615405660774,365.5462341308594,40476000,0.0,0.0
2020-03-27 00:00:00+09:00,381.64151489592444,388.8595275878906,375.3361282816549,388.8595275878906,48236500,0.0,0.0
2020-03-30 00:00:00+09:00,380.2407062398155,390.887451171875,375.8468033196883,390.887451171875,31016500,8.5,0.0
2020-03-31 00:00:00+09:00,390.88748147815403,391.3099711845103,373.90339012528744,378.9732666015625,40870500,0.0,0.0
2020-04-01 00:00:00+09:00,375.17079119816003,378.8886947824193,359.0316821852194,361.651123046875,28933000,0.0,0.0
2020-04-02 00:00:00+09:00,358.6092214148472,359.8766904060307,349.7369384765625,349.7369384765625,32502500,0.0,0.0
2020-04-03 00:00:00+09:00,375.4243001596543,378.88872051606427,345.9345271590996,350.0749206542969,25571000,0.0,0.0
2020-04-06 00:00:00+09:00,345.2585632732641,357.8487502743316,340.69567999735864,355.3138122558594,24018500,0.0,0.0
2020-04-07 00:00:00+09:00,357.59526292648167,364.2705944790453,348.5539737768536,361.4821472167969,26523000,0.0,0.0
2020-04-08 00:00:00+09:00,361.4821823495525,366.63656192310106,355.2293398544539,364.2706298828125,20034500,0.0,0.0
2020-04-09 00:00:00+09:00,366.383056640625,369.0024978210282,361.39768356053577,366.383056640625,14955500,0.0,0.0
2020-04-10 00:00:00+09:00,365.8760636253137,366.2985533061743,358.4402555568559,366.1295471191406,15856000,0.0,0.0
2020-04-13 00:00:00+09:00,359.3696624503814,361.5666136439097,352.01835849364295,353.0323181152344,16528000,0.0,0.0
2020-04-14 00:00:00+09:00,353.70839146117726,358.60926179761515,352.94791513817495,357.93328857421875,21969500,0.0,0.0
2020-04-15 00:00:00+09:00,360.8062221186822,361.05970563686196,355.06037222164656,359.96124267578125,20636500,0.0,0.0
2020-04-16 00:00:00+09:00,354.6378175895049,359.2007005886629,352.2718601103968,357.34173583984375,14764500,0.0,0.0
2020-04-17 00:00:00+09:00,361.56663706564234,364.43956152633524,358.60920951766275,359.8766784667969,19828000,0.0,0.0
2020-04-20 00:00:00+09:00,356.6657717933333,361.9891311299279,356.6657717933333,359.5386962890625,12133000,0.0,0.0
2020-04-21 00:00:00+09:00,355.5672645636348,355.73627073140216,349.9059189575191,352.2718505859375,19141500,0.0,0.0
2020-04-22 00:00:00+09:00,337.9917102706236,352.1873517873014,337.9917102706236,351.849365234375,18256000,0.0,0.0
2020-04-23 00:00:00+09:00,360.0456888608998,361.4821382147197,355.22929648305615,359.36968994140625,16365000,0.0,0.0
2020-04-24 00:00:00+09:00,354.8913705096378,359.2007708803144,354.2998745774311,356.66583251953125,19282000,0.0,0.0
2020-04-27 00:00:00+09:00,357.7642993922604,365.79160428886235,356.8348168258348,365.0311279296875,17642000,0.0,0.0
2020-04-28 00:00:00+09:00,362.32710913143956,362.32710913143956,357.25723339292097,360.4681701660156,18660500,0.0,0.0
2020-04-30 00:00:00+09:00,364.18608685661764,368.66446693714926,358.6937212775735,359.1162109375,29106500,0.0,0.0
2020-05-01 00:00:00+09:00,356.9192896163911,357.7642690074274,351.5959297675522,355.98980712890625,24746000,0.0,0.0
2020-05-07 00:00:00+09:00,353.20138094263285,354.29984382226235,346.7795324954219,347.79351806640625,28421500,0.0,0.0
2020-05-08 00:00:00+09:00,346.52605380783416,365.9605798233456,346.18806720838757,364.94659423828125,45480500,0.0,0.0
2020-05-11 00:00:00+09:00,381.84614295081155,383.11361190890455,375.42429507246254,377.70574951171875,32314500,0.0,0.0
2020-05-12 00:00:00+09:00,381.6771548352071,389.87343845958566,379.22669426978945,384.465576171875,28283000,0.0,0.0
2020-05-13 00:00:00+09:00,379.14229024206185,387.76106517621986,378.55079431125995,383.3671875,21027500,0.0,0.0
2020-05-14 00:00:00+09:00,378.8042469564956,382.18416448735604,374.1568603515625,374.1568603515625,16764000,0.0,0.0
2020-05-15 00:00:00+09:00,379.2267365226813,379.73372930948784,368.0730241465579,368.4110107421875,22680000,0.0,0.0
2020-05-18 00:00:00+09:00,369.76301765955225,376.1848667268994,369.0025413012395,373.9034118652344,13246500,0.0,0.0
2020-05-19 00:00:00+09:00,381.9306945460563,385.73310190326265,378.7197830924389,378.9732666015625,19662500,0.0,0.0
2020-05-20 00:00:00+09:00,377.3678368976929,380.91673520377907,376.94534716220215,379.3957824707031,17476000,0.0,0.0
2020-05-21 00:00:00+09:00,381.930637182242,382.0996433540908,377.87474692508374,378.3817138671875,9178500,0.0,0.0
2020-05-22 00:00:00+09:00,377.79033586685915,379.48029485012694,371.45298967960497,372.6359558105469,11590000,0.0,0.0
2020-05-25 00:00:00+09:00,380.2407357206313,380.2407357206313,376.18484485430133,378.9732666015625,7926500,0.0,0.0
2020-05-26 00:00:00+09:00,386.07103175028294,386.6625275669092,382.52213421068956,384.5500793457031,19004000,0.0,0.0
2020-05-27 00:00:00+09:00,385.2260365155558,395.365787557615,383.62058109124047,392.1548767089844,24585500,0.0,0.0
2020-05-28 00:00:00+09:00,397.14032414645084,401.196215014533,391.30997135356074,393.7604064941406,24065000,0.0,0.0
2020-05-29 00:00:00+09:00,389.788936310992,394.0983358489801,386.6625284088324,390.38043212890625,27765000,0.0,0.0
2020-06-01 00:00:00+09:00,391.81696415875234,394.351902397985,390.3804888418304,393.7604064941406,10528500,0.0,0.0
2020-06-02 00:00:00+09:00,395.9573109825918,404.9140968521591,395.61932441494673,401.4496765136719,20503000,0.0,0.0
2020-06-03 00:00:00+09:00,412.0119359294426,412.0119359294426,400.09772194542325,402.7171630859375,18266000,0.0,0.0
2020-06-04 00:00:00+09:00,401.70317303863555,405.59008315959295,396.63329699914067,400.2667236328125,16602500,0.0,0.0
2020-06-05 00:00:00+09:00,395.36579766958255,400.8581629578386,394.26733492661975,400.0976867675781,15690500,0.0,0.0
2020-06-08 00:00:00+09:00,405.5901182578444,405.5901182578444,401.9567170964746,405.4211120605469,16376500,0.0,0.0
2020-06-09 00:00:00+09:00,403.6466364740995,403.98462304893786,396.2108028940424,400.52020263671875,19867000,0.0,0.0
2020-06-10 00:00:00+09:00,396.29533616058654,402.21019192417737,395.957349560012,397.6473083496094,15927000,0.0,0.0
2020-06-11 00:00:00+09:00,392.7463509101971,395.7037783290592,390.5494254569904,391.64788818359375,18137000,0.0,0.0
2020-06-12 00:00:00+09:00,385.05709049421796,400.097712233941,381.17018042393545,394.5208435058594,30225500,0.0,0.0
2020-06-15 00:00:00+09:00,388.26802254563387,392.9154091049396,383.6206359863281,383.6206359863281,16668000,0.0,0.0
2020-06-16 00:00:00+09:00,390.38045868317784,398.06977590549417,389.02848656935464,396.5487976074219,21454500,0.0,0.0
2020-06-17 00:00:00+09:00,394.7743394449023,395.19682909508447,390.1269532928985,392.83087158203125,16860000,0.0,0.0
2020-06-18 00:00:00+09:00,392.0704433363478,395.2813547558779,389.1130154232504,394.1828918457031,13685000,0.0,0.0
2020-06-19 00:00:00+09:00,397.1403022657136,397.1403022657136,392.66192193783235,393.08441162109375,27823500,0.0,0.0
2020-06-22 00:00:00+09:00,388.85950623658,395.6193410200983,388.69050005230275,393.92938232421875,12704000,0.0,0.0
2020-06-23 00:00:00+09:00,395.95731893121007,399.33723624895543,390.8874429545921,394.77435302734375,16817000,0.0,0.0
2020-06-24 00:00:00+09:00,387.67651847165473,392.9154007969704,386.6625587158257,390.4649658203125,21087000,0.0,0.0
2020-06-25 00:00:00+09:00,388.1834762336459,390.46493060526876,386.07102803278065,388.0144958496094,15404500,0.0,0.0
2020-06-26 00:00:00+09:00,393.84485765409056,398.3232376381205,391.05641048662886,395.9573059082031,20755500,0.0,0.0
2020-06-29 00:00:00+09:00,391.2254026533413,393.84484355199294,388.60596175468964,391.056396484375,18805000,0.0,0.0
2020-06-30 00:00:00+09:00,398.1542609211296,399.9286968415684,392.07039957849855,392.3238830566406,17693500,0.0,0.0
2020-07-01 00:00:00+09:00,392.57738314990644,393.5913428255082,386.8315085079437,387.5920104980469,12994500,0.0,0.0
2020-07-02 00:00:00+09:00,386.1555185823631,394.520808028882,384.46556007653214,391.9013671875,20565000,0.0,0.0
2020-07-03 00:00:00+09:00,393.84490532889436,394.1828919331212,388.0145525991257,391.39447021484375,9321000,0.0,0.0
2020-07-06 00:00:00+09:00,392.57740161346476,396.1262993250637,391.98590576817026,394.77435302734375,10344500,0.0,0.0
2020-07-07 00:00:00+09:00,395.4503784836686,396.0418744072021,390.5495080393734,392.4929504394531,11155000,0.0,0.0
2020-07-08 00:00:00+09:00,394.35188031152603,395.78832976127154,389.9579772949219,389.9579772949219,17235500,0.0,0.0
2020-07-09 00:00:00+09:00,393.92935113500096,394.4363180742473,388.60596619242347,390.80291748046875,23423000,0.0,0.0
2020-07-10 00:00:00+09:00,389.7889317089592,391.225406800236,387.4230000386786,388.0144958496094,20552500,0.0,0.0
2020-07-13 00:00:00+09:00,394.0983287569081,401.1961495105409,392.83085984423354,400.0976867675781,16408000,0.0,0.0
2020-07-14 00:00:00+09:00,395.87281648407395,402.88613461510056,395.7883133936485,400.689208984375,16102000,0.0,0.0
2020-07-15 00:00:00+09:00,406.4350457766828,411.1669350428617,405.67456955939303,407.7870178222656,19013000,0.0,0.0
2020-07-16 00:00:00+09:00,403.6466543554473,407.7025450066268,403.6466543554473,407.5335388183594,18738000,0.0,0.0
2020-07-17 00:00:00+09:00,410.3219867413112,414.8848701765393,409.3080011838276,413.6174011230469,20575500,0.0,0.0
2020-07-20 00:00:00+09:00,415.0538193160942,416.7437778218002,411.2514126782556,413.1103515625,16439000,0.0,0.0
2020-07-21 00:00:00+09:00,411.50493022090797,412.34990954374354,403.9001163153881,406.8575439453125,20236500,0.0,0.0
2020-07-22 00:00:00+09:00,405.7591070913191,409.814997785642,403.6466586491251,404.3226318359375,15585000,0.0,0.0
2020-07-27 00:00:00+09:00,400.8581893785032,402.12565837471686,398.49225756692675,400.689208984375,22082500,0.0,0.0
2020-07-28 00:00:00+09:00,398.5767562031447,403.90011561306306,398.5767562031447,400.94268798828125,14993000,0.0,0.0
2020-07-29 00:00:00+09:00,397.98530362473986,400.2667583551132,395.6193715824252,399.6752624511719,14304000,0.0,0.0
2020-07-30 00:00:00+09:00,402.80163923488584,402.88611653479745,396.7177780113962,399.0837097167969,13375000,0.0,0.0
2020-07-31 00:00:00+09:00,396.2953357862389,396.54881928974925,388.6905212402344,388.6905212402344,21504000,0.0,0.0
2020-08-03 00:00:00+09:00,394.26736908394315,397.2247968030668,392.4084042029475,396.80230712890625,16978000,0.0,0.0
2020-08-04 00:00:00+09:00,406.9420377729811,407.9559974652726,399.9286940810356,401.9566650390625,19926500,0.0,0.0
2020-08-05 00:00:00+09:00,398.4922371626047,410.74443683197757,398.2387279043089,408.71649169921875,27411500,0.0,0.0
2020-08-06 00:00:00+09:00,411.927476995144,420.20826519235595,410.660007835159,416.06787109375,25016500,0.0,0.0
2020-08-07 00:00:00+09:00,413.6173837790438,415.56082593154935,411.58943853583736,415.22283935546875,14361500,0.0,0.0
2020-08-11 00:00:00+09:00,422.48966762841434,424.179626298928,418.9407441056465,424.0106201171875,23223000,0.0,0.0
2020-08-12 00:00:00+09:00,421.9826841951896,433.22092507448986,420.4617316728054,432.0379333496094,32094000,0.0,0.0
2020-08-13 00:00:00+09:00,436.51635771208737,439.0512960299821,433.13643995489446,436.8543701171875,24473500,0.0,0.0
2020-08-14 00:00:00+09:00,435.2488494731783,436.8543308930735,430.9394753490667,434.910888671875,18297000,0.0,0.0
2020-08-17 00:00:00+09:00,432.3759547327989,436.43184540151157,432.3759547327989,434.31939697265625,12379000,0.0,0.0
2020-08-18 00:00:00+09:00,437.0233589661927,441.9242292048258,435.1643939588629,441.5017395019531,25569500,0.0,0.0
2020-08-19 00:00:00+09:00,437.5303045220851,444.3746683170186,436.5163189702304,443.6141662597656,12829500,0.0,0.0
2020-08-20 00:00:00+09:00,440.8257401408164,442.00868029461395,439.6427484135718,441.0792236328125,16326000,0.0,0.0
2020-08-21 00:00:00+09:00,441.16367437309503,444.29010811530566,439.55824463816367,440.3186950683594,10658000,0.0,0.0
2020-08-24 00:00:00+09:00,440.06524691503813,444.29014377784273,439.05126135327544,443.1916809082031,8091500,0.0,0.0
2020-08-25 00:00:00+09:00,442.8536387480313,448.85302283382595,442.8536387480313,446.4870910644531,16439000,0.0,0.0
2020-08-26 00:00:00+09:00,443.95215311724417,447.58555386022147,443.02264492586744,446.4870910644531,10926500,0.0,0.0
2020-08-27 00:00:00+09:00,448.76850195930996,448.76850195930996,443.2761363091001,444.9660949707031,10396000,0.0,0.0
2020-08-28 00:00:00+09:00,443.6986608045728,446.8250948886507,436.00936892005245,441.7552185058594,21317500,0.0,0.0
2020-08-31 00:00:00+09:00,455.78187374721915,470.3154770446859,455.6128675655972,460.26025390625,51304000,0.0,0.0
2020-09-01 00:00:00+09:00,467.8650643745543,472.5124506800072,462.11921525704713,466.7666015625,28542500,0.0,0.0
2020-09-02 00:00:00+09:00,471.4140575556523,471.6675410769142,467.52712112697606,471.1605224609375,18916000,0.0,0.0
2020-09-03 00:00:00+09:00,479.6103258684991,483.5817396866078,474.87846147253157,476.56842041015625,22170000,0.0,0.0
2020-09-04 00:00:00+09:00,469.8930317112903,475.554404102374,469.8085543992318,473.44195556640625,17684000,0.0,0.0
2020-09-07 00:00:00+09:00,470.23101857368124,474.45591541621206,469.5550453935659,473.5264587402344,14832000,0.0,0.0
2020-09-08 00:00:00+09:00,476.56833676125507,476.8218202427157,466.68206839673155,469.8085021972656,14309500,0.0,0.0
2020-09-09 00:00:00+09:00,460.4293251586993,466.93562569636885,459.49981681513725,465.58367919921875,23170000,0.0,0.0
2020-09-10 00:00:00+09:00,468.9635183655465,470.399993511265,463.04866317895403,467.44256591796875,20069500,0.0,0.0
2020-09-11 00:00:00+09:00,463.9781454687625,468.79453813049145,459.83777755309507,467.5270690917969,19185000,0.0,0.0
2020-09-14 00:00:00+09:00,467.44263525142566,467.69611876804584,462.2882297373724,466.09063720703125,14484500,0.0,0.0
2020-09-15 00:00:00+09:00,465.6681393729787,466.68212499524077,460.68279172148794,461.69677734375,16764000,0.0,0.0
2020-09-16 00:00:00+09:00,460.5981709552643,462.4571356296777,458.90821244642325,461.1896667480469,15952000,0.0,0.0
2020-09-17 00:00:00+09:00,462.37266692257884,463.30212349033053,459.07722713974675,460.3446960449219,12922500,0.0,0.0
2020-09-18 00:00:00+09:00,461.3587026472017,462.2881592575895,455.10583513212936,455.27484130859375,29652500,0.0,0.0
2020-09-23 00:00:00+09:00,455.78180598343494,467.2735025969504,455.27478751395046,466.6820068359375,29984500,0.0,0.0
2020-09-24 00:00:00+09:00,464.90763176094697,467.94953668083576,464.82310288495603,466.5130615234375,17691000,0.0,0.0
2020-09-25 00:00:00+09:00,466.9355511830579,467.35804084267824,461.8656752676134,466.5130615234375,25445500,0.0,0.0
2020-09-28 00:00:00+09:00,468.20309437482535,471.4140575556523,465.1611889727769,471.1605224609375,22624500,0.0,0.0
2020-09-29 00:00:00+09:00,473.90774288542616,474.5087233293146,468.7565717671063,470.90289306640625,18292000,8.8,0.0
2020-09-30 00:00:00+09:00,470.1302592741669,470.21614357787126,460.9440448057094,461.0298767089844,23059000,0.0,0.0
2020-10-02 00:00:00+09:00,463.60544794036394,464.4639765476609,455.9645223752498,457.68157958984375,17391500,0.0,0.0
2020-10-05 00:00:00+09:00,460.1713197884554,467.7263608272851,460.1713197884554,461.6308288574219,11738500,0.0,0.0
2020-10-06 00:00:00+09:00,466.26681267468314,467.29705736644456,462.8326986357596,463.261962890625,11915500,0.0,0.0
2020-10-07 00:00:00+09:00,460.343029895998,464.4639565535413,459.226953234642,463.86297607421875,12958500,0.0,0.0
2020-10-08 00:00:00+09:00,463.8629737604963,464.2064061470891,460.8581237792969,460.8581237792969,13970000,0.0,0.0
2020-10-09 00:00:00+09:00,458.1967300911863,459.82790301154614,453.6465389337623,454.2474670410156,21233500,0.0,0.0
2020-10-12 00:00:00+09:00,453.13141093311754,455.7069968827947,448.7529357788385,451.3285217285156,14574000,0.0,0.0
2020-10-13 00:00:00+09:00,452.1010929082526,453.98986611243595,450.1264878131426,452.6162414550781,12688000,0.0,0.0
2020-10-14 00:00:00+09:00,451.58605171912797,455.3635985872159,450.2124268946023,454.0758056640625,12666500,0.0,0.0
2020-10-15 00:00:00+09:00,454.07577492811754,455.7069477467758,452.1011173259358,454.8484191894531,13656500,0.0,0.0
2020-10-16 00:00:00+09:00,449.86895551607535,452.10110876266504,448.4953308105469,448.4953308105469,16086000,0.0,0.0
2020-10-19 00:00:00+09:00,450.21247741516794,453.13144359494373,449.7832130592803,450.2983093261719,9534500,0.0,0.0
2020-10-20 00:00:00+09:00,451.1567787368291,453.0455521345568,445.66217474351697,446.8641357421875,8881500,0.0,0.0
2020-10-21 00:00:00+09:00,448.58122156021443,448.7529377710413,443.68759775401685,443.85931396484375,13649500,0.0,0.0
2020-10-22 00:00:00+09:00,438.8797908254215,438.8797908254215,435.61736672244604,437.2485656738281,16695000,0.0,0.0
2020-10-23 00:00:00+09:00,439.99589451084563,442.7431964298277,439.91006261355034,441.71295166015625,14039500,0.0,0.0
2020-10-26 00:00:00+09:00,442.1422258932783,442.1422258932783,436.3900738336105,438.62225341796875,9938500,0.0,0.0
2020-10-27 00:00:00+09:00,434.5012901241875,437.2485656738281,432.2691107274593,437.2485656738281,12945500,0.0,0.0
2020-10-28 00:00:00+09:00,433.81444321396873,435.70321640556483,431.7539800414525,434.50128173828125,11839500,0.0,0.0
2020-10-29 00:00:00+09:00,432.01159673795956,437.592032569987,431.32475814619744,434.41546630859375,13246500,0.0,0.0
2020-10-30 00:00:00+09:00,435.6173883634731,435.6173883634731,427.89063128339495,429.2642822265625,22615000,0.0,0.0
2020-11-02 00:00:00+09:00,430.89552803228315,439.99593704336957,429.6935931516224,436.3901062011719,14611500,0.0,0.0
2020-11-04 00:00:00+09:00,443.8592748688671,444.28853915790853,437.8495748222867,438.2788391113281,19433500,0.0,0.0
2020-11-05 00:00:00+09:00,443.2583107752275,444.71781989202435,437.1627786056045,441.3695373535156,19227000,0.0,0.0
2020-11-06 00:00:00+09:00,434.157872363556,445.40457473871186,434.157872363556,440.9402160644531,22136000,0.0,0.0
2020-11-09 00:00:00+09:00,444.4602318010588,448.5811582773981,439.738324871823,447.2933654785156,19276500,0.0,0.0
2020-11-10 00:00:00+09:00,455.87869479630604,461.6308469998102,452.5304122359359,454.0758056640625,29569000,0.0,0.0
2020-11-11 00:00:00+09:00,463.51965700025676,467.89813232421875,460.25720608388883,467.89813232421875,32134000,0.0,0.0
2020-11-12 00:00:00+09:00,467.7264345396617,470.3020206906515,461.4591853856734,465.1508483886719,27019500,0.0,0.0
2020-11-13 00:00:00+09:00,466.09519423578297,466.7820066302979,459.39862928808884,461.80255126953125,21168000,0.0,0.0
2020-11-16 00:00:00+09:00,461.802549458823,465.8375919109369,460.25715607669036,465.2366638183594,23420500,0.0,0.0
2020-11-17 00:00:00+09:00,470.21611915960176,470.30195105841955,460.94402086893894,465.2366638183594,26893500,0.0,0.0
2020-11-18 00:00:00+09:00,461.88843359395077,464.80745208984763,459.9138280939888,462.8327941894531,25079000,0.0,0.0
2020-11-19 00:00:00+09:00,467.554633540348,473.3926696777344,466.0951769064263,473.3926696777344,33101000,0.0,0.0
2020-11-20 00:00:00+09:00,475.19563825505475,475.2814701653881,471.0747109508158,474.6805419921875,18927000,0.0,0.0
2020-11-24 00:00:00+09:00,480.77597096729284,488.6744438275543,480.4325385992901,485.5837097167969,34614000,0.0,0.0
2020-11-25 00:00:00+09:00,490.99248760577166,490.99248760577166,483.351562723333,485.75543212890625,26516500,0.0,0.0
2020-11-26 00:00:00+09:00,482.4929395578502,483.69490022509893,478.45784577541554,480.34661865234375,23468500,0.0,0.0
2020-11-27 00:00:00+09:00,482.664750378944,486.7856768457013,480.6042609453538,485.75543212890625,28262500,0.0,0.0
2020-11-30 00:00:00+09:00,488.1592769994743,488.1592769994743,473.6501770019531,473.6501770019531,73225000,0.0,0.0
2020-12-01 00:00:00+09:00,481.63462331816083,483.09413265678785,476.48345087625535,479.745849609375,16692000,0.0,0.0
2020-12-02 00:00:00+09:00,487.4724314035972,487.7299794521597,481.29101623601383,482.9222412109375,21401000,0.0,0.0
2020-12-03 00:00:00+09:00,489.27551834937225,493.3964455556661,486.44233176963985,492.6237487792969,25161500,0.0,0.0
2020-12-04 00:00:00+09:00,488.2450959186348,492.1943054719517,488.2450959186348,491.4216613769531,12704500,0.0,0.0
2020-12-07 00:00:00+09:00,498.11830639114004,501.809968907293,497.5173258884111,498.3758544921875,26671500,0.0,0.0
2020-12-08 00:00:00+09:00,499.4919678372137,502.15343814440894,496.31540129013877,500.95147705078125,20573500,0.0,0.0
2020-12-09 00:00:00+09:00,503.3553221302082,504.0421345498125,500.1787557390563,501.89581298828125,16863500,0.0,0.0
2020-12-10 00:00:00+09:00,504.471362295543,504.8147946806658,500.4363199726871,503.35528564453125,20422000,0.0,0.0
2020-12-11 00:00:00+09:00,506.10266334800815,508.50653320273824,500.35051063818173,502.6685485839844,17329000,0.0,0.0
2020-12-14 00:00:00+09:00,499.66362547996295,507.47621447145553,498.4616645272294,503.9562683105469,13222500,0.0,0.0
2020-12-15 00:00:00+09:00,502.92603119412814,503.09774739004615,497.94657591506274,499.0626525878906,14241500,0.0,0.0
2020-12-16 00:00:00+09:00,500.1786449539971,502.4108503238334,494.6840944137279,495.8001708984375,16837500,0.0,0.0
2020-12-17 00:00:00+09:00,497.08803699312637,499.66362267702857,496.74460460843613,496.91632080078125,14062500,0.0,0.0
2020-12-18 00:00:00+09:00,500.7797362563708,502.3250773005875,498.03243417752515,501.89581298828125,20429000,0.0,0.0
2020-12-21 00:00:00+09:00,501.6381729749404,503.6127779696924,496.65871834456874,499.4918518066406,11681500,0.0,0.0
2020-12-22 00:00:00+09:00,493.8256083279169,497.088006178538,493.13879600153695,494.5124206542969,11000500,0.0,0.0
2020-12-23 00:00:00+09:00,493.82563661030423,495.4568094288245,490.9066185554842,493.9114685058594,8075500,0.0,0.0
2020-12-24 00:00:00+09:00,496.40118632142355,498.89088751683323,494.42658126287904,497.0021667480469,9485500,0.0,0.0
2020-12-25 00:00:00+09:00,499.49186427519084,501.29480554182004,498.20407154206447,499.8352966308594,5924500,0.0,0.0
2020-12-28 00:00:00+09:00,502.41097179579236,504.0421447753907,500.86563072022506,504.0421447753906,9799500,0.0,0.0
2020-12-29 00:00:00+09:00,503.097675703767,509.9659033584259,502.75424336086667,509.1932067871094,14143500,0.0,0.0
2020-12-30 00:00:00+09:00,508.9356689453125,511.940518604538,506.531799698016,508.9356689453125,15532000,0.0,0.0
2021-01-04 00:00:00+09:00,510.9963545846006,511.33973466591243,503.2695953491493,507.6480712890625,11999500,0.0,0.0
2021-01-05 00:00:00+09:00,504.29984039396413,509.88027761956783,504.1281241530884,507.6480712890625,10998500,0.0,0.0
2021-01-06 00:00:00+09:00,505.5875020526532,509.27916446898104,504.4713729775828,507.1328430175781,10691000,0.0,0.0
2021-01-07 00:00:00+09:00,514.4303550844503,525.7629432494117,513.6576583730375,521.298583984375,23319500,0.0,0.0
2021-01-08 00:00:00+09:00,522.6722412224955,530.9141478538593,521.470332530718,530.742431640625,21551500,0.0,0.0
2021-01-12 00:00:00+09:00,524.560930662315,535.3783691560659,522.1570612637506,533.3179321289062,18731500,0.0,0.0
2021-01-13 00:00:00+09:00,535.0349778835765,539.8427165791517,532.1159599895634,538.6408081054688,16599000,0.0,0.0
2021-01-14 00:00:00+09:00,535.0349778835765,545.5090361851028,534.6915455194262,538.6408081054688,14175500,0.0,0.0
2021-01-15 00:00:00+09:00,538.2974038273207,542.5900466010632,536.5803467178237,538.8125,12758000,0.0,0.0
2021-01-18 00:00:00+09:00,535.3784141512164,536.4086589515931,530.7423911501618,532.6311645507812,8479500,0.0,0.0
2021-01-19 00:00:00+09:00,531.6008748420886,534.6915565816986,528.3384769168508,530.9140625,10529000,0.0,0.0
2021-01-20 00:00:00+09:00,533.3179888340735,535.7218584882299,527.4800047024285,534.5198974609375,13267000,0.0,0.0
2021-01-21 00:00:00+09:00,535.7218466079273,541.3881144099556,534.8633180075941,537.4389038085938,15584000,0.0,0.0
2021-01-22 00:00:00+09:00,536.5803387169723,540.7012652382339,536.0652425519734,539.6710205078125,13024000,0.0,0.0
2021-01-25 00:00:00+09:00,537.9540000086228,539.6710572092892,535.0350342077462,537.4389038085938,8150000,0.0,0.0
2021-01-26 00:00:00+09:00,530.7423624010188,534.8632889788771,527.9950605489718,529.197021484375,12723500,0.0,0.0
2021-01-27 00:00:00+09:00,529.1970619662844,534.8633298942383,528.3385333468716,532.1160278320312,14480500,0.0,0.0
2021-01-28 00:00:00+09:00,521.9853563262195,529.1970170777382,520.6117316118465,527.9950561523438,20210000,0.0,0.0
2021-01-29 00:00:00+09:00,523.1872577810531,524.0457862300535,513.4000125022806,514.6878051757812,22176000,0.0,0.0
2021-02-01 00:00:00+09:00,509.0216407120539,513.4001157220875,505.673358127608,511.7688903808594,15540500,0.0,0.0
2021-02-02 00:00:00+09:00,510.30943797540164,513.2284038733875,507.0469872652572,510.5669860839844,15041000,0.0,0.0
2021-02-03 00:00:00+09:00,514.2586099852496,516.1473833066827,512.4557209604964,513.829345703125,14899000,0.0,0.0
2021-02-04 00:00:00+09:00,521.4704015188145,523.7025553848697,505.75928293691777,511.5973205566406,29191000,0.0,0.0
2021-02-05 00:00:00+09:00,529.5404830559195,529.5404830559195,511.8548130841182,517.349365234375,32497000,0.0,0.0
2021-02-08 00:00:00+09:00,521.4703165515973,537.4389282848738,521.1268841356524,532.45947265625,31129500,0.0,0.0
2021-02-09 00:00:00+09:00,539.155985400328,543.6203448041108,534.8633422044654,537.2672119140625,27118500,0.0,0.0
2021-02-10 00:00:00+09:00,535.2067219903959,542.2466142189941,532.8028001167604,538.8125,14608500,0.0,0.0
2021-02-12 00:00:00+09:00,540.3579590646128,540.8730552999642,533.661393602459,535.206787109375,16520500,0.0,0.0
2021-02-15 00:00:00+09:00,536.4087036296868,540.186250745562,535.5501749579362,539.156005859375,16843500,0.0,0.0
2021-02-16 00:00:00+09:00,536.4087116006943,548.4281131838104,536.2369953837062,546.36767578125,20586000,0.0,0.0
2021-02-17 00:00:00+09:00,544.4788617707022,551.6904707448904,543.7920493541742,550.6602783203125,18059000,0.0,0.0
2021-02-18 00:00:00+09:00,552.0339441388318,558.5587411809219,541.388167490756,546.36767578125,22121500,0.0,0.0
2021-02-19 00:00:00+09:00,541.0447631817375,551.8622031610146,540.0145183264658,551.3471069335938,23044000,0.0,0.0
2021-02-22 00:00:00+09:00,558.5586141998378,563.1946890024038,556.8415572211719,558.0435180664062,18686000,0.0,0.0
2021-02-24 00:00:00+09:00,553.7508861908584,560.6191142366365,546.7109419638515,547.9129028320312,27639500,0.0,0.0
2021-02-25 00:00:00+09:00,554.9529905567298,557.3568605142516,551.0037269689685,554.6095581054688,19660500,0.0,0.0
2021-02-26 00:00:00+09:00,549.4582879214157,549.4582879214157,541.7315307475208,543.9636840820312,33398500,0.0,0.0
2021-03-01 00:00:00+09:00,555.9830982588018,565.2552490234375,549.9733980819444,565.2552490234375,30677500,0.0,0.0
2021-03-02 00:00:00+09:00,566.8005857728394,569.2044553454953,558.9021122623188,568.8610229492188,33111000,0.0,0.0
2021-03-03 00:00:00+09:00,566.1138101201215,578.6483073912738,565.9420939108392,577.1029663085938,31550500,0.0,0.0
2021-03-04 00:00:00+09:00,566.8004660000753,575.9008461736745,564.9116930205315,574.5272216796875,23667500,0.0,0.0
2021-03-05 00:00:00+09:00,571.0932411971057,573.3253946203745,560.7908978889213,571.6083374023438,27497000,0.0,0.0
2021-03-08 00:00:00+09:00,576.9311608930437,588.6071277128532,574.5272915360738,580.88037109375,26374000,0.0,0.0
2021-03-09 00:00:00+09:00,580.8804203915955,589.6374224498481,579.8502280086228,586.2033081054688,23504500,0.0,0.0
2021-03-10 00:00:00+09:00,586.2033891906003,591.5262776407488,583.2844230343749,590.4960327148438,24282000,0.0,0.0
2021-03-11 00:00:00+09:00,588.6071939369257,591.0111159647823,583.799454682068,584.4862670898438,21933000,0.0,0.0
2021-03-12 00:00:00+09:00,585.3448402077228,596.6774291992188,581.2239130472965,596.6774291992188,30512000,0.0,0.0
2021-03-15 00:00:00+09:00,598.5662066022152,604.0607587178675,594.788659447353,602.6871337890625,15958000,0.0,0.0
2021-03-16 00:00:00+09:00,607.494726310998,614.5346702670903,602.0001755260724,605.2625732421875,21123000,0.0,0.0
2021-03-17 00:00:00+09:00,599.2530186785181,610.242175303138,598.9095862463231,607.494873046875,15630500,0.0,0.0
2021-03-18 00:00:00+09:00,608.8685382812137,611.7875042951623,605.0909912038317,610.4138793945312,18898000,0.0,0.0
2021-03-19 00:00:00+09:00,604.0606124202621,610.9288402017338,596.677288515348,605.2625732421875,45462500,0.0,0.0
2021-03-22 00:00:00+09:00,604.5758506017936,617.282063401744,604.4041344017077,613.5045166015625,20716500,0.0,0.0
2021-03-23 00:00:00+09:00,616.4235385492348,617.9688795585485,604.232421875,604.232421875,20162000,0.0,0.0
2021-03-24 00:00:00+09:00,600.7982656359686,601.656794181433,584.6579394613209,590.83935546875,21984500,0.0,0.0
2021-03-25 00:00:00+09:00,599.0813151610562,606.9797896650731,596.8491615057709,603.0305786132812,17582500,0.0,0.0
2021-03-26 00:00:00+09:00,609.2117760826636,613.3327546233561,604.4040376524142,610.9288330078125,21206500,0.0,0.0
2021-03-29 00:00:00+09:00,618.9991050652849,624.6653727229105,615.7367069472451,620.8878784179688,25924500,0.0,0.0
2021-03-30 00:00:00+09:00,617.9330009075929,624.7120021227149,616.7162339771772,621.757080078125,19893000,8.8,0.0
2021-03-31 00:00:00+09:00,625.059677058104,634.9674319345626,620.0188839055999,623.4953002929688,29767500,0.0,0.0
2021-04-01 00:00:00+09:00,635.4888900135949,635.4888900135949,613.9351202491024,620.192626953125,20454500,0.0,0.0
2021-04-02 00:00:00+09:00,622.973832477043,624.3644309186186,602.4629961384372,609.5896606445312,16671500,0.0,0.0
2021-04-05 00:00:00+09:00,611.3277600260922,624.1904883056737,608.7204480891812,621.9307861328125,16411000,0.0,0.0
2021-04-06 00:00:00+09:00,625.0596598191029,625.233491242858,613.76130687176,615.32568359375,16591500,0.0,0.0
2021-04-07 00:00:00+09:00,618.4544363542146,625.2334905518504,615.1518514901296,624.0167236328125,17715000,0.0,0.0
2021-04-08 00:00:00+09:00,616.5423591637933,619.149670996097,608.8942020189861,614.1088256835938,19510500,0.0,0.0
2021-04-09 00:00:00+09:00,614.4564937214994,617.0638055760462,606.9822209568239,607.503662109375,22036000,0.0,0.0
2021-04-12 00:00:00+09:00,601.4200368591419,611.849286053231,597.9436204611121,606.1132202148438,16685500,0.0,0.0
2021-04-13 00:00:00+09:00,604.8964445354002,614.1089266389858,603.3320677880239,604.201171875,15379500,0.0,0.0
2021-04-14 00:00:00+09:00,605.7654841376182,607.1560293103927,600.8985229870095,604.3749389648438,13406500,0.0,0.0
2021-04-15 00:00:00+09:00,604.5488408363622,608.894361696445,600.7248143070346,601.9415283203125,12943000,0.0,0.0
2021-04-16 00:00:00+09:00,604.5487426488261,606.6346135412535,601.9414305562419,605.4178466796875,11682500,0.0,0.0
2021-04-19 00:00:00+09:00,603.505871495727,605.5916893811263,597.5959215390086,605.2440795898438,12723500,0.0,0.0
2021-04-20 00:00:00+09:00,602.1152589244032,604.0272983918019,593.7718814887181,596.900634765625,15526000,0.0,0.0
2021-04-21 00:00:00+09:00,586.9928379934569,593.076565736166,584.2116947018964,592.0336303710938,18331500,0.0,0.0
2021-04-22 00:00:00+09:00,599.8555786803269,602.462890625,594.6409547909805,602.462890625,15688000,0.0,0.0
2021-04-23 00:00:00+09:00,599.8556339766689,601.7676735215324,595.6839450898135,600.3770751953125,12100000,0.0,0.0
2021-04-26 00:00:00+09:00,600.5508421072111,602.2890500438457,595.3362182973077,596.205322265625,11950500,0.0,0.0
2021-04-27 00:00:00+09:00,591.1645942320877,593.4242435774132,586.4714110737624,587.3405151367188,18074500,0.0,0.0
2021-04-28 00:00:00+09:00,582.299627416875,586.9928098114282,580.3875881803573,584.385498046875,17246500,0.0,0.0
2021-04-30 00:00:00+09:00,585.776117200399,593.4242220680193,583.6902463065477,592.3812866210938,20146000,0.0,0.0
2021-05-06 00:00:00+09:00,604.8964685069685,611.849301478313,600.3771164664134,607.6776123046875,25875000,0.0,0.0
2021-05-07 00:00:00+09:00,607.6775633814794,614.8042272125317,605.2440826466059,609.415771484375,14195500,0.0,0.0
2021-05-10 00:00:00+09:00,610.4586647702148,625.7548738003077,608.5466253799788,619.497314453125,24154000,0.0,0.0
2021-05-11 00:00:00+09:00,626.6240660013589,627.4931701150917,601.2462152711797,605.5917358398438,25505000,0.0,0.0
2021-05-12 00:00:00+09:00,595.8576999088887,598.4650119908341,568.0463710348048,575.1730346679688,40852000,0.0,0.0
2021-05-13 00:00:00+09:00,571.6965016636744,577.2587875195283,566.8295413242193,568.5677490234375,21651000,0.0,0.0
2021-05-14 00:00:00+09:00,570.1322298285419,578.9971013283484,570.1322298285419,573.434814453125,15435000,0.0,0.0
2021-05-17 00:00:00+09:00,577.9541322544586,579.1708990144052,568.7416515150767,572.391845703125,14133500,0.0,0.0
2021-05-18 00:00:00+09:00,574.1300528156039,576.5635863320891,565.7866760461844,574.8253784179688,21371500,0.0,0.0
2021-05-19 00:00:00+09:00,570.3060758656835,573.087219374621,564.396179062879,568.74169921875,18110000,0.0,0.0
2021-05-20 00:00:00+09:00,563.7007748115407,566.6557493239183,560.9196847362358,564.9175415039062,14103500,0.0,0.0
2021-05-21 00:00:00+09:00,566.6559136189101,570.1323302668789,564.9177052949258,567.8726806640625,13514000,0.0,0.0
2021-05-24 00:00:00+09:00,568.2201782769102,577.2588809948339,568.2201782769102,571.6965942382812,15428000,0.0,0.0
2021-05-25 00:00:00+09:00,572.73955081841,572.9133822320871,568.2201992923017,571.0013427734375,16303000,0.0,0.0
2021-05-26 00:00:00+09:00,565.2652531067415,567.3510708433668,562.3102783391505,563.1793823242188,20355000,0.0,0.0
2021-05-27 00:00:00+09:00,562.6578925562478,566.3080865415587,558.3123730062177,564.9175415039062,85391500,0.0,0.0
2021-05-28 00:00:00+09:00,577.9540982968788,581.9519550517031,571.696539555764,578.1279296875,23242500,0.0,0.0
2021-05-31 00:00:00+09:00,565.960480078309,571.1751035685037,563.5269997253968,564.7437133789062,15341500,0.0,0.0
2021-06-01 00:00:00+09:00,568.7416323667472,570.3060088297981,563.8746185367183,566.65576171875,14286500,0.0,0.0
2021-06-02 00:00:00+09:00,570.1321300828314,579.8661038885455,566.3080518944078,577.0849609375,19895000,0.0,0.0
2021-06-03 00:00:00+09:00,577.0850642444753,581.7782471298834,573.4348167831466,575.6945190429688,14816500,0.0,0.0
2021-06-04 00:00:00+09:00,571.1750653202096,577.0849609375,568.5677537497088,577.0849609375,12881500,0.0,0.0
2021-06-07 00:00:00+09:00,577.2588568968625,582.9949217753106,577.2588568968625,581.2567138671875,13419000,0.0,0.0
2021-06-08 00:00:00+09:00,578.4755884645439,585.9499145277688,577.0850433134727,585.080810546875,16286500,0.0,0.0
2021-06-09 00:00:00+09:00,589.2524748128889,592.5550591952865,585.9498904304912,590.29541015625,13568000,0.0,0.0
2021-06-10 00:00:00+09:00,590.2954443698801,590.8168855488359,583.6902221763498,584.559326171875,14362000,0.0,0.0
2021-06-11 00:00:00+09:00,588.383404970545,588.383404970545,579.344702198724,584.559326171875,14687500,0.0,0.0
2021-06-14 00:00:00+09:00,581.7782255569941,585.9499140527228,564.9175871229652,567.69873046875,27717500,0.0,0.0
2021-06-15 00:00:00+09:00,567.5249080544777,575.1730125921272,564.2223234866174,573.956298828125,16979000,0.0,0.0
2021-06-16 00:00:00+09:00,581.4305632179417,586.9928499140208,578.9970826806185,585.080810546875,23466000,0.0,0.0
2021-06-17 00:00:00+09:00,578.8232354020873,581.7782100744503,572.044235146197,574.8253784179688,19078000,0.0,0.0
2021-06-18 00:00:00+09:00,563.5270968069319,572.7395786749973,560.2244589241326,569.9584350585938,27016500,0.0,0.0
2021-06-21 00:00:00+09:00,553.619290786565,555.3574989209027,546.6664582492141,548.2308349609375,23992500,0.0,0.0
2021-06-22 00:00:00+09:00,560.3981910248863,569.6107243060839,558.8338145947638,569.2630615234375,18286500,0.0,0.0
2021-06-23 00:00:00+09:00,566.8296264885608,572.5656915394505,566.8296264885608,567.69873046875,9490500,0.0,0.0
2021-06-24 00:00:00+09:00,563.874609904171,569.7845059218276,561.7887923340004,569.0892333984375,7695500,0.0,0.0
2021-06-25 00:00:00+09:00,573.2609428235355,573.6086056210579,566.30811124025,568.3939819335938,13468000,0.0,0.0
2021-06-28 00:00:00+09:00,567.0034088290466,569.0892263734694,564.0484343337484,565.0913696289062,11123500,0.0,0.0
2021-06-29 00:00:00+09:00,558.486245100714,559.7030119973298,554.1407248212316,557.26953125,15912000,0.0,0.0
2021-06-30 00:00:00+09:00,560.5720210075378,562.6578916063881,556.2265014648438,556.2265014648438,11970500,0.0,0.0
2021-07-01 00:00:00+09:00,559.8768680366072,559.8768680366072,551.3596585234832,556.4004516601562,12687500,0.0,0.0
2021-07-02 00:00:00+09:00,560.2244108216124,564.2223210037646,559.1815284701706,563.0055541992188,11806500,0.0,0.0
2021-07-05 00:00:00+09:00,558.8338933296449,559.8768287786314,556.0527498143141,557.6171264648438,10878500,0.0,0.0
2021-07-06 00:00:00+09:00,560.2243764951918,561.0934804320729,556.0526882073415,560.0505981445312,9336000,0.0,0.0
2021-07-07 00:00:00+09:00,553.6192682654428,557.0956843926983,550.3166835537302,555.7051391601562,13330500,0.0,0.0
2021-07-08 00:00:00+09:00,560.0506356383175,560.0506356383175,554.1406860351562,554.1406860351562,13755500,0.0,0.0
2021-07-09 00:00:00+09:00,551.011953900437,554.8360328430272,542.6685764477494,553.4454345703125,23868500,0.0,0.0
2021-07-12 00:00:00+09:00,564.9175047323406,568.9153612397829,562.3101931720374,564.0484008789062,16061000,0.0,0.0
2021-07-13 00:00:00+09:00,567.0033948725062,569.7844848632812,564.396083221736,569.7844848632812,10832500,0.0,0.0
2021-07-14 00:00:00+09:00,568.9154531767697,574.3039085480175,567.0034668269478,569.6107788085938,13353500,0.0,0.0
2021-07-15 00:00:00+09:00,574.3039431676572,574.3039431676572,565.7867341233674,568.22021484375,11412000,0.0,0.0
2021-07-16 00:00:00+09:00,565.7866421437138,569.9583302784521,563.526993209116,565.0913696289062,9782500,0.0,0.0
2021-07-19 00:00:00+09:00,559.7029543640792,567.3510586592539,558.3124092361917,565.7866821289062,13358500,0.0,0.0
2021-07-20 00:00:00+09:00,559.8768221744484,560.3982633698407,552.4024957497938,557.9647827148438,16705000,0.0,0.0
2021-07-21 00:00:00+09:00,567.3510213675656,570.827437004678,560.3981900933408,560.572021484375,10223500,0.0,0.0
2021-07-26 00:00:00+09:00,570.4798347674167,573.2609248769495,566.4819249046494,568.9154052734375,13878000,0.0,0.0
2021-07-27 00:00:00+09:00,573.4348601298606,576.0421723641999,569.7846123926048,571.8704833984375,12828500,0.0,0.0
2021-07-28 00:00:00+09:00,566.8295811825923,572.0442046469291,566.655749791269,569.2630615234375,9816500,0.0,0.0
2021-07-29 00:00:00+09:00,563.8746429790925,570.1322021484375,563.8746429790925,570.1322021484375,11767500,0.0,0.0
2021-07-30 00:00:00+09:00,569.784532317611,571.1751304747054,561.2673241582537,561.788818359375,15958000,0.0,0.0
2021-08-02 00:00:00+09:00,570.6536589740506,581.4305696751784,568.5678412242793,580.3876342773438,13961000,0.0,0.0
2021-08-03 00:00:00+09:00,578.1279334097267,584.7331019287178,571.6965432365828,582.2996215820312,12583500,0.0,0.0
2021-08-04 00:00:00+09:00,587.5143123934719,587.5143123934719,573.4348167831466,575.6945190429688,20343000,0.0,0.0
2021-08-05 00:00:00+09:00,571.8704465230306,587.5143189203171,571.6966151094364,584.0379028320312,17132500,0.0,0.0
2021-08-06 00:00:00+09:00,585.2546331286651,589.0786587594066,583.1687623876086,587.5142822265625,10584500,0.0,0.0
2021-08-10 00:00:00+09:00,587.5143279844272,588.9048732228348,580.9091585331399,581.6044311523438,13065000,0.0,0.0
2021-08-11 00:00:00+09:00,583.6901344347826,591.8597319830069,583.3425247163649,589.9476928710938,12089500,0.0,0.0
2021-08-12 00:00:00+09:00,594.9885341256605,596.9005733964766,591.5121183772292,592.5550537109375,8205000,0.0,0.0
2021-08-13 00:00:00+09:00,589.9477386433642,595.6838564241518,589.7739072477232,592.7288818359375,9864500,0.0,0.0
2021-08-16 00:00:00+09:00,589.7738940138314,589.9477254055719,580.7352451481537,582.2996215820312,10502500,0.0,0.0
2021-08-17 00:00:00+09:00,587.166643820703,590.4692814722657,584.7331632189453,586.6452026367188,9387500,0.0,0.0
2021-08-18 00:00:00+09:00,589.0786067564662,593.5979575991963,587.5142303617229,589.42626953125,10057000,0.0,0.0
2021-08-19 00:00:00+09:00,584.9070128410781,585.7761168720456,573.0872192382812,573.0872192382812,14802500,0.0,0.0
2021-08-20 00:00:00+09:00,570.6536801346396,571.3490057895781,560.9197575162975,562.310302734375,14612000,0.0,0.0
2021-08-23 00:00:00+09:00,567.8726820454432,571.3490987018686,561.441290012693,565.4391479492188,12593500,0.0,0.0
2021-08-24 00:00:00+09:00,565.265368178086,571.0014344288711,563.5271598541016,567.8726806640625,13532500,0.0,0.0
2021-08-25 00:00:00+09:00,572.2181277643388,574.3039456568926,565.4390737373097,566.1343994140625,8458500,0.0,0.0
2021-08-26 00:00:00+09:00,570.6536185738681,570.6536185738681,564.3961127216647,566.65576171875,9384000,0.0,0.0
2021-08-27 00:00:00+09:00,561.2673241582537,563.3531948709474,559.3552848459337,561.788818359375,8800000,0.0,0.0
2021-08-30 00:00:00+09:00,567.003494277941,573.0872225296532,566.4820000288253,572.9133911132812,12429500,0.0,0.0
2021-08-31 00:00:00+09:00,573.9563751651161,577.4327916033158,568.7417505078167,575.520751953125,20281000,0.0,0.0
2021-09-01 00:00:00+09:00,576.7372552239779,581.4304369197109,573.7823341583448,574.1299438476562,15960000,0.0,0.0
2021-09-02 00:00:00+09:00,575.34682613494,577.4326968740294,570.1322023331127,574.4777221679688,9046500,0.0,0.0
2021-09-03 00:00:00+09:00,574.8253764346694,583.6901943293807,572.9133371265548,581.2567138671875,15121000,0.0,0.0
2021-09-06 00:00:00+09:00,588.5571479056425,592.2073947473149,586.8189401758833,589.9476928710938,12519000,0.0,0.0
2021-09-07 00:00:00+09:00,595.3361724931494,598.2911469764359,590.1215490844503,593.4241333007812,13086500,0.0,0.0
2021-09-08 00:00:00+09:00,590.1216541241307,611.6754241074075,589.9478227037208,609.241943359375,26978000,0.0,0.0
2021-09-09 00:00:00+09:00,605.591779233921,607.6776504747064,598.1175045386069,599.855712890625,17283000,0.0,0.0
2021-09-10 00:00:00+09:00,605.4177137137306,614.4564148679082,601.5936886453391,612.3705444335938,25944500,0.0,0.0
2021-09-13 00:00:00+09:00,611.5015591863453,616.8900146484375,608.8942471607426,616.8900146484375,10759500,0.0,0.0
2021-09-14 00:00:00+09:00,617.9329313331398,621.2355158562611,616.1947233687708,619.844970703125,15720500,0.0,0.0
2021-09-15 00:00:00+09:00,612.5444430095887,619.8449372846968,612.3706116133443,618.802001953125,11856000,0.0,0.0
2021-09-16 00:00:00+09:00,622.6262092744347,623.3214819573318,615.3257134892508,616.54248046875,12124500,0.0,0.0
2021-09-17 00:00:00+09:00,619.149746993553,621.0617334685463,614.1089010623117,618.1068115234375,24396000,0.0,0.0
2021-09-21 00:00:00+09:00,601.7676090595195,608.1989465994349,597.7696989765377,600.5508422851562,21493000,0.0,0.0
2021-09-22 00:00:00+09:00,590.1216095122022,592.9027528908059,574.1300748696538,576.0421142578125,27095000,0.0,0.0
2021-09-24 00:00:00+09:00,588.2096447157005,588.5573075743253,574.9992517765281,577.7803955078125,26029500,0.0,0.0
2021-09-27 00:00:00+09:00,574.825312855098,583.5163514344258,574.825312855098,581.4304809570312,18980000,0.0,0.0
2021-09-28 00:00:00+09:00,583.6901728813614,589.7739003362423,577.4326670787702,588.7310180664062,19530000,0.0,0.0
2021-09-29 00:00:00+09:00,580.7991035878919,585.2057735695906,574.9823207289928,580.2703247070312,19840500,9.4,0.0
2021-09-30 00:00:00+09:00,582.0328899065595,583.6192800613261,577.626220703125,577.626220703125,19669000,0.0,0.0
2021-10-01 00:00:00+09:00,562.8197983470291,566.6976889641911,553.6539582037345,555.4166259765625,23619000,0.0,0.0
2021-10-04 00:00:00+09:00,564.7587576348728,566.1689241634514,552.4200829196624,556.2979736328125,14639500,0.0,0.0
2021-10-05 00:00:00+09:00,550.3049001938317,558.9419615222184,547.1320659273305,555.4166259765625,15657500,0.0,0.0
2021-10-06 00:00:00+09:00,554.8877427251839,566.3450822028643,553.4776301525619,558.58935546875,14601000,0.0,0.0
2021-10-07 00:00:00+09:00,558.7656975146109,566.1689238566668,554.8878068035621,560.8809204101562,13758500,0.0,0.0
2021-10-08 00:00:00+09:00,568.9891357421875,573.572082711543,566.6976891536855,568.9891357421875,15927500,0.0,0.0
2021-10-11 00:00:00+09:00,568.9892277589811,580.9754028320312,567.050335928546,580.9754028320312,11976500,0.0,0.0
2021-10-12 00:00:00+09:00,579.5650634765625,583.2666760552453,575.8635046902239,579.5650634765625,11772500,0.0,0.0
2021-10-13 00:00:00+09:00,571.1043482214577,579.5651318633539,567.4027352059967,574.9822387695312,15260500,0.0,0.0
2021-10-14 00:00:00+09:00,572.8670399006808,577.8024882659608,568.8129254429401,574.4534301757812,11734500,0.0,0.0
2021-10-15 00:00:00+09:00,578.1550469353573,585.7344970703125,577.273713022346,585.7344970703125,12598000,0.0,0.0
2021-10-18 00:00:00+09:00,591.9037787811234,594.1952790148034,586.9683308494783,591.375,11900500,0.0,0.0
2021-10-19 00:00:00+09:00,590.49368793082,592.080078125,585.2056847553201,592.080078125,10300500,0.0,0.0
2021-10-20 00:00:00+09:00,592.608819084035,594.9002652554899,586.96826171875,586.96826171875,9448500,0.0,0.0
2021-10-21 00:00:00+09:00,581.1515758645162,586.2633015561764,574.9822387695312,574.9822387695312,11754500,0.0,0.0
2021-10-22 00:00:00+09:00,568.812950791281,581.1516260466897,567.7553392966321,572.8670654296875,9156000,0.0,0.0
2021-10-25 00:00:00+09:00,567.5790918952673,573.5721522934538,564.4063110351562,564.4063110351562,13623000,0.0,0.0
2021-10-26 00:00:00+09:00,566.5214253064929,573.0433177426635,565.2875901106989,569.8704833984375,11596500,0.0,0.0
2021-10-27 00:00:00+09:00,571.6331074574427,573.572052665101,566.1688806799724,568.4603271484375,11208500,0.0,0.0
2021-10-28 00:00:00+09:00,563.5248458316407,568.1077384975399,556.1216204919883,565.6400146484375,13676000,0.0,0.0
2021-10-29 00:00:00+09:00,566.3451296429629,573.3958006813681,564.0536830724216,571.4569091796875,12002500,0.0,0.0
2021-11-01 00:00:00+09:00,579.9177378066839,585.3820190429688,578.8601263105716,585.3820190429688,14596500,0.0,0.0
2021-11-02 00:00:00+09:00,593.1377130653253,594.195324500881,582.0329274728707,587.1446533203125,20298500,0.0,0.0
2021-11-04 00:00:00+09:00,595.6054332152406,595.6054332152406,584.500647697454,594.01904296875,17258500,0.0,0.0
2021-11-05 00:00:00+09:00,598.4258477527953,598.4258477527953,571.2807685101103,575.6874389648438,24648500,0.0,0.0
2021-11-08 00:00:00+09:00,591.7275808901769,609.8830370662494,587.144634015024,607.944091796875,30644500,0.0,0.0
2021-11-09 00:00:00+09:00,613.0558672216249,613.9372011617321,597.896966485665,601.4223022460938,17476000,0.0,0.0
2021-11-10 00:00:00+09:00,596.8393003821709,599.8358032289119,584.1480712890625,584.1480712890625,14718000,0.0,0.0
2021-11-11 00:00:00+09:00,586.9683618670857,592.4326426609553,584.676915304665,590.8462524414062,9649500,0.0,0.0
2021-11-12 00:00:00+09:00,601.5983953893859,604.5949516521209,594.9002804157166,597.0155029296875,13553000,0.0,0.0
2021-11-15 00:00:00+09:00,598.6019957569478,599.6596071956275,592.9614372788903,595.07666015625,10196500,0.0,0.0
2021-11-16 00:00:00+09:00,598.073129549125,602.1272975376262,594.5477941464368,596.8392944335938,13407500,0.0,0.0
2021-11-17 00:00:00+09:00,594.9002679332236,597.0154904028119,589.9648205606403,590.3173217773438,9791500,0.0,0.0
2021-11-18 00:00:00+09:00,586.968395624869,588.2022846401211,581.1516132212038,584.5006713867188,12627500,0.0,0.0
2021-11-19 00:00:00+09:00,588.5547347203366,598.2494070777293,586.7920670189925,596.8392944335938,16038500,0.0,0.0
2021-11-22 00:00:00+09:00,594.0190370272746,599.3070403242533,593.6664819572022,597.5443725585938,9958000,0.0,0.0
2021-11-24 00:00:00+09:00,604.2425340566273,610.5881492493598,596.134304757844,597.89697265625,12226000,0.0,0.0
2021-11-25 00:00:00+09:00,598.60194494943,610.588063457516,598.60194494943,607.415283203125,10877500,0.0,0.0
2021-11-26 00:00:00+09:00,601.0697178910455,601.7747742503358,587.49715435721,591.7276000976562,15848500,0.0,0.0
2021-11-29 00:00:00+09:00,578.5075508786554,585.2056665085,574.2771054362815,575.334716796875,20063000,0.0,0.0
2021-11-30 00:00:00+09:00,589.9649310014296,590.6699873591642,572.8670319165188,574.6296997070312,30728500,0.0,0.0
2021-12-01 00:00:00+09:00,574.1009011646187,584.1480749499755,573.0432897681733,581.8566284179688,13981000,0.0,0.0
2021-12-02 00:00:00+09:00,578.1550252826047,592.0800898281972,577.4499689370717,589.6123657226562,19088000,0.0,0.0
2021-12-03 00:00:00+09:00,599.3070090728877,603.8899557830913,594.0190060516563,602.6560668945312,20580000,0.0,0.0
2021-12-06 00:00:00+09:00,609.8829708606789,612.3506946663862,597.7205755528511,601.2459106445312,13652500,0.0,0.0
2021-12-07 00:00:00+09:00,600.7172579546865,621.3404959323645,598.6020885418225,619.4015502929688,27001000,0.0,0.0
2021-12-08 00:00:00+09:00,613.9372285055961,617.6388419773816,609.7068361631369,612.174560546875,19022500,0.0,0.0
2021-12-09 00:00:00+09:00,614.8185072228766,615.3473398383738,606.534000836943,608.649169921875,12624500,0.0,0.0
2021-12-10 00:00:00+09:00,616.2286097864227,617.2862211153061,608.6491067563802,609.8829956054688,14636500,0.0,0.0
2021-12-13 00:00:00+09:00,616.0522759903309,616.0522759903309,605.2999937481973,606.3576049804688,10853500,0.0,0.0
2021-12-14 00:00:00+09:00,606.5340221534781,609.7068027885591,600.8934634773849,604.9476318359375,11732500,0.0,0.0
2021-12-15 00:00:00+09:00,605.4763619500121,610.411810050132,604.9475831508386,606.886474609375,10537500,0.0,0.0
2021-12-16 00:00:00+09:00,616.757466113996,616.757466113996,608.8254608384141,614.1134643554688,12469000,0.0,0.0
2021-12-17 00:00:00+09:00,615.8761740186605,618.3438984023986,608.4730008674466,612.174560546875,24336500,0.0,0.0
2021-12-20 00:00:00+09:00,603.537362850802,612.350700666358,600.0120277245796,602.3035278320312,11134500,0.0,0.0
2021-12-21 00:00:00+09:00,609.0017053061341,613.9371534704013,604.4187584151142,611.2931518554688,11274500,0.0,0.0
2021-12-22 00:00:00+09:00,616.9336464422212,618.1675352520436,610.4117549486083,612.5269775390625,7897500,0.0,0.0
2021-12-23 00:00:00+09:00,613.760800873983,620.6351928710938,611.9981335007577,620.6351928710938,8095000,0.0,0.0
2021-12-24 00:00:00+09:00,622.2217920526042,625.2183491120102,616.9337881541402,619.0490112304688,5221000,0.0,0.0
2021-12-27 00:00:00+09:00,621.3404109461507,621.3404109461507,613.4084057000296,615.3473510742188,7609500,0.0,0.0
2021-12-28 00:00:00+09:00,617.1100208370965,621.6929679743288,616.0524093758346,618.6964111328125,10471000,0.0,0.0
2021-12-29 00:00:00+09:00,620.1064743598947,622.7504759057027,617.6387503422771,620.8115844726562,8929000,0.0,0.0
2021-12-30 00:00:00+09:00,623.1030631044202,624.336952073053,616.9337258459607,620.1065063476562,9606000,0.0,0.0
2022-01-04 00:00:00+09:00,625.7470012891979,626.6283350938305,617.4624420087122,625.9232788085938,13866000,0.0,0.0
2022-01-05 00:00:00+09:00,631.0350776947967,634.384135784427,626.2758530779228,632.4451904296875,14858000,0.0,0.0
2022-01-06 00:00:00+09:00,634.9130084708918,638.9671231838051,625.3945586364757,627.1572265625,11977500,0.0,0.0
2022-01-07 00:00:00+09:00,633.3265084913695,635.4417313331361,625.5707810588112,628.2147827148438,11320000,0.0,0.0
2022-01-11 00:00:00+09:00,624.865697220288,625.747031066861,618.1675815032725,621.869140625,13157000,0.0,0.0
2022-01-12 00:00:00+09:00,621.8691932773623,628.567363353847,618.3438575925874,626.62841796875,12867500,0.0,0.0
2022-01-13 00:00:00+09:00,629.2724292119791,640.5534928147314,626.9809824992974,634.3841552734375,14172000,0.0,0.0
2022-01-14 00:00:00+09:00,627.509754192567,628.5673656603511,614.8185241638657,616.4049682617188,23286000,0.0,0.0
2022-01-17 00:00:00+09:00,621.3404090862865,628.0385253126868,619.7540188002815,620.9878540039062,9840500,0.0,0.0
2022-01-18 00:00:00+09:00,625.2183800315803,625.2183800315803,612.527148530691,614.994873046875,12394000,0.0,0.0
2022-01-19 00:00:00+09:00,607.9440584337658,617.9912855012867,607.0627246135392,609.7067260742188,17545000,0.0,0.0
2022-01-20 00:00:00+09:00,622.221780148616,646.5465760992397,618.1676654209641,643.021240234375,40711000,0.0,0.0
2022-01-21 00:00:00+09:00,650.7769521876461,651.6582860590852,638.7907792606626,647.7803955078125,32669500,0.0,0.0
2022-01-24 00:00:00+09:00,647.9565946920861,655.5360435530445,645.8413721394567,649.1904296875,21395000,0.0,0.0
2022-01-25 00:00:00+09:00,642.4923922791774,648.1329505733285,634.9129425017404,647.7803955078125,20079500,0.0,0.0
2022-01-26 00:00:00+09:00,640.3771594707858,647.6041078622028,636.4993227724192,640.024658203125,17989000,0.0,0.0
2022-01-27 00:00:00+09:00,650.2480466087807,652.1869916667995,630.153647353732,630.8587036132812,24144000,0.0,0.0
2022-01-28 00:00:00+09:00,632.7977392470253,643.5500235693032,627.8622909313989,640.553466796875,19135000,0.0,0.0
2022-01-31 00:00:00+09:00,642.4922882989767,648.8379019048424,637.9093421507214,646.3701782226562,14484500,0.0,0.0
2022-02-01 00:00:00+09:00,645.1363779644669,651.6582699690255,642.3160988870267,648.1329345703125,15389500,0.0,0.0
2022-02-02 00:00:00+09:00,642.66854431464,659.766385806364,641.9634881136388,655.8885498046875,21745500,0.0,0.0
2022-02-03 00:00:00+09:00,655.0073756338364,670.5188310030718,645.4889801212441,647.2516479492188,28455000,0.0,0.0
2022-02-04 00:00:00+09:00,659.5903663351016,660.8242016208119,645.3127452264778,653.2447509765625,21395500,0.0,0.0
2022-02-07 00:00:00+09:00,650.9532464611239,656.4175278145912,647.6041881452428,655.5361938476562,17489000,0.0,0.0
2022-02-08 00:00:00+09:00,659.9428348077612,672.1052322608475,659.5903335118242,667.5223388671875,22777000,0.0,0.0
2022-02-09 00:00:00+09:00,671.5764101192783,682.1524165778496,669.1086860374152,675.1017456054688,20933500,0.0,0.0
2022-02-10 00:00:00+09:00,681.4472576500082,685.1488701117157,675.4541989841848,681.62353515625,16845500,0.0,0.0
2022-02-14 00:00:00+09:00,676.159293772769,678.9795726564281,671.0475685543313,676.3355712890625,17920500,0.0,0.0
2022-02-15 00:00:00+09:00,669.990053549843,676.5118922513531,667.1697742608114,668.7561645507812,15515500,0.0,0.0
2022-02-16 00:00:00+09:00,672.4577302617178,675.8067881467531,669.1086723766823,669.637451171875,16087500,0.0,0.0
2022-02-17 00:00:00+09:00,673.5154180761726,680.7423672539124,672.4578065734182,678.4508666992188,17599000,0.0,0.0
2022-02-18 00:00:00+09:00,673.3390662557749,681.2710709629765,673.3390662557749,677.5694580078125,12538000,0.0,0.0
2022-02-21 00:00:00+09:00,669.9899809978606,676.5118189931328,667.6984807895102,675.8067626953125,9520500,0.0,0.0
2022-02-22 00:00:00+09:00,666.6409737233535,670.1663092717745,660.2953589777253,668.0510864257812,15405000,0.0,0.0
2022-02-24 00:00:00+09:00,657.4751117997382,663.4681717654473,647.7804385694471,653.7734985351562,23699000,0.0,0.0
2022-02-25 00:00:00+09:00,652.3633112751153,665.407041191661,652.1870337507671,662.0579833984375,18336000,0.0,0.0
2022-02-28 00:00:00+09:00,661.5292083393776,663.8207087704333,646.0177531104205,659.7665405273438,31524000,0.0,0.0
2022-03-01 00:00:00+09:00,666.8171952350151,674.5729764494635,663.6444147689963,669.2849731445312,18912000,0.0,0.0
2022-03-02 00:00:00+09:00,665.7596557990425,673.691660973174,662.2343201660951,667.6985473632812,17900500,0.0,0.0
2022-03-03 00:00:00+09:00,678.274593685857,690.7895466687041,677.217035968386,688.6743774414062,18554500,0.0,0.0
2022-03-04 00:00:00+09:00,687.0878492111297,693.609741230106,675.8067866687795,684.44384765625,20254000,0.0,0.0
2022-03-07 00:00:00+09:00,694.8436617622643,706.8297811729446,694.491106688629,702.070556640625,31416000,0.0,0.0
2022-03-08 00:00:00+09:00,701.8943167005843,704.3620407820366,674.5729666871576,679.6846923828125,38746000,0.0,0.0
2022-03-09 00:00:00+09:00,678.62708930665,685.148981551992,668.0510827200528,670.342529296875,27976500,0.0,0.0
2022-03-10 00:00:00+09:00,670.3424826967802,692.1996044901904,670.1662589664684,689.5556030273438,30831500,0.0,0.0
2022-03-11 00:00:00+09:00,688.674346165279,695.9012412707824,686.559123241688,689.203125,21628000,0.0,0.0
2022-03-14 00:00:00+09:00,689.0266995938814,693.7859232544646,685.1488634559452,686.2064208984375,17408500,0.0,0.0
2022-03-15 00:00:00+09:00,690.260683352395,690.260683352395,680.3897334557075,684.44384765625,16972000,0.0,0.0
2022-03-16 00:00:00+09:00,686.3827676061715,696.7824959138329,681.6235972580963,690.6131591796875,22282000,0.0,0.0
2022-03-17 00:00:00+09:00,698.7215609251459,707.5349006285215,690.613277639569,701.0130615234375,24211500,0.0,0.0
2022-03-18 00:00:00+09:00,701.541748046875,707.8873625565227,699.6028028088786,701.541748046875,26360500,0.0,0.0
2022-03-22 00:00:00+09:00,710.3550556955119,728.158009537169,709.6499994011817,720.4022827148438,30374000,0.0,0.0
2022-03-23 00:00:00+09:00,723.398817484615,733.0934898904069,711.5889761020602,728.8630981445312,24401500,0.0,0.0
2022-03-24 00:00:00+09:00,728.1581046719476,736.4426113493149,725.8666041755534,732.2122192382812,18737500,0.0,0.0
2022-03-25 00:00:00+09:00,743.6694706523359,747.8998622531599,738.7340227500993,744.1983032226562,16557500,0.0,0.0
2022-03-28 00:00:00+09:00,745.7846733310405,748.9574534984098,734.3273339154846,737.6763916015625,14139000,0.0,0.0
2022-03-29 00:00:00+09:00,747.0185779380513,747.0185779380513,736.6188488740005,746.6660766601562,19510000,0.0,0.0
2022-03-30 00:00:00+09:00,745.4136238305688,752.5707396530332,733.9622494355176,743.8032836914062,22661000,12.6,0.0
2022-03-31 00:00:00+09:00,743.803329434749,756.1493440668788,737.1829750500384,741.4772338867188,22352500,0.0,0.0
2022-04-01 00:00:00+09:00,741.2982225598095,744.6978961356353,728.7732703251698,739.8668212890625,17925000,0.0,0.0
2022-04-04 00:00:00+09:00,746.6660863368238,747.9186034475392,739.1511474859124,743.8032836914062,14009000,0.0,0.0
2022-04-05 00:00:00+09:00,743.4453565850763,751.1392337404436,729.4890035017961,734.4989624023438,19715000,0.0,0.0
2022-04-06 00:00:00+09:00,732.3517888477842,734.4989452432617,724.1211500755167,725.5525512695312,16844000,0.0,0.0
2022-04-07 00:00:00+09:00,715.7115123269654,721.0793486694175,703.3654996602162,718.2164916992188,20635000,0.0,0.0
2022-04-08 00:00:00+09:00,728.9521514801421,729.1310902759473,700.1447526980421,707.8386840820312,27387500,0.0,0.0
2022-04-11 00:00:00+09:00,707.3019862793323,712.6698234267225,704.2602446584891,710.70166015625,15831000,0.0,0.0
2022-04-12 00:00:00+09:00,706.0494245551783,710.1647439484668,700.1447717595777,705.15478515625,15239000,0.0,0.0
2022-04-13 00:00:00+09:00,709.0912457988215,717.5008789399019,703.3655857619782,713.3855590820312,20466000,0.0,0.0
2022-04-14 00:00:00+09:00,714.8169328894513,725.3736676607941,714.4590552614901,720.3637084960938,13277500,0.0,0.0
2022-04-15 00:00:00+09:00,707.8386552718988,719.4689666679594,707.4807776948547,715.5325317382812,10493500,0.0,0.0
2022-04-18 00:00:00+09:00,705.3336856963886,713.9222016184383,701.7551282947924,710.5225830078125,10829000,0.0,0.0
2022-04-19 00:00:00+09:00,718.0375471953114,718.2164859928624,707.3018745957037,710.8804321289062,13968500,0.0,0.0
2022-04-20 00:00:00+09:00,721.4373168945312,726.0893986254885,717.6798200619058,721.4373168945312,19215500,0.0,0.0
2022-04-21 00:00:00+09:00,714.2801279938611,719.469025659746,710.5226315446148,716.248291015625,17405500,0.0,0.0
2022-04-22 00:00:00+09:00,714.9958224254653,718.2165024373072,708.7333465989739,711.0593872070312,12211000,0.0,0.0
2022-04-25 00:00:00+09:00,698.5345204824241,707.6598544313825,697.9977586166758,704.7969970703125,14896500,0.0,0.0
2022-04-26 00:00:00+09:00,702.4709573514453,704.6180594224832,693.5245622109645,693.8823852539062,19486000,0.0,0.0
2022-04-27 00:00:00+09:00,682.0732008217091,687.7988610620104,676.52642480418,679.3892822265625,47722500,0.0,0.0
2022-04-28 00:00:00+09:00,693.5245217354612,705.1548347393175,689.0513244262858,703.5444946289062,24514500,0.0,0.0
2022-05-02 00:00:00+09:00,703.5444365522831,706.5861777087553,697.6397838289167,700.6815795898438,14906000,0.0,0.0
2022-05-06 00:00:00+09:00,697.8187555936711,713.9222653381404,696.0294767331745,709.8069458007812,25478000,0.0,0.0
2022-05-09 00:00:00+09:00,702.8287704414322,707.8387844118308,692.2720352460543,693.7034912109375,16804500,0.0,0.0
2022-05-10 00:00:00+09:00,674.558170571534,677.5999666572748,654.5182242989774,660.7807006835938,39149000,0.0,0.0
2022-05-11 00:00:00+09:00,640.5619430434687,643.9615625465491,630.5419687677054,636.0887451171875,30403500,0.0,0.0
2022-05-12 00:00:00+09:00,633.9414548307037,646.4664063878795,623.5636596679688,623.5636596679688,27395500,0.0,0.0
2022-05-13 00:00:00+09:00,630.7208219940983,639.6672166323125,628.7526042527993,633.5836791992188,19500500,0.0,0.0
2022-05-16 00:00:00+09:00,642.1721325671865,650.2238869436043,631.973276453063,632.1521606445312,18182000,0.0,0.0
2022-05-17 00:00:00+09:00,634.6572495000058,641.8143651206229,634.6572495000058,637.8779296875,11929000,0.0,0.0
2022-05-18 00:00:00+09:00,645.2140200701444,654.6971769540697,644.4983193890964,652.9078979492188,21592500,0.0,0.0
2022-05-19 00:00:00+09:00,635.1940858130362,640.7408619903247,631.6155275831036,638.7726440429688,20167000,0.0,0.0
2022-05-20 00:00:00+09:00,645.3929338886965,655.2339680341304,640.7407977354176,650.4028930664062,18771000,0.0,0.0
2022-05-23 00:00:00+09:00,653.2656674284218,658.0966871789528,650.0449329902816,653.8024291992188,11426500,0.0,0.0
2022-05-24 00:00:00+09:00,661.4963570139599,667.7588324618978,657.3809832426435,658.8124389648438,16884000,0.0,0.0
2022-05-25 00:00:00+09:00,668.6535489535463,669.3692495949898,661.3174945187176,666.3274536132812,16781500,0.0,0.0
2022-05-26 00:00:00+09:00,669.1902618841248,675.8106151937443,659.8859904118684,660.6017456054688,16695500,0.0,0.0
2022-05-27 00:00:00+09:00,669.1903104405825,669.1903104405825,655.5917798422885,657.5599975585938,13871000,0.0,0.0
2022-05-30 00:00:00+09:00,667.937751201757,668.6535064021105,658.6335342461704,665.7906494140625,39469500,0.0,0.0
2022-05-31 00:00:00+09:00,670.8006448890605,671.6952843339925,658.9913932950676,661.1385498046875,43623500,0.0,0.0
2022-06-01 00:00:00+09:00,664.8960323188309,672.9477871527671,662.3910528469421,671.1585083007812,12843000,0.0,0.0
2022-06-02 00:00:00+09:00,678.1367350563776,678.4946126950256,667.9378230039827,669.5482177734375,12138000,0.0,0.0
2022-06-03 00:00:00+09:00,679.7470084638745,679.7470084638745,665.9695944003761,670.9795532226562,13400000,0.0,0.0
2022-06-06 00:00:00+09:00,660.6018349565081,669.0114135742188,659.3493178027506,669.0114135742188,14009500,0.0,0.0
2022-06-07 00:00:00+09:00,664.7171297418992,668.8324494839815,664.0014290829882,666.5064086914062,19820000,0.0,0.0
2022-06-08 00:00:00+09:00,672.7688711572063,695.6716193973701,672.2321093251943,694.061279296875,28233000,0.0,0.0
2022-06-09 00:00:00+09:00,686.1885087891173,699.0713396616238,686.1885087891173,695.3138427734375,17574000,0.0,0.0
2022-06-10 00:00:00+09:00,695.1348211684978,701.0394194293049,687.2620052859363,687.7987670898438,21281500,0.0,0.0
2022-06-13 00:00:00+09:00,677.2420955642187,682.6099325171716,667.5799999697958,669.5482177734375,14657000,0.0,0.0
2022-06-14 00:00:00+09:00,657.0232003574074,672.5898932294995,656.6653227539063,670.9795532226562,19434000,0.0,0.0
2022-06-15 00:00:00+09:00,672.7688477364152,674.558126586778,662.3910522460938,662.3910522460938,17903000,0.0,0.0
2022-06-16 00:00:00+09:00,668.4747690176767,674.5583078225026,662.2122913588471,663.8226318359375,13606000,0.0,0.0
2022-06-17 00:00:00+09:00,645.929750455551,657.2021868627126,643.4247706544556,653.9815063476562,22811000,0.0,0.0
2022-06-20 00:00:00+09:00,658.2758052327972,661.6754247840211,647.3611912172107,648.6137084960938,15554000,0.0,0.0
2022-06-21 00:00:00+09:00,656.3073908765479,665.4327229666405,650.5817319252092,665.2537841796875,19156000,0.0,0.0
2022-06-22 00:00:00+09:00,677.7788725625118,679.0313897213057,659.1703816306991,659.5282592773438,20887000,0.0,0.0
2022-06-23 00:00:00+09:00,659.5281481535878,666.5063242517084,648.4345982303016,650.223876953125,14157500,0.0,0.0
2022-06-24 00:00:00+09:00,646.8243221563192,647.7189616060513,636.6254105875896,647.361083984375,12817500,0.0,0.0
2022-06-27 00:00:00+09:00,657.7389722145842,658.2757340735288,646.6454205577264,655.0550537109375,11690500,0.0,0.0
2022-06-28 00:00:00+09:00,657.5599947842685,669.1903076171875,656.4864165249535,669.1903076171875,13166000,0.0,0.0
2022-06-29 00:00:00+09:00,664.8960306556469,675.9895267475354,664.8960306556469,669.72705078125,40182000,0.0,0.0
2022-06-30 00:00:00+09:00,662.0331380774309,670.8005930391871,654.8760230711885,656.1285400390625,21602500,0.0,0.0
2022-07-01 00:00:00+09:00,668.6535718221086,671.1585514550629,656.3075032660106,660.7807006835938,26508500,0.0,0.0
2022-07-04 00:00:00+09:00,664.3592546115326,676.1685066436336,664.3592546115326,674.5581665039062,11066500,0.0,0.0
2022-07-05 00:00:00+09:00,682.9677438993403,683.5045057007785,676.8841522592766,679.7470092773438,10962000,0.0,0.0
2022-07-06 00:00:00+09:00,670.4428581307685,674.7371167777801,660.2439460652124,667.4010620117188,16639500,0.0,0.0
2022-07-07 00:00:00+09:00,670.800696327177,679.3892684197843,667.7589547438376,678.49462890625,15396500,0.0,0.0
2022-07-08 00:00:00+09:00,679.5681290721784,688.8724015320579,676.8842106246509,680.4627685546875,19905000,0.0,0.0
2022-07-11 00:00:00+09:00,692.9877368114686,695.6716553190334,688.5145392988604,691.5563354492188,12957000,0.0,0.0
2022-07-12 00:00:00+09:00,688.514450416058,690.1248449962748,676.7052541908336,678.8523559570312,11993000,0.0,0.0
2022-07-13 00:00:00+09:00,673.8425105802116,676.5264291927687,670.4428912585322,674.3792724609375,9323000,0.0,0.0
2022-07-14 00:00:00+09:00,672.768901334851,676.1685205004912,666.8643025000265,675.4528198242188,7230500,0.0,0.0
2022-07-15 00:00:00+09:00,679.9259774859113,683.6834740718567,673.305623758081,682.9677734375,12121000,0.0,0.0
2022-07-19 00:00:00+09:00,691.5563297919101,695.8505884479922,684.3992138302862,686.367431640625,11003500,0.0,0.0
2022-07-20 00:00:00+09:00,698.8923981292313,704.7969970703125,694.0613229196467,704.7969970703125,15763000,0.0,0.0
2022-07-21 00:00:00+09:00,700.144784868482,701.0394242841609,692.0930301273725,697.281982421875,14555000,0.0,0.0
2022-07-22 00:00:00+09:00,690.4827562432965,696.0295320727378,689.0513548828751,693.7034912109375,10325500,0.0,0.0
2022-07-25 00:00:00+09:00,691.7351847369202,696.5662046625642,689.9459059634696,691.9141235351562,7136000,0.0,0.0
2022-07-26 00:00:00+09:00,691.7352084767114,697.1030449812831,690.8405690592828,692.9876708984375,8775000,0.0,0.0
2022-07-27 00:00:00+09:00,689.2302751439748,694.7769962195883,689.0513363276253,694.240234375,10185500,0.0,0.0
2022-07-28 00:00:00+09:00,695.3137995736612,697.460901516038,689.767023998051,691.1984252929688,11976000,0.0,0.0
2022-07-29 00:00:00+09:00,695.3137872706216,698.5344674294289,689.7670117931572,691.7352294921875,11809000,0.0,0.0
2022-08-01 00:00:00+09:00,695.1348843731457,706.7651977539062,694.0613060632603,706.7651977539062,10790500,0.0,0.0
2022-08-02 00:00:00+09:00,694.2401607163247,695.6715618863291,683.3255493305637,683.8623657226562,16629500,0.0,0.0
2022-08-03 00:00:00+09:00,675.9894983931922,682.9677292893457,671.516301462045,680.99951171875,19643000,0.0,0.0
2022-08-04 00:00:00+09:00,681.7153012231497,681.8942400446256,671.3375048310912,674.0214233398438,13524000,0.0,0.0
2022-08-05 00:00:00+09:00,683.3256722883838,695.1349251814714,672.411058938644,681.71533203125,28383500,0.0,0.0
2022-08-08 00:00:00+09:00,680.6417972659478,687.2621521526648,678.136817304976,683.68359375,15021000,0.0,0.0
2022-08-09 00:00:00+09:00,679.0313679891171,682.4309871055882,660.7807006835938,660.7807006835938,16904500,0.0,0.0
2022-08-10 00:00:00+09:00,662.3909753692741,665.9695326546738,659.3491798349039,660.0648803710938,12151000,0.0,0.0
2022-08-12 00:00:00+09:00,670.9795510628277,682.7888020824246,666.3274152545675,682.60986328125,20407500,0.0,0.0
2022-08-15 00:00:00+09:00,682.9677817292959,687.4409790039062,680.9995640075755,687.4409790039062,7756500,0.0,0.0
2022-08-16 00:00:00+09:00,684.9359789941733,685.1149178149705,680.2838972802152,683.5045776367188,7104500,0.0,0.0
2022-08-17 00:00:00+09:00,686.3673994413464,695.3137939736777,686.188460629808,694.7769775390625,11688000,0.0,0.0
2022-08-18 00:00:00+09:00,691.7352489758279,692.0930720010748,685.8305957124244,689.0513305664062,8271500,0.0,0.0
2022-08-19 00:00:00+09:00,691.5563021358367,694.2402205141129,688.6934449447836,693.3455810546875,10727500,0.0,0.0
2022-08-22 00:00:00+09:00,689.588050684363,698.5344448411514,689.2302276807653,697.281982421875,12357500,0.0,0.0
2022-08-23 00:00:00+09:00,695.6716775802295,696.0295552344747,687.0831599229776,688.15673828125,10537500,0.0,0.0
2022-08-24 00:00:00+09:00,688.6934318970912,694.2402073613337,687.2620306309129,690.3037719726562,10656000,0.0,0.0
2022-08-25 00:00:00+09:00,692.0930826202291,694.7770010708316,691.0195589235567,692.808837890625,8961500,0.0,0.0
2022-08-26 00:00:00+09:00,697.460908991299,704.081262911283,696.0295076810396,697.8187866210938,9804000,0.0,0.0
2022-08-29 00:00:00+09:00,685.2938370884941,689.9459732742166,684.220258798795,686.1884765625,12055000,0.0,0.0
2022-08-30 00:00:00+09:00,690.3037802728968,694.7769775390625,687.2620388945795,694.7769775390625,9211000,0.0,0.0
2022-08-31 00:00:00+09:00,694.5981045786493,695.3138052319324,686.3674105547445,687.619873046875,19497500,0.0,0.0
2022-09-01 00:00:00+09:00,678.673512074661,679.5681515868102,659.5282592773438,659.5282592773438,24824000,0.0,0.0
2022-09-02 00:00:00+09:00,666.1484479125053,667.2220260690999,652.0131568966276,658.9913330078125,16715500,0.0,0.0
2022-09-05 00:00:00+09:00,662.9279002518686,665.0750569932554,660.2439816273671,664.8961181640625,9413500,0.0,0.0
2022-09-06 00:00:00+09:00,665.2539610071866,665.9697163452498,659.7072393684575,662.2122192382812,8254500,0.0,0.0
2022-09-07 00:00:00+09:00,663.8224902671456,666.6853475072489,658.2757146027814,666.5064086914062,13573000,0.0,0.0
2022-09-08 00:00:00+09:00,671.6953494911307,679.3892822265625,667.9378525370328,679.3892822265625,18479500,0.0,0.0
2022-09-09 00:00:00+09:00,683.3256201416131,684.2202596166884,676.705320788732,684.0413208007812,18972000,0.0,0.0
2022-09-12 00:00:00+09:00,690.3037635641422,690.4827023713494,682.0731244771865,685.83056640625,6891500,0.0,0.0
2022-09-13 00:00:00+09:00,688.1567000795302,692.2720198525793,685.8306046649916,691.3773803710938,8546000,0.0,0.0
2022-09-14 00:00:00+09:00,679.0312831379779,684.0412417778467,675.2737868558493,677.2420043945312,13808500,0.0,0.0
2022-09-15 00:00:00+09:00,674.5581916753949,678.3156885446118,672.5899738291896,677.0631713867188,8490500,0.0,0.0
2022-09-16 00:00:00+09:00,671.158528835835,676.8841885747001,670.2638893824693,675.0949096679688,16655000,0.0,0.0
2022-09-20 00:00:00+09:00,679.5681453072613,683.8624586094662,677.7788662994966,680.6417236328125,9425500,0.0,0.0
2022-09-21 00:00:00+09:00,673.4845544727317,676.3474115802061,667.5799560546875,667.5799560546875,12415000,0.0,0.0
2022-09-22 00:00:00+09:00,667.4010530752213,675.9895702542442,666.5064135938871,673.8424682617188,11558000,0.0,0.0
2022-09-26 00:00:00+09:00,662.2121900048563,662.570013053626,643.6036987304688,643.6036987304688,19710500,0.0,0.0
2022-09-27 00:00:00+09:00,644.4981946271399,652.7288327725979,642.3510383951805,647.003173828125,14696000,0.0,0.0
2022-09-28 00:00:00+09:00,641.4564564759606,646.1085923252689,632.1521847773442,638.9514770507812,19639500,0.0,0.0
2022-09-29 00:00:00+09:00,646.9702754696331,655.7180203278524,644.2365982493388,653.8955688476562,16164000,13.0,0.0
2022-09-30 00:00:00+09:00,647.8815102095288,653.1666084521524,637.3113137242814,638.040283203125,21102500,0.0,0.0
2022-10-03 00:00:00+09:00,641.6852248517822,649.1572875976562,633.848649536135,649.1572875976562,12091500,0.0,0.0
2022-10-04 00:00:00+09:00,681.4146385322261,703.6485701819937,678.3165041986085,703.2840576171875,35586000,0.0,0.0
2022-10-05 00:00:00+09:00,715.8589866370887,720.2329150952041,701.0971727497865,704.3775634765625,25865000,0.0,0.0
2022-10-06 00:00:00+09:00,703.830820769575,714.5832739426526,703.4663082077182,706.928955078125,15484500,0.0,0.0
2022-10-07 00:00:00+09:00,695.9941882856288,706.7466405728808,695.4474751046919,701.643798828125,13001500,0.0,0.0
2022-10-11 00:00:00+09:00,694.5362763033996,701.097112812875,689.797891290067,690.3446044921875,16374000,0.0,0.0
2022-10-12 00:00:00+09:00,688.8867134409146,691.9849034464997,682.872645332202,689.0689697265625,12464000,0.0,0.0
2022-10-13 00:00:00+09:00,685.6062783502381,688.3399556074291,681.050149588253,681.5968627929688,14473000,0.0,0.0
2022-10-14 00:00:00+09:00,697.8167201547406,713.1253027705691,697.2700069107793,711.485107421875,25283500,0.0,0.0
2022-10-17 00:00:00+09:00,698.1811148551052,699.2745967752262,688.704345703125,688.704345703125,19600000,0.0,0.0
2022-10-18 00:00:00+09:00,697.2699266308547,699.2746343225851,693.9894806943493,698.18115234375,13182500,0.0,0.0
2022-10-19 00:00:00+09:00,696.1764998486009,705.2887577000223,695.4475303438487,701.8261108398438,10960000,0.0,0.0
2022-10-20 00:00:00+09:00,697.0877568687844,707.4757535315924,696.3587873313686,704.3775634765625,14114500,0.0,0.0
2022-10-21 00:00:00+09:00,697.0876597738819,701.2792757427945,691.4380493164062,691.4380493164062,14038500,0.0,0.0
2022-10-24 00:00:00+09:00,703.1017297436199,708.2046270472761,702.0083033941537,703.6484985351562,14795500,0.0,0.0
2022-10-25 00:00:00+09:00,708.2046295232119,714.2186969335145,705.6532086708654,712.2139892578125,13510500,0.0,0.0
2022-10-26 00:00:00+09:00,714.5832094624797,715.3121789036068,710.0270809344313,712.2139892578125,11392500,0.0,0.0
2022-10-27 00:00:00+09:00,712.7608202615496,713.3075334859116,701.6438545594538,701.8261108398438,15009500,0.0,0.0
2022-10-28 00:00:00+09:00,701.2792970287595,702.3727790241716,695.0829732104971,697.816650390625,32120500,0.0,0.0
2022-10-31 00:00:00+09:00,702.1905784024945,706.9289636802501,695.2652845774115,701.4616088867188,18520000,0.0,0.0
2022-11-01 00:00:00+09:00,711.8496728013023,727.7049698372508,709.662708429606,725.7003173828125,20753000,0.0,0.0
2022-11-02 00:00:00+09:00,728.9806276872085,738.8218550376242,727.1581761179906,731.3497924804688,25090500,0.0,0.0
2022-11-04 00:00:00+09:00,738.0928480053736,741.9200072295033,725.7002002115117,732.4432373046875,32422500,0.0,0.0
2022-11-07 00:00:00+09:00,751.7613241160972,762.3315216993684,742.1023523802394,747.387451171875,20849500,0.0,0.0
2022-11-08 00:00:00+09:00,756.317371741684,767.6165932770774,751.5789867230737,763.607177734375,24989000,0.0,0.0
2022-11-09 00:00:00+09:00,762.1492784052991,768.163346415207,760.6912837608788,764.1539306640625,15918500,0.0,0.0
2022-11-10 00:00:00+09:00,762.8781763318003,773.0839154178158,761.2379811754487,767.9810180664062,17349000,0.0,0.0
2022-11-11 00:00:00+09:00,782.5606613533029,783.1074301722523,775.4531116414079,777.6400756835938,21363000,0.0,0.0
2022-11-14 00:00:00+09:00,768.1633406875894,772.1727564088387,764.8829500915188,767.798828125,13015000,0.0,0.0
2022-11-15 00:00:00+09:00,763.0605042017584,769.9857980081257,763.0605042017584,764.1539306640625,14480000,0.0,0.0
2022-11-16 00:00:00+09:00,767.2520327803792,774.5418383174849,765.7940939196791,768.5277709960938,14130000,0.0,0.0
2022-11-17 00:00:00+09:00,766.8875416099401,767.2520541436658,757.9575407017,760.8734741210938,12387000,0.0,0.0
2022-11-18 00:00:00+09:00,764.153835131244,766.1585427561922,758.5042803929381,759.9622192382812,16372500,0.0,0.0
2022-11-21 00:00:00+09:00,759.9622692552146,774.5418811354104,759.4155560564294,767.2520751953125,13101500,0.0,0.0
2022-11-22 00:00:00+09:00,771.079293952466,788.3925843965135,771.079293952466,781.2850341796875,17890500,0.0,0.0
2022-11-24 00:00:00+09:00,792.5841378445666,804.4300724692885,788.9392348831137,802.2431640625,21544000,0.0,0.0
2022-11-25 00:00:00+09:00,800.9674475433629,801.5141607557141,791.4906773393581,794.5888671875,12265500,0.0,0.0
2022-11-28 00:00:00+09:00,796.2290415122287,798.9627187357429,781.4671733818906,788.2102661132812,12962500,0.0,0.0
2022-11-29 00:00:00+09:00,782.1961510072713,786.9344800804126,778.0044794821358,786.0232543945312,12556000,0.0,0.0
2022-11-30 00:00:00+09:00,783.2896864744978,786.3878764848934,775.6354230166891,781.2850341796875,25948000,0.0,0.0
2022-12-01 00:00:00+09:00,775.8175950868512,784.0186265122225,771.9904359649837,776.7288208007812,15745500,0.0,0.0
2022-12-02 00:00:00+09:00,766.340871253451,766.7053838075477,753.5837104953674,759.5977783203125,19389500,0.0,0.0
2022-12-05 00:00:00+09:00,762.3314556256162,762.6959681797128,753.5837104953674,759.5977783203125,11481000,0.0,0.0
2022-12-06 00:00:00+09:00,760.8735002502528,769.4390445357205,760.8735002502528,767.06982421875,9256000,0.0,0.0
2022-12-07 00:00:00+09:00,761.2380155491351,771.6259557529651,761.0557592753543,765.2473754882812,11112000,0.0,0.0
2022-12-08 00:00:00+09:00,767.9810502066283,768.8922759557147,759.2333052621216,763.607177734375,12237000,0.0,0.0
2022-12-09 00:00:00+09:00,783.8364772392954,789.8505455254297,777.0933837890625,777.0933837890625,18884000,0.0,0.0
2022-12-12 00:00:00+09:00,780.3737582442084,783.6541487130288,776.911055884357,777.4578247070312,11330000,0.0,0.0
2022-12-13 00:00:00+09:00,784.0187116182213,788.5748406824443,780.1915520809121,781.2850341796875,10800500,0.0,0.0
2022-12-14 00:00:00+09:00,785.4765598155834,788.9392063805049,783.2895958709996,787.2990112304688,10650000,0.0,0.0
2022-12-15 00:00:00+09:00,781.102695358789,790.7616657076059,780.1914696422288,788.7569580078125,11560500,0.0,0.0
2022-12-16 00:00:00+09:00,780.9203913960062,785.1120071894511,774.7240680252089,776.1820068359375,15424000,0.0,0.0
2022-12-19 00:00:00+09:00,771.079191788357,774.7240945568042,769.0744841423506,771.9904174804688,7484000,0.0,0.0
2022-12-20 00:00:00+09:00,772.7195186109117,780.0093253902598,753.5837758151225,763.060546875,15410000,0.0,0.0
2022-12-21 00:00:00+09:00,765.4296661654223,771.4437341528557,760.8735372001519,765.9763793945312,17504500,0.0,0.0
2022-12-22 00:00:00+09:00,771.6260375976562,774.7242277301291,767.9811342026585,771.6260375976562,11432000,0.0,0.0
2022-12-23 00:00:00+09:00,761.967041015625,767.9811091746519,759.5978205160006,761.967041015625,8270000,0.0,0.0
2022-12-26 00:00:00+09:00,761.9670647347353,766.1586813861359,760.6913263016247,763.060546875,5442000,0.0,0.0
2022-12-27 00:00:00+09:00,770.1679447404733,771.6258835607044,764.7005907394052,765.61181640625,4904000,0.0,0.0
2022-12-28 00:00:00+09:00,766.3408123596769,770.3502276793856,762.6959095660518,768.3455200195312,7283000,0.0,0.0
2022-12-29 00:00:00+09:00,758.8687267495237,760.3267211914062,749.3920131528921,760.3267211914062,9465000,0.0,0.0
2022-12-30 00:00:00+09:00,757.7752872663639,761.7847026851125,754.8594094528787,755.58837890625,8892500,0.0,0.0
2023-01-04 00:00:00+09:00,745.2004218698936,745.7471907007213,733.5367431640625,733.5367431640625,17154500,0.0,0.0
2023-01-05 00:00:00+09:00,734.0834139914094,734.812439057085,723.6954742071786,727.704833984375,17716000,0.0,0.0
2023-01-06 00:00:00+09:00,725.7001741036036,726.9758567212157,719.3215941651328,722.7842407226562,12278500,0.0,0.0
2023-01-10 00:00:00+09:00,735.3591707905389,737.3638785381121,728.4338774263464,732.4432373046875,14096000,0.0,0.0
2023-01-11 00:00:00+09:00,733.7189304865116,740.4619671652225,732.9899610640566,739.0040283203125,9900500,0.0,0.0
2023-01-12 00:00:00+09:00,735.3591255912357,741.1909922044794,734.6301561687808,739.0040283203125,9776000,0.0,0.0
2023-01-13 00:00:00+09:00,738.0928955078125,745.5649581659447,736.0881876312196,738.0928955078125,13275500,0.0,0.0
2023-01-16 00:00:00+09:00,730.4385610535553,737.9106235529925,728.6161094984149,734.9946899414062,8630500,0.0,0.0
2023-01-17 00:00:00+09:00,735.359183561318,742.466733319962,735.359183561318,740.8265380859375,9546000,0.0,0.0
2023-01-18 00:00:00+09:00,744.6537441907412,757.2286492645524,742.102323042213,749.9388427734375,17557500,0.0,0.0
2023-01-19 00:00:00+09:00,745.3826721879655,746.6584104995576,738.6395793126476,740.644287109375,10216500,0.0,0.0
2023-01-20 00:00:00+09:00,742.831221791193,746.2938684211905,740.2798008857635,743.1956787109375,9449500,0.0,0.0
2023-01-23 00:00:00+09:00,753.5836606013471,755.5883682825349,749.2097883258125,752.3079223632812,9859500,0.0,0.0
2023-01-24 00:00:00+09:00,756.3174082348816,767.7988309806394,754.4949566487734,765.9763793945312,16305500,0.0,0.0
2023-01-25 00:00:00+09:00,765.4296322672228,765.4296322672228,758.3220825195312,758.3220825195312,12244000,0.0,0.0
2023-01-26 00:00:00+09:00,765.0651250651482,766.1586070993889,757.4108620590772,758.1398315429688,10065000,0.0,0.0
2023-01-27 00:00:00+09:00,769.6212665861872,770.3502916989397,764.8829370541405,766.5231323242188,13574500,0.0,0.0
2023-01-30 00:00:00+09:00,765.4295786460892,767.0697737626847,758.8687425629051,763.2426147460938,14132500,0.0,0.0
2023-01-31 00:00:00+09:00,766.7054102664691,768.8923188160977,760.509030333832,762.3314819335938,14985500,0.0,0.0
2023-02-01 00:00:00+09:00,769.0745619108915,769.256818191104,759.7800477881328,761.0557861328125,9524000,0.0,0.0
2023-02-02 00:00:00+09:00,759.4155302925913,764.1538594994585,743.5601806640625,743.5601806640625,13019500,0.0,0.0
2023-02-03 00:00:00+09:00,740.8264957053768,745.9293373897135,730.9852692474115,731.531982421875,24829000,0.0,0.0
2023-02-06 00:00:00+09:00,744.289196101988,748.4808680044383,731.349779074366,733.5367431640625,20465500,0.0,0.0
2023-02-07 00:00:00+09:00,737.7283457603526,742.1022738585825,732.8077600750531,739.1863403320312,13092000,0.0,0.0
2023-02-08 00:00:00+09:00,741.7377876652764,746.2939165821392,740.2798486586036,741.9200439453125,10746000,0.0,0.0
2023-02-09 00:00:00+09:00,739.9152961070912,750.6677486463702,739.1863266431546,748.298583984375,11434000,0.0,0.0
2023-02-10 00:00:00+09:00,755.2239141865969,763.9717150313143,749.7565595149515,754.1304321289062,17797500,0.0,0.0
2023-02-13 00:00:00+09:00,754.1303552419338,756.6818316553467,748.6630011277097,754.6771240234375,10257500,0.0,0.0
2023-02-14 00:00:00+09:00,764.8828922501918,766.1585748891691,757.5930864841354,759.051025390625,10820000,0.0,0.0
2023-02-15 00:00:00+09:00,759.2332524498755,761.420160725478,749.7564830718588,751.2144775390625,11068500,0.0,0.0
2023-02-16 00:00:00+09:00,755.5884743022497,757.2286696836172,752.8547967943665,756.3174438476562,8919000,0.0,0.0
2023-02-17 00:00:00+09:00,754.4949049298103,755.7706431993604,749.7565200073732,753.5836791992188,12276500,0.0,0.0
2023-02-20 00:00:00+09:00,754.4949532333702,756.1351485300811,748.4808852731609,748.6630859375,8584500,0.0,0.0
2023-02-21 00:00:00+09:00,747.2051332056545,756.3173909276748,747.2051332056545,754.3126831054688,9521000,0.0,0.0
2023-02-22 00:00:00+09:00,748.1163441187634,749.5742830786061,739.9153123318342,740.8265380859375,16477500,0.0,0.0
2023-02-24 00:00:00+09:00,746.1116067208887,747.2050887057702,741.0087649471807,746.840576171875,13161500,0.0,0.0
2023-02-27 00:00:00+09:00,750.8500841005933,754.677243710876,746.6584675283095,753.0370483398438,11843500,0.0,0.0
2023-02-28 00:00:00+09:00,756.317348767173,756.317348767173,741.5554809570312,741.5554809570312,15854000,0.0,0.0
2023-03-01 00:00:00+09:00,741.1910656782735,751.9435186715733,740.0975836277939,750.8500366210938,12887500,0.0,0.0
2023-03-02 00:00:00+09:00,751.5790033051721,760.1445477822881,750.3033205983894,752.6724853515625,13236500,0.0,0.0
2023-03-03 00:00:00+09:00,761.2380048149658,770.7147191330675,757.775302512377,769.0745239257812,24043500,0.0,0.0
2023-03-06 00:00:00+09:00,775.9997140666467,785.2942264939005,775.4530009425486,784.2007446289062,18264000,0.0,0.0
2023-03-07 00:00:00+09:00,786.3878146309384,793.4953642887144,783.8363936790195,788.2102661132812,19818000,0.0,0.0
2023-03-08 00:00:00+09:00,782.0138920989657,787.8457030987796,778.9157025307383,780.92041015625,20985000,0.0,0.0
2023-03-09 00:00:00+09:00,786.7521927673969,795.1354236605599,785.4764547009786,793.8597412109375,14536000,0.0,0.0
2023-03-10 00:00:00+09:00,781.1026769902857,788.9391957216976,779.462481862409,780.555908203125,23255000,0.0,0.0
2023-03-13 00:00:00+09:00,769.4390392240641,770.3502649665763,758.5043303139172,767.2520751953125,13989000,0.0,0.0
2023-03-14 00:00:00+09:00,749.3920874967896,750.3033132570645,740.0975736186244,744.10693359375,22003500,0.0,0.0
2023-03-15 00:00:00+09:00,758.5043793742756,763.060508381529,749.5743220266114,751.9435424804688,16030500,0.0,0.0
2023-03-16 00:00:00+09:00,730.0741171966014,740.8265704412679,727.3404398148992,736.4526977539062,19668000,0.0,0.0
2023-03-17 00:00:00+09:00,745.0181482884404,755.2238877752969,744.1069225416998,751.396728515625,20638500,0.0,0.0
2023-03-20 00:00:00+09:00,750.850010229522,759.0510418946502,747.7518204648625,748.1163330078125,16330500,0.0,0.0
2023-03-22 00:00:00+09:00,760.8735035037274,762.6959550091256,754.677179508735,758.3220825195312,14402500,0.0,0.0
2023-03-23 00:00:00+09:00,753.219163782618,761.7847078641763,749.3920602221987,758.8687744140625,11529000,0.0,0.0
2023-03-24 00:00:00+09:00,753.583681936553,753.9481944768356,747.3873580693837,751.76123046875,13429000,0.0,0.0
2023-03-27 00:00:00+09:00,762.149265361951,766.3408817072054,756.8641113394896,762.8782348632812,10732500,0.0,0.0
2023-03-28 00:00:00+09:00,769.4390362676021,775.4531038983525,767.6165847895801,772.5371704101562,15766000,0.0,0.0
2023-03-29 00:00:00+09:00,773.8129713909998,781.8317474206704,767.2521344151567,781.2850341796875,20311000,0.0,0.0
2023-03-30 00:00:00+09:00,786.478741567577,790.7449951171875,781.0995350811131,790.7449951171875,15264500,15.0,0.0
2023-03-31 00:00:00+09:00,795.7532359027205,804.4713009901968,794.640282992618,797.7936401367188,26679000,0.0,0.0
2023-04-03 00:00:00+09:00,800.5759719323484,801.3179216494857,793.3418631277731,798.7210693359375,16213000,0.0,0.0
2023-04-04 00:00:00+09:00,805.0277809347551,805.2132825282877,795.5677657359835,797.4226684570312,16525500,0.0,0.0
2023-04-05 00:00:00+09:00,784.438270940846,787.40612631907,768.857100964086,769.0426025390625,17132500,0.0,0.0
2023-04-06 00:00:00+09:00,762.179443359375,767.3732044424338,756.9857388834494,762.179443359375,16139000,0.0,0.0
2023-04-07 00:00:00+09:00,762.1794351310849,767.0021930107409,761.2519838698869,763.6633911132812,9200000,0.0,0.0
2023-04-10 00:00:00+09:00,767.9297086333446,768.6716583830604,762.7360037781962,764.9618530273438,8241500,0.0,0.0
2023-04-11 00:00:00+09:00,771.082977422658,789.6320020745658,768.8570718215767,787.777099609375,19933500,0.0,0.0
2023-04-12 00:00:00+09:00,799.091974861525,804.2857358290825,794.2692736441866,801.8743286132812,25641500,0.0,0.0
2023-04-13 00:00:00+09:00,805.0276709603878,806.1406237624044,795.9386601903258,804.1002197265625,18547500,0.0,0.0
2023-04-14 00:00:00+09:00,809.6649660969312,845.093616255589,808.1810666942462,840.4563598632812,43033000,0.0,0.0
2023-04-17 00:00:00+09:00,836.5610666385919,836.9320697988021,822.4637956576233,828.0285034179688,16451500,0.0,0.0
2023-04-18 00:00:00+09:00,831.5527550399653,841.9402201981611,828.3994548037961,839.5288696289062,14066000,0.0,0.0
2023-04-19 00:00:00+09:00,840.641897206998,843.4242511607628,830.6253776877357,835.2626342773438,13779000,0.0,0.0
2023-04-20 00:00:00+09:00,829.5123762665391,831.9237267446866,823.0202178638493,828.9558715820312,12690500,0.0,0.0
2023-04-21 00:00:00+09:00,826.7301025390625,833.4077065412758,825.2461465107993,826.7301025390625,9944500,0.0,0.0
2023-04-24 00:00:00+09:00,829.1414247827468,830.8108257259835,826.359071008308,828.3994750976562,8005500,0.0,0.0
2023-04-25 00:00:00+09:00,834.5206518632642,835.2626015671183,824.6896909211458,825.431640625,12571000,0.0,0.0
2023-04-26 00:00:00+09:00,816.1571318663603,823.5767421560545,814.3022292939368,820.60888671875,11479000,0.0,0.0
2023-04-27 00:00:00+09:00,815.6006100461675,825.4315701489096,814.4876572818442,824.8751220703125,9982500,0.0,0.0
2023-04-28 00:00:00+09:00,829.1414815808214,833.7787381892152,823.5767736507487,833.2222900390625,14808500,0.0,0.0
2023-05-01 00:00:00+09:00,842.867714732555,846.392018286794,837.8595117682576,843.795166015625,9960500,0.0,0.0
2023-05-02 00:00:00+09:00,848.4323661197699,851.2147197843125,837.1174498958705,841.0127563476562,13177500,0.0,0.0
2023-05-08 00:00:00+09:00,853.2552101043933,854.9246111505618,844.1661985355781,852.3277587890625,19083000,0.0,0.0
2023-05-09 00:00:00+09:00,844.3516480133395,878.667344562887,844.3516480133395,878.11083984375,38863000,0.0,0.0
2023-05-10 00:00:00+09:00,865.4975974927506,877.1834616756123,864.7556477458786,866.425048828125,24260000,0.0,0.0
2023-05-11 00:00:00+09:00,857.7068997641152,860.1183069645775,852.5131954367266,857.1504516601562,18391000,0.0,0.0
2023-05-12 00:00:00+09:00,871.8041814316913,879.9657411704763,867.352426720275,876.0704345703125,27383500,0.0,0.0
2023-05-15 00:00:00+09:00,877.3688701043291,881.2641766207217,873.1026170574565,874.95751953125,12411500,0.0,0.0
2023-05-16 00:00:00+09:00,878.8527998860743,879.5948061870016,871.2477447657686,872.546142578125,16451000,0.0,0.0
2023-05-17 00:00:00+09:00,877.3689290609582,883.8610881554896,872.5461709835936,879.038330078125,22217000,0.0,0.0
2023-05-18 00:00:00+09:00,890.3532682451515,898.7003301349498,887.1999111105955,897.2164306640625,17174000,0.0,0.0
2023-05-19 00:00:00+09:00,897.4018903823637,904.6360560913855,892.0226839531232,894.9905395507812,19280500,0.0,0.0
2023-05-22 00:00:00+09:00,891.4661479585442,898.7002563476562,885.9014404888993,898.7002563476562,15215000,0.0,0.0
2023-05-23 00:00:00+09:00,901.6681335671054,905.1924370621092,884.7885091775125,889.6112670898438,17860500,0.0,0.0
2023-05-24 00:00:00+09:00,886.2723684489773,890.724179617102,885.1594722640767,886.6433715820312,13822000,0.0,0.0
2023-05-25 00:00:00+09:00,881.6351666099113,883.1191226263738,876.6269636480766,879.2238159179688,17639500,0.0,0.0
2023-05-26 00:00:00+09:00,884.4175048682492,892.2081181477355,881.4497061019049,887.5708618164062,20404000,0.0,0.0
2023-05-29 00:00:00+09:00,907.9748156849366,922.0720866574474,904.6360136735864,917.2493286132812,23642000,0.0,0.0
2023-05-30 00:00:00+09:00,916.692867801723,919.1042184868876,907.6037999719479,918.7332153320312,16157000,0.0,0.0
2023-05-31 00:00:00+09:00,909.8297202551065,912.6120741396787,875.6995239257812,875.6995239257812,61745000,0.0,0.0
2023-06-01 00:00:00+09:00,879.2238296952156,892.7645959907057,878.4818799789251,887.94189453125,19089500,0.0,0.0
2023-06-02 00:00:00+09:00,908.3457353247006,917.620247400276,903.3374761610382,916.1362915039062,23533000,0.0,0.0
2023-06-05 00:00:00+09:00,936.7257312976773,941.3629873932103,933.2014279864982,937.8386840820312,22102500,0.0,0.0
2023-06-06 00:00:00+09:00,937.8387018016449,971.2268897131925,933.7578937176206,970.2994384765625,27238500,0.0,0.0
2023-06-07 00:00:00+09:00,964.5493073911342,970.1140149337754,944.7018278461944,953.0488891601562,36616500,0.0,0.0
2023-06-08 00:00:00+09:00,957.1297809194101,966.7752974785072,950.2666183746137,956.9443359375,21222000,0.0,0.0
2023-06-09 00:00:00+09:00,981.4289082140168,996.8246901746734,974.1948560922115,994.9697875976562,45300500,0.0,0.0
2023-06-12 00:00:00+09:00,999.7923251076969,1010.3652907062312,991.6307098211178,1007.0264892578125,23468500,0.0,0.0
2023-06-13 00:00:00+09:00,1013.7041433112549,1022.9786551439288,1010.1797835291366,1018.71240234375,23387500,0.0,0.0
2023-06-14 00:00:00+09:00,1032.067745378007,1052.4716718715645,1026.3174799830858,1040.229248046875,28731000,0.0,0.0
2023-06-15 00:00:00+09:00,1035.0355827465692,1050.4312506714523,1029.8418784509083,1041.15673828125,20434000,0.0,0.0
2023-06-16 00:00:00+09:00,1037.0760172167952,1051.7297933087457,1030.9548611684345,1048.3909912109375,33738000,0.0,0.0
2023-06-19 00:00:00+09:00,1052.6571638982914,1053.213612002874,1031.1403402831684,1042.4552001953125,23324000,0.0,0.0
2023-06-20 00:00:00+09:00,1061.0042851765033,1078.4404148689582,1040.9713597775633,1059.5203857421875,36294500,0.0,0.0
2023-06-21 00:00:00+09:00,1042.8264047867694,1059.1495272219388,1033.922893750703,1053.770263671875,26353500,0.0,0.0
2023-06-22 00:00:00+09:00,1061.004228842055,1094.3924738056162,1059.7057744506192,1090.126220703125,38814500,0.0,0.0
2023-06-23 00:00:00+09:00,1086.0455052540626,1094.0215640332276,1032.4387732017565,1046.9071044921875,41611500,0.0,0.0
2023-06-26 00:00:00+09:00,1035.2211072396874,1054.8831429460124,1020.3818862753384,1047.092529296875,22338000,0.0,0.0
2023-06-27 00:00:00+09:00,1053.3991384001417,1062.8590955354337,1025.9464917834903,1042.826171875,19582000,0.0,0.0
2023-06-28 00:00:00+09:00,1052.8426120891309,1062.859130859375,1039.3018465028852,1062.859130859375,18160000,0.0,0.0
2023-06-29 00:00:00+09:00,1065.4561250912718,1078.2548854194254,1061.3753166274348,1066.0125732421875,20326500,0.0,0.0
2023-06-30 00:00:00+09:00,1059.1494322399772,1062.1172312477593,1047.278009780299,1054.8831787109375,25362500,0.0,0.0
2023-07-03 00:00:00+09:00,1062.8591366833077,1076.5854605230386,1061.1896791410313,1076.39990234375,18029000,0.0,0.0
2023-07-04 00:00:00+09:00,1061.0042979277366,1064.343099998641,1053.3992424765504,1058.0364990234375,17118500,0.0,0.0
2023-07-05 00:00:00+09:00,1047.4634030819254,1056.7379150390625,1043.9390432525104,1056.7379150390625,12135000,0.0,0.0
2023-07-06 00:00:00+09:00,1049.1328241703216,1054.141083636957,1034.6646071000257,1042.269775390625,15531500,0.0,0.0
2023-07-07 00:00:00+09:00,1027.615966796875,1036.519475996306,1021.6802562591671,1027.615966796875,16691500,0.0,0.0
2023-07-10 00:00:00+09:00,1032.253248376171,1039.3018552819783,1020.5673851883503,1024.648193359375,15920000,0.0,0.0
2023-07-11 00:00:00+09:00,1033.9227843281642,1034.1082293078016,1020.9384657538959,1021.6803588867188,13716500,0.0,0.0
2023-07-12 00:00:00+09:00,1020.9384505416562,1024.462697602167,994.4132524208928,997.3811645507812,20649000,0.0,0.0
2023-07-13 00:00:00+09:00,994.969799062293,1024.6482406365387,982.3563708218227,1015.93017578125,21771000,0.0,0.0
2023-07-14 00:00:00+09:00,1015.9301292918765,1023.9061874571133,998.1229972336288,1013.7042236328125,17078000,0.0,0.0
2023-07-18 00:00:00+09:00,1011.2929286202008,1019.4544321998926,1007.2121202232194,1016.4866333007812,11918500,0.0,0.0
2023-07-19 00:00:00+09:00,1027.6159818472618,1035.7775981079274,1020.9383781534543,1030.212890625,13151500,0.0,0.0
2023-07-20 00:00:00+09:00,1030.027215189733,1034.1080228555106,1022.7931642140027,1027.430419921875,9360500,0.0,0.0
2023-07-21 00:00:00+09:00,1023.9061568266202,1031.5112116187945,1022.9787055976105,1030.3983154296875,11432000,0.0,0.0
2023-07-24 00:00:00+09:00,1038.374524539613,1043.197339561203,1033.1808195438282,1036.890625,10689000,0.0,0.0
2023-07-25 00:00:00+09:00,1039.4873701339711,1045.979528658184,1035.0355590030924,1042.826171875,9372000,0.0,0.0
2023-07-26 00:00:00+09:00,1046.9068745732418,1047.092319512434,1034.1080037700299,1038.559814453125,9323500,0.0,0.0
2023-07-27 00:00:00+09:00,1034.479079727867,1045.4229358387638,1031.1402780874962,1043.1971435546875,9901000,0.0,0.0
2023-07-28 00:00:00+09:00,1029.6565031740133,1042.2699328366414,1013.1479361155688,1035.0357666015625,21796500,0.0,0.0
2023-07-31 00:00:00+09:00,1050.431174622774,1067.3108538794518,1047.6488211071492,1066.56884765625,26023000,0.0,0.0
2023-08-01 00:00:00+09:00,1070.8352936381912,1077.327453012838,1054.1411695319562,1067.12548828125,16360500,0.0,0.0
2023-08-02 00:00:00+09:00,1045.0520622375436,1058.59282717678,1038.7453487629225,1040.229248046875,18708000,0.0,0.0
2023-08-03 00:00:00+09:00,1032.6241455078125,1040.0437547973038,1022.6076276812979,1032.6241455078125,18937500,0.0,0.0
2023-08-04 00:00:00+09:00,1017.7851495435712,1058.2220063729874,1015.9302468154852,1036.890625,28816000,0.0,0.0
2023-08-07 00:00:00+09:00,1020.1964931951211,1038.9309653299026,1014.0753368788057,1035.5921630859375,14208500,0.0,0.0
2023-08-08 00:00:00+09:00,1044.3102378206752,1051.3588455574263,1040.6004323577245,1040.971435546875,12469500,0.0,0.0
2023-08-09 00:00:00+09:00,1042.0840919739112,1053.5845089040952,1041.7130888701793,1050.43115234375,10925500,0.0,0.0
2023-08-10 00:00:00+09:00,1054.8832070373828,1069.536870701425,1050.2459502042786,1066.7545166015625,13574000,0.0,0.0
2023-08-14 00:00:00+09:00,1068.6093017169953,1068.6093017169953,1044.6811270204291,1047.64892578125,12141500,0.0,0.0
2023-08-15 00:00:00+09:00,1060.2621881691723,1067.1253498319386,1058.7782888617726,1059.1492919921875,10749000,0.0,0.0
2023-08-16 00:00:00+09:00,1046.5360214162145,1047.834475819332,1029.4708956384538,1030.02734375,16914500,0.0,0.0
2023-08-17 00:00:00+09:00,1021.1239214810217,1024.6482818454126,1000.1635439190891,1016.1156616210938,13932000,0.0,0.0
2023-08-18 00:00:00+09:00,1004.6150880114806,1017.0429566533924,1003.8731949848669,1012.4057006835938,13906500,0.0,0.0
2023-08-21 00:00:00+09:00,1012.4058966249911,1021.1239621783616,1004.986285637319,1010.9219970703125,12354000,0.0,0.0
2023-08-22 00:00:00+09:00,1017.2285851920833,1026.8739877051228,1015.3736826758427,1023.9061889648438,9896000,0.0,0.0
2023-08-23 00:00:00+09:00,1005.357208327571,1016.301178943782,1005.357208327571,1015.93017578125,12269000,0.0,0.0
2023-08-24 00:00:00+09:00,1020.752749661236,1021.6802008445032,1013.8895882622061,1018.71240234375,10625500,0.0,0.0
2023-08-25 00:00:00+09:00,1001.8328415543631,1005.1717567810499,996.0826888226587,1003.687744140625,16484500,0.0,0.0
2023-08-28 00:00:00+09:00,1013.3332033384198,1024.8336213704065,1009.9944015134594,1022.7932739257812,11127000,0.0,0.0
2023-08-29 00:00:00+09:00,1026.8740779409966,1028.172532459319,1010.1799538278457,1014.0753173828125,11885500,0.0,0.0
2023-08-30 00:00:00+09:00,1018.1561630690044,1022.4224167440599,1009.4380975156339,1010.9219970703125,14395000,0.0,0.0
2023-08-31 00:00:00+09:00,1011.2928804924013,1019.4543836836842,1009.4379779651645,1015.002685546875,18334000,0.0,0.0
2023-09-01 00:00:00+09:00,1018.7125214190538,1045.4230506907425,1017.2286219952271,1041.8988037109375,26432000,0.0,0.0
2023-09-04 00:00:00+09:00,1039.3018430617535,1054.141062989715,1037.81794371181,1053.399169921875,18777000,0.0,0.0
2023-09-05 00:00:00+09:00,1053.213584033596,1055.0684864757875,1042.269727553221,1052.2861328125,16566000,0.0,0.0
2023-09-06 00:00:00+09:00,1053.7700782190973,1072.690106599935,1053.2136301049509,1065.4560546875,18351000,0.0,0.0
2023-09-07 00:00:00+09:00,1068.2384408743387,1088.8278142221332,1066.568983266996,1070.4642333984375,24736000,0.0,0.0
2023-09-08 00:00:00+09:00,1069.3512011718751,1071.577106627226,1055.6248785424232,1066.56884765625,26534500,0.0,0.0
2023-09-11 00:00:00+09:00,1074.9161110764949,1075.4725592417897,1055.8106359728654,1057.47998046875,11137000,0.0,0.0
2023-09-12 00:00:00+09:00,1061.3752679119507,1064.7140698784722,1041.3423428985543,1043.3826904296875,16055500,0.0,0.0
2023-09-13 00:00:00+09:00,1043.38268063015,1045.6085863250141,1036.7050767598234,1038.00341796875,16595500,0.0,0.0
2023-09-14 00:00:00+09:00,1043.5682229078961,1057.665551480386,1041.7133201915904,1055.99609375,15522500,0.0,0.0
2023-09-15 00:00:00+09:00,1063.0445143191055,1078.440294726002,1060.8187220227294,1068.980224609375,26684000,0.0,0.0
2023-09-19 00:00:00+09:00,1063.97194669205,1068.423757634563,1058.9638008995423,1067.8673095703125,18685500,0.0,0.0
2023-09-20 00:00:00+09:00,1070.09342232249,1071.0208736806428,1053.7701878475777,1055.99609375,14496500,0.0,0.0
2023-09-21 00:00:00+09:00,1052.286027939631,1059.1491889345962,1046.1648731332964,1048.019775390625,11735000,0.0,0.0
2023-09-22 00:00:00+09:00,1035.0355363890942,1042.6405909227376,1022.7932258680444,1038.9307861328125,17379500,0.0,0.0
2023-09-25 00:00:00+09:00,1053.2136799869631,1055.0685825981463,1046.5360758724119,1049.8748779296875,11122500,0.0,0.0
2023-09-26 00:00:00+09:00,1056.9234980402555,1056.9234980402555,1044.3101827739397,1048.3909912109375,12509500,0.0,0.0
2023-09-27 00:00:00+09:00,1038.7454037482235,1049.1328125,1027.2449855638724,1049.1328125,19294000,0.0,0.0
2023-09-28 00:00:00+09:00,1046.8750740658948,1059.2930281046954,1038.5963614809802,1042.7357177734375,17409000,16.0,0.0
2023-09-29 00:00:00+09:00,1037.8438246826745,1039.349128838702,1012.0671561701693,1017.1471557617188,23035500,0.0,0.0
2023-10-02 00:00:00+09:00,1022.7916103383503,1035.021459061271,1011.6907396314589,1011.8788452148438,17768000,0.0,0.0
2023-10-03 00:00:00+09:00,1011.6908547624201,1011.6908547624201,988.9244494919334,998.1439208984375,16180500,0.0,0.0
2023-10-04 00:00:00+09:00,972.7433907816729,974.4368004534746,948.4718553775548,955.8097534179688,27786000,0.0,0.0
2023-10-05 00:00:00+09:00,963.5239420270321,976.3183379755079,947.154793320486,972.9315185546875,18806000,0.0,0.0
2023-10-06 00:00:00+09:00,982.1509218630929,991.5584977430075,973.6841035711697,974.24853515625,14303500,0.0,0.0
2023-10-10 00:00:00+09:00,1032.0112170665163,1050.2619397708709,1028.0600805847419,1043.6766357421875,34383000,0.0,0.0
2023-10-11 00:00:00+09:00,1033.8925681210794,1040.665976681076,1020.9100677360872,1021.6627197265625,17818000,0.0,0.0
2023-10-12 00:00:00+09:00,1024.2970417076206,1033.1400723204558,1021.2865481291639,1031.44677734375,16189500,0.0,0.0
2023-10-13 00:00:00+09:00,1019.4049442445701,1025.237710449965,1013.7603984682008,1021.8508911132812,12750500,0.0,0.0
2023-10-16 00:00:00+09:00,1017.3355300974445,1022.2274248288013,1010.9383309823461,1019.4051513671875,14991500,0.0,0.0
2023-10-17 00:00:00+09:00,1026.3665938949857,1035.7741703743166,1018.2761010904773,1026.742919921875,13236500,0.0,0.0
2023-10-18 00:00:00+09:00,1026.3665917743735,1030.317727952097,1015.8301520747249,1020.7220458984375,13772000,0.0,0.0
2023-10-19 00:00:00+09:00,995.886007840749,1005.1054785843448,994.7571446159969,996.450439453125,11219000,0.0,0.0
2023-10-20 00:00:00+09:00,984.0324892703024,1009.4329454942969,982.3390795866046,999.4609375,10684500,0.0,0.0
2023-10-23 00:00:00+09:00,985.537670684046,997.767519879801,983.0917238126106,985.7258911132812,13925000,0.0,0.0
2023-10-24 00:00:00+09:00,1002.847562800047,1007.739456195351,984.032411528001,1000.5897216796875,21009000,0.0,0.0
2023-10-25 00:00:00+09:00,1014.5129237150475,1031.258338522316,1011.6906511795856,1012.6314086914062,14846000,0.0,0.0
2023-10-26 00:00:00+09:00,1002.8476931212133,1016.2064063249175,1000.9661777495037,1005.2936401367188,13336000,0.0,0.0
2023-10-27 00:00:00+09:00,1012.8196766095766,1029.0007773097993,1007.7395622637092,1019.5932006835938,16516000,0.0,0.0
2023-10-30 00:00:00+09:00,1006.6106936828327,1009.8092926865504,996.4504650448071,1009.056640625,75270000,0.0,0.0
2023-10-31 00:00:00+09:00,1005.2935039658529,1018.0877837927268,999.6489586152994,1010.9380493164062,17482000,0.0,0.0
2023-11-01 00:00:00+09:00,1044.8054319090188,1054.2130084881358,1037.655696676606,1044.99365234375,17025500,0.0,0.0
2023-11-02 00:00:00+09:00,1062.1152504817733,1063.8086599697833,1042.5474479387112,1053.4603271484375,18669000,0.0,0.0
2023-11-06 00:00:00+09:00,1085.069860374223,1096.3589517986015,1063.0561091289699,1070.95849609375,48778000,0.0,0.0
2023-11-07 00:00:00+09:00,1089.7737365721255,1098.2405558249222,1080.3661596245736,1091.0908203125,24886000,0.0,0.0
2023-11-08 00:00:00+09:00,1084.505343994719,1085.6342071134827,1064.3731095606029,1071.899169921875,19803000,0.0,0.0
2023-11-09 00:00:00+09:00,1083.5647460644575,1101.6272476567865,1075.850464154658,1099.933837890625,14583000,0.0,0.0
2023-11-10 00:00:00+09:00,1090.1500590471144,1104.0732039807365,1088.8329753110538,1103.1324462890625,14014000,0.0,0.0
2023-11-13 00:00:00+09:00,1109.3413421074717,1115.3622138569667,1102.3798275744005,1110.093994140625,10880500,0.0,0.0
2023-11-14 00:00:00+09:00,1123.076480683599,1128.3447003315562,1115.3621993789334,1115.738525390625,10996500,0.0,0.0
2023-11-15 00:00:00+09:00,1132.6721741771369,1137.9403938800128,1127.0276284586462,1133.9892578125,18574000,0.0,0.0
2023-11-16 00:00:00+09:00,1127.0276214109772,1136.0588715363717,1121.947507328388,1127.7802734375,12177500,0.0,0.0
2023-11-17 00:00:00+09:00,1126.839711858542,1155.8149825032483,1124.205544146025,1153.745361328125,22769000,0.0,0.0
2023-11-20 00:00:00+09:00,1153.7451315805195,1166.7275174220404,1149.7938807985647,1157.1318359375,20198000,0.0,0.0
2023-11-21 00:00:00+09:00,1138.316668932951,1138.316668932951,1106.5190168736103,1114.7977294921875,30109000,0.0,0.0
2023-11-22 00:00:00+09:00,1110.094013062387,1127.0276505497793,1108.2124977860099,1116.4912109375,12425000,0.0,0.0
2023-11-24 00:00:00+09:00,1130.7907509259746,1132.484160714709,1117.2438171318563,1121.195068359375,11728500,0.0,0.0
2023-11-27 00:00:00+09:00,1120.442359202617,1127.7803147952952,1111.4111087460296,1113.8570556640625,9931500,0.0,0.0
2023-11-28 00:00:00+09:00,1110.4703416729806,1113.2926145941224,1098.4285979406773,1110.658447265625,13641000,0.0,0.0
2023-11-29 00:00:00+09:00,1098.4285481361935,1105.3901773270745,1091.4669189453125,1091.4669189453125,12880500,0.0,0.0
2023-11-30 00:00:00+09:00,1085.8223805386388,1086.198706547932,1070.582153290149,1079.6134033203125,44173500,0.0,0.0
2023-12-01 00:00:00+09:00,1098.4286170604414,1114.0451711948726,1095.0419124638365,1108.0244140625,18601500,0.0,0.0
2023-12-04 00:00:00+09:00,1089.3972411061561,1100.87443726183,1086.9512944478972,1095.9825439453125,12403000,0.0,0.0
2023-12-05 00:00:00+09:00,1096.3588623640092,1103.6967022881308,1089.7735595703125,1089.7735595703125,14096500,0.0,0.0
2023-12-06 00:00:00+09:00,1091.467037098951,1108.7770017386497,1088.832984443323,1106.3310546875,13074500,0.0,0.0
2023-12-07 00:00:00+09:00,1097.4878578820815,1102.5679721892361,1089.585470608572,1092.9722900390625,15143000,0.0,0.0
2023-12-08 00:00:00+09:00,1083.0001320416616,1086.9513829700893,1063.432442343415,1068.13623046875,18478500,0.0,0.0
2023-12-11 00:00:00+09:00,1100.1219625931744,1104.6375301790004,1093.5366593800925,1103.5086669921875,14451500,0.0,0.0
2023-12-12 00:00:00+09:00,1109.1532657571036,1109.717697377559,1097.4878479671754,1098.804931640625,11232500,0.0,0.0
2023-12-13 00:00:00+09:00,1103.5087420880743,1103.6968476858192,1086.763209699813,1090.338134765625,9639000,0.0,0.0
2023-12-14 00:00:00+09:00,1083.7527209762534,1088.644614406343,1062.679728434001,1069.641357421875,15730500,0.0,0.0
2023-12-15 00:00:00+09:00,1073.404416670026,1095.0418413706486,1071.7110070623737,1088.2684326171875,22939500,0.0,0.0
2023-12-18 00:00:00+09:00,1077.1676543821554,1086.7633377695975,1069.4534865482194,1081.4951171875,10762000,0.0,0.0
2023-12-19 00:00:00+09:00,1072.4636778757283,1093.9129973686731,1063.2442073410155,1091.84326171875,13554500,0.0,0.0
2023-12-20 00:00:00+09:00,1082.2476979719495,1107.2718302155606,1081.8713719183472,1097.6761474609375,13237500,0.0,0.0
2023-12-21 00:00:00+09:00,1079.0491699356614,1082.8122010426735,1074.909812750229,1081.4951171875,8531500,0.0,0.0
2023-12-22 00:00:00+09:00,1079.0490815174792,1093.3485526169754,1079.0490815174792,1082.2476806640625,10378500,0.0,0.0
2023-12-25 00:00:00+09:00,1091.4670372176424,1092.9723414079779,1079.4254075650629,1082.2476806640625,4140000,0.0,0.0
2023-12-26 00:00:00+09:00,1090.9025953381652,1092.7841107198587,1083.3765338113913,1088.080322265625,7220000,0.0,0.0
2023-12-27 00:00:00+09:00,1096.1707308572368,1102.003496993574,1092.40770038421,1098.05224609375,9680000,0.0,0.0
2023-12-28 00:00:00+09:00,1091.2787750340506,1094.2891533056131,1087.7038503528213,1090.526123046875,5812000,0.0,0.0
2023-12-29 00:00:00+09:00,1084.5053926340538,1096.5470208490074,1078.6726266893318,1085.06982421875,10733500,0.0,0.0
2024-01-04 00:00:00+09:00,1085.069840973411,1095.229954170545,1067.0072261142152,1094.4774169921875,14054000,0.0,0.0
2024-01-05 00:00:00+09:00,1087.5157642140632,1112.3517873333792,1087.5157642140632,1105.95458984375,13185000,0.0,0.0
2024-01-09 00:00:00+09:00,1124.76968340893,1133.0483956341811,1107.0835106928985,1110.47021484375,12201000,0.0,0.0
2024-01-10 00:00:00+09:00,1127.7803980053902,1147.7244156868073,1124.7699044053536,1146.031005859375,19158000,0.0,0.0
2024-01-11 00:00:00+09:00,1174.0654120434015,1205.863062888337,1171.8075709756044,1197.5843505859375,28482000,0.0,0.0
2024-01-12 00:00:00+09:00,1224.8664357803586,1236.7199589653562,1210.3787452926604,1230.3228759765625,34284000,0.0,0.0
2024-01-15 00:00:00+09:00,1249.1380087937441,1257.4166069136088,1242.552705479986,1253.841796875,6097000,0.0,0.0
2024-01-16 00:00:00+09:00,1249.1380817288962,1267.953235152506,1231.075465539081,1234.650390625,24402500,0.0,0.0
2024-01-17 00:00:00+09:00,1241.7999986331968,1266.2596955759718,1236.9081051800702,1243.493408203125,28775000,0.0,0.0
2024-01-18 00:00:00+09:00,1238.7898299692006,1255.5352487299292,1226.5599794281625,1227.6888427734375,17802500,0.0,0.0
2024-01-19 00:00:00+09:00,1245.563091318643,1246.880174956937,1228.0650225200995,1239.1658935546875,20908000,0.0,0.0
2024-01-22 00:00:00+09:00,1240.8594074897767,1250.643310546875,1232.2044825769126,1250.643310546875,15191500,0.0,0.0
2024-01-23 00:00:00+09:00,1250.6430803225876,1263.2492541617883,1238.2250120535057,1244.99853515625,15645000,0.0,0.0
2024-01-24 00:00:00+09:00,1257.980822020818,1267.2002910088665,1247.4443844675257,1251.583740234375,20770000,0.0,0.0
2024-01-25 00:00:00+09:00,1250.266893449757,1255.3470076323927,1245.1867792671214,1254.40625,11192000,0.0,0.0
2024-01-26 00:00:00+09:00,1246.6920566850704,1246.6920566850704,1227.1243654505022,1229.5703125,15132500,0.0,0.0
2024-01-29 00:00:00+09:00,1232.392540667772,1257.792997612833,1232.392540667772,1255.53515625,13444500,0.0,0.0
2024-01-30 00:00:00+09:00,1255.5350989309343,1264.5663491313794,1247.8209323685612,1251.01953125,10952000,0.0,0.0
2024-01-31 00:00:00+09:00,1235.026704793119,1273.5977689408683,1233.1451894688385,1270.399169921875,16963000,0.0,0.0
2024-02-01 00:00:00+09:00,1258.7338350693872,1276.4201262210445,1256.852319620853,1269.45849609375,13207500,0.0,0.0
2024-02-02 00:00:00+09:00,1269.6464628551164,1287.7090780888777,1259.298129019868,1269.08203125,18984500,0.0,0.0
2024-02-05 00:00:00+09:00,1279.4306029434406,1280.3713607397226,1244.4344588571917,1250.83154296875,24154000,0.0,0.0
2024-02-06 00:00:00+09:00,1239.3540997604264,1244.9986454267055,1223.3612203726352,1226.7479248046875,23043000,0.0,0.0
2024-02-07 00:00:00+09:00,1227.6887446129858,1267.388671875,1225.242797668063,1267.388671875,23671000,0.0,0.0
2024-02-08 00:00:00+09:00,1260.9914528066738,1264.190051469294,1240.294786545515,1264.0018310546875,20822500,0.0,0.0
2024-02-09 00:00:00+09:00,1250.8314539725188,1255.9115686787125,1232.7689515044856,1236.531982421875,23306000,0.0,0.0
2024-02-13 00:00:00+09:00,1242.5527315143927,1254.7825807819022,1230.5109878386443,1254.5943603515625,25211000,0.0,0.0
2024-02-14 00:00:00+09:00,1243.6815137826409,1250.831248382815,1228.817498166603,1243.493408203125,21778000,0.0,0.0
2024-02-15 00:00:00+09:00,1252.90105853949,1257.0403002438325,1238.9777996692787,1248.3853759765625,14888500,0.0,0.0
2024-02-16 00:00:00+09:00,1259.862657772852,1270.022886802708,1244.4343234633025,1247.4447021484375,25296500,0.0,0.0
2024-02-19 00:00:00+09:00,1243.8697006709401,1255.1587923055465,1239.1659124898542,1245.5631103515625,18149500,0.0,0.0
2024-02-20 00:00:00+09:00,1254.9707401440485,1254.9707401440485,1235.779260580426,1240.859375,18822000,0.0,0.0
2024-02-21 00:00:00+09:00,1251.0197634311653,1272.8452983694672,1240.859533295881,1250.83154296875,23862000,0.0,0.0
2024-02-22 00:00:00+09:00,1251.3957875002043,1268.1413197047348,1246.3157880310057,1258.1693115234375,24175500,0.0,0.0
2024-02-26 00:00:00+09:00,1271.5280051967113,1282.6289913010837,1249.7024738508358,1251.7720947265625,27323500,0.0,0.0
2024-02-27 00:00:00+09:00,1260.8033577724607,1262.4967674794748,1237.4726369338123,1240.106689453125,22040500,0.0,0.0
2024-02-28 00:00:00+09:00,1241.047541411413,1246.5039821365788,1226.5599643578291,1233.3333740234375,15586500,0.0,0.0
2024-02-29 00:00:00+09:00,1235.9674845963168,1238.4134315939816,1216.023352898517,1225.995361328125,20949000,0.0,0.0
2024-03-01 00:00:00+09:00,1223.3612649583529,1249.3261530018192,1223.3612649583529,1242.928955078125,17193000,0.0,0.0
2024-03-04 00:00:00+09:00,1249.702505902326,1249.702505902326,1233.8977311854258,1237.47265625,15830000,0.0,0.0
2024-03-05 00:00:00+09:00,1233.7095702912056,1255.5351012185968,1227.8768041229948,1254.218017578125,15778500,0.0,0.0
2024-03-06 00:00:00+09:00,1249.1380688829552,1250.0788265444612,1236.9082192833787,1246.3157958984375,14403500,0.0,0.0
2024-03-07 00:00:00+09:00,1260.6150990608091,1267.5767277994553,1238.0369181821081,1242.3643798828125,16408500,0.0,0.0
2024-03-08 00:00:00+09:00,1237.2842545257827,1252.712700948152,1231.2634982192083,1244.99853515625,19156000,0.0,0.0
2024-03-11 00:00:00+09:00,1232.0160858016184,1235.5910104888205,1185.54263906084,1201.347412109375,19799000,0.0,0.0
2024-03-12 00:00:00+09:00,1189.1176400024729,1192.5043444904604,1156.0030174821386,1185.16650390625,21288000,0.0,0.0
2024-03-13 00:00:00+09:00,1197.5843586203405,1198.1487901814348,1163.905192466054,1170.8668212890625,14411500,0.0,0.0
2024-03-14 00:00:00+09:00,1169.7380132699495,1183.8493771548888,1162.9644897020348,1181.2152099609375,15176000,0.0,0.0
2024-03-15 00:00:00+09:00,1186.1073054189137,1213.2010571638646,1184.4138956929748,1210.3787841796875,23145000,0.0,0.0
2024-03-18 00:00:00+09:00,1219.2218424521245,1229.0057444024796,1212.4484337072643,1217.1522216796875,16361500,0.0,0.0
2024-03-19 00:00:00+09:00,1210.7550691211172,1227.6887064514824,1210.0024170821143,1224.302001953125,14901000,0.0,0.0
2024-03-21 00:00:00+09:00,1232.3923729624328,1248.573356656742,1224.4899866871742,1242.3643798828125,28972000,0.0,0.0
2024-03-22 00:00:00+09:00,1251.2076032995908,1261.5559368607153,1242.1763533412334,1250.266845703125,23154500,0.0,0.0
2024-03-25 00:00:00+09:00,1248.0090723526453,1248.0090723526453,1228.6294877795808,1230.8873291015625,14711000,0.0,0.0
2024-03-26 00:00:00+09:00,1230.8873962462176,1234.650427041933,1225.2428500526446,1229.5703125,12444000,0.0,0.0
2024-03-27 00:00:00+09:00,1234.2740139996329,1251.395756977916,1233.8976879788686,1245.375,19150000,0.0,0.0
2024-03-28 00:00:00+09:00,1238.1376258650462,1241.1849503039566,1223.4728056508484,1231.0909423828125,17930000,16.0,0.0
2024-03-29 00:00:00+09:00,1235.0904439133137,1239.851779471962,1229.5672481678644,1232.233642578125,5288000,0.0,0.0
2024-04-01 00:00:00+09:00,1236.9948309340398,1243.0893629725672,1211.8549589273211,1225.567626953125,11541000,0.0,0.0
2024-04-02 00:00:00+09:00,1231.4718305370857,1237.375956606764,1205.9511406910985,1211.2838134765625,14915500,0.0,0.0
2024-04-03 00:00:00+09:00,1199.8565200162832,1300.7968304303515,1185.0011768266945,1288.4173583984375,62842000,0.0,0.0
2024-04-04 00:00:00+09:00,1326.5080964109964,1340.601696265832,1296.4164787073812,1297.17822265625,42415000,0.0,0.0
2024-04-05 00:00:00+09:00,1300.0350103863436,1302.7014047882985,1274.5143216176111,1293.369140625,19988000,0.0,0.0
2024-04-08 00:00:00+09:00,1299.844624460572,1307.6531683811586,1280.608875050222,1285.1796875,15450500,0.0,0.0
2024-04-09 00:00:00+09:00,1290.131415676587,1304.415421092654,1280.799152307343,1302.7012939453125,13537500,0.0,0.0
2024-04-10 00:00:00+09:00,1294.3215463912654,1304.0347416873287,1283.8466070727136,1298.130615234375,14199000,0.0,0.0
2024-04-11 00:00:00+09:00,1281.7515567244575,1301.1778294212936,1280.7992895946472,1293.5596923828125,13232000,0.0,0.0
2024-04-12 00:00:00+09:00,1304.6059712442434,1304.6059712442434,1281.9419669982024,1294.511962890625,13593500,0.0,0.0
2024-04-15 00:00:00+09:00,1276.037967235447,1307.8437129510698,1265.1820985938389,1297.3687744140625,16598000,0.0,0.0
2024-04-16 00:00:00+09:00,1293.5596063493942,1297.178151455879,1264.2297342045251,1269.7529296875,16060000,0.0,0.0
2024-04-17 00:00:00+09:00,1279.0849736355797,1282.5132277921648,1261.7537609263054,1268.990966796875,12633000,0.0,0.0
2024-04-18 00:00:00+09:00,1261.9442459287136,1265.372500297474,1239.4707668372032,1263.0870361328125,17826500,0.0,0.0
2024-04-19 00:00:00+09:00,1238.5184612251478,1248.4220614679555,1213.950041889747,1238.708984375,24626500,0.0,0.0
2024-04-22 00:00:00+09:00,1249.945788205651,1264.0393879634105,1241.7563142895667,1252.6121826171875,12269000,0.0,0.0
2024-04-23 00:00:00+09:00,1262.896604028841,1274.1334025065105,1258.7067217090064,1268.4197998046875,9953000,0.0,0.0
2024-04-24 00:00:00+09:00,1271.8479457010305,1311.8431648503936,1268.4198073083658,1311.0814208984375,17646000,0.0,0.0
2024-04-25 00:00:00+09:00,1303.4633006844092,1316.9854475019051,1302.3205103764574,1315.8427734375,17550000,0.0,0.0
2024-04-26 00:00:00+09:00,1320.7943577960912,1323.2702288013643,1303.2726213653743,1313.74755859375,14413500,0.0,0.0
2024-04-30 00:00:00+09:00,1333.1739428455694,1362.1228859960675,1331.840745654015,1359.0755615234375,24421000,0.0,0.0
2024-05-01 00:00:00+09:00,1354.123815694535,1368.2174152666912,1348.0292830081014,1358.123291015625,16228000,0.0,0.0
2024-05-02 00:00:00+09:00,1354.1238295211683,1400.59451095574,1350.8860981006087,1396.2139892578125,23918500,0.0,0.0
2024-05-07 00:00:00+09:00,1410.117088205403,1424.9724308742032,1382.3108207162552,1410.3074951171875,22776000,0.0,0.0
2024-05-08 00:00:00+09:00,1407.4506510946896,1412.2119861795838,1347.0768989695264,1351.6478271484375,37756500,0.0,0.0
2024-05-09 00:00:00+09:00,1373.3594517467798,1392.404792174518,1356.4091685122125,1360.97998046875,18110000,0.0,0.0
2024-05-10 00:00:00+09:00,1376.5972400223195,1399.4516494844838,1368.4077665470847,1382.6917724609375,13943000,0.0,0.0
2024-05-13 00:00:00+09:00,1388.4054312817384,1389.7386284699492,1353.3619555174023,1358.123291015625,13453000,0.0,0.0
2024-05-14 00:00:00+09:00,1353.3620277199532,1363.6465594422161,1339.268543639445,1350.3148193359375,11245000,0.0,0.0
2024-05-15 00:00:00+09:00,1343.4584989549944,1369.1697111866038,1343.4584989549944,1358.3138427734375,9718500,0.0,0.0
2024-05-16 00:00:00+09:00,1375.073518084889,1386.500721836287,1356.2185853976714,1383.6439208984375,14780500,0.0,0.0
2024-05-17 00:00:00+09:00,1377.5496026564479,1385.5486697718814,1371.835999894502,1381.5491943359375,9697000,0.0,0.0
2024-05-20 00:00:00+09:00,1381.5490988127765,1407.6411232934365,1379.4540415321255,1396.5948486328125,11736500,0.0,0.0
2024-05-21 00:00:00+09:00,1404.974930051983,1414.1166711419694,1399.8326643627577,1400.0230712890625,8907500,0.0,0.0
2024-05-22 00:00:00+09:00,1400.023088860976,1406.3081449175497,1389.548150424748,1390.88134765625,9670500,0.0,0.0
2024-05-23 00:00:00+09:00,1387.2627523786525,1391.262227685671,1367.2651433564765,1383.07275390625,7128500,0.0,0.0
2024-05-24 00:00:00+09:00,1346.5056261906752,1380.5968335209236,1345.5533591283056,1377.1685791015625,10792000,0.0,0.0
2024-05-27 00:00:00+09:00,1383.6439817965793,1407.2602504196327,1382.88212168221,1406.3079833984375,7324500,0.0,0.0
2024-05-28 00:00:00+09:00,1409.1647983990742,1412.9738665215277,1395.642536818244,1410.1170654296875,6951000,0.0,0.0
2024-05-29 00:00:00+09:00,1409.355342950502,1417.925747063039,1388.0245361328125,1388.0245361328125,11233000,0.0,0.0
2024-05-30 00:00:00+09:00,1362.694194524382,1368.4077970171465,1341.363388636019,1363.4560546875,16172500,0.0,0.0
2024-05-31 00:00:00+09:00,1374.1213507401317,1417.5447048952706,1374.1213507401317,1411.259765625,32169000,0.0,0.0
2024-06-03 00:00:00+09:00,1426.496120984811,1444.0178589372047,1416.9734499501992,1434.1142578125,11107000,0.0,0.0
2024-06-04 00:00:00+09:00,1423.6392981561758,1424.7819721656406,1401.1658181028868,1421.9251708984375,13272500,0.0,0.0
2024-06-05 00:00:00+09:00,1414.878365513309,1415.6401093727986,1375.835418225887,1388.595703125,13542500,0.0,0.0
2024-06-06 00:00:00+09:00,1394.1190026444403,1406.8794047424894,1391.452608327759,1395.8331298828125,9061000,0.0,0.0
2024-06-07 00:00:00+09:00,1394.3093754892047,1405.7365801496608,1389.357633300422,1400.2135009765625,5681000,0.0,0.0
2024-06-10 00:00:00+09:00,1398.8804619036066,1411.2599350177977,1396.4045905294784,1404.213134765625,6240500,0.0,0.0
2024-06-11 00:00:00+09:00,1413.3548848754301,1426.6866252333468,1393.5477975183703,1398.6900634765625,8799000,0.0,0.0
2024-06-12 00:00:00+09:00,1388.0244936958309,1420.9729119168544,1385.3582155773533,1416.402099609375,13275000,0.0,0.0
2024-06-13 00:00:00+09:00,1427.8291622170232,1428.2100922655075,1399.8324891846246,1405.1651611328125,11076500,0.0,0.0
2024-06-14 00:00:00+09:00,1408.0221919615137,1435.637939453125,1403.070449253541,1435.637939453125,21167500,0.0,0.0
2024-06-17 00:00:00+09:00,1427.2578543237757,1427.2578543237757,1396.023449608652,1405.355712890625,12117000,0.0,0.0
2024-06-18 00:00:00+09:00,1411.640911220269,1414.8786429276302,1375.4547578588824,1382.31103515625,11073500,0.0,0.0
2024-06-19 00:00:00+09:00,1394.6903885239549,1414.6879978693228,1389.9290529655339,1397.166259765625,10660500,0.0,0.0
2024-06-20 00:00:00+09:00,1390.3099365234375,1402.499001642429,1380.7872657253317,1390.3099365234375,8154000,0.0,0.0
2024-06-21 00:00:00+09:00,1388.4055202480208,1408.022200508988,1382.88232421875,1382.88232421875,21780000,0.0,0.0
2024-06-24 00:00:00+09:00,1392.9763170682754,1401.9275345351384,1377.9304508586506,1386.5008544921875,11688000,0.0,0.0
2024-06-25 00:00:00+09:00,1399.8325801255746,1451.6359315095415,1393.7380476844835,1450.302734375,18235500,0.0,0.0
2024-06-26 00:00:00+09:00,1450.6838155612163,1478.8709002634384,1448.0174210143837,1472.7763671875,23228000,0.0,0.0
2024-06-27 00:00:00+09:00,1468.3958592396593,1474.8713219775623,1449.7314474422606,1458.111328125,14229000,0.0,0.0
2024-06-28 00:00:00+09:00,1490.8694301252972,1507.2484948880544,1485.7271642550877,1495.8212890625,20070000,0.0,0.0
2024-07-01 00:00:00+09:00,1505.5343455300927,1522.2942239141028,1488.9648740763082,1497.5352783203125,12385000,0.0,0.0
2024-07-02 00:00:00+09:00,1499.249312223427,1531.0550559064309,1478.4898434066201,1525.5318603515625,19849000,0.0,0.0
2024-07-03 00:00:00+09:00,1523.6273261938202,1528.9599985867906,1515.0569224839799,1525.5318603515625,12797500,0.0,0.0
2024-07-04 00:00:00+09:00,1538.6731130936657,1553.147525447758,1531.2453837645585,1543.4344482421875,12935500,0.0,0.0
2024-07-05 00:00:00+09:00,1544.5771643070073,1553.90942795005,1536.7686209478761,1542.863037109375,8912000,0.0,0.0
2024-07-08 00:00:00+09:00,1537.1494447586517,1551.814380760019,1531.4358423874855,1531.8167724609375,10909500,0.0,0.0
2024-07-09 00:00:00+09:00,1542.6726508295033,1561.7179921977686,1539.0539894721173,1548.57666015625,13658000,0.0,0.0
2024-07-10 00:00:00+09:00,1552.0050917154122,1556.1949742997579,1535.0546894658255,1549.9100341796875,14973000,0.0,0.0
2024-07-11 00:00:00+09:00,1564.5748731825088,1570.2884758843318,1534.6736624609266,1542.6727294921875,15876500,0.0,0.0
2024-07-12 00:00:00+09:00,1523.627421188833,1541.339566711444,1517.913818359375,1517.913818359375,15170500,0.0,0.0
2024-07-16 00:00:00+09:00,1523.8177127399977,1550.1003767602954,1518.2946335025078,1533.7213134765625,12400500,0.0,0.0
2024-07-17 00:00:00+09:00,1547.6244170456996,1561.3370862918362,1535.6258750466577,1555.2425537109375,11367500,0.0,0.0
2024-07-18 00:00:00+09:00,1529.3410029585257,1544.0059399342342,1520.1992618059883,1526.103271484375,11941000,0.0,0.0
2024-07-19 00:00:00+09:00,1524.0082290510923,1536.5781077702427,1512.200094235308,1531.8167724609375,9819000,0.0,0.0
2024-07-22 00:00:00+09:00,1541.7203064689818,1546.1007115153693,1511.8190987711548,1513.7236328125,7418500,0.0,0.0
2024-07-23 00:00:00+09:00,1506.4864902030727,1525.1509013462614,1506.4864902030727,1511.438232421875,7705000,0.0,0.0
2024-07-24 00:00:00+09:00,1504.581913866354,1511.819120076751,1483.632039116316,1486.10791015625,7980000,0.0,0.0
2024-07-25 00:00:00+09:00,1448.9697510329718,1461.5397478430625,1430.686267255546,1435.257080078125,15219000,0.0,0.0
2024-07-26 00:00:00+09:00,1433.9238614723504,1446.6841477580733,1411.6407878381897,1423.0679931640625,13632000,0.0,0.0
2024-07-29 00:00:00+09:00,1429.5433895800293,1472.0145971825507,1422.3061825368466,1451.255126953125,9830000,0.0,0.0
2024-07-30 00:00:00+09:00,1440.5896554972226,1446.1127347015224,1429.9241946744226,1443.8272705078125,8593000,0.0,0.0
2024-07-31 00:00:00+09:00,1449.1600053953364,1483.8224321165594,1438.685068118508,1482.298828125,19521500,0.0,0.0
2024-08-01 00:00:00+09:00,1453.7309445225176,1453.7309445225176,1403.2607877742698,1408.212646484375,20998000,0.0,0.0
2024-08-02 00:00:00+09:00,1341.7443757488643,1356.7902427834238,1310.700490800687,1311.0814208984375,25286500,0.0,0.0
2024-08-05 00:00:00+09:00,1161.7659469898695,1216.9974428303715,1120.6280517578125,1120.6280517578125,33533500,0.0,0.0
2024-08-06 00:00:00+09:00,1215.854647327494,1236.2330697287805,1154.7190313930157,1218.90185546875,34229500,0.0,0.0
2024-08-07 00:00:00+09:00,1165.5748911129094,1300.9872216712586,1163.8607638932692,1250.32666015625,32516500,0.0,0.0
2024-08-08 00:00:00+09:00,1212.2360933420512,1230.9005064087412,1197.9520859578163,1208.617431640625,20906000,0.0,0.0
2024-08-09 00:00:00+09:00,1250.7075818859894,1327.841213871386,1248.8030477628931,1281.75146484375,39278500,0.0,0.0
2024-08-13 00:00:00+09:00,1298.1304711418925,1324.7939500840146,1295.0832629030672,1318.318603515625,20167500,0.0,0.0
2024-08-14 00:00:00+09:00,1321.3658657006063,1346.315334618306,1316.6045299808409,1333.554931640625,17305500,0.0,0.0
2024-08-15 00:00:00+09:00,1333.7451908923845,1358.5041338937185,1332.9834470076953,1346.315185546875,12337000,0.0,0.0
2024-08-16 00:00:00+09:00,1374.8832148376869,1378.311352972845,1348.6005512332222,1364.9796142578125,18198000,0.0,0.0
2024-08-19 00:00:00+09:00,1349.743566550556,1376.9783855047745,1345.9344977109852,1360.218505859375,13351500,0.0,0.0
2024-08-20 00:00:00+09:00,1375.4547265483889,1375.8356566659165,1349.9339198402015,1365.3607177734375,13032500,0.0,0.0
2024-08-21 00:00:00+09:00,1342.6966821323497,1354.5048180466206,1334.3166847109837,1350.3148193359375,14844000,0.0,0.0
2024-08-22 00:00:00+09:00,1341.7443682929947,1359.837443521928,1337.3639628020674,1357.361572265625,10752000,0.0,0.0
2024-08-23 00:00:00+09:00,1352.6001752271052,1361.5515089718685,1346.8865727828147,1354.123779296875,9662000,0.0,0.0
2024-08-26 00:00:00+09:00,1365.3606427078469,1376.597324974053,1352.2193099587173,1358.3138427734375,11927000,0.0,0.0
2024-08-27 00:00:00+09:00,1375.2640679965052,1396.40446688109,1370.1219187684683,1395.8331298828125,14843000,0.0,0.0
2024-08-28 00:00:00+09:00,1382.6917399340166,1396.2138853836157,1380.0253457287408,1393.547607421875,13950500,0.0,0.0
2024-08-29 00:00:00+09:00,1409.3553053380408,1435.066516989478,1404.5939698470338,1425.7342529296875,25413000,0.0,0.0
2024-08-30 00:00:00+09:00,1435.2569512476236,1467.634033203125,1432.0193360469093,1467.634033203125,39335500,0.0,0.0
2024-09-02 00:00:00+09:00,1470.49087667372,1479.8231411785719,1455.6355324820272,1471.6336669921875,15279000,0.0,0.0
2024-09-03 00:00:00+09:00,1473.157143757603,1493.1547520439055,1469.1576685977577,1490.1075439453125,11096500,0.0,0.0
2024-09-04 00:00:00+09:00,1424.5916268377532,1449.1601652953416,1419.0684309849478,1425.1629638671875,24721000,0.0,0.0
2024-09-05 00:00:00+09:00,1383.6441868256757,1456.5878282093447,1383.2632567120447,1424.5916748046875,21706000,0.0,0.0
2024-09-06 00:00:00+09:00,1428.7815852818262,1453.1595998817231,1425.3534469580745,1434.1142578125,18809500,0.0,0.0
2024-09-09 00:00:00+09:00,1399.8327898902921,1440.7802796625933,1386.5010490341942,1436.2093505859375,17571500,0.0,0.0
2024-09-10 00:00:00+09:00,1439.0660786770427,1466.1104891378718,1438.1138115216863,1442.1134033203125,16641000,0.0,0.0
2024-09-11 00:00:00+09:00,1426.3056489090714,1450.1123254081308,1401.3561821919343,1416.0211181640625,18493000,0.0,0.0
2024-09-12 00:00:00+09:00,1437.7330195188456,1438.6852866886836,1412.9740731030574,1413.54541015625,19401500,0.0,0.0
2024-09-13 00:00:00+09:00,1408.022098258331,1412.2120967096844,1384.9772811411997,1395.0712890625,21041000,0.0,0.0
2024-09-17 00:00:00+09:00,1395.0714011133614,1403.4513986891418,1369.741117693392,1392.214599609375,16712000,0.0,0.0
2024-09-18 00:00:00+09:00,1407.0697863054545,1414.3069927214813,1382.6917727887405,1396.5948486328125,15234000,0.0,0.0
2024-09-19 00:00:00+09:00,1438.3042456770456,1470.1099899460842,1434.4951772913773,1459.0635986328125,18798500,0.0,0.0
2024-09-20 00:00:00+09:00,1495.05945961987,1496.9639939633348,1453.9215642984507,1457.1591796875,30591500,0.0,0.0
2024-09-24 00:00:00+09:00,1471.443065014791,1487.441198668178,1467.633996644322,1477.53759765625,12177000,0.0,0.0
2024-09-25 00:00:00+09:00,1477.5375782642082,1485.727051904525,1463.2535720624205,1464.3963623046875,12877000,0.0,0.0
2024-09-26 00:00:00+09:00,1475.2521386598464,1519.2469482421875,1469.7290592490442,1519.2469482421875,22870000,0.0,0.0
2024-09-27 00:00:00+09:00,1538.534110553418,1538.534110553418,1502.8529263868431,1531.9764404296875,19483000,20.0,0.0
2024-09-30 00:00:00+09:00,1476.4295848806423,1507.2889883530006,1471.8006272720759,1480.8656005859375,20078000,0.0,0.0
2024-10-01 00:00:00+09:00,1488.387511091655,1544.7059415765432,1487.423154808418,1534.0980224609375,17801500,0.0,0.0
2024-10-02 00:00:00+09:00,1518.861188907505,1545.863165599194,1504.395844251243,1511.5321044921875,19389500,0.0,0.0
2024-10-03 00:00:00+09:00,1540.4627652765175,1540.8485313373956,1506.324528976098,1516.7396240234375,19447500,0.0,0.0
2024-10-04 00:00:00+09:00,1512.4964540991837,1519.6327143085,1496.873811308095,1519.2469482421875,16335500,0.0,0.0
2024-10-07 00:00:00+09:00,1535.6409351712693,1546.248854053398,1522.5257135517645,1541.234130859375,15506500,0.0,0.0
2024-10-08 00:00:00+09:00,1515.1966668689931,1518.8612681274262,1497.2596621035352,1502.6600341796875,13611500,0.0,0.0
2024-10-09 00:00:00+09:00,1502.6600003195558,1506.5174256754979,1482.4085172008595,1488.0018310546875,11008000,0.0,0.0
2024-10-10 00:00:00+09:00,1502.4671195005315,1505.9387786461514,1487.6160088961449,1498.4168701171875,9882500,0.0,0.0
2024-10-11 00:00:00+09:00,1512.6893029057353,1515.775313767213,1490.8948735758431,1491.2806396484375,14712000,0.0,0.0
2024-10-15 00:00:00+09:00,1504.7817365092842,1507.8676298736905,1482.02294921875,1482.02294921875,18698500,0.0,0.0
2024-10-16 00:00:00+09:00,1461.9642447940753,1493.2094144667763,1451.5491489967476,1475.0794677734375,12513000,0.0,0.0
2024-10-17 00:00:00+09:00,1471.414798780421,1478.1652924636358,1465.049953417976,1466.593017578125,11081500,0.0,0.0
2024-10-18 00:00:00+09:00,1468.5218788245606,1471.2220059398167,1457.721017205698,1463.3143310546875,7909000,0.0,0.0
2024-10-21 00:00:00+09:00,1461.9642112483793,1468.9075298077573,1449.2347546497597,1460.4212646484375,8587000,0.0,0.0
2024-10-22 00:00:00+09:00,1459.842570606107,1471.9934360808365,1448.8488855692488,1466.785888671875,15839500,0.0,0.0
2024-10-23 00:00:00+09:00,1463.8929425691304,1477.3939314992804,1456.7566820193376,1465.8216552734375,12125500,0.0,0.0
2024-10-24 00:00:00+09:00,1448.4630808419265,1461.5783022377866,1439.5910504704154,1456.949462890625,15058500,0.0,0.0
2024-10-25 00:00:00+09:00,1440.7482456586813,1453.8634671890966,1431.297507267456,1438.626708984375,11330500,0.0,0.0
2024-10-28 00:00:00+09:00,1433.9979802294351,1467.750454545528,1431.6835013039026,1454.056640625,13177500,0.0,0.0
2024-10-29 00:00:00+09:00,1456.1779909530483,1473.7292282596075,1452.3205658114507,1469.293212890625,10702000,0.0,0.0
2024-10-30 00:00:00+09:00,1475.4651732708833,1497.4525445092977,1470.8362158356556,1490.3162841796875,28027500,0.0,0.0
2024-10-31 00:00:00+09:00,1487.6159765518494,1489.9304551716987,1465.8215481300854,1476.043701171875,17375000,0.0,0.0
2024-11-01 00:00:00+09:00,1458.1066671774481,1475.4650798819416,1454.4420662965692,1456.563720703125,12052000,0.0,0.0
2024-11-05 00:00:00+09:00,1485.108723023685,1505.7459716796875,1473.7292714348837,1505.7459716796875,19480000,0.0,0.0
2024-11-06 00:00:00+09:00,1487.037459885608,1539.8842338226912,1485.4945133024746,1531.0120849609375,23992000,0.0,0.0
2024-11-07 00:00:00+09:00,1541.041340070561,1542.7772284674863,1488.5803347370704,1501.695556640625,23561000,0.0,0.0
2024-11-08 00:00:00+09:00,1520.5970347857635,1523.1043375788033,1500.152610945677,1500.731201171875,13000500,0.0,0.0
2024-11-11 00:00:00+09:00,1514.6180299207233,1529.2763167834516,1507.4817695274867,1528.1190185546875,10708500,0.0,0.0
2024-11-12 00:00:00+09:00,1534.8695545432763,1557.0497507584082,1528.1190600430186,1538.919921875,13870500,0.0,0.0
2024-11-13 00:00:00+09:00,1529.0834211000893,1532.1694320841186,1487.0375073416778,1503.6243896484375,21614000,0.0,0.0
2024-11-14 00:00:00+09:00,1523.8758237236905,1565.7289119386098,1519.6327500522773,1531.9764404296875,17118500,0.0,0.0
2024-11-15 00:00:00+09:00,1533.3265465845036,1548.1776574349008,1523.6829833984375,1523.6829833984375,13507000,0.0,0.0
2024-11-18 00:00:00+09:00,1514.2322580399912,1522.1400505554245,1505.1674027387862,1508.2532958984375,8219000,0.0,0.0
2024-11-19 00:00:00+09:00,1500.9241696276454,1511.3391470413806,1487.0374153567238,1502.2742919921875,13232500,0.0,0.0
2024-11-20 00:00:00+09:00,1495.909485379193,1509.989181910222,1484.5301513671875,1484.5301513671875,13705500,0.0,0.0
2024-11-21 00:00:00+09:00,1488.9662104225033,1491.0877473133721,1460.0355198054858,1462.9285888671875,13263500,0.0,0.0
2024-11-22 00:00:00+09:00,1460.0354456387759,1478.1653912588567,1456.370844592395,1462.156982421875,14602000,0.0,0.0
2024-11-25 00:00:00+09:00,1466.4002562302908,1473.3436926479799,1448.8490175808674,1454.2493896484375,37247500,0.0,0.0
2024-11-26 00:00:00+09:00,1448.4631445967912,1449.8132669438653,1426.4757741423662,1436.890869140625,16213000,0.0,0.0
2024-11-27 00:00:00+09:00,1432.454874526417,1432.454874526417,1402.174063099936,1412.781982421875,15138000,0.0,0.0
2024-11-28 00:00:00+09:00,1391.1804898437947,1421.8470698066835,1390.601899559818,1421.4613037109375,11512000,0.0,0.0
2024-11-29 00:00:00+09:00,1420.6896002292826,1425.7043234307935,1411.4318036440006,1424.161376953125,8949500,0.0,0.0
2024-12-02 00:00:00+09:00,1424.1613816666948,1453.4777179972377,1422.6183174646487,1446.920166015625,10181500,0.0,0.0
2024-12-03 00:00:00+09:00,1460.4213388831229,1496.488291371571,1454.2494344503516,1485.88037109375,19096000,0.0,0.0
2024-12-04 00:00:00+09:00,1503.4315753378537,1524.4545912147685,1485.3016285603703,1493.0164794921875,16455500,0.0,0.0
2024-12-05 00:00:00+09:00,1510.1820052164376,1513.8466063397952,1481.0584912840106,1485.4945068359375,11979000,0.0,0.0
2024-12-06 00:00:00+09:00,1469.6789615198302,1480.0940563663407,1456.7565639048696,1461.964111328125,13590500,0.0,0.0
2024-12-09 00:00:00+09:00,1461.9641197911808,1482.022777493439,1460.2282314002896,1479.901123046875,10861500,0.0,0.0
2024-12-10 00:00:00+09:00,1493.7879708381074,1500.3456410386011,1480.6727481563996,1486.0731201171875,13852500,0.0,0.0
2024-12-11 00:00:00+09:00,1491.0877268729464,1501.309998259587,1478.7440363438002,1485.1087646484375,10853500,0.0,0.0
2024-12-12 00:00:00+09:00,1500.3456211022824,1518.861215498746,1494.7523073162265,1508.2532958984375,17589000,0.0,0.0
2024-12-13 00:00:00+09:00,1490.7020485469695,1504.3958612216609,1475.4651715827827,1492.2449951171875,14762000,0.0,0.0
2024-12-16 00:00:00+09:00,1485.1087681452432,1487.2303050120245,1472.957901767911,1481.2513427734375,8217500,0.0,0.0
2024-12-17 00:00:00+09:00,1475.4652851288872,1495.7167694345778,1475.2724609375,1475.2724609375,10541000,0.0,0.0
2024-12-18 00:00:00+09:00,1480.0941959835516,1492.2450626378236,1470.2576904296875,1470.2576904296875,12022500,0.0,0.0
2024-12-19 00:00:00+09:00,1447.4987801106772,1457.5281089930734,1439.0123977365097,1446.534423828125,15753500,0.0,0.0
2024-12-20 00:00:00+09:00,1450.7777641696423,1458.1068491266867,1440.362668159595,1443.2557373046875,14289000,0.0,0.0
2024-12-23 00:00:00+09:00,1461.9640827515468,1470.4504648842506,1454.8278229198556,1468.135986328125,8273000,0.0,0.0
2024-12-24 00:00:00+09:00,1473.7292984505245,1480.6727346676664,1466.4002138762737,1474.8865966796875,5219500,0.0,0.0
2024-12-25 00:00:00+09:00,1484.9159483604965,1484.9159483604965,1458.6853851229926,1476.4295654296875,8080000,0.0,0.0
2024-12-26 00:00:00+09:00,1476.4295690979188,1498.9955311897118,1475.4652127497163,1498.2239990234375,10086000,0.0,0.0
2024-12-27 00:00:00+09:00,1504.395859548391,1527.7332354100845,1501.6956147640547,1520.7899169921875,11173500,0.0,0.0
2024-12-30 00:00:00+09:00,1536.2194792077182,1541.812792446966,1507.288792216989,1510.567626953125,10344000,0.0,0.0
2025-01-06 00:00:00+09:00,1524.4545094213797,1526.3832220508505,1490.5090965111287,1503.8172607421875,15727500,0.0,0.0
2025-01-07 00:00:00+09:00,1494.7523158796353,1506.324591873542,1488.387587626842,1498.6097412109375,10879000,0.0,0.0
2025-01-08 00:00:00+09:00,1493.7879152755863,1505.167366753388,1487.2302453190098,1495.5238037109375,13142500,0.0,0.0
2025-01-09 00:00:00+09:00,1493.4022233541773,1493.5951652561707,1440.1697998046875,1440.1697998046875,17436000,0.0,0.0
2025-01-10 00:00:00+09:00,1448.8489509462172,1453.0921422753297,1416.6394264870005,1418.182373046875,14518000,0.0,0.0
2025-01-14 00:00:00+09:00,1418.182424309431,1451.356306282604,1411.2391056793795,1418.3753662109375,16255500,0.0,0.0
2025-01-15 00:00:00+09:00,1436.312399021205,1436.8909892985425,1385.9729259457533,1388.4803466796875,14929500,0.0,0.0
2025-01-16 00:00:00+09:00,1395.4236010930383,1397.5451379185301,1375.1721182851918,1376.136474609375,10539000,0.0,0.0
2025-01-17 00:00:00+09:00,1369.3859385795959,1378.8366773560942,1357.0421309187743,1370.157470703125,17420000,0.0,0.0
2025-01-20 00:00:00+09:00,1382.8869876504139,1389.8303061910724,1378.2580301437886,1381.536865234375,6705500,0.0,0.0
2025-01-21 00:00:00+09:00,1381.1509316978838,1384.6227082665569,1372.0860774020039,1379.4151611328125,9040000,0.0,0.0
2025-01-22 00:00:00+09:00,1380.9582666188162,1386.5515804288664,1360.3210175821932,1364.564208984375,17395000,0.0,0.0
2025-01-23 00:00:00+09:00,1377.8723708381522,1379.6081415998876,1363.021259818263,1367.457275390625,16333000,0.0,0.0
2025-01-24 00:00:00+09:00,1371.5074303714975,1378.0651000486605,1359.935155213636,1362.2496337890625,16981500,0.0,0.0
2025-01-27 00:00:00+09:00,1378.8367442191538,1387.9015996541896,1366.300111779156,1374.786376953125,10558000,0.0,0.0
2025-01-28 00:00:00+09:00,1381.3440025570992,1385.5871938667028,1363.9855889699459,1371.700439453125,13878500,0.0,0.0
2025-01-29 00:00:00+09:00,1388.6730569878293,1388.6730569878293,1374.4005368144117,1378.836669921875,6798500,0.0,0.0
2025-01-30 00:00:00+09:00,1370.9288449045982,1388.6730237519496,1370.7360207390077,1385.0084228515625,8473000,0.0,0.0
2025-01-31 00:00:00+09:00,1379.6081491002428,1393.109137788218,1373.4362450133126,1385.394287109375,10034000,0.0,0.0
2025-02-03 00:00:00+09:00,1369.578711491736,1378.0650936558409,1358.7779684822112,1369.9644775390625,14487500,0.0,0.0
2025-02-04 00:00:00+09:00,1387.515912476431,1388.6730929661921,1351.0631966983576,1364.949951171875,13958000,0.0,0.0
2025-02-05 00:00:00+09:00,1359.742372362076,1374.014892578125,1352.9918783148883,1374.014892578125,11549500,0.0,0.0
2025-02-06 00:00:00+09:00,1372.0861274899107,1394.6519696944583,1304.3882477184598,1317.6964111328125,41495500,0.0,0.0
2025-02-07 00:00:00+09:00,1313.4532919393864,1313.4532919393864,1279.5079969740377,1288.9586181640625,25178500,0.0,0.0
2025-02-10 00:00:00+09:00,1273.336135607045,1276.6149707087734,1259.4493807592585,1267.3570556640625,16077000,0.0,0.0
2025-02-12 00:00:00+09:00,1253.8560738387212,1260.4137440784868,1239.5836705511147,1259.6422119140625,19468000,0.0,0.0
2025-02-13 00:00:00+09:00,1278.736585019063,1301.6883144019919,1277.7722286201044,1289.923095703125,20432000,0.0,0.0
2025-02-14 00:00:00+09:00,1270.6357794304106,1283.9439428516378,1253.85595703125,1253.85595703125,17642000,0.0,0.0
2025-02-17 00:00:00+09:00,1240.5480214188299,1252.8917119601472,1238.2335426550578,1239.7764892578125,16192000,0.0,0.0
2025-02-18 00:00:00+09:00,1228.5899888359197,1242.2838019063472,1219.9107816934368,1229.1685791015625,13274500,0.0,0.0
2025-02-19 00:00:00+09:00,1224.73239589471,1226.6611083291898,1197.53759765625,1197.53759765625,21859500,0.0,0.0
2025-02-20 00:00:00+09:00,1186.158286032089,1187.508408438095,1170.5357605720608,1177.2862548828125,22108000,0.0,0.0
2025-02-21 00:00:00+09:00,1166.871245930244,1186.1583739621487,1161.0851075206724,1184.4224853515625,21393000,0.0,0.0
2025-02-25 00:00:00+09:00,1241.8980258932,1272.3716598507078,1217.5961777605526,1263.49951171875,47867000,0.0,0.0
2025-02-26 00:00:00+09:00,1265.2353380009747,1267.9355824563647,1234.7617055380965,1252.1201171875,34746000,0.0,0.0
2025-02-27 00:00:00+09:00,1311.717439799281,1336.790704509663,1300.7238717555367,1306.510009765625,50036500,0.0,0.0
2025-02-28 00:00:00+09:00,1301.6881229656888,1332.74034735766,1278.1578067477922,1286.2584228515625,33936000,0.0,0.0
2025-03-03 00:00:00+09:00,1304.967051342527,1330.4260841965815,1295.3234872098767,1322.9041748046875,20311500,0.0,0.0
2025-03-04 00:00:00+09:00,1311.717427747773,1320.2038105056447,1295.3233702031448,1320.010986328125,17803500,0.0,0.0
2025-03-05 00:00:00+09:00,1320.011042218554,1325.9900046061557,1304.1955742561222,1310.560302734375,16336000,0.0,0.0
2025-03-06 00:00:00+09:00,1308.2456727406757,1323.6753728295394,1307.0884923217186,1317.6964111328125,17688500,0.0,0.0
2025-03-07 00:00:00+09:00,1299.1808216141094,1322.518315807572,1293.7804496229817,1316.732177734375,15114000,0.0,0.0
2025-03-10 00:00:00+09:00,1318.6609401426695,1323.6755462407928,1308.631610227138,1314.031982421875,15422000,0.0,0.0
2025-03-11 00:00:00+09:00,1286.4512873960857,1296.0948502701192,1266.971337478247,1294.1661376953125,26158000,0.0,0.0
2025-03-12 00:00:00+09:00,1295.1304361488014,1308.4385994084025,1290.8872451298512,1307.4742431640625,11643000,0.0,0.0
2025-03-13 00:00:00+09:00,1311.910303805786,1318.0822075272915,1302.4595651960492,1309.5958251953125,12998000,0.0,0.0
2025-03-14 00:00:00+09:00,1302.4595116315613,1322.132402432618,1301.4951553934632,1318.0821533203125,16579000,0.0,0.0
2025-03-17 00:00:00+09:00,1329.2688130563201,1345.8556951470862,1328.497280890539,1339.490966796875,13890000,0.0,0.0
2025-03-18 00:00:00+09:00,1416.6394437574118,1416.6394437574118,1372.279052734375,1372.279052734375,31071500,0.0,0.0
2025-03-19 00:00:00+09:00,1392.5305120059613,1433.8050091725188,1388.865910939288,1425.897216796875,32281500,0.0,0.0
2025-03-21 00:00:00+09:00,1396.9666031006784,1423.1971667908779,1391.37340683004,1398.1239013671875,36102500,0.0,0.0
2025-03-24 00:00:00+09:00,1401.0167874572037,1405.6456267607848,1369.3858558126965,1379.9937744140625,13975000,0.0,0.0
2025-03-25 00:00:00+09:00,1393.494843433984,1397.9308588380852,1372.086180816341,1373.050537109375,13046500,0.0,0.0
2025-03-26 00:00:00+09:00,1391.951835411357,1395.0377283250184,1375.5577791540843,1384.4298095703125,12603000,0.0,0.0
2025-03-27 00:00:00+09:00,1382.8870474001526,1397.7381591796875,1378.258089693526,1397.7381591796875,18189000,0.0,0.0
2025-03-28 00:00:00+09:00,1398.3247492844582,1408.885571361275,1387.1772413959054,1395.1956787109375,17743500,20.0,0.0
2025-03-31 00:00:00+09:00,1352.5613560638556,1360.1886297717492,1332.2221584534589,1349.6278076171875,20552000,0.0,0.0
2025-04-01 00:00:00+09:00,1369.1847241084818,1382.6790939887308,1359.2107076692616,1368.0113525390625,16004000,0.0,0.0
2025-04-02 00:00:00+09:00,1368.4026293637357,1370.5538505410586,1337.1114450163766,1340.4361572265625,16424500,0.0,0.0
2025-04-03 00:00:00+09:00,1281.7652243744021,1300.1487241007662,1268.0753308187188,1297.0196533203125,27444500,0.0,0.0
2025-04-04 00:00:00+09:00,1258.2968195138035,1285.2854425948105,1252.625244508735,1272.7689208984375,22597000,0.0,0.0
2025-04-07 00:00:00+09:00,1162.6630131819356,1214.6845569419222,1148.5819570211727,1181.046630859375,28975000,0.0,0.0
2025-04-08 00:00:00+09:00,1217.2270369719697,1261.0346204913553,1212.924475540376,1237.9573974609375,21297000,0.0,0.0
2025-04-09 00:00:00+09:00,1221.7251581535752,1237.7619134196796,1199.0389787097429,1214.6845703125,19683500,0.0,0.0
2025-04-10 00:00:00+09:00,1312.4696072277247,1333.0044476050605,1295.8461650175007,1327.919677734375,25363000,0.0,0.0
2025-04-11 00:00:00+09:00,1261.6213811016,1286.4587823526058,1243.2378820639067,1278.635986328125,20819500,0.0,0.0
2025-04-14 00:00:00+09:00,1295.6506024287185,1300.3443278293582,1281.3740234375,1281.3740234375,12936000,0.0,0.0
2025-04-15 00:00:00+09:00,1300.9310136628392,1302.300026851892,1272.9645415138832,1281.3740234375,11383000,0.0,0.0
2025-04-16 00:00:00+09:00,1268.2708109991497,1284.69873046875,1265.9239483082933,1284.69873046875,10199500,0.0,0.0
2025-04-17 00:00:00+09:00,1283.7207624127468,1293.108092942879,1275.3111619332524,1290.76123046875,8639000,0.0,0.0
2025-04-18 00:00:00+09:00,1308.7537953874726,1323.812701568969,1294.6727387065096,1322.248046875,8662000,0.0,0.0
2025-04-21 00:00:00+09:00,1322.0524922339766,1324.0081911869856,1306.406900609906,1312.6651611328125,6707500,0.0,0.0
2025-04-22 00:00:00+09:00,1317.358870562909,1355.4950031446112,1313.6431138799169,1352.17041015625,12094000,0.0,0.0
2025-04-23 00:00:00+09:00,1375.4430995048801,1382.8747319217148,1365.4690822304963,1380.7235107421875,15289500,0.0,0.0
2025-04-24 00:00:00+09:00,1378.1810089302794,1383.2657782138774,1368.7936782863526,1377.398681640625,13618500,0.0,0.0
2025-04-25 00:00:00+09:00,1388.5462834958041,1403.9963532699908,1384.6348855141257,1394.022216796875,12733000,0.0,0.0
2025-04-28 00:00:00+09:00,1414.55703657292,1428.4425708350448,1413.1880234250498,1422.77099609375,13201500,0.0,0.0
2025-04-30 00:00:00+09:00,1437.438743778827,1441.1546195705266,1424.1400146484375,1424.1400146484375,22567000,0.0,0.0
2025-05-01 00:00:00+09:00,1421.4019058322976,1429.8113870467118,1407.7120138290793,1421.0107421875,14641000,0.0,0.0
2025-05-02 00:00:00+09:00,1414.9482135516246,1439.1989286762607,1375.6387117579086,1377.2032470703125,42799000,0.0,0.0
2025-05-07 00:00:00+09:00,1411.6234619996542,1443.3058084985091,1408.2987499496182,1425.3133544921875,31049000,0.0,0.0
2025-05-08 00:00:00+09:00,1429.616009472908,1442.5235754917678,1418.0773372996866,1441.9368896484375,17045000,0.0,0.0
2025-05-09 00:00:00+09:00,1446.8261534057153,1465.796458327395,1442.5235915626954,1461.493896484375,17995000,0.0,0.0
2025-05-12 00:00:00+09:00,1466.7742308066317,1471.8590003935376,1453.0843379857697,1464.4273681640625,10155500,0.0,0.0
2025-05-13 00:00:00+09:00,1490.2425695888512,1499.4343783401705,1477.7260488168777,1489.6558837890625,14543000,0.0,0.0
2025-05-14 00:00:00+09:00,1486.3313148427042,1486.5268370059919,1446.2394833239207,1460.9072265625,12937500,0.0,0.0
2025-05-15 00:00:00+09:00,1468.1432999744152,1474.5970829629098,1458.9514905707304,1470.0989990234375,10451500,0.0,0.0
2025-05-16 00:00:00+09:00,1494.1539619435775,1502.5634433534901,1484.5709895719915,1488.286865234375,14791000,0.0,0.0
2025-05-19 00:00:00+09:00,1483.3976859791799,1485.7445486437243,1469.3166293583072,1473.22802734375,11326000,0.0,0.0
2025-05-20 00:00:00+09:00,1478.3129642745769,1488.2869817142766,1465.7964425687915,1471.468017578125,13476500,0.0,0.0
2025-05-21 00:00:00+09:00,1486.331160884195,1503.1501236423821,1483.3976125403447,1486.9178466796875,15495500,0.0,0.0
2025-05-22 00:00:00+09:00,1476.5527494106796,1479.681820073469,1453.2798834946025,1455.8223876953125,12209000,0.0,0.0
2025-05-23 00:00:00+09:00,1458.3647836211737,1470.4901414228916,1456.6046067559712,1469.316650390625,10545500,0.0,0.0
2025-05-26 00:00:00+09:00,1469.707893869062,1476.5528408132293,1459.1470708372146,1461.6895751953125,8463500,0.0,0.0
2025-05-27 00:00:00+09:00,1459.1470127290736,1473.6192334383984,1458.9514905707304,1470.0989990234375,9497000,0.0,0.0
2025-05-28 00:00:00+09:00,1476.552766028871,1488.482482352215,1469.1211335963094,1470.6856689453125,13302000,0.0,0.0
2025-05-29 00:00:00+09:00,1479.8774526625302,1499.6299647557657,1475.7704131552123,1493.3717041015625,12199500,0.0,0.0
2025-05-30 00:00:00+09:00,1480.4641758329801,1515.2755949317311,1478.8996404715615,1513.7110595703125,26491000,0.0,0.0
2025-06-02 00:00:00+09:00,1504.9102694737578,1506.6704461904567,1486.9178161278899,1497.4786376953125,12557000,0.0,0.0
2025-06-03 00:00:00+09:00,1500.2166765193317,1500.803481720804,1470.6856689453125,1470.6856689453125,13344000,0.0,0.0
2025-06-04 00:00:00+09:00,1476.5526940510856,1478.117229323822,1467.360885194973,1470.29443359375,16906000,0.0,0.0
2025-06-05 00:00:00+09:00,1463.8408203125,1471.076931073097,1455.6268599725358,1463.8408203125,10887500,0.0,0.0
2025-06-06 00:00:00+09:00,1463.8406161317068,1468.9253854886156,1454.2576438440092,1465.4051513671875,10029500,0.0,0.0
2025-06-09 00:00:00+09:00,1477.1394516901032,1483.9843982867824,1465.991943359375,1465.991943359375,8310500,0.0,0.0
2025-06-10 00:00:00+09:00,1463.8405935664646,1465.7962924222647,1449.5640157924,1453.8665771484375,12189500,0.0,0.0
2025-06-11 00:00:00+09:00,1452.1065594891686,1464.0362760697255,1444.4792853695349,1460.1248779296875,9535500,0.0,0.0
2025-06-12 00:00:00+09:00,1462.667287917134,1468.5343847489453,1441.936807491566,1443.5013427734375,15564500,0.0,0.0
2025-06-13 00:00:00+09:00,1432.9406366309427,1435.8741850397544,1415.5348683254356,1432.7449951171875,15620000,0.0,0.0
2025-06-16 00:00:00+09:00,1450.737490849684,1463.4495343192166,1443.8925443660896,1459.14697265625,11067500,0.0,0.0
2025-06-17 00:00:00+09:00,1455.235474778425,1469.12100831188,1454.6487889933799,1464.6229248046875,10946500,0.0,0.0
2025-06-18 00:00:00+09:00,1462.276255414647,1485.5490033151248,1460.5160784606674,1485.157958984375,12258500,0.0,0.0
2025-06-19 00:00:00+09:00,1483.3977447534867,1483.7889084408082,1461.6895328207268,1469.5123291015625,8045500,0.0,0.0
2025-06-20 00:00:00+09:00,1466.38311255201,1487.1135939425974,1463.84072767982,1472.0546875,63494000,0.0,0.0
2025-06-23 00:00:00+09:00,1481.8332307894864,1490.633876732634,1454.2578018811173,1460.9072265625,10735000,0.0,0.0
2025-06-24 00:00:00+09:00,1466.3830904792944,1484.571067357521,1446.2394145955295,1451.128662109375,9327000,0.0,0.0
2025-06-25 00:00:00+09:00,1445.2615694228919,1446.826104758731,1416.7084116030435,1427.6602783203125,12887000,0.0,0.0
2025-06-26 00:00:00+09:00,1426.4868899199084,1462.4716796875,1421.0108372591417,1462.4716796875,18192000,0.0,0.0
2025-06-27 00:00:00+09:00,1472.6413572150534,1480.4641532693165,1462.08053479524,1467.9476318359375,14069000,0.0,0.0
2025-06-30 00:00:00+09:00,1480.464100486682,1486.1356751703734,1469.1210704856896,1477.72607421875,11573500,0.0,0.0
2025-07-01 00:00:00+09:00,1472.4458298910442,1474.4015288977444,1462.276171182925,1471.2723388671875,7889000,0.0,0.0
2025-07-02 00:00:00+09:00,1478.5084365754437,1492.9806568493268,1471.0768042860416,1487.30908203125,13983500,0.0,0.0
2025-07-03 00:00:00+09:00,1466.7742687297814,1493.9585329234649,1455.2355967358824,1484.7667236328125,13781500,0.0,0.0
2025-07-04 00:00:00+09:00,1483.5932295594666,1485.9400922579068,1461.1026908183392,1474.0103759765625,7095000,0.0,0.0
2025-07-07 00:00:00+09:00,1477.9217822175706,1494.9363876676598,1475.9660831857534,1481.4420166015625,8913500,0.0,0.0
2025-07-08 00:00:00+09:00,1498.0654373117936,1516.4490556989922,1472.6413502555881,1490.047119140625,14304500,0.0,0.0
2025-07-09 00:00:00+09:00,1501.7812895869977,1509.0172802962663,1491.611631050911,1498.652099609375,9129000,0.0,0.0
2025-07-10 00:00:00+09:00,1492.1984067170517,1492.1984067170517,1470.0990308578248,1484.3756103515625,15255500,0.0,0.0
2025-07-11 00:00:00+09:00,1499.0432146848484,1507.257173981057,1487.3090212235188,1489.6558837890625,8727000,0.0,0.0
2025-07-14 00:00:00+09:00,1492.1982465199512,1513.5154120739337,1491.0248749376567,1507.6483154296875,8092500,0.0,0.0
2025-07-15 00:00:00+09:00,1496.3052839138695,1498.0654607919066,1469.51230262781,1472.0546875,12154500,0.0,0.0
2025-07-16 00:00:00+09:00,1472.8368692906583,1480.6596652913872,1463.0583742897475,1479.290771484375,7793000,0.0,0.0
2025-07-17 00:00:00+09:00,1479.2908351564306,1488.0914810360503,1473.0325742131988,1483.006591796875,10145500,0.0,0.0
2025-07-18 00:00:00+09:00,1482.4198526979494,1483.7888658811078,1470.685658613269,1477.3350830078125,8791000,0.0,0.0
2025-07-22 00:00:00+09:00,1476.5526506479468,1495.9141172573022,1470.4900318819073,1487.5045166015625,8738000,0.0,0.0
2025-07-23 00:00:00+09:00,1515.6666626637684,1551.4559290185514,1509.995088050471,1540.6995849609375,23119500,0.0,0.0
2025-07-24 00:00:00+09:00,1551.8472000693275,1575.315588728221,1550.673828382942,1566.123779296875,13293500,0.0,0.0
2025-07-25 00:00:00+09:00,1559.8654617965599,1560.6477891366692,1539.1351003139832,1545.002197265625,10972500,0.0,0.0
2025-07-28 00:00:00+09:00,1545.3933924025682,1548.3269409381212,1530.138963890972,1534.44140625,9029000,0.0,0.0
2025-07-29 00:00:00+09:00,1527.4010384074911,1538.7440696209756,1507.2573610059997,1518.209228515625,9960500,0.0,0.0
2025-07-30 00:00:00+09:00,1517.6224240140725,1533.6591796875,1517.6224240140725,1533.6591796875,9420500,0.0,0.0
2025-07-31 00:00:00+09:00,1543.2419732626793,1553.8027951993884,1534.6369696164622,1551.4559326171875,14327000,0.0,0.0
2025-08-01 00:00:00+09:00,1572.3819904923819,1588.02758243758,1529.5521347958454,1532.2901611328125,23652000,0.0,0.0
2025-08-04 00:00:00+09:00,1510.190827608358,1511.3641992897208,1487.3091248906076,1504.32373046875,20226000,0.0,0.0
2025-08-05 00:00:00+09:00,1504.323704024662,1512.342022227949,1494.7407311185334,1506.8660888671875,12585000,0.0,0.0
2025-08-06 00:00:00+09:00,1511.5597533300431,1550.4780904838037,1511.5597533300431,1543.4376220703125,11562500,0.0,0.0
2025-08-07 00:00:00+09:00,1535.22365185943,1552.8249421355254,1530.1388824151138,1540.6995849609375,10867000,0.0,0.0
2025-08-08 00:00:00+09:00,1545.002190359089,1579.4224445749624,1544.2198630224768,1562.407958984375,17726000,0.0,0.0
2025-08-12 00:00:00+09:00,1568.0794131894415,1596.4370483071882,1563.3858072725463,1587.2452392578125,16796000,0.0,0.0
2025-08-13 00:00:00+09:00,1599.9572478161317,1606.6066719285513,1586.4629968111244,1587.0496826171875,12217500,0.0,0.0
2025-08-14 00:00:00+09:00,1574.1421513136356,1577.271221924275,1536.397065636841,1537.570556640625,14211000,0.0,0.0
2025-08-15 00:00:00+09:00,1555.954041047528,1565.1458500104645,1543.4376393537855,1562.99462890625,11486500,0.0,0.0
2025-08-18 00:00:00+09:00,1574.7288277022299,1605.237683755638,1570.6217882631688,1598.58837890625,13741500,0.0,0.0
2025-08-19 00:00:00+09:00,1613.451612929373,1630.8573811063181,1604.8464899138605,1619.9053955078125,13299500,0.0,0.0
2025-08-20 00:00:00+09:00,1617.3630763147123,1630.2706419946082,1600.15294895272,1603.4776611328125,10981000,0.0,0.0
2025-08-21 00:00:00+09:00,1603.2820268537844,1604.0643542054788,1583.1383508948009,1586.0718994140625,10441500,0.0,0.0
2025-08-22 00:00:00+09:00,1579.0313471675809,1606.997817698218,1578.0534977128987,1597.023681640625,8374500,0.0,0.0
2025-08-25 00:00:00+09:00,1603.2819528130647,1629.683888267158,1603.2819528130647,1629.292724609375,11120000,0.0,0.0
2025-08-26 00:00:00+09:00,1614.2340403687483,1616.385261572861,1599.7618196813073,1603.6732177734375,17689000,0.0,0.0
2025-08-27 00:00:00+09:00,1604.8466240136456,1614.6251194545437,1589.9833586900402,1613.2562255859375,11703000,0.0,0.0
2025-08-28 00:00:00+09:00,1612.8650225822073,1669.1891310756275,1599.7618151375084,1631.8353271484375,17108500,0.0,0.0
2025-08-29 00:00:00+09:00,1638.8757273501387,1662.9308006682766,1635.5510152471525,1642.200439453125,15904000,0.0,0.0
2025-09-01 00:00:00+09:00,1634.9643097261771,1644.3516407412792,1616.7763335032191,1627.3370361328125,8610000,0.0,0.0
2025-09-02 00:00:00+09:00,1627.3371327489986,1689.7239802285324,1627.3371327489986,1679.5543212890625,14360500,0.0,0.0
2025-09-03 00:00:00+09:00,1681.5100468192913,1702.0448871801566,1648.6543261151867,1656.8682861328125,16364500,0.0,0.0
2025-09-04 00:00:00+09:00,1662.1486341410262,1675.0561998433488,1655.4992097692875,1668.6024169921875,10008000,0.0,0.0
2025-09-05 00:00:00+09:00,1697.546709743306,1703.413806666382,1676.8163483616613,1685.225830078125,11212000,0.0,0.0
2025-09-08 00:00:00+09:00,1701.4580771840842,1706.5428466796875,1687.5726624616668,1706.5428466796875,10925500,0.0,0.0
2025-09-09 00:00:00+09:00,1709.280829148131,1713.974554228731,1692.2662249389396,1694.221923828125,12593500,0.0,0.0
2025-09-10 00:00:00+09:00,1689.723943472946,1694.0265051652534,1680.140970584007,1693.4398193359375,10309000,0.0,0.0
2025-09-11 00:00:00+09:00,1686.2036602431338,1691.6795934353108,1663.713122295728,1675.05615234375,11573000,0.0,0.0
2025-09-12 00:00:00+09:00,1693.6353381319202,1703.218311001857,1673.2960207357412,1677.98974609375,14079000,0.0,0.0
2025-09-16 00:00:00+09:00,1676.0340470889787,1695.0043513085388,1673.6871844099744,1677.98974609375,11142000,0.0,0.0
2025-09-17 00:00:00+09:00,1669.5802770452701,1675.6428962599784,1649.0454373377547,1666.646728515625,11153000,0.0,0.0
2025-09-18 00:00:00+09:00,1672.1226916115888,1700.8714915862604,1660.5840194433827,1690.3106689453125,13774500,0.0,0.0
2025-09-19 00:00:00+09:00,1698.3290592295857,1732.7493138806574,1695.7865550366455,1701.4581298828125,55158000,0.0,0.0
2025-09-22 00:00:00+09:00,1704.3917025307894,1722.3841574577498,1703.4138530170023,1708.3031005859375,11876000,0.0,0.0
2025-09-24 00:00:00+09:00,1705.173956822703,1709.6720405201042,1681.314405835388,1687.7681884765625,18151000,0.0,0.0
2025-09-25 00:00:00+09:00,1703.4137447341661,1710.2586908955548,1682.0965789421432,1682.87890625,13977500,0.0,0.0
2025-09-26 00:00:00+09:00,1687.572743189418,1705.1740344850323,1682.096690404332,1684.834716796875,18658000,0.0,0.0
2025-09-29 00:00:00+09:00,1677.9093532818492,1684.834686697517,1665.0480197956085,1670.1925048828125,14967500,20.0,0.0
2025-09-30 00:00:00+09:00,1671.1818206434293,1676.7221839322515,1657.3311539578326,1667.2244873046875,13194000,0.0,0.0
2025-10-01 00:00:00+09:00,1670.192452463868,1676.3263914718846,1639.9188772077293,1652.9781494140625,19261000,0.0,0.0
2025-10-02 00:00:00+09:00,1652.9782249608236,1658.1227101216887,1632.597861145458,1651.9888916015625,12171000,0.0,0.0
2025-10-03 00:00:00+09:00,1651.9888626130737,1666.4331052511777,1651.5931051226673,1653.967529296875,8971000,0.0,0.0
2025-10-06 00:00:00+09:00,1713.3274945874539,1713.7231313014963,1668.8074951171875,1668.8074951171875,20339000,0.0,0.0
2025-10-07 00:00:00+09:00,1669.9946467957702,1677.909313368262,1661.2884652587381,1668.8074951171875,11854500,0.0,0.0
2025-10-08 00:00:00+09:00,1688.3961947510177,1708.3807999799562,1688.3961947510177,1691.5621337890625,13655500,0.0,0.0
2025-10-09 00:00:00+09:00,1701.6533265290436,1722.429326445968,1699.476841511705,1709.5679931640625,15991500,0.0,0.0
2025-10-10 00:00:00+09:00,1697.1024051894176,1722.6271324432546,1679.0964662630204,1689.58349609375,20385500,0.0,0.0
2025-10-14 00:00:00+09:00,1647.239972350656,1676.3263960160787,1635.9615483863213,1648.4271240234375,18859000,0.0,0.0
2025-10-15 00:00:00+09:00,1661.6842330616623,1670.1924755262899,1655.7482330954253,1659.70556640625,11079500,0.0,0.0
2025-10-16 00:00:00+09:00,1662.0799383665026,1666.235089905129,1647.0421205647622,1659.1119384765625,10505500,0.0,0.0
2025-10-17 00:00:00+09:00,1646.2506974689736,1659.11203104295,1642.2933640615963,1652.7802734375,9183500,0.0,0.0
2025-10-20 00:00:00+09:00,1672.9626995316182,1691.166457376206,1664.454456851455,1690.1771240234375,12496000,0.0,0.0
2025-10-21 00:00:00+09:00,1702.6426125547466,1717.4826120831144,1695.1237036140185,1700.2681884765625,11762500,0.0,0.0
2025-10-22 00:00:00+09:00,1711.5466082270718,1730.93751674467,1698.2895178594135,1725.5950927734375,10527500,0.0,0.0
2025-10-23 00:00:00+09:00,1725.1995367860536,1726.782445985754,1699.2789306640625,1699.2789306640625,11015500,0.0,0.0
2025-10-24 00:00:00+09:00,1725.3973738839286,1740.8309500930054,1721.6378588216135,1731.3333740234375,11300500,0.0,0.0
2025-10-27 00:00:00+09:00,1761.013329137393,1784.1637532358786,1758.6389049894046,1776.0511474609375,13988500,0.0,0.0
2025-10-28 00:00:00+09:00,1774.86405344338,1780.8000536221205,1748.94356763684,1751.31787109375,14928000,0.0,0.0
2025-10-29 00:00:00+09:00,1751.5156930516055,1756.26442041597,1727.5737548047857,1734.30126953125,10806000,0.0,0.0
2025-10-30 00:00:00+09:00,1741.2267144420014,1761.0133816515697,1737.8629568627284,1755.868896484375,17845000,0.0,0.0
2025-10-31 00:00:00+09:00,1785.5487907479446,1790.4954572551496,1751.119943550509,1767.1470947265625,19296500,0.0,0.0
2025-11-04 00:00:00+09:00,1760.2217747717423,1800.190864602317,1752.7028657782423,1774.6661376953125,18383500,0.0,0.0
2025-11-05 00:00:00+09:00,1762.794192257855,1846.0960111189531,1736.2800104575363,1837.5877685546875,37223500,0.0,0.0
2025-11-06 00:00:00+09:00,1840.3578142357817,1905.4559957305446,1840.3578142357817,1888.6373291015625,27828000,0.0,0.0
2025-11-07 00:00:00+09:00,1870.8293692571758,1881.7120361328125,1850.0533688582332,1881.7120361328125,15038500,0.0,0.0
2025-11-10 00:00:00+09:00,1893.5839653862847,1893.9797228660298,1854.406390256076,1869.8399658203125,13315000,0.0,0.0
2025-11-11 00:00:00+09:00,1876.7653499224436,1881.3162591423575,1839.3685012845935,1841.34716796875,10954500,0.0,0.0
2025-11-12 00:00:00+09:00,1846.0959722186392,1881.9097900390625,1845.5023963812175,1881.9097900390625,12617000,0.0,0.0
2025-11-13 00:00:00+09:00,1877.7546378934912,1889.4288193552306,1866.8719713935816,1869.4442138671875,12870000,0.0,0.0
2025-11-14 00:00:00+09:00,1862.123187449374,1883.0971269797217,1847.6789446589933,1881.7120361328125,11141500,0.0,0.0
2025-11-17 00:00:00+09:00,1865.6848597967848,1874.1931023622021,1840.357829692896,1850.0533447265625,10805000,0.0,0.0
2025-11-18 00:00:00+09:00,1840.1600500026861,1843.3258684480859,1780.9978667544465,1784.9552001953125,15111500,0.0,0.0
2025-11-19 00:00:00+09:00,1786.7360026204174,1798.6080026378286,1770.1151542887496,1775.655517578125,12153500,0.0,0.0
2025-11-20 00:00:00+09:00,1793.661295099776,1814.2394763017578,1786.7359619140625,1786.7359619140625,11015500,0.0,0.0
2025-11-21 00:00:00+09:00,1766.157764142062,1802.1695205235565,1748.9434612850882,1792.078369140625,20645000,0.0,0.0
2025-11-25 00:00:00+09:00,1816.6138157386522,1828.2879973624356,1786.1424215768823,1805.1375732421875,15157000,0.0,0.0
2025-11-26 00:00:00+09:00,1826.902856110399,1848.8661279333303,1819.186128795498,1837.7855224609375,12022000,0.0,0.0
2025-11-27 00:00:00+09:00,1850.4491484146263,1854.6043002366616,1830.2667236328125,1830.2667236328125,6890000,0.0,0.0
2025-11-28 00:00:00+09:00,1819.9775585724663,1852.031982421875,1811.271497782702,1852.031982421875,10145000,0.0,0.0
2025-12-01 00:00:00+09:00,1842.5344450565308,1845.8982025816706,1807.7098388671875,1807.7098388671875,11602500,0.0,0.0
2025-12-02 00:00:00+09:00,1807.7098280539037,1822.3520097730532,1805.53334301619,1820.9669189453125,10952000,0.0,0.0
2025-12-03 00:00:00+09:00,1832.2453316850815,1832.2453316850815,1807.1162408873747,1809.2928466796875,9895000,0.0,0.0
2025-12-04 00:00:00+09:00,1818.3946038488896,1855.7914508642798,1812.8543615272606,1846.887451171875,12933500,0.0,0.0
2025-12-05 00:00:00+09:00,1827.2987111494385,1840.5558022924745,1814.4373775030158,1818.592529296875,11068000,0.0,0.0
2025-12-08 00:00:00+09:00,1829.4751857667393,1852.6256103515625,1821.7584580839525,1852.6256103515625,9228500,0.0,0.0
2025-12-09 00:00:00+09:00,1858.7594540970604,1895.7604229373117,1856.9786058480938,1888.439453125,13516000,0.0,0.0
2025-12-10 00:00:00+09:00,1891.4075453299638,1903.0816063897216,1872.214454201613,1886.262939453125,12091000,0.0,0.0
2025-12-11 00:00:00+09:00,1910.4026509028865,1918.9108933457012,1886.4608327410685,1893.583984375,10425000,0.0,0.0
2025-12-12 00:00:00+09:00,1922.076822720213,1958.6821555662486,1921.483126113533,1931.772216796875,17500000,0.0,0.0
2025-12-15 00:00:00+09:00,1911.9855331603235,1926.2319569959107,1904.0708666703556,1924.6490478515625,13033500,0.0,0.0
2025-12-16 00:00:00+09:00,1929.3978615201008,1930.3871948755655,1877.1611328125,1877.1611328125,15759500,0.0,0.0
2025-12-17 00:00:00+09:00,1871.8186203104012,1875.578135191254,1845.3044393264097,1866.4761962890625,11253000,0.0,0.0
2025-12-18 00:00:00+09:00,1857.176448899283,1865.882630370551,1840.7535400390625,1840.7535400390625,12743500,0.0,0.0
2025-12-19 00:00:00+09:00,1865.882614051368,1873.0057655432133,1856.1870993508096,1858.5615234375,17699500,0.0,0.0
2025-12-22 00:00:00+09:00,1863.112432488858,1868.2570381380583,1851.0426144698354,1858.5615234375,11260500,0.0,0.0
2025-12-23 00:00:00+09:00,1859.94660391616,1881.711936515179,1855.5935132427112,1871.818603515625,8587500,0.0,0.0
2025-12-24 00:00:00+09:00,1873.7973164348005,1889.6266496253795,1869.8399831371557,1876.963134765625,9109500,0.0,0.0
2025-12-25 00:00:00+09:00,1889.0331270937052,1896.5520364177717,1879.9311877913249,1881.7120361328125,5226000,0.0,0.0
2025-12-26 00:00:00+09:00,1897.7390893492254,1899.1241801240355,1882.7012714838645,1892.5946044921875,9443000,0.0,0.0
2025-12-29 00:00:00+09:00,1929.2000456779235,1993.5067138671875,1919.8013787887232,1993.5067138671875,20045700,0.0,5.0
2025-12-30 00:00:00+09:00,1992.5173499307755,1993.5066832723498,1948.9866829015032,1953.933349609375,13574400,0.0,0.0
2026-01-05 00:00:00+09:00,1988.5599970549279,2002.4106637010816,1969.7626637494336,1978.1719970703125,18608300,0.0,0.0
2026-01-06 00:00:00+09:00,2001.9160164310404,2051.877350174439,1997.9586830652265,2022.6920166015625,16779800,0.0,0.0
2026-01-07 00:00:00+09:00,1988.5600147033006,1998.4533481097847,1970.2573479013051,1981.1400146484375,17468400,0.0,0.0
2026-01-08 00:00:00+09:00,1978.6666601070528,1997.9586600430966,1963.82666015625,1963.82666015625,14826300,0.0,0.0
2026-01-09 00:00:00+09:00,1955.911948644015,1989.5492810941398,1953.9332820293018,1983.61328125,15670800,0.0,0.0
2026-01-13 00:00:00+09:00,2028.1333648473635,2037.5320316600707,2008.841364547596,2032.0906982421875,25324400,0.0,0.0
2026-01-14 00:00:00+09:00,2028.6280375498227,2048.41470458274,2016.2613706542495,2040.00537109375,14656500,0.0,0.0
2026-01-15 00:00:00+09:00,2040.0053550578593,2100.354689033868,2034.0693549946454,2078.58935546875,17917700,0.0,0.0
2026-01-16 00:00:00+09:00,2067.7067753407814,2106.785444061337,2055.8347747168154,2093.429443359375,11146100,0.0,0.0
2026-01-19 00:00:00+09:00,2098.3759816584143,2099.3653149831002,2062.7599819697284,2085.5146484375,12089800,0.0,0.0
2026-01-20 00:00:00+09:00,2063.74934574776,2072.1586791316795,2044.4573456317094,2056.329345703125,12848900,0.0,0.0
2026-01-21 00:00:00+09:00,2024.176005199439,2050.8880052680533,2015.2720051765675,2027.638671875,10714400,0.0,0.0
2026-01-22 00:00:00+09:00,2058.802687064602,2061.27602042244,2020.2186866823245,2037.037353515625,11465100,0.0,0.0
2026-01-23 00:00:00+09:00,2037.037323476754,2041.9839901194853,2018.239990234375,2018.239990234375,9532200,0.0,0.0
2026-01-26 00:00:00+09:00,1987.570680528285,1996.4746805903828,1960.364013671875,1960.364013671875,16462900,0.0,0.0
2026-01-27 00:00:00+09:00,1958.880045407929,1971.741379039395,1944.5347117420629,1951.9547119140625,15906300,0.0,0.0
2026-01-28 00:00:00+09:00,1922.7692972922496,1950.470630106339,1916.3386307461217,1945.029296875,13320800,0.0,0.0
2026-01-29 00:00:00+09:00,1919.3067166075414,1948.986717379823,1894.57338263064,1939.0933837890625,16946700,0.0,0.0
2026-01-30 00:00:00+09:00,1955.9119520027707,1962.8372851661593,1938.1039524397713,1949.9759521484375,13888600,0.0,0.0
2026-02-02 00:00:00+09:00,2005.3787192932466,2016.2613862455041,1953.9333846098482,1959.869384765625,13466700,0.0,0.0
2026-02-03 00:00:00+09:00,1999.4426044743968,2015.271937315362,1982.1292716795915,2009.3359375,14245400,0.0,0.0
2026-02-04 00:00:00+09:00,2022.1972832765937,2043.962616071156,2002.410617099719,2025.165283203125,12347200,0.0,0.0
2026-02-05 00:00:00+09:00,2061.7706593273606,2062.759992657172,2011.314659506969,2011.809326171875,14630700,0.0,0.0
2026-02-06 00:00:00+09:00,2016.7560260036341,2050.8880264437253,1979.6560255252746,2044.9520263671875,24299000,0.0,0.0
2026-02-09 00:00:00+09:00,2094.418655000661,2104.8066549427995,2041.9839886260581,2045.4466552734375,26497000,0.0,0.0
2026-02-10 00:00:00+09:00,2054.845339652088,2117.17333984375,2048.414672965647,2117.17333984375,21015800,0.0,0.0
2026-02-12 00:00:00+09:00,2132.0133942784723,2209.181396484375,2126.0773941087873,2209.181396484375,24486500,0.0,0.0
2026-02-13 00:00:00+09:00,2196.8145640331877,2237.8718954483543,2182.9638980136133,2201.76123046875,22461800,0.0,0.0
2026-02-16 00:00:00+09:00,2191.373454345134,2195.825454590982,2099.8601159582604,2122.1201171875,17803500,0.0,0.0
2026-02-17 00:00:00+09:00,2108.763909035314,2138.4439077550232,2099.8599094194014,2128.055908203125,11562400,0.0,0.0
2026-02-18 00:00:00+09:00,2130.0345543789954,2189.3945512497526,2128.055887816637,2185.931884765625,12582800,0.0,0.0
2026-02-19 00:00:00+09:00,2206.213271212988,2244.7972701265785,2191.867938283576,2242.818603515625,14684100,0.0,0.0
2026-02-20 00:00:00+09:00,2225.9999465507412,2232.925279717788,2158.230614844641,2169.11328125,18984500,0.0,0.0
2026-02-24 00:00:00+09:00,2144.8746151653363,2181.4799476197263,2130.5292821764538,2169.11328125,14001800,0.0,0.0
2026-02-25 00:00:00+09:00,2179.0066118921245,2191.8679449021574,2145.369279404346,2175.5439453125,15139400,0.0,0.0
2026-02-26 00:00:00+09:00,2200.7720859954875,2217.5907533193463,2190.8787522755706,2199.2880859375,12843700,0.0,0.0
2026-02-27 00:00:00+09:00,2225.505288171978,2262.110620762493,2205.2239552502065,2245.78662109375,19986600,0.0,0.0
2026-03-02 00:00:00+09:00,2168.6186743443172,2227.484007886054,2158.23067430754,2206.7080078125,15809200,0.0,0.0
2026-03-03 00:00:00+09:00,2176.533257529596,2179.5012574262273,2129.0452591834955,2131.02392578125,21724300,0.0,0.0
2026-03-04 00:00:00+09:00,2081.5572743391604,2093.923940655339,2017.2506094950324,2044.457275390625,24387400,0.0,0.0
2026-03-05 00:00:00+09:00,2130.52927614881,2140.9172758699906,2081.557277463244,2086.00927734375,18599400,0.0,0.0
2026-03-06 00:00:00+09:00,2038.0265819424503,2079.0839135689607,2030.6065822509122,2067.2119140625,13235300,0.0,0.0
2026-03-09 00:00:00+09:00,1949.9760493174888,2013.7880509313793,1946.0187158840693,2007.85205078125,18590200,0.0,0.0
2026-03-10 00:00:00+09:00,2057.318731521332,2085.5147324101795,2023.1867304453592,2065.2333984375,15784200,0.0,0.0
2026-03-11 00:00:00+09:00,2104.311896808331,2106.2905633779674,2054.84523256742,2057.813232421875,11989100,0.0,0.0
2026-03-12 00:00:00+09:00,2014.282697965479,2039.0160316831298,2003.4000311297127,2032.0906982421875,12644300,0.0,0.0
2026-03-13 00:00:00+09:00,1980.1507541245737,2058.80275759842,1979.656087436059,2048.909423828125,16846000,0.0,0.0
2026-03-16 00:00:00+09:00,2009.8306507200707,2054.8453170295775,1990.5386508731392,2010.3253173828125,12266100,0.0,0.0
2026-03-17 00:00:00+09:00,2047.4253421458163,2066.7173422288524,2030.606675406759,2041.9840087890625,9276600,0.0,0.0
2026-03-18 00:00:00+09:00,2068.2012139583394,2124.0985440653217,2063.7492142153055,2109.258544921875,11034100,0.0,0.0
2026-03-19 00:00:00+09:00,2063.254643858657,2063.254643858657,2002.41064453125,2002.41064453125,26730900,0.0,0.0
2026-03-23 00:00:00+09:00,1916.8332998592593,1947.0079659989794,1902.4879667764417,1938.5986328125,20368500,0.0,0.0
2026-03-24 00:00:00+09:00,1979.6560500681355,2007.85205078125,1974.2147165971837,2007.85205078125,13254600,0.0,0.0
2026-03-25 00:00:00+09:00,2054.845345694198,2061.7706790691905,2041.4893456138554,2056.329345703125,12985400,0.0,0.0
2026-03-26 00:00:00+09:00,2063.7493715332507,2071.1693716705945,2020.7133707366559,2040.00537109375,12552400,0.0,0.0
2026-03-27 00:00:00+09:00,2028.1333333333332,2050.3933333333334,2016.7559999999999,2040.5,19414700,0.0,0.0
2026-03-30 00:00:00+09:00,1975.0,2002.0,1960.5,1995.0,21290900,22.0,0.0
2026-03-31 00:00:00+09:00,1970.0,2001.0,1948.0,1974.5,16090700,0.0,0.0
2026-04-01 00:00:00+09:00,2061.0,2070.0,2023.5,2070.0,14804500,0.0,0.0
2026-04-02 00:00:00+09:00,2100.0,2100.5,2023.0,2038.5,9645700,0.0,0.0
2026-04-03 00:00:00+09:00,2033.0,2051.0,2026.0,2042.0,8182700,0.0,0.0
2026-04-06 00:00:00+09:00,2029.5,2049.0,2019.5,2019.5,7902400,0.0,0.0
2026-04-07 00:00:00+09:00,2031.0,2044.5,2014.0,2044.5,8897700,0.0,0.0
2026-04-08 00:00:00+09:00,2138.0,2142.0,2087.5,2097.5,17655900,0.0,0.0
2026-04-09 00:00:00+09:00,2124.0,2129.0,2074.5,2077.0,11888900,0.0,0.0
2026-04-10 00:00:00+09:00,2091.0,2096.0,2020.5,2026.0,15832700,0.0,0.0
2026-04-13 00:00:00+09:00,2014.0,2032.5,2001.5,2003.5,11787700,0.0,0.0
2026-04-14 00:00:00+09:00,2023.0,2024.0,1985.0,1985.0,15719300,0.0,0.0
2026-04-15 00:00:00+09:00,2001.5,2007.5,1979.0,1994.5,13744400,0.0,0.0
2026-04-16 00:00:00+09:00,1998.0,2020.5,1991.0,2011.5,10073800,0.0,0.0
2026-04-17 00:00:00+09:00,2011.5,2012.0,1968.0,1970.0,12523300,0.0,0.0
2026-04-20 00:00:00+09:00,1999.0,1999.0,1971.5,1975.5,10722900,0.0,0.0
2026-04-21 00:00:00+09:00,1979.0,1983.0,1963.0,1963.5,8049900,0.0,0.0
2026-04-22 00:00:00+09:00,1956.0,1960.0,1924.0,1937.5,11514300,0.0,0.0
2026-04-23 00:00:00+09:00,1933.5,1952.0,1903.0,1930.5,11719700,0.0,0.0
2026-04-24 00:00:00+09:00,1953.0,1954.0,1926.5,1940.0,7746600,0.0,0.0
2026-04-27 00:00:00+09:00,1930.0,1952.5,1911.0,1926.0,12074000,0.0,0.0
2026-04-28 00:00:00+09:00,1960.5,1974.0,1946.0,1958.5,15352800,0.0,0.0
2026-04-30 00:00:00+09:00,1934.0,1944.0,1915.0,1938.0,20313000,0.0,0.0
2026-05-01 00:00:00+09:00,1919.5,2031.5,1901.0,1987.0,43957400,0.0,0.0
2026-05-07 00:00:00+09:00,1998.0,2028.0,1971.5,2009.0,36042100,0.0,0.0
2026-05-08 00:00:00+09:00,2025.0,2030.0,1991.0,2010.0,19132600,0.0,0.0
2026-05-11 00:00:00+09:00,2002.0,2026.5,1970.0,1983.0,15915000,0.0,0.0
2026-05-12 00:00:00+09:00,1996.5,2058.0,1989.5,2046.0,15151400,0.0,0.0
2026-05-13 00:00:00+09:00,2070.0,2110.0,2059.5,2089.0,15057100,0.0,0.0
2026-05-14 00:00:00+09:00,2089.0,2089.0,2026.0,2044.0,14408700,0.0,0.0
2026-05-15 00:00:00+09:00,2059.5,2080.5,2042.5,2059.0,17529600,0.0,0.0
2026-05-18 00:00:00+09:00,2058.0,2058.5,1984.0,1993.0,13790600,0.0,0.0
2026-05-19 00:00:00+09:00,2001.0,2011.5,1970.0,1980.5,15276800,0.0,0.0
2026-05-20 00:00:00+09:00,1998.5,1999.0,1918.0,1935.0,16778700,0.0,0.0
2026-05-21 00:00:00+09:00,1968.0,1968.5,1933.5,1949.0,12057400,0.0,0.0
2026-05-22 00:00:00+09:00,1942.5,1960.0,1924.0,1949.5,10555100,0.0,0.0
2026-05-25 00:00:00+09:00,1926.5,1956.5,1913.5,1951.0,10132800,0.0,0.0
2026-05-26 00:00:00+09:00,1947.5,1947.5,1912.0,1915.0,14686600,0.0,0.0
2026-05-27 00:00:00+09:00,1938.0,1946.5,1910.5,1927.5,13334300,0.0,0.0
2026-05-28 00:00:00+09:00,1932.5,1939.0,1919.0,1930.0,14670800,0.0,0.0
2026-05-29 00:00:00+09:00,1923.5,1951.5,1919.5,1935.5,40993000,0.0,0.0
2026-06-01 00:00:00+09:00,1906.0,1915.0,1859.5,1879.5,18077500,0.0,0.0
2026-06-02 00:00:00+09:00,1850.0,1871.0,1827.0,1857.5,17037100,0.0,0.0
2026-06-03 00:00:00+09:00,1859.0,1870.0,1846.0,1858.5,12839200,0.0,0.0
2026-06-04 00:00:00+09:00,1865.5,1871.5,1844.5,1854.5,9562100,0.0,0.0
2026-06-05 00:00:00+09:00,1879.0,1885.0,1860.5,1873.5,11548700,0.0,0.0
2026-06-08 00:00:00+09:00,1851.0,1864.5,1827.0,1844.0,13626600,0.0,0.0
2026-06-09 00:00:00+09:00,1850.0,1867.5,1837.5,1848.0,12011200,0.0,0.0
2026-06-10 00:00:00+09:00,1862.5,1866.0,1835.5,1855.5,13105600,0.0,0.0
2026-06-11 00:00:00+09:00,1825.0,1835.0,1802.0,1826.0,17426800,0.0,0.0
2026-06-12 00:00:00+09:00,1866.0,1886.0,1856.5,1876.5,20348700,0.0,0.0
2026-06-15 00:00:00+09:00,1889.0,1927.5,1880.5,1907.0,13800300,0.0,0.0
2026-06-16 00:00:00+09:00,1898.0,1898.0,1850.5,1859.5,9996700,0.0,0.0
2026-06-17 00:00:00+09:00,1890.0,1894.5,1858.0,1860.5,11720200,0.0,0.0
2026-06-18 00:00:00+09:00,1869.5,1879.5,1847.5,1871.0,10292400,0.0,0.0
2026-06-19 00:00:00+09:00,1848.0,1867.0,1835.5,1847.5,14564900,0.0,0.0
2026-06-22 00:00:00+09:00,1831.0,1847.5,1823.0,1847.5,8512800,0.0,0.0
2026-06-23 00:00:00+09:00,1849.0,1850.5,1826.0,1830.5,18572500,0.0,0.0
2026-06-24 00:00:00+09:00,1830.5,1832.5,1810.5,1819.0,13064700,0.0,0.0
2026-06-25 00:00:00+09:00,1845.0,1845.0,1810.0,1814.0,11213800,0.0,0.0
2026-06-26 00:00:00+09:00,1819.5,1833.5,1812.0,1833.5,12198400,0.0,0.0
