Date,Open,High,Low,Close,Volume,Dividends,Stock Splits
2007-11-29 00:00:00+08:00,47.51194615591246,47.51194615591246,47.33444595336914,47.33444595336914,2100,0.0,0.0
2007-11-30 00:00:00+08:00,47.33444595336914,47.33444595336914,47.33444595336914,47.33444595336914,0,0.0,0.0
2007-12-03 00:00:00+08:00,47.33444595336914,47.33444595336914,47.33444595336914,47.33444595336914,0,0.0,0.0
2007-12-04 00:00:00+08:00,47.33444595336914,47.33444595336914,47.33444595336914,47.33444595336914,0,0.0,0.0
2007-12-05 00:00:00+08:00,47.33444595336914,47.33444595336914,47.33444595336914,47.33444595336914,0,0.0,0.0
2007-12-06 00:00:00+08:00,47.33444595336914,47.33444595336914,47.33444595336914,47.33444595336914,0,0.0,0.0
2007-12-07 00:00:00+08:00,47.33444595336914,47.33444595336914,47.33444595336914,47.33444595336914,0,0.0,0.0
2007-12-10 00:00:00+08:00,47.33444595336914,47.33444595336914,47.33444595336914,47.33444595336914,0,0.0,0.0
2007-12-11 00:00:00+08:00,47.33444595336914,47.33444595336914,47.33444595336914,47.33444595336914,0,0.0,0.0
2007-12-12 00:00:00+08:00,47.33444595336914,47.33444595336914,47.33444595336914,47.33444595336914,0,0.0,0.0
2007-12-13 00:00:00+08:00,47.33444595336914,47.33444595336914,47.33444595336914,47.33444595336914,0,0.0,0.0
2007-12-14 00:00:00+08:00,47.33444595336914,47.33444595336914,47.33444595336914,47.33444595336914,0,0.0,0.0
2007-12-17 00:00:00+08:00,47.33444595336914,47.33444595336914,47.33444595336914,47.33444595336914,0,0.0,0.0
2007-12-18 00:00:00+08:00,47.33444595336914,47.33444595336914,47.33444595336914,47.33444595336914,0,0.0,0.0
2007-12-19 00:00:00+08:00,47.33444595336914,47.33444595336914,47.33444595336914,47.33444595336914,0,0.0,0.0
2007-12-20 00:00:00+08:00,47.33444595336914,47.33444595336914,47.33444595336914,47.33444595336914,0,0.0,0.0
2007-12-21 00:00:00+08:00,47.33444595336914,47.33444595336914,47.33444595336914,47.33444595336914,0,0.0,0.0
2007-12-24 00:00:00+08:00,47.33444595336914,47.33444595336914,47.33444595336914,47.33444595336914,0,0.0,0.0
2007-12-25 00:00:00+08:00,47.33444595336914,47.33444595336914,47.33444595336914,47.33444595336914,0,0.0,0.0
2007-12-26 00:00:00+08:00,47.33444595336914,47.33444595336914,47.33444595336914,47.33444595336914,0,0.0,0.0
2007-12-27 00:00:00+08:00,47.33444595336914,47.33444595336914,47.33444595336914,47.33444595336914,0,0.0,0.0
2007-12-28 00:00:00+08:00,47.33444595336914,47.33444595336914,47.33444595336914,47.33444595336914,0,0.0,0.0
2007-12-31 00:00:00+08:00,47.33444595336914,47.33444595336914,47.33444595336914,47.33444595336914,0,0.0,0.0
2008-01-02 00:00:00+08:00,47.33444595336914,47.33444595336914,47.33444595336914,47.33444595336914,0,0.0,0.0
2008-01-03 00:00:00+08:00,47.33444595336914,47.33444595336914,47.33444595336914,47.33444595336914,0,0.0,0.0
2008-01-04 00:00:00+08:00,47.33444595336914,47.33444595336914,47.33444595336914,47.33444595336914,1,0.0,0.0
2008-01-07 00:00:00+08:00,47.33444595336914,47.33444595336914,47.33444595336914,47.33444595336914,0,0.0,0.0
2008-01-08 00:00:00+08:00,47.33444595336914,47.33444595336914,47.33444595336914,47.33444595336914,0,0.0,0.0
2008-01-09 00:00:00+08:00,47.33444595336914,47.33444595336914,47.33444595336914,47.33444595336914,0,0.0,0.0
2008-01-10 00:00:00+08:00,47.33444595336914,47.33444595336914,47.33444595336914,47.33444595336914,0,0.0,0.0
2008-01-11 00:00:00+08:00,47.33444595336914,47.33444595336914,47.33444595336914,47.33444595336914,0,0.0,0.0
2008-01-14 00:00:00+08:00,47.33444595336914,47.33444595336914,47.33444595336914,47.33444595336914,0,0.0,0.0
2008-01-15 00:00:00+08:00,47.33444595336914,47.33444595336914,47.33444595336914,47.33444595336914,0,0.0,0.0
2008-01-16 00:00:00+08:00,47.33444595336914,47.33444595336914,47.33444595336914,47.33444595336914,0,0.0,0.0
2008-01-17 00:00:00+08:00,47.33444595336914,47.33444595336914,47.33444595336914,47.33444595336914,0,0.0,0.0
2008-01-18 00:00:00+08:00,37.8675582116811,38.57757568359375,37.571718190888966,38.57757568359375,22050,0.0,0.0
2008-01-21 00:00:00+08:00,39.441420161370026,40.23427200317383,39.441420161370026,40.23427200317383,12600,0.0,0.0
2008-01-22 00:00:00+08:00,37.571709940412426,37.867549896240234,37.571709940412426,37.867549896240234,8400,0.0,0.0
2008-01-23 00:00:00+08:00,39.760929494798305,40.23427200317383,39.760929494798305,40.23427200317383,6300,0.0,0.0
2008-01-24 00:00:00+08:00,40.23427200317383,40.23427200317383,40.23427200317383,40.23427200317383,0,0.0,0.0
2008-01-25 00:00:00+08:00,40.23427200317383,40.23427200317383,40.23427200317383,40.23427200317383,0,0.0,0.0
2008-01-28 00:00:00+08:00,40.23427200317383,40.23427200317383,40.23427200317383,40.23427200317383,0,0.0,0.0
2008-01-29 00:00:00+08:00,40.23427200317383,40.23427200317383,40.23427200317383,40.23427200317383,0,0.0,0.0
2008-01-30 00:00:00+08:00,40.23427200317383,40.23427200317383,40.23427200317383,40.23427200317383,0,0.0,0.0
2008-01-31 00:00:00+08:00,37.86755582663667,37.98589324951172,37.86755582663667,37.98589324951172,10500,0.0,0.0
2008-02-01 00:00:00+08:00,39.93843460083008,39.93843460083008,39.93843460083008,39.93843460083008,5250,0.0,0.0
2008-02-12 00:00:00+08:00,39.93843460083008,39.93843460083008,39.93843460083008,39.93843460083008,0,0.0,0.0
2008-02-13 00:00:00+08:00,37.57171630859375,37.57171630859375,37.57171630859375,37.57171630859375,2100,0.0,0.0
2008-02-14 00:00:00+08:00,37.57171427219588,38.04505920410156,37.57171427219588,38.04505920410156,8164,0.0,0.0
2008-02-15 00:00:00+08:00,38.04505733618631,39.93843460083008,38.04505733618631,39.93843460083008,4200,0.0,0.0
2008-02-18 00:00:00+08:00,39.93843460083008,39.93843460083008,39.93843460083008,39.93843460083008,2100,0.0,0.0
2008-02-19 00:00:00+08:00,39.93843460083008,39.93843460083008,39.93843460083008,39.93843460083008,0,0.0,0.0
2008-02-20 00:00:00+08:00,39.93843460083008,39.93843460083008,39.93843460083008,39.93843460083008,0,0.0,0.0
2008-02-21 00:00:00+08:00,39.93843460083008,39.93843460083008,39.93843460083008,39.93843460083008,0,0.0,0.0
2008-02-22 00:00:00+08:00,39.93843460083008,39.93843460083008,39.93843460083008,39.93843460083008,0,0.0,0.0
2008-02-25 00:00:00+08:00,39.93843460083008,39.93843460083008,39.93843460083008,39.93843460083008,0,0.0,0.0
2008-02-26 00:00:00+08:00,39.93843460083008,39.93843460083008,39.93843460083008,39.93843460083008,0,0.0,0.0
2008-02-27 00:00:00+08:00,39.93843460083008,39.93843460083008,39.93843460083008,39.93843460083008,0,0.0,0.0
2008-02-29 00:00:00+08:00,39.93843460083008,39.93843460083008,39.93843460083008,39.93843460083008,0,0.0,0.0
2008-03-03 00:00:00+08:00,39.93843460083008,39.93843460083008,39.93843460083008,39.93843460083008,0,0.0,0.0
2008-03-04 00:00:00+08:00,37.57171630859375,37.57171630859375,37.57171630859375,37.57171630859375,21,0.0,0.0
2008-03-05 00:00:00+08:00,37.57171630859375,37.57171630859375,37.57171630859375,37.57171630859375,0,0.0,0.0
2008-03-06 00:00:00+08:00,37.57171630859375,37.57171630859375,37.57171630859375,37.57171630859375,0,0.0,0.0
2008-03-07 00:00:00+08:00,37.57171630859375,37.57171630859375,37.57171630859375,37.57171630859375,0,0.0,0.0
2008-03-10 00:00:00+08:00,37.57171630859375,37.57171630859375,37.57171630859375,37.57171630859375,0,0.0,0.0
2008-03-11 00:00:00+08:00,37.57171630859375,37.57171630859375,37.57171630859375,37.57171630859375,0,0.0,0.0
2008-03-12 00:00:00+08:00,37.57171630859375,37.57171630859375,37.57171630859375,37.57171630859375,0,0.0,0.0
2008-03-13 00:00:00+08:00,37.27587720286916,37.39421463012695,37.27587720286916,37.39421463012695,18102,0.0,0.0
2008-03-14 00:00:00+08:00,39.76093079225851,39.76093079225851,39.64259338378906,39.64259338378906,8400,0.0,0.0
2008-03-17 00:00:00+08:00,39.64259338378906,39.64259338378906,39.64259338378906,39.64259338378906,0,0.0,0.0
2008-03-18 00:00:00+08:00,39.64259338378906,39.64259338378906,39.64259338378906,39.64259338378906,0,0.0,0.0
2008-03-19 00:00:00+08:00,39.64259338378906,39.64259338378906,39.64259338378906,39.64259338378906,0,0.0,0.0
2008-03-20 00:00:00+08:00,39.64259338378906,39.64259338378906,39.64259338378906,39.64259338378906,0,0.0,0.0
2008-03-21 00:00:00+08:00,39.64259338378906,39.64259338378906,39.64259338378906,39.64259338378906,0,0.0,0.0
2008-03-24 00:00:00+08:00,39.64259338378906,39.64259338378906,39.64259338378906,39.64259338378906,0,0.0,0.0
2008-03-25 00:00:00+08:00,39.64259338378906,39.64259338378906,39.64259338378906,39.64259338378906,0,0.0,0.0
2008-03-26 00:00:00+08:00,39.64259338378906,39.64259338378906,39.64259338378906,39.64259338378906,0,0.0,0.0
2008-03-27 00:00:00+08:00,39.64259338378906,39.64259338378906,39.64259338378906,39.64259338378906,0,0.0,0.0
2008-03-28 00:00:00+08:00,39.64259338378906,39.64259338378906,39.64259338378906,39.64259338378906,0,0.0,0.0
2008-03-31 00:00:00+08:00,39.64259338378906,39.64259338378906,39.64259338378906,39.64259338378906,0,0.0,0.0
2008-04-01 00:00:00+08:00,39.64259338378906,39.64259338378906,39.64259338378906,39.64259338378906,0,0.0,0.0
2008-04-02 00:00:00+08:00,39.64259338378906,39.64259338378906,39.64259338378906,39.64259338378906,0,0.0,0.0
2008-04-03 00:00:00+08:00,39.64259338378906,39.64259338378906,39.64259338378906,39.64259338378906,0,0.0,0.0
2008-04-07 00:00:00+08:00,39.64259338378906,39.64259338378906,39.64259338378906,39.64259338378906,0,0.0,0.0
2008-04-08 00:00:00+08:00,39.64259338378906,39.64259338378906,39.64259338378906,39.64259338378906,0,0.0,0.0
2008-04-09 00:00:00+08:00,39.64259338378906,39.64259338378906,39.64259338378906,39.64259338378906,0,0.0,0.0
2008-04-10 00:00:00+08:00,39.64259338378906,39.64259338378906,39.64259338378906,39.64259338378906,0,0.0,0.0
2008-04-11 00:00:00+08:00,39.64259338378906,39.64259338378906,39.64259338378906,39.64259338378906,0,0.0,0.0
2008-04-14 00:00:00+08:00,39.64259338378906,39.64259338378906,39.64259338378906,39.64259338378906,0,0.0,0.0
2008-04-15 00:00:00+08:00,38.75508117675781,38.75508117675781,38.75508117675781,38.75508117675781,10,0.0,0.0
2008-04-16 00:00:00+08:00,38.75508117675781,38.75508117675781,38.75508117675781,38.75508117675781,0,0.0,0.0
2008-04-17 00:00:00+08:00,38.75508117675781,38.75508117675781,38.75508117675781,38.75508117675781,0,0.0,0.0
2008-04-18 00:00:00+08:00,38.75508117675781,38.75508117675781,38.75508117675781,38.75508117675781,0,0.0,0.0
2008-04-21 00:00:00+08:00,38.75508117675781,38.75508117675781,38.75508117675781,38.75508117675781,0,0.0,0.0
2008-04-22 00:00:00+08:00,38.75508117675781,38.75508117675781,38.75508117675781,38.75508117675781,0,0.0,0.0
2008-04-23 00:00:00+08:00,38.75508117675781,38.75508117675781,38.75508117675781,38.75508117675781,0,0.0,0.0
2008-04-24 00:00:00+08:00,38.75508117675781,38.75508117675781,38.75508117675781,38.75508117675781,0,0.0,0.0
2008-04-25 00:00:00+08:00,38.75508117675781,38.75508117675781,38.75508117675781,38.75508117675781,0,0.0,0.0
2008-04-28 00:00:00+08:00,38.75508117675781,38.75508117675781,38.75508117675781,38.75508117675781,0,0.0,0.0
2008-04-29 00:00:00+08:00,38.75508117675781,38.75508117675781,38.75508117675781,38.75508117675781,0,0.0,0.0
2008-04-30 00:00:00+08:00,38.75508117675781,38.75508117675781,38.75508117675781,38.75508117675781,0,0.0,0.0
2008-05-02 00:00:00+08:00,38.75508117675781,38.75508117675781,38.75508117675781,38.75508117675781,0,0.0,0.0
2008-05-05 00:00:00+08:00,38.75508117675781,38.75508117675781,38.75508117675781,38.75508117675781,0,0.0,0.0
2008-05-06 00:00:00+08:00,38.75508117675781,38.75508117675781,38.75508117675781,38.75508117675781,0,0.0,0.0
2008-05-07 00:00:00+08:00,38.75508117675781,38.75508117675781,38.75508117675781,38.75508117675781,0,0.0,0.0
2008-05-08 00:00:00+08:00,38.75508117675781,38.75508117675781,38.75508117675781,38.75508117675781,0,0.0,0.0
2008-05-09 00:00:00+08:00,38.75508117675781,38.75508117675781,38.75508117675781,38.75508117675781,0,0.0,0.0
2008-05-12 00:00:00+08:00,38.75508117675781,38.75508117675781,38.75508117675781,38.75508117675781,0,0.0,0.0
2008-05-13 00:00:00+08:00,38.75508117675781,38.75508117675781,38.75508117675781,38.75508117675781,0,0.0,0.0
2008-05-14 00:00:00+08:00,38.75508117675781,38.75508117675781,38.75508117675781,38.75508117675781,1050,0.0,0.0
2008-05-15 00:00:00+08:00,38.75508117675781,38.75508117675781,38.75508117675781,38.75508117675781,0,0.0,0.0
2008-05-16 00:00:00+08:00,38.75508117675781,38.75508117675781,38.75508117675781,38.75508117675781,0,0.0,0.0
2008-05-19 00:00:00+08:00,41.28746922027035,41.417640139558486,39.76093292236328,39.76093292236328,13650,0.0,0.0
2008-05-20 00:00:00+08:00,41.28746343212215,41.71347427368164,41.12178965260407,41.71347427368164,12600,0.0,0.0
2008-05-21 00:00:00+08:00,41.32887937993653,42.00931167602539,40.94428700649339,42.00931167602539,29401,0.0,0.0
2008-05-22 00:00:00+08:00,41.287470438501344,41.53597640991211,41.287470438501344,41.53597640991211,16800,0.0,0.0
2008-05-23 00:00:00+08:00,41.06263280222814,41.77264785487584,41.06263280222814,41.287471771240234,16800,0.0,0.0
2008-05-26 00:00:00+08:00,41.287467008384745,41.41763792069926,39.64259338378906,39.64259338378906,17850,0.0,0.0
2008-05-27 00:00:00+08:00,41.287469765029506,41.417640686035156,41.287469765029506,41.417640686035156,16800,0.0,0.0
2008-05-28 00:00:00+08:00,41.287469765029506,41.417640686035156,41.287469765029506,41.417640686035156,21000,0.0,0.0
2008-05-29 00:00:00+08:00,41.287469765029506,41.417640686035156,41.287469765029506,41.417640686035156,26250,0.0,0.0
2008-05-30 00:00:00+08:00,41.287469765029506,41.417640686035156,41.287469765029506,41.417640686035156,30451,0.0,0.0
2008-06-02 00:00:00+08:00,41.417640686035156,41.417640686035156,41.417640686035156,41.417640686035156,0,0.0,0.0
2008-06-03 00:00:00+08:00,39.64259338378906,39.64259338378906,39.64259338378906,39.64259338378906,2100,0.0,0.0
2008-06-04 00:00:00+08:00,39.64259338378906,39.64259338378906,39.64259338378906,39.64259338378906,0,0.0,0.0
2008-06-05 00:00:00+08:00,39.64259338378906,39.64259338378906,39.64259338378906,39.64259338378906,0,0.0,0.0
2008-06-06 00:00:00+08:00,39.64259338378906,39.64259338378906,39.64259338378906,39.64259338378906,0,0.0,0.0
2008-06-09 00:00:00+08:00,39.64259338378906,39.64259338378906,39.64259338378906,39.64259338378906,0,0.0,0.0
2008-06-10 00:00:00+08:00,39.64259338378906,39.64259338378906,39.64259338378906,39.64259338378906,0,0.0,0.0
2008-06-11 00:00:00+08:00,39.64259338378906,39.64259338378906,39.64259338378906,39.64259338378906,0,0.0,0.0
2008-06-12 00:00:00+08:00,39.64259338378906,39.64259338378906,39.64259338378906,39.64259338378906,0,0.0,0.0
2008-06-13 00:00:00+08:00,39.34675598144531,39.34675598144531,39.34675598144531,39.34675598144531,1050,0.0,0.0
2008-06-16 00:00:00+08:00,39.34675598144531,39.34675598144531,39.34675598144531,39.34675598144531,0,0.0,0.0
2008-06-17 00:00:00+08:00,39.34675598144531,39.34675598144531,39.34675598144531,39.34675598144531,0,0.0,0.0
2008-06-18 00:00:00+08:00,39.34675598144531,39.34675598144531,39.34675598144531,39.34675598144531,0,0.0,0.0
2008-06-19 00:00:00+08:00,39.34675598144531,39.34675598144531,39.34675598144531,39.34675598144531,0,0.0,0.0
2008-06-20 00:00:00+08:00,39.34675598144531,39.34675598144531,39.34675598144531,39.34675598144531,0,0.0,0.0
2008-06-23 00:00:00+08:00,39.76093292236328,39.76093292236328,39.76093292236328,39.76093292236328,1050,0.0,0.0
2008-06-24 00:00:00+08:00,39.76093292236328,39.76093292236328,39.76093292236328,39.76093292236328,0,0.0,0.0
2008-06-25 00:00:00+08:00,39.76093292236328,39.76093292236328,39.76093292236328,39.76093292236328,0,0.0,0.0
2008-06-26 00:00:00+08:00,39.76093292236328,39.76093292236328,39.76093292236328,39.76093292236328,0,0.0,0.0
2008-06-27 00:00:00+08:00,44.37603775984157,44.52396011352539,44.37603775984157,44.52396011352539,2100,0.0,0.0
2008-06-30 00:00:00+08:00,48.51780911633764,52.067893981933594,48.51780911633764,52.067893981933594,12600,0.0,0.0
2008-07-01 00:00:00+08:00,52.067893981933594,52.067893981933594,52.067893981933594,52.067893981933594,0,0.0,0.0
2008-07-02 00:00:00+08:00,41.417640686035156,41.417640686035156,41.417640686035156,41.417640686035156,1050,0.0,0.0
2008-07-03 00:00:00+08:00,41.417640686035156,41.417640686035156,41.417640686035156,41.417640686035156,0,0.0,0.0
2008-07-04 00:00:00+08:00,41.417640686035156,41.417640686035156,41.417640686035156,41.417640686035156,0,0.0,0.0
2008-07-07 00:00:00+08:00,41.417640686035156,41.417640686035156,41.417640686035156,41.417640686035156,0,0.0,0.0
2008-07-08 00:00:00+08:00,41.417640686035156,41.417640686035156,41.417640686035156,41.417640686035156,0,0.0,0.0
2008-07-09 00:00:00+08:00,41.417640686035156,41.417640686035156,41.417640686035156,41.417640686035156,0,0.0,0.0
2008-07-10 00:00:00+08:00,41.417640686035156,41.417640686035156,41.417640686035156,41.417640686035156,0,0.0,0.0
2008-07-11 00:00:00+08:00,41.417640686035156,41.417640686035156,41.417640686035156,41.417640686035156,0,0.0,0.0
2008-07-14 00:00:00+08:00,41.417640686035156,41.417640686035156,41.417640686035156,41.417640686035156,0,0.0,0.0
2008-07-15 00:00:00+08:00,41.417640686035156,41.417640686035156,41.417640686035156,41.417640686035156,0,0.0,0.0
2008-07-16 00:00:00+08:00,41.417640686035156,41.417640686035156,41.417640686035156,41.417640686035156,0,0.0,0.0
2008-07-17 00:00:00+08:00,41.417640686035156,41.417640686035156,41.417640686035156,41.417640686035156,0,0.0,0.0
2008-07-18 00:00:00+08:00,41.417640686035156,41.417640686035156,41.417640686035156,41.417640686035156,0,0.0,0.0
2008-07-21 00:00:00+08:00,41.417640686035156,41.417640686035156,41.417640686035156,41.417640686035156,0,0.0,0.0
2008-07-22 00:00:00+08:00,41.417640686035156,41.417640686035156,41.417640686035156,41.417640686035156,0,0.0,0.0
2008-07-23 00:00:00+08:00,41.417640686035156,41.417640686035156,41.417640686035156,41.417640686035156,0,0.0,0.0
2008-07-24 00:00:00+08:00,41.417640686035156,41.417640686035156,41.417640686035156,41.417640686035156,0,0.0,0.0
2008-07-25 00:00:00+08:00,41.417640686035156,41.417640686035156,41.417640686035156,41.417640686035156,0,0.0,0.0
2008-07-28 00:00:00+08:00,41.417640686035156,41.417640686035156,41.417640686035156,41.417640686035156,0,0.0,0.0
2008-07-29 00:00:00+08:00,41.417640686035156,41.417640686035156,41.417640686035156,41.417640686035156,0,0.0,0.0
2008-07-30 00:00:00+08:00,41.417640686035156,41.417640686035156,41.417640686035156,41.417640686035156,0,0.0,0.0
2008-07-31 00:00:00+08:00,41.417640686035156,41.417640686035156,41.417640686035156,41.417640686035156,0,0.0,0.0
2008-08-01 00:00:00+08:00,41.417640686035156,41.417640686035156,41.417640686035156,41.417640686035156,0,0.0,0.0
2008-08-04 00:00:00+08:00,43.40171813964844,43.40171813964844,43.40171813964844,43.40171813964844,0,3.047513,0.0
2008-08-05 00:00:00+08:00,43.40171813964844,43.40171813964844,43.40171813964844,43.40171813964844,0,0.0,0.0
2008-08-06 00:00:00+08:00,43.40171813964844,43.40171813964844,43.40171813964844,43.40171813964844,0,0.0,0.0
2008-08-07 00:00:00+08:00,43.40171813964844,43.40171813964844,43.40171813964844,43.40171813964844,0,0.0,0.0
2008-08-08 00:00:00+08:00,43.40171813964844,43.40171813964844,43.40171813964844,43.40171813964844,0,0.0,0.0
2008-08-11 00:00:00+08:00,43.40171813964844,43.40171813964844,43.40171813964844,43.40171813964844,0,0.0,0.0
2008-08-12 00:00:00+08:00,43.40171813964844,43.40171813964844,43.40171813964844,43.40171813964844,0,0.0,0.0
2008-08-13 00:00:00+08:00,43.40171813964844,43.40171813964844,43.40171813964844,43.40171813964844,0,0.0,0.0
2008-08-14 00:00:00+08:00,43.40171813964844,43.40171813964844,43.40171813964844,43.40171813964844,0,0.0,0.0
2008-08-15 00:00:00+08:00,43.40171813964844,43.40171813964844,43.40171813964844,43.40171813964844,0,0.0,0.0
2008-08-18 00:00:00+08:00,43.40171813964844,43.40171813964844,43.40171813964844,43.40171813964844,0,0.0,0.0
2008-08-19 00:00:00+08:00,43.40171813964844,43.40171813964844,43.40171813964844,43.40171813964844,0,0.0,0.0
2008-08-20 00:00:00+08:00,43.40171813964844,43.40171813964844,43.40171813964844,43.40171813964844,0,0.0,0.0
2008-08-21 00:00:00+08:00,43.40171813964844,43.40171813964844,43.40171813964844,43.40171813964844,0,0.0,0.0
2008-08-22 00:00:00+08:00,43.40171813964844,43.40171813964844,43.40171813964844,43.40171813964844,0,0.0,0.0
2008-08-25 00:00:00+08:00,43.40171813964844,43.40171813964844,43.40171813964844,43.40171813964844,0,0.0,0.0
2008-08-26 00:00:00+08:00,43.40171813964844,43.40171813964844,43.40171813964844,43.40171813964844,0,0.0,0.0
2008-08-27 00:00:00+08:00,43.40171813964844,43.40171813964844,43.40171813964844,43.40171813964844,0,0.0,0.0
2008-08-28 00:00:00+08:00,35.341400146484375,35.341400146484375,35.341400146484375,35.341400146484375,1050,0.0,0.0
2008-08-29 00:00:00+08:00,36.66204833984375,36.66204833984375,36.66204833984375,36.66204833984375,52,0.0,0.0
2008-09-01 00:00:00+08:00,36.66204833984375,36.66204833984375,36.66204833984375,36.66204833984375,0,0.0,0.0
2008-09-02 00:00:00+08:00,36.66204833984375,36.66204833984375,36.66204833984375,36.66204833984375,0,0.0,0.0
2008-09-03 00:00:00+08:00,36.66204833984375,36.66204833984375,36.66204833984375,36.66204833984375,0,0.0,0.0
2008-09-04 00:00:00+08:00,36.66204833984375,36.66204833984375,36.66204833984375,36.66204833984375,0,0.0,0.0
2008-09-05 00:00:00+08:00,36.66204833984375,36.66204833984375,36.66204833984375,36.66204833984375,0,0.0,0.0
2008-09-08 00:00:00+08:00,36.66204833984375,36.66204833984375,36.66204833984375,36.66204833984375,0,0.0,0.0
2008-09-09 00:00:00+08:00,36.66204833984375,36.66204833984375,36.66204833984375,36.66204833984375,0,0.0,0.0
2008-09-10 00:00:00+08:00,36.66204833984375,36.66204833984375,36.66204833984375,36.66204833984375,0,0.0,0.0
2008-09-11 00:00:00+08:00,34.721370697021484,34.721370697021484,34.721370697021484,34.721370697021484,1050,0.0,0.0
2008-09-12 00:00:00+08:00,34.101348876953125,34.101348876953125,34.101348876953125,34.101348876953125,1050,0.0,0.0
2008-09-15 00:00:00+08:00,33.17131042480469,33.17131042480469,33.17131042480469,33.17131042480469,1050,0.0,0.0
2008-09-16 00:00:00+08:00,33.17131042480469,33.17131042480469,33.17131042480469,33.17131042480469,0,0.0,0.0
2008-09-17 00:00:00+08:00,31.8382625579834,31.8382625579834,31.8382625579834,31.8382625579834,1050,0.0,0.0
2008-09-18 00:00:00+08:00,30.07118515918333,30.07118515918333,29.761173248291012,29.761173248291016,2100,0.0,0.0
2008-09-19 00:00:00+08:00,29.761173248291012,29.761173248291012,29.761173248291012,29.761173248291016,0,0.0,0.0
2008-09-22 00:00:00+08:00,28.211118698120117,28.211118698120117,28.211118698120117,28.211118698120117,31,0.0,0.0
2008-09-23 00:00:00+08:00,28.211118698120117,28.211118698120117,28.211118698120117,28.211118698120117,0,0.0,0.0
2008-09-24 00:00:00+08:00,28.211118698120117,28.211118698120117,28.211118698120117,28.211118698120117,0,0.0,0.0
2008-09-25 00:00:00+08:00,31.00122261047363,31.00122261047363,31.00122261047363,31.001222610473633,1050,0.0,0.0
2008-09-26 00:00:00+08:00,31.100427627563477,31.100427627563477,31.100427627563477,31.100427627563477,1050,0.0,0.0
2008-09-29 00:00:00+08:00,31.100427627563477,31.100427627563477,31.100427627563477,31.100427627563477,0,0.0,0.0
2008-09-30 00:00:00+08:00,37.07746887207031,37.07746887207031,37.07746887207031,37.07746887207031,1050,0.0,0.0
2008-10-01 00:00:00+08:00,37.20146942138672,37.20146942138672,37.20146942138672,37.20146942138672,1050,0.0,0.0
2008-10-02 00:00:00+08:00,37.20146942138672,37.20146942138672,37.20146942138672,37.20146942138672,0,0.0,0.0
2008-10-03 00:00:00+08:00,37.20146942138672,37.20146942138672,37.20146942138672,37.20146942138672,0,0.0,0.0
2008-10-06 00:00:00+08:00,37.20146942138672,37.20146942138672,37.20146942138672,37.20146942138672,0,0.0,0.0
2008-10-07 00:00:00+08:00,37.20146942138672,37.20146942138672,37.20146942138672,37.20146942138672,0,0.0,0.0
2008-10-08 00:00:00+08:00,37.20146942138672,37.20146942138672,37.20146942138672,37.20146942138672,0,0.0,0.0
2008-10-09 00:00:00+08:00,37.20146942138672,37.20146942138672,37.20146942138672,37.20146942138672,0,0.0,0.0
2008-10-13 00:00:00+08:00,37.20146942138672,37.20146942138672,37.20146942138672,37.20146942138672,0,0.0,0.0
2008-10-14 00:00:00+08:00,37.20146942138672,37.20146942138672,37.20146942138672,37.20146942138672,0,0.0,0.0
2008-10-15 00:00:00+08:00,37.20146942138672,37.20146942138672,37.20146942138672,37.20146942138672,0,0.0,0.0
2008-10-16 00:00:00+08:00,37.20146942138672,37.20146942138672,37.20146942138672,37.20146942138672,0,0.0,0.0
2008-10-17 00:00:00+08:00,37.20146942138672,37.20146942138672,37.20146942138672,37.20146942138672,0,0.0,0.0
2008-10-20 00:00:00+08:00,37.20146942138672,37.20146942138672,37.20146942138672,37.20146942138672,0,0.0,0.0
2008-10-21 00:00:00+08:00,37.20146942138672,37.20146942138672,37.20146942138672,37.20146942138672,0,0.0,0.0
2008-10-22 00:00:00+08:00,37.20146942138672,37.20146942138672,37.20146942138672,37.20146942138672,0,0.0,0.0
2008-10-23 00:00:00+08:00,29.141151428222656,29.141151428222656,29.141151428222656,29.141151428222656,1,0.0,0.0
2008-10-24 00:00:00+08:00,29.141151428222656,29.141151428222656,29.141151428222656,29.141151428222656,0,0.0,0.0
2008-10-27 00:00:00+08:00,29.141151428222656,29.141151428222656,29.141151428222656,29.141151428222656,0,0.0,0.0
2008-10-28 00:00:00+08:00,29.141151428222656,29.141151428222656,29.141151428222656,29.141151428222656,0,0.0,0.0
2008-10-29 00:00:00+08:00,29.141151428222656,29.141151428222656,29.141151428222656,29.141151428222656,0,0.0,0.0
2008-10-30 00:00:00+08:00,29.141151428222656,29.141151428222656,29.141151428222656,29.141151428222656,0,0.0,0.0
2008-10-31 00:00:00+08:00,27.777096210249113,27.777096210249113,27.702693939208984,27.702693939208984,4200,0.0,0.0
2008-11-03 00:00:00+08:00,27.702693939208984,27.702693939208984,27.702693939208984,27.702693939208984,0,0.0,0.0
2008-11-04 00:00:00+08:00,27.702693939208984,27.702693939208984,27.702693939208984,27.702693939208984,0,0.0,0.0
2008-11-05 00:00:00+08:00,27.702693939208984,27.702693939208984,27.702693939208984,27.702693939208984,0,0.0,0.0
2008-11-06 00:00:00+08:00,27.702693939208984,27.702693939208984,27.702693939208984,27.702693939208984,0,0.0,0.0
2008-11-07 00:00:00+08:00,27.702693939208984,27.702693939208984,27.702693939208984,27.702693939208984,0,0.0,0.0
2008-11-10 00:00:00+08:00,27.702693939208984,27.702693939208984,27.702693939208984,27.702693939208984,0,0.0,0.0
2008-11-11 00:00:00+08:00,27.702693939208984,27.702693939208984,27.702693939208984,27.702693939208984,0,0.0,0.0
2008-11-12 00:00:00+08:00,27.702693939208984,27.702693939208984,27.702693939208984,27.702693939208984,0,0.0,0.0
2008-11-13 00:00:00+08:00,27.702693939208984,27.702693939208984,27.702693939208984,27.702693939208984,0,0.0,0.0
2008-11-14 00:00:00+08:00,27.702693939208984,27.702693939208984,27.702693939208984,27.702693939208984,0,0.0,0.0
2008-11-17 00:00:00+08:00,27.702693939208984,27.702693939208984,27.702693939208984,27.702693939208984,0,0.0,0.0
2008-11-18 00:00:00+08:00,27.702693939208984,27.702693939208984,27.702693939208984,27.702693939208984,0,0.0,0.0
2008-11-19 00:00:00+08:00,27.702693939208984,27.702693939208984,27.702693939208984,27.702693939208984,0,0.0,0.0
2008-11-20 00:00:00+08:00,26.413040161132812,26.413040161132812,26.413040161132812,26.413040161132812,2100,0.0,0.0
2008-11-21 00:00:00+08:00,25.328001771524736,25.328001771524736,23.31292152404785,23.31292152404785,6182,0.0,0.0
2008-11-24 00:00:00+08:00,23.31292152404785,23.31292152404785,23.31292152404785,23.31292152404785,105003,0.0,0.0
2008-11-25 00:00:00+08:00,23.560930252075195,23.560930252075195,23.560930252075195,23.560930252075195,105003,0.0,0.0
2008-11-26 00:00:00+08:00,23.250919342041016,23.250919342041016,23.250919342041016,23.250919342041016,2100,0.0,0.0
2008-11-27 00:00:00+08:00,23.951546122919915,23.951546122919915,21.390844345092773,21.390844345092773,117604,0.0,0.0
2008-11-28 00:00:00+08:00,21.82486343383789,21.82486343383789,21.82486343383789,21.82486343383789,106053,0.0,0.0
2008-12-01 00:00:00+08:00,21.82486343383789,21.82486343383789,21.82486343383789,21.82486343383789,0,0.0,0.0
2008-12-02 00:00:00+08:00,21.82486343383789,21.82486343383789,21.82486343383789,21.82486343383789,0,0.0,0.0
2008-12-03 00:00:00+08:00,20.150798797607422,20.150798797607422,20.150798797607422,20.150798797607422,105003,0.0,0.0
2008-12-04 00:00:00+08:00,21.390848414985218,21.57685661315918,21.390848414985218,21.57685661315918,105003,0.0,0.0
2008-12-05 00:00:00+08:00,21.57685250787621,21.57685250787621,21.390844345092773,21.390844345092773,100803,0.0,0.0
2008-12-08 00:00:00+08:00,21.390844345092773,21.390844345092773,21.390844345092773,21.390844345092773,0,0.0,0.0
2008-12-09 00:00:00+08:00,21.390844345092773,21.390844345092773,21.390844345092773,21.390844345092773,0,0.0,0.0
2008-12-10 00:00:00+08:00,21.390844345092773,21.390844345092773,21.390844345092773,21.390844345092773,0,0.0,0.0
2008-12-11 00:00:00+08:00,21.390844345092773,21.390844345092773,21.390844345092773,21.390844345092773,0,0.0,0.0
2008-12-12 00:00:00+08:00,21.390844345092773,21.390844345092773,21.390844345092773,21.390844345092773,0,0.0,0.0
2008-12-15 00:00:00+08:00,21.390844345092773,21.390844345092773,21.390844345092773,21.390844345092773,0,0.0,0.0
2008-12-16 00:00:00+08:00,21.390844345092773,21.390844345092773,21.390844345092773,21.390844345092773,0,0.0,0.0
2008-12-17 00:00:00+08:00,20.46080846400172,20.46080846400172,20.336803436279297,20.336803436279297,5250,0.0,0.0
2008-12-18 00:00:00+08:00,19.84078598022461,19.84078598022461,19.84078598022461,19.84078598022461,2100,0.0,0.0
2008-12-19 00:00:00+08:00,19.84078598022461,19.84078598022461,19.84078598022461,19.84078598022461,0,0.0,0.0
2008-12-22 00:00:00+08:00,19.43777084350586,19.43777084350586,19.43777084350586,19.43777084350586,2100,0.0,0.0
2008-12-23 00:00:00+08:00,19.43777084350586,19.43777084350586,19.43777084350586,19.43777084350586,0,0.0,0.0
2008-12-24 00:00:00+08:00,19.43777084350586,19.43777084350586,19.43777084350586,19.43777084350586,0,0.0,0.0
2008-12-25 00:00:00+08:00,19.43777084350586,19.43777084350586,19.43777084350586,19.43777084350586,0,0.0,0.0
2008-12-26 00:00:00+08:00,18.662737846845264,18.662737846845264,18.60073471069336,18.60073471069336,264609,0.0,0.0
2008-12-29 00:00:00+08:00,18.600733057746936,18.67513656616211,18.600733057746936,18.67513656616211,57752,0.0,0.0
2008-12-30 00:00:00+08:00,19.22075986333054,19.22075986333054,18.60073471069336,18.60073471069336,103406,0.0,0.0
2008-12-31 00:00:00+08:00,19.220758880656216,19.344763904843813,18.600733759718242,18.662736892700195,104854,0.0,0.0
2009-01-02 00:00:00+08:00,18.662736892700195,18.662736892700195,18.662736892700195,18.662736892700195,0,0.0,0.0
2009-01-05 00:00:00+08:00,19.840785022179535,19.902788162231445,19.344766110646507,19.902788162231445,8400,0.0,0.0
2009-01-06 00:00:00+08:00,19.840782963166095,20.522809982299805,19.840782963166095,20.522809982299805,4200,0.0,0.0
2009-01-07 00:00:00+08:00,20.522809800455008,21.70085566920827,20.460807909163282,21.626453399658203,34651,0.0,0.0
2009-01-08 00:00:00+08:00,21.0808357709234,22.568896344304665,21.0808357709234,22.494491577148438,34651,0.0,0.0
2009-01-09 00:00:00+08:00,21.08083178070895,23.126914060934105,21.08083178070895,23.052509307861328,39901,0.0,0.0
2009-01-12 00:00:00+08:00,21.390843370695578,23.560929397957207,21.20483769993778,23.48032569885254,75602,0.0,0.0
2009-01-13 00:00:00+08:00,21.576854297079798,24.180956374222713,21.576854297079798,24.10035514831543,72452,0.0,0.0
2009-01-14 00:00:00+08:00,21.5768525883777,24.056950672681555,19.840783432654465,23.976346969604492,96603,0.0,0.0
2009-01-15 00:00:00+08:00,21.390845477857003,23.374923546255076,19.840784409309983,21.886865615844727,165905,0.0,0.0
2009-01-16 00:00:00+08:00,23.114517211914062,23.1889194927943,19.84078580877088,23.114517211914062,166243,0.0,0.0
2009-01-19 00:00:00+08:00,22.568892656991025,24.67697439953237,21.948866277605745,24.596370697021484,75602,0.0,0.0
2009-01-20 00:00:00+08:00,22.010869871892876,24.49096785064767,21.94886549767074,24.410364151000977,86103,0.0,0.0
2009-01-21 00:00:00+08:00,22.134878375117005,24.61497688293457,22.010874567325036,24.61497688293457,59852,0.0,0.0
2009-02-02 00:00:00+08:00,24.180953389145394,24.180953389145394,21.886863569846234,22.63089370727539,121805,0.0,0.0
2009-02-03 00:00:00+08:00,22.56889298246636,23.4369269458608,21.700856535519193,23.3563232421875,166010,0.0,0.0
2009-02-04 00:00:00+08:00,22.940905528326052,23.560929397957207,22.010869723879317,23.48032569885254,190230,0.0,0.0
2009-02-05 00:00:00+08:00,22.630893963694515,23.126914060934105,21.700855660482127,23.052509307861328,185961,0.0,0.0
2009-02-06 00:00:00+08:00,22.630894413913307,23.62293214457545,22.320882467859345,23.560930252075195,126004,0.0,0.0
2009-02-09 00:00:00+08:00,22.940905643649394,23.064909424777955,22.32088177090139,22.63089370727539,137554,0.0,0.0
2009-02-10 00:00:00+08:00,22.32088177090139,22.940905643649394,21.700855414600795,22.63089370727539,289857,0.0,0.0
2009-02-11 00:00:00+08:00,22.32088262622201,22.94090652272889,21.948866301475725,22.8169002532959,261460,0.0,0.0
2009-02-12 00:00:00+08:00,22.5688926815353,22.94090652272889,22.50688830504246,22.8169002532959,215399,0.0,0.0
2009-02-13 00:00:00+08:00,22.94090848496934,24.800982817143318,21.762862484132082,23.74694061279297,334093,0.0,0.0
2009-02-16 00:00:00+08:00,23.74694061279297,23.74694061279297,23.74694061279297,23.74694061279297,0,0.0,0.0
2009-02-17 00:00:00+08:00,23.74694061279297,23.74694061279297,23.74694061279297,23.74694061279297,0,0.0,0.0
2009-02-18 00:00:00+08:00,23.74694061279297,23.74694061279297,23.74694061279297,23.74694061279297,0,0.0,0.0
2009-02-19 00:00:00+08:00,23.74694061279297,23.74694061279297,23.74694061279297,23.74694061279297,0,0.0,0.0
2009-02-20 00:00:00+08:00,23.74694061279297,23.74694061279297,23.74694061279297,23.74694061279297,0,0.0,0.0
2009-02-23 00:00:00+08:00,23.74694061279297,23.74694061279297,23.74694061279297,23.74694061279297,0,0.0,0.0
2009-02-24 00:00:00+08:00,23.74694061279297,23.74694061279297,23.74694061279297,23.74694061279297,0,0.0,0.0
2009-02-25 00:00:00+08:00,23.74694061279297,23.74694061279297,23.74694061279297,23.74694061279297,0,0.0,0.0
2009-02-26 00:00:00+08:00,23.74694061279297,23.74694061279297,23.74694061279297,23.74694061279297,0,0.0,0.0
2009-02-27 00:00:00+08:00,23.74694061279297,23.74694061279297,23.74694061279297,23.74694061279297,0,0.0,0.0
2009-03-02 00:00:00+08:00,23.74694061279297,23.74694061279297,23.74694061279297,23.74694061279297,0,0.0,0.0
2009-03-03 00:00:00+08:00,23.74694061279297,23.74694061279297,23.74694061279297,23.74694061279297,0,0.0,0.0
2009-03-04 00:00:00+08:00,23.74694061279297,23.74694061279297,23.74694061279297,23.74694061279297,0,0.0,0.0
2009-03-05 00:00:00+08:00,23.74694061279297,23.74694061279297,23.74694061279297,23.74694061279297,0,0.0,0.0
2009-03-06 00:00:00+08:00,23.74694061279297,23.74694061279297,23.74694061279297,23.74694061279297,0,0.0,0.0
2009-03-09 00:00:00+08:00,23.74694061279297,23.74694061279297,23.74694061279297,23.74694061279297,0,0.0,0.0
2009-03-10 00:00:00+08:00,23.74694061279297,23.74694061279297,23.74694061279297,23.74694061279297,0,0.0,0.0
2009-03-11 00:00:00+08:00,23.74694061279297,23.74694061279297,23.74694061279297,23.74694061279297,0,0.0,0.0
2009-03-12 00:00:00+08:00,23.74694061279297,23.74694061279297,23.74694061279297,23.74694061279297,0,0.0,0.0
2009-03-13 00:00:00+08:00,23.74694061279297,23.74694061279297,23.74694061279297,23.74694061279297,0,0.0,0.0
2009-03-16 00:00:00+08:00,23.74694061279297,23.74694061279297,23.74694061279297,23.74694061279297,0,0.0,0.0
2009-03-17 00:00:00+08:00,23.74694061279297,23.74694061279297,23.74694061279297,23.74694061279297,0,0.0,0.0
2009-03-18 00:00:00+08:00,23.74694061279297,23.74694061279297,23.74694061279297,23.74694061279297,0,0.0,0.0
2009-03-19 00:00:00+08:00,23.74694061279297,23.74694061279297,23.74694061279297,23.74694061279297,0,0.0,0.0
2009-03-20 00:00:00+08:00,23.74694061279297,23.74694061279297,23.74694061279297,23.74694061279297,0,0.0,0.0
2009-03-23 00:00:00+08:00,23.74694061279297,23.74694061279297,23.74694061279297,23.74694061279297,0,0.0,0.0
2009-03-24 00:00:00+08:00,23.74694061279297,23.74694061279297,23.74694061279297,23.74694061279297,0,0.0,0.0
2009-03-25 00:00:00+08:00,23.74694061279297,23.74694061279297,23.74694061279297,23.74694061279297,0,0.0,0.0
2009-03-26 00:00:00+08:00,23.74694061279297,23.74694061279297,23.74694061279297,23.74694061279297,0,0.0,0.0
2009-03-27 00:00:00+08:00,21.57685162587964,21.60785381292717,20.801820543441064,21.204837799072266,363312,0.0,0.0
2009-03-30 00:00:00+08:00,21.204837943395518,21.204837943395518,19.747779846191406,19.747779846191406,245708,0.0,0.0
2009-03-31 00:00:00+08:00,19.747779096823855,19.747779096823855,19.25175902082541,19.40676498413086,264609,0.0,0.0
2009-04-02 00:00:00+08:00,20.460808090458706,20.55381216999668,19.964787988624618,20.522809982299805,334961,0.0,0.0
2009-04-03 00:00:00+08:00,20.522814296095344,21.57685661315918,20.522814296095344,21.57685661315918,516618,0.0,0.0
2009-04-06 00:00:00+08:00,22.444886976571926,23.064910888671875,22.010871231523062,23.064910888671875,1457450,0.0,0.0
2009-04-07 00:00:00+08:00,22.754898790404855,23.43692707629436,22.537890919236713,23.09591293334961,816928,0.0,0.0
2009-04-08 00:00:00+08:00,23.00290962049512,23.21991749892824,22.4448875877008,22.59989356994629,496667,0.0,0.0
2009-04-09 00:00:00+08:00,22.940909527171225,23.43692970275879,22.754901340437634,23.43692970275879,495617,0.0,0.0
2009-04-10 00:00:00+08:00,24.05694821643131,25.048988342285156,23.622930040482135,25.048988342285156,885180,0.0,0.0
2009-04-13 00:00:00+08:00,25.110994732629894,26.78506088256836,24.800982758591612,26.78506088256836,884130,0.0,0.0
2009-04-14 00:00:00+08:00,26.78505765717069,28.025105404,26.289037565017924,27.03306770324707,865230,0.0,0.0
2009-04-15 00:00:00+08:00,27.219075006866287,27.374080984512233,26.10303097439437,26.847061157226562,520818,0.0,0.0
2009-04-16 00:00:00+08:00,27.653092028775337,27.746096108018623,26.35103988647461,26.35103988647461,405314,0.0,0.0
2009-04-17 00:00:00+08:00,27.157072927094532,27.157072927094532,24.521968841552734,24.521968841552734,494567,0.0,0.0
2009-04-20 00:00:00+08:00,24.521969608242564,24.521969608242564,23.21991737735539,24.14995574951172,229958,0.0,0.0
2009-04-21 00:00:00+08:00,23.746940118520968,25.82402229309082,23.746940118520968,25.82402229309082,372763,0.0,0.0
2009-04-22 00:00:00+08:00,26.971067671511392,27.62209129333496,25.979027418832636,27.62209129333496,768626,0.0,0.0
2009-04-23 00:00:00+08:00,29.26515869350921,29.54416847229004,28.52112847750556,29.54416847229004,1564554,0.0,0.0
2009-04-24 00:00:00+08:00,30.009187298972805,30.195192980326475,28.73813481684939,29.017147064208984,852629,0.0,0.0
2009-04-27 00:00:00+08:00,29.4511613373987,31.001220891860275,29.265153197442352,29.761173248291016,695124,0.0,0.0
2009-04-28 00:00:00+08:00,29.699171968148505,30.44320212180474,27.99410628090452,28.707134246826172,604821,0.0,0.0
2009-04-29 00:00:00+08:00,29.141150135196174,29.69917213264086,27.901102355786946,27.963104248046875,447315,0.0,0.0
2009-04-30 00:00:00+08:00,28.27311532668961,29.916181564331055,28.27311532668961,29.916181564331055,741325,0.0,0.0
2009-05-04 00:00:00+08:00,30.07118904369527,30.381200994634064,28.025106690525455,29.04814910888672,513467,0.0,0.0
2009-05-05 00:00:00+08:00,28.83113773868522,30.16419206093017,28.521125798689454,28.645132064819336,343361,0.0,0.0
2009-05-06 00:00:00+08:00,29.01715219045011,30.629216614956196,28.831143992683046,30.381206512451172,750776,0.0,0.0
2009-05-07 00:00:00+08:00,30.071188128615443,30.133190020205912,29.327157978871888,29.45116424560547,474616,0.0,0.0
2009-05-08 00:00:00+08:00,29.4511613373987,30.56720521003199,29.4511613373987,29.761173248291016,390613,0.0,0.0
2009-05-11 00:00:00+08:00,29.7611764799673,30.071188424522877,29.451164535411724,29.513166427612305,346512,0.0,0.0
2009-05-12 00:00:00+08:00,29.513171056302706,29.513171056302706,27.963108606868527,28.211118698120117,309760,0.0,0.0
2009-05-13 00:00:00+08:00,28.521127413598094,28.89314126594647,28.42812332962281,28.459125518798828,151205,0.0,0.0
2009-05-14 00:00:00+08:00,27.653092303194565,28.45912435323163,27.653092303194565,27.963104248046875,211057,0.0,0.0
2009-05-15 00:00:00+08:00,27.963107544918387,28.769139689987252,27.963107544918387,28.521129608154297,205807,0.0,0.0
2009-05-18 00:00:00+08:00,29.761177456493527,30.505205154418945,29.761177456493527,30.505205154418945,939782,0.0,0.0
2009-05-19 00:00:00+08:00,32.241273723519406,32.241273723519406,29.761175744787142,30.009185791015625,808528,0.0,0.0
2009-05-20 00:00:00+08:00,30.25719364683145,30.319198021653737,28.645132056057097,30.07118797302246,331811,0.0,0.0
2009-05-21 00:00:00+08:00,29.761173248291012,30.07118515918333,29.4511613373987,29.761173248291016,186906,0.0,0.0
2009-05-22 00:00:00+08:00,29.3891600132056,30.00918638277968,29.203154337530762,29.420162200927734,243608,0.0,0.0
2009-05-25 00:00:00+08:00,29.761176182413227,30.0091862322886,28.73813379534507,29.327157974243164,257258,0.0,0.0
2009-05-26 00:00:00+08:00,29.141154677648796,29.17215687038764,27.901106704943892,28.211118698120117,292960,0.0,0.0
2009-05-27 00:00:00+08:00,30.133187432241556,30.133187432241556,28.89313728916967,29.079145431518555,240458,0.0,0.0
2009-06-01 00:00:00+08:00,28.893136467859897,28.893136467859897,27.901098865154246,28.14910888671875,284559,0.0,0.0
2009-06-02 00:00:00+08:00,28.45912600318539,28.769137966011034,27.901103973388672,27.901103973388672,170105,0.0,0.0
2009-06-03 00:00:00+08:00,27.901098865154246,28.211110771221787,27.59108695908671,28.14910888671875,114453,0.0,0.0
2009-06-04 00:00:00+08:00,28.149111668199122,28.39712171427008,27.90110162212816,28.33511734008789,154355,0.0,0.0
2009-06-05 00:00:00+08:00,28.521130122476006,28.645136407405168,28.087114334106445,28.087114334106445,70352,0.0,0.0
2009-06-08 00:00:00+08:00,28.459122230557057,28.769134152286572,27.28107643127441,27.281076431274414,97653,0.0,0.0
2009-06-09 00:00:00+08:00,27.591091532751957,27.591091532751957,26.22703742980957,26.22703742980957,163805,0.0,0.0
2009-06-10 00:00:00+08:00,26.041031435785342,26.630055694256242,25.607015652535605,26.28904151916504,189006,0.0,0.0
2009-06-11 00:00:00+08:00,26.041030662934496,26.661054611206055,25.421006714662937,26.661054611206055,60902,0.0,0.0
2009-06-12 00:00:00+08:00,26.661053966317496,26.661053966317496,25.731018066406246,25.73101806640625,113403,0.0,0.0
2009-06-15 00:00:00+08:00,25.11099243164063,25.234996216471973,24.800980486009593,25.110992431640625,131254,0.0,0.0
2009-06-16 00:00:00+08:00,24.304960379578866,25.11099243164063,24.242958487163193,25.110992431640625,86103,0.0,0.0
2009-06-17 00:00:00+08:00,25.1729978812302,25.7310199589302,24.924987792968754,24.92498779296875,39901,0.0,0.0
2009-06-18 00:00:00+08:00,25.35900606831454,25.421007969491647,24.490972001175987,24.92498779296875,49351,0.0,0.0
2009-06-19 00:00:00+08:00,25.110994623169287,25.297000316649708,24.924986446135982,25.172996520996094,16800,0.0,0.0
2009-06-22 00:00:00+08:00,23.436925611296004,25.079989362097518,23.436925611296004,24.800979614257812,94503,0.0,0.0
2009-06-23 00:00:00+08:00,24.42896418199288,24.738976127847042,24.18095412859901,24.397964477539062,31501,0.0,0.0
2009-06-24 00:00:00+08:00,24.76997890076382,24.76997890076382,24.180954699600274,24.64597511291504,47251,0.0,0.0
2009-06-25 00:00:00+08:00,24.769982592755635,25.421008784879707,24.676978496230323,25.359006881713867,69302,0.0,0.0
2009-06-26 00:00:00+08:00,25.421006595856205,25.421006595856205,24.614974473449063,25.172996520996094,31501,0.0,0.0
2009-06-29 00:00:00+08:00,24.614972924215838,24.676974818140327,24.18095469963894,24.521968841552734,35701,0.0,0.0
2009-06-30 00:00:00+08:00,24.521970039314837,24.73897792042655,24.304962158203125,24.304962158203125,32551,0.0,0.0
2009-07-01 00:00:00+08:00,24.304964879901515,24.800985078175657,24.180958588556415,24.61497688293457,52501,0.0,0.0
2009-07-02 00:00:00+08:00,24.769977419998618,25.20399561862893,24.490967672241872,24.676973342895508,53551,0.0,0.0
2009-07-03 00:00:00+08:00,24.676973350232604,24.86298150449413,24.490967679523663,24.800979614257812,28350,0.0,0.0
2009-07-06 00:00:00+08:00,24.800979614257816,25.17299343922828,24.61497145999629,24.800979614257812,30451,0.0,0.0
2009-07-07 00:00:00+08:00,24.862981241501302,26.227035230034577,24.862981241501302,26.1650333404541,122854,0.0,0.0
2009-07-08 00:00:00+08:00,26.041027512912684,26.041027512912684,25.483005530258165,25.607011795043945,57752,0.0,0.0
2009-07-09 00:00:00+08:00,25.731020791666186,26.28904288742552,25.607016985298824,26.041032791137695,81902,0.0,0.0
2009-07-10 00:00:00+08:00,26.103030581261656,26.103030581261656,25.731016737224763,25.979026794433594,33601,0.0,0.0
2009-07-13 00:00:00+08:00,26.661053966317496,26.661053966317496,25.731018066406246,25.73101806640625,70352,0.0,0.0
2009-07-14 00:00:00+08:00,25.731014339074367,27.28107643127441,25.731014339074367,27.281076431274414,198456,0.0,0.0
2009-07-15 00:00:00+08:00,27.591094711767667,28.83114268447257,27.591094711767667,28.211118698120117,475666,0.0,0.0
2009-07-16 00:00:00+08:00,28.459127381156637,28.738137167788054,27.653095245361328,27.653095245361328,290860,0.0,0.0
2009-07-17 00:00:00+08:00,27.71509796287196,28.335121936858762,27.71509796287196,28.087114334106445,149105,0.0,0.0
2009-07-20 00:00:00+08:00,28.30412010883235,29.079150018280345,28.211116022988026,28.5831298828125,303460,0.0,0.0
2009-07-21 00:00:00+08:00,28.7071388806233,28.769140782547936,28.087114894270847,28.211118698120117,162755,0.0,0.0
2009-07-22 00:00:00+08:00,28.211115170722707,28.583129019308544,28.211115170722707,28.397123336791992,154355,0.0,0.0
2009-07-23 00:00:00+08:00,28.64513248614616,29.7611764799673,28.64513248614616,29.513166427612305,361212,0.0,0.0
2009-07-24 00:00:00+08:00,29.761177534256618,29.761177534256618,29.141151139628377,29.203155517578125,205807,0.0,0.0
2009-07-27 00:00:00+08:00,29.761175744787142,30.0711876816846,29.451163807889685,30.009185791015625,222607,0.0,0.0
2009-07-28 00:00:00+08:00,30.071193167312845,30.505208964722005,29.451169180412307,29.699176788330078,197406,0.0,0.0
2009-07-29 00:00:00+08:00,29.699173450427423,29.947183514024292,29.141151428222656,29.141151428222656,140704,0.0,0.0
2009-07-30 00:00:00+08:00,29.141152775256312,29.141152775256312,28.645135108687203,28.893142700195312,123904,0.0,0.0
2009-07-31 00:00:00+08:00,29.327155082910338,30.195188930119297,29.265153197442352,29.761173248291016,282459,0.0,0.0
2009-08-03 00:00:00+08:00,30.07118879432662,31.8072566986084,30.07118879432662,31.8072566986084,672023,0.0,0.0
2009-08-04 00:00:00+08:00,32.24127557786799,32.67529132106569,30.443203260183953,30.505205154418945,345462,0.0,0.0
2009-08-05 00:00:00+08:00,30.56721471021823,31.311242534180145,29.761182497965187,30.381206512451172,275109,0.0,0.0
2009-08-06 00:00:00+08:00,30.381206512451172,30.660216325548596,29.792182208557588,30.381206512451172,455715,0.0,0.0
2009-08-10 00:00:00+08:00,28.52113044702601,30.350202681232414,28.52113044702601,29.637174606323242,364478,1.714226,0.0
2009-08-11 00:00:00+08:00,30.381197070075643,30.629207095499975,29.38915696837832,29.761173248291016,358062,0.0,0.0
2009-08-12 00:00:00+08:00,29.94718313919851,30.69121332067667,29.513167396000807,30.505205154418945,271959,0.0,0.0
2009-08-13 00:00:00+08:00,30.6912105675973,32.241272685744114,30.6912105675973,31.74525260925293,387463,0.0,0.0
2009-08-14 00:00:00+08:00,32.48928686799572,33.915340423583984,32.427282487861284,33.915340423583984,702474,0.0,0.0
2009-08-17 00:00:00+08:00,35.03138692020235,36.27143478393555,34.47336488481185,36.27143478393555,911431,0.0,0.0
2009-08-18 00:00:00+08:00,36.33343612844694,36.33343612844694,33.79133605957031,33.79133605957031,675173,0.0,0.0
2009-08-19 00:00:00+08:00,33.79134152401919,34.41136803028482,32.86130548995054,33.04731369018555,219457,0.0,0.0
2009-08-20 00:00:00+08:00,33.17131136172261,33.17131136172261,31.497245320115262,32.055267333984375,342311,0.0,0.0
2009-08-21 00:00:00+08:00,33.17131339509963,34.28735749125053,32.61329134702417,32.86130142211914,606921,0.0,0.0
2009-08-24 00:00:00+08:00,34.101345789105196,35.15538787841797,33.04730618334506,35.15538787841797,940832,0.0,0.0
2009-08-25 00:00:00+08:00,35.217391037629675,37.13946712746255,34.16335139392683,36.33343505859375,905131,0.0,0.0
2009-08-26 00:00:00+08:00,36.581453438421235,36.581453438421235,34.72138130272588,35.0933952331543,487216,0.0,0.0
2009-08-27 00:00:00+08:00,34.101351034119865,35.03138948352554,33.17131506826721,33.481327056884766,618471,0.0,0.0
2009-08-28 00:00:00+08:00,33.5433235168457,34.41135992443455,33.23331157851509,33.5433235168457,287710,0.0,0.0
2009-08-31 00:00:00+08:00,33.481323528566755,34.41136187996342,33.481323528566755,33.66733169555664,268809,0.0,0.0
2009-09-01 00:00:00+08:00,33.667332904130646,35.89942105392469,33.48132473046353,34.84537887573242,680423,0.0,0.0
2009-09-02 00:00:00+08:00,34.597365597301355,34.597365597301355,33.481321625890104,33.5433235168457,610071,0.0,0.0
2009-09-03 00:00:00+08:00,33.48132192065638,34.28735396083324,33.48132192065638,33.729331970214844,363312,0.0,0.0
2009-09-04 00:00:00+08:00,34.41136035261894,36.085426330566406,34.41136035261894,36.085426330566406,1136139,0.0,0.0
2009-09-07 00:00:00+08:00,38.56552505493164,38.56552505493164,38.56552505493164,38.56552505493164,501917,0.0,0.0
2009-09-08 00:00:00+08:00,40.85961728251404,40.85961728251404,38.62752914428711,38.62752914428711,2013970,0.0,0.0
2009-09-09 00:00:00+08:00,38.31751134629506,40.92161560232839,38.31751134629506,39.49555969238281,1225392,0.0,0.0
2009-09-10 00:00:00+08:00,41.23162696889152,42.22366714477539,39.805571078722885,42.22366714477539,2523238,0.0,0.0
2009-09-11 00:00:00+08:00,43.27770938471921,44.393753409344,43.02970180907169,43.40171813964844,1982469,0.0,0.0
2009-09-14 00:00:00+08:00,43.897737377207314,43.897737377207314,41.23163333884494,41.72765350341797,1001734,0.0,0.0
2009-09-15 00:00:00+08:00,42.16166393020448,43.21570850872277,41.6036419368171,42.471675872802734,942932,0.0,0.0
2009-09-16 00:00:00+08:00,42.843695745173015,42.905700125678806,41.85165545971458,42.53368377685547,780177,0.0,0.0
2009-09-17 00:00:00+08:00,42.96770027854274,43.02970466011561,41.231632232666016,41.231632232666016,641572,0.0,0.0
2009-09-18 00:00:00+08:00,41.2936363494732,42.967702587280776,41.2936363494732,41.97566223144531,604821,0.0,0.0
2009-09-21 00:00:00+08:00,41.603643989707436,42.47167796852534,41.231630136943416,41.851654052734375,488267,0.0,0.0
2009-09-22 00:00:00+08:00,42.1616691587444,44.76577377319336,41.913661560752075,44.76577377319336,1821813,0.0,0.0
2009-09-23 00:00:00+08:00,44.76577073435634,44.76577073435634,41.85165433668312,42.037662506103516,1209642,0.0,0.0
2009-09-24 00:00:00+08:00,41.54163933431584,42.03765942740821,40.92161545972667,41.665645599365234,346512,0.0,0.0
2009-09-25 00:00:00+08:00,41.293627385532965,42.657681336924036,41.293627385532965,41.5416374206543,405314,0.0,0.0
2009-09-28 00:00:00+08:00,41.54164189489856,41.54164189489856,40.23958969116211,40.23958969116211,370662,0.0,0.0
2009-09-29 00:00:00+08:00,40.30159085155151,41.23162664650636,40.30159085155151,40.611602783203125,233108,0.0,0.0
2009-09-30 00:00:00+08:00,40.61160497958556,41.66564709433797,40.30159303116768,40.673606872558594,258309,0.0,0.0
2009-10-01 00:00:00+08:00,40.673609621403436,41.91365998243399,40.673609621403436,41.107627868652344,244658,0.0,0.0
2009-10-02 00:00:00+08:00,40.673605698377024,40.73560758956017,40.17758560180664,40.17758560180664,223657,0.0,0.0
2009-10-05 00:00:00+08:00,40.17758996860459,40.611608221164154,39.86757799544186,40.54960632324219,154355,0.0,0.0
2009-10-06 00:00:00+08:00,40.85961836099326,41.85165617997158,40.73561208140041,41.231632232666016,378013,0.0,0.0
2009-10-07 00:00:00+08:00,41.72764881850161,42.22366892738465,41.41763687133789,41.41763687133789,489317,0.0,0.0
2009-10-08 00:00:00+08:00,41.541643349804986,41.975659110549095,40.9216194152832,40.9216194152832,340211,0.0,0.0
2009-10-09 00:00:00+08:00,40.921616633987746,41.66564679497653,40.30159274160676,40.48759841918945,283509,0.0,0.0
2009-10-12 00:00:00+08:00,40.61161041370116,40.61161041370116,39.68157196044922,39.68157196044922,268809,0.0,0.0
2009-10-13 00:00:00+08:00,39.24754804133308,39.68156374390319,39.06153989248732,39.557559967041016,150155,0.0,0.0
2009-10-14 00:00:00+08:00,39.99157904761202,40.30159098025366,39.7435690047882,39.86757278442383,136504,0.0,0.0
2009-10-15 00:00:00+08:00,40.36359105027209,40.61160108191434,39.185545262635756,39.2475471496582,300310,0.0,0.0
2009-10-16 00:00:00+08:00,39.309554772100924,39.619566735997594,39.061544704273025,39.1235466003418,180606,0.0,0.0
2009-10-19 00:00:00+08:00,39.12354988191926,40.053588335171206,39.12354988191926,39.68157196044922,140704,0.0,0.0
2009-10-20 00:00:00+08:00,39.371553426901286,40.30159172557859,39.371553426901286,39.49555969238281,102903,0.0,0.0
2009-10-21 00:00:00+08:00,39.68156833812601,39.92957840411678,39.06154441492548,39.185550689697266,102903,0.0,0.0
2009-10-22 00:00:00+08:00,39.1855545113025,39.37156021627135,38.19351415058981,38.255516052246094,179556,0.0,0.0
2009-10-23 00:00:00+08:00,38.317509892263274,39.123541894872616,38.317509892263274,38.81352996826172,94503,0.0,0.0
2009-10-26 00:00:00+08:00,38.81353728982528,39.0615473746077,37.94550323486328,37.94550323486328,72452,0.0,0.0
2009-10-27 00:00:00+08:00,37.821498027021946,37.821498027021946,37.32547787591255,37.5114860534668,84002,0.0,0.0
2009-10-28 00:00:00+08:00,37.38747758806606,37.75949143787199,37.20146942138672,37.20146942138672,137554,0.0,0.0
2009-10-29 00:00:00+08:00,36.58144588373918,36.58144588373918,35.52740621794333,35.961421966552734,250958,0.0,0.0
2009-10-30 00:00:00+08:00,36.271433925145956,36.8914578423324,35.961421966552734,35.961421966552734,157505,0.0,0.0
2009-11-02 00:00:00+08:00,35.96142064014261,36.829454588897406,35.96142064014261,36.20943069458008,133354,0.0,0.0
2009-11-03 00:00:00+08:00,36.39543562870741,36.82945383598847,36.39543562870741,36.581443786621094,94503,0.0,0.0
2009-11-04 00:00:00+08:00,37.0154659023574,37.635489849467696,36.82945772480315,37.5114860534668,93453,0.0,0.0
2009-11-05 00:00:00+08:00,37.821498027021946,38.3795200761318,37.449484155466344,37.5114860534668,111303,0.0,0.0
2009-11-06 00:00:00+08:00,38.00750350831037,38.441519247077196,37.69748907319486,37.759490966796875,124954,0.0,0.0
2009-11-09 00:00:00+08:00,37.82149912024037,37.883501020032966,35.527408959490565,37.07746887207031,87153,0.0,0.0
2009-11-10 00:00:00+08:00,36.581445980803956,37.44948244743155,36.581445980803956,36.64344787597656,114453,0.0,0.0
2009-11-11 00:00:00+08:00,37.07746084367531,38.00749907339464,36.76744892828635,37.63548278808594,95553,0.0,0.0
2009-11-12 00:00:00+08:00,37.635482701511776,38.379512786865234,37.38747267306062,38.379512786865234,114453,0.0,0.0
2009-11-13 00:00:00+08:00,38.13151126640888,40.98362350463867,37.82149928256242,40.98362350463867,1050036,0.0,0.0
2009-11-16 00:00:00+08:00,41.35563517602731,41.41763955632177,40.363597377503034,40.9216194152832,390613,0.0,0.0
2009-11-17 00:00:00+08:00,41.355637345781716,41.54164552931845,39.99158561168894,40.301597595214844,275109,0.0,0.0
2009-11-18 00:00:00+08:00,39.80557275924436,42.47167649827349,39.80557275924436,41.41763687133789,714024,0.0,0.0
2009-11-19 00:00:00+08:00,41.47964367221419,41.72765375600195,40.921621604579975,40.98362350463867,337061,0.0,0.0
2009-11-20 00:00:00+08:00,41.04561908331875,41.04561908331875,40.487597101624715,40.7356071472168,202657,0.0,0.0
2009-11-23 00:00:00+08:00,40.73560758956017,40.73560758956017,39.99157992825721,40.17758560180664,127054,0.0,0.0
2009-11-24 00:00:00+08:00,40.30159186772555,41.169625794947414,40.17758560180664,40.17758560180664,161705,0.0,0.0
2009-11-25 00:00:00+08:00,40.177586641497534,40.61160485811603,39.991580963134766,39.991580963134766,126004,0.0,0.0
2009-11-26 00:00:00+08:00,40.23959319325228,40.23959319325228,39.371559143066406,39.371559143066406,191106,0.0,0.0
2009-11-27 00:00:00+08:00,39.24755101591084,39.24755101591084,37.821495056152344,37.821495056152344,152255,0.0,0.0
2009-11-30 00:00:00+08:00,37.821495171950225,39.43355929958772,37.821495171950225,38.50352096557617,70352,0.0,0.0
2009-12-01 00:00:00+08:00,38.565524764350826,39.3715568679942,38.565524764350826,38.62752914428711,113403,0.0,0.0
2009-12-02 00:00:00+08:00,39.309559682806075,39.68157358924496,38.87554138899977,38.93754577636719,143855,0.0,0.0
2009-12-03 00:00:00+08:00,39.37155445747598,39.8055726726931,38.99954061839894,39.06154251098633,163805,0.0,0.0
2009-12-04 00:00:00+08:00,38.75153787843254,39.49556818056703,38.75153787843254,38.87554168701172,120754,0.0,0.0
2009-12-07 00:00:00+08:00,38.13150679463828,40.239588534285126,38.13150679463828,39.991580963134766,212107,0.0,0.0
2009-12-08 00:00:00+08:00,40.61160744802231,42.16166728432677,40.30159548076142,40.9216194152832,690924,0.0,0.0
2009-12-09 00:00:00+08:00,41.04561983030163,41.54163993051279,40.05358211343197,40.36359405517578,247808,0.0,0.0
2009-12-10 00:00:00+08:00,40.05357931725415,41.107621335731025,39.867571171772205,39.92957305908203,281409,0.0,0.0
2009-12-11 00:00:00+08:00,39.68156795376569,40.61160631311083,39.68156795376569,40.42559814453125,213157,0.0,0.0
2009-12-14 00:00:00+08:00,40.42560139520401,41.16963164579796,40.239593211667284,40.301597595214844,316061,0.0,0.0
2009-12-15 00:00:00+08:00,40.611602783203125,40.92161471485475,40.23958647837914,40.611602783203125,294010,0.0,0.0
2009-12-16 00:00:00+08:00,40.30160084329168,41.10763305884176,40.17759454975534,40.859622955322266,257258,0.0,0.0
2009-12-17 00:00:00+08:00,41.16962842085422,43.71173095703125,40.921618356750294,43.71173095703125,1961468,0.0,0.0
2009-12-18 00:00:00+08:00,43.71173535737444,46.687851459113595,43.40172336692465,45.44780349731445,3090257,0.0,0.0
2009-12-21 00:00:00+08:00,46.99786009431272,48.60992431640625,46.93585571380693,48.60992431640625,2525338,0.0,0.0
2009-12-22 00:00:00+08:00,49.22994471758054,49.22994471758054,46.68784477309591,47.12186050415039,1469001,0.0,0.0
2009-12-23 00:00:00+08:00,47.741884396258314,47.741884396258314,46.50183661204246,47.12186050415039,967083,0.0,0.0
2009-12-24 00:00:00+08:00,47.12185903279479,47.431870969168784,45.26178741455079,45.26178741455078,927182,0.0,0.0
2009-12-25 00:00:00+08:00,45.5718028044794,47.74188652355222,45.5718028044794,46.50183868408203,899881,0.0,0.0
2009-12-28 00:00:00+08:00,47.18386371103531,49.7259635925293,46.25382789591876,49.7259635925293,2736395,0.0,0.0
2009-12-29 00:00:00+08:00,50.22198534374996,53.19810104370117,49.84996901859153,53.19810104370117,2970553,0.0,0.0
2009-12-30 00:00:00+08:00,53.19810977379406,56.112226542511195,50.53200558491785,52.08206558227539,2541088,0.0,0.0
2009-12-31 00:00:00+08:00,52.70207654656775,54.87216497325288,52.70207654656775,52.826080322265625,1952018,0.0,0.0
2010-01-04 00:00:00+08:00,52.82608662061624,53.632118709411486,50.53199911181866,50.96601486206055,1532003,0.0,0.0
2010-01-05 00:00:00+08:00,51.02801815702942,52.3300703472053,48.981938272655384,49.29195022583008,885180,0.0,0.0
2010-01-06 00:00:00+08:00,49.167938546203686,51.3380270564479,48.98193535904733,49.601959228515625,851579,0.0,0.0
2010-01-07 00:00:00+08:00,49.47796550241588,50.22199330355002,47.431880356861164,47.55588912963867,717175,0.0,0.0
2010-01-08 00:00:00+08:00,47.67988524124402,49.415953141813226,46.50183685970171,48.981937408447266,590120,0.0,0.0
2010-01-11 00:00:00+08:00,47.74187864426797,50.34598265106042,47.74187864426797,49.16793441772461,492467,0.0,0.0
2010-01-12 00:00:00+08:00,49.29195369987067,52.578081628546,48.79593354641114,52.144065856933594,2247078,0.0,0.0
2010-01-13 00:00:00+08:00,50.097990058750895,51.71004948473833,50.097990058750895,50.656009674072266,784377,0.0,0.0
2010-01-14 00:00:00+08:00,51.21402775788634,54.19014358520508,51.21402775788634,54.19014358520508,2842449,0.0,0.0
2010-01-15 00:00:00+08:00,55.058175577402295,55.43018692109745,52.70207889847368,53.81812286376953,2306930,0.0,0.0
2010-01-18 00:00:00+08:00,53.81812375676337,53.81812375676337,52.70207977294922,52.70207977294922,1525703,0.0,0.0
2010-01-19 00:00:00+08:00,52.70208399936082,53.198104139401295,51.46203613281249,51.4620361328125,745526,0.0,0.0
2010-01-20 00:00:00+08:00,51.83404659715927,53.26010247527302,50.84200642966142,52.3300666809082,943982,0.0,0.0
2010-01-21 00:00:00+08:00,51.5240334858006,52.08205296279877,51.21402156144495,51.83404541015625,518718,0.0,0.0
2010-01-22 00:00:00+08:00,49.72596567517341,50.842009693476946,48.981937985339535,49.10594177246094,621621,0.0,0.0
2010-01-25 00:00:00+08:00,47.12186131009668,50.78000531636352,47.12186131009668,49.10594177246094,333911,0.0,0.0
2010-01-26 00:00:00+08:00,48.98193872695124,49.911974595101164,45.69580603229489,46.12982177734375,632122,0.0,0.0
2010-01-27 00:00:00+08:00,46.50184055626006,47.05986508675122,42.90570068359375,42.90570068359375,628971,0.0,0.0
2010-01-28 00:00:00+08:00,43.33970913933901,45.26178503045757,43.091696623040356,44.517757415771484,430515,0.0,0.0
2010-01-29 00:00:00+08:00,44.51776304448081,44.51776304448081,42.843694490891124,43.71173095703125,303460,0.0,0.0
2010-02-01 00:00:00+08:00,43.897732327112564,46.749849187070005,43.835732918114694,45.695804595947266,687773,0.0,0.0
2010-02-02 00:00:00+08:00,46.50184040583357,47.12186434852533,44.02174463506654,44.083744049072266,327611,0.0,0.0
2010-02-03 00:00:00+08:00,44.64176731172204,45.75781137033746,44.021743386614105,45.01377868652344,224707,0.0,0.0
2010-02-04 00:00:00+08:00,46.3778358617803,46.3778358617803,45.13778799642179,45.63380813598633,220507,0.0,0.0
2010-02-05 00:00:00+08:00,44.02174204587271,44.95177790520913,42.47167731320656,43.40171813964844,405314,0.0,0.0
2010-02-08 00:00:00+08:00,44.02174263199738,44.02174263199738,42.84369421422292,43.2777099609375,140704,0.0,0.0
2010-02-09 00:00:00+08:00,42.78169011220056,44.26975049682411,42.78169011220056,43.71173095703125,175356,0.0,0.0
2010-02-10 00:00:00+08:00,44.331753355090605,45.26178920091876,44.08374081593987,44.45575714111328,273009,0.0,0.0
2010-02-22 00:00:00+08:00,46.315826406703614,46.315826406703614,44.95177489769368,45.13778305053711,213157,0.0,0.0
2010-02-23 00:00:00+08:00,44.02174462055321,44.76577235811687,43.40172067806586,44.331756591796875,157505,0.0,0.0
2010-02-24 00:00:00+08:00,43.711732365940435,47.431875996748005,43.711732365940435,47.183868408203125,1215942,0.0,0.0
2010-02-25 00:00:00+08:00,47.18386158636247,47.61787728711891,45.57179759257571,45.81980514526367,588020,0.0,0.0
2010-02-26 00:00:00+08:00,45.38579059284356,46.1918226101309,44.64176294884953,44.8897705078125,271959,0.0,0.0
2010-03-01 00:00:00+08:00,44.517756866033096,45.509792017662505,44.517756866033096,45.32378387451172,253058,0.0,0.0
2010-03-02 00:00:00+08:00,45.385793792585844,46.81184977492405,45.385793792585844,46.19182586669922,385363,0.0,0.0
2010-03-03 00:00:00+08:00,46.50183753095655,47.49387776477489,46.25382995605469,46.25382995605469,584870,0.0,0.0
2010-03-04 00:00:00+08:00,46.50183753095655,46.687845695685674,45.63380605169459,46.25382995605469,304510,0.0,0.0
2010-03-05 00:00:00+08:00,46.563842197645485,46.93585356231046,46.2538302435386,46.43983840942383,233108,0.0,0.0
2010-03-08 00:00:00+08:00,46.56383779912039,47.30786542527329,46.56383779912039,47.2458610534668,361212,0.0,0.0
2010-03-09 00:00:00+08:00,47.36986754596023,49.16793463764042,47.05985563587022,48.175899505615234,494567,0.0,0.0
2010-03-10 00:00:00+08:00,48.85792922973633,49.60196188665468,48.42391349127091,48.85792922973633,764426,0.0,0.0
2010-03-11 00:00:00+08:00,48.8579310453433,48.981939804174935,48.05189894846579,48.29991149902344,299260,0.0,0.0
2010-03-12 00:00:00+08:00,48.981940677578756,48.981940677578756,48.29991236026592,48.36191177368164,303460,0.0,0.0
2010-03-15 00:00:00+08:00,48.113898621455014,48.361906180647324,46.563838958740234,46.563838958740234,218407,0.0,0.0
2010-03-16 00:00:00+08:00,47.059863770933084,47.059863770933084,46.43983984357183,46.6258430480957,171155,0.0,0.0
2010-03-17 00:00:00+08:00,46.68784101885974,47.98989307442865,46.68784101885974,47.369869232177734,156455,0.0,0.0
2010-03-18 00:00:00+08:00,47.36987476694518,48.67192697464783,47.36987476694518,47.989898681640625,248858,0.0,0.0
2010-03-19 00:00:00+08:00,47.989896039823485,48.60991992038696,47.989896039823485,48.48591613769531,237308,0.0,0.0
2010-03-22 00:00:00+08:00,48.48591613769532,48.48591613769532,48.48591613769532,48.48591613769531,0,0.0,0.0
2010-03-23 00:00:00+08:00,51.46203568014661,51.95805581582403,49.9119758605957,49.9119758605957,882030,0.0,0.0
2010-03-24 00:00:00+08:00,50.22198368734583,50.8420075640902,49.7259635925293,49.7259635925293,435765,0.0,0.0
2010-03-25 00:00:00+08:00,49.72597396414328,49.787973384486136,48.981946150285204,49.22995376586914,342311,0.0,0.0
2010-03-26 00:00:00+08:00,49.043937105480296,49.91197354441061,48.67192574631479,48.9199333190918,239408,0.0,0.0
2010-03-29 00:00:00+08:00,49.29195022590889,49.72596596693306,49.04393768310547,49.04393768310547,338111,0.0,0.0
2010-03-30 00:00:00+08:00,49.22994291999258,49.66395863519936,49.22994291999258,49.601959228515625,176406,0.0,0.0
2010-03-31 00:00:00+08:00,49.91196697229659,50.221978881,49.1679344177246,49.16793441772461,210007,0.0,0.0
2010-04-01 00:00:00+08:00,48.67192574631479,49.539957218139705,48.67192574631479,48.9199333190918,338111,0.0,0.0
2010-04-02 00:00:00+08:00,48.98193827273371,50.035977920108245,48.98193827273371,49.04393768310547,273009,0.0,0.0
2010-04-06 00:00:00+08:00,49.22994497976914,49.415953141813226,48.85792865568096,48.981937408447266,262509,0.0,0.0
2010-04-07 00:00:00+08:00,48.981946150285204,49.5399657689022,48.981946150285204,49.22995376586914,226807,0.0,0.0
2010-04-08 00:00:00+08:00,49.105935016246775,50.035970742357,49.04393064766419,49.16793441772461,371712,0.0,0.0
2010-04-09 00:00:00+08:00,49.22994613495235,50.035978211320064,49.16794175711426,49.47795867919922,413714,0.0,0.0
2010-04-12 00:00:00+08:00,49.84996825020004,50.90401283286665,49.84996825020004,50.03597640991211,596420,0.0,0.0
2010-04-13 00:00:00+08:00,50.0359809494278,50.09798533065894,48.67192926629455,48.73392868041992,366462,0.0,0.0
2010-04-14 00:00:00+08:00,48.733925729930284,49.29195022590889,48.733925729930284,49.04393768310547,178506,0.0,0.0
2010-04-15 00:00:00+08:00,49.2299455581955,49.41595372242509,48.795929819730084,48.85792922973633,244658,0.0,0.0
2010-04-16 00:00:00+08:00,48.42391967773437,48.98194424171432,48.42391967773437,48.423919677734375,231008,0.0,0.0
2010-04-19 00:00:00+08:00,48.051899935215935,49.16794401787935,47.12186402751404,47.183868408203125,264609,0.0,0.0
2010-04-20 00:00:00+08:00,47.431880356861164,48.17591312510149,47.431880356861164,47.55588912963867,130204,0.0,0.0
2010-04-21 00:00:00+08:00,48.051899805285935,48.485920534724485,47.74188783689022,48.36191177368164,161705,0.0,0.0
2010-04-22 00:00:00+08:00,48.11390768678087,48.42391967773437,47.803895695827364,48.423919677734375,148055,0.0,0.0
2010-04-23 00:00:00+08:00,48.54791727838882,48.85792922973633,48.17590591703508,48.85792922973633,203707,0.0,0.0
2010-04-26 00:00:00+08:00,48.981936794350815,50.221984569624176,48.981936794350815,50.03597640991211,626871,0.0,0.0
2010-04-27 00:00:00+08:00,50.22198579076447,50.22198579076447,49.10594177246094,49.10594177246094,269859,0.0,0.0
2010-04-28 00:00:00+08:00,45.6958062268535,47.80389051723221,45.6958062268535,47.741886138916016,406364,0.0,0.0
2010-04-29 00:00:00+08:00,48.051896342312276,48.11390071836521,47.12186050415039,47.12186050415039,261459,0.0,0.0
2010-04-30 00:00:00+08:00,47.43187249427124,47.6178806554975,45.88181276256134,45.943817138671875,304510,0.0,0.0
2010-05-03 00:00:00+08:00,44.951778985076224,45.94381924570882,44.951778985076224,45.075782775878906,147005,0.0,0.0
2010-05-04 00:00:00+08:00,45.137780698465804,45.81980393387886,45.075776328380584,45.32378387451172,126004,0.0,0.0
2010-05-05 00:00:00+08:00,44.64176441656708,44.951776359015824,43.401716646772094,43.89773178100586,271959,0.0,0.0
2010-05-06 00:00:00+08:00,43.401723372409045,45.075787127628224,43.401723372409045,43.58772659301758,156455,0.0,0.0
2010-05-07 00:00:00+08:00,41.603648586532515,44.14575139254971,41.603648586532515,44.02174758911133,154355,0.0,0.0
2010-05-10 00:00:00+08:00,43.401720405536,44.39375572702307,43.401720405536,44.145748138427734,87153,0.0,0.0
2010-05-11 00:00:00+08:00,44.57976275156572,44.82777530086639,43.64972686767578,43.64972686767578,96603,0.0,0.0
2010-05-12 00:00:00+08:00,43.64973311746848,44.76577733135334,43.64973311746848,44.579769134521484,132304,0.0,0.0
2010-05-13 00:00:00+08:00,44.641769681720284,45.63381000140191,44.641769681720284,44.82777786254883,180606,0.0,0.0
2010-05-14 00:00:00+08:00,44.57975857555623,44.951774881105806,44.45575479607474,44.8897705078125,94503,0.0,0.0
2010-05-17 00:00:00+08:00,44.64176942852175,44.64176942852175,44.33175745126779,44.39375686645508,108153,0.0,0.0
2010-05-18 00:00:00+08:00,44.39375684722047,44.64176940917969,44.33175743206006,44.64176940917969,119704,0.0,0.0
2010-05-19 00:00:00+08:00,44.33175958126032,44.4557633846987,43.897738818566864,44.02174758911133,115504,0.0,0.0
2010-05-20 00:00:00+08:00,43.711730092760575,44.02174204587271,43.40171813964844,43.40171813964844,92403,0.0,0.0
2010-05-21 00:00:00+08:00,42.71968767629838,42.71968767629838,41.54163933431584,41.665645599365234,179556,0.0,0.0
2010-05-24 00:00:00+08:00,42.47168154109543,42.47168154109543,41.66565187289842,41.91366195678711,56701,0.0,0.0
2010-05-25 00:00:00+08:00,41.54163962559889,41.54163962559889,39.99157992825721,40.17758560180664,182706,0.0,0.0
2010-05-26 00:00:00+08:00,40.30159548076142,41.107627589060876,40.17758920372536,40.9216194152832,87153,0.0,0.0
2010-05-27 00:00:00+08:00,40.67360055914374,43.09169387817383,40.67360055914374,43.09169387817383,121804,0.0,0.0
2010-05-28 00:00:00+08:00,43.40171755516547,43.959737076410384,42.78168869018555,42.78168869018555,127054,0.0,0.0
2010-05-31 00:00:00+08:00,42.9676901114758,43.27770201177319,42.843686344777765,43.09169387817383,31501,0.0,0.0
2010-06-01 00:00:00+08:00,43.33971229234101,43.40171666770278,42.471675872802734,42.471675872802734,81902,0.0,0.0
2010-06-02 00:00:00+08:00,42.78169192096964,43.83573660063991,42.1616679762722,42.90570068359375,150155,0.0,0.0
2010-06-03 00:00:00+08:00,43.40171074557583,43.649718278971896,42.9676901114758,43.09169387817383,109203,0.0,0.0
2010-06-04 00:00:00+08:00,43.401718428169765,43.89773358276217,43.15370588376807,43.33971405029297,95553,0.0,0.0
2010-06-07 00:00:00+08:00,42.22366714477539,42.22366714477539,41.91365521069982,42.22366714477539,63002,0.0,0.0
2010-06-08 00:00:00+08:00,42.16165924072266,42.47167114883946,42.16165924072266,42.161659240722656,43051,0.0,0.0
2010-06-09 00:00:00+08:00,42.161662771118216,42.65768285906015,42.161662771118216,42.22366714477539,71402,0.0,0.0
2010-06-10 00:00:00+08:00,42.28566655132741,42.65768285906015,41.91365521069982,42.22366714477539,82952,0.0,0.0
2010-06-11 00:00:00+08:00,42.347670924984584,42.905695386583695,42.22366714477539,42.22366714477539,88203,0.0,0.0
2010-06-14 00:00:00+08:00,42.34767616840837,42.7196925222036,42.16166799151076,42.65768814086914,74552,0.0,0.0
2010-06-15 00:00:00+08:00,43.215702611976475,43.215702611976475,42.781681977876445,43.09169387817383,50401,0.0,0.0
2010-06-17 00:00:00+08:00,43.40172168144412,43.40172168144412,42.96770093798452,43.21571350097656,68252,0.0,0.0
2010-06-18 00:00:00+08:00,43.27771703606555,43.27771703606555,43.029709416571166,43.15371322631836,32551,0.0,0.0
2010-06-21 00:00:00+08:00,43.40171074557583,43.40171074557583,42.657678211178414,43.09169387817383,87153,0.0,0.0
2010-06-22 00:00:00+08:00,43.09170390889307,43.09170390889307,42.65768814086914,42.65768814086914,84002,0.0,0.0
2010-06-23 00:00:00+08:00,42.471675872802734,42.71968840714451,42.22366830556625,42.471675872802734,44101,0.0,0.0
2010-06-24 00:00:00+08:00,42.59568405151367,42.78168724089058,42.47167530245544,42.59568405151367,58802,0.0,0.0
2010-06-25 00:00:00+08:00,42.59568345250813,42.65768285906015,42.161662771118216,42.22366714477539,47251,0.0,0.0
2010-06-28 00:00:00+08:00,42.22366714477539,42.22366714477539,42.22366714477539,42.22366714477539,0,0.0,0.0
2010-06-29 00:00:00+08:00,42.16166455110976,42.16166455110976,41.41763687133789,41.41763687133789,69302,0.0,0.0
2010-06-30 00:00:00+08:00,40.921620194326884,40.921620194326884,40.17758996860459,40.54960632324219,67202,0.0,0.0
2010-07-01 00:00:00+08:00,41.169625347891085,41.169625347891085,40.54960147568718,40.7356071472168,43051,0.0,0.0
2010-07-02 00:00:00+08:00,41.231632232666016,41.72765238393163,40.79761397942039,41.231632232666016,45151,0.0,0.0
2010-07-05 00:00:00+08:00,41.85165127161042,41.85165127161042,41.04561924122346,41.665645599365234,47251,0.0,0.0
2010-07-06 00:00:00+08:00,41.85165169623868,42.47167557711863,41.85165169623868,42.285667419433594,91353,0.0,0.0
2010-07-07 00:00:00+08:00,42.40967733172406,43.091700639122806,42.28566857846484,42.78168869018555,144905,0.0,0.0
2010-07-08 00:00:00+08:00,43.33971227144023,44.021740531669586,43.09169973721806,43.89773178100586,218407,0.0,0.0
2010-07-09 00:00:00+08:00,44.08374677122112,44.14575115616134,43.58772659301758,43.58772659301758,157505,0.0,0.0
2010-07-12 00:00:00+08:00,43.40171871751783,43.58772191817727,43.2777099609375,43.2777099609375,142804,0.0,0.0
2010-07-13 00:00:00+08:00,43.27771207014875,43.40172083277285,42.90570068359375,42.90570068359375,53551,0.0,0.0
2010-07-14 00:00:00+08:00,43.401717558505666,43.401717558505666,42.96769685627578,43.029701232910156,53551,0.0,0.0
2010-07-15 00:00:00+08:00,43.15370771349056,43.15370771349056,42.47167939634968,42.53368377685547,96603,0.0,0.0
2010-07-16 00:00:00+08:00,42.53367937922946,42.53367937922946,41.913655506699634,42.40967559814453,97653,0.0,0.0
2010-07-19 00:00:00+08:00,42.037662506103516,42.47167825668073,41.91365871552511,42.037662506103516,40951,0.0,0.0
2010-07-20 00:00:00+08:00,42.037661006157194,43.27770880190624,42.037661006157194,42.78168869018555,129154,0.0,0.0
2010-07-21 00:00:00+08:00,43.40171074557583,43.40171074557583,42.843686344777765,43.09169387817383,74552,0.0,0.0
2010-07-22 00:00:00+08:00,43.401725499763536,44.579769134521484,43.27771672380476,44.579769134521484,337061,0.0,0.0
2010-07-23 00:00:00+08:00,44.9517822265625,45.88181817530614,44.76577404339259,44.9517822265625,366462,0.0,0.0
2010-07-26 00:00:00+08:00,45.44779969174874,45.571803484124004,44.641767590651085,45.19978713989258,183756,0.0,0.0
2010-07-27 00:00:00+08:00,45.57180534053859,45.57180534053859,44.26975304979379,44.64176940917969,222607,0.0,0.0
2010-07-28 00:00:00+08:00,44.51776266884951,44.8277746254754,44.39375391251473,44.703765869140625,87153,0.0,0.0
2010-07-29 00:00:00+08:00,44.70377099157546,44.827779762119924,44.021747589111335,44.02174758911133,103953,0.0,0.0
2010-07-30 00:00:00+08:00,43.89773092082103,45.26178741455079,43.89773092082103,45.26178741455078,235208,0.0,0.0
2010-08-02 00:00:00+08:00,46.19182615539595,46.377834322447036,45.75781041034708,46.12982177734375,303460,0.0,0.0
2010-08-03 00:00:00+08:00,46.43983870049924,46.749850656549214,45.881814199345975,46.12982177734375,333911,0.0,0.0
2010-08-04 00:00:00+08:00,45.88182067871094,46.191832678540365,45.69581248539204,45.88182067871094,160655,0.0,0.0
2010-08-05 00:00:00+08:00,46.37782836333122,46.37782836333122,45.26178447153137,45.32378387451172,367512,0.0,0.0
2010-08-06 00:00:00+08:00,45.323786261463276,46.87385089128319,45.323786261463276,46.563838958740234,901981,0.0,0.0
2010-08-09 00:00:00+08:00,38.79258484813992,38.856285655543445,37.70970684331275,38.41039276123047,760226,1.904695,0.0
2010-08-10 00:00:00+08:00,38.85628146615581,40.894643295739,38.72888241658695,40.13025665283203,895681,0.0,0.0
2010-08-11 00:00:00+08:00,40.13026517747265,40.38506077923307,39.493277448822916,40.00286865234375,205807,0.0,0.0
2010-08-12 00:00:00+08:00,39.493269959500566,39.875462013912745,39.429571709015555,39.811763763427734,150155,0.0,0.0
2010-08-13 00:00:00+08:00,40.130260354117254,41.34053740338609,40.130260354117254,40.512454986572266,238358,0.0,0.0
2010-08-16 00:00:00+08:00,40.83094500713092,40.83094500713092,40.257655663381854,40.321353912353516,126004,0.0,0.0
2010-08-17 00:00:00+08:00,40.76724850916587,40.76724850916587,40.13026084921851,40.257659912109375,129154,0.0,0.0
2010-08-18 00:00:00+08:00,40.32135442989814,40.57614998055727,39.811763328579886,39.87546157836914,187956,0.0,0.0
2010-08-19 00:00:00+08:00,40.06656609673505,40.13026435799877,39.55697490362025,39.93916702270508,121804,0.0,0.0
2010-08-20 00:00:00+08:00,40.06656448792967,41.022046023027265,40.06656448792967,40.894649505615234,254108,0.0,0.0
2010-08-23 00:00:00+08:00,41.08574295043945,41.78642883299242,41.08574295043945,41.08574295043945,212107,0.0,0.0
2010-08-24 00:00:00+08:00,40.958348351590516,41.022046611209845,40.44875717163086,40.44875717163086,136504,0.0,0.0
2010-08-25 00:00:00+08:00,40.448750449501084,41.0220397938058,40.13025665283203,40.13025665283203,159605,0.0,0.0
2010-08-26 00:00:00+08:00,40.1302575673549,40.57615042375421,39.493269959500566,39.811763763427734,130204,0.0,0.0
2010-08-27 00:00:00+08:00,39.811764685325784,39.811764685325784,38.98367975533882,39.49327087402344,143855,0.0,0.0
2010-08-30 00:00:00+08:00,40.06656073978036,40.06656073978036,39.174777546813374,39.23847579956055,97653,0.0,0.0
2010-08-31 00:00:00+08:00,38.91998480803837,39.17478038901514,38.282997131347656,38.282997131347656,130204,0.0,0.0
2010-09-01 00:00:00+08:00,38.53779126879943,39.42957449306304,38.28299569736664,38.856285095214844,33601,0.0,0.0
2010-09-02 00:00:00+08:00,39.17478187063052,39.42957746124382,38.91998628001722,38.98368453979492,184806,0.0,0.0
2010-09-03 00:00:00+08:00,39.365874536593296,41.659034729003906,39.238478023877214,41.659034729003906,455715,0.0,0.0
2010-09-06 00:00:00+08:00,43.25150395378899,43.315199654973014,40.32135626369806,41.08574295043945,392713,0.0,0.0
2010-09-07 00:00:00+08:00,40.321359077303356,41.404239654541016,40.321359077303356,41.404239654541016,158555,0.0,0.0
2010-09-08 00:00:00+08:00,41.40423820979679,41.40423820979679,40.38505592525316,40.512454986572266,132304,0.0,0.0
2010-09-09 00:00:00+08:00,40.76724850916587,41.340537913418956,39.811767019244826,40.257659912109375,91353,0.0,0.0
2010-09-10 00:00:00+08:00,40.76724800620587,40.76724800620587,40.25765941543636,40.512454986572266,75602,0.0,0.0
2010-09-13 00:00:00+08:00,41.08574683323573,41.08574683323573,40.63985391928872,40.894649505615234,128104,0.0,0.0
2010-09-14 00:00:00+08:00,41.0857458173833,41.531636168803146,40.70355117159213,41.404239654541016,220507,0.0,0.0
2010-09-15 00:00:00+08:00,41.78643239694957,41.78643239694957,40.767250061035156,40.767250061035156,106053,0.0,0.0
2010-09-16 00:00:00+08:00,40.130261658356446,43.57000070473203,40.130261658356446,43.06040954589844,1571904,0.0,0.0
2010-09-17 00:00:00+08:00,43.315202573812854,44.589183022399226,42.74191315800065,43.06040954589844,971283,0.0,0.0
2010-09-20 00:00:00+08:00,44.270685130186905,44.270685130186905,43.37890440838732,43.82479476928711,670973,0.0,0.0
2010-09-21 00:00:00+08:00,44.270680208228015,45.09876513097926,43.88849069980735,44.716575622558594,946083,0.0,0.0
2010-09-23 00:00:00+08:00,44.58918204481043,45.480962725963934,44.334383919477524,44.84397506713867,680423,0.0,0.0
2010-09-24 00:00:00+08:00,44.525483933260496,45.86316013897718,44.461783122319716,45.5446662902832,519768,0.0,0.0
2010-09-27 00:00:00+08:00,45.99055471601396,45.99055471601396,44.58918286153099,44.907676696777344,470416,0.0,0.0
2010-09-28 00:00:00+08:00,45.3535663194254,47.45562661899892,44.90767597782003,47.39192581176758,1251643,0.0,0.0
2010-09-29 00:00:00+08:00,49.048095648244384,49.685083306961296,47.455626501452095,47.77412033081055,1034286,0.0,0.0
2010-09-30 00:00:00+08:00,47.77411549042956,49.048090678786686,46.81863409916171,48.66590118408203,615321,0.0,0.0
2010-10-01 00:00:00+08:00,49.557686674771496,50.322075945768454,47.83782102103762,49.62138748168945,798027,0.0,0.0
2010-10-04 00:00:00+08:00,49.876177603803086,50.00357921023252,47.13712981664409,47.455623626708984,717175,0.0,0.0
2010-10-05 00:00:00+08:00,47.13713278885156,47.45562661899892,46.245347002636144,47.39192581176758,450465,0.0,0.0
2010-10-06 00:00:00+08:00,47.774119428088575,48.15631405729878,46.43644332885742,46.43644332885742,669923,0.0,0.0
2010-10-07 00:00:00+08:00,46.43644702542435,46.50014783636513,45.41726466840164,45.5446662902832,595370,0.0,0.0
2010-10-08 00:00:00+08:00,45.54465699749827,45.608352692437826,44.971365125018764,45.41725540161133,371712,0.0,0.0
2010-10-11 00:00:00+08:00,44.97136754157779,45.226165644039476,43.6336915369155,43.76109313964844,368562,0.0,0.0
2010-10-12 00:00:00+08:00,43.76108970031482,44.461772945255916,43.50629161787859,44.27067565917969,292960,0.0,0.0
2010-10-13 00:00:00+08:00,44.7165786741017,45.22616982310902,44.33438403659503,44.4617805480957,145955,0.0,0.0
2010-10-14 00:00:00+08:00,45.03507031273126,45.09876601387952,43.952187260162276,44.58917999267578,194256,0.0,0.0
2010-10-15 00:00:00+08:00,44.589182109637996,44.589182109637996,42.359720197503535,43.18780517578125,306610,0.0,0.0
2010-10-18 00:00:00+08:00,42.35971681758131,42.42341506817344,41.404235404193024,41.467933654785156,388513,0.0,0.0
2010-10-19 00:00:00+08:00,41.40423406787492,42.35971545042512,41.3405332678366,41.85012435913086,144905,0.0,0.0
2010-10-20 00:00:00+08:00,41.72272605626475,42.67820739746094,41.404232275866015,42.67820739746094,228907,0.0,0.0
2010-10-21 00:00:00+08:00,42.67821358356539,42.67821358356539,41.72273210387445,41.78643035888672,189006,0.0,0.0
2010-10-22 00:00:00+08:00,41.78642937668779,42.55081607337485,41.722731123172764,42.2960205078125,163805,0.0,0.0
2010-10-25 00:00:00+08:00,42.550817073540856,42.61451532855312,41.72273210387445,41.78643035888672,185856,0.0,0.0
2010-10-26 00:00:00+08:00,42.04122543334961,42.23232274762922,41.85012811907001,42.04122543334961,171155,0.0,0.0
2010-10-27 00:00:00+08:00,42.104924185450365,42.104924185450365,41.4042382773108,41.78643035888672,179556,0.0,0.0
2010-10-28 00:00:00+08:00,41.72273495529257,42.23232613322184,41.72273495529257,42.10492706298828,217357,0.0,0.0
2010-10-29 00:00:00+08:00,42.041225930438095,42.550817073540856,41.72273210387445,41.78643035888672,127054,0.0,0.0
2010-11-01 00:00:00+08:00,41.722733491698726,42.29602290888309,41.404239654541016,41.404239654541016,214207,0.0,0.0
2010-11-02 00:00:00+08:00,41.40423787340894,41.40423787340894,40.1939582824707,40.1939582824707,365412,0.0,0.0
2010-11-03 00:00:00+08:00,40.130259947151515,40.130259947151515,38.85628465589382,38.91998291015625,350712,0.0,0.0
2010-11-04 00:00:00+08:00,38.85628235164623,39.811763763427734,38.85628235164623,39.811763763427734,138604,0.0,0.0
2010-11-05 00:00:00+08:00,40.130258099913824,40.19395635124416,39.174776675452364,39.36587142944336,174306,0.0,0.0
2010-11-08 00:00:00+08:00,39.49326890979768,39.49326890979768,38.537787523412184,38.665184020996094,298,0.0,0.0
2010-11-09 00:00:00+08:00,38.792583904987275,39.23847678845939,38.41039182736995,38.728885650634766,227857,0.0,0.0
2010-11-10 00:00:00+08:00,38.728886975404706,38.856286039969845,38.41039314124541,38.53779220581055,177456,0.0,0.0
2010-11-11 00:00:00+08:00,38.53779322755195,39.30217742919922,38.53779322755195,39.30217742919922,172206,0.0,0.0
2010-11-12 00:00:00+08:00,38.85628131887402,38.85628131887402,38.537787523412184,38.665184020996094,134404,0.0,0.0
2010-11-15 00:00:00+08:00,38.53778843398497,38.53778843398497,38.0918955789016,38.3466911315918,114453,0.0,0.0
2010-11-16 00:00:00+08:00,38.21929483516033,39.4932726904669,38.21929483516033,39.04738235473633,117604,0.0,0.0
2010-11-17 00:00:00+08:00,38.537787523412184,38.98367781645793,38.537787523412184,38.665184020996094,65102,0.0,0.0
2010-11-18 00:00:00+08:00,39.047378616751935,39.047378616751935,38.60148577220414,38.665184020996094,72452,0.0,0.0
2010-11-19 00:00:00+08:00,38.792585231936094,39.42957545175705,38.53779220581055,38.53779220581055,222607,0.0,0.0
2010-11-22 00:00:00+08:00,38.5377912126137,39.17477886451584,38.5377912126137,39.04738235473633,92403,0.0,0.0
2010-11-23 00:00:00+08:00,39.429574103019185,39.429574103019185,38.728885650634766,38.728885650634766,153305,0.0,0.0
2010-11-24 00:00:00+08:00,38.219295820148886,38.792585231936094,38.219295820148886,38.53779220581055,56701,0.0,0.0
2010-11-25 00:00:00+08:00,38.728886033747294,39.174778921630256,38.665187778764675,38.856285095214844,82952,0.0,0.0
2010-11-26 00:00:00+08:00,38.856282822141175,40.44875186105958,38.79258201938272,39.556968688964844,231008,0.0,0.0
2010-11-29 00:00:00+08:00,39.811765622214025,40.002862934093386,39.17477798461914,39.17477798461914,197406,0.0,0.0
2010-11-30 00:00:00+08:00,39.17478168264677,41.9138298034668,39.17478168264677,41.9138298034668,761276,0.0,0.0
2010-12-01 00:00:00+08:00,42.67821307894526,43.12410341026131,42.04122543334961,42.04122543334961,805378,0.0,0.0
2010-12-02 00:00:00+08:00,42.16862294517517,42.55081758282785,41.53163528442383,41.53163528442383,273009,0.0,0.0
2010-12-03 00:00:00+08:00,41.913826373329115,42.29602100188833,41.72273161055178,42.04122543334961,274059,0.0,0.0
2010-12-06 00:00:00+08:00,42.996706399482285,42.996706399482285,42.23232225429747,42.2960205078125,324461,0.0,0.0
2010-12-07 00:00:00+08:00,42.35971975700174,42.550817073540856,41.72273210387445,41.78643035888672,220507,0.0,0.0
2010-12-08 00:00:00+08:00,41.72272872924805,42.4871128305748,41.27683587722236,41.72272872924805,247808,0.0,0.0
2010-12-09 00:00:00+08:00,41.72273339183584,43.187806059855646,41.72273339183584,43.06040954589844,446265,0.0,0.0
2010-12-10 00:00:00+08:00,43.50629957439235,43.50629957439235,42.614516328782145,42.741912841796875,403214,0.0,0.0
2010-12-13 00:00:00+08:00,42.7419084662345,43.37889862060547,42.48711291478653,43.37889862060547,361212,0.0,0.0
2010-12-14 00:00:00+08:00,43.315199718638084,43.63369353403957,42.35971827243361,42.55081558227539,282459,0.0,0.0
2010-12-15 00:00:00+08:00,42.35971681758131,42.42341506817344,41.404235404193024,41.467933654785156,259359,0.0,0.0
2010-12-16 00:00:00+08:00,41.404235404193024,41.97752476252642,41.21313810091452,41.467933654785156,130204,0.0,0.0
2010-12-17 00:00:00+08:00,41.46793501805905,41.97752614255332,41.08574295043945,41.08574295043945,198456,0.0,0.0
2010-12-20 00:00:00+08:00,41.08574632216446,41.786432262219606,41.02204551274838,41.149444580078125,212107,0.0,0.0
2010-12-21 00:00:00+08:00,41.404235404193024,41.97752476252642,41.404235404193024,41.467933654785156,142804,0.0,0.0
2010-12-22 00:00:00+08:00,41.72273700697485,44.334388732910156,41.72273700697485,44.334388732910156,1884,0.0,0.0
2010-12-23 00:00:00+08:00,44.58918106290765,46.81863781970099,44.20698643482697,45.35356521606445,2052821,0.0,0.0
2010-12-24 00:00:00+08:00,45.6720570954972,46.05425170731867,44.33438105712638,44.52547836303711,769676,0.0,0.0
2010-12-27 00:00:00+08:00,44.58917999267578,45.99055175699489,44.58917999267578,44.58917999267578,767576,0.0,0.0
2010-12-28 00:00:00+08:00,45.22616589944308,45.48095890033945,44.46177669074553,44.65287399291992,494567,0.0,0.0
2010-12-29 00:00:00+08:00,44.716576753833316,45.22616788095722,43.63369369506836,43.63369369506836,518718,0.0,0.0
2010-12-30 00:00:00+08:00,43.824790081130224,44.398082000677675,43.31519896475616,43.952186584472656,236258,0.0,0.0
2010-12-31 00:00:00+08:00,44.2706821641688,44.84397410663511,43.633694518987035,43.69739532470703,347562,0.0,0.0
2011-01-03 00:00:00+08:00,44.14327980789587,44.14327980789587,42.61450915168158,42.67820739746094,294010,0.0,0.0
2011-01-04 00:00:00+08:00,43.251506042312776,43.63369557688529,42.805613148973514,42.996707916259766,234158,0.0,0.0
2011-01-05 00:00:00+08:00,43.633688738657135,43.633688738657135,42.67820739746094,42.67820739746094,157505,0.0,0.0
2011-01-06 00:00:00+08:00,42.67821458528951,43.12410493234343,42.614516328782145,42.741912841796875,136504,0.0,0.0
2011-01-07 00:00:00+08:00,42.67821598191292,43.251507963746995,42.35972213745117,42.35972213745117,206857,0.0,0.0
2011-01-10 00:00:00+08:00,42.35972213745117,42.933014119285254,42.35972213745117,42.35972213745117,162755,0.0,0.0
2011-01-11 00:00:00+08:00,42.04122728993262,43.12410531466531,42.04122728993262,42.86931228637695,301360,0.0,0.0
2011-01-12 00:00:00+08:00,42.99670515489792,44.97136881722078,42.99670515489792,43.952186584472656,813778,0.0,0.0
2011-01-13 00:00:00+08:00,43.952185421985774,44.71657462783178,43.37889862060547,43.37889862060547,382213,0.0,0.0
2011-01-14 00:00:00+08:00,43.315202573812854,43.63369641020825,42.93301303194123,43.06040954589844,156455,0.0,0.0
2011-01-17 00:00:00+08:00,43.12410047614459,44.525477283510526,43.12410047614459,43.56999588012695,421064,0.0,0.0
2011-01-18 00:00:00+08:00,43.378902494307596,43.952189346881966,43.06040866443191,43.18780517578125,219457,0.0,0.0
2011-01-19 00:00:00+08:00,43.18780517578125,43.63369551700628,43.06040866443191,43.18780517578125,242558,0.0,0.0
2011-01-20 00:00:00+08:00,42.996707916259766,43.378902553836944,42.996707916259766,42.996707916259766,182706,0.0,0.0
2011-01-21 00:00:00+08:00,42.996707857254904,43.952189346881966,42.996707857254904,43.18780517578125,234158,0.0,0.0
2011-01-24 00:00:00+08:00,43.31520225336789,43.44259876638262,42.741912841796875,42.741912841796875,152255,0.0,0.0
2011-01-25 00:00:00+08:00,42.74191034061496,43.187803213078375,42.48711477799333,42.55081558227539,164855,0.0,0.0
2011-01-26 00:00:00+08:00,42.55081519359351,42.805610753887706,42.42341613769531,42.42341613769531,221557,0.0,0.0
2011-01-27 00:00:00+08:00,42.5508109352647,42.741905672734646,42.423411892116135,42.48711013793945,147005,0.0,0.0
2011-01-28 00:00:00+08:00,42.55081519359351,42.67821169798951,42.35971788549731,42.42341613769531,151205,0.0,0.0
2011-02-08 00:00:00+08:00,42.67822128233987,42.93301945135689,41.85013616329422,41.977535247802734,137554,0.0,0.0
2011-02-09 00:00:00+08:00,41.85012371121795,41.85012371121795,40.63984680175781,40.63984680175781,376963,0.0,0.0
2011-02-10 00:00:00+08:00,40.44874993885589,41.2768348203421,40.38505169062665,40.576148986816406,152255,0.0,0.0
2011-02-11 00:00:00+08:00,39.87546293728582,40.38505405597044,39.49327087402344,39.49327087402344,322361,0.0,0.0
2011-02-14 00:00:00+08:00,39.49327043770854,39.939160748004824,39.49327043770854,39.556968688964844,249908,0.0,0.0
2011-02-15 00:00:00+08:00,39.55697288072723,39.81176846425471,39.49327462272097,39.68437194824219,180606,0.0,0.0
2011-02-16 00:00:00+08:00,39.6843667880474,40.066558837890625,39.6843667880474,40.066558837890625,127054,0.0,0.0
2011-02-17 00:00:00+08:00,40.002864961734694,40.002864961734694,39.620670318603516,39.620670318603516,149105,0.0,0.0
2011-02-18 00:00:00+08:00,39.62066646047058,40.1302575673549,39.55696820998558,39.811763763427734,150155,0.0,0.0
2011-02-21 00:00:00+08:00,39.811764685325784,39.811764685325784,39.42957262206341,39.49327087402344,179556,0.0,0.0
2011-02-22 00:00:00+08:00,39.49326935367117,39.49326935367117,38.537787956546815,38.60148620605469,215257,0.0,0.0
2011-02-23 00:00:00+08:00,38.53779220581055,38.856286039969845,38.219295820148886,38.53779220581055,164855,0.0,0.0
2011-02-24 00:00:00+08:00,38.53779220581055,38.983682553032615,38.53779220581055,38.53779220581055,96603,0.0,0.0
2011-02-25 00:00:00+08:00,38.537790347024256,39.49327180341658,38.537790347024256,39.17477798461914,136504,0.0,0.0
2011-03-01 00:00:00+08:00,39.30217222726162,40.002860629449756,39.174775727683105,39.87546157836914,85052,0.0,0.0
2011-03-02 00:00:00+08:00,39.36587047705088,40.002860629449756,39.36587047705088,39.87546157836914,72452,0.0,0.0
2011-03-03 00:00:00+08:00,39.87546110519637,40.38505220046769,39.74806460712958,40.13025665283203,116554,0.0,0.0
2011-03-04 00:00:00+08:00,40.19396344003711,40.44875904179752,39.87546957571224,40.00286865234375,102903,0.0,0.0
2011-03-07 00:00:00+08:00,40.00286346466655,41.08574399384185,40.00286346466655,40.38505554199219,96603,0.0,0.0
2011-03-08 00:00:00+08:00,40.13026435799877,40.38505995455617,39.93916702270508,39.93916702270508,78752,0.0,0.0
2011-03-09 00:00:00+08:00,40.13026002807982,40.70354942060235,40.06656177368893,40.1939582824707,73502,0.0,0.0
2011-03-10 00:00:00+08:00,40.130261475110174,40.130261475110174,38.79258532715579,39.620670318603516,103953,0.0,0.0
2011-03-11 00:00:00+08:00,39.36587568741942,39.36587568741942,38.91998532837559,39.30217742919922,51451,0.0,0.0
2011-03-14 00:00:00+08:00,38.8562857162226,38.8562857162226,36.94532017568645,38.219295501708984,203707,0.0,0.0
2011-03-15 00:00:00+08:00,38.21929446110155,38.21929446110155,35.671343878430235,35.79874038696289,265659,0.0,0.0
2011-03-16 00:00:00+08:00,36.308332091221956,37.90080123026536,36.308332091221956,36.81792068481445,114453,0.0,0.0
2011-03-17 00:00:00+08:00,36.37202883834973,36.81791915819251,35.6713429565244,36.11723327636719,148055,0.0,0.0
2011-03-18 00:00:00+08:00,36.754222315408654,37.518609030676984,36.626825805281754,37.20011520385742,79802,0.0,0.0
2011-03-21 00:00:00+08:00,37.20011432661755,37.327510833740234,36.180932063627104,37.327510833740234,68252,0.0,0.0
2011-03-22 00:00:00+08:00,38.155596258457635,38.85628471084206,37.7097059264878,38.728885650634766,175356,0.0,0.0
2011-03-23 00:00:00+08:00,38.53779220581055,38.983682553032615,38.219295820148886,38.53779220581055,82952,0.0,0.0
2011-03-24 00:00:00+08:00,38.537787956546815,38.85628175558826,38.34669065652111,38.60148620605469,114453,0.0,0.0
2011-03-25 00:00:00+08:00,38.856286165381455,38.856286165381455,38.0918994300306,38.15559768676758,75602,0.0,0.0
2011-03-28 00:00:00+08:00,37.900795845449835,38.15559138179676,37.773399353027344,37.773399353027344,48301,0.0,0.0
2011-03-29 00:00:00+08:00,37.77340410091119,37.96450141506663,37.45491027832031,37.45491027832031,78752,0.0,0.0
2011-03-30 00:00:00+08:00,37.45490599882502,38.09189357122632,37.45490599882502,37.70970153808594,31501,0.0,0.0
2011-03-31 00:00:00+08:00,37.773399785025674,38.09189357122632,37.70970153808594,37.70970153808594,43051,0.0,0.0
2011-04-01 00:00:00+08:00,37.70970153808594,37.773399785025674,37.58230249270449,37.70970153808594,16800,0.0,0.0
2011-04-06 00:00:00+08:00,38.09189703303686,38.09189703303686,37.582305908203125,37.582305908203125,57752,0.0,0.0
2011-04-07 00:00:00+08:00,37.6460068404472,38.7288874199191,37.58230858318471,38.47409439086914,169055,0.0,0.0
2011-04-08 00:00:00+08:00,38.219292997669385,38.219292997669385,37.64600362821937,38.0281982421875,72452,0.0,0.0
2011-04-11 00:00:00+08:00,38.028199725039,38.028199725039,37.26381301879883,37.26381301879883,124954,0.0,0.0
2011-04-12 00:00:00+08:00,37.20011621225757,37.20011621225757,36.308332962688375,36.69052505493164,196356,0.0,0.0
2011-04-13 00:00:00+08:00,36.690526009264595,36.690526009264595,36.30833390708038,36.372032165527344,78752,0.0,0.0
2011-04-14 00:00:00+08:00,36.88162576134409,36.88162576134409,36.49943363402796,36.75422668457031,60902,0.0,0.0
2011-04-15 00:00:00+08:00,36.62682775081763,36.62682775081763,36.30833390708038,36.372032165527344,107103,0.0,0.0
2011-04-18 00:00:00+08:00,36.372029332796835,36.372029332796835,35.8624382019043,35.8624382019043,66152,0.0,0.0
2011-04-19 00:00:00+08:00,35.79874183773013,35.79874183773013,35.2254524230957,35.2254524230957,181656,0.0,0.0
2011-04-20 00:00:00+08:00,35.22545104975319,35.92613950226758,35.22545104975319,35.607643127441406,190056,0.0,0.0
2011-04-21 00:00:00+08:00,36.308328094575366,36.308328094575366,35.54394146107316,35.73503875732422,101853,0.0,0.0
2011-04-22 00:00:00+08:00,35.98983770126415,36.49942883839932,35.79874038696289,35.79874038696289,109203,0.0,0.0
2011-04-25 00:00:00+08:00,36.43572503366814,36.43572503366814,35.67134094238281,35.67134094238281,53551,0.0,0.0
2011-04-26 00:00:00+08:00,35.67134094238281,35.92613648997861,35.60764014185732,35.67134094238281,77702,0.0,0.0
2011-04-27 00:00:00+08:00,36.117231719542346,36.117231719542346,35.41654586791992,35.41654586791992,137554,0.0,0.0
2011-04-28 00:00:00+08:00,35.0980535150519,35.543943834070355,34.58846239202893,34.65216064453125,171155,0.0,0.0
2011-04-29 00:00:00+08:00,34.4610648213865,34.906957711132804,33.5055833381474,33.88777542114258,162755,0.0,0.0
2011-05-03 00:00:00+08:00,34.65216502319406,34.65216502319406,33.12339401245117,33.12339401245117,116554,0.0,0.0
2011-05-04 00:00:00+08:00,32.61380201847827,33.63298181660113,32.61380201847827,33.0596923828125,69302,0.0,0.0
2011-05-05 00:00:00+08:00,32.741197967852095,34.269971465741655,32.741197967852095,33.505584716796875,95553,0.0,0.0
2011-05-06 00:00:00+08:00,33.12339218103059,33.82407811135799,33.059691372498875,33.56928253173828,71402,0.0,0.0
2011-05-09 00:00:00+08:00,33.44188269548304,33.56927919688583,33.314483642578125,33.314483642578125,81902,0.0,0.0
2011-05-10 00:00:00+08:00,32.99599163162058,33.05968988578537,32.741196063459185,32.868595123291016,112353,0.0,0.0
2011-05-11 00:00:00+08:00,32.804896979144644,32.804896979144644,32.48640060424805,32.48640060424805,124954,0.0,0.0
2011-05-12 00:00:00+08:00,32.48639761916206,33.05968695889431,32.48639761916206,32.55009841918945,69302,0.0,0.0
2011-05-13 00:00:00+08:00,32.48640006202135,32.99599119154765,32.48640006202135,32.93229293823242,71402,0.0,0.0
2011-05-16 00:00:00+08:00,32.80489648362943,33.25078680904543,32.550100918462185,32.74119567871094,63002,0.0,0.0
2011-05-17 00:00:00+08:00,33.059689940897634,33.059689940897634,32.67749786376953,32.67749786376953,29401,0.0,0.0
2011-05-18 00:00:00+08:00,33.187085566241514,33.187085566241514,32.55009798645235,32.61379623413086,66152,0.0,0.0
2011-05-19 00:00:00+08:00,32.93229046184361,32.93229046184361,32.48639761916206,32.55009841918945,46201,0.0,0.0
2011-05-20 00:00:00+08:00,32.80489838254732,32.80489838254732,31.97681338569547,32.104209899902344,56701,0.0,0.0
2011-05-23 00:00:00+08:00,32.040511202388,32.99599270031321,31.339822729374287,32.16790771484375,112353,0.0,0.0
2011-05-24 00:00:00+08:00,32.16790339737724,32.61379623413086,32.040506902020205,32.61379623413086,49351,0.0,0.0
2011-05-25 00:00:00+08:00,32.48639718727182,32.804893528668416,32.48639718727182,32.61379623413086,47251,0.0,0.0
2011-05-26 00:00:00+08:00,32.80489730834961,32.80489730834961,32.55010173677676,32.80489730834961,39901,0.0,0.0
2011-05-27 00:00:00+08:00,32.80489594694814,33.441883573694156,32.741195143071785,33.18708801269531,82952,0.0,0.0
2011-05-30 00:00:00+08:00,33.37818682764978,34.206269248888944,33.37818682764978,33.88777542114258,139654,0.0,0.0
2011-05-31 00:00:00+08:00,34.39736650787092,34.39736650787092,33.50558328139125,34.07887268066406,100803,0.0,0.0
2011-06-01 00:00:00+08:00,34.20626919094588,34.20626919094588,33.50558328139125,34.07887268066406,76652,0.0,0.0
2011-06-02 00:00:00+08:00,33.76037666014227,36.435726165771484,33.441882853627035,36.435726165771484,612171,0.0,0.0
2011-06-03 00:00:00+08:00,36.94532017568645,38.91998397222326,36.94532017568645,38.219295501708984,1311495,0.0,0.0
2011-06-07 00:00:00+08:00,38.53779277716129,38.665189292112814,37.837104290420726,38.09189987182617,544969,0.0,0.0
2011-06-08 00:00:00+08:00,38.53779233019419,38.53779233019419,37.837103851580316,38.15559768676758,366462,0.0,0.0
2011-06-09 00:00:00+08:00,38.15559479370419,38.21929304561139,37.77340273075882,37.837100982666016,208957,0.0,0.0
2011-06-10 00:00:00+08:00,37.51860663882456,37.58230488982717,35.79873855274103,36.435726165771484,551269,0.0,0.0
2011-06-13 00:00:00+08:00,36.435726165771484,36.62682347028148,35.86243680374364,36.435726165771484,210007,0.0,0.0
2011-06-14 00:00:00+08:00,36.43572720196312,38.21929358977191,36.43572720196312,37.39120864868164,343361,0.0,0.0
2011-06-15 00:00:00+08:00,37.7097050157567,37.77340326857082,37.263812143053386,37.39120864868164,221557,0.0,0.0
2011-06-16 00:00:00+08:00,37.20011278661664,37.20011278661664,36.563125174368594,36.62682342529297,219457,0.0,0.0
2011-06-17 00:00:00+08:00,37.20011763424383,37.3275141526939,36.30833435058594,36.30833435058594,169055,0.0,0.0
2011-06-20 00:00:00+08:00,36.626830331898375,36.626830331898375,35.225455789798616,35.289154052734375,311860,0.0,0.0
2011-06-21 00:00:00+08:00,35.67134200692089,36.62682342529297,35.41654645172124,36.62682342529297,718225,0.0,0.0
2011-06-22 00:00:00+08:00,36.626821756951365,36.626821756951365,35.23151285089022,35.929168701171875,644722,4.761739,0.0
2011-06-23 00:00:00+08:00,35.37104715938943,36.41752680284091,34.95245306640697,35.022220611572266,425264,0.0,0.0
2011-06-24 00:00:00+08:00,35.02222110891774,35.371047661688536,34.185035705566406,34.185035705566406,270909,0.0,0.0
2011-06-27 00:00:00+08:00,34.18503383558206,34.18503383558206,32.96413817316715,33.17343521118164,262509,0.0,0.0
2011-06-28 00:00:00+08:00,33.347850824782896,33.55714787752605,32.58043295556202,32.685081481933594,139654,0.0,0.0
2011-06-29 00:00:00+08:00,32.685080528507584,33.76644394529974,32.685080528507584,32.78972625732422,264609,0.0,0.0
2011-06-30 00:00:00+08:00,32.92926773291629,32.92926773291629,32.4757925351207,32.51067352294922,135454,0.0,0.0
2011-07-01 00:00:00+08:00,32.51066378242137,32.92925786697336,32.51066378242137,32.65019607543945,185856,0.0,0.0
2011-07-04 00:00:00+08:00,33.487384019627406,34.219918134798355,32.89437661917629,33.905975341796875,484066,0.0,0.0
2011-07-05 00:00:00+08:00,34.11527240013285,34.11527240013285,33.347851715902586,33.905975341796875,171155,0.0,0.0
2011-07-06 00:00:00+08:00,34.04550327677591,34.04550327677591,33.592028201018024,33.975738525390625,133354,0.0,0.0
2011-07-07 00:00:00+08:00,33.97573865610298,34.185035705566406,33.766444401141925,34.185035705566406,129154,0.0,0.0
2011-07-08 00:00:00+08:00,35.231516060386085,35.231516060386085,34.18503638138538,34.32456588745117,120754,0.0,0.0
2011-07-11 00:00:00+08:00,33.76644798535444,33.90597750347247,32.999027252197266,32.999027252197266,154355,0.0,0.0
2011-07-12 00:00:00+08:00,32.44090277855609,32.685083620903534,31.743249616426464,31.778133392333984,152255,0.0,0.0
2011-07-13 00:00:00+08:00,31.74325142450548,32.09207802543927,30.696771621704098,30.6967716217041,185856,0.0,0.0
2011-07-14 00:00:00+08:00,30.696771359794866,31.32465979501901,28.743338498928736,29.301462173461914,283509,0.0,0.0
2011-07-15 00:00:00+08:00,29.3363417780642,30.347940444946286,29.30145800542945,30.34794044494629,157505,0.0,0.0
2011-07-18 00:00:00+08:00,30.068878797032305,30.313056823183864,29.44099044799805,29.440990447998047,58802,0.0,0.0
2011-07-19 00:00:00+08:00,29.44099125047624,29.85958256307458,29.44099125047624,29.789817810058594,77702,0.0,0.0
2011-07-20 00:00:00+08:00,29.999114380381677,30.13864669166631,29.824701087152867,29.9642333984375,132304,0.0,0.0
2011-07-21 00:00:00+08:00,29.85958174918677,29.999111251415563,29.406106675189676,29.440990447998047,151205,0.0,0.0
2011-07-22 00:00:00+08:00,29.89446593181387,29.89446593181387,29.44099085160015,29.61540412902832,100803,0.0,0.0
2011-07-25 00:00:00+08:00,29.650286365910162,29.754934895707905,28.254980087280273,28.254980087280273,198456,0.0,0.0
2011-07-26 00:00:00+08:00,28.25497695984975,28.603803490897008,28.25497695984975,28.394506454467773,116554,0.0,0.0
2011-07-27 00:00:00+08:00,28.394510383947235,28.882869271698066,28.359629402716696,28.60380744934082,88203,0.0,0.0
2011-07-28 00:00:00+08:00,28.254982272948588,28.603808869589592,28.080568974628086,28.2200984954834,82952,0.0,0.0
2011-07-29 00:00:00+08:00,28.254977353781705,28.254977353781705,27.76661852680551,27.906150817871094,138604,0.0,0.0
2011-08-01 00:00:00+08:00,27.906154240887222,27.906154240887222,27.62709241902809,27.731740951538086,67202,0.0,0.0
2011-08-02 00:00:00+08:00,27.627092026355363,27.627092026355363,27.20849790226499,27.557327270507812,97653,0.0,0.0
2011-08-03 00:00:00+08:00,26.8596707615864,27.13873257358886,26.789906007211403,27.068967819213867,68252,0.0,0.0
2011-08-04 00:00:00+08:00,27.06896469376181,27.48755596618264,27.06896469376181,27.208494186401367,49351,0.0,0.0
2011-08-05 00:00:00+08:00,26.231785108206218,26.231785108206218,25.3248348236084,25.3248348236084,328661,0.0,0.0
2011-08-08 00:00:00+08:00,24.48764688594374,24.976002907915724,23.580696794278992,23.720226287841797,225757,0.0,0.0
2011-08-09 00:00:00+08:00,22.080740765967988,23.720226287841797,22.080740765967988,23.720226287841797,197406,0.0,0.0
2011-08-10 00:00:00+08:00,24.417879770613403,24.417879770613403,23.859758992123982,23.89463996887207,129154,0.0,0.0
2011-08-11 00:00:00+08:00,23.30163538199149,25.11553559407202,23.162104488965976,24.906238555908203,126004,0.0,0.0
2011-08-12 00:00:00+08:00,25.324832673069015,25.324832673069015,23.859761625401468,24.13882064819336,172206,0.0,0.0
2011-08-15 00:00:00+08:00,24.62717628479004,24.696941031303123,24.38299827474316,24.62717628479004,73502,0.0,0.0
2011-08-16 00:00:00+08:00,24.766710683997584,25.289950519211867,24.34811658022424,24.941123962402344,82952,0.0,0.0
2011-08-17 00:00:00+08:00,24.976006564273494,24.976006564273494,24.069056339835942,24.417882919311523,33601,0.0,0.0
2011-08-18 00:00:00+08:00,23.8597612930722,24.069055557250977,23.720228989117192,24.069055557250977,70352,0.0,0.0
2011-08-19 00:00:00+08:00,23.092340794502793,23.092340794502793,22.39468765258789,22.39468765258789,113403,0.0,0.0
2011-08-22 00:00:00+08:00,21.48773503800679,22.255154246310685,20.929611469330833,21.62726593017578,310810,0.0,0.0
2011-08-23 00:00:00+08:00,21.62726593017578,21.976092461972705,20.650549684992853,21.62726593017578,238358,0.0,0.0
2011-08-24 00:00:00+08:00,21.62726593017578,21.871443943533187,21.278438001127757,21.62726593017578,73502,0.0,0.0
2011-08-25 00:00:00+08:00,21.662149362788316,21.976093536201898,21.278439041254398,21.5575008392334,39901,0.0,0.0
2011-08-26 00:00:00+08:00,21.697031870862347,21.97609367054732,21.41797146842855,21.76679801940918,37801,0.0,0.0
2011-08-29 00:00:00+08:00,21.9760966997729,22.603985136987802,21.94121431931682,22.185392379760742,22050,0.0,0.0
2011-08-30 00:00:00+08:00,22.67374952861885,22.77839666183393,22.185390651276748,22.49933624267578,74552,0.0,0.0
2011-08-31 00:00:00+08:00,22.32492291189658,22.46445382855389,21.73191686541585,22.01097869873047,85052,0.0,0.0
2011-09-01 00:00:00+08:00,22.045862857936427,22.67375129515133,22.045862857936427,22.185392379760742,81902,0.0,0.0
2011-09-02 00:00:00+08:00,22.185391037854366,22.917927969380617,22.150508659508183,22.673749923706055,34651,0.0,0.0
2011-09-05 00:00:00+08:00,22.290037778076943,22.324920153618663,21.66214942932129,21.66214942932129,58802,0.0,0.0
2011-09-06 00:00:00+08:00,20.685434037453096,21.522618016749664,20.685434037453096,20.999378204345703,26250,0.0,0.0
2011-09-07 00:00:00+08:00,21.76679740234511,21.976093047549956,21.138909069479425,21.278438568115234,28350,0.0,0.0
2011-09-08 00:00:00+08:00,21.313322340025323,21.313322340025323,20.441254590044704,21.278438568115234,38851,0.0,0.0
2011-09-09 00:00:00+08:00,21.62726775883736,21.62726775883736,20.720317581678646,21.1389102935791,49351,0.0,0.0
2011-09-13 00:00:00+08:00,20.441253377218594,20.929610785221975,20.19707397459138,20.755197525024414,32551,0.0,0.0
2011-09-14 00:00:00+08:00,20.755200143228627,20.755200143228627,20.23196029663086,20.23196029663086,21000,0.0,0.0
2011-09-15 00:00:00+08:00,20.58078349562291,20.929610002980688,20.4412526132296,20.511018753051758,21000,0.0,0.0
2011-09-16 00:00:00+08:00,20.650553189061643,21.06914593659711,20.650553189061643,20.929615020751953,59852,0.0,0.0
2011-09-19 00:00:00+08:00,20.85984754671546,20.85984754671546,20.580785751342773,20.580785751342773,14700,0.0,0.0
2011-09-20 00:00:00+08:00,20.650551627498984,20.650551627498984,20.580786873477578,20.61566925048828,10500,0.0,0.0
2011-09-21 00:00:00+08:00,20.580786934865934,20.92961350051591,20.580786934865934,20.720317840576172,38851,0.0,0.0
2011-09-22 00:00:00+08:00,20.47613610854532,20.580784625397698,20.47613610854532,20.545902252197266,39901,0.0,0.0
2011-09-23 00:00:00+08:00,20.301725001134177,20.37148975014186,19.1157130899945,19.394773483276367,56701,0.0,0.0
2011-09-26 00:00:00+08:00,19.394773018838436,19.394773018838436,18.418058172613026,18.836650848388672,31501,0.0,0.0
2011-09-27 00:00:00+08:00,19.81336694474465,19.81336694474465,18.906416788631997,18.97618293762207,31501,0.0,0.0
2011-09-28 00:00:00+08:00,19.185477728253158,19.185477728253158,18.76688644212113,18.906415939331055,23100,0.0,0.0
2011-09-29 00:00:00+08:00,18.138997786013693,18.836650848388672,17.859934604912166,18.836650848388672,23100,0.0,0.0
2011-09-30 00:00:00+08:00,19.18547821044922,19.534304756743474,18.73200314136622,19.18547821044922,57752,0.0,0.0
2011-10-03 00:00:00+08:00,19.18547821044922,19.534304756743474,18.55758986821909,19.18547821044922,30451,0.0,0.0
2011-10-04 00:00:00+08:00,18.627355547660077,19.150595353950674,18.45294088164542,18.906415939331055,28350,0.0,0.0
2011-10-05 00:00:00+08:00,18.94130061628644,20.162195043303782,18.732004947776804,19.08083152770996,68252,0.0,0.0
2011-10-06 00:00:00+08:00,19.080830530636444,19.255245208740234,18.976183400475637,19.255245208740234,33601,0.0,0.0
2011-10-07 00:00:00+08:00,19.25524599508816,19.25524599508816,18.976184175427203,19.22036361694336,26250,0.0,0.0
2011-10-11 00:00:00+08:00,19.220361640431058,19.220361640431058,18.871533703100695,19.115713119506836,32551,0.0,0.0
2011-10-12 00:00:00+08:00,19.11571730555963,19.11571730555963,18.487827439767056,18.801773071289062,43051,0.0,0.0
2011-10-13 00:00:00+08:00,19.045947210938404,19.045947210938404,18.697120666503906,18.697120666503906,23100,0.0,0.0
2011-10-14 00:00:00+08:00,18.69712113616415,19.11571383835103,18.69712113616415,18.97618293762207,28350,0.0,0.0
2011-10-17 00:00:00+08:00,19.394775674592267,20.301727294921875,19.185480006670847,20.301727294921875,122854,0.0,0.0
2011-10-18 00:00:00+08:00,20.790085226714616,21.487738399445995,20.092430656731917,20.96449851989746,208957,0.0,0.0
2011-10-19 00:00:00+08:00,21.62726999507317,22.394689347615376,20.999381560925126,21.104028701782227,158555,0.0,0.0
2011-10-20 00:00:00+08:00,21.104026771829613,21.104026771829613,20.33660888671875,20.33660888671875,74552,0.0,0.0
2011-10-21 00:00:00+08:00,20.022664357664567,20.685436543712825,19.883134841918945,19.883134841918945,52501,0.0,0.0
2011-10-24 00:00:00+08:00,20.231959446639248,20.37149034598688,19.987780023468098,20.162193298339844,45151,0.0,0.0
2011-10-25 00:00:00+08:00,20.23196215170691,20.3714930697102,20.092431233703618,20.1273136138916,19950,0.0,0.0
2011-10-26 00:00:00+08:00,19.77848591738416,19.883134449378677,19.534306475147382,19.708721160888672,85052,0.0,0.0
2011-10-27 00:00:00+08:00,19.60406832527486,19.883130084497832,19.25524182487163,19.429655075073242,81902,0.0,0.0
2011-10-28 00:00:00+08:00,19.604071511971252,20.092428971369834,19.604071511971252,19.673837661743164,63002,0.0,0.0
2011-10-31 00:00:00+08:00,19.46454067309135,19.534305425839342,18.592474277485383,18.941299438476562,99753,0.0,0.0
2011-11-01 00:00:00+08:00,18.836651877815548,18.836651877815548,18.383176803588867,18.383176803588867,67202,0.0,0.0
2011-11-02 00:00:00+08:00,18.034351680807532,18.487825393676758,17.790172237953687,18.487825393676758,44101,0.0,0.0
2011-11-03 00:00:00+08:00,18.487824921713475,18.487824921713475,17.44134521484375,17.44134521484375,101853,0.0,0.0
2011-11-04 00:00:00+08:00,17.79017491621192,18.662242889404297,17.720410149037246,18.662242889404297,103953,0.0,0.0
2011-11-07 00:00:00+08:00,18.83665222467386,18.976183126793792,18.06923296163984,18.45294189453125,123904,0.0,0.0
2011-11-08 00:00:00+08:00,18.20876469458241,18.452942736495153,18.138999938964844,18.138999938964844,64052,0.0,0.0
2011-11-09 00:00:00+08:00,18.383177980877587,18.383177980877587,18.138999938964844,18.138999938964844,29401,0.0,0.0
2011-11-10 00:00:00+08:00,17.47622712687604,17.580875653676596,17.09251819069269,17.162282943725586,55651,0.0,0.0
2011-11-11 00:00:00+08:00,17.790169543462785,17.790169543462785,16.255331156636405,17.755287170410156,37801,0.0,0.0
2011-11-14 00:00:00+08:00,17.790172925650726,17.859937685019347,17.476228713989258,17.476228713989258,43051,0.0,0.0
2011-11-15 00:00:00+08:00,17.441341664842597,17.650637284166375,17.092515166885978,17.127397537231445,37801,0.0,0.0
2011-11-16 00:00:00+08:00,17.12740210259264,17.12740210259264,16.604162216186523,16.604162216186523,38851,0.0,0.0
2011-11-17 00:00:00+08:00,16.394862768913324,17.72040557861328,16.394862768913324,17.72040557861328,40951,0.0,0.0
2011-11-18 00:00:00+08:00,17.72040702890951,17.72040702890951,16.74369067967935,17.44134521484375,47251,0.0,0.0
2011-11-21 00:00:00+08:00,16.95298829146869,16.95298829146869,16.22045135498047,16.22045135498047,49351,0.0,0.0
2011-11-22 00:00:00+08:00,15.55768149196205,15.836743331609636,15.348385810852049,15.34838581085205,119704,0.0,0.0
2011-11-23 00:00:00+08:00,15.348384275025424,15.348384275025424,14.72049589727331,14.860025405883789,72452,0.0,0.0
2011-11-24 00:00:00+08:00,14.650728732075411,14.650728732075411,13.953074251035508,14.092606544494629,275109,0.0,0.0
2011-11-25 00:00:00+08:00,14.197254737631106,14.197254737631106,13.953075301569955,14.022841453552246,33601,0.0,0.0
2011-11-28 00:00:00+08:00,14.092608730098183,14.162373490396325,13.953076414999183,14.057724952697754,35701,0.0,0.0
2011-11-29 00:00:00+08:00,14.092608809449143,14.999557684688511,14.092608809449143,14.650731086730957,63002,0.0,0.0
2011-11-30 00:00:00+08:00,14.650730303991324,14.650730303991324,14.09260805652812,14.30190372467041,25200,0.0,0.0
2011-12-01 00:00:00+08:00,14.511198509569619,14.929791217627299,14.511198509569619,14.790260314941406,89253,0.0,0.0
2011-12-02 00:00:00+08:00,14.82514359365178,14.82514359365178,14.301903724670408,14.30190372467041,19950,0.0,0.0
2011-12-05 00:00:00+08:00,14.301902876456678,14.371667629282754,14.092607220727244,14.232136726379395,75602,0.0,0.0
2011-12-06 00:00:00+08:00,14.022841285027365,14.022841285027365,13.953075133883514,13.987958908081055,25200,0.0,0.0
2011-12-07 00:00:00+08:00,13.95307483690856,14.162371888634235,13.708896806230204,13.743779182434082,35701,0.0,0.0
2011-12-08 00:00:00+08:00,13.639132891739461,13.813546180725098,13.604249116141304,13.813546180725098,33601,0.0,0.0
2011-12-09 00:00:00+08:00,13.813546180725098,13.813546180725098,13.534484359447564,13.813546180725098,18900,0.0,0.0
2011-12-12 00:00:00+08:00,13.813543696740126,13.953073185037077,13.255420154548188,13.42983341217041,22050,0.0,0.0
2011-12-13 00:00:00+08:00,13.429835150637548,13.429835150637548,12.767064406428458,13.394952774047852,39901,0.0,0.0
2011-12-14 00:00:00+08:00,13.220538193939744,13.674013236771541,13.185655820779855,13.604247093200684,82952,0.0,0.0
2011-12-15 00:00:00+08:00,13.778661711036941,13.778661711036941,13.394952774047852,13.394952774047852,19950,0.0,0.0
2011-12-16 00:00:00+08:00,13.394952774047852,13.604248430837243,13.325186623617244,13.394952774047852,10500,0.0,0.0
2011-12-19 00:00:00+08:00,13.394951040096172,13.464715784244648,13.046124524851729,13.42983341217041,25200,0.0,0.0
2011-12-20 00:00:00+08:00,14.232137870370504,14.232137870370504,13.499602317810059,13.499602317810059,42001,0.0,0.0
2011-12-21 00:00:00+08:00,13.534485058707618,14.162373490396325,13.534485058707618,14.057724952697754,99753,0.0,0.0
2011-12-22 00:00:00+08:00,13.953076939810757,13.953076939810757,13.778663635253906,13.778663635253906,34651,0.0,0.0
2011-12-23 00:00:00+08:00,13.953075361560149,14.33678570598437,13.953075361560149,14.127490043640137,80852,0.0,0.0
2011-12-26 00:00:00+08:00,14.022840735864852,14.162371635437012,13.953074587453184,14.162371635437012,70352,0.0,0.0
2011-12-27 00:00:00+08:00,14.022841848057606,14.092608002002633,13.813546180725098,13.813546180725098,42001,0.0,0.0
2011-12-28 00:00:00+08:00,13.84842855907197,13.953075694112579,13.813546180725098,13.813546180725098,19950,0.0,0.0
2011-12-29 00:00:00+08:00,14.092605215570883,14.755375862121582,13.953072935269565,14.755375862121582,303460,0.0,0.0
2011-12-30 00:00:00+08:00,15.06931999967202,15.348381765772633,14.755375862121582,14.755375862121582,451515,0.0,0.0
2012-01-02 00:00:00+08:00,14.755378427924088,14.755378427924088,14.127490043640137,14.127490043640137,60902,0.0,0.0
2012-01-03 00:00:00+08:00,14.16237197355332,14.58096328501219,14.16237197355332,14.232136726379395,68252,0.0,0.0
2012-01-04 00:00:00+08:00,14.301901745448504,14.406548866412022,14.127488479924875,14.197253227233887,49351,0.0,0.0
2012-01-05 00:00:00+08:00,14.127488479924875,14.267019371793998,14.092606106270368,14.197253227233887,37801,0.0,0.0
2012-01-06 00:00:00+08:00,14.16237085357938,14.371666492757516,14.092606106270368,14.197253227233887,42001,0.0,0.0
2012-01-09 00:00:00+08:00,14.197255870545394,14.301904408243965,14.057724952697754,14.057724952697754,17850,0.0,0.0
2012-01-10 00:00:00+08:00,14.232136043451469,14.26701981544182,14.057722772504277,14.092606544494629,26250,0.0,0.0
2012-01-11 00:00:00+08:00,14.092607373238842,14.197254503610457,13.60424850916641,13.883310317993164,50401,0.0,0.0
2012-01-12 00:00:00+08:00,14.162372758696373,14.162372758696373,13.743780026780072,13.813546180725098,34651,0.0,0.0
2012-01-13 00:00:00+08:00,13.918194558349668,13.953076939810757,13.778663635253906,13.778663635253906,25200,0.0,0.0
2012-01-16 00:00:00+08:00,13.813546180725098,13.88331093741884,13.67401527008633,13.813546180725098,42001,0.0,0.0
2012-01-17 00:00:00+08:00,13.813545085132198,14.162371635437012,13.813545085132198,14.162371635437012,65102,0.0,0.0
2012-01-18 00:00:00+08:00,14.232136726379395,14.58096328501219,14.16237197355332,14.232136726379395,90303,0.0,0.0
2012-01-30 00:00:00+08:00,15.173972295144665,15.208854675292969,15.0693237574484,15.208854675292969,250958,0.0,0.0
2012-01-31 00:00:00+08:00,15.557683470866978,16.25533676147461,15.348387763135,16.25533676147461,547069,0.0,0.0
2012-02-01 00:00:00+08:00,16.743689864114096,17.371578216552734,16.67392511262144,17.371578216552734,436815,0.0,0.0
2012-02-02 00:00:00+08:00,18.13899871170621,18.278528213500977,17.65063986641986,18.278528213500977,386413,0.0,0.0
2012-02-03 00:00:00+08:00,18.452942736495153,18.452942736495153,17.85993672474079,18.138999938964844,176406,0.0,0.0
2012-02-06 00:00:00+08:00,17.790172031190554,19.011066436767578,17.790172031190554,19.011066436767578,978634,0.0,0.0
2012-02-07 00:00:00+08:00,18.836653368789577,18.90641812546137,18.13900021306651,18.487825393676758,327611,0.0,0.0
2012-02-08 00:00:00+08:00,18.557590024893813,19.778484344482422,18.41805912574787,19.778484344482422,612171,0.0,0.0
2012-02-09 00:00:00+08:00,20.47613815042391,21.1389102935791,20.057546835774673,21.1389102935791,700374,0.0,0.0
2012-02-10 00:00:00+08:00,21.627266229675772,22.255154554505836,21.313322067260742,21.313322067260742,627921,0.0,0.0
2012-02-13 00:00:00+08:00,21.313325388638965,21.313325388638965,19.8482514708905,20.929615020751953,413714,0.0,0.0
2012-02-14 00:00:00+08:00,20.545903376233976,20.580785751342773,19.987779785488602,20.580785751342773,236258,0.0,0.0
2012-02-15 00:00:00+08:00,20.580785751342773,21.138909342088148,20.580785751342773,20.580785751342773,256208,0.0,0.0
2012-02-16 00:00:00+08:00,20.37149077595508,20.929612987874375,19.534305362199337,19.673837661743164,265659,0.0,0.0
2012-02-17 00:00:00+08:00,20.092427959608862,20.511020645408358,19.394773483276367,19.394773483276367,254108,0.0,0.0
2012-02-20 00:00:00+08:00,20.022662777881084,20.022662777881084,19.534305319548764,19.952898025512695,65102,0.0,0.0
2012-02-21 00:00:00+08:00,20.231959894331748,20.301726044174938,19.604071531999082,20.057546615600586,135454,0.0,0.0
2012-02-22 00:00:00+08:00,20.231961611831203,21.452856063842773,19.95289978327119,21.452856063842773,288760,0.0,0.0
2012-02-23 00:00:00+08:00,21.62726935737995,22.673750515854344,21.452856063842773,21.452856063842773,495617,0.0,0.0
2012-02-24 00:00:00+08:00,21.627269599977733,21.906331431668043,20.720319345609887,20.929615020751953,138604,0.0,0.0
2012-02-29 00:00:00+08:00,20.929615403102364,21.906331831861493,20.12731367027446,21.104028701782227,80852,0.0,0.0
2012-03-01 00:00:00+08:00,21.104025917935118,21.104025917935118,20.580786090916476,20.650550842285156,94503,0.0,0.0
2012-03-02 00:00:00+08:00,20.790085171621833,21.208676515250882,20.580788102555992,20.85984992980957,114453,0.0,0.0
2012-03-05 00:00:00+08:00,20.685434911636772,20.685434911636772,19.952898025512695,19.952898025512695,109203,0.0,0.0
2012-03-06 00:00:00+08:00,19.673837839254528,19.673837839254528,18.55759061084196,18.766887664794922,156455,0.0,0.0
2012-03-07 00:00:00+08:00,17.999470121445086,18.697123308911284,17.999470121445086,18.557592391967773,59852,0.0,0.0
2012-03-08 00:00:00+08:00,18.55759023543519,19.11571383835103,18.55759023543519,18.97618293762207,58802,0.0,0.0
2012-03-09 00:00:00+08:00,19.49942285759815,19.49942285759815,19.045947777444596,19.464540481567383,44101,0.0,0.0
2012-03-12 00:00:00+08:00,19.53430310143256,19.53430310143256,18.871532440185547,18.871532440185547,66152,0.0,0.0
2012-03-13 00:00:00+08:00,18.836652694160435,19.045948353931234,18.557590882965208,18.732004165649414,48301,0.0,0.0
2012-03-14 00:00:00+08:00,18.83665006796224,19.045945698553126,18.732001554041272,18.871532440185547,80852,0.0,0.0
2012-03-15 00:00:00+08:00,19.045948091582808,19.150596618652344,18.906417187907163,19.150596618652344,51451,0.0,0.0
2012-03-16 00:00:00+08:00,19.185479058048475,19.464540866313072,18.941299626504147,19.255245208740234,95553,0.0,0.0
2012-03-19 00:00:00+08:00,19.185476584697398,19.185476584697398,18.383175037306113,18.871532440185547,68252,0.0,0.0
2012-03-20 00:00:00+08:00,18.766886470231576,18.766886470231576,18.522707055246205,18.627355575561523,35701,0.0,0.0
2012-03-21 00:00:00+08:00,18.627355575561523,19.15059538263587,18.557589429600938,18.627355575561523,29401,0.0,0.0
2012-03-22 00:00:00+08:00,18.557594341390793,18.662242889404297,18.34829864261528,18.662242889404297,91353,0.0,0.0
2012-03-23 00:00:00+08:00,18.69712132255393,18.69712132255393,18.138999111325404,18.45294189453125,79802,0.0,0.0
2012-03-26 00:00:00+08:00,18.1389976665594,18.34829330444336,18.1389976665594,18.34829330444336,40951,0.0,0.0
2012-03-27 00:00:00+08:00,18.138997960793358,18.383175976076956,18.03434944152832,18.03434944152832,196356,0.0,0.0
2012-03-28 00:00:00+08:00,17.825053044816297,17.894819192588727,17.790170669555664,17.790170669555664,96603,0.0,0.0
2012-03-29 00:00:00+08:00,17.51110999339551,17.545992368104706,16.569276095489222,16.70880699157715,218407,0.0,0.0
2012-03-30 00:00:00+08:00,16.394865143823008,16.77857411440389,16.185569468710828,16.604162216186523,45151,0.0,0.0
2012-04-02 00:00:00+08:00,16.743690882352613,16.918105566193343,16.534395217895508,16.534395217895508,48301,0.0,0.0
2012-04-03 00:00:00+08:00,16.534393676982962,16.534393676982962,15.766974449157713,15.766974449157715,53551,0.0,0.0
2012-04-05 00:00:00+08:00,14.999557599900438,15.24373705544127,14.685613384062998,15.208854675292969,105003,0.0,0.0
2012-04-06 00:00:00+08:00,15.139085669848889,16.115800513774342,15.069320922676111,16.046035766601562,129154,0.0,0.0
2012-04-09 00:00:00+08:00,15.836743084342372,15.836743084342372,15.348385571209764,15.59256362915039,47251,0.0,0.0
2012-04-10 00:00:00+08:00,15.906505070347526,16.115800711687246,15.697208031756697,15.801857948303223,80852,0.0,0.0
2012-04-11 00:00:00+08:00,15.522796329740364,16.04603613738007,15.522796329740364,15.836740493774414,26250,0.0,0.0
2012-04-12 00:00:00+08:00,16.464629276625146,16.464629276625146,16.39486312866211,16.39486312866211,32551,0.0,0.0
2012-04-13 00:00:00+08:00,16.952989478726227,17.23204992418049,16.74369239807129,16.74369239807129,54601,0.0,0.0
2012-04-16 00:00:00+08:00,16.429746627807617,16.67392464848616,16.35998048100579,16.429746627807617,16800,0.0,0.0
2012-04-17 00:00:00+08:00,16.15068659781554,16.394864645144086,16.15068659781554,16.22045135498047,48301,0.0,0.0
2012-04-18 00:00:00+08:00,16.39486390151371,16.39486390151371,15.941388808756296,15.976272583007812,24150,0.0,0.0
2012-04-19 00:00:00+08:00,15.976273254807325,15.976273254807325,15.697210035316782,15.732093811035156,7350,0.0,0.0
2012-04-20 00:00:00+08:00,15.383267734378176,16.01115615630172,15.383267734378176,15.453032493591309,38851,0.0,0.0
2012-04-23 00:00:00+08:00,15.487914873197877,15.976273776695153,15.45303249359131,15.453032493591309,25200,0.0,0.0
2012-04-24 00:00:00+08:00,15.34838535477161,15.871625240624118,15.34838535477161,15.453032493591309,27300,0.0,0.0
2012-04-25 00:00:00+08:00,15.697208031756697,15.976271215628174,15.592560909712393,15.801857948303223,24150,0.0,0.0
2012-04-26 00:00:00+08:00,15.83673798595656,15.906502723693846,15.766971850968366,15.906502723693848,35701,0.0,0.0
2012-04-27 00:00:00+08:00,15.906507844539306,16.011156382086064,15.38326795130823,15.59256362915039,34651,0.0,0.0
2012-04-30 00:00:00+08:00,15.557678765198116,15.557678765198116,15.348383120770954,15.383265495300293,17850,0.0,0.0
2012-05-02 00:00:00+08:00,15.697209062477775,16.32509882222809,15.418148654784662,16.29021644592285,86103,0.0,0.0
2012-05-03 00:00:00+08:00,15.871620354825204,16.325095341870288,15.871620354825204,15.906502723693848,34651,0.0,0.0
2012-05-04 00:00:00+08:00,15.801857754245749,16.150684284611824,15.801857754245749,16.046035766601562,30451,0.0,0.0
2012-05-07 00:00:00+08:00,15.906508092895843,15.906508092895843,15.348385810852049,15.34838581085205,102903,0.0,0.0
2012-05-08 00:00:00+08:00,15.348385134389245,15.66232794359188,15.313501358032227,15.313501358032227,32551,0.0,0.0
2012-05-09 00:00:00+08:00,14.999557162436714,15.208854231725072,14.929792404174805,14.929792404174805,26250,0.0,0.0
2012-05-10 00:00:00+08:00,14.720497244673288,14.999557684688511,14.615848706385474,14.650731086730957,101853,0.0,0.0
2012-05-11 00:00:00+08:00,14.6507289420308,14.6507289420308,14.301902395137486,14.511198043823242,28350,0.0,0.0
2012-05-14 00:00:00+08:00,14.371668481634076,14.371668481634076,14.162372813491785,14.30190372467041,34651,0.0,0.0
2012-05-15 00:00:00+08:00,14.092606544494629,14.127488919233839,13.987958023025858,14.092606544494629,97653,0.0,0.0
2012-05-16 00:00:00+08:00,14.092608002002633,14.092608002002633,13.813546180725098,13.813546180725098,40951,0.0,0.0
2012-05-17 00:00:00+08:00,13.88330983629269,14.476315810161582,13.88330983629269,14.162371635437012,43051,0.0,0.0
2012-05-18 00:00:00+08:00,14.022839661394096,14.022839661394096,13.534482248936484,13.674013137817383,16800,0.0,0.0
2012-05-21 00:00:00+08:00,13.883310084500799,13.883310084500799,13.604248280367365,13.743779182434082,8400,0.0,0.0
2012-05-22 00:00:00+08:00,14.650727945154346,14.650727945154346,13.60424697842873,13.953073501586914,40951,0.0,0.0
2012-05-23 00:00:00+08:00,13.848426382990098,13.953073501586912,13.848426382990098,13.953073501586914,10500,0.0,0.0
2012-05-24 00:00:00+08:00,13.953073501586912,13.953073501586912,13.883308755855703,13.953073501586914,16800,0.0,0.0
2012-05-25 00:00:00+08:00,13.953075694112579,13.953075694112579,13.604249116141304,13.813546180725098,17850,0.0,0.0
2012-05-28 00:00:00+08:00,13.953075071574242,13.953075071574242,13.883310317993166,13.883310317993164,12600,0.0,0.0
2012-05-29 00:00:00+08:00,13.953074587453184,14.441433434581334,13.953074587453184,14.162371635437012,64052,0.0,0.0
2012-05-30 00:00:00+08:00,14.162372813491785,14.301903724670408,14.162372813491785,14.30190372467041,23100,0.0,0.0
2012-05-31 00:00:00+08:00,13.883310606529156,14.127490043640137,13.883310606529156,14.127490043640137,13650,0.0,0.0
2012-06-01 00:00:00+08:00,13.953075071574242,13.953075071574242,13.674014659998711,13.883310317993164,16800,0.0,0.0
2012-06-04 00:00:00+08:00,13.255420881681324,13.325185629656781,12.976359095277273,13.011242866516113,44101,0.0,0.0
2012-06-05 00:00:00+08:00,13.325186851979467,13.639132438420665,13.115891191603243,13.534483909606934,12600,0.0,0.0
2012-06-06 00:00:00+08:00,13.394952774047852,13.604248430837243,13.325186623617244,13.394952774047852,19950,0.0,0.0
2012-06-07 00:00:00+08:00,13.464716203310049,13.813544126662178,13.464716203310049,13.604247093200684,192156,0.0,0.0
2012-06-08 00:00:00+08:00,13.778662056675234,13.918192963785373,13.464717864990234,13.464717864990234,301360,0.0,0.0
2012-06-11 00:00:00+08:00,13.743781253792818,13.953076939810757,13.464719407601292,13.778663635253906,54601,0.0,0.0
2012-06-12 00:00:00+08:00,13.534482346880905,13.604247093200684,13.534482346880905,13.604247093200684,25200,0.0,0.0
2012-06-13 00:00:00+08:00,13.604248772100373,13.674014924281067,13.429835487525512,13.464717864990234,60902,0.0,0.0
2012-06-14 00:00:00+08:00,13.743779679210512,13.743779679210512,13.464717864990234,13.464717864990234,97653,0.0,0.0
2012-06-15 00:00:00+08:00,13.60424850916641,14.16237212681992,13.60424850916641,13.883310317993164,61952,0.0,0.0
2012-06-18 00:00:00+08:00,13.953073501586912,14.022839644569189,13.813544010124494,13.953073501586914,124954,0.0,0.0
2012-06-19 00:00:00+08:00,13.953073501586912,13.953073501586912,13.813544010124494,13.953073501586914,61952,0.0,0.0
2012-06-20 00:00:00+08:00,13.953075361560149,14.371668083499866,13.953075361560149,14.127490043640137,211057,0.0,0.0
2012-06-21 00:00:00+08:00,14.089816067761683,14.089816067761683,13.6754089139286,13.863775253295898,305560,1.428522,0.0
2012-06-22 00:00:00+08:00,13.60006332397461,13.713082225019795,13.261003602776404,13.60006332397461,92403,0.0,0.0
2012-06-25 00:00:00+08:00,13.449369946883037,13.63773629098967,13.411696979867974,13.60006332397461,29401,0.0,0.0
2012-06-26 00:00:00+08:00,13.29867652042946,13.41169693008646,13.29867652042946,13.336349487304688,24150,0.0,0.0
2012-06-27 00:00:00+08:00,13.336349914062204,13.637736676770908,13.336349914062204,13.374024391174316,54601,0.0,0.0
2012-06-28 00:00:00+08:00,13.487042863836916,13.487042863836916,13.261003553554232,13.336349487304688,88203,0.0,0.0
2012-06-29 00:00:00+08:00,13.336349942342673,13.411697387695312,13.261004006021405,13.411697387695312,39901,0.0,0.0
2012-07-02 00:00:00+08:00,13.487043380737305,13.675409731364033,13.487043380737305,13.487043380737305,36751,0.0,0.0
2012-07-03 00:00:00+08:00,13.524716349056375,13.637736763044963,13.411697444099165,13.487043380737305,71402,0.0,0.0
2012-07-04 00:00:00+08:00,13.562390356959547,13.63773629098967,13.52471588091316,13.60006332397461,49351,0.0,0.0
2012-07-05 00:00:00+08:00,13.60006332397461,13.63773629098967,13.562390356959547,13.60006332397461,24150,0.0,0.0
2012-07-06 00:00:00+08:00,13.562390356959547,13.60006332397461,13.562390356959547,13.60006332397461,26250,0.0,0.0
2012-07-09 00:00:00+08:00,13.562389836279483,13.713081698554449,13.41169646497325,13.449369430541992,35701,0.0,0.0
2012-07-10 00:00:00+08:00,13.562389898356434,13.562389898356434,13.411696526360457,13.524715423583984,13650,0.0,0.0
2012-07-11 00:00:00+08:00,13.449369917622986,13.600063294386715,13.411696950689885,13.562390327453613,43051,0.0,0.0
2012-07-12 00:00:00+08:00,13.487042884556088,13.637736261319816,13.487042884556088,13.562390327453613,112353,0.0,0.0
2012-07-13 00:00:00+08:00,13.411696435890843,13.449369401377893,13.110309693931917,13.223328590393066,40951,0.0,0.0
2012-07-16 00:00:00+08:00,13.26100306491138,13.411696435890843,13.110309693931917,13.223328590393066,57752,0.0,0.0
2012-07-17 00:00:00+08:00,13.110309924547362,14.127489064777865,13.110309924547362,13.901448249816895,140704,0.0,0.0
2012-07-18 00:00:00+08:00,14.466547933432288,14.843280590993361,14.391200496501352,14.428874969482422,505067,0.0,0.0
2012-07-19 00:00:00+08:00,14.315855950986126,14.466549330368228,14.24051001581075,14.278182983398438,122854,0.0,0.0
2012-07-20 00:00:00+08:00,14.165163040161133,14.24051048686021,13.939123718126696,14.165163040161133,45151,0.0,0.0
2012-07-23 00:00:00+08:00,13.939123596985342,13.976796565491776,13.788430213928223,13.788430213928223,58802,0.0,0.0
2012-07-24 00:00:00+08:00,13.78843033375994,14.165163040161133,13.637736949393183,14.165163040161133,108153,0.0,0.0
2012-07-25 00:00:00+08:00,14.165162227920655,15.144668415623292,14.165162227920655,14.541894912719727,358062,0.0,0.0
2012-07-26 00:00:00+08:00,14.541895265543605,14.541895265543605,14.278182983398438,14.278182983398438,74552,0.0,0.0
2012-07-27 00:00:00+08:00,14.278182907366832,14.278182907366832,13.97679615020752,13.97679615020752,79802,0.0,0.0
2012-07-30 00:00:00+08:00,13.976796012187876,13.976796012187876,13.60006332397461,13.60006332397461,47251,0.0,0.0
2012-07-31 00:00:00+08:00,13.863774662625312,13.863774662625312,13.600062402359157,13.637735366821289,22050,0.0,0.0
2012-08-01 00:00:00+08:00,13.750756650026146,13.750756650026146,13.336349487304688,13.336349487304688,68252,0.0,0.0
2012-08-02 00:00:00+08:00,13.336349487304688,13.336349487304688,13.336349487304688,13.336349487304688,0,0.0,0.0
2012-08-03 00:00:00+08:00,13.110309693931917,13.223328590393066,13.110309693931917,13.223328590393066,33601,0.0,0.0
2012-08-06 00:00:00+08:00,13.223328590393066,13.487042366864943,13.223328590393066,13.223328590393066,8400,0.0,0.0
2012-08-07 00:00:00+08:00,13.223329077647687,13.336349487304688,13.110310177022004,13.336349487304688,43051,0.0,0.0
2012-08-08 00:00:00+08:00,13.411696435890843,13.487042366864943,13.223328590393066,13.223328590393066,38851,0.0,0.0
2012-08-09 00:00:00+08:00,13.336349024804502,13.487042396110734,13.261003093667018,13.449369430541992,26250,0.0,0.0
2012-08-10 00:00:00+08:00,13.562389806870305,13.562389806870305,13.147982659418966,13.223328590393066,58802,0.0,0.0
2012-08-13 00:00:00+08:00,13.713081295745557,13.713081295745557,13.487041999941534,13.637735366821289,94503,0.0,0.0
2012-08-14 00:00:00+08:00,13.48704245784281,13.562389898356434,13.48704245784281,13.524715423583984,57752,0.0,0.0
2012-08-15 00:00:00+08:00,13.48704332401658,13.524716292177214,13.261004006021405,13.411697387695312,38851,0.0,0.0
2012-08-16 00:00:00+08:00,13.411695423946226,14.3158540725708,13.411695423946226,14.3158540725708,844229,0.0,0.0
2012-08-17 00:00:00+08:00,14.315855057529605,14.654914762720685,14.16516168755232,14.353528022766113,515567,0.0,0.0
2012-08-20 00:00:00+08:00,14.315855178857602,14.730262327065084,14.089815876491599,14.692587852478027,192156,0.0,0.0
2012-08-21 00:00:00+08:00,14.692587361569,14.880953692085514,14.61724143297488,14.767934799194336,149105,0.0,0.0
2012-08-22 00:00:00+08:00,14.805608779029543,14.843281745910645,14.579569468711606,14.843281745910645,93453,0.0,0.0
2012-08-23 00:00:00+08:00,14.84328222946573,15.220016437643727,14.617242911784027,14.956302642822266,135454,0.0,0.0
2012-08-24 00:00:00+08:00,14.767936293248951,15.14466899239558,14.654915879892416,14.956302642822266,163805,0.0,0.0
2012-08-27 00:00:00+08:00,14.956302727420809,15.446055842694202,14.843282313424986,15.069321632385254,81902,0.0,0.0
2012-08-28 00:00:00+08:00,14.843283677995444,15.069323017735925,14.69259028182462,14.880956649780273,100803,0.0,0.0
2012-08-29 00:00:00+08:00,14.880955701881412,15.182342475025091,14.730263824340993,15.106996536254883,127054,0.0,0.0
2012-08-30 00:00:00+08:00,14.918630180297937,15.144669505639987,14.918630180297937,15.106996536254883,121804,0.0,0.0
2012-08-31 00:00:00+08:00,15.106995612021258,15.408382366726343,15.106995612021258,15.144668579101562,94503,0.0,0.0
2012-09-03 00:00:00+08:00,15.106996590257328,15.257689977367846,14.993976172666583,15.182342529296875,94503,0.0,0.0
2012-09-04 00:00:00+08:00,15.182342529296875,15.182342529296875,15.031649142186357,15.182342529296875,91353,0.0,0.0
2012-09-05 00:00:00+08:00,15.069321135909629,15.144668579101562,14.956302234668717,15.144668579101562,49351,0.0,0.0
2012-09-06 00:00:00+08:00,15.144669505639987,15.144669505639987,14.918630180297937,15.106996536254883,58802,0.0,0.0
2012-09-07 00:00:00+08:00,15.106995179816103,15.295361518859863,14.956301806774839,15.295361518859863,70352,0.0,0.0
2012-09-10 00:00:00+08:00,15.596748630673414,16.3502140045166,15.596748630673414,16.3502140045166,296110,0.0,0.0
2012-09-11 00:00:00+08:00,16.952987485545908,16.952987485545908,16.35021543552175,16.46323585510254,182706,0.0,0.0
2012-09-12 00:00:00+08:00,16.425562227462972,16.651601548545553,15.898136138916016,15.898136138916016,177456,0.0,0.0
2012-09-13 00:00:00+08:00,15.935808794652958,16.802294602323936,15.935808794652958,16.425561904907227,100803,0.0,0.0
2012-09-14 00:00:00+08:00,16.500907593649835,17.254374486230212,16.500907593649835,17.02833366394043,152255,0.0,0.0
2012-09-17 00:00:00+08:00,17.0283341185458,17.254374946870193,16.87764073600666,17.103681564331055,94503,0.0,0.0
2012-09-18 00:00:00+08:00,17.103680647038356,17.103680647038356,16.576254590953617,16.952985763549805,96603,0.0,0.0
2012-09-19 00:00:00+08:00,16.95298668911641,16.95298668911641,16.425562113267656,16.915313720703125,27300,0.0,0.0
2012-09-20 00:00:00+08:00,16.915313607261677,16.915313607261677,16.50090793943196,16.76462173461914,40951,0.0,0.0
2012-09-21 00:00:00+08:00,16.576252971162713,16.61392593383789,16.387886648755664,16.61392593383789,61952,0.0,0.0
2012-09-24 00:00:00+08:00,16.274867670055933,16.5385799407959,16.23719319506627,16.5385799407959,22050,0.0,0.0
2012-09-25 00:00:00+08:00,16.19952299623443,16.500909793445537,16.19952299623443,16.23719596862793,78752,0.0,0.0
2012-09-26 00:00:00+08:00,16.237194366024195,16.237194366024195,15.634422340126841,15.898136138916016,48301,0.0,0.0
2012-09-27 00:00:00+08:00,15.822788692534226,16.0865024913234,15.596749371451644,15.898136138916016,47251,0.0,0.0
2012-09-28 00:00:00+08:00,15.822790145874023,15.822790145874023,15.709769720435991,15.822790145874023,17850,0.0,0.0
2012-10-01 00:00:00+08:00,15.333035104607983,15.785115242004395,15.333035104607983,15.785115242004395,13650,0.0,0.0
2012-10-02 00:00:00+08:00,15.521403350726958,15.822790145874023,15.295364008882427,15.822790145874023,65102,0.0,0.0
2012-10-03 00:00:00+08:00,16.199520111083984,16.199520111083984,15.898134876581421,16.199520111083984,36751,0.0,0.0
2012-10-04 00:00:00+08:00,15.822787803023049,16.086501586986998,15.822787803023049,15.973481178283691,8400,0.0,0.0
2012-10-05 00:00:00+08:00,16.048828125,16.27486895668276,15.860461771285303,16.048828125,38851,0.0,0.0
2012-10-08 00:00:00+08:00,15.973481178283691,16.199520486659,15.935808211726357,15.973481178283691,48301,0.0,0.0
2012-10-09 00:00:00+08:00,15.785114753199903,15.822787719558514,15.672094345092773,15.672094345092773,26250,0.0,0.0
2012-10-11 00:00:00+08:00,15.67209524275798,15.935809040435831,15.521401859660832,15.596749305725098,57752,0.0,0.0
2012-10-12 00:00:00+08:00,15.446055842694202,15.596749225011507,15.069321632385254,15.069321632385254,21000,0.0,0.0
2012-10-15 00:00:00+08:00,15.220014563930627,15.220014563930627,14.767934475190753,15.031646728515625,29401,0.0,0.0
2012-10-16 00:00:00+08:00,15.031647589512135,15.031647589512135,14.69258788079405,14.918628692626953,26250,0.0,0.0
2012-10-17 00:00:00+08:00,14.956301658255347,14.956301658255347,14.918628692626953,14.918628692626953,3150,0.0,0.0
2012-10-18 00:00:00+08:00,15.370708397019863,15.370708397019863,14.956302727420809,15.069321632385254,11550,0.0,0.0
2012-10-19 00:00:00+08:00,15.14466902109374,15.14466902109374,14.843282257592783,14.993975639343262,12600,0.0,0.0
2012-10-22 00:00:00+08:00,14.993975639343262,14.993975639343262,14.692588875842304,14.993975639343262,12600,0.0,0.0
2012-10-23 00:00:00+08:00,15.182340424524423,15.220014897852696,14.692587361569,14.767934799194336,19950,0.0,0.0
2012-10-24 00:00:00+08:00,14.767934799194334,14.767934799194334,14.692587361569,14.767934799194336,18900,0.0,0.0
2012-10-25 00:00:00+08:00,15.069320022602028,15.069320022602028,14.692587361569,14.767934799194336,15750,0.0,0.0
2012-10-26 00:00:00+08:00,14.767935730824219,14.767935730824219,14.014468852194764,14.541894912719727,28350,0.0,0.0
2012-10-29 00:00:00+08:00,14.541896121358638,14.541896121358638,13.675410270690918,13.675410270690918,16800,0.0,0.0
2012-10-30 00:00:00+08:00,13.750757748900327,13.93912410736084,13.750757748900327,13.93912410736084,24150,0.0,0.0
2012-10-31 00:00:00+08:00,13.562390015726994,13.863775253295898,13.487042574561302,13.863775253295898,19950,0.0,0.0
2012-11-01 00:00:00+08:00,13.863775253295898,13.863775253295898,13.487042574561302,13.863775253295898,25200,0.0,0.0
2012-11-02 00:00:00+08:00,12.921944393123328,13.788430213928223,12.921944393123328,13.788430213928223,53551,0.0,0.0
2012-11-05 00:00:00+08:00,13.675409799377539,13.788430213928223,13.261004127744,13.788430213928223,31501,0.0,0.0
2012-11-06 00:00:00+08:00,13.788429638083544,13.788429638083544,13.487042884556088,13.562390327453613,26250,0.0,0.0
2012-11-07 00:00:00+08:00,13.788430213928223,13.788430213928223,13.562390893858238,13.788430213928223,98703,0.0,0.0
2012-11-08 00:00:00+08:00,13.562390893858238,13.939123596985342,13.562390893858238,13.788430213928223,31501,0.0,0.0
2012-11-09 00:00:00+08:00,13.637737300886112,13.976797047192239,13.637737300886112,13.675410270690918,44101,0.0,0.0
2012-11-12 00:00:00+08:00,13.750756468413266,14.240509558416774,13.600063093871318,14.202835083007812,238358,0.0,0.0
2012-11-13 00:00:00+08:00,14.391202764053492,14.391202764053492,13.93912410736084,13.93912410736084,27300,0.0,0.0
2012-11-14 00:00:00+08:00,13.93912318282044,13.97679615020752,13.93912318282044,13.97679615020752,9450,0.0,0.0
2012-11-15 00:00:00+08:00,13.97679566052879,13.97679566052879,13.863775253295898,13.863775253295898,10500,0.0,0.0
2012-11-16 00:00:00+08:00,13.976797077246653,13.976797077246653,13.93912410736084,13.93912410736084,4200,0.0,0.0
2012-11-19 00:00:00+08:00,13.675410270690918,13.788430689136773,13.675410270690918,13.675410270690918,31501,0.0,0.0
2012-11-20 00:00:00+08:00,13.600064331081306,13.788430689136773,13.600064331081306,13.675410270690918,282459,0.0,0.0
2012-11-21 00:00:00+08:00,13.675410129576566,13.675410129576566,13.261004447937012,13.261004447937012,85052,0.0,0.0
2012-11-22 00:00:00+08:00,13.562390826406823,13.562390826406823,13.185656616121989,13.487043380737305,23100,0.0,0.0
2012-11-23 00:00:00+08:00,13.63773629098967,13.75075670106618,13.449369946883037,13.60006332397461,198456,0.0,0.0
2012-11-26 00:00:00+08:00,13.939121942424187,14.46654796600342,13.939121942424187,14.466547966003418,73502,0.0,0.0
2012-11-27 00:00:00+08:00,14.579569388424682,14.767935730824219,14.391201536993837,14.541894912719727,50401,0.0,0.0
2012-11-28 00:00:00+08:00,14.240509127056589,14.391200988002621,14.089815757079304,14.353528022766113,43051,0.0,0.0
2012-11-29 00:00:00+08:00,14.353529956324325,14.391202926635742,14.014470205458643,14.391202926635742,84002,0.0,0.0
2012-11-30 00:00:00+08:00,14.391201423927424,14.428875899336385,14.202835083007812,14.202835083007812,51451,0.0,0.0
2012-12-03 00:00:00+08:00,14.202835953176484,14.240510430893657,14.08981704711914,14.08981704711914,21000,0.0,0.0
2012-12-04 00:00:00+08:00,14.089814787672443,14.3158540725708,14.014467353352225,14.3158540725708,27300,0.0,0.0
2012-12-05 00:00:00+08:00,14.428875755646056,15.295361518859863,14.428875755646056,15.295361518859863,247808,0.0,0.0
2012-12-06 00:00:00+08:00,15.52140197007114,16.350214828485452,15.37070858590205,15.747441291809082,433665,0.0,0.0
2012-12-07 00:00:00+08:00,15.822788738409326,16.199521444316357,15.672095354240234,15.747441291809082,113403,0.0,0.0
2012-12-10 00:00:00+08:00,15.747440160295698,15.822787601481942,15.295361549303381,15.33303451538086,96603,0.0,0.0
2012-12-11 00:00:00+08:00,15.521401848565597,15.521401848565597,15.33303549708666,15.370708465576172,34651,0.0,0.0
2012-12-12 00:00:00+08:00,15.672094830397455,15.935808621136532,15.596748895347059,15.785115242004395,57752,0.0,0.0
2012-12-13 00:00:00+08:00,15.973482122578417,15.973482122578417,15.37070858590205,15.747441291809082,76652,0.0,0.0
2012-12-14 00:00:00+08:00,15.596748760803905,15.596748760803905,15.408382415771486,15.408382415771484,4200,0.0,0.0
2012-12-17 00:00:00+08:00,15.521401779337166,15.521401779337166,15.069321632385254,15.069321632385254,21000,0.0,0.0
2012-12-18 00:00:00+08:00,15.06932211170613,15.672095660148202,14.918630233627036,15.182342529296875,37801,0.0,0.0
2012-12-19 00:00:00+08:00,15.559075242557457,15.559075242557457,15.182342529296875,15.182342529296875,13650,0.0,0.0
2012-12-20 00:00:00+08:00,15.031648579039045,15.031648579039045,14.918629674713877,14.956302642822266,27300,0.0,0.0
2012-12-21 00:00:00+08:00,14.956302073223755,14.956302073223755,14.014468852194764,14.541894912719727,63002,0.0,0.0
2012-12-24 00:00:00+08:00,14.654916737096649,14.654916737096649,14.428877406193315,14.617243766784668,26250,0.0,0.0
2012-12-25 00:00:00+08:00,14.541895396816672,14.654915809631346,14.391202016074228,14.654915809631348,28350,0.0,0.0
2012-12-26 00:00:00+08:00,14.956302571116238,14.956302571116238,14.579569873775805,14.654915809631348,15750,0.0,0.0
2012-12-27 00:00:00+08:00,14.57956895581066,14.692587852478027,14.428875584556236,14.692587852478027,39901,0.0,0.0
2012-12-28 00:00:00+08:00,14.99397494330067,15.70976734161377,14.692588193790533,15.70976734161377,466216,0.0,0.0
2013-01-02 00:00:00+08:00,16.576254471918787,16.80229377746582,16.124174351793435,16.80229377746582,322361,0.0,0.0
2013-01-03 00:00:00+08:00,17.480413799488655,17.89481945863436,16.91531325279554,17.02833366394043,733975,0.0,0.0
2013-01-04 00:00:00+08:00,17.028334445608944,17.028334445608944,16.42556241290634,16.576255798339844,294010,0.0,0.0
2013-01-07 00:00:00+08:00,16.576255798339844,16.877641060175442,16.42556241290634,16.576255798339844,200556,0.0,0.0
2013-01-08 00:00:00+08:00,16.350215354399246,16.425562803423084,16.011155606370593,16.124176025390625,129154,0.0,0.0
2013-01-09 00:00:00+08:00,16.3502134828509,16.576254295016913,15.898134876581421,16.199520111083984,165905,0.0,0.0
2013-01-10 00:00:00+08:00,16.35021489455608,16.576255726238838,16.048828125,16.048828125,87153,0.0,0.0
2013-01-11 00:00:00+08:00,16.19952150977804,16.27486895668276,16.048828125,16.048828125,39901,0.0,0.0
2013-01-14 00:00:00+08:00,16.12417625589899,17.141355514526367,16.12417625589899,17.141355514526367,403214,0.0,0.0
2013-01-15 00:00:00+08:00,17.78180085360293,18.30922693270528,17.555760027536667,18.2338809967041,1324096,0.0,0.0
2013-01-16 00:00:00+08:00,18.2338814329094,18.422247786449958,17.555760447519418,17.857147216796875,460966,0.0,0.0
2013-01-17 00:00:00+08:00,17.85714698522354,17.85714698522354,16.613928464365465,16.915313720703125,365412,0.0,0.0
2013-01-18 00:00:00+08:00,17.10367972138915,17.216698614342047,16.83996595310329,17.179025650024414,177456,0.0,0.0
2013-01-21 00:00:00+08:00,17.17902806333451,17.48041483827682,17.10368212411465,17.329721450805664,76652,0.0,0.0
2013-01-22 00:00:00+08:00,17.480413266182218,17.480413266182218,16.80229383806416,16.877639770507812,91353,0.0,0.0
2013-01-23 00:00:00+08:00,16.99066212335585,17.141355514526367,16.726948311549585,17.141355514526367,81902,0.0,0.0
2013-01-24 00:00:00+08:00,17.141353613394845,17.141353613394845,16.76462093176736,16.952985763549805,124954,0.0,0.0
2013-01-25 00:00:00+08:00,16.95298667276054,17.103681564331055,16.915313704383603,17.103681564331055,72452,0.0,0.0
2013-01-28 00:00:00+08:00,17.103680585901362,17.103680585901362,16.726946396589213,16.877639770507812,48301,0.0,0.0
2013-01-29 00:00:00+08:00,16.877638796995438,18.04551124572754,16.877638796995438,18.04551124572754,372763,0.0,0.0
2013-01-30 00:00:00+08:00,18.271554345051506,18.30922731383631,17.593434870799474,17.781801223754883,287710,0.0,0.0
2013-01-31 00:00:00+08:00,17.781801223754883,17.970167576710292,17.631107839584274,17.781801223754883,210007,0.0,0.0
2013-02-01 00:00:00+08:00,18.233881612997987,19.025020003875813,17.78180145461679,18.535266876220703,1309395,0.0,0.0
2013-02-04 00:00:00+08:00,18.535266249740182,18.535266249740182,18.120859074639604,18.2338809967041,242558,0.0,0.0
2013-02-05 00:00:00+08:00,18.19620746909216,18.19620746909216,17.744128811434333,18.007841110229492,115504,0.0,0.0
2013-02-06 00:00:00+08:00,18.233882001641934,18.459921331134716,18.007841163117707,18.083187103271484,126004,0.0,0.0
2013-02-18 00:00:00+08:00,18.158533046372018,18.158533046372018,17.55575953901057,17.894819259643555,80852,0.0,0.0
2013-02-19 00:00:00+08:00,17.857147161324487,18.045513514279897,17.593434870799474,17.781801223754883,138604,0.0,0.0
2013-02-20 00:00:00+08:00,17.706452396690278,17.97016617568654,17.706452396690278,17.932493209838867,84002,0.0,0.0
2013-02-21 00:00:00+08:00,17.93249221664491,17.93249221664491,17.631105488493326,17.706451416015625,271959,0.0,0.0
2013-02-22 00:00:00+08:00,17.70645215241281,17.70645215241281,16.83996640471395,17.25437355041504,135454,0.0,0.0
2013-02-25 00:00:00+08:00,16.915313720703125,17.329720900343407,16.915313720703125,16.915313720703125,220507,0.0,0.0
2013-02-26 00:00:00+08:00,16.877639830836827,17.216699546107822,16.877639830836827,16.952985763549805,391663,0.0,0.0
2013-02-27 00:00:00+08:00,17.1413529549487,17.1413529549487,16.651599884033203,16.651599884033203,59852,0.0,0.0
2013-03-01 00:00:00+08:00,16.689271246735817,16.7269442080285,16.38788604736328,16.38788604736328,142804,0.0,0.0
2013-03-04 00:00:00+08:00,16.387889833426886,16.726948072424097,15.9358096663782,16.124176025390625,116554,0.0,0.0
2013-03-05 00:00:00+08:00,16.1241754599986,16.1241754599986,15.860461661209426,15.898136138916016,140704,0.0,0.0
2013-03-06 00:00:00+08:00,15.973480807949244,16.500906854617817,15.973480807949244,16.199520111083984,52501,0.0,0.0
2013-03-07 00:00:00+08:00,16.04882959762887,16.274870450052973,16.04882959762887,16.23719596862793,67202,0.0,0.0
2013-03-08 00:00:00+08:00,16.274868843730786,16.274868843730786,15.898136138916016,15.898136138916016,255158,0.0,0.0
2013-03-11 00:00:00+08:00,15.973482187126683,16.27486895668276,15.898136249253364,16.048828125,119704,0.0,0.0
2013-03-12 00:00:00+08:00,16.199522045757845,17.141355354524375,16.199522045757845,16.46323585510254,325794,0.0,0.0
2013-03-13 00:00:00+08:00,16.538581002551453,17.103681564331055,16.425562097420634,17.103681564331055,489317,0.0,0.0
2013-03-14 00:00:00+08:00,17.103680118352347,17.555758718718764,16.839966343945893,16.990659713745117,181242,0.0,0.0
2013-03-15 00:00:00+08:00,17.48041360510605,18.007839669531656,16.990660507632708,17.894819259643555,517951,0.0,0.0
2013-03-18 00:00:00+08:00,17.85714653980837,17.85714653980837,16.95298626625393,17.29204750061035,298577,0.0,0.0
2013-03-19 00:00:00+08:00,17.518084949183848,17.518084949183848,17.141352296499097,17.36739158630371,79100,0.0,0.0
2013-03-20 00:00:00+08:00,17.17902708915821,17.44274087953609,17.14135412168461,17.29204750061035,178716,0.0,0.0
2013-03-21 00:00:00+08:00,17.329720979257075,17.51808733121264,17.254375042087407,17.44274139404297,175356,0.0,0.0
2013-03-22 00:00:00+08:00,17.44274087953609,17.44274087953609,17.25437453313675,17.29204750061035,73666,0.0,0.0
2013-03-25 00:00:00+08:00,17.292046515742978,17.367392446398853,17.066007214744094,17.25437355041504,131254,0.0,0.0
2013-03-26 00:00:00+08:00,17.25437348815157,17.329719418535554,16.952985239521873,16.990659713745117,78962,0.0,0.0
2013-03-27 00:00:00+08:00,16.952985239521873,17.179026048736333,16.839966343945893,16.990659713745117,56701,0.0,0.0
2013-03-28 00:00:00+08:00,17.292047453601395,17.292047453601395,17.02833366394043,17.02833366394043,53551,0.0,0.0
2013-03-29 00:00:00+08:00,17.292046926041788,17.292046926041788,16.877639770507812,16.877639770507812,109763,0.0,0.0
2013-04-01 00:00:00+08:00,17.25437395981996,17.25437395981996,16.839966804285986,16.877639770507812,46473,0.0,0.0
2013-04-02 00:00:00+08:00,16.87763860539466,17.857144713731728,16.87763860539466,17.631105422973633,302484,0.0,0.0
2013-04-03 00:00:00+08:00,18.007838102409327,18.836650848388672,17.932492175061743,18.836650848388672,949233,0.0,0.0
2013-04-08 00:00:00+08:00,18.98734505138231,20.04219713506153,18.158532268768276,19.74081039428711,2122538,0.0,0.0
2013-04-09 00:00:00+08:00,19.7408095217156,19.7408095217156,18.836650848388672,18.836650848388672,848436,0.0,0.0
2013-04-10 00:00:00+08:00,18.422249445020526,19.929180409015274,17.970169250403178,18.987348556518555,1340896,0.0,0.0
2013-04-11 00:00:00+08:00,19.288733146785844,20.3059139251709,19.138041263057744,20.3059139251709,1764061,0.0,0.0
2013-04-12 00:00:00+08:00,21.059377989619566,21.66215152086343,20.343585553041017,20.531951904296875,2451152,0.0,0.0
2013-04-15 00:00:00+08:00,20.531950146450303,20.531950146450303,19.590118470806082,19.665464401245117,718602,0.0,0.0
2013-04-16 00:00:00+08:00,18.987345441602955,21.021703720092773,18.987345441602955,21.021703720092773,1176063,0.0,0.0
2013-04-17 00:00:00+08:00,22.22725023759063,22.377943618116575,21.059377670288086,21.059377670288086,1660956,0.0,0.0
2013-04-18 00:00:00+08:00,19.81615743510264,21.69982226347825,19.81615743510264,21.323089599609375,1076707,0.0,0.0
2013-04-19 00:00:00+08:00,21.473783369851578,21.699822670607578,20.94635581970215,20.94635581970215,750719,0.0,0.0
2013-04-22 00:00:00+08:00,20.94635581970215,21.097049189883233,20.64497058837123,20.94635581970215,252323,0.0,0.0
2013-04-23 00:00:00+08:00,21.17239844419397,21.247745890258237,20.795665740966797,20.795665740966797,285924,0.0,0.0
2013-04-24 00:00:00+08:00,19.36407778210877,20.494277308956804,19.36407778210877,20.00452423095703,588230,0.0,0.0
2013-04-25 00:00:00+08:00,20.00452742870802,20.00452742870802,19.288733425499235,19.439428329467773,344832,0.0,0.0
2013-04-26 00:00:00+08:00,19.590118142856724,20.795663572918585,19.590118142856724,20.117544174194336,756285,0.0,0.0
2013-04-29 00:00:00+08:00,19.966851512253893,20.079873436617905,19.590120315551758,19.590120315551758,365461,0.0,0.0
2013-04-30 00:00:00+08:00,19.59011934115061,20.00452499503892,19.251058112017468,19.364078521728516,364992,0.0,0.0
2013-05-02 00:00:00+08:00,19.288730556244015,19.966849978072663,19.288730556244015,19.401752471923828,244012,0.0,0.0
2013-05-03 00:00:00+08:00,19.401753047427764,20.230564357330675,19.401753047427764,19.627792358398438,661664,0.0,0.0
2013-05-06 00:00:00+08:00,19.62779241723479,19.891504695985862,19.62779241723479,19.70313835144043,153305,0.0,0.0
2013-05-07 00:00:00+08:00,19.816158176947212,19.816158176947212,19.40175253298386,19.47709846496582,115516,0.0,0.0
2013-05-08 00:00:00+08:00,19.364078062368282,19.74081074042639,19.28873062133789,19.28873062133789,217136,0.0,0.0
2013-05-09 00:00:00+08:00,19.477099709185673,19.477099709185673,18.91200065612793,18.91200065612793,282669,0.0,0.0
2013-05-10 00:00:00+08:00,18.94967381930354,19.06269272565795,17.781801223754883,17.781801223754883,443850,0.0,0.0
2013-05-13 00:00:00+08:00,18.497593724253623,18.497593724253623,17.78180127899321,17.857147216796875,535652,0.0,0.0
2013-05-14 00:00:00+08:00,18.045509265165073,18.045509265165073,17.81946999664956,17.970163345336914,134404,0.0,0.0
2013-05-15 00:00:00+08:00,18.083186106639015,18.610612185741363,18.083186106639015,18.2338809967041,243818,0.0,0.0
2013-05-16 00:00:00+08:00,18.459921306059435,18.610613186162297,18.233881976873697,18.271554946899414,219661,0.0,0.0
2013-05-17 00:00:00+08:00,18.233881612997987,18.68596026234777,18.233881612997987,18.535266876220703,128734,0.0,0.0
2013-05-20 00:00:00+08:00,18.535267271288493,18.535267271288493,18.007841163117707,18.083187103271484,113581,0.0,0.0
2013-05-21 00:00:00+08:00,18.233881612997987,18.535266876220703,18.12085968711342,18.535266876220703,111513,0.0,0.0
2013-05-22 00:00:00+08:00,18.68595863825118,19.514771435397783,18.68595863825118,19.28873062133789,301518,0.0,0.0
2013-05-23 00:00:00+08:00,19.062689121605562,19.288728400610072,18.535263131240963,18.61060905456543,224077,0.0,0.0
2013-05-24 00:00:00+08:00,18.836651108198783,18.836651108198783,18.233879154010648,18.30922508239746,109203,0.0,0.0
2013-05-27 00:00:00+08:00,18.309225146787664,18.45991851312246,18.158531780452865,18.384571075439453,116554,0.0,0.0
2013-05-28 00:00:00+08:00,18.30922508239746,18.61061030497592,18.271552118204056,18.30922508239746,169055,0.0,0.0
2013-05-29 00:00:00+08:00,18.38457245679555,18.459919900139916,18.309226522482515,18.4222469329834,149773,0.0,0.0
2013-05-30 00:00:00+08:00,18.38456977556092,19.13803655396114,18.38456977556092,18.61060905456543,272379,0.0,0.0
2013-05-31 00:00:00+08:00,18.987347034601903,18.987347034601903,18.535266876220703,18.535266876220703,91773,0.0,0.0
2013-06-03 00:00:00+08:00,18.459921331134716,18.459921331134716,17.97016819304082,18.083187103271484,165098,0.0,0.0
2013-06-04 00:00:00+08:00,18.233882001641934,18.422248361057825,18.083187103271484,18.083187103271484,85052,0.0,0.0
2013-06-05 00:00:00+08:00,18.08318525100396,18.76130467905372,18.08318525100396,18.346899032592773,235523,0.0,0.0
2013-06-06 00:00:00+08:00,18.76130467905372,18.76130467905372,18.346899032592773,18.346899032592773,112353,0.0,0.0
2013-06-07 00:00:00+08:00,18.346897836079943,18.610610091439185,17.329718760341745,17.706451416015625,264945,0.0,0.0
2013-06-10 00:00:00+08:00,18.083187455731128,18.083187455731128,17.555761337280273,17.555761337280273,77702,0.0,0.0
2013-06-11 00:00:00+08:00,17.932495000690285,17.932495000690285,17.329721450805664,17.329721450805664,85052,0.0,0.0
2013-06-13 00:00:00+08:00,17.329718260790894,17.329718260790894,16.576252971162713,16.61392593383789,121955,0.0,0.0
2013-06-14 00:00:00+08:00,16.802295121974392,16.802295121974392,16.237194549340906,16.576255798339844,163123,0.0,0.0
2013-06-17 00:00:00+08:00,16.50090789794922,16.877640596671206,16.42556196181737,16.50090789794922,81902,0.0,0.0
2013-06-18 00:00:00+08:00,16.576255037423543,17.555759734231025,16.500907593649835,17.02833366394043,146795,0.0,0.0
2013-06-19 00:00:00+08:00,17.329722003381757,18.15853490638495,17.329722003381757,17.555761337280273,318290,0.0,0.0
2013-06-20 00:00:00+08:00,17.518087251441212,17.518087251441212,16.72694736960532,16.915313720703125,90432,0.0,0.0
2013-06-21 00:00:00+08:00,15.822788871172328,16.576255798339844,15.822788871172328,16.576255798339844,76652,0.0,0.0
2013-06-24 00:00:00+08:00,16.576255285680183,16.65160122155098,16.350214460005066,16.425561904907227,39901,0.0,0.0
2013-06-25 00:00:00+08:00,16.274867959262156,16.274867959262156,16.011154174804688,16.011154174804688,61952,0.0,0.0
2013-06-26 00:00:00+08:00,16.23719404716751,16.877640538194733,16.23719404716751,16.425561904907227,63002,0.0,0.0
2013-06-27 00:00:00+08:00,16.425562884919426,16.83996857499657,16.35021543552175,16.46323585510254,94503,0.0,0.0
2013-06-28 00:00:00+08:00,16.726947157421776,16.726947157421776,16.387888936971827,16.425561904907227,37801,0.0,0.0
2013-07-01 00:00:00+08:00,16.04882959762887,16.387890876265025,16.04882959762887,16.23719596862793,59852,0.0,0.0
2013-07-02 00:00:00+08:00,16.312541812405982,16.463235196138168,15.898136138916016,15.898136138916016,63002,0.0,0.0
2013-07-03 00:00:00+08:00,15.935809107591213,16.274868843730786,15.898136138916016,15.898136138916016,76652,0.0,0.0
2013-07-04 00:00:00+08:00,15.935810481744543,16.0865038784711,15.446057319641113,15.446057319641113,105423,0.0,0.0
2013-07-05 00:00:00+08:00,15.634422750172227,16.0111554648676,15.483729362487793,15.483729362487793,37802,0.0,0.0
2013-07-08 00:00:00+08:00,15.333033790743876,15.370706755040935,14.767934799194334,14.767934799194336,156455,0.0,0.0
2013-07-09 00:00:00+08:00,14.993975639343262,15.069321575702816,14.918629702983708,14.993975639343262,40006,0.0,0.0
2013-07-10 00:00:00+08:00,15.069319691986152,15.370706417812736,14.918627838104044,15.031646728515625,66152,0.0,0.0
2013-07-11 00:00:00+08:00,15.069320555140528,15.220015435716643,14.541894509249206,14.918628692626953,57752,0.0,0.0
2013-07-12 00:00:00+08:00,14.918629702983708,14.993975639343262,14.843282257592783,14.993975639343262,28350,0.0,0.0
2013-07-15 00:00:00+08:00,14.993975092449384,14.993975092449384,14.73026281577828,14.805608749389648,50410,0.0,0.0
2013-07-16 00:00:00+08:00,14.993975639343262,15.069321575702816,14.918629702983708,14.993975639343262,32551,0.0,0.0
2013-07-17 00:00:00+08:00,14.993976172666583,15.257689977367846,14.993976172666583,15.182342529296875,78364,0.0,0.0
2013-07-18 00:00:00+08:00,15.182340091428918,15.182340091428918,15.031646728515625,15.031646728515625,36751,0.0,0.0
2013-07-19 00:00:00+08:00,14.91862918870417,15.069321056228581,14.767935812148439,14.843281745910645,27300,0.0,0.0
2013-07-22 00:00:00+08:00,14.91862816541379,14.91862816541379,14.767934799194334,14.767934799194336,19005,0.0,0.0
2013-07-23 00:00:00+08:00,15.069321135909629,15.295361956454105,14.76793589023587,15.144668579101562,70562,0.0,0.0
2013-07-24 00:00:00+08:00,15.144668579101562,15.2576889893738,15.144668579101562,15.144668579101562,45523,0.0,0.0
2013-07-25 00:00:00+08:00,15.069321616541075,15.446055826453918,15.069321616541075,15.257689476013184,22050,0.0,0.0
2013-07-26 00:00:00+08:00,15.14466712795839,15.14466712795839,14.993973765045098,15.031646728515625,32664,0.0,0.0
2013-07-29 00:00:00+08:00,15.031650045951098,15.031650045951098,14.880956649780273,14.880956649780273,21263,0.0,0.0
2013-07-30 00:00:00+08:00,14.88095421796729,15.031647589512135,14.88095421796729,14.918628692626953,14910,0.0,0.0
2013-07-31 00:00:00+08:00,14.805608258176662,14.805608258176662,14.692587852478027,14.692587852478027,20277,0.0,0.0
2013-08-01 00:00:00+08:00,14.767934663093628,14.767934663093628,14.315854568601619,14.428874969482422,52501,0.0,0.0
2013-08-02 00:00:00+08:00,14.315855603646545,14.617242355098329,14.240509670299256,14.541894912719727,29401,0.0,0.0
2013-08-05 00:00:00+08:00,14.692589707408628,14.692589707408628,14.61724376678467,14.617243766784668,28363,0.0,0.0
2013-08-06 00:00:00+08:00,14.504221515667815,14.692587852478027,14.504221515667815,14.692587852478027,10500,0.0,0.0
2013-08-07 00:00:00+08:00,14.391202926635742,14.541896316912874,14.391202926635742,14.391202926635742,13650,0.0,0.0
2013-08-08 00:00:00+08:00,13.97679615020752,14.353528842140989,13.97679615020752,13.97679615020752,39901,0.0,0.0
2013-08-09 00:00:00+08:00,14.127489064777865,14.315855404557816,13.901448249816895,13.901448249816895,52512,0.0,0.0
2013-08-12 00:00:00+08:00,13.93912410736084,14.089817495935536,13.93912410736084,13.93912410736084,31576,0.0,0.0
2013-08-13 00:00:00+08:00,13.939122663758853,13.939122663758853,13.78842929079068,13.826102256774902,12180,0.0,0.0
2013-08-14 00:00:00+08:00,13.826102605016645,13.826102605016645,13.52471585148919,13.562390327453613,79881,0.0,0.0
2013-08-15 00:00:00+08:00,13.562389399321422,13.901447587547459,13.562389399321422,13.795963287353516,110577,0.0,0.0
2013-08-16 00:00:00+08:00,14.601046695580171,14.601046695580171,14.015442848205566,14.015442848205566,99421,0.52641,1.005
2013-08-19 00:00:00+08:00,14.015444267221406,14.015444267221406,13.507920673977786,13.546960830688477,104690,0.0,0.0
2013-08-20 00:00:00+08:00,13.66408228209391,13.820244476155965,13.273680686950684,13.273680686950684,51195,0.0,0.0
2013-08-22 00:00:00+08:00,13.078477813151164,13.078477813151164,12.883276268565705,13.000396728515625,50151,0.0,0.0
2013-08-23 00:00:00+08:00,13.000397326198637,13.351759500204254,13.000397326198637,13.312719345092773,52244,0.0,0.0
2013-08-26 00:00:00+08:00,13.31271962013645,13.468880243808684,13.273679464218391,13.429840087890625,23403,0.0,0.0
2013-08-27 00:00:00+08:00,13.429839945303453,13.62504072282126,13.234639167785645,13.234639167785645,20933,0.0,0.0
2013-08-28 00:00:00+08:00,13.273679323289207,13.273679323289207,13.195599012282084,13.234639167785645,11597,0.0,0.0
2013-08-29 00:00:00+08:00,13.234639308300332,13.429840087890625,13.234639308300332,13.429840087890625,29254,0.0,0.0
2013-08-30 00:00:00+08:00,13.468879802063423,13.898323059082031,13.429839647425784,13.898323059082031,118063,0.0,0.0
2013-09-02 00:00:00+08:00,14.015443407899035,14.44488666139102,13.703122173362722,14.24968433380127,91943,0.0,0.0
2013-09-03 00:00:00+08:00,14.054484367370605,14.054484367370605,14.054484367370605,14.054484367370605,44070,0.0,0.0
2013-09-04 00:00:00+08:00,14.05448369245768,14.327764775209424,14.05448369245768,14.17160415649414,65880,0.0,0.0
2013-09-05 00:00:00+08:00,14.210645801893172,14.522968628091487,14.171605643118973,14.40584659576416,78661,0.0,0.0
2013-09-06 00:00:00+08:00,14.444885710782295,15.381850908734705,14.444885710782295,15.264730453491211,769455,0.0,0.0
2013-09-09 00:00:00+08:00,15.186652532054199,15.186652532054199,14.522968292236328,14.522968292236328,182646,0.0,0.0
2013-09-10 00:00:00+08:00,14.522967531227232,14.718168310355452,14.483925819396973,14.483925819396973,58509,0.0,0.0
2013-09-11 00:00:00+08:00,14.757209510801736,14.757209510801736,14.483926844672714,14.64008903503418,13791,0.0,0.0
2013-09-12 00:00:00+08:00,14.71816935221255,15.655134714357716,14.640089035034181,14.64008903503418,715149,0.0,0.0
2013-09-13 00:00:00+08:00,14.757208466181096,14.757208466181096,14.483925819396973,14.483925819396973,57557,0.0,0.0
2013-09-16 00:00:00+08:00,14.21064417948423,14.562007124342138,14.21064417948423,14.24968433380127,40120,0.0,0.0
2013-09-17 00:00:00+08:00,14.24968433380127,14.24968433380127,14.24968433380127,14.24968433380127,5495,0.0,0.0
2013-09-18 00:00:00+08:00,14.21064417948423,14.288724488118309,14.21064417948423,14.24968433380127,28722,0.0,0.0
2013-09-23 00:00:00+08:00,14.366804900382565,14.679127693176271,14.327764745783922,14.67912769317627,86985,0.0,0.0
2013-09-24 00:00:00+08:00,14.679128779516372,14.952409881931244,14.679128779516372,14.874329566955566,50560,0.0,0.0
2013-09-25 00:00:00+08:00,15.069529939949739,15.069529939949739,14.601048062979949,14.835289001464844,32789,0.0,0.0
2013-09-26 00:00:00+08:00,14.60104784287852,14.640087998704164,14.327765196094397,14.483925819396973,35549,0.0,0.0
2013-09-27 00:00:00+08:00,14.757209510801736,14.757209510801736,14.444888242088256,14.64008903503418,17469,0.0,0.0
2013-09-30 00:00:00+08:00,14.640088627044673,14.913369729553178,14.327765811030268,14.601048469543457,76276,0.0,0.0
2013-10-01 00:00:00+08:00,14.405844819026798,14.4839251269452,14.327764511108397,14.327764511108398,47655,0.0,0.0
2013-10-02 00:00:00+08:00,14.366804345395005,14.52296651376162,14.249683886123425,14.444886207580566,55375,0.0,0.0
2013-10-03 00:00:00+08:00,14.601048607979054,14.601048607979054,14.366806104746178,14.522968292236328,47268,0.0,0.0
2013-10-04 00:00:00+08:00,14.444887077058441,14.522967387939365,14.24968474385153,14.288724899291992,60708,0.0,0.0
2013-10-07 00:00:00+08:00,14.288724488118309,14.327764642435348,14.171604025167191,14.24968433380127,19987,0.0,0.0
2013-10-08 00:00:00+08:00,14.132563567953476,14.132563567953476,13.859282493591309,13.859282493591309,48249,0.0,0.0
2013-10-09 00:00:00+08:00,13.85928358460273,14.054484367370605,13.664081245830209,14.054484367370605,33491,0.0,0.0
2013-10-11 00:00:00+08:00,14.054484423932097,14.132564737353476,13.468880517267095,13.546960830688477,64825,0.0,0.0
2013-10-14 00:00:00+08:00,13.586000711562859,14.05448413858418,13.429840087890625,13.429840087890625,28209,0.0,0.0
2013-10-15 00:00:00+08:00,13.312719356490549,13.859283084523806,13.312719356490549,13.586000442504883,18289,0.0,0.0
2013-10-16 00:00:00+08:00,13.546960774658526,13.859283583056936,13.507920618109306,13.781203269958496,37834,0.0,0.0
2013-10-17 00:00:00+08:00,13.781203269958496,13.781203269958496,13.625041087756967,13.781203269958496,15708,0.0,0.0
2013-10-18 00:00:00+08:00,13.898323877331816,13.898323877331816,13.625041222774527,13.703123092651367,30833,0.0,0.0
2013-10-21 00:00:00+08:00,13.898322970680992,13.976403279459637,13.74216079711914,13.74216079711914,12537,0.0,0.0
2013-10-22 00:00:00+08:00,13.742160884526902,13.898323059082031,13.664080575251623,13.898323059082031,24437,0.0,0.0
2013-10-23 00:00:00+08:00,13.742160515085567,13.742160515085567,13.625040054321289,13.625040054321289,28567,0.0,0.0
2013-10-24 00:00:00+08:00,13.195598990954448,14.444887077058441,13.195598990954448,14.288724899291992,541542,0.0,0.0
2013-10-25 00:00:00+08:00,14.132563591003418,14.288724205179351,14.054483283915452,14.132563591003418,73481,0.0,0.0
2013-10-28 00:00:00+08:00,14.13256398690787,14.32776476009607,13.82024274980675,13.898323059082031,48066,0.0,0.0
2013-10-29 00:00:00+08:00,13.898322944947918,14.327764642435348,13.898322944947918,14.24968433380127,73813,0.0,0.0
2013-10-30 00:00:00+08:00,14.249685150138479,14.32776546324563,14.054484367370605,14.054484367370605,16774,0.0,0.0
2013-10-31 00:00:00+08:00,14.288725445526708,14.366805759392516,13.976404190063477,13.976404190063477,41877,0.0,0.0
2013-11-01 00:00:00+08:00,13.625041144109856,13.976404110510716,13.390800203845716,13.546960830688477,94040,0.0,0.0
2013-11-04 00:00:00+08:00,13.703122316196245,13.781202625644188,13.390799522399902,13.390799522399902,38947,0.0,0.0
2013-11-05 00:00:00+08:00,13.390798853204531,14.132563311895424,13.390798853204531,13.507919311523438,65206,0.0,0.0
2013-11-06 00:00:00+08:00,13.42984049864184,13.46888065575394,13.117519241745038,13.195599555969238,114950,0.0,0.0
2013-11-07 00:00:00+08:00,13.273680686950684,13.468881484522297,13.195600367922038,13.273680686950684,66888,0.0,0.0
2013-11-08 00:00:00+08:00,13.42984012509672,13.42984012509672,12.375754356384277,12.375754356384277,505126,0.0,0.0
2013-11-11 00:00:00+08:00,12.102471708196145,12.45383466843671,11.868230772038853,12.375754356384277,165348,0.0,0.0
2013-11-12 00:00:00+08:00,12.297673682008032,12.297673682008032,11.751109957739684,12.102471351623535,56738,0.0,0.0
2013-11-13 00:00:00+08:00,11.829190663519146,12.180552847168482,11.790150507336143,11.868230819702148,40752,0.0,0.0
2013-11-14 00:00:00+08:00,11.868229738084846,11.946310043334961,11.868229738084846,11.946310043334961,42962,0.0,0.0
2013-11-15 00:00:00+08:00,12.180551737087551,12.258632042337666,11.946310043334961,11.946310043334961,20901,0.0,0.0
2013-11-18 00:00:00+08:00,11.985351664997875,12.102471351623535,11.985351664997875,12.102471351623535,5696,0.0,0.0
2013-11-19 00:00:00+08:00,11.946310043334961,11.946310043334961,11.907269890709903,11.946310043334961,6791,0.0,0.0
2013-11-20 00:00:00+08:00,11.946310499457898,12.180552202154086,11.868230191226592,12.063431739807129,8400,0.0,0.0
2013-11-21 00:00:00+08:00,12.063432378619474,12.063432378619474,11.790150507336143,11.868230819702148,35612,0.0,0.0
2013-11-22 00:00:00+08:00,11.868229738084846,11.946310043334961,11.868229738084846,11.946310043334961,5788,0.0,0.0
2013-11-25 00:00:00+08:00,11.946311542717863,12.063432793295181,11.790150912617895,11.907271385192871,31690,0.0,0.0
2013-11-26 00:00:00+08:00,11.868230422367635,12.14151228450181,11.829190267491652,12.102471351623535,32451,0.0,0.0
2013-11-27 00:00:00+08:00,12.10247065383519,12.10247065383519,11.907269890709903,11.946310043334961,34531,0.0,0.0
2013-11-28 00:00:00+08:00,11.946311542717863,11.946311542717863,11.907271385192871,11.907271385192871,29511,0.0,0.0
2013-11-29 00:00:00+08:00,11.829191070142887,11.907271385192871,11.829191070142887,11.907271385192871,26528,0.0,0.0
2013-12-02 00:00:00+08:00,11.946311681824506,11.946311681824506,11.790151049906154,11.829191207885742,46402,0.0,0.0
2013-12-03 00:00:00+08:00,11.946311542717863,11.946311542717863,11.790150912617895,11.907271385192871,54424,0.0,0.0
2013-12-04 00:00:00+08:00,11.868231227667879,11.907271385192871,11.868231227667879,11.907271385192871,19978,0.0,0.0
2013-12-05 00:00:00+08:00,11.868231227667879,11.946311542717863,11.868231227667879,11.907271385192871,38517,0.0,0.0
2013-12-06 00:00:00+08:00,11.829190166329258,12.024390939039833,11.790150011787144,11.9853515625,50203,0.0,0.0
2013-12-09 00:00:00+08:00,12.141511653980173,12.805195808410645,12.141511653980173,12.805195808410645,97598,0.0,0.0
2013-12-10 00:00:00+08:00,13.586000310282103,13.664080619812012,13.468879845987237,13.664080619812012,628339,0.0,0.0
2013-12-11 00:00:00+08:00,13.429841325007974,13.468881484522297,13.195600367922038,13.273680686950684,446224,0.0,0.0
2013-12-12 00:00:00+08:00,13.234638496340475,13.468879417477885,13.195598342817574,13.35175895690918,154647,0.0,0.0
2013-12-13 00:00:00+08:00,13.351760184417639,13.664081441314442,13.156559398857139,13.195599555969238,431234,0.0,0.0
2013-12-16 00:00:00+08:00,13.273679506478661,13.273679506478661,12.609995297754034,12.649035453796387,103648,0.0,0.0
2013-12-17 00:00:00+08:00,12.72711640092043,12.72711640092043,12.414794378087588,12.453834533691406,91108,0.0,0.0
2013-12-18 00:00:00+08:00,12.453834673584621,12.922317324095172,12.375754361499915,12.649035453796387,110918,0.0,0.0
2013-12-19 00:00:00+08:00,12.961356924189777,12.961356924189777,12.688075065612793,12.688075065612793,66868,0.0,0.0
2013-12-20 00:00:00+08:00,12.68807394645479,12.72711487538126,12.219591357361475,12.492873191833496,50307,0.0,0.0
2013-12-23 00:00:00+08:00,12.649034419014049,12.961356419804991,12.649034419014049,12.805195808410645,37676,0.0,0.0
2013-12-24 00:00:00+08:00,12.883276615454147,12.883276615454147,12.649034911244978,12.688075065612793,34504,0.0,0.0
2013-12-25 00:00:00+08:00,12.883276244073198,12.883276244073198,12.570954240131577,12.727115631103516,32491,0.0,0.0
2013-12-26 00:00:00+08:00,12.76615569534146,13.195598960189933,12.727116317994316,12.88327693939209,473887,0.0,0.0
2013-12-27 00:00:00+08:00,12.88327693939209,13.000397405440419,12.805196628693203,12.88327693939209,95100,0.0,0.0
2013-12-30 00:00:00+08:00,13.000396728515625,13.429839193000923,12.883276268565705,13.000396728515625,95340,0.0,0.0
2013-12-31 00:00:00+08:00,13.039438204596832,13.19559882438748,12.961357116699219,12.961357116699219,110750,0.0,0.0
2014-01-02 00:00:00+08:00,13.195600102883018,13.195600102883018,12.961358372499541,13.156559944152832,65833,0.0,0.0
2014-01-03 00:00:00+08:00,13.234640261613203,13.234640261613203,13.039439467962277,13.156559944152832,47016,0.0,0.0
2014-01-06 00:00:00+08:00,13.195600102883018,13.507921372724498,13.156559944152832,13.156559944152832,130617,0.0,0.0
2014-01-07 00:00:00+08:00,13.312720846465007,13.429841325007974,13.234640527436362,13.273680686950684,87332,0.0,0.0
2014-01-08 00:00:00+08:00,13.390799931972566,13.468880243808684,13.273679464218391,13.429840087890625,123240,0.0,0.0
2014-01-09 00:00:00+08:00,13.429839821925263,13.781202774233996,13.429839821925263,13.586000442504883,486047,0.0,0.0
2014-01-10 00:00:00+08:00,13.586000310282103,14.405845116350731,13.586000310282103,13.664080619812012,334159,0.0,0.0
2014-01-13 00:00:00+08:00,13.74216175311791,14.210645194385256,13.468880653381348,13.468880653381348,203801,0.0,0.0
2014-01-14 00:00:00+08:00,13.468880653381348,13.664081438907465,13.351760182065679,13.468880653381348,78465,0.0,0.0
2014-01-15 00:00:00+08:00,13.585999900733198,13.742160515085567,13.390799132792734,13.625040054321289,69209,0.0,0.0
2014-01-16 00:00:00+08:00,13.664081300820545,13.820243483667957,13.507920673977786,13.546960830688477,83642,0.0,0.0
2014-01-17 00:00:00+08:00,13.742160929341923,13.742160929341923,13.507920000752192,13.664080619812012,38674,0.0,0.0
2014-01-20 00:00:00+08:00,13.66407992261531,13.781201936938709,13.507919311523438,13.507919311523438,45981,0.0,0.0
2014-01-21 00:00:00+08:00,13.507920673977786,13.703123013535887,13.507920673977786,13.546960830688477,53529,0.0,0.0
2014-01-22 00:00:00+08:00,13.859283084523806,13.859283084523806,13.546960287359978,13.586000442504883,56590,0.0,0.0
2014-01-23 00:00:00+08:00,13.898323191795763,13.976403501816623,13.70312241674361,13.820242881774902,129976,0.0,0.0
2014-01-24 00:00:00+08:00,13.742161335235092,13.859283358993887,13.429840087890625,13.429840087890625,66977,0.0,0.0
2014-01-27 00:00:00+08:00,13.429839798447212,13.625040573830486,13.039438247680664,13.039438247680664,172498,0.0,0.0
2014-02-05 00:00:00+08:00,12.64903463749243,13.429839263954982,12.64903463749243,13.35175895690918,90909,0.0,0.0
2014-02-06 00:00:00+08:00,13.664080463041127,14.24968433380127,13.664080463041127,14.24968433380127,681050,0.0,0.0
2014-02-07 00:00:00+08:00,15.225687980651855,15.225687980651855,15.06952738150756,15.225687980651855,733505,0.0,0.0
2014-02-10 00:00:00+08:00,15.420892854115753,16.27977784847104,14.835288953781129,15.616093635559082,1225128,0.0,0.0
2014-02-11 00:00:00+08:00,15.616094439271158,16.553059794426485,15.616094439271158,15.967455863952637,614873,0.0,0.0
2014-02-12 00:00:00+08:00,16.123618053149123,16.27977868634089,15.616094439271158,15.967455863952637,430633,0.0,0.0
2014-02-13 00:00:00+08:00,15.928416118451425,16.240737362419164,15.772253940462951,16.00649642944336,344235,0.0,0.0
2014-02-14 00:00:00+08:00,16.39689902752577,16.631139975403297,15.772254943847656,15.772254943847656,311855,0.0,0.0
2014-02-17 00:00:00+08:00,16.00649717674061,16.00649717674061,15.303771232995738,15.381853103637695,251946,0.0,0.0
2014-02-18 00:00:00+08:00,15.381852293752866,15.850334156910053,15.381852293752866,15.57705307006836,141721,0.0,0.0
2014-02-19 00:00:00+08:00,15.616091982217473,16.045533655925993,15.459931373596191,15.459931373596191,196064,0.0,0.0
2014-02-20 00:00:00+08:00,15.459934093876864,15.616094729975673,15.264733298753354,15.53801441192627,118063,0.0,0.0
2014-02-21 00:00:00+08:00,15.616094047549534,15.772254676824096,15.381853103637694,15.381853103637695,229680,0.0,0.0
2014-02-24 00:00:00+08:00,15.6160941100717,15.733214582496535,14.874329562043059,15.147610664367676,157775,0.0,0.0
2014-02-25 00:00:00+08:00,15.186649901452048,15.498971110323277,15.186649901452048,15.420890808105469,89853,0.0,0.0
2014-02-26 00:00:00+08:00,15.967453940543491,16.474977493286133,15.772253172567295,16.474977493286133,296879,0.0,0.0
2014-02-27 00:00:00+08:00,17.411944761494443,17.529065235907385,16.201698303222656,16.201698303222656,911832,0.0,0.0
2014-03-03 00:00:00+08:00,16.123616104574815,16.279776718894233,15.498972091292623,15.694172859191895,325732,0.0,0.0
2014-03-04 00:00:00+08:00,15.694173948136415,15.772254260713746,15.420892854115753,15.616093635559082,167237,0.0,0.0
2014-03-05 00:00:00+08:00,15.694172821540231,16.240736526351462,15.694172821540231,15.928415298461914,243052,0.0,0.0
2014-03-06 00:00:00+08:00,15.928417196259124,16.396899093910896,15.733214849566176,16.201698303222656,209004,0.0,0.0
2014-03-07 00:00:00+08:00,16.201695820551745,16.279776124862387,15.26473061281959,15.459931373596191,244083,0.0,0.0
2014-03-10 00:00:00+08:00,15.459933480171918,15.889375212396315,14.952409876992949,15.147610664367676,129556,0.0,0.0
2014-03-11 00:00:00+08:00,15.342810756986873,15.538011515726032,15.225688745738925,15.264730453491211,117222,0.0,0.0
2014-03-12 00:00:00+08:00,15.264732627958626,15.694174358358923,15.06953028540836,15.655134201049805,63738,0.0,0.0
2014-03-13 00:00:00+08:00,15.772254260713746,15.850334573291079,15.459933010404418,15.616093635559082,216313,0.0,0.0
2014-03-14 00:00:00+08:00,15.538011677906832,15.811292742994073,15.420891221440872,15.459931373596191,119119,0.0,0.0
2014-03-17 00:00:00+08:00,15.459934093876864,16.045536479247396,15.459934093876864,15.53801441192627,99388,0.0,0.0
2014-03-18 00:00:00+08:00,16.00649606290093,16.00649606290093,15.577052806274764,15.733213424682617,199564,0.0,0.0
2014-03-19 00:00:00+08:00,15.850334987595394,15.967455459522748,15.655134201049805,15.655134201049805,159929,0.0,0.0
2014-03-20 00:00:00+08:00,15.655133985940775,15.655133985940775,15.225690705436557,15.303771018981934,221552,0.0,0.0
2014-03-21 00:00:00+08:00,15.06952738150756,15.655131184303041,15.06952738150756,15.225687980651855,172530,0.0,0.0
2014-03-24 00:00:00+08:00,15.069529939949739,15.108570096363888,14.601048062979949,14.835289001464844,106570,0.0,0.0
2014-03-25 00:00:00+08:00,14.444887834589338,15.147610669370437,14.444887834589338,14.874329566955566,76271,0.0,0.0
2014-03-26 00:00:00+08:00,15.108568732602137,15.420891511728428,15.069528579711914,15.069528579711914,100522,0.0,0.0
2014-03-27 00:00:00+08:00,15.069530289083898,15.538013732912255,15.069530289083898,15.381853103637695,147370,0.0,0.0
2014-03-28 00:00:00+08:00,15.53801073494482,15.53801073494482,15.225687980651855,15.225687980651855,182857,0.0,0.0
2014-03-31 00:00:00+08:00,15.420891221440872,15.498971525751513,15.303769208970442,15.459931373596191,28151,0.0,0.0
2014-04-01 00:00:00+08:00,15.459934093876864,15.57705457095097,15.34281361680276,15.53801441192627,36876,0.0,0.0
2014-04-02 00:00:00+08:00,15.381852888531961,15.538013515622712,15.303771018981934,15.303771018981934,66993,0.0,0.0
2014-04-03 00:00:00+08:00,15.303768280224002,15.85033193323341,15.225687980651855,15.225687980651855,66679,0.0,0.0
2014-04-07 00:00:00+08:00,15.381850908734705,15.538011515726032,14.952407683504104,15.264730453491211,94446,0.0,0.0
2014-04-08 00:00:00+08:00,15.459933996862032,16.318819046020508,15.459933996862032,16.318819046020508,793066,0.0,0.0
2014-04-09 00:00:00+08:00,16.474979135287096,16.709220080204474,16.084577560424805,16.084577560424805,569867,0.0,0.0
2014-04-10 00:00:00+08:00,16.162658211447063,16.357859002936774,15.967455863952638,15.967455863952637,187334,0.0,0.0
2014-04-11 00:00:00+08:00,15.928416023440844,15.928416023440844,15.225690116695874,15.57705307006836,156721,0.0,0.0
2014-04-14 00:00:00+08:00,15.264731276765877,15.772253276859935,15.264731276765877,15.342811584472656,60081,0.0,0.0
2014-04-15 00:00:00+08:00,15.342811326301053,15.811293164658636,15.342811326301053,15.498971939086914,120278,0.0,0.0
2014-04-16 00:00:00+08:00,15.459932614589125,16.123616810509006,15.303770437427993,15.850334167480469,146925,0.0,0.0
2014-04-17 00:00:00+08:00,15.655134201049805,15.850334987595394,15.616094043740686,15.655134201049805,58538,0.0,0.0
2014-04-18 00:00:00+08:00,15.498973571813332,16.318818431309484,15.498973571813332,15.655134201049805,206872,0.0,0.0
2014-04-21 00:00:00+08:00,15.811292577960852,15.811292577960852,15.264730453491211,15.264730453491211,260367,0.0,0.0
2014-04-22 00:00:00+08:00,15.2647324182139,15.5770536723954,15.2647324182139,15.303771018981934,79442,0.0,0.0
2014-04-23 00:00:00+08:00,15.4989713639782,15.4989713639782,15.186650149995547,15.264730453491211,351057,0.0,0.0
2014-04-24 00:00:00+08:00,15.2647324182139,15.459933202077337,15.2647324182139,15.303771018981934,103488,0.0,0.0
2014-04-25 00:00:00+08:00,15.303768654660606,15.420890662888821,14.991447448730469,14.991447448730469,268522,0.0,0.0
2014-04-28 00:00:00+08:00,14.327765015952,15.186651545326653,14.171604394612826,14.796248435974121,114929,0.0,0.0
2014-04-29 00:00:00+08:00,14.913366782363266,15.811291783447334,14.874326632577192,15.225687980651855,328071,0.0,0.0
2014-04-30 00:00:00+08:00,14.913370465213113,15.694175209758326,14.913370465213113,15.186653137207031,78138,0.0,0.0
2014-05-02 00:00:00+08:00,15.498973219088024,15.498973219088024,15.108570098876953,15.108570098876953,38258,0.0,0.0
2014-05-05 00:00:00+08:00,15.42089410571352,16.16265869140625,15.381853946256259,16.16265869140625,578789,0.0,0.0
2014-05-06 00:00:00+08:00,15.69417442955783,16.31881850534218,15.69417442955783,16.084577560424805,370918,0.0,0.0
2014-05-07 00:00:00+08:00,16.006497245452348,16.553059450259557,15.928416930479887,16.084577560424805,346966,0.0,0.0
2014-05-08 00:00:00+08:00,16.084577560424805,16.39689882031464,15.928416930479887,16.084577560424805,93406,0.0,0.0
2014-05-09 00:00:00+08:00,16.084577487454776,16.084577487454776,15.655134201049805,15.655134201049805,48171,0.0,0.0
2014-05-12 00:00:00+08:00,15.342809986014451,15.96745238259163,15.225687980651855,15.225687980651855,149924,0.0,0.0
2014-05-13 00:00:00+08:00,15.225691815265797,15.420894169362557,14.913370538318615,14.952410697937012,84640,0.0,0.0
2014-05-14 00:00:00+08:00,14.952408378660515,15.303769760726233,14.835287917971941,14.913368225097656,87816,0.0,0.0
2014-05-15 00:00:00+08:00,15.147610255297597,15.264732280564166,14.952409473194383,15.108570098876953,60683,0.0,0.0
2014-05-16 00:00:00+08:00,15.10857050689273,15.264732692797192,15.10857050689273,15.147610664367676,26220,0.0,0.0
2014-05-19 00:00:00+08:00,15.264732692797192,15.459933480171918,15.147610664367676,15.147610664367676,29317,0.0,0.0
2014-05-20 00:00:00+08:00,15.264732631681774,15.459933418274975,15.264732631681774,15.381853103637695,35732,0.0,0.0
2014-05-21 00:00:00+08:00,15.381853934342145,15.381853934342145,14.913370465213113,15.186653137207031,82555,0.0,0.0
2014-05-22 00:00:00+08:00,15.225690705436557,15.303771018981934,15.147610391891183,15.303771018981934,56346,0.0,0.0
2014-05-23 00:00:00+08:00,15.186649386870156,15.381850135800525,15.186649386870156,15.225687980651855,54377,0.0,0.0
2014-05-26 00:00:00+08:00,15.420893260956335,15.538013732912255,15.225690918358458,15.381853103637695,70525,0.0,0.0
2014-05-27 00:00:00+08:00,15.381851623856475,15.538012238107907,14.913368225097656,14.913368225097656,131646,0.0,0.0
2014-05-28 00:00:00+08:00,15.069528951494394,15.459932046032822,14.991448643787617,15.342811584472656,159128,0.0,0.0
2014-05-29 00:00:00+08:00,15.459933418274975,15.850334991461375,15.381853103637694,15.381853103637695,355109,0.0,0.0
2014-05-30 00:00:00+08:00,16.45117826397123,16.533433991369748,15.91651439666748,15.91651439666748,467187,0.957109,0.0
2014-06-03 00:00:00+08:00,15.875385706719394,15.875385706719394,15.546362814249616,15.669746398925781,103436,0.0,0.0
2014-06-04 00:00:00+08:00,15.669746398925781,15.710874260484504,15.546362814249616,15.669746398925781,92809,0.0,0.0
2014-06-05 00:00:00+08:00,15.793131610890859,15.916515208280195,15.628620147705078,15.628620147705078,84817,0.0,0.0
2014-06-06 00:00:00+08:00,15.340723274574525,15.546362579259812,15.340723274574525,15.505234718322754,85222,0.0,0.0
2014-06-09 00:00:00+08:00,15.505236550315741,15.752003745094413,15.505236550315741,15.628620147705078,89864,0.0,0.0
2014-06-10 00:00:00+08:00,15.628620597102369,15.628620597102369,15.422981262207031,15.422981262207031,39755,0.0,0.0
2014-06-11 00:00:00+08:00,15.422981262207031,15.628620597102369,15.381853395227964,15.422981262207031,57475,0.0,0.0
2014-06-12 00:00:00+08:00,15.381851135511582,15.505234718322754,15.381851135511582,15.505234718322754,58546,0.0,0.0
2014-06-13 00:00:00+08:00,15.505234718322754,15.505234718322754,15.381851135511582,15.505234718322754,52879,0.0,0.0
2014-06-16 00:00:00+08:00,15.505236702235942,15.710876033233022,15.381853103637695,15.381853103637695,38709,0.0,0.0
2014-06-17 00:00:00+08:00,15.381853103637695,15.54636456843536,15.381853103637695,15.381853103637695,56692,0.0,0.0
2014-06-18 00:00:00+08:00,15.381851921515018,15.422979784553684,15.217340469360352,15.217340469360352,45270,0.0,0.0
2014-06-19 00:00:00+08:00,15.217339605494104,15.381851048309695,15.135082244873047,15.135082244873047,42874,0.0,0.0
2014-06-20 00:00:00+08:00,15.422978909013592,15.422978909013592,15.135082244873047,15.135082244873047,16072,0.0,0.0
2014-06-23 00:00:00+08:00,15.217340931446595,15.258467156520735,15.052827835083008,15.052827835083008,23038,0.0,0.0
2014-06-24 00:00:00+08:00,15.464107675356953,15.464107675356953,15.09395526813102,15.258466720581055,61832,0.0,0.0
2014-06-25 00:00:00+08:00,15.135082244873047,15.135082244873047,15.09395438416915,15.135082244873047,8496,0.0,0.0
2014-06-26 00:00:00+08:00,15.299595871351706,16.163282616081883,15.0116991969661,15.834258079528809,381393,0.0,0.0
2014-06-27 00:00:00+08:00,15.834258210507464,15.875386073015138,15.464107447938407,15.587491035461426,185997,0.0,0.0
2014-06-30 00:00:00+08:00,15.628620147705078,15.752003745094413,15.505236550315741,15.628620147705078,65823,0.0,0.0
2014-07-01 00:00:00+08:00,15.628618000335353,15.628618000335353,15.38185083946245,15.464106559753418,27374,0.0,0.0
2014-07-02 00:00:00+08:00,15.505234718322754,15.752001883945098,15.381851135511582,15.505234718322754,93710,0.0,0.0
2014-07-03 00:00:00+08:00,15.464108181726031,16.574562161338708,15.381852452807568,15.957642555236816,994479,0.0,0.0
2014-07-04 00:00:00+08:00,16.039897987765258,16.122153715163776,15.752002941870444,15.91651439666748,139391,0.0,0.0
2014-07-07 00:00:00+08:00,15.916516095771891,15.916516095771891,15.710876755323385,15.752004623413086,50151,0.0,0.0
2014-07-08 00:00:00+08:00,15.793132491502787,15.793132491502787,15.669748887233684,15.752004623413086,85726,0.0,0.0
2014-07-09 00:00:00+08:00,15.75200205956388,15.957641366541838,15.628618475377108,15.793129920959473,121198,0.0,0.0
2014-07-10 00:00:00+08:00,15.916512903019354,15.916512903019354,15.7108736038208,15.7108736038208,31523,0.0,0.0
2014-07-11 00:00:00+08:00,15.957640942250615,15.957640942250615,15.135082096996186,15.340723037719727,142892,0.0,0.0
2014-07-14 00:00:00+08:00,15.34072508712996,15.99877257908655,15.34072508712996,15.628620147705078,40747,0.0,0.0
2014-07-15 00:00:00+08:00,15.628618000335353,15.669745860480836,15.340722979316967,15.464106559753418,33128,0.0,0.0
2014-07-16 00:00:00+08:00,15.464108684519296,15.793131610890859,15.464108684519296,15.628620147705078,68957,0.0,0.0
2014-07-17 00:00:00+08:00,15.669746760476771,15.710874622984445,15.50523531044608,15.587491035461426,94033,0.0,0.0
2014-07-18 00:00:00+08:00,15.957642555236816,16.03989828415528,15.587491775103729,15.957642555236816,158989,0.0,0.0
2014-07-21 00:00:00+08:00,16.039899977152707,17.068099975585938,15.998773747566046,17.068099975585938,1373884,0.0,0.0
2014-07-22 00:00:00+08:00,17.561631376370407,17.561631376370407,16.615688917680536,16.69794464111328,883955,0.0,0.0
2014-07-23 00:00:00+08:00,16.69794464111328,16.69794464111328,16.69794464111328,16.69794464111328,0,0.0,0.0
2014-07-24 00:00:00+08:00,16.615689641199083,17.109225642499535,16.53343391418457,16.53343391418457,241534,0.0,0.0
2014-07-25 00:00:00+08:00,16.533433451835613,16.533433451835613,16.081026965907103,16.204410552978516,177774,0.0,0.0
2014-07-28 00:00:00+08:00,16.081027557023113,17.314865112304688,16.081027557023113,17.314865112304688,749681,0.0,0.0
2014-07-29 00:00:00+08:00,18.09629572095924,18.50757598876953,17.561631864569865,18.50757598876953,1887834,0.0,0.0
2014-07-30 00:00:00+08:00,18.754343776828385,19.247878147221023,17.8084012610291,18.096296310424805,1245471,0.0,0.0
2014-07-31 00:00:00+08:00,18.178553421097924,19.330135345458984,17.972914084464435,19.330135345458984,1211582,0.0,0.0
2014-08-01 00:00:00+08:00,19.16562311479969,20.64622955817091,18.507577263713333,19.988182067871094,3455320,0.0,0.0
2014-08-04 00:00:00+08:00,19.576902685157002,19.576902685157002,18.589832305908203,18.589832305908203,1070518,0.0,0.0
2014-08-05 00:00:00+08:00,17.397120840042565,17.438248703911505,17.314865112304688,17.314865112304688,477688,0.0,0.0
2014-08-06 00:00:00+08:00,16.286666277692788,16.94471371462031,16.122153189050916,16.204410552978516,1378401,0.0,0.0
2014-08-07 00:00:00+08:00,16.286665715340114,16.451177159088342,15.464106857385696,15.505234718322754,583365,0.0,0.0
2014-08-08 00:00:00+08:00,15.505236996165166,15.834259931997707,15.176212421119116,15.422981262207031,295734,0.0,0.0
2014-08-11 00:00:00+08:00,15.875387798976774,15.875387798976774,15.340725528248896,15.422981262207031,218811,0.0,0.0
2014-08-12 00:00:00+08:00,15.422978699607933,15.71087372062632,15.422978699607933,15.464106559753418,115974,0.0,0.0
2014-08-13 00:00:00+08:00,15.464108102071636,15.79313101605072,15.381852373576864,15.546363830566406,184937,0.0,0.0
2014-08-14 00:00:00+08:00,15.505235510631017,15.505235510631017,15.217340469360352,15.217340469360352,203286,0.0,0.0
2014-08-15 00:00:00+08:00,15.299596430396099,15.299596430396099,14.847188290809708,14.88831615447998,248396,0.0,0.0
2014-08-18 00:00:00+08:00,14.682676824245624,14.723804687882613,13.86011791229248,13.86011791229248,395983,0.0,0.0
2014-08-19 00:00:00+08:00,13.860117711035466,14.230268478393555,13.818989847995677,14.230268478393555,158921,0.0,0.0
2014-08-20 00:00:00+08:00,14.189140615353766,14.271396341433343,13.818989847995677,14.230268478393555,134780,0.0,0.0
2014-08-21 00:00:00+08:00,14.230269066055765,14.394780525008686,13.942374012888155,14.312524795532227,56419,0.0,0.0
2014-08-22 00:00:00+08:00,14.35365165418512,15.176210530507818,14.35365165418512,14.929443359375,128867,0.0,0.0
2014-08-25 00:00:00+08:00,14.72380334727322,15.093954086303711,14.72380334727322,15.093954086303711,55375,0.0,0.0
2014-08-26 00:00:00+08:00,14.970570802057457,15.176210105576946,14.806059359241866,15.135082244873047,52256,0.0,0.0
2014-08-27 00:00:00+08:00,15.135082244873047,15.340723187605796,15.135082244873047,15.135082244873047,49321,0.0,0.0
2014-08-28 00:00:00+08:00,15.464108245009175,15.464108245009175,15.052827959520378,15.299596786499023,109190,0.0,0.0
2014-08-29 00:00:00+08:00,15.217339456813548,15.340723037719727,15.176209957298244,15.340723037719727,49734,0.0,0.0
2014-09-01 00:00:00+08:00,15.17621096710833,15.381851921515018,15.135083104069665,15.217340469360352,78014,0.0,0.0
2014-09-02 00:00:00+08:00,15.217341927311693,15.422981262207031,15.217341927311693,15.422981262207031,88809,0.0,0.0
2014-09-03 00:00:00+08:00,15.38185083946245,15.793129440917287,15.38185083946245,15.464106559753418,90583,0.0,0.0
2014-09-04 00:00:00+08:00,15.54636456843536,15.54636456843536,15.381853103637695,15.381853103637695,58509,0.0,0.0
2014-09-05 00:00:00+08:00,15.546362491125285,15.546362491125285,15.135082244873047,15.135082244873047,74181,0.0,0.0
2014-09-09 00:00:00+08:00,15.135082244873047,15.217339605494104,14.888315080649662,15.135082244873047,48082,0.0,0.0
2014-09-10 00:00:00+08:00,15.135082244873047,15.217339605494104,15.052826523465253,15.135082244873047,72097,0.0,0.0
2014-09-11 00:00:00+08:00,15.340723037719727,15.340723037719727,14.88831493518383,15.340723037719727,80476,0.0,0.0
2014-09-12 00:00:00+08:00,15.299596786499023,15.299596786499023,15.299596786499023,15.299596786499023,57685,0.0,0.0
2014-09-15 00:00:00+08:00,15.1762113571167,15.217340860425692,15.1762113571167,15.1762113571167,29254,0.0,0.0
2014-09-16 00:00:00+08:00,15.299596195437685,15.299596195437685,15.217340469360352,15.217340469360352,18890,0.0,0.0
2014-09-17 00:00:00+08:00,15.217341057243948,15.299596786499023,15.135083688775454,15.299596786499023,27165,0.0,0.0
2014-09-18 00:00:00+08:00,15.34072508712996,15.87538734248375,15.299597221333514,15.628620147705078,98290,0.0,0.0
2014-09-19 00:00:00+08:00,15.381852373576864,15.669747423308564,15.381852373576864,15.546363830566406,26634,0.0,0.0
2014-09-22 00:00:00+08:00,15.546365282964581,15.752004623413086,15.464109546785178,15.752004623413086,19851,0.0,0.0
2014-09-23 00:00:00+08:00,16.533434053236117,16.533434053236117,15.916514456225404,16.286666870117188,207990,0.0,0.0
2014-09-24 00:00:00+08:00,16.28666673904758,16.28666673904758,15.998771694392373,16.039897918701172,123287,0.0,0.0
2014-09-25 00:00:00+08:00,16.03989660179019,16.03989660179019,15.464106559753418,15.464106559753418,64036,0.0,0.0
2014-09-26 00:00:00+08:00,14.888317352265643,15.464109129186099,14.888317352265643,15.422981262207031,68122,0.0,0.0
2014-09-29 00:00:00+08:00,15.422978699607933,15.464106559753418,15.422978699607933,15.464106559753418,7313,0.0,0.0
2014-09-30 00:00:00+08:00,15.464106857385696,15.71087402300804,15.464106857385696,15.505234718322754,25085,0.0,0.0
2014-10-01 00:00:00+08:00,15.505234718322754,15.505234718322754,15.505234718322754,15.505234718322754,8363,0.0,0.0
2014-10-02 00:00:00+08:00,15.546364665693636,16.368923634041376,15.505236799236924,16.163284301757812,26198,0.0,0.0
2014-10-03 00:00:00+08:00,15.669747720537213,16.163283740080786,15.669747720537213,16.122154235839844,22985,0.0,0.0
2014-10-06 00:00:00+08:00,16.163281946889942,16.163281946889942,15.834257423959134,15.875385284423828,20577,0.0,0.0
2014-10-07 00:00:00+08:00,15.669745982100356,15.875385284423828,15.587490261170968,15.875385284423828,35523,0.0,0.0
2014-10-08 00:00:00+08:00,16.081027024766836,16.081027024766836,15.587491035461426,15.587491035461426,38762,0.0,0.0
2014-10-09 00:00:00+08:00,16.163284200640078,16.163284200640078,15.381853103637695,15.381853103637695,48061,0.0,0.0
2014-10-13 00:00:00+08:00,14.929444018150255,15.176211200171899,14.88831615447998,14.88831615447998,85987,0.0,0.0
2014-10-14 00:00:00+08:00,14.929443359375,14.929443359375,14.88831549751953,14.929443359375,39702,0.0,0.0
2014-10-15 00:00:00+08:00,14.929443186390792,14.929443186390792,14.641548156738281,14.641548156738281,43882,0.0,0.0
2014-10-16 00:00:00+08:00,13.695606004852065,14.518165758436798,13.695606004852065,14.312524795532227,75294,0.0,0.0
2014-10-17 00:00:00+08:00,14.230268986938356,14.230268986938356,13.901246070861816,13.901246070861816,36568,0.0,0.0
2014-10-20 00:00:00+08:00,14.14801268618942,14.847187993811378,14.14801268618942,14.353652000427246,53285,0.0,0.0
2014-10-21 00:00:00+08:00,14.394778848887976,14.477034568786621,14.148011689192037,14.477034568786621,31360,0.0,0.0
2014-10-22 00:00:00+08:00,14.477035656632282,14.55929302192521,14.230268478393555,14.230268478393555,16717,0.0,0.0
2014-10-23 00:00:00+08:00,14.23026870422665,14.600421116672377,14.1068851131492,14.394780158996582,15672,0.0,0.0
2014-10-24 00:00:00+08:00,14.394779410826718,14.518164634704592,14.065756518387845,14.51816463470459,17772,0.0,0.0
2014-10-27 00:00:00+08:00,14.065755959574256,14.148011679416065,13.818988800048828,13.818988800048828,31344,0.0,0.0
2014-10-28 00:00:00+08:00,13.860117485931404,14.065756797790527,13.860117485931404,14.065756797790527,11492,0.0,0.0
2014-10-29 00:00:00+08:00,14.353651768556947,14.353651768556947,14.148012457641038,14.189140319824219,12537,0.0,0.0
2014-10-30 00:00:00+08:00,14.02462929776058,14.27139647836703,13.942373570891764,13.983501434326172,29254,0.0,0.0
2014-10-31 00:00:00+08:00,14.024628871091492,14.189140319824219,13.901245284541945,14.189140319824219,16717,0.0,0.0
2014-11-03 00:00:00+08:00,14.518165158680912,14.723804473876953,14.2302684781931,14.723804473876953,23019,0.0,0.0
2014-11-04 00:00:00+08:00,14.641548219369168,14.641548219369168,14.435908911594872,14.51816463470459,13700,0.0,0.0
2014-11-05 00:00:00+08:00,14.518165881860371,14.600421612036113,14.518165881860371,14.559293746948242,22124,0.0,0.0
2014-11-06 00:00:00+08:00,14.600419787847821,14.72380336769579,14.477034568786621,14.477034568786621,47016,0.0,0.0
2014-11-07 00:00:00+08:00,15.464106559753418,15.464106559753418,14.682675577775989,15.464106559753418,239316,0.0,0.0
2014-11-10 00:00:00+08:00,15.87538734248375,16.492306968643895,15.505236550315741,15.628620147705078,502554,0.0,0.0
2014-11-11 00:00:00+08:00,15.62861805983414,15.793129501042378,15.217339456813548,15.340723037719727,96122,0.0,0.0
2014-11-12 00:00:00+08:00,14.888316308447514,15.217340860425692,14.847188444351916,15.1762113571167,86719,0.0,0.0
2014-11-13 00:00:00+08:00,14.929443789072996,14.970571652112204,14.641548747798538,14.723804473876953,129556,0.0,0.0
2014-11-14 00:00:00+08:00,14.97057188182053,15.052827609161078,14.88831615447998,14.88831615447998,48061,0.0,0.0
2014-11-17 00:00:00+08:00,14.888316520377703,14.888316520377703,14.806060791015625,14.806060791015625,6268,0.0,0.0
2014-11-18 00:00:00+08:00,14.888316541080869,14.888316541080869,14.312524795532227,14.312524795532227,22151,0.0,0.0
2014-11-19 00:00:00+08:00,14.312524845823793,15.052828052926644,14.312524845823793,14.682677268981934,80450,0.0,0.0
2014-11-20 00:00:00+08:00,14.723805133864678,14.723805133864678,14.682677268981932,14.682677268981934,37828,0.0,0.0
2014-11-21 00:00:00+08:00,14.723804473876953,14.929443789072996,14.682676610837746,14.723804473876953,26135,0.0,0.0
2014-11-24 00:00:00+08:00,14.80606086363017,14.80606086363017,14.518165809450949,14.682677268981934,26120,0.0,0.0
2014-11-25 00:00:00+08:00,14.682677268981932,14.929444458278407,14.477036305354776,14.682677268981934,75226,0.0,0.0
2014-11-26 00:00:00+08:00,14.559293088615085,14.888315994440498,14.559293088615085,14.600420951843262,22985,0.0,0.0
2014-11-27 00:00:00+08:00,14.600421539216441,15.217341151671055,14.600421539216441,14.682677268981934,40747,0.0,0.0
2014-11-28 00:00:00+08:00,14.97057122123047,15.176210530507818,14.929443359375,14.929443359375,29254,0.0,0.0
2014-12-01 00:00:00+08:00,14.435910008886273,14.847188655696664,14.435910008886273,14.806060791015625,42422,0.0,0.0
2014-12-02 00:00:00+08:00,14.682677268981932,14.682677268981932,14.682677268981932,14.682677268981934,20979,0.0,0.0
2014-12-03 00:00:00+08:00,14.806060791015625,14.806060791015625,14.806060791015625,14.806060791015625,77368,0.0,0.0
2014-12-04 00:00:00+08:00,14.559293746948242,14.559293746948242,14.559293746948242,14.559293746948242,142084,0.0,0.0
2014-12-05 00:00:00+08:00,14.641548747798538,14.970571652112204,14.559293021720121,14.723804473876953,67083,0.0,0.0
2014-12-08 00:00:00+08:00,15.71087378043826,15.71087378043826,14.970570655787949,15.340723037719727,120153,0.0,0.0
2014-12-09 00:00:00+08:00,15.05282694494141,15.217340031576594,14.88831549751953,14.929443359375,27169,0.0,0.0
2014-12-10 00:00:00+08:00,14.806061299717504,15.011700630187988,14.806061299717504,15.011700630187988,35523,0.0,0.0
2014-12-11 00:00:00+08:00,14.723805061653547,14.806060791015625,14.723805061653547,14.806060791015625,8778,0.0,0.0
2014-12-12 00:00:00+08:00,14.847188655696664,14.888316520377703,14.806060791015625,14.806060791015625,7313,0.0,0.0
2014-12-15 00:00:00+08:00,14.55929360292939,14.806060791015625,14.353652640310775,14.806060791015625,10448,0.0,0.0
2014-12-16 00:00:00+08:00,14.806060267984146,14.806060267984146,14.518165225386907,14.600420951843262,18858,0.0,0.0
2014-12-17 00:00:00+08:00,14.518165449271827,15.29959650187101,14.518165449271827,14.764932632446289,50151,0.0,0.0
2014-12-18 00:00:00+08:00,14.806059182024699,15.135082063717729,14.806059182024699,14.847187042236328,9403,0.0,0.0
2014-12-19 00:00:00+08:00,14.888316520377703,15.01170011442082,14.806060791015625,14.806060791015625,27165,0.0,0.0
2014-12-22 00:00:00+08:00,14.806059182024699,15.011698483082842,14.806059182024699,14.847187042236328,33434,0.0,0.0
2014-12-23 00:00:00+08:00,14.929444018150255,14.929444018150255,14.847188290809708,14.88831615447998,9644,0.0,0.0
2014-12-24 00:00:00+08:00,14.970570506626881,15.093954086303711,14.888314786842328,15.093954086303711,64778,0.0,0.0
2014-12-25 00:00:00+08:00,15.093955699370554,15.176211427945645,15.052827835083008,15.052827835083008,25075,0.0,0.0
2014-12-26 00:00:00+08:00,15.052827377992331,15.46410764759235,15.011699514953666,15.217340469360352,72108,0.0,0.0
2014-12-29 00:00:00+08:00,15.258466693185664,15.299596195437685,15.217340469360352,15.217340469360352,30305,0.0,0.0
2014-12-30 00:00:00+08:00,15.258466720581055,15.29959622290692,15.217340496681903,15.258466720581055,33434,0.0,0.0
2014-12-31 00:00:00+08:00,15.29959622290692,15.381851949131937,15.217340496681903,15.258466720581055,21941,0.0,0.0
2015-01-05 00:00:00+08:00,15.340722979316967,15.752001580771804,15.340722979316967,15.464106559753418,57464,0.0,0.0
2015-01-06 00:00:00+08:00,15.258466720581055,15.29959622290692,15.217340496681903,15.258466720581055,14648,0.0,0.0
2015-01-07 00:00:00+08:00,15.546362339230022,15.546362339230022,15.299595177417666,15.340723037719727,39702,0.0,0.0
2015-01-08 00:00:00+08:00,16.410049438476562,16.410049438476562,16.286665854610316,16.410049438476562,1354538,0.0,0.0
2015-01-09 00:00:00+08:00,17.026970218600916,17.026970218600916,16.492306344275068,16.574562072753906,1108008,0.0,0.0
2015-01-12 00:00:00+08:00,16.615688788084583,16.615688788084583,15.793129920959473,15.793129920959473,397535,0.0,0.0
2015-01-13 00:00:00+08:00,15.793129920959473,15.998770867150716,15.628618475377108,15.793129920959473,329115,0.0,0.0
2015-01-14 00:00:00+08:00,15.669746336772699,15.957641366541838,15.669746336772699,15.793129920959473,58561,0.0,0.0
2015-01-15 00:00:00+08:00,15.793130578157058,16.451178027083053,15.793130578157058,16.24553871154785,227966,0.0,0.0
2015-01-16 00:00:00+08:00,16.122154235839844,16.368923065218347,16.122154235839844,16.122154235839844,90591,0.0,0.0
2015-01-19 00:00:00+08:00,16.204410424854203,17.191480752834295,16.081026838758355,16.4511775970459,458200,0.0,0.0
2015-01-20 00:00:00+08:00,16.492306341453663,17.602760314941406,16.492306341453663,17.602760314941406,923084,0.0,0.0
2015-01-21 00:00:00+08:00,17.931784136909187,18.425320126789014,17.643889099020402,18.260807037353516,1193307,0.0,0.0
2015-01-22 00:00:00+08:00,18.26080776722235,18.83659950522716,17.890655350214473,18.096296310424805,523771,0.0,0.0
2015-01-23 00:00:00+08:00,18.260807037353516,18.589831577011175,17.972911999464728,18.260807037353516,430985,0.0,0.0
2015-01-26 00:00:00+08:00,18.918854477455504,18.918854477455504,18.09629558713135,18.260807037353516,333694,0.0,0.0
2015-01-27 00:00:00+08:00,18.096296927307428,18.2196805241116,17.43824943847174,17.685016632080078,327031,0.0,0.0
2015-01-28 00:00:00+08:00,17.602761051829013,17.767274154858804,17.355993856104536,17.438249588012695,268110,0.0,0.0
2015-01-29 00:00:00+08:00,17.56163156354283,17.972911824303292,17.4793758392334,17.4793758392334,244486,0.0,0.0
2015-01-30 00:00:00+08:00,17.602761051829013,17.685016783737172,17.314865990150455,17.438249588012695,165117,0.0,0.0
2015-02-02 00:00:00+08:00,17.314865265314726,17.602760314941406,17.10922594415281,17.602760314941406,210033,0.0,0.0
2015-02-03 00:00:00+08:00,17.726145108589012,18.79547119140625,17.52050415329798,18.79547119140625,623605,0.0,0.0
2015-02-04 00:00:00+08:00,19.330133103010912,19.371262604779787,18.260807037353516,18.260807037353516,595605,0.0,0.0
2015-02-05 00:00:00+08:00,18.260807037353516,18.507575851900093,17.931784136909187,18.260807037353516,204868,0.0,0.0
2015-02-06 00:00:00+08:00,18.096296927307428,18.096296927307428,17.47937730407313,17.685016632080078,101869,0.0,0.0
2015-02-09 00:00:00+08:00,18.343062894026524,18.343062894026524,17.314864683550123,17.520503997802734,155729,0.0,0.0
2015-02-10 00:00:00+08:00,17.35599356418104,17.64389026023072,17.35599356418104,17.39712142944336,72144,0.0,0.0
2015-02-11 00:00:00+08:00,17.39712142944336,17.602760755754957,17.31486569891872,17.39712142944336,96332,0.0,0.0
2015-02-12 00:00:00+08:00,17.602760757535904,17.602760757535904,16.739073947726375,16.862459182739258,200604,0.0,0.0
2015-02-13 00:00:00+08:00,16.615688917680536,17.109224897490307,16.615688917680536,16.69794464111328,82750,0.0,0.0
2015-02-24 00:00:00+08:00,16.82132955616303,16.862459060344413,16.451178771451413,16.615690231323242,84629,0.0,0.0
2015-02-25 00:00:00+08:00,16.4511793669548,16.4511793669548,16.039899063174186,16.163284301757812,173438,0.0,0.0
2015-02-26 00:00:00+08:00,16.28666657465489,16.32779443776193,16.163282985333773,16.24553871154785,53285,0.0,0.0
2015-03-02 00:00:00+08:00,16.36892456676823,17.10922784438618,16.20441309156726,17.068099975585938,256501,0.0,0.0
2015-03-03 00:00:00+08:00,17.273737241806298,17.273737241806298,16.286666870117188,16.286666870117188,200616,0.0,0.0
2015-03-04 00:00:00+08:00,16.286666733141033,16.78020273444148,16.286666733141033,16.53343391418457,129588,0.0,0.0
2015-03-05 00:00:00+08:00,16.53343302234281,16.61568874492031,16.368921577187812,16.410049438476562,51206,0.0,0.0
2015-03-06 00:00:00+08:00,16.615689936993327,16.697945665472165,16.45117848003565,16.574562072753906,91296,0.0,0.0
2015-03-09 00:00:00+08:00,16.451177299765313,16.739072328786555,16.410049438476562,16.410049438476562,115116,0.0,0.0
2015-03-10 00:00:00+08:00,16.41005105259,16.451178917924135,16.245539591253447,16.36892318725586,63350,0.0,0.0
2015-03-11 00:00:00+08:00,16.286666870117188,16.574561917089273,16.245539006264032,16.286666870117188,114934,0.0,0.0
2015-03-12 00:00:00+08:00,16.327795321921723,16.36892318725586,16.245539591253447,16.36892318725586,35764,0.0,0.0
2015-03-13 00:00:00+08:00,16.45117789284379,16.821328657786772,16.327794304529466,16.492305755615234,209594,0.0,0.0
2015-03-16 00:00:00+08:00,16.492305755615234,16.492305755615234,16.492305755615234,16.492305755615234,0,0.0,0.0
2015-03-17 00:00:00+08:00,16.3689225978235,16.451178325529806,16.245539006264032,16.286666870117188,72093,0.0,0.0
2015-03-18 00:00:00+08:00,16.368922300868974,16.451178027083053,16.24553871154785,16.24553871154785,71050,0.0,0.0
2015-03-19 00:00:00+08:00,16.368922751556813,16.739073529711582,16.368922751556813,16.574562072753906,157025,0.0,0.0
2015-03-20 00:00:00+08:00,16.61568934392956,16.86245815977156,16.492305755615234,16.492305755615234,126684,0.0,0.0
2015-03-23 00:00:00+08:00,16.656817634901028,16.821329090215926,16.410050451928683,16.780202865600586,158638,0.0,0.0
2015-03-24 00:00:00+08:00,16.862459357570522,16.94471508895632,16.533434792813885,16.656818389892578,82271,0.0,0.0
2015-03-25 00:00:00+08:00,16.65681794545062,16.65681794545062,16.327795028686523,16.327795028686523,71057,0.0,0.0
2015-03-26 00:00:00+08:00,16.2455392994955,16.368922893282036,16.122154066495547,16.327795028686523,61895,0.0,0.0
2015-03-27 00:00:00+08:00,16.286667335163322,16.41005093024586,16.122154235839844,16.122154235839844,59554,0.0,0.0
2015-03-30 00:00:00+08:00,16.12215479608761,16.204412168214525,16.12215479608761,16.163284301757812,65245,0.0,0.0
2015-03-31 00:00:00+08:00,16.163281797439335,16.204409657523748,15.95764085780403,16.081026077270508,175743,0.0,0.0
2015-04-01 00:00:00+08:00,16.122152447211995,16.122152447211995,15.875385284423828,15.875385284423828,141064,0.0,0.0
2015-04-02 00:00:00+08:00,15.916514690777584,16.03989828415528,15.875386826318351,15.957642555236816,47657,0.0,0.0
2015-04-07 00:00:00+08:00,15.957642555236816,16.122154013073743,15.957642555236816,15.957642555236816,65994,0.0,0.0
2015-04-08 00:00:00+08:00,16.204411381205617,16.24553924566485,15.957642555236816,15.957642555236816,63963,0.0,0.0
2015-04-09 00:00:00+08:00,15.998772058909458,16.163283516746386,15.957642555236816,15.957642555236816,67119,0.0,0.0
2015-04-10 00:00:00+08:00,16.16328269062138,16.204410552978516,15.957641739622368,16.204410552978516,108667,0.0,0.0
2015-04-13 00:00:00+08:00,16.204410552978516,16.451177727121337,16.03989746433664,16.204410552978516,28230,0.0,0.0
2015-04-14 00:00:00+08:00,16.451178187170058,16.53343391418457,16.286666733141033,16.53343391418457,46918,0.0,0.0
2015-04-15 00:00:00+08:00,16.451178325529806,16.451178325529806,16.286666870117188,16.286666870117188,15677,0.0,0.0
2015-04-16 00:00:00+08:00,16.24553947013581,16.24553947013581,16.122154235839844,16.122154235839844,18807,0.0,0.0
2015-04-17 00:00:00+08:00,15.998770505031162,16.039896726282606,15.875385284423828,15.875385284423828,55428,0.0,0.0
2015-04-20 00:00:00+08:00,15.546363974264251,15.875386891284554,15.217341057243948,15.299596786499023,172394,0.0,0.0
2015-04-21 00:00:00+08:00,15.217340031576594,15.422979340853942,14.641548326386713,14.929443359375,105526,0.0,0.0
2015-04-22 00:00:00+08:00,14.929444458278407,15.176211647574883,14.682677268981932,14.682677268981934,148676,0.0,0.0
2015-04-23 00:00:00+08:00,14.723805133864678,14.888316593395661,14.682677268981932,14.682677268981934,39102,0.0,0.0
2015-04-24 00:00:00+08:00,14.970571951758341,14.970571951758341,14.518165449271827,14.764932632446289,68968,0.0,0.0
2015-04-27 00:00:00+08:00,14.76493257144231,14.76493257144231,14.3536522953041,14.394780158996582,73136,0.0,0.0
2015-04-28 00:00:00+08:00,14.394780525008686,14.394780525008686,14.312524795532227,14.312524795532227,25326,0.0,0.0
2015-04-29 00:00:00+08:00,14.148012522534176,14.312523972021474,13.90124534830323,14.065756797790527,204877,0.0,0.0
2015-04-30 00:00:00+08:00,13.942373794459701,14.1891409790231,13.942373794459701,14.1480131149292,29569,0.0,0.0
2015-05-04 00:00:00+08:00,14.148012819595236,14.148012819595236,13.983501366653746,14.106884956359863,63785,0.0,0.0
2015-05-05 00:00:00+08:00,14.065757249456716,14.394780158996582,13.901245794686783,14.394780158996582,88236,0.0,0.0
2015-05-06 00:00:00+08:00,14.394779996489017,15.13508317380956,14.189140680348132,14.600420951843262,43882,0.0,0.0
2015-05-07 00:00:00+08:00,14.394779996489017,14.600420951843262,14.394779996489017,14.600420951843262,26156,0.0,0.0
2015-05-08 00:00:00+08:00,14.600420884964997,14.600420884964997,14.189140615353766,14.230268478393555,40789,0.0,0.0
2015-05-11 00:00:00+08:00,14.230267399257874,14.230267399257874,13.736733080207019,13.818988800048828,112010,0.0,0.0
2015-05-12 00:00:00+08:00,13.818988800048828,13.901244519890637,13.736733080207019,13.818988800048828,31344,0.0,0.0
2015-05-13 00:00:00+08:00,13.983501300154828,14.230268478393555,13.901245574075253,14.230268478393555,30299,0.0,0.0
2015-05-14 00:00:00+08:00,14.230268986938356,14.230268986938356,13.901246070861816,13.901246070861816,20999,0.0,0.0
2015-05-15 00:00:00+08:00,13.901245779694358,13.901245779694358,13.572222050902653,13.613349914550781,61675,0.0,0.0
2015-05-18 00:00:00+08:00,13.160943249142473,13.613350591371072,13.160943249142473,13.325454711914062,73136,0.0,0.0
2015-05-19 00:00:00+08:00,13.07868635937032,13.44883711782194,13.07868635937032,13.407710075378418,34484,0.0,0.0
2015-05-20 00:00:00+08:00,13.325453525764514,13.325453525764514,13.07868635357282,13.160942077636719,50166,0.0,0.0
2015-05-21 00:00:00+08:00,13.202071189880371,13.243199055807054,13.16094332395369,13.202071189880371,31676,0.0,0.0
2015-05-22 00:00:00+08:00,12.297255386901533,12.996429863959463,12.297255386901533,12.544022560119629,530998,0.0,0.0
2015-05-25 00:00:00+08:00,12.544023588484343,12.749662916357828,12.091616247555951,12.420639991760254,323057,0.0,0.0
2015-05-26 00:00:00+08:00,12.749661756620116,13.28432559967041,12.708534714393153,13.28432559967041,125387,0.0,0.0
2015-05-27 00:00:00+08:00,13.777860940127924,14.18913953933697,13.448836421547458,13.818988800048828,383017,0.0,0.0
2015-05-28 00:00:00+08:00,13.86011791229248,13.901245775929468,13.407710592678919,13.86011791229248,86287,0.0,0.0
2015-05-29 00:00:00+08:00,13.531093651062296,13.901246070861816,13.531093651062296,13.901246070861816,52240,0.0,0.0
2015-06-01 00:00:00+08:00,13.777862117154129,14.27139647836703,13.777862117154129,13.983501434326172,37717,0.0,0.0
2015-06-02 00:00:00+08:00,13.777862117154129,13.983501434326172,13.61334984380981,13.983501434326172,37613,0.0,0.0
2015-06-03 00:00:00+08:00,13.983500239732447,14.148011679416065,13.818988800048828,13.818988800048828,38405,0.0,0.0
2015-06-04 00:00:00+08:00,13.818990202178002,14.1480131149292,13.572222198007907,14.1480131149292,31344,0.0,0.0
2015-06-05 00:00:00+08:00,13.572221914693342,14.55929309116232,13.572221914693342,14.106884956359863,104481,0.0,0.0
2015-06-08 00:00:00+08:00,14.39477999900747,14.39477999900747,14.024629229889118,14.106884956359863,109915,0.0,0.0
2015-06-09 00:00:00+08:00,14.106885094114409,14.106885094114409,13.325454045798255,13.86011791229248,157766,0.0,0.0
2015-06-10 00:00:00+08:00,13.531093297334309,14.06575716119499,13.531093297334309,13.983501434326172,51195,0.0,0.0
2015-06-11 00:00:00+08:00,13.901245775929468,13.942373639566457,13.65447777450085,13.86011791229248,44155,0.0,0.0
2015-06-12 00:00:00+08:00,13.654478064197704,13.901246070861816,13.654478064197704,13.901246070861816,14013,0.0,0.0
2015-06-15 00:00:00+08:00,13.860117247372125,13.860117247372125,13.6544771194458,13.6544771194458,10473,0.0,0.0
2015-06-16 00:00:00+08:00,13.572222709655762,13.73673499183987,13.572222709655762,13.572222709655762,11492,0.0,0.0
2015-06-17 00:00:00+08:00,13.777862548828125,14.14801333133499,13.777862548828125,13.777862548828125,33434,0.0,0.0
2015-06-18 00:00:00+08:00,13.818989913712258,14.271396409301353,13.818989913712258,14.106884956359863,54330,0.0,0.0
2015-06-22 00:00:00+08:00,15.505234718322754,15.505234718322754,15.176210191613025,15.505234718322754,544378,0.0,0.0
2015-06-23 00:00:00+08:00,16.451178193136265,16.451178193136265,15.710875010523797,16.039897918701172,435242,0.0,0.0
2015-06-24 00:00:00+08:00,16.163283570304475,17.191481824405688,16.163283570304475,16.327795028686523,480189,0.0,0.0
2015-06-25 00:00:00+08:00,15.793130165321399,16.65681690720564,15.793130165321399,16.4511775970459,110404,0.0,0.0
2015-06-26 00:00:00+08:00,16.697946565695077,16.697946565695077,16.08102856884439,16.163284301757812,98233,0.0,0.0
2015-06-29 00:00:00+08:00,15.752003745094413,16.16328404227233,15.505236550315741,15.628620147705078,112839,0.0,0.0
2015-06-30 00:00:00+08:00,15.135083548879148,15.628619559061178,15.052827820384378,15.546363830566406,117123,0.0,0.0
2015-07-01 00:00:00+08:00,15.464106618625904,15.71087378043826,15.299595177417666,15.340723037719727,50156,0.0,0.0
2015-07-02 00:00:00+08:00,15.340724889452598,16.862459182739258,15.340724889452598,16.862459182739258,428904,0.0,0.0
2015-07-03 00:00:00+08:00,17.43824869721892,18.09629615808279,15.87538659237225,16.286666870117188,547481,0.0,0.0
2015-07-06 00:00:00+08:00,16.28666673904758,16.32779460256975,15.957642191656829,16.039897918701172,135825,0.0,0.0
2015-07-07 00:00:00+08:00,16.862459296319336,17.643890380859375,16.862459296319336,17.643890380859375,939516,0.0,0.0
2015-07-08 00:00:00+08:00,17.026970520216242,17.438249169895812,16.122154212494326,16.615690231323242,614454,0.0,0.0
2015-07-09 00:00:00+08:00,16.615689641199083,16.615689641199083,15.21734064273899,16.53343391418457,216276,0.0,0.0
2015-07-10 00:00:00+08:00,16.53343391418457,16.53343391418457,16.53343391418457,16.53343391418457,0,0.0,0.0
2015-07-13 00:00:00+08:00,16.5334329931437,18.178550720214844,16.5334329931437,18.178550720214844,762103,0.0,0.0
2015-07-14 00:00:00+08:00,19.988182067871094,19.988182067871094,19.12449524910679,19.988182067871094,1849506,0.0,0.0
2015-07-15 00:00:00+08:00,20.810738838070804,21.962322235107422,20.810738838070804,21.962322235107422,2206317,0.0,0.0
2015-07-16 00:00:00+08:00,22.784881919134275,23.85420799255371,22.2090901999638,23.85420799255371,3290227,0.0,0.0
2015-07-17 00:00:00+08:00,24.0187192781893,24.059848779972846,22.78488176186967,23.566312789916992,1723465,0.0,0.0
2015-07-20 00:00:00+08:00,23.360673171673728,23.525184631347656,22.620371603141056,23.525184631347656,956734,0.0,0.0
2015-07-21 00:00:00+08:00,25.869478225708008,25.869478225708008,25.869478225708008,25.869478225708008,365463,0.0,0.0
2015-07-22 00:00:00+08:00,28.41940749443336,28.41940749443336,26.73316192626953,26.73316192626953,5023676,0.0,0.0
2015-07-23 00:00:00+08:00,25.704964962461673,25.910605914849796,24.265488131024835,24.594511032104492,1154087,0.0,0.0
2015-07-24 00:00:00+08:00,23.52518255943808,25.992860794067383,23.52518255943808,25.992860794067383,474867,0.0,0.0
2015-07-27 00:00:00+08:00,25.54045355275216,26.56865175948316,25.54045355275216,26.11624526977539,478401,0.0,0.0
2015-07-28 00:00:00+08:00,25.458196937321127,26.321883663054436,25.458196937321127,25.499324798583984,333612,0.0,0.0
2015-07-29 00:00:00+08:00,25.499324819298867,25.992860794067383,25.33481337411379,25.992860794067383,274039,0.0,0.0
2015-07-30 00:00:00+08:00,26.73316287389452,28.583923228990987,26.73316287389452,28.378280639648438,562496,0.0,0.0
2015-07-31 00:00:00+08:00,29.612121159289977,29.612121159289977,27.637980404356004,28.2960262298584,195116,0.0,0.0
2015-08-03 00:00:00+08:00,28.213771183536448,29.200843224072226,27.39121224256559,29.118587493896484,297933,0.0,0.0
2015-08-04 00:00:00+08:00,29.118584105534715,31.668514722688872,29.118584105534715,30.681446075439453,457731,0.0,0.0
2015-08-05 00:00:00+08:00,31.504005430100037,32.4910774230957,29.85888762739173,32.4910774230957,508907,0.0,0.0
2015-08-06 00:00:00+08:00,32.7378420427815,32.82009776256605,29.241967395085055,30.187908172607422,2299751,0.0,0.0
2015-08-07 00:00:00+08:00,30.51693712973192,31.257238675706617,27.63798011631015,28.254898071289062,1940243,0.0,0.0
2015-08-10 00:00:00+08:00,28.254899739902854,30.064529126470074,28.254899739902854,30.023401260375977,1114547,0.0,0.0
2015-08-11 00:00:00+08:00,30.55806350640895,30.722574953064687,27.021059207244058,27.3089542388916,2313528,0.0,0.0
2015-08-12 00:00:00+08:00,27.062185921991766,27.761361179860373,25.499323966570934,27.637977600097656,1303978,0.0,0.0
2015-08-13 00:00:00+08:00,27.761363983154297,28.008131167597842,26.404141190288005,27.761363983154297,1201565,0.0,0.0
2015-08-14 00:00:00+08:00,27.761363822044515,30.516937255859375,27.59685236670354,30.516937255859375,4685710,0.0,0.0
2015-08-17 00:00:00+08:00,30.187910482061994,32.40882164300341,29.858887577752665,30.434680938720703,4580980,0.0,0.0
2015-08-18 00:00:00+08:00,31.174980048603338,32.079796243503424,29.85888525530614,31.4217472076416,2266804,0.0,0.0
2015-08-19 00:00:00+08:00,31.21611141466669,32.4910784913297,30.763704905615135,31.915285110473633,2930272,0.0,0.0
2015-08-20 00:00:00+08:00,32.820098615535876,35.08213424682617,32.07979711823501,35.08213424682617,5676540,0.0,0.0
2015-08-21 00:00:00+08:00,34.46521654606185,38.00221916750083,34.382960823629624,36.35710144042969,6039179,0.0,0.0
2015-08-24 00:00:00+08:00,35.37003631275034,35.37003631275034,32.73784637451172,32.73784637451172,1057454,0.0,0.0
2015-08-25 00:00:00+08:00,29.488737106323242,29.488737106323242,29.488737106323242,29.488737106323242,597335,0.0,0.0
2015-08-26 00:00:00+08:00,28.049257306322193,32.408820465275625,27.967001583234012,31.791902542114258,4325883,0.0,0.0
2015-08-27 00:00:00+08:00,33.31363341924563,34.218449651642224,31.42174850979085,31.791902542114258,3794433,0.0,0.0
2015-08-28 00:00:00+08:00,31.668515211638425,32.82009859630257,30.68144654914905,31.010469436645508,2096541,0.0,0.0
2015-08-31 00:00:00+08:00,31.09272456008877,32.24430792258879,30.352423077470064,30.928213119506836,1634112,0.0,0.0
2015-09-01 00:00:00+08:00,31.38062010344097,34.01280975341797,31.29836438178085,34.01280975341797,4104158,0.0,0.0
2015-09-02 00:00:00+08:00,33.97168847597091,35.328908146378915,33.31363929673986,34.136199951171875,3596838,0.0,0.0
2015-09-03 00:00:00+08:00,34.67086034286537,35.94582748413086,33.971686611631355,35.94582748413086,2399290,0.0,0.0
2015-09-04 00:00:00+08:00,37.01515398228022,37.54981622841356,32.53220685249696,33.4370231628418,3426390,0.0,0.0
2015-09-07 00:00:00+08:00,33.231378693753314,34.50634571832085,32.24430998706362,33.971683502197266,1657804,0.0,0.0
2015-09-08 00:00:00+08:00,33.313636289153386,34.917626305980285,33.066869098630306,33.4370231628418,1686896,0.0,0.0
2015-09-09 00:00:00+08:00,34.54747115113294,35.041005469764045,33.51927137555835,33.64265823364258,2239466,0.0,0.0
2015-09-10 00:00:00+08:00,33.19025141889091,34.01281196746279,32.94348423784737,33.06686782836914,1595428,0.0,0.0
2015-09-11 00:00:00+08:00,33.64266239075292,34.424091825144096,32.82010181296691,33.231380462646484,2163837,0.0,0.0
2015-09-14 00:00:00+08:00,33.43702183424232,33.889428332225215,31.915284329628218,31.997543334960938,1500566,0.0,0.0
2015-09-15 00:00:00+08:00,32.49107912576995,34.958754319936,32.244311934196034,34.79424285888672,3953621,0.0,0.0
2015-09-16 00:00:00+08:00,35.20552204943083,35.493417083856436,33.7249157368154,33.889427185058594,1818185,0.0,0.0
2015-09-17 00:00:00+08:00,34.30070847920924,34.71198713187405,33.724918365478516,33.724918365478516,1654635,0.0,0.0
2015-09-18 00:00:00+08:00,34.71198199832814,37.09740438785828,34.54747056159177,36.11033248901367,7470985,0.0,0.0
2015-09-21 00:00:00+08:00,36.932898663168096,39.68846893310547,36.60387246038173,39.68846893310547,6712164,0.0,0.0
2015-09-22 00:00:00+08:00,39.729589579227,41.045684315938885,38.24898341022943,38.701393127441406,4916435,0.0,0.0
2015-09-23 00:00:00+08:00,39.07155110654096,40.55215755052011,35.57567596435547,35.57567596435547,5143123,0.0,0.0
2015-09-24 00:00:00+08:00,36.19259073889004,36.60386935949804,33.7249157368154,33.889427185058594,2966988,0.0,0.0
2015-09-25 00:00:00+08:00,34.75311205889445,36.19259049994562,34.547472749948085,35.370033264160156,2778239,0.0,0.0
2015-09-29 00:00:00+08:00,35.370033264160156,35.370033264160156,35.370033264160156,35.370033264160156,0,0.0,0.0
2015-09-30 00:00:00+08:00,34.21845100213251,35.69905735458107,34.21845100213251,34.5474739074707,1534410,0.0,0.0
2015-10-01 00:00:00+08:00,35.287780610512044,37.75545581097533,34.79424294767787,36.069210052490234,2986367,0.0,0.0
2015-10-02 00:00:00+08:00,36.27484389258776,36.97402077650454,36.0280767377088,36.891761779785156,1705974,0.0,0.0
2015-10-05 00:00:00+08:00,37.91996529333608,38.989293015502014,36.6038703918457,36.6038703918457,2935728,0.0,0.0
2015-10-06 00:00:00+08:00,37.344175500923456,37.344175500923456,34.79424140439957,35.12326431274414,2136522,0.0,0.0
2015-10-07 00:00:00+08:00,34.87649464493074,35.86356657801689,34.87649464493074,35.49341583251953,967182,0.0,0.0
2015-10-08 00:00:00+08:00,36.89176721026786,37.17966554509846,35.534547658650325,35.781314849853516,3101851,0.0,0.0
2015-10-12 00:00:00+08:00,37.01515092894467,37.01515092894467,35.90469538476409,36.15146255493164,1496255,0.0,0.0
2015-10-13 00:00:00+08:00,35.37003461217158,35.53454606559848,34.1361954330431,34.83536911010742,2460554,0.0,0.0
2015-10-14 00:00:00+08:00,34.54747723792389,34.54747723792389,32.820103539949045,33.4781494140625,2122552,0.0,0.0
2015-10-15 00:00:00+08:00,33.72492093978309,34.177327492247656,33.31363897729725,33.354766845703125,1062017,0.0,0.0
2015-10-16 00:00:00+08:00,33.56040842675372,34.54747723792389,32.94348714134532,33.4781494140625,1422209,0.0,0.0
2015-10-19 00:00:00+08:00,33.19025109591538,33.642660868519535,32.4910774230957,32.4910774230957,1314849,0.0,0.0
2015-10-20 00:00:00+08:00,32.902352174848794,34.0539354844964,32.902352174848794,33.27250289916992,1222080,0.0,0.0
2015-10-21 00:00:00+08:00,34.012814965206715,34.053942832338805,32.94348714134532,33.4781494140625,800618,0.0,0.0
2015-10-22 00:00:00+08:00,33.35476227617345,33.68378517834499,32.86122792291614,32.98461151123047,779628,0.0,0.0
2015-10-23 00:00:00+08:00,33.4781430542507,33.4781430542507,31.915281121699653,32.079795837402344,1258386,0.0,0.0
2015-10-26 00:00:00+08:00,32.32656643615283,32.73784507314542,31.092727246748296,31.83302879333496,1372037,0.0,0.0
2015-10-27 00:00:00+08:00,32.03866881001354,33.80717354447421,31.997544223844855,32.65559005737305,1910363,0.0,0.0
2015-10-28 00:00:00+08:00,33.14912367434965,33.23137940165936,32.2443106739428,32.285438537597656,1099562,0.0,0.0
2015-10-29 00:00:00+08:00,32.77896986077851,32.77896986077851,31.25723576828276,31.4217472076416,1454814,0.0,0.0
2015-10-30 00:00:00+08:00,31.58626202022681,31.915284934082198,30.516937550196786,30.55806541442871,1028920,0.0,0.0
2015-11-02 00:00:00+08:00,30.599193290164187,31.58626203210144,30.599193290164187,31.092727661132812,974920,0.0,0.0
2015-11-03 00:00:00+08:00,31.42174907802826,31.833027700906822,30.804831143710423,30.887086868286133,926782,0.0,0.0
2015-11-04 00:00:00+08:00,31.174980880393736,31.586259489764313,30.887085853834336,31.010469436645508,530392,0.0,0.0
2015-11-05 00:00:00+08:00,31.2572377959382,31.46287710847656,31.01047062089216,31.17498207092285,451902,0.0,0.0
2015-11-06 00:00:00+08:00,31.25724052162584,31.25724052162584,30.023401260375977,30.023401260375977,702114,0.0,0.0
2015-11-09 00:00:00+08:00,29.488735824720045,30.0233980263512,27.3089542388916,27.3089542388916,1881433,0.0,0.0
2015-11-10 00:00:00+08:00,27.308955414488437,29.036330596373702,27.308955414488437,27.967002868652344,1206847,0.0,0.0
2015-11-11 00:00:00+08:00,28.419410256838937,28.666180723603688,27.514597232933266,27.55572509765625,577791,0.0,0.0
2015-11-12 00:00:00+08:00,28.131513721243344,28.213769446354423,26.650907390817203,27.391210556030273,478578,0.0,0.0
2015-11-13 00:00:00+08:00,27.761363983154297,28.625049128706706,27.555724662784677,27.761363983154297,493163,0.0,0.0
2015-11-16 00:00:00+08:00,27.3089555490017,27.884747279132913,27.3089555490017,27.72023582458496,236266,0.0,0.0
2015-11-17 00:00:00+08:00,28.29602335883213,28.337151218753036,27.473466160414038,27.637977600097656,370908,0.0,0.0
2015-11-18 00:00:00+08:00,27.884747870742768,28.378282244857576,27.802492141723633,27.802492141723633,465156,0.0,0.0
2015-11-19 00:00:00+08:00,28.2960262298584,28.542793414421794,27.9258754530133,28.2960262298584,499520,0.0,0.0
2015-11-20 00:00:00+08:00,28.04925770357721,28.213769152083515,27.761362668691184,27.843618392944336,383457,0.0,0.0
2015-11-23 00:00:00+08:00,28.213769152083515,28.213769152083515,27.637979082311457,27.843618392944336,313443,0.0,0.0
2015-11-24 00:00:00+08:00,27.59685192135171,27.59685192135171,25.129175213419757,25.17030143737793,1271536,0.0,0.0
2015-11-25 00:00:00+08:00,25.17030061687712,25.499325150737196,23.484056642599118,23.77195167541504,1015557,0.0,0.0
2015-11-26 00:00:00+08:00,24.512254059376545,24.512254059376545,23.36067068577653,23.44292640686035,588229,0.0,0.0
2015-11-27 00:00:00+08:00,23.854207827908464,23.93646355304888,23.48405706477657,23.566312789916992,329184,0.0,0.0
2015-11-30 00:00:00+08:00,23.196161884464416,23.401802849799203,21.838940692850077,22.250219345092773,638493,0.0,0.0
2015-12-01 00:00:00+08:00,23.113903860255746,24.471126556396484,22.702625248827204,24.471126556396484,631123,0.0,0.0
2015-12-02 00:00:00+08:00,25.046918345039902,26.650906574807696,25.046918345039902,25.992860794067383,2722578,0.0,0.0
2015-12-03 00:00:00+08:00,26.198500991228443,26.321884579311966,25.170301145439065,25.622709274291992,880891,0.0,0.0
2015-12-04 00:00:00+08:00,25.25256081327,26.568654178745476,25.17030344116514,25.95173454284668,1095660,0.0,0.0
2015-12-07 00:00:00+08:00,26.445267686818358,26.73316272044814,25.252558051138827,25.293685913085938,524657,0.0,0.0
2015-12-08 00:00:00+08:00,23.93646237257654,24.3477426172089,23.196159243608886,23.44292640686035,1029127,0.0,0.0
2015-12-09 00:00:00+08:00,23.113903737238868,23.113903737238868,22.044577714002553,22.455856323242188,755712,0.0,0.0
2015-12-10 00:00:00+08:00,21.797810744803737,22.990522090461493,21.797810744803737,22.94939422607422,488293,0.0,0.0
2015-12-11 00:00:00+08:00,23.0316493699966,23.0316493699966,21.797810191282956,21.88006591796875,476476,0.0,0.0
2015-12-14 00:00:00+08:00,20.56397320400518,21.13976494548135,20.2760781528738,20.39946174621582,621245,0.0,0.0
2015-12-15 00:00:00+08:00,20.81074010657887,21.13976465687912,20.605100787149578,20.892995834350586,458688,0.0,0.0
2015-12-16 00:00:00+08:00,21.509914226626556,21.551042088207975,21.01637824843626,21.22201919555664,294873,0.0,0.0
2015-12-17 00:00:00+08:00,21.468786588900837,23.072776485727527,21.38653086488032,22.53811264038086,682273,0.0,0.0
2015-12-18 00:00:00+08:00,22.53811337066847,22.53811337066847,21.797810191282956,21.88006591796875,255038,0.0,0.0
2015-12-21 00:00:00+08:00,21.6332994678117,22.003450222339218,21.386530658913394,21.71555519104004,223589,0.0,0.0
2015-12-22 00:00:00+08:00,21.797808909245507,23.237287320010758,21.797808909245507,22.455856323242188,538714,0.0,0.0
2015-12-23 00:00:00+08:00,22.455856916360343,22.94939289969675,22.373601192339827,22.53811264038086,279017,0.0,0.0
2015-12-24 00:00:00+08:00,22.94939289969675,22.94939289969675,22.209089744298794,22.53811264038086,240522,0.0,0.0
2015-12-25 00:00:00+08:00,22.661498438348136,22.78488367563557,22.209091912076943,22.579242706298828,185981,0.0,0.0
2015-12-28 00:00:00+08:00,22.579242706298828,22.826011541660225,22.455859108224868,22.579242706298828,129766,0.0,0.0
2015-12-29 00:00:00+08:00,23.1139043002218,24.80014991760254,23.031648576370383,24.80014991760254,2380553,0.0,0.0
2015-12-30 00:00:00+08:00,24.80015034049379,24.80015034049379,24.018719311367054,24.100975036621094,1613299,0.0,0.0
2015-12-31 00:00:00+08:00,24.34774603382993,25.088047627467866,24.265490301203492,24.63564109802246,1143322,0.0,0.0
2016-01-04 00:00:00+08:00,24.67676702793274,25.17030138496338,23.607440948486328,23.607440948486328,539436,0.0,0.0
2016-01-05 00:00:00+08:00,23.73082528864583,24.183231796905844,22.94939422607422,22.94939422607422,482703,0.0,0.0
2016-01-06 00:00:00+08:00,22.78488121407706,23.113904106728395,20.85186844132389,21.22201919555664,731473,0.0,0.0
2016-01-07 00:00:00+08:00,20.89299507611463,21.098634388080985,19.700285427496457,20.522844314575195,847342,0.0,0.0
2016-01-08 00:00:00+08:00,19.741413857412727,20.975251403894337,19.741413857412727,20.605100631713867,525540,0.0,0.0
2016-01-11 00:00:00+08:00,20.234949557911857,20.39946266230248,19.741415162380434,20.02931022644043,297771,0.0,0.0
2016-01-12 00:00:00+08:00,19.905924823949473,20.728483714519395,18.630959445133424,18.754343032836914,420153,0.0,0.0
2016-01-13 00:00:00+08:00,19.33013387358762,19.412391241191145,18.918855231636993,19.124494552612305,202693,0.0,0.0
2016-01-14 00:00:00+08:00,18.672087276293492,19.124495442708657,17.93178568632709,18.71321678161621,299861,0.0,0.0
2016-01-15 00:00:00+08:00,19.618031475233067,19.618031475233067,18.548703677965758,18.71321678161621,182842,0.0,0.0
2016-01-18 00:00:00+08:00,18.09629629554303,19.70028627642683,18.09629629554303,19.618030548095703,198514,0.0,0.0
2016-01-19 00:00:00+08:00,19.45351602886353,20.1526929469482,19.33013244539445,19.947052001953125,267477,0.0,0.0
2016-01-20 00:00:00+08:00,19.988181800013205,19.988181800013205,18.918855667114258,18.918855667114258,177780,0.0,0.0
2016-01-21 00:00:00+08:00,19.165620320194165,19.206749819103287,18.71321386353925,18.836597442626953,114929,0.0,0.0
2016-01-22 00:00:00+08:00,19.206749819103287,19.412389117582794,18.79546958293105,18.836597442626953,221500,0.0,0.0
2016-01-25 00:00:00+08:00,19.206750303780023,19.330132246768013,19.042237221631755,19.165620803833008,94208,0.0,0.0
2016-01-26 00:00:00+08:00,19.206749819103287,19.33013175897777,18.79546958293105,18.836597442626953,96122,0.0,0.0
2016-01-27 00:00:00+08:00,19.124493663754933,19.16562152603848,18.95998221462075,19.001110076904297,75226,0.0,0.0
2016-01-28 00:00:00+08:00,19.165623876152193,19.494648453979302,18.918856672192007,19.330135345458984,128532,0.0,0.0
2016-01-29 00:00:00+08:00,19.61802953035923,20.276076962083728,19.371262358167535,19.741413116455078,360762,0.0,0.0
2016-02-01 00:00:00+08:00,20.563970750351984,20.563970750351984,19.53577262263769,19.576900482177734,177618,0.0,0.0
2016-02-02 00:00:00+08:00,19.741413116455078,20.07043765192398,19.61802953035923,19.741413116455078,224645,0.0,0.0
2016-02-03 00:00:00+08:00,19.74141385022653,19.74141385022653,19.042238530482333,19.08336639404297,220455,0.0,0.0
2016-02-15 00:00:00+08:00,19.700284904578194,20.975250244140625,19.65915704327661,20.975250244140625,431507,0.0,0.0
2016-02-16 00:00:00+08:00,22.661496529614908,23.072776794433594,22.332473629130625,23.072776794433594,1001975,0.0,0.0
2016-02-17 00:00:00+08:00,23.813082282725222,24.759024853108457,23.155034778350167,24.388874053955078,2435458,0.0,0.0
2016-02-18 00:00:00+08:00,24.759023216001022,25.088046126826264,23.854208572018223,24.43000030517578,1562114,0.0,0.0
2016-02-19 00:00:00+08:00,24.42999842003521,26.733161896515092,24.01871817402671,26.692035675048828,2835098,0.0,0.0
2016-02-22 00:00:00+08:00,28.09038605814101,29.324225221994666,27.63797956681779,28.707304000854492,3573933,0.0,0.0
2016-02-23 00:00:00+08:00,28.707304107078222,28.707304107078222,27.30895512587343,27.925874710083008,2401716,0.0,0.0
2016-02-24 00:00:00+08:00,26.97993233268534,27.432338827540658,25.581581706524,25.663837432861328,2303081,0.0,0.0
2016-02-25 00:00:00+08:00,26.07511651665992,26.815419659206057,25.70496412578021,25.992860794067383,2022186,0.0,0.0
2016-02-26 00:00:00+08:00,26.07511651665992,26.609778713511425,25.746091987076483,25.992860794067383,972725,0.0,0.0
2016-03-01 00:00:00+08:00,26.32188331901653,27.021058590559893,26.157371876115327,26.73316192626953,1568447,0.0,0.0
2016-03-02 00:00:00+08:00,27.103317288829825,27.308956615042163,26.033991153312222,26.075119018554688,1053602,0.0,0.0
2016-03-03 00:00:00+08:00,26.239627018252225,26.650905616425096,25.252556743424115,25.375940322875977,939495,0.0,0.0
2016-03-04 00:00:00+08:00,25.704966323754036,25.828351557406524,25.088046712345303,25.540454864501953,615615,0.0,0.0
2016-03-07 00:00:00+08:00,26.15737271874064,27.308954495358996,26.15737271874064,26.815420150756836,2242303,0.0,0.0
2016-03-08 00:00:00+08:00,27.967002831708015,27.967002831708015,25.910606384277344,25.910606384277344,1595454,0.0,0.0
2016-03-09 00:00:00+08:00,25.704964585580885,26.52752346543318,25.252558103229447,26.321884155273438,734582,0.0,0.0
2016-03-10 00:00:00+08:00,26.692037290504683,26.692037290504683,25.663837432861328,25.663837432861328,463907,0.0,0.0
2016-03-11 00:00:00+08:00,25.49932598018667,26.157373430098673,25.49932598018667,25.663837432861328,382401,0.0,0.0
2016-03-14 00:00:00+08:00,25.746093291543662,26.28075715469805,25.663837564783503,25.910606384277344,425894,0.0,0.0
2016-03-15 00:00:00+08:00,26.56865171700911,26.56865171700911,24.594511032104492,24.594511032104492,563768,0.0,0.0
2016-03-16 00:00:00+08:00,24.964660346208717,25.2114291469028,24.635637464234268,24.923532485961914,249919,0.0,0.0
2016-03-17 00:00:00+08:00,25.17030138496338,25.293686613434396,23.5251835831012,23.607440948486328,739831,0.0,0.0
2016-03-18 00:00:00+08:00,23.607441537401264,24.018720178519953,23.11390552884544,23.689697265625,374565,0.0,0.0
2016-03-21 00:00:00+08:00,24.14210377085556,24.14210377085556,23.442928441740392,23.689697265625,206883,0.0,0.0
2016-03-22 00:00:00+08:00,23.525183741642177,24.265488560603913,23.525183741642177,23.895336151123047,267489,0.0,0.0
2016-03-23 00:00:00+08:00,23.89533569047867,24.059848779972846,23.525183288133448,23.566312789916992,193290,0.0,0.0
2016-03-24 00:00:00+08:00,23.56631295257515,24.265488260307862,23.401801501158825,23.85420799255371,208547,0.0,0.0
2016-03-25 00:00:00+08:00,24.10097590674369,24.183231634967427,23.689697265625,23.689697265625,170445,0.0,0.0
2016-03-28 00:00:00+08:00,23.854208722072478,23.977592314408085,23.607441537401264,23.689697265625,179766,0.0,0.0
2016-03-29 00:00:00+08:00,23.689696793309285,23.689696793309285,21.797810164242804,21.838939666748047,405397,0.0,0.0
2016-03-30 00:00:00+08:00,21.83893969383922,22.332474053953984,21.386531557853985,21.88006591796875,230012,0.0,0.0
2016-03-31 00:00:00+08:00,22.04457825561118,22.455856874955433,21.880065168660174,22.003450393676758,134817,0.0,0.0
2016-04-01 00:00:00+08:00,21.921195575483605,24.183231353759766,21.386531709033097,24.183231353759766,891866,0.0,0.0
2016-04-06 00:00:00+08:00,25.046918493499884,26.239628117374497,25.046918493499884,25.787220001220703,1992639,0.0,0.0
2016-04-07 00:00:00+08:00,25.74609470897689,27.720237177545805,24.964663622520888,27.144445419311523,2028395,0.0,0.0
2016-04-08 00:00:00+08:00,27.967001914978027,28.70730343155311,26.321884155273438,26.321884155273438,3181873,0.0,0.0
2016-04-11 00:00:00+08:00,26.733163206257046,26.85654843355391,25.293686372735927,25.622709274291992,927849,0.0,0.0
2016-04-12 00:00:00+08:00,26.198500399700293,27.308954306592742,25.910605367339034,26.03398895263672,1556995,0.0,0.0
2016-04-13 00:00:00+08:00,26.321884028339134,27.144442904224732,26.321884028339134,26.56865119934082,963317,0.0,0.0
2016-04-14 00:00:00+08:00,27.63797814065266,28.37827963370806,26.60977834409363,26.73316192626953,2413558,0.0,0.0
2016-04-15 00:00:00+08:00,27.021058713272417,27.14444229600865,25.992860551257227,26.48639488220215,703341,0.0,0.0
2016-04-18 00:00:00+08:00,26.73316351445999,26.938804469516672,25.581581706524,25.663837432861328,612286,0.0,0.0
2016-04-19 00:00:00+08:00,26.07511830211288,26.07511830211288,25.334815108875645,25.74609375,411995,0.0,0.0
2016-04-20 00:00:00+08:00,26.3218827378868,26.3218827378868,25.375940322875977,25.375940322875977,465991,0.0,0.0
2016-04-21 00:00:00+08:00,25.499324798583984,25.91060505042585,25.29368549226969,25.499324798583984,375087,0.0,0.0
2016-04-22 00:00:00+08:00,25.828350545654395,27.308955260138084,25.581581727229313,27.185571670532227,1070337,0.0,0.0
2016-04-25 00:00:00+08:00,24.800149445539315,25.334813279609698,24.471126556396484,24.471126556396484,1659747,0.0,0.0
2016-04-26 00:00:00+08:00,24.14210361899031,24.923534671413645,23.730824980458756,24.43000030517578,713606,0.0,0.0
2016-04-27 00:00:00+08:00,24.67676735657665,24.67676735657665,24.183231353759766,24.183231353759766,180957,0.0,0.0
2016-04-28 00:00:00+08:00,24.512257103317907,24.553384968967094,23.11390639281871,23.278419494628906,308198,0.0,0.0
2016-04-29 00:00:00+08:00,23.031648401906732,23.031648401906732,21.71555519104004,21.71555519104004,658650,0.0,0.0
2016-05-03 00:00:00+08:00,21.797809257696475,22.00345020481685,20.85186844132389,21.22201919555664,294867,0.0,0.0
2016-05-04 00:00:00+08:00,21.016378416066537,21.715555346953966,21.016378416066537,21.50991439819336,210007,0.0,0.0
2016-05-05 00:00:00+08:00,21.797808037687254,22.53811114393176,21.222018007774018,22.33247184753418,281278,0.0,0.0
2016-05-06 00:00:00+08:00,22.33247552191901,22.702627955549424,21.880067356195948,22.044580459594727,249710,0.0,0.0
2016-05-09 00:00:00+08:00,22.0445786772717,22.414729441761633,20.440588752721983,20.810739517211914,279173,0.0,0.0
2016-05-10 00:00:00+08:00,20.234946931767983,20.89299434628693,19.905924044115146,20.687355041503906,299875,0.0,0.0
2016-05-11 00:00:00+08:00,20.89299777517802,20.89299777517802,20.358335494995117,20.358335494995117,135825,0.0,0.0
2016-05-12 00:00:00+08:00,19.98818000689478,20.728483152247918,19.98818000689478,20.19382095336914,195379,0.0,0.0
2016-05-13 00:00:00+08:00,19.90592649960838,20.234949427847802,18.91885607567664,19.20675277709961,317432,0.0,0.0
2016-05-16 00:00:00+08:00,18.918853639430502,19.61802891111753,18.918853639430502,19.165620803833008,151500,0.0,0.0
2016-05-17 00:00:00+08:00,19.206751036271925,19.700285383898958,19.165621534756347,19.494646072387695,210883,0.0,0.0
2016-05-18 00:00:00+08:00,19.412391517976218,19.947053760135333,19.371263653194745,19.65915870666504,79405,0.0,0.0
2016-05-19 00:00:00+08:00,20.1526929469482,20.27607653041728,19.782540557327685,19.947052001953125,93631,0.0,0.0
2016-05-20 00:00:00+08:00,20.070438411854663,20.23494822699801,19.741413863927843,20.11156463623047,105536,0.0,0.0
2016-05-23 00:00:00+08:00,20.440589331606144,21.098635153779874,20.317204100735186,20.892995834350586,188589,0.0,0.0
2016-05-24 00:00:00+08:00,20.68735707110558,21.057509495243323,20.68735707110558,20.934125900268555,167170,0.0,0.0
2016-05-25 00:00:00+08:00,21.13976284651284,21.304274287967846,20.60509902257082,20.64622688293457,156758,0.0,0.0
2016-05-26 00:00:00+08:00,21.057509932249033,21.386532859009954,20.728485366274647,21.26314926147461,119108,0.0,0.0
2016-05-27 00:00:00+08:00,21.304277231547378,22.414731254011667,21.263149365501054,22.044580459594727,260158,0.0,0.0
2016-05-30 00:00:00+08:00,21.715556103810528,22.291346190611087,21.715556103810528,21.88006591796875,164037,0.0,0.0
2016-05-31 00:00:00+08:00,22.78488110189931,22.78488110189931,21.962322235107422,21.962322235107422,140058,0.0,0.0
2016-06-01 00:00:00+08:00,22.003451147210807,22.0857068738966,21.797810191282956,21.88006591796875,96122,0.0,0.0
2016-06-02 00:00:00+08:00,21.880066178967255,21.962323545847628,20.851869583129883,20.851869583129883,163001,0.0,0.0
2016-06-03 00:00:00+08:00,20.89299434628693,21.468786038892663,20.6462271805473,20.687355041503906,118063,0.0,0.0
2016-06-06 00:00:00+08:00,21.345405323237618,23.113906860351562,21.345405323237618,23.113906860351562,597691,0.0,0.0
2016-06-07 00:00:00+08:00,23.113906860351562,23.113906860351562,23.113906860351562,23.113906860351562,0,0.0,0.0
2016-06-08 00:00:00+08:00,23.525183417916974,24.018719410695564,22.291345894790517,22.82600975036621,681332,0.0,0.0
2016-06-13 00:00:00+08:00,22.209091772131117,22.784883532061517,22.209091772131117,22.29134750366211,159960,0.0,0.0
2016-06-14 00:00:00+08:00,22.37360072377048,22.70262525217511,21.96232211228129,22.209089279174805,153587,0.0,0.0
2016-06-15 00:00:00+08:00,22.826010195846887,24.430000154664672,22.62037087784804,23.648569107055664,1105434,0.0,0.0
2016-06-16 00:00:00+08:00,23.196160815568085,23.52518372220062,22.538113363089643,22.867137908935547,360470,0.0,0.0
2016-06-17 00:00:00+08:00,23.27841757816884,23.27841757816884,22.661496365793894,22.784881591796875,216297,0.0,0.0
2016-06-20 00:00:00+08:00,22.620372462578455,23.196162593313748,22.620372462578455,23.113906860351562,177100,0.0,0.0
2016-06-21 00:00:00+08:00,23.854209167312963,24.594512374357812,23.52518460906335,24.018720626831055,1126702,0.0,0.0
2016-06-22 00:00:00+08:00,23.936465018330665,24.471128903686427,23.68969782780344,24.26548957824707,398512,0.0,0.0
2016-06-23 00:00:00+08:00,24.67676852122172,26.56865361608468,24.67676852122172,24.841279983520508,1810320,0.0,0.0
2016-06-24 00:00:00+08:00,25.00579090890683,25.00579090890683,22.37360265100297,22.74375343322754,1015710,0.0,0.0
2016-06-27 00:00:00+08:00,23.031648015390942,23.442926624630573,22.455856323242188,22.455856323242188,490017,0.0,0.0
2016-06-28 00:00:00+08:00,22.661496365793894,22.949393040849756,22.579240641267454,22.784881591796875,292547,0.0,0.0
2016-06-29 00:00:00+08:00,23.196161412397863,23.196161412397863,22.784882768525122,22.94939422607422,210007,0.0,0.0
2016-06-30 00:00:00+08:00,23.113905541871507,24.10097592032603,23.113905541871507,23.1961612701416,556101,0.0,0.0
2016-07-01 00:00:00+08:00,23.607440646933885,23.607440646933885,23.031648931873058,23.072776794433594,150818,0.0,0.0
2016-07-04 00:00:00+08:00,23.072776927148833,23.072776927148833,22.49698684798938,22.82600975036621,180881,0.0,0.0
2016-07-05 00:00:00+08:00,23.03164906435173,23.196160515540143,22.82600975036621,22.82600975036621,190176,0.0,0.0
2016-07-06 00:00:00+08:00,22.78488367563557,22.78488367563557,22.332475510150903,22.579242706298828,117019,0.0,0.0
2016-07-07 00:00:00+08:00,22.826008835621867,22.908264557919704,22.209089279174805,22.209089279174805,129556,0.0,0.0
2016-07-08 00:00:00+08:00,22.209089279174805,22.209089279174805,22.209089279174805,22.209089279174805,0,0.0,0.0
2016-07-11 00:00:00+08:00,21.921195843575614,22.044579435985447,21.1397647857666,21.1397647857666,345261,0.0,0.0
2016-07-12 00:00:00+08:00,21.222018481693496,21.509913503079243,21.057507040901644,21.38652992248535,203775,0.0,0.0
2016-07-13 00:00:00+08:00,21.386531400341916,21.386531400341916,21.057508496021995,21.098634719848633,80450,0.0,0.0
2016-07-14 00:00:00+08:00,21.098636158880684,21.63330169329411,21.098636158880684,21.26314926147461,131667,0.0,0.0
2016-07-15 00:00:00+08:00,21.263147649967227,21.592170551791913,21.263147649967227,21.304275512695312,206872,0.0,0.0
2016-07-18 00:00:00+08:00,21.715554025416264,21.715554025416264,21.386529510950638,21.5921688079834,87806,0.0,0.0
2016-07-19 00:00:00+08:00,22.04457732486601,22.04457732486601,21.304274202089424,21.38652992248535,91008,0.0,0.0
2016-07-20 00:00:00+08:00,21.63330165141418,22.538114698255082,21.468788549138733,22.29134750366211,504644,0.0,0.0
2016-07-21 00:00:00+08:00,22.37360191729688,22.496987146538938,21.88006591796875,21.88006591796875,183914,0.0,0.0
2016-07-22 00:00:00+08:00,21.88006632670377,21.88006632670377,21.63330078125,21.63330078125,79405,0.0,0.0
2016-07-25 00:00:00+08:00,21.756682167701822,21.756682167701822,21.057508496021995,21.098634719848633,136245,0.0,0.0
2016-07-26 00:00:00+08:00,20.89299466369201,21.509914226626556,20.89299466369201,21.22201919555664,62735,0.0,0.0
2016-07-27 00:00:00+08:00,21.674425672952225,21.674425672952225,21.01637824843626,21.22201919555664,77316,0.0,0.0
2016-07-28 00:00:00+08:00,21.386530496369762,21.386530496369762,20.892994521537453,20.975250244140625,104481,0.0,0.0
2016-07-29 00:00:00+08:00,20.97525229941099,20.97525229941099,20.563973646095796,20.728485107421875,194335,0.0,0.0
2016-08-01 00:00:00+08:00,21.30427507510652,21.30427507510652,20.72848336952671,21.01637840270996,124800,0.0,0.0
2016-08-02 00:00:00+08:00,21.01637883081743,21.180891920915187,20.687355929048604,20.810739517211914,138963,0.0,0.0
2016-08-03 00:00:00+08:00,21.016378705366524,22.37360144548809,20.646227943086092,21.551042556762695,752267,0.0,0.0
2016-08-04 00:00:00+08:00,21.551041363277207,22.37360020644972,21.38652992248535,21.38652992248535,423358,0.0,0.0
2016-08-05 00:00:00+08:00,21.46878636504514,21.509914226626556,21.098633971599096,21.22201919555664,136870,0.0,0.0
2016-08-08 00:00:00+08:00,21.468786218972934,21.468786218972934,20.810738798934285,20.975250244140625,197469,0.0,0.0
2016-08-09 00:00:00+08:00,20.85186945238089,20.89299567674312,20.563972768138257,20.605100631713867,164035,0.0,0.0
2016-08-10 00:00:00+08:00,20.892993670174686,20.892993670174686,20.070436477661133,20.070436477661133,164250,0.0,0.0
2016-08-11 00:00:00+08:00,20.481717820781668,20.481717820781668,19.371263822748883,19.45351791381836,188066,0.0,0.0
2016-08-12 00:00:00+08:00,19.45351686589174,19.823669271438835,19.45351686589174,19.53577423095703,155729,0.0,0.0
2016-08-15 00:00:00+08:00,19.535774990291518,19.535774990291518,18.137424318029392,17.849529266357422,409814,0.0,0.0
2016-08-16 00:00:00+08:00,18.788977985577795,19.301405338695115,18.53276515999836,19.045190811157227,263292,0.765688,0.0
2016-08-17 00:00:00+08:00,19.55761705585438,19.55761705585438,18.87438119107289,18.95978546142578,98212,0.0,0.0
2016-08-18 00:00:00+08:00,18.874382435844225,18.917084573836892,18.746276021866233,18.831680297851562,79437,0.0,0.0
2016-08-19 00:00:00+08:00,19.130596370972068,19.130596370972068,18.87438184902354,19.087892532348633,71099,0.0,0.0
2016-08-22 00:00:00+08:00,19.130596543299465,19.130596543299465,18.746275607893935,18.87438201904297,54330,0.0,0.0
2016-08-23 00:00:00+08:00,18.95978587634532,18.95978587634532,18.78897733190153,18.917083740234375,68358,0.0,0.0
2016-08-24 00:00:00+08:00,19.130596543299465,19.130596543299465,18.87438201904297,18.87438201904297,41792,0.0,0.0
2016-08-25 00:00:00+08:00,18.87438201904297,19.002488430192003,18.831679881993292,18.87438201904297,48061,0.0,0.0
2016-08-26 00:00:00+08:00,18.91708439836751,19.087892948753797,18.91708439836751,19.045190811157227,56419,0.0,0.0
2016-08-29 00:00:00+08:00,19.045188260273584,20.027340697363645,19.045188260273584,19.728424072265625,209351,0.0,0.0
2016-08-30 00:00:00+08:00,19.81382890255326,19.984637434945615,19.215999039180023,19.472211837768555,124370,0.0,0.0
2016-08-31 00:00:00+08:00,19.64302219323003,20.4116623622914,19.64302219323003,20.070043563842773,266530,0.0,0.0
2016-09-01 00:00:00+08:00,19.984638966382814,19.984638966382814,19.514915466308594,19.514915466308594,112839,0.0,0.0
2016-09-02 00:00:00+08:00,19.771127400137694,19.771127400137694,19.00248727789485,19.38680648803711,71052,0.0,0.0
2016-09-05 00:00:00+08:00,19.216000644302106,19.216000644302106,19.087892532348633,19.087892532348633,36620,0.0,0.0
2016-09-06 00:00:00+08:00,19.472213712467642,19.472213712467642,19.21600088921207,19.25870132446289,18806,0.0,0.0
2016-09-07 00:00:00+08:00,19.557618164274547,19.557618164274547,19.045190811157227,19.045190811157227,45971,0.0,0.0
2016-09-08 00:00:00+08:00,18.917083165845284,19.21599981150415,18.917083165845284,19.173295974731445,71047,0.0,0.0
2016-09-09 00:00:00+08:00,19.045190811157227,19.130596788308825,18.91708439836751,19.045190811157227,93066,0.0,0.0
2016-09-12 00:00:00+08:00,19.1732958807571,19.42951039034582,18.788976669311523,18.788976669311523,104269,0.0,0.0
2016-09-13 00:00:00+08:00,19.25869998809405,19.25869998809405,18.83167864563261,19.002487182617188,50166,0.0,0.0
2016-09-14 00:00:00+08:00,19.00248818237827,19.34410697627903,18.49006254446474,18.70357322692871,205880,0.0,0.0
2016-09-19 00:00:00+08:00,18.917083326249337,19.045189731778674,18.703572650367107,18.95978546142578,39702,0.0,0.0
2016-09-20 00:00:00+08:00,18.959786711829555,19.17329740179288,18.703573883873567,18.831680297851562,78360,0.0,0.0
2016-09-21 00:00:00+08:00,18.532764922645548,18.87438201904297,18.532764922645548,18.87438201904297,48061,0.0,0.0
2016-09-22 00:00:00+08:00,19.472212458915937,20.667873925761292,19.38680648803711,19.38680648803711,560234,0.0,0.0
2016-09-23 00:00:00+08:00,19.472211943224323,19.856531143188477,19.25869957461929,19.856531143188477,159047,0.0,0.0
2016-09-26 00:00:00+08:00,19.856532135747166,19.856532135747166,19.47221291657224,19.5576171875,101353,0.0,0.0
2016-09-27 00:00:00+08:00,19.5576171875,19.5576171875,19.5576171875,19.5576171875,0,0.0,0.0
2016-09-28 00:00:00+08:00,19.5576171875,19.5576171875,19.5576171875,19.5576171875,0,0.0,0.0
2016-09-29 00:00:00+08:00,19.557617602678977,19.60031973904936,19.47221332993821,19.514915466308594,63733,0.0,0.0
2016-09-30 00:00:00+08:00,20.07004323912358,20.07004323912358,19.47221332993821,19.514915466308594,105526,0.0,0.0
2016-10-03 00:00:00+08:00,19.899235364086056,19.899235364086056,19.557618261613243,19.643022537231445,62131,0.0,0.0
2016-10-04 00:00:00+08:00,19.81383042090128,19.984638966382814,19.514915466308594,19.514915466308594,40836,0.0,0.0
2016-10-05 00:00:00+08:00,19.514913970866644,19.55761610396473,19.472211837768555,19.472211837768555,35523,0.0,0.0
2016-10-06 00:00:00+08:00,19.472214162121123,19.472214162121123,19.38680818377196,19.42951202392578,87785,0.0,0.0
2016-10-07 00:00:00+08:00,19.47221332993821,19.557617602678977,19.429511193567826,19.514915466308594,31354,0.0,0.0
2016-10-11 00:00:00+08:00,19.386806454793213,19.386806454793213,18.361953527546248,18.4046573638916,270646,0.0,0.0
2016-10-12 00:00:00+08:00,18.19114468581498,18.19114468581498,17.50791054704725,18.020336151123047,174520,0.0,0.0
2016-10-13 00:00:00+08:00,18.105741592309474,18.105741592309474,17.507911682128906,17.507911682128906,275882,0.0,0.0
2016-10-14 00:00:00+08:00,17.5079116674561,17.5079116674561,15.799822807312012,15.799822807312012,514167,0.0,0.0
2016-10-17 00:00:00+08:00,15.799822943035485,15.92792935335299,14.988480642399539,15.37279987335205,229343,0.0,0.0
2016-10-18 00:00:00+08:00,15.159288969833963,16.910079956054688,15.159288969833963,16.910079956054688,400713,0.0,0.0
2016-10-19 00:00:00+08:00,17.080888500669705,17.63601797262691,16.910079956054688,16.910079956054688,565743,0.0,0.0
2016-10-20 00:00:00+08:00,16.611166446306665,16.73927116394043,16.440356184891712,16.73927116394043,158957,0.0,0.0
2016-10-21 00:00:00+08:00,16.653865437173764,17.03818636451595,16.653865437173764,16.910079956054688,98427,0.0,0.0
2016-10-24 00:00:00+08:00,16.86737740702907,17.038185947463116,16.78197313681205,16.952781677246094,28220,0.0,0.0
2016-10-25 00:00:00+08:00,16.7392679651461,16.952780325623962,16.69656753540039,16.69656753540039,54146,0.0,0.0
2016-10-26 00:00:00+08:00,16.82467609765899,16.910080372067572,16.69656968604612,16.86737823486328,36578,0.0,0.0
2016-10-27 00:00:00+08:00,16.99548313999997,17.03818527341915,16.781972472904062,16.824674606323242,112839,0.0,0.0
2016-10-28 00:00:00+08:00,16.82467609765899,16.910080372067572,16.82467609765899,16.86737823486328,30310,0.0,0.0
2016-10-31 00:00:00+08:00,16.354949695435977,16.61116420196183,15.62901171386963,16.184141159057617,173444,0.0,0.0
2016-11-01 00:00:00+08:00,15.842522910444202,15.927928883427876,15.543607961855646,15.71441650390625,147528,0.0,0.0
2016-11-02 00:00:00+08:00,15.244693756103516,15.500906581664042,15.201991618510094,15.244693756103516,132691,0.0,0.0
2016-11-03 00:00:00+08:00,15.20199079833061,15.287395068909714,13.920924186706543,13.920924186706543,424193,0.0,0.0
2016-11-04 00:00:00+08:00,13.664711171799244,13.750115446427145,13.36579535962237,13.451200485229492,367774,0.0,0.0
2016-11-07 00:00:00+08:00,13.835519838962268,14.518755743766501,13.750115563606547,14.134435653686523,222765,0.0,0.0
2016-11-08 00:00:00+08:00,13.878221324774902,13.920924311426216,13.365794845730205,13.493901252746582,199154,0.0,0.0
2016-11-09 00:00:00+08:00,13.66471101226123,13.750115285892022,13.152283668518066,13.152283668518066,255984,0.0,0.0
2016-11-10 00:00:00+08:00,13.365794257335763,14.00632796617819,13.365794257335763,13.66471004486084,96133,0.0,0.0
2016-11-11 00:00:00+08:00,13.83551942080149,13.83551942080149,13.323092933175362,13.579306602478027,52240,0.0,0.0
2016-11-14 00:00:00+08:00,13.750115569771658,13.750115569771658,12.98147538926707,13.536604881286621,134780,0.0,0.0
2016-11-15 00:00:00+08:00,13.622008814893341,14.006328895502731,13.622008814893341,13.96362590789795,120163,0.0,0.0
2016-11-16 00:00:00+08:00,14.262542440028628,14.5187552575149,13.835519375593108,13.87822151184082,98280,0.0,0.0
2016-11-17 00:00:00+08:00,13.750114794569159,13.963625471016913,13.750114794569159,13.920924186706543,40747,0.0,0.0
2016-11-18 00:00:00+08:00,14.091733168753883,14.347946839486546,13.792817361395645,13.96362590789795,71257,0.0,0.0
2016-11-21 00:00:00+08:00,13.963625434031483,14.262542082224961,13.963625434031483,14.219839096069336,46504,0.0,0.0
2016-11-22 00:00:00+08:00,14.177137956401836,14.94577729453037,14.134435818226876,14.518755912780762,211167,0.0,0.0
2016-11-23 00:00:00+08:00,15.28739505828624,15.28739505828624,14.732265597949485,14.817669868469238,107730,0.0,0.0
2016-11-24 00:00:00+08:00,15.116586258120009,15.15928839264789,14.6041589418271,14.64686107635498,79405,0.0,0.0
2016-11-25 00:00:00+08:00,14.689563210882863,14.774967479938626,14.561456807299217,14.64686107635498,29259,0.0,0.0
2016-11-28 00:00:00+08:00,14.774967351075073,14.774967351075073,14.561456680297852,14.561456680297852,29254,0.0,0.0
2016-11-29 00:00:00+08:00,14.518755912780762,14.774968741830525,14.518755912780762,14.518755912780762,35523,0.0,0.0
2016-11-30 00:00:00+08:00,14.774967898109434,14.98848027875014,14.604159355163574,14.604159355163574,47413,0.0,0.0
2016-12-01 00:00:00+08:00,14.604160189130683,14.604160189130683,14.43335163643084,14.518755912780762,30818,0.0,0.0
2016-12-02 00:00:00+08:00,14.518755912780762,14.518755912780762,14.390649498255879,14.518755912780762,22985,0.0,0.0
2016-12-05 00:00:00+08:00,14.518755912780762,14.646862327305644,14.518755912780762,14.518755912780762,7371,0.0,0.0
2016-12-06 00:00:00+08:00,14.860372631825937,15.97063159942627,14.817670494761188,15.97063159942627,885449,0.0,0.0
2016-12-07 00:00:00+08:00,16.226844512518525,16.226844512518525,15.671715025615333,15.842523574829102,503815,0.0,0.0
2016-12-08 00:00:00+08:00,15.885227080123375,16.44035485339724,15.714416832542241,15.799822807312012,348967,0.0,0.0
2016-12-09 00:00:00+08:00,15.88522720336914,15.88522720336914,15.629012680988799,15.88522720336914,95093,0.0,0.0
2016-12-12 00:00:00+08:00,16.22684469235566,16.22684469235566,15.58631092374674,15.629013061523438,123314,0.0,0.0
2016-12-13 00:00:00+08:00,15.629012568737236,15.629012568737236,15.116586931573764,15.287395477294922,84640,0.0,0.0
2016-12-14 00:00:00+08:00,15.45820360430724,15.500905739580878,15.073884386844503,15.330097198486328,43892,0.0,0.0
2016-12-15 00:00:00+08:00,15.116585860752723,15.244692260968854,15.073883727347345,15.201990127563477,40747,0.0,0.0
2016-12-16 00:00:00+08:00,15.201990127563477,15.33009652777961,15.1592879941581,15.201990127563477,52287,0.0,0.0
2016-12-19 00:00:00+08:00,15.201991326262046,15.500906283669556,15.201991326262046,15.37279987335205,37613,0.0,0.0
2016-12-20 00:00:00+08:00,15.415501024782364,16.3976518097303,15.415501024782364,15.671713829040527,155781,0.0,0.0
2016-12-21 00:00:00+08:00,15.671713438746485,15.757117704705601,15.372798507889582,15.41550064086914,65891,0.0,0.0
2016-12-22 00:00:00+08:00,15.031180793025543,15.543608126565736,15.031180793025543,15.500905990600586,45971,0.0,0.0
2016-12-23 00:00:00+08:00,15.330096097089251,15.543606758117676,15.287393964883567,15.543606758117676,44926,0.0,0.0
2016-12-26 00:00:00+08:00,15.714416967532062,15.714416967532062,15.37279987335205,15.37279987335205,20896,0.0,0.0
2016-12-27 00:00:00+08:00,15.629011305766928,15.629011305766928,15.330096374910024,15.41550064086914,17761,0.0,0.0
2016-12-28 00:00:00+08:00,15.586310262530887,15.799822644315027,15.500905990600586,15.500905990600586,65823,0.0,0.0
2016-12-29 00:00:00+08:00,15.629012232880948,15.71441650390625,15.372799419805041,15.71441650390625,37618,0.0,0.0
2016-12-30 00:00:00+08:00,15.970631315363127,16.14143986058402,15.586310386657715,15.586310386657715,106570,0.0,0.0
2017-01-03 00:00:00+08:00,15.543608286919515,15.885227080123375,15.543608286919515,15.799822807312012,61690,0.0,0.0
2017-01-04 00:00:00+08:00,15.842524203374316,17.379804611206055,15.842524203374316,17.379804611206055,1665544,0.0,0.0
2017-01-05 00:00:00+08:00,17.379803705576457,17.42250754430738,17.080888748168945,17.080888748168945,837952,0.0,0.0
2017-01-06 00:00:00+08:00,17.123589540257512,17.123589540257512,16.65386437068823,16.824674606323242,295906,0.0,0.0
2017-01-09 00:00:00+08:00,16.82467487243478,16.82467487243478,16.141439024963027,16.184141159057617,290461,0.0,0.0
2017-01-10 00:00:00+08:00,16.14144051154299,16.354951201679658,16.056036235488325,16.226844787597656,78360,0.0,0.0
2017-01-11 00:00:00+08:00,16.354950782655617,16.48305719345545,16.14144009798923,16.269546508789062,85970,0.0,0.0
2017-01-12 00:00:00+08:00,16.226843036496415,17.63601684324598,16.226843036496415,16.824674606323242,890216,0.0,0.0
2017-01-13 00:00:00+08:00,16.910080305627513,17.93493329646224,16.781973894517975,17.678720474243164,1188146,0.0,0.0
2017-01-16 00:00:00+08:00,17.934932412312612,17.934932412312612,17.42250679313583,17.55061149597168,445199,0.0,0.0
2017-01-17 00:00:00+08:00,17.764123402814583,18.06303833942956,17.337100362834878,17.42250633239746,420014,0.0,0.0
2017-01-18 00:00:00+08:00,17.76412474831619,17.76412474831619,17.42250765202409,17.678720474243164,255556,0.0,0.0
2017-01-19 00:00:00+08:00,17.89223198113614,17.89223198113614,17.294400333210792,17.379804611206055,172498,0.0,0.0
2017-01-20 00:00:00+08:00,17.337101397825982,17.465207806880105,17.29439926147461,17.29439926147461,78360,0.0,0.0
2017-01-23 00:00:00+08:00,17.294399432031454,17.294399432031454,16.653865678485513,17.080888748168945,153587,0.0,0.0
2017-01-24 00:00:00+08:00,17.080888500669705,17.20899490913097,16.86737781990093,16.910079956054688,82786,0.0,0.0
2017-02-02 00:00:00+08:00,16.397652749116048,17.46520786330794,16.397652749116048,16.483057022094727,167385,0.0,0.0
2017-02-03 00:00:00+08:00,16.52575833012891,16.696568569481762,16.44035406143164,16.56846046447754,78791,0.0,0.0
2017-02-06 00:00:00+08:00,16.952780534427763,16.995482666657644,16.65386390686035,16.65386390686035,105526,0.0,0.0
2017-02-07 00:00:00+08:00,16.653866884212224,16.86737928549128,16.525760464619918,16.73927116394043,91943,0.0,0.0
2017-02-08 00:00:00+08:00,17.080889403856645,17.33710223432695,16.82467657338634,17.208995819091797,235082,0.0,0.0
2017-02-09 00:00:00+08:00,17.84952877366066,17.84952877366066,17.294399297963153,17.507911682128906,152595,0.0,0.0
2017-02-10 00:00:00+08:00,17.422505690914697,17.422505690914697,16.65386390686035,16.65386390686035,216276,0.0,0.0
2017-02-13 00:00:00+08:00,16.483058324755817,16.73927116394043,16.39765404502761,16.73927116394043,105816,0.0,0.0
2017-02-14 00:00:00+08:00,16.952781112230493,16.952781112230493,16.39765167236328,16.39765167236328,117019,0.0,0.0
2017-02-15 00:00:00+08:00,16.312249063652324,16.312249063652324,15.970631959433657,16.226844787597656,60656,0.0,0.0
2017-02-16 00:00:00+08:00,16.39765192708301,16.781972838179026,16.18414125533985,16.56846046447754,157771,0.0,0.0
2017-02-17 00:00:00+08:00,16.39765192708301,16.824674972527657,16.39765192708301,16.56846046447754,108660,0.0,0.0
2017-02-20 00:00:00+08:00,16.31224740499268,16.65386447447509,16.31224740499268,16.39765167236328,100750,0.0,0.0
2017-02-21 00:00:00+08:00,16.56845979139636,16.56845979139636,16.312246995713014,16.440353393554688,62693,0.0,0.0
2017-02-22 00:00:00+08:00,16.5257590287125,17.251697045284722,16.440354756404993,16.910079956054688,387775,0.0,0.0
2017-02-23 00:00:00+08:00,17.080887778619452,17.080887778619452,16.56846046447754,16.56846046447754,62689,0.0,0.0
2017-02-24 00:00:00+08:00,16.39765058433564,16.568459107743244,16.226842060928032,16.312246322631836,198534,0.0,0.0
2017-03-01 00:00:00+08:00,16.483056607869912,16.69656898690938,16.354950201621254,16.525758743286133,61643,0.0,0.0
2017-03-02 00:00:00+08:00,16.653864733174803,16.653864733174803,16.39765192708301,16.56846046447754,78381,0.0,0.0
2017-03-03 00:00:00+08:00,16.568459107743244,16.73926763115085,16.226842060928032,16.312246322631836,79562,0.0,0.0
2017-03-06 00:00:00+08:00,16.611165731802128,16.611165731802128,16.226844787597656,16.226844787597656,37613,0.0,0.0
2017-03-07 00:00:00+08:00,16.013334740581953,16.39765399826283,16.013334740581953,16.354951858520508,58509,0.0,0.0
2017-03-08 00:00:00+08:00,16.39765333970699,16.39765333970699,16.226844787597656,16.226844787597656,59569,0.0,0.0
2017-03-09 00:00:00+08:00,16.22684420315869,16.611165133521155,16.22684420315869,16.483057022094727,181797,0.0,0.0
2017-03-10 00:00:00+08:00,16.568461891816327,16.568461891816327,16.09873837351566,16.226844787597656,78360,0.0,0.0
2017-03-13 00:00:00+08:00,16.226842617399956,16.226842617399956,15.885225558869571,16.056034088134766,49106,0.0,0.0
2017-03-14 00:00:00+08:00,16.05603516749236,16.568460789735454,16.05603516749236,16.14143943786621,272696,0.0,0.0
2017-03-15 00:00:00+08:00,16.14143985295986,16.31224839810007,16.013333444104696,16.098737716674805,51195,0.0,0.0
2017-03-16 00:00:00+08:00,16.14144051154299,16.26954692562499,16.09873837351566,16.226844787597656,46213,0.0,0.0
2017-03-17 00:00:00+08:00,16.098736220451062,16.269544749716257,16.056034088134766,16.056034088134766,71183,0.0,0.0
2017-03-20 00:00:00+08:00,16.056036926114793,16.73927116394043,16.056036926114793,16.73927116394043,130627,0.0,0.0
2017-03-21 00:00:00+08:00,16.86737823486328,16.952782509271863,16.525759435270526,16.86737823486328,285449,0.0,0.0
2017-03-22 00:00:00+08:00,16.824674137738118,16.867376269968,16.440353245710945,16.65386390686035,105552,0.0,0.0
2017-03-23 00:00:00+08:00,16.653864779769194,16.781972885131836,16.611164347259418,16.781972885131836,159856,0.0,0.0
2017-03-24 00:00:00+08:00,16.82467592753394,17.080888748168945,16.653865678485513,17.080888748168945,179827,0.0,0.0
2017-03-27 00:00:00+08:00,17.29439822903274,18.532763513211403,17.08088756002204,17.42250633239746,833044,0.0,0.0
2017-03-28 00:00:00+08:00,17.593316269294647,17.934933366928966,16.525759435270526,16.86737823486328,280128,0.0,0.0
2017-03-29 00:00:00+08:00,16.95278151702707,17.29439859466657,16.781972978207317,17.166292190551758,107668,0.0,0.0
2017-03-30 00:00:00+08:00,17.2516960952306,17.55061103184558,17.08088756002204,17.42250633239746,184970,0.0,0.0
2017-03-31 00:00:00+08:00,17.422507721558976,18.14844405407697,17.294399607979717,18.063039779663086,502833,0.0,0.0
2017-04-05 00:00:00+08:00,18.70357314832887,19.045190238835612,17.806826583790276,18.31925392150879,585625,0.0,0.0
2017-04-06 00:00:00+08:00,18.532763457157138,18.575463888871823,18.020336151123047,18.020336151123047,220675,0.0,0.0
2017-04-07 00:00:00+08:00,18.063040561467265,18.191146978632784,17.37980463462597,17.59331703186035,181187,0.0,0.0
2017-04-10 00:00:00+08:00,17.59331540583212,17.72142181115765,16.65386502952816,16.952781677246094,155703,0.0,0.0
2017-04-11 00:00:00+08:00,16.952783814738535,17.678721905071516,16.910081674245923,17.123592376708984,137915,0.0,0.0
2017-04-12 00:00:00+08:00,17.08088820565536,17.12359034107158,16.525758743286133,16.525758743286133,158816,0.0,0.0
2017-04-13 00:00:00+08:00,16.525758073419187,16.69656831011869,16.39765167236328,16.39765167236328,177618,0.0,0.0
2017-04-14 00:00:00+08:00,16.312248570739012,16.354950707476,15.629012680988799,15.88522720336914,242396,0.0,0.0
2017-04-17 00:00:00+08:00,15.885225558869571,16.141438352767363,15.799821294236976,16.056034088134766,75226,0.0,0.0
2017-04-18 00:00:00+08:00,15.88522566957411,16.611163625968505,15.88522566957411,16.440353393554688,68960,0.0,0.0
2017-04-19 00:00:00+08:00,16.39765333970699,16.568461891816327,15.88522768337899,16.226844787597656,70009,0.0,0.0
2017-04-20 00:00:00+08:00,16.73926929974518,17.379803028331207,16.65386502952816,16.952781677246094,274785,0.0,0.0
2017-04-21 00:00:00+08:00,17.251697295258953,17.251697295258953,16.952782337851442,17.080888748168945,185023,0.0,0.0
2017-04-24 00:00:00+08:00,17.08088998481179,17.422508805683155,16.73927116394043,16.73927116394043,132759,0.0,0.0
2017-04-25 00:00:00+08:00,16.73926929974518,17.038185947463116,16.73926929974518,16.952781677246094,88816,0.0,0.0
2017-04-26 00:00:00+08:00,16.952781677246094,16.995483812354603,16.952781677246094,16.952781677246094,52252,0.0,0.0
2017-04-27 00:00:00+08:00,16.86737740702907,17.080888082571626,16.65386502952816,16.952781677246094,53291,0.0,0.0
2017-04-28 00:00:00+08:00,16.781973960454703,17.123591058089023,16.653865846883395,16.86737823486328,68962,0.0,0.0
2017-05-02 00:00:00+08:00,16.39765233703747,16.86737752857426,16.39765233703747,16.525758743286133,32390,0.0,0.0
2017-05-03 00:00:00+08:00,16.440356138005146,16.525760417489785,16.354951858520508,16.354951858520508,21945,0.0,0.0
2017-05-04 00:00:00+08:00,16.31224740499268,16.65386447447509,16.226843137622076,16.39765167236328,151713,0.0,0.0
2017-05-05 00:00:00+08:00,16.611164042748086,16.611164042748086,16.39765167236328,16.39765167236328,11754,0.0,0.0
2017-05-08 00:00:00+08:00,16.397652857850503,17.42250754430738,16.397652857850503,17.080888748168945,329115,0.0,0.0
2017-05-09 00:00:00+08:00,17.080887778619452,17.080887778619452,16.52575833012891,16.56846046447754,65824,0.0,0.0
2017-05-10 00:00:00+08:00,16.525758073419187,16.65386447447509,16.39765167236328,16.39765167236328,27165,0.0,0.0
2017-05-11 00:00:00+08:00,16.483056195780275,16.952781375573554,16.483056195780275,16.56846046447754,107616,0.0,0.0
2017-05-12 00:00:00+08:00,16.39765167236328,16.73926874184569,16.39765167236328,16.39765167236328,92988,0.0,0.0
2017-05-15 00:00:00+08:00,16.39765233703747,16.568460878702354,16.22684379537259,16.525758743286133,43882,0.0,0.0
2017-05-16 00:00:00+08:00,16.440355477734325,16.611165731802128,15.671715291283851,16.226844787597656,101357,0.0,0.0
2017-05-17 00:00:00+08:00,16.056035253707712,16.525758743286133,16.056035253707712,16.525758743286133,159856,0.0,0.0
2017-05-18 00:00:00+08:00,16.354949792734377,16.611164300784495,16.354949792734377,16.56846046447754,63733,0.0,0.0
2017-05-19 00:00:00+08:00,16.69657072603487,16.86737928549128,16.56846260448402,16.73927116394043,80450,0.0,0.0
2017-05-22 00:00:00+08:00,16.739269420367233,16.82467539315804,16.525758743286133,16.525758743286133,45976,0.0,0.0
2017-05-23 00:00:00+08:00,16.739268171320113,16.739268171320113,16.65386390686035,16.65386390686035,37859,0.0,0.0
2017-05-24 00:00:00+08:00,16.910080372067572,16.910080372067572,16.69656968604612,16.86737823486328,54330,0.0,0.0
2017-05-25 00:00:00+08:00,17.080890236216373,17.37980521966466,16.995485955231146,17.123592376708984,255149,0.0,0.0
2017-05-26 00:00:00+08:00,17.123592189881105,17.678721712186867,17.038187909827688,17.33710289001465,206873,0.0,0.0
2017-05-31 00:00:00+08:00,16.824676750342757,17.294400277812045,16.824676750342757,16.995485305786133,11492,0.0,0.0
2017-06-01 00:00:00+08:00,17.208995402904208,17.337101815041194,17.038186853388225,17.251697540283203,97183,0.0,0.0
2017-06-02 00:00:00+08:00,17.038185119628906,17.294397917831365,16.95278085356142,17.038185119628906,137915,0.0,0.0
2017-06-05 00:00:00+08:00,16.86737781990093,16.995484228362194,16.739269709481274,16.910079956054688,56419,0.0,0.0
2017-06-06 00:00:00+08:00,16.995485305786133,17.2516981389512,16.8673788892036,16.995485305786133,38658,0.0,0.0
2017-06-07 00:00:00+08:00,17.080888748168945,17.337101568803956,16.995484474623943,17.080888748168945,41797,0.0,0.0
2017-06-08 00:00:00+08:00,16.781972885131836,16.910079288536153,16.739269048705403,16.781972885131836,19900,0.0,0.0
2017-06-09 00:00:00+08:00,16.910078873161606,17.123589540257512,16.525757970430686,16.824674606323242,70039,0.0,0.0
2017-06-12 00:00:00+08:00,16.824676693954853,17.16629380369668,16.483057882254528,16.61116600036621,60599,0.0,0.0
2017-06-13 00:00:00+08:00,16.611164300784495,16.86737710687629,16.483056195780275,16.56846046447754,40779,0.0,0.0
2017-06-14 00:00:00+08:00,16.995484538613216,16.995484538613216,16.269546508789062,16.269546508789062,60599,0.0,0.0
2017-06-15 00:00:00+08:00,16.696569406499833,16.696569406499833,16.26954633964803,16.483057022094727,29464,0.0,0.0
2017-06-16 00:00:00+08:00,16.39765114666515,16.739268205195536,16.056034088134766,16.056034088134766,58509,0.0,0.0
2017-06-19 00:00:00+08:00,16.39765167236328,16.39765167236328,16.098736736566174,16.39765167236328,63966,0.0,0.0
2017-06-20 00:00:00+08:00,16.568461891816327,16.568461891816327,16.226844787597656,16.226844787597656,40768,0.0,0.0
2017-06-21 00:00:00+08:00,16.440355056522176,16.440355056522176,16.184142234922504,16.269546508789062,10663,0.0,0.0
2017-06-22 00:00:00+08:00,16.269544191779936,16.44035271518754,16.226842060928032,16.312246322631836,57464,0.0,0.0
2017-06-23 00:00:00+08:00,16.39765399826283,16.483058277747464,16.26954757903587,16.354951858520508,51195,0.0,0.0
2017-06-26 00:00:00+08:00,16.18413993007613,16.39765058433564,16.14143779922423,16.312246322631836,68968,0.0,0.0
2017-06-27 00:00:00+08:00,16.14144051154299,16.354951201679658,16.14144051154299,16.226844787597656,51195,0.0,0.0
2017-06-28 00:00:00+08:00,16.22684370824006,16.269545843426982,16.098737302679286,16.14143943786621,35523,0.0,0.0
2017-06-29 00:00:00+08:00,16.18414216052805,16.568461391160934,15.88522720336914,15.88522720336914,57464,0.0,0.0
2017-06-30 00:00:00+08:00,15.927930461097315,16.65386683671674,15.927930461097315,16.354951858520508,83831,0.0,0.0
2017-07-03 00:00:00+08:00,16.098738551289756,16.141440689788638,15.970632135793108,16.013334274291992,50151,0.0,0.0
2017-07-04 00:00:00+08:00,16.098736220451062,16.440353278981448,16.013331955818465,16.056034088134766,48066,0.0,0.0
2017-07-05 00:00:00+08:00,16.269544749716257,16.354949014348854,15.671713195329838,16.056034088134766,36575,0.0,0.0
2017-07-06 00:00:00+08:00,16.098736220451062,16.269544749716257,16.056034088134766,16.056034088134766,28209,0.0,0.0
2017-07-07 00:00:00+08:00,16.312249063652324,16.568461891816327,16.14144051154299,16.226844787597656,136962,0.0,0.0
2017-07-10 00:00:00+08:00,16.217371691360302,16.3481569881122,16.08658469264993,16.13018035888672,88013,0.0,0.0
2017-07-11 00:00:00+08:00,16.260963439941406,16.348154760534413,16.04298854237536,16.260963439941406,58396,0.0,0.0
2017-07-12 00:00:00+08:00,16.17377602512351,16.39175095239052,16.04299072837161,16.13018035888672,27843,0.0,0.0
2017-07-13 00:00:00+08:00,16.130181273643302,16.173776942352443,16.042991638183594,16.042991638183594,25590,0.0,0.0
2017-07-14 00:00:00+08:00,15.955801097856499,16.217371691360302,15.955801097856499,16.13018035888672,20473,0.0,0.0
2017-07-17 00:00:00+08:00,16.3481569881122,16.3481569881122,16.13018035888672,16.13018035888672,2087,0.0,0.0
2017-07-18 00:00:00+08:00,16.04298854237536,16.260963439941406,16.04298854237536,16.260963439941406,26608,0.0,0.0
2017-07-19 00:00:00+08:00,16.348155668147296,16.348155668147296,16.130179056521445,16.17377471923828,29679,0.0,0.0
2017-07-20 00:00:00+08:00,16.042991638183594,16.26096657781215,15.999395969474454,16.042991638183594,46815,0.0,0.0
2017-07-21 00:00:00+08:00,16.042989072006243,16.042989072006243,15.868608127021586,15.912203788757324,43835,0.0,0.0
2017-07-24 00:00:00+08:00,16.042990341219863,16.042990341219863,15.694230125617283,15.78141975402832,53217,0.0,0.0
2017-07-25 00:00:00+08:00,15.825015020060897,15.99939427248463,15.258278194787803,15.432659149169922,130307,0.0,0.0
2017-07-26 00:00:00+08:00,15.389063835144043,15.519849128416045,15.258278541872043,15.389063835144043,59420,0.0,0.0
2017-07-27 00:00:00+08:00,15.301874160766602,15.345469825711836,15.17108886788932,15.301874160766602,39949,0.0,0.0
2017-07-28 00:00:00+08:00,15.30187416708558,15.30187416708558,14.822328660323661,14.996707916259766,108277,0.0,0.0
2017-07-31 00:00:00+08:00,15.476253111472909,15.476253111472909,15.040303278450228,15.127492904663086,21492,0.0,0.0
2017-08-01 00:00:00+08:00,15.127493156764858,15.258278449242894,15.127493156764858,15.21468448638916,12312,0.0,0.0
2017-08-02 00:00:00+08:00,15.258278194787803,15.47625311129666,15.214684232661062,15.432659149169922,51191,0.0,0.0
2017-08-03 00:00:00+08:00,15.476252100918469,15.476252100918469,15.25827719864026,15.345468521118164,13308,0.0,0.0
2017-08-04 00:00:00+08:00,15.476253416630696,15.476253416630696,15.17108886788932,15.301874160766602,28861,0.0,0.0
2017-08-07 00:00:00+08:00,15.258278194787803,15.43265914916992,15.12749290449081,15.432659149169922,31540,0.0,0.0
2017-08-08 00:00:00+08:00,15.519847762157422,15.519847762157422,15.214683239359582,15.345468521118164,31941,0.0,0.0
2017-08-09 00:00:00+08:00,15.345470178636472,15.563445104458921,15.258278846740723,15.258278846740723,62736,0.0,0.0
2017-08-10 00:00:00+08:00,14.996707822349007,15.214684443841781,14.822328567504883,14.822328567504883,27633,0.0,0.0
2017-08-11 00:00:00+08:00,14.735136736446462,15.127492599425068,14.735136736446462,14.95311164855957,30708,0.0,0.0
2017-08-14 00:00:00+08:00,14.822328264640785,15.040303179721272,14.647947311401367,14.647947311401367,55384,0.0,0.0
2017-08-15 00:00:00+08:00,14.56075668334961,14.735137644966867,14.21199731305278,14.56075668334961,55776,0.0,0.0
2017-08-16 00:00:00+08:00,14.560756124406764,15.955800359876434,14.560756124406764,15.519848823547363,98355,0.0,0.0
2017-08-17 00:00:00+08:00,15.519849128416045,15.781419714960046,15.34546987202566,15.389063835144043,87298,0.0,0.0
2017-08-18 00:00:00+08:00,15.127493156764858,15.476253369386818,15.127493156764858,15.21468448638916,43526,0.0,0.0
2017-08-21 00:00:00+08:00,14.90951833416458,15.345469879263,14.90951833416458,15.083897590637207,84948,0.0,0.0
2017-08-22 00:00:00+08:00,14.865922530236707,15.171088779151544,14.822328567504883,14.822328567504883,102341,0.0,0.0
2017-08-23 00:00:00+08:00,14.735137238124409,14.996707822349007,14.735137238124409,14.822328567504883,37876,0.0,0.0
2017-08-24 00:00:00+08:00,14.909518241882324,14.996707869578978,14.647947656833946,14.909518241882324,155564,0.0,0.0
2017-08-25 00:00:00+08:00,14.909518194926944,14.95311215765877,14.822328567504883,14.822328567504883,127047,0.0,0.0
2017-08-28 00:00:00+08:00,14.822328313666093,14.822328313666093,14.735136985778809,14.735136985778809,24818,0.0,0.0
2017-08-29 00:00:00+08:00,14.691542975200814,14.691542975200814,14.560755983802471,14.647947311401367,78803,0.0,0.0
2017-08-30 00:00:00+08:00,14.647945845890586,16.08658218383789,14.560754527015083,16.08658218383789,752267,0.0,0.0
2017-08-31 00:00:00+08:00,17.656007766723633,17.656007766723633,16.91489167288885,17.656007766723633,1948627,0.0,0.0
2017-09-01 00:00:00+08:00,17.002080917425733,17.438032452059534,17.002080917425733,17.307247161865234,676082,0.0,0.0
2017-09-04 00:00:00+08:00,17.220057535653627,17.220057535653627,17.0020809173584,17.0020809173584,172925,0.0,0.0
2017-09-05 00:00:00+08:00,17.132867161137895,18.702290730814703,17.132867161137895,18.004770278930664,2278484,0.0,0.0
2017-09-06 00:00:00+08:00,17.438030430493182,18.222742080688477,17.438030430493182,18.222742080688477,424569,0.0,0.0
2017-09-07 00:00:00+08:00,18.571503971327196,18.615099634372374,16.52253503953738,17.263652801513672,715990,0.0,0.0
2017-09-08 00:00:00+08:00,17.263654459085597,17.873985290527344,17.045677824889,17.873985290527344,429472,0.0,0.0
2017-09-11 00:00:00+08:00,17.656007760022128,17.96117401123047,17.48162850386744,17.96117401123047,265694,0.0,0.0
2017-09-12 00:00:00+08:00,18.179146421691566,19.57418878805269,18.179146421691566,18.222742080688477,1755322,0.0,0.0
2017-09-13 00:00:00+08:00,18.222744597420927,18.222744597420927,17.699603425040014,17.96117401123047,289736,0.0,0.0
2017-09-14 00:00:00+08:00,17.91757865239442,18.179149243054685,17.78679505902274,17.83038902282715,217987,0.0,0.0
2017-09-15 00:00:00+08:00,17.961174923030878,18.39712648946556,17.873985290527344,17.873985290527344,249093,0.0,0.0
2017-09-18 00:00:00+08:00,17.786793631856312,17.786793631856312,17.089271545410156,17.089271545410156,205808,0.0,0.0
2017-09-19 00:00:00+08:00,17.350842115082674,17.525221360225476,16.871296638002498,17.089271545410156,170398,0.0,0.0
2017-09-20 00:00:00+08:00,17.350841798116285,17.350841798116285,16.91489028930664,16.91489028930664,117444,0.0,0.0
2017-09-21 00:00:00+08:00,17.0892728506532,17.0892728506532,16.914891890233225,17.045677185058594,78040,0.0,0.0
2017-09-22 00:00:00+08:00,17.002080716632108,17.089272043704174,16.348155975341797,16.348155975341797,147423,0.0,0.0
2017-09-25 00:00:00+08:00,16.391750240394316,16.391750240394316,15.955800404796321,16.217370986938477,46366,0.0,0.0
2017-09-26 00:00:00+08:00,16.217371691360302,16.740512878367905,16.13018035888672,16.13018035888672,143288,0.0,0.0
2017-09-27 00:00:00+08:00,16.566132504710584,16.566132504710584,16.130180932709344,16.47894287109375,106946,0.0,0.0
2017-09-28 00:00:00+08:00,16.478941263991533,16.696916177754968,16.17377502315603,16.348155975341797,70630,0.0,0.0
2017-09-29 00:00:00+08:00,16.478940377326342,17.568816589460056,16.478940377326342,16.740510940551758,377957,0.0,0.0
2017-10-02 00:00:00+08:00,16.82770068605887,17.30724615488396,16.82770068605887,17.220056533813477,150110,0.0,0.0
2017-10-03 00:00:00+08:00,16.91489099326444,17.220057232327314,16.91489099326444,17.13286590576172,162566,0.0,0.0
2017-10-05 00:00:00+08:00,17.17646146822468,17.35084241837396,16.914890893979926,16.958486557006836,46053,0.0,0.0
2017-10-06 00:00:00+08:00,17.13286650864504,17.568818050938525,17.089272545786585,17.176462173461914,228221,0.0,0.0
2017-10-11 00:00:00+08:00,17.438032034893325,17.438032034893325,16.6533203125,16.6533203125,80629,0.0,0.0
2017-10-12 00:00:00+08:00,16.740511340629425,17.176461155118265,16.740511340629425,16.78410530090332,107509,0.0,0.0
2017-10-13 00:00:00+08:00,16.914892443485154,17.263654375732397,16.304561614990234,16.304561614990234,129973,0.0,0.0
2017-10-16 00:00:00+08:00,16.566130987892684,16.784105902955954,16.478941362259054,16.52253532409668,76977,0.0,0.0
2017-10-17 00:00:00+08:00,16.522535627524803,16.74051224854948,16.34815637305515,16.39175033569336,110528,0.0,0.0
2017-10-18 00:00:00+08:00,16.435346914093326,16.522536546175886,16.304561614990234,16.304561614990234,52194,0.0,0.0
2017-10-19 00:00:00+08:00,16.348155075729125,16.65331959781355,16.348155075729125,16.435344696044922,33772,0.0,0.0
2017-10-20 00:00:00+08:00,16.435347203306065,16.566132504710584,16.34815756968923,16.47894287109375,19810,0.0,0.0
2017-10-23 00:00:00+08:00,16.56613040606512,17.089271545410156,16.56613040606512,17.089271545410156,119075,0.0,0.0
2017-10-24 00:00:00+08:00,17.089272245459846,17.089272245459846,16.69691637487849,17.0020809173584,76468,0.0,0.0
2017-10-25 00:00:00+08:00,16.914890893979926,17.43803204246943,16.82770126988446,16.958486557006836,193425,0.0,0.0
2017-10-26 00:00:00+08:00,16.740511029062283,16.914890270829023,16.609724044799805,16.609724044799805,126117,0.0,0.0
2017-10-27 00:00:00+08:00,16.39174903490789,16.827700540403416,16.39174903490789,16.435344696044922,82897,0.0,0.0
2017-10-30 00:00:00+08:00,16.653320514218937,16.653320514218937,16.26096464826973,16.348155975341797,74913,0.0,0.0
2017-10-31 00:00:00+08:00,16.478941661182915,16.784106207415427,16.260965040207232,16.696916580200195,94614,0.0,0.0
2017-11-01 00:00:00+08:00,16.696916885994177,16.871297845576727,16.391750632214325,16.566131591796875,82124,0.0,0.0
2017-11-02 00:00:00+08:00,16.566129658100454,16.566129658100454,16.173773821306636,16.260963439941406,96405,0.0,0.0
2017-11-03 00:00:00+08:00,16.26096565563862,16.3481569881122,16.13018035888672,16.13018035888672,78967,0.0,0.0
2017-11-06 00:00:00+08:00,16.13017965825216,16.304560613666396,16.13017965825216,16.217370986938477,25585,0.0,0.0
2017-11-07 00:00:00+08:00,16.130181273643302,16.130181273643302,15.955802002723882,16.042991638183594,49123,0.0,0.0
2017-11-08 00:00:00+08:00,15.955801277066302,15.999395241834254,15.519849715677358,15.737826347351074,148395,0.0,0.0
2017-11-09 00:00:00+08:00,15.825015682795842,15.825015682795842,15.519849425336691,15.563445091247559,63574,0.0,0.0
2017-11-10 00:00:00+08:00,15.694230680624633,15.737826347351074,15.694230680624633,15.737826347351074,16643,0.0,0.0
2017-11-13 00:00:00+08:00,15.737826020191681,15.781419984053397,15.171089172363281,15.171089172363281,92323,0.0,0.0
2017-11-14 00:00:00+08:00,15.171089216803434,15.519849438511047,15.171089216803434,15.258278846740723,72667,0.0,0.0
2017-11-15 00:00:00+08:00,15.17108757812063,15.476252100918469,15.083896255642724,15.345468521118164,20589,0.0,0.0
2017-11-16 00:00:00+08:00,15.345468521118164,15.345468521118164,15.345468521118164,15.345468521118164,32749,0.0,0.0
2017-11-17 00:00:00+08:00,15.65063473439621,15.65063473439621,15.171089216803434,15.258278846740723,57311,0.0,0.0
2017-11-20 00:00:00+08:00,15.258278802045169,15.258278802045169,15.08389784072294,15.171089172363281,31725,0.0,0.0
2017-11-21 00:00:00+08:00,15.171089172363281,15.258278802045169,15.08389784072294,15.171089172363281,49123,0.0,0.0
2017-11-22 00:00:00+08:00,15.17108856874871,15.258278194961568,15.127492904663086,15.127492904663086,38890,0.0,0.0
2017-11-23 00:00:00+08:00,14.90951833416458,15.127493255734578,14.90951833416458,15.083897590637207,54956,0.0,0.0
2017-11-24 00:00:00+08:00,15.083897884907687,15.694230400344084,15.083897884907687,15.258278846740723,90025,0.0,0.0
2017-11-27 00:00:00+08:00,15.301874512688597,15.563445104458921,15.083897884907687,15.258278846740723,94154,0.0,0.0
2017-11-28 00:00:00+08:00,15.258278802045169,15.258278802045169,14.996708211041053,15.171089172363281,35819,0.0,0.0
2017-11-29 00:00:00+08:00,15.083897192273277,15.083897192273277,14.99670756633963,15.040303230285645,33951,0.0,0.0
2017-11-30 00:00:00+08:00,14.865922940690197,14.996708236413525,14.56075668334961,14.56075668334961,82901,0.0,0.0
2017-12-01 00:00:00+08:00,14.822328567504883,14.95311215765877,14.60435364797052,14.822328567504883,44418,0.0,0.0
2017-12-04 00:00:00+08:00,14.822328567504883,14.909518194926944,14.822328567504883,14.822328567504883,20468,0.0,0.0
2017-12-05 00:00:00+08:00,15.083896885563217,15.432658786122975,14.473566112521162,14.865921974182129,108544,0.0,0.0
2017-12-06 00:00:00+08:00,14.996707565523899,14.996707565523899,14.473566406033719,14.735136985778809,37121,0.0,0.0
2017-12-07 00:00:00+08:00,14.560756638533208,14.73513759961374,14.386377379411128,14.473567008972168,105524,0.0,0.0
2017-12-08 00:00:00+08:00,14.909518606584125,14.909518606584125,14.47356705352021,14.56075668334961,83920,0.0,0.0
2017-12-11 00:00:00+08:00,14.56075668334961,14.604354051201996,14.56075668334961,14.56075668334961,24562,0.0,0.0
2017-12-12 00:00:00+08:00,14.47356705352021,14.604354051201996,14.38637742369081,14.56075668334961,26032,0.0,0.0
2017-12-13 00:00:00+08:00,14.386377334594727,14.473566963884153,14.386377334594727,14.386377334594727,29680,0.0,0.0
2017-12-14 00:00:00+08:00,14.38637742369081,14.735137644966867,14.38637742369081,14.56075668334961,29679,0.0,0.0
2017-12-15 00:00:00+08:00,14.735137242598597,14.77873290730207,14.473566658294573,14.517162322998047,28657,0.0,0.0
2017-12-18 00:00:00+08:00,14.517162674731914,14.517162674731914,14.342781713651382,14.473567008972168,23540,0.0,0.0
2017-12-19 00:00:00+08:00,14.34278166897079,14.473566963884153,14.34278166897079,14.386377334594727,19457,0.0,0.0
2017-12-20 00:00:00+08:00,14.386377379411128,14.604354006251405,14.299187749850088,14.473567008972168,62479,0.0,0.0
2017-12-21 00:00:00+08:00,14.47356691824629,14.47356691824629,14.299187660217285,14.299187660217285,40937,0.0,0.0
2017-12-22 00:00:00+08:00,14.299188012752696,14.386377643916791,14.21199753060936,14.255592346191406,54242,0.0,0.0
2017-12-25 00:00:00+08:00,14.299187356893933,14.429972648620605,14.255591692332239,14.429972648620605,43216,0.0,0.0
2017-12-26 00:00:00+08:00,14.47356691824629,14.47356691824629,14.299187660217285,14.299187660217285,39914,0.0,0.0
2017-12-27 00:00:00+08:00,14.299187464408401,14.299187464408401,14.124807357788086,14.124807357788086,50168,0.0,0.0
2017-12-28 00:00:00+08:00,14.168402671813965,14.255592302712135,14.124807856364882,14.168402671813965,14329,0.0,0.0
2017-12-29 00:00:00+08:00,14.168402365716311,14.299187660217285,14.168402365716311,14.299187660217285,26855,0.0,0.0
2018-01-02 00:00:00+08:00,14.211996242456987,14.909517483443757,14.211996242456987,14.604352951049805,92186,0.0,0.0
2018-01-03 00:00:00+08:00,14.473567008972168,14.473567008972168,14.299187749850088,14.473567008972168,37302,0.0,0.0
2018-01-04 00:00:00+08:00,14.517162674731914,14.691543635812446,14.473567008972168,14.473567008972168,73686,0.0,0.0
2018-01-05 00:00:00+08:00,14.47356705352021,14.604354051201996,14.47356705352021,14.56075668334961,39120,0.0,0.0
2018-01-08 00:00:00+08:00,14.691542775198851,15.127492599425068,14.691542775198851,14.95311164855957,92519,0.0,0.0
2018-01-09 00:00:00+08:00,14.647947567512261,14.647947567512261,14.03761592246138,14.429972648620605,74709,0.0,0.0
2018-01-10 00:00:00+08:00,14.429973000218665,14.473566963884153,14.386377334594727,14.386377334594727,10244,0.0,0.0
2018-01-11 00:00:00+08:00,14.2991877053053,14.386377334594727,14.2991877053053,14.386377334594727,10235,0.0,0.0
2018-01-12 00:00:00+08:00,14.386377379411128,14.73513759961374,14.299187749850088,14.473567008972168,60383,0.0,0.0
2018-01-15 00:00:00+08:00,14.473567008972168,14.517162674731914,14.473567008972168,14.473567008972168,22516,0.0,0.0
2018-01-16 00:00:00+08:00,14.691543279853533,14.691543279853533,14.386377030846036,14.517162322998047,50157,0.0,0.0
2018-01-17 00:00:00+08:00,14.560756238388874,14.560756238388874,14.386376984058913,14.429972648620605,14343,0.0,0.0
2018-01-18 00:00:00+08:00,14.429972648620605,14.517162275785587,14.429972648620605,14.429972648620605,60763,0.0,0.0
2018-01-19 00:00:00+08:00,14.429972648620605,14.604353604908972,14.429972648620605,14.429972648620605,38891,0.0,0.0
2018-01-22 00:00:00+08:00,14.735137242598597,14.735137242598597,14.517162322998047,14.517162322998047,10584,0.0,0.0
2018-01-23 00:00:00+08:00,14.735137242598597,14.735137242598597,14.517162322998047,14.517162322998047,33079,0.0,0.0
2018-01-24 00:00:00+08:00,14.51716262950809,14.51716262950809,14.386377334594727,14.386377334594727,20471,0.0,0.0
2018-01-25 00:00:00+08:00,14.429973353954125,14.647948283500341,14.342782020568848,14.342782020568848,45621,0.0,0.0
2018-01-26 00:00:00+08:00,14.34278131949722,14.560756238388874,14.34278131949722,14.429972648620605,27122,0.0,0.0
2018-01-29 00:00:00+08:00,14.473567318688275,14.473567318688275,14.342782020568848,14.342782020568848,11257,0.0,0.0
2018-01-30 00:00:00+08:00,14.386377643916791,14.517162941642175,14.255592346191406,14.255592346191406,31726,0.0,0.0
2018-01-31 00:00:00+08:00,14.473567230936792,14.473567230936792,14.124807856364882,14.168402671813965,20469,0.0,0.0
2018-02-01 00:00:00+08:00,14.124806753111065,14.211996377199066,14.08121109008789,14.08121109008789,55675,0.0,0.0
2018-02-02 00:00:00+08:00,14.081210936150129,14.081210936150129,13.950425650468716,13.994020462036133,98688,0.0,0.0
2018-02-05 00:00:00+08:00,13.994020504069756,13.994020504069756,13.427284548074395,13.601665496826172,21553,0.0,0.0
2018-02-06 00:00:00+08:00,13.514475735826329,13.514475735826329,12.250218391418457,12.250218391418457,263046,0.0,0.0
2018-02-07 00:00:00+08:00,12.424597990095732,12.773359062414313,12.424597990095732,12.511789321899414,20491,0.0,0.0
2018-02-08 00:00:00+08:00,12.72976348295866,12.773358295263025,12.555383382762027,12.686168670654297,74712,0.0,0.0
2018-02-09 00:00:00+08:00,12.686168670654297,12.686168670654297,12.686168670654297,12.686168670654297,0,0.0,0.0
2018-02-12 00:00:00+08:00,11.988647273810518,12.773358140688948,11.94505161105454,12.598978042602539,47420,0.0,0.0
2018-02-21 00:00:00+08:00,12.64257435663502,12.773358798702754,12.555383877610653,12.729763984680176,27632,0.0,0.0
2018-02-22 00:00:00+08:00,12.81695400848514,12.81695400848514,12.642573907609071,12.773358345031738,46905,0.0,0.0
2018-02-23 00:00:00+08:00,12.81695400848514,12.81695400848514,12.773358345031738,12.773358345031738,17477,0.0,0.0
2018-02-26 00:00:00+08:00,12.773358295263025,12.773358295263025,12.642573858349932,12.686168670654297,66521,0.0,0.0
2018-02-27 00:00:00+08:00,12.729763984680176,12.947738905772276,12.729763984680176,12.729763984680176,44006,0.0,0.0
2018-03-01 00:00:00+08:00,12.729763532557516,12.81695400848514,12.729763532557516,12.773358345031738,32749,0.0,0.0
2018-03-02 00:00:00+08:00,12.773358798702754,12.816954463704542,12.64257435663502,12.729763984680176,24561,0.0,0.0
2018-03-05 00:00:00+08:00,12.773359062414313,12.773359062414313,12.511789321899414,12.511789321899414,20570,0.0,0.0
2018-03-06 00:00:00+08:00,12.642573858349932,12.860548770850931,12.642573858349932,12.686168670654297,39933,0.0,0.0
2018-03-07 00:00:00+08:00,12.555383831597902,12.686169124165547,12.555383831597902,12.642574310302734,10234,0.0,0.0
2018-03-08 00:00:00+08:00,12.686168720083293,12.904143633433586,12.642573907609071,12.773358345031738,19444,0.0,0.0
2018-03-09 00:00:00+08:00,12.64257435663502,12.816954463704542,12.64257435663502,12.729763984680176,24561,0.0,0.0
2018-03-12 00:00:00+08:00,12.686168973262925,12.686168973262925,12.511788868906727,12.555383682250977,21493,0.0,0.0
2018-03-13 00:00:00+08:00,12.642574310302734,12.686169124165547,12.598978645460713,12.642574310302734,16594,0.0,0.0
2018-03-14 00:00:00+08:00,12.642574310302734,12.642574310302734,12.555383831597902,12.642574310302734,11257,0.0,0.0
2018-03-15 00:00:00+08:00,12.555383580195855,12.860548973083496,12.555383580195855,12.860548973083496,29703,0.0,0.0
2018-03-16 00:00:00+08:00,12.947738003986707,13.514473950724973,12.904143193000426,13.122118949890137,62429,0.0,0.0
2018-03-19 00:00:00+08:00,13.122120062480688,13.122120062480688,12.904144287109375,12.904144287109375,37145,0.0,0.0
2018-03-20 00:00:00+08:00,12.816954160093601,12.860548973083496,12.773358496124516,12.860548973083496,13327,0.0,0.0
2018-03-21 00:00:00+08:00,13.0785252018672,13.0785252018672,12.816954612731934,12.816954612731934,33190,0.0,0.0
2018-03-22 00:00:00+08:00,12.860548922502694,12.860548922502694,12.468193054199219,12.468193054199219,27634,0.0,0.0
2018-03-23 00:00:00+08:00,12.032241449601521,12.293812008394937,11.770670890808105,11.770670890808105,91084,0.0,0.0
2018-03-26 00:00:00+08:00,11.770672633027552,12.206623345216832,11.770672633027552,11.988648414611816,40450,0.0,0.0
2018-03-27 00:00:00+08:00,12.119433254491664,12.206622883040733,12.032242774963379,12.032242774963379,33938,0.0,0.0
2018-03-28 00:00:00+08:00,12.032242774963379,12.032242774963379,11.988647960688844,12.032242774963379,23540,0.0,0.0
2018-03-29 00:00:00+08:00,12.032242966538773,12.206623077392578,12.032242966538773,12.206623077392578,24561,0.0,0.0
2018-03-30 00:00:00+08:00,12.206623574673818,12.250218391418457,12.206623574673818,12.250218391418457,17398,0.0,0.0
2018-04-02 00:00:00+08:00,12.163028757929181,12.598979478313352,12.163028757929181,12.250218391418457,55480,0.0,0.0
2018-04-03 00:00:00+08:00,12.250217435903634,12.642574159918675,12.250217435903634,12.555383682250977,34796,0.0,0.0
2018-04-09 00:00:00+08:00,12.729763786607174,12.729763786607174,12.511788868906727,12.555383682250977,24563,0.0,0.0
2018-04-10 00:00:00+08:00,12.555383794062392,12.555383794062392,11.857861668467452,11.945052146911621,54240,0.0,0.0
2018-04-11 00:00:00+08:00,12.119433859112991,12.51178976009553,12.075839042663574,12.075839042663574,24572,0.0,0.0
2018-04-12 00:00:00+08:00,12.07583716650454,12.07583716650454,11.814265755509224,11.857860565185547,46059,0.0,0.0
2018-04-13 00:00:00+08:00,11.901456832885742,11.901456832885742,11.901456832885742,11.901456832885742,72668,0.0,0.0
2018-04-16 00:00:00+08:00,11.857860509753163,11.857860509753163,11.770670890808105,11.770670890808105,66732,0.0,0.0
2018-04-17 00:00:00+08:00,11.770671591050982,11.770671591050982,11.509101867675781,11.509101867675781,189331,0.0,0.0
2018-04-18 00:00:00+08:00,11.509102525435031,11.509102525435031,11.334721565246582,11.334721565246582,55264,0.0,0.0
2018-04-19 00:00:00+08:00,11.247530872295888,12.03224262535579,11.247530872295888,11.945052146911621,74709,0.0,0.0
2018-04-20 00:00:00+08:00,11.945051644785657,12.119432594343662,11.857861170006656,11.901456832885742,48841,0.0,0.0
2018-04-23 00:00:00+08:00,11.509102218022168,11.770671949359762,11.378316075884571,11.465506553649902,37870,0.0,0.0
2018-04-24 00:00:00+08:00,11.465506553649902,11.857861576145895,11.334721262491504,11.465506553649902,48104,0.0,0.0
2018-04-25 00:00:00+08:00,11.421910094984767,12.163026977003957,11.421910094984767,11.552696228027344,73788,0.0,0.0
2018-04-26 00:00:00+08:00,11.55269674290741,12.686168670654297,11.55269674290741,12.686168670654297,196711,0.0,0.0
2018-04-27 00:00:00+08:00,13.252903933158699,13.950425148010254,13.122118652187837,13.950425148010254,1129308,0.0,0.0
2018-04-30 00:00:00+08:00,13.906830333895346,13.906830333895346,12.991333311349786,13.165714263916016,615082,0.0,0.0
2018-05-02 00:00:00+08:00,13.165714462132787,13.863235729961701,12.904143880324543,13.340094566345215,201620,0.0,0.0
2018-05-03 00:00:00+08:00,13.514474868774414,14.560756360373997,13.078525027338863,13.514474868774414,367405,0.0,0.0
2018-05-04 00:00:00+08:00,13.47087950470589,13.688855267501228,13.078524493240959,13.383689880371094,146859,0.0,0.0
2018-05-07 00:00:00+08:00,13.340094986872774,13.340094986872774,12.72976417739986,12.904144287109375,148450,0.0,0.0
2018-05-08 00:00:00+08:00,12.81695400848514,13.034929772814614,12.773358345031738,12.773358345031738,53217,0.0,0.0
2018-05-09 00:00:00+08:00,12.816953900989844,12.816953900989844,12.29381275177002,12.29381275177002,149418,0.0,0.0
2018-05-10 00:00:00+08:00,12.29381275177002,12.46819285118357,12.250217088682252,12.29381275177002,66521,0.0,0.0
2018-05-11 00:00:00+08:00,12.555383884268853,12.555383884268853,12.337408112081947,12.42459774017334,42498,0.0,0.0
2018-05-14 00:00:00+08:00,12.337408875886997,12.381003692631634,12.206623574673818,12.250218391418457,38899,0.0,0.0
2018-05-15 00:00:00+08:00,12.206623032632715,12.293813513229518,12.119433403015137,12.119433403015137,35825,0.0,0.0
2018-05-16 00:00:00+08:00,12.119433713366526,12.381003459896695,11.988648414611816,11.988648414611816,48180,0.0,0.0
2018-05-17 00:00:00+08:00,11.98864859966941,12.163028717041016,11.857862447916629,12.163028717041016,55264,0.0,0.0
2018-05-18 00:00:00+08:00,12.075838290067477,12.075838290067477,11.90145733317914,11.945052146911621,18421,0.0,0.0
2018-05-21 00:00:00+08:00,11.945051750357793,12.381002426147461,11.945051750357793,12.381002426147461,28659,0.0,0.0
2018-05-22 00:00:00+08:00,12.206623077392578,12.206623077392578,12.032242966538773,12.206623077392578,21903,0.0,0.0
2018-05-23 00:00:00+08:00,12.38100360878876,12.38100360878876,12.075839042663574,12.075839042663574,13305,0.0,0.0
2018-05-24 00:00:00+08:00,12.075839042663574,12.075839042663574,12.075839042663574,12.075839042663574,17399,0.0,0.0
2018-05-25 00:00:00+08:00,12.075839042663574,12.075839042663574,12.032243375234897,12.075839042663574,38003,0.0,0.0
2018-05-28 00:00:00+08:00,12.075838897441372,12.293813828046387,11.945052747707415,11.988648414611816,43194,0.0,0.0
2018-05-29 00:00:00+08:00,12.293813251913756,13.165714635431858,12.293813251913756,12.337408065795898,863261,0.0,0.0
2018-05-30 00:00:00+08:00,12.16302867556241,12.293813975889924,12.032243375234897,12.075839042663574,172957,0.0,0.0
2018-05-31 00:00:00+08:00,12.250217847441503,12.250217847441503,12.075838588206349,12.119433403015137,54241,0.0,0.0
2018-06-01 00:00:00+08:00,12.293814017814537,12.337408834412622,12.11943390044293,12.163028717041016,64372,0.0,0.0
2018-06-04 00:00:00+08:00,12.163028717041016,12.337408834412622,12.163028717041016,12.163028717041016,127927,0.0,0.0
2018-06-05 00:00:00+08:00,12.163027809215134,12.598978495595226,12.163027809215134,12.555383682250977,81975,0.0,0.0
2018-06-06 00:00:00+08:00,12.72976348295866,12.72976348295866,12.46819290717412,12.686168670654297,117702,0.0,0.0
2018-06-07 00:00:00+08:00,12.642574007431334,12.729763633068202,12.424597390401598,12.468193054199219,53253,0.0,0.0
2018-06-08 00:00:00+08:00,12.555384067690346,13.68885605727103,12.555384067690346,12.904144287109375,1119359,0.0,0.0
2018-06-11 00:00:00+08:00,12.816954208002395,12.947738647460938,12.729763730717504,12.947738647460938,133055,0.0,0.0
2018-06-12 00:00:00+08:00,12.947738914833856,14.211997032165527,12.947738914833856,14.211997032165527,1910307,0.0,0.0
2018-06-13 00:00:00+08:00,13.994021226116097,14.299187476687719,13.4708800548267,13.514474868774414,1127813,0.0,0.0
2018-06-14 00:00:00+08:00,13.514474221802397,13.950425744326267,13.470879409941677,13.688855171203613,190598,0.0,0.0
2018-06-15 00:00:00+08:00,14.255591846218616,15.040303605049472,13.950426445888576,14.211997032165527,1488455,0.0,0.0
2018-06-19 00:00:00+08:00,14.822329203654233,14.822329203654233,14.037616566322686,14.255592346191406,426151,0.0,0.0
2018-06-20 00:00:00+08:00,14.38637631908037,14.647946890443194,13.688855079105892,13.994020462036133,728670,0.0,0.0
2018-06-21 00:00:00+08:00,14.168400899954737,14.168400899954737,13.819639867039392,13.950425148010254,183436,0.0,0.0
2018-06-22 00:00:00+08:00,14.34278065653379,14.473565942215203,13.994020462036133,13.994020462036133,192401,0.0,0.0
2018-06-25 00:00:00+08:00,13.688855318353628,14.168401657893158,13.383689930089842,13.470879554748535,141240,0.0,0.0
2018-06-26 00:00:00+08:00,13.42728479140404,13.42728479140404,12.773358349182317,13.078524589538574,125920,0.0,0.0
2018-06-27 00:00:00+08:00,13.470879603892428,13.470879603892428,13.078524589538574,13.078524589538574,48480,0.0,0.0
2018-06-28 00:00:00+08:00,12.86054927772712,12.947738905772276,12.729763984680176,12.729763984680176,94154,0.0,0.0
2018-06-29 00:00:00+08:00,12.729763683134623,13.078524739991348,12.729763683134623,12.860548973083496,39929,0.0,0.0
2018-07-02 00:00:00+08:00,13.078524138903855,13.340093855800696,13.078524138903855,13.122118949890137,45030,0.0,0.0
2018-07-03 00:00:00+08:00,13.122120062480688,13.122120062480688,12.72976417739986,12.904144287109375,27632,0.0,0.0
2018-07-04 00:00:00+08:00,13.165714415183567,13.165714415183567,12.90414383430809,12.947738647460938,41960,0.0,0.0
2018-07-05 00:00:00+08:00,13.078524589538574,13.340094315448082,13.078524589538574,13.078524589538574,75849,0.0,0.0
2018-07-06 00:00:00+08:00,13.427284507743067,14.38637631908037,13.209309598926822,13.994020462036133,1100690,0.0,0.0
2018-07-09 00:00:00+08:00,14.211997046675247,15.389063835144043,14.211997046675247,15.389063835144043,1064486,0.0,0.0
2018-07-10 00:00:00+08:00,16.130178594624255,16.91489028930664,15.56344350532583,16.91489028930664,4368387,0.0,0.0
2018-07-11 00:00:00+08:00,16.304561081700992,17.307247774709328,16.173775786875627,17.045677185058594,4005251,0.0,0.0
2018-07-12 00:00:00+08:00,16.566131661098886,17.35084342956543,16.130180111297992,17.35084342956543,2064104,0.0,0.0
2018-07-13 00:00:00+08:00,17.13286641823475,18.048363460849096,16.696916580200195,16.696916580200195,1904746,0.0,0.0
2018-07-16 00:00:00+08:00,16.43534617387014,16.566131467082858,15.694230079650879,15.694230079650879,1099248,0.0,0.0
2018-07-17 00:00:00+08:00,15.607038029297069,17.263652801513672,15.607038029297069,17.263652801513672,2459544,0.0,0.0
2018-07-18 00:00:00+08:00,17.961174004640924,18.963860684017003,17.48162849745383,18.266340255737305,7940630,0.0,0.0
2018-07-19 00:00:00+08:00,18.30993453838482,19.13824197612848,17.699603727497017,17.83038902282715,4883338,0.0,0.0
2018-07-20 00:00:00+08:00,17.481629089038396,18.004770278930664,17.17646282761508,18.004770278930664,1690789,0.0,0.0
2018-07-23 00:00:00+08:00,18.309935382782378,19.79216766357422,18.135554413647473,19.79216766357422,5357276,0.0,0.0
2018-07-24 00:00:00+08:00,19.96654631495547,20.184521224602275,19.094644974409928,20.05373764038086,5233932,0.0,0.0
2018-07-25 00:00:00+08:00,20.664068442960417,21.971921306934703,20.31530654459505,21.623159408569336,5580102,0.0,0.0
2018-07-26 00:00:00+08:00,21.79754253086977,22.974610225795026,20.446095571335327,21.01283073425293,6284437,0.0,0.0
2018-07-27 00:00:00+08:00,21.143616456084622,22.14630320447332,20.620475247889036,21.841136932373047,2711854,0.0,0.0
2018-07-30 00:00:00+08:00,21.92832583328818,22.27708603270338,20.533283333669036,20.70766258239746,2493002,0.0,0.0
2018-07-31 00:00:00+08:00,20.882042867774512,20.882042867774512,19.269023805698705,19.399810791015625,2948813,0.0,0.0
2018-08-01 00:00:00+08:00,19.39981123364788,21.3179931640625,18.789480464701562,21.3179931640625,3970965,0.0,0.0
2018-08-02 00:00:00+08:00,20.92563834344805,21.710350036621094,20.446092876050617,21.710350036621094,2900906,0.0,0.0
2018-08-03 00:00:00+08:00,21.84113492836238,22.277086462511267,21.448780760174277,21.66675567626953,2914749,0.0,0.0
2018-08-06 00:00:00+08:00,21.66675485231524,22.189895992616275,20.92563880420821,20.969234466552734,1372969,0.0,0.0
2018-08-07 00:00:00+08:00,21.056425491666438,21.928326882918398,21.056425491666438,21.100019454956055,1847978,0.0,0.0
2018-08-08 00:00:00+08:00,21.448780555653244,21.666755469670036,20.05373804242072,20.402498245239258,1448335,0.0,0.0
2018-08-09 00:00:00+08:00,20.2281175938245,20.57687950379063,19.879357385816764,19.9665470123291,913420,0.0,0.0
2018-08-10 00:00:00+08:00,20.010144217272405,21.274401557857228,19.617788314819336,19.617788314819336,2036593,0.0,0.0
2018-08-13 00:00:00+08:00,19.051049572519975,19.399811475079666,17.65600706815629,17.74319839477539,1950028,0.0,0.0
2018-08-14 00:00:00+08:00,17.786795350461713,18.745886397291887,17.656008351030163,18.004770278930664,1686893,0.0,0.0
2018-08-15 00:00:00+08:00,17.83038715268547,18.04836205472056,16.69691527936143,16.740510940551758,1533685,0.0,0.0
2018-08-16 00:00:00+08:00,16.08658379378178,17.263653100736395,16.08658379378178,16.827701568603516,957301,0.0,0.0
2018-08-17 00:00:00+08:00,17.00207978103501,17.08927110330908,16.435344696044922,16.435344696044922,534938,0.0,0.0
2018-08-20 00:00:00+08:00,16.566131195808552,16.609725158193314,16.13017965825216,16.217370986938477,375695,0.0,0.0
2018-08-21 00:00:00+08:00,16.43534551011801,17.656007062833883,16.304560222187142,17.438032150268555,1095155,0.0,0.0
2018-08-22 00:00:00+08:00,17.699602624132066,17.87398357435443,17.13286581237814,17.263652801513672,599951,0.0,0.0
2018-08-23 00:00:00+08:00,17.438031737654075,17.438031737654075,16.91489059830904,17.089271545410156,480298,0.0,0.0
2018-08-24 00:00:00+08:00,17.220056496858245,17.26365215827907,16.435344803033065,16.609724044799805,952799,0.0,0.0
2018-08-27 00:00:00+08:00,16.304560114311304,17.002080510688696,16.304560114311304,16.6533203125,387116,0.0,0.0
2018-08-28 00:00:00+08:00,16.82770126257352,16.958486549639076,16.609724649492033,16.6533203125,167839,0.0,0.0
2018-08-29 00:00:00+08:00,16.653319724412512,17.26365217713767,16.653319724412512,16.91489028930664,341222,0.0,0.0
2018-08-30 00:00:00+08:00,17.176460744621934,17.176460744621934,16.740510940551758,16.740510940551758,215122,0.0,0.0
2018-08-31 00:00:00+08:00,16.740512244787013,16.958487163804293,16.566131288398147,16.696916580200195,213893,0.0,0.0
2018-09-03 00:00:00+08:00,16.74051224854948,17.176462086682015,16.39175033569336,16.39175033569336,285532,0.0,0.0
2018-09-04 00:00:00+08:00,16.740512970677173,18.004770278930664,16.740512970677173,18.004770278930664,1616387,0.0,0.0
2018-09-05 00:00:00+08:00,18.440720684143926,19.79216766357422,18.440720684143926,19.79216766357422,4714640,0.0,0.0
2018-09-06 00:00:00+08:00,20.271714083467277,21.75394630432129,20.22811841745682,21.75394630432129,10755175,0.0,0.0
2018-09-07 00:00:00+08:00,21.361589020024926,21.5359699707117,20.27171275861805,20.70766258239746,4366856,0.0,0.0
2018-09-10 00:00:00+08:00,20.75125906706061,22.146301621906765,19.792166353252263,20.140928268432617,7939070,0.0,0.0
2018-09-11 00:00:00+08:00,20.31530784375488,20.664069764423505,18.876671303340984,19.70497703552246,2783806,0.0,0.0
2018-09-12 00:00:00+08:00,19.87935667219605,20.315306491066575,19.443405151367188,19.443405151367188,1746977,0.0,0.0
2018-09-13 00:00:00+08:00,19.79216771842349,21.361591339111328,19.53059881693405,21.361591339111328,3149506,0.0,0.0
2018-09-14 00:00:00+08:00,21.753947161018818,22.931014872029404,20.576881151966763,21.187211990356445,13252860,0.0,0.0
2018-09-17 00:00:00+08:00,20.838447479519157,21.579565229584507,20.489687286637906,20.969234466552734,1934485,0.0,0.0
2018-09-18 00:00:00+08:00,21.14361462778183,22.451467535179862,20.271713256835938,20.271713256835938,7836457,0.0,0.0
2018-09-19 00:00:00+08:00,20.48968857557702,20.707663497095098,19.79216644397737,20.3153076171875,2713183,0.0,0.0
2018-09-20 00:00:00+08:00,20.75125938263067,21.274400561398334,19.617787395953552,20.010143280029297,2051945,0.0,0.0
2018-09-21 00:00:00+08:00,20.010143369718985,20.44609492129888,19.617787483884616,20.18452262878418,1244476,0.0,0.0
2018-09-25 00:00:00+08:00,19.79216644397737,20.751259162182087,19.70497681576182,20.3153076171875,1498278,0.0,0.0
2018-09-26 00:00:00+08:00,20.576879092650127,20.664068717420353,19.92295265197754,19.92295265197754,762653,0.0,0.0
2018-09-27 00:00:00+08:00,19.748571581110124,19.83576290731169,18.83307456970215,18.83307456970215,1654144,0.0,0.0
2018-09-28 00:00:00+08:00,18.745885545869434,19.269025010042668,18.745885545869434,18.876670837402344,856597,0.0,0.0
2018-10-01 00:00:00+08:00,19.269023176637475,19.31262053894479,18.96385866006869,19.051048278808594,585392,0.0,0.0
2018-10-02 00:00:00+08:00,19.007456386120595,20.882044455484618,19.007456386120595,20.3153076171875,2104061,0.0,0.0
2018-10-03 00:00:00+08:00,20.402498947361472,21.18721070717667,20.184522323884966,20.3153076171875,3970808,0.0,0.0
2018-10-04 00:00:00+08:00,20.489689752951094,20.489689752951094,19.269026377999815,19.617788314819336,1516699,0.0,0.0
2018-10-05 00:00:00+08:00,19.530595758465584,19.704974998817622,18.397123888344247,19.22542953491211,955275,0.0,0.0
2018-10-08 00:00:00+08:00,19.138241511063516,19.4434060581126,18.74588563460748,19.356216430664062,494467,0.0,0.0
2018-10-09 00:00:00+08:00,19.530597295066887,19.87935750516851,18.876670837402344,18.876670837402344,852817,0.0,0.0
2018-10-11 00:00:00+08:00,17.0020809173584,17.0020809173584,17.0020809173584,17.0020809173584,424716,0.0,0.0
2018-10-12 00:00:00+08:00,15.519848672455593,16.958486856181594,15.519848672455593,16.52253532409668,950835,0.0,0.0
2018-10-15 00:00:00+08:00,16.478940377326342,17.307246026234644,16.260963773332982,16.740510940551758,575158,0.0,0.0
2018-10-16 00:00:00+08:00,17.22005640581226,17.26365206700259,16.653319618171103,16.740510940551758,278376,0.0,0.0
2018-10-17 00:00:00+08:00,16.91489028930664,17.26365217713767,16.827700668328028,16.91489028930664,489192,0.0,0.0
2018-10-18 00:00:00+08:00,16.958486858047543,17.176461773134793,16.827701568603516,16.827701568603516,307029,0.0,0.0
2018-10-19 00:00:00+08:00,16.653320919356243,16.653320919356243,15.912204832964203,16.39175033569336,355124,0.0,0.0
2018-10-22 00:00:00+08:00,16.1737741529106,16.784104899783813,15.868607928494859,16.740510940551758,258923,0.0,0.0
2018-10-23 00:00:00+08:00,16.304560613666396,16.740512151222788,16.217370986938477,16.217370986938477,212870,0.0,0.0
2018-10-24 00:00:00+08:00,17.43803313683675,17.83038902282715,17.220058211939346,17.83038902282715,649919,0.0,0.0
2018-10-25 00:00:00+08:00,19.13824032752913,19.574190139770508,18.527909569216217,19.574190139770508,4911742,0.0,0.0
2018-10-26 00:00:00+08:00,19.53059708309132,20.751258656177736,19.225430838840524,19.487001419067383,9555304,0.0,0.0
2018-10-29 00:00:00+08:00,19.486999962928152,19.87935580395019,18.30993243986204,18.74588394165039,3959360,0.0,0.0
2018-10-30 00:00:00+08:00,18.527910934934102,18.87667115082646,18.04836372337887,18.440719604492188,1920948,0.0,0.0
2018-10-31 00:00:00+08:00,18.876671207255328,19.879357894667258,18.702290247808644,19.835763931274414,3937078,0.0,0.0
2018-11-01 00:00:00+08:00,19.835763423539795,20.44609421304293,19.312622260548995,19.9665470123291,3393640,0.0,0.0
2018-11-02 00:00:00+08:00,20.402498848064642,20.83844868897908,19.96654730519179,20.446094512939453,3715228,0.0,0.0
2018-11-05 00:00:00+08:00,20.48968888508595,21.18721102722209,20.05373903546451,20.18452262878418,2327243,0.0,0.0
2018-11-06 00:00:00+08:00,20.184523785431217,20.27171512191865,18.70229148864746,18.70229148864746,1336711,0.0,0.0
2018-11-07 00:00:00+08:00,19.0510485926018,19.356214816155273,18.920265013316904,19.22542953491211,823848,0.0,0.0
2018-11-08 00:00:00+08:00,19.704977025095346,20.664069753488874,19.26902547546948,20.010143280029297,2809302,0.0,0.0
2018-11-09 00:00:00+08:00,19.87935626267782,19.966545884264136,19.269023805698705,19.399810791015625,960064,0.0,0.0
2018-11-12 00:00:00+08:00,19.26902645812803,19.879358999120935,19.181836824539847,19.79216766357422,563082,0.0,0.0
2018-11-13 00:00:00+08:00,19.181833996736238,21.535969074195318,19.051048714655177,21.405183792114258,3601481,0.0,0.0
2018-11-14 00:00:00+08:00,21.361590900253866,21.666757165326604,20.44609550895264,20.53328514099121,2756064,0.0,0.0
2018-11-15 00:00:00+08:00,20.533283059366074,21.492374020435015,20.315306448429954,21.448780059814453,2239227,0.0,0.0
2018-11-16 00:00:00+08:00,21.97192270040803,23.54134453475257,20.010143280029297,20.010143280029297,12470777,0.0,0.0
2018-11-19 00:00:00+08:00,20.010141977668166,20.40249783620741,19.61778611912892,20.05373764038086,3070958,0.0,0.0
2018-11-20 00:00:00+08:00,19.879357683026562,20.925640024650782,19.879357683026562,20.140928268432617,2792947,0.0,0.0
2018-11-21 00:00:00+08:00,20.140926490746565,20.92563817770421,20.140926490746565,20.620471954345703,2193227,0.0,0.0
2018-11-22 00:00:00+08:00,20.838447645545696,21.230803503897498,19.748571395874023,19.748571395874023,2472721,0.0,0.0
2018-11-23 00:00:00+08:00,19.7921650311298,20.184520883029396,19.181834273272084,19.269023895263672,1278448,0.0,0.0
2018-11-26 00:00:00+08:00,19.269024800906077,19.704976335270302,19.269024800906077,19.487001419067383,840325,0.0,0.0
2018-11-27 00:00:00+08:00,19.617786804321366,19.9665470123291,19.53059717780903,19.9665470123291,671462,0.0,0.0
2018-11-28 00:00:00+08:00,20.05373894557942,20.402499164105045,19.748572690645467,20.010143280029297,1002945,0.0,0.0
2018-11-29 00:00:00+08:00,20.315307924062303,20.79485514138772,20.18452262878418,20.18452262878418,1204558,0.0,0.0
2018-11-30 00:00:00+08:00,20.402498947361472,20.576879905750992,20.228117988971952,20.3153076171875,638227,0.0,0.0
2018-12-03 00:00:00+08:00,21.012829432768882,21.49237493368,20.66406922319338,20.751258850097656,2060152,0.0,0.0
2018-12-04 00:00:00+08:00,21.012828067123774,21.884729385375977,20.576878258976816,21.884729385375977,1782289,0.0,0.0
2018-12-05 00:00:00+08:00,21.797541733467803,23.62853585859197,21.230804889324173,22.669443130493164,8885410,0.0,0.0
2018-12-06 00:00:00+08:00,23.105393547062395,24.32605510265373,20.751258358761216,21.79754066467285,11109784,0.0,0.0
2018-12-07 00:00:00+08:00,22.495062335007,22.495062335007,21.100018152750113,21.143613815307617,3316935,0.0,0.0
2018-12-10 00:00:00+08:00,20.925638980926404,20.969234643639098,19.792165366063028,20.05373764038086,1646785,0.0,0.0
2018-12-11 00:00:00+08:00,19.879356384277344,20.358901858872855,19.661381477999075,19.879356384277344,1004071,0.0,0.0
2018-12-12 00:00:00+08:00,20.3153076171875,20.402498947361472,20.09733269566942,20.3153076171875,694898,0.0,0.0
2018-12-13 00:00:00+08:00,20.402497196812224,21.49237341284887,20.315305874119332,21.405183792114258,1754336,0.0,0.0
2018-12-14 00:00:00+08:00,21.8411368781131,22.189898817349423,21.361591339111328,21.361591339111328,2155320,0.0,0.0
2018-12-17 00:00:00+08:00,21.10001844497394,21.44878034634749,20.31530671982098,20.70766258239746,972458,0.0,0.0
2018-12-18 00:00:00+08:00,20.533284240664006,20.576879905750992,20.09733269566942,20.3153076171875,568420,0.0,0.0
2018-12-19 00:00:00+08:00,20.44609461244846,20.751259162182087,20.3153076171875,20.3153076171875,553718,0.0,0.0
2018-12-20 00:00:00+08:00,20.053738956191083,20.228118214566948,19.661383071907718,19.70497703552246,609959,0.0,0.0
2018-12-21 00:00:00+08:00,19.530598122098116,20.66407012939453,19.530598122098116,20.66407012939453,898788,0.0,0.0
2018-12-24 00:00:00+08:00,20.664069753488874,20.664069753488874,19.879357985337382,20.010143280029297,533620,0.0,0.0
2018-12-25 00:00:00+08:00,19.617788314819336,19.966548549680333,19.443407346409575,19.617788314819336,470872,0.0,0.0
2018-12-26 00:00:00+08:00,19.87935790386385,20.0537388633912,19.530597686767578,19.530597686767578,426912,0.0,0.0
2018-12-27 00:00:00+08:00,20.18452089808342,20.18452089808342,19.574190139770508,19.574190139770508,447231,0.0,0.0
2018-12-28 00:00:00+08:00,19.574190125171683,19.7921650311298,19.181834273272084,19.269023895263672,277496,0.0,0.0
2019-01-02 00:00:00+08:00,19.574189250499145,19.574189250499145,18.30993212930209,18.571502685546875,868939,0.0,0.0
2019-01-03 00:00:00+08:00,18.440720516585014,18.876672084481804,18.26634125099311,18.353530883789062,464118,0.0,0.0
2019-01-04 00:00:00+08:00,18.04836303222636,18.04836303222636,17.525221877442014,17.917577743530273,580900,0.0,0.0
2019-01-07 00:00:00+08:00,18.30993212930209,18.571502685546875,18.22274251120657,18.571502685546875,400287,0.0,0.0
2019-01-08 00:00:00+08:00,18.833075262056017,19.66138267967156,18.833075262056017,19.356216430664062,932637,0.0,0.0
2019-01-09 00:00:00+08:00,19.704974862843198,19.704974862843198,18.74588394165039,18.74588394165039,512730,0.0,0.0
2019-01-10 00:00:00+08:00,18.833073561224758,19.007454502331747,18.702288280884076,18.74588394165039,280415,0.0,0.0
2019-01-11 00:00:00+08:00,18.876672084481804,18.963861717277755,18.22274558361588,18.353530883789062,328515,0.0,0.0
2019-01-14 00:00:00+08:00,18.615099658114936,19.574190630665345,18.091958508738948,18.83307456970215,1121866,0.0,0.0
2019-01-15 00:00:00+08:00,18.745886450099228,19.1382423436237,18.745886450099228,18.78948211669922,191398,0.0,0.0
2019-01-16 00:00:00+08:00,19.094645755971058,19.312622376498176,18.78948121036654,18.876670837402344,393029,0.0,0.0
2019-01-17 00:00:00+08:00,19.094645144390142,19.138240807490924,18.83307456970215,18.83307456970215,200589,0.0,0.0
2019-01-18 00:00:00+08:00,18.833076791420062,19.007457762436374,18.571506185874863,18.70229148864746,177160,0.0,0.0
2019-01-21 00:00:00+08:00,18.920268127907494,19.22543269973786,18.658695820403747,18.70229148864746,748165,0.0,0.0
2019-01-22 00:00:00+08:00,18.789481530758877,18.87667115928141,18.13555335998535,18.13555335998535,318352,0.0,0.0
2019-01-23 00:00:00+08:00,18.35352958141906,18.35352958141906,18.09195899963379,18.09195899963379,151976,0.0,0.0
2019-01-24 00:00:00+08:00,18.179149540922435,18.222745207399615,18.004770278930664,18.004770278930664,119739,0.0,0.0
2019-01-25 00:00:00+08:00,18.04836214421776,18.44071799100147,17.69960195884055,18.309932708740234,1126267,0.0,0.0
2019-01-28 00:00:00+08:00,18.484315499477812,18.615100794807947,17.83038902282715,17.83038902282715,574359,0.0,0.0
2019-01-29 00:00:00+08:00,17.917577333222127,17.917577333222127,17.568817138671875,17.568817138671875,249713,0.0,0.0
2019-01-30 00:00:00+08:00,17.656007766723633,17.786794761826926,17.656007766723633,17.656007766723633,124856,0.0,0.0
2019-02-11 00:00:00+08:00,17.743198309807738,19.356215719078136,17.743198309807738,18.83307456970215,974494,0.0,0.0
2019-02-12 00:00:00+08:00,19.269024702741596,19.661382273041436,19.007455825805664,19.007455825805664,842269,0.0,0.0
2019-02-13 00:00:00+08:00,19.356216339036877,19.356216339036877,18.702289881372334,18.876670837402344,299093,0.0,0.0
2019-02-14 00:00:00+08:00,18.87667053635851,19.356216030345283,18.745885246911357,19.007455825805664,596177,0.0,0.0
2019-02-15 00:00:00+08:00,19.13824243068889,19.574192290838127,18.9638614654541,18.9638614654541,341922,0.0,0.0
2019-02-18 00:00:00+08:00,19.181834273272084,19.53059616515504,19.007455029288913,19.269023895263672,566572,0.0,0.0
2019-02-19 00:00:00+08:00,19.4434058493383,20.0973323030768,19.356216222825967,19.9665470123291,1276197,0.0,0.0
2019-02-20 00:00:00+08:00,20.271713159747957,20.271713159747957,19.487001419067383,19.487001419067383,744021,0.0,0.0
2019-02-21 00:00:00+08:00,19.83576495082117,19.966548549680333,19.487003014001647,19.617788314819336,487257,0.0,0.0
2019-02-22 00:00:00+08:00,19.399811792718943,19.617786708918953,19.181835174560547,19.181835174560547,392994,0.0,0.0
2019-02-25 00:00:00+08:00,19.225430742700638,19.70497623673237,18.83307487432239,19.3126220703125,1186415,0.0,0.0
2019-02-26 00:00:00+08:00,19.443405101023174,21.143613815307617,19.356215477866492,21.143613815307617,1805872,0.0,0.0
2019-02-27 00:00:00+08:00,22.538655337559977,22.538655337559977,21.230802536010742,21.230802536010742,4488182,0.0,0.0
2019-03-04 00:00:00+08:00,21.666756438816076,22.931013719796617,21.405185849512623,22.669443130493164,3272366,0.0,0.0
2019-03-05 00:00:00+08:00,22.32068192153662,22.974608365775573,22.14630096908678,22.27708625793457,1895366,0.0,0.0
2019-03-06 00:00:00+08:00,22.320680895481225,23.061796930897682,21.884729385375977,21.884729385375977,1977237,0.0,0.0
2019-03-07 00:00:00+08:00,21.971921192150248,22.32068138673531,21.143613815307617,21.143613815307617,998340,0.0,0.0
2019-03-08 00:00:00+08:00,21.448780940129208,23.23617935180664,21.40518527576104,23.23617935180664,7892109,0.0,0.0
2019-03-11 00:00:00+08:00,23.9772951239721,25.54671859741211,23.9772951239721,25.54671859741211,17919813,0.0,0.0
2019-03-12 00:00:00+08:00,25.721097650276548,26.505809380942615,25.11076687152239,26.15704917907715,11045358,0.0,0.0
2019-03-13 00:00:00+08:00,26.81097582488545,27.116140365600586,25.93907276066353,27.116140365600586,4581421,0.0,0.0
2019-03-14 00:00:00+08:00,27.11613996003972,27.377710535002457,26.287834273963288,26.767379760742188,4031912,0.0,0.0
2019-03-15 00:00:00+08:00,26.592999986360986,29.121514359709522,26.54940262211793,28.90353775024414,6163797,0.0,0.0
2019-03-18 00:00:00+08:00,28.685566955006095,30.647342989366607,28.467590327225185,30.516557693481445,6902984,0.0,0.0
2019-03-19 00:00:00+08:00,31.38846048577076,31.519245780343766,29.731845619873724,30.647342681884766,5018494,0.0,0.0
2019-03-20 00:00:00+08:00,31.214076968736535,33.698997497558594,30.865318462039372,33.698997497558594,8547904,0.0,0.0
2019-03-21 00:00:00+08:00,33.69899710116842,36.8814380098676,33.69899710116842,36.140323638916016,12826062,0.0,0.0
2019-03-22 00:00:00+08:00,35.660774570446875,36.61986550809706,33.91697193728748,34.44011306762695,8121234,0.0,0.0
2019-03-25 00:00:00+08:00,33.74259540681837,36.05313331555617,33.30664216055637,35.92234802246094,8122525,0.0,0.0
2019-03-26 00:00:00+08:00,35.70437266392614,36.794252414266204,34.222140424320685,34.788875579833984,5289871,0.0,0.0
2019-03-27 00:00:00+08:00,34.87606470270731,35.965944383976876,34.87606470270731,35.529991149902344,3579380,0.0,0.0
2019-03-28 00:00:00+08:00,35.74797058105469,38.7124351057599,35.573591316047626,35.74797058105469,6856938,0.0,0.0
2019-03-29 00:00:00+08:00,36.2711099524542,37.9713187633375,33.96056863892257,35.312015533447266,5019282,0.0,0.0
2019-04-01 00:00:00+08:00,36.0095414117463,36.31470597844743,35.39920887442701,35.442806243896484,2655951,0.0,0.0
2019-04-02 00:00:00+08:00,36.18391999254707,37.79693753444098,35.96594676499628,36.358299255371094,4194835,0.0,0.0
2019-04-03 00:00:00+08:00,37.055823114501145,37.36098767542243,36.09673206309355,36.358299255371094,2044324,0.0,0.0
2019-04-08 00:00:00+08:00,36.92503334536773,38.494453328586026,36.35829485295799,36.61986541748047,6140645,0.0,0.0
2019-04-09 00:00:00+08:00,36.53267950885213,37.01222330091994,34.17854429860985,34.2657356262207,4532350,0.0,0.0
2019-04-10 00:00:00+08:00,34.30932680583736,34.74527660070584,33.568209091036096,34.65808868408203,2614578,0.0,0.0
2019-04-11 00:00:00+08:00,34.74527778327411,35.13763363318467,34.09135136675652,34.13494873046875,1780951,0.0,0.0
2019-04-12 00:00:00+08:00,33.82978548227291,34.65809466044624,32.08598259818502,32.9578857421875,2840437,0.0,0.0
2019-04-15 00:00:00+08:00,33.13226388140549,35.224828632634676,33.00147858445367,35.05044937133789,3578506,0.0,0.0
2019-04-16 00:00:00+08:00,34.963259007151535,36.35829994399986,34.61449707098094,35.442806243896484,3499970,0.0,0.0
2019-04-17 00:00:00+08:00,35.87874973232876,37.18660250555051,35.74796445500658,36.794246673583984,6015702,0.0,0.0
2019-04-18 00:00:00+08:00,36.61986920618817,38.18929275569628,35.57359024376635,37.230201721191406,6636310,0.0,0.0
2019-04-19 00:00:00+08:00,37.57896285585258,38.14569799108503,36.53268051147461,36.53268051147461,2672338,0.0,0.0
2019-04-22 00:00:00+08:00,36.532679103953505,36.88143760269806,35.57358812653091,36.09672927856445,1539648,0.0,0.0
2019-04-23 00:00:00+08:00,35.922345553133006,35.922345553133006,34.00416365553809,34.483707427978516,1970699,0.0,0.0
2019-04-24 00:00:00+08:00,34.30933016880914,35.66077704811068,34.30933016880914,35.2684211730957,1878380,0.0,0.0
2019-04-25 00:00:00+08:00,35.22482700069385,36.44548858105285,34.96325641890858,36.18391799926758,2045251,0.0,0.0
2019-04-26 00:00:00+08:00,35.74796860147961,35.83515652719653,34.35292434692383,34.35292434692383,1834567,0.0,0.0
2019-04-29 00:00:00+08:00,34.70168607842088,34.70168607842088,33.04507124762266,33.39383316040039,2346766,0.0,0.0
2019-04-30 00:00:00+08:00,33.132262391617104,33.5682122272151,30.690939227568176,32.43474197387695,3811526,0.0,0.0
2019-05-02 00:00:00+08:00,32.69631155463854,33.69899648619666,32.3475496544915,33.306640625,2399446,0.0,0.0
2019-05-03 00:00:00+08:00,33.56821043924384,34.963254604335546,33.3938311950761,34.483707427978516,3257694,0.0,0.0
2019-05-06 00:00:00+08:00,33.56821039214299,34.78887190743759,33.219451904296875,33.219451904296875,1496241,0.0,0.0
2019-05-07 00:00:00+08:00,33.568212422375375,33.87338037259328,32.47833612508562,32.78350067138672,1396990,0.0,0.0
2019-05-08 00:00:00+08:00,32.26035755292855,33.65540171606282,31.737216417242774,33.219451904296875,1414584,0.0,0.0
2019-05-09 00:00:00+08:00,33.56821169540142,33.56821169540142,29.906227007344043,30.385770797729492,2678411,0.0,0.0
2019-05-10 00:00:00+08:00,31.039696509972288,31.301267081795555,29.383085157702695,29.862628936767578,1411390,0.0,0.0
2019-05-13 00:00:00+08:00,30.08060728361939,30.211392577077522,29.16511022941248,29.513872146606445,791370,0.0,0.0
2019-05-14 00:00:00+08:00,28.772753073065346,29.9934146232368,28.075232673526905,29.252300262451172,1380593,0.0,0.0
2019-05-15 00:00:00+08:00,29.81903527448337,30.29858246226345,29.470273373923614,29.731843948364258,1216941,0.0,0.0
2019-05-16 00:00:00+08:00,30.037011587260864,31.301267081795555,29.775441015437597,29.862628936767578,1575034,0.0,0.0
2019-05-17 00:00:00+08:00,29.906227855917184,30.429369026757335,27.900852800377123,28.249614715576172,1504418,0.0,0.0
2019-05-20 00:00:00+08:00,28.729161323230777,29.03432588328435,27.464902310579742,28.511184692382812,754358,0.0,0.0
2019-05-21 00:00:00+08:00,28.77275326717621,29.601058959960938,28.249613814972275,29.601058959960938,742567,0.0,0.0
2019-05-22 00:00:00+08:00,29.68825163997039,29.99341619250037,28.380398694960654,28.59837532043457,908365,0.0,0.0
2019-05-23 00:00:00+08:00,28.598373391891073,29.034323209523563,27.726472054667767,27.988040924072266,891501,0.0,0.0
2019-05-24 00:00:00+08:00,28.42399173796279,28.816349287224046,27.988040229195615,28.075231552124023,572094,0.0,0.0
2019-05-27 00:00:00+08:00,27.98804099806645,28.031636660728285,26.636594177091148,26.898164749145508,1040817,0.0,0.0
2019-05-28 00:00:00+08:00,27.203332686303476,27.682878197761323,26.636595844065337,27.50849723815918,538561,0.0,0.0
2019-05-29 00:00:00+08:00,27.37771064199639,28.03163708195882,27.11614006601142,27.246925354003906,537298,0.0,0.0
2019-05-30 00:00:00+08:00,27.50849753279282,27.988043049386906,27.377712237180027,27.682878494262695,785408,0.0,0.0
2019-05-31 00:00:00+08:00,27.900851300937433,28.42399244366308,27.8136616778026,27.988040924072266,622235,0.0,0.0
2019-06-03 00:00:00+08:00,28.162424379873116,28.4239949745261,27.334118631444323,28.33680534362793,426763,0.0,0.0
2019-06-04 00:00:00+08:00,28.59837602550539,29.557467074185887,28.511184692382812,28.511184692382812,1386828,0.0,0.0
2019-06-05 00:00:00+08:00,28.859945514236877,29.29589535529806,28.075233757976648,28.249614715576172,712296,0.0,0.0
2019-06-06 00:00:00+08:00,28.423991308401803,28.423991308401803,27.63927962565491,27.726470947265625,302456,0.0,0.0
2019-06-10 00:00:00+08:00,28.380397701206935,28.990730188812677,28.075233159362444,28.81635093688965,745870,0.0,0.0
2019-06-11 00:00:00+08:00,29.208705788277236,29.819034850686773,28.90353785315582,29.077917098999023,643245,0.0,0.0
2019-06-12 00:00:00+08:00,29.644656621887204,31.9551944732666,29.51387133203868,31.9551944732666,4387945,0.0,0.0
2019-06-13 00:00:00+08:00,31.998792146391825,32.82709785541306,31.21407699584961,31.21407699584961,7741676,0.0,0.0
2019-06-14 00:00:00+08:00,31.388459459885272,31.43205342201251,30.080606556900456,30.254985809326172,1983792,0.0,0.0
2019-06-17 00:00:00+08:00,30.08060715002408,30.603748321533203,29.819036564269517,30.603748321533203,773700,0.0,0.0
2019-06-18 00:00:00+08:00,30.86531809985447,31.214076602459176,29.906227111816406,29.906227111816406,823849,0.0,0.0
2019-06-19 00:00:00+08:00,30.29858438086485,30.60374893573068,29.993416422082106,30.342178344726562,688758,0.0,0.0
2019-06-20 00:00:00+08:00,30.51655439728052,31.083292887512073,30.080604592724097,30.690937042236328,589486,0.0,0.0
2019-06-21 00:00:00+08:00,31.039696403142745,31.083293767574347,29.688249588012695,29.688249588012695,687734,0.0,0.0
2019-06-24 00:00:00+08:00,29.86262974240368,29.906227108161506,28.816350830800683,29.295894622802734,756302,0.0,0.0
2019-06-25 00:00:00+08:00,29.470273460288045,29.644656113037307,28.511182485833903,28.6419677734375,601137,0.0,0.0
2019-06-26 00:00:00+08:00,28.77275267991778,29.339487784054167,28.72915871926626,29.20870590209961,481055,0.0,0.0
2019-06-27 00:00:00+08:00,29.3394898125084,29.426681143756273,28.729160705523963,28.772754669189453,644853,0.0,0.0
2019-06-28 00:00:00+08:00,28.99073090191726,28.99073090191726,28.249614808118704,28.423994064331055,503724,0.0,0.0
2019-07-01 00:00:00+08:00,28.947132420193046,29.470273572601158,28.68556524790571,29.426679611206055,777861,0.0,0.0
2019-07-02 00:00:00+08:00,29.81903504006667,32.34754943847656,29.731843714632994,32.34754943847656,4881137,0.0,0.0
2019-07-03 00:00:00+08:00,32.69631175082995,34.004164629333154,32.69631175082995,33.0014762878418,11692504,0.0,0.0
2019-07-04 00:00:00+08:00,32.73990347940709,33.48102119465646,32.260356322020264,32.52192687988281,3105038,0.0,0.0
2019-07-05 00:00:00+08:00,32.69631513937846,33.52462091363473,32.34755320099406,32.9578857421875,2859418,0.0,0.0
2019-07-08 00:00:00+08:00,33.13226318359375,33.65540436038296,32.521930676034046,33.13226318359375,1726499,0.0,0.0
2019-07-09 00:00:00+08:00,33.481024489574025,33.6989977066329,32.78350066401856,33.39383316040039,1591408,0.0,0.0
2019-07-10 00:00:00+08:00,33.65540621503924,35.0504505646598,32.9578857421875,32.9578857421875,7105563,0.0,0.0
2019-07-11 00:00:00+08:00,33.04507085372303,33.13226218185735,32.129573822021484,32.129573822021484,1955846,0.0,0.0
2019-07-12 00:00:00+08:00,32.34755126963127,32.56552789359651,31.56283950805664,31.56283950805664,1085361,0.0,0.0
2019-07-15 00:00:00+08:00,31.911601425617654,31.911601425617654,31.126889664043023,31.56283950805664,805536,0.0,0.0
2019-07-16 00:00:00+08:00,31.78081351157179,32.39114596600009,31.650028228759766,31.650028228759766,1210908,0.0,0.0
2019-07-17 00:00:00+08:00,31.650030745727193,31.955195295251254,31.301268829187663,31.388460159301758,1053929,0.0,0.0
2019-07-18 00:00:00+08:00,31.73721867192444,32.12957455156259,31.388460159301758,31.388460159301758,1716265,0.0,0.0
2019-07-19 00:00:00+08:00,31.69362736386064,32.08598327636719,31.56284205969179,32.08598327636719,906289,0.0,0.0
2019-07-22 00:00:00+08:00,32.696310931848174,32.95788150099696,32.260357713989116,32.303955078125,1715555,0.0,0.0
2019-07-23 00:00:00+08:00,33.30664020267073,34.09135191511388,32.609119815137916,32.652713775634766,4233966,0.0,0.0
2019-07-24 00:00:00+08:00,33.13226500942117,33.481026947805574,32.82710044078298,32.9578857421875,1440765,0.0,0.0
2019-07-25 00:00:00+08:00,33.21945411587062,33.39383337140291,33.04507145642149,33.08866882324219,1113501,0.0,0.0
2019-07-26 00:00:00+08:00,33.21945310528254,33.21945310528254,32.652714585189194,32.696311950683594,871308,0.0,0.0
2019-07-29 00:00:00+08:00,33.41724717287701,33.64032625493371,33.06031928001963,33.19416809082031,601480,0.0,0.0
2019-07-30 00:00:00+08:00,33.37263262727355,33.50647803652395,31.67723021210144,31.811079025268555,959100,0.0,0.0
2019-07-31 00:00:00+08:00,32.12338767051907,32.30185161613861,31.18645621091226,32.25723648071289,1049001,0.0,0.0
2019-08-01 00:00:00+08:00,32.12338922567232,32.97109045546648,31.766461317153684,32.30185317993164,699759,0.0,0.0
2019-08-02 00:00:00+08:00,32.12338905110108,32.391083279076895,31.320302963256836,31.320302963256836,736100,0.0,0.0
2019-08-05 00:00:00+08:00,31.588001858606034,31.588001858606034,30.160293579101562,30.160293579101562,795215,0.0,0.0
2019-08-06 00:00:00+08:00,28.37565910315358,29.981827844102515,28.24181199173423,29.49105453491211,731026,0.0,0.0
2019-08-07 00:00:00+08:00,29.80336878261322,30.78491544988332,29.80336878261322,30.249526977539062,650000,0.0,0.0
2019-08-08 00:00:00+08:00,31.632616664518288,33.23878548361426,31.320303886080506,33.14955520629883,2732264,0.0,0.0
2019-08-12 00:00:00+08:00,33.32801349770433,34.30956350110381,33.149552955192306,33.19416809082031,2655902,0.0,0.0
2019-08-13 00:00:00+08:00,33.06032272273872,35.24649863533397,33.015707582464735,34.53264617919922,4092222,0.0,0.0
2019-08-14 00:00:00+08:00,35.380344932959545,35.87111824875289,33.72955762939696,33.95263671875,3595770,0.0,0.0
2019-08-15 00:00:00+08:00,33.37263370691337,34.44341063122419,33.19416975155596,34.175716400146484,1706479,0.0,0.0
2019-08-16 00:00:00+08:00,34.97880231662608,37.209593237279314,34.97880231662608,35.201881408691406,12926990,0.0,0.0
2019-08-19 00:00:00+08:00,35.24649880514779,35.60342673689331,34.532646345573774,35.15726852416992,3176025,0.0,0.0
2019-08-20 00:00:00+08:00,35.60342052846543,36.361887996268884,35.24649265896002,35.51418685913086,3634442,0.0,0.0
2019-08-21 00:00:00+08:00,35.157267359317956,35.51419187532061,34.04187186446545,34.71110916137695,2942358,0.0,0.0
2019-08-22 00:00:00+08:00,34.88957070530809,35.38034746007293,34.30956707391229,34.53264617919922,1864300,0.0,0.0
2019-08-23 00:00:00+08:00,34.35417904799678,37.96805953979492,34.35417904799678,37.96805953979492,8751605,0.0,0.0
2019-08-26 00:00:00+08:00,37.96806376893697,40.7788619111529,37.56652069091797,37.56652069091797,19322229,0.0,0.0
2019-08-27 00:00:00+08:00,37.744981141218474,39.4403835775323,37.65575086727217,37.87882995605469,8287274,0.0,0.0
2019-08-28 00:00:00+08:00,38.369604350693145,39.261920730941824,37.83421588411068,38.637298583984375,5356550,0.0,0.0
2019-08-29 00:00:00+08:00,39.52961615028831,39.88654407466387,38.36960550194319,39.083457946777344,6144339,0.0,0.0
2019-08-30 00:00:00+08:00,40.51116567229217,40.912705326687856,37.521903708335635,37.61113739013672,7649563,0.0,0.0
2019-09-02 00:00:00+08:00,37.83421735694443,38.23575702055423,37.031131221890845,37.7449836730957,2043101,0.0,0.0
2019-09-03 00:00:00+08:00,38.14652103275379,38.23575129933399,37.075740814208984,37.075740814208984,1946499,0.0,0.0
2019-09-04 00:00:00+08:00,36.89728019588912,37.78959655761719,36.85266505858607,37.78959655761719,1107171,0.0,0.0
2019-09-05 00:00:00+08:00,37.92344547453381,38.191139702982454,37.38805701763652,37.47728729248047,1395772,0.0,0.0
2019-09-06 00:00:00+08:00,38.19114030103754,38.41421939555753,37.29882392295762,37.70036697387695,2078501,0.0,0.0
2019-09-10 00:00:00+08:00,35.69265333944171,37.52190114230476,35.51418939196117,37.34343719482422,2719030,0.0,0.0
2019-09-11 00:00:00+08:00,37.20959127360115,37.61113429891129,36.36189008770567,36.808048248291016,1635218,0.0,0.0
2019-09-12 00:00:00+08:00,36.94189802908241,37.25420738813481,36.62958526611328,36.62958526611328,871630,0.0,0.0
2019-09-16 00:00:00+08:00,36.67420087861308,36.71881941955693,35.73726938537724,35.915733337402344,1365021,0.0,0.0
2019-09-17 00:00:00+08:00,35.960349063848554,36.54035606645773,35.78188510889829,36.13881301879883,815117,0.0,0.0
2019-09-18 00:00:00+08:00,35.96035043602791,36.18342953724882,35.51419223358608,35.558807373046875,1407093,0.0,0.0
2019-09-19 00:00:00+08:00,35.514191761898,35.826504541809406,34.93418814877722,35.02341842651367,1986731,0.0,0.0
2019-09-20 00:00:00+08:00,35.02341803690686,35.82650414326892,35.02341803690686,35.42496109008789,1143094,0.0,0.0
2019-09-23 00:00:00+08:00,35.424962246760245,35.960350732538195,35.33572856318594,35.87112045288086,882642,0.0,0.0
2019-09-24 00:00:00+08:00,35.91572986134533,36.04957866338897,35.42495659371272,35.51418685913086,975577,0.0,0.0
2019-09-25 00:00:00+08:00,35.6480409540377,36.49574221703865,35.42496185345413,36.27266311645508,1448310,0.0,0.0
2019-09-26 00:00:00+08:00,36.49574065352984,37.56651756732442,36.406506974769094,37.47728729248047,4760683,0.0,0.0
2019-09-27 00:00:00+08:00,37.65575103221119,37.78959644371691,36.584970720581545,36.852664947509766,3680870,0.0,0.0
2019-10-01 00:00:00+08:00,38.32498851916517,38.81576183864048,37.20959306403182,37.47728729248047,6023722,0.0,0.0
2019-10-02 00:00:00+08:00,37.34343406067977,37.96805612248031,37.12035499603075,37.25420379638672,1778219,0.0,0.0
2019-10-03 00:00:00+08:00,36.8526627780641,36.986511585607175,36.58496856689453,36.58496856689453,1250843,0.0,0.0
2019-10-04 00:00:00+08:00,36.76343332868034,37.03112754581859,35.42495883907244,35.469573974609375,1871223,0.0,0.0
2019-10-07 00:00:00+08:00,35.558806505203655,35.73727046260821,35.201881994311414,35.42496109008789,893089,0.0,0.0
2019-10-08 00:00:00+08:00,35.15726623974903,35.15726623974903,33.46186377999585,33.55109405517578,3092587,0.0,0.0
2019-10-09 00:00:00+08:00,33.060320343932766,33.372633111212664,32.65877730252533,32.70339584350586,961216,0.0,0.0
2019-10-14 00:00:00+08:00,33.372633111212664,33.41724824827643,32.70339584350586,32.70339584350586,643994,0.0,0.0
2019-10-15 00:00:00+08:00,32.92647725420086,33.81879367405544,32.92647725420086,33.5957145690918,856028,0.0,0.0
2019-10-16 00:00:00+08:00,33.774173844935525,34.220332037888,33.46186447143555,33.46186447143555,858387,0.0,0.0
2019-10-17 00:00:00+08:00,33.77417276648421,34.08648553392854,33.77417276648421,33.95263671875,557591,0.0,0.0
2019-10-18 00:00:00+08:00,34.26495038477728,35.15726676559005,34.26495038477728,34.48802947998047,1742158,0.0,0.0
2019-10-21 00:00:00+08:00,34.17571438936168,35.20187951935305,34.13109925412654,34.84495162963867,1038843,0.0,0.0
2019-10-22 00:00:00+08:00,35.29111303153721,36.718821317622215,34.80033969103675,36.27266311645508,2943593,0.0,0.0
2019-10-23 00:00:00+08:00,36.49574221703865,36.94190041820578,35.871120054621265,36.27266311645508,2199643,0.0,0.0
2019-10-24 00:00:00+08:00,36.76343250897977,37.923443026658965,35.692652260384904,36.58496856689453,5150081,0.0,0.0
2019-10-25 00:00:00+08:00,36.58497060455891,36.58497060455891,35.82650306334818,35.915733337402344,1160889,0.0,0.0
2019-10-28 00:00:00+08:00,36.228045264119295,36.317278948404685,35.692656774074976,35.78188705444336,916569,0.0,0.0
2019-10-29 00:00:00+08:00,36.584969895269296,38.36960257308731,36.36189081054205,37.96805953979492,8485484,0.0,0.0
2019-10-30 00:00:00+08:00,38.81576417478279,38.81576417478279,37.29882558372052,37.432674407958984,5209857,0.0,0.0
2019-10-31 00:00:00+08:00,37.56651613298126,37.923444026562635,36.361890448998295,36.4065055847168,1928801,0.0,0.0
2019-11-01 00:00:00+08:00,36.94189931142657,38.72653206262753,36.852665631516416,38.01267623901367,8759078,0.0,0.0
2019-11-04 00:00:00+08:00,39.88654128031861,41.80501937866211,39.484998244506386,41.80501937866211,23707000,0.0,0.0
2019-11-05 00:00:00+08:00,42.25117962731891,43.27734483550063,41.492712058778956,42.78657150268555,16147000,0.0,0.0
2019-11-06 00:00:00+08:00,42.786567851062685,43.946578376147215,42.29579456013269,43.7234992980957,10044000,0.0,0.0
2019-11-07 00:00:00+08:00,42.652724604572356,43.23273164470572,41.1804045397921,41.492713928222656,7882000,0.0,0.0
2019-11-08 00:00:00+08:00,42.83118354937114,43.901963818888746,41.671173009025665,41.983482360839844,12553855,0.0,0.0
2019-11-11 00:00:00+08:00,41.40348150097049,41.40348150097049,39.08345686460206,39.5742301940918,4692000,0.0,0.0
2019-11-12 00:00:00+08:00,40.10961950423125,40.377313721046015,39.484997395719034,39.70807647705078,2711000,0.0,0.0
2019-11-13 00:00:00+08:00,39.574228124157145,39.975771155979395,38.8157606004281,38.994224548339844,2084000,0.0,0.0
2019-11-14 00:00:00+08:00,39.395769262736195,39.57422981435322,38.458834347162686,38.726531982421875,1983000,0.0,0.0
2019-11-15 00:00:00+08:00,39.2173002990198,40.86808401808435,39.2173002990198,40.5557746887207,5861007,0.0,0.0
2019-11-18 00:00:00+08:00,39.93115743943255,40.4665458982828,39.57422953092118,40.065006256103516,2002000,0.0,0.0
2019-11-19 00:00:00+08:00,40.198850822604086,42.07271719696553,40.15423568595859,41.18040084838867,5815000,0.0,0.0
2019-11-20 00:00:00+08:00,41.180399036181036,41.58193865223686,40.37731299623622,40.51116180419922,2279000,0.0,0.0
2019-11-21 00:00:00+08:00,40.600395593851,41.04655378719002,40.1988525390625,40.1988525390625,2871000,0.0,0.0
2019-11-22 00:00:00+08:00,40.19885195676328,40.28808563648862,38.41421920925843,38.726531982421875,3865017,0.0,0.0
2019-11-25 00:00:00+08:00,38.90499162268796,39.12807071090043,38.14652408433226,38.191139221191406,1838000,0.0,0.0
2019-11-26 00:00:00+08:00,38.771142618740704,38.86037288418899,38.36959961639054,38.815757751464844,1080000,0.0,0.0
2019-11-27 00:00:00+08:00,38.99422431537011,39.21730339794784,38.36960220336914,38.36960220336914,1365000,0.0,0.0
2019-11-28 00:00:00+08:00,38.191139221191406,38.77114621211053,38.14652408433226,38.191139221191406,1129000,0.0,0.0
2019-11-29 00:00:00+08:00,38.59268210448729,39.886541491663856,38.45883329053509,39.21730422973633,4004268,0.0,0.0
2019-12-02 00:00:00+08:00,39.26192403054629,39.44038800237765,38.19114360347523,38.414222717285156,1744000,0.0,0.0
2019-12-03 00:00:00+08:00,38.05729536568146,38.592683837701315,37.834216268353714,38.235755920410156,988000,0.0,0.0
2019-12-04 00:00:00+08:00,38.50344969920638,40.02038468578316,38.50344969920638,38.949607849121094,3740000,0.0,0.0
2019-12-05 00:00:00+08:00,38.94960904826347,39.52961261865925,38.94960904826347,39.39576721191406,1241000,0.0,0.0
2019-12-06 00:00:00+08:00,40.42192894596044,40.42192894596044,39.39576721191406,39.39576721191406,1723100,0.0,0.0
2019-12-09 00:00:00+08:00,38.05729164746248,38.45883126028827,37.611133496396874,37.92344284057617,2261000,0.0,0.0
2019-12-10 00:00:00+08:00,37.78959471778841,38.50345049554943,37.700364447526596,37.83421325683594,862000,0.0,0.0
2019-12-11 00:00:00+08:00,37.834217179906496,38.19114170188027,36.62958798296295,37.120361328125,2129000,0.0,0.0
2019-12-12 00:00:00+08:00,37.20959136098393,37.47728557718046,36.36189017309771,36.4957389831543,970000,0.0,0.0
2019-12-13 00:00:00+08:00,36.495738656013955,37.03112708360791,36.13881076834025,36.18342590332031,949512,0.0,0.0
2019-12-16 00:00:00+08:00,35.96034858847119,36.941898625763685,35.82650317696547,36.852664947509766,741000,0.0,0.0
2019-12-17 00:00:00+08:00,36.986515328760156,37.254209567021235,36.62958740846744,36.897281646728516,648000,0.0,0.0
2019-12-18 00:00:00+08:00,37.03112987995862,37.16497869892281,36.62958682698292,36.67420196533203,397000,0.0,0.0
2019-12-19 00:00:00+08:00,36.67419780676512,37.25420475128587,36.67419780676512,37.075740814208984,684000,0.0,0.0
2019-12-20 00:00:00+08:00,37.07574413767944,37.12035927496884,36.49574054508364,36.54035568237305,627200,0.0,0.0
2019-12-23 00:00:00+08:00,36.76343189753225,36.80804703133238,36.36188888549805,36.36188888549805,309000,0.0,0.0
2019-12-24 00:00:00+08:00,36.36188888549805,36.58496795841521,36.31727375169792,36.36188888549805,282000,0.0,0.0
2019-12-25 00:00:00+08:00,36.4957389831543,36.71881806397084,36.36189017309771,36.4957389831543,413000,0.0,0.0
2019-12-26 00:00:00+08:00,36.718817858980124,38.32498655110918,36.67419931993259,37.83421325683594,2999000,0.0,0.0
2019-12-27 00:00:00+08:00,38.19114030103754,38.19114030103754,37.47728787935697,37.70036697387695,1502658,0.0,0.0
2019-12-30 00:00:00+08:00,37.70036289201983,37.70036289201983,36.98651054762878,37.075740814208984,596000,0.0,0.0
2019-12-31 00:00:00+08:00,37.38805485514775,37.74497933779618,37.12035723826568,37.209590911865234,591200,0.0,0.0
2020-01-02 00:00:00+08:00,37.65575351241176,37.74498379262607,37.343440723827676,37.432674407958984,541000,0.0,0.0
2020-01-03 00:00:00+08:00,37.74498079450346,37.83421447154685,36.31727600097656,36.31727600097656,1001252,0.0,0.0
2020-01-06 00:00:00+08:00,35.87111956814018,36.00496498432496,35.24649741419387,35.33572769165039,893000,0.0,0.0
2020-01-07 00:00:00+08:00,35.33572431135631,35.69265219487165,34.44340800648452,34.62187194824219,1081000,0.0,0.0
2020-01-08 00:00:00+08:00,34.66649061844932,35.33572791536083,34.6218754794386,34.71110916137695,973000,0.0,0.0
2020-01-09 00:00:00+08:00,34.97879886725665,35.29110820378357,34.80033493041992,34.80033493041992,468000,0.0,0.0
2020-01-10 00:00:00+08:00,35.0680335653819,35.20188238590349,34.800339328255625,35.02341842651367,246000,0.0,0.0
2020-01-13 00:00:00+08:00,35.246497992904374,35.558807373046875,35.06803403114425,35.558807373046875,351000,0.0,0.0
2020-01-14 00:00:00+08:00,35.692650793883566,35.91572986134533,35.291107791669084,35.51418685913086,614000,0.0,0.0
2020-01-15 00:00:00+08:00,35.51418685913086,35.737265926592634,35.42495659371272,35.51418685913086,495000,0.0,0.0
2020-01-16 00:00:00+08:00,35.60342338343253,35.915732741355896,35.60342338343253,35.69265365600586,399000,0.0,0.0
2020-01-17 00:00:00+08:00,35.960349063848554,36.54035606645773,35.603424557864834,36.13881301879883,890550,0.0,0.0
2020-01-20 00:00:00+08:00,36.58497140782604,36.85266563978286,36.317277175869215,36.76343536376953,726543,0.0,0.0
2020-01-30 00:00:00+08:00,34.80033709175283,34.80033709175283,33.10493469238281,33.10493469238281,1240000,0.0,0.0
2020-01-31 00:00:00+08:00,33.19417103099555,33.64032923462743,31.8110812805201,32.65877914428711,687110,0.0,0.0
2020-02-03 00:00:00+08:00,29.9372109502176,30.963376048763376,29.401822535968993,30.784912109375,1674000,0.0,0.0
2020-02-04 00:00:00+08:00,30.963378460594676,32.12338905110108,30.963378460594676,31.320302963256836,775000,0.0,0.0
2020-02-05 00:00:00+08:00,32.07877337249264,32.07877337249264,31.14184188842773,31.141841888427734,541000,0.0,0.0
2020-02-06 00:00:00+08:00,31.36492426995608,32.34647099371579,31.32030572476211,31.855697631835938,1383000,0.0,0.0
2020-02-07 00:00:00+08:00,31.855697631835934,31.855697631835934,31.855697631835934,31.855697631835938,0,0.0,0.0
2020-02-10 00:00:00+08:00,30.42798707845449,30.874145266724597,29.937213752140742,30.6064510345459,417700,0.0,0.0
2020-02-11 00:00:00+08:00,30.9187628015591,31.275687298198875,30.87414426105199,31.141841888427734,326000,0.0,0.0
2020-02-12 00:00:00+08:00,30.963377505989044,31.8110787050417,30.963377505989044,31.49876594543457,353000,0.0,0.0
2020-02-13 00:00:00+08:00,31.989539248912422,32.301852008519546,31.498765945434574,31.49876594543457,714000,0.0,0.0
2020-02-14 00:00:00+08:00,31.766463945365086,32.03416160086054,31.454154552509838,31.855697631835938,348101,0.0,0.0
2020-02-17 00:00:00+08:00,31.543381081402252,31.766460165157337,31.40953567349921,31.49876594543457,257000,0.0,0.0
2020-02-18 00:00:00+08:00,31.4987676134148,31.85569552789031,31.2310733795166,31.2310733795166,423000,0.0,0.0
2020-02-19 00:00:00+08:00,31.498765945434574,31.632614757254295,31.231071725711807,31.49876594543457,297000,0.0,0.0
2020-02-20 00:00:00+08:00,31.855691637731308,31.855691637731308,31.587997436523438,31.587997436523438,235000,0.0,0.0
2020-02-21 00:00:00+08:00,31.364919662475586,31.67722900945285,31.27568598911309,31.364919662475586,291001,0.0,0.0
2020-02-24 00:00:00+08:00,31.63261742559472,31.63261742559472,30.963380117876568,31.052610397338867,295000,0.0,0.0
2020-02-25 00:00:00+08:00,30.784912109375,30.784912109375,30.204905157341905,30.784912109375,404000,0.0,0.0
2020-02-26 00:00:00+08:00,30.651065546671607,31.05260858869826,30.427986457091997,30.740299224853516,247000,0.0,0.0
2020-02-27 00:00:00+08:00,31.09722363979734,31.09722363979734,29.446439743041992,29.446439743041992,574000,0.0,0.0
2020-03-02 00:00:00+08:00,27.66180600143793,29.089510756074525,27.66180600143793,28.331043243408203,568000,0.0,0.0
2020-03-03 00:00:00+08:00,29.178744127357813,31.141840697513118,29.178744127357813,30.338754653930664,1917000,0.0,0.0
2020-03-04 00:00:00+08:00,30.517222558757087,30.82953194740345,29.803370096196083,30.02644920349121,701000,0.0,0.0
2020-03-05 00:00:00+08:00,30.472602093282877,31.09722076142941,30.29413815784825,30.874141693115234,518000,0.0,0.0
2020-03-06 00:00:00+08:00,30.51722026912886,30.606450543785375,30.071062088012695,30.071062088012695,365000,0.0,0.0
2020-03-09 00:00:00+08:00,28.598736811260252,29.178743769389385,27.126415252685547,27.126415252685547,1204000,0.0,0.0
2020-03-10 00:00:00+08:00,25.877174723236635,26.769491093003417,25.520248515721605,26.45718002319336,999000,0.0,0.0
2020-03-11 00:00:00+08:00,26.724873760867972,27.0371831030753,25.87717259841253,26.189483642578125,570000,0.0,0.0
2020-03-12 00:00:00+08:00,25.921789677017927,25.921789677017927,23.601768493652344,23.601768493652344,1304000,0.0,0.0
2020-03-13 00:00:00+08:00,21.281745435197738,22.129444952390244,21.281745435197738,21.99559783935547,885000,0.0,0.0
2020-03-16 00:00:00+08:00,21.05866561810848,21.861749970511102,19.80942310304237,19.85403823852539,1119000,0.0,0.0
2020-03-17 00:00:00+08:00,17.935560369364374,19.675576365925426,17.89094352722168,17.89094352722168,1096000,0.0,0.0
2020-03-18 00:00:00+08:00,17.89094352722168,17.89094352722168,17.89094352722168,17.89094352722168,0,0.0,0.0
2020-03-19 00:00:00+08:00,18.292484881562384,18.292484881562384,16.463237074189482,16.552467346191406,1233000,0.0,0.0
2020-03-20 00:00:00+08:00,17.44478357143548,18.2032527923584,17.44478357143548,18.2032527923584,585000,0.0,0.0
2020-03-23 00:00:00+08:00,17.40017017736155,19.54172924341435,16.55246889819387,17.89094352722168,1057000,0.0,0.0
2020-03-24 00:00:00+08:00,18.917107131314154,19.54172754954346,18.64941120753729,19.452495574951172,733000,0.0,0.0
2020-03-25 00:00:00+08:00,20.523274896080462,20.880201075620644,20.210963850748453,20.612506866455078,719000,0.0,0.0
2020-03-26 00:00:00+08:00,20.344810955331237,20.79096910524603,19.675573730459046,20.612506866455078,563000,0.0,0.0
2020-03-27 00:00:00+08:00,21.41559205512445,21.41559205512445,20.077117551679173,20.478660583496094,556000,0.0,0.0
2020-03-30 00:00:00+08:00,19.898653152107503,20.21096420288086,19.675574073263437,20.21096420288086,310000,0.0,0.0
2020-03-31 00:00:00+08:00,20.523277774515574,20.65712489787071,20.21096668538124,20.434045791625977,358000,0.0,0.0
2020-04-01 00:00:00+08:00,22.441755294799805,22.441755294799805,22.441755294799805,22.441755294799805,511000,0.0,0.0
2020-04-06 00:00:00+08:00,24.67254638671875,24.67254638671875,24.2710050560963,24.67254638671875,2292000,0.0,0.0
2020-04-07 00:00:00+08:00,25.65409581518093,26.501797053335494,24.360236388936265,24.806394577026367,2094000,0.0,0.0
2020-04-08 00:00:00+08:00,24.538700940082265,25.16332309934047,24.181774721345487,24.40485382080078,1215000,0.0,0.0
2020-04-09 00:00:00+08:00,24.76177798377143,24.76177798377143,24.092540740966797,24.092540740966797,713000,0.0,0.0
2020-04-10 00:00:00+08:00,24.09254192005504,24.6725472184795,24.09254192005504,24.538700103759766,595000,0.0,0.0
2020-04-13 00:00:00+08:00,24.226388572888887,24.984857811118072,23.423304197923194,23.64638328552246,1706000,0.0,0.0
2020-04-14 00:00:00+08:00,24.04792654088186,24.449467881007177,23.91407772554837,24.271005630493164,522000,0.0,0.0
2020-04-15 00:00:00+08:00,24.67254687150763,25.118705048938,24.360235806914698,24.583314895629883,1136000,0.0,0.0
2020-04-16 00:00:00+08:00,24.137156243930473,24.717163224760142,24.092541107847428,24.67254638671875,436000,0.0,0.0
2020-04-17 00:00:00+08:00,24.984858287464487,25.877174654873933,24.538700103759766,24.538700103759766,2049000,0.0,0.0
2020-04-20 00:00:00+08:00,24.047926405486074,26.546411514282227,23.69099850255087,26.546411514282227,2252000,0.0,0.0
2020-04-21 00:00:00+08:00,26.278716428348933,26.278716428348933,24.984857077481728,25.07408905029297,2440000,0.0,0.0
2020-04-22 00:00:00+08:00,24.85101044206384,27.08180129499671,24.360235433243595,25.966405868530273,3807000,0.0,0.0
2020-04-23 00:00:00+08:00,25.966407333897568,26.27871841132455,25.47563229738132,25.698711395263672,344000,0.0,0.0
2020-04-24 00:00:00+08:00,26.14486689420367,26.14486689420367,25.520246505737305,25.520246505737305,756000,0.0,0.0
2020-04-27 00:00:00+08:00,25.56486306553743,26.05563807879835,25.520247928858424,25.609479904174805,1131000,0.0,0.0
2020-04-28 00:00:00+08:00,25.56486393938567,25.56486393938567,24.895626654574745,25.11870574951172,1207000,0.0,0.0
2020-04-29 00:00:00+08:00,25.386401542417943,25.520248658238746,25.16332244873047,25.16332244873047,552000,0.0,0.0
2020-04-30 00:00:00+08:00,25.34178388483016,26.59102642878041,25.252551909842637,25.921789169311523,2891000,0.0,0.0
2020-05-04 00:00:00+08:00,25.16332254263734,27.48334376407841,25.07409056443766,26.10025405883789,3413000,0.0,0.0
2020-05-05 00:00:00+08:00,26.14486822769903,26.947954299765176,26.01102111634079,26.278717041015625,1608000,0.0,0.0
2020-05-06 00:00:00+08:00,26.27871841132455,26.27871841132455,25.698711395263672,25.698711395263672,961000,0.0,0.0
2020-05-07 00:00:00+08:00,25.69871042508949,26.144868604010895,25.2079371090593,25.877174377441406,1061000,0.0,0.0
2020-05-08 00:00:00+08:00,26.27871867250106,26.367948950974075,25.297170291671694,25.341785430908203,925000,0.0,0.0
2020-05-11 00:00:00+08:00,25.564864622642233,25.832560564896205,25.34178552174316,25.654096603393555,596000,0.0,0.0
2020-05-12 00:00:00+08:00,25.65409504085381,26.367947439468136,25.252552002909276,25.609479904174805,1637000,0.0,0.0
2020-05-13 00:00:00+08:00,25.520248900711554,25.564864039089578,25.297169804904563,25.43101692199707,350000,0.0,0.0
2020-05-14 00:00:00+08:00,25.564863095464457,26.323332333604046,25.252552032470703,25.252552032470703,1604000,0.0,0.0
2020-05-15 00:00:00+08:00,25.60947968601522,25.698709958613108,22.93253066107809,24.00330924987793,2044000,0.0,0.0
2020-05-18 00:00:00+08:00,24.047926067927783,24.181773178670497,23.334071974036053,23.37868881225586,464000,0.0,0.0
2020-05-19 00:00:00+08:00,23.914078001539263,23.958694841151477,23.467919817167573,23.557151794433594,297000,0.0,0.0
2020-05-20 00:00:00+08:00,23.646383531666757,24.31562080143091,23.601768394465836,23.914077758789062,498000,0.0,0.0
2020-05-21 00:00:00+08:00,24.62792955192942,24.672544684935147,24.092539446069562,24.31561851501465,412000,0.0,0.0
2020-05-22 00:00:00+08:00,24.449468163176974,24.449468163176974,23.423304679513766,23.557151794433594,543000,0.0,0.0
2020-05-25 00:00:00+08:00,23.735615369389414,23.958694458007812,23.110993240474542,23.958694458007812,465000,0.0,0.0
2020-05-26 00:00:00+08:00,24.092539446069562,24.449465615990057,23.9140755101302,24.31561851501465,680000,0.0,0.0
2020-05-27 00:00:00+08:00,24.44946812662714,25.609480425434462,24.360236149494515,24.538700103759766,2903000,0.0,0.0
2020-05-28 00:00:00+08:00,24.538699395257026,24.62793136981327,23.780230164466502,24.00330924987793,646000,0.0,0.0
2020-05-29 00:00:00+08:00,23.82484734522845,24.003309594948142,23.82484734522845,23.958694458007812,161000,0.0,0.0
2020-06-01 00:00:00+08:00,24.181774238496608,24.717164406890618,24.092542260104537,24.49408531188965,668000,0.0,0.0
2020-06-02 00:00:00+08:00,24.717163710425698,24.85101082326313,24.27100553299533,24.583314895629883,427000,0.0,0.0
2020-06-03 00:00:00+08:00,24.940242422917436,25.163321508267472,24.7171633375674,24.9848575592041,849000,0.0,0.0
2020-06-04 00:00:00+08:00,25.1633230138732,26.546412745014965,24.940243915175593,26.011022567749023,3100000,0.0,0.0
2020-06-05 00:00:00+08:00,26.011021144299047,26.457179317278307,25.78794205780942,25.921789169311523,1683000,0.0,0.0
2020-06-08 00:00:00+08:00,26.18948608599257,26.18948608599257,24.895626654574745,25.11870574951172,963000,0.0,0.0
2020-06-09 00:00:00+08:00,25.609479792961345,25.966405990718496,25.252551893245833,25.297168731689453,845000,0.0,0.0
2020-06-10 00:00:00+08:00,25.43101672113588,25.43101672113588,24.806394577026367,24.806394577026367,543000,0.0,0.0
2020-06-11 00:00:00+08:00,24.80639549630075,24.80639549630075,23.601769705383234,23.69099998474121,678000,0.0,0.0
2020-06-12 00:00:00+08:00,22.486373408397554,23.37868978647748,21.861751262958233,23.200225830078125,657000,0.0,0.0
2020-06-15 00:00:00+08:00,23.2002229675832,23.289454934773243,22.977143900587212,23.021759033203125,372000,0.0,0.0
2020-06-16 00:00:00+08:00,23.334071152535333,23.690997335936057,23.334071152535333,23.512535095214844,308000,0.0,0.0
2020-06-17 00:00:00+08:00,23.557150712900746,23.735614659239324,23.378688468520497,23.423303604125977,216000,0.0,0.0
2020-06-18 00:00:00+08:00,23.378688584127513,24.449467161578962,23.289456610516975,23.735614776611328,1162000,0.0,0.0
2020-06-19 00:00:00+08:00,23.914078452037376,24.4048534852666,23.780231334596113,23.824848175048828,422000,0.0,0.0
2020-06-22 00:00:00+08:00,24.09254122443417,24.137156360733115,23.869462139022744,24.00330924987793,168000,0.0,0.0
2020-06-23 00:00:00+08:00,24.181772105414293,24.583313419820882,23.735613954768116,23.869461059570312,1061000,0.0,0.0
2020-06-24 00:00:00+08:00,23.95869351312123,24.09254062062191,23.780229568481445,23.780229568481445,196000,0.0,0.0
2020-06-29 00:00:00+08:00,23.24484086687726,23.37868968457256,22.754067541855893,22.887914657592773,648000,0.0,0.0
2020-06-30 00:00:00+08:00,22.977146494464016,23.200225586643278,22.932531356811523,22.932531356811523,218000,0.0,0.0
2020-07-01 00:00:00+08:00,23.423304197923194,23.690998422258968,23.200225110323924,23.64638328552246,422000,0.0,0.0
2020-07-02 00:00:00+08:00,23.958695281622727,24.538700591577413,23.601769067955107,24.4494686126709,2306000,0.0,0.0
2020-07-03 00:00:00+08:00,24.449465615990057,25.118702822825323,24.092539446069562,24.31561851501465,4253000,0.0,0.0
2020-07-06 00:00:00+08:00,24.404853233491128,24.851011421664793,24.092542161377878,24.181774139404297,1596000,0.0,0.0
2020-07-07 00:00:00+08:00,24.360235425674663,24.538699374637183,23.289456837774598,23.37868881225586,662000,0.0,0.0
2020-07-08 00:00:00+08:00,23.37868871876862,24.761778360843188,23.28945674464418,24.67254638671875,2220000,0.0,0.0
2020-07-09 00:00:00+08:00,25.118705149841087,25.83255925777229,24.181773654256965,24.271005630493164,6128000,0.0,0.0
2020-07-10 00:00:00+08:00,24.18177332272131,24.404852409274167,23.33407211303711,23.33407211303711,780000,0.0,0.0
2020-07-13 00:00:00+08:00,23.467918620546758,23.82484651141121,23.110992431640625,23.110992431640625,560000,0.0,0.0
2020-07-14 00:00:00+08:00,23.244838100199114,23.512534001769236,22.843296800781257,23.021759033203125,831000,0.0,0.0
2020-07-15 00:00:00+08:00,23.28945698890667,23.378688963966987,22.352523803710938,22.352523803710938,666000,0.0,0.0
2020-07-16 00:00:00+08:00,22.48637213234695,22.620219241071737,21.950981995489485,22.441755294799805,392000,0.0,0.0
2020-07-17 00:00:00+08:00,22.441755406883697,22.84329843702186,21.772518157958984,21.772518157958984,467000,0.0,0.0
2020-07-20 00:00:00+08:00,21.6386715300657,22.174061681510548,20.969434266249237,21.683286666870117,850000,0.0,0.0
2020-07-21 00:00:00+08:00,21.77251850260675,22.084829564107004,21.727903366088867,21.727903366088867,265000,0.0,0.0
2020-07-22 00:00:00+08:00,21.906364783874835,22.174060698711624,21.77251767743559,21.86174964904785,298000,0.0,0.0
2020-07-23 00:00:00+08:00,22.040214678339314,22.263293767383402,21.59405650025114,21.99559783935547,378000,0.0,0.0
2020-07-24 00:00:00+08:00,22.08483026432411,22.9325315007078,21.90636630867752,22.263294219970703,7274000,0.0,0.0
2020-07-27 00:00:00+08:00,21.995599623709126,22.263295573453416,20.70174182346654,20.746356964111328,1144000,0.0,0.0
2020-07-28 00:00:00+08:00,21.281746647864836,21.281746647864836,19.541728973388672,19.541728973388672,792000,0.0,0.0
2020-07-29 00:00:00+08:00,19.18480078058981,20.344811309795638,19.18480078058981,20.21096420288086,396000,0.0,0.0
2020-07-30 00:00:00+08:00,20.121734702491644,20.701741740294764,20.121734702491644,20.434045791625977,238000,0.0,0.0
2020-07-31 00:00:00+08:00,20.790971755981445,21.103282841131414,20.523277512686327,20.790971755981445,207000,0.0,0.0
2020-08-03 00:00:00+08:00,21.192513341539783,21.23712847831757,20.924819116956314,21.058666229248047,211000,0.0,0.0
2020-08-04 00:00:00+08:00,21.10328161210768,21.594056632178045,21.05866647480964,21.32636070251465,235000,0.0,0.0
2020-08-05 00:00:00+08:00,21.5048241681352,21.683286415240218,21.32636021907183,21.415592193603516,259000,0.0,0.0
2020-08-06 00:00:00+08:00,21.46020865775614,21.772519736962337,21.192514419555664,21.192514419555664,192000,0.0,0.0
2020-08-07 00:00:00+08:00,21.549440285526426,21.594057125802763,21.058666956195722,21.23712921142578,173000,0.0,0.0
2020-08-10 00:00:00+08:00,21.415592679069114,21.72790374603055,21.192513588662145,21.32636070251465,216000,0.0,0.0
2020-08-11 00:00:00+08:00,21.683287154845065,21.683287154845065,20.790970783008504,20.96943473815918,172000,0.0,0.0
2020-08-12 00:00:00+08:00,21.19251383111832,21.237128968926783,20.790970783008504,20.96943473815918,155000,0.0,0.0
2020-08-13 00:00:00+08:00,21.147899682986264,21.41559392628138,20.790971755981445,20.790971755981445,200000,0.0,0.0
2020-08-14 00:00:00+08:00,20.880202290682032,21.727903505632906,20.880202290682032,21.683286666870117,443000,0.0,0.0
2020-08-17 00:00:00+08:00,21.817134298063923,22.486371525587867,21.817134298063923,22.21867561340332,734000,0.0,0.0
2020-08-18 00:00:00+08:00,22.26329293228694,22.39714004030111,21.72790279827194,22.129444122314453,359000,0.0,0.0
2020-08-19 00:00:00+08:00,22.129444700624887,22.307908650613136,21.683286527612623,21.727903366088867,292000,0.0,0.0
2020-08-20 00:00:00+08:00,21.549438675945265,21.683285782860043,19.80942288213652,20.21096420288086,474000,0.0,0.0
2020-08-21 00:00:00+08:00,20.523277282714844,20.61250926346617,20.210966201064448,20.523277282714844,176000,0.0,0.0
2020-08-24 00:00:00+08:00,20.523276078122738,21.192513341539783,20.523276078122738,21.058666229248047,228000,0.0,0.0
2020-08-25 00:00:00+08:00,21.5048241681352,21.683286415240218,21.014049159190108,21.415592193603516,301000,0.0,0.0
2020-08-26 00:00:00+08:00,21.6386715300657,21.817135481200108,21.5494395544985,21.683286666870117,300000,0.0,0.0
2020-08-27 00:00:00+08:00,21.817136178195447,21.9509832948431,21.594057083129883,21.594057083129883,203000,0.0,0.0
2020-08-28 00:00:00+08:00,21.638670570996343,22.04021359227238,21.638670570996343,21.86174964904785,167000,0.0,0.0
2020-08-31 00:00:00+08:00,21.861749432448875,22.263292449746555,21.817134298063923,22.21867561340332,268000,0.0,0.0
2020-09-01 00:00:00+08:00,22.30790890440887,22.441756017443645,21.950982702330002,21.99559783935547,225000,0.0,0.0
2020-09-02 00:00:00+08:00,22.218676440540207,22.218676440540207,21.683286298198375,22.084829330444336,188000,0.0,0.0
2020-09-03 00:00:00+08:00,22.263296051935242,22.35252633514255,21.906368111271775,21.950984954833984,303000,0.0,0.0
2020-09-04 00:00:00+08:00,21.81713451422087,21.906364783874835,21.460206627771818,21.86174964904785,224000,0.0,0.0
2020-09-07 00:00:00+08:00,21.861750477600875,22.17406153910113,21.727903366088867,21.727903366088867,324000,0.0,0.0
2020-09-08 00:00:00+08:00,21.861750477600875,21.906365614118755,21.683286527612623,21.727903366088867,129000,0.0,0.0
2020-09-09 00:00:00+08:00,21.192513459188426,22.040214678339314,21.192513459188426,21.99559783935547,114000,0.0,0.0
2020-09-10 00:00:00+08:00,22.174063569691914,22.26329555285746,21.995599603360816,22.04021644592285,151000,0.0,0.0
2020-09-11 00:00:00+08:00,22.04021541744092,22.12944569448412,21.504825245389533,21.549440383911133,172000,0.0,0.0
2020-09-14 00:00:00+08:00,21.817134995728967,21.817134995728967,21.460207101402453,21.772518157958984,100000,0.0,0.0
2020-09-15 00:00:00+08:00,21.90636645465493,22.04021527326101,20.523276746031808,21.594057083129883,405000,0.0,0.0
2020-09-16 00:00:00+08:00,21.594056632178045,21.72790374603055,21.28174556521661,21.32636070251465,165000,0.0,0.0
2020-09-17 00:00:00+08:00,21.326360449626133,23.066378014950683,21.01404938636809,22.66483497619629,1298000,0.0,0.0
2020-09-18 00:00:00+08:00,23.02176212208924,23.735616253430898,22.79868302516218,22.843299865722656,3383000,0.0,0.0
2020-09-21 00:00:00+08:00,22.620220429305473,22.754067545061208,22.08483026432411,22.263294219970703,432000,0.0,0.0
2020-09-22 00:00:00+08:00,22.129444700624887,22.263293514095256,21.727903366088867,21.727903366088867,303000,0.0,0.0
2020-09-23 00:00:00+08:00,22.08483055596252,22.218677673485754,21.370978127866298,21.549440383911133,237000,0.0,0.0
2020-09-24 00:00:00+08:00,21.460208061885925,21.6386720170366,20.96943473815918,20.96943473815918,275000,0.0,0.0
2020-09-25 00:00:00+08:00,20.969433912439925,21.32636010672808,19.85403849156546,20.121732711791992,349000,0.0,0.0
2020-09-28 00:00:00+08:00,20.255581499588548,20.70173966740364,20.255581499588548,20.478660583496094,148000,0.0,0.0
2020-09-29 00:00:00+08:00,20.88020191335467,20.88020191335467,20.21096466163203,20.478660583496094,134000,0.0,0.0
2020-09-30 00:00:00+08:00,20.255582118465842,20.523276346550535,20.21096527914613,20.344812393188477,91000,0.0,0.0
2020-10-05 00:00:00+08:00,20.344812393188477,20.56789148391185,20.344812393188477,20.344812393188477,73000,0.0,0.0
2020-10-06 00:00:00+08:00,20.61250949443753,20.924820579587497,20.56789265258268,20.790971755981445,111000,0.0,0.0
2020-10-07 00:00:00+08:00,21.058666336818444,21.504824514708844,21.058666336818444,21.3709774017334,270000,0.0,0.0
2020-10-08 00:00:00+08:00,21.504824404859413,21.504824404859413,20.9694342537341,21.058666229248047,159000,0.0,0.0
2020-10-12 00:00:00+08:00,21.05866501636987,21.10328015057804,20.523274896080462,20.612506866455078,135000,0.0,0.0
2020-10-13 00:00:00+08:00,20.790971755981445,20.790971755981445,20.344813549183918,20.790971755981445,100000,0.0,0.0
2020-10-14 00:00:00+08:00,20.880202760583842,21.10328185354298,20.790970783008504,20.96943473815918,101000,0.0,0.0
2020-10-15 00:00:00+08:00,20.969434370144338,22.30790890440887,20.83558725710956,21.99559783935547,949000,0.0,0.0
2020-10-16 00:00:00+08:00,22.307908793882167,23.021761194503046,21.504824417694085,21.683286666870117,1269000,0.0,0.0
2020-10-19 00:00:00+08:00,22.084829564107004,22.084829564107004,21.638671391094743,21.727903366088867,190000,0.0,0.0
2020-10-20 00:00:00+08:00,22.08482981536478,22.129444952390244,21.727903613285914,21.99559783935547,196000,0.0,0.0
2020-10-21 00:00:00+08:00,22.084829074264274,22.218676182807545,21.638670911147827,21.817134857177734,203000,0.0,0.0
2020-10-22 00:00:00+08:00,21.638672221359624,21.90636645465493,21.504825104711973,21.594057083129883,171000,0.0,0.0
2020-10-23 00:00:00+08:00,21.683287359589368,21.817136178195447,21.594057083129883,21.594057083129883,102000,0.0,0.0
2020-10-26 00:00:00+08:00,21.594057083129883,21.9509832948431,21.594057083129883,21.594057083129883,121000,0.0,0.0
2020-10-27 00:00:00+08:00,21.638672221359624,21.772519338007278,21.504825104711973,21.594057083129883,81000,0.0,0.0
2020-10-28 00:00:00+08:00,21.59405588572834,21.59405588572834,21.058665746866964,21.147897720336914,175000,0.0,0.0
2020-10-29 00:00:00+08:00,20.612506991710607,20.969433173419713,20.56789015527304,20.92481803894043,657000,0.0,0.0
2020-10-30 00:00:00+08:00,21.415592538739087,22.486372846459393,21.237128586799574,21.3709774017334,1024000,0.0,0.0
2020-11-02 00:00:00+08:00,21.37097815492285,23.467920303344727,21.37097815492285,23.467920303344727,5429000,0.0,0.0
2020-11-03 00:00:00+08:00,23.110993134892542,23.958694348553113,22.887914047293275,23.64638328552246,4989000,0.0,0.0
2020-11-04 00:00:00+08:00,23.512537254385485,24.360236805062183,22.977147079140046,23.155611038208008,3049000,0.0,0.0
2020-11-05 00:00:00+08:00,23.110991695032865,23.378687604649034,22.57560157775879,22.57560157775879,1371000,0.0,0.0
2020-11-06 00:00:00+08:00,22.57560417956464,23.066379219442933,22.486373901367188,22.486373901367188,649000,0.0,0.0
2020-11-09 00:00:00+08:00,22.620219241071737,23.02176056724609,22.174061077350235,22.441755294799805,590000,0.0,0.0
2020-11-10 00:00:00+08:00,22.575605200791685,23.869464716685137,22.040216699554364,23.244842529296875,2222000,0.0,0.0
2020-11-11 00:00:00+08:00,23.869463113638073,25.16332254263734,23.200225830078125,23.200225830078125,5195000,0.0,0.0
2020-11-12 00:00:00+08:00,23.200225586643278,23.735615748265186,22.620220287368877,22.932531356811523,1577000,0.0,0.0
2020-11-13 00:00:00+08:00,22.932532336786856,23.066379457422418,22.575604412480722,22.75406837463379,529000,0.0,0.0
2020-11-16 00:00:00+08:00,22.93252983444388,23.95869324995532,22.843297863104127,23.512535095214844,1737000,0.0,0.0
2020-11-17 00:00:00+08:00,23.55715059326287,23.869461646790107,23.02176045892451,23.110992431640625,634000,0.0,0.0
2020-11-18 00:00:00+08:00,23.24484096819875,23.423304924598106,23.02176187367877,23.200225830078125,463000,0.0,0.0
2020-11-19 00:00:00+08:00,23.289457758695068,25.47563185916152,23.200225780685365,24.806394577026367,3655000,0.0,0.0
2020-11-20 00:00:00+08:00,24.583315241346874,25.520248448301835,24.44946812662714,24.538700103759766,1976000,0.0,0.0
2020-11-23 00:00:00+08:00,24.583315028553216,24.85101095763391,23.646383531666757,23.914077758789062,1429000,0.0,0.0
2020-11-24 00:00:00+08:00,24.092542301891346,24.85101156660183,24.04792716359714,24.137157440185547,1676000,0.0,0.0
2020-11-25 00:00:00+08:00,24.271005173546655,24.851010455224696,23.780230164466502,24.00330924987793,1074000,0.0,0.0
2020-11-26 00:00:00+08:00,24.18177379387791,24.627931975676546,23.95869470297859,24.226388931274414,767000,0.0,0.0
2020-11-27 00:00:00+08:00,24.226389464247628,25.966407092325536,24.226389464247628,25.43101692199707,3299000,0.0,0.0
2020-11-30 00:00:00+08:00,26.323331859048274,27.97411741771924,26.27871672312136,27.929500579833984,12153000,0.0,0.0
2020-12-01 00:00:00+08:00,27.929500579833984,29.044895997590267,26.814105162077702,27.929500579833984,8046000,0.0,0.0
2020-12-02 00:00:00+08:00,27.92950224939634,28.554124401461692,27.081802702403014,27.661808013916016,2780000,0.0,0.0
2020-12-03 00:00:00+08:00,28.46489192170353,29.26797631597911,27.751039505004883,27.751039505004883,5394000,0.0,0.0
2020-12-04 00:00:00+08:00,28.107966304603025,28.554124499914185,27.795655227493526,27.974119186401367,2603000,0.0,0.0
2020-12-07 00:00:00+08:00,28.50950880418119,28.821818173230714,26.6802592179681,26.76949119567871,3382000,0.0,0.0
2020-12-08 00:00:00+08:00,26.814105987548828,27.349496144945473,26.100253578992227,26.814105987548828,2060000,0.0,0.0
2020-12-09 00:00:00+08:00,27.126417128451326,29.178745787071723,26.814106060622308,28.10796546936035,4427000,0.0,0.0
2020-12-10 00:00:00+08:00,27.92950141059536,28.687972359580314,27.66180718315464,27.795654296875,1469000,0.0,0.0
2020-12-11 00:00:00+08:00,27.884885799159793,28.554123058339627,26.7694903671934,26.903337478637695,2478000,0.0,0.0
2020-12-14 00:00:00+08:00,27.260262841154272,27.57257389292656,26.90333665425379,27.03718376159668,525000,0.0,0.0
2020-12-15 00:00:00+08:00,27.126417363924755,28.73258785443433,26.90333827096163,27.751039505004883,6118000,0.0,0.0
2020-12-16 00:00:00+08:00,27.661807001453923,30.249525792188898,27.349495936852286,29.803367614746094,10977000,0.0,0.0
2020-12-17 00:00:00+08:00,29.267973973270983,30.338754214568475,28.420274509038887,29.13412857055664,7385000,0.0,0.0
2020-12-18 00:00:00+08:00,28.821817879862333,29.62490396912506,28.10796546936035,28.10796546936035,2039000,0.0,0.0
2020-12-21 00:00:00+08:00,28.107964162751443,28.46489035141059,27.26026297547244,28.331043243408203,1599000,0.0,0.0
2020-12-22 00:00:00+08:00,28.33104458995666,29.089512138672244,26.32333276862115,26.50179672241211,2205000,0.0,0.0
2020-12-23 00:00:00+08:00,26.50179601362583,27.126416431272023,25.966405868530273,25.966405868530273,1515000,0.0,0.0
2020-12-24 00:00:00+08:00,26.055639313442196,26.724876607089257,24.984858962823523,25.698711395263672,3059000,0.0,0.0
2020-12-25 00:00:00+08:00,26.144869686575895,26.501797606058826,25.60948121126841,26.011022567749023,1153000,0.0,0.0
2020-12-28 00:00:00+08:00,26.189484498904203,26.903336878659545,26.011020552986206,26.68025779724121,1327000,0.0,0.0
2020-12-29 00:00:00+08:00,26.68025851666403,27.394112617626494,26.189485205093508,26.234100341796875,3942000,0.0,0.0
2020-12-30 00:00:00+08:00,26.59102748643826,26.680259464974988,26.189486135960642,26.412565231323242,496000,0.0,0.0
2020-12-31 00:00:00+08:00,26.76948889490951,26.76948889490951,25.87717259841253,26.189483642578125,687000,0.0,0.0
2021-01-04 00:00:00+08:00,26.189485066124014,26.45717928884049,25.921789141449178,26.278717041015625,679000,0.0,0.0
2021-01-05 00:00:00+08:00,26.59102762866023,27.08180266225791,26.27871825504895,26.367948532104492,647000,0.0,0.0
2021-01-06 00:00:00+08:00,26.323333097316088,26.36794823534173,24.761779439000726,24.806394577026367,1612000,0.0,0.0
2021-01-07 00:00:00+08:00,25.207936644554138,25.38640059361751,24.85101044838575,24.9848575592041,387000,0.0,0.0
2021-01-08 00:00:00+08:00,25.252553377555817,25.56486445718492,24.271006701519298,24.40485382080078,686000,0.0,0.0
2021-01-11 00:00:00+08:00,24.40485382080078,24.62793292025607,24.092542741171677,24.40485382080078,496000,0.0,0.0
2021-01-12 00:00:00+08:00,24.449467660488153,24.851010698950187,23.64638328552246,23.64638328552246,667000,0.0,0.0
2021-01-13 00:00:00+08:00,23.958693632797534,24.53869890283655,23.82484652462827,24.092540740966797,850000,0.0,0.0
2021-01-14 00:00:00+08:00,24.583312716965466,24.583312716965466,24.092539446069562,24.31561851501465,866000,0.0,0.0
2021-01-15 00:00:00+08:00,24.76178035662176,24.80639549630075,23.646384845062222,23.69099998474121,424000,0.0,0.0
2021-01-18 00:00:00+08:00,24.449466315018686,24.717162226581355,23.24483896788236,23.869461059570312,419000,0.0,0.0
2021-01-19 00:00:00+08:00,24.449465615990057,24.984855721849915,24.137154579075286,24.31561851501465,587000,0.0,0.0
2021-01-20 00:00:00+08:00,24.404853024802975,24.806394369550603,22.932531356811523,22.932531356811523,980000,0.0,0.0
2021-01-21 00:00:00+08:00,23.02176202359375,23.423305077127893,22.218677618483913,22.530988693237305,815000,0.0,0.0
2021-01-22 00:00:00+08:00,22.530989272921694,22.88791549526935,22.307910171209596,22.75406837463379,454000,0.0,0.0
2021-01-25 00:00:00+08:00,22.843299014915814,23.958694458007812,22.754067039076777,23.958694458007812,379000,0.0,0.0
2021-01-26 00:00:00+08:00,24.092542455188546,24.271006413417766,23.28945804707395,23.467920303344727,179000,0.0,0.0
2021-01-27 00:00:00+08:00,23.4679196775703,23.824847584511218,23.289457426058238,23.601768493652344,182000,0.0,0.0
2021-01-28 00:00:00+08:00,23.200225216313576,24.360235796345904,22.97714612769518,23.958694458007812,452000,0.0,0.0
2021-01-29 00:00:00+08:00,24.271005173546655,24.806393616967398,23.8248470027238,24.00330924987793,669000,0.0,0.0
2021-02-01 00:00:00+08:00,24.67254746099102,24.984858533045777,24.09254215686557,24.806394577026367,596000,0.0,0.0
2021-02-02 00:00:00+08:00,24.98485888231982,25.029474020969158,24.583315826642018,24.76177978515625,443000,0.0,0.0
2021-02-03 00:00:00+08:00,25.207936387927983,25.297168361551254,24.7171630859375,24.7171630859375,683000,0.0,0.0
2021-02-04 00:00:00+08:00,24.89562617333421,25.252552377942187,24.449467992084642,25.207937240600586,468000,0.0,0.0
2021-02-05 00:00:00+08:00,25.207937240600586,25.207937240600586,25.207937240600586,25.207937240600586,0,0.0,0.0
2021-02-17 00:00:00+08:00,26.769490735284215,27.037184961853704,25.56486331180475,25.877174377441406,778000,0.0,0.0
2021-02-18 00:00:00+08:00,26.234101031373452,26.76949119567871,25.431016635894775,26.76949119567871,822000,0.0,0.0
2021-02-19 00:00:00+08:00,26.85872282680761,27.126417054526737,26.144868716292617,26.814105987548828,1461000,0.0,0.0
2021-02-22 00:00:00+08:00,27.081800581724067,27.751037819977753,26.99256860956525,27.39411163330078,1538000,0.0,0.0
2021-02-23 00:00:00+08:00,27.39411163330078,27.661805847818933,26.858721502306175,27.39411163330078,802000,0.0,0.0
2021-02-24 00:00:00+08:00,27.394114521605708,27.527961642976987,26.635645231223815,27.21565055847168,830000,0.0,0.0
2021-02-25 00:00:00+08:00,27.21564722331759,27.527958269550595,26.72487393777878,27.126415252685547,920000,0.0,0.0
2021-02-26 00:00:00+08:00,27.126415252685547,27.34949432828651,26.76948907211566,27.126415252685547,472000,0.0,0.0
2021-03-02 00:00:00+08:00,27.483342647995823,27.661806597147862,26.591026306152344,26.591026306152344,578000,0.0,0.0
2021-03-03 00:00:00+08:00,26.680257574696196,27.081800598683184,25.921788363808727,27.03718376159668,476000,0.0,0.0
2021-03-04 00:00:00+08:00,27.21564997523284,27.21564997523284,26.814106917765695,26.992570877075195,195000,0.0,0.0
2021-03-05 00:00:00+08:00,26.769489631729517,27.037183847263485,26.59102568673466,26.72487449645996,192000,0.0,0.0
2021-03-08 00:00:00+08:00,26.81410537146975,26.85872220970342,25.877173894021286,25.966405868530273,487000,0.0,0.0
2021-03-09 00:00:00+08:00,25.877176199937008,26.32333441028075,25.43101798959327,25.564865112304688,365000,0.0,0.0
2021-03-10 00:00:00+08:00,25.743326921294837,26.144868255801153,25.743326921294837,25.921789169311523,171000,0.0,0.0
2021-03-11 00:00:00+08:00,26.14486811558989,26.278716928332546,25.966405868530273,25.966405868530273,213000,0.0,0.0
2021-03-12 00:00:00+08:00,26.323330964575497,26.59102517495736,25.832557678222656,25.832557678222656,295000,0.0,0.0
2021-03-15 00:00:00+08:00,25.92178986094161,26.501796862856743,25.787942745868275,26.45718002319336,333000,0.0,0.0
2021-03-16 00:00:00+08:00,26.72487523069809,27.126416565030972,26.457179305851138,26.903337478637695,1723000,0.0,0.0
2021-03-17 00:00:00+08:00,26.992568626468486,27.394111650455475,26.769489546910894,27.03718376159668,624000,0.0,0.0
2021-03-18 00:00:00+08:00,27.126417103199774,29.714134216308594,26.81410603566148,29.714134216308594,4258000,0.0,0.0
2021-03-19 00:00:00+08:00,30.24952547085794,30.695683643561352,29.223360312073407,29.49105453491211,8424000,0.0,0.0
2021-03-22 00:00:00+08:00,29.491056611601113,29.847984536464534,28.64335534298821,28.821819305419922,3040000,0.0,0.0
2021-03-23 00:00:00+08:00,28.821817645069977,31.141842215197702,28.821817645069977,29.08951187133789,3784000,0.0,0.0
2021-03-24 00:00:00+08:00,28.821816890048794,28.955665701634807,28.286428451538086,28.286428451538086,1046000,0.0,0.0
2021-03-25 00:00:00+08:00,28.42027604763322,28.821817383389398,28.107964985183948,28.19719696044922,588000,0.0,0.0
2021-03-26 00:00:00+08:00,28.55412267079344,28.777201754159012,28.10796450406229,28.286428451538086,431000,0.0,0.0
2021-03-29 00:00:00+08:00,28.42027513051794,29.089510668515505,28.375658293345897,28.643352508544922,823000,0.0,0.0
2021-03-30 00:00:00+08:00,29.000280380249023,30.11567577948937,28.687971030028375,29.000280380249023,1395000,0.0,0.0
2021-03-31 00:00:00+08:00,29.26797617132838,29.892598309321443,29.044897079467773,29.044897079467773,1162000,0.0,0.0
2021-04-01 00:00:00+08:00,29.312590831720758,29.8925978226828,29.223360557995868,29.75874900817871,1061000,0.0,0.0
2021-04-07 00:00:00+08:00,29.535669671399106,30.071061520993233,29.49105453491211,29.49105453491211,1053000,0.0,0.0
2021-04-08 00:00:00+08:00,29.71413290934944,30.294139881534306,29.71413290934944,29.937211990356445,1294000,0.0,0.0
2021-04-09 00:00:00+08:00,30.38337159256198,30.517220409077357,29.267976134656493,29.401824951171875,1344000,0.0,0.0
2021-04-12 00:00:00+08:00,29.580288942283314,30.11567740118205,29.000281941879013,29.044897079467773,1321000,0.0,0.0
2021-04-13 00:00:00+08:00,29.58028807898154,29.66951835155487,28.464890950273002,28.554122924804688,660000,0.0,0.0
2021-04-14 00:00:00+08:00,28.777201872172025,28.777201872172025,26.769490113648395,27.617191314697266,1064000,0.0,0.0
2021-04-15 00:00:00+08:00,27.929500924441264,28.420275935484444,27.70642183813755,27.884885787963867,361000,0.0,0.0
2021-04-16 00:00:00+08:00,28.4648913252261,28.509508164058833,27.92950117294193,28.15258026123047,391000,0.0,0.0
2021-04-19 00:00:00+08:00,28.509508022898494,28.509508022898494,28.107964985183948,28.19719696044922,358000,0.0,0.0
2021-04-20 00:00:00+08:00,28.375658360048764,29.044895601577824,28.15257927953908,28.687971115112305,597000,0.0,0.0
2021-04-21 00:00:00+08:00,29.089511109304144,29.22335992089016,28.24181161368997,28.286428451538086,587000,0.0,0.0
2021-04-22 00:00:00+08:00,28.911049559451538,28.911049559451538,26.76948907211566,27.126415252685547,771000,0.0,0.0
2021-04-23 00:00:00+08:00,27.39411377843569,27.92950224939634,26.412565411743753,27.661808013916016,690000,0.0,0.0
2021-04-26 00:00:00+08:00,28.107966207688854,28.107966207688854,27.304881799289433,27.661808013916016,457000,0.0,0.0
2021-04-27 00:00:00+08:00,27.92950161860474,28.866433123583597,27.438728297322175,28.420276641845703,884000,0.0,0.0
2021-04-28 00:00:00+08:00,28.955665959218095,29.4910544024915,28.241811864922965,28.554122924804688,2281000,0.0,0.0
2021-04-29 00:00:00+08:00,28.42027567771505,28.46489081378779,27.527959340593437,27.617191314697266,877000,0.0,0.0
2021-05-03 00:00:00+08:00,27.483344178322497,27.483344178322497,25.43101715858823,25.698711395263672,1040000,0.0,0.0
2021-05-04 00:00:00+08:00,25.83255900746918,25.83255900746918,23.200225094778293,24.627931594848633,977000,0.0,0.0
2021-05-05 00:00:00+08:00,27.081802368164062,27.081802368164062,27.081802368164062,27.081802368164062,493000,0.0,0.0
2021-05-06 00:00:00+08:00,29.7587491060227,29.7587491060227,28.37565943523893,29.446439743041992,7029000,0.0,0.0
2021-05-07 00:00:00+08:00,28.732588680016434,30.33875751471813,28.286430481270582,28.86643409729004,3294000,0.0,0.0
2021-05-10 00:00:00+08:00,29.26797499620995,30.874143712334785,28.866431966199574,30.204906463623047,4694000,0.0,0.0
2021-05-11 00:00:00+08:00,29.714133992501274,31.677230657705834,27.661807053207912,28.46489143371582,8117000,0.0,0.0
2021-05-12 00:00:00+08:00,28.55412452894117,29.803368838649106,25.65409625647058,25.698711395263672,4684000,0.0,0.0
2021-05-13 00:00:00+08:00,24.717162997448362,27.617191067093177,23.914076939672366,25.02947235107422,3081000,0.0,0.0
2021-05-14 00:00:00+08:00,25.564862347817318,26.23409959096415,24.851009969244025,25.07408905029297,1908000,0.0,0.0
2021-05-17 00:00:00+08:00,22.664835321775424,24.80639425654914,22.57560334491852,22.620220184326172,2104000,0.0,0.0
2021-05-18 00:00:00+08:00,24.851010682298423,24.851010682298423,23.378689045521476,24.627931594848633,3306000,0.0,0.0
2021-05-19 00:00:00+08:00,24.49408245095401,24.984855721849915,23.735613276149063,24.31561851501465,1677000,0.0,0.0
2021-05-20 00:00:00+08:00,24.271004686498028,26.457178658484835,23.735614551862657,24.092540740966797,4176000,0.0,0.0
2021-05-21 00:00:00+08:00,24.538699276511267,24.851010334967626,24.137156243930473,24.67254638671875,931000,0.0,0.0
2021-05-24 00:00:00+08:00,24.538700205959405,25.34178459958094,24.49408506818648,24.851011276245117,1110000,0.0,0.0
2021-05-25 00:00:00+08:00,25.341785298183325,27.304882049560547,25.02947421928807,27.304882049560547,3111000,0.0,0.0
2021-05-26 00:00:00+08:00,27.929500696441036,28.107964644810473,26.412563943134206,27.260263442993164,2667000,0.0,0.0
2021-05-27 00:00:00+08:00,28.375660343097564,28.50950916232413,27.215649724162535,27.349496841430664,2352000,0.0,0.0
2021-05-28 00:00:00+08:00,28.375659349519008,28.375659349519008,27.61719181090467,28.15258026123047,1198000,0.0,0.0
2021-05-31 00:00:00+08:00,28.107964754104614,29.00028109550476,27.840270532467912,28.554122924804688,1962000,0.0,0.0
2021-06-01 00:00:00+08:00,28.598737162113085,31.186455832397343,28.19719584228016,30.338754653930664,4425000,0.0,0.0
2021-06-02 00:00:00+08:00,30.33875613247719,30.78491431089597,28.866432782128502,29.08951187133789,2241000,0.0,0.0
2021-06-03 00:00:00+08:00,29.847983427678273,30.249526477253948,27.79565474378698,28.063350677490234,5488000,0.0,0.0
2021-06-04 00:00:00+08:00,28.107966304603025,28.8218187363175,27.884887206947447,27.974119186401367,1531000,0.0,0.0
2021-06-07 00:00:00+08:00,28.554125452464596,28.554125452464596,26.3233344014908,26.85872459411621,1580000,0.0,0.0
2021-06-08 00:00:00+08:00,27.126418839449666,27.349497944547046,26.814107751921632,26.85872459411621,573000,0.0,0.0
2021-06-09 00:00:00+08:00,26.947953491340293,27.304879678240773,26.769489546910894,27.03718376159668,564000,0.0,0.0
2021-06-10 00:00:00+08:00,27.349495417177884,27.572574501660508,27.081801196582077,27.260263442993164,616000,0.0,0.0
2021-06-11 00:00:00+08:00,27.527958757798366,27.527958757798366,26.992568626468486,27.03718376159668,570000,0.0,0.0
2021-06-15 00:00:00+08:00,27.03718610966813,27.349497188563387,27.03718610966813,27.304882049560547,382000,0.0,0.0
2021-06-16 00:00:00+08:00,27.39411154977138,28.33104299968635,27.39411154977138,27.7064208984375,1168000,0.0,0.0
2021-06-17 00:00:00+08:00,27.92950117294193,28.420276188351743,27.706422084653386,28.15258026123047,1013000,0.0,0.0
2021-06-18 00:00:00+08:00,28.509507558633924,28.55412269456084,27.88488544390707,27.929500579833984,937000,0.0,0.0
2021-06-21 00:00:00+08:00,27.394111164581673,27.8402693157836,26.814104206452544,27.126415252685547,701000,0.0,0.0
2021-06-22 00:00:00+08:00,27.48334367211239,28.420276887136158,26.992570346594047,28.063350677490234,1268000,0.0,0.0
2021-06-23 00:00:00+08:00,28.866432880622682,29.847982918843176,28.732587468990417,28.777202606201172,4587000,0.0,0.0
2021-06-24 00:00:00+08:00,29.134131763497052,30.160293579101562,28.643355021341716,30.160293579101562,2270000,0.0,0.0
2021-06-25 00:00:00+08:00,30.78491355734251,31.052607777057805,29.2233599711005,29.535669326782227,2493000,0.0,0.0
2021-06-28 00:00:00+08:00,29.53567089163324,31.588001293992107,29.000282423836843,31.2310733795166,3385000,0.0,0.0
2021-06-29 00:00:00+08:00,31.632614288738633,32.56954574584961,30.02644559027458,32.56954574584961,4920000,0.0,0.0
2021-06-30 00:00:00+08:00,33.4618623649266,35.826502000281415,33.149553011087285,34.44340896606445,18945000,0.0,0.0
2021-07-01 00:00:00+08:00,34.35417686690889,36.09419429809406,33.55109085131066,33.774169921875,7066000,0.0,0.0
2021-07-02 00:00:00+08:00,33.908021581662744,35.023417028427964,33.59571221813519,33.95263671875,2725000,0.0,0.0
2021-07-05 00:00:00+08:00,36.228041777966666,37.34343719482422,36.228041777966666,37.34343719482422,3484000,0.0,0.0
2021-07-06 00:00:00+08:00,41.04655456542969,41.04655456542969,41.04655456542969,41.04655456542969,1243000,0.0,0.0
2021-07-07 00:00:00+08:00,45.1512034098104,45.1512034098104,40.421927701496905,41.225013732910156,23750000,0.0,0.0
2021-07-08 00:00:00+08:00,41.9388684991982,45.32966995239258,41.3588615094511,45.32966995239258,7800000,0.0,0.0
2021-07-09 00:00:00+08:00,46.84660883321193,49.79125213623047,44.97274584145016,49.79125213623047,27081000,0.0,0.0
2021-07-12 00:00:00+08:00,50.32664278684797,53.538980239660944,48.63124038435869,49.3450927734375,23821000,0.0,0.0
2021-07-13 00:00:00+08:00,46.40044777499352,48.095850112954146,44.43735122680664,44.43735122680664,12737000,0.0,0.0
2021-07-14 00:00:00+08:00,44.30350718493525,46.043521306828474,40.46654423943565,42.29579544067383,8896000,0.0,0.0
2021-07-15 00:00:00+08:00,43.723501719766105,45.954292623835805,42.38502717732429,42.6527214050293,6937000,0.0,0.0
2021-07-16 00:00:00+08:00,42.20656272372888,46.31121998089407,41.80501968497449,45.32966995239258,7630000,0.0,0.0
2021-07-19 00:00:00+08:00,44.97274662709947,46.48968174030342,43.81273261735504,44.526588439941406,5409000,0.0,0.0
2021-07-20 00:00:00+08:00,43.723502525916466,47.20353776199492,42.38502795879658,46.40045166015625,6382000,0.0,0.0
2021-07-21 00:00:00+08:00,47.292770670137266,47.56046491767539,44.0804328918457,44.0804328918457,8324000,0.0,0.0
2021-07-22 00:00:00+08:00,44.52658417567066,45.86505860896037,42.92041213258982,42.965030670166016,3529000,0.0,0.0
2021-07-23 00:00:00+08:00,43.81273109679067,44.03581018262752,42.38502630900152,42.51887512207031,2317000,0.0,0.0
2021-07-26 00:00:00+08:00,43.18811452664561,46.2219882025035,43.18811452664561,45.68659973144531,5940000,0.0,0.0
2021-07-27 00:00:00+08:00,45.95429168239112,45.95429168239112,42.11733208678064,42.51887512207031,4410000,0.0,0.0
2021-07-28 00:00:00+08:00,42.51887656485051,43.50042321427249,38.369604065922395,39.975772857666016,3289000,0.0,0.0
2021-07-29 00:00:00+08:00,40.42192676565022,42.02809538737422,40.24346282903279,41.40347671508789,1440000,0.0,0.0
2021-07-30 00:00:00+08:00,41.44809724942031,42.295798505880875,39.70807959751008,39.79730987548828,1731000,0.0,0.0
2021-08-02 00:00:00+08:00,38.90499193994889,40.60039438575596,37.61113594089888,38.50345230102539,4306000,0.0,0.0
2021-08-03 00:00:00+08:00,39.57423204198537,41.49271371511108,38.86037958358407,39.93115997314453,3062000,0.0,0.0
2021-08-04 00:00:00+08:00,42.92041977480199,43.90196990966797,42.83118949159468,43.90196990966797,1880000,0.0,0.0
2021-08-05 00:00:00+08:00,48.27430873636617,48.27430873636617,45.954287801174424,46.04351806640625,14969000,0.0,0.0
2021-08-06 00:00:00+08:00,44.88351165322557,45.77582800181421,43.94658016799084,44.392738342285156,3809000,0.0,0.0
2021-08-09 00:00:00+08:00,44.39273899098702,45.6865983961308,42.6527214050293,42.6527214050293,2729000,0.0,0.0
2021-08-10 00:00:00+08:00,43.32195927953397,43.54503837304745,41.403481117668164,41.62656021118164,1875000,0.0,0.0
2021-08-11 00:00:00+08:00,42.02810024545732,42.20656420270364,39.261920821848385,39.5742301940918,1953000,0.0,0.0
2021-08-12 00:00:00+08:00,40.10961905694667,41.2696295861525,39.440381820414466,40.42192840576172,1150000,0.0,0.0
2021-08-13 00:00:00+08:00,40.64500869759772,40.957321459649904,38.904991149902344,38.904991149902344,1217000,0.0,0.0
2021-08-16 00:00:00+08:00,38.90498960225292,38.90498960225292,35.2464941071301,36.58496856689453,2848000,0.0,0.0
2021-08-17 00:00:00+08:00,37.47728377122145,38.5034488550953,34.80033493041992,34.80033493041992,2463000,0.0,0.0
2021-08-18 00:00:00+08:00,33.328012053421276,37.38805389404297,33.328012053421276,37.38805389404297,2330000,0.0,0.0
2021-08-19 00:00:00+08:00,36.584972719602945,37.29882516505571,35.06803414556772,35.246498107910156,1454000,0.0,0.0
2021-08-20 00:00:00+08:00,36.76343686512209,37.07574624783973,35.78188676930655,35.87112045288086,2127000,0.0,0.0
2021-08-23 00:00:00+08:00,36.71881719426567,38.369600991641775,36.18342537063701,37.92344284057617,1656000,0.0,0.0
2021-08-24 00:00:00+08:00,38.54806841124633,38.54806841124633,36.62958682698292,36.67420196533203,1568000,0.0,0.0
2021-08-25 00:00:00+08:00,37.031130156407045,38.81576293502907,36.80805105907929,38.235755920410156,1848000,0.0,0.0
2021-08-26 00:00:00+08:00,38.81576580292644,38.81576580292644,37.70037023387683,38.414222717285156,912000,0.0,0.0
2021-08-27 00:00:00+08:00,39.35115293599015,42.07272075226546,39.306537795574506,39.93115997314453,5563000,0.0,0.0
2021-08-30 00:00:00+08:00,39.52961779402426,42.38503109601275,39.52961779402426,42.340415954589844,2868000,0.0,0.0
2021-08-31 00:00:00+08:00,42.34041450586888,42.34041450586888,40.60039681857512,41.58194351196289,2415000,0.0,0.0
2021-09-01 00:00:00+08:00,41.671175429533335,42.38502784937095,40.86808932976799,40.91270446777344,1337000,0.0,0.0
2021-09-02 00:00:00+08:00,41.31424791185572,43.90196678786423,41.18040249656231,42.161949157714844,5333000,0.0,0.0
2021-09-03 00:00:00+08:00,41.849642245966244,42.38503074645996,40.154239654541016,40.154239654541016,3508000,0.0,0.0
2021-09-06 00:00:00+08:00,39.79531540386333,39.84018321185252,36.43043518066406,36.43043518066406,2420000,0.25,0.0
2021-09-07 00:00:00+08:00,36.789357106978585,37.417468766562415,35.533133787810925,36.43043518066406,1419000,0.0,0.0
2021-09-08 00:00:00+08:00,36.43043726903168,36.968820189366156,36.07151874507539,36.206111907958984,629000,0.0,0.0
2021-09-09 00:00:00+08:00,36.74449384570257,37.417469910924474,36.34070752198277,37.05854797363281,555000,0.0,0.0
2021-09-10 00:00:00+08:00,37.910984457608855,37.910984457608855,36.74449331273061,36.96881866455078,580000,0.0,0.0
2021-09-13 00:00:00+08:00,37.37260289326668,38.31476863365722,37.19314193725586,37.19314193725586,1115000,0.0,0.0
2021-09-14 00:00:00+08:00,37.32773623310658,37.68665815614791,36.78935677147772,36.879085540771484,399000,0.0,0.0
2021-09-15 00:00:00+08:00,36.968817246690975,37.0585460148044,35.802326146551,36.295841217041016,638000,0.0,0.0
2021-09-16 00:00:00+08:00,36.87908647006278,38.26990638969442,36.87908647006278,36.96881866455078,1756000,0.0,0.0
2021-09-17 00:00:00+08:00,36.96881509581953,37.86611641648052,36.96881509581953,37.50719451904297,689000,0.0,0.0
2021-09-22 00:00:00+08:00,36.56502968833782,37.238005694871646,36.16124339983093,36.65475845336914,586000,0.0,0.0
2021-09-23 00:00:00+08:00,37.058546230754324,37.596929111371445,36.74449211759417,36.83422088623047,425000,0.0,0.0
2021-09-24 00:00:00+08:00,37.50719841209304,37.866120346784804,36.96881893298864,37.0136833190918,491000,0.0,0.0
2021-09-27 00:00:00+08:00,37.23800719096003,37.417468151165735,36.699627733276024,36.83422088623047,401000,0.0,0.0
2021-09-28 00:00:00+08:00,36.968817246690975,37.148278205850914,35.981783682777845,36.295841217041016,1027000,0.0,0.0
2021-09-29 00:00:00+08:00,35.39854173355025,36.25097876785846,34.546104699242036,34.59096908569336,951000,0.0,0.0
2021-09-30 00:00:00+08:00,34.59096701662663,34.9947533164025,34.232048523551576,34.81529235839844,646000,0.0,0.0
2021-10-01 00:00:00+08:00,35.26394226384622,35.26394226384622,32.616902604758934,32.75149917602539,1051000,0.0,0.0
2021-10-04 00:00:00+08:00,32.93096324969083,33.96285784306626,31.71960426233709,33.6488037109375,1024000,0.0,0.0
2021-10-05 00:00:00+08:00,34.456373865323386,35.847190299721994,33.91799099131119,34.81529235839844,2627000,0.0,0.0
2021-10-06 00:00:00+08:00,35.30880926370578,35.89205655184659,34.27691469160015,34.546104431152344,976000,0.0,0.0
2021-10-07 00:00:00+08:00,35.62286513332007,37.238006917441766,35.263943215544984,36.78935623168945,1739000,0.0,0.0
2021-10-08 00:00:00+08:00,37.23800894227864,37.50719868378075,36.02665339405252,37.05854797363281,1237000,0.0,0.0
2021-10-12 00:00:00+08:00,37.686658852086204,38.00071297334697,35.98178482055664,35.98178482055664,1660000,0.0,0.0
2021-10-13 00:00:00+08:00,36.520168792174566,36.520168792174566,34.635833740234375,34.635833740234375,671000,0.0,0.0
2021-10-14 00:00:00+08:00,35.174215149473575,35.57800145929488,34.36664252983097,35.39854049682617,601000,0.0,0.0
2021-10-15 00:00:00+08:00,36.789356013029646,36.789356013029646,35.80232587941427,36.2509765625,958000,0.0,0.0
2021-10-18 00:00:00+08:00,36.43043464036331,36.923953137459684,35.622865452532466,36.34070587158203,557000,0.0,0.0
2021-10-19 00:00:00+08:00,36.34070666122058,37.68665875978431,36.34070666122058,37.4174690246582,1060000,0.0,0.0
2021-10-20 00:00:00+08:00,37.686657493270815,37.91098283549267,37.01368146660527,37.77638626098633,568000,0.0,0.0
2021-10-21 00:00:00+08:00,38.00071018407714,38.85314713727266,36.609893798828125,36.609893798828125,1115000,0.0,0.0
2021-10-22 00:00:00+08:00,36.968817409363695,38.404498243094416,36.071516032548715,38.26990509033203,1303000,0.0,0.0
2021-10-25 00:00:00+08:00,38.85314678259107,39.48125839620824,37.32773384178735,37.552059173583984,1758000,0.0,0.0
2021-10-26 00:00:00+08:00,38.225035168973896,38.942878969069476,37.23800507824186,37.552059173583984,1440000,0.0,0.0
2021-10-27 00:00:00+08:00,37.866118151390005,39.43639553449204,37.37260308700169,39.167205810546875,1949000,0.0,0.0
2021-10-28 00:00:00+08:00,39.84018168562131,41.05153715039415,39.30179881677435,40.64775085449219,4784000,0.0,0.0
2021-10-29 00:00:00+08:00,40.73748331560259,41.41045933894669,39.66072099366542,40.6926155090332,2878000,0.0,0.0
2021-11-01 00:00:00+08:00,40.4682900467707,40.69261538721384,38.98774485360575,39.167205810546875,2382000,0.0,0.0
2021-11-02 00:00:00+08:00,39.34666252341659,39.929909765570024,37.596927642822266,37.596927642822266,5171000,0.0,0.0
2021-11-03 00:00:00+08:00,37.686655467761746,38.31476707681102,37.37260137470356,37.50719451904297,893000,0.0,0.0
2021-11-04 00:00:00+08:00,38.00071193339187,38.269905084743534,37.327735900878906,37.327735900878906,719000,0.0,0.0
2021-11-05 00:00:00+08:00,37.596930770768466,37.596930770768466,35.89205670796674,36.02665328979492,1404000,0.0,0.0
2021-11-08 00:00:00+08:00,35.847191126671895,36.60989593711747,35.847191126671895,35.89205551147461,609000,0.0,0.0
2021-11-09 00:00:00+08:00,36.3407035407607,36.609893252772345,36.07151382874905,36.520164489746094,417000,0.0,0.0
2021-11-10 00:00:00+08:00,36.52016771506065,36.565032100536015,35.892056049605905,35.98178482055664,449000,0.0,0.0
2021-11-11 00:00:00+08:00,35.98178428108003,36.47530278270933,35.75745893413332,35.89205551147461,377000,0.0,0.0
2021-11-12 00:00:00+08:00,36.161244971122585,36.475302508244695,35.847190856933594,35.847190856933594,462000,0.0,0.0
2021-11-15 00:00:00+08:00,36.16124427082096,37.50719631630759,36.11637988722468,37.238006591796875,816000,0.0,0.0
2021-11-16 00:00:00+08:00,37.686656365894194,37.73152074840986,36.56502968833782,36.65475845336914,667000,0.0,0.0
2021-11-17 00:00:00+08:00,37.1931445558505,37.50719868378075,36.47530410420046,37.05854797363281,1209000,0.0,0.0
2021-11-18 00:00:00+08:00,37.10341067502223,37.41746821162294,36.34070587158203,36.34070587158203,502000,0.0,0.0
2021-11-19 00:00:00+08:00,36.789357803397046,36.789357803397046,35.44340568863862,35.53313446044922,817000,0.0,0.0
2021-11-22 00:00:00+08:00,35.53313158205625,36.1163788203784,35.30880624776818,35.62286376953125,271000,0.0,0.0
2021-11-23 00:00:00+08:00,36.11637946202518,36.11637946202518,34.725563049316406,34.725563049316406,548000,0.0,0.0
2021-11-24 00:00:00+08:00,35.44340163010817,35.488266010876174,34.72556126902166,34.9947509765625,404000,0.0,0.0
2021-11-25 00:00:00+08:00,35.35367617771764,35.398540562685,34.81529328930986,34.905025482177734,317000,0.0,0.0
2021-11-26 00:00:00+08:00,35.26394281755107,35.26394281755107,34.14231611582913,34.276912689208984,535000,0.0,0.0
2021-11-29 00:00:00+08:00,33.28987769689258,34.456372154535,32.79636265408465,34.097450256347656,581000,0.0,0.0
2021-11-30 00:00:00+08:00,34.276912640389284,35.039617427300676,34.276912640389284,34.77042770385742,268000,0.0,0.0
2021-12-01 00:00:00+08:00,34.77042924283229,34.77042924283229,34.232049772116554,34.45637512207031,237000,0.0,0.0
2021-12-02 00:00:00+08:00,34.725565398498226,35.21908049149947,33.559074245149866,34.546104431152344,895000,0.0,0.0
2021-12-03 00:00:00+08:00,35.35367664921113,36.20611024375888,35.21908006958085,35.4882698059082,1178000,0.0,0.0
2021-12-06 00:00:00+08:00,35.71259515666986,36.02665270149611,35.4882698059082,35.4882698059082,270000,0.0,0.0
2021-12-07 00:00:00+08:00,35.622864041458776,36.385568814687126,35.622864041458776,35.667728424072266,500000,0.0,0.0
2021-12-08 00:00:00+08:00,36.34070620536804,36.34070620536804,35.80232674186918,35.89205551147461,408000,0.0,0.0
2021-12-09 00:00:00+08:00,36.25097570803606,36.25097570803606,34.99475245583296,35.17421340942383,472000,0.0,0.0
2021-12-10 00:00:00+08:00,35.17421488118527,35.71259434155179,34.77042857444381,35.353675842285156,294000,0.0,0.0
2021-12-13 00:00:00+08:00,35.71259495584617,35.71259495584617,34.94989013671875,34.94989013671875,240000,0.0,0.0
2021-12-14 00:00:00+08:00,34.94988987694918,34.94988987694918,33.69366655991179,33.96285629272461,490000,0.0,0.0
2021-12-15 00:00:00+08:00,33.559073722255285,34.72556485742818,33.559073722255285,34.45637512207031,181000,0.0,0.0
2021-12-16 00:00:00+08:00,34.81529123279613,35.30880628415182,34.77042685047888,35.12934875488281,264000,0.0,0.0
2021-12-17 00:00:00+08:00,35.129350266349725,37.86611878064914,34.36664204240851,37.327735900878906,3196000,0.0,0.0
2021-12-20 00:00:00+08:00,38.58396221342541,38.718558799622336,37.552064180404635,37.68666076660156,3955000,0.0,0.0
2021-12-21 00:00:00+08:00,37.0585482414215,37.372605794554424,36.34070778458427,37.10341262817383,1070000,0.0,0.0
2021-12-22 00:00:00+08:00,37.282869244267914,37.327733625781036,36.520164489746094,36.520164489746094,631000,0.0,0.0
2021-12-23 00:00:00+08:00,36.789356444041786,38.135308509067706,36.295841371452234,37.327735900878906,1441000,0.0,0.0
2021-12-24 00:00:00+08:00,37.95584523576348,37.95584523576348,36.47530010823297,36.520164489746094,561000,0.0,0.0
2021-12-27 00:00:00+08:00,36.430434524194965,37.91098316489671,36.430434524194965,37.327735900878906,820000,0.0,0.0
2021-12-28 00:00:00+08:00,37.86611767858315,37.86611767858315,36.609894418613855,37.148277282714844,570000,0.0,0.0
2021-12-29 00:00:00+08:00,37.50719424562137,38.045577087852976,37.14827577373317,37.46232986450195,729000,0.0,0.0
2021-12-30 00:00:00+08:00,37.86611856208162,37.86611856208162,36.74449184770084,36.78935623168945,426000,0.0,0.0
2022-01-03 00:00:00+08:00,36.83422034446498,37.14827787593902,36.430434045674396,36.74449157714844,331000,0.0,0.0
2022-01-04 00:00:00+08:00,36.74449424005485,38.94288342796012,36.20611132833928,38.583961486816406,2883000,0.0,0.0
2022-01-05 00:00:00+08:00,39.03260803222656,41.63478327021485,38.85314708082514,39.03260803222656,9197000,0.0,0.0
2022-01-06 00:00:00+08:00,38.22504026552252,38.58396221342541,37.32773881869867,37.68666076660156,1273000,0.0,0.0
2022-01-07 00:00:00+08:00,37.686657940899885,38.22503739945378,36.34070587158203,36.34070587158203,1017000,0.0,0.0
2022-01-10 00:00:00+08:00,35.57799788536863,36.430431381332234,35.57799788536863,35.93691635131836,458000,0.0,0.0
2022-01-11 00:00:00+08:00,36.07151701444058,37.05854718663146,35.892056049605905,35.98178482055664,501000,0.0,0.0
2022-01-12 00:00:00+08:00,36.25097832666697,36.38557148438287,35.48827007454392,35.53313446044922,305000,0.0,0.0
2022-01-13 00:00:00+08:00,35.89205639355809,36.34070709847757,35.53313446044922,35.53313446044922,322000,0.0,0.0
2022-01-14 00:00:00+08:00,35.30880953771433,35.30880953771433,34.4563759263394,34.59096908569336,464000,0.0,0.0
2022-01-17 00:00:00+08:00,34.590967285308984,34.90502481998878,34.27691317356229,34.86015701293945,169000,0.0,0.0
2022-01-18 00:00:00+08:00,34.86015495537076,35.488266564723894,34.86015495537076,35.08448028564453,157000,0.0,0.0
2022-01-19 00:00:00+08:00,34.99475249672667,35.08448126216046,34.54610182369171,34.68069839477539,203000,0.0,0.0
2022-01-20 00:00:00+08:00,34.680703383044744,34.815296550554535,34.2320526454785,34.36664581298828,161000,0.0,0.0
2022-01-21 00:00:00+08:00,34.09744905154658,34.23204561434422,33.469337463378906,33.469337463378906,293000,0.0,0.0
2022-01-24 00:00:00+08:00,33.02069184524396,33.289881588889614,32.392580161448564,33.11042404174805,252000,0.0,0.0
2022-01-25 00:00:00+08:00,33.11042495677774,33.37961470786264,31.943930330520846,31.988798141479492,347000,0.0,0.0
2022-01-26 00:00:00+08:00,30.777436449202444,32.21312070162302,30.777436449202444,31.405548095703125,298000,0.0,0.0
2022-02-07 00:00:00+08:00,32.302848461791505,33.28987857339527,32.033658742529845,33.24501419067383,224000,0.0,0.0
2022-02-08 00:00:00+08:00,33.424475711313704,34.54610241303564,33.424475711313704,34.276912689208984,263000,0.0,0.0
2022-02-09 00:00:00+08:00,35.48827189718397,35.98178701335517,35.174217756784145,35.263946533203125,546000,0.0,0.0
2022-02-10 00:00:00+08:00,35.44340522103256,35.57800179990596,34.63583259365855,34.94989013671875,221000,0.0,0.0
2022-02-11 00:00:00+08:00,34.94988686886644,35.62286285444308,34.590964974052426,35.039615631103516,273000,0.0,0.0
2022-02-14 00:00:00+08:00,34.27691241779499,34.50123775636311,34.007722696099854,34.23204803466797,184000,0.0,0.0
2022-02-15 00:00:00+08:00,34.50123830202943,35.39853967049348,34.32177734375,34.32177734375,102000,0.0,0.0
2022-02-16 00:00:00+08:00,34.81529262882322,35.35367550701726,34.72556386059077,34.86015701293945,143000,0.0,0.0
2022-02-17 00:00:00+08:00,35.44340163010817,35.71259133764901,34.81529003055766,34.9947509765625,329000,0.0,0.0
2022-02-18 00:00:00+08:00,34.45637301799334,35.17421340942383,34.232047681738,35.17421340942383,150000,0.0,0.0
2022-02-21 00:00:00+08:00,35.17421340942383,35.62286408193451,34.94988807316849,35.17421340942383,151000,0.0,0.0
2022-02-22 00:00:00+08:00,35.129349667104265,35.129349667104265,33.917990775484746,34.276912689208984,284000,0.0,0.0
2022-02-23 00:00:00+08:00,34.590968278282645,34.590968278282645,34.097453192971024,34.45637512207031,144000,0.0,0.0
2022-02-24 00:00:00+08:00,34.45637500632792,34.45637500632792,32.3925790553393,32.4823112487793,470000,0.0,0.0
2022-02-25 00:00:00+08:00,32.70663652953741,33.917992043510466,32.437446795647084,32.975826263427734,229000,0.0,0.0
2022-03-01 00:00:00+08:00,33.648799349583946,33.648799349583946,33.28987745401523,33.5590705871582,91000,0.0,0.0
2022-03-02 00:00:00+08:00,33.559074322367124,34.14231818891668,33.28988115926227,34.052589416503906,166000,0.0,0.0
2022-03-03 00:00:00+08:00,34.63583145353919,34.90502460242487,34.14231638547057,34.32177734375,189000,0.0,0.0
2022-03-04 00:00:00+08:00,34.3217767558376,35.35367468106867,34.3217767558376,34.725563049316406,339000,0.0,0.0
2022-03-07 00:00:00+08:00,34.77042905327414,34.77042905327414,32.886097493108686,32.975826263427734,392000,0.0,0.0
2022-03-08 00:00:00+08:00,31.585009055122335,33.15528645990749,31.226087136283915,31.405548095703125,470000,0.0,0.0
2022-03-09 00:00:00+08:00,31.585008150039183,32.48230949848954,31.585008150039183,32.25798416137695,151000,0.0,0.0
2022-03-10 00:00:00+08:00,33.28988011016008,33.28988011016008,32.75150064678347,32.93096160888672,142000,0.0,0.0
2022-03-11 00:00:00+08:00,32.886098684887784,33.11042404174805,32.572041131523434,33.11042404174805,137000,0.0,0.0
2022-03-14 00:00:00+08:00,33.1104254780611,33.37961523338407,32.751503522341515,32.84123229980469,78000,0.0,0.0
2022-03-15 00:00:00+08:00,32.437447460617165,32.930962553355386,31.136359726719487,31.315820693969727,303000,0.0,0.0
2022-03-16 00:00:00+08:00,32.34771458256588,32.48231116089512,31.046626876138156,31.270952224731445,199000,0.0,0.0
2022-03-17 00:00:00+08:00,31.71960387358476,32.302851166599446,31.71960387358476,32.123390197753906,208000,0.0,0.0
2022-03-18 00:00:00+08:00,31.809335464523336,32.84123002562736,31.809335464523336,32.52717590332031,297000,0.0,0.0
2022-03-21 00:00:00+08:00,32.97582243800887,33.69366278608645,32.79636149525628,33.469337463378906,325000,0.0,0.0
2022-03-22 00:00:00+08:00,33.46933897842544,33.46933897842544,32.93095954872979,33.1552848815918,117000,0.0,0.0
2022-03-23 00:00:00+08:00,33.91799047724273,33.91799047724273,33.2001500790393,33.289878845214844,203000,0.0,0.0
2022-03-24 00:00:00+08:00,33.28987769689258,34.36663996852172,33.28987769689258,34.097450256347656,377000,0.0,0.0
2022-03-25 00:00:00+08:00,34.4563739726049,34.54610274041977,33.73853013835361,33.82826232910156,159000,0.0,0.0
2022-03-28 00:00:00+08:00,33.64880075578307,33.64880075578307,32.30284872555175,33.289878845214844,115000,0.0,0.0
2022-03-29 00:00:00+08:00,33.334745832467995,33.42447459643962,33.11042049960598,33.1552848815918,69000,0.0,0.0
2022-03-30 00:00:00+08:00,33.28987998465678,34.14231698423366,33.28987998465678,33.917991638183594,260000,0.0,0.0
2022-03-31 00:00:00+08:00,34.097456055035224,34.54610679260148,33.73853409580883,34.36664581298828,348000,0.0,0.0
2022-04-01 00:00:00+08:00,34.27691147951838,34.27691147951838,33.64879986413462,34.14231491088867,93000,0.0,0.0
2022-04-06 00:00:00+08:00,34.007722651427976,34.99475277065794,33.8731260792907,34.725563049316406,214000,0.0,0.0
2022-04-07 00:00:00+08:00,35.48826697418354,37.19314087310799,33.1552848815918,33.1552848815918,1563000,0.0,0.0
2022-04-08 00:00:00+08:00,33.559072284693556,34.54610241303564,33.559072284693556,34.276912689208984,278000,0.0,0.0
2022-04-11 00:00:00+08:00,34.36664034466061,34.36664034466061,32.57203767994796,32.66176986694336,377000,0.0,0.0
2022-04-12 00:00:00+08:00,32.257983851568085,32.84122766869948,32.12338728142001,32.706634521484375,146000,0.0,0.0
2022-04-13 00:00:00+08:00,33.514206945749876,33.514206945749876,32.751502101598305,33.11042404174805,153000,0.0,0.0
2022-04-14 00:00:00+08:00,33.11042223999683,33.55907292930338,32.796364703722375,33.37961196899414,240000,0.0,0.0
2022-04-15 00:00:00+08:00,33.55907340497196,34.68070014413635,33.24501586424603,33.96285629272461,861000,0.0,0.0
2022-04-18 00:00:00+08:00,36.25097777715389,36.340706547604334,34.63583252558048,35.44340515136719,2178000,0.0,0.0
2022-04-19 00:00:00+08:00,36.16124227373124,36.250974458901176,35.039615631103516,35.039615631103516,829000,0.0,0.0
2022-04-20 00:00:00+08:00,35.17421363728599,35.8023252674565,34.99475268253255,35.71259307861328,420000,0.0,0.0
2022-04-21 00:00:00+08:00,36.0266520888159,36.8790856688669,35.80232674186918,35.89205551147461,885000,0.0,0.0
2022-04-22 00:00:00+08:00,35.892055448295615,37.19314314288296,35.667730101743764,36.38557052612305,1353000,0.0,0.0
2022-04-25 00:00:00+08:00,35.9817866484629,38.26990807621041,35.398542761787425,37.68666076660156,3652000,0.0,0.0
2022-04-26 00:00:00+08:00,39.03261121670971,39.43639753457266,36.74449331273061,36.96881866455078,4655000,0.0,0.0
2022-04-27 00:00:00+08:00,35.53313461715483,35.89205655184659,33.738531789562494,34.546104431152344,2457000,0.0,0.0
2022-04-28 00:00:00+08:00,34.54610496663721,35.12935226381869,34.36664399650957,34.635833740234375,640000,0.0,0.0
2022-04-29 00:00:00+08:00,35.21908021747643,35.4434055691801,34.09745345895807,34.50123977661133,573000,0.0,0.0
2022-05-03 00:00:00+08:00,34.99475067166771,35.93691635131836,34.6806965860951,35.93691635131836,829000,0.0,0.0
2022-05-04 00:00:00+08:00,36.34070439338395,38.94287965739204,36.295840010818225,37.596927642822266,5160000,0.0,0.0
2022-05-05 00:00:00+08:00,37.148280338168846,38.045581762540714,35.84719258824297,36.07151794433594,2789000,0.0,0.0
2022-05-06 00:00:00+08:00,34.27691237276951,34.94988838758985,34.27691237276951,34.725563049316406,854000,0.0,0.0
2022-05-09 00:00:00+08:00,35.17421543918201,35.17421543918201,32.30285028483248,32.4823112487793,1313000,0.0,0.0
2022-05-10 00:00:00+08:00,31.719605209765348,33.02069301003693,31.54014765629348,32.79636764526367,654000,0.0,0.0
2022-05-11 00:00:00+08:00,32.79636536848634,33.200151681633386,32.213121514325664,32.4823112487793,423000,0.0,0.0
2022-05-12 00:00:00+08:00,32.12338719068986,32.392576907292735,30.23905575153677,30.50824546813965,723000,0.0,0.0
2022-05-13 00:00:00+08:00,30.777434458140814,31.49527482644584,30.777434458140814,31.136356353759766,210000,0.0,0.0
2022-05-16 00:00:00+08:00,31.450414568266698,32.61690574755191,31.450414568266698,31.94392967224121,437000,0.0,0.0
2022-05-17 00:00:00+08:00,32.572036172548735,33.69366278608645,31.98879238726879,33.469337463378906,561000,0.0,0.0
2022-05-18 00:00:00+08:00,34.007722388670366,34.007722388670366,32.93096008869072,33.24501419067383,664000,0.0,0.0
2022-05-19 00:00:00+08:00,32.30285048076071,33.02069091796875,32.30285048076071,33.02069091796875,320000,0.0,0.0
2022-05-20 00:00:00+08:00,33.379610488482285,34.18717963965547,33.11042077142456,33.20014953613281,697000,0.0,0.0
2022-05-23 00:00:00+08:00,33.51420545705585,33.648802034366575,32.93096160888672,32.93096160888672,217000,0.0,0.0
2022-05-24 00:00:00+08:00,33.15528847770386,33.424478221748736,32.123390465442995,32.16825485229492,201000,0.0,0.0
2022-05-25 00:00:00+08:00,32.52717556596613,33.289880382477584,32.30285021723533,32.975826263427734,345000,0.0,0.0
2022-05-26 00:00:00+08:00,33.514205182155294,34.05258806404896,32.79636476256353,32.8860969543457,506000,0.0,0.0
2022-05-27 00:00:00+08:00,33.200154255524275,33.200154255524275,32.84123229980469,32.84123229980469,250000,0.0,0.0
2022-05-30 00:00:00+08:00,33.42447861824043,33.91799372533248,33.15528887100235,33.693668365478516,422000,0.0,0.0
2022-05-31 00:00:00+08:00,33.87312698364258,33.96285575217435,33.28987971938675,33.87312698364258,387000,0.0,0.0
2022-06-01 00:00:00+08:00,33.87312960617104,34.18718374328007,33.64880424454077,33.73853302001953,229000,0.0,0.0
2022-06-02 00:00:00+08:00,33.64879959507993,34.456372154535,33.64879959507993,34.097450256347656,374000,0.0,0.0
2022-06-06 00:00:00+08:00,34.81529090817136,35.26394157302649,34.09745052898975,34.14231491088867,849000,0.0,0.0
2022-06-07 00:00:00+08:00,33.64880013248314,34.59096585160608,33.64880013248314,34.18717956542969,227000,0.0,0.0
2022-06-08 00:00:00+08:00,34.32177558698152,34.63582968069578,34.097450256347656,34.097450256347656,201000,0.0,0.0
2022-06-09 00:00:00+08:00,34.321777072691255,34.36664145617352,33.738529818622624,34.276912689208984,164000,0.0,0.0
2022-06-10 00:00:00+08:00,34.54610496663721,35.71259613806687,34.45637619304004,34.635833740234375,945000,0.0,0.0
2022-06-13 00:00:00+08:00,34.54610274041977,34.59096712432721,33.69366575444617,33.82826232910156,261000,0.0,0.0
2022-06-14 00:00:00+08:00,33.11042223999683,33.96285581133279,32.48231059038103,33.37961196899414,276000,0.0,0.0
2022-06-15 00:00:00+08:00,33.64879992930163,33.87312526216365,33.11042049960598,33.1552848815918,204000,0.0,0.0
2022-06-16 00:00:00+08:00,33.87312744802779,33.91799183290874,32.43744659423828,32.43744659423828,322000,0.0,0.0
2022-06-17 00:00:00+08:00,32.75150071935847,33.15528702925226,31.226087672500345,31.495277404785156,596000,0.0,0.0
2022-06-20 00:00:00+08:00,31.67473758827852,31.76446977878869,29.610945127607632,29.924999237060547,501000,0.0,0.0
2022-06-21 00:00:00+08:00,30.4185177425407,30.867168426513672,29.790406100391923,30.867168426513672,192000,0.0,0.0
2022-06-22 00:00:00+08:00,30.867168750200552,30.956897518762855,29.341755724109674,29.476348876953125,262000,0.0,0.0
2022-06-23 00:00:00+08:00,29.700675602728154,30.059597539537734,28.713645410901716,29.386621475219727,244000,0.0,0.0
2022-06-24 00:00:00+08:00,29.610946841964125,30.328787292940238,29.610946841964125,30.14932632446289,277000,0.0,0.0
2022-06-27 00:00:00+08:00,30.687709020060513,31.40554946612822,30.508248052810274,31.315820693969727,294000,0.0,0.0
2022-06-28 00:00:00+08:00,31.315818040881233,31.315818040881233,30.19419136925845,30.50824546813965,102000,0.0,0.0
2022-06-29 00:00:00+08:00,29.835271397172473,30.732572792576157,29.61094604832155,30.014732360839844,157000,0.0,0.0
2022-06-30 00:00:00+08:00,29.65580987729589,29.700674261637985,27.23309718202506,27.502286911010742,561000,0.0,0.0
2022-07-01 00:00:00+08:00,27.008771616572872,27.367691822774972,24.765518188476562,24.765518188476562,1069000,0.0,0.0
2022-07-04 00:00:00+08:00,25.88275894532359,25.88275894532359,24.672414779663086,24.672414779663086,354000,1.0,0.0
2022-07-05 00:00:00+08:00,25.370690296406746,26.022415161132812,25.27758649061625,26.022415161132812,402000,0.0,0.0
2022-07-06 00:00:00+08:00,26.022415733508605,26.441380205070068,25.044828414916992,25.044828414916992,283000,0.0,0.0
2022-07-07 00:00:00+08:00,25.231035861911135,26.162070382455404,24.812069617343248,25.929311752319336,326000,0.0,0.0
2022-07-08 00:00:00+08:00,26.348274895455607,27.465516974221444,26.348274895455607,27.046550750732422,485000,0.0,0.0
2022-07-11 00:00:00+08:00,27.465518103705513,27.88448434442398,26.348275978994533,27.232759475708008,527000,0.0,0.0
2022-07-12 00:00:00+08:00,27.139655019064346,27.139655019064346,25.789656074510084,26.534482955932617,572000,0.0,0.0
2022-07-13 00:00:00+08:00,26.906896459190854,27.837930951036956,26.860345444921496,26.953449249267578,421000,0.0,0.0
2022-07-14 00:00:00+08:00,26.953449369552832,27.744827270507812,26.860345564791256,27.744827270507812,262000,0.0,0.0
2022-07-15 00:00:00+08:00,28.024138913675007,29.560345489461945,27.51206887120777,29.37413787841797,527000,0.0,0.0
2022-07-18 00:00:00+08:00,30.724139500843254,31.003449149618852,29.606897354125977,29.606897354125977,1649000,0.0,0.0
2022-07-19 00:00:00+08:00,29.42069034340316,29.886205814245184,28.72241447342907,29.048276901245117,325000,0.0,0.0
2022-07-20 00:00:00+08:00,29.467241760420535,29.793104192689555,28.95517349243164,28.95517349243164,191000,0.0,0.0
2022-07-21 00:00:00+08:00,29.467240893021895,29.79310331569882,29.048276443129286,29.560344696044922,231000,0.0,0.0
2022-07-22 00:00:00+08:00,29.7931032465512,30.072412879164684,29.00172358640322,29.14137840270996,245000,0.0,0.0
2022-07-25 00:00:00+08:00,28.768965290301534,29.699999777209722,28.722414276279068,29.5137939453125,101000,0.0,0.0
2022-07-26 00:00:00+08:00,29.60689679829953,29.60689679829953,27.93103538549292,28.489656448364258,286000,0.0,0.0
2022-07-27 00:00:00+08:00,28.67586187148706,29.513794341601443,28.489656037089606,29.420690536499023,205000,0.0,0.0
2022-07-28 00:00:00+08:00,29.886207047059354,30.584482945837514,29.700001206202973,30.025863647460938,602000,0.0,0.0
2022-07-29 00:00:00+08:00,32.120691206108596,33.005174717759196,30.817241446664035,31.329313278198242,3937000,0.0,0.0
2022-08-01 00:00:00+08:00,31.003448486328125,31.18965609873307,30.58448224632069,31.003448486328125,417000,0.0,0.0
2022-08-02 00:00:00+08:00,31.096553802490234,32.53965657096545,31.096553802490234,31.096553802490234,1497000,0.0,0.0
2022-08-03 00:00:00+08:00,31.468965629000763,31.79482983744784,30.21207046508789,30.21207046508789,665000,0.0,0.0
2022-08-04 00:00:00+08:00,30.351722717285156,30.58448133797481,29.28103519308156,30.398277282714844,472000,0.0,0.0
2022-08-05 00:00:00+08:00,31.04999871030641,32.30689739830029,31.003447696295094,31.189655303955078,636000,0.0,0.0
2022-08-08 00:00:00+08:00,30.351722782160284,30.863794590063808,30.11896416097312,30.770689010620117,246000,0.0,0.0
2022-08-09 00:00:00+08:00,30.81724028851419,31.236206520562874,30.677587245574447,30.724138259887695,221000,0.0,0.0
2022-08-10 00:00:00+08:00,30.351723359238076,31.468965472501544,30.351723359238076,31.096553802490234,325000,0.0,0.0
2022-08-11 00:00:00+08:00,31.468965205671374,31.65517281490553,30.91034592958364,31.143104553222656,234000,0.0,0.0
2022-08-12 00:00:00+08:00,31.189655889469485,31.701724156436324,31.003448278313876,31.468965530395508,275000,0.0,0.0
2022-08-15 00:00:00+08:00,32.027589222263316,32.027589222263316,31.515517389957186,31.701725006103516,272000,0.0,0.0
2022-08-16 00:00:00+08:00,31.701723688013935,32.53965615002556,31.375863037017595,32.027587890625,520000,0.0,0.0
2022-08-17 00:00:00+08:00,32.16723988088021,32.39999849586721,31.515515048593695,32.21379089355469,648000,0.0,0.0
2022-08-18 00:00:00+08:00,32.4931062132236,33.14482753682584,31.794830322265625,31.794830322265625,1078000,0.0,0.0
2022-08-19 00:00:00+08:00,31.887930773306582,32.3534480108731,31.794828746439148,32.120689392089844,444000,0.0,0.0
2022-08-22 00:00:00+08:00,32.53965535047993,32.72586295430877,32.167240142822266,32.167240142822266,237000,0.0,0.0
2022-08-23 00:00:00+08:00,31.79483005764458,32.3068983297623,31.701724475322845,31.841381072998047,217000,0.0,0.0
2022-08-24 00:00:00+08:00,32.167241999807636,32.21379301554854,31.515517124590563,31.794830322265625,361000,0.0,0.0
2022-08-25 00:00:00+08:00,32.40000125996551,32.958624114560116,32.2137936417673,32.44655227661133,520000,0.0,0.0
2022-08-26 00:00:00+08:00,32.40000125714257,32.86551852679006,32.40000125714257,32.493106842041016,348000,0.0,0.0
2022-08-29 00:00:00+08:00,31.655173141551117,31.79482973782152,31.23620690435469,31.468965530395508,284000,0.0,0.0
2022-08-30 00:00:00+08:00,31.655174598588058,32.400001525878906,31.655174598588058,32.400001525878906,253000,0.0,0.0
2022-08-31 00:00:00+08:00,32.12069055893398,33.05172506788858,32.12069055893398,32.72586441040039,487000,0.0,0.0
2022-09-01 00:00:00+08:00,32.63276016263323,32.63276016263323,31.981035269398134,32.400001525878906,274000,0.0,0.0
2022-09-02 00:00:00+08:00,32.77241542683877,33.424140293456084,32.260347157216174,32.6793098449707,590000,0.0,0.0
2022-09-05 00:00:00+08:00,35.937931060791016,35.937931060791016,35.937931060791016,35.937931060791016,2092000,0.0,0.0
2022-09-06 00:00:00+08:00,37.24137973638948,37.287930750737026,33.84310241479805,34.49482727050781,7367000,0.0,0.0
2022-09-07 00:00:00+08:00,34.49482699548161,37.93965530395508,33.65689808906247,37.93965530395508,5342000,0.0,0.0
2022-09-08 00:00:00+08:00,38.21896547191473,40.17414005069598,36.77586270885234,37.79999923706055,19761000,0.0,0.0
2022-09-12 00:00:00+08:00,37.800000995328965,39.33620941071283,37.2413816906157,39.103450775146484,7237000,0.0,0.0
2022-09-13 00:00:00+08:00,38.49827602182949,40.5931036940319,38.26551739158478,38.451725006103516,7253000,0.0,0.0
2022-09-14 00:00:00+08:00,38.07931458295023,38.07931458295023,36.915521393393256,37.3344841003418,2376000,0.0,0.0
2022-09-15 00:00:00+08:00,37.24138144705597,37.846555316216595,36.45000351195199,36.682762145996094,1808000,0.0,0.0
2022-09-16 00:00:00+08:00,36.124139031946605,37.98620809082648,36.124139031946605,36.729312896728516,2542000,0.0,0.0
2022-09-19 00:00:00+08:00,36.2637934201579,37.0551713012671,34.9137927244881,36.356895446777344,1713000,0.0,0.0
2022-09-20 00:00:00+08:00,35.84482850105532,36.82241402257932,35.75172647104914,36.07758712768555,961000,0.0,0.0
2022-09-21 00:00:00+08:00,36.031034284037325,36.9155177306659,36.031034284037325,36.496551513671875,880000,0.0,0.0
2022-09-22 00:00:00+08:00,36.543105628919896,38.637933340131866,36.49655461232705,37.47414016723633,3245000,0.0,0.0
2022-09-23 00:00:00+08:00,37.42758953365781,38.17241646161014,35.51896942090029,35.75172805786133,2154000,0.0,0.0
2022-09-26 00:00:00+08:00,34.77413678182875,35.47241264934832,32.58620715091332,33.70344924926758,2043000,0.0,0.0
2022-09-27 00:00:00+08:00,33.79655165907831,34.44827651977539,32.818966143840065,34.44827651977539,1222000,0.0,0.0
2022-09-28 00:00:00+08:00,34.44827600735337,34.727585643036,31.189655303955078,31.189655303955078,1278000,0.0,0.0
2022-09-29 00:00:00+08:00,32.3068963632741,33.47068943434582,32.1206887615797,33.09827423095703,993000,0.0,0.0
2022-09-30 00:00:00+08:00,32.074138143379706,34.029309106171276,31.794828513211577,33.88965606689453,798000,0.0,0.0
2022-10-03 00:00:00+08:00,34.44827785131724,34.587934452441516,33.6103453478014,34.168968200683594,892000,0.0,0.0
2022-10-04 00:00:00+08:00,35.28620884266952,36.49655297795688,35.006895652390725,35.332759857177734,1691000,0.0,0.0
2022-10-05 00:00:00+08:00,36.77586444875828,38.73103556842604,36.40344921090969,36.589656829833984,5856000,0.0,0.0
2022-10-06 00:00:00+08:00,37.24138108470201,37.660347332227886,35.798278277992786,35.891380310058594,2273000,0.0,0.0
2022-10-07 00:00:00+08:00,35.89137967323174,36.077587285674305,35.00689617784063,35.1931037902832,955000,0.0,0.0
2022-10-11 00:00:00+08:00,34.68103574093884,34.77413777194644,32.58620807873448,32.63275909423828,1235000,0.0,0.0
2022-10-12 00:00:00+08:00,32.260348210028035,32.865518529653556,31.655174338787603,32.44655227661133,948000,0.0,0.0
2022-10-13 00:00:00+08:00,32.63275899264883,32.67931000800772,29.746553421020508,29.746553421020508,1714000,0.0,0.0
2022-10-14 00:00:00+08:00,31.003448018453078,32.02758809541753,31.003448018453078,31.51551628112793,840000,0.0,0.0
2022-10-17 00:00:00+08:00,30.72413812282516,31.60862159729004,29.74655262014912,31.60862159729004,631000,0.0,0.0
2022-10-18 00:00:00+08:00,32.12069018440558,32.12069018440558,31.143104671724885,31.93448257446289,629000,0.0,0.0
2022-10-19 00:00:00+08:00,31.934483320188722,32.53965717873065,31.375864028930664,31.375864028930664,685000,0.0,0.0
2022-10-20 00:00:00+08:00,31.282756999751307,31.282756999751307,30.165518468886006,30.81723976135254,484000,0.0,0.0
2022-10-21 00:00:00+08:00,31.0965545931835,31.0965545931835,29.560346204433156,29.65345001220703,498000,0.0,0.0
2022-10-24 00:00:00+08:00,30.49138016146488,31.236207058139534,30.49138016146488,30.63103675842285,593000,0.0,0.0
2022-10-25 00:00:00+08:00,30.910345470095937,30.910345470095937,29.793103382913735,29.979310989379883,343000,0.0,0.0
2022-10-26 00:00:00+08:00,30.21206954139877,30.21206954139877,29.420689879414052,29.560344696044922,405000,0.0,0.0
2022-10-27 00:00:00+08:00,29.793104539106057,30.537931442260742,29.70000073225987,30.537931442260742,314000,0.0,0.0
2022-10-28 00:00:00+08:00,30.351723454327384,30.631036647229394,29.700000366054724,29.79310417175293,381000,0.0,0.0
2022-10-31 00:00:00+08:00,31.00344818774433,32.77241516113281,30.44482890752416,32.77241516113281,2114000,0.0,0.0
2022-11-01 00:00:00+08:00,33.331036146811044,33.6569003699587,32.58620921786847,33.23793411254883,4756000,0.0,0.0
2022-11-02 00:00:00+08:00,33.14482603327657,33.51724124553955,32.86551639988668,32.958621978759766,1005000,0.0,0.0
2022-11-03 00:00:00+08:00,32.400001079814324,33.56379424756351,32.306899047040346,33.33103561401367,1222000,0.0,0.0
2022-11-04 00:00:00+08:00,33.23793331450724,33.61034499422946,32.86551808317015,33.42414093017578,829000,0.0,0.0
2022-11-07 00:00:00+08:00,34.40172511678715,35.14655199848508,33.70344924926758,33.70344924926758,1432000,0.0,0.0
2022-11-08 00:00:00+08:00,34.16896893967975,34.40172757884431,33.14482879638672,33.14482879638672,912000,0.0,0.0
2022-11-09 00:00:00+08:00,33.61034288439393,34.355173300312565,33.61034288439393,33.843101501464844,826000,0.0,0.0
2022-11-10 00:00:00+08:00,33.65689693013053,34.355172770576274,33.37758375266057,33.982757568359375,497000,0.0,0.0
2022-11-11 00:00:00+08:00,35.00689706524952,35.10000264963839,33.33103561401367,33.33103561401367,945000,0.0,0.0
2022-11-14 00:00:00+08:00,33.284483907152854,34.634484664059634,33.284483907152854,34.30862045288086,890000,0.0,0.0
2022-11-15 00:00:00+08:00,34.913794306569734,36.124138465541186,34.21551842043834,34.35517501831055,1904000,0.0,0.0
2022-11-16 00:00:00+08:00,34.355174753982006,35.05345063474087,33.843102933467,34.40172576904297,973000,0.0,0.0
2022-11-17 00:00:00+08:00,34.49482764743082,35.61206976205349,34.49482764743082,35.28620910644531,1000000,0.0,0.0
2022-11-18 00:00:00+08:00,35.47241396770085,36.12413884526379,34.91379467356968,35.10000228881836,1244000,0.0,0.0
2022-11-21 00:00:00+08:00,35.19310520139367,35.84483009526697,35.14655418432021,35.70517349243164,668000,0.0,0.0
2022-11-22 00:00:00+08:00,35.89137846370693,35.984484042598,34.634483337402344,34.634483337402344,746000,0.0,0.0
2022-11-23 00:00:00+08:00,35.146552664862796,35.472413321904355,34.40172576904297,34.40172576904297,573000,0.0,0.0
2022-11-24 00:00:00+08:00,34.58793206156416,35.006894732746545,34.12241482548181,34.681034088134766,364000,0.0,0.0
2022-11-25 00:00:00+08:00,34.9603430346605,34.9603430346605,33.88965554361245,33.982757568359375,455000,0.0,0.0
2022-11-28 00:00:00+08:00,33.75000012852754,35.23965388596839,33.61034353493603,34.541378021240234,641000,0.0,0.0
2022-11-29 00:00:00+08:00,34.63448581774486,35.37931274414063,34.30862159571144,34.913795471191406,960000,0.0,0.0
2022-11-30 00:00:00+08:00,34.91379554415562,36.403449400060275,34.91379554415562,35.75172805786133,1780000,0.0,0.0
2022-12-01 00:00:00+08:00,36.21724435447456,37.241380908821206,35.70517252568639,36.77586364746094,2606000,0.0,0.0
2022-12-02 00:00:00+08:00,36.77586409333465,37.42758897746355,35.75172752657128,35.84482955932617,1904000,0.0,0.0
2022-12-05 00:00:00+08:00,35.61207056704107,35.89138021410666,34.96034568947814,35.10000228881836,953000,0.0,0.0
2022-12-06 00:00:00+08:00,34.913792970846174,35.6120688302631,34.49482674487309,34.634483337402344,628000,0.0,0.0
2022-12-07 00:00:00+08:00,34.68103340880512,34.8206899975401,33.79654996725093,33.982757568359375,763000,0.0,0.0
2022-12-08 00:00:00+08:00,34.35517303544746,34.35517303544746,33.796550227815246,33.93620681762695,326000,0.0,0.0
2022-12-09 00:00:00+08:00,34.16896811543904,34.35517573260189,33.237933581239695,33.33103561401367,928000,0.0,0.0
2022-12-12 00:00:00+08:00,33.05172321843708,33.28448183265143,32.63275700252834,33.09827423095703,331000,0.0,0.0
2022-12-13 00:00:00+08:00,33.284482625590954,33.37758465284883,32.86551639970114,32.91206741333008,325000,0.0,0.0
2022-12-14 00:00:00+08:00,32.912069363300986,33.424141198402545,32.81896733052701,33.33103561401367,240000,0.0,0.0
2022-12-15 00:00:00+08:00,33.19138229849382,33.75000159388458,33.19138229849382,33.42414093017578,314000,0.0,0.0
2022-12-16 00:00:00+08:00,32.77241542552516,33.191381664877696,32.49310578316174,32.72586441040039,498000,0.0,0.0
2022-12-19 00:00:00+08:00,32.81896471316673,32.81896471316673,32.16723988088021,32.21379089355469,245000,0.0,0.0
2022-12-20 00:00:00+08:00,32.120690062183556,32.53965629505672,31.143104553222656,31.143104553222656,529000,0.0,0.0
2022-12-21 00:00:00+08:00,31.329311633540094,31.655172280487477,31.09655301383063,31.2362060546875,167000,0.0,0.0
2022-12-22 00:00:00+08:00,31.655172611395617,31.655172611395617,31.329311961041842,31.60862159729004,186000,0.0,0.0
2022-12-23 00:00:00+08:00,31.096554383301633,31.468966060268727,30.537931540428737,31.375864028930664,177000,0.0,0.0
2022-12-26 00:00:00+08:00,31.37586344290241,31.37586344290241,31.00344822127633,31.096553802490234,213000,0.0,0.0
2022-12-27 00:00:00+08:00,31.189655627375885,31.608621861051645,31.189655627375885,31.562070846557617,90000,0.0,0.0
2022-12-28 00:00:00+08:00,31.468965414124163,31.468965414124163,30.584481928114087,30.677587509155273,288000,0.0,0.0
2022-12-29 00:00:00+08:00,30.39827786926124,30.724138523868486,30.02586264832602,30.677587509155273,203000,0.0,0.0
2022-12-30 00:00:00+08:00,31.003448163762517,31.468965414124163,30.63103649444206,30.677587509155273,155000,0.0,0.0
2023-01-03 00:00:00+08:00,30.677587567037428,31.143104818277404,30.165519300996408,31.049999237060547,154000,0.0,0.0
2023-01-04 00:00:00+08:00,30.956896806011784,32.260346513226594,30.956896806011784,32.027587890625,354000,0.0,0.0
2023-01-05 00:00:00+08:00,31.701723561309013,31.934482182980318,31.189655303955078,31.189655303955078,380000,0.0,0.0
2023-01-06 00:00:00+08:00,31.18965497301864,31.282757000053426,30.863794326782227,30.863794326782227,174000,0.0,0.0
2023-01-09 00:00:00+08:00,31.143104817289803,31.18965583208937,30.956897206476764,31.096553802490234,149000,0.0,0.0
2023-01-10 00:00:00+08:00,31.096554333996206,31.32931296358715,30.86379570440526,30.956897735595703,80000,0.0,0.0
2023-01-11 00:00:00+08:00,30.95689635381701,31.14310395950125,30.81723976165016,30.863794326782227,86000,0.0,0.0
2023-01-12 00:00:00+08:00,30.863795922147126,30.9568979539944,30.398278659681047,30.49138069152832,164000,0.0,0.0
2023-01-13 00:00:00+08:00,30.81724016212318,30.81724016212318,29.886205673217773,29.886205673217773,242000,0.0,0.0
2023-01-16 00:00:00+08:00,29.979312049429723,29.979312049429723,29.65344961449534,29.746553421020508,114000,0.0,0.0
2023-01-17 00:00:00+08:00,29.79310422657867,30.25862148011896,29.79310422657867,30.21207046508789,150000,0.0,0.0
2023-01-30 00:00:00+08:00,30.39827708808539,31.14310395920048,30.39827708808539,30.81723976135254,222000,0.0,0.0
2023-01-31 00:00:00+08:00,30.956896421359076,31.42241366077801,30.956896421359076,31.2362060546875,205000,0.0,0.0
2023-02-01 00:00:00+08:00,31.841379954510238,31.981032995665053,31.28275713504691,31.65517234802246,209000,0.0,0.0
2023-02-02 00:00:00+08:00,32.12069045018106,32.44655110656596,31.655173197279883,31.88793182373047,697000,0.0,0.0
2023-02-03 00:00:00+08:00,31.93448198194678,31.981032995665053,31.60862133430419,31.65517234802246,197000,0.0,0.0
2023-02-06 00:00:00+08:00,31.65517367455969,31.88793230451969,31.375864028930664,31.375864028930664,150000,0.0,0.0
2023-02-07 00:00:00+08:00,31.329312222472723,31.655172875545674,31.329312222472723,31.562070846557617,97000,0.0,0.0
2023-02-08 00:00:00+08:00,31.794829793796147,31.93448283869763,31.608622182312722,31.88793182373047,199000,0.0,0.0
2023-02-09 00:00:00+08:00,31.98103379736235,31.98103379736235,31.468965530395508,31.468965530395508,141000,0.0,0.0
2023-02-10 00:00:00+08:00,31.468964874181612,31.468964874181612,30.677586982791134,30.770689010620117,324000,0.0,0.0
2023-02-13 00:00:00+08:00,30.770690121599984,31.096554333996206,30.58448250760426,30.956897735595703,148000,0.0,0.0
2023-02-14 00:00:00+08:00,31.00344944820009,32.86551852679006,31.00344944820009,32.493106842041016,1148000,0.0,0.0
2023-02-15 00:00:00+08:00,32.77241477262715,32.77241477262715,31.84138028222078,32.027587890625,1154000,0.0,0.0
2023-02-16 00:00:00+08:00,32.167242622318824,32.95862411168851,32.12069160567706,32.493106842041016,704000,0.0,0.0
2023-02-17 00:00:00+08:00,32.8189667078683,32.8189667078683,31.934483206836827,32.63275909423828,358000,0.0,0.0
2023-02-20 00:00:00+08:00,32.586207813411285,32.95862303763904,32.53965679828651,32.72586441040039,441000,0.0,0.0
2023-02-21 00:00:00+08:00,32.725864942766826,33.051725605555944,32.58620834350586,32.58620834350586,335000,0.0,0.0
2023-02-22 00:00:00+08:00,33.14482524347698,33.796550073600066,33.09827423095703,33.09827423095703,1711000,0.0,0.0
2023-02-23 00:00:00+08:00,33.284485400531445,33.796553696370474,32.91207015722217,33.14482879638672,738000,0.0,0.0
2023-02-24 00:00:00+08:00,33.47069023191035,33.47069023191035,32.86551639988668,32.958621978759766,426000,0.0,0.0
2023-03-01 00:00:00+08:00,32.95862472267777,33.331036414330605,32.77241710104386,33.191383361816406,248000,0.0,0.0
2023-03-02 00:00:00+08:00,33.23793331450724,33.51724296220262,33.23793331450724,33.42414093017578,251000,0.0,0.0
2023-03-03 00:00:00+08:00,33.65689744909983,34.215516709424165,33.61034288439393,33.843101501464844,694000,0.0,0.0
2023-03-06 00:00:00+08:00,34.26206943745955,35.14655293692364,34.16896740661694,34.30862045288086,950000,0.0,0.0
2023-03-07 00:00:00+08:00,34.72758483886719,34.91379244221526,34.355173183785666,34.72758483886719,735000,0.0,0.0
2023-03-08 00:00:00+08:00,34.63448424463759,35.65862077796336,34.54137866330767,35.239654541015625,1193000,0.0,0.0
2023-03-09 00:00:00+08:00,35.65861945178972,36.775861524894246,35.425860834543556,35.56551742553711,1550000,0.0,0.0
2023-03-10 00:00:00+08:00,35.65861971486865,35.984483912386196,34.448275606581944,35.472412109375,1459000,0.0,0.0
2023-03-13 00:00:00+08:00,35.472411433178834,35.472411433178834,34.308618360546795,34.77413558959961,711000,0.0,0.0
2023-03-14 00:00:00+08:00,34.77413558959961,35.09999978090534,34.63448255185253,34.77413558959961,501000,0.0,0.0
2023-03-15 00:00:00+08:00,35.006896337407994,35.1465529352802,34.35517501831055,34.35517501831055,427000,0.0,0.0
2023-03-16 00:00:00+08:00,33.98276131802511,34.16896893967975,33.051726761366886,33.14482879638672,671000,0.0,0.0
2023-03-17 00:00:00+08:00,33.79655323168736,34.262070503615874,33.65690018107776,34.075862884521484,327000,0.0,0.0
2023-03-20 00:00:00+08:00,34.448275731234894,34.86724195720798,33.98275849162361,34.634483337402344,281000,0.0,0.0
2023-03-21 00:00:00+08:00,35.006894205365334,35.099999782147954,34.77413559083069,34.8206901550293,222000,0.0,0.0
2023-03-22 00:00:00+08:00,34.96034595394983,35.19310458686776,34.913794937689225,35.05345153808594,397000,0.0,0.0
2023-03-23 00:00:00+08:00,34.91379467356968,35.19310432063527,34.91379467356968,35.10000228881836,245000,0.0,0.0
2023-03-24 00:00:00+08:00,35.33276012234555,35.379311137203125,35.1000014964429,35.239654541015625,407000,0.0,0.0
2023-03-27 00:00:00+08:00,35.28620884266952,35.37931087168595,35.006895652390725,35.332759857177734,236000,0.0,0.0
2023-03-28 00:00:00+08:00,35.332760548571535,35.37931156399067,34.26206943585747,34.35517501831055,440000,0.0,0.0
2023-03-29 00:00:00+08:00,34.40172630110608,34.58793391584466,34.07586208740987,34.26206970214844,118000,0.0,0.0
2023-03-30 00:00:00+08:00,34.21551842043834,34.68103567785927,34.21551842043834,34.35517501831055,210000,0.0,0.0
2023-03-31 00:00:00+08:00,34.68103514490901,34.68103514490901,34.30861992404932,34.44827651977539,221000,0.0,0.0
2023-04-06 00:00:00+08:00,34.44827625616027,34.58793285081763,34.075861038150485,34.49482727050781,111000,0.0,0.0
2023-04-07 00:00:00+08:00,34.541378814225865,34.541378814225865,34.26206917224528,34.40172576904297,177000,0.0,0.0
2023-04-10 00:00:00+08:00,33.70344924926758,34.07586091430918,33.610343669296135,33.70344924926758,410000,0.0,0.0
2023-04-11 00:00:00+08:00,33.70344924926758,33.88965685759574,33.610343669296135,33.70344924926758,211000,0.0,0.0
2023-04-12 00:00:00+08:00,33.98275783035932,34.122414420171026,33.70344820235052,33.93620681762695,260000,0.0,0.0
2023-04-13 00:00:00+08:00,33.98275809235325,33.98275809235325,33.74999947528234,33.843101501464844,219000,0.0,0.0
2023-04-14 00:00:00+08:00,33.84310424552713,34.35517608589459,33.84310424552713,34.12241744995117,168000,0.0,0.0
2023-04-17 00:00:00+08:00,34.07586000295624,34.72758483886719,34.029308990022884,34.72758483886719,290000,0.0,0.0
2023-04-18 00:00:00+08:00,34.727586963187456,34.727586963187456,34.168967670586575,34.26206970214844,271000,0.0,0.0
2023-04-19 00:00:00+08:00,34.262067988488006,34.54137762081842,33.70344872382717,33.79655075073242,297000,0.0,0.0
2023-04-20 00:00:00+08:00,33.79655342135202,33.79655342135202,33.23793411254883,33.23793411254883,462000,0.0,0.0
2023-04-21 00:00:00+08:00,33.331032686746276,33.331032686746276,32.3068962097168,32.3068962097168,394000,0.0,0.0
2023-04-24 00:00:00+08:00,32.12069187209671,32.63276016263323,31.934484252370257,32.400001525878906,123000,0.0,0.0
2023-04-25 00:00:00+08:00,31.74827511291372,32.07413931974023,30.81724061046329,31.096553802490234,563000,0.0,0.0
2023-04-26 00:00:00+08:00,31.09655464850441,31.282758712768555,30.910347032625396,31.282758712768555,154000,0.0,0.0
2023-04-27 00:00:00+08:00,31.049999237060547,31.46896547349948,30.817240611440557,31.049999237060547,159000,0.0,0.0
2023-04-28 00:00:00+08:00,31.143104874584274,31.60862212666591,31.143104874584274,31.468965530395508,102000,0.0,0.0
2023-05-02 00:00:00+08:00,31.143105136389043,31.887932035658096,31.143105136389043,31.422414779663086,113000,0.0,0.0
2023-05-03 00:00:00+08:00,31.143104027449585,31.42241366077801,31.04999844859699,31.2362060546875,90000,0.0,0.0
2023-05-04 00:00:00+08:00,30.81724061046329,31.37586344290241,30.81724061046329,31.096553802490234,253000,0.0,0.0
2023-05-05 00:00:00+08:00,31.09655464850441,31.468966328647564,31.09655464850441,31.282758712768555,166000,0.0,0.0
2023-05-08 00:00:00+08:00,31.32931296358715,31.375863979182373,30.025863217231922,30.956897735595703,394000,0.0,0.0
2023-05-09 00:00:00+08:00,30.9103466178896,31.096554231270197,29.18793240944504,30.11896514892578,397000,0.0,0.0
2023-05-10 00:00:00+08:00,30.631036971974442,30.631036971974442,29.979312100984913,30.16551971435547,131000,0.0,0.0
2023-05-11 00:00:00+08:00,30.53793188445456,30.53793188445456,29.51379532173907,29.606897354125977,268000,0.0,0.0
2023-05-12 00:00:00+08:00,29.327587748682777,30.025863647460938,29.327587748682777,30.025863647460938,146000,0.0,0.0
2023-05-15 00:00:00+08:00,29.70000102819025,29.83965585194735,29.60689722041638,29.65345001220703,118000,0.0,0.0
2023-05-16 00:00:00+08:00,30.258620959803157,30.258620959803157,28.675861614659738,29.467241287231445,331000,0.0,0.0
2023-05-17 00:00:00+08:00,29.467241218392175,30.165518860871423,29.467241218392175,29.93276023864746,93000,0.0,0.0
2023-05-18 00:00:00+08:00,30.444829442670947,30.444829442670947,29.700000762939453,29.700000762939453,135000,0.0,0.0
2023-05-19 00:00:00+08:00,29.51379492486214,29.793104569881816,29.51379492486214,29.700000762939453,156000,0.0,0.0
2023-05-22 00:00:00+08:00,29.700000103078303,29.979311517699777,29.513794269138025,29.83965492248535,170000,0.0,0.0
2023-05-23 00:00:00+08:00,29.979312152798435,30.8172410869919,29.839655554625445,30.537931442260742,242000,0.0,0.0
2023-05-24 00:00:00+08:00,30.677587781606938,32.81896644196541,30.16551951198434,32.6793098449707,1141000,0.0,0.0
2023-05-25 00:00:00+08:00,33.237931347398884,33.331033373915695,32.8189651248439,33.00517272949219,2199000,0.0,0.0
2023-05-26 00:00:00+08:00,32.772413701650954,32.958621303970055,32.07413785666527,32.260345458984375,592000,0.0,0.0
2023-05-29 00:00:00+08:00,32.306896470518254,32.58620609817973,32.12068886820573,32.21379089355469,293000,0.0,0.0
2023-05-30 00:00:00+08:00,31.794829793796147,32.21379248011538,31.794829793796147,31.88793182373047,265000,0.0,0.0
2023-05-31 00:00:00+08:00,32.0741389052059,32.39999955620613,31.934482310997385,31.981033325195312,218000,0.0,0.0
2023-06-01 00:00:00+08:00,32.02758815524161,32.12069018440558,31.70172394993821,31.93448257446289,310000,0.0,0.0
2023-06-02 00:00:00+08:00,31.98103370393701,33.191381397105324,31.93448268918779,32.77241516113281,538000,0.0,0.0
2023-06-05 00:00:00+08:00,32.7724148974905,33.42413975358099,32.7724148974905,32.818965911865234,1169000,0.0,0.0
2023-06-06 00:00:00+08:00,32.818967513007735,33.05172614785176,32.40000125996551,32.44655227661133,278000,0.0,0.0
2023-06-07 00:00:00+08:00,32.725862623058894,35.23965281865243,32.30689640658844,34.77413558959961,3384000,0.0,0.0
2023-06-08 00:00:00+08:00,34.587932725115316,34.63448373929367,33.51724164093942,33.70344924926758,2204000,0.0,0.0
2023-06-09 00:00:00+08:00,34.54137961602164,34.91379484838369,34.07586235137653,34.215518951416016,2705000,0.0,0.0
2023-06-12 00:00:00+08:00,34.30862034618622,34.401725928354104,33.237932788366585,33.517242431640625,617000,0.0,0.0
2023-06-13 00:00:00+08:00,33.88965685759574,34.07586091430918,33.51724164093942,33.70344924926758,344000,0.0,0.0
2023-06-14 00:00:00+08:00,34.07586118177238,34.07586118177238,33.517241904017986,33.61034393310547,284000,0.0,0.0
2023-06-15 00:00:00+08:00,33.936210296737066,34.02931233174653,33.09827777519197,33.191383361816406,460000,0.0,0.0
2023-06-16 00:00:00+08:00,33.33103595975884,34.86724437776892,33.33103595975884,34.075862884521484,1081000,0.0,0.0
2023-06-19 00:00:00+08:00,33.9827605830562,34.727587501950886,33.9827605830562,34.168968200683594,891000,0.0,0.0
2023-06-20 00:00:00+08:00,33.796551277624296,34.07586091430918,33.470690626761055,33.70344924926758,379000,0.0,0.0
2023-06-21 00:00:00+08:00,33.843100979624396,34.12241415709436,33.703447942504,33.982757568359375,317000,0.0,0.0
2023-06-26 00:00:00+08:00,33.98276049827619,34.07586253105017,33.28448459762669,33.33103561401367,379000,0.0,0.0
2023-06-27 00:00:00+08:00,33.517241245350334,33.56379225897927,32.72586335881432,32.91206741333008,353000,0.0,0.0
2023-06-28 00:00:00+08:00,33.05172413793103,33.88965659305967,33.05172413793103,33.75,870000,0.0,0.0
2023-06-29 00:00:00+08:00,33.75,34.25,33.75,33.75,337000,2.5,0.0
2023-06-30 00:00:00+08:00,33.900001525878906,34.0,33.70000076293945,33.70000076293945,119000,0.0,0.0
2023-07-03 00:00:00+08:00,34.20000076293945,34.20000076293945,33.70000076293945,33.75,390000,0.0,0.0
2023-07-04 00:00:00+08:00,33.79999923706055,33.79999923706055,33.29999923706055,33.29999923706055,274000,0.0,0.0
2023-07-05 00:00:00+08:00,32.79999923706055,33.0,32.5,32.54999923706055,534000,0.0,0.0
2023-07-06 00:00:00+08:00,32.79999923706055,33.20000076293945,32.70000076293945,33.0,264000,0.0,0.0
2023-07-07 00:00:00+08:00,33.25,33.25,31.850000381469727,32.099998474121094,432000,0.0,0.0
2023-07-10 00:00:00+08:00,32.04999923706055,32.29999923706055,31.649999618530273,31.850000381469727,309000,0.0,0.0
2023-07-11 00:00:00+08:00,31.399999618530273,32.45000076293945,31.399999618530273,32.150001525878906,208000,0.0,0.0
2023-07-12 00:00:00+08:00,32.099998474121094,33.900001525878906,31.950000762939453,33.70000076293945,861000,0.0,0.0
2023-07-13 00:00:00+08:00,34.04999923706055,34.900001525878906,33.70000076293945,33.70000076293945,1414000,0.0,0.0
2023-07-14 00:00:00+08:00,33.70000076293945,33.70000076293945,33.099998474121094,33.45000076293945,350000,0.0,0.0
2023-07-17 00:00:00+08:00,33.45000076293945,33.900001525878906,33.04999923706055,33.5,381000,0.0,0.0
2023-07-18 00:00:00+08:00,33.5,33.5,32.04999923706055,32.349998474121094,272000,0.0,0.0
2023-07-19 00:00:00+08:00,32.29999923706055,32.75,31.75,31.75,252000,0.0,0.0
2023-07-20 00:00:00+08:00,32.0,32.29999923706055,31.950000762939453,32.29999923706055,103000,0.0,0.0
2023-07-21 00:00:00+08:00,31.899999618530273,32.650001525878906,31.75,32.400001525878906,212000,0.0,0.0
2023-07-24 00:00:00+08:00,32.650001525878906,32.650001525878906,31.850000381469727,32.0,164000,0.0,0.0
2023-07-25 00:00:00+08:00,32.20000076293945,32.45000076293945,31.899999618530273,32.04999923706055,172000,0.0,0.0
2023-07-26 00:00:00+08:00,32.20000076293945,32.20000076293945,32.0,32.0,153000,0.0,0.0
2023-07-27 00:00:00+08:00,32.04999923706055,32.5,32.04999923706055,32.29999923706055,114000,0.0,0.0
2023-07-28 00:00:00+08:00,32.0,32.29999923706055,32.0,32.20000076293945,143000,0.0,0.0
2023-07-31 00:00:00+08:00,32.0,32.150001525878906,31.399999618530273,31.649999618530273,385000,0.0,0.0
2023-08-01 00:00:00+08:00,31.649999618530273,31.950000762939453,31.450000762939453,31.549999237060547,183000,0.0,0.0
2023-08-02 00:00:00+08:00,31.549999237060547,31.899999618530273,31.049999237060547,31.149999618530273,199000,0.0,0.0
2023-08-04 00:00:00+08:00,31.0,31.5,30.600000381469727,31.350000381469727,170000,0.0,0.0
2023-08-07 00:00:00+08:00,31.299999237060547,31.5,30.950000762939453,31.299999237060547,145000,0.0,0.0
2023-08-08 00:00:00+08:00,31.700000762939453,31.700000762939453,31.149999618530273,31.350000381469727,114000,0.0,0.0
2023-08-09 00:00:00+08:00,31.350000381469727,31.350000381469727,30.799999237060547,30.799999237060547,132000,0.0,0.0
2023-08-10 00:00:00+08:00,30.799999237060547,30.799999237060547,30.100000381469727,30.25,184000,0.0,0.0
2023-08-11 00:00:00+08:00,30.350000381469727,30.5,30.0,30.0,118000,0.0,0.0
2023-08-14 00:00:00+08:00,29.799999237060547,29.799999237060547,28.5,29.200000762939453,199000,0.0,0.0
2023-08-15 00:00:00+08:00,29.350000381469727,31.299999237060547,28.649999618530273,30.75,456000,0.0,0.0
2023-08-16 00:00:00+08:00,30.049999237060547,32.400001525878906,29.799999237060547,32.150001525878906,748000,0.0,0.0
2023-08-17 00:00:00+08:00,32.0,32.150001525878906,31.5,31.75,585000,0.0,0.0
2023-08-18 00:00:00+08:00,31.899999618530273,32.0,31.0,31.0,195000,0.0,0.0
2023-08-21 00:00:00+08:00,31.399999618530273,31.399999618530273,30.75,30.75,140000,0.0,0.0
2023-08-22 00:00:00+08:00,31.0,31.0,30.5,30.5,97000,0.0,0.0
2023-08-23 00:00:00+08:00,30.799999237060547,32.54999923706055,30.399999618530273,31.700000762939453,738000,0.0,0.0
2023-08-24 00:00:00+08:00,32.349998474121094,32.349998474121094,31.350000381469727,31.399999618530273,676000,0.0,0.0
2023-08-25 00:00:00+08:00,31.200000762939453,31.5,30.950000762939453,31.25,104000,0.0,0.0
2023-08-28 00:00:00+08:00,31.299999237060547,31.299999237060547,30.25,30.25,198000,0.0,0.0
2023-08-29 00:00:00+08:00,30.25,30.600000381469727,30.100000381469727,30.25,78000,0.0,0.0
2023-08-30 00:00:00+08:00,30.600000381469727,31.200000762939453,30.5,31.100000381469727,122000,0.0,0.0
2023-08-31 00:00:00+08:00,30.649999618530273,31.399999618530273,30.649999618530273,31.0,89000,0.0,0.0
2023-09-01 00:00:00+08:00,30.75,32.599998474121094,30.75,32.20000076293945,647000,0.0,0.0
2023-09-04 00:00:00+08:00,32.29999923706055,32.70000076293945,32.0,32.349998474121094,714000,0.0,0.0
2023-09-05 00:00:00+08:00,32.349998474121094,32.400001525878906,32.0,32.20000076293945,228000,0.0,0.0
2023-09-06 00:00:00+08:00,32.5,32.5,31.799999237060547,31.799999237060547,178000,0.0,0.0
2023-09-07 00:00:00+08:00,31.700000762939453,32.0,31.649999618530273,31.649999618530273,92000,0.0,0.0
2023-09-08 00:00:00+08:00,31.799999237060547,31.850000381469727,31.399999618530273,31.600000381469727,93000,0.0,0.0
2023-09-11 00:00:00+08:00,31.200000762939453,31.600000381469727,30.700000762939453,30.700000762939453,213000,0.0,0.0
2023-09-12 00:00:00+08:00,31.0,31.0,30.5,30.600000381469727,102000,0.0,0.0
2023-09-13 00:00:00+08:00,30.700000762939453,31.0,30.700000762939453,30.850000381469727,44000,0.0,0.0
2023-09-14 00:00:00+08:00,30.899999618530273,31.299999237060547,30.850000381469727,31.25,115000,0.0,0.0
2023-09-15 00:00:00+08:00,31.25,31.25,30.799999237060547,30.850000381469727,82000,0.0,0.0
2023-09-18 00:00:00+08:00,31.0,31.350000381469727,30.950000762939453,31.0,92000,0.0,0.0
2023-09-19 00:00:00+08:00,31.049999237060547,31.049999237060547,30.5,30.549999237060547,89000,0.0,0.0
2023-09-20 00:00:00+08:00,30.850000381469727,30.850000381469727,30.299999237060547,30.399999618530273,94000,0.0,0.0
2023-09-21 00:00:00+08:00,30.100000381469727,30.25,30.0,30.0,98000,0.0,0.0
2023-09-22 00:00:00+08:00,30.200000762939453,30.600000381469727,29.75,30.399999618530273,147000,0.0,0.0
2023-09-25 00:00:00+08:00,30.5,30.700000762939453,30.399999618530273,30.399999618530273,46000,0.0,0.0
2023-09-26 00:00:00+08:00,30.5,30.549999237060547,30.299999237060547,30.299999237060547,49000,0.0,0.0
2023-09-27 00:00:00+08:00,30.700000762939453,30.700000762939453,30.299999237060547,30.350000381469727,40000,0.0,0.0
2023-09-28 00:00:00+08:00,30.25,30.75,30.049999237060547,30.049999237060547,87000,0.0,0.0
2023-10-02 00:00:00+08:00,30.100000381469727,30.399999618530273,30.100000381469727,30.200000762939453,88000,0.0,0.0
2023-10-03 00:00:00+08:00,30.600000381469727,30.600000381469727,30.200000762939453,30.200000762939453,64000,0.0,0.0
2023-10-04 00:00:00+08:00,30.200000762939453,30.200000762939453,29.899999618530273,29.899999618530273,101000,0.0,0.0
2023-10-05 00:00:00+08:00,30.0,30.350000381469727,29.799999237060547,29.799999237060547,182000,0.0,0.0
2023-10-06 00:00:00+08:00,29.850000381469727,30.100000381469727,29.850000381469727,29.950000762939453,51000,0.0,0.0
2023-10-11 00:00:00+08:00,30.0,30.0,29.200000762939453,29.200000762939453,119000,0.0,0.0
2023-10-12 00:00:00+08:00,29.649999618530273,30.5,29.399999618530273,30.0,178000,0.0,0.0
2023-10-13 00:00:00+08:00,30.200000762939453,30.350000381469727,29.700000762939453,29.700000762939453,69000,0.0,0.0
2023-10-16 00:00:00+08:00,29.5,29.5,29.200000762939453,29.350000381469727,36000,0.0,0.0
2023-10-17 00:00:00+08:00,29.5,29.5,28.649999618530273,29.5,81000,0.0,0.0
2023-10-18 00:00:00+08:00,29.0,29.149999618530273,28.399999618530273,28.549999237060547,119000,0.0,0.0
2023-10-19 00:00:00+08:00,28.600000381469727,28.850000381469727,28.549999237060547,28.549999237060547,57000,0.0,0.0
2023-10-20 00:00:00+08:00,28.299999237060547,28.5,28.100000381469727,28.299999237060547,67000,0.0,0.0
2023-10-23 00:00:00+08:00,28.399999618530273,28.700000762939453,28.0,28.299999237060547,88000,0.0,0.0
2023-10-24 00:00:00+08:00,28.5,28.5,27.5,27.649999618530273,330000,0.0,0.0
2023-10-25 00:00:00+08:00,28.100000381469727,29.399999618530273,27.799999237060547,29.049999237060547,276000,0.0,0.0
2023-10-26 00:00:00+08:00,29.799999237060547,30.25,29.0,29.0,326000,0.0,0.0
2023-10-27 00:00:00+08:00,29.100000381469727,29.25,28.75,28.799999237060547,33000,0.0,0.0
2023-10-30 00:00:00+08:00,28.799999237060547,29.0,28.299999237060547,28.899999618530273,122000,0.0,0.0
2023-10-31 00:00:00+08:00,29.0,29.0,28.350000381469727,28.350000381469727,73000,0.0,0.0
2023-11-01 00:00:00+08:00,28.450000762939453,28.600000381469727,28.049999237060547,28.200000762939453,48000,0.0,0.0
2023-11-02 00:00:00+08:00,28.799999237060547,28.799999237060547,28.399999618530273,28.5,35000,0.0,0.0
2023-11-03 00:00:00+08:00,28.600000381469727,28.600000381469727,28.5,28.549999237060547,59000,0.0,0.0
2023-11-06 00:00:00+08:00,28.350000381469727,29.0,28.350000381469727,28.5,151000,0.0,0.0
2023-11-07 00:00:00+08:00,28.549999237060547,28.700000762939453,28.299999237060547,28.350000381469727,45000,0.0,0.0
2023-11-08 00:00:00+08:00,28.350000381469727,28.399999618530273,28.100000381469727,28.200000762939453,49000,0.0,0.0
2023-11-09 00:00:00+08:00,28.200000762939453,28.350000381469727,28.100000381469727,28.149999618530273,59000,0.0,0.0
2023-11-10 00:00:00+08:00,28.149999618530273,28.399999618530273,27.899999618530273,28.0,189000,0.0,0.0
2023-11-13 00:00:00+08:00,28.700000762939453,28.700000762939453,27.950000762939453,27.950000762939453,40000,0.0,0.0
2023-11-14 00:00:00+08:00,28.0,28.100000381469727,27.950000762939453,28.0,54000,0.0,0.0
2023-11-15 00:00:00+08:00,28.649999618530273,28.649999618530273,28.049999237060547,28.149999618530273,116000,0.0,0.0
2023-11-16 00:00:00+08:00,28.649999618530273,28.649999618530273,28.100000381469727,28.399999618530273,45000,0.0,0.0
2023-11-17 00:00:00+08:00,28.5,28.5,28.299999237060547,28.5,63000,0.0,0.0
2023-11-20 00:00:00+08:00,28.299999237060547,28.600000381469727,28.299999237060547,28.450000762939453,53000,0.0,0.0
2023-11-21 00:00:00+08:00,28.450000762939453,28.549999237060547,28.399999618530273,28.450000762939453,83000,0.0,0.0
2023-11-22 00:00:00+08:00,28.5,28.75,28.350000381469727,28.700000762939453,161000,0.0,0.0
2023-11-23 00:00:00+08:00,28.700000762939453,28.850000381469727,28.649999618530273,28.649999618530273,159000,0.0,0.0
2023-11-24 00:00:00+08:00,28.700000762939453,28.799999237060547,28.149999618530273,28.450000762939453,207000,0.0,0.0
2023-11-27 00:00:00+08:00,28.399999618530273,28.450000762939453,28.149999618530273,28.149999618530273,95000,0.0,0.0
2023-11-28 00:00:00+08:00,28.149999618530273,28.549999237060547,28.149999618530273,28.25,102000,0.0,0.0
2023-11-29 00:00:00+08:00,28.299999237060547,28.649999618530273,28.25,28.549999237060547,95000,0.0,0.0
2023-11-30 00:00:00+08:00,28.799999237060547,28.799999237060547,28.399999618530273,28.649999618530273,185000,0.0,0.0
2023-12-01 00:00:00+08:00,28.549999237060547,28.899999618530273,28.350000381469727,28.850000381469727,117000,0.0,0.0
2023-12-04 00:00:00+08:00,29.0,29.950000762939453,28.899999618530273,29.899999618530273,513000,0.0,0.0
2023-12-05 00:00:00+08:00,30.049999237060547,30.299999237060547,29.149999618530273,29.299999237060547,243000,0.0,0.0
2023-12-06 00:00:00+08:00,29.5,29.5,29.049999237060547,29.100000381469727,159000,0.0,0.0
2023-12-07 00:00:00+08:00,29.149999618530273,29.299999237060547,29.049999237060547,29.25,94000,0.0,0.0
2023-12-08 00:00:00+08:00,29.25,29.350000381469727,29.149999618530273,29.25,108000,0.0,0.0
2023-12-11 00:00:00+08:00,29.25,29.25,28.799999237060547,28.899999618530273,106000,0.0,0.0
2023-12-12 00:00:00+08:00,29.100000381469727,29.100000381469727,28.649999618530273,28.649999618530273,113000,0.0,0.0
2023-12-13 00:00:00+08:00,28.649999618530273,29.299999237060547,28.649999618530273,29.0,197000,0.0,0.0
2023-12-14 00:00:00+08:00,29.0,29.100000381469727,28.899999618530273,28.950000762939453,110000,0.0,0.0
2023-12-15 00:00:00+08:00,29.0,29.049999237060547,28.850000381469727,28.899999618530273,147000,0.0,0.0
2023-12-18 00:00:00+08:00,28.899999618530273,29.049999237060547,28.299999237060547,28.350000381469727,301000,0.0,0.0
2023-12-19 00:00:00+08:00,28.399999618530273,28.450000762939453,27.100000381469727,27.100000381469727,560000,0.0,0.0
2023-12-20 00:00:00+08:00,27.350000381469727,28.450000762939453,27.350000381469727,28.100000381469727,215000,0.0,0.0
2023-12-21 00:00:00+08:00,28.200000762939453,28.200000762939453,27.850000381469727,27.899999618530273,60000,0.0,0.0
2023-12-22 00:00:00+08:00,28.0,28.149999618530273,27.850000381469727,27.850000381469727,68000,0.0,0.0
2023-12-25 00:00:00+08:00,27.649999618530273,28.100000381469727,27.649999618530273,27.75,56000,0.0,0.0
2023-12-26 00:00:00+08:00,27.649999618530273,28.0,27.649999618530273,27.799999237060547,94000,0.0,0.0
2023-12-27 00:00:00+08:00,27.799999237060547,28.100000381469727,27.799999237060547,27.899999618530273,63000,0.0,0.0
2023-12-28 00:00:00+08:00,28.100000381469727,28.149999618530273,27.950000762939453,28.049999237060547,83000,0.0,0.0
2023-12-29 00:00:00+08:00,28.25,28.5,28.0,28.100000381469727,60000,0.0,0.0
2024-01-02 00:00:00+08:00,28.450000762939453,28.5,27.950000762939453,28.100000381469727,48000,0.0,0.0
2024-01-03 00:00:00+08:00,28.100000381469727,28.100000381469727,27.5,27.700000762939453,129000,0.0,0.0
2024-01-04 00:00:00+08:00,27.600000381469727,27.850000381469727,27.5,27.549999237060547,102000,0.0,0.0
2024-01-05 00:00:00+08:00,27.600000381469727,27.799999237060547,27.5,27.600000381469727,48000,0.0,0.0
2024-01-08 00:00:00+08:00,28.0,28.0,27.700000762939453,27.700000762939453,36000,0.0,0.0
2024-01-09 00:00:00+08:00,27.75,27.75,27.299999237060547,27.350000381469727,73000,0.0,0.0
2024-01-10 00:00:00+08:00,27.200000762939453,27.25,27.100000381469727,27.149999618530273,49000,0.0,0.0
2024-01-11 00:00:00+08:00,27.200000762939453,27.600000381469727,27.200000762939453,27.25,26000,0.0,0.0
2024-01-12 00:00:00+08:00,27.25,27.5,27.200000762939453,27.5,22000,0.0,0.0
2024-01-15 00:00:00+08:00,27.899999618530273,27.899999618530273,27.600000381469727,27.75,43000,0.0,0.0
2024-01-16 00:00:00+08:00,27.700000762939453,27.75,27.549999237060547,27.549999237060547,28000,0.0,0.0
2024-01-17 00:00:00+08:00,27.549999237060547,27.549999237060547,27.0,27.0,134000,0.0,0.0
2024-01-18 00:00:00+08:00,27.149999618530273,27.350000381469727,27.100000381469727,27.25,21000,0.0,0.0
2024-01-19 00:00:00+08:00,27.25,27.450000762939453,27.149999618530273,27.200000762939453,59000,0.0,0.0
2024-01-22 00:00:00+08:00,27.299999237060547,27.350000381469727,27.149999618530273,27.25,38000,0.0,0.0
2024-01-23 00:00:00+08:00,27.299999237060547,27.399999618530273,27.149999618530273,27.399999618530273,45000,0.0,0.0
2024-01-24 00:00:00+08:00,27.299999237060547,27.75,27.299999237060547,27.700000762939453,43000,0.0,0.0
2024-01-25 00:00:00+08:00,27.799999237060547,28.0,27.399999618530273,27.399999618530273,67000,0.0,0.0
2024-01-26 00:00:00+08:00,27.399999618530273,27.799999237060547,27.200000762939453,27.399999618530273,73000,0.0,0.0
2024-01-29 00:00:00+08:00,27.25,27.700000762939453,27.200000762939453,27.299999237060547,44000,0.0,0.0
2024-01-30 00:00:00+08:00,27.600000381469727,27.700000762939453,27.200000762939453,27.25,39000,0.0,0.0
2024-01-31 00:00:00+08:00,27.399999618530273,27.399999618530273,27.200000762939453,27.25,78000,0.0,0.0
2024-02-01 00:00:00+08:00,27.25,27.350000381469727,26.799999237060547,27.299999237060547,81000,0.0,0.0
2024-02-02 00:00:00+08:00,27.399999618530273,27.600000381469727,27.299999237060547,27.299999237060547,72000,0.0,0.0
2024-02-05 00:00:00+08:00,27.25,27.600000381469727,27.049999237060547,27.600000381469727,90000,0.0,0.0
2024-02-15 00:00:00+08:00,27.799999237060547,27.799999237060547,27.399999618530273,27.600000381469727,94000,0.0,0.0
2024-02-16 00:00:00+08:00,27.5,28.200000762939453,27.5,28.200000762939453,84000,0.0,0.0
2024-02-19 00:00:00+08:00,28.25,28.600000381469727,28.149999618530273,28.299999237060547,80000,0.0,0.0
2024-02-20 00:00:00+08:00,28.299999237060547,28.399999618530273,28.0,28.0,101000,0.0,0.0
2024-02-21 00:00:00+08:00,28.0,28.200000762939453,27.850000381469727,27.899999618530273,96000,0.0,0.0
2024-02-22 00:00:00+08:00,28.049999237060547,28.149999618530273,27.700000762939453,27.700000762939453,76000,0.0,0.0
2024-02-23 00:00:00+08:00,27.700000762939453,27.950000762939453,27.5,27.5,104000,0.0,0.0
2024-02-26 00:00:00+08:00,27.5,27.75,27.399999618530273,27.399999618530273,89000,0.0,0.0
2024-02-27 00:00:00+08:00,27.399999618530273,27.399999618530273,26.649999618530273,26.75,192000,0.0,0.0
2024-02-29 00:00:00+08:00,26.75,27.0,26.700000762939453,26.75,145000,0.0,0.0
2024-03-01 00:00:00+08:00,26.899999618530273,26.899999618530273,26.549999237060547,26.549999237060547,90000,0.0,0.0
2024-03-04 00:00:00+08:00,26.549999237060547,26.549999237060547,26.0,26.100000381469727,266000,0.0,0.0
2024-03-05 00:00:00+08:00,26.100000381469727,26.350000381469727,26.0,26.049999237060547,141000,0.0,0.0
2024-03-06 00:00:00+08:00,26.0,26.200000762939453,25.899999618530273,26.100000381469727,158000,0.0,0.0
2024-03-07 00:00:00+08:00,26.100000381469727,27.100000381469727,25.600000381469727,27.100000381469727,381000,0.0,0.0
2024-03-08 00:00:00+08:00,27.299999237060547,27.649999618530273,26.299999237060547,26.700000762939453,170000,0.0,0.0
2024-03-11 00:00:00+08:00,26.700000762939453,26.799999237060547,26.200000762939453,26.5,60000,0.0,0.0
2024-03-12 00:00:00+08:00,26.5,26.5,26.0,26.100000381469727,211000,0.0,0.0
2024-03-13 00:00:00+08:00,26.100000381469727,26.350000381469727,25.100000381469727,25.600000381469727,206000,0.0,0.0
2024-03-14 00:00:00+08:00,25.75,26.600000381469727,25.600000381469727,26.450000762939453,270000,0.0,0.0
2024-03-15 00:00:00+08:00,26.200000762939453,26.5,25.700000762939453,25.700000762939453,99000,0.0,0.0
2024-03-18 00:00:00+08:00,25.700000762939453,25.700000762939453,25.700000762939453,25.700000762939453,0,0.0,0.0
2024-03-19 00:00:00+08:00,24.75,24.75,24.450000762939453,24.600000381469727,344000,0.0,0.0
2024-03-20 00:00:00+08:00,24.600000381469727,24.600000381469727,24.600000381469727,24.600000381469727,0,0.0,0.0
2024-03-21 00:00:00+08:00,24.549999237060547,24.75,24.450000762939453,24.700000762939453,93000,0.0,0.0
2024-03-22 00:00:00+08:00,24.75,25.299999237060547,24.75,25.100000381469727,163000,0.0,0.0
2024-03-25 00:00:00+08:00,25.100000381469727,25.100000381469727,25.100000381469727,25.100000381469727,0,0.0,0.0
2024-03-26 00:00:00+08:00,25.100000381469727,25.100000381469727,25.100000381469727,25.100000381469727,0,0.0,0.0
2024-03-27 00:00:00+08:00,25.549999237060547,27.25,25.549999237060547,26.700000762939453,498000,0.0,0.0
2024-03-28 00:00:00+08:00,26.700000762939453,27.100000381469727,26.549999237060547,27.0,192000,0.0,0.0
2024-03-29 00:00:00+08:00,27.0,27.0,26.0,26.100000381469727,94000,0.0,0.0
2024-04-01 00:00:00+08:00,26.149999618530273,26.850000381469727,26.049999237060547,26.399999618530273,98000,0.0,0.0
2024-04-02 00:00:00+08:00,26.450000762939453,26.5,26.25,26.299999237060547,53000,0.0,0.0
2024-04-03 00:00:00+08:00,26.299999237060547,26.299999237060547,26.0,26.0,88000,0.0,0.0
2024-04-08 00:00:00+08:00,26.100000381469727,26.100000381469727,25.5,25.600000381469727,89000,0.0,0.0
2024-04-09 00:00:00+08:00,25.649999618530273,25.75,25.5,25.600000381469727,70000,0.0,0.0
2024-04-10 00:00:00+08:00,25.549999237060547,25.75,25.549999237060547,25.600000381469727,46000,0.0,0.0
2024-04-11 00:00:00+08:00,25.649999618530273,25.899999618530273,25.649999618530273,25.700000762939453,57000,0.0,0.0
2024-04-12 00:00:00+08:00,25.850000381469727,25.850000381469727,25.399999618530273,25.600000381469727,77000,0.0,0.0
2024-04-15 00:00:00+08:00,25.549999237060547,25.549999237060547,25.049999237060547,25.450000762939453,134000,0.0,0.0
2024-04-16 00:00:00+08:00,25.149999618530273,25.450000762939453,25.0,25.100000381469727,77000,0.0,0.0
2024-04-17 00:00:00+08:00,25.200000762939453,25.299999237060547,24.950000762939453,25.200000762939453,71000,0.0,0.0
2024-04-18 00:00:00+08:00,25.350000381469727,25.649999618530273,25.350000381469727,25.649999618530273,64000,0.0,0.0
2024-04-19 00:00:00+08:00,25.649999618530273,25.75,25.100000381469727,25.299999237060547,68000,0.0,0.0
2024-04-22 00:00:00+08:00,25.299999237060547,25.950000762939453,25.0,25.0,70000,0.0,0.0
2024-04-23 00:00:00+08:00,25.049999237060547,25.149999618530273,25.0,25.100000381469727,32000,0.0,0.0
2024-04-24 00:00:00+08:00,25.149999618530273,26.799999237060547,25.149999618530273,26.450000762939453,171000,0.0,0.0
2024-04-25 00:00:00+08:00,26.700000762939453,26.799999237060547,25.850000381469727,25.899999618530273,111000,0.0,0.0
2024-04-26 00:00:00+08:00,26.299999237060547,26.299999237060547,25.75,26.0,50000,0.0,0.0
2024-04-29 00:00:00+08:00,26.100000381469727,26.5,25.75,26.0,59000,0.0,0.0
2024-04-30 00:00:00+08:00,26.0,26.25,25.899999618530273,26.0,73000,0.0,0.0
2024-05-02 00:00:00+08:00,25.5,26.149999618530273,25.5,25.950000762939453,44000,0.0,0.0
2024-05-03 00:00:00+08:00,26.0,26.100000381469727,25.75,25.75,70000,0.0,0.0
2024-05-06 00:00:00+08:00,25.75,26.0,25.700000762939453,25.799999237060547,67000,0.0,0.0
2024-05-07 00:00:00+08:00,25.799999237060547,25.799999237060547,25.649999618530273,25.649999618530273,26000,0.0,0.0
2024-05-08 00:00:00+08:00,25.799999237060547,25.950000762939453,25.600000381469727,25.75,42000,0.0,0.0
2024-05-09 00:00:00+08:00,25.799999237060547,26.0,25.5,25.600000381469727,90000,0.0,0.0
2024-05-10 00:00:00+08:00,25.399999618530273,25.399999618530273,25.049999237060547,25.049999237060547,115000,0.0,0.0
2024-05-13 00:00:00+08:00,25.049999237060547,25.100000381469727,24.899999618530273,25.0,61000,0.0,0.0
2024-05-14 00:00:00+08:00,25.0,25.700000762939453,25.0,25.700000762939453,77000,0.0,0.0
2024-05-15 00:00:00+08:00,25.600000381469727,25.799999237060547,25.399999618530273,25.700000762939453,60000,0.0,0.0
2024-05-16 00:00:00+08:00,26.299999237060547,26.299999237060547,25.5,25.5,74000,0.0,0.0
2024-05-17 00:00:00+08:00,25.5,25.600000381469727,25.399999618530273,25.399999618530273,48000,0.0,0.0
2024-05-20 00:00:00+08:00,25.350000381469727,25.450000762939453,25.200000762939453,25.25,48000,0.0,0.0
2024-05-21 00:00:00+08:00,25.350000381469727,25.399999618530273,25.100000381469727,25.25,44000,0.0,0.0
2024-05-22 00:00:00+08:00,25.149999618530273,25.350000381469727,25.049999237060547,25.25,92000,0.0,0.0
2024-05-23 00:00:00+08:00,25.25,25.25,25.0,25.0,132000,0.0,0.0
2024-05-24 00:00:00+08:00,24.850000381469727,25.100000381469727,24.799999237060547,24.899999618530273,60000,0.0,0.0
2024-05-27 00:00:00+08:00,24.899999618530273,25.200000762939453,24.850000381469727,25.149999618530273,106000,0.0,0.0
2024-05-28 00:00:00+08:00,25.149999618530273,25.350000381469727,24.950000762939453,25.200000762939453,120000,0.0,0.0
2024-05-29 00:00:00+08:00,25.100000381469727,25.450000762939453,25.0,25.399999618530273,97000,0.0,0.0
2024-05-30 00:00:00+08:00,25.600000381469727,26.899999618530273,25.5,26.299999237060547,637000,0.0,0.0
2024-05-31 00:00:00+08:00,26.149999618530273,26.700000762939453,26.100000381469727,26.299999237060547,498000,0.0,0.0
2024-06-03 00:00:00+08:00,26.75,26.75,26.299999237060547,26.649999618530273,171000,0.0,0.0
2024-06-04 00:00:00+08:00,26.649999618530273,26.649999618530273,26.350000381469727,26.450000762939453,87000,0.0,0.0
2024-06-05 00:00:00+08:00,26.049999237060547,26.100000381469727,25.649999618530273,25.850000381469727,104000,0.0,0.0
2024-06-06 00:00:00+08:00,25.850000381469727,25.850000381469727,25.399999618530273,25.5,148000,0.0,0.0
2024-06-07 00:00:00+08:00,25.75,25.75,25.350000381469727,25.600000381469727,80000,0.0,0.0
2024-06-11 00:00:00+08:00,25.299999237060547,25.450000762939453,25.0,25.100000381469727,101000,0.0,0.0
2024-06-12 00:00:00+08:00,25.100000381469727,25.149999618530273,25.0,25.0,78000,0.0,0.0
2024-06-13 00:00:00+08:00,25.200000762939453,25.200000762939453,24.899999618530273,24.899999618530273,130000,0.0,0.0
2024-06-14 00:00:00+08:00,24.899999618530273,25.200000762939453,24.850000381469727,25.0,98000,0.0,0.0
2024-06-17 00:00:00+08:00,25.0,25.350000381469727,25.0,25.200000762939453,75000,0.0,0.0
2024-06-18 00:00:00+08:00,25.450000762939453,25.450000762939453,24.950000762939453,25.049999237060547,115000,0.0,0.0
2024-06-19 00:00:00+08:00,25.049999237060547,25.200000762939453,25.0,25.0,73000,0.0,0.0
2024-06-20 00:00:00+08:00,25.0,25.450000762939453,24.850000381469727,25.149999618530273,135000,0.0,0.0
2024-06-21 00:00:00+08:00,25.200000762939453,25.549999237060547,25.149999618530273,25.25,166000,0.0,0.0
2024-06-24 00:00:00+08:00,25.299999237060547,25.600000381469727,25.299999237060547,25.399999618530273,122000,0.0,0.0
2024-06-25 00:00:00+08:00,25.450000762939453,25.700000762939453,25.200000762939453,25.299999237060547,115000,0.0,0.0
2024-06-26 00:00:00+08:00,25.299999237060547,25.450000762939453,25.149999618530273,25.149999618530273,99000,0.0,0.0
2024-06-27 00:00:00+08:00,25.399999618530273,25.399999618530273,25.0,25.0,111000,0.0,0.0
2024-06-28 00:00:00+08:00,25.0,25.399999618530273,25.0,25.200000762939453,94000,0.0,0.0
2024-07-01 00:00:00+08:00,25.200000762939453,25.200000762939453,25.0,25.049999237060547,189000,0.0,0.0
2024-07-02 00:00:00+08:00,25.049999237060547,25.149999618530273,25.0,25.0,97000,0.0,0.0
2024-07-03 00:00:00+08:00,25.350000381469727,25.399999618530273,25.149999618530273,25.299999237060547,125000,0.0,0.0
2024-07-04 00:00:00+08:00,25.450000762939453,27.399999618530273,25.299999237060547,27.0,771000,0.0,0.0
2024-07-05 00:00:00+08:00,28.100000381469727,28.700000762939453,27.049999237060547,27.899999618530273,1588000,0.0,0.0
2024-07-08 00:00:00+08:00,28.549999237060547,30.649999618530273,28.5,30.649999618530273,3241000,0.0,0.0
2024-07-09 00:00:00+08:00,31.0,31.100000381469727,28.25,29.0,2080000,0.0,0.0
2024-07-10 00:00:00+08:00,28.950000762939453,29.700000762939453,28.700000762939453,29.399999618530273,540000,0.0,0.0
2024-07-11 00:00:00+08:00,29.5,29.549999237060547,28.700000762939453,28.850000381469727,529000,0.0,0.0
2024-07-12 00:00:00+08:00,28.850000381469727,29.450000762939453,28.549999237060547,28.549999237060547,315000,0.0,0.0
2024-07-15 00:00:00+08:00,28.649999618530273,28.799999237060547,28.25,28.25,216000,0.0,0.0
2024-07-16 00:00:00+08:00,28.049999237060547,28.950000762939453,28.049999237060547,28.549999237060547,199000,0.0,0.0
2024-07-17 00:00:00+08:00,28.600000381469727,29.399999618530273,28.549999237060547,28.549999237060547,265000,0.0,0.0
2024-07-18 00:00:00+08:00,28.299999237060547,28.600000381469727,28.100000381469727,28.100000381469727,184000,0.0,0.0
2024-07-19 00:00:00+08:00,28.149999618530273,28.450000762939453,27.149999618530273,27.25,290000,0.0,0.0
2024-07-22 00:00:00+08:00,27.049999237060547,27.100000381469727,26.299999237060547,26.549999237060547,164000,0.0,0.0
2024-07-23 00:00:00+08:00,26.799999237060547,26.950000762939453,26.399999618530273,26.649999618530273,83000,0.0,0.0
2024-07-25 00:00:00+08:00,26.649999618530273,26.649999618530273,26.649999618530273,26.649999618530273,0,0.0,0.0
2024-07-26 00:00:00+08:00,26.25,26.5,26.100000381469727,26.399999618530273,89000,0.0,0.0
2024-07-29 00:00:00+08:00,26.399999618530273,26.75,26.100000381469727,26.100000381469727,88000,0.0,0.0
2024-07-30 00:00:00+08:00,26.0,26.75,26.0,26.350000381469727,56000,0.0,0.0
2024-07-31 00:00:00+08:00,26.399999618530273,26.450000762939453,26.350000381469727,26.399999618530273,63000,0.0,0.0
2024-08-01 00:00:00+08:00,26.600000381469727,26.850000381469727,26.399999618530273,26.799999237060547,51000,0.0,0.0
2024-08-02 00:00:00+08:00,26.549999237060547,26.600000381469727,26.0,26.0,125000,0.0,0.0
2024-08-05 00:00:00+08:00,25.75,25.75,23.399999618530273,23.399999618530273,368000,0.0,0.0
2024-08-06 00:00:00+08:00,23.600000381469727,23.700000762939453,21.100000381469727,21.75,517000,0.0,0.0
2024-08-07 00:00:00+08:00,22.399999618530273,23.649999618530273,22.399999618530273,23.350000381469727,101000,0.0,0.0
2024-08-08 00:00:00+08:00,23.350000381469727,23.799999237060547,23.350000381469727,23.399999618530273,68000,0.0,0.0
2024-08-09 00:00:00+08:00,24.0,24.850000381469727,23.75,23.799999237060547,132000,0.0,0.0
2024-08-12 00:00:00+08:00,24.799999237060547,24.799999237060547,24.0,24.149999618530273,110000,0.0,0.0
2024-08-13 00:00:00+08:00,24.149999618530273,24.600000381469727,24.149999618530273,24.5,99000,0.0,0.0
2024-08-14 00:00:00+08:00,24.700000762939453,24.700000762939453,24.450000762939453,24.600000381469727,97000,0.0,0.0
2024-08-15 00:00:00+08:00,24.5,25.0,24.399999618530273,24.850000381469727,85000,0.0,0.0
2024-08-16 00:00:00+08:00,24.950000762939453,25.950000762939453,24.950000762939453,25.5,132000,0.0,0.0
2024-08-19 00:00:00+08:00,25.549999237060547,25.799999237060547,25.549999237060547,25.799999237060547,55000,0.0,0.0
2024-08-20 00:00:00+08:00,25.850000381469727,25.850000381469727,25.549999237060547,25.549999237060547,42000,0.0,0.0
2024-08-21 00:00:00+08:00,25.399999618530273,25.600000381469727,25.299999237060547,25.350000381469727,51000,0.0,0.0
2024-08-22 00:00:00+08:00,25.350000381469727,25.399999618530273,25.0,25.100000381469727,43000,0.0,0.0
2024-08-23 00:00:00+08:00,25.049999237060547,25.350000381469727,24.899999618530273,25.350000381469727,69000,0.0,0.0
