Date,Open,High,Low,Close,Volume,Dividends,Stock Splits
2019-03-18 00:00:00-04:00,14.741361618041994,14.741361618041994,14.741361618041994,14.741361618041992,1290500,0.0,0.0
2019-03-19 00:00:00-04:00,14.884307085867304,14.949824608040224,14.860483255282475,14.925999641418457,1880800,0.0,0.0
2019-03-20 00:00:00-04:00,14.943870171342464,15.009387701428754,14.908133853130431,14.9915189743042,1193000,0.0,0.0
2019-03-21 00:00:00-04:00,14.943869165040827,15.098728048247732,14.943869165040827,15.068946838378906,952400,0.0,0.0
2019-03-22 00:00:00-04:00,15.015342435266449,15.158289976642493,15.009387329076405,15.039167404174805,609800,0.0,0.0
2019-03-25 00:00:00-04:00,15.098730087280272,15.1285101651338,15.009388717682537,15.098730087280273,386600,0.0,0.0
2019-03-26 00:00:00-04:00,15.098729573320364,15.18211469730154,15.068948360443438,15.15829086303711,675600,0.0,0.0
2019-03-27 00:00:00-04:00,15.158288773957693,15.777723147946359,15.110639975958565,15.604996681213379,1848200,0.0,0.0
2019-03-28 00:00:00-04:00,15.521613358274198,15.6645597792148,15.462648485053391,15.48587703704834,316200,0.0,0.0
2019-03-29 00:00:00-04:00,15.515656569281246,15.575217859919368,15.307193756103516,15.307193756103516,232600,0.0,0.0
2019-04-01 00:00:00-04:00,15.426314492844575,15.479919538353206,15.366753204941979,15.41440200805664,83200,0.0,0.0
2019-04-02 00:00:00-04:00,15.460263865905903,15.539479725664723,15.34888452670507,15.426313400268555,191100,0.0,0.0
2019-04-03 00:00:00-04:00,15.336970101995488,15.473960241908157,15.325057619558686,15.372706413269043,269900,0.0,0.0
2019-04-04 00:00:00-04:00,15.378664109716604,15.515654262592172,15.354840278625487,15.354840278625488,129700,0.0,0.0
2019-04-05 00:00:00-04:00,15.414401556686073,15.456095252222953,15.375687686314535,15.396533966064453,185600,0.0,0.0
2019-04-08 00:00:00-04:00,15.432274534751159,15.456099510192871,15.372713232184235,15.456099510192871,331400,0.0,0.0
2019-04-09 00:00:00-04:00,15.451333612907938,15.45609928955066,15.366756768956998,15.400707244873047,136000,0.0,0.0
2019-04-10 00:00:00-04:00,15.41678530951169,15.47991943359375,15.384621828009346,15.47991943359375,159800,0.0,0.0
2019-04-11 00:00:00-04:00,15.402489568417097,15.479918441980582,15.402489568417097,15.426313400268555,214700,0.0,0.0
2019-04-12 00:00:00-04:00,15.44418639820771,15.557352754906871,15.39653758528764,15.539484024047852,128000,0.0,0.0
2019-04-15 00:00:00-04:00,15.497788462720463,15.610953661534465,15.497788462720463,15.551393508911133,98700,0.0,0.0
2019-04-16 00:00:00-04:00,15.599039855634791,15.622863685724225,15.497786021671644,15.515653610229492,198100,0.0,0.0
2019-04-17 00:00:00-04:00,15.545436625806527,15.593085427563818,15.497787824049238,15.581172943115234,96100,0.0,0.0
2019-04-18 00:00:00-04:00,15.521612842088812,15.700296714350147,15.497789007409581,15.545437812805176,258400,0.0,0.0
2019-04-22 00:00:00-04:00,15.569261100283297,15.5811735852228,15.494809773467042,15.551393508911133,212100,0.0,0.0
2019-04-23 00:00:00-04:00,15.557349751380885,15.599042312632053,15.521612296562378,15.551393508911133,44700,0.0,0.0
2019-04-24 00:00:00-04:00,15.566283147944924,15.581173185718974,15.533524383219778,15.547819137573242,50900,0.0,0.0
2019-04-25 00:00:00-04:00,15.55139453503222,15.628823420173761,15.515657077855662,15.616910934448242,87300,0.0,0.0
2019-04-26 00:00:00-04:00,15.610950466647925,15.78367805480957,15.599039120183251,15.78367805480957,192300,0.0,0.0
2019-04-29 00:00:00-04:00,15.813460619132563,15.884934389377776,15.771768059838289,15.831329345703125,188900,0.0,0.0
2019-04-30 00:00:00-04:00,15.837287846166895,15.932585462724514,15.730077743530273,15.730077743530273,338800,0.0,0.0
2019-05-01 00:00:00-04:00,15.74794110996401,15.813457489013672,15.730072386930386,15.813457489013672,237400,0.0,0.0
2019-05-02 00:00:00-04:00,15.747948262720955,15.825377158961428,15.747948262720955,15.795597076416016,53500,0.0,0.0
2019-05-03 00:00:00-04:00,15.819416001626688,15.843240969092685,15.789635928331167,15.807504653930664,38300,0.0,0.0
2019-05-06 00:00:00-04:00,15.78368013770239,15.861109012106533,15.736031337445146,15.825372695922852,26200,0.0,0.0
2019-05-07 00:00:00-04:00,15.78367805480957,15.82775287682101,15.730073019589533,15.78367805480957,34600,0.0,0.0
2019-05-08 00:00:00-04:00,15.768201239688606,15.783686566461867,15.724125257871497,15.765222549438477,72500,0.0,0.0
2019-05-09 00:00:00-04:00,15.78368211471904,15.813462192596102,15.670515773919332,15.750328063964844,90400,0.0,0.0
2019-05-10 00:00:00-04:00,15.741990397816409,15.795595449707502,15.718165425403829,15.771770477294922,23700,0.0,0.0
2019-05-13 00:00:00-04:00,15.771769449548698,15.771769449548698,15.569261741386756,15.706253051757812,67400,0.0,0.0
2019-05-14 00:00:00-04:00,15.712209587289072,15.783683370331866,15.694341993556304,15.777727127075195,29400,0.0,0.0
2019-05-15 00:00:00-04:00,15.694338184760424,15.914713451589007,15.694338184760424,15.908757209777832,55300,0.0,0.0
2019-05-16 00:00:00-04:00,15.920672654178619,15.962365218573462,15.884936332702637,15.884936332702637,60100,0.0,0.0
2019-05-17 00:00:00-04:00,15.861108543178606,15.962362382736341,15.855153437354893,15.938538551330566,26500,0.0,0.0
2019-05-20 00:00:00-04:00,15.855155537693658,15.986189467875974,15.849199295043945,15.849199295043945,66100,0.0,0.0
2019-05-21 00:00:00-04:00,15.867070299646697,15.908762871124807,15.789641400621262,15.843246459960938,85400,0.0,0.0
2019-05-22 00:00:00-04:00,15.884935657919227,15.914715735211308,15.825374367297938,15.86111068725586,40500,0.0,0.0
2019-05-23 00:00:00-04:00,15.837289831792413,15.932587460298125,15.837289831792413,15.890894889831543,37000,0.0,0.0
2019-05-24 00:00:00-04:00,15.89029705510227,15.93258490234703,15.873023610084095,15.920672416687012,54500,0.0,0.0
2019-05-28 00:00:00-04:00,15.932586958094198,16.025502313364125,15.908166700151414,16.004060745239258,49400,0.0,0.0
2019-05-29 00:00:00-04:00,15.99810235830832,16.041581908318882,15.974277387106127,16.039794921875,82700,0.0,0.0
2019-05-30 00:00:00-04:00,16.05170980849137,16.164875030517578,16.05170980849137,16.164875030517578,30200,0.0,0.0
2019-05-31 00:00:00-04:00,16.027882643574006,16.135092743296187,15.950453758239746,15.950453758239746,244500,0.0,0.0
2019-06-03 00:00:00-04:00,15.93378019610407,16.03979861588096,15.932588492854647,16.01001739501953,21700,0.0,0.0
2019-06-04 00:00:00-04:00,16.027884266834974,16.129138133934287,16.015376496336444,16.117225646972656,156300,0.0,0.0
2019-06-05 00:00:00-04:00,16.129137801095307,16.13509404445321,15.992147611975291,16.03384017944336,95000,0.0,0.0
2019-06-06 00:00:00-04:00,15.998103043697116,16.069575688291405,15.986190557585665,16.021926879882812,43800,0.0,0.0
2019-06-07 00:00:00-04:00,16.072130691165043,16.114473342895508,15.993494502772855,16.114473342895508,56000,0.413,0.0
2019-06-10 00:00:00-04:00,16.08483784873797,16.182227127879806,16.08483784873797,16.16891860961914,163800,0.0,0.0
2019-06-11 00:00:00-04:00,16.217306481307368,16.229404711810204,16.1205229447862,16.156816482543945,65500,0.0,0.0
2019-06-12 00:00:00-04:00,16.144724443738045,16.20521446137732,16.132626209459964,16.19916534423828,99900,0.0,0.0
2019-06-13 00:00:00-04:00,16.18101605121419,16.277799606323242,16.18101605121419,16.277799606323242,297000,0.0,0.0
2019-06-14 00:00:00-04:00,16.23545372857458,16.289894611756335,16.229404613359854,16.25360107421875,88900,0.0,0.0
2019-06-17 00:00:00-04:00,16.223360252950258,16.38063383337515,16.223360252950258,16.33829116821289,214500,0.0,0.0
2019-06-18 00:00:00-04:00,16.33223845053672,16.33223845053672,16.114474901995962,16.174964904785156,561100,0.0,0.0
2019-06-19 00:00:00-04:00,16.17496439553978,16.22940528096098,16.13867085650925,16.211257934570312,70800,0.0,0.0
2019-06-20 00:00:00-04:00,16.253602254536357,16.253602254536357,16.144720480265978,16.174964904785156,78400,0.0,0.0
2019-06-21 00:00:00-04:00,16.17496209826936,16.205207671291472,16.102375030517578,16.102375030517578,41400,0.0,0.0
2019-06-24 00:00:00-04:00,16.15076504324558,16.193107687136965,15.969295086031842,16.01768684387207,66000,0.0,0.0
2019-06-25 00:00:00-04:00,15.975345933617621,16.028576526893275,15.56401537046303,15.751534461975098,426700,0.0,0.0
2019-06-26 00:00:00-04:00,15.769680597710318,15.842268818973073,15.733387063954257,15.824121475219727,102000,0.0,0.0
2019-06-27 00:00:00-04:00,15.824123079872601,15.926955730734763,15.824123079872601,15.89066219329834,91500,0.0,0.0
2019-06-28 00:00:00-04:00,15.88461151976094,16.102375030517578,15.879772689577658,16.102375030517578,258000,0.0,0.0
2019-07-01 00:00:00-04:00,15.93300209663982,16.037043860338347,15.93300209663982,15.987442970275879,31200,0.0,0.0
2019-07-02 00:00:00-04:00,15.933002180359985,16.02373658564666,15.914854837802425,15.999541282653809,56200,0.0,0.0
2019-07-03 00:00:00-04:00,16.031603476299,16.096327740778502,15.969298627185433,16.09027862548828,37700,0.0,0.0
2019-07-05 00:00:00-04:00,16.07031493155736,16.120521545410156,16.055192721616912,16.120521545410156,11700,0.0,0.0
2019-07-08 00:00:00-04:00,16.09027712552926,16.13866888958909,16.09027712552926,16.120521545410156,32100,0.0,0.0
2019-07-09 00:00:00-04:00,16.09027687110911,16.1931095123291,16.09027687110911,16.1931095123291,37900,0.0,0.0
2019-07-10 00:00:00-04:00,16.108422488225344,16.193108936291434,16.108422488225344,16.138668060302734,29600,0.0,0.0
2019-07-11 00:00:00-04:00,16.126577092320925,16.19916534423828,16.126577092320925,16.19916534423828,15800,0.0,0.0
2019-07-12 00:00:00-04:00,16.14472112237778,16.241504669189453,16.14472112237778,16.241504669189453,4000,0.0,0.0
2019-07-15 00:00:00-04:00,16.228799054463014,16.338285379520197,16.20339346436692,16.24755096435547,40500,0.0,0.0
2019-07-16 00:00:00-04:00,16.223358509379953,16.30078558324868,16.125365824464872,16.16286849975586,68100,0.0,0.0
2019-07-17 00:00:00-04:00,16.22335450497784,16.27174626998241,16.18101185481768,16.24755096435547,44100,0.0,0.0
2019-07-18 00:00:00-04:00,16.174958533893733,16.29593849182129,16.174958533893733,16.29593849182129,32500,0.0,0.0
2019-07-19 00:00:00-04:00,16.2475560905479,16.271751403808594,16.205213427028397,16.271751403808594,28800,0.0,0.0
2019-07-22 00:00:00-04:00,16.247551938255867,16.332237243652344,16.221540627490697,16.332237243652344,41400,0.0,0.0
2019-07-23 00:00:00-04:00,16.30804078282435,16.338286358859342,16.288684306412403,16.332237243652344,27200,0.0,0.0
2019-07-24 00:00:00-04:00,16.320139013238347,16.38062901155758,16.24150282304887,16.332237243652344,68400,0.0,0.0
2019-07-25 00:00:00-04:00,16.29594378788236,16.38062909370352,16.289894672645026,16.344335556030273,59000,0.0,0.0
2019-07-26 00:00:00-04:00,16.38062750752897,16.38607205684059,16.314088400112194,16.36248016357422,31500,0.0,0.0
2019-07-29 00:00:00-04:00,16.374584716387528,16.392732067350394,16.26570291811252,16.33829116821289,31200,0.0,0.0
2019-07-30 00:00:00-04:00,16.32014238967881,16.429024178429607,16.32014238967881,16.380632400512695,70500,0.0,0.0
2019-07-31 00:00:00-04:00,16.373373287008338,16.489513317115957,16.35824991978651,16.477415084838867,166200,0.0,0.0
2019-08-01 00:00:00-04:00,16.44656568537257,16.531856726922253,16.211260479529148,16.277799606323242,54200,0.0,0.0
2019-08-02 00:00:00-04:00,16.241499852356743,16.355220428446163,16.19673663876263,16.3140869140625,26500,0.0,0.0
2019-08-05 00:00:00-04:00,16.191901563187695,16.191901563187695,15.99954476669268,16.14472007751465,26000,0.0,0.0
2019-08-06 00:00:00-04:00,16.01164288019857,16.27174909491152,16.01164288019857,16.241504669189453,38800,0.0,0.0
2019-08-07 00:00:00-04:00,16.09451449882848,16.26569997901693,16.09451449882848,16.241504669189453,27200,0.0,0.0
2019-08-08 00:00:00-04:00,16.187063750436852,16.332239070390212,16.187063750436852,16.320140838623047,24400,0.0,0.0
2019-08-09 00:00:00-04:00,16.33828585209136,16.411478643949827,16.326187622052615,16.3685302734375,28900,0.0,0.0
2019-08-12 00:00:00-04:00,16.34433885551276,16.404828866346648,16.332240622595787,16.380632400512695,56200,0.0,0.0
2019-08-13 00:00:00-04:00,16.265694991981718,16.441115837888436,16.265694991981718,16.398773193359375,42900,0.0,0.0
2019-08-14 00:00:00-04:00,16.386677441988716,16.453216552734375,16.30199214013112,16.453216552734375,58900,0.0,0.0
2019-08-15 00:00:00-04:00,16.422971300792693,16.471363067626953,16.422971300792693,16.471363067626953,41600,0.0,0.0
2019-08-16 00:00:00-04:00,16.465316772460938,16.528831914731196,16.445960293162322,16.465316772460938,30200,0.0,0.0
2019-08-19 00:00:00-04:00,16.448379038157643,16.537904337670785,16.380630786499523,16.507659912109375,46600,0.0,0.0
2019-08-20 00:00:00-04:00,16.392726556942932,16.507657433571605,16.392726556942932,16.453216552734375,79200,0.0,0.0
2019-08-21 00:00:00-04:00,16.435072631090677,16.62863973494032,16.435072631090677,16.59234619140625,65900,0.0,0.0
2019-08-22 00:00:00-04:00,16.501004220433366,16.622588789330035,16.501004220433366,16.604442596435547,48000,0.0,0.0
2019-08-23 00:00:00-04:00,16.59839348088711,16.622588789330035,16.543952594702013,16.604442596435547,38700,0.0,0.0
2019-08-26 00:00:00-04:00,16.592342293917557,16.60444052350406,16.54999964411547,16.580244064331055,26200,0.0,0.0
2019-08-27 00:00:00-04:00,16.586295597871366,16.628638253848198,16.48951205456693,16.54395294189453,44700,0.0,0.0
2019-08-28 00:00:00-04:00,16.507658917744173,16.574196880721427,16.435070685518028,16.501609802246094,58700,0.0,0.0
2019-08-29 00:00:00-04:00,16.477413823216168,16.556051173245297,16.422972935888566,16.54395294189453,58500,0.0,0.0
2019-08-30 00:00:00-04:00,16.513708114624023,16.628639010182102,16.441121030719582,16.513708114624023,199000,0.0,0.0
2019-09-03 00:00:00-04:00,16.453215696948885,16.63468452113372,16.447166582309304,16.62863540649414,54400,0.0,0.0
2019-09-04 00:00:00-04:00,16.63468170171173,16.973423987860098,16.477408208990948,16.556045532226562,157400,0.0,0.0
2019-09-05 00:00:00-04:00,16.513707874220955,16.644971265559438,16.33223901335074,16.507659912109375,69700,0.0,0.0
2019-09-06 00:00:00-04:00,16.489512804572843,16.562099888477285,16.368532793064247,16.513708114624023,40400,0.0,0.0
2019-09-09 00:00:00-04:00,16.662953589668493,16.6875217216108,16.472555253007656,16.67523765563965,65200,0.413,0.0
2019-09-10 00:00:00-04:00,16.585571102820555,16.67524270290035,16.472560238920448,16.533979415893555,146200,0.0,0.0
2019-09-11 00:00:00-04:00,16.52169406935116,16.675241414180583,16.52169406935116,16.656816482543945,65100,0.0,0.0
2019-09-12 00:00:00-04:00,16.662950264701436,16.662950264701436,16.51554501688024,16.564680099487305,61000,0.0,0.0
2019-09-13 00:00:00-04:00,16.56468158756666,16.56468158756666,16.067188685044012,16.245304107666016,97600,0.0,0.0
2019-09-16 00:00:00-04:00,16.460271950013496,16.478698049824324,16.079475259040887,16.183887481689453,494600,0.0,0.0
2019-09-17 00:00:00-04:00,16.208450752251633,16.452898466260642,16.202308720380042,16.386566162109375,94100,0.0,0.0
2019-09-18 00:00:00-04:00,16.478702273765094,16.570830453488075,16.454135305859868,16.533979415893555,30400,0.0,0.0
2019-09-19 00:00:00-04:00,16.583107846913443,16.82264125205309,16.404992422547014,16.77350616455078,74800,0.0,0.0
2019-09-20 00:00:00-04:00,16.718230746972026,17.455258306025694,16.712088713974726,16.859495162963867,39400,0.0,0.0
2019-09-23 00:00:00-04:00,16.816503584904076,17.111315357917977,16.816503584904076,17.01918601989746,95800,0.0,0.0
2019-09-24 00:00:00-04:00,17.0376134545117,17.065252023785156,16.734818067982307,16.75508689880371,105100,0.0,0.0
2019-09-25 00:00:00-04:00,17.056035532985376,17.056035532985376,16.767365839477403,16.859495162963867,30200,0.0,0.0
2019-09-26 00:00:00-04:00,16.92951184672054,16.934426176026808,16.638386744322528,16.72437286376953,44100,0.0,0.0
2019-09-27 00:00:00-04:00,16.89020415647735,16.90248822247195,16.742798878961217,16.859495162963867,53900,0.0,0.0
2019-09-30 00:00:00-04:00,16.89020401793129,17.185014570545295,16.857037274312535,16.96390724182129,207500,0.0,0.0
2019-10-01 00:00:00-04:00,16.95162050297473,16.99461355535095,16.75508016555612,16.95469093322754,37700,0.0,0.0
2019-10-02 00:00:00-04:00,16.632245470993162,16.96390824082018,16.61996140437592,16.896347045898438,22700,0.0,0.0
2019-10-03 00:00:00-04:00,16.76736553149531,16.926441020226324,16.736656538545894,16.884061813354492,13900,0.0,0.0
2019-10-04 00:00:00-04:00,16.767366522923492,17.025326061959532,16.7612256611489,16.81650161743164,49000,0.0,0.0
2019-10-07 00:00:00-04:00,16.81650267216986,16.81650267216986,16.73665857788866,16.779651641845703,20900,0.0,0.0
2019-10-08 00:00:00-04:00,16.798074472555925,16.88406058373054,16.76736431037006,16.853351593017578,27300,0.0,0.0
2019-10-09 00:00:00-04:00,16.95162561945418,17.037611750159662,16.822031399981512,17.025327682495117,21500,0.0,0.0
2019-10-10 00:00:00-04:00,17.056035913863777,17.17887306213379,16.95776572665855,17.17887306213379,32400,0.0,0.0
2019-10-11 00:00:00-04:00,17.172730054339542,17.172730054339542,16.994615789441557,17.092885971069336,25200,0.0,0.0
2019-10-14 00:00:00-04:00,17.1051691660228,17.283283421855135,17.062176110183028,17.20958137512207,54100,0.0,0.0
2019-10-15 00:00:00-04:00,17.200370130463337,17.350847018282433,17.14816460439682,17.25257682800293,22800,0.0,0.0
2019-10-16 00:00:00-04:00,17.27100368465877,17.424551010131836,16.951624966521237,17.424551010131836,49700,0.0,0.0
2019-10-17 00:00:00-04:00,17.16659309015589,17.473687770327025,17.16659309015589,17.379716873168945,140500,0.0,0.0
2019-10-18 00:00:00-04:00,17.266086178967544,17.528960014028538,17.266086178967544,17.51667594909668,104900,0.0,0.0
2019-10-21 00:00:00-04:00,17.510535965595864,17.533875223108236,17.387697644849375,17.41226577758789,31800,0.0,0.0
2019-10-22 00:00:00-04:00,17.39998165674718,17.442974717431944,17.209583314511914,17.381555557250977,51900,0.0,0.0
2019-10-23 00:00:00-04:00,17.356993093716927,17.479830274436175,17.344709024202995,17.35085105895996,41200,0.0,0.0
2019-10-24 00:00:00-04:00,17.326280908183495,17.39384211119225,17.228010706428876,17.301713943481445,40700,0.0,0.0
2019-10-25 00:00:00-04:00,17.228008952895575,17.30724036396506,17.137723521734838,17.19729995727539,37800,0.0,0.0
2019-10-28 00:00:00-04:00,17.111313040600844,17.18501509526825,17.049893880729318,17.17887306213379,19700,0.0,0.0
2019-10-29 00:00:00-04:00,16.865638412642706,17.17273307715381,16.865638412642706,16.902490615844727,45600,0.0,0.0
2019-10-30 00:00:00-04:00,16.82878120132335,17.037605590227667,16.767362056679826,17.013038635253906,48600,0.0,0.0
2019-10-31 00:00:00-04:00,16.97803515862028,17.12973976135254,16.93319936637191,17.12973976135254,183400,0.0,0.0
2019-11-01 00:00:00-04:00,16.920915450292817,17.025327682495117,16.86748104457253,17.025327682495117,23200,0.0,0.0
2019-11-04 00:00:00-05:00,16.982338933534034,17.129744268555008,16.95777196343394,17.099035263061523,25100,0.0,0.0
2019-11-05 00:00:00-05:00,17.129738865722477,17.129738865722477,16.724374029401172,16.736658096313477,46000,0.0,0.0
2019-11-06 00:00:00-05:00,16.730514896797608,16.809131279494732,16.68137980404603,16.72437286376953,43700,0.0,0.0
2019-11-07 00:00:00-05:00,16.76122569110935,16.906788247772383,16.583110241028272,16.662954330444336,48400,0.0,0.0
2019-11-08 00:00:00-05:00,16.662954330444336,16.779650619412177,16.61996126910699,16.662954330444336,22600,0.0,0.0
2019-11-11 00:00:00-05:00,16.687523461255513,16.70594956213313,16.60153733343956,16.60767936706543,14500,0.0,0.0
2019-11-12 00:00:00-05:00,16.664183091807207,16.70533342573845,16.58925216092088,16.613819122314453,35200,0.0,0.0
2019-11-13 00:00:00-05:00,16.69918990462816,16.69918990462816,16.5831086501534,16.638385772705078,32700,0.0,0.0
2019-11-14 00:00:00-05:00,16.687518704208998,16.762449618727366,16.656809716306856,16.693660736083984,39000,0.0,0.0
2019-11-15 00:00:00-05:00,16.650674448173977,16.7194633587604,16.613822241954157,16.656816482543945,17300,0.0,0.0
2019-11-18 00:00:00-05:00,16.619964276324126,16.70595158603043,16.613822241954157,16.656816482543945,25800,0.0,0.0
2019-11-19 00:00:00-05:00,16.644529972544223,16.681381001885814,16.5524018134537,16.583110809326172,257500,0.0,0.0
2019-11-20 00:00:00-05:00,16.56284267394396,16.595395569838068,16.368145007875697,16.452289581298828,79600,0.0,0.0
2019-11-21 00:00:00-05:00,16.472556918363775,16.576969146728516,16.46641488475725,16.576969146728516,34400,0.0,0.0
2019-11-22 00:00:00-05:00,16.50326555632039,16.61996066960584,16.50326555632039,16.570825576782227,14000,0.0,0.0
2019-11-25 00:00:00-05:00,16.57390205664708,16.57390205664708,16.497128378299035,16.533979415893555,16600,0.0,0.0
2019-11-26 00:00:00-05:00,16.525994653448176,16.552405520427495,16.48484430860974,16.533979415893555,24600,0.0,0.0
2019-11-27 00:00:00-05:00,16.521693599671472,16.55670307743772,16.398856430183923,16.4295654296875,33300,0.0,0.0
2019-11-29 00:00:00-05:00,16.46088742936346,16.46334400844501,16.337435251599143,16.380428314208984,72900,0.0,0.0
2019-12-02 00:00:00-05:00,16.392713495706243,16.435706561239382,16.183889030425412,16.362003326416016,40400,0.0,0.0
2019-12-03 00:00:00-05:00,16.30058479309082,16.4111378844694,16.25144852384727,16.30058479309082,112800,0.0,0.0
2019-12-04 00:00:00-05:00,16.349722115914563,16.46027522233845,16.315941511948946,16.4479923248291,71800,0.0,0.0
2019-12-05 00:00:00-05:00,16.337431078609445,16.447985309352486,16.282153963237924,16.386566162109375,81300,0.0,0.0
2019-12-06 00:00:00-05:00,16.36814336590468,16.49712371826172,16.336205496618206,16.49712371826172,19200,0.0,0.0
2019-12-09 00:00:00-05:00,16.580084410693352,16.65493858862995,16.530182021991223,16.6362247467041,54200,0.413,0.0
2019-12-10 00:00:00-05:00,16.54266084424012,16.736032485961914,16.54266084424012,16.736032485961914,22000,0.0,0.0
2019-12-11 00:00:00-05:00,16.75412218591506,16.798411263989433,16.592563719515624,16.77969741821289,45100,0.0,0.0
2019-12-12 00:00:00-05:00,16.77969521010109,16.935640335083008,16.723554869926247,16.935640335083008,35200,0.0,0.0
2019-12-13 00:00:00-05:00,16.796542373918165,17.135254825783488,16.796542373918165,17.129016876220703,20600,0.0,0.0
2019-12-16 00:00:00-05:00,17.341100831572412,17.366052627563477,17.03607309702134,17.366052627563477,27700,0.0,0.0
2019-12-17 00:00:00-05:00,17.197627564342813,17.621798479159615,17.197627564342813,17.61556053161621,52900,0.0,0.0
2019-12-18 00:00:00-05:00,17.60932426372892,17.60932426372892,17.322385787963867,17.322385787963867,40500,0.0,0.0
2019-12-19 00:00:00-05:00,17.272482512935092,17.389129638671875,17.17267772733753,17.389129638671875,27400,0.0,0.0
2019-12-20 00:00:00-05:00,17.459620233425554,17.459620233425554,17.228822059423887,17.241296768188477,23800,0.0,0.0
2019-12-23 00:00:00-05:00,17.341099799638904,17.341099799638904,17.15396609991034,17.266246795654297,17700,0.0,0.0
2019-12-24 00:00:00-05:00,17.309911175890782,17.309911175890782,17.186402649028025,17.25377082824707,6100,0.0,0.0
2019-12-26 00:00:00-05:00,17.341099683607432,17.341099683607432,17.16020393371582,17.16020393371582,12100,0.0,0.0
2019-12-27 00:00:00-05:00,17.210105391174622,17.316148131781567,17.191391546443874,17.24753189086914,18700,0.0,0.0
2019-12-30 00:00:00-05:00,17.185151769736052,17.309908341799908,17.169557495669782,17.260005950927734,7400,0.0,0.0
2019-12-31 00:00:00-05:00,17.228820773037828,17.309911727905273,17.16644247480367,17.309911727905273,38500,0.0,0.0
2020-01-02 00:00:00-05:00,17.235051980167572,17.495169483296408,17.235051980167572,17.41594886779785,183400,0.0,0.0
2020-01-03 00:00:00-05:00,17.43466657845487,17.628038212826024,17.415952733928517,17.509519577026367,30700,0.0,0.0
2020-01-06 00:00:00-05:00,17.53821410679839,17.55006656588356,17.49080783975876,17.50328254699707,14200,0.0,0.0
2020-01-07 00:00:00-05:00,17.472092483507392,17.49080632739728,17.185152826030368,17.27872085571289,109100,0.0,0.0
2020-01-08 00:00:00-05:00,17.25376983911272,17.32238608002515,17.210105391174622,17.24753189086914,65800,0.0,0.0
2020-01-09 00:00:00-05:00,17.203868429204555,17.272484674050656,17.16020397876323,17.25377082824707,37700,0.0,0.0
2020-01-10 00:00:00-05:00,17.278717388084583,17.29743003845215,17.222577057448518,17.29743003845215,32600,0.0,0.0
2020-01-13 00:00:00-05:00,17.27872085571289,17.341097955812014,17.258758946323574,17.27872085571289,57600,0.0,0.0
2020-01-14 00:00:00-05:00,17.247528641979876,17.303668975830078,17.20698258091768,17.303668975830078,20100,0.0,0.0
2020-01-15 00:00:00-05:00,17.27872116405869,17.27872116405869,17.116538083419528,17.12277603149414,53800,0.0,0.0
2020-01-16 00:00:00-05:00,17.191390612977052,17.191390612977052,17.04168343256088,17.112171173095703,45000,0.0,0.0
2020-01-17 00:00:00-05:00,17.054160394433264,17.29743442909584,17.054160394433264,17.272483825683594,47500,0.0,0.0
2020-01-21 00:00:00-05:00,17.303671457799155,17.30990940576245,17.191390773993664,17.27872085571289,32700,0.0,0.0
2020-01-22 00:00:00-05:00,17.21634256584685,17.27872085571289,17.188272394895478,17.27872085571289,24500,0.0,0.0
2020-01-23 00:00:00-05:00,17.259381103584957,17.278718382573313,17.206982586146566,17.222578048706055,15900,0.0,0.0
2020-01-24 00:00:00-05:00,17.2662449597863,17.334861197615638,17.185152826030368,17.27872085571289,23000,0.0,0.0
2020-01-27 00:00:00-05:00,17.26624184519222,17.27871773886833,17.122772637217054,17.153961181640625,161000,0.0,0.0
2020-01-28 00:00:00-05:00,17.153967344271628,17.24753420092332,17.091589043248124,17.10406494140625,47600,0.0,0.0
2020-01-29 00:00:00-05:00,17.153965851977464,17.437785966664958,17.12901405783187,17.434667587280273,32200,0.0,0.0
2020-01-30 00:00:00-05:00,17.241289510441877,17.553179703842154,17.241289510441877,17.54694175720215,21700,0.0,0.0
2020-01-31 00:00:00-05:00,17.45213235743935,17.620552199108698,17.45213235743935,17.509519577026367,36600,0.0,0.0
2020-02-03 00:00:00-05:00,17.528234892926914,17.589988562443843,17.42843009327569,17.559423446655273,12200,0.0,0.0
2020-02-04 00:00:00-05:00,17.425930067887045,17.55941832384882,17.425930067887045,17.48643684387207,13900,0.0,0.0
2020-02-05 00:00:00-05:00,17.540711739136405,17.553186447442293,17.372290684452093,17.472095489501953,14400,0.0,0.0
2020-02-06 00:00:00-05:00,17.49703937384877,17.55941765048216,17.472088777055415,17.54694175720215,20600,0.0,0.0
2020-02-07 00:00:00-05:00,17.559421681832557,17.628037920859093,17.484568684500825,17.584373474121094,13700,0.0,0.0
2020-02-10 00:00:00-05:00,17.46585404245477,17.8008245810488,17.46585404245477,17.77774429321289,27700,0.0,0.0
2020-02-11 00:00:00-05:00,17.77774650266553,18.027258496328482,17.618058350814426,18.002307891845703,25800,0.0,0.0
2020-02-12 00:00:00-05:00,17.99607000836437,18.339148852170762,17.665465871960965,17.715368270874023,40500,0.0,0.0
2020-02-13 00:00:00-05:00,17.989833350924165,18.021021906320613,17.759033995782218,17.777124404907227,28300,0.0,0.0
2020-02-14 00:00:00-05:00,17.777743659594094,17.9667488307187,17.659225035395416,17.70912742614746,15700,0.0,0.0
2020-02-18 00:00:00-05:00,17.61555876811782,17.7964556594664,17.61555876811782,17.721601486206055,19800,0.0,0.0
2020-02-19 00:00:00-05:00,17.740322421999846,17.849483562321918,17.49081039428711,17.49081039428711,77400,0.0,0.0
2020-02-20 00:00:00-05:00,17.490805576523634,17.573768020316777,17.490805576523634,17.565658569335938,22800,0.0,0.0
2020-02-21 00:00:00-05:00,17.53447365073738,17.579384979815877,17.294317968692663,17.4471435546875,16200,0.0,0.0
2020-02-24 00:00:00-05:00,17.25938669911926,17.347963672609655,17.17268122933342,17.1976318359375,33200,0.0,0.0
2020-02-25 00:00:00-05:00,17.309910255227358,17.812053788129102,16.873263394504022,16.879501342773438,41700,0.0,0.0
2020-02-26 00:00:00-05:00,17.206983366048966,17.21634088196214,16.829596474432662,17.007373809814453,41600,0.0,0.0
2020-02-27 00:00:00-05:00,16.77969741821289,17.110301554996244,16.58632577092344,16.77969741821289,45800,0.0,0.0
2020-02-28 00:00:00-05:00,16.65493773583899,16.756614011206338,16.31185779003278,16.367998123168945,72300,0.0,0.0
2020-03-02 00:00:00-05:00,16.617517859705913,16.913190499094803,16.617517859705913,16.86703109741211,32500,0.0,0.0
2020-03-03 00:00:00-05:00,16.949993528484008,17.30367684068271,16.9044575649767,16.948122024536133,23600,0.0,0.0
2020-03-04 00:00:00-05:00,17.029211489147762,17.397242172584896,16.97307113474093,17.372291564941406,47300,0.0,0.0
2020-03-05 00:00:00-05:00,17.241291839951153,17.24877785283728,16.90445100424621,17.04792022705078,30900,0.0,0.0
2020-03-06 00:00:00-05:00,16.966826047132493,16.993024707693998,16.311855963795065,16.38047218322754,91400,0.0,0.0
2020-03-09 00:00:00-04:00,16.1162058402221,16.303161479049475,14.899410084364499,15.881718635559082,160800,0.413,0.0
2020-03-10 00:00:00-04:00,15.919742561313456,16.654889787627294,15.368381537189181,16.44575309753418,70900,0.0,0.0
2020-03-11 00:00:00-04:00,16.1669068680127,16.255631175096884,15.9134079843593,16.0338191986084,107200,0.0,0.0
2020-03-12 00:00:00-04:00,15.86904261595993,15.86904261595993,14.322697925776046,14.931095123291016,115400,0.0,0.0
2020-03-13 00:00:00-04:00,15.209944218120764,15.789823921649946,14.76948977687546,15.72961711883545,61600,0.0,0.0
2020-03-16 00:00:00-04:00,14.417761069898757,15.305007663213873,12.674954786724182,13.66360092163086,85900,0.0,0.0
2020-03-17 00:00:00-04:00,15.653566437083645,15.653566437083645,14.20862145236315,14.259321212768555,74700,0.0,0.0
2020-03-18 00:00:00-04:00,14.050187585911212,14.050187585911212,8.24505832564229,10.29840087890625,134400,0.0,0.0
2020-03-19 00:00:00-04:00,9.436504493365197,12.674955373788002,8.264070879534218,11.781371116638184,150800,0.0,0.0
2020-03-20 00:00:00-04:00,12.896766211245229,14.367060713133947,10.349100112915039,10.349100112915039,90900,0.0,0.0
2020-03-23 00:00:00-04:00,10.330087051653317,10.742024024679056,8.87246782161363,9.861114501953125,94300,0.0,0.0
2020-03-24 00:00:00-04:00,10.412472703393332,13.308698886778297,10.386488821100523,12.991825103759766,89600,0.0,0.0
2020-03-25 00:00:00-04:00,14.19594754686849,15.615542180677565,13.112239612860957,14.367059707641602,130400,0.0,0.0
2020-03-26 00:00:00-04:00,14.2149596775505,15.52047947004865,14.2149596775505,15.203605651855469,69200,0.0,0.0
2020-03-27 00:00:00-04:00,15.057844966063048,15.20107183483994,14.132572728126801,14.514089584350586,67400,0.0,0.0
2020-03-30 00:00:00-04:00,13.993148762143448,15.209944359233218,13.993148762143448,14.645909309387207,65000,0.0,0.0
2020-03-31 00:00:00-04:00,14.778992701427935,15.507802143594265,14.474794166941079,15.41907787322998,62700,0.0,0.0
2020-04-01 00:00:00-04:00,15.209945029901718,15.209945029901718,13.416439060143587,13.955124855041504,79000,0.0,0.0
2020-04-02 00:00:00-04:00,13.898089029210269,14.443112507619444,13.023516414610523,14.202287673950195,61600,0.0,0.0
2020-04-03 00:00:00-04:00,14.259325184984565,14.409523100819243,12.69396858872633,13.264341354370117,51400,0.0,0.0
2020-04-06 00:00:00-04:00,14.487473379586884,15.05150846799986,14.025471230063573,14.050187110900879,37600,0.0,0.0
2020-04-07 00:00:00-04:00,14.259323347779068,14.715621259747984,14.077437340812272,14.455784797668457,68800,0.0,0.0
2020-04-08 00:00:00-04:00,14.576196176654756,15.539492909740336,14.470993833033575,15.095869064331055,138200,0.0,0.0
2020-04-09 00:00:00-04:00,15.159246569842583,15.748632184024105,14.93046358825791,15.469782829284668,124900,0.0,0.0
2020-04-13 00:00:00-04:00,15.533156349088328,15.533156349088328,15.051507949646307,15.45076847076416,37500,0.0,0.0
2020-04-14 00:00:00-04:00,15.59019594513843,15.74863289334354,15.463445903063148,15.672582626342773,66600,0.0,0.0
2020-04-15 00:00:00-04:00,15.577517500309082,15.621879643292203,14.905745316326662,15.507804870605469,78800,0.0,0.0
2020-04-16 00:00:00-04:00,15.526817072647376,15.748628986869303,15.109810528856826,15.716940879821777,60900,0.0,0.0
2020-04-17 00:00:00-04:00,15.843694402043873,15.894394175779295,15.621882438659668,15.621882438659668,97800,0.0,0.0
2020-04-20 00:00:00-04:00,15.55850627070656,15.780318217715747,15.209945503104887,15.591461181640625,48900,0.0,0.0
2020-04-21 00:00:00-04:00,15.78031835909772,15.786655981500806,15.133895379317522,15.266983032226562,41700,0.0,0.0
2020-04-22 00:00:00-04:00,15.514141168884361,15.78031521285541,15.368379509008642,15.539491653442383,52800,0.0,0.0
2020-04-23 00:00:00-04:00,15.704270652634571,15.938756657739305,15.609207517225538,15.786657333374023,72500,0.0,0.0
2020-04-24 00:00:00-04:00,15.932416607713645,15.932416607713645,15.526818471193407,15.780317306518555,40000,0.0,0.0
2020-04-27 00:00:00-04:00,15.875379296258094,15.900729784303405,15.685255471029464,15.735955238342285,75900,0.0,0.0
2020-04-28 00:00:00-04:00,15.843689902040904,15.843689902040904,15.685253003020494,15.773977279663086,52200,0.0,0.0
2020-04-29 00:00:00-04:00,15.843691901610496,15.90706691097249,15.68525498259439,15.79932975769043,89000,0.0,0.0
2020-04-30 00:00:00-04:00,15.735953188301979,15.932414609947438,15.685253427594194,15.824677467346191,62700,0.0,0.0
2020-05-01 00:00:00-04:00,15.780318299311041,15.780318299311041,15.533157070416507,15.723280906677246,34700,0.0,0.0
2020-05-04 00:00:00-04:00,15.780319839088241,15.850032483282451,15.52682096307928,15.685257911682129,45500,0.0,0.0
2020-05-05 00:00:00-04:00,15.767640746631159,15.850028616722074,15.590192181101852,15.615541458129883,44800,0.0,0.0
2020-05-06 00:00:00-04:00,15.818340502026226,15.9134036149753,15.535689596335923,15.812004089355469,53900,0.0,0.0
2020-05-07 00:00:00-04:00,15.843692317544292,15.919742572530735,15.710605882290261,15.780317306518555,54500,0.0,0.0
2020-05-08 00:00:00-04:00,15.859537560509896,15.913406749042155,15.68715857476253,15.881718635559082,58000,0.0,0.0
2020-05-11 00:00:00-04:00,15.89439009161101,15.937485432162568,15.755599451344288,15.824677467346191,72400,0.0,0.0
2020-05-12 00:00:00-04:00,15.938757268335626,16.0338191986084,15.900732737982123,16.0338191986084,97600,0.0,0.0
2020-05-13 00:00:00-04:00,16.033817992025888,16.033817992025888,15.747364214614963,15.964106559753418,35700,0.0,0.0
2020-05-14 00:00:00-04:00,15.907065727889599,16.135214052335453,15.457104282785162,16.128877639770508,46900,0.0,0.0
2020-05-15 00:00:00-04:00,16.065500196007424,16.25055435951672,16.065500196007424,16.23661231994629,18300,0.0,0.0
2020-05-18 00:00:00-04:00,16.33801615608428,16.33801615608428,15.70426845550537,15.704268455505371,214400,0.0,0.0
2020-05-19 00:00:00-04:00,15.754966608278808,15.754966608278808,15.53315469405688,15.716940879821777,45900,0.0,0.0
2020-05-20 00:00:00-04:00,15.767641067504885,15.888053459977105,15.685254404515081,15.767641067504883,73900,0.0,0.0
2020-05-21 00:00:00-04:00,15.812006412671211,15.843693315791645,15.74863139765247,15.792993545532227,74200,0.0,0.0
2020-05-22 00:00:00-04:00,15.792991067319681,15.875377727771543,15.742291305015994,15.831015586853027,39800,0.0,0.0
2020-05-26 00:00:00-04:00,15.888057375526964,15.97678168196293,15.831019976024411,15.86270809173584,39100,0.0,0.0
2020-05-27 00:00:00-04:00,15.945089614672993,16.21126365661621,15.856365336951129,16.21126365661621,59600,0.0,0.0
2020-05-28 00:00:00-04:00,16.11620281010367,16.154227330356175,15.97044114182098,16.109865188598633,49100,0.0,0.0
2020-05-29 00:00:00-04:00,16.0401547987219,16.41406605824262,16.002130273164266,16.3443546295166,50100,0.0,0.0
2020-06-01 00:00:00-04:00,16.38237598709832,16.471100265834853,16.192250978520217,16.45208740234375,28100,0.0,0.0
2020-06-02 00:00:00-04:00,16.38871604025308,16.471102710051618,16.28161228161494,16.401390075683594,32300,0.0,0.0
2020-06-03 00:00:00-04:00,16.471104828348825,16.471104828348825,16.193523471887644,16.395055770874023,34500,0.0,0.0
2020-06-04 00:00:00-04:00,16.388715590901064,16.54081489089731,16.261965569848634,16.477439880371094,38900,0.0,0.0
2020-06-05 00:00:00-04:00,16.49644792705511,16.62953432238163,16.42673531496364,16.464759826660156,27800,0.0,0.0
2020-06-08 00:00:00-04:00,16.490112851696747,16.883035687009794,16.490112851696747,16.825998306274414,52900,0.0,0.0
2020-06-09 00:00:00-04:00,16.96312582917085,16.96312582917085,16.641244888305664,16.641244888305664,50400,0.413,0.0
2020-06-10 00:00:00-04:00,16.744244491271175,16.834370749951447,16.531803147326112,16.802183151245117,31200,0.0,0.0
2020-06-11 00:00:00-04:00,16.312923348824686,16.525364683793864,16.016792296149944,16.113357543945312,56400,0.0,0.0
2020-06-12 00:00:00-04:00,16.396611202909455,16.53180180785437,16.129450717234388,16.13910675048828,36700,0.0,0.0
2020-06-15 00:00:00-04:00,16.138464236417473,16.48030183035269,16.007136528649998,16.467426300048828,33300,0.0,0.0
2020-06-16 00:00:00-04:00,16.415926782363368,16.647681435741305,16.370863650401716,16.446184158325195,49900,0.0,0.0
2020-06-17 00:00:00-04:00,16.484165715565517,16.538241472604607,16.262067102186062,16.480302810668945,36300,0.0,0.0
2020-06-18 00:00:00-04:00,16.441681008002465,16.63287765151701,16.415929940283092,16.570432662963867,25100,0.0,0.0
2020-06-19 00:00:00-04:00,16.352835391323612,16.7249290935829,16.352835391323612,16.64767837524414,16300,0.0,0.0
2020-06-22 00:00:00-04:00,16.724927361820054,16.731365125661362,16.267857179988102,16.46098518371582,19700,0.0,0.0
2020-06-23 00:00:00-04:00,16.583304892520232,16.67085629513978,16.287173812145422,16.31936264038086,18300,0.0,0.0
2020-06-24 00:00:00-04:00,16.351550240738053,16.351550240738053,15.984606194001769,16.31936264038086,29600,0.0,0.0
2020-06-25 00:00:00-04:00,16.319361770820255,16.3773004306786,16.17773338988734,16.261423110961914,34400,0.0,0.0
2020-06-26 00:00:00-04:00,16.287172886683354,16.36442484218059,16.24210975759254,16.332237243652344,25300,0.0,0.0
2020-06-29 00:00:00-04:00,16.261419317419552,16.50604820251465,16.222793962484094,16.50604820251465,19400,0.0,0.0
2020-06-30 00:00:00-04:00,16.31936182905574,16.506052112026904,16.151983614187483,16.190608978271484,90900,0.0,0.0
2020-07-01 00:00:00-04:00,16.195114472587424,16.30004770914535,16.15842056274414,16.15842056274414,41200,0.0,0.0
2020-07-02 00:00:00-04:00,16.197046279907227,16.287172536149146,16.197046279907227,16.197046279907227,24200,0.0,0.0
2020-07-06 00:00:00-04:00,16.24210888954728,16.335454639319853,16.22279682261372,16.2742977142334,17900,0.0,0.0
2020-07-07 00:00:00-04:00,16.325799483156533,16.325799483156533,16.126232443012753,16.235671997070312,29600,0.0,0.0
2020-07-08 00:00:00-04:00,16.190608269954353,16.28073575271165,16.01679229736328,16.01679229736328,53500,0.0,0.0
2020-07-09 00:00:00-04:00,16.152628175605937,16.191253542447676,16.016794141627262,16.087608337402344,48900,0.0,0.0
2020-07-10 00:00:00-04:00,16.08761000773426,16.197049581713884,16.08761000773426,16.177736282348633,38000,0.0,0.0
2020-07-13 00:00:00-04:00,16.261423168990643,16.28073646497174,16.16099624006969,16.190608978271484,20500,0.0,0.0
2020-07-14 00:00:00-04:00,16.16486035809422,16.29361199066373,16.16486035809422,16.287174224853516,15100,0.0,0.0
2020-07-15 00:00:00-04:00,16.35154555489492,16.51184255830002,16.308413888085692,16.50604820251465,21600,0.0,0.0
2020-07-16 00:00:00-04:00,16.480299463562634,16.718490600585938,16.41592304916678,16.718490600585938,25200,0.0,0.0
2020-07-17 00:00:00-04:00,16.660555161081863,16.699181753889913,16.589742196690192,16.596179962158203,14800,0.0,0.0
2020-07-20 00:00:00-04:00,16.75712002190498,16.802183151245117,16.57493482428336,16.802183151245117,14100,0.0,0.0
2020-07-21 00:00:00-04:00,16.715274132297285,16.86012077331543,16.715274132297285,16.86012077331543,12600,0.0,0.0
2020-07-22 00:00:00-04:00,16.89874764176703,16.89874764176703,16.744244953530547,16.795745849609375,26300,0.0,0.0
2020-07-23 00:00:00-04:00,16.853684045902156,16.853684045902156,16.71205566468666,16.802183151245117,18700,0.0,0.0
2020-07-24 00:00:00-04:00,16.853683935318607,16.898747064363068,16.773857119366607,16.847246170043945,18200,0.0,0.0
2020-07-27 00:00:00-04:00,16.647680010651886,16.898746711733782,16.647680010651886,16.712055206298828,28100,0.0,0.0
2020-07-28 00:00:00-04:00,16.782870266667178,16.892309823980682,16.769994735717773,16.769994735717773,28300,0.0,0.0
2020-07-29 00:00:00-04:00,16.885868899764766,17.057109991299765,16.81956226074754,16.966339111328125,35500,0.0,0.0
2020-07-30 00:00:00-04:00,17.046813263865975,17.079002092659696,16.969562530517578,16.969562530517578,19200,0.0,0.0
2020-07-31 00:00:00-04:00,17.18200168457253,17.18200168457253,16.892308401988352,17.033935546875,17900,0.0,0.0
2020-08-03 00:00:00-04:00,17.117627293596538,17.124065059292953,16.872997108645897,16.988874435424805,13100,0.0,0.0
2020-08-04 00:00:00-04:00,17.11762613734017,17.132433120229567,17.010118036016348,17.091875076293945,9900,0.0,0.0
2020-08-05 00:00:00-04:00,17.175561361567798,17.297876421317035,17.06676523780048,17.27727508544922,19400,0.0,0.0
2020-08-06 00:00:00-04:00,17.27856686242529,17.282429767219828,16.99531132576374,17.02750015258789,26600,0.0,0.0
2020-08-07 00:00:00-04:00,17.09187483177867,17.169126785934008,16.943809916515608,17.00818634033203,24900,0.0,0.0
2020-08-10 00:00:00-04:00,17.124060357413182,17.31718836376394,17.053246182074872,17.272125244140625,15000,0.0,0.0
2020-08-11 00:00:00-04:00,17.317191064526405,17.317191064526405,17.033935546875,17.033935546875,32100,0.0,0.0
2020-08-12 00:00:00-04:00,17.2141875753962,17.34294040553574,17.124061331025313,17.285001754760742,21900,0.0,0.0
2020-08-13 00:00:00-04:00,17.330067553041886,17.36225515160816,17.19487693773154,17.339723587036133,25400,0.0,0.0
2020-08-14 00:00:00-04:00,17.30431752556303,17.43307038327556,17.14337706736149,17.330068588256836,34700,0.0,0.0
2020-08-17 00:00:00-04:00,17.34294695924413,17.433073237672744,17.1865127886125,17.317195892333984,12000,0.0,0.0
2020-08-18 00:00:00-04:00,17.330066059839613,17.452381134033203,17.19165718774957,17.452381134033203,14500,0.0,0.0
2020-08-19 00:00:00-04:00,17.445945631977597,17.478133231945126,17.323630541920167,17.442726135253906,28000,0.0,0.0
2020-08-20 00:00:00-04:00,17.445942745933365,17.478130340576172,17.445942745933365,17.478130340576172,19000,0.0,0.0
2020-08-21 00:00:00-04:00,17.49100433786092,17.613319396972656,17.349377214805916,17.613319396972656,18300,0.0,0.0
2020-08-24 00:00:00-04:00,17.542504439143446,17.62619291088044,17.465252503181876,17.510316848754883,22100,0.0,0.0
2020-08-25 00:00:00-04:00,17.503883773176646,17.52963360680852,17.375130921382702,17.471694946289062,23400,0.0,0.0
2020-08-26 00:00:00-04:00,17.44594361818675,17.542507634821156,17.381567197804447,17.536069869995117,27200,0.0,0.0
2020-08-27 00:00:00-04:00,17.507099569577463,17.626195142547385,17.507099569577463,17.61975860595703,20400,0.0,0.0
2020-08-28 00:00:00-04:00,17.658383835541784,17.662890147848838,17.503881173066528,17.518043518066406,14000,0.0,0.0
2020-08-31 00:00:00-04:00,17.787136033050288,17.787136033050288,17.445943102502167,17.516756057739258,45000,0.0,0.0
2020-09-01 00:00:00-04:00,17.484569713055386,17.645510156826425,17.323629269284346,17.416975021362305,27500,0.0,0.0
2020-09-02 00:00:00-04:00,17.44144011940827,17.465258502441316,17.326850833925604,17.349382400512695,22700,0.0,0.0
2020-09-03 00:00:00-04:00,17.38156323506132,17.568254688819252,17.3171868293559,17.359031677246094,36600,0.0,0.0
2020-09-04 00:00:00-04:00,17.397660958810516,17.397660958810516,17.06612405218446,17.265689849853516,34000,0.0,0.0
2020-09-08 00:00:00-04:00,17.28499946015458,17.28499946015458,17.117621294344044,17.149808883666992,13100,0.0,0.0
2020-09-09 00:00:00-04:00,17.374097642421148,17.450604210791624,17.26293475349852,17.419870376586914,13100,0.413,0.0
2020-09-10 00:00:00-04:00,17.393719489435274,17.514690495831903,17.262939146640043,17.491804122924805,32400,0.0,0.0
2020-09-11 00:00:00-04:00,17.583349988108584,17.583349988108584,17.230245050601855,17.295635223388672,3100,0.0,0.0
2020-09-14 00:00:00-04:00,17.341409626086257,17.453226096372795,17.23024669589799,17.308713912963867,19100,0.0,0.0
2020-09-15 00:00:00-04:00,17.304131900176298,17.481338500976562,17.302170033204696,17.481338500976562,14100,0.0,0.0
2020-09-16 00:00:00-04:00,17.517956347180295,17.740280879269694,17.517956347180295,17.55718994140625,16600,0.0,0.0
2020-09-17 00:00:00-04:00,17.714125772439896,17.714125772439896,17.361019678641284,17.455835342407227,18600,0.0,0.0
2020-09-18 00:00:00-04:00,17.61604305815906,17.61604305815906,17.37279274939387,17.51141929626465,7400,0.0,0.0
2020-09-21 00:00:00-04:00,17.51141690998024,17.635656830791145,17.393714882084904,17.46564292907715,7000,0.0,0.0
2020-09-22 00:00:00-04:00,17.46564292907715,17.46564292907715,17.393714882084904,17.46564292907715,26000,0.0,0.0
2020-09-23 00:00:00-04:00,17.465647181748203,17.465647181748203,17.014457627908207,17.1419677734375,39100,0.0,0.0
2020-09-24 00:00:00-04:00,17.07984802528809,17.151776090751508,16.792132021793112,17.040613174438477,28000,0.0,0.0
2020-09-25 00:00:00-04:00,17.145236375046533,17.687972654828314,17.030804515266592,17.60296630859375,30000,0.0,0.0
2020-09-28 00:00:00-04:00,17.71412674323076,17.743552252659924,17.5833464241648,17.74028205871582,14300,0.0,0.0
2020-09-29 00:00:00-04:00,17.727209091186523,17.799137160680836,17.43099206201921,17.727209091186523,16000,0.0,0.0
2020-09-30 00:00:00-04:00,17.857981092751547,17.857981092751547,17.40679168701172,17.40679168701172,60500,0.0,0.0
2020-10-01 00:00:00-04:00,17.5048813509227,17.903759002685547,17.49049474081034,17.903759002685547,25900,0.0,0.0
2020-10-02 00:00:00-04:00,17.83837184792276,17.982229232788086,17.619968492401213,17.982229232788086,12200,0.0,0.0
2020-10-05 00:00:00-04:00,17.91029733329576,18.103197632584056,17.7010498046875,17.7010498046875,18500,0.0,0.0
2020-10-06 00:00:00-04:00,17.85798693955549,18.198014825491082,17.727207846882095,18.008384704589844,29100,0.0,0.0
2020-10-07 00:00:00-04:00,18.073773800377573,18.18493671618192,17.822022454373208,18.139163970947266,49600,0.0,0.0
2020-10-08 00:00:00-04:00,18.106467450761958,18.145701049757836,17.8677944154488,18.113006591796875,32600,0.0,0.0
2020-10-09 00:00:00-04:00,18.289560315083836,18.289560315083836,17.6866659165728,18.008384704589844,16200,0.0,0.0
2020-10-12 00:00:00-04:00,18.1391673803547,18.1391673803547,17.629125450700993,17.916841506958008,16700,0.0,0.0
2020-10-13 00:00:00-04:00,17.9822286940004,18.047618865966797,17.903760238197968,18.047618865966797,32800,0.0,0.0
2020-10-14 00:00:00-04:00,17.913570968124812,18.126087484529382,17.531039243054362,17.583351135253906,40200,0.0,0.0
2020-10-15 00:00:00-04:00,17.55065351556744,17.7677485151399,17.504880774022322,17.75990104675293,35100,0.0,0.0
2020-10-16 00:00:00-04:00,17.799131777520568,17.83051915158094,17.361019362027083,17.419870376586914,110900,0.0,0.0
2020-10-19 00:00:00-04:00,17.50487930145352,17.53822729765181,17.236780768773748,17.380638122558594,42200,0.0,0.0
2020-10-20 00:00:00-04:00,17.400259769119796,17.576811622060372,17.321791308868757,17.393720626831055,17200,0.0,0.0
2020-10-21 00:00:00-04:00,17.446030928305824,17.446030928305824,17.23024424129452,17.26947784423828,20900,0.0,0.0
2020-10-22 00:00:00-04:00,17.30870997459516,17.393717562157093,17.21062535197371,17.387178421020508,21300,0.0,0.0
2020-10-23 00:00:00-04:00,17.43949225428318,17.6160453430853,17.387180366550748,17.59642791748047,37400,0.0,0.0
2020-10-26 00:00:00-04:00,17.589885982057258,17.609503404546526,17.236781107745497,17.361021041870117,29300,0.0,0.0
2020-10-27 00:00:00-04:00,17.38717914487405,17.465646347352457,17.23678263411236,17.276016235351562,16900,0.0,0.0
2020-10-28 00:00:00-04:00,17.19754959409497,17.37148728166183,16.847713598824754,17.034074783325195,89700,0.0,0.0
2020-10-29 00:00:00-04:00,17.092922247966737,17.315248043994988,17.05368865078927,17.197546005249023,25900,0.0,0.0
2020-10-30 00:00:00-04:00,17.27601835208927,17.334869384765625,17.132160965110323,17.334869384765625,53500,0.0,0.0
2020-11-02 00:00:00-05:00,17.39371340786216,17.465641448758063,17.210621241408305,17.40679168701172,41100,0.0,0.0
2020-11-03 00:00:00-05:00,17.43295049612443,17.597733603718957,17.21062469482422,17.21062469482422,26600,0.0,0.0
2020-11-04 00:00:00-05:00,17.341408964908293,17.733748776920685,17.341408964908293,17.661819458007812,12600,0.0,0.0
2020-11-05 00:00:00-05:00,17.7723277330425,17.96915054321289,17.668357496039622,17.96915054321289,33000,0.0,0.0
2020-11-06 00:00:00-05:00,17.884144174537298,17.982228809510048,17.687973657378,17.864526748657227,20100,0.0,0.0
2020-11-09 00:00:00-05:00,18.01492288279233,18.194746164772475,17.687973275139374,17.956071853637695,58000,0.0,0.0
2020-11-10 00:00:00-05:00,17.910301394307883,18.0018481442417,17.59643003022777,17.65528106689453,49000,0.0,0.0
2020-11-11 00:00:00-05:00,17.73374510225344,17.808943353164878,17.6748940802856,17.687971115112305,21800,0.0,0.0
2020-11-12 00:00:00-05:00,17.720667008484075,17.761862474856514,17.64219856262207,17.64219856262207,25800,0.0,0.0
2020-11-13 00:00:00-05:00,17.701048461881452,17.77951690276374,17.62911916167382,17.74028205871582,12500,0.0,0.0
2020-11-16 00:00:00-05:00,17.825293255042183,18.29610025416961,17.75990308224881,18.21109390258789,74900,0.0,0.0
2020-11-17 00:00:00-05:00,18.204553260428884,18.349065418144377,18.099929491466604,18.224170684814453,72400,0.0,0.0
2020-11-18 00:00:00-05:00,18.21762750092508,18.374563119545037,18.060691882305118,18.165315628051758,39500,0.0,0.0
2020-11-19 00:00:00-05:00,18.237248257059086,18.3026384263877,18.158781051635742,18.158781051635742,21800,0.0,0.0
2020-11-20 00:00:00-05:00,18.14570408910195,18.30263975858528,18.119547520581147,18.296100616455078,36000,0.0,0.0
2020-11-23 00:00:00-05:00,18.302633805162024,18.410527744394194,18.23070451234058,18.23724365234375,38100,0.0,0.0
2020-11-24 00:00:00-05:00,18.400719052795985,18.64920139273246,18.21108897494144,18.309173583984375,32700,0.0,0.0
2020-11-25 00:00:00-05:00,18.400718410782726,18.400718410782726,18.211088339544496,18.23724365234375,21100,0.0,0.0
2020-11-27 00:00:00-05:00,18.296100616455078,18.3059099532573,18.21763340532033,18.296100616455078,5200,0.0,0.0
2020-11-30 00:00:00-05:00,18.269942014314694,18.368026634226453,18.204551851968983,18.2307071685791,78700,0.0,0.0
2020-12-01 00:00:00-05:00,18.368026634226453,18.368026634226453,18.211090992924913,18.2307071685791,20700,0.0,0.0
2020-12-02 00:00:00-05:00,18.14570372979452,18.283021970168175,18.135895640400346,18.21109390258789,32500,0.0,0.0
2020-12-03 00:00:00-05:00,18.289558034052572,18.302636315852943,18.13262239408889,18.204551696777344,90300,0.0,0.0
2020-12-04 00:00:00-05:00,18.204550538799666,18.2110896792839,18.17839397686272,18.19801139831543,22700,0.0,0.0
2020-12-07 00:00:00-05:00,18.17839631638029,18.315715789794922,18.17839631638029,18.315715789794922,2500,0.0,0.0
2020-12-08 00:00:00-05:00,18.29609898697984,18.472652067129715,18.283020703884205,18.387645721435547,28800,0.0,0.0
2020-12-09 00:00:00-05:00,18.475908559837276,18.80773162841797,18.36308866588766,18.80773162841797,40400,0.413,0.0
2020-12-10 00:00:00-05:00,18.655092744031943,18.675001317416495,18.044538266083627,18.144084930419922,104300,0.0,0.0
2020-12-11 00:00:00-05:00,18.16399497709857,18.170630324432878,17.88526355429026,18.01799201965332,38100,0.0,0.0
2020-12-14 00:00:00-05:00,17.988133343290865,18.165990325561456,17.988133343290865,18.117544174194336,26500,0.0,0.0
2020-12-15 00:00:00-05:00,18.157359222138503,18.35313488867123,18.157359222138503,18.283451080322266,39500,0.0,0.0
2020-12-16 00:00:00-05:00,18.23036232656696,18.376365314042655,18.23036232656696,18.329910278320312,17700,0.0,0.0
2020-12-17 00:00:00-05:00,18.381006773172512,18.47590793466738,18.343178205404463,18.442726135253906,32300,0.0,0.0
2020-12-18 00:00:00-05:00,18.44272684726718,18.56218208925017,18.396270554168478,18.53563690185547,12600,0.0,0.0
2020-12-21 00:00:00-05:00,18.46926966002505,18.54227113113248,18.396268188917613,18.534971237182617,21300,0.0,0.0
2020-12-22 00:00:00-05:00,18.515725219216314,18.55355378467999,18.210448632634215,18.263540267944336,37400,0.0,0.0
2020-12-23 00:00:00-05:00,18.349816545546993,18.409544802756525,18.158686375637416,18.23036003112793,28600,0.0,0.0
2020-12-24 00:00:00-05:00,18.250269291064033,18.316634159828823,18.163995847733023,18.296724319458008,6100,0.0,0.0
2020-12-28 00:00:00-05:00,18.363087864922335,18.363087864922335,18.157357925801154,18.24363136291504,17000,0.0,0.0
2020-12-29 00:00:00-05:00,18.26288049400912,18.283453618826904,18.183906934827338,18.27018165588379,18100,0.0,0.0
2020-12-30 00:00:00-05:00,18.163999653502312,18.343183191164282,18.163999653502312,18.323274612426758,46500,0.0,0.0
2020-12-31 00:00:00-05:00,18.347824024855253,18.47059946957559,18.336541909066728,18.44936180114746,28000,0.0,0.0
2021-01-04 00:00:00-05:00,18.396274137468303,18.396274137468303,18.19054414831937,18.217090606689453,29800,0.0,0.0
2021-01-05 00:00:00-05:00,18.230358136957673,18.276814427808453,18.217086176804806,18.24363136291504,12700,0.0,0.0
2021-01-06 00:00:00-05:00,18.183900701032336,18.197173925229894,17.805622672032193,18.051172256469727,70900,0.0,0.0
2021-01-07 00:00:00-05:00,18.051176529458857,18.051176529458857,17.75253524334246,17.825536727905273,63700,0.0,0.0
2021-01-08 00:00:00-05:00,17.76580726780726,17.944992027344984,17.76580726780726,17.90517234802246,29100,0.0,0.0
2021-01-11 00:00:00-05:00,17.73926319513066,17.772446265685176,17.679534933937248,17.70608139038086,54400,0.0,0.0
2021-01-12 00:00:00-05:00,17.68617247513339,17.76249164270225,17.566715946484813,17.67289924621582,43900,0.0,0.0
2021-01-13 00:00:00-05:00,17.719355692278846,17.91844906445083,17.63308096941414,17.88526725769043,37100,0.0,0.0
2021-01-14 00:00:00-05:00,17.918445930366612,18.051175665802266,17.865354289353267,17.951627731323242,27900,0.0,0.0
2021-01-15 00:00:00-05:00,17.9715341770887,18.071080826961737,17.88526075141322,18.051172256469727,14800,0.0,0.0
2021-01-19 00:00:00-05:00,17.931721800961775,18.17727020217597,17.931721800961775,18.097633361816406,25000,0.0,0.0
2021-01-20 00:00:00-05:00,18.13745118278774,18.19054282987504,18.064449693365933,18.150724411010742,13200,0.0,0.0
2021-01-21 00:00:00-05:00,18.150724048580376,18.203815694607552,18.05117737050501,18.09099578857422,9100,0.0,0.0
2021-01-22 00:00:00-05:00,18.03790672224089,18.18390845324491,18.03790672224089,18.170635223388672,2900,0.0,0.0
2021-01-25 00:00:00-05:00,18.134136450417703,18.32327555296181,18.052507222828297,18.30336570739746,19900,0.0,0.0
2021-01-26 00:00:00-05:00,18.29008770600107,18.36972580167973,18.227041776867047,18.296724319458008,25000,0.0,0.0
2021-01-27 00:00:00-05:00,18.23235224436149,18.23235224436149,17.971539513870386,17.9914493560791,31600,0.0,0.0
2021-01-28 00:00:00-05:00,18.03790450272464,18.223724634627832,18.03790450272464,18.150724411010742,39300,0.0,0.0
2021-01-29 00:00:00-05:00,18.14408731636741,18.14408731636741,17.732626112984534,17.931720733642578,60400,0.0,0.0
2021-02-01 00:00:00-05:00,17.96490266567465,18.11090564169304,17.931720861563935,18.10426902770996,34500,0.0,0.0
2021-02-02 00:00:00-05:00,18.22372321357174,18.369726181030273,18.217087865782364,18.369726181030273,24600,0.0,0.0
2021-02-03 00:00:00-05:00,18.27018093340834,18.495820749980542,18.117541340453233,18.150724411010742,30400,0.0,0.0
2021-02-04 00:00:00-05:00,18.223723225415984,18.422817835951218,18.117539939452374,18.382999420166016,15800,0.0,0.0
2021-02-05 00:00:00-05:00,18.33322391874132,18.462634708580186,18.183903289771667,18.442726135253906,9900,0.0,0.0
2021-02-08 00:00:00-05:00,18.329907765270953,18.369726181030273,18.270179508729665,18.369726181030273,4800,0.0,0.0
2021-02-09 00:00:00-05:00,18.356454838658276,18.449364906904776,18.316636418810454,18.343181610107422,9500,0.0,0.0
2021-02-10 00:00:00-05:00,18.30668206748268,18.335882919052487,18.190544474542797,18.23699951171875,15700,0.0,0.0
2021-02-11 00:00:00-05:00,18.23367982461063,18.270180568592693,17.991449110498852,18.09099578857422,17000,0.0,0.0
2021-02-12 00:00:00-05:00,18.057812612342612,18.057812612342612,17.845446029484474,17.94499397277832,12600,0.0,0.0
2021-02-16 00:00:00-05:00,17.94499358562302,17.971538775005246,17.825537068891368,17.858718872070312,27300,0.0,0.0
2021-02-17 00:00:00-05:00,17.92508338947161,17.97087513769944,17.80562687510416,17.81226348876953,8900,0.0,0.0
2021-02-18 00:00:00-05:00,17.832174476377826,17.885266123309982,17.738599863225225,17.85540199279785,13500,0.0,0.0
2021-02-19 00:00:00-05:00,17.760500289569137,17.915130999320922,17.760500289569137,17.78571891784668,17300,0.0,0.0
2021-02-22 00:00:00-05:00,17.725987109203228,17.761824566463606,17.646350284320516,17.71271514892578,18900,0.0,0.0
2021-02-23 00:00:00-05:00,17.65298974329835,17.719354618602665,17.65298974329835,17.70608139038086,25600,0.0,0.0
2021-02-24 00:00:00-05:00,17.652987090582336,17.652987090582336,17.553440425487107,17.573348999023438,15800,0.0,0.0
2021-02-25 00:00:00-05:00,17.546807866696792,17.58662628877433,17.341741157580497,17.460533142089844,26700,0.0,0.0
2021-02-26 00:00:00-05:00,17.550785965126572,17.645688399902646,17.35700140588285,17.480440139770508,25900,0.0,0.0
2021-03-01 00:00:00-05:00,17.50035389973675,17.73926571261103,17.50035389973675,17.652992248535156,23200,0.0,0.0
2021-03-02 00:00:00-05:00,17.639719701789097,17.85208632848434,17.62644647116941,17.74590301513672,14900,0.0,0.0
2021-03-03 00:00:00-05:00,17.659626346515783,17.89853812533735,17.61980666187493,17.692808151245117,27800,0.0,0.0
2021-03-04 00:00:00-05:00,17.739258060758015,17.84544132418982,17.629757124133366,17.666257858276367,7700,0.0,0.0
2021-03-05 00:00:00-05:00,17.64967115163976,17.83549255299791,17.606535057774714,17.75253677368164,7900,0.0,0.0
2021-03-08 00:00:00-05:00,17.76580752643306,17.86535419457943,17.693469327340594,17.832172393798828,18200,0.0,0.0
2021-03-09 00:00:00-05:00,18.009433250860226,18.083574295043945,17.874632871647226,18.083574295043945,29700,0.413,0.0
2021-03-10 00:00:00-05:00,18.08357814099683,18.08357814099683,17.95551666077945,18.03639793395996,17400,0.0,0.0
2021-03-11 00:00:00-05:00,18.06335485001644,18.13345151462953,17.99595529875035,18.07009506225586,24000,0.0,0.0
2021-03-12 00:00:00-05:00,17.995957614323736,18.04313782050638,17.91574997824904,17.98247718811035,9100,0.0,0.0
2021-03-15 00:00:00-04:00,17.94877693678035,18.225120544433594,17.94877693678035,18.225120544433594,13400,0.0,0.0
2021-03-16 00:00:00-04:00,18.22511612906298,18.22511612906298,18.056614691267193,18.177934646606445,18900,0.0,0.0
2021-03-17 00:00:00-04:00,18.197486892151716,18.219054804725058,18.111213956294026,18.20490074157715,4600,0.0,0.0
2021-03-18 00:00:00-04:00,18.181981583086777,18.181981583086777,17.840934275440116,17.867895126342773,13200,0.0,0.0
2021-03-19 00:00:00-04:00,17.753314408998367,17.962255865096118,17.753314408998367,17.95281982421875,17600,0.0,0.0
2021-03-22 00:00:00-04:00,17.99595484839749,18.083575034189113,17.955513575973043,18.049875259399414,7800,0.0,0.0
2021-03-23 00:00:00-04:00,18.043140106095475,18.090320318254605,17.95551861017335,17.996633529663086,8200,0.0,0.0
2021-03-24 00:00:00-04:00,18.11053621744443,18.13075556846663,17.97640818021466,18.103796005249023,19400,0.0,0.0
2021-03-25 00:00:00-04:00,18.28577939560177,18.28577939560177,18.029657720731233,18.03639793395996,15700,0.0,0.0
2021-03-26 00:00:00-04:00,18.049874364612826,18.21163558959961,18.029653729402998,18.21163558959961,15900,0.0,0.0
2021-03-29 00:00:00-04:00,18.191416216863193,18.194786965747394,18.056615829467773,18.056615829467773,5800,0.0,0.0
2021-03-30 00:00:00-04:00,18.090315485830054,18.292516708374023,18.090315485830054,18.292516708374023,31600,0.0,0.0
2021-03-31 00:00:00-04:00,18.292518382461328,18.51494026184082,18.292518382461328,18.51494026184082,20500,0.0,0.0
2021-04-01 00:00:00-04:00,18.51494230126684,18.696924209594727,18.508202087747552,18.696924209594727,15000,0.0,0.0
2021-04-05 00:00:00-04:00,18.66996341927597,18.784544470476828,18.622781927728635,18.757583618164062,15400,0.0,0.0
2021-04-06 00:00:00-04:00,18.771066077405468,18.94630777972619,18.595824375084746,18.93956756591797,34500,0.0,0.0
2021-04-07 00:00:00-04:00,18.98000550748758,18.98000550748758,18.757583618164062,18.757583618164062,37900,0.0,0.0
2021-04-08 00:00:00-04:00,18.858686876773433,18.858686876773433,18.750846023591084,18.771066665649414,15700,0.0,0.0
2021-04-09 00:00:00-04:00,18.932824458221553,18.932824458221553,18.77106320824253,18.777803421020508,14900,0.0,0.0
2021-04-12 00:00:00-04:00,18.74410580957164,18.858686876773433,18.71714623905824,18.771066665649414,10700,0.0,0.0
2021-04-13 00:00:00-04:00,18.771064882202882,18.83172551705011,18.671311523982848,18.737363815307617,22500,0.0,0.0
2021-04-14 00:00:00-04:00,18.703662458390482,18.811503292242378,18.703662458390482,18.791282653808594,10200,0.0,0.0
2021-04-15 00:00:00-04:00,18.73062321713881,18.804762986568274,18.589081319929576,18.777803421020508,19300,0.0,0.0
2021-04-16 00:00:00-04:00,18.791282379386352,18.794653128524832,18.55538136225795,18.643001556396484,23200,0.0,0.0
2021-04-19 00:00:00-04:00,18.63626152069584,18.79128255787097,18.42732006687005,18.51494026184082,23900,0.0,0.0
2021-04-20 00:00:00-04:00,18.467758919308707,18.48797955639252,18.386878942101564,18.434059143066406,13000,0.0,0.0
2021-04-21 00:00:00-04:00,18.481240539890855,18.56212180789561,18.380139919058013,18.42057991027832,23100,0.0,0.0
2021-04-22 00:00:00-04:00,18.417211374889817,18.417211374889817,18.231858727529662,18.258819580078125,42300,0.0,0.0
2021-04-23 00:00:00-04:00,18.29521393850742,18.467759783450358,18.28240843431665,18.36665916442871,21100,0.0,0.0
2021-04-26 00:00:00-04:00,18.386881647584897,18.47045746492125,18.37879287733555,18.461021423339844,26500,0.0,0.0
2021-04-27 00:00:00-04:00,18.380140753675658,18.50146201840976,18.380140753675658,18.400360107421875,14100,0.0,0.0
2021-04-28 00:00:00-04:00,18.434061172939238,18.494721805306288,18.312739908205135,18.400360107421875,15400,0.0,0.0
2021-04-29 00:00:00-04:00,18.46102291991656,18.46102291991656,18.27230207298942,18.39362335205078,21200,0.0,0.0
2021-04-30 00:00:00-04:00,18.393619040019136,18.40642454353104,18.157716751098633,18.157716751098633,64200,0.0,0.0
2021-05-03 00:00:00-04:00,18.272295790600538,18.41855439668237,18.25207515585446,18.346435546875,26500,0.0,0.0
2021-05-04 00:00:00-04:00,18.346440043946806,18.41384089072442,18.177938569784885,18.407100677490234,21800,0.0,0.0
2021-05-05 00:00:00-04:00,18.42732199807309,18.481242420374667,18.35655168484557,18.467761993408203,47700,0.0,0.0
2021-05-06 00:00:00-04:00,18.43405876101386,18.474498748779297,18.334979055477095,18.474498748779297,10000,0.0,0.0
2021-05-07 00:00:00-04:00,18.514943395045517,18.669965744018555,18.46641591174272,18.669965744018555,21200,0.0,0.0
2021-05-10 00:00:00-04:00,18.690182175464315,18.690182175464315,18.467760293251114,18.555381774902344,26300,0.0,0.0
2021-05-11 00:00:00-04:00,18.535159446627688,18.568859222305033,18.279037809013374,18.332958221435547,15300,0.0,0.0
2021-05-12 00:00:00-04:00,18.279037593436698,18.28577652004146,18.110536145909148,18.245336532592773,61000,0.0,0.0
2021-05-13 00:00:00-04:00,18.285775685468728,18.353176518516342,18.211635926123922,18.26555633544922,13500,0.0,0.0
2021-05-14 00:00:00-04:00,18.299259185791016,18.42732066155568,18.265559406383346,18.299259185791016,21500,0.0,0.0
2021-05-17 00:00:00-04:00,18.33296196806349,18.427322387695312,18.279041544621833,18.427322387695312,11800,0.0,0.0
2021-05-18 00:00:00-04:00,18.33969986197197,18.425972791726657,18.29723767553204,18.359920501708984,3800,0.0,0.0
2021-05-19 00:00:00-04:00,18.305999367726415,18.36665999900864,18.279039801358856,18.28443145751953,13500,0.0,0.0
2021-05-20 00:00:00-04:00,18.35991597003905,18.42057658871337,18.279036002182565,18.346435546875,12200,0.0,0.0
2021-05-21 00:00:00-04:00,18.29318970325835,18.434056651546598,18.29318970325835,18.33969497680664,13100,0.0,0.0
2021-05-24 00:00:00-04:00,18.386881323351908,18.48124173750203,18.299259836871745,18.407100677490234,20000,0.0,0.0
2021-05-25 00:00:00-04:00,18.41383731622563,18.447538375854492,18.312736708467,18.447538375854492,29300,0.0,0.0
2021-05-26 00:00:00-04:00,18.43540880173527,18.43540880173527,18.299259836871745,18.407100677490234,14300,0.0,0.0
2021-05-27 00:00:00-04:00,18.338354103139793,18.676704351254497,18.338354103139793,18.616044998168945,41800,0.0,0.0
2021-05-28 00:00:00-04:00,18.683442233433173,18.723883511195734,18.58234161015512,18.703662872314453,26700,0.0,0.0
2021-06-01 00:00:00-04:00,18.703658226614845,18.76162301522562,18.595817417162355,18.723878860473633,15800,0.0,0.0
2021-06-02 00:00:00-04:00,18.757582699106017,18.919343948364258,18.7036622826866,18.919343948364258,26700,0.0,0.0
2021-06-03 00:00:00-04:00,18.91260360911562,18.919343821818483,18.589081112763083,18.690181732177734,33900,0.0,0.0
2021-06-04 00:00:00-04:00,18.798022866619856,18.8249837178649,18.636261615842013,18.791282653808594,17700,0.0,0.0
2021-06-07 00:00:00-04:00,18.74410474180885,18.85733853109499,18.723885386466694,18.750844955444336,8100,0.0,0.0
2021-06-08 00:00:00-04:00,18.750844955444336,18.892386870660932,18.616044539427527,18.750844955444336,29200,0.0,0.0
2021-06-09 00:00:00-04:00,18.9239363532167,18.961565502902012,18.848678053846076,18.951303482055664,14200,0.413,0.0
2021-06-10 00:00:00-04:00,18.944458372198696,18.951300153206656,18.814467142919995,18.923933029174805,14000,0.0,0.0
2021-06-11 00:00:00-04:00,18.828156451863666,18.896572977889807,18.787790845051276,18.84868049621582,15400,0.0,0.0
2021-06-14 00:00:00-04:00,18.869205351482258,18.88288891731657,18.838417980823387,18.876047134399414,10600,0.0,0.0
2021-06-15 00:00:00-04:00,18.821311064087343,18.93077696278945,18.821311064087343,18.91025161743164,9500,0.0,0.0
2021-06-16 00:00:00-04:00,18.917096650650073,18.958146043484742,18.797368711158683,18.869205474853516,29500,0.0,0.0
2021-06-17 00:00:00-04:00,18.869202353671295,18.978668253081274,18.821311185796485,18.903409957885742,16000,0.0,0.0
2021-06-18 00:00:00-04:00,18.944463120709926,18.97867072938773,18.882204594349282,18.961566925048828,10300,0.0,0.0
2021-06-21 00:00:00-04:00,18.95130404977942,19.012878786575154,18.903411572876518,18.992353439331055,19700,0.0,0.0
2021-06-22 00:00:00-04:00,18.999195911345033,19.026561737060547,18.95130473764043,19.026561737060547,18100,0.0,0.0
2021-06-23 00:00:00-04:00,19.02655995218722,19.081292903420383,18.985510564996474,19.019718170166016,14400,0.0,0.0
2021-06-24 00:00:00-04:00,19.0402466473677,19.101821390747933,18.910255377460903,18.98551368713379,15400,0.0,0.0
2021-06-25 00:00:00-04:00,19.033403027785546,19.088135982738553,18.964986507860147,19.05392837524414,16200,0.0,0.0
2021-06-28 00:00:00-04:00,19.074453230649965,19.081295013427734,18.954725294380577,19.081295013427734,16600,0.0,0.0
2021-06-29 00:00:00-04:00,19.081292903420383,19.088134685441588,18.951302959826933,19.019718170166016,14500,0.0,0.0
2021-06-30 00:00:00-04:00,19.012876813584295,19.327590942382812,19.006035031879573,19.327590942382812,75600,0.0,0.0
2021-07-01 00:00:00-04:00,19.259176773295657,19.375484466552734,19.101819689752727,19.375484466552734,11400,0.0,0.0
2021-07-02 00:00:00-04:00,19.368642192918337,19.437058711617766,19.320751021309704,19.402851104736328,16000,0.0,0.0
2021-07-06 00:00:00-04:00,19.430217326450645,19.5260009765625,19.348118546282297,19.5260009765625,19100,0.0,0.0
2021-07-07 00:00:00-04:00,19.471263933795736,19.614938735961914,19.41653098652681,19.614938735961914,24200,0.0,0.0
2021-07-08 00:00:00-04:00,19.38232438198086,19.594414400453058,19.38232438198086,19.51915740966797,25000,0.0,0.0
2021-07-09 00:00:00-04:00,19.430218449222657,19.430218449222657,19.24002132142035,19.27970314025879,28200,0.0,0.0
2021-07-12 00:00:00-04:00,19.259174351327584,19.361114679918114,19.233176102930788,19.2578067779541,19400,0.0,0.0
2021-07-13 00:00:00-04:00,19.238650950209415,19.279700336696415,18.889727902728737,18.964984893798828,48500,0.0,0.0
2021-07-14 00:00:00-04:00,19.019712264851588,19.019712264851588,18.766572933345092,18.84183120727539,65600,0.0,0.0
2021-07-15 00:00:00-04:00,18.85551752342688,18.878095532443485,18.759735194111258,18.82815170288086,15700,0.0,0.0
2021-07-16 00:00:00-04:00,18.841835631760905,18.858939433051574,18.746051995647626,18.807626724243164,9200,0.0,0.0
2021-07-19 00:00:00-04:00,18.752893691728943,18.848676022469526,18.677635400469125,18.73921012878418,11100,0.0,0.0
2021-07-20 00:00:00-04:00,18.79394482225069,18.85551955628822,18.746053652429612,18.821311950683594,5900,0.0,0.0
2021-07-21 00:00:00-04:00,18.807626724243164,18.869201452838702,18.72552795607338,18.807626724243164,13900,0.0,0.0
2021-07-22 00:00:00-04:00,18.83499421706299,18.83499421706299,18.720054112475918,18.78710174560547,5600,0.0,0.0
2021-07-23 00:00:00-04:00,18.80763058378388,18.80763058378388,18.657115274627543,18.74947738647461,6100,0.0,0.0
2021-07-26 00:00:00-04:00,18.705007743524302,18.807631884360998,18.684482393382265,18.766582489013672,11600,0.0,0.0
2021-07-27 00:00:00-04:00,18.75973892211914,18.779579178581145,18.675587473917,18.75973892211914,7700,0.0,0.0
2021-07-28 00:00:00-04:00,18.828155444484736,18.848679487738774,18.663956573769283,18.75973892211914,10700,0.0,0.0
2021-07-29 00:00:00-04:00,18.821309921510263,18.841835265622052,18.71731693257538,18.82815170288086,9500,0.0,0.0
2021-07-30 00:00:00-04:00,18.86236206134099,19.0026153375939,18.86236206134099,18.999195098876953,15800,0.0,0.0
2021-08-02 00:00:00-04:00,19.033401366914532,19.074450753313137,18.944460812228147,19.04024314880371,14900,0.0,0.0
2021-08-03 00:00:00-04:00,19.026558891056702,19.053926017615233,18.978667724515685,19.00603485107422,12700,0.0,0.0
2021-08-04 00:00:00-04:00,19.02656092342221,19.04024448816312,18.869203843711443,18.999195098876953,15300,0.0,0.0
2021-08-05 00:00:00-04:00,19.026559100913623,19.10865917655834,19.019717319198527,19.050504684448242,13300,0.0,0.0
2021-08-06 00:00:00-04:00,19.108659499692905,19.122343063354492,19.01971764082905,19.122343063354492,11500,0.0,0.0
2021-08-09 00:00:00-04:00,19.033401244659146,19.077188387481343,18.985510076678977,19.04708480834961,9600,0.0,0.0
2021-08-10 00:00:00-04:00,19.0881343581963,19.0881343581963,18.802154921269725,18.964984893798828,7700,0.0,0.0
2021-08-11 00:00:00-04:00,18.86236129522564,18.978668980926276,18.829521263155915,18.896570205688477,4300,0.0,0.0
2021-08-12 00:00:00-04:00,18.944462635439432,18.97867024324099,18.86920433235209,18.97182846069336,13400,0.0,0.0
2021-08-13 00:00:00-04:00,19.0334005504708,19.0334005504708,18.992351165833025,19.012876510620117,4400,0.0,0.0
2021-08-16 00:00:00-04:00,18.937621999535743,19.047087917052636,18.833628986413693,18.869205474853516,30700,0.0,0.0
2021-08-17 00:00:00-04:00,18.93077996911585,19.00603827577621,18.780264660731785,18.882888793945312,12000,0.0,0.0
2021-08-18 00:00:00-04:00,18.800788827247356,18.95814591953197,18.73921408592961,18.876047134399414,17500,0.0,0.0
2021-08-19 00:00:00-04:00,18.882884648909265,18.91709225082588,18.793942796027874,18.82815170288086,9900,0.0,0.0
2021-08-20 00:00:00-04:00,18.889727089286644,18.937618255615234,18.87604352606807,18.937618255615234,11700,0.0,0.0
2021-08-23 00:00:00-04:00,18.9376191933452,18.95814323425293,18.841836855945182,18.95814323425293,3800,0.0,0.0
2021-08-24 00:00:00-04:00,18.958144772729394,18.978670120239258,18.862362427556526,18.978670120239258,14400,0.0,0.0
2021-08-25 00:00:00-04:00,18.978670120239258,18.992353685245835,18.896571340072967,18.978670120239258,12000,0.0,0.0
2021-08-26 00:00:00-04:00,18.944463658634316,18.964987702449125,18.807630610164512,18.876047134399414,4400,0.0,0.0
2021-08-27 00:00:00-04:00,18.923936920120617,19.002615460484822,18.876045748154283,18.992353439331055,9200,0.0,0.0
2021-08-30 00:00:00-04:00,18.99235185852421,19.04708480834961,18.917093563163114,19.04708480834961,13100,0.0,0.0
2021-08-31 00:00:00-04:00,18.89109559807292,19.06761044048556,18.89109559807292,18.95814323425293,38600,0.0,0.0
2021-09-01 00:00:00-04:00,19.03340396188665,19.129186311520968,18.97730343064511,19.074453353881836,18400,0.0,0.0
2021-09-02 00:00:00-04:00,19.156552379105865,19.170919730753237,19.06077003479004,19.06077003479004,15600,0.0,0.0
2021-09-03 00:00:00-04:00,19.006035544294285,19.081292535202316,18.944460812228147,19.04024314880371,8700,0.0,0.0
2021-09-07 00:00:00-04:00,19.012878786575154,19.012878786575154,18.93762048495002,18.992353439331055,13900,0.0,0.0
2021-09-08 00:00:00-04:00,18.999193640369445,19.081292412639314,18.930777126853577,19.04708480834961,9700,0.0,0.0
2021-09-09 00:00:00-04:00,19.07000435877742,19.16028553205703,19.000558932668916,19.11861801147461,16200,0.413,0.0
2021-09-10 00:00:00-04:00,19.07000435877742,19.146395917000692,19.03528164572317,19.11861801147461,16400,0.0,0.0
2021-09-13 00:00:00-04:00,19.13249939752442,19.181113032678216,18.951939765297652,19.14638900756836,11600,0.0,0.0
2021-09-14 00:00:00-04:00,19.153333812590333,19.160278617612303,19.035274776389063,19.14638900756836,7300,0.0,0.0
2021-09-15 00:00:00-04:00,19.14639445941959,19.167228880418012,19.06514167457089,19.097782135009766,8500,0.0,0.0
2021-09-16 00:00:00-04:00,19.153337478637695,19.16722709134018,19.04222322619056,19.153337478637695,5800,0.0,0.0
2021-09-17 00:00:00-04:00,19.181120221328555,19.181120221328555,19.07070003189263,19.1672306060791,12500,0.0,0.0
2021-09-20 00:00:00-04:00,19.11861801147461,19.12556281900278,19.008197823573926,19.11861801147461,4200,0.0,0.0
2021-09-21 00:00:00-04:00,19.160286482042736,19.160286482042736,18.965835835372715,19.014448165893555,13300,0.0,0.0
2021-09-22 00:00:00-04:00,19.01444529685671,19.188061493712762,18.983194328439165,19.18111801147461,14700,0.0,0.0
2021-09-23 00:00:00-04:00,19.22973081882678,19.22973081882678,18.945000354780827,19.097782135009766,23000,0.0,0.0
2021-09-24 00:00:00-04:00,19.097784535776896,19.097784535776896,19.007504682607717,19.014448165893555,6600,0.0,0.0
2021-09-27 00:00:00-04:00,19.0491680830494,19.129725452681935,18.958886924830242,19.02833366394043,17900,0.0,0.0
2021-09-28 00:00:00-04:00,19.014445900941784,19.014445900941784,18.628323636413967,18.847774505615234,13700,0.0,0.0
2021-09-29 00:00:00-04:00,18.8686093099701,19.021391094309127,18.816523918366112,18.98458480834961,10700,0.0,0.0
2021-09-30 00:00:00-04:00,18.986668770741105,18.986668770741105,18.778329849243164,18.778329849243164,41000,0.0,0.0
2021-10-01 00:00:00-04:00,18.882493025712407,18.94985617733102,18.79915669009645,18.851242065429688,4100,0.0,0.0
2021-10-04 00:00:00-04:00,18.84082918613831,18.84082918613831,18.63249027879314,18.688047409057617,13700,0.0,0.0
2021-10-05 00:00:00-04:00,18.658184074428174,18.750547479709535,18.521374174607647,18.56304168701172,24400,0.0,0.0
2021-10-06 00:00:00-04:00,18.542208271651724,18.694990030875548,18.451927117657313,18.639432907104492,12000,0.0,0.0
2021-10-07 00:00:00-04:00,18.63248782356115,18.750546875389645,18.52137357767389,18.5908203125,9000,0.0,0.0
2021-10-08 00:00:00-04:00,18.64637743544363,18.6783224831043,18.51442877173265,18.5908203125,9500,0.0,0.0
2021-10-11 00:00:00-04:00,18.590820738715998,18.64637786293334,18.54568016135618,18.632488250732422,14400,0.0,0.0
2021-10-12 00:00:00-04:00,18.646380636818435,18.760966643056303,18.55609946866834,18.718605041503906,16400,0.0,0.0
2021-10-13 00:00:00-04:00,18.715827145514947,18.875553733796245,18.63943559260367,18.847774505615234,27600,0.0,0.0
2021-10-14 00:00:00-04:00,18.88944066359504,18.95888607500599,18.88944066359504,18.944997787475586,20300,0.0,0.0
2021-10-15 00:00:00-04:00,18.986667512436693,18.986667512436693,18.819996121366852,18.931110382080078,4600,0.0,0.0
2021-10-18 00:00:00-04:00,18.9311083481425,18.9311083481425,18.79915968100204,18.875551223754883,6400,0.0,0.0
2021-10-19 00:00:00-04:00,18.931110593803325,18.931110593803325,18.614435079687613,18.799161911010742,27000,0.0,0.0
2021-10-20 00:00:00-04:00,18.84777663879014,18.958890914916992,18.813053924220497,18.958890914916992,12000,0.0,0.0
2021-10-21 00:00:00-04:00,18.979722925269417,18.979722925269417,18.854719049373433,18.90194320678711,9800,0.0,0.0
2021-10-22 00:00:00-04:00,18.972772567337163,18.972772567337163,18.81999083293488,18.902631759643555,7500,0.0,0.0
2021-10-25 00:00:00-04:00,18.830411343668136,18.965831756591797,18.830411343668136,18.965831756591797,10900,0.0,0.0
2021-10-26 00:00:00-04:00,18.958890914916992,18.965835722748253,18.792219500726716,18.958890914916992,12300,0.0,0.0
2021-10-27 00:00:00-04:00,18.938052080655773,19.028331905947763,18.938052080655773,19.021387100219727,19000,0.0,0.0
2021-10-28 00:00:00-04:00,19.02833173621547,19.02833173621547,18.861660373988013,18.99083137512207,17700,0.0,0.0
2021-10-29 00:00:00-04:00,18.78666020546912,19.174171923027718,18.78666020546912,19.090835571289062,52600,0.0,0.0
2021-11-01 00:00:00-04:00,19.076948251077017,19.19500732421875,18.945694971475376,19.19500732421875,12200,0.0,0.0
2021-11-02 00:00:00-04:00,19.18111888375602,19.215841594871698,19.135978299636424,19.20195198059082,8200,0.0,0.0
2021-11-03 00:00:00-04:00,19.215837570237,19.396398544311523,19.183197115971918,19.396398544311523,18300,0.0,0.0
2021-11-04 00:00:00-04:00,19.382510813637868,19.54918219251284,19.382510813637868,19.45890235900879,10100,0.0,0.0
2021-11-05 00:00:00-04:00,19.56307025653152,19.688074111938477,19.429733428904363,19.688074111938477,13900,0.0,0.0
2021-11-08 00:00:00-05:00,19.667245304380952,19.674190112171857,19.556131028899777,19.599882125854492,5000,0.0,0.0
2021-11-09 00:00:00-05:00,19.583906704687845,19.59779499316165,19.340843774479833,19.375566482543945,17200,0.0,0.0
2021-11-10 00:00:00-05:00,19.34084474580362,19.34084474580362,18.833885764923508,18.868608474731445,38500,0.0,0.0
2021-11-11 00:00:00-05:00,18.956116090452255,18.956116090452255,18.65888542360924,18.701942443847656,33500,0.0,0.0
2021-11-12 00:00:00-05:00,18.722074400564544,18.81027198289358,18.70888019590014,18.736658096313477,11300,0.0,0.0
2021-11-15 00:00:00-05:00,18.757492111368016,18.813049235585357,18.569986320414625,18.632488250732422,10300,0.0,0.0
2021-11-16 00:00:00-05:00,18.64638107632341,18.764440151204045,18.59012853459142,18.66027069091797,18100,0.0,0.0
2021-11-17 00:00:00-05:00,18.674158096313477,18.751939139606506,18.587349996089504,18.674158096313477,4600,0.0,0.0
2021-11-18 00:00:00-05:00,18.68804743892974,18.910275960342872,18.542210468472295,18.625545501708984,31000,0.0,0.0
2021-11-19 00:00:00-05:00,18.618599212976044,18.6741563389075,18.58387650598877,18.667211532592773,16600,0.0,0.0
2021-11-22 00:00:00-05:00,18.681101933879035,18.708881160310696,18.47276303398725,18.53526496887207,13000,0.0,0.0
2021-11-23 00:00:00-05:00,18.556098817544413,18.556098817544413,18.34081510230353,18.50054168701172,18100,0.0,0.0
2021-11-24 00:00:00-05:00,18.50054123596619,18.575543294127442,18.41859437108435,18.52137565612793,16100,0.0,0.0
2021-11-26 00:00:00-05:00,18.44498386273183,18.521375411061,18.35470402573171,18.410261154174805,21300,0.0,0.0
2021-11-29 00:00:00-05:00,18.50748752977199,18.563044663414235,18.417207684323294,18.47970962524414,32700,0.0,0.0
2021-11-30 00:00:00-05:00,18.410261846616017,18.556098817544413,18.354704716083322,18.50054168701172,49500,0.0,0.0
2021-12-01 00:00:00-05:00,18.48526917563381,18.73319342146671,18.48526917563381,18.701942443847656,51400,0.0,0.0
2021-12-02 00:00:00-05:00,18.743605049109455,18.847774505615234,18.70193753142444,18.847774505615234,8400,0.0,0.0
2021-12-03 00:00:00-05:00,18.83388428512255,18.955415084487978,18.68804600129767,18.910274505615234,14000,0.0,0.0
2021-12-06 00:00:00-05:00,18.910274505615234,18.910274505615234,18.80402148543107,18.910274505615234,11400,0.0,0.0
2021-12-07 00:00:00-05:00,18.910276444436004,19.04569687035217,18.778329084335716,18.847774505615234,28600,0.0,0.0
2021-12-08 00:00:00-05:00,18.86860669316049,18.986665749781416,18.750547636539565,18.924163818359375,13100,0.0,0.0
2021-12-09 00:00:00-05:00,19.05320870262537,19.07436240333166,18.873394176797117,19.063785552978516,15200,0.413,0.0
2021-12-10 00:00:00-05:00,18.9164053637704,19.000318075563218,18.827556610107422,18.827556610107422,7600,0.0,0.0
2021-12-13 00:00:00-05:00,18.771150287683508,18.806407356186295,18.573707207143443,18.63011932373047,33300,0.0,0.0
2021-12-14 00:00:00-05:00,18.647744983735695,18.65127149702499,18.49613719159388,18.51024055480957,47100,0.0,0.0
2021-12-15 00:00:00-05:00,18.524343828772764,18.62306468086546,18.482033739329548,18.600500106811523,26400,0.0,0.0
2021-12-16 00:00:00-05:00,18.621653156363852,18.771145292789015,18.580753945605743,18.757041931152344,31300,0.0,0.0
2021-12-17 00:00:00-05:00,18.70062856338331,18.76409234148069,18.672421842019805,18.735885620117188,30500,0.0,0.0
2021-12-20 00:00:00-05:00,18.679479813819476,18.764098661440066,18.57370726302196,18.672428131103516,20000,0.0,0.0
2021-12-21 00:00:00-05:00,18.665377924422362,18.732368243036035,18.65832624114876,18.686532974243164,12400,0.0,0.0
2021-12-22 00:00:00-05:00,18.70063032063358,18.8275578887554,18.70063032063358,18.785247802734375,30600,0.0,0.0
2021-12-23 00:00:00-05:00,18.792305154355745,18.792305154355745,18.72178966801313,18.742944717407227,6400,0.0,0.0
2021-12-27 00:00:00-05:00,18.820507563860662,18.820507563860662,18.707683349616318,18.71473503112793,16300,0.0,0.0
2021-12-28 00:00:00-05:00,18.68653112378671,18.78525198989904,18.68653112378671,18.728839874267578,13900,0.0,0.0
2021-12-29 00:00:00-05:00,18.707683050622805,18.82050726306395,18.693579687824986,18.81345558166504,22100,0.0,0.0
2021-12-30 00:00:00-05:00,18.749993813347,18.91923015023481,18.749993813347,18.898075103759766,15800,0.0,0.0
2021-12-31 00:00:00-05:00,18.79935311826345,18.912177336102317,18.79935311826345,18.891023635864258,34500,0.0,0.0
2022-01-03 00:00:00-05:00,18.891023249715648,18.891023249715648,18.693580200048157,18.707683563232422,36300,0.0,0.0
2022-01-04 00:00:00-05:00,18.693581363668898,18.73518534617269,18.53915315860949,18.58075714111328,29200,0.0,0.0
2022-01-05 00:00:00-05:00,18.616010467050508,18.67030692831582,18.397413747878105,18.42561912536621,49800,0.0,0.0
2022-01-06 00:00:00-05:00,18.496134292747534,18.587804794311523,18.321961953740598,18.587804794311523,41700,0.0,0.0
2022-01-07 00:00:00-05:00,18.8416606517226,18.8416606517226,18.404467171962114,18.5384464263916,33700,0.0,0.0
2022-01-10 00:00:00-05:00,18.538450671092416,18.538450671092416,18.425625089706894,18.52434730529785,25200,0.0,0.0
2022-01-11 00:00:00-05:00,18.506716828976003,18.67947833443631,18.506716828976003,18.658323287963867,19100,0.0,0.0
2022-01-12 00:00:00-05:00,18.594864374161478,18.686533569697236,18.580761007164867,18.623069763183594,27400,0.0,0.0
2022-01-13 00:00:00-05:00,18.644222745210623,18.74294361329218,18.587810628453884,18.672428131103516,63400,0.0,0.0
2022-01-14 00:00:00-05:00,18.51024340786167,18.651274371814708,18.51024340786167,18.63011932373047,21300,0.0,0.0
2022-01-18 00:00:00-05:00,18.61601293751113,18.61601293751113,18.474983341413985,18.559600830078125,44600,0.0,0.0
2022-01-19 00:00:00-05:00,18.545496531542263,18.735887888889337,18.545496531542263,18.679475784301758,50600,0.0,0.0
2022-01-20 00:00:00-05:00,18.693583123012242,18.72178850882028,18.63011932373047,18.63011932373047,26800,0.0,0.0
2022-01-21 00:00:00-05:00,18.61248571086865,18.672422979963066,18.545495416033027,18.608959197998047,18500,0.0,0.0
2022-01-24 00:00:00-05:00,18.474984175078546,18.644220505014175,18.453829129472545,18.594860076904297,32900,0.0,0.0
2022-01-25 00:00:00-05:00,18.573702644218706,18.658320125826144,18.446775076836932,18.50318717956543,18300,0.0,0.0
2022-01-26 00:00:00-05:00,18.559602305087118,18.59133420210072,18.31985049320009,18.333953857421875,27800,0.0,0.0
2022-01-27 00:00:00-05:00,18.529281439088933,18.531397078237166,18.263438535641843,18.28459358215332,37800,0.0,0.0
2022-01-28 00:00:00-05:00,18.298694102849836,18.517290836281454,18.284590740700537,18.40446662902832,25500,0.0,0.0
2022-01-31 00:00:00-05:00,18.467931872544003,18.56665272544597,18.390364719566318,18.552549362182617,41800,0.0,0.0
2022-02-01 00:00:00-05:00,18.580755874729526,18.6583216818432,18.489085359544188,18.559600830078125,36800,0.0,0.0
2022-02-02 00:00:00-05:00,18.55960518447434,18.573708550884163,18.341008385006294,18.453832626342773,46000,0.0,0.0
2022-02-03 00:00:00-05:00,18.4397250211009,18.545497554918004,18.284592061167196,18.467931747436523,25700,0.0,0.0
2022-02-04 00:00:00-05:00,18.4397250211009,18.496137128801404,18.305745760948174,18.467931747436523,28500,0.0,0.0
2022-02-07 00:00:00-05:00,18.411520279575953,18.503189453410947,18.34100480625707,18.44677734375,26300,0.0,0.0
2022-02-08 00:00:00-05:00,18.367093233846457,18.411517612459868,18.284590047866928,18.319847106933594,31900,0.0,0.0
2022-02-09 00:00:00-05:00,18.284590047866928,18.43267130991163,18.22817794637791,18.319847106933594,23300,0.0,0.0
2022-02-10 00:00:00-05:00,18.256385832038845,18.322670026767902,18.037789076867313,18.122407913208008,26800,0.0,0.0
2022-02-11 00:00:00-05:00,18.21407660968221,18.312797462020466,17.981376497048643,18.030736923217773,42000,0.0,0.0
2022-02-14 00:00:00-05:00,17.98137714997738,18.355108218068352,17.98137714997738,18.24933433532715,54100,0.0,0.0
2022-02-15 00:00:00-05:00,18.22817795681729,18.355105521482923,18.140033964129557,18.185869216918945,30200,0.0,0.0
2022-02-16 00:00:00-05:00,18.122407522424492,18.319849228010614,18.053301580498605,18.31279754638672,51600,0.0,0.0
2022-02-17 00:00:00-05:00,18.31279626697236,18.355106353759766,18.143559954734688,18.355106353759766,42800,0.0,0.0
2022-02-18 00:00:00-05:00,18.31279542612614,18.36920752761516,18.221126265570458,18.319847106933594,102600,0.0,0.0
2022-02-22 00:00:00-05:00,18.263440067256482,18.369212618742505,18.129460784723005,18.341007232666016,53500,0.0,0.0
2022-02-23 00:00:00-05:00,18.305750988486896,18.418576581078035,18.26344223187217,18.376266479492188,37700,0.0,0.0
2022-02-24 00:00:00-05:00,18.228185158855084,18.44678197049748,18.059653552293486,18.376266479492188,55400,0.0,0.0
2022-02-25 00:00:00-05:00,18.302216109748247,18.58498268862863,18.2493291833083,18.38330841064453,13800,0.0,0.0
2022-02-28 00:00:00-05:00,18.486267642555198,18.8487157881058,18.362161795148538,18.728839874267578,52500,0.0,0.0
2022-03-01 00:00:00-05:00,18.57370619377164,19.02500310184532,18.57370619377164,18.947437286376953,63800,0.0,0.0
2022-03-02 00:00:00-05:00,18.869864856652825,18.933328634750207,18.67947352236068,18.735885620117188,10400,0.0,0.0
2022-03-03 00:00:00-05:00,18.861406944686177,18.861406944686177,18.665374755859375,18.665374755859375,5600,0.0,0.0
2022-03-04 00:00:00-05:00,18.608962678889448,18.78525069621874,18.531396865844727,18.531396865844727,16700,0.0,0.0
2022-03-07 00:00:00-05:00,18.517290145235407,18.517290145235407,18.164714174484477,18.185869216918945,23300,0.0,0.0
2022-03-08 00:00:00-05:00,18.164716204959127,18.270488739013672,18.08714905233278,18.270488739013672,27600,0.0,0.0
2022-03-09 00:00:00-05:00,18.365788523750663,18.408783941974644,18.243970905628558,18.28696632385254,16600,0.413,0.0
2022-03-10 00:00:00-05:00,18.179481995024943,18.245406121536966,18.107824325561523,18.107824325561523,6000,0.0,0.0
2022-03-11 00:00:00-05:00,18.42168597528841,18.42168597528841,18.036169056361878,18.0433349609375,26100,0.0,0.0
2022-03-14 00:00:00-04:00,18.04333403808147,18.057665846499688,17.681463392682065,17.892852783203125,49200,0.0,0.0
2022-03-15 00:00:00-04:00,18.15081936317435,19.146856785694013,17.950178151165858,17.95734405517578,15000,0.0,0.0
2022-03-16 00:00:00-04:00,17.993173498909343,18.258305112369726,17.993173498909343,18.222476959228516,12000,0.0,0.0
2022-03-17 00:00:00-04:00,18.265471424402254,18.480444448321332,18.236809174600257,18.40878677368164,16100,0.0,0.0
2022-03-18 00:00:00-04:00,18.30846305906639,18.52486841511481,18.30846305906639,18.423114776611328,3200,0.0,0.0
2022-03-21 00:00:00-04:00,18.38012365213465,18.72407885956078,18.337129592895508,18.337129592895508,12600,0.0,0.0
2022-03-22 00:00:00-04:00,18.34429548376447,18.645256631730568,18.301301424556883,18.315631866455078,14700,0.0,0.0
2022-03-23 00:00:00-04:00,18.444617350409384,18.44533353089048,18.347879681952325,18.351463317871094,10400,0.0,0.0
2022-03-24 00:00:00-04:00,18.415954943675718,18.731246564072737,18.351463165240727,18.544937133789062,32600,0.0,0.0
2022-03-25 00:00:00-04:00,18.716917164057993,18.716917164057993,18.308468755617486,18.444618225097656,27700,0.0,0.0
2022-03-28 00:00:00-04:00,18.28697012998044,18.43745002481549,18.143654772917646,18.27263832092285,23500,0.0,0.0
2022-03-29 00:00:00-04:00,18.294135520229535,18.35862729241916,18.20814603505786,18.315631866455078,18000,0.0,0.0
2022-03-30 00:00:00-04:00,18.372961572947492,18.595100553236872,18.28768961712239,18.34429931640625,33900,0.0,0.0
2022-03-31 00:00:00-04:00,18.38012313374476,18.5592666367379,18.28696911356117,18.372957229614258,11800,0.0,0.0
2022-04-01 00:00:00-04:00,18.351461903983044,18.394455964399267,18.190232468976532,18.27263832092285,12300,0.0,0.0
2022-04-04 00:00:00-04:00,18.165157313354122,18.437454924020575,18.14365959405536,18.15082550048828,46400,0.0,0.0
2022-04-05 00:00:00-04:00,18.150819886358274,18.20097984911711,17.88568689737466,17.92151641845703,42900,0.0,0.0
2022-04-06 00:00:00-04:00,17.914351904685823,18.05050136185328,17.81403197138169,17.96451187133789,46600,0.0,0.0
2022-04-07 00:00:00-04:00,18.029003151786256,18.136488986907484,17.907185507513788,18.0433349609375,19800,0.0,0.0
2022-04-08 00:00:00-04:00,18.014668018217183,18.0433316312301,17.907182202931335,17.9716739654541,17500,0.0,0.0
2022-04-11 00:00:00-04:00,17.943014121894052,18.01467043050904,17.90360233210192,17.907184600830078,16700,0.0,0.0
2022-04-12 00:00:00-04:00,17.950178659350367,18.01467043050904,17.879238531129715,17.907184600830078,30000,0.0,0.0
2022-04-13 00:00:00-04:00,17.921516423052196,18.128605997962413,17.87852236449881,17.928682327270508,39200,0.0,0.0
2022-04-14 00:00:00-04:00,17.94301413110645,17.986008189648814,17.92151641845703,17.92151641845703,21500,0.0,0.0
2022-04-18 00:00:00-04:00,17.964510490806923,17.964510490806923,17.89285281534359,17.94301414489746,26900,0.0,0.0
2022-04-19 00:00:00-04:00,17.91435279103522,18.231078143820753,17.84269510651975,18.08633041381836,37100,0.0,0.0
2022-04-20 00:00:00-04:00,18.02183623221723,18.4474810993896,17.993173982285555,18.143653869628906,14200,0.0,0.0
2022-04-21 00:00:00-04:00,18.308465692923154,18.391589088492953,17.921516432231517,17.94301414489746,29300,0.0,0.0
2022-04-22 00:00:00-04:00,17.950182486286796,18.1293260295302,17.814034377486678,17.91435432434082,28400,0.0,0.0
2022-04-25 00:00:00-04:00,17.907185494881105,18.22176228177319,17.907185494881105,18.02183723449707,22400,0.0,0.0
2022-04-26 00:00:00-04:00,18.157985286582214,18.157985286582214,17.97884178641211,17.986007690429688,9800,0.0,0.0
2022-04-27 00:00:00-04:00,17.993175103562645,18.14365500028342,17.771036160655942,17.79253387451172,33800,0.0,0.0
2022-04-28 00:00:00-04:00,17.74237232194314,18.265471011501994,17.520234765662444,18.21531105041504,59500,0.0,0.0
2022-04-29 00:00:00-04:00,18.093492492329197,18.113556475739376,17.567527741389984,18.07199478149414,86000,0.0,0.0
2022-05-02 00:00:00-04:00,17.94301616726403,17.95018070553705,17.448579654270958,17.67788314819336,66900,0.0,0.0
2022-05-03 00:00:00-04:00,17.735207885457154,18.129323069542473,17.70941172240835,18.02183723449707,52600,0.0,0.0
2022-05-04 00:00:00-04:00,17.993173735383316,18.301300776770407,17.914350157329004,18.175899505615234,16000,0.0,0.0
2022-05-05 00:00:00-04:00,18.079162201667714,18.079162201667714,17.854158549763174,17.907184600830078,94800,0.0,0.0
2022-05-06 00:00:00-04:00,18.143655523073804,18.155121244145235,17.735208515340947,17.742374420166016,23300,0.0,0.0
2022-05-09 00:00:00-04:00,17.914348768130875,17.914348768130875,17.448575973510742,17.448575973510742,62400,0.0,0.0
2022-05-10 00:00:00-04:00,17.55606368912006,17.667133155512136,17.283766159804525,17.412748336791992,79600,0.0,0.0
2022-05-11 00:00:00-04:00,17.427081038740532,17.87135756032729,17.341092916340877,17.527400970458984,33900,0.0,0.0
2022-05-12 00:00:00-04:00,17.455744682139954,17.642054103278912,17.455744682139954,17.570396423339844,36500,0.0,0.0
2022-05-13 00:00:00-04:00,17.656382203987828,17.76243566557166,17.37691879272461,17.37691879272461,29400,0.0,0.0
2022-05-16 00:00:00-04:00,17.39125290687045,17.766020290468326,17.35542338352263,17.570396423339844,28600,0.0,0.0
2022-05-17 00:00:00-04:00,17.78536573741897,17.849141323789546,17.355421081567293,17.37691879272461,55400,0.0,0.0
2022-05-18 00:00:00-04:00,17.41274896183588,17.48440664057212,17.018633778921373,17.12611961364746,65500,0.0,0.0
2022-05-19 00:00:00-04:00,17.047297397118484,17.548898414759083,17.047297397118484,17.12611961364746,61500,0.0,0.0
2022-05-20 00:00:00-04:00,17.470075879613848,17.470075879613848,16.896817148843592,17.025800704956055,81100,0.0,0.0
2022-05-23 00:00:00-04:00,17.1977772923837,17.233605448373552,16.91114794419528,17.12611961364746,73000,0.0,0.0
2022-05-24 00:00:00-04:00,17.126119876828614,17.57397866736679,16.868154142873085,17.527400970458984,46100,0.0,0.0
2022-05-25 00:00:00-04:00,17.484409547205285,17.91435432434082,17.484409547205285,17.91435432434082,79400,0.0,0.0
2022-05-26 00:00:00-04:00,17.785366962725526,18.308465669451223,17.785366962725526,17.907184600830078,132000,0.0,0.0
2022-05-27 00:00:00-04:00,17.914354534233293,18.473282887733813,17.914354534233293,18.34429931640625,50600,0.0,0.0
2022-05-31 00:00:00-04:00,17.993174878082595,18.27263832092285,17.914351295022403,18.27263832092285,56100,0.0,0.0
2022-06-01 00:00:00-04:00,18.208146546920247,18.27263832092285,17.932265372966118,18.27263832092285,11400,0.0,0.0
2022-06-02 00:00:00-04:00,18.27263985057869,18.27263985057869,18.02900454323044,18.093496322631836,27800,0.0,0.0
2022-06-03 00:00:00-04:00,18.093493406693668,18.23680875265718,18.050499349607186,18.200979232788086,21400,0.0,0.0
2022-06-06 00:00:00-04:00,18.129323978768205,18.258307533994117,18.057667662981913,18.16515350341797,16400,0.0,0.0
2022-06-07 00:00:00-04:00,18.16300584781478,18.415956992861954,18.129326227142766,18.308469772338867,19900,0.0,0.0
2022-06-08 00:00:00-04:00,18.390151837066224,18.487605655649627,18.358623504638672,18.358623504638672,26600,0.0,0.0
2022-06-09 00:00:00-04:00,18.448213162877856,18.448213162877856,18.215152657550018,18.251567840576172,19800,0.413,0.0
2022-06-10 00:00:00-04:00,18.207867158488497,18.382662516511985,17.90197493465989,18.142318725585938,31900,0.0,0.0
2022-06-13 00:00:00-04:00,17.996654284624025,18.054920790045824,17.006147308002536,17.04256248474121,40200,0.0,0.0
2022-06-14 00:00:00-04:00,17.049845426625442,17.75558220512382,16.758519851610362,17.05348777770996,34000,0.0,0.0
2022-06-15 00:00:00-04:00,17.078981514347014,17.66163276111551,17.078981514347014,17.48683738708496,53900,0.0,0.0
2022-06-16 00:00:00-04:00,17.377587615447737,17.456973366023778,16.94059855712522,17.19550895690918,39900,0.0,0.0
2022-06-17 00:00:00-04:00,17.100829028002035,18.302548019605872,16.87505185725224,16.94788360595703,37500,0.0,0.0
2022-06-21 00:00:00-04:00,17.006145196699062,17.45551431186119,16.89981133797547,17.319320678710938,35400,0.0,0.0
2022-06-22 00:00:00-04:00,17.226824534110126,17.734460159047256,17.178755783327624,17.55238151550293,28300,0.0,0.0
2022-06-23 00:00:00-04:00,17.719893928030025,17.785442352294922,17.253773034723967,17.785442352294922,29100,0.0,0.0
2022-06-24 00:00:00-04:00,17.836424430406936,17.836424430406936,17.390696249752118,17.734460830688477,10100,0.0,0.0
2022-06-27 00:00:00-04:00,17.88012619618109,18.124840269527812,17.58880057988743,17.676198959350586,30600,0.0,0.0
2022-06-28 00:00:00-04:00,17.654346823815164,18.052006275379416,17.537816591775453,17.56694984436035,22100,0.0,0.0
2022-06-29 00:00:00-04:00,17.501399344812853,17.712609844467806,17.297470768292744,17.479549407958984,25000,0.0,0.0
2022-06-30 00:00:00-04:00,17.617926310487302,17.681289587600787,17.521059525219936,17.537811279296875,8500,0.0,0.0
2022-07-01 00:00:00-04:00,17.68348001000143,18.105173143129885,17.68348001000143,18.007579803466797,20500,0.0,0.0
2022-07-05 00:00:00-04:00,17.9748059598406,18.20058311458399,17.916540842837467,17.996654510498047,9500,0.0,0.0
2022-07-06 00:00:00-04:00,18.102259558573103,18.236269459854167,17.931106567382812,17.931106567382812,17300,0.0,0.0
2022-07-07 00:00:00-04:00,17.916538836798175,18.31711129770055,17.916538836798175,18.135032653808594,25600,0.0,0.0
2022-07-08 00:00:00-04:00,18.164166274887247,18.244279935215307,17.989370939876242,18.20786476135254,8100,0.0,0.0
2022-07-11 00:00:00-04:00,18.237003644542334,18.681274737317423,18.063664085023337,18.470064163208008,27200,0.0,0.0
2022-07-12 00:00:00-04:00,18.375380064402506,18.549447515975277,18.132851129123097,18.14960289001465,34200,0.0,0.0
2022-07-13 00:00:00-04:00,18.06220213227546,18.455492696304717,17.99665370493725,18.21514892578125,28400,0.0,0.0
2022-07-14 00:00:00-04:00,18.207865348118276,18.426359176635742,17.86555797966761,18.426359176635742,23100,0.0,0.0
2022-07-15 00:00:00-04:00,18.33167943246414,18.33167943246414,17.661629912188317,17.920181274414062,110500,0.0,0.0
2022-07-18 00:00:00-04:00,17.982087259731262,18.239181382511227,17.916538836798175,18.135032653808594,26800,0.0,0.0
2022-07-19 00:00:00-04:00,18.21514929158124,18.317112896532816,18.07676912118272,18.287981033325195,8400,0.0,0.0
2022-07-20 00:00:00-04:00,18.21515118345489,18.448211669921875,18.21515118345489,18.448211669921875,12400,0.0,0.0
2022-07-21 00:00:00-04:00,18.42635860233259,18.50647365189529,18.33167831669927,18.368093490600586,9900,0.0,0.0
2022-07-22 00:00:00-04:00,18.4445683168461,18.63028793381768,18.38994416465746,18.513757705688477,13200,0.0,0.0
2022-07-25 00:00:00-04:00,18.40450851992921,18.499188797672435,18.389941895922643,18.4409236907959,23900,0.0,0.0
2022-07-26 00:00:00-04:00,18.47734463947881,18.630290060425576,18.389946263830623,18.49919319152832,12200,0.0,0.0
2022-07-27 00:00:00-04:00,18.436552951796866,18.593869986553965,18.389941423153818,18.506471633911133,13700,0.0,0.0
2022-07-28 00:00:00-04:00,18.499189102690828,18.870629686084296,18.38994219913975,18.81236457824707,17500,0.0,0.0
2022-07-29 00:00:00-04:00,18.666702692061527,19.28577038338328,18.666702692061527,18.965312957763672,42000,0.0,0.0
2022-08-01 00:00:00-04:00,18.93618003965821,19.249355547193463,18.86334830013724,18.97259521484375,22100,0.0,0.0
2022-08-02 00:00:00-04:00,18.9434643663055,19.686345648705707,18.843684502751472,19.227506637573242,79300,0.0,0.0
2022-08-03 00:00:00-04:00,19.016299559212598,19.256643383686647,18.932543525290605,18.994449615478516,38100,0.0,0.0
2022-08-04 00:00:00-04:00,18.90704722892386,19.14010907865375,18.826933563818198,19.00901222229004,35600,0.0,0.0
2022-08-05 00:00:00-04:00,18.830576112900967,19.00173051081826,18.564741415824138,18.673988342285156,7400,0.0,0.0
2022-08-08 00:00:00-04:00,18.644855988140907,18.750461949583592,18.52249826682559,18.579307556152344,9700,0.0,0.0
2022-08-09 00:00:00-04:00,18.64485955220726,18.64485955220726,18.397232403837418,18.470064163208008,14800,0.0,0.0
2022-08-10 00:00:00-04:00,18.630290557000386,18.76867074331924,18.42636193448577,18.433645248413086,35400,0.0,0.0
2022-08-11 00:00:00-04:00,18.535609893421896,18.79051893016537,18.36081314086914,18.36081314086914,29600,0.0,0.0
2022-08-12 00:00:00-04:00,18.397225207925924,18.564737216552256,18.397225207925924,18.4409236907959,11500,0.0,0.0
2022-08-15 00:00:00-04:00,18.411796205030186,18.630290060425576,18.411796205030186,18.49919319152832,11700,0.0,0.0
2022-08-16 00:00:00-04:00,18.644853146221106,18.644853146221106,18.36663700455198,18.608436584472656,17900,0.0,0.0
2022-08-17 00:00:00-04:00,18.572024939710136,18.58659156717651,18.46277801201244,18.49919319152832,22500,0.0,0.0
2022-08-18 00:00:00-04:00,18.67398670483307,18.67398670483307,18.46277618408203,18.46277618408203,16300,0.0,0.0
2022-08-19 00:00:00-04:00,18.46277589159129,18.519583787375772,18.28069723662323,18.35352897644043,13600,0.0,0.0
2022-08-22 00:00:00-04:00,18.338962467514545,18.51739877259641,18.21514892578125,18.21514892578125,18700,0.0,0.0
2022-08-23 00:00:00-04:00,18.30254679641491,18.36081191365477,17.515967019101794,17.800010681152344,73600,0.0,0.0
2022-08-24 00:00:00-04:00,17.778157713907536,18.21514671336893,17.71260929453084,18.105899810791016,27900,0.0,0.0
2022-08-25 00:00:00-04:00,18.06948328157082,18.31711033538644,18.06948328157082,18.266128540039062,14700,0.0,0.0
2022-08-26 00:00:00-04:00,18.379017793415215,18.379017793415215,18.14959832520227,18.266128540039062,20000,0.0,0.0
2022-08-29 00:00:00-04:00,18.215148721567104,18.24428058386309,18.0694852426375,18.22971534729004,17700,0.0,0.0
2022-08-30 00:00:00-04:00,18.266133215104244,18.266133215104244,18.06948790630627,18.113187789916992,23500,0.0,0.0
2022-08-31 00:00:00-04:00,18.178733826652348,18.59387436298,17.887408231189973,18.018505096435547,47000,0.0,0.0
2022-09-01 00:00:00-04:00,18.062204867425166,18.193301741953512,17.77087925133446,17.836427688598633,43700,0.0,0.0
2022-09-02 00:00:00-04:00,17.98937209204327,18.060746615309537,17.814575356687204,17.901973724365234,22500,0.0,0.0
2022-09-06 00:00:00-04:00,17.960241000747693,17.960241000747693,17.632498818958464,17.86920166015625,44400,0.0,0.0
2022-09-07 00:00:00-04:00,17.85099325929332,18.56474132372446,17.82186000483489,17.84370994567871,34900,0.0,0.0
2022-09-08 00:00:00-04:00,17.986683938437082,18.11262041106211,17.64591407775879,17.64591407775879,42100,0.413,0.0
2022-09-09 00:00:00-04:00,17.668136897725073,18.008905311448274,17.668136897725073,17.890377044677734,17700,0.0,0.0
2022-09-12 00:00:00-04:00,17.890379817709547,18.125213788365087,17.8681566473507,18.09780502319336,28500,0.0,0.0
2022-09-13 00:00:00-04:00,17.98668411339522,18.317081375266202,17.89778719710227,18.275596618652344,25500,0.0,0.0
2022-09-14 00:00:00-04:00,18.290413248177302,18.431164699126033,18.038540297154167,18.37190055847168,23200,0.0,0.0
2022-09-15 00:00:00-04:00,18.305226174396847,18.47561179605142,18.260778427124023,18.260778427124023,12100,0.0,0.0
2022-09-16 00:00:00-04:00,18.149659435958142,18.43857192993164,18.01631477321084,18.43857192993164,29500,0.0,0.0
2022-09-19 00:00:00-04:00,18.327449690429557,18.35708246220324,18.031129037534367,18.075576782226562,18000,0.0,0.0
2022-09-20 00:00:00-04:00,18.149661859676527,18.186701420733293,18.075581324594317,18.171886444091797,25000,0.0,0.0
2022-09-21 00:00:00-04:00,18.171882033180168,18.446718505003147,18.1274328751389,18.186697006225586,31200,0.0,0.0
2022-09-22 00:00:00-04:00,18.0829887666854,18.208925247192383,17.823707611174715,18.208925247192383,31400,0.0,0.0
2022-09-23 00:00:00-04:00,17.994095274527297,18.07558259718293,17.616285790680628,17.934829711914062,43900,0.0,0.0
2022-09-26 00:00:00-04:00,18.12743424371664,18.179291598679892,17.705177101223565,17.73480987548828,20400,0.0,0.0
2022-09-27 00:00:00-04:00,17.78666883019696,17.78666883019696,17.594060003757477,17.779260635375977,39600,0.0,0.0
2022-09-28 00:00:00-04:00,17.72740302421005,18.190404559890553,17.705178441828707,17.87556266784668,37500,0.0,0.0
2022-09-29 00:00:00-04:00,17.771851446534995,17.853340172039264,17.238474165975447,17.719995498657227,36200,0.0,0.0
2022-09-30 00:00:00-04:00,17.816297418198467,17.964458465576172,17.31995974634216,17.964458465576172,106600,0.0,0.0
2022-10-03 00:00:00-04:00,17.860745684469297,18.17188273798406,17.82740952112956,17.890377044677734,18700,0.0,0.0
2022-10-04 00:00:00-04:00,17.882975280616726,18.30152916792214,17.86075210571289,17.86075210571289,20700,0.0,0.0
2022-10-05 00:00:00-04:00,17.96890443389373,17.96890443389373,17.697769903396686,17.79407501220703,7700,0.0,0.0
2022-10-06 00:00:00-04:00,17.816301080331996,18.038542697080228,17.61628546211797,17.853342056274414,26700,0.0,0.0
2022-10-07 00:00:00-04:00,17.831117331004492,17.90593826496258,17.54220478576101,17.61628532409668,16100,0.0,0.0
2022-10-10 00:00:00-04:00,17.885931490554828,17.982236588496697,17.334774919731377,17.408855438232422,17100,0.0,0.0
2022-10-11 00:00:00-04:00,17.416263631379362,17.482935956733467,17.22365484846399,17.408855438232422,25700,0.0,0.0
2022-10-12 00:00:00-04:00,17.475530541556772,17.608875213461904,17.35700225830078,17.35700225830078,12200,0.0,0.0
2022-10-13 00:00:00-04:00,17.29774005395474,17.623693575898574,17.031050680276262,17.22365951538086,74800,0.0,0.0
2022-10-14 00:00:00-04:00,17.327366521393113,17.645911758097526,17.112534574549333,17.171798706054688,9600,0.0,0.0
2022-10-17 00:00:00-04:00,17.20217478138555,17.41996975967317,17.112537467076557,17.23106575012207,17600,0.0,0.0
2022-10-18 00:00:00-04:00,17.268108421476906,17.290333008417385,17.03846000830065,17.260700225830078,16800,0.0,0.0
2022-10-19 00:00:00-04:00,17.11253663035634,17.40885732348147,17.038456103832928,17.14957618713379,16900,0.0,0.0
2022-10-20 00:00:00-04:00,17.112538248754607,17.127354638054236,16.801401138305664,16.801401138305664,34700,0.0,0.0
2022-10-21 00:00:00-04:00,16.77917655435622,17.038457715225114,16.323583180657526,16.801401138305664,25400,0.0,0.0
2022-10-24 00:00:00-04:00,16.668058223606767,16.82659049735048,16.524342340729884,16.564346313476562,43200,0.0,0.0
2022-10-25 00:00:00-04:00,16.645828891566378,17.038454659786606,16.645828891566378,16.75695037841797,30400,0.0,0.0
2022-10-26 00:00:00-04:00,16.78658682444927,17.41404671788242,16.66805852133506,16.905115127563477,39300,0.0,0.0
2022-10-27 00:00:00-04:00,16.9347411164538,17.194762600737732,16.81621286088721,16.853252410888672,29600,0.0,0.0
2022-10-28 00:00:00-04:00,16.897705731353458,17.397006490662896,16.8754825592041,16.8754825592041,18400,0.0,0.0
2022-10-31 00:00:00-04:00,16.8754836848614,17.194027614989665,16.6606502532959,16.6606502532959,195800,0.0,0.0
2022-11-01 00:00:00-04:00,16.875478863050756,17.023638492481137,16.460628509521484,16.460628509521484,51500,0.0,0.0
2022-11-02 00:00:00-04:00,16.51989264388732,16.919926610583026,16.445813535656338,16.460628509521484,27400,0.0,0.0
2022-11-03 00:00:00-04:00,16.475443841646676,16.927333720362807,16.297651449930903,16.542116165161133,33700,0.0,0.0
2022-11-04 00:00:00-04:00,16.564344588705957,16.71250424304065,16.386552155723134,16.66805648803711,23100,0.0,0.0
2022-11-07 00:00:00-05:00,16.682874839896446,16.927339640627192,16.46878321696247,16.6606502532959,32600,0.0,0.0
2022-11-08 00:00:00-05:00,16.98215674467433,17.331075227612434,16.875481849127322,17.16439437866211,27700,0.0,0.0
2022-11-09 00:00:00-05:00,16.80881021681857,17.349595737973452,16.779177436661122,16.8754825592041,21400,0.0,0.0
2022-11-10 00:00:00-05:00,17.40144749375883,17.975569047651707,17.09031044198287,17.771848678588867,33500,0.0,0.0
2022-11-11 00:00:00-05:00,17.631095630839784,17.779256668262654,17.37922271500193,17.668136596679688,22700,0.0,0.0
2022-11-14 00:00:00-05:00,17.631098542849923,17.66073132041609,17.179209988714675,17.33477783203125,36300,0.0,0.0
2022-11-15 00:00:00-05:00,17.371821809214676,17.845935028543423,17.342189026522203,17.379228591918945,57000,0.0,0.0
2022-11-16 00:00:00-05:00,17.482939734781468,17.616284414305344,17.386634616028147,17.41626739501953,43100,0.0,0.0
2022-11-17 00:00:00-05:00,17.349590779253077,17.831112015437263,17.27551026300128,17.38292694091797,26400,0.0,0.0
2022-11-18 00:00:00-05:00,17.401451940193557,17.69555008133945,17.29774003409047,17.482940673828125,27900,0.0,0.0
2022-11-21 00:00:00-05:00,17.586647986570725,17.779256771147697,17.408855588415456,17.6533203125,17800,0.0,0.0
2022-11-22 00:00:00-05:00,17.51997946851634,17.79407702501794,17.445898933275203,17.779260635375977,24000,0.0,0.0
2022-11-23 00:00:00-05:00,17.83111493165918,18.134843826293945,17.712586651458714,18.134843826293945,35700,0.0,0.0
2022-11-25 00:00:00-05:00,18.13483909975785,18.13483909975785,17.92741536995277,18.060758590698242,13400,0.0,0.0
2022-11-28 00:00:00-05:00,18.105210202799537,18.11261839600843,17.834817509032646,18.053354263305664,28300,0.0,0.0
2022-11-29 00:00:00-05:00,18.038538746859384,18.038538746859384,17.690360714091206,17.73480987548828,40900,0.0,0.0
2022-11-30 00:00:00-05:00,17.727402854473386,18.483021692581506,17.468121714381162,18.423757553100586,83000,0.0,0.0
2022-12-01 00:00:00-05:00,18.40153409549247,18.72007939453265,18.334861757880866,18.59414291381836,49600,0.0,0.0
2022-12-02 00:00:00-05:00,18.416348544254415,18.727485616005815,18.416348544254415,18.60154914855957,13400,0.0,0.0
2022-12-05 00:00:00-05:00,18.17188397845998,18.73637478151614,18.17188397845998,18.31263542175293,21600,0.0,0.0
2022-12-06 00:00:00-05:00,18.445979022557264,18.62377142461697,18.08298602506432,18.260778427124023,30900,0.0,0.0
2022-12-07 00:00:00-05:00,18.45116633379642,18.564509018319924,18.248928146454126,18.29041290283203,36000,0.0,0.0
2022-12-08 00:00:00-05:00,18.420753403594063,18.518695424388824,18.090007781982422,18.090007781982422,16100,0.413,0.0
2022-12-09 00:00:00-05:00,18.09679050992155,18.315277237610136,18.089256286621094,18.089256286621094,12900,0.0,0.0
2022-12-12 00:00:00-05:00,17.968709121136232,17.9875439582987,17.59954085212914,17.70501708984375,38500,0.0,0.0
2022-12-13 00:00:00-05:00,17.938572099855865,18.179661462572863,17.818027418497365,18.172128677368164,37700,0.0,0.0
2022-12-14 00:00:00-05:00,18.051581483406263,18.202263044629053,17.8406290221014,18.028980255126953,34900,0.0,0.0
2022-12-15 00:00:00-05:00,17.96870648221192,18.277602364730388,17.96870648221192,18.066648483276367,46500,0.0,0.0
2022-12-16 00:00:00-05:00,18.0139103721643,18.10431958907481,17.74268415843852,18.066648483276367,29100,0.0,0.0
2022-12-19 00:00:00-05:00,17.991311118129335,18.179662371797804,17.968709887372974,18.08172035217285,22300,0.0,0.0
2022-12-20 00:00:00-05:00,18.05911826592591,18.111857825736394,17.74268809209339,17.893369674682617,26100,0.0,0.0
2022-12-21 00:00:00-05:00,17.9159713412637,18.08171992323789,17.765289767100988,17.802959442138672,45000,0.0,0.0
2022-12-22 00:00:00-05:00,17.8406344574716,17.87076991669378,17.44886342853915,17.689952850341797,53800,0.0,0.0
2022-12-23 00:00:00-05:00,17.622144508361753,17.823303815848462,17.290647305040835,17.463930130004883,23500,0.0,0.0
2022-12-27 00:00:00-05:00,17.56940658716719,17.750223637543826,16.91394495917767,17.290647506713867,48900,0.0,0.0
2022-12-28 00:00:00-05:00,17.328311353028003,17.328311353028003,16.970443765944765,16.99681282043457,71100,0.0,0.0
2022-12-29 00:00:00-05:00,17.019418645512694,17.576938159331768,16.808464733389545,16.9666805267334,74600,0.0,0.0
2022-12-30 00:00:00-05:00,16.94407942000395,17.00661217717276,16.57491111755371,16.57491111755371,73100,0.0,0.0
2023-01-03 00:00:00-05:00,16.785862238474568,16.951610804574972,16.665317565491392,16.831066131591797,26500,0.0,0.0
2023-01-04 00:00:00-05:00,16.913945905229962,17.54680633544922,16.913945905229962,17.54680633544922,51600,0.0,0.0
2023-01-05 00:00:00-05:00,17.441326363921,17.93103935182689,17.418725132436865,17.893369674682617,24100,0.0,0.0
2023-01-06 00:00:00-05:00,17.855701368139066,18.25274473901756,17.855701368139066,18.13446044921875,25800,0.0,0.0
2023-01-09 00:00:00-05:00,18.110349488191464,18.345412055350312,17.893368767506836,17.98377799987793,46800,0.0,0.0
2023-01-10 00:00:00-05:00,18.187194464701676,18.435818032950497,17.968707783273732,18.368011474609375,37100,0.0,0.0
2023-01-11 00:00:00-05:00,18.390614541550928,18.895395910783012,18.194729083952787,18.759782791137695,57600,0.0,0.0
2023-01-12 00:00:00-05:00,18.759783986355952,18.8426589951984,18.164594790777045,18.270071029663086,70000,0.0,0.0
2023-01-13 00:00:00-05:00,18.224866954961406,18.533762883265332,18.07418538344468,18.4433536529541,18700,0.0,0.0
2023-01-17 00:00:00-05:00,18.49609145255787,18.627938184610233,18.194729751733227,18.511159896850586,18500,0.0,0.0
2023-01-18 00:00:00-05:00,18.56389933922742,18.80800355576495,18.321303979035118,18.533763885498047,26700,0.0,0.0
2023-01-19 00:00:00-05:00,18.465958280904033,18.827592366543268,18.465958280904033,18.768827438354492,19700,0.0,0.0
2023-01-20 00:00:00-05:00,18.646779081102807,18.814788122247148,18.624176407318558,18.7371883392334,14800,0.0,0.0
2023-01-23 00:00:00-05:00,18.7597818192382,18.970735709647,18.691975262928434,18.797452926635742,28100,0.0,0.0
2023-01-24 00:00:00-05:00,18.7748546559052,18.978274372438957,18.684445413999264,18.940603256225586,31900,0.0,0.0
2023-01-25 00:00:00-05:00,18.789922259558644,18.94813662953956,18.684444575898613,18.918001174926758,22900,0.0,0.0
2023-01-26 00:00:00-05:00,18.887864187246997,19.76934814453125,18.880329964380593,19.76934814453125,23400,0.0,0.0
2023-01-27 00:00:00-05:00,19.272099225522368,19.430315017700195,19.196758440533205,19.430315017700195,18800,0.0,0.0
2023-01-30 00:00:00-05:00,19.339908400513895,19.339908400513895,18.872796620094032,18.88786506652832,23600,0.0,0.0
2023-01-31 00:00:00-05:00,18.985807833154897,19.611133967120388,18.94813671845451,19.596065521240234,92400,0.0,0.0
2023-02-01 00:00:00-05:00,19.520721046708257,19.71660649518268,19.35798588551591,19.535789489746094,25300,0.0,0.0
2023-02-02 00:00:00-05:00,19.51318880098006,19.588529586791992,19.46271109239863,19.588529586791992,44400,0.0,0.0
2023-02-03 00:00:00-05:00,19.400180279964623,19.55086186665029,19.01594352722168,19.01594352722168,50000,0.0,0.0
2023-02-06 00:00:00-05:00,19.008413239612356,19.061151374769196,18.69951721625965,18.7371883392334,30900,0.0,0.0
2023-02-07 00:00:00-05:00,18.684441353108177,18.954914591812557,18.56389668143696,18.729646682739258,21700,0.0,0.0
2023-02-08 00:00:00-05:00,18.79745655090501,19.13648796081543,18.548832942168264,19.13648796081543,28200,0.0,0.0
2023-02-09 00:00:00-05:00,19.09128292586638,19.151555268736274,18.785400390625,18.785400390625,9600,0.0,0.0
2023-02-10 00:00:00-05:00,18.699514263300813,18.782389283749335,18.465959085771377,18.594038009643555,15800,0.0,0.0
2023-02-13 00:00:00-05:00,18.609105992524746,18.88786506652832,18.594037546090462,18.88786506652832,30400,0.0,0.0
2023-02-14 00:00:00-05:00,18.714583148529986,19.160598263306028,18.673145637334983,19.091285705566406,13700,0.0,0.0
2023-02-15 00:00:00-05:00,18.917997396638437,19.132717677017958,18.917997396638437,19.0837459564209,11500,0.0,0.0
2023-02-16 00:00:00-05:00,18.98580859568163,19.11388751679479,18.872796684047668,18.940603256225586,16300,0.0,0.0
2023-02-17 00:00:00-05:00,18.90443838764858,18.985807418823242,18.710813317033004,18.985807418823242,10700,0.0,0.0
2023-02-21 00:00:00-05:00,18.80498931016893,18.820057756011877,18.096789599623573,18.345413208007812,30000,0.0,0.0
2023-02-22 00:00:00-05:00,18.27007029424382,18.865260902870684,18.27007029424382,18.631704330444336,23400,0.0,0.0
2023-02-23 00:00:00-05:00,18.654309189206252,19.13648796081543,18.654309189206252,19.13648796081543,8600,0.0,0.0
2023-02-24 00:00:00-05:00,19.00840802951543,19.00840802951543,18.64677397012773,18.714580535888672,3500,0.0,0.0
2023-02-27 00:00:00-05:00,18.887864415102182,19.091284123930844,18.61663813666397,19.02347755432129,10100,0.0,0.0
2023-02-28 00:00:00-05:00,18.804989336831074,19.13648796081543,18.744716990379928,19.13648796081543,34100,0.0,0.0
2023-03-01 00:00:00-05:00,18.970737262278863,19.023475379945882,18.798207456193367,18.978271484375,12300,0.0,0.0
2023-03-02 00:00:00-05:00,18.80498933415241,19.01594326520442,18.620405901862227,18.970739364624023,15900,0.0,0.0
2023-03-03 00:00:00-05:00,18.970736824479406,19.10634994506836,18.796699603188674,19.10634994506836,19200,0.0,0.0
2023-03-06 00:00:00-05:00,19.04607939057417,19.332372665405273,19.04607939057417,19.332372665405273,11300,0.0,0.0
2023-03-07 00:00:00-05:00,19.27210262480567,19.46045390199767,19.144023698834857,19.15155792236328,17100,0.0,0.0
2023-03-08 00:00:00-05:00,19.430315096452382,19.430315096452382,19.076213836669922,19.076213836669922,13400,0.0,0.0
2023-03-09 00:00:00-05:00,19.185737091646974,19.185737091646974,18.136458044800083,18.496429443359375,50700,0.413,0.0
2023-03-10 00:00:00-05:00,18.37388248713323,18.810443867305093,17.630962371826172,17.630962371826172,36800,0.0,0.0
2023-03-13 00:00:00-04:00,17.615646755834405,17.634793905793533,16.237031507102667,16.505094528198242,60700,0.0,0.0
2023-03-14 00:00:00-04:00,16.85740638000518,18.34784245768961,16.85740638000518,17.638622283935547,49100,0.0,0.0
2023-03-15 00:00:00-04:00,17.301630806786093,17.301630806786093,16.344258590655095,16.773160934448242,58600,0.0,0.0
2023-03-16 00:00:00-04:00,16.673594133021254,18.56536102294922,16.673594133021254,18.56536102294922,38500,0.0,0.0
2023-03-17 00:00:00-04:00,18.289637387366966,18.289637387366966,16.696570146693183,16.754013061523438,26000,0.0,0.0
2023-03-20 00:00:00-04:00,16.903364816006217,17.10249842641879,16.214057063552946,16.267669677734375,42200,0.0,0.0
2023-03-21 00:00:00-04:00,16.489780968398257,17.102498654106306,16.275329047983345,16.84975242614746,47500,0.0,0.0
2023-03-22 00:00:00-04:00,16.635298801043792,17.826270050127054,16.298304838854644,16.995271682739258,34900,0.0,0.0
2023-03-23 00:00:00-04:00,17.064202597170983,17.381283930497432,16.413189209825532,16.497438430786133,50700,0.0,0.0
2023-03-24 00:00:00-04:00,16.597004045829,16.83596435051616,16.290645242704695,16.765501022338867,20700,0.0,0.0
2023-03-27 00:00:00-04:00,17.263335511303804,18.51940731928368,16.604662996956318,16.658275604248047,59500,0.0,0.0
2023-03-28 00:00:00-04:00,17.000630489996887,17.186743641962103,16.80379481769899,17.09483528137207,22800,0.0,0.0
2023-03-29 00:00:00-04:00,17.140791949475002,17.6922392948831,17.01518505044715,17.500764846801758,25900,0.0,0.0
2023-03-30 00:00:00-04:00,17.58501074791422,17.676919116024962,17.087177527802073,17.450979232788086,39000,0.0,0.0
2023-03-31 00:00:00-04:00,17.51608327176511,17.69223941459166,17.40119743347168,17.40119743347168,141800,0.0,0.0
2023-04-03 00:00:00-04:00,17.51378667636129,17.58501403150898,17.385881874947955,17.577356338500977,12600,0.0,0.0
2023-04-04 00:00:00-04:00,17.500765064009506,17.565865675964776,17.163769622170225,17.33992576599121,37300,0.0,0.0
2023-04-05 00:00:00-04:00,17.27099129044653,17.385877105730753,16.895701620130527,17.19440269470215,20400,0.0,0.0
2023-04-06 00:00:00-04:00,17.27099121746104,17.27099121746104,17.01824505440472,17.217378616333008,15200,0.0,0.0
2023-04-10 00:00:00-04:00,17.156108856201172,17.370560746456007,17.056542794089204,17.156108856201172,35000,0.0,0.0
2023-04-11 00:00:00-04:00,17.156108313001944,17.531398013439937,17.10249570734422,17.523738861083984,26500,0.0,0.0
2023-04-12 00:00:00-04:00,17.53905682316715,18.373885422816134,17.393535852914727,18.036890029907227,50200,0.0,0.0
2023-04-13 00:00:00-04:00,18.013912757371706,18.297294064751437,17.816310150455056,17.87605094909668,32100,0.0,0.0
2023-04-14 00:00:00-04:00,17.84541450371163,18.335589988767424,17.768825908052314,18.312612533569336,26300,0.0,0.0
2023-04-17 00:00:00-04:00,18.335591617406223,18.450475981933497,18.206919902035157,18.228364944458008,14000,0.0,0.0
2023-04-18 00:00:00-04:00,18.32027037599343,18.496426470754493,18.28197608090058,18.442813873291016,23300,0.0,0.0
2023-04-19 00:00:00-04:00,18.251347775922305,18.4949039275373,18.22837031191741,18.450481414794922,12100,0.0,0.0
2023-04-20 00:00:00-04:00,18.38154791628827,18.649612448900978,18.38154791628827,18.611316680908203,6500,0.0,0.0
2023-04-21 00:00:00-04:00,18.573022373749605,18.866360798486784,18.511750605795346,18.611316680908203,20000,0.0,0.0
2023-04-24 00:00:00-04:00,18.649607561755023,18.887035417755335,18.381543099388843,18.55769920349121,16000,0.0,0.0
2023-04-25 00:00:00-04:00,18.41218431220641,18.687906534311818,18.036893094501263,18.285810470581055,43900,0.0,0.0
2023-04-26 00:00:00-04:00,18.151777291922322,18.532428275682292,17.837759330725273,17.845417022705078,36500,0.0,0.0
2023-04-27 00:00:00-04:00,17.983278827446878,18.28580878943242,17.82856773898444,18.151777267456055,25700,0.0,0.0
2023-04-28 00:00:00-04:00,18.075186921924068,18.51940755184915,18.075186921924068,18.33559226989746,63900,0.0,0.0
2023-05-01 00:00:00-04:00,18.19007177039235,18.305721619077094,18.03918952625775,18.259002685546875,43100,0.0,0.0
2023-05-02 00:00:00-04:00,18.243682086057937,18.243682086057937,17.393535213260773,17.4471492767334,50700,0.0,0.0
2023-05-03 00:00:00-04:00,17.424173052527905,17.827034538569706,17.102495953124798,17.11015510559082,48900,0.0,0.0
2023-05-04 00:00:00-04:00,17.018249409337603,17.04888602401279,15.930674422549698,16.145126342773438,66900,0.0,0.0
2023-05-05 00:00:00-04:00,16.35191689599144,17.060371714868044,16.35191689599144,16.865068435668945,20500,0.0,0.0
2023-05-08 00:00:00-04:00,16.949317065966927,17.041225441451857,16.45148380591155,16.543392181396484,34100,0.0,0.0
2023-05-09 00:00:00-04:00,16.543392815599276,16.611556796731065,15.815789319355403,15.869401931762695,92100,0.0,0.0
2023-05-10 00:00:00-04:00,16.053216545086364,16.248521294346336,15.945991324839518,16.06853485107422,23200,0.0,0.0
2023-05-11 00:00:00-04:00,15.91535389525918,15.97662564960488,15.619716183186483,15.930670738220215,42600,0.0,0.0
2023-05-12 00:00:00-04:00,16.13746604391374,16.382553100585938,15.838766376198759,16.382553100585938,14900,0.0,0.0
2023-05-15 00:00:00-04:00,16.244690296032385,16.33430077532989,15.915355496314932,16.037899017333984,24400,0.0,0.0
2023-05-16 00:00:00-04:00,16.037903047419356,16.48978294254053,16.007266429049068,16.35192108154297,14500,0.0,0.0
2023-05-17 00:00:00-04:00,16.459141268640064,17.125472905182136,16.313620297747626,16.650615692138672,116500,0.0,0.0
2023-05-18 00:00:00-04:00,16.60466453026471,17.140792113523087,16.581687070374763,16.635299682617188,59600,0.0,0.0
2023-05-19 00:00:00-04:00,16.635297089104647,17.00292908585785,16.45914097324755,16.60466194152832,27400,0.0,0.0
2023-05-22 00:00:00-04:00,16.673595449100436,16.84975159242101,16.581687070374763,16.635299682617188,55300,0.0,0.0
2023-05-23 00:00:00-04:00,16.58168658639329,16.785415967802233,16.58168658639329,16.711889266967773,30300,0.0,0.0
2023-05-24 00:00:00-04:00,16.658275335933272,17.431832204993924,16.658275335933272,17.11015510559082,33700,0.0,0.0
2023-05-25 00:00:00-04:00,17.07951680724159,17.424171329970132,17.07951680724159,17.217378616333008,13800,0.0,0.0
2023-05-26 00:00:00-04:00,17.07952183395613,17.37822299517692,17.07952183395613,17.148452758789062,18300,0.0,0.0
2023-05-30 00:00:00-04:00,17.194406799426158,17.539059945054458,17.079520956715886,17.240360260009766,33400,0.0,0.0
2023-05-31 00:00:00-04:00,17.23269409759439,17.63096115622774,17.23269409759439,17.332260131835938,75900,0.0,0.0
2023-06-01 00:00:00-04:00,17.347585161385393,17.69223976135254,17.332266854534822,17.69223976135254,32400,0.0,0.0
2023-06-02 00:00:00-04:00,17.799462997703646,18.358567987735707,17.607988565980286,18.2513427734375,41900,0.0,0.0
2023-06-05 00:00:00-04:00,18.19772808203103,18.435155941140938,18.167091475263913,18.412179946899414,14300,0.0,0.0
2023-06-06 00:00:00-04:00,18.373885333462344,18.68790326822517,18.281978429101176,18.404521942138672,24000,0.0,0.0
2023-06-07 00:00:00-04:00,18.435156255304765,18.527064616338567,18.266659297715606,18.419837951660156,14100,0.0,0.0
2023-06-08 00:00:00-04:00,18.313080455146938,18.313080455146938,17.674071077082605,17.7675838470459,67600,0.413,0.0
2023-06-09 00:00:00-04:00,17.83771496606375,18.032534925016332,17.4870399317641,17.720823287963867,25200,0.0,0.0
2023-06-12 00:00:00-04:00,17.611725964244695,17.879798141715327,17.284428348147497,17.370149612426758,16900,0.0,0.0
2023-06-13 00:00:00-04:00,17.448076461242863,17.68965430008696,17.190914154052734,17.190914154052734,58800,0.0,0.0
2023-06-14 00:00:00-04:00,17.28442907155964,17.28442907155964,16.754518481761,16.941545486450195,19800,0.0,0.0
2023-06-15 00:00:00-04:00,16.94934141627819,17.214296757326412,16.94934141627819,17.074026107788086,28800,0.0,0.0
2023-06-16 00:00:00-04:00,17.128574980372235,17.401323292565927,17.027269228827635,17.08571434020996,9800,0.0,0.0
2023-06-20 00:00:00-04:00,16.949339059702858,17.08960968973846,16.676590777562364,16.73114013671875,21700,0.0,0.0
2023-06-21 00:00:00-04:00,16.731139548790413,17.04285270963091,16.692176146864604,16.941545486450195,22300,0.0,0.0
2023-06-22 00:00:00-04:00,16.957132873560315,16.957132873560315,16.590871810913086,16.590871810913086,28300,0.0,0.0
2023-06-23 00:00:00-04:00,16.57528576722521,16.949339806222678,16.56749278895127,16.62983512878418,26400,0.0,0.0
2023-06-26 00:00:00-04:00,16.754521811975973,17.04285609715669,16.754521811975973,16.93375587463379,45400,0.0,0.0
2023-06-27 00:00:00-04:00,16.933756178306105,17.019477464748732,16.770108071125268,16.824657440185547,36700,0.0,0.0
2023-06-28 00:00:00-04:00,16.855823469791126,17.09350407551211,16.56749074108843,17.035058975219727,27600,0.0,0.0
2023-06-29 00:00:00-04:00,17.019476498623686,17.0272694775269,16.606457534905925,16.653215408325195,39400,0.0,0.0
2023-06-30 00:00:00-04:00,16.661001551643764,16.988299128701904,16.646195936932315,16.886993408203125,102800,0.0,0.0
2023-07-03 00:00:00-04:00,16.879205445657398,17.190917162505066,16.879205445657398,17.136367797851562,15700,0.0,0.0
2023-07-05 00:00:00-04:00,16.964924419420786,17.338978428799177,16.871410173896933,16.941545486450195,40600,0.0,0.0
2023-07-06 00:00:00-04:00,16.84803331932079,16.84803331932079,16.52073567802391,16.73114013671875,36000,0.0,0.0
2023-07-07 00:00:00-04:00,16.777895712844654,16.871408462524414,16.6532110556994,16.871408462524414,21000,0.0,0.0
2023-07-10 00:00:00-04:00,16.777899016018374,17.066231785048323,16.770106037617747,17.05064582824707,31000,0.0,0.0
2023-07-11 00:00:00-04:00,17.066234303011267,17.331189662289667,16.988305993866053,17.323396682739258,43800,0.0,0.0
2023-07-12 00:00:00-04:00,17.362360267014232,17.502629429233494,17.307809414288194,17.44808006286621,21200,0.0,0.0
2023-07-13 00:00:00-04:00,17.526007987368452,17.74420693448093,17.45587266459511,17.736413955688477,27400,0.0,0.0
2023-07-14 00:00:00-04:00,17.767581658288307,17.783167613481744,17.53379827582076,17.681861877441406,18500,0.0,0.0
2023-07-17 00:00:00-04:00,17.596920997845263,17.75979171702163,17.151952788655468,17.300016403198242,30300,0.0,0.0
2023-07-18 00:00:00-04:00,17.40132388345109,17.50262963843566,17.222089824285202,17.377944946289062,72800,0.0,0.0
2023-07-19 00:00:00-04:00,17.33118844133981,17.557180373304327,17.300018011692945,17.409116744995117,21400,0.0,0.0
2023-07-20 00:00:00-04:00,17.409116713367368,17.49561684785945,17.19403465512381,17.26105308532715,28900,0.0,0.0
2023-07-21 00:00:00-04:00,17.370151271074377,17.370151271074377,17.198708726145085,17.29222297668457,26900,0.0,0.0
2023-07-24 00:00:00-04:00,17.22987954921853,17.377941664204634,17.011680635992725,17.346771240234375,31500,0.0,0.0
2023-07-25 00:00:00-04:00,17.23767406334212,17.377943213249427,17.042854065496908,17.300016403198242,34300,0.0,0.0
2023-07-26 00:00:00-04:00,17.183125513476607,17.580558540596595,17.183125513476607,17.50263023376465,27800,0.0,0.0
2023-07-27 00:00:00-04:00,17.502625219729072,17.861094733920538,17.502625219729072,17.588346481323242,34500,0.0,0.0
2023-07-28 00:00:00-04:00,17.70524492053014,17.775380254711997,17.47925444422335,17.56497573852539,20800,0.0,0.0
2023-07-31 00:00:00-04:00,17.487042615078312,17.837717703187604,17.487042615078312,17.775375366210938,28700,0.0,0.0
2023-08-01 00:00:00-04:00,17.650691580684185,18.149431787959568,17.338979880111214,17.45587158203125,18500,0.0,0.0
2023-08-02 00:00:00-04:00,17.338977639574118,17.361576233299434,17.035058956582574,17.22208595275879,28900,0.0,0.0
2023-08-03 00:00:00-04:00,17.190914062357862,17.190914062357862,16.894788356344492,17.035058975219727,19500,0.0,0.0
2023-08-04 00:00:00-04:00,17.035061087220065,17.57276321109464,17.035061087220065,17.300016403198242,18500,0.0,0.0
2023-08-07 00:00:00-04:00,17.346769972565426,17.518211007769512,17.07480057434847,17.284427642822266,29300,0.0,0.0
2023-08-08 00:00:00-04:00,17.196369903032267,17.261829132257475,17.027266894200483,17.245464324951172,38700,0.0,0.0
2023-08-09 00:00:00-04:00,17.097405456035517,17.44028762275491,17.081819497632235,17.41691017150879,24300,0.0,0.0
2023-08-10 00:00:00-04:00,17.510423732872447,17.705243762556044,17.26105433269486,17.323396682739258,22400,0.0,0.0
2023-08-11 00:00:00-04:00,17.611727521975887,17.611727521975887,17.338979236710966,17.518213272094727,22700,0.0,0.0
2023-08-14 00:00:00-04:00,17.564192771299922,17.564973109640416,17.331188201904297,17.331188201904297,4200,0.0,0.0
2023-08-15 00:00:00-04:00,17.159748312513234,17.650694125915244,17.159748312513234,17.2376766204834,11900,0.0,0.0
2023-08-16 00:00:00-04:00,17.222090159814506,17.237676118226176,16.67659350627642,16.93375587463379,39200,0.0,0.0
2023-08-17 00:00:00-04:00,16.840239734692013,16.964924404374226,16.520735082836534,16.77400016784668,42200,0.0,0.0
2023-08-18 00:00:00-04:00,16.87140852502779,17.206499099731445,16.77399854337479,17.206499099731445,37600,0.0,0.0
2023-08-21 00:00:00-04:00,16.902580559990543,17.04285117244531,16.676588687400443,16.801273345947266,18500,0.0,0.0
2023-08-22 00:00:00-04:00,16.699971294685433,16.949340666676616,16.676592358676746,16.832448959350586,26000,0.0,0.0
2023-08-23 00:00:00-04:00,16.81686327000513,17.167539883930306,16.707764539610064,16.918169021606445,40700,0.0,0.0
2023-08-24 00:00:00-04:00,16.871409443280385,17.035058994270653,16.67658946937101,16.848031997680664,26200,0.0,0.0
2023-08-25 00:00:00-04:00,16.72334648667713,17.097401980524968,16.598661817514017,16.785690307617188,26800,0.0,0.0
2023-08-28 00:00:00-04:00,16.738931086060894,17.08960761865146,16.738931086060894,16.949337005615234,15800,0.0,0.0
2023-08-29 00:00:00-04:00,16.93375267638532,17.12389806310592,16.795820091846597,17.05843734741211,16800,0.0,0.0
2023-08-30 00:00:00-04:00,16.96492802819593,17.06623378656787,16.92206738514513,17.01168441772461,17300,0.0,0.0
2023-08-31 00:00:00-04:00,16.996098008786493,17.487045288085938,16.996098008786493,17.487045288085938,55800,0.0,0.0
2023-09-01 00:00:00-04:00,17.41690705387184,17.767582137021822,17.310925231146175,17.697446823120117,26300,0.0,0.0
2023-09-05 00:00:00-04:00,17.42470023194261,17.742645703773782,17.1441589731115,17.432493209838867,15100,0.0,0.0
2023-09-06 00:00:00-04:00,17.533799063511463,17.682641523670846,17.300015670541402,17.401321411132812,24100,0.0,0.0
2023-09-07 00:00:00-04:00,17.50691940327247,17.982504953413105,17.173454199668836,17.38782501220703,17700,0.413,0.0
2023-09-08 00:00:00-04:00,17.332245265862866,17.966622742420657,17.300487472799762,17.626012802124023,17100,0.0,0.0
2023-09-11 00:00:00-04:00,17.62601285622844,17.79274467764758,17.294134755779126,17.705408096313477,20500,0.0,0.0
2023-09-12 00:00:00-04:00,17.72128770467526,17.737167358398438,17.38782254832418,17.737167358398438,18500,0.0,0.0
2023-09-13 00:00:00-04:00,17.745107149119953,17.957889359728934,17.626012775172935,17.880081176757812,21800,0.0,0.0
2023-09-14 00:00:00-04:00,17.94359871729342,18.253244400024414,17.94359871729342,18.253244400024414,14500,0.0,0.0
2023-09-15 00:00:00-04:00,18.14209177850847,18.261186168035234,17.91184131297171,18.070634841918945,38300,0.0,0.0
2023-09-18 00:00:00-04:00,18.245304125444296,18.245304125444296,17.864201523066974,17.880081176757812,55400,0.0,0.0
2023-09-19 00:00:00-04:00,17.87928951613112,18.015058612193112,17.63951215176394,17.800687789916992,50300,0.0,0.0
2023-09-20 00:00:00-04:00,17.980918508769875,18.245308905964407,17.808628915620165,18.078577041625977,37000,0.0,0.0
2023-09-21 00:00:00-04:00,17.911843790163807,17.980125107916404,17.626017518643515,17.90390396118164,33400,0.0,0.0
2023-09-22 00:00:00-04:00,17.718112085685217,17.943598322692544,17.718112085685217,17.84832191467285,30100,0.0,0.0
2023-09-25 00:00:00-04:00,17.86420294054077,17.943599700927734,17.705409419766845,17.943599700927734,28500,0.0,0.0
2023-09-26 00:00:00-04:00,17.84038157784497,17.943597809779824,17.745106686915815,17.872140884399414,58900,0.0,0.0
2023-09-27 00:00:00-04:00,17.919783548657147,17.94360303550995,17.65777525074645,17.895965576171875,32800,0.0,0.0
2023-09-28 00:00:00-04:00,17.840380592314236,18.055544884923187,17.784803323281224,17.959476470947266,25200,0.0,0.0
2023-09-29 00:00:00-04:00,18.223078793687407,18.80108564426454,18.01902987584359,18.459680557250977,163000,0.0,0.0
2023-10-02 00:00:00-04:00,18.404100035780385,18.507314769508486,18.0134689844553,18.18178939819336,32400,0.0,0.0
2023-10-03 00:00:00-04:00,18.10239239331019,18.10239239331019,17.260790335797925,17.26873016357422,32200,0.0,0.0
2023-10-04 00:00:00-04:00,17.41958144047866,17.43545957945616,17.078176465405264,17.22109031677246,18600,0.0,0.0
2023-10-05 00:00:00-04:00,17.43546203058035,18.261185948176827,17.08611869409012,17.19727325439453,18800,0.0,0.0
2023-10-06 00:00:00-04:00,17.12581393268376,17.12581393268376,16.847926056270985,16.967021942138672,29100,0.0,0.0
2023-10-09 00:00:00-04:00,16.94320385976379,17.356065795099436,16.910651021991075,17.213151931762695,17400,0.0,0.0
2023-10-10 00:00:00-04:00,17.18933475373081,17.40370557746921,17.09644194160478,17.3640079498291,23300,0.0,0.0
2023-10-11 00:00:00-04:00,17.419582856856405,17.63395213697037,17.419582856856405,17.467220306396484,12600,0.0,0.0
2023-10-12 00:00:00-04:00,17.546618608205694,17.594256061934868,17.030541902098804,17.133756637573242,47300,0.0,0.0
2023-10-13 00:00:00-04:00,17.229029677295777,17.4179923981358,16.816167787709187,17.03053855895996,20200,0.0,0.0
2023-10-16 00:00:00-04:00,16.982904468726122,16.982904468726122,16.625621261919047,16.760595321655273,24900,0.0,0.0
2023-10-17 00:00:00-04:00,16.673256038220483,16.863013825640596,16.276273751596186,16.31597137451172,32600,0.0,0.0
2023-10-18 00:00:00-04:00,16.20481684235892,16.427127468363185,16.117480254577377,16.24451446533203,25500,0.0,0.0
2023-10-19 00:00:00-04:00,16.260393667513448,16.522401909195466,15.649040598799674,15.88723087310791,28500,0.0,0.0
2023-10-20 00:00:00-04:00,15.926930576011575,16.123039640097915,15.680801956664025,15.869766235351562,23700,0.0,0.0
2023-10-23 00:00:00-04:00,15.950747486445497,16.085721516761364,15.879290557786089,15.895170211791992,13300,0.0,0.0
2023-10-24 00:00:00-04:00,15.934869249913946,16.268334441865285,15.222683513872656,16.069843292236328,60700,0.0,0.0
2023-10-25 00:00:00-04:00,15.895174521061923,16.128599137889356,15.62919554463971,15.98250961303711,64800,0.0,0.0
2023-10-26 00:00:00-04:00,15.855475847705371,16.181001280941533,15.760200923735944,15.9348726272583,30300,0.0,0.0
2023-10-27 00:00:00-04:00,15.998387408010943,16.10954348887376,15.25206021236369,15.744318962097168,37300,0.0,0.0
2023-10-30 00:00:00-04:00,15.744319097859274,15.744319097859274,15.125026119828787,15.347336769104004,37100,0.0,0.0
2023-10-31 00:00:00-04:00,15.402914452128954,15.522008850969401,15.283820053288506,15.498190879821777,71000,0.0,0.0
2023-11-01 00:00:00-04:00,15.490250442475254,16.233400491800133,15.490250442475254,16.053964614868164,40100,0.0,0.0
2023-11-02 00:00:00-04:00,16.157178308040873,16.86380624725661,16.157178308040873,16.68913459777832,39500,0.0,0.0
2023-11-03 00:00:00-04:00,16.79235194191503,17.443402708634054,16.79235194191503,17.42752456665039,40900,0.0,0.0
2023-11-06 00:00:00-05:00,17.17345429956988,17.403704769420834,16.895567890256455,16.95114517211914,37700,0.0,0.0
2023-11-07 00:00:00-05:00,16.951143868117498,17.070238250714148,16.411247718354293,16.419187545776367,48200,0.0,0.0
2023-11-08 00:00:00-05:00,16.490643018203297,16.87174561451843,16.490643018203297,16.792348861694336,15400,0.0,0.0
2023-11-09 00:00:00-05:00,16.752652246692037,16.80822952269031,16.300092697143555,16.300092697143555,24800,0.0,0.0
2023-11-10 00:00:00-05:00,16.355670487497353,16.58591942592643,16.06190292951019,16.276273727416992,41100,0.0,0.0
2023-11-13 00:00:00-05:00,16.435067200620516,16.562101410639244,16.27627368091349,16.419187545776367,30000,0.0,0.0
2023-11-14 00:00:00-05:00,16.6017985204708,16.839987278305276,16.42712686568333,16.554161071777344,87800,0.0,0.0
2023-11-15 00:00:00-05:00,16.53034491898087,16.80823286865782,16.35567322901957,16.506526947021484,66600,0.0,0.0
2023-11-16 00:00:00-05:00,16.450945319146804,16.760592530725617,16.450945319146804,16.60179901123047,28700,0.0,0.0
2023-11-17 00:00:00-05:00,16.530342008916453,16.982901568884394,16.530342008916453,16.705015182495117,32300,0.0,0.0
2023-11-20 00:00:00-05:00,16.736773948333788,17.014661865207156,16.736773948333788,16.91144561767578,30800,0.0,0.0
2023-11-21 00:00:00-05:00,16.91144414982048,17.030540042691463,16.832048907062738,16.87968635559082,26000,0.0,0.0
2023-11-22 00:00:00-05:00,16.911447142858457,16.99084391403526,16.514464801341898,16.649438858032227,39500,0.0,0.0
2023-11-24 00:00:00-05:00,16.57004216524676,16.657377243041992,16.514463370182295,16.657377243041992,8000,0.0,0.0
2023-11-27 00:00:00-05:00,16.752652703314137,16.855867430928917,16.53034207889438,16.60179901123047,34400,0.0,0.0
2023-11-28 00:00:00-05:00,16.538281396490248,16.878892864416947,16.47476429352364,16.62561798095703,52200,0.0,0.0
2023-11-29 00:00:00-05:00,16.673255392812884,17.13375476689684,16.673255392812884,16.87968635559082,78400,0.0,0.0
2023-11-30 00:00:00-05:00,16.883654041047176,17.3322443925089,16.864598760422638,17.03053855895996,92300,0.0,0.0
2023-12-01 00:00:00-05:00,17.046417608784573,17.713347923195407,17.046417608784573,17.705408096313477,32000,0.0,0.0
2023-12-04 00:00:00-05:00,17.641893337182736,17.82450635097057,17.23697119866293,17.67365264892578,51100,0.0,0.0
2023-12-05 00:00:00-05:00,17.7451086527882,17.784806276012027,17.467220747119665,17.54661750793457,25000,0.0,0.0
2023-12-06 00:00:00-05:00,17.697471275201302,17.80862583218129,17.403703713282002,17.443401336669922,53700,0.0,0.0
2023-12-07 00:00:00-05:00,17.6238490052582,17.87469306436005,17.30017745926577,17.356821060180664,17700,0.413,0.0
2023-12-08 00:00:00-05:00,17.39727785372184,17.470103791463647,17.122157987448382,17.154525756835938,40100,0.0,0.0
2023-12-11 00:00:00-05:00,17.162616338751537,17.194984108484125,16.774212362241734,16.830854415893555,45700,0.0,0.0
2023-12-12 00:00:00-05:00,16.838947198569272,17.008874911384122,16.71352594304765,16.88749885559082,72200,0.0,0.0
2023-12-13 00:00:00-05:00,16.91177492342786,17.397280741159566,16.879408692048653,17.267812728881836,55000,0.0,0.0
2023-12-14 00:00:00-05:00,17.429647366543186,17.7614093190498,17.292087419646762,17.688583374023438,65900,0.0,0.0
2023-12-15 00:00:00-05:00,17.720950670693806,17.767883326475214,17.34792024863459,17.42155647277832,42000,0.0,0.0
2023-12-18 00:00:00-05:00,17.373002607650363,17.567204600329415,17.073608447704412,17.162616729736328,56300,0.0,0.0
2023-12-19 00:00:00-05:00,17.162620004597134,17.534841719125456,17.033151984773507,17.24353790283203,74800,0.0,0.0
2023-12-20 00:00:00-05:00,17.19498246778347,17.397276379169156,17.154524302858356,17.348726272583008,80300,0.0,0.0
2023-12-21 00:00:00-05:00,17.39727935213365,17.43773752397253,17.049333518150124,17.186893463134766,161500,0.0,0.0
2023-12-22 00:00:00-05:00,17.17070867235382,17.275902383000957,17.09626526968129,17.162616729736328,80100,0.0,0.0
2023-12-26 00:00:00-05:00,17.34063439135188,17.479811775618536,17.122156595882757,17.31635856628418,102100,0.0,0.0
2023-12-27 00:00:00-05:00,17.27589986296199,17.672395733100654,17.27589986296199,17.534835815429688,85600,0.0,0.0
2023-12-28 00:00:00-05:00,17.518655800978554,17.737133637884376,17.316361850520646,17.397279739379883,82300,0.0,0.0
2023-12-29 00:00:00-05:00,17.397277821411375,17.59957174956732,17.288847646220674,17.518653869628906,115000,0.0,0.0
2024-01-02 00:00:00-05:00,17.5186580441226,17.68049384256303,17.397281966982554,17.623851776123047,25200,0.0,0.0
2024-01-03 00:00:00-05:00,17.640029917846437,17.737131682448574,17.42964559073882,17.518653869628906,32800,0.0,0.0
2024-01-04 00:00:00-05:00,17.55102204063943,17.745224030908137,17.38109433454167,17.729040145874023,21300,0.0,0.0
2024-01-05 00:00:00-05:00,17.72095057574444,17.923244535612252,17.575298677698743,17.680492401123047,63000,0.0,0.0
2024-01-08 00:00:00-05:00,17.895730681947462,18.028436693412477,17.69991121999354,18.012252807617188,28400,0.0,0.0
2024-01-09 00:00:00-05:00,18.028436655673914,18.2550048828125,18.028436655673914,18.2550048828125,28400,0.0,0.0
2024-01-10 00:00:00-05:00,18.2226362050848,18.392562352596347,18.00415840681559,18.35210418701172,46800,0.0,0.0
2024-01-11 00:00:00-05:00,18.36019997902916,18.44678207665225,18.21859328302716,18.33592414855957,19500,0.0,0.0
2024-01-12 00:00:00-05:00,18.319738325615678,18.585957527791585,18.28737209845698,18.57867431640625,22200,0.0,0.0
2024-01-16 00:00:00-05:00,18.594858120087903,18.594858120087903,18.384472242648602,18.505849838256836,17700,0.0,0.0
2024-01-17 00:00:00-05:00,18.489666017212624,18.586766241979834,18.327830251426946,18.473482131958008,27300,0.0,0.0
2024-01-18 00:00:00-05:00,18.449206732442725,18.586766673540442,18.327830676975395,18.441116333007812,38100,0.0,0.0
2024-01-19 00:00:00-05:00,18.44111629773281,18.716234636021703,18.319738699117373,18.683868408203125,33900,0.0,0.0
2024-01-22 00:00:00-05:00,18.691958884301098,18.991353027496576,18.667683057806805,18.878068923950195,35300,0.0,0.0
2024-01-23 00:00:00-05:00,18.918529477276923,19.015631252119785,18.84570507537022,18.93471336364746,25100,0.0,0.0
2024-01-24 00:00:00-05:00,18.902349326850022,19.183133460088705,18.891020913752687,19.17746925354004,28200,0.0,0.0
2024-01-25 00:00:00-05:00,19.031812517069,19.614418455737592,19.031812517069,19.58205223083496,49100,0.0,0.0
2024-01-26 00:00:00-05:00,19.58205418458451,19.703430240994603,19.42021841378419,19.671062469482422,37800,0.0,0.0
2024-01-29 00:00:00-05:00,19.622513754177042,19.844228066021095,19.573963636828683,19.630605697631836,33700,0.0,0.0
2024-01-30 00:00:00-05:00,19.646789557224242,19.857175456615142,19.541595835838592,19.751981735229492,27800,0.0,0.0
2024-01-31 00:00:00-05:00,19.671063236195764,20.221303026307034,19.66297129300232,20.091835021972656,137300,0.0,0.0
2024-02-01 00:00:00-05:00,20.002823781504322,20.083741664359664,19.645168560472403,20.027099609375,42500,0.0,0.0
2024-02-02 00:00:00-05:00,19.622515545162095,19.994735717773438,19.622515545162095,19.994735717773438,14000,0.0,0.0
2024-02-05 00:00:00-05:00,19.946182302038597,19.946182302038597,19.707475389586925,19.808622360229492,23400,0.0,0.0
2024-02-06 00:00:00-05:00,19.799723588634716,19.84503723828405,19.5593991905473,19.703432083129883,14100,0.0,0.0
2024-02-07 00:00:00-05:00,19.751981768994828,19.865265890637275,19.62251376043763,19.735797882080078,18800,0.0,0.0
2024-02-08 00:00:00-05:00,19.573962241706464,19.727704526248445,19.460676584794122,19.671062469482422,30400,0.0,0.0
2024-02-09 00:00:00-05:00,19.703426878082134,20.002820996568794,19.622509006492756,19.86526107788086,21000,0.0,0.0
2024-02-12 00:00:00-05:00,19.86526576210089,19.93809170936565,19.78434941481151,19.905725479125977,35700,0.0,0.0
2024-02-13 00:00:00-05:00,19.557780414762874,19.598238590031766,19.186368994830453,19.274568557739258,30500,0.0,0.0
2024-02-14 00:00:00-05:00,19.533501667953537,19.565869438041723,19.18555585640669,19.282657623291016,22700,0.0,0.0
2024-02-15 00:00:00-05:00,19.315027775808236,19.683202717382947,19.218734728284698,19.33930206298828,38300,0.0,0.0
2024-02-16 00:00:00-05:00,19.36357933824783,19.447733705079614,19.120825644672834,19.17746925354004,16300,0.0,0.0
2024-02-20 00:00:00-05:00,19.29884335034968,19.43640329959368,19.153191457811285,19.315027236938477,23400,0.0,0.0
2024-02-21 00:00:00-05:00,19.290752037027257,19.290752037027257,19.056090303967597,19.080366134643555,19100,0.0,0.0
2024-02-22 00:00:00-05:00,19.177466860631544,19.509228811411944,19.177466860631544,19.347393035888672,32900,0.0,0.0
2024-02-23 00:00:00-05:00,19.371670638747393,19.82480869096579,19.371670638747393,19.622514724731445,25600,0.0,0.0
2024-02-26 00:00:00-05:00,19.65488100582332,19.816715240478516,19.436403168489424,19.816715240478516,20000,0.0,0.0
2024-02-27 00:00:00-05:00,19.719612075289717,19.82480423500042,19.687244307144805,19.736604690551758,19800,0.0,0.0
2024-02-28 00:00:00-05:00,19.873357739139138,19.913817456232696,19.69533961406867,19.889541625976562,43600,0.0,0.0
2024-02-29 00:00:00-05:00,19.84098875329602,19.98664062784367,19.56748635122137,19.606327056884766,70900,0.0,0.0
2024-03-01 00:00:00-05:00,19.800529384818333,19.93808931945399,19.646787108692756,19.84908103942871,34600,0.0,0.0
2024-03-04 00:00:00-05:00,19.735796900430202,19.929998903606474,19.599855961220907,19.638696670532227,19900,0.0,0.0
2024-03-05 00:00:00-05:00,19.671061880658385,19.822377966849793,19.55373257088954,19.784347534179688,23800,0.0,0.0
2024-03-06 00:00:00-05:00,19.881447265788758,19.946181261889052,19.590143511647316,19.84908103942871,21300,0.0,0.0
2024-03-07 00:00:00-05:00,19.933852499009188,20.12315122322744,19.83920392180525,19.909162521362305,31900,0.413,0.0
2024-03-08 00:00:00-05:00,19.93632507570542,20.147844500484297,19.902580426263917,20.0079288482666,20100,0.0,0.0
2024-03-11 00:00:00-04:00,20.106691431676335,20.106691431676335,19.868835318133257,19.87624168395996,14500,0.0,0.0
2024-03-12 00:00:00-04:00,19.950316398418675,20.147844097039382,19.769249733802347,19.92562484741211,17200,0.0,0.0
2024-03-13 00:00:00-04:00,20.05730843428538,20.11492047454165,19.73632460029846,19.99969482421875,24400,0.0,0.0
2024-03-14 00:00:00-04:00,19.79311582188309,20.007927121022416,19.4729561098356,19.555259704589844,43700,0.0,0.0
2024-03-15 00:00:00-04:00,19.58818086268528,19.950315749957788,19.497648318225067,19.90093421936035,13300,0.0,0.0
2024-03-18 00:00:00-04:00,19.950314554790832,20.131381202674618,19.70916655117279,19.975006103515625,24600,0.0,0.0
2024-03-19 00:00:00-04:00,19.85977832439526,20.139609567474405,19.85977832439526,20.065536499023438,34000,0.0,0.0
2024-03-20 00:00:00-04:00,20.047428477202114,20.188990816816602,19.970063523630063,20.114917755126953,41800,0.0,0.0
2024-03-21 00:00:00-04:00,20.098458366127172,20.258949489615606,20.098458366127172,20.1643009185791,24300,0.0,0.0
2024-03-22 00:00:00-04:00,20.077887365301617,20.263070076165693,20.049081340257274,20.238378524780273,25800,0.0,0.0
2024-03-25 00:00:00-04:00,20.287760152701992,20.287760152701992,19.983238866576244,20.0079288482666,29600,0.0,0.0
2024-03-26 00:00:00-04:00,20.114920851412013,20.18899392450371,19.93138332997213,20.040847778320312,25700,0.0,0.0
2024-03-27 00:00:00-04:00,20.028502409330244,20.28775818055149,19.999696386951268,20.27952766418457,31500,0.0,0.0
2024-03-28 00:00:00-04:00,20.279528733663856,20.370062848663963,19.91739541328455,20.07377052307129,37900,0.0,0.0
2024-04-01 00:00:00-04:00,19.932205887863113,20.304216384887695,19.932205887863113,20.304216384887695,26200,0.0,0.0
2024-04-02 00:00:00-04:00,20.1725320074491,20.27129505403009,20.032616383284097,20.106689453125,14700,0.0,0.0
2024-04-03 00:00:00-04:00,20.053195968217526,20.279529696654887,19.99969839137612,20.05731201171875,18800,0.0,0.0
2024-04-04 00:00:00-04:00,20.090229034423828,20.253189479078642,20.024386478092904,20.090229034423828,14900,0.0,0.0
2024-04-05 00:00:00-04:00,20.090230801450904,20.41121309556971,20.079530973030806,20.271297454833984,39000,0.0,0.0
2024-04-08 00:00:00-04:00,20.246605237358747,20.27129521429403,19.917392463135503,19.966773986816406,20500,0.0,0.0
2024-04-09 00:00:00-04:00,20.295166644481544,20.30421974177765,19.85978126525879,19.85978126525879,17000,0.0,0.0
2024-04-10 00:00:00-04:00,19.752786562744767,19.847435143314,19.176662993407206,19.39065170288086,40000,0.0,0.0
2024-04-11 00:00:00-04:00,19.25896868826577,19.25896868826577,18.905064305858552,18.937986373901367,23500,0.0,0.0
2024-04-12 00:00:00-04:00,19.02852030843068,19.2425074694111,18.93798619199317,19.07790184020996,17200,0.0,0.0
2024-04-15 00:00:00-04:00,19.110823406941655,19.110823406941655,18.37832462697507,18.510009765625,44600,0.0,0.0
2024-04-16 00:00:00-04:00,18.33717215237615,18.835106641433235,18.197256507454846,18.63346290588379,23100,0.0,0.0
2024-04-17 00:00:00-04:00,18.82605168550453,19.135511549205646,18.682844161987305,18.682844161987305,29700,0.0,0.0
2024-04-18 00:00:00-04:00,18.839217327012797,18.888600417510382,18.39478050120621,18.41124153137207,28900,0.0,0.0
2024-04-19 00:00:00-04:00,18.584080594348208,18.584080594348208,18.411244459549025,18.477087020874023,27300,0.0,0.0
2024-04-22 00:00:00-04:00,18.600541524153012,19.061439450876296,18.600541524153012,18.699304580688477,8600,0.0,0.0
2024-04-23 00:00:00-04:00,18.80629893948885,19.01452644192216,18.73222586526956,18.855680465698242,32600,0.0,0.0
2024-04-24 00:00:00-04:00,18.896832091085304,18.896832091085304,18.584080321830402,18.83922004699707,21800,0.0,0.0
2024-04-25 00:00:00-04:00,18.658156308318112,18.658156308318112,18.395608606618218,18.551162719726562,37900,0.0,0.0
2024-04-26 00:00:00-04:00,18.551159656167968,18.858972798870845,18.542929139972323,18.666383743286133,39000,0.0,0.0
2024-04-29 00:00:00-04:00,18.666385758961304,18.872143976639784,18.666385758961304,18.793954849243164,17200,0.0,0.0
2024-04-30 00:00:00-04:00,18.621117242801283,18.780785808161486,18.205486366330515,18.28778839111328,118500,0.0,0.0
2024-05-01 00:00:00-04:00,18.419472009415756,18.613707786067526,18.27132743502591,18.37009048461914,52100,0.0,0.0
2024-05-02 00:00:00-04:00,18.37832499069626,18.872145055311925,18.36186395558657,18.551162719726562,22700,0.0,0.0
2024-05-03 00:00:00-04:00,18.756917500950344,18.94209861755371,18.570088083404034,18.94209861755371,14100,0.0,0.0
2024-05-06 00:00:00-04:00,19.044976775936615,19.29764873956976,18.855679625724655,19.23838996887207,15800,0.0,0.0
2024-05-07 00:00:00-04:00,19.27542634084753,19.38653594628444,19.036746098840023,19.102588653564453,17900,0.0,0.0
2024-05-08 00:00:00-04:00,19.012056203765543,19.102588735769768,18.699302890120876,18.88037109375,45700,0.0,0.0
2024-05-09 00:00:00-04:00,18.896831439197623,19.065554662221928,18.527290219286602,18.814529418945312,22400,0.0,0.0
2024-05-10 00:00:00-04:00,18.954440811591795,19.003822326660156,18.49354143825353,19.003822326660156,10500,0.0,0.0
2024-05-13 00:00:00-04:00,18.99559509081613,19.168432778099213,18.940452363309635,19.102588653564453,15600,0.0,0.0
2024-05-14 00:00:00-04:00,19.16843143580891,19.281186194577213,18.929751210515246,19.04497528076172,18900,0.0,0.0
2024-05-15 00:00:00-04:00,19.201357315535706,19.324811935424805,18.970084959761365,19.324811935424805,25800,0.0,0.0
2024-05-16 00:00:00-04:00,19.349501133926676,19.51410675048828,19.230161002297443,19.51410675048828,21700,0.0,0.0
2024-05-17 00:00:00-04:00,19.34127075378435,19.50587794131522,19.193124598968666,19.333040237426758,20300,0.0,0.0
2024-05-20 00:00:00-04:00,19.2754321038789,19.563493955602812,19.098479890811817,19.46472930908203,20000,0.0,0.0
2024-05-21 00:00:00-04:00,19.341271739273232,19.456495834529523,19.242507107760296,19.35773277282715,39100,0.0,0.0
2024-05-22 00:00:00-04:00,19.201354226262108,19.247443859882186,19.028518100186815,19.086130142211914,7900,0.0,0.0
2024-05-23 00:00:00-04:00,19.14374101158112,19.14374101158112,18.493544417559225,18.617000579833984,37900,0.0,0.0
2024-05-24 00:00:00-04:00,18.67461545655267,18.69107492018859,18.559389792237916,18.59231185913086,19300,0.0,0.0
2024-05-28 00:00:00-04:00,18.579966772485296,18.682845876275778,18.460626635333806,18.50177764892578,28800,0.0,0.0
2024-05-29 00:00:00-04:00,18.39478257293981,18.46967822787638,18.205485414143308,18.27132797241211,39500,0.0,0.0
2024-05-30 00:00:00-04:00,18.36185970099862,18.551158421276604,18.23840510590279,18.419471740722656,24600,0.0,0.0
2024-05-31 00:00:00-04:00,18.419473304153865,18.781608174341685,18.411244357617974,18.699304580688477,32100,0.0,0.0
2024-06-03 00:00:00-04:00,18.74045882668527,18.921525492953744,18.715767275453405,18.756919860839844,27100,0.0,0.0
2024-06-04 00:00:00-04:00,18.851567753077227,19.044979402880315,18.851567753077227,19.0367488861084,26900,0.0,0.0
2024-06-05 00:00:00-04:00,18.855680975635064,19.05320865562502,18.798068931864304,19.028518676757812,20700,0.0,0.0
2024-06-06 00:00:00-04:00,18.84415769328805,19.0943603515625,18.84415769328805,19.0943603515625,21600,0.0,0.0
2024-06-07 00:00:00-04:00,18.923171889440443,19.135513888920887,18.84745207555566,19.07790184020996,15900,0.0,0.0
2024-06-10 00:00:00-04:00,19.180969136144956,19.180969136144956,18.854164135907823,18.946340560913086,14200,0.413,0.0
2024-06-11 00:00:00-04:00,18.72763387053636,18.8876847736881,18.590206725701684,18.678194046020508,23200,0.0,0.0
2024-06-12 00:00:00-04:00,18.778745651245117,19.021755623061118,18.778745651245117,18.778745651245117,17500,0.0,0.0
2024-06-13 00:00:00-04:00,18.69495134546751,18.921201705932617,18.60277651579781,18.921201705932617,18900,0.0,0.0
2024-06-14 00:00:00-04:00,18.921200247243412,18.954719526930006,18.79550614499314,18.8625431060791,12600,0.0,0.0
2024-06-17 00:00:00-04:00,18.896061238337182,19.00499730163059,18.694950350280813,18.80388641357422,19800,0.0,0.0
2024-06-18 00:00:00-04:00,18.854163918376234,19.038515167972495,18.81226641565031,19.021757125854492,12800,0.0,0.0
2024-06-20 00:00:00-04:00,18.979857622239788,18.993265653937055,18.728469414642138,18.879302978515625,22700,0.0,0.0
2024-06-21 00:00:00-04:00,18.946339863548825,18.979857545225126,18.770366840314722,18.896060943603516,17900,0.0,0.0
2024-06-24 00:00:00-04:00,18.93795769618523,19.256382824933645,18.8851662752447,19.248003005981445,25900,0.0,0.0
2024-06-25 00:00:00-04:00,19.3904578540063,19.574810685051844,19.055273067951397,19.440736770629883,30200,0.0,0.0
2024-06-26 00:00:00-04:00,19.440738121653364,19.80944061279297,19.170076168340046,19.80944061279297,31200,0.0,0.0
2024-06-27 00:00:00-04:00,19.809443666731344,19.84296295197733,19.545486487712896,19.70888900756836,18800,0.0,0.0
2024-06-28 00:00:00-04:00,19.600789085174057,19.637658375460898,19.31504249572754,19.31504249572754,40700,0.0,0.0
2024-07-01 00:00:00-04:00,19.315041734618823,19.390458513833384,19.155829954754473,19.306663513183594,22300,0.0,0.0
2024-07-02 00:00:00-04:00,19.432355826355774,19.432355826355774,19.13068873722472,19.248003005981445,8200,0.0,0.0
2024-07-03 00:00:00-04:00,19.428167483336228,19.574811935424805,19.323422131110345,19.574811935424805,6500,0.0,0.0
2024-07-05 00:00:00-04:00,19.683748475961853,19.734025802816237,19.49101739111388,19.70050811767578,9700,0.0,0.0
2024-07-08 00:00:00-04:00,19.48263356616953,19.778434948306153,19.48263356616953,19.683744430541992,13800,0.0,0.0
2024-07-09 00:00:00-04:00,19.566431925563222,19.591569786949645,19.31504212368846,19.35694122314453,13400,0.0,0.0
2024-07-10 00:00:00-04:00,19.32342171112719,19.491014910360956,19.245490825534873,19.340181350708008,15600,0.0,0.0
2024-07-11 00:00:00-04:00,19.382080712291152,19.63347053527832,19.382080712291152,19.63347053527832,28200,0.0,0.0
2024-07-12 00:00:00-04:00,19.616706247295095,19.775919604310538,19.491012164719525,19.641845703125,10400,0.0,0.0
2024-07-15 00:00:00-04:00,19.66698845081465,19.683748092201828,19.53291451629197,19.650230407714844,14500,0.0,0.0
2024-07-16 00:00:00-04:00,19.583193371100602,19.816146951380322,19.583193371100602,19.759164810180664,15000,0.0,0.0
2024-07-17 00:00:00-04:00,19.692124249676727,19.692124249676727,19.608327656616435,19.683744430541992,19000,0.0,0.0
2024-07-18 00:00:00-04:00,19.69045034753319,19.71726641175762,19.566432843216212,19.604141235351562,17200,0.0,0.0
2024-07-19 00:00:00-04:00,19.56643086561458,19.56643086561458,19.331800716232582,19.440736770629883,8200,0.0,0.0
2024-07-22 00:00:00-04:00,19.507776250440383,19.516156070961262,19.25638642967601,19.415599822998047,41600,0.0,0.0
2024-07-23 00:00:00-04:00,19.33179839137344,19.457492471242055,19.296604112941708,19.298280715942383,13700,0.0,0.0
2024-07-24 00:00:00-04:00,19.28152448537463,19.28152448537463,19.063653962579256,19.15583038330078,28000,0.0,0.0
2024-07-25 00:00:00-04:00,19.16421120769535,19.31504317911743,19.16421120769535,19.27314567565918,9200,0.0,0.0
2024-07-26 00:00:00-04:00,19.315042295307922,19.482635498046875,19.315042295307922,19.482635498046875,16700,0.0,0.0
2024-07-29 00:00:00-04:00,19.549673312218484,19.56643295288086,19.31504313780711,19.56643295288086,10700,0.0,0.0
2024-07-30 00:00:00-04:00,19.59994888305664,19.59994888305664,19.44073710586458,19.59994888305664,10600,0.0,0.0
2024-07-31 00:00:00-04:00,19.650228111223697,19.692125611507777,19.180967796948654,19.214487075805664,51600,0.0,0.0
2024-08-01 00:00:00-04:00,19.30666635304079,19.725647811067326,19.214489920822974,19.717267990112305,25700,0.0,0.0
2024-08-02 00:00:00-04:00,19.66698708524491,19.734024047851562,19.532913160031597,19.734024047851562,29000,0.0,0.0
2024-08-05 00:00:00-04:00,19.4574968748509,19.541293479823754,19.139071693898817,19.47425651550293,37700,0.0,0.0
2024-08-06 00:00:00-04:00,19.39883902155529,19.95189435655194,19.31504241964638,19.80944061279297,20800,0.0,0.0
2024-08-07 00:00:00-04:00,19.96027380184538,19.96027380184538,19.702180784263195,19.85133934020996,26600,0.0,0.0
2024-08-08 00:00:00-04:00,19.65860849164454,19.868099212646484,19.583193302508214,19.868099212646484,21200,0.0,0.0
2024-08-09 00:00:00-04:00,19.8303888424794,19.8303888424794,19.423976405545968,19.591567993164062,61000,0.0,0.0
2024-08-12 00:00:00-04:00,19.41559938349407,19.62927920793382,19.36532205979424,19.56643295288086,27000,0.0,0.0
2024-08-13 00:00:00-04:00,19.599952241422947,19.700508495346845,19.532915271569493,19.65860939025879,23200,0.0,0.0
2024-08-14 00:00:00-04:00,19.57481277321205,19.77592366629867,19.56643295288086,19.56643295288086,28200,0.0,0.0
2024-08-15 00:00:00-04:00,19.558054808842382,19.734026256017696,19.348564077469423,19.54967498779297,26300,0.0,0.0
2024-08-16 00:00:00-04:00,19.616712571429385,19.784305801084344,19.616712571429385,19.70888900756836,13600,0.0,0.0
2024-08-19 00:00:00-04:00,19.734025135878284,19.964466205938233,19.734025135878284,19.9267578125,21200,0.0,0.0
2024-08-20 00:00:00-04:00,19.884859315861064,19.97703574669523,19.775924841655833,19.90161895751953,14500,0.0,0.0
2024-08-21 00:00:00-04:00,19.96865183920385,20.085966110229492,19.916697919667616,20.085966110229492,19200,0.0,0.0
2024-08-22 00:00:00-04:00,20.08596809408687,20.08596809408687,19.95189417159043,20.069210052490234,21400,0.0,0.0
2024-08-23 00:00:00-04:00,20.052448689844176,20.215851168955393,20.027309232178183,20.194902420043945,34000,0.0,0.0
2024-08-26 00:00:00-04:00,20.119487357434416,20.2016073551962,19.91837647385389,19.977033615112305,22700,0.0,0.0
2024-08-27 00:00:00-04:00,19.909996456437966,20.17814429855233,19.909996456437966,20.14462661743164,12400,0.0,0.0
2024-08-28 00:00:00-04:00,20.11948820115081,20.133733735809134,19.951894991995356,19.96865463256836,21000,0.0,0.0
2024-08-29 00:00:00-04:00,20.136246118371243,20.270320034906028,20.044069701395898,20.1865234375,39800,0.0,0.0
2024-08-30 00:00:00-04:00,20.228422628709634,20.320599053393455,20.060831018169488,20.26194190979004,52700,0.0,0.0
2024-09-03 00:00:00-04:00,20.40439567053264,20.40439567053264,20.23680246160068,20.35411834716797,28500,0.0,0.0
2024-09-04 00:00:00-04:00,20.41277403880508,20.613884916245624,20.38176886582056,20.56779670715332,51300,0.0,0.0
2024-09-05 00:00:00-04:00,20.379255285648924,20.764719009399414,20.379255285648924,20.764719009399414,41900,0.0,0.0
2024-09-06 00:00:00-04:00,20.69768377861782,20.773100565692843,20.546850204467773,20.546850204467773,33400,0.0,0.0
2024-09-09 00:00:00-04:00,20.5108142205971,20.93230971333455,20.455508690293048,20.88203239440918,24800,0.0,0.0
2024-09-10 00:00:00-04:00,21.055004023615236,21.055004023615236,20.71417060031933,20.918670654296875,30500,0.413,0.0
2024-09-11 00:00:00-04:00,20.97832016310782,21.14873608032231,20.76359418965545,21.10613250732422,29800,0.0,0.0
2024-09-12 00:00:00-04:00,20.969799204130606,21.27654850638554,20.969799204130606,21.24246597290039,31100,0.0,0.0
2024-09-13 00:00:00-04:00,21.26802563930861,21.30210979508731,21.131692266637813,21.259506225585938,24000,0.0,0.0
2024-09-16 00:00:00-04:00,21.0890903487084,21.259507890503983,21.0890903487084,21.20838165283203,10400,0.0,0.0
2024-09-17 00:00:00-04:00,21.24246597290039,21.39584143663893,21.020923816969407,21.24246597290039,32800,0.0,0.0
2024-09-18 00:00:00-04:00,21.24246692900393,21.35323719934402,21.152998446203604,21.18282127380371,16700,0.0,0.0
2024-09-19 00:00:00-04:00,21.404359799244872,21.57477569580078,21.29188468993364,21.57477569580078,24200,0.0,0.0
2024-09-20 00:00:00-04:00,21.702586135288577,21.702586135288577,21.14873167555714,21.523649215698242,14100,0.0,0.0
2024-09-23 00:00:00-04:00,21.38987786180735,21.711112783864877,21.285070531629433,21.48957061767578,19400,0.0,0.0
2024-09-24 00:00:00-04:00,21.549218052275187,21.685551443947677,21.3021127641049,21.642946243286133,23500,0.0,0.0
2024-09-25 00:00:00-04:00,21.71963118559053,21.71963118559053,21.471674312866867,21.600339889526367,38500,0.0,0.0
2024-09-26 00:00:00-04:00,21.70088464229034,21.70088464229034,21.2509842081478,21.370275497436523,34000,0.0,0.0
2024-09-27 00:00:00-04:00,21.361756277933832,21.438444006213157,21.21690186065312,21.233943939208984,32300,0.0,0.0
2024-09-30 00:00:00-04:00,21.52109643668637,21.566256482447496,20.986838809630196,21.557735443115234,177100,0.0,0.0
2024-10-01 00:00:00-04:00,21.515132742184587,21.515132742184587,21.23394493373126,21.361757278442383,27000,0.0,0.0
2024-10-02 00:00:00-04:00,21.302112806348113,21.591821670532227,21.276549685900495,21.591821670532227,12900,0.0,0.0
2024-10-03 00:00:00-04:00,21.56625620431937,21.61312110743139,21.4290712108499,21.51087188720703,27500,0.0,0.0
2024-10-04 00:00:00-04:00,21.395839609025856,21.42992213959971,21.302109805809256,21.37879753112793,18300,0.0,0.0
2024-10-07 00:00:00-04:00,21.34471411740882,21.387319313634865,21.174298208170818,21.216901779174805,18600,0.0,0.0
2024-10-08 00:00:00-04:00,21.157255184611273,21.276546478271484,20.989394131945133,21.276546478271484,25600,0.0,0.0
2024-10-09 00:00:00-04:00,21.21690285386992,21.344715198577987,21.174299280707945,21.24246597290039,12400,0.0,0.0
2024-10-10 00:00:00-04:00,21.182818371656598,21.289328919985167,21.01240084424209,21.174297332763672,17400,0.0,0.0
2024-10-11 00:00:00-04:00,21.242466013647203,21.42992401123047,21.176002554129347,21.42992401123047,8000,0.0,0.0
2024-10-14 00:00:00-04:00,21.4299237370102,21.502351760864258,21.2509867814098,21.502351760864258,11500,0.0,0.0
2024-10-15 00:00:00-04:00,21.421403922327,21.736675904079004,21.421403922327,21.48957061767578,12300,0.0,0.0
2024-10-16 00:00:00-04:00,21.515132782655375,21.600341554363787,21.21690289428701,21.310632705688477,49500,0.0,0.0
2024-10-17 00:00:00-04:00,21.233944973673122,21.38732043770383,21.157257241657767,21.310632705688477,12000,0.0,0.0
2024-10-18 00:00:00-04:00,21.40947284171998,21.40947284171998,21.259507100741903,21.30211067199707,12900,0.0,0.0
2024-10-21 00:00:00-04:00,21.259506849048975,21.259506849048975,20.9783190565165,21.13169288635254,24600,0.0,0.0
2024-10-22 00:00:00-04:00,21.21690273225185,21.25950793039175,21.003881617218756,21.157257080078125,13400,0.0,0.0
2024-10-23 00:00:00-04:00,21.170037620891335,21.170037620891335,20.74825672735479,20.935714721679688,24000,0.0,0.0
2024-10-24 00:00:00-04:00,20.944235761224743,21.13169375554964,20.935714721679688,20.935714721679688,9400,0.0,0.0
2024-10-25 00:00:00-04:00,21.02092476310154,21.199861728702192,21.02092476310154,21.18282127380371,18000,0.0,0.0
2024-10-28 00:00:00-04:00,21.19986081461728,21.208381854310225,20.99536073765312,21.191341400146484,19300,0.0,0.0
2024-10-29 00:00:00-04:00,21.116354789098637,21.127432302113817,21.063525323419142,21.089088439941406,9900,0.0,0.0
2024-10-30 00:00:00-04:00,21.185377267683013,21.395841914209637,21.18026431871837,21.39158058166504,15600,0.0,0.0
2024-10-31 00:00:00-04:00,21.268026263021493,21.404361264912495,21.12317347238002,21.13169288635254,39000,0.0,0.0
2024-11-01 00:00:00-04:00,21.0976114279044,21.255246597966693,21.04648681535865,21.157257080078125,19300,0.0,0.0
2024-11-04 00:00:00-05:00,21.29358946961927,21.302110508849456,21.165777131610582,21.26802635192871,15000,0.0,0.0
2024-11-05 00:00:00-05:00,21.071197909223496,21.472530285195983,21.071197909223496,21.455488204956055,30700,0.0,0.0
2024-11-06 00:00:00-05:00,21.2680254394069,21.455485043983785,21.2680254394069,21.276546478271484,7400,0.0,0.0
2024-11-07 00:00:00-05:00,21.361756484924847,21.42140213522626,21.302110834623434,21.33619499206543,5500,0.0,0.0
2024-11-08 00:00:00-05:00,21.5066089786292,21.64294234575031,21.36175457291028,21.625900268554688,11600,0.0,0.0
2024-11-11 00:00:00-05:00,21.52365193198286,21.52365193198286,21.15725538347184,21.259506225585938,15100,0.0,0.0
2024-11-12 00:00:00-05:00,21.140215917717168,21.302112427226305,20.91867375344735,21.02944564819336,31300,0.0,0.0
2024-11-13 00:00:00-05:00,21.055004023615236,21.148733824479844,20.884588124578265,20.918670654296875,23300,0.0,0.0
2024-11-14 00:00:00-05:00,20.910150142408167,20.916966322949452,20.731211588813437,20.773815155029297,11400,0.0,0.0
2024-11-15 00:00:00-05:00,20.474734775094294,20.96553555472918,20.474734775094294,20.918670654296875,10200,0.0,0.0
2024-11-18 00:00:00-05:00,20.97832176736952,21.245023990257135,20.535237423328308,20.680091857910156,22000,0.0,0.0
2024-11-19 00:00:00-05:00,20.735471806317758,20.735471806317758,20.100669877860312,20.219961166381836,37700,0.0,0.0
2024-11-20 00:00:00-05:00,20.194403378373394,20.194403378373394,19.819485741857793,19.89617347717285,45900,0.0,0.0
2024-11-21 00:00:00-05:00,19.982232208605694,20.254047350601937,19.874870038174528,20.185880661010742,20600,0.0,0.0
2024-11-22 00:00:00-05:00,20.15179654658292,20.33925616227507,20.09215089621617,20.254047393798828,16400,0.0,0.0
2024-11-25 00:00:00-05:00,20.45002568589166,20.633223962678866,20.424462568704367,20.535234451293945,19600,0.0,0.0
2024-11-26 00:00:00-05:00,20.45002458146567,20.60340002586217,20.16031576987715,20.271087646484375,26600,0.0,0.0
2024-11-27 00:00:00-05:00,20.441503475363103,20.611920996401352,20.331584840634424,20.373336791992188,9800,0.0,0.0
2024-11-29 00:00:00-05:00,20.398900739143695,20.633223621205495,20.184174783901344,20.347774505615234,104100,0.0,0.0
2024-12-02 00:00:00-05:00,20.39037951073731,20.46280590306326,19.989898811262616,20.07510757446289,98900,0.0,0.0
2024-12-03 00:00:00-05:00,20.1347534216772,20.236152647254226,20.023983166068966,20.058067321777344,33400,0.0,0.0
2024-12-04 00:00:00-05:00,20.041026285219257,20.288129926056076,20.023984206479593,20.254047393798828,35300,0.0,0.0
2024-12-05 00:00:00-05:00,20.34777466972306,20.389528248341318,20.194400843566676,20.381858825683594,20500,0.0,0.0
2024-12-06 00:00:00-05:00,20.424462230685933,20.424462230685933,20.2455252890023,20.347774505615234,18700,0.0,0.0
2024-12-09 00:00:00-05:00,20.43724639490512,20.44150610212859,20.092151601807316,20.14327621459961,32100,0.0,0.0
2024-12-10 00:00:00-05:00,20.232599421188265,20.380896246814643,19.98110204509699,20.24127197265625,37700,0.413,0.0
2024-12-11 00:00:00-05:00,20.47542731834313,20.50144332042925,20.08517074584961,20.08517074584961,25800,0.0,0.0
2024-12-12 00:00:00-05:00,20.128531105284424,20.128531105284424,19.81632751299285,19.903051376342773,38000,0.0,0.0
2024-12-13 00:00:00-05:00,19.865759755312514,19.94641299995009,19.51279532603813,19.686243057250977,62100,0.0,0.0
2024-12-16 00:00:00-05:00,19.564828013629633,19.894378355769213,19.37403684205203,19.634206771850586,48000,0.0,0.0
2024-12-17 00:00:00-05:00,19.651553030131097,19.920395527275897,19.608191923989093,19.825000762939453,33700,0.0,0.0
2024-12-18 00:00:00-05:00,19.82500006603261,19.955085034005926,19.348019644636974,19.530139923095703,49100,0.0,0.0
2024-12-19 00:00:00-05:00,19.51279384294928,19.51279384294928,19.087848753308343,19.478103637695312,55600,0.0,0.0
2024-12-20 00:00:00-05:00,19.382709205442477,19.746948096096755,19.382709205442477,19.49544906616211,70500,0.0,0.0
2024-12-23 00:00:00-05:00,19.40005568528761,19.426071687389378,19.12253898128076,19.20926284790039,74300,0.0,0.0
2024-12-24 00:00:00-05:00,19.13121167725459,19.47810549222218,18.62821523202154,19.08785057067871,39600,0.0,0.0
2024-12-26 00:00:00-05:00,19.157227746200174,19.573500289666676,18.723610099892557,19.105194091796875,83200,0.0,0.0
2024-12-27 00:00:00-05:00,18.97510962902003,19.28731489912735,18.66290601303295,18.75830078125,94700,0.0,0.0
2024-12-30 00:00:00-05:00,18.836351764240824,19.027144605526896,18.67591368289407,18.849361419677734,131600,0.0,0.0
2024-12-31 00:00:00-05:00,18.923077177473743,18.975110841108684,18.76697453244859,18.836353302001953,238800,0.0,0.0
2025-01-02 00:00:00-05:00,19.035818118697197,19.391384508344345,18.824211472150473,19.295988082885742,47600,0.0,0.0
2025-01-03 00:00:00-05:00,19.295986379535165,19.703586395215126,19.295986379535165,19.564828872680664,62000,0.0,0.0
2025-01-06 00:00:00-05:00,19.52146709687606,19.82499978729286,19.434743234739816,19.772964477539062,46900,0.0,0.0
2025-01-07 00:00:00-05:00,19.68624429386762,19.807656720871197,19.252626592717412,19.39138412475586,60500,0.0,0.0
2025-01-08 00:00:00-05:00,19.29598650004873,19.491114784244044,19.226607738348193,19.313331604003906,26200,0.0,0.0
2025-01-10 00:00:00-05:00,19.243953386185293,19.50585850847794,18.683719414736807,18.72361183166504,69100,0.0,0.0
2025-01-13 00:00:00-05:00,18.723611488587164,18.723611488587164,18.385390228700413,18.576181411743164,56400,0.0,0.0
2025-01-14 00:00:00-05:00,18.62821596404369,19.067037525634902,18.62821596404369,18.7669734954834,47500,0.0,0.0
2025-01-15 00:00:00-05:00,19.027148079438682,19.339351746882066,19.027148079438682,19.33068084716797,30400,0.0,0.0
2025-01-16 00:00:00-05:00,19.50412296792536,19.90305209203197,19.37403799528283,19.452089309692383,27300,0.0,0.0
2025-01-17 00:00:00-05:00,19.52146926700491,19.686244457969202,19.330678072391702,19.400056838989258,27000,0.0,0.0
2025-01-21 00:00:00-05:00,19.452088657648602,19.86836121779909,19.452088657648602,19.79030990600586,32300,0.0,0.0
2025-01-22 00:00:00-05:00,19.75128646749085,19.877036001066138,19.627272106112034,19.67757225036621,23000,0.0,0.0
2025-01-23 00:00:00-05:00,19.642880710378027,19.807655893082604,19.348020553588867,19.348020553588867,38600,0.0,0.0
2025-01-24 00:00:00-05:00,19.551821519515492,19.642880836547572,19.39138343891799,19.599519729614258,27800,0.0,0.0
2025-01-27 00:00:00-05:00,19.599518407386668,19.806787925115056,19.547484751752958,19.772964477539062,27600,0.0,0.0
2025-01-28 00:00:00-05:00,19.755621474995344,19.825000235448666,17.509481830903823,19.16590118408203,168600,0.0,0.0
2025-01-29 00:00:00-05:00,19.122537194759044,19.235278707067746,18.454767288650647,18.714937210083008,74200,0.0,0.0
2025-01-30 00:00:00-05:00,18.688921959865834,18.940421016499652,18.558836982419482,18.871042251586914,101200,0.0,0.0
2025-01-31 00:00:00-05:00,18.931746513125244,18.940419064610623,18.133889971791096,18.368043899536133,68300,0.0,0.0
2025-02-03 00:00:00-05:00,18.385391672252375,18.454770440089842,17.821687322687605,18.047168731689453,33200,0.0,0.0
2025-02-04 00:00:00-05:00,18.08185583568026,18.38365334120965,18.01854770023024,18.342025756835938,56900,0.0,0.0
2025-02-05 00:00:00-05:00,18.177253147617293,18.749630032072652,18.177253147617293,18.63688850402832,37200,0.0,0.0
2025-02-06 00:00:00-05:00,18.56750855606413,18.845023601086645,18.25530330335373,18.688920974731445,33700,0.0,0.0
2025-02-07 00:00:00-05:00,18.35070071590847,18.732284750575595,18.35070071590847,18.498130798339844,21800,0.0,0.0
2025-02-10 00:00:00-05:00,18.713203549542353,18.713203549542353,18.498129884839184,18.68025016784668,8200,0.0,0.0
2025-02-11 00:00:00-05:00,18.71494070207737,18.71494070207737,18.47211418374383,18.697595596313477,32800,0.0,0.0
2025-02-12 00:00:00-05:00,18.63688692167077,18.70626568145353,18.385389537753294,18.654232025146484,22700,0.0,0.0
2025-02-13 00:00:00-05:00,18.58485446507795,18.775645653266725,18.42875183195976,18.732284545898438,38700,0.0,0.0
2025-02-14 00:00:00-05:00,18.671578898534406,19.031480732110687,18.671578898534406,18.905731201171875,60700,0.0,0.0
2025-02-18 00:00:00-05:00,18.85369753993247,18.936952721211732,18.740957664893706,18.905731201171875,21000,0.0,0.0
2025-02-19 00:00:00-05:00,18.801662769438586,18.858033530692357,18.68025034900293,18.819007873535156,31600,0.0,0.0
2025-02-20 00:00:00-05:00,18.714942377303586,18.827682266619906,18.654236155816303,18.801666259765625,22400,0.0,0.0
2025-02-21 00:00:00-05:00,18.87971274890611,18.87971274890611,18.57618006515738,18.61954116821289,46100,0.0,0.0
2025-02-24 00:00:00-05:00,18.701930232644656,18.827678097543338,18.654232025146484,18.654232025146484,34800,0.0,0.0
2025-02-25 00:00:00-05:00,18.680249843006624,18.827678261473537,18.645559635753145,18.662904739379883,53600,0.0,0.0
2025-02-26 00:00:00-05:00,18.747895678581724,18.81033706665039,18.645561870685988,18.81033706665039,21000,0.0,0.0
2025-02-27 00:00:00-05:00,18.714937065883557,18.77564327014203,18.64729348231555,18.726211547851562,8200,0.0,0.0
2025-02-28 00:00:00-05:00,18.706265518428935,18.766971725944785,18.5588354484104,18.645559310913086,32100,0.0,0.0
2025-03-03 00:00:00-05:00,18.73228228162776,18.747892212228678,18.58485221862793,18.58485221862793,11800,0.0,0.0
2025-03-04 00:00:00-05:00,18.584852616592492,18.61954116821289,18.359371241639728,18.61954116821289,29800,0.0,0.0
2025-03-05 00:00:00-05:00,18.563171709555732,18.746157082736023,18.38538854384084,18.472110748291016,32600,0.0,0.0
2025-03-06 00:00:00-05:00,18.43829046501651,18.576181229473413,18.272648526699893,18.437423706054688,13600,0.0,0.0
2025-03-07 00:00:00-05:00,18.51547380241564,18.51547380241564,18.31601008238028,18.359371185302734,18000,0.0,0.0
2025-03-10 00:00:00-04:00,18.238196803591208,18.397403693518022,18.052452901462036,18.132057189941406,43200,0.413,0.0
2025-03-11 00:00:00-04:00,18.00823093870228,18.36202687632242,18.00823093870228,18.264732360839844,28000,0.0,0.0
2025-03-12 00:00:00-04:00,18.27357602014082,18.565457856395458,18.15416958435047,18.547767639160156,30400,0.0,0.0
2025-03-13 00:00:00-04:00,18.530965525396123,18.751204203652005,18.485855971684966,18.65390968322754,24700,0.0,0.0
2025-03-14 00:00:00-04:00,18.751200745049335,18.923676136147634,18.600837280778425,18.7158203125,29400,0.0,0.0
2025-03-17 00:00:00-04:00,18.928098598293037,18.928098598293037,18.600838019376308,18.839649200439453,16800,0.0,0.0
2025-03-18 00:00:00-04:00,18.706975658347197,18.919253197699152,18.574302407131213,18.86618423461914,18100,0.0,0.0
2025-03-19 00:00:00-04:00,18.86618423461914,18.91836919297353,18.59199262383519,18.86618423461914,32000,0.0,0.0
2025-03-20 00:00:00-04:00,18.892719921743605,18.901565030265107,18.684864089068245,18.795425415039062,16300,0.0,0.0
2025-03-21 00:00:00-04:00,18.795425856150224,18.8538022241366,18.618527055632487,18.8131160736084,16000,0.0,0.0
2025-03-24 00:00:00-04:00,18.910409342099854,18.96347999572754,18.783043484863878,18.96347999572754,24200,0.0,0.0
2025-03-25 00:00:00-04:00,19.131531264971112,19.131531264971112,18.84849453802499,18.97232437133789,26100,0.0,0.0
2025-03-26 00:00:00-04:00,18.88387538881077,18.88387538881077,18.43278496265657,18.477008819580078,34100,0.0,0.0
2025-03-27 00:00:00-04:00,18.836112126856538,18.836112126856538,17.981694525152964,18.21166229248047,62300,0.0,0.0
2025-03-28 00:00:00-04:00,18.176283708121133,18.264733117950602,17.778263894436773,17.857868194580078,56000,0.0,0.0
2025-03-31 00:00:00-04:00,17.77826174289352,18.017074614422064,17.212186600711195,17.327171325683594,201700,0.0,0.0
2025-04-01 00:00:00-04:00,17.424467086791992,17.654433179214646,17.309482353548574,17.424467086791992,60400,0.0,0.0
2025-04-02 00:00:00-04:00,17.40677462091935,17.636742370683223,17.40677462091935,17.627897262573242,31300,0.0,0.0
2025-04-03 00:00:00-04:00,17.495225388272626,17.601363319859928,17.150272893033883,17.38908576965332,84200,0.0,0.0
2025-04-04 00:00:00-04:00,17.159118367707215,17.689813098055282,16.881389030865588,17.58367347717285,57800,0.0,0.0
2025-04-07 00:00:00-04:00,17.406772811655774,17.672119279247525,16.902613511012426,16.98221778869629,55500,0.0,0.0
2025-04-08 00:00:00-04:00,17.07066947143074,17.15911887695241,16.601890490120446,16.646114349365234,53700,0.0,0.0
2025-04-09 00:00:00-04:00,16.716873743274913,17.327172793192588,16.460372319822746,17.30948257446289,29700,0.0,0.0
2025-04-10 00:00:00-04:00,17.15911669810493,17.26614031336351,16.491327060924164,16.761096954345703,43900,0.0,0.0
2025-04-11 00:00:00-04:00,16.637265779966828,16.80531944680375,16.363074198203652,16.57535171508789,45100,0.0,0.0
2025-04-14 00:00:00-04:00,16.69033858541144,16.967183903946548,16.562087041824668,16.840702056884766,34400,0.0,0.0
2025-04-15 00:00:00-04:00,16.94684101750501,17.123739825433365,16.584199979580745,16.672649383544922,54400,0.0,0.0
2025-04-16 00:00:00-04:00,16.681494046900696,16.79205537714361,16.256937256623583,16.52228546142578,49500,0.0,0.0
2025-04-17 00:00:00-04:00,16.628422142416674,16.71687153736151,16.463907853629262,16.557662963867188,32500,0.0,0.0
2025-04-21 00:00:00-04:00,16.49574821044055,16.759326687908196,16.318851114907932,16.389610290527344,25700,0.0,0.0
2025-04-22 00:00:00-04:00,16.407300294991206,16.619579527975727,16.38518836693964,16.504594802856445,57100,0.0,0.0
2025-04-23 00:00:00-04:00,16.681493397615295,16.80532154281741,16.584198890938232,16.75225257873535,33300,0.0,0.0
2025-04-24 00:00:00-04:00,16.79647573068067,17.150271621460167,16.765518695676953,17.026443481445312,39200,0.0,0.0
2025-04-25 00:00:00-04:00,16.937994895208284,17.159117548375576,16.929149786637755,17.106048583984375,15800,0.0,0.0
2025-04-28 00:00:00-04:00,17.070667859223946,17.15911725639218,16.991063570475728,17.132583618164062,31000,0.0,0.0
2025-04-29 00:00:00-04:00,17.04413407489393,17.919779556586384,17.026443858205536,17.910934448242188,52300,0.0,0.0
2025-04-30 00:00:00-04:00,17.831329772634362,17.85786509709024,17.315671607895126,17.716346740722656,79200,0.0,0.0
2025-05-01 00:00:00-04:00,17.610207336649342,17.774723313549575,17.327170620591737,17.601362228393555,42300,0.0,0.0
2025-05-02 00:00:00-04:00,17.734035560996563,17.778261102482066,17.45011483889684,17.68981170654297,28900,0.0,0.0
2025-05-05 00:00:00-04:00,17.75614960849743,17.90208968138069,17.548293776023748,17.5748291015625,20900,0.0,0.0
2025-05-06 00:00:00-04:00,17.477537011080756,17.645590721994353,17.159119808724924,17.433311462402344,24100,0.0,0.0
2025-05-07 00:00:00-04:00,17.353707899808388,17.55183294854965,17.185654198085288,17.424467086791992,30800,0.0,0.0
2025-05-08 00:00:00-04:00,17.2917901600853,17.512912805032844,17.24756630590855,17.336015701293945,35000,0.0,0.0
2025-05-09 00:00:00-04:00,17.2564131647849,17.40589264128035,16.716873316527252,16.89377212524414,52400,0.0,0.0
2025-05-12 00:00:00-04:00,16.982221162720144,17.468690345633842,16.93887962276552,16.96453094482422,22900,0.0,0.0
2025-05-13 00:00:00-04:00,17.159119518779093,17.45984649658203,16.76994313214609,17.45984649658203,38200,0.0,0.0
2025-05-14 00:00:00-04:00,17.247569159523746,17.486382060466415,17.03529158769655,17.212188720703125,36800,0.0,0.0
2025-05-15 00:00:00-04:00,17.132585377096607,17.38024169015521,17.035290861519528,17.221033096313477,32800,0.0,0.0
2025-05-16 00:00:00-04:00,17.106049030543193,17.327171689482963,17.035289847163746,17.256412506103516,30000,0.0,0.0
2025-05-19 00:00:00-04:00,17.203343257188404,17.601363024510043,17.052979784102813,17.415620803833008,43000,0.0,0.0
2025-05-20 00:00:00-04:00,17.532372663127827,17.65443110760528,17.267910169545498,17.51291275024414,35500,0.0,0.0
2025-05-21 00:00:00-04:00,17.282946655941675,17.459843758831713,17.0706674332226,17.24756622314453,58100,0.0,0.0
2025-05-22 00:00:00-04:00,17.15911974950437,17.32805746469883,17.045020702262565,17.212188720703125,35100,0.0,0.0
2025-05-23 00:00:00-04:00,17.20334243774414,17.327170578963877,17.15911689657145,17.20334243774414,28400,0.0,0.0
2025-05-27 00:00:00-04:00,17.247569653028815,17.46869234088816,17.247569653028815,17.45100212097168,36400,0.0,0.0
2025-05-28 00:00:00-04:00,17.35370899189544,17.7428837012804,17.337786782020654,17.477537155151367,48400,0.0,0.0
2025-05-29 00:00:00-04:00,17.41738969728256,17.937471315636504,17.41738969728256,17.849021911621094,59800,0.0,0.0
2025-05-30 00:00:00-04:00,17.910935704071072,18.50796621939396,17.742882007812053,18.273576736450195,122600,0.0,0.0
2025-06-02 00:00:00-04:00,18.211663389798108,18.441631170981992,18.017076045888103,18.39740562438965,35800,0.0,0.0
2025-06-03 00:00:00-04:00,18.477009626601845,18.547768812989215,18.264732067439734,18.423940658569336,17600,0.0,0.0
2025-06-04 00:00:00-04:00,18.36202440801256,18.538921509527235,18.36202440801256,18.532730102539062,21500,0.0,0.0
2025-06-05 00:00:00-04:00,18.406251670798074,18.901567695657,18.406251670798074,18.65390968322754,35200,0.0,0.0
2025-06-06 00:00:00-04:00,18.8042708793457,18.928099026925675,18.574303114531475,18.59199333190918,39500,0.0,0.0
2025-06-09 00:00:00-04:00,18.817535722674585,18.920137623064598,18.708744102587588,18.768888473510742,26500,0.0,0.0
2025-06-10 00:00:00-04:00,18.924945398918737,18.924945398918737,18.338615200710727,18.482942581176758,67300,0.413,0.0
2025-06-11 00:00:00-04:00,18.455879393406814,18.546084430664152,17.976894069401133,18.23036766052246,39600,0.0,0.0
2025-06-12 00:00:00-04:00,18.609229475078006,18.609229475078006,17.607958441557862,17.74326515197754,32400,0.0,0.0
2025-06-13 00:00:00-04:00,17.770326097797252,17.770326097797252,17.490690296741356,17.734243392944336,24500,0.0,0.0
2025-06-16 00:00:00-04:00,17.765817078579154,17.8605316096586,17.59893884946037,17.833471298217773,14600,0.0,0.0
2025-06-17 00:00:00-04:00,17.76581598362779,17.815428845569244,17.635018751330897,17.74326515197754,19100,0.0,0.0
2025-06-18 00:00:00-04:00,17.69816294237329,17.950735001888823,17.69816294237329,17.851511001586914,26900,0.0,0.0
2025-06-20 00:00:00-04:00,17.797386281305947,18.20330810546875,17.797386281305947,18.20330810546875,43100,0.0,0.0
2025-06-23 00:00:00-04:00,18.06800027436531,18.212327642704736,17.842488546270218,18.031917572021484,28300,0.0,0.0
2025-06-24 00:00:00-04:00,18.19428961455605,18.39273935213833,17.039668736441605,17.165956497192383,86700,0.0,0.0
2025-06-25 00:00:00-04:00,17.535794856622157,17.535794856622157,16.949464627491732,17.03064727783203,96000,0.0,0.0
2025-06-26 00:00:00-04:00,17.220078050007874,17.44558980894405,16.917891398363942,17.03064727783203,62600,0.0,0.0
2025-06-27 00:00:00-04:00,17.04868569788853,17.40950410599643,16.868277354093525,17.183992385864258,29400,0.0,0.0
2025-06-30 00:00:00-04:00,17.229098301964807,17.26969048639306,16.507459658853456,16.58864402770996,129600,0.0,0.0
2025-07-01 00:00:00-04:00,16.940441450078197,17.09378949233968,16.489417998781825,16.935930252075195,92400,0.0,0.0
2025-07-02 00:00:00-04:00,16.868279247216254,17.274199356699743,16.82317586581715,17.265178680419922,40800,0.0,0.0
2025-07-03 00:00:00-04:00,17.111830624699117,17.301261385539206,16.91338090809728,17.265178680419922,41100,0.0,0.0
2025-07-07 00:00:00-04:00,17.265180413804163,17.265180413804163,16.525502089777603,16.597665786743164,60600,0.0,0.0
2025-07-08 00:00:00-04:00,16.59766521851556,16.93142338087884,16.5525635546505,16.624727249145508,75700,0.0,0.0
2025-07-09 00:00:00-04:00,16.66080616874216,16.949462631421827,16.66080616874216,16.931421279907227,22200,0.0,0.0
2025-07-10 00:00:00-04:00,16.76905188336704,17.048685938532998,16.561581510841265,16.633745193481445,52900,0.0,0.0
2025-07-11 00:00:00-04:00,16.678848394948126,16.678848394948126,15.993292486102407,16.20978355407715,78600,0.0,0.0
2025-07-14 00:00:00-04:00,16.14664002722646,16.44070752501127,15.001039990191009,15.352839469909668,160800,0.0,0.0
2025-07-15 00:00:00-04:00,15.379900024496923,15.821904550237551,15.352839716749811,15.542268753051758,101500,0.0,0.0
2025-07-16 00:00:00-04:00,15.488146168023913,15.731699256940367,14.929779575119154,15.352839469909668,121600,0.0,0.0
2025-07-17 00:00:00-04:00,15.325778815615635,15.46108552585642,15.100267058374937,15.235573768615723,91800,0.0,0.0
2025-07-18 00:00:00-04:00,15.280675473387626,15.289696149148275,14.96495870383687,15.172429084777832,120000,0.0,0.0
2025-07-21 00:00:00-04:00,15.163408375944508,15.163408375944508,13.60286760363367,13.801318168640137,321600,0.0,0.0
2025-07-22 00:00:00-04:00,13.693072884333182,14.162136847848709,13.638949689182658,13.666010856628418,220100,0.0,0.0
2025-07-23 00:00:00-04:00,13.647970835703038,13.78147357466586,12.646699003093323,13.061639785766602,334200,0.0,0.0
2025-07-24 00:00:00-04:00,12.944374532599433,13.882503359236852,12.89927201145879,13.792298316955566,307200,0.0,0.0
2025-07-25 00:00:00-04:00,13.70209338598773,14.712385910554007,13.70209338598773,14.604141235351562,339100,0.0,0.0
2025-07-28 00:00:00-04:00,15.190471132430522,15.190471132430522,14.441772215166035,15.154388427734375,229600,0.0,0.0
2025-07-29 00:00:00-04:00,15.109286074971276,15.199491112059775,14.955938028076222,15.172429084777832,299600,0.0,0.0
2025-07-30 00:00:00-04:00,15.136347949981204,15.154387580803041,14.755683351094065,14.910836219787598,162500,0.0,0.0
2025-07-31 00:00:00-04:00,14.883775273521158,14.973980316252176,14.601434814571997,14.9198579788208,522100,0.0,0.0
2025-08-01 00:00:00-04:00,14.766509922333494,15.137250600541456,13.981728287247149,14.9198579788208,41300,0.0,0.0
2025-08-04 00:00:00-04:00,14.847691714241959,15.443044273817158,14.847691714241959,15.415982246398926,78000,0.0,0.0
2025-08-05 00:00:00-04:00,15.48814582824707,16.0023123021123,15.154387707737056,15.48814582824707,64300,0.0,0.0
2025-08-06 00:00:00-04:00,15.488146394069746,15.542268730001744,15.361860370055735,15.461084365844727,39000,0.0,0.0
2025-08-07 00:00:00-04:00,15.253613522925507,15.485439557535937,15.253613522925507,15.415982246398926,38100,0.0,0.0
2025-08-08 00:00:00-04:00,15.352839575587042,15.352839575587042,15.109286484994154,15.280675888061523,39900,0.0,0.0
2025-08-11 00:00:00-04:00,15.360054803331638,15.360054803331638,15.15799717468717,15.316756248474121,30800,0.0,0.0
2025-08-12 00:00:00-04:00,15.213923242997316,15.542268623706184,15.213923242997316,15.533247947692871,51100,0.0,0.0
2025-08-13 00:00:00-04:00,15.560311827743304,16.05643702389884,15.560311827743304,15.930150985717773,97500,0.0,0.0
2025-08-14 00:00:00-04:00,15.885045942836086,15.993290603824926,15.52422581815898,15.722677230834961,43700,0.0,0.0
2025-08-15 00:00:00-04:00,15.56031066171769,15.918422740591835,15.551289985306695,15.740720748901367,69500,0.0,0.0
2025-08-18 00:00:00-04:00,15.740719608338644,16.173701721584134,15.740719608338644,16.137619018554688,45700,0.0,0.0
2025-08-19 00:00:00-04:00,16.14664117960743,16.534521670264393,16.10153951718979,16.50745964050293,66400,0.0,0.0
2025-08-20 00:00:00-04:00,16.426274964284758,16.597664375196512,16.37756537624759,16.552562713623047,41300,0.0,0.0
2025-08-21 00:00:00-04:00,16.373053055800238,16.462356541859265,16.2458654842093,16.38117218017578,39000,0.0,0.0
2025-08-22 00:00:00-04:00,16.354109920462765,16.67884736258376,16.354109920462765,16.44431495666504,63700,0.0,0.0
2025-08-25 00:00:00-04:00,16.480398413687688,16.53452074967913,16.327050361280225,16.417255401611328,71700,0.0,0.0
2025-08-26 00:00:00-04:00,16.453335546101034,16.507457879331543,16.281946150266805,16.385683059692383,36000,0.0,0.0
2025-08-27 00:00:00-04:00,16.354110717773438,16.525500122861693,16.26390739769145,16.354110717773438,25400,0.0,0.0
2025-08-28 00:00:00-04:00,16.35411064603073,16.49843974266846,16.26390732634445,16.336071014404297,24000,0.0,0.0
2025-08-29 00:00:00-04:00,16.345092515775143,16.39921485442327,16.26390814754389,16.327051162719727,64100,0.0,0.0
2025-09-02 00:00:00-04:00,16.29998720039473,16.390192234457793,16.236844192705963,16.245864868164062,92900,0.0,0.0
2025-09-03 00:00:00-04:00,16.236846224960836,16.50745964050293,16.236846224960836,16.50745964050293,63300,0.0,0.0
2025-09-04 00:00:00-04:00,16.54354128516179,16.642767000734498,16.462356921605583,16.579622268676758,31700,0.0,0.0
2025-09-05 00:00:00-04:00,16.624725624294744,16.801526056346205,16.624725624294744,16.72395133972168,63800,0.0,0.0
2025-09-08 00:00:00-04:00,16.769053094538123,16.86827881052932,16.73026573600529,16.82317543029785,46700,0.0,0.0
2025-09-09 00:00:00-04:00,16.669828476001815,16.669828476001815,16.038396595853378,16.101539611816406,139200,0.0,0.0
2025-09-10 00:00:00-04:00,16.15048014289979,16.302844010518886,15.227067887082061,15.328643798828125,120900,0.413,0.0
2025-09-11 00:00:00-04:00,15.171662999637674,15.31017447986562,14.941732850472484,15.143959999084473,112000,0.0,0.0
2025-09-12 00:00:00-04:00,15.651837747014087,15.651837747014087,14.862318964712575,14.913106918334961,135400,0.0,0.0
2025-09-15 00:00:00-04:00,14.894637665579047,15.046078615521154,14.589912597732026,14.728424072265625,93200,0.0,0.0
2025-09-16 00:00:00-04:00,14.700721823309907,15.13472490934378,14.682253157197247,15.04238510131836,51100,0.0,0.0
2025-09-17 00:00:00-04:00,15.153194459649741,15.341570990199033,14.682254013911038,14.820765495300293,53300,0.0,0.0
2025-09-18 00:00:00-04:00,14.72380774266274,14.820765604220874,14.589913427087046,14.709957122802734,75200,0.0,0.0
2025-09-19 00:00:00-04:00,14.848469167830485,15.707242857071453,14.70995768017497,15.467155456542969,167300,0.0,0.0
2025-09-22 00:00:00-04:00,15.467152985359222,16.252053638362565,15.199362625576795,15.956562042236328,338300,0.0,0.0
2025-09-23 00:00:00-04:00,15.956564935068728,16.0396721817047,15.744178770738383,15.905776977539062,42600,0.0,0.0
2025-09-24 00:00:00-04:00,15.928860944968674,16.06367904581706,15.384047589137786,15.513324737548828,42000,0.0,0.0
2025-09-25 00:00:00-04:00,15.679537727575392,15.68877206033536,15.023915953037534,15.448684692382812,49800,0.0,0.0
2025-09-26 00:00:00-04:00,15.199362991670297,15.48562202342269,15.199362991670297,15.448684692382812,25900,0.0,0.0
2025-09-29 00:00:00-04:00,15.373889970259421,15.670304499290125,15.254770063417109,15.568730354309082,38100,0.0,0.0
2025-09-30 00:00:00-04:00,15.457920236845757,15.627828098156247,15.23630151704108,15.245535850524902,92200,0.0,0.0
2025-10-01 00:00:00-04:00,15.245536097326758,15.393281912921655,15.162428855895996,15.162428855895996,34400,0.0,0.0
2025-10-02 00:00:00-04:00,15.282471980835918,15.282471980835918,14.885406194157074,14.97774600982666,41700,0.0,0.0
2025-10-03 00:00:00-04:00,14.913106428257048,15.143959474394986,14.691487715316903,14.737658500671387,41200,0.0,0.0
2025-10-06 00:00:00-04:00,14.691487677599836,15.042385293139276,14.691487677599836,14.968510627746582,114100,0.0,0.0
2025-10-07 00:00:00-04:00,14.968511158073461,14.977745491574716,14.793064105356704,14.913106918334961,48800,0.0,0.0
2025-10-08 00:00:00-04:00,14.682253657901287,14.774595230344742,14.423698487947915,14.543742179870605,69000,0.0,0.0
2025-10-09 00:00:00-04:00,14.414464275334627,14.654551661191354,14.211314223272327,14.220547676086426,45900,0.0,0.0
2025-10-10 00:00:00-04:00,14.377527227779984,14.377527227779984,13.901970523085772,14.03586483001709,55100,0.0,0.0
2025-10-13 00:00:00-04:00,13.989694595336914,14.128206954881882,13.860417449856351,13.989694595336914,66700,0.0,0.0
2025-10-14 00:00:00-04:00,14.026631581832335,14.10973882459285,13.897354431435568,13.934290885925293,40800,0.0,0.0
2025-10-15 00:00:00-04:00,13.897353754913281,14.236245686343402,13.897353754913281,14.082036018371582,68000,0.0,0.0
2025-10-16 00:00:00-04:00,14.072800962355764,14.774594408092423,13.943523824891004,14.451399803161621,223900,0.0,0.0
2025-10-17 00:00:00-04:00,14.137440896671864,15.300939576937848,14.137440896671864,14.968510627746582,118900,0.0,0.0
2025-10-20 00:00:00-04:00,14.876170628842297,15.306480333907427,14.460634447652145,15.04238510131836,64300,0.0,0.0
2025-10-21 00:00:00-04:00,14.894637540185315,15.162427915128916,14.793063399059243,14.829998970031738,51000,0.0,0.0
2025-10-22 00:00:00-04:00,14.829998989888281,14.91310622627385,14.368293784500224,14.377527236938477,47800,0.0,0.0
2025-10-23 00:00:00-04:00,14.405230426945028,14.497571116991844,14.174377380876258,14.39599609375,41000,0.0,0.0
2025-10-24 00:00:00-04:00,14.469868755338767,14.77459470058763,14.109737692483534,14.479103088378906,851600,0.0,0.0
2025-10-27 00:00:00-04:00,14.460634482107846,14.774594761695388,14.451400149029512,14.719189643859863,57200,0.0,0.0
2025-10-28 00:00:00-04:00,14.85308445253304,15.11625855098032,14.654551568451438,14.774595260620117,95600,0.0,0.0
2025-10-29 00:00:00-04:00,14.774594790888516,14.793063457081674,14.608380317687988,14.608380317687988,51500,0.0,0.0
2025-10-30 00:00:00-04:00,14.543741370465979,14.639776318659486,14.414463352366766,14.451399803161621,109900,0.0,0.0
2025-10-31 00:00:00-04:00,14.432933289210396,14.639777608005536,13.980461506965,14.146675109863281,154500,0.0,0.0
2025-11-03 00:00:00-05:00,14.128206647361786,14.349825361048488,14.100504528309571,14.29442024230957,86200,0.0,0.0
2025-11-04 00:00:00-05:00,14.294420369058576,14.386761940897408,14.13005346317223,14.192845344543457,81200,0.0,0.0
2025-11-05 00:00:00-05:00,14.128206961714708,14.257484107257794,14.100504842046119,14.21131420135498,75800,0.0,0.0
2025-11-06 00:00:00-05:00,15.143959380134906,16.57524931404277,14.756126194586388,16.085840225219727,406700,0.0,0.0
2025-11-07 00:00:00-05:00,15.984264972431157,16.21511802652686,15.550261864788085,15.707242012023926,92000,0.0,0.0
2025-11-10 00:00:00-05:00,15.614900697991027,15.87345675693789,15.153194582116026,15.5040922164917,176200,0.0,0.0
2025-11-11 00:00:00-05:00,15.513324078117492,15.762645791971378,15.402515601695082,15.420984268188477,132000,0.0,0.0
2025-11-12 00:00:00-05:00,15.33787679706232,15.46715393801278,15.190130989899236,15.291705131530762,141300,0.0,0.0
2025-11-13 00:00:00-05:00,15.254770029294832,15.254770029294832,14.774595260620117,14.774595260620117,36200,0.0,0.0
2025-11-14 00:00:00-05:00,14.848468685824972,14.959278929113777,14.774595777388791,14.839234352111816,101800,0.0,0.0
2025-11-17 00:00:00-05:00,14.894637922277543,14.913106588872038,14.793063778545788,14.866936683654785,70200,0.0,0.0
2025-11-18 00:00:00-05:00,14.866936778704261,14.986979589797986,14.857702445347975,14.876171112060547,68300,0.0,0.0
2025-11-19 00:00:00-05:00,14.829999685129799,14.950044259434044,14.516040271648784,14.571444511413574,56400,0.0,0.0
2025-11-20 00:00:00-05:00,14.645318013783655,14.645318013783655,14.377528495671363,14.414464950561523,105500,0.0,0.0
2025-11-21 00:00:00-05:00,14.322123859620094,14.866937214736835,14.312889525992974,14.811532974243164,36000,0.0,0.0
2025-11-24 00:00:00-05:00,14.866936917428404,14.94080982369901,14.811532678042706,14.9038724899292,46300,0.0,0.0
2025-11-25 00:00:00-05:00,14.839233822490977,14.9500440618249,14.77459525007494,14.894638061523438,39500,0.0,0.0
2025-11-26 00:00:00-05:00,14.950044769633418,15.088556254406884,14.811533284859953,14.97774600982666,87900,0.0,0.0
2025-11-28 00:00:00-05:00,15.125491087926752,15.227066993713379,14.957430799915933,15.227066993713379,39600,0.0,0.0
2025-12-01 00:00:00-05:00,15.102406311783785,15.579810608788259,15.074705072622699,15.365578651428223,131300,0.0,0.0
2025-12-02 00:00:00-05:00,15.28247149181307,15.504091973881899,14.931575624197313,15.023917198181152,66500,0.0,0.0
2025-12-03 00:00:00-05:00,14.996213436036708,15.180896574625429,14.996213436036708,15.04238510131836,79800,0.0,0.0
2025-12-04 00:00:00-05:00,15.070086884029479,15.254770029294832,14.756126593839781,14.774595260620117,94600,0.0,0.0
2025-12-05 00:00:00-05:00,14.811531925136133,14.95927773016706,14.497570768493723,14.802297592163086,96700,0.0,0.0
2025-12-08 00:00:00-05:00,14.78382874094975,14.804143216474525,14.331356998554186,14.451399803161621,127000,0.0,0.0
2025-12-09 00:00:00-05:00,14.423698308033392,14.774595046053298,14.345208236625856,14.405230522155762,148300,0.0,0.0
2025-12-10 00:00:00-05:00,14.45550113748013,14.68314661100359,14.406177861091779,14.474472045898438,113300,0.413,0.0
2025-12-11 00:00:00-05:00,14.474473145885097,14.607265896574008,14.412818593422873,14.427046775817871,107600,0.0,0.0
2025-12-12 00:00:00-05:00,14.417560787220495,14.50292806926507,14.360649868912603,14.408075332641602,87300,0.0,0.0
2025-12-15 00:00:00-05:00,14.360650400473416,14.4460167810951,14.351164945543417,14.427046775817871,71200,0.0,0.0
2025-12-16 00:00:00-05:00,14.398590573093609,14.607265143295889,14.276230381805226,14.417560577392578,95900,0.0,0.0
2025-12-17 00:00:00-05:00,14.351164349148808,14.427046176269824,14.29425252651668,14.370134353637695,97000,0.0,0.0
2025-12-18 00:00:00-05:00,14.360650672720928,14.521899791256777,14.332194307391457,14.4555025100708,140100,0.0,0.0
2025-12-19 00:00:00-05:00,14.379620051827338,14.559840072730518,14.370134597130802,14.48395824432373,119900,0.0,0.0
2025-12-22 00:00:00-05:00,14.48395806469002,14.540868982997912,14.37013441890876,14.408075332641602,94800,0.0,0.0
2025-12-23 00:00:00-05:00,14.417560812187752,14.531383553583384,14.32270897998276,14.326502799987793,180200,0.0,0.0
2025-12-24 00:00:00-05:00,14.322709083557129,14.41756091644804,14.194658159342518,14.322709083557129,74600,0.0,0.0
2025-12-26 00:00:00-05:00,14.417561079554531,14.493442908558812,14.00021102003099,14.15197467803955,122500,0.0,0.0
2025-12-29 00:00:00-05:00,14.284768819522611,14.284768819522611,14.095063335942623,14.170945167541504,172700,0.0,0.0
2025-12-30 00:00:00-05:00,14.170944730509053,14.313223838806152,14.033409254196224,14.313223838806152,154600,0.0,0.0
2025-12-31 00:00:00-05:00,14.218370415634602,14.464986801147461,14.095062222878175,14.464986801147461,119300,0.0,0.0
2026-01-02 00:00:00-05:00,14.493443259325671,14.692633291428344,14.398591423066117,14.626236915588379,39200,0.0,0.0
2026-01-05 00:00:00-05:00,14.607265585804251,14.882337440842685,14.607265585804251,14.806455612182617,56700,0.0,0.0
2026-01-06 00:00:00-05:00,14.702118194822832,14.891822764807223,14.67366273547086,14.730573654174805,90000,0.0,0.0
2026-01-07 00:00:00-05:00,14.711603889819086,15.147924860202966,14.578810236369119,15.005645751953125,53300,0.0,0.0
2026-01-08 00:00:00-05:00,14.749544327616762,15.309172573976475,14.749544327616762,14.986675262451172,41300,0.0,0.0
2026-01-09 00:00:00-05:00,15.005646094533622,15.176380666498217,14.89182334808482,14.910794258117676,18700,0.0,0.0
2026-01-12 00:00:00-05:00,15.02935911356082,15.128953673386295,14.796970902718638,14.977190017700195,21300,0.0,0.0
2026-01-13 00:00:00-05:00,14.958220027761502,15.03410185567928,14.796970917290539,14.8538818359375,25800,0.0,0.0
2026-01-14 00:00:00-05:00,14.948734910243335,15.290204048156738,14.897514720472877,15.290204048156738,81800,0.0,0.0
2026-01-15 00:00:00-05:00,15.290204175901552,15.745495157479551,15.280718720972985,15.36608600616455,85000,0.0,0.0
2026-01-16 00:00:00-05:00,15.436276201637304,15.565275132167848,15.214322345638552,15.36608600616455,63700,0.0,0.0
2026-01-20 00:00:00-05:00,15.337629174504618,15.593731022283633,15.223805527992116,15.546303749084473,56600,0.0,0.0
2026-01-21 00:00:00-05:00,15.536817102792163,15.764464378356934,15.536817102792163,15.764464378356934,64300,0.0,0.0
2026-01-22 00:00:00-05:00,15.754981166032941,15.849832100320565,15.72652480024729,15.830862998962402,20300,0.0,0.0
2026-01-23 00:00:00-05:00,15.745493470532312,15.84982984523704,15.745493470532312,15.764464378356934,38800,0.0,0.0
2026-01-26 00:00:00-05:00,15.688582973608968,16.067992094368623,15.688582973608968,16.03005027770996,26900,0.0,0.0
2026-01-27 00:00:00-05:00,15.93519809269797,16.115418109687464,15.93519809269797,16.08696174621582,23600,0.0,0.0
2026-01-28 00:00:00-05:00,16.115418172234314,16.172329090233024,15.925714509183456,15.963654518127441,36900,0.0,0.0
2026-01-29 00:00:00-05:00,15.992110688547864,16.039536151446384,15.887772499172597,16.011079788208008,44500,0.0,0.0
2026-01-30 00:00:00-05:00,16.049021588935293,16.049021588935293,15.840347019570245,15.973139762878418,18800,0.0,0.0
2026-02-02 00:00:00-05:00,15.944683556470972,15.944683556470972,15.593730785943675,15.80240535736084,26700,0.0,0.0
2026-02-03 00:00:00-05:00,15.973140625468329,15.973140625468329,15.593731474694902,15.650642395019531,20500,0.0,0.0
2026-02-04 00:00:00-05:00,15.622186240183595,15.688584425480956,15.479908032877516,15.641157150268555,27400,0.0,0.0
2026-02-05 00:00:00-05:00,15.66012751027153,15.669612964980821,15.555789317634822,15.584245681762695,11200,0.0,0.0
2026-02-06 00:00:00-05:00,15.5557895884921,15.877339814823568,15.5557895884921,15.77394962310791,20500,0.0,0.0
2026-02-09 00:00:00-05:00,15.773948536026376,15.792919444467877,15.605111792893997,15.698066711425781,29800,0.0,0.0
2026-02-10 00:00:00-05:00,15.683839434677358,15.868801269068472,15.683839434677358,15.698066711425781,17400,0.0,0.0
2026-02-11 00:00:00-05:00,15.792920257870612,15.792920257870612,15.584245681762695,15.584245681762695,17100,0.0,0.0
2026-02-12 00:00:00-05:00,15.593731717274027,15.698068104631336,15.527335341001494,15.556737899780273,40800,0.0,0.0
2026-02-13 00:00:00-05:00,15.517848546424913,15.717037658048335,15.460935820962156,15.655383110046387,25900,0.0,0.0
2026-02-17 00:00:00-05:00,15.565274345509339,15.925714377916345,15.565274345509339,15.887772560119629,57300,0.0,0.0
2026-02-18 00:00:00-05:00,15.859316406219753,15.916229133666452,15.745494569657303,15.878287315368652,34200,0.0,0.0
2026-02-19 00:00:00-05:00,15.79292121357981,16.32883767751004,15.79292121357981,16.196044921875,127800,0.0,0.0
2026-02-20 00:00:00-05:00,16.105933140834594,16.40946045702247,16.105933140834594,16.31460952758789,165800,0.0,0.0
2026-02-23 00:00:00-05:00,16.19130084201977,16.33357904900464,16.19130084201977,16.295639038085938,28100,0.0,0.0
2026-02-24 00:00:00-05:00,16.286151885986328,16.32409189295154,16.181813700792596,16.286151885986328,22000,0.0,0.0
2026-02-25 00:00:00-05:00,16.134390423093528,16.39997774445066,16.134390423093528,16.191301345825195,41200,0.0,0.0
2026-02-26 00:00:00-05:00,16.19129978010613,16.381005249754413,16.19129978010613,16.2576961517334,18300,0.0,0.0
2026-02-27 00:00:00-05:00,16.267181809604256,16.305123627674668,15.650641739283746,15.925714492797852,110100,0.0,0.0
2026-03-02 00:00:00-05:00,15.707552735298027,15.968396403749516,15.707552735298027,15.840347290039062,18800,0.0,0.0
2026-03-03 00:00:00-05:00,15.745495796203613,15.745495796203613,15.555790308267843,15.745495796203613,24400,0.0,0.0
2026-03-04 00:00:00-05:00,15.717039430263563,15.821377629544799,15.669613962862428,15.745495796203613,16900,0.0,0.0
2026-03-05 00:00:00-05:00,15.821375655459654,15.86880111694336,15.821375655459654,15.86880111694336,11200,0.0,0.0
2026-03-06 00:00:00-05:00,15.8403466392348,15.849830284244442,15.773948460009532,15.78343391418457,31900,0.0,0.0
2026-03-09 00:00:00-04:00,15.783434067141474,15.783434067141474,15.603215863565445,15.612699508666992,23600,0.0,0.0
2026-03-10 00:00:00-04:00,15.69345359451844,16.131275445610996,15.566972757384903,15.888041496276855,30500,0.413,0.0
2026-03-11 00:00:00-04:00,15.936687936098277,16.053441051172495,15.868582725524902,15.868582725524902,6300,0.0,0.0
2026-03-12 00:00:00-04:00,15.93668707298019,15.93668707298019,15.761560193445305,15.77128791809082,12100,0.0,0.0
2026-03-13 00:00:00-04:00,15.761560732785554,15.761560732785554,15.421032830981169,15.46967887878418,19100,0.0,0.0
2026-03-16 00:00:00-04:00,15.469679199719113,15.581566596569477,15.323739197554632,15.362656593322754,23100,0.0,0.0
2026-03-17 00:00:00-04:00,15.333468142494997,15.362655956144524,15.255633354187012,15.255633354187012,26800,0.0,0.0
2026-03-18 00:00:00-04:00,15.29455126751052,15.328603872568188,14.954023361206055,14.954023361206055,21000,0.0,0.0
2026-03-19 00:00:00-04:00,14.895647439485675,15.031857857042182,14.808083069419988,14.876188278198242,12600,0.0,0.0
2026-03-20 00:00:00-04:00,14.86062143071114,14.934564758647118,14.603766441345215,14.603766441345215,19800,0.0,0.0
2026-03-23 00:00:00-04:00,14.623224312330288,14.769165234039939,14.623224312330288,14.759435653686523,16200,0.0,0.0
2026-03-24 00:00:00-04:00,14.798353047236327,14.866458253982518,14.613495659840726,14.759435653686523,15500,0.0,0.0
2026-03-25 00:00:00-04:00,15.54751308534568,15.54751308534568,14.730247821834851,14.944293022155762,42200,0.0,0.0
2026-03-26 00:00:00-04:00,14.749706586414344,14.934564908104253,14.418908265801988,14.457825660705566,31100,0.0,0.0
2026-03-27 00:00:00-04:00,14.457825270598843,14.525931405740351,14.41890787674535,14.47728443145752,23100,0.0,0.0
2026-03-30 00:00:00-04:00,14.477284531102292,14.710788895830426,14.409179323355886,14.564848899841309,26500,0.0,0.0
2026-03-31 00:00:00-04:00,14.545390156032582,14.878134210066131,14.302156203831823,14.360532760620117,142200,0.0,0.0
2026-04-01 00:00:00-04:00,14.496743079117882,14.963752746582031,14.496743079117882,14.963752746582031,18600,0.0,0.0
2026-04-02 00:00:00-04:00,14.876188494343653,15.304279842384496,14.876188494343653,15.187527656555176,16400,0.0,0.0
2026-04-06 00:00:00-04:00,15.138881721377093,15.722642654881772,15.138881721377093,15.688590049743652,44000,0.0,0.0
2026-04-07 00:00:00-04:00,15.566972948840514,15.946417320635609,15.566972948840514,15.878312110900879,27100,0.0,0.0
2026-04-08 00:00:00-04:00,16.05344112345496,16.05344112345496,15.956147169743003,16.00479507446289,22700,0.0,0.0
2026-04-09 00:00:00-04:00,15.858852657943771,16.024251816715207,15.858852657943771,15.985335350036621,13900,0.0,0.0
2026-04-10 00:00:00-04:00,16.09235944723087,16.09235944723087,15.868582796975023,16.00479507446289,12500,0.0,0.0
2026-04-13 00:00:00-04:00,15.975605964751763,16.05246835343457,15.79074764251709,15.79074764251709,31000,0.0,0.0
2026-04-14 00:00:00-04:00,15.79074744946043,16.012577433429957,15.695400157583752,15.985335350036621,15200,0.0,0.0
2026-04-15 00:00:00-04:00,15.961011958286825,16.102086234436822,15.868581872567367,15.956146240234375,32600,0.0,0.0
2026-04-16 00:00:00-04:00,15.995064805491294,16.024251691339934,15.761560440063477,15.761560440063477,15000,0.0,0.0
2026-04-17 00:00:00-04:00,15.858852533862597,15.868582114388056,15.742101279012557,15.761560440063477,24000,0.0,0.0
2026-04-20 00:00:00-04:00,15.888041297758091,15.888041297758091,15.673021836017178,15.712912559509277,20000,0.0,0.0
2026-04-21 00:00:00-04:00,15.712912437807036,15.839395128108297,15.673995971679688,15.673995971679688,238700,0.0,0.0
2026-04-22 00:00:00-04:00,15.766424398853996,15.889988030982257,15.613673880698654,15.664266586303711,11500,0.0,0.0
2026-04-23 00:00:00-04:00,15.61561897507236,15.781018136650493,15.61561897507236,15.742101669311523,19000,0.0,0.0
2026-04-24 00:00:00-04:00,15.771288458126628,15.849125103777668,15.771288458126628,15.839395523071289,5600,0.0,0.0
2026-04-27 00:00:00-04:00,15.74210130112666,15.839395250790194,15.693453398431023,15.712912559509277,14200,0.0,0.0
2026-04-28 00:00:00-04:00,15.664266781634005,15.746965434045638,15.635078039515196,15.654537200927734,14200,0.0,0.0
2026-04-29 00:00:00-04:00,15.712913125459048,15.712913125459048,15.537785308766326,15.547513961791992,19300,0.0,0.0
2026-04-30 00:00:00-04:00,15.54751337995884,15.810206486963036,15.52805514677179,15.761560440063477,43700,0.0,0.0
2026-05-01 00:00:00-04:00,15.703182756657077,15.737235360198063,15.586431503295898,15.586431503295898,13800,0.0,0.0
2026-05-04 00:00:00-04:00,15.537784570940488,15.54751322350418,15.216715839742188,15.352926254272461,19600,0.0,0.0
2026-05-05 00:00:00-04:00,15.226445002681382,15.459950301450172,15.226445002681382,15.236174583435059,26700,0.0,0.0
2026-05-06 00:00:00-04:00,15.284821099179462,15.557242857033735,15.284821099179462,15.489137649536133,9600,0.0,0.0
2026-05-07 00:00:00-04:00,15.518325854451074,15.56697283011797,15.46967887878418,15.46967887878418,20200,0.0,0.0
2026-05-08 00:00:00-04:00,15.44049067509619,15.528055043515314,15.396708490886628,15.489137649536133,34600,0.0,0.0
2026-05-11 00:00:00-04:00,15.552378262807771,15.566972633682843,15.391843894637471,15.479408264160156,34800,0.0,0.0
2026-05-12 00:00:00-04:00,15.5017858993022,15.557243396414655,15.46967902495961,15.508596420288086,18900,0.0,0.0
2026-05-13 00:00:00-04:00,15.508596078046427,15.52805523921319,15.421032636387617,15.479408264160156,16000,0.0,0.0
2026-05-14 00:00:00-04:00,15.518325951962687,15.557243347167969,15.46967897599011,15.557243347167969,11600,0.0,0.0
2026-05-15 00:00:00-04:00,15.537785015863387,15.542649806216465,15.440491064529596,15.46967887878418,22000,0.0,0.0
2026-05-18 00:00:00-04:00,15.469678781819994,15.60589105512463,15.430761387103189,15.566972732543945,21600,0.0,0.0
2026-05-19 00:00:00-04:00,15.498867942443134,15.498867942443134,15.333468778462638,15.362656593322754,18500,0.0,0.0
2026-05-20 00:00:00-04:00,15.430761361442478,15.430761361442478,15.206986574158948,15.245903968811035,30700,0.0,0.0
2026-05-21 00:00:00-04:00,15.245904191062905,15.299415957438564,14.735113262825072,15.05131721496582,48800,0.0,0.0
2026-05-22 00:00:00-04:00,15.24103945056814,15.24103945056814,14.915105916589638,15.002670288085938,13100,0.0,0.0
2026-05-26 00:00:00-04:00,15.119422446787379,15.187527656555176,15.051317237019582,15.187527656555176,20200,0.0,0.0
2026-05-27 00:00:00-04:00,15.245904290055382,15.260498661306386,14.934565126278503,15.046452522277832,46300,0.0,0.0
2026-05-28 00:00:00-04:00,15.022127957544607,15.046451908637607,14.983210563659668,14.983210563659668,31700,0.0,0.0
2026-05-29 00:00:00-04:00,14.905375647532322,15.012399175692169,14.652413053390529,14.759435653686523,88700,0.0,0.0
2026-06-01 00:00:00-04:00,14.80808340924789,14.915106015193171,14.769166013643797,14.905376434326172,34600,0.0,0.0
2026-06-02 00:00:00-04:00,14.837270636921085,14.934564586013655,14.749706268310547,14.749706268310547,29200,0.0,0.0
2026-06-03 00:00:00-04:00,14.80808338828582,14.817812041275145,14.749706831030366,14.769165992736816,48400,0.0,0.0
2026-06-04 00:00:00-04:00,14.710789118710585,14.876188278198242,14.710789118710585,14.876188278198242,20800,0.0,0.0
2026-06-05 00:00:00-04:00,14.837270980819845,15.012399722100064,14.759436190887277,14.778894424438477,12900,0.0,0.0
2026-06-08 00:00:00-04:00,15.022127879393397,15.080504433849038,14.75943570400265,14.803217887878418,22900,0.0,0.0
2026-06-09 00:00:00-04:00,14.885917515884678,14.895647096304234,14.759435754022025,14.847000122070312,14500,0.0,0.0
2026-06-10 00:00:00-04:00,14.800000190734863,14.989999771118164,14.770000457763672,14.930000305175781,22100,0.413,0.0
2026-06-11 00:00:00-04:00,14.930000305175781,15.050000190734863,14.880000114440918,14.930000305175781,20500,0.0,0.0
2026-06-12 00:00:00-04:00,14.979999542236328,15.020000457763672,14.883000373840332,14.899999618530273,8600,0.0,0.0
2026-06-15 00:00:00-04:00,14.895999908447266,15.069999694824219,14.859999656677246,14.979999542236328,41900,0.0,0.0
2026-06-16 00:00:00-04:00,15.050000190734863,15.052000045776367,15.0,15.029999732971191,20100,0.0,0.0
2026-06-17 00:00:00-04:00,15.0600004196167,15.140000343322754,15.020000457763672,15.09000015258789,19500,0.0,0.0
2026-06-18 00:00:00-04:00,15.100000381469727,15.149999618530273,15.0600004196167,15.149999618530273,7300,0.0,0.0
2026-06-22 00:00:00-04:00,15.130000114440918,15.130000114440918,14.819999694824219,14.819999694824219,31700,0.0,0.0
2026-06-23 00:00:00-04:00,14.739999771118164,14.9399995803833,14.739999771118164,14.779999732971191,18400,0.0,0.0
2026-06-24 00:00:00-04:00,14.829999923706055,14.9399995803833,14.670000076293945,14.850000381469727,31200,0.0,0.0
2026-06-25 00:00:00-04:00,14.989999771118164,14.989999771118164,14.5600004196167,14.59000015258789,59900,0.0,0.0
2026-06-26 00:00:00-04:00,14.569999694824219,14.699999809265137,14.5,14.579999923706055,36100,0.0,0.0
2026-06-29 00:00:00-04:00,14.649999618530273,14.699999809265137,14.609999656677246,14.654999732971191,28900,0.0,0.0
2026-06-30 00:00:00-04:00,14.630000114440918,14.729999542236328,14.5,14.710000038146973,125000,0.0,0.0
2026-07-01 00:00:00-04:00,14.729999542236328,14.949999809265137,14.680000305175781,14.779999732971191,41400,0.0,0.0
2026-07-02 00:00:00-04:00,14.734999656677246,14.890000343322754,14.680000305175781,14.75,30500,0.0,0.0
2026-07-06 00:00:00-04:00,14.821000099182129,14.869999885559082,14.75,14.800000190734863,20200,0.0,0.0
2026-07-07 00:00:00-04:00,14.720000267028809,14.90999984741211,14.699999809265137,14.84000015258789,28200,0.0,0.0
2026-07-08 00:00:00-04:00,14.84000015258789,14.859999656677246,14.699999809265137,14.75,25500,0.0,0.0
2026-07-09 00:00:00-04:00,14.699999809265137,14.829999923706055,14.699999809265137,14.75,29600,0.0,0.0
2026-07-10 00:00:00-04:00,14.755000114440918,14.789999961853027,14.729999542236328,14.770000457763672,10700,0.0,0.0
2026-07-13 00:00:00-04:00,14.779999732971191,14.779999732971191,14.619999885559082,14.640000343322754,12800,0.0,0.0
2026-07-14 00:00:00-04:00,14.550000190734863,14.699999809265137,14.510000228881836,14.550000190734863,46700,0.0,0.0
2026-07-15 00:00:00-04:00,14.600000381469727,14.689000129699707,14.579999923706055,14.649999618530273,20200,0.0,0.0
2026-07-16 00:00:00-04:00,14.569999694824219,14.579999923706055,14.53499984741211,14.550000190734863,11200,0.0,0.0
2026-07-17 00:00:00-04:00,14.5600004196167,14.649999618530273,14.529999732971191,14.569999694824219,32600,0.0,0.0
2026-07-20 00:00:00-04:00,14.569999694824219,14.569999694824219,14.489999771118164,14.539999961853027,20200,0.0,0.0
2026-07-21 00:00:00-04:00,14.482999801635742,14.550000190734863,14.375,14.390000343322754,23800,0.0,0.0
2026-07-22 00:00:00-04:00,14.319999694824219,14.319999694824219,14.130000114440918,14.180000305175781,52400,0.0,0.0
2026-07-23 00:00:00-04:00,14.119999885559082,14.194999694824219,13.444000244140625,13.65999984741211,77300,0.0,0.0
2026-07-24 00:00:00-04:00,13.75,13.975000381469727,13.680000305175781,13.819999694824219,25000,0.0,0.0
2026-07-27 00:00:00-04:00,13.930000305175781,14.0600004196167,13.880000114440918,14.010000228881836,26400,0.0,0.0
2026-07-28 00:00:00-04:00,13.949999809265137,14.0,13.869999885559082,13.9399995803833,40000,0.0,0.0
2026-07-29 00:00:00-04:00,13.859999656677246,13.949999809265137,13.850000381469727,13.880000114440918,37400,0.0,0.0
2026-07-30 00:00:00-04:00,13.850000381469727,13.949999809265137,13.850000381469727,13.90999984741211,14200,0.0,0.0
2026-07-31 00:00:00-04:00,13.899999618530273,14.199999809265137,13.789999961853027,13.949999809265137,90500,0.0,0.0
