Date,Open,High,Low,Close,Volume,Dividends,Stock Splits
2003-05-29 00:00:00-04:00,1.7534392056088366,1.7590591171709307,1.7309591305886924,1.7455711364746094,343000,0.0,0.0
2003-05-30 00:00:00-04:00,1.7421992554135823,1.7624312810685157,1.7410752301676533,1.7556872367858887,267700,0.0,0.0
2003-06-02 00:00:00-04:00,1.7568115491444953,1.7646795127659516,1.7365795201830767,1.7421995401382446,305900,0.0,0.0
2003-06-03 00:00:00-04:00,1.7590569263751008,1.7702969498864238,1.741072974511231,1.760180950164795,298300,0.0,0.0
2003-06-04 00:00:00-04:00,1.7421986149118749,1.7421986149118749,1.7084786202814506,1.7309585809707642,468300,0.0,0.0
2003-06-05 00:00:00-04:00,1.7253386574909992,1.7466945931780178,1.7253386574909992,1.7354545593261719,286800,0.0,0.0
2003-06-06 00:00:00-04:00,1.73545549475345,1.7444475909974977,1.7309595002279086,1.7421995401382446,206000,0.0,0.0
2003-06-09 00:00:00-04:00,1.7422004283788435,1.7444484803842397,1.7253404671104497,1.7298364639282227,213300,0.0,0.0
2003-06-10 00:00:00-04:00,1.7320825907550395,1.7421985997755691,1.726462573833311,1.7388266324996948,213100,0.0,0.0
2003-06-11 00:00:00-04:00,1.7421995401382446,1.7444475909974977,1.7264635057023672,1.7421995401382446,262200,0.0,0.0
2003-06-12 00:00:00-04:00,1.7433229400044474,1.7534389508551889,1.7388269470922209,1.7511909008026123,293800,0.0,0.0
2003-06-13 00:00:00-04:00,1.757935438323528,1.7590593564730792,1.738827436272721,1.7466953992843628,198700,0.0,0.0
2003-06-16 00:00:00-04:00,1.752315554618954,1.7534395800485805,1.7377035456127032,1.7421995401382446,228600,0.0,0.0
2003-06-17 00:00:00-04:00,1.7466960315874713,1.7466960315874713,1.7320840184241977,1.7365800142288208,264700,0.0,0.0
2003-06-18 00:00:00-04:00,1.7399519842840392,1.7422000357828484,1.734332069923007,1.7365800142288208,234100,0.0,0.0
2003-06-19 00:00:00-04:00,1.7410746948258446,1.742198719726161,1.7309586851088266,1.73770272731781,230500,0.0,0.0
2003-06-20 00:00:00-04:00,1.7309595002279086,1.7444475909974977,1.727587531131994,1.7421995401382446,206000,0.0,0.0
2003-06-23 00:00:00-04:00,1.7455723991939185,1.7455723991939185,1.6972404602011135,1.7298364639282227,230000,0.0,0.0
2003-06-24 00:00:00-04:00,1.7298353366017098,1.7298353366017098,1.6927433602295148,1.7084792852401733,217200,0.0,0.0
2003-06-25 00:00:00-04:00,1.7084792852401733,1.7174712730156783,1.697239354117267,1.7084792852401733,183100,0.0,0.0
2003-06-26 00:00:00-04:00,1.7163463835805175,1.7163463835805175,1.698362311014557,1.714098334312439,145000,0.0,0.0
2003-06-27 00:00:00-04:00,1.7185964382957395,1.7399523966305392,1.7096044445555056,1.7242164611816406,189500,0.0,0.0
2003-06-30 00:00:00-04:00,1.7197202444076538,1.7242162407028592,1.7028601779058785,1.7197202444076538,145000,0.0,0.0
2003-07-01 00:00:00-04:00,1.7152234334812837,1.7253394471392307,1.7039833944851304,1.7129753828048706,115800,0.0,0.0
2003-07-02 00:00:00-04:00,1.714098334312439,1.724214341633014,1.7118502850443604,1.714098334312439,139300,0.0,0.0
2003-07-03 00:00:00-04:00,1.7253402665749122,1.7253402665749122,1.7118521704962892,1.7197202444076538,69500,0.0,0.0
2003-07-07 00:00:00-04:00,1.7197191556613793,1.7253391742706299,1.7039831249940656,1.7253391742706299,183800,0.0,0.0
2003-07-08 00:00:00-04:00,1.7219683907075922,1.7298364655407943,1.7152244490711557,1.7287124395370483,208200,0.0,0.0
2003-07-09 00:00:00-04:00,1.7287115039043437,1.733207498292935,1.7163475461339575,1.7219674587249756,162300,0.0,0.0
2003-07-10 00:00:00-04:00,1.7185954897317723,1.7230914841203637,1.715223520738569,1.7219674587249756,103600,0.0,0.0
2003-07-11 00:00:00-04:00,1.7219665966950386,1.7332066306361493,1.7152226620846986,1.7309585809707642,115100,0.0,0.0
2003-07-14 00:00:00-04:00,1.7354563795556743,1.7365804055583725,1.7230924151050533,1.7298364639282227,176400,0.0,0.0
2003-07-15 00:00:00-04:00,1.7309603827379012,1.7343324607459958,1.7163484734749037,1.7298364639282227,157700,0.0,0.0
2003-07-16 00:00:00-04:00,1.7219676428657265,1.7275876632506901,1.699487668518845,1.7051076889038086,247200,0.0,0.0
2003-07-17 00:00:00-04:00,1.7118502850443604,1.7185943256557068,1.7028583023578248,1.714098334312439,204400,0.0,0.0
2003-07-18 00:00:00-04:00,1.7253394303220004,1.7354553366883894,1.7039833778760618,1.7185953855514526,195800,0.0,0.0
2003-07-21 00:00:00-04:00,1.7140989743588937,1.7140989743588937,1.6983629451851607,1.7006109952926636,116600,0.0,0.0
2003-07-22 00:00:00-04:00,1.7096034949102699,1.7096034949102699,1.669139545556007,1.6893714666366577,274400,0.0,0.0
2003-07-23 00:00:00-04:00,1.68937153723046,1.7084795409111244,1.683751517231506,1.7028595209121704,101300,0.0,0.0
2003-07-24 00:00:00-04:00,1.702859266958932,1.707355260848999,1.6893712852887306,1.707355260848999,131700,0.0,0.0
2003-07-25 00:00:00-04:00,1.7028589382072374,1.7084789562830656,1.690494984194759,1.7006109952926636,101900,0.0,0.0
2003-07-28 00:00:00-04:00,1.697238818070195,1.7028587282602101,1.6702627560707095,1.6904947757720947,171400,0.0,0.0
2003-07-29 00:00:00-04:00,1.6927435903040293,1.6983635030328557,1.6691395923868808,1.6770075559616089,158300,0.0,0.0
2003-07-30 00:00:00-04:00,1.6848742961883545,1.6859983207951772,1.6702622978783166,1.6848742961883545,100600,0.0,0.0
2003-07-31 00:00:00-04:00,1.6916193409595723,1.6916193409595723,1.6713873147964478,1.6713873147964478,133500,0.0,0.0
2003-08-01 00:00:00-04:00,1.6725108059010483,1.6961147931550256,1.6725108059010483,1.6904947757720947,132200,0.0,0.0
2003-08-04 00:00:00-04:00,1.6859991542732424,1.6927431980552288,1.670263123577234,1.68712317943573,142800,0.0,0.0
2003-08-05 00:00:00-04:00,1.6747593473603204,1.679255341435656,1.6522793769836426,1.6522793769836426,155400,0.0,0.0
2003-08-06 00:00:00-04:00,1.6466592379460647,1.6545273074009288,1.5904592624913465,1.6534032821655273,259600,0.0,0.0
2003-08-07 00:00:00-04:00,1.6522783329406965,1.6859983207951772,1.6522783329406965,1.6848742961883545,127400,0.0,0.0
2003-08-08 00:00:00-04:00,1.6848760829200728,1.6871241345176713,1.6646441545066863,1.686000108718872,131400,0.0,0.0
2003-08-11 00:00:00-04:00,1.6859983207951772,1.6916183366364053,1.6747582891127215,1.6848742961883545,151600,0.0,0.0
2003-08-12 00:00:00-04:00,1.6848754722639618,1.6893714666366577,1.6815035032826804,1.6893714666366577,151600,0.0,0.0
2003-08-13 00:00:00-04:00,1.6871235552099344,1.688247580622777,1.6635195575050568,1.6803795099258423,234100,0.0,0.0
2003-08-14 00:00:00-04:00,1.6783389714531802,1.6942043613903341,1.6613402004242626,1.6919379234313965,197000,0.122,0.0
2003-08-15 00:00:00-04:00,1.69420516866801,1.7044044145302617,1.6772064976142,1.688538908958435,123900,0.0,0.0
2003-08-18 00:00:00-04:00,1.6953381354639991,1.697604574092782,1.672673208801692,1.684005618095398,127600,0.0,0.0
2003-08-19 00:00:00-04:00,1.6896708802573095,1.6896708802573095,1.6658726942786926,1.677205204963684,175600,0.0,0.0
2003-08-20 00:00:00-04:00,1.677205135833399,1.6828713909423456,1.6715388807244524,1.6783384084701538,96300,0.0,0.0
2003-08-21 00:00:00-04:00,1.6806059553459078,1.687405487581231,1.6772062432656956,1.6851389408111572,130600,0.0,0.0
2003-08-22 00:00:00-04:00,1.6828725021159818,1.686272214196194,1.6715399844154095,1.6851389408111572,125200,0.0,0.0
2003-08-25 00:00:00-04:00,1.6783398964189133,1.6874058694008247,1.665874102512593,1.6681406497955322,111600,0.0,0.0
2003-08-26 00:00:00-04:00,1.668140806838066,1.6772067806734687,1.6375430640873827,1.6692739725112915,235500,0.0,0.0
2003-08-27 00:00:00-04:00,1.6658739781950502,1.688538908958435,1.6545415668508152,1.688538908958435,116500,0.0,0.0
2003-08-28 00:00:00-04:00,1.677205204963684,1.6930705902328742,1.6692724042542573,1.677205204963684,101700,0.0,0.0
2003-08-29 00:00:00-04:00,1.6885386528913695,1.6930716383566187,1.679472681960871,1.6851389408111572,110600,0.0,0.0
2003-09-02 00:00:00-04:00,1.6930704128840999,1.6987366676330566,1.682871284025762,1.6987366676330566,146700,0.0,0.0
2003-09-03 00:00:00-04:00,1.697603544419035,1.6998700897479504,1.6828714320804028,1.6964703798294067,134300,0.0,0.0
2003-09-04 00:00:00-04:00,1.6998715272224798,1.6998715272224798,1.6874058415964865,1.6908055543899536,154400,0.0,0.0
2003-09-05 00:00:00-04:00,1.6998718976974487,1.702138445437019,1.688539375149488,1.6998718976974487,164200,0.0,0.0
2003-09-08 00:00:00-04:00,1.7021379889013666,1.7044044279581034,1.6942051820154986,1.6976048946380615,165800,0.0,0.0
2003-09-09 00:00:00-04:00,1.7021375400058458,1.7112035099917053,1.6998709934719374,1.7010042667388916,190500,0.0,0.0
2003-09-10 00:00:00-04:00,1.71007056420867,1.71007056420867,1.6885388003126878,1.7032710313796997,172700,0.0,0.0
2003-09-11 00:00:00-04:00,1.7055370479575158,1.7157362899917434,1.6998707903746255,1.7134697437286377,169700,0.0,0.0
2003-09-12 00:00:00-04:00,1.722535133634456,1.7282013893127441,1.7112027303527177,1.7282013893127441,168000,0.0,0.0
2003-09-15 00:00:00-04:00,1.716869828221643,1.727069072472745,1.711203677482051,1.7225360870361328,162400,0.0,0.0
2003-09-16 00:00:00-04:00,1.715909350651657,1.7250486724196323,1.710197247309345,1.7204790115356445,234700,0.122,0.0
2003-09-17 00:00:00-04:00,1.7136245259150371,1.7250487330008626,1.712482083416592,1.7170517444610596,156200,0.0,0.0
2003-09-18 00:00:00-04:00,1.7193377017974854,1.723907365692022,1.7090559307974327,1.7193377017974854,111600,0.0,0.0
2003-09-19 00:00:00-04:00,1.7250486616816003,1.7261909951835046,1.7147668975193024,1.7227637767791748,117000,0.0,0.0
2003-09-22 00:00:00-04:00,1.7261914718865226,1.7261914718865226,1.7124824855340373,1.7250491380691528,137000,0.0,0.0
2003-09-23 00:00:00-04:00,1.7170528153755265,1.7261921431646,1.6987741597973798,1.7193377017974854,194200,0.0,0.0
2003-09-24 00:00:00-04:00,1.7136259055143708,1.7239076783793612,1.7022016892311813,1.715910792350769,188600,0.0,0.0
2003-09-25 00:00:00-04:00,1.719336281792146,1.722763499645153,1.704484859163394,1.7124817371368408,147900,0.0,0.0
2003-09-26 00:00:00-04:00,1.7136253435818667,1.7239071130752563,1.7136253435818667,1.7239071130752563,107300,0.0,0.0
2003-09-29 00:00:00-04:00,1.7250486616816003,1.7250486616816003,1.7147668975193024,1.7227637767791748,82900,0.0,0.0
2003-09-30 00:00:00-04:00,1.7227646165206874,1.7421857118606567,1.7193373964457992,1.7421857118606567,129400,0.0,0.0
2003-10-01 00:00:00-04:00,1.7456126802950345,1.7650337728353371,1.7319036930223524,1.7467551231384277,244800,0.0,0.0
2003-10-02 00:00:00-04:00,1.7536101966071322,1.7593221946366435,1.7399010962780448,1.750182867050171,128200,0.0,0.0
2003-10-03 00:00:00-04:00,1.7536093359546276,1.761606216430664,1.7307609192528235,1.761606216430664,149300,0.0,0.0
2003-10-06 00:00:00-04:00,1.7593217472042675,1.7707459582566314,1.750182421942117,1.7627490758895874,122400,0.0,0.0
2003-10-07 00:00:00-04:00,1.7501814544713898,1.7730298639459028,1.7501814544713898,1.7696025371551514,201300,0.0,0.0
2003-10-08 00:00:00-04:00,1.7718886605377737,1.7787431010131298,1.7627493339377207,1.7753158807754517,190400,0.0,0.0
2003-10-09 00:00:00-04:00,1.7924509476019013,1.7924509476019013,1.7593208825713147,1.774172306060791,213800,0.0,0.0
2003-10-10 00:00:00-04:00,1.7638914054857657,1.7924518240968974,1.7638914054857657,1.7844549417495728,119200,0.0,0.0
2003-10-13 00:00:00-04:00,1.789023508438171,1.7958780526435572,1.770744869156186,1.793593168258667,139600,0.0,0.0
2003-10-14 00:00:00-04:00,1.7993058675235984,1.7993058675235984,1.7741726756936498,1.7958786487579346,289700,0.0,0.0
2003-10-15 00:00:00-04:00,1.797259807051649,1.8133787689710228,1.7788381990303332,1.794957160949707,250500,0.122,0.0
2003-10-16 00:00:00-04:00,1.8018650571904686,1.8294975766949366,1.7811408048139121,1.8076218366622925,187500,0.0,0.0
2003-10-17 00:00:00-04:00,1.8248948983898179,1.8283489273068259,1.8099272933473172,1.8225921392440796,147600,0.0,0.0
2003-10-20 00:00:00-04:00,1.8364071065599394,1.8364071065599394,1.8076232957680862,1.8260449171066284,189500,0.0,0.0
2003-10-21 00:00:00-04:00,1.8225895707336404,1.8352543987823124,1.8133787667343433,1.8191355466842651,208400,0.0,0.0
2003-10-22 00:00:00-04:00,1.8329538189950887,1.8341051982433263,1.790353775024414,1.790353775024414,221500,0.0,0.0
2003-10-23 00:00:00-04:00,1.8018658252716855,1.8191361710489866,1.790352371221634,1.8041685819625854,156300,0.0,0.0
2003-10-24 00:00:00-04:00,1.8191361710489866,1.8225901962838538,1.784595589295867,1.8041685819625854,172400,0.0,0.0
2003-10-27 00:00:00-05:00,1.8248938174208493,1.83295325005376,1.813380248115376,1.8179856538772583,203200,0.0,0.0
2003-10-28 00:00:00-05:00,1.8294984014349926,1.8387092088215797,1.8087740299144293,1.8248929977416992,186900,0.0,0.0
2003-10-29 00:00:00-05:00,1.8294981074672532,1.8456170727044927,1.8191359233719897,1.8283467292785645,206400,0.0,0.0
2003-10-30 00:00:00-05:00,1.8364061019190572,1.851373688518701,1.8248926497818834,1.829498052597046,202300,0.0,0.0
2003-10-31 00:00:00-05:00,1.847919398994435,1.847919398994435,1.8306491673371141,1.8421627283096313,167400,0.0,0.0
2003-11-03 00:00:00-05:00,1.8421627731342707,1.8444655293053882,1.8271951874263799,1.8364059925079346,177000,0.0,0.0
2003-11-04 00:00:00-05:00,1.8318000798290008,1.8364054810872197,1.8145298525610372,1.8202866315841675,188500,0.0,0.0
2003-11-05 00:00:00-05:00,1.8202886116812593,1.8364074787183011,1.8202886116812593,1.8352560997009277,186500,0.0,0.0
2003-11-06 00:00:00-05:00,1.8364061019190572,1.8364061019190572,1.8191358688125645,1.829498052597046,174800,0.0,0.0
2003-11-07 00:00:00-05:00,1.835255773767622,1.8628883162694345,1.8225909362303732,1.8467694520950317,196100,0.0,0.0
2003-11-10 00:00:00-05:00,1.8536765481312858,1.8605845978382785,1.837557582479185,1.8513737916946411,190800,0.0,0.0
2003-11-11 00:00:00-05:00,1.855980028338939,1.8605853234052006,1.8329528941985522,1.8582825660705566,213500,0.0,0.0
2003-11-12 00:00:00-05:00,1.858283198406886,1.8859156370162964,1.8444670889037313,1.8859156370162964,248600,0.0,0.0
2003-11-13 00:00:00-05:00,1.89078577647115,1.8954258479843413,1.8559861251253644,1.8826658725738525,212900,0.122,0.0
2003-11-14 00:00:00-05:00,1.8849861318626315,1.8849861318626315,1.8629462320629329,1.8803460597991943,222600,0.0,0.0
2003-11-17 00:00:00-05:00,1.8791863877966162,1.8803461846386629,1.8467065449486044,1.8548264503479004,215600,0.0,0.0
2003-11-18 00:00:00-05:00,1.8548273614209068,1.8803471082467185,1.846707452033191,1.8733872175216675,228600,0.0,0.0
2003-11-19 00:00:00-05:00,1.8884671411441507,1.8907869570984766,1.8501873016357422,1.8501873016357422,257000,0.0,0.0
2003-11-20 00:00:00-05:00,1.8559862020557991,1.8664261421424266,1.8188665134148105,1.823506474494934,259900,0.0,0.0
2003-11-21 00:00:00-05:00,1.8397474480526708,1.8455474307322344,1.8235076293004548,1.844387412071228,207100,0.0,0.0
2003-11-24 00:00:00-05:00,1.8478673750559536,1.8641071929908624,1.8269874827105421,1.8501873016357422,223200,0.0,0.0
2003-11-25 00:00:00-05:00,1.8675862550735474,1.8733861237496943,1.8409063945365747,1.8675862550735474,139000,0.0,0.0
2003-11-26 00:00:00-05:00,1.8722272814795162,1.8965872319685937,1.8559874619874293,1.8931071758270264,140600,0.0,0.0
2003-11-28 00:00:00-05:00,1.9221068977628635,1.9221068977628635,1.89078705758032,1.902387022972107,103200,0.0,0.0
2003-12-01 00:00:00-05:00,1.9139859185066719,1.9255858774144508,1.8803460597991943,1.8803460597991943,165100,0.0,0.0
2003-12-02 00:00:00-05:00,1.8919460523244935,1.9197858214473527,1.8815061112470692,1.911665916442871,194700,0.0,0.0
2003-12-03 00:00:00-05:00,1.9139869883638938,1.9244269350914083,1.8942671135731375,1.902387022972107,196000,0.0,0.0
2003-12-04 00:00:00-05:00,1.9197868604343185,1.9337068631546501,1.898907188230227,1.902387022972107,189200,0.0,0.0
2003-12-05 00:00:00-05:00,1.9139870578033844,1.9348669520159363,1.8977472384162641,1.9197869300842285,233700,0.0,0.0
2003-12-08 00:00:00-05:00,1.9429863286325066,1.9511062360982918,1.9139865326827676,1.9337064027786255,200600,0.0,0.0
2003-12-09 00:00:00-05:00,1.9406661381607804,1.9719859684062644,1.9197862513304575,1.9255863428115845,238800,0.0,0.0
2003-12-10 00:00:00-05:00,1.9363361612541152,1.9456847881715913,1.9059530680501062,1.9445161819458008,209000,0.122,0.0
2003-12-11 00:00:00-05:00,1.9328328430707231,1.9562043264604005,1.9047867063805344,1.9223155975341797,223300,0.0,0.0
2003-12-12 00:00:00-05:00,1.9398430567951728,1.963214525618626,1.91530275820823,1.9386744499206543,194100,0.0,0.0
2003-12-15 00:00:00-05:00,1.9515278193005432,1.9748992751498098,1.9164703011933726,1.9445161819458008,168800,0.0,0.0
2003-12-16 00:00:00-05:00,1.9398435384897843,1.9398435384897843,1.9059545993804932,1.9059545993804932,171200,0.0,0.0
2003-12-17 00:00:00-05:00,1.9199782598567983,1.936338319474907,1.904786584877901,1.9188096523284912,217100,0.0,0.0
2003-12-18 00:00:00-05:00,1.9398423433613246,1.9597082071439407,1.9176392666892506,1.9562023878097534,211100,0.0,0.0
2003-12-19 00:00:00-05:00,1.9749015766112759,1.9749015766112759,1.932832817902018,1.9456870555877686,236000,0.0,0.0
2003-12-22 00:00:00-05:00,1.945686817510426,1.9749013349591986,1.9398440031763036,1.9608784914016724,187000,0.0,0.0
2003-12-23 00:00:00-05:00,1.9690582762327113,1.9807441263396308,1.9433493614196777,1.9433493614196777,225500,0.0,0.0
2003-12-24 00:00:00-05:00,1.9433475946827863,1.9760679006576538,1.9433475946827863,1.9760679006576538,116300,0.0,0.0
2003-12-26 00:00:00-05:00,1.9865863392546284,1.9947663649893217,1.965551860000283,1.9807435274124146,79400,0.0,0.0
2003-12-29 00:00:00-05:00,1.9915716897555524,2.0245292215593853,1.980978205408064,1.986863374710083,193100,0.122,0.0
2003-12-30 00:00:00-05:00,1.9962811470031738,2.0056977835409917,1.9656779762751524,1.9962811470031738,162300,0.0,0.0
2003-12-31 00:00:00-05:00,2.0092292042831055,2.0092292042831055,1.9539078004595782,1.9762718677520752,153900,0.0,0.0
2004-01-02 00:00:00-05:00,1.9892185717918367,1.9892185717918367,1.9374282017502866,1.9433135986328125,122900,0.0,0.0
2004-01-05 00:00:00-05:00,1.9315425614072088,1.9656771815410694,1.9303654823158811,1.958614706993103,211500,0.0,0.0
2004-01-06 00:00:00-05:00,1.9597929861852252,1.964501305433727,1.948022412568989,1.9574388265609741,169200,0.0,0.0
2004-01-07 00:00:00-05:00,1.9597932705778953,1.9868654366702654,1.9421375198439603,1.966855525970459,294000,0.0,0.0
2004-01-08 00:00:00-05:00,1.977448610990139,1.977448610990139,1.948022291037875,1.9750946760177612,196300,0.0,0.0
2004-01-09 00:00:00-05:00,1.9798005118615662,1.995102306502876,1.972738265991211,1.972738265991211,175000,0.0,0.0
2004-01-12 00:00:00-05:00,1.9845095901283083,2.000988245010376,1.9739161049884546,2.000988245010376,198100,0.0,0.0
2004-01-13 00:00:00-05:00,2.0009872315962354,2.010403633117676,1.9892166735682542,2.010403633117676,207800,0.0,0.0
2004-01-14 00:00:00-05:00,2.012758808999639,2.036299712473331,1.9798012747306688,2.000988245010376,274600,0.0,0.0
2004-01-15 00:00:00-05:00,2.0186444125729777,2.030414979091878,1.9951035040400598,2.006873846054077,198000,0.0,0.0
2004-01-16 00:00:00-05:00,2.026883237720449,2.0280603165301003,1.9845095230971352,1.993925929069519,187400,0.0,0.0
2004-01-20 00:00:00-05:00,1.9939264726645973,2.00569703946524,1.9798017476028487,1.984510064125061,242300,0.0,0.0
2004-01-21 00:00:00-05:00,1.9939271216917542,2.0245305155329336,1.9892188036369751,2.0092287063598633,228300,0.0,0.0
2004-01-22 00:00:00-05:00,2.02217681450942,2.0280619889058684,2.0009898274741853,2.0127604007720947,216300,0.0,0.0
2004-01-23 00:00:00-05:00,2.022177083830253,2.0410099138131272,2.003344253847379,2.008052349090576,239700,0.0,0.0
2004-01-26 00:00:00-05:00,2.0245298287683235,2.025706683377842,2.0021657746044204,2.005697011947632,226600,0.0,0.0
2004-01-27 00:00:00-05:00,2.011582531472379,2.013936690108988,1.971562732669734,1.9892184734344482,255100,0.0,0.0
2004-01-28 00:00:00-05:00,2.0009894862897086,2.0221764697123956,1.9809795824466125,1.9951043128967285,229100,0.0,0.0
2004-01-29 00:00:00-05:00,1.999811053276062,2.015112852949802,1.9715618359993368,1.999811053276062,280000,0.0,0.0
2004-01-30 00:00:00-05:00,1.9998103438607082,1.9998103438607082,1.971561136605144,1.9986332654953003,211100,0.0,0.0
2004-02-02 00:00:00-05:00,1.9986345713384124,2.0068739007748366,1.9833329916000366,1.9833329916000366,190500,0.0,0.0
2004-02-03 00:00:00-05:00,1.9986339744930957,2.006873301469038,1.9833323993241778,1.999811053276062,179000,0.0,0.0
2004-02-04 00:00:00-05:00,2.0127586584505295,2.0162896702298134,1.9856865204535337,1.986863374710083,256600,0.0,0.0
2004-02-05 00:00:00-05:00,2.008049723196414,2.011580958389855,1.983331750356576,1.9903939962387085,203700,0.0,0.0
2004-02-06 00:00:00-05:00,2.005696991456582,2.0174673334705995,1.9974574377399332,2.006873846054077,205700,0.0,0.0
2004-02-09 00:00:00-05:00,2.011582183014766,2.018644433196304,2.003342853718824,2.005697011947632,160700,0.0,0.0
2004-02-10 00:00:00-05:00,2.0009886954900162,2.011582183014766,1.9892181288508626,2.005697011947632,230600,0.0,0.0
2004-02-11 00:00:00-05:00,2.027275064669409,2.027275064669409,1.9976365409933179,2.0106773376464844,206000,0.122,0.0
2004-02-12 00:00:00-05:00,2.016605619380804,2.016605619380804,1.9857815208770813,1.9952658414840698,248600,0.0,0.0
2004-02-13 00:00:00-05:00,2.003563206255493,2.011861952774111,1.9869657132182577,1.9893368482589722,153300,0.0,0.0
2004-02-17 00:00:00-05:00,2.0035634953890593,2.0047490630805056,1.9656262337584463,1.970368504524231,196100,0.0,0.0
2004-02-18 00:00:00-05:00,1.9940796647961936,1.9964508007555732,1.940730462453976,1.957327961921692,256300,0.0,0.0
2004-02-19 00:00:00-05:00,1.9679977878056916,1.9679977878056916,1.9146483609608407,1.9336169958114624,321200,0.0,0.0
2004-02-20 00:00:00-05:00,1.949028688043774,1.949028688043774,1.8684118960965657,1.9027924537658691,494100,0.0,0.0
2004-02-23 00:00:00-05:00,1.9027926285650913,1.9027926285650913,1.8316602583082644,1.8494434356689453,598600,0.0,0.0
2004-02-24 00:00:00-05:00,1.8529994068925142,1.8672258761913023,1.7652694563523568,1.8589271306991577,688100,0.0,0.0
2004-02-25 00:00:00-05:00,1.8850095469342003,1.924132378481222,1.8612987570666057,1.922946810722351,240100,0.0,0.0
2004-02-26 00:00:00-05:00,1.9371732960830241,1.9442864761391712,1.896864898891663,1.918204665184021,194700,0.0,0.0
2004-02-27 00:00:00-05:00,1.9383573532104492,1.9454705277232722,1.920574303866521,1.9383573532104492,146400,0.0,0.0
2004-03-01 00:00:00-05:00,1.950214410567184,1.9525853199532632,1.917019191798866,1.9276890754699707,182800,0.0,0.0
2004-03-02 00:00:00-05:00,1.9371721018832238,1.9383576688490398,1.8731529555337045,1.895678162574768,283900,0.0,0.0
2004-03-03 00:00:00-05:00,1.8968638568934124,1.911090435314582,1.8921217017736547,1.9087193012237549,219100,0.0,0.0
2004-03-04 00:00:00-05:00,1.9146469103270296,1.9182036114632701,1.9027914659966871,1.9087193012237549,237300,0.0,0.0
2004-03-05 00:00:00-05:00,1.9158320367754786,1.9395429199832097,1.9099044290354161,1.9383573532104492,175900,0.0,0.0
2004-03-08 00:00:00-05:00,1.9490292947935486,1.9549569088192569,1.9359882725882136,1.9502148628234863,179300,0.0,0.0
2004-03-09 00:00:00-05:00,1.9490283921368945,1.9537704359364747,1.9158331810443296,1.92650306224823,184900,0.0,0.0
2004-03-10 00:00:00-05:00,1.953770145781905,1.953770145781905,1.9265027761431397,1.932430386543274,152000,0.0,0.0
2004-03-11 00:00:00-05:00,1.9338646246540285,1.9637266469032855,1.9111694239524317,1.9326701164245605,198500,0.122,0.0
2004-03-12 00:00:00-05:00,1.9529742785208601,1.9589465856552124,1.9326681153035834,1.9589465856552124,140900,0.0,0.0
2004-03-15 00:00:00-05:00,1.96611368101738,1.96611368101738,1.9350574060817265,1.952974557876587,177600,0.0,0.0
2004-03-16 00:00:00-05:00,1.9649213173530837,1.9661155978520004,1.9171418955463715,1.939837098121643,266100,0.0,0.0
2004-03-17 00:00:00-05:00,1.949392687100805,1.9505871952758125,1.912363844992132,1.9314755201339722,163700,0.0,0.0
2004-03-18 00:00:00-05:00,1.9374474167328932,1.9410309404876505,1.914752449773367,1.9290860891342163,186600,0.0,0.0
2004-03-19 00:00:00-05:00,1.943420374054907,1.943420374054907,1.920725174388045,1.9314755201339722,140700,0.0,0.0
2004-03-22 00:00:00-05:00,1.9290855675519398,1.9386414004851824,1.9111684092807386,1.9219187498092651,166800,0.0,0.0
2004-03-23 00:00:00-05:00,1.9290865300325621,1.9290865300325621,1.9123638710131956,1.9171416759490967,161600,0.0,0.0
2004-03-24 00:00:00-05:00,1.9231140656427324,1.924308573740039,1.8992243593548477,1.9051967859268188,231900,0.0,0.0
2004-03-25 00:00:00-05:00,1.915947395586978,1.9278920218413014,1.909974854630674,1.9171416759490967,243700,0.0,0.0
2004-03-26 00:00:00-05:00,1.927890087332971,1.9601410926478655,1.9231122871912718,1.9589465856552124,139900,0.0,0.0
2004-03-29 00:00:00-05:00,1.9708914277528304,1.9708914277528304,1.9470017435575944,1.9589465856552124,194300,0.0,0.0
2004-03-30 00:00:00-05:00,1.966116239519859,1.966116239519859,1.9529770992811335,1.9601439237594604,177500,0.0,0.0
2004-03-31 00:00:00-05:00,1.9696979828259435,1.9744760133728814,1.962531164834573,1.968503475189209,135700,0.0,0.0
2004-04-01 00:00:00-05:00,1.9768643655640863,2.0043375795020313,1.9696975491506592,2.003143072128296,172500,0.0,0.0
2004-04-02 00:00:00-05:00,2.0043386727598738,2.0091164770318626,1.950586950768061,1.9935883283615112,224100,0.0,0.0
2004-04-05 00:00:00-04:00,1.994783473446797,1.994783473446797,1.9374482090683987,1.9481985569000244,195900,0.0,0.0
2004-04-06 00:00:00-04:00,1.9410303848774741,1.952975232811756,1.9195297041615722,1.923113226890564,149500,0.0,0.0
2004-04-07 00:00:00-04:00,1.9350590758296693,1.9458094217487674,1.914752892185722,1.9302810430526733,147200,0.0,0.0
2004-04-08 00:00:00-04:00,1.9410316187465653,1.9673101186434023,1.9326702882261704,1.9613378047943115,128200,0.0,0.0
2004-04-12 00:00:00-04:00,1.9613392062719868,1.9744785795237476,1.9541723789661773,1.9708950519561768,141400,0.0,0.0
2004-04-13 00:00:00-04:00,1.993997989668431,1.993997989668431,1.925405456987448,1.9338290691375732,247400,0.122,0.0
2004-04-14 00:00:00-04:00,1.9242019563203667,1.9242019563203667,1.8387620887815566,1.8700499534606934,385000,0.0,0.0
2004-04-15 00:00:00-04:00,1.8700491645494206,1.8700491645494206,1.8423715292301406,1.8495917320251465,257000,0.0,0.0
2004-04-16 00:00:00-04:00,1.8519979666420483,1.8772688980888876,1.845981056342702,1.8640316724777222,135300,0.0,0.0
2004-04-19 00:00:00-04:00,1.8820844474807006,1.8953215727054995,1.866440509616951,1.8772709369659424,119000,0.0,0.0
2004-04-20 00:00:00-04:00,1.8893041342467236,1.8893041342467236,1.8411690423889275,1.845982551574707,138600,0.0,0.0
2004-04-21 00:00:00-04:00,1.8459826306594636,1.8495927340126828,1.7870171119167113,1.8146947622299194,403600,0.0,0.0
2004-04-22 00:00:00-04:00,1.8146935725783169,1.8411679142601818,1.8110834715917574,1.839964509010315,182600,0.0,0.0
2004-04-23 00:00:00-04:00,1.8519995460902399,1.8519995460902399,1.8110846588767002,1.8146947622299194,189000,0.0,0.0
2004-04-26 00:00:00-04:00,1.826728043335469,1.832744842192366,1.7809996604919434,1.7809996604919434,233500,0.0,0.0
2004-04-27 00:00:00-04:00,1.7809996730589717,1.8038638072605266,1.7809996730589717,1.7954401969909668,277700,0.0,0.0
2004-04-28 00:00:00-04:00,1.8014586259790575,1.8098822433342774,1.7930348938606584,1.8050687313079834,182000,0.0,0.0
2004-04-29 00:00:00-04:00,1.8110844192707969,1.847185792316138,1.8050675046360565,1.8279316425323486,276300,0.0,0.0
2004-04-30 00:00:00-04:00,1.853202790681051,1.8580162999517897,1.8231183290481567,1.8231183290481567,182700,0.0,0.0
2004-05-03 00:00:00-04:00,1.8411701288867788,1.8411701288867788,1.7930348938606584,1.8050687313079834,218000,0.0,0.0
2004-05-04 00:00:00-04:00,1.8231179518293936,1.8231179518293936,1.7930334964212316,1.8207112550735474,231300,0.0,0.0
2004-05-05 00:00:00-04:00,1.8411696211071285,1.8447797254404168,1.817102067613294,1.8303391933441162,188200,0.0,0.0
2004-05-06 00:00:00-04:00,1.8315419486424813,1.8351520516924689,1.7918304708032995,1.7978472709655762,144500,0.0,0.0
2004-05-07 00:00:00-04:00,1.8026606850503353,1.8026606850503353,1.7148141219590711,1.720831036567688,341100,0.0,0.0
2004-05-10 00:00:00-04:00,1.7268465173340735,1.7268465173340735,1.6101188839958323,1.6847282648086548,502500,0.0,0.0
2004-05-11 00:00:00-04:00,1.708797647301253,1.7581361532211304,1.7027807311435077,1.7581361532211304,227100,0.0,0.0
2004-05-12 00:00:00-04:00,1.7717270668114293,1.7923567742539213,1.7389621964982398,1.7838621139526367,182300,0.122,0.0
2004-05-13 00:00:00-04:00,1.7959968392711407,1.7972103784084583,1.7680860177601443,1.7887157201766968,128900,0.0,0.0
2004-05-14 00:00:00-04:00,1.800850411844325,1.806917990223795,1.7680855580328463,1.7899287939071655,152000,0.0,0.0
2004-05-17 00:00:00-04:00,1.802065530373003,1.802065530373003,1.7777951955795288,1.7777951955795288,135100,0.0,0.0
2004-05-18 00:00:00-04:00,1.7899287939071655,1.8081314133161435,1.7862882931712563,1.7899287939071655,156100,0.0,0.0
2004-05-19 00:00:00-04:00,1.7899307556128172,1.8202685650299835,1.7899307556128172,1.8117740154266357,173000,0.0,0.0
2004-05-20 00:00:00-04:00,1.8117733868696124,1.8263355164502777,1.7959977175581785,1.8081327676773071,165500,0.0,0.0
2004-05-21 00:00:00-04:00,1.8202668659393006,1.8299749466326207,1.8093452462269526,1.822693943977356,166900,0.0,0.0
2004-05-24 00:00:00-04:00,1.8299747257720467,1.8360423044054355,1.7972099863188467,1.798423409461975,127500,0.0,0.0
2004-05-25 00:00:00-04:00,1.799637882325675,1.838470220565796,1.799637882325675,1.838470220565796,207400,0.0,0.0
2004-05-26 00:00:00-04:00,1.8445378541946411,1.8493918966110943,1.8275487636018057,1.8445378541946411,142400,0.0,0.0
2004-05-27 00:00:00-04:00,1.84938992302411,1.8566710367434576,1.838468310309777,1.850603461265564,127700,0.0,0.0
2004-05-28 00:00:00-04:00,1.8675942362031723,1.8675942362031723,1.8396834115830183,1.853032112121582,112200,0.0,0.0
2004-06-01 00:00:00-04:00,1.8530334781513595,1.8627415680290849,1.8263361731228354,1.8299766778945923,151900,0.0,0.0
2004-06-02 00:00:00-04:00,1.8493914943040786,1.853032112121582,1.8299753288619582,1.853032112121582,98500,0.0,0.0
2004-06-03 00:00:00-04:00,1.856672965912975,1.856672965912975,1.8263351727305064,1.838470220565796,136300,0.0,0.0
2004-06-04 00:00:00-04:00,1.8469646227544951,1.8469646227544951,1.8081321742219125,1.8360430002212524,173500,0.0,0.0
2004-06-07 00:00:00-04:00,1.83847019414114,1.8493918180465698,1.8251216069953344,1.8493918180465698,152800,0.0,0.0
2004-06-08 00:00:00-04:00,1.8493919321728358,1.8688081022119991,1.8324028412533189,1.8627406358718872,170600,0.0,0.0
2004-06-09 00:00:00-04:00,1.8688081427897738,1.8688081427897738,1.8603135971455718,1.8675947189331055,155100,0.0,0.0
2004-06-10 00:00:00-04:00,1.8688086092512572,1.877303272745263,1.854246477770933,1.8663816452026367,203600,0.0,0.0
2004-06-14 00:00:00-04:00,1.8776335510246105,1.8776335510246105,1.8421603494194543,1.8580620288848877,130900,0.122,0.0
2004-06-15 00:00:00-04:00,1.871517919221621,1.8788571397611669,1.8470536563317894,1.8507232666015625,169500,0.0,0.0
2004-06-16 00:00:00-04:00,1.8592865312913536,1.8715187263389699,1.8446079672271287,1.85194730758667,185800,0.0,0.0
2004-06-17 00:00:00-04:00,1.8592859123886045,1.8592859123886045,1.8433841107818985,1.8446073532104492,157100,0.0,0.0
2004-06-18 00:00:00-04:00,1.8592869503615856,1.8727423912776968,1.8482779956683615,1.8617334365844727,156100,0.0,0.0
2004-06-21 00:00:00-04:00,1.8641795966195394,1.882527891264201,1.8568403720855713,1.8568403720855713,128900,0.0,0.0
2004-06-22 00:00:00-04:00,1.8776344782736032,1.8813040894505326,1.8531700926811785,1.8592861890792847,167600,0.0,0.0
2004-06-23 00:00:00-04:00,1.861732794699144,1.861732794699144,1.8397148929039933,1.8433845043182373,115800,0.0,0.0
2004-06-24 00:00:00-04:00,1.8556157123093424,1.8592853217745011,1.8409371577939257,1.8482763767242432,147900,0.0,0.0
2004-06-25 00:00:00-04:00,1.8556182384490967,1.8592878529098729,1.8458325221170662,1.8556182384490967,123100,0.0,0.0
2004-06-28 00:00:00-04:00,1.8580626812160412,1.8654020191769891,1.84827697503799,1.8641787767410278,100100,0.0,0.0
2004-06-29 00:00:00-04:00,1.8592852708913914,1.865401364269131,1.8519460521619264,1.8580620288848877,111300,0.0,0.0
2004-06-30 00:00:00-04:00,1.8654026874945404,1.877634882926941,1.8543937349363522,1.877634882926941,107100,0.0,0.0
2004-07-01 00:00:00-04:00,1.8702964220120382,1.893537464278961,1.8702964220120382,1.8837517499923706,91200,0.0,0.0
2004-07-02 00:00:00-04:00,1.8959832144169197,1.914331392410619,1.8898671162007297,1.9118850231170654,119000,0.0,0.0
2004-07-06 00:00:00-04:00,1.9045469760894775,1.913109566072476,1.893538015150587,1.9045469760894775,127200,0.0,0.0
2004-07-07 00:00:00-04:00,1.91066165347891,1.9167777512896442,1.9033224294299196,1.9082152843475342,147200,0.0,0.0
2004-07-08 00:00:00-04:00,1.9192237492639137,1.9228934772335864,1.90209881869147,1.9204469919204712,117400,0.0,0.0
2004-07-09 00:00:00-04:00,1.9290094455934637,1.9326790566642877,1.9155540105757212,1.91677725315094,112900,0.0,0.0
2004-07-12 00:00:00-04:00,1.9192234121851839,1.9302323608509875,1.91433055907314,1.9277859926223755,122400,0.0,0.0
2004-07-13 00:00:00-04:00,1.952688102977676,1.952688102977676,1.925567402223839,1.9354294538497925,118400,0.122,0.0
2004-07-14 00:00:00-04:00,1.9477579603598183,1.9489907467632919,1.93173208980961,1.9341975450515747,122300,0.0,0.0
2004-07-15 00:00:00-04:00,1.946525173956345,1.946525173956345,1.9268010617606983,1.9341975450515747,128300,0.0,0.0
2004-07-16 00:00:00-04:00,1.9415927355736158,1.9452909745327276,1.928032447680274,1.9403599500656128,96700,0.0,0.0
2004-07-19 00:00:00-04:00,1.958852148766557,1.958852148766557,1.9280332043605914,1.9526883363723755,101600,0.0,0.0
2004-07-20 00:00:00-04:00,1.9526882363815796,1.9551536906740388,1.9317313458534615,1.9452916383743286,123500,0.0,0.0
2004-07-21 00:00:00-04:00,1.946524518495347,1.9539211168605195,1.925567626953125,1.925567626953125,132100,0.0,0.0
2004-07-22 00:00:00-04:00,1.9329643128594982,1.9354297673829177,1.9181712330241387,1.9231022596359253,91500,0.0,0.0
2004-07-23 00:00:00-04:00,1.925566827271116,1.9329634225645052,1.9120065397256123,1.928032398223877,85100,0.0,0.0
2004-07-26 00:00:00-04:00,1.940360250403383,1.940360250403383,1.913239670418853,1.9317309856414795,101200,0.0,0.0
2004-07-27 00:00:00-04:00,1.9317315160098631,1.9391279971036957,1.923102248878743,1.9268004894256592,119500,0.0,0.0
2004-07-28 00:00:00-04:00,1.9378949403762817,1.9403603943919592,1.9243345318128227,1.9378949403762817,83100,0.0,0.0
2004-07-29 00:00:00-04:00,1.9415937662124634,1.9502230342192874,1.9317317120432478,1.9415937662124634,117900,0.0,0.0
2004-07-30 00:00:00-04:00,1.9489903119095342,1.9600850343704224,1.9428264988324033,1.9600850343704224,83700,0.0,0.0
2004-08-02 00:00:00-04:00,1.960083612206205,1.9674802060450582,1.9502215654643147,1.9563853740692139,112100,0.0,0.0
2004-08-03 00:00:00-04:00,1.9613170353719056,1.9773430134961245,1.9600842497369797,1.972411870956421,155300,0.0,0.0
2004-08-04 00:00:00-04:00,1.9761112926861588,1.9785766301546366,1.960085305926358,1.9625508785247803,116600,0.0,0.0
2004-08-05 00:00:00-04:00,1.9699478273594873,1.979809884956994,1.961318556352919,1.9662495851516724,114400,0.0,0.0
2004-08-06 00:00:00-04:00,1.9822740505523158,1.9822740505523158,1.967480974660423,1.9687137603759766,146000,0.0,0.0
2004-08-09 00:00:00-04:00,1.9761113459064317,1.977344132238844,1.9625509313798466,1.9711802005767822,115400,0.0,0.0
2004-08-10 00:00:00-04:00,1.9748782327815189,1.9773438050383536,1.9539213388582477,1.9600850343704224,185000,0.0,0.0
2004-08-11 00:00:00-04:00,1.969947392762171,1.9711801790811396,1.955154309629467,1.9650163650512695,119500,0.0,0.0
2004-08-12 00:00:00-04:00,1.973959562603396,1.973959562603396,1.9453873997023974,1.95284104347229,136000,0.122,0.0
2004-08-13 00:00:00-04:00,1.959052163683822,1.964021219456859,1.9391758221200401,1.962778925895691,118800,0.0,0.0
2004-08-16 00:00:00-04:00,1.964021127181989,1.9752014132923166,1.9590520716424116,1.960294246673584,126400,0.0,0.0
2004-08-17 00:00:00-04:00,1.9665076872739728,1.9814148697478362,1.9590541552729186,1.975203514099121,107100,0.0,0.0
2004-08-18 00:00:00-04:00,1.986382498358006,1.9913516740715251,1.9752020899459282,1.9851402044296265,155600,0.0,0.0
2004-08-19 00:00:00-04:00,1.9901094436645508,1.9950783825933316,1.9801712103919689,1.9901094436645508,144100,0.0,0.0
2004-08-20 00:00:00-04:00,1.9988060575739985,2.000048352034942,1.9838988794578378,1.9938368797302246,182000,0.0,0.0
2004-08-23 00:00:00-04:00,1.9950785302776097,2.0000477065175772,1.9689910658478738,1.987625002861023,175700,0.0,0.0
2004-08-24 00:00:00-04:00,1.9950789657674783,1.9975635544298032,1.9876254367239201,1.9913523197174072,152600,0.0,0.0
2004-08-25 00:00:00-04:00,1.997563763113055,2.000048352034942,1.9814142905359509,1.9938368797302246,151400,0.0,0.0
2004-08-26 00:00:00-04:00,1.9963213519763194,2.006259470139589,1.9938367631996452,2.003774881362915,131100,0.0,0.0
2004-08-27 00:00:00-04:00,2.017439882691196,2.017439882691196,2.002532823918005,2.003774881362915,88600,0.0,0.0
2004-08-30 00:00:00-04:00,2.019924192238753,2.019924192238753,2.003774604366275,2.017439603805542,118400,0.0,0.0
2004-08-31 00:00:00-04:00,2.0186800432826835,2.0224069225082872,2.0050150563986455,2.0124688148498535,139900,0.0,0.0
2004-09-01 00:00:00-04:00,2.017439028584946,2.0273771425407996,2.005016326904297,2.005016326904297,167900,0.0,0.0
2004-09-02 00:00:00-04:00,2.0099828808804987,2.0236478586013162,2.0025293643705155,2.0161941051483154,140300,0.0,0.0
2004-09-03 00:00:00-04:00,2.027376678907703,2.0286189724860053,2.0149539800679537,2.0248920917510986,115600,0.0,0.0
2004-09-07 00:00:00-04:00,2.0286198617231874,2.029862155846044,2.0075013355213764,2.00998592376709,162500,0.0,0.0
2004-09-08 00:00:00-04:00,2.0037748697246345,2.0199244597357904,2.0037748697246345,2.0149552822113037,134100,0.0,0.0
2004-09-09 00:00:00-04:00,2.019925502757648,2.0298636259949094,2.0186832077350467,2.027379035949707,126300,0.0,0.0
2004-09-10 00:00:00-04:00,2.03483048774812,2.0460108945717335,2.027376962180146,2.0422842502593994,179800,0.0,0.0
2004-09-13 00:00:00-04:00,2.052546198109957,2.0537977793446567,2.02751528956009,2.028766632080078,168400,0.122,0.0
2004-09-14 00:00:00-04:00,2.0400307829821935,2.0412823643141382,2.007490623210561,2.0124967098236084,184200,0.0,0.0
2004-09-15 00:00:00-04:00,2.0149990199595282,2.0262630084666053,2.0037350314524516,2.021256685256958,115800,0.0,0.0
2004-09-16 00:00:00-04:00,2.033775000795711,2.0362781657805864,2.017504905823924,2.0250141620635986,128200,0.0,0.0
2004-09-17 00:00:00-04:00,2.0287680399580483,2.037529114680759,2.0187556218469704,2.0362775325775146,124900,0.0,0.0
2004-09-20 00:00:00-04:00,2.0400317726925925,2.055050517247458,2.033774101711726,2.0462896823883057,125100,0.0,0.0
2004-09-21 00:00:00-04:00,2.055050517247458,2.055050517247458,2.031270937833441,2.0462896823883057,171100,0.0,0.0
2004-09-22 00:00:00-04:00,2.0537976443831867,2.057552387840551,2.0312696610683925,2.035024404525757,189100,0.0,0.0
2004-09-23 00:00:00-04:00,2.0350247651969067,2.047540340224917,2.025012352917446,2.033773183822632,177000,0.0,0.0
2004-09-24 00:00:00-04:00,2.0325212422208474,2.046288396183154,2.0237604128683597,2.035024404525757,185000,0.0,0.0
2004-09-27 00:00:00-04:00,2.0387814465239202,2.0437875380629564,2.026265859603882,2.026265859603882,153800,0.0,0.0
2004-09-28 00:00:00-04:00,2.0387798776602812,2.0450375469474724,2.028767224857125,2.0300188064575195,150100,0.0,0.0
2004-09-29 00:00:00-04:00,2.0337738104329137,2.040031480517552,2.022509813308716,2.022509813308716,107500,0.0,0.0
2004-09-30 00:00:00-04:00,2.017503474094909,2.0275158882141113,2.015000310886413,2.0275158882141113,140000,0.0,0.0
2004-10-01 00:00:00-04:00,2.0312696610683925,2.038779147983121,2.027515156325724,2.035024404525757,109300,0.0,0.0
2004-10-04 00:00:00-04:00,2.0387805666341423,2.0512959094378878,2.037528984610795,2.040031909942627,105100,0.0,0.0
2004-10-05 00:00:00-04:00,2.0325217661959205,2.0638105869293213,2.030018603245707,2.0638105869293213,164100,0.0,0.0
2004-10-06 00:00:00-04:00,2.0563025397022905,2.0600570476091895,2.051296210873229,2.0588057041168213,142000,0.0,0.0
2004-10-07 00:00:00-04:00,2.0588053431284083,2.060056686401367,2.05379901517715,2.060056686401367,80300,0.0,0.0
2004-10-08 00:00:00-04:00,2.056303465905484,2.070070637671536,2.056303465905484,2.0663158893585205,118600,0.0,0.0
2004-10-11 00:00:00-04:00,2.062560779854323,2.073824784105836,2.0550515232583013,2.0675671100616455,128900,0.0,0.0
2004-10-12 00:00:00-04:00,2.0763266154916167,2.0800813607352673,2.066314200223358,2.0738234519958496,107400,0.0,0.0
2004-10-13 00:00:00-04:00,2.081641801728958,2.0854243990963774,2.062729295862981,2.06903338432312,142600,0.122,0.0
2004-10-14 00:00:00-04:00,2.0690320493183805,2.0791187286376953,2.0614670999502454,2.0791187286376953,108500,0.0,0.0
2004-10-15 00:00:00-04:00,2.081639790861987,2.0879438732323736,2.0740748439204575,2.0841615200042725,125400,0.0,0.0
2004-10-18 00:00:00-04:00,2.0854238568262145,2.087945347263274,2.0740763081602047,2.0753369331359863,138400,0.0,0.0
2004-10-19 00:00:00-04:00,2.0816399069318816,2.089204854295224,2.067770636361303,2.0715532302856445,108500,0.0,0.0
2004-10-20 00:00:00-04:00,2.0791195049899267,2.0791195049899267,2.065250225564993,2.072815418243408,139500,0.0,0.0
2004-10-21 00:00:00-04:00,2.0816399069318816,2.084161636214776,2.067770636361303,2.0715532302856445,116500,0.0,0.0
2004-10-22 00:00:00-04:00,2.07785849322043,2.084162820008491,2.071554406917846,2.082901954650879,111100,0.0,0.0
2004-10-25 00:00:00-04:00,2.085423685366103,2.0892060409534627,2.069032676202622,2.082901954650879,131600,0.0,0.0
2004-10-26 00:00:00-04:00,2.0854221145847465,2.0942479249547787,2.081639521361034,2.092987060546875,180000,0.0,0.0
2004-10-27 00:00:00-04:00,2.0992932319641113,2.104336694616535,2.0866848158185887,2.0992932319641113,128400,0.0,0.0
2004-10-28 00:00:00-04:00,2.1144217967373735,2.1144217967373735,2.087944118602437,2.1093783378601074,120800,0.0,0.0
2004-10-29 00:00:00-04:00,2.11946586506987,2.1207267302948143,2.105596828566388,2.110640048980713,112300,0.0,0.0
2004-11-01 00:00:00-05:00,2.1182043444840297,2.129551887512207,2.109378531125531,2.129551887512207,141700,0.0,0.0
2004-11-02 00:00:00-05:00,2.1345959787334707,2.1434217947045826,2.1282916526930706,2.1333351135253906,149300,0.0,0.0
2004-11-03 00:00:00-05:00,2.1434214115142822,2.14594314147962,2.133334732138337,2.1434214115142822,148400,0.0,0.0
2004-11-04 00:00:00-05:00,2.1434220660669796,2.1585522099940047,2.1409003353315623,2.149726152420044,156800,0.0,0.0
2004-11-05 00:00:00-05:00,2.1434216316113703,2.1434216316113703,2.080379818916918,2.0904664993286133,366100,0.0,0.0
2004-11-08 00:00:00-05:00,2.090467109472354,2.090467109472354,2.00473018070623,2.0526421070098877,387600,0.0,0.0
2004-11-09 00:00:00-05:00,2.0589453699990656,2.0791187286376953,2.0438152307773914,2.0791187286376953,136400,0.0,0.0
2004-11-10 00:00:00-05:00,2.0882645634539445,2.0882645634539445,2.073021650314331,2.073021650314331,143400,0.122,0.0
2004-11-11 00:00:00-05:00,2.0831825297793487,2.090803861618042,2.0768314602933997,2.090803861618042,171600,0.0,0.0
2004-11-12 00:00:00-05:00,2.103506897836136,2.1073176860809326,2.0844534411678475,2.1073176860809326,144000,0.0,0.0
2004-11-15 00:00:00-05:00,2.120021343231201,2.120021343231201,2.0996976116210533,2.120021343231201,126700,0.0,0.0
2004-11-16 00:00:00-05:00,2.1111286512963354,2.127641583852331,2.1111286512963354,2.123830795288086,153200,0.0,0.0
2004-11-17 00:00:00-05:00,2.139073723423924,2.144154532603427,2.122560548465336,2.1339926719665527,178000,0.0,0.0
2004-11-18 00:00:00-05:00,2.1555866368483665,2.1555866368483665,2.1339926529031783,2.1428844928741455,186400,0.0,0.0
2004-11-19 00:00:00-05:00,2.1390726675258818,2.149234523146618,2.122559500718592,2.130181074142456,163000,0.0,0.0
2004-11-22 00:00:00-05:00,2.130182950657944,2.139074551874137,2.121291349441751,2.1289126873016357,173000,0.0,0.0
2004-11-23 00:00:00-05:00,2.1441562399387424,2.1441562399387424,2.123832502481735,2.1352646350860596,175000,0.0,0.0
2004-11-24 00:00:00-05:00,2.1492349913028668,2.150505253816872,2.1352623459266127,2.139073133468628,146900,0.0,0.0
2004-11-26 00:00:00-05:00,2.1390744837887836,2.14542555809021,2.136533957157031,2.14542555809021,39700,0.0,0.0
2004-11-29 00:00:00-05:00,2.1479642609093075,2.1479642609093075,2.1212894807590303,2.130181074142456,150100,0.0,0.0
2004-11-30 00:00:00-05:00,2.130182507309606,2.13399305430749,2.1047777300267905,2.11112904548645,137600,0.0,0.0
2004-12-01 00:00:00-05:00,2.1123997621689017,2.1301832090362747,2.1111297409365104,2.120021343231201,164500,0.0,0.0
2004-12-02 00:00:00-05:00,2.1314528197853306,2.1314528197853306,2.114939641485532,2.122560977935791,138100,0.0,0.0
2004-12-03 00:00:00-05:00,2.1327228074479176,2.1403441429138184,2.1263714926614288,2.1403441429138184,151500,0.0,0.0
2004-12-06 00:00:00-05:00,2.1390747936241183,2.158128261566162,2.133993739624646,2.158128261566162,161400,0.0,0.0
2004-12-07 00:00:00-05:00,2.159396724221706,2.159396724221706,2.1416135346099487,2.153045654296875,140000,0.0,0.0
2004-12-08 00:00:00-05:00,2.159398078918457,2.159398078918457,2.14542542558475,2.159398078918457,138500,0.0,0.0
2004-12-09 00:00:00-05:00,2.163492146373185,2.163492146373185,2.1417420675285017,2.160933256149292,112400,0.122,0.0
2004-12-10 00:00:00-05:00,2.1609324573137068,2.1660502358695948,2.131505962704691,2.1417412757873535,119800,0.0,0.0
2004-12-13 00:00:00-05:00,2.141741764256938,2.1481389889108202,2.1187122435612986,2.1212711334228516,149400,0.0,0.0
2004-12-14 00:00:00-05:00,2.1212707214877367,2.1276677008702043,2.098241205264259,2.1033589839935303,209900,0.0,0.0
2004-12-15 00:00:00-05:00,2.1046386622718156,2.1135945320129395,2.1008003277988414,2.1135945320129395,148200,0.0,0.0
2004-12-16 00:00:00-05:00,2.1148740622913356,2.1238299323943326,2.109756282787247,2.1225504875183105,138800,0.0,0.0
2004-12-17 00:00:00-05:00,2.1302257749538205,2.1468583054292205,2.1174315770563656,2.1455788612365723,172300,0.0,0.0
2004-12-20 00:00:00-05:00,2.160934118296661,2.1673313464086936,2.1468607045087897,2.1622135639190674,167500,0.0,0.0
2004-12-21 00:00:00-05:00,2.1583747491833325,2.173727603458639,2.1558158587943748,2.17244815826416,86900,0.0,0.0
2004-12-22 00:00:00-05:00,2.166051029348665,2.1750069010731172,2.16221269402567,2.171168565750122,112400,0.0,0.0
2004-12-23 00:00:00-05:00,2.171168168721013,2.182682928555157,2.169888723847313,2.180124282836914,98100,0.0,0.0
2004-12-27 00:00:00-05:00,2.1839636479537274,2.1890814304351807,2.178846109501574,2.1890814304351807,110900,0.0,0.0
2004-12-28 00:00:00-05:00,2.200935518878133,2.202224152311462,2.1803178755082624,2.1957812309265137,136000,0.122,0.0
2004-12-29 00:00:00-05:00,2.2163994383790073,2.2241309951649972,2.193204522239278,2.2009360790252686,76200,0.0,0.0
2004-12-30 00:00:00-05:00,2.200936372903913,2.221554024274018,2.198359105037202,2.2048022747039795,74100,0.0,0.0
2004-12-31 00:00:00-05:00,2.200934849662202,2.2189752206800626,2.200934849662202,2.2138209342956543,65200,0.0,0.0
2005-01-03 00:00:00-05:00,2.2176882410328456,2.2254200450463255,2.190627664331081,2.212533950805664,142600,0.0,0.0
2005-01-04 00:00:00-05:00,2.2215524656651198,2.2215524656651198,2.191914643336783,2.197068929672241,110700,0.0,0.0
2005-01-05 00:00:00-05:00,2.2022230261207807,2.215109108082585,2.166142045784043,2.1700079441070557,162900,0.0,0.0
2005-01-06 00:00:00-05:00,2.166142798773881,2.173874598107617,2.148102425225142,2.1571226119995117,190200,0.0,0.0
2005-01-07 00:00:00-05:00,2.158411979675293,2.164854902197449,2.145525888849242,2.158411979675293,116000,0.0,0.0
2005-01-10 00:00:00-05:00,2.1584128300552337,2.167433023452759,2.1532582933813127,2.167433023452759,92200,0.0,0.0
2005-01-11 00:00:00-05:00,2.163565424034255,2.166142444275437,2.1532563599430623,2.164853811264038,100100,0.0,0.0
2005-01-12 00:00:00-05:00,2.15969987844409,2.163565778110958,2.150679691669721,2.1571226119995117,88700,0.0,0.0
2005-01-13 00:00:00-05:00,2.1532559591321556,2.1584104902182784,2.148101673827603,2.1545445919036865,84500,0.0,0.0
2005-01-14 00:00:00-05:00,2.1481032371520996,2.1519691382801773,2.1390830469683335,2.1481032371520996,107000,0.0,0.0
2005-01-18 00:00:00-05:00,2.1416609544150202,2.1455266109165874,2.1339291498482416,2.142949342727661,122700,0.0,0.0
2005-01-19 00:00:00-05:00,2.1429480093800737,2.144236642672746,2.1261962681386732,2.133927822113037,146600,0.0,0.0
2005-01-20 00:00:00-05:00,2.1287741285713944,2.1339284173982653,2.122330960310633,2.12619686126709,117500,0.0,0.0
2005-01-21 00:00:00-05:00,2.127485154059317,2.1287737875050077,2.1158876988297974,2.11975359916687,117600,0.0,0.0
2005-01-24 00:00:00-05:00,2.1287737875050077,2.1287737875050077,2.1145990653841067,2.11975359916687,101700,0.0,0.0
2005-01-25 00:00:00-05:00,2.119753083354294,2.1300619026296137,2.0965581785394143,2.101712465286255,169800,0.0,0.0
2005-01-26 00:00:00-05:00,2.100424186989123,2.119753441454668,2.0888267326224685,2.0939812660217285,188300,0.0,0.0
2005-01-27 00:00:00-05:00,2.122331262655454,2.126197164162642,2.0926934217789936,2.0991365909576416,118000,0.0,0.0
2005-01-28 00:00:00-05:00,2.1042899308165994,2.1171760175764094,2.1017126643083053,2.1145987510681152,98700,0.0,0.0
2005-01-31 00:00:00-05:00,2.1055774831088683,2.1210405826568604,2.1055774831088683,2.1210405826568604,95000,0.0,0.0
2005-02-01 00:00:00-05:00,2.12233004694498,2.131350478628014,2.1171757603363073,2.1287732124328613,99400,0.0,0.0
2005-02-02 00:00:00-05:00,2.136505823524701,2.137794457260584,2.1261969994193923,2.1352171897888184,99700,0.0,0.0
2005-02-03 00:00:00-05:00,2.137794469021294,2.155834849859392,2.137794469021294,2.1519691944122314,109500,0.0,0.0
2005-02-04 00:00:00-05:00,2.166144389284278,2.171298925958199,2.1584128300552337,2.167433023452759,89800,0.0,0.0
2005-02-07 00:00:00-05:00,2.167432501180992,2.1816072278368486,2.163566845388869,2.180318593978882,108400,0.0,0.0
2005-02-08 00:00:00-05:00,2.1725870735616932,2.188050188556718,2.1725870735616932,2.1828958988189697,121400,0.0,0.0
2005-02-09 00:00:00-05:00,2.1893379878576846,2.190626621246338,2.180317799918799,2.190626621246338,109200,0.0,0.0
2005-02-10 00:00:00-05:00,2.1869917195245314,2.1973750528626206,2.18439582430046,2.19477915763855,110400,0.122,0.0
2005-02-11 00:00:00-05:00,2.196077286163125,2.196077286163125,2.17011882690035,2.1779065132141113,121300,0.0,0.0
2005-02-14 00:00:00-05:00,2.179204898475424,2.184396442835413,2.157140277939379,2.1636297702789307,87800,0.0,0.0
2005-02-15 00:00:00-05:00,2.1493537425994873,2.168822477616031,2.1415662981045496,2.1493537425994873,144200,0.0,0.0
2005-02-16 00:00:00-05:00,2.1441626074824747,2.1441626074824747,2.1208000219498597,2.1233959197998047,150000,0.0,0.0
2005-02-17 00:00:00-05:00,2.1285860203875875,2.1350757605990753,2.115606787522888,2.1169047355651855,127600,0.0,0.0
2005-02-18 00:00:00-05:00,2.109117520819648,2.113011365363689,2.0636903247057186,2.0714778900146484,281500,0.0,0.0
2005-02-22 00:00:00-05:00,2.0507108187605194,2.0507108187605194,2.0026878593240314,2.0182628631591797,376600,0.0,0.0
2005-02-23 00:00:00-05:00,2.018263951311811,2.0740743808666573,2.018263951311811,2.0727765560150146,258200,0.0,0.0
2005-02-24 00:00:00-05:00,2.076668538847677,2.089647766727111,2.064987258512004,2.0883498191833496,125200,0.0,0.0
2005-02-25 00:00:00-05:00,2.0896473196232592,2.106520138965665,2.0896473196232592,2.0961368083953857,111100,0.0,0.0
2005-02-28 00:00:00-05:00,2.096137983095014,2.1065213194842336,2.088350542692666,2.0922443866729736,128400,0.0,0.0
2005-03-01 00:00:00-05:00,2.089646848022183,2.098732229275981,2.084455060129686,2.0974342823028564,145000,0.0,0.0
2005-03-02 00:00:00-05:00,2.090945521279602,2.1078183426748027,2.0896475738556393,2.1026268005371094,110100,0.0,0.0
2005-03-03 00:00:00-05:00,2.106522053452114,2.1078200018977893,2.090947167220717,2.0948407649993896,137800,0.0,0.0
2005-03-04 00:00:00-05:00,2.0974373854467814,2.106522780142357,2.089649939644636,2.1000332832336426,139700,0.0,0.0
2005-03-07 00:00:00-05:00,2.100030449363734,2.106519937515259,2.0922430140702835,2.106519937515259,123100,0.0,0.0
2005-03-08 00:00:00-05:00,2.101329106842497,2.114308335091171,2.096137316519752,2.105222702026367,158100,0.0,0.0
2005-03-09 00:00:00-05:00,2.0987333669784247,2.1039249101271333,2.0636895223813663,2.0818605422973633,208800,0.0,0.0
2005-03-10 00:00:00-05:00,2.0795084636048693,2.086047823498553,2.048119685788685,2.0598905086517334,224400,0.122,0.0
2005-03-11 00:00:00-05:00,2.053349719148755,2.072967785171067,2.0154216078456804,2.0285003185272217,277800,0.0,0.0
2005-03-14 00:00:00-05:00,2.032423190233427,2.040270438917601,2.0088815689086914,2.0088815689086914,267100,0.0,0.0
2005-03-15 00:00:00-05:00,2.0271926549195323,2.0271926549195323,1.9840330793414083,1.9879566431045532,255200,0.0,0.0
2005-03-16 00:00:00-05:00,1.9696456009580061,1.974877058242674,1.9487196470915549,1.9670298099517822,373900,0.0,0.0
2005-03-17 00:00:00-05:00,1.9722608123374599,2.0036495488057016,1.955258548901891,1.9984180927276611,265300,0.0,0.0
2005-03-18 00:00:00-05:00,2.0023425162203354,2.0311154728888767,1.9761851014630474,1.978800892829895,174200,0.0,0.0
2005-03-21 00:00:00-05:00,1.9683384316057877,1.9788013500350579,1.9487203660050367,1.9604911804199219,214600,0.0,0.0
2005-03-22 00:00:00-05:00,1.9604917252329568,1.9644154142801806,1.9487209075470067,1.9617996215820312,133900,0.0,0.0
2005-03-23 00:00:00-05:00,1.9487205105169088,1.9500284065995142,1.8990217066562591,1.9251790046691895,350700,0.0,0.0
2005-03-24 00:00:00-05:00,1.916023714731611,1.970954098849192,1.916023714731611,1.9604911804199219,216900,0.0,0.0
2005-03-28 00:00:00-05:00,1.9447967600411464,1.9591832413833083,1.9356417377986637,1.9395653009414673,138700,0.0,0.0
2005-03-29 00:00:00-05:00,1.930411003674372,1.9617997700606535,1.9291031072263094,1.957876205444336,151300,0.0,0.0
2005-03-30 00:00:00-05:00,1.961800306959633,2.012807159842629,1.9539530508515166,1.9997284412384033,177800,0.0,0.0
2005-03-31 00:00:00-05:00,1.9840319931601444,2.0049578214112884,1.9827240977125042,2.0010342597961426,124300,0.0,0.0
2005-04-01 00:00:00-05:00,2.00757363578091,2.00757363578091,1.9814162254333496,1.9814162254333496,138800,0.0,0.0
2005-04-04 00:00:00-04:00,1.9814168799503578,1.999727048296452,1.980109108783208,1.9892641305923462,144400,0.0,0.0
2005-04-05 00:00:00-04:00,1.9931881938841063,1.9971118825539425,1.9866488374955613,1.9918802976608276,105400,0.0,0.0
2005-04-06 00:00:00-04:00,1.9958040700785444,2.0128063475110705,1.994496173800384,2.01149845123291,108600,0.0,0.0
2005-04-07 00:00:00-04:00,2.0128046710629013,2.024575353579082,2.01018888068525,2.018036127090454,147100,0.0,0.0
2005-04-08 00:00:00-04:00,2.023269051283026,2.028500511106735,2.0101903393598324,2.0141139030456543,90400,0.0,0.0
2005-04-11 00:00:00-04:00,2.0232681707083793,2.024575941549253,2.0049580069304973,2.0088815689086914,132100,0.0,0.0
2005-04-12 00:00:00-04:00,2.0049586855265016,2.010190144843989,1.9761855969164055,1.9971115589141846,142100,0.0,0.0
2005-04-13 00:00:00-04:00,1.984189510345459,2.0026470064833135,1.977597493553827,1.984189510345459,175100,0.122,0.0
2005-04-14 00:00:00-04:00,1.9736439922480313,1.9855096072973324,1.9591415179733889,1.9604599475860596,118200,0.0,0.0
2005-04-15 00:00:00-04:00,1.955185552576287,1.9630960012739676,1.938046351841576,1.9446383714675903,128600,0.0,0.0
2005-04-18 00:00:00-04:00,1.9393647809132422,1.9525488201652712,1.9274991707328795,1.9446383714675903,158300,0.0,0.0
2005-04-19 00:00:00-04:00,1.9472762029654551,1.9775993323770273,1.9472762029654551,1.9749624729156494,151300,0.0,0.0
2005-04-20 00:00:00-04:00,1.972324278117017,1.9855083141926033,1.9657322600792237,1.9736427068710327,152900,0.0,0.0
2005-04-21 00:00:00-04:00,1.9775983882400634,2.006603199805967,1.9775983882400634,1.9986927509307861,112100,0.0,0.0
2005-04-22 00:00:00-04:00,1.997376197790759,2.0158338453469593,1.997376197790759,2.009241819381714,120900,0.0,0.0
2005-04-25 00:00:00-04:00,2.015831232070923,2.0237416781207895,2.01055764328177,2.015831232070923,103600,0.0,0.0
2005-04-26 00:00:00-04:00,2.01055909407461,2.0211062792636256,2.0026486423166663,2.0052855014801025,177400,0.0,0.0
2005-04-27 00:00:00-04:00,2.0039679816617424,2.029017652157002,2.0039679816617424,2.0211071968078613,116400,0.0,0.0
2005-04-28 00:00:00-04:00,2.030333317946961,2.0487909392854817,2.030333317946961,2.0435173511505127,70900,0.0,0.0
2005-04-29 00:00:00-04:00,2.038244801227786,2.0461552503256812,2.013195276260376,2.013195276260376,98700,0.0,0.0
2005-05-02 00:00:00-04:00,2.0118775138699765,2.042200639707804,2.0105590842946715,2.034290313720703,75200,0.0,0.0
2005-05-03 00:00:00-04:00,2.0501122718750198,2.0514307022094727,2.03033619405554,2.0514307022094727,136200,0.0,0.0
2005-05-04 00:00:00-04:00,2.056704247499996,2.0791170597076416,2.0527489565933994,2.0791170597076416,100900,0.0,0.0
2005-05-05 00:00:00-04:00,2.0764794729493503,2.094937113528116,2.065932285685024,2.072524309158325,131600,0.0,0.0
2005-05-06 00:00:00-04:00,2.0725235797623394,2.0764787421613997,2.055384375056618,2.065931558609009,108200,0.0,0.0
2005-05-09 00:00:00-04:00,2.068567327959986,2.0804329353617534,2.0672490249293465,2.07120418548584,83800,0.0,0.0
2005-05-10 00:00:00-04:00,2.0751603127842646,2.0764787421613997,2.0646131292318737,2.065931558609009,84100,0.0,0.0
2005-05-11 00:00:00-04:00,2.0728405386082915,2.080812931060791,2.0608818232106487,2.080812931060791,118100,0.122,0.0
2005-05-12 00:00:00-04:00,2.0834715671164585,2.0901151887214136,2.0648690971532906,2.0661978721618652,97800,0.0,0.0
2005-05-13 00:00:00-04:00,2.0648684922953313,2.071512238673106,2.0568959712982178,2.0568959712982178,73800,0.0,0.0
2005-05-16 00:00:00-04:00,2.051582234890976,2.0555685611493426,2.0329798858945916,2.03696608543396,112400,0.0,0.0
2005-05-17 00:00:00-04:00,2.03297820145105,2.0382931720061044,2.019690711703968,2.027663230895996,141300,0.0,0.0
2005-05-18 00:00:00-04:00,2.032978814377793,2.0489237308502197,2.0250062927821144,2.0489237308502197,176300,0.0,0.0
2005-05-19 00:00:00-04:00,2.0475930081934606,2.0661954564070144,2.0436068145472746,2.05955171585083,105700,0.0,0.0
2005-05-20 00:00:00-04:00,2.0608829264972406,2.0861290184040886,2.056896601418032,2.0848002433776855,135300,0.0,0.0
2005-05-23 00:00:00-04:00,2.086128668464917,2.102073585950176,2.0847998936614105,2.0941011905670166,135100,0.0,0.0
2005-05-24 00:00:00-04:00,2.099415830068658,2.1007446046614042,2.0861283375790336,2.0887858867645264,144700,0.0,0.0
2005-05-25 00:00:00-04:00,2.0847998936614105,2.095429965370523,2.0821424707733374,2.0941011905670166,113700,0.0,0.0
2005-05-26 00:00:00-04:00,2.094102659043951,2.124663740641737,2.094102659043951,2.1193487644195557,133300,0.0,0.0
2005-05-27 00:00:00-04:00,2.1140317097115284,2.1313055238490364,2.110045513143821,2.129976749420166,107800,0.0,0.0
2005-05-31 00:00:00-04:00,2.129976750146466,2.145921536422732,2.127319201287819,2.144592761993408,99400,0.0,0.0
2005-06-01 00:00:00-04:00,2.1313055238490364,2.145921535690995,2.120675455136977,2.129976749420166,125600,0.0,0.0
2005-06-02 00:00:00-04:00,2.124660947654761,2.127318495631869,2.1127022351954996,2.1153597831726074,119200,0.0,0.0
2005-06-03 00:00:00-04:00,2.122005125739978,2.1406075954437256,2.1193475757598894,2.1406075954437256,97400,0.0,0.0
2005-06-06 00:00:00-04:00,2.1352927132610544,2.1485802110787677,2.133963938135489,2.1459226608276367,102600,0.0,0.0
2005-06-07 00:00:00-04:00,2.1525655118670097,2.153894032922278,2.1432640904153866,2.1472504138946533,130200,0.0,0.0
2005-06-08 00:00:00-04:00,2.1485791032773167,2.1592090453631303,2.140606710072409,2.1538939476013184,97700,0.0,0.0
2005-06-09 00:00:00-04:00,2.1565529497247518,2.161868051068266,2.1472517758115823,2.148580551147461,85900,0.0,0.0
2005-06-10 00:00:00-04:00,2.1538956702738044,2.1538956702738044,2.137950871111437,2.152567148208618,89400,0.0,0.0
2005-06-13 00:00:00-04:00,2.154174452366355,2.154174452366355,2.1354308128356934,2.1354308128356934,111700,0.122,0.0
2005-06-14 00:00:00-04:00,2.1367677270122103,2.1421230294786877,2.130073567008993,2.13810658454895,116200,0.0,0.0
2005-06-15 00:00:00-04:00,2.1394448280334473,2.1407836852658173,2.1287342255353923,2.1394448280334473,114600,0.0,0.0
2005-06-16 00:00:00-04:00,2.135426839488129,2.150153875350952,2.1340879832241373,2.150153875350952,101500,0.0,0.0
2005-06-17 00:00:00-04:00,2.1555118639534023,2.164883613586426,2.1501564325282314,2.164883613586426,87000,0.0,0.0
2005-06-20 00:00:00-04:00,2.1648823332346883,2.1755929343895555,2.159526904976817,2.17291522026062,163400,0.0,0.0
2005-06-21 00:00:00-04:00,2.175592969543135,2.186303570871066,2.168898939473508,2.1702375411987305,128800,0.0,0.0
2005-06-22 00:00:00-04:00,2.172915321873777,2.175593036127932,2.1635435773451217,2.1742541790008545,176900,0.0,0.0
2005-06-23 00:00:00-04:00,2.175594027300034,2.202370671318897,2.1675611362387763,2.190321207046509,188000,0.0,0.0
2005-06-24 00:00:00-04:00,2.195674026239207,2.195674026239207,2.179608261358449,2.187641143798828,128900,0.0,0.0
2005-06-27 00:00:00-04:00,2.195674846435555,2.1970137032358705,2.1729147915518343,2.1889808177948,118900,0.0,0.0
2005-06-28 00:00:00-04:00,2.195675169591657,2.202369454578491,2.186303425970952,2.192997455596924,153100,0.0,0.0
2005-06-29 00:00:00-04:00,2.187641960994484,2.192997132834923,2.180947932353729,2.1889808177948,110300,0.0,0.0
2005-06-30 00:00:00-04:00,2.1849645689735855,2.1943363125942907,2.180948253342347,2.192997455596924,98700,0.0,0.0
2005-07-01 00:00:00-04:00,2.2010311537617215,2.209064042414898,2.1943368670833023,2.2063863277435303,103800,0.0,0.0
2005-07-05 00:00:00-04:00,2.209064356623579,2.2278078512673014,2.205047784045226,2.2197749614715576,138000,0.0,0.0
2005-07-06 00:00:00-04:00,2.209063623120269,2.231823682785034,2.209063623120269,2.231823682785034,116100,0.0,0.0
2005-07-07 00:00:00-04:00,2.2318249195668947,2.2411966689703595,2.230486061743397,2.2385189533233643,120300,0.0,0.0
2005-07-08 00:00:00-04:00,2.24387264251709,2.2545832414285463,2.2278066164694947,2.24387264251709,140200,0.0,0.0
2005-07-11 00:00:00-04:00,2.2425337857330554,2.2492278142924076,2.2358397571737028,2.24387264251709,105700,0.0,0.0
2005-07-12 00:00:00-04:00,2.2492290196127986,2.2559233071203173,2.2385184149617263,2.2532455921173096,128900,0.0,0.0
2005-07-13 00:00:00-04:00,2.2589087208898717,2.2589087208898717,2.222496399177238,2.23058819770813,130400,0.122,0.0
2005-07-14 00:00:00-04:00,2.242724884140053,2.2454221497193925,2.2251931723251537,2.2332847118377686,130200,0.0,0.0
2005-07-15 00:00:00-04:00,2.2373306102067776,2.2373306102067776,2.2184502656022085,2.2332847118377686,100400,0.0,0.0
2005-07-18 00:00:00-04:00,2.235982685177494,2.244074227251342,2.2184509678132427,2.2238452434539795,179700,0.0,0.0
2005-07-19 00:00:00-04:00,2.2251942600097774,2.2319371700286865,2.2184513499908687,2.2319371700286865,131700,0.0,0.0
2005-07-20 00:00:00-04:00,2.231937770569987,2.2400295734405518,2.223846224925021,2.2400295734405518,86900,0.0,0.0
2005-07-21 00:00:00-04:00,2.2319357266896387,2.2319357266896387,2.219798290724167,2.2224955558776855,136500,0.0,0.0
2005-07-22 00:00:00-04:00,2.222498339611074,2.237333059310913,2.2198010710791602,2.237333059310913,83100,0.0,0.0
2005-07-25 00:00:00-04:00,2.237331244029633,2.2386798772013625,2.227891069053002,2.2292397022247314,97100,0.0,0.0
2005-07-26 00:00:00-04:00,2.238679943169957,2.238679943169957,2.2103591601800416,2.214405059814453,145600,0.0,0.0
2005-07-27 00:00:00-04:00,2.221149228950727,2.2292410328109287,2.2117090483394546,2.2278923988342285,110000,0.0,0.0
2005-07-28 00:00:00-04:00,2.226541970245308,2.24002804191679,2.2251933373556176,2.2386794090270996,69700,0.0,0.0
2005-07-29 00:00:00-04:00,2.2332852705323605,2.256211519241333,2.231936637405307,2.256211519241333,78800,0.0,0.0
2005-08-01 00:00:00-04:00,2.2602576121203377,2.2629548786053544,2.2413772611762024,2.2494688034057617,131100,0.0,0.0
2005-08-02 00:00:00-04:00,2.244074270435729,2.2494688034057617,2.240028627933694,2.2494688034057617,103500,0.0,0.0
2005-08-03 00:00:00-04:00,2.2413773985221237,2.257560483972901,2.2413773985221237,2.2481203079223633,138500,0.0,0.0
2005-08-04 00:00:00-04:00,2.242727339149055,2.2494705104788384,2.2359844250449563,2.237333059310913,85800,0.0,0.0
2005-08-05 00:00:00-04:00,2.229239962797784,2.2332856055603862,2.204965077320143,2.207662343978882,119900,0.0,0.0
2005-08-08 00:00:00-04:00,2.2117087841033936,2.229240766480297,2.2103601502878165,2.2117087841033936,95300,0.0,0.0
2005-08-09 00:00:00-04:00,2.2144067912410184,2.2386816935768694,2.2144067912410184,2.237333059310913,102400,0.0,0.0
2005-08-10 00:00:00-04:00,2.240028627933694,2.256211712392813,2.2359827282061695,2.2494688034057617,108500,0.0,0.0
2005-08-11 00:00:00-04:00,2.2551744641705778,2.2551744641705778,2.241589024320252,2.2483816146850586,84500,0.122,0.0
2005-08-12 00:00:00-04:00,2.2415899007283167,2.247024182441406,2.2280044555664062,2.2280044555664062,84200,0.0,0.0
2005-08-15 00:00:00-04:00,2.2239288805646678,2.2280043325035654,2.2103434361531438,2.214418888092041,97400,0.0,0.0
2005-08-16 00:00:00-04:00,2.2212132163753315,2.223930358887975,2.2076277629330874,2.213062047958374,88400,0.0,0.0
2005-08-17 00:00:00-04:00,2.213060207505009,2.215777088637233,2.1967576251078835,2.2062673568725586,121900,0.0,0.0
2005-08-18 00:00:00-04:00,2.210343907214688,2.2144193600221334,2.2008341718361764,2.2035510540008545,92300,0.0,0.0
2005-08-19 00:00:00-04:00,2.1981175564872366,2.2103444360767686,2.194041843583754,2.196758985519409,107100,0.0,0.0
2005-08-22 00:00:00-04:00,2.203550584386982,2.214418888092041,2.19675799174162,2.214418888092041,88400,0.0,0.0
2005-08-23 00:00:00-04:00,2.21577792274301,2.218495064018829,2.2035510461226786,2.2089853286743164,68000,0.0,0.0
2005-08-24 00:00:00-04:00,2.204909560547945,2.221212148666382,2.204909560547945,2.221212148666382,92300,0.0,0.0
2005-08-25 00:00:00-04:00,2.2198543040599823,2.2280054712245922,2.2171371619648013,2.226646900177002,94400,0.0,0.0
2005-08-26 00:00:00-04:00,2.237513109762409,2.237513109762409,2.221210790731227,2.2307205200195312,88800,0.0,0.0
2005-08-29 00:00:00-04:00,2.221210795140528,2.2252862453460693,2.2171350858142973,2.2252862453460693,92200,0.0,0.0
2005-08-30 00:00:00-04:00,2.225288494580669,2.2334399214722738,2.221213040255818,2.222571611404419,67400,0.0,0.0
2005-08-31 00:00:00-04:00,2.2280042718089006,2.2361554345854433,2.2212116793485803,2.2320799827575684,69600,0.0,0.0
2005-09-01 00:00:00-04:00,2.237516274432754,2.2538188756424944,2.2307236750826447,2.2511017322540283,95900,0.0,0.0
2005-09-02 00:00:00-04:00,2.2443066887791456,2.2687604344022847,2.2443066887791456,2.25789213180542,77500,0.0,0.0
2005-09-06 00:00:00-04:00,2.2483821403024864,2.266043293972875,2.2483821403024864,2.25789213180542,74900,0.0,0.0
2005-09-07 00:00:00-04:00,2.25789213180542,2.25789213180542,2.2497407105171914,2.25789213180542,72100,0.0,0.0
2005-09-08 00:00:00-04:00,2.248381857301744,2.2687601488365545,2.248381857301744,2.2646844387054443,88400,0.0,0.0
2005-09-09 00:00:00-04:00,2.2674016492611857,2.279628520913773,2.2619673689174804,2.2741942405700684,86100,0.0,0.0
2005-09-12 00:00:00-04:00,2.271476806451865,2.279628225912567,2.268759925752346,2.270118236541748,95900,0.0,0.0
2005-09-13 00:00:00-04:00,2.27586911599402,2.27586911599402,2.2553411835555557,2.267657995223999,88800,0.122,0.0
2005-09-14 00:00:00-04:00,2.2676553874978596,2.2690239495568676,2.2484960407247963,2.258075714111328,88700,0.0,0.0
2005-09-15 00:00:00-04:00,2.2512344537781286,2.2594455698068945,2.241654513880118,2.245760202407837,98100,0.0,0.0
2005-09-16 00:00:00-04:00,2.2526029331274606,2.2594457478796257,2.2430232535011227,2.2567086219787598,53500,0.0,0.0
2005-09-19 00:00:00-04:00,2.258074838205213,2.277234177546378,2.252600592092639,2.255337715148926,64600,0.0,0.0
2005-09-20 00:00:00-04:00,2.251234795658619,2.2649199041092736,2.22796974585511,2.2334437370300293,138600,0.0,0.0
2005-09-21 00:00:00-04:00,2.2430234173561723,2.2430234173561723,2.221126930603071,2.2334437370300293,112800,0.0,0.0
2005-09-22 00:00:00-04:00,2.2320738234528217,2.2443906224274426,2.222494148922906,2.2307052612304688,98600,0.0,0.0
2005-09-23 00:00:00-04:00,2.226599811989752,2.233442362002436,2.210177326522138,2.222494125366211,101200,0.0,0.0
2005-09-26 00:00:00-04:00,2.227968397812317,2.248496309094501,2.2252312733676116,2.2307052612304688,116500,0.0,0.0
2005-09-27 00:00:00-04:00,2.2307051171948338,2.2348108035967895,2.203334657594738,2.218388319015503,153800,0.0,0.0
2005-09-28 00:00:00-04:00,2.2170205692428375,2.2224945581135285,2.189649841809577,2.2060723304748535,123100,0.0,0.0
2005-09-29 00:00:00-04:00,2.208810221879045,2.2307067096007,2.2060733566838806,2.2293384075164795,87000,0.0,0.0
2005-09-30 00:00:00-04:00,2.219758581906777,2.248497886687169,2.219758581906777,2.243023633956909,64300,0.0,0.0
2005-10-03 00:00:00-04:00,2.234812515888256,2.2498664498697343,2.2334439527056906,2.243023633956909,63700,0.0,0.0
2005-10-04 00:00:00-04:00,2.2484967708587646,2.2649189988464538,2.2375485318581028,2.2484967708587646,76600,0.0,0.0
2005-10-05 00:00:00-04:00,2.238915130807212,2.249863360206151,2.2170186720093343,2.2238612174987793,85500,0.0,0.0
2005-10-06 00:00:00-04:00,2.218388319015503,2.2293368160873857,2.206071781862709,2.218388319015503,73600,0.0,0.0
2005-10-07 00:00:00-04:00,2.2129147848170683,2.217020472060066,2.2060722337719962,2.2101776599884033,44300,0.0,0.0
2005-10-10 00:00:00-04:00,2.2238630057075826,2.23207411910275,2.2142833299087883,2.219757318496704,64400,0.0,0.0
2005-10-11 00:00:00-04:00,2.2238626638280414,2.2265997882145094,2.2060718773690984,2.214282989501953,91000,0.0,0.0
2005-10-12 00:00:00-04:00,2.2062851835194586,2.2145586793149437,2.144233439033943,2.1552648544311523,120000,0.122,0.0
2005-10-13 00:00:00-04:00,2.14974952378561,2.14974952378561,2.0559823449582866,2.1028659343719482,281200,0.0,0.0
2005-10-14 00:00:00-04:00,2.090454180026735,2.142853443591323,2.0890752208923242,2.138716697692871,153900,0.0,0.0
2005-10-17 00:00:00-04:00,2.1373394296758743,2.156644478317931,2.1304447600533623,2.1511287689208984,97700,0.0,0.0
2005-10-18 00:00:00-04:00,2.1456109393474385,2.152505470652263,2.1373373176749912,2.142853021621704,90500,0.0,0.0
2005-10-19 00:00:00-04:00,2.138718365412896,2.14699186366127,2.1373394052032055,2.1414761543273926,66200,0.0,0.0
2005-10-20 00:00:00-04:00,2.138720899983393,2.1580258397775567,2.1359629762956325,2.145615577697754,104900,0.0,0.0
2005-10-21 00:00:00-04:00,2.1580243284700455,2.175950425371365,2.145614075081391,2.1704347133636475,81900,0.0,0.0
2005-10-24 00:00:00-04:00,2.1566442871700784,2.184222831710898,2.1566442871700784,2.1787071228027344,82400,0.0,0.0
2005-10-25 00:00:00-04:00,2.1718134566036276,2.1842238402535807,2.1704344958636472,2.180087089538574,106200,0.0,0.0
2005-10-26 00:00:00-04:00,2.181466137379083,2.1828450982572494,2.1580243284700455,2.1704347133636475,101000,0.0,0.0
2005-10-27 00:00:00-04:00,2.1787072861222407,2.1814650750306144,2.16078119795072,2.1621601581573486,66300,0.0,0.0
2005-10-28 00:00:00-04:00,2.162160342399634,2.16767605219127,2.1538867119597325,2.163539171218872,51000,0.0,0.0
2005-10-31 00:00:00-05:00,2.151129757221031,2.1607822202242772,2.1373404116407255,2.1400983333587646,118500,0.0,0.0
2005-11-01 00:00:00-05:00,2.1290641152567753,2.1538848536570483,2.1249273693583235,2.138716697692871,90700,0.0,0.0
2005-11-02 00:00:00-05:00,2.138718830541391,2.166297383208561,2.1290662384791976,2.1649184226989746,68100,0.0,0.0
2005-11-03 00:00:00-05:00,2.1718134566036276,2.1856028009935606,2.166297745148641,2.180087089538574,117900,0.0,0.0
2005-11-04 00:00:00-05:00,2.177328349393433,2.182844058774539,2.1649179704097237,2.1745705604553223,91400,0.0,0.0
2005-11-07 00:00:00-05:00,2.1787073022444288,2.2049068888398278,2.1704336724483175,2.200770139694214,113100,0.0,0.0
2005-11-08 00:00:00-05:00,2.1869790668932114,2.220073428338508,2.1869790668932114,2.207663059234619,134600,0.0,0.0
2005-11-09 00:00:00-05:00,2.2173158047375745,2.2214526826584504,2.204905433984542,2.2145578861236572,93100,0.0,0.0
2005-11-10 00:00:00-05:00,2.2186954021453857,2.225589937653465,2.206285027823107,2.2186954021453857,85400,0.0,0.0
2005-11-11 00:00:00-05:00,2.211801814597157,2.2269698518177594,2.2076649337134744,2.2242119312286377,90300,0.0,0.0
2005-11-14 00:00:00-05:00,2.227268354781387,2.2314364975729006,2.2189316716771117,2.223099946975708,106700,0.122,0.0
2005-11-15 00:00:00-05:00,2.22310203412456,2.2272704458437325,2.205039314196433,2.2161548137664795,87600,0.0,0.0
2005-11-16 00:00:00-05:00,2.217542065900385,2.217542065900385,2.1466807276509394,2.156406879425049,224300,0.0,0.0
2005-11-17 00:00:00-05:00,2.1703009657891577,2.177248178531575,2.1536277347115926,2.1619644165039062,97900,0.0,0.0
2005-11-18 00:00:00-05:00,2.148070727358649,2.1716911792755127,2.148070727358649,2.1716911792755127,84100,0.0,0.0
2005-11-21 00:00:00-05:00,2.1661326911465317,2.1744692404317836,2.1550172037614885,2.1619644165039062,132200,0.0,0.0
2005-11-22 00:00:00-05:00,2.1689114967392618,2.177248178531575,2.1577960093542186,2.1619644165039062,105900,0.0,0.0
2005-11-23 00:00:00-05:00,2.1758593304184615,2.1758593304184615,2.1480706040256337,2.153628349304199,111600,0.0,0.0
2005-11-25 00:00:00-05:00,2.1647434295090573,2.1661328986920836,2.149459666016992,2.156406879425049,44300,0.0,0.0
2005-11-28 00:00:00-05:00,2.150847102233541,2.1716887240423364,2.150847102233541,2.168909788131714,104600,0.0,0.0
2005-11-29 00:00:00-05:00,2.174469129728029,2.1897530234846463,2.168911386318456,2.1841952800750732,92900,0.0,0.0
2005-11-30 00:00:00-05:00,2.177248030938669,2.1939212608859764,2.1661325443071306,2.186974048614502,111900,0.0,0.0
2005-12-01 00:00:00-05:00,2.1855873240570514,2.1994817660469734,2.1758612941684374,2.1967029571533203,132000,0.0,0.0
2005-12-02 00:00:00-05:00,2.209205899831099,2.2133743083547697,2.1897538567490584,2.2105953693389893,72200,0.0,0.0
2005-12-05 00:00:00-05:00,2.2092059594396543,2.2217109203338623,2.2008694071815884,2.2217109203338623,100500,0.0,0.0
2005-12-06 00:00:00-05:00,2.214763918087437,2.217542857445423,2.2022590884978634,2.2119851112365723,110600,0.0,0.0
2005-12-07 00:00:00-05:00,2.2161529318121196,2.2161529318121196,2.173080440682099,2.17724871635437,158100,0.0,0.0
2005-12-08 00:00:00-05:00,2.1758585619829636,2.186974048614502,2.1605748009913612,2.186974048614502,149400,0.0,0.0
2005-12-09 00:00:00-05:00,2.173079216507691,2.2064256681147807,2.173079216507691,2.2022573947906494,77300,0.0,0.0
2005-12-12 00:00:00-05:00,2.2147638400864738,2.228658403879936,2.2050378176903025,2.227268934249878,122200,0.0,0.0
2005-12-13 00:00:00-05:00,2.2331486190088214,2.2331486190088214,2.206546907057781,2.224748134613037,104800,0.122,0.0
2005-12-14 00:00:00-05:00,2.2163473487976604,2.22474796608036,2.2051466147695824,2.21494722366333,123300,0.0,0.0
2005-12-15 00:00:00-05:00,2.2191491883233603,2.2191491883233603,2.2065483201367644,2.2079484462738037,83100,0.0,0.0
2005-12-16 00:00:00-05:00,2.2177466460508497,2.2177466460508497,2.192544937133789,2.192544937133789,100100,0.0,0.0
2005-12-19 00:00:00-05:00,2.1911443972467635,2.19674476110879,2.170143066144966,2.1813437938690186,116400,0.0,0.0
2005-12-20 00:00:00-05:00,2.1841471714393417,2.1925476625048157,2.156145178492034,2.1771466732025146,170600,0.0,0.0
2005-12-21 00:00:00-05:00,2.1701458417140156,2.2149488099122436,2.164545470689237,2.2079484462738037,156000,0.0,0.0
2005-12-22 00:00:00-05:00,2.2149496070701544,2.219149986992983,2.202348734348518,2.2135496139526367,102500,0.0,0.0
2005-12-23 00:00:00-05:00,2.2331488485427258,2.2457498434781784,2.2163477445009656,2.244349718093872,80200,0.0,0.0
2005-12-27 00:00:00-05:00,2.230348731297419,2.2499499525844864,2.2219481125148857,2.244349718093872,104400,0.0,0.0
2005-12-28 00:00:00-05:00,2.239239820968654,2.253430241760056,2.2349827488631866,2.2449159622192383,66600,0.214,0.0
2005-12-29 00:00:00-05:00,2.23072624844337,2.244916537541546,2.2222119667205313,2.226469039916992,114100,0.0,0.0
2005-12-30 00:00:00-05:00,2.233566162207757,2.2378233743747713,2.213699713415155,2.2278900146484375,96700,0.0,0.0
2006-01-03 00:00:00-05:00,2.233566409789367,2.257690073422992,2.215118894344239,2.2505948543548584,103800,0.0,0.0
2006-01-04 00:00:00-05:00,2.2605257445622313,2.2818112431728013,2.2591066752335536,2.2775540351867676,114500,0.0,0.0
2006-01-05 00:00:00-05:00,2.2846494729855475,2.290325479866927,2.2605258347551107,2.263363838195801,113000,0.0,0.0
2006-01-06 00:00:00-05:00,2.2775569973887797,2.2803951397374376,2.256271471094148,2.266204833984375,113400,0.0,0.0
2006-01-09 00:00:00-05:00,2.2732977998812256,2.2889070259973936,2.267621520813613,2.2846500873565674,93700,0.0,0.0
2006-01-10 00:00:00-05:00,2.2818132603358205,2.288908342591588,2.2576896017421566,2.261946678161621,122000,0.0,0.0
2006-01-11 00:00:00-05:00,2.270459049792383,2.2747162579482754,2.2534306231585286,2.263363838195801,90800,0.0,0.0
2006-01-12 00:00:00-05:00,2.270459660347419,2.2846500873565674,2.2591073728720774,2.2846500873565674,94600,0.0,0.0
2006-01-13 00:00:00-05:00,2.29032587107117,2.303097227060477,2.281811723964917,2.296002149581909,92200,0.0,0.0
2006-01-17 00:00:00-05:00,2.3059344135127207,2.311610689678045,2.2846489192122448,2.2917439937591553,95800,0.0,0.0
2006-01-18 00:00:00-05:00,2.284648917559884,2.2988393373031863,2.2818107794792746,2.2931630611419678,73200,0.0,0.0
2006-01-19 00:00:00-05:00,2.2775535723583604,2.3016772047240512,2.2704584978165814,2.2931630611419678,108300,0.0,0.0
2006-01-20 00:00:00-05:00,2.2846489192122448,2.293163062800486,2.2832298501709136,2.2917439937591553,91200,0.0,0.0
2006-01-23 00:00:00-05:00,2.2874880002404905,2.3016781551837604,2.286068930614192,2.2974212169647217,83900,0.0,0.0
2006-01-24 00:00:00-05:00,2.2889061114821834,2.3087728096213542,2.2789728977424857,2.3030965328216553,106200,0.0,0.0
2006-01-25 00:00:00-05:00,2.2945821694621364,2.3229630094345795,2.2945821694621364,2.314448595046997,103500,0.0,0.0
2006-01-26 00:00:00-05:00,2.311610727577552,2.341410365954843,2.311610727577552,2.314448595046997,142100,0.0,0.0
2006-01-27 00:00:00-05:00,2.3144485554270493,2.3258008370897425,2.2931630611419678,2.2931630611419678,72900,0.0,0.0
2006-01-30 00:00:00-05:00,2.3030974334357874,2.3030974334357874,2.253431209985695,2.257688283920288,159600,0.0,0.0
2006-01-31 00:00:00-05:00,2.2534307496026242,2.276135455051671,2.2505926106727765,2.269040107727051,81600,0.0,0.0
2006-02-01 00:00:00-05:00,2.269039430417348,2.2917439937591553,2.266201427664558,2.2917439937591553,85600,0.0,0.0
2006-02-02 00:00:00-05:00,2.284652001933658,2.3016803120867415,2.2803947890653324,2.2945852279663086,111400,0.0,0.0
2006-02-03 00:00:00-05:00,2.3030986817300447,2.3030986817300447,2.2832322357142427,2.3016796112060547,96000,0.0,0.0
2006-02-06 00:00:00-05:00,2.305936586208186,2.3158698081970215,2.2974224345977556,2.3158698081970215,98600,0.0,0.0
2006-02-07 00:00:00-05:00,2.3101940343499936,2.3144509752619356,2.296003599770123,2.3016796112060547,91100,0.0,0.0
2006-02-08 00:00:00-05:00,2.300258135683747,2.3073534808852703,2.2789726413986653,2.2931630611419678,113500,0.0,0.0
2006-02-09 00:00:00-05:00,2.302028351567171,2.313466990581522,2.2963088957006623,2.3091773986816406,82500,0.122,0.0
2006-02-10 00:00:00-05:00,2.3191877484741594,2.323477343286706,2.299170184786645,2.306319236755371,94500,0.0,0.0
2006-02-13 00:00:00-05:00,2.313468253544526,2.313468253544526,2.2963101492967555,2.307748794555664,82500,0.0,0.0
2006-02-14 00:00:00-05:00,2.2963101492967555,2.3120383887973106,2.2963101492967555,2.307748794555664,109500,0.0,0.0
2006-02-15 00:00:00-05:00,2.3020290304554334,2.3191868576776185,2.29916930167882,2.3148975372314453,96900,0.0,0.0
2006-02-16 00:00:00-05:00,2.317757061585137,2.322046654876455,2.3077482832908154,2.3134677410125732,75400,0.0,0.0
2006-02-17 00:00:00-05:00,2.317757061585137,2.3206167904460155,2.309178147721255,2.3134677410125732,79400,0.0,0.0
2006-02-21 00:00:00-05:00,2.3020290304554334,2.320616722065925,2.296309572902207,2.3148975372314453,147300,0.0,0.0
2006-02-22 00:00:00-05:00,2.3077477096019448,2.332054853439331,2.306317845526959,2.332054853439331,114800,0.0,0.0
2006-02-23 00:00:00-05:00,2.3320549584472956,2.3520727836797755,2.3220461821904057,2.3506429195404053,83700,0.0,0.0
2006-02-24 00:00:00-05:00,2.340635499247916,2.352074146270752,2.3392056342802046,2.352074146270752,61200,0.0,0.0
2006-02-27 00:00:00-05:00,2.354933299246827,2.354933299246827,2.332056008156737,2.3434946537017822,95000,0.0,0.0
2006-02-28 00:00:00-05:00,2.347782614289133,2.356361524298368,2.344922886713177,2.353501796722412,67100,0.0,0.0
2006-03-01 00:00:00-05:00,2.3520727836797755,2.359221831657926,2.3492130554010355,2.3506429195404053,90900,0.0,0.0
2006-03-02 00:00:00-05:00,2.350645298973672,2.3592242197751783,2.3492154333869255,2.3563644886016846,59300,0.0,0.0
2006-03-03 00:00:00-05:00,2.3535019299038837,2.363510976986127,2.342063291671396,2.3449230194091797,84900,0.0,0.0
2006-03-06 00:00:00-05:00,2.3492117185273416,2.357790625762835,2.3349133579891572,2.337773084640503,62800,0.0,0.0
2006-03-07 00:00:00-05:00,2.347784551367617,2.359223198390453,2.3291968522250803,2.352074146270752,72100,0.0,0.0
2006-03-08 00:00:00-05:00,2.356363845515264,2.3620833063013262,2.3449251966620404,2.349214792251587,94400,0.0,0.0
2006-03-09 00:00:00-05:00,2.356705986790101,2.358146549039236,2.327895291325716,2.33221697807312,61600,0.122,0.0
2006-03-10 00:00:00-05:00,2.3322144876040443,2.345179259242594,2.3322144876040443,2.3379764556884766,81400,0.0,0.0
2006-03-13 00:00:00-05:00,2.340859120038763,2.361026433765434,2.3394185583784233,2.3538239002227783,76100,0.0,0.0
2006-03-14 00:00:00-05:00,2.348062404061282,2.3696705611136624,2.3408598682165755,2.352384090423584,144200,0.0,0.0
2006-03-15 00:00:00-05:00,2.353822458684788,2.3696683524850726,2.348060215572367,2.365346670150757,91200,0.0,0.0
2006-03-16 00:00:00-05:00,2.3639084549764537,2.38119492670746,2.3639084549764537,2.3667895793914795,86400,0.0,0.0
2006-03-17 00:00:00-05:00,2.382633185368959,2.382633185368959,2.3639061695358468,2.3739898204803467,110800,0.0,0.0
2006-03-20 00:00:00-05:00,2.3682289321941066,2.3840745588664234,2.361026124834866,2.378312587738037,72200,0.0,0.0
2006-03-21 00:00:00-05:00,2.3696703702434516,2.3855160027773112,2.368229808238717,2.381194591522217,115100,0.0,0.0
2006-03-22 00:00:00-05:00,2.3826332691245478,2.3941574812889215,2.369668496094766,2.3912763595581055,98300,0.0,0.0
2006-03-23 00:00:00-05:00,2.3883955150997465,2.3912766371650362,2.35238231356039,2.356703996658325,130700,0.0,0.0
2006-03-24 00:00:00-05:00,2.348060630462455,2.35814455769097,2.343739222123443,2.356703996658325,142700,0.0,0.0
2006-03-27 00:00:00-05:00,2.3639069479345114,2.3639069479345114,2.349501609802246,2.349501609802246,86000,0.0,0.0
2006-03-28 00:00:00-05:00,2.353823955147692,2.365348173940277,2.3480617083718744,2.362467050552368,96700,0.0,0.0
2006-03-29 00:00:00-05:00,2.362465548594546,2.376870881616725,2.3552630194628934,2.365346670150757,91700,0.0,0.0
2006-03-30 00:00:00-05:00,2.3610248922322365,2.3682276958311634,2.3523818026723875,2.359584331512451,55300,0.0,0.0
2006-03-31 00:00:00-05:00,2.356705390340183,2.3624673631192907,2.348062019032894,2.3581459522247314,78000,0.0,0.0
2006-04-03 00:00:00-04:00,2.342297643955709,2.3610243797302246,2.342297643955709,2.3610243797302246,86900,0.0,0.0
2006-04-04 00:00:00-04:00,2.353823955147692,2.3725507076509995,2.353823955147692,2.362467050552368,80700,0.0,0.0
2006-04-05 00:00:00-04:00,2.35526311490541,2.372549295425415,2.35526311490541,2.372549295425415,77800,0.0,0.0
2006-04-06 00:00:00-04:00,2.3624670505523686,2.3682292973281855,2.3581456402295546,2.362467050552368,64000,0.0,0.0
2006-04-07 00:00:00-04:00,2.3610257889666557,2.3624663502335768,2.3451801645484616,2.3509421348571777,94600,0.0,0.0
2006-04-10 00:00:00-04:00,2.3509435283028166,2.3552652146651187,2.3365381818542734,2.352384090423584,64600,0.0,0.0
2006-04-11 00:00:00-04:00,2.358477415722335,2.361380223595549,2.341060845310046,2.355574607849121,84800,0.122,0.0
2006-04-12 00:00:00-04:00,2.3396108396192545,2.351221799850464,2.3323538164577937,2.351221799850464,88700,0.0,0.0
2006-04-13 00:00:00-04:00,2.3570265830502097,2.3570265830502097,2.3236451148986816,2.3236451148986816,55700,0.0,0.0
2006-04-17 00:00:00-04:00,2.3221945823199537,2.329451329658837,2.2830074823047846,2.290264368057251,141800,0.0,0.0
2006-04-18 00:00:00-04:00,2.2888137195023606,2.297521874025218,2.272848538854421,2.283008098602295,156100,0.0,0.0
2006-04-19 00:00:00-04:00,2.2873612332140447,2.3076803431064805,2.285909828674998,2.296069383621216,154200,0.0,0.0
2006-04-20 00:00:00-04:00,2.2960684599348564,2.322193177473756,2.293165790438034,2.3076794147491455,68900,0.0,0.0
2006-04-21 00:00:00-04:00,2.32509674464819,2.3265481490773094,2.307680168325846,2.3178398609161377,82300,0.0,0.0
2006-04-24 00:00:00-04:00,2.31058355139303,2.326548727253801,2.3076807418134067,2.3250973224639893,83900,0.0,0.0
2006-04-25 00:00:00-04:00,2.3294494668388026,2.3309008705113503,2.3076789654044756,2.312033176422119,86200,0.0,0.0
2006-04-26 00:00:00-04:00,2.309131145477295,2.310582549637849,2.2989715931804544,2.309131145477295,77300,0.0,0.0
2006-04-27 00:00:00-04:00,2.301875138370728,2.317840313380506,2.3004238720718524,2.313486099243164,54100,0.0,0.0
2006-04-28 00:00:00-04:00,2.319291703304742,2.3280001320436123,2.31058355139303,2.3250973224639893,59100,0.0,0.0
2006-05-01 00:00:00-04:00,2.325096456849777,2.3323532012700516,2.316388169766509,2.326547861099243,53000,0.0,0.0
2006-05-02 00:00:00-04:00,2.3221940115931967,2.3279996294991867,2.3120344570848124,2.320742607116699,84100,0.0,0.0
2006-05-03 00:00:00-04:00,2.320742531360832,2.329450681108459,2.3134856476287795,2.3178398609161377,84100,0.0,0.0
2006-05-04 00:00:00-04:00,2.3105843261346592,2.326549507348574,2.3091329208581897,2.322195291519165,92200,0.0,0.0
2006-05-05 00:00:00-04:00,2.322194062175062,2.339610639445301,2.322194062175062,2.336707830429077,71300,0.0,0.0
2006-05-08 00:00:00-04:00,2.3352568856426963,2.372992579800992,2.332354076055022,2.362833023071289,114700,0.0,0.0
2006-05-09 00:00:00-04:00,2.3733612077136916,2.3733612077136916,2.361662580424769,2.3645873069763184,94400,0.122,0.0
2006-05-10 00:00:00-04:00,2.368974396803643,2.374823570989466,2.3514263164116214,2.3645873069763184,113700,0.0,0.0
2006-05-11 00:00:00-04:00,2.36897569312477,2.3762872345872976,2.354352331282285,2.3558146953582764,84900,0.0,0.0
2006-05-12 00:00:00-04:00,2.3455757087408555,2.3528872417340527,2.3397262592126133,2.3470377922058105,84200,0.0,0.0
2006-05-15 00:00:00-04:00,2.342652989559366,2.3485021651780755,2.3397282622913393,2.3455777168273926,95500,0.0,0.0
2006-05-16 00:00:00-04:00,2.3470398015440623,2.3485021651780755,2.338265898657326,2.3455777168273926,94300,0.0,0.0
2006-05-17 00:00:00-04:00,2.345576371259245,2.345576371259245,2.326565933839982,2.3309528827667236,130100,0.0,0.0
2006-05-18 00:00:00-04:00,2.3236406913856054,2.3470377922058105,2.3236406913856054,2.3470377922058105,142800,0.0,0.0
2006-05-19 00:00:00-04:00,2.3499643776770123,2.3645877341593184,2.3470396505970856,2.3602006435394287,174700,0.0,0.0
2006-05-22 00:00:00-04:00,2.368975390858124,2.3894479274749756,2.364588299189916,2.3894479274749756,148100,0.0,0.0
2006-05-23 00:00:00-04:00,2.3894466398846355,2.408456802368164,2.38798427678325,2.408456802368164,176800,0.0,0.0
2006-05-24 00:00:00-04:00,2.4084557515930163,2.412842838983149,2.4011442181932487,2.4069933891296387,153900,0.0,0.0
2006-05-25 00:00:00-04:00,2.4069945863955615,2.4113816759678817,2.3982206861681807,2.4040701389312744,114700,0.0,0.0
2006-05-26 00:00:00-04:00,2.4040699969724826,2.4113815335773485,2.3952958183459523,2.4055323600769043,79300,0.0,0.0
2006-05-30 00:00:00-04:00,2.405533452188101,2.4143073558807373,2.3996839971147637,2.4143073558807373,86700,0.0,0.0
2006-05-31 00:00:00-04:00,2.4157697196490715,2.4245436233417075,2.4099202645757343,2.4143073558807373,107000,0.0,0.0
2006-06-01 00:00:00-04:00,2.41430565131259,2.449401520221827,2.41430565131259,2.447939157485962,132100,0.0,0.0
2006-06-02 00:00:00-04:00,2.452327296105711,2.468412735255799,2.4450154792944963,2.459638833999634,162500,0.0,0.0
2006-06-05 00:00:00-04:00,2.474260314075449,2.4757226763297298,2.4537878003496814,2.456712245941162,166800,0.0,0.0
2006-06-06 00:00:00-04:00,2.4713355895668876,2.474260314075449,2.45086307584112,2.456712245941162,172100,0.0,0.0
2006-06-07 00:00:00-04:00,2.4684121657145845,2.4757239808387306,2.4508643672510884,2.4654877185821533,147700,0.0,0.0
2006-06-08 00:00:00-04:00,2.4790399336837154,2.4790399336837154,2.430431318550713,2.452526092529297,142400,0.122,0.0
2006-06-09 00:00:00-04:00,2.452526092529297,2.4554721373131865,2.437796149560143,2.452526092529297,115600,0.0,0.0
2006-06-12 00:00:00-04:00,2.453999811454096,2.4643106901740115,2.4319050312042236,2.4319050312042236,163900,0.0,0.0
2006-06-13 00:00:00-04:00,2.41570037912734,2.4289572942361937,2.374456892966621,2.3906595706939697,171900,0.0,0.0
2006-06-14 00:00:00-04:00,2.3759297671642914,2.3847678983664062,2.3626731322615067,2.3715109825134277,122700,0.0,0.0
2006-06-15 00:00:00-04:00,2.408337084073707,2.439269718383014,2.3921341150829143,2.4348509311676025,146400,0.0,0.0
2006-06-16 00:00:00-04:00,2.3715117573330615,2.3744578020296307,2.3553087924522167,2.3597278594970703,1445900,0.0,0.0
2006-06-19 00:00:00-04:00,2.3567803099898543,2.3715102431173123,2.3567803099898543,2.367091178894043,242300,0.0,0.0
2006-06-20 00:00:00-04:00,2.3641466455916382,2.3715117573330615,2.3582548371487855,2.3597278594970703,210800,0.0,0.0
2006-06-21 00:00:00-04:00,2.3641466455916382,2.3715117573330615,2.356781814800501,2.3597278594970703,215700,0.0,0.0
2006-06-22 00:00:00-04:00,2.3582540505091614,2.3656188788436228,2.3567810286522306,2.3612000942230225,158200,0.0,0.0
2006-06-23 00:00:00-04:00,2.3612017434467987,2.3656205311537803,2.3567826747894287,2.3567826747894287,180200,0.0,0.0
2006-06-26 00:00:00-04:00,2.362672740917723,2.3641454815906093,2.342050719145399,2.3435237407684326,204100,0.0,0.0
2006-06-27 00:00:00-04:00,2.342050387773319,2.3479423329567406,2.334685561650333,2.3376314640045166,171100,0.0,0.0
2006-06-28 00:00:00-04:00,2.349415850857983,2.3597268624642194,2.3391049797268306,2.34794282913208,128600,0.0,0.0
2006-06-29 00:00:00-04:00,2.343523067198381,2.364144802093506,2.33468522095048,2.364144802093506,148500,0.0,0.0
2006-06-30 00:00:00-04:00,2.359727838138278,2.359727838138278,2.350889844603709,2.355308771133423,145100,0.0,0.0
2006-07-03 00:00:00-04:00,2.3626731322615067,2.3715109825134277,2.3626731322615067,2.3715109825134277,68300,0.0,0.0
2006-07-05 00:00:00-04:00,2.3715109825134277,2.3715109825134277,2.3612001103944875,2.3715109825134277,94200,0.0,0.0
2006-07-06 00:00:00-04:00,2.372984531977867,2.372984531977867,2.3612006353719353,2.365619421005249,127700,0.0,0.0
2006-07-07 00:00:00-04:00,2.3715109825134277,2.3715109825134277,2.365618895045351,2.3715109825134277,110300,0.0,0.0
2006-07-10 00:00:00-04:00,2.372984004380447,2.372984004380447,2.3626731322615067,2.3715109825134277,147400,0.0,0.0
2006-07-11 00:00:00-04:00,2.3792288303375244,2.38071309932358,2.3614178856002197,2.3792288303375244,98300,0.122,0.0
2006-07-12 00:00:00-04:00,2.3896180330063483,2.3896180330063483,2.376259897447241,2.3881337642669678,98700,0.0,0.0
2006-07-13 00:00:00-04:00,2.388135173783337,2.388135173783337,2.376261299955456,2.3821980953216553,83600,0.0,0.0
2006-07-14 00:00:00-04:00,2.3866504734765215,2.3866504734765215,2.3599341914110994,2.374776601791382,124000,0.0,0.0
2006-07-17 00:00:00-04:00,2.365871127253669,2.374776601791382,2.3450919225785327,2.374776601791382,151600,0.0,0.0
2006-07-18 00:00:00-04:00,2.374778279657306,2.383683618939244,2.365872798827552,2.377746820449829,113500,0.0,0.0
2006-07-19 00:00:00-04:00,2.3629022787378835,2.382197210379675,2.3614180096738413,2.3807132244110107,101300,0.0,0.0
2006-07-20 00:00:00-04:00,2.3866498588283953,2.389618396759033,2.374775990201204,2.389618396759033,118100,0.0,0.0
2006-07-21 00:00:00-04:00,2.383683618939244,2.3896207005242904,2.3673570692238135,2.377746820449829,164900,0.0,0.0
2006-07-24 00:00:00-04:00,2.374776690159398,2.3940716262049486,2.374776690159398,2.386650562286377,112500,0.0,0.0
2006-07-25 00:00:00-04:00,2.382196689309447,2.3940705561291735,2.379228434926002,2.3881337642669678,149500,0.0,0.0
2006-07-26 00:00:00-04:00,2.389618396759033,2.3970394584902683,2.383681320897758,2.389618396759033,132200,0.0,0.0
2006-07-27 00:00:00-04:00,2.3866498588283953,2.3955551895249494,2.385165589863077,2.389618396759033,130000,0.0,0.0
2006-07-28 00:00:00-04:00,2.3896180330063483,2.3896180330063483,2.382196689309447,2.3881337642669678,103400,0.0,0.0
2006-07-31 00:00:00-04:00,2.388134967114313,2.3940717619667424,2.3836821586533974,2.391103506088257,109600,0.0,0.0
2006-08-01 00:00:00-04:00,2.391101306017109,2.397038095407052,2.388132769774539,2.3955538272857666,128400,0.0,0.0
2006-08-02 00:00:00-04:00,2.3925889357729386,2.407431071648887,2.3925889357729386,2.4044628143310547,139200,0.0,0.0
2006-08-03 00:00:00-04:00,2.3970412796668072,2.4089151573152985,2.3970412796668072,2.40743088722229,148600,0.0,0.0
2006-08-04 00:00:00-04:00,2.4118821277222375,2.4237559976425933,2.4089135894683014,2.422271728515625,166000,0.0,0.0
2006-08-07 00:00:00-04:00,2.431177597291087,2.431177597291087,2.4118826605685375,2.4178197383880615,197800,0.0,0.0
2006-08-08 00:00:00-04:00,2.4282087821958416,2.4356298446655273,2.417819181500127,2.4356298446655273,152900,0.0,0.0
2006-08-09 00:00:00-04:00,2.4374236449132995,2.4419098035891316,2.416488808190935,2.4239654541015625,200700,0.122,0.0
2006-08-10 00:00:00-04:00,2.4239668052426766,2.426957579360316,2.4075181180274963,2.412003993988037,124100,0.0,0.0
2006-08-11 00:00:00-04:00,2.414995507607223,2.4269583225250244,2.409014242756325,2.4269583225250244,80200,0.0,0.0
2006-08-14 00:00:00-04:00,2.431442385227949,2.438919031138577,2.412002649515103,2.4239654541015625,142800,0.0,0.0
2006-08-15 00:00:00-04:00,2.4329388909188774,2.435929664745574,2.422471467741331,2.428452730178833,133200,0.0,0.0
2006-08-16 00:00:00-04:00,2.434434409375188,2.4389202851417333,2.4254620874102857,2.437424898147583,152600,0.0,0.0
2006-08-17 00:00:00-04:00,2.4404143264594076,2.4493863582611084,2.434433066996857,2.4493863582611084,129400,0.0,0.0
2006-08-18 00:00:00-04:00,2.4493871561043288,2.4613499641418457,2.443405894693491,2.4613499641418457,142600,0.0,0.0
2006-08-21 00:00:00-04:00,2.4688278330309052,2.471818607477651,2.4449022078888354,2.459855794906616,154400,0.0,0.0
2006-08-22 00:00:00-04:00,2.464339859898862,2.4673306321471817,2.447891182964584,2.4538724422454834,126100,0.0,0.0
2006-08-23 00:00:00-04:00,2.4523798954707035,2.4568660590372335,2.4389216899871826,2.4389216899871826,114400,0.0,0.0
2006-08-24 00:00:00-04:00,2.4449045931653233,2.4583628060897156,2.4389230384361587,2.4434092044830322,153800,0.0,0.0
2006-08-25 00:00:00-04:00,2.444901281350161,2.4628453507985153,2.4419105080368215,2.4613499641418457,133300,0.0,0.0
2006-08-28 00:00:00-04:00,2.4598548121361397,2.4643406867980957,2.447892004344531,2.4643406867980957,151000,0.0,0.0
2006-08-29 00:00:00-04:00,2.465835734430964,2.4733126665327183,2.4598544739653563,2.4703218936920166,145300,0.0,0.0
2006-08-30 00:00:00-04:00,2.477797997880932,2.4942469596862793,2.470321352632538,2.4942469596862793,130100,0.0,0.0
2006-08-31 00:00:00-04:00,2.495741654459626,2.495741654459626,2.4852742399250505,2.492750883102417,125300,0.0,0.0
2006-09-01 00:00:00-04:00,2.4942484415039554,2.500229704212955,2.4867715065978264,2.491257667541504,86800,0.0,0.0
2006-09-05 00:00:00-04:00,2.49424851869465,2.4957439057221547,2.4822857076905285,2.486771583557129,104900,0.0,0.0
2006-09-06 00:00:00-04:00,2.4882668647555826,2.49125763868339,2.4733135655483465,2.476304054260254,170900,0.0,0.0
2006-09-07 00:00:00-04:00,2.460033399713732,2.475097960616915,2.4479818084577056,2.4675655364990234,178800,0.122,0.0
2006-09-08 00:00:00-04:00,2.463048615714128,2.473593731763948,2.4525034996643074,2.4615421295166016,99100,0.0,0.0
2006-09-11 00:00:00-04:00,2.470579135349983,2.488656670504285,2.4570210558174246,2.482630729675293,116900,0.0,0.0
2006-09-12 00:00:00-04:00,2.490163155711533,2.4961888092078515,2.482630729675293,2.482630729675293,181300,0.0,0.0
2006-09-13 00:00:00-04:00,2.490164894049153,2.5052291819723838,2.4856454352724593,2.5007100105285645,145700,0.0,0.0
2006-09-14 00:00:00-04:00,2.5052289962768555,2.50824196857132,2.496190366726314,2.5052289962768555,87500,0.0,0.0
2006-09-15 00:00:00-04:00,2.520292780232441,2.520292780232441,2.502215526799094,2.512760639190674,148800,0.0,0.0
2006-09-18 00:00:00-04:00,2.5157736105404855,2.524812237257159,2.5037220124740003,2.512760639190674,138500,0.0,0.0
2006-09-19 00:00:00-04:00,2.5187857347198097,2.5428889254954865,2.5052276539919043,2.511253595352173,151100,0.0,0.0
2006-09-20 00:00:00-04:00,2.512758798498822,2.523303903165709,2.5082393447847764,2.5217974185943604,152700,0.0,0.0
2006-09-21 00:00:00-04:00,2.5278246467602123,2.5278246467602123,2.5097471100121056,2.511253595352173,111900,0.0,0.0
2006-09-22 00:00:00-04:00,2.512760004926625,2.5263180852457223,2.490163300172359,2.493175983428955,140800,0.0,0.0
2006-09-25 00:00:00-04:00,2.5022147400406483,2.515772819519043,2.4961887992357297,2.515772819519043,147500,0.0,0.0
2006-09-26 00:00:00-04:00,2.514266334317813,2.515772819519043,2.4946823140345002,2.515772819519043,137400,0.0,0.0
2006-09-27 00:00:00-04:00,2.5157716853593306,2.530835955915011,2.5082392627489476,2.5202908515930176,100600,0.0,0.0
2006-09-28 00:00:00-04:00,2.524811167787925,2.53686276074955,2.5202917126775755,2.530836820602417,105300,0.0,0.0
2006-09-29 00:00:00-04:00,2.53535705951359,2.544395685195923,2.5293314048362783,2.544395685195923,121800,0.0,0.0
2006-10-02 00:00:00-04:00,2.5443946747348307,2.5459011596390675,2.5263174305492213,2.5398755073547363,82400,0.0,0.0
2006-10-03 00:00:00-04:00,2.544396399938031,2.544396399938031,2.500709457424123,2.5037224292755127,181000,0.0,0.0
2006-10-04 00:00:00-04:00,2.5052263756420796,2.523303903165709,2.502213693831935,2.5217974185943604,151500,0.0,0.0
2006-10-05 00:00:00-04:00,2.523304682751142,2.530836820602417,2.5127595748263,2.530836820602417,99300,0.0,0.0
2006-10-06 00:00:00-04:00,2.529330080983302,2.541381671362845,2.5233041421272406,2.5383687019348145,114700,0.0,0.0
2006-10-09 00:00:00-04:00,2.5609654557715706,2.67394922587914,2.5428879261280217,2.5594589710235596,133600,0.0,0.0
2006-10-10 00:00:00-04:00,2.559763465153557,2.5688674623798553,2.549141797410212,2.5643153190612793,150600,0.122,0.0
2006-10-11 00:00:00-04:00,2.567349842473689,2.567349842473689,2.550658941268921,2.550658941268921,117100,0.0,0.0
2006-10-12 00:00:00-04:00,2.5491437586310264,2.5734212961866683,2.5491437586310264,2.567352056503296,120200,0.0,0.0
2006-10-13 00:00:00-04:00,2.5734176269816964,2.5794871474221615,2.5612788755114306,2.5688657760620117,97600,0.0,0.0
2006-10-16 00:00:00-04:00,2.574936712368774,2.5885928529930684,2.5658327150895293,2.5870754718780518,117800,0.0,0.0
2006-10-17 00:00:00-04:00,2.5855571837142004,2.5916264159548907,2.562796766932128,2.573418140411377,126000,0.0,0.0
2006-10-18 00:00:00-04:00,2.5627999004536712,2.57493866918778,2.5552132785240067,2.5582480430603027,118400,0.0,0.0
2006-10-19 00:00:00-04:00,2.555213287725475,2.567352056503296,2.5521785231782506,2.567352056503296,102500,0.0,0.0
2006-10-20 00:00:00-04:00,2.5703854700825692,2.5825242324803828,2.5643159441782006,2.5794894695281982,111300,0.0,0.0
2006-10-23 00:00:00-04:00,2.5810050424756414,2.5855571837142004,2.5688662885835396,2.573418140411377,126000,0.0,0.0
2006-10-24 00:00:00-04:00,2.571902206109683,2.590110200431431,2.571902206109683,2.5825235843658447,168700,0.0,0.0
2006-10-25 00:00:00-04:00,2.5961798249868964,2.603766441345215,2.581006302859397,2.603766441345215,155600,0.0,0.0
2006-10-26 00:00:00-04:00,2.6022478888104477,2.6174214041077115,2.596178656337982,2.6128692626953125,156800,0.0,0.0
2006-10-27 00:00:00-04:00,2.614387821626085,2.617422583935632,2.5870755396618885,2.5901103019714355,115300,0.0,0.0
2006-10-30 00:00:00-05:00,2.5901108504499195,2.5916282319260118,2.5734199436238296,2.5794894695281982,148700,0.0,0.0
2006-10-31 00:00:00-05:00,2.5794889249090978,2.5855584495319803,2.5734194002862147,2.5764541625976562,109000,0.0,0.0
2006-11-01 00:00:00-05:00,2.579488822175269,2.5870754382408556,2.5779714410799817,2.5825235843658447,112400,0.0,0.0
2006-11-02 00:00:00-05:00,2.5825245504026997,2.5840419320655896,2.5521774959668226,2.5552122592926025,149900,0.0,0.0
2006-11-03 00:00:00-05:00,2.550658668335399,2.5719017101622152,2.5354851497193285,2.5461068153381348,106200,0.0,0.0
2006-11-06 00:00:00-05:00,2.538520939563646,2.5749372253463116,2.5370035581463375,2.5719027519226074,113000,0.0,0.0
2006-11-07 00:00:00-05:00,2.562797360171819,2.5855577822225033,2.562797360171819,2.5703842639923096,126200,0.0,0.0
2006-11-08 00:00:00-05:00,2.5627969887297404,2.5794878853049172,2.559762517052137,2.577970504760742,114700,0.0,0.0
2006-11-09 00:00:00-05:00,2.57216384630208,2.5798053335565556,2.559937291792487,2.5629940032958984,157300,0.122,0.0
2006-11-10 00:00:00-05:00,2.553823842935944,2.582862018916324,2.552295778703759,2.5721638202667236,130800,0.0,0.0
2006-11-13 00:00:00-05:00,2.5813343569991676,2.5828627131461994,2.5599379539489746,2.5599379539489746,132400,0.0,0.0
2006-11-14 00:00:00-05:00,2.541599019895148,2.575222285988507,2.5293724571805396,2.5660524368286133,170800,0.0,0.0
2006-11-15 00:00:00-05:00,2.5584098654271066,2.5675797117643926,2.544654950169099,2.5507683753967285,124700,0.0,0.0
2006-11-16 00:00:00-05:00,2.558410240067321,2.5752218704009513,2.552297105448675,2.5736935138702393,135600,0.0,0.0
2006-11-17 00:00:00-05:00,2.575220492248627,2.582861979308575,2.5645222937630816,2.576748847961426,167200,0.0,0.0
2006-11-20 00:00:00-05:00,2.5752203603274433,2.5828618469959395,2.5660505180244417,2.5798051357269287,116400,0.0,0.0
2006-11-21 00:00:00-05:00,2.5798064531231564,2.6012031514285754,2.5798064531231564,2.598146438598633,116800,0.0,0.0
2006-11-22 00:00:00-05:00,2.6057872271177276,2.6088439391241307,2.573692625562801,2.581334114074707,150200,0.0,0.0
2006-11-24 00:00:00-05:00,2.5828630924224854,2.5828630924224854,2.5752216020693512,2.5828630924224854,64400,0.0,0.0
2006-11-27 00:00:00-05:00,2.5752194252176492,2.5966158133232393,2.5752194252176492,2.5874459743499756,96300,0.0,0.0
2006-11-28 00:00:00-05:00,2.582862969896796,2.5981462413822287,2.579806257298878,2.5935611724853516,99000,0.0,0.0
2006-11-29 00:00:00-05:00,2.5905024581318368,2.619540327593616,2.5905024581318368,2.608842134475708,123700,0.0,0.0
2006-11-30 00:00:00-05:00,2.607314486181243,2.6317675889364454,2.607314486181243,2.625654458999634,87400,0.0,0.0
2006-12-01 00:00:00-05:00,2.6241275219587905,2.636354079944746,2.613429320159097,2.618014097213745,104400,0.0,0.0
2006-12-04 00:00:00-05:00,2.6229386587037875,2.626017001907035,2.6060064499085867,2.6183207035064697,122200,0.122,0.0
2006-12-05 00:00:00-05:00,2.6183207035064697,2.629095638705247,2.616781385107364,2.6183207035064697,105700,0.0,0.0
2006-12-06 00:00:00-05:00,2.6137040261330933,2.6321755623580216,2.6137040261330933,2.6260182857513428,125700,0.0,0.0
2006-12-07 00:00:00-05:00,2.6214014924829536,2.6337157561908833,2.6090872287750244,2.6090872287750244,131800,0.0,0.0
2006-12-08 00:00:00-05:00,2.6029300689697266,2.616783652973084,2.6013907492365513,2.6029300689697266,73400,0.0,0.0
2006-12-11 00:00:00-05:00,2.6090843109679414,2.6198592429630914,2.601387721260779,2.615241289138794,96400,0.0,0.0
2006-12-12 00:00:00-05:00,2.6183207035064697,2.626017001907035,2.612163429910046,2.6183207035064697,135600,0.0,0.0
2006-12-13 00:00:00-05:00,2.6167823385547235,2.644489492644044,2.6167823385547235,2.6275572776794434,109800,0.0,0.0
2006-12-14 00:00:00-05:00,2.632173492899674,2.6337128108411063,2.6090843109679414,2.615241289138794,122000,0.0,0.0
2006-12-15 00:00:00-05:00,2.616782786582475,2.624479089104963,2.6090864840599868,2.6229400634765625,91000,0.0,0.0
2006-12-18 00:00:00-05:00,2.619862398132005,2.6475695672565047,2.6183230783367297,2.636794328689575,119200,0.0,0.0
2006-12-19 00:00:00-05:00,2.632174816870456,2.6367924794225375,2.6167819233084604,2.6213998794555664,117600,0.0,0.0
2006-12-20 00:00:00-05:00,2.621398693341015,2.63833060436244,2.621398693341015,2.630634307861328,80500,0.0,0.0
2006-12-21 00:00:00-05:00,2.6229390263430505,2.6552638364701275,2.6229390263430505,2.6429495811462402,132000,0.0,0.0
2006-12-22 00:00:00-05:00,2.6429485584200423,2.6506448549211545,2.6260163538037253,2.630634307861328,85900,0.0,0.0
2006-12-26 00:00:00-05:00,2.6229415706409416,2.6414128247467,2.6229415706409416,2.639873504638672,72700,0.0,0.0
2006-12-27 00:00:00-05:00,2.6546209202204865,2.657725811004639,2.6406492077904824,2.6577258110046387,69500,0.145,0.0
2006-12-28 00:00:00-05:00,2.6546187439276543,2.6747999252824717,2.6546187439276543,2.670142889022827,76400,0.0,0.0
2006-12-29 00:00:00-05:00,2.670143187233378,2.693429259427585,2.670143187233378,2.685667037963867,85300,0.0,0.0
2007-01-03 00:00:00-05:00,2.6779054655672065,2.7136108007111264,2.632885463439081,2.6437525749206543,203200,0.0,0.0
2007-01-04 00:00:00-05:00,2.6468562016888804,2.657723309203855,2.6313323545785816,2.6328845024108887,173000,0.0,0.0
2007-01-05 00:00:00-05:00,2.6344374967940682,2.6421997180694983,2.609598980909622,2.639094829559326,136600,0.0,0.0
2007-01-08 00:00:00-05:00,2.6390960568537802,2.6530677655485415,2.635991166899699,2.6422009468078613,105500,0.0,0.0
2007-01-09 00:00:00-05:00,2.645305933243349,2.6856683197241136,2.6390961531087,2.656172752380371,175200,0.0,0.0
2007-01-10 00:00:00-05:00,2.657723523022533,2.6639330031465356,2.6390944904536697,2.6406469345092773,109900,0.0,0.0
2007-01-11 00:00:00-05:00,2.6406472738144124,2.646856754736291,2.6235706831069314,2.639094829559326,137300,0.0,0.0
2007-01-12 00:00:00-05:00,2.645305019418022,2.6484096123142455,2.632885463439081,2.6437525749206543,136800,0.0,0.0
2007-01-16 00:00:00-05:00,2.6421993785648845,2.654618634911318,2.6359896023424545,2.6406469345092773,121600,0.0,0.0
2007-01-17 00:00:00-05:00,2.645305019418022,2.6468571678168775,2.632885463439081,2.6437525749206543,109400,0.0,0.0
2007-01-18 00:00:00-05:00,2.640646801962474,2.654618501663208,2.6359894700294255,2.654618501663208,103000,0.0,0.0
2007-01-19 00:00:00-05:00,2.6499629929102753,2.6794588565826416,2.6453059538715866,2.6794588565826416,100000,0.0,0.0
2007-01-22 00:00:00-05:00,2.682562445476853,2.690324370842098,2.673247779720392,2.685667037963867,132000,0.0,0.0
2007-01-23 00:00:00-05:00,2.679457462750408,2.699638645650075,2.6779050185122086,2.6825623512268066,137400,0.0,0.0
2007-01-24 00:00:00-05:00,2.688772201538086,2.6918770904411193,2.6732480531214233,2.688772201538086,131500,0.0,0.0
2007-01-25 00:00:00-05:00,2.6825627198305226,2.699639016600199,2.677905386475973,2.688772201538086,174800,0.0,0.0
2007-01-26 00:00:00-05:00,2.6965344601109975,2.6996390529573384,2.679457867012841,2.6918771266937256,167600,0.0,0.0
2007-01-29 00:00:00-05:00,2.6810124821511514,2.7011936844352404,2.6779075906924468,2.694984197616577,123100,0.0,0.0
2007-01-30 00:00:00-05:00,2.6949820156385735,2.6965344601109975,2.6872197932764537,2.6918771266937256,97700,0.0,0.0
2007-01-31 00:00:00-05:00,2.687218498104022,2.7027426392475054,2.682561463029832,2.698085308074951,109000,0.0,0.0
2007-02-01 00:00:00-05:00,2.691879306157872,2.7011936844352404,2.6841173736098565,2.694984197616577,117100,0.0,0.0
2007-02-02 00:00:00-05:00,2.6996377894847345,2.712057043353215,2.693428310599679,2.701190233230591,92500,0.0,0.0
2007-02-05 00:00:00-05:00,2.708952866558827,2.7151623463942296,2.6965336107896087,2.705847978591919,107300,0.0,0.0
2007-02-06 00:00:00-05:00,2.7058490988783483,2.718268359789439,2.693429837967258,2.699639320373535,137800,0.0,0.0
2007-02-07 00:00:00-05:00,2.694982833411439,2.7042972069738545,2.6856681637504263,2.6903254985809326,172400,0.0,0.0
2007-02-08 00:00:00-05:00,2.6890724912552084,2.6890724912552084,2.6765651898250833,2.679691791534424,130100,0.122,0.0
2007-02-09 00:00:00-05:00,2.6734395920885357,2.6922004042728855,2.671876141373551,2.6890738010406494,120300,0.0,0.0
2007-02-12 00:00:00-05:00,2.685947880327136,2.6890747828988273,2.660933256149292,2.660933256149292,160600,0.0,0.0
2007-02-13 00:00:00-05:00,2.6609324282767615,2.6734397364743945,2.6390444152825916,2.6515517234802246,153400,0.0,0.0
2007-02-14 00:00:00-05:00,2.6562433512449175,2.671877568547996,2.6484263916923245,2.667187213897705,131300,0.0,0.0
2007-02-15 00:00:00-05:00,2.6718769500600925,2.6718769500600925,2.6624965411287858,2.668750047683716,150700,0.0,0.0
2007-02-16 00:00:00-05:00,2.660933425031463,2.6718772865291167,2.657806522261316,2.670313835144043,128800,0.0,0.0
2007-02-20 00:00:00-05:00,2.670314100615498,2.673441003696509,2.6593702380298514,2.664060592651367,154200,0.0,0.0
2007-02-21 00:00:00-05:00,2.662494063573361,2.6656206648424887,2.648423314170875,2.65311336517334,189200,0.0,0.0
2007-02-22 00:00:00-05:00,2.653115578391955,2.660932833579763,2.642171719326818,2.64373517036438,200200,0.0,0.0
2007-02-23 00:00:00-05:00,2.6390441929507658,2.6609322041009342,2.63435413914537,2.6593687534332275,112900,0.0,0.0
2007-02-26 00:00:00-05:00,2.664060988118458,2.670314497010892,2.6515533739377197,2.6656241416931152,101700,0.0,0.0
2007-02-27 00:00:00-05:00,2.6578055930911995,2.6640593964451607,2.617156765883721,2.6421713829040527,129900,0.0,0.0
2007-02-28 00:00:00-05:00,2.6296634948010147,2.657805007295777,2.628100044307118,2.6546781063079834,117300,0.0,0.0
2007-03-01 00:00:00-05:00,2.637482237554595,2.657806509063908,2.6312284320453543,2.645299196243286,140100,0.0,0.0
2007-03-02 00:00:00-05:00,2.635919012679787,2.6578067374472054,2.610904384889056,2.6202847957611084,160500,0.0,0.0
2007-03-05 00:00:00-05:00,2.62184772461143,2.6327915848134973,2.584325790405273,2.5843257904052734,200500,0.0,0.0
2007-03-06 00:00:00-05:00,2.584324976815572,2.595268833572326,2.5765077232766536,2.582761526107788,156500,0.0,0.0
2007-03-07 00:00:00-05:00,2.5843252228845706,2.60308603676884,2.5843252228845706,2.599959135055542,122500,0.0,0.0
2007-03-08 00:00:00-05:00,2.608149741689553,2.622324493035825,2.598700007592582,2.611299753189087,106500,0.122,0.0
2007-03-09 00:00:00-05:00,2.6065733112171237,2.619173049926758,2.6065733112171237,2.619173049926758,80900,0.0,0.0
2007-03-12 00:00:00-04:00,2.619173049926758,2.6254730694823083,2.609723320994899,2.619173049926758,108700,0.0,0.0
2007-03-13 00:00:00-04:00,2.6112991459840744,2.617599167518199,2.567199896449884,2.573499917984009,126600,0.0,0.0
2007-03-14 00:00:00-04:00,2.5734992145477484,2.5876739587234656,2.5671991947356614,2.5719242095947266,93500,0.0,0.0
2007-03-15 00:00:00-04:00,2.5609015527552264,2.611300550530203,2.5577515402938595,2.593975782394409,155600,0.0,0.0
2007-03-16 00:00:00-04:00,2.5939731739847756,2.606572910758661,2.571923709730832,2.575073719024658,106200,0.0,0.0
2007-03-19 00:00:00-04:00,2.5798008024936627,2.595550563029865,2.5798008024936627,2.592400550842285,153300,0.0,0.0
2007-03-20 00:00:00-04:00,2.5986981621862104,2.601848171448837,2.5829484162744953,2.595548152923584,119400,0.0,0.0
2007-03-21 00:00:00-04:00,2.5923987775348687,2.6144485473632812,2.5892490679035163,2.6144485473632812,89700,0.0,0.0
2007-03-22 00:00:00-04:00,2.614448753654761,2.6396482351028756,2.6097237382326717,2.634923219680786,162300,0.0,0.0
2007-03-23 00:00:00-04:00,2.62862221550714,2.6805961581561704,2.62862221550714,2.6742961406707764,129500,0.0,0.0
2007-03-26 00:00:00-04:00,2.674298499602414,2.6774485111236572,2.6443742913555015,2.6774485111236572,138500,0.0,0.0
2007-03-27 00:00:00-04:00,2.6616983661648907,2.6758731155438857,2.6490986223170716,2.658548355102539,118700,0.0,0.0
2007-03-28 00:00:00-04:00,2.658548792667891,2.67744856175109,2.658548792667891,2.6711485385894775,81900,0.0,0.0
2007-03-29 00:00:00-04:00,2.666423308416545,2.6790230519130738,2.661698291954754,2.6679983139038086,138100,0.0,0.0
2007-03-30 00:00:00-04:00,2.6695733193910725,2.683748068374865,2.663273297442018,2.6679983139038086,78400,0.0,0.0
2007-04-02 00:00:00-04:00,2.6648464148440527,2.675871145042125,2.6616964061013557,2.6742961406707764,69100,0.0,0.0
2007-04-03 00:00:00-04:00,2.6742980354512826,2.6790230519130738,2.6648483029292813,2.6679983139038086,83100,0.0,0.0
2007-04-04 00:00:00-04:00,2.6695714279580987,2.6868958752401966,2.6695714279580987,2.6742961406707764,82900,0.0,0.0
2007-04-05 00:00:00-04:00,2.6742960683112997,2.7026455454257747,2.6742960683112997,2.6931958198547363,114900,0.0,0.0
2007-04-09 00:00:00-04:00,2.69319893541631,2.7010736657683054,2.674299162009131,2.683749198913574,138400,0.0,0.0
2007-04-10 00:00:00-04:00,2.6935833976160533,2.6983424879366633,2.6824791561025183,2.69675612449646,99600,0.122,0.0
2007-04-11 00:00:00-04:00,2.688823517200809,2.6951686658152436,2.6634423176075406,2.676132917404175,133000,0.0,0.0
2007-04-12 00:00:00-04:00,2.6682018329439052,2.6808924362102986,2.663443045823913,2.671374559402466,73300,0.0,0.0
2007-04-13 00:00:00-04:00,2.671374263784519,2.7046869802094267,2.6650288115695946,2.7031009197235107,108000,0.0,0.0
2007-04-16 00:00:00-04:00,2.7046878958157228,2.70944698658799,2.6919972896575928,2.6919972896575928,84200,0.0,0.0
2007-04-17 00:00:00-04:00,2.7046862992923018,2.7173768979594195,2.6983411512426123,2.712618112564087,127100,0.0,0.0
2007-04-18 00:00:00-04:00,2.709445804716012,2.7205500424396694,2.6904097524984674,2.706273078918457,132700,0.0,0.0
2007-04-19 00:00:00-04:00,2.696756318582051,2.718964803207466,2.693583591473303,2.7046878337860107,91800,0.0,0.0
2007-04-20 00:00:00-04:00,2.703100423829193,2.715791023363087,2.6761328619986995,2.6888234615325928,105700,0.0,0.0
2007-04-23 00:00:00-04:00,2.688825534059928,2.688825534059928,2.6761349247442037,2.687239170074463,115400,0.0,0.0
2007-04-24 00:00:00-04:00,2.682479410680975,2.6919972896575928,2.6745478952951127,2.6919972896575928,106000,0.0,0.0
2007-04-25 00:00:00-04:00,2.6856506809270453,2.7126182422044605,2.6856506809270453,2.7015140056610107,127600,0.0,0.0
2007-04-26 00:00:00-04:00,2.7031000158858816,2.7126178884579546,2.701513653362584,2.7078588008880615,59300,0.0,0.0
2007-04-27 00:00:00-04:00,2.7015148112911396,2.7189642013911794,2.6967557216813955,2.6983420848846436,97600,0.0,0.0
2007-04-30 00:00:00-04:00,2.6983418305623177,2.70944606937062,2.6856512287002836,2.7031009197235107,107700,0.0,0.0
2007-05-01 00:00:00-04:00,2.7046864226556355,2.718963384628296,2.6967549115898253,2.718963384628296,102100,0.0,0.0
2007-05-02 00:00:00-04:00,2.717377229625916,2.7284817695617676,2.712618443649755,2.7284817695617676,89600,0.0,0.0
2007-05-03 00:00:00-04:00,2.7284828611281187,2.7300689220428467,2.718964680232369,2.7300689220428467,79300,0.0,0.0
2007-05-04 00:00:00-04:00,2.726895496429834,2.7364133712630734,2.725309133529663,2.725309133529663,83700,0.0,0.0
2007-05-07 00:00:00-04:00,2.730069472302982,2.734828563710077,2.7237243196614793,2.7316558361053467,108200,0.0,0.0
2007-05-08 00:00:00-04:00,2.7237231887697178,2.7380001544952393,2.7221368256260114,2.7380001544952393,104700,0.0,0.0
2007-05-09 00:00:00-04:00,2.7319302832521046,2.7415159180082638,2.7287349700927734,2.7287349700927734,86300,0.122,0.0
2007-05-10 00:00:00-04:00,2.7287349291214205,2.7351255553441294,2.7287349291214205,2.733527898788452,70600,0.0,0.0
2007-05-11 00:00:00-04:00,2.731928602470226,2.7415142313289573,2.7303309468734964,2.738318920135498,96600,0.0,0.0
2007-05-14 00:00:00-04:00,2.738318920135498,2.747904853715877,2.7335262580669557,2.738318920135498,87700,0.0,0.0
2007-05-15 00:00:00-04:00,2.739919639626392,2.744712611776286,2.7351269721984863,2.7351269721984863,95300,0.0,0.0
2007-05-16 00:00:00-04:00,2.7351253289969515,2.7447109628159185,2.7351253289969515,2.7399179935455322,84000,0.0,0.0
2007-05-17 00:00:00-04:00,2.7399179935455322,2.7463086192393806,2.7399179935455322,2.7399179935455322,107300,0.0,0.0
2007-05-18 00:00:00-04:00,2.739915823259519,2.7463064438913594,2.739915823259519,2.7431111335754395,102300,0.0,0.0
2007-05-21 00:00:00-04:00,2.7399179935455322,2.7463086192393806,2.7399179935455322,2.7399179935455322,100900,0.0,0.0
2007-05-22 00:00:00-04:00,2.7351234126008657,2.743111384399505,2.7351234126008657,2.741513729095459,105100,0.0,0.0
2007-05-23 00:00:00-04:00,2.7399179395718116,2.74790622153176,2.735125275117641,2.7463085651397705,132500,0.0,0.0
2007-05-24 00:00:00-04:00,2.743111384399505,2.755892322110283,2.7399160737914126,2.741513729095459,113300,0.0,0.0
2007-05-25 00:00:00-04:00,2.736722469329834,2.7463084071302433,2.7095629216722377,2.736722469329834,182800,0.0,0.0
2007-05-29 00:00:00-04:00,2.725537415883815,2.771868504433276,2.7239397606178075,2.767075538635254,127400,0.0,0.0
2007-05-30 00:00:00-04:00,2.7558946173641807,2.7766635441710528,2.7495039908255463,2.7686755657196045,127700,0.0,0.0
2007-05-31 00:00:00-04:00,2.757489911760794,2.7750638149652906,2.757489911760794,2.767075538635254,120700,0.0,0.0
2007-06-01 00:00:00-04:00,2.7606864367633377,2.7718697238235137,2.7542958128879698,2.7558934688568115,111400,0.0,0.0
2007-06-04 00:00:00-04:00,2.741515595963801,2.760687167945879,2.7079657258974135,2.7463085651397705,143900,0.0,0.0
2007-06-05 00:00:00-04:00,2.733526419447637,2.752697678296924,2.733526419447637,2.7479050159454346,92500,0.0,0.0
2007-06-06 00:00:00-04:00,2.744711231167595,2.7526992093440885,2.7175516787569487,2.7287349700927734,105000,0.0,0.0
2007-06-07 00:00:00-04:00,2.711354162270352,2.7258361968578706,2.614807367324829,2.614807367324829,269800,0.122,0.0
2007-06-08 00:00:00-04:00,2.6051548814928687,2.6775648059300248,2.600327430431439,2.671128511428833,243500,0.0,0.0
2007-06-11 00:00:00-04:00,2.656645890310328,2.711355762845483,2.656645890310328,2.703310012817383,141200,0.0,0.0
2007-06-12 00:00:00-04:00,2.703309167500903,2.703309167500903,2.6357264229676862,2.6566450595855713,187300,0.0,0.0
2007-06-13 00:00:00-04:00,2.6550363599081037,2.695264183543075,2.651818060357961,2.679172992706299,159400,0.0,0.0
2007-06-14 00:00:00-04:00,2.6791748787354295,2.68561148236682,2.64699278132094,2.6582565307617188,137400,0.0,0.0
2007-06-15 00:00:00-04:00,2.659864879934662,2.6646920242890557,2.62446418446078,2.6405553817749023,227600,0.0,0.0
2007-06-18 00:00:00-04:00,2.640553855035145,2.65181759456824,2.61641722647653,2.6228535175323486,148500,0.0,0.0
2007-06-19 00:00:00-04:00,2.6180264890359317,2.6357265203892712,2.6180264890359317,2.6260719299316406,148100,0.0,0.0
2007-06-20 00:00:00-04:00,2.6244635581970215,2.632509308391193,2.621245565033341,2.6244635581970215,163500,0.0,0.0
2007-06-21 00:00:00-04:00,2.6244628737282985,2.627681172966624,2.5842350539909567,2.5938899517059326,201400,0.0,0.0
2007-06-22 00:00:00-04:00,2.58262770953137,2.601937211544029,2.5778005642137973,2.5842368602752686,183500,0.0,0.0
2007-06-25 00:00:00-04:00,2.5777991432001897,2.5826262858567968,2.4973434918412374,2.534353017807007,480500,0.0,0.0
2007-06-26 00:00:00-04:00,2.5311330109494867,2.561706223781437,2.505387244432186,2.5069963932037354,231900,0.0,0.0
2007-06-27 00:00:00-04:00,2.510215516676425,2.574579954147339,2.510215516676425,2.574579954147339,215400,0.0,0.0
2007-06-28 00:00:00-04:00,2.569753508445945,2.605154037475586,2.5665352087809894,2.605154037475586,111500,0.0,0.0
2007-06-29 00:00:00-04:00,2.601937265258205,2.6309013654180644,2.601937265258205,2.6164193153381348,133300,0.0,0.0
2007-07-02 00:00:00-04:00,2.614807429428393,2.6260711661720295,2.608370833052711,2.6131982803344727,80500,0.0,0.0
2007-07-03 00:00:00-04:00,2.6131992521440925,2.648599624633789,2.6115901024517534,2.648599624633789,72500,0.0,0.0
2007-07-05 00:00:00-04:00,2.6486010393179615,2.6550376415252686,2.6341192981796917,2.6550376415252686,90800,0.0,0.0
2007-07-06 00:00:00-04:00,2.6469907818553717,2.6550362234031457,2.6469907818553717,2.648599624633789,77800,0.0,0.0
2007-07-09 00:00:00-04:00,2.648599027901096,2.6534264758904835,2.64055358816597,2.6437718868255615,97800,0.0,0.0
2007-07-10 00:00:00-04:00,2.6424752258578628,2.650581163989773,2.600325584411621,2.600325584411621,131600,0.122,0.0
2007-07-11 00:00:00-04:00,2.600325377076877,2.600325377076877,2.5614176501707897,2.5857348442077637,178000,0.0,0.0
2007-07-12 00:00:00-04:00,2.577630160330117,2.5938417330033943,2.5646609640335014,2.5922205448150635,170500,0.0,0.0
2007-07-13 00:00:00-04:00,2.5841144273849723,2.585735615365586,2.5533126287782895,2.5760087966918945,190300,0.0,0.0
2007-07-16 00:00:00-04:00,2.558175765959582,2.579250743650479,2.5127835895664847,2.5257527828216553,302500,0.0,0.0
2007-07-17 00:00:00-04:00,2.514404777374626,2.5452065727044113,2.5127835895664847,2.5257527828216553,233700,0.0,0.0
2007-07-18 00:00:00-04:00,2.5208900008727833,2.5273745991128957,2.4528016420490926,2.480361223220825,344700,0.0,0.0
2007-07-19 00:00:00-04:00,2.4803605412961254,2.516025899113788,2.469012381542111,2.48360276222229,242400,0.0,0.0
2007-07-20 00:00:00-04:00,2.4819844634527053,2.496574705601913,2.4690151016448345,2.4868478775024414,141900,0.0,0.0
2007-07-23 00:00:00-04:00,2.4803598396944744,2.486844434317528,2.4382098973421598,2.4528002738952637,296400,0.0,0.0
2007-07-24 00:00:00-04:00,2.439832820564896,2.4479386082621297,2.311761869684734,2.384713649749756,709900,0.0,0.0
2007-07-25 00:00:00-04:00,2.4009246830866458,2.4106515024432658,2.2842017685721583,2.360395908355713,531300,0.0,0.0
2007-07-26 00:00:00-04:00,2.311761060018103,2.3717436206013933,2.287443705443264,2.3701224327087402,477600,0.0,0.0
2007-07-27 00:00:00-04:00,2.3458052703360313,2.459285796355783,2.3458052703360313,2.4430742263793945,206500,0.0,0.0
2007-07-30 00:00:00-04:00,2.4479369693533415,2.4625271919140697,2.3879542733156187,2.409029245376587,167900,0.0,0.0
2007-07-31 00:00:00-04:00,2.415515000966517,2.4673919396615984,2.412272779263394,2.446316957473755,167100,0.0,0.0
2007-08-01 00:00:00-04:00,2.4528004749175425,2.4673908526664183,2.3911967436472574,2.43172550201416,192400,0.0,0.0
2007-08-02 00:00:00-04:00,2.418757782823411,2.485224962234497,2.418757782823411,2.485224962234497,106900,0.0,0.0
2007-08-03 00:00:00-04:00,2.4787412619112192,2.503058478696671,2.4641508699979107,2.472256660461426,130500,0.0,0.0
2007-08-06 00:00:00-04:00,2.4479388017681676,2.472256012177068,2.350669650922458,2.4560444355010986,322400,0.0,0.0
2007-08-07 00:00:00-04:00,2.4398311870829787,2.4673907540392497,2.37012167600477,2.409029245376587,223800,0.0,0.0
2007-08-08 00:00:00-04:00,2.3863338613171545,2.443074042759991,2.3863338613171545,2.433347225189209,187400,0.0,0.0
2007-08-09 00:00:00-04:00,2.3862755180291297,2.4353084506401173,2.3519523716783035,2.3830065727233887,206700,0.122,0.0
2007-08-10 00:00:00-04:00,2.353588693356533,2.353588693356533,2.288211290269083,2.298017978668213,311300,0.0,0.0
2007-08-13 00:00:00-04:00,2.301285320201392,2.3732005741356437,2.2963820570287603,2.3061885833740234,203000,0.0,0.0
2007-08-14 00:00:00-04:00,2.3045548868385075,2.3159958892796393,2.181972183408203,2.255521774291992,453200,0.0,0.0
2007-08-15 00:00:00-04:00,2.1966802184893157,2.1983146906359634,2.087173234485246,2.1133241653442383,677100,0.0,0.0
2007-08-16 00:00:00-04:00,2.043043137819615,2.1345715389775357,1.7668237741700048,2.13130259513855,1454800,0.0,0.0
2007-08-17 00:00:00-04:00,2.206488233871935,2.4255026464698446,2.206488233871935,2.3944482803344727,650400,0.0,0.0
2007-08-20 00:00:00-04:00,2.4189652201350667,2.4189652201350667,2.338877896558476,2.3470499515533447,301900,0.0,0.0
2007-08-21 00:00:00-04:00,2.3486844373934996,2.4009863378242433,2.3437811731961067,2.3797388076782227,200400,0.0,0.0
2007-08-22 00:00:00-04:00,2.4189633632697563,2.4238666236771866,2.3879090169884107,2.4107911586761475,167000,0.0,0.0
2007-08-23 00:00:00-04:00,2.4304051407645026,2.4369428753755424,2.3879097878567976,2.392813205718994,216400,0.0,0.0
2007-08-24 00:00:00-04:00,2.4091563052347023,2.410790777069069,2.365026656809493,2.3715643882751465,126400,0.0,0.0
2007-08-27 00:00:00-04:00,2.3666625783322317,2.386275941906847,2.3535871065304343,2.378103733062744,145200,0.0,0.0
2007-08-28 00:00:00-04:00,2.3715661598734314,2.3764694231675354,2.3486840047143964,2.3666627407073975,148100,0.0,0.0
2007-08-29 00:00:00-04:00,2.3830071593221804,2.3830071593221804,2.3143608497226174,2.3258018493652344,151300,0.0,0.0
2007-08-30 00:00:00-04:00,2.3290707379661812,2.361759418903602,2.301285320201392,2.3061885833740234,176500,0.0,0.0
2007-08-31 00:00:00-04:00,2.322531170141122,2.3519510377191226,2.3159934391095445,2.3405098915100098,178400,0.0,0.0
2007-09-04 00:00:00-04:00,2.3699309336978773,2.4287705421447754,2.355220992618183,2.4287705421447754,349600,0.0,0.0
2007-09-05 00:00:00-04:00,2.396082691947197,2.448384584046606,2.394448218851107,2.4418468475341797,157800,0.0,0.0
2007-09-06 00:00:00-04:00,2.4418472626051555,2.451653946976725,2.422234049733977,2.448385000228882,135100,0.0,0.0
2007-09-07 00:00:00-04:00,2.448384416557947,2.448384416557947,2.402620264101591,2.438577890396118,141300,0.0,0.0
2007-09-10 00:00:00-04:00,2.4434813206302697,2.4549224764309656,2.4009859553635335,2.4418468475341797,180700,0.0,0.0
2007-09-11 00:00:00-04:00,2.4355842966768733,2.4487674199132794,2.405922347972571,2.4141616821289062,165700,0.122,0.0
2007-09-12 00:00:00-04:00,2.4355826101069367,2.4355826101069367,2.389441710730741,2.4009768962860107,118100,0.0,0.0
2007-09-13 00:00:00-04:00,2.4339355873874733,2.4339355873874733,2.3680198394192766,2.3696677684783936,168400,0.0,0.0
2007-09-14 00:00:00-04:00,2.3713171575753327,2.3877959868471477,2.344950747860958,2.3581340312957764,123500,0.0,0.0
2007-09-17 00:00:00-04:00,2.3581330217931837,2.3581330217931837,2.331766623366106,2.340006113052368,142200,0.0,0.0
2007-09-18 00:00:00-04:00,2.3548383890215305,2.435585084243438,2.341655261522251,2.4339373111724854,278100,0.0,0.0
2007-09-19 00:00:00-04:00,2.445471959781126,2.4982044579472182,2.438880397510365,2.4833734035491943,165700,0.0,0.0
2007-09-20 00:00:00-04:00,2.4833722366116624,2.4899637957850476,2.4355833933158264,2.4388792514801025,187600,0.0,0.0
2007-09-21 00:00:00-04:00,2.455358067275059,2.4800765320057807,2.4388792479430776,2.471837043762207,139600,0.0,0.0
2007-09-24 00:00:00-04:00,2.4883172512054443,2.491612953840139,2.463598774246635,2.4883172512054443,164900,0.0,0.0
2007-09-25 00:00:00-04:00,2.4899654514251996,2.5525853837875,2.4883176784025833,2.526219129562378,208600,0.0,0.0
2007-09-26 00:00:00-04:00,2.5459938585610313,2.5459938585610313,2.5212755341416644,2.529515027999878,126400,0.0,0.0
2007-09-27 00:00:00-04:00,2.5394015735144424,2.545993135297433,2.526218449948461,2.5361058712005615,94800,0.0,0.0
2007-09-28 00:00:00-04:00,2.529513577527396,2.53445720814544,2.50644303938455,2.5278656482696533,113800,0.0,0.0
2007-10-01 00:00:00-04:00,2.5377543264970512,2.5410501868528272,2.5212754961839856,2.526219129562378,87300,0.0,0.0
2007-10-02 00:00:00-04:00,2.5525856189278344,2.5591771830913195,2.511388303617229,2.532810926437378,104800,0.0,0.0
2007-10-03 00:00:00-04:00,2.5459943128376152,2.5558817386627197,2.5295154793361774,2.5558817386627197,114600,0.0,0.0
2007-10-04 00:00:00-04:00,2.5624727883728324,2.5624727883728324,2.519627547002522,2.524571180343628,127200,0.0,0.0
2007-10-05 00:00:00-04:00,2.554233279491499,2.559176912803168,2.5295149557778824,2.5443458557128906,138700,0.0,0.0
2007-10-08 00:00:00-04:00,2.55258629861212,2.5674173612178923,2.54599473269348,2.550938367843628,90200,0.0,0.0
2007-10-09 00:00:00-04:00,2.566218134572328,2.566218134572328,2.5496084032957267,2.562896251678467,92500,0.122,0.0
2007-10-10 00:00:00-04:00,2.5628966898086136,2.5645575523376465,2.5413038928944354,2.5645575523376465,88900,0.0,0.0
2007-10-11 00:00:00-04:00,2.56621883782016,2.5712017427282934,2.5462870597839355,2.5462870597839355,106400,0.0,0.0
2007-10-12 00:00:00-04:00,2.5678804952094496,2.5712023798367585,2.5313388138866686,2.5363218784332275,116800,0.0,0.0
2007-10-15 00:00:00-04:00,2.5379814206548703,2.549608406808523,2.516388627402255,2.528015613555908,173900,0.0,0.0
2007-10-16 00:00:00-04:00,2.52136996188298,2.52136996188298,2.4914722442626953,2.4914722442626953,166300,0.0,0.0
2007-10-17 00:00:00-04:00,2.508083191676059,2.5246929186757137,2.4499487511682507,2.483168363571167,180200,0.0,0.0
2007-10-18 00:00:00-04:00,2.486490621143992,2.508083410692362,2.4748636369849497,2.498117446899414,112700,0.0,0.0
2007-10-19 00:00:00-04:00,2.494797107224598,2.4981189916072486,2.459916449986314,2.489814043045044,149900,0.0,0.0
2007-10-22 00:00:00-04:00,2.4765254837953727,2.499779301469897,2.44994978268373,2.451610803604126,175100,0.0,0.0
2007-10-23 00:00:00-04:00,2.461576656354002,2.4848304744445104,2.4516108474606955,2.4565937519073486,102700,0.0,0.0
2007-10-24 00:00:00-04:00,2.458254772857458,2.466559719204331,2.426696008420077,2.4565937519073486,140500,0.0,0.0
2007-10-25 00:00:00-04:00,2.466559565726103,2.466559565726103,2.4549325782024836,2.4632375240325928,116600,0.0,0.0
2007-10-26 00:00:00-04:00,2.474865633383534,2.4848316052157267,2.453272984820654,2.4698827266693115,136500,0.0,0.0
2007-10-29 00:00:00-04:00,2.4682217049633213,2.4914755336359393,2.4665608416610794,2.4698827266693115,105200,0.0,0.0
2007-10-30 00:00:00-04:00,2.4632376332395514,2.468220537597066,2.4399838155650273,2.451610803604126,142700,0.0,0.0
2007-10-31 00:00:00-04:00,2.4449652303649954,2.44662609176226,2.4283553491638132,2.4366602897644043,138000,0.0,0.0
2007-11-01 00:00:00-04:00,2.4283560113986424,2.4283560113986424,2.3918143578329394,2.3967974185943604,147800,0.0,0.0
2007-11-02 00:00:00-04:00,2.4067642174398665,2.4100862593196717,2.3253760922287423,2.34696888923645,171000,0.0,0.0
2007-11-05 00:00:00-05:00,2.3253752522819253,2.34696804149012,2.2672408076134296,2.3037824630737305,179400,0.0,0.0
2007-11-06 00:00:00-05:00,2.33202002726443,2.333681048211227,2.2821905076862463,2.3120882511138916,327100,0.0,0.0
2007-11-07 00:00:00-05:00,2.324152122341937,2.324152122341937,2.2420444065965994,2.2453956604003906,286300,0.122,0.0
2007-11-08 00:00:00-05:00,2.2370187065281715,2.280585989352395,2.205180898528765,2.221937656402588,248900,0.0,0.0
2007-11-09 00:00:00-05:00,2.1867478610693425,2.2219369129873954,2.1833964466941786,2.2118828296661377,269200,0.0,0.0
2007-11-12 00:00:00-05:00,2.1934498731482224,2.2286389145282968,2.185071499523598,2.1951255798339844,205000,0.0,0.0
2007-11-13 00:00:00-05:00,2.2286392206208023,2.2437202632555957,2.2035040962947448,2.233666181564331,201000,0.0,0.0
2007-11-14 00:00:00-05:00,2.278910749683929,2.2990187659700196,2.245397229402803,2.2705323696136475,216100,0.0,0.0
2007-11-15 00:00:00-05:00,2.312423512921149,2.312423512921149,2.2051806272891064,2.218585968017578,224900,0.0,0.0
2007-11-16 00:00:00-05:00,2.2185856555152426,2.2353424089676674,2.2001533545609706,2.2303154468536377,167400,0.0,0.0
2007-11-19 00:00:00-05:00,2.262151753748234,2.262151753748234,2.178368355461262,2.2018277645111084,184000,0.0,0.0
2007-11-20 00:00:00-05:00,2.186746500179741,2.2185841179089563,2.178368129260221,2.1817195415496826,217700,0.0,0.0
2007-11-21 00:00:00-05:00,2.178369785583954,2.181721200421664,2.1163700493246136,2.158261775970459,279700,0.0,0.0
2007-11-23 00:00:00-05:00,2.178368775404753,2.178368775404753,2.1482066950695033,2.1683146953582764,85200,0.0,0.0
2007-11-26 00:00:00-05:00,2.1683158838109575,2.178369969368073,2.096262216567993,2.096262216567993,266300,0.0,0.0
2007-11-27 00:00:00-05:00,2.0945855619829787,2.119720524805096,2.0728018529618524,2.0895586013793945,430600,0.0,0.0
2007-11-28 00:00:00-05:00,2.087884311278164,2.19345151440959,2.087884311278164,2.161613702774048,314400,0.0,0.0
2007-11-29 00:00:00-05:00,2.2118828296661377,2.2252881675583263,2.144856140205195,2.2118828296661377,261700,0.0,0.0
2007-11-30 00:00:00-05:00,2.2453954738924238,2.2822602214972294,2.2437199270318016,2.2789089679718018,337500,0.0,0.0
2007-12-03 00:00:00-05:00,2.2554510468198363,2.3342075543437146,2.2554510468198363,2.3208022117614746,249700,0.0,0.0
2007-12-04 00:00:00-05:00,2.3211400168084175,2.3211400168084175,2.2602798830130495,2.304234504699707,281600,0.122,0.0
2007-12-05 00:00:00-05:00,2.32114039614195,2.341427271946915,2.316068757802947,2.332974433898926,221300,0.0,0.0
2007-12-06 00:00:00-05:00,2.3600227803006932,2.3600227803006932,2.3211397997601266,2.3549511432647705,243300,0.0,0.0
2007-12-07 00:00:00-05:00,2.354950995930366,2.354950995930366,2.295781309723547,2.326211452484131,219600,0.0,0.0
2007-12-10 00:00:00-05:00,2.331283453053204,2.34142688929799,2.282257193856378,2.304234504699707,300200,0.0,0.0
2007-12-11 00:00:00-05:00,2.3295926769435296,2.3295926769435296,2.223087329954042,2.2687325477600098,289300,0.0,0.0
2007-12-12 00:00:00-05:00,2.275494551670313,2.307615131815673,2.2264683012014452,2.229849338531494,236700,0.0,0.0
2007-12-13 00:00:00-05:00,2.2315401074347987,2.265351289427483,2.2163250352319825,2.2552080154418945,267400,0.0,0.0
2007-12-14 00:00:00-05:00,2.265351117231324,2.265351117231324,2.2230871026469754,2.229849338531494,295000,0.0,0.0
2007-12-17 00:00:00-05:00,2.22815874307118,2.2298491810045737,2.182513533156951,2.1909663677215576,314900,0.0,0.0
2007-12-18 00:00:00-05:00,2.216325346290363,2.221397145219411,2.158846409447922,2.170680284500122,385500,0.0,0.0
2007-12-19 00:00:00-05:00,2.2197062684376934,2.2197062684376934,2.158846139907837,2.158846139907837,479300,0.0,0.0
2007-12-20 00:00:00-05:00,2.170680310980891,2.1858953855047365,2.1385595622695606,2.1723709106445312,493900,0.0,0.0
2007-12-21 00:00:00-05:00,2.1858958414153187,2.1977297190800664,2.17406180252608,2.180824041366577,448100,0.0,0.0
2007-12-24 00:00:00-05:00,2.1960363641433878,2.239990942077993,2.1892741337860864,2.234919309616089,244400,0.0,0.0
2007-12-26 00:00:00-05:00,2.2653516464463803,2.3059252324564223,2.2399932962615052,2.2873289585113525,367300,0.0,0.0
2007-12-27 00:00:00-05:00,2.3022884882895065,2.3022884882895065,2.2111597020040024,2.2455480098724365,460000,0.227,0.0
2007-12-28 00:00:00-05:00,2.269617420762731,2.2713368672786243,2.2283516882339685,2.238668203353882,512400,0.0,0.0
2007-12-31 00:00:00-05:00,2.24898652114526,2.2696194054522567,2.211159484594639,2.2610223293304443,640900,0.0,0.0
2008-01-02 00:00:00-05:00,2.278213889546411,2.3108825448699752,2.238667613945496,2.3005661964416504,208100,0.0,0.0
2008-01-03 00:00:00-05:00,2.3315166533964566,2.359027147293091,2.304005995524344,2.359027147293091,189000,0.0,0.0
2008-01-04 00:00:00-05:00,2.3246401376291175,2.3727835248888787,2.3177623469021666,2.345273017883301,255500,0.0,0.0
2008-01-07 00:00:00-05:00,2.362466467036439,2.369344092228191,2.3040065709187845,2.3418335914611816,275700,0.0,0.0
2008-01-08 00:00:00-05:00,2.338396382380596,2.381381608792183,2.331518752713767,2.3624680042266846,284700,0.0,0.0
2008-01-09 00:00:00-05:00,2.3762218952178955,2.3762218952178955,2.329797962693832,2.3762218952178955,199200,0.0,0.0
2008-01-10 00:00:00-05:00,2.376221146222893,2.4209257812109235,2.3641853460243767,2.407170534133911,192300,0.0,0.0
2008-01-11 00:00:00-05:00,2.424363943670866,2.424363943670866,2.3865369436316635,2.4020116329193115,200700,0.0,0.0
2008-01-14 00:00:00-05:00,2.3985745906829834,2.4398403513026663,2.391696963913036,2.3985745906829834,249200,0.0,0.0
2008-01-15 00:00:00-05:00,2.3934158320553856,2.427803957578347,2.3745024040116354,2.420926332473755,257700,0.0,0.0
2008-01-16 00:00:00-05:00,2.427804538066873,2.444998686927237,2.3916969566405544,2.4415597915649414,207600,0.0,0.0
2008-01-17 00:00:00-05:00,2.444996899835784,2.450155075133469,2.3263577201609715,2.3469905853271484,199900,0.0,0.0
2008-01-18 00:00:00-05:00,2.364185712539136,2.364185712539136,2.2919705722017185,2.3108839988708496,154400,0.0,0.0
2008-01-22 00:00:00-05:00,2.2352295101813553,2.302286454517961,2.156136767108227,2.278214693069458,363900,0.0,0.0
2008-01-23 00:00:00-05:00,2.309164842252833,2.3469916976641594,2.209439198031128,2.328078269958496,227200,0.0,0.0
2008-01-24 00:00:00-05:00,2.3693446359168187,2.3985745906829834,2.348711755606977,2.3985745906829834,162100,0.0,0.0
2008-01-25 00:00:00-05:00,2.4071699251328447,2.4381193052138355,2.3882565061808156,2.42264461517334,186000,0.0,0.0
2008-01-28 00:00:00-05:00,2.441558571501494,2.441558571501494,2.4071704549402986,2.4398391246795654,160000,0.0,0.0
2008-01-29 00:00:00-05:00,2.45015511306883,2.4690685321034667,2.4020117602690214,2.427802801132202,168500,0.0,0.0
2008-01-30 00:00:00-05:00,2.4398417994550092,2.479388299836443,2.4140507247534706,2.4432806968688965,141800,0.0,0.0
2008-01-31 00:00:00-05:00,2.4449983147145185,2.477666995805247,2.429523615891083,2.4621922969818115,170100,0.0,0.0
2008-02-01 00:00:00-05:00,2.472508731620634,2.49658050272916,2.4501564078717584,2.4811058044433594,124400,0.0,0.0
2008-02-04 00:00:00-05:00,2.481104605600643,2.539564475777372,2.481104605600643,2.5223703384399414,146300,0.0,0.0
2008-02-05 00:00:00-05:00,2.5103360371594103,2.5137747682915372,2.453595579687191,2.4931418895721436,179400,0.0,0.0
2008-02-06 00:00:00-05:00,2.5034571856975267,2.524090054318946,2.4725078007776653,2.4914212226867676,183600,0.0,0.0
2008-02-07 00:00:00-05:00,2.4969699902616638,2.510842032901178,2.4744280449982976,2.503906011581421,125300,0.122,0.0
2008-02-08 00:00:00-05:00,2.505640455861564,2.5195125007023678,2.490034364073705,2.498704433441162,131200,0.0,0.0
2008-02-11 00:00:00-05:00,2.5281824434369957,2.5281824434369957,2.4622901510597144,2.4761621952056885,110100,0.0,0.0
2008-02-12 00:00:00-05:00,2.5021705465433666,2.5177766259769934,2.450150336887174,2.465756416320801,143700,0.0,0.0
2008-02-13 00:00:00-05:00,2.4536204371638655,2.4622905073516055,2.3721222073554786,2.382526159286499,210500,0.0,0.0
2008-02-14 00:00:00-05:00,2.375589487216114,2.3773235338534997,2.240336991488004,2.3166332244873047,415600,0.0,0.0
2008-02-15 00:00:00-05:00,2.2940912479751168,2.3599835357250445,2.254209165198154,2.3027613162994385,297700,0.0,0.0
2008-02-19 00:00:00-05:00,2.3096979683765255,2.366920203422406,2.2975599686297765,2.3079640865325928,208400,0.0,0.0
2008-02-20 00:00:00-05:00,2.299292252980291,2.3201003074645996,2.238601970041936,2.3201003074645996,228400,0.0,0.0
2008-02-21 00:00:00-05:00,2.3096981252076794,2.3426443629971487,2.269816028835838,2.3183681964874268,154700,0.0,0.0
2008-02-22 00:00:00-05:00,2.3044961765873837,2.370388487599081,2.28889008116779,2.3617184162139893,132300,0.0,0.0
2008-02-25 00:00:00-05:00,2.3617193105254746,2.380793342501148,2.34091123054258,2.365187406539917,158500,0.0,0.0
2008-02-26 00:00:00-05:00,2.3634518215895075,2.3877279818001558,2.35651579943901,2.377323865890503,209900,0.0,0.0
2008-02-27 00:00:00-05:00,2.3790588129043315,2.415472984313965,2.366920645522537,2.415472984313965,116700,0.0,0.0
2008-02-28 00:00:00-05:00,2.4102702569250267,2.427610397338867,2.403334233833058,2.427610397338867,100600,0.0,0.0
2008-02-29 00:00:00-05:00,2.4276098533631743,2.4276098533631743,2.3651856595233856,2.375589609146118,159700,0.0,0.0
2008-03-03 00:00:00-05:00,2.399867114675158,2.4033350447072883,2.302762593257135,2.3270387649536133,132100,0.0,0.0
2008-03-04 00:00:00-05:00,2.2576785391520136,2.3253047466278076,2.2576785391520136,2.3253047466278076,167800,0.0,0.0
2008-03-05 00:00:00-05:00,2.314900110011856,2.314900110011856,2.2854219688830275,2.3079640865325928,186700,0.0,0.0
2008-03-06 00:00:00-05:00,2.3131644178235375,2.3131644178235375,2.2767502791108836,2.3062283992767334,183700,0.0,0.0
2008-03-07 00:00:00-05:00,2.301027300854199,2.3235692456690593,2.2628791016706535,2.3166332244873047,218300,0.0,0.0
2008-03-10 00:00:00-04:00,2.3079638323293032,2.3079638323293032,2.134563099078555,2.1467010974884033,264700,0.0,0.0
2008-03-11 00:00:00-04:00,2.1663145609222867,2.267887907056675,2.1645632560201284,2.26088285446167,266900,0.122,0.0
2008-03-12 00:00:00-04:00,2.2608852842726663,2.262636591056983,2.192585989822386,2.1943371295928955,143100,0.0,0.0
2008-03-13 00:00:00-04:00,2.1365440262384343,2.220604862973082,2.131290276134301,2.208345890045166,192000,0.0,0.0
2008-03-14 00:00:00-04:00,2.2065939817438998,2.23286289011628,2.13304083788486,2.1575584411621094,134000,0.0,0.0
2008-03-17 00:00:00-04:00,2.071747548515825,2.101519082208206,2.017458399086469,2.029717206954956,279300,0.0,0.0
2008-03-18 00:00:00-04:00,2.05423174304308,2.1505512566474176,2.0034451147082084,2.075247049331665,374100,0.0,0.0
2008-03-19 00:00:00-04:00,2.0612383923688573,2.16281171979599,2.0612383923688573,2.0927610397338867,429100,0.0,0.0
2008-03-20 00:00:00-04:00,2.124285224934251,2.1715693100014697,2.0910110845038896,2.1417977809906006,229400,0.0,0.0
2008-03-24 00:00:00-04:00,2.161062493212704,2.311671324593572,2.1575598806854996,2.2328643798828125,261800,0.0,0.0
2008-03-25 00:00:00-04:00,2.24161958694458,2.250375946728337,2.19258420597468,2.24161958694458,157200,0.0,0.0
2008-03-26 00:00:00-04:00,2.2643859009399874,2.2941574219634355,2.2573808469940975,2.2801473140716553,134800,0.0,0.0
2008-03-27 00:00:00-04:00,2.308168829556672,2.3099199687689445,2.2643871759885332,2.2661383152008057,113100,0.0,0.0
2008-03-28 00:00:00-04:00,2.2486248829211735,2.3011628802537945,2.1628129152523172,2.1715691089630127,195200,0.0,0.0
2008-03-31 00:00:00-04:00,2.1715674739773347,2.224105431753824,2.1715674739773347,2.2171003818511963,117300,0.0,0.0
2008-04-01 00:00:00-04:00,2.2311136096180415,2.287154254420111,2.2311136096180415,2.267890214920044,133800,0.0,0.0
2008-04-02 00:00:00-04:00,2.285403090114523,2.309920717167421,2.2783980299545794,2.295910596847534,153300,0.0,0.0
2008-04-03 00:00:00-04:00,2.2889045814634006,2.3186761164721146,2.2713920218789294,2.316924810409546,166100,0.0,0.0
2008-04-04 00:00:00-04:00,2.3309337684532063,2.346695013026287,2.306415998539008,2.3221774101257324,119800,0.0,0.0
2008-04-07 00:00:00-04:00,2.3326860569443633,2.381721620956172,2.32918361209422,2.358955144882202,129100,0.0,0.0
2008-04-08 00:00:00-04:00,2.346695302305613,2.3677106316875873,2.316923780530424,2.3484466075897217,164700,0.0,0.0
2008-04-09 00:00:00-04:00,2.3558702165392273,2.3558702165392273,2.2798743487324438,2.2834091186523438,110100,0.122,0.0
2008-04-10 00:00:00-04:00,2.283408350023918,2.315220594406128,2.2657348434677904,2.315220594406128,124100,0.0,0.0
2008-04-11 00:00:00-04:00,2.297548557918713,2.304617931355038,2.271038449669283,2.2798750400543213,93300,0.0,0.0
2008-04-14 00:00:00-04:00,2.313454089766429,2.3152214748035265,2.2445275902436648,2.2462949752807617,113200,0.0,0.0
2008-04-15 00:00:00-04:00,2.248061916286494,2.2710374115893552,2.2091802958857225,2.240992546081543,112100,0.0,0.0
2008-04-16 00:00:00-04:00,2.262200702662747,2.3205230501754333,2.253363947590231,2.2940127849578857,149500,0.0,0.0
2008-04-17 00:00:00-04:00,2.286943101587817,2.3558695794627442,2.285175885652866,2.3328940868377686,149500,0.0,0.0
2008-04-18 00:00:00-04:00,2.4018213974362226,2.417727526194945,2.36117238299203,2.394752025604248,146100,0.0,0.0
2008-04-21 00:00:00-04:00,2.3947526433929345,2.43893627087787,2.3947526433929345,2.423030138015747,150000,0.0,0.0
2008-04-22 00:00:00-04:00,2.4318670728952667,2.4513078097160186,2.4265649158601,2.4460058212280273,109600,0.0,0.0
2008-04-23 00:00:00-04:00,2.472514608271969,2.4866533490339395,2.4477718962120636,2.479583978652954,133400,0.0,0.0
2008-04-24 00:00:00-04:00,2.4884192306295203,2.5149293114079563,2.454839783740369,2.507859945297241,139600,0.0,0.0
2008-04-25 00:00:00-04:00,2.5184665199744627,2.532605265901074,2.4813522697803214,2.5043277740478516,120100,0.0,0.0
2008-04-28 00:00:00-04:00,2.514929647894865,2.516697031795758,2.476048213357252,2.4831175804138184,120500,0.0,0.0
2008-04-29 00:00:00-04:00,2.5007926173342754,2.514931361078792,2.4689805281826733,2.4760499000549316,142900,0.0,0.0
2008-04-30 00:00:00-04:00,2.477816227316869,2.504326318383224,2.4583753365576304,2.500791549682617,156200,0.0,0.0
2008-05-01 00:00:00-04:00,2.502561607018723,2.5467452516865596,2.49372484437571,2.4972596168518066,128200,0.0,0.0
2008-05-02 00:00:00-04:00,2.5149307827406875,2.543208432274061,2.5007920422475416,2.5131635665893555,123900,0.0,0.0
2008-05-05 00:00:00-04:00,2.513164496689726,2.5237684717104836,2.502560353121824,2.5202338695526123,86900,0.0,0.0
2008-05-06 00:00:00-04:00,2.529069929188755,2.529069929188755,2.5007922770009134,2.5025596618652344,122900,0.0,0.0
2008-05-07 00:00:00-04:00,2.500790913781732,2.5273011666541105,2.477815597258145,2.4831175804138184,128900,0.0,0.0
2008-05-08 00:00:00-04:00,2.495953988903357,2.5173478598340098,2.478125678116127,2.4888226985931396,102400,0.122,0.0
2008-05-09 00:00:00-04:00,2.48347559465927,2.5155663331169205,2.4816927286273276,2.5102179050445557,66000,0.0,0.0
2008-05-12 00:00:00-04:00,2.5120010755261335,2.5226979329673007,2.4781272969076418,2.4816930294036865,97300,0.0,0.0
2008-05-13 00:00:00-04:00,2.506653257869068,2.5084359545281867,2.463865307603245,2.4656481742858887,125000,0.0,0.0
2008-05-14 00:00:00-04:00,2.4638647220925822,2.5066526621903162,2.4638647220925822,2.487041473388672,106500,0.0,0.0
2008-05-15 00:00:00-04:00,2.5084362034181056,2.5084362034181056,2.4906080448933134,2.4995222091674805,80400,0.0,0.0
2008-05-16 00:00:00-04:00,2.5048694769721913,2.5102179050445557,2.4923895847720567,2.5102179050445557,126500,0.0,0.0
2008-05-19 00:00:00-04:00,2.5102176356237274,2.549439833999442,2.4977379147865,2.5405256748199463,135400,0.0,0.0
2008-05-20 00:00:00-04:00,2.5244790253089464,2.5423073352145678,2.5048680204314535,2.5084335803985596,140300,0.0,0.0
2008-05-21 00:00:00-04:00,2.517348765699846,2.5494396686553955,2.5084346070984784,2.5494396686553955,111900,0.0,0.0
2008-05-22 00:00:00-04:00,2.5654851201331703,2.5761819744360643,2.5333942171776207,2.5494396686553955,115700,0.0,0.0
2008-05-23 00:00:00-04:00,2.5351781144838497,2.553006268917549,2.526263952255249,2.526263952255249,111000,0.0,0.0
2008-05-27 00:00:00-04:00,2.5405261460228226,2.581531047821045,2.5369604136802937,2.581531047821045,144400,0.0,0.0
2008-05-28 00:00:00-04:00,2.6118386054594165,2.6118386054594165,2.5672679796323044,2.5726165771484375,136200,0.0,0.0
2008-05-29 00:00:00-04:00,2.594010754696594,2.594010754696594,2.5137836530097846,2.515566349029541,148700,0.0,0.0
2008-05-30 00:00:00-04:00,2.5405260131822978,2.5601370299703445,2.5244805585268653,2.551223039627075,100400,0.0,0.0
2008-06-02 00:00:00-04:00,2.554789165943947,2.611839532852173,2.551223603023935,2.611839532852173,145900,0.0,0.0
2008-06-03 00:00:00-04:00,2.613621723879048,2.629667177931195,2.5779652537761986,2.610056161880493,166000,0.0,0.0
2008-06-04 00:00:00-04:00,2.6064912158026203,2.608274082351222,2.585097327289939,2.5904457569122314,88800,0.0,0.0
2008-06-05 00:00:00-04:00,2.5940116142887293,2.6082742073138387,2.5868803177761746,2.6029257774353027,102400,0.0,0.0
2008-06-06 00:00:00-04:00,2.6207535518765015,2.6207535518765015,2.5779657790351003,2.585097074508667,78000,0.0,0.0
2008-06-09 00:00:00-04:00,2.618970005953565,2.618970005953565,2.5815306719259143,2.5922276973724365,99000,0.0,0.0
2008-06-10 00:00:00-04:00,2.5530316301941616,2.5656171141484823,2.53145673529507,2.5386483669281006,117900,0.122,0.0
2008-06-11 00:00:00-04:00,2.5656197066440916,2.5656197066440916,2.5134801102913116,2.517076015472412,117700,0.0,0.0
2008-06-12 00:00:00-04:00,2.5116810571022268,2.5332559628754594,2.4937018832268114,2.5044894218444824,105500,0.0,0.0
2008-06-13 00:00:00-04:00,2.5098831956313084,2.5350540056691453,2.50448951185967,2.5332560539245605,67100,0.0,0.0
2008-06-16 00:00:00-04:00,2.5584283419232285,2.5584283419232285,2.4990972677980223,2.518874406814575,79100,0.0,0.0
2008-06-17 00:00:00-04:00,2.5422457240103413,2.5422457240103413,2.47392509864932,2.482914686203003,132000,0.0,0.0
2008-06-18 00:00:00-04:00,2.4919051743306952,2.4937031269073486,2.472128210374093,2.4937031269073486,109300,0.0,0.0
2008-06-19 00:00:00-04:00,2.515276373109499,2.517074324492179,2.473924520080355,2.4847118854522705,83100,0.0,0.0
2008-06-20 00:00:00-04:00,2.4811172276955,2.5008941870759602,2.4577443639937804,2.4739255905151367,89900,0.0,0.0
2008-06-23 00:00:00-04:00,2.5062868359912804,2.508084787408633,2.3858270058840896,2.4271788597106934,144000,0.0,0.0
2008-06-24 00:00:00-04:00,2.4145936868471005,2.425381053070975,2.39122083141258,2.3984124660491943,128600,0.0,0.0
2008-06-25 00:00:00-04:00,2.4361707608229626,2.4631393718675527,2.409201978316125,2.430777072906494,160300,0.0,0.0
2008-06-26 00:00:00-04:00,2.394818192503123,2.4074036902773046,2.3570620421050013,2.384030818939209,133500,0.0,0.0
2008-06-27 00:00:00-04:00,2.357061061765324,2.3660506503044783,2.2869426483766264,2.328294515609741,175400,0.0,0.0
2008-06-30 00:00:00-04:00,2.322900672090533,2.3912213002652107,2.3067194481199347,2.3822317123413086,184000,0.0,0.0
2008-07-01 00:00:00-04:00,2.349870706806601,2.412797689437866,2.342679066345505,2.412797689437866,104000,0.0,0.0
2008-07-02 00:00:00-04:00,2.4127946690454682,2.4127946690454682,2.367846929564684,2.3696448802948,81100,0.0,0.0
2008-07-03 00:00:00-04:00,2.362454068397629,2.3696457023509305,2.29593141146407,2.3175063133239746,95400,0.0,0.0
2008-07-07 00:00:00-04:00,2.3031248141995295,2.324699732628806,2.206037595536681,2.234804153442383,255200,0.0,0.0
2008-07-08 00:00:00-04:00,2.189855109594953,2.268963098526001,2.1844612544803432,2.268963098526001,206800,0.0,0.0
2008-07-09 00:00:00-04:00,2.278403254435919,2.31471243446706,2.2729569207152043,2.287480592727661,105400,0.122,0.0
2008-07-10 00:00:00-04:00,2.2802197507531696,2.3110824373819505,2.278404247676211,2.2911124229431152,87700,0.0,0.0
2008-07-11 00:00:00-04:00,2.2838505768634407,2.2838505768634407,2.184000158699466,2.2112321853637695,171500,0.0,0.0
2008-07-14 00:00:00-04:00,2.2057835550563785,2.2293845528829044,2.089594240385156,2.136796236038208,235700,0.0,0.0
2008-07-15 00:00:00-04:00,2.071440707478958,2.129535396620437,1.9770368376240546,2.0496551990509033,527900,0.0,0.0
2008-07-16 00:00:00-04:00,2.044209711778623,2.2112321853637695,2.044209711778623,2.2112321853637695,226700,0.0,0.0
2008-07-17 00:00:00-04:00,2.2148644251726255,2.3001912192331613,2.2148644251726255,2.2584354877471924,253400,0.0,0.0
2008-07-18 00:00:00-04:00,2.231202982115464,2.296559557382508,2.2275721478352764,2.2711431980133057,196500,0.0,0.0
2008-07-21 00:00:00-04:00,2.3183425739558765,2.3328662405488725,2.2820332343376233,2.314711570739746,222700,0.0,0.0
2008-07-22 00:00:00-04:00,2.3056366152381824,2.360100507736206,2.2711429147664672,2.360100507736206,148100,0.0,0.0
2008-07-23 00:00:00-04:00,2.378254727373422,2.3964092392027103,2.345576363690433,2.3728082180023193,168600,0.0,0.0
2008-07-24 00:00:00-04:00,2.3492052674635033,2.3655444358860827,2.3147116021214305,2.3256044387817383,199000,0.0,0.0
2008-07-25 00:00:00-04:00,2.312897205352783,2.329236381580538,2.2911116947610592,2.312897205352783,104300,0.0,0.0
2008-07-28 00:00:00-04:00,2.3147128766071976,2.3419447235482322,2.2892963591626008,2.2983736991882324,90800,0.0,0.0
2008-07-29 00:00:00-04:00,2.3383143259654697,2.3383143259654697,2.2983741263118285,2.3292369842529297,102200,0.0,0.0
2008-07-30 00:00:00-04:00,2.396407621327558,2.396407621327558,2.314711940410805,2.3310511112213135,98400,0.0,0.0
2008-07-31 00:00:00-04:00,2.3600995052842504,2.3600995052842504,2.3020048036345773,2.3038201332092285,89200,0.0,0.0
2008-08-01 00:00:00-04:00,2.2983736532697296,2.3891467054407984,2.2983736532697296,2.383700370788574,104000,0.0,0.0
2008-08-04 00:00:00-04:00,2.4290869261032286,2.4290869261032286,2.325605700786498,2.3401293754577637,116100,0.0,0.0
2008-08-05 00:00:00-04:00,2.3619150319867535,2.3637305347157147,2.3074511620690155,2.3492066860198975,151700,0.0,0.0
2008-08-06 00:00:00-04:00,2.396407933497297,2.396407933497297,2.351021418949485,2.3673605918884277,99000,0.0,0.0
2008-08-07 00:00:00-04:00,2.378723469636141,2.378723469636141,2.336573598417512,2.3439040184020996,106300,0.122,0.0
2008-08-08 00:00:00-04:00,2.354899409102476,2.354899409102476,2.3200797879274715,2.340238571166992,110700,0.0,0.0
2008-08-11 00:00:00-04:00,2.351233959197998,2.371392566354478,2.3347404739013493,2.351233959197998,129000,0.0,0.0
2008-08-12 00:00:00-04:00,2.3603971037456155,2.3603971037456155,2.3365731991736816,2.3384058475494385,79400,0.0,0.0
2008-08-13 00:00:00-04:00,2.3384061722950076,2.3494017145346153,2.3017540735446613,2.342071294784546,95300,0.0,0.0
2008-08-14 00:00:00-04:00,2.360395359248533,2.4282017260991795,2.3420692385771846,2.386051893234253,233000,0.0,0.0
2008-08-15 00:00:00-04:00,2.4043799990984542,2.426371258797315,2.3805560907319387,2.3933844566345215,81700,0.0,0.0
2008-08-18 00:00:00-04:00,2.3952162270319426,2.402546644778545,2.3548990168111006,2.3658945560455322,94000,0.0,0.0
2008-08-19 00:00:00-04:00,2.35306746916054,2.3640630135373497,2.3384066268107753,2.3622305393218994,71400,0.0,0.0
2008-08-20 00:00:00-04:00,2.380555795687843,2.38238844412836,2.345736349172888,2.3640623092651367,94300,0.0,0.0
2008-08-21 00:00:00-04:00,2.3695602545866885,2.3750580251372657,2.3475689976134055,2.3640623092651367,85200,0.0,0.0
2008-08-22 00:00:00-04:00,2.37322568431789,2.3878865242004395,2.3603974931134086,2.3878865242004395,100500,0.0,0.0
2008-08-25 00:00:00-04:00,2.358564450990862,2.3805557071462093,2.354899329017121,2.367727518081665,118400,0.0,0.0
2008-08-26 00:00:00-04:00,2.3640625540347537,2.36956049992555,2.329243103914673,2.342071294784546,123900,0.0,0.0
2008-08-27 00:00:00-04:00,2.4556919709561704,2.4556919709561704,2.334740002876937,2.3805551528930664,118600,0.0,0.0
2008-08-28 00:00:00-04:00,2.3878847663408904,2.4062108900886603,2.380554351795956,2.3842196464538574,87300,0.0,0.0
2008-08-29 00:00:00-04:00,2.4007167914568606,2.4043819169446463,2.386055939963447,2.4025492668151855,51000,0.0,0.0
2008-09-02 00:00:00-04:00,2.4172080367839954,2.435534172755189,2.3842212367152267,2.3970494270324707,150800,0.0,0.0
2008-09-03 00:00:00-04:00,2.42087244811307,2.42087244811307,2.3952159020950754,2.4062116146087646,128900,0.0,0.0
2008-09-04 00:00:00-04:00,2.4158310479524503,2.4158310479524503,2.3436890182557257,2.345538854598999,152400,0.122,0.0
2008-09-05 00:00:00-04:00,2.345539509123951,2.3473891695732707,2.31409298815354,2.3307411670684814,135300,0.0,0.0
2008-09-08 00:00:00-04:00,2.3621885487275516,2.3973345798125867,2.288196635080305,2.3270423412323,132600,0.0,0.0
2008-09-09 00:00:00-04:00,2.3270420650644486,2.338140912537926,2.2715481805174504,2.278947353363037,144500,0.0,0.0
2008-09-10 00:00:00-04:00,2.275248529162703,2.306695067174686,2.2641496784013126,2.301145553588867,127300,0.0,0.0
2008-09-11 00:00:00-04:00,2.2807964481152303,2.2807964481152303,2.2197532479105027,2.254899263381958,151600,0.0,0.0
2008-09-12 00:00:00-04:00,2.2234526897824765,2.229002022929504,2.1901563380800724,2.2068045139312744,203600,0.0,0.0
2008-09-15 00:00:00-04:00,2.0847174043772814,2.1457605770880037,2.0569703954296426,2.0810177326202393,325800,0.0,0.0
2008-09-16 00:00:00-04:00,2.0717692058277506,2.0717692058277506,1.8645923028859854,1.9330346584320068,488300,0.0,0.0
2008-09-17 00:00:00-04:00,1.8997384186585835,1.9182362517996916,1.738806194229375,1.7702527046203613,667700,0.0,0.0
2008-09-18 00:00:00-04:00,1.6296696717033117,1.9052891180349378,1.5945234636200887,1.8904907703399658,778500,0.0,0.0
2008-09-19 00:00:00-04:00,2.034774797895547,2.090268691302016,1.968182231653919,2.071770668029785,314500,0.0,0.0
2008-09-22 00:00:00-04:00,2.1235637422020037,2.1235637422020037,1.9015884645698624,1.9422839879989624,255800,0.0,0.0
2008-09-23 00:00:00-04:00,1.8978906602499181,1.9293372050688762,1.8312978940872842,1.903439998626709,246400,0.0,0.0
2008-09-24 00:00:00-04:00,1.87754116215721,1.9293355300751613,1.8109486302185864,1.8682923316955566,321600,0.0,0.0
2008-09-25 00:00:00-04:00,1.90158740168785,1.9663302356642094,1.8553425706790305,1.9644804000854492,185800,0.0,0.0
2008-09-26 00:00:00-04:00,1.8072483612216932,1.938583532333427,1.8053985253555977,1.9274848699569702,294600,0.0,0.0
2008-09-29 00:00:00-04:00,1.8534940313177657,1.8719918690509338,1.609321056112766,1.6407675743103027,444300,0.0,0.0
2008-09-30 00:00:00-04:00,1.7388062057573734,1.8590429158171446,1.720308372493628,1.8497939109802246,514700,0.0,0.0
2008-10-01 00:00:00-04:00,1.8497947416143088,1.9533833247651864,1.8127988820640573,1.938584804534912,172300,0.0,0.0
2008-10-02 00:00:00-04:00,1.8904904649206344,1.8997394748383174,1.849794927128944,1.8775417804718018,182900,0.0,0.0
2008-10-03 00:00:00-04:00,1.8553446903529143,1.9311862716284325,1.7684044357450055,1.7924516201019287,182100,0.0,0.0
2008-10-06 00:00:00-04:00,1.7573057703069739,1.7573057703069739,1.5612273646311592,1.711060881614685,1217300,0.0,0.0
2008-10-07 00:00:00-04:00,1.6629662204188822,1.7647050148240193,1.6204210058261517,1.6962625980377197,417700,0.0,0.0
2008-10-08 00:00:00-04:00,1.5704753465142502,1.6463168859481812,1.3429507282124578,1.6463168859481812,716200,0.0,0.0
2008-10-09 00:00:00-04:00,1.594178046224352,1.5960535927350157,1.4066276878450166,1.4816478490829468,539500,0.122,0.0
2008-10-10 00:00:00-04:00,1.4628929669490691,1.4628929669490691,1.2190774426472282,1.4160053730010986,821000,0.0,0.0
2008-10-13 00:00:00-04:00,1.5360367485069515,1.5754223153333804,1.3822455727379854,1.4422616958618164,926600,0.0,0.0
2008-10-14 00:00:00-04:00,1.7160851177080312,1.7160851177080312,1.378494642333265,1.4047516584396362,972100,0.0,0.0
2008-10-15 00:00:00-04:00,1.3991254665532438,1.4047519263622463,1.3447358781010665,1.3878724575042725,383500,0.0,0.0
2008-10-16 00:00:00-04:00,1.51165663013401,1.594178745309561,1.3691182523323835,1.4516403675079346,359700,0.0,0.0
2008-10-17 00:00:00-04:00,1.5060291224133346,1.7067081001501985,1.416005048516448,1.6373143196105957,370000,0.0,0.0
2008-10-20 00:00:00-04:00,1.633563679675448,1.6954552855653335,1.633563679675448,1.659820795059204,330700,0.0,0.0
2008-10-21 00:00:00-04:00,1.6485659827448174,1.671071981621326,1.6316864388719912,1.6504415273666382,284200,0.0,0.0
2008-10-22 00:00:00-04:00,1.6298115085160827,1.6504421494081116,1.5585425746438737,1.6091810464859009,181000,0.0,0.0
2008-10-23 00:00:00-04:00,1.6729487180709837,1.686077182053037,1.5435389087608045,1.6729487180709839,271200,0.0,0.0
2008-10-24 00:00:00-04:00,1.5923025637943977,1.594178110380541,1.5341620505196913,1.575423002243042,104900,0.0,0.0
2008-10-27 00:00:00-04:00,1.56041870524514,1.6598205100010825,1.5116557548526803,1.582924723625183,223700,0.0,0.0
2008-10-28 00:00:00-04:00,1.6673230306441662,1.669198398608102,1.5416642550989776,1.6316883563995361,171000,0.0,0.0
2008-10-29 00:00:00-04:00,1.6541937409686107,1.6766997575759888,1.588551237245905,1.6766997575759888,185300,0.0,0.0
2008-10-30 00:00:00-04:00,1.6879534068476794,1.7142105242334003,1.6691982974490247,1.6842023134231567,205700,0.0,0.0
2008-10-31 00:00:00-04:00,1.6879525997664482,1.7048321543820155,1.6335630231506717,1.6391894817352295,251800,0.0,0.0
2008-11-03 00:00:00-05:00,1.6917043243852043,1.7067083387993647,1.6598207490396235,1.7048327922821045,401000,0.0,0.0
2008-11-04 00:00:00-05:00,1.6842024168108463,1.7761022438713099,1.6842024168108463,1.7142106294631958,331800,0.0,0.0
2008-11-05 00:00:00-05:00,1.759222639345464,1.759222639345464,1.6504434299474318,1.6673229932785034,302400,0.0,0.0
2008-11-06 00:00:00-05:00,1.6692003828945545,1.6823290474209378,1.603557775711449,1.6410678625106812,270800,0.0,0.0
2008-11-07 00:00:00-05:00,1.6335658451508346,1.6504454289260397,1.5941802092960902,1.6410678625106812,169500,0.0,0.0
2008-11-10 00:00:00-05:00,1.7404951411593754,1.7404951411593754,1.5927708966186216,1.638224482536316,201900,0.085,0.0
2008-11-11 00:00:00-05:00,1.624967878136781,1.624967878136781,1.5132276328481764,1.5927715301513672,212400,0.0,0.0
2008-11-12 00:00:00-05:00,1.583302043127378,1.583302043127378,1.4128509314823319,1.416638731956482,277700,0.0,0.0
2008-11-13 00:00:00-05:00,1.4033811214168415,1.416638465739166,1.2689140943913706,1.3920177221298218,359800,0.0,0.0
2008-11-14 00:00:00-05:00,1.3446704891766066,1.3787607851855868,1.3067924828425068,1.3181558847427368,330800,0.0,0.0
2008-11-17 00:00:00-05:00,1.3162607804297692,1.3181547242331826,1.2215657576561683,1.2689132690429688,453800,0.0,0.0
2008-11-18 00:00:00-05:00,1.4185326804190388,1.4185326804190388,1.232930354659502,1.2727022171020508,306700,0.0,0.0
2008-11-19 00:00:00-05:00,1.2670194660910619,1.3067913844671923,1.2139902114868164,1.2139902114868164,352200,0.0,0.0
2008-11-20 00:00:00-05:00,1.1420226695429827,1.1552799225394779,1.0889933866322132,1.0927811861038208,730900,0.0,0.0
2008-11-21 00:00:00-05:00,1.0681609990758631,1.132553713840328,0.9658902699254247,1.1211903095245361,634000,0.0,0.0
2008-11-24 00:00:00-05:00,1.1174020947828467,1.191264240669625,1.1174020947828467,1.1836886405944824,358600,0.0,0.0
2008-11-25 00:00:00-05:00,1.2234611134219562,1.2386123201020038,1.1306598370441907,1.1969465017318726,330200,0.0,0.0
2008-11-26 00:00:00-05:00,1.2007337933499613,1.2916410851226443,1.168537447677179,1.2840654850006104,237200,0.0,0.0
2008-11-28 00:00:00-05:00,1.297322543838421,1.32573108515336,1.2840652907841759,1.3048981428146362,84200,0.0,0.0
2008-12-01 00:00:00-05:00,1.323838229663719,1.3257321761204648,1.2083102050523673,1.2310370206832886,256800,0.0,0.0
2008-12-02 00:00:00-05:00,1.240505244009595,1.2916405695773112,1.210202765308112,1.259444236755371,188900,0.0,0.0
2008-12-03 00:00:00-05:00,1.2405051761452788,1.342775821685791,1.2310356351363203,1.342775821685791,162600,0.0,0.0
2008-12-04 00:00:00-05:00,1.3418177596268186,1.3418177596268186,1.222971065711137,1.2651424407958984,207600,0.085,0.0
2008-12-05 00:00:00-05:00,1.2191372739968165,1.3360670386145341,1.2018853025531198,1.2708930969238281,288200,0.0,0.0
2008-12-08 00:00:00-05:00,1.4357448963810693,1.4357448963810693,1.288144952908211,1.3092306852340698,307600,0.0,0.0
2008-12-09 00:00:00-05:00,1.2574752549042505,1.3475688083710662,1.2574752549042505,1.3322336673736572,258400,0.0,0.0
2008-12-10 00:00:00-05:00,1.330316385813369,1.35140211763604,1.2900618484264863,1.3149813413619995,271800,0.0,0.0
2008-12-11 00:00:00-05:00,1.3475675668449192,1.3475675668449192,1.2459728197832822,1.2823935747146606,261400,0.0,0.0
2008-12-12 00:00:00-05:00,1.2747272256417757,1.2996467268204037,1.2536414868441594,1.295812964439392,281000,0.0,0.0
2008-12-15 00:00:00-05:00,1.2459733523719183,1.303479851350708,1.2057188213675776,1.2919784784317017,405800,0.0,0.0
2008-12-16 00:00:00-05:00,1.3609864747161085,1.3609864747161085,1.2689761166038154,1.3149813413619995,334500,0.0,0.0
2008-12-17 00:00:00-05:00,1.3034805505444302,1.3897402538787063,1.2938960984387955,1.3801558017730713,526200,0.0,0.0
2008-12-18 00:00:00-05:00,1.380155386684622,1.4472463484379139,1.380155386684622,1.424243688583374,362600,0.0,0.0
2008-12-19 00:00:00-05:00,1.4357449283596189,1.493251439109511,1.428077405780177,1.4434125423431396,567100,0.0,0.0
2008-12-22 00:00:00-05:00,1.4664146664078694,1.5220042339918654,1.4644977406409483,1.5009185075759888,470500,0.0,0.0
2008-12-23 00:00:00-05:00,1.5200886926663375,1.5220056201791266,1.4702497655875753,1.4913355112075806,246700,0.0,0.0
2008-12-24 00:00:00-05:00,1.4817501835360736,1.5315890812541761,1.4759994957896367,1.5220047235488892,232800,0.0,0.0
2008-12-26 00:00:00-05:00,1.5066698924059807,1.571843844846154,1.4951686066812442,1.564176321029663,251800,0.0,0.0
2008-12-29 00:00:00-05:00,1.5748306124904878,1.5748306124904878,1.5128446273440161,1.530278205871582,278400,0.085,0.0
2008-12-30 00:00:00-05:00,1.5535223077642293,1.5806410312652588,1.510906933320891,1.5806410312652588,241100,0.0,0.0
2008-12-31 00:00:00-05:00,1.6038857164168827,1.6426268815994263,1.5883892503438652,1.6426268815994263,247500,0.0,0.0
2009-01-02 00:00:00-05:00,1.6833042315301205,1.7123602280912606,1.665870855272252,1.6968637704849243,331600,0.0,0.0
2009-01-05 00:00:00-05:00,1.714298823041003,1.714298823041003,1.665872304703489,1.6988023519515991,464300,0.0,0.0
2009-01-06 00:00:00-05:00,1.7239833163667337,1.7743469204179705,1.6949274904238703,1.7588504552841187,450500,0.0,0.0
2009-01-07 00:00:00-05:00,1.7801580821749718,1.782095186536282,1.7472282316948955,1.7530393600463867,567800,0.0,0.0
2009-01-08 00:00:00-05:00,1.7549758925641838,1.8247099642571605,1.749164581373818,1.8227728605270386,333900,0.0,0.0
2009-01-09 00:00:00-05:00,1.8343960729570938,1.8363329927729204,1.7917806965571335,1.8034031391143799,321500,0.0,0.0
2009-01-12 00:00:00-05:00,1.820836857139041,1.8266481718412175,1.7356062735645181,1.760788083076477,374000,0.0,0.0
2009-01-13 00:00:00-05:00,1.7549775281800253,1.7995298471007264,1.739480868628747,1.782096266746521,271800,0.0,0.0
2009-01-14 00:00:00-05:00,1.7433543310281847,1.7588507991920597,1.6174454810135825,1.62519371509552,473600,0.0,0.0
2009-01-15 00:00:00-05:00,1.6251937991743826,1.6251937991743826,1.483788288947866,1.6019490957260132,433400,0.0,0.0
2009-01-16 00:00:00-05:00,1.6426275041034242,1.7142989177678933,1.6348792681305786,1.7123618125915527,285000,0.0,0.0
2009-01-20 00:00:00-05:00,1.7065500350661824,1.7181722922547218,1.6387528574473955,1.6426268815994263,331900,0.0,0.0
2009-01-21 00:00:00-05:00,1.6561861993021838,1.7995285830533287,1.6561861993021838,1.7317314147949219,792700,0.0,0.0
2009-01-22 00:00:00-05:00,1.7336694331027451,1.7336694331027451,1.654249967383949,1.7007393836975098,402100,0.0,0.0
2009-01-23 00:00:00-05:00,1.6406901711100248,1.7201096160448983,1.6387530664207668,1.7142984867095947,242700,0.0,0.0
2009-01-26 00:00:00-05:00,1.7375421571225433,1.7414161794683989,1.679430344075821,1.704612135887146,200500,0.0,0.0
2009-01-27 00:00:00-05:00,1.7394790759292906,1.7452903865466156,1.6852414699607847,1.704612135887146,194300,0.0,0.0
2009-01-28 00:00:00-05:00,1.7491654259253382,1.7820954663075428,1.725920724137747,1.7762843370437622,211100,0.0,0.0
2009-01-29 00:00:00-05:00,1.768536124948622,1.7743472542841459,1.7452914228740555,1.7627249956130981,205200,0.0,0.0
2009-01-30 00:00:00-05:00,1.7724096195649126,1.7801578512726997,1.72398312520814,1.7414166927337646,201400,0.0,0.0
2009-02-02 00:00:00-05:00,1.7394792457699009,1.7394792457699009,1.696864072142791,1.7065494060516357,199000,0.0,0.0
2009-02-03 00:00:00-05:00,1.723981756915944,1.7433524131774902,1.7065483879592749,1.7433524131774902,171500,0.0,0.0
2009-02-04 00:00:00-05:00,1.743354222502356,1.743354222502356,1.7142983926869677,1.7297948598861694,126400,0.0,0.0
2009-02-05 00:00:00-05:00,1.7259206171297838,1.7530395265668217,1.704613021328691,1.7356059551239014,171000,0.0,0.0
2009-02-06 00:00:00-05:00,1.7404941791118778,1.7776509024522817,1.7307162707080697,1.750272274017334,226800,0.085,0.0
2009-02-09 00:00:00-05:00,1.7346296322589547,1.783519983291626,1.7268071835538028,1.783519983291626,313600,0.0,0.0
2009-02-10 00:00:00-05:00,1.7932969003971595,1.7932969003971595,1.7209392512804795,1.765918254852295,272400,0.0,0.0
2009-02-11 00:00:00-05:00,1.77569634280806,1.77569634280806,1.711161137678608,1.7326728105545044,268900,0.0,0.0
2009-02-12 00:00:00-05:00,1.7307162707080697,1.750272274017334,1.6564030105289096,1.750272274017334,388000,0.0,0.0
2009-02-13 00:00:00-05:00,1.7717846255311671,1.777651409547348,1.7033381281694882,1.709204912185669,313500,0.0,0.0
2009-02-17 00:00:00-05:00,1.6642267643348707,1.6642267643348707,1.5664461110108732,1.6016470193862915,576100,0.0,0.0
2009-02-18 00:00:00-05:00,1.5879570486508097,1.617291342898467,1.5253775193252082,1.5468891859054565,467100,0.0,0.0
2009-02-19 00:00:00-05:00,1.6075154620804237,1.6075154620804237,1.4686667999974121,1.4999566078186035,408800,0.0,0.0
2009-02-20 00:00:00-05:00,1.4491085616624504,1.46866475760595,1.3963070377668794,1.4627978801727295,477800,0.0,0.0
2009-02-23 00:00:00-05:00,1.4921321177171194,1.535155544704321,1.4393305925164894,1.4667091369628906,661600,0.0,0.0
2009-02-24 00:00:00-05:00,1.4354199570821797,1.5801352728338762,1.4158637526825288,1.5449342727661133,484700,0.0,0.0
2009-02-25 00:00:00-05:00,1.5097320831759886,1.6290244144372399,1.4080402857936767,1.5820897817611694,281600,0.0,0.0
2009-02-26 00:00:00-05:00,1.6172915269295742,1.636847538818243,1.5508005829534297,1.607513427734375,315400,0.0,0.0
2009-02-27 00:00:00-05:00,1.5390679058686592,1.5860025882720947,1.5175562230592134,1.5860025882720947,329100,0.0,0.0
2009-03-02 00:00:00-05:00,1.5058215573321823,1.5253777565384945,1.368928722393209,1.445197582244873,567300,0.0,0.0
2009-03-03 00:00:00-05:00,1.4099973635073422,1.4275979151290865,1.2985273586544948,1.3650182485580444,589000,0.0,0.0
2009-03-04 00:00:00-05:00,1.3591506865899017,1.46279819289537,1.3552394652152164,1.4315084218978882,365800,0.0,0.0
2009-03-05 00:00:00-05:00,1.376751044809197,1.4041295907611289,1.3180826388041966,1.343505620956421,425300,0.0,0.0
2009-03-06 00:00:00-05:00,1.335683132833261,1.3474167949762772,1.2535474045812898,1.2946152687072754,804600,0.0,0.0
2009-03-09 00:00:00-04:00,1.2480608001650464,1.299568020602407,1.232212330182089,1.2619280815124512,505300,0.085,0.0
2009-03-10 00:00:00-04:00,1.2698522252081164,1.4303171634674072,1.2698522252081164,1.4303171634674072,666300,0.0,0.0
2009-03-11 00:00:00-04:00,1.4382421757501551,1.4976736120639131,1.4283368891326216,1.460033655166626,425900,0.0,0.0
2009-03-12 00:00:00-04:00,1.4798428964926331,1.563046932220459,1.4461651579747494,1.563046932220459,349000,0.0,0.0
2009-03-13 00:00:00-04:00,1.5828573034331677,1.5828573034331677,1.5531416590646816,1.5788952112197876,166500,0.0,0.0
2009-03-16 00:00:00-04:00,1.6363468828184544,1.6363468828184544,1.545218601019355,1.5888017416000366,207100,0.0,0.0
2009-03-17 00:00:00-04:00,1.6086118011584758,1.6086118011584758,1.5709718579844405,1.5927634239196777,202800,0.0,0.0
2009-03-18 00:00:00-04:00,1.6026687818948173,1.6046498763742278,1.5729530259501494,1.5907824039459229,238400,0.0,0.0
2009-03-19 00:00:00-04:00,1.5947445527891548,1.644270779963181,1.5788960807438899,1.586820363998413,192100,0.0,0.0
2009-03-20 00:00:00-04:00,1.5670100805648175,1.5907826512304448,1.5353133196773143,1.56106698513031,105800,0.0,0.0
2009-03-23 00:00:00-04:00,1.6026683346717618,1.6343650817871094,1.582857773260912,1.6343650817871094,200300,0.0,0.0
2009-03-24 00:00:00-04:00,1.62446004910354,1.6521948015277566,1.6066305788970823,1.6422895193099976,154100,0.0,0.0
2009-03-25 00:00:00-04:00,1.658137975032495,1.6799294458175504,1.620498127507844,1.6383275985717773,224700,0.0,0.0
2009-03-26 00:00:00-04:00,1.6323840242626324,1.668042960026349,1.6323840242626324,1.6581376791000366,164400,0.0,0.0
2009-03-27 00:00:00-04:00,1.6759674549102783,1.6858727376565052,1.6363465128529244,1.6759674549102783,214900,0.0,0.0
2009-03-30 00:00:00-04:00,1.5848388308023427,1.6383272320271272,1.5848388308023427,1.6105924844741821,81800,0.0,0.0
2009-03-31 00:00:00-04:00,1.6185181463068086,1.664082213537591,1.5947455648480067,1.6145559549331665,119200,0.0,0.0
2009-04-01 00:00:00-04:00,1.5927631586369684,1.6343651891916757,1.5907820645801898,1.6264410018920898,108100,0.0,0.0
2009-04-02 00:00:00-04:00,1.6799295396058929,1.6997401061001627,1.6502138787920517,1.6819106340408325,138200,0.0,0.0
2009-04-03 00:00:00-04:00,1.6541761359199445,1.673986514304107,1.6442708522640774,1.6700245141983032,117900,0.0,0.0
2009-04-06 00:00:00-04:00,1.6620991961985172,1.6700233799557682,1.6482317329277456,1.6601181030273438,136900,0.0,0.0
2009-04-07 00:00:00-04:00,1.658137994281881,1.6858727483619238,1.6482327114727549,1.6838916540145874,176800,0.0,0.0
2009-04-08 00:00:00-04:00,1.6608792868984543,1.7009004354476929,1.648872846915738,1.7009004354476929,144800,0.085,0.0
2009-04-09 00:00:00-04:00,1.7209115306024934,1.790948510169983,1.7049030672250138,1.790948510169983,228200,0.0,0.0
2009-04-13 00:00:00-04:00,1.7529281319921535,1.7769408226013184,1.7209112111799334,1.7769408226013184,164700,0.0,0.0
2009-04-14 00:00:00-04:00,1.8009546781628107,1.8009546781628107,1.7069047693135548,1.710906982421875,175800,0.0,0.0
2009-04-15 00:00:00-04:00,1.712907611209754,1.7549298829460906,1.7109065052137449,1.7409223318099976,160400,0.0,0.0
2009-04-16 00:00:00-04:00,1.802953652834928,1.802953652834928,1.758930314878423,1.796950340270996,238800,0.0,0.0
2009-04-17 00:00:00-04:00,1.7929493728787333,1.8229651899357524,1.7869462476345117,1.8189631700515747,235700,0.0,0.0
2009-04-20 00:00:00-04:00,1.8029549098739184,1.8149611617010681,1.7629337523901993,1.7989526987075806,248000,0.0,0.0
2009-04-21 00:00:00-04:00,1.7689360054743037,1.8109582478065518,1.750926445783935,1.8049551248550415,203300,0.0,0.0
2009-04-22 00:00:00-04:00,1.7669339610125059,1.818961507813381,1.7649328574811485,1.8009519577026367,221600,0.0,0.0
2009-04-23 00:00:00-04:00,1.8169620646915305,1.8209642754116189,1.7949504782387775,1.8189631700515747,168700,0.0,0.0
2009-04-24 00:00:00-04:00,1.8269667029011378,1.8309687212568655,1.7889464789246174,1.8049551248550415,288000,0.0,0.0
2009-04-27 00:00:00-04:00,1.7989528684881568,1.830969797496808,1.780943298211803,1.82896888256073,157700,0.0,0.0
2009-04-28 00:00:00-04:00,1.808957834087265,1.840974756504328,1.788947162158645,1.8189631700515747,234100,0.0,0.0
2009-04-29 00:00:00-04:00,1.832970385940263,1.8389735107261052,1.7809427955672417,1.8089576959609985,218800,0.0,0.0
2009-04-30 00:00:00-04:00,1.8269667741421676,1.8409741251871758,1.7809423208236694,1.7809423208236694,269900,0.0,0.0
2009-05-01 00:00:00-04:00,1.8009540926435574,1.8589848279953,1.7909487539616784,1.8589848279953003,150700,0.0,0.0
2009-05-04 00:00:00-04:00,1.8489778205039222,1.897003173828125,1.8489778205039222,1.897003173828125,307500,0.0,0.0
2009-05-05 00:00:00-04:00,1.8769929927810791,1.9210163354873657,1.856982330413907,1.9210163354873657,173000,0.0,0.0
2009-05-06 00:00:00-04:00,1.9330230723501802,1.9510326348983655,1.92501884353275,1.9470304250717163,296300,0.0,0.0
2009-05-07 00:00:00-04:00,1.9601518763730306,1.964189164252873,1.9177592947875468,1.9460210800170898,259100,0.085,0.0
2009-05-08 00:00:00-04:00,1.9460212325277713,1.96015202999115,1.9339089829036777,1.96015202999115,213600,0.0,0.0
2009-05-11 00:00:00-04:00,1.9379463536830726,1.9601519187969587,1.9217968167788524,1.9520771503448486,191700,0.0,0.0
2009-05-12 00:00:00-04:00,1.952078097140774,1.988414669058048,1.9298725212567507,1.9722651243209839,319200,0.0,0.0
2009-05-13 00:00:00-04:00,1.956114281861424,1.956114281861424,1.8511423003796859,1.8894973993301392,210600,0.0,0.0
2009-05-14 00:00:00-04:00,1.9217965488329163,1.9217965488329163,1.7784692844030763,1.881422519683838,319000,0.0,0.0
2009-05-15 00:00:00-04:00,1.8854613854631381,1.9096857052474323,1.8773866122017069,1.8955549001693726,248300,0.0,0.0
2009-05-18 00:00:00-04:00,1.9016105349012573,1.9682274485269025,1.9016105349012573,1.9581339359283447,214900,0.0,0.0
2009-05-19 00:00:00-04:00,1.9641906205490098,1.9884151358593236,1.94804107202067,1.9803403615951538,195500,0.0,0.0
2009-05-20 00:00:00-04:00,2.0086012387761367,2.0368630345970087,1.9500590986968351,1.9884144067764282,198000,0.0,0.0
2009-05-21 00:00:00-04:00,1.9783208945177073,1.9884144067764282,1.9298722666971269,1.9884144067764282,203900,0.0,0.0
2009-05-22 00:00:00-04:00,2.069162594035435,2.0792561086074564,2.022732696529027,2.046957015991211,560900,0.0,0.0
2009-05-26 00:00:00-04:00,2.067143287974726,2.075218058923154,2.053012486944409,2.073199510574341,370400,0.0,0.0
2009-05-27 00:00:00-04:00,2.0954050466447387,2.1014610766228476,2.0610872225725845,2.06512451171875,246500,0.0,0.0
2009-05-28 00:00:00-04:00,2.0893496494691948,2.1054991959805225,2.0489755906730944,2.0913681983947754,222100,0.0,0.0
2009-05-29 00:00:00-04:00,2.107515951107004,2.1176094572150044,2.091366418341251,2.111553430557251,167200,0.0,0.0
2009-06-01 00:00:00-04:00,2.1418359044109034,2.160004195122759,2.119630322717418,2.1277050971984863,287600,0.0,0.0
2009-06-02 00:00:00-04:00,2.133761781001831,2.170098373512881,2.117612227112002,2.1600048542022705,220300,0.0,0.0
2009-06-03 00:00:00-04:00,2.1418366904783994,2.166061022812086,2.121649843125934,2.1640424728393555,236900,0.0,0.0
2009-06-04 00:00:00-04:00,2.1761530068297787,2.1761530068297787,2.1519286915934877,2.1660594940185547,142500,0.0,0.0
2009-06-05 00:00:00-04:00,2.180187940597534,2.1902814416107326,2.141832675250884,2.180187940597534,207200,0.0,0.0
2009-06-08 00:00:00-04:00,2.150686231383967,2.2137622629300564,2.136443337892376,2.1567904949188232,247500,0.085,0.0
2009-06-09 00:00:00-04:00,2.1812065580685096,2.183241118153891,2.1567900906404276,2.164928913116455,112500,0.0,0.0
2009-06-10 00:00:00-04:00,2.1873109777829938,2.1873109777829938,2.120165633058361,2.1527209281921387,137000,0.0,0.0
2009-06-11 00:00:00-04:00,2.154758306195594,2.195452474660386,2.154758306195594,2.1812095642089844,133100,0.0,0.0
2009-06-12 00:00:00-04:00,2.187312471610984,2.1893472274577004,2.150687642550075,2.171034812927246,133800,0.0,0.0
2009-06-15 00:00:00-04:00,2.1791722112953855,2.1791722112953855,2.0428467638047088,2.0896451473236084,212600,0.0,0.0
2009-06-16 00:00:00-04:00,2.1018548393650596,2.142548989421278,2.0998200833509952,2.1201672554016113,214300,0.0,0.0
2009-06-17 00:00:00-04:00,2.1120280966950933,2.122201681137085,2.0672644415773216,2.122201681137085,191600,0.0,0.0
2009-06-18 00:00:00-04:00,2.10795630695234,2.1445810937402507,2.10795630695234,2.1344075202941895,94000,0.0,0.0
2009-06-19 00:00:00-04:00,2.140512846915614,2.1669638793871764,2.132373828869139,2.1567904949188232,122200,0.0,0.0
2009-06-22 00:00:00-04:00,2.144582613860899,2.144582613860899,2.0713331824092713,2.0754024982452393,219000,0.0,0.0
2009-06-23 00:00:00-04:00,2.042847589041179,2.0611599989441745,1.9757022154268284,2.0245351791381836,395300,0.0,0.0
2009-06-24 00:00:00-04:00,2.0428473525085953,2.0957498207596865,2.032673771068781,2.0815067291259766,137700,0.0,0.0
2009-06-25 00:00:00-04:00,2.0774379442655118,2.091680845496806,2.065229604606562,2.0855767726898193,115800,0.0,0.0
2009-06-26 00:00:00-04:00,2.0876101227177672,2.0896448769650866,2.038777185051173,2.0469160079956055,228400,0.0,0.0
2009-06-29 00:00:00-04:00,2.0652288273350834,2.0855759877604636,2.053020686315777,2.077437162399292,160100,0.0,0.0
2009-06-30 00:00:00-04:00,2.085575896796765,2.0876106515595363,2.0184305419844604,2.0794718265533447,167300,0.0,0.0
2009-07-01 00:00:00-04:00,2.083541323962087,2.105923240217101,2.061159601751984,2.0754024982452393,118000,0.0,0.0
2009-07-02 00:00:00-04:00,2.0347081709022445,2.0672634705894977,1.9980833617316385,2.036742925643921,153500,0.0,0.0
2009-07-06 00:00:00-04:00,2.0245350880512394,2.032673914970287,2.002153362535094,2.0265698432922363,129700,0.0,0.0
2009-07-07 00:00:00-04:00,2.0245350992187303,2.0306391709304514,1.9980838630746838,2.012326955795288,121900,0.0,0.0
2009-07-08 00:00:00-04:00,2.0277182444912945,2.0277182444912945,1.8389023620999632,1.935362696647644,548900,0.085,0.0
2009-07-09 00:00:00-04:00,1.9374150062136777,1.9599909429362434,1.9353628084700922,1.9476767778396606,185300,0.0,0.0
2009-07-10 00:00:00-04:00,1.939467670541356,1.9825669608079215,1.925101305694848,1.959991216659546,170200,0.0,0.0
2009-07-13 00:00:00-04:00,1.9805153350495075,2.040033406999563,1.9764107416704264,2.033876419067383,164800,0.0,0.0
2009-07-14 00:00:00-04:00,2.046190065910475,2.0954463481903076,2.0256665170970116,2.0954463481903076,228000,0.0,0.0
2009-07-15 00:00:00-04:00,2.148807374203677,2.148807374203677,2.093393910986489,2.13649320602417,224600,0.0,0.0
2009-07-16 00:00:00-04:00,2.1344408120397413,2.150859572461042,2.1118650653922186,2.13649320602417,143600,0.0,0.0
2009-07-17 00:00:00-04:00,2.1447032133029094,2.1549649904983252,2.134441436107493,2.148808002471924,146500,0.0,0.0
2009-07-20 00:00:00-04:00,2.154963350179478,2.1734344959259033,2.138544597455316,2.1734344959259033,106400,0.0,0.0
2009-07-21 00:00:00-04:00,2.1836973103068984,2.214482437465017,2.1570167754305647,2.191906690597534,158500,0.0,0.0
2009-07-22 00:00:00-04:00,2.187802447625004,2.1960118299608027,2.1652266951333368,2.1754884719848633,153100,0.0,0.0
2009-07-23 00:00:00-04:00,2.1754893007929685,2.23090260373894,2.1754893007929685,2.20216965675354,155500,0.0,0.0
2009-07-24 00:00:00-04:00,2.2001165162938277,2.2473204135894775,2.1960117274539774,2.2473204135894775,132200,0.0,0.0
2009-07-27 00:00:00-04:00,2.247319080485089,2.294523145506503,2.2411620966047265,2.2760519981384277,219400,0.0,0.0
2009-07-28 00:00:00-04:00,2.265791380394254,2.3006812996754253,2.189854554819672,2.206273317337036,220400,0.0,0.0
2009-07-29 00:00:00-04:00,2.2062726343651846,2.2062726343651846,2.1344404237927166,2.144702196121216,264800,0.0,0.0
2009-07-30 00:00:00-04:00,2.1693312223793066,2.185749986550935,2.1590696415673696,2.181645393371582,204900,0.0,0.0
2009-07-31 00:00:00-04:00,2.185749783068325,2.2534772279029767,2.1836975845332516,2.2411632537841797,153200,0.0,0.0
2009-08-03 00:00:00-04:00,2.2493733785459957,2.306839066789905,2.2493733785459957,2.280158519744873,187200,0.0,0.0
2009-08-04 00:00:00-04:00,2.282211216383008,2.331467527103527,2.2657924461428354,2.3191535472869873,210000,0.0,0.0
2009-08-05 00:00:00-04:00,2.302732636732739,2.317098998408036,2.271947324350963,2.2883660793304443,162500,0.0,0.0
2009-08-06 00:00:00-04:00,2.295605508243444,2.3018097920171154,2.2356302391496197,2.2439026832580566,172600,0.085,0.0
2009-08-07 00:00:00-04:00,2.2521751540683197,2.3059459427953546,2.2521751540683197,2.289401054382324,151900,0.0,0.0
2009-08-10 00:00:00-04:00,2.2956070497719354,2.324560524978769,2.2873346001084465,2.303879499435425,142400,0.0,0.0
2009-08-11 00:00:00-04:00,2.3100829033799024,2.3162871889456467,2.2749249564562155,2.2831974029541016,185100,0.0,0.0
2009-08-12 00:00:00-04:00,2.2790612340602645,2.308014697625238,2.2687206268310547,2.2687206268310547,154700,0.0,0.0
2009-08-13 00:00:00-04:00,2.3286950354118403,2.3286950354118403,2.285264659183712,2.297673225402832,88400,0.0,0.0
2009-08-14 00:00:00-04:00,2.2873337620793253,2.2997423334129508,2.2501076536170785,2.2749249935150146,167400,0.0,0.0
2009-08-17 00:00:00-04:00,2.192200290323502,2.2108131453128395,2.1611784708799444,2.1632466316223145,242100,0.0,0.0
2009-08-18 00:00:00-04:00,2.173586940142535,2.2128810027077117,2.1653144955377273,2.202540397644043,152200,0.0,0.0
2009-08-19 00:00:00-04:00,2.175655100601396,2.2087448790206263,2.171518779683674,2.202540397644043,162500,0.0,0.0
2009-08-20 00:00:00-04:00,2.196336247288962,2.231494188308716,2.196336247288962,2.231494188308716,131100,0.0,0.0
2009-08-21 00:00:00-04:00,2.237696918319721,2.268718713849805,2.2232201987439892,2.264582395553589,206100,0.0,0.0
2009-08-24 00:00:00-04:00,2.2645830506139677,2.2956048551175154,2.2645830506139677,2.285264253616333,168500,0.0,0.0
2009-08-25 00:00:00-04:00,2.268720257356026,2.326627372286122,2.266652096800861,2.324559211730957,211700,0.0,0.0
2009-08-26 00:00:00-04:00,2.3059458115585882,2.3369676234904673,2.2811284803514553,2.330763339996338,272400,0.0,0.0
2009-08-27 00:00:00-04:00,2.322492323056237,2.322492323056237,2.272857625934407,2.281130075454712,197400,0.0,0.0
2009-08-28 00:00:00-04:00,2.2894005303191194,2.305945414944885,2.2749238055792196,2.279060125350952,107300,0.0,0.0
2009-08-31 00:00:00-04:00,2.2811298740739723,2.2811298740739723,2.2149502837539417,2.2232227325439453,172600,0.0,0.0
2009-09-01 00:00:00-04:00,2.210812689522268,2.243902662886225,2.202540245488934,2.212880849838257,175200,0.0,0.0
2009-09-02 00:00:00-04:00,2.202542108164301,2.2211551722879026,2.1922016923007797,2.1942696571350098,179900,0.0,0.0
2009-09-03 00:00:00-04:00,2.1963356625332175,2.237697877064516,2.1942675024990033,2.2335617542266846,206100,0.0,0.0
2009-09-04 00:00:00-04:00,2.231493220937516,2.301809072494507,2.231493220937516,2.301809072494507,160500,0.0,0.0
2009-09-08 00:00:00-04:00,2.315357295767798,2.336197675603124,2.304937304598727,2.334113597869873,165500,0.085,0.0
2009-09-09 00:00:00-04:00,2.323693452896605,2.325777530670166,2.298685115859663,2.325777530670166,146000,0.0,0.0
2009-09-10 00:00:00-04:00,2.3278609529879963,2.3341129857996985,2.2945165129942,2.323692798614502,125600,0.0,0.0
2009-09-11 00:00:00-04:00,2.332028812275146,2.3341128893757985,2.313272714614868,2.313272714614868,104600,0.0,0.0
2009-09-14 00:00:00-04:00,2.3070190259656327,2.342447519302368,2.2986829215774836,2.342447519302368,136200,0.0,0.0
2009-09-15 00:00:00-04:00,2.3549516568713003,2.365371836519748,2.3403633258641157,2.3466155529022217,180400,0.0,0.0
2009-09-16 00:00:00-04:00,2.3778779359541478,2.409138501755706,2.369541824823446,2.4070544242858887,211900,0.0,0.0
2009-09-17 00:00:00-04:00,2.4028862693462543,2.4529031348790333,2.396634235685369,2.4070544242858887,257400,0.0,0.0
2009-09-18 00:00:00-04:00,2.4174734765861317,2.419557354327884,2.365372756821331,2.3757927417755127,117100,0.0,0.0
2009-09-21 00:00:00-04:00,2.367455772905871,2.38204410427942,2.3174391478353047,2.344531536102295,160500,0.0,0.0
2009-09-22 00:00:00-04:00,2.3945490326905965,2.3945490326905965,2.3466164659062474,2.3757927417755127,138200,0.0,0.0
2009-09-23 00:00:00-04:00,2.369542460225298,2.4195591404216743,2.357038389550514,2.3945508003234863,266300,0.0,0.0
2009-09-24 00:00:00-04:00,2.4112204301916997,2.417472657544116,2.3382795664824965,2.342447519302368,132700,0.0,0.0
2009-09-25 00:00:00-04:00,2.3341114974391,2.3591198114877416,2.327859468614043,2.354951858520508,184200,0.0,0.0
2009-09-28 00:00:00-04:00,2.371625902293263,2.4153905354165905,2.369541824823446,2.4070544242858887,142500,0.0,0.0
2009-09-29 00:00:00-04:00,2.4278933004554677,2.432061453159372,2.407053133181326,2.417473316192627,130200,0.0,0.0
2009-09-30 00:00:00-04:00,2.4174748974437583,2.436231000634166,2.3945504400744992,2.3987185955047607,149000,0.0,0.0
2009-10-01 00:00:00-04:00,2.3945483879206213,2.4091367206755883,2.3320275012879024,2.3591198921203613,172200,0.0,0.0
2009-10-02 00:00:00-04:00,2.3632890635157695,2.3632890635157695,2.302852226739286,2.3361966609954834,242500,0.0,0.0
2009-10-05 00:00:00-04:00,2.338280629370096,2.398717463343414,2.338280629370096,2.3966333866119385,134200,0.0,0.0
2009-10-06 00:00:00-04:00,2.40288537711568,2.4258098232743146,2.398717422472242,2.4049694538116455,136300,0.0,0.0
2009-10-07 00:00:00-04:00,2.410219076578224,2.4165177028976252,2.3976222243861316,2.4039206504821777,127600,0.085,0.0
2009-10-08 00:00:00-04:00,2.431214425997983,2.450109907064935,2.4039209755927606,2.4123189449310303,179300,0.0,0.0
2009-10-09 00:00:00-04:00,2.393423140173197,2.4291145550897175,2.393423140173197,2.4039206504821777,167500,0.0,0.0
2009-10-12 00:00:00-04:00,2.4123168228875733,2.4165159039745925,2.3871229370350773,2.397620439529419,165900,0.0,0.0
2009-10-13 00:00:00-04:00,2.385023069111227,2.4018189907073975,2.3619287269722866,2.4018189907073975,164800,0.0,0.0
2009-10-14 00:00:00-04:00,2.414416566577332,2.4417099952697754,2.3934215598221527,2.4417099952697754,277500,0.0,0.0
2009-10-15 00:00:00-04:00,2.46690481118402,2.46690481118402,2.4081190504693923,2.4291138648986816,222200,0.0,0.0
2009-10-16 00:00:00-04:00,2.4312137667742952,2.4354128504165398,2.414417832651974,2.4228157997131348,243500,0.0,0.0
2009-10-19 00:00:00-04:00,2.4270144687497366,2.456407248330981,2.4165169616607374,2.4333128929138184,138500,0.0,0.0
2009-10-20 00:00:00-04:00,2.4291140204069817,2.4522085780479674,2.4291140204069817,2.435412645339966,128400,0.0,0.0
2009-10-21 00:00:00-04:00,2.4396109302732802,2.471103446547084,2.4396109302732802,2.4543073177337646,131700,0.0,0.0
2009-10-22 00:00:00-04:00,2.4648048877716064,2.494197863686355,2.4606060056256527,2.4648048877716064,192700,0.0,0.0
2009-10-23 00:00:00-04:00,2.4753028170322193,2.4941982904804756,2.46060642667171,2.4690043926239014,131500,0.0,0.0
2009-10-26 00:00:00-04:00,2.489997212268945,2.498395171492226,2.4459078762909345,2.4585049152374268,186800,0.0,0.0
2009-10-27 00:00:00-04:00,2.4438098134860993,2.4669041633605957,2.4102177588187685,2.4669041633605957,198200,0.0,0.0
2009-10-28 00:00:00-04:00,2.4501076130682256,2.462704455169716,2.319939110088048,2.3220386505126953,237900,0.0,0.0
2009-10-29 00:00:00-04:00,2.3514315486882396,2.397620439529419,2.2989442364397377,2.397620439529419,243300,0.0,0.0
2009-10-30 00:00:00-04:00,2.3997202685059413,2.4249141573866027,2.309442016516149,2.3115415573120117,294100,0.0,0.0
2009-11-02 00:00:00-05:00,2.3262375759801515,2.3619289629943667,2.3136407336358396,2.3472325801849365,206600,0.0,0.0
2009-11-03 00:00:00-05:00,2.3367344687148073,2.378724265951185,2.3241374294323207,2.3682267665863037,127500,0.0,0.0
2009-11-04 00:00:00-05:00,2.3829261523587775,2.424915999050126,2.3829261523587775,2.4123189449310303,162900,0.0,0.0
2009-11-05 00:00:00-05:00,2.439612097330944,2.439612097330944,2.410219108125743,2.416517734527588,160900,0.0,0.0
2009-11-06 00:00:00-05:00,2.394307781193819,2.4535310886892665,2.3900776602086515,2.449300765991211,179800,0.085,0.0
2009-11-09 00:00:00-05:00,2.4577617629156427,2.4725674922658243,2.438725709915161,2.438725709915161,187300,0.0,0.0
2009-11-10 00:00:00-05:00,2.442956537288218,2.4619925942138186,2.4091147479595842,2.4260356426239014,114700,0.0,0.0
2009-11-11 00:00:00-05:00,2.445071134620588,2.4746825925849856,2.445071134620588,2.461992025375366,195000,0.0,0.0
2009-11-12 00:00:00-05:00,2.4619917095508717,2.468336992341708,2.4514161037575426,2.453531265258789,153200,0.0,0.0
2009-11-13 00:00:00-05:00,2.464106658594142,2.468336981578188,2.445070810304642,2.459876537322998,122000,0.0,0.0
2009-11-16 00:00:00-05:00,2.483142318684632,2.4852574798445244,2.4239192181977276,2.436609983444214,177300,0.0,0.0
2009-11-17 00:00:00-05:00,2.453531265258789,2.468336992341708,2.432380053672131,2.453531265258789,239500,0.0,0.0
2009-11-18 00:00:00-05:00,2.449300751534238,2.485257687403921,2.436610186940754,2.481027364730835,174100,0.0,0.0
2009-11-19 00:00:00-05:00,2.468337868348777,2.468337868348777,2.406999575034142,2.4133448600769043,242000,0.0,0.0
2009-11-20 00:00:00-05:00,2.402768646054682,2.4154594146605057,2.3731571888292997,2.383732795715332,212200,0.0,0.0
2009-11-23 00:00:00-05:00,2.39642311214423,2.4175743237056597,2.3752719005828,2.390077829360962,262100,0.0,0.0
2009-11-24 00:00:00-05:00,2.3773860328226637,2.40276735468012,2.368925592203512,2.3816163539886475,215700,0.0,0.0
2009-11-25 00:00:00-05:00,2.39642333984375,2.406998946629321,2.385847733058179,2.39642333984375,152200,0.0,0.0
2009-11-27 00:00:00-05:00,2.3477763745907483,2.3689273913459,2.3202798712673793,2.366812229156494,215700,0.0,0.0
2009-11-30 00:00:00-05:00,2.3583513827930895,2.3795025976798625,2.3350852077879876,2.375272274017334,287900,0.0,0.0
2009-12-01 00:00:00-05:00,2.3900786910339837,2.4302657654334925,2.3900786910339837,2.4260356426239014,126600,0.0,0.0
2009-12-02 00:00:00-05:00,2.4218040570378347,2.451415708137722,2.41757393643092,2.436609983444214,145600,0.0,0.0
2009-12-03 00:00:00-05:00,2.4440678010267614,2.45685269722333,2.3993202579142485,2.407843589782715,183900,0.085,0.0
2009-12-04 00:00:00-05:00,2.4227593697494654,2.4355444691582955,2.3886660422756005,2.407843589782715,199100,0.0,0.0
2009-12-07 00:00:00-05:00,2.4078425001439516,2.420627390554879,2.4057116173380737,2.409973382949829,181000,0.0,0.0
2009-12-08 00:00:00-05:00,2.4014531553323684,2.429153854723064,2.3971913842184573,2.42702317237854,286900,0.0,0.0
2009-12-09 00:00:00-05:00,2.4312831344394428,2.4334140185889686,2.4057131342820255,2.429152250289917,209600,0.0,0.0
2009-12-10 00:00:00-05:00,2.458984751361537,2.458984751361537,2.427022292445137,2.4568538665771484,229700,0.0,0.0
2009-12-11 00:00:00-05:00,2.4504599571228027,2.456852404459349,2.4334132954171883,2.4504599571228027,311200,0.0,0.0
2009-12-14 00:00:00-05:00,2.458984751361537,2.461115636145926,2.4440689642955316,2.4568538665771484,207600,0.0,0.0
2009-12-15 00:00:00-05:00,2.4312847402800197,2.4483314183108007,2.422761401264629,2.42702317237854,320300,0.0,0.0
2009-12-16 00:00:00-05:00,2.444068561536495,2.454722780490368,2.439806792670016,2.452591896057129,161000,0.0,0.0
2009-12-17 00:00:00-05:00,2.439807038783206,2.454723028108194,2.4334145880509794,2.4419379234313965,223700,0.0,0.0
2009-12-18 00:00:00-05:00,2.4483295249115846,2.454722176638737,2.420628643730748,2.4334137439727783,219200,0.0,0.0
2009-12-21 00:00:00-05:00,2.439807038783206,2.4675079295726468,2.439807038783206,2.4419379234313965,179200,0.0,0.0
2009-12-22 00:00:00-05:00,2.446198927206687,2.4675073623657227,2.446198927206687,2.4675073623657227,139200,0.0,0.0
2009-12-23 00:00:00-05:00,2.456853432043516,2.495208538529371,2.456853432043516,2.4909467697143555,187000,0.0,0.0
2009-12-24 00:00:00-05:00,2.4994699590324867,2.5101241772392044,2.486685059754273,2.5037317276000977,84400,0.0,0.0
2009-12-28 00:00:00-05:00,2.5037313520587605,2.5122546847032354,2.4973389033784743,2.505862236022949,131100,0.0,0.0
2009-12-29 00:00:00-05:00,2.517666614250144,2.521959409369189,2.4854714696242532,2.491910457611084,171300,0.085,0.0
2009-12-30 00:00:00-05:00,2.4897639056761482,2.509080866850799,2.4640075480598647,2.4683003425598145,149300,0.0,0.0
2009-12-31 00:00:00-05:00,2.468302786968578,2.4962053647755997,2.468302786968578,2.4768881797790527,105000,0.0,0.0
2010-01-04 00:00:00-05:00,2.500495843157437,2.511227626263313,2.4747396865183773,2.491910457611084,227700,0.0,0.0
2010-01-05 00:00:00-05:00,2.5004958917330065,2.528398446473634,2.498349698823528,2.519813060760498,158600,0.0,0.0
2010-01-06 00:00:00-05:00,2.5283995717913235,2.5326923689043626,2.515521589835872,2.524106979370117,267400,0.0,0.0
2010-01-07 00:00:00-05:00,2.5262518803011704,2.562739610671997,2.524105483017089,2.562739610671997,196700,0.0,0.0
2010-01-08 00:00:00-05:00,2.5541570037857637,2.605669571163315,2.5541570037857637,2.60137677192688,237800,0.0,0.0
2010-01-11 00:00:00-05:00,2.6056688766440312,2.620693260583062,2.586351694612775,2.5949370861053467,161900,0.0,0.0
2010-01-12 00:00:00-05:00,2.5734722576364097,2.5927894303044106,2.569179666316732,2.586350440979004,126700,0.0,0.0
2010-01-13 00:00:00-05:00,2.588496838984733,2.6013748176355467,2.5734722576364097,2.586350440979004,139800,0.0,0.0
2010-01-14 00:00:00-05:00,2.5884965641862117,2.6078135301117156,2.584203768630483,2.5992281436920166,144900,0.0,0.0
2010-01-15 00:00:00-05:00,2.6121074733989227,2.614253872119891,2.57776591263082,2.59708309173584,152800,0.0,0.0
2010-01-19 00:00:00-05:00,2.6056681820286536,2.6163997650146484,2.5820582081990855,2.6163997650146484,130000,0.0,0.0
2010-01-20 00:00:00-05:00,2.612108025242312,2.6206934172481184,2.59064444288185,2.5927908420562744,169200,0.0,0.0
2010-01-21 00:00:00-05:00,2.586348879586994,2.603519643883188,2.5477145575747295,2.549860954284668,173800,0.0,0.0
2010-01-22 00:00:00-05:00,2.5369841573977263,2.55844772677781,2.496203621205689,2.5219597816467285,190100,0.0,0.0
2010-01-25 00:00:00-05:00,2.5176676561585056,2.524106851501862,2.4962042857561175,2.5069360733032227,155700,0.0,0.0
2010-01-26 00:00:00-05:00,2.4940572263274987,2.515520795733384,2.4597156790314965,2.5090816020965576,226600,0.0,0.0
2010-01-27 00:00:00-05:00,2.519814182257078,2.5262533779266367,2.485472624120097,2.524106979370117,152400,0.0,0.0
2010-01-28 00:00:00-05:00,2.5262527968485347,2.532691786345191,2.4618622878066136,2.4747402667999268,176200,0.0,0.0
2010-01-29 00:00:00-05:00,2.483325654359397,2.485472052422211,2.4403987165620453,2.4747402667999268,331700,0.0,0.0
2010-02-01 00:00:00-05:00,2.500497958834882,2.500497958834882,2.4640099882173847,2.4768881797790527,155900,0.0,0.0
2010-02-02 00:00:00-05:00,2.4768860487030304,2.52410577087945,2.4768860487030304,2.5176665782928467,184600,0.0,0.0
2010-02-03 00:00:00-05:00,2.517667242903194,2.530545426784232,2.5026428656184736,2.5155210494995117,131700,0.0,0.0
2010-02-04 00:00:00-05:00,2.5090841596700497,2.5090841596700497,2.476888977435619,2.4790353775024414,293300,0.0,0.0
2010-02-05 00:00:00-05:00,2.482277861248335,2.482277861248335,2.3092969836912522,2.417410135269165,667400,0.085,0.0
2010-02-08 00:00:00-05:00,2.4174098288380192,2.4260588716195195,2.395787118779545,2.4087607860565186,162700,0.0,0.0
2010-02-09 00:00:00-05:00,2.4195706639704646,2.4455179848952993,2.413083936843925,2.430382013320923,218900,0.0,0.0
2010-02-10 00:00:00-05:00,2.4411932895327757,2.4520046385593237,2.4130838645474832,2.4217329025268555,143200,0.0,0.0
2010-02-11 00:00:00-05:00,2.430380308306043,2.4498406822427223,2.4174068631543855,2.4368672370910645,159600,0.0,0.0
2010-02-12 00:00:00-05:00,2.439029340476879,2.4520029918377295,2.4174068631543855,2.4368672370910645,117000,0.0,0.0
2010-02-16 00:00:00-05:00,2.4541669620488973,2.477951765060425,2.441193301909398,2.477951765060425,191300,0.0,0.0
2010-02-17 00:00:00-05:00,2.48227530159594,2.5103847167656963,2.4693018522617503,2.486599922180176,244700,0.0,0.0
2010-02-18 00:00:00-05:00,2.480114955575959,2.508224390671467,2.4671412908359533,2.4844393730163574,195000,0.0,0.0
2010-02-19 00:00:00-05:00,2.490924196984818,2.516871298260589,2.477950543242317,2.499573230743408,139900,0.0,0.0
2010-02-22 00:00:00-05:00,2.5103860393615864,2.529846429824829,2.5060616227082924,2.529846429824829,132600,0.0,0.0
2010-02-23 00:00:00-05:00,2.5363345079667714,2.5384968205490726,2.5060629566524635,2.516874313354492,220100,0.0,0.0
2010-02-24 00:00:00-05:00,2.5341705550647524,2.544981903889067,2.525521517247166,2.5406572818756104,152000,0.0,0.0
2010-02-25 00:00:00-05:00,2.525522135356426,2.5428202152252197,2.516873095422029,2.5428202152252197,129700,0.0,0.0
2010-02-26 00:00:00-05:00,2.5341701536018806,2.551468226496695,2.5298455322735296,2.5493059158325195,142200,0.0,0.0
2010-03-01 00:00:00-05:00,2.5644429197018828,2.5860656243942177,2.5557938790668278,2.5839033126831055,239800,0.0,0.0
2010-03-02 00:00:00-05:00,2.579579085065325,2.6098506264082317,2.577416773195286,2.6055262088775635,198100,0.0,0.0
2010-03-03 00:00:00-05:00,2.612012774163651,2.6141750858978305,2.599039316177368,2.599039316177368,178700,0.0,0.0
2010-03-04 00:00:00-05:00,2.6012003758285203,2.6163363456726074,2.5968759603082905,2.6163363456726074,267500,0.0,0.0
2010-03-05 00:00:00-05:00,2.612012927187721,2.6357977390289307,2.6033638859536983,2.6357977390289307,210000,0.0,0.0
2010-03-08 00:00:00-05:00,2.631472401089392,2.6660685539245605,2.631472401089392,2.6660685539245605,256900,0.0,0.0
2010-03-09 00:00:00-05:00,2.66280519590152,2.6649825190759646,2.6388552639055294,2.660628080368042,179200,0.085,0.0
2010-03-10 00:00:00-05:00,2.6562710621487295,2.6606257046092177,2.6301438303081457,2.643207550048828,230500,0.0,0.0
2010-03-11 00:00:00-05:00,2.6366769693604386,2.6519180183256723,2.6236134504083983,2.649740695953369,213200,0.0,0.0
2010-03-12 00:00:00-05:00,2.651915678078278,2.651915678078278,2.6257884555899094,2.636674642562866,203000,0.0,0.0
2010-03-15 00:00:00-04:00,2.6475634091462283,2.64974073154778,2.599663354516554,2.6149044036865234,286500,0.0,0.0
2010-03-16 00:00:00-04:00,2.625789395488439,2.645384663638291,2.6149029969780004,2.643207550048828,225300,0.0,0.0
2010-03-17 00:00:00-04:00,2.6345008251976068,2.68022357365611,2.6345008251976068,2.660628080368042,343100,0.0,0.0
2010-03-18 00:00:00-04:00,2.6649796089813056,2.697638798012013,2.6606251750283216,2.684575080871582,259900,0.0,0.0
2010-03-19 00:00:00-04:00,2.649740695953369,2.6889316680912705,2.6301452098844185,2.649740695953369,217800,0.0,0.0
2010-03-22 00:00:00-04:00,2.6301452098844185,2.6628042149054094,2.6170816909323777,2.649740695953369,169400,0.0,0.0
2010-03-23 00:00:00-04:00,2.6562717969910707,2.691108115749117,2.6562717969910707,2.6715128421783447,223300,0.0,0.0
2010-03-24 00:00:00-04:00,2.6715126449855546,2.6889308030788883,2.66715800164181,2.6758670806884766,169900,0.0,0.0
2010-03-25 00:00:00-04:00,2.691106635588603,2.6976385974936608,2.671511372795603,2.6780431270599365,165100,0.0,0.0
2010-03-26 00:00:00-04:00,2.6780432615000813,2.68892965758096,2.617079734144191,2.6453840732574463,202500,0.0,0.0
2010-03-29 00:00:00-04:00,2.6584476215351858,2.671511337532138,2.6453839055382335,2.66715669631958,124700,0.0,0.0
2010-03-30 00:00:00-04:00,2.6758656887610526,2.6845747632774475,2.6649792937053807,2.6693339347839355,159900,0.0,0.0
2010-03-31 00:00:00-04:00,2.669334692294831,2.688930167427754,2.669334692294831,2.673689126968384,153000,0.0,0.0
2010-04-01 00:00:00-04:00,2.695461799528347,2.6998162340020175,2.6628026065923764,2.6823980808258057,151600,0.0,0.0
2010-04-05 00:00:00-04:00,2.758604234363118,2.758604234363118,2.721590585785169,2.7368314266204834,465400,0.0,0.0
2010-04-06 00:00:00-04:00,2.7324761396890134,2.7520716190338135,2.7324761396890134,2.7520716190338135,294200,0.0,0.0
2010-04-07 00:00:00-04:00,2.7607800228924115,2.7716662130749365,2.7433618694314497,2.756425380706787,225400,0.0,0.0
2010-04-08 00:00:00-04:00,2.756424899582368,2.7738430500030518,2.752070465797563,2.7738430500030518,227200,0.0,0.0
2010-04-09 00:00:00-04:00,2.783705475572576,2.7902810993672076,2.768362283706665,2.768362283706665,227400,0.085,0.0
2010-04-12 00:00:00-04:00,2.7902826488607952,2.7902826488607952,2.7749394484745324,2.7793233394622803,237400,0.0,0.0
2010-04-13 00:00:00-04:00,2.788091271847726,2.790283008588735,2.7705561237069287,2.7837073802948,258300,0.0,0.0
2010-04-14 00:00:00-04:00,2.7990507916945884,2.7990507916945884,2.774939806224401,2.7837073802948,263900,0.0,0.0
2010-04-15 00:00:00-04:00,2.779321830024047,2.792473077774048,2.7749379414171713,2.792473077774048,287100,0.0,0.0
2010-04-16 00:00:00-04:00,2.792473723787496,2.8034332388047565,2.763979068356763,2.7749385833740234,236600,0.0,0.0
2010-04-19 00:00:00-04:00,2.7683638210283377,2.785898966908475,2.766171875534464,2.7793233394622803,257900,0.0,0.0
2010-04-20 00:00:00-04:00,2.7837068475928572,2.801241992378055,2.7793231659142648,2.796858310699463,236300,0.0,0.0
2010-04-21 00:00:00-04:00,2.803434684841931,2.8165861514533628,2.8012427389007803,2.805626630783081,234100,0.0,0.0
2010-04-22 00:00:00-04:00,2.8078177628055396,2.825352907180786,2.8078177628055396,2.825352907180786,174100,0.0,0.0
2010-04-23 00:00:00-04:00,2.827545002429263,2.838504521314038,2.820969374712573,2.8297369480133057,262900,0.0,0.0
2010-04-26 00:00:00-04:00,2.827544558838604,2.8406960212441943,2.827544558838604,2.8385040760040283,198000,0.0,0.0
2010-04-27 00:00:00-04:00,2.836312215638758,2.851655623743656,2.812201444381646,2.825352907180786,202600,0.0,0.0
2010-04-28 00:00:00-04:00,2.8385062691252574,2.8385062691252574,2.8187791647927782,2.831930637359619,202100,0.0,0.0
2010-04-29 00:00:00-04:00,2.8538478306801642,2.862615403671568,2.8406963666753446,2.849463939666748,232400,0.0,0.0
2010-04-30 00:00:00-04:00,2.8472732758391,2.85384911531929,2.8363137524076394,2.845081329345703,111800,0.0,0.0
2010-05-03 00:00:00-04:00,2.851654565465525,2.862614078891719,2.851654565465525,2.860422134399414,168700,0.0,0.0
2010-05-04 00:00:00-04:00,2.845080048653332,2.8538478306801642,2.8406963666753446,2.849463939666748,148600,0.0,0.0
2010-05-05 00:00:00-04:00,2.838506044659719,2.838506044659719,2.739870739832846,2.746446371078491,337000,0.0,0.0
2010-05-06 00:00:00-04:00,2.7398683655428795,2.753019825673047,2.211621778111871,2.5557491779327393,1530700,0.0,0.0
2010-05-07 00:00:00-04:00,2.566709593219348,2.5952042592969002,2.4593067657977272,2.568901538848877,476000,0.0,0.0
2010-05-10 00:00:00-04:00,2.651700209493833,2.7046900039338087,2.645076327266792,2.6870267391204834,258500,0.085,0.0
2010-05-11 00:00:00-04:00,2.7002739906311035,2.7046899119656422,2.671571344207477,2.7002739906311035,177500,0.0,0.0
2010-05-12 00:00:00-04:00,2.709105253891224,2.748847484588623,2.7068972936961817,2.748847484588623,187800,0.0,0.0
2010-05-13 00:00:00-04:00,2.755469338931172,2.75767729767131,2.706895510023356,2.7201428413391113,197700,0.0,0.0
2010-05-14 00:00:00-04:00,2.706895482898644,2.711311189772136,2.651697778323529,2.6804006099700928,312200,0.0,0.0
2010-05-17 00:00:00-04:00,2.693647123950031,2.693647123950031,2.5677964630795587,2.6031229496002197,340800,0.0,0.0
2010-05-18 00:00:00-04:00,2.634034731582,2.66494531375309,2.5987082316364405,2.6053318977355957,256900,0.0,0.0
2010-05-19 00:00:00-04:00,2.6097474126042095,2.6980638665215677,2.5170152518003763,2.6826083660125732,837500,0.0,0.0
2010-05-20 00:00:00-04:00,2.6207882930094732,2.6207882930094732,2.4662346853499795,2.5413036346435547,347400,0.0,0.0
2010-05-21 00:00:00-04:00,2.5015592868947985,2.5633806405628254,2.4529852608743963,2.5390937328338623,339600,0.0,0.0
2010-05-24 00:00:00-04:00,2.517016446953426,2.5722141779003227,2.517016446953426,2.5567588806152344,229900,0.0,0.0
2010-05-25 00:00:00-04:00,2.5103914511941277,2.5435101985931396,2.4485700841701687,2.5435101985931396,367200,0.0,0.0
2010-05-26 00:00:00-04:00,2.5611739807443734,2.6141637349649303,2.5302631855010986,2.5302631855010986,226400,0.0,0.0
2010-05-27 00:00:00-04:00,2.598708320192406,2.6031240275548004,2.570005485367898,2.594292402267456,257100,0.0,0.0
2010-05-28 00:00:00-04:00,2.592084443304981,2.611955652842145,2.5766291516927673,2.594292402267456,153500,0.0,0.0
2010-06-01 00:00:00-04:00,2.570005780583446,2.589876781840628,2.545718650331479,2.561174154281616,158000,0.0,0.0
2010-06-02 00:00:00-04:00,2.5677974224090576,2.574421088465667,2.5346786710009157,2.5677974224090576,278300,0.0,0.0
2010-06-03 00:00:00-04:00,2.585460830354369,2.598708373840146,2.56779757941504,2.581044912338257,206800,0.0,0.0
2010-06-04 00:00:00-04:00,2.5501333129152006,2.59649938080684,2.5302621108812873,2.5390937328338623,187300,0.0,0.0
2010-06-07 00:00:00-04:00,2.554550103544879,2.5589660216778753,2.5236395188641705,2.5302631855010986,144200,0.0,0.0
2010-06-08 00:00:00-04:00,2.52470177041925,2.5424970076197555,2.4913355415663316,2.531374931335449,178700,0.085,0.0
2010-06-09 00:00:00-04:00,2.5536190996320176,2.5625169311622003,2.5247019957028427,2.533599615097046,154600,0.0,0.0
2010-06-10 00:00:00-04:00,2.553618946617316,2.5669654809768763,2.5313750055326714,2.5513947010040283,154500,0.0,0.0
2010-06-11 00:00:00-04:00,2.549169844097895,2.5780871539023416,2.546945386696953,2.571413993835449,98000,0.0,0.0
2010-06-14 00:00:00-04:00,2.5803120384784735,2.607004895301027,2.5669655039992123,2.5758631229400635,133900,0.0,0.0
2010-06-15 00:00:00-04:00,2.6025556024060306,2.6203508377075195,2.578087206900468,2.6203508377075195,249300,0.0,0.0
2010-06-16 00:00:00-04:00,2.6114542393644484,2.6425960193653406,2.6047810765556934,2.640371561050415,250400,0.0,0.0
2010-06-17 00:00:00-04:00,2.6292491036618117,2.655941963195801,2.6292491036618117,2.655941963195801,156800,0.0,0.0
2010-06-18 00:00:00-04:00,2.667065449767546,2.673738827277884,2.6470457415087374,2.6603922843933105,150300,0.0,0.0
2010-06-21 00:00:00-04:00,2.684859574379801,2.6870840326182632,2.6336983077112546,2.651493549346924,140300,0.0,0.0
2010-06-22 00:00:00-04:00,2.647044343351138,2.6781861188754537,2.640371181501638,2.655941963195801,155500,0.0,0.0
2010-06-23 00:00:00-04:00,2.6737373849846637,2.6915326244740805,2.6425956098101913,2.6893081665039062,147100,0.0,0.0
2010-06-24 00:00:00-04:00,2.6648380302140824,2.6870821729318624,2.6603893289520464,2.6737358570098877,177200,0.0,0.0
2010-06-25 00:00:00-04:00,2.6915319206821806,2.6982050807117917,2.6781853884870257,2.6870830059051514,344600,0.0,0.0
2010-06-28 00:00:00-04:00,2.7026543492136166,2.7093277227763792,2.687083568505791,2.704878807067871,234900,0.0,0.0
2010-06-29 00:00:00-04:00,2.68486052155365,2.6959826045336315,2.647045566703366,2.6804118156433105,191500,0.0,0.0
2010-06-30 00:00:00-04:00,2.6848577390772634,2.6848577390772634,2.658164894870329,2.6692869663238525,177200,0.0,0.0
2010-07-01 00:00:00-04:00,2.6514942511184687,2.6648405798095895,2.6136792996001765,2.6537187099456787,197200,0.0,0.0
2010-07-02 00:00:00-04:00,2.6403714702906274,2.651493549346924,2.6225762286549577,2.651493549346924,138800,0.0,0.0
2010-07-06 00:00:00-04:00,2.662613808306086,2.6848577390772634,2.647042823416806,2.6692869663238525,191700,0.0,0.0
2010-07-07 00:00:00-04:00,2.6648401295806505,2.680411126604307,2.6492693446930278,2.675962209701538,211000,0.0,0.0
2010-07-08 00:00:00-04:00,2.681562766618901,2.7174065113067627,2.681562766618901,2.7174065113067627,189000,0.085,0.0
2010-07-09 00:00:00-04:00,2.699484850877954,2.7174067246287885,2.688283626372285,2.712926149368286,117700,0.0,0.0
2010-07-12 00:00:00-04:00,2.7241262787893707,2.7241262787893707,2.6994837656995316,2.701724052429199,100400,0.0,0.0
2010-07-13 00:00:00-04:00,2.7308480739593506,2.7375689369752267,2.717406775218781,2.7308480739593506,125200,0.0,0.0
2010-07-14 00:00:00-04:00,2.712926149368286,2.726367661504206,2.70620550012312,2.712926149368286,158400,0.0,0.0
2010-07-15 00:00:00-04:00,2.72188687256996,2.72188687256996,2.6972443515084477,2.7174065113067627,111100,0.0,0.0
2010-07-16 00:00:00-04:00,2.71740603592867,2.730847331012437,2.7129254618037253,2.721886396408081,136700,0.0,0.0
2010-07-19 00:00:00-04:00,2.7308480231191212,2.7398089599945386,2.712926149368286,2.712926149368286,180300,0.0,0.0
2010-07-20 00:00:00-04:00,2.6905232321156025,2.7353279051373813,2.6905232321156025,2.721886396408081,140800,0.0,0.0
2010-07-21 00:00:00-04:00,2.7241266834705535,2.7353279051373813,2.708445101324314,2.721886396408081,138500,0.0,0.0
2010-07-22 00:00:00-04:00,2.744289028504547,2.7756524085998535,2.739808454071411,2.7756524085998535,180600,0.0,0.0
2010-07-23 00:00:00-04:00,2.773412254276045,2.7823731899261475,2.7622110313020283,2.7823731899261475,102900,0.0,0.0
2010-07-26 00:00:00-04:00,2.78013303289831,2.822697639465332,2.78013303289831,2.822697639465332,227500,0.0,0.0
2010-07-27 00:00:00-04:00,2.8495804476755504,2.8495804476755504,2.811496415966349,2.822697639465332,192500,0.0,0.0
2010-07-28 00:00:00-04:00,2.831657966018893,2.831657966018893,2.8137360977364434,2.824937105178833,213500,0.0,0.0
2010-07-29 00:00:00-04:00,2.8294196128845215,2.8316599013623693,2.813738020830922,2.8294196128845215,183400,0.0,0.0
2010-07-30 00:00:00-04:00,2.8159768834691516,2.829418394904402,2.8159768834691516,2.8204574584960938,151900,0.0,0.0
2010-08-02 00:00:00-04:00,2.842859057658807,2.8518199920654297,2.8271774758585995,2.8518199920654297,165700,0.0,0.0
2010-08-03 00:00:00-04:00,2.8518182898979485,2.856298861249701,2.8406172888093684,2.8428573608398438,208800,0.0,0.0
2010-08-04 00:00:00-04:00,2.8518216846671693,2.856302261352539,2.8428607449420857,2.856302261352539,205000,0.0,0.0
2010-08-05 00:00:00-04:00,2.8518199905050485,2.8563005645286728,2.840618982737045,2.847339630126953,137400,0.0,0.0
2010-08-06 00:00:00-04:00,2.8439564582997807,2.8710202536068863,2.8417013033371328,2.85974383354187,148800,0.085,0.0
2010-08-09 00:00:00-04:00,2.8619992434141364,2.875531249814907,2.857488718003176,2.868765354156494,158600,0.0,0.0
2010-08-10 00:00:00-04:00,2.855234453174413,2.873276991971405,2.850723926017179,2.857489824295044,229800,0.0,0.0
2010-08-11 00:00:00-04:00,2.841701696987654,2.8462122226217015,2.787573883791389,2.7898292541503906,237000,0.0,0.0
2010-08-12 00:00:00-04:00,2.7740420918052893,2.7898292541503906,2.749233448024181,2.7898292541503906,314100,0.0,0.0
2010-08-13 00:00:00-04:00,2.7988495504325717,2.814636707305908,2.7830623935592347,2.814636707305908,114900,0.0,0.0
2010-08-16 00:00:00-04:00,2.785318759949809,2.8236591961497046,2.785318759949809,2.8078718185424805,117700,0.0,0.0
2010-08-17 00:00:00-04:00,2.8304254170478633,2.8304254170478633,2.798850873293777,2.8191487789154053,113500,0.0,0.0
2010-08-18 00:00:00-04:00,2.8146391817694334,2.83493709564209,2.8101286537333263,2.83493709564209,126800,0.0,0.0
2010-08-19 00:00:00-04:00,2.834936210869878,2.841702323438467,2.8236597867569024,2.837191581726074,123600,0.0,0.0
2010-08-20 00:00:00-04:00,2.837191228275952,2.837191228275952,2.821404064417309,2.8326807022094727,313300,0.0,0.0
2010-08-23 00:00:00-04:00,2.8417032103223554,2.850724481478639,2.8236606680097873,2.83493709564209,272700,0.0,0.0
2010-08-24 00:00:00-04:00,2.8191488334544355,2.8281701011181304,2.8056168244168997,2.812382936477661,155700,0.0,0.0
2010-08-25 00:00:00-04:00,2.8011061900065717,2.8259146213531494,2.7853190259754745,2.8259146213531494,196200,0.0,0.0
2010-08-26 00:00:00-04:00,2.8056162263730537,2.8168928623199463,2.7988503308384947,2.8168928623199463,154700,0.0,0.0
2010-08-27 00:00:00-04:00,2.812381287369793,2.8214025497436523,2.796593916902644,2.8214025497436523,283100,0.0,0.0
2010-08-30 00:00:00-04:00,2.807870934951738,2.819147568241482,2.8011050410114477,2.810126304626465,132200,0.0,0.0
2010-08-31 00:00:00-04:00,2.798850873293777,2.8191487789154053,2.789829605804607,2.8191487789154053,136000,0.0,0.0
2010-09-01 00:00:00-04:00,2.814636707305908,2.821402816037808,2.80561544408059,2.814636707305908,247900,0.0,0.0
2010-09-02 00:00:00-04:00,2.8168918110147922,2.8214025497436523,2.789828023893215,2.8214025497436523,265300,0.0,0.0
2010-09-03 00:00:00-04:00,2.807870934951738,2.8304242015312258,2.807870934951738,2.810126304626465,266200,0.0,0.0
2010-09-07 00:00:00-04:00,2.796595573425293,2.8123829532438664,2.792085047108549,2.796595573425293,379200,0.0,0.0
2010-09-08 00:00:00-04:00,2.8340660214887383,2.836336959783664,2.7954611533179774,2.8000028133392334,324800,0.085,0.0
2010-09-09 00:00:00-04:00,2.8181689025495436,2.824981498486991,2.800001835670671,2.8090853691101074,183600,0.0,0.0
2010-09-10 00:00:00-04:00,2.8113569679990955,2.8317949771881104,2.809086029962856,2.8317949771881104,87800,0.0,0.0
2010-09-13 00:00:00-04:00,2.831793546522606,2.8431480143987824,2.8181681417575026,2.827251672744751,160200,0.0,0.0
2010-09-14 00:00:00-04:00,2.8272506832165614,2.847688674926758,2.818167155408517,2.847688674926758,161100,0.0,0.0
2010-09-15 00:00:00-04:00,2.8522315238179545,2.8522315238179545,2.824980714493813,2.838606119155884,260300,0.0,0.0
2010-09-16 00:00:00-04:00,2.8340660665463697,2.8681294918060303,2.8340660665463697,2.8681294918060303,181300,0.0,0.0
2010-09-17 00:00:00-04:00,2.863585175542819,2.893106698989868,2.859043519318573,2.893106698989868,194100,0.0,0.0
2010-09-20 00:00:00-04:00,2.8931085781504673,2.913546585855708,2.8885669189762777,2.9090049266815186,207500,0.0,0.0
2010-09-21 00:00:00-04:00,2.909005138965485,2.9203593960138106,2.895379727311495,2.918088674545288,240100,0.0,0.0
2010-09-22 00:00:00-04:00,2.9180875277608016,2.929441780346999,2.886295057441386,2.8976495265960693,215400,0.0,0.0
2010-09-23 00:00:00-04:00,2.886296191731692,2.918088674545288,2.886296191731692,2.918088674545288,158100,0.0,0.0
2010-09-24 00:00:00-04:00,2.9226289230455342,2.9407959854343306,2.89537832946234,2.9044618606567383,204400,0.0,0.0
2010-09-27 00:00:00-04:00,2.915816590796121,2.918087527940895,2.893107652485353,2.895378589630127,169100,0.0,0.0
2010-09-28 00:00:00-04:00,2.9044621214614845,2.915816590616168,2.886295057441386,2.8976495265960693,132200,0.0,0.0
2010-09-29 00:00:00-04:00,2.899921342153869,2.924901008605957,2.893108528656303,2.924901008605957,131700,0.0,0.0
2010-09-30 00:00:00-04:00,2.9135469855959624,2.9407975940855633,2.911276047413016,2.9317140579223633,222300,0.0,0.0
2010-10-01 00:00:00-04:00,2.9339823706536836,2.9385240263869257,2.922627906467992,2.929440498352051,229900,0.0,0.0
2010-10-04 00:00:00-04:00,2.927171946438479,2.940797140296508,2.920359132940913,2.924901008605957,158400,0.0,0.0
2010-10-05 00:00:00-04:00,2.9271700382232666,2.936253567063272,2.9226281655190585,2.9271700382232666,179500,0.0,0.0
2010-10-06 00:00:00-04:00,2.927171635971729,2.9476094245910645,2.918088102173626,2.9476094245910645,218300,0.0,0.0
2010-10-07 00:00:00-04:00,2.957896649510009,2.9670400619506836,2.941895732237866,2.9670400619506836,165600,0.085,0.0
2010-10-08 00:00:00-04:00,2.955608026647615,2.962465524673462,2.9464646232811758,2.962465524673462,150800,0.0,0.0
2010-10-11 00:00:00-04:00,2.9647531509399414,2.9647531509399414,2.946466333592264,2.9647531509399414,125300,0.0,0.0
2010-10-12 00:00:00-04:00,2.9510391446785404,2.9670400619506836,2.9510391446785404,2.9670400619506836,114900,0.0,0.0
2010-10-13 00:00:00-04:00,2.962465524673462,2.985324142087526,2.9578937139922763,2.962465524673462,273600,0.0,0.0
2010-10-14 00:00:00-04:00,2.9601831188680587,2.983041763305664,2.9556115207782514,2.983041763305664,149900,0.0,0.0
2010-10-15 00:00:00-04:00,2.9921816401133725,2.9921816401133725,2.95103621596643,2.962465524673462,222400,0.0,0.0
2010-10-18 00:00:00-04:00,2.9647531509399414,2.9807540616201442,2.953323835598628,2.9647531509399414,157300,0.0,0.0
2010-10-19 00:00:00-04:00,2.9556074462676216,2.97160834451788,2.9487497315924633,2.957893133163452,160000,0.0,0.0
2010-10-20 00:00:00-04:00,2.960182557119215,2.9693259695598893,2.9441816398470717,2.9670400619506836,264900,0.0,0.0
2010-10-21 00:00:00-04:00,2.9738970029909684,2.9921838230650204,2.96932518897441,2.987612009048462,136200,0.0,0.0
2010-10-22 00:00:00-04:00,2.987611921814558,2.99446964263916,2.9807544189860398,2.99446964263916,120700,0.0,0.0
2010-10-25 00:00:00-04:00,2.9898966158650655,3.0058975219726562,2.987610709850839,3.0058975219726562,143900,0.0,0.0
2010-10-26 00:00:00-04:00,2.99903999107339,3.0127552090216554,2.9967540850826797,3.0036118030548096,146800,0.0,0.0
2010-10-27 00:00:00-04:00,2.999040021925974,3.015040928033565,2.985325021832609,3.0058975219726562,144500,0.0,0.0
2010-10-28 00:00:00-04:00,3.003610694917381,3.0173256898097103,2.992181387176498,3.0081822872161865,127900,0.0,0.0
2010-10-29 00:00:00-04:00,3.0081840881852577,3.0287568108363434,3.003612493149485,3.0150415897369385,212500,0.0,0.0
2010-11-01 00:00:00-04:00,3.026471188606284,3.028757095336914,3.0127561842146298,3.028757095336914,181500,0.0,0.0
2010-11-02 00:00:00-04:00,3.0287586363611774,3.0333304521485656,3.0104718092039735,3.0219011306762695,247200,0.0,0.0
2010-11-03 00:00:00-04:00,3.0150415897369385,3.0196134027687545,2.996754773601761,3.0150415897369385,190100,0.0,0.0
2010-11-04 00:00:00-04:00,3.019612473898271,3.0630435943603516,3.0127549744560427,3.0630435943603516,309500,0.0,0.0
2010-11-05 00:00:00-04:00,3.1041906600245976,3.1041906600245976,3.060759516714733,3.07218861579895,611100,0.0,0.0
2010-11-08 00:00:00-05:00,3.0710362951385277,3.0940401800432094,3.0641349322220655,3.08253812789917,144500,0.085,0.0
2010-11-09 00:00:00-05:00,3.0825413483005293,3.110146390039201,3.071039503523647,3.1032450199127197,199900,0.0,0.0
2010-11-10 00:00:00-05:00,3.089440327570661,3.089440327570661,3.061835526578421,3.0756378173828125,153000,0.0,0.0
2010-11-11 00:00:00-05:00,3.054935589919602,3.0687381065598758,3.054935589919602,3.0618369579315186,174900,0.0,0.0
2010-11-12 00:00:00-05:00,3.05263425144669,3.0687369988950675,3.0250292281302134,3.027329683303833,236800,0.0,0.0
2010-11-15 00:00:00-05:00,3.0204302465849717,3.0296318531036377,2.9583192380462706,3.0296318531036377,346600,0.0,0.0
2010-11-16 00:00:00-05:00,3.0181275289645333,3.0181275289645333,2.864000570709234,2.91690993309021,387600,0.0,0.0
2010-11-17 00:00:00-05:00,2.8916064049218138,2.9951247119963327,2.8870057131537896,2.9767212867736816,201200,0.0,0.0
2010-11-18 00:00:00-05:00,2.976721680179886,2.985923284315545,2.9514173236527124,2.9583184719085693,214500,0.0,0.0
2010-11-19 00:00:00-05:00,2.953717447991903,3.0043263747491893,2.9514169923703166,2.9928243160247803,133800,0.0,0.0
2010-11-22 00:00:00-05:00,2.9767211540737115,3.0020257255120995,2.9744209179840015,2.995124578475952,141200,0.0,0.0
2010-11-23 00:00:00-05:00,2.9859229400612852,2.9928243069050144,2.9560178946058806,2.965219497680664,274500,0.0,0.0
2010-11-24 00:00:00-05:00,2.967518660213975,2.9790207147417003,2.9629179700329513,2.9721195697784424,161900,0.0,0.0
2010-11-26 00:00:00-05:00,2.9606187495576686,3.0181288267892863,2.9606187495576686,3.0158283710479736,94200,0.0,0.0
2010-11-29 00:00:00-05:00,3.0089256026461326,3.011226057148456,2.9951233143990255,3.0043249130249023,171100,0.0,0.0
2010-11-30 00:00:00-05:00,2.9905239004054867,3.0089271068573,2.98132229717958,3.0089271068573,127300,0.0,0.0
2010-12-01 00:00:00-05:00,3.0089281835907373,3.0296318531036377,2.9997265770720714,3.0296318531036377,163900,0.0,0.0
2010-12-02 00:00:00-05:00,3.0158276123307344,3.0250292135975276,2.99512417401806,2.999724864959717,157000,0.0,0.0
2010-12-03 00:00:00-05:00,2.954571701913645,3.000881558202314,2.954571701913645,2.99161958694458,156000,0.085,0.0
2010-12-06 00:00:00-05:00,2.9730968842881307,2.991620834528569,2.9684657863165684,2.986989736557007,164800,0.0,0.0
2010-12-07 00:00:00-05:00,2.982358785865297,3.0101447105407715,2.9730968109734723,3.0101447105407715,187400,0.0,0.0
2010-12-08 00:00:00-05:00,3.005515996644175,3.017093529647924,2.973099169221367,2.993938684463501,174300,0.0,0.0
2010-12-09 00:00:00-05:00,2.9846766259344637,2.9985694885253906,2.9337356145139037,2.9985694885253906,196700,0.0,0.0
2010-12-10 00:00:00-05:00,2.9893045841344286,2.9893045841344286,2.9429947193994472,2.9684650897979736,166700,0.0,0.0
2010-12-13 00:00:00-05:00,2.956889256393172,2.9592045851616104,2.9036327199057497,2.915210247039795,334500,0.0,0.0
2010-12-14 00:00:00-05:00,2.9013161054560572,2.9036316541975924,2.815642789425195,2.836482286453247,498100,0.0,0.0
2010-12-15 00:00:00-05:00,2.824904696596134,2.8318511218331732,2.7762792782911085,2.8063807487487793,372000,0.0,0.0
2010-12-16 00:00:00-05:00,2.7809115851332282,2.820275046634459,2.778596035439515,2.8040664196014404,705600,0.0,0.0
2010-12-17 00:00:00-05:00,2.801749590794305,2.8642678532941557,2.792487617800888,2.861952304840088,223900,0.0,0.0
2010-12-20 00:00:00-05:00,2.8480594557613896,2.8688989502022917,2.845743907307322,2.861952304840088,167100,0.0,0.0
2010-12-21 00:00:00-05:00,2.866584034851057,2.8758460098900382,2.8434289868421514,2.8688995838165283,192900,0.0,0.0
2010-12-22 00:00:00-05:00,2.8735315799713135,2.889739987395887,2.8665851511926377,2.8735315799713135,243000,0.0,0.0
2010-12-23 00:00:00-05:00,2.8596375449876623,2.912893845068093,2.8596375449876623,2.9082629680633545,161500,0.0,0.0
2010-12-27 00:00:00-05:00,2.924472438740774,2.9429963951825653,2.9082640320599515,2.93373441696167,134900,0.0,0.0
2010-12-28 00:00:00-05:00,2.929102283093134,2.942995355929941,2.9152094310792287,2.9221558570861816,151200,0.0,0.0
2010-12-29 00:00:00-05:00,2.9209907239233446,2.9512963214080505,2.916328444021267,2.9349780082702637,185100,0.085,0.0
2010-12-30 00:00:00-05:00,2.9466333297530998,2.953626859077116,2.9256525194607614,2.9373085498809814,142700,0.0,0.0
2010-12-31 00:00:00-05:00,2.939638871368907,2.9536261489744455,2.9279830660712323,2.9512948989868164,96300,0.0,0.0
2011-01-03 00:00:00-05:00,2.9443013713441646,2.9582884266294682,2.913995788465693,2.9512948989868164,276400,0.0,0.0
2011-01-04 00:00:00-05:00,2.930315506047843,2.937309259381474,2.902341159674348,2.9349780082702637,345500,0.0,0.0
2011-01-05 00:00:00-05:00,2.939639802099665,2.939639802099665,2.8930158991864863,2.9256527423858643,524500,0.0,0.0
2011-01-06 00:00:00-05:00,2.932646048784778,2.9489643579809126,2.9233212689126598,2.9373085498809814,240300,0.0,0.0
2011-01-07 00:00:00-05:00,2.920989495818553,2.9536263306925936,2.8930151612066246,2.9093334674835205,420000,0.0,0.0
2011-01-10 00:00:00-05:00,2.913996717188878,2.9326462783932623,2.8906846545232447,2.9279839992523193,270200,0.0,0.0
2011-01-11 00:00:00-05:00,2.9233231559477133,2.9396414756774902,2.9233231559477133,2.9396414756774902,155700,0.0,0.0
2011-01-12 00:00:00-05:00,2.9419710589954544,2.958289369469214,2.9163279679195027,2.9279839992523193,264800,0.0,0.0
2011-01-13 00:00:00-05:00,2.918660874162248,2.953628765674751,2.918660874162248,2.9396414756774902,137200,0.0,0.0
2011-01-14 00:00:00-05:00,2.9396386788633158,2.976938009262085,2.9396386788633158,2.976938009262085,168600,0.0,0.0
2011-01-18 00:00:00-05:00,2.9816017058315656,2.9816017058315656,2.948964859567834,2.9652833938598633,156600,0.0,0.0
2011-01-19 00:00:00-05:00,2.9536282958908995,2.969946613025197,2.9443035114826728,2.9582905769348145,154100,0.0,0.0
2011-01-20 00:00:00-05:00,2.9559597907923165,2.962953324093822,2.944303753742864,2.9606220722198486,170800,0.0,0.0
2011-01-21 00:00:00-05:00,2.955957205387846,2.983931536446758,2.955957205387846,2.976938009262085,161600,0.0,0.0
2011-01-24 00:00:00-05:00,2.967613509919126,3.0025815963745117,2.96528248201164,3.0025815963745117,292700,0.0,0.0
2011-01-25 00:00:00-05:00,2.990928416209678,3.0235652835216915,2.990928416209678,3.0189027786254883,170000,0.0,0.0
2011-01-26 00:00:00-05:00,3.0235645758963563,3.0305581092834473,3.0072460348992536,3.0305581092834473,160600,0.0,0.0
2011-01-27 00:00:00-05:00,3.0235633982711865,3.035219430923462,3.0189008962821435,3.035219430923462,150100,0.0,0.0
2011-01-28 00:00:00-05:00,3.030555700293612,3.035218200392395,3.00724364444018,3.016568422317505,111800,0.0,0.0
2011-01-31 00:00:00-05:00,3.028226154095262,3.0515382230653803,3.018901370971288,3.0422134399414062,134800,0.0,0.0
2011-02-01 00:00:00-05:00,3.03988267391431,3.0655257760192094,3.03988267391431,3.060863494873047,141900,0.0,0.0
2011-02-02 00:00:00-05:00,3.046876439190113,3.0678572617491335,3.046876439190113,3.058532476425171,154100,0.0,0.0
2011-02-03 00:00:00-05:00,3.0492053183813232,3.065523624420166,3.0492053183813232,3.065523624420166,135800,0.0,0.0
2011-02-04 00:00:00-05:00,3.0562009914064823,3.0655257760192094,3.046876206793755,3.060863494873047,121000,0.0,0.0
2011-02-07 00:00:00-05:00,3.060862090500193,3.1098172428356983,3.060862090500193,3.088836431503296,206100,0.0,0.0
2011-02-08 00:00:00-05:00,3.085316994207851,3.1017408874917534,3.082970915529335,3.097048282623291,179000,0.085,0.0
2011-02-09 00:00:00-05:00,3.080627202987671,3.0947045819165218,3.0712422091164693,3.080627202987671,191900,0.0,0.0
2011-02-10 00:00:00-05:00,3.059510364691158,3.1040890216827393,3.057164060703216,3.1040890216827393,170200,0.0,0.0
2011-02-11 00:00:00-05:00,3.1040860997859605,3.129894971847534,3.085316133062445,3.129894971847534,198800,0.0,0.0
2011-02-14 00:00:00-05:00,3.1275489687565035,3.153357619527211,3.1064326982369814,3.143972635269165,176800,0.0,0.0
2011-02-15 00:00:00-05:00,3.1392815370314326,3.1486665251221013,3.113472875721036,3.136935234069824,233900,0.0,0.0
2011-02-16 00:00:00-05:00,3.13223909157566,3.172125299015612,3.13223909157566,3.153355121612549,171000,0.0,0.0
2011-02-17 00:00:00-05:00,3.143970144788766,3.179163975694575,3.143970144788766,3.153355121612549,225600,0.0,0.0
2011-02-18 00:00:00-05:00,3.1463191110566027,3.172127987008514,3.139280428413212,3.1697816848754883,202900,0.0,0.0
2011-02-22 00:00:00-05:00,3.141627116034985,3.151012101962973,3.1134721582510214,3.118164539337158,249300,0.0,0.0
2011-02-23 00:00:00-05:00,3.1275490719114667,3.1345877543982374,3.0970478161278856,3.1158177852630615,217400,0.0,0.0
2011-02-24 00:00:00-05:00,3.1040860997859605,3.1416262569886446,3.1040860997859605,3.129894971847534,164300,0.0,0.0
2011-02-25 00:00:00-05:00,3.13223909157566,3.158047721902189,3.12989279143084,3.153355121612549,115100,0.0,0.0
2011-02-28 00:00:00-05:00,3.155705428078669,3.176821708679199,3.146320439340187,3.176821708679199,219800,0.0,0.0
2011-03-01 00:00:00-05:00,3.1791663049085246,3.186204986744373,3.143972448217961,3.1603963375091553,273900,0.0,0.0
2011-03-02 00:00:00-05:00,3.1439723603302303,3.1791662160369722,3.1345873768928967,3.1674349308013916,155200,0.0,0.0
2011-03-03 00:00:00-05:00,3.1908982547487894,3.2472081686694168,3.1768206643907786,3.2425155639648438,370200,0.0,0.0
2011-03-04 00:00:00-05:00,3.244862404155608,3.247208706896796,3.2096687580607686,3.2190537452697754,247900,0.0,0.0
2011-03-07 00:00:00-05:00,3.2190547258216284,3.2237471089775998,3.1955921387743325,3.1979384422302246,223300,0.0,0.0
2011-03-08 00:00:00-05:00,3.2038416215820047,3.227451451466451,3.166066073894911,3.2180075645446777,185000,0.085,0.0
2011-03-09 00:00:00-05:00,3.2321707017898165,3.2321707017898165,3.1707855983880235,3.203839063644409,193400,0.0,0.0
2011-03-10 00:00:00-05:00,3.1873137210227065,3.206201488023379,3.1589820705216978,3.1613430976867676,170300,0.0,0.0
2011-03-11 00:00:00-05:00,3.1542587280273438,3.1755075135153183,3.0975954501659797,3.1542587280273438,343900,0.0,0.0
2011-03-14 00:00:00-04:00,3.1448158313562384,3.1613427947681774,3.1070403009745298,3.156620740890503,165000,0.0,0.0
2011-03-15 00:00:00-04:00,3.109400593477693,3.135371208190918,3.0527373112889107,3.135371208190918,181900,0.0,0.0
2011-03-16 00:00:00-04:00,3.1164848916747774,3.154260430639567,3.0763483252346955,3.097597122192383,189600,0.0,0.0
2011-03-17 00:00:00-04:00,3.116483362618381,3.1282882690429688,3.1023176550367664,3.1282882690429688,180900,0.0,0.0
2011-03-18 00:00:00-04:00,3.1471779974374376,3.168426797258276,3.133012280996881,3.151900053024292,127300,0.0,0.0
2011-03-21 00:00:00-04:00,3.18259194694648,3.187314001692436,3.1637041782825808,3.184952974319458,160500,0.0,0.0
2011-03-22 00:00:00-04:00,3.1778701173604866,3.189675029065414,3.1731480626145303,3.184952974319458,159500,0.0,0.0
2011-03-23 00:00:00-04:00,3.1802289151219947,3.1849507413975853,3.154258082546928,3.177867889404297,152300,0.0,0.0
2011-03-24 00:00:00-04:00,3.1849528820635293,3.20147984803569,3.1707871685559135,3.1967577934265137,122200,0.0,0.0
2011-03-25 00:00:00-04:00,3.2038404028114136,3.246337990372931,3.196757546604474,3.2156453132629395,439000,0.0,0.0
2011-03-28 00:00:00-04:00,3.215644874641506,3.220366928241993,3.199118137359619,3.199118137359619,192400,0.0,0.0
2011-03-29 00:00:00-04:00,3.1991187605813836,3.2156455010828524,3.1920359039607473,3.210923671722412,151400,0.0,0.0
2011-03-30 00:00:00-04:00,3.2298121273365203,3.2298121273365203,3.2062023000262827,3.2085633277893066,149900,0.0,0.0
2011-03-31 00:00:00-04:00,3.2062010190450745,3.225088783282991,3.2062010190450745,3.220366954803467,138900,0.0,0.0
2011-04-01 00:00:00-04:00,3.218006528343049,3.2227283577034886,3.196757733321187,3.210923671722412,177500,0.0,0.0
2011-04-04 00:00:00-04:00,3.2014782626688425,3.2132829430262118,3.194395184262607,3.203839063644409,177000,0.0,0.0
2011-04-05 00:00:00-04:00,3.1920353084465924,3.220366954803467,3.1920353084465924,3.220366954803467,134500,0.0,0.0
2011-04-06 00:00:00-04:00,3.222724395026778,3.2368903160095215,3.220363595829384,3.2368903160095215,172500,0.0,0.0
2011-04-07 00:00:00-04:00,3.234531879425049,3.2463367854951843,3.2109222924446335,3.234531879425049,188600,0.0,0.0
2011-04-08 00:00:00-04:00,3.230969474675013,3.247599391650734,3.219090865449944,3.2404723167419434,145800,0.085,0.0
2011-04-11 00:00:00-04:00,3.2333423243914394,3.2380938547533638,3.1929552225768325,3.207209587097168,216100,0.0,0.0
2011-04-12 00:00:00-04:00,3.190582913678694,3.2119643688201904,3.1692014585371977,3.2119643688201904,173600,0.0,0.0
2011-04-13 00:00:00-04:00,3.2262185212040766,3.2262185212040766,3.195334222284767,3.2119643688201904,166700,0.0,0.0
2011-04-14 00:00:00-04:00,3.190582913678694,3.2167156774262633,3.190582913678694,3.2119643688201904,129600,0.0,0.0
2011-04-15 00:00:00-04:00,3.2285900895760404,3.2285900895760404,3.1905787639036087,3.1929543018341064,179100,0.0,0.0
2011-04-18 00:00:00-04:00,3.1858285752967923,3.20008294170393,3.1763257398805225,3.197707176208496,130400,0.0,0.0
2011-04-19 00:00:00-04:00,3.202459410282795,3.2143380146427645,3.1953323382930265,3.2048351764678955,117700,0.0,0.0
2011-04-20 00:00:00-04:00,3.2167147879534315,3.245223311403811,3.214339021024499,3.238096237182617,164900,0.0,0.0
2011-04-21 00:00:00-04:00,3.2523504045507727,3.261853245756197,3.2428475633453484,3.2547261714935303,195800,0.0,0.0
2011-04-25 00:00:00-04:00,3.238096045901096,3.2642288008788225,3.238096045901096,3.247598886489868,144600,0.0,0.0
2011-04-26 00:00:00-04:00,3.2475990783327435,3.2594776864118025,3.228593396032491,3.238096237182617,216200,0.0,0.0
2011-04-27 00:00:00-04:00,3.2475987431840623,3.266604423522949,3.2475987431840623,3.266604423522949,125000,0.0,0.0
2011-04-28 00:00:00-04:00,3.240472542516775,3.2666053033801856,3.240472542516775,3.2642295360565186,122600,0.0,0.0
2011-04-29 00:00:00-04:00,3.2594757717620686,3.2689786073301312,3.2475971706606224,3.2618513107299805,130000,0.0,0.0
2011-05-02 00:00:00-04:00,3.276106357574463,3.278482123601121,3.2618519879800347,3.276106357574463,106000,0.0,0.0
2011-05-03 00:00:00-04:00,3.2666052864374913,3.2784838964285736,3.2547266764464085,3.2713568210601807,127000,0.0,0.0
2011-05-04 00:00:00-04:00,3.266604567667413,3.2713561012445953,3.238096045901096,3.247598886489868,111000,0.0,0.0
2011-05-05 00:00:00-04:00,3.240472646096822,3.240472646096822,3.2214669600312633,3.2357211112976074,128700,0.0,0.0
2011-05-06 00:00:00-04:00,3.171577226123068,3.2214672125980037,3.1478200033957013,3.2119643688201904,349000,0.0,0.0
2011-05-09 00:00:00-04:00,3.217939018744711,3.22750197844979,3.205985262113627,3.2227203845977783,125000,0.085,0.0
2011-05-10 00:00:00-04:00,3.2251131120580796,3.253802008346325,3.2155501466286642,3.2514114379882812,152700,0.0,0.0
2011-05-11 00:00:00-04:00,3.241847220082804,3.2490193843841553,3.227502663481109,3.2490193843841553,130600,0.0,0.0
2011-05-12 00:00:00-04:00,3.229893877752961,3.2561919689178467,3.2155493193000093,3.2561919689178467,115000,0.0,0.0
2011-05-13 00:00:00-04:00,3.2585827666598424,3.260973564401838,3.2418476384639168,3.2561919689178467,155600,0.0,0.0
2011-05-16 00:00:00-04:00,3.24901776849186,3.256189929226152,3.227501058290106,3.2418456077575684,138200,0.0,0.0
2011-05-17 00:00:00-04:00,3.225111915070492,3.2370656744204402,3.222721117600703,3.2322843074798584,126600,0.0,0.0
2011-05-18 00:00:00-04:00,3.229892858596796,3.256190941463619,3.229892858596796,3.244237184524536,145100,0.0,0.0
2011-05-19 00:00:00-04:00,3.23945689201355,3.2490198551339247,3.2346752964538497,3.23945689201355,124300,0.0,0.0
2011-05-20 00:00:00-04:00,3.2442382595742245,3.2514106529137745,3.227503131113325,3.23945689201355,85100,0.0,0.0
2011-05-23 00:00:00-04:00,3.2322836555844026,3.244237184524536,3.229892858596796,3.244237184524536,131000,0.0,0.0
2011-05-24 00:00:00-04:00,3.2418460085767573,3.246627373657823,3.227501457335746,3.2298922538757324,129300,0.0,0.0
2011-05-25 00:00:00-04:00,3.229893928893175,3.2418476897933997,3.222721535553625,3.23945689201355,129700,0.0,0.0
2011-05-26 00:00:00-04:00,3.232282650778886,3.24662697224747,3.229891854534496,3.2418456077575684,98500,0.0,0.0
2011-05-27 00:00:00-04:00,3.251410181817603,3.263363712986858,3.239456422649356,3.2490193843841553,117900,0.0,0.0
2011-05-31 00:00:00-04:00,3.256190613390667,3.268144369125366,3.2442368576559675,3.268144369125366,112900,0.0,0.0
2011-06-01 00:00:00-04:00,3.2585829941026407,3.265755159830209,3.2370662689208984,3.2370662689208984,176400,0.0,0.0
2011-06-02 00:00:00-04:00,3.244237184524536,3.256190941463619,3.229892858596796,3.244237184524536,131400,0.0,0.0
2011-06-03 00:00:00-04:00,3.227501457335746,3.234673618956798,3.215547702634721,3.2298922538757324,163800,0.0,0.0
2011-06-06 00:00:00-04:00,3.208376589772903,3.217939551059897,3.191641464520408,3.2155487537384033,202400,0.0,0.0
2011-06-07 00:00:00-04:00,3.208377309196842,3.2251124382019043,3.2012051436231057,3.2251124382019043,128800,0.0,0.0
2011-06-08 00:00:00-04:00,3.228720325391405,3.228720325391405,3.1878199752775527,3.2022554874420166,208000,0.085,0.0
2011-06-09 00:00:00-04:00,3.1878216928495604,3.195039338098259,3.1589508824099597,3.1637625694274902,183900,0.0,0.0
2011-06-10 00:00:00-04:00,3.146919514148221,3.1589490689534547,3.05790117570097,3.093989610671997,396300,0.0,0.0
2011-06-13 00:00:00-04:00,3.096397062126698,3.098803020138015,3.036249488512478,3.0627143383026123,317100,0.0,0.0
2011-06-14 00:00:00-04:00,3.0699316879398695,3.101208448410034,3.0651197727391923,3.101208448410034,220400,0.0,0.0
2011-06-15 00:00:00-04:00,3.0939888329900334,3.0939888329900334,2.985723325845089,3.0434648990631104,318600,0.0,0.0
2011-06-16 00:00:00-04:00,3.0314369446257166,3.0795549440200713,3.0266250299639212,3.0675253868103027,169100,0.0,0.0
2011-06-17 00:00:00-04:00,3.0603067238514416,3.077147960662842,3.0530888542654333,3.077147960662842,157100,0.0,0.0
2011-06-20 00:00:00-04:00,3.057900698826294,3.0867714881896973,3.055494742351517,3.0867714881896973,135100,0.0,0.0
2011-06-21 00:00:00-04:00,3.1108320493666426,3.1276732936795217,3.074743373695801,3.101208448410034,210600,0.0,0.0
2011-06-22 00:00:00-04:00,3.1036144942953663,3.1132380962371826,3.089179206105026,3.1132380962371826,124600,0.0,0.0
2011-06-23 00:00:00-04:00,3.0891794544721245,3.1397034260899317,3.0699322490410346,3.1348915100097656,150900,0.0,0.0
2011-06-24 00:00:00-04:00,3.130078943536172,3.1324849008999616,3.0939902714135035,3.1252670288085938,110300,0.0,0.0
2011-06-27 00:00:00-04:00,3.0988025644108785,3.110832123253546,3.081961319697995,3.0915849208831787,153000,0.0,0.0
2011-06-28 00:00:00-04:00,3.089177926416708,3.093989610671997,3.067524773656222,3.093989610671997,197900,0.0,0.0
2011-06-29 00:00:00-04:00,3.103612988603447,3.110830858641697,3.089177707416263,3.1084249019622803,105600,0.0,0.0
2011-06-30 00:00:00-04:00,3.0988042408941507,3.1493282318115234,3.093992322975889,3.1493282318115234,146800,0.0,0.0
2011-07-01 00:00:00-04:00,3.1300810190282267,3.1541399202849103,3.113239535759186,3.1493282318115234,131800,0.0,0.0
2011-07-05 00:00:00-04:00,3.130079598737942,3.163762091102664,3.1276736408705275,3.1565444469451904,127600,0.0,0.0
2011-07-06 00:00:00-04:00,3.1421073228863197,3.149324962826961,3.1300777700221603,3.1397013664245605,141600,0.0,0.0
2011-07-07 00:00:00-04:00,3.1541389659476233,3.170980444120995,3.142109633681394,3.1637625694274902,174700,0.0,0.0
2011-07-08 00:00:00-04:00,3.1359131858316,3.1649718135509435,3.1359131858316,3.1577072143554688,134800,0.085,0.0
2011-07-11 00:00:00-04:00,3.126226433055556,3.128648042678833,3.1020110296349963,3.128648042678833,137900,0.0,0.0
2011-07-12 00:00:00-04:00,3.118963523291951,3.150443772621328,3.106855699559494,3.143178939819336,167900,0.0,0.0
2011-07-13 00:00:00-04:00,3.13591291055504,3.157706937165787,3.13591291055504,3.140756130218506,139800,0.0,0.0
2011-07-14 00:00:00-04:00,3.131069628151265,3.131069628151265,3.0995893961036898,3.118961811065674,149200,0.0,0.0
2011-07-15 00:00:00-04:00,3.1286484816641322,3.1286484816641322,3.082638816115798,3.1116976737976074,218600,0.0,0.0
2011-07-18 00:00:00-04:00,3.0923273504338065,3.094748731099453,3.0729546885454804,3.0899057388305664,159400,0.0,0.0
2011-07-19 00:00:00-04:00,3.1068553664165885,3.1213847995250763,3.0923261642456055,3.0923261642456055,143500,0.0,0.0
2011-07-20 00:00:00-04:00,3.1165409088134766,3.1189625189677015,3.094746879300365,3.1165409088134766,119100,0.0,0.0
2011-07-21 00:00:00-04:00,3.131069267971448,3.167392484112408,3.126226049319386,3.164970874786377,139400,0.0,0.0
2011-07-22 00:00:00-04:00,3.167393698893508,3.177079908975179,3.1407566789032786,3.172236919403076,135300,0.0,0.0
2011-07-25 00:00:00-04:00,3.1456002932377296,3.148021903973481,3.0899046319405112,3.131071090698242,298600,0.0,0.0
2011-07-26 00:00:00-04:00,3.1116988650272788,3.121385077650174,3.0899048288913833,3.1141202449798584,214100,0.0,0.0
2011-07-27 00:00:00-04:00,3.089904885307332,3.094747876238441,3.0003073591752853,3.0196797847747803,497300,0.0,0.0
2011-07-28 00:00:00-04:00,3.007572453125446,3.0390527076096574,2.9688275955872063,3.0293664932250977,239400,0.0,0.0
2011-07-29 00:00:00-04:00,2.9688249838744976,3.019677622392123,2.9228153328199316,3.014834403991699,411500,0.0,0.0
2011-08-01 00:00:00-04:00,3.056001226880643,3.0874814576911573,3.029364215089004,3.070530652999878,175800,0.0,0.0
2011-08-02 00:00:00-04:00,3.048736239982571,3.0874810634365017,3.002726588928005,3.014834403991699,173400,0.0,0.0
2011-08-03 00:00:00-04:00,3.005149680036706,3.0390515327453613,2.978512658511141,3.0390515327453613,210200,0.0,0.0
2011-08-04 00:00:00-04:00,3.009992858068745,3.012414237491235,2.898601321822587,2.9107091426849365,376500,0.0,0.0
2011-08-05 00:00:00-04:00,2.9082893611968785,2.939769622860296,2.7363588434582904,2.864701271057129,1151500,0.0,0.0
2011-08-08 00:00:00-04:00,2.7927465588487848,2.7927465588487848,2.607376422666201,2.656158208847046,974600,0.085,0.0
2011-08-09 00:00:00-04:00,2.6415243303024663,2.7390874634421616,2.604938213527295,2.7366485595703125,1438600,0.0,0.0
2011-08-10 00:00:00-04:00,2.6707927300532974,2.7439651814127326,2.631767484690615,2.687866449356079,539100,0.0,0.0
2011-08-11 00:00:00-04:00,2.682987515642432,2.8025023582404036,2.682987515642432,2.782989740371704,382500,0.0,0.0
2011-08-12 00:00:00-04:00,2.782990633975412,2.829333290750522,2.782990633975412,2.8195769786834717,271200,0.0,0.0
2011-08-15 00:00:00-04:00,2.858601530153589,2.9122611171381654,2.8268934655124642,2.9049439430236816,336200,0.0,0.0
2011-08-16 00:00:00-04:00,2.890310463872751,2.890310463872751,2.8220160429064376,2.851284980773926,371400,0.0,0.0
2011-08-17 00:00:00-04:00,2.8561630499290946,2.8878711218456736,2.851284777660933,2.870797634124756,181900,0.0,0.0
2011-08-18 00:00:00-04:00,2.8195764413040907,2.822015344399405,2.7439648627385416,2.7854292392730713,198600,0.0,0.0
2011-08-19 00:00:00-04:00,2.734208267001325,2.8122587405114845,2.7195736869137903,2.756160020828247,212200,0.0,0.0
2011-08-22 00:00:00-04:00,2.7805503684631003,2.8049412550285813,2.7122562117319804,2.722012519836426,240200,0.0,0.0
2011-08-23 00:00:00-04:00,2.746403423004457,2.8000630015989247,2.7366471148410327,2.79274582862854,203400,0.0,0.0
2011-08-24 00:00:00-04:00,2.778114100818045,2.8195785077413706,2.775674963326331,2.802504777908325,117300,0.0,0.0
2011-08-25 00:00:00-04:00,2.824454480103503,2.8293327515116986,2.7634774831537574,2.7854292392730713,223900,0.0,0.0
2011-08-26 00:00:00-04:00,2.778111302650345,2.8317708777673665,2.7439641099869236,2.822014570236206,152500,0.0,0.0
2011-08-29 00:00:00-04:00,2.858602186063176,2.8829928495775117,2.8464067380015954,2.870797634124756,189600,0.0,0.0
2011-08-30 00:00:00-04:00,2.856162000976562,2.8951872343541725,2.8317711138111856,2.8829917907714844,154000,0.0,0.0
2011-08-31 00:00:00-04:00,2.8976268768310547,2.9244566713226163,2.890309702444043,2.8976268768310547,156600,0.0,0.0
2011-09-01 00:00:00-04:00,2.8951882723759637,2.931774616241455,2.8829928244207994,2.931774616241455,266200,0.0,0.0
2011-09-02 00:00:00-04:00,2.8781140812962085,2.922017357551011,2.863479500805431,2.8659186363220215,318300,0.0,0.0
2011-09-06 00:00:00-04:00,2.7781118843585046,2.892748463701183,2.7781118843585046,2.8854312896728516,208600,0.0,0.0
2011-09-07 00:00:00-04:00,2.9025068862079495,2.9561667442321777,2.870799031466613,2.9561667442321777,234500,0.0,0.0
2011-09-08 00:00:00-04:00,2.9303734161868626,2.93774226930863,2.905810260112147,2.9205482006073,128000,0.085,0.0
2011-09-09 00:00:00-04:00,2.888617457001035,2.89598631335132,2.814928190743022,2.8296661376953125,255400,0.0,0.0
2011-09-12 00:00:00-04:00,2.8026448420944,2.839489569142819,2.8026448420944,2.8345768451690674,150900,0.0,0.0
2011-09-13 00:00:00-04:00,2.8321234768096937,2.8689682428039798,2.829667346478197,2.859143018722534,110500,0.0,0.0
2011-09-14 00:00:00-04:00,2.8640536625715507,2.8837040980341744,2.8394907353691057,2.8615972995758057,134800,0.0,0.0
2011-09-15 00:00:00-04:00,2.8812495462194643,2.8910750043788216,2.86651182748406,2.8763370513916016,142700,0.0,0.0
2011-09-16 00:00:00-04:00,2.886160738882848,2.8984423207922623,2.8665103015284616,2.89107346534729,132300,0.0,0.0
2011-09-19 00:00:00-04:00,2.8419460104337952,2.8910723185851914,2.8419460104337952,2.8837032318115234,112900,0.0,0.0
2011-09-20 00:00:00-04:00,2.8763350551452027,2.8910729979039322,2.8542282581329346,2.8542282581329346,171700,0.0,0.0
2011-09-21 00:00:00-04:00,2.839490309511583,2.8591407420270984,2.8001892102289188,2.807558298110962,208500,0.0,0.0
2011-09-22 00:00:00-04:00,2.7265000343322754,2.7608881719507377,2.701936878103415,2.7265000343322754,402000,0.0,0.0
2011-09-23 00:00:00-04:00,2.7191313204256704,2.758432188389109,2.7093061034348107,2.7412381172180176,175700,0.0,0.0
2011-09-26 00:00:00-04:00,2.7510647848473364,2.7633463711249133,2.724045482438087,2.760890007019043,239400,0.0,0.0
2011-09-27 00:00:00-04:00,2.7879070425597994,2.792819532112614,2.7658002539432207,2.775625467300415,222000,0.0,0.0
2011-09-28 00:00:00-04:00,2.768256820725648,2.7854508868103895,2.7019364499675045,2.719130516052246,163400,0.0,0.0
2011-09-29 00:00:00-04:00,2.7363268241412806,2.7658024880218495,2.7289577324823235,2.7510645389556885,184600,0.0,0.0
2011-09-30 00:00:00-04:00,2.714218456217845,2.751062956309517,2.714218456217845,2.7265000343322754,188100,0.0,0.0
2011-10-03 00:00:00-04:00,2.7068505778179204,2.724044652818936,2.642986536026001,2.642986536026001,220400,0.0,0.0
2011-10-04 00:00:00-04:00,2.6061418789502384,2.6208798253571697,2.534908978862112,2.6184234619140625,454700,0.0,0.0
2011-10-05 00:00:00-04:00,2.6110548128897433,2.647899330451227,2.5914043722900546,2.6454432010650635,437700,0.0,0.0
2011-10-06 00:00:00-04:00,2.6392528968902114,2.7283835411071777,2.6219220432325443,2.7283835411071777,184800,0.085,0.0
2011-10-07 00:00:00-04:00,2.740761436241231,2.740761436241231,2.6640103427513635,2.6739137172698975,204200,0.0,0.0
2011-10-10 00:00:00-04:00,2.69124525725595,2.745713949203491,2.6887693539594406,2.745713949203491,248100,0.0,0.0
2011-10-11 00:00:00-04:00,2.725907595704164,2.770472681015656,2.7209557883833493,2.7432384490966797,165300,0.0,0.0
2011-10-12 00:00:00-04:00,2.7531415302312623,2.777900091930603,2.7481899595604804,2.7655208110809326,173000,0.0,0.0
2011-10-13 00:00:00-04:00,2.7481899749719108,2.7927550557194367,2.743238168158216,2.7902793884277344,171900,0.0,0.0
2011-10-14 00:00:00-04:00,2.817513771343105,2.8571272835542656,2.802658586206341,2.852175712585449,260700,0.0,0.0
2011-10-17 00:00:00-04:00,2.8496997412344123,2.8496997412344123,2.8100862299658615,2.8175137042999268,167600,0.0,0.0
2011-10-18 00:00:00-04:00,2.8051354967454567,2.857128309215952,2.8001839239991075,2.8546524047851562,168300,0.0,0.0
2011-10-19 00:00:00-04:00,2.85217637495177,2.8546520429535285,2.8199903297767865,2.8422727584838867,127300,0.0,0.0
2011-10-20 00:00:00-04:00,2.8447476710628132,2.8571269512176514,2.805134163459435,2.8571269512176514,104600,0.0,0.0
2011-10-21 00:00:00-04:00,2.886837156311968,2.9016923401036077,2.8472236476877777,2.859602928161621,178300,0.0,0.0
2011-10-24 00:00:00-04:00,2.8596034987454853,2.9115962982177734,2.857127594933666,2.9115962982177734,252100,0.0,0.0
2011-10-25 00:00:00-04:00,2.8868381249126793,2.9016933136885767,2.8596038876246177,2.88436222076416,257300,0.0,0.0
2011-10-26 00:00:00-04:00,2.8992165006201325,2.926450729370117,2.8695063684978384,2.926450729370117,155500,0.0,0.0
2011-10-27 00:00:00-04:00,2.973492393803729,3.000726626627825,2.9462579248644567,2.998250722885132,331600,0.0,0.0
2011-10-28 00:00:00-04:00,2.978444698499912,3.0007273654400364,2.975969030262858,2.990823984146118,133700,0.0,0.0
2011-10-31 00:00:00-04:00,2.9487327443534928,2.9833946756604215,2.9462568415211927,2.9611120223999023,121300,0.0,0.0
2011-11-01 00:00:00-04:00,2.91654660127085,2.9388292536557548,2.8893123795310105,2.909119129180908,167700,0.0,0.0
2011-11-02 00:00:00-04:00,2.926451993964771,2.936355375618373,2.909121135099778,2.9289278984069824,124000,0.0,0.0
2011-11-03 00:00:00-04:00,2.93387908565572,2.9413065612933638,2.8967412352371147,2.923975706100464,210900,0.0,0.0
2011-11-04 00:00:00-04:00,2.8992149796087348,2.9536836446480197,2.8868357053568494,2.938828468322754,174000,0.0,0.0
2011-11-07 00:00:00-05:00,2.928925547030684,2.985870122909546,2.928925547030684,2.985870122909546,135100,0.0,0.0
2011-11-08 00:00:00-05:00,2.994596483819941,3.012050341937693,2.974649149459372,3.007063627243042,138800,0.085,0.0
2011-11-09 00:00:00-05:00,2.954702761609223,2.9821302956934046,2.9322619438171387,2.9322619438171387,174500,0.0,0.0
2011-11-10 00:00:00-05:00,2.9497160524584487,2.957196246413249,2.894860741944066,2.907327890396118,223700,0.0,0.0
2011-11-11 00:00:00-05:00,2.927276717825747,2.9422373511160327,2.899849167549955,2.91231632232666,218200,0.0,0.0
2011-11-14 00:00:00-05:00,2.9173031388253485,2.922290096018775,2.892369066231837,2.909822940826416,133300,0.0,0.0
2011-11-15 00:00:00-05:00,2.9023412231865358,2.9173016113512706,2.8873805972307185,2.8998477458953857,191300,0.0,0.0
2011-11-16 00:00:00-05:00,2.8799013639762117,2.904835431833272,2.8674342111521005,2.8749144077301025,218300,0.0,0.0
2011-11-17 00:00:00-05:00,2.8848869354763376,2.8973540833438403,2.8474857296648977,2.8674330711364746,311000,0.0,0.0
2011-11-18 00:00:00-05:00,2.87990248392112,2.8823959630138463,2.8400077696025208,2.8524746894836426,192500,0.0,0.0
2011-11-21 00:00:00-05:00,2.827538539799824,2.830032017065233,2.792630571457341,2.8200583457946777,154700,0.0,0.0
2011-11-22 00:00:00-05:00,2.8300321102142334,2.8449924987169393,2.8150714839204394,2.8300321102142334,150000,0.0,0.0
2011-11-23 00:00:00-05:00,2.8175663791193517,2.8225530985326337,2.7676979960304937,2.7751781940460205,159900,0.0,0.0
2011-11-25 00:00:00-05:00,2.7627107410857596,2.8050989215908717,2.7577240222099015,2.7951252460479736,70300,0.0,0.0
2011-11-28 00:00:00-05:00,2.8325250621078863,2.854965880374011,2.8175646751245123,2.8375120162963867,172300,0.0,0.0
2011-11-29 00:00:00-05:00,2.832525832182224,2.8375127877265203,2.807591767834128,2.817565441131592,153600,0.0,0.0
2011-11-30 00:00:00-05:00,2.857459400400686,2.8674330711364746,2.840005536060823,2.8674330711364746,241100,0.0,0.0
2011-12-01 00:00:00-05:00,2.8724199804684503,2.8724199804684503,2.8350185374509898,2.8499791622161865,125600,0.0,0.0
2011-12-02 00:00:00-05:00,2.8774065514016636,2.8774065514016636,2.8474855411749265,2.859952688217163,155100,0.0,0.0
2011-12-05 00:00:00-05:00,2.872421197792143,2.9048354625701904,2.8699277196427047,2.9048354625701904,262100,0.0,0.0
2011-12-06 00:00:00-05:00,2.8998475034442674,2.9297685150631767,2.8923673099873057,2.924781560897827,242000,0.0,0.0
2011-12-07 00:00:00-05:00,2.912312658371869,2.929766510426,2.894858568526838,2.9272730350494385,159900,0.0,0.0
2011-12-08 00:00:00-05:00,2.918484457839075,2.9209961198746957,2.8908568940230768,2.9034149646759033,143600,0.085,0.0
2011-12-09 00:00:00-05:00,2.8983930528732444,2.9285322934104845,2.8908583026202823,2.9184858798980713,157900,0.0,0.0
2011-12-12 00:00:00-05:00,2.8883453147278138,2.9034150478479526,2.870764159025387,2.8983917236328125,242000,0.0,0.0
2011-12-13 00:00:00-05:00,2.898391171701366,2.9109492403225414,2.873275034459015,2.8883447647094727,121400,0.0,0.0
2011-12-14 00:00:00-05:00,2.8858334926602356,2.9009032249450684,2.8556942676158394,2.9009032249450684,287500,0.0,0.0
2011-12-15 00:00:00-05:00,2.923507703609683,2.923507703609683,2.8833218306918855,2.9009032249450684,109800,0.0,0.0
2011-12-16 00:00:00-05:00,2.8983934597264,2.9159746259596777,2.888347044803752,2.908439874649048,180400,0.0,0.0
2011-12-19 00:00:00-05:00,2.9159726522196814,2.9159726522196814,2.8757870197296147,2.8757870197296143,176000,0.0,0.0
2011-12-20 00:00:00-05:00,2.8883467230025084,2.9159743010803454,2.8883467230025084,2.9134628772735596,190200,0.0,0.0
2011-12-21 00:00:00-05:00,2.903414792760966,2.928530693054199,2.8883450609648174,2.928530693054199,171000,0.0,0.0
2011-12-22 00:00:00-05:00,2.933554086812156,2.9511352413893692,2.9159726927096763,2.9461119174957275,178800,0.0,0.0
2011-12-23 00:00:00-05:00,2.948625923611342,2.976253747940064,2.9335564190006367,2.9762537479400635,214700,0.0,0.0
2011-12-27 00:00:00-05:00,2.958671224024208,2.988810461404335,2.9385783991041228,2.9862990379333496,245800,0.0,0.0
2011-12-28 00:00:00-05:00,2.9749164027844084,2.9749164027844084,2.911674133547921,2.9142038822174072,167600,0.085,0.0
2011-12-29 00:00:00-05:00,2.896494964855539,2.9142029586800073,2.8737277165455337,2.9040839672088623,280200,0.0,0.0
2011-12-30 00:00:00-05:00,2.8889049636309103,2.929379950520668,2.8863752166378123,2.924320697784424,228000,0.0,0.0
2012-01-03 00:00:00-05:00,2.9976827822746044,3.007801532745361,2.9546780324613793,3.0078015327453613,329800,0.0,0.0
2012-01-04 00:00:00-05:00,2.972384415391319,3.0406861305236816,2.972384415391319,3.0406861305236816,323400,0.0,0.0
2012-01-05 00:00:00-05:00,3.035629144731231,3.045747898896997,3.022980641711492,3.038158893585205,205600,0.0,0.0
2012-01-06 00:00:00-05:00,3.0330971954234007,3.073572182722636,3.0330971954234007,3.063453435897827,324200,0.0,0.0
2012-01-09 00:00:00-05:00,3.0710422893702454,3.0938092859152704,3.043215558176453,3.076101541519165,279600,0.0,0.0
2012-01-10 00:00:00-05:00,3.0988688113724456,3.1241657961285174,3.0862203189944095,3.114047050476074,256400,0.0,0.0
2012-01-11 00:00:00-05:00,3.1115186214447026,3.1140483692416154,3.0862216259756288,3.111518621444702,182500,0.0,0.0
2012-01-12 00:00:00-05:00,3.1013998715070787,3.1216373713823264,3.0761028760380045,3.111518621444702,221500,0.0,0.0
2012-01-13 00:00:00-05:00,3.1013988086875055,3.1165768077675726,3.0710425692774255,3.108987808227539,298700,0.0,0.0
2012-01-17 00:00:00-05:00,3.1039284430963425,3.119106441626189,3.0862204564782725,3.1064579486846924,211200,0.0,0.0
2012-01-18 00:00:00-05:00,3.088750986104361,3.12416672706604,3.078632237436738,3.12416672706604,132900,0.0,0.0
2012-01-19 00:00:00-05:00,3.126696322150777,3.136815071105957,3.1013995703878283,3.136815071105957,166300,0.0,0.0
2012-01-20 00:00:00-05:00,3.136815071105957,3.136815071105957,3.1165775731955967,3.136815071105957,197100,0.0,0.0
2012-01-23 00:00:00-05:00,3.1317558172533695,3.1519933151637303,3.129226069702073,3.136815071105957,226600,0.0,0.0
2012-01-24 00:00:00-05:00,3.1266972438200704,3.1545239925869244,3.11404898483522,3.146934747695923,161600,0.0,0.0
2012-01-25 00:00:00-05:00,3.1545239925869244,3.159583247930849,3.1292269921170712,3.146934747695923,188000,0.0,0.0
2012-01-26 00:00:00-05:00,3.1519929349672506,3.162111682701898,3.1266959450056455,3.1444039344787598,381100,0.0,0.0
2012-01-27 00:00:00-05:00,3.1393441133004503,3.1494628599821217,3.124166113902919,3.1317551136016846,237000,0.0,0.0
2012-01-30 00:00:00-05:00,3.126696045495508,3.1545227835976015,3.1191070447631115,3.1519930362701416,304200,0.0,0.0
2012-01-31 00:00:00-05:00,3.164642921925569,3.172231925991912,3.14187566847645,3.16717267036438,242100,0.0,0.0
2012-02-01 00:00:00-05:00,3.174759446047584,3.202585935592652,3.167170447308006,3.2025859355926514,177800,0.0,0.0
2012-02-02 00:00:00-05:00,3.194997712643379,3.230413450777383,3.1924679653659545,3.225353956222534,208000,0.0,0.0
2012-02-03 00:00:00-05:00,3.2278821995905167,3.2683571721716107,3.2253524534917317,3.260768175125122,351800,0.0,0.0
2012-02-06 00:00:00-05:00,3.25318085878274,3.2557106063760806,3.2000573655726408,3.207646608352661,334000,0.0,0.0
2012-02-07 00:00:00-05:00,3.1949957859168943,3.2582379822147347,3.1798175526554857,3.2455894947052,504300,0.0,0.0
2012-02-08 00:00:00-05:00,3.234131405855248,3.244317636942237,3.2163055621677445,3.2315847873687744,319000,0.085,0.0
2012-02-09 00:00:00-05:00,3.244317636942237,3.244317636942237,3.206119331080756,3.2315847873687744,266800,0.0,0.0
2012-02-10 00:00:00-05:00,3.218852387746174,3.218852387746174,3.1908400683105413,3.2061195373535156,264200,0.0,0.0
2012-02-13 00:00:00-05:00,3.2010263333585276,3.2239454157319942,3.190840101510201,3.213759183883667,268100,0.0,0.0
2012-02-14 00:00:00-05:00,3.2010283994303235,3.2163078784942627,3.193388781327894,3.2163078784942627,160000,0.0,0.0
2012-02-15 00:00:00-05:00,3.2392262248944794,3.2392262248944794,3.195934660916074,3.208667516708374,261300,0.0,0.0
2012-02-16 00:00:00-05:00,3.2137612955523656,3.257052870068115,3.203575057010959,3.249413251876831,239500,0.0,0.0
2012-02-17 00:00:00-05:00,3.2570514750897934,3.2621447136086306,3.2163065383750125,3.2392256259918213,176800,0.0,0.0
2012-02-21 00:00:00-05:00,3.2315871284617863,3.246866607590798,3.2188545125232055,3.2417733669281006,195600,0.0,0.0
2012-02-22 00:00:00-05:00,3.249411201150114,3.2774232787455886,3.2264921181815756,3.2723302841186523,226000,0.0,0.0
2012-02-23 00:00:00-05:00,3.274875196166849,3.2850614237265123,3.259595976256766,3.282515048980713,191800,0.0,0.0
2012-02-24 00:00:00-05:00,3.2850645131873364,3.3028906103255347,3.2519594246286476,3.3003439903259277,192800,0.0,0.0
2012-02-27 00:00:00-05:00,3.29015554966795,3.292702167962008,3.2595968587159154,3.285062313079834,162800,0.0,0.0
2012-02-28 00:00:00-05:00,3.292700835937559,3.292700835937559,3.2723283835443118,3.290154218673706,206700,0.0,0.0
2012-02-29 00:00:00-05:00,3.2799698686341756,3.287609481936838,3.25959740458779,3.264690399169922,141600,0.0,0.0
2012-03-01 00:00:00-05:00,3.26469119267665,3.2799706658546897,3.2341324891795584,3.244318723678589,281000,0.0,0.0
2012-03-02 00:00:00-05:00,3.2392230876905876,3.290154218673706,3.2188506352973403,3.290154218673706,376100,0.0,0.0
2012-03-05 00:00:00-05:00,3.264690309157254,3.264690309157254,3.2010263000528836,3.2061195373535156,359300,0.0,0.0
2012-03-06 00:00:00-05:00,3.183198921962202,3.1959317662218116,3.1475470066070557,3.1475470066070557,421200,0.0,0.0
2012-03-07 00:00:00-05:00,3.1526416983030154,3.203572856018146,3.1500950797025298,3.190840005874634,202700,0.0,0.0
2012-03-08 00:00:00-05:00,3.1972511058594955,3.238274335861206,3.1895590668458706,3.238274335861206,226600,0.085,0.0
2012-03-09 00:00:00-05:00,3.230580754644383,3.24340032354156,3.210069150987777,3.233144521713257,194600,0.0,0.0
2012-03-12 00:00:00-04:00,3.225454515356237,3.2408383488657475,3.2177627208603505,3.238274335861206,132500,0.0,0.0
2012-03-13 00:00:00-04:00,3.2305813716803384,3.2613487830417753,3.2228893354517414,3.258784770965576,223900,0.0,0.0
2012-03-14 00:00:00-04:00,3.2459672155356194,3.269042851255569,3.233147390744779,3.2639148235321045,182000,0.0,0.0
2012-03-15 00:00:00-04:00,3.2767332372047324,3.284425275477369,3.22032642364502,3.2203264236450195,163100,0.0,0.0
2012-03-16 00:00:00-04:00,3.2203266746372545,3.2536578650123196,3.2075068543680647,3.2408382892608643,194100,0.0,0.0
2012-03-19 00:00:00-04:00,3.2382724406131413,3.2510922536151208,3.222888616107247,3.248528242111206,170500,0.0,0.0
2012-03-20 00:00:00-04:00,3.2203260894429615,3.253657273761119,3.2203260894429615,3.2459654808044434,142200,0.0,0.0
2012-03-21 00:00:00-04:00,3.256220866856039,3.2587848790172527,3.2151976503472475,3.243401050567627,132100,0.0,0.0
2012-03-22 00:00:00-04:00,3.2280182173999417,3.248529830424876,3.22032642364502,3.2203264236450195,162700,0.0,0.0
2012-03-23 00:00:00-04:00,3.2203256461873377,3.228017438085291,3.202377805735239,3.2126336097717285,179300,0.0,0.0
2012-03-26 00:00:00-04:00,3.2203258674191813,3.2228896352161893,3.184430428566673,3.192122220993042,227000,0.0,0.0
2012-03-27 00:00:00-04:00,3.1972491531646745,3.2408363695503764,3.1921211302874912,3.2305805683135986,138700,0.0,0.0
2012-03-28 00:00:00-04:00,3.220326318616271,3.2408379309722335,3.207506499764368,3.2357099056243896,122500,0.0,0.0
2012-03-29 00:00:00-04:00,3.2280178823996373,3.2485294932958984,3.2151980644600515,3.2459654808044434,166600,0.0,0.0
2012-03-30 00:00:00-04:00,3.266478656291926,3.271606683731079,3.245967035570925,3.271606683731079,138900,0.0,0.0
2012-04-02 00:00:00-04:00,3.269041776657104,3.2767335711960364,3.263913750619323,3.2690417766571045,122300,0.0,0.0
2012-04-03 00:00:00-04:00,3.2587856652597216,3.2664774590814933,3.243401833098461,3.261349678039551,155300,0.0,0.0
2012-04-04 00:00:00-04:00,3.2408364861818777,3.2587840778627406,3.1895572336349587,3.2254526615142822,212800,0.0,0.0
2012-04-05 00:00:00-04:00,3.2305803617346767,3.235708139766376,3.1972489487171236,3.2075047492980957,198200,0.0,0.0
2012-04-09 00:00:00-04:00,3.188145269423857,3.2139600623650284,3.1726561967067872,3.1804006099700928,182200,0.085,0.0
2012-04-10 00:00:00-04:00,3.1778195489856835,3.1855639628484385,3.131352573428196,3.1674935817718506,245700,0.0,0.0
2012-04-11 00:00:00-04:00,3.1829819913923787,3.211378335952759,3.159748506665501,3.211378335952759,213100,0.0,0.0
2012-04-12 00:00:00-04:00,3.2139606564960554,3.2423572540283203,3.211379102867576,3.2423572540283203,178100,0.0,0.0
2012-04-13 00:00:00-04:00,3.237194360040685,3.2397759138392397,3.2139608682347354,3.2268683910369873,74600,0.0,0.0
2012-04-16 00:00:00-04:00,3.2397759138392397,3.330128081073963,3.21654242203329,3.2268683910369873,189500,0.0,0.0
2012-04-17 00:00:00-04:00,3.2217033350765125,3.247518365069071,3.2191220290295544,3.2242848873138428,191200,0.0,0.0
2012-04-18 00:00:00-04:00,3.2036333959852508,3.232029982063736,3.193307431826821,3.208796501159668,167400,0.0,0.0
2012-04-19 00:00:00-04:00,3.2191217566579615,3.2217030624865144,3.1778179091169068,3.1958882808685303,176200,0.0,0.0
2012-04-20 00:00:00-04:00,3.211376771354112,3.211376771354112,3.1752360315562016,3.1907248497009277,191300,0.0,0.0
2012-04-23 00:00:00-04:00,3.167493165701424,3.211378335952759,3.157166953653527,3.211378335952759,173400,0.0,0.0
2012-04-24 00:00:00-04:00,3.1958882709826217,3.2294477085535065,3.185562309129299,3.221703052520752,146700,0.0,0.0
2012-04-25 00:00:00-04:00,3.226866439551173,3.232029544025833,3.2087960662706054,3.2242848873138428,147500,0.0,0.0
2012-04-26 00:00:00-04:00,3.226866751350326,3.2552630901336665,3.221703646376776,3.255263090133667,140800,0.0,0.0
2012-04-27 00:00:00-04:00,3.2552632214843777,3.263007879257202,3.244937257311017,3.263007879257202,163100,0.0,0.0
2012-04-30 00:00:00-04:00,3.26042749131515,3.26042749131515,3.2268680342164395,3.2475199699401855,208000,0.0,0.0
2012-05-01 00:00:00-04:00,3.2371942225748143,3.265590574581515,3.2371942225748143,3.260427713394165,141200,0.0,0.0
2012-05-02 00:00:00-04:00,3.255262181068012,3.257843732833862,3.2346102593218644,3.2578437328338623,187000,0.0,0.0
2012-05-03 00:00:00-04:00,3.247519339549062,3.25268244557301,3.190726404237856,3.211378335952759,300300,0.0,0.0
2012-05-04 00:00:00-04:00,3.193308115005493,3.198471221284509,3.1778192885493604,3.193308115005493,164100,0.0,0.0
2012-05-07 00:00:00-04:00,3.195890501692853,3.213960886001587,3.1933089478800274,3.213960886001587,112000,0.0,0.0
2012-05-08 00:00:00-04:00,3.197063365169992,3.230853494999424,3.1580746394209416,3.223055601119995,315000,0.085,0.0
2012-05-09 00:00:00-04:00,3.1866678268190984,3.2178586724466745,3.1554769811915224,3.212660074234009,173000,0.0,0.0
2012-05-10 00:00:00-04:00,3.2178596844511973,3.228256636263524,3.1970657808265437,3.220458984375,143500,0.0,0.0
2012-05-11 00:00:00-04:00,3.2100598686164674,3.2308537582236694,3.1944643274697073,3.199662923812866,157000,0.0,0.0
2012-05-14 00:00:00-04:00,3.176271492011866,3.1944660935062372,3.1476796920831642,3.1632752418518066,188100,0.0,0.0
2012-05-15 00:00:00-04:00,3.1684735793809002,3.1814698294843344,3.1346836761479655,3.1424813270568848,124000,0.0,0.0
2012-05-16 00:00:00-04:00,3.147680931059004,3.176272742241885,3.121688668390783,3.129486322402954,189700,0.0,0.0
2012-05-17 00:00:00-04:00,3.121685642709948,3.124284940822297,3.077498566330865,3.0826969146728516,329700,0.0,0.0
2012-05-18 00:00:00-04:00,3.0878984786208465,3.0878984786208465,3.0255167512667973,3.0359137058258057,397100,0.0,0.0
2012-05-21 00:00:00-04:00,3.0281141812927848,3.0878968238830566,3.0281141812927848,3.0878968238830566,264100,0.0,0.0
2012-05-22 00:00:00-04:00,3.085296999027052,3.1138885419008813,3.0671024033694123,3.1008925437927246,174000,0.0,0.0
2012-05-23 00:00:00-04:00,3.0878973871167323,3.132084490344081,3.0800997359245126,3.1268858909606934,130000,0.0,0.0
2012-05-24 00:00:00-04:00,3.1242861755164175,3.1242861755164175,3.0982936798863165,3.11388897895813,127800,0.0,0.0
2012-05-25 00:00:00-04:00,3.121685252363905,3.129482897843196,3.1060897135226426,3.11128830909729,99400,0.0,0.0
2012-05-29 00:00:00-04:00,3.1242835695638287,3.1372795586561666,3.116485678649303,3.1346805095672607,98000,0.0,0.0
2012-05-30 00:00:00-04:00,3.116490003198083,3.1216886043548584,3.0982953949152634,3.1216886043548584,95400,0.0,0.0
2012-05-31 00:00:00-04:00,3.1190888838015622,3.1190888838015622,3.0801003719072084,3.108691930770874,139200,0.0,0.0
2012-06-01 00:00:00-04:00,3.069702739212942,3.08269874171167,3.04111093879688,3.054107189178467,126500,0.0,0.0
2012-06-04 00:00:00-04:00,3.043709039688111,3.06710223158501,3.030712794425082,3.0437090396881104,254600,0.0,0.0
2012-06-05 00:00:00-04:00,3.0307129229765106,3.054106115865661,3.0307129229765106,3.048907518386841,172700,0.0,0.0
2012-06-06 00:00:00-04:00,3.0489073515350116,3.072300543143967,3.0489073515350116,3.0671021938323975,211700,0.0,0.0
2012-06-07 00:00:00-04:00,3.0982935935680884,3.0982935935680884,3.0697020474777834,3.0852973461151123,130400,0.0,0.0
2012-06-08 00:00:00-04:00,3.089225265468965,3.107551097869873,3.0735172307890855,3.107551097869873,150400,0.085,0.0
2012-06-11 00:00:00-04:00,3.1127857781720105,3.1311116022454786,3.081369972758653,3.089223861694336,169300,0.0,0.0
2012-06-12 00:00:00-04:00,3.083989579788706,3.1023156642913823,3.076135686242287,3.102315664291382,127900,0.0,0.0
2012-06-13 00:00:00-04:00,3.1023138430342247,3.1127857781720105,3.0787519265565497,3.089223861694336,119600,0.0,0.0
2012-06-14 00:00:00-04:00,3.0839870983204642,3.1127851009368896,3.081369302358531,3.1127851009368896,113200,0.0,0.0
2012-06-15 00:00:00-04:00,3.1311124034547153,3.138966294400102,3.102314636874503,3.136348247528076,191400,0.0,0.0
2012-06-18 00:00:00-04:00,3.133728573658738,3.149436346142738,3.1284924830503766,3.1389644145965576,144900,0.0,0.0
2012-06-19 00:00:00-04:00,3.131111087576104,3.191324642303247,3.131111087576104,3.186088800430298,172100,0.0,0.0
2012-06-20 00:00:00-04:00,3.191323439745788,3.2201214330423755,3.1860875998458127,3.204413414001465,252800,0.0,0.0
2012-06-21 00:00:00-04:00,3.2148883052086985,3.217506352405825,3.188708582249597,3.191326379776001,178000,0.0,0.0
2012-06-22 00:00:00-04:00,3.207033784105971,3.2201237678527828,3.2044157374224738,3.220123767852783,99400,0.0,0.0
2012-06-25 00:00:00-04:00,3.2201248402262723,3.2305967807769775,3.2044168045648362,3.2305967807769775,179000,0.0,0.0
2012-06-26 00:00:00-04:00,3.2384486767948437,3.248920610888069,3.214886762667436,3.243684768676758,185700,0.0,0.0
2012-06-27 00:00:00-04:00,3.2463030229865035,3.2620110511779785,3.2384491337260854,3.2620110511779785,170600,0.0,0.0
2012-06-28 00:00:00-04:00,3.2436852263467895,3.2646290974883305,3.2384491337260854,3.2620110511779785,235700,0.0,0.0
2012-06-29 00:00:00-04:00,3.2829547887325043,3.2986628162848026,3.2698648073840277,3.29080867767334,151400,0.0,0.0
2012-07-02 00:00:00-04:00,3.2829563076649237,3.3091362824746224,3.2201246677265383,3.2567763328552246,117900,0.0,0.0
2012-07-03 00:00:00-04:00,3.2724828535878485,3.2908086776733394,3.2541570295023576,3.29080867767334,89000,0.0,0.0
2012-07-05 00:00:00-04:00,3.3379325106596056,3.3379325106596056,3.2724828535878485,3.29080867767334,115000,0.0,0.0
2012-07-06 00:00:00-04:00,3.2515392106439225,3.301280843641282,3.2515392106439225,3.269865036010742,107800,0.0,0.0
2012-07-09 00:00:00-04:00,3.2790944285066703,3.3028178215026855,3.2606430123460766,3.3028178215026855,124000,0.085,0.0
2012-07-10 00:00:00-04:00,3.3212685203510492,3.329176231916097,3.2738217481975256,3.2817294597625732,128100,0.0,0.0
2012-07-11 00:00:00-04:00,3.3001802278863237,3.3133596597971504,3.2790925837895903,3.297544240951538,116800,0.0,0.0
2012-07-12 00:00:00-04:00,3.2896381307958222,3.308089798338108,3.271186714635229,3.3028178215026855,96600,0.0,0.0
2012-07-13 00:00:00-04:00,3.3028138724909994,3.321265517971562,3.2843624783918277,3.315993547439575,131100,0.0,0.0
2012-07-16 00:00:00-04:00,3.3370804762198127,3.3423524460399587,3.3001776930042195,3.31335711479187,122900,0.0,0.0
2012-07-17 00:00:00-04:00,3.3318122195649855,3.3423559187789222,3.2685497728997484,3.2817294597625732,182400,0.0,0.0
2012-07-18 00:00:00-04:00,3.271182612650025,3.315993354032741,3.271182612650025,3.2869982719421387,132400,0.0,0.0
2012-07-19 00:00:00-04:00,3.3028130689825166,3.3133567561000303,3.2896333972402916,3.3001773357391357,149700,0.0,0.0
2012-07-20 00:00:00-04:00,3.2922709288717584,3.3080865926703242,3.276455516454641,3.289634943008423,131900,0.0,0.0
2012-07-23 00:00:00-04:00,3.2869979883378013,3.294905691610888,3.268546345525459,3.292269706726074,199900,0.0,0.0
2012-07-24 00:00:00-04:00,3.308089798338108,3.313361523791838,3.27382270305294,3.3028178215026855,127200,0.0,0.0
2012-07-25 00:00:00-04:00,3.2896341975424233,3.315993547439575,3.2817264931258343,3.315993547439575,104100,0.0,0.0
2012-07-26 00:00:00-04:00,3.321266258402102,3.3370816707611084,3.3159942866948016,3.3370816707611084,152800,0.0,0.0
2012-07-27 00:00:00-04:00,3.3502614026056006,3.358169108912462,3.326538032303567,3.3555331230163574,126200,0.0,0.0
2012-07-30 00:00:00-04:00,3.3555321400286835,3.366076080524301,3.334444761800204,3.358168125152588,411000,0.0,0.0
2012-07-31 00:00:00-04:00,3.371349174500897,3.371349174500897,3.3423540804555265,3.3634414672851562,116700,0.0,0.0
2012-08-01 00:00:00-04:00,3.3739867210388184,3.3739867210388184,3.347627349620848,3.3739867210388184,87500,0.0,0.0
2012-08-02 00:00:00-04:00,3.371349603859609,3.373985590394389,3.3581699225672206,3.368713617324829,124800,0.0,0.0
2012-08-03 00:00:00-04:00,3.3845304193296872,3.39243813020244,3.371350733620702,3.3739867210388184,189000,0.0,0.0
2012-08-06 00:00:00-04:00,3.395072887233233,3.4003446087773774,3.3739854982936452,3.3766214847564697,146700,0.0,0.0
2012-08-07 00:00:00-04:00,3.3897988505759398,3.39770680515,3.347624098373028,3.39243483543396,143700,0.0,0.0
2012-08-08 00:00:00-04:00,3.39110738137846,3.3990679097083265,3.3486522424961924,3.3725333213806152,148600,0.085,0.0
2012-08-09 00:00:00-04:00,3.3831486013941796,3.4017226696014404,3.367227790750313,3.4017226696014404,105200,0.0,0.0
2012-08-10 00:00:00-04:00,3.407030998563267,3.407030998563267,3.351308519500679,3.3911101818084717,140800,0.0,0.0
2012-08-13 00:00:00-04:00,3.3858039457819498,3.407031536102295,3.3672296144620195,3.407031536102295,101800,0.0,0.0
2012-08-14 00:00:00-04:00,3.3990712529953746,3.422952102316135,3.3751901506217767,3.407031536102295,143200,0.0,0.0
2012-08-15 00:00:00-04:00,3.4123377919033975,3.4123377919033975,3.3858034345359913,3.3990707397460938,117700,0.0,0.0
2012-08-16 00:00:00-04:00,3.41764369747604,3.41764369747604,3.4017228858202215,3.414990186691284,148300,0.0,0.0
2012-08-17 00:00:00-04:00,3.40703043160177,3.425604503847469,3.4043769204087404,3.4096839427948,99300,0.0,0.0
2012-08-20 00:00:00-04:00,3.407031021651036,3.407031021651036,3.3645758474209466,3.3990707397460938,117500,0.0,0.0
2012-08-21 00:00:00-04:00,3.407028864466622,3.407028864466622,3.345999400362506,3.3645737171173096,193600,0.0,0.0
2012-08-22 00:00:00-04:00,3.364576193907677,3.372536476632375,3.3221210153055196,3.3460018634796143,252500,0.0,0.0
2012-08-23 00:00:00-04:00,3.3274255495446767,3.345999614435186,3.3221187823128124,3.343346357345581,128000,0.0,0.0
2012-08-24 00:00:00-04:00,3.3433469844558954,3.3513072633231262,3.327426173668731,3.340693473815918,155900,0.0,0.0
2012-08-27 00:00:00-04:00,3.3513093859337677,3.3645766944840374,3.3247747688332288,3.3539628982543945,185600,0.0,0.0
2012-08-28 00:00:00-04:00,3.3566147792472276,3.3831493854522705,3.340694217966409,3.3831493854522705,142700,0.0,0.0
2012-08-29 00:00:00-04:00,3.385804286943323,3.385804286943323,3.346002361292515,3.3539628982543945,143700,0.0,0.0
2012-08-30 00:00:00-04:00,3.343346357345581,3.3672271894679544,3.3327325698291967,3.343346357345581,113500,0.0,0.0
2012-08-31 00:00:00-04:00,3.361922237946323,3.377842801292965,3.3513084446976307,3.3751895427703857,81000,0.0,0.0
2012-09-04 00:00:00-04:00,3.377843749981444,3.377843749981444,3.346002361292515,3.3539628982543945,97700,0.0,0.0
2012-09-05 00:00:00-04:00,3.3460018634796143,3.3592691700559945,3.338041580754916,3.3460018634796143,146500,0.0,0.0
2012-09-06 00:00:00-04:00,3.340693405227732,3.359267473220825,3.340693405227732,3.359267473220825,204300,0.0,0.0
2012-09-07 00:00:00-04:00,3.365946621734467,3.365946621734467,3.3445755531007375,3.3552610874176025,165400,0.085,0.0
2012-09-10 00:00:00-04:00,3.3712884166400188,3.3793025016784664,3.352588799962584,3.379302501678467,124100,0.0,0.0
2012-09-11 00:00:00-04:00,3.363273347827185,3.3846444048540167,3.3606019020080566,3.3606019020080566,127300,0.0,0.0
2012-09-12 00:00:00-04:00,3.3739603458658545,3.3980028591835083,3.357931918733016,3.3632748126983643,171400,0.0,0.0
2012-09-13 00:00:00-04:00,3.3739603458658545,3.379302985067996,3.3552607265135483,3.3632748126983643,188000,0.0,0.0
2012-09-14 00:00:00-04:00,3.384645394879545,3.4060164581575187,3.3659457782021103,3.379302501678467,253900,0.0,0.0
2012-09-17 00:00:00-04:00,3.3793041743267414,3.4060181440283603,3.3659474442392274,3.3980040550231934,196400,0.0,0.0
2012-09-18 00:00:00-04:00,3.3899870446673788,3.4140295475341773,3.3899870446673788,3.41135835647583,139500,0.0,0.0
2012-09-19 00:00:00-04:00,3.416703668753734,3.4193751166670143,3.392661147060803,3.414032220840454,134300,0.0,0.0
2012-09-20 00:00:00-04:00,3.392659902572632,3.403345435542813,3.3819743696024505,3.392659902572632,152000,0.0,0.0
2012-09-21 00:00:00-04:00,3.4060154648329433,3.432729413521185,3.3953299363102656,3.41135835647583,155900,0.0,0.0
2012-09-24 00:00:00-04:00,3.4060175418853764,3.419374524374832,3.4006746469842937,3.406017541885376,113700,0.0,0.0
2012-09-25 00:00:00-04:00,3.4193751166670143,3.4193751166670143,3.4006752360373484,3.414032220840454,133800,0.0,0.0
2012-09-26 00:00:00-04:00,3.4060178072569283,3.41670334312838,3.3873181831727055,3.3899893760681152,95000,0.0,0.0
2012-09-27 00:00:00-04:00,3.406016079978977,3.406016079978977,3.3873164653778076,3.3873164653778076,180700,0.0,0.0
2012-09-28 00:00:00-04:00,3.379303011690738,3.398002885953571,3.3499178589394405,3.381974458694458,359900,0.0,0.0
2012-10-01 00:00:00-04:00,3.363275199018819,3.387317715098101,3.363275199018819,3.3739607334136963,281300,0.0,0.0
2012-10-02 00:00:00-04:00,3.3632748126983643,3.3739603458658545,3.357931918733016,3.3632748126983643,309800,0.0,0.0
2012-10-03 00:00:00-04:00,3.3499163734946404,3.3659447936463125,3.3499163734946404,3.3606019020080566,244300,0.0,0.0
2012-10-04 00:00:00-04:00,3.3552598089575407,3.3712879769439823,3.3499169164533025,3.365945339202881,239100,0.0,0.0
2012-10-05 00:00:00-04:00,3.3606028850010317,3.384645394879545,3.3606028850010317,3.379302501678467,185700,0.0,0.0
2012-10-08 00:00:00-04:00,3.36861774874659,3.3873176245099548,3.36861774874659,3.38464617729187,186800,0.0,0.0
2012-10-09 00:00:00-04:00,3.3940569508449574,3.396746439486338,3.361783856599651,3.369852066040039,173100,0.085,0.0
2012-10-10 00:00:00-04:00,3.3537172355113003,3.3752326418647365,3.3053074429741307,3.3402700424194336,375100,0.0,0.0
2012-10-11 00:00:00-04:00,3.3564048209022554,3.3564048209022554,3.3214424951078043,3.324131727218628,187300,0.0,0.0
2012-10-12 00:00:00-04:00,3.348338752781744,3.348338752781744,3.3214446190891316,3.3348915576934814,213700,0.0,0.0
2012-10-15 00:00:00-04:00,3.334892384292618,3.3402713662547434,3.316066460393133,3.3322031497955322,211500,0.0,0.0
2012-10-16 00:00:00-04:00,3.3456503664216215,3.372544765472412,3.3375821492999838,3.372544765472412,202700,0.0,0.0
2012-10-17 00:00:00-04:00,3.383300854922144,3.383300854922144,3.342959532132854,3.345648765563965,229000,0.0,0.0
2012-10-18 00:00:00-04:00,3.3537175267300636,3.3752329349517822,3.3483385464326854,3.3752329349517822,136000,0.0,0.0
2012-10-19 00:00:00-04:00,3.3752310433228003,3.3752310433228003,3.3510261585178824,3.369852066040039,150900,0.0,0.0
2012-10-22 00:00:00-04:00,3.359095065372858,3.3806104660034184,3.359095065372858,3.380610466003418,237000,0.0,0.0
2012-10-23 00:00:00-04:00,3.372544765472412,3.3752342566742906,3.3483398576235004,3.372544765472412,154400,0.0,0.0
2012-10-24 00:00:00-04:00,3.361783856599651,3.37254155468142,3.3483366698765016,3.369852066040039,176000,0.0,0.0
2012-10-25 00:00:00-04:00,3.361785760079941,3.380611678261541,3.353717546071241,3.3644752502441406,113200,0.0,0.0
2012-10-26 00:00:00-04:00,3.351028659398762,3.3644758561575876,3.340270953288491,3.361786365509033,155500,0.0,0.0
2012-10-31 00:00:00-04:00,3.351028333925517,3.3698542536690117,3.332202414182022,3.3429601192474365,182000,0.0,0.0
2012-11-01 00:00:00-04:00,3.356408074745138,3.372544765472412,3.3483398576235004,3.372544765472412,126200,0.0,0.0
2012-11-02 00:00:00-04:00,3.3752329544170405,3.3752329544170405,3.361785760079941,3.3644752502441406,96900,0.0,0.0
2012-11-05 00:00:00-05:00,3.3617860389909313,3.364475529378265,3.332202414182022,3.3429601192474365,184600,0.0,0.0
2012-11-06 00:00:00-05:00,3.3483386039733887,3.369854012564846,3.3348914094827524,3.3483386039733887,176500,0.0,0.0
2012-11-07 00:00:00-05:00,3.353717733410614,3.3617859478700067,3.3214446190891316,3.3348915576934814,251700,0.0,0.0
2012-11-08 00:00:00-05:00,3.3389536543760094,3.3389536543760094,3.292917776071214,3.2983338832855225,196700,0.085,0.0
2012-11-09 00:00:00-05:00,3.2902104191223387,3.303750431770821,3.279378460654405,3.284794569015503,196800,0.0,0.0
2012-11-12 00:00:00-05:00,3.282086066881696,3.290209970060295,3.2658382605244967,3.276670217514038,178600,0.0,0.0
2012-11-13 00:00:00-05:00,3.2820864808278767,3.2820864808278767,3.2495906057607797,3.2577145099639893,232100,0.0,0.0
2012-11-14 00:00:00-05:00,3.2766699638852046,3.2766699638852046,3.1818901538724287,3.184598207473755,373800,0.0,0.0
2012-11-15 00:00:00-05:00,3.1439793712284323,3.173767455637974,3.11960765433104,3.162935495376587,662600,0.0,0.0
2012-11-16 00:00:00-05:00,3.173765599571273,3.2333412170410156,3.160225592599367,3.2333412170410156,376400,0.0,0.0
2012-11-19 00:00:00-05:00,3.236050071840487,3.3199979292616573,3.236050071840487,3.265838146209717,223800,0.0,0.0
2012-11-20 00:00:00-05:00,3.260422576732116,3.2766706434556627,3.23063475570225,3.236050605773926,216900,0.0,0.0
2012-11-21 00:00:00-05:00,3.257712391584909,3.2929162979125977,3.236048488960807,3.2929162979125977,165900,0.0,0.0
2012-11-23 00:00:00-05:00,3.303748180988584,3.3091642856597896,3.290208177564655,3.30916428565979,51400,0.0,0.0
2012-11-26 00:00:00-05:00,3.306456754939695,3.306456754939695,3.2766689493110945,3.3010406494140625,151900,0.0,0.0
2012-11-27 00:00:00-05:00,3.3037500095621035,3.3118739128112797,3.282086095394816,3.3118739128112793,177700,0.0,0.0
2012-11-28 00:00:00-05:00,3.3145808716218235,3.3281208780667813,3.301040865176866,3.322705030441284,190800,0.0,0.0
2012-11-29 00:00:00-05:00,3.328122519759998,3.341662532883961,3.319998615187328,3.3308305740356445,120200,0.0,0.0
2012-11-30 00:00:00-05:00,3.3199965953826904,3.3308285476411124,3.3037485378680014,3.3199965953826904,155200,0.0,0.0
2012-12-03 00:00:00-05:00,3.306456971056506,3.3254128251269615,3.303748918116686,3.322705030441284,115200,0.0,0.0
2012-12-04 00:00:00-05:00,3.3118738361818365,3.3281219005584717,3.30374993312063,3.3281219005584717,111700,0.0,0.0
2012-12-05 00:00:00-05:00,3.3254137408423166,3.3254137408423166,3.29020981769302,3.295625925064087,188000,0.0,0.0
2012-12-06 00:00:00-05:00,3.2820854187011723,3.2956254268276326,3.276669570403093,3.282085418701172,181600,0.0,0.0
2012-12-07 00:00:00-05:00,3.2970849564426024,3.2970849564426024,3.258905219466549,3.2943577766418457,224200,0.085,0.0
2012-12-10 00:00:00-05:00,3.277996977870757,3.299813907833431,3.2670882528111003,3.2834510803222656,219800,0.0,0.0
2012-12-11 00:00:00-05:00,3.283447687402644,3.2889020442962646,3.277993590587075,3.2889020442962646,238700,0.0,0.0
2012-12-12 00:00:00-05:00,3.277994450081413,3.3079926406277353,3.277994450081413,3.299811363220215,238200,0.0,0.0
2012-12-13 00:00:00-05:00,3.2861770257415617,3.302539587020874,3.283449845502269,3.302539587020874,253500,0.0,0.0
2012-12-14 00:00:00-05:00,3.305266235766692,3.307993415567449,3.283449317516999,3.2943577766418457,193000,0.0,0.0
2012-12-17 00:00:00-05:00,3.294357483276938,3.310720300546177,3.283449025123497,3.2861762046813965,235700,0.0,0.0
2012-12-18 00:00:00-05:00,3.2807213691651738,3.324355195442777,3.2807213691651738,3.299811363220215,288100,0.0,0.0
2012-12-19 00:00:00-05:00,3.3025377728057688,3.3379903162064184,3.3025377728057688,3.3189005851745605,205900,0.0,0.0
2012-12-20 00:00:00-05:00,3.3079936096589075,3.3325377091494452,3.302539249737368,3.3270833492279053,171900,0.0,0.0
2012-12-21 00:00:00-05:00,3.2889029066508138,3.318901097197136,3.2889029066508138,3.299811363220215,261800,0.0,0.0
2012-12-24 00:00:00-05:00,3.2861764973177556,3.307993415567449,3.283449317516999,3.2943577766418457,191300,0.0,0.0
2012-12-26 00:00:00-05:00,3.2861767837894025,3.32708344405406,3.2779955037521114,3.3161749839782715,172300,0.0,0.0
2012-12-27 00:00:00-05:00,3.3257860805589097,3.3285324573516846,3.281845099510133,3.3285324573516846,206200,0.085,0.0
2012-12-28 00:00:00-05:00,3.301069597908838,3.31754733546044,3.2873379753432257,3.292830467224121,195300,0.0,0.0
2012-12-31 00:00:00-05:00,3.287337073512967,3.3395169106568607,3.287337073512967,3.336770534515381,255400,0.0,0.0
2013-01-02 00:00:00-05:00,3.3752199838867463,3.388951606628022,3.353249492264273,3.3834588527679443,142700,0.0,0.0
2013-01-03 00:00:00-05:00,3.3724731842081233,3.4246532917022705,3.3724731842081233,3.4246532917022705,270700,0.0,0.0
2013-01-04 00:00:00-05:00,3.4328943875313893,3.457611269027064,3.427401630794992,3.4411332607269287,259600,0.0,0.0
2013-01-07 00:00:00-05:00,3.4273974325166034,3.487816373063487,3.4273974325166034,3.4823238849639893,332700,0.0,0.0
2013-01-08 00:00:00-05:00,3.4713434352545187,3.4795823097229004,3.443880171147785,3.4795823097229004,197600,0.0,0.0
2013-01-09 00:00:00-05:00,3.471340961143919,3.4878186983365906,3.4576093388774187,3.465848207473755,180900,0.0,0.0
2013-01-10 00:00:00-05:00,3.4548636565189823,3.4960582696902742,3.4548636565189823,3.490565776824951,319200,0.0,0.0
2013-01-11 00:00:00-05:00,3.4933140983921556,3.496060215398668,3.4713435908854025,3.487821340560913,202300,0.0,0.0
2013-01-14 00:00:00-05:00,3.4713435908854025,3.4933140983921556,3.4713435908854025,3.487821340560913,220200,0.0,0.0
2013-01-15 00:00:00-05:00,3.487819399437808,3.4960582696902742,3.468595281545734,3.490565776824951,242000,0.0,0.0
2013-01-16 00:00:00-05:00,3.4795824657231575,3.5015529732299107,3.4768360868075363,3.487821340560913,194100,0.0,0.0
2013-01-17 00:00:00-05:00,3.5015520703551544,3.504298448562622,3.485074063019387,3.504298448562622,204200,0.0,0.0
2013-01-18 00:00:00-05:00,3.504298448562622,3.5097909430685172,3.4905668194343233,3.504298448562622,112800,0.0,0.0
2013-01-22 00:00:00-05:00,3.501552315683129,3.526269197463989,3.501552315683129,3.5262691974639893,179700,0.0,0.0
2013-01-23 00:00:00-05:00,3.5290137436831293,3.5372526126963026,3.5152821207218907,3.518028497695923,218700,0.0,0.0
2013-01-24 00:00:00-05:00,3.5290155758638755,3.5400008275543624,3.5152839457735023,3.5262691974639893,190900,0.0,0.0
2013-01-25 00:00:00-05:00,3.5042968747346848,3.520774612761032,3.493311628747479,3.518028497695923,216800,0.0,0.0
2013-01-28 00:00:00-05:00,3.5097911357879634,3.520776387311985,3.4933133894564596,3.509791135787964,184300,0.0,0.0
2013-01-29 00:00:00-05:00,3.509790818955982,3.515283575176684,3.4878203178912366,3.4933130741119385,231200,0.0,0.0
2013-01-30 00:00:00-05:00,3.5015479861753334,3.5042943611794497,3.4713386468562595,3.4823238849639893,189200,0.0,0.0
2013-01-31 00:00:00-05:00,3.487820441226855,3.504298448562622,3.474088812098556,3.504298448562622,198300,0.0,0.0
2013-02-01 00:00:00-05:00,3.5125375141462327,3.515283892504502,3.5015522626222118,3.509791135787964,189800,0.0,0.0
2013-02-04 00:00:00-05:00,3.509789894717026,3.512536272104169,3.468595281545734,3.490565776824951,217200,0.0,0.0
2013-02-05 00:00:00-05:00,3.4933129256973827,3.515283425828704,3.4795812976380516,3.507044553756714,207600,0.0,0.0
2013-02-06 00:00:00-05:00,3.493312643559883,3.5125367641448975,3.493312643559883,3.5125367641448975,166100,0.0,0.0
2013-02-07 00:00:00-05:00,3.5152846058989087,3.5152846058989087,3.4823288446387792,3.487821340560913,204000,0.0,0.0
2013-02-08 00:00:00-05:00,3.4892005551742153,3.500259817485639,3.478141292862792,3.49749493598938,311400,0.085,0.0
2013-02-11 00:00:00-05:00,3.505790336176579,3.505790336176579,3.469847659998347,3.489201307296753,239800,0.0,0.0
2013-02-12 00:00:00-05:00,3.4726137441280622,3.500261783599854,3.4643190949801403,3.5002617835998535,296000,0.0,0.0
2013-02-13 00:00:00-05:00,3.500259817485639,3.511319079797062,3.4864356736779567,3.49749493598938,257700,0.0,0.0
2013-02-14 00:00:00-05:00,3.4974956898998317,3.50302545408433,3.4753771605091766,3.489201307296753,190600,0.0,0.0
2013-02-15 00:00:00-05:00,3.4947332771630957,3.4947332771630957,3.4726147338124425,3.4919683933258057,160500,0.0,0.0
2013-02-19 00:00:00-05:00,3.4891993068942977,3.5085529430970177,3.461551292843772,3.5057883262634277,237800,0.0,0.0
2013-02-20 00:00:00-05:00,3.4974956898998317,3.5085549545951595,3.4643178958138487,3.489201307296753,180800,0.0,0.0
2013-02-21 00:00:00-05:00,3.4864383039525486,3.4864383039525486,3.431141950678189,3.4670846462249756,226800,0.0,0.0
2013-02-22 00:00:00-05:00,3.4615542314565912,3.4698486163457387,3.4394354322959617,3.458789348602295,217800,0.0,0.0
2013-02-25 00:00:00-05:00,3.4504932725982105,3.4560230360191846,3.417315483093262,3.4173154830932617,242500,0.0,0.0
2013-02-26 00:00:00-05:00,3.414552399846548,3.4532597064971924,3.414552399846548,3.4532597064971924,270900,0.0,0.0
2013-02-27 00:00:00-05:00,3.4477309884974026,3.469849529807146,3.43390683426036,3.4670846462249756,232600,0.0,0.0
2013-02-28 00:00:00-05:00,3.461555142734445,3.480908800462018,3.442201221333061,3.4670846462249756,203400,0.0,0.0
2013-03-01 00:00:00-05:00,3.4504956084057623,3.469849529807146,3.4366717178425303,3.4670846462249756,169600,0.0,0.0
2013-03-04 00:00:00-05:00,3.4698477179313816,3.4698477179313816,3.4366699232914577,3.4615533351898193,182400,0.0,0.0
2013-03-05 00:00:00-05:00,3.4698477564384276,3.4892014042747443,3.4698477564384276,3.4836719036102295,229900,0.0,0.0
2013-03-06 00:00:00-05:00,3.48367105585531,3.49749493598938,3.48367105585531,3.49749493598938,207400,0.0,0.0
2013-03-07 00:00:00-05:00,3.494732018785622,3.519615173339844,3.4919671359439057,3.5196151733398438,194000,0.0,0.0
2013-03-08 00:00:00-05:00,3.5265726317384734,3.534922768803872,3.501521955096206,3.532139301300049,168400,0.085,0.0
2013-03-11 00:00:00-04:00,3.5237900523728505,3.5321401915428234,3.5126564449975075,3.5210065841674805,152900,0.0,0.0
2013-03-12 00:00:00-04:00,3.5154377437226403,3.5432716122608285,3.512654277235029,3.5293548107147217,159300,0.0,0.0
2013-03-13 00:00:00-04:00,3.532140800037645,3.537707737407423,3.5210071907442746,3.534924268722534,144300,0.0,0.0
2013-03-14 00:00:00-04:00,3.5293575967989406,3.5349242687225337,3.5210071907442746,3.534924268722534,157200,0.0,0.0
2013-03-15 00:00:00-04:00,3.5460550787484397,3.5460550787484397,3.5070876097057813,3.5293548107147217,241100,0.0,0.0
2013-03-18 00:00:00-04:00,3.4987387657165527,3.543273187533602,3.4876051602622904,3.4987387657165527,264600,0.0,0.0
2013-03-19 00:00:00-04:00,3.4903899531682834,3.5182241100946565,3.479256343486973,3.5043070316314697,211400,0.0,0.0
2013-03-20 00:00:00-04:00,3.5210073675096014,3.534924446186541,3.504307085454232,3.5237908363342285,205000,0.0,0.0
2013-03-21 00:00:00-04:00,3.5265737150723955,3.5460574626922603,3.523790246713514,3.5460574626922607,289100,0.0,0.0
2013-03-22 00:00:00-04:00,3.5377073230617686,3.554407867768905,3.534923854702887,3.5460574626922607,246800,0.0,0.0
2013-03-25 00:00:00-04:00,3.543273936980166,3.559974481416979,3.523790189675675,3.526573657989502,197000,0.0,0.0
2013-03-26 00:00:00-04:00,3.5404909962718025,3.5571912764990565,3.534924059231939,3.554408073425293,193400,0.0,0.0
2013-03-27 00:00:00-04:00,3.5488396359722976,3.559973239898682,3.546056168629187,3.5599732398986816,151800,0.0,0.0
2013-03-28 00:00:00-04:00,3.57389212346834,3.57389212346834,3.5377078259972268,3.565541982650757,242500,0.0,0.0
2013-04-01 00:00:00-04:00,3.5599739507995567,3.5711075569492414,3.551623812548821,3.568324089050293,121200,0.0,0.0
2013-04-02 00:00:00-04:00,3.568324885132615,3.568324885132615,3.534924059231939,3.554408073425293,213200,0.0,0.0
2013-04-03 00:00:00-04:00,3.5293563798003436,3.537706517529517,3.4987387657165527,3.4987387657165527,310300,0.0,0.0
2013-04-04 00:00:00-04:00,3.4959537990559673,3.5210041996007395,3.490386866415379,3.5126540660858154,176300,0.0,0.0
2013-04-05 00:00:00-04:00,3.4820387603617604,3.5237897176923645,3.459771547725957,3.5182230472564697,247100,0.0,0.0
2013-04-08 00:00:00-04:00,3.5336350511328454,3.539239676074686,3.511217085851936,3.5308330059051514,197200,0.085,0.0
2013-04-09 00:00:00-04:00,3.547647329909898,3.547647329909898,3.528031671661023,3.5420429706573486,198200,0.0,0.0
2013-04-10 00:00:00-04:00,3.525228380963311,3.5476463462442203,3.5196240232646967,3.5308330059051514,237600,0.0,0.0
2013-04-11 00:00:00-04:00,3.542042970657348,3.564460942154149,3.528031671661023,3.5420429706573486,197300,0.0,0.0
2013-04-12 00:00:00-04:00,3.5224276869804885,3.5644615916283877,3.519625640465308,3.558856964111328,242600,0.0,0.0
2013-04-15 00:00:00-04:00,3.5588561974520236,3.5588561974520236,3.508415896881232,3.536438226699829,248100,0.0,0.0
2013-04-16 00:00:00-04:00,3.536438014655124,3.553251625332772,3.525229029951117,3.547646999359131,205300,0.0,0.0
2013-04-17 00:00:00-04:00,3.547646999359131,3.556053671076317,3.536438014655124,3.547646999359131,216400,0.0,0.0
2013-04-18 00:00:00-04:00,3.544845435430365,3.54764774900934,3.5196254149495867,3.539241075515747,141500,0.0,0.0
2013-04-19 00:00:00-04:00,3.544844627380371,3.5476469403205564,3.5224266583454282,3.544844627380371,166500,0.0,0.0
2013-04-22 00:00:00-04:00,3.544845435430365,3.5504500625883146,3.5252297748642043,3.539241075515747,138800,0.0,0.0
2013-04-23 00:00:00-04:00,3.5420415399969274,3.575668483659922,3.5420415399969274,3.561657190322876,285600,0.0,0.0
2013-04-24 00:00:00-04:00,3.57286729935002,3.5896809101104736,3.56165831459081,3.5896809101104736,169200,0.0,0.0
2013-04-25 00:00:00-04:00,3.595285171421702,3.614900827407837,3.5924828584970343,3.614900827407837,188700,0.0,0.0
2013-04-26 00:00:00-04:00,3.6120983645905804,3.6177027225494385,3.5980870688285775,3.6177027225494385,121200,0.0,0.0
2013-04-29 00:00:00-04:00,3.603692401556797,3.631715000660687,3.6008903554410563,3.6289126873016357,215000,0.0,0.0
2013-04-30 00:00:00-04:00,3.6345161486088715,3.6401205062866206,3.6205048535496607,3.640120506286621,201400,0.0,0.0
2013-05-01 00:00:00-04:00,3.642923953066879,3.6457262663999397,3.631714966977944,3.637319326400757,159900,0.0,0.0
2013-05-02 00:00:00-04:00,3.642923949236987,3.6485285758972164,3.6233082904128002,3.648528575897217,197700,0.0,0.0
2013-05-03 00:00:00-04:00,3.6541318013458315,3.6681430964050423,3.6317138361483843,3.640120506286621,210600,0.0,0.0
2013-05-06 00:00:00-04:00,3.634517218021625,3.6485285172034914,3.631714904736591,3.645726203918457,248200,0.0,0.0
2013-05-07 00:00:00-04:00,3.6345152896437765,3.6737465858459473,3.631712977845575,3.6737465858459473,206900,0.0,0.0
2013-05-08 00:00:00-04:00,3.677976553674605,3.717464128962474,3.6666944277333706,3.7061820030212402,289200,0.085,0.0
2013-05-09 00:00:00-04:00,3.7174652700843516,3.7174652700843516,3.6892598120797024,3.71464467048645,180200,0.0,0.0
2013-05-10 00:00:00-04:00,3.717467970123237,3.751314382919537,3.7118267668301645,3.745673179626465,230500,0.0,0.0
2013-05-13 00:00:00-04:00,3.7484925370957556,3.762595271660163,3.728748870097958,3.7400310039520264,216500,0.0,0.0
2013-05-14 00:00:00-04:00,3.748492551010058,3.762595285626815,3.737210417114111,3.759774684906006,225400,0.0,0.0
2013-05-15 00:00:00-04:00,3.7597717974693734,3.785156646486973,3.7569511989147326,3.773874521255493,254300,0.0,0.0
2013-05-16 00:00:00-04:00,3.7710555032730766,3.796440362930298,3.7710555032730766,3.796440362930298,243000,0.0,0.0
2013-05-17 00:00:00-04:00,3.799259370273093,3.799259370273093,3.7597717974693734,3.773874521255493,237700,0.0,0.0
2013-05-20 00:00:00-04:00,3.779518277654848,3.787980079650879,3.7513130779632653,3.787980079650879,201700,0.0,0.0
2013-05-21 00:00:00-04:00,3.7823377631245956,3.8049020238198623,3.7682350329432523,3.7992610931396484,286100,0.0,0.0
2013-05-22 00:00:00-04:00,3.793618577561682,3.793618577561682,3.69490003850966,3.7090024948120117,229400,0.0,0.0
2013-05-23 00:00:00-04:00,3.7090033407784495,3.7174651392744007,3.6610542252500866,3.7118239402770996,276300,0.0,0.0
2013-05-24 00:00:00-04:00,3.700542801169619,3.706184001675948,3.6807991373719577,3.683619737625122,152800,0.0,0.0
2013-05-28 00:00:00-04:00,3.7061831406799284,3.7174652700843516,3.680798282273181,3.71464467048645,194200,0.0,0.0
2013-05-29 00:00:00-04:00,3.6864384319982015,3.7061823560161944,3.618745669903407,3.6497714519500732,323000,0.0,0.0
2013-05-30 00:00:00-04:00,3.6243863154535765,3.703361192526333,3.6243863154535765,3.6920790672302246,216500,0.0,0.0
2013-05-31 00:00:00-04:00,3.6666954963859886,3.692080354398917,3.630028509143667,3.635669708251953,215700,0.0,0.0
2013-06-03 00:00:00-04:00,3.635669608543722,3.6666953958268755,3.528489249310322,3.618746280670166,681800,0.0,0.0
2013-06-04 00:00:00-04:00,3.6074642506848815,3.652592767602453,3.576438462550846,3.635669708251953,495100,0.0,0.0
2013-06-05 00:00:00-04:00,3.624387502670288,3.638489962169559,3.576438387208682,3.624387502670288,374200,0.0,0.0
2013-06-06 00:00:00-04:00,3.6215669031755646,3.6272078331778386,3.582079317210956,3.624387502670288,241100,0.0,0.0
2013-06-07 00:00:00-04:00,3.640003281504238,3.642842662690836,3.6030921384133445,3.6201281547546387,278600,0.085,0.0
2013-06-10 00:00:00-04:00,3.6172922191990304,3.6229709869815045,3.563345279158287,3.586059808731079,310400,0.0,0.0
2013-06-11 00:00:00-04:00,3.5548242486503883,3.580377868695082,3.5008770856288636,3.5179131031036377,267400,0.0,0.0
2013-06-12 00:00:00-04:00,3.5264313769372313,3.5491458889643357,3.509395357527732,3.523591995239258,251600,0.0,0.0
2013-06-13 00:00:00-04:00,3.526431903922021,3.534949779510498,3.45544897553515,3.534949779510498,247800,0.0,0.0
2013-06-14 00:00:00-04:00,3.546307690626475,3.5718615928785824,3.526432553665251,3.5519864559173584,170200,0.0,0.0
2013-06-17 00:00:00-04:00,3.551986306160335,3.5945759609325822,3.5406290468358415,3.588897466659546,250600,0.0,0.0
2013-06-18 00:00:00-04:00,3.5860583308915124,3.5974155909975027,3.540629290467552,3.5747010707855225,176200,0.0,0.0
2013-06-19 00:00:00-04:00,3.574699538328725,3.574699538328725,3.5235917543722146,3.5377883911132812,207600,0.0,0.0
2013-06-20 00:00:00-04:00,3.520754761456048,3.546308670770857,3.4469326877203317,3.481004476547241,405400,0.0,0.0
2013-06-21 00:00:00-04:00,3.4923626138021033,3.5122377612322477,3.461129929807791,3.4866838455200195,185100,0.0,0.0
2013-06-24 00:00:00-04:00,3.455448765060303,3.4639666401299483,3.3191614100541513,3.432734251022339,434200,0.0,0.0
2013-06-25 00:00:00-04:00,3.427055827710478,3.427055827710478,3.341876526992027,3.370269536972046,337400,0.0,0.0
2013-06-26 00:00:00-04:00,3.3645898255727285,3.4668051119080787,3.3645898255727285,3.458287239074707,235700,0.0,0.0
2013-06-27 00:00:00-04:00,3.449769695761997,3.529270758635205,3.449769695761997,3.523591995239258,305900,0.0,0.0
2013-06-28 00:00:00-04:00,3.506555848379892,3.5349488498001,3.475323194805858,3.5179131031036377,143500,0.0,0.0
2013-07-01 00:00:00-04:00,3.537789980561147,3.5775405271394773,3.5065575823214594,3.543468475341797,132800,0.0,0.0
2013-07-02 00:00:00-04:00,3.526431410127993,3.5377886662484395,3.4724842404721126,3.478163003921509,254400,0.0,0.0
2013-07-03 00:00:00-04:00,3.4355740253655345,3.4923603169462876,3.4355740253655345,3.4526097774505615,198200,0.0,0.0
2013-07-05 00:00:00-04:00,3.444092042170993,3.461127794952286,3.401502118660944,3.4298954010009766,178000,0.0,0.0
2013-07-08 00:00:00-04:00,3.4256055355072026,3.4599190208870776,3.4256055355072026,3.425605535507202,270000,0.085,0.0
2013-07-09 00:00:00-04:00,3.442760809945585,3.4627767739665583,3.4170258432345864,3.4599175453186035,199200,0.0,0.0
2013-07-10 00:00:00-04:00,3.4427624277164397,3.494232385324421,3.4313246896587977,3.485653877258301,184800,0.0,0.0
2013-07-11 00:00:00-04:00,3.5171099309701934,3.5314071801292997,3.508531690553668,3.5256881713867188,298500,0.0,0.0
2013-07-12 00:00:00-04:00,3.511390210541266,3.542844206855693,3.511390210541266,3.539984703063965,137200,0.0,0.0
2013-07-15 00:00:00-04:00,3.55714020135628,3.571437443682472,3.5342647227132598,3.559999704360962,190600,0.0,0.0
2013-07-16 00:00:00-04:00,3.548561244596375,3.5914529628669025,3.534264005172866,3.545701742172241,226400,0.0,0.0
2013-07-17 00:00:00-04:00,3.560000423057597,3.588594913482666,3.5457031778450623,3.588594913482666,126000,0.0,0.0
2013-07-18 00:00:00-04:00,3.588594049352698,3.5914535522460938,3.562859068706548,3.5914535522460938,153700,0.0,0.0
2013-07-19 00:00:00-04:00,3.574297104381632,3.5914538504694438,3.574297104381632,3.5857348442077637,101900,0.0,0.0
2013-07-22 00:00:00-04:00,3.582875969958751,3.6114704608917236,3.5742977317577695,3.6114704608917236,164500,0.0,0.0
2013-07-23 00:00:00-04:00,3.6114703475617103,3.6429240684431234,3.6028921096299187,3.628626823425293,163900,0.0,0.0
2013-07-24 00:00:00-04:00,3.6286265217492555,3.6572210094076336,3.5971728034828354,3.6200482845306396,179800,0.0,0.0
2013-07-25 00:00:00-04:00,3.600032306788122,3.6372050316651157,3.5914540695695063,3.6200482845306396,90100,0.0,0.0
2013-07-26 00:00:00-04:00,3.620045922488436,3.6372026584283206,3.5914517261847174,3.6143271923065186,112200,0.0,0.0
2013-07-29 00:00:00-04:00,3.60289230669649,3.614330048796909,3.539984588795548,3.557141065597534,193500,0.0,0.0
2013-07-30 00:00:00-04:00,3.5742959247580517,3.605749630724953,3.5571391843324722,3.6000308990478516,151800,0.0,0.0
2013-07-31 00:00:00-04:00,3.597170772847714,3.6257652443642567,3.5714358030222435,3.6028897762298584,218900,0.0,0.0
2013-08-01 00:00:00-04:00,3.6143289904106743,3.6372044679128708,3.602891251659576,3.6314854621887207,172900,0.0,0.0
2013-08-02 00:00:00-04:00,3.617189081950482,3.6372053340543515,3.588594864612088,3.628626823425293,110500,0.0,0.0
2013-08-05 00:00:00-04:00,3.6457827437345838,3.6457827437345838,3.5771563104763207,3.5914535522460938,158100,0.0,0.0
2013-08-06 00:00:00-04:00,3.5742973224350307,3.62004828453064,3.5685783158244573,3.6200482845306396,176800,0.0,0.0
2013-08-07 00:00:00-04:00,3.611468710167822,3.628625178252881,3.582874233096532,3.622906446456909,198500,0.0,0.0
2013-08-08 00:00:00-04:00,3.6416196560538765,3.6416196560538765,3.569650885977404,3.5840446949005127,196600,0.085,0.0
2013-08-09 00:00:00-04:00,3.572531982046037,3.6013196182595784,3.5610169824684696,3.595561981201172,91300,0.0,0.0
2013-08-12 00:00:00-04:00,3.5754085193622758,3.5869235115929485,3.555257351593366,3.5840446949005127,115900,0.0,0.0
2013-08-13 00:00:00-04:00,3.595558707800761,3.6185886859893794,3.572528729612143,3.61858868598938,257600,0.0,0.0
2013-08-14 00:00:00-04:00,3.6185875835224803,3.6185875835224803,3.558133840560913,3.558133840560913,301500,0.0,0.0
2013-08-15 00:00:00-04:00,3.561012983322144,3.572527969967965,3.543740640622881,3.5610129833221436,170100,0.0,0.0
2013-08-16 00:00:00-04:00,3.5610143799728053,3.6157107938969117,3.5293482229118798,3.532227039337158,239900,0.0,0.0
2013-08-19 00:00:00-04:00,3.549498666440844,3.549498666440844,3.4948025381871677,3.503438711166382,188700,0.0,0.0
2013-08-20 00:00:00-04:00,3.489042441953162,3.517830030934504,3.4832850888801707,3.5005574226379395,118500,0.0,0.0
2013-08-21 00:00:00-04:00,3.4919253035822737,3.517834108791086,3.4573803214835617,3.4861676692962646,235100,0.0,0.0
2013-08-22 00:00:00-04:00,3.4890445837825217,3.5466195225500954,3.483287227175246,3.514953374862671,112200,0.0,0.0
2013-08-23 00:00:00-04:00,3.514953852873252,3.543741463441446,3.5120750369086324,3.5293476581573486,202900,0.0,0.0
2013-08-26 00:00:00-04:00,3.520708570201602,3.561011139867721,3.4919212557590553,3.5005574226379395,208700,0.0,0.0
2013-08-27 00:00:00-04:00,3.483289417530223,3.509197950363159,3.4573806101581503,3.509197950363159,186300,0.0,0.0
2013-08-28 00:00:00-04:00,3.5120763264266475,3.5120763264266475,3.4573801757112665,3.4746525287628174,187300,0.0,0.0
2013-08-29 00:00:00-04:00,3.4631381034851074,3.477531916416029,3.457380743036227,3.4631381034851074,152900,0.0,0.0
2013-08-30 00:00:00-04:00,3.477529440632746,3.4919232433161813,3.4602570970437845,3.489044427871704,113100,0.0,0.0
2013-09-03 00:00:00-04:00,3.494802151128575,3.506317138671875,3.471772176041975,3.506317138671875,141600,0.0,0.0
2013-09-04 00:00:00-04:00,3.4976834101717356,3.5322286741858355,3.4746534171884504,3.4804110527038574,628100,0.0,0.0
2013-09-05 00:00:00-04:00,3.4717744225358724,3.5178344025132744,3.4717744225358724,3.509197950363159,165800,0.0,0.0
2013-09-06 00:00:00-04:00,3.50631973236339,3.520713271535471,3.4746532872908227,3.5120770931243896,157300,0.0,0.0
2013-09-09 00:00:00-04:00,3.5309176519164454,3.5396144157954863,3.507726097262244,3.5222206115722656,189400,0.085,0.0
2013-09-10 00:00:00-04:00,3.525121000823662,3.548312564529193,3.507727466277137,3.533817768096924,238200,0.0,0.0
2013-09-11 00:00:00-04:00,3.5222201601793572,3.539613962173462,3.496129871885856,3.539613962173462,214600,0.0,0.0
2013-09-12 00:00:00-04:00,3.5570085583367828,3.5570085583367828,3.5019284034453557,3.5077264308929443,235700,0.0,0.0
2013-09-13 00:00:00-04:00,3.5019295909325456,3.5367169380187984,3.5019295909325456,3.536716938018799,141800,0.0,0.0
2013-09-16 00:00:00-04:00,3.5715022766200324,3.5715022766200324,3.5280181863324267,3.539613962173462,194600,0.0,0.0
2013-09-17 00:00:00-04:00,3.548312886850834,3.5946960184752466,3.5396161187875745,3.5859992504119873,261600,0.0,0.0
2013-09-18 00:00:00-04:00,3.588897623441599,3.62078595161438,3.5715038139603945,3.62078595161438,191600,0.0,0.0
2013-09-19 00:00:00-04:00,3.6091900155585432,3.620785795892229,3.5830994406914476,3.617886781692505,180000,0.0,0.0
2013-09-20 00:00:00-04:00,3.623686372950796,3.623686372950796,3.594696771381058,3.612090587615967,169800,0.0,0.0
2013-09-23 00:00:00-04:00,3.609191572165927,3.6178883420507164,3.5860000014962683,3.612090587615967,166600,0.0,0.0
2013-09-24 00:00:00-04:00,3.609189822100544,3.623684615857011,3.6004930564327418,3.614987850189209,175200,0.0,0.0
2013-09-25 00:00:00-04:00,3.606292556715887,3.623686372950796,3.5860000014962683,3.612090587615967,162400,0.0,0.0
2013-09-26 00:00:00-04:00,3.6091884430727696,3.6236832312909515,3.5859968925097148,3.603390693664551,170700,0.0,0.0
2013-09-27 00:00:00-04:00,3.5917949183830236,3.6178852054176427,3.588895905446369,3.603390693664551,132900,0.0,0.0
2013-09-30 00:00:00-04:00,3.5946939057049665,3.632380247116089,3.585997142753203,3.632380247116089,209600,0.0,0.0
2013-10-01 00:00:00-04:00,3.6323820876165565,3.6526749134063725,3.6178872910424738,3.652674913406372,205100,0.0,0.0
2013-10-02 00:00:00-04:00,3.5917949183830236,3.612087456009424,3.58309787957306,3.603390693664551,387300,0.0,0.0
2013-10-03 00:00:00-04:00,3.583100602917311,3.6033934324324157,3.5686060801476227,3.5802018642425537,190600,0.0,0.0
2013-10-04 00:00:00-04:00,3.539616918475574,3.606292616133057,3.539616918475574,3.600494861602783,158300,0.0,0.0
2013-10-07 00:00:00-04:00,3.574402197224641,3.606290519767544,3.574402197224641,3.5888969898223877,108500,0.0,0.0
2013-10-08 00:00:00-04:00,3.5991149032086542,3.602033960226239,3.5436542117575396,3.5670061111450195,175700,0.085,0.0
2013-10-09 00:00:00-04:00,3.552409256763774,3.569923033006864,3.5378142576435625,3.5582470893859863,133400,0.0,0.0
2013-10-10 00:00:00-04:00,3.5728442096049897,3.59035827462215,3.5611682590524225,3.58160138130188,219800,0.0,0.0
2013-10-11 00:00:00-04:00,3.5670036235374107,3.6195452213287354,3.5670036235374107,3.6195452213287354,113200,0.0,0.0
2013-10-14 00:00:00-04:00,3.61078969230265,3.61078969230265,3.5815999666389207,3.604951858520508,139600,0.0,0.0
2013-10-15 00:00:00-04:00,3.607871886188989,3.6166290574609334,3.581601207502975,3.596195936203003,233400,0.0,0.0
2013-10-16 00:00:00-04:00,3.5932756354785096,3.6312222480773926,3.5932756354785096,3.6312222480773926,189500,0.0,0.0
2013-10-17 00:00:00-04:00,3.6253840432689737,3.7129537612872334,3.6253840432689737,3.707115650177002,221400,0.0,0.0
2013-10-18 00:00:00-04:00,3.701279375584125,3.701279375584125,3.6691703077136997,3.6866843700408936,183300,0.0,0.0
2013-10-21 00:00:00-04:00,3.6866821173047226,3.6983580589294434,3.6691680656794383,3.6983580589294434,139400,0.0,0.0
2013-10-22 00:00:00-04:00,3.6925223479398106,3.7450642585754395,3.6925223479398106,3.7450642585754395,210200,0.0,0.0
2013-10-23 00:00:00-04:00,3.736307373318659,3.7392264302209495,3.7129554748535156,3.7129554748535156,220900,0.0,0.0
2013-10-24 00:00:00-04:00,3.7333869976764475,3.7654957771301265,3.7275491643105467,3.765495777130127,281500,0.0,0.0
2013-10-25 00:00:00-04:00,3.7654944786111137,3.7771704196929936,3.7421425964473545,3.777170419692993,214200,0.0,0.0
2013-10-28 00:00:00-04:00,3.7654966481929146,3.7742538178322746,3.7509019222137567,3.7596588134765625,149100,0.0,0.0
2013-10-29 00:00:00-04:00,3.765495466792,3.7771714109380037,3.742143578499993,3.7509007453918457,194100,0.0,0.0
2013-10-30 00:00:00-04:00,3.7450633190261438,3.771334267753188,3.7129545363467105,3.7363064289093018,225500,0.0,0.0
2013-10-31 00:00:00-04:00,3.7538195226459963,3.756738578276614,3.721710745838603,3.7509007453918457,157700,0.0,0.0
2013-11-01 00:00:00-04:00,3.7392259744044978,3.7654966481929146,3.730468804765138,3.7596588134765625,116600,0.0,0.0
2013-11-04 00:00:00-05:00,3.7596588843064613,3.7654967191327953,3.7304688750451134,3.742144823074341,138500,0.0,0.0
2013-11-05 00:00:00-05:00,3.733387386891991,3.7363064430675053,3.7071164380653965,3.7275495529174805,125800,0.0,0.0
2013-11-06 00:00:00-05:00,3.736305430257002,3.7421432626490354,3.7246294870964918,3.7304673194885254,170500,0.0,0.0
2013-11-07 00:00:00-05:00,3.755446613202627,3.761323816093117,3.723122838026305,3.731938362121582,167300,0.085,0.0
2013-11-08 00:00:00-05:00,3.7436933117764757,3.767201568032488,3.729000581556338,3.761324644088745,155600,0.0,0.0
2013-11-11 00:00:00-05:00,3.776017376160253,3.781894300106878,3.7554474417457673,3.7789556980133057,138300,0.0,0.0
2013-11-12 00:00:00-05:00,3.7730773114740144,3.77601591242847,3.720183615255463,3.728999137878418,93300,0.0,0.0
2013-11-13 00:00:00-05:00,3.737815674454759,3.764262527755409,3.7172457439762168,3.7525084018707275,160800,0.0,0.0
2013-11-14 00:00:00-05:00,3.7613222377796194,3.7907073991801927,3.7525067173834814,3.787769079208374,151300,0.0,0.0
2013-11-15 00:00:00-05:00,3.7907085959836793,3.8083399225828627,3.758384824165677,3.79658579826355,218400,0.0,0.0
2013-11-18 00:00:00-05:00,3.811277320424969,3.8171542406089474,3.7789532785718953,3.787769079208374,243500,0.0,0.0
2013-11-19 00:00:00-05:00,3.80246151978849,3.80246151978849,3.776014958600076,3.787769079208374,168400,0.0,0.0
2013-11-20 00:00:00-05:00,3.7936488131365316,3.802464340071134,3.7613250275492907,3.7730791568756104,191800,0.0,0.0
2013-11-21 00:00:00-05:00,3.7848329003447576,3.7848329003447576,3.7466319138686073,3.761324644088745,160000,0.0,0.0
2013-11-22 00:00:00-05:00,3.746630310648452,3.793646803041655,3.746630310648452,3.7760157585144043,168300,0.0,0.0
2013-11-25 00:00:00-05:00,3.764263248026484,3.790709826147075,3.7525091198927147,3.7789556980133057,205800,0.0,0.0
2013-11-26 00:00:00-05:00,3.7672000521811992,3.8054010232859885,3.7554459287828337,3.781892776489258,175000,0.0,0.0
2013-11-27 00:00:00-05:00,3.7965853311613835,3.8142163753509517,3.781892607509813,3.814216375350952,129500,0.0,0.0
2013-11-29 00:00:00-05:00,3.814216430103233,3.8200936317443848,3.7995239864811503,3.8200936317443848,71300,0.0,0.0
2013-12-02 00:00:00-05:00,3.8112781966824563,3.817155118217608,3.802462394019121,3.8083395957946777,94900,0.0,0.0
2013-12-03 00:00:00-05:00,3.8054010232859885,3.8054010232859885,3.7701386530908922,3.781892776489258,181200,0.0,0.0
2013-12-04 00:00:00-05:00,3.7907077597490653,3.8024618814754048,3.752507074318738,3.7671995162963867,157500,0.0,0.0
2013-12-05 00:00:00-05:00,3.7525076320784776,3.773077278096881,3.7319377058196657,3.7466304302215576,174400,0.0,0.0
2013-12-06 00:00:00-05:00,3.755446434020996,3.776016362915812,3.7466309103463296,3.755446434020996,167200,0.0,0.0
2013-12-09 00:00:00-05:00,3.7657973661435222,3.7924212742154353,3.7510065568738846,3.7894632816314697,228300,0.085,0.0
2013-12-10 00:00:00-05:00,3.786505348755486,3.789463623723111,3.76283971324774,3.7776308059692383,137400,0.0,0.0
2013-12-11 00:00:00-05:00,3.7657983747801564,3.7805894701280645,3.739174741693936,3.771714925765991,161300,0.0,0.0
2013-12-12 00:00:00-05:00,3.76875699527824,3.7865063677439053,3.7421330776380946,3.7598824501037598,176700,0.0,0.0
2013-12-13 00:00:00-05:00,3.7598845552521056,3.7717173828154795,3.7273443499820424,3.7539680004119873,154300,0.0,0.0
2013-12-16 00:00:00-05:00,3.7628433306016817,3.7776344375423925,3.739177672343305,3.7569267749786377,204000,0.0,0.0
2013-12-17 00:00:00-05:00,3.748053333965707,3.8013012218793962,3.7421367765899713,3.7983429431915283,279300,0.0,0.0
2013-12-18 00:00:00-05:00,3.8012993465587477,3.836797826949508,3.792424514873425,3.824965000152588,199100,0.0,0.0
2013-12-19 00:00:00-05:00,3.824965000152588,3.836797826949508,3.810173896127227,3.824965000152588,159100,0.0,0.0
2013-12-20 00:00:00-05:00,3.813132074848658,3.878212479492033,3.8012992483574224,3.8604633808135986,299900,0.0,0.0
2013-12-23 00:00:00-05:00,3.8900457036778966,3.9048368088333025,3.857505498029496,3.8989205360412598,206400,0.0,0.0
2013-12-24 00:00:00-05:00,3.916668436251197,3.9196267127990723,3.872295416500183,3.9196267127990723,69800,0.0,0.0
2013-12-26 00:00:00-05:00,3.9344189986689435,3.949210103747375,3.878212855794277,3.8959622383117676,188200,0.0,0.0
2013-12-27 00:00:00-05:00,3.9182923977701787,3.9182923977701787,3.8379020469691425,3.8706536293029785,164300,0.085,0.0
2013-12-30 00:00:00-05:00,3.8557644730671674,3.873629144089145,3.834922593499288,3.8408772945404053,150300,0.0,0.0
2013-12-31 00:00:00-05:00,3.861720288874579,3.864697498061003,3.8170587436857324,3.8498106002807617,151300,0.0,0.0
2014-01-02 00:00:00-05:00,3.8468330894805254,3.9004268298812925,3.8289684146971457,3.888517141342163,186300,0.0,0.0
2014-01-03 00:00:00-05:00,3.867673635482788,3.897447988505382,3.8021705131519212,3.867673635482788,247000,0.0,0.0
2014-01-06 00:00:00-05:00,3.90042544128467,3.90042544128467,3.8408767358396805,3.8557639122009277,224300,0.0,0.0
2014-01-07 00:00:00-05:00,3.849812060961549,3.8706539529211366,3.834924873583495,3.8617217540740967,202700,0.0,0.0
2014-01-08 00:00:00-05:00,3.852789003626704,3.900428056716919,3.83194711311499,3.900428056716919,163000,0.0,0.0
2014-01-09 00:00:00-05:00,3.8885173373774555,3.9093592223843086,3.8676751684212154,3.9034042358398438,167200,0.0,0.0
2014-01-10 00:00:00-05:00,3.8974503874377477,3.9242472648620605,3.882563201763191,3.9242472648620605,189300,0.0,0.0
2014-01-13 00:00:00-05:00,3.9034062017628823,3.9182933916724862,3.8795868114873286,3.8825643062591553,119100,0.0,0.0
2014-01-14 00:00:00-05:00,3.864696460978197,3.87362893798858,3.837899881794941,3.8587417602539062,177600,0.0,0.0
2014-01-15 00:00:00-05:00,3.8617197536615233,3.91233599415746,3.8468325739951887,3.909358501434326,170100,0.0,0.0
2014-01-16 00:00:00-05:00,3.9212688235429516,3.9242463167483783,3.8795847705151165,3.9182913303375244,156900,0.0,0.0
2014-01-17 00:00:00-05:00,3.9063816414651975,3.9242463167483783,3.903404148259771,3.9182913303375244,142800,0.0,0.0
2014-01-21 00:00:00-05:00,3.9182909247847966,3.948065285858585,3.9063812371451516,3.942110300064087,178300,0.0,0.0
2014-01-22 00:00:00-05:00,3.9450892486774576,3.9629539287035693,3.9302020626472745,3.9599764347076416,123300,0.0,0.0
2014-01-23 00:00:00-05:00,3.959974641724458,3.9897487163543697,3.959974641724458,3.98974871635437,188500,0.0,0.0
2014-01-24 00:00:00-05:00,3.9808192646803797,3.9867742540782514,3.879586716512744,3.897451400756836,152900,0.0,0.0
2014-01-27 00:00:00-05:00,3.909360526524286,3.9153152311058186,3.8527892712775746,3.8617217540740967,132500,0.0,0.0
2014-01-28 00:00:00-05:00,3.8706524665587834,3.8944718436370414,3.8289684146971457,3.888517141342163,214900,0.0,0.0
2014-01-29 00:00:00-05:00,3.879584988058438,3.894472170970974,3.8468334128103767,3.8736302852630615,118100,0.0,0.0
2014-01-30 00:00:00-05:00,3.9004268298812925,3.9153137275931744,3.8706524665587834,3.888517141342163,114800,0.0,0.0
2014-01-31 00:00:00-05:00,3.8825633763144056,3.9123377490021074,3.8676761899705547,3.900428056716919,214500,0.0,0.0
2014-02-03 00:00:00-05:00,3.915314903753614,3.924247385803308,3.8527889491530494,3.8706536293029785,122500,0.0,0.0
2014-02-04 00:00:00-05:00,3.879586313287773,3.8855413020667124,3.8349250332436986,3.864699125289917,205100,0.0,0.0
2014-02-05 00:00:00-05:00,3.864699125289917,3.8706541140688566,3.8498122212415544,3.864699125289917,110100,0.0,0.0
2014-02-06 00:00:00-05:00,3.870653684029217,3.906382760884782,3.8676761899705547,3.900428056716919,124500,0.0,0.0
2014-02-07 00:00:00-05:00,3.9318945292213727,3.9678569452009853,3.9019259921403004,3.925900936126709,161000,0.085,0.0
2014-02-10 00:00:00-05:00,3.9079183746120236,3.9618621247722996,3.9019247833740973,3.9468777179718018,167200,0.0,0.0
2014-02-11 00:00:00-05:00,3.9678568422270413,3.985838192652133,3.949875777605818,3.9828412532806396,176900,0.0,0.0
2014-02-12 00:00:00-05:00,3.982842618022875,4.009814510000641,3.961864606841931,4.000823974609375,254200,0.0,0.0
2014-02-13 00:00:00-05:00,4.006815666997933,4.024797015046134,3.9888346047535634,4.015806198120117,176800,0.0,0.0
2014-02-14 00:00:00-05:00,4.030790052826854,4.045774459838867,4.018802584378001,4.045774459838867,216500,0.0,0.0
2014-02-18 00:00:00-05:00,4.036786079406738,4.060761029070302,4.009814189584243,4.036786079406738,288000,0.0,0.0
2014-02-19 00:00:00-05:00,4.042779390419802,4.0697512783508865,4.033788856377415,4.051770210266113,292100,0.0,0.0
2014-02-20 00:00:00-05:00,4.051770210266113,4.06375768425727,4.024798322335028,4.051770210266113,236400,0.0,0.0
2014-02-21 00:00:00-05:00,4.060762114923148,4.102718145151506,4.054768233002513,4.090730667114258,213900,0.0,0.0
2014-02-24 00:00:00-05:00,4.093726580400629,4.141676480512458,4.093726580400629,4.117701530456543,307800,0.0,0.0
2014-02-25 00:00:00-05:00,4.120699594045727,4.150668432687671,4.093727696428783,4.135684013366699,287500,0.0,0.0
2014-02-26 00:00:00-05:00,4.1386769172162685,4.150664383818768,4.102714231605023,4.123692512512207,174600,0.0,0.0
2014-02-27 00:00:00-05:00,4.111705514726659,4.1566584481606315,4.111705514726659,4.141674041748047,145400,0.0,0.0
2014-02-28 00:00:00-05:00,4.147671989785104,4.16565306648652,4.105715667808367,4.132687568664551,152900,0.0,0.0
2014-03-03 00:00:00-05:00,4.132684585948869,4.135681525170788,4.060759759445968,4.072747230529785,243100,0.0,0.0
2014-03-04 00:00:00-05:00,4.099718839029938,4.132684310865192,4.08473442972161,4.102715492248535,188700,0.0,0.0
2014-03-05 00:00:00-05:00,4.111708090813877,4.171645468212688,4.111708090813877,4.1536641120910645,243600,0.0,0.0
2014-03-06 00:00:00-05:00,4.16265344619751,4.1866283885934354,4.153662628446145,4.16265344619751,225400,0.0,0.0
2014-03-07 00:00:00-05:00,4.19129758981233,4.206374257774092,4.112899434025514,4.152098655700684,160200,0.085,0.0
2014-03-10 00:00:00-04:00,4.130990168808087,4.179235264127229,4.130990168808087,4.170189380645752,137300,0.0,0.0
2014-03-11 00:00:00-04:00,4.1671773989554595,4.173208184585126,4.076717915019957,4.0827484130859375,311700,0.0,0.0
2014-03-12 00:00:00-04:00,4.094807402106593,4.1189299559799295,4.049577685484967,4.1008381843566895,171400,0.0,0.0
2014-03-13 00:00:00-04:00,4.109882250456023,4.130989403858801,4.052590994700769,4.091790199279785,280400,0.0,0.0
2014-03-14 00:00:00-04:00,4.106870627198044,4.112901412308934,4.070686779223696,4.085763454437256,176000,0.0,0.0
2014-03-17 00:00:00-04:00,4.1068687129782555,4.137022049350846,4.088776941205523,4.121945381164551,292200,0.0,0.0
2014-03-18 00:00:00-04:00,4.137023949969423,4.170192405166599,4.137023949969423,4.158131122589111,258000,0.0,0.0
2014-03-19 00:00:00-04:00,4.176220601543446,4.188281876644569,4.137021385573926,4.149082660675049,224900,0.0,0.0
2014-03-20 00:00:00-04:00,4.143055996875021,4.164163464952031,4.127979316123948,4.1611480712890625,159900,0.0,0.0
2014-03-21 00:00:00-04:00,4.152100449394021,4.176223013528295,4.10687042596952,4.112901210784912,160800,0.0,0.0
2014-03-24 00:00:00-04:00,4.1370231398134925,4.14305363613945,4.076716738735897,4.088778018951416,145500,0.0,0.0
2014-03-25 00:00:00-04:00,4.118931110988049,4.118931110988049,4.046563429075087,4.07370138168335,212900,0.0,0.0
2014-03-26 00:00:00-04:00,4.091793510817095,4.097824295277759,4.061640451204665,4.070686340332031,177300,0.0,0.0
2014-03-27 00:00:00-04:00,4.082746473478433,4.082746473478433,4.055608526164846,4.061639308929443,151400,0.0,0.0
2014-03-28 00:00:00-04:00,4.067670695998524,4.073701480085417,4.034502246211454,4.064655303955078,169300,0.0,0.0
2014-03-31 00:00:00-04:00,4.085762760695589,4.085762760695589,4.058624807431798,4.064655303955078,133000,0.0,0.0
2014-04-01 00:00:00-04:00,4.100840533616833,4.176223629546821,4.100840533616833,4.173208236694336,287300,0.0,0.0
2014-04-02 00:00:00-04:00,4.212405868199775,4.275727656038268,4.161145359589396,4.257635593414307,449300,0.0,0.0
2014-04-03 00:00:00-04:00,4.254619692665046,4.296834308694394,4.224466641984265,4.236527919769287,313500,0.0,0.0
2014-04-04 00:00:00-04:00,4.266683285819452,4.2757294647399,4.203361471194824,4.218438148498535,329100,0.0,0.0
2014-04-07 00:00:00-04:00,4.221453267967533,4.221453267967533,4.1551160646673555,4.191299915313721,256800,0.0,0.0
2014-04-08 00:00:00-04:00,4.206484496060809,4.206484496060809,4.130555175118538,4.176112651824951,294900,0.1,0.0
2014-04-09 00:00:00-04:00,4.182188056544445,4.209522374792975,4.160927645043451,4.185225009918213,377600,0.0,0.0
2014-04-10 00:00:00-04:00,4.170039037016954,4.197373644601934,4.139667476092758,4.148778915405273,191500,0.0,0.0
2014-04-11 00:00:00-04:00,4.1578903547177894,4.176113522990254,4.133592990119459,4.148778915405273,184100,0.0,0.0
2014-04-14 00:00:00-04:00,4.160927772521973,4.1761136984458105,4.1305562103217435,4.160927772521973,243500,0.0,0.0
2014-04-15 00:00:00-04:00,4.173076420029481,4.185225102736291,4.133593128820491,4.170039176940918,334100,0.0,0.0
2014-04-16 00:00:00-04:00,4.179150124240237,4.252042206842157,4.176112881719976,4.22470760345459,388300,0.0,0.0
2014-04-17 00:00:00-04:00,4.206485095834222,4.227745216042232,4.188261928764919,4.194336414337158,190600,0.0,0.0
2014-04-21 00:00:00-04:00,4.191298127510574,4.209521000393198,4.148777608038882,4.167000770568848,375600,0.0,0.0
2014-04-22 00:00:00-04:00,4.157891764105179,4.191300868988037,4.1518175657203615,4.191300868988037,220100,0.0,0.0
2014-04-23 00:00:00-04:00,4.200409590951779,4.230781432147835,4.200409590951779,4.212558269500732,221100,0.0,0.0
2014-04-24 00:00:00-04:00,4.224704478018926,4.242927630011615,4.20648161567341,4.227741718292236,199100,0.0,0.0
2014-04-25 00:00:00-04:00,4.22774419009876,4.233818384549566,4.194335396500973,4.212558269500732,149200,0.0,0.0
2014-04-28 00:00:00-04:00,4.233818384549566,4.249004305147594,4.212558269500732,4.212558269500732,174500,0.0,0.0
2014-04-29 00:00:00-04:00,4.233819161310724,4.242930889129639,4.212559042361386,4.242930889129639,146300,0.0,0.0
2014-04-30 00:00:00-04:00,4.2429324175342895,4.2763412292960945,4.230783732380224,4.273303985595703,197000,0.0,0.0
2014-05-01 00:00:00-04:00,4.273301039166241,4.291524199156271,4.264189603994877,4.288486957550049,167800,0.0,0.0
2014-05-02 00:00:00-04:00,4.297601278893146,4.300638522539112,4.239895097857273,4.245969295501709,169100,0.0,0.0
2014-05-05 00:00:00-04:00,4.264192677528946,4.267229921324345,4.236858062665378,4.249006748199463,219500,0.0,0.0
2014-05-06 00:00:00-04:00,4.270265157432454,4.312785391986887,4.239893313052966,4.306711196899414,209900,0.0,0.0
2014-05-07 00:00:00-04:00,4.309748768099892,4.327971935272217,4.276339966205948,4.327971935272217,231800,0.0,0.0
2014-05-08 00:00:00-04:00,4.346322587088748,4.358557121727579,4.3126776897555406,4.337146759033203,140700,0.1,0.0
2014-05-09 00:00:00-04:00,4.324912224394372,4.340205173922175,4.29126703536685,4.337146759033203,228200,0.0,0.0
2014-05-12 00:00:00-04:00,4.324912821538074,4.337147357866137,4.3035021641932,4.321854114532471,183500,0.0,0.0
2014-05-13 00:00:00-04:00,4.3432650822753605,4.376910280612419,4.31267888306232,4.370792865753174,325300,0.0,0.0
2014-05-14 00:00:00-04:00,4.37385368347168,4.376912392377062,4.355501721733918,4.37385368347168,165900,0.0,0.0
2014-05-15 00:00:00-04:00,4.386088214901691,4.401381467690495,4.334091330436477,4.346325874328613,265700,0.0,0.0
2014-05-16 00:00:00-04:00,4.337150039333145,4.361619127117418,4.312680951548872,4.346325874328613,321000,0.0,0.0
2014-05-19 00:00:00-04:00,4.370793271066393,4.379969102511761,4.349382900462396,4.37691068649292,223100,0.0,0.0
2014-05-20 00:00:00-04:00,4.389144210183989,4.389144210183989,4.318795407526866,4.321854114532471,185500,0.0,0.0
2014-05-21 00:00:00-04:00,4.3126774371403,4.352439453616703,4.303501317927932,4.343263626098633,272300,0.0,0.0
2014-05-22 00:00:00-04:00,4.361619293965633,4.419733306752725,4.34938474960548,4.413616180419922,295200,0.0,0.0
2014-05-23 00:00:00-04:00,4.410555434000308,4.471728127543045,4.3585585715653785,4.404438018798828,260800,0.0,0.0
2014-05-27 00:00:00-04:00,4.404438881241433,4.404438881241433,4.383028507232666,4.383028507232666,234700,0.0,0.0
2014-05-28 00:00:00-04:00,4.395262187691021,4.428907096215923,4.373851817874666,4.404438018798828,145200,0.0,0.0
2014-05-29 00:00:00-04:00,4.410556808757791,4.438084602355957,4.404439391649531,4.438084602355957,266100,0.0,0.0
2014-05-30 00:00:00-04:00,4.4472604363238455,4.456436270291733,4.410556808757791,4.438084602355957,262800,0.0,0.0
2014-06-02 00:00:00-04:00,4.438080583072876,4.438080583072876,4.407494108620775,4.435021877288818,207800,0.0,0.0
2014-06-03 00:00:00-04:00,4.419730937140613,4.4289067675675255,4.404437691966166,4.416672229766846,195100,0.0,0.0
2014-06-04 00:00:00-04:00,4.4197301053359865,4.438082054430317,4.334088356849227,4.361616134643555,401300,0.0,0.0
2014-06-05 00:00:00-04:00,4.386086510249814,4.450317913643639,4.364676139683346,4.4411420822143555,267400,0.0,0.0
2014-06-06 00:00:00-04:00,4.450316378309812,4.459492206573486,4.435023136740807,4.459492206573486,203800,0.0,0.0
2014-06-09 00:00:00-04:00,4.474890416472423,4.502608298626455,4.4594915604192105,4.493369102478027,201400,0.1,0.0
2014-06-10 00:00:00-04:00,4.4964493483591905,5.112401297794215,4.490289687884627,4.499528884887695,218500,0.0,0.0
2014-06-11 00:00:00-04:00,4.51185084011437,4.514930672350323,4.481053398881744,4.5026116371154785,187300,0.0,0.0
2014-06-12 00:00:00-04:00,4.524165209033007,4.53648423156176,4.468729754507951,4.5087666511535645,205000,0.0,0.0
2014-06-13 00:00:00-04:00,4.514925953290696,4.527244975649537,4.487208079556139,4.5056867599487305,177100,0.0,0.0
2014-06-16 00:00:00-04:00,4.5056868220942095,4.514926015563608,4.4902879705061025,4.5087666511535645,140600,0.0,0.0
2014-06-17 00:00:00-04:00,4.601159729619195,4.601159729619195,4.474889660004226,4.539564609527588,212600,0.0,0.0
2014-06-18 00:00:00-04:00,4.53340839085443,4.5796046895592095,4.52724872771571,4.5734453201293945,173400,0.0,0.0
2014-06-19 00:00:00-04:00,4.579604633921071,4.60424269875881,4.533408335777534,4.561126232147217,151200,0.0,0.0
2014-06-20 00:00:00-04:00,4.567284284554519,4.604241371154785,4.567284284554519,4.604241371154785,162300,0.0,0.0
2014-06-23 00:00:00-04:00,4.601161602558881,4.631959321995493,4.567284346145663,4.598082065582275,177700,0.0,0.0
2014-06-24 00:00:00-04:00,4.591921797864545,4.598081458422035,4.511847972869873,4.511847972869873,226600,0.0,0.0
2014-06-25 00:00:00-04:00,4.533407207682716,4.55804526638951,4.518008347563762,4.551885604858398,172100,0.0,0.0
2014-06-26 00:00:00-04:00,4.551886364559346,4.613481521606445,4.5426471644295,4.613481521606445,160100,0.0,0.0
2014-06-27 00:00:00-04:00,4.59192483755432,4.613483076358752,4.582685634310845,4.610403537750244,154400,0.0,0.0
2014-06-30 00:00:00-04:00,4.610400854521339,4.641198278645308,4.530327023123174,4.558044910430908,283900,0.0,0.0
2014-07-01 00:00:00-04:00,4.542645932089968,4.582682846736494,4.530326904022482,4.533406734466553,192400,0.0,0.0
2014-07-02 00:00:00-04:00,4.548805830865213,4.598081945712127,4.533406971548349,4.582683086395264,196000,0.0,0.0
2014-07-03 00:00:00-04:00,4.5919225794142156,4.647358359031717,4.573444182014269,4.635039329528809,120600,0.0,0.0
2014-07-07 00:00:00-04:00,4.619639579367064,4.659676490966631,4.613479918947696,4.64735746383667,174400,0.0,0.0
2014-07-08 00:00:00-04:00,4.659759206977662,4.659759206977662,4.569850356926028,4.585351943969727,187100,0.1,0.0
2014-07-09 00:00:00-04:00,4.579150924512015,4.603953342470432,4.572950172188338,4.600852966308594,163800,0.0,0.0
2014-07-10 00:00:00-04:00,4.600857562192612,4.613258783559636,4.529550317580893,4.554352760314941,236700,0.0,0.0
2014-07-11 00:00:00-04:00,4.532648927668941,4.58535417182414,4.532648927668941,4.545050144195557,267600,0.0,0.0
2014-07-14 00:00:00-04:00,4.535747051239014,4.582251516181847,4.526446217384082,4.535747051239014,168300,0.0,0.0
2014-07-15 00:00:00-04:00,4.5574513607221725,4.566752199200054,4.507846494615708,4.545050144195557,224200,0.0,0.0
2014-07-16 00:00:00-04:00,4.54194853687516,4.572951717634898,4.510945651783667,4.517146110534668,154600,0.0,0.0
2014-07-17 00:00:00-04:00,4.529546863916655,4.551249206512793,4.495443605077315,4.5202460289001465,197700,0.0,0.0
2014-07-18 00:00:00-04:00,4.498542747327249,4.526445540386943,4.476840410687413,4.492341995239258,211200,0.0,0.0
2014-07-21 00:00:00-04:00,4.507844216795318,4.535747013797961,4.501643759499273,4.52954626083374,125000,0.0,0.0
2014-07-22 00:00:00-04:00,4.532647776280147,4.588453384308272,4.532647776280147,4.572951793670654,176700,0.0,0.0
2014-07-23 00:00:00-04:00,4.588451633866709,4.610153675079346,4.572950049142768,4.610153675079346,150600,0.0,0.0
2014-07-24 00:00:00-04:00,4.597751739758,4.607052570855113,4.588450908660889,4.588450908660889,103100,0.0,0.0
2014-07-25 00:00:00-04:00,4.600851973214247,4.600851973214247,4.563648354307026,4.594651222229004,127000,0.0,0.0
2014-07-28 00:00:00-04:00,4.59465384316237,4.600854597684717,4.566751039148307,4.572951793670654,179100,0.0,0.0
2014-07-29 00:00:00-04:00,4.582253871493273,4.60395622253418,4.576053410958963,4.60395622253418,148200,0.0,0.0
2014-07-30 00:00:00-04:00,4.591551852421291,4.6132538928893885,4.501643018908723,4.5047430992126465,408300,0.0,0.0
2014-07-31 00:00:00-04:00,4.470642226974645,4.498545034219081,4.321827353560413,4.34352970123291,740800,0.0,0.0
2014-08-01 00:00:00-04:00,4.362129479111471,4.374530688532009,4.3218254745776825,4.346628189086914,246400,0.0,0.0
2014-08-04 00:00:00-04:00,4.34663050415605,4.3652321803602625,4.312526938334472,4.334228992462158,223300,0.0,0.0
2014-08-05 00:00:00-04:00,4.340428582226199,4.383832974489025,4.151310014726907,4.244318962097168,606400,0.0,0.0
2014-08-06 00:00:00-04:00,4.253619974301867,4.33112762538632,4.210215583254013,4.328027248382568,278900,0.0,0.0
2014-08-07 00:00:00-04:00,4.31562775242205,4.424138625363884,4.31562775242205,4.405536651611328,221500,0.0,0.0
2014-08-08 00:00:00-04:00,4.386800393773123,4.458612640659448,4.355577496488172,4.455490589141846,168300,0.1,0.0
2014-08-11 00:00:00-04:00,4.4679806421189046,4.539792904332357,4.452369190144426,4.474225044250488,212000,0.0,0.0
2014-08-12 00:00:00-04:00,4.492956675791035,4.496078726466839,4.449244690930876,4.4867119789123535,192900,0.0,0.0
2014-08-13 00:00:00-04:00,4.471104697910996,4.496082913158022,4.433637375040457,4.443004131317139,205100,0.0,0.0
2014-08-14 00:00:00-04:00,4.4742248990770985,4.549159508806809,4.467980497148124,4.533548355102539,180300,0.0,0.0
2014-08-15 00:00:00-04:00,4.558526796521897,4.574137951041826,4.499203337396896,4.542915344238281,181800,0.0,0.0
2014-08-18 00:00:00-04:00,4.527303891954666,4.574137951041826,4.527303891954666,4.542915344238281,227500,0.0,0.0
2014-08-19 00:00:00-04:00,4.539793445192143,4.5866275089315955,4.536671094872522,4.56477165222168,163900,0.0,0.0
2014-08-20 00:00:00-04:00,4.555405347228056,4.599117064948636,4.539793891857672,4.586627960205078,214900,0.0,0.0
2014-08-21 00:00:00-04:00,4.5710168025984395,4.6209732215726715,4.5710168025984395,4.586627960205078,293800,0.0,0.0
2014-08-22 00:00:00-04:00,4.599114360792623,4.614725806983895,4.571014114964617,4.608481407165527,224900,0.0,0.0
2014-08-25 00:00:00-04:00,4.614726742629558,4.630338191986084,4.608482341545125,4.630338191986084,131100,0.0,0.0
2014-08-26 00:00:00-04:00,4.63033839051976,4.658438941013641,4.627216040961852,4.645949840545654,263900,0.0,0.0
2014-08-27 00:00:00-04:00,4.649072907479348,4.655317309795063,4.62409470268911,4.6365838050842285,165500,0.0,0.0
2014-08-28 00:00:00-04:00,4.602236747741699,4.633459640383118,4.595992347871558,4.602236747741699,197400,0.0,0.0
2014-08-29 00:00:00-04:00,4.599120048314383,4.6303429793088995,4.5959979934260815,4.61160945892334,142400,0.0,0.0
2014-09-02 00:00:00-04:00,4.611603794192268,4.611603794192268,4.574136203917137,4.602236747741699,228200,0.0,0.0
2014-09-03 00:00:00-04:00,4.608484553315065,4.617851308318956,4.577261639617064,4.5928730964660645,147400,0.0,0.0
2014-09-04 00:00:00-04:00,4.6053617452162365,4.6084840958288344,4.561649729931101,4.589750289916992,303300,0.0,0.0
2014-09-05 00:00:00-04:00,4.5678951789167055,4.586628690131463,4.5429169654545,4.558528423309326,278200,0.0,0.0
2014-09-08 00:00:00-04:00,4.564811399773366,4.577386625400137,4.527085423076024,4.5490922927856445,238700,0.1,0.0
2014-09-09 00:00:00-04:00,4.552240443577584,4.564815981643905,4.511371144131358,4.5208024978637695,174900,0.0,0.0
2014-09-10 00:00:00-04:00,4.533377452360026,4.533377452360026,4.508226977436259,4.514514446258545,167400,0.0,0.0
2014-09-11 00:00:00-04:00,4.517656326293945,4.523944092143939,4.50193721148614,4.517656326293945,136500,0.0,0.0
2014-09-12 00:00:00-04:00,4.527087278834254,4.527087278834254,4.489361586489303,4.505080699920654,173600,0.0,0.0
2014-09-15 00:00:00-04:00,4.5145115551357735,4.520799319748645,4.489361096318524,4.4956488609313965,189300,0.0,0.0
2014-09-16 00:00:00-04:00,4.501936817270954,4.514512048052604,4.495649351788704,4.505080699920654,281600,0.0,0.0
2014-09-17 00:00:00-04:00,4.5208001002563725,4.533375331836087,4.505080985827437,4.511368751525879,220900,0.0,0.0
2014-09-18 00:00:00-04:00,4.5208024978637695,4.530233851596181,4.511371144131358,4.5208024978637695,194400,0.0,0.0
2014-09-19 00:00:00-04:00,4.527088377497005,4.571101845822827,4.527088377497005,4.55538272857666,186000,0.0,0.0
2014-09-22 00:00:00-04:00,4.564814378814695,4.580533196243637,4.542807494743172,4.55538272857666,203500,0.0,0.0
2014-09-23 00:00:00-04:00,4.555383012963991,4.567958247582537,4.542807778345445,4.561670780181885,186600,0.0,0.0
2014-09-24 00:00:00-04:00,4.558526611989339,4.564814378814695,4.54595137815585,4.55538272857666,202500,0.0,0.0
2014-09-25 00:00:00-04:00,4.539664735935939,4.549096388510465,4.495651556524011,4.530233383178711,212700,0.0,0.0
2014-09-26 00:00:00-04:00,4.501938906967909,4.505082791076928,4.476788433730333,4.489363670349121,195700,0.0,0.0
2014-09-29 00:00:00-04:00,4.454781237114504,4.4736439395617795,4.423342999946043,4.439062118530273,247100,0.0,0.0
2014-09-30 00:00:00-04:00,4.423341777865741,4.464211354966398,4.417054312059499,4.457923889160156,222600,0.0,0.0
2014-10-01 00:00:00-04:00,4.439063379411905,4.523946463986782,4.439063379411905,4.473645210266113,283400,0.0,0.0
2014-10-02 00:00:00-04:00,4.451637245753212,4.457925012961709,4.417055425558208,4.432774543762207,167000,0.0,0.0
2014-10-03 00:00:00-04:00,4.423342086744777,4.48621854810082,4.420198503530725,4.48307466506958,168200,0.0,0.0
2014-10-06 00:00:00-04:00,4.483075984836649,4.483075984836649,4.442206392850549,4.4516377449035645,154400,0.0,0.0
2014-10-07 00:00:00-04:00,4.4453048017870245,4.4832988237912295,4.419975453784221,4.480132579803467,176900,0.1,0.0
2014-10-08 00:00:00-04:00,4.4516364036461695,4.464301075126617,4.432639245450705,4.445303916931152,232200,0.0,0.0
2014-10-09 00:00:00-04:00,4.473799769463638,4.480131954605866,4.435805752761457,4.438971996307373,212100,0.0,0.0
2014-10-10 00:00:00-04:00,4.451640050568264,4.457972240521221,4.321826684109547,4.347156047821045,327500,0.0,0.0
2014-10-13 00:00:00-04:00,4.312326316289799,4.366151265550697,4.188845497053086,4.1983442306518555,457100,0.0,0.0
2014-10-14 00:00:00-04:00,4.204676745864433,4.242670777375139,4.1635164695737386,4.217341423034668,324400,0.0,0.0
2014-10-15 00:00:00-04:00,4.1856790952580765,4.1856790952580765,3.960880891228075,4.176180362701416,910100,0.0,0.0
2014-10-16 00:00:00-04:00,4.122354900981154,4.2268385227157355,4.093859312880885,4.188844203948975,513000,0.0,0.0
2014-10-17 00:00:00-04:00,4.217338233805166,4.362982062099163,4.217338233805166,4.334486484527588,251600,0.0,0.0
2014-10-20 00:00:00-04:00,4.33765474323644,4.369316577911377,4.305993210511137,4.369316577911377,212300,0.0,0.0
2014-10-21 00:00:00-04:00,4.375648586472859,4.445304438767037,4.369316400964091,4.442138195037842,288400,0.0,0.0
2014-10-22 00:00:00-04:00,4.448470424995517,4.480131954605866,4.413642349889649,4.438971996307373,200200,0.0,0.0
2014-10-23 00:00:00-04:00,4.470633893460556,4.495963240011069,4.432639873634784,4.476966381072998,203900,0.0,0.0
2014-10-24 00:00:00-04:00,4.483301229886774,4.502298402059091,4.457971868290223,4.49913215637207,104100,0.0,0.0
2014-10-27 00:00:00-04:00,4.483298410972785,4.524458673174749,4.45480282160607,4.518126487731934,160900,0.0,0.0
2014-10-28 00:00:00-04:00,4.521295185016234,4.546624546123903,4.492799578282655,4.533959865570068,166500,0.0,0.0
2014-10-29 00:00:00-04:00,4.546622019492426,4.571951366524166,4.518126730543942,4.543456077575684,142300,0.0,0.0
2014-10-30 00:00:00-04:00,4.543454940558526,4.575116465449966,4.537122454410502,4.56561803817749,119100,0.0,0.0
2014-10-31 00:00:00-04:00,4.5909450701398775,4.625772820590877,4.565615742184714,4.581446647644043,176100,0.0,0.0
2014-11-03 00:00:00-05:00,4.578283599119539,4.61627761754983,4.57511735542961,4.600446701049805,121400,0.0,0.0
2014-11-04 00:00:00-05:00,4.597282572991962,4.613113193787737,4.57511916036835,4.606781005859375,118100,0.0,0.0
2014-11-05 00:00:00-05:00,4.6099454321195905,4.622610104929687,4.590948271929636,4.600446701049805,160900,0.0,0.0
2014-11-06 00:00:00-05:00,4.692902106176078,4.692902106176078,4.555813159083069,4.610011100769043,156500,0.1,0.0
2014-11-07 00:00:00-05:00,4.584506710019948,4.619575844938124,4.559001829344517,4.590882778167725,198000,0.0,0.0
2014-11-10 00:00:00-05:00,4.616388527091625,4.616388527091625,4.546250244063692,4.578131198883057,170700,0.0,0.0
2014-11-11 00:00:00-05:00,4.616386828481196,4.645079890090496,4.562189194826201,4.6387038230896,137200,0.0,0.0
2014-11-12 00:00:00-05:00,4.603635048446582,4.670585433756971,4.587694726644895,4.664209365844727,253300,0.0,0.0
2014-11-13 00:00:00-05:00,4.667395544525398,4.667395544525398,4.610009437784367,4.651454925537109,151200,0.0,0.0
2014-11-14 00:00:00-05:00,4.651457284453268,4.661021539079801,4.610011775682063,4.616387844085693,155800,0.0,0.0
2014-11-17 00:00:00-05:00,4.613200294108589,4.6227645494238585,4.578130851215611,4.606823921203613,180200,0.0,0.0
2014-11-18 00:00:00-05:00,4.587693407932459,4.638703152736485,4.587693407932459,4.613198280334473,192200,0.0,0.0
2014-11-19 00:00:00-05:00,4.581318471216473,4.613199723715045,4.581318471216473,4.594070911407471,164700,0.0,0.0
2014-11-20 00:00:00-05:00,4.565378409447853,4.613200294108589,4.565378409447853,4.606823921203613,140300,0.0,0.0
2014-11-21 00:00:00-05:00,4.641890477928055,4.641890477928055,4.606821056840042,4.625949859619141,156300,0.0,0.0
2014-11-24 00:00:00-05:00,4.670583811728389,4.670583811728389,4.597257383971001,4.619574069976807,165700,0.0,0.0
2014-11-25 00:00:00-05:00,4.638705360277607,4.648269615969436,4.590883473734044,4.632328987121582,186900,0.0,0.0
2014-11-26 00:00:00-05:00,4.635516657380932,4.6578333528568985,4.594071148609727,4.616387844085693,138200,0.0,0.0
2014-11-28 00:00:00-05:00,4.6227622548467915,4.645078940852598,4.603633449668926,4.619574069976807,69000,0.0,0.0
2014-12-01 00:00:00-05:00,4.613198949282449,4.625951387332653,4.574941635131836,4.574941635131836,122600,0.0,0.0
2014-12-02 00:00:00-05:00,4.5845057922859205,4.60682248239899,4.539872108017683,4.562189102172852,169200,0.0,0.0
2014-12-03 00:00:00-05:00,4.55899943911441,4.571751872766173,4.536682452192323,4.5462470054626465,137800,0.0,0.0
2014-12-04 00:00:00-05:00,4.552625457154579,4.590882778167725,4.536684830721895,4.590882778167725,115200,0.0,0.0
2014-12-05 00:00:00-05:00,4.565378756146867,4.600448201703051,4.546250244063692,4.578131198883057,160900,0.0,0.0
2014-12-08 00:00:00-05:00,4.5813404741102035,4.600603121126959,4.52355192071143,4.55886697769165,122700,0.1,0.0
2014-12-09 00:00:00-05:00,4.5492332723950755,4.5492332723950755,4.433656532282928,4.481813430786133,270400,0.0,0.0
2014-12-10 00:00:00-05:00,4.4497082958231,4.472181778799476,4.369446600187353,4.385499000549316,216500,0.0,0.0
2014-12-11 00:00:00-05:00,4.372661084347871,4.459343940760455,4.372661084347871,4.420818328857422,158200,0.0,0.0
2014-12-12 00:00:00-05:00,4.404764335335195,4.420816744418462,4.366238737239896,4.382290840148926,245600,0.0,0.0
2014-12-15 00:00:00-05:00,4.411186929639804,4.411186929639804,4.314872741699219,4.314872741699219,208300,0.0,0.0
2014-12-16 00:00:00-05:00,4.289187104698672,4.3341337875328465,4.244240728038727,4.318081378936768,238000,0.0,0.0
2014-12-17 00:00:00-05:00,4.30524044219859,4.3758708715561045,4.282767249019774,4.3630290031433105,162500,0.0,0.0
2014-12-18 00:00:00-05:00,4.401553463714599,4.443289601745861,4.363027868495175,4.4079742431640625,229800,0.0,0.0
2014-12-19 00:00:00-05:00,4.424025698218627,4.472182911501644,4.401552515724376,4.459341049194336,175200,0.0,0.0
2014-12-22 00:00:00-05:00,4.475396049033592,4.497869552272501,4.40797615166556,4.41760778427124,167400,0.0,0.0
2014-12-23 00:00:00-05:00,4.443289901632156,4.485026042480271,4.379080571932836,4.462552547454834,151300,0.0,0.0
2014-12-24 00:00:00-05:00,4.462555838018369,4.533186305855664,4.459345598796939,4.51071310043335,118100,0.0,0.0
2014-12-26 00:00:00-05:00,4.526762463938974,4.587761254391037,4.513920597203052,4.55886697769165,184100,0.0,0.0
2014-12-29 00:00:00-05:00,4.575033308168204,4.575033308168204,4.5006689551673285,4.5168352127075195,165600,0.1,0.0
2014-12-30 00:00:00-05:00,4.490970045936997,4.507135997730264,4.432771632774786,4.448937892913818,220700,0.0,0.0
2014-12-31 00:00:00-05:00,4.432769288794977,4.48126773522108,4.432769288794977,4.4715681076049805,128800,0.0,0.0
2015-01-02 00:00:00-05:00,4.474804417890486,4.497437000274658,4.44893852135263,4.497437000274658,129400,0.0,0.0
2015-01-05 00:00:00-05:00,4.494203051288191,4.510369311427223,4.423072000029673,4.448937892913818,147500,0.0,0.0
2015-01-06 00:00:00-05:00,4.468334123952525,4.500666622273549,4.42306899631776,4.461867809295654,198400,0.0,0.0
2015-01-07 00:00:00-05:00,4.455401142711929,4.47803401465348,4.413369018643966,4.426301956176758,283300,0.0,0.0
2015-01-08 00:00:00-05:00,4.439237921875412,4.5136025946749845,4.436004916546028,4.487736701965332,110600,0.0,0.0
2015-01-09 00:00:00-05:00,4.468336080195678,4.494201966838393,4.436003876065132,4.445703506469727,141300,0.0,0.0
2015-01-12 00:00:00-05:00,4.471569393112441,4.471569393112441,4.419837619827012,4.445703506469727,141100,0.0,0.0
2015-01-13 00:00:00-05:00,4.4586363580630755,4.487735557023891,4.429537159102261,4.478035926818848,184600,0.0,0.0
2015-01-14 00:00:00-05:00,4.432770308448665,4.510367963918173,4.432770308448665,4.490968704223633,223200,0.0,0.0
2015-01-15 00:00:00-05:00,4.478034731579449,4.513600238402218,4.448935540385546,4.4715681076049805,165200,0.0,0.0
2015-01-16 00:00:00-05:00,4.432770308448665,4.503901646801884,4.423070678601395,4.490968704223633,155300,0.0,0.0
2015-01-20 00:00:00-05:00,4.471566835613123,4.484499771537526,4.4295347167724355,4.458633899688721,211300,0.0,0.0
2015-01-21 00:00:00-05:00,4.44570341500779,4.490968869874133,4.436003784802746,4.478035926818848,108200,0.0,0.0
2015-01-22 00:00:00-05:00,4.510369793025743,4.578267846182939,4.500670159244943,4.54593563079834,170800,0.0,0.0
2015-01-23 00:00:00-05:00,4.5459358503810465,4.61060059261955,4.529769587734967,4.600900650024414,248400,0.0,0.0
2015-01-26 00:00:00-05:00,4.604133964222792,4.6203002268688715,4.584734695724149,4.600900650024414,195600,0.0,0.0
2015-01-27 00:00:00-05:00,4.591197369552921,4.60736361936014,4.5394656168462735,4.587964057922363,207900,0.0,0.0
2015-01-28 00:00:00-05:00,4.597662605753219,4.6202951636480085,4.575029739512955,4.5847296714782715,110700,0.0,0.0
2015-01-29 00:00:00-05:00,4.581499862967932,4.591199494002269,4.529768086323849,4.571800231933594,156700,0.0,0.0
2015-01-30 00:00:00-05:00,4.5459316103197684,4.5491646131568615,4.510365804002014,4.523298740386963,140500,0.0,0.0
2015-02-02 00:00:00-05:00,4.523298983214125,4.539465231649555,4.478033857609568,4.529765605926514,108600,0.0,0.0
2015-02-03 00:00:00-05:00,4.516833609561304,4.597664560227455,4.516833609561304,4.568565368652344,183600,0.0,0.0
2015-02-04 00:00:00-05:00,4.57179842923724,4.688194880790381,4.57179842923724,4.652629375457764,231400,0.0,0.0
2015-02-05 00:00:00-05:00,4.681728646418416,4.68496195853906,4.646163138128178,4.6720290184021,134100,0.0,0.0
2015-02-06 00:00:00-05:00,4.652496032814008,4.668774947415469,4.606915134028809,4.632961273193359,121600,0.1,0.0
2015-02-09 00:00:00-05:00,4.636216638773562,4.665518619927132,4.606914657619993,4.645984172821045,108200,0.0,0.0
2015-02-10 00:00:00-05:00,4.645984005580148,4.672030141113644,4.623193404117519,4.652495384216309,96000,0.0,0.0
2015-02-11 00:00:00-05:00,4.629706644870803,4.694822005527625,4.629706644870803,4.685054779052734,221500,0.0,0.0
2015-02-12 00:00:00-05:00,4.6720318392768645,4.720868283529352,4.662264302030735,4.707845211029053,232400,0.0,0.0
2015-02-13 00:00:00-05:00,4.720867498395883,4.720867498395883,4.681798287392635,4.694821357727051,143700,0.0,0.0
2015-02-17 00:00:00-05:00,4.665518761346125,4.688309053825515,4.639472624085552,4.662262916564941,224400,0.0,0.0
2015-02-18 00:00:00-05:00,4.6492408872319615,4.763192996090808,4.6492408872319615,4.740402698516846,159000,0.0,0.0
2015-02-19 00:00:00-05:00,4.7371482392659665,4.779473311785231,4.72412516391347,4.769705772399902,114200,0.0,0.0
2015-02-20 00:00:00-05:00,4.769705466178385,4.818542228485816,4.74365931714559,4.7631940841674805,254000,0.0,0.0
2015-02-23 00:00:00-05:00,4.779471059845442,4.8120285776392775,4.759936300773572,4.799005508422852,147000,0.0,0.0
2015-02-24 00:00:00-05:00,4.795746326446533,4.818536914587635,4.772956048799677,4.795746326446533,125000,0.0,0.0
2015-02-25 00:00:00-05:00,4.802259757038583,4.84132895170093,4.802259757038583,4.818538665771484,183600,0.0,0.0
2015-02-26 00:00:00-05:00,4.805517198278295,4.851097785288557,4.785982439206425,4.799005508422852,116600,0.0,0.0
2015-02-27 00:00:00-05:00,4.779469342675478,4.812026848772038,4.740400149062997,4.750167369842529,150700,0.0,0.0
2015-03-02 00:00:00-05:00,4.720867464274461,4.753425295122424,4.701332703666785,4.730634689331055,212700,0.0,0.0
2015-03-03 00:00:00-05:00,4.7306365393776195,4.785984687167892,4.714357617587313,4.779473304748535,141700,0.0,0.0
2015-03-04 00:00:00-05:00,4.763189460285726,4.847839517715282,4.746910555319382,4.8348164558410645,218100,0.0,0.0
2015-03-05 00:00:00-05:00,4.84132719223449,4.844583034896683,4.789234951616394,4.795746326446533,154500,0.0,0.0
2015-03-06 00:00:00-05:00,4.769701662965558,4.799003634886612,4.701330498647881,4.72412109375,178000,0.0,0.0
2015-03-09 00:00:00-04:00,4.707730347431227,4.737235671925746,4.691338778400172,4.701173782348633,210600,0.1,0.0
2015-03-10 00:00:00-04:00,4.668388487052426,4.704450677444839,4.612656295217821,4.694615364074707,241400,0.0,0.0
2015-03-11 00:00:00-04:00,4.6815044892918465,4.688061368462673,4.642164152214511,4.6716694831848145,143400,0.0,0.0
2015-03-12 00:00:00-04:00,4.661835662866879,4.704454450370184,4.638886892580922,4.6815056800842285,184500,0.0,0.0
2015-03-13 00:00:00-04:00,4.684783222207455,4.704453548302352,4.651999449599034,4.674948215484619,200900,0.0,0.0
2015-03-16 00:00:00-04:00,4.697895343482767,4.717565664028825,4.6847819006684395,4.701173782348633,216500,0.0,0.0
2015-03-17 00:00:00-04:00,4.697895103871718,4.714286984715861,4.671668219580739,4.691338539123535,136200,0.0,0.0
2015-03-18 00:00:00-04:00,4.674946772560587,4.753627427356911,4.668389895002996,4.7372355461120605,149100,0.0,0.0
2015-03-19 00:00:00-04:00,4.733958777457191,4.740515657328028,4.717567203078582,4.727402210235596,90100,0.0,0.0
2015-03-20 00:00:00-04:00,4.7306793292578915,4.770019659550473,4.7306793292578915,4.753627777099609,154400,0.0,0.0
2015-03-23 00:00:00-04:00,4.75362748160195,4.770019363033853,4.730679035186768,4.730679035186768,110200,0.0,0.0
2015-03-24 00:00:00-04:00,4.724121685352775,4.760183883428175,4.704451679719923,4.7503485679626465,162200,0.0,0.0
2015-03-25 00:00:00-04:00,4.7274008515742,4.74707086023504,4.678225517272949,4.678225517272949,198500,0.0,0.0
2015-03-26 00:00:00-04:00,4.6716710410160855,4.6716710410160855,4.596268781302934,4.599546909332275,387400,0.0,0.0
2015-03-27 00:00:00-04:00,4.58970696691053,4.658552583920147,4.58970696691053,4.645439147949219,123100,0.0,0.0
2015-03-30 00:00:00-04:00,4.668389079116849,4.684780957496919,4.655275638942609,4.6585540771484375,150200,0.0,0.0
2015-03-31 00:00:00-04:00,4.6356041491332665,4.655274146765171,4.606098840036434,4.645439147949219,118600,0.0,0.0
2015-04-01 00:00:00-04:00,4.651997135526115,4.688059329986572,4.612656815554856,4.688059329986572,129300,0.0,0.0
2015-04-02 00:00:00-04:00,4.665111429152471,4.688060187821741,4.635606418261916,4.638884544372559,177300,0.0,0.0
2015-04-06 00:00:00-04:00,4.622493125462673,4.711008786297093,4.606101243782479,4.701173782348633,154900,0.0,0.0
2015-04-07 00:00:00-04:00,4.68150436370032,4.786412239074707,4.671669357857133,4.786412239074707,243300,0.0,0.0
2015-04-08 00:00:00-04:00,4.766603917207251,4.793011985530144,4.750099307362668,4.760002136230469,219200,0.1,0.0
2015-04-09 00:00:00-04:00,4.756703423083999,4.79631507280314,4.746800589355566,4.786412239074707,319100,0.0,0.0
2015-04-10 00:00:00-04:00,4.799614563927298,4.806216660806224,4.773206806022206,4.77650785446167,181200,0.0,0.0
2015-04-13 00:00:00-04:00,4.78971206225732,4.812818773309366,4.7401972766818,4.7434983253479,191100,0.0,0.0
2015-04-14 00:00:00-04:00,4.740198702185555,4.802917386481323,4.726994818355723,4.79961633682251,110200,0.0,0.0
2015-04-15 00:00:00-04:00,4.799616122314421,4.806218221336982,4.769907306323712,4.786412239074707,177900,0.0,0.0
2015-04-16 00:00:00-04:00,4.7864124529926775,4.809519170993528,4.7798103536750505,4.79961633682251,118700,0.0,0.0
2015-04-17 00:00:00-04:00,4.7930121421813965,4.79631287537504,4.753400195805038,4.7930121421813965,90400,0.0,0.0
2015-04-20 00:00:00-04:00,4.80291616212202,4.826022874232508,4.756702423095703,4.756702423095703,143800,0.0,0.0
2015-04-21 00:00:00-04:00,4.779810019689807,4.786412118546117,4.703887771674633,4.72039270401001,201200,0.0,0.0
2015-04-22 00:00:00-04:00,4.733596026997515,4.839227077760578,4.7302949779598285,4.829324245452881,211200,0.0,0.0
2015-04-23 00:00:00-04:00,4.8293257281041235,4.8293257281041235,4.796315857203624,4.802917957305908,148600,0.0,0.0
2015-04-24 00:00:00-04:00,4.779808916259019,4.7996148934502925,4.736896542821028,4.7434983253479,261000,0.0,0.0
2015-04-27 00:00:00-04:00,4.760002525663759,4.7765074516639245,4.7071870143074515,4.723691940307617,171800,0.0,0.0
2015-04-28 00:00:00-04:00,4.736896924412148,4.753401539461559,4.707188113634643,4.740197658538818,137300,0.0,0.0
2015-04-29 00:00:00-04:00,4.740198370968142,4.753402253875364,4.710489870530944,4.72039270401001,112400,0.0,0.0
2015-04-30 00:00:00-04:00,4.7071885575366545,4.723693488947883,4.657673763302969,4.6774797439575195,186300,0.0,0.0
2015-05-01 00:00:00-04:00,4.674179265148557,4.720393015778821,4.674179265148557,4.680781364440918,128700,0.0,0.0
2015-05-04 00:00:00-04:00,4.687379994798599,4.713787744587476,4.6642732924346335,4.670875072479248,140500,0.0,0.0
2015-05-05 00:00:00-04:00,4.66097583018887,4.713791370391846,4.657674780224822,4.713791370391846,197200,0.0,0.0
2015-05-06 00:00:00-04:00,4.703887771674633,4.730295537489076,4.697285672818322,4.72039270401001,148400,0.0,0.0
2015-05-07 00:00:00-04:00,4.720391830521317,4.769906303559602,4.717090781704007,4.756702423095703,187700,0.0,0.0
2015-05-08 00:00:00-04:00,4.77332728360312,4.776651403833286,4.730114671627616,4.740087032318115,131400,0.1,0.0
2015-05-11 00:00:00-04:00,4.7367572771097475,4.746729308931687,4.680248568443463,4.686896800994873,174000,0.0,0.0
2015-05-12 00:00:00-04:00,4.666954797855036,4.740083808149134,4.66030687892212,4.723463535308838,98300,0.0,0.0
2015-05-13 00:00:00-04:00,4.736758659635697,4.7699991980843715,4.723462507657282,4.763350963592529,147800,0.0,0.0
2015-05-14 00:00:00-04:00,4.743406118526895,4.760026068028414,4.700193552411471,4.706841468811035,234500,0.0,0.0
2015-05-15 00:00:00-04:00,4.746731703148094,4.773324012756348,4.710167356688078,4.773324012756348,141200,0.0,0.0
2015-05-18 00:00:00-04:00,4.763351329079265,4.7899436350764955,4.743407258083989,4.779971599578857,161100,0.0,0.0
2015-05-19 00:00:00-04:00,4.779971513967251,4.799915584605319,4.730110703361506,4.783295631408691,151700,0.0,0.0
2015-05-20 00:00:00-04:00,4.773322629508345,4.773322629508345,4.726786259682215,4.746730327606201,105400,0.0,0.0
2015-05-21 00:00:00-04:00,4.750055372689464,4.763351526238418,4.733435101501945,4.7600274085998535,157000,0.0,0.0
2015-05-22 00:00:00-04:00,4.740084431023469,4.7533805876418285,4.730112075805664,4.730112075805664,136200,0.0,0.0
2015-05-26 00:00:00-04:00,4.746729918224069,4.746729918224069,4.686897402607126,4.706841468811035,181800,0.0,0.0
2015-05-27 00:00:00-04:00,4.696871388898143,4.799916513481716,4.696871388898143,4.796592712402344,114500,0.0,0.0
2015-05-28 00:00:00-04:00,4.756703636235508,4.836480558003344,4.756703636235508,4.826508522033691,167300,0.0,0.0
2015-05-29 00:00:00-04:00,4.816534436028954,4.81985855249123,4.769998073577881,4.769998073577881,152500,0.0,0.0
2015-06-01 00:00:00-04:00,4.793267384795282,4.809887654019619,4.760026846346608,4.763350963592529,122300,0.0,0.0
2015-06-02 00:00:00-04:00,4.7832947858490975,4.7832947858490975,4.743406334618894,4.766674518585205,136400,0.0,0.0
2015-06-03 00:00:00-04:00,4.79326784649116,4.816536035443303,4.77664757566593,4.813211917877197,118800,0.0,0.0
2015-06-04 00:00:00-04:00,4.793264913967429,4.836477464873431,4.766672623718367,4.816533088684082,128400,0.0,0.0
2015-06-05 00:00:00-04:00,4.809886455535889,4.829830520031397,4.763349776704385,4.809886455535889,195800,0.0,0.0
2015-06-08 00:00:00-04:00,4.806538402152264,4.826621572620782,4.76971962870634,4.813232898712158,140400,0.1,0.0
2015-06-09 00:00:00-04:00,4.793151049442426,4.803192797050206,4.779762371843306,4.7964982986450195,113700,0.0,0.0
2015-06-10 00:00:00-04:00,4.783107205612702,4.793148628938385,4.719511098935253,4.7529826164245605,169800,0.0,0.0
2015-06-11 00:00:00-04:00,4.769721060420822,4.769721060420822,4.7128190994262695,4.7128190994262695,148800,0.0,0.0
2015-06-12 00:00:00-04:00,4.709473328003566,4.726209260467555,4.669307281616808,4.699431896209717,160400,0.0,0.0
2015-06-15 00:00:00-04:00,4.686041293069948,4.696082720747382,4.652569441863528,4.655916690826416,166600,0.0,0.0
2015-06-16 00:00:00-04:00,4.652571349152819,4.709473328003566,4.652571349152819,4.699431896209717,112000,0.0,0.0
2015-06-17 00:00:00-04:00,4.7061242117999065,4.766373093800468,4.699429714238059,4.73624849319458,162600,0.0,0.0
2015-06-18 00:00:00-04:00,4.709470201925478,4.752983469763829,4.706123273023413,4.732900619506836,302400,0.0,0.0
2015-06-19 00:00:00-04:00,4.722862340595937,4.763028389793154,4.712820908099479,4.739598274230957,84100,0.0,0.0
2015-06-22 00:00:00-04:00,4.749636221650614,4.752983469763829,4.716164698151909,4.732900619506836,111200,0.0,0.0
2015-06-23 00:00:00-04:00,4.736248451129039,4.769720300218565,4.726207024086665,4.749637126922607,94200,0.0,0.0
2015-06-24 00:00:00-04:00,4.73290269807149,4.7462913771931525,4.679347662373549,4.682694911956787,154600,0.0,0.0
2015-06-25 00:00:00-04:00,4.689391956929917,4.702780643320115,4.635837211369129,4.642531394958496,194000,0.0,0.0
2015-06-26 00:00:00-04:00,4.642525198624039,4.642525198624039,4.455083839337487,4.458430767059326,426600,0.0,0.0
2015-06-29 00:00:00-04:00,4.414922250978333,4.4216167520260745,4.270993989777061,4.324548721313477,547600,0.0,0.0
2015-06-30 00:00:00-04:00,4.321198867162451,4.458432863840548,4.321198867162451,4.448391437530518,342900,0.0,0.0
2015-07-01 00:00:00-04:00,4.495254893778636,4.535420944452846,4.468477526662497,4.522032260894775,238400,0.0,0.0
2015-07-02 00:00:00-04:00,4.5320704696732275,4.545459143706676,4.455085673783688,4.481863021850586,299900,0.0,0.0
2015-07-06 00:00:00-04:00,4.438350781838861,4.4684753852105885,4.421614855608874,4.455086708068848,133800,0.0,0.0
2015-07-07 00:00:00-04:00,4.435003195846358,4.518682501428365,4.408225843597013,4.461780548095703,253600,0.0,0.0
2015-07-08 00:00:00-04:00,4.424683519482824,4.461780598163769,4.39433121800568,4.401076316833496,262800,0.1,0.0
2015-07-09 00:00:00-04:00,4.411194156445933,4.438173911646747,4.380841851439002,4.384214401245117,152600,0.0,0.0
2015-07-10 00:00:00-04:00,4.401074141852661,4.434798654453274,4.387584272487644,4.411191463470459,178400,0.0,0.0
2015-07-13 00:00:00-04:00,4.444919577686153,4.444919577686153,4.4010773894918955,4.404449939727783,202900,0.0,0.0
2015-07-14 00:00:00-04:00,4.397706734749687,4.451666275285082,4.397706734749687,4.444921493530273,185300,0.0,0.0
2015-07-15 00:00:00-04:00,4.468527035145363,4.471899585569221,4.424684844507534,4.438174724578857,219400,0.0,0.0
2015-07-16 00:00:00-04:00,4.438173431873281,4.488760708624285,4.438173431873281,4.482015609741211,166100,0.0,0.0
2015-07-17 00:00:00-04:00,4.461779599826952,4.482014570158749,4.451662275473024,4.475269794464111,187300,0.0,0.0
2015-07-20 00:00:00-04:00,4.4584081599618415,4.461780387592585,4.36735125982779,4.377468585968018,155300,0.0,0.0
2015-07-21 00:00:00-04:00,4.3673507033532095,4.39095822350441,4.2931562373225045,4.313391208648682,274900,0.0,0.0
2015-07-22 00:00:00-04:00,4.306648276526544,4.320138155978407,4.191984140373661,4.195356369018555,361900,0.0,0.0
2015-07-23 00:00:00-04:00,4.181866998259757,4.27629648753354,4.1245349232092945,4.151515007019043,779200,0.0,0.0
2015-07-24 00:00:00-04:00,4.141397037412599,4.195356557646127,4.111044726875212,4.124534606933594,394500,0.0,0.0
2015-07-27 00:00:00-04:00,4.090806790468399,4.127903850504595,4.050337182713317,4.121159076690674,236600,0.0,0.0
2015-07-28 00:00:00-04:00,4.100926365420174,4.138023767464882,4.073946612091676,4.117788791656494,589300,0.0,0.0
2015-07-29 00:00:00-04:00,4.097553815848105,4.1481410945570625,4.090809038327995,4.117788791656494,425000,0.0,0.0
2015-07-30 00:00:00-04:00,4.114418231732377,4.1177907829353435,4.084065914154053,4.084065914154053,429300,0.0,0.0
2015-07-31 00:00:00-04:00,4.087436067748507,4.141395568847656,4.087436067748507,4.141395568847656,295800,0.0,0.0
2015-08-03 00:00:00-04:00,4.1784929670713185,4.185237743896714,4.131278242797565,4.141395568847656,384300,0.0,0.0
2015-08-04 00:00:00-04:00,4.154884283650466,4.208843769678564,4.148139508708907,4.1886091232299805,254800,0.0,0.0
2015-08-05 00:00:00-04:00,4.181866839733307,4.215591701998948,4.165004730224609,4.165004730224609,200300,0.0,0.0
2015-08-06 00:00:00-04:00,4.165002702565528,4.175120027670127,4.131277856718241,4.161630153656006,173800,0.0,0.0
2015-08-07 00:00:00-04:00,4.158230440448103,4.171830851798665,4.12423038482666,4.12423038482666,186800,0.1,0.0
2015-08-10 00:00:00-04:00,4.131031440231789,4.1548318426073605,4.056231102056408,4.110631465911865,345900,0.0,0.0
2015-08-11 00:00:00-04:00,4.0902320828663,4.103832176874304,4.022231612826276,4.049431800842285,240900,0.0,0.0
2015-08-12 00:00:00-04:00,4.005228625318671,4.063029065667844,3.9950286429781094,4.059628963470459,318900,0.0,0.0
2015-08-13 00:00:00-04:00,4.066430346102478,4.073230228215903,4.049430154441386,4.063030242919922,128800,0.0,0.0
2015-08-14 00:00:00-04:00,4.066431999415245,4.073231884293339,4.029031821956187,4.049431800842285,235100,0.0,0.0
2015-08-17 00:00:00-04:00,4.035829250093032,4.0528294383174215,4.0154292836250605,4.029029369354248,371700,0.0,0.0
2015-08-18 00:00:00-04:00,4.039231557487146,4.080031836946394,4.018831255631623,4.069831848144531,261400,0.0,0.0
2015-08-19 00:00:00-04:00,4.042631881727322,4.069832069512975,4.029031787834496,4.039231777191162,290700,0.0,0.0
2015-08-20 00:00:00-04:00,4.022228283617421,4.042628569869968,3.981428035363879,4.03242826461792,369600,0.0,0.0
2015-08-21 00:00:00-04:00,4.008629390937927,4.018829374966571,3.9032284751364585,3.913428783416748,318400,0.0,0.0
2015-08-24 00:00:00-04:00,3.65502674762575,3.794427715887493,3.4034249842142317,3.695827007293701,786100,0.0,0.0
2015-08-25 00:00:00-04:00,3.770628807577054,3.831829378066684,3.689028263092041,3.689028263092041,349900,0.0,0.0
2015-08-26 00:00:00-04:00,3.726426279573618,3.7910265922546387,3.712826196680164,3.7910265922546387,359200,0.0,0.0
2015-08-27 00:00:00-04:00,3.808025730787157,3.899826508286977,3.791025550777768,3.882826328277588,331300,0.0,0.0
2015-08-28 00:00:00-04:00,3.8420279879680463,3.9100284173321946,3.8420279879680463,3.8998284339904785,209600,0.0,0.0
2015-08-31 00:00:00-04:00,3.882828943979417,3.896429032298454,3.8556287673413427,3.8658287525177,280200,0.0,0.0
2015-09-01 00:00:00-04:00,3.8352293244006224,3.8522295196374583,3.7910289464855493,3.8148293495178223,350300,0.0,0.0
2015-09-02 00:00:00-04:00,3.8318254045440985,3.852225357385158,3.7808248739386405,3.7876250743865967,301200,0.0,0.0
2015-09-03 00:00:00-04:00,3.804627592013997,3.8556281583435914,3.774027641318198,3.780827522277832,229700,0.0,0.0
2015-09-04 00:00:00-04:00,3.7604301503667865,3.7706301409714644,3.729829854300899,3.750229835510254,185000,0.0,0.0
2015-09-08 00:00:00-04:00,3.7673817786598893,3.8016932204371767,3.750226384989405,3.77081298828125,417900,0.1,0.0
2015-09-09 00:00:00-04:00,3.794831404038667,3.8394358234834236,3.7845377744269384,3.791400194168091,324400,0.0,0.0
2015-09-10 00:00:00-04:00,3.7914022237022116,3.815420051216599,3.7365041452588352,3.743366241455078,366700,0.0,0.0
2015-09-11 00:00:00-04:00,3.743366349838862,3.791402333476808,3.7365042534439366,3.746797561645508,323800,0.0,0.0
2015-09-14 00:00:00-04:00,3.7536605521779496,3.7536605521779496,3.688469148414644,3.712486982345581,302300,0.0,0.0
2015-09-15 00:00:00-04:00,3.719349017877673,3.7914028393390824,3.719349017877673,3.7845404148101807,224400,0.0,0.0
2015-09-16 00:00:00-04:00,3.784538053357446,3.8634542501061144,3.774244750205257,3.8531606197357178,368200,0.0,0.0
2015-09-17 00:00:00-04:00,3.836006484900505,3.9080602850947863,3.8325752736487977,3.8874733448028564,308000,0.0,0.0
2015-09-18 00:00:00-04:00,3.8497313157834556,3.94580294811646,3.8497313157834556,3.9389405250549316,248900,0.0,0.0
2015-09-21 00:00:00-04:00,3.9217864993045595,3.966391283216208,3.918355286568635,3.952666759490967,211000,0.0,0.0
2015-09-22 00:00:00-04:00,3.9320806289268657,3.9389427286089016,3.87032009569592,3.890907049179077,149400,0.0,0.0
2015-09-23 00:00:00-04:00,3.890904617492532,3.925215748896439,3.877180099487305,3.8771800994873047,107100,0.0,0.0
2015-09-24 00:00:00-04:00,3.8531623297403588,3.870318060753064,3.81541998328709,3.8497314453125,298200,0.0,0.0
2015-09-25 00:00:00-04:00,3.8703172925475453,3.8909042311202335,3.829143742620456,3.8360061645507812,263000,0.0,0.0
2015-09-28 00:00:00-04:00,3.842869201703033,3.842869201703033,3.7296418298306437,3.746797561645508,369800,0.0,0.0
2015-09-29 00:00:00-04:00,3.7227774581468096,3.7639509930070023,3.6644482019569944,3.6987593173980713,343700,0.0,0.0
2015-09-30 00:00:00-04:00,3.698760006732812,3.746795969964542,3.698760006732812,3.729640245437622,335300,0.0,0.0
2015-10-01 00:00:00-04:00,3.712485105782879,3.739934138463034,3.6816048622131348,3.6816048622131348,184700,0.0,0.0
2015-10-02 00:00:00-04:00,3.647294350737497,3.6713121765829437,3.619845313423176,3.654156446456909,307500,0.0,0.0
2015-10-05 00:00:00-04:00,3.6747427676522366,3.712485105782879,3.661018251312159,3.6816048622131348,411400,0.0,0.0
2015-10-06 00:00:00-04:00,3.674743561277523,3.784539715710546,3.674743561277523,3.76052188873291,254100,0.0,0.0
2015-10-07 00:00:00-04:00,3.7743728162528996,3.8297767332560384,3.76398472629106,3.8159258365631104,286800,0.1,0.0
2015-10-08 00:00:00-04:00,3.7916859682135344,3.864403247833252,3.7916859682135344,3.864403247833252,232200,0.0,0.0
2015-10-09 00:00:00-04:00,3.854015696470101,3.919807372803499,3.854015696470101,3.912882089614868,241200,0.0,0.0
2015-10-12 00:00:00-04:00,3.9198083987020405,3.94751019916957,3.916345921317232,3.937122106552124,285900,0.0,0.0
2015-10-13 00:00:00-04:00,3.919805903761431,3.9475076865968877,3.8921041209259744,3.8990297317504883,202900,0.0,0.0
2015-10-14 00:00:00-04:00,3.9094187412207195,3.9128815474509446,3.878254145611449,3.8851797580718994,131100,0.0,0.0
2015-10-15 00:00:00-04:00,3.916343961434062,3.9371201362717887,3.89556745636499,3.930194854736328,373900,0.0,0.0
2015-10-16 00:00:00-04:00,3.916343362368257,3.9682841217487694,3.912880557014544,3.947507619857788,181500,0.0,0.0
2015-10-19 00:00:00-04:00,3.9475083585915263,3.989061370149689,3.9232693770420615,3.985598564147949,125600,0.0,0.0
2015-10-20 00:00:00-04:00,3.9821351072834,3.995985998795134,3.9648214103359076,3.992523193359375,175800,0.0,0.0
2015-10-21 00:00:00-04:00,3.999451883829275,4.013302786006274,3.964824463270999,3.978675365447998,158800,0.0,0.0
2015-10-22 00:00:00-04:00,3.989060718154918,4.013299695742626,3.985597912719159,3.992523193359375,209300,0.0,0.0
2015-10-23 00:00:00-04:00,4.020225524902344,4.05485292352189,3.995986544007469,4.020225524902344,215000,0.0,0.0
2015-10-26 00:00:00-04:00,4.02715112224099,4.02715112224099,3.99252372374593,4.023688316345215,126000,0.0,0.0
2015-10-27 00:00:00-04:00,4.023688233390283,4.023688233390283,3.978672748367312,3.9994492530822754,225500,0.0,0.0
2015-10-28 00:00:00-04:00,3.999450000037865,4.058316389121188,3.985599104384813,4.013300895690918,201300,0.0,0.0
2015-10-29 00:00:00-04:00,4.006375297763956,4.020226193468919,3.999450015027175,4.009838104248047,133700,0.0,0.0
2015-10-30 00:00:00-04:00,3.9994493499156936,4.030613942627016,3.9994493499156936,4.020225524902344,172900,0.0,0.0
2015-11-02 00:00:00-05:00,4.030617073330488,4.0444679774904575,4.013303360572625,4.034079551696777,225900,0.0,0.0
2015-11-03 00:00:00-05:00,4.03061633487789,4.058318138122559,3.9925261077428122,4.058318138122559,189300,0.0,0.0
2015-11-04 00:00:00-05:00,4.0548529770049235,4.0687038705891645,4.03061399579034,4.051390171051025,190400,0.0,0.0
2015-11-05 00:00:00-05:00,4.034077089173882,4.0513907913629374,4.009838104248047,4.009838104248047,323700,0.0,0.0
2015-11-06 00:00:00-05:00,4.002852402056381,4.006345372393861,3.950459179426119,3.9749093055725098,212000,0.1,0.0
2015-11-09 00:00:00-05:00,3.971416741787685,3.9784026831777943,3.8980660227316375,3.9190235137939453,141500,0.0,0.0
2015-11-10 00:00:00-05:00,3.9015579646945606,3.9504585422075458,3.884093448932213,3.9295010566711426,153500,0.0,0.0
2015-11-11 00:00:00-05:00,3.9295018100280683,3.9399803882512376,3.9015587126942863,3.922515869140625,157500,0.0,0.0
2015-11-12 00:00:00-05:00,3.898065889954513,3.9155304097268844,3.852658271789551,3.852658271789551,151900,0.0,0.0
2015-11-13 00:00:00-05:00,3.8561497042903716,3.8561497042903716,3.8002635297961147,3.817728042602539,235500,0.0,0.0
2015-11-16 00:00:00-05:00,3.831700229793954,3.884093443905254,3.8282072600244192,3.8631362915039062,256000,0.0,0.0
2015-11-17 00:00:00-05:00,3.852656578762149,3.873614059900954,3.8247134926489843,3.8386850357055664,246400,0.0,0.0
2015-11-18 00:00:00-05:00,3.8351927662614416,3.8736147665066922,3.831700129691083,3.8596432209014893,213100,0.0,0.0
2015-11-19 00:00:00-05:00,3.866629820985846,3.873615762137998,3.8142365947767405,3.852658271789551,197900,0.0,0.0
2015-11-20 00:00:00-05:00,3.852659563627443,3.863138478869363,3.80375929159763,3.8072519302368164,144900,0.0,0.0
2015-11-23 00:00:00-05:00,3.821222610435628,3.842180103019638,3.782800929324327,3.7967724800109863,186000,0.0,0.0
2015-11-24 00:00:00-05:00,3.7723210072330136,3.8002640986629825,3.768828037527286,3.786292552947998,197800,0.0,0.0
2015-11-25 00:00:00-05:00,3.7793060008762227,3.8212206312264287,3.7793060008762227,3.7897849082946777,180200,0.0,0.0
2015-11-27 00:00:00-05:00,3.793279232297197,3.810743752658286,3.7862936240175733,3.803758144378662,60900,0.0,0.0
2015-11-30 00:00:00-05:00,3.8142357295100737,3.84567179134741,3.789785607240116,3.8421788215637207,219400,0.0,0.0
2015-12-01 00:00:00-05:00,3.831700820877815,3.863136887437142,3.8282078505694495,3.845672369003296,192100,0.0,0.0
2015-12-02 00:00:00-05:00,3.8456709737877888,3.8666281218187315,3.8282064616900953,3.8386850357055664,235600,0.0,0.0
2015-12-03 00:00:00-05:00,3.852657494201206,3.852657494201206,3.7862927321903164,3.8107428550720215,205600,0.0,0.0
2015-12-04 00:00:00-05:00,3.7967704596580747,3.8351921203242854,3.793277490568092,3.814234972000122,288700,0.0,0.0
2015-12-07 00:00:00-05:00,3.7932781592515274,3.796771128957255,3.751363522106574,3.786292552947998,203100,0.0,0.0
2015-12-08 00:00:00-05:00,3.7686641410381823,3.7827657713277687,3.7404608804590094,3.747511863708496,290900,0.1,0.0
2015-12-09 00:00:00-05:00,3.719310542185443,3.7510393109310978,3.6770056292610906,3.6805307865142822,569300,0.0,0.0
2015-12-10 00:00:00-05:00,3.669954064130046,3.6911066853643826,3.6523269358030164,3.6734795570373535,316600,0.0,0.0
2015-12-11 00:00:00-05:00,3.6241239696054084,3.6629037224265786,3.5747684095923358,3.5853445529937744,641300,0.0,0.0
2015-12-14 00:00:00-05:00,3.5641912953345187,3.581818422004554,3.4513782225814547,3.4725308418273926,978100,0.0,0.0
2015-12-15 00:00:00-05:00,3.4760573694235104,3.5747691832316013,3.4760573694235104,3.5289387702941895,666400,0.0,0.0
2015-12-16 00:00:00-05:00,3.5183617855328166,3.698157917618486,3.5183617855328166,3.6805307865142822,715400,0.0,0.0
2015-12-17 00:00:00-05:00,3.687580228006766,3.7087328437088445,3.6593769645436085,3.6664276123046875,537200,0.0,0.0
2015-12-18 00:00:00-05:00,3.6770062417009886,3.687582387641243,3.645277467670609,3.669955253601074,303100,0.0,0.0
2015-12-21 00:00:00-05:00,3.6734795570373535,3.68053020664246,3.6523269358030164,3.6734795570373535,399400,0.0,0.0
2015-12-22 00:00:00-05:00,3.666430871462998,3.7334139338875474,3.6523292271962062,3.726362943649292,589600,0.0,0.0
2015-12-23 00:00:00-05:00,3.7298862322829027,3.8250725269317627,3.7052084534670593,3.8250725269317627,854700,0.0,0.0
2015-12-24 00:00:00-05:00,3.8039212632497343,3.8955820975954247,3.789819622289601,3.8850059509277344,387100,0.0,0.0
2015-12-28 00:00:00-05:00,3.856801463201748,3.888530232260549,3.7827677808010685,3.7968697547912598,392700,0.0,0.0
2015-12-29 00:00:00-05:00,3.807543140320596,3.8324525322607528,3.747049436032255,3.771958827972412,545700,0.1,0.0
2015-12-30 00:00:00-05:00,3.7790768620661415,3.800427728349676,3.7328169345855713,3.7328169345855713,410600,0.0,0.0
2015-12-31 00:00:00-05:00,3.7328164231802163,3.7861934118960168,3.725699694967719,3.739933490753174,389500,0.0,0.0
2016-01-04 00:00:00-05:00,3.739932844031125,3.7719589638504463,3.679439137563607,3.7684004306793213,360700,0.0,0.0
2016-01-05 00:00:00-05:00,3.779077420154189,3.821778819666825,3.768402155116169,3.7968697547912598,289700,0.0,0.0
2016-01-06 00:00:00-05:00,3.771958791146928,3.7826340508111223,3.718581814105186,3.7363741397857666,295100,0.0,0.0
2016-01-07 00:00:00-05:00,3.6936754581311053,3.69723399373701,3.6296231746673584,3.6296231746673584,372000,0.0,0.0
2016-01-08 00:00:00-05:00,3.6331803255026416,3.6652064550278975,3.5798036692008854,3.583361864089966,288000,0.0,0.0
2016-01-11 00:00:00-05:00,3.6011524446437293,3.6118277028403254,3.5264249585468783,3.5548925399780273,389600,0.0,0.0
2016-01-12 00:00:00-05:00,3.5584532368024457,3.5869208355480215,3.494400969944627,3.515751838684082,374900,0.0,0.0
2016-01-13 00:00:00-05:00,3.5406610686223012,3.5406610686223012,3.3485045984070774,3.376972198486328,731600,0.0,0.0
2016-01-14 00:00:00-05:00,3.3734129445463132,3.408997606740291,3.3342700876213294,3.398322343826294,377900,0.0,0.0
2016-01-15 00:00:00-05:00,3.3342711403679846,3.3413882107980855,3.241751260940254,3.3058035373687744,467600,0.0,0.0
2016-01-19 00:00:00-05:00,3.327153249392481,3.337828511955445,3.231074868244367,3.280893325805664,322000,0.0,0.0
2016-01-20 00:00:00-05:00,3.2346338351314246,3.2346338351314246,3.092295511346409,3.191932439804077,807300,0.0,0.0
2016-01-21 00:00:00-05:00,3.1919314507516923,3.2808927482915693,3.1670220566754423,3.2381913661956787,268500,0.0,0.0
2016-01-22 00:00:00-05:00,3.259542582619908,3.344945365022759,3.2559840485129996,3.3378286361694336,384200,0.0,0.0
2016-01-25 00:00:00-05:00,3.3413876503076367,3.3413876503076367,3.234633987287355,3.241750717163086,265900,0.0,0.0
2016-01-26 00:00:00-05:00,3.255985062439859,3.32359587408343,3.245309796155304,3.3058035373687744,338600,0.0,0.0
2016-01-27 00:00:00-05:00,3.2808933258056645,3.323594715418,3.2453086647818123,3.280893325805664,300600,0.0,0.0
2016-01-28 00:00:00-05:00,3.288010417771299,3.3342703464705696,3.2773351540285494,3.3164780139923096,324300,0.0,0.0
2016-01-29 00:00:00-05:00,3.32715406802792,3.380530733336375,3.32715406802792,3.376972198486328,252700,0.0,0.0
2016-02-01 00:00:00-05:00,3.362736638305845,3.4196718086630478,3.3235937935253643,3.4161136150360107,316700,0.0,0.0
2016-02-02 00:00:00-05:00,3.3200372797903177,3.369855753832744,3.3200372797903177,3.3520634174346924,477300,0.0,0.0
2016-02-03 00:00:00-05:00,3.3520613069737086,3.3698536321696952,3.3022428642970216,3.366295099258423,212100,0.0,0.0
2016-02-04 00:00:00-05:00,3.3591771208680496,3.391203229648406,3.3413851398658823,3.380527973175049,201100,0.0,0.0
2016-02-05 00:00:00-05:00,3.380529680103462,3.3840882138448176,3.284451305249608,3.3556206226348877,435200,0.0,0.0
2016-02-08 00:00:00-05:00,3.323250033476373,3.323250033476373,3.22973858426225,3.26570463180542,461200,0.1,0.0
2016-02-09 00:00:00-05:00,3.208162173054461,3.2369349002838135,3.1757927691719487,3.2369349002838135,379000,0.0,0.0
2016-02-10 00:00:00-05:00,3.2369333522785224,3.269302740680956,3.2045639638760894,3.208160638809204,172200,0.0,0.0
2016-02-11 00:00:00-05:00,3.1650022075393327,3.1901782511579446,3.107456768983724,3.1398258209228516,417000,0.0,0.0
2016-02-12 00:00:00-05:00,3.1470193134641504,3.190178394317627,3.1218432687157605,3.190178394317627,217600,0.0,0.0
2016-02-16 00:00:00-05:00,3.2189503206107486,3.2297400024122926,3.1973709570076596,3.208160638809204,286800,0.0,0.0
2016-02-17 00:00:00-05:00,3.208160812710452,3.29447895779736,3.208160812710452,3.2513198852539062,365700,0.0,0.0
2016-02-18 00:00:00-05:00,3.251319456583349,3.272899161508807,3.236933100965635,3.240529775619507,225000,0.0,0.0
2016-02-19 00:00:00-05:00,3.240529529003932,3.280091918192367,3.222546500100917,3.2728989124298096,309000,0.0,0.0
2016-02-22 00:00:00-05:00,3.2944782727152293,3.323250981760954,3.262108889289352,3.2728989124298096,283100,0.0,0.0
2016-02-23 00:00:00-05:00,3.2728993040641576,3.294478666931759,3.254916273009297,3.2621092796325684,225900,0.0,0.0
2016-02-24 00:00:00-05:00,3.258513301202488,3.2908823490142822,3.240530268197385,3.2908823490142822,200100,0.0,0.0
2016-02-25 00:00:00-05:00,3.283689488614801,3.3484282731322605,3.283689488614801,3.3412349224090576,145800,0.0,0.0
2016-02-26 00:00:00-05:00,3.341234385191623,3.395183134950176,3.33763771040831,3.3843934535980225,211000,0.0,0.0
2016-02-29 00:00:00-05:00,3.3843917887655777,3.427550835941403,3.3736021127210254,3.4167611598968506,207600,0.0,0.0
2016-03-01 00:00:00-05:00,3.4311497442168353,3.510274887084961,3.409570035071768,3.510274887084961,296300,0.0,0.0
2016-03-02 00:00:00-05:00,3.4958895311285065,3.539048618797014,3.47790649218381,3.5246622562408447,241100,0.0,0.0
2016-03-03 00:00:00-05:00,3.513870064024799,3.557029120912804,3.513870064024799,3.528256416320801,312400,0.0,0.0
2016-03-04 00:00:00-05:00,3.5426430915734866,3.596591831852179,3.5318530691195673,3.535449743270874,397200,0.0,0.0
2016-03-07 00:00:00-05:00,3.539048724219265,3.564224773693028,3.521065684738885,3.5534350872039795,368100,0.0,0.0
2016-03-08 00:00:00-05:00,3.5388997242804643,3.5570666303752954,3.5061993626107513,3.5534331798553467,187800,0.1,0.0
2016-03-09 00:00:00-05:00,3.560700116367557,3.593400478363037,3.5425332100917446,3.593400478363037,258600,0.0,0.0
2016-03-10 00:00:00-05:00,3.6152000258934107,3.622466926075437,3.5824996680840386,3.604300022125244,251200,0.0,0.0
2016-03-11 00:00:00-05:00,3.6333685515254373,3.6588020205045066,3.6188350911795366,3.647902011871338,226700,0.0,0.0
2016-03-14 00:00:00-04:00,3.6442681316087793,3.662435041531064,3.611567763049665,3.6515350341796875,217700,0.0,0.0
2016-03-15 00:00:00-04:00,3.6588006507522666,3.6624341011047363,3.622467186742257,3.6624341011047363,273200,0.0,0.0
2016-03-16 00:00:00-04:00,3.6624348730751435,3.727835607185226,3.6551683173434513,3.7242021560668945,322900,0.0,0.0
2016-03-17 00:00:00-04:00,3.709666953680303,3.77143420762688,3.709666953680303,3.764167308807373,257200,0.0,0.0
2016-03-18 00:00:00-04:00,3.7714333242652334,3.7896002205540626,3.7677998757065225,3.7786998748779297,165300,0.0,0.0
2016-03-21 00:00:00-04:00,3.767803239481638,3.7932367090893573,3.7496363269739663,3.7714366912841797,187400,0.0,0.0
2016-03-22 00:00:00-04:00,3.7677998757065225,3.7786998748779292,3.7496329794176937,3.7786998748779297,131600,0.0,0.0
2016-03-23 00:00:00-04:00,3.7750682166247187,3.778701320068209,3.753267863439484,3.7605347633361816,125100,0.0,0.0
2016-03-24 00:00:00-04:00,3.7532691261407827,3.7532691261407827,3.6769683840801144,3.6806018352508545,204800,0.0,0.0
2016-03-28 00:00:00-04:00,3.695134286830878,3.695134286830878,3.6660673783930737,3.6769673824310303,183500,0.0,0.0
2016-03-29 00:00:00-04:00,3.6697010548664655,3.7205679745168956,3.6697010548664655,3.713301420211792,181900,0.0,0.0
2016-03-30 00:00:00-04:00,3.7205687664249028,3.7859695016156256,3.7169353152465345,3.7387356758117676,167800,0.0,0.0
2016-03-31 00:00:00-04:00,3.7496342426874545,3.7896014972889835,3.7460011394094597,3.7750680446624756,125200,0.0,0.0
2016-04-01 00:00:00-04:00,3.7532694816058703,3.778702949199857,3.742369473566306,3.7569029331207275,128300,0.0,0.0
2016-04-04 00:00:00-04:00,3.7714370162742306,3.7714370162742306,3.7351031881279497,3.749636650085449,117700,0.0,0.0
2016-04-05 00:00:00-04:00,3.735100833040839,3.742367732690135,3.6878670248349574,3.695133924484253,170600,0.0,0.0
2016-04-06 00:00:00-04:00,3.6878683988295413,3.7496356828418964,3.6878683988295413,3.7387356758117676,165600,0.0,0.0
2016-04-07 00:00:00-04:00,3.7096693041441764,3.7387362248295255,3.6878689403776512,3.706035852432251,214600,0.0,0.0
2016-04-08 00:00:00-04:00,3.713373282711947,3.7390585593421535,3.7060347822185946,3.7243812084198,115300,0.1,0.0
2016-04-11 00:00:00-04:00,3.7280523063410698,3.7537375944957807,3.7133749488332626,3.742729663848877,185400,0.0,0.0
2016-04-12 00:00:00-04:00,3.7500665544386784,3.7794212540873255,3.7317197796743686,3.775751829147339,137300,0.0,0.0
2016-04-13 00:00:00-04:00,3.7757543051494493,3.8161169561507893,3.7647463730465116,3.8051090240478516,201500,0.0,0.0
2016-04-14 00:00:00-04:00,3.812446384697028,3.841801092091739,3.794099605091405,3.8381316661834717,164200,0.0,0.0
2016-04-15 00:00:00-04:00,3.849137165909551,3.863814510348333,3.7977666353415587,3.801435708999634,371500,0.0,0.0
2016-04-18 00:00:00-04:00,3.7684137070767334,3.794098984360958,3.746397505164785,3.764744281768799,596400,0.0,0.0
2016-04-19 00:00:00-04:00,3.753737505535461,3.783092569791192,3.753737505535461,3.7684152126312256,279500,0.0,0.0
2016-04-20 00:00:00-04:00,3.761076145359148,3.8087776409023375,3.761076145359148,3.794100284576416,204400,0.0,0.0
2016-04-21 00:00:00-04:00,3.805108144226673,3.8307934298398325,3.7941002146690006,3.8087775707244873,205500,0.0,0.0
2016-04-22 00:00:00-04:00,3.812446384697028,3.8381316661834712,3.8051075328804926,3.8381316661834717,128300,0.0,0.0
2016-04-25 00:00:00-04:00,3.819784812420112,3.8454700934078985,3.819784812420112,3.8344621658325195,127600,0.0,0.0
2016-04-26 00:00:00-04:00,3.845470270796139,3.8674864768981934,3.8197849886235127,3.8674864768981934,199400,0.0,0.0
2016-04-27 00:00:00-04:00,3.882163727275538,3.882163727275538,3.8271237383943837,3.8381316661834717,255900,0.0,0.0
2016-04-28 00:00:00-04:00,3.8234549267799744,3.8528096388909487,3.801438717728858,3.8087775707244873,305200,0.0,0.0
2016-04-29 00:00:00-04:00,3.8124445795487674,3.819783077954894,3.764743115134523,3.7720816135406494,255000,0.0,0.0
2016-05-02 00:00:00-04:00,3.7904295921325684,3.8087763688966967,3.775752240708398,3.7904295921325684,227600,0.0,0.0
2016-05-03 00:00:00-04:00,3.7867589602884517,3.7940978086301276,3.768412539305361,3.7720816135406494,211500,0.0,0.0
2016-05-04 00:00:00-04:00,3.7647458750784906,3.768415301939394,3.742729663848877,3.742729663848877,261900,0.0,0.0
2016-05-05 00:00:00-04:00,3.7427275306687835,3.7757516537230913,3.7353890310653854,3.7610743045806885,177100,0.0,0.0
2016-05-06 00:00:00-04:00,3.7500683524806133,3.7610762826429127,3.742729499081887,3.74639892578125,164900,0.0,0.0
2016-05-09 00:00:00-04:00,3.738985754344813,3.772336525734908,3.7352800345466046,3.757513999938965,173800,0.1,0.0
2016-05-10 00:00:00-04:00,3.7612235706457056,3.7723407424671347,3.7426956577378956,3.7649292945861816,170200,0.0,0.0
2016-05-11 00:00:00-04:00,3.7538106083930987,3.7723388654791616,3.742693795500305,3.746399164199829,115400,0.0,0.0
2016-05-12 00:00:00-04:00,3.764926471190224,3.7723379135131836,3.746398218779847,3.7723379135131836,136300,0.0,0.0
2016-05-13 00:00:00-04:00,3.779751836950801,3.779751836950801,3.735284209856943,3.7649292945861816,237100,0.0,0.0
2016-05-16 00:00:00-04:00,3.776044148287949,3.8093949396048363,3.768633057660365,3.779749870300293,224100,0.0,0.0
2016-05-17 00:00:00-04:00,3.77233855986452,3.8093947176374443,3.77233855986452,3.7834553718566895,225900,0.0,0.0
2016-05-18 00:00:00-04:00,3.779749650060272,3.805689349238109,3.7463988606866834,3.7834553718566895,176700,0.0,0.0
2016-05-19 00:00:00-04:00,3.772336525734908,3.779747611934434,3.7426914741430215,3.757513999938965,141900,0.0,0.0
2016-05-20 00:00:00-04:00,3.7501021253789983,3.7686303688241125,3.7426910400390625,3.7426910400390625,188500,0.0,0.0
2016-05-23 00:00:00-04:00,3.735280944257427,3.7649260030692338,3.735280944257427,3.75010347366333,175100,0.0,0.0
2016-05-24 00:00:00-04:00,3.7612216136356778,3.7871613143249796,3.753810523008093,3.779749870300293,247000,0.0,0.0
2016-05-25 00:00:00-04:00,3.779748136916223,3.8056878257096414,3.779748136916223,3.790864944458008,236400,0.0,0.0
2016-05-26 00:00:00-04:00,3.8056868684316854,3.82792047792264,3.794569710289357,3.8130979537963867,158200,0.0,0.0
2016-05-27 00:00:00-04:00,3.8242181408675804,3.827923863525879,3.79086734373722,3.8205127716064453,161200,0.0,0.0
2016-05-31 00:00:00-04:00,3.8168046223686263,3.839038237388802,3.8168046223686263,3.8353328704833984,129800,0.0,0.0
2016-06-01 00:00:00-04:00,3.835331337685195,3.8649763814623515,3.8130973781539286,3.839036703109741,252600,0.0,0.0
2016-06-02 00:00:00-04:00,3.827923863525879,3.8390406781036113,3.8205127716064453,3.8205127716064453,211400,0.0,0.0
2016-06-03 00:00:00-04:00,3.805688241955592,3.8649783598592036,3.805688241955592,3.850155830383301,211400,0.0,0.0
2016-06-06 00:00:00-04:00,3.8501531498487007,3.8723867518846973,3.835330630692459,3.861269950866699,200500,0.0,0.0
2016-06-07 00:00:00-04:00,3.85756672272892,3.8909175007070655,3.8538610021986903,3.8835060596466064,238200,0.0,0.0
2016-06-08 00:00:00-04:00,3.909695437006229,3.93214360648714,3.9022129517136253,3.9284021854400635,293500,0.1,0.0
2016-06-09 00:00:00-04:00,3.917179026665274,3.932144356908055,3.894730852900294,3.913437604904175,234400,0.0,0.0
2016-06-10 00:00:00-04:00,3.8872475117470424,3.898471417761664,3.853575436901639,3.8685407638549805,185100,0.0,0.0
2016-06-13 00:00:00-04:00,3.868540346109181,3.879764250911785,3.8386096954345703,3.8386096954345703,207100,0.0,0.0
2016-06-14 00:00:00-04:00,3.8348687827691395,3.857316952148762,3.80119670710048,3.8236448764801025,194300,0.0,0.0
2016-06-15 00:00:00-04:00,3.838612040930457,3.8610598642518927,3.819905283628115,3.8535773754119873,226200,0.0,0.0
2016-06-16 00:00:00-04:00,3.8311249901778766,3.8835037817721965,3.8199010908367104,3.8722798824310303,283900,0.0,0.0
2016-06-17 00:00:00-04:00,3.857318641822201,3.8835078869024993,3.849835796483999,3.8797664642333984,113900,0.0,0.0
2016-06-20 00:00:00-04:00,3.8835049693882677,3.9171770345103596,3.8835049693882677,3.909694194793701,132000,0.0,0.0
2016-06-21 00:00:00-04:00,3.902213696422493,3.9209200916247564,3.8909894311391944,3.913437604904175,138400,0.0,0.0
2016-06-22 00:00:00-04:00,3.8947315216064453,3.9096968544186996,3.8872490336011576,3.8947315216064453,149700,0.0,0.0
2016-06-23 00:00:00-04:00,3.9096959258191823,3.9658161781371652,3.9022134395910744,3.9620747566223145,215800,0.0,0.0
2016-06-24 00:00:00-04:00,3.8535747976594554,3.9246599996956237,3.812419887763508,3.8610572814941406,551200,0.0,0.0
2016-06-27 00:00:00-04:00,3.8311266899108887,3.857316275728089,3.808678881269272,3.8311266899108887,196100,0.0,0.0
2016-06-28 00:00:00-04:00,3.861056807039728,3.9134356146520304,3.861056807039728,3.909694194793701,210600,0.0,0.0
2016-06-29 00:00:00-04:00,3.9096941415210194,3.9508490457990018,3.8984702389004022,3.939624786376953,178900,0.0,0.0
2016-06-30 00:00:00-04:00,3.9433697059472013,3.9845242899486784,3.9284043702374145,3.9695589542388916,248700,0.0,0.0
2016-07-01 00:00:00-04:00,3.9732999019083315,3.9957480811876613,3.950852079430707,3.9807827472686768,220600,0.0,0.0
2016-07-05 00:00:00-04:00,3.984520858113111,4.02193434356452,3.984520858113111,4.014451503753662,349900,0.0,0.0
2016-07-06 00:00:00-04:00,4.0181961072148695,4.044385710501057,3.9994893496680852,4.029420375823975,308600,0.0,0.0
2016-07-07 00:00:00-04:00,4.0294185610261595,4.0817970304045055,4.0294185610261595,4.055607795715332,244500,0.0,0.0
2016-07-08 00:00:00-04:00,4.097144046690815,4.123577117919922,4.074486871263305,4.123577117919922,227200,0.1,0.0
2016-07-11 00:00:00-04:00,4.116025076365701,4.172667841344673,4.100920411062701,4.131129741668701,412900,0.0,0.0
2016-07-12 00:00:00-04:00,4.1311298994804595,4.236862920764157,4.123577746602275,4.214205741882324,330400,0.0,0.0
2016-07-13 00:00:00-04:00,4.206652198736265,4.229309010006546,4.138681044678378,4.153785705566406,243900,0.0,0.0
2016-07-14 00:00:00-04:00,4.157562033238657,4.168890439071124,4.09714338863413,4.134904861450195,278800,0.0,0.0
2016-07-15 00:00:00-04:00,4.134905525571884,4.176443620501721,4.11224871026796,4.123577117919922,202900,0.0,0.0
2016-07-18 00:00:00-04:00,4.119802873804551,4.202878744108807,4.119802873804551,4.1802215576171875,301000,0.0,0.0
2016-07-19 00:00:00-04:00,4.176444897735503,4.187773308851901,4.157563972459041,4.1688923835754395,122400,0.0,0.0
2016-07-20 00:00:00-04:00,4.1764457958050505,4.270850082363608,4.1764457958050505,4.2557454109191895,358800,0.0,0.0
2016-07-21 00:00:00-04:00,4.251969153027142,4.27840223802393,4.229311965798627,4.2557454109191895,147400,0.0,0.0
2016-07-22 00:00:00-04:00,4.251969059721104,4.2821784019470215,4.240640286293561,4.2821784019470215,133000,0.0,0.0
2016-07-25 00:00:00-04:00,4.285954831027971,4.289730728864276,4.23686455791821,4.2444167137146,214000,0.0,0.0
2016-07-26 00:00:00-04:00,4.2557457804474526,4.270850453203416,4.229312333031663,4.248193264007568,144800,0.0,0.0
2016-07-27 00:00:00-04:00,4.335044965909395,4.335044965909395,4.267074119767587,4.301059722900391,252000,0.0,0.0
2016-07-28 00:00:00-04:00,4.308613011885191,4.342598623953345,4.304836752738976,4.338822364807129,220600,0.0,0.0
2016-07-29 00:00:00-04:00,4.338821019934243,4.338821019934243,4.293507004596993,4.319940090179443,238900,0.0,0.0
2016-08-01 00:00:00-04:00,4.323716452537438,4.32749271060432,4.2784024361062265,4.28595495223999,153500,0.0,0.0
2016-08-02 00:00:00-04:00,4.285953846623852,4.301058514871149,4.191549580047324,4.210430145263672,207900,0.0,0.0
2016-08-03 00:00:00-04:00,4.206653406450651,4.244414889450139,4.199100893776578,4.217981815338135,198800,0.0,0.0
2016-08-04 00:00:00-04:00,4.225532826714053,4.2406374878593125,4.217980676203188,4.22930908203125,132900,0.0,0.0
2016-08-05 00:00:00-04:00,4.236863342842818,4.282177344997048,4.236863342842818,4.267072677612305,159200,0.0,0.0
2016-08-08 00:00:00-04:00,4.278501336352763,4.286121281923347,4.209923642912511,4.240402698516846,219200,0.1,0.0
2016-08-09 00:00:00-04:00,4.23278275294626,4.259452199104306,4.2213531979293855,4.240402698516846,133000,0.0,0.0
2016-08-10 00:00:00-04:00,4.2404032361331225,4.24421320940146,4.20230423012785,4.213734149932861,381900,0.0,0.0
2016-08-11 00:00:00-04:00,4.21373460788087,4.267072786078177,4.206114660516061,4.236593723297119,241900,0.0,0.0
2016-08-12 00:00:00-04:00,4.248023281005244,4.259453202052457,4.217544218224186,4.236593723297119,138600,0.0,0.0
2016-08-15 00:00:00-04:00,4.263263882752107,4.282313392607706,4.2480243475354635,4.27850341796875,218700,0.0,0.0
2016-08-16 00:00:00-04:00,4.263262754166756,4.305171737422621,4.263262754166756,4.2937421798706055,222700,0.0,0.0
2016-08-17 00:00:00-04:00,4.308983464819229,4.312793076661033,4.289933952253284,4.297553539276123,173900,0.0,0.0
2016-08-18 00:00:00-04:00,4.305173028737303,4.354701610770664,4.289933492983899,4.347081661224365,145800,0.0,0.0
2016-08-19 00:00:00-04:00,4.32422217898345,4.328031790100002,4.297552721132613,4.3166022300720215,155000,0.0,0.0
2016-08-22 00:00:00-04:00,4.312791321344271,4.316601294974638,4.2861222326098725,4.2937421798706055,162300,0.0,0.0
2016-08-23 00:00:00-04:00,4.316599602660119,4.331839127867876,4.3127896305234446,4.328029155731201,115900,0.0,0.0
2016-08-24 00:00:00-04:00,4.335649056723885,4.343268637582231,4.30517000661263,4.331839084625244,138700,0.0,0.0
2016-08-25 00:00:00-04:00,4.312791347503662,4.328030878778481,4.305171763535795,4.312791347503662,110800,0.0,0.0
2016-08-26 00:00:00-04:00,4.312792614944408,4.35851122220462,4.308983003510452,4.347081661224365,197000,0.0,0.0
2016-08-29 00:00:00-04:00,4.362318134736499,4.3699380789337825,4.320409531668258,4.331839084625244,188400,0.0,0.0
2016-08-30 00:00:00-04:00,4.324223002204139,4.354702076973958,4.289933952253284,4.297553539276123,159600,0.0,0.0
2016-08-31 00:00:00-04:00,4.293743433892384,4.305172994782494,4.240404877506554,4.2480244636535645,271000,0.0,0.0
2016-09-01 00:00:00-04:00,4.263262997076534,4.286122476822125,4.248023465025842,4.251833438873291,197300,0.0,0.0
2016-09-02 00:00:00-04:00,4.267073291589986,4.305172306249369,4.267073291589986,4.286122798919678,131800,0.0,0.0
2016-09-06 00:00:00-04:00,4.2899328645479615,4.320411931589865,4.282312916117916,4.3089823722839355,198600,0.0,0.0
2016-09-07 00:00:00-04:00,4.312790967463353,4.339460417348505,4.289931854234998,4.335650444030762,160300,0.0,0.0
2016-09-08 00:00:00-04:00,4.335652821846642,4.351027462944807,4.293372650466776,4.308747291564941,224600,0.1,0.0
2016-09-09 00:00:00-04:00,4.28568191826954,4.312587794843629,4.143466503601089,4.158841133117676,384700,0.0,0.0
2016-09-12 00:00:00-04:00,4.147311846635892,4.258778045113104,4.085813304932634,4.228028774261475,331700,0.0,0.0
2016-09-13 00:00:00-04:00,4.216495922888421,4.2434014306956405,4.158840792010024,4.197277545928955,310100,0.0,0.0
2016-09-14 00:00:00-04:00,4.189592002416827,4.2510909106803085,4.189592002416827,4.228028774261475,208900,0.0,0.0
2016-09-15 00:00:00-04:00,4.228027278047105,4.262620287153469,4.201121767213308,4.208808898925781,303700,0.0,0.0
2016-09-16 00:00:00-04:00,4.201124211610196,4.254935264587402,4.197280460237451,4.254935264587402,196400,0.0,0.0
2016-09-19 00:00:00-04:00,4.262619940471672,4.281838318029951,4.231870683002449,4.2472453117370605,135700,0.0,0.0
2016-09-20 00:00:00-04:00,4.2549352429479415,4.270309881800425,4.2357172193025665,4.239560604095459,111100,0.0,0.0
2016-09-21 00:00:00-04:00,4.247244356903754,4.27030611154107,4.216495106347345,4.258775234222412,140900,0.0,0.0
2016-09-22 00:00:00-04:00,4.285685159626432,4.316434441915957,4.270310518481669,4.297216415405273,125600,0.0,0.0
2016-09-23 00:00:00-04:00,4.297214455336758,4.301057838949614,4.254933936553608,4.266465187072754,185700,0.0,0.0
2016-09-26 00:00:00-04:00,4.254933235770094,4.258776985310081,4.204965591430664,4.204965591430664,167400,0.0,0.0
2016-09-27 00:00:00-04:00,4.220339940081235,4.270307581070626,4.212652808076772,4.262620449066162,152500,0.0,0.0
2016-09-28 00:00:00-04:00,4.262623368270445,4.308747291564941,4.25109247908691,4.308747291564941,102200,0.0,0.0
2016-09-29 00:00:00-04:00,4.2933701043295125,4.308744736309917,4.212653194792354,4.21649694442749,214500,0.0,0.0
2016-09-30 00:00:00-04:00,4.220341307012024,4.262621829691233,4.204966671463282,4.23187255859375,222200,0.0,0.0
2016-10-03 00:00:00-04:00,4.228028808066508,4.254934328636749,4.204966671463282,4.23187255859375,222900,0.0,0.0
2016-10-04 00:00:00-04:00,4.228027438645807,4.285682211639661,4.220339940081235,4.262620449066162,302600,0.0,0.0
2016-10-05 00:00:00-04:00,4.2779966224894554,4.354869803058849,4.254934485038517,4.312589645385742,432000,0.0,0.0
2016-10-06 00:00:00-04:00,4.300953151289699,4.300953151289699,4.231144957500069,4.246657848358154,253800,0.1,0.0
2016-10-07 00:00:00-04:00,4.242780617805049,4.262171828798953,4.196241933333631,4.203998565673828,198100,0.0,0.0
2016-10-10 00:00:00-04:00,4.211755797437404,4.246659911287835,4.203999533168793,4.227268695831299,193300,0.0,0.0
2016-10-11 00:00:00-04:00,4.215631342156622,4.250535433052929,4.169092677580357,4.23502254486084,264200,0.0,0.0
2016-10-12 00:00:00-04:00,4.215633042216769,4.242780515036719,4.192363885472978,4.238902568817139,160400,0.0,0.0
2016-10-13 00:00:00-04:00,4.207872845755561,4.2388986056440245,4.169090460966864,4.2156291007995605,187900,0.0,0.0
2016-10-14 00:00:00-04:00,4.242779707582715,4.262170914416537,4.219510555267334,4.219510555267334,192000,0.0,0.0
2016-10-17 00:00:00-04:00,4.223390643805532,4.246659805890523,4.169095315846114,4.1729736328125,241600,0.0,0.0
2016-10-18 00:00:00-04:00,4.2117541694413285,4.2117541694413285,4.149702599850937,4.165215492248535,168200,0.0,0.0
2016-10-19 00:00:00-04:00,4.184606326152956,4.227266683968861,4.161336804708328,4.1962409019470215,125200,0.0,0.0
2016-10-20 00:00:00-04:00,4.207878068724544,4.2195126506599205,4.172973953061726,4.1923651695251465,94100,0.0,0.0
2016-10-21 00:00:00-04:00,4.188485145568848,4.21175429995806,4.172972252690526,4.188485145568848,135800,0.0,0.0
2016-10-24 00:00:00-04:00,4.215632108174796,4.246657890196635,4.192362956586663,4.1962409019470215,132300,0.0,0.0
2016-10-25 00:00:00-04:00,4.192364847787768,4.203999428830263,4.169095315846114,4.1729736328125,186500,0.0,0.0
2016-10-26 00:00:00-04:00,4.184607688349702,4.1962422679311215,4.153581896228174,4.1574602127075195,219100,0.0,0.0
2016-10-27 00:00:00-04:00,4.172974341181393,4.200121824841099,4.103166103363037,4.103166103363037,180100,0.0,0.0
2016-10-28 00:00:00-04:00,4.114799636571055,4.169094959894816,4.072139263153076,4.072139263153076,128500,0.0,0.0
2016-10-31 00:00:00-04:00,4.087649031426705,4.095405658760828,4.044988690658073,4.060501575469971,165900,0.0,0.0
2016-11-01 00:00:00-04:00,4.076017236086232,4.083773498846091,4.006209021964497,4.029478549957275,158100,0.0,0.0
2016-11-02 00:00:00-04:00,4.029479495877882,4.029479495877882,3.9480366835693523,3.9713058471679688,260500,0.0,0.0
2016-11-03 00:00:00-04:00,3.9596691669098463,3.998451578830068,3.909252179356154,3.920886754989624,175000,0.0,0.0
2016-11-04 00:00:00-04:00,3.9131318752969024,3.948035984369976,3.897618979026272,3.9053752422332764,155500,0.0,0.0
2016-11-07 00:00:00-05:00,3.971966168690224,3.9993859330143473,3.9484632467222105,3.9876346588134766,246400,0.1,0.0
2016-11-08 00:00:00-05:00,3.9680469002517498,3.991549436496545,3.940627150110795,3.964129686355591,222500,0.0,0.0
2016-11-09 00:00:00-05:00,3.9210430081963197,3.999385449338028,3.9171257927476777,3.9758825302124023,231200,0.0,0.0
2016-11-10 00:00:00-05:00,4.015053748798773,4.0228881793277225,3.9171256085841692,3.936711311340332,199800,0.0,0.0
2016-11-11 00:00:00-05:00,3.9562971121737998,3.9562971121737998,3.897540002448713,3.924960136413574,443200,0.0,0.0
2016-11-14 00:00:00-05:00,3.921044485807681,3.936712979940558,3.8818730636923053,3.932795763015747,333800,0.0,0.0
2016-11-15 00:00:00-05:00,3.932795125978878,3.995469092358413,3.9092922018033995,3.9915518760681152,197600,0.0,0.0
2016-11-16 00:00:00-05:00,3.9758833685398605,4.0855631828308105,3.9758833685398605,4.0855631828308105,317900,0.0,0.0
2016-11-17 00:00:00-05:00,4.0777278943135205,4.081645109765845,4.042473702375051,4.069893836975098,168700,0.0,0.0
2016-11-18 00:00:00-05:00,4.0581412369825305,4.069892880577949,4.038555911455777,4.065975666046143,102500,0.0,0.0
2016-11-21 00:00:00-05:00,4.0581419985464375,4.109064676317813,4.054225156845724,4.097313404083252,152000,0.0,0.0
2016-11-22 00:00:00-05:00,4.069894966258818,4.12473450354292,4.069894966258818,4.116900444030762,298400,0.0,0.0
2016-11-23 00:00:00-05:00,4.105148035054396,4.12473374056138,4.073811055669726,4.077728271484375,226600,0.0,0.0
2016-11-25 00:00:00-05:00,4.089478586574242,4.109064287489312,4.054224773206522,4.07381010055542,148000,0.0,0.0
2016-11-28 00:00:00-05:00,4.0777287502816115,4.097314458088303,4.065977475024119,4.0855631828308105,156800,0.0,0.0
2016-11-29 00:00:00-05:00,4.069896487711756,4.101233484607788,4.062062051704513,4.089481830596924,215600,0.0,0.0
2016-11-30 00:00:00-05:00,4.081646919250488,4.101232631628667,4.0738124848726605,4.081646919250488,277200,0.0,0.0
2016-12-01 00:00:00-05:00,4.062060078924002,4.073811353661271,4.0346403133482776,4.038557529449463,195100,0.0,0.0
2016-12-02 00:00:00-05:00,4.034640412293523,4.038557628490775,4.007220272479061,4.022889137268066,225100,0.0,0.0
2016-12-05 00:00:00-05:00,4.026807203992527,4.058144195963954,4.026807203992527,4.054227352142334,269400,0.0,0.0
2016-12-06 00:00:00-05:00,4.058144833700892,4.089481830596924,4.058144833700892,4.089481830596924,253000,0.0,0.0
2016-12-07 00:00:00-05:00,4.089478975531425,4.109064678309325,4.05814200051327,4.101230621337891,272400,0.0,0.0
2016-12-08 00:00:00-05:00,4.117050476129226,4.117050476129226,4.093321289438892,4.109140872955322,323500,0.1,0.0
2016-12-09 00:00:00-05:00,4.117051154878021,4.152645317950299,4.105186559576823,4.144735336303711,251000,0.0,0.0
2016-12-12 00:00:00-05:00,4.148688824014722,4.188237963581238,4.109140061616755,4.132869243621826,436400,0.0,0.0
2016-12-13 00:00:00-05:00,4.132869993470599,4.200103316631048,4.124960390423342,4.18428373336792,386100,0.0,0.0
2016-12-14 00:00:00-05:00,4.1724209380272095,4.21196972464152,4.1724209380272095,4.1882405281066895,324400,0.0,0.0
2016-12-15 00:00:00-05:00,4.204058308340002,4.2317424847688665,4.18823872507085,4.227787494659424,379400,0.0,0.0
2016-12-16 00:00:00-05:00,4.227788821210637,4.239653795261831,4.2040596274457185,4.231743812561035,307600,0.0,0.0
2016-12-19 00:00:00-05:00,4.239653795261831,4.243608409443494,4.215924224328178,4.231743812561035,224400,0.0,0.0
2016-12-20 00:00:00-05:00,4.239653702317823,4.243608316412791,4.1763753507736165,4.192194938659668,527900,0.0,0.0
2016-12-21 00:00:00-05:00,4.2001038629979055,4.208013844242741,4.176374673600731,4.196148872375488,314100,0.0,0.0
2016-12-22 00:00:00-05:00,4.204058647155762,4.211968250843485,4.184284072183483,4.204058647155762,422300,0.0,0.0
2016-12-23 00:00:00-05:00,4.211967637711902,4.223832607269287,4.192193442786779,4.223832607269287,242300,0.0,0.0
2016-12-27 00:00:00-05:00,4.215922394284616,4.251516546650052,4.196147823285087,4.2436065673828125,312300,0.0,0.0
2016-12-28 00:00:00-05:00,4.251592777892065,4.255584975301847,4.195703537022708,4.207679748535156,247500,0.1,0.0
2016-12-29 00:00:00-05:00,4.203687551125373,4.2196559600476045,4.187719142203143,4.207679748535156,370300,0.0,0.0
2016-12-30 00:00:00-05:00,4.191710274290288,4.211670875549316,4.155781268167397,4.211670875549316,663500,0.0,0.0
2017-01-03 00:00:00-05:00,4.215663057154048,4.26756008724192,4.207678664391728,4.251591682434082,201100,0.0,0.0
2017-01-04 00:00:00-05:00,4.247599980259128,4.327442006431576,4.247599980259128,4.3034892082214355,254800,0.0,0.0
2017-01-05 00:00:00-05:00,4.319459174849469,4.3394197837871245,4.259577728753455,4.315467357635498,184500,0.0,0.0
2017-01-06 00:00:00-05:00,4.327442762523478,4.343411170547972,4.303489960128298,4.323450565338135,232800,0.0,0.0
2017-01-09 00:00:00-05:00,4.327443540631955,4.359380362423435,4.295506718840476,4.355388164520264,245000,0.0,0.0
2017-01-10 00:00:00-05:00,4.351395098695856,4.3553872958027515,4.3314348745951206,4.339418888092041,104500,0.0,0.0
2017-01-11 00:00:00-05:00,4.335427020245435,4.35139542916889,4.31945861132198,4.331435203552246,95200,0.0,0.0
2017-01-12 00:00:00-05:00,4.323452619877039,4.351397252020194,4.291515788651417,4.347405433654785,158300,0.0,0.0
2017-01-13 00:00:00-05:00,4.355388579625093,4.383333206176758,4.343412365491092,4.383333206176758,133900,0.0,0.0
2017-01-17 00:00:00-05:00,4.379338057219454,4.379338057219454,4.339416866185112,4.343409061431885,182400,0.0,0.0
2017-01-18 00:00:00-05:00,4.363370962303699,4.39929996883986,4.331434152208624,4.387323379516602,341700,0.0,0.0
2017-01-19 00:00:00-05:00,4.383330079184319,4.403290675646096,4.351393277132159,4.379338264465332,244300,0.0,0.0
2017-01-20 00:00:00-05:00,4.387324271140748,4.387324271140748,4.35139525730283,4.363371849060059,153800,0.0,0.0
2017-01-23 00:00:00-05:00,4.363371327274641,4.379339733657844,4.331434514508235,4.335426330566406,203200,0.0,0.0
2017-01-24 00:00:00-05:00,4.35139525730283,4.371355862847993,4.347403440767304,4.363371849060059,187200,0.0,0.0
2017-01-25 00:00:00-05:00,4.391314674486221,4.415267467498779,4.391314674486221,4.415267467498779,227200,0.0,0.0
2017-01-26 00:00:00-05:00,4.411276290931061,4.455189310762297,4.403291897843482,4.439220905303955,242800,0.0,0.0
2017-01-27 00:00:00-05:00,4.431236256421471,4.475149269944953,4.4272440604511285,4.471157073974609,224500,0.0,0.0
2017-01-30 00:00:00-05:00,4.459183333585307,4.475151745583586,4.431238707767562,4.455191135406494,183300,0.0,0.0
2017-01-31 00:00:00-05:00,4.459178738395254,4.491115529480903,4.439218148787578,4.47913932800293,304300,0.0,0.0
2017-02-01 00:00:00-05:00,4.483136668914101,4.491121066888309,4.41926300798864,4.431239604949951,433500,0.0,0.0
2017-02-02 00:00:00-05:00,4.443214921587028,4.471159547404773,4.419262113231124,4.455191135406494,320300,0.0,0.0
2017-02-03 00:00:00-05:00,4.459180866780344,4.49111767310956,4.455188670810002,4.471157073974609,199100,0.0,0.0
2017-02-06 00:00:00-05:00,4.479141350530588,4.487125361548839,4.467164762928083,4.475149154663086,222300,0.0,0.0
2017-02-07 00:00:00-05:00,4.487124805207309,4.519061606754096,4.4791407951789655,4.491117000579834,303700,0.0,0.0
2017-02-08 00:00:00-05:00,4.507231328076532,4.58778983908311,4.491119702701506,4.495147705078125,560400,0.1,0.0
2017-02-09 00:00:00-05:00,4.503202824993589,4.523342064656609,4.491118820238127,4.515286445617676,268700,0.0,0.0
2017-02-10 00:00:00-05:00,4.535425910738588,4.535425910738588,4.5032026674474475,4.519314289093018,160800,0.0,0.0
2017-02-13 00:00:00-05:00,4.535425241641769,4.591815717016477,4.531397240791775,4.575704097747803,259700,0.0,0.0
2017-02-14 00:00:00-05:00,4.587789147481126,4.591816765119138,4.54750989804987,4.563621520996094,303600,0.0,0.0
2017-02-15 00:00:00-05:00,4.579730987548828,4.599870602781599,4.559591372316058,4.579730987548828,273800,0.0,0.0
2017-02-16 00:00:00-05:00,4.587789467428737,4.595845087397945,4.551538217238762,4.567649841308594,316500,0.0,0.0
2017-02-17 00:00:00-05:00,4.559595998543585,4.575707630250639,4.531400739089143,4.551540374755859,287200,0.0,0.0
2017-02-21 00:00:00-05:00,4.563619856817023,4.575703473587406,4.539452623276255,4.547508239746094,275800,0.0,0.0
2017-02-22 00:00:00-05:00,4.555565901588678,4.5757051421729145,4.555565901588678,4.563621520996094,196500,0.0,0.0
2017-02-23 00:00:00-05:00,4.571676481029112,4.591815717016477,4.547508860060449,4.575704097747803,200500,0.0,0.0
2017-02-24 00:00:00-05:00,4.571677843358906,4.587789467428737,4.559593837207968,4.567649841308594,212000,0.0,0.0
2017-02-27 00:00:00-05:00,4.579732098597797,4.599871718716466,4.563620479329123,4.575704097747803,349500,0.0,0.0
2017-02-28 00:00:00-05:00,4.571675857418112,4.599871091259424,4.535424622975711,4.547508239746094,472300,0.0,0.0
2017-03-01 00:00:00-05:00,4.57167648572576,4.6038997242962125,4.5676484848716274,4.587788105010986,251600,0.0,0.0
2017-03-02 00:00:00-05:00,4.599868929346128,4.61195254043728,4.583757319847568,4.595840930938721,309100,0.0,0.0
2017-03-03 00:00:00-05:00,4.61598277590665,4.62403839249442,4.58778754165257,4.5998711585998535,293500,0.0,0.0
2017-03-06 00:00:00-05:00,4.607927341019041,4.607927341019041,4.579732103302721,4.587788105010986,258100,0.0,0.0
2017-03-07 00:00:00-05:00,4.583759541293057,4.611954775547137,4.583759541293057,4.5998711585998535,271800,0.0,0.0
2017-03-08 00:00:00-05:00,4.616128079152508,4.620191665308716,4.49016000850932,4.494223594665527,339200,0.1,0.0
2017-03-09 00:00:00-05:00,4.482030414310966,4.514538310945022,4.425141788963716,4.4373321533203125,600300,0.0,0.0
2017-03-10 00:00:00-05:00,4.461714330677905,4.4982858231465475,4.437333594048692,4.473905086517334,302900,0.0,0.0
2017-03-13 00:00:00-04:00,4.49015616364648,4.510473689504977,4.457648277282715,4.457648277282715,237300,0.0,0.0
2017-03-14 00:00:00-04:00,4.4617109469907845,4.482028470456539,4.437330228851501,4.449520587921143,198800,0.0,0.0
2017-03-15 00:00:00-04:00,4.465778391143307,4.534857798151244,4.449524435819372,4.526731014251709,232000,0.0,0.0
2017-03-16 00:00:00-04:00,4.5429849695756435,4.555175339187379,4.514540257115111,4.526731014251709,291200,0.0,0.0
2017-03-17 00:00:00-04:00,4.538919470593824,4.583617732011978,4.538919470593824,4.575490951538086,204900,0.0,0.0
2017-03-20 00:00:00-04:00,4.575491862304319,4.599872596103757,4.563301107879823,4.567364692687988,193200,0.0,0.0
2017-03-21 00:00:00-04:00,4.563299647384804,4.58361717739818,4.473903135365399,4.482029914855957,246900,0.0,0.0
2017-03-22 00:00:00-04:00,4.48203277867773,4.530794649351728,4.469842407890455,4.518604278564453,197700,0.0,0.0
2017-03-23 00:00:00-04:00,4.514538763219904,4.5673641974235695,4.498284813274525,4.530792713165283,206500,0.0,0.0
2017-03-24 00:00:00-04:00,4.534855842590332,4.567363739219856,4.530792258630467,4.534855842590332,108400,0.0,0.0
2017-03-27 00:00:00-04:00,4.522664550198719,4.547045273905666,4.502347022093186,4.538918495178223,136700,0.0,0.0
2017-03-28 00:00:00-04:00,4.53891895405677,4.612061907621497,4.53891895405677,4.583617210388184,263100,0.0,0.0
2017-03-29 00:00:00-04:00,4.612064340990898,4.612064340990898,4.591746800111561,4.608000755310059,259900,0.0,0.0
2017-03-30 00:00:00-04:00,4.612062431701971,4.632379576645612,4.607998847703363,4.624252796173096,266500,0.0,0.0
2017-03-31 00:00:00-04:00,4.624251389161638,4.644568915448007,4.612061028399649,4.628314971923828,230000,0.0,0.0
2017-04-03 00:00:00-04:00,4.636441707611084,4.652695650986928,4.620187764235239,4.636441707611084,232700,0.0,0.0
2017-04-04 00:00:00-04:00,4.640507177452729,4.652697543060823,4.6161260587118065,4.63238000869751,234100,0.0,0.0
2017-04-05 00:00:00-04:00,4.652696606501497,4.652696606501497,4.603934766359847,4.6201887130737305,256700,0.0,0.0
2017-04-06 00:00:00-04:00,4.628316380171704,4.6405067446428285,4.599871679706147,4.624252796173096,267200,0.0,0.0
2017-04-07 00:00:00-04:00,4.603756518792046,4.636553008174237,4.595557689666748,4.595557689666748,267200,0.1,0.0
2017-04-10 00:00:00-04:00,4.599656105041504,4.624252976989189,4.583258060089636,4.599656105041504,293200,0.0,0.0
2017-04-11 00:00:00-04:00,4.591456469694449,4.632451773827514,4.583257643443953,4.628352165222168,264400,0.0,0.0
2017-04-12 00:00:00-04:00,4.640650932410661,4.648850150208525,4.603755234240716,4.607854843139648,408800,0.0,0.0
2017-04-13 00:00:00-04:00,4.620153669836445,4.640650932410661,4.599656016302007,4.607854843139648,155100,0.0,0.0
2017-04-17 00:00:00-04:00,4.611955068112665,4.669348427483766,4.611955068112665,4.636552333831787,298700,0.0,0.0
2017-04-18 00:00:00-04:00,4.628352073009104,4.665247767801731,4.624252464485437,4.652949333190918,180600,0.0,0.0
2017-04-19 00:00:00-04:00,4.665246572575116,4.693943042968432,4.6324504947084435,4.640649318695068,212900,0.0,0.0
2017-04-20 00:00:00-04:00,4.644749077866651,4.681644764411698,4.640649470259401,4.669346332550049,214100,0.0,0.0
2017-04-21 00:00:00-04:00,4.673447129059647,4.685745956039024,4.6488502570213575,4.681646347045898,198900,0.0,0.0
2017-04-24 00:00:00-04:00,4.714443060448067,4.7267414980934,4.698045013267529,4.702144622802734,234900,0.0,0.0
2017-04-25 00:00:00-04:00,4.72674312150392,4.743141174316406,4.702146237765399,4.743141174316406,330200,0.0,0.0
2017-04-26 00:00:00-04:00,4.759538168547997,4.788235047807617,4.755438949476907,4.76773738861084,246900,0.0,0.0
2017-04-27 00:00:00-04:00,4.775933655189642,4.79643130338842,4.7554363979509855,4.792331695556641,190600,0.0,0.0
2017-04-28 00:00:00-04:00,4.800533874761476,4.808732704526346,4.759538553056041,4.775936603546143,171700,0.0,0.0
2017-05-01 00:00:00-04:00,4.77593593637709,4.8169312523557295,4.7718367175474725,4.808732032775879,219600,0.0,0.0
2017-05-02 00:00:00-04:00,4.816931541296276,4.829229980443459,4.751339344564192,4.759538173675537,355200,0.0,0.0
2017-05-03 00:00:00-04:00,4.771837384143889,4.804633485124092,4.747240112928556,4.775936603546143,292000,0.0,0.0
2017-05-04 00:00:00-04:00,4.792332920986008,4.792332920986008,4.714442307065682,4.751338005065918,213500,0.0,0.0
2017-05-05 00:00:00-04:00,4.759537598524807,4.804632521549015,4.739040332743206,4.784134864807129,318600,0.0,0.0
2017-05-08 00:00:00-04:00,4.800673754276611,4.817213527981897,4.767594206866038,4.813078880310059,202200,0.1,0.0
2017-05-09 00:00:00-04:00,4.817213548491406,4.825483632548915,4.771729269193045,4.78826904296875,172300,0.0,0.0
2017-05-10 00:00:00-04:00,4.800672925488786,4.821347737635923,4.746918571641925,4.7675933837890625,242600,0.0,0.0
2017-05-11 00:00:00-04:00,4.779998424412235,4.796538194973969,4.7221090302765445,4.734513759613037,237600,0.0,0.0
2017-05-12 00:00:00-04:00,4.7510551447179115,4.755190187348359,4.713840549722625,4.742785453796387,235700,0.0,0.0
2017-05-15 00:00:00-04:00,4.755187602896982,4.779997450856108,4.742782876086998,4.759322643280029,237900,0.0,0.0
2017-05-16 00:00:00-04:00,4.775863621549021,4.8337526242347,4.767593538685778,4.829617977142334,319200,0.0,0.0
2017-05-17 00:00:00-04:00,4.821348546474545,4.821348546474545,4.69316539946868,4.701435089111328,342200,0.0,0.0
2017-05-18 00:00:00-04:00,4.722109904726913,4.763459535958081,4.6724905838530955,4.701435089111328,291800,0.0,0.0
2017-05-19 00:00:00-04:00,4.722108840942383,4.796538002655552,4.705569071043814,4.722108840942383,213100,0.0,0.0
2017-05-22 00:00:00-04:00,4.734513759613037,4.771728341961749,4.730378718387795,4.734513759613037,219600,0.0,0.0
2017-05-23 00:00:00-04:00,4.763461178496384,4.813080516479958,4.726246576423843,4.7965407371521,203400,0.0,0.0
2017-05-24 00:00:00-04:00,4.825484460612895,4.850293928364157,4.813079726737263,4.837889194488525,343700,0.0,0.0
2017-05-25 00:00:00-04:00,4.8585624864321675,4.870967216408066,4.821347902165215,4.833752632141113,191800,0.0,0.0
2017-05-26 00:00:00-04:00,4.8544274449937825,4.870967216408066,4.821347902165215,4.833752632141113,133800,0.0,0.0
2017-05-30 00:00:00-04:00,4.858564853668213,4.891644412614117,4.846160117648361,4.858564853668213,196700,0.0,0.0
2017-05-31 00:00:00-04:00,4.891644590280883,4.89577963388417,4.850294942926941,4.866835117340088,214400,0.0,0.0
2017-06-01 00:00:00-04:00,4.879237166724072,4.9164517499799665,4.866832437085189,4.908181667327881,240600,0.0,0.0
2017-06-02 00:00:00-04:00,4.920588970184326,4.953668529413103,4.908184234058397,4.920588970184326,163700,0.0,0.0
2017-06-05 00:00:00-04:00,4.949533578862901,4.953668227760131,4.920588670545729,4.928858757019043,145500,0.0,0.0
2017-06-06 00:00:00-04:00,4.95366715685348,4.95366715685348,4.924722649133092,4.949532508850098,217600,0.0,0.0
2017-06-07 00:00:00-04:00,5.0032850354449545,5.0032850354449545,4.949530687785226,4.98261022567749,304300,0.0,0.0
2017-06-08 00:00:00-04:00,5.02013877570907,5.02013877570907,4.94091749133426,4.970104217529297,245300,0.1,0.0
2017-06-09 00:00:00-04:00,4.986781656275551,4.995120549236195,4.895051447872896,4.915899276733398,184500,0.0,0.0
2017-06-12 00:00:00-04:00,4.903390437750373,4.907560082794603,4.853355890137316,4.882542610168457,232500,0.0,0.0
2017-06-13 00:00:00-04:00,4.924241065979004,4.9450885077786,4.9033932265399445,4.924241065979004,142300,0.0,0.0
2017-06-14 00:00:00-04:00,4.970103472715001,4.970103472715001,4.886712554912251,4.915899276733398,182300,0.0,0.0
2017-06-15 00:00:00-04:00,4.932577607089168,4.932577607089168,4.865864870861574,4.903390884399414,219000,0.0,0.0
2017-06-16 00:00:00-04:00,4.949254837183754,4.949254837183754,4.895050650036801,4.932576656341553,186700,0.0,0.0
2017-06-19 00:00:00-04:00,4.965931907474563,4.99928826169935,4.957593017737921,4.995118618011475,211800,0.0,0.0
2017-06-20 00:00:00-04:00,5.011800692092597,5.011800692092597,4.949257186022788,4.982613563537598,180000,0.0,0.0
2017-06-21 00:00:00-04:00,4.990953158400575,4.995122407612386,4.953427132018408,4.957596778869629,205600,0.0,0.0
2017-06-22 00:00:00-04:00,4.953425436570109,4.986781804683906,4.895051593551329,4.903390884399414,839200,0.0,0.0
2017-06-23 00:00:00-04:00,4.895050074445456,4.928406432207604,4.874202251434326,4.874202251434326,292000,0.0,0.0
2017-06-26 00:00:00-04:00,4.895051593551329,4.949255791146067,4.87837340949443,4.903390884399414,206300,0.0,0.0
2017-06-27 00:00:00-04:00,4.928406250342532,4.928406250342532,4.874202071569464,4.878371715545654,249600,0.0,0.0
2017-06-28 00:00:00-04:00,4.895050650036801,4.940915945582252,4.895050650036801,4.932576656341553,139000,0.0,0.0
2017-06-29 00:00:00-04:00,4.957595081994152,4.957595081994152,4.874203764070387,4.903390884399414,209800,0.0,0.0
2017-06-30 00:00:00-04:00,4.928407307548775,4.97427260584729,4.903390233603422,4.936746597290039,188300,0.0,0.0
2017-07-03 00:00:00-04:00,4.982613864698133,4.982613864698133,4.940918589104156,4.957596778869629,148900,0.0,0.0
2017-07-05 00:00:00-04:00,4.982612791705251,4.986782437658549,4.949256419357514,4.978443145751953,211200,0.0,0.0
2017-07-06 00:00:00-04:00,5.003458175869771,5.003458175869771,4.928406175987203,4.940915107727051,312400,0.0,0.0
2017-07-07 00:00:00-04:00,4.974557190679549,4.974557190679549,4.940916937231339,4.961942195892334,258400,0.1,0.0
2017-07-10 00:00:00-04:00,4.982966163386597,4.982966163386597,4.8988651505345455,4.919890403747559,519800,0.0,0.0
2017-07-11 00:00:00-04:00,4.932507019263725,4.949327548190871,4.91568689136006,4.92830228805542,183100,0.0,0.0
2017-07-12 00:00:00-04:00,4.974556999950815,4.974556999950815,4.940916747792402,4.953531742095947,266400,0.0,0.0
2017-07-13 00:00:00-04:00,4.982965706735757,4.982965706735757,4.92830021380094,4.945120334625244,192300,0.0,0.0
2017-07-14 00:00:00-04:00,4.953532615026892,4.999788270663642,4.940917618500282,4.974557876586914,306700,0.0,0.0
2017-07-17 00:00:00-04:00,4.966145824564896,4.999786067830123,4.966145824564896,4.98296594619751,268900,0.0,0.0
2017-07-18 00:00:00-04:00,5.003993970282764,5.00819910361304,4.987173837985246,4.999789237976074,123800,0.0,0.0
2017-07-19 00:00:00-04:00,5.025018040800746,5.0418381690979,4.9955829165366,5.0418381690979,253700,0.0,0.0
2017-07-20 00:00:00-04:00,5.067067432126921,5.079682425280838,5.033427183034205,5.058657169342041,203100,0.0,0.0
2017-07-21 00:00:00-04:00,5.054454616077843,5.067069614665418,5.029224217879118,5.04604434967041,147600,0.0,0.0
2017-07-24 00:00:00-04:00,5.041838438719239,5.054453836384353,5.00399304777092,5.029223442077637,179200,0.0,0.0
2017-07-25 00:00:00-04:00,5.046043966846756,5.058658964477281,5.0334289692162315,5.050249099731445,161600,0.0,0.0
2017-07-26 00:00:00-04:00,5.029223754433061,5.083889277973191,5.029223754433061,5.071274280548096,174300,0.0,0.0
2017-07-27 00:00:00-04:00,5.088093280792236,5.096503143533403,5.058657758639531,5.088093280792236,142900,0.0,0.0
2017-07-28 00:00:00-04:00,5.10911920869253,5.10911920869253,5.067069084128856,5.096504211425781,145200,0.0,0.0
2017-07-31 00:00:00-04:00,5.088090964606835,5.109115812400608,5.058655455853673,5.067065715789795,239700,0.0,0.0
2017-08-01 00:00:00-04:00,5.075475574702651,5.100705953487752,5.054450726908877,5.067065715789795,286200,0.0,0.0
2017-08-02 00:00:00-04:00,5.088090964606835,5.088090964606835,5.0292203481237765,5.067065715789795,257100,0.0,0.0
2017-08-03 00:00:00-04:00,5.071273119164578,5.079682981847501,5.025017470826441,5.037632465362549,275100,0.0,0.0
2017-08-04 00:00:00-04:00,5.0292235363419735,5.04604366585388,5.020813271074261,5.03342866897583,228000,0.0,0.0
2017-08-07 00:00:00-04:00,5.062864481461702,5.062864481461702,5.029224217879118,5.04604434967041,234500,0.0,0.0
2017-08-08 00:00:00-04:00,5.050281262369619,5.067242728400682,5.003637331882509,5.012117862701416,212700,0.1,0.0
2017-08-09 00:00:00-04:00,4.9697179492008035,5.020602383635735,4.9697179492008035,4.9739580154418945,269800,0.0,0.0
2017-08-10 00:00:00-04:00,4.940033920263857,4.965476333812533,4.783140182495117,4.783140182495117,706200,0.0,0.0
2017-08-11 00:00:00-04:00,4.817061394497881,4.961234075717272,4.795859862642452,4.95275354385376,628900,0.0,0.0
2017-08-14 00:00:00-04:00,4.961236756294421,5.046044142717823,4.961236756294421,5.003640651702881,206300,0.0,0.0
2017-08-15 00:00:00-04:00,5.0036386561151165,5.01211918917843,4.978196248138465,4.995157718658447,180400,0.0,0.0
2017-08-16 00:00:00-04:00,4.995157553729039,5.029080493648942,4.961234613809138,4.965475082397461,250900,0.0,0.0
2017-08-17 00:00:00-04:00,4.969717175877048,4.986678651382698,4.918832749360099,4.923072814941406,195300,0.0,0.0
2017-08-18 00:00:00-04:00,4.92306845596791,4.952751315116165,4.906106995480243,4.9103474617004395,162400,0.0,0.0
2017-08-21 00:00:00-04:00,4.910350755777533,4.948514168574742,4.89762975297626,4.9061102867126465,165400,0.0,0.0
2017-08-22 00:00:00-04:00,4.918830518634355,4.95699351791976,4.914590050582658,4.944272518157959,176100,0.0,0.0
2017-08-23 00:00:00-04:00,4.944274611070163,4.969717025756836,4.931553605923558,4.969717025756836,135200,0.0,0.0
2017-08-24 00:00:00-04:00,4.995159036050047,4.995159036050047,4.952755550763541,4.969717025756836,87100,0.0,0.0
2017-08-25 00:00:00-04:00,5.037560617792899,5.037560617792899,4.961233813095145,4.986676216125488,135500,0.0,0.0
2017-08-28 00:00:00-04:00,4.99091694822281,4.99091694822281,4.9357920757334375,4.95275354385376,295000,0.0,0.0
2017-08-29 00:00:00-04:00,4.927311139476627,4.973955075709189,4.9230706713482215,4.95275354385376,193600,0.0,0.0
2017-08-30 00:00:00-04:00,4.990916852888621,5.029079852135401,4.969714917044883,5.016358852386475,151200,0.0,0.0
2017-08-31 00:00:00-04:00,5.050283388550261,5.054523857941586,5.024841380989149,5.0460429191589355,199800,0.0,0.0
2017-09-01 00:00:00-04:00,5.063004147860209,5.079965620213093,5.041802610714152,5.075725555419922,147100,0.0,0.0
2017-09-05 00:00:00-04:00,5.084206334894023,5.084206334894023,5.003639438425942,5.0460429191589355,209700,0.0,0.0
2017-09-06 00:00:00-04:00,5.063001567667361,5.0714825017184735,5.016357643565826,5.050280570983887,155300,0.0,0.0
2017-09-07 00:00:00-04:00,5.058762397426376,5.067242928580304,5.020598996250541,5.03756046295166,282500,0.0,0.0
2017-09-08 00:00:00-04:00,5.037560263944635,5.058762197581776,4.995156396670353,5.012117862701416,239100,0.0,0.0
2017-09-11 00:00:00-04:00,5.067715722752024,5.067715722752024,5.012120482017518,5.02495002746582,179600,0.1,0.0
2017-09-12 00:00:00-04:00,5.029225041125464,5.050607881806644,5.012118850149273,5.016395092010498,256100,0.0,0.0
2017-09-13 00:00:00-04:00,5.0548842258676245,5.063437525450532,4.982182810787991,4.9950127601623535,372700,0.0,0.0
2017-09-14 00:00:00-04:00,5.007843830920118,5.02495002746582,4.995014285471815,5.02495002746582,162600,0.0,0.0
2017-09-15 00:00:00-04:00,5.0249483575604845,5.042054548421408,4.986459326162467,5.012118816375732,328900,0.0,0.0
2017-09-18 00:00:00-04:00,5.029225689295956,5.063438075657658,5.020672388783622,5.046331882476807,268900,0.0,0.0
2017-09-19 00:00:00-04:00,5.0506071067293785,5.0719895362854,5.03350091837834,5.0719895362854,138900,0.0,0.0
2017-09-20 00:00:00-04:00,5.0548833479343624,5.097649022733808,5.0548833479343624,5.0719895362854,145800,0.0,0.0
2017-09-21 00:00:00-04:00,5.08909798235255,5.097651284244487,5.0377793945325715,5.063438892364502,167300,0.0,0.0
2017-09-22 00:00:00-04:00,5.089100427339652,5.089100427339652,5.04205846786499,5.04205846786499,181400,0.0,0.0
2017-09-25 00:00:00-04:00,5.071991689821606,5.07626834068613,5.024949753843462,5.03350305557251,214900,0.0,0.0
2017-09-26 00:00:00-04:00,5.037778581964473,5.071990968326175,5.024949039039789,5.046331882476807,143200,0.0,0.0
2017-09-27 00:00:00-04:00,5.076266185334085,5.101925671782493,5.0506071067293785,5.0719895362854,209500,0.0,0.0
2017-09-28 00:00:00-04:00,5.093373059095218,5.114755899372408,5.059160677789215,5.080543518066406,209300,0.0,0.0
2017-09-29 00:00:00-04:00,5.093375104863647,5.119034605071237,5.0719922559979755,5.0890984535217285,183500,0.0,0.0
2017-10-02 00:00:00-04:00,5.106204509735107,5.106204509735107,5.0848220693050985,5.106204509735107,202300,0.0,0.0
2017-10-03 00:00:00-04:00,5.106201745719595,5.119031692445368,5.067713129073336,5.084819316864014,672300,0.0,0.0
2017-10-04 00:00:00-04:00,5.106201884200729,5.106201884200729,5.059159968461502,5.093372344970703,491500,0.0,0.0
2017-10-05 00:00:00-04:00,5.106204470311583,5.131863969610957,5.084822030046662,5.12758731842041,274300,0.0,0.0
2017-10-06 00:00:00-04:00,5.127585718918092,5.144691910500256,5.1104795273359285,5.140415668487549,192500,0.0,0.0
2017-10-09 00:00:00-04:00,5.166079627042868,5.166079627042868,5.119037657760497,5.123313903808594,261900,0.0,0.0
2017-10-10 00:00:00-04:00,5.166433797988617,5.166433797988617,5.118995904354242,5.153496265411377,216400,0.1,0.0
2017-10-11 00:00:00-04:00,5.153498912860353,5.153498912860353,5.118998534079727,5.131936073303223,235200,0.0,0.0
2017-10-12 00:00:00-04:00,5.153499166412635,5.153499166412635,5.084498405456543,5.084498405456543,423500,0.0,0.0
2017-10-13 00:00:00-04:00,5.093120339350286,5.131932933272855,5.093120339350286,5.127620697021484,270700,0.0,0.0
2017-10-16 00:00:00-04:00,5.14056159266124,5.166436672210693,5.1319362919601055,5.166436672210693,263300,0.0,0.0
2017-10-17 00:00:00-04:00,5.170748494524036,5.170748494524036,5.14056076945824,5.149185657501221,250900,0.0,0.0
2017-10-18 00:00:00-04:00,5.140558587064763,5.1664336514855105,5.1233084070253545,5.144871234893799,279300,0.0,0.0
2017-10-19 00:00:00-04:00,5.144871234893799,5.153496119275137,5.136245939235728,5.144871234893799,178500,0.0,0.0
2017-10-20 00:00:00-04:00,5.162122984571505,5.162122984571505,5.140560150146484,5.140560150146484,169000,0.0,0.0
2017-10-23 00:00:00-04:00,5.153496265411377,5.179371741842601,5.149183617460049,5.153496265411377,161200,0.0,0.0
2017-10-24 00:00:00-04:00,5.175060138653603,5.179372787475586,5.157809954642497,5.179372787475586,167200,0.0,0.0
2017-10-25 00:00:00-04:00,5.166435338309811,5.166435338309811,5.10605989409786,5.110372543334961,209700,0.0,0.0
2017-10-26 00:00:00-04:00,5.136244525540247,5.149182054189707,5.093119292949843,5.101744174957275,145700,0.0,0.0
2017-10-27 00:00:00-04:00,5.11468444805926,5.136247281563022,5.110372210379981,5.118997097015381,95500,0.0,0.0
2017-10-30 00:00:00-04:00,5.127622016433619,5.1621223829822664,5.127622016433619,5.157809734344482,125000,0.0,0.0
2017-10-31 00:00:00-04:00,5.166436873030272,5.170749523548472,5.149186682234463,5.1621246337890625,142400,0.0,0.0
2017-11-01 00:00:00-04:00,5.175060138653603,5.200935620308675,5.166434841009636,5.179372787475586,282700,0.0,0.0
2017-11-02 00:00:00-04:00,5.192308278357105,5.192308278357105,5.166432806889683,5.183683395385742,130000,0.0,0.0
2017-11-03 00:00:00-04:00,5.2138748672944955,5.2138748672944955,5.162124298270657,5.170749187469482,182300,0.0,0.0
2017-11-06 00:00:00-05:00,5.166436537231588,5.205249566818708,5.166436537231588,5.170749187469482,211300,0.0,0.0
2017-11-07 00:00:00-05:00,5.20524763552967,5.20524763552967,5.153497085706699,5.157809734344482,217900,0.0,0.0
2017-11-08 00:00:00-05:00,5.170748494524036,5.18368644350387,5.14056076945824,5.149185657501221,230300,0.0,0.0
2017-11-09 00:00:00-05:00,5.136138958592979,5.153534839635822,5.066555019671092,5.079602241516113,332000,0.1,0.0
2017-11-10 00:00:00-05:00,5.079598581846043,5.088296308725802,5.023061905501841,5.0709004402160645,255300,0.0,0.0
2017-11-13 00:00:00-05:00,5.088298666592828,5.096996812253442,5.036111036880387,5.040460109710693,305800,0.0,0.0
2017-11-14 00:00:00-05:00,5.049159728222124,5.075253760208665,4.988274344837808,5.010019302368164,314900,0.0,0.0
2017-11-15 00:00:00-05:00,5.018717036529966,5.023066110986151,4.962180312851267,5.010019302368164,323800,0.0,0.0
2017-11-16 00:00:00-05:00,5.023064676725199,5.088299115938982,5.014366530296455,5.083950042724609,166200,0.0,0.0
2017-11-17 00:00:00-05:00,5.101345221357784,5.1187415118299695,5.092647490872084,5.10569429397583,151600,0.0,0.0
2017-11-20 00:00:00-05:00,5.114392439211923,5.123090169697623,5.092647490872084,5.10569429397583,129900,0.0,0.0
2017-11-21 00:00:00-05:00,5.149185274486249,5.175278886186079,5.123091248035939,5.166581153869629,177400,0.0,0.0
2017-11-22 00:00:00-05:00,5.175277392565457,5.183975537122043,5.166579662759232,5.17962646484375,133700,0.0,0.0
2017-11-24 00:00:00-05:00,5.1839744264257375,5.197021225714904,5.157880413097133,5.188323497772217,88000,0.0,0.0
2017-11-27 00:00:00-05:00,5.205722721594112,5.205722721594112,5.157883735468634,5.17527961730957,172100,0.0,0.0
2017-11-28 00:00:00-05:00,5.197023839102924,5.197023839102924,5.157883006802699,5.166581153869629,230900,0.0,0.0
2017-11-29 00:00:00-05:00,5.1752812588584245,5.1752812588584245,5.105697709423457,5.136140823364258,164000,0.0,0.0
2017-11-30 00:00:00-05:00,5.140485446321433,5.175277193710215,5.140485446321433,5.144834518432617,197800,0.0,0.0
2017-12-01 00:00:00-05:00,5.179628757888019,5.179628757888019,5.118743378039136,5.162232875823975,144300,0.0,0.0
2017-12-04 00:00:00-05:00,5.170930840402137,5.179628573749678,5.114394122016265,5.127440929412842,297200,0.0,0.0
2017-12-05 00:00:00-05:00,5.127439817124151,5.153533841007293,5.114393012557801,5.123090744018555,227200,0.0,0.0
2017-12-06 00:00:00-05:00,5.123089572627043,5.157881320015824,5.123089572627043,5.144834518432617,186300,0.0,0.0
2017-12-07 00:00:00-05:00,5.136136986311902,5.188324609400335,5.131787914033609,5.17962646484375,233400,0.0,0.0
2017-12-08 00:00:00-05:00,5.136138561592714,5.197023933161238,5.136138561592714,5.183977127075195,405300,0.0,0.0
2017-12-11 00:00:00-05:00,5.205906096312166,5.227835017986383,5.1927489106113915,5.2190632820129395,237900,0.1,0.0
2017-12-12 00:00:00-05:00,5.227835712958952,5.227835712958952,5.19274960091972,5.201520919799805,152500,0.0,0.0
2017-12-13 00:00:00-05:00,5.236606335700435,5.236606335700435,5.201520228325443,5.2190632820129395,217300,0.0,0.0
2017-12-14 00:00:00-05:00,5.22783352740725,5.232219394143457,5.166432647878164,5.183975696563721,224200,0.0,0.0
2017-12-15 00:00:00-05:00,5.2059059945867725,5.22783491583249,5.179591623699419,5.210291862487793,239200,0.0,0.0
2017-12-18 00:00:00-05:00,5.22783491583249,5.236606233375148,5.197134677044116,5.210291862487793,184300,0.0,0.0
2017-12-19 00:00:00-05:00,5.232220783733511,5.232220783733511,5.197134677044116,5.210291862487793,150600,0.0,0.0
2017-12-20 00:00:00-05:00,5.227835712958952,5.2322215815287185,5.197135469489487,5.201520919799805,172900,0.0,0.0
2017-12-21 00:00:00-05:00,5.236606018721197,5.254149071346786,5.219062966095607,5.227834701538086,206200,0.0,0.0
2017-12-22 00:00:00-05:00,5.262919448816229,5.262919448816229,5.2102903045191775,5.232219219207764,185900,0.0,0.0
2017-12-26 00:00:00-05:00,5.2234476606710425,5.2234476606710425,5.162047199401229,5.183975696563721,284300,0.0,0.0
2017-12-27 00:00:00-05:00,5.210291648912496,5.236606018721197,5.170819675940078,5.227834701538086,297900,0.0,0.0
2017-12-28 00:00:00-05:00,5.218990016514683,5.232258516882817,5.196875568035777,5.223412990570068,219400,0.1,0.0
2017-12-29 00:00:00-05:00,5.214564807467721,5.245524768989764,5.214564807467721,5.24110221862793,147500,0.0,0.0
2018-01-02 00:00:00-05:00,5.267639347122376,5.267639347122376,5.227833440229606,5.2322564125061035,223800,0.0,0.0
2018-01-03 00:00:00-05:00,5.249949902718308,5.2897558249490455,5.218989928449074,5.263218402862549,337000,0.0,0.0
2018-01-04 00:00:00-05:00,5.303022722314623,5.320714191092569,5.267639784758729,5.311868667602539,304700,0.0,0.0
2018-01-05 00:00:00-05:00,5.329560136380485,5.329560136380485,5.298599749670664,5.311868667602539,184800,0.0,0.0
2018-01-08 00:00:00-05:00,5.3074469566345215,5.320715455922672,5.280909536260235,5.3074469566345215,186000,0.0,0.0
2018-01-09 00:00:00-05:00,5.307445812272367,5.369366165262788,5.307445812272367,5.342828750610352,245600,0.0,0.0
2018-01-10 00:00:00-05:00,5.347251605158432,5.347251605158432,5.303022722314623,5.311868667602539,136900,0.0,0.0
2018-01-11 00:00:00-05:00,5.3074469566345215,5.32513842961805,5.289755483650993,5.3074469566345215,178800,0.0,0.0
2018-01-12 00:00:00-05:00,5.338405638852544,5.351674556732178,5.298599728809413,5.351674556732178,180500,0.0,0.0
2018-01-16 00:00:00-05:00,5.387058169625611,5.387058169625611,5.307446339556917,5.3162922859191895,242200,0.0,0.0
2018-01-17 00:00:00-05:00,5.320714837302387,5.356097779155598,5.298600393194645,5.3162922859191895,283300,0.0,0.0
2018-01-18 00:00:00-05:00,5.325137142770795,5.378211548895674,5.307445674062502,5.351674556732178,187400,0.0,0.0
2018-01-19 00:00:00-05:00,5.378211692667494,5.378211692667494,5.342828754305042,5.36936616897583,156400,0.0,0.0
2018-01-22 00:00:00-05:00,5.391479047526842,5.40474796295166,5.35167356664581,5.40474796295166,251200,0.0,0.0
2018-01-23 00:00:00-05:00,5.387056497516377,5.431284950205682,5.387056497516377,5.40474796295166,207800,0.0,0.0
2018-01-24 00:00:00-05:00,5.413593461926212,5.493205266947946,5.395901996565582,5.41801643371582,268200,0.0,0.0
2018-01-25 00:00:00-05:00,5.4180170490149635,5.431285544092825,5.378211141983523,5.409171104431152,227100,0.0,0.0
2018-01-26 00:00:00-05:00,5.41801643371582,5.422439405505429,5.382633502994562,5.41801643371582,151500,0.0,0.0
2018-01-29 00:00:00-05:00,5.426863549264289,5.431286100211173,5.347251727049823,5.36936616897583,201000,0.0,0.0
2018-01-30 00:00:00-05:00,5.3339827941119795,5.338405344696948,5.267639473763102,5.2897539138793945,207300,0.0,0.0
2018-01-31 00:00:00-05:00,5.294177315845097,5.373788716206613,5.276485846676105,5.342828750610352,196400,0.0,0.0
2018-02-01 00:00:00-05:00,5.356099395575685,5.369368319123527,5.28975646502873,5.294179439544678,197000,0.0,0.0
2018-02-02 00:00:00-05:00,5.2897529942849735,5.3074444589428715,5.218987135653381,5.236678600311279,275500,0.0,0.0
2018-02-05 00:00:00-05:00,5.218987449712882,5.227832971675228,4.8695806853450385,4.9359235763549805,766000,0.0,0.0
2018-02-06 00:00:00-05:00,4.900542051706688,5.179183033173869,4.688244402092418,5.165914535522461,881000,0.0,0.0
2018-02-07 00:00:00-05:00,5.161492829806129,5.223413203714153,5.134955406188965,5.134955406188965,273200,0.0,0.0
2018-02-08 00:00:00-05:00,5.170336849757832,5.170336849757832,5.042073586882,5.050919532775879,263000,0.0,0.0
2018-02-09 00:00:00-05:00,5.091077990201435,5.135697600010435,4.952757965736981,5.037534713745117,340100,0.1,0.0
2018-02-12 00:00:00-05:00,5.04645517612699,5.126769820281075,5.0419931332507,5.122307777404785,242600,0.0,0.0
2018-02-13 00:00:00-05:00,5.113386807440112,5.144620272959093,5.095539052068686,5.140158653259277,243200,0.0,0.0
2018-02-14 00:00:00-05:00,5.1223100605949705,5.175853747929068,5.1178484412538126,5.153543949127197,185600,0.0,0.0
2018-02-15 00:00:00-05:00,5.171390045081755,5.216009202856276,5.158004340301786,5.193699836730957,194700,0.0,0.0
2018-02-16 00:00:00-05:00,5.216011028028345,5.247244917476057,5.193701654096591,5.238320827484131,140800,0.0,0.0
2018-02-20 00:00:00-05:00,5.251707637586886,5.260631303201931,5.224935789693576,5.242783546447754,270900,0.0,0.0
2018-02-21 00:00:00-05:00,5.256169257632365,5.278479059956109,5.224935789693576,5.242783546447754,192300,0.0,0.0
2018-02-22 00:00:00-05:00,5.256169760084655,5.269555898072972,5.211550576695978,5.2204742431640625,165500,0.0,0.0
2018-02-23 00:00:00-05:00,5.247246461229133,5.274017888033072,5.2383223686117155,5.251708507537842,138500,0.0,0.0
2018-02-26 00:00:00-05:00,5.274016036855345,5.291863790301467,5.229396866002042,5.265092372894287,173500,0.0,0.0
2018-02-27 00:00:00-05:00,5.260630328151755,5.300787879786532,5.242782574705632,5.265092372894287,177100,0.0,0.0
2018-02-28 00:00:00-05:00,5.26063180608076,5.269555898072972,5.2204742431640625,5.2204742431640625,173600,0.0,0.0
2018-03-01 00:00:00-05:00,5.220473863062326,5.229397954404776,5.166930591579913,5.175854682922363,181100,0.0,0.0
2018-03-02 00:00:00-05:00,5.17139301377928,5.229398335156274,5.153545255318984,5.2204742431640625,186800,0.0,0.0
2018-03-05 00:00:00-05:00,5.175855059775386,5.233859955628253,5.175855059775386,5.2204742431640625,200000,0.0,0.0
2018-03-06 00:00:00-05:00,5.220471700496315,5.291862699566007,5.220471700496315,5.274014949798584,148900,0.0,0.0
2018-03-07 00:00:00-05:00,5.269553891026589,5.390026108367584,5.269553891026589,5.367716312408447,514300,0.0,0.0
2018-03-08 00:00:00-05:00,5.390027482641017,5.390027482641017,5.336484214001757,5.354331970214844,135300,0.0,0.0
2018-03-09 00:00:00-05:00,5.3903304712322955,5.4083286483677835,5.354334975161642,5.385831356048584,218800,0.1,0.0
2018-03-12 00:00:00-04:00,5.381328211775488,5.43532141976121,5.367830017054025,5.376828670501709,103100,0.0,0.0
2018-03-13 00:00:00-04:00,5.381329641638866,5.412825580724298,5.331835961776046,5.340834617614746,173900,0.0,0.0
2018-03-14 00:00:00-04:00,5.363329871929495,5.376828065131213,5.3183353224573375,5.327334403991699,144100,0.0,0.0
2018-03-15 00:00:00-04:00,5.336334709661762,5.372330188751221,5.322836512278204,5.372330188751221,120100,0.0,0.0
2018-03-16 00:00:00-04:00,5.3678307468120545,5.372329859597615,5.3228361861569935,5.3318352699279785,163500,0.0,0.0
2018-03-19 00:00:00-04:00,5.3318352633693396,5.345333459909281,5.264343422469769,5.295839786529541,121400,0.0,0.0
2018-03-20 00:00:00-04:00,5.318335442347484,5.367829533702558,5.300337707972868,5.358830451965332,237400,0.0,0.0
2018-03-21 00:00:00-04:00,5.34083403710019,5.363331317901611,5.336334495119917,5.363331317901611,142600,0.0,0.0
2018-03-22 00:00:00-04:00,5.349835143338916,5.376831547225515,5.2868428191033505,5.304840564727783,150800,0.0,0.0
2018-03-23 00:00:00-04:00,5.300337656039366,5.340832665260437,5.219348066697054,5.232846260070801,304800,0.0,0.0
2018-03-26 00:00:00-04:00,5.264344109282126,5.309338675752054,5.2553454534481325,5.28684139251709,217400,0.0,0.0
2018-03-27 00:00:00-04:00,5.304836607123979,5.313835687772601,5.232845678334137,5.237345218658447,157600,0.0,0.0
2018-03-28 00:00:00-04:00,5.250844685459376,5.250844685459376,5.19235193434039,5.22384786605835,163400,0.0,0.0
2018-03-29 00:00:00-04:00,5.228347312401366,5.273341867551588,5.223847771066368,5.264342784881592,137400,0.0,0.0
2018-04-02 00:00:00-04:00,5.286839462665619,5.286839462665619,5.1968507916742555,5.232846260070801,212100,0.0,0.0
2018-04-03 00:00:00-04:00,5.273339375329085,5.277838485437888,5.219346192126358,5.2688398361206055,195500,0.0,0.0
2018-04-04 00:00:00-04:00,5.214851836605619,5.304840564727783,5.214851836605619,5.304840564727783,201200,0.0,0.0
2018-04-05 00:00:00-04:00,5.327334509423125,5.327334509423125,5.27334130644787,5.3228349685668945,257600,0.0,0.0
2018-04-06 00:00:00-04:00,5.313835468428959,5.349830931338065,5.291338196835826,5.318334579467773,208800,0.0,0.0
2018-04-09 00:00:00-04:00,5.35432878374831,5.385825128214836,5.3273324074623325,5.34982967376709,252800,0.0,0.0
2018-04-10 00:00:00-04:00,5.39032792829595,5.3993270126182935,5.349833336145277,5.372330188751221,188000,0.0,0.0
2018-04-11 00:00:00-04:00,5.3813296443974385,5.399327385184053,5.3813296443974385,5.394827842712402,184500,0.0,0.0
2018-04-12 00:00:00-04:00,5.403901785225276,5.403901785225276,5.358529233310211,5.3857526779174805,180200,0.1,0.0
2018-04-13 00:00:00-04:00,5.3902903428367495,5.394827728076535,5.367603849346693,5.381215572357178,145200,0.0,0.0
2018-04-16 00:00:00-04:00,5.390288226770339,5.426586429021288,5.372139125644865,5.422049045562744,176200,0.0,0.0
2018-04-17 00:00:00-04:00,5.431124760669566,5.458348200756214,5.431124760669566,5.444736480712891,210500,0.0,0.0
2018-04-18 00:00:00-04:00,5.4764973050502395,5.494646409344265,5.440199096462189,5.444736480712891,241400,0.0,0.0
2018-04-19 00:00:00-04:00,5.4538109702918405,5.462885305620378,5.4265870988887155,5.449273586273193,156400,0.0,0.0
2018-04-20 00:00:00-04:00,5.440202994954621,5.458352112254447,5.4175164901525665,5.435665607452393,175700,0.0,0.0
2018-04-23 00:00:00-04:00,5.449270330716011,5.485568515762052,5.435658186792373,5.462882041931152,200000,0.0,0.0
2018-04-24 00:00:00-04:00,5.499185521328652,5.499185521328652,5.40390258567184,5.4402008056640625,249200,0.0,0.0
2018-04-25 00:00:00-04:00,5.4265877882274625,5.4265877882274625,5.340379644465942,5.408438682556152,271200,0.0,0.0
2018-04-26 00:00:00-04:00,5.453812122344971,5.462886459590354,5.431125630168239,5.453812122344971,165600,0.0,0.0
2018-04-27 00:00:00-04:00,5.481036927266447,5.512797764572084,5.453813476064175,5.499186038970947,291600,0.0,0.0
2018-04-30 00:00:00-04:00,5.503723425074311,5.512797764572084,5.462887815561947,5.499186038970947,170900,0.0,0.0
2018-05-01 00:00:00-04:00,5.490110189703705,5.508259296417236,5.4628863132789895,5.508259296417236,138900,0.0,0.0
2018-05-02 00:00:00-04:00,5.517335150675447,5.517335150675447,5.485574313369812,5.499186038970947,156500,0.0,0.0
2018-05-03 00:00:00-04:00,5.485571384429932,5.503720486443986,5.4084375926930175,5.485571384429932,325500,0.0,0.0
2018-05-04 00:00:00-04:00,5.476498453592192,5.558169656397938,5.462886730694191,5.530945777893066,214200,0.0,0.0
2018-05-07 00:00:00-04:00,5.549093166824605,5.558167934417725,5.535481448143661,5.558167934417725,190600,0.0,0.0
2018-05-08 00:00:00-04:00,5.558170941184135,5.571782667228524,5.503723604297612,5.526410102844238,242100,0.0,0.0
2018-05-09 00:00:00-04:00,5.5218714284382395,5.580856137815793,5.508259705569225,5.5536322593688965,207300,0.0,0.0
2018-05-10 00:00:00-04:00,5.549093171634638,5.571779657928367,5.5354814529418945,5.5354814529418945,250800,0.0,0.0
2018-05-11 00:00:00-04:00,5.58123041266538,5.590380180278742,5.521758232033326,5.535482883453369,227800,0.1,0.0
2018-05-14 00:00:00-04:00,5.535483836436629,5.558357386838054,5.512609849750194,5.517184734344482,122400,0.0,0.0
2018-05-15 00:00:00-04:00,5.512609103751555,5.535483087342547,5.430262937337963,5.453136920928955,474700,0.0,0.0
2018-05-16 00:00:00-04:00,5.466859628120555,5.535481559958953,5.439411204413059,5.530906677246094,123000,0.0,0.0
2018-05-17 00:00:00-04:00,5.530906685435595,5.567504874622999,5.526331802715962,5.549205780029297,175000,0.0,0.0
2018-05-18 00:00:00-04:00,5.549206738731692,5.581230050731934,5.535482524486574,5.567505836486816,148600,0.0,0.0
2018-05-21 00:00:00-04:00,5.576654434204102,5.604103295371253,5.56293022176295,5.576654434204102,158900,0.0,0.0
2018-05-22 00:00:00-04:00,5.558356074470171,5.599529153527491,5.549206743726826,5.5858049392700195,209200,0.0,0.0
2018-05-23 00:00:00-04:00,5.558355719274997,5.617827892303467,5.558355719274997,5.617827892303467,205500,0.0,0.0
2018-05-24 00:00:00-04:00,5.599528419902049,5.617827515276179,5.5720799949832776,5.594953536987305,118200,0.0,0.0
2018-05-25 00:00:00-04:00,5.594955013212708,5.631553649902344,5.576655913010371,5.631553649902344,162700,0.0,0.0
2018-05-29 00:00:00-04:00,5.585805788886683,5.626978874206543,5.57208157254172,5.626978874206543,342300,0.0,0.0
2018-05-30 00:00:00-04:00,5.622403989996565,5.654427306896469,5.599530005231646,5.626978874206543,194600,0.0,0.0
2018-05-31 00:00:00-04:00,5.613254768065131,5.64527808559374,5.613254768065131,5.640703201293945,119100,0.0,0.0
2018-06-01 00:00:00-04:00,5.645276767691193,5.677300077743889,5.631552554280734,5.654426097869873,159400,0.0,0.0
2018-06-04 00:00:00-04:00,5.6864481206041075,5.72304630279541,5.668149029508457,5.72304630279541,143300,0.0,0.0
2018-06-05 00:00:00-04:00,5.732196128029253,5.773369195641443,5.700172824901898,5.759644985198975,292500,0.0,0.0
2018-06-06 00:00:00-04:00,5.759648213947872,5.768797547276865,5.718475123254833,5.764223098754883,256500,0.0,0.0
2018-06-07 00:00:00-04:00,5.782521464920376,5.782521464920376,5.745923263697491,5.773371696472168,189400,0.0,0.0
2018-06-08 00:00:00-04:00,5.777947791529403,5.81912088560467,5.773372906346581,5.800821781158447,184100,0.0,0.0
2018-06-11 00:00:00-04:00,5.819264888763428,5.842320701522016,5.800820326507167,5.819264888763428,147300,0.1,0.0
2018-06-12 00:00:00-04:00,5.8100423289091365,5.856153510716122,5.8100423289091365,5.837708950042725,128400,0.0,0.0
2018-06-13 00:00:00-04:00,5.833097509359313,5.856153319386041,5.800819639173693,5.805430889129639,133700,0.0,0.0
2018-06-14 00:00:00-04:00,5.8423177841973954,5.883818138489305,5.823873231151307,5.874595642089844,195700,0.0,0.0
2018-06-15 00:00:00-04:00,5.833095287797935,5.883818138489305,5.828484479351037,5.874595642089844,156500,0.0,0.0
2018-06-18 00:00:00-04:00,5.796208071565751,5.883820056915283,5.796208071565751,5.883820056915283,173600,0.0,0.0
2018-06-19 00:00:00-04:00,5.856154656814718,5.897655036390087,5.842321343540629,5.879210472106934,242300,0.0,0.0
2018-06-20 00:00:00-04:00,5.902262170937644,5.98526243244775,5.879206371725417,5.9575958251953125,338600,0.0,0.0
2018-06-21 00:00:00-04:00,5.994484928033758,5.994484928033758,5.934540025983086,5.9575958251953125,230900,0.0,0.0
2018-06-22 00:00:00-04:00,5.943765390681696,5.957598700985386,5.925320830359107,5.929931640625,153600,0.0,0.0
2018-06-25 00:00:00-04:00,5.948374573469032,5.948374573469032,5.837707241812139,5.869985103607178,222200,0.0,0.0
2018-06-26 00:00:00-04:00,5.86998417278233,5.911484525511024,5.837706316105709,5.888429164886475,125400,0.0,0.0
2018-06-27 00:00:00-04:00,5.888428455375194,5.902261758033678,5.8607614103054635,5.865372657775879,153600,0.0,0.0
2018-06-28 00:00:00-04:00,5.8884325151203685,5.897654576666533,5.810043013089175,5.851542949676514,191500,0.0,0.0
2018-06-29 00:00:00-04:00,5.846929032397126,5.906873939735124,5.837706535997666,5.874595642089844,161400,0.0,0.0
2018-07-02 00:00:00-04:00,5.8561529984488585,5.897653366272007,5.851541748745625,5.883820056915283,119800,0.0,0.0
2018-07-03 00:00:00-04:00,5.879210472106934,5.90226628739915,5.860765907823781,5.879210472106934,131000,0.0,0.0
2018-07-05 00:00:00-04:00,5.856154157350379,5.916099096096269,5.842320845256117,5.8976545333862305,189900,0.0,0.0
2018-07-06 00:00:00-04:00,5.916097833985992,5.948375701904297,5.888431215699722,5.948375701904297,126300,0.0,0.0
2018-07-09 00:00:00-04:00,5.994485374791439,6.022152423858643,5.939151716409857,6.022152423858643,232600,0.0,0.0
2018-07-10 00:00:00-04:00,6.026766048825497,6.059044361114502,5.999099426581243,6.059044361114502,191500,0.0,0.0
2018-07-11 00:00:00-04:00,6.045207773772744,6.063652326532239,5.994485363622342,6.012929916381836,275000,0.0,0.0
2018-07-12 00:00:00-04:00,6.054753733834053,6.054753733834053,5.980405330657959,5.980405330657959,175400,0.1,0.0
2018-07-13 00:00:00-04:00,5.99434573182833,6.0594008082056785,5.9804055165872745,6.050107479095459,241300,0.0,0.0
2018-07-16 00:00:00-04:00,6.026872944955,6.036166273222314,5.975758088454828,5.994345188140869,183400,0.0,0.0
2018-07-17 00:00:00-04:00,5.994345828274256,6.059400905698308,5.994345828274256,6.026873588562012,219400,0.0,0.0
2018-07-18 00:00:00-04:00,6.036164302561392,6.059398280371468,6.008283883710316,6.054751396179199,171900,0.0,0.0
2018-07-19 00:00:00-04:00,6.0361647605896,6.054751855617807,6.003637455078061,6.0361647605896,171000,0.0,0.0
2018-07-20 00:00:00-04:00,6.031518336547658,6.0547523178946445,6.0082847983520065,6.017578125,179300,0.0,0.0
2018-07-23 00:00:00-04:00,6.045460592964623,6.0594008082056785,6.022226605461895,6.050107479095459,180400,0.0,0.0
2018-07-24 00:00:00-04:00,6.064044752722779,6.073338077324891,6.012929916381836,6.012929916381836,194800,0.0,0.0
2018-07-25 00:00:00-04:00,6.017577417504826,6.036164511766837,5.9943434388894925,6.008284091949463,253700,0.0,0.0
2018-07-26 00:00:00-04:00,6.017578125,6.059399202794308,5.989697701904685,6.017578125,247500,0.0,0.0
2018-07-27 00:00:00-04:00,6.01757680025851,6.040810776490645,5.985049499424265,6.012929916381836,114500,0.0,0.0
2018-07-30 00:00:00-04:00,5.989697085837727,6.022224390487128,5.980403316994304,5.985050201416016,171600,0.0,0.0
2018-07-31 00:00:00-04:00,5.985052216644324,6.003639317438348,5.9664651158503,5.980405330657959,175600,0.0,0.0
2018-08-01 00:00:00-04:00,6.003637455078061,6.0361647605896,5.994343685988307,6.0361647605896,91600,0.0,0.0
2018-08-02 00:00:00-04:00,6.008283243865861,6.02687033550426,6.003636360168457,6.003636360168457,145100,0.0,0.0
2018-08-03 00:00:00-04:00,6.026871894799329,6.0547523178946445,6.017578125,6.017578125,163000,0.0,0.0
2018-08-06 00:00:00-04:00,6.017578877580917,6.059399960605526,6.017578877580917,6.045459747314453,172900,0.0,0.0
2018-08-07 00:00:00-04:00,6.040811645134477,6.064045624707562,6.031517876044722,6.0361647605896,195400,0.0,0.0
2018-08-08 00:00:00-04:00,6.040812229308573,6.06404621112849,6.022225132482908,6.031518459320068,207900,0.0,0.0
2018-08-09 00:00:00-04:00,6.050107576438562,6.059400905698308,6.0129329299452055,6.026873588562012,161500,0.0,0.0
2018-08-10 00:00:00-04:00,6.0362371624161515,6.050285688265654,5.998774129087755,6.017505645751953,188900,0.1,0.0
2018-08-13 00:00:00-04:00,6.017505645751953,6.031554171601456,6.008139664122562,6.017505645751953,137100,0.0,0.0
2018-08-14 00:00:00-04:00,6.026871783210464,6.064334820283526,6.008140264673933,6.050286293029785,96300,0.0,0.0
2018-08-15 00:00:00-04:00,6.0221900478226456,6.031556032341451,5.989409995196271,6.00814151763916,152500,0.0,0.0
2018-08-16 00:00:00-04:00,6.036237765776044,6.064334820283526,6.031554774493254,6.050286293029785,140100,0.0,0.0
2018-08-17 00:00:00-04:00,6.036239147186279,6.054970670009572,6.008141639653974,6.036239147186279,106800,0.0,0.0
2018-08-20 00:00:00-04:00,6.050286717628387,6.0690182374794635,6.03155519777731,6.040920734405518,161700,0.0,0.0
2018-08-21 00:00:00-04:00,6.059652354532994,6.069018337910853,6.045603826060874,6.064335346221924,176800,0.0,0.0
2018-08-22 00:00:00-04:00,6.0596519794016785,6.092432472600194,6.045603451799252,6.087749481201172,116600,0.0,0.0
2018-08-23 00:00:00-04:00,6.087750866156114,6.111165381883355,6.073702335357666,6.073702335357666,106200,0.0,0.0
2018-08-24 00:00:00-04:00,6.092432621965033,6.125212669372559,6.0830666389373675,6.125212669372559,116400,0.0,0.0
2018-08-27 00:00:00-04:00,6.129894514914424,6.2001375881115015,6.125211524276068,6.1954545974731445,208500,0.0,0.0
2018-08-28 00:00:00-04:00,6.18609281102385,6.200141344856538,6.148629756406789,6.172044277191162,118400,0.0,0.0
2018-08-29 00:00:00-04:00,6.15330902464281,6.195454600625761,6.15330902464281,6.19077205657959,124100,0.0,0.0
2018-08-30 00:00:00-04:00,6.223552680797277,6.223552680797277,6.186089645351566,6.214187145233154,169600,0.0,0.0
2018-08-31 00:00:00-04:00,6.195455603810842,6.228236097009358,6.195455603810842,6.204821586608887,123900,0.0,0.0
2018-09-04 00:00:00-04:00,6.190771444667954,6.190771444667954,6.148625426256254,6.1626739501953125,210400,0.0,0.0
2018-09-05 00:00:00-04:00,6.195455953959023,6.200138945622713,6.106481345322229,6.176724433898926,203400,0.0,0.0
2018-09-06 00:00:00-04:00,6.181406343345242,6.200137860125896,6.115846257910249,6.1439433097839355,143900,0.0,0.0
2018-09-07 00:00:00-04:00,6.115845388200277,6.167356940373174,6.115845388200277,6.1626739501953125,149100,0.0,0.0
2018-09-10 00:00:00-04:00,6.172040486513342,6.204820527522066,6.167357495913649,6.181406021118164,187300,0.0,0.0
2018-09-11 00:00:00-04:00,6.167357591846953,6.33594123670715,6.167357591846953,6.317209720611572,447200,0.0,0.0
2018-09-12 00:00:00-04:00,6.317211297750352,6.364040322977795,6.2984797769783105,6.354674339294434,229700,0.0,0.0
2018-09-13 00:00:00-04:00,6.335944836051164,6.387456869523053,6.331262289313122,6.3827738761901855,155800,0.0,0.0
2018-09-14 00:00:00-04:00,6.3874886394678,6.477120852512201,6.340313506352593,6.434663772583008,188300,0.1,0.0
2018-09-17 00:00:00-04:00,6.434663500024043,6.453533462491752,6.302573312854692,6.335596084594727,189400,0.0,0.0
2018-09-18 00:00:00-04:00,6.335595665474493,6.335595665474493,6.255398217818207,6.264832973480225,236400,0.0,0.0
2018-09-19 00:00:00-04:00,6.255399779790754,6.312009677584435,6.227094605946175,6.288422107696533,172600,0.0,0.0
2018-09-20 00:00:00-04:00,6.297852941558529,6.345027598674618,6.288417740198213,6.307287693023682,202700,0.0,0.0
2018-09-21 00:00:00-04:00,6.30728995924904,6.312007561624245,6.208222558846372,6.22237491607666,345000,0.0,0.0
2018-09-24 00:00:00-04:00,6.203504527402985,6.203504527402985,6.151612254550863,6.161047458648682,252400,0.0,0.0
2018-09-25 00:00:00-04:00,6.165767629394568,6.283705038984491,6.165767629394568,6.278987884521484,192100,0.0,0.0
2018-09-26 00:00:00-04:00,6.293139965985097,6.293139965985097,6.260117636744749,6.28370475769043,69700,0.0,0.0
2018-09-27 00:00:00-04:00,6.34031428095131,6.34031428095131,6.264834418661903,6.316727161407471,133500,0.0,0.0
2018-09-28 00:00:00-04:00,6.316725986498918,6.316725986498918,6.245963291342832,6.260116100311279,138500,0.0,0.0
2018-10-01 00:00:00-04:00,6.260116656794401,6.35446647549421,6.260116656794401,6.2931389808654785,136800,0.0,0.0
2018-10-02 00:00:00-04:00,6.080852101929768,6.090286859357242,5.519469863288456,5.594949722290039,1629900,0.0,0.0
2018-10-03 00:00:00-04:00,5.5666434625524746,5.6232533411674765,5.472293664860803,5.571361064910889,969400,0.0,0.0
2018-10-04 00:00:00-04:00,5.543055616070756,5.580795533209827,5.505315698931685,5.524185657501221,438000,0.0,0.0
2018-10-05 00:00:00-04:00,5.491164976455287,5.533622058448996,5.354357623643291,5.425119876861572,460100,0.0,0.0
2018-10-08 00:00:00-04:00,5.377944423654339,5.410967196447503,5.269442248478619,5.283594608306885,473900,0.0,0.0
2018-10-09 00:00:00-04:00,5.236420358427427,5.354357749834392,5.212832790166945,5.3449225425720215,553700,0.0,0.0
2018-10-10 00:00:00-04:00,5.278877394667801,5.307182566308775,5.142070039843214,5.146787643432617,497500,0.0,0.0
2018-10-11 00:00:00-04:00,5.092112646986779,5.196712659880121,5.077849153137598,5.087357997894287,583800,0.085,0.0
2018-10-12 00:00:00-04:00,5.153920348871056,5.191956624599182,5.134902211006993,5.187201976776123,302900,0.0,0.0
2018-10-15 00:00:00-04:00,5.191954135894775,5.201462973554767,5.120636266446994,5.191954135894775,287700,0.0,0.0
2018-10-16 00:00:00-04:00,5.2395018313718555,5.329837866582893,5.210974399846814,5.306065082550049,365200,0.0,0.0
2018-10-17 00:00:00-04:00,5.320328066635436,5.353610142493805,5.2680283094695675,5.348855495452881,242300,0.0,0.0
2018-10-18 00:00:00-04:00,5.320326949045069,5.34409972582787,5.25376371816683,5.272781848907471,193700,0.0,0.0
2018-10-19 00:00:00-04:00,5.310817674467685,5.372626707658374,5.2727814161084865,5.291799545288086,304100,0.0,0.0
2018-10-22 00:00:00-04:00,5.291800911353402,5.33459182641086,5.2680281303850265,5.315573692321777,278200,0.0,0.0
2018-10-23 00:00:00-04:00,5.2585200351193055,5.301310502811541,5.196710977215214,5.282292366027832,262000,0.0,0.0
2018-10-24 00:00:00-04:00,5.301308940580226,5.301308940580226,5.220481769711209,5.225236415863037,291600,0.0,0.0
2018-10-25 00:00:00-04:00,5.196711412166722,5.239502336868596,5.18720211626489,5.201465606689453,202600,0.0,0.0
2018-10-26 00:00:00-04:00,5.149165257612574,5.168183393838834,5.09686549634739,5.144410610198975,236000,0.0,0.0
2018-10-29 00:00:00-04:00,5.153921974974907,5.206221757245039,5.125394532464087,5.158676624298096,340800,0.0,0.0
2018-10-30 00:00:00-04:00,5.130145316288237,5.153918091563384,5.06358163620342,5.077845573425293,243500,0.0,0.0
2018-10-31 00:00:00-04:00,5.111127133747559,5.191954296788036,5.111127133747559,5.163426876068115,217000,0.0,0.0
2018-11-01 00:00:00-04:00,5.158673410047269,5.24900942375999,5.158673410047269,5.215727806091309,366800,0.0,0.0
2018-11-02 00:00:00-04:00,5.206220254640369,5.249011179342243,5.18720211626489,5.201465606689453,285300,0.0,0.0
2018-11-05 00:00:00-05:00,5.19195632966225,5.282292366027832,5.19195632966225,5.282292366027832,232000,0.0,0.0
2018-11-06 00:00:00-05:00,5.291799545288086,5.301308383163903,5.268026770456595,5.291799545288086,155500,0.0,0.0
2018-11-07 00:00:00-05:00,5.310818009477604,5.348854270236155,5.310818009477604,5.3393449783325195,301800,0.0,0.0
2018-11-08 00:00:00-05:00,5.348856039964405,5.35361068748935,5.306065119096186,5.325083255767822,217300,0.0,0.0
2018-11-09 00:00:00-05:00,5.3083142775280825,5.33705986293441,5.236450999355632,5.279569149017334,319200,0.085,0.0
2018-11-12 00:00:00-05:00,5.246033347815569,5.289151503980746,5.188542625227214,5.202915191650391,211000,0.0,0.0
2018-11-13 00:00:00-05:00,5.207705750147709,5.255614909952643,5.198124192324088,5.212496757507324,175200,0.0,0.0
2018-11-14 00:00:00-05:00,5.2172882077292755,5.236451781898801,5.159797485220699,5.193333625793457,190200,0.0,0.0
2018-11-15 00:00:00-05:00,5.159797416393792,5.188542548816822,5.150215400989021,5.155006408691406,164300,0.0,0.0
2018-11-16 00:00:00-05:00,5.159796276815095,5.2029139659267845,5.145423256882324,5.178959846496582,181600,0.0,0.0
2018-11-19 00:00:00-05:00,5.164589540465949,5.178962567951496,5.087935221459489,5.092726230621338,156400,0.0,0.0
2018-11-20 00:00:00-05:00,5.054397643970911,5.063979202693402,4.934625190118025,4.963370323181152,412200,0.0,0.0
2018-11-21 00:00:00-05:00,4.9825331937740005,5.059187937205252,4.948997057638545,4.968160629272461,269900,0.0,0.0
2018-11-23 00:00:00-05:00,4.958579145030972,5.006487846374512,4.958579145030972,5.006487846374512,54600,0.0,0.0
2018-11-26 00:00:00-05:00,5.030442490354823,5.068769634682069,5.0112789181912,5.035233497619629,182100,0.0,0.0
2018-11-27 00:00:00-05:00,5.011277645029783,5.035232218372331,4.987323071687235,5.00169563293457,140900,0.0,0.0
2018-11-28 00:00:00-05:00,5.001696284748206,5.087932577261371,4.996905734971787,5.078351020812988,292500,0.0,0.0
2018-11-29 00:00:00-05:00,5.054395578856671,5.140631399707656,5.054395578856671,5.116677284240723,161800,0.0,0.0
2018-11-30 00:00:00-05:00,5.09751612584974,5.140633828196753,5.092725117734846,5.135843276977539,256100,0.0,0.0
2018-12-03 00:00:00-05:00,5.188542625227214,5.226869773619451,5.174170058804038,5.202915191650391,259500,0.0,0.0
2018-12-04 00:00:00-05:00,5.1741693642617115,5.188541928755621,5.063978484753506,5.08793306350708,349500,0.0,0.0
2018-12-06 00:00:00-05:00,4.996905667573717,5.054396376175213,4.944205508684027,5.049605369567871,358000,0.0,0.0
2018-12-07 00:00:00-05:00,5.0304409343805085,5.049604500616616,4.915459536963864,4.977741241455078,324900,0.0,0.0
2018-12-10 00:00:00-05:00,4.996907328879865,4.996907328879865,4.877134865249154,4.915462017059326,327800,0.0,0.0
2018-12-11 00:00:00-05:00,4.9394145115958,4.968159634845254,4.905877925277442,4.948996067047119,198400,0.0,0.0
2018-12-12 00:00:00-05:00,4.953786669436079,5.0064863623615095,4.910668531180972,4.977741241455078,509300,0.0,0.0
2018-12-13 00:00:00-05:00,4.970495975765782,4.989817613293315,4.883548376559793,4.907700538635254,338500,0.085,0.0
2018-12-14 00:00:00-05:00,4.8545660582001195,4.878718219815875,4.757957872401265,4.786940097808838,557600,0.0,0.0
2018-12-17 00:00:00-05:00,4.757960712268739,4.757960712268739,4.497118224591601,4.598556995391846,876000,0.0,0.0
2018-12-18 00:00:00-05:00,4.598555106031753,4.61787674678549,4.497116376908576,4.584063529968262,495400,0.0,0.0
2018-12-19 00:00:00-05:00,4.608214727752801,4.613045252092261,4.463302222218103,4.501945495605469,992800,0.0,0.0
2018-12-20 00:00:00-05:00,4.4584722699910335,4.516437648174371,4.207290960741504,4.294238567352295,967500,0.0,0.0
2018-12-21 00:00:00-05:00,4.245935201388241,4.3473739452028815,4.178309218623708,4.212122440338135,761900,0.0,0.0
2018-12-24 00:00:00-05:00,4.2121209021266965,4.323220196813222,4.168647104844438,4.27008581161499,757700,0.0,0.0
2018-12-26 00:00:00-05:00,4.4149987020950965,4.579232396354576,4.371524901007749,4.574402332305908,1362700,0.0,0.0
2018-12-27 00:00:00-05:00,4.501945140662734,4.714483588200426,4.482623505492409,4.704822540283203,893600,0.0,0.0
2018-12-28 00:00:00-05:00,4.702386849791933,4.741370332081128,4.595182505856531,4.639039039611816,691200,0.085,0.0
2018-12-31 00:00:00-05:00,4.790099621285257,4.790099621285257,4.55619874200463,4.580563068389893,1141400,0.0,0.0
2019-01-02 00:00:00-05:00,4.522089839112487,4.707261682412172,4.522089839112487,4.6780242919921875,337800,0.0,0.0
2019-01-03 00:00:00-05:00,4.673151276746784,4.673151276746784,4.580565121982822,4.6049299240112305,245200,0.0,0.0
2019-01-04 00:00:00-05:00,4.629292562613029,4.755989102175173,4.629292562613029,4.746243000030518,232200,0.0,0.0
2019-01-07 00:00:00-05:00,4.736498306719183,4.9070509457688924,4.726752202631863,4.882686614990234,201600,0.0,0.0
2019-01-08 00:00:00-05:00,4.960652152845206,4.999635628470263,4.902176939407621,4.946033000946045,277800,0.0,0.0
2019-01-09 00:00:00-05:00,4.985017069064099,5.05811144308846,4.941161002313173,5.053238391876221,165500,0.0,0.0
2019-01-10 00:00:00-05:00,5.048368849655089,5.0922254116093235,5.028877095977659,5.0678606033325195,221300,0.0,0.0
2019-01-11 00:00:00-05:00,5.067854988709132,5.126330649676916,5.058109355027535,5.111711502075195,163300,0.0,0.0
2019-01-14 00:00:00-05:00,5.116588967661755,5.116588967661755,5.053240667533835,5.0824785232543945,178900,0.0,0.0
2019-01-15 00:00:00-05:00,5.082478256905462,5.116588699525255,5.053240402717122,5.087350845336914,127000,0.0,0.0
2019-01-16 00:00:00-05:00,5.111714515723091,5.165317159092124,5.101968876295882,5.13607931137085,215300,0.0,0.0
2019-01-17 00:00:00-05:00,5.131206561391431,5.189681795556821,5.121460921390458,5.18480920791626,132700,0.0,0.0
2019-01-18 00:00:00-05:00,5.184809862917238,5.277395545862229,5.165318115733034,5.262776851654053,443400,0.0,0.0
2019-01-22 00:00:00-05:00,5.257903352703077,5.2725220456712965,5.21404680907855,5.253030300140381,368300,0.0,0.0
2019-01-23 00:00:00-05:00,5.292012645293146,5.301758748308161,5.179935248939094,5.238410472869873,235700,0.0,0.0
2019-01-24 00:00:00-05:00,5.277394579129833,5.306632426910198,5.189681500508563,5.199427604675293,269400,0.0,0.0
2019-01-25 00:00:00-05:00,5.218921074282314,5.26277762809712,5.218921074282314,5.248158931732178,184200,0.0,0.0
2019-01-28 00:00:00-05:00,5.2384099803158115,5.321249989275128,5.179934761883304,5.311503887176514,206400,0.0,0.0
2019-01-29 00:00:00-05:00,5.3261241093021265,5.3261241093021265,5.277394518468254,5.2822675704956055,115100,0.0,0.0
2019-01-30 00:00:00-05:00,5.321254308573044,5.379729574470318,5.306635608278752,5.365110874176025,227200,0.0,0.0
2019-01-31 00:00:00-05:00,5.37972570882134,5.43820093270073,5.36998007053466,5.374852657318115,178300,0.0,0.0
2019-02-01 00:00:00-05:00,5.389472036487667,5.428455520698951,5.374852881368594,5.379725933074951,153400,0.0,0.0
2019-02-04 00:00:00-05:00,5.374852315556704,5.42358189805093,5.326123197782217,5.335868835449219,387000,0.0,0.0
2019-02-05 00:00:00-05:00,5.335870235692885,5.369981138278152,5.326124595468424,5.345616340637207,146200,0.0,0.0
2019-02-06 00:00:00-05:00,5.365107019031435,5.40896355312092,5.3602339675282105,5.374852657318115,162300,0.0,0.0
2019-02-07 00:00:00-05:00,5.384598417943445,5.384598417943445,5.277393615287991,5.335868835449219,235200,0.0,0.0
2019-02-08 00:00:00-05:00,5.3066327000817,5.335870084647303,5.277394850796247,5.321251392364502,152400,0.0,0.0
2019-02-11 00:00:00-05:00,5.353173539450551,5.372818194942707,5.328618071359505,5.3629961013793945,161500,0.085,0.0
2019-02-12 00:00:00-05:00,5.397372722625732,5.421928652672943,5.367905981261408,5.397372722625732,143400,0.0,0.0
2019-02-13 00:00:00-05:00,5.412108554093031,5.421930648708586,5.387552615005769,5.417019367218018,149800,0.0,0.0
2019-02-14 00:00:00-05:00,5.402285575866699,5.421930231953411,5.372818357553859,5.402285575866699,89800,0.0,0.0
2019-02-15 00:00:00-05:00,5.4219286048901285,5.4464845347209305,5.392461395420085,5.412106513977051,159000,0.0,0.0
2019-02-19 00:00:00-05:00,5.426840613337779,5.426840613337779,5.367906654848444,5.387551307678223,168500,0.0,0.0
2019-02-20 00:00:00-05:00,5.392463013640571,5.446486169153187,5.387552200893052,5.402285575866699,160500,0.0,0.0
2019-02-21 00:00:00-05:00,5.4415746332865735,5.446485914169711,5.402285322952524,5.4268412590026855,228800,0.0,0.0
2019-02-22 00:00:00-05:00,5.441573819990604,5.451396380288802,5.417017887610565,5.431751728057861,174400,0.0,0.0
2019-02-25 00:00:00-05:00,5.456306425243014,5.4759510747130955,5.421928405761719,5.421928405761719,182000,0.0,0.0
2019-02-26 00:00:00-05:00,5.41702105397671,5.42193233699656,5.358087062835693,5.358087062835693,231900,0.0,0.0
2019-02-27 00:00:00-05:00,5.358083925113021,5.387551137610235,5.338439272903362,5.348261833190918,161500,0.0,0.0
2019-02-28 00:00:00-05:00,5.343351424089212,5.362996079501228,5.308973394209565,5.328618049621582,197400,0.0,0.0
2019-03-01 00:00:00-05:00,5.343349646786882,5.372816385920928,5.304060349031236,5.333527088165283,270600,0.0,0.0
2019-03-04 00:00:00-05:00,5.333529137045935,5.348262980638354,5.279506448970396,5.338440418243408,175500,0.0,0.0
2019-03-05 00:00:00-05:00,5.318794869681243,5.343350803184211,5.3040614969256525,5.323706150054932,193700,0.0,0.0
2019-03-06 00:00:00-05:00,5.338438333916125,5.338438333916125,5.279504387653144,5.299149036407471,127300,0.0,0.0
2019-03-07 00:00:00-05:00,5.299149617927007,5.299149617927007,5.2451269450155955,5.26968240737915,154300,0.0,0.0
2019-03-08 00:00:00-05:00,5.254951062471518,5.264773625896623,5.196017087017694,5.240217685699463,203100,0.0,0.0
2019-03-11 00:00:00-04:00,5.2723949598310105,5.346654329708095,5.2723949598310105,5.336752891540527,219900,0.085,0.0
2019-03-12 00:00:00-04:00,5.341704289137027,5.351605728562293,5.331803321838379,5.331803321838379,99100,0.0,0.0
2019-03-13 00:00:00-04:00,5.3516052691452245,5.391210079193115,5.341703830569964,5.391210079193115,348200,0.0,0.0
2019-03-14 00:00:00-04:00,5.391209234086968,5.39615948047204,5.3714068321671755,5.376357078552246,111400,0.0,0.0
2019-03-15 00:00:00-04:00,5.376357721444703,5.396160125732422,5.371407474467692,5.396160125732422,108700,0.0,0.0
2019-03-18 00:00:00-04:00,5.4011108448359915,5.4110122830431315,5.381308440548272,5.396160125732422,141100,0.0,0.0
2019-03-19 00:00:00-04:00,5.406064553706727,5.425866968945964,5.371410445069769,5.381311416625977,128300,0.0,0.0
2019-03-20 00:00:00-04:00,5.391209234086968,5.406060917495188,5.361505395144027,5.376357078552246,203800,0.0,0.0
2019-03-21 00:00:00-04:00,5.38130944073237,5.490222920621047,5.366457752787847,5.430815696716309,299200,0.0,0.0
2019-03-22 00:00:00-04:00,5.430813644427993,5.450616044912971,5.366455724820198,5.386258125305176,110000,0.0,0.0
2019-03-25 00:00:00-04:00,5.381307407152314,5.386258125305176,5.34665332433522,5.386258125305176,176600,0.0,0.0
2019-03-26 00:00:00-04:00,5.396160751891803,5.411012910925926,5.351605691169277,5.356555938720703,173200,0.0,0.0
2019-03-27 00:00:00-04:00,5.376359505333434,5.386260946825894,5.326853714251277,5.351606845855713,133700,0.0,0.0
2019-03-28 00:00:00-04:00,5.351605048791878,5.38625913812525,5.336752891540527,5.336752891540527,140000,0.0,0.0
2019-03-29 00:00:00-04:00,5.361505594621403,5.3912094346694905,5.341703191964852,5.3714070320129395,140500,0.0,0.0
2019-04-01 00:00:00-04:00,5.3961611286768925,5.430815696716309,5.3961611286768925,5.430815696716309,112600,0.0,0.0
2019-04-02 00:00:00-04:00,5.415962500375433,5.445666342707706,5.391209849246189,5.420913219451904,141800,0.0,0.0
2019-04-03 00:00:00-04:00,5.420911766040717,5.470417999279107,5.420911766040717,5.445664882659912,149000,0.0,0.0
2019-04-04 00:00:00-04:00,5.455568673033566,5.4704203605651855,5.450617953147482,5.4704203605651855,113000,0.0,0.0
2019-04-05 00:00:00-04:00,5.460518771163065,5.529827431289138,5.455568523539262,5.5100250244140625,147100,0.0,0.0
2019-04-08 00:00:00-04:00,5.510024977647246,5.529827384354246,5.425864631110842,5.47537088394165,293400,0.0,0.0
2019-04-09 00:00:00-04:00,5.465467281529982,5.514973514768371,5.445664882659912,5.445664882659912,201000,0.0,0.0
2019-04-10 00:00:00-04:00,5.450619697570801,5.470422111326093,5.406064148589694,5.450619697570801,231600,0.0,0.0
2019-04-11 00:00:00-04:00,5.473069190979004,5.473069190979004,5.448123475683395,5.473069190979004,160000,0.085,0.0
2019-04-12 00:00:00-04:00,5.463088720584949,5.50799089656835,5.463088720584949,5.478055953979492,170500,0.0,0.0
2019-04-15 00:00:00-04:00,5.4880344564354555,5.503001689910889,5.458099513684816,5.503001689910889,120800,0.0,0.0
2019-04-16 00:00:00-04:00,5.52794894699218,5.547905422491072,5.503003233668588,5.5229597091674805,168100,0.0,0.0
2019-04-17 00:00:00-04:00,5.527950456105591,5.527950456105591,5.478059015838197,5.4930267333984375,256400,0.0,0.0
2019-04-18 00:00:00-04:00,5.512983214345388,5.517972453532135,5.478059015838197,5.4930267333984375,181300,0.0,0.0
2019-04-22 00:00:00-04:00,5.507990539073429,5.517969011221988,5.483044834501771,5.498012542724609,260000,0.0,0.0
2019-04-23 00:00:00-04:00,5.498012308086292,5.54291400343932,5.493023072224937,5.5379252433776855,163200,0.0,0.0
2019-04-24 00:00:00-04:00,5.547906937052542,5.562874178812745,5.448124532317791,5.4930267333984375,363000,0.0,0.0
2019-04-25 00:00:00-04:00,5.498012899571911,5.50799089656835,5.453110723588511,5.478055953979492,223800,0.0,0.0
2019-04-26 00:00:00-04:00,5.517970085144043,5.517970085144043,5.478056664581491,5.517970085144043,133900,0.0,0.0
2019-04-29 00:00:00-04:00,5.517969011221988,5.542914239993904,5.498012542724609,5.498012542724609,163300,0.0,0.0
2019-04-30 00:00:00-04:00,5.503003233668588,5.52794894699218,5.4980144716437955,5.5229597091674805,201600,0.0,0.0
2019-05-01 00:00:00-04:00,5.5578817110233825,5.567859706946371,5.527946771654977,5.5379252433776855,176600,0.0,0.0
2019-05-02 00:00:00-04:00,5.532937139561601,5.582828080983727,5.522958665797286,5.527947902679443,148600,0.0,0.0
2019-05-03 00:00:00-04:00,5.532938903624572,5.597797576372016,5.527949665151699,5.5878190994262695,230100,0.0,0.0
2019-05-06 00:00:00-04:00,5.552894569735045,5.632720470428467,5.537927332305003,5.632720470428467,310900,0.0,0.0
2019-05-07 00:00:00-04:00,5.627730705613172,5.627730705613172,5.562872048424208,5.582828521728516,283300,0.0,0.0
2019-05-08 00:00:00-04:00,5.607775577517794,5.6127648159906665,5.5778410982804925,5.5878190994262695,163200,0.0,0.0
2019-05-09 00:00:00-04:00,5.577840896159513,5.582829658651642,5.522960226546525,5.572851657867432,205300,0.0,0.0
2019-05-10 00:00:00-04:00,5.565311210840054,5.600503207641745,5.4949281761336035,5.535147190093994,256100,0.085,0.0
2019-05-13 00:00:00-04:00,5.479843149074616,5.494925631912729,5.409460146956396,5.4195146560668945,347100,0.0,0.0
2019-05-14 00:00:00-04:00,5.424544772658819,5.4949282882498105,5.424544772658819,5.484873294830322,137600,0.0,0.0
2019-05-15 00:00:00-04:00,5.469790829370783,5.52509185023461,5.454708819944001,5.520064353942871,141000,0.0,0.0
2019-05-16 00:00:00-04:00,5.525090996153393,5.580392487917024,5.474817479352701,5.565310001373291,193400,0.0,0.0
2019-05-17 00:00:00-04:00,5.5552566970741895,5.5552566970741895,5.4949281761336035,5.535147190093994,138700,0.0,0.0
2019-05-20 00:00:00-04:00,5.535145271001279,5.55022727614522,5.429570276097092,5.439624786376953,274700,0.0,0.0
2019-05-21 00:00:00-04:00,5.454707270969193,5.520062786409039,5.4345977709611715,5.439624786376953,276200,0.0,0.0
2019-05-22 00:00:00-04:00,5.434597260492939,5.459733773555685,5.3943777848063865,5.404432773590088,271200,0.0,0.0
2019-05-23 00:00:00-04:00,5.374267898154591,5.394377394819925,5.323994396215368,5.354158401489258,257500,0.0,0.0
2019-05-24 00:00:00-04:00,5.369240883574423,5.404432382876701,5.339076398852313,5.354158401489258,369800,0.0,0.0
2019-05-28 00:00:00-04:00,5.369241761650282,5.379296271903136,5.3340497771445525,5.344104766845703,148200,0.0,0.0
2019-05-29 00:00:00-04:00,5.334052897796821,5.34913539117246,5.29383387435894,5.313943386077881,218900,0.0,0.0
2019-05-30 00:00:00-04:00,5.303885095139884,5.3642135873606005,5.303885095139884,5.3491315841674805,182000,0.0,0.0
2019-05-31 00:00:00-04:00,5.3340503526666625,5.3340503526666625,5.283776837081496,5.2938313484191895,172600,0.0,0.0
2019-06-03 00:00:00-04:00,5.374269663038724,5.374269663038724,5.21339363688515,5.23853063583374,220500,0.0,0.0
2019-06-04 00:00:00-04:00,5.263668301119848,5.339078828063601,5.248585812172347,5.329024314880371,171800,0.0,0.0
2019-06-05 00:00:00-04:00,5.354158598933029,5.3642135873606005,5.298857600926098,5.3491315841674805,170500,0.0,0.0
2019-06-06 00:00:00-04:00,5.349132261696279,5.3591867719491315,5.303885766937696,5.344104766845703,255200,0.0,0.0
2019-06-07 00:00:00-04:00,5.344104644564181,5.394378153574705,5.3390771498286425,5.35918664932251,232500,0.0,0.0
2019-06-10 00:00:00-04:00,5.384324954229501,5.414489450537228,5.369242945799839,5.374269962310791,169700,0.0,0.0
2019-06-11 00:00:00-04:00,5.389351945392978,5.44465295742088,5.389351945392978,5.434598445892334,257900,0.0,0.0
2019-06-12 00:00:00-04:00,5.444653257692213,5.494927256452621,5.439625761926495,5.474817752838135,224700,0.0,0.0
2019-06-13 00:00:00-04:00,5.512819541737201,5.512819541737201,5.457083489298211,5.477351188659668,155500,0.085,0.0
2019-06-14 00:00:00-04:00,5.47228299972121,5.47228299972121,5.416546475706866,5.426680564880371,123000,0.0,0.0
2019-06-17 00:00:00-04:00,5.446951964430891,5.457086060496505,5.411483594641836,5.416550159454346,183300,0.0,0.0
2019-06-18 00:00:00-04:00,5.457083489298211,5.477351188659668,5.416547607355226,5.477351188659668,211300,0.0,0.0
2019-06-19 00:00:00-04:00,5.482419223330447,5.517888069152831,5.467218565532396,5.517888069152832,112200,0.0,0.0
2019-06-20 00:00:00-04:00,5.56348882555526,5.583757009146006,5.533087516609327,5.5533552169799805,210700,0.0,0.0
2019-06-21 00:00:00-04:00,5.548286569242002,5.604023091584732,5.528018874722815,5.558420658111572,174800,0.0,0.0
2019-06-24 00:00:00-04:00,5.593888010289902,5.598955053825731,5.5482855849071795,5.573620319366455,196000,0.0,0.0
2019-06-25 00:00:00-04:00,5.5786876749797285,5.5786876749797285,5.477349214693517,5.507750511169434,143700,0.0,0.0
2019-06-26 00:00:00-04:00,5.507753975140664,5.538155773956966,5.487486270336531,5.517888069152832,139000,0.0,0.0
2019-06-27 00:00:00-04:00,5.538154473560103,5.553355127788935,5.512819727698657,5.52802038192749,131400,0.0,0.0
2019-06-28 00:00:00-04:00,5.558422959400258,5.598958365221032,5.558422959400258,5.588824272155762,138200,0.0,0.0
2019-07-01 00:00:00-04:00,5.634426244864071,5.659760992150407,5.6192255897803145,5.64456033706665,214600,0.0,0.0
2019-07-02 00:00:00-04:00,5.644558662311389,5.680027008056641,5.639491617713504,5.680027008056641,147600,0.0,0.0
2019-07-03 00:00:00-04:00,5.705362132799171,5.705362132799171,5.649625604901522,5.654692649841309,129400,0.0,0.0
2019-07-05 00:00:00-04:00,5.659763243777948,5.695231614157157,5.639495534529784,5.690164566040039,132000,0.0,0.0
2019-07-08 00:00:00-04:00,5.700294494628906,5.720562189058788,5.680026800199023,5.700294494628906,164400,0.0,0.0
2019-07-09 00:00:00-04:00,5.7053603487636595,5.750962772522102,5.6901592186976115,5.735761642456055,170500,0.0,0.0
2019-07-10 00:00:00-04:00,5.766166384492461,5.786434085116227,5.745898683868695,5.761099338531494,156900,0.0,0.0
2019-07-11 00:00:00-04:00,5.809598828849499,5.814704041276203,5.753442952735312,5.773863315582275,172700,0.085,0.0
2019-07-12 00:00:00-04:00,5.768758309508485,5.773863522117806,5.717707157135009,5.71770715713501,163300,0.0,0.0
2019-07-15 00:00:00-04:00,5.727916907657262,5.75344248083732,5.722811695649288,5.748337268829346,130900,0.0,0.0
2019-07-16 00:00:00-04:00,5.763652890728867,5.784073253575831,5.738127315455198,5.773863315582275,138400,0.0,0.0
2019-07-17 00:00:00-04:00,5.773863890640447,5.789179042586046,5.733022674019013,5.784073829650879,185400,0.0,0.0
2019-07-18 00:00:00-04:00,5.794283390045165,5.794283390045165,5.748337454211283,5.794283390045166,146500,0.0,0.0
2019-07-19 00:00:00-04:00,5.814701463417596,5.830016607048122,5.748335191872468,5.80449104309082,186700,0.0,0.0
2019-07-22 00:00:00-04:00,5.804490851711479,5.8453315579527505,5.799385641716414,5.809596061706543,218800,0.0,0.0
2019-07-23 00:00:00-04:00,5.809597311074095,5.850438026098257,5.809597311074095,5.8402276039123535,176000,0.0,0.0
2019-07-24 00:00:00-04:00,5.840224756644543,5.870855521409201,5.835120034900007,5.865750312805176,136400,0.0,0.0
2019-07-25 00:00:00-04:00,5.860650247006478,5.875965886258246,5.850440307698548,5.855545520782471,149700,0.0,0.0
2019-07-26 00:00:00-04:00,5.845330925133064,5.891276836395263,5.845330925133064,5.891276836395264,105100,0.0,0.0
2019-07-29 00:00:00-04:00,5.875965312377799,5.891280463273885,5.835124585414989,5.8708600997924805,126600,0.0,0.0
2019-07-30 00:00:00-04:00,5.865751361514574,5.881066990064856,5.860646151997814,5.875961780548096,71300,0.0,0.0
2019-07-31 00:00:00-04:00,5.88106793437296,5.911698222672597,5.78407088541825,5.824911594390869,301500,0.0,0.0
2019-08-01 00:00:00-04:00,5.845331662510273,5.881067646255325,5.819806098937988,5.819806098937988,120900,0.0,0.0
2019-08-02 00:00:00-04:00,5.809595967462434,5.809595967462434,5.753440119006559,5.7993855476379395,119800,0.0,0.0
2019-08-05 00:00:00-04:00,5.738127630028644,5.743232842735224,5.641131022903018,5.651340961456299,241500,0.0,0.0
2019-08-06 00:00:00-04:00,5.6717562183788575,5.753438087555345,5.6717562183788575,5.738122463226318,158900,0.0,0.0
2019-08-07 00:00:00-04:00,5.702388096097567,5.727913654781689,5.676862537413445,5.707493305206299,182500,0.0,0.0
2019-08-08 00:00:00-04:00,5.712596909537381,5.784068362494517,5.712596909537381,5.738122463226318,173300,0.0,0.0
2019-08-09 00:00:00-04:00,5.766418377090589,5.7715624897938085,5.714978231197564,5.725266456604004,120300,0.085,0.0
2019-08-12 00:00:00-04:00,5.699547265542432,5.704691379041596,5.6532512251892895,5.6892595291137695,152000,0.0,0.0
2019-08-13 00:00:00-04:00,5.699546462671096,5.786994417559789,5.68411461491709,5.76641845703125,152300,0.0,0.0
2019-08-14 00:00:00-04:00,5.7406971558620254,5.766417223663885,5.617241419096485,5.632673263549805,203100,0.0,0.0
2019-08-15 00:00:00-04:00,5.64296192925411,5.6738256205801765,5.601810013773002,5.617241859436035,195200,0.0,0.0
2019-08-16 00:00:00-04:00,5.678971247792184,5.7509873643825955,5.642963434781807,5.6532511711120605,124700,0.0,0.0
2019-08-19 00:00:00-04:00,5.684115446525812,5.730411487130721,5.678971332998675,5.704691410064697,91200,0.0,0.0
2019-08-20 00:00:00-04:00,5.7252665359741695,5.771562569805783,5.7252665359741695,5.76641845703125,120400,0.0,0.0
2019-08-21 00:00:00-04:00,5.792138037456744,5.812713996234388,5.750986119901455,5.756129741668701,160300,0.0,0.0
2019-08-22 00:00:00-04:00,5.781849812783145,5.812713996234388,5.6789700188949235,5.756129741668701,156000,0.0,0.0
2019-08-23 00:00:00-04:00,5.745840943693064,5.756128675892285,5.673824856020676,5.709833145141602,151400,0.0,0.0
2019-08-26 00:00:00-04:00,5.720122297203001,5.750986482600766,5.699546337127686,5.6995463371276855,130000,0.0,0.0
2019-08-27 00:00:00-04:00,5.720123217358828,5.740699180744053,5.678971290588378,5.678971290588379,143400,0.0,0.0
2019-08-28 00:00:00-04:00,5.678969302752948,5.684113414441054,5.642961502075195,5.642961502075195,78400,0.0,0.0
2019-08-29 00:00:00-04:00,5.694403183010421,5.7355551100881925,5.6892595600529505,5.704691410064697,103200,0.0,0.0
2019-08-30 00:00:00-04:00,5.7355551100881925,5.7355551100881925,5.648107142405513,5.704691410064697,114000,0.0,0.0
2019-09-03 00:00:00-04:00,5.684115446525812,5.725267373603583,5.668683596514065,5.704691410064697,98400,0.0,0.0
2019-09-04 00:00:00-04:00,5.7046915133290925,5.761275291442871,5.7046915133290925,5.761275291442871,166200,0.0,0.0
2019-09-05 00:00:00-04:00,5.781850304785256,5.786994417559789,5.750986609277244,5.76641845703125,163800,0.0,0.0
2019-09-06 00:00:00-04:00,5.766419458009336,5.828147350310144,5.766419458009336,5.79728364944458,278000,0.0,0.0
2019-09-09 00:00:00-04:00,5.792139555070555,5.802427291870117,5.75613124984788,5.802427291870117,102700,0.0,0.0
2019-09-10 00:00:00-04:00,5.797282643108857,5.797282643108857,5.761274344256716,5.76641845703125,137200,0.0,0.0
2019-09-11 00:00:00-04:00,5.7664199664244595,5.838436092409777,5.75613173818239,5.817860126495361,170500,0.0,0.0
2019-09-12 00:00:00-04:00,5.833288707396805,5.869296504913999,5.8178568642565,5.848720550537109,170200,0.0,0.0
2019-09-13 00:00:00-04:00,5.882410420004019,5.882410420004019,5.79948616027832,5.79948616027832,156200,0.085,0.0
2019-09-16 00:00:00-04:00,5.783936023712158,5.804666957715036,5.768387946776112,5.783936023712158,122800,0.0,0.0
2019-09-17 00:00:00-04:00,5.789118880778991,5.804666957715036,5.773570803842945,5.783936023712158,111300,0.0,0.0
2019-09-18 00:00:00-04:00,5.778754562625607,5.789120279263331,5.752841259560443,5.763206481933594,158100,0.0,0.0
2019-09-19 00:00:00-04:00,5.778753166645325,5.804666957715036,5.763205089709279,5.783936023712158,128200,0.0,0.0
2019-09-20 00:00:00-04:00,5.804668030171446,5.835764684053334,5.778754234313965,5.778754234313965,189200,0.0,0.0
2019-09-23 00:00:00-04:00,5.758022892916581,5.830581417379191,5.747657671858787,5.820215702056885,217600,0.0,0.0
2019-09-24 00:00:00-04:00,5.825399960551062,5.856496619731278,5.778755218913052,5.79948616027832,78900,0.0,0.0
2019-09-25 00:00:00-04:00,5.799484100648203,5.866859759723673,5.752839869840067,5.783936023712158,114200,0.0,0.0
2019-09-26 00:00:00-04:00,5.768389306823115,5.79948546802693,5.726927429041647,5.742475509643555,156000,0.0,0.0
2019-09-27 00:00:00-04:00,5.742474366733793,5.742474366733793,5.701012497204374,5.70619535446167,93400,0.0,0.0
2019-09-30 00:00:00-04:00,5.706195468750262,5.721743546569086,5.659550741029307,5.70101261138916,117400,0.0,0.0
2019-10-01 00:00:00-04:00,5.701013531298486,5.7165616116261315,5.633637857525938,5.6802825927734375,113900,0.0,0.0
2019-10-02 00:00:00-04:00,5.654367522422316,5.690646533103276,5.576626644030416,5.628453731536865,223700,0.0,0.0
2019-10-03 00:00:00-04:00,5.597360047169941,5.649187157540001,5.545532442535212,5.623273849487305,141500,0.0,0.0
2019-10-04 00:00:00-04:00,5.623270819448976,5.664732683109617,5.618087962925295,5.654366970062256,117700,0.0,0.0
2019-10-07 00:00:00-04:00,5.669915961487028,5.70101261138916,5.644002663210482,5.70101261138916,127300,0.0,0.0
2019-10-08 00:00:00-04:00,5.654368550139806,5.706196141330702,5.649185692167809,5.66991662979126,150200,0.0,0.0
2019-10-09 00:00:00-04:00,5.711379675770185,5.7528415559279145,5.695831100012587,5.726927757263184,137600,0.0,0.0
2019-10-10 00:00:00-04:00,5.695828994392205,5.7528394292320515,5.695828994392205,5.737290859222412,107000,0.0,0.0
2019-10-11 00:00:00-04:00,5.755573438045924,5.771241828160719,5.698121844143108,5.750350475311279,164900,0.085,0.0
2019-10-14 00:00:00-04:00,5.755573438045924,5.781687255540869,5.745127512576634,5.750350475311279,137700,0.0,0.0
2019-10-15 00:00:00-04:00,5.750350972689103,5.786910718815581,5.734682083129883,5.734682083129883,139500,0.0,0.0
2019-10-16 00:00:00-04:00,5.7346784310266905,5.760792732238769,5.71901004953499,5.7607927322387695,164000,0.0,0.0
2019-10-17 00:00:00-04:00,5.766017109480641,5.8130227635993705,5.745125762993316,5.776463031768799,161800,0.0,0.0
2019-10-18 00:00:00-04:00,5.755570906436087,5.78690767288208,5.734679064686861,5.78690767288208,105300,0.0,0.0
2019-10-21 00:00:00-04:00,5.776464940777485,5.8025787589500055,5.771241977907319,5.792133331298828,156100,0.0,0.0
2019-10-22 00:00:00-04:00,5.797354065558701,5.839136756279679,5.7816851829716125,5.8182454109191895,189300,0.0,0.0
2019-10-23 00:00:00-04:00,5.802577643467491,5.813023567199708,5.776463830315068,5.813023567199707,240700,0.0,0.0
2019-10-24 00:00:00-04:00,5.807799489194465,5.8495821799154415,5.792131104696338,5.8182454109191895,146400,0.0,0.0
2019-10-25 00:00:00-04:00,5.8077999715460376,5.839137241233886,5.8077999715460376,5.833914279937744,102200,0.0,0.0
2019-10-28 00:00:00-04:00,5.8443603422182395,5.849583304084347,5.8078006053335995,5.813023567199707,131800,0.0,0.0
2019-10-29 00:00:00-04:00,5.813023567199708,5.823468992842865,5.797355179690442,5.813023567199707,251000,0.0,0.0
2019-10-30 00:00:00-04:00,5.807800769805907,5.833915081786926,5.797355343866943,5.807800769805908,110500,0.0,0.0
2019-10-31 00:00:00-04:00,5.8182470029323365,5.844360818211597,5.781686764980994,5.797355651855469,306100,0.0,0.0
2019-11-01 00:00:00-04:00,5.8182479616774705,5.854807707564119,5.802579072221038,5.828693389892578,144900,0.0,0.0
2019-11-04 00:00:00-05:00,5.844358604542979,5.89136425118387,5.828690221692319,5.8704729080200195,151500,0.0,0.0
2019-11-05 00:00:00-05:00,5.8861419490046885,5.901810332281374,5.854804684362392,5.896587371826172,173000,0.0,0.0
2019-11-06 00:00:00-05:00,5.891367268555011,5.891367268555011,5.865252951703047,5.880921840667725,134400,0.0,0.0
2019-11-07 00:00:00-05:00,5.875698104114138,5.901812417528021,5.839138364188162,5.844360828399658,141100,0.0,0.0
2019-11-08 00:00:00-05:00,5.868044996926466,5.889096260070801,5.841731294422326,5.889096260070801,149300,0.085,0.0
2019-11-11 00:00:00-05:00,5.883831028840711,5.915407657623291,5.868042212547956,5.915407657623291,140100,0.0,0.0
2019-11-12 00:00:00-05:00,5.899622142593819,5.910147523215135,5.889096260070801,5.889096260070801,101400,0.0,0.0
2019-11-13 00:00:00-05:00,5.8996206211786975,5.910145999085691,5.873306423558852,5.894357681274414,107300,0.0,0.0
2019-11-14 00:00:00-05:00,5.889096260070801,5.89435920133231,5.862782557566661,5.889096260070801,103300,0.0,0.0
2019-11-15 00:00:00-05:00,5.904884009089369,5.925935268402099,5.894358128482198,5.9259352684021,128600,0.0,0.0
2019-11-18 00:00:00-05:00,5.915410957474891,5.946988105773926,5.915410957474891,5.946988105773926,188800,0.0,0.0
2019-11-19 00:00:00-05:00,5.936462222373666,5.952251047474056,5.9101480157747615,5.946988105773926,131800,0.0,0.0
2019-11-20 00:00:00-05:00,5.941721439361572,5.968035629464788,5.920670187659285,5.941721439361572,107900,0.0,0.0
2019-11-21 00:00:00-05:00,5.941725838003423,5.9627771052898995,5.899623303430468,5.904886245727539,134300,0.0,0.0
2019-11-22 00:00:00-05:00,5.946984875899109,5.946984875899109,5.894356491284372,5.910144805908203,89200,0.0,0.0
2019-11-25 00:00:00-05:00,5.915407657623291,5.941721849543084,5.91014471885904,5.915407657623291,151300,0.0,0.0
2019-11-26 00:00:00-05:00,5.920671939849854,5.93119781976679,5.8943577419590945,5.9206719398498535,151600,0.0,0.0
2019-11-27 00:00:00-05:00,5.915407657623291,5.9469847883073355,5.91014471885904,5.915407657623291,122300,0.0,0.0
2019-11-29 00:00:00-05:00,5.915410957474891,5.946988105773926,5.9101480157747615,5.946988105773926,63800,0.0,0.0
2019-12-02 00:00:00-05:00,5.925933622433509,5.931196561275277,5.910144805908204,5.910144805908203,117800,0.0,0.0
2019-12-03 00:00:00-05:00,5.899620681917562,5.920671939849854,5.8680435440683345,5.9206719398498535,176000,0.0,0.0
2019-12-04 00:00:00-05:00,5.910143434241998,5.989085992842579,5.904880998523043,5.968034744262695,119200,0.0,0.0
2019-12-05 00:00:00-05:00,5.962777128287638,6.052245140075684,5.9206745935523,6.052245140075684,395000,0.0,0.0
2019-12-06 00:00:00-05:00,6.036455154418946,6.062769356865044,5.999615070233742,6.036455154418945,172200,0.0,0.0
2019-12-09 00:00:00-05:00,6.020664061867228,6.025927000752519,5.989087432358433,5.999612808227539,166600,0.0,0.0
2019-12-10 00:00:00-05:00,6.015401383223985,6.015401383223985,5.973298877636011,5.983824253082275,114400,0.0,0.0
2019-12-11 00:00:00-05:00,5.994351148381578,6.052241977920611,5.989088208813972,6.0417160987854,172600,0.0,0.0
2019-12-12 00:00:00-05:00,6.065577266188032,6.092087758438967,6.028462880424072,6.049671173095703,140700,0.085,0.0
2019-12-13 00:00:00-05:00,6.044365627885496,6.060272217818913,6.007251262664795,6.007251262664795,123600,0.0,0.0
2019-12-16 00:00:00-05:00,6.00725388953036,6.054972668906581,6.00195169056733,6.023159980773926,159700,0.0,0.0
2019-12-17 00:00:00-05:00,6.039064670842455,6.076179040573841,6.028460276264708,6.065574645996094,136100,0.0,0.0
2019-12-18 00:00:00-05:00,6.039064650661272,6.134501673315245,6.039064650661272,6.129199981689453,168400,0.0,0.0
2019-12-19 00:00:00-05:00,6.123899693880384,6.134503586083677,6.07087871592736,6.1079936027526855,143400,0.0,0.0
2019-12-20 00:00:00-05:00,6.113293866664624,6.150408744812012,6.0655750987932695,6.150408744812012,131100,0.0,0.0
2019-12-23 00:00:00-05:00,6.1132915061907225,6.1875207281785904,6.097385424923753,6.171614646911621,194600,0.0,0.0
2019-12-24 00:00:00-05:00,6.187525978269474,6.203432073032701,6.150411588606733,6.192828178405762,81500,0.0,0.0
2019-12-26 00:00:00-05:00,6.20342680944556,6.20342680944556,6.171614646911621,6.171614646911621,83600,0.0,0.0
2019-12-27 00:00:00-05:00,6.176918504684292,6.20342898652986,6.134501935989537,6.155710220336914,592600,0.0,0.0
2019-12-30 00:00:00-05:00,6.046216464706844,6.13701657848775,6.046216464706844,6.056899070739746,500500,0.085,0.0
2019-12-31 00:00:00-05:00,6.0515577632927,6.099628471656184,6.046216460280159,6.0889458656311035,151800,0.0,0.0
2020-01-02 00:00:00-05:00,6.11031030473129,6.126334213077702,6.035534103280042,6.115651607513428,580100,0.0,0.0
2020-01-03 00:00:00-05:00,6.078264703923493,6.12633541968109,6.072923400089367,6.110311508178711,162000,0.0,0.0
2020-01-06 00:00:00-05:00,6.110309103384175,6.131673800937546,6.110309103384175,6.1209917068481445,156300,0.0,0.0
2020-01-07 00:00:00-05:00,6.126336574554444,6.131677370020592,6.115653964872417,6.126336574554443,228900,0.0,0.0
2020-01-08 00:00:00-05:00,6.142358521545951,6.195770538526683,6.137017217972929,6.179746627807617,246700,0.0,0.0
2020-01-09 00:00:00-05:00,6.1850871809847225,6.211793186235024,6.174405084509411,6.195769786834717,218500,0.0,0.0
2020-01-10 00:00:00-05:00,6.206451883310027,6.222475282710335,6.195769786834716,6.195769786834717,110500,0.0,0.0
2020-01-13 00:00:00-05:00,6.206451879414179,6.233157884647718,6.195769782945574,6.227816581726074,124700,0.0,0.0
2020-01-14 00:00:00-05:00,6.222475731487789,6.249181738664182,6.222475731487789,6.238499641418457,158900,0.0,0.0
2020-01-15 00:00:00-05:00,6.238498212029131,6.27054500579834,6.233156909942728,6.27054500579834,190400,0.0,0.0
2020-01-16 00:00:00-05:00,6.275884380858589,6.297249073269512,6.222472395144056,6.281225681304932,131100,0.0,0.0
2020-01-17 00:00:00-05:00,6.297253382959225,6.3025946870610285,6.286571284130413,6.291912078857422,161800,0.0,0.0
2020-01-21 00:00:00-05:00,6.281229729574747,6.318617838046991,6.2758884256859195,6.297253131866455,245100,0.0,0.0
2020-01-22 00:00:00-05:00,6.291909663466707,6.334639061128227,6.291909663466707,6.3239569664001465,116400,0.0,0.0
2020-01-23 00:00:00-05:00,6.318618774414063,6.3239600790944275,6.302595369747819,6.3186187744140625,125400,0.0,0.0
2020-01-24 00:00:00-05:00,6.339982055659213,6.366688063670572,6.275887942056793,6.2865705490112305,216300,0.0,0.0
2020-01-27 00:00:00-05:00,6.23850376991796,6.259868487922814,6.17975041337332,6.201115131378174,215600,0.0,0.0
2020-01-28 00:00:00-05:00,6.206453983948548,6.254524707794189,6.201112679215731,6.2545247077941895,116100,0.0,0.0
2020-01-29 00:00:00-05:00,6.2652067872370525,6.286572006097908,6.238501282410691,6.2758893966674805,103200,0.0,0.0
2020-01-30 00:00:00-05:00,6.222475026733632,6.265204429626465,6.222475026733632,6.265204429626465,186700,0.0,0.0
2020-01-31 00:00:00-05:00,6.2705445339173425,6.275885835601793,6.195768347833297,6.217133045196533,138100,0.0,0.0
2020-02-03 00:00:00-05:00,6.222475716584458,6.259864330291747,6.222475716584458,6.259864330291748,104300,0.0,0.0
2020-02-04 00:00:00-05:00,6.281229695281032,6.350665117332368,6.281229695281032,6.339982509613037,295500,0.0,0.0
2020-02-05 00:00:00-05:00,6.366688519536593,6.3827119217408175,6.313276499689481,6.339982509613037,312100,0.0,0.0
2020-02-06 00:00:00-05:00,6.318617087770223,6.372029101566771,6.318617087770223,6.3560051918029785,138000,0.0,0.0
2020-02-07 00:00:00-05:00,6.3560068211443985,6.377371530264847,6.339983416647772,6.372030735015869,136500,0.0,0.0
2020-02-10 00:00:00-05:00,6.366686786855173,6.43078088760376,6.366686786855173,6.43078088760376,161900,0.0,0.0
2020-02-11 00:00:00-05:00,6.409416423994605,6.462828431277754,6.398733818788114,6.446804523468018,150200,0.0,0.0
2020-02-12 00:00:00-05:00,6.46283007415171,6.489535575207263,6.452147466229663,6.473512172698975,111600,0.0,0.0
2020-02-13 00:00:00-05:00,6.476201647701762,6.51385381883096,6.347108049853919,6.508475303649902,118900,0.085,0.0
2020-02-14 00:00:00-05:00,6.52460874007193,6.52460874007193,6.497714125200034,6.513850688934326,94900,0.0,0.0
2020-02-18 00:00:00-05:00,6.508475303649902,6.5192328469843766,6.497717247343069,6.508475303649902,153700,0.0,0.0
2020-02-19 00:00:00-05:00,6.524610793109731,6.594536608590714,6.519231765848361,6.589157581329346,213600,0.0,0.0
2020-02-20 00:00:00-05:00,6.594536489125892,6.621431111973251,6.492337024900381,6.556883811950684,286800,0.0,0.0
2020-02-21 00:00:00-05:00,6.551506175122793,6.5837793164837635,6.519232520789491,6.540748119354248,216400,0.0,0.0
2020-02-24 00:00:00-05:00,6.390139934875594,6.406276508095134,6.309456042833069,6.314835071563721,360300,0.0,0.0
2020-02-25 00:00:00-05:00,6.330970928022205,6.357865040506696,6.067404214112287,6.094298839569092,326800,0.0,0.0
2020-02-26 00:00:00-05:00,6.126572817094,6.207256184764027,6.105057218183837,6.131951332092285,212800,0.0,0.0
2020-02-27 00:00:00-05:00,6.051268468406056,6.051268468406056,5.782323203143564,5.81997537612915,682700,0.0,0.0
2020-02-28 00:00:00-05:00,5.620955697577683,5.707018096653067,5.427315299658071,5.599440097808838,817200,0.0,0.0
2020-03-02 00:00:00-05:00,5.637091688664081,5.965205192565918,5.599439521189041,5.965205192565918,552800,0.0,0.0
2020-03-03 00:00:00-05:00,6.094299011803969,6.094299011803969,5.889900570716851,5.943689823150635,536200,0.0,0.0
2020-03-04 00:00:00-05:00,6.03512905770892,6.10505485534668,5.997476389459576,6.10505485534668,330200,0.0,0.0
2020-03-05 00:00:00-05:00,6.051267352181125,6.072782948914433,5.938310341088187,5.986720561981201,310500,0.0,0.0
2020-03-06 00:00:00-05:00,5.852248988498873,5.895280189570952,5.809217787426795,5.889901161193848,228900,0.0,0.0
2020-03-09 00:00:00-04:00,5.647849861740596,5.647849861740596,5.421935826233186,5.486482620239258,451000,0.0,0.0
2020-03-10 00:00:00-04:00,5.594062235529987,5.658609561261747,5.389664251611796,5.448832035064697,446700,0.0,0.0
2020-03-11 00:00:00-04:00,5.378903360017555,5.43269259880661,4.943211962148366,5.040032386779785,683900,0.0,0.0
2020-03-12 00:00:00-04:00,4.527072643430661,4.592210315995422,4.212240300533545,4.358799934387207,901700,0.085,0.0
2020-03-13 00:00:00-04:00,4.494505605784534,4.809338092803955,4.478221309605859,4.809338092803955,693400,0.0,0.0
2020-03-16 00:00:00-04:00,4.396795959255199,4.396795959255199,4.043966359898545,4.233951568603516,1105500,0.0,0.0
2020-03-17 00:00:00-04:00,4.23395353397239,4.440223122190882,4.1633875813448835,4.3805131912231445,431400,0.0,0.0
2020-03-18 00:00:00-04:00,4.027683716988348,4.071108836497528,3.0180486530634054,3.2677433490753174,978400,0.0,0.0
2020-03-19 00:00:00-04:00,3.2080330865564384,3.767132043838501,3.077757752141636,3.767132043838501,882200,0.0,0.0
2020-03-20 00:00:00-04:00,3.9028380737518513,4.451080835280251,3.859412935274462,4.157960891723633,1145800,0.0,0.0
2020-03-23 00:00:00-04:00,4.0982498045855325,4.0982498045855325,3.42515965286538,3.777989149093628,818900,0.0,0.0
2020-03-24 00:00:00-04:00,3.837700366035768,4.255667712132,3.837700366035768,4.157960891723633,820700,0.0,0.0
2020-03-25 00:00:00-04:00,4.185099717406285,4.668204797419587,4.179671448293406,4.527072906494141,455700,0.0,0.0
2020-03-26 00:00:00-04:00,4.505360153444763,4.9341835591753584,4.440222479903583,4.787623405456543,743700,0.0,0.0
2020-03-27 00:00:00-04:00,4.69534769333107,4.711632509637601,4.5107911008737265,4.586784839630127,373000,0.0,0.0
2020-03-30 00:00:00-04:00,4.565069698043376,4.722485876677002,4.532501119108545,4.662776470184326,568400,0.0,0.0
2020-03-31 00:00:00-04:00,4.641064318286435,4.803908780232468,4.537929268064362,4.79848051071167,515800,0.0,0.0
2020-04-01 00:00:00-04:00,4.586785145719432,4.613925990372984,4.304521448426456,4.369659423828125,393500,0.0,0.0
2020-04-02 00:00:00-04:00,4.293663415595148,4.472792192699922,4.2556665591390885,4.309947967529297,429400,0.0,0.0
2020-04-03 00:00:00-04:00,4.277380558070964,4.309949414035858,4.157961160698758,4.261096000671387,402900,0.0,0.0
2020-04-06 00:00:00-04:00,4.369658770640706,4.575928434438024,4.337089658391244,4.548787593841553,223700,0.0,0.0
2020-04-07 00:00:00-04:00,4.641064476553124,4.841905796657164,4.635636206847215,4.717058181762695,432500,0.0,0.0
2020-04-08 00:00:00-04:00,4.727913765473039,5.064458654185819,4.624779250249842,4.999320983886719,609100,0.0,0.0
2020-04-09 00:00:00-04:00,5.124169776833095,5.476999589869986,5.102457212774544,5.363008499145508,663000,0.0,0.0
2020-04-13 00:00:00-04:00,5.486201919203086,5.584756085126053,5.196013231437048,5.30551815032959,383300,0.085,0.0
2020-04-14 00:00:00-04:00,5.332895279002505,5.425974604013,5.300044059681576,5.316469669342041,303000,0.0,0.0
2020-04-15 00:00:00-04:00,5.387646442042894,5.387646442042894,5.201487846110105,5.261715412139893,263900,0.0,0.0
2020-04-16 00:00:00-04:00,5.31099274896452,5.338369105218265,5.196012470427243,5.261715412139893,387400,0.0,0.0
2020-04-17 00:00:00-04:00,5.332893637197839,5.420497557964533,5.294567052402549,5.409547328948975,451600,0.0,0.0
2020-04-20 00:00:00-04:00,5.404071923297138,5.497151219134075,5.382170943227304,5.458824634552002,363400,0.0,0.0
2020-04-21 00:00:00-04:00,5.425974367762392,5.475251716758933,5.327419669769309,5.393123149871826,424300,0.0,0.0
2020-04-22 00:00:00-04:00,5.415022854566538,5.491676026280883,5.387646498028313,5.431448459625244,167200,0.0,0.0
2020-04-23 00:00:00-04:00,5.415024470328257,5.4643013002078415,5.371222495661477,5.387648105621338,170300,0.0,0.0
2020-04-24 00:00:00-04:00,5.425972123743577,5.45882385020835,5.371219942516259,5.415021896362305,208400,0.0,0.0
2020-04-27 00:00:00-04:00,5.458824937498824,5.551904238501356,5.436923956213557,5.519052505493164,181900,0.0,0.0
2020-04-28 00:00:00-04:00,5.568329697256805,5.568329697256805,5.475250398705958,5.513576984405518,188200,0.0,0.0
2020-04-29 00:00:00-04:00,5.568330468580009,5.606657059588556,5.508102893829346,5.508102893829346,291200,0.0,0.0
2020-04-30 00:00:00-04:00,5.513578652248152,5.53000478436874,5.354796363540889,5.387648105621338,323900,0.0,0.0
2020-05-01 00:00:00-04:00,5.305518076099355,5.343845188795987,5.152211191794735,5.168636798858643,255300,0.0,0.0
2020-05-04 00:00:00-04:00,5.108409980423584,5.179588317775853,4.987954292430459,5.163162708282471,282100,0.0,0.0
2020-05-05 00:00:00-04:00,5.190537852700121,5.3274191317965665,5.190537852700121,5.289092540740967,141000,0.0,0.0
2020-05-06 00:00:00-04:00,5.338370656204318,5.354796265864561,5.294568682336524,5.332895278930664,135000,0.0,0.0
2020-05-07 00:00:00-04:00,5.332895706280578,5.442400649725205,5.332895706280578,5.38217306137085,165500,0.0,0.0
2020-05-08 00:00:00-04:00,5.420497828629171,5.519052505493164,5.420497828629171,5.519052505493164,99200,0.0,0.0
2020-05-11 00:00:00-04:00,5.502627189083839,5.579280366528038,5.480726206648266,5.530003547668457,200700,0.0,0.0
2020-05-12 00:00:00-04:00,5.516198327063153,5.565893892880487,5.444415901615034,5.4554595947265625,171500,0.085,0.0
2020-05-13 00:00:00-04:00,5.438894416463882,5.460981275423855,5.27324271096796,5.383677005767822,245600,0.0,0.0
2020-05-14 00:00:00-04:00,5.2401127873783135,5.37263395702382,5.223547772820705,5.367112636566162,166100,0.0,0.0
2020-05-15 00:00:00-04:00,5.289807723539875,5.383677005767823,5.2677208645799025,5.383677005767822,85600,0.0,0.0
2020-05-18 00:00:00-04:00,5.499632594963352,5.527241297540326,5.460980727310912,5.477545738220215,212200,0.0,0.0
2020-05-19 00:00:00-04:00,5.4554595947265625,5.571415739436251,5.4499377481707985,5.4554595947265625,259200,0.0,0.0
2020-05-20 00:00:00-04:00,5.521720242151512,5.57141580858564,5.521720242151512,5.538285255432129,343800,0.0,0.0
2020-05-21 00:00:00-04:00,5.52724305403757,5.593503645323874,5.521721206448953,5.576938629150391,245600,0.0,0.0
2020-05-22 00:00:00-04:00,5.626633803595361,5.654242515563965,5.604546939338954,5.654242515563965,259600,0.0,0.0
2020-05-26 00:00:00-04:00,5.792286743872747,5.803330441575665,5.714982966322285,5.759156703948975,498600,0.0,0.0
2020-05-27 00:00:00-04:00,5.7922868519119195,5.847504288271456,5.6597656365600315,5.836460590362549,315800,0.0,0.0
2020-05-28 00:00:00-04:00,5.847502136092768,5.913762719381442,5.825415274996543,5.858545303344727,195600,0.0,0.0
2020-05-29 00:00:00-04:00,5.864067001573027,5.9192844162096065,5.836458294254737,5.91376256942749,163900,0.0,0.0
2020-06-01 00:00:00-04:00,5.9192854344416235,6.035241603851318,5.8916767223741,6.035241603851318,224000,0.0,0.0
2020-06-02 00:00:00-04:00,6.07389315795614,6.118066884250251,6.029719431662029,6.1070237159729,186700,0.0,0.0
2020-06-03 00:00:00-04:00,6.151195476044224,6.344455335157571,6.145673630374423,6.333412170410156,418700,0.0,0.0
2020-06-04 00:00:00-04:00,6.322368535609845,6.322368535609845,6.162238695898931,6.195369243621826,420800,0.0,0.0
2020-06-05 00:00:00-04:00,6.3058043970060025,6.327891256344689,6.272673844701841,6.294760704040527,253900,0.0,0.0
2020-06-08 00:00:00-04:00,6.3278928653276925,6.383110291010586,6.322371017440924,6.361023426055908,203800,0.0,0.0
2020-06-09 00:00:00-04:00,6.366542648441614,6.372064494507952,6.294760229355893,6.338933944702148,307300,0.0,0.0
2020-06-10 00:00:00-04:00,6.344457882395601,6.394153460191725,6.311327848259784,6.361023426055908,229300,0.0,0.0
2020-06-11 00:00:00-04:00,6.208047592829279,6.21917338094513,5.963286089855077,6.007788181304932,433100,0.085,0.0
2020-06-12 00:00:00-04:00,6.130168798101049,6.180233249835749,5.968848063986739,6.030038833618164,251100,0.0,0.0
2020-06-15 00:00:00-04:00,5.924343709183909,6.11347777840969,5.868716385033499,6.080101490020752,233500,0.0,0.0
2020-06-16 00:00:00-04:00,6.219172157305615,6.363803660807601,6.11347931302749,6.1579813957214355,261000,0.0,0.0
2020-06-17 00:00:00-04:00,6.213609218597412,6.274799449224435,6.17467002915355,6.213609218597412,170600,0.0,0.0
2020-06-18 00:00:00-04:00,6.185795262026196,6.252548385333242,6.185795262026196,6.2414231300354,96400,0.0,0.0
2020-06-19 00:00:00-04:00,6.302613360440192,6.347115442644889,6.2414231300354,6.2414231300354,281000,0.0,0.0
2020-06-22 00:00:00-04:00,6.241424754865148,6.313740789900476,6.2302989661642645,6.258112907409668,174700,0.0,0.0
2020-06-23 00:00:00-04:00,6.285925220761296,6.3415525583392425,6.285925220761296,6.297050476074219,158500,0.0,0.0
2020-06-24 00:00:00-04:00,6.308177185473579,6.308177185473579,6.124605936627035,6.16354513168335,216800,0.0,0.0
2020-06-25 00:00:00-04:00,6.163544330255728,6.25254849624392,6.124605140262562,6.235860347747803,285400,0.0,0.0
2020-06-26 00:00:00-04:00,6.219170972743827,6.2525472631537875,6.157980222814613,6.1691060066223145,171800,0.0,0.0
2020-06-29 00:00:00-04:00,6.141295006794874,6.202485255403149,6.119043959073063,6.191359996795654,190200,0.0,0.0
2020-06-30 00:00:00-04:00,6.1802326279106365,6.319301773250264,6.1802326279106365,6.308176517486572,116800,0.0,0.0
2020-07-01 00:00:00-04:00,6.308176825754406,6.347116018590241,6.302613932347368,6.319302082061768,182700,0.0,0.0
2020-07-02 00:00:00-04:00,6.358240783610201,6.430556794760083,6.358240783610201,6.402742862701416,170600,0.0,0.0
2020-07-06 00:00:00-04:00,6.419432186729959,6.5028734676981985,6.3248651186956995,6.335990905761719,1125700,0.0,0.0
2020-07-07 00:00:00-04:00,6.330426233980384,6.424993275450289,6.330426233980384,6.386053562164307,232300,0.0,0.0
2020-07-08 00:00:00-04:00,6.402743578758054,6.469496704860273,6.308176517486572,6.308176517486572,1285800,0.0,0.0
2020-07-09 00:00:00-04:00,6.3248645624759545,6.380492431900586,6.285925372182721,6.369366645812988,265600,0.0,0.0
2020-07-10 00:00:00-04:00,6.388981301831545,6.456234209175512,6.355355382633911,6.450629711151123,365700,0.085,0.0
2020-07-13 00:00:00-04:00,6.489863492147306,6.562720400803923,6.360963177621878,6.377776145935059,258100,0.0,0.0
2020-07-14 00:00:00-04:00,6.338543730201751,6.372169656333894,6.243269382036578,6.355356693267822,196000,0.0,0.0
2020-07-15 00:00:00-04:00,6.372167995708481,6.439420364920855,6.372167995708481,6.411398410797119,187500,0.0,0.0
2020-07-16 00:00:00-04:00,6.3945859424397415,6.433816360536508,6.34975102619362,6.422607898712158,111400,0.0,0.0
2020-07-17 00:00:00-04:00,6.405796286045454,6.46183967590332,6.377774323879283,6.46183967590332,125000,0.0,0.0
2020-07-20 00:00:00-04:00,6.4786495584657855,6.523484459121672,6.461836069864196,6.517879962921143,239800,0.0,0.0
2020-07-21 00:00:00-04:00,6.540298617776838,6.585133526689977,6.523485660552979,6.5234856605529785,206000,0.0,0.0
2020-07-22 00:00:00-04:00,6.523486917509437,6.557112838436254,6.501069458733435,6.529090881347656,123300,0.0,0.0
2020-07-23 00:00:00-04:00,6.5234869769544686,6.562717396551366,6.41139914757868,6.428212642669678,223500,0.0,0.0
2020-07-24 00:00:00-04:00,6.428213746058886,6.433817710910079,6.349752358922981,6.400191783905029,96900,0.0,0.0
2020-07-27 00:00:00-04:00,6.400188215080895,6.517879962921143,6.400188215080895,6.517879962921143,199400,0.0,0.0
2020-07-28 00:00:00-04:00,6.478655095320139,6.540303002789605,6.450633124843244,6.473050594329834,143500,0.0,0.0
2020-07-29 00:00:00-04:00,6.478650199399754,6.568320009582577,6.478650199399754,6.551506519317627,104300,0.0,0.0
2020-07-30 00:00:00-04:00,6.529091930613283,6.579531354583812,6.489861505069299,6.562718391418457,142200,0.0,0.0
2020-07-31 00:00:00-04:00,6.585135924205572,6.607553386823889,6.506674537804229,6.57392692565918,218600,0.0,0.0
2020-08-03 00:00:00-04:00,6.551507475523777,6.702825703148173,6.551507475523777,6.6860127449035645,217400,0.0,0.0
2020-08-04 00:00:00-04:00,6.691619407619579,6.736454871817132,6.669201942758063,6.702828407287598,160200,0.0,0.0
2020-08-05 00:00:00-04:00,6.742055892944336,6.770077845402773,6.702825480187098,6.742055892944336,153700,0.0,0.0
2020-08-06 00:00:00-04:00,6.764476147668806,6.820520075780902,6.764476147668806,6.7924981117248535,351300,0.0,0.0
2020-08-07 00:00:00-04:00,6.786893612018742,6.803707111137077,6.730850218381156,6.7924981117248535,210700,0.0,0.0
2020-08-10 00:00:00-04:00,6.820521121230485,6.837334088451402,6.79249915287923,6.826125621795654,314200,0.0,0.0
2020-08-11 00:00:00-04:00,6.826124575487013,6.831728540718615,6.770080647374917,6.7924981117248535,242700,0.0,0.0
2020-08-12 00:00:00-04:00,6.831724983518057,6.876560423347142,6.798099071739032,6.859746932983398,379600,0.0,0.0
2020-08-13 00:00:00-04:00,6.879499745730095,6.91336134422933,6.868212905038249,6.890787124633789,202500,0.085,0.0
2020-08-14 00:00:00-04:00,6.89078712463379,6.896430814085637,6.845638685442709,6.890787124633789,184700,0.0,0.0
2020-08-17 00:00:00-04:00,6.873857426165453,6.919005870819092,6.873857426165453,6.919005870819092,164500,0.0,0.0
2020-08-18 00:00:00-04:00,6.941584486518919,6.9867329597473145,6.924653943611335,6.9867329597473145,146300,0.0,0.0
2020-08-19 00:00:00-04:00,6.969796501874822,6.998013870036518,6.919004378044893,6.964152812957764,215800,0.0,0.0
2020-08-20 00:00:00-04:00,6.964154539960939,7.020589828491211,6.924649784168555,7.020589828491211,215900,0.0,0.0
2020-08-21 00:00:00-04:00,7.014945030212402,7.03751924796948,6.969796594698247,7.014945030212402,220800,0.0,0.0
2020-08-24 00:00:00-04:00,7.014950586563152,7.014950586563152,6.952871034900817,6.97544527053833,226900,0.0,0.0
2020-08-25 00:00:00-04:00,6.981088368456965,6.981088368456965,6.890791433609977,6.924653053283691,209400,0.0,0.0
2020-08-26 00:00:00-04:00,6.913360689127835,6.986727030414199,6.902073311293718,6.964152812957764,162800,0.0,0.0
2020-08-27 00:00:00-04:00,6.992372084275089,7.082668971727205,6.93029257049283,7.009302616119385,474900,0.0,0.0
2020-08-28 00:00:00-04:00,7.0318783626364,7.06009628063638,7.0093041358788195,7.04316520690918,241800,0.0,0.0
2020-08-31 00:00:00-04:00,7.0431621711546955,7.116528511047363,7.031875331746786,7.116528511047363,183400,0.0,0.0
2020-09-01 00:00:00-04:00,7.065740865424278,7.156037783873698,7.048809789555945,7.122176170349121,188700,0.0,0.0
2020-09-02 00:00:00-04:00,7.150390105694668,7.150390105694668,7.048805859964544,7.116528511047363,364200,0.0,0.0
2020-09-03 00:00:00-04:00,7.077025182766447,7.077025182766447,6.839995587412536,6.862569808959961,298100,0.0,0.0
2020-09-04 00:00:00-04:00,6.81742360010643,6.896433670521954,6.586037618861339,6.760987758636475,408200,0.0,0.0
2020-09-08 00:00:00-04:00,6.631184621249589,6.648115154689603,6.546531415837568,6.5521745681762695,390900,0.0,0.0
2020-09-09 00:00:00-04:00,6.602967796990798,6.760987391017691,6.591680952237756,6.749700546264648,323400,0.0,0.0
2020-09-10 00:00:00-04:00,6.766631320392368,6.851285080970522,6.687621789707232,6.710196018218994,285200,0.0,0.0
2020-09-11 00:00:00-04:00,6.775564512158203,6.798301283994141,6.644827667536012,6.673248767852783,294300,0.085,0.0
2020-09-14 00:00:00-04:00,6.678932049147667,6.815352658773983,6.667563393968483,6.79261589050293,156300,0.0,0.0
2020-09-15 00:00:00-04:00,6.826721313953167,6.84945808222422,6.77556344982147,6.79261589050293,262000,0.0,0.0
2020-09-16 00:00:00-04:00,6.803983851111834,6.843773056002551,6.786930870083875,6.815351963043213,208100,0.0,0.0
2020-09-17 00:00:00-04:00,6.798300015583196,6.798300015583196,6.673247522773841,6.735774040222168,245800,0.0,0.0
2020-09-18 00:00:00-04:00,6.764194794642285,6.843773754634627,6.730089913279365,6.79261589050293,197500,0.0,0.0
2020-09-21 00:00:00-04:00,6.695985317230225,6.741458859391347,6.62777500398854,6.695985317230225,216200,0.0,0.0
2020-09-22 00:00:00-04:00,6.718722088310786,6.735775073186743,6.633459332280526,6.695985317230225,141900,0.0,0.0
2020-09-23 00:00:00-04:00,6.7300913304839565,6.7300913304839565,6.4799862847486125,6.491354942321777,265100,0.0,0.0
2020-09-24 00:00:00-04:00,6.468614955483267,6.502719827083699,6.3719835824701105,6.45724630355835,262900,0.0,0.0
2020-09-25 00:00:00-04:00,6.428825747192975,6.553877665635438,6.40608898546824,6.54250955581665,250300,0.0,0.0
2020-09-28 00:00:00-04:00,6.599349818949302,6.6675600899619125,6.5709292792593335,6.627770900726318,254900,0.0,0.0
2020-09-29 00:00:00-04:00,6.616405007501117,6.667562321315498,6.60503635415088,6.65619421005249,188100,0.0,0.0
2020-09-30 00:00:00-04:00,6.650511581114515,6.6789326796581925,6.610722368405785,6.639143466949463,317700,0.0,0.0
2020-10-01 00:00:00-04:00,6.678929119996415,6.724402636595381,6.64482371150365,6.701665878295898,203400,0.0,0.0
2020-10-02 00:00:00-04:00,6.587982086798481,6.724402636595381,6.587982086798481,6.701665878295898,193800,0.0,0.0
2020-10-05 00:00:00-04:00,6.701665729877549,6.792612761061325,6.701665729877549,6.769876003265381,204600,0.0,0.0
2020-10-06 00:00:00-04:00,6.786930752105449,6.889246468145587,6.786930752105449,6.849457263946533,249900,0.0,0.0
2020-10-07 00:00:00-04:00,6.866507959000378,7.014297168622436,6.866507959000378,6.985876083374023,287200,0.0,0.0
2020-10-08 00:00:00-04:00,7.008611679077148,7.042717084128013,6.980190598549265,7.008611679077148,119500,0.0,0.0
2020-10-09 00:00:00-04:00,7.037036714372989,7.105247020721435,7.025668058937917,7.1052470207214355,153100,0.0,0.0
2020-10-12 00:00:00-04:00,7.1052437921786895,7.173454067533155,7.093875141909404,7.156401634216309,308200,0.0,0.0
2020-10-13 00:00:00-04:00,7.147820884516949,7.1649897827142475,7.084869895109771,7.090592861175537,281300,0.085,0.0
2020-10-14 00:00:00-04:00,7.124933498960123,7.164993737761491,7.0848738059311405,7.096319198608398,140900,0.0,0.0
2020-10-15 00:00:00-04:00,7.056253875150214,7.0734222233530755,6.993302901225089,7.050530910491943,150200,0.0,0.0
2020-10-16 00:00:00-04:00,7.044810771942139,7.130653086514714,7.044810771942139,7.044810771942139,279600,0.0,0.0
2020-10-19 00:00:00-04:00,7.050529494372646,7.073420802635992,6.953241297810465,6.999023914337158,180700,0.0,0.0
2020-10-20 00:00:00-04:00,7.0219167824202025,7.039085129654064,6.941796919042316,6.953242301940918,237500,0.0,0.0
2020-10-21 00:00:00-04:00,6.930351095476729,7.016193924491759,6.930351095476729,6.97041130065918,245400,0.0,0.0
2020-10-22 00:00:00-04:00,6.9875794018513755,6.999024784520124,6.924628432743492,6.941796779632568,233700,0.0,0.0
2020-10-23 00:00:00-04:00,6.976132465242282,7.00474673643677,6.924627432018397,6.987578392028809,144300,0.0,0.0
2020-10-26 00:00:00-04:00,6.970413527428445,6.970413527428445,6.810173747052271,6.838788032531738,191500,0.0,0.0
2020-10-27 00:00:00-04:00,6.821619840551244,6.918908086014289,6.810173907780479,6.913185119628906,164500,0.0,0.0
2020-10-28 00:00:00-04:00,6.787282443004878,6.815896728548349,6.672825846603096,6.678548812866211,285600,0.0,0.0
2020-10-29 00:00:00-04:00,6.644211018277503,6.764390571124634,6.632765632458378,6.724330902099609,179200,0.0,0.0
2020-10-30 00:00:00-04:00,6.718607138799401,6.718607138799401,6.552644970831511,6.581259250640869,160500,0.0,0.0
2020-11-02 00:00:00-05:00,6.604151759190965,6.667102749533844,6.592706372661392,6.609874725341797,110300,0.0,0.0
2020-11-03 00:00:00-05:00,6.627042199521801,6.8044503062752115,6.627042199521801,6.781558990478516,139200,0.0,0.0
2020-11-04 00:00:00-05:00,6.833064251317215,6.970412696082996,6.821618865953755,6.907461166381836,245000,0.0,0.0
2020-11-05 00:00:00-05:00,6.947521786885958,7.0505324442843,6.947521786885958,7.010472774505615,245500,0.0,0.0
2020-11-06 00:00:00-05:00,7.010473518649833,7.090593412483796,6.9990275856283555,7.044810771942139,142800,0.0,0.0
2020-11-09 00:00:00-05:00,7.170709968662928,7.245106867020065,7.090590651795176,7.10775899887085,382700,0.0,0.0
2020-11-10 00:00:00-05:00,7.119204416982609,7.12492738129353,7.004747859623772,7.1134819984436035,205800,0.0,0.0
2020-11-11 00:00:00-05:00,7.11920528105922,7.239384817315483,7.11920528105922,7.210771083831787,308500,0.0,0.0
2020-11-12 00:00:00-05:00,7.225172865761814,7.28279009422743,7.156032521290243,7.213649749755859,255400,0.085,0.0
2020-11-13 00:00:00-05:00,7.207889340511885,7.300076484680175,7.207889340511885,7.300076484680176,141400,0.0,0.0
2020-11-16 00:00:00-05:00,7.311600834538118,7.36921808408779,7.294315879464742,7.3634562492370605,139300,0.0,0.0
2020-11-17 00:00:00-05:00,7.340407409363625,7.472926826527761,7.32888429235903,7.467164993286133,195200,0.0,0.0
2020-11-18 00:00:00-05:00,7.484449177327476,7.5593513533647005,7.455640563547219,7.490211009979248,217100,0.0,0.0
2020-11-19 00:00:00-05:00,7.4959767502172365,7.582402087132163,7.472929957074664,7.53054666519165,242900,0.0,0.0
2020-11-20 00:00:00-05:00,7.5593540397469745,7.588162663765008,7.530545415728941,7.553592205047607,159800,0.0,0.0
2020-11-23 00:00:00-05:00,7.570880364579865,7.703399312272605,7.553594854418992,7.657305717468262,317700,0.0,0.0
2020-11-24 00:00:00-05:00,7.75525146400114,7.75525146400114,7.668826147663127,7.697634220123291,317400,0.0,0.0
2020-11-25 00:00:00-05:00,7.703399575489478,7.778301806975613,7.703399575489478,7.761016845703125,151100,0.0,0.0
2020-11-27 00:00:00-05:00,7.766775629475236,7.835916551235232,7.766775629475236,7.807107925415039,61400,0.0,0.0
2020-11-30 00:00:00-05:00,7.824391439771703,7.899293633314814,7.720680625715283,7.893531799316406,202500,0.0,0.0
2020-12-01 00:00:00-05:00,7.939623702031384,7.939623702031384,7.858960240938342,7.9281005859375,239400,0.0,0.0
2020-12-02 00:00:00-05:00,7.922346185660469,7.922346185660469,7.789827204123042,7.835920810699463,265300,0.0,0.0
2020-12-03 00:00:00-05:00,7.830154806413183,7.991482343595092,7.830154806413183,7.9741973876953125,217000,0.0,0.0
2020-12-04 00:00:00-05:00,8.003006305001026,8.089431637122965,7.968435842464934,8.077908515930176,246700,0.0,0.0
2020-12-07 00:00:00-05:00,8.095192909240723,8.124001534436648,8.031813823913923,8.095192909240723,391700,0.0,0.0
2020-12-08 00:00:00-05:00,8.089430000663937,8.227710723876953,8.083668166493707,8.227710723876953,188300,0.0,0.0
2020-12-09 00:00:00-05:00,8.23923615247635,8.262282944602315,8.054861265989755,8.118240356445312,345400,0.0,0.0
2020-12-10 00:00:00-05:00,8.043336381702137,8.164332151212937,7.997242807553142,8.129761695861816,238000,0.0,0.0
2020-12-11 00:00:00-05:00,8.179032172575976,8.190625680123505,8.039913398858827,8.06309986114502,281800,0.085,0.0
2020-12-14 00:00:00-05:00,8.074694542050851,8.150050693633421,8.063101032818635,8.086287498474121,238900,0.0,0.0
2020-12-15 00:00:00-05:00,8.132659912109375,8.17323663903032,8.097880492244464,8.132659912109375,195200,0.0,0.0
2020-12-16 00:00:00-05:00,8.097883124346252,8.283374898074337,8.097883124346252,8.25439167022705,328600,0.0,0.0
2020-12-17 00:00:00-05:00,8.283370426717806,8.381913016519915,8.236997508317847,8.26598072052002,299300,0.0,0.0
2020-12-18 00:00:00-05:00,8.283373187824008,8.347135833675827,8.265983475829689,8.294966697692871,211100,0.0,0.0
2020-12-21 00:00:00-05:00,8.23700382812175,8.364529727969702,8.213817351132052,8.335546493530273,180700,0.0,0.0
2020-12-22 00:00:00-05:00,8.34134102695316,8.422493398375082,8.329747515144845,8.40510368347168,156300,0.0,0.0
2020-12-23 00:00:00-05:00,8.40510368347168,8.451476625086798,8.370323700855806,8.40510368347168,216100,0.0,0.0
2020-12-24 00:00:00-05:00,8.40510156957805,8.463068008422852,8.40510156957805,8.463068008422852,89500,0.0,0.0
2020-12-28 00:00:00-05:00,8.463070136895112,8.50944307851023,8.38191721266412,8.40510368347168,246900,0.0,0.0
2020-12-29 00:00:00-05:00,8.405100601098413,8.451473525707351,8.352930922711142,8.381914138793945,201500,0.0,0.0
2020-12-30 00:00:00-05:00,8.41398458906779,8.437308154935904,8.367337457331562,8.419815063476562,163700,0.085,0.0
2020-12-31 00:00:00-05:00,8.431482074232395,8.431482074232395,8.326525688171387,8.326525688171387,170900,0.0,0.0
2021-01-04 00:00:00-05:00,8.332351889823103,8.378999021891493,8.110777734459411,8.204071998596191,510300,0.0,0.0
2021-01-05 00:00:00-05:00,8.21573472442162,8.262381860264426,8.180749094500657,8.1982421875,335300,0.0,0.0
2021-01-06 00:00:00-05:00,8.192410734984431,8.23905786842715,8.13993257084195,8.186579704284668,672200,0.0,0.0
2021-01-07 00:00:00-05:00,8.297367449536466,8.361507682362978,8.25072031079596,8.355676651000977,279500,0.0,0.0
2021-01-08 00:00:00-05:00,8.390666083554505,8.47812936928904,8.355680435613888,8.46646785736084,254000,0.0,0.0
2021-01-11 00:00:00-05:00,8.431478256946509,8.472294363678618,8.367338581213518,8.448970794677734,339100,0.0,0.0
2021-01-12 00:00:00-05:00,8.42564801412345,8.536435394303101,8.413986506570634,8.530604362487793,340000,0.0,0.0
2021-01-13 00:00:00-05:00,8.54226597326517,8.629729783318302,8.536435497457207,8.606406211853027,210900,0.0,0.0
2021-01-14 00:00:00-05:00,8.606405838619708,8.670545518348217,8.524773063992509,8.5364351272583,213200,0.0,0.0
2021-01-15 00:00:00-05:00,8.55975854389147,8.58308211392614,8.466464263752778,8.518941879272461,208600,0.0,0.0
2021-01-19 00:00:00-05:00,8.553926081259998,8.66471288137021,8.54809505070744,8.653051376342773,367900,0.0,0.0
2021-01-20 00:00:00-05:00,8.664713351242787,8.763838651700956,8.658882876451731,8.688036918640137,311500,0.0,0.0
2021-01-21 00:00:00-05:00,8.717191492912713,8.728853554618146,8.635559285285527,8.676375389099121,192600,0.0,0.0
2021-01-22 00:00:00-05:00,8.676377395432345,8.752179145812988,8.658884854906916,8.752179145812988,294100,0.0,0.0
2021-01-25 00:00:00-05:00,8.758005748310524,8.804652870169955,8.647218416836205,8.711358070373535,201000,0.0,0.0
2021-01-26 00:00:00-05:00,8.73468192159749,8.73468192159749,8.647218704223633,8.647218704223633,164100,0.0,0.0
2021-01-27 00:00:00-05:00,8.647220247748928,8.647220247748928,8.378998962226781,8.419815063476562,362200,0.0,0.0
2021-01-28 00:00:00-05:00,8.361508737103497,8.483957630762756,8.338185164791154,8.431479454040527,350300,0.0,0.0
2021-01-29 00:00:00-05:00,8.43147977517302,8.448972316054066,8.2507216658094,8.367340087890625,324500,0.0,0.0
2021-02-01 00:00:00-05:00,8.39649083099365,8.536432771169729,8.390660357047771,8.51310920715332,221500,0.0,0.0
2021-02-02 00:00:00-05:00,8.571418498403606,8.775500116301798,8.571418498403606,8.746345520019531,503700,0.0,0.0
2021-02-03 00:00:00-05:00,8.775500477590677,8.833809116478113,8.758007941532215,8.804655075073242,211400,0.0,0.0
2021-02-04 00:00:00-05:00,8.816315093350932,8.89794784131739,8.804653589971496,8.886285781860352,189500,0.0,0.0
2021-02-05 00:00:00-05:00,8.944599837152747,8.985415955320766,8.915445228713633,8.950430870056152,233700,0.0,0.0
2021-02-08 00:00:00-05:00,9.008738594470678,9.078709313804918,8.997077085953894,9.07287883758545,260200,0.0,0.0
2021-02-09 00:00:00-05:00,9.072878346474027,9.177834141755248,9.043723742643426,9.107863426208496,261200,0.0,0.0
2021-02-10 00:00:00-05:00,9.154507737053384,9.218647956848145,9.020397379441873,9.218647956848145,426000,0.0,0.0
2021-02-11 00:00:00-05:00,9.22451343249144,9.265589330341813,9.148229222471365,9.177569389343262,223500,0.1,0.0
2021-02-12 00:00:00-05:00,9.201047284491986,9.271463394165039,9.177575247934303,9.271463394165039,232000,0.0,0.0
2021-02-16 00:00:00-05:00,9.253857037754237,9.271460920571473,9.130628738798906,9.242120742797852,317100,0.0,0.0
2021-02-17 00:00:00-05:00,9.242119425575074,9.242119425575074,9.107155410516297,9.154099464416504,214900,0.0,0.0
2021-02-18 00:00:00-05:00,9.124764740935188,9.124764740935188,8.972196194823553,8.983932495117188,264800,0.0,0.0
2021-02-19 00:00:00-05:00,9.036740102688189,9.177572844774543,9.0191362197839,9.107156753540039,247000,0.0,0.0
2021-02-22 00:00:00-05:00,9.09542066934287,9.136496583610734,9.00153254552069,9.019136428833008,222200,0.0,0.0
2021-02-23 00:00:00-05:00,8.95458873374463,8.960456881551776,8.514487721321474,8.860700607299805,427600,0.0,0.0
2021-02-24 00:00:00-05:00,8.890038660336828,9.054343412275884,8.825490724686162,9.04847526550293,362800,0.0,0.0
2021-02-25 00:00:00-05:00,9.0660811540785,9.177573728987895,8.802020646603864,8.813756942749023,354100,0.0,0.0
2021-02-26 00:00:00-05:00,8.83722817144576,8.960456471672087,8.73160375421824,8.925248146057129,707800,0.0,0.0
2021-03-01 00:00:00-05:00,9.019134140008875,9.18343831500152,9.007398407318009,9.130626678466797,428100,0.0,0.0
2021-03-02 00:00:00-05:00,9.142364519348618,9.17170469726733,9.101288606032828,9.107156753540039,206800,0.0,0.0
2021-03-03 00:00:00-05:00,9.07195076227547,9.083686500692087,8.96045872903891,8.99566650390625,217500,0.0,0.0
2021-03-04 00:00:00-05:00,8.97806437334335,8.995668264221834,8.637719498398805,8.690531730651855,441400,0.0,0.0
2021-03-05 00:00:00-05:00,8.708131261912776,8.790283084629143,8.168274028559557,8.496882438659668,856800,0.0,0.0
2021-03-08 00:00:00-05:00,8.51448556066424,8.590769783946929,8.37365340673492,8.391257286071777,365900,0.0,0.0
2021-03-09 00:00:00-05:00,8.479281656598847,8.760946670706584,8.461677768097589,8.731606483459473,241600,0.0,0.0
2021-03-10 00:00:00-05:00,8.802023013836331,8.878307280443686,8.655322630272392,8.684662818908691,460700,0.0,0.0
2021-03-11 00:00:00-05:00,8.767372416441315,8.850083115531724,8.72010899883983,8.79691219329834,291900,0.1,0.0
2021-03-12 00:00:00-05:00,8.773282562699377,8.791006207642189,8.672847635649251,8.702386856079102,323800,0.0,0.0
2021-03-15 00:00:00-04:00,8.731923469704489,8.850081998798562,8.714199831196455,8.832358360290527,126900,0.0,0.0
2021-03-16 00:00:00-04:00,8.89143920915893,8.903254782087181,8.826451586068172,8.85599136352539,191700,0.0,0.0
2021-03-17 00:00:00-04:00,8.82645181310383,8.915071147754965,8.773280888422436,8.891439437866211,200900,0.0,0.0
2021-03-18 00:00:00-04:00,8.855990257818707,8.861898325257384,8.708291952397751,8.714200019836426,253400,0.0,0.0
2021-03-19 00:00:00-04:00,8.72601706689611,8.826451406730982,8.6492138724376,8.79691219329834,220100,0.0,0.0
2021-03-22 00:00:00-04:00,8.832356693531718,8.92097599619711,8.796909423204925,8.867804527282715,258700,0.0,0.0
2021-03-23 00:00:00-04:00,8.861903153220275,8.915074662287537,8.785099924948078,8.791007995605469,159100,0.0,0.0
2021-03-24 00:00:00-04:00,8.796909960930739,8.802817464063509,8.690567016601562,8.690567016601562,327500,0.0,0.0
2021-03-25 00:00:00-04:00,8.684659823660159,8.684659823660159,8.536961525423,8.619672775268555,300900,0.0,0.0
2021-03-26 00:00:00-04:00,8.619676305692622,8.684663380701458,8.60195266040376,8.666939735412598,252900,0.0,0.0
2021-03-29 00:00:00-04:00,8.655119180683757,8.726014852519366,8.637395544436973,8.690567016601562,229500,0.0,0.0
2021-03-30 00:00:00-04:00,8.655119126774476,8.708290598607881,8.631487424117879,8.6964750289917,119400,0.0,0.0
2021-03-31 00:00:00-04:00,8.708295195266242,8.82054626470479,8.661031765005127,8.808730125427246,177300,0.0,0.0
2021-04-01 00:00:00-04:00,8.808727171986835,8.938701843338517,8.779187397121769,8.897346496582031,167400,0.0,0.0
2021-04-05 00:00:00-04:00,8.980057319002944,8.985965386745635,8.891438556559974,8.962333679199219,373700,0.0,0.0
2021-04-06 00:00:00-04:00,8.985966970840703,9.169113159179688,8.956427190344165,9.169113159179688,213200,0.0,0.0
2021-04-07 00:00:00-04:00,9.228190311632542,9.245913951016961,9.192743032863705,9.240006446838379,339700,0.0,0.0
2021-04-08 00:00:00-04:00,9.287270275322117,9.346349263715101,9.2754541395889,9.33453369140625,214500,0.0,0.0
2021-04-09 00:00:00-04:00,9.369986562697617,9.440881729125977,9.352262911946701,9.440881729125977,197000,0.0,0.0
2021-04-12 00:00:00-04:00,9.482231170566305,9.51177150904719,9.375888769156852,9.381796836853027,222400,0.0,0.0
2021-04-13 00:00:00-04:00,9.435304038527756,9.476921455543094,9.387741114226005,9.447195053100586,264200,0.1,0.0
2021-04-14 00:00:00-04:00,9.476920821820054,9.50070228238066,9.381794979577629,9.39963150024414,191100,0.0,0.0
2021-04-15 00:00:00-04:00,9.470975881925959,9.470975881925959,9.387740486466466,9.39963150024414,208600,0.0,0.0
2021-04-16 00:00:00-04:00,9.465030642511628,9.465030642511628,9.38774075175682,9.405576705932617,168100,0.0,0.0
2021-04-19 00:00:00-04:00,9.411521575718428,9.441248541995067,9.322341243883235,9.429357528686523,276500,0.0,0.0
2021-04-20 00:00:00-04:00,9.369906378917113,9.453141223781355,9.286670967058015,9.352069854736328,217600,0.0,0.0
2021-04-21 00:00:00-04:00,9.322343148893973,9.494758908137785,9.274780219929806,9.488813400268555,226200,0.0,0.0
2021-04-22 00:00:00-04:00,9.476917597383519,9.572043974254788,9.441245702177026,9.459081649780273,233400,0.0,0.0
2021-04-23 00:00:00-04:00,9.494760518030665,9.572050432451107,9.488815009153338,9.524487495422363,156600,0.0,0.0
2021-04-26 00:00:00-04:00,9.566106146539276,9.595832560736373,9.548269617627012,9.560160636901855,186500,0.0,0.0
2021-04-27 00:00:00-04:00,9.572048866563538,9.589884256287965,9.506649413601483,9.536376953125,160100,0.0,0.0
2021-04-28 00:00:00-04:00,9.566102986306811,9.619611421376689,9.459086116167052,9.465031623840332,444800,0.0,0.0
2021-04-29 00:00:00-04:00,9.560158798925903,9.560158798925903,9.256944669651505,9.316398620605469,429900,0.0,0.0
2021-04-30 00:00:00-04:00,9.268830644570349,9.369901966014245,9.268830644570349,9.322339057922363,126200,0.0,0.0
2021-05-03 00:00:00-04:00,9.411523516777713,9.417469024658203,9.334233615315853,9.417469024658203,204200,0.0,0.0
2021-05-04 00:00:00-04:00,9.411523801349235,9.411523801349235,9.239108036565632,9.352069854736328,203900,0.0,0.0
2021-05-05 00:00:00-04:00,9.375849070727519,9.387739516281622,9.286668177595672,9.369903564453125,128200,0.0,0.0
2021-05-06 00:00:00-04:00,9.393683420060187,9.393683420060187,9.286666593356157,9.322339057922363,150000,0.0,0.0
2021-05-07 00:00:00-04:00,9.387742034470993,9.494758908137785,9.37585158572737,9.488813400268555,177800,0.0,0.0
2021-05-10 00:00:00-04:00,9.494754741504083,9.50664518502976,9.322339057922363,9.322339057922363,228800,0.0,0.0
2021-05-11 00:00:00-04:00,9.25694405155425,9.310452490441016,9.155872681878108,9.268835067749023,242500,0.0,0.0
2021-05-12 00:00:00-04:00,9.262894105178917,9.262894105178917,9.042915300580384,9.054805755615234,209300,0.0,0.0
2021-05-13 00:00:00-04:00,9.084725338381407,9.144571670216253,8.899200396985954,8.91117000579834,231300,0.1,0.0
2021-05-14 00:00:00-04:00,9.018891325310802,9.108661656222772,9.006922290301203,9.07873821258545,122500,0.0,0.0
2021-05-17 00:00:00-04:00,9.060786289189124,9.102678776687675,8.988970351730607,9.048816680908203,123500,0.0,0.0
2021-05-18 00:00:00-04:00,9.042829986705316,9.234339683975822,9.042829986705316,9.18646240234375,182400,0.0,0.0
2021-05-19 00:00:00-04:00,9.120634009689851,9.120634009689851,8.959048268444391,9.036849021911621,304100,0.0,0.0
2021-05-20 00:00:00-04:00,9.108662670876047,9.168508994075017,9.078739223905423,9.144570350646973,181600,0.0,0.0
2021-05-21 00:00:00-04:00,9.216387706127367,9.246311157725271,9.138587531012135,9.228357315063477,180500,0.0,0.0
2021-05-24 00:00:00-04:00,9.228355448929802,9.419864587242122,9.204416806640761,9.383956909179688,176600,0.0,0.0
2021-05-25 00:00:00-04:00,9.419864614336158,9.455772863244125,9.366002526345332,9.43183422088623,124800,0.0,0.0
2021-05-26 00:00:00-04:00,9.419867045741075,9.485698757274097,9.366004943847656,9.366004943847656,193400,0.0,0.0
2021-05-27 00:00:00-04:00,9.371989212328279,9.491682448162527,9.36002017411604,9.461759567260742,131600,0.0,0.0
2021-05-28 00:00:00-04:00,9.443801839358255,9.539556394418884,9.443801839358255,9.485694885253906,147800,0.0,0.0
2021-06-01 00:00:00-04:00,9.527592711414327,9.575470015834098,9.51562309993814,9.56350040435791,155900,0.0,0.0
2021-06-02 00:00:00-04:00,9.563497511695608,9.563497511695608,9.479712539674615,9.545543670654297,162400,0.0,0.0
2021-06-03 00:00:00-04:00,9.46175864532693,9.503651131101407,9.413880784915978,9.47971248626709,158000,0.0,0.0
2021-06-04 00:00:00-04:00,9.48569545209186,9.56349560467111,9.479710649357393,9.515618324279785,165300,0.0,0.0
2021-06-07 00:00:00-04:00,9.515618781267664,9.545542225634867,9.425849018908288,9.52160358428955,155600,0.0,0.0
2021-06-08 00:00:00-04:00,9.521603091706012,9.55751133723745,9.43781813670299,9.497664451599121,177600,0.0,0.0
2021-06-09 00:00:00-04:00,9.497664879290323,9.545542161660078,9.455772399902344,9.455772399902344,132900,0.0,0.0
2021-06-10 00:00:00-04:00,9.52160358428955,9.545542225634867,9.461757266297376,9.52160358428955,163300,0.0,0.0
2021-06-11 00:00:00-04:00,9.5758105113547,9.630013305559189,9.479450243592275,9.617968559265137,97100,0.1,0.0
2021-06-14 00:00:00-04:00,9.64807780409607,9.72034740447998,9.605919771402398,9.72034740447998,115400,0.0,0.0
2021-06-15 00:00:00-04:00,9.71432523849236,9.726370555401466,9.630010317537913,9.672167778015137,114200,0.0,0.0
2021-06-16 00:00:00-04:00,9.708302488516892,9.720346655182723,9.545694177130947,9.714323997497559,171600,0.0,0.0
2021-06-17 00:00:00-04:00,9.708303451538086,9.75648356909416,9.660123333982012,9.708303451538086,122400,0.0,0.0
2021-06-18 00:00:00-04:00,9.702284481043916,9.738419295769477,9.654104345174822,9.684216499328613,217700,0.0,0.0
2021-06-21 00:00:00-04:00,9.696260362825756,9.750463151118272,9.66012555353237,9.73239517211914,147200,0.0,0.0
2021-06-22 00:00:00-04:00,9.744438037077677,9.744438037077677,9.696257920586874,9.72034740447998,102800,0.0,0.0
2021-06-23 00:00:00-04:00,9.714324133326796,9.756482737712423,9.714324133326796,9.738414764404297,83200,0.0,0.0
2021-06-24 00:00:00-04:00,9.738417665253609,9.840800580421465,9.738417665253609,9.798643112182617,160400,0.0,0.0
2021-06-25 00:00:00-04:00,9.82273034980934,9.84682098253996,9.780572891235352,9.780572891235352,111300,0.0,0.0
2021-06-28 00:00:00-04:00,9.828753266341655,9.840798583023577,9.798641123341476,9.834775924682617,108400,0.0,0.0
2021-06-29 00:00:00-04:00,9.822729110717773,9.864886563973796,9.786594314884676,9.822729110717773,122400,0.0,0.0
2021-06-30 00:00:00-04:00,9.822727953638083,9.858863893918954,9.792615818775005,9.828750610351562,106200,0.0,0.0
2021-07-01 00:00:00-04:00,9.84079776439518,9.907045851930132,9.84079776439518,9.858865737915039,167400,0.0,0.0
2021-07-02 00:00:00-04:00,9.876935134462254,9.919092601614253,9.870912475054137,9.901025772094727,123100,0.0,0.0
2021-07-06 00:00:00-04:00,9.92511314371957,9.92511314371957,9.852843543648927,9.9070463180542,135400,0.0,0.0
2021-07-07 00:00:00-04:00,9.90704830183444,9.931137790446789,9.86488968652941,9.876935005187988,102900,0.0,0.0
2021-07-08 00:00:00-04:00,9.81670994216792,9.828755261294692,9.72034968656345,9.798643112182617,140600,0.0,0.0
2021-07-09 00:00:00-04:00,9.822727953638083,9.888976028782034,9.816705296924605,9.828750610351562,101700,0.0,0.0
2021-07-12 00:00:00-04:00,9.889351184924283,9.931768561021034,9.865113179634774,9.925708770751953,111200,0.1,0.0
2021-07-13 00:00:00-04:00,9.895412154885292,9.937829536038876,9.810577392578125,9.810577392578125,126400,0.0,0.0
2021-07-14 00:00:00-04:00,9.852993804940787,9.871173176127826,9.701502512409325,9.713622093200684,151400,0.0,0.0
2021-07-15 00:00:00-04:00,9.73785985284226,9.73785985284226,9.57424956154861,9.610607147216797,159200,0.0,0.0
2021-07-16 00:00:00-04:00,9.598486028097453,9.616664816923006,9.42275619506836,9.42275619506836,190700,0.0,0.0
2021-07-19 00:00:00-04:00,9.350040961900396,9.350040961900396,9.150072540445432,9.180370330810547,269600,0.0,0.0
2021-07-20 00:00:00-04:00,9.2409676312301,9.38639911427309,9.192490470215771,9.343981742858887,198600,0.0,0.0
2021-07-21 00:00:00-04:00,9.41063867238221,9.507593004482741,9.40457946004598,9.46517562866211,139800,0.0,0.0
2021-07-22 00:00:00-04:00,9.513654422528832,9.513654422528832,9.42881965637207,9.42881965637207,102100,0.0,0.0
2021-07-23 00:00:00-04:00,9.495474671318267,9.562130634863069,9.446997501850513,9.501534461975098,194800,0.0,0.0
2021-07-26 00:00:00-04:00,9.525770082154603,9.634843390565175,9.501531504964113,9.6287841796875,116800,0.0,0.0
2021-07-27 00:00:00-04:00,9.640906037806177,9.640906037806177,9.40457998460298,9.556071281433105,143700,0.0,0.0
2021-07-28 00:00:00-04:00,9.592428072064878,9.683322611453605,9.562129699637508,9.646965026855469,100300,0.0,0.0
2021-07-29 00:00:00-04:00,9.646966127274112,9.762099840052619,9.646966127274112,9.689383506774902,113900,0.0,0.0
2021-07-30 00:00:00-04:00,9.634844637019818,9.69544137678204,9.622725635803377,9.640904426574707,103900,0.0,0.0
2021-08-02 00:00:00-04:00,9.701502273901866,9.774217445288665,9.62272673437496,9.65908432006836,184400,0.0,0.0
2021-08-03 00:00:00-04:00,9.640906191527757,9.67726435761982,9.610607816099945,9.671204566955566,101600,0.0,0.0
2021-08-04 00:00:00-04:00,9.689381765104317,9.78027629852295,9.665143184333125,9.78027629852295,91900,0.0,0.0
2021-08-05 00:00:00-04:00,9.78634011402483,9.919653229947823,9.756042309017154,9.907533645629883,121700,0.0,0.0
2021-08-06 00:00:00-04:00,9.925708856068889,9.931768646390058,9.889351269928707,9.913590431213379,59700,0.0,0.0
2021-08-09 00:00:00-04:00,9.907530555731526,9.937828351290115,9.889351184924283,9.925708770751953,99400,0.0,0.0
2021-08-10 00:00:00-04:00,9.96207061927344,9.980248839963174,9.883294476994003,9.907533645629883,148700,0.0,0.0
2021-08-11 00:00:00-04:00,9.937828351290115,9.96812730263552,9.901470765462445,9.925708770751953,93800,0.0,0.0
2021-08-12 00:00:00-04:00,9.956189866855423,9.956189866855423,9.876931058945372,9.889123916625977,91400,0.1,0.0
2021-08-13 00:00:00-04:00,9.913513390785857,9.913513390785857,9.858641453190923,9.864738464355469,86700,0.0,0.0
2021-08-16 00:00:00-04:00,9.852544860031912,9.852544860031912,9.72451052735939,9.767189025878906,123200,0.0,0.0
2021-08-17 00:00:00-04:00,9.761093766494911,9.767190779012495,9.687931360613256,9.718415260314941,154400,0.0,0.0
2021-08-18 00:00:00-04:00,9.681835063749814,9.773288513944205,9.657447593319942,9.706222534179688,102400,0.0,0.0
2021-08-19 00:00:00-04:00,9.68793021323648,9.730608132918833,9.639155281758635,9.663542747497559,107400,0.0,0.0
2021-08-20 00:00:00-04:00,9.706221151162104,9.803771018981934,9.639155762396742,9.803771018981934,111100,0.0,0.0
2021-08-23 00:00:00-04:00,9.779381220185709,9.90741494747559,9.773284209902503,9.889123916625977,115200,0.0,0.0
2021-08-24 00:00:00-04:00,9.913513489876221,9.956191405568651,9.889125444974269,9.943997383117676,107800,0.0,0.0
2021-08-25 00:00:00-04:00,9.968388557434082,9.992775447105917,9.913516602064512,9.968388557434082,78000,0.0,0.0
2021-08-26 00:00:00-04:00,9.9866767812044,9.9866767812044,9.858643015122137,9.876934051513672,100900,0.0,0.0
2021-08-27 00:00:00-04:00,9.870837683999552,9.943999508571213,9.852546646413519,9.895224571228027,138300,0.0,0.0
2021-08-30 00:00:00-04:00,9.89522635803931,9.92571142618748,9.85864543914795,9.85864543914795,107600,0.0,0.0
2021-08-31 00:00:00-04:00,9.889129344409675,9.889129344409675,9.840354398259047,9.85864543914795,94400,0.0,0.0
2021-09-01 00:00:00-04:00,9.8586442643734,9.937903106341121,9.8586442643734,9.907419204711914,93100,0.0,0.0
2021-09-02 00:00:00-04:00,9.9439986438613,9.962289679856783,9.895223710759485,9.925708770751953,77400,0.0,0.0
2021-09-03 00:00:00-04:00,9.895223710759485,9.968386691855276,9.883029686762496,9.925708770751953,98200,0.0,0.0
2021-09-07 00:00:00-04:00,9.925710022997954,9.980581975021012,9.8769350837426,9.956193923950195,113300,0.0,0.0
2021-09-08 00:00:00-04:00,9.96838850788922,10.035453326318207,9.944000455452246,10.011066436767578,143300,0.0,0.0
2021-09-09 00:00:00-04:00,10.023255999623029,10.065933909496884,9.992770947651827,10.041545867919922,112500,0.0,0.0
2021-09-10 00:00:00-04:00,10.09032379917134,10.09032379917134,10.011064966166796,10.029356002807617,113300,0.0,0.0
2021-09-13 00:00:00-04:00,10.072295368902413,10.072295368902413,9.974148857658436,10.041625022888184,109300,0.1,0.0
2021-09-14 00:00:00-04:00,10.047756249086067,10.066159155201062,9.937342322391546,9.949609756469727,122200,0.0,0.0
2021-09-15 00:00:00-04:00,9.93121078842829,9.968015440918169,9.906673573435834,9.925076484680176,84400,0.0,0.0
2021-09-16 00:00:00-04:00,9.931209228668383,10.06002607715085,9.925074925883699,10.035490036010742,82200,0.0,0.0
2021-09-17 00:00:00-04:00,10.0538904019941,10.0538904019941,9.961878212780915,10.02322006225586,73600,0.0,0.0
2021-09-20 00:00:00-04:00,9.912805703326045,9.974147557356238,9.869866756504475,9.931208610534668,154400,0.0,0.0
2021-09-21 00:00:00-04:00,9.968012272563042,10.029354120547733,9.918939028174977,9.980280876159668,108000,0.0,0.0
2021-09-22 00:00:00-04:00,9.974146937680477,10.03548878789961,9.974146937680477,9.998682975769043,118400,0.0,0.0
2021-09-23 00:00:00-04:00,10.017085075378418,10.07229261913114,10.004816472322618,10.017085075378418,109400,0.0,0.0
2021-09-24 00:00:00-04:00,10.017084904276803,10.072292447086527,10.017084904276803,10.047755241394043,114400,0.0,0.0
2021-09-27 00:00:00-04:00,10.041626420305644,10.041626420305644,9.943478725404487,9.961881637573242,123400,0.0,0.0
2021-09-28 00:00:00-04:00,9.961880411169156,9.961880411169156,9.636769941204717,9.691977500915527,216200,0.0,0.0
2021-09-29 00:00:00-04:00,9.698112385567732,9.814661230277544,9.606099585534242,9.630636215209961,116100,0.0,0.0
2021-09-30 00:00:00-04:00,9.630634067873725,9.661304994379545,9.569292799861351,9.587695121765137,111800,0.0,0.0
2021-10-01 00:00:00-04:00,9.61836555656506,9.630633575540667,9.526352781751436,9.612231254577637,97700,0.0,0.0
2021-10-04 00:00:00-04:00,9.624500564852143,9.679708120147552,9.409805231480277,9.507951736450195,196700,0.0,0.0
2021-10-05 00:00:00-04:00,9.55089039815022,9.741049684545318,9.514085752395877,9.624500274658203,135200,0.0,0.0
2021-10-06 00:00:00-04:00,9.624499954527936,9.882135391235352,9.612231934684312,9.882135391235352,206200,0.0,0.0
2021-10-07 00:00:00-04:00,9.955746147757832,9.98641766438602,9.888271151173274,9.918941497802734,131100,0.0,0.0
2021-10-08 00:00:00-04:00,9.968319465757844,9.986836892119353,9.900424590324281,9.912768363952637,78300,0.1,0.0
2021-10-11 00:00:00-04:00,9.888078254670253,9.986835493542834,9.789320427158096,9.832527160644531,80200,0.0,0.0
2021-10-12 00:00:00-04:00,9.875730643871545,9.875730643871545,9.770800958689257,9.783145904541016,103600,0.0,0.0
2021-10-13 00:00:00-04:00,9.820182731682202,9.869561353734285,9.776976584546528,9.789320945739746,104400,0.0,0.0
2021-10-14 00:00:00-04:00,9.826356653574635,9.925113912221263,9.81401170192396,9.87573528289795,66000,0.0,0.0
2021-10-15 00:00:00-04:00,9.931287469181429,9.962148674388327,9.894253787477247,9.937459945678711,64500,0.0,0.0
2021-10-18 00:00:00-04:00,9.937458464345472,10.017698292290119,9.900424788161738,9.993009567260742,98800,0.0,0.0
2021-10-19 00:00:00-04:00,10.017698479758113,10.122628211975098,10.017698479758113,10.122628211975098,77600,0.0,0.0
2021-10-20 00:00:00-04:00,10.14114540657904,10.19669650926043,10.060904401692882,10.172006607055664,173700,0.0,0.0
2021-10-21 00:00:00-04:00,10.141144231514161,10.20904027743075,10.1287992818422,10.196695327758789,85100,0.0,0.0
2021-10-22 00:00:00-04:00,10.172005948357054,10.184350898660027,10.134972274727392,10.165833473205566,61800,0.0,0.0
2021-10-25 00:00:00-04:00,10.165835676867921,10.190525582825934,10.097940790042415,10.159663200378418,71300,0.0,0.0
2021-10-26 00:00:00-04:00,10.190521240234375,10.246072327687834,10.172003818656885,10.190521240234375,103100,0.0,0.0
2021-10-27 00:00:00-04:00,10.19052403370924,10.209041460362814,10.15966165595328,10.172006607055664,81600,0.0,0.0
2021-10-28 00:00:00-04:00,10.184350378086828,10.246073949167435,10.153489181186123,10.196695327758789,126100,0.0,0.0
2021-10-29 00:00:00-04:00,10.202867284115761,10.276934623825253,10.147316190694074,10.252245903015137,122400,0.0,0.0
2021-11-01 00:00:00-04:00,10.246070001273047,10.326309788665354,10.246070001273047,10.31396484375,68100,0.0,0.0
2021-11-02 00:00:00-04:00,10.338659940499802,10.462107097268252,10.295453788814646,10.369521141052246,159200,0.0,0.0
2021-11-03 00:00:00-04:00,10.375689506530762,10.394206925894585,10.344828318203259,10.375689506530762,80100,0.0,0.0
2021-11-04 00:00:00-04:00,10.406556191855604,10.455934820043794,10.38186628912183,10.449762344360352,86000,0.0,0.0
2021-11-05 00:00:00-04:00,10.480621042712551,10.511483413759796,10.425069952106588,10.462104797363281,116300,0.0,0.0
2021-11-08 00:00:00-05:00,10.431242719655392,10.548517378374676,10.431242719655392,10.4559326171875,113000,0.0,0.0
2021-11-09 00:00:00-05:00,10.499137953243078,10.542344093322754,10.443586865346631,10.542344093322754,103500,0.0,0.0
2021-11-10 00:00:00-05:00,10.511305161137434,10.536139288339472,10.38092214463505,10.430591583251953,91200,0.1,0.0
2021-11-11 00:00:00-05:00,10.461635687321643,10.542348080722734,10.443009203823165,10.49267864227295,72700,0.0,0.0
2021-11-12 00:00:00-05:00,10.54234357695839,10.54234357695839,10.467840043218564,10.517509460449219,60200,0.0,0.0
2021-11-15 00:00:00-05:00,10.567182123596986,10.579599777772055,10.480259728584182,10.529929161071777,101100,0.0,0.0
2021-11-16 00:00:00-05:00,10.505096435546875,10.529930562990662,10.455426996446459,10.505096435546875,102400,0.0,0.0
2021-11-17 00:00:00-05:00,10.511303074757045,10.523720727999708,10.449215992756328,10.48025894165039,78500,0.0,0.0
2021-11-18 00:00:00-05:00,10.480260341715828,10.523722133871237,10.405756780732057,10.455426216125488,87100,0.0,0.0
2021-11-19 00:00:00-05:00,10.467843082321089,10.486468379057323,10.399547169721137,10.405755996704102,114500,0.0,0.0
2021-11-22 00:00:00-05:00,10.393339912032312,10.455427007023852,10.28158337789011,10.287792205810547,120300,0.0,0.0
2021-11-23 00:00:00-05:00,10.25674700154243,10.30020760324355,10.151199318462888,10.213286399841309,188400,0.0,0.0
2021-11-24 00:00:00-05:00,10.200866038322708,10.24432662848474,10.095318383266799,10.163614273071289,189300,0.0,0.0
2021-11-26 00:00:00-05:00,10.05186193278152,10.05186193278152,9.952523061725316,10.002192497253418,94900,0.0,0.0
2021-11-29 00:00:00-05:00,10.076696190816147,10.082905018365318,9.927687882274327,9.971148490905762,98800,0.0,0.0
2021-11-30 00:00:00-05:00,9.94631245805304,10.02702483229287,9.772468872643156,9.853181838989258,155000,0.0,0.0
2021-12-01 00:00:00-05:00,9.896641400375863,9.983563183956079,9.685546655291699,9.69796371459961,128300,0.0,0.0
2021-12-02 00:00:00-05:00,9.697966406140479,9.921478864671657,9.499288665223876,9.747635841369629,178200,0.0,0.0
2021-12-03 00:00:00-05:00,9.753846203149537,9.78488975307772,9.567585495686895,9.635881423950195,118500,0.0,0.0
2021-12-06 00:00:00-05:00,9.60483482280949,9.741425451731777,9.52412185547926,9.58620834350586,127200,0.0,0.0
2021-12-07 00:00:00-05:00,9.760053871122546,9.871809808627594,9.747636215785098,9.80351448059082,96000,0.0,0.0
2021-12-08 00:00:00-05:00,9.784884452819824,9.915266818207751,9.729006211638406,9.784884452819824,156600,0.0,0.0
2021-12-09 00:00:00-05:00,9.797305276598781,9.797305276598781,9.716592296324817,9.747635841369629,77700,0.0,0.0
2021-12-10 00:00:00-05:00,9.78488469782616,9.896640590881136,9.747632338737061,9.890432357788086,73900,0.0,0.0
2021-12-13 00:00:00-05:00,9.865442309792629,9.934169052646846,9.765475921696796,9.846698760986328,103800,0.1,0.0
2021-12-14 00:00:00-05:00,9.765474782275968,9.915424346923828,9.759226734787322,9.915424346923828,100900,0.0,0.0
2021-12-15 00:00:00-05:00,9.871690990450588,9.871690990450588,9.671757605603306,9.82795524597168,176000,0.0,0.0
2021-12-16 00:00:00-05:00,9.796716474346887,9.921674471040754,9.709245578737814,9.721741676330566,153800,0.0,0.0
2021-12-17 00:00:00-05:00,9.752979671071344,9.821707008685687,9.63426973604596,9.777971267700195,112700,0.0,0.0
2021-12-20 00:00:00-05:00,9.815460024889285,9.815460024889285,9.665510428856644,9.721741676330566,155300,0.0,0.0
2021-12-21 00:00:00-05:00,9.821707898714845,9.846699497608402,9.715493454455554,9.771724700927734,116900,0.0,0.0
2021-12-22 00:00:00-05:00,9.777971790380814,10.04663191538718,9.771724337774643,10.034135818481445,84500,0.0,0.0
2021-12-23 00:00:00-05:00,10.096614837646484,10.159094128788263,10.090366789362971,10.096614837646484,149200,0.0,0.0
2021-12-27 00:00:00-05:00,10.165342177071777,10.165342177071777,10.084118741079457,10.096614837646484,90600,0.0,0.0
2021-12-28 00:00:00-05:00,10.134100183156857,10.159092371968995,9.996646719769561,10.046629905700684,80900,0.0,0.0
2021-12-29 00:00:00-05:00,10.09036471531102,10.109108856308746,9.996646393708625,10.027885437011719,82500,0.0,0.0
2021-12-30 00:00:00-05:00,10.046748108400866,10.185064560920344,10.046748108400866,10.172490119934082,52600,0.1,0.0
2021-12-31 00:00:00-05:00,10.197637802741909,10.203925023235039,10.084471431359647,10.172490119934082,67500,0.0,0.0
2022-01-03 00:00:00-05:00,10.222788893159567,10.222788893159567,10.084473609924316,10.084473609924316,112700,0.0,0.0
2022-01-04 00:00:00-05:00,10.191350187916468,10.191350187916468,9.908432471660662,9.939867973327637,177100,0.0,0.0
2022-01-05 00:00:00-05:00,9.933578527291504,9.95243958423262,9.650660274845993,9.66952133178711,225100,0.0,0.0
2022-01-06 00:00:00-05:00,9.675813384174436,9.814128670280857,9.619229585502497,9.757545471191406,107300,0.0,0.0
2022-01-07 00:00:00-05:00,9.751256314181703,9.952442581018776,9.656949801915047,9.826701164245605,103300,0.0,0.0
2022-01-10 00:00:00-05:00,9.763831211414612,9.814127783560304,9.537496636758997,9.625515937805176,213800,0.0,0.0
2022-01-11 00:00:00-05:00,9.606654549420291,9.851850795358214,9.562645197424684,9.770118713378906,115500,0.0,0.0
2022-01-12 00:00:00-05:00,9.820414403793322,9.996452395526648,9.788978898231058,9.864423751831055,107000,0.0,0.0
2022-01-13 00:00:00-05:00,9.908431425731743,9.990163481605355,9.744967313984517,9.851847648620605,152100,0.0,0.0
2022-01-14 00:00:00-05:00,9.876998868902344,9.92100821994776,9.638089849716982,9.71982192993164,204800,0.0,0.0
2022-01-18 00:00:00-05:00,9.619226022979136,9.650661521663768,9.44318806976037,9.455761909484863,180200,0.0,0.0
2022-01-19 00:00:00-05:00,9.506062439456775,9.61923004217326,9.242005099506654,9.254579544067383,249100,0.0,0.0
2022-01-20 00:00:00-05:00,9.273436218582157,9.430613103642871,9.103684894917114,9.135120391845703,166400,0.0,0.0
2022-01-21 00:00:00-05:00,9.009381709996553,9.047104437558648,8.462406057631862,8.657305717468262,451100,0.0,0.0
2022-01-24 00:00:00-05:00,8.487553783605167,8.638443484747267,8.229783727591819,8.60072135925293,531200,0.0,0.0
2022-01-25 00:00:00-05:00,8.569285556821333,8.801907321217925,8.449830764552972,8.75161075592041,280200,0.0,0.0
2022-01-26 00:00:00-05:00,8.839629214971422,8.990518896695942,8.695026153632035,8.707600593566895,167100,0.0,0.0
2022-01-27 00:00:00-05:00,8.783046368279956,8.91507500372233,8.68873985748834,8.776759147644043,184600,0.0,0.0
2022-01-28 00:00:00-05:00,8.80190824592508,8.852204816506632,8.701315104761981,8.820769309997559,135700,0.0,0.0
2022-01-31 00:00:00-05:00,8.808194569148943,9.286012540542597,8.808194569148943,8.971658706665039,213600,0.0,0.0
2022-02-01 00:00:00-05:00,9.08482661415007,9.279726275029354,8.915075838168363,9.267151832580566,132800,0.0,0.0
2022-02-02 00:00:00-05:00,9.27343665922792,9.367742554912589,9.197991822763735,9.298584938049316,163900,0.0,0.0
2022-02-03 00:00:00-05:00,9.210568359210248,9.273439374463312,9.04081757735887,9.116262435913086,146900,0.0,0.0
2022-02-04 00:00:00-05:00,9.07854026544615,9.286014388714147,9.040818133639224,9.172846794128418,176800,0.0,0.0
2022-02-07 00:00:00-05:00,9.235716608484385,9.32373590957042,9.091114113395653,9.185420036315918,229100,0.0,0.0
2022-02-08 00:00:00-05:00,9.160268268737974,9.443187129136199,9.160268268737974,9.392889976501465,137400,0.0,0.0
2022-02-09 00:00:00-05:00,9.531209592441286,9.61294167359228,9.405468159740698,9.524922370910645,126500,0.0,0.0
2022-02-10 00:00:00-05:00,9.41175524149627,9.625515973703907,9.41175524149627,9.562644958496094,137400,0.0,0.0
2022-02-11 00:00:00-05:00,9.587961720692725,9.644920007134775,9.189254922699767,9.239884376525879,183300,0.1,0.0
2022-02-14 00:00:00-05:00,9.220893238322931,9.341138583310274,9.10064849688598,9.12596321105957,198600,0.0,0.0
2022-02-15 00:00:00-05:00,9.176595231101375,9.25253939507063,9.138622847341466,9.16393756866455,114900,0.0,0.0
2022-02-16 00:00:00-05:00,9.201907973840932,9.284180951338358,9.031033792538919,9.220893859863281,94500,0.0,0.0
2022-02-17 00:00:00-05:00,9.170269594792028,9.220899055077432,8.898136396645686,8.96142292022705,170700,0.0,0.0
2022-02-18 00:00:00-05:00,8.993063470100106,9.252539517996675,8.91079047381939,8.980405807495117,176800,0.0,0.0
2022-02-22 00:00:00-05:00,8.879146225633303,8.961419215472164,8.480438938052906,8.486767768859863,364600,0.0,0.0
2022-02-23 00:00:00-05:00,8.524740984213556,8.632328704256125,8.277921990548148,8.309565544128418,360000,0.0,0.0
2022-02-24 00:00:00-05:00,8.04375818567703,8.632326049169377,7.9108557843578025,8.594353675842285,343700,0.0,0.0
2022-02-25 00:00:00-05:00,8.600683994929307,8.784215856771448,8.569040445601248,8.746243476867676,110300,0.0,0.0
2022-02-28 00:00:00-05:00,8.62599833729701,8.891803174373845,8.62599833729701,8.866488456726074,171000,0.0,0.0
2022-03-01 00:00:00-05:00,8.847503231802476,8.986734500562834,8.777887899197578,8.898133277893066,98900,0.0,0.0
2022-03-02 00:00:00-05:00,8.92344611562396,9.100649127110481,8.891802569828045,9.094320297241211,133400,0.0,0.0
2022-03-03 00:00:00-05:00,9.100651902114077,9.182924904850266,8.92977706484262,8.986735343933105,145900,0.0,0.0
2022-03-04 00:00:00-05:00,8.879149117066772,8.942436238644303,8.701946021620698,8.7778902053833,156200,0.0,0.0
2022-03-07 00:00:00-05:00,8.714601815259625,8.739916537742308,8.569041708321253,8.58169937133789,131900,0.0,0.0
2022-03-08 00:00:00-05:00,8.58169937133789,8.689286489226351,8.410824541916835,8.58169937133789,147800,0.0,0.0
2022-03-09 00:00:00-05:00,8.670299637407933,8.689285526278278,8.474110710796475,8.486767768859863,387200,0.0,0.0
2022-03-10 00:00:00-05:00,8.46778275420911,8.562712811912004,8.417153309627489,8.543726921081543,127800,0.0,0.0
2022-03-11 00:00:00-05:00,8.658489595628565,8.658489595628565,8.29506275800896,8.326942443847656,129800,0.1,0.0
2022-03-14 00:00:00-04:00,8.339697947936752,8.377953710877993,7.976270936241233,8.046405792236328,208100,0.0,0.0
2022-03-15 00:00:00-04:00,8.05915437232854,8.135665256514812,8.001771057175224,8.065529823303223,154300,0.0,0.0
2022-03-16 00:00:00-04:00,8.218555628855205,8.51184777797022,8.167548351448655,8.428960800170898,154800,0.0,0.0
2022-03-17 00:00:00-04:00,8.524602010643438,8.671248435974121,8.435338942700636,8.671248435974121,160900,0.0,0.0
2022-03-18 00:00:00-04:00,8.658493349656613,9.015544891357422,8.658493349656613,9.015544891357422,295900,0.0,0.0
2022-03-21 00:00:00-04:00,9.053800392965353,9.117559794740595,8.875274919271282,8.945409774780273,132800,0.0,0.0
2022-03-22 00:00:00-04:00,8.990041584567878,9.117559779855458,8.932658244674787,9.04742431640625,155100,0.0,0.0
2022-03-23 00:00:00-04:00,9.034673218789392,9.111184139500834,8.970913814169153,9.009169578552246,156500,0.0,0.0
2022-03-24 00:00:00-04:00,9.021921094643446,9.053800796953565,8.939034719913778,9.009169578552246,100600,0.0,0.0
2022-03-25 00:00:00-04:00,9.0346685069607,9.16218664164221,9.009164880024397,9.021916389465332,102600,0.0,0.0
2022-03-28 00:00:00-04:00,8.932657920864504,9.015544896810445,8.875274583051567,8.964537620544434,99400,0.0,0.0
2022-03-29 00:00:00-04:00,8.951781567404108,9.085675760833302,8.945405508656426,9.021916389465332,162200,0.0,0.0
2022-03-30 00:00:00-04:00,9.041048877443135,9.041048877443135,8.875274919271282,8.945409774780273,126200,0.0,0.0
2022-03-31 00:00:00-04:00,8.932659339535931,8.996418140967172,8.875275992609458,8.990042686462402,108300,0.0,0.0
2022-04-01 00:00:00-04:00,8.996415550886981,9.085678576857525,8.93265676781198,9.060174942016602,75400,0.0,0.0
2022-04-04 00:00:00-04:00,9.168565750148339,9.238700595538656,9.0410475730502,9.117558479309082,118700,0.0,0.0
2022-04-05 00:00:00-04:00,9.104807671163659,9.111183732952126,8.926282197469588,8.945409774780273,130900,0.0,0.0
2022-04-06 00:00:00-04:00,8.907153191402864,8.9454083398879,8.607485024015189,8.664868354797363,306800,0.0,0.0
2022-04-07 00:00:00-04:00,8.652116298469473,8.664868420097,8.505470548080659,8.626612663269043,200700,0.0,0.0
2022-04-08 00:00:00-04:00,8.607483923952701,8.607483923952701,8.479965765208755,8.569228172302246,81400,0.0,0.0
2022-04-11 00:00:00-04:00,8.4863405378191,8.64573836408272,8.4863405378191,8.537347793579102,201700,0.0,0.0
2022-04-12 00:00:00-04:00,8.665828190045914,8.794305878299424,8.665828190045914,8.72364330291748,171700,0.1,0.0
2022-04-13 00:00:00-04:00,8.755762878138343,8.826425453520287,8.678676265186237,8.72364330291748,147800,0.0,0.0
2022-04-14 00:00:00-04:00,8.762185536643008,8.871391707628202,8.723641929918296,8.775032997131348,158300,0.0,0.0
2022-04-18 00:00:00-04:00,8.794306063979622,8.877816716265107,8.762187100710552,8.820001602172852,212100,0.0,0.0
2022-04-19 00:00:00-04:00,8.9163619779176,8.993448606745524,8.807155767253855,8.948481559753418,201500,0.0,0.0
2022-04-20 00:00:00-04:00,9.031989694975895,9.031989694975895,8.890663942102957,8.967750549316406,195000,0.0,0.0
2022-04-21 00:00:00-04:00,8.993446245431114,9.064108816812736,8.832848991048417,8.890664100646973,238200,0.0,0.0
2022-04-22 00:00:00-04:00,8.845698884840987,8.884241890747594,8.646557978890064,8.678677558898926,168600,0.0,0.0
2022-04-25 00:00:00-04:00,8.614437539308305,8.736491808637059,8.601590076164737,8.672252655029297,187000,0.0,0.0
2022-04-26 00:00:00-04:00,8.659404573096433,8.768610766573968,8.518079415467836,8.5630464553833,226600,0.0,0.0
2022-04-27 00:00:00-04:00,8.601589885611743,8.64013288681857,8.428144542291145,8.46668815612793,204700,0.0,0.0
2022-04-28 00:00:00-04:00,8.575894875693079,8.601590415624258,8.447416563407193,8.51807975769043,271400,0.0,0.0
2022-04-29 00:00:00-04:00,8.44741482586143,8.543773540255854,8.41529586702649,8.440991401672363,149100,0.0,0.0
2022-05-02 00:00:00-04:00,8.473111926642868,8.518079580057186,8.261123573473887,8.376753807067871,230600,0.0,0.0
2022-05-03 00:00:00-04:00,8.421720417278165,8.492383606475045,8.376753378792843,8.428144454956055,173600,0.0,0.0
2022-05-04 00:00:00-04:00,8.511655195079214,8.530926695682629,8.306090888296247,8.46668815612793,173600,0.0,0.0
2022-05-05 00:00:00-04:00,8.408871536235367,8.440991106577282,8.241850260561286,8.306089401245117,198100,0.0,0.0
2022-05-06 00:00:00-04:00,8.261119568686821,8.312510622564368,8.11979447683841,8.235424041748047,214300,0.0,0.0
2022-05-09 00:00:00-04:00,8.151915809463166,8.248274523128796,7.753634719149546,7.779330253601074,288100,0.0,0.0
2022-05-10 00:00:00-04:00,7.817876623225833,7.978473923435681,7.605888235959239,7.625159740447998,377300,0.0,0.0
2022-05-11 00:00:00-04:00,7.599460331483831,7.657275428172767,7.522373740108507,7.573764801025391,280200,0.0,0.0
2022-05-12 00:00:00-04:00,7.470105134257392,7.5284148148732735,7.22390904825176,7.288697719573975,436500,0.1,0.0
2022-05-13 00:00:00-04:00,7.46362679326605,7.534893837728108,7.288697750672051,7.450668811798096,156500,0.0,0.0
2022-05-16 00:00:00-04:00,7.450671616116208,7.541375666919805,7.359967565312611,7.379404544830322,189400,0.0,0.0
2022-05-17 00:00:00-04:00,7.496021885493169,7.606162276681338,7.353487770437275,7.5996832847595215,192100,0.0,0.0
2022-05-18 00:00:00-04:00,7.554329579080128,7.677427921554895,7.42475286426762,7.489541530609131,178900,0.0,0.0
2022-05-19 00:00:00-04:00,7.366442091125643,7.528413114988223,7.366442091125643,7.4247517585754395,177300,0.0,0.0
2022-05-20 00:00:00-04:00,7.521936685552061,7.599682729319579,7.3858809544912445,7.508979320526123,216300,0.0,0.0
2022-05-23 00:00:00-04:00,7.470102952973389,7.6061586287250815,7.470102952973389,7.534891605377197,158200,0.0,0.0
2022-05-24 00:00:00-04:00,7.521936216194572,7.586724890893438,7.431232813060872,7.5478515625,129000,0.0,0.0
2022-05-25 00:00:00-04:00,7.5024972791752935,7.5608069427646445,7.463624582029313,7.534891605377197,176000,0.0,0.0
2022-05-26 00:00:00-04:00,7.645030988602622,7.703340644907003,7.515454317854164,7.6644673347473145,125500,0.0,0.0
2022-05-27 00:00:00-04:00,7.6774286347706715,7.975455415460712,7.6774286347706715,7.936582088470459,200700,0.0,0.0
2022-05-31 00:00:00-04:00,7.96897920984974,8.066161634485274,7.858838799065048,8.046725273132324,177900,0.0,0.0
2022-06-01 00:00:00-04:00,8.04672088495057,8.117987916293965,7.871791874557082,7.975453853607178,173000,0.0,0.0
2022-06-02 00:00:00-04:00,7.975458202924319,8.059682641410696,7.917148500994684,8.046725273132324,141500,0.0,0.0
2022-06-03 00:00:00-04:00,7.962500216775161,8.092076988912801,7.910669507920105,8.046725273132324,189600,0.0,0.0
2022-06-06 00:00:00-04:00,8.098556518554688,8.182781580492156,8.053204799769446,8.098556518554688,242200,0.0,0.0
2022-06-07 00:00:00-04:00,8.098554883692701,8.182779928627589,8.098554883692701,8.143906593322754,176200,0.0,0.0
2022-06-08 00:00:00-04:00,8.202215396927793,8.286440432719372,8.12446935262879,8.176300048828125,207600,0.0,0.0
2022-06-09 00:00:00-04:00,8.176300048828125,8.39658081661062,8.176300048828125,8.176300048828125,247700,0.0,0.0
2022-06-10 00:00:00-04:00,8.097929544079534,8.189358007890162,8.065277099609375,8.065277099609375,216600,0.1,0.0
2022-06-13 00:00:00-04:00,7.934668226131353,7.960790566569753,7.497118556683855,7.5232415199279785,344900,0.0,0.0
2022-06-14 00:00:00-04:00,7.490587456354438,7.634259998521399,7.2489556832856685,7.346914291381836,384500,0.0,0.0
2022-06-15 00:00:00-04:00,7.346913858841991,7.490587015356026,7.340383119271897,7.359975337982178,346700,0.0,0.0
2022-06-16 00:00:00-04:00,7.255487517327573,7.314262945215779,6.889774712609968,6.981202602386475,274500,0.0,0.0
2022-06-17 00:00:00-04:00,7.137935638915954,7.170588093277193,6.974670875887176,7.026915550231934,243500,0.0,0.0
2022-06-21 00:00:00-04:00,7.072629726724144,7.346914587827491,7.072629726724144,7.111813545227051,151100,0.0,0.0
2022-06-22 00:00:00-04:00,7.079160224092491,7.275078064274752,6.896303863898348,7.137935638427734,131300,0.0,0.0
2022-06-23 00:00:00-04:00,7.144465030992444,7.216301918029785,7.124873435802979,7.216301918029785,171200,0.0,0.0
2022-06-24 00:00:00-04:00,7.307729028644667,7.418749094684967,7.242423510436297,7.340382099151611,153900,0.0,0.0
2022-06-27 00:00:00-04:00,7.431812064370593,7.438342804344505,7.320791976036673,7.353445053100586,146800,0.0,0.0
2022-06-28 00:00:00-04:00,7.457936570846093,7.470997431787453,7.301202502714833,7.320794105529785,129400,0.0,0.0
2022-06-29 00:00:00-04:00,7.320793132659774,7.386099297105421,7.2816093094312375,7.373037815093994,165300,0.0,0.0
2022-06-30 00:00:00-04:00,7.281610052148259,7.379569308808476,7.255487708266695,7.294671535491943,212000,0.0,0.0
2022-07-01 00:00:00-04:00,7.255485821908844,7.379567390190589,7.248955704740577,7.353445053100586,109100,0.0,0.0
2022-07-05 00:00:00-04:00,7.3469123867901045,7.412218523794875,7.203239259062897,7.3991570472717285,94500,0.0,0.0
2022-07-06 00:00:00-04:00,7.359975771291,7.451403639432586,7.314261214414566,7.346914291381836,142000,0.0,0.0
2022-07-07 00:00:00-04:00,7.340384959287745,7.5232419762535425,7.340384959287745,7.516711235046387,151000,0.0,0.0
2022-07-08 00:00:00-04:00,7.497118501414327,7.6603832836521555,7.451404561685566,7.621200084686279,82300,0.0,0.0
2022-07-11 00:00:00-04:00,7.608136668579714,7.7648712930062285,7.523239551472534,7.719156742095947,379100,0.0,0.0
2022-07-12 00:00:00-04:00,7.679639455838426,7.837710788239028,7.626949011704893,7.640121936798096,185000,0.1,0.0
2022-07-13 00:00:00-04:00,7.5742583852040966,7.679639270933883,7.514981479951185,7.554499626159668,136900,0.0,0.0
2022-07-14 00:00:00-04:00,7.323978579843726,7.55449974200222,7.323978579843726,7.455704689025879,140600,0.0,0.0
2022-07-15 00:00:00-04:00,7.561085642478155,7.65329423377166,7.501809363917659,7.640121936798096,140000,0.0,0.0
2022-07-18 00:00:00-04:00,7.70598394851257,7.745502091932039,7.534739707227503,7.574257850646973,126300,0.0,0.0
2022-07-19 00:00:00-04:00,7.600605524755874,7.725745201110841,7.561087368574431,7.72574520111084,109600,0.0,0.0
2022-07-20 00:00:00-04:00,7.7389171322186785,7.962851856118201,7.7389171322186785,7.9035749435424805,184000,0.0,0.0
2022-07-21 00:00:00-04:00,7.929918602733012,8.10116284345206,7.883814625662335,8.04847240447998,148900,0.0,0.0
2022-07-22 00:00:00-04:00,8.153854491798956,8.226303699101296,7.99578315143767,8.055059432983398,98700,0.0,0.0
2022-07-25 00:00:00-04:00,8.06164607329265,8.140681745212811,8.035300849319263,8.068232536315918,94500,0.0,0.0
2022-07-26 00:00:00-04:00,8.008958871545493,8.134099207230857,8.008958871545493,8.087994575500488,153000,0.0,0.0
2022-07-27 00:00:00-04:00,8.206544197122819,8.305338618892605,8.087990388503382,8.298752784729004,179500,0.0,0.0
2022-07-28 00:00:00-04:00,8.265823981972014,8.562207978687221,8.259237517393494,8.522689819335938,178300,0.0,0.0
2022-07-29 00:00:00-04:00,8.62806998569635,8.76638257908329,8.542447844254935,8.733450889587402,276500,0.0,0.0
2022-08-01 00:00:00-04:00,8.713689673933255,8.75320781867518,8.595136495946685,8.608308792114258,248300,0.0,0.0
2022-08-02 00:00:00-04:00,8.575381579049848,8.792729902194441,8.562208648861748,8.661003112792969,205100,0.0,0.0
2022-08-03 00:00:00-04:00,8.812484495402115,8.825656791231392,8.674171934536984,8.746621131896973,193500,0.0,0.0
2022-08-04 00:00:00-04:00,8.79272908750452,8.79272908750452,8.601726014313627,8.64783000946045,146700,0.0,0.0
2022-08-05 00:00:00-04:00,8.614893913269043,8.700516023448996,8.542444725325776,8.614893913269043,120400,0.0,0.0
2022-08-08 00:00:00-04:00,8.726864221989953,8.805899898060023,8.641242082550779,8.69393253326416,91900,0.0,0.0
2022-08-09 00:00:00-04:00,8.680759759962182,8.766381894719343,8.614896386112154,8.621482849121094,146400,0.0,0.0
2022-08-10 00:00:00-04:00,8.819071203369086,8.904693327066216,8.740035541830105,8.812484741210938,170400,0.0,0.0
2022-08-11 00:00:00-04:00,8.94520373958232,8.95183979951023,8.7660345514753,8.839029312133789,162500,0.1,0.0
2022-08-12 00:00:00-04:00,8.951840931375727,8.951840931375727,8.772671720614658,8.852302551269531,167900,0.0,0.0
2022-08-15 00:00:00-04:00,8.852302156691907,8.945204471890158,8.81912248718558,8.858938217163086,138800,0.0,0.0
2022-08-16 00:00:00-04:00,8.885481245032384,8.885481245032384,8.719583541201043,8.799214363098145,120700,0.0,0.0
2022-08-17 00:00:00-04:00,8.699675144800114,8.75276235807834,8.620044324882778,8.653223991394043,265600,0.0,0.0
2022-08-18 00:00:00-04:00,8.626680384754932,8.679767598033155,8.593500718243666,8.653223991394043,113600,0.0,0.0
2022-08-19 00:00:00-04:00,8.646588695270728,8.732855582680129,8.547050319794259,8.560321807861328,164700,0.0,0.0
2022-08-22 00:00:00-04:00,8.547051245075346,8.560322734579152,8.394425002259016,8.427604675292969,207600,0.0,0.0
2022-08-23 00:00:00-04:00,8.42760140587259,8.540411870714337,8.37451420275287,8.407693862915039,113200,0.0,0.0
2022-08-24 00:00:00-04:00,8.440875621810232,8.553686114701096,8.420967441053346,8.474055290222168,134700,0.0,0.0
2022-08-25 00:00:00-04:00,8.560320012513829,8.580228189713447,8.42760199543017,8.46741771697998,175500,0.0,0.0
2022-08-26 00:00:00-04:00,8.52050565815799,8.52050565815799,8.314792239311723,8.321428298950195,129500,0.0,0.0
2022-08-29 00:00:00-04:00,8.334701347628668,8.334701347628668,8.22852628012199,8.241798400878906,144600,0.0,0.0
2022-08-30 00:00:00-04:00,8.25506791859311,8.274976094977106,8.089170245822876,8.135622024536133,164700,0.0,0.0
2022-08-31 00:00:00-04:00,8.20198303483957,8.221891216856958,8.095808595478475,8.128988265991211,297300,0.0,0.0
2022-09-01 00:00:00-04:00,8.082535224047865,8.182073579547698,8.062627046668352,8.155529975891113,158500,0.0,0.0
2022-09-02 00:00:00-04:00,8.2617086567008,8.30816046172369,8.115718444778404,8.148898124694824,118000,0.0,0.0
2022-09-06 00:00:00-04:00,8.195346236731128,8.195346236731128,8.08917118227323,8.109079360961914,84000,0.0,0.0
2022-09-07 00:00:00-04:00,8.122352796114138,8.301522650205444,8.115716734958987,8.294886589050293,110400,0.0,0.0
2022-09-08 00:00:00-04:00,8.261708424106962,8.507237036016436,8.215257253241578,8.434242248535156,127900,0.0,0.0
2022-09-09 00:00:00-04:00,8.487325261330174,8.560320012513829,8.447509539780363,8.46741771697998,146100,0.0,0.0
2022-09-12 00:00:00-04:00,8.507550177447342,8.614563282924296,8.460731465414858,8.567745208740234,95000,0.1,0.0
2022-09-13 00:00:00-04:00,8.40053492610218,8.433976034635075,8.206573562509409,8.246703147888184,121000,0.0,0.0
2022-09-14 00:00:00-04:00,8.266770298116986,8.407225162694509,8.193198945375785,8.226640701293945,101200,0.0,0.0
2022-09-15 00:00:00-04:00,8.280144259246036,8.280144259246036,8.119624654345033,8.139689445495605,92100,0.0,0.0
2022-09-16 00:00:00-04:00,8.06611888834939,8.06611888834939,7.905598630297219,7.98585844039917,197600,0.0,0.0
2022-09-19 00:00:00-04:00,7.8587824940050455,7.959107121767867,7.85209401539461,7.952419281005859,152500,0.0,0.0
2022-09-20 00:00:00-04:00,7.94572834601278,7.959104661250001,7.811962004399413,7.885533332824707,212600,0.0,0.0
2022-09-21 00:00:00-04:00,7.87884575675506,7.898911188676515,7.731703083087538,7.738390922546387,170800,0.0,0.0
2022-09-22 00:00:00-04:00,7.684881023556992,7.725011232025477,7.551114725075412,7.5778679847717285,133100,0.0,0.0
2022-09-23 00:00:00-04:00,7.55111954705097,7.557808025708167,7.290274620056153,7.290274620056152,242200,0.0,0.0
2022-09-26 00:00:00-04:00,7.24345118148821,7.270204438458192,7.042801435289364,7.089620113372803,228800,0.0,0.0
2022-09-27 00:00:00-04:00,7.089624764203385,7.169884587764191,6.862221611856911,6.955857753753662,226600,0.0,0.0
2022-09-28 00:00:00-04:00,7.022741434307993,7.056183187755329,6.868910261438,7.029429912567139,154900,0.0,0.0
2022-09-29 00:00:00-04:00,6.922415595634881,6.9558567053586495,6.775272289026828,6.78864860534668,190800,0.0,0.0
2022-09-30 00:00:00-04:00,6.7418304667766416,6.848843547543211,6.735141989766663,6.748518943786621,165100,0.0,0.0
2022-10-03 00:00:00-04:00,6.781960280015627,6.935791414833657,6.735141581631162,6.8956618309021,323600,0.0,0.0
2022-10-04 00:00:00-04:00,7.0361186332868675,7.283586596767326,7.0361186332868675,7.2434563636779785,164300,0.0,0.0
2022-10-05 00:00:00-04:00,7.243455073344633,7.383909907364402,7.176571576059675,7.350468158721924,261700,0.0,0.0
2022-10-06 00:00:00-04:00,7.263519702254528,7.464169551699321,7.263519702254528,7.403974533081055,133700,0.0,0.0
2022-10-07 00:00:00-04:00,7.357157946607976,7.377222744228441,7.236767885188352,7.2434563636779785,126100,0.0,0.0
2022-10-10 00:00:00-04:00,7.216701114451337,7.230078067773201,7.096311085947522,7.176570892333984,100700,0.0,0.0
2022-10-11 00:00:00-04:00,7.163193578855779,7.196635319652962,7.02273877778613,7.076245307922363,120000,0.0,0.0
2022-10-12 00:00:00-04:00,7.056180435465,7.076245224567697,6.955855214255232,7.036115646362305,69400,0.0,0.0
2022-10-13 00:00:00-04:00,6.914571436646916,7.231939648976374,6.867304063480492,7.069879531860352,188700,0.1,0.0
2022-10-14 00:00:00-04:00,7.164414121323612,7.171166787048008,6.887561266319867,6.914571285247803,137000,0.0,0.0
2022-10-17 00:00:00-04:00,6.961839958008541,7.02936468971267,6.901067248696029,6.9078192710876465,157700,0.0,0.0
2022-10-18 00:00:00-04:00,7.0563750271235,7.0563750271235,6.90106755767768,6.982097625732422,205700,0.0,0.0
2022-10-19 00:00:00-04:00,6.968591746643781,7.042869786187341,6.887561684935096,6.941581726074219,133700,0.0,0.0
2022-10-20 00:00:00-04:00,7.002353904878001,7.103641957346877,6.921323849284684,6.961839199066162,203200,0.0,0.0
2022-10-21 00:00:00-04:00,7.002355575561523,7.049622958276017,6.90106814289624,7.002355575561523,135100,0.0,0.0
2022-10-24 00:00:00-04:00,7.002353261264436,7.110393325458476,6.9820959102204485,7.049620628356934,140300,0.0,0.0
2022-10-25 00:00:00-04:00,7.076632972416582,7.252198456472742,7.076632972416582,7.218435764312744,144000,0.0,0.0
2022-10-26 00:00:00-04:00,7.198177058220559,7.400752529263715,7.198177058220559,7.333227157592773,155100,0.0,0.0
2022-10-27 00:00:00-04:00,7.339980243347202,7.42101030760486,7.272455511784006,7.3602375984191895,124600,0.0,0.0
2022-10-28 00:00:00-04:00,7.312970825589287,7.508793658035574,7.312970825589287,7.4412689208984375,176400,0.0,0.0
2022-10-31 00:00:00-04:00,7.448021774745071,7.481784469065134,7.38049703007478,7.427764415740967,116400,0.0,0.0
2022-11-01 00:00:00-04:00,7.5898245757134655,7.5898245757134655,7.407507056736863,7.427764415740967,176000,0.0,0.0
2022-11-02 00:00:00-04:00,7.508793464517624,7.535803487470324,7.3332279933402065,7.3872480392456055,119100,0.0,0.0
2022-11-03 00:00:00-04:00,7.33322583572829,7.387245865739693,7.2657011201988135,7.272453784942627,147500,0.0,0.0
2022-11-04 00:00:00-04:00,7.346733507487339,7.461526268851966,7.312970816973667,7.448020935058594,95100,0.0,0.0
2022-11-07 00:00:00-05:00,7.468278525435138,7.529050592257167,7.407505814643385,7.4885358810424805,121100,0.0,0.0
2022-11-08 00:00:00-05:00,7.53580492555709,7.623587677897721,7.475032201323587,7.529052257537842,145300,0.0,0.0
2022-11-09 00:00:00-05:00,7.589824510631804,7.6100825134320305,7.4412696872490995,7.522299766540527,199700,0.0,0.0
2022-11-10 00:00:00-05:00,7.7198957521119995,7.910678520312561,7.604063194682373,7.903865337371826,211400,0.1,0.0
2022-11-11 00:00:00-05:00,7.965182679302816,7.965182679302816,7.8697916824192955,7.87660551071167,128700,0.0,0.0
2022-11-14 00:00:00-05:00,7.862980365753174,7.971999054044652,7.856166535284297,7.862980365753174,125800,0.0,0.0
2022-11-15 00:00:00-05:00,7.999254174120245,8.081018194918093,7.903863141424093,8.046950340270996,217600,0.0,0.0
2022-11-16 00:00:00-05:00,8.026508716433911,8.07420488180452,7.951558527712474,8.053763389587402,106500,0.0,0.0
2022-11-17 00:00:00-05:00,8.006068004970734,8.05376352131881,7.883421648872625,8.046950340270996,196900,0.0,0.0
2022-11-18 00:00:00-05:00,8.108272521024803,8.108272521024803,7.944744486437354,8.03332233428955,211900,0.0,0.0
2022-11-21 00:00:00-05:00,8.05376494000541,8.05376494000541,7.917491548004169,7.965187072753906,159200,0.0,0.0
2022-11-22 00:00:00-05:00,7.9651862347880975,8.019696235656738,7.910676883722178,8.019696235656738,154300,0.0,0.0
2022-11-23 00:00:00-05:00,7.992441120167577,8.060578135690317,7.985627938457494,8.04013729095459,107000,0.0,0.0
2022-11-25 00:00:00-05:00,8.040139505212474,8.040139505212474,7.951561620559621,7.958375453948975,89100,0.0,0.0
2022-11-28 00:00:00-05:00,7.903865337371825,7.965187882655579,7.835728309541626,7.903865337371826,172400,0.0,0.0
2022-11-29 00:00:00-05:00,7.937932748395144,7.937932748395144,7.794845517961279,7.842541694641113,172700,0.0,0.0
2022-11-30 00:00:00-05:00,7.876609251347602,7.999254969843173,7.781217559359721,7.978814125061035,153400,0.0,0.0
2022-12-01 00:00:00-05:00,8.00606766185831,8.14915485457299,7.999253831299837,8.03332233428955,198000,0.0,0.0
2022-12-02 00:00:00-05:00,7.978811435380864,8.026506940395144,7.733519431275617,7.924302101135254,214600,0.0,0.0
2022-12-05 00:00:00-05:00,7.937933885392967,7.97200240224331,7.835728984644851,7.849356651306152,138200,0.0,0.0
2022-12-06 00:00:00-05:00,7.924305733488633,7.9447465807498086,7.822100197577119,7.842541694641113,139000,0.0,0.0
2022-12-07 00:00:00-05:00,7.835729052152267,8.053766522188265,7.794846701619059,7.958375453948975,152400,0.0,0.0
2022-12-08 00:00:00-05:00,7.992443084716798,8.108275649695553,7.937933718821253,7.992443084716797,161800,0.0,0.0
2022-12-09 00:00:00-05:00,7.937461073291732,8.047417137325825,7.937461073291732,7.951205253601074,79300,0.1,0.0
2022-12-12 00:00:00-05:00,8.006184315806369,8.088652029833234,7.916845493825459,7.93058967590332,134700,0.0,0.0
2022-12-13 00:00:00-05:00,8.095523476755469,8.095523476755469,7.930589365928204,7.958078384399414,144100,0.0,0.0
2022-12-14 00:00:00-05:00,7.964953104710787,7.9993145515776245,7.868741184561661,7.909975051879883,144700,0.0,0.0
2022-12-15 00:00:00-05:00,7.903102320980868,7.903102320980868,7.793146219638326,7.841251850128174,171600,0.0,0.0
2022-12-16 00:00:00-05:00,7.7862732451927,7.813762268571535,7.6625723122929355,7.779400825500488,151200,0.0,0.0
2022-12-19 00:00:00-05:00,7.806889831337831,7.806889831337831,7.662572295075714,7.710678577423096,202900,0.0,0.0
2022-12-20 00:00:00-05:00,7.710678577423095,7.751911784703693,7.641955691435415,7.710678577423096,115300,0.0,0.0
2022-12-21 00:00:00-05:00,7.745040828837526,7.806890646214252,7.724423567655203,7.751912593841553,130600,0.0,0.0
2022-12-22 00:00:00-05:00,7.779401544132593,7.779401544132593,7.600723203359533,7.690062046051025,118300,0.0,0.0
2022-12-23 00:00:00-05:00,7.6488288348688105,7.710679307032208,7.593850783032472,7.690062046051025,107000,0.0,0.0
2022-12-27 00:00:00-05:00,7.676315691347369,7.676315691347369,7.559487200365082,7.614465236663818,89300,0.0,0.0
2022-12-28 00:00:00-05:00,7.621340300928489,7.710679804777159,7.215876650919183,7.277727127075195,493600,0.0,0.0
2022-12-29 00:00:00-05:00,7.333229151127294,7.513611489139061,7.333229151127294,7.451171398162842,182900,0.1,0.0
2022-12-30 00:00:00-05:00,7.451169572904466,7.506671715367843,7.263850007500002,7.319352149963379,311700,0.0,0.0
2023-01-03 00:00:00-05:00,7.562174401364085,7.631552415248729,7.326290609759401,7.471983909606934,202200,0.0,0.0
2023-01-04 00:00:00-05:00,7.589924254238956,7.596862186839455,7.492795844382646,7.520546913146973,158600,0.0,0.0
2023-01-05 00:00:00-05:00,7.5136099804256045,7.5968631977975685,7.458107835510963,7.5274858474731445,112300,0.0,0.0
2023-01-06 00:00:00-05:00,7.569110480171272,7.763367945150075,7.5552352777773075,7.721741676330566,133000,0.0,0.0
2023-01-09 00:00:00-05:00,7.763370549363153,7.971503948191627,7.707868397893939,7.916001796722412,213600,0.0,0.0
2023-01-10 00:00:00-05:00,7.943752070832885,8.040881156921387,7.874374719316329,8.040881156921387,163400,0.0,0.0
2023-01-11 00:00:00-05:00,8.082507482715258,8.193512436738132,7.99231699138069,8.047819137573242,128300,0.0,0.0
2023-01-12 00:00:00-05:00,8.054757773826173,8.186575889587402,7.985380410154159,8.186575889587402,152600,0.0,0.0
2023-01-13 00:00:00-05:00,8.193514336167764,8.318393863231831,8.165763256638202,8.29758071899414,263900,0.0,0.0
2023-01-17 00:00:00-05:00,8.311453707337938,8.471022868228678,8.311453707337938,8.380831718444824,195800,0.0,0.0
2023-01-18 00:00:00-05:00,8.457149148532078,8.484900227692986,8.311455817527834,8.325331687927246,162300,0.0,0.0
2023-01-19 00:00:00-05:00,8.31839094712043,8.332266812839821,8.221262533635452,8.290639877319336,131800,0.0,0.0
2023-01-20 00:00:00-05:00,8.311454548005964,8.408583641052246,8.290641407223838,8.408583641052246,118200,0.0,0.0
2023-01-23 00:00:00-05:00,8.422457300167139,8.5542747060627,8.41551936784694,8.533461570739746,193500,0.0,0.0
2023-01-24 00:00:00-05:00,8.53346161903214,8.56121268683234,8.464083618712817,8.540399551391602,126900,0.0,0.0
2023-01-25 00:00:00-05:00,8.491836443243523,8.554276524120544,8.380832149078946,8.519587516784668,97500,0.0,0.0
2023-01-26 00:00:00-05:00,8.5265245980447,8.582026739577541,8.464084523410826,8.491835594177246,122000,0.0,0.0
2023-01-27 00:00:00-05:00,8.491835386158252,8.616715532366895,8.477960181933792,8.588964462280273,108700,0.0,0.0
2023-01-30 00:00:00-05:00,8.50571187378212,8.575089223251258,8.380831718444824,8.380831718444824,171000,0.0,0.0
2023-01-31 00:00:00-05:00,8.40164082461561,8.512645721435547,8.387765626036513,8.512645721435547,126800,0.0,0.0
2023-02-01 00:00:00-05:00,8.498774890899657,8.69303241743306,8.484899022471218,8.672219276428223,137100,0.0,0.0
2023-02-02 00:00:00-05:00,8.769344101321632,8.97053946412103,8.74853030881178,8.859535217285156,204400,0.0,0.0
2023-02-03 00:00:00-05:00,8.80403638577873,8.859539195758314,8.734659031170398,8.797099113464355,171200,0.0,0.0
2023-02-06 00:00:00-05:00,8.727721273533316,8.790161357088671,8.637530115246447,8.693032264709473,111200,0.0,0.0
2023-02-07 00:00:00-05:00,8.706906167720167,8.783221440597794,8.630590233204876,8.769346237182617,142000,0.0,0.0
2023-02-08 00:00:00-05:00,8.769346237182617,8.873412578528262,8.727719303661763,8.769346237182617,149000,0.0,0.0
2023-02-09 00:00:00-05:00,8.783221544400655,8.880350616005444,8.665279336608295,8.699968338012695,108300,0.0,0.0
2023-02-10 00:00:00-05:00,8.644019823658317,8.73493597232488,8.616045675372936,8.6370267868042,140200,0.1,0.0
2023-02-13 00:00:00-05:00,8.644022473124407,8.895790551818186,8.644022473124407,8.706964492797852,183800,0.0,0.0
2023-02-14 00:00:00-05:00,8.69297730998369,8.741931915283203,8.581080688181101,8.741931915283203,142300,0.0,0.0
2023-02-15 00:00:00-05:00,8.658008481038545,8.818859690158831,8.630034328715173,8.769905090332031,128900,0.0,0.0
2023-02-16 00:00:00-05:00,8.727944943703497,8.776900218425348,8.651016179078457,8.706964492797852,169200,0.0,0.0
2023-02-17 00:00:00-05:00,8.699972658532985,8.755921651245608,8.602063421938366,8.734940528869629,190300,0.0,0.0
2023-02-21 00:00:00-05:00,8.665001826827774,8.706962720096,8.490163215311965,8.539117813110352,228200,0.0,0.0
2023-02-22 00:00:00-05:00,8.53212490571482,8.630034777415435,8.462189854748466,8.553105354309082,212700,0.0,0.0
2023-02-23 00:00:00-05:00,8.644021165647057,8.665002280335651,8.504150402505145,8.658008575439453,127800,0.0,0.0
2023-02-24 00:00:00-05:00,8.595065230897976,8.658007231279159,8.532123230516794,8.6370267868042,167700,0.0,0.0
2023-02-27 00:00:00-05:00,8.671994864401562,8.692975977992049,8.539117813110352,8.539117813110352,117500,0.0,0.0
2023-02-28 00:00:00-05:00,8.525128516044973,8.560096363995306,8.476173929088242,8.511141777038574,94600,0.0,0.0
2023-03-01 00:00:00-05:00,8.525131200531254,8.581080175043345,8.490164008526294,8.553105354309082,96900,0.0,0.0
2023-03-02 00:00:00-05:00,8.518138804011759,8.616048016131858,8.483170942416088,8.60206127166748,139300,0.0,0.0
2023-03-03 00:00:00-05:00,8.630034245034901,8.7209504059434,8.560098531426396,8.699969291687012,242100,0.0,0.0
2023-03-06 00:00:00-05:00,8.7209504059434,8.811866566851897,8.678988844387018,8.699969291687012,108700,0.0,0.0
2023-03-07 00:00:00-05:00,8.720949211971796,8.720949211971796,8.588071507698995,8.665000915527344,108100,0.0,0.0
2023-03-08 00:00:00-05:00,8.66500093508958,8.7069618240395,8.532123230516794,8.6370267868042,134500,0.0,0.0
2023-03-09 00:00:00-05:00,8.637031089410442,8.665005251631376,8.441211286907269,8.44820499420166,155000,0.0,0.0
2023-03-10 00:00:00-05:00,8.406241854686291,8.46918320277142,8.259377375241401,8.3712739944458,111800,0.0,0.0
2023-03-13 00:00:00-04:00,8.21611755252168,8.3642192740621,7.877599716186523,7.877599716186523,277400,0.1,0.0
2023-03-14 00:00:00-04:00,7.962231237328259,8.068017920435834,7.828234727220311,7.9128642082214355,128800,0.0,0.0
2023-03-15 00:00:00-04:00,7.828233096605673,7.863494868579646,7.574344033911857,7.729498386383057,226200,0.0,0.0
2023-03-16 00:00:00-04:00,7.609608885049153,7.814130321025297,7.588451680658628,7.75065803527832,135100,0.0,0.0
2023-03-17 00:00:00-04:00,7.736553253014212,7.814130115455556,7.729500627544439,7.7577104568481445,101100,0.0,0.0
2023-03-20 00:00:00-04:00,7.715392618309328,7.976334286799739,7.715392618309328,7.90580940246582,204400,0.0,0.0
2023-03-21 00:00:00-04:00,7.9763323596700575,8.08211898803711,7.9763323596700575,8.08211898803711,94800,0.0,0.0
2023-03-22 00:00:00-04:00,8.152645962640204,8.152645962640204,7.856442519559365,7.877599716186523,111800,0.0,0.0
2023-03-23 00:00:00-04:00,7.912865193561573,8.00454731087323,7.757710789451429,7.7859206199646,138400,0.0,0.0
2023-03-24 00:00:00-04:00,7.792970448729415,7.792970448729415,7.56023926238242,7.736550807952881,173000,0.0,0.0
2023-03-27 00:00:00-04:00,7.595502917580805,7.6448699429910825,7.419191343886639,7.616660118103027,438900,0.0,0.0
2023-03-28 00:00:00-04:00,7.56024115241276,7.616660807293985,7.517926074964173,7.546135902404785,140600,0.0,0.0
2023-03-29 00:00:00-04:00,7.560240732842693,7.687184612992783,7.5461354836175145,7.630764961242676,175200,0.0,0.0
2023-03-30 00:00:00-04:00,7.609605936037418,7.72244521249124,7.553186297810507,7.715392589569092,200800,0.0,0.0
2023-03-31 00:00:00-04:00,7.666027204244832,7.743604055157742,7.644870003554999,7.701289653778076,247500,0.0,0.0
2023-04-03 00:00:00-04:00,7.694236145634634,7.736551214729485,7.630763878279962,7.65192174911499,214000,0.0,0.0
2023-04-04 00:00:00-04:00,7.630764492777662,7.658974316920869,7.5038206204208615,7.560240268707275,233100,0.0,0.0
2023-04-05 00:00:00-04:00,7.5038210355733135,7.517925612137629,7.426243510456037,7.475611209869385,191000,0.0,0.0
2023-04-06 00:00:00-04:00,7.503819459856194,7.637815935668288,7.475609640076008,7.510871410369873,230500,0.0,0.0
2023-04-10 00:00:00-04:00,7.567291471242342,7.687183380126953,7.524977075503769,7.687183380126953,263000,0.0,0.0
2023-04-11 00:00:00-04:00,7.687182702000275,7.764760208302795,7.687182702000275,7.694235324859619,188900,0.0,0.0
2023-04-12 00:00:00-04:00,7.722446854467909,7.750656679579447,7.644870003554999,7.701289653778076,135300,0.0,0.0
2023-04-13 00:00:00-04:00,7.7155242029131905,7.779583090900565,7.70128859278655,7.765347480773926,116000,0.1,0.0
2023-04-14 00:00:00-04:00,7.8151712658099886,7.850759614644886,7.701289092571352,7.73687744140625,108800,0.0,0.0
2023-04-17 00:00:00-04:00,7.722640589898849,7.729757714864028,7.651463909918045,7.687052249908447,117600,0.0,0.0
2023-04-18 00:00:00-04:00,7.758230628340274,7.772466240214898,7.672818993466535,7.715525150299072,158800,0.0,0.0
2023-04-19 00:00:00-04:00,7.71552283676617,7.786698838422853,7.71552283676617,7.758228302001953,139200,0.0,0.0
2023-04-20 00:00:00-04:00,7.751111719960007,7.843641139507453,7.587405614978778,7.672817230224609,234500,0.0,0.0
2023-04-21 00:00:00-04:00,7.644350825882896,7.701291933507266,7.630115888372576,7.665704250335693,124600,0.0,0.0
2023-04-24 00:00:00-04:00,7.701287178629932,7.729757714864028,7.658581713674351,7.687052249908447,101200,0.0,0.0
2023-04-25 00:00:00-04:00,7.630112333002778,7.679935609260283,7.5447007113651,7.558935642242432,93200,0.0,0.0
2023-04-26 00:00:00-04:00,7.601640372995583,7.6870519786842735,7.516228767306893,7.530463695526123,111200,0.0,0.0
2023-04-27 00:00:00-04:00,7.537584750341331,7.580290232210981,7.473525848745461,7.5660552978515625,142900,0.0,0.0
2023-04-28 00:00:00-04:00,7.537584216937606,7.622995853424072,7.523348604794188,7.622995853424072,130800,0.0,0.0
2023-05-01 00:00:00-04:00,7.61587861792719,7.630114231137127,7.53046697504176,7.5375847816467285,86800,0.0,0.0
2023-05-02 00:00:00-04:00,7.523349231642858,7.5518197795105255,7.4308197813750905,7.4806437492370605,103800,0.0,0.0
2023-05-03 00:00:00-04:00,7.459290329242757,7.516232103769495,7.459290329242757,7.4806437492370605,102600,0.0,0.0
2023-05-04 00:00:00-04:00,7.4592895217282456,7.473525133516688,7.402348432157139,7.437936782836914,97300,0.0,0.0
2023-05-05 00:00:00-04:00,7.494877615472732,7.56605431439224,7.46640707166319,7.54470157623291,121600,0.0,0.0
2023-05-08 00:00:00-04:00,7.566056216762682,7.601644575170591,7.530467858354774,7.594526767730713,108000,0.0,0.0
2023-05-09 00:00:00-04:00,7.5731725107378765,7.687054691851156,7.544701965459557,7.67993688583374,143900,0.0,0.0
2023-05-10 00:00:00-04:00,7.7012896250946445,7.722643043146892,7.6657019525902514,7.67993688583374,135600,0.0,0.0
2023-05-11 00:00:00-04:00,7.687120886403673,7.694305276093084,7.608094655243492,7.622462749481201,67900,0.1,0.0
2023-05-12 00:00:00-04:00,7.600910970605696,7.65120033281413,7.56498970396774,7.636832237243652,85600,0.0,0.0
2023-05-15 00:00:00-04:00,7.636831593597805,7.679936561817448,7.5865422356278485,7.672752857208252,169400,0.0,0.0
2023-05-16 00:00:00-04:00,7.622461714092825,7.679935453519007,7.536251104953552,7.600909233093262,213300,0.0,0.0
2023-05-17 00:00:00-04:00,7.586543366484131,7.723043366381291,7.586543366484131,7.701490879058838,102300,0.0,0.0
2023-05-18 00:00:00-04:00,7.758963984538107,7.787700860271386,7.672753357338269,7.7374114990234375,198100,0.0,0.0
2023-05-19 00:00:00-04:00,7.737411646801694,7.737411646801694,7.615279751317348,7.636832237243652,144200,0.0,0.0
2023-05-22 00:00:00-04:00,7.636829681668212,7.636829681668212,7.457224093722509,7.485960960388184,302900,0.0,0.0
2023-05-23 00:00:00-04:00,7.485962593195526,7.485962593195526,7.399751974394596,7.435673236846924,264400,0.0,0.0
2023-05-24 00:00:00-04:00,7.428487536393492,7.442855627754172,7.313540064944157,7.335092544555664,168500,0.0,0.0
2023-05-25 00:00:00-04:00,7.385381807980443,7.385381807980443,7.19859251157151,7.205776214599609,415900,0.0,0.0
2023-05-26 00:00:00-04:00,7.205776214599609,7.2632499496701985,7.177039347064314,7.205776214599609,455100,0.0,0.0
2023-05-30 00:00:00-04:00,7.227330091239026,7.28480383197269,7.205776924608128,7.2201457023620605,152400,0.0,0.0
2023-05-31 00:00:00-04:00,7.220144990937739,7.241697470303969,7.162671255867149,7.205776214599609,138900,0.0,0.0
2023-06-01 00:00:00-04:00,7.241701206703493,7.356648736152546,7.205779932465335,7.327911853790283,176500,0.0,0.0
2023-06-02 00:00:00-04:00,7.371015613958367,7.507515598598569,7.342278739026685,7.471594333648682,213600,0.0,0.0
2023-06-05 00:00:00-04:00,7.47878133871736,7.564991993657051,7.450044453737463,7.550623893737793,170900,0.0,0.0
2023-06-06 00:00:00-04:00,7.557804307414576,7.715856749025618,7.54343552991847,7.665567398071289,233500,0.0,0.0
2023-06-07 00:00:00-04:00,7.701489052213769,7.7374103126579055,7.672752180886672,7.723041534423828,230100,0.0,0.0
2023-06-08 00:00:00-04:00,7.7517798627177,7.830806102435137,7.723042985989433,7.78770112991333,218900,0.0,0.0
2023-06-09 00:00:00-04:00,7.845707925022421,7.860210490124672,7.744192735388131,7.773197174072266,188800,0.1,0.0
2023-06-12 00:00:00-04:00,7.77319732866386,7.802201767924829,7.729690324012217,7.794950485229492,155300,0.0,0.0
2023-06-13 00:00:00-04:00,7.860210145884887,7.889214583298766,7.780447424356469,7.802201271057129,187600,0.0,0.0
2023-06-14 00:00:00-04:00,7.889217855446825,7.889217855446825,7.736944322986597,7.76594877243042,234000,0.0,0.0
2023-06-15 00:00:00-04:00,7.816705544020806,7.925472736358643,7.8094549510813875,7.925472736358643,258100,0.0,0.0
2023-06-16 00:00:00-04:00,8.019735986716785,8.08499546112175,7.968977695707907,8.0342378616333,311700,0.0,0.0
2023-06-20 00:00:00-04:00,8.034236051957503,8.113998074833374,7.925469594261292,7.932720184326172,201000,0.0,0.0
2023-06-21 00:00:00-04:00,7.910969561988975,7.9617271662830085,7.874713833984454,7.896467685699463,113300,0.0,0.0
2023-06-22 00:00:00-04:00,7.903718320681628,7.9399740488815524,7.8384588397463615,7.881965160369873,152600,0.0,0.0
2023-06-23 00:00:00-04:00,7.867462502593335,7.932721977046927,7.838458061218262,7.838458061218262,111200,0.0,0.0
2023-06-26 00:00:00-04:00,7.889215835110961,7.947224719143212,7.838458234462853,7.852960109710693,171100,0.0,0.0
2023-06-27 00:00:00-04:00,7.867464095019634,8.084997103602571,7.852961525636467,7.9834818840026855,257300,0.0,0.0
2023-06-28 00:00:00-04:00,8.041489752513696,8.070494196058903,7.990732149189707,8.06324291229248,157700,0.0,0.0
2023-06-29 00:00:00-04:00,8.019733867986732,8.164756036440691,7.997980024078454,8.099495887756348,173300,0.0,0.0
2023-06-30 00:00:00-04:00,8.157508894733034,8.259024809926016,8.128504446323696,8.143006324768066,150200,0.0,0.0
2023-07-03 00:00:00-04:00,8.244520491090814,8.27352493334758,8.201014173465891,8.230018615722656,79100,0.0,0.0
2023-07-05 00:00:00-04:00,8.201014173465891,8.30978065904865,8.201014173465891,8.230018615722656,158100,0.0,0.0
2023-07-06 00:00:00-04:00,8.193764037692432,8.201015322152397,7.8529612748000845,7.925472736358643,240900,0.0,0.0
2023-07-07 00:00:00-04:00,7.910969236412955,8.034238291642893,7.896467360720267,7.918220520019531,205400,0.0,0.0
2023-07-10 00:00:00-04:00,7.874712786828075,7.990731239318848,7.874712786828075,7.990731239318848,129500,0.0,0.0
2023-07-11 00:00:00-04:00,7.976228900913322,8.128502389409757,7.976228900913322,8.121251106262207,169800,0.0,0.0
2023-07-12 00:00:00-04:00,8.237267178796468,8.237267178796468,8.0994962848901,8.193760871887207,178900,0.0,0.0
2023-07-13 00:00:00-04:00,8.157182213622711,8.223025053894489,8.135234832763672,8.135234832763672,176700,0.1,0.0
2023-07-14 00:00:00-04:00,8.120606013671258,8.135237372914236,8.010867679721992,8.018183708190918,229100,0.0,0.0
2023-07-17 00:00:00-04:00,8.076710389105,8.12792119203747,7.988920142208678,8.113289833068848,138900,0.0,0.0
2023-07-18 00:00:00-04:00,8.135234832763672,8.193761646850882,8.084024044861026,8.135234832763672,143700,0.0,0.0
2023-07-19 00:00:00-04:00,8.105974044227652,8.237659767310213,8.105974044227652,8.201080322265625,157100,0.0,0.0
2023-07-20 00:00:00-04:00,8.266922623197878,8.303502065761885,8.11328952258492,8.149868965148926,184000,0.0,0.0
2023-07-21 00:00:00-04:00,8.149866114320682,8.25228768043897,8.127918037842827,8.193760871887207,150200,0.0,0.0
2023-07-24 00:00:00-04:00,8.223027229309082,8.259606672214403,8.193763814523795,8.223027229309082,120400,0.0,0.0
2023-07-25 00:00:00-04:00,8.230340658367787,8.288867469456166,8.223024632558085,8.26692008972168,92800,0.0,0.0
2023-07-26 00:00:00-04:00,8.252290333544444,8.30350183076264,8.230342947705113,8.25960636138916,93800,0.0,0.0
2023-07-27 00:00:00-04:00,8.318133501784978,8.318133501784978,8.193763814523795,8.223027229309082,101800,0.0,0.0
2023-07-28 00:00:00-04:00,8.288869159436073,8.332764625549316,8.28155313213474,8.332764625549316,171700,0.0,0.0
2023-07-31 00:00:00-04:00,8.347397813665264,8.486399572105032,8.347397813665264,8.457136154174805,193400,0.0,0.0
2023-08-01 00:00:00-04:00,8.457132909288946,8.522975051098044,8.427869502586686,8.508343696594238,128500,0.0,0.0
2023-08-02 00:00:00-04:00,8.362026431571863,8.427869269252685,8.303499619787717,8.340078353881836,128500,0.0,0.0
2023-08-03 00:00:00-04:00,8.332762626291238,8.369341358632143,8.281551145163698,8.303499221801758,113500,0.0,0.0
2023-08-04 00:00:00-04:00,8.362026431571863,8.413237217459335,8.325446999783114,8.340078353881836,67500,0.0,0.0
2023-08-07 00:00:00-04:00,8.38397757389089,8.464451801783376,8.38397757389089,8.420557022094727,149800,0.0,0.0
2023-08-08 00:00:00-04:00,8.398604191441216,8.471763046532404,8.354709436542143,8.464447021484375,111500,0.0,0.0
2023-08-09 00:00:00-04:00,8.449817485675828,8.508344303253407,8.420554076887036,8.435185432434082,102700,0.0,0.0
2023-08-10 00:00:00-04:00,8.486847500280701,8.516366941694935,8.376149770927075,8.405669212341309,116000,0.1,0.0
2023-08-11 00:00:00-04:00,8.442563244083177,8.44994327624113,8.35400496958354,8.390904426574707,126500,0.0,0.0
2023-08-14 00:00:00-04:00,8.398284756313739,8.413044117354021,8.331865872135905,8.376145362854004,124300,0.0,0.0
2023-08-15 00:00:00-04:00,8.346630368108336,8.354009700646767,8.280211448669434,8.280211448669434,115900,0.0,0.0
2023-08-16 00:00:00-04:00,8.250688902182572,8.280208332624422,8.213789438180576,8.221169471740723,101200,0.0,0.0
2023-08-17 00:00:00-04:00,8.309726182585807,8.309726182585807,8.169508386806895,8.191648483276367,170200,0.0,0.0
2023-08-18 00:00:00-04:00,8.169509280963549,8.191649379856266,8.117850457811237,8.139989852905273,133500,0.0,0.0
2023-08-21 00:00:00-04:00,8.132612826765886,8.184271664547156,8.103092686549296,8.162132263183594,96400,0.0,0.0
2023-08-22 00:00:00-04:00,8.228550467274278,8.228550467274278,8.132612826765886,8.162132263183594,90500,0.0,0.0
2023-08-23 00:00:00-04:00,8.184271457882387,8.258069695163707,8.154752022210088,8.213790893554688,110200,0.0,0.0
2023-08-24 00:00:00-04:00,8.258071345146266,8.287590786716622,8.080954695724133,8.103094100952148,134500,0.0,0.0
2023-08-25 00:00:00-04:00,8.125234572740204,8.147373978956661,8.007156801187055,8.073575019836426,184000,0.0,0.0
2023-08-28 00:00:00-04:00,8.044053156944834,8.05881322584802,7.948115524269416,7.962874889373779,145600,0.0,0.0
2023-08-29 00:00:00-04:00,7.970256066378368,8.154752731323242,7.970256066378368,8.154752731323242,132500,0.0,0.0
2023-08-30 00:00:00-04:00,8.16213350589991,8.243311792458595,8.13999339736655,8.206412315368652,115800,0.0,0.0
2023-08-31 00:00:00-04:00,8.206409907190558,8.693480891209248,8.206409907190558,8.464705467224121,573100,0.0,0.0
2023-09-01 00:00:00-04:00,8.464702311199396,8.545880543669327,8.427802858695422,8.479461669921875,228600,0.0,0.0
2023-09-05 00:00:00-04:00,8.479465386646522,8.501605490132484,8.398287118594483,8.44256591796875,136200,0.0,0.0
2023-09-06 00:00:00-04:00,8.390903406191446,8.538500512408827,8.354003953687473,8.479461669921875,250000,0.0,0.0
2023-09-07 00:00:00-04:00,8.472084897477497,8.582783297569936,8.442565464879271,8.501605033874512,110900,0.0,0.0
2023-09-08 00:00:00-04:00,8.538504644545148,8.72300129255208,8.538504644545148,8.590164184570312,182900,0.0,0.0
2023-09-11 00:00:00-04:00,8.597604196217134,8.686929867437119,8.57527295588647,8.605048179626465,104200,0.1,0.0
2023-09-12 00:00:00-04:00,8.672043984710392,8.672043984710392,8.530611815430342,8.59016227722168,199000,0.0,0.0
2023-09-13 00:00:00-04:00,8.582719615823656,8.582719615823656,8.471062660217285,8.471062660217285,120300,0.0,0.0
2023-09-14 00:00:00-04:00,8.605051586421782,8.605051586421782,8.411512200539661,8.448731422424316,146200,0.0,0.0
2023-09-15 00:00:00-04:00,8.45617601396807,8.45617601396807,8.32963106581883,8.37429428100586,149800,0.0,0.0
2023-09-18 00:00:00-04:00,8.404066146754438,8.552942287771414,8.359402949500627,8.508279800415039,190800,0.0,0.0
2023-09-19 00:00:00-04:00,8.50083581588983,8.597605485025225,8.471060587686436,8.508279800415039,199200,0.0,0.0
2023-09-20 00:00:00-04:00,8.57527727686196,8.605052515605328,8.478507573471596,8.515726089477539,162400,0.0,0.0
2023-09-21 00:00:00-04:00,8.456177960152957,8.456177960152957,8.351964950561523,8.351964950561523,162200,0.0,0.0
2023-09-22 00:00:00-04:00,8.359403283667296,8.463616941493832,8.359403283667296,8.411510467529297,147500,0.0,0.0
2023-09-25 00:00:00-04:00,8.351961298054695,8.404067780063036,8.329629340138913,8.33707332611084,188500,0.0,0.0
2023-09-26 00:00:00-04:00,8.32218626935947,8.32218626935947,8.203085330460905,8.232860565185547,194700,0.0,0.0
2023-09-27 00:00:00-04:00,8.292411198664976,8.292411198664976,8.12120306318847,8.217972755432129,165100,0.0,0.0
2023-09-28 00:00:00-04:00,8.16586741817497,8.329630880455076,8.16586741817497,8.284968376159668,172000,0.0,0.0
2023-09-29 00:00:00-04:00,8.314741692230479,8.404067390055543,8.27752247399565,8.307297706604004,101000,0.0,0.0
2023-10-02 00:00:00-04:00,8.247745522988513,8.307295975798024,8.19563905425454,8.203083038330078,115500,0.0,0.0
2023-10-03 00:00:00-04:00,8.128649540072546,8.188200028945781,7.994660585158857,8.039323806762695,151200,0.0,0.0
2023-10-04 00:00:00-04:00,8.04676643174303,8.113760187949303,8.00210321770781,8.05420970916748,177800,0.0,0.0
2023-10-05 00:00:00-04:00,8.076540941384952,8.247748374938965,8.031877731385238,8.247748374938965,280200,0.0,0.0
2023-10-06 00:00:00-04:00,8.24030365849048,8.366848580735025,8.136090694216794,8.292410850524902,161100,0.0,0.0
2023-10-09 00:00:00-04:00,8.277521358659904,8.389178998319336,8.277521358659904,8.344515800476074,102400,0.0,0.0
2023-10-10 00:00:00-04:00,8.374290688993213,8.471060355475936,8.344515461606024,8.463616371154785,192700,0.0,0.0
2023-10-11 00:00:00-04:00,8.508282446193524,8.664602620345818,8.456175248210986,8.612495422363281,138200,0.0,0.0
2023-10-12 00:00:00-04:00,8.620003786337243,8.620003786337243,8.469829641574485,8.492356300354004,119000,0.1,0.0
2023-10-13 00:00:00-04:00,8.499865663167062,8.529900496333886,8.3872352178132,8.424778938293457,143000,0.0,0.0
2023-10-16 00:00:00-04:00,8.454811468055693,8.454811468055693,8.364706993103027,8.364706993103027,90800,0.0,0.0
2023-10-17 00:00:00-04:00,8.304638739198031,8.41726917280109,8.282112079607954,8.379725456237793,213200,0.0,0.0
2023-10-18 00:00:00-04:00,8.327163696289062,8.402250404434266,8.259585157697657,8.327163696289062,159600,0.0,0.0
2023-10-19 00:00:00-04:00,8.349686822697501,8.45480903797137,8.25958237364269,8.282108306884766,174300,0.0,0.0
2023-10-20 00:00:00-04:00,8.267093920043932,8.327163572098923,8.199515382460383,8.252076148986816,133300,0.0,0.0
2023-10-23 00:00:00-04:00,8.24456787109375,8.334673071903845,8.207024872857465,8.24456787109375,170200,0.0,0.0
2023-10-24 00:00:00-04:00,8.289620589726534,8.357199133254525,8.229550932387609,8.319655418395996,153900,0.0,0.0
2023-10-25 00:00:00-04:00,8.28211286142773,8.334674356012812,8.199517250061035,8.199517250061035,129800,0.0,0.0
2023-10-26 00:00:00-04:00,8.146954451541278,8.199515217007118,8.101901855365757,8.124427795410156,205000,0.0,0.0
2023-10-27 00:00:00-04:00,8.124426035873885,8.146952687126328,8.056847514289688,8.101900100708008,163700,0.0,0.0
2023-10-30 00:00:00-04:00,8.176989209106232,8.21453220350644,8.079375848274912,8.169480323791504,178900,0.0,0.0
2023-10-31 00:00:00-04:00,8.207024645052948,8.214532814839725,8.116920162830697,8.161972045898438,170300,0.0,0.0
2023-11-01 00:00:00-04:00,8.19951274093948,8.319652006345898,8.192003857829954,8.282108306884766,160900,0.0,0.0
2023-11-02 00:00:00-04:00,8.289619842829536,8.529898450536072,8.289619842829536,8.499863624572754,150800,0.0,0.0
2023-11-03 00:00:00-04:00,8.559933247878218,8.604985844715923,8.507372481639841,8.597476959228516,108000,0.0,0.0
2023-11-06 00:00:00-05:00,8.627511044516407,8.650037699044965,8.514880636220303,8.529897689819336,121600,0.0,0.0
2023-11-07 00:00:00-05:00,8.507373356786877,8.552425958259107,8.484847414094164,8.492356300354004,145900,0.0,0.0
2023-11-08 00:00:00-05:00,8.492355455146978,8.529898450536072,8.454811743671147,8.499863624572754,122100,0.0,0.0
2023-11-09 00:00:00-05:00,8.492353556399038,8.52989654339415,8.394740214821283,8.40224838256836,120600,0.0,0.0
2023-11-10 00:00:00-05:00,8.402249511837526,8.63501992935926,8.402249511837526,8.529897689819336,178400,0.0,0.0
2023-11-13 00:00:00-05:00,8.529898722401398,8.651104980508242,8.492021586131438,8.613227844238281,108400,0.1,0.0
2023-11-14 00:00:00-05:00,8.711706258116191,8.81018650251017,8.673829129896024,8.795035362243652,182300,0.0,0.0
2023-11-15 00:00:00-05:00,8.772310227593989,8.93139360363621,8.772310227593989,8.870790481567383,144000,0.0,0.0
2023-11-16 00:00:00-05:00,8.825337827830428,8.893516521148243,8.772310276337109,8.832913398742676,80600,0.0,0.0
2023-11-17 00:00:00-05:00,8.802614215046871,8.901094496166106,8.772312645659905,8.8632173538208,168100,0.0,0.0
2023-11-20 00:00:00-05:00,8.863214515217823,9.022297884161693,8.863214515217823,8.92381763458252,209600,0.0,0.0
2023-11-21 00:00:00-05:00,8.901092033091219,9.029873847961426,8.810187350085107,9.029873847961426,221500,0.0,0.0
2023-11-22 00:00:00-05:00,9.014721379234398,9.022296948981305,8.916241862309006,8.984419822692871,127400,0.0,0.0
2023-11-24 00:00:00-05:00,8.984421646086242,8.999572788654985,8.870790966605629,8.901092529296875,60800,0.0,0.0
2023-11-27 00:00:00-05:00,8.969273207898377,8.969273207898377,8.802614215046871,8.8632173538208,158800,0.0,0.0
2023-11-28 00:00:00-05:00,8.825340211475494,8.908670069124447,8.757162222189624,8.8632173538208,154800,0.0,0.0
2023-11-29 00:00:00-05:00,8.916244700693971,8.931395122564652,8.55262518399542,8.582926750183105,378300,0.0,0.0
2023-11-30 00:00:00-05:00,8.60565274421229,8.61322831637079,8.469296057590865,8.582926750183105,139800,0.0,0.0
2023-12-01 00:00:00-05:00,8.605652633849386,8.719284047430689,8.529899080574832,8.65868091583252,177900,0.0,0.0
2023-12-04 00:00:00-05:00,8.620804416990294,8.620804416990294,8.416268290850473,8.454145431518555,174100,0.0,0.0
2023-12-05 00:00:00-05:00,8.438994584210725,8.438994584210725,8.264760034880652,8.385966300964355,190800,0.0,0.0
2023-12-06 00:00:00-05:00,8.408691455149537,8.507170986207896,8.31021120164498,8.370814323425293,142500,0.0,0.0
2023-12-07 00:00:00-05:00,8.340514266011546,8.48444652557373,8.33293869381187,8.48444652557373,113600,0.0,0.0
2023-12-08 00:00:00-05:00,8.507172822683382,8.605653097447247,8.49959797266028,8.567776679992676,91000,0.0,0.0
2023-12-11 00:00:00-05:00,8.575419873430768,8.575419873430768,8.338487280214627,8.376702308654785,175100,0.1,0.0
2023-12-12 00:00:00-05:00,8.369057602056275,8.460773215935497,8.24677011688398,8.292628288269043,204900,0.0,0.0
2023-12-13 00:00:00-05:00,8.307918282219635,8.682424087152002,8.27734639465151,8.65949535369873,269000,0.0,0.0
2023-12-14 00:00:00-05:00,8.789420321181073,8.789420321181073,8.667132850726302,8.690061569213867,168000,0.0,0.0
2023-12-15 00:00:00-05:00,8.697708862026921,8.789424508562371,8.414918769653159,8.575421333312988,187100,0.0,0.0
2023-12-18 00:00:00-05:00,8.651847646747015,8.85820832590775,8.567775182398703,8.70534896850586,264300,0.0,0.0
2023-12-19 00:00:00-05:00,8.774135330393783,8.881137247431852,8.712991586055152,8.797064781188965,184100,0.0,0.0
2023-12-20 00:00:00-05:00,8.904064642509717,8.904064642509717,8.651846552474046,8.690061569213867,303400,0.0,0.0
2023-12-21 00:00:00-05:00,8.781778740090465,8.85056563672626,8.667134398291434,8.77413558959961,173300,0.0,0.0
2023-12-22 00:00:00-05:00,8.858206844473662,9.118068073043503,8.85056369565907,9.079853057861328,172400,0.0,0.0
2023-12-26 00:00:00-05:00,9.072213695811133,9.141000606072716,8.934639875287965,9.125714302062988,250000,0.0,0.0
2023-12-27 00:00:00-05:00,9.14864375807758,9.225073091452932,9.095142422934629,9.125714302062988,147900,0.0,0.0
2023-12-28 00:00:00-05:00,9.218202742673855,9.218202742673855,9.033222262631536,9.11800479888916,88500,0.1,0.0
2023-12-29 00:00:00-05:00,9.09488157669272,9.133419356878749,8.809703179391343,8.840533256530762,171500,0.0,0.0
2024-01-02 00:00:00-05:00,8.82511821139017,8.82511821139017,8.655552412664514,8.724920272827148,156700,0.0,0.0
2024-01-03 00:00:00-05:00,8.717214967995911,8.717214967995911,8.56306381153066,8.601601600646973,128500,0.0,0.0
2024-01-04 00:00:00-05:00,8.59389478252741,8.771168336734558,8.555357724482056,8.694092750549316,171400,0.0,0.0
2024-01-05 00:00:00-05:00,8.694091303459556,8.778874581161006,8.586186382817194,8.624723434448242,130000,0.0,0.0
2024-01-08 00:00:00-05:00,8.848240785701833,8.848240785701833,8.724920469322962,8.763458251953125,177900,0.0,0.0
2024-01-09 00:00:00-05:00,8.724923278581718,8.840536663697515,8.640140717534644,8.678678512573242,124600,0.0,0.0
2024-01-10 00:00:00-05:00,8.663263793739048,8.76346177483793,8.640141408884649,8.73263168334961,137800,0.0,0.0
2024-01-11 00:00:00-05:00,8.801995993777284,8.93302401308416,8.686383381469838,8.855948448181152,178700,0.0,0.0
2024-01-12 00:00:00-05:00,8.909902927293682,9.10259113239474,8.886779813447594,9.02551555633545,141000,0.0,0.0
2024-01-16 00:00:00-05:00,8.948440252810277,8.99468574686374,8.86365770460065,8.917610168457031,102800,0.0,0.0
2024-01-17 00:00:00-05:00,8.848240529893708,8.886778311409723,8.755750295283505,8.871363639831543,78700,0.0,0.0
2024-01-18 00:00:00-05:00,8.832826915786269,8.971562651834613,8.825119211550886,8.863656997680664,110300,0.0,0.0
2024-01-19 00:00:00-05:00,8.855949077189557,8.94073235161415,8.77116653781208,8.879072189331055,138800,0.0,0.0
2024-01-22 00:00:00-05:00,8.971565500333156,9.064055775382277,8.894489903601873,9.040932655334473,107800,0.0,0.0
2024-01-23 00:00:00-05:00,9.040932251827348,9.0948854611502,9.010102161520289,9.017809867858887,119500,0.0,0.0
2024-01-24 00:00:00-05:00,9.094883676259752,9.171958519377627,8.963855634407455,8.971563339233398,108300,0.0,0.0
2024-01-25 00:00:00-05:00,8.979271186918728,9.04093136146044,8.925318717956543,8.925318717956543,139200,0.0,0.0
2024-01-26 00:00:00-05:00,8.886778918445556,8.96385448674244,8.871364245814435,8.933024406433105,99300,0.0,0.0
2024-01-29 00:00:00-05:00,8.879073086463634,8.979270309012154,8.817412182903269,8.971563339233398,147400,0.0,0.0
2024-01-30 00:00:00-05:00,8.92531700428281,9.002392575184961,8.92531700428281,8.963854789733887,117800,0.0,0.0
2024-01-31 00:00:00-05:00,8.902194627031013,9.017807248337121,8.902194627031013,8.963854789733887,109600,0.0,0.0
2024-02-01 00:00:00-05:00,8.948438626090025,9.025514190485309,8.917608547341324,9.002391815185547,123000,0.0,0.0
2024-02-02 00:00:00-05:00,8.971561951315136,9.040929078875838,8.948438840414495,8.986976623535156,125700,0.0,0.0
2024-02-05 00:00:00-05:00,8.98697842153338,9.00239383188459,8.909903574918994,8.994686126708984,110700,0.0,0.0
2024-02-06 00:00:00-05:00,8.956147336093107,9.09488307357788,8.956147336093107,9.087175369262695,132000,0.0,0.0
2024-02-07 00:00:00-05:00,9.102591485561407,9.171958624649506,9.048638286207733,9.141128540039062,96400,0.0,0.0
2024-02-08 00:00:00-05:00,9.148836216519893,9.31069434398348,9.110298427114811,9.19508171081543,162900,0.0,0.0
2024-02-09 00:00:00-05:00,9.210624124546566,9.288350463149351,9.187305555831397,9.249486923217773,90000,0.1,0.0
2024-02-12 00:00:00-05:00,9.249487516535442,9.350532430335024,9.218396830847912,9.288351058959961,126600,0.0,0.0
2024-02-13 00:00:00-05:00,9.210626887171719,9.257262556069167,9.148445501134725,9.187308311462402,116400,0.0,0.0
2024-02-14 00:00:00-05:00,9.202851808230717,9.280578151393634,9.195078951536303,9.2572603225708,88600,0.0,0.0
2024-02-15 00:00:00-05:00,9.28835371741439,9.389398660134423,9.272808740751648,9.37385368347168,126000,0.0,0.0
2024-02-16 00:00:00-05:00,9.319440565125623,9.35830410263135,9.272804913127011,9.342759132385254,192700,0.0,0.0
2024-02-20 00:00:00-05:00,9.397167640137077,9.397167640137077,9.303895594879528,9.342759132385254,139900,0.0,0.0
2024-02-21 00:00:00-05:00,9.397174073994853,9.397174073994853,9.25726553968876,9.280583381652832,166200,0.0,0.0
2024-02-22 00:00:00-05:00,9.358305337985074,9.358305337985074,9.288351109492444,9.319441795349121,103400,0.0,0.0
2024-02-23 00:00:00-05:00,9.350534937252934,9.389398490096937,9.311671384408934,9.327217102050781,96300,0.0,0.0
2024-02-26 00:00:00-05:00,9.397171391459882,9.397171391459882,9.311671426563889,9.358307838439941,105400,0.0,0.0
2024-02-27 00:00:00-05:00,9.389396667480469,9.389396667480469,9.34276100612881,9.389396667480469,85900,0.0,0.0
2024-02-28 00:00:00-05:00,9.28835350687612,9.334989918328505,9.28835350687612,9.296126365661621,143500,0.0,0.0
2024-02-29 00:00:00-05:00,9.334987953750003,9.397169328426502,9.249488007624475,9.265033721923828,155800,0.0,0.0
2024-03-01 00:00:00-05:00,9.272805491932942,9.31166829060415,9.195078412069787,9.249486923217773,181000,0.0,0.0
2024-03-04 00:00:00-05:00,9.257262185303546,9.373852835398742,9.20285366001546,9.226171493530273,160700,0.0,0.0
2024-03-05 00:00:00-05:00,9.218399132589122,9.233944849944706,9.171763463043577,9.20285415649414,127000,0.0,0.0
2024-03-06 00:00:00-05:00,9.19508195947705,9.327217601465328,9.19508195947705,9.303899765014648,131500,0.0,0.0
2024-03-07 00:00:00-05:00,9.358306343026644,9.36607920064069,9.311669938602869,9.350533485412598,96400,0.0,0.0
2024-03-08 00:00:00-05:00,9.327217270962192,9.389398660134423,9.28835371741439,9.37385368347168,133200,0.0,0.0
2024-03-11 00:00:00-04:00,9.404942560324281,9.443805365100273,9.366079014287804,9.436033248901367,142200,0.0,0.0
2024-03-12 00:00:00-04:00,9.428260391441974,9.451578222559666,9.39716970286489,9.436033248901367,130000,0.0,0.0
2024-03-13 00:00:00-04:00,9.43603477500664,9.459546280359959,9.389011016882721,9.41252326965332,121100,0.1,0.0
2024-03-14 00:00:00-04:00,9.436035077198603,9.4438724950398,9.302801963567495,9.310639381408691,89200,0.0,0.0
2024-03-15 00:00:00-04:00,9.326310306937199,9.365496635437012,9.279287310671062,9.365496635437012,102500,0.0,0.0
2024-03-18 00:00:00-04:00,9.365499811462453,9.389011317568736,9.302801963567495,9.310639381408691,101900,0.0,0.0
2024-03-19 00:00:00-04:00,9.287124577319835,9.334147572833903,9.271449747203786,9.326310157775879,87200,0.0,0.0
2024-03-20 00:00:00-04:00,9.31063707746303,9.420358657836914,9.294962245659423,9.420358657836914,139700,0.0,0.0
2024-03-21 00:00:00-04:00,9.514407524240323,9.53008161211574,9.436034842611381,9.49089527130127,217800,0.0,0.0
2024-03-22 00:00:00-04:00,9.514407018970266,9.52224368878316,9.420360254460334,9.475220680236816,101600,0.0,0.0
2024-03-25 00:00:00-04:00,9.373335149779905,9.428195567662595,9.349823648889773,9.404684066772461,139300,0.0,0.0
2024-03-26 00:00:00-04:00,9.35766035542864,9.381172603831024,9.271451020204662,9.318474769592285,157700,0.0,0.0
2024-03-27 00:00:00-04:00,9.263613964655983,9.302800299434804,9.19307871153754,9.294962882995605,216100,0.0,0.0
2024-03-28 00:00:00-04:00,9.240103478082318,9.271452399866643,9.169568217213275,9.255778312683105,245200,0.0,0.0
2024-04-01 00:00:00-04:00,9.294960869730549,9.294960869730549,9.020658080526433,9.083355903625488,189200,0.0,0.0
2024-04-02 00:00:00-04:00,9.020659421546341,9.044170921849476,8.809053676566759,8.97363567352295,309900,0.0,0.0
2024-04-03 00:00:00-04:00,8.950125310970169,8.950125310970169,8.809054796384066,8.926613807678223,175400,0.0,0.0
2024-04-04 00:00:00-04:00,8.934453082197056,8.98931426909718,8.840406294190684,8.848243713378906,225400,0.0,0.0
2024-04-05 00:00:00-04:00,8.848240569605364,8.957962157004179,8.848240569605364,8.950124740600586,113700,0.0,0.0
2024-04-08 00:00:00-04:00,8.957959720029928,9.067680530162503,8.94228489148701,9.020657539367676,132200,0.0,0.0
2024-04-09 00:00:00-04:00,9.020659146924705,9.146054807946756,9.0049843155884,9.075519561767578,150400,0.0,0.0
2024-04-10 00:00:00-04:00,9.052011088964802,9.07552259641387,8.934452056884766,8.934452056884766,155800,0.0,0.0
2024-04-11 00:00:00-04:00,8.94235904698522,8.966078620246842,8.894919146430338,8.958171844482422,83600,0.1,0.0
2024-04-12 00:00:00-04:00,8.887012301168198,8.942358977054683,8.776320457458496,8.776320457458496,142300,0.0,0.0
2024-04-15 00:00:00-04:00,8.800039612645524,8.831665959922397,8.58656120300293,8.58656120300293,175500,0.0,0.0
2024-04-16 00:00:00-04:00,8.554933373258955,8.61028003692627,8.515401011537044,8.61028003692627,258400,0.0,0.0
2024-04-17 00:00:00-04:00,8.641906641361802,8.744692443831795,8.633999867164535,8.713066101074219,141300,0.0,0.0
2024-04-18 00:00:00-04:00,8.720974106266215,8.728880882263184,8.665628182350757,8.728880882263184,130300,0.0,0.0
2024-04-19 00:00:00-04:00,8.784226693265484,8.902826069600545,8.736787545956782,8.800040245056152,203000,0.0,0.0
2024-04-22 00:00:00-04:00,8.926544406682245,8.958170751850808,8.823758596376523,8.950263977050781,146700,0.0,0.0
2024-04-23 00:00:00-04:00,9.005609811496026,9.100488838203237,8.950263147059879,9.04514217376709,115700,0.0,0.0
2024-04-24 00:00:00-04:00,9.100489499606223,9.124209069499042,8.9660773468277,9.005610466003418,102700,0.0,0.0
2024-04-25 00:00:00-04:00,8.934449557795789,8.981888689911596,8.879102898285469,8.966075897216797,118200,0.0,0.0
2024-04-26 00:00:00-04:00,9.005609010000908,9.013515029332602,8.902823218374781,8.966075897216797,93400,0.0,0.0
2024-04-29 00:00:00-04:00,8.91863601106958,8.981888689911596,8.894916445011678,8.966075897216797,156000,0.0,0.0
2024-04-30 00:00:00-04:00,8.95816967088863,8.966076444734565,8.847477099139905,8.85538387298584,104300,0.0,0.0
2024-05-01 00:00:00-04:00,8.855385994742553,8.926545468342919,8.831666421552978,8.879105567932129,259900,0.0,0.0
2024-05-02 00:00:00-04:00,8.902826208947582,8.9186390069541,8.776320808768777,8.807947158813477,399000,0.0,0.0
2024-05-03 00:00:00-04:00,8.855384748042802,8.89491786714754,8.823758403565316,8.839571952819824,235700,0.0,0.0
2024-05-06 00:00:00-04:00,8.871199546223362,8.910732670893747,8.84747921900215,8.879105567932129,156800,0.0,0.0
2024-05-07 00:00:00-04:00,8.902825895153342,8.934452244083323,8.855385994742553,8.879105567932129,211900,0.0,0.0
2024-05-08 00:00:00-04:00,8.879104858024915,8.879104858024915,8.807946144145507,8.815852165222168,197500,0.0,0.0
2024-05-09 00:00:00-04:00,8.815852165222168,8.855385286731778,8.784225818820795,8.815852165222168,155500,0.0,0.0
2024-05-10 00:00:00-04:00,8.855386306864698,8.855386306864698,8.760507256730593,8.807947158813477,179000,0.0,0.0
2024-05-13 00:00:00-04:00,8.847837418161,8.871771841629462,8.7840117816707,8.80794620513916,144000,0.1,0.0
2024-05-14 00:00:00-04:00,8.799967884406046,8.855815887451172,8.7760334607362,8.855815887451172,193900,0.0,0.0
2024-05-15 00:00:00-04:00,8.895704276871784,8.97548668508377,8.863791465759277,8.863791465759277,352000,0.0,0.0
2024-05-16 00:00:00-04:00,8.871771901440122,8.975488751651488,8.839859082979824,8.887728691101074,227400,0.0,0.0
2024-05-17 00:00:00-04:00,8.919641464860879,8.951554283161245,8.83985903867916,8.87975025177002,164300,0.0,0.0
2024-05-20 00:00:00-04:00,8.887726675983814,8.951552298433201,8.87974828296228,8.935595512390137,133900,0.0,0.0
2024-05-21 00:00:00-04:00,8.991444429517463,9.03133487701416,8.935596433471359,9.03133487701416,228000,0.0,0.0
2024-05-22 00:00:00-04:00,9.063247678438524,9.063247678438524,8.903683606097646,8.927618026733398,158400,0.0,0.0
2024-05-23 00:00:00-04:00,8.943575872896451,8.943575872896451,8.799967810362473,8.80794620513916,134700,0.0,0.0
2024-05-24 00:00:00-04:00,8.831880688149349,8.887728691101074,8.80794626451953,8.887728691101074,89200,0.0,0.0
2024-05-28 00:00:00-04:00,8.871771841629462,8.87975023640615,8.7840117816707,8.80794620513916,146500,0.0,0.0
2024-05-29 00:00:00-04:00,8.776031586522834,8.799966005081236,8.736140381684532,8.791988372802734,128400,0.0,0.0
2024-05-30 00:00:00-04:00,8.807944398221187,8.83985720991954,8.768053193382885,8.791988372802734,124900,0.0,0.0
2024-05-31 00:00:00-04:00,8.815921727896113,8.871768951416016,8.768052135692372,8.871768951416016,125200,0.0,0.0
2024-06-03 00:00:00-04:00,8.847837433469653,8.927619098789767,8.831880643888667,8.87975025177002,144000,0.0,0.0
2024-06-04 00:00:00-04:00,8.895706295633955,8.967510327147425,8.855815843336789,8.951554298400879,167200,0.0,0.0
2024-06-05 00:00:00-04:00,8.975485839870851,9.047289848327637,8.935594639521376,9.047289848327637,156600,0.0,0.0
2024-06-06 00:00:00-04:00,9.047293637098825,9.047293637098825,8.983467994155689,9.007402420043945,118600,0.0,0.0
2024-06-07 00:00:00-04:00,8.911662982129537,8.99942304137412,8.911662982129537,8.967510223388672,108200,0.0,0.0
2024-06-10 00:00:00-04:00,8.9834671171649,9.079205572233352,8.97548872236046,9.05527114868164,117800,0.0,0.0
2024-06-11 00:00:00-04:00,9.039314197081245,9.095161437988281,9.007401379296997,9.095161437988281,103100,0.0,0.0
2024-06-12 00:00:00-04:00,9.127073277250922,9.198877299782707,9.111117250500255,9.15898609161377,217200,0.0,0.0
2024-06-13 00:00:00-04:00,9.190898771566014,9.190898771566014,9.063246765687511,9.103137969970703,115400,0.0,0.0
2024-06-14 00:00:00-04:00,9.070944412947222,9.103139392162053,8.958261601900894,8.990456581115723,93800,0.1,0.0
2024-06-17 00:00:00-04:00,8.990457499754084,9.014603544735218,8.93411647226846,8.96631145477295,155100,0.0,0.0
2024-06-18 00:00:00-04:00,8.990455435752146,8.99850437142765,8.901919446087861,8.950211524963379,132000,0.0,0.0
2024-06-20 00:00:00-04:00,8.974357640091867,8.982406575835256,8.89387058542425,8.958260536193848,256800,0.0,0.0
2024-06-21 00:00:00-04:00,8.942162589287873,9.0065525395144,8.92606548552562,8.950211524963379,99700,0.0,0.0
2024-06-24 00:00:00-04:00,8.958261301958432,9.030700194663597,8.89387134568469,8.918017387390137,362400,0.0,0.0
2024-06-25 00:00:00-04:00,8.934115260252986,8.958261301958432,8.89387134568469,8.918017387390137,145300,0.0,0.0
2024-06-26 00:00:00-04:00,8.918016468544696,8.942162507762315,8.869724390109457,8.9019193649292,145300,0.0,0.0
2024-06-27 00:00:00-04:00,8.926065410106665,8.950211449340406,8.869724396031685,8.94216251373291,115400,0.0,0.0
2024-06-28 00:00:00-04:00,8.974359586070868,9.014603505925454,8.942164603704985,8.98240852355957,103700,0.0,0.0
2024-07-01 00:00:00-04:00,8.966310538601814,8.990456581115723,8.934115559386985,8.990456581115723,132100,0.0,0.0
2024-07-02 00:00:00-04:00,8.96631061300706,9.054846614685328,8.96631061300706,9.038748741149902,158900,0.0,0.0
2024-07-03 00:00:00-04:00,9.038749036774576,9.111187934875488,9.02265193030153,9.111187934875488,66300,0.0,0.0
2024-07-05 00:00:00-04:00,9.11118713102045,9.135333939982937,9.07899215332595,9.12728500366211,109700,0.0,0.0
2024-07-08 00:00:00-04:00,9.103139000727936,9.159480020034016,9.103139000727936,9.1514310836792,144500,0.0,0.0
2024-07-09 00:00:00-04:00,9.143384797845478,9.167531613909704,9.078994823518956,9.087043762207031,179100,0.0,0.0
2024-07-10 00:00:00-04:00,9.111188156885621,9.135334968566895,9.08704211279325,9.135334968566895,111800,0.0,0.0
2024-07-11 00:00:00-04:00,9.191675770007366,9.191675770007366,9.103139765433408,9.111187934875488,202700,0.0,0.0
2024-07-12 00:00:00-04:00,9.151792743934394,9.257358434076117,9.103069462427973,9.184274673461914,161200,0.1,0.0
2024-07-15 00:00:00-04:00,9.184273402482,9.20051397778314,9.119308777986907,9.19239330291748,132500,0.0,0.0
2024-07-16 00:00:00-04:00,9.176151950440966,9.281718391463034,9.15991060208521,9.273597717285156,164400,0.0,0.0
2024-07-17 00:00:00-04:00,9.241116162402125,9.265477411474173,9.17615231525657,9.216754913330078,114200,0.0,0.0
2024-07-18 00:00:00-04:00,9.216752541979057,9.2573543551761,9.111186123920861,9.151788711547852,134100,0.0,0.0
2024-07-19 00:00:00-04:00,9.249237113754322,9.249237113754322,9.143670665375403,9.20051383972168,141900,0.0,0.0
2024-07-22 00:00:00-04:00,9.22487277891557,9.314198629863089,9.18427096422667,9.30607795715332,147400,0.0,0.0
2024-07-23 00:00:00-04:00,9.322318392118836,9.379162325827828,9.273595905431085,9.31419849395752,252300,0.0,0.0
2024-07-24 00:00:00-04:00,9.273599926718344,9.297961180625926,9.168033460545088,9.176154136657715,90300,0.0,0.0
2024-07-25 00:00:00-04:00,9.176151916541968,9.192392490407613,9.06246480176201,9.103067398071289,188600,0.0,0.0
2024-07-26 00:00:00-04:00,9.151790441458223,9.176151688867304,9.05434390296171,9.070585250854492,238900,0.0,0.0
2024-07-29 00:00:00-04:00,9.062466124025761,9.111189401591913,9.029984197125069,9.046225547790527,126900,0.0,0.0
2024-07-30 00:00:00-04:00,9.135550360693848,9.168032286554663,9.078707184044973,9.143671035766602,148700,0.0,0.0
2024-07-31 00:00:00-04:00,9.176152537133422,9.257356960813798,9.14367061277524,9.249237060546875,157400,0.0,0.0
2024-08-01 00:00:00-04:00,9.257355916678353,9.257355916678353,9.151790255243615,9.208633422851562,131800,0.0,0.0
2024-08-02 00:00:00-04:00,9.143671230426435,9.143671230426435,9.054345351584884,9.086827278137207,150300,0.0,0.0
2024-08-05 00:00:00-04:00,8.835090906631718,9.062464350437992,8.802608986087964,9.038103103637695,450700,0.0,0.0
2024-08-06 00:00:00-04:00,9.046224450751227,9.192392716863347,9.013742527789631,9.135549545288086,165700,0.0,0.0
2024-08-07 00:00:00-04:00,9.200515251010529,9.23299718053805,9.15991264549356,9.184274673461914,132100,0.0,0.0
2024-08-08 00:00:00-04:00,9.18427087015629,9.281716618385511,9.18427087015629,9.265475273132324,125700,0.0,0.0
2024-08-09 00:00:00-04:00,9.273667830047776,9.31462941775225,9.199937128435185,9.232707023620605,159400,0.1,0.0
2024-08-12 00:00:00-04:00,9.240902609759232,9.265480041503906,9.15898018110988,9.265480041503906,117100,0.0,0.0
2024-08-13 00:00:00-04:00,9.298244749459355,9.412936251307352,9.232706525181284,9.396552085876465,222200,0.0,0.0
2024-08-14 00:00:00-04:00,9.363787140508743,9.40474796295166,9.331018013787844,9.40474796295166,52000,0.0,0.0
2024-08-15 00:00:00-04:00,9.41293832989566,9.462092399597168,9.388361685683623,9.462092399597168,122100,0.0,0.0
2024-08-16 00:00:00-04:00,9.503054161324819,9.576784095258079,9.429323446114113,9.527630805969238,168600,0.0,0.0
2024-08-19 00:00:00-04:00,9.544012744008667,9.56859016418457,9.470282827312747,9.56859016418457,102700,0.0,0.0
2024-08-20 00:00:00-04:00,9.544012015807173,9.568589434107835,9.478473796226478,9.494858741760254,78400,0.0,0.0
2024-08-21 00:00:00-04:00,9.519435378783713,9.53582032431749,9.462089631969906,9.494858741760254,104100,0.0,0.0
2024-08-22 00:00:00-04:00,9.535822898829489,9.535822898829489,9.380168999343498,9.412938117980957,170600,0.0,0.0
2024-08-23 00:00:00-04:00,9.478478251441128,9.593170580255332,9.421132477672813,9.584978103637695,165000,0.0,0.0
2024-08-26 00:00:00-04:00,9.609551795552925,9.66689833295447,9.519436924318113,9.552206039428711,138000,0.0,0.0
2024-08-27 00:00:00-04:00,9.642324548305057,9.642324548305057,9.4784781429382,9.503055572509766,151900,0.0,0.0
2024-08-28 00:00:00-04:00,9.503056124391966,9.544016946834883,9.380171313230388,9.40474796295166,123700,0.0,0.0
2024-08-29 00:00:00-04:00,9.470284874760324,9.511245688021242,9.388361685683623,9.462092399597168,127700,0.0,0.0
2024-08-30 00:00:00-04:00,9.486670619462055,9.527632220803769,9.470286447691908,9.503055572509766,99700,0.0,0.0
2024-09-03 00:00:00-04:00,9.535823446490015,9.544015140661783,9.3555928929943,9.421131134033203,180000,0.0,0.0
2024-09-04 00:00:00-04:00,9.421128405287726,9.46208998939225,9.388359294259553,9.43751335144043,132600,0.0,0.0
2024-09-05 00:00:00-04:00,9.37197722594961,9.49486201599728,9.37197722594961,9.486669540405273,110000,0.0,0.0
2024-09-06 00:00:00-04:00,9.478476355255875,9.519437948872051,9.388361474322217,9.412938117980957,116000,0.0,0.0
2024-09-09 00:00:00-04:00,9.43751295575194,9.519435339248977,9.388358900631957,9.511242866516113,118400,0.0,0.0
2024-09-10 00:00:00-04:00,9.494860325284167,9.54401360752872,9.486667851150964,9.535821914672852,98300,0.0,0.0
2024-09-11 00:00:00-04:00,9.503052799417372,9.560398555795128,9.486667851150964,9.535821914672852,96300,0.0,0.0
2024-09-12 00:00:00-04:00,9.584974831172083,9.699667120828481,9.53582155080313,9.593167304992676,182900,0.0,0.0
2024-09-13 00:00:00-04:00,9.568379806633308,9.626219501869869,9.535328439640024,9.5601167678833,125700,0.1,0.0
2024-09-16 00:00:00-04:00,9.560119362434975,9.60143377939072,9.502279651501109,9.584908485412598,142600,0.0,0.0
2024-09-17 00:00:00-04:00,9.659271345742827,9.783214569091797,9.634483016275746,9.783214569091797,141700,0.0,0.0
2024-09-18 00:00:00-04:00,9.824526897700373,9.91541794518216,9.76668642384231,9.874103546142578,248500,0.0,0.0
2024-09-19 00:00:00-04:00,9.890633698596028,9.940210367477324,9.865844576148437,9.923685073852539,178300,0.0,0.0
2024-09-20 00:00:00-04:00,9.874105880741146,9.907157250186037,9.816266181214289,9.84931755065918,126400,0.0,0.0
2024-09-23 00:00:00-04:00,9.849317246534007,9.907156944274902,9.81626587810967,9.907156944274902,131400,0.0,0.0
2024-09-24 00:00:00-04:00,9.841054207426227,9.923683022490462,9.741900102153215,9.907156944274902,136000,0.0,0.0
2024-09-25 00:00:00-04:00,9.91541794518216,9.91541794518216,9.783212498660792,9.874103546142578,129000,0.0,0.0
2024-09-26 00:00:00-04:00,9.874105858558227,9.89063193724695,9.783214789790673,9.865842819213867,149800,0.0,0.0
2024-09-27 00:00:00-04:00,9.832791206198149,9.874105613889425,9.76668846909482,9.799739837646484,177200,0.0,0.0
2024-09-30 00:00:00-04:00,9.799742544015315,9.890634423638849,9.725377535241972,9.857583045959473,156600,0.0,0.0
2024-10-01 00:00:00-04:00,9.857580590022103,9.874105880741146,9.733637363598659,9.84931755065918,127700,0.0,0.0
2024-10-02 00:00:00-04:00,9.783214509685331,9.907156944274902,9.675797365304538,9.907156944274902,175300,0.0,0.0
2024-10-03 00:00:00-04:00,9.816267013549805,9.882369758044534,9.76668956117532,9.816267013549805,207500,0.0,0.0
2024-10-04 00:00:00-04:00,9.857579080244022,10.039361190345934,9.849316042146658,9.931944847106934,232100,0.0,0.0
2024-10-07 00:00:00-04:00,9.981523393664501,10.204620736585792,9.923683692021278,9.948472023010254,341400,0.0,0.0
2024-10-08 00:00:00-04:00,10.031101922786549,10.072415549543715,9.956736133812578,9.981524467468262,168500,0.0,0.0
2024-10-09 00:00:00-04:00,10.05588860271147,10.080676932290615,10.00631115554639,10.031100273132324,111200,0.0,0.0
2024-10-10 00:00:00-04:00,10.097202705693771,10.113727995578456,10.006310853304326,10.088939666748047,144700,0.0,0.0
2024-10-11 00:00:00-04:00,10.130256361838509,10.196359112323023,10.130256361838509,10.171570777893066,139100,0.0,0.0
2024-10-14 00:00:00-04:00,10.204622420581781,10.204622420581781,10.097205251227482,10.146781921386719,133500,0.0,0.0
2024-10-15 00:00:00-04:00,10.21342704357709,10.255080656195501,9.95517528092421,9.971837043762207,152000,0.1,0.0
2024-10-16 00:00:00-04:00,10.063473908990058,10.313394779124147,10.030151179270616,10.21342658996582,186700,0.0,0.0
2024-10-17 00:00:00-04:00,10.246748282948559,10.280071009296503,10.063472890796636,10.088464736938477,122000,0.0,0.0
2024-10-18 00:00:00-04:00,10.096796312542216,10.138449921965075,10.046812616816,10.080135345458984,91800,0.0,0.0
2024-10-21 00:00:00-04:00,10.071805139902333,10.130119720317888,10.038482409025363,10.096796989440918,97200,0.0,0.0
2024-10-22 00:00:00-04:00,10.13844779397327,10.22175499533337,10.080133229707013,10.18010139465332,176000,0.0,0.0
2024-10-23 00:00:00-04:00,10.17177222841045,10.17177222841045,10.02181955850282,10.07180404663086,164100,0.0,0.0
2024-10-24 00:00:00-04:00,10.055141724128074,10.105126209464208,10.038480758666992,10.038480758666992,81200,0.0,0.0
2024-10-25 00:00:00-04:00,10.105126891358012,10.1551105855906,10.046812316594492,10.055142402648926,109000,0.0,0.0
2024-10-28 00:00:00-04:00,10.11345765432481,10.121787740282413,10.013489472545219,10.07180404663086,129000,0.0,0.0
2024-10-29 00:00:00-04:00,10.02182015877065,10.08846561728218,9.871868274357974,9.896860122680664,182700,0.0,0.0
2024-10-30 00:00:00-04:00,9.896860699944384,10.021820743323035,9.888529818525386,9.971837043762207,126200,0.0,0.0
2024-10-31 00:00:00-04:00,9.938512179327198,10.013488507051848,9.813551368293973,9.821882247924805,158000,0.0,0.0
2024-11-01 00:00:00-04:00,9.880196990400666,9.921850594812023,9.780228816499266,9.888527870178223,183800,0.0,0.0
2024-11-04 00:00:00-05:00,9.91351957002383,9.971834933137286,9.83021315689611,9.86353588104248,84800,0.0,0.0
2024-11-05 00:00:00-05:00,9.888529818525386,9.971837043762207,9.880198937106387,9.971837043762207,73000,0.0,0.0
2024-11-06 00:00:00-05:00,10.021820091567527,10.080135463231471,9.980166481658001,10.06347370147705,165200,0.0,0.0
2024-11-07 00:00:00-05:00,10.080136456753358,10.146781921386719,10.030151961040035,10.146781921386719,149600,0.0,0.0
2024-11-08 00:00:00-05:00,10.113458103349613,10.19676452795973,10.105127222545644,10.188433647155762,69500,0.0,0.0
2024-11-11 00:00:00-05:00,10.180104434728522,10.30506447960902,10.130119940090369,10.288403511047363,120700,0.0,0.0
2024-11-12 00:00:00-05:00,10.263409749227794,10.288402391064498,10.155110684698258,10.221756935119629,194200,0.0,0.0
2024-11-13 00:00:00-05:00,10.246954768744839,10.314147851739515,10.2133582272475,10.230156898498535,106000,0.1,0.0
2024-11-14 00:00:00-05:00,10.221758122291996,10.221758122291996,10.112569156198743,10.12936782836914,109900,0.0,0.0
2024-11-15 00:00:00-05:00,10.078968863371028,10.112565394208753,9.986578603818407,10.036972999572754,134600,0.0,0.0
2024-11-18 00:00:00-05:00,9.994978884222602,10.120966497656774,9.969781681937615,10.020176887512207,150400,0.0,0.0
2024-11-19 00:00:00-05:00,9.986581330683698,10.19655990600586,9.969782660175671,10.19655990600586,83700,0.0,0.0
2024-11-20 00:00:00-05:00,10.221757386694026,10.272151797569085,10.129367099419941,10.255353927612305,169100,0.0,0.0
2024-11-21 00:00:00-05:00,10.280550503092996,10.314147041952594,10.246953964233398,10.246953964233398,114500,0.0,0.0
2024-11-22 00:00:00-05:00,10.246953423106554,10.41493610853362,10.246953423106554,10.347743034362793,101900,0.0,0.0
2024-11-25 00:00:00-05:00,10.414937700048652,10.414937700048652,10.28895086697736,10.356143951416016,137200,0.0,0.0
2024-11-26 00:00:00-05:00,10.381341157829324,10.406539165247382,10.263753660564051,10.356143951416016,118700,0.0,0.0
2024-11-27 00:00:00-05:00,10.356143676883637,10.364543012466996,10.246954717314138,10.29734992980957,116900,0.0,0.0
2024-11-29 00:00:00-05:00,10.280550003051758,10.322545874834763,10.255352800383807,10.280550003051758,38400,0.0,0.0
2024-12-02 00:00:00-05:00,10.280550003051758,10.322545874834763,10.24695346582628,10.280550003051758,97400,0.0,0.0
2024-12-03 00:00:00-05:00,10.246953964233398,10.272151168126928,10.137765012688538,10.246953964233398,136500,0.0,0.0
2024-12-04 00:00:00-05:00,10.263752634165531,10.288949838059063,10.2133574253738,10.246953964233398,131900,0.0,0.0
2024-12-05 00:00:00-05:00,10.238554174515103,10.238554174515103,10.162962566191961,10.213356971740723,134800,0.0,0.0
2024-12-06 00:00:00-05:00,10.146164220022591,10.246953835333517,10.146164220022591,10.204957962036133,92800,0.0,0.0
2024-12-09 00:00:00-05:00,10.221755410766423,10.414935283452499,10.20495674305221,10.389738082885742,280800,0.0,0.0
2024-12-10 00:00:00-05:00,10.389739664802995,10.431735539478158,10.330945920860577,10.398138999938965,185400,0.0,0.0
2024-12-11 00:00:00-05:00,10.448529835791039,10.574517416734116,10.406534776481092,10.549320220947266,172800,0.0,0.0
2024-12-12 00:00:00-05:00,10.49892702001444,10.532523554438303,10.389738082885742,10.389738082885742,134100,0.0,0.0
2024-12-13 00:00:00-05:00,10.398207060193295,10.660702876318311,10.389740078408233,10.491351127624512,260200,0.1,0.0
2024-12-16 00:00:00-05:00,10.49135150453375,10.542156627200683,10.338934521467225,10.415143013000488,132100,0.0,0.0
2024-12-17 00:00:00-05:00,10.338934174867884,10.415142663846355,10.313531614386006,10.321998596191406,159700,0.0,0.0
2024-12-18 00:00:00-05:00,10.415142840589558,10.415142840589558,10.161114808861452,10.211920738220215,229500,0.0,0.0
2024-12-19 00:00:00-05:00,10.16958248207311,10.321998653341097,10.144179113917744,10.161114692687988,252300,0.0,0.0
2024-12-20 00:00:00-05:00,10.093373852369876,10.389740016466778,10.093373852369876,10.279661178588867,195400,0.0,0.0
2024-12-23 00:00:00-05:00,10.288127549674906,10.355868244727843,10.245790220916408,10.254257202148438,170800,0.0,0.0
2024-12-24 00:00:00-05:00,10.305062396026715,10.406673431396484,10.262724262739463,10.406673431396484,75200,0.0,0.0
2024-12-26 00:00:00-05:00,10.415142897727469,10.474415809360488,10.33893440703767,10.42361068725586,111100,0.0,0.0
2024-12-27 00:00:00-05:00,10.423610833820744,10.423610833820744,10.288128622060071,10.30506420135498,99600,0.0,0.0
2024-12-30 00:00:00-05:00,10.168460010866513,10.638036418684152,10.159922065544325,10.416054725646973,231600,0.1,0.0
2024-12-31 00:00:00-05:00,10.458742098113289,10.484355116085366,10.330676194029737,10.364827156066895,107700,0.0,0.0
2025-01-02 00:00:00-05:00,10.364828316644337,10.475819159248829,10.202610618136518,10.219686508178711,182600,0.0,0.0
2025-01-03 00:00:00-05:00,10.245297193557322,10.305061166635026,10.15138226240335,10.176995277404785,259400,0.0,0.0
2025-01-06 00:00:00-05:00,10.219686318928703,10.26237522902041,10.176997408836996,10.245299339294434,171600,0.0,0.0
2025-01-07 00:00:00-05:00,10.262373854004856,10.322137831591762,10.151383028326942,10.202609062194824,239700,0.0,0.0
2025-01-08 00:00:00-05:00,10.194071734138406,10.194071734138406,9.886713069699054,9.98062801361084,500500,0.0,0.0
2025-01-10 00:00:00-05:00,9.9464734779721,9.9464734779721,9.826945558515726,9.895247459411621,318300,0.0,0.0
2025-01-13 00:00:00-05:00,9.844024847349473,9.861100737006343,9.758647841734827,9.818411827087402,139800,0.0,0.0
2025-01-14 00:00:00-05:00,9.818412178720568,9.87817616621351,9.767185322138573,9.801336288452148,161400,0.0,0.0
2025-01-15 00:00:00-05:00,9.912326088179872,10.014778976326324,9.912326088179872,9.98062801361084,125400,0.0,0.0
2025-01-16 00:00:00-05:00,10.006240726349134,10.02331579868413,9.886711963111814,9.972089767456055,262400,0.0,0.0
2025-01-17 00:00:00-05:00,10.091620664946515,10.117234502267252,9.903790743267717,9.946478843688965,357400,0.0,0.0
2025-01-21 00:00:00-05:00,9.946478818635065,9.98916773317211,9.775723974710212,9.852563858032227,421900,0.0,0.0
2025-01-22 00:00:00-05:00,9.90378856954682,9.90378856954682,9.579354029368847,9.6647310256958,568000,0.0,0.0
2025-01-23 00:00:00-05:00,9.664732690949014,9.775723538098834,9.64765761443081,9.715959548950195,203900,0.0,0.0
2025-01-24 00:00:00-05:00,9.7501097486037,9.801335788348673,9.63058096549339,9.690345764160156,228000,0.0,0.0
2025-01-27 00:00:00-05:00,9.6135067508359,9.647657718463849,9.451289043935665,9.536666870117188,333500,0.0,0.0
2025-01-28 00:00:00-05:00,9.519590599814716,9.604968422593743,9.476902502648464,9.587892532348633,248300,0.0,0.0
2025-01-29 00:00:00-05:00,9.604967001252367,9.62204288897059,9.502514117612453,9.570816040039062,159100,0.0,0.0
2025-01-30 00:00:00-05:00,9.622043002903307,9.75010890541382,9.587891227062478,9.724495887756348,212000,0.0,0.0
2025-01-31 00:00:00-05:00,9.775723648398644,9.801336670576584,9.707421713108607,9.750110626220703,288200,0.0,0.0
2025-02-03 00:00:00-05:00,9.647658647952895,9.707422643503856,9.58789383817856,9.656196594238281,302700,0.0,0.0
2025-02-04 00:00:00-05:00,9.698882894635505,9.724496728731213,9.664731930064447,9.690345764160156,234100,0.0,0.0
2025-02-05 00:00:00-05:00,9.750108186194119,9.792797088623047,9.690344211327474,9.792797088623047,217600,0.0,0.0
2025-02-06 00:00:00-05:00,9.835488068988987,9.844025199899933,9.758648191227627,9.801336288452148,217600,0.0,0.0
2025-02-07 00:00:00-05:00,9.844024126893075,9.844024126893075,9.72449616493584,9.767184257507324,278300,0.0,0.0
2025-02-10 00:00:00-05:00,9.809873164301983,9.809873164301983,9.707420276528705,9.767184257507324,185500,0.0,0.0
2025-02-11 00:00:00-05:00,9.75010829836683,9.767183371000991,9.681806379383985,9.707419395446777,133700,0.0,0.0
2025-02-12 00:00:00-05:00,9.64765685489053,9.74157180390513,9.622043835018042,9.690345764160156,207800,0.0,0.0
2025-02-13 00:00:00-05:00,9.71618633969514,9.776482382320323,9.698959485702787,9.750640869140625,222800,0.1,0.0
2025-02-14 00:00:00-05:00,9.776481948042408,9.84539100387239,9.759254273354541,9.793708801269531,261900,0.0,0.0
2025-02-18 00:00:00-05:00,9.802324295043945,9.828164989981653,9.77648360010624,9.802324295043945,210600,0.0,0.0
2025-02-19 00:00:00-05:00,9.793709236312674,9.819549928031593,9.724800177421706,9.750640869140625,170800,0.0,0.0
2025-02-20 00:00:00-05:00,9.73341463779089,9.73341463779089,9.604209528009541,9.673118591308594,210800,0.0,0.0
2025-02-21 00:00:00-05:00,9.733413841378214,9.733413841378214,9.50945899325043,9.526686668395996,351300,0.0,0.0
2025-02-24 00:00:00-05:00,9.55252823850421,9.561142076869483,9.43193696577291,9.440550804138184,226400,0.0,0.0
2025-02-25 00:00:00-05:00,9.431935972678168,9.431935972678168,9.25966333081561,9.268277168273926,304000,0.0,0.0
2025-02-26 00:00:00-05:00,9.285504205421587,9.371640938787253,9.22520898494208,9.2338228225708,313100,0.0,0.0
2025-02-27 00:00:00-05:00,9.302732252895312,9.337186783328004,9.16491413116455,9.16491413116455,535600,0.0,0.0
2025-02-28 00:00:00-05:00,9.207981309684639,9.242435838738752,9.190754455887967,9.2338228225708,202900,0.0,0.0
2025-03-03 00:00:00-05:00,9.233823578294567,9.328573335582789,9.164914514546616,9.207982063293457,341000,0.0,0.0
2025-03-04 00:00:00-05:00,9.190753825404776,9.31134507955203,9.130458609061506,9.251049041748047,237400,0.0,0.0
2025-03-05 00:00:00-05:00,9.268278512621688,9.38886896868654,9.225210140543867,9.371642112731934,263300,0.0,0.0
2025-03-06 00:00:00-05:00,9.345799606242572,9.345799606242572,9.242435204710233,9.251049041748047,165400,0.0,0.0
2025-03-07 00:00:00-05:00,9.251050433501135,9.294118803708814,9.182141369753184,9.207982063293457,271200,0.0,0.0
2025-03-10 00:00:00-04:00,9.207983269756022,9.207983269756022,9.001256051426038,9.02709674835205,380700,0.0,0.0
2025-03-11 00:00:00-04:00,8.958186455713907,9.001254825699814,8.682550202141426,8.863436698913574,749500,0.0,0.0
2025-03-12 00:00:00-04:00,8.940959044223735,9.018481941082158,8.880663822871977,8.96679973602295,138300,0.0,0.0
2025-03-13 00:00:00-04:00,8.992890311706864,9.018981637046245,8.897220736415338,8.90591812133789,139400,0.1,0.0
2025-03-14 00:00:00-04:00,8.949405915495962,8.99289201893594,8.905919812055984,8.975497245788574,198300,0.0,0.0
2025-03-17 00:00:00-04:00,8.94940318826642,9.062466690984163,8.932009249848095,8.98419189453125,202800,0.0,0.0
2025-03-18 00:00:00-04:00,9.001587868168125,9.071165290017895,8.940707001978355,9.010284423828125,125300,0.0,0.0
2025-03-19 00:00:00-04:00,9.018982675832477,9.105954876218714,8.932011304874612,9.088560104370117,251100,0.0,0.0
2025-03-20 00:00:00-04:00,9.088558395373862,9.123347103101075,8.98419227219222,9.018980979919434,242500,0.0,0.0
2025-03-21 00:00:00-04:00,9.010286114573669,9.088560936199702,8.992892170561467,9.0711669921875,106400,0.0,0.0
2025-03-24 00:00:00-04:00,9.132045291483996,9.201622713064848,9.045073099793784,9.175531387329102,240200,0.0,0.0
2025-03-25 00:00:00-04:00,9.210322356448014,9.219019743635252,9.105956198486634,9.123350143432617,114300,0.0,0.0
2025-03-26 00:00:00-04:00,9.123349653652557,9.166835757825737,9.045074832026524,9.0711669921875,173300,0.0,0.0
2025-03-27 00:00:00-04:00,9.045071601867676,9.071163752710673,8.966797637623142,9.045071601867676,195000,0.0,0.0
2025-03-28 00:00:00-04:00,9.045072962385627,9.045072962385627,8.82764331589147,8.90591812133789,217000,0.0,0.0
2025-03-31 00:00:00-04:00,8.84503874681654,8.84503874681654,8.67979173865055,8.784158706665039,340500,0.0,0.0
2025-04-01 00:00:00-04:00,8.731973952613219,8.897220107316212,8.636305213514454,8.845037460327148,490200,0.0,0.0
2025-04-02 00:00:00-04:00,8.83634094806657,8.932010526035059,8.801552236831201,8.92331314086914,279000,0.0,0.0
2025-04-03 00:00:00-04:00,8.740673745473368,8.740673745473368,8.610215433195588,8.627610206604004,335300,0.0,0.0
2025-04-04 00:00:00-04:00,8.479754111986471,8.523240196395093,8.097078393932357,8.192747116088867,556500,0.0,0.0
2025-04-07 00:00:00-04:00,8.027501202239653,8.123170766230803,7.818768965323257,7.984015941619873,574200,0.0,0.0
2025-04-08 00:00:00-04:00,8.105778477668508,8.479757805266596,8.105778477668508,8.175355911254883,657200,0.0,0.0
2025-04-09 00:00:00-04:00,8.218841282625625,8.78415891695273,8.184052568930754,8.714581489562988,587800,0.0,0.0
2025-04-10 00:00:00-04:00,8.66239826879162,8.688489597502317,8.401482493399481,8.479757308959961,200600,0.0,0.0
2025-04-11 00:00:00-04:00,8.462182998657227,8.611567395156642,8.268861867065597,8.462182998657227,230700,0.1,0.0
2025-04-14 00:00:00-04:00,8.514905213606092,8.681864615886186,8.488543511465226,8.576416969299316,277100,0.0,0.0
2025-04-15 00:00:00-04:00,8.655502319335938,8.778524146227161,8.541267167205982,8.655502319335938,803300,0.0,0.0
2025-04-16 00:00:00-04:00,8.56762981414795,8.655503275656278,8.488543866395142,8.56762981414795,140500,0.0,0.0
2025-04-17 00:00:00-04:00,8.66429006943774,8.690652611063486,8.5764174447556,8.673077583312988,201900,0.0,0.0
2025-04-21 00:00:00-04:00,8.67307770920135,8.67307770920135,8.427033183287232,8.497331619262695,284500,0.0,0.0
2025-04-22 00:00:00-04:00,8.558841354751868,8.673076506881822,8.523692141636754,8.655502319335938,174700,0.0,0.0
2025-04-23 00:00:00-04:00,8.796101210459474,8.945485610327207,8.760951989197864,8.804888725280762,240600,0.0,0.0
2025-04-24 00:00:00-04:00,8.901548625870788,8.936697846151656,8.80488847960428,8.875186920166016,248700,0.0,0.0
2025-04-25 00:00:00-04:00,8.919123998938204,8.963060739617548,8.875188096282486,8.954273223876953,104800,0.0,0.0
2025-04-28 00:00:00-04:00,8.95427119570253,8.95427119570253,8.85761105852074,8.936697006225586,341800,0.0,0.0
2025-04-29 00:00:00-04:00,8.936699030419392,8.980635771098736,8.831251355603142,8.954273223876953,249900,0.0,0.0
2025-04-30 00:00:00-04:00,8.901548745162609,8.910336259856468,8.84882449502298,8.89276123046875,228800,0.0,0.0
2025-05-01 00:00:00-04:00,8.96305870945272,8.96305870945272,8.892760275498068,8.936697006225586,187300,0.0,0.0
2025-05-02 00:00:00-04:00,8.971844666831275,9.015781389936963,8.910333757297286,8.927907943725586,395500,0.0,0.0
2025-05-05 00:00:00-04:00,8.92790830115182,8.98941921314838,8.87518490173286,8.919120788574219,226500,0.0,0.0
2025-05-06 00:00:00-04:00,8.91033589573573,9.03335774432837,8.91033589573573,8.94548511505127,332900,0.0,0.0
2025-05-07 00:00:00-04:00,9.006995919243266,9.042145138090104,8.936697481549587,8.989420890808105,267700,0.0,0.0
2025-05-08 00:00:00-04:00,9.006995795839341,9.08608174666705,8.998208281742157,9.015783309936523,304200,0.0,0.0
2025-05-09 00:00:00-04:00,9.07729411120888,9.103655815124512,9.033357379333856,9.103655815124512,134600,0.0,0.0
2025-05-12 00:00:00-04:00,9.226679207772092,9.270615943032853,9.173954957854473,9.217891693115234,298700,0.0,0.0
2025-05-13 00:00:00-04:00,9.28886531213366,9.377583668618058,9.279993222658515,9.368712425231934,225700,0.1,0.0
2025-05-14 00:00:00-04:00,9.368714510433426,9.368714510433426,9.324354899273565,9.342098236083984,159900,0.0,0.0
2025-05-15 00:00:00-04:00,9.350968815584725,9.359840905600018,9.262249607609927,9.297737121582031,140000,0.0,0.0
2025-05-16 00:00:00-04:00,9.32435550476898,9.377586364746094,9.306611320717098,9.377586364746094,203000,0.0,0.0
2025-05-19 00:00:00-04:00,9.350969715679186,9.377585142197914,9.138044611351072,9.306610107421875,608600,0.0,0.0
2025-05-20 00:00:00-04:00,9.324354230400786,9.37758508310279,9.271122531609633,9.315482139587402,394300,0.0,0.0
2025-05-21 00:00:00-04:00,9.306610063118368,9.35096967116451,9.173532085069093,9.217891693115234,381400,0.0,0.0
2025-05-22 00:00:00-04:00,9.209019778612515,9.217891869609447,9.129172651818465,9.191275596618652,231400,0.0,0.0
2025-05-23 00:00:00-04:00,9.120301852381097,9.191276898229255,9.049326806532939,9.155789375305176,202600,0.0,0.0
2025-05-27 00:00:00-04:00,9.191275596618652,9.271122723412704,9.155788078720093,9.191275596618652,239500,0.0,0.0
2025-05-28 00:00:00-04:00,9.20014605806067,9.2267614802481,9.164658546447754,9.164658546447754,163500,0.0,0.0
2025-05-29 00:00:00-04:00,9.146916833812327,9.253379387508007,9.138044742815396,9.191275596618652,290900,0.0,0.0
2025-05-30 00:00:00-04:00,9.226763055515613,9.244507237396009,9.138044684381116,9.20014762878418,242300,0.0,0.0
2025-06-02 00:00:00-04:00,9.191274247712355,9.253378029487394,9.155786735021923,9.235633850097656,199400,0.0,0.0
2025-06-03 00:00:00-04:00,9.217891071502128,9.315481525751258,9.217891071502128,9.279994010925293,226800,0.0,0.0
2025-06-04 00:00:00-04:00,9.297738850432252,9.35984264599801,9.297738850432252,9.324355125427246,215700,0.0,0.0
2025-06-05 00:00:00-04:00,9.36871315531901,9.404200669896053,9.315481460408906,9.386456489562988,139800,0.0,0.0
2025-06-06 00:00:00-04:00,9.46630410837102,9.48404744355122,9.40420116610662,9.439688682556152,204500,0.0,0.0
2025-06-09 00:00:00-04:00,9.42194450128682,9.48404744355122,9.368713649657087,9.439688682556152,181200,0.0,0.0
2025-06-10 00:00:00-04:00,9.501791954040527,9.501791954040527,9.457432345419347,9.501791954040527,208700,0.0,0.0
2025-06-11 00:00:00-04:00,9.51953685158176,9.572768559878039,9.49292142047827,9.537281036376953,197400,0.0,0.0
2025-06-12 00:00:00-04:00,9.5551889016668,9.5551889016668,9.48354744171699,9.519368171691895,214900,0.1,0.0
2025-06-13 00:00:00-04:00,9.456681639968393,9.492502368171422,9.367129392444058,9.385039329528809,163800,0.0,0.0
2025-06-16 00:00:00-04:00,9.411905521471756,9.492502373482042,9.411905521471756,9.447726249694824,147100,0.0,0.0
2025-06-17 00:00:00-04:00,9.438771742731747,9.465637077919869,9.349219486726529,9.367130279541016,156100,0.0,0.0
2025-06-18 00:00:00-04:00,9.349219093280958,9.411906011459983,9.349219093280958,9.37608528137207,141200,0.0,0.0
2025-06-20 00:00:00-04:00,9.438770226431062,9.492501742209162,9.376084169717839,9.420860290527344,244800,0.0,0.0
2025-06-23 00:00:00-04:00,9.456682828347738,9.483548164367676,9.420862095643276,9.483548164367676,187000,0.0,0.0
2025-06-24 00:00:00-04:00,9.546233408573011,9.582054138183594,9.510412678962426,9.582054138183594,151500,0.0,0.0
2025-06-25 00:00:00-04:00,9.635786056518555,9.644741452798467,9.564144594346443,9.635786056518555,156100,0.0,0.0
2025-06-26 00:00:00-04:00,9.662652860429095,9.72533893585205,9.626832123896875,9.72533893585205,182700,0.0,0.0
2025-06-27 00:00:00-04:00,9.743249003264985,9.788025134093688,9.69847287243628,9.76115894317627,228600,0.0,0.0
2025-06-30 00:00:00-04:00,9.7790697958877,9.868622058083265,9.761159001835122,9.841755867004395,246900,0.0,0.0
2025-07-01 00:00:00-04:00,9.796979735906612,9.841755867004395,9.78802519291399,9.841755867004395,129300,0.0,0.0
2025-07-02 00:00:00-04:00,9.841753733568263,9.886529854959747,9.805933007261773,9.868619918823242,189900,0.0,0.0
2025-07-03 00:00:00-04:00,9.859664757369295,9.92235081638267,9.859664757369295,9.904440879821777,103300,0.0,0.0
2025-07-07 00:00:00-04:00,9.904442394803896,9.931307730771302,9.81489013620103,9.85071086883545,177700,0.0,0.0
2025-07-08 00:00:00-04:00,9.886530316157051,9.922351044134544,9.859664983682311,9.877574920654297,142500,0.0,0.0
2025-07-09 00:00:00-04:00,9.859664983682311,9.931306439637298,9.850709588179557,9.877574920654297,173300,0.0,0.0
2025-07-10 00:00:00-04:00,9.913396770664134,9.94921750269594,9.850710703116874,9.895486831665039,298300,0.0,0.0
2025-07-11 00:00:00-04:00,9.895486998136882,9.895486998136882,9.81489013620103,9.85071086883545,224900,0.0,0.0
2025-07-14 00:00:00-04:00,9.850709090323335,9.895896003224918,9.742261016480741,9.787447929382324,293600,0.1,0.0
2025-07-15 00:00:00-04:00,9.805523039290428,9.823597287329855,9.760336126388845,9.787447929382324,269100,0.0,0.0
2025-07-16 00:00:00-04:00,9.787449298335105,9.8326362175569,9.715150572327751,9.796486854553223,197000,0.0,0.0
2025-07-17 00:00:00-04:00,9.760336209332824,9.895896087320892,9.760336209332824,9.832634925842285,279200,0.0,0.0
2025-07-18 00:00:00-04:00,9.87782199541548,9.986270071895545,9.769373918935415,9.968194961547852,1015800,0.0,0.0
2025-07-21 00:00:00-04:00,10.004344940185547,10.058569412719363,9.959158885254245,10.004344940185547,346000,0.0,0.0
2025-07-22 00:00:00-04:00,10.04049451636781,10.04049451636781,9.941083986772838,9.986270904541016,115300,0.0,0.0
2025-07-23 00:00:00-04:00,9.995307627069392,10.013381875548387,9.94108315789501,9.968194961547852,116100,0.0,0.0
2025-07-24 00:00:00-04:00,9.950119436037333,10.004343036383778,9.932044328009459,9.95915699005127,99900,0.0,0.0
2025-07-25 00:00:00-04:00,10.00434432037454,10.00434432037454,9.913971354242168,9.968194961547852,153800,0.0,0.0
2025-07-28 00:00:00-04:00,10.004343036383778,10.013380590397714,9.913970081850172,9.95915699005127,135300,0.0,0.0
2025-07-29 00:00:00-04:00,9.941083410677718,9.96819521501996,9.877822246589577,9.886858940124512,144100,0.0,0.0
2025-07-30 00:00:00-04:00,9.932048405934912,9.932048405934912,9.832637856571136,9.877824783325195,125200,0.0,0.0
2025-07-31 00:00:00-04:00,9.932044777168349,9.941082331590993,9.85974606552445,9.904932975769043,103000,0.0,0.0
2025-08-01 00:00:00-04:00,9.895898477075276,9.913973591501932,9.7513010091376,9.778412818908691,196600,0.0,0.0
2025-08-04 00:00:00-04:00,9.832636494133794,9.9049352221748,9.832636494133794,9.868785858154297,143500,0.0,0.0
2025-08-05 00:00:00-04:00,9.895895547152504,9.91397065622758,9.814559280051936,9.84167194366455,127600,0.0,0.0
2025-08-06 00:00:00-04:00,9.9049352221748,9.913972778647132,9.805524686585624,9.868785858154297,188300,0.0,0.0
2025-08-07 00:00:00-04:00,9.868783204015815,9.9410819126126,9.859745649974068,9.895895004272461,139300,0.0,0.0
2025-08-08 00:00:00-04:00,9.877823538592706,9.913972903066881,9.814561504361274,9.85071086883545,185500,0.0,0.0
2025-08-11 00:00:00-04:00,9.868785982006953,9.895897789895377,9.805524809644355,9.85071086883545,141400,0.0,0.0
2025-08-12 00:00:00-04:00,9.868787225600595,9.913974152354653,9.832637856571136,9.877824783325195,174400,0.0,0.0
2025-08-13 00:00:00-04:00,9.877820727663012,9.95915699005127,9.877820727663012,9.95915699005127,145300,0.0,0.0
2025-08-14 00:00:00-04:00,9.82235649666792,9.940917132419495,9.82235649666792,9.913557052612305,181400,0.1,0.0
2025-08-15 00:00:00-04:00,9.904437809083616,9.904437809083616,9.867957408801518,9.886198043823242,91900,0.0,0.0
2025-08-18 00:00:00-04:00,9.904437241060053,9.9591582732256,9.886197476845737,9.950037956237793,162800,0.0,0.0
2025-08-19 00:00:00-04:00,9.977398731402468,10.013879132129738,9.813237363010437,9.858838081359863,261500,0.0,0.0
2025-08-20 00:00:00-04:00,9.85883716186247,9.877076925644268,9.712914702801681,9.831476211547852,182300,0.0,0.0
2025-08-21 00:00:00-04:00,9.840596646848754,9.840596646848754,9.758515534438798,9.804116249084473,154900,0.0,0.0
2025-08-22 00:00:00-04:00,9.8679556859195,10.013877261570913,9.785874582175278,9.93179702758789,254400,0.0,0.0
2025-08-25 00:00:00-04:00,9.968278142793329,10.013877986163047,9.931797746240798,9.986517906188965,115400,0.0,0.0
2025-08-26 00:00:00-04:00,9.95003744894231,10.013877925079505,9.913557052612305,9.913557052612305,110300,0.0,0.0
2025-08-27 00:00:00-04:00,9.913557676677469,9.940917758206995,9.849717196521473,9.922677993774414,240100,0.0,0.0
2025-08-28 00:00:00-04:00,9.922677993774414,9.959158392400884,9.895317912244888,9.922677993774414,259200,0.0,0.0
2025-08-29 00:00:00-04:00,9.940916865768935,10.004758209954934,9.931797419251991,9.995637893676758,130900,0.0,0.0
2025-09-02 00:00:00-04:00,9.849715923843672,9.968277421500744,9.849715923843672,9.93179702758789,277000,0.0,0.0
2025-09-03 00:00:00-04:00,9.977397589610517,10.004758539345861,9.931797746240798,9.986517906188965,173800,0.0,0.0
2025-09-04 00:00:00-04:00,9.986519605060533,9.986519605060533,9.940918884172119,9.968279838562012,199000,0.0,0.0
2025-09-05 00:00:00-04:00,9.995638728456198,10.032119126854306,9.95915833005809,10.022998809814453,219000,0.0,0.0
2025-09-08 00:00:00-04:00,10.041240570174937,10.132441141519115,10.02299993404926,10.06860065460205,171000,0.0,0.0
2025-09-09 00:00:00-04:00,10.11420109418995,10.159801813475987,10.08684101052288,10.150681495666504,155600,0.0,0.0
2025-09-10 00:00:00-04:00,10.178041248418863,10.205401331196384,10.123321082863816,10.159801483154297,160400,0.0,0.0
2025-09-11 00:00:00-04:00,10.20540109078295,10.260122124810255,10.17804100864996,10.214521408081055,276700,0.0,0.0
2025-09-12 00:00:00-04:00,10.232760017463896,10.250999778688863,10.196279625252807,10.2418794631958,130400,0.0,0.0
2025-09-15 00:00:00-04:00,10.287892599127137,10.30629624353597,10.251084432733562,10.278690338134766,165800,0.1,0.0
2025-09-16 00:00:00-04:00,10.297093542322393,10.324700324119263,10.223477212682488,10.260285377502441,146600,0.0,0.0
2025-09-17 00:00:00-04:00,10.278690700035968,10.333902512782322,10.232680271030047,10.297094345092773,148600,0.0,0.0
2025-09-18 00:00:00-04:00,10.306293599666366,10.361506273880998,10.306293599666366,10.33389949798584,241400,0.0,0.0
2025-09-19 00:00:00-04:00,10.379911458324148,10.444326400756836,10.35230555589632,10.444326400756836,241500,0.0,0.0
2025-09-22 00:00:00-04:00,10.435124100535516,10.51794268507561,10.425921840569771,10.508740425109863,265700,0.0,0.0
2025-09-23 00:00:00-04:00,10.508742435293435,10.536348342895508,10.453529742513311,10.536348342895508,260800,0.0,0.0
2025-09-24 00:00:00-04:00,10.5179439454162,10.527145328908714,10.425923089883717,10.435125350952148,204400,0.0,0.0
2025-09-25 00:00:00-04:00,10.39831746442099,10.39831746442099,10.269488438719597,10.297094345092773,186600,0.0,0.0
2025-09-26 00:00:00-04:00,10.287891536615543,10.315497439165668,10.214275211431332,10.251083374023438,155100,0.0,0.0
2025-09-29 00:00:00-04:00,10.260285816150024,10.352306670921916,10.223477649756449,10.278690338134766,157100,0.0,0.0
2025-09-30 00:00:00-04:00,10.2786899299709,10.324700355529785,10.241881765038967,10.324700355529785,158100,0.0,0.0
2025-10-01 00:00:00-04:00,10.241881073483343,10.361507820828619,10.23267881347775,10.315497398376465,238100,0.0,0.0
2025-10-02 00:00:00-04:00,10.315498893997017,10.425923397346892,10.315498893997017,10.361509323120117,239700,0.0,0.0
2025-10-03 00:00:00-04:00,10.398316746533586,10.4719330768303,10.361508581385229,10.416720390319824,222200,0.0,0.0
2025-10-06 00:00:00-04:00,10.41672023961999,10.508741089947549,10.361508431484149,10.45352840423584,263700,0.0,0.0
2025-10-07 00:00:00-04:00,10.48113397300662,10.536345774753373,10.45352719455748,10.462729454040527,238000,0.0,0.0
2025-10-08 00:00:00-04:00,10.46273065236275,10.582357406616211,10.46273065236275,10.582357406616211,276600,0.0,0.0
2025-10-09 00:00:00-04:00,10.591558603380173,10.619164504642697,10.536345923279349,10.554750442504883,148100,0.0,0.0
2025-10-10 00:00:00-04:00,10.591559724921762,10.655973793880388,10.361508475697097,10.389114379882812,279000,0.0,0.0
2025-10-13 00:00:00-04:00,10.490336047637307,10.609962796089107,10.44432650233539,10.600761413574219,234200,0.0,0.0
2025-10-14 00:00:00-04:00,10.59155977337052,10.674378363882374,10.499538922229375,10.609963417053223,202300,0.0,0.0
2025-10-15 00:00:00-04:00,10.674941518297377,10.767767450818834,10.628528552036649,10.721354484558105,190400,0.1,0.0
2025-10-16 00:00:00-04:00,10.749201929214063,10.749201929214063,10.554268178777384,10.56355094909668,266500,0.0,0.0
2025-10-17 00:00:00-04:00,10.554267993187267,10.554267993187267,10.3778997864905,10.461442947387695,171800,0.0,0.0
2025-10-20 00:00:00-04:00,10.461443580260402,10.637811797626691,10.461443580260402,10.609964370727539,256200,0.0,0.0
2025-10-21 00:00:00-04:00,10.647094568344324,10.674941995243476,10.544985860957862,10.609964370727539,243100,0.0,0.0
2025-10-22 00:00:00-04:00,10.619246740717156,10.656376940028084,10.415031087133938,10.498574256896973,266800,0.0,0.0
2025-10-23 00:00:00-04:00,10.48000807961285,10.58211590021757,10.442877882551704,10.572834014892578,180000,0.0,0.0
2025-10-24 00:00:00-04:00,10.61924591640787,10.730637390947773,10.61924591640787,10.693507194519043,118600,0.0,0.0
2025-10-27 00:00:00-04:00,10.777050312961943,10.823463283430673,10.702789914313488,10.786333084106445,220800,0.0,0.0
2025-10-28 00:00:00-04:00,10.795614404055653,10.842027368285342,10.758484209722635,10.832744598388672,191000,0.0,0.0
2025-10-29 00:00:00-04:00,10.842027368285342,10.953417951284397,10.81417905859533,10.832744598388672,270200,0.0,0.0
2025-10-30 00:00:00-04:00,10.851310711610397,10.897723682079127,10.767768427071221,10.786333084106445,122400,0.0,0.0
2025-10-31 00:00:00-04:00,10.860593431492475,10.897723630641446,10.786333033194532,10.879158973693848,169700,0.0,0.0
2025-11-03 00:00:00-05:00,10.907006401742132,10.934853829790416,10.804898575395907,10.879158973693848,157000,0.0,0.0
2025-11-04 00:00:00-05:00,10.860593344021357,10.879158886073204,10.739919976445659,10.814180374145508,154700,0.0,0.0
2025-11-05 00:00:00-05:00,10.804897853577282,10.934853099290164,10.804897853577282,10.888440132141113,269900,0.0,0.0
2025-11-06 00:00:00-05:00,10.907005925605842,10.916288696301297,10.739919594102599,10.767767906188965,155600,0.0,0.0
2025-11-07 00:00:00-05:00,10.758485932925032,10.758485932925032,10.582116817653649,10.73063850402832,264400,0.0,0.0
2025-11-10 00:00:00-05:00,10.777048210429406,10.907004325337493,10.767766326349522,10.842026710510254,110700,0.0,0.0
2025-11-11 00:00:00-05:00,10.86987436168898,10.888439015492498,10.804896745496228,10.851308822631836,121700,0.0,0.0
2025-11-12 00:00:00-05:00,10.888438786670505,10.916287094670986,10.767766326349522,10.842026710510254,197600,0.0,0.0
2025-11-13 00:00:00-05:00,10.860591703957441,10.860591703957441,10.517137195147448,10.600680351257324,186400,0.0,0.0
2025-11-14 00:00:00-05:00,10.516398826352608,10.56322179773243,10.301014408308895,10.49767017364502,215000,0.1,0.0
2025-11-17 00:00:00-05:00,10.47894029625683,10.47894029625683,10.301014082332678,10.366565704345703,217000,0.0,0.0
2025-11-18 00:00:00-05:00,10.347839568854901,10.441484638351989,10.263558381155663,10.385297775268555,297900,0.0,0.0
2025-11-19 00:00:00-05:00,10.357202557992142,10.44148283808613,10.263556611566914,10.329108238220215,252300,0.0,0.0
2025-11-20 00:00:00-05:00,10.497672057029012,10.525765487667579,10.141818661002294,10.160548210144043,220000,0.0,0.0
2025-11-21 00:00:00-05:00,10.198005368091602,10.301015198570681,10.001349587668658,10.188640594482422,313900,0.0,0.0
2025-11-24 00:00:00-05:00,10.338471860686745,10.422753024473204,10.244825924685387,10.4133882522583,189500,0.0,0.0
2025-11-25 00:00:00-05:00,10.441482866507236,10.572587013244629,10.329108266335444,10.572587013244629,136900,0.0,0.0
2025-11-26 00:00:00-05:00,10.619409360441697,10.713054408526379,10.5444929647444,10.703690528869629,172400,0.0,0.0
2025-11-28 00:00:00-05:00,10.722419929640488,10.825430650719435,10.703691275945916,10.787972450256348,64500,0.0,0.0
2025-12-01 00:00:00-05:00,10.84415964362605,10.84415964362605,10.731785038721643,10.769243240356445,147000,0.0,0.0
2025-12-02 00:00:00-05:00,10.844159734433555,10.844159734433555,10.703691700395279,10.74114990234375,131800,0.0,0.0
2025-12-03 00:00:00-05:00,10.778608014033638,10.806701441991247,10.750513693002057,10.769243240356445,131700,0.0,0.0
2025-12-04 00:00:00-05:00,10.834795521627608,10.890983273996314,10.787973436573385,10.88161849975586,220700,0.0,0.0
2025-12-05 00:00:00-05:00,10.900346224689647,10.928439649637165,10.834793709046934,10.853523254394531,96200,0.0,0.0
2025-12-08 00:00:00-05:00,10.909710442056692,10.92843998798416,10.806700618677333,10.834794044494629,120100,0.0,0.0
2025-12-09 00:00:00-05:00,10.862889628064051,10.909711712186027,10.834795305902055,10.844160079956055,97900,0.0,0.0
2025-12-10 00:00:00-05:00,10.844158817458363,10.87225224327566,10.78797196582377,10.834794044494629,159000,0.0,0.0
2025-12-11 00:00:00-05:00,10.862890028252414,10.881618683976365,10.769244070410531,10.825431823730469,113700,0.0,0.0
2025-12-12 00:00:00-05:00,10.844322357741394,10.872661828987932,10.721521585807368,10.740413665771484,99400,0.1,0.0
2025-12-15 00:00:00-05:00,10.749860171391175,10.787645232239758,10.627058498416554,10.664843559265137,183500,0.0,0.0
2025-12-16 00:00:00-05:00,10.608167272733315,10.740415458017935,10.58927518961669,10.693183898925781,171800,0.0,0.0
2025-12-17 00:00:00-05:00,10.67429067667306,10.768752883909515,10.589274059553375,10.59872055053711,122900,0.0,0.0
2025-12-18 00:00:00-05:00,10.627060256717002,10.72152337490131,10.58927518961669,10.693183898925781,123500,0.0,0.0
2025-12-19 00:00:00-05:00,10.815984154070904,10.929339340299562,10.759307011390044,10.882108688354492,262100,0.0,0.0
2025-12-22 00:00:00-05:00,10.976571064244562,11.071034171341331,10.967124573361493,11.052141189575195,191300,0.0,0.0
2025-12-23 00:00:00-05:00,11.05214096459583,11.118265498564307,11.03324888408122,11.108819007873535,107800,0.0,0.0
2025-12-24 00:00:00-05:00,11.108819007873535,11.118265498564307,11.071033945977376,11.108819007873535,89300,0.0,0.0
2025-12-26 00:00:00-05:00,11.108818885746881,11.146603947227643,11.052140843092277,11.0615873336792,144200,0.0,0.0
2025-12-29 00:00:00-05:00,11.061588168792689,11.099373233126098,10.96712505752567,11.01435661315918,142400,0.0,0.0
2025-12-30 00:00:00-05:00,11.033411446466452,11.109635287550239,10.957187605382668,10.966715812683105,133400,0.1,0.0
2025-12-31 00:00:00-05:00,10.947658648162296,10.947658648162296,10.757099058506254,10.776155471801758,243300,0.0,0.0
2026-01-02 00:00:00-05:00,10.871436497284336,10.938132136836282,10.785684441483294,10.814269065856934,267900,0.0,0.0
2026-01-05 00:00:00-05:00,10.795213032259982,10.938132524554415,10.795213032259982,10.900020599365234,222100,0.0,0.0
2026-01-06 00:00:00-05:00,10.919076686571044,11.109636306762695,10.909548478396475,11.109636306762695,179800,0.0,0.0
2026-01-07 00:00:00-05:00,11.119163373965858,11.147747086896558,11.052467740907609,11.138218879699707,133700,0.0,0.0
2026-01-08 00:00:00-05:00,11.128693389662992,11.166805315984028,11.071525045851436,11.15727710723877,167800,0.0,0.0
2026-01-09 00:00:00-05:00,11.176333279781554,11.223973417676984,11.109637631923983,11.204917907714844,356000,0.0,0.0
2026-01-12 00:00:00-05:00,11.185860058186687,11.185860058186687,11.090580703244104,11.128692626953125,333800,0.0,0.0
2026-01-13 00:00:00-05:00,11.157275294093408,11.195387214220958,11.090579661035159,11.138218879699707,322400,0.0,0.0
2026-01-14 00:00:00-05:00,11.166803501290257,11.176330799827257,11.052467740907609,11.138218879699707,310500,0.0,0.0
2026-01-15 00:00:00-05:00,11.128692626953125,11.185860058186687,11.119164418860885,11.128692626953125,231700,0.0,0.0
2026-01-16 00:00:00-05:00,11.128692961669094,11.19538860300089,11.014357187103174,11.071524620056152,985400,0.0,0.0
2026-01-20 00:00:00-05:00,10.995301295381651,11.090581566399623,10.957189368706462,10.985773086547852,189000,0.0,0.0
2026-01-21 00:00:00-05:00,11.081052259969375,11.166804313659668,11.02388392128921,11.166804313659668,245300,0.0,0.0
2026-01-22 00:00:00-05:00,11.195387840270996,11.309723607047342,11.176331424811655,11.195387840270996,248800,0.0,0.0
2026-01-23 00:00:00-05:00,11.2049159528127,11.233499667098986,11.166804030877685,11.214444160461426,192300,0.0,0.0
2026-01-26 00:00:00-05:00,11.166804030877685,11.262083381385272,11.166804030877685,11.214444160461426,202700,0.0,0.0
2026-01-27 00:00:00-05:00,11.252556849044964,11.271612356980796,11.195388507917558,11.24302864074707,173400,0.0,0.0
2026-01-28 00:00:00-05:00,11.300195363330637,11.395475623004108,11.290668064291209,11.3573637008667,268300,0.0,0.0
2026-01-29 00:00:00-05:00,11.385948322893926,11.414532039610453,11.214445113934785,11.36689281463623,257100,0.0,0.0
2026-01-30 00:00:00-05:00,11.309724668509958,11.319252877133888,11.109636830707338,11.176332473754883,205100,0.0,0.0
2026-02-02 00:00:00-05:00,11.023883119317059,11.214443628614658,11.00482761358321,11.138218879699707,261100,0.0,0.0
2026-02-03 00:00:00-05:00,11.204916048000667,11.233499762529778,11.06199565803531,11.195387840270996,188300,0.0,0.0
2026-02-04 00:00:00-05:00,11.223972463255883,11.233500671756756,10.919077060507737,11.052469253540039,290000,0.0,0.0
2026-02-05 00:00:00-05:00,11.023883286658574,11.052467908683035,10.88096381117572,10.95718765258789,249500,0.0,0.0
2026-02-06 00:00:00-05:00,10.938132710116525,11.204917099626675,10.938132710116525,11.176332473754883,212700,0.0,0.0
2026-02-09 00:00:00-05:00,11.223971519055818,11.366891908566027,11.185859596918409,11.3573637008667,243200,0.0,0.0
2026-02-10 00:00:00-05:00,11.376419783696312,11.433588124127324,11.281140427857885,11.414531707763672,221700,0.0,0.0
2026-02-11 00:00:00-05:00,11.443116140122731,11.500283570933675,11.385947800651858,11.452644348144531,182900,0.0,0.0
2026-02-12 00:00:00-05:00,11.490755456948875,11.490755456948875,11.34783507273382,11.42405891418457,145700,0.0,0.0
2026-02-13 00:00:00-05:00,11.452883123878493,11.548964724045069,11.356801523711916,11.520139694213867,202400,0.1,0.0
2026-02-17 00:00:00-05:00,11.500925904195476,11.57779083104255,11.433668405977633,11.510533332824707,132500,0.0,0.0
2026-02-18 00:00:00-05:00,11.597006374880346,11.635438837542582,11.491317331634743,11.539358139038086,188100,0.0,0.0
2026-02-19 00:00:00-05:00,11.577788837574223,11.577788837574223,11.481707237407646,11.520139694213867,178300,0.0,0.0
2026-02-20 00:00:00-05:00,11.568182256959215,11.597006374880346,11.481708986893638,11.539358139038086,163700,0.0,0.0
2026-02-23 00:00:00-05:00,11.577791022229906,11.606615141197988,11.443276939875153,11.491317749023438,297500,0.0,0.0
2026-02-24 00:00:00-05:00,11.51053249201435,11.568181641089659,11.462492603470755,11.500925064086914,167100,0.0,0.0
2026-02-25 00:00:00-05:00,11.59700500268055,11.64504580439953,11.577789231774206,11.587397575378418,160200,0.0,0.0
2026-02-26 00:00:00-05:00,11.635437460795318,11.635437460795318,11.510531742846803,11.587397575378418,142200,0.0,0.0
2026-02-27 00:00:00-05:00,11.452883123878493,11.568180494297156,11.452883123878493,11.520139694213867,103000,0.0,0.0
2026-03-02 00:00:00-05:00,11.462493289273576,11.548966559909179,11.452884944469133,11.529749870300293,236600,0.0,0.0
2026-03-03 00:00:00-05:00,11.481708784096046,11.481708784096046,11.193464861069339,11.347195625305176,272000,0.0,0.0
2026-03-04 00:00:00-05:00,11.356803060900658,11.491317136080475,11.356803060900658,11.452884674072266,182800,0.0,0.0
2026-03-05 00:00:00-05:00,11.433667787383309,11.433667787383309,11.270329597594792,11.366411209106445,261400,0.0,0.0
2026-03-06 00:00:00-05:00,11.260721681860971,11.327978257225416,11.068559383461048,11.097383499145508,262700,0.0,0.0
2026-03-09 00:00:00-04:00,10.895613405751353,11.030126563258005,10.761099331942537,10.924437522888184,306600,0.0,0.0
2026-03-10 00:00:00-04:00,10.972477715893188,11.347194882943183,10.972477715893188,11.21268081665039,303800,0.0,0.0
2026-03-11 00:00:00-04:00,11.212681764960656,11.337587497874532,11.058951914082714,11.106992721557617,311600,0.0,0.0
2026-03-12 00:00:00-04:00,11.12620818392074,11.241505568858003,11.010910798983478,11.030126571655273,104900,0.0,0.0
2026-03-13 00:00:00-04:00,11.010741603211562,11.117360294530332,10.981664198467366,11.020434379577637,117800,0.1,0.0
2026-03-16 00:00:00-04:00,11.1173592891695,11.233669821982165,11.078589111565279,11.14643669128418,93400,0.0,0.0
2026-03-17 00:00:00-04:00,11.233670273995752,11.340288035608896,11.088281408864392,11.311210632324219,161700,0.0,0.0
2026-03-18 00:00:00-04:00,11.272441035459854,11.3887515789608,11.272441035459854,11.301518440246582,125100,0.0,0.0
2026-03-19 00:00:00-04:00,11.262747764587402,11.272440540542094,11.165822778102466,11.262747764587402,127800,0.0,0.0
2026-03-20 00:00:00-04:00,11.311211328209115,11.340288733282684,10.981664322861853,11.049511909484863,224000,0.0,0.0
2026-03-23 00:00:00-04:00,11.07858943939209,11.301517736124556,11.001049081889146,11.07858943939209,172700,0.0,0.0
2026-03-24 00:00:00-04:00,11.030126484864256,11.14643702111867,11.030126484864256,11.07858943939209,162700,0.0,0.0
2026-03-25 00:00:00-04:00,11.088282278585782,11.243363931760694,11.088282278585782,11.15613079071045,111000,0.0,0.0
2026-03-26 00:00:00-04:00,11.097975613565788,11.136745797721533,10.778121363192362,10.787814140319824,187400,0.0,0.0
2026-03-27 00:00:00-04:00,10.787813511135216,10.787813511135216,10.419496320960185,10.438881874084473,329000,0.0,0.0
2026-03-30 00:00:00-04:00,10.467958457342478,10.564883442290014,10.089948520291347,10.26441478729248,317800,0.0,0.0
2026-03-31 00:00:00-04:00,10.28379980705224,10.603654025859857,10.28379980705224,10.555191993713379,490400,0.0,0.0
2026-04-01 00:00:00-04:00,10.555193035385352,10.913817469914523,10.555193035385352,10.787814140319824,243100,0.0,0.0
2026-04-02 00:00:00-04:00,10.65211773160709,10.942894566708627,10.564884588641222,10.933201789855957,207700,0.0,0.0
2026-04-06 00:00:00-04:00,10.904124628630251,10.981664996485517,10.797506853917787,10.913817405700684,191100,0.0,0.0
2026-04-07 00:00:00-04:00,10.923509512714714,11.049511909484863,10.855661001737664,11.049511909484863,236700,0.0,0.0
2026-04-08 00:00:00-04:00,11.194901283230497,11.437215159818368,11.156131099950601,11.369366645812988,308700,0.0,0.0
2026-04-09 00:00:00-04:00,11.437214675626217,11.611680030822754,11.398444493987649,11.611680030822754,250700,0.0,0.0
2026-04-10 00:00:00-04:00,11.631065549163356,11.631065549163356,11.505062228124935,11.534139633178711,148700,0.0,0.0
2026-04-13 00:00:00-04:00,11.534138593616813,11.601987098432554,11.446906386317645,11.582601547241211,186100,0.0,0.0
2026-04-14 00:00:00-04:00,11.680345172049787,11.699894314644549,11.611925037276974,11.690119743347168,142600,0.1,0.0
2026-04-15 00:00:00-04:00,11.680346552861238,11.738993055424089,11.631474622751284,11.729218482971191,202700,0.0,0.0
2026-04-16 00:00:00-04:00,11.748766740326436,11.797637734589937,11.690120242193984,11.77808952331543,232400,0.0,0.0
2026-04-17 00:00:00-04:00,11.826962041719048,11.866059398379504,11.758540968447369,11.787864685058594,238200,0.0,0.0
2026-04-20 00:00:00-04:00,11.875832330263453,11.98335075378418,11.748766627809886,11.98335075378418,227900,0.0,0.0
2026-04-21 00:00:00-04:00,12.01267420093416,12.081094341755819,11.875832987136338,11.91493034362793,317200,0.0,0.0
2026-04-22 00:00:00-04:00,11.98335082157633,12.090868313550848,11.914929751997581,12.032222747802734,211700,0.0,0.0
2026-04-23 00:00:00-04:00,12.07132056167058,12.09086877361228,11.885607421374695,11.944253921508789,180600,0.0,0.0
2026-04-24 00:00:00-04:00,12.041996160311994,12.07131987478771,11.924704098872462,12.012673377990723,87700,0.0,0.0
2026-04-27 00:00:00-04:00,12.022448699678344,12.022448699678344,11.924704842969005,11.993125915527344,119800,0.0,0.0
2026-04-28 00:00:00-04:00,11.973576800199659,11.993125944450473,11.817187374811159,11.866059303283691,170100,0.0,0.0
2026-04-29 00:00:00-04:00,11.905155388014139,11.954026379112145,11.856283464761727,11.924703598022461,107200,0.0,0.0
2026-04-30 00:00:00-04:00,11.98335007709253,12.071319352403938,11.973575506023618,12.051770210266113,150900,0.0,0.0
2026-05-01 00:00:00-04:00,12.081093561727215,12.18861198425293,12.061545350820824,12.18861198425293,172500,0.0,0.0
2026-05-04 00:00:00-04:00,12.217935562133789,12.276582062980014,12.129966276941705,12.217935562133789,173400,0.0,0.0
2026-05-05 00:00:00-04:00,12.237483935297893,12.42319613399132,12.217934792196244,12.36454963684082,306400,0.0,0.0
2026-05-06 00:00:00-04:00,12.462293445664498,12.618682861328125,12.403646948713416,12.618682861328125,363400,0.0,0.0
2026-05-07 00:00:00-04:00,12.618682307639736,12.618682307639736,12.364549052260095,12.481842041015625,398800,0.0,0.0
2026-05-08 00:00:00-04:00,12.511166048812429,12.608908972819588,12.442744976637472,12.550263404846191,181500,0.0,0.0
2026-05-11 00:00:00-04:00,12.628457412017507,12.804395970426134,12.608908269014574,12.745749473571777,271600,0.0,0.0
2026-05-12 00:00:00-04:00,12.784846409426036,12.814169190817292,12.48184216002276,12.579585075378418,311100,0.0,0.0
2026-05-13 00:00:00-04:00,12.65778098259434,12.784847623562786,12.511166129560095,12.775073051452637,293700,0.0,0.0
2026-05-14 00:00:00-04:00,12.834170209947256,12.863720012457954,12.686424954759465,12.765222549438477,193400,0.1,0.0
2026-05-15 00:00:00-04:00,12.696274632065872,12.706123626695423,12.34168452384276,12.361384391784668,181700,0.0,0.0
2026-05-18 00:00:00-04:00,12.430333079107772,12.430333079107772,11.937847611919628,12.046194076538086,277700,0.0,0.0
2026-05-19 00:00:00-04:00,11.937847925192695,12.016645526863286,11.780252721851511,11.9181489944458,203500,0.0,0.0
2026-05-20 00:00:00-04:00,12.065893101683917,12.193939426912554,11.947696710551657,12.164390563964844,226800,0.0,0.0
2026-05-21 00:00:00-04:00,12.203789856229486,12.607627777154168,12.154541123090548,12.489431381225586,321400,0.0,0.0
2026-05-22 00:00:00-04:00,12.568229159241454,12.794772019860206,12.548529289966014,12.725824356079102,257700,0.0,0.0
2026-05-26 00:00:00-04:00,12.844021230169128,12.893269965843192,12.745523758821003,12.834171295166016,227400,0.0,0.0
2026-05-27 00:00:00-04:00,12.853870354650635,12.932667951023824,12.765222823895435,12.903119087219238,140700,0.0,0.0
2026-05-28 00:00:00-04:00,12.903119435004397,13.031164828056028,12.853870701108363,12.94251823425293,293500,0.0,0.0
2026-05-29 00:00:00-04:00,13.0114664130036,13.060715148848548,12.932668811388286,13.001616477966309,135600,0.0,0.0
2026-06-01 00:00:00-04:00,12.991766322845608,13.080413857996504,12.814472191885308,13.03116512298584,189900,0.0,0.0
2026-06-02 00:00:00-04:00,13.041014940189104,13.247858873894375,12.962217340619619,13.178911209106445,241500,0.0,0.0
2026-06-03 00:00:00-04:00,13.208459801794035,13.228159670951,12.96221707338075,13.041014671325684,304400,0.0,0.0
2026-06-04 00:00:00-04:00,12.922818274408282,13.100113339455115,12.85387061104183,13.041014671325684,133800,0.0,0.0
2026-06-05 00:00:00-04:00,12.903119144532564,12.981916741255757,12.528830090426668,12.58792781829834,270400,0.0,0.0
2026-06-08 00:00:00-04:00,12.617477621575624,12.755372946170489,12.578078823214026,12.58792781829834,187500,0.0,0.0
2026-06-09 00:00:00-04:00,12.70612421338313,12.853870411745206,12.390933826490354,12.58792781829834,192300,0.0,0.0
2026-06-10 00:00:00-04:00,12.656876901935389,12.725824566858481,12.45003296782463,12.479581832885742,156300,0.0,0.0
2026-06-11 00:00:00-04:00,12.597778446272498,12.686425982301786,12.479582044680614,12.666726112365723,114300,0.0,0.0
2026-06-12 00:00:00-04:00,12.716360471905094,12.944678738231726,12.646871521833607,12.875190734863281,145900,0.1,0.0
2026-06-15 00:00:00-04:00,12.954605956298828,13.123363348539508,12.954605956298828,13.014166831970215,163100,0.0,0.0
2026-06-16 00:00:00-04:00,12.964532852191782,13.202778244014768,12.964532852191782,13.163070678710938,222500,0.0,0.0
2026-06-17 00:00:00-04:00,13.133289386790707,13.27226633968008,13.083655639840183,13.103508949279785,191900,0.0,0.0
2026-06-18 00:00:00-04:00,13.30204635362497,13.381461482260708,13.272265917062322,13.371535301208496,161700,0.0,0.0
2026-06-22 00:00:00-04:00,13.470804073158956,13.540293022468033,13.311973811943405,13.361608505249023,181900,0.0,0.0
2026-06-23 00:00:00-04:00,13.15314355070922,13.331828067927978,13.083655548103275,13.163070678710938,215300,0.0,0.0
2026-06-24 00:00:00-04:00,13.182923988011336,13.2424858093186,13.024093726796012,13.163070678710938,138400,0.0,0.0
2026-06-25 00:00:00-04:00,13.311974337846715,13.341754776325379,13.172998327144235,13.232559204101562,80800,0.0,0.0
2026-06-26 00:00:00-04:00,13.113436460545861,13.163071155649826,13.024094198699334,13.063801765441895,79900,0.0,0.0
2026-06-29 00:00:00-04:00,13.163070441249939,13.331827827422606,13.063801056429659,13.311973571777344,122900,0.0,0.0
2026-06-30 00:00:00-04:00,13.391389320394634,13.520439147949219,13.311974187546129,13.520439147949219,136500,0.0,0.0
2026-07-01 00:00:00-04:00,13.480731485875788,13.500585742298574,13.311974093094328,13.381462097167969,178300,0.0,0.0
2026-07-02 00:00:00-04:00,13.391388651884032,13.52043847299633,13.232558394115978,13.341753959655762,175100,0.0,0.0
2026-07-06 00:00:00-04:00,13.41124281680607,13.530365509326925,13.371535252632452,13.401315689086914,103900,0.0,0.0
2026-07-07 00:00:00-04:00,13.381462147332316,13.47080440816367,13.282193704955413,13.35168170928955,111400,0.0,0.0
2026-07-08 00:00:00-04:00,13.341754581040943,13.361608837538158,13.212705700621274,13.35168170928955,138700,0.0,0.0
2026-07-09 00:00:00-04:00,13.480730919803932,13.570073176548773,13.381461535264553,13.540292739868164,218500,0.0,0.0
2026-07-10 00:00:00-04:00,13.580000447209882,13.80831870866823,13.570073319310904,13.64948844909668,173200,0.0,0.0
2026-07-13 00:00:00-04:00,13.570073749166934,13.699123575832456,13.50058574507898,13.580000877380371,201000,0.0,0.0
2026-07-14 00:00:00-04:00,13.579999923706055,13.699999809265137,13.5,13.600000381469727,138500,0.1,0.0
2026-07-15 00:00:00-04:00,13.710000038146973,13.710000038146973,13.4399995803833,13.520000457763672,168800,0.0,0.0
2026-07-16 00:00:00-04:00,13.470000267028809,13.529999732971191,13.210000038146973,13.25,121100,0.0,0.0
2026-07-17 00:00:00-04:00,13.100000381469727,13.180000305175781,12.930000305175781,13.039999961853027,241300,0.0,0.0
2026-07-20 00:00:00-04:00,13.079999923706055,13.199999809265137,13.039999961853027,13.09000015258789,182100,0.0,0.0
2026-07-21 00:00:00-04:00,13.210000038146973,13.34000015258789,13.119999885559082,13.199999809265137,294000,0.0,0.0
2026-07-22 00:00:00-04:00,13.180000305175781,13.369999885559082,13.140000343322754,13.1899995803833,187900,0.0,0.0
2026-07-23 00:00:00-04:00,13.140000343322754,13.170000076293945,12.970000267028809,13.020000457763672,246700,0.0,0.0
2026-07-24 00:00:00-04:00,12.9399995803833,13.079999923706055,12.739999771118164,12.779999732971191,199700,0.0,0.0
2026-07-27 00:00:00-04:00,12.819999694824219,12.989999771118164,12.59000015258789,12.6899995803833,194700,0.0,0.0
2026-07-28 00:00:00-04:00,12.640000343322754,12.770000457763672,12.319999694824219,12.5,205000,0.0,0.0
2026-07-29 00:00:00-04:00,12.460000038146973,12.520000457763672,12.119999885559082,12.170000076293945,361700,0.0,0.0
2026-07-30 00:00:00-04:00,12.220000267028809,12.460000038146973,12.220000267028809,12.430000305175781,169000,0.0,0.0
2026-07-31 00:00:00-04:00,12.5,12.609999656677246,12.420000076293945,12.550000190734863,251900,0.0,0.0
