Date,Open,High,Low,Close,Volume,Dividends,Stock Splits
1987-01-13 00:00:00-05:00,4.247256191229708,4.34378487660495,4.247256191229708,4.295520782470703,980100,0.0,0.0
1987-01-14 00:00:00-05:00,4.295517832485256,4.440311009663479,4.295517832485256,4.3920464515686035,648810,0.0,0.0
1987-01-15 00:00:00-05:00,4.392049881739007,4.440314477528307,4.343785285949707,4.343785285949707,316035,0.0,0.0
1987-01-16 00:00:00-05:00,4.3920464515686035,4.488574573545543,4.3920464515686035,4.3920464515686035,127845,0.0,0.0
1987-01-19 00:00:00-05:00,4.392047340854611,4.488575482376223,4.295518702226492,4.440311908721924,68580,0.0,0.0
1987-01-20 00:00:00-05:00,4.4403140590869405,4.4403140590869405,4.295520782470702,4.295520782470703,56430,0.0,0.0
1987-01-21 00:00:00-05:00,4.295517832485256,4.3920464515686035,4.295517832485256,4.3920464515686035,76005,0.0,0.0
1987-01-22 00:00:00-05:00,4.3920464515686035,4.3920464515686035,4.295517832485256,4.3920464515686035,159165,0.0,0.0
1987-01-23 00:00:00-05:00,4.392049467845945,4.392049467845945,4.295520782470702,4.295520782470703,96525,0.0,0.0
1987-01-26 00:00:00-05:00,4.295520782470702,4.34378487660495,4.295520782470702,4.295520782470703,151470,0.0,0.0
1987-01-27 00:00:00-05:00,4.295521187267202,4.343785285949707,4.198992989902191,4.343785285949707,140130,0.0,0.0
1987-01-28 00:00:00-05:00,4.343785285949707,4.343785285949707,4.247256591477902,4.343785285949707,66150,0.0,0.0
1987-01-29 00:00:00-05:00,4.343785285949707,4.343785285949707,4.247256591477902,4.343785285949707,29565,0.0,0.0
1987-01-30 00:00:00-05:00,4.343785285949707,4.343785285949707,4.247256591477902,4.343785285949707,16875,0.0,0.0
1987-02-02 00:00:00-05:00,4.343781893473727,4.488574573545543,4.24725327439038,4.3920464515686035,192105,0.0,0.0
1987-02-03 00:00:00-05:00,4.392050583596332,4.48857879638672,4.343785980094265,4.488578796386719,112995,0.0,0.0
1987-02-04 00:00:00-05:00,4.48857879638672,4.48857879638672,4.392050583596332,4.488578796386719,83565,0.0,0.0
1987-02-05 00:00:00-05:00,4.48857492331262,4.633368111773687,4.440311355669673,4.536839485168457,128790,0.0,0.0
1987-02-06 00:00:00-05:00,4.536840857361206,4.971219062805176,4.536840857361206,4.971219062805176,224370,0.0,0.0
1987-02-09 00:00:00-05:00,4.971220099519468,5.116012864863008,4.826427334175927,4.922955513000488,64665,0.0,0.0
1987-02-10 00:00:00-05:00,4.922958445271685,5.019487675805535,4.778166090791895,4.87469482421875,63180,0.0,0.0
1987-02-11 00:00:00-05:00,4.874692617906531,5.067749500274658,4.8264280244844215,5.067749500274658,55485,0.0,0.0
1987-02-12 00:00:00-05:00,5.067749500274658,5.067749500274658,4.8264280244844215,5.067749500274658,288900,0.0,0.0
1987-02-13 00:00:00-05:00,5.06774889560793,5.212541664384532,4.971220217387958,5.164277076721191,53865,0.0,0.0
1987-02-17 00:00:00-05:00,5.164277076721191,5.164277076721191,5.06774889560793,5.164277076721191,76680,0.0,0.0
1987-02-18 00:00:00-05:00,5.164277692905337,5.164277692905337,5.019485403959319,5.067749500274658,59670,0.0,0.0
1987-02-19 00:00:00-05:00,5.067745457985092,5.405594856920274,5.019481400167601,5.357330799102783,63585,0.0,0.0
1987-02-20 00:00:00-05:00,5.357331940333816,5.69518190834494,5.309067872235004,5.646917343139648,28620,0.0,0.0
1987-02-23 00:00:00-05:00,5.646917343139648,5.791710044542564,5.550388709835545,5.646917343139648,185085,0.0,0.0
1987-02-24 00:00:00-05:00,5.646917470783453,5.695182037079725,5.502125263214111,5.502125263214111,93420,0.0,0.0
1987-02-25 00:00:00-05:00,5.502125263214111,5.598653401593673,5.502125263214111,5.502125263214111,12825,0.0,0.0
1987-02-26 00:00:00-05:00,5.502125481607451,5.59865362381846,5.309068202972412,5.309068202972412,29025,0.0,0.0
1987-02-27 00:00:00-05:00,5.3090695205998,5.453862266958101,5.3090695205998,5.405597686767578,31860,0.0,0.0
1987-03-02 00:00:00-05:00,5.405594856920274,5.453859411844138,5.260802683467802,5.357330799102783,11475,0.0,0.0
1987-03-03 00:00:00-05:00,5.357334433161135,5.357334433161135,5.164277076721191,5.164277076721191,16740,0.0,0.0
1987-03-04 00:00:00-05:00,5.164274571002888,5.309067766632199,5.116010503864098,5.260803699493408,20520,0.0,0.0
1987-03-05 00:00:00-05:00,5.260803699493409,5.260803699493409,5.116010503864098,5.260803699493408,20790,0.0,0.0
1987-03-06 00:00:00-05:00,5.260806317771574,5.260806317771574,5.116013050079346,5.116013050079346,24030,0.0,0.0
1987-03-09 00:00:00-05:00,5.116012903539194,5.260806167084047,5.116012903539194,5.212541580200195,32805,0.0,0.0
1987-03-10 00:00:00-05:00,5.212541580200195,5.212541580200195,5.116012903539194,5.212541580200195,76005,0.0,0.0
1987-03-11 00:00:00-05:00,5.212541580200195,5.212541580200195,5.116012903539194,5.212541580200195,30240,0.0,0.0
1987-03-12 00:00:00-05:00,5.212539135248148,5.260803699493409,5.116010503864098,5.260803699493408,39555,0.0,0.0
1987-03-13 00:00:00-05:00,5.260803699493409,5.260803699493409,5.164274571002888,5.260803699493408,49545,0.0,0.0
1987-03-16 00:00:00-05:00,5.2608068797495555,5.2608068797495555,5.067749500274658,5.067749500274658,39825,0.0,0.0
1987-03-17 00:00:00-05:00,5.067748813762045,5.212541580200195,5.067748813762045,5.212541580200195,6345,0.0,0.0
1987-03-18 00:00:00-05:00,5.212541729505259,5.212541729505259,5.01948486776015,5.116013050079346,31050,0.0,0.0
1987-03-19 00:00:00-05:00,5.1160135965899975,5.1160135965899975,5.019485403959319,5.067749500274658,25785,0.0,0.0
1987-03-20 00:00:00-05:00,5.067748126351748,5.1160122095821565,5.019484043121338,5.019484043121338,16875,0.0,0.0
1987-03-23 00:00:00-05:00,5.019484686038448,5.0677487754507275,4.874691920694906,4.922955513000488,35100,0.0,0.0
1987-03-24 00:00:00-05:00,4.922955513000488,5.019484686038448,4.826427334175927,4.922955513000488,23895,0.0,0.0
1987-03-25 00:00:00-05:00,4.9229556912275205,5.116013050079346,4.9229556912275205,5.116013050079346,14175,0.0,0.0
1987-03-26 00:00:00-05:00,5.116013050079346,5.116013050079346,5.01948486776015,5.116013050079346,30105,0.0,0.0
1987-03-27 00:00:00-05:00,5.1160122095821565,5.1160122095821565,5.019484043121338,5.019484043121338,92205,0.0,0.0
1987-03-30 00:00:00-05:00,5.019484686038448,5.019484686038448,4.729898658244666,4.922955513000488,67365,0.0,0.0
1987-03-31 00:00:00-05:00,4.922951328728435,4.922951328728435,4.729894638061523,4.729894638061523,92205,0.0,0.0
1987-04-01 00:00:00-05:00,4.72989997979554,4.922956888492148,4.633371774000655,4.68163537979126,50085,0.0,0.0
1987-04-02 00:00:00-05:00,4.681630092565087,4.826423231948118,4.633366541281205,4.729894638061523,29835,0.0,0.0
1987-04-03 00:00:00-05:00,4.729898781274716,4.826427459716797,4.68163419350032,4.826427459716797,11340,0.0,0.0
1987-04-06 00:00:00-04:00,4.826427459716797,4.826427459716797,4.68163419350032,4.826427459716797,14040,0.0,0.0
1987-04-07 00:00:00-04:00,4.826426561082005,4.874691139869996,4.778162479400635,4.778162479400635,16065,0.0,0.0
1987-04-08 00:00:00-04:00,4.778162479400635,4.922954724444747,4.778162479400635,4.778162479400635,173610,0.0,0.0
1987-04-09 00:00:00-04:00,4.826426715986431,5.019484043121338,4.826426715986431,5.019484043121338,51705,0.0,0.0
1987-04-10 00:00:00-04:00,5.019484686038448,5.116012864863008,4.874691920694906,4.922955513000488,39555,0.0,0.0
1987-04-13 00:00:00-04:00,4.922954882447249,5.1160122095821565,4.922954882447249,5.019484043121338,26325,0.0,0.0
1987-04-14 00:00:00-04:00,5.01948481660096,5.01948481660096,4.729898781274716,4.826427459716797,34155,0.0,0.0
1987-04-15 00:00:00-04:00,4.826423231948118,4.922951328728435,4.729894638061523,4.729894638061523,29160,0.0,0.0
1987-04-16 00:00:00-04:00,4.826430208951825,4.922958445271685,4.826430208951825,4.87469482421875,28350,0.0,0.0
1987-04-20 00:00:00-04:00,4.87469482421875,5.019487675805535,4.826430208951825,4.87469482421875,22545,0.0,0.0
1987-04-21 00:00:00-04:00,4.874691296323475,5.019484043121338,4.874691296323475,5.019484043121338,6615,0.0,0.0
1987-04-22 00:00:00-04:00,5.019484686038448,5.019484686038448,4.874691920694906,4.922955513000488,18630,0.0,0.0
1987-04-23 00:00:00-04:00,4.922955513000488,5.019484686038448,4.874691920694906,4.922955513000488,28755,0.0,0.0
1987-04-24 00:00:00-04:00,4.922954882447249,5.019484043121338,4.922954882447249,5.019484043121338,5940,0.0,0.0
1987-04-27 00:00:00-04:00,5.019484043121338,5.019484043121338,4.922954882447249,5.019484043121338,26730,0.0,0.0
1987-04-28 00:00:00-04:00,5.019484043121338,5.019484043121338,4.922954882447249,5.019484043121338,17955,0.0,0.0
1987-04-29 00:00:00-04:00,5.01948481660096,5.01948481660096,4.826427459716797,4.826427459716797,6075,0.0,0.0
1987-04-30 00:00:00-04:00,4.826427459716797,4.826427459716797,4.826427459716797,4.826427459716797,2700,0.0,0.0
1987-05-01 00:00:00-04:00,4.826427459716797,5.01948481660096,4.826427459716797,4.826427459716797,4050,0.0,0.0
1987-05-04 00:00:00-04:00,4.826427459716797,4.826427459716797,4.826427459716797,4.826427459716797,5670,0.0,0.0
1987-05-05 00:00:00-04:00,4.826427459716797,4.826427459716797,4.729898781274716,4.826427459716797,4995,0.0,0.0
1987-05-06 00:00:00-04:00,4.826426561082005,4.826426561082005,4.633369737249902,4.778162479400635,5805,0.0,0.0
1987-05-07 00:00:00-04:00,4.778160803128309,4.778160803128309,4.536839485168457,4.536839485168457,36585,0.0,0.0
1987-05-08 00:00:00-04:00,4.53683913164042,4.58510319262889,4.3920464515686035,4.3920464515686035,25110,0.0,0.0
1987-05-11 00:00:00-04:00,4.392046793813836,4.536839485168457,4.392046793813836,4.536839485168457,8505,0.0,0.0
1987-05-12 00:00:00-04:00,4.488578079104018,4.488578079104018,4.343785285949707,4.343785285949707,18900,0.0,0.0
1987-05-13 00:00:00-04:00,4.34378487660495,4.4403140590869405,4.295520782470702,4.295520782470703,8505,0.0,0.0
1987-05-14 00:00:00-04:00,4.295520782470702,4.4403140590869405,4.295520782470702,4.295520782470703,6210,0.0,0.0
1987-05-15 00:00:00-04:00,4.3920464515686035,4.440311009663479,4.3920464515686035,4.3920464515686035,4725,0.0,0.0
1987-05-18 00:00:00-04:00,4.2955204144034385,4.2955204144034385,3.8611416159885334,4.05419921875,29295,0.0,0.0
1987-05-19 00:00:00-04:00,4.054197649300585,4.054197649300585,3.9094046896963364,3.957669258117676,14175,0.0,0.0
1987-05-20 00:00:00-04:00,3.9576709688594947,4.102463245391846,3.9576709688594947,4.102463245391846,10800,0.0,0.0
1987-05-21 00:00:00-04:00,4.102462217999404,4.150726795196533,4.00593380926505,4.150726795196533,4590,0.0,0.0
1987-05-22 00:00:00-04:00,4.150727647300705,4.150727647300705,4.05419921875,4.05419921875,4455,0.0,0.0
1987-05-26 00:00:00-04:00,4.0541960133136765,4.198988914489746,4.0541960133136765,4.198988914489746,7560,0.0,0.0
1987-05-27 00:00:00-04:00,4.198988914489746,4.2472524692223015,4.102459816599388,4.198988914489746,17280,0.0,0.0
1987-05-28 00:00:00-04:00,4.1507260404834945,4.1507260404834945,3.957669258117676,3.957669258117676,29700,0.0,0.0
1987-05-29 00:00:00-04:00,3.9576707901992956,4.05419921875,3.9576707901992956,4.05419921875,14715,0.0,0.0
1987-06-01 00:00:00-04:00,4.05419921875,4.05419921875,3.9576707901992956,4.05419921875,3375,0.0,0.0
1987-06-02 00:00:00-04:00,4.054197649300585,4.054197649300585,3.9094046896963364,3.957669258117676,4725,0.0,0.0
1987-06-03 00:00:00-04:00,3.9576717374821477,4.005935590479597,3.9094071388244624,3.909407138824463,5400,0.0,0.0
1987-06-04 00:00:00-04:00,3.9094071388244624,4.005935590479597,3.9094071388244624,3.909407138824463,1620,0.0,0.0
1987-06-05 00:00:00-04:00,3.9094046896963364,4.005933080879246,3.9094046896963364,3.957669258117676,2430,0.0,0.0
1987-06-08 00:00:00-04:00,3.9576717374821477,4.005935590479597,3.9094071388244624,3.909407138824463,23085,0.0,0.0
1987-06-09 00:00:00-04:00,3.9094046896963364,4.005933080879246,3.9094046896963364,3.957669258117676,4860,0.0,0.0
1987-06-10 00:00:00-04:00,3.957670124386733,3.957670124386733,3.8611409664154057,3.8611409664154053,9315,0.0,0.0
1987-06-11 00:00:00-04:00,3.861139858184039,4.005932807922363,3.861139858184039,4.005932807922363,5670,0.0,0.0
1987-06-12 00:00:00-04:00,4.005932807922363,4.005932807922363,4.005932807922363,4.005932807922363,2565,0.0,0.0
1987-06-15 00:00:00-04:00,4.005931464368498,4.343781070006348,3.909403112137607,4.198988914489746,30240,0.0,0.0
1987-06-16 00:00:00-04:00,4.198992989902191,4.343785285949707,4.198992989902191,4.343785285949707,13770,0.0,0.0
1987-06-17 00:00:00-04:00,4.343781070006348,4.343781070006348,4.198988914489746,4.198988914489746,10935,0.0,0.0
1987-06-18 00:00:00-04:00,4.198988914489746,4.198988914489746,4.198988914489746,4.198988914489746,0,0.0,0.0
1987-06-19 00:00:00-04:00,4.198988914489746,4.295517018167481,4.198988914489746,4.198988914489746,6210,0.0,0.0
1987-06-22 00:00:00-04:00,4.150726795196533,4.150726795196533,4.150726795196533,4.150726795196533,810,0.0,0.0
1987-06-23 00:00:00-04:00,4.150727834676024,4.247256019030925,4.102463245391846,4.102463245391846,10260,0.0,0.0
1987-06-24 00:00:00-04:00,4.05419921875,4.05419921875,4.05419921875,4.05419921875,2970,0.0,0.0
1987-06-25 00:00:00-04:00,4.054197570621713,4.054197570621713,3.8128762245178223,3.8128762245178223,11070,0.0,0.0
1987-06-26 00:00:00-04:00,3.812876047868842,3.8611398674577244,3.7163476630313568,3.7646114826202393,18360,0.0,0.0
1987-06-29 00:00:00-04:00,3.7646125541040103,3.8611409664154057,3.7646125541040103,3.8611409664154053,12420,0.0,0.0
1987-06-30 00:00:00-04:00,3.8611409664154057,3.957670124386733,3.8611409664154057,3.8611409664154053,7830,0.0,0.0
1987-07-01 00:00:00-04:00,3.909405400530697,4.150726795196533,3.909405400530697,4.150726795196533,6210,0.0,0.0
1987-07-02 00:00:00-04:00,4.150726795196533,4.150726795196533,4.00593380926505,4.150726795196533,1485,0.0,0.0
1987-07-06 00:00:00-04:00,4.005932807922363,4.005932807922363,4.005932807922363,4.005932807922363,1890,0.0,0.0
1987-07-07 00:00:00-04:00,4.005932807922363,4.005932807922363,4.005932807922363,4.005932807922363,945,0.0,0.0
1987-07-08 00:00:00-04:00,4.005932807922363,4.102461192528006,4.005932807922363,4.005932807922363,9180,0.0,0.0
1987-07-09 00:00:00-04:00,4.005932807922363,4.005932807922363,3.90940442331672,4.005932807922363,8100,0.0,0.0
1987-07-10 00:00:00-04:00,3.9576689979549298,3.9576689979549298,3.7646114826202393,3.7646114826202393,6885,0.0,0.0
1987-07-13 00:00:00-04:00,3.9094071388244624,3.9094071388244624,3.9094071388244624,3.909407138824463,1890,0.0,0.0
1987-07-14 00:00:00-04:00,3.9094071388244624,3.9094071388244624,3.7646140885116433,3.909407138824463,945,0.0,0.0
1987-07-15 00:00:00-04:00,3.9094071388244624,3.9094071388244624,3.9094071388244624,3.909407138824463,0,0.0,0.0
1987-07-16 00:00:00-04:00,3.9094071388244624,3.9094071388244624,3.7646140885116433,3.909407138824463,7560,0.0,0.0
1987-07-17 00:00:00-04:00,3.7646114826202393,3.7646114826202393,3.7646114826202393,3.7646114826202393,810,0.0,0.0
1987-07-20 00:00:00-04:00,3.7646117300920876,3.957669258117676,3.7646117300920876,3.957669258117676,11340,0.0,0.0
1987-07-21 00:00:00-04:00,3.9576689979549298,3.9576689979549298,3.7646114826202393,3.7646114826202393,7830,0.0,0.0
1987-07-22 00:00:00-04:00,3.7646114826202393,3.8611398674577244,3.7646114826202393,3.7646114826202393,7560,0.0,0.0
1987-07-23 00:00:00-04:00,3.764613291055589,3.8128778794894123,3.668084859848022,3.6680848598480225,16200,0.0,0.0
1987-07-24 00:00:00-04:00,3.668084859848022,3.764613291055589,3.668084859848022,3.6680848598480225,6885,0.0,0.0
1987-07-27 00:00:00-04:00,3.6680857172853765,3.7646141710570573,3.6198213661228276,3.7163503170013428,4995,0.0,0.0
1987-07-28 00:00:00-04:00,3.6198191642761235,3.6198191642761235,3.6198191642761235,3.619819164276123,270,0.0,0.0
1987-07-29 00:00:00-04:00,3.668084859848022,3.764613291055589,3.668084859848022,3.6680848598480225,13770,0.0,0.0
1987-07-30 00:00:00-04:00,3.668083097782754,3.7646114826202393,3.668083097782754,3.7646114826202393,1890,0.0,0.0
1987-07-31 00:00:00-04:00,3.7646114826202393,3.7646114826202393,3.668083097782754,3.7646114826202393,1755,0.0,0.0
1987-08-03 00:00:00-04:00,3.7646114826202393,3.7646114826202393,3.668083097782754,3.7646114826202393,15120,0.0,0.0
1987-08-04 00:00:00-04:00,3.764613291055589,3.764613291055589,3.571556428640455,3.6680848598480225,46575,0.0,0.0
1987-08-05 00:00:00-04:00,3.6680837788121456,3.71634835302172,3.5715553760528564,3.5715553760528564,9720,0.0,0.0
1987-08-06 00:00:00-04:00,3.716350317001343,3.716350317001343,3.716350317001343,3.7163503170013428,2025,0.0,0.0
1987-08-07 00:00:00-04:00,3.7163476630313568,3.7646114826202393,3.5715547129452694,3.7646114826202393,17010,0.0,0.0
1987-08-10 00:00:00-04:00,3.716350317001343,3.716350317001343,3.6198213661228276,3.7163503170013428,2700,0.0,0.0
1987-08-11 00:00:00-04:00,3.7163476630313568,3.812876047868842,3.6198187810873916,3.7646114826202393,47790,0.0,0.0
1987-08-12 00:00:00-04:00,3.7646114826202393,3.909404432706327,3.7646114826202393,3.7646114826202393,22275,0.0,0.0
1987-08-13 00:00:00-04:00,3.7646140885116433,3.9094071388244624,3.7646140885116433,3.909407138824463,14175,0.0,0.0
1987-08-14 00:00:00-04:00,3.909405545401069,3.957670124386733,3.812877133089674,3.8611409664154053,4185,0.0,0.0
1987-08-17 00:00:00-04:00,3.8611409664154057,4.005933957712465,3.8611409664154057,3.8611409664154053,540,0.0,0.0
1987-08-18 00:00:00-04:00,3.861140121274997,4.005933080879246,3.861140121274997,3.957669258117676,6750,0.0,0.0
1987-08-19 00:00:00-04:00,3.957670124386733,3.957670124386733,3.8611409664154057,3.8611409664154053,10665,0.0,0.0
1987-08-20 00:00:00-04:00,3.8611400463427477,3.8611400463427477,3.8128762245178223,3.8128762245178223,7560,0.0,0.0
1987-08-21 00:00:00-04:00,3.812876047868842,3.812876047868842,3.7646114826202393,3.7646114826202393,7020,0.0,0.0
1987-08-24 00:00:00-04:00,3.8611409664154057,3.8611409664154057,3.8611409664154057,3.8611409664154053,2700,0.0,0.0
1987-08-25 00:00:00-04:00,3.8611409664154057,3.957670124386733,3.7646125541040103,3.8611409664154053,29295,0.0,0.0
1987-08-26 00:00:00-04:00,3.8611400463427477,3.9576691813121077,3.8128762245178223,3.8128762245178223,405,0.0,0.0
1987-08-27 00:00:00-04:00,3.8611409664154057,3.957670124386733,3.8611409664154057,3.8611409664154053,5130,0.0,0.0
1987-08-28 00:00:00-04:00,3.8611400463427477,3.909404613827428,3.8128762245178223,3.8128762245178223,10530,0.0,0.0
1987-08-31 00:00:00-04:00,3.8128762985134266,3.957669258117676,3.8128762985134266,3.957669258117676,6345,0.0,0.0
1987-09-01 00:00:00-04:00,3.8611409664154057,3.8611409664154057,3.8611409664154057,3.8611409664154053,810,0.0,0.0
1987-09-02 00:00:00-04:00,3.8611400463427477,3.8611400463427477,3.764611657033142,3.8128762245178223,23895,0.0,0.0
1987-09-03 00:00:00-04:00,3.7646114826202393,3.7646114826202393,3.668083097782754,3.7646114826202393,9045,0.0,0.0
1987-09-04 00:00:00-04:00,3.7646114826202393,3.7646114826202393,3.5715547129452694,3.7646114826202393,35100,0.0,0.0
1987-09-08 00:00:00-04:00,3.7163480564384948,3.7163480564384948,3.523290769220284,3.619819164276123,8640,0.0,0.0
1987-09-09 00:00:00-04:00,3.5232925415039062,3.5232925415039062,3.5232925415039062,3.5232925415039062,810,0.0,0.0
1987-09-10 00:00:00-04:00,3.5232919727087557,3.571556310999474,3.4267632961273193,3.4267632961273193,7830,0.0,0.0
1987-09-11 00:00:00-04:00,3.4267610255581253,3.475025580422138,3.2819683551788326,3.281968355178833,30510,0.0,0.0
1987-09-14 00:00:00-04:00,3.2819715487936407,3.3785000067918403,3.088914632797241,3.088914632797241,20520,0.0,0.0
1987-09-15 00:00:00-04:00,3.088914009153011,3.1854424476623535,2.9923853220902905,3.1854424476623535,41310,0.0,0.0
1987-09-16 00:00:00-04:00,3.1854424476623535,3.1854424476623535,3.088914009153011,3.1854424476623535,27270,0.0,0.0
1987-09-17 00:00:00-04:00,3.1854424476623535,3.1854424476623535,3.088914009153011,3.1854424476623535,27270,0.0,0.0
1987-09-18 00:00:00-04:00,3.1854420328767254,3.1854420328767254,3.0889136069366288,3.1371779441833496,20655,0.0,0.0
1987-09-21 00:00:00-04:00,3.137176671491045,3.1854407406046152,2.9923837184906006,2.9923837184906006,49815,0.0,0.0
1987-09-22 00:00:00-04:00,2.9923837184906006,3.137176671491045,2.9923837184906006,2.9923837184906006,47520,0.0,0.0
1987-09-23 00:00:00-04:00,2.992384932443186,3.13717794418335,2.992384932443186,3.1371779441833496,32265,0.0,0.0
1987-09-24 00:00:00-04:00,3.1371787391590797,3.233707189559936,3.040649791651406,3.2337071895599365,7425,0.0,0.0
1987-09-25 00:00:00-04:00,3.233707189559936,3.233707189559936,3.088914389681947,3.2337071895599365,4995,0.0,0.0
1987-09-28 00:00:00-04:00,3.2337063701234467,3.281970458816822,3.13717794418335,3.1371779441833496,6615,0.0,0.0
1987-09-29 00:00:00-04:00,3.1371780800426303,3.378499031066894,3.1371780800426303,3.3784990310668945,36450,0.0,0.0
1987-09-30 00:00:00-04:00,3.4267617628591815,3.7646114826202393,3.4267617628591815,3.7646114826202393,20115,0.0,0.0
1987-10-01 00:00:00-04:00,3.7646141710570573,3.7646141710570573,3.6198213661228276,3.7163503170013428,19845,0.0,0.0
1987-10-02 00:00:00-04:00,3.7163494482818447,3.764613291055589,3.668084859848022,3.6680848598480225,15660,0.0,0.0
1987-10-05 00:00:00-04:00,3.668083097782754,3.7646114826202393,3.6198187810873916,3.7646114826202393,6210,0.0,0.0
1987-10-06 00:00:00-04:00,3.6680837788121456,3.6680837788121456,3.5715553760528564,3.5715553760528564,50355,0.0,0.0
1987-10-07 00:00:00-04:00,3.571556225318715,3.571556225318715,3.4750277996063232,3.4750277996063232,5535,0.0,0.0
1987-10-08 00:00:00-04:00,3.4750277996063232,3.571556225318715,3.4750277996063232,3.4750277996063232,4725,0.0,0.0
1987-10-09 00:00:00-04:00,3.475027958293984,3.475027958293984,3.378499031066894,3.3784990310668945,22005,0.0,0.0
1987-10-12 00:00:00-04:00,3.378498957836601,3.4750278829713888,3.330234868099234,3.4267632961273193,3915,0.0,0.0
1987-10-13 00:00:00-04:00,3.4267632961273193,3.4750278829713888,3.330234868099234,3.4267632961273193,4995,0.0,0.0
1987-10-14 00:00:00-04:00,3.426762209758332,3.426762209758332,3.3302338123321533,3.3302338123321533,36045,0.0,0.0
1987-10-15 00:00:00-04:00,3.3302339207854073,3.3302339207854073,3.040648221969605,3.0406482219696045,13635,0.0,0.0
1987-10-16 00:00:00-04:00,3.040650030967999,3.1371789860730552,2.9923859262456136,3.088914632797241,15525,0.0,0.0
1987-10-19 00:00:00-04:00,3.088912358701748,3.137176676444774,2.7510626316070557,2.7510626316070557,58860,0.0,0.0
1987-10-20 00:00:00-04:00,2.751062483212182,2.847590864938158,2.5097411560673937,2.654534101486206,72495,0.0,0.0
1987-10-21 00:00:00-04:00,2.7027992745641867,3.475027958293984,2.7027992745641867,3.3784990310668945,33750,0.0,0.0
1987-10-22 00:00:00-04:00,3.378498884756919,3.378498884756919,3.0406490211365615,3.1371779441833496,33210,0.0,0.0
1987-10-23 00:00:00-04:00,2.9441210325178657,2.9441210325178657,2.799327999270063,2.84759259223938,27810,0.0,0.0
1987-10-26 00:00:00-05:00,2.8475910185398625,2.8958553362828887,2.702798065310784,2.7510626316070557,75870,0.0,0.0
1987-10-27 00:00:00-05:00,2.7510633026764824,2.8958560426717432,2.7510633026764824,2.7993271350860596,70740,0.0,0.0
1987-10-28 00:00:00-05:00,2.799327646315396,2.799327646315396,2.6062707901000977,2.6062707901000977,41175,0.0,0.0
1987-10-29 00:00:00-05:00,2.6062706181397144,2.8958563804626465,2.6062706181397144,2.8958563804626465,12150,0.0,0.0
1987-10-30 00:00:00-05:00,2.895855331710216,2.9923837184906006,2.847591014043401,2.9923837184906006,11070,0.0,0.0
1987-11-02 00:00:00-05:00,2.9923837184906006,3.0889123538242305,2.895855331710216,2.9923837184906006,22140,0.0,0.0
1987-11-03 00:00:00-05:00,2.9923837184906006,3.1854407406046152,2.9923837184906006,2.9923837184906006,42795,0.0,0.0
1987-11-04 00:00:00-05:00,2.9923837184906006,3.1854407406046152,2.9923837184906006,2.9923837184906006,3780,0.0,0.0
1987-11-05 00:00:00-05:00,2.9923859262456136,3.1371789860730552,2.9923859262456136,3.088914632797241,21735,0.0,0.0
1987-11-06 00:00:00-05:00,3.0889136069366288,3.13717794418335,3.0406490211365615,3.1371779441833496,12825,0.0,0.0
1987-11-09 00:00:00-05:00,3.0889123538242305,3.0889123538242305,2.9923837184906006,2.9923837184906006,20655,0.0,0.0
1987-11-10 00:00:00-05:00,2.9923841459613714,3.0889127950843993,2.9923841459613714,3.0406482219696045,11610,0.0,0.0
1987-11-11 00:00:00-05:00,3.040648221969605,3.0889127950843993,2.9923841459613714,3.0406482219696045,7560,0.0,0.0
1987-11-12 00:00:00-05:00,3.040650030967999,3.088914632797241,3.040650030967999,3.088914632797241,21870,0.0,0.0
1987-11-13 00:00:00-05:00,2.992384802201401,2.992384802201401,2.8958563804626465,2.8958563804626465,5400,0.0,0.0
1987-11-16 00:00:00-05:00,2.8958569366553144,2.8958569366553144,2.7510641519608945,2.84759259223938,14445,0.0,0.0
1987-11-17 00:00:00-05:00,2.7993271350860596,2.7993271350860596,2.702798724606988,2.7993271350860596,19440,0.0,0.0
1987-11-18 00:00:00-05:00,2.799327999270063,2.8475925922393803,2.702799558991577,2.84759259223938,13635,0.0,0.0
1987-11-19 00:00:00-05:00,2.847591713155554,2.8958560426717432,2.702798724606988,2.7993271350860596,28080,0.0,0.0
1987-11-20 00:00:00-05:00,2.799326452243591,2.8958553362828887,2.7510626316070557,2.7510626316070557,22140,0.0,0.0
1987-11-23 00:00:00-05:00,2.7510641519608945,2.8958569366553144,2.7510641519608945,2.84759259223938,6885,0.0,0.0
1987-11-24 00:00:00-05:00,2.847591713155554,2.8958560426717432,2.7510633026764824,2.7993271350860596,39555,0.0,0.0
1987-11-25 00:00:00-05:00,2.7993274616172226,2.8958563804626465,2.7993274616172226,2.8958563804626465,2835,0.0,0.0
1987-11-27 00:00:00-05:00,2.847591713155554,2.847591713155554,2.702798724606988,2.7993271350860596,45765,0.0,0.0
1987-11-30 00:00:00-05:00,2.7993271350860596,2.847591713155554,2.702798724606988,2.7993271350860596,12690,0.0,0.0
1987-12-01 00:00:00-05:00,2.751062483212182,2.751062483212182,2.60626953779337,2.654534101486206,30375,0.0,0.0
1987-12-02 00:00:00-05:00,2.6545353769839495,2.7027992182077467,2.6062707901000977,2.6062707901000977,10665,0.0,0.0
1987-12-03 00:00:00-05:00,2.6062707901000977,2.7027992182077467,2.6062707901000977,2.6062707901000977,22950,0.0,0.0
1987-12-04 00:00:00-05:00,2.6062707901000977,2.7027992182077467,2.509742361992448,2.6062707901000977,25650,0.0,0.0
1987-12-07 00:00:00-05:00,2.6062694385960876,2.654534000451925,2.2684197425842285,2.2684197425842285,22140,0.0,0.0
1987-12-08 00:00:00-05:00,2.413213606546533,2.7993272666030773,2.413213606546533,2.509742021560669,74115,0.0,0.0
1987-12-09 00:00:00-05:00,2.509742021560669,2.606270436574805,2.4614774412236247,2.509742021560669,62370,0.0,0.0
1987-12-10 00:00:00-05:00,2.509742397760312,2.5580062396719465,2.413213968276977,2.4132139682769775,6210,0.0,0.0
1987-12-11 00:00:00-05:00,2.413213606546533,2.5580058562377608,2.413213606546533,2.509742021560669,10530,0.0,0.0
1987-12-14 00:00:00-05:00,2.509740209860653,2.5580040096976737,2.3649473190307617,2.3649473190307617,54675,0.0,0.0
1987-12-15 00:00:00-05:00,2.3649473190307617,2.509740209860653,2.3649473190307617,2.3649473190307617,19440,0.0,0.0
1987-12-16 00:00:00-05:00,2.3649473190307617,2.509740209860653,2.3649473190307617,2.3649473190307617,9045,0.0,0.0
1987-12-17 00:00:00-05:00,2.364949329122333,2.509742343019224,2.364949329122333,2.461477756500244,27405,0.0,0.0
1987-12-18 00:00:00-05:00,2.461477756500244,2.5580061838781547,2.413213915641313,2.461477756500244,78975,0.0,0.0
1987-12-21 00:00:00-05:00,2.4614774412236247,2.65453501691185,2.413213606546533,2.509742021560669,46440,0.0,0.0
1987-12-22 00:00:00-05:00,2.509742361992448,2.6062707901000977,2.509742361992448,2.6062707901000977,16740,0.0,0.0
1987-12-23 00:00:00-05:00,2.606270436574805,2.65453501691185,2.509742021560669,2.509742021560669,31050,0.0,0.0
1987-12-24 00:00:00-05:00,2.509742361992448,2.6545353769839495,2.509742361992448,2.6062707901000977,31185,0.0,0.0
1987-12-28 00:00:00-05:00,2.606270436574805,2.606270436574805,2.509742021560669,2.509742021560669,142155,0.0,0.0
1987-12-29 00:00:00-05:00,2.509742021560669,2.65453501691185,2.509742021560669,2.509742021560669,56430,0.0,0.0
1987-12-30 00:00:00-05:00,2.5097420139415982,2.702798843383789,2.5097420139415982,2.702798843383789,39555,0.0,0.0
1987-12-31 00:00:00-05:00,2.702797919519346,2.702797919519346,2.60626953779337,2.654534101486206,67230,0.0,0.0
1988-01-04 00:00:00-05:00,2.751063623577848,2.8958563804626465,2.751063623577848,2.8958563804626465,9180,0.0,0.0
1988-01-05 00:00:00-05:00,2.9441197255208946,3.3302338123321533,2.9441197255208946,3.3302338123321533,18360,0.0,0.0
1988-01-06 00:00:00-05:00,3.330234940283384,3.378499031066894,3.233706510163007,3.3784990310668945,4995,0.0,0.0
1988-01-07 00:00:00-05:00,3.330235639960793,3.330235639960793,3.233707189559936,3.2337071895599365,9450,0.0,0.0
1988-01-08 00:00:00-05:00,3.233706791193714,3.330235229703056,3.1854424476623535,3.1854424476623535,60885,0.0,0.0
1988-01-11 00:00:00-05:00,3.1854424476623535,3.1854424476623535,3.1371783526843715,3.1854424476623535,12690,0.0,0.0
1988-01-12 00:00:00-05:00,3.1854424476623535,3.233706791193714,3.1371783526843715,3.1854424476623535,36045,0.0,0.0
1988-01-13 00:00:00-05:00,3.1854420328767254,3.2337063701234467,3.13717794418335,3.1371779441833496,14715,0.0,0.0
1988-01-14 00:00:00-05:00,3.1371789860730552,3.233707444071255,3.088914632797241,3.088914632797241,17955,0.0,0.0
1988-01-15 00:00:00-05:00,3.088914009153011,3.1854424476623535,3.088914009153011,3.1854424476623535,4455,0.0,0.0
1988-01-18 00:00:00-05:00,3.13717794418335,3.13717794418335,3.0889136069366288,3.1371779441833496,5400,0.0,0.0
1988-01-19 00:00:00-05:00,3.1371783526843715,3.281970886171696,3.1371783526843715,3.1854424476623535,26190,0.0,0.0
1988-01-20 00:00:00-05:00,3.1854428400828034,3.3784997408845165,3.1854428400828034,3.2337071895599365,39285,0.0,0.0
1988-01-21 00:00:00-05:00,3.233706791193714,3.330235229703056,3.1854424476623535,3.1854424476623535,50355,0.0,0.0
1988-01-22 00:00:00-05:00,3.1854424476623535,3.281970886171696,3.1371783526843715,3.1854424476623535,57510,0.0,0.0
1988-01-25 00:00:00-05:00,3.1854428400828034,3.28197129048366,3.1854428400828034,3.2337071895599365,21600,0.0,0.0
1988-01-26 00:00:00-05:00,3.233704297421193,3.2819683551788326,3.1854399911103664,3.281968355178833,9045,0.0,0.0
1988-01-27 00:00:00-05:00,3.281970886171696,3.281970886171696,3.1854424476623535,3.1854424476623535,10260,0.0,0.0
1988-01-28 00:00:00-05:00,3.1854399911103664,3.2819683551788326,3.1854399911103664,3.281968355178833,17415,0.0,0.0
1988-01-29 00:00:00-05:00,3.2819683551788326,3.2819683551788326,3.1854399911103664,3.281968355178833,16740,0.0,0.0
1988-02-01 00:00:00-05:00,3.2819683551788326,3.330232661489659,3.1854399911103664,3.281968355178833,19710,0.0,0.0
1988-02-02 00:00:00-05:00,3.2819683551788326,3.2819683551788326,3.2819683551788326,3.281968355178833,2700,0.0,0.0
1988-02-03 00:00:00-05:00,3.2819706009465173,3.378499031066894,3.2819706009465173,3.3784990310668945,3375,0.0,0.0
1988-02-04 00:00:00-05:00,3.2819683551788326,3.2819683551788326,3.2819683551788326,3.281968355178833,2295,0.0,0.0
1988-02-05 00:00:00-05:00,3.28197129048366,3.3784997408845165,3.233707189559936,3.2337071895599365,21870,0.0,0.0
1988-02-08 00:00:00-05:00,3.233707444071255,3.2819715487936407,3.088914632797241,3.088914632797241,17550,0.0,0.0
1988-02-09 00:00:00-05:00,3.0406477876041706,3.0406477876041706,2.9923837184906006,2.9923837184906006,4185,0.0,0.0
1988-02-10 00:00:00-05:00,2.9441208839416504,2.9441208839416504,2.9441208839416504,2.9441208839416504,1080,0.0,0.0
1988-02-11 00:00:00-05:00,2.9441208839416504,3.0406493193487907,2.9441208839416504,2.9441208839416504,6750,0.0,0.0
1988-02-12 00:00:00-05:00,3.040648221969605,3.040648221969605,3.040648221969605,3.0406482219696045,1485,0.0,0.0
1988-02-16 00:00:00-05:00,3.0406493193487907,3.0406493193487907,2.9441208839416504,2.9441208839416504,28350,0.0,0.0
1988-02-17 00:00:00-05:00,2.9923837184906006,3.0889123538242305,2.9923837184906006,2.9923837184906006,6075,0.0,0.0
1988-02-18 00:00:00-05:00,2.992384932443186,3.13717794418335,2.992384932443186,3.1371779441833496,36990,0.0,0.0
1988-02-19 00:00:00-05:00,3.1371789860730552,3.1371789860730552,3.040650030967999,3.088914632797241,15120,0.0,0.0
1988-02-22 00:00:00-05:00,3.13717794418335,3.1854420328767254,3.13717794418335,3.1371779441833496,6750,0.0,0.0
1988-02-23 00:00:00-05:00,3.1371783526843715,3.233706791193714,3.1371783526843715,3.1854424476623535,9180,0.0,0.0
1988-02-24 00:00:00-05:00,3.1854428400828034,3.233707189559936,3.1371787391590797,3.2337071895599365,17145,0.0,0.0
1988-02-25 00:00:00-05:00,3.233707189559936,3.233707189559936,3.1371787391590797,3.2337071895599365,9315,0.0,0.0
1988-02-26 00:00:00-05:00,3.233707189559936,3.233707189559936,3.233707189559936,3.2337071895599365,1350,0.0,0.0
1988-02-29 00:00:00-05:00,3.233705414905975,3.3302338123321533,3.1854410919162497,3.3302338123321533,7020,0.0,0.0
1988-03-01 00:00:00-05:00,3.3302347882077177,3.571556225318715,3.281970451074849,3.4750277996063232,32670,0.0,0.0
1988-03-02 00:00:00-05:00,3.571557263513696,3.8128787707730236,3.571557263513696,3.7163503170013428,24975,0.0,0.0
1988-03-03 00:00:00-05:00,3.7163476630313568,3.7646114826202393,3.7163476630313568,3.7646114826202393,20250,0.0,0.0
1988-03-04 00:00:00-05:00,3.764611881136515,3.764611881136515,3.6198191642761235,3.619819164276123,18630,0.0,0.0
1988-03-07 00:00:00-05:00,3.6198203138982383,3.668084651031107,3.4750277996063232,3.4750277996063232,9450,0.0,0.0
1988-03-08 00:00:00-05:00,3.4750278829713888,3.4750278829713888,3.4267632961273193,3.4267632961273193,5400,0.0,0.0
1988-03-09 00:00:00-05:00,3.4267632961273193,3.5232919727087557,3.4267632961273193,3.4267632961273193,11070,0.0,0.0
1988-03-10 00:00:00-05:00,3.4267633704037608,3.4267633704037608,3.378499031066894,3.3784990310668945,6075,0.0,0.0
1988-03-11 00:00:00-05:00,3.3784995032565774,3.5232925415039062,3.3784995032565774,3.5232925415039062,14850,0.0,0.0
1988-03-14 00:00:00-05:00,3.378499031066894,3.378499031066894,3.378499031066894,3.3784990310668945,4590,0.0,0.0
1988-03-15 00:00:00-05:00,3.378498957836601,3.4750278829713888,3.378498957836601,3.4267632961273193,40500,0.0,0.0
1988-03-16 00:00:00-05:00,3.4267632139201094,3.5232918881858466,3.378498876787241,3.4750277996063232,17550,0.0,0.0
1988-03-17 00:00:00-05:00,3.4750277996063232,3.4750277996063232,3.378498876787241,3.4750277996063232,18765,0.0,0.0
1988-03-18 00:00:00-05:00,3.475027958293984,3.523292049077494,3.378499031066894,3.3784990310668945,2565,0.0,0.0
1988-03-21 00:00:00-05:00,3.378499031066894,3.378499031066894,3.378499031066894,3.3784990310668945,2700,0.0,0.0
1988-03-22 00:00:00-05:00,3.3784978867686064,3.426762209758332,3.3302338123321533,3.3302338123321533,38745,0.0,0.0
1988-03-23 00:00:00-05:00,3.330234940283384,3.378499031066894,3.330234940283384,3.3784990310668945,4050,0.0,0.0
1988-03-24 00:00:00-05:00,3.330235229703056,3.330235229703056,3.1371783526843715,3.1854424476623535,137970,0.0,0.0
1988-03-25 00:00:00-05:00,3.1854424476623535,3.233706791193714,3.1854424476623535,3.1854424476623535,6885,0.0,0.0
1988-03-28 00:00:00-05:00,3.0889139098824163,3.0889139098824163,2.9441208839416504,2.9441208839416504,7290,0.0,0.0
1988-03-29 00:00:00-05:00,2.9923859262456136,3.088914632797241,2.9923859262456136,3.088914632797241,10665,0.0,0.0
1988-03-30 00:00:00-05:00,3.088914632797241,3.185443090795441,3.040650030967999,3.088914632797241,14850,0.0,0.0
1988-03-31 00:00:00-05:00,3.088914009153011,3.1854424476623535,3.088914009153011,3.1854424476623535,8100,0.0,0.0
1988-04-04 00:00:00-04:00,3.233704297421193,3.3784967192472988,3.233704297421193,3.281968355178833,33345,0.0,0.0
1988-04-05 00:00:00-04:00,3.281970451074849,3.4750277996063232,3.281970451074849,3.4750277996063232,12150,0.0,0.0
1988-04-06 00:00:00-04:00,3.4750284439748547,3.5232925415039062,3.3784995032565774,3.5232925415039062,18765,0.0,0.0
1988-04-07 00:00:00-04:00,3.523292049077494,3.523292049077494,3.378499031066894,3.3784990310668945,8910,0.0,0.0
1988-04-08 00:00:00-04:00,3.3784978867686064,3.426762209758332,3.281969489342428,3.3302338123321533,7965,0.0,0.0
1988-04-11 00:00:00-04:00,3.330234940283384,3.378499031066894,3.330234940283384,3.3784990310668945,7965,0.0,0.0
1988-04-12 00:00:00-04:00,3.3784978867686064,3.3784978867686064,3.3302338123321533,3.3302338123321533,8235,0.0,0.0
1988-04-13 00:00:00-04:00,3.330232661489659,3.330232661489659,3.2819683551788326,3.281968355178833,13095,0.0,0.0
1988-04-14 00:00:00-04:00,3.281969489342428,3.3302338123321533,3.233705414905975,3.3302338123321533,12690,0.0,0.0
1988-04-15 00:00:00-04:00,3.3302338123321533,3.3302338123321533,3.281969489342428,3.3302338123321533,5400,0.0,0.0
1988-04-18 00:00:00-04:00,3.2819683551788326,3.2819683551788326,3.2819683551788326,3.281968355178833,4455,0.0,0.0
1988-04-19 00:00:00-04:00,3.2819683551788326,3.2819683551788326,3.2819683551788326,3.281968355178833,1755,0.0,0.0
1988-04-20 00:00:00-04:00,3.281970886171696,3.330235229703056,3.1854424476623535,3.1854424476623535,27405,0.0,0.0
1988-04-21 00:00:00-04:00,3.1854424476623535,3.281970886171696,3.1854424476623535,3.1854424476623535,34425,0.0,0.0
1988-04-22 00:00:00-04:00,3.1854428400828034,3.28197129048366,3.1371787391590797,3.2337071895599365,31320,0.0,0.0
1988-04-25 00:00:00-04:00,3.233707189559936,3.233707189559936,3.233707189559936,3.2337071895599365,540,0.0,0.0
1988-04-26 00:00:00-04:00,3.233704297421193,3.2819683551788326,3.233704297421193,3.281968355178833,3915,0.0,0.0
1988-04-27 00:00:00-04:00,3.233707189559936,3.233707189559936,3.233707189559936,3.2337071895599365,270,0.0,0.0
1988-04-28 00:00:00-04:00,3.233704297421193,3.2819683551788326,3.233704297421193,3.281968355178833,38340,0.0,0.0
1988-04-29 00:00:00-04:00,3.28197129048366,3.28197129048366,3.233707189559936,3.2337071895599365,26595,0.0,0.0
1988-05-02 00:00:00-04:00,3.233707189559936,3.28197129048366,3.233707189559936,3.2337071895599365,14580,0.0,0.0
1988-05-03 00:00:00-04:00,3.233704297421193,3.2819683551788326,3.233704297421193,3.281968355178833,17145,0.0,0.0
1988-05-04 00:00:00-04:00,3.28197129048366,3.28197129048366,3.233707189559936,3.2337071895599365,6210,0.0,0.0
1988-05-05 00:00:00-04:00,3.233707189559936,3.233707189559936,3.233707189559936,3.2337071895599365,17145,0.0,0.0
1988-05-06 00:00:00-04:00,3.233707189559936,3.233707189559936,3.233707189559936,3.2337071895599365,3375,0.0,0.0
1988-05-09 00:00:00-04:00,3.233707189559936,3.28197129048366,3.233707189559936,3.2337071895599365,4860,0.0,0.0
1988-05-10 00:00:00-04:00,3.233704297421193,3.2819683551788326,3.233704297421193,3.281968355178833,30915,0.0,0.0
1988-05-11 00:00:00-04:00,3.2337063701234467,3.2337063701234467,3.13717794418335,3.1371779441833496,45765,0.0,0.0
1988-05-12 00:00:00-04:00,3.1371783526843715,3.233706791193714,3.088914009153011,3.1854424476623535,9045,0.0,0.0
1988-05-13 00:00:00-04:00,3.088914632797241,3.088914632797241,3.088914632797241,3.088914632797241,2970,0.0,0.0
1988-05-16 00:00:00-04:00,3.088914632797241,3.233707444071255,3.088914632797241,3.088914632797241,1620,0.0,0.0
1988-05-17 00:00:00-04:00,3.088914632797241,3.088914632797241,3.088914632797241,3.088914632797241,5265,0.0,0.0
1988-05-18 00:00:00-04:00,3.0889127950843993,3.137177119645913,3.040648221969605,3.0406482219696045,99225,0.0,0.0
1988-05-19 00:00:00-04:00,3.040648221969605,3.040648221969605,2.9923841459613714,3.0406482219696045,48195,0.0,0.0
1988-05-20 00:00:00-04:00,3.0406477876041706,3.0889123538242305,2.9923837184906006,2.9923837184906006,109620,0.0,0.0
1988-05-23 00:00:00-04:00,2.9923859262456136,3.088914632797241,2.9923859262456136,3.088914632797241,44415,0.0,0.0
1988-05-24 00:00:00-04:00,3.088914632797241,3.088914632797241,3.040650030967999,3.088914632797241,51975,0.0,0.0
1988-05-25 00:00:00-04:00,3.088914632797241,3.088914632797241,2.9923859262456136,3.088914632797241,945,0.0,0.0
1988-05-26 00:00:00-04:00,3.088914632797241,3.088914632797241,3.088914632797241,3.088914632797241,2430,0.0,0.0
1988-05-27 00:00:00-04:00,3.088914632797241,3.088914632797241,3.088914632797241,3.088914632797241,0,0.0,0.0
1988-05-31 00:00:00-04:00,3.088914632797241,3.088914632797241,3.040650030967999,3.088914632797241,36450,0.0,0.0
1988-06-01 00:00:00-04:00,3.088914632797241,3.088914632797241,3.088914632797241,3.088914632797241,0,0.0,0.0
1988-06-02 00:00:00-04:00,3.0889123538242305,3.0889123538242305,2.9923837184906006,2.9923837184906006,5265,0.0,0.0
1988-06-03 00:00:00-04:00,2.992384802201401,3.0406488887941103,2.8958563804626465,2.8958563804626465,45360,0.0,0.0
1988-06-06 00:00:00-04:00,2.8958563804626465,2.8958563804626465,2.8958563804626465,2.8958563804626465,675,0.0,0.0
1988-06-07 00:00:00-04:00,2.895855331710216,3.0406477876041706,2.895855331710216,2.9923837184906006,31590,0.0,0.0
1988-06-08 00:00:00-04:00,2.9923837184906006,2.9923837184906006,2.895855331710216,2.9923837184906006,19035,0.0,0.0
1988-06-09 00:00:00-04:00,2.9923837184906006,2.9923837184906006,2.895855331710216,2.9923837184906006,3915,0.0,0.0
1988-06-10 00:00:00-04:00,2.9923852259219057,2.9923852259219057,2.9441208839416504,2.9441208839416504,16200,0.0,0.0
1988-06-13 00:00:00-04:00,2.9441198213998576,3.040648221969605,2.9441198213998576,3.0406482219696045,32400,0.0,0.0
1988-06-14 00:00:00-04:00,3.040650030967999,3.088914632797241,2.9923859262456136,3.088914632797241,10665,0.0,0.0
1988-06-15 00:00:00-04:00,3.0889127950843993,3.0889127950843993,2.9923841459613714,3.0406482219696045,11880,0.0,0.0
1988-06-16 00:00:00-04:00,3.0406490211365615,3.13717794418335,3.0406490211365615,3.1371779441833496,3105,0.0,0.0
1988-06-17 00:00:00-04:00,3.088914632797241,3.088914632797241,3.040650030967999,3.088914632797241,7020,0.0,0.0
1988-06-20 00:00:00-04:00,3.040648221969605,3.040648221969605,2.9923841459613714,3.0406482219696045,3915,0.0,0.0
1988-06-21 00:00:00-04:00,2.9923837184906006,2.9923837184906006,2.9923837184906006,2.9923837184906006,1350,0.0,0.0
1988-06-22 00:00:00-04:00,2.9923859262456136,3.088914632797241,2.9923859262456136,3.088914632797241,4185,0.0,0.0
1988-06-23 00:00:00-04:00,3.088914632797241,3.1371789860730552,3.088914632797241,3.088914632797241,6750,0.0,0.0
1988-06-24 00:00:00-04:00,3.088914632797241,3.088914632797241,3.088914632797241,3.088914632797241,0,0.0,0.0
1988-06-27 00:00:00-04:00,3.0889127950843993,3.137177119645913,3.040648221969605,3.0406482219696045,6345,0.0,0.0
1988-06-28 00:00:00-04:00,3.0889136069366288,3.1854420328767254,3.0889136069366288,3.1371779441833496,12690,0.0,0.0
1988-06-29 00:00:00-04:00,3.1371783526843715,3.1854424476623535,3.088914009153011,3.1854424476623535,3105,0.0,0.0
1988-06-30 00:00:00-04:00,3.1854420328767254,3.1854420328767254,3.0889136069366288,3.1371779441833496,5400,0.0,0.0
1988-07-01 00:00:00-04:00,3.233707189559936,3.28197129048366,3.233707189559936,3.2337071895599365,9315,0.0,0.0
1988-07-05 00:00:00-04:00,3.233705414905975,3.3302338123321533,3.233705414905975,3.3302338123321533,12420,0.0,0.0
1988-07-06 00:00:00-04:00,3.330232661489659,3.3784967192472988,3.2819683551788326,3.281968355178833,2835,0.0,0.0
1988-07-07 00:00:00-04:00,3.2819683551788326,3.2819683551788326,3.2819683551788326,3.281968355178833,270,0.0,0.0
1988-07-08 00:00:00-04:00,3.2819683551788326,3.330232661489659,3.2819683551788326,3.281968355178833,5940,0.0,0.0
1988-07-11 00:00:00-04:00,3.2819683551788326,3.330232661489659,3.2819683551788326,3.281968355178833,1620,0.0,0.0
1988-07-12 00:00:00-04:00,3.3302338123321533,3.3784978867686064,3.3302338123321533,3.3302338123321533,4050,0.0,0.0
1988-07-13 00:00:00-04:00,3.330234940283384,3.378499031066894,3.2819706009465173,3.3784990310668945,14445,0.0,0.0
1988-07-14 00:00:00-04:00,3.4750277996063232,3.4750277996063232,3.4750277996063232,3.4750277996063232,1350,0.0,0.0
1988-07-15 00:00:00-04:00,3.4750278829713888,3.5232919727087557,3.4267632961273193,3.4267632961273193,2295,0.0,0.0
1988-07-18 00:00:00-04:00,3.4267638493390202,3.5232925415039062,3.4267638493390202,3.5232925415039062,5670,0.0,0.0
1988-07-19 00:00:00-04:00,3.5232918881858466,3.5232918881858466,3.4750277996063232,3.4750277996063232,38475,0.0,0.0
1988-07-20 00:00:00-04:00,3.4750277996063232,3.4750277996063232,3.4750277996063232,3.4750277996063232,1350,0.0,0.0
1988-07-21 00:00:00-04:00,3.4750277996063232,3.4750277996063232,3.4750277996063232,3.4750277996063232,2700,0.0,0.0
1988-07-22 00:00:00-04:00,3.4750277996063232,3.5232918881858466,3.4267632139201094,3.4750277996063232,2970,0.0,0.0
1988-07-25 00:00:00-04:00,3.4750277996063232,3.4750277996063232,3.4267632139201094,3.4750277996063232,29025,0.0,0.0
1988-07-26 00:00:00-04:00,3.4750278829713888,3.4750278829713888,3.4267632961273193,3.4267632961273193,17820,0.0,0.0
1988-07-27 00:00:00-04:00,3.4267632961273193,3.4267632961273193,3.4267632961273193,3.4267632961273193,2970,0.0,0.0
1988-07-28 00:00:00-04:00,3.4267632961273193,3.4267632961273193,3.4267632961273193,3.4267632961273193,945,0.0,0.0
1988-07-29 00:00:00-04:00,3.4267632139201094,3.4750277996063232,3.4267632139201094,3.4750277996063232,9990,0.0,0.0
1988-08-01 00:00:00-04:00,3.4267632961273193,3.4267632961273193,3.4267632961273193,3.4267632961273193,675,0.0,0.0
1988-08-02 00:00:00-04:00,3.4267632961273193,3.4750278829713888,3.4267632961273193,3.4267632961273193,1890,0.0,0.0
1988-08-03 00:00:00-04:00,3.4267632139201094,3.4750277996063232,3.4267632139201094,3.4750277996063232,14310,0.0,0.0
1988-08-04 00:00:00-04:00,3.4750277996063232,3.4750277996063232,3.4267632139201094,3.4750277996063232,8370,0.0,0.0
1988-08-05 00:00:00-04:00,3.4267632961273193,3.4267632961273193,3.4267632961273193,3.4267632961273193,13095,0.0,0.0
1988-08-08 00:00:00-04:00,3.4267632961273193,3.4750278829713888,3.4267632961273193,3.4267632961273193,8505,0.0,0.0
1988-08-09 00:00:00-04:00,3.4267638493390202,3.5232925415039062,3.4267638493390202,3.5232925415039062,5535,0.0,0.0
1988-08-10 00:00:00-04:00,3.4750277996063232,3.4750277996063232,3.4267632139201094,3.4750277996063232,5130,0.0,0.0
1988-08-11 00:00:00-04:00,3.4750278829713888,3.5232919727087557,3.4267632961273193,3.4267632961273193,6210,0.0,0.0
1988-08-12 00:00:00-04:00,3.4267632961273193,3.4750278829713888,3.4267632961273193,3.4267632961273193,3510,0.0,0.0
1988-08-15 00:00:00-04:00,3.4267638493390202,3.5232925415039062,3.4267638493390202,3.5232925415039062,18090,0.0,0.0
1988-08-16 00:00:00-04:00,3.4267632961273193,3.4267632961273193,3.4267632961273193,3.4267632961273193,5400,0.0,0.0
1988-08-17 00:00:00-04:00,3.4267632139201094,3.4750277996063232,3.4267632139201094,3.4750277996063232,5940,0.0,0.0
1988-08-18 00:00:00-04:00,3.4750277996063232,3.4750277996063232,3.4267632139201094,3.4750277996063232,4725,0.0,0.0
1988-08-19 00:00:00-04:00,3.4750278829713888,3.4750278829713888,3.378498957836601,3.4267632961273193,2970,0.0,0.0
1988-08-22 00:00:00-04:00,3.426762209758332,3.426762209758332,3.3302338123321533,3.3302338123321533,10125,0.0,0.0
1988-08-23 00:00:00-04:00,3.3302338123321533,3.426762209758332,3.281969489342428,3.3302338123321533,5400,0.0,0.0
1988-08-24 00:00:00-04:00,3.330234940283384,3.378499031066894,3.330234940283384,3.3784990310668945,5265,0.0,0.0
1988-08-25 00:00:00-04:00,3.378499031066894,3.4267633704037608,3.2819706009465173,3.3784990310668945,180900,0.0,0.0
1988-08-26 00:00:00-04:00,3.3784978867686064,3.426762209758332,3.3302338123321533,3.3302338123321533,20520,0.0,0.0
1988-08-29 00:00:00-04:00,3.330234940283384,3.4267633704037608,3.330234940283384,3.3784990310668945,38475,0.0,0.0
1988-08-30 00:00:00-04:00,3.3784978867686064,3.426762209758332,3.3302338123321533,3.3302338123321533,810,0.0,0.0
1988-08-31 00:00:00-04:00,3.3302338123321533,3.426762209758332,3.3302338123321533,3.3302338123321533,540,0.0,0.0
1988-09-01 00:00:00-04:00,3.3302338123321533,3.3302338123321533,3.3302338123321533,3.3302338123321533,8100,0.0,0.0
1988-09-02 00:00:00-04:00,3.3302338123321533,3.3302338123321533,3.3302338123321533,3.3302338123321533,13905,0.0,0.0
1988-09-06 00:00:00-04:00,3.3302338123321533,3.3784978867686064,3.3302338123321533,3.3302338123321533,2295,0.0,0.0
1988-09-07 00:00:00-04:00,3.3302338123321533,3.3302338123321533,3.3302338123321533,3.3302338123321533,675,0.0,0.0
1988-09-08 00:00:00-04:00,3.330232661489659,3.3784967192472988,3.2819683551788326,3.281968355178833,945,0.0,0.0
1988-09-09 00:00:00-04:00,3.281970886171696,3.330235229703056,3.1854424476623535,3.1854424476623535,18225,0.0,0.0
1988-09-12 00:00:00-04:00,3.1854420328767254,3.281970458816822,3.13717794418335,3.1371779441833496,10800,0.0,0.0
1988-09-13 00:00:00-04:00,3.088914632797241,3.088914632797241,3.088914632797241,3.088914632797241,6750,0.0,0.0
1988-09-14 00:00:00-04:00,3.088914632797241,3.1371789860730552,3.040650030967999,3.088914632797241,21870,0.0,0.0
1988-09-15 00:00:00-04:00,3.0889123538242305,3.0889123538242305,2.9923837184906006,2.9923837184906006,35100,0.0,0.0
1988-09-16 00:00:00-04:00,2.9923837184906006,3.0406477876041706,2.9923837184906006,2.9923837184906006,38610,0.0,0.0
1988-09-19 00:00:00-04:00,3.040648221969605,3.040648221969605,3.040648221969605,3.0406482219696045,4050,0.0,0.0
1988-09-20 00:00:00-04:00,3.040648221969605,3.040648221969605,3.040648221969605,3.0406482219696045,405,0.0,0.0
1988-09-21 00:00:00-04:00,3.040648221969605,3.040648221969605,2.9441198213998576,3.0406482219696045,19575,0.0,0.0
1988-09-22 00:00:00-04:00,3.0406477876041706,3.0406477876041706,2.944119400823786,2.9923837184906006,13500,0.0,0.0
1988-09-23 00:00:00-04:00,2.9923841459613714,3.040648221969605,2.9441198213998576,3.0406482219696045,4725,0.0,0.0
1988-09-26 00:00:00-04:00,3.040648221969605,3.040648221969605,2.9923841459613714,3.0406482219696045,1620,0.0,0.0
1988-09-27 00:00:00-04:00,3.040648221969605,3.040648221969605,3.040648221969605,3.0406482219696045,135,0.0,0.0
1988-09-28 00:00:00-04:00,3.040648221969605,3.040648221969605,2.9923841459613714,3.0406482219696045,5400,0.0,0.0
1988-09-29 00:00:00-04:00,3.040648221969605,3.040648221969605,2.9441198213998576,3.0406482219696045,25785,0.0,0.0
1988-09-30 00:00:00-04:00,3.040648221969605,3.0889127950843993,2.9923841459613714,3.0406482219696045,22275,0.0,0.0
1988-10-03 00:00:00-04:00,3.088914632797241,3.088914632797241,3.088914632797241,3.088914632797241,1350,0.0,0.0
1988-10-04 00:00:00-04:00,2.9923837184906006,2.9923837184906006,2.9923837184906006,2.9923837184906006,270,0.0,0.0
1988-10-05 00:00:00-04:00,2.9923841459613714,3.0889127950843993,2.9923841459613714,3.0406482219696045,20790,0.0,0.0
1988-10-06 00:00:00-04:00,3.040650030967999,3.088914632797241,3.040650030967999,3.088914632797241,4725,0.0,0.0
1988-10-07 00:00:00-04:00,3.040648221969605,3.040648221969605,3.040648221969605,3.0406482219696045,2970,0.0,0.0
1988-10-10 00:00:00-04:00,3.088914632797241,3.233707444071255,3.088914632797241,3.088914632797241,16470,0.0,0.0
1988-10-11 00:00:00-04:00,3.0889116270419006,3.3784967192472988,3.0889116270419006,3.281968355178833,9450,0.0,0.0
1988-10-12 00:00:00-04:00,3.2819683551788326,3.3784967192472988,3.2819683551788326,3.281968355178833,1890,0.0,0.0
1988-10-13 00:00:00-04:00,3.2819706009465173,3.378499031066894,3.2819706009465173,3.3784990310668945,3915,0.0,0.0
1988-10-14 00:00:00-04:00,3.378499031066894,3.378499031066894,3.378499031066894,3.3784990310668945,0,0.0,0.0
1988-10-17 00:00:00-04:00,3.3784967192472988,3.4267610255581253,3.2819683551788326,3.281968355178833,1350,0.0,0.0
1988-10-18 00:00:00-04:00,3.2819683551788326,3.4267610255581253,3.2819683551788326,3.281968355178833,3915,0.0,0.0
1988-10-19 00:00:00-04:00,3.2819683551788326,3.4267610255581253,3.2819683551788326,3.281968355178833,2025,0.0,0.0
1988-10-20 00:00:00-04:00,3.330234868099234,3.4750278829713888,3.330234868099234,3.4267632961273193,31995,0.0,0.0
1988-10-21 00:00:00-04:00,3.378499031066894,3.378499031066894,3.378499031066894,3.3784990310668945,540,0.0,0.0
1988-10-24 00:00:00-04:00,3.378498876787241,3.4750277996063232,3.378498876787241,3.4750277996063232,18225,0.0,0.0
1988-10-25 00:00:00-04:00,3.4750277996063232,3.4750277996063232,3.4750277996063232,3.4750277996063232,1350,0.0,0.0
1988-10-26 00:00:00-04:00,3.4750277996063232,3.4750277996063232,3.378498876787241,3.4750277996063232,23625,0.0,0.0
1988-10-27 00:00:00-04:00,3.378499031066894,3.378499031066894,3.378499031066894,3.3784990310668945,1620,0.0,0.0
1988-10-28 00:00:00-04:00,3.378499031066894,3.378499031066894,3.378499031066894,3.3784990310668945,4050,0.0,0.0
1988-10-31 00:00:00-05:00,3.378499031066894,3.378499031066894,3.378499031066894,3.3784990310668945,1620,0.0,0.0
1988-11-01 00:00:00-05:00,3.378498876787241,3.4750277996063232,3.378498876787241,3.4750277996063232,1080,0.0,0.0
1988-11-02 00:00:00-05:00,3.4750278829713888,3.4750278829713888,3.378498957836601,3.4267632961273193,16200,0.0,0.0
1988-11-03 00:00:00-05:00,3.4267632961273193,3.4267632961273193,3.378498957836601,3.4267632961273193,4455,0.0,0.0
1988-11-04 00:00:00-05:00,3.378499031066894,3.378499031066894,3.378499031066894,3.3784990310668945,2565,0.0,0.0
1988-11-07 00:00:00-05:00,3.378498957836601,3.4267632961273193,3.378498957836601,3.4267632961273193,10125,0.0,0.0
1988-11-08 00:00:00-05:00,3.4267632961273193,3.4267632961273193,3.378498957836601,3.4267632961273193,4590,0.0,0.0
1988-11-09 00:00:00-05:00,3.378499031066894,3.378499031066894,3.378499031066894,3.3784990310668945,2700,0.0,0.0
1988-11-10 00:00:00-05:00,3.378498957836601,3.4750278829713888,3.378498957836601,3.4267632961273193,33210,0.0,0.0
1988-11-11 00:00:00-05:00,3.4267632961273193,3.4750278829713888,3.4267632961273193,3.4267632961273193,7155,0.0,0.0
1988-11-14 00:00:00-05:00,3.4267638493390202,3.5232925415039062,3.4267638493390202,3.5232925415039062,12285,0.0,0.0
1988-11-15 00:00:00-05:00,3.5232925415039062,3.5715568875863495,3.4750284439748547,3.5232925415039062,6075,0.0,0.0
1988-11-16 00:00:00-05:00,3.4750278829713888,3.4750278829713888,3.4267632961273193,3.4267632961273193,3780,0.0,0.0
1988-11-17 00:00:00-05:00,3.4267632961273193,3.571556310999474,3.4267632961273193,3.4267632961273193,33615,0.0,0.0
1988-11-18 00:00:00-05:00,3.4750269732935672,3.5715553760528564,3.4750269732935672,3.5715553760528564,8100,0.0,0.0
1988-11-21 00:00:00-05:00,3.4267632961273193,3.4267632961273193,3.4267632961273193,3.4267632961273193,675,0.0,0.0
1988-11-22 00:00:00-05:00,3.4267638493390202,3.5232925415039062,3.4267638493390202,3.5232925415039062,6480,0.0,0.0
1988-11-23 00:00:00-05:00,3.4750277996063232,3.4750277996063232,3.4750277996063232,3.4750277996063232,540,0.0,0.0
1988-11-25 00:00:00-05:00,3.4267632961273193,3.4267632961273193,3.4267632961273193,3.4267632961273193,2025,0.0,0.0
1988-11-28 00:00:00-05:00,3.4267632961273193,3.4267632961273193,3.4267632961273193,3.4267632961273193,5400,0.0,0.0
1988-11-29 00:00:00-05:00,3.4267632961273193,3.5232919727087557,3.4267632961273193,3.4267632961273193,10530,0.0,0.0
1988-11-30 00:00:00-05:00,3.4267638493390202,3.5232925415039062,3.4267638493390202,3.5232925415039062,2700,0.0,0.0
1988-12-01 00:00:00-05:00,3.5232925415039062,3.5232925415039062,3.4267638493390202,3.5232925415039062,27675,0.0,0.0
1988-12-02 00:00:00-05:00,3.5232919727087557,3.5232919727087557,3.4267632961273193,3.4267632961273193,6750,0.0,0.0
1988-12-05 00:00:00-05:00,3.4777026176452637,3.4777026176452637,3.4777026176452637,3.4777026176452637,4050,0.096296,0.0
1988-12-06 00:00:00-05:00,3.477703418266431,3.624648835631869,3.477703418266431,3.5266854763031006,22950,0.0,0.0
1988-12-07 00:00:00-05:00,3.526686763542393,3.6246501586277633,3.477704687627285,3.5756683349609375,35910,0.0,0.0
1988-12-08 00:00:00-05:00,3.5756650258069835,3.673628330230713,3.477701469135205,3.673628330230713,5940,0.0,0.0
1988-12-09 00:00:00-05:00,3.673631730046307,3.673631730046307,3.477704687627285,3.5756683349609375,27810,0.0,0.0
1988-12-12 00:00:00-05:00,3.5756670298433897,3.6736303891721587,3.5266854763031006,3.5266854763031006,8100,0.0,0.0
1988-12-13 00:00:00-05:00,3.5266854763031006,3.5756670298433897,3.5266854763031006,3.5266854763031006,18225,0.0,0.0
1988-12-14 00:00:00-05:00,3.5266854763031006,3.5756670298433897,3.5266854763031006,3.5266854763031006,15525,0.0,0.0
1988-12-15 00:00:00-05:00,3.5266854763031006,3.5266854763031006,3.5266854763031006,3.5266854763031006,10125,0.0,0.0
1988-12-16 00:00:00-05:00,3.5266854763031006,3.5266854763031006,3.5266854763031006,3.5266854763031006,810,0.0,0.0
1988-12-19 00:00:00-05:00,3.5266854763031006,3.5266854763031006,3.5266854763031006,3.5266854763031006,540,0.0,0.0
1988-12-20 00:00:00-05:00,3.5266854763031006,3.5756670298433897,3.5266854763031006,3.5266854763031006,16200,0.0,0.0
1988-12-21 00:00:00-05:00,3.526684664405505,3.526684664405505,3.4777026176452637,3.4777026176452637,12690,0.0,0.0
1988-12-22 00:00:00-05:00,3.4777026176452637,3.5756662066694824,3.4777026176452637,3.4777026176452637,25515,0.0,0.0
1988-12-23 00:00:00-05:00,3.4777026176452637,3.4777026176452637,3.4777026176452637,3.4777026176452637,1080,0.0,0.0
1988-12-27 00:00:00-05:00,3.4777026176452637,3.4777026176452637,3.4777026176452637,3.4777026176452637,1485,0.0,0.0
1988-12-28 00:00:00-05:00,3.4777026176452637,3.526684664405505,3.4777026176452637,3.4777026176452637,1890,0.0,0.0
1988-12-29 00:00:00-05:00,3.4777026176452637,3.4777026176452637,3.4777026176452637,3.4777026176452637,0,0.0,0.0
1988-12-30 00:00:00-05:00,3.4777026176452637,3.526684664405505,3.4777026176452637,3.4777026176452637,24570,0.0,0.0
1989-01-03 00:00:00-05:00,3.4777026176452637,3.4777026176452637,3.4777026176452637,3.4777026176452637,0,0.0,0.0
1989-01-04 00:00:00-05:00,3.4777034728939413,3.5266855317000174,3.428721666336059,3.4287216663360596,18630,0.0,0.0
1989-01-05 00:00:00-05:00,3.428721666336059,3.428721666336059,3.428721666336059,3.4287216663360596,1080,0.0,0.0
1989-01-06 00:00:00-05:00,3.428721666336059,3.428721666336059,3.428721666336059,3.4287216663360596,0,0.0,0.0
1989-01-09 00:00:00-05:00,3.428721666336059,3.428721666336059,3.428721666336059,3.4287216663360596,0,0.0,0.0
1989-01-10 00:00:00-05:00,3.428721666336059,3.428721666336059,3.428721666336059,3.4287216663360596,16335,0.0,0.0
1989-01-11 00:00:00-05:00,3.428721666336059,3.4777034728939413,3.428721666336059,3.4287216663360596,5400,0.0,0.0
1989-01-12 00:00:00-05:00,3.428721666336059,3.4777034728939413,3.428721666336059,3.4287216663360596,29835,0.0,0.0
1989-01-13 00:00:00-05:00,3.4287216124779514,3.5266854763031006,3.4287216124779514,3.5266854763031006,1620,0.0,0.0
1989-01-16 00:00:00-05:00,3.5266854763031006,3.5266854763031006,3.4287216124779514,3.5266854763031006,5535,0.0,0.0
1989-01-17 00:00:00-05:00,3.428721666336059,3.428721666336059,3.428721666336059,3.4287216663360596,135,0.0,0.0
1989-01-18 00:00:00-05:00,3.428721666336059,3.428721666336059,3.428721666336059,3.4287216663360596,675,0.0,0.0
1989-01-19 00:00:00-05:00,3.4287208231331543,3.526684664405505,3.4287208231331543,3.4777026176452637,12555,0.0,0.0
1989-01-20 00:00:00-05:00,3.428721666336059,3.428721666336059,3.428721666336059,3.4287216663360596,8775,0.0,0.0
1989-01-23 00:00:00-05:00,3.4287208231331543,3.4777026176452637,3.4287208231331543,3.4777026176452637,34425,0.0,0.0
1989-01-24 00:00:00-05:00,3.3307573795318604,3.3307573795318604,3.3307573795318604,3.3307573795318604,1755,0.0,0.0
1989-01-25 00:00:00-05:00,3.37973952293396,3.37973952293396,3.37973952293396,3.37973952293396,1080,0.0,0.0
1989-01-26 00:00:00-05:00,3.37973952293396,3.37973952293396,3.37973952293396,3.37973952293396,0,0.0,0.0
1989-01-27 00:00:00-05:00,3.3797392808691766,3.4777026176452637,3.3797392808691766,3.4777026176452637,15120,0.0,0.0
1989-01-30 00:00:00-05:00,3.4777026176452637,3.4777026176452637,3.4287208231331543,3.4777026176452637,58320,0.0,0.0
1989-01-31 00:00:00-05:00,3.4777034728939413,3.5266855317000174,3.428721666336059,3.4287216663360596,17820,0.0,0.0
1989-02-01 00:00:00-05:00,3.428721666336059,3.4777034728939413,3.428721666336059,3.4287216663360596,24165,0.0,0.0
1989-02-02 00:00:00-05:00,3.428721666336059,3.428721666336059,3.428721666336059,3.4287216663360596,5400,0.0,0.0
1989-02-03 00:00:00-05:00,3.428721666336059,3.428721666336059,3.428721666336059,3.4287216663360596,10665,0.0,0.0
1989-02-06 00:00:00-05:00,3.428721666336059,3.428721666336059,3.428721666336059,3.4287216663360596,0,0.0,0.0
1989-02-07 00:00:00-05:00,3.428721666336059,3.428721666336059,3.428721666336059,3.4287216663360596,945,0.0,0.0
1989-02-08 00:00:00-05:00,3.4777026176452637,3.4777026176452637,3.4777026176452637,3.4777026176452637,540,0.0,0.0
1989-02-09 00:00:00-05:00,3.4777026176452637,3.4777026176452637,3.4287208231331543,3.4777026176452637,10935,0.0,0.0
1989-02-10 00:00:00-05:00,3.5266854763031006,3.5266854763031006,3.5266854763031006,3.5266854763031006,4590,0.0,0.0
1989-02-13 00:00:00-05:00,3.5266855317000174,3.5266855317000174,3.428721666336059,3.4287216663360596,17280,0.0,0.0
1989-02-14 00:00:00-05:00,3.428721666336059,3.428721666336059,3.428721666336059,3.4287216663360596,270,0.0,0.0
1989-02-15 00:00:00-05:00,3.4287216124779514,3.5266854763031006,3.4287216124779514,3.5266854763031006,2835,0.0,0.0
1989-02-16 00:00:00-05:00,3.5266854763031006,3.5266854763031006,3.4287216124779514,3.5266854763031006,9315,0.0,0.0
1989-02-17 00:00:00-05:00,3.5266855317000174,3.5266855317000174,3.428721666336059,3.4287216663360596,4860,0.0,0.0
1989-02-21 00:00:00-05:00,3.428721666336059,3.428721666336059,3.428721666336059,3.4287216663360596,3645,0.0,0.0
1989-02-22 00:00:00-05:00,3.428722863960459,3.575668334960937,3.428722863960459,3.5756683349609375,14445,0.0,0.0
1989-02-23 00:00:00-05:00,3.5266854763031006,3.5266854763031006,3.477703418266431,3.5266854763031006,11610,0.0,0.0
1989-02-24 00:00:00-05:00,3.526686763542393,3.575668334960937,3.477704687627285,3.5756683349609375,19575,0.0,0.0
1989-02-27 00:00:00-05:00,3.575668334960937,3.575668334960937,3.526686763542393,3.5756683349609375,2160,0.0,0.0
1989-02-28 00:00:00-05:00,3.5756662066694824,3.624648001181592,3.4287208231331543,3.4777026176452637,3510,0.0,0.0
1989-03-01 00:00:00-05:00,3.4777034728939413,3.6246488925675875,3.428721666336059,3.4287216663360596,5400,0.0,0.0
1989-03-02 00:00:00-05:00,3.428721666336059,3.4777034728939413,3.428721666336059,3.4287216663360596,9450,0.0,0.0
1989-03-03 00:00:00-05:00,3.428721666336059,3.428721666336059,3.428721666336059,3.4287216663360596,1350,0.0,0.0
1989-03-06 00:00:00-05:00,3.428721666336059,3.428721666336059,3.428721666336059,3.4287216663360596,0,0.0,0.0
1989-03-07 00:00:00-05:00,3.428721666336059,3.428721666336059,3.428721666336059,3.4287216663360596,675,0.0,0.0
1989-03-08 00:00:00-05:00,3.428721666336059,3.428721666336059,3.428721666336059,3.4287216663360596,27135,0.0,0.0
1989-03-09 00:00:00-05:00,3.4287216124779514,3.5266854763031006,3.4287216124779514,3.5266854763031006,13905,0.0,0.0
1989-03-10 00:00:00-05:00,3.5266854763031006,3.5266854763031006,3.5266854763031006,3.5266854763031006,6750,0.0,0.0
1989-03-13 00:00:00-05:00,3.526686763542393,3.575668334960937,3.477704687627285,3.5756683349609375,8775,0.0,0.0
1989-03-14 00:00:00-05:00,3.5266854763031006,3.5266854763031006,3.477703418266431,3.5266854763031006,9180,0.0,0.0
1989-03-15 00:00:00-05:00,3.5266854763031006,3.5266854763031006,3.5266854763031006,3.5266854763031006,0,0.0,0.0
1989-03-16 00:00:00-05:00,3.5266854763031006,3.5266854763031006,3.477703418266431,3.5266854763031006,25380,0.0,0.0
1989-03-17 00:00:00-05:00,3.477702866726409,3.477702866726409,3.37973952293396,3.37973952293396,3645,0.0,0.0
1989-03-20 00:00:00-05:00,3.3797391724730086,3.3797391724730086,3.3307573795318604,3.3307573795318604,15660,0.0,0.0
1989-03-21 00:00:00-05:00,3.3307573795318604,3.3307573795318604,3.3307573795318604,3.3307573795318604,135,0.0,0.0
1989-03-22 00:00:00-05:00,3.3307574863570673,3.4777026176452637,3.3307574863570673,3.4777026176452637,2295,0.0,0.0
1989-03-23 00:00:00-05:00,3.4777026176452637,3.4777026176452637,3.4777026176452637,3.4777026176452637,0,0.0,0.0
1989-03-27 00:00:00-05:00,3.3307573795318604,3.3307573795318604,3.3307573795318604,3.3307573795318604,405,0.0,0.0
1989-03-28 00:00:00-05:00,3.3307573795318604,3.3307573795318604,3.3307573795318604,3.3307573795318604,2700,0.0,0.0
1989-03-29 00:00:00-05:00,3.3307573795318604,3.3307573795318604,3.3307573795318604,3.3307573795318604,2700,0.0,0.0
1989-03-30 00:00:00-05:00,3.3307573795318604,3.477702506107182,3.3307573795318604,3.3307573795318604,4725,0.0,0.0
1989-03-31 00:00:00-05:00,3.4777026176452637,3.4777026176452637,3.4777026176452637,3.4777026176452637,2700,0.0,0.0
1989-04-03 00:00:00-04:00,3.428720713166033,3.428720713166033,3.3307573795318604,3.3307573795318604,3915,0.0,0.0
1989-04-04 00:00:00-04:00,3.3307573795318604,3.3307573795318604,3.3307573795318604,3.3307573795318604,2700,0.0,0.0
1989-04-05 00:00:00-04:00,3.3307573795318604,3.3797391724730086,3.3307573795318604,3.3307573795318604,1620,0.0,0.0
1989-04-06 00:00:00-04:00,3.3307574863570673,3.4777026176452637,3.3307574863570673,3.4777026176452637,32535,0.0,0.0
1989-04-07 00:00:00-04:00,3.477702866726409,3.526684916994858,3.330757724913661,3.37973952293396,60480,0.0,0.0
1989-04-10 00:00:00-04:00,3.37973952293396,3.526684916994858,3.37973952293396,3.37973952293396,7695,0.0,0.0
1989-04-11 00:00:00-04:00,3.379740058937662,3.5266854763031006,3.379740058937662,3.5266854763031006,1890,0.0,0.0
1989-04-12 00:00:00-04:00,3.5266854763031006,3.5266854763031006,3.5266854763031006,3.5266854763031006,945,0.0,0.0
1989-04-13 00:00:00-04:00,3.526684664405505,3.526684664405505,3.4287208231331543,3.4777026176452637,17820,0.0,0.0
1989-04-14 00:00:00-04:00,3.477703418266431,3.5266854763031006,3.4287216124779514,3.5266854763031006,20115,0.0,0.0
1989-04-17 00:00:00-04:00,3.5266854763031006,3.5756670298433897,3.477703418266431,3.5266854763031006,25785,0.0,0.0
1989-04-18 00:00:00-04:00,3.5266854763031006,3.5266854763031006,3.477703418266431,3.5266854763031006,7425,0.0,0.0
1989-04-19 00:00:00-04:00,3.526686763542393,3.575668334960937,3.477704687627285,3.5756683349609375,5670,0.0,0.0
1989-04-20 00:00:00-04:00,3.5756662066694824,3.5756662066694824,3.4777026176452637,3.4777026176452637,63045,0.0,0.0
1989-04-21 00:00:00-04:00,3.4777026176452637,3.4777026176452637,3.4777026176452637,3.4777026176452637,0,0.0,0.0
1989-04-24 00:00:00-04:00,3.477704687627285,3.575668334960937,3.477704687627285,3.5756683349609375,28350,0.0,0.0
1989-04-25 00:00:00-04:00,3.4777026176452637,3.4777026176452637,3.4777026176452637,3.4777026176452637,1350,0.0,0.0
1989-04-26 00:00:00-04:00,3.4777026176452637,3.5756662066694824,3.4777026176452637,3.4777026176452637,2025,0.0,0.0
1989-04-27 00:00:00-04:00,3.4777026176452637,3.4777026176452637,3.4777026176452637,3.4777026176452637,0,0.0,0.0
1989-04-28 00:00:00-04:00,3.575668334960937,3.575668334960937,3.575668334960937,3.5756683349609375,135,0.0,0.0
1989-05-01 00:00:00-04:00,3.37973952293396,3.37973952293396,3.37973952293396,3.37973952293396,675,0.0,0.0
1989-05-02 00:00:00-04:00,3.37973952293396,3.37973952293396,3.37973952293396,3.37973952293396,270,0.0,0.0
1989-05-03 00:00:00-04:00,3.37973952293396,3.37973952293396,3.37973952293396,3.37973952293396,2700,0.0,0.0
1989-05-04 00:00:00-04:00,3.37973952293396,3.37973952293396,3.37973952293396,3.37973952293396,1620,0.0,0.0
1989-05-05 00:00:00-04:00,3.3797392808691766,3.526684664405505,3.3797392808691766,3.4777026176452637,7425,0.0,0.0
1989-05-08 00:00:00-04:00,3.4777026176452637,3.4777026176452637,3.4777026176452637,3.4777026176452637,0,0.0,0.0
1989-05-09 00:00:00-04:00,3.37973952293396,3.37973952293396,3.37973952293396,3.37973952293396,1080,0.0,0.0
1989-05-10 00:00:00-04:00,3.379740058937662,3.5266854763031006,3.379740058937662,3.5266854763031006,35910,0.0,0.0
1989-05-11 00:00:00-04:00,3.5266854763031006,3.5266854763031006,3.5266854763031006,3.5266854763031006,675,0.0,0.0
1989-05-12 00:00:00-04:00,3.37973952293396,3.37973952293396,3.37973952293396,3.37973952293396,1485,0.0,0.0
1989-05-15 00:00:00-04:00,3.4777026176452637,3.4777026176452637,3.4777026176452637,3.4777026176452637,1350,0.0,0.0
1989-05-16 00:00:00-04:00,3.37973952293396,3.37973952293396,3.37973952293396,3.37973952293396,1620,0.0,0.0
1989-05-17 00:00:00-04:00,3.428721666336059,3.4777034728939413,3.428721666336059,3.4287216663360596,1755,0.0,0.0
1989-05-18 00:00:00-04:00,3.37973952293396,3.37973952293396,3.37973952293396,3.37973952293396,675,0.0,0.0
1989-05-19 00:00:00-04:00,3.37973952293396,3.37973952293396,3.37973952293396,3.37973952293396,1350,0.0,0.0
1989-05-22 00:00:00-04:00,3.37973952293396,3.37973952293396,3.37973952293396,3.37973952293396,2025,0.0,0.0
1989-05-23 00:00:00-04:00,3.37973952293396,3.37973952293396,3.37973952293396,3.37973952293396,0,0.0,0.0
1989-05-24 00:00:00-04:00,3.4777026176452637,3.4777026176452637,3.4777026176452637,3.4777026176452637,2430,0.0,0.0
1989-05-25 00:00:00-04:00,3.428721666336059,3.428721666336059,3.428721666336059,3.4287216663360596,27000,0.0,0.0
1989-05-26 00:00:00-04:00,3.4287208231331543,3.4777026176452637,3.3797392808691766,3.4777026176452637,405,0.0,0.0
1989-05-30 00:00:00-04:00,3.4287210687061096,3.4287210687061096,3.37973952293396,3.37973952293396,1890,0.0,0.0
1989-05-31 00:00:00-04:00,3.37973952293396,3.37973952293396,3.37973952293396,3.37973952293396,135,0.0,0.0
1989-06-01 00:00:00-04:00,3.37973952293396,3.37973952293396,3.37973952293396,3.37973952293396,135,0.0,0.0
1989-06-02 00:00:00-04:00,3.428721666336059,3.4777034728939413,3.428721666336059,3.4287216663360596,29835,0.0,0.0
1989-06-05 00:00:00-04:00,3.428721666336059,3.428721666336059,3.3797401120263713,3.4287216663360596,20250,0.0,0.0
1989-06-06 00:00:00-04:00,3.37973952293396,3.37973952293396,3.37973952293396,3.37973952293396,405,0.0,0.0
1989-06-07 00:00:00-04:00,3.4777026176452637,3.4777026176452637,3.4777026176452637,3.4777026176452637,405,0.0,0.0
1989-06-08 00:00:00-04:00,3.37973952293396,3.37973952293396,3.37973952293396,3.37973952293396,3105,0.0,0.0
1989-06-09 00:00:00-04:00,3.37973952293396,3.37973952293396,3.37973952293396,3.37973952293396,2160,0.0,0.0
1989-06-12 00:00:00-04:00,3.3797392808691766,3.4777026176452637,3.3797392808691766,3.4777026176452637,11340,0.0,0.0
1989-06-13 00:00:00-04:00,3.477702866726409,3.477702866726409,3.37973952293396,3.37973952293396,18360,0.0,0.0
1989-06-14 00:00:00-04:00,3.3797392808691766,3.4777026176452637,3.3307574863570673,3.4777026176452637,945,0.0,0.0
1989-06-15 00:00:00-04:00,3.4777026176452637,3.4777026176452637,3.4777026176452637,3.4777026176452637,0,0.0,0.0
1989-06-16 00:00:00-04:00,3.4777034728939413,3.4777034728939413,3.3797401120263713,3.4287216663360596,105300,0.0,0.0
1989-06-19 00:00:00-04:00,3.37973952293396,3.37973952293396,3.37973952293396,3.37973952293396,2430,0.0,0.0
1989-06-20 00:00:00-04:00,3.37973952293396,3.477702866726409,3.37973952293396,3.37973952293396,18360,0.0,0.0
1989-06-21 00:00:00-04:00,3.3797392808691766,3.4777026176452637,3.3797392808691766,3.4777026176452637,5805,0.0,0.0
1989-06-22 00:00:00-04:00,3.477702866726409,3.477702866726409,3.37973952293396,3.37973952293396,12960,0.0,0.0
1989-06-23 00:00:00-04:00,3.37973952293396,3.37973952293396,3.37973952293396,3.37973952293396,0,0.0,0.0
1989-06-26 00:00:00-04:00,3.3797401120263713,3.428721666336059,3.3797401120263713,3.4287216663360596,2295,0.0,0.0
1989-06-27 00:00:00-04:00,3.4287210687061096,3.477702866726409,3.37973952293396,3.37973952293396,40500,0.0,0.0
1989-06-28 00:00:00-04:00,3.3797392808691766,3.4777026176452637,3.3797392808691766,3.4777026176452637,64935,0.0,0.0
1989-06-29 00:00:00-04:00,3.428720713166033,3.428720713166033,3.3307573795318604,3.3307573795318604,87480,0.0,0.0
1989-06-30 00:00:00-04:00,3.3307587036435753,3.428722076222163,3.281777143478393,3.2817771434783936,53055,0.0,0.0
1989-07-03 00:00:00-04:00,3.281777143478393,3.281777143478393,3.281777143478393,3.2817771434783936,405,0.0,0.0
1989-07-05 00:00:00-04:00,3.281776751158801,3.428721666336059,3.281776751158801,3.4287216663360596,945,0.0,0.0
1989-07-06 00:00:00-04:00,3.428722076222163,3.428722076222163,3.281777143478393,3.2817771434783936,3510,0.0,0.0
1989-07-07 00:00:00-04:00,3.428721666336059,3.428721666336059,3.428721666336059,3.4287216663360596,405,0.0,0.0
1989-07-10 00:00:00-04:00,3.428721666336059,3.428721666336059,3.428721666336059,3.4287216663360596,540,0.0,0.0
1989-07-11 00:00:00-04:00,3.428720713166033,3.428720713166033,3.281775838838836,3.3307573795318604,14040,0.0,0.0
1989-07-12 00:00:00-04:00,3.3307573795318604,3.428720713166033,3.281775838838836,3.3307573795318604,67230,0.0,0.0
1989-07-13 00:00:00-04:00,3.33075969952016,3.82057721336196,3.33075969952016,3.72261381149292,511515,0.0,0.0
1989-07-14 00:00:00-04:00,3.820577831461424,4.1144688413596215,3.820577831461424,3.9675233364105225,50625,0.0,0.0
1989-07-17 00:00:00-04:00,4.016501426696777,4.065482708440337,4.016501426696777,4.016501426696777,2700,0.0,0.0
1989-07-18 00:00:00-04:00,3.9675201472696235,3.9675201472696235,3.820574760437012,3.8205747604370117,19035,0.0,0.0
1989-07-19 00:00:00-04:00,3.8205734129903317,3.8695554435742694,3.673628330230713,3.673628330230713,19305,0.0,0.0
1989-07-20 00:00:00-04:00,3.673628330230713,3.77159213915054,3.673628330230713,3.673628330230713,5670,0.0,0.0
1989-07-21 00:00:00-04:00,3.67363198443425,3.72261381149292,3.67363198443425,3.72261381149292,7020,0.0,0.0
1989-07-24 00:00:00-04:00,3.6246480941772456,3.6246480941772456,3.526684754887766,3.624648094177246,10530,0.0,0.0
1989-07-25 00:00:00-04:00,3.6246480941772456,3.6246480941772456,3.6246480941772456,3.624648094177246,135,0.0,0.0
1989-07-26 00:00:00-04:00,3.5266854763031006,3.5266854763031006,3.5266854763031006,3.5266854763031006,2700,0.0,0.0
1989-07-27 00:00:00-04:00,3.5266854763031006,3.5266854763031006,3.5266854763031006,3.5266854763031006,0,0.0,0.0
1989-07-28 00:00:00-04:00,3.575668334960937,3.722613553713133,3.575668334960937,3.5756683349609375,4995,0.0,0.0
1989-07-31 00:00:00-04:00,3.575668334960937,3.722613553713133,3.575668334960937,3.5756683349609375,6885,0.0,0.0
1989-08-01 00:00:00-04:00,3.57566858256521,3.72261381149292,3.57566858256521,3.72261381149292,14040,0.0,0.0
1989-08-02 00:00:00-04:00,3.7226101085666023,3.77159213915054,3.6246468041428725,3.673628330230713,10260,0.0,0.0
1989-08-03 00:00:00-04:00,3.869558572769165,3.869558572769165,3.869558572769165,3.869558572769165,1350,0.0,0.0
1989-08-04 00:00:00-04:00,3.86955680829602,3.86955680829602,3.673629625852538,3.8205747604370117,27405,0.0,0.0
1989-08-07 00:00:00-04:00,3.8695560679775616,4.016501426696777,3.8695560679775616,4.016501426696777,23490,0.0,0.0
1989-08-08 00:00:00-04:00,4.016501806881798,4.065483093261719,3.918537720633277,4.065483093261719,19170,0.0,0.0
1989-08-09 00:00:00-04:00,4.065484222258232,4.065484222258232,3.918538808822632,3.918538808822632,2835,0.0,0.0
1989-08-10 00:00:00-04:00,3.9185373497211216,4.016501426696777,3.9185373497211216,4.016501426696777,11205,0.0,0.0
1989-08-11 00:00:00-04:00,4.016501426696777,4.065482708440337,3.9675193882089492,4.016501426696777,20250,0.0,0.0
1989-08-14 00:00:00-04:00,4.016501426696777,4.016501426696777,3.9675193882089492,4.016501426696777,14175,0.0,0.0
1989-08-15 00:00:00-04:00,4.016505423641896,4.016505423641896,3.9675233364105225,3.9675233364105225,3915,0.0,0.0
1989-08-16 00:00:00-04:00,3.9675208655493486,4.016502922276065,3.918538808822632,3.918538808822632,24435,0.0,0.0
1989-08-17 00:00:00-04:00,3.9185373497211216,4.016501426696777,3.9185373497211216,4.016501426696777,17820,0.0,0.0
1989-08-18 00:00:00-04:00,3.918538808822632,3.918538808822632,3.918538808822632,3.918538808822632,1080,0.0,0.0
1989-08-21 00:00:00-04:00,3.9185373497211216,4.016501426696777,3.9185373497211216,4.016501426696777,540,0.0,0.0
1989-08-22 00:00:00-04:00,4.016501426696777,4.016501426696777,3.9185373497211216,4.016501426696777,27135,0.0,0.0
1989-08-23 00:00:00-04:00,4.0165042321916085,4.114467620849609,3.918540086788811,4.114467620849609,23490,0.0,0.0
1989-08-24 00:00:00-04:00,4.114464873132136,4.261410236358643,4.016501549895897,4.261410236358643,19575,0.0,0.0
1989-08-25 00:00:00-04:00,4.2614130260352105,4.2614130260352105,4.114467566612841,4.212430953979492,20655,0.0,0.0
1989-08-28 00:00:00-04:00,4.114467620849609,4.114467620849609,4.114467620849609,4.114467620849609,3645,0.0,0.0
1989-08-29 00:00:00-04:00,4.114465136385979,4.212428465890159,4.065483093261719,4.065483093261719,15525,0.0,0.0
1989-08-30 00:00:00-04:00,4.065484028037058,4.212429434452605,4.065484028037058,4.163447380065918,13770,0.0,0.0
1989-08-31 00:00:00-04:00,4.163448881923774,4.212430953979492,4.114467566612841,4.212430953979492,29160,0.0,0.0
1989-09-01 00:00:00-04:00,4.212430953979492,4.212430953979492,4.114467566612841,4.212430953979492,15120,0.0,0.0
1989-09-05 00:00:00-04:00,4.212428196368377,4.261410236358643,4.114464873132136,4.261410236358643,16335,0.0,0.0
1989-09-06 00:00:00-04:00,4.261410236358643,4.261410236358643,4.163446156378111,4.261410236358643,11340,0.0,0.0
1989-09-07 00:00:00-04:00,4.261410236358643,4.261410236358643,4.261410236358643,4.261410236358643,0,0.0,0.0
1989-09-08 00:00:00-04:00,4.261411488839292,4.261411488839292,4.163447380065918,4.163447380065918,8775,0.0,0.0
1989-09-11 00:00:00-04:00,4.21501959290621,4.363784942232736,4.21501959290621,4.264608383178711,6480,0.096296,0.0
1989-09-12 00:00:00-04:00,4.215019702911377,4.215019702911377,4.215019702911377,4.215019702911377,1350,0.0,0.0
1989-09-13 00:00:00-04:00,4.264609051346034,4.413374423980713,4.264609051346034,4.413374423980713,36180,0.0,0.0
1989-09-14 00:00:00-04:00,4.413373397968386,4.462961673736572,4.363784611454751,4.462961673736572,24705,0.0,0.0
1989-09-15 00:00:00-04:00,4.462962831728388,4.512551631108684,4.363785743713379,4.363785743713379,8910,0.0,0.0
1989-09-18 00:00:00-04:00,4.363784942232736,4.363784942232736,4.264608383178711,4.264608383178711,19170,0.0,0.0
1989-09-19 00:00:00-04:00,4.215021099603777,4.215021099603777,4.115844249725342,4.115844249725342,2295,0.0,0.0
1989-09-20 00:00:00-04:00,4.115842885896254,4.215019702911377,4.115842885896254,4.215019702911377,7290,0.0,0.0
1989-09-21 00:00:00-04:00,4.21501959290621,4.264608383178711,4.165431568751942,4.264608383178711,675,0.0,0.0
1989-09-22 00:00:00-04:00,4.264608494478065,4.264608494478065,4.165431677462942,4.215019702911377,4050,0.0,0.0
1989-09-25 00:00:00-04:00,4.165431976318359,4.165431976318359,4.165431976318359,4.165431976318359,405,0.0,0.0
1989-09-26 00:00:00-04:00,4.165431677462942,4.264608494478065,4.115842885896254,4.215019702911377,46440,0.0,0.0
1989-09-27 00:00:00-04:00,4.21501959290621,4.264608383178711,4.115842778479441,4.264608383178711,7155,0.0,0.0
1989-09-28 00:00:00-04:00,4.264608494478065,4.264608494478065,4.115842885896254,4.215019702911377,18630,0.0,0.0
1989-09-29 00:00:00-04:00,4.21501959290621,4.363784942232736,4.165431568751942,4.264608383178711,90990,0.0,0.0
1989-10-02 00:00:00-04:00,4.264608383178711,4.264608383178711,4.264608383178711,4.264608383178711,2295,0.0,0.0
1989-10-03 00:00:00-04:00,4.264607803081743,4.363784348645193,4.264607803081743,4.314196586608887,30240,0.0,0.0
1989-10-04 00:00:00-04:00,4.314197173451213,4.363784942232736,4.264608383178711,4.264608383178711,12015,0.0,0.0
1989-10-05 00:00:00-04:00,4.363785625938774,4.413374423980713,4.363785625938774,4.413374423980713,10125,0.0,0.0
1989-10-06 00:00:00-04:00,4.413373397968386,4.462961673736572,4.363784611454751,4.462961673736572,39285,0.0,0.0
1989-10-09 00:00:00-04:00,4.462961673736572,4.462961673736572,4.363784611454751,4.462961673736572,5400,0.0,0.0
1989-10-10 00:00:00-04:00,4.4629625118521306,4.611727877839314,4.3637854309454935,4.512551307678223,34155,0.0,0.0
1989-10-11 00:00:00-04:00,4.512550721721434,4.661316068391368,4.512550721721434,4.562139511108398,105975,0.0,0.0
1989-10-12 00:00:00-04:00,4.562138998539574,4.661315544679787,4.562138998539574,4.611726760864258,11070,0.0,0.0
1989-10-13 00:00:00-04:00,4.611726760864258,4.710903817749893,4.562138998539574,4.611726760864258,27000,0.0,0.0
1989-10-16 00:00:00-04:00,4.562140430488979,4.562140430488979,4.363785743713379,4.363785743713379,44955,0.0,0.0
1989-10-17 00:00:00-04:00,4.314196586608887,4.314196586608887,4.264607803081743,4.314196586608887,9855,0.0,0.0
1989-10-18 00:00:00-04:00,4.314197173451213,4.363784942232736,4.264608383178711,4.264608383178711,3510,0.0,0.0
1989-10-19 00:00:00-04:00,4.264608383178711,4.264608383178711,4.264608383178711,4.264608383178711,135,0.0,0.0
1989-10-20 00:00:00-04:00,4.264609166443954,4.363785743713379,4.264609166443954,4.363785743713379,7155,0.0,0.0
1989-10-23 00:00:00-04:00,4.363785743713379,4.363785743713379,4.215020367063658,4.363785743713379,12285,0.0,0.0
1989-10-24 00:00:00-04:00,4.363784942232736,4.363784942232736,4.264608383178711,4.264608383178711,29160,0.0,0.0
1989-10-25 00:00:00-04:00,4.314196586608887,4.314196586608887,4.314196586608887,4.314196586608887,270,0.0,0.0
1989-10-26 00:00:00-04:00,4.314196586608887,4.363784348645193,4.264607803081743,4.314196586608887,38610,0.0,0.0
1989-10-27 00:00:00-04:00,4.314197173451213,4.363784942232736,4.264608383178711,4.264608383178711,4590,0.0,0.0
1989-10-30 00:00:00-05:00,4.264609166443954,4.363785743713379,4.264609166443954,4.363785743713379,18090,0.0,0.0
1989-10-31 00:00:00-05:00,4.363784942232736,4.363784942232736,4.21501959290621,4.264608383178711,17685,0.0,0.0
1989-11-01 00:00:00-05:00,4.264609166443954,4.363785743713379,4.264609166443954,4.363785743713379,58185,0.0,0.0
1989-11-02 00:00:00-05:00,4.363784942232736,4.363784942232736,4.264608383178711,4.264608383178711,4860,0.0,0.0
1989-11-03 00:00:00-05:00,4.2646088004490785,4.363785369207028,4.06625515218764,4.165431976318359,76140,0.0,0.0
1989-11-06 00:00:00-05:00,4.215019702911377,4.264608494478065,4.215019702911377,4.215019702911377,15390,0.0,0.0
1989-11-07 00:00:00-05:00,4.215019679466868,4.264608470757737,3.967077255249023,3.9670772552490234,25110,0.0,0.0
1989-11-08 00:00:00-05:00,4.165431976318359,4.2646088004490785,4.165431976318359,4.165431976318359,8775,0.0,0.0
1989-11-09 00:00:00-05:00,4.165431002145584,4.314196586608887,4.165431002145584,4.314196586608887,12825,0.0,0.0
1989-11-10 00:00:00-05:00,4.165431976318359,4.165431976318359,4.165431976318359,4.165431976318359,1890,0.0,0.0
1989-11-13 00:00:00-05:00,4.215019702911377,4.314197286044753,4.215019702911377,4.215019702911377,28890,0.0,0.0
1989-11-14 00:00:00-05:00,4.21501959290621,4.314197173451213,4.21501959290621,4.264608383178711,33075,0.0,0.0
1989-11-15 00:00:00-05:00,4.2646088004490785,4.314197595573592,4.165431976318359,4.165431976318359,27675,0.0,0.0
1989-11-16 00:00:00-05:00,4.165431976318359,4.165431976318359,4.165431976318359,4.165431976318359,675,0.0,0.0
1989-11-17 00:00:00-05:00,4.165431002145584,4.314196586608887,4.165431002145584,4.314196586608887,10125,0.0,0.0
1989-11-20 00:00:00-05:00,4.314196586608887,4.314196586608887,4.314196586608887,4.314196586608887,0,0.0,0.0
1989-11-21 00:00:00-05:00,4.165431976318359,4.165431976318359,4.165431976318359,4.165431976318359,2700,0.0,0.0
1989-11-22 00:00:00-05:00,4.165431677462942,4.314197286044753,4.165431677462942,4.215019702911377,10800,0.0,0.0
1989-11-24 00:00:00-05:00,4.215019702911377,4.215019702911377,4.215019702911377,4.215019702911377,0,0.0,0.0
1989-11-27 00:00:00-05:00,4.215020005324565,4.314197595573592,4.165431976318359,4.165431976318359,1755,0.0,0.0
1989-11-28 00:00:00-05:00,4.165431568751942,4.264608383178711,4.165431568751942,4.264608383178711,46575,0.0,0.0
1989-11-29 00:00:00-05:00,4.264608383178711,4.264608383178711,4.264608383178711,4.264608383178711,6075,0.0,0.0
1989-11-30 00:00:00-05:00,4.215020005324565,4.215020005324565,4.165431976318359,4.165431976318359,5400,0.0,0.0
1989-12-01 00:00:00-05:00,4.165431976318359,4.165431976318359,4.165431976318359,4.165431976318359,2025,0.0,0.0
1989-12-04 00:00:00-05:00,4.165431976318359,4.165431976318359,4.165431976318359,4.165431976318359,7020,0.0,0.0
1989-12-05 00:00:00-05:00,4.165431976318359,4.165431976318359,4.165431976318359,4.165431976318359,1350,0.0,0.0
1989-12-06 00:00:00-05:00,4.165431976318359,4.2646088004490785,4.165431976318359,4.165431976318359,8775,0.0,0.0
1989-12-07 00:00:00-05:00,4.165431568751942,4.264608383178711,4.165431568751942,4.264608383178711,64935,0.0,0.0
1989-12-08 00:00:00-05:00,4.165431976318359,4.165431976318359,4.165431976318359,4.165431976318359,405,0.0,0.0
1989-12-11 00:00:00-05:00,4.217649459838867,4.217649459838867,4.217649459838867,4.217649459838867,1350,0.096296,0.0
1989-12-12 00:00:00-05:00,4.217651349597899,4.217651349597899,4.167440891265869,4.167440891265869,5670,0.0,0.0
1989-12-13 00:00:00-05:00,4.217649459838867,4.217649459838867,4.217649459838867,4.217649459838867,675,0.0,0.0
1989-12-14 00:00:00-05:00,4.217649459838867,4.318069555786076,4.217649459838867,4.217649459838867,4725,0.0,0.0
1989-12-15 00:00:00-05:00,4.167439605626977,4.167439605626977,4.11722993850708,4.11722993850708,4995,0.0,0.0
1989-12-18 00:00:00-05:00,4.11722993850708,4.167439605626977,4.11722993850708,4.11722993850708,13905,0.0,0.0
1989-12-19 00:00:00-05:00,4.117227426903622,4.117227426903622,4.016806602478027,4.016806602478027,540,0.0,0.0
1989-12-20 00:00:00-05:00,4.016809833222797,4.016809833222797,3.9163897037506104,3.9163897037506104,9315,0.0,0.0
1989-12-21 00:00:00-05:00,3.916390343416034,4.016810489289878,3.866180658340454,3.866180658340454,5805,0.0,0.0
1989-12-22 00:00:00-05:00,3.8661769172835037,4.016806602478027,3.8661769172835037,4.016806602478027,11880,0.0,0.0
1989-12-26 00:00:00-05:00,4.016806602478027,4.016806602478027,4.016806602478027,4.016806602478027,0,0.0,0.0
1989-12-27 00:00:00-05:00,4.016806602478027,4.016806602478027,4.016806602478027,4.016806602478027,1080,0.0,0.0
1989-12-28 00:00:00-05:00,3.866180658340454,3.866180658340454,3.866180658340454,3.866180658340454,2835,0.0,0.0
1989-12-29 00:00:00-05:00,3.815967798233032,3.815967798233032,3.815967798233032,3.8159677982330322,945,0.0,0.0
1990-01-02 00:00:00-05:00,3.9163897037506104,3.9163897037506104,3.9163897037506104,3.9163897037506104,135,0.0,0.0
1990-01-03 00:00:00-05:00,3.9163897037506104,3.9163897037506104,3.9163897037506104,3.9163897037506104,135,0.0,0.0
1990-01-04 00:00:00-05:00,3.815967798233032,3.815967798233032,3.815967798233032,3.8159677982330322,2025,0.0,0.0
1990-01-05 00:00:00-05:00,3.81597019754219,3.916390343416034,3.81597019754219,3.866180658340454,4725,0.0,0.0
1990-01-08 00:00:00-05:00,3.866180979140262,3.966601133346558,3.8159705141757394,3.9666011333465576,3240,0.0,0.0
1990-01-09 00:00:00-05:00,3.966596965987164,4.016806602478027,3.9163865537743665,4.016806602478027,2160,0.0,0.0
1990-01-10 00:00:00-05:00,4.016806602478027,4.016806602478027,3.9163865537743665,4.016806602478027,11475,0.0,0.0
1990-01-11 00:00:00-05:00,3.9163897037506104,3.9163897037506104,3.9163897037506104,3.9163897037506104,1350,0.0,0.0
1990-01-12 00:00:00-05:00,3.9163897037506104,3.9163897037506104,3.866180026875796,3.9163897037506104,7830,0.0,0.0
1990-01-15 00:00:00-05:00,3.866180658340454,3.866180658340454,3.866180658340454,3.866180658340454,3105,0.0,0.0
1990-01-16 00:00:00-05:00,3.815967798233032,3.815967798233032,3.815967798233032,3.8159677982330322,9990,0.0,0.0
1990-01-17 00:00:00-05:00,3.866180658340454,3.916390343416034,3.866180658340454,3.866180658340454,8235,0.0,0.0
1990-01-18 00:00:00-05:00,3.866180658340454,3.866180658340454,3.7657599953181533,3.866180658340454,1350,0.0,0.0
1990-01-19 00:00:00-05:00,3.866178227461234,3.866178227461234,3.7657576275788958,3.8159677982330322,11610,0.0,0.0
1990-01-22 00:00:00-05:00,3.8159689384802857,3.8661793827118385,3.765758752822876,3.765758752822876,8100,0.0,0.0
1990-01-23 00:00:00-05:00,3.7657576275788958,3.815967798233032,3.7657576275788958,3.8159677982330322,14175,0.0,0.0
1990-01-24 00:00:00-05:00,3.8159693542577364,3.8661798039600805,3.715549230575561,3.7155492305755615,6480,0.0,0.0
1990-01-25 00:00:00-05:00,3.715549230575561,3.8159693542577364,3.715549230575561,3.7155492305755615,14175,0.0,0.0
1990-01-26 00:00:00-05:00,3.7155477154988255,3.815967798233032,3.7155477154988255,3.8159677982330322,15795,0.0,0.0
1990-01-29 00:00:00-05:00,3.715549230575561,3.715549230575561,3.715549230575561,3.7155492305755615,3240,0.0,0.0
1990-01-30 00:00:00-05:00,3.715549230575561,3.715549230575561,3.715549230575561,3.7155492305755615,9720,0.0,0.0
1990-01-31 00:00:00-05:00,3.715548825739609,3.8159689384802857,3.665338640082199,3.765758752822876,43470,0.0,0.0
1990-02-01 00:00:00-05:00,3.715549230575561,3.715549230575561,3.665339039447388,3.7155492305755615,5535,0.0,0.0
1990-02-02 00:00:00-05:00,3.6653387546539307,3.6653387546539307,3.6653387546539307,3.6653387546539307,135,0.0,0.0
1990-02-05 00:00:00-05:00,3.6653387546539307,3.6653387546539307,3.6653387546539307,3.6653387546539307,2295,0.0,0.0
1990-02-06 00:00:00-05:00,3.665339039447388,3.715549230575561,3.665339039447388,3.7155492305755615,7155,0.0,0.0
1990-02-07 00:00:00-05:00,3.6653387546539307,3.6653387546539307,3.6653387546539307,3.6653387546539307,540,0.0,0.0
1990-02-08 00:00:00-05:00,3.6653387546539307,3.6653387546539307,3.6653387546539307,3.6653387546539307,0,0.0,0.0
1990-02-09 00:00:00-05:00,3.6653387546539307,3.7155489418808183,3.6653387546539307,3.6653387546539307,12825,0.0,0.0
1990-02-12 00:00:00-05:00,3.6653387546539307,3.765758870533555,3.6653387546539307,3.6653387546539307,1890,0.0,0.0
1990-02-13 00:00:00-05:00,3.715549230575561,3.715549230575561,3.715549230575561,3.7155492305755615,3375,0.0,0.0
1990-02-14 00:00:00-05:00,3.6653387546539307,3.6653387546539307,3.6653387546539307,3.6653387546539307,675,0.0,0.0
1990-02-15 00:00:00-05:00,3.665338640082199,3.765758752822876,3.665338640082199,3.765758752822876,25245,0.0,0.0
1990-02-16 00:00:00-05:00,3.765758870533555,3.765758870533555,3.6653387546539307,3.6653387546539307,27810,0.0,0.0
1990-02-20 00:00:00-05:00,3.6653387546539307,3.765758870533555,3.6653387546539307,3.6653387546539307,5265,0.0,0.0
1990-02-21 00:00:00-05:00,3.6653387546539307,3.6653387546539307,3.6653387546539307,3.6653387546539307,0,0.0,0.0
1990-02-22 00:00:00-05:00,3.6653387546539307,3.6653387546539307,3.6653387546539307,3.6653387546539307,1350,0.0,0.0
1990-02-23 00:00:00-05:00,3.665339039447388,3.715549230575561,3.665339039447388,3.7155492305755615,3240,0.0,0.0
1990-02-26 00:00:00-05:00,3.7155489418808183,3.765758870533555,3.6653387546539307,3.6653387546539307,1620,0.0,0.0
1990-02-27 00:00:00-05:00,3.6653387546539307,3.6653387546539307,3.6653387546539307,3.6653387546539307,1620,0.0,0.0
1990-02-28 00:00:00-05:00,3.665339039447388,3.7657591631295633,3.665339039447388,3.7155492305755615,62640,0.0,0.0
1990-03-01 00:00:00-05:00,3.715549230575561,3.7657591631295633,3.665339039447388,3.7155492305755615,42525,0.0,0.0
1990-03-02 00:00:00-05:00,3.715549230575561,3.715549230575561,3.665339039447388,3.7155492305755615,12825,0.0,0.0
1990-03-05 00:00:00-05:00,3.6653387546539307,3.6653387546539307,3.6653387546539307,3.6653387546539307,945,0.0,0.0
1990-03-06 00:00:00-05:00,3.665339039447388,3.715549230575561,3.665339039447388,3.7155492305755615,1350,0.0,0.0
1990-03-07 00:00:00-05:00,3.7155489418808183,3.7155489418808183,3.6653387546539307,3.6653387546539307,22545,0.0,0.0
1990-03-08 00:00:00-05:00,3.665338640082199,3.765758752822876,3.665338640082199,3.765758752822876,15120,0.0,0.0
1990-03-09 00:00:00-05:00,3.7657591631295633,3.7657591631295633,3.715549230575561,3.7155492305755615,13500,0.0,0.0
1990-03-12 00:00:00-05:00,3.715548825739609,3.765758752822876,3.665338640082199,3.765758752822876,24975,0.0,0.0
1990-03-13 00:00:00-05:00,3.765758752822876,3.765758752822876,3.765758752822876,3.765758752822876,0,0.0,0.0
1990-03-14 00:00:00-05:00,3.7657599953181533,3.866180658340454,3.665339849444309,3.866180658340454,144450,0.0,0.0
1990-03-15 00:00:00-05:00,3.866180658340454,3.866180658340454,3.7657599953181533,3.866180658340454,35910,0.0,0.0
1990-03-16 00:00:00-05:00,3.866180026875796,3.9163897037506104,3.765759380255238,3.9163897037506104,57510,0.0,0.0
1990-03-19 00:00:00-05:00,3.815967798233032,3.815967798233032,3.815967798233032,3.8159677982330322,1755,0.0,0.0
1990-03-20 00:00:00-05:00,3.9163897037506104,3.9163897037506104,3.9163897037506104,3.9163897037506104,1350,0.0,0.0
1990-03-21 00:00:00-05:00,3.9163897037506104,3.9163897037506104,3.8159695742784243,3.9163897037506104,3780,0.0,0.0
1990-03-22 00:00:00-05:00,3.866180658340454,3.866180658340454,3.866180658340454,3.866180658340454,2700,0.0,0.0
1990-03-23 00:00:00-05:00,3.866178227461234,3.9163878809672386,3.815967798233032,3.8159677982330322,27000,0.0,0.0
1990-03-26 00:00:00-05:00,3.8159695742784243,3.9163897037506104,3.8159695742784243,3.9163897037506104,4185,0.0,0.0
1990-03-27 00:00:00-05:00,3.866178227461234,3.866178227461234,3.7155477154988255,3.8159677982330322,46440,0.0,0.0
1990-03-28 00:00:00-05:00,3.815967798233032,3.815967798233032,3.815967798233032,3.8159677982330322,810,0.0,0.0
1990-03-29 00:00:00-05:00,3.8159689384802857,3.8159689384802857,3.715548825739609,3.765758752822876,125550,0.0,0.0
1990-03-30 00:00:00-05:00,3.7657576275788958,3.815967798233032,3.7155477154988255,3.8159677982330322,27540,0.0,0.0
1990-04-02 00:00:00-04:00,3.715549230575561,3.715549230575561,3.715549230575561,3.7155492305755615,405,0.0,0.0
1990-04-03 00:00:00-04:00,3.715549230575561,3.8661798039600805,3.715549230575561,3.7155492305755615,4455,0.0,0.0
1990-04-04 00:00:00-04:00,3.7155486244513387,3.7155486244513387,3.6151285171508785,3.615128517150879,8505,0.0,0.0
1990-04-05 00:00:00-04:00,3.615129106893386,3.715549230575561,3.5147084660628685,3.7155492305755615,18495,0.0,0.0
1990-04-06 00:00:00-04:00,3.715549230575561,3.715549230575561,3.715549230575561,3.7155492305755615,4050,0.0,0.0
1990-04-09 00:00:00-04:00,3.665338441514044,3.665338441514044,3.6151285171508785,3.615128517150879,3645,0.0,0.0
1990-04-10 00:00:00-04:00,3.615128826001194,3.7155489418808183,3.5649183802001554,3.6653387546539307,41310,0.0,0.0
1990-04-11 00:00:00-04:00,3.715549230575561,3.715549230575561,3.715549230575561,3.7155492305755615,135,0.0,0.0
1990-04-12 00:00:00-04:00,3.5649178028106694,3.5649178028106694,3.5649178028106694,3.564917802810669,4725,0.0,0.0
1990-04-16 00:00:00-04:00,3.5649178028106694,3.5649178028106694,3.5649178028106694,3.564917802810669,675,0.0,0.0
1990-04-17 00:00:00-04:00,3.5649177435678405,3.6653381000882868,3.5147075653076176,3.514707565307617,18900,0.0,0.0
1990-04-18 00:00:00-04:00,3.514707623716039,3.5649178028106694,3.464497703195518,3.564917802810669,6750,0.0,0.0
1990-04-19 00:00:00-04:00,3.4644980430603027,3.4644980430603027,3.4644980430603027,3.4644980430603027,6750,0.0,0.0
1990-04-20 00:00:00-04:00,3.4644980430603027,3.4644980430603027,3.4142878590400896,3.4644980430603027,4185,0.0,0.0
1990-04-23 00:00:00-04:00,3.464499385357667,3.514709330257257,3.364079236984253,3.364079236984253,16335,0.0,0.0
1990-04-24 00:00:00-04:00,3.364078350722555,3.414288282394409,3.313868160476534,3.414288282394409,35775,0.0,0.0
1990-04-25 00:00:00-04:00,3.414288840175831,3.414288840175831,3.2636587619781494,3.2636587619781494,1485,0.0,0.0
1990-04-26 00:00:00-04:00,3.2636587619781494,3.3640789003013403,3.2636587619781494,3.2636587619781494,3105,0.0,0.0
1990-04-27 00:00:00-04:00,3.2636587619781494,3.2636587619781494,3.2636587619781494,3.2636587619781494,1350,0.0,0.0
1990-04-30 00:00:00-04:00,3.2636587619781494,3.2636587619781494,3.2134485635294494,3.2636587619781494,1755,0.0,0.0
1990-05-01 00:00:00-04:00,3.263657881066253,3.313867807388306,3.213447696170061,3.3138678073883057,2970,0.0,0.0
1990-05-02 00:00:00-04:00,3.313867678101241,3.364077861038535,3.213447570800781,3.2134475708007812,7290,0.0,0.0
1990-05-03 00:00:00-04:00,3.213447570800781,3.2636577537380753,3.1130272049261922,3.2134475708007812,28485,0.0,0.0
1990-05-04 00:00:00-04:00,3.2134485635294494,3.2636587619781494,3.11302816663205,3.2636587619781494,7290,0.0,0.0
1990-05-07 00:00:00-04:00,3.2636577537380753,3.2636577537380753,3.1632371292893575,3.2134475708007812,4725,0.0,0.0
1990-05-08 00:00:00-04:00,3.1632368564605717,3.1632368564605717,3.1632368564605717,3.1632368564605713,5400,0.0,0.0
1990-05-09 00:00:00-04:00,3.2636587619781494,3.2636587619781494,3.2636587619781494,3.2636587619781494,8370,0.0,0.0
1990-05-10 00:00:00-04:00,3.1632368564605717,3.1632368564605717,3.1632368564605717,3.1632368564605713,5400,0.0,0.0
1990-05-11 00:00:00-04:00,3.1632381065065407,3.2636587619781494,3.1632381065065407,3.2636587619781494,945,0.0,0.0
1990-05-14 00:00:00-04:00,3.2636587619781494,3.2636587619781494,3.1632381065065407,3.2636587619781494,2835,0.0,0.0
1990-05-15 00:00:00-04:00,3.2636574722480236,3.2636574722480236,3.1632368564605717,3.1632368564605713,4050,0.0,0.0
1990-05-16 00:00:00-04:00,3.1632371292893575,3.213447570800781,3.1632371292893575,3.2134475708007812,4725,0.0,0.0
1990-05-17 00:00:00-04:00,3.213447570800781,3.313867678101241,3.213447570800781,3.2134475708007812,405,0.0,0.0
1990-05-18 00:00:00-04:00,3.213447570800781,3.213447570800781,3.1632371292893575,3.2134475708007812,4725,0.0,0.0
1990-05-21 00:00:00-04:00,3.213447293641351,3.2636574722480236,3.1632368564605717,3.1632368564605713,17280,0.0,0.0
1990-05-22 00:00:00-04:00,3.1632368564605717,3.2636574722480236,3.1632368564605717,3.1632368564605713,810,0.0,0.0
1990-05-23 00:00:00-04:00,3.1632368564605717,3.2636574722480236,3.1632368564605717,3.1632368564605713,19980,0.0,0.0
1990-05-24 00:00:00-04:00,3.1632368564605717,3.1632368564605717,3.1130269364280054,3.1632368564605713,7425,0.0,0.0
1990-05-25 00:00:00-04:00,3.113029175853031,3.113029175853031,3.0126090049743652,3.0126090049743652,6615,0.0,0.0
1990-05-29 00:00:00-04:00,2.9623971871147714,2.9623971871147714,2.8117666244506836,2.8117666244506836,24840,0.0,0.0
1990-05-30 00:00:00-04:00,2.8117663008620397,2.8117663008620397,2.309665258821215,2.359875440597534,87075,0.0,0.0
1990-05-31 00:00:00-04:00,2.3598767183141405,2.510507345199585,2.108826061366461,2.510507345199585,76410,0.0,0.0
1990-06-01 00:00:00-04:00,2.510506163685432,2.711346387863159,2.460295719779788,2.711346387863159,14040,0.0,0.0
1990-06-04 00:00:00-04:00,2.8117666244506836,2.8117666244506836,2.8117666244506836,2.8117666244506836,1890,0.0,0.0
1990-06-05 00:00:00-04:00,2.711346387863159,2.711346387863159,2.711346387863159,2.711346387863159,2835,0.0,0.0
1990-06-06 00:00:00-04:00,2.7113468874643702,2.8117670180569596,2.7113468874643702,2.7615573406219482,20925,0.0,0.0
1990-06-07 00:00:00-04:00,2.7615573406219487,2.8117670180569596,2.7113468874643702,2.7615573406219482,14310,0.0,0.0
1990-06-08 00:00:00-04:00,2.7615573406219487,2.8117670180569596,2.7113468874643702,2.7615573406219482,13905,0.0,0.0
1990-06-11 00:00:00-04:00,2.7615568317688033,2.912186612040887,2.711346387863159,2.711346387863159,25245,0.0,0.0
1990-06-12 00:00:00-04:00,2.711346507915444,2.9121867409859226,2.711346507915444,2.8117666244506836,35910,0.0,0.0
1990-06-13 00:00:00-04:00,2.8117668879565523,2.9623974647370455,2.7615572128447416,2.8619773387908936,54945,0.0,0.0
1990-06-14 00:00:00-04:00,2.861977070579532,2.9121867409859226,2.8117666244506836,2.8117666244506836,7695,0.0,0.0
1990-06-15 00:00:00-04:00,2.811766653349229,3.062817335128784,2.811766653349229,3.062817335128784,47250,0.0,0.0
1990-06-18 00:00:00-04:00,3.0628173036500104,3.0628173036500104,2.8117666244506836,2.8117666244506836,35100,0.0,0.0
1990-06-19 00:00:00-04:00,2.8619783670281302,2.9623985290527344,2.8619783670281302,2.9623985290527344,14850,0.0,0.0
1990-06-20 00:00:00-04:00,2.9623985290527344,2.9623985290527344,2.9623985290527344,2.9623985290527344,0,0.0,0.0
1990-06-21 00:00:00-04:00,2.8117664999520233,2.8117664999520233,2.711346387863159,2.711346387863159,5400,0.0,0.0
1990-06-22 00:00:00-04:00,2.711346387863159,2.7615568317688033,2.6109262757742955,2.711346387863159,12690,0.0,0.0
1990-06-25 00:00:00-04:00,2.7113465061646074,2.7113465061646074,2.610926389694214,2.610926389694214,1890,0.0,0.0
1990-06-26 00:00:00-04:00,2.6109255426019127,2.711345626491875,2.6109255426019127,2.661135196685791,21195,0.0,0.0
1990-06-27 00:00:00-04:00,2.661135196685791,2.661135196685791,2.661135196685791,2.661135196685791,0,0.0,0.0
1990-06-28 00:00:00-04:00,2.610926389694214,2.610926389694214,2.610926389694214,2.610926389694214,270,0.0,0.0
1990-06-29 00:00:00-04:00,2.610926389694214,2.610926389694214,2.610926389694214,2.610926389694214,4050,0.0,0.0
1990-07-02 00:00:00-04:00,2.610926389694214,2.610926389694214,2.610926389694214,2.610926389694214,540,0.0,0.0
1990-07-03 00:00:00-04:00,2.711346387863159,2.711346387863159,2.711346387863159,2.711346387863159,3375,0.0,0.0
1990-07-05 00:00:00-04:00,2.7113465061646074,2.7113465061646074,2.610926389694214,2.610926389694214,20520,0.0,0.0
1990-07-06 00:00:00-04:00,2.6109275045489513,2.6611371963622403,2.510507345199585,2.510507345199585,37395,0.0,0.0
1990-07-09 00:00:00-04:00,2.5105062732238204,2.610926389694214,2.5105062732238204,2.610926389694214,14175,0.0,0.0
1990-07-10 00:00:00-04:00,2.510507345199585,2.510507345199585,2.510507345199585,2.510507345199585,270,0.0,0.0
1990-07-11 00:00:00-04:00,2.510506274844966,2.8117666244506836,2.510506274844966,2.8117666244506836,10530,0.0,0.0
1990-07-12 00:00:00-04:00,2.8117663658765544,3.364077861038535,2.761556700087518,3.2134475708007812,106650,0.0,0.0
1990-07-13 00:00:00-04:00,3.2134485635294494,3.3640789003013403,3.1632381065065407,3.2636587619781494,31860,0.0,0.0
1990-07-16 00:00:00-04:00,3.2134478993410105,3.2134478993410105,3.062817335128784,3.062817335128784,20385,0.0,0.0
1990-07-17 00:00:00-04:00,3.0628189611265517,3.2134496053059896,3.0126090049743652,3.0126090049743652,27405,0.0,0.0
1990-07-18 00:00:00-04:00,3.0628170219888977,3.213447570800781,3.0628170219888977,3.2134475708007812,19710,0.0,0.0
1990-07-19 00:00:00-04:00,3.213447293641351,3.213447293641351,3.0126068377887667,3.1632368564605713,18765,0.0,0.0
1990-07-20 00:00:00-04:00,3.113029175853031,3.113029175853031,3.0126090049743652,3.0126090049743652,7425,0.0,0.0
1990-07-23 00:00:00-04:00,3.0126068377887667,3.1632368564605717,3.0126068377887667,3.1632368564605713,1350,0.0,0.0
1990-07-24 00:00:00-04:00,3.0126090049743652,3.0126090049743652,3.0126090049743652,3.0126090049743652,1485,0.0,0.0
1990-07-25 00:00:00-04:00,3.0126090049743652,3.0126090049743652,3.0126090049743652,3.0126090049743652,0,0.0,0.0
1990-07-26 00:00:00-04:00,3.0126087393521717,3.0628186910773385,2.9623985290527344,2.9623985290527344,10800,0.0,0.0
1990-07-27 00:00:00-04:00,3.0126090049743652,3.0126090049743652,3.0126090049743652,3.0126090049743652,2025,0.0,0.0
1990-07-30 00:00:00-04:00,3.0126090049743652,3.0126090049743652,3.0126090049743652,3.0126090049743652,0,0.0,0.0
1990-07-31 00:00:00-04:00,2.9121859073638916,2.9121859073638916,2.9121859073638916,2.9121859073638916,270,0.0,0.0
1990-08-01 00:00:00-04:00,3.0126090049743652,3.0126090049743652,3.0126090049743652,3.0126090049743652,2700,0.0,0.0
1990-08-02 00:00:00-04:00,3.0126090049743652,3.0126090049743652,3.0126090049743652,3.0126090049743652,0,0.0,0.0
1990-08-03 00:00:00-04:00,2.8117666244506836,2.8117666244506836,2.8117666244506836,2.8117666244506836,5400,0.0,0.0
1990-08-06 00:00:00-04:00,2.8117666244506836,2.8117666244506836,2.711346507915444,2.8117666244506836,5805,0.0,0.0
1990-08-07 00:00:00-04:00,2.711345626491875,2.711345626491875,2.661135196685791,2.661135196685791,4185,0.0,0.0
1990-08-08 00:00:00-04:00,2.661135196685791,2.811765710381837,2.661135196685791,2.661135196685791,12960,0.0,0.0
1990-08-09 00:00:00-04:00,2.6611364343067923,2.8117670180569596,2.610926756871781,2.7615573406219482,8775,0.0,0.0
1990-08-10 00:00:00-04:00,2.7113465061646074,2.7113465061646074,2.610926389694214,2.610926389694214,5130,0.0,0.0
1990-08-13 00:00:00-04:00,2.8117663658765544,3.213447570800781,2.8117663658765544,3.2134475708007812,21600,0.0,0.0
1990-08-14 00:00:00-04:00,3.2134496053059896,3.4142899470633212,3.0126090049743652,3.0126090049743652,61290,0.0,0.0
1990-08-15 00:00:00-04:00,3.0126065123017343,3.1130266000914193,2.8117658195742066,2.9121859073638916,21600,0.0,0.0
1990-08-16 00:00:00-04:00,2.9121859073638916,3.0126065123017343,2.8117658195742066,2.9121859073638916,6345,0.0,0.0
1990-08-17 00:00:00-04:00,2.912188316947114,3.0126090049743652,2.8117681460684483,3.0126090049743652,10800,0.0,0.0
1990-08-20 00:00:00-04:00,3.0126087393521717,3.0126087393521717,2.9121880601790275,2.9623985290527344,7020,0.0,0.0
1990-08-21 00:00:00-04:00,3.012607097625732,3.7155486244513387,3.012607097625732,3.615128517150879,56700,0.0,0.0
1990-08-22 00:00:00-04:00,3.615129043378492,3.615129043378492,3.414288282394409,3.414288282394409,62775,0.0,0.0
1990-08-23 00:00:00-04:00,3.414287785401701,3.5147078927021607,3.213447570800781,3.2134475708007812,64665,0.0,0.0
1990-08-24 00:00:00-04:00,3.4142878590400896,3.514707968506382,3.4142878590400896,3.4644980430603027,10665,0.0,0.0
1990-08-27 00:00:00-04:00,3.5147075653076176,3.5147075653076176,3.5147075653076176,3.514707565307617,1350,0.0,0.0
1990-08-28 00:00:00-04:00,3.5147075653076176,3.5147075653076176,3.313867369414935,3.514707565307617,3645,0.0,0.0
1990-08-29 00:00:00-04:00,3.5147075653076176,3.5147075653076176,3.5147075653076176,3.514707565307617,675,0.0,0.0
1990-08-30 00:00:00-04:00,3.5147075653076176,3.5147075653076176,3.5147075653076176,3.514707565307617,0,0.0,0.0
1990-08-31 00:00:00-04:00,3.313867678101241,3.313867678101241,3.213447570800781,3.2134475708007812,3510,0.0,0.0
1990-09-04 00:00:00-04:00,3.1130282878875732,3.1130282878875732,3.1130282878875732,3.1130282878875732,135,0.0,0.0
1990-09-05 00:00:00-04:00,3.1130282878875732,3.1130282878875732,3.1130282878875732,3.1130282878875732,675,0.0,0.0
1990-09-06 00:00:00-04:00,3.263657881066253,3.313867807388306,3.263657881066253,3.3138678073883057,11475,0.0,0.0
1990-09-07 00:00:00-04:00,3.313867678101241,3.313867678101241,3.1130272049261922,3.2134475708007812,13905,0.0,0.0
1990-09-10 00:00:00-04:00,3.313867807388306,3.313867807388306,3.313867807388306,3.3138678073883057,1350,0.0,0.0
1990-09-11 00:00:00-04:00,3.313867807388306,3.313867807388306,3.113027326377677,3.3138678073883057,810,0.0,0.0
1990-09-12 00:00:00-04:00,3.313867807388306,3.313867807388306,3.313867807388306,3.3138678073883057,0,0.0,0.0
1990-09-13 00:00:00-04:00,3.113029175853031,3.113029175853031,3.0126090049743652,3.0126090049743652,6480,0.0,0.0
1990-09-14 00:00:00-04:00,3.062817335128784,3.113027523199526,3.062817335128784,3.062817335128784,4725,0.0,0.0
1990-09-17 00:00:00-04:00,3.0628180874831368,3.1632382297177912,3.0628180874831368,3.1130282878875732,3105,0.0,0.0
1990-09-18 00:00:00-04:00,3.0126090049743652,3.0126090049743652,3.0126090049743652,3.0126090049743652,540,0.0,0.0
1990-09-19 00:00:00-04:00,3.012607097625732,3.213447570800781,3.012607097625732,3.2134475708007812,1080,0.0,0.0
1990-09-20 00:00:00-04:00,3.0126090049743652,3.0126090049743652,3.0126090049743652,3.0126090049743652,6345,0.0,0.0
1990-09-21 00:00:00-04:00,2.9121867409859226,2.9121867409859226,2.8117666244506836,2.8117666244506836,16200,0.0,0.0
1990-09-24 00:00:00-04:00,2.811766622635001,2.811766622635001,2.610926389694214,2.610926389694214,10665,0.0,0.0
1990-09-25 00:00:00-04:00,2.610926389694214,2.610926389694214,2.610926389694214,2.610926389694214,2295,0.0,0.0
1990-09-26 00:00:00-04:00,2.610926389694214,2.610926389694214,2.610926389694214,2.610926389694214,17955,0.0,0.0
1990-09-27 00:00:00-04:00,2.610926389694214,2.610926389694214,2.610926389694214,2.610926389694214,1350,0.0,0.0
1990-09-28 00:00:00-04:00,2.6109263913802048,2.8117666244506836,2.6109263913802048,2.8117666244506836,22545,0.0,0.0
1990-10-01 00:00:00-04:00,2.661136060068182,2.661136060068182,2.610926389694214,2.610926389694214,5400,0.0,0.0
1990-10-02 00:00:00-04:00,2.610926389694214,2.610926389694214,2.610926389694214,2.610926389694214,0,0.0,0.0
1990-10-03 00:00:00-04:00,2.6109263913802048,2.8117666244506836,2.5607159452513564,2.8117666244506836,9045,0.0,0.0
1990-10-04 00:00:00-04:00,2.8117667751646604,3.414288282394409,2.8117667751646604,3.414288282394409,22275,0.0,0.0
1990-10-05 00:00:00-04:00,3.313867678101241,3.313867678101241,3.213447570800781,3.2134475708007812,14850,0.0,0.0
1990-10-08 00:00:00-04:00,3.213447570800781,3.313867678101241,3.213447570800781,3.2134475708007812,7020,0.0,0.0
1990-10-09 00:00:00-04:00,3.1632382297177912,3.1632382297177912,3.1130282878875732,3.1130282878875732,8100,0.0,0.0
1990-10-10 00:00:00-04:00,3.113029175853031,3.2134496053059896,3.0126090049743652,3.0126090049743652,5535,0.0,0.0
1990-10-11 00:00:00-04:00,3.0126090049743652,3.0126090049743652,3.0126090049743652,3.0126090049743652,0,0.0,0.0
1990-10-12 00:00:00-04:00,3.0126090049743652,3.0126090049743652,3.0126090049743652,3.0126090049743652,0,0.0,0.0
1990-10-15 00:00:00-04:00,3.0126090049743652,3.0126090049743652,2.912188316947114,3.0126090049743652,5535,0.0,0.0
1990-10-16 00:00:00-04:00,3.0126090049743652,3.0126090049743652,3.0126090049743652,3.0126090049743652,0,0.0,0.0
1990-10-17 00:00:00-04:00,3.0126090049743652,3.0126090049743652,3.0126090049743652,3.0126090049743652,0,0.0,0.0
1990-10-18 00:00:00-04:00,3.0126090049743652,3.0126090049743652,3.0126090049743652,3.0126090049743652,135,0.0,0.0
1990-10-19 00:00:00-04:00,3.0126090049743652,3.0126090049743652,3.0126090049743652,3.0126090049743652,0,0.0,0.0
1990-10-22 00:00:00-04:00,3.0126090049743652,3.0126090049743652,3.0126090049743652,3.0126090049743652,0,0.0,0.0
1990-10-23 00:00:00-04:00,2.711346387863159,2.711346387863159,2.711346387863159,2.711346387863159,19980,0.0,0.0
1990-10-24 00:00:00-04:00,2.711346387863159,2.711346387863159,2.711346387863159,2.711346387863159,0,0.0,0.0
1990-10-25 00:00:00-04:00,2.610925630003745,2.610925630003745,2.510505542752178,2.5607151985168457,5400,0.0,0.0
1990-10-26 00:00:00-04:00,2.5607151985168453,2.7113457172553117,2.510505542752178,2.5607151985168457,1755,0.0,0.0
1990-10-29 00:00:00-05:00,2.711346507915444,2.8117666244506836,2.711346507915444,2.8117666244506836,2700,0.0,0.0
1990-10-30 00:00:00-05:00,2.8117666244506836,2.8117666244506836,2.8117666244506836,2.8117666244506836,0,0.0,0.0
1990-10-31 00:00:00-05:00,2.9121859073638916,2.9121859073638916,2.9121859073638916,2.9121859073638916,540,0.0,0.0
1990-11-01 00:00:00-05:00,2.711346387863159,2.711346387863159,2.711346387863159,2.711346387863159,1485,0.0,0.0
1990-11-02 00:00:00-05:00,2.711346387863159,2.711346387863159,2.711346387863159,2.711346387863159,0,0.0,0.0
1990-11-05 00:00:00-05:00,2.711346387863159,2.912186612040887,2.711346387863159,2.711346387863159,2430,0.0,0.0
1990-11-06 00:00:00-05:00,2.711346387863159,2.912186612040887,2.711346387863159,2.711346387863159,540,0.0,0.0
1990-11-07 00:00:00-05:00,2.9121859073638916,3.0126065123017343,2.9121859073638916,2.9121859073638916,1890,0.0,0.0
1990-11-08 00:00:00-05:00,2.912188316947114,3.0126090049743652,2.8117681460684483,3.0126090049743652,4860,0.0,0.0
1990-11-09 00:00:00-05:00,3.0126090049743652,3.0126090049743652,3.0126090049743652,3.0126090049743652,0,0.0,0.0
1990-11-12 00:00:00-05:00,3.0126073746694675,3.1130274912047065,2.8117666244506836,2.8117666244506836,2970,0.0,0.0
1990-11-13 00:00:00-05:00,3.0126090049743652,3.313869776184655,3.0126090049743652,3.0126090049743652,1620,0.0,0.0
1990-11-14 00:00:00-05:00,3.1130272049261922,3.313867678101241,3.1130272049261922,3.2134475708007812,19980,0.0,0.0
1990-11-15 00:00:00-05:00,3.213448885137014,3.414289181883843,3.213448885137014,3.364079236984253,47250,0.0,0.0
1990-11-16 00:00:00-05:00,3.364077547675158,3.5147075653076176,3.213447271468594,3.514707565307617,11475,0.0,0.0
1990-11-19 00:00:00-05:00,3.213447570800781,3.213447570800781,3.213447570800781,3.2134475708007812,675,0.0,0.0
1990-11-20 00:00:00-05:00,3.213447570800781,3.414287785401701,3.213447570800781,3.2134475708007812,9450,0.0,0.0
1990-11-21 00:00:00-05:00,3.213447271468594,3.5147075653076176,3.213447271468594,3.514707565307617,29835,0.0,0.0
1990-11-23 00:00:00-05:00,3.5147075653076176,3.5147075653076176,3.5147075653076176,3.514707565307617,0,0.0,0.0
1990-11-26 00:00:00-05:00,3.213447570800781,3.213447570800781,3.213447570800781,3.2134475708007812,2025,0.0,0.0
1990-11-27 00:00:00-05:00,3.213447570800781,3.213447570800781,3.213447570800781,3.2134475708007812,8100,0.0,0.0
1990-11-28 00:00:00-05:00,3.213447570800781,3.213447570800781,3.213447570800781,3.2134475708007812,2700,0.0,0.0
1990-11-29 00:00:00-05:00,3.1130282878875732,3.1130282878875732,3.1130282878875732,3.1130282878875732,2295,0.0,0.0
1990-11-30 00:00:00-05:00,3.1130282878875732,3.1130282878875732,3.1130282878875732,3.1130282878875732,1350,0.0,0.0
1990-12-03 00:00:00-05:00,3.213447570800781,3.213447570800781,3.213447570800781,3.2134475708007812,1350,0.0,0.0
1990-12-04 00:00:00-05:00,3.0126065123017343,3.0126065123017343,2.9121859073638916,2.9121859073638916,2025,0.0,0.0
1990-12-05 00:00:00-05:00,2.9121859073638916,2.9121859073638916,2.9121859073638916,2.9121859073638916,8100,0.0,0.0
1990-12-06 00:00:00-05:00,2.9121867409859226,3.0126073746694675,2.8117666244506836,2.8117666244506836,1485,0.0,0.0
1990-12-07 00:00:00-05:00,2.7113465061646074,2.7113465061646074,2.610926389694214,2.610926389694214,1755,0.0,0.0
1990-12-10 00:00:00-05:00,2.610926389694214,2.610926389694214,2.610926389694214,2.610926389694214,1485,0.0,0.0
1990-12-11 00:00:00-05:00,2.6109275045489513,2.711347663898318,2.510507345199585,2.510507345199585,5805,0.0,0.0
1990-12-12 00:00:00-05:00,2.510507345199585,2.510507345199585,2.510507345199585,2.510507345199585,2295,0.0,0.0
1990-12-13 00:00:00-05:00,2.610926389694214,2.610926389694214,2.610926389694214,2.610926389694214,1350,0.0,0.0
1990-12-14 00:00:00-05:00,2.610926389694214,2.610926389694214,2.5105062732238204,2.610926389694214,4725,0.0,0.0
1990-12-17 00:00:00-05:00,2.3096656799316406,2.3096656799316406,2.3096656799316406,2.3096656799316406,1620,0.0,0.0
1990-12-18 00:00:00-05:00,2.3096651030572497,2.5105058166178162,2.3096651030572497,2.4100852012634277,7965,0.0,0.0
1990-12-19 00:00:00-05:00,2.4100852012634277,2.4100852012634277,2.3096651030572497,2.4100852012634277,15390,0.0,0.0
1990-12-20 00:00:00-05:00,2.4100858032192827,2.4602959941501887,2.3096656799316406,2.3096656799316406,4320,0.0,0.0
1990-12-21 00:00:00-05:00,2.610926389694214,2.610926389694214,2.610926389694214,2.610926389694214,135,0.0,0.0
1990-12-24 00:00:00-05:00,2.510507345199585,2.510507345199585,2.510507345199585,2.510507345199585,1350,0.0,0.0
1990-12-26 00:00:00-05:00,2.510507345199585,2.510507345199585,2.510507345199585,2.510507345199585,0,0.0,0.0
1990-12-27 00:00:00-05:00,2.5105061202214167,2.5105061202214167,2.4100854927228377,2.4602956771850586,14850,0.0,0.0
1990-12-28 00:00:00-05:00,2.4602953796535694,2.5105058166178162,2.4100852012634277,2.4100852012634277,7560,0.0,0.0
1990-12-31 00:00:00-05:00,2.510507345199585,2.6109275045489513,2.510507345199585,2.510507345199585,13095,0.0,0.0
1991-01-02 00:00:00-05:00,2.5105062732238204,2.610926389694214,2.5105062732238204,2.610926389694214,3780,0.0,0.0
1991-01-03 00:00:00-05:00,2.610926389694214,2.610926389694214,2.610926389694214,2.610926389694214,0,0.0,0.0
1991-01-04 00:00:00-05:00,2.4100852012634277,2.4100852012634277,2.4100852012634277,2.4100852012634277,1350,0.0,0.0
1991-01-07 00:00:00-05:00,2.4100852012634277,2.4100852012634277,2.4100852012634277,2.4100852012634277,135,0.0,0.0
1991-01-08 00:00:00-05:00,2.5105054587119504,2.661135196685791,2.5105054587119504,2.661135196685791,23895,0.0,0.0
1991-01-09 00:00:00-05:00,2.661135196685791,2.661135196685791,2.661135196685791,2.661135196685791,0,0.0,0.0
1991-01-10 00:00:00-05:00,2.5607151985168453,2.5607151985168453,2.510505542752178,2.5607151985168457,2700,0.0,0.0
1991-01-11 00:00:00-05:00,2.5607151127958288,2.661135196685791,2.5105054587119504,2.661135196685791,6075,0.0,0.0
1991-01-14 00:00:00-05:00,2.3096656799316406,2.3096656799316406,2.3096656799316406,2.3096656799316406,2160,0.0,0.0
1991-01-15 00:00:00-05:00,2.3096656799316406,2.3096656799316406,2.3096656799316406,2.3096656799316406,0,0.0,0.0
1991-01-16 00:00:00-05:00,2.3096656799316406,2.3096656799316406,2.3096656799316406,2.3096656799316406,135,0.0,0.0
1991-01-17 00:00:00-05:00,2.3096656799316406,2.3096656799316406,2.3096656799316406,2.3096656799316406,0,0.0,0.0
1991-01-18 00:00:00-05:00,2.3096656799316406,2.3096656799316406,2.3096656799316406,2.3096656799316406,0,0.0,0.0
1991-01-21 00:00:00-05:00,2.3096656799316406,2.3096656799316406,2.3096656799316406,2.3096656799316406,0,0.0,0.0
1991-01-22 00:00:00-05:00,2.3096656799316406,2.3096656799316406,2.3096656799316406,2.3096656799316406,0,0.0,0.0
1991-01-23 00:00:00-05:00,2.309665382372532,2.6109262305717222,2.309665382372532,2.4602956771850586,8370,0.0,0.0
1991-01-24 00:00:00-05:00,2.460295677185059,2.460295677185059,2.460295677185059,2.4602956771850586,0,0.0,0.0
1991-01-25 00:00:00-05:00,2.460295677185059,2.460295677185059,2.460295677185059,2.4602956771850586,0,0.0,0.0
1991-01-28 00:00:00-05:00,2.3096656799316406,2.3096656799316406,2.3096656799316406,2.3096656799316406,1350,0.0,0.0
1991-01-29 00:00:00-05:00,2.3096656799316406,2.3096656799316406,2.3096656799316406,2.3096656799316406,0,0.0,0.0
1991-01-30 00:00:00-05:00,2.4100852012634277,2.4100852012634277,2.4100852012634277,2.4100852012634277,8370,0.0,0.0
1991-01-31 00:00:00-05:00,2.4100858032192827,2.6109265669429074,2.3096656799316406,2.3096656799316406,1350,0.0,0.0
1991-02-01 00:00:00-05:00,2.3096656799316406,2.3096656799316406,2.3096656799316406,2.3096656799316406,0,0.0,0.0
1991-02-04 00:00:00-05:00,2.3096656799316406,2.3096656799316406,2.3096656799316406,2.3096656799316406,0,0.0,0.0
1991-02-05 00:00:00-05:00,2.3096656799316406,2.3096656799316406,2.3096656799316406,2.3096656799316406,540,0.0,0.0
1991-02-06 00:00:00-05:00,2.3096651030572497,2.4100852012634277,2.3096651030572497,2.4100852012634277,78300,0.0,0.0
1991-02-07 00:00:00-05:00,2.3096656799316406,2.3096656799316406,2.3096656799316406,2.3096656799316406,135,0.0,0.0
1991-02-08 00:00:00-05:00,2.3096656799316406,2.3096656799316406,2.3096656799316406,2.3096656799316406,0,0.0,0.0
1991-02-11 00:00:00-05:00,2.3096656799316406,2.4100858032192827,2.3096656799316406,2.3096656799316406,3375,0.0,0.0
1991-02-12 00:00:00-05:00,2.3096656799316406,2.3096656799316406,2.3096656799316406,2.3096656799316406,2160,0.0,0.0
1991-02-13 00:00:00-05:00,2.410085639605122,2.610926389694214,2.410085639605122,2.610926389694214,20250,0.0,0.0
1991-02-14 00:00:00-05:00,2.4100858032192827,2.4100858032192827,2.3096656799316406,2.3096656799316406,5940,0.0,0.0
1991-02-15 00:00:00-05:00,2.3096656799316406,2.3096656799316406,2.3096656799316406,2.3096656799316406,405,0.0,0.0
1991-02-19 00:00:00-05:00,2.3096656799316406,2.3096656799316406,2.3096656799316406,2.3096656799316406,0,0.0,0.0
1991-02-20 00:00:00-05:00,2.510507345199585,2.510507345199585,2.510507345199585,2.510507345199585,2700,0.0,0.0
1991-02-21 00:00:00-05:00,2.510507345199585,2.510507345199585,2.510507345199585,2.510507345199585,0,0.0,0.0
1991-02-22 00:00:00-05:00,2.4100852012634277,2.4100852012634277,2.3096651030572497,2.4100852012634277,5670,0.0,0.0
1991-02-25 00:00:00-05:00,2.4100858032192827,2.5105064436552653,2.3096656799316406,2.3096656799316406,17685,0.0,0.0
1991-02-26 00:00:00-05:00,2.4100852012634277,2.5105058166178162,2.4100852012634277,2.4100852012634277,2700,0.0,0.0
1991-02-27 00:00:00-05:00,2.410086668701692,2.510507345199585,2.3096665093523256,2.510507345199585,1620,0.0,0.0
1991-02-28 00:00:00-05:00,2.510507345199585,2.5607170370128736,2.410086668701692,2.510507345199585,101250,0.0,0.0
1991-03-01 00:00:00-05:00,2.4100852012634277,2.4100852012634277,2.3096651030572497,2.4100852012634277,4185,0.0,0.0
1991-03-04 00:00:00-05:00,2.410086668701692,2.6109275045489513,2.410086668701692,2.510507345199585,75600,0.0,0.0
1991-03-05 00:00:00-05:00,2.510507345199585,2.510507345199585,2.510507345199585,2.510507345199585,0,0.0,0.0
1991-03-06 00:00:00-05:00,2.610926389694214,2.610926389694214,2.610926389694214,2.610926389694214,2700,0.0,0.0
1991-03-07 00:00:00-05:00,2.510507345199585,2.510507345199585,2.3096665093523256,2.510507345199585,4050,0.0,0.0
1991-03-08 00:00:00-05:00,2.610926389694214,2.610926389694214,2.610926389694214,2.610926389694214,4050,0.0,0.0
1991-03-11 00:00:00-05:00,2.610926389694214,2.610926389694214,2.610926389694214,2.610926389694214,0,0.0,0.0
1991-03-12 00:00:00-05:00,2.610926389694214,2.610926389694214,2.610926389694214,2.610926389694214,0,0.0,0.0
1991-03-13 00:00:00-05:00,2.610926389694214,2.610926389694214,2.610926389694214,2.610926389694214,0,0.0,0.0
1991-03-14 00:00:00-05:00,2.610926389694214,2.610926389694214,2.610926389694214,2.610926389694214,0,0.0,0.0
1991-03-15 00:00:00-05:00,2.610926389694214,2.610926389694214,2.610926389694214,2.610926389694214,0,0.0,0.0
1991-03-18 00:00:00-05:00,2.4100852012634277,2.4100852012634277,2.4100852012634277,2.4100852012634277,1350,0.0,0.0
1991-03-19 00:00:00-05:00,2.410085639605122,2.610926389694214,2.410085639605122,2.610926389694214,1485,0.0,0.0
1991-03-20 00:00:00-05:00,2.4100852012634277,2.4100852012634277,2.4100852012634277,2.4100852012634277,135,0.0,0.0
1991-03-21 00:00:00-05:00,2.4100852012634277,2.4100852012634277,2.4100852012634277,2.4100852012634277,0,0.0,0.0
1991-03-22 00:00:00-05:00,2.4100852012634277,2.4100852012634277,2.4100852012634277,2.4100852012634277,0,0.0,0.0
1991-03-25 00:00:00-05:00,2.4100852012634277,2.4100852012634277,2.4100852012634277,2.4100852012634277,0,0.0,0.0
1991-03-26 00:00:00-05:00,2.4100852012634277,2.4100852012634277,2.4100852012634277,2.4100852012634277,1620,0.0,0.0
1991-03-27 00:00:00-05:00,2.410086668701692,2.6611371963622403,2.410086668701692,2.510507345199585,3915,0.0,0.0
1991-03-28 00:00:00-05:00,2.510507345199585,2.5607170370128736,2.410086668701692,2.510507345199585,8100,0.0,0.0
1991-04-01 00:00:00-05:00,2.510507345199585,2.510507345199585,2.410086668701692,2.510507345199585,1350,0.0,0.0
1991-04-02 00:00:00-05:00,2.510507345199585,2.510507345199585,2.510507345199585,2.510507345199585,0,0.0,0.0
1991-04-03 00:00:00-05:00,2.510505542752178,2.5607151985168453,2.4100849383524565,2.5607151985168457,2700,0.0,0.0
1991-04-04 00:00:00-05:00,2.4100852012634277,2.4100852012634277,2.4100852012634277,2.4100852012634277,270,0.0,0.0
1991-04-05 00:00:00-05:00,2.4100852012634277,2.4100852012634277,2.4100852012634277,2.4100852012634277,0,0.0,0.0
1991-04-08 00:00:00-04:00,2.510506163685432,2.711346387863159,2.510506163685432,2.711346387863159,5940,0.0,0.0
1991-04-09 00:00:00-04:00,2.711346507915444,2.9121867409859226,2.711346507915444,2.8117666244506836,11745,0.0,0.0
1991-04-10 00:00:00-04:00,2.8117658195742066,2.9121859073638916,2.8117658195742066,2.9121859073638916,4320,0.0,0.0
1991-04-11 00:00:00-04:00,2.912187013902704,3.01260765699721,2.8117668879565523,2.8619773387908936,31320,0.0,0.0
1991-04-12 00:00:00-04:00,2.8619773387908936,3.01260765699721,2.8117668879565523,2.8619773387908936,10530,0.0,0.0
1991-04-15 00:00:00-04:00,2.861977070579532,3.0126073746694675,2.8117666244506836,2.8117666244506836,1755,0.0,0.0
1991-04-16 00:00:00-04:00,2.8117666244506836,2.8117666244506836,2.8117666244506836,2.8117666244506836,3240,0.0,0.0
1991-04-17 00:00:00-04:00,2.8117666244506836,3.0126073746694675,2.8117666244506836,2.8117666244506836,10800,0.0,0.0
1991-04-18 00:00:00-04:00,2.8117664999520233,2.912186612040887,2.711346387863159,2.711346387863159,4455,0.0,0.0
1991-04-19 00:00:00-04:00,2.610926389694214,2.610926389694214,2.610926389694214,2.610926389694214,135,0.0,0.0
1991-04-22 00:00:00-04:00,2.6109266360642485,2.912187013902704,2.6109266360642485,2.8619773387908936,4185,0.0,0.0
1991-04-23 00:00:00-04:00,2.8117666244506836,2.8117666244506836,2.711346507915444,2.8117666244506836,3375,0.0,0.0
1991-04-24 00:00:00-04:00,2.8117666244506836,2.861977070579532,2.8117666244506836,2.8117666244506836,28350,0.0,0.0
1991-04-25 00:00:00-04:00,2.8117664999520233,2.8117664999520233,2.711346387863159,2.711346387863159,2970,0.0,0.0
1991-04-26 00:00:00-04:00,2.711346387863159,2.8117664999520233,2.711346387863159,2.711346387863159,41850,0.0,0.0
1991-04-29 00:00:00-04:00,2.711346387863159,2.711346387863159,2.711346387863159,2.711346387863159,0,0.0,0.0
1991-04-30 00:00:00-04:00,2.661135196685791,2.661135196685791,2.6109255426019127,2.661135196685791,6750,0.0,0.0
1991-05-01 00:00:00-04:00,2.610926389694214,2.610926389694214,2.610926389694214,2.610926389694214,675,0.0,0.0
1991-05-02 00:00:00-04:00,2.6109263913802048,2.8117666244506836,2.6109263913802048,2.8117666244506836,9315,0.0,0.0
1991-05-03 00:00:00-04:00,2.8117666244506836,2.8117666244506836,2.8117666244506836,2.8117666244506836,0,0.0,0.0
1991-05-06 00:00:00-04:00,2.7113465061646074,2.7113465061646074,2.610926389694214,2.610926389694214,270,0.0,0.0
1991-05-07 00:00:00-04:00,2.610926389694214,2.610926389694214,2.610926389694214,2.610926389694214,135,0.0,0.0
1991-05-08 00:00:00-04:00,2.610926389694214,2.610926389694214,2.610926389694214,2.610926389694214,270,0.0,0.0
1991-05-09 00:00:00-04:00,2.610926389694214,2.610926389694214,2.610926389694214,2.610926389694214,2295,0.0,0.0
1991-05-10 00:00:00-04:00,2.6109255426019127,2.661135196685791,2.6109255426019127,2.661135196685791,11205,0.0,0.0
1991-05-13 00:00:00-04:00,2.661135196685791,2.661135196685791,2.661135196685791,2.661135196685791,0,0.0,0.0
1991-05-14 00:00:00-04:00,2.661135196685791,2.661135196685791,2.661135196685791,2.661135196685791,0,0.0,0.0
1991-05-15 00:00:00-04:00,2.8117666244506836,2.8117666244506836,2.8117666244506836,2.8117666244506836,270,0.0,0.0
1991-05-16 00:00:00-04:00,2.610926389694214,2.610926389694214,2.610926389694214,2.610926389694214,1620,0.0,0.0
1991-05-17 00:00:00-04:00,2.610926389694214,2.610926389694214,2.610926389694214,2.610926389694214,0,0.0,0.0
1991-05-20 00:00:00-04:00,2.610926389694214,2.610926389694214,2.610926389694214,2.610926389694214,0,0.0,0.0
1991-05-21 00:00:00-04:00,2.6109263913802048,2.8117666244506836,2.6109263913802048,2.8117666244506836,5670,0.0,0.0
1991-05-22 00:00:00-04:00,2.7113465061646074,2.7113465061646074,2.610926389694214,2.610926389694214,4455,0.0,0.0
1991-05-23 00:00:00-04:00,2.610926389694214,2.610926389694214,2.610926389694214,2.610926389694214,135,0.0,0.0
1991-05-24 00:00:00-04:00,2.610926389694214,2.7113465061646074,2.610926389694214,2.610926389694214,1485,0.0,0.0
1991-05-28 00:00:00-04:00,2.610926389694214,2.610926389694214,2.610926389694214,2.610926389694214,0,0.0,0.0
1991-05-29 00:00:00-04:00,2.610926389694214,2.610926389694214,2.610926389694214,2.610926389694214,0,0.0,0.0
1991-05-30 00:00:00-04:00,2.610926389694214,2.610926389694214,2.610926389694214,2.610926389694214,675,0.0,0.0
1991-05-31 00:00:00-04:00,2.610926389694214,2.610926389694214,2.610926389694214,2.610926389694214,1350,0.0,0.0
1991-06-03 00:00:00-04:00,2.610926389694214,2.610926389694214,2.610926389694214,2.610926389694214,0,0.0,0.0
1991-06-04 00:00:00-04:00,2.6109255426019127,2.661135196685791,2.6109255426019127,2.661135196685791,2700,0.0,0.0
1991-06-05 00:00:00-04:00,2.610926389694214,2.610926389694214,2.610926389694214,2.610926389694214,2700,0.0,0.0
1991-06-06 00:00:00-04:00,2.510507345199585,2.510507345199585,2.510507345199585,2.510507345199585,135,0.0,0.0
1991-06-07 00:00:00-04:00,2.510507345199585,2.510507345199585,2.510507345199585,2.510507345199585,0,0.0,0.0
1991-06-10 00:00:00-04:00,2.510507345199585,2.510507345199585,2.510507345199585,2.510507345199585,0,0.0,0.0
1991-06-11 00:00:00-04:00,2.711346387863159,2.711346387863159,2.711346387863159,2.711346387863159,1350,0.0,0.0
1991-06-12 00:00:00-04:00,2.711347663898318,2.711347663898318,2.510507345199585,2.510507345199585,1080,0.0,0.0
1991-06-13 00:00:00-04:00,2.6611359439575155,2.711346387863159,2.6611359439575155,2.711346387863159,8100,0.0,0.0
1991-06-14 00:00:00-04:00,2.711346387863159,2.711346387863159,2.711346387863159,2.711346387863159,1350,0.0,0.0
1991-06-17 00:00:00-04:00,2.711346387863159,2.711346387863159,2.711346387863159,2.711346387863159,0,0.0,0.0
1991-06-18 00:00:00-04:00,2.711346387863159,2.711346387863159,2.711346387863159,2.711346387863159,2025,0.0,0.0
1991-06-19 00:00:00-04:00,2.711346387863159,2.711346387863159,2.711346387863159,2.711346387863159,0,0.0,0.0
1991-06-20 00:00:00-04:00,2.7113457172553117,2.7113457172553117,2.5607151985168453,2.5607151985168457,13230,0.0,0.0
1991-06-21 00:00:00-04:00,2.5607159435977884,2.610926389694214,2.5105062732238204,2.610926389694214,2700,0.0,0.0
1991-06-24 00:00:00-04:00,2.610926389694214,2.610926389694214,2.610926389694214,2.610926389694214,0,0.0,0.0
1991-06-25 00:00:00-04:00,2.610926389694214,2.610926389694214,2.610926389694214,2.610926389694214,0,0.0,0.0
1991-06-26 00:00:00-04:00,2.610926389694214,2.610926389694214,2.610926389694214,2.610926389694214,0,0.0,0.0
1991-06-27 00:00:00-04:00,2.610926389694214,2.610926389694214,2.610926389694214,2.610926389694214,0,0.0,0.0
1991-06-28 00:00:00-04:00,2.510507345199585,2.510507345199585,2.510507345199585,2.510507345199585,270,0.0,0.0
1991-07-01 00:00:00-04:00,2.711346387863159,2.711346387863159,2.711346387863159,2.711346387863159,270,0.0,0.0
1991-07-02 00:00:00-04:00,2.610926389694214,2.610926389694214,2.5607159435977884,2.610926389694214,4050,0.0,0.0
1991-07-03 00:00:00-04:00,2.510507345199585,2.510507345199585,2.510507345199585,2.510507345199585,135,0.0,0.0
1991-07-05 00:00:00-04:00,2.510507345199585,2.510507345199585,2.510507345199585,2.510507345199585,0,0.0,0.0
1991-07-08 00:00:00-04:00,2.510507345199585,2.510507345199585,2.510507345199585,2.510507345199585,0,0.0,0.0
1991-07-09 00:00:00-04:00,2.510507345199585,2.510507345199585,2.510507345199585,2.510507345199585,0,0.0,0.0
1991-07-10 00:00:00-04:00,2.510507345199585,2.510507345199585,2.510507345199585,2.510507345199585,0,0.0,0.0
1991-07-11 00:00:00-04:00,2.510506274844966,2.8117666244506836,2.510506274844966,2.8117666244506836,8235,0.0,0.0
1991-07-12 00:00:00-04:00,2.8117666244506836,2.9121867409859226,2.8117666244506836,2.8117666244506836,12690,0.0,0.0
1991-07-15 00:00:00-04:00,2.8117681460684483,3.0126090049743652,2.8117681460684483,3.0126090049743652,2025,0.0,0.0
1991-07-16 00:00:00-04:00,2.8117666244506836,2.8117666244506836,2.8117666244506836,2.8117666244506836,1350,0.0,0.0
1991-07-17 00:00:00-04:00,2.8117666244506836,3.0126073746694675,2.8117666244506836,2.8117666244506836,6615,0.0,0.0
1991-07-18 00:00:00-04:00,2.8117666244506836,2.8117666244506836,2.8117666244506836,2.8117666244506836,0,0.0,0.0
1991-07-19 00:00:00-04:00,2.711346387863159,2.711346387863159,2.711346387863159,2.711346387863159,540,0.0,0.0
1991-07-22 00:00:00-04:00,3.0126090049743652,3.0126090049743652,3.0126090049743652,3.0126090049743652,135,0.0,0.0
1991-07-23 00:00:00-04:00,3.0126090049743652,3.0126090049743652,3.0126090049743652,3.0126090049743652,675,0.0,0.0
1991-07-24 00:00:00-04:00,2.9121859073638916,2.9121859073638916,2.8117658195742066,2.9121859073638916,2565,0.0,0.0
1991-07-25 00:00:00-04:00,2.8619773387908936,2.8619773387908936,2.8117668879565523,2.8619773387908936,2160,0.0,0.0
1991-07-26 00:00:00-04:00,2.8117666244506836,2.8117666244506836,2.8117666244506836,2.8117666244506836,5400,0.0,0.0
1991-07-29 00:00:00-04:00,2.9121859073638916,2.9121859073638916,2.9121859073638916,2.9121859073638916,3375,0.0,0.0
1991-07-30 00:00:00-04:00,2.9121859073638916,2.9121859073638916,2.9121859073638916,2.9121859073638916,0,0.0,0.0
1991-07-31 00:00:00-04:00,2.9121859073638916,2.9121859073638916,2.8117658195742066,2.9121859073638916,5940,0.0,0.0
1991-08-01 00:00:00-04:00,2.9121859073638916,2.9121859073638916,2.9121859073638916,2.9121859073638916,0,0.0,0.0
1991-08-02 00:00:00-04:00,2.9121859073638916,2.9121859073638916,2.9121859073638916,2.9121859073638916,0,0.0,0.0
1991-08-05 00:00:00-04:00,3.0126090049743652,3.0126090049743652,3.0126090049743652,3.0126090049743652,1350,0.0,0.0
1991-08-06 00:00:00-04:00,2.9623974647370455,2.9623974647370455,2.8619773387908936,2.8619773387908936,2025,0.0,0.0
1991-08-07 00:00:00-04:00,2.8619773387908936,2.8619773387908936,2.8619773387908936,2.8619773387908936,0,0.0,0.0
1991-08-08 00:00:00-04:00,2.8619783670281302,3.0126087393521717,2.8619783670281302,2.9623985290527344,14445,0.0,0.0
1991-08-09 00:00:00-04:00,2.9623985290527344,2.9623985290527344,2.9623985290527344,2.9623985290527344,0,0.0,0.0
1991-08-12 00:00:00-04:00,2.9623985290527344,2.9623985290527344,2.9623985290527344,2.9623985290527344,0,0.0,0.0
1991-08-13 00:00:00-04:00,2.8619773387908936,2.8619773387908936,2.8619773387908936,2.8619773387908936,1080,0.0,0.0
1991-08-14 00:00:00-04:00,2.86197861936922,3.0126090049743652,2.86197861936922,3.0126090049743652,7020,0.0,0.0
1991-08-15 00:00:00-04:00,2.9121859073638916,2.9121859073638916,2.861976251330167,2.9121859073638916,1620,0.0,0.0
1991-08-16 00:00:00-04:00,2.8619773387908936,2.8619773387908936,2.8619773387908936,2.8619773387908936,270,0.0,0.0
1991-08-19 00:00:00-04:00,2.861976251330167,2.9121859073638916,2.8117658195742066,2.9121859073638916,7695,0.0,0.0
1991-08-20 00:00:00-04:00,2.9121859073638916,2.9121859073638916,2.9121859073638916,2.9121859073638916,675,0.0,0.0
1991-08-21 00:00:00-04:00,2.9121867409859226,2.9623971871147714,2.8117666244506836,2.8117666244506836,7020,0.0,0.0
1991-08-22 00:00:00-04:00,2.8619773387908936,2.8619773387908936,2.8619773387908936,2.8619773387908936,675,0.0,0.0
1991-08-23 00:00:00-04:00,2.8117666244506836,2.8117666244506836,2.8117666244506836,2.8117666244506836,675,0.0,0.0
1991-08-26 00:00:00-04:00,3.062817335128784,3.062817335128784,3.062817335128784,3.062817335128784,1080,0.0,0.0
1991-08-27 00:00:00-04:00,3.0126065123017343,3.0126065123017343,2.9121859073638916,2.9121859073638916,19305,0.0,0.0
1991-08-28 00:00:00-04:00,2.9121859073638916,2.9121859073638916,2.9121859073638916,2.9121859073638916,0,0.0,0.0
1991-08-29 00:00:00-04:00,2.912187013902704,3.0628175906831974,2.8619773387908936,2.8619773387908936,13230,0.0,0.0
1991-08-30 00:00:00-04:00,2.8619773387908936,2.8619773387908936,2.8619773387908936,2.8619773387908936,0,0.0,0.0
1991-09-03 00:00:00-04:00,2.8619773387908936,2.8619773387908936,2.8619773387908936,2.8619773387908936,0,0.0,0.0
1991-09-04 00:00:00-04:00,2.86197861936922,3.0126090049743652,2.86197861936922,3.0126090049743652,7830,0.0,0.0
1991-09-05 00:00:00-04:00,3.0126090049743652,3.0126090049743652,3.0126090049743652,3.0126090049743652,0,0.0,0.0
1991-09-06 00:00:00-04:00,2.8619773387908936,2.8619773387908936,2.8619773387908936,2.8619773387908936,405,0.0,0.0
1991-09-09 00:00:00-04:00,2.8619773387908936,2.8619773387908936,2.8619773387908936,2.8619773387908936,0,0.0,0.0
1991-09-10 00:00:00-04:00,2.8619773387908936,2.8619773387908936,2.8619773387908936,2.8619773387908936,675,0.0,0.0
1991-09-11 00:00:00-04:00,2.8619773387908936,2.8619773387908936,2.8619773387908936,2.8619773387908936,0,0.0,0.0
1991-09-12 00:00:00-04:00,2.9623985290527344,2.9623985290527344,2.9623985290527344,2.9623985290527344,2700,0.0,0.0
1991-09-13 00:00:00-04:00,2.861977070579532,2.861977070579532,2.8117666244506836,2.8117666244506836,10125,0.0,0.0
1991-09-16 00:00:00-04:00,2.8117664999520233,2.912186612040887,2.711346387863159,2.711346387863159,12150,0.0,0.0
1991-09-17 00:00:00-04:00,2.8117666244506836,2.8117666244506836,2.8117666244506836,2.8117666244506836,675,0.0,0.0
1991-09-18 00:00:00-04:00,2.8117666244506836,2.8117666244506836,2.8117666244506836,2.8117666244506836,0,0.0,0.0
1991-09-19 00:00:00-04:00,2.661135196685791,2.661135196685791,2.661135196685791,2.661135196685791,675,0.0,0.0
1991-09-20 00:00:00-04:00,2.761556954044293,2.8117666244506836,2.761556954044293,2.8117666244506836,16875,0.0,0.0
1991-09-23 00:00:00-04:00,2.711346387863159,2.711346387863159,2.6611359439575155,2.711346387863159,12690,0.0,0.0
1991-09-24 00:00:00-04:00,2.7615573406219487,2.7615573406219487,2.7615573406219487,2.7615573406219482,4185,0.0,0.0
1991-09-25 00:00:00-04:00,2.7615573406219487,2.7615573406219487,2.7615573406219487,2.7615573406219482,0,0.0,0.0
1991-09-26 00:00:00-04:00,2.7615573406219487,2.7615573406219487,2.7615573406219487,2.7615573406219482,2025,0.0,0.0
1991-09-27 00:00:00-04:00,2.7615573406219487,2.7615573406219487,2.7615573406219487,2.7615573406219482,0,0.0,0.0
1991-09-30 00:00:00-04:00,2.7615573406219487,2.7615573406219487,2.7615573406219487,2.7615573406219482,0,0.0,0.0
1991-10-01 00:00:00-04:00,2.7615573406219487,2.7615573406219487,2.7615573406219487,2.7615573406219482,0,0.0,0.0
1991-10-02 00:00:00-04:00,2.7615568317688033,2.8117664999520233,2.711346387863159,2.711346387863159,27000,0.0,0.0
1991-10-03 00:00:00-04:00,2.711346387863159,2.711346387863159,2.711346387863159,2.711346387863159,0,0.0,0.0
1991-10-04 00:00:00-04:00,2.7615573406219487,2.7615573406219487,2.7615573406219487,2.7615573406219482,270,0.0,0.0
1991-10-07 00:00:00-04:00,2.9121859073638916,2.9121859073638916,2.9121859073638916,2.9121859073638916,2700,0.0,0.0
1991-10-08 00:00:00-04:00,2.711346387863159,2.711346387863159,2.711346387863159,2.711346387863159,1350,0.0,0.0
1991-10-09 00:00:00-04:00,2.7113457317845215,2.9121859073638916,2.7113457317845215,2.9121859073638916,22680,0.0,0.0
1991-10-10 00:00:00-04:00,2.7615573406219487,2.7615573406219487,2.7615573406219487,2.7615573406219482,2565,0.0,0.0
1991-10-11 00:00:00-04:00,2.7615573406219487,2.7615573406219487,2.7615573406219487,2.7615573406219482,0,0.0,0.0
1991-10-14 00:00:00-04:00,2.761556954044293,2.8117666244506836,2.711346507915444,2.8117666244506836,2430,0.0,0.0
1991-10-15 00:00:00-04:00,2.8117666244506836,2.8117666244506836,2.8117666244506836,2.8117666244506836,0,0.0,0.0
1991-10-16 00:00:00-04:00,2.711346387863159,2.711346387863159,2.711346387863159,2.711346387863159,1350,0.0,0.0
1991-10-17 00:00:00-04:00,2.8619773387908936,2.8619773387908936,2.8619773387908936,2.8619773387908936,3375,0.0,0.0
1991-10-18 00:00:00-04:00,2.9121859073638916,2.9121859073638916,2.9121859073638916,2.9121859073638916,1350,0.0,0.0
1991-10-21 00:00:00-04:00,2.9121859073638916,2.9121859073638916,2.9121859073638916,2.9121859073638916,0,0.0,0.0
1991-10-22 00:00:00-04:00,2.9121859073638916,2.9121859073638916,2.9121859073638916,2.9121859073638916,0,0.0,0.0
1991-10-23 00:00:00-04:00,2.711346387863159,2.711346387863159,2.711346387863159,2.711346387863159,270,0.0,0.0
1991-10-24 00:00:00-04:00,2.711346387863159,2.711346387863159,2.711346387863159,2.711346387863159,0,0.0,0.0
1991-10-25 00:00:00-04:00,2.711346387863159,2.711346387863159,2.711346387863159,2.711346387863159,0,0.0,0.0
1991-10-28 00:00:00-05:00,2.711346387863159,2.711346387863159,2.711346387863159,2.711346387863159,0,0.0,0.0
1991-10-29 00:00:00-05:00,2.9121859073638916,2.9121859073638916,2.9121859073638916,2.9121859073638916,405,0.0,0.0
1991-10-30 00:00:00-05:00,2.912188316947114,3.0126090049743652,2.8117681460684483,3.0126090049743652,6345,0.0,0.0
1991-10-31 00:00:00-05:00,3.0126090049743652,3.0126090049743652,3.0126090049743652,3.0126090049743652,810,0.0,0.0
1991-11-01 00:00:00-05:00,3.0126090049743652,3.0126090049743652,3.0126090049743652,3.0126090049743652,0,0.0,0.0
1991-11-04 00:00:00-05:00,2.8619773387908936,2.8619773387908936,2.8619773387908936,2.8619773387908936,405,0.0,0.0
1991-11-05 00:00:00-05:00,2.8619773387908936,2.8619773387908936,2.8619773387908936,2.8619773387908936,405,0.0,0.0
1991-11-06 00:00:00-05:00,2.8619773387908936,2.8619773387908936,2.8619773387908936,2.8619773387908936,0,0.0,0.0
1991-11-07 00:00:00-05:00,2.8619773387908936,2.8619773387908936,2.8619773387908936,2.8619773387908936,2160,0.0,0.0
1991-11-08 00:00:00-05:00,2.9121859073638916,2.9121859073638916,2.9121859073638916,2.9121859073638916,2430,0.0,0.0
1991-11-11 00:00:00-05:00,2.9121859073638916,2.9121859073638916,2.9121859073638916,2.9121859073638916,0,0.0,0.0
1991-11-12 00:00:00-05:00,3.113028901376776,3.113028901376776,2.9623985290527344,2.9623985290527344,1755,0.0,0.0
1991-11-13 00:00:00-05:00,3.062817335128784,3.062817335128784,2.8619770999941263,3.062817335128784,7425,0.0,0.0
1991-11-14 00:00:00-05:00,3.0126090049743652,3.0126090049743652,3.0126090049743652,3.0126090049743652,5130,0.0,0.0
1991-11-15 00:00:00-05:00,3.0126090049743652,3.0126090049743652,3.0126090049743652,3.0126090049743652,0,0.0,0.0
1991-11-18 00:00:00-05:00,3.0126090049743652,3.0126090049743652,3.0126090049743652,3.0126090049743652,24705,0.0,0.0
1991-11-19 00:00:00-05:00,2.9623963391198522,2.9623963391198522,2.9121859073638916,2.9121859073638916,10665,0.0,0.0
1991-11-20 00:00:00-05:00,2.9623985290527344,2.9623985290527344,2.9623985290527344,2.9623985290527344,1350,0.0,0.0
1991-11-21 00:00:00-05:00,2.8619773387908936,2.8619773387908936,2.8619773387908936,2.8619773387908936,1350,0.0,0.0
1991-11-22 00:00:00-05:00,2.8619773387908936,2.8619773387908936,2.8619773387908936,2.8619773387908936,675,0.0,0.0
1991-11-25 00:00:00-05:00,2.8619773387908936,2.8619773387908936,2.8619773387908936,2.8619773387908936,0,0.0,0.0
1991-11-26 00:00:00-05:00,2.8619773387908936,2.8619773387908936,2.8619773387908936,2.8619773387908936,0,0.0,0.0
1991-11-27 00:00:00-05:00,2.8117666244506836,2.8117666244506836,2.8117666244506836,2.8117666244506836,405,0.0,0.0
1991-11-29 00:00:00-05:00,2.8117666244506836,2.8117666244506836,2.8117666244506836,2.8117666244506836,0,0.0,0.0
1991-12-02 00:00:00-05:00,2.8117681460684483,3.0126090049743652,2.8117681460684483,3.0126090049743652,2430,0.0,0.0
1991-12-03 00:00:00-05:00,2.861976251330167,2.9121859073638916,2.861976251330167,2.9121859073638916,2700,0.0,0.0
1991-12-04 00:00:00-05:00,2.9121859073638916,2.9121859073638916,2.9121859073638916,2.9121859073638916,0,0.0,0.0
1991-12-05 00:00:00-05:00,2.962398790247886,3.0126090049743652,2.962398790247886,3.0126090049743652,10800,0.0,0.0
1991-12-06 00:00:00-05:00,2.8619773387908936,2.8619773387908936,2.8619773387908936,2.8619773387908936,540,0.0,0.0
1991-12-09 00:00:00-05:00,2.8619773387908936,3.0628175906831974,2.8619773387908936,2.8619773387908936,8910,0.0,0.0
1991-12-10 00:00:00-05:00,2.861976251330167,2.9623963391198522,2.861976251330167,2.9121859073638916,14850,0.0,0.0
1991-12-11 00:00:00-05:00,2.861976251330167,2.9623963391198522,2.861976251330167,2.9121859073638916,13095,0.0,0.0
1991-12-12 00:00:00-05:00,2.8117666244506836,2.8117666244506836,2.8117666244506836,2.8117666244506836,135,0.0,0.0
1991-12-13 00:00:00-05:00,2.8117666244506836,2.8117666244506836,2.8117666244506836,2.8117666244506836,810,0.0,0.0
1991-12-16 00:00:00-05:00,2.9623963391198522,3.0628164269095373,2.8117658195742066,2.9121859073638916,6075,0.0,0.0
1991-12-17 00:00:00-05:00,3.0628186910773385,3.0628186910773385,2.9623985290527344,2.9623985290527344,5265,0.0,0.0
1991-12-18 00:00:00-05:00,2.8117666244506836,2.8117666244506836,2.8117666244506836,2.8117666244506836,14850,0.0,0.0
1991-12-19 00:00:00-05:00,2.8117678981544234,2.9623985290527344,2.8117678981544234,2.9623985290527344,13500,0.0,0.0
1991-12-20 00:00:00-05:00,2.8117666244506836,2.8117666244506836,2.8117666244506836,2.8117666244506836,540,0.0,0.0
1991-12-23 00:00:00-05:00,2.8117666244506836,2.8117666244506836,2.711346507915444,2.8117666244506836,27000,0.0,0.0
1991-12-24 00:00:00-05:00,2.661135196685791,2.811765710381837,2.661135196685791,2.661135196685791,1755,0.0,0.0
1991-12-26 00:00:00-05:00,2.661135196685791,2.661135196685791,2.661135196685791,2.661135196685791,0,0.0,0.0
1991-12-27 00:00:00-05:00,2.661135196685791,2.661135196685791,2.661135196685791,2.661135196685791,0,0.0,0.0
1991-12-30 00:00:00-05:00,2.8117658195742066,2.9121859073638916,2.8117658195742066,2.9121859073638916,2430,0.0,0.0
1991-12-31 00:00:00-05:00,2.912186612040887,2.912186612040887,2.6109262757742955,2.711346387863159,9585,0.0,0.0
1992-01-02 00:00:00-05:00,2.711346387863159,2.711346387863159,2.711346387863159,2.711346387863159,0,0.0,0.0
1992-01-03 00:00:00-05:00,2.8117664999520233,2.861976943857667,2.711346387863159,2.711346387863159,11475,0.0,0.0
1992-01-06 00:00:00-05:00,2.711346387863159,2.711346387863159,2.711346387863159,2.711346387863159,0,0.0,0.0
1992-01-07 00:00:00-05:00,2.711346387863159,2.711346387863159,2.711346387863159,2.711346387863159,1485,0.0,0.0
1992-01-08 00:00:00-05:00,2.711346387863159,2.711346387863159,2.711346387863159,2.711346387863159,540,0.0,0.0
1992-01-09 00:00:00-05:00,2.711346387863159,2.711346387863159,2.711346387863159,2.711346387863159,270,0.0,0.0
1992-01-10 00:00:00-05:00,2.711346387863159,2.711346387863159,2.711346387863159,2.711346387863159,675,0.0,0.0
1992-01-13 00:00:00-05:00,2.711346387863159,2.711346387863159,2.711346387863159,2.711346387863159,405,0.0,0.0
1992-01-14 00:00:00-05:00,2.7113457317845215,2.9121859073638916,2.7113457317845215,2.9121859073638916,30240,0.0,0.0
1992-01-15 00:00:00-05:00,2.912188316947114,3.0126090049743652,2.711347975189782,3.0126090049743652,17955,0.0,0.0
1992-01-16 00:00:00-05:00,3.0126090049743652,3.0126090049743652,2.912188316947114,3.0126090049743652,15525,0.0,0.0
1992-01-17 00:00:00-05:00,3.0126090049743652,3.0126090049743652,3.0126090049743652,3.0126090049743652,0,0.0,0.0
1992-01-20 00:00:00-05:00,2.711347975189782,3.0126090049743652,2.711347975189782,3.0126090049743652,945,0.0,0.0
1992-01-21 00:00:00-05:00,3.0126090049743652,3.0126090049743652,3.0126090049743652,3.0126090049743652,3375,0.0,0.0
1992-01-22 00:00:00-05:00,2.8117666244506836,2.8117666244506836,2.8117666244506836,2.8117666244506836,675,0.0,0.0
1992-01-23 00:00:00-05:00,3.1130282878875732,3.1130282878875732,2.9121874862698265,3.1130282878875732,14175,0.0,0.0
1992-01-24 00:00:00-05:00,2.912186770916558,3.113027523199526,2.912186770916558,3.062817335128784,6750,0.0,0.0
1992-01-27 00:00:00-05:00,2.9121859073638916,2.9121859073638916,2.9121859073638916,2.9121859073638916,1350,0.0,0.0
1992-01-28 00:00:00-05:00,2.962398790247886,3.0126090049743652,2.962398790247886,3.0126090049743652,9180,0.0,0.0
1992-01-29 00:00:00-05:00,2.912188316947114,3.0126090049743652,2.912188316947114,3.0126090049743652,5130,0.0,0.0
1992-01-30 00:00:00-05:00,2.9121859073638916,2.9121859073638916,2.9121859073638916,2.9121859073638916,135,0.0,0.0
1992-01-31 00:00:00-05:00,3.012607536148743,3.414288282394409,3.012607536148743,3.414288282394409,81000,0.0,0.0
1992-02-03 00:00:00-05:00,3.4142879186065507,3.6151286581913187,3.313867807388306,3.3138678073883057,22005,0.0,0.0
1992-02-04 00:00:00-05:00,3.3138690335104286,3.414289181883843,3.3138690335104286,3.364079236984253,8640,0.0,0.0
1992-02-05 00:00:00-05:00,3.2134485635294494,3.3138687018526403,3.2134485635294494,3.2636587619781494,8100,0.0,0.0
1992-02-06 00:00:00-05:00,3.213447570800781,3.213447570800781,3.213447570800781,3.2134475708007812,27000,0.0,0.0
1992-02-07 00:00:00-05:00,3.2636587619781494,3.2636587619781494,3.2636587619781494,3.2636587619781494,1350,0.0,0.0
1992-02-10 00:00:00-05:00,3.2134480385586595,3.414288282394409,3.2134480385586595,3.414288282394409,14850,0.0,0.0
1992-02-11 00:00:00-05:00,3.2134485635294494,3.2636587619781494,3.2134485635294494,3.2636587619781494,6480,0.0,0.0
1992-02-12 00:00:00-05:00,3.2134480385586595,3.414288282394409,3.2134480385586595,3.414288282394409,810,0.0,0.0
1992-02-13 00:00:00-05:00,3.4142879186065507,3.4142879186065507,3.313867807388306,3.3138678073883057,5535,0.0,0.0
1992-02-14 00:00:00-05:00,3.313868160476534,3.414288282394409,3.313868160476534,3.414288282394409,9450,0.0,0.0
1992-02-18 00:00:00-05:00,3.364077992284498,3.364077992284498,3.313867807388306,3.3138678073883057,9585,0.0,0.0
1992-02-19 00:00:00-05:00,3.313867807388306,3.313867807388306,3.313867807388306,3.3138678073883057,0,0.0,0.0
1992-02-20 00:00:00-05:00,3.514707968506382,3.514707968506382,3.4142878590400896,3.4644980430603027,40230,0.0,0.0
1992-02-21 00:00:00-05:00,3.313867807388306,3.313867807388306,3.313867807388306,3.3138678073883057,405,0.0,0.0
1992-02-24 00:00:00-05:00,3.313867807388306,3.313867807388306,3.313867807388306,3.3138678073883057,135,0.0,0.0
1992-02-25 00:00:00-05:00,3.313867807388306,3.313867807388306,3.313867807388306,3.3138678073883057,945,0.0,0.0
1992-02-26 00:00:00-05:00,3.514709330257257,3.615129995779141,3.364079236984253,3.364079236984253,26325,0.0,0.0
1992-02-27 00:00:00-05:00,3.6151285171508785,3.6151285171508785,3.6151285171508785,3.615128517150879,135,0.0,0.0
1992-02-28 00:00:00-05:00,3.6151276327646187,3.815967798233032,3.514707032882281,3.8159677982330322,29700,0.0,0.0
1992-03-02 00:00:00-05:00,3.916388942860271,4.217650048469281,3.916388942860271,4.11722993850708,39015,0.0,0.0
1992-03-03 00:00:00-05:00,4.117228822157848,4.117228822157848,3.815967798233032,3.8159677982330322,17955,0.0,0.0
1992-03-04 00:00:00-05:00,3.9163897037506104,4.016809833222797,3.9163897037506104,3.9163897037506104,12690,0.0,0.0
1992-03-05 00:00:00-05:00,3.9163865537743665,4.016806602478027,3.9163865537743665,4.016806602478027,7425,0.0,0.0
1992-03-06 00:00:00-05:00,3.715549230575561,3.715549230575561,3.715549230575561,3.7155492305755615,2565,0.0,0.0
1992-03-09 00:00:00-05:00,3.815967798233032,3.815967798233032,3.815967798233032,3.8159677982330322,4050,0.0,0.0
1992-03-10 00:00:00-05:00,3.9163897037506104,3.9163897037506104,3.715549444806238,3.9163897037506104,27000,0.0,0.0
1992-03-11 00:00:00-05:00,3.9163897037506104,3.9163897037506104,3.9163897037506104,3.9163897037506104,0,0.0,0.0
1992-03-12 00:00:00-05:00,3.9163897037506104,3.9163897037506104,3.9163897037506104,3.9163897037506104,0,0.0,0.0
1992-03-13 00:00:00-05:00,3.715549230575561,3.8159693542577364,3.715549230575561,3.7155492305755615,4455,0.0,0.0
1992-03-16 00:00:00-05:00,3.916390343416034,3.916390343416034,3.866180658340454,3.866180658340454,2970,0.0,0.0
1992-03-17 00:00:00-05:00,3.9163906683820353,4.016810822588331,3.9163906683820353,3.9666011333465576,41040,0.0,0.0
1992-03-18 00:00:00-05:00,4.016806602478027,4.016806602478027,4.016806602478027,4.016806602478027,405,0.0,0.0
1992-03-19 00:00:00-05:00,3.9163897037506104,3.9163897037506104,3.9163897037506104,3.9163897037506104,2700,0.0,0.0
1992-03-20 00:00:00-05:00,3.9163906683820353,4.016810822588331,3.9163906683820353,3.9666011333465576,22950,0.0,0.0
1992-03-23 00:00:00-05:00,4.016806602478027,4.016806602478027,4.016806602478027,4.016806602478027,270,0.0,0.0
1992-03-24 00:00:00-05:00,3.815967798233032,3.815967798233032,3.815967798233032,3.8159677982330322,540,0.0,0.0
1992-03-25 00:00:00-05:00,4.11722993850708,4.11722993850708,4.11722993850708,4.11722993850708,810,0.0,0.0
1992-03-26 00:00:00-05:00,4.11722993850708,4.11722993850708,4.11722993850708,4.11722993850708,405,0.0,0.0
1992-03-27 00:00:00-05:00,4.117230738417541,4.117230738417541,3.9163897037506104,3.9163897037506104,13230,0.0,0.0
1992-03-30 00:00:00-05:00,3.9163897037506104,3.9163897037506104,3.9163897037506104,3.9163897037506104,5400,0.0,0.0
1992-03-31 00:00:00-05:00,4.11722993850708,4.11722993850708,3.966599385702575,4.11722993850708,8100,0.0,0.0
1992-04-01 00:00:00-05:00,4.11722993850708,4.11722993850708,4.11722993850708,4.11722993850708,0,0.0,0.0
1992-04-02 00:00:00-05:00,4.11722993850708,4.11722993850708,4.11722993850708,4.11722993850708,0,0.0,0.0
1992-04-03 00:00:00-05:00,3.9163865537743665,4.117227426903622,3.9163865537743665,4.016806602478027,29835,0.0,0.0
1992-04-06 00:00:00-04:00,3.9163884518296075,4.117229422295289,3.9163884518296075,4.067018985748291,17550,0.0,0.0
1992-04-07 00:00:00-04:00,4.117231752517377,4.117231752517377,3.9163906683820353,3.9666011333465576,31050,0.0,0.0
1992-04-08 00:00:00-04:00,3.815966505070706,4.016806602478027,3.815966505070706,4.016806602478027,13500,0.0,0.0
1992-04-09 00:00:00-04:00,4.016810822588331,4.016810822588331,3.9163906683820353,3.9666011333465576,24165,0.0,0.0
1992-04-10 00:00:00-04:00,3.966601133346558,3.966601133346558,3.966601133346558,3.9666011333465576,0,0.0,0.0
1992-04-13 00:00:00-04:00,3.966601133346558,3.966601133346558,3.966601133346558,3.9666011333465576,0,0.0,0.0
1992-04-14 00:00:00-04:00,3.815966505070706,4.016806602478027,3.815966505070706,4.016806602478027,4725,0.0,0.0
1992-04-15 00:00:00-04:00,3.815967798233032,3.815967798233032,3.815967798233032,3.8159677982330322,3510,0.0,0.0
1992-04-16 00:00:00-04:00,3.815967798233032,3.815967798233032,3.815967798233032,3.8159677982330322,0,0.0,0.0
1992-04-20 00:00:00-04:00,3.9163865537743665,4.016806602478027,3.815966505070706,4.016806602478027,4860,0.0,0.0
1992-04-21 00:00:00-04:00,4.016806602478027,4.016806602478027,4.016806602478027,4.016806602478027,2700,0.0,0.0
1992-04-22 00:00:00-04:00,3.815967798233032,3.9163878809672386,3.815967798233032,3.8159677982330322,7695,0.0,0.0
1992-04-23 00:00:00-04:00,3.715549230575561,4.016809601622087,3.615129106893386,3.7155492305755615,25920,0.0,0.0
1992-04-24 00:00:00-04:00,3.815967798233032,3.815967798233032,3.815967798233032,3.8159677982330322,135,0.0,0.0
1992-04-27 00:00:00-04:00,3.715549230575561,3.715549230575561,3.715549230575561,3.7155492305755615,270,0.0,0.0
1992-04-28 00:00:00-04:00,3.715549230575561,3.715549230575561,3.715549230575561,3.7155492305755615,0,0.0,0.0
1992-04-29 00:00:00-04:00,3.5147084660628685,3.715549230575561,3.5147084660628685,3.7155492305755615,2565,0.0,0.0
1992-04-30 00:00:00-04:00,3.5147084660628685,3.715549230575561,3.5147084660628685,3.7155492305755615,6210,0.0,0.0
1992-05-01 00:00:00-04:00,3.815967798233032,3.815967798233032,3.6653375448446894,3.8159677982330322,6750,0.0,0.0
1992-05-04 00:00:00-04:00,3.815967798233032,3.815967798233032,3.815967798233032,3.8159677982330322,0,0.0,0.0
1992-05-05 00:00:00-04:00,3.9163878809672386,3.9163878809672386,3.6151276327646187,3.8159677982330322,22410,0.0,0.0
1992-05-06 00:00:00-04:00,3.715549230575561,3.715549230575561,3.715549230575561,3.7155492305755615,1350,0.0,0.0
1992-05-07 00:00:00-04:00,3.8159687317517985,3.8159687317517985,3.6151285171508785,3.615128517150879,1620,0.0,0.0
1992-05-08 00:00:00-04:00,3.6151285171508785,3.6151285171508785,3.6151285171508785,3.615128517150879,0,0.0,0.0
1992-05-11 00:00:00-04:00,3.6151285171508785,3.6151285171508785,3.6151285171508785,3.615128517150879,0,0.0,0.0
1992-05-12 00:00:00-04:00,3.6151276327646187,3.815967798233032,3.6151276327646187,3.8159677982330322,3105,0.0,0.0
1992-05-13 00:00:00-04:00,3.6151285171508785,3.6151285171508785,3.6151285171508785,3.615128517150879,135,0.0,0.0
1992-05-14 00:00:00-04:00,3.6151285171508785,3.8159687317517985,3.6151285171508785,3.615128517150879,810,0.0,0.0
1992-05-15 00:00:00-04:00,3.6151285171508785,3.6151285171508785,3.6151285171508785,3.615128517150879,0,0.0,0.0
1992-05-18 00:00:00-04:00,3.615128826001194,3.6653387546539307,3.615128826001194,3.6653387546539307,24300,0.0,0.0
1992-05-19 00:00:00-04:00,3.715549444806238,3.9163897037506104,3.715549444806238,3.9163897037506104,25110,0.0,0.0
1992-05-20 00:00:00-04:00,3.9163897037506104,3.9163897037506104,3.9163897037506104,3.9163897037506104,0,0.0,0.0
1992-05-21 00:00:00-04:00,3.7657576275788958,3.9163878809672386,3.6151276327646187,3.8159677982330322,64935,0.0,0.0
1992-05-22 00:00:00-04:00,3.815969057760443,3.8661795035614817,3.615128826001194,3.6653387546539307,145800,0.0,0.0
1992-05-26 00:00:00-04:00,3.6653387546539307,3.6653387546539307,3.6653387546539307,3.6653387546539307,0,0.0,0.0
1992-05-27 00:00:00-04:00,3.6151285171508785,3.765758548814504,3.6151285171508785,3.615128517150879,2700,0.0,0.0
1992-05-28 00:00:00-04:00,3.6151287129989322,3.9163890512209623,3.6151287129989322,3.765758752822876,18900,0.0,0.0
1992-05-29 00:00:00-04:00,3.715548825739609,3.9163890512209623,3.6151287129989322,3.765758752822876,14850,0.0,0.0
1992-06-01 00:00:00-04:00,3.715549444806238,3.9163897037506104,3.715549444806238,3.9163897037506104,1485,0.0,0.0
1992-06-02 00:00:00-04:00,3.715549230575561,3.7657591631295633,3.715549230575561,3.7155492305755615,12420,0.0,0.0
1992-06-03 00:00:00-04:00,3.7155486244513387,3.765758548814504,3.6151285171508785,3.615128517150879,8100,0.0,0.0
1992-06-04 00:00:00-04:00,3.9163897037506104,3.9163897037506104,3.9163897037506104,3.9163897037506104,2970,0.0,0.0
1992-06-05 00:00:00-04:00,3.765758752822876,3.765758752822876,3.765758752822876,3.765758752822876,1350,0.0,0.0
1992-06-08 00:00:00-04:00,3.765758752822876,3.765758752822876,3.765758752822876,3.765758752822876,0,0.0,0.0
1992-06-09 00:00:00-04:00,3.8159689384802857,3.9163890512209623,3.715548825739609,3.765758752822876,30375,0.0,0.0
1992-06-10 00:00:00-04:00,3.715549230575561,3.715549230575561,3.615129106893386,3.7155492305755615,3375,0.0,0.0
1992-06-11 00:00:00-04:00,3.715549230575561,3.715549230575561,3.715549230575561,3.7155492305755615,0,0.0,0.0
1992-06-12 00:00:00-04:00,3.715549230575561,3.715549230575561,3.715549230575561,3.7155492305755615,0,0.0,0.0
1992-06-15 00:00:00-04:00,3.9163888390522583,3.9163888390522583,3.6151285171508785,3.615128517150879,540,0.0,0.0
1992-06-16 00:00:00-04:00,3.9163878809672386,3.9163878809672386,3.6151276327646187,3.8159677982330322,22410,0.0,0.0
1992-06-17 00:00:00-04:00,3.615129106893386,3.9163894779399113,3.615129106893386,3.7155492305755615,9315,0.0,0.0
1992-06-18 00:00:00-04:00,3.6151285171508785,3.6151285171508785,3.6151285171508785,3.615128517150879,1080,0.0,0.0
1992-06-19 00:00:00-04:00,3.6151285171508785,3.6151285171508785,3.6151285171508785,3.615128517150879,0,0.0,0.0
1992-06-22 00:00:00-04:00,3.6151285171508785,3.6151285171508785,3.6151285171508785,3.615128517150879,0,0.0,0.0
1992-06-23 00:00:00-04:00,3.7155477154988255,3.9163878809672386,3.6151276327646187,3.8159677982330322,39015,0.0,0.0
1992-06-24 00:00:00-04:00,3.7155477154988255,3.815967798233032,3.7155477154988255,3.8159677982330322,5400,0.0,0.0
1992-06-25 00:00:00-04:00,3.715549230575561,3.8159693542577364,3.715549230575561,3.7155492305755615,149850,0.0,0.0
1992-06-26 00:00:00-04:00,3.715549230575561,3.715549230575561,3.715549230575561,3.7155492305755615,0,0.0,0.0
1992-06-29 00:00:00-04:00,3.9163894779399113,3.9163894779399113,3.715549230575561,3.7155492305755615,5670,0.0,0.0
1992-06-30 00:00:00-04:00,3.9163897037506104,3.9163897037506104,3.9163897037506104,3.9163897037506104,6750,0.0,0.0
1992-07-01 00:00:00-04:00,3.9163897037506104,3.9163897037506104,3.9163897037506104,3.9163897037506104,2700,0.0,0.0
1992-07-02 00:00:00-04:00,3.715549444806238,3.9163897037506104,3.715549444806238,3.9163897037506104,6480,0.0,0.0
1992-07-06 00:00:00-04:00,3.916388942860271,4.11722993850708,3.8159688328980703,4.11722993850708,8370,0.0,0.0
1992-07-07 00:00:00-04:00,4.016806959914424,4.5189080238342285,3.866177261316086,4.5189080238342285,42525,0.0,0.0
1992-07-08 00:00:00-04:00,4.518910144370013,4.518910144370013,4.318069934844971,4.318069934844971,95715,0.0,0.0
1992-07-09 00:00:00-04:00,4.318067908555108,4.5189080238342285,4.318067908555108,4.5189080238342285,24030,0.0,0.0
1992-07-10 00:00:00-04:00,4.46870085723922,4.518910787479049,4.318070549371417,4.418490409851074,34425,0.0,0.0
1992-07-13 00:00:00-04:00,4.518910787479049,4.518910787479049,4.318070549371417,4.418490409851074,32535,0.0,0.0
1992-07-14 00:00:00-04:00,4.318069934844971,4.518910144370013,4.318069934844971,4.318069934844971,12555,0.0,0.0
1992-07-15 00:00:00-04:00,4.318070549371417,4.418490409851074,4.318070549371417,4.418490409851074,13635,0.0,0.0
1992-07-16 00:00:00-04:00,4.5189080238342285,4.5189080238342285,4.418487707620667,4.5189080238342285,8910,0.0,0.0
1992-07-17 00:00:00-04:00,4.318069934844971,4.318069934844971,4.21764983008245,4.318069934844971,14175,0.0,0.0
1992-07-20 00:00:00-04:00,4.217649459838867,4.217649459838867,4.217649459838867,4.217649459838867,2025,0.0,0.0
1992-07-21 00:00:00-04:00,4.217647850915548,4.5189080238342285,4.217647850915548,4.5189080238342285,26325,0.0,0.0
1992-07-22 00:00:00-04:00,4.518909601705637,4.518909601705637,4.217649323595656,4.267858982086182,63450,0.0,0.0
1992-07-23 00:00:00-04:00,4.267857491874326,4.5189080238342285,4.267857491874326,4.5189080238342285,7290,0.0,0.0
1992-07-24 00:00:00-04:00,4.518910787479049,4.518910787479049,4.418490409851074,4.418490409851074,7425,0.0,0.0
1992-07-27 00:00:00-04:00,4.217647850915548,4.5189080238342285,4.217647850915548,4.5189080238342285,6885,0.0,0.0
1992-07-28 00:00:00-04:00,4.418489495105151,4.518909851943416,4.418489495105151,4.468699932098389,59130,0.0,0.0
1992-07-29 00:00:00-04:00,4.217649839154244,4.719750881195068,4.217649839154244,4.719750881195068,56295,0.0,0.0
1992-07-30 00:00:00-04:00,4.418489495105151,4.569120288936655,4.318069655415096,4.468699932098389,28485,0.0,0.0
1992-07-31 00:00:00-04:00,4.318067908555108,4.5189080238342285,4.318067908555108,4.5189080238342285,2160,0.0,0.0
1992-08-03 00:00:00-04:00,4.619332313537598,4.619332313537598,4.619332313537598,4.619332313537598,6750,0.0,0.0
1992-08-04 00:00:00-04:00,4.418490409851074,4.418490409851074,4.418490409851074,4.418490409851074,3105,0.0,0.0
1992-08-05 00:00:00-04:00,4.418490409851074,4.418490409851074,4.418490409851074,4.418490409851074,0,0.0,0.0
1992-08-06 00:00:00-04:00,4.518910144370013,4.518910144370013,4.318069934844971,4.318069934844971,1890,0.0,0.0
1992-08-07 00:00:00-04:00,4.5189080238342285,4.5189080238342285,4.418487707620667,4.5189080238342285,25920,0.0,0.0
1992-08-10 00:00:00-04:00,4.518909851943416,4.518909851943416,4.418489495105151,4.468699932098389,22950,0.0,0.0
1992-08-11 00:00:00-04:00,4.569120594440234,4.719750881195068,4.418489790537152,4.719750881195068,54675,0.0,0.0
1992-08-12 00:00:00-04:00,4.6695406906331485,4.920591354370118,4.518910395820622,4.920591354370117,51705,0.0,0.0
1992-08-13 00:00:00-04:00,5.021011074096744,5.021011074096744,4.820170879364014,4.820170879364014,19575,0.0,0.0
1992-08-14 00:00:00-04:00,5.021014213562012,5.021014213562012,4.820173893250826,5.021014213562012,41445,0.0,0.0
1992-08-17 00:00:00-04:00,4.820170879364014,5.021011074096744,4.820170879364014,4.820170879364014,3105,0.0,0.0
1992-08-18 00:00:00-04:00,5.021011454704738,5.021011454704738,4.719750881195068,4.719750881195068,24840,0.0,0.0
1992-08-19 00:00:00-04:00,4.5189080238342285,4.5189080238342285,4.5189080238342285,4.5189080238342285,270,0.0,0.0
1992-08-20 00:00:00-04:00,4.619330684631284,4.820170879364014,4.619330684631284,4.820170879364014,3915,0.0,0.0
1992-08-21 00:00:00-04:00,4.51891140503769,4.8201725790922465,4.51891140503769,4.619332313537598,10800,0.0,0.0
1992-08-24 00:00:00-04:00,4.619332313537598,4.619332313537598,4.619332313537598,4.619332313537598,0,0.0,0.0
1992-08-25 00:00:00-04:00,4.5189080238342285,4.5189080238342285,4.5189080238342285,4.5189080238342285,2025,0.0,0.0
1992-08-26 00:00:00-04:00,4.5189080238342285,4.5189080238342285,4.5189080238342285,4.5189080238342285,7020,0.0,0.0
1992-08-27 00:00:00-04:00,4.619332955393478,4.769962787628174,4.619332955393478,4.769962787628174,13500,0.0,0.0
1992-08-28 00:00:00-04:00,4.619332313537598,4.619332313537598,4.619332313537598,4.619332313537598,5400,0.0,0.0
1992-08-31 00:00:00-04:00,4.719750523423546,4.820170879364014,4.619330684631284,4.820170879364014,8100,0.0,0.0
1992-09-01 00:00:00-04:00,4.669540086879207,4.820170879364014,4.619330684631284,4.820170879364014,6210,0.0,0.0
1992-09-02 00:00:00-04:00,4.51891140503769,4.619332313537598,4.51891140503769,4.619332313537598,2970,0.0,0.0
1992-09-03 00:00:00-04:00,4.518910154089792,4.719750881195068,4.518910154089792,4.719750881195068,5805,0.0,0.0
1992-09-04 00:00:00-04:00,4.569121234867195,4.669541095346852,4.418490409851074,4.418490409851074,5400,0.0,0.0
1992-09-08 00:00:00-04:00,4.619332313537598,4.619332313537598,4.619332313537598,4.619332313537598,405,0.0,0.0
1992-09-09 00:00:00-04:00,4.468702379455163,4.569122791290283,4.468702379455163,4.569122791290283,4455,0.0,0.0
1992-09-10 00:00:00-04:00,4.619331682255342,4.619331682255342,4.418490409851074,4.418490409851074,49950,0.0,0.0
1992-09-11 00:00:00-04:00,4.418491013686171,4.619332313537598,4.418491013686171,4.619332313537598,17010,0.0,0.0
1992-09-14 00:00:00-04:00,4.619330725929893,4.619330725929893,4.418489495105151,4.468699932098389,39285,0.0,0.0
1992-09-15 00:00:00-04:00,4.46870085723922,4.518910787479049,4.418490409851074,4.418490409851074,17145,0.0,0.0
1992-09-16 00:00:00-04:00,4.619332313537598,4.619332313537598,4.51891140503769,4.619332313537598,12420,0.0,0.0
1992-09-17 00:00:00-04:00,4.418491013686171,4.619332313537598,4.418491013686171,4.619332313537598,8775,0.0,0.0
1992-09-18 00:00:00-04:00,4.719752187740728,4.8201725790922465,4.619332313537598,4.619332313537598,23625,0.0,0.0
1992-09-21 00:00:00-04:00,4.619331034790676,4.820171244747708,4.619331034790676,4.719750881195068,22545,0.0,0.0
1992-09-22 00:00:00-04:00,4.820170879364014,4.820170879364014,4.820170879364014,4.820170879364014,675,0.0,0.0
1992-09-23 00:00:00-04:00,4.820170879364014,4.820170879364014,4.820170879364014,4.820170879364014,135,0.0,0.0
1992-09-24 00:00:00-04:00,4.619331034790676,4.820171244747708,4.619331034790676,4.719750881195068,5130,0.0,0.0
1992-09-25 00:00:00-04:00,4.619332313537598,4.619332313537598,4.619332313537598,4.619332313537598,675,0.0,0.0
1992-09-28 00:00:00-04:00,4.56911844051501,4.619328857195792,4.5189080238342285,4.5189080238342285,44820,0.0,0.0
1992-09-29 00:00:00-04:00,4.5189080238342285,4.5189080238342285,4.5189080238342285,4.5189080238342285,0,0.0,0.0
1992-09-30 00:00:00-04:00,4.669540086879207,4.820170879364014,4.619330684631284,4.820170879364014,16875,0.0,0.0
1992-10-01 00:00:00-04:00,4.870379791043658,5.1214303970336905,4.719750048027423,5.121430397033691,247725,0.0,0.0
1992-10-02 00:00:00-04:00,5.1214303970336905,5.1214303970336905,4.920590222530557,5.121430397033691,30780,0.0,0.0
1992-10-05 00:00:00-04:00,4.920592414556579,5.121432678530056,4.920592414556579,5.071223258972168,45900,0.0,0.0
1992-10-06 00:00:00-04:00,5.021011756512005,5.12143160895252,4.920591386923213,4.970801830291748,32940,0.0,0.0
1992-10-07 00:00:00-04:00,5.1214303970336905,5.1214303970336905,4.920590222530557,5.121430397033691,12285,0.0,0.0
1992-10-08 00:00:00-04:00,5.121431887195577,5.3222726372846685,4.92059165425479,5.221852779388428,115425,0.0,0.0
1992-10-09 00:00:00-04:00,5.3222726372846685,5.3222726372846685,5.121431887195577,5.221852779388428,27810,0.0,0.0
1992-10-12 00:00:00-04:00,5.3222726372846685,5.3222726372846685,5.121431887195577,5.221852779388428,46710,0.0,0.0
1992-10-13 00:00:00-04:00,5.12143018680185,5.322270870208741,5.12143018680185,5.32227087020874,34020,0.0,0.0
1992-10-14 00:00:00-04:00,5.221851045653429,5.322270870208741,5.12143018680185,5.32227087020874,22005,0.0,0.0
1992-10-15 00:00:00-04:00,5.322270870208741,5.322270870208741,5.12143018680185,5.32227087020874,25515,0.0,0.0
1992-10-16 00:00:00-04:00,5.322270870208741,5.523111553615632,5.221851045653429,5.32227087020874,51165,0.0,0.0
1992-10-19 00:00:00-04:00,5.52311372756958,5.7239544900294455,5.322272965109715,5.52311372756958,68445,0.0,0.0
1992-10-20 00:00:00-04:00,5.7239547823722665,5.824374651582663,5.6235338788651426,5.774164199829102,76680,0.0,0.0
1992-10-21 00:00:00-04:00,5.824376637506595,5.924797058105469,5.623535796308847,5.924797058105469,60615,0.0,0.0
1992-10-22 00:00:00-04:00,5.924797151245442,6.326478322806973,5.924797151245442,6.025217056274414,144315,0.0,0.0
1992-10-23 00:00:00-04:00,5.924797151245442,6.125637478451933,5.924797151245442,6.025217056274414,24570,0.0,0.0
1992-10-26 00:00:00-05:00,5.924794929474091,5.975005380308432,5.723954677581787,5.723954677581787,36315,0.0,0.0
1992-10-27 00:00:00-05:00,5.824376637506595,6.125637382154677,5.824376637506595,5.924797058105469,21195,0.0,0.0
1992-10-28 00:00:00-05:00,6.125634600094578,6.125634600094578,5.924794367260343,6.075424671173096,53325,0.0,0.0
1992-10-29 00:00:00-05:00,6.125634888731453,6.125634888731453,5.824374266710697,5.874584197998047,37935,0.0,0.0
1992-10-30 00:00:00-05:00,6.025217056274414,6.025217056274414,6.025217056274414,6.025217056274414,540,0.0,0.0
1992-11-02 00:00:00-05:00,5.8243722915649405,6.0252124657542785,5.8243722915649405,5.824372291564941,37530,0.0,0.0
1992-11-03 00:00:00-05:00,5.824373999120151,5.924794374229543,5.623533248901367,5.623533248901367,12285,0.0,0.0
1992-11-04 00:00:00-05:00,5.8243722915649405,5.8243722915649405,5.62353160022745,5.824372291564941,4050,0.0,0.0
1992-11-05 00:00:00-05:00,5.62353160022745,5.8243722915649405,5.62353160022745,5.824372291564941,36855,0.0,0.0
1992-11-06 00:00:00-05:00,5.8243767290679225,6.025217056274414,5.723956824038951,6.025217056274414,36045,0.0,0.0
1992-11-09 00:00:00-05:00,6.025217056274414,6.025217056274414,5.723956824038951,6.025217056274414,22140,0.0,0.0
1992-11-10 00:00:00-05:00,5.723956824038951,6.025217056274414,5.723956824038951,6.025217056274414,18495,0.0,0.0
1992-11-11 00:00:00-05:00,6.025216961555803,6.025216961555803,5.924797058105469,5.924797058105469,14310,0.0,0.0
1992-11-12 00:00:00-05:00,5.723954141159064,5.824373999120151,5.623533248901367,5.623533248901367,10665,0.0,0.0
1992-11-13 00:00:00-05:00,5.623533248901367,5.824373999120151,5.623533248901367,5.623533248901367,3915,0.0,0.0
1992-11-16 00:00:00-05:00,5.52311390854113,5.723954677581787,5.52311390854113,5.723954677581787,39420,0.0,0.0
1992-11-17 00:00:00-05:00,5.523112376385227,5.723953089711052,5.523112376385227,5.573322296142578,11610,0.0,0.0
1992-11-18 00:00:00-05:00,5.422693524020801,5.723954677581787,5.422693524020801,5.723954677581787,8775,0.0,0.0
1992-11-19 00:00:00-05:00,5.422692775726318,5.422692775726318,5.422692775726318,5.422692775726318,1890,0.0,0.0
1992-11-20 00:00:00-05:00,5.623533248901367,5.623533248901367,5.37248256970204,5.623533248901367,76815,0.0,0.0
1992-11-23 00:00:00-05:00,5.523112376385227,5.573322296142578,5.523112376385227,5.573322296142578,26595,0.0,0.0
1992-11-24 00:00:00-05:00,5.623533591651176,5.623533591651176,5.422693346339647,5.52311372756958,2970,0.0,0.0
1992-11-25 00:00:00-05:00,5.422693015830888,5.623533248901367,5.422693015830888,5.623533248901367,945,0.0,0.0
1992-11-27 00:00:00-05:00,5.623533248901367,5.623533248901367,5.623533248901367,5.623533248901367,0,0.0,0.0
1992-11-30 00:00:00-05:00,5.723954677581787,5.723954677581787,5.723954677581787,5.723954677581787,270,0.0,0.0
1992-12-01 00:00:00-05:00,5.8243722915649405,5.8243722915649405,5.8243722915649405,5.824372291564941,7695,0.0,0.0
1992-12-02 00:00:00-05:00,6.025217056274414,6.025217056274414,5.924797151245442,6.025217056274414,21870,0.0,0.0
1992-12-03 00:00:00-05:00,5.8243767290679225,6.025217056274414,5.8243767290679225,6.025217056274414,7155,0.0,0.0
1992-12-04 00:00:00-05:00,6.025217056274414,6.025217056274414,5.8243767290679225,6.025217056274414,6075,0.0,0.0
1992-12-07 00:00:00-05:00,6.136791229248047,6.136791229248047,6.136791229248047,6.136791229248047,270,1.111111,0.0
1992-12-08 00:00:00-05:00,6.136791229248047,6.24836882325305,6.136791229248047,6.136791229248047,25380,0.0,0.0
1992-12-09 00:00:00-05:00,6.136794560907503,6.359951019287109,6.136794560907503,6.359951019287109,19845,0.0,0.0
1992-12-10 00:00:00-05:00,6.359947566476243,6.359947566476243,6.136791229248047,6.136791229248047,34695,0.0,0.0
1992-12-11 00:00:00-05:00,6.359951019287109,6.359951019287109,6.359951019287109,6.359951019287109,1350,0.0,0.0
1992-12-14 00:00:00-05:00,6.136794560907503,6.359951019287109,6.136794560907503,6.359951019287109,15390,0.0,0.0
1992-12-15 00:00:00-05:00,6.359948452524095,6.359948452524095,6.248369693756104,6.2483696937561035,13095,0.0,0.0
1992-12-16 00:00:00-05:00,6.136791259383778,6.471525192260743,6.136791259383778,6.471525192260742,2025,0.0,0.0
1992-12-17 00:00:00-05:00,6.359951019287109,6.58310690305731,6.359951019287109,6.359951019287109,35505,0.0,0.0
1992-12-18 00:00:00-05:00,6.47152642011123,6.583104610443115,6.359948804388552,6.583104610443115,36720,0.0,0.0
1992-12-21 00:00:00-05:00,6.583107320641733,6.694684982299805,6.471529084374218,6.694684982299805,15930,0.0,0.0
1992-12-22 00:00:00-05:00,6.694684982299805,6.694684982299805,6.471529084374218,6.694684982299805,16605,0.0,0.0
1992-12-23 00:00:00-05:00,6.694684268758404,6.806262493133546,6.583106618992644,6.806262493133545,73575,0.0,0.0
1992-12-24 00:00:00-05:00,6.694683211397392,6.91783905029297,6.583105579254249,6.917839050292969,48465,0.0,0.0
1992-12-28 00:00:00-05:00,6.91783905029297,6.91783905029297,6.694683211397392,6.917839050292969,22140,0.0,0.0
1992-12-29 00:00:00-05:00,6.862050808830689,6.91783905029297,6.694683211397392,6.917839050292969,44145,0.0,0.0
1992-12-30 00:00:00-05:00,6.917840880225391,6.917840880225391,6.694684982299805,6.694684982299805,27675,0.0,0.0
1992-12-31 00:00:00-05:00,6.694680638979027,7.029415130615234,6.694680638979027,7.029415130615234,8505,0.0,0.0
1993-01-04 00:00:00-05:00,7.029417831654695,7.029417831654695,6.694683211397392,6.917839050292969,37665,0.0,0.0
1993-01-05 00:00:00-05:00,6.91783905029297,6.91783905029297,6.694683211397392,6.917839050292969,25110,0.0,0.0
1993-01-06 00:00:00-05:00,6.91783905029297,6.91783905029297,6.91783905029297,6.917839050292969,810,0.0,0.0
1993-01-07 00:00:00-05:00,6.91783905029297,6.91783905029297,6.806261418149826,6.917839050292969,9180,0.0,0.0
1993-01-08 00:00:00-05:00,6.806261418149826,6.91783905029297,6.694683211397392,6.917839050292969,22410,0.0,0.0
1993-01-11 00:00:00-05:00,6.806263218567319,6.917840880225391,6.694684982299805,6.694684982299805,19035,0.0,0.0
1993-01-12 00:00:00-05:00,6.9178377105774675,7.0294164703307365,6.750471294775104,6.973627090454102,70065,0.0,0.0
1993-01-13 00:00:00-05:00,7.252572151309634,7.475727943459403,7.029416359159866,7.308361530303955,163215,0.0,0.0
1993-01-14 00:00:00-05:00,7.58730190292237,8.033613204956055,7.475723215500738,8.033613204956055,127440,0.0,0.0
1993-01-15 00:00:00-05:00,8.033618266436346,8.033618266436346,7.698884291711741,7.810462474822998,115695,0.0,0.0
1993-01-18 00:00:00-05:00,7.810462092528923,7.922039695569689,7.587306311838252,7.866251468658447,74115,0.0,0.0
1993-01-19 00:00:00-05:00,7.922035092143229,8.145191892377687,7.698879441126387,8.033613204956055,61965,0.0,0.0
1993-01-20 00:00:00-05:00,7.922039615976027,8.47992992401123,7.922039615976027,8.47992992401123,108405,0.0,0.0
1993-01-21 00:00:00-05:00,8.25677414556263,8.47992992401123,8.25677414556263,8.47992992401123,57645,0.0,0.0
1993-01-22 00:00:00-05:00,8.479932058020964,9.595712954882215,8.256776223414283,9.14940071105957,221265,0.0,0.0
1993-01-25 00:00:00-05:00,9.149401064422479,9.48413511656505,8.926244646587898,9.260978698730469,111105,0.0,0.0
1993-01-26 00:00:00-05:00,9.484130859375,9.707286602431227,9.26097454170973,9.484130859375,125145,0.0,0.0
1993-01-27 00:00:00-05:00,9.48413239459797,9.818865776062012,9.260976040809759,9.818865776062012,229095,0.0,0.0
1993-01-28 00:00:00-05:00,9.707287394042753,9.818864987365293,9.595709800720215,9.595709800720215,89775,0.0,0.0
1993-01-29 00:00:00-05:00,9.818866594057788,9.818866594057788,8.479930658220225,8.92624282836914,95580,0.0,0.0
1993-02-01 00:00:00-05:00,9.260978698730469,9.260978698730469,8.926244646587898,9.260978698730469,28890,0.0,0.0
1993-02-02 00:00:00-05:00,9.260978341058273,9.260978341058273,8.926244301843608,9.14940071105957,7965,0.0,0.0
1993-02-03 00:00:00-05:00,8.926244301843608,9.14940071105957,8.814666671844908,9.14940071105957,16200,0.0,0.0
1993-02-04 00:00:00-05:00,9.14940071105957,9.14940071105957,8.926244301843608,9.14940071105957,40230,0.0,0.0
1993-02-05 00:00:00-05:00,8.814666671844908,9.14940071105957,8.814666671844908,9.14940071105957,39960,0.0,0.0
1993-02-08 00:00:00-05:00,8.8146652167888,9.14939920074819,8.8146652167888,8.92624282836914,8505,0.0,0.0
1993-02-09 00:00:00-05:00,9.14939920074819,9.14939920074819,8.92624282836914,8.92624282836914,9315,0.0,0.0
1993-02-10 00:00:00-05:00,8.70308645599009,8.92624282836914,8.59150884440975,8.92624282836914,14850,0.0,0.0
1993-02-11 00:00:00-05:00,8.92624282836914,9.14939920074819,8.70308645599009,8.92624282836914,48330,0.0,0.0
1993-02-12 00:00:00-05:00,9.14940071105957,9.14940071105957,9.14940071105957,9.14940071105957,540,0.0,0.0
1993-02-16 00:00:00-05:00,8.814665261512827,8.926242873659291,8.033618528832443,8.25677490234375,70740,0.0,0.0
1993-02-17 00:00:00-05:00,8.368356622496025,8.479934281754264,8.145200729370117,8.145200729370117,48600,0.0,0.0
1993-02-18 00:00:00-05:00,8.47992992401123,8.591508100540098,8.25677414556263,8.47992992401123,26865,0.0,0.0
1993-02-19 00:00:00-05:00,8.591509819030762,8.591509819030762,8.256775797099138,8.591509819030762,31320,0.0,0.0
1993-02-22 00:00:00-05:00,8.647300720214844,8.814667760492695,8.479933105327643,8.647300720214844,20385,0.0,0.0
1993-02-23 00:00:00-05:00,8.926246169969465,8.926246169969465,8.479933832740523,8.703089714050293,3510,0.0,0.0
1993-02-24 00:00:00-05:00,8.814665794372559,8.814665794372559,8.479931213870394,8.814665794372559,5400,0.0,0.0
1993-02-25 00:00:00-05:00,8.814665794372559,8.814665794372559,8.647298791426088,8.814665794372559,9045,0.0,0.0
1993-02-26 00:00:00-05:00,8.591509819030762,8.591509819030762,8.368353995946096,8.591509819030762,8505,0.0,0.0
1993-03-01 00:00:00-05:00,9.037818818085192,9.037818818085192,8.535717964172363,8.535717964172363,59400,0.0,1.5
1993-03-02 00:00:00-05:00,8.5357235362126,8.703090022163103,8.368356475652678,8.45203971862793,27360,0.0,0.0
1993-03-03 00:00:00-05:00,8.703083584554786,8.703083584554786,8.368350285644174,8.619400978088379,17640,0.0,0.0
1993-03-04 00:00:00-05:00,8.870451955709239,9.037818908691406,8.703084428118018,9.037818908691406,47700,0.0,0.0
1993-03-05 00:00:00-05:00,9.037819902823085,9.707287788391113,9.037819902823085,9.707287788391113,59580,0.0,0.0
1993-03-08 00:00:00-05:00,9.707287233464076,9.874654769897461,9.372553884424551,9.874654769897461,25200,0.0,0.0
1993-03-09 00:00:00-05:00,9.87465828533286,9.87465828533286,9.205189625091855,9.539923667907715,44190,0.0,0.0
1993-03-10 00:00:00-05:00,9.539920816999105,9.707287788391113,9.20518687421509,9.707287788391113,34470,0.0,0.0
1993-03-11 00:00:00-05:00,9.707288936437777,9.790972719335322,9.623605728149414,9.623605728149414,32400,0.0,0.0
1993-03-12 00:00:00-05:00,9.790974617004395,9.790974617004395,9.707290817887406,9.790974617004395,10440,0.0,0.0
1993-03-15 00:00:00-05:00,9.790974487324252,9.790974487324252,9.456239869899107,9.539923667907715,18090,0.0,0.0
1993-03-16 00:00:00-05:00,9.623605728149414,9.790972719335322,9.623605728149414,9.623605728149414,11250,0.0,0.0
1993-03-17 00:00:00-05:00,9.707287788391113,9.707287788391113,9.707287788391113,9.707287788391113,5580,0.0,0.0
1993-03-18 00:00:00-05:00,9.707288936437777,9.707288936437777,9.623605728149414,9.623605728149414,3960,0.0,0.0
1993-03-19 00:00:00-05:00,9.623604589999667,9.707287788391113,9.623604589999667,9.707287788391113,8460,0.0,0.0
1993-03-22 00:00:00-05:00,9.707287788391113,9.707287788391113,9.623604589999667,9.707287788391113,4320,0.0,0.0
1993-03-23 00:00:00-05:00,9.707287788391113,9.707287788391113,9.539920816999105,9.707287788391113,4320,0.0,0.0
1993-03-24 00:00:00-05:00,9.707290689315645,9.707290689315645,9.539923667907715,9.539923667907715,8010,0.0,0.0
1993-03-25 00:00:00-05:00,9.53992194525187,9.623605728149414,9.53992194525187,9.623605728149414,3060,0.0,0.0
1993-03-26 00:00:00-05:00,9.707290817887406,9.790974617004395,9.707290817887406,9.790974617004395,8550,0.0,0.0
1993-03-29 00:00:00-05:00,9.707290689315645,9.790974487324252,9.456239869899107,9.539923667907715,12240,0.0,0.0
1993-03-30 00:00:00-05:00,9.623605728149414,9.707288936437777,9.623605728149414,9.623605728149414,12960,0.0,0.0
1993-03-31 00:00:00-05:00,9.707287788391113,9.707287788391113,9.539920816999105,9.707287788391113,29160,0.0,0.0
1993-04-01 00:00:00-05:00,9.707293150230207,10.293077586356658,9.707293150230207,10.042028427124023,60120,0.0,0.0
1993-04-02 00:00:00-05:00,10.04202601435536,10.04202601435536,9.790974617004395,9.790974617004395,24660,0.0,0.0
1993-04-05 00:00:00-04:00,9.87465645654534,10.460440635681152,9.87465645654534,10.460440635681152,58410,0.0,0.0
1993-04-06 00:00:00-04:00,10.87885780281038,11.297275543212889,10.87885780281038,11.29727554321289,81360,0.0,0.0
1993-04-07 00:00:00-04:00,11.380960725350652,11.715694729129384,10.711492717793186,10.79517650604248,74970,0.0,0.0
1993-04-08 00:00:00-04:00,10.627807805380248,10.878857994354682,10.209390057610646,10.711491584777832,46440,0.0,0.0
1993-04-12 00:00:00-04:00,10.795175364175416,10.878857994354682,10.711491584777832,10.711491584777832,5940,0.0,0.0
1993-04-13 00:00:00-04:00,10.711490194928087,10.711490194928087,10.209388732910156,10.209388732910156,28620,0.0,0.0
1993-04-14 00:00:00-04:00,10.293072320366003,10.544123649597168,10.293072320366003,10.544123649597168,17010,0.0,0.0
1993-04-15 00:00:00-04:00,10.627808200701876,10.627808200701876,10.29307307066043,10.460440635681152,9360,0.0,0.0
1993-04-16 00:00:00-04:00,10.544125199182583,10.627808987891305,10.376757621765138,10.376757621765137,4680,0.0,0.0
1993-04-19 00:00:00-04:00,10.376757621765138,10.376757621765138,10.376757621765138,10.376757621765137,450,0.0,0.0
1993-04-20 00:00:00-04:00,10.293072504350317,10.293072504350317,9.874655913255909,9.95833969116211,9450,0.0,0.0
1993-04-21 00:00:00-04:00,9.874655120630404,9.874655120630404,9.037819707176668,9.456236839294434,34290,0.0,0.0
1993-04-22 00:00:00-04:00,9.372553884424551,9.874654769897461,9.372553884424551,9.874654769897461,17640,0.0,0.0
1993-04-23 00:00:00-04:00,9.874658416121383,9.958342215238371,9.790974617004395,9.790974617004395,2880,0.0,0.0
1993-04-26 00:00:00-04:00,9.874656502232869,9.874656502232869,9.623605728149414,9.623605728149414,3600,0.0,0.0
1993-04-27 00:00:00-04:00,9.456237992511564,9.456237992511564,9.037820809366544,9.205187797546387,18000,0.0,0.0
1993-04-28 00:00:00-04:00,9.205187612990716,9.205187612990716,8.703086083908698,8.954136848449707,14850,0.0,0.0
1993-04-29 00:00:00-04:00,8.954137027972036,9.288871578940894,8.954137027972036,9.205187797546387,19260,0.0,0.0
1993-04-30 00:00:00-04:00,9.121503829956055,9.121503829956055,9.037820055541431,9.121503829956055,3240,0.0,0.0
1993-05-03 00:00:00-04:00,9.037820055541431,9.121503829956055,9.037820055541431,9.121503829956055,6210,0.0,0.0
1993-05-04 00:00:00-04:00,9.121502672487017,9.121502672487017,9.037818908691406,9.037818908691406,4680,0.0,0.0
1993-05-05 00:00:00-04:00,9.205187616466652,9.205187616466652,8.78676986694336,8.78676986694336,10620,0.0,0.0
1993-05-06 00:00:00-04:00,8.703086087195036,8.870453646691683,8.703086087195036,8.78676986694336,9630,0.0,0.0
1993-05-07 00:00:00-04:00,8.703086083908698,8.954136848449707,8.703086083908698,8.954136848449707,2700,0.0,0.0
1993-05-10 00:00:00-04:00,8.954136848449707,9.121504407883155,8.870453643342145,8.954136848449707,16200,0.0,0.0
1993-05-11 00:00:00-04:00,8.870453646691683,8.870453646691683,8.78676986694336,8.78676986694336,7020,0.0,0.0
1993-05-12 00:00:00-04:00,8.703083584554786,8.786767340239187,8.452033466719579,8.619400978088379,11610,0.0,0.0
1993-05-13 00:00:00-04:00,8.535719687367502,8.535719687367502,8.200985142573535,8.284668922424316,7200,0.0,0.0
1993-05-14 00:00:00-04:00,8.033617217187624,8.117300987243652,7.615200090734768,8.117300987243652,24120,0.0,0.0
1993-05-17 00:00:00-04:00,8.200985142573535,8.368352702275098,8.200985142573535,8.284668922424316,20790,0.0,0.0
1993-05-18 00:00:00-04:00,8.284672658068006,8.619407353797273,8.200988840483335,8.45203971862793,6750,0.0,0.0
1993-05-19 00:00:00-04:00,8.535719687367502,8.535719687367502,8.200985142573535,8.284668922424316,6390,0.0,0.0
1993-05-20 00:00:00-04:00,8.36834754339453,8.36834754339453,8.033613204956055,8.033613204956055,4230,0.0,0.0
1993-05-21 00:00:00-04:00,8.117302695451048,8.2009859085083,8.03361890778458,8.2009859085083,4590,0.0,0.0
1993-05-24 00:00:00-04:00,8.033613204956055,8.117296933217874,7.949929476694234,8.033613204956055,3960,0.0,0.0
1993-05-25 00:00:00-04:00,8.033616817960388,8.033616817960388,7.866250435383722,7.949933052062988,4140,0.0,0.0
1993-05-26 00:00:00-04:00,8.117300583857785,8.368351306940914,7.866250435383722,7.949933052062988,13590,0.0,0.0
1993-05-27 00:00:00-04:00,7.7825703620910645,7.86625416769401,7.7825703620910645,7.7825703620910645,6660,0.0,0.0
1993-05-28 00:00:00-04:00,7.866251468658448,7.949934096329881,7.698883914879017,7.866251468658447,28440,0.0,0.0
1993-06-01 00:00:00-04:00,7.949933861196939,9.288870804176177,7.949933861196939,9.121503829956055,23310,0.0,0.0
1993-06-02 00:00:00-04:00,9.539921965134209,9.874656522812835,8.870453998995323,9.288871765136719,57600,0.0,0.0
1993-06-03 00:00:00-04:00,9.37255573272705,9.37255573272705,9.288871948007607,9.37255573272705,12240,0.0,0.0
1993-06-04 00:00:00-04:00,9.372553389264795,9.372553389264795,9.037818908691406,9.037818908691406,22680,0.0,0.0
1993-06-07 00:00:00-04:00,9.121502672487017,9.121502672487017,8.870451955709239,9.037818908691406,5670,0.0,0.0
1993-06-08 00:00:00-04:00,8.95413427699899,8.95413427699899,8.619400978088379,8.619400978088379,2700,0.0,0.0
1993-06-09 00:00:00-04:00,8.619401727129025,8.703084340867594,8.535717964172363,8.535717964172363,5670,0.0,0.0
1993-06-10 00:00:00-04:00,8.368351012868088,8.535717964172363,8.368351012868088,8.535717964172363,6030,0.0,0.0
1993-06-11 00:00:00-04:00,8.619407048647055,8.703089714050293,8.619407048647055,8.703089714050293,12870,0.0,0.0
1993-06-14 00:00:00-04:00,8.703088142853659,8.870455741882324,8.535721693043588,8.870455741882324,10350,0.0,0.0
1993-06-15 00:00:00-04:00,8.786770039792193,9.205187797546387,8.786770039792193,9.205187797546387,13500,0.0,0.0
1993-06-16 00:00:00-04:00,9.288871948007607,9.874656717216123,9.288871948007607,9.37255573272705,49410,0.0,0.0
1993-06-17 00:00:00-04:00,9.539923667907715,9.539923667907715,9.456239869899107,9.539923667907715,41850,0.0,0.0
1993-06-18 00:00:00-04:00,9.539923667907715,9.539923667907715,9.456239869899107,9.539923667907715,12150,0.0,0.0
1993-06-21 00:00:00-04:00,9.623605154146457,10.209389875662412,9.623605154146457,9.95833969116211,16650,0.0,0.0
1993-06-22 00:00:00-04:00,10.042028427124023,10.376761405580112,10.042028427124023,10.042028427124023,30240,0.0,0.0
1993-06-23 00:00:00-04:00,10.209394916352068,10.209394916352068,9.95834460790057,10.042028427124023,25200,0.0,0.0
1993-06-24 00:00:00-04:00,9.958340803594071,10.293073654174805,9.958340803594071,10.293073654174805,15750,0.0,0.0
1993-06-25 00:00:00-04:00,10.209392378437904,10.209392378437904,10.042025930814852,10.12570858001709,28440,0.0,0.0
1993-06-28 00:00:00-04:00,10.125706097756213,10.209389875662412,9.95833969116211,9.95833969116211,14760,0.0,0.0
1993-06-29 00:00:00-04:00,10.042023469068308,10.125706097756213,9.95833969116211,9.95833969116211,4590,0.0,0.0
1993-06-30 00:00:00-04:00,10.042023469068308,10.125706097756213,9.874655913255909,9.95833969116211,7920,0.0,0.0
1993-07-01 00:00:00-04:00,10.042028427124023,10.293077586356658,10.042028427124023,10.042028427124023,38790,0.0,0.0
1993-07-02 00:00:00-04:00,10.125711097128614,10.125711097128614,10.042028427124023,10.042028427124023,2790,0.0,0.0
1993-07-06 00:00:00-04:00,10.125704964370806,10.209388732910156,10.042022345049624,10.209388732910156,6930,0.0,0.0
1993-07-07 00:00:00-04:00,10.209394916352068,10.209394916352068,10.042028427124023,10.042028427124023,13500,0.0,0.0
1993-07-08 00:00:00-04:00,10.042023469068308,10.042023469068308,9.95833969116211,9.95833969116211,15660,0.0,0.0
1993-07-09 00:00:00-04:00,10.042022306330844,10.042022306330844,9.790971001680768,9.874654769897461,13320,0.0,0.0
1993-07-12 00:00:00-04:00,9.8746542482113,9.95833801200691,9.037818908691406,9.037818908691406,41490,0.0,0.0
1993-07-13 00:00:00-04:00,8.70308798625878,9.539923667907715,8.70308798625878,9.539923667907715,31950,0.0,0.0
1993-07-14 00:00:00-04:00,9.623609905616185,10.125711097128614,9.623609905616185,10.042028427124023,33300,0.0,0.0
1993-07-15 00:00:00-04:00,10.042022306330844,10.125704925329375,9.874654769897461,9.874654769897461,26280,0.0,0.0
1993-07-16 00:00:00-04:00,9.874658416121383,9.874658416121383,9.707290817887406,9.790974617004395,5130,0.0,0.0
1993-07-19 00:00:00-04:00,9.707288936437777,9.790972719335322,9.456238162354323,9.623605728149414,8640,0.0,0.0
1993-07-20 00:00:00-04:00,9.539920610483449,9.539920610483449,9.372554217323623,9.456236839294434,6120,0.0,0.0
1993-07-21 00:00:00-04:00,9.456238368228103,9.456238368228103,9.37255573272705,9.37255573272705,19800,0.0,0.0
1993-07-22 00:00:00-04:00,9.456238162354323,9.623605728149414,9.288871745777598,9.623605728149414,7020,0.0,0.0
1993-07-23 00:00:00-04:00,9.707290817887406,9.874658416121383,9.707290817887406,9.790974617004395,11610,0.0,0.0
1993-07-26 00:00:00-04:00,9.790974617004395,9.874658416121383,9.707290817887406,9.790974617004395,14850,0.0,0.0
1993-07-27 00:00:00-04:00,9.707288357443508,9.95833969116211,9.707288357443508,9.95833969116211,5940,0.0,0.0
1993-07-28 00:00:00-04:00,9.958342215238371,9.958342215238371,9.790974617004395,9.790974617004395,7020,0.0,0.0
1993-07-29 00:00:00-04:00,9.874656717216123,9.874656717216123,9.37255573272705,9.37255573272705,8370,0.0,0.0
1993-07-30 00:00:00-04:00,9.456239869899107,9.707290689315645,9.456239869899107,9.539923667907715,8370,0.0,0.0
1993-08-02 00:00:00-04:00,9.623607593379711,9.790974617004395,9.623607593379711,9.790974617004395,4410,0.0,0.0
1993-08-03 00:00:00-04:00,9.874660788677115,10.125711097128614,9.874660788677115,10.042028427124023,30150,0.0,0.0
1993-08-04 00:00:00-04:00,10.042028427124023,10.042028427124023,9.95834460790057,10.042028427124023,6120,0.0,0.0
1993-08-05 00:00:00-04:00,9.95833969116211,10.042023469068308,9.95833969116211,9.95833969116211,9990,0.0,0.0
1993-08-06 00:00:00-04:00,10.042028427124023,10.042028427124023,9.95834460790057,10.042028427124023,6930,0.0,0.0
1993-08-09 00:00:00-04:00,10.125704925329375,10.125704925329375,9.874654769897461,9.874654769897461,10260,0.0,0.0
1993-08-10 00:00:00-04:00,9.874654769897461,9.958338538114154,9.790971001680768,9.874654769897461,5580,0.0,0.0
1993-08-11 00:00:00-04:00,9.958339107392796,9.958339107392796,9.707287788391113,9.707287788391113,18630,0.0,0.0
1993-08-12 00:00:00-04:00,9.623607593379711,9.874658416121383,9.623607593379711,9.790974617004395,3240,0.0,0.0
1993-08-13 00:00:00-04:00,9.707288936437777,9.707288936437777,9.623605728149414,9.623605728149414,3150,0.0,0.0
1993-08-16 00:00:00-04:00,9.623609905616185,10.125711097128614,9.623609905616185,10.042028427124023,16290,0.0,0.0
1993-08-17 00:00:00-04:00,9.87465645654534,10.7951757657226,9.87465645654534,10.460440635681152,34740,0.0,0.0
1993-08-18 00:00:00-04:00,10.544124025982665,11.046224403931532,10.544124025982665,10.711491584777832,57150,0.0,0.0
1993-08-19 00:00:00-04:00,10.627807426007555,10.878857606020443,10.544123649597168,10.544123649597168,15030,0.0,0.0
1993-08-20 00:00:00-04:00,10.627807805380248,10.795175364175416,10.627807805380248,10.711491584777832,20880,0.0,0.0
1993-08-23 00:00:00-04:00,10.711492717793186,10.79517650604248,10.627808929543894,10.79517650604248,10080,0.0,0.0
1993-08-24 00:00:00-04:00,10.96254480184493,11.04622745513916,10.878860999332064,11.04622745513916,34830,0.0,0.0
1993-08-25 00:00:00-04:00,11.129908955056237,11.129908955056237,10.87885874867445,10.962542533874512,40950,0.0,0.0
1993-08-26 00:00:00-04:00,11.046226244778117,12.050429466462315,10.962543600653191,11.380961418151855,90450,0.0,0.0
1993-08-27 00:00:00-04:00,11.380961418151855,11.380961418151855,11.297277624808421,11.380961418151855,18810,0.0,0.0
1993-08-30 00:00:00-04:00,11.297277624808421,11.380961418151855,11.213593831464987,11.380961418151855,15660,0.0,0.0
1993-08-31 00:00:00-04:00,11.380960644413705,11.632010858157773,11.380960644413705,11.464644432067871,15300,0.0,0.0
1993-09-01 00:00:00-04:00,11.380962517220969,12.217798233032227,11.380962517220969,12.217798233032227,24390,0.0,0.0
1993-09-02 00:00:00-04:00,12.217801117115714,13.054637030466989,12.217801117115714,12.552534103393555,31320,0.0,0.0
1993-09-03 00:00:00-04:00,12.63621792457246,12.63621792457246,12.385167610254634,12.552534103393555,14490,0.0,0.0
1993-09-07 00:00:00-04:00,12.636216005561671,13.0546350479126,12.552532197091486,13.054635047912598,44280,0.0,0.0
1993-09-08 00:00:00-04:00,12.887269388109177,12.887269388109177,12.552534103393555,12.552534103393555,17550,0.0,0.0
1993-09-09 00:00:00-04:00,12.55253130985098,12.55253130985098,12.301482200622559,12.301482200622559,19080,0.0,0.0
1993-09-10 00:00:00-04:00,12.301482014758426,13.054633927938795,12.301482014758426,12.97095012664795,19530,0.0,0.0
1993-09-13 00:00:00-04:00,12.97094995926859,13.138316410471939,12.887266159057617,12.887266159057617,19260,0.0,0.0
1993-09-14 00:00:00-04:00,12.970953507890352,12.970953507890352,12.719902038574219,12.719902038574219,9900,0.0,0.0
1993-09-15 00:00:00-04:00,12.55253130985098,12.55253130985098,12.217798398067329,12.301482200622559,17370,0.0,0.0
1993-09-16 00:00:00-04:00,12.30148177830851,12.46884822845459,12.30148177830851,12.46884822845459,4860,0.0,0.0
1993-09-17 00:00:00-04:00,12.552530958213717,12.887266159057617,12.552530958213717,12.887266159057617,8370,0.0,0.0
1993-09-20 00:00:00-04:00,12.887266077647679,12.887266077647679,12.385164428772251,12.46884822845459,8460,0.0,0.0
1993-09-21 00:00:00-04:00,12.552531140294386,12.552531140294386,12.134114431607376,12.217798233032227,10260,0.0,0.0
1993-09-22 00:00:00-04:00,12.217798233032227,12.385164686663305,12.217798233032227,12.217798233032227,5490,0.0,0.0
1993-09-23 00:00:00-04:00,12.301482558765656,12.385165214538574,12.21779875377407,12.385165214538574,6930,0.0,0.0
1993-09-24 00:00:00-04:00,12.46884822845459,12.552530878918331,12.46884822845459,12.46884822845459,8190,0.0,0.0
1993-09-27 00:00:00-04:00,12.55252856468393,12.80357991744611,12.55252856468393,12.636212348937988,19440,0.0,0.0
1993-09-28 00:00:00-04:00,12.719898722775415,12.97095012664795,12.63621492148457,12.97095012664795,10080,0.0,0.0
1993-09-29 00:00:00-04:00,12.970946891279207,12.970946891279207,12.719895550026902,12.803579330444336,16380,0.0,0.0
1993-09-30 00:00:00-04:00,12.887269684784973,12.887269684784973,12.63621821546884,12.719902038574219,9540,0.0,0.0
1993-10-01 00:00:00-04:00,12.803579330444336,12.887263110861772,12.719895550026902,12.803579330444336,11700,0.0,0.0
1993-10-04 00:00:00-04:00,12.887266159057617,12.97094995926859,12.803582358846642,12.887266159057617,9450,0.0,0.0
1993-10-05 00:00:00-04:00,12.887263110861772,12.887263110861772,12.636211769609465,12.803579330444336,10170,0.0,0.0
1993-10-06 00:00:00-04:00,12.719898558635668,12.887266159057617,12.552530958213717,12.887266159057617,13050,0.0,0.0
1993-10-07 00:00:00-04:00,12.8872651431577,14.05883365688248,12.8872651431577,13.221999168395996,54990,0.0,0.0
1993-10-08 00:00:00-04:00,13.305676793880378,14.477247164124957,13.305676793880378,14.058828353881836,41310,0.0,0.0
1993-10-11 00:00:00-04:00,13.975150887285881,14.393568702389848,13.891467094421387,13.891467094421387,18450,0.0,0.0
1993-10-12 00:00:00-04:00,13.97514819574759,13.97514819574759,13.640414237976074,13.640414237976074,8460,0.0,0.0
1993-10-13 00:00:00-04:00,13.724100112915039,13.807783902456377,13.221998524885466,13.724100112915039,15300,0.0,0.0
1993-10-14 00:00:00-04:00,13.89146654277926,14.39356813080883,13.6404163233737,13.724100112915039,32940,0.0,0.0
1993-10-15 00:00:00-04:00,13.724095604123498,14.058828353881838,13.55672808002625,14.058828353881836,16200,0.0,0.0
1993-10-18 00:00:00-04:00,14.058827176262149,14.728296067355855,14.058827176262149,14.644612312316895,23220,0.0,0.0
1993-10-19 00:00:00-04:00,14.644620632281457,15.14672229855339,14.644620632281457,14.895670890808105,34110,0.0,0.0
1993-10-20 00:00:00-04:00,14.895669331002575,15.230404506277702,14.728302892583525,15.063036918640137,38340,0.0,0.0
1993-10-21 00:00:00-04:00,15.063034825893547,15.565135220611097,14.895667261508795,14.979351043701172,45270,0.0,0.0
1993-10-22 00:00:00-04:00,14.979351207972098,15.3977689743042,14.979351207972098,15.3977689743042,9360,0.0,0.0
1993-10-25 00:00:00-04:00,15.314091587274973,15.816192159526807,15.314091587274973,15.565140724182129,29520,0.0,0.0
1993-10-26 00:00:00-04:00,15.565140724182129,15.648824535963689,15.565140724182129,15.565140724182129,9540,0.0,0.0
1993-10-27 00:00:00-04:00,15.565137561687655,15.565137561687655,15.146720886230469,15.146720886230469,12960,0.0,0.0
1993-10-28 00:00:00-04:00,15.230404506277702,15.230404506277702,14.895669331002575,15.063036918640137,8640,0.0,0.0
1993-10-29 00:00:00-04:00,14.979353124821357,15.063036918640138,14.979353124821357,15.063036918640137,3150,0.0,0.0
1993-11-01 00:00:00-05:00,15.23040255730238,15.3977689743042,15.23040255730238,15.3977689743042,11340,0.0,0.0
1993-11-02 00:00:00-05:00,15.397771121348486,15.397771121348486,15.06303709145162,15.146720886230469,15030,0.0,0.0
1993-11-03 00:00:00-05:00,15.14672229855339,15.4814563596618,14.728304434863219,14.895670890808105,16650,0.0,0.0
1993-11-04 00:00:00-05:00,14.728297726645001,14.728297726645001,14.226196289062498,14.2261962890625,15930,0.0,0.0
1993-11-05 00:00:00-05:00,14.058837037984679,14.142520851724552,13.807787895202637,13.807787895202637,18090,0.0,0.0
1993-11-08 00:00:00-05:00,14.05882876012896,14.226196289062498,13.891462380413534,14.2261962890625,9360,0.0,0.0
1993-11-09 00:00:00-05:00,14.309890693448754,14.72830867767334,14.226206866760043,14.72830867767334,14850,0.0,0.0
1993-11-10 00:00:00-05:00,14.728304434863219,14.895670890808105,14.644620632281457,14.895670890808105,14040,0.0,0.0
1993-11-11 00:00:00-05:00,14.895675181831793,14.895675181831793,14.72830867767334,14.72830867767334,1530,0.0,0.0
1993-11-12 00:00:00-05:00,14.64461706415002,14.979351043701172,14.64461706415002,14.979351043701172,11430,0.0,0.0
1993-11-15 00:00:00-05:00,14.895662428215795,14.895662428215795,14.477245951456954,14.644612312316895,5130,0.0,0.0
1993-11-16 00:00:00-05:00,14.68645575081548,14.937507042615847,14.68645575081548,14.811980247497559,12300,0.0,1.5
1993-11-17 00:00:00-05:00,14.937503814697266,14.937503814697266,14.686452577147792,14.937503814697266,19200,0.0,0.0
1993-11-18 00:00:00-05:00,15.063031539297928,15.063031539297928,14.68645575081548,14.811980247497559,11160,0.0,0.0
1993-11-19 00:00:00-05:00,14.811982146749507,14.811982146749507,14.56093312119483,14.686457633972168,10020,0.0,0.0
1993-11-22 00:00:00-05:00,14.686455420028437,14.811979913883295,13.93330386002698,14.058828353881836,9300,0.0,0.0
1993-11-23 00:00:00-05:00,14.05883839061616,14.309889855989987,13.933313807148144,14.184365272521973,8460,0.0,0.0
1993-11-24 00:00:00-05:00,14.184365272521973,14.309889855989987,14.05883839061616,14.184365272521973,3300,0.0,0.0
1993-11-26 00:00:00-05:00,14.309889855989987,14.309889855989987,14.05883839061616,14.184365272521973,1500,0.0,0.0
1993-11-29 00:00:00-05:00,14.184356456251807,14.184356456251807,13.682253837585447,13.68225383758545,8940,0.0,0.0
1993-11-30 00:00:00-05:00,13.180151689850291,14.560930252075197,13.180151689850291,14.560930252075195,36420,0.0,0.0
1993-12-01 00:00:00-05:00,14.811979228162597,14.811979228162597,14.309878977551746,14.560930252075195,15060,0.0,0.0
1993-12-02 00:00:00-05:00,14.560932537382085,14.560932537382085,14.309881223456673,14.435405731201172,9180,0.0,0.0
1993-12-03 00:00:00-05:00,14.560930252075197,14.560930252075197,14.184354489508046,14.560930252075195,20640,0.0,0.0
1993-12-06 00:00:00-05:00,14.560930252075197,14.560930252075197,14.309878977551746,14.560930252075195,20220,0.0,0.0
1993-12-07 00:00:00-05:00,14.56093312119483,14.686457633972168,14.56093312119483,14.686457633972168,18840,0.0,0.0
1993-12-08 00:00:00-05:00,14.56093312119483,14.686457633972168,14.56093312119483,14.686457633972168,11880,0.0,0.0
1993-12-09 00:00:00-05:00,14.686457633972168,14.686457633972168,14.56093312119483,14.686457633972168,8640,0.0,0.0
1993-12-10 00:00:00-05:00,14.56093312119483,14.686457633972168,14.56093312119483,14.686457633972168,5460,0.0,0.0
1993-12-13 00:00:00-05:00,14.560932537382085,14.686457045126584,14.435405731201172,14.435405731201172,5820,0.0,0.0
1993-12-14 00:00:00-05:00,14.435404133882566,14.560930926173581,14.058828353881838,14.058828353881836,8280,0.0,0.0
1993-12-15 00:00:00-05:00,14.05883839061616,14.184365272521973,14.05883839061616,14.184365272521973,8100,0.0,0.0
1993-12-16 00:00:00-05:00,14.184356715712171,14.435405731201172,14.184356715712171,14.435405731201172,3900,0.0,0.0
1993-12-17 00:00:00-05:00,14.435398983677672,14.435398983677672,14.184350085536195,14.309874534606934,4020,0.0,0.0
1993-12-20 00:00:00-05:00,14.309889855989987,14.309889855989987,14.184365272521973,14.184365272521973,300,0.0,0.0
1993-12-21 00:00:00-05:00,14.05882990953126,14.435405731201172,14.05882990953126,14.435405731201172,6360,0.0,0.0
1993-12-22 00:00:00-05:00,14.435403465595446,14.811979228162597,14.435403465595446,14.560930252075195,6900,0.0,0.0
1993-12-23 00:00:00-05:00,14.68645575081548,14.811980247497559,14.68645575081548,14.811980247497559,2220,0.0,0.0
1993-12-27 00:00:00-05:00,14.811981442974876,15.439608573913574,14.811981442974876,15.439608573913574,18000,0.0,0.0
1993-12-28 00:00:00-05:00,15.439606682482692,16.443809509277344,15.314082191046902,16.443809509277344,22080,0.0,0.0
1993-12-29 00:00:00-05:00,16.569337844848633,16.694862365406482,15.941710645186092,16.569337844848633,8160,0.0,0.0
1993-12-30 00:00:00-05:00,16.569335615240462,17.071435928344727,16.569335615240462,17.071435928344727,14340,0.0,0.0
1993-12-31 00:00:00-05:00,16.9459117692491,17.322487586343524,16.694860458374023,16.694860458374023,15780,0.0,0.0
1994-01-03 00:00:00-05:00,16.820388797151388,16.945913314819336,16.569337463378904,16.945913314819336,4260,0.0,0.0
1994-01-04 00:00:00-05:00,16.945913314819336,17.07143783248728,16.820388797151388,16.945913314819336,3420,0.0,0.0
1994-01-05 00:00:00-05:00,16.945916673411496,17.44801714203356,16.945916673411496,17.322492599487305,18000,0.0,0.0
1994-01-06 00:00:00-05:00,17.196962356567383,17.32248685750533,17.071435557193155,17.196962356567383,4320,0.0,0.0
1994-01-07 00:00:00-05:00,17.071442615738675,17.69906997680664,16.569342105946642,17.69906997680664,26880,0.0,0.0
1994-01-10 00:00:00-05:00,17.699062658755444,17.699062658755444,17.196962356567383,17.196962356567383,6120,0.0,0.0
1994-01-11 00:00:00-05:00,17.322492599487305,17.322492599487305,17.196968056941053,17.322492599487305,7440,0.0,0.0
1994-01-12 00:00:00-05:00,17.322492599487305,17.699068525563117,17.322492599487305,17.322492599487305,25680,0.0,0.0
1994-01-13 00:00:00-05:00,17.19696464859182,17.322489166259764,16.820388797151388,16.945913314819336,33240,0.0,0.0
1994-01-14 00:00:00-05:00,16.94591370495883,16.94591370495883,16.443813324290783,16.569337844848633,7080,0.0,0.0
1994-01-17 00:00:00-05:00,16.56932644513481,16.56932644513481,16.06722640991211,16.06722640991211,6960,0.0,0.0
1994-01-18 00:00:00-05:00,16.318275278305926,16.56932644513481,16.06722640991211,16.06722640991211,15120,0.0,0.0
1994-01-19 00:00:00-05:00,16.192750844109018,16.192750844109018,15.941699677280136,16.06722640991211,8700,0.0,0.0
1994-01-20 00:00:00-05:00,15.941699677280136,16.06722640991211,15.941699677280136,16.06722640991211,5880,0.0,0.0
1994-01-21 00:00:00-05:00,16.192764715012185,16.31828925673482,15.941713333129883,15.941713333129883,8760,0.0,0.0
1994-01-24 00:00:00-05:00,15.941713333129883,16.192764715012185,15.81618879140725,15.941713333129883,7380,0.0,0.0
1994-01-25 00:00:00-05:00,15.81618881225586,15.81618881225586,15.43961288815453,15.81618881225586,7440,0.0,0.0
1994-01-26 00:00:00-05:00,15.941699677280136,16.06722640991211,15.690650808886318,16.06722640991211,8880,0.0,0.0
1994-01-27 00:00:00-05:00,16.06722640991211,16.06722640991211,16.06722640991211,16.06722640991211,1260,0.0,0.0
1994-01-28 00:00:00-05:00,15.941714784831383,16.192766189575195,15.941714784831383,16.192766189575195,11280,0.0,0.0
1994-01-31 00:00:00-05:00,16.192766189575195,16.318290742728482,15.816190231678098,16.192766189575195,6900,0.0,0.0
1994-02-01 00:00:00-05:00,16.067235704852273,16.067235704852273,15.314084067100392,15.439608573913574,11580,0.0,0.0
1994-02-02 00:00:00-05:00,15.565140724182129,15.690667591073229,15.188564720383871,15.565140724182129,9660,0.0,0.0
1994-02-03 00:00:00-05:00,15.690667591073229,15.816192159526807,15.565140724182129,15.565140724182129,7260,0.0,0.0
1994-02-04 00:00:00-05:00,15.56512846091738,15.56512846091738,14.811977046704673,14.937503814697266,18480,0.0,0.0
1994-02-07 00:00:00-05:00,14.937507042615847,15.188556035980007,14.560931254133399,14.811980247497559,12360,0.0,0.0
1994-02-08 00:00:00-05:00,14.68645575081548,15.063031539297928,14.560931254133399,14.811980247497559,6420,0.0,0.0
1994-02-09 00:00:00-05:00,14.93751237713048,15.188561460149796,14.93751237713048,15.063036918640137,28920,0.0,0.0
1994-02-10 00:00:00-05:00,14.937507042615847,15.063031539297928,14.811980247497559,14.811980247497559,8640,0.0,0.0
1994-02-11 00:00:00-05:00,14.811980247497559,14.811980247497559,14.68645575081548,14.811980247497559,1440,0.0,0.0
1994-02-14 00:00:00-05:00,14.811980247497559,14.811980247497559,14.811980247497559,14.811980247497559,3900,0.0,0.0
1994-02-15 00:00:00-05:00,14.686457633972168,14.686457633972168,14.56093312119483,14.686457633972168,7260,0.0,0.0
1994-02-16 00:00:00-05:00,14.68645575081548,14.811980247497559,14.68645575081548,14.811980247497559,1980,0.0,0.0
1994-02-17 00:00:00-05:00,14.811980247497559,14.937507042615847,14.811980247497559,14.811980247497559,11520,0.0,0.0
1994-02-18 00:00:00-05:00,14.937507042615847,14.937507042615847,14.68645575081548,14.811980247497559,4380,0.0,0.0
1994-02-22 00:00:00-05:00,14.811977046704673,14.937503814697266,14.686452577147792,14.937503814697266,21120,0.0,0.0
1994-02-23 00:00:00-05:00,14.937507042615847,15.063031539297928,14.560931254133399,14.811980247497559,10200,0.0,0.0
1994-02-24 00:00:00-05:00,14.686454740118897,14.686454740118897,14.560930252075197,14.560930252075195,11880,0.0,0.0
1994-02-25 00:00:00-05:00,14.560930252075197,14.686454740118897,14.560930252075197,14.560930252075195,3240,0.0,0.0
1994-02-28 00:00:00-05:00,14.686457633972168,14.811982146749507,14.56093312119483,14.686457633972168,3540,0.0,0.0
1994-03-01 00:00:00-05:00,14.811979228162597,15.063030502686047,14.560930252075197,14.560930252075195,5880,0.0,0.0
1994-03-02 00:00:00-05:00,14.686457045126584,14.686457045126584,14.309881223456673,14.435405731201172,1020,0.0,0.0
1994-03-03 00:00:00-05:00,14.560930926173581,14.560930926173581,14.058828353881838,14.058828353881836,8820,0.0,0.0
1994-03-04 00:00:00-05:00,14.05882333803012,14.309874534606934,13.933298888959383,14.309874534606934,5340,0.0,0.0
1994-03-07 00:00:00-05:00,14.309889855989987,14.686465904831827,14.184365272521973,14.184365272521973,10200,0.0,0.0
1994-03-08 00:00:00-05:00,14.309889855989987,14.309889855989987,14.184365272521973,14.184365272521973,4860,0.0,0.0
1994-03-09 00:00:00-05:00,14.058828353881838,14.058828353881838,13.93330386002698,14.058828353881836,17160,0.0,0.0
1994-03-10 00:00:00-05:00,13.933302879333496,14.058827364353332,13.933302879333496,13.933302879333496,2340,0.0,0.0
1994-03-11 00:00:00-05:00,13.80778159709395,13.80778159709395,13.556730270385742,13.556730270385742,17040,0.0,0.0
1994-03-14 00:00:00-05:00,13.682252882050214,15.439607327780376,13.682252882050214,14.811980247497559,29640,0.0,0.0
1994-03-15 00:00:00-05:00,14.93751237713048,15.063036918640138,14.811985537183793,15.063036918640137,5220,0.0,0.0
1994-03-16 00:00:00-05:00,14.93751237713048,15.188561460149796,14.811985537183793,15.063036918640137,5760,0.0,0.0
1994-03-17 00:00:00-05:00,15.063028284254147,15.063028284254147,14.937503814697266,14.937503814697266,1500,0.0,0.0
1994-03-18 00:00:00-05:00,15.063035555328092,15.3140869140625,14.937511025179298,15.3140869140625,7620,0.0,0.0
1994-03-21 00:00:00-05:00,15.565137383115799,15.690664223062488,15.063036918640138,15.063036918640137,7620,0.0,0.0
1994-03-22 00:00:00-05:00,15.063041627138835,15.314093087070399,15.063041627138835,15.188566207885742,1560,0.0,0.0
1994-03-23 00:00:00-05:00,15.188560603126273,15.690663337707521,14.93751153427255,15.69066333770752,11100,0.0,0.0
1994-03-24 00:00:00-05:00,15.690663337707521,15.816187872134382,15.314087435990036,15.69066333770752,15960,0.0,0.0
1994-03-25 00:00:00-05:00,15.690667591073229,15.690667591073229,15.439616155728551,15.565140724182129,3840,0.0,0.0
1994-03-28 00:00:00-05:00,15.439608573913574,15.565133080726756,15.314084067100392,15.439608573913574,3540,0.0,0.0
1994-03-29 00:00:00-05:00,15.314082831098297,15.314082831098297,14.811980247497559,14.811980247497559,1680,0.0,0.0
1994-03-30 00:00:00-05:00,14.560928107590911,14.937503814697266,14.560928107590911,14.937503814697266,7740,0.0,0.0
1994-03-31 00:00:00-05:00,14.937507042615847,14.937507042615847,14.68645575081548,14.811980247497559,2340,0.0,0.0
1994-04-04 00:00:00-04:00,14.937511025179298,15.439611444211295,14.68645966644489,15.3140869140625,6420,0.0,0.0
1994-04-05 00:00:00-04:00,15.188557261850816,15.439608573913574,14.937508248224452,15.439608573913574,3840,0.0,0.0
1994-04-06 00:00:00-04:00,15.314088300096484,15.690664223062488,15.063036918640138,15.063036918640137,16020,0.0,0.0
1994-04-07 00:00:00-04:00,15.063036918640138,15.314088300096484,14.93751237713048,15.063036918640137,9660,0.0,0.0
1994-04-08 00:00:00-04:00,15.188562869037188,16.192766189575195,15.188562869037188,16.192766189575195,25380,0.0,0.0
1994-04-11 00:00:00-04:00,16.19276198473844,16.94591370495883,15.816186124628242,16.569337844848633,41100,0.0,0.0
1994-04-12 00:00:00-04:00,16.94591810536939,16.94591810536939,15.941714784831383,16.192766189575195,29400,0.0,0.0
1994-04-13 00:00:00-04:00,16.067240194469093,16.067240194469093,15.565137430042627,15.81618881225586,5820,0.0,0.0
1994-04-14 00:00:00-04:00,15.816192159526807,15.816192159526807,15.565140724182129,15.565140724182129,9000,0.0,0.0
1994-04-15 00:00:00-04:00,15.690667591073229,15.816192159526807,15.439616155728551,15.565140724182129,3420,0.0,0.0
1994-04-18 00:00:00-04:00,15.690662802945702,15.94171186324329,15.3140869140625,15.3140869140625,3300,0.0,0.0
1994-04-19 00:00:00-04:00,15.314088300096484,15.314088300096484,14.93751237713048,15.063036918640137,8520,0.0,0.0
1994-04-20 00:00:00-04:00,14.937503814697266,14.937503814697266,14.811977046704673,14.937503814697266,4020,0.0,0.0
1994-04-21 00:00:00-04:00,15.063028284254147,15.063028284254147,14.811977046704673,14.937503814697266,8100,0.0,0.0
1994-04-22 00:00:00-04:00,14.686452577147792,14.937503814697266,14.686452577147792,14.937503814697266,3780,0.0,0.0
1994-04-25 00:00:00-04:00,14.811980247497559,14.811980247497559,14.811980247497559,14.811980247497559,300,0.0,0.0
1994-04-26 00:00:00-04:00,14.93751237713048,15.063036918640138,14.93751237713048,15.063036918640137,960,0.0,0.0
1994-04-28 00:00:00-04:00,15.063041627138835,15.188566207885742,14.811990167207272,15.188566207885742,3060,0.0,0.0
1994-04-29 00:00:00-04:00,15.188566207885742,15.188566207885742,15.063041627138835,15.188566207885742,6720,0.0,0.0
1994-05-02 00:00:00-04:00,15.063036918640138,15.188561460149796,15.063036918640138,15.063036918640137,660,0.0,0.0
1994-05-03 00:00:00-04:00,15.063036918640138,15.063036918640138,15.063036918640138,15.063036918640137,2580,0.0,0.0
1994-05-04 00:00:00-04:00,14.937503814697266,14.937503814697266,14.686452577147792,14.937503814697266,1500,0.0,0.0
1994-05-05 00:00:00-04:00,14.937503814697266,14.937503814697266,14.937503814697266,14.937503814697266,240,0.0,0.0
1994-05-06 00:00:00-04:00,14.811981552871085,14.937508359051996,14.309881223456673,14.435405731201172,5640,0.0,0.0
1994-05-09 00:00:00-04:00,14.435404133882566,14.435404133882566,14.058828353881838,14.058828353881836,14460,0.0,0.0
1994-05-10 00:00:00-04:00,14.058827703028294,14.686454740118897,14.058827703028294,14.560930252075195,15360,0.0,0.0
1994-05-11 00:00:00-04:00,14.937507042615847,15.063031539297928,14.560931254133399,14.811980247497559,10980,0.0,0.0
1994-05-12 00:00:00-04:00,14.811985537183793,15.188561460149796,14.811985537183793,15.063036918640137,5040,0.0,0.0
1994-05-13 00:00:00-04:00,15.063036918640138,15.063036918640138,15.063036918640138,15.063036918640137,1920,0.0,0.0
1994-05-16 00:00:00-04:00,14.937503814697266,15.063028284254147,14.937503814697266,14.937503814697266,3360,0.0,0.0
1994-05-17 00:00:00-04:00,14.686454740118897,14.686454740118897,14.184354489508046,14.560930252075195,4920,0.0,0.0
1994-05-18 00:00:00-04:00,14.435406309980989,14.686457633972168,14.309881797203651,14.686457633972168,8520,0.0,0.0
1994-05-19 00:00:00-04:00,14.93751237713048,15.063036918640138,14.560936454164477,15.063036918640137,7020,0.0,0.0
1994-05-20 00:00:00-04:00,15.188560085476885,15.3140869140625,14.937511025179298,15.3140869140625,12240,0.0,0.0
1994-05-23 00:00:00-04:00,15.314093087070399,15.314093087070399,15.063041627138835,15.188566207885742,1020,0.0,0.0
1994-05-24 00:00:00-04:00,15.188552753811026,15.188552753811026,14.937503814697266,14.937503814697266,1080,0.0,0.0
1994-05-25 00:00:00-04:00,15.063036918640138,15.063036918640138,15.063036918640138,15.063036918640137,720,0.0,0.0
1994-05-26 00:00:00-04:00,15.063036918640138,15.188561460149796,15.063036918640138,15.063036918640137,1620,0.0,0.0
1994-05-27 00:00:00-04:00,15.063041627138835,15.314093087070399,14.937517046391926,15.188566207885742,11160,0.0,0.0
1994-05-31 00:00:00-04:00,15.063036918640138,15.063036918640138,15.063036918640138,15.063036918640137,13320,0.0,0.0
1994-06-01 00:00:00-04:00,15.188564720383871,15.565140724182129,15.063040151930293,15.565140724182129,4500,0.0,0.0
1994-06-02 00:00:00-04:00,15.690665678524814,16.443817594319007,15.565138826934286,16.192766189575195,10860,0.0,0.0
1994-06-03 00:00:00-04:00,16.318286126496048,16.820388793945312,16.192761608852027,16.820388793945312,47280,0.0,0.0
1994-06-06 00:00:00-04:00,16.82039213086524,17.322492599487305,16.82039213086524,17.322492599487305,15900,0.0,0.0
1994-06-07 00:00:00-04:00,17.322487586343524,17.322487586343524,16.318284641279597,16.694860458374023,14820,0.0,0.0
1994-06-08 00:00:00-04:00,16.44381756179144,16.69486666760141,15.941714753297028,16.31829071044922,19920,0.0,0.0
1994-06-09 00:00:00-04:00,15.941713354143959,16.19276473635719,15.690664270367762,15.81618881225586,26760,0.0,0.0
1994-06-10 00:00:00-04:00,15.941706946661961,16.443809509277344,15.816182455226171,16.443809509277344,12900,0.0,0.0
1994-06-13 00:00:00-04:00,16.19275822796965,16.569334000713134,16.19275822796965,16.443809509277344,8460,0.0,0.0
1994-06-14 00:00:00-04:00,16.31829071044922,16.31829071044922,15.941714753297028,16.31829071044922,7920,0.0,0.0
1994-06-15 00:00:00-04:00,16.19275822796965,16.569334000713134,16.19275822796965,16.443809509277344,10860,0.0,0.0
1994-06-16 00:00:00-04:00,16.31829071044922,16.31829071044922,15.816190200392043,16.31829071044922,37800,0.0,0.0
1994-06-17 00:00:00-04:00,16.443816096894484,16.569340638617117,15.941713333129883,15.941713333129883,18900,0.0,0.0
1994-06-20 00:00:00-04:00,16.067240194469093,16.067240194469093,15.81618881225586,15.81618881225586,13140,0.0,0.0
1994-06-21 00:00:00-04:00,15.81618881225586,15.81618881225586,15.690664270367762,15.81618881225586,4260,0.0,0.0
1994-06-22 00:00:00-04:00,15.81618879140725,16.06724017328955,15.81618879140725,15.941713333129883,9660,0.0,0.0
1994-06-23 00:00:00-04:00,15.941699677280136,16.06722640991211,15.816175243083228,16.06722640991211,4200,0.0,0.0
1994-06-24 00:00:00-04:00,15.941712406561244,15.941712406561244,15.439611970416896,15.69066333770752,8700,0.0,0.0
1994-06-27 00:00:00-04:00,15.690663337707521,15.941712406561244,15.439611970416896,15.69066333770752,5580,0.0,0.0
1994-06-28 00:00:00-04:00,15.690667591073229,15.690667591073229,15.565140724182129,15.565140724182129,4200,0.0,0.0
1994-06-29 00:00:00-04:00,15.690664270367762,15.941713354143959,15.565137430042627,15.81618881225586,8580,0.0,0.0
1994-06-30 00:00:00-04:00,15.941713354143959,15.941713354143959,15.81618881225586,15.81618881225586,2160,0.0,0.0
1994-07-01 00:00:00-04:00,16.06724163642191,16.192766189575195,15.816190231678098,16.192766189575195,7860,0.0,0.0
1994-07-05 00:00:00-04:00,16.318282719405442,16.69485849214892,16.318282719405442,16.443809509277344,16500,0.0,0.0
1994-07-06 00:00:00-04:00,16.44381294257666,16.820388793945312,16.192761608852027,16.820388793945312,9900,0.0,0.0
1994-07-07 00:00:00-04:00,17.07143783248728,17.19696464859182,16.945913314819336,16.945913314819336,39000,0.0,0.0
1994-07-08 00:00:00-04:00,17.07143783248728,17.19696464859182,16.945913314819336,16.945913314819336,11160,0.0,0.0
1994-07-11 00:00:00-04:00,17.071443060936097,17.44801902770996,17.071443060936097,17.44801902770996,9420,0.0,0.0
1994-07-12 00:00:00-04:00,17.5735381578175,17.699062658755444,17.071435557193155,17.196962356567383,21540,0.0,0.0
1994-07-13 00:00:00-04:00,17.322487234115027,17.322487234115027,17.071435928344727,17.071435928344727,12840,0.0,0.0
1994-07-14 00:00:00-04:00,17.196962730448046,17.322487234115027,16.945911424677746,17.071435928344727,6600,0.0,0.0
1994-07-15 00:00:00-04:00,17.071435557193155,17.196962356567383,16.820386555317267,17.196962356567383,4440,0.0,0.0
1994-07-18 00:00:00-04:00,17.071435928344727,17.071435928344727,16.945911424677746,17.071435928344727,3000,0.0,0.0
1994-07-19 00:00:00-04:00,17.071435928344727,17.071435928344727,17.071435928344727,17.071435928344727,3240,0.0,0.0
1994-07-20 00:00:00-04:00,17.07143782923335,17.19696464531396,16.820388793945312,16.820388793945312,2880,0.0,0.0
1994-07-21 00:00:00-04:00,16.69486198104685,17.07143783248728,16.69486198104685,16.945913314819336,10800,0.0,0.0
1994-07-22 00:00:00-04:00,16.945911424677746,17.071435928344727,16.820386921010762,17.071435928344727,16020,0.0,0.0
1994-07-25 00:00:00-04:00,17.07143783248728,17.07143783248728,16.820388797151388,16.945913314819336,2160,0.0,0.0
1994-07-26 00:00:00-04:00,16.945913314819336,16.945913314819336,16.945913314819336,16.945913314819336,2460,0.0,0.0
1994-07-27 00:00:00-04:00,16.694861977864697,16.820388793945312,16.694861977864697,16.820388793945312,960,0.0,0.0
1994-07-28 00:00:00-04:00,16.69486528988194,17.44801714203356,16.69486528988194,17.322492599487305,7740,0.0,0.0
1994-07-29 00:00:00-04:00,17.57354164123535,17.699066167054696,17.44801481697926,17.57354164123535,7320,0.0,0.0
1994-08-01 00:00:00-04:00,17.44801135844327,17.44801135844327,17.071435557193155,17.196962356567383,20100,0.0,0.0
1994-08-02 00:00:00-04:00,17.196968056941053,17.322492599487305,17.196968056941053,17.322492599487305,7560,0.0,0.0
1994-08-03 00:00:00-04:00,17.32249447159777,17.824594994483824,17.19696991548558,17.44801902770996,24240,0.0,0.0
1994-08-04 00:00:00-04:00,17.44801902770996,17.44801902770996,17.32249447159777,17.44801902770996,4020,0.0,0.0
1994-08-05 00:00:00-04:00,17.699068525563117,17.699068525563117,17.322492599487305,17.322492599487305,4680,0.0,0.0
1994-08-08 00:00:00-04:00,17.196968056941053,17.322492599487305,17.071441215957748,17.322492599487305,1740,0.0,0.0
1994-08-09 00:00:00-04:00,17.322492599487305,17.322492599487305,17.196968056941053,17.322492599487305,3180,0.0,0.0
1994-08-10 00:00:00-04:00,17.57354398301686,17.57354398301686,17.322492599487305,17.322492599487305,3960,0.0,0.0
1994-08-11 00:00:00-04:00,17.448014807297575,17.950117507169832,17.32249028154788,17.8245906829834,16740,0.0,0.0
1994-08-12 00:00:00-04:00,17.82459028978863,17.950117111206055,17.699065766807898,17.950117111206055,7320,0.0,0.0
1994-08-15 00:00:00-04:00,17.950121380921274,17.950121380921274,17.573545423967943,17.69906997680664,4440,0.0,0.0
1994-08-16 00:00:00-04:00,17.69906997680664,17.69906997680664,17.69906997680664,17.69906997680664,240,0.0,0.0
1994-08-17 00:00:00-04:00,17.824593068109372,17.824593068109372,17.071441215957748,17.322492599487305,8940,0.0,0.0
1994-08-18 00:00:00-04:00,17.322492599487305,17.699068525563117,17.322492599487305,17.322492599487305,14340,0.0,0.0
1994-08-19 00:00:00-04:00,17.44801714203356,17.44801714203356,17.322492599487305,17.322492599487305,4860,0.0,0.0
1994-08-22 00:00:00-04:00,17.322490291159916,17.57354164123535,17.322490291159916,17.57354164123535,4260,0.0,0.0
1994-08-23 00:00:00-04:00,17.44801481697926,17.699066167054696,17.44801481697926,17.57354164123535,2460,0.0,0.0
1994-08-24 00:00:00-04:00,17.44801442240974,17.950117111206055,17.44801442240974,17.950117111206055,6720,0.0,0.0
1994-08-25 00:00:00-04:00,17.8245906829834,17.950117507169832,17.699066157233702,17.8245906829834,3600,0.0,0.0
1994-08-26 00:00:00-04:00,17.950117111206055,17.950117111206055,17.573541243827165,17.950117111206055,8340,0.0,0.0
1994-08-29 00:00:00-04:00,17.82459028978863,17.950117111206055,17.699065766807898,17.950117111206055,5700,0.0,0.0
1994-08-30 00:00:00-04:00,17.950120458276864,18.57774548864738,17.950120458276864,18.326696395874023,56940,0.0,0.0
1994-08-31 00:00:00-04:00,18.326696395874023,18.452220942260702,18.201169551050224,18.326696395874023,8940,0.0,0.0
1994-09-01 00:00:00-04:00,18.326692978584948,18.326692978584948,17.573541243827165,17.950117111206055,7200,0.0,0.0
1994-09-02 00:00:00-04:00,17.950117111206055,17.950117111206055,17.950117111206055,17.950117111206055,840,0.0,0.0
1994-09-06 00:00:00-04:00,17.950121380921274,17.950121380921274,17.69906997680664,17.69906997680664,2640,0.0,0.0
1994-09-07 00:00:00-04:00,17.57354398301686,17.57354398301686,17.071441215957748,17.322492599487305,20520,0.0,0.0
1994-09-08 00:00:00-04:00,17.32249447159777,17.57354588225945,17.32249447159777,17.44801902770996,6480,0.0,0.0
1994-09-09 00:00:00-04:00,17.448018572692007,17.69906997680664,17.448018572692007,17.69906997680664,24780,0.0,0.0
1994-09-12 00:00:00-04:00,17.699065766807898,18.201166157167524,17.699065766807898,17.950117111206055,22800,0.0,0.0
1994-09-13 00:00:00-04:00,18.075651100975346,18.201175689697266,18.075651100975346,18.201175689697266,2220,0.0,0.0
1994-09-14 00:00:00-04:00,18.326689108769642,18.326689108769642,17.9501133209075,18.075637817382812,9720,0.0,0.0
1994-09-15 00:00:00-04:00,18.075641242825256,18.45221710205078,17.950116722562296,18.45221710205078,15420,0.0,0.0
1994-09-16 00:00:00-04:00,18.452213605244957,18.452213605244957,18.075637817382812,18.075637817382812,6240,0.0,0.0
1994-09-19 00:00:00-04:00,18.32670257685708,18.452227165579,18.201175689697266,18.201175689697266,9900,0.0,0.0
1994-09-20 00:00:00-04:00,18.326689108769642,18.326689108769642,18.075637817382812,18.075637817382812,1800,0.0,0.0
1994-09-21 00:00:00-04:00,18.075637817382812,18.075637817382812,17.9501133209075,18.075637817382812,6900,0.0,0.0
1994-09-22 00:00:00-04:00,18.075645933759972,18.075645933759972,17.69906997680664,17.69906997680664,3000,0.0,0.0
1994-09-23 00:00:00-04:00,17.8245906829834,17.8245906829834,17.8245906829834,17.8245906829834,6240,0.0,0.0
1994-09-26 00:00:00-04:00,17.699066157233702,17.8245906829834,17.699066157233702,17.8245906829834,2280,0.0,0.0
1994-09-27 00:00:00-04:00,17.699066157233702,18.075642032919525,17.699066157233702,17.8245906829834,3240,0.0,0.0
1994-09-28 00:00:00-04:00,18.075637817382812,18.326689108769642,18.075637817382812,18.075637817382812,9180,0.0,0.0
1994-09-29 00:00:00-04:00,18.07564163418679,18.07564163418679,17.950117111206055,17.950117111206055,780,0.0,0.0
1994-09-30 00:00:00-04:00,18.075651100975346,18.201175689697266,18.075651100975346,18.201175689697266,900,0.0,0.0
1994-10-03 00:00:00-04:00,18.075641242825256,18.577741622313745,17.950116722562296,18.45221710205078,10500,0.0,0.0
1994-10-04 00:00:00-04:00,18.577741622313745,18.82879296127631,18.45221710205078,18.45221710205078,3840,0.0,0.0
1994-10-05 00:00:00-04:00,18.32670257685708,18.32670257685708,18.201175689697266,18.201175689697266,5940,0.0,0.0
1994-10-06 00:00:00-04:00,18.326689108769642,18.326689108769642,18.075637817382812,18.075637817382812,1920,0.0,0.0
1994-10-07 00:00:00-04:00,18.201162313858127,18.201162313858127,18.075637817382812,18.075637817382812,2280,0.0,0.0
1994-10-10 00:00:00-04:00,18.075641243419803,18.577741622924805,18.075641243419803,18.577741622924805,3420,0.0,0.0
1994-10-11 00:00:00-04:00,18.828790648644336,19.330890966462732,18.703266143798828,18.703266143798828,22380,0.0,0.0
1994-10-12 00:00:00-04:00,18.452227165579,18.452227165579,18.075651100975346,18.201175689697266,19800,0.0,0.0
1994-10-13 00:00:00-04:00,18.201169551050224,18.326696395874023,18.075645004663546,18.326696395874023,5700,0.0,0.0
1994-10-14 00:00:00-04:00,18.326696395874023,18.452220942260702,18.075645004663546,18.326696395874023,20100,0.0,0.0
1994-10-17 00:00:00-04:00,18.075642032919525,18.20116655866922,17.8245906829834,17.8245906829834,16800,0.0,0.0
1994-10-18 00:00:00-04:00,17.82459028978863,18.07564163418679,17.82459028978863,17.950117111206055,2880,0.0,0.0
1994-10-19 00:00:00-04:00,17.950126512253426,18.201175689697266,17.950126512253426,18.201175689697266,4200,0.0,0.0
1994-10-20 00:00:00-04:00,18.32670257685708,18.32670257685708,18.201175689697266,18.201175689697266,7680,0.0,0.0
1994-10-21 00:00:00-04:00,18.075642032919525,18.20116655866922,17.8245906829834,17.8245906829834,2400,0.0,0.0
1994-10-24 00:00:00-04:00,17.824586525995983,18.075637817382812,17.824586525995983,18.075637817382812,8880,0.0,0.0
1994-10-25 00:00:00-04:00,17.950117111206055,17.950117111206055,17.82459028978863,17.950117111206055,4140,0.0,0.0
1994-10-26 00:00:00-04:00,17.950117507169832,17.950117507169832,17.8245906829834,17.8245906829834,1680,0.0,0.0
1994-10-27 00:00:00-04:00,17.82459028978863,17.950117111206055,17.82459028978863,17.950117111206055,2520,0.0,0.0
1994-10-28 00:00:00-04:00,17.9501133209075,18.075637817382812,17.9501133209075,18.075637817382812,4920,0.0,0.0
1994-10-31 00:00:00-05:00,18.075645004663546,18.326696395874023,18.075645004663546,18.326696395874023,3540,0.0,0.0
1994-11-01 00:00:00-05:00,18.32669258178782,18.577741622313745,18.32669258178782,18.45221710205078,13140,0.0,0.0
1994-11-02 00:00:00-05:00,18.452213605244957,18.452213605244957,18.075637817382812,18.075637817382812,3540,0.0,0.0
1994-11-03 00:00:00-05:00,17.950117111206055,18.07564163418679,17.950117111206055,17.950117111206055,6180,0.0,0.0
1994-11-04 00:00:00-05:00,18.07564163418679,18.07564163418679,17.82459028978863,17.950117111206055,2280,0.0,0.0
1994-11-07 00:00:00-05:00,17.82459028978863,17.950117111206055,17.82459028978863,17.950117111206055,5400,0.0,0.0
1994-11-08 00:00:00-05:00,18.075642032919525,18.075642032919525,17.8245906829834,17.8245906829834,2940,0.0,0.0
1994-11-09 00:00:00-05:00,17.950121380921274,17.950121380921274,17.69906997680664,17.69906997680664,8160,0.0,0.0
1994-11-10 00:00:00-05:00,17.69906997680664,17.82459452964534,17.69906997680664,17.69906997680664,4560,0.0,0.0
1994-11-11 00:00:00-05:00,17.69906997680664,17.82459452964534,17.573545423967943,17.69906997680664,3420,0.0,0.0
1994-11-14 00:00:00-05:00,17.69906997680664,17.69906997680664,17.573545423967943,17.69906997680664,4500,0.0,0.0
1994-11-15 00:00:00-05:00,17.57354163148401,17.8245906829834,17.57354163148401,17.8245906829834,4200,0.0,0.0
1994-11-16 00:00:00-05:00,17.95011751713013,17.95011751713013,17.57354164123535,17.57354164123535,5100,0.0,0.0
1994-11-17 00:00:00-05:00,17.57354164123535,17.699066167054696,17.57354164123535,17.57354164123535,5880,0.0,0.0
1994-11-18 00:00:00-05:00,17.57354588225945,17.57354588225945,17.44801902770996,17.44801902770996,6600,0.0,0.0
1994-11-21 00:00:00-05:00,17.44801902770996,17.44801902770996,17.44801902770996,17.44801902770996,180,0.0,0.0
1994-11-22 00:00:00-05:00,17.44801714203356,17.44801714203356,17.322492599487305,17.322492599487305,3480,0.0,0.0
1994-11-23 00:00:00-05:00,17.196968056941053,17.322492599487305,17.196968056941053,17.322492599487305,20040,0.0,0.0
1994-11-25 00:00:00-05:00,17.196968056941053,17.44801714203356,17.071441215957748,17.322492599487305,7020,0.0,0.0
1994-11-28 00:00:00-05:00,17.32249447159777,17.44801902770996,17.32249447159777,17.44801902770996,4800,0.0,0.0
1994-11-29 00:00:00-05:00,17.32249897176804,18.201175689697266,17.32249897176804,18.201175689697266,8700,0.0,0.0
1994-11-30 00:00:00-05:00,18.326689108769642,18.452213605244957,17.57353753304536,18.075637817382812,9180,0.0,0.0
1994-12-01 00:00:00-05:00,18.075642032919525,18.075642032919525,17.8245906829834,17.8245906829834,2580,0.0,0.0
1994-12-02 00:00:00-05:00,17.824594994483824,17.824594994483824,17.19696991548558,17.44801902770996,14580,0.0,0.0
1994-12-05 00:00:00-05:00,17.57354164123535,17.57354164123535,17.57354164123535,17.57354164123535,180,0.0,0.0
1994-12-06 00:00:00-05:00,17.57354164123535,17.57354164123535,17.44801481697926,17.57354164123535,2220,0.0,0.0
1994-12-07 00:00:00-05:00,17.57354398301686,17.57354398301686,17.322492599487305,17.322492599487305,18540,0.0,0.0
1994-12-08 00:00:00-05:00,17.32248685750533,17.32248685750533,17.196962356567383,17.196962356567383,4080,0.0,0.0
1994-12-09 00:00:00-05:00,17.071435928344727,17.196962730448046,17.071435928344727,17.071435928344727,8160,0.0,0.0
1994-12-12 00:00:00-05:00,17.071435557193155,17.196962356567383,17.071435557193155,17.196962356567383,34260,0.0,0.0
1994-12-13 00:00:00-05:00,17.322487234115027,17.322487234115027,17.071435928344727,17.071435928344727,28560,0.0,0.0
1994-12-14 00:00:00-05:00,17.196968056941053,17.322492599487305,17.196968056941053,17.322492599487305,8100,0.0,0.0
1994-12-15 00:00:00-05:00,17.44801481697926,17.57354164123535,17.322490291159916,17.57354164123535,6720,0.0,0.0
1994-12-16 00:00:00-05:00,17.69907043837164,17.69907043837164,17.44801902770996,17.44801902770996,2820,0.0,0.0
1994-12-19 00:00:00-05:00,17.44801902770996,17.57354588225945,17.44801902770996,17.44801902770996,840,0.0,0.0
1994-12-20 00:00:00-05:00,17.57354588225945,17.57354588225945,17.44801902770996,17.44801902770996,2160,0.0,0.0
1994-12-21 00:00:00-05:00,17.573545423967943,17.69906997680664,17.573545423967943,17.69906997680664,3720,0.0,0.0
1994-12-22 00:00:00-05:00,17.699066167054696,17.699066167054696,17.57354164123535,17.57354164123535,9540,0.0,0.0
1994-12-23 00:00:00-05:00,17.57354164123535,17.57354164123535,17.57354164123535,17.57354164123535,3000,0.0,0.0
1994-12-27 00:00:00-05:00,17.69906997680664,17.69906997680664,17.69906997680664,17.69906997680664,840,0.0,0.0
1994-12-28 00:00:00-05:00,17.699068525563117,17.699068525563117,17.322492599487305,17.322492599487305,14520,0.0,0.0
1994-12-29 00:00:00-05:00,17.44801902770996,17.44801902770996,17.44801902770996,17.44801902770996,600,0.0,0.0
1994-12-30 00:00:00-05:00,17.44801481697926,17.57354164123535,17.44801481697926,17.57354164123535,1200,0.0,0.0
1995-01-03 00:00:00-05:00,17.44801135844327,17.44801135844327,17.196962356567383,17.196962356567383,4320,0.0,0.0
1995-01-04 00:00:00-05:00,17.07143782923335,17.07143782923335,16.820388793945312,16.820388793945312,4200,0.0,0.0
1995-01-05 00:00:00-05:00,16.569337463378904,17.07143783248728,16.569337463378904,16.945913314819336,10020,0.0,0.0
1995-01-06 00:00:00-05:00,16.945913314819336,17.19696464859182,16.945913314819336,16.945913314819336,2520,0.0,0.0
1995-01-09 00:00:00-05:00,17.071435928344727,17.071435928344727,16.945911424677746,17.071435928344727,3360,0.0,0.0
1995-01-10 00:00:00-05:00,16.94591331158933,16.94591331158933,16.820388793945312,16.820388793945312,2220,0.0,0.0
1995-01-11 00:00:00-05:00,16.694862365406482,16.694862365406482,16.443813324290783,16.569337844848633,8520,0.0,0.0
1995-01-12 00:00:00-05:00,16.69485849214892,16.69485849214892,16.443809509277344,16.443809509277344,7320,0.0,0.0
1995-01-13 00:00:00-05:00,16.44381294571096,16.945913314819336,16.44381294571096,16.945913314819336,72240,0.0,0.0
1995-01-16 00:00:00-05:00,17.07143783248728,17.07143783248728,16.69486198104685,16.945913314819336,4260,0.0,0.0
1995-01-17 00:00:00-05:00,16.820388797151388,16.945913314819336,16.69486198104685,16.945913314819336,6420,0.0,0.0
1995-01-18 00:00:00-05:00,16.945913314819336,17.07143783248728,16.945913314819336,16.945913314819336,5880,0.0,0.0
1995-01-19 00:00:00-05:00,17.071435928344727,17.322487234115027,16.945911424677746,17.071435928344727,3540,0.0,0.0
1995-01-20 00:00:00-05:00,17.071435928344727,17.196962730448046,16.694860118907442,17.071435928344727,20520,0.0,0.0
1995-01-23 00:00:00-05:00,16.945913314819336,16.945913314819336,16.945913314819336,16.945913314819336,480,0.0,0.0
1995-01-24 00:00:00-05:00,17.07143783248728,17.07143783248728,16.820388797151388,16.945913314819336,1680,0.0,0.0
1995-01-25 00:00:00-05:00,16.945913314819336,16.945913314819336,16.945913314819336,16.945913314819336,1920,0.0,0.0
1995-01-26 00:00:00-05:00,17.071435928344727,17.322487234115027,17.071435928344727,17.071435928344727,3480,0.0,0.0
1995-01-27 00:00:00-05:00,17.071435557193155,17.196962356567383,17.071435557193155,17.196962356567383,5580,0.0,0.0
1995-01-30 00:00:00-05:00,17.32248685750533,17.32248685750533,17.196962356567383,17.196962356567383,2640,0.0,0.0
1995-01-31 00:00:00-05:00,17.196962730448046,17.196962730448046,16.945911424677746,17.071435928344727,2220,0.0,0.0
1995-02-01 00:00:00-05:00,16.945916673411496,17.44801714203356,16.945916673411496,17.322492599487305,5460,0.0,0.0
1995-02-02 00:00:00-05:00,17.071435557193155,17.44801135844327,17.071435557193155,17.196962356567383,11520,0.0,0.0
1995-02-03 00:00:00-05:00,17.196968056941053,17.322492599487305,17.071441215957748,17.322492599487305,4920,0.0,0.0
1995-02-06 00:00:00-05:00,17.32249447159777,17.44801902770996,17.32249447159777,17.44801902770996,3780,0.0,0.0
1995-02-07 00:00:00-05:00,17.32249028154788,17.950117507169832,17.32249028154788,17.8245906829834,6660,0.0,0.0
1995-02-08 00:00:00-05:00,17.573541243827165,17.950117111206055,17.573541243827165,17.950117111206055,2880,0.0,0.0
1995-02-09 00:00:00-05:00,18.075641242825256,18.577741622313745,18.075641242825256,18.45221710205078,6060,0.0,0.0
1995-02-10 00:00:00-05:00,18.577741622924805,18.577741622924805,18.452217102657713,18.577741622924805,1980,0.0,0.0
1995-02-13 00:00:00-05:00,18.57773934051696,18.828790648644336,18.45221483567145,18.703266143798828,3240,0.0,0.0
1995-02-14 00:00:00-05:00,18.828788785771806,18.954313278198242,18.703264293345374,18.954313278198242,6780,0.0,0.0
1995-02-15 00:00:00-05:00,18.954313278198242,18.954313278198242,18.577737502482808,18.954313278198242,6660,0.0,0.0
1995-02-16 00:00:00-05:00,18.703264265087434,18.954313249561004,18.703264265087434,18.82878875732422,6000,0.0,0.0
1995-02-17 00:00:00-05:00,18.577741622924805,18.577741622924805,18.452217102657713,18.577741622924805,4260,0.0,0.0
1995-02-21 00:00:00-05:00,18.577741622924805,18.577741622924805,18.577741622924805,18.577741622924805,240,0.0,0.0
1995-02-22 00:00:00-05:00,18.577737474414523,18.82878875732422,18.577737474414523,18.82878875732422,1080,0.0,0.0
1995-02-23 00:00:00-05:00,18.95432239194482,19.079849243164062,18.95432239194482,19.079849243164062,3480,0.0,0.0
1995-02-24 00:00:00-05:00,18.828797839162814,19.330898348728077,18.828797839162814,19.079849243164062,12540,0.0,0.0
1995-02-27 00:00:00-05:00,19.079851106347004,19.33090023642643,19.079851106347004,19.20537567138672,3180,0.0,0.0
1995-02-28 00:00:00-05:00,19.079849243164062,19.079849243164062,18.828797839162814,19.079849243164062,7860,0.0,0.0
1995-03-01 00:00:00-05:00,18.95432239194482,19.079849243164062,18.95432239194482,19.079849243164062,2040,0.0,0.0
1995-03-02 00:00:00-05:00,18.828788785771806,18.954313278198242,18.828788785771806,18.954313278198242,1200,0.0,0.0
1995-03-03 00:00:00-05:00,18.828790648644336,18.828790648644336,18.57773934051696,18.703266143798828,480,0.0,0.0
1995-03-06 00:00:00-05:00,18.703264265087434,18.82878875732422,18.703264265087434,18.82878875732422,660,0.0,0.0
1995-03-07 00:00:00-05:00,18.703268441013346,18.703268441013346,18.32669258178782,18.45221710205078,6420,0.0,0.0
1995-03-08 00:00:00-05:00,18.20116576368689,18.703268441628534,18.20116576368689,18.577741622924805,4560,0.0,0.0
1995-03-09 00:00:00-05:00,18.703264293345374,19.079840069060808,18.703264293345374,18.954313278198242,4980,0.0,0.0
1995-03-10 00:00:00-05:00,19.079841956771716,19.079841956771716,18.57773934051696,18.703266143798828,7140,0.0,0.0
1995-03-13 00:00:00-05:00,18.828788785771806,18.954313278198242,18.828788785771806,18.954313278198242,1080,0.0,0.0
1995-03-14 00:00:00-05:00,18.82878875732422,18.82878875732422,18.82878875732422,18.82878875732422,180,0.0,0.0
1995-03-15 00:00:00-05:00,18.954313249561004,18.954313249561004,18.703264265087434,18.82878875732422,540,0.0,0.0
1995-03-16 00:00:00-05:00,18.703264293345374,18.954313278198242,18.577737502482808,18.954313278198242,18960,0.0,0.0
1995-03-17 00:00:00-05:00,18.82878875732422,18.82878875732422,18.82878875732422,18.82878875732422,1020,0.0,0.0
1995-03-20 00:00:00-05:00,18.954313278198242,18.954313278198242,18.954313278198242,18.954313278198242,300,0.0,0.0
1995-03-21 00:00:00-05:00,18.828792961895626,18.828792961895626,18.577741622924805,18.577741622924805,5100,0.0,0.0
1995-03-22 00:00:00-05:00,18.577737474414523,18.82878875732422,18.577737474414523,18.82878875732422,1620,0.0,0.0
1995-03-23 00:00:00-05:00,18.703264265087434,18.82878875732422,18.703264265087434,18.82878875732422,2700,0.0,0.0
1995-03-24 00:00:00-05:00,18.82878875732422,18.82878875732422,18.82878875732422,18.82878875732422,2460,0.0,0.0
1995-03-27 00:00:00-05:00,18.954313249561004,18.954313249561004,18.703264265087434,18.82878875732422,2220,0.0,0.0
1995-03-28 00:00:00-05:00,18.95431234722657,19.832990646362305,18.95431234722657,19.832990646362305,8940,0.0,0.0
1995-03-29 00:00:00-05:00,19.581940307617188,19.707464799853973,18.82878875732422,18.82878875732422,10260,0.0,0.0
1995-03-30 00:00:00-05:00,18.828797839162814,19.079849243164062,18.703273286380806,19.079849243164062,2100,0.0,0.0
1995-03-31 00:00:00-05:00,18.828788785771806,18.954313278198242,18.828788785771806,18.954313278198242,4860,0.0,0.0
1995-04-03 00:00:00-04:00,19.079849243164062,19.079849243164062,19.079849243164062,19.079849243164062,3300,0.0,0.0
1995-04-04 00:00:00-04:00,18.95432045917953,19.70747229594742,18.95432045917953,19.330896377563477,6900,0.0,0.0
1995-04-05 00:00:00-04:00,19.205373315414985,19.456424713134766,19.079848765773686,19.456424713134766,2700,0.0,0.0
1995-04-06 00:00:00-04:00,19.456419754204262,20.58614730834961,19.330892938119273,20.58614730834961,32460,0.0,0.0
1995-04-07 00:00:00-04:00,20.58615596779987,20.58615596779987,19.958528518676758,19.958528518676758,6420,0.0,0.0
1995-04-10 00:00:00-04:00,20.20957374572754,20.335098277591747,19.958522383562272,20.20957374572754,3000,0.0,0.0
1995-04-11 00:00:00-04:00,20.20956640358161,20.20956640358161,19.832990646362305,19.832990646362305,2640,0.0,0.0
1995-04-12 00:00:00-04:00,20.084056854248047,20.084056854248047,19.833007666285116,20.084056854248047,4140,0.0,0.0
1995-04-13 00:00:00-04:00,20.084053089126357,20.084053089126357,19.581952508890407,19.958528518676758,10440,0.0,0.0
1995-04-17 00:00:00-04:00,19.958528518676758,19.958528518676758,19.958528518676758,19.958528518676758,0,0.0,0.0
1995-04-18 00:00:00-04:00,19.9585151326234,19.9585151326234,19.832990646362305,19.832990646362305,2760,0.0,0.0
1995-04-19 00:00:00-04:00,19.958528518676758,20.084053089126357,19.958528518676758,19.958528518676758,9060,0.0,0.0
1995-04-20 00:00:00-04:00,20.084053089126357,20.084053089126357,19.833003948227162,19.958528518676758,4020,0.0,0.0
1995-04-21 00:00:00-04:00,19.958523220223523,19.958523220223523,19.70747184753418,19.70747184753418,2700,0.0,0.0
1995-04-24 00:00:00-04:00,19.581947310407983,19.70747184753418,19.581947310407983,19.70747184753418,360,0.0,0.0
1995-04-25 00:00:00-04:00,19.58193937540409,19.832990646362305,19.58193937540409,19.832990646362305,4140,0.0,0.0
1995-04-26 00:00:00-04:00,19.833007666285116,20.084056854248047,19.707480773865658,20.084056854248047,3360,0.0,0.0
1995-04-27 00:00:00-04:00,20.084053089126357,20.335104528463113,19.958528518676758,19.958528518676758,4500,0.0,0.0
1995-04-28 00:00:00-04:00,20.084056854248047,20.084056854248047,20.084056854248047,20.084056854248047,3420,0.0,0.0
1995-05-01 00:00:00-04:00,20.08404691542648,20.20957374572754,20.08404691542648,20.20957374572754,1080,0.0,0.0
1995-05-02 00:00:00-04:00,20.084053089126357,20.084053089126357,19.958528518676758,19.958528518676758,4980,0.0,0.0
1995-05-03 00:00:00-04:00,20.08404691542648,20.20957374572754,20.08404691542648,20.20957374572754,5160,0.0,0.0
1995-05-04 00:00:00-04:00,20.209581259799762,20.460630416870117,20.084054382826878,20.460630416870117,8160,0.0,0.0
1995-05-05 00:00:00-04:00,20.460630474887203,20.460630474887203,20.335105895996094,20.335105895996094,1380,0.0,0.0
1995-05-08 00:00:00-04:00,20.084054439776164,20.335105895996094,20.084054439776164,20.335105895996094,2100,0.0,0.0
1995-05-09 00:00:00-04:00,20.460630416870117,20.586157293843,20.460630416870117,20.460630416870117,3780,0.0,0.0
1995-05-10 00:00:00-04:00,20.586146939168557,21.21377181459164,20.586146939168557,21.088247299194336,11040,0.0,0.0
1995-05-11 00:00:00-04:00,21.213789180768256,21.213789180768256,20.83721302786445,20.962739944458008,3840,0.0,0.0
1995-05-12 00:00:00-04:00,21.088250664582386,21.590351104736328,20.962726129153133,21.590351104736328,26580,0.0,0.0
1995-05-15 00:00:00-04:00,21.84140773111076,22.092459160832572,21.84140773111076,21.96693229675293,15420,0.0,0.0
1995-05-16 00:00:00-04:00,21.966931863372434,22.092458724975586,21.84140730020671,22.092458724975586,9180,0.0,0.0
1995-05-17 00:00:00-04:00,22.092459160832572,22.21798372647474,21.96693229675293,21.96693229675293,8220,0.0,0.0
1995-05-18 00:00:00-04:00,22.092449549801305,22.092449549801305,21.71587371826172,21.71587371826172,5340,0.0,0.0
1995-05-19 00:00:00-04:00,21.84140730020671,22.092458724975586,21.84140730020671,22.092458724975586,2760,0.0,0.0
1995-05-22 00:00:00-04:00,22.343486625660407,23.473213516257314,22.343486625660407,22.720062255859375,19920,0.0,0.0
1995-05-23 00:00:00-04:00,22.59453781193813,23.096637886058343,22.59453781193813,22.720062255859375,9840,0.0,0.0
1995-05-24 00:00:00-04:00,22.845605850219727,22.97113038673383,22.594554478754585,22.845605850219727,5760,0.0,0.0
1995-05-25 00:00:00-04:00,22.84560086330797,22.84560086330797,22.217973720866816,22.34349822998047,3780,0.0,0.0
1995-05-26 00:00:00-04:00,22.343498229980472,22.343498229980472,22.09244921175316,22.34349822998047,5340,0.0,0.0
1995-05-30 00:00:00-04:00,22.343498229980472,22.343498229980472,22.217973720866816,22.34349822998047,2580,0.0,0.0
1995-05-31 00:00:00-04:00,22.343498229980472,22.469025037530564,22.217973720866816,22.34349822998047,3900,0.0,0.0
1995-06-01 00:00:00-04:00,22.343499752653294,22.594551086425778,22.343499752653294,22.59455108642578,2280,0.0,0.0
1995-06-02 00:00:00-04:00,22.594552587290277,23.222179814193925,22.594552587290277,22.971128463745117,4320,0.0,0.0
1995-06-05 00:00:00-04:00,22.971133660582964,23.473234176635742,22.971133660582964,23.473234176635742,3120,0.0,0.0
1995-06-06 00:00:00-04:00,23.473231815488283,23.849807739257812,23.473231815488283,23.849807739257812,10020,0.0,0.0
1995-06-07 00:00:00-04:00,23.849807739257812,24.100859121249844,23.724283197480315,23.849807739257812,10200,0.0,0.0
1995-06-08 00:00:00-04:00,23.849807739257812,24.351910503241875,23.849807739257812,23.849807739257812,7620,0.0,0.0
1995-06-09 00:00:00-04:00,23.84980822416875,23.84980822416875,23.347707748413086,23.347707748413086,5160,0.0,0.0
1995-06-12 00:00:00-04:00,23.724282553029614,24.665722336879995,23.724282553029614,24.289146423339844,17760,0.0,1.5
1995-06-13 00:00:00-04:00,25.41887780894404,26.925181679103687,24.854013857634172,25.983741760253906,36960,0.0,0.0
1995-06-14 00:00:00-04:00,25.9837345235488,26.172022454878864,25.230582798228546,25.607158660888672,11400,0.0,0.0
1995-06-15 00:00:00-04:00,25.98374635400906,26.925186439299246,25.98374635400906,26.73689842224121,14120,0.0,0.0
1995-06-16 00:00:00-04:00,26.92517262034946,27.113460540771484,26.54859677950541,27.113460540771484,5720,0.0,0.0
1995-06-19 00:00:00-04:00,27.490051558922076,27.678339583298257,27.11347551016972,27.3017635345459,19120,0.0,0.0
1995-06-20 00:00:00-04:00,27.3017635345459,27.678339583298257,27.3017635345459,27.3017635345459,6040,0.0,0.0
1995-06-21 00:00:00-04:00,27.301753775714197,27.866617646935868,27.301753775714197,27.490041732788086,5760,0.0,0.0
1995-06-22 00:00:00-04:00,27.3017635345459,27.490051558922076,27.11347551016972,27.3017635345459,5920,0.0,0.0
1995-06-23 00:00:00-04:00,27.113460540771484,27.490036381615532,26.92517262034946,27.113460540771484,3920,0.0,0.0
1995-06-26 00:00:00-04:00,27.11347551016972,27.490051558922076,27.11347551016972,27.3017635345459,5000,0.0,0.0
1995-06-27 00:00:00-04:00,27.11346648956512,27.301754451298212,26.92517852783203,26.92517852783203,6800,0.0,0.0
1995-06-28 00:00:00-04:00,26.92517852783203,26.92517852783203,26.73689056609894,26.92517852783203,4560,0.0,0.0
1995-06-29 00:00:00-04:00,26.73689056609894,27.301754451298212,26.548602604365847,26.92517852783203,4760,0.0,0.0
1995-06-30 00:00:00-04:00,26.736884699927437,27.113460540771484,26.736884699927437,27.113460540771484,1920,0.0,0.0
1995-07-03 00:00:00-04:00,26.92517852783203,27.11346648956512,26.73689056609894,26.92517852783203,1680,0.0,0.0
1995-07-05 00:00:00-04:00,26.92518748579354,27.3017635345459,26.92518748579354,27.3017635345459,2000,0.0,0.0
1995-07-06 00:00:00-04:00,27.30173430944744,28.619749069213867,27.30173430944744,28.619749069213867,4920,0.0,0.0
1995-07-07 00:00:00-04:00,28.619764709472655,29.184628486633297,28.243188858032223,28.243188858032227,7840,0.0,0.0
1995-07-10 00:00:00-04:00,28.43146124639009,28.619749069213867,28.243173423566315,28.619749069213867,3320,0.0,0.0
1995-07-11 00:00:00-04:00,28.431468963623047,28.996332585416884,28.24318108969177,28.431468963623047,10400,0.0,0.0
1995-07-12 00:00:00-04:00,28.619763594407303,29.749491104712856,28.431475676023044,29.372915267944336,9720,0.0,0.0
1995-07-13 00:00:00-04:00,29.372915267944336,29.749491104712856,29.372915267944336,29.372915267944336,3600,0.0,0.0
1995-07-14 00:00:00-04:00,29.56120995283127,30.126073837280277,28.996346068382266,30.126073837280273,6000,0.0,0.0
1995-07-17 00:00:00-04:00,30.31435341951324,30.87921714782715,30.126065510075268,30.87921714782715,6360,0.0,0.0
1995-07-18 00:00:00-04:00,30.87922999370529,32.19724590807076,30.87922999370529,31.25580596923828,9160,0.0,0.0
1995-07-19 00:00:00-04:00,31.255807097846937,32.00895907610831,31.255807097846937,31.82067108154297,10360,0.0,0.0
1995-07-20 00:00:00-04:00,31.444089662461057,32.00895354861305,31.25580170041039,31.63237762451172,6640,0.0,0.0
1995-07-21 00:00:00-04:00,31.444081032413173,32.7620964050293,31.444081032413173,32.7620964050293,2840,0.0,0.0
1995-07-24 00:00:00-04:00,32.76210627480159,35.58642578125,32.76210627480159,35.58642578125,6120,0.0,0.0
1995-07-25 00:00:00-04:00,35.20984095911825,36.71614431565808,34.8332651199833,35.02155303955078,13560,0.0,0.0
1995-07-26 00:00:00-04:00,34.83327316201252,34.83327316201252,33.89183334682299,34.64498519897461,14760,0.0,0.0
1995-07-27 00:00:00-04:00,34.644976199661166,34.644976199661166,33.8918245431468,34.08011245727539,6320,0.0,0.0
1995-07-28 00:00:00-04:00,34.08011245727539,34.08011245727539,33.7035366290182,34.08011245727539,1480,0.0,0.0
1995-07-31 00:00:00-04:00,33.89182662963867,33.89182662963867,33.51525077819824,33.89182662963867,2440,0.0,0.0
1995-08-01 00:00:00-04:00,33.51524804652422,33.51524804652422,32.7620964050293,32.7620964050293,5320,0.0,0.0
1995-08-02 00:00:00-04:00,32.57382035809894,32.57382035809894,31.820668442304747,32.38553237915039,4840,0.0,0.0
1995-08-03 00:00:00-04:00,32.19723096197051,32.95038256342011,32.19723096197051,32.57380676269531,11880,0.0,0.0
1995-08-04 00:00:00-04:00,32.76210191999163,33.138677804129465,32.76210191999163,32.95038986206055,3440,0.0,0.0
1995-08-07 00:00:00-04:00,32.762107620696106,32.762107620696106,31.444091796874996,31.444091796875,4560,0.0,0.0
1995-08-08 00:00:00-04:00,31.632365866268383,32.38551743451287,31.44407797420726,32.008941650390625,12240,0.0,0.0
1995-08-09 00:00:00-04:00,32.197235107421875,32.57381095663149,32.00894718281707,32.197235107421875,5280,0.0,0.0
1995-08-10 00:00:00-04:00,32.008956421253295,32.38553237915039,32.008956421253295,32.38553237915039,5960,0.0,0.0
1995-08-11 00:00:00-04:00,32.38552303202668,32.38552303202668,32.197235107421875,32.197235107421875,5360,0.0,0.0
1995-08-14 00:00:00-04:00,32.19724590807076,32.19724590807076,30.87922999370529,31.25580596923828,8880,0.0,0.0
1995-08-15 00:00:00-04:00,31.067513738359725,31.820665586562384,31.067513738359725,31.63237762451172,13400,0.0,0.0
1995-08-16 00:00:00-04:00,31.444089662461057,31.63237762451172,31.444089662461057,31.63237762451172,2920,0.0,0.0
1995-08-17 00:00:00-04:00,31.63236726088331,32.57380676269531,31.255791460158505,32.57380676269531,35640,0.0,0.0
1995-08-18 00:00:00-04:00,32.573811899531975,33.515251549807466,32.573811899531975,33.138675689697266,63280,0.0,0.0
1995-08-21 00:00:00-04:00,33.326957382969354,33.70353317260742,33.326957382969354,33.70353317260742,4000,0.0,0.0
1995-08-22 00:00:00-04:00,33.51524527778839,33.70353317260742,33.13866948815031,33.70353317260742,7320,0.0,0.0
1995-08-23 00:00:00-04:00,34.83327316201252,35.209849088088326,34.45669723593671,34.64498519897461,58200,0.0,0.0
1995-08-24 00:00:00-04:00,34.45668828553258,34.45668828553258,34.08011245727539,34.08011245727539,8880,0.0,0.0
1995-08-25 00:00:00-04:00,34.26840591430664,34.456693858890745,34.080117969722544,34.26840591430664,7320,0.0,0.0
1995-08-28 00:00:00-04:00,34.45668029785156,34.45668029785156,34.268392427371495,34.45668029785156,3320,0.0,0.0
1995-08-29 00:00:00-04:00,34.45669797867064,35.774713748346564,34.45669797867064,35.58642578125,7920,0.0,0.0
1995-08-30 00:00:00-04:00,35.77472467072971,35.9630126953125,35.77472467072971,35.9630126953125,12200,0.0,0.0
1995-08-31 00:00:00-04:00,35.962987740834556,36.151275634765625,35.962987740834556,36.151275634765625,7600,0.0,0.0
1995-09-01 00:00:00-04:00,35.96299956472296,36.15128752055921,35.77471160888672,35.77471160888672,1200,0.0,0.0
1995-09-05 00:00:00-04:00,35.58641853944503,35.58641853944503,34.8332668243245,35.209842681884766,3200,0.0,0.0
1995-09-06 00:00:00-04:00,35.58643664614692,35.9630126953125,35.58643664614692,35.9630126953125,1080,0.0,0.0
1995-09-07 00:00:00-04:00,35.96299956472296,35.96299956472296,35.20984774137798,35.77471160888672,5320,0.0,0.0
1995-09-08 00:00:00-04:00,35.586423653050474,35.77471160888672,35.39813569721423,35.77471160888672,3720,0.0,0.0
1995-09-11 00:00:00-04:00,35.77471297720204,35.77471297720204,34.64498519897461,34.64498519897461,4960,0.0,0.0
1995-09-12 00:00:00-04:00,34.83326411378976,34.83326411378976,33.8918245431468,34.08011245727539,4960,0.0,0.0
1995-09-13 00:00:00-04:00,33.7035366290182,34.644976199661166,33.51524871488961,34.08011245727539,6560,0.0,0.0
1995-09-14 00:00:00-04:00,34.26840591430664,34.64498180347485,34.26840591430664,34.26840591430664,7200,0.0,0.0
1995-09-15 00:00:00-04:00,33.891829572405136,33.891829572405136,32.95038986206055,32.95038986206055,10600,0.0,0.0
1995-09-18 00:00:00-04:00,32.57380676269531,32.95038256342011,32.19723096197051,32.57380676269531,14400,0.0,0.0
1995-09-19 00:00:00-04:00,32.3855260358538,32.95038986206055,32.3855260358538,32.95038986206055,10760,0.0,0.0
1995-09-20 00:00:00-04:00,32.95038431540303,32.95038431540303,32.7620964050293,32.7620964050293,2880,0.0,0.0
1995-09-21 00:00:00-04:00,32.76209321863511,32.76209321863511,32.008941650390625,32.008941650390625,5960,0.0,0.0
1995-09-22 00:00:00-04:00,32.008941650390625,32.197229542451744,32.008941650390625,32.008941650390625,8880,0.0,0.0
1995-09-25 00:00:00-04:00,32.197229542451744,32.197229542451744,31.632365866268383,32.008941650390625,2360,0.0,0.0
1995-09-26 00:00:00-04:00,32.00894718281707,32.197235107421875,31.63237133360746,32.197235107421875,2480,0.0,0.0
1995-09-27 00:00:00-04:00,32.197247070673654,32.197247070673654,31.82067108154297,31.82067108154297,1080,0.0,0.0
1995-09-28 00:00:00-04:00,32.00894810936668,33.138675689697266,32.00894810936668,33.138675689697266,18520,0.0,0.0
1995-09-29 00:00:00-04:00,33.51525077819824,33.89182662963867,33.51525077819824,33.89182662963867,5080,0.0,0.0
1995-10-02 00:00:00-04:00,33.70353317260742,33.70353317260742,33.51524527778839,33.70353317260742,2520,0.0,0.0
1995-10-03 00:00:00-04:00,33.70354163033622,33.70354163033622,32.95038986206055,32.95038986206055,12000,0.0,0.0
1995-10-04 00:00:00-04:00,33.13867222577676,33.13867222577676,32.7620964050293,32.7620964050293,5240,0.0,0.0
1995-10-05 00:00:00-04:00,32.95038256342011,32.95038256342011,32.19723096197051,32.57380676269531,14520,0.0,0.0
1995-10-06 00:00:00-04:00,32.38552058428183,32.7620964050293,32.1972326739081,32.7620964050293,2800,0.0,0.0
1995-10-09 00:00:00-04:00,32.95039631599604,32.95039631599604,32.197244400201846,32.38553237915039,4040,0.0,0.0
1995-10-10 00:00:00-04:00,32.57382035809894,32.57382035809894,32.38553237915039,32.38553237915039,840,0.0,0.0
1995-10-11 00:00:00-04:00,32.38552303202668,32.57381095663149,32.197235107421875,32.197235107421875,2680,0.0,0.0
1995-10-12 00:00:00-04:00,32.197235107421875,32.57381095663149,32.197235107421875,32.197235107421875,6440,0.0,0.0
1995-10-13 00:00:00-04:00,32.008941650390625,32.38551743451287,32.008941650390625,32.008941650390625,3600,0.0,0.0
1995-10-16 00:00:00-04:00,32.00895354861305,32.00895354861305,31.25580170041039,31.63237762451172,15160,0.0,0.0
1995-10-17 00:00:00-04:00,31.632379771706585,31.632379771706585,31.067515847211823,31.444091796875,15960,0.0,0.0
1995-10-18 00:00:00-04:00,31.444089662461057,32.00895354861305,31.067513738359725,31.63237762451172,19240,0.0,0.0
1995-10-19 00:00:00-04:00,31.820669932537772,31.820669932537772,31.067517981471788,31.25580596923828,6040,0.0,0.0
1995-10-20 00:00:00-04:00,31.06750896998814,31.06750896998814,28.996341705322266,28.996341705322266,31760,0.0,0.0
1995-10-23 00:00:00-04:00,28.996341705322266,28.996341705322266,28.431477905867933,28.996341705322266,26640,0.0,0.0
1995-10-24 00:00:00-04:00,29.372905489764637,29.749481201171875,28.996329778357396,29.749481201171875,17480,0.0,0.0
1995-10-25 00:00:00-04:00,29.749499068721647,29.749499068721647,29.184635162353512,29.184635162353516,11920,0.0,0.0
1995-10-26 00:00:00-04:00,29.561196207210717,29.561196207210717,28.05489321576049,28.431468963623047,15680,0.0,0.0
1995-10-27 00:00:00-04:00,28.243173423566315,28.80803689203764,27.866597777918766,28.619749069213867,22360,0.0,0.0
1995-10-30 00:00:00-05:00,28.24318997271649,29.18462963847371,28.24318997271649,28.996341705322266,6480,0.0,0.0
1995-10-31 00:00:00-05:00,29.184635162353512,29.37292313114289,28.996347193564137,29.184635162353516,9760,0.0,0.0
1995-11-01 00:00:00-05:00,29.18462963847371,29.18462963847371,28.996341705322266,28.996341705322266,2040,0.0,0.0
1995-11-02 00:00:00-05:00,29.184627349560078,29.561203186328598,29.184627349560078,29.372915267944336,1840,0.0,0.0
1995-11-03 00:00:00-05:00,29.561193345468254,30.126056912579113,29.372905489764637,29.749481201171875,3720,0.0,0.0
1995-11-06 00:00:00-05:00,29.749498598135197,29.93778656394618,29.372922666513233,29.56121063232422,2360,0.0,0.0
1995-11-07 00:00:00-05:00,29.749498598135197,29.749498598135197,29.372922666513233,29.56121063232422,2600,0.0,0.0
1995-11-08 00:00:00-05:00,29.561205504776595,29.561205504776595,28.80805377217082,28.996341705322266,9840,0.0,0.0
1995-11-09 00:00:00-05:00,28.619771720537177,28.808059692382816,28.619771720537177,28.808059692382812,1800,0.0,0.0
1995-11-10 00:00:00-05:00,28.431477905867933,28.996341705322266,28.431477905867933,28.996341705322266,1080,0.0,0.0
1995-11-13 00:00:00-05:00,28.619749069213867,28.619749069213867,28.43146124639009,28.619749069213867,1440,0.0,0.0
1995-11-14 00:00:00-05:00,28.43148324927505,28.43148324927505,27.113467469507334,27.67833137512207,14000,0.0,0.0
1995-11-15 00:00:00-05:00,27.490050490473354,27.678338507531393,25.98374635400906,26.73689842224121,7920,0.0,0.0
1995-11-16 00:00:00-05:00,26.54859677950541,27.490036381615532,26.54859677950541,27.113460540771484,5840,0.0,0.0
1995-11-17 00:00:00-05:00,27.30175869576883,28.05491065979004,27.113470704763525,28.05491065979004,4320,0.0,0.0
1995-11-20 00:00:00-05:00,28.05490560400976,28.05490560400976,27.490041732788086,27.490041732788086,6840,0.0,0.0
1995-11-21 00:00:00-05:00,27.67833137512207,27.67833137512207,27.490043406583823,27.67833137512207,840,0.0,0.0
1995-11-22 00:00:00-05:00,27.866619343660314,28.243195280736806,27.67833137512207,27.67833137512207,1600,0.0,0.0
1995-11-24 00:00:00-05:00,27.67833137512207,27.67833137512207,27.67833137512207,27.67833137512207,0,0.0,0.0
1995-11-27 00:00:00-05:00,27.11347551016972,27.3017635345459,27.11347551016972,27.3017635345459,5360,0.0,0.0
1995-11-28 00:00:00-05:00,27.3017635345459,27.678339583298257,27.3017635345459,27.3017635345459,2280,0.0,0.0
1995-11-29 00:00:00-05:00,27.11347551016972,27.3017635345459,27.11347551016972,27.3017635345459,2960,0.0,0.0
1995-11-30 00:00:00-05:00,27.113453846104097,28.431468963623047,27.113453846104097,28.431468963623047,8960,0.0,0.0
1995-12-01 00:00:00-05:00,28.619765839019376,29.372917571625152,28.619765839019376,28.996341705322266,10600,0.0,0.0
1995-12-04 00:00:00-05:00,28.996341705322266,29.18462963847371,28.80805377217082,28.996341705322266,1600,0.0,0.0
1995-12-05 00:00:00-05:00,29.18462963847371,29.18462963847371,28.996341705322266,28.996341705322266,2560,0.0,0.0
1995-12-06 00:00:00-05:00,28.996347193564137,29.184635162353512,28.61977125598538,29.184635162353516,1400,0.0,0.0
1995-12-07 00:00:00-05:00,29.37292313114289,29.37292313114289,28.996347193564137,29.184635162353516,1800,0.0,0.0
1995-12-08 00:00:00-05:00,29.372915267944336,29.561203186328598,29.372915267944336,29.372915267944336,1720,0.0,0.0
1995-12-11 00:00:00-05:00,29.561203186328598,29.561203186328598,28.99633943117582,29.372915267944336,2000,0.0,0.0
1995-12-12 00:00:00-05:00,29.372927827655143,29.93779182434082,29.372927827655143,29.93779182434082,1880,0.0,0.0
1995-12-13 00:00:00-05:00,29.680673277378084,30.247819900512695,29.680673277378084,30.247819900512695,1760,0.2,0.0
1995-12-14 00:00:00-05:00,30.24781203851467,31.00400733947754,30.058763213273956,31.00400733947754,5840,0.0,0.0
1995-12-15 00:00:00-05:00,31.571172543934413,31.949270418712068,31.382123606545584,31.760221481323242,6880,0.0,0.0
1995-12-18 00:00:00-05:00,31.382106317950118,32.89449698387543,31.382106317950118,32.705448150634766,5040,0.0,0.0
1995-12-19 00:00:00-05:00,32.7054625143552,33.83975601196289,32.7054625143552,33.83975601196289,19200,0.0,0.0
1995-12-20 00:00:00-05:00,33.65069909434501,34.595943450927734,33.27260135171192,34.595943450927734,10960,0.0,0.0
1995-12-21 00:00:00-05:00,34.59593980483587,34.78498865622842,33.83974439926569,34.21784210205078,8040,0.0,0.0
1995-12-22 00:00:00-05:00,34.2178462382113,34.2178462382113,33.272601866989994,33.650699615478516,2520,0.0,0.0
1995-12-26 00:00:00-05:00,33.27260165744358,34.21784602271186,33.27260165744358,34.0287971496582,5720,0.0,0.0
1995-12-27 00:00:00-05:00,34.02880492823084,34.02880492823084,33.65070709569494,33.83975601196289,2240,0.0,0.0
1995-12-28 00:00:00-05:00,34.028801484541454,34.028801484541454,33.08355699885975,33.272605895996094,8960,0.0,0.0
1995-12-29 00:00:00-05:00,33.27260926315904,33.83975601196289,33.27260926315904,33.83975601196289,2080,0.0,0.0
1996-01-02 00:00:00-05:00,33.83974796566155,34.595943450927734,33.83974796566155,34.595943450927734,2800,0.0,0.0
1996-01-03 00:00:00-05:00,34.785003662109375,35.16310152800187,34.785003662109375,34.785003662109375,5920,0.0,0.0
1996-01-04 00:00:00-05:00,34.785003662109375,34.974052595055625,34.785003662109375,34.785003662109375,2400,0.0,0.0
1996-01-05 00:00:00-05:00,34.78499970307221,34.97404861450195,34.78499970307221,34.97404861450195,1960,0.0,0.0
1996-01-08 00:00:00-05:00,34.974052595055625,34.974052595055625,34.40690579621688,34.785003662109375,4280,0.0,0.0
1996-01-09 00:00:00-05:00,34.59594355572711,34.59594355572711,34.02879694005945,34.40689468383789,8280,0.0,0.0
1996-01-10 00:00:00-05:00,34.40688764980074,34.40688764980074,32.327350484153435,32.705448150634766,5000,0.0,0.0
1996-01-11 00:00:00-05:00,32.705448150634766,32.705448150634766,31.760203984431445,32.705448150634766,8640,0.0,0.0
1996-01-12 00:00:00-05:00,32.70545589092166,32.894504768903865,31.949260378992836,32.51640701293945,5600,0.0,0.0
1996-01-15 00:00:00-05:00,32.32735813495725,32.70545589092166,32.32735813495725,32.51640701293945,480,0.0,0.0
1996-01-16 00:00:00-05:00,32.70545589092166,32.70545589092166,32.51640701293945,32.51640701293945,720,0.0,0.0
1996-01-17 00:00:00-05:00,32.32735824584961,32.51640712448031,32.32735824584961,32.32735824584961,1840,0.0,0.0
1996-01-18 00:00:00-05:00,32.13830993836184,32.13830993836184,31.00401664641966,31.38211441040039,5840,0.0,0.0
1996-01-19 00:00:00-05:00,31.382126039447208,31.382126039447208,31.004028135357483,31.193077087402344,1040,0.0,0.0
1996-01-22 00:00:00-05:00,31.193077087402344,31.382126039447208,31.004028135357483,31.193077087402344,2320,0.0,0.0
1996-01-23 00:00:00-05:00,31.193064974065415,32.51640712448031,31.004016095434714,32.32735824584961,10400,0.0,0.0
1996-01-24 00:00:00-05:00,32.51641030745073,33.839752587405115,32.13831251317804,33.272605895996094,9280,0.0,0.0
1996-01-25 00:00:00-05:00,33.461654924665176,33.461654924665176,33.08355712890625,33.08355712890625,1120,0.0,0.0
1996-01-26 00:00:00-05:00,33.27259465035675,33.27259465035675,32.705448150634766,32.705448150634766,3080,0.0,0.0
1996-01-29 00:00:00-05:00,32.70545589092166,32.70545589092166,32.51640701293945,32.51640701293945,720,0.0,0.0
1996-01-30 00:00:00-05:00,32.51640616522895,34.0287971496582,32.51640616522895,34.0287971496582,8840,0.0,0.0
1996-01-31 00:00:00-05:00,34.0287971496582,34.40689489576552,33.839748276604546,34.0287971496582,9800,0.0,0.0
1996-02-01 00:00:00-05:00,34.02879736396704,34.02879736396704,33.650699615478516,33.650699615478516,2360,0.0,0.0
1996-02-02 00:00:00-05:00,33.83974848972277,33.83974848972277,33.650699615478516,33.650699615478516,960,0.0,0.0
1996-02-05 00:00:00-05:00,33.27261549426664,35.16310501098633,33.27261549426664,35.16310501098633,24000,0.0,0.0
1996-02-06 00:00:00-05:00,34.974044080804155,36.10833740234375,34.974044080804155,36.10833740234375,17800,0.0,0.0
1996-02-07 00:00:00-05:00,35.91929244995117,36.29739026521382,35.91929244995117,35.91929244995117,5560,0.0,0.0
1996-02-08 00:00:00-05:00,36.10832993441789,36.10832993441789,35.73023223876953,35.73023223876953,8400,0.0,0.0
1996-02-09 00:00:00-05:00,35.730239628497216,36.10833740234375,35.730239628497216,36.10833740234375,12400,0.0,0.0
1996-02-12 00:00:00-05:00,35.730243542319855,36.67548808047646,35.16309681942589,35.91929244995117,27520,0.0,0.0
1996-02-13 00:00:00-05:00,35.919281086593706,36.10832993441789,35.73023223876953,35.73023223876953,2480,0.0,0.0
1996-02-14 00:00:00-05:00,35.54119534879117,35.54119534879117,34.97404861450195,34.97404861450195,2120,0.0,0.0
1996-02-15 00:00:00-05:00,34.78498865622842,34.97403750762096,34.21784210205078,34.21784210205078,3480,0.0,0.0
1996-02-16 00:00:00-05:00,34.21785686327063,34.785003662109375,34.21785686327063,34.785003662109375,4000,0.0,0.0
1996-02-20 00:00:00-05:00,34.40690188021273,34.97404861450195,34.40690188021273,34.97404861450195,3240,0.0,0.0
1996-02-21 00:00:00-05:00,34.78500710764239,35.16310501098633,34.78500710764239,35.16310501098633,1360,0.0,0.0
1996-02-22 00:00:00-05:00,35.35215377807617,35.35215377807617,34.97405587670637,35.35215377807617,3040,0.0,0.0
1996-02-23 00:00:00-05:00,34.785006926021474,35.54120272876107,34.595957975336574,35.35215377807617,5000,0.0,0.0
1996-02-26 00:00:00-05:00,35.16310482739127,35.73025167944597,34.97405587670637,35.35215377807617,4760,0.0,0.0
1996-02-27 00:00:00-05:00,35.541183390945356,35.73023223876953,35.163085695297,35.73023223876953,2120,0.0,0.0
1996-02-28 00:00:00-05:00,35.73024765988614,35.91929658930352,35.16310087163398,35.54119873046875,6520,0.0,0.0
1996-02-29 00:00:00-05:00,35.35215377807617,35.35215377807617,35.16310482739127,35.35215377807617,800,0.0,0.0
1996-03-01 00:00:00-05:00,35.541183390945356,35.919281086593706,35.352134543121174,35.73023223876953,3520,0.0,0.0
1996-03-04 00:00:00-05:00,35.73024765988614,35.91929658930352,34.97405194221659,35.54119873046875,8920,0.0,0.0
1996-03-05 00:00:00-05:00,35.16309752593169,35.16309752593169,34.97404861450195,34.97404861450195,3080,0.0,0.0
1996-03-06 00:00:00-05:00,34.97404861450195,35.54119534879117,34.97404861450195,34.97404861450195,3880,0.0,0.0
1996-03-07 00:00:00-05:00,34.97404861450195,35.16309752593169,34.78499970307221,34.97404861450195,3240,0.0,0.0
1996-03-08 00:00:00-05:00,34.78499707308682,34.78499707308682,33.272605895996094,33.272605895996094,8000,0.0,0.0
1996-03-11 00:00:00-05:00,33.27259438724841,33.65069205073987,33.27259438724841,33.46164321899414,5160,0.0,0.0
1996-03-12 00:00:00-05:00,33.650699615478516,33.650699615478516,33.272601866989994,33.650699615478516,16040,0.0,0.0
1996-03-13 00:00:00-05:00,33.612735748291016,33.80263821014577,33.422833286436266,33.612735748291016,2560,0.25,0.0
1996-03-14 00:00:00-05:00,33.80263821014577,34.18244313385527,33.612735748291016,33.612735748291016,3680,0.0,0.0
1996-03-15 00:00:00-05:00,33.612713781635414,33.99251845713412,33.612713781635414,33.802616119384766,1560,0.0,0.0
1996-03-18 00:00:00-05:00,33.80262060113292,34.9420347786992,33.80262060113292,34.752132415771484,4440,0.0,0.0
1996-03-19 00:00:00-05:00,35.13194155185781,36.0814534856918,35.13194155185781,35.7016487121582,19120,0.0,0.0
1996-03-20 00:00:00-05:00,35.51174632539141,35.7016487121582,34.75213677832421,35.7016487121582,18400,0.0,0.0
1996-03-21 00:00:00-05:00,35.70164269516148,37.22086153325346,35.70164269516148,36.84105682373047,25680,0.0,0.0
1996-03-22 00:00:00-05:00,36.841064814517374,36.841064814517374,36.08145523071289,36.08145523071289,3720,0.0,0.0
1996-03-25 00:00:00-05:00,35.891544342041016,35.891544342041016,35.70164199102493,35.891544342041016,4600,0.0,0.0
1996-03-26 00:00:00-05:00,35.701640923817955,36.46125030517578,35.13193388779958,36.46125030517578,11080,0.0,0.0
1996-03-27 00:00:00-05:00,36.46125030517578,36.8410549958547,36.271347959836326,36.46125030517578,7960,0.0,0.0
1996-03-28 00:00:00-05:00,36.65114787236558,36.65114787236558,35.89153859003676,36.27134323120117,3080,0.0,0.0
1996-03-29 00:00:00-05:00,36.271347959836326,36.651152650515236,36.271347959836326,36.46125030517578,4520,0.0,0.0
1996-04-01 00:00:00-05:00,36.651145935058594,36.651145935058594,36.271341313969906,36.651145935058594,2640,0.0,0.0
1996-04-02 00:00:00-05:00,36.651145935058594,36.84104824560294,36.651145935058594,36.651145935058594,1000,0.0,0.0
1996-04-03 00:00:00-05:00,36.65115374610538,36.65115374610538,35.891544342041016,35.891544342041016,1280,0.0,0.0
1996-04-04 00:00:00-05:00,35.89153859003676,36.27134323120117,35.89153859003676,36.27134323120117,1400,0.0,0.0
1996-04-08 00:00:00-04:00,35.891551098925,36.0814534856918,35.51174632539141,35.7016487121582,2800,0.0,0.0
1996-04-09 00:00:00-04:00,35.70164992873733,35.70164992873733,34.75213796254751,35.13194274902344,6640,0.0,0.0
1996-04-10 00:00:00-04:00,34.94204035578547,35.3218451422614,34.94204035578547,35.13194274902344,3160,0.0,0.0
1996-04-11 00:00:00-04:00,35.13194446257729,35.511749267578125,35.13194446257729,35.511749267578125,7200,0.0,0.0
1996-04-12 00:00:00-04:00,35.7016487121582,35.891551098925,35.51174632539141,35.7016487121582,1080,0.0,0.0
1996-04-15 00:00:00-04:00,35.891559269117266,35.891559269117266,34.942047119140625,34.942047119140625,5200,0.0,0.0
1996-04-16 00:00:00-04:00,34.9420347786992,34.9420347786992,34.37232768991606,34.752132415771484,1600,0.0,0.0
1996-04-17 00:00:00-04:00,34.37232300475404,34.562225341796875,34.1824206677112,34.562225341796875,5280,0.0,0.0
1996-04-18 00:00:00-04:00,34.562223476833765,34.562223476833765,33.9925164964464,34.18241882324219,2640,0.0,0.0
1996-04-19 00:00:00-04:00,34.56223592178598,34.942040712135274,34.37233352661133,34.37233352661133,1840,0.0,0.0
1996-04-22 00:00:00-04:00,34.18241500854492,34.18241500854492,33.232903480529785,33.42280578613281,15560,0.0,0.0
1996-04-23 00:00:00-04:00,33.422809516059026,34.372321150037976,33.422809516059026,34.18241882324219,1600,0.0,0.0
1996-04-24 00:00:00-04:00,34.37233352661133,34.752138316960625,34.37233352661133,34.37233352661133,4880,0.0,0.0
1996-04-25 00:00:00-04:00,34.562225341796875,34.94203001588256,34.562225341796875,34.562225341796875,1320,0.0,0.0
1996-04-26 00:00:00-04:00,34.75212767883971,34.75212767883971,34.37232300475404,34.562225341796875,1600,0.0,0.0
1996-04-29 00:00:00-04:00,34.37232300475404,34.562225341796875,34.37232300475404,34.562225341796875,1880,0.0,0.0
1996-04-30 00:00:00-04:00,34.37233982915463,34.942047119140625,34.182437399159305,34.942047119140625,4560,0.0,0.0
1996-05-01 00:00:00-04:00,34.94204035578547,35.13194274902344,34.94204035578547,35.13194274902344,1600,0.0,0.0
1996-05-02 00:00:00-04:00,35.13194310730992,35.13194310730992,34.37233352661133,34.37233352661133,560,0.0,0.0
1996-05-03 00:00:00-04:00,34.37232300475404,34.562225341796875,34.37232300475404,34.562225341796875,1680,0.0,0.0
1996-05-06 00:00:00-04:00,34.37234559571002,34.37234559571002,33.422833286436266,33.612735748291016,3040,0.0,0.0
1996-05-07 00:00:00-04:00,33.42280578613281,33.80261039733887,33.42280578613281,33.42280578613281,16360,0.0,0.0
1996-05-08 00:00:00-04:00,33.422833286436266,33.612735748291016,33.422833286436266,33.612735748291016,720,0.0,0.0
1996-05-09 00:00:00-04:00,33.61272555384142,33.61272555384142,33.04301834106445,33.04301834106445,2960,0.0,0.0
1996-05-10 00:00:00-04:00,33.232933044433594,33.232933044433594,33.232933044433594,33.232933044433594,1120,0.0,0.0
1996-05-13 00:00:00-04:00,33.23292074532344,33.23292074532344,33.04301834106445,33.04301834106445,720,0.0,0.0
1996-05-14 00:00:00-04:00,33.422833286436266,33.80263821014577,33.422833286436266,33.612735748291016,8160,0.0,0.0
1996-05-15 00:00:00-04:00,33.61270809173584,33.992512702941895,33.42280578613281,33.42280578613281,5960,0.0,0.0
1996-05-16 00:00:00-04:00,33.42282376970564,33.42282376970564,31.71370209966387,31.90360450744629,9680,0.0,0.0
1996-05-17 00:00:00-04:00,32.09350691522871,32.28340932301112,30.954092468534196,31.90360450744629,9960,0.0,0.0
1996-05-20 00:00:00-04:00,31.71370209966387,31.903604507446286,31.33389728409903,31.90360450744629,2200,0.0,0.0
1996-05-21 00:00:00-04:00,31.903604507446286,31.903604507446286,31.143994876316615,31.90360450744629,3880,0.0,0.0
1996-05-22 00:00:00-04:00,31.903592996036302,32.663202353084785,31.52378831751206,32.28339767456055,3040,0.0,0.0
1996-05-23 00:00:00-04:00,32.09349533529842,32.28339767456055,32.09349533529842,32.28339767456055,1360,0.0,0.0
1996-05-24 00:00:00-04:00,32.093509674072266,32.093509674072266,32.093509674072266,32.093509674072266,1120,0.0,0.0
1996-05-28 00:00:00-04:00,32.093511267406186,32.093511267406186,31.14399909973144,31.143999099731445,6040,0.0,0.0
1996-05-29 00:00:00-04:00,31.33389490513714,31.713699691866076,30.764187725043737,30.954090118408203,4760,0.0,0.0
1996-05-30 00:00:00-04:00,30.764195578438898,30.954098020281112,30.384390694754465,30.57429313659668,6840,0.0,0.0
1996-05-31 00:00:00-04:00,30.76419423266155,31.14399909973144,30.5742917991266,31.143999099731445,4680,0.0,0.0
1996-06-03 00:00:00-04:00,31.143980003265014,31.523784637451172,31.143980003265014,31.523784637451172,1520,0.0,0.0
1996-06-04 00:00:00-04:00,31.14400181625829,31.333904266357425,31.14400181625829,31.333904266357422,640,0.0,0.0
1996-06-05 00:00:00-04:00,30.954081299725697,32.28339767456055,30.954081299725697,32.28339767456055,7160,0.0,0.0
1996-06-06 00:00:00-04:00,32.093509674072266,32.093509674072266,31.71370482585839,32.093509674072266,2040,0.0,0.0
1996-06-07 00:00:00-04:00,32.09350605353624,32.09350605353624,31.5237988454853,31.713701248168945,480,0.0,0.0
1996-06-10 00:00:00-04:00,31.713709166555695,31.713709166555695,31.333904266357425,31.333904266357422,320,0.0,0.0
1996-06-11 00:00:00-04:00,31.14400181625829,31.52380671645656,31.14400181625829,31.333904266357422,5440,0.0,0.0
1996-06-12 00:00:00-04:00,31.4865665435791,31.4865665435791,31.104911191535717,31.4865665435791,1840,0.25,0.0
1996-06-13 00:00:00-04:00,31.295711241572732,31.677366256713864,31.10488373400217,31.677366256713867,2080,0.0,0.0
1996-06-14 00:00:00-04:00,31.86819376428443,31.86819376428443,31.295711241572732,31.677366256713867,1720,0.0,0.0
1996-06-17 00:00:00-04:00,31.48656095777239,32.059043884277344,31.295733315604075,32.059043884277344,3840,0.0,0.0
1996-06-18 00:00:00-04:00,31.868218800019935,32.440701772475386,31.868218800019935,32.249874114990234,12480,0.0,0.0
1996-06-19 00:00:00-04:00,32.44069290161133,32.631520506914924,32.24986529630773,32.44069290161133,2040,0.0,0.0
1996-06-20 00:00:00-04:00,32.44070309644554,32.82235842699196,32.249875431172335,32.63153076171875,2320,0.0,0.0
1996-06-21 00:00:00-04:00,32.82235708744568,32.82235708744568,32.249874114990234,32.249874114990234,3080,0.0,0.0
1996-06-24 00:00:00-04:00,32.44070309644554,32.63153076171875,32.44070309644554,32.63153076171875,1000,0.0,0.0
1996-06-25 00:00:00-04:00,32.82235336303711,32.82235336303711,32.6315257272055,32.82235336303711,5320,0.0,0.0
1996-06-26 00:00:00-04:00,32.82235336303711,32.82235336303711,32.82235336303711,32.82235336303711,1480,0.0,0.0
1996-06-27 00:00:00-04:00,32.822357264927454,33.58566789899554,32.822357264927454,33.394840240478516,2840,0.0,0.0
1996-06-28 00:00:00-04:00,33.776495809140414,35.11228942871094,33.776495809140414,35.11228942871094,17400,0.0,0.0
1996-07-01 00:00:00-04:00,34.730624918165155,34.730624918165155,33.39483165208188,34.15814208984375,7040,0.0,0.0
1996-07-02 00:00:00-04:00,34.53979730872469,34.53979730872469,33.39483165208188,34.15814208984375,7360,0.0,0.0
1996-07-03 00:00:00-04:00,33.96730422973633,33.96730422973633,33.96730422973633,33.96730422973633,1960,0.0,0.0
1996-07-05 00:00:00-04:00,33.58564912603143,33.96730422973633,33.58564912603143,33.96730422973633,800,0.0,0.0
1996-07-08 00:00:00-04:00,33.77649688720703,33.77649688720703,33.58566922117761,33.77649688720703,480,0.0,0.0
1996-07-09 00:00:00-04:00,33.77647667788388,33.96730422973633,33.77647667788388,33.96730422973633,1640,0.0,0.0
1996-07-10 00:00:00-04:00,33.77647667788388,33.96730422973633,33.39482157417898,33.96730422973633,6680,0.0,0.0
1996-07-11 00:00:00-04:00,34.15813178158878,34.15813178158878,33.77647667788388,33.96730422973633,18520,0.0,0.0
1996-07-12 00:00:00-04:00,33.96730422973633,33.96730422973633,33.96730422973633,33.96730422973633,40,0.0,0.0
1996-07-15 00:00:00-04:00,33.58566922117761,33.77649688720703,33.58566922117761,33.77649688720703,1000,0.0,0.0
1996-07-16 00:00:00-04:00,33.58566266539469,33.58566266539469,32.05904163514948,33.013179779052734,6760,0.0,0.0
1996-07-17 00:00:00-04:00,33.01318492344448,33.58566789899554,33.01318492344448,33.394840240478516,8560,0.0,0.0
1996-07-18 00:00:00-04:00,33.39483503661404,33.39483503661404,32.82235215027208,33.013179779052734,15360,0.0,0.0
1996-07-19 00:00:00-04:00,33.013179779052734,33.20400740783339,33.013179779052734,33.013179779052734,760,0.0,0.0
1996-07-22 00:00:00-04:00,32.82235215027208,33.013179779052734,32.631524521491436,33.013179779052734,1480,0.0,0.0
1996-07-23 00:00:00-04:00,32.82235708744568,32.82235708744568,32.249874114990234,32.249874114990234,5880,0.0,0.0
1996-07-24 00:00:00-04:00,32.249877247665864,32.249877247665864,31.4865665435791,31.4865665435791,4760,0.0,0.0
1996-07-25 00:00:00-04:00,31.677394219600792,31.677394219600792,31.295738867557407,31.4865665435791,3280,0.0,0.0
1996-07-26 00:00:00-04:00,31.295738867557407,31.4865665435791,31.295738867557407,31.4865665435791,840,0.0,0.0
1996-07-29 00:00:00-04:00,31.295734405517578,31.295734405517578,31.104906756703446,31.295734405517578,400,0.0,0.0
1996-07-30 00:00:00-04:00,31.10489845275879,31.10489845275879,30.723243257019416,31.10489845275879,3960,0.0,0.0
1996-07-31 00:00:00-04:00,30.914083515514026,31.4865665435791,29.769117459383878,31.4865665435791,7960,0.0,0.0
1996-08-01 00:00:00-04:00,31.677386366290815,31.677386366290815,30.914075851440433,30.91407585144043,4640,0.0,0.0
1996-08-02 00:00:00-04:00,31.104903480153027,31.104903480153027,30.914075851440433,30.91407585144043,2000,0.0,0.0
1996-08-05 00:00:00-04:00,30.914066720008847,30.914066720008847,30.53241157531738,30.532411575317383,5880,0.0,0.0
1996-08-06 00:00:00-04:00,30.53241565914973,31.295726050628474,30.53241565914973,31.10489845275879,2200,0.0,0.0
1996-08-07 00:00:00-04:00,31.29573582756449,32.249874114990234,31.29573582756449,32.249874114990234,5240,0.0,0.0
1996-08-08 00:00:00-04:00,32.059037691004136,32.44069290161133,32.059037691004136,32.44069290161133,680,0.0,0.0
1996-08-09 00:00:00-04:00,32.440691980822336,33.204002380371094,32.440691980822336,33.204002380371094,15680,0.0,0.0
1996-08-12 00:00:00-04:00,33.20401258196149,33.58566789899554,33.20401258196149,33.394840240478516,4760,0.0,0.0
1996-08-13 00:00:00-04:00,33.20400863470033,33.20400863470033,32.82235336303711,32.82235336303711,1520,0.0,0.0
1996-08-14 00:00:00-04:00,32.6315257272055,32.82235336303711,32.24987045554227,32.82235336303711,2000,0.0,0.0
1996-08-15 00:00:00-04:00,33.01317571752212,33.01317571752212,32.44069290161133,32.44069290161133,25520,0.0,0.0
1996-08-16 00:00:00-04:00,32.82235842699196,33.013186092265165,32.63153076171875,32.63153076171875,42840,0.0,0.0
1996-08-19 00:00:00-04:00,32.63153076171875,32.63153076171875,32.05904776589912,32.63153076171875,62600,0.0,0.0
1996-08-20 00:00:00-04:00,32.249872649588234,32.249872649588234,30.914079107889314,31.295734405517578,6080,0.0,0.0
1996-08-21 00:00:00-04:00,31.295732276384218,32.82235336303711,31.295732276384218,32.82235336303711,11400,0.0,0.0
1996-08-22 00:00:00-04:00,33.58566922117761,33.96732455323645,33.3948415551482,33.77649688720703,5200,0.0,0.0
1996-08-23 00:00:00-04:00,33.96730983713285,35.112275337260925,33.96730983713285,34.92144775390625,22560,0.0,0.0
1996-08-26 00:00:00-04:00,35.11228060335726,35.30310821533203,34.921452991382495,35.30310821533203,5600,0.0,0.0
1996-08-27 00:00:00-04:00,35.112275337260925,35.30310292061561,34.73062017055157,34.92144775390625,7840,0.0,0.0
1996-08-28 00:00:00-04:00,35.11227771063536,35.11227771063536,34.539794921875,34.539794921875,3960,0.0,0.0
1996-08-29 00:00:00-04:00,34.73062017055157,35.112275337260925,34.73062017055157,34.92144775390625,1720,0.0,0.0
1996-08-30 00:00:00-04:00,35.11226331922743,35.11226331922743,33.96729821099175,34.34895324707031,2560,0.0,0.0
1996-09-03 00:00:00-04:00,33.96731448040328,34.34896969928422,33.96731448040328,34.15814208984375,840,0.0,0.0
1996-09-04 00:00:00-04:00,33.776485180032665,33.776485180032665,32.822347180596715,33.204002380371094,3000,0.0,0.0
1996-09-05 00:00:00-04:00,33.013186092265165,33.013186092265165,32.63153076171875,32.63153076171875,3120,0.0,0.0
1996-09-06 00:00:00-04:00,32.82235708744568,32.82235708744568,32.249874114990234,32.249874114990234,2760,0.0,0.0
1996-09-09 00:00:00-04:00,32.44069290161133,32.44069290161133,32.059037691004136,32.44069290161133,4880,0.0,0.0
1996-09-10 00:00:00-04:00,32.44070309644554,32.63153076171875,32.44070309644554,32.63153076171875,5960,0.0,0.0
1996-09-11 00:00:00-04:00,32.97663080552045,32.97663080552045,32.59318161010742,32.59318161010742,7640,0.25,0.0
1996-09-12 00:00:00-04:00,32.401451110839844,32.59317567362588,32.401451110839844,32.401451110839844,11000,0.0,0.0
1996-09-13 00:00:00-04:00,32.59318161010742,32.59318161010742,32.401457012400904,32.59318161010742,2880,0.0,0.0
1996-09-16 00:00:00-04:00,32.40145665123349,32.59318124680292,32.01800746009463,32.20973205566406,7920,0.0,0.0
1996-09-17 00:00:00-04:00,32.01800198526777,32.401451110839844,32.01800198526777,32.401451110839844,28360,0.0,0.0
1996-09-18 00:00:00-04:00,32.20972654805381,32.401451110839844,32.20972654805381,32.401451110839844,2000,0.0,0.0
1996-09-19 00:00:00-04:00,32.01800537109375,32.20972995415419,32.01800537109375,32.01800537109375,13120,0.0,0.0
1996-09-20 00:00:00-04:00,32.01800198526777,32.784900236411914,32.01800198526777,32.401451110839844,8200,0.0,0.0
1996-09-23 00:00:00-04:00,32.01800089347653,32.01800089347653,31.442827224731445,31.442827224731445,6680,0.0,0.0
1996-09-24 00:00:00-04:00,31.251113381496697,33.16835960122042,31.251113381496697,32.97663497924805,9080,0.0,0.0
1996-09-25 00:00:00-04:00,33.168342463175456,34.510414123535156,33.168342463175456,34.510414123535156,4320,0.0,0.0
1996-09-26 00:00:00-04:00,34.31869010086898,35.277312729384875,34.1269655751658,34.893863677978516,9600,0.0,0.0
1996-09-27 00:00:00-04:00,34.7021484375,34.7021484375,34.318699283494475,34.7021484375,2960,0.0,0.0
1996-09-30 00:00:00-04:00,34.51042386049724,34.7021484375,34.318699283494475,34.7021484375,3040,0.0,0.0
1996-10-01 00:00:00-04:00,34.70214031794884,34.70214031794884,34.31869125366211,34.31869125366211,840,0.0,0.0
1996-10-02 00:00:00-04:00,34.31868525301472,34.51040975163492,33.935236255774335,34.12696075439453,2920,0.0,0.0
1996-10-03 00:00:00-04:00,33.935240554809575,34.510414123535156,33.743516031901045,34.510414123535156,4000,0.0,0.0
1996-10-04 00:00:00-04:00,34.318695943863666,35.2773187355917,34.318695943863666,35.085594177246094,1640,0.0,0.0
1996-10-07 00:00:00-04:00,34.893873014502766,34.893873014502766,34.7021484375,34.7021484375,560,0.0,0.0
1996-10-08 00:00:00-04:00,35.08559249795001,35.27731704711914,34.89386794878089,35.27731704711914,33160,0.0,0.0
1996-10-09 00:00:00-04:00,35.27731372464088,35.660762786865234,35.27731372464088,35.660762786865234,2720,0.0,0.0
1996-10-10 00:00:00-04:00,35.66075893263743,37.002830505371094,35.4690344222469,37.002830505371094,14600,0.0,0.0
1996-10-11 00:00:00-04:00,36.81111696253272,37.00284153004591,36.42766782750634,36.61939239501953,5720,0.0,0.0
1996-10-14 00:00:00-04:00,36.42766614754995,37.002839823563896,36.42766614754995,36.81111526489258,2680,0.0,0.0
1996-10-15 00:00:00-04:00,37.00284712942023,37.00284712942023,36.044224146792764,36.42767333984375,4520,0.0,0.0
1996-10-16 00:00:00-04:00,36.23594325999315,36.61939239501953,36.23594325999315,36.61939239501953,3560,0.0,0.0
1996-10-17 00:00:00-04:00,36.81112253289474,36.81112253289474,36.044224146792764,36.42767333984375,5040,0.0,0.0
1996-10-18 00:00:00-04:00,36.42766782750634,36.81111696253272,36.23594325999315,36.61939239501953,3920,0.0,0.0
1996-10-21 00:00:00-04:00,36.61939239501953,36.81111696253272,36.61939239501953,36.61939239501953,5120,0.0,0.0
1996-10-22 00:00:00-04:00,36.81111526489258,36.81111526489258,36.61939070622127,36.81111526489258,2760,0.0,0.0
1996-10-23 00:00:00-04:00,36.61939239501953,36.81111696253272,36.42766782750634,36.61939239501953,3120,0.0,0.0
1996-10-24 00:00:00-04:00,36.23593638020177,36.42766091131395,35.469038255753055,35.660762786865234,7840,0.0,0.0
1996-10-25 00:00:00-04:00,35.660762786865234,35.660762786865234,35.469038255753055,35.660762786865234,600,0.0,0.0
1996-10-28 00:00:00-05:00,35.66076614545739,35.66076614545739,34.89386794878089,35.27731704711914,9200,0.0,0.0
1996-10-29 00:00:00-05:00,34.70214013130434,35.85248731797741,34.70214013130434,35.660762786865234,7800,0.0,0.0
1996-10-30 00:00:00-05:00,35.469041596288264,35.66076614545739,35.27731704711914,35.27731704711914,2400,0.0,0.0
1996-10-31 00:00:00-05:00,35.469038255753055,35.660762786865234,35.469038255753055,35.660762786865234,1680,0.0,0.0
1996-11-01 00:00:00-05:00,35.660768292401286,35.660768292401286,35.27731917097761,35.46904373168945,2440,0.0,0.0
1996-11-04 00:00:00-05:00,35.2773187355917,35.469043293937304,34.70214506055488,35.085594177246094,2960,0.0,0.0
1996-11-05 00:00:00-05:00,34.89386961890049,35.085594177246094,34.89386961890049,35.085594177246094,7120,0.0,0.0
1996-11-06 00:00:00-05:00,35.085597591505525,35.085597591505525,34.7021484375,34.7021484375,2000,0.0,0.0
1996-11-07 00:00:00-05:00,34.7021484375,34.7021484375,34.51042386049724,34.7021484375,1120,0.0,0.0
1996-11-08 00:00:00-05:00,34.702138646443686,34.702138646443686,34.510414123535156,34.510414123535156,160,0.0,0.0
1996-11-11 00:00:00-05:00,34.7021484375,34.7021484375,34.7021484375,34.7021484375,160,0.0,0.0
1996-11-12 00:00:00-05:00,34.510414123535156,34.702138646443686,34.510414123535156,34.510414123535156,1360,0.0,0.0
1996-11-13 00:00:00-05:00,34.70214548884211,35.660768292401286,34.70214548884211,35.46904373168945,11440,0.0,0.0
1996-11-14 00:00:00-05:00,36.0442220697958,36.81112041170635,36.0442220697958,36.23594665527344,7240,0.0,0.0
1996-11-15 00:00:00-05:00,36.23594152731974,36.23594152731974,35.085594177246094,35.085594177246094,4240,0.0,0.0
1996-11-18 00:00:00-05:00,35.2773187355917,35.2773187355917,35.085594177246094,35.085594177246094,800,0.0,0.0
1996-11-19 00:00:00-05:00,35.085595854914,36.61939239501953,35.085595854914,36.61939239501953,1960,0.0,0.0
1996-11-20 00:00:00-05:00,36.427671240751074,37.19456958266162,35.852497484318164,36.23594665527344,15560,0.0,0.0
1996-11-21 00:00:00-05:00,36.42765697419952,37.002830505371094,36.42765697419952,37.002830505371094,7360,0.0,0.0
1996-11-22 00:00:00-05:00,37.002839823563896,37.57801349957784,36.81111526489258,36.81111526489258,36680,0.0,0.0
1996-11-25 00:00:00-05:00,37.002845191955565,38.34491729736328,37.002845191955565,38.34491729736328,14280,0.0,0.0
1996-11-26 00:00:00-05:00,38.344900948660715,39.30352347237723,38.344900948660715,38.920074462890625,19880,0.0,0.0
1996-11-27 00:00:00-05:00,38.92010088109259,39.30355015085704,38.3449269764459,38.536651611328125,11280,0.0,0.0
1996-11-29 00:00:00-05:00,38.536625453404014,38.920074462890625,38.344900948660715,38.920074462890625,2160,0.0,0.0
1996-12-02 00:00:00-05:00,38.920074462890625,39.11179896763393,38.72834995814732,38.920074462890625,11360,0.0,0.0
1996-12-03 00:00:00-05:00,38.92009561202105,39.111820220947266,38.72837100309484,39.111820220947266,19760,0.0,0.0
1996-12-04 00:00:00-05:00,39.30353137682069,40.64560317993164,38.920082290217564,40.64560317993164,15800,0.0,0.0
1996-12-05 00:00:00-05:00,40.64560742244542,41.60423023901253,40.64560742244542,41.029056549072266,14480,0.0,0.0
1996-12-06 00:00:00-05:00,40.83733885628836,41.029063451857795,40.26216506958008,40.26216506958008,4000,0.0,0.0
1996-12-09 00:00:00-05:00,40.453879550651266,41.79595138408519,40.453879550651266,41.41250228881836,4240,0.0,0.0
1996-12-10 00:00:00-05:00,41.604235267639154,43.52148113250732,41.604235267639154,42.17940902709961,12800,0.0,0.0
1996-12-11 00:00:00-05:00,41.75608183874338,41.75608183874338,40.40911145684843,40.60153579711914,16080,0.25,0.0
1996-12-12 00:00:00-05:00,40.21668536421181,40.60153402798418,39.83183670043945,39.83183670043945,4840,0.0,0.0
1996-12-13 00:00:00-05:00,40.02425967945772,40.02425967945772,39.25456237792969,39.25456237792969,13840,0.0,0.0
1996-12-16 00:00:00-05:00,39.25455948912982,39.639408111572266,38.67728655546614,39.639408111572266,5440,0.0,0.0
1996-12-17 00:00:00-05:00,40.409087034372185,40.409087034372185,39.83181436245258,40.02423858642578,5320,0.0,0.0
1996-12-18 00:00:00-05:00,40.02425239376905,40.21667668412371,39.25455523235042,39.44697952270508,5840,0.0,0.0
1996-12-19 00:00:00-05:00,39.44697952270508,39.63940381305974,39.06213094199576,39.44697952270508,13720,0.0,0.0
1996-12-20 00:00:00-05:00,39.83183242279349,39.83183242279349,39.44698380035104,39.639408111572266,15400,0.0,0.0
1996-12-23 00:00:00-05:00,39.63941102869371,39.63941102869371,38.869713727165674,39.25456237792969,7320,0.0,0.0
1996-12-24 00:00:00-05:00,39.25456237792969,39.25456237792969,39.25456237792969,39.25456237792969,280,0.0,0.0
1996-12-26 00:00:00-05:00,38.86969809696592,39.0621223449707,38.677273848961136,39.0621223449707,4880,0.0,0.0
1996-12-27 00:00:00-05:00,39.06213937289473,40.02426103232563,39.06213937289473,39.83183670043945,4040,0.0,0.0
1996-12-30 00:00:00-05:00,40.02424358499461,40.02424358499461,39.0621223449707,39.0621223449707,8240,0.0,0.0
1996-12-31 00:00:00-05:00,40.02423858642578,40.21666281039899,39.83181436245258,40.02423858642578,5720,0.0,0.0
1997-01-02 00:00:00-05:00,40.79393548231859,40.79393548231859,40.02423858642578,40.02423858642578,10240,0.0,0.0
1997-01-03 00:00:00-05:00,40.21668104523594,40.40910535645716,39.639408111572266,39.639408111572266,2000,0.0,0.0
1997-01-06 00:00:00-05:00,40.02426103232563,40.02426103232563,39.63941236855327,39.83183670043945,4280,0.0,0.0
1997-01-07 00:00:00-05:00,39.83183242279349,40.02425673401471,39.062135177908594,39.639408111572266,7080,0.0,0.0
1997-01-08 00:00:00-05:00,39.446977679238934,40.40909908604964,39.446977679238934,40.2166748046875,8560,0.0,0.0
1997-01-09 00:00:00-05:00,40.40911145684843,40.793960137389845,40.02426277630702,40.60153579711914,5920,0.0,0.0
1997-01-10 00:00:00-05:00,40.60152301081905,41.948492968523944,40.40909873114692,41.56364440917969,16560,0.0,0.0
1997-01-13 00:00:00-05:00,41.94848082615779,41.94848082615779,40.02423858642578,40.02423858642578,10240,0.0,0.0
1997-01-14 00:00:00-05:00,40.216678638363355,40.40910293806844,38.48485994101757,38.677284240722656,12600,0.0,0.0
1997-01-15 00:00:00-05:00,38.4848747253418,38.677299098968504,38.4848747253418,38.4848747253418,5480,0.0,0.0
1997-01-16 00:00:00-05:00,38.67729197910854,40.40911102294922,38.67729197910854,40.40911102294922,14360,0.0,0.0
1997-01-17 00:00:00-05:00,40.216687116577724,40.98638447766055,40.216687116577724,40.60153579711914,11520,0.0,0.0
1997-01-20 00:00:00-05:00,40.60152336741179,40.79394764877392,40.2166748046875,40.2166748046875,21360,0.0,0.0
1997-01-21 00:00:00-05:00,40.40910479048608,40.98637771606445,40.216680481959955,40.98637771606445,13080,0.0,0.0
1997-01-22 00:00:00-05:00,40.793960137389845,40.793960137389845,40.60153579711914,40.60153579711914,4200,0.0,0.0
1997-01-23 00:00:00-05:00,40.98636299204604,42.1409084284417,40.98636299204604,41.17878723144531,19840,0.0,0.0
1997-01-24 00:00:00-05:00,41.17880202459058,41.3712263331167,40.601529099012204,40.98637771606445,7080,0.0,0.0
1997-01-27 00:00:00-05:00,40.98638447766055,41.17880881793126,40.60153579711914,40.60153579711914,2960,0.0,0.0
1997-01-28 00:00:00-05:00,40.793960137389845,40.98638447766055,40.60153579711914,40.60153579711914,9240,0.0,0.0
1997-01-29 00:00:00-05:00,40.40911102294922,40.793959699358254,40.40911102294922,40.40911102294922,8240,0.0,0.0
1997-01-30 00:00:00-05:00,40.40909677181604,40.7939453125,40.40909677181604,40.7939453125,2560,0.0,0.0
1997-01-31 00:00:00-05:00,40.7939453125,40.7939453125,40.505308906987025,40.7939453125,4280,0.0,0.0
1997-02-03 00:00:00-05:00,40.40910479048608,40.98637771606445,40.40910479048608,40.98637771606445,13440,0.0,0.0
1997-02-04 00:00:00-05:00,40.98637771606445,40.98637771606445,40.79395340753833,40.98637771606445,6720,0.0,0.0
1997-02-05 00:00:00-05:00,40.98637771606445,40.98637771606445,40.79395340753833,40.98637771606445,2880,0.0,0.0
1997-02-06 00:00:00-05:00,41.17880881793126,41.17880881793126,40.40911145684843,40.60153579711914,8880,0.0,0.0
1997-02-07 00:00:00-05:00,40.60153579711914,40.793960137389845,40.60153579711914,40.60153579711914,2960,0.0,0.0
1997-02-10 00:00:00-05:00,40.601535361153736,40.601535361153736,40.216686684744694,40.40911102294922,7720,0.0,0.0
1997-02-11 00:00:00-05:00,40.40911102294922,40.793959699358254,40.024262346540176,40.40911102294922,8920,0.0,0.0
1997-02-12 00:00:00-05:00,40.024262346540176,40.601535361153736,39.639413670131134,40.40911102294922,9440,0.0,0.0
1997-02-13 00:00:00-05:00,40.98636958284198,41.56364239386792,40.40909677181604,40.7939453125,10040,0.0,0.0
1997-02-14 00:00:00-05:00,41.17878723144531,41.37121147084459,40.98636299204604,41.17878723144531,1720,0.0,0.0
1997-02-18 00:00:00-05:00,40.79395340753833,40.98637771606445,40.216680481959955,40.98637771606445,7800,0.0,0.0
1997-02-19 00:00:00-05:00,40.98637583718371,40.98637583718371,38.677284240722656,38.677284240722656,10520,0.0,0.0
1997-02-20 00:00:00-05:00,38.86969324258658,40.02423858642578,38.484844794640175,40.02423858642578,19240,0.0,0.0
1997-02-21 00:00:00-05:00,40.40911102294922,40.40911102294922,40.216686684744694,40.40911102294922,3080,0.0,0.0
1997-02-24 00:00:00-05:00,40.793947290491175,41.56364440917969,40.793947290491175,41.56364440917969,16200,0.0,0.0
1997-02-25 00:00:00-05:00,41.75607726770804,42.140925906120096,41.75607726770804,41.94850158691406,20040,0.0,0.0
1997-02-26 00:00:00-05:00,41.94848473127499,41.94848473127499,41.371212005615234,41.371212005615234,8080,0.0,0.0
1997-02-27 00:00:00-05:00,41.37122206254439,42.91061637184836,41.37122206254439,42.333343505859375,25480,0.0,0.0
1997-02-28 00:00:00-05:00,42.910607435438365,43.29545593261719,41.948486192491316,43.29545593261719,9200,0.0,0.0
1997-03-03 00:00:00-05:00,43.10304750215023,43.10304750215023,41.94850158691406,41.94850158691406,3320,0.0,0.0
1997-03-04 00:00:00-05:00,41.948494445243384,42.5257673045816,41.948494445243384,42.14091873168945,6560,0.0,0.0
1997-03-05 00:00:00-05:00,42.333343989169435,42.71819257088915,42.333343989169435,42.5257682800293,4920,0.0,0.0
1997-03-06 00:00:00-05:00,42.33335290636335,44.25759622028896,42.33335290636335,43.103050231933594,18200,0.0,0.0
1997-03-07 00:00:00-05:00,43.29546831777967,43.68031692504883,42.910619710510524,43.68031692504883,8680,0.0,0.0
1997-03-10 00:00:00-05:00,43.29546405150827,43.48788833618164,43.29546405150827,43.48788833618164,4720,0.0,0.0
1997-03-11 00:00:00-05:00,43.4878801812066,43.680304429796,42.33333468967014,43.29545593261719,8560,0.0,0.0
1997-03-12 00:00:00-05:00,42.901241302490234,42.901241302490234,42.514743633098426,42.901241302490234,2760,0.3,0.0
1997-03-13 00:00:00-05:00,41.74173740120821,42.12823496973792,41.54848861694336,41.54848861694336,13560,0.0,0.0
1997-03-14 00:00:00-05:00,41.16200256347656,41.16200256347656,41.16200256347656,41.16200256347656,6760,0.0,0.0
1997-03-17 00:00:00-05:00,41.35523983267851,41.54848861694336,41.161991048413654,41.54848861694336,2960,0.0,0.0
1997-03-18 00:00:00-05:00,42.1282463952693,42.1282463952693,41.741748721918206,41.93499755859375,9800,0.0,0.0
1997-03-19 00:00:00-05:00,41.74173740120821,41.934986185473065,41.54848861694336,41.54848861694336,13800,0.0,0.0
1997-03-20 00:00:00-05:00,41.741748721918206,41.93499755859375,41.548499885242656,41.93499755859375,10080,0.0,0.0
1997-03-21 00:00:00-05:00,41.741745283018865,41.741745283018865,40.96874999999999,40.96875,6880,0.0,0.0
1997-03-24 00:00:00-05:00,40.77550932289898,40.77550932289898,40.00251388549805,40.00251388549805,1440,0.0,0.0
1997-03-25 00:00:00-05:00,39.80925773282356,40.3890042046608,39.03626243704058,39.22951126098633,9120,0.0,0.0
1997-03-26 00:00:00-05:00,39.036269806652534,39.809265248368426,38.64977208579459,39.61601638793945,4640,0.0,0.0
1997-03-27 00:00:00-05:00,39.229519118123974,39.422767980774836,38.649772530171404,38.843021392822266,2160,0.0,0.0
1997-03-31 00:00:00-05:00,38.64976478914909,39.22951126098633,38.64976478914909,39.22951126098633,7120,0.0,0.0
1997-04-01 00:00:00-05:00,39.22950761795044,39.22950761795044,38.26326358795166,38.64976119995117,6760,0.0,0.0
1997-04-02 00:00:00-05:00,38.64976119995117,38.84301000595093,38.64976119995117,38.64976119995117,4160,0.0,0.0
1997-04-03 00:00:00-05:00,38.843021392822266,38.843021392822266,38.649772530171404,38.843021392822266,4400,0.0,0.0
1997-04-04 00:00:00-05:00,38.8430248148301,39.42277145385742,38.64977593515433,39.42277145385742,8880,0.0,0.0
1997-04-07 00:00:00-04:00,39.42277145385742,39.42277145385742,39.03627369450588,39.42277145385742,1440,0.0,0.0
1997-04-08 00:00:00-04:00,39.22951126098633,39.22951126098633,38.84301361309483,39.22951126098633,1880,0.0,0.0
1997-04-09 00:00:00-04:00,38.843009892076545,39.036258697509766,38.843009892076545,39.036258697509766,1600,0.0,0.0
1997-04-10 00:00:00-04:00,39.03624725341797,39.03624725341797,37.87675476074219,37.87675476074219,7160,0.0,0.0
1997-04-11 00:00:00-04:00,37.87675476074219,37.87675476074219,37.68350601196289,37.87675476074219,1080,0.0,0.0
1997-04-14 00:00:00-04:00,37.87677776630108,38.07002663245568,37.10378230168269,37.683528900146484,6040,0.0,0.0
1997-04-15 00:00:00-04:00,37.68351728265936,38.26326370239258,37.49026847608162,38.26326370239258,3120,0.0,0.0
1997-04-16 00:00:00-04:00,38.070014895814836,38.26326370239258,38.070014895814836,38.26326370239258,2600,0.0,0.0
1997-04-17 00:00:00-04:00,38.45651250897032,38.45651250897032,38.26326370239258,38.26326370239258,800,0.0,0.0
1997-04-18 00:00:00-04:00,38.45653183448133,38.45653183448133,37.876785123408744,38.07003402709961,1840,0.0,0.0
1997-04-21 00:00:00-04:00,37.87676246879027,38.07001125689634,37.490264892578125,37.490264892578125,3640,0.0,0.0
1997-04-22 00:00:00-04:00,37.68353621971789,38.07003402709961,37.49028731602703,38.07003402709961,2520,0.0,0.0
1997-04-23 00:00:00-04:00,37.87675476074219,37.87675476074219,37.68350601196289,37.87675476074219,880,0.0,0.0
1997-04-24 00:00:00-04:00,37.876785123408744,38.45653183448133,37.876785123408744,38.07003402709961,2840,0.0,0.0
1997-04-25 00:00:00-04:00,38.07003402709961,38.07003402709961,37.876785123408744,38.07003402709961,2240,0.0,0.0
1997-04-28 00:00:00-04:00,38.070014895814836,38.26326370239258,37.876766089237094,38.26326370239258,1240,0.0,0.0
1997-04-29 00:00:00-04:00,38.07002529199573,40.00251388549805,38.07002529199573,40.00251388549805,4480,0.0,0.0
1997-04-30 00:00:00-04:00,39.80925728829854,40.38900375366211,39.616008466510685,40.38900375366211,7040,0.0,0.0
1997-05-01 00:00:00-04:00,40.38900721017184,41.16200256347656,40.38900721017184,41.16200256347656,3720,0.0,0.0
1997-05-02 00:00:00-04:00,41.161994880604965,42.128238891886774,41.161994880604965,41.35524368286133,9880,0.0,0.0
1997-05-05 00:00:00-04:00,41.54851613725935,42.128262874058315,40.00252483912877,40.582271575927734,6200,0.0,0.0
1997-05-06 00:00:00-04:00,40.389000453948974,40.389000453948974,38.64976119995117,38.64976119995117,4280,0.0,0.0
1997-05-07 00:00:00-04:00,38.8430248148301,39.61602033353319,38.8430248148301,39.42277145385742,1840,0.0,0.0
1997-05-08 00:00:00-04:00,39.42276741694478,40.002513996605735,39.42276741694478,39.80926513671875,2280,0.0,0.0
1997-05-09 00:00:00-04:00,40.002518092884735,40.002518092884735,39.42277145385742,39.42277145385742,7200,0.0,0.0
1997-05-12 00:00:00-04:00,39.61601684342569,39.61601684342569,38.843021392822266,38.843021392822266,3760,0.0,0.0
1997-05-13 00:00:00-04:00,39.42276869553786,39.42276869553786,37.29703116783729,37.683528900146484,8920,0.0,0.0
1997-05-14 00:00:00-04:00,37.876766089237094,38.649761315548055,36.717273249770656,38.26326370239258,9880,0.0,0.0
1997-05-15 00:00:00-04:00,38.45651250897032,38.649761315548055,38.26326370239258,38.26326370239258,4200,0.0,0.0
1997-05-16 00:00:00-04:00,38.45651293050557,38.45651293050557,36.33077603484948,36.9105224609375,9600,0.0,0.0
1997-05-19 00:00:00-04:00,36.910522643555986,37.10377145320811,36.137527404947484,36.33077621459961,8400,0.0,0.0
1997-05-20 00:00:00-04:00,36.33076848637872,37.29701232910156,36.33076848637872,37.29701232910156,20920,0.0,0.0
1997-05-21 00:00:00-04:00,37.490261097646126,37.6835098661907,37.29701232910156,37.29701232910156,6840,0.0,0.0
1997-05-22 00:00:00-04:00,37.2970085144043,38.26325225830078,37.103759765625,37.87675476074219,14800,0.0,0.0
1997-05-23 00:00:00-04:00,37.876785123408744,38.07003402709961,37.876785123408744,38.07003402709961,1800,0.0,0.0
1997-05-27 00:00:00-04:00,37.68350601196289,37.87675476074219,37.68350601196289,37.87675476074219,9240,0.0,0.0
1997-05-28 00:00:00-04:00,37.683528900146484,37.683528900146484,37.49028003399189,37.683528900146484,10400,0.0,0.0
1997-05-29 00:00:00-04:00,37.29703116783729,37.683528900146484,37.10378230168269,37.683528900146484,3000,0.0,0.0
1997-05-30 00:00:00-04:00,37.49028731602703,38.26328293079047,37.49028731602703,38.07003402709961,4080,0.0,0.0
1997-06-02 00:00:00-04:00,38.26326370239258,38.649761315548055,38.070014895814836,38.26326370239258,4080,0.0,0.0
1997-06-03 00:00:00-04:00,38.26326370239258,38.26326370239258,38.26326370239258,38.26326370239258,4680,0.0,0.0
1997-06-04 00:00:00-04:00,38.070018317311856,39.22951126098633,38.070018317311856,39.22951126098633,3240,0.0,0.0
1997-06-05 00:00:00-04:00,39.036258697509766,39.036258697509766,38.64976108664333,39.036258697509766,9480,0.0,0.0
1997-06-06 00:00:00-04:00,38.84302083728383,39.80926513671875,38.84302083728383,39.80926513671875,4560,0.0,0.0
1997-06-09 00:00:00-04:00,39.61601203086817,40.77550506591797,39.61601203086817,40.77550506591797,5440,0.0,0.0
1997-06-10 00:00:00-04:00,40.582271575927734,40.77552048819406,40.389022663661414,40.582271575927734,8600,0.0,0.0
1997-06-11 00:00:00-04:00,40.57449464343843,40.76863098144531,40.38035830543155,40.76863098144531,2200,0.3,0.0
1997-06-12 00:00:00-04:00,41.15690231323242,41.93344763989718,40.380356986567655,41.15690231323242,12760,0.0,0.0
1997-06-13 00:00:00-04:00,41.35103731957551,41.739309970463545,41.35103731957551,41.54517364501953,3480,0.0,0.0
1997-06-16 00:00:00-04:00,41.15689723299578,41.15689723299578,40.38035200218454,40.96276092529297,2720,0.0,0.0
1997-06-17 00:00:00-04:00,40.96276598156623,41.35103864489861,40.57449331823385,41.15690231323242,5640,0.0,0.0
1997-06-18 00:00:00-04:00,41.15689723299578,41.5451698484014,40.768624617590156,40.96276092529297,3760,0.0,0.0
1997-06-19 00:00:00-04:00,40.96276092529297,40.96276092529297,40.57448830988735,40.96276092529297,2320,0.0,0.0
1997-06-20 00:00:00-04:00,40.76862078446609,40.76862078446609,40.380348205566406,40.380348205566406,9840,0.0,0.0
1997-06-23 00:00:00-04:00,40.18621573099276,40.38035203887195,39.797943115234375,39.797943115234375,1800,0.0,0.0
1997-06-24 00:00:00-04:00,39.992093553730086,40.38036630667892,39.60382080078125,39.60382080078125,5880,0.0,0.0
1997-06-25 00:00:00-04:00,39.79795317718948,40.18622589111328,39.79795317718948,40.18622589111328,1960,0.0,0.0
1997-06-26 00:00:00-04:00,39.992089534151376,40.57449860503708,39.79795317718948,40.18622589111328,2520,0.0,0.0
1997-06-27 00:00:00-04:00,40.18621573099276,40.18621573099276,39.70087496129478,39.797943115234375,2480,0.0,0.0
1997-06-30 00:00:00-04:00,39.60381682022758,40.38036224807518,39.60381682022758,40.18622589111328,7640,0.0,0.0
1997-07-01 00:00:00-04:00,40.186207470261905,40.28327560424805,39.99207120228963,40.28327560424805,1600,0.0,0.0
1997-07-02 00:00:00-04:00,40.38036630667892,40.47743449491613,39.60382080078125,39.60382080078125,4680,0.0,0.0
1997-07-03 00:00:00-04:00,39.79793493431735,40.38034373823419,39.700866800331205,40.28327560424805,1720,0.0,0.0
1997-07-07 00:00:00-04:00,39.79795317718948,40.18622589111328,39.79795317718948,40.18622589111328,1280,0.0,0.0
1997-07-08 00:00:00-04:00,39.992076892031434,40.574485778808594,39.992076892031434,40.574485778808594,3720,0.0,0.0
1997-07-09 00:00:00-04:00,40.57449860503708,40.57449860503708,40.18622589111328,40.18622589111328,5360,0.0,0.0
1997-07-10 00:00:00-04:00,40.57447788633149,40.57447788633149,39.02138782369679,39.40966033935547,7160,0.0,0.0
1997-07-11 00:00:00-04:00,39.02140231662326,39.40967497649016,38.92433415165654,39.31260681152344,7560,0.0,0.0
1997-07-14 00:00:00-04:00,39.31260590241334,41.54517364501953,39.31260590241334,41.54517364501953,13640,0.0,0.0
1997-07-15 00:00:00-04:00,41.5451698484014,41.5451698484014,40.96276092529297,40.96276092529297,3240,0.0,0.0
1997-07-16 00:00:00-04:00,40.86569852988305,40.96276669741246,40.38035769223598,40.67156219482422,19160,0.0,0.0
1997-07-17 00:00:00-04:00,40.47740936279297,40.76861374669796,40.38034123482464,40.47740936279297,17560,0.0,0.0
1997-07-18 00:00:00-04:00,40.380348205566406,40.57448449501625,39.797939337216896,40.380348205566406,7640,0.0,0.0
1997-07-21 00:00:00-04:00,40.186229930204505,40.186229930204505,39.60382080078125,39.60382080078125,1160,0.0,0.0
1997-07-22 00:00:00-04:00,39.79795317718948,40.18622589111328,39.79795317718948,40.18622589111328,2720,0.0,0.0
1997-07-23 00:00:00-04:00,40.18620396777115,41.54515772513539,40.18620396777115,41.448089599609375,5080,0.0,0.0
1997-07-24 00:00:00-04:00,41.15689595540365,42.12757746378581,41.05982780456543,41.933441162109375,13280,0.0,0.0
1997-07-25 00:00:00-04:00,42.127578701139036,43.48653285278868,42.127578701139036,43.292396545410156,14840,0.0,0.0
1997-07-28 00:00:00-04:00,43.68066723136816,44.65134872539856,42.90412203614384,43.001190185546875,12440,0.0,0.0
1997-07-29 00:00:00-04:00,43.00120484019836,43.68068211758298,42.51586392778077,42.904136657714844,10640,0.0,0.0
1997-07-30 00:00:00-04:00,43.00119082132976,43.09825897216797,42.70998636881511,43.09825897216797,3240,0.0,0.0
1997-07-31 00:00:00-04:00,43.19532775878906,43.38946406332295,43.09825960652212,43.19532775878906,9440,0.0,0.0
1997-08-01 00:00:00-04:00,43.19534120516539,43.29240938764891,42.807068475231326,42.904136657714844,5160,0.0,0.0
1997-08-04 00:00:00-04:00,43.00121278500338,43.00121278500338,41.93346258040962,42.32173538208008,6360,0.0,0.0
1997-08-05 00:00:00-04:00,42.70998636881511,43.09825897216797,42.51585006713867,43.09825897216797,1400,0.0,0.0
1997-08-06 00:00:00-04:00,42.51585953900604,43.00120040132346,42.32172319407907,42.807064056396484,4760,0.0,0.0
1997-08-07 00:00:00-04:00,43.00119082132976,43.38946342468262,43.00119082132976,43.09825897216797,1720,0.0,0.0
1997-08-08 00:00:00-04:00,43.19533226706765,43.19533226706765,42.709991455078125,42.709991455078125,2800,0.0,0.0
1997-08-11 00:00:00-04:00,42.71000818375054,43.098280985421,42.12759898124485,42.32173538208008,1480,0.0,0.0
1997-08-12 00:00:00-04:00,42.70998699745435,43.38946406332295,42.70998699745435,43.19532775878906,1520,0.0,0.0
1997-08-13 00:00:00-04:00,43.389468591863455,43.389468591863455,42.709991455078125,42.709991455078125,1840,0.0,0.0
1997-08-14 00:00:00-04:00,42.807064056396484,42.807064056396484,42.709995883933004,42.807064056396484,2160,0.0,0.0
1997-08-15 00:00:00-04:00,42.51585527223961,42.904127923127646,41.44810548229752,41.54517364501953,12800,0.0,0.0
1997-08-18 00:00:00-04:00,41.156899752191535,41.351036071777344,40.962763432605726,41.351036071777344,7240,0.0,0.0
1997-08-19 00:00:00-04:00,41.15690231323242,41.15690231323242,41.05983414739932,41.15690231323242,30600,0.0,0.0
1997-08-20 00:00:00-04:00,41.15690525098778,42.321723324128946,41.05983707822602,42.22465515136719,10720,0.0,0.0
1997-08-21 00:00:00-04:00,42.321718805486505,42.90412777987393,42.1275824806907,42.709991455078125,2280,0.0,0.0
1997-08-22 00:00:00-04:00,42.51585131589608,43.29239654541016,42.418783162206815,43.292396545410156,5600,0.0,0.0
1997-08-25 00:00:00-04:00,43.29239400795528,43.77773474795478,43.09825771195548,43.48653030395508,12280,0.0,0.0
1997-08-26 00:00:00-04:00,43.389460187838125,43.389460187838125,42.6129150390625,42.6129150390625,14320,0.0,0.0
1997-08-27 00:00:00-04:00,42.71000029274781,42.904136657714844,42.51586392778077,42.904136657714844,3400,0.0,0.0
1997-08-28 00:00:00-04:00,42.90413210055972,43.48654113359899,42.80706392838651,43.38947296142578,6760,0.0,0.0
1997-08-29 00:00:00-04:00,43.09827086455013,44.55429352889304,42.70999815405869,43.777748107910156,17960,0.0,0.0
1997-09-02 00:00:00-04:00,43.87481369456445,44.06895003834571,43.583609178892566,43.97188186645508,3360,0.0,0.0
1997-09-03 00:00:00-04:00,43.97186725465212,44.06893539428711,43.77773097538213,44.06893539428711,5160,0.0,0.0
1997-09-04 00:00:00-04:00,44.06892482732744,44.84546975820546,44.06892482732744,44.7484016418457,3880,0.0,0.0
1997-09-05 00:00:00-04:00,44.942558231638436,45.622035353931025,44.6513537506559,45.524967193603516,6280,0.0,0.0
1997-09-08 00:00:00-04:00,45.622036393678506,48.24287678225153,45.622036393678506,47.466331481933594,13320,0.0,0.0
1997-09-09 00:00:00-04:00,47.6604772893394,48.048750016747455,47.6604772893394,47.757545471191406,4120,0.0,0.0
1997-09-10 00:00:00-04:00,47.74973821158361,48.33442888356219,47.55484132092408,48.23698043823242,5040,0.3,0.0
1997-09-11 00:00:00-04:00,48.23696620821014,49.601244040361536,47.65227570871669,49.5037956237793,4280,0.0,0.0
1997-09-12 00:00:00-04:00,49.60126720021365,49.60126720021365,48.91912796563311,49.308921813964844,4600,0.0,0.0
1997-09-15 00:00:00-04:00,49.406334592335256,52.232337951660156,49.406334592335256,52.232337951660156,8000,0.0,0.0
1997-09-16 00:00:00-04:00,52.03746740553114,55.35071439389829,52.03746740553114,52.62215805053711,31280,0.0,0.0
1997-09-17 00:00:00-04:00,52.62215676942865,53.206847400200076,50.965533315576266,51.94001770019531,15080,0.0,0.0
1997-09-18 00:00:00-04:00,51.64768310999826,53.0119615317718,51.64768310999826,52.52471923828125,3480,0.0,0.0
1997-09-19 00:00:00-04:00,51.940017900605135,53.79153823852539,51.842569461767226,53.79153823852539,6200,0.0,0.0
1997-09-22 00:00:00-04:00,53.40177449250479,53.98646545410156,52.91453202450749,53.98646545410156,3640,0.0,0.0
1997-09-23 00:00:00-04:00,53.98642391009922,53.98642391009922,52.23235237511405,53.4017333984375,6240,0.0,0.0
1997-09-24 00:00:00-04:00,53.40175492372741,53.791548755287465,52.817064176387326,52.914512634277344,4760,0.0,0.0
1997-09-25 00:00:00-04:00,53.401748001241245,53.401748001241245,52.03746976763289,52.134918212890625,15680,0.0,0.0
1997-09-26 00:00:00-04:00,52.134914577119126,52.427259892504836,51.745120823271506,51.94001770019531,2440,0.0,0.0
1997-09-29 00:00:00-04:00,51.45277104322515,51.45277104322515,50.47828674316406,50.47828674316406,4040,0.0,0.0
1997-09-30 00:00:00-04:00,50.575735011467565,50.67318344116211,49.406353855133055,50.67318344116211,4560,0.0,0.0
1997-10-01 00:00:00-04:00,51.452772057574734,51.64766892142918,51.25787519372028,51.55022048950195,3720,0.0,0.0
1997-10-02 00:00:00-04:00,51.550239193347075,51.550239193347075,50.185960651368134,50.283409118652344,3720,0.0,0.0
1997-10-03 00:00:00-04:00,50.28342175620988,52.1349430999463,50.28342175620988,50.77066421508789,6560,0.0,0.0
1997-10-06 00:00:00-04:00,50.77063913563736,51.25788135382965,50.77063913563736,51.062984466552734,3160,0.0,0.0
1997-10-07 00:00:00-04:00,51.2578834026942,52.81705856323242,51.06298650762692,52.81705856323242,1560,0.0,0.0
1997-10-08 00:00:00-04:00,52.81702874187281,53.30427070443621,51.25785446166992,51.25785446166992,13240,0.0,0.0
1997-10-09 00:00:00-04:00,50.868074514570026,53.4017333984375,50.185935584298015,53.4017333984375,9280,0.0,0.0
1997-10-10 00:00:00-04:00,53.40175492372741,53.40175492372741,52.817064176387326,52.914512634277344,2320,0.0,0.0
1997-10-13 00:00:00-04:00,52.914512634277344,52.914512634277344,52.914512634277344,52.914512634277344,80,0.0,0.0
1997-10-14 00:00:00-04:00,52.62216769697936,52.62216769697936,52.42727077958314,52.52471923828125,960,0.0,0.0
1997-10-15 00:00:00-04:00,52.232367640904016,52.232367640904016,51.06298627580915,51.16043472290039,3320,0.0,0.0
1997-10-16 00:00:00-04:00,51.16041736169294,51.452762603759766,50.86807211962613,51.452762603759766,4560,0.0,0.0
1997-10-17 00:00:00-04:00,50.868086115519205,52.62215805053711,50.08849858884458,52.62215805053711,11600,0.0,0.0
1997-10-20 00:00:00-04:00,53.20684066940757,53.20684066940757,52.427253260332,53.01194381713867,5560,0.0,0.0
1997-10-21 00:00:00-04:00,53.40174448317376,54.571125749228656,53.20684760549794,53.79153823852539,7800,0.0,0.0
1997-10-22 00:00:00-04:00,53.791537300716264,53.791537300716264,52.52470761790954,52.7196044921875,3400,0.0,0.0
1997-10-23 00:00:00-04:00,52.427263548663845,52.427263548663845,52.03746976763289,52.134918212890625,1840,0.0,0.0
1997-10-24 00:00:00-04:00,52.23234991593794,52.23234991593794,51.062968947670676,51.452762603759766,4040,0.0,0.0
1997-10-27 00:00:00-05:00,51.257895272875594,51.257895272875594,49.11402893066406,49.11402893066406,6040,0.0,0.0
1997-10-28 00:00:00-05:00,47.55481976270676,49.89358139038086,47.165026158094406,49.89358139038086,11440,0.0,0.0
1997-10-29 00:00:00-05:00,50.28337053654312,51.452751246695286,50.28337053654312,51.25785446166992,6560,0.0,0.0
1997-10-30 00:00:00-05:00,51.16044168418411,52.03747782734155,51.16044168418411,51.74513244628906,2480,0.0,0.0
1997-10-31 00:00:00-05:00,52.03747894684179,52.71961818397267,52.03747894684179,52.42727279663086,5960,0.0,0.0
1997-11-03 00:00:00-05:00,52.03747894684179,52.42727279663086,52.03747894684179,52.42727279663086,3400,0.0,0.0
1997-11-04 00:00:00-05:00,52.32982188693726,53.011961092167354,52.13492497115723,52.914512634277344,5040,0.0,0.0
1997-11-05 00:00:00-05:00,52.71960649137144,52.71960649137144,52.427261168868455,52.62215805053711,13800,0.0,0.0
1997-11-06 00:00:00-05:00,52.62215805053711,53.01195181387442,52.62215805053711,52.62215805053711,1600,0.0,0.0
1997-11-07 00:00:00-05:00,52.42724674398249,52.42724674398249,51.35531418973749,51.452762603759766,8640,0.0,0.0
1997-11-10 00:00:00-05:00,51.452762474204015,51.84255612931162,50.96552040531951,51.64765930175781,5880,0.0,0.0
1997-11-11 00:00:00-05:00,51.55023552558741,51.74513244628906,51.35533860488576,51.74513244628906,1200,0.0,0.0
1997-11-12 00:00:00-05:00,51.35532516509353,51.35532516509353,49.69870177267116,49.79615020751953,4160,0.0,0.0
1997-11-13 00:00:00-05:00,49.698689117431634,49.698689117431634,48.04206614685058,48.724205017089844,6720,0.0,0.0
1997-11-14 00:00:00-05:00,48.821656707703596,49.99103770669051,48.821656707703596,49.5037956237793,6080,0.0,0.0
1997-11-17 00:00:00-05:00,49.503800955432204,50.088491517897936,49.503800955432204,49.99104309082031,2000,0.0,0.0
1997-11-18 00:00:00-05:00,49.99105335780553,51.647676958356584,49.99105335780553,51.16043472290039,10480,0.0,0.0
1997-11-19 00:00:00-05:00,50.8680999223576,51.355342258778656,49.893615249515506,50.283409118652344,6760,0.0,0.0
1997-11-20 00:00:00-05:00,50.28338956284797,51.257873856701615,50.08849270407725,50.868080139160156,5000,0.0,0.0
1997-11-21 00:00:00-05:00,51.257884179161735,52.03747177124024,51.16043573015192,52.037471771240234,1640,0.0,0.0
1997-11-24 00:00:00-05:00,52.03746129178453,52.232358150555264,50.575734851004064,50.868080139160156,7000,0.0,0.0
1997-11-25 00:00:00-05:00,50.67316859960556,50.67316859960556,49.89358139038086,49.89358139038086,3640,0.0,0.0
1997-11-26 00:00:00-05:00,51.06298140484971,52.42725953398692,51.06298140484971,52.329811096191406,15840,0.0,0.0
1997-11-28 00:00:00-05:00,52.32981272803413,52.817054932205764,52.32981272803413,52.62215805053711,1240,0.0,0.0
1997-12-01 00:00:00-05:00,52.62215011260089,53.01194381713867,52.32980483419755,53.01194381713867,11080,0.0,0.0
1997-12-02 00:00:00-05:00,52.81705856323242,52.81705856323242,52.81705856323242,52.81705856323242,2160,0.0,0.0
1997-12-03 00:00:00-05:00,53.01195568432748,54.47368240356445,52.71961034048009,54.47368240356445,6560,0.0,0.0
1997-12-04 00:00:00-05:00,54.57113107045492,56.130306243896484,54.57113107045492,56.130306243896484,6040,0.0,0.0
1997-12-05 00:00:00-05:00,55.935406972126785,56.909891414149904,55.155819418508294,56.61754608154297,16880,0.0,0.0
1997-12-08 00:00:00-05:00,56.714969018493036,58.66393702600139,56.714969018493036,57.88434982299805,8440,0.0,0.0
1997-12-09 00:00:00-05:00,57.689487677105404,57.689487677105404,57.39714230036331,57.494590759277344,5680,0.0,0.0
1997-12-10 00:00:00-05:00,57.58453153784222,58.17113117999341,56.704632074615425,56.802398681640625,3920,0.3,0.0
1997-12-11 00:00:00-05:00,56.41130025336083,56.41130025336083,54.74926887674535,55.14033508300781,6360,0.0,0.0
1997-12-12 00:00:00-05:00,54.94481577573122,55.92248153686523,54.74928262350442,55.922481536865234,6840,0.0,0.0
1997-12-15 00:00:00-05:00,55.72694427704018,56.11801055266853,55.72694427704018,55.824710845947266,3240,0.0,0.0
1997-12-16 00:00:00-05:00,55.92248153686523,56.02024811297863,55.82471496075183,55.922481536865234,2640,0.0,0.0
1997-12-17 00:00:00-05:00,56.70462129827131,56.70462129827131,55.72695541381836,55.72695541381836,4200,0.0,0.0
1997-12-18 00:00:00-05:00,55.72695100811166,55.72695100811166,55.53141784667969,55.53141784667969,1560,0.0,0.0
1997-12-19 00:00:00-05:00,55.14037271411394,55.14037271411394,54.45600638610188,54.94483947753906,16680,0.0,0.0
1997-12-22 00:00:00-05:00,54.944842788151334,54.944842788151334,54.74930953979492,54.74930953979492,1560,0.0,0.0
1997-12-23 00:00:00-05:00,54.84704188446501,55.43364126290848,52.40287780761719,52.40287780761719,22200,0.0,0.0
1997-12-24 00:00:00-05:00,52.01184810897679,52.20738137254437,50.05651547330097,50.349815368652344,15520,0.0,0.0
1997-12-26 00:00:00-05:00,50.64307532182598,51.22967464987802,50.545308767150644,51.034141540527344,2920,0.0,0.0
1997-12-29 00:00:00-05:00,50.93639223066305,51.718524932861335,50.93639223066305,51.71852493286133,10320,0.0,0.0
1997-12-30 00:00:00-05:00,51.816302647889756,53.087268561894604,51.816302647889756,52.989501953125,11200,0.0,0.0
1997-12-31 00:00:00-05:00,53.28280258178711,53.478335802270735,53.08726936130349,53.28280258178711,2160,0.0,0.0
1998-01-02 00:00:00-05:00,53.478321354231944,54.84705352783203,53.18502160274621,54.84705352783203,5320,0.0,0.0
1998-01-05 00:00:00-05:00,55.23814613395452,56.118045806884766,55.23814613395452,56.118045806884766,8000,0.0,0.0
1998-01-06 00:00:00-05:00,56.509100536193316,56.509100536193316,55.824734266723844,56.020267486572266,3560,0.0,0.0
1998-01-07 00:00:00-05:00,55.72696921608665,55.72696921608665,53.185037286931816,53.771636962890625,22440,0.0,0.0
1998-01-08 00:00:00-05:00,53.380570512251424,53.771636962890625,52.89173744895241,53.771636962890625,8960,0.0,0.0
1998-01-09 00:00:00-05:00,53.96716804082103,53.96716804082103,52.989501953125,52.989501953125,6040,0.0,0.0
1998-01-12 00:00:00-05:00,52.79396383292613,52.79396383292613,52.59843063354492,52.59843063354492,2400,0.0,0.0
1998-01-13 00:00:00-05:00,52.793966296913474,52.793966296913474,52.109600067138665,52.10960006713867,5720,0.0,0.0
1998-01-14 00:00:00-05:00,52.109600067138665,52.207366671392215,52.01183346288512,52.10960006713867,1520,0.0,0.0
1998-01-15 00:00:00-05:00,52.20736423478251,52.59843063354492,52.20736423478251,52.59843063354492,1920,0.0,0.0
1998-01-16 00:00:00-05:00,52.793954992207134,53.47832107543945,52.793954992207134,53.47832107543945,2400,0.0,0.0
1998-01-20 00:00:00-05:00,53.47833712491122,53.771636962890625,53.380570512251424,53.771636962890625,3000,0.0,0.0
1998-01-21 00:00:00-05:00,53.67384338378907,53.771609947329665,53.478310256707864,53.67384338378906,1320,0.0,0.0
1998-01-22 00:00:00-05:00,53.47832107543945,53.673854242077255,53.380554492120545,53.47832107543945,5800,0.0,0.0
1998-01-23 00:00:00-05:00,53.478322238541345,53.967155165767494,53.478322238541345,53.869388580322266,6440,0.0,0.0
1998-01-26 00:00:00-05:00,53.771636433845025,53.771636433845025,52.79397031686602,53.57610321044922,6880,0.0,0.0
1998-01-27 00:00:00-05:00,53.185037286931816,53.771636962890625,53.185037286931816,53.771636962890625,8120,0.0,0.0
1998-01-28 00:00:00-05:00,53.380560133192276,53.478326726842816,52.79396057128907,52.79396057128906,2880,0.0,0.0
1998-01-29 00:00:00-05:00,53.08725767275866,53.47832402762245,53.08725767275866,53.18502426147461,2360,0.0,0.0
1998-01-30 00:00:00-05:00,53.380554492120545,53.47832107543945,53.282787908801645,53.47832107543945,1280,0.0,0.0
1998-02-02 00:00:00-05:00,53.478335266394296,53.57610187565644,53.08726882934571,53.0872688293457,5080,0.0,0.0
1998-02-03 00:00:00-05:00,52.989492327253394,53.28279210028247,52.30512619018555,52.30512619018555,5320,0.0,0.0
1998-02-04 00:00:00-05:00,52.01183373383368,52.59843336241075,51.620767314782306,52.207366943359375,12840,0.0,0.0
1998-02-05 00:00:00-05:00,52.20735959917585,52.59842596321462,52.10959300816616,52.30512619018555,1880,0.0,0.0
1998-02-06 00:00:00-05:00,52.30513354812222,52.30513354812222,51.718533919545145,52.207366943359375,3040,0.0,0.0
1998-02-09 00:00:00-05:00,52.59843578303497,53.08726882934571,52.59843578303497,53.0872688293457,2720,0.0,0.0
1998-02-10 00:00:00-05:00,53.185019301678345,54.35821825686243,53.185019301678345,54.064918518066406,13880,0.0,0.0
1998-02-11 00:00:00-05:00,54.26045658713893,55.92248859070895,54.26045658713893,55.72695541381836,11320,0.0,0.0
1998-02-12 00:00:00-05:00,55.92247627876901,60.2242052232897,55.92247627876901,57.8778076171875,24760,0.0,0.0
1998-02-13 00:00:00-05:00,57.48675442698807,59.44208621021896,57.48675442698807,58.464420318603516,13400,0.0,0.0
1998-02-17 00:00:00-05:00,58.56217420944059,58.56217420944059,57.87780823370422,58.073341369628906,5280,0.0,0.0
1998-02-18 00:00:00-05:00,58.1711297635211,59.05102920532226,58.1711297635211,59.051029205322266,4240,0.0,0.0
1998-02-19 00:00:00-05:00,59.24655180275931,59.44208497702584,58.65995227995971,59.34431838989258,3760,0.0,0.0
1998-02-20 00:00:00-05:00,59.05101073614441,59.246543884277344,58.122228282513,59.246543884277344,5080,0.0,0.0
1998-02-23 00:00:00-05:00,59.24655266433465,59.63761901855469,59.051019487224636,59.63761901855469,2720,0.0,0.0
1998-02-24 00:00:00-05:00,59.63760622882534,60.41973876953125,59.63760622882534,60.41973876953125,13320,0.0,0.0
1998-02-25 00:00:00-05:00,60.61527404785156,61.104106903076165,60.32197433471679,61.10410690307617,3120,0.0,0.0
1998-02-26 00:00:00-05:00,61.20191456122526,62.57064747473508,61.20191456122526,62.277347564697266,3720,0.0,0.0
1998-02-27 00:00:00-05:00,61.984027591361816,62.179560801429204,61.69072777626074,61.886260986328125,5880,0.0,0.0
1998-03-02 00:00:00-05:00,62.179550744896765,62.57061710178291,62.179550744896765,62.375083923339844,6720,0.0,0.0
1998-03-03 00:00:00-05:00,62.37508392333984,62.47285051256137,61.984017566453694,62.375083923339844,3800,0.0,0.0
1998-03-04 00:00:00-05:00,62.2773173341183,62.37508392333984,61.984017566453694,62.375083923339844,6280,0.0,0.0
1998-03-05 00:00:00-05:00,62.08180158953124,62.37510143956052,61.29966865611982,61.78850173950195,5800,0.0,0.0
1998-03-06 00:00:00-05:00,61.984017566453694,62.37508392333984,61.78848438801062,62.375083923339844,5200,0.0,0.0
1998-03-09 00:00:00-05:00,62.375094827615996,62.375094827615996,61.98402840236448,62.179561614990234,4320,0.0,0.0
1998-03-10 00:00:00-05:00,61.98403299060039,62.57063267189945,61.98403299060039,62.47286605834961,3160,0.0,0.0
1998-03-11 00:00:00-05:00,62.80651220852447,64.18040466308594,62.80651220852447,64.18040466308594,3240,0.375,0.0
1998-03-12 00:00:00-05:00,64.18040323401506,65.161754965422,64.18040323401506,64.96548461914062,4280,0.0,0.0
1998-03-13 00:00:00-05:00,65.35803429819372,67.51700840414006,65.35803429819372,67.22260284423828,8480,0.0,0.0
1998-03-16 00:00:00-05:00,67.32074033784734,71.44241831771555,67.12446995785362,70.85360717773438,23800,0.0,0.0
1998-03-17 00:00:00-05:00,70.95175760584881,72.22751534979908,70.55921676155643,71.7368392944336,6480,0.0,0.0
1998-03-18 00:00:00-05:00,71.83495767513374,72.62003917978001,71.83495767513374,72.52190399169922,10680,0.0,0.0
1998-03-19 00:00:00-05:00,72.5218901007299,73.99391763998693,72.12934942359469,73.89578247070312,11160,0.0,0.0
1998-03-20 00:00:00-05:00,73.79767268880208,74.77902471923828,73.50326707967122,73.60140228271484,13640,0.0,0.0
1998-03-23 00:00:00-05:00,73.01256664158983,73.79764800332735,73.01256664158983,73.50324249267578,7360,0.0,0.0
1998-03-24 00:00:00-05:00,73.69950625877482,74.77899303486872,73.2088304514594,73.99391174316406,9560,0.0,0.0
1998-03-25 00:00:00-05:00,74.58272865568975,74.97526933282495,73.79764730141933,73.89578247070312,3760,0.0,0.0
1998-03-26 00:00:00-05:00,73.8957933318519,73.8957933318519,73.1107118621908,73.20884704589844,6800,0.0,0.0
1998-03-27 00:00:00-05:00,73.01258843869579,73.01258843869579,71.24615484743701,72.1293716430664,10800,0.0,0.0
1998-03-30 00:00:00-05:00,72.03123644355202,72.1293716430664,72.03123644355202,72.1293716430664,2840,0.0,0.0
1998-03-31 00:00:00-05:00,72.22745690934532,72.37465960685078,72.12932177767502,72.32559204101562,5320,0.0,0.0
1998-04-01 00:00:00-05:00,72.42378406263377,72.42378406263377,71.54056718382117,71.63870239257812,17400,0.0,0.0
1998-04-02 00:00:00-05:00,71.63869564549452,72.22750684258078,71.63869564549452,72.1293716430664,2560,0.0,0.0
1998-04-03 00:00:00-05:00,72.6200252700137,73.99391763998693,72.6200252700137,73.89578247070312,7560,0.0,0.0
1998-04-06 00:00:00-04:00,73.8958078918457,74.19021350097657,73.60140228271484,73.60140228271484,2440,0.0,0.0
1998-04-07 00:00:00-04:00,73.69953573072279,73.69953573072279,72.62004852294922,72.62004852294922,4880,0.0,0.0
1998-04-08 00:00:00-04:00,72.71817071097239,73.11071144355523,71.34427814693241,71.44241333007812,11760,0.0,0.0
1998-04-09 00:00:00-04:00,71.83493327319137,72.42374420166016,71.83493327319137,72.42374420166016,8160,0.0,0.0
1998-04-13 00:00:00-04:00,72.42372966565584,74.58270263671875,72.22745939555921,74.58270263671875,6960,0.0,0.0
1998-04-14 00:00:00-04:00,74.58271315452635,75.76033494117677,74.58271315452635,75.17152404785156,4240,0.0,0.0
1998-04-15 00:00:00-04:00,75.26966872414708,77.42864227294922,75.26966872414708,77.42864227294922,9360,0.0,0.0
1998-04-16 00:00:00-04:00,77.42866789405026,79.68577735103779,77.42866789405026,78.90069580078125,8960,0.0,0.0
1998-04-17 00:00:00-04:00,78.50815318994017,78.50815318994017,77.91934204101562,77.91934204101562,5680,0.0,0.0
1998-04-20 00:00:00-04:00,77.52678054068095,77.91932120164643,76.34915855778453,76.74169921875,6360,0.0,0.0
1998-04-21 00:00:00-04:00,76.54539261741199,77.33047356733417,76.54539261741199,76.83979797363281,6120,0.0,0.0
1998-04-22 00:00:00-04:00,76.93798040574596,79.68576542023689,76.93798040574596,79.09695434570312,8160,0.0,0.0
1998-04-23 00:00:00-04:00,78.90066021491276,83.61114739192247,78.90066021491276,83.31674194335938,24600,0.0,0.0
1998-04-24 00:00:00-04:00,83.4149031841195,87.7328511136504,83.4149031841195,85.67201232910156,24360,0.0,0.0
1998-04-27 00:00:00-04:00,85.47570559663593,85.47570559663593,83.02232713519402,83.21859741210938,7200,0.0,0.0
1998-04-28 00:00:00-04:00,83.21863282368628,86.55522895105106,83.21863282368628,85.67201232910156,32680,0.0,0.0
1998-04-29 00:00:00-04:00,85.86824687794096,89.49924703163676,85.77011173865189,89.20484161376953,12400,0.0,0.0
1998-04-30 00:00:00-04:00,89.49927591332255,90.9713034776864,88.71419454566183,89.10673522949219,25680,0.0,0.0
1998-05-01 00:00:00-04:00,89.89186313710314,92.24710845947266,89.79372791533774,92.24710845947266,14440,0.0,0.0
1998-05-04 00:00:00-04:00,92.44337890300345,93.03219023359583,91.65829712888028,92.24710845947266,9440,0.0,0.0
1998-05-05 00:00:00-04:00,92.0508176952187,92.24708809542172,91.85454729501568,91.95268249511719,6680,0.0,0.0
1998-05-06 00:00:00-04:00,91.8545213811051,91.95265655352081,90.48062896728514,90.48062896728516,6080,0.0,0.0
1998-05-07 00:00:00-04:00,90.57876279385604,91.85452001630472,88.71419454566183,89.10673522949219,13120,0.0,0.0
1998-05-08 00:00:00-04:00,89.10674040508583,90.28436252497684,89.10674040508583,89.4011459350586,8400,0.0,0.0
1998-05-11 00:00:00-04:00,89.30303103620834,89.40116623514923,88.71421984256301,88.8123550415039,8440,0.0,0.0
1998-05-12 00:00:00-04:00,88.81233604316225,89.40114711085172,83.61117161190523,84.69065856933594,20640,0.0,0.0
1998-05-13 00:00:00-04:00,84.53317808357265,85.4188574814215,84.43476926158945,84.72999572753906,15960,0.375,0.0
1998-05-14 00:00:00-04:00,83.7459059664614,86.59976175145243,83.54908832611719,85.22203826904297,15760,0.0,0.0
1998-05-15 00:00:00-04:00,85.32046665557442,86.79659929667433,85.22205781283444,86.20614624023438,8520,0.0,0.0
1998-05-18 00:00:00-04:00,86.30457664938534,86.59980325137867,84.82844363941865,85.32048797607422,2920,0.0,0.0
1998-05-19 00:00:00-04:00,85.51728820800781,86.00933244395723,84.82842627767864,85.51728820800781,5680,0.0,0.0
1998-05-20 00:00:00-04:00,85.81253814697266,85.81253814697266,85.2220849028421,85.81253814697266,1840,0.0,0.0
1998-05-21 00:00:00-04:00,85.81254697143693,86.69822692871094,85.81254697143693,86.69822692871094,10240,0.0,0.0
1998-05-22 00:00:00-04:00,86.59977941143757,86.59977941143757,85.61569100903488,86.40296173095703,3400,0.0,0.0
1998-05-26 00:00:00-04:00,86.00935004739199,86.50139438404756,85.32048797607422,85.32048797607422,5560,0.0,0.0
1998-05-27 00:00:00-04:00,85.51729459338476,86.7966097023767,85.32047688430907,86.3045654296875,12200,0.0,0.0
1998-05-28 00:00:00-04:00,86.30452822145466,88.66633971212161,86.30452822145466,87.97747802734375,7800,0.0,0.0
1998-05-29 00:00:00-04:00,87.7806604031215,88.86315733634386,87.7806604031215,87.97747802734375,9680,0.0,0.0
1998-06-01 00:00:00-04:00,89.15842215920334,91.91387008465334,88.96160445024263,89.35523986816406,10480,0.0,2.0
1998-06-02 00:00:00-04:00,89.74886645187978,90.14250183105469,88.17432493518012,90.14250183105469,4120,0.0,0.0
1998-06-03 00:00:00-04:00,90.53611619737413,90.53611619737413,87.78066918267143,88.56793975830078,7840,0.0,0.0
1998-06-04 00:00:00-04:00,89.35524932197903,91.12660889003588,89.15843159219494,90.5361557006836,5360,0.0,0.0
1998-06-05 00:00:00-04:00,90.14250847114312,91.52023239974137,89.35523765480126,89.55205535888672,5140,0.0,0.0
1998-06-08 00:00:00-04:00,89.55205535888672,90.33932617522858,88.37114913437392,89.55205535888672,11920,0.0,0.0
1998-06-09 00:00:00-04:00,89.55204668298232,89.74886436799986,88.17432288785952,88.96159362792969,5720,0.0,0.0
1998-06-10 00:00:00-04:00,88.56795397671786,88.96158932772549,86.40295954617586,86.59977722167969,3020,0.0,0.0
1998-06-11 00:00:00-04:00,86.83662937112051,86.83662937112051,86.24456144359014,86.4419174194336,2060,0.375,0.0
1998-06-12 00:00:00-04:00,86.44192386164545,86.83663584274885,84.46836395612843,86.24456787109375,4420,0.0,0.0
1998-06-15 00:00:00-04:00,85.8498503456653,85.8498503456653,83.28422263418565,84.07364654541016,3680,0.0,0.0
1998-06-16 00:00:00-04:00,83.87627430918108,83.87627430918108,81.90271491367093,82.692138671875,8860,0.0,0.0
1998-06-17 00:00:00-04:00,82.69215986863622,84.46836377989571,82.69215986863622,83.67893981933594,6600,0.0,0.0
1998-06-18 00:00:00-04:00,84.07363172890483,84.07363172890483,80.52122475444406,81.70536041259766,7660,0.0,0.0
1998-06-19 00:00:00-04:00,81.31066327776227,83.28422306605746,80.71859534127371,82.88951110839844,8680,0.0,0.0
1998-06-22 00:00:00-04:00,82.10007229864885,82.69214012772565,80.91593664049526,81.70536041259766,3660,0.0,0.0
1998-06-23 00:00:00-04:00,81.90270726821002,83.87626647949219,80.91592766256893,83.87626647949219,11540,0.0,0.0
1998-06-24 00:00:00-04:00,83.2842114315529,84.46834713911052,82.69214357777409,83.4815673828125,7340,0.0,0.0
1998-06-25 00:00:00-04:00,83.28419871610754,84.46833424287685,83.28419871610754,83.87626647949219,5500,0.0,0.0
1998-06-26 00:00:00-04:00,84.46835850102242,84.46835850102242,83.28422263418565,84.07364654541016,6460,0.0,0.0
1998-06-29 00:00:00-04:00,83.67892062971129,84.27098846435547,83.48156468482989,84.27098846435547,3300,0.0,0.0
1998-06-30 00:00:00-04:00,83.28420272240272,83.87627051426814,82.10006713867188,82.10006713867188,13500,0.0,0.0
1998-07-01 00:00:00-04:00,82.49478762651448,83.4815673828125,82.49478762651448,83.4815673828125,3060,0.0,0.0
1998-07-02 00:00:00-04:00,83.28421236969703,84.8630599975586,83.28421236969703,84.8630599975586,3360,0.0,0.0
1998-07-06 00:00:00-04:00,84.6657136368425,86.4419174194336,84.46835766099903,86.4419174194336,2560,0.0,0.0
1998-07-07 00:00:00-04:00,86.2445622133405,88.02076601178459,86.2445622133405,87.82341003417969,3000,0.0,0.0
1998-07-08 00:00:00-04:00,87.62603477444418,90.19166191874096,87.62603477444418,89.59959411621094,6680,0.0,0.0
1998-07-09 00:00:00-04:00,88.81017944064065,89.20489134926572,88.61282348632812,88.61282348632812,4020,0.0,0.0
1998-07-10 00:00:00-04:00,88.61282833680411,89.40225219726562,88.41547237168874,89.40225219726562,9240,0.0,0.0
1998-07-13 00:00:00-04:00,89.20486834147489,90.98107147216797,89.20486834147489,90.98107147216797,4800,0.0,0.0
1998-07-14 00:00:00-04:00,90.783729721271,90.783729721271,88.41545851115089,89.59959411621094,4460,0.0,0.0
1998-07-15 00:00:00-04:00,88.41547788422683,91.96788547778952,88.41547788422683,91.57317352294922,11760,0.0,0.0
1998-07-16 00:00:00-04:00,91.57314926830689,92.95464074433738,90.58636964257083,92.55992889404297,5440,0.0,0.0
1998-07-17 00:00:00-04:00,92.75730288925992,92.9546588528541,91.17845518050656,91.77052307128906,6260,0.0,0.0
1998-07-20 00:00:00-04:00,91.57318063289561,92.75731658935547,91.57318063289561,92.75731658935547,3540,0.0,0.0
1998-07-21 00:00:00-04:00,92.7572899763283,92.7572899763283,91.5731543596092,92.16522216796875,5540,0.0,0.0
1998-07-22 00:00:00-04:00,91.9678662318489,92.16522216796875,91.5731543596092,92.16522216796875,1360,0.0,0.0
1998-07-23 00:00:00-04:00,92.55991346830874,93.1519811450783,89.99428686897394,90.19164276123047,7580,0.0,0.0
1998-07-24 00:00:00-04:00,90.5863675188534,90.98107935989415,87.42867279052734,87.42867279052734,7620,0.0,0.0
1998-07-27 00:00:00-04:00,87.23132613853171,87.23132613853171,84.46834295767324,85.25776672363281,3520,0.0,0.0
1998-07-28 00:00:00-04:00,86.04719048959238,86.04719048959238,84.66569889916313,85.25776672363281,8080,0.0,0.0
1998-07-29 00:00:00-04:00,85.8498341328389,88.02074947872677,85.8498341328389,87.62603759765625,7720,0.0,0.0
1998-07-30 00:00:00-04:00,87.2313204740001,89.20487976074217,87.2313204740001,89.20487976074219,2360,0.0,0.0
1998-07-31 00:00:00-04:00,89.20492904487698,89.20492904487698,85.8498764038086,85.8498764038086,6400,0.0,0.0
1998-08-03 00:00:00-04:00,85.84983976497206,85.84983976497206,84.8630599975586,84.8630599975586,5540,0.0,0.0
1998-08-04 00:00:00-04:00,84.86305016737718,84.86305016737718,82.10006713867188,82.10006713867188,2300,0.0,0.0
1998-08-05 00:00:00-04:00,82.10006588855421,82.49477774378765,80.91593032285392,81.9027099609375,5400,0.0,0.0
1998-08-06 00:00:00-04:00,82.10007085322195,82.692138671875,81.90271491367093,82.692138671875,1640,0.0,0.0
1998-08-07 00:00:00-04:00,82.69213690451525,86.63925561117469,82.69213690451525,86.04718780517578,3380,0.0,0.0
1998-08-10 00:00:00-04:00,85.65247860661259,86.04719048959238,85.25776672363281,85.25776672363281,1340,0.0,0.0
1998-08-11 00:00:00-04:00,84.86304887518826,84.86304887518826,81.9027099609375,81.9027099609375,3100,0.0,0.0
1998-08-12 00:00:00-04:00,82.29742132721296,86.83660763542854,82.29742132721296,86.63925170898438,3360,0.0,0.0
1998-08-13 00:00:00-04:00,86.6392551035608,89.59959411621094,85.25776356432407,89.59959411621094,8780,0.0,0.0
1998-08-14 00:00:00-04:00,89.99430888407939,89.99430888407939,87.23132571658573,87.62603759765625,7460,0.0,0.0
1998-08-17 00:00:00-04:00,87.23131687000698,87.62602871104772,87.23131687000698,87.42867279052734,2600,0.0,0.0
1998-08-18 00:00:00-04:00,87.4286901638936,89.2048938015348,87.4286901638936,89.00753784179688,14960,0.0,0.0
1998-08-19 00:00:00-04:00,89.00750983321426,89.00750983321426,88.21808624267578,88.21808624267578,3260,0.0,0.0
1998-08-20 00:00:00-04:00,88.41545604604535,89.20487976074217,88.02074418869692,89.20487976074219,4640,0.0,0.0
1998-08-21 00:00:00-04:00,89.20488512193835,89.20488512193835,87.62603759765625,87.62603759765625,8360,0.0,0.0
1998-08-24 00:00:00-04:00,88.41547796699439,88.81018992220417,87.42869807896989,87.82341003417969,4120,0.0,0.0
1998-08-25 00:00:00-04:00,87.82335766878995,87.82335766878995,86.83657836914062,86.83657836914062,3720,0.0,0.0
1998-08-26 00:00:00-04:00,86.04717907802663,86.04717907802663,82.29741668701172,82.29741668701172,2780,0.0,0.0
1998-08-27 00:00:00-04:00,81.9027168122097,81.9027168122097,78.54766576207099,79.33708953857422,7280,0.0,0.0
1998-08-28 00:00:00-04:00,78.54768252432797,79.13975048305404,77.95561456560188,78.35032653808594,8260,0.0,0.0
1998-08-31 00:00:00-04:00,79.13974773946232,79.13974773946232,74.7979161926589,75.38998413085938,12780,0.0,0.0
1998-09-01 00:00:00-04:00,74.99525189399719,75.78467559814453,74.99525189399719,75.78467559814453,36640,0.0,0.0
1998-09-02 00:00:00-04:00,76.17938721782029,79.53443795021134,76.17938721782029,78.15294647216797,4480,0.0,0.0
1998-09-03 00:00:00-04:00,78.3503238218617,78.3503238218617,74.60056021325875,75.38998413085938,5380,0.0,0.0
1998-09-04 00:00:00-04:00,75.38995239100099,76.96879956149316,75.38995239100099,76.3767318725586,3320,0.0,0.0
1998-09-08 00:00:00-04:00,76.9688177799833,82.10007229864885,76.9688177799833,81.70536041259766,3240,0.0,0.0
1998-09-09 00:00:00-04:00,81.11328778408541,81.11328778408541,79.5344403333003,79.73179626464844,3900,0.0,0.0
1998-09-10 00:00:00-04:00,78.94236890575554,78.94236890575554,77.36352152764043,77.9555892944336,3180,0.0,0.0
1998-09-11 00:00:00-04:00,77.20336168332207,78.98497772216797,76.80744700802298,78.98497772216797,3160,0.375,0.0
1998-09-14 00:00:00-04:00,79.18292043272886,81.3604507446289,79.18292043272886,81.3604507446289,2020,0.0,0.0
1998-09-15 00:00:00-04:00,81.36046594731948,81.36046594731948,80.56863659503414,80.76659393310547,2600,0.0,0.0
1998-09-16 00:00:00-04:00,80.76657884138343,81.95432264787436,80.76657884138343,81.3604507446289,3640,0.0,0.0
1998-09-17 00:00:00-04:00,81.16248987898042,81.16248987898042,77.40130132361304,78.19313049316406,6020,0.0,0.0
1998-09-18 00:00:00-04:00,80.17271708293134,82.35024767036899,79.77680243066995,82.15229034423828,5080,0.0,0.0
1998-09-21 00:00:00-04:00,81.55842311161203,81.55842311161203,78.98497772216797,78.98497772216797,2740,0.0,0.0
1998-09-22 00:00:00-04:00,79.18295029977068,80.37069455426725,79.18295029977068,79.57886505126953,1020,0.0,0.0
1998-09-23 00:00:00-04:00,79.57885487240152,80.37068427411695,78.78702547068607,79.38089752197266,7260,0.0,0.0
1998-09-24 00:00:00-04:00,79.97476951443419,80.17272686471745,77.20336661046865,77.59928131103516,3200,0.0,0.0
1998-09-25 00:00:00-04:00,77.99517339198434,78.78700256347656,77.79721609911128,78.78700256347656,1580,0.0,0.0
1998-09-28 00:00:00-04:00,78.58904852948339,81.3604507446289,78.58904852948339,81.3604507446289,3340,0.0,0.0
1998-09-29 00:00:00-04:00,82.35027351001702,82.35027351001702,79.97478485107422,79.97478485107422,6300,0.0,0.0
1998-09-30 00:00:00-04:00,80.1727168078493,81.1625034351067,79.97475948239781,80.37067413330078,2280,0.0,0.0
1998-10-01 00:00:00-04:00,80.76660415649414,80.9645615196228,79.18294525146484,79.18294525146484,2540,0.0,0.0
1998-10-02 00:00:00-04:00,79.18296241298427,81.95436609743872,78.78704760091935,81.75640869140625,4320,0.0,0.0
1998-10-05 00:00:00-04:00,81.75639636401306,81.75639636401306,77.20337671177988,77.79724884033203,6340,0.0,0.0
1998-10-06 00:00:00-04:00,77.79723862168703,77.99519597186944,76.01562247004534,76.41153717041016,2440,0.0,0.0
1998-10-07 00:00:00-04:00,76.8074857520048,77.20340062701513,74.82791137695312,74.82791137695312,4060,0.0,0.0
1998-10-08 00:00:00-04:00,74.03602425711496,74.03602425711496,68.2952630179269,69.28504943847656,8580,0.0,0.0
1998-10-09 00:00:00-04:00,69.68099214832557,69.68099214832557,68.8891626920946,69.08712005615234,5380,0.0,0.0
1998-10-12 00:00:00-04:00,69.87894951238331,69.87894951238331,69.08712005615234,69.08712005615234,7860,0.0,0.0
1998-10-13 00:00:00-04:00,69.68099716962394,70.47282668291511,69.48303979130114,70.07691192626953,1460,0.0,0.0
1998-10-14 00:00:00-04:00,70.07688890766893,70.67076084756444,69.28505965447494,69.48301696777344,3360,0.0,0.0
1998-10-15 00:00:00-04:00,69.28507486979166,69.28507486979166,67.701416015625,67.701416015625,4360,0.0,0.0
1998-10-16 00:00:00-04:00,68.09732580050617,70.27485656738281,68.09732580050617,70.27485656738281,27560,0.0,0.0
1998-10-19 00:00:00-04:00,71.06671595768319,72.8483327922769,71.06671595768319,72.65037536621094,7320,0.0,0.0
1998-10-20 00:00:00-04:00,72.84829494506513,75.02582550048828,72.84829494506513,75.02582550048828,5780,0.0,0.0
1998-10-21 00:00:00-04:00,75.42176032612343,77.79724884033203,75.22380294993937,77.79724884033203,5400,0.0,0.0
1998-10-22 00:00:00-04:00,78.9849853515625,78.9849853515625,78.39111328125,78.39111328125,3700,0.0,0.0
1998-10-23 00:00:00-04:00,78.39114450853924,78.39114450853924,76.60952758789062,76.60952758789062,7260,0.0,0.0
1998-10-26 00:00:00-05:00,76.80745190990214,77.99519601160166,76.41153720933563,77.59928131103516,2020,0.0,0.0
1998-10-27 00:00:00-05:00,77.20335129294114,77.79722322596376,76.80743667092605,77.0053939819336,1680,0.0,0.0
1998-10-28 00:00:00-05:00,76.60947935991851,77.0053939819336,76.60947935991851,77.0053939819336,700,0.0,0.0
1998-10-29 00:00:00-05:00,77.00539122742491,77.20334853135145,75.81764740386566,76.21356201171875,3320,0.0,0.0
1998-10-30 00:00:00-05:00,76.21356201171875,77.59926313920454,76.21356201171875,76.21356201171875,3180,0.0,0.0
1998-11-02 00:00:00-05:00,75.8176601507725,77.40131884843876,75.6197028135642,77.20336151123047,2640,0.0,0.0
1998-11-03 00:00:00-05:00,77.00541178385416,79.18294270833333,76.80745442708333,78.39111328125,13720,0.0,0.0
1998-11-04 00:00:00-05:00,78.58907318115234,78.78703054432906,78.19315845479893,78.58907318115234,14240,0.0,0.0
1998-11-05 00:00:00-05:00,78.39108797773045,78.78700256347656,77.79721609911128,78.78700256347656,2140,0.0,0.0
1998-11-06 00:00:00-05:00,78.78702799479166,82.35026041666666,78.78702799479166,81.954345703125,4280,0.0,0.0
1998-11-09 00:00:00-05:00,82.35024776184957,83.34003439360258,81.95433310914838,82.74616241455078,10760,0.0,0.0
1998-11-10 00:00:00-05:00,82.74612657840436,82.74612657840436,81.5583831346952,82.35021209716797,4240,0.0,0.0
1998-11-11 00:00:00-05:00,82.35028090950364,82.35028090950364,81.55845128537379,81.75640869140625,1400,0.0,0.0
1998-11-12 00:00:00-05:00,82.15225919243176,82.15225919243176,80.56860118390296,80.96451568603516,5240,0.0,0.0
1998-11-13 00:00:00-05:00,81.16251888275146,81.16251888275146,79.18294525146484,79.18294525146484,2380,0.0,0.0
1998-11-16 00:00:00-05:00,79.38087444209573,79.5788317349688,78.78700256347656,78.78700256347656,2580,0.0,0.0
1998-11-17 00:00:00-05:00,78.78698176604051,82.35021209716797,78.19311004418593,82.35021209716797,3240,0.0,0.0
1998-11-18 00:00:00-05:00,82.35026041666666,82.94413248697916,81.55843098958333,81.954345703125,2440,0.0,0.0
1998-11-19 00:00:00-05:00,82.15229034423828,82.74616232263037,82.15229034423828,82.15229034423828,5680,0.0,0.0
1998-11-20 00:00:00-05:00,81.7563403753134,82.74612657840436,81.7563403753134,82.35021209716797,3620,0.0,0.0
1998-11-23 00:00:00-05:00,82.74622004692543,84.72579468919638,82.74622004692543,84.32987976074219,2120,0.0,0.0
1998-11-24 00:00:00-05:00,84.7257666677799,85.12168146529288,83.9339370727539,83.9339370727539,2580,0.0,0.0
1998-11-25 00:00:00-05:00,84.13189898962263,86.1114730834961,83.73598417084793,86.1114730834961,2500,0.0,0.0
1998-11-27 00:00:00-05:00,86.50736490885416,86.50736490885416,85.517578125,85.517578125,540,0.0,0.0
1998-11-30 00:00:00-05:00,85.7155505663728,86.70533752441406,85.7155505663728,86.70533752441406,2320,0.0,0.0
1998-12-01 00:00:00-05:00,86.705322265625,89.47672526041666,86.705322265625,88.4869384765625,8280,0.0,0.0
1998-12-02 00:00:00-05:00,88.09101096105792,88.48692561706267,87.49713897705078,87.49713897705078,2580,0.0,0.0
1998-12-03 00:00:00-05:00,87.89305363305554,87.89305363305554,87.49713897705078,87.49713897705078,620,0.0,0.0
1998-12-04 00:00:00-05:00,87.49714161141571,88.28897094726562,87.49714161141571,88.28897094726562,2000,0.0,0.0
1998-12-07 00:00:00-05:00,87.89305114746094,88.6848804370777,87.69509382505674,87.89305114746094,2420,0.0,0.0
1998-12-08 00:00:00-05:00,88.28898111979166,88.28898111979166,85.517578125,85.517578125,7420,0.0,0.0
1998-12-09 00:00:00-05:00,86.30943298339844,86.70534781359751,86.1114755682989,86.30943298339844,5140,0.0,0.0
1998-12-10 00:00:00-05:00,86.70531192788393,87.10122659422129,84.72573859619708,85.31961059570312,1760,0.0,0.0
1998-12-11 00:00:00-05:00,84.96228596080434,87.34440612792969,84.96228596080434,87.34440612792969,1760,0.375,0.0
1998-12-14 00:00:00-05:00,86.94740804036458,88.33697848849826,84.36677720811632,87.54293823242188,4660,0.0,0.0
1998-12-15 00:00:00-05:00,87.93995749317196,87.93995749317196,85.9548568725586,85.9548568725586,1640,0.0,0.0
1998-12-16 00:00:00-05:00,85.35931893114773,85.35931893114773,84.16825866699219,84.16825866699219,2380,0.0,0.0
1998-12-17 00:00:00-05:00,84.56530458633213,86.94742584228516,84.56530458633213,86.94742584228516,3080,0.0,0.0
1998-12-18 00:00:00-05:00,87.34443418441279,87.74145433979649,85.75635356287802,86.15337371826172,4320,0.0,0.0
1998-12-21 00:00:00-05:00,86.94741048310932,90.91761187503212,86.74890041351318,90.52059173583984,13420,0.0,0.0
1998-12-22 00:00:00-05:00,90.12355559033952,90.71908569335938,89.92504555599956,90.71908569335938,3040,0.0,0.0
1998-12-23 00:00:00-05:00,92.30720208126044,94.68932342529297,91.91018185725501,94.68932342529297,8800,0.0,0.0
1998-12-24 00:00:00-05:00,94.6892910734136,94.6892910734136,93.29972076416016,93.29972076416016,10120,0.0,0.0
1998-12-28 00:00:00-05:00,93.69672393798828,94.88778398804746,93.69672393798828,93.69672393798828,2720,0.0,0.0
1998-12-29 00:00:00-05:00,93.69677554102385,94.09379577636719,93.29975530568053,94.09379577636719,3040,0.0,0.0
1998-12-30 00:00:00-05:00,94.49080889056827,95.68186950683594,94.49080889056827,95.68186950683594,2160,0.0,0.0
1998-12-31 00:00:00-05:00,95.88036346435545,96.87291381077736,95.08632318721794,95.88036346435547,6680,0.0,0.0
1999-01-04 00:00:00-05:00,95.28483325650232,96.4758936722086,95.28483325650232,95.88036346435547,3600,0.0,0.0
1999-01-05 00:00:00-05:00,95.2848537613011,95.4833638733038,94.68932342529297,94.68932342529297,8360,0.0,0.0
1999-01-06 00:00:00-05:00,94.29225396301787,94.49076397136106,93.69672393798828,93.69672393798828,2240,0.0,0.0
1999-01-07 00:00:00-05:00,94.09376346171541,94.09376346171541,92.70419311523438,92.70419311523438,1260,0.0,0.0
1999-01-08 00:00:00-05:00,92.70418354531994,92.70418354531994,90.12355316825536,91.31461334228516,2760,0.0,0.0
1999-01-11 00:00:00-05:00,91.31463548778433,91.31463548778433,89.72655487060547,89.72655487060547,11520,0.0,0.0
1999-01-12 00:00:00-05:00,88.93250783848393,89.72654808704182,88.13846758992604,89.52803802490234,21220,0.0,0.0
1999-01-13 00:00:00-05:00,88.73397142897808,88.73397142897808,87.74142141299399,88.53546142578125,2280,0.0,0.0
1999-01-14 00:00:00-05:00,88.53550667958717,88.73401678424992,86.7489157376224,86.94742584228516,11380,0.0,0.0
1999-01-15 00:00:00-05:00,86.7488954733084,88.13846588134766,86.7488954733084,88.13846588134766,3580,0.0,0.0
1999-01-19 00:00:00-05:00,88.13846757293287,88.93250782133767,87.54293738662928,87.74144744873047,3760,0.0,0.0
1999-01-20 00:00:00-05:00,87.93992890667552,91.7116188597835,87.74141890914352,91.1160888671875,3660,0.0,0.0
1999-01-21 00:00:00-05:00,91.51315245302045,91.51315245302045,89.32954144004165,89.9250717163086,4580,0.0,0.0
1999-01-22 00:00:00-05:00,90.52059168661795,92.90271252047631,90.52059168661795,92.30718231201172,4280,0.0,0.0
1999-01-25 00:00:00-05:00,91.91014099121095,91.91014099121095,91.3146109199936,91.91014099121094,1460,0.0,0.0
1999-01-26 00:00:00-05:00,91.91014342930006,92.10865345830503,90.91759328427523,91.31461334228516,1740,0.0,0.0
1999-01-27 00:00:00-05:00,90.5205663507635,90.5205663507635,87.34440612792969,87.34440612792969,5780,0.0,0.0
1999-01-28 00:00:00-05:00,87.34440612792969,89.72652629505505,87.34440612792969,87.34440612792969,6500,0.0,0.0
1999-01-29 00:00:00-05:00,87.34442816840277,87.34442816840277,85.75634765625,85.75634765625,34660,0.0,0.0
1999-02-01 00:00:00-05:00,84.96228790283203,85.16079792129659,84.56526786590291,84.96228790283203,840,0.0,0.0
1999-02-02 00:00:00-05:00,84.16827332592715,84.5652934831249,80.59509191114722,80.7936019897461,5960,0.0,0.0
1999-02-03 00:00:00-05:00,80.79358791855145,84.16825866699219,80.79358791855145,84.16825866699219,2800,0.0,0.0
1999-02-04 00:00:00-05:00,85.35930793976115,85.75632797669027,83.77122779204467,84.96228790283203,4820,0.0,0.0
1999-02-05 00:00:00-05:00,85.35932752821181,86.55038791232639,84.96230740017361,85.75634765625,3320,0.0,0.0
1999-02-08 00:00:00-05:00,85.35930793976115,85.75632797669027,84.56526786590291,84.96228790283203,1620,0.0,0.0
1999-02-09 00:00:00-05:00,84.56529998779297,84.96232017552909,84.3667898939249,84.56529998779297,2320,0.0,0.0
1999-02-10 00:00:00-05:00,84.5652581076724,84.96227809878823,83.57270812988281,83.57270812988281,15480,0.0,0.0
1999-02-11 00:00:00-05:00,83.57274951845268,84.56529998779297,82.9772192368485,84.56529998779297,1120,0.0,0.0
1999-02-12 00:00:00-05:00,84.56528902516781,84.56528902516781,81.38912793502067,81.78614807128906,2200,0.0,0.0
1999-02-16 00:00:00-05:00,82.58017048663403,83.1757005622588,82.38166046142578,82.38166046142578,3380,0.0,0.0
1999-02-17 00:00:00-05:00,82.18313452058239,82.38164450734708,79.99952466617077,80.59505462646484,16300,0.0,0.0
1999-02-18 00:00:00-05:00,80.19804090950356,80.39655091175482,78.6099608914936,79.0069808959961,6800,0.0,0.0
1999-02-19 00:00:00-05:00,79.20550513634315,79.40401517427885,77.41891479492188,77.41891479492188,8740,0.0,0.0
1999-02-22 00:00:00-05:00,77.81594856600849,78.60998885749837,76.02935791015625,76.02935791015625,14680,0.0,0.0
1999-02-23 00:00:00-05:00,76.22787233382937,76.62489250223473,74.63979166020792,75.03681182861328,7380,0.0,0.0
1999-02-24 00:00:00-05:00,75.03680335374494,76.6248838480041,75.03680335374494,75.23531341552734,19140,0.0,0.0
1999-02-25 00:00:00-05:00,75.83083180586496,76.22785186767578,74.63977162043253,76.22785186767578,12820,0.0,0.0
1999-02-26 00:00:00-05:00,76.62487328736265,79.80103383813415,76.62487328736265,79.60252380371094,3820,0.0,0.0
1999-03-01 00:00:00-05:00,79.80102090500107,80.19804090950356,79.0069808959961,79.0069808959961,3520,0.0,0.0
1999-03-02 00:00:00-05:00,79.00701227836706,79.80105260277274,78.60999211616421,78.80850219726562,3280,0.0,0.0
1999-03-03 00:00:00-05:00,79.0069808959961,79.80102090500107,78.6099608914936,79.0069808959961,1000,0.0,0.0
1999-03-04 00:00:00-05:00,78.60996325529075,79.20549327995204,78.21294323884989,78.41145324707031,2160,0.0,0.0
1999-03-05 00:00:00-05:00,78.80848059382464,79.40401067387873,76.62487030029297,76.62487030029297,18800,0.0,0.0
1999-03-08 00:00:00-05:00,76.22786623572335,78.21296691894531,74.83829575746799,78.21296691894531,12400,0.0,0.0
1999-03-09 00:00:00-05:00,78.21296434226325,78.21296434226325,75.03680335374494,75.23531341552734,6980,0.0,0.0
1999-03-10 00:00:00-05:00,75.43382087277983,75.83084098263656,74.04425048828125,74.04425048828125,4280,0.0,0.0
1999-03-11 00:00:00-05:00,74.13188727005668,74.72972507062165,73.33477020263672,73.33477020263672,3700,0.45,0.0
1999-03-12 00:00:00-05:00,73.33477020263672,75.12828360433163,73.33477020263672,73.33477020263672,8180,0.0,0.0
1999-03-15 00:00:00-05:00,74.13190269470215,77.32037162780762,74.13190269470215,76.52325439453125,3200,0.0,0.0
1999-03-16 00:00:00-05:00,77.32041316129722,78.51608965348224,76.92185433056889,78.1175308227539,1780,0.0,0.0
1999-03-17 00:00:00-05:00,78.11755433058376,78.91467223191624,78.11755433058376,78.51611328125,4380,0.0,0.0
1999-03-18 00:00:00-05:00,77.71894749906875,78.5160649093156,77.32038879394531,77.32038879394531,4460,0.0,0.0
1999-03-19 00:00:00-05:00,76.12470830685247,76.32398764796989,75.32759094238281,75.32759094238281,3320,0.0,0.0
1999-03-22 00:00:00-05:00,76.12474402350348,76.32402345812,73.33483193887247,73.73339080810547,7240,0.0,0.0
1999-03-23 00:00:00-05:00,73.13551961458647,73.73335764958308,72.53768157958984,72.53768157958984,5100,0.0,0.0
1999-03-24 00:00:00-05:00,72.93627202088567,73.53411031613884,72.73699258913462,73.13555145263672,4320,0.0,0.0
1999-03-25 00:00:00-05:00,72.53771315738356,73.33483088438778,72.33843372563251,73.13555145263672,4460,0.0,0.0
1999-03-26 00:00:00-05:00,72.53770484401754,73.33482247966609,72.53770484401754,72.73698425292969,3680,0.0,0.0
1999-03-29 00:00:00-05:00,72.93626366184182,73.33482247966609,72.73698425292969,72.73698425292969,3540,0.0,0.0
1999-03-30 00:00:00-05:00,72.73699258913462,73.13555145263672,72.53771315738356,73.13555145263672,3820,0.0,0.0
1999-03-31 00:00:00-05:00,73.33480050223214,76.92182878766741,73.1355211530413,76.72254943847656,9480,0.0,0.0
1999-04-01 00:00:00-05:00,77.12111896372096,77.12111896372096,74.33120768337963,74.53048706054688,4640,0.0,0.0
1999-04-05 00:00:00-04:00,74.13191831914872,76.92182922363281,74.13191831914872,76.92182922363281,2280,0.0,0.0
1999-04-06 00:00:00-04:00,76.52326017680922,76.92181882356343,75.72614288330078,75.72614288330078,660,0.0,0.0
1999-04-07 00:00:00-04:00,75.72615312171106,77.71894662491398,75.32759442107047,76.92182922363281,6960,0.0,0.0
1999-04-08 00:00:00-04:00,76.12472731321665,77.32040365845042,75.72616853147206,77.12112426757812,40980,0.0,0.0
1999-04-09 00:00:00-04:00,77.51966843515072,84.49444580078125,77.51966843515072,84.49444580078125,7580,0.0,0.0
1999-04-12 00:00:00-04:00,84.49447486514137,84.49447486514137,82.30240122477214,83.69735717773438,15520,0.0,0.0
1999-04-13 00:00:00-04:00,83.69735717773438,84.09591602143787,82.10312180292038,83.69735717773438,10000,0.0,0.0
1999-04-14 00:00:00-04:00,83.6973285243522,88.08147430419922,83.09949046346398,88.08147430419922,10300,0.0,0.0
1999-04-15 00:00:00-04:00,87.48363794232698,89.27715215982343,84.29516822233329,88.87859344482422,8920,0.0,0.0
1999-04-16 00:00:00-04:00,88.48006145232314,88.48006145232314,85.69014960472737,86.88582611083984,5640,0.0,0.0
1999-04-19 00:00:00-04:00,88.08148598459971,90.07427978515626,86.08869218404315,90.07427978515625,8080,0.0,0.0
1999-04-20 00:00:00-04:00,90.87139129638672,90.87139129638672,89.87499446199652,90.87139129638672,8360,0.0,0.0
1999-04-21 00:00:00-04:00,90.87140342167446,90.87140342167446,88.48005070005144,89.27716827392578,14160,0.0,0.0
1999-04-22 00:00:00-04:00,89.07787107234627,89.27715042597569,87.28435688968159,88.08147430419922,7820,0.0,0.0
1999-04-23 00:00:00-04:00,88.08149290859285,88.08149290859285,84.89302257706008,85.88941955566406,2760,0.0,0.0
1999-04-26 00:00:00-04:00,85.69014015994327,86.88581653426806,84.89302257706008,85.88941955566406,6040,0.0,0.0
1999-04-27 00:00:00-04:00,85.0922834247562,86.88579759530143,84.295166015625,84.295166015625,6020,0.0,0.0
1999-04-28 00:00:00-04:00,84.09586566266061,84.49442426769693,81.70451403244277,81.90379333496094,2640,0.0,0.0
1999-04-29 00:00:00-04:00,81.90381791448019,82.70093536376953,81.70453855215784,82.70093536376953,3860,0.0,0.0
1999-04-30 00:00:00-04:00,82.70093451400646,82.70093451400646,82.10309643318232,82.30237579345703,1600,0.0,0.0
1999-05-03 00:00:00-04:00,82.30236992046987,85.69011880339478,82.10309057441546,83.0994873046875,5920,0.0,0.0
1999-05-04 00:00:00-04:00,83.09952152421322,83.09952152421322,80.9074478149414,80.9074478149414,2160,0.0,0.0
1999-05-05 00:00:00-04:00,80.90743269415172,80.90743269415172,76.72256548583354,77.12112426757812,2080,0.0,0.0
1999-05-06 00:00:00-04:00,77.32040165606594,77.71896042748895,75.72616657037385,76.12472534179688,5700,0.0,0.0
1999-05-07 00:00:00-04:00,76.52325721153846,78.11749173677885,76.52325721153846,77.71893310546875,5220,0.0,0.0
1999-05-10 00:00:00-04:00,77.32037162780762,77.7189302444458,75.52685785293579,76.52325439453125,6580,0.0,0.0
1999-05-11 00:00:00-04:00,76.32399117267194,77.3203879242734,75.92543247203136,76.92182922363281,2200,0.0,0.0
1999-05-12 00:00:00-04:00,76.52327138369846,78.71534426187732,76.12471267857502,77.32038879394531,3740,0.0,0.0
1999-05-13 00:00:00-04:00,77.71894749906875,77.71894749906875,76.52327138369846,77.32038879394531,3240,0.0,0.0
1999-05-14 00:00:00-04:00,77.32038879394531,77.71894749906875,76.12471267857502,77.32038879394531,2540,0.0,0.0
1999-05-17 00:00:00-04:00,76.92181156188484,76.92181156188484,75.32757712536909,75.9254150390625,1600,0.0,0.0
1999-05-18 00:00:00-04:00,76.32403169616535,76.5233111522911,73.33483985427898,73.93267822265625,9160,0.0,0.0
1999-05-19 00:00:00-04:00,73.13550987649471,75.3275823796049,73.13550987649471,74.92902374267578,4760,0.0,0.0
1999-05-20 00:00:00-04:00,74.92904902752781,76.12472534179688,74.33121087039328,76.12472534179688,2080,0.0,0.0
1999-05-21 00:00:00-04:00,76.52329440472366,78.11752970482206,76.32401499221135,77.51969146728516,3180,0.0,0.0
1999-05-24 00:00:00-04:00,77.71893611707186,77.91821544044896,75.72614288330078,75.72614288330078,2020,0.0,0.0
1999-05-25 00:00:00-04:00,75.72616536887782,75.72616536887782,75.32760660377845,75.52688598632812,2520,0.0,0.0
1999-05-26 00:00:00-04:00,75.92544595608537,76.32400472750838,75.12832841323933,76.12472534179688,2040,0.0,0.0
1999-05-27 00:00:00-04:00,75.32760974972747,77.12112426757812,75.32760974972747,77.12112426757812,2020,0.0,0.0
1999-05-28 00:00:00-04:00,77.32037162780762,77.51965093612671,76.32397508621216,76.52325439453125,2200,0.0,0.0
1999-06-01 00:00:00-04:00,75.72613716125488,76.52325439453125,75.72613716125488,76.52325439453125,1220,0.0,0.0
1999-06-02 00:00:00-04:00,76.12469434362697,76.12469434362697,75.12829782080462,75.9254150390625,1300,0.0,0.0
1999-06-03 00:00:00-04:00,76.12472207788478,76.12472207788478,74.1319283062124,74.53048706054688,1400,0.0,0.0
1999-06-04 00:00:00-04:00,74.33122911195498,74.33122911195498,73.33483193887247,73.73339080810547,2540,0.0,0.0
1999-06-07 00:00:00-04:00,73.33477020263672,74.13188727005668,73.33477020263672,73.33477020263672,3880,0.0,0.0
1999-06-08 00:00:00-04:00,73.33483088438778,73.33483088438778,72.93627202088567,73.13555145263672,860,0.0,0.0
1999-06-09 00:00:00-04:00,72.93626403808594,73.13554344802606,72.53770521820569,72.93626403808594,540,0.0,0.0
1999-06-10 00:00:00-04:00,72.13914451704791,72.13914451704791,71.74058570756146,71.93986511230469,1020,0.0,0.0
1999-06-11 00:00:00-04:00,72.22794905673253,72.22794905673253,71.2275619506836,71.2275619506836,6540,0.45,0.0
1999-06-14 00:00:00-04:00,71.62773724520848,71.62773724520848,70.42727237517705,70.62734985351562,1000,0.0,0.0
1999-06-15 00:00:00-04:00,71.02748452947381,71.2275619506836,70.82740710826403,71.2275619506836,2600,0.0,0.0
1999-06-16 00:00:00-04:00,71.02751406877401,71.62774658203125,70.42728155551676,71.62774658203125,2420,0.0,0.0
1999-06-17 00:00:00-04:00,72.42806391495125,73.62852906271287,72.42806391495125,73.42845153808594,2200,0.0,0.0
1999-06-18 00:00:00-04:00,74.22875413947932,74.22875413947932,71.62774658203125,71.62774658203125,6160,0.0,0.0
1999-06-21 00:00:00-04:00,72.42805305856173,73.22836303710938,72.02789806928791,73.22836303710938,3040,0.0,0.0
1999-06-22 00:00:00-04:00,73.42845723442633,74.42884493516783,73.22837969427803,74.22876739501953,1980,0.0,0.0
1999-06-23 00:00:00-04:00,74.22875051029393,74.22875051029393,72.82820804783556,73.22836303710938,3880,0.0,0.0
1999-06-24 00:00:00-04:00,73.6285180263832,73.6285180263832,73.22836303710938,73.22836303710938,520,0.0,0.0
1999-06-25 00:00:00-04:00,73.22836303710938,73.42844053174629,73.22836303710938,73.22836303710938,800,0.0,0.0
1999-06-28 00:00:00-04:00,73.22836303710938,73.6285180263832,71.6277430800141,73.22836303710938,3300,0.0,0.0
1999-06-29 00:00:00-04:00,72.82819446542645,72.82819446542645,71.62772972149085,72.42803955078125,2580,0.0,0.0
1999-06-30 00:00:00-04:00,72.42805142812121,73.22836138865294,71.62774146758949,72.22797393798828,6040,0.0,0.0
1999-07-01 00:00:00-04:00,72.62812042236328,73.02827535581983,71.62773308872191,72.62812042236328,2700,0.0,0.0
1999-07-02 00:00:00-04:00,72.62813478234696,73.42844480749679,72.22797976977205,73.02828979492188,3460,0.0,0.0
1999-07-06 00:00:00-04:00,73.02829594082303,73.22837346394857,72.02790832519531,72.02790832519531,1740,0.0,0.0
1999-07-07 00:00:00-04:00,72.22797393798828,72.62812891825415,71.62774146758949,72.22797393798828,8900,0.0,0.0
1999-07-08 00:00:00-04:00,71.82782408645033,72.02790159086942,71.62774658203125,71.62774658203125,13140,0.0,0.0
1999-07-09 00:00:00-04:00,72.02788802217846,72.62812042236328,72.02788802217846,72.62812042236328,1040,0.0,0.0
1999-07-12 00:00:00-04:00,72.42804397945353,76.22951590102707,72.02788904034054,75.82936096191406,4140,0.0,0.0
1999-07-13 00:00:00-04:00,75.42919502056465,75.82934990131035,74.62888525907326,75.6292724609375,2640,0.0,0.0
1999-07-14 00:00:00-04:00,75.62930726878523,75.62930726878523,74.62891960649971,75.42922973632812,2020,0.0,0.0
1999-07-15 00:00:00-04:00,75.62931781129788,78.83055877685547,75.62931781129788,78.83055877685547,2380,0.0,0.0
1999-07-16 00:00:00-04:00,78.43037075032969,78.63044822673359,77.02982841550237,78.23029327392578,4880,0.0,0.0
1999-07-19 00:00:00-04:00,78.03021748860678,79.23068237304688,77.63006252712674,79.23068237304688,7160,0.0,0.0
1999-07-20 00:00:00-04:00,78.83052741156685,78.83052741156685,77.02983008490669,77.42998504638672,1720,0.0,0.0
1999-07-21 00:00:00-04:00,77.22991429502983,77.83014678955078,75.6292943096406,77.83014678955078,6480,0.0,0.0
1999-07-22 00:00:00-04:00,77.02979693810146,77.22987433274588,76.4295647541682,76.82971954345703,5520,0.0,0.0
1999-07-23 00:00:00-04:00,76.62965120014391,76.82972861842106,75.62926410875822,76.0294189453125,1420,0.0,0.0
1999-07-26 00:00:00-04:00,76.0294091796875,76.0294091796875,75.02902221679688,75.02902221679688,820,0.0,0.0
1999-07-27 00:00:00-04:00,74.82899664801519,75.02907417915962,74.0286865234375,74.0286865234375,1040,0.0,0.0
1999-07-28 00:00:00-04:00,74.02868355645074,74.02868355645074,72.02790832519531,72.02790832519531,1780,0.0,0.0
1999-07-29 00:00:00-04:00,71.62771679310316,72.02787163552274,71.2275619506836,71.2275619506836,4800,0.0,0.0
1999-07-30 00:00:00-04:00,72.02788802217846,72.62812042236328,72.02788802217846,72.62812042236328,1140,0.0,0.0
1999-08-02 00:00:00-04:00,72.62812042236328,73.02827535581983,72.22796548890673,72.62812042236328,980,0.0,0.0
1999-08-03 00:00:00-04:00,71.82780860966461,71.82780860966461,69.62695653527378,69.82703399658203,6980,0.0,0.0
1999-08-04 00:00:00-04:00,69.62694258100531,71.2275619506836,69.62694258100531,71.2275619506836,6780,0.0,0.0
1999-08-05 00:00:00-04:00,70.82745126577524,70.82745126577524,69.62698599008414,70.22721862792969,2580,0.0,0.0
1999-08-06 00:00:00-04:00,70.22718891919855,70.22718891919855,69.82703399658203,69.82703399658203,2120,0.0,0.0
1999-08-09 00:00:00-04:00,69.42686659639533,70.42725372314453,69.02671174569564,70.42725372314453,1860,0.0,0.0
1999-08-10 00:00:00-04:00,70.82738382090693,71.2275385317595,67.62614613408627,69.02668762207031,17800,0.0,0.0
1999-08-11 00:00:00-04:00,69.42689758300781,70.02713012695312,69.22682006835937,70.02713012695312,1760,0.0,0.0
1999-08-12 00:00:00-04:00,70.22717008919551,70.42724749685704,69.22678305088789,69.62693786621094,900,0.0,0.0
1999-08-13 00:00:00-04:00,68.82666152016411,71.62774658203125,68.82666152016411,71.62774658203125,1420,0.0,0.0
1999-08-16 00:00:00-04:00,71.6277538164435,73.42845153808594,71.6277538164435,73.42845153808594,2580,0.0,0.0
1999-08-17 00:00:00-04:00,73.02826346931877,73.4284183376438,72.02787629850619,72.82818603515625,1400,0.0,0.0
1999-08-18 00:00:00-04:00,72.42802647794231,72.42802647794231,71.2275619506836,71.2275619506836,820,0.0,0.0
1999-08-19 00:00:00-04:00,71.22756656185612,72.82818603515625,71.22756656185612,72.82818603515625,920,0.0,0.0
1999-08-20 00:00:00-04:00,72.82818603515625,72.82818603515625,72.42803116683122,72.82818603515625,1640,0.0,0.0
1999-08-23 00:00:00-04:00,72.82819788909156,72.82819788909156,72.42804295563501,72.62812042236328,1340,0.0,0.0
1999-08-24 00:00:00-04:00,72.42805142812121,72.42805142812121,71.0275089971907,72.22797393798828,2940,0.0,0.0
1999-08-25 00:00:00-04:00,71.42767088292008,71.42767088292008,70.42728333554025,70.82743835449219,3600,0.0,0.0
1999-08-26 00:00:00-04:00,70.62733114849438,70.82740857384422,70.42725372314453,70.42725372314453,2160,0.0,0.0
1999-08-27 00:00:00-04:00,70.4272607129491,70.4272607129491,66.82586669921875,66.82586669921875,7800,0.0,0.0
1999-08-30 00:00:00-04:00,66.82586669921875,67.22602158963323,66.42571180880427,66.82586669921875,3400,0.0,0.0
1999-08-31 00:00:00-04:00,66.62580621892756,66.62580621892756,65.225263745857,66.02557373046875,4400,0.0,0.0
1999-09-01 00:00:00-04:00,66.02555427666518,66.4257091510692,65.2252445278571,66.22563171386719,2000,0.0,0.0
1999-09-02 00:00:00-04:00,66.42567443847656,66.42567443847656,65.82544244053852,66.42567443847656,2380,0.0,0.0
1999-09-03 00:00:00-04:00,65.62543753900471,67.62621307373047,65.62543753900471,67.62621307373047,6700,0.0,0.0
1999-09-07 00:00:00-04:00,67.42609480672807,67.62617223938899,66.82586250874533,67.02593994140625,1920,0.0,0.0
1999-09-08 00:00:00-04:00,67.22605796678532,67.62621307373047,66.62582530636759,67.62621307373047,4060,0.0,0.0
1999-09-09 00:00:00-04:00,67.62618595449622,67.82626342773438,67.22603100801992,67.82626342773438,4980,0.0,0.0
1999-09-10 00:00:00-04:00,67.42610931396484,67.62618678967394,67.22603183825575,67.42610931396484,4120,0.0,0.0
1999-09-13 00:00:00-04:00,67.11264038085938,67.11264038085938,67.11264038085938,67.11264038085938,1920,0.45,0.0
1999-09-14 00:00:00-04:00,67.11264038085938,67.51451247894836,67.11264038085938,67.11264038085938,900,0.0,0.0
1999-09-15 00:00:00-04:00,67.51451179162781,67.51451179162781,66.91170365063113,67.3135757446289,3800,0.0,0.0
1999-09-16 00:00:00-04:00,67.5145034790039,67.9163755235218,67.31356745674498,67.5145034790039,2500,0.0,0.0
1999-09-17 00:00:00-04:00,67.11264106819222,67.11264106819222,66.50983291488511,66.91170501708984,2780,0.0,0.0
1999-09-20 00:00:00-04:00,66.50983291488511,66.91170501708984,66.30889686378273,66.91170501708984,1940,0.0,0.0
1999-09-21 00:00:00-04:00,66.5098233677092,68.31824756803967,66.5098233677092,67.5145034790039,3320,0.0,0.0
1999-09-22 00:00:00-04:00,67.51447525943618,67.51447525943618,66.50979556807552,66.71073150634766,6600,0.0,0.0
1999-09-23 00:00:00-04:00,66.50983223372592,67.71544852799285,66.50983223372592,67.11264038085938,3680,0.0,0.0
1999-09-24 00:00:00-04:00,67.11266483061495,69.7248344198305,67.11266483061495,68.72015380859375,4820,0.0,0.0
1999-09-27 00:00:00-04:00,68.51922844429694,69.32297305947931,67.91641998291016,67.91641998291016,4320,0.0,0.0
1999-09-28 00:00:00-04:00,68.31828006478243,69.12202453613281,68.31828006478243,69.12202453613281,1640,0.0,0.0
1999-09-29 00:00:00-04:00,68.72009088906897,69.72477058042962,66.71073150634766,66.71073150634766,24800,0.0,0.0
1999-09-30 00:00:00-04:00,67.3135814183875,67.3135814183875,63.49579620361328,63.49579620361328,44500,0.0,0.0
1999-10-01 00:00:00-04:00,63.89765534577546,65.9070155767747,63.89765534577546,65.103271484375,12740,0.0,0.0
1999-10-04 00:00:00-04:00,64.90234037724936,65.90702056884766,64.90234037724936,65.90702056884766,1900,0.0,0.0
1999-10-05 00:00:00-04:00,66.10796356201172,66.10796356201172,65.70609144309371,66.10796356201172,2760,0.0,0.0
1999-10-06 00:00:00-04:00,65.70608736863777,67.3135757446289,65.70608736863777,67.3135757446289,3020,0.0,0.0
1999-10-07 00:00:00-04:00,67.11266086590035,67.11266086590035,65.10329976213087,65.70610809326172,2860,0.0,0.0
1999-10-08 00:00:00-04:00,65.7060971126378,66.50984141982605,64.50048065185547,64.50048065185547,3440,0.0,0.0
1999-10-11 00:00:00-04:00,64.50048065185547,64.70141672865252,64.50048065185547,64.50048065185547,1800,0.0,0.0
1999-10-12 00:00:00-04:00,64.50048976407903,64.50048976407903,64.09861755371094,64.09861755371094,2020,0.0,0.0
1999-10-13 00:00:00-04:00,63.49580923815879,64.29955365889498,63.29487313297475,64.09861755371094,8120,0.0,0.0
1999-10-14 00:00:00-04:00,63.69674698949225,66.30891642439256,63.69674698949225,65.70610809326172,6840,0.0,0.0
1999-10-15 00:00:00-04:00,66.10792369153125,66.71073150634766,65.70605181498699,66.71073150634766,4180,0.0,0.0
1999-10-18 00:00:00-04:00,66.50983291488511,66.91170501708984,65.70608871047561,66.91170501708984,1340,0.0,0.0
1999-10-19 00:00:00-04:00,66.9117145482396,68.51920318603516,66.9117145482396,68.51920318603516,3260,0.0,0.0
1999-10-20 00:00:00-04:00,68.51918396963511,69.72480010986328,68.51918396963511,69.72480010986328,980,0.0,0.0
1999-10-21 00:00:00-04:00,69.52384245499321,69.72477841584579,69.12197053328805,69.32290649414062,700,0.0,0.0
1999-10-22 00:00:00-04:00,69.32292111347176,69.52385711669922,68.7201131037894,69.52385711669922,1780,0.0,0.0
1999-10-25 00:00:00-04:00,69.52391413066462,70.52859497070312,69.52391413066462,70.52859497070312,440,0.0,0.0
1999-10-26 00:00:00-04:00,70.32763671875,71.33231724330356,69.92576450892857,70.32763671875,2820,0.0,0.0
1999-10-27 00:00:00-04:00,70.52854091470891,71.332284970717,70.52854091470891,70.72947692871094,1780,0.0,0.0
1999-10-28 00:00:00-04:00,70.93042347092482,72.13603973388672,70.93042347092482,72.13603973388672,660,0.0,0.0
1999-10-29 00:00:00-04:00,72.93980780660107,73.34168002592119,71.93512725830078,71.93512725830078,1840,0.0,0.0
1999-11-01 00:00:00-05:00,72.33697577771369,72.33697577771369,71.53323160240576,72.13603973388672,2020,0.0,0.0
1999-11-02 00:00:00-05:00,72.13602902672508,72.13602902672508,70.72947692871094,70.72947692871094,2560,0.0,0.0
1999-11-03 00:00:00-05:00,70.72947983514695,70.72947983514695,67.5145034790039,67.5145034790039,2320,0.0,0.0
1999-11-04 00:00:00-05:00,67.11263969763002,67.3135757446289,66.30889550963445,67.3135757446289,1640,0.0,0.0
1999-11-05 00:00:00-05:00,65.90701530093239,67.5145034790039,65.90701530093239,67.5145034790039,2980,0.0,0.0
1999-11-08 00:00:00-05:00,67.91636909087958,69.92572912315413,67.91636909087958,69.52385711669922,1640,0.0,0.0
1999-11-09 00:00:00-05:00,69.72477841584579,69.72477841584579,69.12197053328805,69.32290649414062,880,0.0,0.0
1999-11-10 00:00:00-05:00,69.12202605308845,69.12202605308845,68.31828156409905,68.72015380859375,3280,0.0,0.0
1999-11-11 00:00:00-05:00,68.31821901252471,68.31821901252471,66.71073150634766,66.71073150634766,4720,0.0,0.0
1999-11-12 00:00:00-05:00,66.71080306013661,67.91641998291016,66.71080306013661,67.91641998291016,2980,0.0,0.0
1999-11-15 00:00:00-05:00,67.51452278741293,68.51920318603516,67.51452278741293,68.51920318603516,2260,0.0,0.0
1999-11-16 00:00:00-05:00,68.92104784647624,69.92572784423828,68.72011184692383,69.92572784423828,2700,0.0,0.0
1999-11-17 00:00:00-05:00,69.72480010986328,69.92573613323465,69.32292806312056,69.72480010986328,600,0.0,0.0
1999-11-18 00:00:00-05:00,69.72483365250746,69.72483365250746,68.92108917236328,68.92108917236328,2000,0.0,0.0
1999-11-19 00:00:00-05:00,68.92106482225978,68.92106482225978,66.7107682827704,67.11264038085938,2320,0.0,0.0
1999-11-22 00:00:00-05:00,67.11264243125916,67.11264243125916,64.2995376586914,64.2995376586914,2340,0.0,0.0
1999-11-23 00:00:00-05:00,65.10329009621007,65.10329009621007,63.09392929077149,63.093929290771484,4120,0.0,0.0
1999-11-24 00:00:00-05:00,63.09391125337577,65.50514353057484,63.09391125337577,65.103271484375,4500,0.0,0.0
1999-11-26 00:00:00-05:00,65.30420750747493,65.70607955367477,65.103271484375,65.103271484375,820,0.0,0.0
1999-11-29 00:00:00-05:00,65.10328888224664,65.10328888224664,63.89767242146429,64.50048065185547,2540,0.0,0.0
1999-11-30 00:00:00-05:00,64.2995273919753,65.103271484375,63.89765534577546,65.103271484375,6840,0.0,0.0
1999-12-01 00:00:00-05:00,64.90235137939453,64.90235137939453,64.29954316224845,64.90235137939453,840,0.0,0.0
1999-12-02 00:00:00-05:00,64.90235280544958,64.90235280544958,63.49580026787018,64.50048065185547,5580,0.0,0.0
1999-12-03 00:00:00-05:00,64.70140800115063,64.70140800115063,62.692047504220476,63.69672775268555,6320,0.0,0.0
1999-12-06 00:00:00-05:00,63.49579620361328,63.69673226754877,62.69205194787134,63.49579620361328,4420,0.0,0.0
1999-12-07 00:00:00-05:00,63.294864654541016,63.89767288934617,63.09392857627263,63.294864654541016,2320,0.0,0.0
1999-12-08 00:00:00-05:00,62.692047877341324,64.70140838623047,62.692047877341324,64.70140838623047,5840,0.0,0.0
1999-12-09 00:00:00-05:00,63.89765563377968,64.09859165778528,62.692039489746094,62.692039489746094,16900,0.0,0.0
1999-12-10 00:00:00-05:00,62.692074594773665,62.692074594773665,61.888330048686825,62.49113845825195,15520,0.0,0.0
1999-12-13 00:00:00-05:00,62.37804660314246,63.791141510009766,62.37804660314246,63.791141510009766,3280,0.45,0.0
1999-12-14 00:00:00-05:00,63.38743126278831,63.589302062988274,62.983689662388386,63.58930206298828,8640,0.0,0.0
1999-12-15 00:00:00-05:00,63.38739793352946,64.3967514038086,63.38739793352946,64.3967514038086,9320,0.0,0.0
1999-12-16 00:00:00-05:00,64.19491245435631,65.00239562988281,64.19491245435631,65.00239562988281,10540,0.0,0.0
1999-12-17 00:00:00-05:00,64.5986557006836,65.00239729881287,64.5986557006836,64.5986557006836,5460,0.0,0.0
1999-12-20 00:00:00-05:00,64.59865106600468,65.40613420432973,64.19490949684214,64.80052185058594,6200,0.0,0.0
1999-12-21 00:00:00-05:00,64.5986557006836,65.2042680978775,64.5986557006836,64.5986557006836,3460,0.0,0.0
1999-12-22 00:00:00-05:00,64.3967514038086,64.59862209786442,63.993010015696946,64.3967514038086,3960,0.0,0.0
1999-12-23 00:00:00-05:00,64.39678490161896,65.40613889694214,64.39678490161896,64.5986557006836,9560,0.0,0.0
1999-12-27 00:00:00-05:00,63.791156993192786,68.63605499267578,63.38741549323587,68.63605499267578,18120,0.0,0.0
1999-12-28 00:00:00-05:00,67.82861927892431,69.84732818603516,65.80991037181347,69.84732818603516,7600,0.0,0.0
1999-12-29 00:00:00-05:00,69.44355943467882,69.64543024698894,67.82859293619792,69.0398178100586,6440,0.0,0.0
1999-12-30 00:00:00-05:00,68.83793241168381,68.83793241168381,65.4061293295764,66.0117416381836,8740,0.0,0.0
1999-12-31 00:00:00-05:00,66.41547540871494,67.02108764648438,66.2136046627918,67.02108764648438,2520,0.0,0.0
2000-01-03 00:00:00-05:00,67.82857856400517,67.82857856400517,65.60800009911213,66.0117416381836,2660,0.0,0.0
2000-01-04 00:00:00-05:00,65.80987248347355,66.21361403245191,65.4061309344952,65.60800170898438,5480,0.0,0.0
2000-01-05 00:00:00-05:00,65.20423889160156,65.40610960024429,65.20423889160156,65.20423889160156,17420,0.0,0.0
2000-01-06 00:00:00-05:00,65.20425856004069,66.0117416381836,65.20425856004069,66.0117416381836,920,0.0,0.0
2000-01-07 00:00:00-05:00,66.0117416381836,66.0117416381836,66.0117416381836,66.0117416381836,1400,0.0,0.0
2000-01-10 00:00:00-05:00,65.80987880540931,66.21362039317255,64.39678324823794,65.00239562988281,4420,0.0,0.0
2000-01-11 00:00:00-05:00,64.5986351229791,65.00237659249771,63.58928144918255,63.99302291870117,2100,0.0,0.0
2000-01-12 00:00:00-05:00,63.58926879035102,65.4061050415039,62.78178601206085,65.4061050415039,2520,0.0,0.0
2000-01-13 00:00:00-05:00,64.59865078604294,66.01174627198763,64.59865078604294,65.80987548828125,6440,0.0,0.0
2000-01-14 00:00:00-05:00,65.80988049507141,66.01175129413605,64.19491410255432,64.5986557006836,3740,0.0,0.0
2000-01-18 00:00:00-05:00,64.59865738011005,64.59865738011005,64.19491577148438,64.19491577148438,2320,0.0,0.0
2000-01-19 00:00:00-05:00,63.387432554232994,64.39678657579721,63.387432554232994,64.19491577148438,3080,0.0,0.0
2000-01-20 00:00:00-05:00,64.39678490161896,65.00239729881287,64.19491410255432,64.5986557006836,4280,0.0,0.0
2000-01-21 00:00:00-05:00,64.19491008010324,64.80052243934949,62.78181457519531,62.78181457519531,6740,0.0,0.0
2000-01-24 00:00:00-05:00,63.58930024233731,63.58930024233731,62.17620468139648,62.176204681396484,4220,0.0,0.0
2000-01-25 00:00:00-05:00,61.7724598622162,62.176201429943106,60.157493591308594,60.157493591308594,10160,0.0,0.0
2000-01-26 00:00:00-05:00,60.56123270940939,60.96497426080545,60.56123270940939,60.76310348510742,5740,0.0,0.0
2000-01-27 00:00:00-05:00,60.56122970581055,61.368712768554694,60.56122970581055,60.56122970581055,5760,0.0,0.0
2000-01-28 00:00:00-05:00,60.5612351590355,61.16684751062585,59.75375202358169,60.157493591308594,4460,0.0,0.0
2000-01-31 00:00:00-05:00,60.15748464650121,60.15748464650121,58.542518615722656,58.542518615722656,9240,0.0,0.0
2000-02-01 00:00:00-05:00,58.54251252280341,58.54251252280341,57.93690032429165,58.138771057128906,2060,0.0,0.0
2000-02-02 00:00:00-05:00,56.52381950700787,57.331302642822266,56.120077939100675,57.331302642822266,10400,0.0,0.0
2000-02-03 00:00:00-05:00,56.92756107491507,57.331302642822266,56.32194872305427,57.331302642822266,9440,0.0,0.0
2000-02-04 00:00:00-05:00,58.13876953125,60.157476806640624,58.13876953125,59.55186462402344,5300,0.0,0.0
2000-02-07 00:00:00-05:00,59.14814460440858,59.35001540510622,57.93691980022274,58.94627380371094,4520,0.0,0.0
2000-02-08 00:00:00-05:00,59.34999545415242,59.34999545415242,57.33128812577989,58.138771057128906,4260,0.0,0.0
2000-02-09 00:00:00-05:00,57.73504421072947,58.13878577863667,56.72569029096147,57.331302642822266,3300,0.0,0.0
2000-02-10 00:00:00-05:00,57.33128812577989,58.138771057128906,57.33128812577989,58.138771057128906,8320,0.0,0.0
2000-02-11 00:00:00-05:00,57.735060768260354,57.93693161010742,57.735060768260354,57.93693161010742,3960,0.0,0.0
2000-02-14 00:00:00-05:00,58.13873291015625,58.13873291015625,56.52376810709636,56.92750930786133,2420,0.0,0.0
2000-02-15 00:00:00-05:00,56.52381950700787,57.73504421072947,55.71633637119347,57.331302642822266,4600,0.0,0.0
2000-02-16 00:00:00-05:00,57.33129802503084,57.936910328112155,57.33129802503084,57.53316879272461,4440,0.0,0.0
2000-02-17 00:00:00-05:00,57.12942725733707,57.53316879272461,57.12942725733707,57.53316879272461,2620,0.0,0.0
2000-02-18 00:00:00-05:00,57.53316272695157,57.53316272695157,56.92755048772051,57.12942123413086,2260,0.0,0.0
2000-02-22 00:00:00-05:00,56.72569696454034,56.92756777224333,54.90885969521342,55.71634292602539,4040,0.0,0.0
2000-02-23 00:00:00-05:00,55.716341626513135,56.52382483849159,55.1107292175293,55.1107292175293,46540,0.0,0.0
2000-02-24 00:00:00-05:00,55.11072240156286,55.716334735645965,54.908851623535156,54.908851623535156,13800,0.0,0.0
2000-02-25 00:00:00-05:00,54.9088609483507,55.312602572970924,53.89950688680013,54.50511932373047,4060,0.0,0.0
2000-02-28 00:00:00-05:00,54.30323410034179,54.505104859079125,54.10136334160446,54.3032341003418,2400,0.0,0.0
2000-02-29 00:00:00-05:00,53.89949773339664,54.908851623535156,53.69762695536894,54.908851623535156,15020,0.0,0.0
2000-03-01 00:00:00-05:00,54.90884804892373,57.73503875732422,54.90884804892373,57.73503875732422,5420,0.0,0.0
2000-03-02 00:00:00-05:00,56.92753846587607,58.340633392333984,56.92753846587607,58.340633392333984,10120,0.0,0.0
2000-03-03 00:00:00-05:00,57.936909522209966,58.34065105198147,57.73503875732422,57.73503875732422,4520,0.0,0.0
2000-03-06 00:00:00-05:00,56.927577400872096,57.93693161010742,56.927577400872096,57.93693161010742,2780,0.0,0.0
2000-03-07 00:00:00-05:00,57.634056409200035,57.73499170939128,56.72563870747884,56.92750930786133,11100,0.0,0.0
2000-03-08 00:00:00-05:00,56.92756993135959,56.92756993135959,56.12008666992187,56.120086669921875,3980,0.0,0.0
2000-03-09 00:00:00-05:00,55.716335841587615,56.52381896972656,55.716335841587615,56.52381896972656,3760,0.0,0.0
2000-03-10 00:00:00-05:00,56.12008454143137,56.52382615683735,55.514472118322395,55.71634292602539,7860,0.0,0.0
2000-03-13 00:00:00-05:00,55.261215559398856,55.667548026747376,53.22955322265625,53.22955322265625,2400,0.55,0.0
2000-03-14 00:00:00-05:00,53.229577382405594,56.07390594482422,53.229577382405594,56.07390594482422,5480,0.0,0.0
2000-03-15 00:00:00-05:00,56.07388747365851,56.07388747365851,53.43272610714561,54.0422248840332,3920,0.0,0.0
2000-03-16 00:00:00-05:00,54.0422585027681,56.68342151230188,52.82326019067558,56.480255126953125,8920,0.0,0.0
2000-03-17 00:00:00-05:00,55.667565057927916,56.07389764959162,55.667565057927916,55.870731353759766,3040,0.0,0.0
2000-03-20 00:00:00-05:00,55.46442413330078,55.66759052206745,55.26125774453411,55.46442413330078,900,0.0,0.0
2000-03-21 00:00:00-05:00,55.26124064127604,56.07390594482422,54.85490798950195,56.07390594482422,4720,0.0,0.0
2000-03-22 00:00:00-05:00,56.073923299600786,56.073923299600786,54.85492496700077,55.46442413330078,3140,0.0,0.0
2000-03-23 00:00:00-05:00,55.87075691083412,56.48025607713413,55.46442413330078,55.46442413330078,2040,0.0,0.0
2000-03-24 00:00:00-05:00,55.87075597090687,56.480255126953125,55.87075597090687,56.480255126953125,820,0.0,0.0
2000-03-27 00:00:00-05:00,57.29290709037373,57.699239764773544,57.08974075317383,57.08974075317383,3420,0.0,0.0
2000-03-28 00:00:00-05:00,56.68342151230188,57.69925343904564,56.27708874160437,56.480255126953125,3040,0.0,0.0
2000-03-29 00:00:00-05:00,56.88658789765063,56.88658789765063,55.66758958555812,56.480255126953125,1620,0.0,0.0
2000-03-30 00:00:00-05:00,55.667573293050125,56.480238596598305,55.667573293050125,56.07390594482422,2320,0.0,0.0
2000-03-31 00:00:00-05:00,56.48018970895321,57.29285430908204,54.854860508695566,57.29285430908203,3980,0.0,0.0
2000-04-03 00:00:00-04:00,57.69926234654017,58.30876159667969,57.49609592982701,58.30876159667969,3740,0.0,0.0
2000-04-04 00:00:00-04:00,58.51190447126116,58.51190447126116,56.886573791503906,56.886573791503906,3880,0.0,0.0
2000-04-05 00:00:00-04:00,57.292902646364865,58.105567932128906,57.292902646364865,58.105567932128906,720,0.0,0.0
2000-04-06 00:00:00-04:00,57.292895304013605,59.32455825805664,57.292895304013605,59.32455825805664,3040,0.0,0.0
2000-04-07 00:00:00-04:00,59.52772455346094,59.73089084886524,58.71505937184373,59.32455825805664,3060,0.0,0.0
2000-04-10 00:00:00-04:00,59.527718278015556,59.93405082598836,59.32455200402915,59.73088455200195,520,0.0,0.0
2000-04-11 00:00:00-04:00,59.93405714426955,59.93405714426955,59.32455825805664,59.32455825805664,1000,0.0,0.0
2000-04-12 00:00:00-04:00,59.32455825805664,60.54355603048246,59.32455825805664,59.32455825805664,1860,0.0,0.0
2000-04-13 00:00:00-04:00,59.32455623851103,59.32455623851103,58.511891084558826,58.715057373046875,4120,0.0,0.0
2000-04-14 00:00:00-04:00,58.51188690808355,59.73088455200195,58.30872063409715,59.73088455200195,1520,0.0,0.0
2000-04-17 00:00:00-04:00,59.730897883778994,59.730897883778994,58.10556732911834,59.12139892578125,4120,0.0,0.0
2000-04-18 00:00:00-04:00,59.12139892578124,59.12139892578124,58.71506628711608,59.12139892578125,1520,0.0,0.0
2000-04-19 00:00:00-04:00,58.715058043907426,59.730889497954266,58.715058043907426,58.9182243347168,2480,0.0,0.0
2000-04-20 00:00:00-04:00,59.1213854153951,59.1213854153951,58.51188659667969,58.51188659667969,2240,0.0,0.0
2000-04-24 00:00:00-04:00,58.51189607319079,58.51189607319079,57.292898238332654,57.90239715576172,2580,0.0,0.0
2000-04-25 00:00:00-04:00,57.08973193252296,57.90239715576172,56.68339932090358,57.90239715576172,12980,0.0,0.0
2000-04-26 00:00:00-04:00,57.69923782348633,57.90240415385072,57.69923782348633,57.69923782348633,1600,0.0,0.0
2000-04-27 00:00:00-04:00,56.88658731508771,56.88658731508771,56.07392178201503,56.2770881652832,4680,0.0,0.0
2000-04-28 00:00:00-04:00,55.87072540930219,57.496055603027344,55.87072540930219,57.496055603027344,1820,0.0,0.0
2000-05-01 00:00:00-04:00,57.08972268634372,58.51188659667969,57.08972268634372,58.51188659667969,2280,0.0,0.0
2000-05-02 00:00:00-04:00,58.10557048421511,58.3087368145795,57.69923782348633,57.69923782348633,1600,0.0,0.0
2000-05-03 00:00:00-04:00,56.886573791503906,57.496072796412875,56.886573791503906,56.886573791503906,940,0.0,0.0
2000-05-04 00:00:00-04:00,56.48018970895321,57.29285430908204,56.48018970895321,57.29285430908203,560,0.0,0.0
2000-05-05 00:00:00-04:00,57.902401610687896,58.71506689645194,57.699235289246886,58.105567932128906,2580,0.0,0.0
2000-05-08 00:00:00-04:00,58.511903144943886,58.918235805672666,57.292905162757556,57.69923782348633,1940,0.0,0.0
2000-05-09 00:00:00-04:00,57.69923782348633,57.69923782348633,57.08973883239317,57.69923782348633,560,0.0,0.0
2000-05-10 00:00:00-04:00,57.49608802096748,57.49608802096748,55.26125774453411,55.46442413330078,1460,0.0,0.0
2000-05-11 00:00:00-04:00,55.87074149894031,56.683406829833984,55.87074149894031,56.683406829833984,1660,0.0,0.0
2000-05-12 00:00:00-04:00,57.29290709037373,57.29290709037373,57.08974075317383,57.08974075317383,880,0.0,0.0
2000-05-15 00:00:00-04:00,56.88658789765063,56.88658789765063,55.87075597090687,56.480255126953125,1340,0.0,0.0
2000-05-16 00:00:00-04:00,56.886573791503906,57.496072796412875,56.07390845162528,56.886573791503906,2620,0.0,0.0
2000-05-17 00:00:00-04:00,57.08968815904983,57.29285430908204,56.886522009017625,57.29285430908203,1080,0.0,0.0
2000-05-18 00:00:00-04:00,56.480241121564596,57.699239131382534,56.480241121564596,56.886573791503906,2820,0.0,0.0
2000-05-19 00:00:00-04:00,56.68340492248535,56.68340492248535,55.26124064127604,56.07390594482422,4200,0.0,0.0
2000-05-22 00:00:00-04:00,56.4802476939033,56.4802476939033,54.448584107791675,55.26124954223633,1960,0.0,0.0
2000-05-23 00:00:00-04:00,55.261233621857706,55.261233621857706,54.85490102169699,55.058067321777344,680,0.0,0.0
2000-05-24 00:00:00-04:00,54.24540901184082,56.07390594482422,54.24540901184082,56.07390594482422,2320,0.0,0.0
2000-05-25 00:00:00-04:00,56.07390783166373,56.683406829833984,56.07390783166373,56.683406829833984,1020,0.0,0.0
2000-05-26 00:00:00-04:00,56.683396537087184,56.683396537087184,55.46439876209606,55.870731353759766,1200,0.0,0.0
2000-05-30 00:00:00-04:00,55.66757451984245,57.69923782348633,55.66757451984245,57.69923782348633,6180,0.0,0.0
2000-05-31 00:00:00-04:00,58.511891753098055,58.9182243347168,58.10555917147932,58.9182243347168,3540,0.0,0.0
2000-06-01 00:00:00-04:00,58.511891753098055,58.9182243347168,58.511891753098055,58.9182243347168,620,0.0,0.0
2000-06-02 00:00:00-04:00,58.91823260644866,59.324565245113824,58.91823260644866,59.12139892578125,1080,0.0,0.0
2000-06-05 00:00:00-04:00,58.715057373046875,59.12138995002298,58.715057373046875,58.715057373046875,1100,0.0,0.0
2000-06-06 00:00:00-04:00,58.71507145077308,59.121404125172894,57.08974075317383,57.08974075317383,1120,0.0,0.0
2000-06-07 00:00:00-04:00,57.292898238332654,57.90239715576172,57.292898238332654,57.90239715576172,3300,0.0,0.0
2000-06-08 00:00:00-04:00,58.51190057501093,58.51190057501093,58.105567932128906,58.105567932128906,740,0.0,0.0
2000-06-09 00:00:00-04:00,58.105595179966514,58.30876159667969,57.29292951311384,58.30876159667969,1000,0.0,0.0
2000-06-12 00:00:00-04:00,57.90239288066996,58.9182243347168,57.69922658986059,58.9182243347168,4580,0.0,0.0
2000-06-13 00:00:00-04:00,58.46037945682055,59.68682098388671,58.46037945682055,59.68682098388672,4020,0.55,0.0
2000-06-14 00:00:00-04:00,59.68680585618691,59.68680585618691,59.277992117445905,59.482398986816406,360,0.0,0.0
2000-06-15 00:00:00-04:00,59.073589765108544,59.68681042010967,58.460369110107415,58.46036911010742,7960,0.0,0.0
2000-06-16 00:00:00-04:00,58.664775995107796,58.86918288010817,58.460369110107415,58.46036911010742,6940,0.0,0.0
2000-06-19 00:00:00-04:00,58.46036463996389,59.482398986816406,58.46036463996389,59.482398986816406,1080,0.0,0.0
2000-06-20 00:00:00-04:00,59.482398986816406,59.482398986816406,59.482398986816406,59.482398986816406,640,0.0,0.0
2000-06-21 00:00:00-04:00,59.482398986816406,59.891212725557416,59.482398986816406,59.482398986816406,2680,0.0,0.0
2000-06-22 00:00:00-04:00,59.89121312565274,59.89121312565274,58.869178771972656,58.869178771972656,7120,0.0,0.0
2000-06-23 00:00:00-04:00,58.66477190123664,58.869178771972656,58.66477190123664,58.869178771972656,1180,0.0,0.0
2000-06-26 00:00:00-04:00,58.8691783787049,59.482398986816406,58.66477150933439,59.482398986816406,1120,0.0,0.0
2000-06-27 00:00:00-04:00,59.68682098388671,61.32207635330827,59.278007141531326,59.68682098388672,4300,0.0,0.0
2000-06-28 00:00:00-04:00,59.89119294484456,61.32204055786133,59.89119294484456,61.32204055786133,6560,0.0,0.0
2000-06-29 00:00:00-04:00,60.913265614896204,61.322079478083424,60.50445175170898,60.504451751708984,5420,0.0,0.0
2000-06-30 00:00:00-04:00,61.322048456981925,61.322048456981925,59.68679383146241,60.70882797241211,9680,0.0,0.0
2000-07-03 00:00:00-04:00,60.91322708129883,61.32204068587131,60.504413476726356,60.91322708129883,1120,0.0,0.0
2000-07-05 00:00:00-04:00,60.91322708129883,60.91322708129883,60.504413476726356,60.91322708129883,4400,0.0,0.0
2000-07-06 00:00:00-04:00,60.504442976646295,61.9352912902832,60.504442976646295,61.9352912902832,500,0.0,0.0
2000-07-07 00:00:00-04:00,61.93528393970375,62.13969081739254,61.322063306637375,61.52647018432617,2840,0.0,0.0
2000-07-10 00:00:00-04:00,62.54848149958873,62.54848149958873,60.91322708129883,60.91322708129883,5720,0.0,0.0
2000-07-11 00:00:00-04:00,61.322063306637375,61.52647018432617,61.117656428948585,61.52647018432617,960,0.0,0.0
2000-07-12 00:00:00-04:00,61.52648487843965,62.34411258446543,61.117671025426766,62.139705657958984,2580,0.0,0.0
2000-07-13 00:00:00-04:00,61.32205150166496,62.344085693359375,61.32205150166496,62.344085693359375,4000,0.0,0.0
2000-07-14 00:00:00-04:00,62.34409769508134,62.34409769508134,61.52647018432617,61.52647018432617,1880,0.0,0.0
2000-07-17 00:00:00-04:00,61.117672546489814,61.322079478083424,60.50445175170898,60.504451751708984,1820,0.0,0.0
2000-07-18 00:00:00-04:00,60.91322708129883,60.91322708129883,60.70882027901259,60.91322708129883,940,0.0,0.0
2000-07-19 00:00:00-04:00,60.708858683302594,60.708858683302594,60.50445175170898,60.504451751708984,880,0.0,0.0
2000-07-20 00:00:00-04:00,60.91322695414225,61.32204055786133,60.91322695414225,61.32204055786133,180,0.0,0.0
2000-07-21 00:00:00-04:00,61.526447488157544,61.935261092730016,60.91322708129883,60.91322708129883,960,0.0,0.0
2000-07-24 00:00:00-04:00,60.91323128657943,60.91323128657943,59.891197204589844,59.891197204589844,1900,0.0,0.0
2000-07-25 00:00:00-04:00,59.89121502756283,62.13969067706178,59.89121502756283,61.73087692260742,5540,0.0,0.0
2000-07-26 00:00:00-04:00,61.7308541615804,62.34407456715902,61.32204055786133,61.32204055786133,4400,0.0,0.0
2000-07-27 00:00:00-04:00,61.32207124129586,61.730885049571164,61.11766433715821,61.1176643371582,4700,0.0,0.0
2000-07-28 00:00:00-04:00,61.11766433715821,61.93529195370882,60.913257433020554,61.1176643371582,620,0.0,0.0
2000-07-31 00:00:00-04:00,60.70884555481156,62.75291442871094,59.89121800525181,62.75291442871094,3360,0.0,0.0
2000-08-01 00:00:00-04:00,62.75291442871094,62.95732131610088,61.93528687915119,62.75291442871094,5080,0.0,0.0
2000-08-02 00:00:00-04:00,62.13971244514763,62.957340240478516,62.13971244514763,62.957340240478516,960,0.0,0.0
2000-08-03 00:00:00-04:00,62.54848136901855,62.752888170878094,61.32204055786133,61.32204055786133,2600,0.0,0.0
2000-08-04 00:00:00-04:00,61.32207058443881,62.13969819223133,60.913256780542554,61.9352912902832,1140,0.0,0.0
2000-08-07 00:00:00-04:00,61.52648487843965,62.139705657958984,61.117671025426766,62.139705657958984,1120,0.0,0.0
2000-08-08 00:00:00-04:00,61.32204055786133,61.7308541615804,61.32204055786133,61.32204055786133,1400,0.0,0.0
2000-08-09 00:00:00-04:00,60.913265614896204,61.322079478083424,60.50445175170898,60.504451751708984,1420,0.0,0.0
2000-08-10 00:00:00-04:00,60.50441399936018,60.50441399936018,59.27797317504882,59.27797317504883,920,0.0,0.0
2000-08-11 00:00:00-04:00,59.27797317504882,59.686786783152606,58.86915956694504,59.27797317504883,2120,0.0,0.0
2000-08-14 00:00:00-04:00,59.277980175082526,60.7088279724121,59.277980175082526,60.70882797241211,560,0.0,0.0
2000-08-15 00:00:00-04:00,60.504413476726356,60.91322708129883,60.504413476726356,60.91322708129883,2180,0.0,0.0
2000-08-16 00:00:00-04:00,60.504435659244365,61.73087692260742,60.504435659244365,61.73087692260742,1980,0.0,0.0
2000-08-17 00:00:00-04:00,61.32207058443881,62.13969819223133,61.11766368249069,61.9352912902832,1120,0.0,0.0
2000-08-18 00:00:00-04:00,61.9352912902832,61.9352912902832,61.526477486386945,61.9352912902832,700,0.0,0.0
2000-08-21 00:00:00-04:00,61.32204055786133,61.7308541615804,61.32204055786133,61.32204055786133,1320,0.0,0.0
2000-08-22 00:00:00-04:00,61.32206316815307,61.73087692260742,61.32206316815307,61.73087692260742,1020,0.0,0.0
2000-08-23 00:00:00-04:00,61.322063306637375,61.52647018432617,61.322063306637375,61.52647018432617,1180,0.0,0.0
2000-08-24 00:00:00-04:00,61.32204055786133,61.32204055786133,61.32204055786133,61.32204055786133,1540,0.0,0.0
2000-08-25 00:00:00-04:00,61.52648487843965,62.139705657958984,61.52648487843965,62.139705657958984,3900,0.0,0.0
2000-08-28 00:00:00-04:00,61.93529873145254,62.139705657958984,61.93529873145254,62.139705657958984,6080,0.0,0.0
2000-08-29 00:00:00-04:00,62.344070188460805,63.366104125976555,62.344070188460805,63.36610412597656,3760,0.0,0.0
2000-08-30 00:00:00-04:00,63.36615413814396,63.36615413814396,62.54852634281307,62.957340240478516,9000,0.0,0.0
2000-08-31 00:00:00-04:00,62.75290243442242,63.77493667602538,62.75290243442242,63.77493667602539,10480,0.0,0.0
2000-09-01 00:00:00-04:00,63.77494061338174,63.77494061338174,63.16172003056076,63.570533752441406,800,0.0,0.0
2000-09-05 00:00:00-04:00,63.1617402904912,63.1617402904912,62.139705657958984,62.139705657958984,1780,0.0,0.0
2000-09-06 00:00:00-04:00,62.13971244514763,62.957340240478516,62.13971244514763,62.957340240478516,1500,0.0,0.0
2000-09-07 00:00:00-04:00,62.95730928274301,63.77493667602538,62.95730928274301,63.77493667602539,5520,0.0,0.0
2000-09-08 00:00:00-04:00,63.366104125976555,63.57051091347971,62.344070188460805,63.36610412597656,5340,0.0,0.0
2000-09-11 00:00:00-04:00,63.366134791698265,63.5705416781231,62.9573210188486,63.16172790527344,1900,0.0,0.0
2000-09-12 00:00:00-04:00,62.95732131610088,62.95732131610088,62.548507541321,62.75291442871094,10140,0.0,0.0
2000-09-13 00:00:00-04:00,62.497989692561255,62.497989692561255,61.88123321533203,61.88123321533203,620,0.55,0.0
2000-09-14 00:00:00-04:00,61.88124073179144,62.49799728393555,60.85331314488461,62.49799728393555,44060,0.0,0.0
2000-09-15 00:00:00-04:00,62.086795994492824,62.909137663294054,62.086795994492824,62.70355224609375,3240,0.0,0.0
2000-09-18 00:00:00-04:00,62.49798199988359,62.49798199988359,62.08681106567383,62.08681106567383,500,0.0,0.0
2000-09-19 00:00:00-04:00,62.086791839599606,62.29237724304199,61.675621032714844,61.675621032714844,340,0.0,0.0
2000-09-20 00:00:00-04:00,62.086814880371094,63.114742279052734,61.67564392089844,63.114742279052734,3160,0.0,0.0
2000-09-21 00:00:00-04:00,63.11472308049436,63.11472308049436,62.086795994492824,62.70355224609375,3940,0.0,0.0
2000-09-22 00:00:00-04:00,62.70356051323953,66.40409851074219,62.08680418032242,66.40409851074219,5000,0.0,0.0
2000-09-25 00:00:00-04:00,66.19853157528563,71.13258361816406,65.37618956813922,71.13258361816406,9120,0.0,0.0
2000-09-26 00:00:00-04:00,71.132579905343,71.132579905343,69.28231048583984,69.28231048583984,5060,0.0,0.0
2000-09-27 00:00:00-04:00,69.48789960387126,73.18843863603007,69.48789960387126,71.13258361816406,3820,0.0,0.0
2000-09-28 00:00:00-04:00,71.33814642646095,72.36607360839844,71.33814642646095,72.36607360839844,10620,0.0,0.0
2000-09-29 00:00:00-04:00,72.366078564578,80.58949658328005,72.366078564578,80.3839111328125,10340,0.0,0.0
2000-10-02 00:00:00-04:00,80.3839184221783,80.3839184221783,73.80518341064453,73.80518341064453,6420,0.0,0.0
2000-10-03 00:00:00-04:00,74.01076135556559,75.24427404482502,74.01076135556559,74.62751770019531,3640,0.0,0.0
2000-10-04 00:00:00-04:00,74.62751349756273,74.62751349756273,72.36607369460629,72.7772445678711,1280,0.0,0.0
2000-10-05 00:00:00-04:00,72.36607776988636,74.83310314840521,72.16049232167646,74.62751770019531,3620,0.0,0.0
2000-10-06 00:00:00-04:00,74.01075753059176,74.42192840576172,73.5995866554218,74.42192840576172,2700,0.0,0.0
2000-10-09 00:00:00-04:00,75.24428958400955,75.24428958400955,71.74933624267578,71.74933624267578,3000,0.0,0.0
2000-10-10 00:00:00-04:00,71.33814642646095,72.36607360839844,70.31021924452348,72.36607360839844,5920,0.0,0.0
2000-10-11 00:00:00-04:00,72.36606984773371,72.77724069914129,72.36606984773371,72.5716552734375,1260,0.0,0.0
2000-10-12 00:00:00-04:00,73.39399291992189,73.39399291992189,71.74930960518974,71.95489501953125,5680,0.0,0.0
2000-10-13 00:00:00-04:00,72.36608510591736,73.39401245117188,71.95491416781556,73.39401245117188,1820,0.0,0.0
2000-10-16 00:00:00-04:00,73.80517233972964,75.65544128417969,73.80517233972964,75.65544128417969,2240,0.0,0.0
2000-10-17 00:00:00-04:00,75.65545261073179,75.65545261073179,73.39401245117188,73.39401245117188,1380,0.0,0.0
2000-10-18 00:00:00-04:00,73.39400079033591,73.39400079033591,72.36607360839844,72.36607360839844,1540,0.0,0.0
2000-10-19 00:00:00-04:00,72.57167818335726,72.57167818335726,70.92699425852197,72.16050720214844,4920,0.0,0.0
2000-10-20 00:00:00-04:00,72.16050720214844,72.16050720214844,72.16050720214844,72.16050720214844,280,0.0,0.0
2000-10-23 00:00:00-04:00,71.95491790771484,72.16050338745117,69.07672119140625,70.31023406982422,4780,0.0,0.0
2000-10-24 00:00:00-04:00,70.31024161101766,71.95492562531047,70.31024161101766,71.13258361816406,680,0.0,0.0
2000-10-25 00:00:00-04:00,71.1325911598644,71.74934773061467,71.1325911598644,71.54376220703125,1120,0.0,0.0
2000-10-26 00:00:00-04:00,71.95492173334247,71.95492173334247,71.13257977067569,71.74933624267578,520,0.0,0.0
2000-10-27 00:00:00-04:00,71.5437507303352,72.16050720214844,71.5437507303352,72.16050720214844,1540,0.0,0.0
2000-10-30 00:00:00-05:00,71.95490298990431,73.5995864868164,71.95490298990431,73.5995864868164,2880,0.0,0.0
2000-10-31 00:00:00-05:00,74.01078393089024,75.44988250732422,74.01078393089024,75.44988250732422,3000,0.0,0.0
2000-11-01 00:00:00-05:00,75.03870010375977,75.03870010375977,73.59960174560547,74.01077270507812,840,0.0,0.0
2000-11-02 00:00:00-05:00,73.5995783342634,73.5995783342634,71.13255336216518,71.95489501953125,3840,0.0,0.0
2000-11-03 00:00:00-05:00,72.3660813235165,73.18842315673828,72.3660813235165,73.18842315673828,860,0.0,0.0
2000-11-06 00:00:00-05:00,73.18841155054886,73.18841155054886,72.5716552734375,72.5716552734375,300,0.0,0.0
2000-11-07 00:00:00-05:00,72.57167059598194,73.80518341064453,72.36608512687151,73.80518341064453,520,0.0,0.0
2000-11-08 00:00:00-05:00,73.39400121783683,74.42192840576172,72.36607402991194,74.42192840576172,1920,0.0,0.0
2000-11-09 00:00:00-05:00,74.42195495272853,75.44988250732422,74.42195495272853,75.44988250732422,1820,0.0,0.0
2000-11-10 00:00:00-05:00,75.2442855834961,75.2442855834961,74.01077270507812,74.01077270507812,2680,0.0,0.0
2000-11-13 00:00:00-05:00,74.01075753059176,74.42192840576172,72.88003762387439,74.42192840576172,1840,0.0,0.0
2000-11-14 00:00:00-05:00,74.01076887975496,74.01076887975496,73.5995979415341,73.80518341064453,580,0.0,0.0
2000-11-15 00:00:00-05:00,72.98286087211522,72.98286087211522,71.1325911598644,71.54376220703125,1840,0.0,0.0
2000-11-16 00:00:00-05:00,70.72138921898531,70.72138921898531,68.25436401367188,68.25436401367188,9300,0.0,0.0
2000-11-17 00:00:00-05:00,68.87113571166992,69.4878921508789,68.87113571166992,69.07672119140625,1800,0.0,0.0
2000-11-20 00:00:00-05:00,69.07673273859797,69.07673273859797,67.43204862577421,68.45997619628906,4040,0.0,0.0
2000-11-21 00:00:00-05:00,68.04877460329004,68.04877460329004,67.43201833800342,67.63760375976562,1680,0.0,0.0
2000-11-22 00:00:00-05:00,67.63761522697679,68.25437159682765,67.63761522697679,67.84320068359375,980,0.0,0.0
2000-11-24 00:00:00-05:00,67.84320068359375,67.84320068359375,67.84320068359375,67.84320068359375,540,0.0,0.0
2000-11-27 00:00:00-05:00,67.84320831298828,69.07672119140625,67.84320831298828,69.07672119140625,1500,0.0,0.0
2000-11-28 00:00:00-05:00,69.07671731908516,69.07671731908516,67.43203357339266,68.04878997802734,760,0.0,0.0
2000-11-29 00:00:00-05:00,68.0487711101235,68.66552734375,68.0487711101235,68.66552734375,380,0.0,0.0
2000-11-30 00:00:00-05:00,68.66552734375,69.899039811003,68.66552734375,68.66552734375,4040,0.0,0.0
2000-12-01 00:00:00-05:00,68.66552734375,69.07669816616766,67.432014876497,68.66552734375,3160,0.0,0.0
2000-12-04 00:00:00-05:00,68.66553488122412,68.66553488122412,68.25436401367188,68.25436401367188,3740,0.0,0.0
2000-12-05 00:00:00-05:00,68.66553895663371,70.31022252445727,68.66553895663371,69.69346618652344,4180,0.0,0.0
2000-12-06 00:00:00-05:00,70.10464466014297,70.5158155965661,68.04878997802734,68.04878997802734,1000,0.0,0.0
2000-12-07 00:00:00-05:00,68.45994971912994,69.48787689208984,68.45994971912994,69.48787689208984,1160,0.0,0.0
2000-12-08 00:00:00-05:00,69.69348510565786,71.13258361816406,69.69348510565786,71.13258361816406,920,0.0,0.0
2000-12-11 00:00:00-05:00,71.95491416781556,73.39401245117188,71.95491416781556,73.39401245117188,2360,0.0,0.0
2000-12-12 00:00:00-05:00,73.59958631440071,74.42192806093033,72.7772445678711,72.7772445678711,4300,0.0,0.0
2000-12-13 00:00:00-05:00,72.72766352634804,73.76072692871094,72.31443816540288,73.76072692871094,2080,0.55,0.0
2000-12-14 00:00:00-05:00,73.55411634848151,73.55411634848151,73.14089097573724,73.34750366210938,1080,0.0,0.0
2000-12-15 00:00:00-05:00,73.14087046747622,73.76070835279381,71.07474418308423,71.28135681152344,6600,0.0,0.0
2000-12-18 00:00:00-05:00,69.62847431054276,73.55411529541016,69.62847431054276,73.55411529541016,4180,0.0,0.0
2000-12-19 00:00:00-05:00,73.55411114162868,74.38056182861328,72.93427312639024,74.38056182861328,4180,0.0,0.0
2000-12-20 00:00:00-05:00,74.38055633455949,74.38055633455949,70.8681411743164,70.8681411743164,2780,0.0,0.0
2000-12-21 00:00:00-05:00,70.8681640625,72.93429129464286,70.24832589285715,72.314453125,1460,0.0,0.0
2000-12-22 00:00:00-05:00,71.90121178653654,74.38056391710676,71.69459910898901,73.96733856201172,1600,0.0,0.0
2000-12-26 00:00:00-05:00,73.96734363357456,73.96734363357456,71.07476594958003,71.48799133300781,2980,0.0,0.0
2000-12-27 00:00:00-05:00,72.31443384860425,77.68636322021484,72.31443384860425,77.68636322021484,5980,0.0,0.0
2000-12-28 00:00:00-05:00,77.68635857965528,80.16571044921875,75.41361936588876,80.16571044921875,4200,0.0,0.0
2000-12-29 00:00:00-05:00,80.5789305671813,81.61199377958107,78.09957885742188,78.09957885742188,5560,0.0,0.0
2001-01-02 00:00:00-05:00,78.51281032767348,78.92603564518754,76.65329639886015,76.85990905761719,1700,0.0,0.0
2001-01-03 00:00:00-05:00,76.85991191864014,79.33926391601562,76.65329925219218,79.33926391601562,3220,0.0,0.0
2001-01-04 00:00:00-05:00,79.33926391601562,80.16571458180745,78.30620058377583,79.33926391601562,2220,0.0,0.0
2001-01-05 00:00:00-05:00,78.51280087330302,78.51280087330302,75.41361136514632,75.62022399902344,3240,0.0,0.0
2001-01-08 00:00:00-05:00,75.00040670063184,76.24008284444395,75.00040670063184,76.0334701538086,800,0.0,0.0
2001-01-09 00:00:00-05:00,76.4466807047526,78.30619455973307,76.4466807047526,77.47974395751953,1780,0.0,0.0
2001-01-10 00:00:00-05:00,77.06651564502212,79.3392547123016,77.06651564502212,78.09957885742188,3360,0.0,0.0
2001-01-11 00:00:00-05:00,78.92608887184667,81.1988296508789,78.71947607375283,81.1988296508789,2800,0.0,0.0
2001-01-12 00:00:00-05:00,80.99216807972302,81.81861877441406,80.57894273237748,81.81861877441406,840,0.0,0.0
2001-01-16 00:00:00-05:00,81.81863733240075,84.09137725830078,81.81863733240075,84.09137725830078,5360,0.0,0.0
2001-01-17 00:00:00-05:00,84.09137725830078,86.3641171842008,84.09137725830078,84.09137725830078,3500,0.0,0.0
2001-01-18 00:00:00-05:00,84.29795793386606,86.36408435381375,84.29795793386606,85.95085906982422,3240,0.0,0.0
2001-01-19 00:00:00-05:00,85.33105360021914,86.15750448254572,85.33105360021914,85.53766632080078,4720,0.0,0.0
2001-01-22 00:00:00-05:00,85.33102416992188,85.74424946856557,81.81860913145051,85.33102416992188,7880,0.0,0.0
2001-01-23 00:00:00-05:00,85.33102974029909,85.74425506591797,84.50457908906132,85.74425506591797,1540,0.0,0.0
2001-01-24 00:00:00-05:00,85.53768383877949,85.53768383877949,84.71123278719708,85.12445831298828,1060,0.0,0.0
2001-01-25 00:00:00-05:00,84.71120324465308,84.91781593549369,83.47152709960938,83.47152709960938,1300,0.0,0.0
2001-01-26 00:00:00-05:00,83.47154790357241,83.47154790357241,81.61203322255224,82.43848419189453,1220,0.0,0.0
2001-01-29 00:00:00-05:00,81.91778834471778,82.41365872810681,81.65332313139275,82.31448364257812,4720,0.0,0.0
2001-01-30 00:00:00-05:00,82.44673223500118,82.61202239990234,81.81863162607894,82.61202239990234,1800,0.0,0.0
2001-01-31 00:00:00-05:00,82.64509710182706,83.47154807284534,82.64509710182706,82.97567749023438,1540,0.0,0.0
2001-02-01 00:00:00-05:00,82.9756566415919,83.47152709960938,82.31449603090192,83.47152709960938,600,0.0,0.0
2001-02-02 00:00:00-05:00,82.64505836546935,84.26489949173093,82.64505836546935,84.099609375,2720,0.0,0.0
2001-02-05 00:00:00-05:00,83.47152709960938,84.29797786297185,83.47152709960938,83.47152709960938,5040,0.0,0.0
2001-02-06 00:00:00-05:00,83.30623992228158,83.30623992228158,82.01697870309125,82.57896423339844,2160,0.0,0.0
2001-02-07 00:00:00-05:00,82.41365179617587,85.05828857421875,82.41365179617587,85.05828857421875,2420,0.0,0.0
2001-02-08 00:00:00-05:00,84.39716466273812,84.62856989970646,84.13269937295037,84.4632797241211,6760,0.0,0.0
2001-02-09 00:00:00-05:00,84.62856119088922,84.62856119088922,82.57896423339844,82.57896423339844,1100,0.0,0.0
2001-02-12 00:00:00-05:00,82.24838518853858,83.3062412109375,82.24838518853858,82.64508056640625,3660,0.0,0.0
2001-02-13 00:00:00-05:00,82.64509127541439,82.81038145796522,81.4880599975586,81.4880599975586,2660,0.0,0.0
2001-02-14 00:00:00-05:00,81.48805303226116,81.6533432006836,80.00044151645923,81.6533432006836,4420,0.0,0.0
2001-02-15 00:00:00-05:00,81.4880287666631,82.97563983948251,81.32273864746094,81.32273864746094,5840,0.0,0.0
2001-02-16 00:00:00-05:00,82.14916744773446,82.14916744773446,81.32271707099669,81.38883209228516,1900,0.0,0.0
2001-02-20 00:00:00-05:00,81.15748789724992,81.32277809663333,79.93434143066406,79.93434143066406,1240,0.0,0.0
2001-02-21 00:00:00-05:00,79.50457678900825,79.66986696944278,77.35580444335938,77.35580444335938,3320,0.0,0.0
2001-02-22 00:00:00-05:00,77.35578697375962,77.35578697375962,72.72766296678255,74.5127944946289,6900,0.0,0.0
2001-02-23 00:00:00-05:00,74.51279057207171,75.86817169189453,74.44667552716062,75.86817169189453,1600,0.0,0.0
2001-02-26 00:00:00-05:00,76.69461162150407,78.67809295654297,76.69461162150407,78.67809295654297,1720,0.0,0.0
2001-02-27 00:00:00-05:00,78.94255814339893,79.00867317904945,78.34751273403648,78.67809295654297,1560,0.0,0.0
2001-02-28 00:00:00-05:00,78.67809774107853,78.67809774107853,77.52106689194501,78.01693725585938,2440,0.0,0.0
2001-03-01 00:00:00-05:00,77.68636322021484,77.68636322021484,77.19049281668156,77.68636322021484,2140,0.0,0.0
2001-03-02 00:00:00-05:00,77.68635969264534,77.75247473459672,75.53758804157216,76.85990905761719,3380,0.0,0.0
2001-03-05 00:00:00-05:00,76.85990258267051,77.32271288159576,74.71113111261735,75.3722915649414,4420,0.0,0.0
2001-03-06 00:00:00-05:00,75.86818000130032,76.0334701538086,75.86818000130032,76.0334701538086,880,0.0,0.0
2001-03-07 00:00:00-05:00,76.03348235757244,77.19051361083984,76.03348235757244,77.19051361083984,900,0.0,0.0
2001-03-08 00:00:00-05:00,77.19048872432526,77.19048872432526,76.85990847282923,76.9590835571289,1500,0.0,0.0
2001-03-09 00:00:00-05:00,76.95910009327135,77.02521514892578,76.03347418134305,77.02521514892578,4160,0.0,0.0
2001-03-12 00:00:00-05:00,77.02519763836008,77.02519763836008,76.03345689623526,76.26486206054688,1940,0.0,0.0
2001-03-13 00:00:00-05:00,76.29810878335053,77.26222229003906,76.29810878335053,77.26222229003906,1380,0.65,0.0
2001-03-14 00:00:00-05:00,76.46433743563566,77.12924471768467,76.2981106151234,76.79679107666016,1620,0.0,0.0
2001-03-15 00:00:00-05:00,74.1371879066409,75.79945669378533,73.93771362304688,73.93771362304688,3860,0.0,0.0
2001-03-16 00:00:00-05:00,74.76881685140692,74.76881685140692,71.97620848215878,72.80734252929688,4180,0.0,0.0
2001-03-19 00:00:00-05:00,72.47488991752004,74.40312194824219,72.47488991752004,74.40312194824219,2660,0.0,0.0
2001-03-20 00:00:00-05:00,74.53611215366922,74.63584926971131,73.00682830810547,73.00682830810547,1200,0.0,0.0
2001-03-21 00:00:00-05:00,72.30867041481865,72.74086118359021,71.80998992919922,71.80998992919922,2480,0.0,0.0
2001-03-22 00:00:00-05:00,70.97885311811399,70.97885311811399,64.82846069335938,64.82846069335938,5080,0.0,0.0
2001-03-23 00:00:00-05:00,65.12767685225302,69.48282228795495,65.12767685225302,68.15300750732422,8020,0.0,0.0
2001-03-26 00:00:00-05:00,68.15298360670913,70.71287514712502,68.15298360670913,70.147705078125,5920,0.0,0.0
2001-03-27 00:00:00-05:00,69.81526461514561,77.12924471768467,68.98413051258434,76.79679107666016,11340,0.0,0.0
2001-03-28 00:00:00-05:00,76.46434256646532,76.46434256646532,74.03742980957031,74.03742980957031,4680,0.0,0.0
2001-03-29 00:00:00-05:00,74.46962260584678,77.29547882080078,74.46962260584678,77.29547882080078,11840,0.0,0.0
2001-03-30 00:00:00-05:00,78.1266043821357,86.1054916381836,77.29547029296404,86.1054916381836,17240,0.0,0.0
2001-04-02 00:00:00-04:00,85.44060148203887,85.44060148203887,80.95247650146484,80.95247650146484,5660,0.0,0.0
2001-04-03 00:00:00-04:00,80.62002609379559,81.45116038342235,79.78889180416883,80.12134552001953,3060,0.0,0.0
2001-04-04 00:00:00-04:00,80.35407237961891,81.4511707967558,77.6279525756836,77.6279525756836,5400,0.0,0.0
2001-04-05 00:00:00-04:00,77.7941593769168,80.45378875732422,77.7941593769168,80.45378875732422,10380,0.0,0.0
2001-04-06 00:00:00-04:00,80.28756351820563,81.61737823486328,80.28756351820563,81.61737823486328,1340,0.0,0.0
2001-04-09 00:00:00-04:00,81.6173834664481,81.98308456610623,81.1187029157366,81.45115661621094,740,0.0,0.0
2001-04-10 00:00:00-04:00,82.28230470645882,83.11343909743314,82.28230470645882,82.94721221923828,3880,0.0,0.0
2001-04-11 00:00:00-04:00,82.61473604940599,83.11341654869818,82.1160555501138,82.4485092163086,1680,0.0,0.0
2001-04-12 00:00:00-04:00,82.44852311954571,82.81422424316406,82.44852311954571,82.81422424316406,240,0.0,0.0
2001-04-16 00:00:00-04:00,82.78096530231191,83.08017158149732,82.61473846435547,82.61473846435547,560,0.0,0.0
2001-04-17 00:00:00-04:00,82.78096530231191,82.78096530231191,82.28228478844257,82.61473846435547,340,0.0,0.0
2001-04-18 00:00:00-04:00,82.78099704924084,84.60949296799917,82.78099704924084,83.77835845947266,8020,0.0,0.0
2001-04-19 00:00:00-04:00,83.81157453112286,84.77568817138672,83.77832713407629,84.77568817138672,3840,0.0,0.0
2001-04-20 00:00:00-04:00,84.74244580125186,84.74244580125186,83.0801773071289,83.0801773071289,1280,0.0,0.0
2001-04-23 00:00:00-04:00,83.08018354787932,83.11343094939558,80.45380115901492,80.7862548828125,1560,0.0,0.0
2001-04-24 00:00:00-04:00,81.45116132848402,81.45116132848402,79.12398529052734,79.12398529052734,4640,0.0,0.0
2001-04-25 00:00:00-04:00,79.45642930573108,84.77568817138672,79.45642930573108,84.77568817138672,7500,0.0,0.0
2001-04-26 00:00:00-04:00,85.27437027833449,86.43795817686926,85.24112288066866,85.93927764892578,5520,0.0,0.0
2001-04-27 00:00:00-04:00,85.93928333007337,86.40471649111919,85.10814906189084,85.27437591552734,1560,0.0,0.0
2001-04-30 00:00:00-04:00,85.60684731034453,85.93930108630703,85.44062042236328,85.44062042236328,1480,0.0,0.0
2001-05-01 00:00:00-04:00,85.6068276781542,85.7730545280147,84.77569342885174,85.73980712890625,980,0.0,0.0
2001-05-02 00:00:00-04:00,85.24112129299536,85.27436869004194,84.11078081317977,84.77568817138672,2980,0.0,0.0
2001-05-03 00:00:00-04:00,84.77569320027067,84.77569320027067,82.94719785673541,83.0801773071289,1420,0.0,0.0
2001-05-04 00:00:00-04:00,82.78098010253906,83.11343383789062,82.38203663468546,83.11343383789062,1280,0.0,0.0
2001-05-07 00:00:00-04:00,82.94718728113656,82.98043467591638,82.28227996826172,82.28227996826172,940,0.0,0.0
2001-05-08 00:00:00-04:00,82.44853024366427,82.44853024366427,81.78362274169922,81.78362274169922,400,0.0,0.0
2001-05-09 00:00:00-04:00,81.7835925517638,81.7835925517638,81.1186852952454,81.284912109375,520,0.0,0.0
2001-05-10 00:00:00-04:00,81.78361605420525,81.78361605420525,80.7862548828125,80.7862548828125,1740,0.0,0.0
2001-05-11 00:00:00-04:00,80.78628242992964,81.11873626708984,80.28760167418933,81.11873626708984,520,0.0,0.0
2001-05-14 00:00:00-04:00,81.1187166217875,81.45117037843417,81.1187166217875,81.41792297363281,400,0.0,0.0
2001-05-15 00:00:00-04:00,81.38468105965335,81.41792339178369,77.12927193815244,77.6279525756836,5800,0.0,0.0
2001-05-16 00:00:00-04:00,77.79413902991276,77.96036582271172,76.39783498496934,76.96300506591797,9820,0.0,0.0
2001-05-17 00:00:00-04:00,76.96304170964127,78.4590835571289,76.96304170964127,78.4590835571289,8160,0.0,0.0
2001-05-18 00:00:00-04:00,78.42583045000386,79.2902121503814,78.42583045000386,79.12398529052734,1460,0.0,0.0
2001-05-21 00:00:00-04:00,79.78887754498106,82.28227996826172,79.78887754498106,82.28227996826172,2240,0.0,0.0
2001-05-22 00:00:00-04:00,82.647997332451,84.04430195052122,81.94984248699528,83.94456481933594,5900,0.0,0.0
2001-05-23 00:00:00-04:00,83.94455676942358,84.60946414977546,83.77832992433562,84.4432373046875,2800,0.0,0.0
2001-05-24 00:00:00-04:00,84.277011309012,84.277011309012,83.11342338166864,83.44587707519531,1960,0.0,0.0
2001-05-25 00:00:00-04:00,83.1134214350383,83.94455564938869,83.08017403732802,83.34613800048828,2200,0.0,0.0
2001-05-29 00:00:00-04:00,83.11342556618567,83.41263186908758,80.95247650146484,80.95247650146484,1880,0.0,0.0
2001-05-30 00:00:00-04:00,81.11870860661008,81.25168806699261,80.7862548828125,80.7862548828125,1040,0.0,0.0
2001-05-31 00:00:00-04:00,80.95246721903483,82.61473553975424,79.78887939453125,79.78887939453125,2560,0.0,0.0
2001-06-01 00:00:00-04:00,79.95511496407646,81.6838731919748,79.95511496407646,81.45115661621094,2140,0.0,0.0
2001-06-04 00:00:00-04:00,81.11868978029321,82.11605072021484,80.75298873985258,82.11605072021484,860,0.0,0.0
2001-06-05 00:00:00-04:00,82.44850525017722,88.76512460402144,82.44850525017722,87.93399047851562,15540,0.0,0.0
2001-06-06 00:00:00-04:00,87.93400557430174,87.93400557430174,86.40471649169922,86.40471649169922,1680,0.0,0.0
2001-06-07 00:00:00-04:00,86.10547815392825,86.40468435003791,85.44057098671644,85.64004516601562,1160,0.0,0.0
2001-06-08 00:00:00-04:00,85.93929180611649,89.26382920673996,85.60683806605414,88.0669937133789,6280,0.0,0.0
2001-06-11 00:00:00-04:00,88.26647238297895,89.56304000466568,87.43533799142548,87.76779174804688,2340,0.0,0.0
2001-06-12 00:00:00-04:00,87.60153682831329,87.93399047851561,86.80365009696375,87.93399047851562,1560,0.0,0.0
2001-06-13 00:00:00-04:00,88.20126624474159,88.20126624474159,86.86488342285156,86.86488342285156,1540,0.65,0.0
2001-06-14 00:00:00-04:00,86.16326655728415,86.76464484797884,85.36143903214803,86.1966781616211,1240,0.0,0.0
2001-06-15 00:00:00-04:00,86.16329498505321,86.53080236243073,85.36146719537085,86.49739074707031,3540,0.0,0.0
2001-06-18 00:00:00-04:00,86.49738746646847,87.03194270458036,86.02965545654297,86.02965545654297,1040,0.0,0.0
2001-06-19 00:00:00-04:00,86.46397706092579,87.03194392106965,86.46397706092579,86.7980728149414,660,0.0,0.0
2001-06-20 00:00:00-04:00,86.86489024060839,87.66671795751702,86.19669877721908,86.3637466430664,4260,0.0,0.0
2001-06-21 00:00:00-04:00,86.3971456460621,87.8671646118164,85.1943991483391,87.8671646118164,4880,0.0,0.0
2001-06-22 00:00:00-04:00,87.70012896759647,87.70012896759647,85.69555459119427,85.9962387084961,4560,0.0,0.0
2001-06-25 00:00:00-04:00,86.19669835617945,88.20127273655571,85.86260262611674,87.66671752929688,3060,0.0,0.0
2001-06-26 00:00:00-04:00,87.66670866874111,89.20355091085801,86.83146942800273,88.43513488769531,8500,0.0,0.0
2001-06-27 00:00:00-04:00,88.86946248275149,90.03879751541928,88.70241462094181,89.73811340332031,4100,0.0,0.0
2001-06-28 00:00:00-04:00,90.07221621209233,90.17244085874495,89.20356522319473,89.37061309814453,2540,0.0,0.0
2001-06-29 00:00:00-04:00,89.70468480169171,90.17241668701172,89.53763697152097,90.17241668701172,16600,0.0,0.0
2001-07-02 00:00:00-04:00,90.20583300320607,90.20583300320607,88.53535461425781,88.53535461425781,3460,0.0,0.0
2001-07-03 00:00:00-04:00,88.56881015319468,89.20359021670113,88.36835060793052,89.06995391845703,1080,0.0,0.0
2001-07-05 00:00:00-04:00,89.20354823669548,90.0721990601811,88.3683090209961,88.3683090209961,1120,0.0,0.0
2001-07-06 00:00:00-04:00,88.20126831098813,88.20126831098813,86.53078974449214,86.56420135498047,3020,0.0,0.0
2001-07-09 00:00:00-04:00,86.36371226190015,87.70009465666844,86.36371226190015,86.96508026123047,1580,0.0,0.0
2001-07-10 00:00:00-04:00,87.19895641951452,87.53305203798008,86.53076518258337,86.99849700927734,5820,0.0,0.0
2001-07-11 00:00:00-04:00,86.86490401196616,87.36604768895828,86.53080822730476,87.03195190429688,1280,0.0,0.0
2001-07-12 00:00:00-04:00,87.4996651740538,89.53765106201173,87.4996651740538,89.53765106201172,7560,0.0,0.0
2001-07-13 00:00:00-04:00,89.70470735624238,90.2058509727577,89.70470735624238,90.03880310058594,520,0.0,0.0
2001-07-16 00:00:00-04:00,90.20585632324219,90.53995208740234,90.0388084411621,90.20585632324219,6740,0.0,0.0
2001-07-17 00:00:00-04:00,90.23928088960866,90.5399650813471,90.23928088960866,90.37291717529297,3860,0.0,0.0
2001-07-18 00:00:00-04:00,90.20583439235905,90.37288223382637,87.8671646118164,87.8671646118164,2580,0.0,0.0
2001-07-19 00:00:00-04:00,88.33489516842583,88.53535461425781,88.33489516842583,88.53535461425781,2380,0.0,0.0
2001-07-20 00:00:00-04:00,89.20356903076171,90.20585632324219,89.20356903076171,90.20585632324219,3800,0.0,0.0
2001-07-23 00:00:00-04:00,90.17241529090263,94.38202258518764,89.9719558586433,93.54678344726562,6660,0.0,0.0
2001-07-24 00:00:00-04:00,93.88092111233061,95.98572060343504,93.58023692728638,94.38206481933594,11120,0.0,0.0
2001-07-25 00:00:00-04:00,94.41546934494419,94.74956512451172,93.91432567559288,94.74956512451172,2500,0.0,0.0
2001-07-26 00:00:00-04:00,94.7495515041423,97.55595360992689,94.38204416028886,97.32208251953125,8780,0.0,0.0
2001-07-27 00:00:00-04:00,97.05482556068733,98.22416080840647,96.55368188309343,97.55596923828125,5140,0.0,0.0
2001-07-30 00:00:00-04:00,97.7229903225763,98.55822955610259,97.42230623766511,98.2575454711914,2740,0.0,0.0
2001-07-31 00:00:00-04:00,97.89006428546216,98.49143261572412,96.88777693782944,97.05482482910156,7900,0.0,0.0
2001-08-01 00:00:00-04:00,97.22184678246052,98.55822955610259,96.55365539563948,98.2575454711914,6240,0.0,0.0
2001-08-02 00:00:00-04:00,98.75870535345008,99.89462885985503,97.89005436768403,98.89234161376953,7080,0.0,0.0
2001-08-03 00:00:00-04:00,98.55822082313679,99.3934599826549,98.22412515932955,99.05936431884766,4540,0.0,0.0
2001-08-06 00:00:00-04:00,99.15957893148048,99.72754558094402,96.55363709511835,97.82319641113281,7180,0.0,0.0
2001-08-07 00:00:00-04:00,97.72300332168052,97.72300332168052,95.55138102564318,96.88776397705078,2160,0.0,0.0
2001-08-08 00:00:00-04:00,96.82092938541159,96.9545758214979,95.21727411029174,96.18614959716797,5540,0.0,0.0
2001-08-09 00:00:00-04:00,95.95232128759503,96.186182238525,95.38435432885997,95.885498046875,4080,0.0,0.0
2001-08-10 00:00:00-04:00,95.88545855353861,96.88774557674633,95.28409041793032,96.55364990234375,5060,0.0,0.0
2001-08-13 00:00:00-04:00,97.22182835529217,97.92343121763258,96.55363709511835,97.82319641113281,7920,0.0,0.0
2001-08-14 00:00:00-04:00,97.89003128281023,100.06165313720703,97.55593561290303,100.06165313720703,4700,0.0,0.0
2001-08-15 00:00:00-04:00,99.89461827596028,100.22871398925781,99.56052256266275,100.22871398925781,7800,0.0,0.0
2001-08-16 00:00:00-04:00,100.22873700675318,100.22873700675318,98.55825805664062,98.55825805664062,4640,0.0,0.0
2001-08-17 00:00:00-04:00,98.89234226392662,98.89234226392662,95.21728900411854,96.05252838134766,6620,0.0,0.0
2001-08-20 00:00:00-04:00,93.88091935600846,96.8877815417881,93.88091935600846,96.72073364257812,6160,0.0,0.0
2001-08-21 00:00:00-04:00,96.72071917032459,98.2241500382571,96.72071917032459,97.22186279296875,1560,0.0,0.0
2001-08-22 00:00:00-04:00,97.68959789902523,100.09509144230472,97.2218658755524,99.2264404296875,5620,0.0,0.0
2001-08-23 00:00:00-04:00,99.22644963668566,100.09510072990305,98.55825805664062,98.55825805664062,4180,0.0,0.0
2001-08-24 00:00:00-04:00,98.89233780604066,99.22643354187187,95.85206457081803,96.52025604248047,12260,0.0,0.0
2001-08-27 00:00:00-04:00,96.55364990234375,98.22412827435662,95.21726720473346,96.55364990234375,11600,0.0,0.0
2001-08-28 00:00:00-04:00,95.91889592953957,96.82094837529584,86.86489868164062,90.20585632324219,10780,0.0,0.0
2001-08-29 00:00:00-04:00,90.53996709359548,91.54225455219617,89.27040705768606,89.97200012207031,2940,0.0,0.0
2001-08-30 00:00:00-04:00,90.20583300320607,90.77379973376486,85.86258919194059,88.53535461425781,5320,0.0,0.0
2001-08-31 00:00:00-04:00,88.86944339005694,93.37973468992826,88.86944339005694,93.04563903808594,4100,0.0,0.0
2001-09-04 00:00:00-04:00,93.54682002507204,97.38892156181606,93.54682002507204,94.21501159667969,6260,0.0,0.0
2001-09-05 00:00:00-04:00,94.54909664710647,95.38433601678055,93.54680940349756,93.88090515136719,3940,0.0,0.0
2001-09-06 00:00:00-04:00,93.88090757071399,93.88090757071399,89.37061485824196,90.50653839111328,3880,0.0,0.0
2001-09-07 00:00:00-04:00,89.87178077119769,89.87178077119769,87.8672057354089,88.20130157470703,3580,0.0,0.0
2001-09-10 00:00:00-04:00,87.79836094973763,88.5705795288086,86.48894193702134,88.5705795288086,4860,0.65,0.0
2001-09-17 00:00:00-04:00,88.30200040943429,88.30200040943429,85.61600800154275,86.28750610351562,8000,0.0,0.0
2001-09-18 00:00:00-04:00,85.9517463235294,86.45536983714383,85.44812280991498,85.61599731445312,2280,0.0,0.0
2001-09-19 00:00:00-04:00,85.4481092396349,86.55607669512824,84.776611328125,84.776611328125,3760,0.0,0.0
2001-09-20 00:00:00-04:00,84.60880004422059,84.77667464748293,83.93730163117122,83.97087860107422,5480,0.0,0.0
2001-09-21 00:00:00-04:00,84.10513285044078,84.10513285044078,80.5797680004223,80.74764251708984,10740,0.0,0.0
2001-09-24 00:00:00-04:00,80.5797777278661,83.93726846652719,80.5797777278661,83.80297088623047,4080,0.0,0.0
2001-09-25 00:00:00-04:00,83.09792861485951,84.60880004422059,83.09792861485951,83.97087860107422,3180,0.0,0.0
2001-09-26 00:00:00-04:00,83.76940076665362,87.19404569809873,83.76940076665362,86.6232681274414,2920,0.0,0.0
2001-09-27 00:00:00-04:00,86.4553744048469,86.4553744048469,84.60875475736475,84.94450378417969,2700,0.0,0.0
2001-09-28 00:00:00-04:00,85.78387538124845,87.79836951935997,85.78387538124845,86.82469940185547,6060,0.0,0.0
2001-10-01 00:00:00-04:00,87.2947532453586,87.6305022963023,85.95175704158386,86.2539291381836,5620,0.0,0.0
2001-10-02 00:00:00-04:00,86.45539357086083,86.62326812148386,86.28751902023781,86.58969116210938,1400,0.0,0.0
2001-10-03 00:00:00-04:00,86.2875046127144,87.9662498386427,86.2875046127144,87.63050079345703,3100,0.0,0.0
2001-10-04 00:00:00-04:00,87.63051045735678,91.32375036168982,87.46263591625073,90.65225219726562,3700,0.0,0.0
2001-10-05 00:00:00-04:00,91.32372771735716,91.32372771735716,88.13411222722887,88.369140625,2760,0.0,0.0
2001-10-08 00:00:00-04:00,88.40274021669927,88.63776870190893,87.79839589223175,88.0334243774414,3260,0.0,0.0
2001-10-09 00:00:00-04:00,88.03340873323495,88.03340873323495,87.46263122558594,87.46263122558594,3960,0.0,0.0
2001-10-10 00:00:00-04:00,87.29477126144438,90.82013702392578,87.29477126144438,90.82013702392578,4620,0.0,0.0
2001-10-11 00:00:00-04:00,90.98799025689068,93.17035902688991,90.98799025689068,92.83460998535156,2820,0.0,0.0
2001-10-12 00:00:00-04:00,92.90178968911886,93.50613403320312,91.6595137919729,93.50613403320312,4020,0.0,0.0
2001-10-15 00:00:00-04:00,93.33826304653235,95.68850708007812,93.06966782691318,95.68850708007812,5020,0.0,0.0
2001-10-16 00:00:00-04:00,95.68848983831519,97.36723527407511,95.68848983831519,96.56143951416016,6960,0.0,0.0
2001-10-17 00:00:00-04:00,96.35998499570198,96.7964546968346,95.35273776578175,95.82278442382812,3780,0.0,0.0
2001-10-18 00:00:00-04:00,95.78917047364101,96.56139919943172,94.51332857363161,94.54690551757812,1620,0.0,0.0
2001-10-19 00:00:00-04:00,94.54695017528887,97.36724061275319,94.34549866270223,96.93077087402344,3060,0.0,0.0
2001-10-22 00:00:00-04:00,96.69575026939656,97.36724853515625,95.38633070041521,97.36724853515625,3740,0.0,0.0
2001-10-23 00:00:00-04:00,97.36716601865511,97.36716601865511,94.6811752319336,94.6811752319336,4760,0.0,0.0
2001-10-24 00:00:00-04:00,95.01700878477934,96.02425622772753,94.91628813898485,95.68850708007812,580,0.0,0.0
2001-10-25 00:00:00-04:00,95.68846365121695,99.04595360389123,94.6476397166387,98.20658111572266,3940,0.0,0.0
2001-10-26 00:00:00-04:00,98.24015507806267,100.72469551826401,98.24015507806267,100.38894653320312,2860,0.0,0.0
2001-10-29 00:00:00-05:00,99.88535415792019,99.88535415792019,89.81288146972656,89.81288146972656,12140,0.0,0.0
2001-10-30 00:00:00-05:00,89.98075897839604,90.98800628039302,89.77930746874677,90.48438262939453,4700,0.0,0.0
2001-10-31 00:00:00-05:00,90.65223071599101,92.49885023057601,90.65223071599101,92.23025512695312,2560,0.0,0.0
2001-11-01 00:00:00-05:00,92.5660384880427,94.44622540377897,92.16313543681336,94.37908172607422,3900,0.0,0.0
2001-11-02 00:00:00-05:00,94.37909887072557,94.37909887072557,92.4989013671875,92.4989013671875,1400,0.0,0.0
2001-11-05 00:00:00-05:00,92.33093329355226,95.31909599453161,92.33093329355226,94.6811752319336,3440,0.0,0.0
2001-11-06 00:00:00-05:00,94.68124775746045,96.86361694335938,94.68124775746045,96.86361694335938,2180,0.0,0.0
2001-11-07 00:00:00-05:00,97.03147813490222,97.36722719419252,95.99065400185259,96.02423095703125,4520,0.0,0.0
2001-11-08 00:00:00-05:00,96.19213273940986,96.19213273940986,94.34551239013672,94.34551239013672,980,0.0,0.0
2001-11-09 00:00:00-05:00,94.5133586883545,94.5133586883545,93.33823699951172,94.00973510742188,1060,0.0,0.0
2001-11-12 00:00:00-05:00,94.00975124632225,96.0242459158863,93.9761742859129,95.48704528808594,1320,0.0,0.0
2001-11-13 00:00:00-05:00,95.48704356146553,97.19936604888228,95.48704356146553,96.86361694335938,2640,0.0,0.0
2001-11-14 00:00:00-05:00,96.69572830487634,97.19935188979757,94.07688976178515,94.98340606689453,2760,0.0,0.0
2001-11-15 00:00:00-05:00,94.98340682398164,97.1657757093687,94.98340682398164,96.02423095703125,3340,0.0,0.0
2001-11-16 00:00:00-05:00,96.35998038913893,97.0314785103176,96.15852890353568,96.5278549194336,1360,0.0,0.0
2001-11-19 00:00:00-05:00,96.35997583787882,97.19934844970703,96.35997583787882,97.19934844970703,1780,0.0,0.0
2001-11-20 00:00:00-05:00,97.19932825271965,97.33362579345703,96.49425335604148,97.33362579345703,3900,0.0,0.0
2001-11-21 00:00:00-05:00,97.30009698041452,97.33367394377056,96.96434783935547,96.96434783935547,1280,0.0,0.0
2001-11-23 00:00:00-05:00,96.86362483583648,97.36724853515625,96.76290419447268,97.36724853515625,1280,0.0,0.0
2001-11-26 00:00:00-05:00,97.33365929666316,98.94526107897758,97.33365929666316,98.03873443603516,3040,0.0,0.0
2001-11-27 00:00:00-05:00,98.03875448259855,98.03875448259855,97.03150700503761,97.30010223388672,660,0.0,0.0
2001-11-28 00:00:00-05:00,97.03148884890261,97.3672379452656,96.72931671142578,96.72931671142578,700,0.0,0.0
2001-11-29 00:00:00-05:00,97.19936170969923,98.03873443603516,96.69573807389769,98.03873443603516,1080,0.0,0.0
2001-11-30 00:00:00-05:00,98.37445561335637,98.5423301109901,97.33363167877812,98.20658111572266,3040,0.0,0.0
2001-12-03 00:00:00-05:00,98.20661358884956,98.20661358884956,93.00250244140625,93.00250244140625,1660,0.0,0.0
2001-12-04 00:00:00-05:00,93.00248942341838,96.02423095703125,93.00248942341838,96.02423095703125,3880,0.0,0.0
2001-12-05 00:00:00-05:00,96.35997318149025,97.36722028791698,96.35997318149025,97.0314712524414,3420,0.0,0.0
2001-12-06 00:00:00-05:00,97.19934844970703,97.36722297207267,96.96432001989605,97.19934844970703,2080,0.0,0.0
2001-12-07 00:00:00-05:00,97.16576881738214,97.19934577017919,96.8635967347036,97.0314712524414,2980,0.0,0.0
2001-12-10 00:00:00-05:00,96.69572221696582,97.03147125244139,96.35997318149025,97.0314712524414,2760,0.0,0.0
2001-12-11 00:00:00-05:00,96.69572830487634,96.69572830487634,94.51335943688433,94.98340606689453,2340,0.0,0.0
2001-12-12 00:00:00-05:00,94.78098785400391,95.15201869078912,92.75719451904297,92.75719451904297,4420,0.65,0.0
2001-12-13 00:00:00-05:00,92.82467979776959,93.22943238187513,91.40802001953125,91.40802001953125,4080,0.0,0.0
2001-12-14 00:00:00-05:00,91.07074456785955,91.40804362181458,90.05884740599444,91.00328063964844,3740,0.0,0.0
2001-12-17 00:00:00-05:00,91.2393819108794,93.26317596435547,88.30487641591955,93.26317596435547,12840,0.0,0.0
2001-12-18 00:00:00-05:00,93.43182680371311,94.44372384490855,93.43182680371311,94.07269287109375,3860,0.0,0.0
2001-12-19 00:00:00-05:00,94.44372249554984,94.44372249554984,93.26317596435547,93.26317596435547,3160,0.0,0.0
2001-12-20 00:00:00-05:00,93.26318348072193,93.26318348072193,91.07073974609375,91.07073974609375,2340,0.0,0.0
2001-12-21 00:00:00-05:00,91.34058606531298,91.34058606531298,88.60847177253136,90.73345184326172,15320,0.0,0.0
2001-12-24 00:00:00-05:00,91.07072180444068,92.11635066905305,91.07072180444068,92.0826187133789,1140,0.0,0.0
2001-12-26 00:00:00-05:00,92.41991570126117,93.43181258850126,92.25126622005449,93.22943115234375,3260,0.0,0.0
2001-12-27 00:00:00-05:00,93.60048153471958,94.71356422473966,93.0270690619519,93.5667495727539,4020,0.0,0.0
2001-12-28 00:00:00-05:00,93.56676826160569,95.38818134251218,93.56676826160569,93.76914978027344,3800,0.0,0.0
2001-12-31 00:00:00-05:00,94.27509638468425,96.13024139404297,93.43184865315756,96.13024139404297,6060,0.0,0.0
2002-01-02 00:00:00-05:00,95.75915195939548,95.96153335030198,92.4198950368462,95.1182861328125,6780,0.0,0.0
2002-01-03 00:00:00-05:00,94.78106615149457,97.31080990998642,94.78106615149457,96.9735107421875,6520,0.0,0.0
2002-01-04 00:00:00-05:00,96.9734473068291,97.54685963441001,96.29884941252072,97.0071792602539,3720,0.0,0.0
2002-01-07 00:00:00-05:00,97.14212859623015,97.81672671148175,95.52309723704646,95.62428283691406,4320,0.0,0.0
2002-01-08 00:00:00-05:00,95.28699366251628,96.80483957926432,94.27509638468425,96.13024139404297,8360,0.0,0.0
2002-01-09 00:00:00-05:00,96.29886281011824,97.47940928940166,96.29886281011824,96.63616180419922,3440,0.0,0.0
2002-01-10 00:00:00-05:00,96.63615186062977,97.20956420898438,96.63615186062977,97.20956420898438,1240,0.0,0.0
2002-01-11 00:00:00-05:00,97.31078338623047,97.7830000337273,97.27705141993408,97.31078338623047,2260,0.0,0.0
2002-01-14 00:00:00-05:00,96.97344038221571,97.31073930528429,96.80479092068143,97.14208984375,3480,0.0,0.0
2002-01-15 00:00:00-05:00,96.80480270649736,97.47940063476562,95.6917202422737,97.47940063476562,2920,0.0,0.0
2002-01-16 00:00:00-05:00,97.14211580615832,97.81671383258998,96.87228071300525,97.7829818725586,4360,0.0,0.0
2002-01-17 00:00:00-05:00,97.81672837102079,98.65997602939166,97.47942930767243,98.18775939941406,10100,0.0,0.0
2002-01-18 00:00:00-05:00,97.85044024160041,97.85044024160041,96.46751230715873,96.63616180419922,1720,0.0,0.0
2002-01-22 00:00:00-05:00,96.80481303821911,98.49130803888494,96.46751403808594,96.46751403808594,3720,0.0,0.0
2002-01-23 00:00:00-05:00,96.4675139951874,99.09844207763672,96.36632841261189,99.09844207763672,2420,0.0,0.0
2002-01-24 00:00:00-05:00,98.99724597336925,99.0984315451905,97.14210167063149,97.47940063476562,2100,0.0,0.0
2002-01-25 00:00:00-05:00,97.3107776533953,97.3107776533953,95.18579771807231,96.0627670288086,2200,0.0,0.0
2002-01-28 00:00:00-05:00,96.29889094034831,97.31078821818033,95.48937517679296,96.13024139404297,2280,0.0,0.0
2002-01-29 00:00:00-05:00,95.96157314792153,95.96157314792153,95.08459361931851,95.92784118652344,2820,0.0,0.0
2002-01-30 00:00:00-05:00,95.79289217442835,96.6361394646962,94.61234596805335,96.23137664794922,2740,0.0,0.0
2002-01-31 00:00:00-05:00,96.46754550276131,98.0865771140582,96.1302463926118,97.81674194335938,2900,0.0,0.0
2002-02-01 00:00:00-05:00,97.7492133339616,97.7492133339616,95.1182861328125,95.1182861328125,3680,0.0,0.0
2002-02-04 00:00:00-05:00,95.1183420449818,95.1183420449818,93.43184661865234,93.43184661865234,2020,0.0,0.0
2002-02-05 00:00:00-05:00,93.43182852608817,94.4437255859375,93.43182852608817,94.4437255859375,1560,0.0,0.0
2002-02-06 00:00:00-05:00,94.44372249554984,94.61237200000618,93.26317596435547,93.26317596435547,2680,0.0,0.0
2002-02-07 00:00:00-05:00,93.43182961403787,94.10642766179265,93.09453059016047,93.60047912597656,2980,0.0,0.0
2002-02-08 00:00:00-05:00,93.93778761789565,95.08460235595703,93.43183903108473,95.08460235595703,2900,0.0,0.0
2002-02-11 00:00:00-05:00,95.45561532491581,96.63616180419922,95.11831633083483,96.63616180419922,1740,0.0,0.0
2002-02-12 00:00:00-05:00,96.46751230715873,96.63616180419922,95.79291431899678,96.63616180419922,1340,0.0,0.0
2002-02-13 00:00:00-05:00,96.4675419863147,98.15403747558594,96.4675419863147,98.15403747558594,3060,0.0,0.0
2002-02-14 00:00:00-05:00,98.32263607449002,98.49128553602431,96.80479092068143,97.14208984375,2220,0.0,0.0
2002-02-15 00:00:00-05:00,97.14211029532068,97.58059487020658,96.13021331307776,96.63616180419922,2900,0.0,0.0
2002-02-19 00:00:00-05:00,96.46751970563616,96.46751970563616,94.4437255859375,94.4437255859375,2360,0.0,0.0
2002-02-20 00:00:00-05:00,94.10644582836653,94.78104400634766,93.76914673937597,94.78104400634766,3600,0.0,0.0
2002-02-21 00:00:00-05:00,94.88220642111187,94.88220642111187,93.43182481042727,93.66793823242188,2060,0.0,0.0
2002-02-22 00:00:00-05:00,93.76912341921133,94.9496699370791,93.09452540900118,94.1064224243164,5400,0.0,0.0
2002-02-25 00:00:00-05:00,94.2413645408658,95.62429288110172,94.20763257285002,95.59056091308594,1760,0.0,0.0
2002-02-26 00:00:00-05:00,95.28699160957096,95.28699160957096,94.14017677811292,94.54492950439453,1700,0.0,0.0
2002-02-27 00:00:00-05:00,94.44372799427984,94.78102702283084,94.14016092729383,94.40999603271484,1400,0.0,0.0
2002-02-28 00:00:00-05:00,94.44372142942147,95.11831943963163,92.7572264038961,94.1064224243164,7480,0.0,0.0
2002-03-01 00:00:00-05:00,94.44373787923752,95.45563507080078,93.43184068767427,95.45563507080078,3760,0.0,0.0
2002-03-04 00:00:00-05:00,95.79293637015762,97.64808126465012,95.48936926431446,96.50126647949219,4560,0.0,0.0
2002-03-05 00:00:00-05:00,96.80482673217803,97.81672387571996,96.46752768433072,97.74925994873047,6300,0.0,0.0
2002-03-06 00:00:00-05:00,97.7829394484621,98.4238052368164,96.40001203556417,98.4238052368164,5380,0.0,0.0
2002-03-07 00:00:00-05:00,98.15402743436913,98.65997602939166,98.0191098677399,98.18775939941406,4880,0.0,0.0
2002-03-08 00:00:00-05:00,97.81671036237029,98.18774132245451,97.78297840353561,98.12027740478516,7380,0.0,0.0
2002-03-11 00:00:00-05:00,98.15398492910755,98.99723222231295,97.88414991270025,98.82858276367188,3980,0.0,0.0
2002-03-12 00:00:00-05:00,98.3226318359375,98.99722965299367,98.01906487697138,98.3226318359375,4140,0.0,0.0
2002-03-13 00:00:00-05:00,97.98365417326036,98.83126363842698,97.98365417326036,98.69564819335938,2160,0.75,0.0
2002-03-14 00:00:00-05:00,98.83126209929314,98.96687754224877,98.32269642811325,98.79735565185547,3160,0.0,0.0
2002-03-15 00:00:00-05:00,97.98363285130242,98.83124213202302,97.98363285130242,98.6617202758789,5460,0.0,0.0
2002-03-18 00:00:00-05:00,99.17023805221193,99.50928160110838,99.10242520371744,99.33975982666016,5740,0.0,0.0
2002-03-19 00:00:00-05:00,99.30591657917144,99.848388671875,99.00077926039899,99.848388671875,2960,0.0,0.0
2002-03-20 00:00:00-05:00,99.91617445289853,99.98397697934276,98.89904343510909,99.13636779785156,5100,0.0,0.0
2002-03-21 00:00:00-05:00,99.17031194395938,100.0179214477539,98.86517459195248,100.0179214477539,5240,0.0,0.0
2002-03-22 00:00:00-05:00,99.84835248115735,99.98396786847987,99.1702651977539,99.1702651977539,3320,0.0,0.0
2002-03-25 00:00:00-05:00,99.00074514872085,100.8654852114536,99.00074514872085,100.32301330566406,5060,0.0,0.0
2002-03-26 00:00:00-05:00,100.52645441177317,100.69597625732422,99.61103230708056,100.69597625732422,2180,0.0,0.0
2002-03-27 00:00:00-05:00,100.35693180086578,100.86549733364045,99.95007523592916,100.08570098876953,3080,0.0,0.0
2002-03-28 00:00:00-05:00,100.01787390263435,100.01787390263435,97.98361206054688,97.98361206054688,6240,0.0,0.0
2002-04-01 00:00:00-05:00,98.49220266574766,98.6617245291999,96.96650589467755,97.30554962158203,6260,0.0,0.0
2002-04-02 00:00:00-05:00,97.64460315443064,99.84838760062439,97.64460315443064,99.00077819824219,2460,0.0,0.0
2002-04-03 00:00:00-05:00,99.17026480176457,100.01787390263435,97.74627737358702,97.98361206054688,3120,0.0,0.0
2002-04-04 00:00:00-05:00,97.98363707539096,98.6617245291999,96.28841844086863,97.30554962158203,4500,0.0,0.0
2002-04-05 00:00:00-05:00,97.47506728287004,99.27199481928055,97.47506728287004,98.6617202758789,2780,0.0,0.0
2002-04-08 00:00:00-04:00,98.32264705606458,99.27196502685547,98.32264705606458,99.27196502685547,2680,0.0,0.0
2002-04-09 00:00:00-04:00,99.27199565018374,99.27199565018374,98.83124295923713,99.20419311523438,1680,0.0,0.0
2002-04-10 00:00:00-04:00,99.27199937362506,100.86550903320312,99.23810327827555,100.86550903320312,12520,0.0,0.0
2002-04-11 00:00:00-04:00,101.20450008619508,102.9675306920735,101.20450008619508,102.93362426757812,8500,0.0,0.0
2002-04-12 00:00:00-04:00,103.40832559447918,108.12103082270518,103.40832559447918,107.9176025390625,10220,0.0,0.0
2002-04-15 00:00:00-04:00,107.91755983061874,108.15489445874192,105.27302423021744,106.2562484741211,5060,0.0,0.0
2002-04-16 00:00:00-04:00,105.61210299601727,109.34158335863746,105.61210299601727,108.46006774902344,11500,0.0,0.0
2002-04-17 00:00:00-04:00,107.9853925998568,108.49395802811358,107.13778355276216,107.84977722167969,6740,0.0,0.0
2002-04-18 00:00:00-04:00,107.98541769613163,111.8844202189119,107.917604817888,110.49433898925781,9120,0.0,0.0
2002-04-19 00:00:00-04:00,110.01968083241537,110.01968083241537,107.81589677876144,108.90084075927734,5840,0.0,0.0
2002-04-22 00:00:00-04:00,108.83305358886719,110.1892287114699,108.7991471414431,108.83305358886719,5160,0.0,0.0
2002-04-23 00:00:00-04:00,108.83302996611899,108.83302996611899,108.15494255199987,108.2227554321289,8480,0.0,0.0
2002-04-24 00:00:00-04:00,106.79874924441705,110.86727302515675,106.59532098602186,109.00253295898438,18480,0.0,0.0
2002-04-25 00:00:00-04:00,109.0025422627136,110.76557352356447,109.0025422627136,110.15528869628906,11080,0.0,0.0
2002-04-26 00:00:00-04:00,110.155293674362,110.83338105967269,108.83302534236465,109.34159088134766,6980,0.0,0.0
2002-04-29 00:00:00-04:00,109.34157352668966,111.88440081800802,109.17205170726842,111.85049438476562,5660,0.0,0.0
2002-04-30 00:00:00-04:00,112.56249699379082,113.57962799072266,111.1385094593696,113.57962799072266,15820,0.0,0.0
2002-05-01 00:00:00-04:00,113.5796250111958,115.274843294945,112.25735681922968,114.59675598144531,9120,0.0,0.0
2002-05-02 00:00:00-04:00,115.27480142158375,116.63097555595532,115.1052796547873,115.95288848876953,11600,0.0,0.0
2002-05-03 00:00:00-04:00,116.63101726448448,116.8005390919038,115.74950169254583,116.12245178222656,10440,0.0,0.0
2002-05-06 00:00:00-04:00,116.29197731587423,116.49540558461892,113.13887536410215,113.57962799072266,9560,0.0,0.0
2002-05-07 00:00:00-04:00,113.91866438850167,116.63101354060885,113.78304900025448,114.76627349853516,7980,0.0,0.0
2002-05-08 00:00:00-04:00,114.76629177127137,116.63103211024328,114.49506095159246,115.8851318359375,6760,0.0,0.0
2002-05-09 00:00:00-04:00,116.46154405762051,116.97010975219528,114.22385293213246,114.56289672851562,12420,0.0,0.0
2002-05-10 00:00:00-04:00,114.42719443899685,114.42719443899685,113.20663562895669,113.74910736083984,8320,0.0,0.0
2002-05-13 00:00:00-04:00,114.2577210538642,116.97007051508353,113.74915552988557,116.32588958740234,8300,0.0,0.0
2002-05-14 00:00:00-04:00,116.32594380694309,118.66534423828125,115.78347159249442,118.66534423828125,10000,0.0,0.0
2002-05-15 00:00:00-04:00,118.66530823981624,119.85196132221441,116.05466731982278,117.98722076416016,11780,0.0,0.0
2002-05-16 00:00:00-04:00,117.64817000715044,117.9872137247503,116.9022696897135,117.41083526611328,8500,0.0,0.0
2002-05-17 00:00:00-04:00,116.97008278790642,116.97008278790642,114.63068320150691,115.27486419677734,7660,0.0,0.0
2002-05-20 00:00:00-04:00,115.78342128803492,117.13959606154044,115.41047115596241,116.80055236816406,9540,0.0,0.0
2002-05-21 00:00:00-04:00,116.12251543317522,118.66534423828125,116.12251543317522,118.66534423828125,10980,0.0,0.0
2002-05-22 00:00:00-04:00,118.66530681825454,120.05538819605567,116.80056628253911,118.02112579345703,4600,0.0,0.0
2002-05-23 00:00:00-04:00,118.66532979386575,122.05576778797621,117.78381384603792,120.69959259033203,5540,0.0,0.0
2002-05-24 00:00:00-04:00,121.0385555222977,121.0385555222977,116.63098907470703,116.63098907470703,10780,0.0,0.0
2002-05-28 00:00:00-04:00,116.97009463159007,120.36053215714341,115.2748758688134,118.36017608642578,5500,0.0,0.0
2002-05-29 00:00:00-04:00,118.36008848155585,120.05530598960796,118.2583692230008,118.83474731445312,3500,0.0,0.0
2002-05-30 00:00:00-04:00,118.32625284744886,121.20812433513744,118.32625284744886,120.53003692626953,7000,0.0,0.0
2002-05-31 00:00:00-04:00,121.88619053903673,124.15778710226367,120.69953777996406,120.73344421386719,12840,0.0,0.0
2002-06-03 00:00:00-04:00,123.41189036125684,123.41189036125684,115.1053208177107,116.12245178222656,10200,0.0,0.0
2002-06-04 00:00:00-04:00,116.46152900275708,119.17387902319973,116.46152900275708,118.36017608642578,4700,0.0,0.0
2002-06-05 00:00:00-04:00,119.00431447757424,119.00431447757424,117.30909632262303,117.64813995361328,4160,0.0,0.0
2002-06-06 00:00:00-04:00,117.47863540649413,118.66528828938802,116.29198252360025,116.9700698852539,5680,0.0,0.0
2002-06-07 00:00:00-04:00,117.139609145006,117.27522456814513,115.27486862316076,116.29199981689453,3540,0.0,0.0
2002-06-10 00:00:00-04:00,116.63108119419643,119.51295383998325,116.63108119419643,118.66534423828125,8440,0.0,0.0
2002-06-11 00:00:00-04:00,118.66534423828125,119.58076674683818,118.29239394417299,118.66534423828125,4780,0.0,0.0
2002-06-12 00:00:00-04:00,119.1760038436318,120.02726101394346,116.62223233269684,118.15449523925781,8760,0.75,0.0
2002-06-13 00:00:00-04:00,118.15452714597178,119.85704194634602,117.81402418589694,119.6867904663086,8940,0.0,0.0
2002-06-14 00:00:00-04:00,119.68678130886771,121.11689778829168,118.80147160214453,119.8570327758789,10260,0.0,0.0
2002-06-17 00:00:00-04:00,120.19753417968751,124.2835693359375,120.19753417968751,124.2835693359375,5660,0.0,0.0
2002-06-18 00:00:00-04:00,123.4322982598405,125.27101179703271,122.75129247633792,123.26204681396484,9600,0.0,0.0
2002-06-19 00:00:00-04:00,123.26205900394717,124.28356778022298,114.06848001746494,121.9000473022461,37800,0.0,0.0
2002-06-20 00:00:00-04:00,121.55959514036017,123.56856116105271,120.5380859375,120.5380859375,16200,0.0,0.0
2002-06-21 00:00:00-04:00,121.38931008757446,122.58107049516636,118.32478332519531,118.32478332519531,59920,0.0,0.0
2002-06-24 00:00:00-04:00,119.1760713656332,119.41442766489598,110.66349483951656,116.92874908447266,22120,0.0,0.0
2002-06-25 00:00:00-04:00,117.47356983900423,121.38935550030436,115.09004813212587,115.26029968261719,18600,0.0,0.0
2002-06-26 00:00:00-04:00,112.02546246491332,124.28356778022298,110.32294783778697,121.9000473022461,21240,0.0,0.0
2002-06-27 00:00:00-04:00,122.75133364448007,128.5398847456067,122.27463151441741,126.46281433105469,14880,0.0,0.0
2002-06-28 00:00:00-04:00,126.83739558455166,131.09368402698627,126.83739558455166,128.36965942382812,27800,0.0,0.0
2002-07-01 00:00:00-04:00,129.22084647677593,130.24235514457652,126.39467665239034,128.5398406982422,15020,0.0,0.0
2002-07-02 00:00:00-04:00,128.57389414697118,128.7100932255589,122.64914590215461,126.22442626953125,10660,0.0,0.0
2002-07-03 00:00:00-04:00,125.81587031008821,125.81587031008821,121.76388630800183,124.14740753173828,6780,0.0,0.0
2002-07-05 00:00:00-04:00,124.18145921898797,127.92699254963513,124.18145921898797,127.14382934570312,2200,0.0,0.0
2002-07-08 00:00:00-04:00,127.14381198291548,127.14381198291548,122.34271783645886,124.18144226074219,10180,0.0,0.0
2002-07-09 00:00:00-04:00,123.94307396298363,127.10974724561763,123.94307396298363,125.13483428955078,8500,0.0,0.0
2002-07-10 00:00:00-04:00,124.79435677693829,127.68863244570765,123.97715160755125,126.0542221069336,9300,0.0,0.0
2002-07-11 00:00:00-04:00,126.05419789946036,128.36961383329194,124.11332690247986,125.81584167480469,14660,0.0,0.0
2002-07-12 00:00:00-04:00,125.47532354375367,128.19934684999527,125.47532354375367,126.66708374023438,7260,0.0,0.0
2002-07-15 00:00:00-04:00,126.32662485133781,127.07573567814643,123.7387997302955,126.39472961425781,13220,0.0,0.0
2002-07-16 00:00:00-04:00,125.98614540798975,128.02916398217337,124.59008063736499,125.5775375366211,17500,0.0,0.0
2002-07-17 00:00:00-04:00,126.32658086758909,128.36959834792745,124.72621301812765,127.51834106445312,14620,0.0,0.0
2002-07-18 00:00:00-04:00,127.51833286205817,128.0290871992894,122.4107894897461,122.4107894897461,9420,0.0,0.0
2002-07-19 00:00:00-04:00,121.90006576898986,122.4108202345024,117.47352706788129,119.41439819335938,17940,0.0,0.0
2002-07-22 00:00:00-04:00,119.17607255328045,121.72984553656504,114.17067334951112,121.69579315185547,7100,0.0,0.0
2002-07-23 00:00:00-04:00,121.69578183302356,121.90008573094995,111.00398868237342,116.55418395996094,14640,0.0,0.0
2002-07-24 00:00:00-04:00,115.77105253707167,125.57753753662111,111.31045990517147,125.5775375366211,13340,0.0,0.0
2002-07-25 00:00:00-04:00,125.30513088559144,130.68507528338682,123.94311859335674,126.83739471435547,22020,0.0,0.0
2002-07-26 00:00:00-04:00,127.17788172697458,127.68863627206282,125.74776484419634,127.14382934570312,6240,0.0,0.0
2002-07-29 00:00:00-04:00,127.17786441229084,134.66893005371094,127.14381203565547,134.66893005371094,19300,0.0,0.0
2002-07-30 00:00:00-04:00,135.52017368310175,135.52017368310175,128.02910880614638,131.5022430419922,27380,0.0,0.0
2002-07-31 00:00:00-04:00,131.09360238780147,132.11511097783628,125.3050537109375,125.3050537109375,10680,0.0,0.0
2002-08-01 00:00:00-04:00,126.15635879125392,128.36962824373205,120.94666715964375,124.72624206542969,13960,0.0,0.0
2002-08-02 00:00:00-04:00,125.03268170785705,125.03268170785705,121.15093994140625,121.15093994140625,8240,0.0,0.0
2002-08-05 00:00:00-04:00,120.87854292024227,120.91259529228762,119.00577676232301,120.09539031982422,7880,0.0,0.0
2002-08-06 00:00:00-04:00,120.19753859473057,124.89647504048743,120.02728712363322,124.62407684326172,8900,0.0,0.0
2002-08-07 00:00:00-04:00,124.69213346703727,131.53623165081606,124.28352593756341,131.0935821533203,10920,0.0,0.0
2002-08-08 00:00:00-04:00,131.12768407027284,136.20117579019248,131.09363169806028,135.9968719482422,34860,0.0,0.0
2002-08-09 00:00:00-04:00,136.20124389703713,143.011306091889,135.92884556577516,141.03639221191406,38040,0.0,0.0
2002-08-12 00:00:00-04:00,140.18509772054796,140.62774749074325,136.40551211408086,137.22271728515625,23580,0.0,0.0
2002-08-13 00:00:00-04:00,137.25675467133928,138.24421124482274,135.5201873779297,135.5201873779297,25540,0.0,0.0
2002-08-14 00:00:00-04:00,135.3499819132832,138.99336923075134,134.02202190485283,138.34640502929688,12420,0.0,0.0
2002-08-15 00:00:00-04:00,138.58473254910749,139.5381368720297,136.88221740722656,136.88221740722656,5680,0.0,0.0
2002-08-16 00:00:00-04:00,136.54169675631746,139.47002450067833,136.20119377188774,138.2101593017578,5480,0.0,0.0
2002-08-19 00:00:00-04:00,137.35888719229303,139.09545430595682,136.23523162003573,137.46104431152344,12460,0.0,0.0
2002-08-20 00:00:00-04:00,137.90368041237735,137.90368041237735,135.82661055506188,137.73342895507812,6400,0.0,0.0
2002-08-21 00:00:00-04:00,136.88222289290167,138.75498962402344,135.17970768279093,138.75498962402344,7500,0.0,0.0
2002-08-22 00:00:00-04:00,138.75494384765625,139.09544677734377,135.8606689453125,136.201171875,6200,0.0,0.0
2002-08-23 00:00:00-04:00,135.3499271214935,135.86068156346138,131.12769247949066,131.43414306640625,9980,0.0,0.0
2002-08-26 00:00:00-04:00,131.94487940690425,137.73342895507812,131.43412503500656,137.73342895507812,6580,0.0,0.0
2002-08-27 00:00:00-04:00,138.0739564812495,139.4700207582154,136.71194458007812,136.71194458007812,11040,0.0,0.0
2002-08-28 00:00:00-04:00,136.57572239831967,137.3929273227178,135.3499098160603,136.26927185058594,12140,0.0,0.0
2002-08-29 00:00:00-04:00,136.20121680885737,138.8571363800988,134.12414617425665,138.75498962402344,7540,0.0,0.0
2002-08-30 00:00:00-04:00,138.8570965966999,141.13847048115213,137.93774488143688,140.62771606445312,8220,0.0,0.0
2002-09-03 00:00:00-04:00,140.96826187300059,140.96826187300059,134.49870396095466,135.58831787109375,8640,0.0,0.0
2002-09-04 00:00:00-04:00,135.17968977854622,139.09547424316406,134.19223316573405,139.09547424316406,11200,0.0,0.0
2002-09-05 00:00:00-04:00,138.58468924628363,138.58468924628363,134.49865418251113,134.8391571044922,10200,0.0,0.0
2002-09-06 00:00:00-04:00,135.6904335203437,137.90370282494152,135.6904335203437,136.33738708496094,10340,0.0,0.0
2002-09-09 00:00:00-04:00,136.54171824840063,140.9342053606696,135.86071217234877,138.4825897216797,13220,0.0,0.0
2002-09-10 00:00:00-04:00,138.925217211546,138.925217211546,134.63487754292416,135.5201873779297,13860,0.0,0.0
2002-09-11 00:00:00-04:00,137.5709564056042,138.39125318996932,137.1266320230096,137.50259399414062,5240,0.75,0.0
2002-09-12 00:00:00-04:00,137.91270099108732,137.91270099108732,135.00747680664062,135.00747680664062,15520,0.0,0.0
2002-09-13 00:00:00-04:00,135.86196496964777,139.2798760380666,134.15300943543838,138.45957946777344,13560,0.0,0.0
2002-09-16 00:00:00-04:00,139.3140663365123,140.9888407833261,136.37466053950817,137.05824279785156,13760,0.0,0.0
2002-09-17 00:00:00-04:00,139.2798952345694,139.2798952345694,135.04168701171875,135.04168701171875,13220,0.0,0.0
2002-09-18 00:00:00-04:00,135.34930807200786,136.30631920935227,132.6149786160077,134.6657257080078,7920,0.0,0.0
2002-09-19 00:00:00-04:00,134.63152729800743,139.929289941963,133.6403350830078,133.6403350830078,17400,0.0,0.0
2002-09-20 00:00:00-04:00,135.69106054061498,135.9986704305244,132.95673186473357,133.29852294921875,13620,0.0,0.0
2002-09-23 00:00:00-04:00,133.12766849177314,133.46945968173918,131.0769213519769,132.102294921875,6140,0.0,0.0
2002-09-24 00:00:00-04:00,132.10228158293359,133.1276550492953,129.70974349475625,130.39332580566406,9300,0.0,0.0
2002-09-25 00:00:00-04:00,130.39328169281794,132.30731360195873,128.7868596333917,132.03387451171875,9460,0.0,0.0
2002-09-26 00:00:00-04:00,132.37573951854588,133.98216247558594,130.8376789799231,133.98216247558594,6580,0.0,0.0
2002-09-27 00:00:00-04:00,134.32393100136207,136.03288686651933,129.33377778897506,129.88064575195312,8920,0.0,0.0
2002-09-30 00:00:00-04:00,129.19706605358252,130.56423077372625,125.40318186905587,130.29080200195312,17060,0.0,0.0
2002-10-01 00:00:00-04:00,130.73512524449737,133.75997924804688,128.73564477227728,133.75997924804688,14747,0.0,1.5
2002-10-02 00:00:00-04:00,133.29853462713868,134.06756463460295,126.17218780517577,126.17218780517578,13253,0.0,0.0
2002-10-03 00:00:00-04:00,126.88993181501115,128.8894116145869,126.12090192522321,127.40261840820312,11973,0.0,0.0
2002-10-04 00:00:00-04:00,127.65898565083992,127.65898565083992,119.71234196574747,122.0194320678711,7600,0.0,0.0
2002-10-07 00:00:00-04:00,120.9940182921707,120.9940182921707,117.40521266486054,119.19961547851562,13240,0.0,0.0
2002-10-08 00:00:00-04:00,119.14838066066453,120.94278395244973,114.32912401945694,117.91793060302734,13827,0.0,0.0
2002-10-09 00:00:00-04:00,117.40526086749539,117.40526086749539,111.81697343876644,113.71392059326172,11960,0.0,0.0
2002-10-10 00:00:00-04:00,113.816414452837,116.89253376237312,112.73977478062626,113.2011947631836,17507,0.0,0.0
2002-10-11 00:00:00-04:00,113.81643167082797,129.04322038426534,113.81643167082797,124.32650756835938,19893,0.0,0.0
2002-10-14 00:00:00-04:00,124.07018011301635,129.96607710185802,122.78846337631163,126.63361358642578,9053,0.0,0.0
2002-10-15 00:00:00-04:00,127.91529160511465,133.29850026985895,127.91529160511465,130.8376007080078,11307,0.0,0.0
2002-10-16 00:00:00-04:00,130.2224579163209,132.01686186398675,126.88999344208436,127.91536712646484,11373,0.0,0.0
2002-10-17 00:00:00-04:00,129.197021484375,131.24776785714283,127.14627511160714,130.99142456054688,8707,0.0,0.0
2002-10-18 00:00:00-04:00,132.2731496957632,133.29852294921875,128.1716566819411,133.29852294921875,6293,0.0,0.0
2002-10-21 00:00:00-04:00,133.29852294921875,133.29852294921875,130.0173264520338,133.29852294921875,5640,0.0,0.0
2002-10-22 00:00:00-04:00,133.29857509549095,133.29857509549095,130.06864391130566,131.96559143066406,3920,0.0,0.0
2002-10-23 00:00:00-04:00,131.50411975567155,133.29852294921875,127.50515989494055,133.29852294921875,7333,0.0,0.0
2002-10-24 00:00:00-04:00,133.2985642147121,133.2985642147121,124.58288886221169,125.81333923339844,8333,0.0,0.0
2002-10-25 00:00:00-04:00,125.81331190275188,133.29853525803733,125.81331190275188,133.2472686767578,9933,0.0,0.0
2002-10-28 00:00:00-05:00,133.29862815001644,134.58034572838199,132.273254087324,134.27273559570312,8707,0.0,0.0
2002-10-29 00:00:00-05:00,134.0675652691414,134.0675652691414,130.73510188769046,133.2472686767578,4747,0.0,0.0
2002-10-30 00:00:00-05:00,133.04223801967223,135.24679565429688,132.32447434114508,135.24679565429688,6867,0.0,0.0
2002-10-31 00:00:00-05:00,134.58022679448962,135.09291337275434,126.94119469221823,128.32545471191406,15067,0.0,0.0
2002-11-01 00:00:00-05:00,128.17166913763742,134.06756591796875,126.17218901296285,134.06756591796875,9733,0.0,0.0
2002-11-04 00:00:00-05:00,134.0162664174677,134.0675329864025,129.70969730615616,131.2477569580078,7840,0.0,0.0
2002-11-05 00:00:00-05:00,130.99145985216197,131.8117565361457,126.17220249162992,129.45339965820312,8493,0.0,0.0
2002-11-06 00:00:00-05:00,129.45343700128333,130.68388759752278,126.53112596202571,128.9407501220703,6440,0.0,0.0
2002-11-07 00:00:00-05:00,127.65897065782056,128.06912413339333,124.121430830573,124.32650756835938,4893,0.0,0.0
2002-11-08 00:00:00-05:00,123.30118560791017,124.5829027140215,120.89156162067707,123.30118560791016,4680,0.0,0.0
2002-11-11 00:00:00-05:00,123.30118391248917,123.30118391248917,116.0210350221368,117.66162872314453,8773,0.0,0.0
2002-11-12 00:00:00-05:00,116.89255708290116,122.63464343401708,115.86718377515642,119.71233367919922,7333,0.0,0.0
2002-11-13 00:00:00-05:00,120.019941822446,124.3265117378429,119.14837869591985,121.6605453491211,6160,0.0,0.0
2002-11-14 00:00:00-05:00,122.27573762231944,126.0696200371891,121.76305109140824,125.60820007324219,7267,0.0,0.0
2002-11-15 00:00:00-05:00,124.83920885935551,124.83920885935551,122.0194320678711,122.0194320678711,4907,0.0,0.0
2002-11-18 00:00:00-05:00,119.96868936203566,120.22503271537335,115.96972887771271,118.17428588867188,10360,0.0,0.0
2002-11-19 00:00:00-05:00,117.91792190751654,120.37882184131908,116.89254867353813,117.40523529052734,7387,0.0,0.0
2002-11-20 00:00:00-05:00,117.40524320481349,120.37882995605469,117.04636672098356,120.37882995605469,7693,0.0,0.0
2002-11-21 00:00:00-05:00,120.99404231837539,125.81329863243788,120.78896558425095,125.09553527832031,7013,0.0,0.0
2002-11-22 00:00:00-05:00,124.58283075196795,124.73664088811306,122.53208456675037,122.5833511352539,9027,0.0,0.0
2002-11-25 00:00:00-05:00,123.04479692936965,124.83920021792295,117.50777689529335,119.71233367919922,11453,0.0,0.0
2002-11-26 00:00:00-05:00,119.19966524142531,120.48138207197827,117.6103384576673,118.27682495117188,7360,0.0,0.0
2002-11-27 00:00:00-05:00,118.68693133046581,126.12088599263322,118.68693133046581,124.48029327392578,10307,0.0,0.0
2002-11-29 00:00:00-05:00,125.35190139382571,125.35190139382571,120.99406433105469,120.99406433105469,5373,0.0,0.0
2002-12-02 00:00:00-05:00,123.55752094991038,124.22401797376334,121.50677371422722,122.48088073730469,11893,0.0,0.0
2002-12-03 00:00:00-05:00,121.76307799968315,122.17323148730509,120.48136138916017,120.48136138916016,4573,0.0,0.0
2002-12-04 00:00:00-05:00,119.9687086927342,124.01893641421508,119.9687086927342,122.53214263916016,7693,0.0,0.0
2002-12-05 00:00:00-05:00,122.53210096288163,122.53210096288163,120.07120103907148,121.30165100097656,3947,0.0,0.0
2002-12-06 00:00:00-05:00,120.48140797446524,123.60879562724878,120.48140797446524,123.30118560791016,5307,0.0,0.0
2002-12-09 00:00:00-05:00,123.04483619352702,123.96767663723446,123.04483619352702,123.14736938476562,7853,0.0,0.0
2002-12-10 00:00:00-05:00,123.0960322163006,126.63357131486701,123.0960322163006,126.06961822509766,7867,0.0,0.0
2002-12-11 00:00:00-05:00,125.6082204994443,126.27471727026713,124.07016065659397,124.89045715332031,4560,0.0,0.0
2002-12-12 00:00:00-05:00,124.32419456053096,127.15559443665072,122.83127253112316,124.99343872070312,7000,0.75,0.0
2002-12-13 00:00:00-05:00,125.50825972005944,125.50825972005944,122.52241516113283,122.52241516113281,4320,0.0,0.0
2002-12-16 00:00:00-05:00,123.03724655028313,127.67044830322266,122.57392428026182,127.67044830322266,5533,0.0,0.0
2002-12-17 00:00:00-05:00,126.38341663387403,126.64081666775158,122.52241612571088,124.37569427490234,5773,0.0,0.0
2002-12-18 00:00:00-05:00,124.32417761046311,124.58157756410796,119.43357849121094,119.43357849121094,5053,0.0,0.0
2002-12-19 00:00:00-05:00,119.94840564909302,121.18392780200776,118.9702835083008,118.97028350830078,7187,0.0,0.0
2002-12-20 00:00:00-05:00,119.9483871459961,120.4631870908287,118.4039873114983,119.9483871459961,15453,0.0,0.0
2002-12-23 00:00:00-05:00,120.10281532543323,122.72829259973204,119.99984906599917,121.8531265258789,8160,0.0,0.0
2002-12-24 00:00:00-05:00,121.85318039604131,122.31650258424926,121.75022456472173,122.21354675292969,1293,0.0,0.0
2002-12-26 00:00:00-05:00,122.77980465624269,122.93424885155288,121.2354045976736,122.31648254394531,2347,0.0,0.0
2002-12-27 00:00:00-05:00,122.77980407849283,122.77980407849283,116.85960388183594,116.85960388183594,3347,0.0,0.0
2002-12-30 00:00:00-05:00,117.63181591651868,119.89693831773428,115.8300156727208,119.17621612548828,7013,0.0,0.0
2002-12-31 00:00:00-05:00,119.43361076422497,120.72061088021877,116.34481048583984,116.34481048583984,10200,0.0,0.0
2003-01-02 00:00:00-05:00,117.63180330327825,124.32420349121092,117.63180330327825,124.32420349121094,9387,0.0,0.0
2003-01-03 00:00:00-05:00,124.73599933518166,125.97151051199346,122.26495603429998,123.2945556640625,10333,0.0,0.0
2003-01-06 00:00:00-05:00,123.44905763798994,126.64081379624663,123.44905763798994,125.61121368408203,10640,0.0,0.0
2003-01-07 00:00:00-05:00,125.61113545525934,126.89813479394029,123.03713677789747,124.83893585205078,6893,0.0,0.0
2003-01-08 00:00:00-05:00,124.32421538409065,124.32421538409065,121.69873715393607,122.52241516113281,4227,0.0,0.0
2003-01-09 00:00:00-05:00,123.29460061791454,125.61120062952463,123.24312271238311,124.22124481201172,7373,0.0,0.0
2003-01-10 00:00:00-05:00,124.06681060791017,125.92008867164184,123.55201056389394,124.06681060791016,3693,0.0,0.0
2003-01-13 00:00:00-05:00,124.06680548509289,127.15560562165122,123.86088338126234,125.35380554199219,4907,0.0,0.0
2003-01-14 00:00:00-05:00,126.64078919722158,127.92778908743725,124.94194515268414,127.36151123046875,9933,0.0,0.0
2003-01-15 00:00:00-05:00,127.36149975307632,127.36149975307632,118.6613791845178,119.69097900390625,32320,0.0,0.0
2003-01-16 00:00:00-05:00,120.46322005870073,124.83902078732875,120.46322005870073,122.57389831542969,10093,0.0,0.0
2003-01-17 00:00:00-05:00,120.46317830579034,122.21350008530152,119.43357849121094,119.43357849121094,12093,0.0,0.0
2003-01-21 00:00:00-05:00,119.69098591555289,120.5661416231172,116.85958624873336,116.91106414794922,14360,0.0,0.0
2003-01-22 00:00:00-05:00,117.63178558974143,124.68454053630394,117.63178558974143,123.8608627319336,11947,0.0,0.0
2003-01-23 00:00:00-05:00,123.91230693143123,128.7514271172924,122.72827368267106,126.84667205810547,16947,0.0,0.0
2003-01-24 00:00:00-05:00,126.84668118744922,126.84668118744922,120.77203895703099,120.82351684570312,7267,0.0,0.0
2003-01-27 00:00:00-05:00,121.49279958004965,124.78752166338772,119.8969216802925,123.60347747802734,13853,0.0,0.0
2003-01-28 00:00:00-05:00,125.35383066277755,125.35383066277755,120.72062952945107,122.26502990722656,10720,0.0,0.0
2003-01-29 00:00:00-05:00,122.00761793036584,125.66269637279339,120.72061774122696,125.50826263427734,7213,0.0,0.0
2003-01-30 00:00:00-05:00,125.50821826276376,126.28041810324763,122.0075747964513,122.67681884765625,12573,0.0,0.0
2003-01-31 00:00:00-05:00,122.67683878294648,128.49407224239476,122.67683878294648,127.41299438476562,11573,0.0,0.0
2003-02-03 00:00:00-05:00,128.69997240774526,129.21477229737624,125.1478510745654,126.74372863769531,12173,0.0,0.0
2003-02-04 00:00:00-05:00,126.64081958108697,127.41301970048384,124.53014134946241,124.58161926269531,19507,0.0,0.0
2003-02-05 00:00:00-05:00,125.35377917106071,126.89817891444133,123.50050157373018,124.89045715332031,9733,0.0,0.0
2003-02-06 00:00:00-05:00,125.61120352735183,127.36152567123007,123.29460346229821,124.32420349121094,10107,0.0,0.0
2003-02-07 00:00:00-05:00,125.61119098904766,126.38339093365246,122.0075912475586,122.0075912475586,8853,0.0,0.0
2003-02-10 00:00:00-05:00,122.52239709472657,129.57515273803722,122.52239709472657,128.6999969482422,11960,0.0,0.0
2003-02-11 00:00:00-05:00,128.70004869276477,129.36929313542186,126.12604771890949,127.67044830322266,10147,0.0,0.0
2003-02-12 00:00:00-05:00,127.41300466462276,131.1195606108676,127.41300466462276,130.03848266601562,11293,0.0,0.0
2003-02-13 00:00:00-05:00,129.72960998203808,130.14145420318053,126.6408097443705,130.0899658203125,15600,0.0,0.0
2003-02-14 00:00:00-05:00,129.2147903302394,140.28298950195312,129.2147903302394,140.28298950195312,30213,0.0,0.0
2003-02-18 00:00:00-05:00,140.2829959687586,140.2829959687586,131.37695203523396,133.38467407226562,17080,0.0,0.0
2003-02-19 00:00:00-05:00,133.33316274067676,134.8775623091016,130.75916345996873,132.09764099121094,16240,0.0,0.0
2003-02-20 00:00:00-05:00,132.09766888891002,132.20063516606172,130.24439111013257,130.91363525390625,8680,0.0,0.0
2003-02-21 00:00:00-05:00,131.17103629394506,136.42199178842398,130.39883634042567,133.84799194335938,18613,0.0,0.0
2003-02-24 00:00:00-05:00,133.0758097343091,133.7450539727165,128.70000941422543,129.8325653076172,8080,0.0,0.0
2003-02-25 00:00:00-05:00,130.24442332852664,131.94326782226562,127.67042286748855,131.94326782226562,8933,0.0,0.0
2003-02-26 00:00:00-05:00,131.27395917976665,131.7887590196873,127.77331607885436,128.13368225097656,5813,0.0,0.0
2003-02-27 00:00:00-05:00,128.70003239282656,131.53143310546875,128.33967649158083,131.53143310546875,13973,0.0,0.0
2003-02-28 00:00:00-05:00,131.01657709947227,131.27397705448107,129.06033325195312,129.06033325195312,7053,0.0,0.0
2003-03-03 00:00:00-05:00,129.47223379151933,133.95099077099638,128.2881892930373,129.36927795410156,11360,0.0,0.0
2003-03-04 00:00:00-05:00,129.98697202847464,132.4065273183643,128.7514501996165,129.11181640625,12627,0.0,0.0
2003-03-05 00:00:00-05:00,129.4721865684505,133.43614196777344,129.42070866851742,133.43614196777344,14773,0.0,0.0
2003-03-06 00:00:00-05:00,132.56096943224998,133.3331692541854,130.75916984773397,132.7668914794922,8853,0.0,0.0
2003-03-07 00:00:00-05:00,132.303636410982,134.25988113880877,131.53143619846654,133.33323669433594,5760,0.0,0.0
2003-03-10 00:00:00-05:00,133.3331551340451,133.74499918491475,131.788755653728,133.28167724609375,7533,0.0,0.0
2003-03-11 00:00:00-05:00,132.81841993609677,133.6935758780049,131.3769755302823,132.56101989746094,6253,0.0,0.0
2003-03-12 00:00:00-05:00,132.35426503479127,134.1637960020638,129.51071637193442,130.02772521972656,9387,0.825,0.0
2003-03-13 00:00:00-05:00,130.8031462444762,134.42220562673444,129.7691292781167,133.9051971435547,14720,0.0,0.0
2003-03-14 00:00:00-05:00,133.90519927893726,134.11200477921997,129.30382160154656,130.75144958496094,16547,0.0,0.0
2003-03-17 00:00:00-05:00,130.38951580337033,138.09294315752248,130.38951580337033,137.26573181152344,18520,0.0,0.0
2003-03-18 00:00:00-05:00,137.26579774208855,138.2481162891542,134.6807544701095,137.78280639648438,15933,0.0,0.0
2003-03-19 00:00:00-05:00,137.7827617131804,139.59229141673063,137.5242574698161,139.17868041992188,12640,0.0,0.0
2003-03-20 00:00:00-05:00,138.5583156347464,139.59233291560273,137.265794033676,139.54063415527344,5413,0.0,0.0
2003-03-21 00:00:00-05:00,138.55827444327338,139.59229141673063,137.7827617131804,139.17868041992188,8480,0.0,0.0
2003-03-24 00:00:00-05:00,139.59231054055712,140.62632765567236,138.19639164257796,139.85081481933594,8027,0.0,0.0
2003-03-25 00:00:00-05:00,139.85087885895302,142.1774184333164,138.8168612703471,141.2985076904297,8947,0.0,0.0
2003-03-26 00:00:00-05:00,141.45353685935476,146.05491504775836,141.14333383376294,142.2290496826172,9680,0.0,0.0
2003-03-27 00:00:00-05:00,142.22907556236711,143.0045885267405,138.81682062283772,140.93655395507812,7347,0.0,0.0
2003-03-28 00:00:00-05:00,141.97055690202396,146.05492687225342,141.91885814666747,144.7624053955078,7693,0.0,0.0
2003-03-31 00:00:00-05:00,144.762405542179,144.762405542179,139.48892211914062,139.48892211914062,12453,0.0,0.0
2003-04-01 00:00:00-05:00,139.8508050663779,147.03722561897322,139.59230080562673,146.41680908203125,10187,0.0,0.0
2003-04-02 00:00:00-05:00,147.34744191045831,147.81275172546773,143.98688621776364,145.17601013183594,8827,0.0,0.0
2003-04-03 00:00:00-05:00,144.76235759284876,146.57188706275937,143.72834075289984,144.03854370117188,7107,0.0,0.0
2003-04-04 00:00:00-05:00,143.72844209893586,145.79647723705006,143.41823893193288,144.29714965820312,13667,0.0,0.0
2003-04-07 00:00:00-04:00,145.02091464113934,149.88079766330804,143.9351986673255,145.2794189453125,6733,0.0,0.0
2003-04-08 00:00:00-04:00,144.7623787192488,146.93381019261162,144.40047697987657,146.2100067138672,10027,0.0,0.0
2003-04-09 00:00:00-04:00,152.51748513319646,152.51748513319646,147.65760384218873,148.79502868652344,20773,0.0,0.0
2003-04-10 00:00:00-04:00,150.08759932089967,150.08759932089967,147.3474495602473,147.81275939941406,11187,0.0,0.0
2003-04-11 00:00:00-04:00,148.38150110456036,150.9148459100594,148.3298023368092,150.65634155273438,8027,0.0,0.0
2003-04-14 00:00:00-04:00,151.2250108880512,152.87943415016906,149.4154808432369,152.5175323486328,6120,0.0,0.0
2003-04-15 00:00:00-04:00,152.8277337608111,152.8277337608111,149.93248782378916,151.01820373535156,15827,0.0,0.0
2003-04-16 00:00:00-04:00,151.74203246751102,151.74203246751102,149.156989324964,149.62229919433594,8987,0.0,0.0
2003-04-17 00:00:00-04:00,149.62225767739503,150.91477889002186,148.58824070729355,150.03585815429688,7720,0.0,0.0
2003-04-21 00:00:00-04:00,149.93249060033716,154.06855930655334,149.93249060033716,152.3624267578125,11840,0.0,0.0
2003-04-22 00:00:00-04:00,152.87944358208318,155.98149527886054,151.06991342562975,155.1025848388672,15627,0.0,0.0
2003-04-23 00:00:00-04:00,156.39507523203284,160.2726390807609,156.29167773682613,158.98011779785156,15547,0.0,0.0
2003-04-24 00:00:00-04:00,158.98015679620204,158.98015679620204,153.81007039632556,154.79238891601562,13987,0.0,0.0
2003-04-25 00:00:00-04:00,156.0848722278476,160.22094033315756,156.0848722278476,158.98011779785156,14293,0.0,0.0
2003-04-28 00:00:00-04:00,160.2726790626475,160.2726790626475,157.17062720982207,158.61825561523438,13080,0.0,0.0
2003-04-29 00:00:00-04:00,158.20468310072513,159.7557094056342,156.7053555689323,157.27406311035156,12493,0.0,0.0
2003-04-30 00:00:00-04:00,157.42909333956888,161.46176397736815,156.6535805644971,159.60052490234375,11040,0.0,0.0
2003-05-01 00:00:00-04:00,159.600523806222,160.63454083254948,158.20460502810593,158.98011779785156,12107,0.0,0.0
2003-05-02 00:00:00-04:00,160.2726706966969,162.85771377245007,160.2726706966969,162.80601501464844,13640,0.0,0.0
2003-05-05 00:00:00-04:00,163.6332125526386,164.0985223697717,161.77198380267257,162.65089416503906,11773,0.0,0.0
2003-05-06 00:00:00-04:00,162.8576496944325,164.40867492961758,162.8576496944325,163.78826904296875,10360,0.0,0.0
2003-05-07 00:00:00-04:00,163.78829908207223,163.78829908207223,159.8073272705078,159.8073272705078,19760,0.0,0.0
2003-05-08 00:00:00-04:00,159.85907899110762,160.6345920079181,158.2046554293393,159.49717712402344,7253,0.0,0.0
2003-05-09 00:00:00-04:00,159.49715037114288,160.1692657470703,158.2046288932568,160.1692657470703,6400,0.0,0.0
2003-05-12 00:00:00-04:00,159.703957300738,159.703957300738,158.4631345674589,159.2386474609375,11613,0.0,0.0
2003-05-13 00:00:00-04:00,158.98013320623662,159.08353071146462,156.91209895314736,158.20462036132812,10547,0.0,0.0
2003-05-14 00:00:00-04:00,157.68765692248712,158.61827681011306,155.15431213378906,155.15431213378906,11373,0.0,0.0
2003-05-15 00:00:00-04:00,155.6712956965752,158.20464007601578,155.10258830981937,156.5502166748047,9560,0.0,0.0
2003-05-16 00:00:00-04:00,155.61951057171,155.8780147420949,149.9324188232422,149.9324188232422,15013,0.0,0.0
2003-05-19 00:00:00-04:00,150.96650480939437,152.77603483279464,144.762401872022,151.79371643066406,27547,0.0,0.0
2003-05-20 00:00:00-04:00,152.51760337558494,154.22373670552008,150.13936488429013,152.77610778808594,11120,0.0,0.0
2003-05-21 00:00:00-04:00,152.2590264279514,152.2590264279514,149.72568228859478,151.01820373535156,9333,0.0,0.0
2003-05-22 00:00:00-04:00,151.48350524902344,151.7420095241924,148.63995822216464,151.48350524902344,8547,0.0,0.0
2003-05-23 00:00:00-04:00,151.48350394513184,153.4481406269319,150.4494868533562,152.41412353515625,6693,0.0,0.0
2003-05-27 00:00:00-04:00,151.74206180536095,154.844114176169,151.22505307689295,152.72438049316406,8947,0.0,0.0
2003-05-28 00:00:00-04:00,153.2931040818856,154.79243165554058,152.00058212504,153.3448028564453,6827,0.0,0.0
2003-05-29 00:00:00-04:00,153.34475830186815,155.61959838867188,153.03455522606936,155.61959838867188,8880,0.0,0.0
2003-05-30 00:00:00-04:00,156.39513084536694,158.98017433041431,155.25771591937362,157.68765258789062,6547,0.0,0.0
2003-06-02 00:00:00-04:00,158.46310321765435,158.46310321765435,155.87806075080843,156.2916717529297,5747,0.0,0.0
2003-06-03 00:00:00-04:00,156.03322280957568,157.11893892675167,154.5855943076287,155.6713104248047,9800,0.0,0.0
2003-06-04 00:00:00-04:00,155.87808866591018,158.9801401816497,155.7229818826966,158.66993713378906,16107,0.0,0.0
2003-06-05 00:00:00-04:00,158.87672628505095,161.97877748083928,157.9978054684383,160.89305114746094,16760,0.0,0.0
2003-06-06 00:00:00-04:00,161.30666716202447,161.30666716202447,154.58555603027344,154.58555603027344,15720,0.0,0.0
2003-06-09 00:00:00-04:00,155.36105498425144,155.36105498425144,150.55287170410156,150.55287170410156,10067,0.0,0.0
2003-06-10 00:00:00-04:00,150.9665228763935,157.17062655624528,150.9665228763935,154.79238891601562,8533,0.0,0.0
2003-06-11 00:00:00-04:00,154.37719726388045,156.7642039168264,153.806392931686,156.60853576660156,5800,0.825,0.0
2003-06-12 00:00:00-04:00,156.19345955336388,159.0474928674619,156.19345955336388,156.97183227539062,8133,0.0,0.0
2003-06-13 00:00:00-04:00,156.97178134010437,157.23123882992275,152.7685721165175,153.39126586914062,9453,0.0,0.0
2003-06-16 00:00:00-04:00,153.39130875865396,154.22157084675058,151.004301296368,153.13185119628906,13093,0.0,0.0
2003-06-17 00:00:00-04:00,153.59885269750933,154.79236151911383,150.48536244012737,151.8864288330078,11533,0.0,0.0
2003-06-18 00:00:00-04:00,152.30159660234844,152.30159660234844,150.48539357642605,151.52322387695312,4627,0.0,0.0
2003-06-19 00:00:00-04:00,151.78267447107305,154.6367076662556,147.94270042426544,148.61729431152344,8733,0.0,0.0
2003-06-20 00:00:00-04:00,148.6173221594088,148.82489036033266,145.34815202759015,146.956787109375,11933,0.0,0.0
2003-06-23 00:00:00-04:00,149.44754746950656,149.86268376875262,146.07459934953505,146.43783569335938,9880,0.0,0.0
2003-06-24 00:00:00-04:00,146.43785368809685,147.83893095220498,142.18275360604093,143.48004150390625,13373,0.0,0.0
2003-06-25 00:00:00-04:00,143.53192424459445,146.12649991986677,142.96111970750562,143.32435607910156,11653,0.0,0.0
2003-06-26 00:00:00-04:00,143.3762366793852,147.73511477940906,143.272447331975,146.593505859375,17240,0.0,0.0
2003-06-27 00:00:00-04:00,147.37193263589091,148.40976314741127,142.80547416225818,143.58384704589844,13413,0.0,0.0
2003-06-30 00:00:00-04:00,144.25837171099442,146.23025295732324,140.15894105090206,142.44216918945312,86333,0.0,0.0
2003-07-01 00:00:00-04:00,142.28649748087602,147.89078404663732,141.14488863398367,147.11241149902344,27280,0.0,0.0
2003-07-02 00:00:00-04:00,147.11243508281217,152.8723907470703,146.8529775253469,152.8723907470703,16360,0.0,0.0
2003-07-03 00:00:00-04:00,151.78266994846246,152.97617892655475,150.5372715707477,151.41943359375,7027,0.0,0.0
2003-07-07 00:00:00-04:00,153.54699217621138,154.53293305457336,148.25405140901552,151.7307891845703,13200,0.0,0.0
2003-07-08 00:00:00-04:00,151.73074186572944,155.15557861328125,150.796690681237,155.15557861328125,19333,0.0,0.0
2003-07-09 00:00:00-04:00,155.1556181695394,155.1556181695394,147.9945854156956,151.41943359375,15387,0.0,0.0
2003-07-10 00:00:00-04:00,150.9524144228862,151.83456592675535,148.20215999282647,149.70701599121094,10880,0.0,0.0
2003-07-11 00:00:00-04:00,150.48541164543255,154.37727573971097,149.9664964328621,150.84864807128906,17587,0.0,0.0
2003-07-14 00:00:00-04:00,152.14585321305148,153.80638732302558,151.7826169850875,152.5609893798828,7627,0.0,0.0
2003-07-15 00:00:00-04:00,153.33944697049205,155.6745654522762,152.0421589250564,153.8064727783203,9627,0.0,0.0
2003-07-16 00:00:00-04:00,153.54693724952423,157.23123131743944,152.82045420127363,156.29718017578125,20467,0.0,0.0
2003-07-17 00:00:00-04:00,155.62263935267922,155.62263935267922,151.78266553202207,153.75454711914062,7853,0.0,0.0
2003-07-18 00:00:00-04:00,154.37719803501625,155.93394288915087,152.30153822950342,154.0139617919922,13000,0.0,0.0
2003-07-21 00:00:00-04:00,154.0658684378341,155.9858497501154,153.23560653407336,154.16964721679688,10880,0.0,0.0
2003-07-22 00:00:00-04:00,154.63668605439864,155.05182232043921,152.97616210494394,153.54696655273438,9560,0.0,0.0
2003-07-23 00:00:00-04:00,154.1177390267369,154.7404327392578,152.301536714974,154.7404327392578,6467,0.0,0.0
2003-07-24 00:00:00-04:00,153.44324111132696,154.63675045523345,153.0281152297547,153.33946228027344,8307,0.0,0.0
2003-07-25 00:00:00-04:00,153.33938892467603,154.1177614572886,152.8204739029343,153.59884643554688,6573,0.0,0.0
2003-07-28 00:00:00-04:00,154.37727853299816,154.37727853299816,152.0421600341797,152.0421600341797,7000,0.0,0.0
2003-07-29 00:00:00-04:00,152.56096170244825,152.92419786451435,150.4853023595578,151.0561065673828,5000,0.0,0.0
2003-07-30 00:00:00-04:00,151.26372540877168,154.84424108909485,149.60320159978122,154.6366729736328,8680,0.0,0.0
2003-07-31 00:00:00-04:00,153.85835073796866,156.4529266357422,152.97619915566824,156.4529266357422,8587,0.0,0.0
2003-08-01 00:00:00-04:00,156.19344829690868,156.19344829690868,150.48538208007812,150.48538208007812,10333,0.0,0.0
2003-08-04 00:00:00-04:00,150.485379235899,153.0799547399662,147.99458252905254,150.6929473876953,8760,0.0,0.0
2003-08-05 00:00:00-04:00,150.952416473867,153.33942400855273,150.952416473867,151.7307891845703,11693,0.0,0.0
2003-08-06 00:00:00-04:00,151.73076025442367,154.11776733398438,151.67887086174153,154.11776733398438,10213,0.0,0.0
2003-08-07 00:00:00-04:00,153.85831209818522,155.93397229512533,153.3393970489502,155.6745147705078,20307,0.0,0.0
2003-08-08 00:00:00-04:00,155.57074746458233,156.50478828772452,155.36317931809924,155.77830505371094,7920,0.0,0.0
2003-08-11 00:00:00-04:00,156.19346517013403,156.24535457533062,154.2734832763672,154.2734832763672,4600,0.0,0.0
2003-08-12 00:00:00-04:00,154.89612112396136,158.7879834637594,154.48098491810867,155.15557861328125,5880,0.0,0.0
2003-08-13 00:00:00-04:00,156.45292758613323,156.45292758613323,154.27348804170677,155.62266540527344,6160,0.0,0.0
2003-08-14 00:00:00-04:00,156.08966268475885,158.2691018312972,155.51884764210664,156.7123565673828,8307,0.0,0.0
2003-08-15 00:00:00-04:00,157.49074654500993,158.2691192626953,157.12751016636568,158.2691192626953,4027,0.0,0.0
2003-08-18 00:00:00-04:00,159.04749868468593,159.04749868468593,155.6745500992032,156.55670166015625,4787,0.0,0.0
2003-08-19 00:00:00-04:00,157.23129558546464,158.52858350283645,156.97183800199028,157.95777893066406,3453,0.0,0.0
2003-08-20 00:00:00-04:00,158.00963224465855,162.67986768046126,157.90585345791553,162.42041015625,11733,0.0,0.0
2003-08-21 00:00:00-04:00,161.64204558363474,164.49607849121094,161.64204558363474,164.49607849121094,10440,0.0,0.0
2003-08-22 00:00:00-04:00,165.5339007059733,165.5339007059733,155.6745147705078,155.6745147705078,11133,0.0,0.0
2003-08-25 00:00:00-04:00,155.6745329236429,156.71236314313384,155.6745329236429,155.93399047851562,3173,0.0,0.0
2003-08-26 00:00:00-04:00,155.93396167548275,159.306909265801,155.2593679344779,158.3209686279297,18640,0.0,0.0
2003-08-27 00:00:00-04:00,158.32094876318487,158.8917530953793,156.60853576660156,156.60853576660156,4173,0.0,0.0
2003-08-28 00:00:00-04:00,156.71238890614052,159.56642247893447,156.71238890614052,158.7361602783203,2893,0.0,0.0
2003-08-29 00:00:00-04:00,158.2690757721696,160.75987200726289,158.06150765968636,159.35879516601562,2867,0.0,0.0
2003-09-02 00:00:00-04:00,159.35884762418996,162.16099167174903,158.1134490966797,158.1134490966797,8280,0.0,0.0
2003-09-03 00:00:00-04:00,160.86372265625,166.052875,160.86372265625,162.1610107421875,24533,0.0,0.0
2003-09-04 00:00:00-04:00,161.90150296494286,164.91121461479693,161.3825878913373,163.56202697753906,12307,0.0,0.0
2003-09-05 00:00:00-04:00,163.61389082676698,164.7554995138434,161.90146723880045,163.9771270751953,7053,0.0,0.0
2003-09-08 00:00:00-04:00,162.67987209639296,166.31227753395197,162.16095703388453,165.06687927246094,9560,0.0,0.0
2003-09-09 00:00:00-04:00,163.9771976531498,165.43016438694306,162.88747788148305,163.45828247070312,7107,0.0,0.0
2003-09-10 00:00:00-04:00,162.4204179909647,162.47230738683922,158.52855494006297,158.5804443359375,12347,0.0,0.0
2003-09-11 00:00:00-04:00,159.3615986725821,162.48633590145627,159.10120390350926,161.6009979248047,5760,0.825,0.0
2003-09-12 00:00:00-04:00,161.7052045968863,163.37172742699806,160.9240200336163,162.48638916015625,4347,0.0,0.0
2003-09-15 00:00:00-04:00,163.7883947821939,165.29868734602553,162.7988920268907,163.5279998779297,3613,0.0,0.0
2003-09-16 00:00:00-04:00,164.04873826589662,165.1944712473345,163.26755379796379,164.72576904296875,3253,0.0,0.0
2003-09-17 00:00:00-04:00,164.77784869079335,166.60061248030325,163.99666420957482,164.82992553710938,6333,0.0,0.0
2003-09-18 00:00:00-04:00,165.35073211616833,166.02776297405404,164.41330640455632,165.50697326660156,8227,0.0,0.0
2003-09-19 00:00:00-04:00,165.5069004765091,166.49639200909454,164.67362883466376,165.2465057373047,7827,0.0,0.0
2003-09-22 00:00:00-04:00,164.5695429207321,166.60062484170058,163.99667637776494,164.100830078125,5627,0.0,0.0
2003-09-23 00:00:00-04:00,162.79887611341354,166.60064558224914,162.79887611341354,166.54856872558594,5440,0.0,0.0
2003-09-24 00:00:00-04:00,166.1319489205719,166.704815590854,162.38226653736544,163.5279998779297,6587,0.0,0.0
2003-09-25 00:00:00-04:00,163.58003450363069,163.7883524923539,161.54895265569206,161.86143493652344,20813,0.0,0.0
2003-09-26 00:00:00-04:00,162.74673708023562,163.007131859564,161.44476318359375,161.44476318359375,5453,0.0,0.0
2003-09-29 00:00:00-04:00,160.92405646010408,161.7573180637756,158.99713833939512,159.88247680664062,11693,0.0,0.0
2003-09-30 00:00:00-04:00,159.3616073980564,162.43426796045043,159.10121261472625,160.14279174804688,10720,0.0,0.0
2003-10-01 00:00:00-04:00,161.4448199081933,164.51748150296424,160.92403016655396,162.69471740722656,6373,0.0,0.0
2003-10-02 00:00:00-04:00,163.00720868805655,165.29868594526255,162.48641888394135,163.47592163085938,5467,0.0,0.0
2003-10-03 00:00:00-04:00,164.3091358829637,165.29863834493904,164.3091358829637,164.82992553710938,5627,0.0,0.0
2003-10-06 00:00:00-04:00,164.8820299918986,166.13192749023438,164.30916339551393,166.13192749023438,3147,0.0,0.0
2003-10-07 00:00:00-04:00,166.13192227307562,166.13192227307562,164.5695530980937,165.7152862548828,1880,0.0,0.0
2003-10-08 00:00:00-04:00,166.13188070303258,166.13188070303258,164.04872232431117,165.09030151367188,4453,0.0,0.0
2003-10-09 00:00:00-04:00,165.81943913980732,166.13191083418988,164.8299366113514,166.079833984375,7587,0.0,0.0
2003-10-10 00:00:00-04:00,166.13190508689362,168.05882263183594,165.7152691118014,168.05882263183594,6773,0.0,0.0
2003-10-13 00:00:00-04:00,167.95464631553008,167.95464631553008,167.1734619140625,167.1734619140625,4573,0.0,0.0
2003-10-14 00:00:00-04:00,167.69427165244267,170.2982199700272,167.27763568343204,169.98574829101562,5493,0.0,0.0
2003-10-15 00:00:00-04:00,171.3398462421905,171.60024114529415,168.7358972111542,168.9962921142578,9533,0.0,0.0
2003-10-16 00:00:00-04:00,168.73588927562307,170.55865351162518,168.21509949390818,168.47549438476562,7080,0.0,0.0
2003-10-17 00:00:00-04:00,169.7774431363343,171.3398122449509,167.95467917628164,168.26715087890625,9200,0.0,0.0
2003-10-20 00:00:00-04:00,168.73588927562307,169.67331512090797,166.65273014876354,168.47549438476562,5347,0.0,0.0
2003-10-21 00:00:00-04:00,168.52752407051216,170.5586057697697,165.4027862548828,165.4027862548828,17987,0.0,0.0
2003-10-22 00:00:00-04:00,165.45484454511373,172.3292733258887,165.45484454511373,171.07937622070312,13013,0.0,0.0
2003-10-23 00:00:00-04:00,169.77742760727654,171.70434509345654,169.36079164488984,171.2877197265625,5587,0.0,0.0
2003-10-24 00:00:00-04:00,171.80848989200325,172.3292794881624,169.5170135498047,169.5170135498047,3320,0.0,0.0
2003-10-27 00:00:00-05:00,170.81899310172872,172.32928509886065,170.81899310172872,171.33978271484375,5813,0.0,0.0
2003-10-28 00:00:00-05:00,172.12099138790947,174.46454497715484,171.23565315905853,174.3083038330078,6680,0.0,0.0
2003-10-29 00:00:00-05:00,174.46454496268768,174.46454496268768,172.9021759033203,172.9021759033203,6600,0.0,0.0
2003-10-30 00:00:00-05:00,173.6833374845582,174.41244506835938,173.31878899040356,174.41244506835938,5507,0.0,0.0
2003-10-31 00:00:00-05:00,173.9437174295878,174.41243016451423,173.4229278564453,173.4229278564453,5347,0.0,0.0
2003-11-03 00:00:00-05:00,174.41246754119328,174.46454439056944,173.78751356219976,173.8916778564453,7573,0.0,0.0
2003-11-04 00:00:00-05:00,173.78747631944867,174.46450700273027,173.4229278564453,173.4229278564453,6533,0.0,0.0
2003-11-05 00:00:00-05:00,174.20410866857486,177.016374425372,174.20410866857486,176.07894897460938,4440,0.0,0.0
2003-11-06 00:00:00-05:00,176.33941727550888,178.63089442513441,176.18318669890647,178.00595092773438,5973,0.0,0.0
2003-11-07 00:00:00-05:00,179.15157034359171,179.93275451660156,177.43296092477465,179.93275451660156,5293,0.0,0.0
2003-11-10 00:00:00-05:00,179.67248218577296,180.60990807015787,176.07903042295837,176.49566650390625,7573,0.0,0.0
2003-11-11 00:00:00-05:00,177.0685287267002,179.1516878881908,175.50615935558224,177.7455596923828,3573,0.0,0.0
2003-11-12 00:00:00-05:00,177.74556064643357,181.23484802246094,177.74556064643357,181.23484802246094,18293,0.0,0.0
2003-11-13 00:00:00-05:00,180.19322735045603,182.0159912109375,180.19322735045603,182.0159912109375,6013,0.0,0.0
2003-11-14 00:00:00-05:00,183.31795159409117,183.31795159409117,181.23479305324923,181.28688049316406,5587,0.0,0.0
2003-11-17 00:00:00-05:00,181.75554784162475,182.01594260930617,180.1931792355363,181.9117889404297,3800,0.0,0.0
2003-11-18 00:00:00-05:00,181.49522157335855,181.85977014750333,180.92234439185358,181.1827392578125,6107,0.0,0.0
2003-11-19 00:00:00-05:00,181.18267712913254,181.2347645608586,180.14109802246094,180.14109802246094,3360,0.0,0.0
2003-11-20 00:00:00-05:00,179.6724606240527,182.53680419921875,178.11009140123483,182.53680419921875,15107,0.0,0.0
2003-11-21 00:00:00-05:00,183.31794927361307,188.78624037410438,182.79715964499485,185.40110778808594,10560,0.0,0.0
2003-11-24 00:00:00-05:00,186.70309733447155,189.46328683312257,186.70309733447155,188.21337890625,4493,0.0,0.0
2003-11-25 00:00:00-05:00,189.5153128354706,196.4418182373047,188.99452327429483,196.4418182373047,8693,0.0,0.0
2003-11-26 00:00:00-05:00,197.63963340370648,197.63963340370648,192.27549682280102,194.25450134277344,8547,0.0,0.0
2003-11-28 00:00:00-05:00,194.25451962111177,197.37925720214844,194.25451962111177,197.37925720214844,3680,0.0,0.0
2003-12-01 00:00:00-05:00,199.20202273597675,201.8059707455974,197.90004873116646,201.07687377929688,10800,0.0,0.0
2003-12-02 00:00:00-05:00,203.3683626759343,204.6703368287892,200.60817323368482,201.75390625,12307,0.0,0.0
2003-12-03 00:00:00-05:00,203.05588516755745,208.2637819011802,202.5871829379258,206.8055877685547,20240,0.0,0.0
2003-12-04 00:00:00-05:00,207.5346780512244,210.19071377494916,205.24321203972548,208.524169921875,10693,0.0,0.0
2003-12-05 00:00:00-05:00,209.72198018091387,216.12769688088144,207.53466796875,207.53466796875,16680,0.0,0.0
2003-12-08 00:00:00-05:00,207.53474709043246,208.83672166440005,202.32684879456215,202.53515625,10480,0.0,0.0
2003-12-09 00:00:00-05:00,204.6703645958106,204.6703645958106,201.28523133913689,201.8581085205078,12347,0.0,0.0
2003-12-10 00:00:00-05:00,201.28518546895776,201.28518546895776,194.25452569190492,195.81689453125,17347,0.0,0.0
2003-12-11 00:00:00-05:00,196.39146894684637,200.83116970761284,195.8691512102856,199.52537536621094,11760,0.825,0.0
2003-12-12 00:00:00-05:00,199.52539861016942,203.18162319203117,199.52539861016942,201.6146697998047,9533,0.0,0.0
2003-12-15 00:00:00-05:00,205.0097340130976,208.61371828811264,203.70393952893775,203.7561798095703,14853,0.0,0.0
2003-12-16 00:00:00-05:00,204.74855273181856,204.74855273181856,199.52537536621094,199.52537536621094,12867,0.0,0.0
2003-12-17 00:00:00-05:00,203.96504256255602,207.93466520844325,203.33826563245793,206.89002990722656,10773,0.0,0.0
2003-12-18 00:00:00-05:00,206.89002393435726,206.89002393435726,203.7038778563659,206.36770629882812,7093,0.0,0.0
2003-12-19 00:00:00-05:00,206.36769911087654,206.36769911087654,204.85296526870601,205.531982421875,9093,0.0,0.0
2003-12-22 00:00:00-05:00,205.79319892628334,205.79319892628334,202.76375164577118,203.18161010742188,4693,0.0,0.0
2003-12-23 00:00:00-05:00,203.18167941984268,206.31558707156262,201.82364426949545,206.05442810058594,10907,0.0,0.0
2003-12-24 00:00:00-05:00,205.2708186392509,206.10653530800207,202.13691301117075,204.3306427001953,4320,0.0,0.0
2003-12-26 00:00:00-05:00,205.0096857798315,205.68870300247323,202.65925626133662,204.59182739257812,2893,0.0,0.0
2003-12-29 00:00:00-05:00,202.13700166860022,208.40481567382812,202.13700166860022,208.40481567382812,13587,0.0,0.0
2003-12-30 00:00:00-05:00,209.1882873931418,211.01639976736402,206.3155393765069,210.59854125976562,5240,0.0,0.0
2003-12-31 00:00:00-05:00,211.90429669852202,212.21769583466383,206.57666015625,206.57666015625,6200,0.0,0.0
2004-01-02 00:00:00-05:00,206.0542986733573,206.68107555937468,204.27842728744838,204.74850463867188,3600,0.0,0.0
2004-01-05 00:00:00-05:00,205.2708251195985,207.20339606729382,205.2185848562182,206.78553771972656,5960,0.0,0.0
2004-01-06 00:00:00-05:00,207.62130150428186,207.62130150428186,203.70391845703125,203.70391845703125,7000,0.0,0.0
2004-01-07 00:00:00-05:00,205.00975777822455,209.18830061192085,205.00975777822455,208.5615234375,6160,0.0,0.0
2004-01-08 00:00:00-05:00,208.14362987394145,208.87486624550763,207.62131210763295,207.83023071289062,5653,0.0,0.0
2004-01-09 00:00:00-05:00,207.36016590437492,209.71059599648999,206.83784810612713,209.1882781982422,6987,0.0,0.0
2004-01-12 00:00:00-05:00,208.6659661812028,209.71060180664062,206.3677763065061,209.71060180664062,8947,0.0,0.0
2004-01-13 00:00:00-05:00,209.18822246411452,212.79220581054688,208.40474597548487,212.79220581054688,7747,0.0,0.0
2004-01-14 00:00:00-05:00,212.06095303164847,212.06095303164847,207.88241208521205,212.0087127685547,9933,0.0,0.0
2004-01-15 00:00:00-05:00,211.27747628500072,211.95649343840245,208.30027011579426,211.0685577392578,11960,0.0,0.0
2004-01-16 00:00:00-05:00,211.06858031605285,214.4114049244512,209.55384631134066,212.84445190429688,10293,0.0,0.0
2004-01-20 00:00:00-05:00,214.15032028801502,220.41813454034715,213.36684350647351,219.32125854492188,13453,0.0,0.0
2004-01-21 00:00:00-05:00,218.59000630622361,219.1123241229649,214.1503048639228,214.67262268066406,13040,0.0,0.0
2004-01-22 00:00:00-05:00,214.15032204312823,214.15032204312823,204.74860058757625,205.94993591308594,21653,0.0,0.0
2004-01-23 00:00:00-05:00,207.25567396368277,210.23288069431135,206.31549782423102,207.6212921142578,21867,0.0,0.0
2004-01-26 00:00:00-05:00,208.14365817458713,213.36683654785156,205.32315035429124,213.36683654785156,13080,0.0,0.0
2004-01-27 00:00:00-05:00,213.36688146192844,216.7619481192174,212.58340454101562,212.58340454101562,10760,0.0,0.0
2004-01-28 00:00:00-05:00,213.8890638088641,217.54528712183617,213.31450592984808,213.68014526367188,7427,0.0,0.0
2004-01-29 00:00:00-05:00,214.41147076217155,215.03824791206094,208.40481567382812,208.40481567382812,5880,0.0,0.0
2004-01-30 00:00:00-05:00,208.92710276614255,214.04582103454584,208.14362613076952,211.32977294921875,5573,0.0,0.0
2004-02-02 00:00:00-05:00,212.5833327545092,219.21676419425043,211.7998560981658,215.7172393798828,10387,0.0,0.0
2004-02-03 00:00:00-05:00,216.7618014416228,219.00777134574577,214.67253106628183,218.74661254882812,9773,0.0,0.0
2004-02-04 00:00:00-05:00,218.74666042084752,219.37343741998652,214.98597717285156,214.98597717285156,10520,0.0,0.0
2004-02-05 00:00:00-05:00,215.7172443898354,216.50072106437474,212.47887838570574,212.53109741210938,6960,0.0,0.0
2004-02-06 00:00:00-05:00,213.62798010012324,224.3354949951172,213.10566230036744,224.3354949951172,11547,0.0,0.0
2004-02-09 00:00:00-05:00,222.2461683079154,222.29840857611444,217.64976856701387,218.067626953125,9600,0.0,0.0
2004-02-10 00:00:00-05:00,218.0676323646723,224.59660339355472,217.17969655537647,224.5966033935547,12653,0.0,0.0
2004-02-11 00:00:00-05:00,223.81317280991158,223.81317280991158,219.53017118646932,221.2015838623047,11587,0.0,0.0
2004-02-12 00:00:00-05:00,220.41808024957368,220.83593868077412,219.2167452298084,220.15692138671875,7427,0.0,0.0
2004-02-13 00:00:00-05:00,219.6347020589388,219.8958610387949,217.28427124023438,217.28427124023438,7387,0.0,0.0
2004-02-17 00:00:00-05:00,217.59757998581307,221.4627227783203,217.2841808391067,221.4627227783203,9813,0.0,0.0
2004-02-18 00:00:00-05:00,220.9403560799612,224.49212019192564,220.20911990389146,222.50730895996094,6640,0.0,0.0
2004-02-19 00:00:00-05:00,223.81306323733938,225.22331632799387,220.41799926757812,220.41799926757812,4560,0.0,0.0
2004-02-20 00:00:00-05:00,220.94038881955447,225.1189304520756,219.37343570735905,224.0742950439453,9947,0.0,0.0
2004-02-23 00:00:00-05:00,223.65642846621364,225.38008107734464,221.04484004121545,224.91000366210938,9653,0.0,0.0
2004-02-24 00:00:00-05:00,220.1568828790838,220.41804169625948,215.45602416992188,215.45602416992188,12840,0.0,0.0
2004-02-25 00:00:00-05:00,215.45599497122566,222.92514038085938,215.45599497122566,222.92514038085938,9000,0.0,0.0
2004-02-26 00:00:00-05:00,222.82075163013693,226.26803588867188,221.82833519341776,226.26803588867188,11373,0.0,0.0
2004-02-27 00:00:00-05:00,225.90243435018334,225.90243435018334,219.68686142077354,221.72389221191406,11507,0.0,0.0
2004-03-01 00:00:00-05:00,221.72381692221853,221.72381692221853,218.9033104378984,221.0447998046875,9467,0.0,0.0
2004-03-02 00:00:00-05:00,221.4627548618362,221.93283239683296,218.85116577148438,218.85116577148438,5267,0.0,0.0
2004-03-03 00:00:00-05:00,219.11226346140705,219.3211820289976,216.76183393679125,218.3810272216797,5320,0.0,0.0
2004-03-04 00:00:00-05:00,218.38102151830955,219.37341656818737,218.06762242194816,218.79885864257812,3520,0.0,0.0
2004-03-05 00:00:00-05:00,218.7988657375744,219.63458251953128,215.56050040052259,219.63458251953125,12387,0.0,0.0
2004-03-08 00:00:00-05:00,218.32884019157294,218.32884019157294,214.62037531384695,214.82931518554688,8760,0.0,0.0
2004-03-09 00:00:00-05:00,215.19481509339576,216.13499086627925,213.1055450439453,213.1055450439453,5933,0.0,0.0
2004-03-10 00:00:00-05:00,212.3221263751602,214.67255581842764,212.3221263751602,214.6203155517578,7707,0.0,0.0
2004-03-11 00:00:00-05:00,215.30128338910805,215.30128338910805,210.58665674555093,211.11050415039062,6907,0.9,0.0
2004-03-12 00:00:00-05:00,211.63439011632371,213.41546309113895,211.16293589222832,213.2059326171875,2600,0.0,0.0
2004-03-15 00:00:00-05:00,212.68209836454966,212.68209836454966,207.44362303537355,208.910400390625,5333,0.0,0.0
2004-03-16 00:00:00-05:00,209.2771215606154,210.01049969323546,208.7008806596897,209.01519775390625,7000,0.0,0.0
2004-03-17 00:00:00-05:00,209.80096389489236,213.62505563970467,209.48664680858482,213.57266235351562,3867,0.0,0.0
2004-03-18 00:00:00-05:00,213.4154717384268,213.4154717384268,209.01516108387764,210.79623413085938,5733,0.0,0.0
2004-03-19 00:00:00-05:00,211.37251203416292,214.77752152170208,211.11058822742913,213.62506103515625,11693,0.0,0.0
2004-03-22 00:00:00-05:00,212.94398413141147,213.99167901028682,210.37714020432966,212.10581970214844,9173,0.0,0.0
2004-03-23 00:00:00-05:00,212.15836408661633,216.50630519394497,212.15836408661633,214.77760314941406,5787,0.0,0.0
2004-03-24 00:00:00-05:00,214.82994391815038,215.0918677603742,213.1536142755844,213.52032470703125,5440,0.0,0.0
2004-03-25 00:00:00-05:00,213.72978408179247,214.77747910180125,212.9440128167859,214.25363159179688,3933,0.0,0.0
2004-03-26 00:00:00-05:00,214.77746502434334,215.24891922628223,212.26299287804983,213.93930053710938,4347,0.0,0.0
2004-03-29 00:00:00-05:00,213.93933556515807,215.8251953125,210.84864347883797,215.8251953125,6587,0.0,0.0
2004-03-30 00:00:00-05:00,215.30128768569148,215.66797661331586,214.04406241514906,214.41075134277344,2200,0.0,0.0
2004-03-31 00:00:00-05:00,215.30135536193848,217.9729865458794,212.8916479679756,217.92059326171875,11893,0.0,0.0
2004-04-01 00:00:00-05:00,218.44438375810688,219.3873134187053,216.1394635347837,218.96823120117188,6853,0.0,0.0
2004-04-02 00:00:00-05:00,218.9682823764655,219.0206756591797,215.30134941800793,219.0206756591797,9640,0.0,0.0
2004-04-05 00:00:00-04:00,218.49677162776322,219.1777562345895,216.92522933741367,218.91583251953125,8360,0.0,0.0
2004-04-06 00:00:00-04:00,218.1825240201941,220.01599060859908,218.13013073436008,219.17782592773438,4680,0.0,0.0
2004-04-07 00:00:00-04:00,220.01591862858953,222.89707946777344,219.64922969395647,222.89707946777344,7667,0.0,0.0
2004-04-08 00:00:00-04:00,224.2066674978247,224.4161979132501,220.4873427584985,221.06358337402344,6053,0.0,0.0
2004-04-12 00:00:00-04:00,221.32560127568772,223.68291537211516,220.59222319407527,223.5257568359375,6600,0.0,0.0
2004-04-13 00:00:00-04:00,224.20679264055613,224.20679264055613,220.1731700266946,220.7493896484375,10667,0.0,0.0
2004-04-14 00:00:00-04:00,220.74925821348594,220.74925821348594,208.70076952100402,211.6343231201172,7973,0.0,0.0
2004-04-15 00:00:00-04:00,211.11049097869972,211.6343383508553,205.08624619891052,207.54832458496094,8093,0.0,0.0
2004-04-16 00:00:00-04:00,207.49601596432552,210.32478411113797,206.6578513869089,208.49131774902344,5693,0.0,0.0
2004-04-19 00:00:00-04:00,208.54372049508152,208.5960924614158,206.91978454589844,206.91978454589844,4867,0.0,0.0
2004-04-20 00:00:00-04:00,207.443549314521,208.01978992211147,202.72892319373642,203.5146942138672,7347,0.0,0.0
2004-04-21 00:00:00-04:00,203.5147867376154,203.67194527617102,200.10977743569904,201.6813201904297,7747,0.0,0.0
2004-04-22 00:00:00-04:00,202.36232532924743,207.70556640625,202.04800825366559,207.70556640625,10213,0.0,0.0
2004-04-23 00:00:00-04:00,210.8485804479708,211.37242785281046,208.28173669041854,211.11050415039062,9107,0.0,0.0
2004-04-26 00:00:00-04:00,211.11061902527842,211.26777759532854,207.4436851960552,207.49607849121094,4413,0.0,0.0
2004-04-27 00:00:00-04:00,207.49600372843426,208.28177498014696,202.99090669245095,204.92913818359375,7747,0.0,0.0
2004-04-28 00:00:00-04:00,205.24347206667926,205.24347206667926,199.2192253087891,200.1621551513672,8267,0.0,0.0
2004-04-29 00:00:00-04:00,200.1097771594197,200.3717009515132,195.86660320134018,195.9713897705078,17960,0.0,0.0
2004-04-30 00:00:00-04:00,195.39509970730944,198.01433696880153,193.09017944335938,193.09017944335938,12973,0.0,0.0
2004-05-03 00:00:00-04:00,193.09022493568887,198.38107266118965,193.09022493568887,196.86192321777344,11027,0.0,0.0
2004-05-04 00:00:00-04:00,196.91427719177088,198.80013681818664,196.4428229428722,198.17152404785156,11200,0.0,0.0
2004-05-05 00:00:00-04:00,198.17152749431642,202.36230778998092,198.17152749431642,201.47177124023438,6707,0.0,0.0
2004-05-06 00:00:00-04:00,200.63356514582557,200.89548886011517,196.96663314577134,198.0143280029297,8120,0.0,0.0
2004-05-07 00:00:00-04:00,198.27628169704127,198.48581217399186,193.29973037307326,193.82357788085938,8360,0.0,0.0
2004-05-10 00:00:00-04:00,193.8235581671522,193.8759514387658,183.08468534978297,184.4990692138672,15733,0.0,0.0
2004-05-11 00:00:00-04:00,184.60391102016072,185.65160636378346,184.027691370418,184.91822814941406,13133,0.0,0.0
2004-05-12 00:00:00-04:00,185.18008925151548,185.65154347026376,182.97993403834167,184.8134002685547,10493,0.0,0.0
2004-05-13 00:00:00-04:00,185.3373039350962,188.3232312947674,185.0753801085388,186.6992950439453,7493,0.0,0.0
2004-05-14 00:00:00-04:00,186.4897003173828,187.74692572594344,184.44670369961972,186.4897003173828,4213,0.0,0.0
2004-05-17 00:00:00-04:00,185.44199847707378,185.44199847707378,182.5084442122904,184.07998657226562,6360,0.0,0.0
2004-05-18 00:00:00-04:00,184.39432710023829,187.22309518299835,184.13240334015273,186.594482421875,3987,0.0,0.0
2004-05-19 00:00:00-04:00,187.2755204434105,187.7993680530424,185.1801300048828,185.1801300048828,5253,0.0,0.0
2004-05-20 00:00:00-04:00,185.96590675102266,186.4897543756734,182.56089719079267,186.3325958251953,10360,0.0,0.0
2004-05-21 00:00:00-04:00,187.64214763609905,187.64214763609905,185.91344683123296,187.4326171875,6120,0.0,0.0
2004-05-24 00:00:00-04:00,187.01357091267903,189.10896106296116,187.01357091267903,188.58511352539062,3413,0.0,0.0
2004-05-25 00:00:00-04:00,188.58509563577587,189.89471435546875,188.0612481478987,189.89471435546875,11693,0.0,0.0
2004-05-26 00:00:00-04:00,190.36617225772906,199.21920776367188,190.31380029717167,199.21920776367188,16133,0.0,0.0
2004-05-27 00:00:00-04:00,200.52889191791647,202.78144115726874,198.4335012423174,202.2052001953125,17827,0.0,0.0
2004-05-28 00:00:00-04:00,202.20519556451677,203.41004943847656,200.9479697141161,203.41004943847656,6880,0.0,0.0
2004-06-01 00:00:00-04:00,202.99088888518256,203.46234306868837,199.1667981992318,202.88612365722656,10027,0.0,0.0
2004-06-02 00:00:00-04:00,202.9385342057072,206.08161953454365,201.78607384821618,205.400634765625,6907,0.0,0.0
2004-06-03 00:00:00-04:00,206.13403723932083,206.13403723932083,202.62426246935803,202.99095153808594,11173,0.0,0.0
2004-06-04 00:00:00-04:00,203.77667035773248,207.44360272920838,203.51474661691276,206.60543823242188,7267,0.0,0.0
2004-06-07 00:00:00-04:00,206.13401110918304,209.4866269060141,206.13401110918304,209.06756591796875,5893,0.0,0.0
2004-06-08 00:00:00-04:00,209.06751972549418,210.8485924774015,206.34349601259123,206.39588928222656,9960,0.0,0.0
2004-06-09 00:00:00-04:00,205.61016565636743,209.01517476914805,205.4530071265414,206.91978454589844,9747,0.0,0.0
2004-06-10 00:00:00-04:00,206.29118320072206,207.6531741322409,201.5765549365302,201.6813201904297,12760,0.0,0.0
2004-06-14 00:00:00-04:00,202.5746058315172,206.8835814975667,201.8914705886188,205.7800750732422,16413,0.9,0.0
2004-06-15 00:00:00-04:00,205.2546565880472,209.1957980633779,204.15112842213023,208.09226989746094,6547,0.0,0.0
2004-06-16 00:00:00-04:00,207.5666729007563,212.76896830165165,207.5666729007563,209.87879943847656,12773,0.0,0.0
2004-06-17 00:00:00-04:00,209.19570105163763,216.49993797918285,208.2498232597844,211.50782775878906,28320,0.0,0.0
2004-06-18 00:00:00-04:00,211.50784883474012,215.18624620577907,211.45529174804688,211.45529174804688,19160,0.0,0.0
2004-06-21 00:00:00-04:00,211.50781732540463,216.44737022068105,211.50781732540463,212.34860229492188,18293,0.0,0.0
2004-06-22 00:00:00-04:00,212.34871496269122,221.1243191917102,211.56048665382013,221.07176208496094,18573,0.0,0.0
2004-06-23 00:00:00-04:00,221.0717493199151,221.0717493199151,218.07648619556872,219.8105926513672,13120,0.0,0.0
2004-06-24 00:00:00-04:00,219.81057768524286,223.06858334221567,219.3901850303299,219.8631134033203,15027,0.0,0.0
2004-06-25 00:00:00-04:00,219.12744096235795,223.5415103569777,216.76275634765625,216.76275634765625,107973,0.0,0.0
2004-06-28 00:00:00-04:00,217.55092297342557,217.55092297342557,213.71487585231458,215.08114624023438,35107,0.0,0.0
2004-06-29 00:00:00-04:00,215.08108421570918,215.81675490040598,212.8214937097886,214.39794921875,21480,0.0,0.0
2004-06-30 00:00:00-04:00,214.39807293663725,216.71020046450303,213.39965909098126,214.1353302001953,17080,0.0,0.0
2004-07-01 00:00:00-04:00,214.13534633014706,214.13534633014706,210.77224760318478,210.8247833251953,14107,0.0,0.0
2004-07-02 00:00:00-04:00,211.35024051707714,212.8216040312354,209.51104146989363,211.24514770507812,17080,0.0,0.0
2004-07-06 00:00:00-04:00,211.19254295117747,211.19254295117747,207.9345382220523,208.19728088378906,13747,0.0,0.0
2004-07-07 00:00:00-04:00,207.829494933181,213.92513469011251,207.829494933181,210.03652954101562,9440,0.0,0.0
2004-07-08 00:00:00-04:00,209.66870612378392,212.82161899782577,208.09224968676298,208.88047790527344,14960,0.0,0.0
2004-07-09 00:00:00-04:00,209.14320437569938,211.5078888472839,208.46006902971905,209.8263397216797,7160,0.0,0.0
2004-07-12 00:00:00-04:00,206.14792746149254,213.87255859375,206.14792746149254,213.87255859375,13947,0.0,0.0
2004-07-13 00:00:00-04:00,213.60978319177676,213.66234027674824,209.14315795898438,209.14315795898438,13107,0.0,0.0
2004-07-14 00:00:00-04:00,208.7228143701516,211.71807712869835,208.0922361128877,208.6177215576172,8053,0.0,0.0
2004-07-15 00:00:00-04:00,208.3549284127306,211.29765474389023,207.56670043638988,209.40589904785156,7760,0.0,0.0
2004-07-16 00:00:00-04:00,209.14319332550934,211.45532057829556,207.56673709441256,208.35496520996094,7840,0.0,0.0
2004-07-19 00:00:00-04:00,207.82952896118164,210.98244216918943,206.3581651876991,210.1942138671875,8227,0.0,0.0
2004-07-20 00:00:00-04:00,210.61455337806964,214.13530129472514,209.30083987319404,213.87255859375,7667,0.0,0.0
2004-07-21 00:00:00-04:00,214.39805940917483,214.39805940917483,209.03811220035692,210.5094757080078,13280,0.0,0.0
2004-07-22 00:00:00-04:00,209.66878258399004,213.24208942073201,207.56683990144379,211.92837524414062,18187,0.0,0.0
2004-07-23 00:00:00-04:00,211.92820981016325,215.2913069241323,210.61449665907378,212.34860229492188,19227,0.0,0.0
2004-07-26 00:00:00-04:00,211.6130308260184,214.0828086826614,208.30246752019121,213.34713745117188,12613,0.0,0.0
2004-07-27 00:00:00-04:00,214.1353084699405,218.65449163096307,212.87415201582357,218.54937744140625,15147,0.0,0.0
2004-07-28 00:00:00-04:00,218.07643024825094,218.6019156223431,213.18941199278285,217.34075927734375,12413,0.0,0.0
2004-07-29 00:00:00-04:00,217.55100533621652,220.70391845703125,216.81533416085063,220.70391845703125,14573,0.0,0.0
2004-07-30 00:00:00-04:00,221.2293739273916,224.01445108222399,220.70388847863296,223.06857299804688,12907,0.0,0.0
2004-08-02 00:00:00-04:00,222.5431521499689,222.5431521499689,215.8694892898891,217.81378173828125,15920,0.0,0.0
2004-08-03 00:00:00-04:00,218.07647374960092,221.3344794424603,215.97453183394214,218.60195922851562,13600,0.0,0.0
2004-08-04 00:00:00-04:00,218.07642135396085,225.5383090853242,217.13054344276185,223.96185302734375,11107,0.0,0.0
2004-08-05 00:00:00-04:00,225.69587893909903,225.9060644528129,216.65753835461769,218.28652954101562,12333,0.0,0.0
2004-08-06 00:00:00-04:00,218.54943941809512,220.2835460708097,215.18634033203125,215.18634033203125,7240,0.0,0.0
2004-08-09 00:00:00-04:00,215.18632277825245,217.9714003409277,215.18632277825245,217.0780792236328,7560,0.0,0.0
2004-08-10 00:00:00-04:00,218.33921186486904,223.5940665427239,218.33921186486904,223.43641662597656,11360,0.0,0.0
2004-08-11 00:00:00-04:00,222.54309059951603,225.90618896484375,218.60194967980794,225.90618896484375,10587,0.0,0.0
2004-08-12 00:00:00-04:00,225.43330891927081,225.43330891927081,222.2803955078125,222.2803955078125,7453,0.0,0.0
2004-08-13 00:00:00-04:00,222.8057925872569,225.90614765770135,222.17521443181698,225.0653839111328,5587,0.0,0.0
2004-08-16 00:00:00-04:00,225.0653876102223,229.5845489501953,225.0653876102223,229.5845489501953,11933,0.0,0.0
2004-08-17 00:00:00-04:00,230.4253614568805,230.4779185527949,227.79793430229805,230.1100616455078,8440,0.0,0.0
2004-08-18 00:00:00-04:00,229.58457964504717,236.36335463439258,227.53519498667367,235.25982666015625,10760,0.0,0.0
2004-08-19 00:00:00-04:00,234.73439201857616,237.20416983884263,233.00028541896373,236.83633422851562,9360,0.0,0.0
2004-08-20 00:00:00-04:00,238.15001138345994,242.56410217285156,237.30924745837956,242.56410217285156,13773,0.0,0.0
2004-08-23 00:00:00-04:00,243.29979929416294,243.29979929416294,237.78220125401452,239.35865783691406,10467,0.0,0.0
2004-08-24 00:00:00-04:00,240.14685020267228,241.77586364746097,238.57039385560878,241.77586364746094,6720,0.0,0.0
2004-08-25 00:00:00-04:00,240.93506002987132,246.18991411994486,239.93664630557979,245.6644287109375,8973,0.0,0.0
2004-08-26 00:00:00-04:00,243.03706348202635,244.19312739947452,240.67237854003906,240.67237854003906,16533,0.0,0.0
2004-08-27 00:00:00-04:00,241.19786519345337,244.61352123649792,240.93512242091148,244.40333557128906,7893,0.0,0.0
2004-08-30 00:00:00-04:00,243.87776822299506,243.98286102034854,241.19778428918238,242.82679748535156,7093,0.0,0.0
2004-08-31 00:00:00-04:00,242.9319290041482,244.19308553751708,240.30450174124817,241.51312255859375,9000,0.0,0.0
2004-09-01 00:00:00-04:00,242.248774480358,246.9781431795407,242.0911245806407,244.7185516357422,16347,0.0,0.0
2004-09-02 00:00:00-04:00,244.71857345480748,244.71857345480748,241.7233106213459,243.6676025390625,10373,0.0,0.0
2004-09-03 00:00:00-04:00,244.08801017542208,244.35075292049788,241.98606821481565,243.61508178710938,9133,0.0,0.0
2004-09-07 00:00:00-04:00,243.82524823904262,251.70752997090824,243.82524823904262,250.814208984375,10440,0.0,0.0
2004-09-08 00:00:00-04:00,250.81417440312478,253.0737657977944,248.92241849548168,248.9749755859375,10013,0.0,0.0
2004-09-09 00:00:00-04:00,248.5547645016343,250.60415041298455,247.34614297711505,249.97357177734375,15933,0.0,0.0
2004-09-10 00:00:00-04:00,250.02596215636112,254.65023803710935,248.18676322281797,254.65023803710938,12400,0.0,0.0
2004-09-13 00:00:00-04:00,255.96708879800062,256.80996083324743,252.85903835888976,254.4394073486328,8413,0.9,0.0
2004-09-14 00:00:00-04:00,254.17601251700899,255.4929866751282,252.85903835888976,254.4394073486328,4733,0.0,0.0
2004-09-15 00:00:00-04:00,253.91269629520895,254.01804997345008,252.85911664253172,252.91180419921875,5253,0.0,0.0
2004-09-16 00:00:00-04:00,253.12253371554516,259.1279296875,253.12253371554516,259.1279296875,5040,0.0,0.0
2004-09-17 00:00:00-04:00,262.34127530259303,262.34127530259303,255.75640393455603,256.8626708984375,14773,0.0,0.0
2004-09-20 00:00:00-04:00,256.33593961589906,258.3904113769531,254.7028825703503,258.3904113769531,7973,0.0,0.0
2004-09-21 00:00:00-04:00,259.12797502273105,263.1842748984191,259.12797502273105,262.60479736328125,11573,0.0,0.0
2004-09-22 00:00:00-04:00,261.8145336004617,261.8145336004617,256.1778869628906,256.1778869628906,15107,0.0,0.0
2004-09-23 00:00:00-04:00,257.75833006709763,258.07439117999394,252.22703552246094,252.22703552246094,16547,0.0,0.0
2004-09-24 00:00:00-04:00,251.2786946524057,252.85906380116296,251.2786946524057,252.12156677246094,7053,0.0,0.0
2004-09-27 00:00:00-04:00,251.59490805868822,252.17436418720473,247.8546905517578,247.8546905517578,7787,0.0,0.0
2004-09-28 00:00:00-04:00,248.38139354651446,256.7046767689278,248.38139354651446,256.1778869628906,6733,0.0,0.0
2004-09-29 00:00:00-04:00,256.70472181330064,256.70472181330064,254.70291591207308,255.22970581054688,10413,0.0,0.0
2004-09-30 00:00:00-04:00,255.75638150675204,256.335858710375,253.06974565013832,254.4394073486328,8840,0.0,0.0
2004-10-01 00:00:00-04:00,255.2297203441963,260.49761962890625,255.2297203441963,260.49761962890625,8800,0.0,0.0
2004-10-04 00:00:00-04:00,261.81456118412626,262.86814090720117,261.5511662533575,262.0252685546875,6627,0.0,0.0
2004-10-05 00:00:00-04:00,261.49846279703655,261.7618577117939,258.3904113769531,258.3904113769531,5707,0.0,0.0
2004-10-06 00:00:00-04:00,258.44308196272453,263.3948974609375,258.12699951171874,263.3948974609375,8467,0.0,0.0
2004-10-07 00:00:00-04:00,262.3412681815653,263.07876518071544,256.968017578125,256.968017578125,6467,0.0,0.0
2004-10-08 00:00:00-04:00,256.5467034294622,261.0771055343045,254.38685607910156,254.38685607910156,7813,0.0,0.0
2004-10-11 00:00:00-04:00,254.91370487460844,257.4949890642712,253.43870983496424,255.80926513671875,6813,0.0,0.0
2004-10-12 00:00:00-04:00,255.22973962939722,260.60299301877785,252.91187234304124,258.2851257324219,5627,0.0,0.0
2004-10-13 00:00:00-04:00,259.60210567845115,260.23424936559076,251.54221472078865,252.59579467773438,7253,0.0,0.0
2004-10-14 00:00:00-04:00,251.80553418536522,252.59571891607243,249.17158508300784,249.1715850830078,5680,0.0,0.0
2004-10-15 00:00:00-04:00,249.22429104939712,258.02167741411034,248.59212607002698,255.651123046875,10640,0.0,0.0
2004-10-18 00:00:00-04:00,253.12258018246513,255.4931350436953,251.9636465373359,252.06900024414062,7573,0.0,0.0
2004-10-19 00:00:00-04:00,253.385919673967,256.4939712372864,252.70108857701058,252.8064422607422,7747,0.0,0.0
2004-10-20 00:00:00-04:00,252.06896437865333,255.12435005208837,249.69840985471615,254.07077026367188,7160,0.0,0.0
2004-10-21 00:00:00-04:00,254.07077796495,259.44403076171875,253.64934174978188,259.44403076171875,13000,0.0,0.0
2004-10-22 00:00:00-04:00,262.0779318181781,269.4529891959761,262.0252442628552,266.08154296875,21013,0.0,0.0
2004-10-25 00:00:00-04:00,269.71650263100435,280.25230351502796,266.0289723215961,279.3040771484375,27453,0.0,0.0
2004-10-26 00:00:00-04:00,279.4621028296009,291.0514831542969,275.7745727262885,291.0514831542969,24933,0.0,0.0
2004-10-27 00:00:00-04:00,289.7344806660536,289.7344806660536,282.8862111230378,284.20318603515625,29347,0.0,0.0
2004-10-28 00:00:00-04:00,284.4665107194768,286.0995677809937,281.83256154614827,283.1495361328125,16920,0.0,0.0
2004-10-29 00:00:00-04:00,283.1495492170047,287.31118052911717,282.4647181132669,287.2585144042969,12987,0.0,0.0
2004-11-01 00:00:00-05:00,287.8907135047717,289.4710833867741,282.9915625835366,289.2603759765625,12867,0.0,0.0
2004-11-02 00:00:00-05:00,289.73454168477457,294.1595697473576,288.62827395155733,289.5238342285156,9867,0.0,0.0
2004-11-03 00:00:00-05:00,291.5782260444285,299.480074988722,291.5782260444285,298.11041259765625,13000,0.0,0.0
2004-11-04 00:00:00-05:00,297.3729442670285,305.9596252441406,294.21220438110794,305.9596252441406,14173,0.0,0.0
2004-11-05 00:00:00-05:00,310.2792780259076,310.2792780259076,302.0613462987045,304.4845886230469,14027,0.0,0.0
2004-11-08 00:00:00-05:00,304.4845398161885,305.16937092287117,300.428262171408,302.37738037109375,15307,0.0,0.0
2004-11-09 00:00:00-05:00,302.9042216105696,306.22300258654775,302.11403668462896,302.9569091796875,28867,0.0,0.0
2004-11-10 00:00:00-05:00,304.2739705430782,308.01416739456107,303.1677027582606,304.2212829589844,18240,0.0,0.0
2004-11-11 00:00:00-05:00,305.538093787388,315.072998046875,304.69522150633526,315.072998046875,15267,0.0,0.0
2004-11-12 00:00:00-05:00,313.7561625116822,318.65529283102984,310.85881723522664,313.6507873535156,15720,0.0,0.0
2004-11-15 00:00:00-05:00,314.96774152828556,317.28563045635485,312.3864790277449,312.91326904296875,12667,0.0,0.0
2004-11-16 00:00:00-05:00,315.28378312937076,315.28378312937076,309.0676574707031,309.0676574707031,14560,0.0,0.0
2004-11-17 00:00:00-05:00,310.3846578386912,321.28920634528583,310.3846578386912,314.75701904296875,18667,0.0,0.0
2004-11-18 00:00:00-05:00,313.96681539992863,316.02128766489966,311.75430186031247,314.28289794921875,9560,0.0,0.0
2004-11-19 00:00:00-05:00,312.96583966234357,315.1256650565443,309.9631205495796,310.01580810546875,12000,0.0,0.0
2004-11-22 00:00:00-05:00,310.0158199428927,321.86859130859375,308.22474306612895,321.86859130859375,16360,0.0,0.0
2004-11-23 00:00:00-05:00,321.86863764366353,328.0847629195537,316.07394858624895,323.71240234375,25227,0.0,0.0
2004-11-24 00:00:00-05:00,322.39541890569234,329.4543949939522,320.0248643549152,328.87493896484375,11973,0.0,0.0
2004-11-26 00:00:00-05:00,329.40178259633,330.29732128567474,328.3482026241269,329.8758850097656,1960,0.0,0.0
2004-11-29 00:00:00-05:00,331.19282661772553,334.7750024494521,328.71691821944626,330.3499755859375,17840,0.0,0.0
2004-11-30 00:00:00-05:00,331.6668395706975,340.4115366755412,331.6668395706975,337.777587890625,16933,0.0,0.0
2004-12-01 00:00:00-05:00,337.14560959497754,341.8867197299069,337.0402558790072,340.253662109375,18413,0.0,0.0
2004-12-02 00:00:00-05:00,340.30623049510683,344.4151954599381,335.8812044930627,337.0928039550781,28653,0.0,0.0
2004-12-03 00:00:00-05:00,337.67226948097635,340.4115722162604,332.9311611731311,336.5133361816406,23000,0.0,0.0
2004-12-06 00:00:00-05:00,336.56610140116965,339.77952877448774,333.9848391364732,335.6705627441406,15893,0.0,0.0
2004-12-07 00:00:00-05:00,335.6177777199276,335.6177777199276,323.7123201069538,323.870361328125,20600,0.0,0.0
2004-12-08 00:00:00-05:00,322.55345524370705,327.5052716557589,316.12662284663895,322.13201904296875,30307,0.0,0.0
2004-12-09 00:00:00-05:00,322.18463391093496,322.8167773518425,316.6006537401349,321.71051025390625,30533,0.0,0.0
2004-12-10 00:00:00-05:00,330.71879126300945,330.8241449839378,321.34192426783767,328.3482360839844,16107,0.0,0.0
2004-12-13 00:00:00-05:00,322.4893618882835,328.8758210170863,322.43657271473336,327.0812683105469,26173,0.9,0.0
2004-12-14 00:00:00-05:00,327.23984152882855,342.6517781571465,327.23984152882855,342.2823181152344,29187,0.0,0.0
2004-12-15 00:00:00-05:00,345.6603172312172,345.6603172312172,334.62917479161723,338.21826171875,23773,0.0,0.0
2004-12-16 00:00:00-05:00,341.8071602001909,343.0210967693188,333.1511292685995,333.20391845703125,17387,0.0,0.0
2004-12-17 00:00:00-05:00,333.2039431616029,333.2039431616029,327.66197997754426,328.2425537109375,22880,0.0,0.0
2004-12-20 00:00:00-05:00,328.24253795471014,331.77885528359303,326.76469835775225,329.0870361328125,28453,0.0,0.0
2004-12-21 00:00:00-05:00,329.2453961647197,339.907073363111,329.2453961647197,338.693115234375,22907,0.0,0.0
2004-12-22 00:00:00-05:00,338.851428439974,340.38205714295833,337.3207997369896,337.95416259765625,20893,0.0,0.0
2004-12-23 00:00:00-05:00,339.00986595978515,339.11542288561975,336.74029541015625,336.74029541015625,12013,0.0,0.0
2004-12-27 00:00:00-05:00,337.0042430520642,337.215356931666,330.45945506655056,330.7233581542969,16453,0.0,0.0
2004-12-28 00:00:00-05:00,328.5593060076502,339.90713746012324,327.2397907224789,338.6404113769531,20627,0.0,0.0
2004-12-29 00:00:00-05:00,339.37922318336996,339.37922318336996,330.9343280497247,335.3678894042969,13667,0.0,0.0
2004-12-30 00:00:00-05:00,334.62911501729445,336.47643663016595,329.5093994140625,329.5093994140625,11027,0.0,0.0
2004-12-31 00:00:00-05:00,328.18971096776755,336.52904843357607,326.97575310967596,335.20953369140625,14987,0.0,0.0
2005-01-03 00:00:00-05:00,332.517761630551,342.862767249649,331.19824670344565,340.4876403808594,36960,0.0,0.0
2005-01-04 00:00:00-05:00,339.9071659632869,344.2879613727075,335.473602823926,335.6319274902344,34813,0.0,0.0
2005-01-05 00:00:00-05:00,334.8930046590988,337.848727711618,327.82041078723205,328.0315246582031,26787,0.0,0.0
2005-01-06 00:00:00-05:00,329.0870263081091,331.1982502138548,322.0144348144531,322.0144348144531,22653,0.0,0.0
2005-01-07 00:00:00-05:00,322.5423031534384,322.5423031534384,313.78071365997573,314.04461669921875,39893,0.0,0.0
2005-01-10 00:00:00-05:00,314.8363031260173,319.32265446980796,314.5724001057943,316.6836242675781,32133,0.0,0.0
2005-01-11 00:00:00-05:00,315.62800824153373,319.2698612844969,308.5026267845761,315.3641052246094,31453,0.0,0.0
2005-01-12 00:00:00-05:00,315.8918964996404,318.2142343494795,311.40554542153353,314.51959228515625,23653,0.0,0.0
2005-01-13 00:00:00-05:00,314.04460993000015,317.2114463326556,311.0888873635949,313.83349609375,19800,0.0,0.0
2005-01-14 00:00:00-05:00,313.8334872188986,313.8334872188986,307.7109284229768,308.76654052734375,20920,0.0,0.0
2005-01-18 00:00:00-05:00,304.8080005560737,324.5479386681593,301.3244719591251,323.0700988769531,40787,0.0,0.0
2005-01-19 00:00:00-05:00,321.9616794974952,321.9616794974952,312.9361877603331,315.9974670410156,30787,0.0,0.0
2005-01-20 00:00:00-05:00,315.9973774453366,316.52518332764936,308.97755491528204,311.0360107421875,18587,0.0,0.0
2005-01-21 00:00:00-05:00,311.93338702589557,313.6223621527356,309.3471458763421,310.13885498046875,12680,0.0,0.0
2005-01-24 00:00:00-05:00,309.29446955327387,311.14179147040096,301.9051818847656,301.9051818847656,23040,0.0,0.0
2005-01-25 00:00:00-05:00,302.16894034083214,307.71090343878626,302.16894034083214,304.5440673828125,20933,0.0,0.0
2005-01-26 00:00:00-05:00,304.5440664958801,304.5440664958801,294.8324445431032,298.26318359375,37507,0.0,0.0
2005-01-27 00:00:00-05:00,296.9436179520136,297.4714238698263,287.4958791372797,288.1292419433594,77360,0.0,0.0
2005-01-28 00:00:00-05:00,280.52891926427066,287.6543010329774,280.31780543208754,282.85125732421875,55507,0.0,0.0
2005-01-31 00:00:00-05:00,283.95966639379446,286.3347937149322,281.4789821536808,285.49029541015625,42227,0.0,0.0
2005-02-01 00:00:00-05:00,285.4902911918994,293.46017134232955,282.9568392679727,290.2933349609375,66480,0.0,0.0
2005-02-02 00:00:00-05:00,289.765462777453,290.24047953567697,287.8653527915995,289.60711669921875,30760,0.0,0.0
2005-02-03 00:00:00-05:00,290.02957279753446,291.0851854373799,284.38204946966016,285.59600830078125,22040,0.0,0.0
2005-02-04 00:00:00-05:00,286.0709487043911,287.97105953730346,284.90977940716175,286.5987548828125,16080,0.0,0.0
2005-02-07 00:00:00-05:00,287.91830858666015,294.9909037266984,286.49323601086036,293.03802490234375,31453,0.0,0.0
2005-02-08 00:00:00-05:00,293.0379571217129,294.3574724378918,290.18781262936096,292.82684326171875,17213,0.0,0.0
2005-02-09 00:00:00-05:00,291.8767419824522,292.93235406918797,277.7843249198256,278.3648986816406,30200,0.0,0.0
2005-02-10 00:00:00-05:00,278.41780803956004,280.05401607076857,275.30375963028314,277.6260986328125,20547,0.0,0.0
2005-02-11 00:00:00-05:00,278.15373247282747,279.94826409173805,275.0396859939889,279.15655517578125,13173,0.0,0.0
2005-02-14 00:00:00-05:00,279.73727743022135,280.95123594832944,271.5562815808469,274.1953125,31387,0.0,0.0
2005-02-15 00:00:00-05:00,274.4063511842951,276.3064615159722,270.23669206528706,271.50341796875,45680,0.0,0.0
2005-02-16 00:00:00-05:00,271.5034272710645,271.5034272710645,264.1669316655516,265.3808898925781,39467,0.0,0.0
2005-02-17 00:00:00-05:00,263.90308628906325,263.90308628906325,258.625024563282,259.78619384765625,52947,0.0,0.0
2005-02-18 00:00:00-05:00,259.9445458855412,261.9502136820878,252.3441454187726,252.97750854492188,37053,0.0,0.0
2005-02-22 00:00:00-05:00,251.6579521069853,256.0915147446173,250.49678298536597,252.4496612548828,32920,0.0,0.0
2005-02-23 00:00:00-05:00,253.34688806230093,254.40250009589386,248.5966339111328,248.5966339111328,25693,0.0,0.0
2005-02-24 00:00:00-05:00,248.75495981133088,250.60228072010685,248.38549992487168,249.9689178466797,14240,0.0,0.0
2005-02-25 00:00:00-05:00,249.124517641993,250.54959003659653,248.0689052791032,250.1801300048828,22080,0.0,0.0
2005-02-28 00:00:00-05:00,248.8605301172041,250.70785112549723,247.22432291926626,248.38551330566406,28133,0.0,0.0
2005-03-01 00:00:00-05:00,249.38838439339023,262.05573090226085,248.75502136324377,260.8945617675781,54347,0.0,0.0
2005-03-02 00:00:00-05:00,260.47221508281933,262.16118968978327,258.2026453876128,258.9943542480469,29093,0.0,0.0
2005-03-03 00:00:00-05:00,259.9445261974047,260.6834462091984,257.1999385409731,258.1499938964844,20467,0.0,0.0
2005-03-04 00:00:00-05:00,258.2026788484492,262.37235893964305,256.56649321073627,260.947265625,21013,0.0,0.0
2005-03-07 00:00:00-05:00,261.26400270461187,261.79180877068177,256.3026342741481,257.5165710449219,19653,0.0,0.0
2005-03-08 00:00:00-05:00,258.0971897452885,258.88889891628634,254.50810387480126,256.0915222167969,17107,0.0,0.0
2005-03-09 00:00:00-05:00,253.8746744028195,256.5137042822667,251.8690073991436,253.1885223388672,23600,0.0,0.0
2005-03-10 00:00:00-05:00,252.55521271465918,253.66361408832677,248.06886097364642,250.54954528808594,22627,0.0,0.0
2005-03-11 00:00:00-05:00,251.44946554307973,253.61988007219256,250.28486180014542,251.50241088867188,13840,1.05,0.0
2005-03-14 00:00:00-05:00,250.920045324729,253.8845101724159,250.1789398828102,253.24925231933594,16347,0.0,0.0
2005-03-15 00:00:00-05:00,253.83165338177795,255.10212645110371,250.17902715245637,250.8671875,12507,0.0,0.0
2005-03-16 00:00:00-05:00,249.86126027159133,250.60236556317597,235.83303273515665,238.9033660888672,99413,0.0,0.0
2005-03-17 00:00:00-05:00,239.53866045361016,242.45018008343305,236.20364275144806,240.91502380371094,38480,0.0,0.0
2005-03-18 00:00:00-05:00,241.6031307483653,243.8794135385453,238.2681353204293,241.126708984375,67680,0.0,0.0
2005-03-21 00:00:00-05:00,241.12680730977445,242.07967276631138,234.98613795876818,237.10360717773438,20827,0.0,0.0
2005-03-22 00:00:00-05:00,236.36254098321086,238.90350877770737,233.98038771462308,234.2450714111328,30747,0.0,0.0
2005-03-23 00:00:00-05:00,232.44516750968552,233.18627304182868,222.7047972100399,229.2160186767578,38200,0.0,0.0
2005-03-24 00:00:00-05:00,229.7453975788771,231.33349940545918,226.78093221992,226.83387756347656,19053,0.0,0.0
2005-03-28 00:00:00-05:00,226.30457054041065,230.06308781334522,225.82814848159484,228.3690948486328,19440,0.0,0.0
2005-03-29 00:00:00-05:00,228.58085971999242,228.79259807518756,218.25819487392064,220.00511169433594,48640,0.0,0.0
2005-03-30 00:00:00-05:00,221.32842923945884,225.51042139582026,221.27548390481894,224.55755615234375,19787,0.0,0.0
2005-03-31 00:00:00-05:00,224.92817257606595,225.7222235805096,219.95212823089057,223.65769958496094,43147,0.0,0.0
2005-04-01 00:00:00-05:00,224.98108135672382,226.7809213915742,222.44011424751676,225.61631774902344,41907,0.0,0.0
2005-04-04 00:00:00-04:00,224.71647035666317,224.71647035666317,218.4699304769083,221.85789489746094,41600,0.0,0.0
2005-04-05 00:00:00-04:00,222.22845058394824,224.2929749371563,218.0464349787097,220.00511169433594,19547,0.0,0.0
2005-04-06 00:00:00-04:00,221.01082799070778,222.86361337506102,218.94630432128906,218.94630432128906,22640,0.0,0.0
2005-04-07 00:00:00-04:00,219.5286645201979,219.79334822990154,216.45832917963256,218.2052459716797,18160,0.0,0.0
2005-04-08 00:00:00-04:00,219.52863563537505,219.7933193102525,211.85280906392828,213.0703582763672,34053,0.0,0.0
2005-04-11 00:00:00-04:00,213.33502434072864,213.33502434072864,211.48223876953125,211.48223876953125,24747,0.0,0.0
2005-04-12 00:00:00-04:00,210.1588332031856,213.44090639105156,207.7766801819908,213.3350372314453,37293,0.0,0.0
2005-04-13 00:00:00-04:00,213.38795763806766,213.38795763806766,206.4532377043039,206.98260498046875,14080,0.0,0.0
2005-04-14 00:00:00-04:00,207.7766343880163,207.82957972615634,203.96519470214844,203.96519470214844,26920,0.0,0.0
2005-04-15 00:00:00-04:00,204.22986865450292,206.18852297294555,197.45396423339844,197.45396423339844,27813,0.0,0.0
2005-04-18 00:00:00-04:00,190.0429016402317,207.0356042469103,190.0429016402317,203.3300323486328,55960,0.0,0.0
2005-04-19 00:00:00-04:00,204.38876342773438,208.83544100809863,202.90653038760803,204.38876342773438,57493,0.0,0.0
2005-04-20 00:00:00-04:00,204.33577633527335,204.33577633527335,193.43080141743852,196.87168884277344,32307,0.0,0.0
2005-04-21 00:00:00-04:00,198.19514565249605,201.63603374743533,194.91307208532615,199.9420623779297,36413,0.0,0.0
2005-04-22 00:00:00-04:00,199.78322236396588,199.83616771313967,195.33654539377096,197.1893310546875,32507,0.0,0.0
2005-04-25 00:00:00-04:00,197.71861248948616,201.1594986506151,197.71861248948616,200.36544799804688,19533,0.0,0.0
2005-04-26 00:00:00-04:00,199.57151218170816,201.84779633687648,197.08348968001874,199.04214477539062,67120,0.0,0.0
2005-04-27 00:00:00-04:00,199.04208869334914,203.27702675065444,198.51272143618598,202.21829223632812,59213,0.0,0.0
2005-04-28 00:00:00-04:00,202.27125125590808,202.27125125590808,172.20318470779466,183.26695251464844,165947,0.0,0.0
2005-04-29 00:00:00-04:00,187.9253033774805,193.85421004927696,185.27846811864273,191.94850158691406,76387,0.0,0.0
2005-05-02 00:00:00-04:00,192.68965200182694,204.86509704589844,192.68965200182694,204.86509704589844,79027,0.0,0.0
2005-05-03 00:00:00-04:00,204.8650448167771,207.77656354156335,203.64749631477557,205.44735717773438,72373,0.0,0.0
2005-05-04 00:00:00-04:00,206.4532181923868,221.01081691108075,206.4532181923868,219.26390075683594,83920,0.0,0.0
2005-05-05 00:00:00-04:00,219.26393849614368,220.74617129244052,210.6881922647274,213.70558166503906,56787,0.0,0.0
2005-05-06 00:00:00-04:00,213.70558657396364,215.39955772006655,208.09430580624706,215.3466339111328,49613,0.0,0.0
2005-05-09 00:00:00-04:00,214.39377665075457,214.39377665075457,209.10010315320505,213.0703582763672,33867,0.0,0.0
2005-05-10 00:00:00-04:00,214.39375895284144,214.76431175907874,211.48223876953125,211.48223876953125,33280,0.0,0.0
2005-05-11 00:00:00-04:00,211.74690145828734,213.0173742510336,209.89411607052733,211.9057159423828,27387,0.0,0.0
2005-05-12 00:00:00-04:00,211.4822740639166,213.54679828608175,208.5178080392552,209.31185913085938,40067,0.0,0.0
2005-05-13 00:00:00-04:00,208.57067738915705,209.68235712829986,206.08265585013035,207.77662658691406,27293,0.0,0.0
2005-05-16 00:00:00-04:00,207.51195813270783,217.3052520751953,207.51195813270783,217.3052520751953,34947,0.0,0.0
2005-05-17 00:00:00-04:00,216.51125145504176,216.88180430111865,210.7411558146657,215.1348876953125,26560,0.0,0.0
2005-05-18 00:00:00-04:00,215.4524820543617,221.22257676610366,215.4524820543617,218.2581329345703,44133,0.0,0.0
2005-05-19 00:00:00-04:00,217.62290720925938,219.74037642446984,215.18780899576308,216.03480529785156,20253,0.0,0.0
2005-05-20 00:00:00-04:00,216.03488197673434,216.03488197673434,211.1646838211257,214.129150390625,32133,0.0,0.0
2005-05-23 00:00:00-04:00,213.8643626206196,216.51119879166686,211.9586319614624,214.18199157714844,42893,0.0,0.0
2005-05-24 00:00:00-04:00,214.1820681973618,217.83469480407265,211.90578396795522,216.5112762451172,35680,0.0,0.0
2005-05-25 00:00:00-04:00,217.19944188197596,217.30531105073356,206.98264706659396,207.08851623535156,95587,0.0,0.0
2005-05-26 00:00:00-04:00,208.41189677985676,208.41189677985676,201.21251459389362,202.3241729736328,121747,0.0,0.0
2005-05-27 00:00:00-04:00,201.15956342736743,201.15956342736743,188.98411616728993,196.81875610351562,149933,0.0,0.0
2005-05-31 00:00:00-04:00,197.71864559095184,203.27700108949264,197.71864559095184,202.9064483642578,72360,0.0,0.0
2005-06-01 00:00:00-04:00,202.90652409361843,207.51201606042608,201.26547657509408,205.39454650878906,64373,0.0,0.0
2005-06-02 00:00:00-04:00,205.39448419055225,205.39448419055225,202.74764805407605,204.60043334960938,27227,0.0,0.0
2005-06-03 00:00:00-04:00,204.60043529294776,204.8651189091094,199.99494467973682,200.25962829589844,76987,0.0,0.0
2005-06-06 00:00:00-04:00,200.89491851445723,202.00659861631343,197.40108522863514,201.42428588867188,48880,0.0,0.0
2005-06-07 00:00:00-04:00,201.95360595420163,203.80639132992823,200.6301878286826,202.16534423828125,39920,0.0,0.0
2005-06-08 00:00:00-04:00,202.165331091373,203.4887491308295,198.5127059184759,198.7773895263672,41880,0.0,0.0
2005-06-09 00:00:00-04:00,198.77749070914618,200.6302769075004,197.24233361794563,200.57733154296875,55347,0.0,0.0
2005-06-10 00:00:00-04:00,201.42427534806103,201.42427534806103,199.62443498592302,201.1595916748047,39640,0.0,0.0
2005-06-13 00:00:00-04:00,201.10642165734023,202.32847292925604,199.93751150928765,200.84075927734375,44293,1.05,0.0
2005-06-14 00:00:00-04:00,200.84073985706675,204.61315393610755,200.787598738342,204.5600128173828,46520,0.0,0.0
2005-06-15 00:00:00-04:00,205.88835877695112,209.66077348240626,204.13498262343452,209.39511108398438,44827,0.0,0.0
2005-06-16 00:00:00-04:00,208.81068280278419,209.12948638622706,206.31346013136587,208.27935791015625,38293,0.0,0.0
2005-06-17 00:00:00-04:00,208.54507305232394,210.51097132786393,207.26990163566845,210.08590698242188,71080,0.0,0.0
2005-06-20 00:00:00-04:00,209.6076171242329,209.82013837966352,206.79159158164836,208.97003173828125,28867,0.0,0.0
2005-06-21 00:00:00-04:00,208.27928577769885,208.4386875142154,204.5600128173828,204.5600128173828,45867,0.0,0.0
2005-06-22 00:00:00-04:00,205.62268524169923,209.12943735880157,205.62268524169923,207.21665954589844,55440,0.0,0.0
2005-06-23 00:00:00-04:00,207.2167489753233,207.74807397269592,204.93204716268713,205.30397033691406,41813,0.0,0.0
2005-06-24 00:00:00-04:00,205.35706710805732,208.6512770559742,204.2412762068229,205.8352508544922,58867,0.0,0.0
2005-06-27 00:00:00-04:00,205.99460282804452,206.1540045781967,202.32847067284249,202.7003936767578,41160,0.0,0.0
2005-06-28 00:00:00-04:00,203.49741655496933,214.1239135030095,203.49741655496933,213.91139221191406,51080,0.0,0.0
2005-06-29 00:00:00-04:00,214.4427608048265,215.34600890573643,211.99865736032407,214.07081604003906,43640,0.0,0.0
2005-06-30 00:00:00-04:00,214.60219795164994,217.20570389779834,212.95510312335873,213.3270263671875,39467,0.0,0.0
2005-07-01 00:00:00-04:00,213.37997918142722,215.71779889598497,212.2110477044939,213.69876098632812,31733,0.0,2.0
2005-07-05 00:00:00-04:00,213.80506574868588,215.186518714221,210.72339956653033,214.4426727294922,27360,0.0,0.0
2005-07-06 00:00:00-04:00,214.01765453722174,214.4427187424122,211.36103027936065,213.59259033203125,22467,0.0,0.0
2005-07-07 00:00:00-04:00,212.52983444239456,214.4426116002372,211.89224926299792,214.01754760742188,22080,0.0,0.0
2005-07-08 00:00:00-04:00,214.0176225036432,218.9058060825248,212.31738755703137,217.52435302734375,18773,0.0,0.0
2005-07-11 00:00:00-04:00,217.8431445240847,225.60049441597673,217.41808040595953,225.17543029785156,40967,0.0,0.0
2005-07-12 00:00:00-04:00,225.28177848241967,225.38803914833636,223.4752823028333,223.58154296875,38480,0.0,0.0
2005-07-13 00:00:00-04:00,223.5814848989794,226.0255660589437,223.26268136436315,224.64413452148438,27613,0.0,0.0
2005-07-14 00:00:00-04:00,237.50217588448484,237.50217588448484,229.10724006396467,235.80194091796875,111060,0.0,0.0
2005-07-15 00:00:00-04:00,235.37684508196958,235.48310569938428,223.15637682714947,225.60047912597656,62773,0.0,0.0
2005-07-18 00:00:00-04:00,225.70681209806799,225.70681209806799,220.49982397896903,223.1564483642578,48300,0.0,0.0
2005-07-19 00:00:00-04:00,224.75036933560312,226.34434358621024,223.156395084996,225.38795471191406,27673,0.0,0.0
2005-07-20 00:00:00-04:00,238.9899548550976,295.5229180536425,238.9899548550976,277.0328063964844,300520,0.0,0.0
2005-07-21 00:00:00-04:00,275.9700758858273,276.0763581351688,264.28093098836644,265.6623840332031,100473,0.0,0.0
2005-07-22 00:00:00-04:00,264.3871891086304,269.38163282477683,260.34911259199333,268.6377868652344,56953,0.0,0.0
2005-07-25 00:00:00-04:00,267.8940829288912,272.67600832610543,266.30010779648643,267.0439758300781,43947,0.0,0.0
2005-07-26 00:00:00-04:00,266.7250092268993,269.2753722047933,265.1310350681728,268.6377868652344,30480,0.0,0.0
2005-07-27 00:00:00-04:00,268.3190595898401,269.0629057606393,259.074015491442,261.5180969238281,37813,0.0,0.0
2005-07-28 00:00:00-04:00,261.51805108856155,263.4308289348918,258.117581161375,261.943115234375,37713,0.0,0.0
2005-07-29 00:00:00-04:00,260.0303512197763,263.1120394162716,258.75518033416665,260.5616760253906,31407,0.0,0.0
2005-08-01 00:00:00-04:00,260.34918716355725,261.6243582079212,256.62991306122075,257.48004150390625,33187,0.0,0.0
2005-08-02 00:00:00-04:00,257.48006705533055,260.6680166022657,257.48006705533055,259.49908447265625,48653,0.0,0.0
2005-08-03 00:00:00-04:00,259.49907458432546,259.60535686090657,251.4229403637678,256.2048645019531,53140,0.0,0.0
2005-08-04 00:00:00-04:00,254.50461918165703,255.03594406512605,250.25402011390491,252.91064453125,32407,0.0,0.0
2005-08-05 00:00:00-04:00,251.3167110158158,251.74177531609757,242.60299014854706,244.5157470703125,41473,0.0,0.0
2005-08-08 00:00:00-04:00,245.68453020695986,245.79081244163666,241.75273611363397,242.92164611816406,21300,0.0,0.0
2005-08-09 00:00:00-04:00,243.6655534484756,245.47204905774626,240.0525406102736,241.22145080566406,29960,0.0,0.0
2005-08-10 00:00:00-04:00,240.90270653036538,244.83452385222876,237.92729999400862,241.54031372070312,47940,0.0,0.0
2005-08-11 00:00:00-04:00,238.88367337303325,239.62751955304827,223.1564483642578,223.1564483642578,153233,0.0,0.0
2005-08-12 00:00:00-04:00,223.15643107923094,223.26269172247896,212.31741307467632,215.93040466308594,102373,0.0,0.0
2005-08-15 00:00:00-04:00,216.88677892170534,232.18893747756894,216.88677892170534,228.78846740722656,80633,0.0,0.0
2005-08-16 00:00:00-04:00,228.46962984150056,229.53227928262385,220.49975903307615,220.7122802734375,32793,0.0,0.0
2005-08-17 00:00:00-04:00,220.7123000069211,220.7123000069211,216.24918060302736,217.84315490722656,39660,0.0,0.0
2005-08-18 00:00:00-04:00,216.35550457297774,219.11838985185372,214.86779046291636,218.90586853027344,42653,0.0,0.0
2005-08-19 00:00:00-04:00,218.905802895317,223.05014038085938,218.905802895317,223.05014038085938,35353,0.0,0.0
2005-08-22 00:00:00-04:00,224.21900166612437,224.21900166612437,213.69876930193442,217.2055206298828,31167,0.0,0.0
2005-08-23 00:00:00-04:00,218.26816992687867,218.90575518114514,214.44263678162469,217.2055206298828,28393,0.0,0.0
2005-08-24 00:00:00-04:00,218.26822518736049,222.0937593011515,214.3364088212374,215.0802764892578,25773,0.0,0.0
2005-08-25 00:00:00-04:00,217.09929652782165,218.37446725076546,211.99857039672852,212.74241638183594,34100,0.0,0.0
2005-08-26 00:00:00-04:00,204.5600404306276,204.66630106276332,192.76463463102743,193.7210235595703,143880,0.0,0.0
2005-08-29 00:00:00-04:00,193.93356614281763,199.03429324265832,192.3395916265753,194.9962158203125,64000,0.0,0.0
2005-08-30 00:00:00-04:00,194.99617587662706,194.99617587662706,190.21425330744546,192.65835571289062,25913,0.0,0.0
2005-08-31 00:00:00-04:00,193.18967934015396,196.5901489443001,192.5520723721754,196.1650848388672,48860,0.0,0.0
2005-09-01 00:00:00-04:00,196.59014577450958,196.90894925335851,194.1460434224227,195.52749633789062,52940,0.0,0.0
2005-09-02 00:00:00-04:00,196.90907120762736,198.71556772085745,193.08351357073994,194.57122802734375,26593,0.0,0.0
2005-09-06 00:00:00-04:00,195.10243223931138,196.59014577450958,193.93352218296215,195.52749633789062,38500,0.0,0.0
2005-09-07 00:00:00-04:00,194.88991099985085,196.27134229566065,193.82726156323187,195.52749633789062,18813,0.0,0.0
2005-09-08 00:00:00-04:00,195.52754065905995,197.65284001404973,192.44585227039218,194.9962158203125,25020,0.0,0.0
2005-09-09 00:00:00-04:00,194.46485904700253,195.52750854999164,191.06438928530127,194.039794921875,31627,0.0,0.0
2005-09-12 00:00:00-04:00,193.40223241111806,194.5711426786814,191.276933153853,192.2333221435547,35853,0.0,0.0
2005-09-13 00:00:00-04:00,191.48654208182882,191.8065839812495,186.89939060955396,188.39288330078125,27913,1.05,0.0
2005-09-14 00:00:00-04:00,188.1796062070866,189.9931197658354,186.68611296265544,186.8994598388672,26420,0.0,0.0
2005-09-15 00:00:00-04:00,188.17954225443532,189.88638179501032,186.366007608365,187.4327850341797,24847,0.0,0.0
2005-09-16 00:00:00-04:00,188.9262598043941,194.68686169669562,188.28619775050288,191.059814453125,66787,0.0,0.0
2005-09-19 00:00:00-04:00,190.95322804067325,190.95322804067325,184.01917227383316,185.6193389892578,53780,0.0,0.0
2005-09-20 00:00:00-04:00,186.57941899542445,188.17958550189698,181.35220406688478,183.80580139160156,39293,0.0,0.0
2005-09-21 00:00:00-04:00,183.48572221235796,183.80576413023203,176.01828002929688,176.01828002929688,28373,0.0,0.0
2005-09-22 00:00:00-04:00,176.551665579388,179.64532448313898,174.31143730551398,178.47186279296875,34627,0.0,0.0
2005-09-23 00:00:00-04:00,181.35214886150467,181.35214886150467,176.55165080340603,179.6453094482422,15780,0.0,0.0
2005-09-26 00:00:00-04:00,182.3122680719515,183.6990657159485,176.97838089432648,178.47186279296875,21133,0.0,0.0
2005-09-27 00:00:00-04:00,178.3651790502858,180.39204954919256,176.8716863864003,177.4050750732422,20567,0.0,0.0
2005-09-28 00:00:00-04:00,177.29843729983287,178.79191941197178,174.5248090598787,176.3383331298828,38533,0.0,0.0
2005-09-29 00:00:00-04:00,177.08511727316338,182.41900634765625,175.4849505508155,182.41900634765625,32780,0.0,0.0
2005-09-30 00:00:00-04:00,182.95236570447116,182.95236570447116,177.2984463691,180.498779296875,24367,0.0,0.0
2005-10-03 00:00:00-04:00,170.68441096953984,170.79108438566675,164.49710324225853,165.99058532714844,122560,0.0,0.0
2005-10-04 00:00:00-04:00,165.990590162667,166.09727443372435,154.3627208377259,155.2161407470703,90627,0.0,0.0
2005-10-05 00:00:00-04:00,154.46939862241092,155.96289164483832,148.17541711777713,152.86923217773438,59953,0.0,0.0
2005-10-06 00:00:00-04:00,153.08259843946337,157.24303576914,151.16240076877565,152.54920959472656,46680,0.0,0.0
2005-10-07 00:00:00-04:00,153.0825763522206,153.82932279747394,150.9490212811095,152.22915649414062,25080,0.0,0.0
2005-10-10 00:00:00-04:00,152.33580697057846,153.93597303298333,149.88222117858848,152.6558380126953,29080,0.0,0.0
2005-10-11 00:00:00-04:00,152.5491782891392,153.6159557596926,151.05568548963575,152.4425048828125,48987,0.0,0.0
2005-10-12 00:00:00-04:00,151.48241686139787,153.1892566543183,147.9620530061102,149.34886169433594,55220,0.0,0.0
2005-10-13 00:00:00-04:00,149.9889451834435,150.41566061812532,147.42868513082527,149.56224060058594,42327,0.0,0.0
2005-10-14 00:00:00-04:00,152.54918005677953,155.85618591308594,147.21529264220683,155.85618591308594,49213,0.0,0.0
2005-10-17 00:00:00-04:00,154.6827019044276,155.7494791589409,151.5890435256113,154.3626708984375,37060,0.0,0.0
2005-10-18 00:00:00-04:00,154.36269689534663,156.81628282358267,152.3358154296875,152.3358154296875,36320,0.0,0.0
2005-10-19 00:00:00-04:00,151.4824141674888,157.34969077256758,148.60211257281287,156.2829132080078,37340,0.0,0.0
2005-10-20 00:00:00-04:00,156.2829149013907,160.44335178898274,156.2829149013907,158.8431854248047,44273,0.0,0.0
2005-10-21 00:00:00-04:00,158.8432133991475,165.03052225993653,158.30982451715147,162.68360900878906,39493,0.0,0.0
2005-10-24 00:00:00-04:00,160.22998609371274,160.33665950526307,144.5483543383069,149.66888427734375,93400,0.0,0.0
2005-10-25 00:00:00-04:00,149.66890820170656,152.01582129736397,141.1346866551879,142.84153747558594,55733,0.0,0.0
2005-10-26 00:00:00-04:00,142.3081720807916,142.4148455269729,125.45307306729981,126.41317749023438,127360,0.0,0.0
2005-10-27 00:00:00-04:00,126.94650370997478,128.54666972312572,123.10610961914062,123.10610961914062,51387,0.0,0.0
2005-10-28 00:00:00-04:00,122.89281365575475,125.66643179646555,121.6126780324168,123.21284484863281,53833,0.0,0.0
2005-10-31 00:00:00-05:00,125.87970943631825,128.013263833544,120.65249682238768,121.82595825195312,69413,0.0,0.0
2005-11-01 00:00:00-05:00,122.25266262030696,124.06618602831261,116.91877662724264,121.82595825195312,46873,0.0,0.0
2005-11-02 00:00:00-05:00,121.8260105790098,123.95956589264631,120.97259062391988,123.74620819091797,32420,0.0,0.0
2005-11-03 00:00:00-05:00,124.8129441172098,125.34633276728333,122.78606290620236,124.5995864868164,30007,0.0,0.0
2005-11-04 00:00:00-05:00,123.63948459766665,125.87971242725456,120.65249968912399,123.31944274902344,28053,0.0,0.0
2005-11-07 00:00:00-05:00,125.34634982940008,126.41312727475668,122.466048556573,123.95954132080078,27760,0.0,0.0
2005-11-08 00:00:00-05:00,122.89278166371808,123.53284388285013,118.5189869935727,119.05237579345703,25260,0.0,0.0
2005-11-09 00:00:00-05:00,118.73232636386707,123.10612035914983,117.45219127130086,121.07923889160156,37493,0.0,0.0
2005-11-10 00:00:00-05:00,121.18587477781905,123.74614417034647,118.41225864576258,122.67936706542969,33447,0.0,0.0
2005-11-11 00:00:00-05:00,122.25266262030696,122.67937784047965,120.33246583316757,121.82595825195312,27193,0.0,0.0
2005-11-14 00:00:00-05:00,121.82601168792793,122.67943165078607,118.94570981793606,120.65254974365234,19187,0.0,0.0
2005-11-15 00:00:00-05:00,120.54585319409016,121.71930406144561,117.34552080840633,117.45219421386719,25193,0.0,0.0
2005-11-16 00:00:00-05:00,117.34549408852533,117.55885170268645,112.1182813747634,113.18505859375,31040,0.0,0.0
2005-11-17 00:00:00-05:00,113.8251681246513,113.8251681246513,110.62483543615214,113.39845275878906,34487,0.0,0.0
2005-11-18 00:00:00-05:00,113.3984293763293,117.13215007636154,113.3984293763293,114.89192199707031,59400,0.0,0.0
2005-11-21 00:00:00-05:00,115.10532363597717,120.75924354406281,114.89196591548207,120.01249694824219,41307,0.0,0.0
2005-11-22 00:00:00-05:00,121.07921131960633,133.13379142159104,120.7591803322971,127.5865478515625,67080,0.0,0.0
2005-11-23 00:00:00-05:00,127.79994139574515,132.28040903336878,127.69326798725342,130.8936004638672,26293,0.0,0.0
2005-11-25 00:00:00-05:00,130.89363899944098,130.89363899944098,128.01333675215253,129.29347229003906,14307,0.0,0.0
2005-11-28 00:00:00-05:00,129.18674652777165,131.74701678166622,127.05319160013332,130.1468505859375,44707,0.0,0.0
2005-11-29 00:00:00-05:00,131.74701678166622,135.69409556816143,129.5067884483746,130.1468505859375,36440,0.0,0.0
2005-11-30 00:00:00-05:00,131.21363313533058,134.41396565082644,128.6533627822051,129.080078125,29213,0.0,0.0
2005-12-01 00:00:00-05:00,130.78693633286633,134.41398470532675,130.2535475046706,131.8537139892578,28673,0.0,0.0
2005-12-02 00:00:00-05:00,133.98721150388172,134.41392672309527,131.21359513445014,133.77386474609375,28893,0.0,0.0
2005-12-05 00:00:00-05:00,134.41397443546387,134.41397443546387,131.32031512756936,131.96038818359375,31780,0.0,0.0
2005-12-06 00:00:00-05:00,132.1737164370747,136.76085681726988,132.0670321922486,133.24049377441406,23773,0.0,0.0
2005-12-07 00:00:00-05:00,136.54751738855893,137.29426379464195,132.0670498038825,132.70712280273438,22573,0.0,0.0
2005-12-08 00:00:00-05:00,132.81382751464844,134.41399411121049,131.32033435046085,132.81382751464844,27907,0.0,0.0
2005-12-09 00:00:00-05:00,133.24046173202626,138.0409585956039,132.49371560510622,135.80072021484375,28927,0.0,0.0
2005-12-12 00:00:00-05:00,137.72097949957515,142.84152050042485,137.72097949957515,140.28125,46960,0.0,0.0
2005-12-13 00:00:00-05:00,139.42327970872003,139.42327970872003,126.76793804021612,131.2723846435547,118700,1.05,0.0
2005-12-14 00:00:00-05:00,129.12739130285388,136.09855421899022,128.48389279542562,130.52162170410156,59480,0.0,0.0
2005-12-15 00:00:00-05:00,130.84339302975812,131.27239212496332,127.08968913136343,128.054931640625,47260,0.0,0.0
2005-12-16 00:00:00-05:00,128.05490585692803,132.4520966028614,127.62590684810127,130.41436767578125,60800,0.0,0.0
2005-12-19 00:00:00-05:00,130.41435747944112,130.52161267821114,124.62293677246525,126.2316665649414,40260,0.0,0.0
2005-12-20 00:00:00-05:00,127.3041656833355,129.98538226929497,126.5534228572872,126.982421875,28227,0.0,0.0
2005-12-21 00:00:00-05:00,127.94766519224811,131.8086239808299,127.94766519224811,129.6636505126953,27840,0.0,0.0
2005-12-22 00:00:00-05:00,129.7708830520352,133.73908579015145,129.23463973363835,132.13035583496094,38407,0.0,0.0
2005-12-23 00:00:00-05:00,132.98830313060085,136.4202615224018,131.59407310233968,135.02603149414062,20120,0.0,0.0
2005-12-27 00:00:00-05:00,136.09855421899022,136.74204181652055,130.30712220162548,130.52162170410156,30600,0.0,0.0
2005-12-28 00:00:00-05:00,131.27234773261563,135.24053892679018,130.73610449990053,134.48980712890625,27373,0.0,0.0
2005-12-29 00:00:00-05:00,134.3825547754737,134.9187980195178,131.48683907565615,131.80859375,17700,0.0,0.0
2005-12-30 00:00:00-05:00,131.91580480258006,136.20574967420868,129.4490886833724,133.0955352783203,44420,0.0,0.0
2006-01-03 00:00:00-05:00,134.0607823927917,137.49274060402607,131.91580987450706,133.84628295898438,65020,0.0,0.0
2006-01-04 00:00:00-05:00,134.91881586032733,138.7797742739316,134.70431635236628,135.99130249023438,24680,0.0,0.0
2006-01-05 00:00:00-05:00,135.5623276541608,137.38554637555583,134.27534139031198,136.95655822753906,12707,0.0,0.0
2006-01-06 00:00:00-05:00,138.02904616380644,138.45803431555706,134.3825868694799,136.84930419921875,30233,0.0,0.0
2006-01-09 00:00:00-05:00,137.06378912014142,137.17104432907104,135.02607106925691,135.99130249023438,26633,0.0,0.0
2006-01-10 00:00:00-05:00,135.13331536828838,135.99130249023438,133.0955864075057,135.99130249023438,25647,0.0,0.0
2006-01-11 00:00:00-05:00,135.66953594970704,135.66953594970704,131.59408962094412,134.06080627441406,23793,0.0,0.0
2006-01-12 00:00:00-05:00,134.16807389892998,134.16807389892998,131.91585632562254,132.13035583496094,17067,0.0,0.0
2006-01-13 00:00:00-05:00,129.2346112950361,133.95355582246464,129.2346112950361,133.4173126220703,20840,0.0,0.0
2006-01-17 00:00:00-05:00,132.34480787077766,132.77379582567355,128.91284968213895,130.84332275390625,27127,0.0,0.0
2006-01-18 00:00:00-05:00,130.73606640605328,131.91579681031834,129.77082450445948,131.16505432128906,18047,0.0,0.0
2006-01-19 00:00:00-05:00,131.59410221148718,133.95357480964364,129.77087288973456,132.88108825683594,12200,0.0,0.0
2006-01-20 00:00:00-05:00,133.84631405100953,134.27531301827915,131.7013410344552,132.9883270263672,25113,0.0,0.0
2006-01-23 00:00:00-05:00,133.41732965020637,134.06081720884995,131.48684515448113,132.45208740234375,26027,0.0,0.0
2006-01-24 00:00:00-05:00,132.45209879352075,136.6348010141175,132.45209879352075,135.99130249023438,15740,0.0,0.0
2006-01-25 00:00:00-05:00,136.098543007932,136.098543007932,134.27531375191987,135.13330078125,18027,0.0,0.0
2006-01-26 00:00:00-05:00,135.1333234951891,139.20877075195312,134.16808110626394,139.20877075195312,29660,0.0,0.0
2006-01-27 00:00:00-05:00,139.63779829140546,141.35377298869759,138.13631224884907,140.17404174804688,18740,0.0,0.0
2006-01-30 00:00:00-05:00,140.17399410063734,141.8899682146421,138.35076478582147,139.7449951171875,21787,0.0,0.0
2006-01-31 00:00:00-05:00,138.7797976992997,139.74502928320365,135.8840811277879,137.06381225585938,35287,0.0,0.0
2006-02-01 00:00:00-05:00,137.27831180002693,137.27831180002693,135.77682590075412,137.06381225585938,16480,0.0,0.0
2006-02-02 00:00:00-05:00,136.52752346904396,137.2782661691357,131.80858961541773,133.20281982421875,24160,0.0,0.0
2006-02-03 00:00:00-05:00,134.27531301827915,136.0985422643297,131.8085962312211,132.9883270263672,30113,0.0,0.0
2006-02-06 00:00:00-05:00,134.06081660752062,134.70430416327784,132.55933109755753,133.31007385253906,14400,0.0,0.0
2006-02-07 00:00:00-05:00,134.3825628848283,135.1333056537732,132.4520892717539,132.88108825683594,17927,0.0,0.0
2006-02-08 00:00:00-05:00,133.7390386970279,134.27528182659907,131.7013104406997,133.84628295898438,17107,0.0,0.0
2006-02-09 00:00:00-05:00,134.06086054856402,136.0985899928625,133.3101175475119,134.27536010742188,13647,0.0,0.0
2006-02-10 00:00:00-05:00,134.1680500304313,135.1332921957883,132.02307713843464,134.91879272460938,11307,0.0,0.0
2006-02-13 00:00:00-05:00,134.91876832983593,134.91876832983593,130.09258019547053,130.84332275390625,21553,0.0,0.0
2006-02-14 00:00:00-05:00,131.37957023251786,137.0637453748846,129.9853402406007,135.56227111816406,15947,0.0,0.0
2006-02-15 00:00:00-05:00,135.34783107087304,138.8870351910591,132.98835802078247,137.27830505371094,14420,0.0,0.0
2006-02-16 00:00:00-05:00,138.0289901472823,139.31597590003332,135.13327493106618,136.74200439453125,17793,0.0,0.0
2006-02-17 00:00:00-05:00,126.76791731724461,139.3160126217504,126.76791731724461,136.63479614257812,13513,0.0,0.0
2006-02-21 00:00:00-05:00,136.63477758414447,137.49276455896384,133.4173182461495,134.91879272460938,12800,0.0,0.0
2006-02-22 00:00:00-05:00,135.34783107087304,138.02904796645333,134.27534431264093,137.27830505371094,13987,0.0,0.0
2006-02-23 00:00:00-05:00,137.27829236871258,137.7072913963242,133.63183336370926,135.45506286621094,15467,0.0,0.0
2006-02-24 00:00:00-05:00,134.3825388743127,136.5275115966797,130.95058033654644,136.5275115966797,21627,0.0,0.0
2006-02-27 00:00:00-05:00,136.52752157861468,139.31599286750247,136.52752157861468,138.0290069580078,18287,0.0,0.0
2006-02-28 00:00:00-05:00,138.13628257676345,138.3507820953251,135.1333220465966,135.7768096923828,17567,0.0,0.0
2006-03-01 00:00:00-05:00,135.77679814132478,138.5652698256026,134.16806825382142,136.63479614257812,13113,0.0,0.0
2006-03-02 00:00:00-05:00,136.742070044531,138.88704369228833,134.8115959435294,135.34783935546875,16413,0.0,0.0
2006-03-03 00:00:00-05:00,134.3825628848283,135.02606136245137,131.48684701026798,132.88108825683594,22780,0.0,0.0
2006-03-06 00:00:00-05:00,133.20285333267637,133.9535962216247,131.16512419265936,133.52459716796875,26720,0.0,0.0
2006-03-07 00:00:00-05:00,133.20283204069878,133.20283204069878,131.37960271894616,132.88108825683594,39007,0.0,0.0
2006-03-08 00:00:00-05:00,132.77379159492696,133.0955352783203,130.8433185846729,133.0955352783203,30227,0.0,0.0
2006-03-09 00:00:00-05:00,133.6317783872739,137.8144790010694,131.91580480258006,133.0955352783203,31747,0.0,0.0
2006-03-10 00:00:00-05:00,133.20284593392503,135.34781926326394,132.45210308667671,134.59707641601562,18673,0.0,0.0
2006-03-13 00:00:00-05:00,135.3478281252028,137.70730112394247,134.70432953832875,136.95655822753906,21460,0.0,0.0
2006-03-14 00:00:00-05:00,136.95652604753934,139.53048706054688,134.27530984030443,139.53048706054688,20813,0.0,0.0
2006-03-15 00:00:00-05:00,139.53048535231642,142.64070047859016,139.53048535231642,140.4957275390625,30827,0.0,0.0
2006-03-16 00:00:00-05:00,140.49575434347523,142.53348338875227,140.49575434347523,141.03199768066406,17927,0.0,0.0
2006-03-17 00:00:00-05:00,142.10444589969168,142.10444589969168,134.16804229303364,139.1014862060547,78473,0.0,0.0
2006-03-20 00:00:00-05:00,138.45797812493603,138.56523330177066,134.5970317765778,136.74200439453125,37967,0.0,0.0
2006-03-21 00:00:00-05:00,137.06373646655558,138.35072211002296,132.77379159492696,133.0955352783203,28573,0.0,0.0
2006-03-22 00:00:00-05:00,133.0955747923376,134.92913546131356,132.34057341416766,133.4191436767578,23033,1.05,0.0
2006-03-23 00:00:00-05:00,132.77201942114655,136.00773080562732,132.66416676371165,135.57630920410156,27533,0.0,0.0
2006-03-24 00:00:00-05:00,136.00768859198016,138.59626128484598,136.00768859198016,137.19412231445312,28480,0.0,0.0
2006-03-27 00:00:00-05:00,137.19414999258834,139.02772177229903,136.65486482042547,138.27272033691406,22287,0.0,0.0
2006-03-28 00:00:00-05:00,137.94915729881092,138.81201141663584,134.49772985572585,135.2527313232422,18647,0.0,0.0
2006-03-29 00:00:00-05:00,135.46843975890096,137.84129686667174,134.92915455130694,137.7334442138672,15347,0.0,0.0
2006-03-30 00:00:00-05:00,137.73344102640834,138.16486259942812,132.9877269206932,135.2527313232422,29480,0.0,0.0
2006-03-31 00:00:00-05:00,135.79203074938468,135.79203074938468,132.7720245628222,133.31130981445312,31887,0.0,0.0
2006-04-03 00:00:00-04:00,134.3898312101162,134.3898312101162,130.0755507735567,131.80126953125,33473,0.0,0.0
2006-04-04 00:00:00-04:00,131.69350351087303,131.69350351087303,128.2420853818462,129.53636169433594,37007,0.0,0.0
2006-04-05 00:00:00-04:00,129.53630464944536,132.0170254234416,125.76130813292946,131.26202392578125,40407,0.0,0.0
2006-04-06 00:00:00-04:00,131.15415066185653,131.26201428033096,128.88915730709851,129.9677276611328,32127,0.0,0.0
2006-04-07 00:00:00-04:00,129.42845598051818,131.15416433821065,126.7320298142574,127.81060028076172,32113,0.0,0.0
2006-04-10 00:00:00-04:00,127.81061250735551,127.81061250735551,124.35918449001464,126.19275665283203,29120,0.0,0.0
2006-04-11 00:00:00-04:00,126.19272693834807,126.19272693834807,122.30987819049736,122.95701599121094,24993,0.0,0.0
2006-04-12 00:00:00-04:00,122.95704218600574,126.94775539868085,120.26061582227754,123.71204376220703,20587,0.0,0.0
2006-04-13 00:00:00-04:00,123.71204376220703,124.14346539733135,121.87847164051446,123.71204376220703,29127,0.0,0.0
2006-04-17 00:00:00-04:00,123.71204790568653,125.7613254276841,118.64276397773493,121.12347412109375,52680,0.0,0.0
2006-04-18 00:00:00-04:00,121.55487943255687,124.68272683343254,121.55487943255687,123.60415649414062,39093,0.0,0.0
2006-04-19 00:00:00-04:00,123.81991894082213,125.4377750532156,122.7413481992265,124.57492065429688,40167,0.0,0.0
2006-04-20 00:00:00-04:00,124.35912693658936,125.0062755619706,120.90770051656922,121.87841796875,18273,0.0,0.0
2006-04-21 00:00:00-04:00,122.84917336049847,122.84917336049847,119.18202959949218,120.04488372802734,20320,0.0,0.0
2006-04-24 00:00:00-04:00,120.36847843253388,122.30991435224239,118.64276980589061,119.82919311523438,18240,0.0,0.0
2006-04-25 00:00:00-04:00,119.82915161528557,120.69201660156251,118.64272871683089,120.6920166015625,22500,0.0,0.0
2006-04-26 00:00:00-04:00,120.69201505503668,121.55486905847309,116.05415421447111,116.16201782226562,43367,0.0,0.0
2006-04-27 00:00:00-04:00,116.1620671651936,116.91706885332648,112.60278603175412,114.22064208984375,45513,0.0,0.0
2006-04-28 00:00:00-04:00,112.38705119637497,115.83847907985378,112.27918756051785,114.32847595214844,26333,0.0,0.0
2006-05-01 00:00:00-04:00,114.32845725090039,115.83846013160739,112.49488545912328,113.57345581054688,31767,0.0,0.0
2006-05-02 00:00:00-04:00,113.57345845577531,116.48560066680243,113.03417326750308,115.83846282958984,30427,0.0,0.0
2006-05-03 00:00:00-04:00,116.05419639751354,116.48562904193959,115.08348940523679,116.26991271972656,19160,0.0,0.0
2006-05-04 00:00:00-04:00,116.26988561908799,117.45631962882702,115.83846404700728,117.02488708496094,15920,0.0,0.0
2006-05-05 00:00:00-04:00,117.88771639488237,120.04485671673487,117.88771639488237,119.93700408935547,28807,0.0,0.0
2006-05-08 00:00:00-04:00,120.69205247151983,122.84919363475137,120.58418883028585,121.12347412109375,18193,0.0,0.0
2006-05-09 00:00:00-04:00,122.41770300400995,122.84913542093076,120.58413168976968,121.87841796875,23433,0.0,0.0
2006-05-10 00:00:00-04:00,121.87843811457122,123.06486099953932,120.04486649725186,121.2313003540039,26587,0.0,0.0
2006-05-11 00:00:00-04:00,122.84917145147026,122.95702410144159,117.34845589543981,117.88774108886719,31713,0.0,0.0
2006-05-12 00:00:00-04:00,117.67207080030435,117.88778715632868,99.87565246282651,104.62136840820312,172660,0.0,0.0
2006-05-15 00:00:00-04:00,103.5427557865294,106.23918171847026,101.3856150409767,104.51347351074219,49660,0.0,0.0
2006-05-16 00:00:00-04:00,104.08204097291757,104.9448950767816,102.67990168266536,104.51347351074219,25733,0.0,0.0
2006-05-17 00:00:00-04:00,104.08205629369868,110.87704844804911,103.11133842659713,109.90634155273438,91400,0.0,0.0
2006-05-18 00:00:00-04:00,109.90632378292457,113.68132003297106,105.91561126708984,105.91561126708984,47807,0.0,0.0
2006-05-19 00:00:00-04:00,106.02348920644351,111.52420592323011,106.02348920644351,109.25920104980469,40680,0.0,0.0
2006-05-22 00:00:00-04:00,109.36702804184281,114.11273057192595,107.42559280903463,112.0634536743164,29613,0.0,0.0
2006-05-23 00:00:00-04:00,113.14202807870882,113.2498807192515,107.74917661588731,107.96488189697266,34087,0.0,0.0
2006-05-24 00:00:00-04:00,107.96490581853126,111.09276474871466,106.77848262255098,109.90634155273438,38167,0.0,0.0
2006-05-25 00:00:00-04:00,111.63200728624365,112.38700856369555,109.15129820757254,111.52415466308594,18640,0.0,0.0
2006-05-26 00:00:00-04:00,112.60273802483799,115.29916363872985,111.52416777928124,111.9555892944336,19053,0.0,0.0
2006-05-30 00:00:00-04:00,110.8770443197463,113.14204893472105,108.61205067655797,109.04347229003906,21787,0.0,0.0
2006-05-31 00:00:00-04:00,111.84775974563973,117.02489579859355,111.73989611574905,114.65203857421875,45527,0.0,0.0
2006-06-01 00:00:00-04:00,114.86775000158195,115.19131893398983,111.95560766633965,114.43631744384766,25400,0.0,0.0
2006-06-02 00:00:00-04:00,114.43631371515482,115.1913151806967,108.71989285625547,110.12203216552734,40753,0.0,0.0
2006-06-05 00:00:00-04:00,110.33774603978202,110.87703122176707,104.18989277079555,105.26846313476562,44013,0.0,0.0
2006-06-06 00:00:00-04:00,105.3763538541128,107.64134781222963,101.4934929621852,103.43492889404297,29393,0.0,0.0
2006-06-07 00:00:00-04:00,103.32703186782993,108.39631443893293,102.57203046842577,107.1020278930664,29973,0.0,0.0
2006-06-08 00:00:00-04:00,105.59206212764332,107.74920324590539,100.3070619991864,106.99420166015625,36900,0.0,0.0
2006-06-09 00:00:00-04:00,107.6413109139338,108.18059604974688,105.16060148355047,105.8077392578125,19560,0.0,0.0
2006-06-12 00:00:00-04:00,105.69990044603865,105.69990044603865,100.19919572990803,101.06204986572266,27527,0.0,0.0
2006-06-13 00:00:00-04:00,98.34531203082287,102.1487218883685,97.69330333413342,99.21466064453125,24493,1.05,0.0
2006-06-14 00:00:00-04:00,99.21467881708303,100.62737195490952,96.38929254143004,97.69332122802734,30267,0.0,0.0
2006-06-15 00:00:00-04:00,98.67131669848864,99.75800523273271,96.82394397940023,98.88865661621094,34493,0.0,0.0
2006-06-16 00:00:00-04:00,98.9973487627754,104.21346403092289,97.58465548363984,99.3233642578125,73440,0.0,0.0
2006-06-19 00:00:00-04:00,99.75801680142958,99.97535674435626,96.60662631928304,97.4759750366211,22713,0.0,0.0
2006-06-20 00:00:00-04:00,97.36727963724219,99.21465219298469,96.71527099609375,96.71527099609375,15107,0.0,0.0
2006-06-21 00:00:00-04:00,96.93262898844867,101.82272787296759,96.60662460702112,100.8447036743164,23747,0.0,0.0
2006-06-22 00:00:00-04:00,100.41005309628147,101.38806641828124,97.47599102154113,99.3233642578125,29320,0.0,0.0
2006-06-23 00:00:00-04:00,99.43201548400681,100.08402427854776,97.80198244328538,99.54067993164062,27447,0.0,0.0
2006-06-26 00:00:00-04:00,100.62739843769918,103.88746548498152,99.75804943596502,101.60542297363281,24540,0.0,0.0
2006-06-27 00:00:00-04:00,103.01808857571756,104.21345280185444,97.36730501368045,98.34532928466797,38907,0.0,0.0
2006-06-28 00:00:00-04:00,100.5186867314344,100.5186867314344,96.49793705130361,97.25862121582031,27973,0.0,0.0
2006-06-29 00:00:00-04:00,98.3453012654821,100.84468240168744,97.58461716636758,100.30133819580078,56073,0.0,0.0
2006-06-30 00:00:00-04:00,102.5834029905054,103.01807177554913,98.77999308594339,101.0620346069336,48447,0.0,0.0
2006-07-03 00:00:00-04:00,102.14874306338504,103.12676736552702,99.32335671954992,101.82273864746094,12013,0.0,0.0
2006-07-05 00:00:00-04:00,101.82273282127204,102.58341711781584,97.9106468909192,99.54067993164062,29720,0.0,0.0
2006-07-06 00:00:00-04:00,100.1926907242409,101.27937931983057,98.77999776084795,99.75801086425781,18653,0.0,0.0
2006-07-07 00:00:00-04:00,99.64936753849723,100.6273808491123,97.36731437165462,97.80199432373047,21967,0.0,0.0
2006-07-10 00:00:00-04:00,98.23663923126203,100.41001610757874,96.6066065740245,96.71527099609375,19640,0.0,0.0
2006-07-11 00:00:00-04:00,97.4759750366211,97.80197942382678,95.08525777316491,97.4759750366211,17007,0.0,0.0
2006-07-12 00:00:00-04:00,97.47599373001476,97.47599373001476,94.10725160453457,94.21592712402344,18467,0.0,0.0
2006-07-13 00:00:00-04:00,96.60662389016254,97.80197696464978,95.0852553822984,95.84593963623047,38353,0.0,0.0
2006-07-14 00:00:00-04:00,95.84595348815887,96.71530230927839,93.34657148205153,96.06329345703125,23873,0.0,0.0
2006-07-17 00:00:00-04:00,95.7372563271248,96.71528043870137,93.56387923861466,94.10722351074219,20487,0.0,0.0
2006-07-18 00:00:00-04:00,95.19392392603696,97.36730128557542,93.67256640698137,96.93263244628906,21513,0.0,0.0
2006-07-19 00:00:00-04:00,97.04130015588973,100.51870625896564,97.04130015588973,100.41004180908203,31120,0.0,0.0
2006-07-20 00:00:00-04:00,100.73605552827418,101.60540437084047,98.0193334862731,98.4540023803711,35307,0.0,0.0
2006-07-21 00:00:00-04:00,98.45400319747385,99.10602312558761,94.54192784627278,97.80199432373047,29800,0.0,0.0
2006-07-24 00:00:00-04:00,98.88866839201553,100.51870138748832,98.88866839201553,99.97535705566406,17433,0.0,0.0
2006-07-25 00:00:00-04:00,99.97533822014373,103.88741225048965,98.34530553177181,101.38803100585938,21947,0.0,0.0
2006-07-26 00:00:00-04:00,101.3880829596062,102.69211198939358,98.67136042020424,101.60542297363281,15653,0.0,0.0
2006-07-27 00:00:00-04:00,102.58339494328544,104.21342763165734,100.84468677640209,101.38803100585938,14153,0.0,0.0
2006-07-28 00:00:00-04:00,102.36606034638565,105.1914460642601,102.1487204324644,104.64810180664062,17233,0.0,0.0
2006-07-31 00:00:00-04:00,104.97413210876691,106.49550082805858,102.3660856598854,103.12677001953125,17713,0.0,0.0
2006-08-01 00:00:00-04:00,101.60537090851564,102.36605504062919,100.30134254694478,101.38803100585938,11967,0.0,0.0
2006-08-02 00:00:00-04:00,102.0400636587381,103.23541669344125,100.62735963943868,101.49671936035156,13587,0.0,0.0
2006-08-03 00:00:00-04:00,101.17073730798765,104.53947970175119,99.64937940332139,103.2354507446289,12713,0.0,0.0
2006-08-04 00:00:00-04:00,104.32208384306574,106.93014036088869,101.93136721078899,104.10474395751953,27333,0.0,0.0
2006-08-07 00:00:00-04:00,106.49545579459799,109.10351219498732,105.95211163238065,108.12548828125,45487,0.0,0.0
2006-08-08 00:00:00-04:00,108.23420967313498,109.42957409194612,103.88745408699509,104.865478515625,31553,0.0,0.0
2006-08-09 00:00:00-04:00,106.4955089716637,107.47353337376403,104.97414013603446,105.30015563964844,31327,0.0,0.0
2006-08-10 00:00:00-04:00,104.32210154539331,108.66885577645137,103.23541298762879,107.79950714111328,25693,0.0,0.0
2006-08-11 00:00:00-04:00,107.25616972066342,107.25616972066342,103.2354195889567,105.62613677978516,18553,0.0,0.0
2006-08-14 00:00:00-04:00,105.6261459287714,105.6261459287714,98.01932487912856,98.34532928466797,37500,0.0,0.0
2006-08-15 00:00:00-04:00,100.51869007465329,101.2793742644701,97.91063315367205,98.23664855957031,39707,0.0,0.0
2006-08-16 00:00:00-04:00,98.88869767492955,100.73607116104989,97.91067316628585,100.62739562988281,30113,0.0,0.0
2006-08-17 00:00:00-04:00,100.62738622414018,103.01810397951712,99.97537731556963,102.58343505859375,13393,0.0,0.0
2006-08-18 00:00:00-04:00,103.01810397951712,103.01810397951712,100.51872175750208,102.58343505859375,12453,0.0,0.0
2006-08-21 00:00:00-04:00,102.58343077321942,102.58343077321942,98.9973487627754,99.3233642578125,16273,0.0,0.0
2006-08-22 00:00:00-04:00,99.64938217561111,100.73607116104989,98.34535318221016,100.62739562988281,15213,0.0,0.0
2006-08-23 00:00:00-04:00,100.7360279572909,102.36606073635915,97.80196674409461,99.10599517822266,20527,0.0,0.0
2006-08-24 00:00:00-04:00,99.21468676300546,99.75803117140568,97.80199351203896,98.4540023803711,11827,0.0,0.0
2006-08-25 00:00:00-04:00,98.67133993333965,99.43202429730782,97.80199111210605,98.56267547607422,10533,0.0,0.0
2006-08-28 00:00:00-04:00,98.88868613159107,99.54069502499613,98.12800171970468,98.78002166748047,7640,0.0,0.0
2006-08-29 00:00:00-04:00,98.67130557814086,101.27936218814321,97.25861285370883,100.30133819580078,22300,0.0,0.0
2006-08-30 00:00:00-04:00,100.19268035888672,101.93137751020743,98.77998754164277,100.19268035888672,12133,0.0,0.0
2006-08-31 00:00:00-04:00,100.51871571753719,101.06206012682118,98.23667362029258,99.86670684814453,18073,0.0,0.0
2006-09-01 00:00:00-04:00,100.62735476752236,101.49671444634484,100.08401049544207,101.0620346069336,10640,0.0,0.0
2006-09-05 00:00:00-04:00,103.67009396213255,106.9301596709497,103.67009396213255,104.75678253173828,31153,0.0,0.0
2006-09-06 00:00:00-04:00,104.1047717666547,104.1047717666547,99.97535705566406,99.97535705566406,21147,0.0,0.0
2006-09-07 00:00:00-04:00,99.432001922507,100.51869046810818,98.67131772971268,98.99732208251953,11473,0.0,0.0
2006-09-08 00:00:00-04:00,98.77999186486075,99.75800490989491,98.23664759949709,99.21466064453125,15640,0.0,0.0
2006-09-11 00:00:00-04:00,98.99730871328312,99.9753326939925,97.801955896297,98.12796020507812,20307,0.0,0.0
2006-09-12 00:00:00-04:00,98.5626444202193,101.82270976341707,98.5626444202193,101.27936553955078,32953,0.0,0.0
2006-09-13 00:00:00-04:00,102.15530312569253,102.81225710981344,101.27937561822054,102.26480102539062,15867,1.05,0.0
2006-09-14 00:00:00-04:00,102.15530637302842,103.57869001017008,101.7173481743818,103.14073181152344,10933,0.0,0.0
2006-09-15 00:00:00-04:00,103.90718379226249,104.01667056923098,100.73193360388684,101.93633270263672,36907,0.0,0.0
2006-09-18 00:00:00-04:00,101.82685134270285,103.2502352091357,101.49837985629907,102.59329223632812,14107,0.0,0.0
2006-09-19 00:00:00-04:00,102.81227147048111,103.2502297163792,99.08956512121478,101.93633270263672,22607,0.0,0.0
2006-09-20 00:00:00-04:00,102.26482157445001,107.08242940260575,102.26482157445001,105.33057403564453,42820,0.0,0.0
2006-09-21 00:00:00-04:00,105.44008494826573,106.53499758768288,103.03127491394254,104.0167007446289,24953,0.0,0.0
2006-09-22 00:00:00-04:00,103.35969094560343,104.67357635498047,100.84138458891708,104.67357635498047,26353,0.0,0.0
2006-09-25 00:00:00-04:00,105.22107472766885,111.02411922257615,105.22107472766885,109.92920684814453,51267,0.0,0.0
2006-09-26 00:00:00-04:00,110.36714253458547,113.8708636435293,109.81968645937619,112.33798217773438,34700,0.0,0.0
2006-09-27 00:00:00-04:00,123.17765429384362,124.82002301776153,117.7030918807839,120.76884460449219,69820,0.0,0.0
2006-09-28 00:00:00-04:00,122.0827407836914,123.17765325708774,121.09731510242445,122.0827407836914,55340,0.0,0.0
2006-09-29 00:00:00-04:00,124.2725321805022,125.03897293256797,120.76881098393197,121.09728240966797,48673,0.0,0.0
2006-10-02 00:00:00-04:00,120.8783309282677,121.97324330574105,115.84172730907548,117.15562438964844,36213,0.0,0.0
2006-10-03 00:00:00-04:00,116.49865925436964,118.79797035440721,115.07526452403705,117.92204284667969,28393,0.0,0.0
2006-10-04 00:00:00-04:00,116.71764297163688,118.14103782628553,115.62273070684469,118.03153991699219,39287,0.0,0.0
2006-10-05 00:00:00-04:00,118.46953186366044,119.56444433719145,112.99496949600538,117.26512145996094,94800,0.0,0.0
2006-10-06 00:00:00-04:00,117.26509220860298,117.48407687628936,115.18476571063945,116.71763610839844,18133,0.0,0.0
2006-10-09 00:00:00-04:00,116.71763283038791,116.71763283038791,113.87086564448482,115.84170532226562,19020,0.0,0.0
2006-10-10 00:00:00-04:00,116.38917215160326,116.82714151510699,113.43290679301207,114.30884552001953,22667,0.0,0.0
2006-10-11 00:00:00-04:00,114.30884576975784,114.30884576975784,111.46206717681123,112.22850799560547,18380,0.0,0.0
2006-10-12 00:00:00-04:00,113.21392651805314,114.41832548904445,112.22850107777087,114.1993408203125,17227,0.0,0.0
2006-10-13 00:00:00-04:00,117.59356438657429,117.59356438657429,114.41831483079794,116.60813903808594,32207,0.0,0.0
2006-10-16 00:00:00-04:00,117.70306002817762,118.57898754961998,116.71763460529077,118.14102935791016,25113,0.0,0.0
2006-10-17 00:00:00-04:00,117.9220575744053,118.7979851915307,115.73223296257986,115.95121765136719,20687,0.0,0.0
2006-10-18 00:00:00-04:00,116.7176660293948,117.15563547704264,113.54242651703805,113.98038482666016,25407,0.0,0.0
2006-10-19 00:00:00-04:00,114.08987246040711,115.29427162569705,112.66648859105771,113.87088775634766,22260,0.0,0.0
2006-10-20 00:00:00-04:00,114.52782708127182,114.52782708127182,112.00953090989096,113.43291473388672,14160,0.0,0.0
2006-10-23 00:00:00-04:00,111.35258034086407,113.65189165790481,110.36715484040454,111.02410888671875,32153,0.0,0.0
2006-10-24 00:00:00-04:00,111.02411555445286,111.24308911168481,108.39632148742675,109.4912338256836,18853,0.0,0.0
2006-10-25 00:00:00-04:00,109.81968873864578,111.02409881191672,109.3817305522021,110.0386734008789,14847,0.0,0.0
2006-10-26 00:00:00-04:00,111.68107869231326,112.11904816200344,110.36718142126902,111.79056549072266,16207,0.0,0.0
2006-10-27 00:00:00-04:00,111.1335492158056,111.79049184955844,108.50575640475631,108.9437255859375,20633,0.0,0.0
2006-10-30 00:00:00-05:00,108.50579190326957,110.47664272534517,107.95833581669802,110.0386734008789,16640,0.0,0.0
2006-10-31 00:00:00-05:00,110.4766854343133,110.80515698563488,107.73940394325525,108.39634704589844,26787,0.0,0.0
2006-11-01 00:00:00-05:00,108.50580406755772,108.50580406755772,105.44005186666855,105.87802124023438,62447,0.0,0.0
2006-11-02 00:00:00-05:00,105.11159818269078,107.30142314483018,104.67362873505262,105.9875259399414,28893,0.0,0.0
2006-11-03 00:00:00-05:00,106.53494757275976,108.28681365619568,105.11156403735829,106.42546081542969,21973,0.0,0.0
2006-11-06 00:00:00-05:00,107.08242215189738,107.73937622354309,105.54955159410542,106.09700775146484,14467,0.0,0.0
2006-11-07 00:00:00-05:00,105.87799578015516,106.64443643058034,104.3451144793048,104.89257049560547,30973,0.0,0.0
2006-11-08 00:00:00-05:00,103.57867382887962,105.11155512972998,103.14071569865177,104.89257049560547,15173,0.0,0.0
2006-11-09 00:00:00-05:00,105.5495519132374,105.5495519132374,101.82684557672803,102.81227111816406,21740,0.0,0.0
2006-11-10 00:00:00-05:00,102.92176366925169,103.79769134521484,102.37430747952162,103.79769134521484,8373,0.0,0.0
2006-11-13 00:00:00-05:00,103.90721393589813,104.89262862855716,103.35975761618955,104.0167007446289,17433,0.0,0.0
2006-11-14 00:00:00-05:00,104.45465552191703,106.75396728515625,103.03126038102768,106.75396728515625,25187,0.0,0.0
2006-11-15 00:00:00-05:00,106.75397280070715,106.86345959965118,102.81229210635311,105.76854705810547,28360,0.0,0.0
2006-11-16 00:00:00-05:00,106.09700592701728,106.97293353612507,105.22106717988565,105.87802124023438,13687,0.0,0.0
2006-11-17 00:00:00-05:00,106.20648193359374,106.8634247893141,105.44004117657151,106.20648193359375,21173,0.0,0.0
2006-11-20 00:00:00-05:00,105.65902010005287,106.53494757275976,105.11156403735829,106.42546081542969,20213,0.0,0.0
2006-11-21 00:00:00-05:00,106.97290989286729,108.72476472388618,106.42545386592121,107.19189453125,22127,0.0,0.0
2006-11-22 00:00:00-05:00,107.30139344957705,108.7247770534465,106.64445059795197,107.52037811279297,6780,0.0,0.0
2006-11-24 00:00:00-05:00,107.08239932829392,108.06782465671637,106.42545653469338,107.30138397216797,7913,0.0,0.0
2006-11-27 00:00:00-05:00,106.75391348319437,106.75391348319437,103.1407063313672,104.67357635498047,20293,0.0,0.0
2006-11-28 00:00:00-05:00,104.34511795743445,107.84883880615234,103.68817517118427,107.84883880615234,28847,0.0,0.0
2006-11-29 00:00:00-05:00,108.61529868883329,111.57156402576578,108.61529868883329,110.69562530517578,52513,0.0,0.0
2006-11-30 00:00:00-05:00,111.90005283135258,111.90005283135258,109.38175646415705,109.7102279663086,38953,0.0,0.0
2006-12-01 00:00:00-05:00,111.13362107535127,111.13362107535127,108.06786823880888,109.16278076171875,28713,0.0,0.0
2006-12-04 00:00:00-05:00,109.7102279663086,110.47666889667904,108.39633081967716,109.7102279663086,35007,0.0,0.0
2006-12-05 00:00:00-05:00,111.13360600480945,111.46207748953401,109.71022214565328,109.92920684814453,25993,0.0,0.0
2006-12-06 00:00:00-05:00,109.92920321619603,109.92920321619603,108.17733679217054,109.4912338256836,38513,0.0,0.0
2006-12-07 00:00:00-05:00,110.03868950817116,110.69563245301025,108.3963210080492,108.72479248046875,22020,0.0,0.0
2006-12-08 00:00:00-05:00,108.83426871025917,108.83426871025917,106.75393123609064,108.17731475830078,39027,0.0,0.0
2006-12-11 00:00:00-05:00,108.61527797370552,108.61527797370552,105.65901320059244,107.19189453125,24013,0.0,0.0
2006-12-12 00:00:00-05:00,107.62989504553187,107.9583665634195,105.44007007557994,106.75396728515625,28667,0.0,0.0
2006-12-13 00:00:00-05:00,108.40821855934416,108.40821855934416,105.9819896038628,106.42312622070312,19193,1.05,0.0
2006-12-14 00:00:00-05:00,106.75396979089453,107.41567469580467,105.76142926138408,106.53340148925781,32887,0.0,0.0
2006-12-15 00:00:00-05:00,107.08477343112403,107.63618835346466,105.65109687675147,106.97449493408203,34547,0.0,0.0
2006-12-18 00:00:00-05:00,107.9670217226814,108.51843651959281,104.98937957564716,105.5407943725586,18927,0.0,0.0
2006-12-19 00:00:00-05:00,106.53335850878341,107.52590985642267,105.32025016706015,106.97449493408203,32980,0.0,0.0
2006-12-20 00:00:00-05:00,107.19509699727305,107.63622234330688,105.65113023973251,106.86425018310547,16400,0.0,0.0
2006-12-21 00:00:00-05:00,106.75394000979252,107.19507649000228,105.54083151706573,106.64366149902344,12133,0.0,0.0
2006-12-22 00:00:00-05:00,106.864194207579,106.9744726816813,105.43050673287102,105.87164306640625,12553,0.0,0.0
2006-12-26 00:00:00-05:00,104.87910982696376,107.08476943399613,104.87910982696376,106.31279754638672,17927,0.0,0.0
2006-12-27 00:00:00-05:00,107.41566141350911,108.29792329239157,106.97452486478366,107.52593994140625,29447,0.0,0.0
2006-12-28 00:00:00-05:00,107.7464885264698,108.18761377601678,106.42309034069605,107.41564178466797,18013,0.0,0.0
2006-12-29 00:00:00-05:00,107.74649752021351,107.96706577268132,104.87913267526656,105.09970092773438,20360,0.0,0.0
2007-01-03 00:00:00-05:00,105.65112248064843,107.08479938246374,104.21744557883312,106.2025375366211,17940,0.0,0.0
2007-01-04 00:00:00-05:00,105.4305699163693,108.07736706665402,105.4305699163693,107.63623046875,28080,0.0,0.0
2007-01-05 00:00:00-05:00,106.64365327731251,106.75393177957966,104.43799348344282,104.65856170654297,30400,0.0,0.0
2007-01-08 00:00:00-05:00,103.66601088580244,104.76884078884288,102.12204453411944,102.89402770996094,15807,0.0,0.0
2007-01-09 00:00:00-05:00,102.89402665212107,103.33516309622834,99.58553697701386,101.4603500366211,39113,0.0,0.0
2007-01-10 00:00:00-05:00,101.2397726110748,101.35006232135831,98.48269813245858,100.57807922363281,37580,0.0,0.0
2007-01-11 00:00:00-05:00,100.68838769560288,102.2323543507743,100.24726237881684,101.12952423095703,28613,0.0,0.0
2007-01-12 00:00:00-05:00,101.12950241336462,103.11459395706014,99.80610431137906,102.56317901611328,20947,0.0,0.0
2007-01-16 00:00:00-05:00,102.56318714038746,102.56318714038746,100.68837394894663,102.01177215576172,17893,0.0,0.0
2007-01-17 00:00:00-05:00,101.35009249863411,101.90150755854273,100.24726237881684,101.12952423095703,24987,0.0,0.0
2007-01-18 00:00:00-05:00,100.90892307844844,102.12203132748488,99.80609331802823,100.1369400024414,23353,0.0,0.0
2007-01-19 00:00:00-05:00,100.13695192286505,102.0117649824723,99.47525847526992,101.4603500366211,14307,0.0,0.0
2007-01-22 00:00:00-05:00,101.35007866163747,102.78375537795107,101.23978893357237,102.01177215576172,19900,0.0,0.0
2007-01-23 00:00:00-05:00,101.35009003608033,102.89404543516939,101.23980029563751,102.67347717285156,11527,0.0,0.0
2007-01-24 00:00:00-05:00,102.67346802062148,105.09969625270979,101.46035951386077,104.32771301269531,20047,0.0,0.0
2007-01-25 00:00:00-05:00,103.66600350164751,106.42307806286153,102.89402038079456,105.43052673339844,45780,0.0,0.0
2007-01-26 00:00:00-05:00,105.32026918020219,106.09225245455589,104.21743913643044,105.09970092773438,21107,0.0,0.0
2007-01-29 00:00:00-05:00,105.0997230492758,117.34114584287498,105.0997230492758,114.9149169921875,97120,0.0,0.0
2007-01-30 00:00:00-05:00,116.89997522362836,124.17864843880506,115.35600879928593,120.75988006591797,98607,0.0,0.0
2007-01-31 00:00:00-05:00,121.75245232775144,121.75245232775144,117.12056348141675,117.78225708007812,38413,0.0,0.0
2007-02-01 00:00:00-05:00,117.89250358432632,123.62720925216794,117.67193539281759,121.86268615722656,45013,0.0,0.0
2007-02-02 00:00:00-05:00,121.86274747066352,133.00132895114237,121.86274747066352,129.9134063720703,66547,0.0,0.0
2007-02-05 00:00:00-05:00,129.91335974314728,129.91335974314728,122.41411868031842,122.85525512695312,68240,0.0,0.0
2007-02-06 00:00:00-05:00,123.51697444487664,126.38432829277684,121.20103566146248,121.42159271240234,66040,0.0,0.0
2007-02-07 00:00:00-05:00,121.42160688136467,123.07585226786048,119.98792979011554,121.2010498046875,55040,0.0,0.0
2007-02-08 00:00:00-05:00,120.75988496140688,130.02366144587307,119.76733347429733,120.3187484741211,33140,0.0,0.0
2007-02-09 00:00:00-05:00,120.31874783869394,121.31129932056163,117.01025785722408,119.5467758178711,32140,0.0,0.0
2007-02-12 00:00:00-05:00,117.34113175382666,118.77480869663854,117.12056348141675,117.78225708007812,19233,0.0,0.0
2007-02-13 00:00:00-05:00,117.67198804149922,118.88509680971879,116.78972609928779,118.11311340332031,22360,0.0,0.0
2007-02-14 00:00:00-05:00,117.56163583482271,119.87758482371603,116.89994253431792,117.23078918457031,21247,0.0,0.0
2007-02-15 00:00:00-05:00,117.34109497070312,120.09816946514103,117.0102370565187,117.34109497070312,26007,0.0,0.0
2007-02-16 00:00:00-05:00,117.45141574555794,129.58254788829163,117.45141574555794,124.61981201171875,102427,0.0,0.0
2007-02-20 00:00:00-05:00,127.70772610406469,136.64065683880665,126.82546424865723,132.33961486816406,90767,0.0,0.0
2007-02-21 00:00:00-05:00,130.13395705580598,134.5452776339689,128.4797118389949,132.11904907226562,50920,0.0,0.0
2007-02-22 00:00:00-05:00,135.64809144819105,137.85375147173886,131.89846492073295,135.2069549560547,62253,0.0,0.0
2007-02-23 00:00:00-05:00,134.9863969062939,138.40516542947566,134.43498190458283,136.30978393554688,53607,0.0,0.0
2007-02-26 00:00:00-05:00,136.42013008872297,136.53040864724827,133.22191726863045,134.76588439941406,33207,0.0,0.0
2007-02-27 00:00:00-05:00,132.89102858744323,133.33216511997398,130.24423182939472,131.4573516845703,55427,0.0,0.0
2007-02-28 00:00:00-05:00,131.56763020841896,132.44989205491245,129.6928167730153,131.4573516845703,50387,0.0,0.0
2007-03-01 00:00:00-05:00,131.3470619421536,133.00130711129188,127.48715654749756,131.4573516845703,48353,0.0,0.0
2007-03-02 00:00:00-05:00,130.6853389030351,132.33958369927603,129.36194082232925,130.3544921875,35673,0.0,0.0
2007-03-05 00:00:00-05:00,129.03109879927203,130.68534365567294,125.28147263733689,127.3768539428711,56953,0.0,0.0
2007-03-06 00:00:00-05:00,128.47970388647155,133.33216070952503,128.36942536627075,132.6704559326172,36700,0.0,0.0
2007-03-07 00:00:00-05:00,132.3396194261701,135.5378313830633,131.67792581646665,133.11160278320312,32093,0.0,0.0
2007-03-08 00:00:00-05:00,134.21443294508788,135.09669483088197,132.44989795493115,133.11160278320312,22500,0.0,0.0
2007-03-09 00:00:00-05:00,134.65554098669404,135.0966774822261,133.55271096643096,134.1041259765625,23773,0.0,0.0
2007-03-12 00:00:00-04:00,133.33214424995123,135.0966676667434,132.67043955472946,134.98638916015625,34540,0.0,0.0
2007-03-13 00:00:00-04:00,134.32090685619394,134.54274381367108,128.66412649755713,130.7715606689453,49453,1.05,0.0
2007-03-14 00:00:00-04:00,129.7732663240321,132.5461993651439,127.8876695994574,129.662353515625,54227,0.0,0.0
2007-03-15 00:00:00-04:00,129.99514308119635,133.21173962525694,129.88421895568584,132.9899139404297,24067,0.0,0.0
2007-03-16 00:00:00-04:00,133.32263770583768,139.0903413296441,131.65887769607207,138.64666748046875,79593,0.0,0.0
2007-03-19 00:00:00-04:00,139.75585004731352,141.97419687346132,138.7575894623088,140.19952392578125,40573,0.0,0.0
2007-03-20 00:00:00-04:00,139.97765963172725,144.52526522338653,138.75756234592347,144.4143524169922,38433,0.0,0.0
2007-03-21 00:00:00-04:00,145.30168511830672,153.84232077500897,143.7488381686907,147.40911865234375,27980,0.0,0.0
2007-03-22 00:00:00-04:00,148.18555150822414,151.73490840008762,147.29821510603188,149.96023559570312,33987,0.0,0.0
2007-03-23 00:00:00-04:00,149.8493297301582,149.96025384586576,140.86502922954375,147.29823303222656,24007,0.0,0.0
2007-03-26 00:00:00-04:00,147.5201144490405,147.5201144490405,144.41443008568058,145.85635375976562,23373,0.0,0.0
2007-03-27 00:00:00-04:00,145.19080854551558,146.8545687139527,143.0833744855903,144.85804748535156,31180,0.0,0.0
2007-03-28 00:00:00-04:00,143.85984174449874,146.18910217285156,143.52709186660536,146.18910217285156,50387,0.0,0.0
2007-03-29 00:00:00-04:00,147.2982558370121,147.52009281967628,144.74715874411845,146.41091918945312,27947,0.0,0.0
2007-03-30 00:00:00-04:00,146.96544217885386,147.5200287531137,145.19076965445953,147.07635498046875,24767,0.0,0.0
2007-04-02 00:00:00-04:00,147.52004415209197,149.07289123535156,145.96719706883238,149.07289123535156,19967,0.0,0.0
2007-04-03 00:00:00-04:00,149.7383822521942,152.73315215385676,148.51829624337662,151.29122924804688,23520,0.0,0.0
2007-04-04 00:00:00-04:00,151.06939224739355,151.18030505426694,148.62920894833948,150.29296875,13987,0.0,0.0
2007-04-05 00:00:00-04:00,150.40389479233667,150.40389479233667,146.29996261357147,147.85279846191406,22120,0.0,0.0
2007-04-09 00:00:00-04:00,147.5200601509939,147.74189708453173,144.74712668950906,144.96896362304688,20353,0.0,0.0
2007-04-10 00:00:00-04:00,144.63619859657345,146.96545794510737,141.41959160755616,143.97068786621094,23993,0.0,0.0
2007-04-11 00:00:00-04:00,144.1925873862908,145.74543514830577,139.5340553833447,141.8633270263672,26347,0.0,0.0
2007-04-12 00:00:00-04:00,140.8649808257936,141.53048015897787,138.8684715431488,140.31039428710938,21300,0.0,0.0
2007-04-13 00:00:00-04:00,140.64319438286446,142.6397043813799,139.0903582876174,141.0868682861328,44080,0.0,0.0
2007-04-16 00:00:00-04:00,140.86498986199578,147.85277844105104,140.86498986199578,147.07635498046875,30827,0.0,0.0
2007-04-17 00:00:00-04:00,144.19252351950144,145.8562834062649,142.63967644528464,145.30169677734375,16073,0.0,0.0
2007-04-18 00:00:00-04:00,144.1925155211103,147.07636131829523,144.1925155211103,144.4143524169922,19527,0.0,0.0
2007-04-19 00:00:00-04:00,142.75058684846155,144.08159688682224,139.75581708292322,140.864990234375,28500,0.0,0.0
2007-04-20 00:00:00-04:00,142.9724378941785,143.5270245248261,139.75583092318513,141.19775390625,19560,0.0,0.0
2007-04-23 00:00:00-04:00,140.6431931508628,150.2930045561026,139.86676946849255,140.42135620117188,11753,0.0,0.0
2007-04-24 00:00:00-04:00,140.5322499395566,142.52875948900962,138.97940291048562,142.4178466796875,22647,0.0,0.0
2007-04-25 00:00:00-04:00,143.1942318665455,145.3016651103908,142.75056942995639,143.52699279785156,24847,0.0,0.0
2007-04-26 00:00:00-04:00,143.52701706162676,149.40563278419253,142.5287566651317,147.18728637695312,30140,0.0,0.0
2007-04-27 00:00:00-04:00,146.07814170862162,146.41089147808907,143.0833712172234,144.74713134765625,15507,0.0,0.0
2007-04-30 00:00:00-04:00,144.19252454020426,144.19252454020426,138.6466582117349,139.09033203125,36013,0.0,0.0
2007-05-01 00:00:00-04:00,138.8685137482266,138.9794265764354,136.31741715156537,138.2030029296875,23860,0.0,0.0
2007-05-02 00:00:00-04:00,137.98116404805165,141.19775987185227,137.75932712980125,140.64317321777344,15787,0.0,0.0
2007-05-03 00:00:00-04:00,140.42134875306647,144.41437978642048,139.86676204980301,142.30694580078125,20907,0.0,0.0
2007-05-04 00:00:00-04:00,143.305214009127,145.19081115722656,142.86154010965794,145.19081115722656,13620,0.0,0.0
2007-05-07 00:00:00-04:00,145.19080854551558,146.2999819911403,144.08163509989086,144.85804748535156,9687,0.0,0.0
2007-05-08 00:00:00-04:00,143.74889362762926,143.74889362762926,139.8667860389484,142.86155700683594,16633,0.0,0.0
2007-05-09 00:00:00-04:00,141.7523193359375,142.30690588363922,140.08855969283238,141.7523193359375,13827,0.0,0.0
2007-05-10 00:00:00-04:00,140.53227974938488,140.97594236387704,139.31218217256568,139.6449432373047,23927,0.0,0.0
2007-05-11 00:00:00-04:00,140.53223801209202,141.64141114354803,139.75581456345432,141.53048706054688,10687,0.0,0.0
2007-05-14 00:00:00-04:00,141.08684109335803,142.63967688931487,139.97766783206293,141.19775390625,22347,0.0,0.0
2007-05-15 00:00:00-04:00,141.08682955679288,142.30691553121443,138.7575591286795,139.20123291015625,18613,0.0,0.0
2007-05-16 00:00:00-04:00,139.20126199938548,141.41960880415655,138.75758812519314,140.5322723388672,23033,0.0,0.0
2007-05-17 00:00:00-04:00,139.8667569845222,140.0885939144128,137.31566049851747,138.75758361816406,17220,0.0,0.0
2007-05-18 00:00:00-04:00,138.86849903834505,138.86849903834505,133.21170845389742,136.09556579589844,24213,0.0,0.0
2007-05-21 00:00:00-04:00,136.09556579589844,137.981162657381,134.54271866689064,136.09556579589844,10873,0.0,0.0
2007-05-22 00:00:00-04:00,135.54095231104344,140.75406803129357,134.87544169476715,140.31039428710938,16647,0.0,0.0
2007-05-23 00:00:00-04:00,140.9759354563299,143.3052063798936,139.9776861603129,142.30694580078125,28787,0.0,0.0
2007-05-24 00:00:00-04:00,141.97420299190222,143.30521340157048,138.6466826092795,139.6449432373047,20400,0.0,0.0
2007-05-25 00:00:00-04:00,139.97767639160156,140.53226305616172,138.3139163979211,139.97767639160156,15173,0.0,0.0
2007-05-29 00:00:00-04:00,140.9759349299642,141.86328267834892,139.97768563767443,140.5322723388672,14540,0.0,0.0
2007-05-30 00:00:00-04:00,139.4230103302901,141.41951892914273,138.86842398154837,140.97584533691406,20667,0.0,0.0
2007-05-31 00:00:00-04:00,141.75236339030573,141.75236339030573,138.2030061253129,139.3121795654297,21973,0.0,0.0
2007-06-01 00:00:00-04:00,139.75588952364524,141.41965011321244,139.75588952364524,140.754150390625,39167,0.0,0.0
2007-06-04 00:00:00-04:00,139.97768563767443,141.08685904005998,139.3121748263859,140.5322723388672,23813,0.0,0.0
2007-06-05 00:00:00-04:00,139.53400523972502,140.53226576843758,136.3174092930525,138.3139190673828,25800,0.0,0.0
2007-06-06 00:00:00-04:00,137.09380640842386,137.5374802126699,134.54271024174307,137.31564331054688,18407,0.0,0.0
2007-06-07 00:00:00-04:00,136.20650171882042,137.98118606490533,133.32265517068964,136.98292541503906,16807,0.0,0.0
2007-06-08 00:00:00-04:00,136.42833266719694,138.64667953983428,135.31915923087826,137.53750610351562,14353,0.0,0.0
2007-06-11 00:00:00-04:00,136.98289620233683,138.64665607523972,136.20647267169673,136.650146484375,9327,0.0,0.0
2007-06-12 00:00:00-04:00,135.5409944387237,136.98291763085038,133.98814713452848,135.09732055664062,10727,0.0,0.0
2007-06-13 00:00:00-04:00,136.1013300495935,137.99782626257036,135.20886458122624,137.88626098632812,35867,1.05,0.0
2007-06-14 00:00:00-04:00,138.22097825469055,139.4481171462508,136.99382801481343,137.55162048339844,11233,0.0,0.0
2007-06-15 00:00:00-04:00,140.56366489955357,140.67521882443404,135.9897724064333,136.65911865234375,38773,0.0,0.0
2007-06-18 00:00:00-04:00,137.32847595214844,138.22095281628503,135.54354492050473,137.32847595214844,14633,0.0,0.0
2007-06-19 00:00:00-04:00,136.54761545721416,139.00189350290083,136.10137689527946,138.2209930419922,9793,0.0,0.0
2007-06-20 00:00:00-04:00,138.33249349244113,139.1134049995612,136.77067047820103,136.99378967285156,13787,0.0,0.0
2007-06-21 00:00:00-04:00,136.10136854825993,136.10136854825993,129.63097788694054,135.43202209472656,31273,0.0,0.0
2007-06-22 00:00:00-04:00,134.42796150369847,135.54354624646774,130.523414904006,131.08120727539062,52427,0.0,0.0
2007-06-25 00:00:00-04:00,131.0812092097971,131.19276314639433,127.73445493210014,128.9615936279297,38853,0.0,0.0
2007-06-26 00:00:00-04:00,129.7424823707697,129.7424823707697,124.49923265648086,125.83793640136719,48227,0.0,0.0
2007-06-27 00:00:00-04:00,124.72235697048752,126.39573388336969,123.27209924898568,125.61482238769531,21760,0.0,0.0
2007-06-28 00:00:00-04:00,125.83796476487544,127.51134198607942,124.27615283407441,126.17263793945312,22607,0.0,0.0
2007-06-29 00:00:00-04:00,126.61884484676882,126.61884484676882,122.04495278810491,122.60274505615234,54853,0.0,0.0
2007-07-02 00:00:00-04:00,123.71836130328613,124.610826891253,121.26407242514047,123.04900360107422,31287,0.0,0.0
2007-07-03 00:00:00-04:00,123.04902344328794,123.4952619833872,121.15252667034233,122.93746948242188,14900,0.0,0.0
2007-07-05 00:00:00-04:00,122.8259123501109,123.04903163501422,119.59072243812663,122.26811981201172,28473,0.0,0.0
2007-07-06 00:00:00-04:00,121.71028284293135,122.82586751187964,119.92535191193974,121.48717498779297,23600,0.0,0.0
2007-07-09 00:00:00-04:00,121.37558277599977,122.71428635131278,119.47908698999899,122.156494140625,35000,0.0,0.0
2007-07-10 00:00:00-04:00,120.92936523227786,121.04091914377663,116.57858111082635,117.4710464477539,65053,0.0,0.0
2007-07-11 00:00:00-04:00,117.13638891471548,118.47509277197503,113.67808101941614,118.02885437011719,68153,0.0,0.0
2007-07-12 00:00:00-04:00,118.25197180969627,119.47911037405629,118.14041788505038,118.92131805419922,34793,0.0,0.0
2007-07-13 00:00:00-04:00,118.36352504365294,119.47910967685726,116.69014809384646,117.80573272705078,22627,0.0,0.0
2007-07-16 00:00:00-04:00,117.24794284102296,120.92938128556519,117.24794284102296,118.02885437011719,33147,0.0,0.0
2007-07-17 00:00:00-04:00,118.02888963862863,118.92135536071028,117.24797787618817,118.47512817382812,25300,0.0,0.0
2007-07-18 00:00:00-04:00,117.69418124288079,118.25197357104611,116.24392345931378,118.02885437011719,21820,0.0,0.0
2007-07-19 00:00:00-04:00,118.58665621538631,119.25601387189198,115.79769435073322,117.13639831542969,17213,0.0,0.0
2007-07-20 00:00:00-04:00,116.80173752084768,116.80173752084768,111.6700403378805,115.7977066040039,57213,0.0,0.0
2007-07-23 00:00:00-04:00,115.7976876210355,115.90925289812682,113.23184512433411,114.57054901123047,33153,0.0,0.0
2007-07-24 00:00:00-04:00,113.0087289173291,113.12029419738097,109.32730164190737,110.44288635253906,51673,0.0,0.0
2007-07-25 00:00:00-04:00,110.77753776422445,111.44689526828063,106.3151997970991,108.99260711669922,72107,0.0,0.0
2007-07-26 00:00:00-04:00,106.64988851969979,107.43080004816296,102.8569075002291,105.19963073730469,62913,0.0,0.0
2007-07-27 00:00:00-04:00,104.75342272747336,105.31121515659022,102.07601452838601,103.41471862792969,36460,0.0,0.0
2007-07-30 00:00:00-04:00,103.08002506395627,105.08807514217594,101.51820203183333,103.6378173828125,36853,0.0,0.0
2007-07-31 00:00:00-04:00,104.75341224985743,105.42275855852209,101.40665800990435,102.63379669189453,35400,0.0,0.0
2007-08-01 00:00:00-04:00,102.18757260232923,102.63381110297308,98.72926394144693,100.40264129638672,45847,0.0,0.0
2007-08-02 00:00:00-04:00,100.62572560373015,103.74935997858415,99.28702191498914,101.7413101196289,35827,0.0,0.0
2007-08-03 00:00:00-04:00,101.51819471890137,102.07598699757665,94.82468737479799,96.16339111328125,37953,0.0,0.0
2007-08-06 00:00:00-04:00,96.38652290050787,101.183534854839,90.4739205687651,99.62171173095703,66493,0.0,0.0
2007-08-07 00:00:00-04:00,98.84080987539463,102.85692201049001,95.94029390142205,99.28704833984375,59227,0.0,0.0
2007-08-08 00:00:00-04:00,101.51820831226802,106.76145870355354,91.36638634620977,100.17950439453125,53540,0.0,0.0
2007-08-09 00:00:00-04:00,97.39053148116095,99.39858145378334,94.26689692949132,98.95235443115234,70340,0.0,0.0
2007-08-10 00:00:00-04:00,98.17147799323604,107.65395029940088,97.16744697443286,104.6418685913086,63387,0.0,0.0
2007-08-13 00:00:00-04:00,105.98054093330636,110.66599869686267,104.19561004638672,104.19561004638672,36980,0.0,0.0
2007-08-14 00:00:00-04:00,104.19560864488557,105.98053950779668,100.5141702991217,101.96443939208984,29327,0.0,0.0
2007-08-15 00:00:00-04:00,101.96443939208984,107.09612413419453,101.18352788394861,101.96443939208984,19347,0.0,0.0
2007-08-16 00:00:00-04:00,101.74132052989435,119.81379380630875,100.84885509551997,109.88508605957031,61160,0.0,0.0
2007-08-17 00:00:00-04:00,117.13643398532756,122.49124012642173,109.885130929093,116.35552215576172,74213,0.0,0.0
2007-08-20 00:00:00-04:00,116.57859284236986,117.80573138559568,111.78158124387764,116.80171203613281,32167,0.0,0.0
2007-08-21 00:00:00-04:00,116.02080967174282,121.71028714516595,115.46301731755176,118.36353302001953,27713,0.0,0.0
2007-08-22 00:00:00-04:00,119.59067878091808,122.82586751187964,118.92132117056066,121.48717498779297,31133,0.0,0.0
2007-08-23 00:00:00-04:00,121.8218844804912,124.94552021623356,119.14447593653064,122.93746948242188,23073,0.0,0.0
2007-08-24 00:00:00-04:00,122.8258898152157,124.38771317467258,119.92537368858568,123.38368225097656,21560,0.0,0.0
2007-08-27 00:00:00-04:00,122.82590179806434,124.94551780007102,119.81383142975214,122.71434783935547,87900,0.0,0.0
2007-08-28 00:00:00-04:00,121.59875150032232,122.71433637647206,112.45095324623117,113.23186492919922,74813,0.0,0.0
2007-08-29 00:00:00-04:00,113.67812875507026,114.9052678530079,111.00071991625519,113.45500946044922,36867,0.0,0.0
2007-08-30 00:00:00-04:00,111.78158845292593,113.56651942151657,110.55443848224482,111.3353500366211,27427,0.0,0.0
2007-08-31 00:00:00-04:00,113.12027203728434,113.78961819321363,111.00065696298779,112.11624145507812,22553,0.0,0.0
2007-09-04 00:00:00-04:00,111.7815808692094,114.68209633346503,111.33534248317919,112.56249237060547,17627,0.0,0.0
2007-09-05 00:00:00-04:00,111.55850759404947,112.45097338513821,108.99266418904998,111.89318084716797,35320,0.0,0.0
2007-09-06 00:00:00-04:00,112.00470766107834,112.67405393722125,108.99262672180659,111.3353500366211,13373,0.0,0.0
2007-09-07 00:00:00-04:00,110.33130100078019,119.70220309246305,106.53830952547034,109.3272705078125,30487,0.0,0.0
2007-09-10 00:00:00-04:00,109.77356407213082,110.21979124498128,104.41874721138922,107.31927490234375,24307,0.0,0.0
2007-09-11 00:00:00-04:00,107.65394762246916,113.12031841412856,107.65394762246916,112.67407989501953,35873,0.0,0.0
2007-09-12 00:00:00-04:00,112.78641346735769,115.14548717007945,111.43836645400951,112.56173706054688,44753,1.05,0.0
2007-09-13 00:00:00-04:00,112.89874595700473,113.90978407389505,110.65200474393001,112.56173706054688,12320,0.0,0.0
2007-09-14 00:00:00-04:00,111.10132430464226,116.2688229770619,110.65197162551303,114.9207763671875,22540,0.0,0.0
2007-09-17 00:00:00-04:00,114.3591131136978,115.03314226136153,108.9669370699655,110.65199279785156,56060,0.0,0.0
2007-09-18 00:00:00-04:00,110.98901403902022,118.85260831302493,110.53967265130146,117.61690521240234,42160,0.0,0.0
2007-09-19 00:00:00-04:00,119.0772642912688,123.12139322449464,118.62791155312601,121.32400512695312,40087,0.0,0.0
2007-09-20 00:00:00-04:00,120.76234875609282,123.0090901282992,118.40327488628316,120.31299591064453,28047,0.0,0.0
2007-09-21 00:00:00-04:00,121.43635336272432,121.43635336272432,115.25781526248824,117.72923278808594,79467,0.0,0.0
2007-09-24 00:00:00-04:00,117.504522889788,118.17855189234245,112.22469188776664,114.80844116210938,25380,0.0,0.0
2007-09-25 00:00:00-04:00,113.01107349925297,114.5837968505613,110.65199989980674,111.88770294189453,24800,0.0,0.0
2007-09-26 00:00:00-04:00,112.78639968054883,113.46041739107382,110.09030598341816,111.21367645263672,14033,0.0,0.0
2007-09-27 00:00:00-04:00,111.77536168724599,112.56172330120205,110.20263845933387,111.21367645263672,15747,0.0,0.0
2007-09-28 00:00:00-04:00,111.55071446800426,111.55071446800426,105.82152814834804,106.72022247314453,39580,0.0,0.0
2007-10-01 00:00:00-04:00,106.49550365584885,110.65197610994866,106.1584948466005,109.19159698486328,26913,0.0,0.0
2007-10-02 00:00:00-04:00,109.52861911044965,112.44937771572224,109.52861911044965,110.98899841308594,16080,0.0,0.0
2007-10-03 00:00:00-04:00,110.09033375275442,111.10137200108292,107.73125974334555,109.52864837646484,17800,0.0,0.0
2007-10-04 00:00:00-04:00,110.09030598341816,111.77536168724599,109.6409532247246,111.21367645263672,8440,0.0,0.0
2007-10-05 00:00:00-04:00,112.7864118195431,116.94287386099184,112.22472652448067,113.90978240966797,23727,0.0,0.0
2007-10-08 00:00:00-04:00,114.13443069724272,114.13443069724272,110.20263420670265,111.66302490234375,18980,0.0,0.0
2007-10-09 00:00:00-04:00,112.00003491642343,112.33704376220705,108.62992360355722,112.33704376220703,24200,0.0,0.0
2007-10-10 00:00:00-04:00,111.77534653928528,112.78638439557078,110.42729987340923,112.0000228881836,10600,0.0,0.0
2007-10-11 00:00:00-04:00,112.67407384409172,117.05522394755545,112.44939742871871,113.68511199951172,26393,0.0,0.0
2007-10-12 00:00:00-04:00,114.02209746081324,116.83052350664609,113.57274472247406,114.13442993164062,11347,0.0,0.0
2007-10-15 00:00:00-04:00,113.79740123975138,114.47143022967619,107.95587379796726,109.7532730102539,24767,0.0,0.0
2007-10-16 00:00:00-04:00,109.6409376766415,110.09029037161277,106.1584942869123,106.83251190185547,20107,0.0,0.0
2007-10-17 00:00:00-04:00,107.9558967159069,107.9558967159069,103.0130735447114,103.35008239746094,28373,0.0,0.0
2007-10-18 00:00:00-04:00,102.90075260853976,103.57478189199071,100.65401118540555,101.77738189697266,32513,0.0,0.0
2007-10-19 00:00:00-04:00,101.77736934376719,101.77736934376719,97.17155456542969,97.17155456542969,31533,0.0,0.0
2007-10-22 00:00:00-04:00,96.16051857324643,102.56373326438344,95.59883898826497,100.87867736816406,22273,0.0,0.0
2007-10-23 00:00:00-04:00,101.88972582464005,102.22673475260662,99.19363154587187,101.77738189697266,12860,0.0,0.0
2007-10-24 00:00:00-04:00,101.10332511140003,101.32800145270582,95.82348251452423,99.86762237548828,36647,0.0,0.0
2007-10-25 00:00:00-04:00,100.65397996237233,102.78838822325994,98.40723923618086,99.08126831054688,23447,0.0,0.0
2007-10-26 00:00:00-04:00,100.20463733756867,104.36110991110561,100.20463733756867,103.23773956298828,20167,0.0,0.0
2007-10-29 00:00:00-04:00,103.91175720085303,104.4734423749117,101.328007685686,103.23773956298828,20100,0.0,0.0
2007-10-30 00:00:00-04:00,102.90073836969331,107.16955562496678,102.90073836969331,105.59683227539062,21647,0.0,0.0
2007-10-31 00:00:00-04:00,107.39420563017407,107.39420563017407,98.7442626953125,98.7442626953125,64540,0.0,0.0
2007-11-01 00:00:00-04:00,98.2949215432872,98.63193041736098,89.53263367978879,90.43132781982422,56240,0.0,0.0
2007-11-02 00:00:00-04:00,90.99300263312931,90.99300263312931,85.48848880177789,86.72419738769531,51227,0.0,0.0
2007-11-05 00:00:00-05:00,87.06122422829652,88.18459486350035,85.37616827549078,87.62290954589844,31387,0.0,0.0
2007-11-06 00:00:00-05:00,87.73524707236987,88.40927059102133,82.56774104772005,84.3651351928711,32240,0.0,0.0
2007-11-07 00:00:00-05:00,83.46643235460182,83.46643235460182,74.70414405877511,76.61387634277344,65827,0.0,0.0
2007-11-08 00:00:00-05:00,77.28787079754136,78.86059371616668,73.13140430708508,75.8274917602539,59993,0.0,0.0
2007-11-09 00:00:00-05:00,74.92882470126601,78.29893665399896,71.89572165830292,76.95088958740234,37933,0.0,0.0
2007-11-12 00:00:00-05:00,76.61387869147507,81.33203187473144,76.50154048654453,79.30996704101562,31180,0.0,0.0
2007-11-13 00:00:00-05:00,80.09630742888928,84.92680358886719,79.30995157523519,84.92680358886719,29220,0.0,0.0
2007-11-14 00:00:00-05:00,85.26380928205327,86.49951782226563,78.0742401123047,78.63592529296875,29813,0.0,0.0
2007-11-15 00:00:00-05:00,78.18658297247572,79.30995340106371,74.14244828680745,75.15348052978516,27340,0.0,0.0
2007-11-16 00:00:00-05:00,75.26582387799179,75.37816207130753,70.43533298923576,70.66000366210938,40980,0.0,0.0
2007-11-19 00:00:00-05:00,70.21065521240234,71.55870207798357,68.18859062778824,70.21065521240234,30853,0.0,0.0
2007-11-20 00:00:00-05:00,70.21064472797127,74.81646416487756,68.86259806369146,73.13140869140625,70640,0.0,0.0
2007-11-21 00:00:00-05:00,73.13142050169829,78.07424954603376,73.13142050169829,74.47946166992188,35447,0.0,0.0
2007-11-23 00:00:00-05:00,77.06322779524515,78.07426023831333,75.93985714433418,76.95088958740234,19440,0.0,0.0
2007-11-26 00:00:00-05:00,76.95088164786983,77.40022871912039,68.75027902783363,69.08728790283203,43000,0.0,0.0
2007-11-27 00:00:00-05:00,69.31196248359409,73.01908286670846,69.08728609696261,70.66000366210938,37507,0.0,0.0
2007-11-28 00:00:00-05:00,72.12039499972705,77.51257160874512,71.78338039056446,77.28789520263672,56587,0.0,0.0
2007-11-29 00:00:00-05:00,77.287883380989,78.0742449683313,72.12038396847953,72.34505462646484,39633,0.0,0.0
2007-11-30 00:00:00-05:00,73.58076775819376,77.40022631586753,72.90674431536713,73.46842956542969,59520,0.0,0.0
2007-12-03 00:00:00-05:00,74.70414463923528,76.27686233099384,70.77234755295974,73.01908874511719,39293,0.0,0.0
2007-12-04 00:00:00-05:00,73.01909983158112,74.47947954270907,71.10936724278994,71.8957290649414,50433,0.0,0.0
2007-12-05 00:00:00-05:00,73.80543944373404,76.05218030091002,73.58076307251346,75.15348052978516,29967,0.0,0.0
2007-12-06 00:00:00-05:00,74.81650535427629,81.10738372802734,74.81650535427629,81.10738372802734,30660,0.0,0.0
2007-12-07 00:00:00-05:00,82.68007963329411,83.4664356472045,79.30996773829918,81.78137969970703,24900,0.0,0.0
2007-12-10 00:00:00-05:00,81.89369104109252,90.43130618380562,81.89369104109252,89.08325958251953,45727,0.0,0.0
2007-12-11 00:00:00-05:00,89.307972021379,92.22873702898092,81.55671521510544,82.11840057373047,35760,0.0,0.0
2007-12-12 00:00:00-05:00,85.18081378867205,88.81035227709255,79.96334608200343,81.55126953125,41253,1.05,0.0
2007-12-13 00:00:00-05:00,80.75729958211072,81.09756678549851,76.22037276893597,79.5096435546875,38787,0.0,0.0
2007-12-14 00:00:00-05:00,78.03513341835739,79.7364808542431,76.67405893104905,76.9009017944336,20680,0.0,0.0
2007-12-17 00:00:00-05:00,76.44723468900636,79.50966335826271,75.99354304848748,77.58146667480469,32453,0.0,0.0
2007-12-18 00:00:00-05:00,78.37543195316466,82.00497087320998,77.58146724962229,81.09758758544922,30740,0.0,0.0
2007-12-19 00:00:00-05:00,80.41706630517211,81.66472294846325,78.60229353029443,80.87075805664062,24147,0.0,0.0
2007-12-20 00:00:00-05:00,81.55127211408659,85.74793243408203,78.6022680326575,85.74793243408203,40667,0.0,0.0
2007-12-21 00:00:00-05:00,88.92378706454909,92.6667561014677,85.63451543986467,91.53252410888672,103833,0.0,0.0
2007-12-24 00:00:00-05:00,92.89359695014612,94.93521795229346,91.07882464901584,91.98621368408203,17813,0.0,0.0
2007-12-26 00:00:00-05:00,90.85196292987295,92.55331052867582,87.44926773226723,91.75934600830078,30153,0.0,0.0
2007-12-27 00:00:00-05:00,90.85198359782682,91.30567524025122,86.5418985722894,86.88217163085938,21147,0.0,0.0
2007-12-28 00:00:00-05:00,86.88216694940715,89.60432242627851,83.02577954308921,83.5928955078125,27987,0.0,0.0
2007-12-31 00:00:00-05:00,83.36602598124585,83.8197174858471,80.64387118463792,82.68548583984375,40107,0.0,0.0
2008-01-02 00:00:00-05:00,82.79892835265295,87.10900724697116,82.34523674835657,85.74793243408203,36907,0.0,0.0
2008-01-03 00:00:00-05:00,85.63449231761572,94.25465428749372,85.63449231761572,90.85195922851562,57973,0.0,0.0
2008-01-04 00:00:00-05:00,89.49089609572592,90.3982850805696,86.76874067919849,89.83116912841797,54313,0.0,0.0
2008-01-07 00:00:00-05:00,93.00701482462236,96.06944323010696,89.03720321625433,94.36809539794922,48500,0.0,0.0
2008-01-08 00:00:00-05:00,94.59492888884003,96.74996810771385,93.007005557512,93.68754577636719,122413,0.0,0.0
2008-01-09 00:00:00-05:00,93.23386518619162,95.61574757883739,87.90297290864714,95.16205596923828,46747,0.0,0.0
2008-01-10 00:00:00-05:00,94.02783963875908,101.28692390199569,93.57414795399481,98.22449493408203,47340,0.0,0.0
2008-01-11 00:00:00-05:00,96.40971275020603,98.56475800335329,93.00701700608111,93.46070861816406,38767,0.0,0.0
2008-01-14 00:00:00-05:00,94.25466964508072,94.59493689882044,89.94458507336849,92.5533218383789,31107,0.0,0.0
2008-01-15 00:00:00-05:00,90.85196707480961,91.41908296695074,87.44927172196282,89.71773529052734,30707,0.0,0.0
2008-01-16 00:00:00-05:00,89.60431171516638,98.56474750188399,89.60431171516638,95.61573791503906,37800,0.0,0.0
2008-01-17 00:00:00-05:00,95.61575466697649,96.29629501632552,89.83117612001523,91.53252410888672,27440,0.0,0.0
2008-01-18 00:00:00-05:00,91.07881432992083,93.57412668238501,86.20161973165165,87.78954315185547,41113,0.0,0.0
2008-01-22 00:00:00-05:00,84.27340314894295,101.85399244337654,84.04656029686643,92.43987274169922,47753,0.0,0.0
2008-01-23 00:00:00-05:00,90.05798863781091,104.00904089564452,89.2640299725848,102.30769348144531,72433,0.0,0.0
2008-01-24 00:00:00-05:00,103.21509207105213,105.82382285975298,99.69897816515129,101.17347717285156,33807,0.0,0.0
2008-01-25 00:00:00-05:00,102.5345703833622,104.12248815165977,96.06944611914068,97.43052673339844,43813,0.0,0.0
2008-01-28 00:00:00-05:00,96.52312941195494,104.3493278466537,94.70835733908243,100.83321380615234,46407,0.0,0.0
2008-01-29 00:00:00-05:00,101.74060088677288,104.34933187607409,96.636557479791,100.60636901855469,34500,0.0,0.0
2008-01-30 00:00:00-05:00,100.37952048823972,104.6895992863488,99.47213729990148,100.03925323486328,31853,0.0,0.0
2008-01-31 00:00:00-05:00,99.13187869967436,112.96949949021565,98.56476271520941,107.75203704833984,63433,0.0,0.0
2008-02-01 00:00:00-05:00,108.43256269609525,113.42318756411774,108.43256269609525,112.28895568847656,63507,0.0,0.0
2008-02-04 00:00:00-05:00,112.1754989298995,112.85603320841886,108.54595585579771,111.1546859741211,33113,0.0,0.0
2008-02-05 00:00:00-05:00,108.6594052854601,113.42318120361234,105.937255859375,105.937255859375,26773,0.0,0.0
2008-02-06 00:00:00-05:00,108.09230849664739,112.85608525732117,102.98826443978362,106.84465789794922,31127,0.0,0.0
2008-02-07 00:00:00-05:00,106.05069973125286,109.90709342759149,102.08088744184768,109.11312866210938,42693,0.0,0.0
2008-02-08 00:00:00-05:00,108.88623442111323,108.88623442111323,101.96742622413855,104.57615661621094,32280,0.0,0.0
2008-02-11 00:00:00-05:00,107.29830860493132,118.98090373562123,106.73119278452894,117.27955627441406,68507,0.0,0.0
2008-02-12 00:00:00-05:00,118.07353300360576,120.34199674267985,113.08291970044466,114.55741882324219,47700,0.0,0.0
2008-02-13 00:00:00-05:00,117.6198386518317,118.07352444395497,111.72183105020997,117.84668731689453,70327,0.0,0.0
2008-02-14 00:00:00-05:00,117.84665649233112,118.41377223764937,110.24730319746676,113.30973052978516,56860,0.0,0.0
2008-02-15 00:00:00-05:00,112.28892903167588,113.19631200918022,108.99965275797202,111.49496459960938,31293,0.0,0.0
2008-02-19 00:00:00-05:00,112.74261851286929,114.21711719185858,109.45334246604725,110.81442260742188,28933,0.0,0.0
2008-02-20 00:00:00-05:00,110.24736154975987,117.96013746074601,110.24736154975987,115.6916732788086,28093,0.0,0.0
2008-02-21 00:00:00-05:00,116.59901531546545,117.96009564979413,105.9372443622272,106.95804595947266,47140,0.0,0.0
2008-02-22 00:00:00-05:00,106.9580537935003,106.9580537935003,100.1526631614048,105.82382202148438,40793,0.0,0.0
2008-02-25 00:00:00-05:00,106.05066625850716,110.47417459999855,103.78220280912734,110.02047729492188,29047,0.0,0.0
2008-02-26 00:00:00-05:00,109.22651328533686,112.17552270597426,106.61778261408202,106.731201171875,35267,0.0,0.0
2008-02-27 00:00:00-05:00,105.59696863671404,112.96947482508617,104.9164342191419,112.17552185058594,50493,0.0,0.0
2008-02-28 00:00:00-05:00,111.15473723836658,111.15473723836658,104.91646116886642,106.84465789794922,45407,0.0,0.0
2008-02-29 00:00:00-05:00,105.82381076459029,105.82381076459029,101.62715134694609,102.5345458984375,43040,0.0,0.0
2008-03-03 00:00:00-05:00,102.98823161075705,105.82381073846513,100.60634975868267,103.89561462402344,47653,0.0,0.0
2008-03-04 00:00:00-05:00,102.87482828194969,103.7822114294702,100.0392487346964,103.21509552001953,61613,0.0,0.0
2008-03-05 00:00:00-05:00,104.57618461375031,105.14330056985742,98.56475778661576,100.37952423095703,42100,0.0,0.0
2008-03-06 00:00:00-05:00,99.58555267584897,102.42113225966017,97.54393768310547,97.54393768310547,40767,0.0,0.0
2008-03-07 00:00:00-05:00,96.29628099889581,101.62716712663126,96.29628099889581,99.8124008178711,37467,0.0,0.0
2008-03-10 00:00:00-04:00,100.71978371274267,104.34932785891415,99.58555188818926,100.9466323852539,31320,0.0,0.0
2008-03-11 00:00:00-04:00,104.12246942659047,115.57821670358894,103.2150863596009,114.44398498535156,68953,0.0,0.0
2008-03-12 00:00:00-04:00,114.90084963112139,120.72585020885337,112.04546060829423,114.21556091308594,57987,1.05,0.0
2008-03-13 00:00:00-04:00,113.07340243429837,119.01261377477087,108.2763466739703,116.38565826416016,70067,0.0,0.0
2008-03-14 00:00:00-04:00,117.18519583241235,117.64206285989523,106.67737038641742,110.33226013183594,42413,0.0,0.0
2008-03-17 00:00:00-04:00,107.01997326247029,112.73075079388698,103.2508624154566,109.41849517822266,53120,0.0,0.0
2008-03-18 00:00:00-04:00,111.81704434662376,117.07095576267616,109.64694393382354,116.4998779296875,42427,0.0,0.0
2008-03-19 00:00:00-04:00,117.18515901013355,119.92633707646722,113.18761444091797,113.18761444091797,42647,0.0,0.0
2008-03-20 00:00:00-04:00,114.21555959858999,120.95428226234982,113.64448180059705,120.26898193359375,117153,0.0,0.0
2008-03-24 00:00:00-04:00,120.6116642251291,126.89352197890898,120.6116642251291,124.95186614990234,40767,0.0,0.0
2008-03-25 00:00:00-04:00,125.0660687587636,126.77930257737681,119.926367302924,125.29450225830078,36813,0.0,0.0
2008-03-26 00:00:00-04:00,124.15233516546196,124.15233516546196,119.9263564708621,122.78174591064453,29733,0.0,0.0
2008-03-27 00:00:00-04:00,122.43910176603852,122.66753524543637,115.92881150555166,117.75625610351562,34153,0.0,0.0
2008-03-28 00:00:00-04:00,118.21311162438487,119.6979116688922,114.10135586750175,114.44400024414062,29053,0.0,0.0
2008-03-31 00:00:00-04:00,112.2738587488039,118.78414599738117,112.2738587488039,116.04296875,49340,0.0,0.0
2008-04-01 00:00:00-04:00,117.64196100632041,123.58116912841797,117.52775015763821,123.58116912841797,63453,0.0,0.0
2008-04-02 00:00:00-04:00,123.92386513160041,126.55082031758134,122.66749879614177,124.6091537475586,47360,0.0,0.0
2008-04-03 00:00:00-04:00,123.92386627197266,125.4086660326161,119.69788878505975,123.92386627197266,41547,0.0,0.0
2008-04-04 00:00:00-04:00,124.60913565581694,127.3503129588757,122.32482510946939,124.72335815429688,44487,0.0,0.0
2008-04-07 00:00:00-04:00,125.40872156082871,126.77931103083019,123.92392114274843,124.95186614990234,31253,0.0,0.0
2008-04-08 00:00:00-04:00,123.69543092569197,125.86553089329946,120.95426486085742,122.89591979980469,31967,0.0,0.0
2008-04-09 00:00:00-04:00,123.2386348160317,124.15235727576511,117.29942139984739,117.5278549194336,28647,0.0,0.0
2008-04-10 00:00:00-04:00,117.41359885970212,121.75378801941444,115.92879883382791,117.18516540527344,45333,0.0,0.0
2008-04-11 00:00:00-04:00,115.70035551335594,117.64202228251696,111.47437763191303,111.5886001586914,42113,0.0,0.0
2008-04-14 00:00:00-04:00,111.81702871258165,113.41603945021434,109.30428427503696,109.41849517822266,38953,0.0,0.0
2008-04-15 00:00:00-04:00,110.33223245893151,115.81458893922803,109.98958808356504,111.4743881225586,60873,0.0,0.0
2008-04-16 00:00:00-04:00,112.7307494396789,118.55573780430706,111.36016052488213,115.01506042480469,58460,0.0,0.0
2008-04-17 00:00:00-04:00,114.78667134752422,120.15480656013561,114.21559338062112,119.12686157226562,28827,0.0,0.0
2008-04-18 00:00:00-04:00,121.75382522757886,125.86559380803371,120.49745827218557,122.09648132324219,34760,0.0,0.0
2008-04-21 00:00:00-04:00,120.61161296007391,121.63955753030774,115.24349154704862,115.58613586425781,31200,0.0,0.0
2008-04-22 00:00:00-04:00,115.47193854516291,116.15723894773832,109.8753824931455,111.2459716796875,55567,0.0,0.0
2008-04-23 00:00:00-04:00,111.36016141663517,111.58859484069829,108.61898356509074,111.01751708984375,54060,0.0,0.0
2008-04-24 00:00:00-04:00,109.98960227943857,113.41606971255884,109.41852437391852,113.07342529296875,40373,0.0,0.0
2008-04-25 00:00:00-04:00,114.44399256240736,114.90084782772465,110.56065890486923,113.18761444091797,31027,0.0,0.0
2008-04-28 00:00:00-04:00,113.3018479969302,117.64203734214186,111.13174751502005,115.24351501464844,43260,0.0,0.0
2008-04-29 00:00:00-04:00,115.81459709182201,122.55330901041825,115.81459709182201,118.21311950683594,37927,0.0,0.0
2008-04-30 00:00:00-04:00,119.4695107893878,123.3528457665191,116.9567769297738,117.5278549194336,45580,0.0,0.0
2008-05-01 00:00:00-04:00,117.6419803024432,126.09393304928322,117.0709027281595,124.49491119384766,39287,0.0,0.0
2008-05-02 00:00:00-04:00,123.69540944249464,128.03559700530775,123.69540944249464,125.86550903320312,38653,0.0,0.0
2008-05-05 00:00:00-04:00,125.63709034639247,127.23611250733408,122.2106242460363,126.20816802978516,46873,0.0,0.0
2008-05-06 00:00:00-04:00,126.43663247737761,128.37829940147154,124.03809864692933,127.92143249511719,27533,0.0,0.0
2008-05-07 00:00:00-04:00,128.37827516668554,128.94935288251847,121.18268665230589,122.89591979980469,49400,0.0,0.0
2008-05-08 00:00:00-04:00,123.2385869565649,126.66505356386209,122.21064232693298,123.69544219970703,24260,0.0,0.0
2008-05-09 00:00:00-04:00,121.63952753195233,126.32235915569412,121.29688329924498,121.75373840332031,20220,0.0,0.0
2008-05-12 00:00:00-04:00,123.46702336091276,126.09399069853039,122.55330114803235,124.03810119628906,29133,0.0,0.0
2008-05-13 00:00:00-04:00,124.83756903417255,125.29443579088375,121.98218085123811,124.72335815429688,20833,0.0,0.0
2008-05-14 00:00:00-04:00,125.18021341802104,126.43659119093552,120.4973814407511,120.72581481933594,21067,0.0,0.0
2008-05-15 00:00:00-04:00,120.26897347001797,125.97975104806827,118.21309586564121,125.52289581298828,35387,0.0,0.0
2008-05-16 00:00:00-04:00,126.77926442320917,128.60670863231715,120.2689755480257,121.63956451416016,94840,0.0,0.0
2008-05-19 00:00:00-04:00,121.86802361363603,122.89595684079208,120.49743435881858,122.78174591064453,48633,0.0,0.0
2008-05-20 00:00:00-04:00,121.06846727448311,122.32483351385176,119.35523424701401,120.3831787109375,27567,0.0,0.0
2008-05-21 00:00:00-04:00,121.06853627347554,123.69549275568711,119.81216931808227,122.09648132324219,33720,0.0,0.0
2008-05-22 00:00:00-04:00,122.21064531775413,126.09397888183592,121.52535662696661,126.09397888183594,51607,0.0,0.0
2008-05-23 00:00:00-04:00,125.06602057060134,126.66504283264501,123.35278741209994,124.6091537475586,30527,0.0,0.0
2008-05-27 00:00:00-04:00,124.95186652135543,127.92146736634392,124.83764395432588,127.12195587158203,24147,0.0,0.0
2008-05-28 00:00:00-04:00,127.35035467147827,127.46456558876282,117.52782075233213,118.78418731689453,47047,0.0,0.0
2008-05-29 00:00:00-04:00,118.78419304449275,119.35527089566821,113.87292584810565,115.24351501464844,65593,0.0,0.0
2008-05-30 00:00:00-04:00,115.12925889806208,115.92876998026772,112.61651476196083,114.90082550048828,51227,0.0,0.0
2008-06-02 00:00:00-04:00,114.78661050696124,117.98464310283721,113.4160217891273,117.29935455322266,51580,0.0,0.0
2008-06-03 00:00:00-04:00,117.0709215739127,119.92630990498374,116.49984390769849,119.35523223876953,51133,0.0,0.0
2008-06-04 00:00:00-04:00,119.12682109190035,121.63956561614303,117.64202120622284,119.6978988647461,34987,0.0,0.0
2008-06-05 00:00:00-04:00,119.8121320468878,120.49742078781128,116.61408693962342,118.78418731689453,48447,0.0,0.0
2008-06-06 00:00:00-04:00,117.75624309112597,117.75624309112597,110.90330917811515,111.36017608642578,41140,0.0,0.0
2008-06-09 00:00:00-04:00,111.36019527346257,111.36019527346257,105.76362696612142,107.13421630859375,44220,0.0,0.0
2008-06-10 00:00:00-04:00,106.56310430229243,108.50477094824546,103.9361490135825,104.27879333496094,43027,0.0,0.0
2008-06-11 00:00:00-04:00,104.85429541394662,105.0844938041341,97.83332061767578,97.83332061767578,50467,1.05,0.0
2008-06-12 00:00:00-04:00,100.71078964144165,105.31471145362184,96.79745727192636,98.40882873535156,42480,0.0,0.0
2008-06-13 00:00:00-04:00,99.21450688444462,102.09195771225114,97.2578379798607,101.74666595458984,57213,0.0,0.0
2008-06-16 00:00:00-04:00,102.20705353308149,104.85430601699089,100.02019787610317,104.3939208984375,46627,0.0,0.0
2008-06-17 00:00:00-04:00,104.3939154726623,104.73920722072555,98.7541073235801,99.32959747314453,21360,0.0,0.0
2008-06-18 00:00:00-04:00,99.44469200896417,99.44469200896417,94.38037454514277,96.68233489990234,28907,0.0,0.0
2008-06-19 00:00:00-04:00,96.56723723739772,96.68233642779222,92.53880655290638,95.87664794921875,103660,0.0,0.0
2008-06-20 00:00:00-04:00,94.26526724815862,98.17859834379962,93.1142871697826,95.99173736572266,137700,0.0,0.0
2008-06-23 00:00:00-04:00,96.68235845745548,97.2578486863689,88.85569368590863,88.97078704833984,80847,0.0,0.0
2008-06-24 00:00:00-04:00,88.2801819385377,90.69723562746131,87.58959266133614,89.3160629272461,77840,0.0,0.0
2008-06-25 00:00:00-04:00,90.00665712996155,96.33704845138833,88.74057769483855,89.77645874023438,78140,0.0,0.0
2008-06-26 00:00:00-04:00,89.89155514568239,90.2368468653702,87.35939635401154,88.16508483886719,57007,0.0,0.0
2008-06-27 00:00:00-04:00,88.85568074129263,91.8482248123331,84.59705132606045,85.74803161621094,158580,0.0,0.0
2008-06-30 00:00:00-04:00,80.56861573498868,83.44606629695257,72.28155577485745,72.9721450805664,158167,0.0,0.0
2008-07-01 00:00:00-04:00,73.3174495103623,79.07235117195467,72.05136997397423,78.26666259765625,120933,0.0,0.0
2008-07-02 00:00:00-04:00,77.69117157662963,82.06489444963852,73.66274045784142,73.77783966064453,89540,0.0,0.0
2008-07-03 00:00:00-04:00,74.23822904224238,75.27411013711038,69.63430786132812,69.63430786132812,34633,0.0,0.0
2008-07-07 00:00:00-04:00,77.00056643264058,84.59703615628756,71.13056683463212,74.81370544433594,160547,0.0,0.0
2008-07-08 00:00:00-04:00,74.5834978501501,81.02898669188588,72.16644465691255,80.56859588623047,98473,0.0,0.0
2008-07-09 00:00:00-04:00,80.7988123895553,80.7988123895553,72.51175260707187,72.74195098876953,62873,0.0,0.0
2008-07-10 00:00:00-04:00,73.08725382907137,78.26666551774572,72.05137266217429,76.77039337158203,90180,0.0,0.0
2008-07-11 00:00:00-04:00,74.46841468200577,79.3025275810758,73.31743458400993,77.57605743408203,82073,0.0,0.0
2008-07-14 00:00:00-04:00,74.81370316045536,80.45350422786761,69.6342929416546,71.7060546875,64360,0.0,0.0
2008-07-15 00:00:00-04:00,70.900376844402,74.81370809710536,64.68508534255693,70.09468841552734,90347,0.0,0.0
2008-07-16 00:00:00-04:00,68.59843153639139,76.77039337158203,67.90784214039702,76.77039337158203,133627,0.0,0.0
2008-07-17 00:00:00-04:00,78.49685560217802,87.58959843072411,76.88547856450622,87.24430084228516,109453,0.0,0.0
2008-07-18 00:00:00-04:00,87.70469768791386,87.70469768791386,81.02900870285254,83.10077667236328,43373,0.0,0.0
2008-07-21 00:00:00-04:00,85.97820779436327,88.28016777970969,81.48938113958819,81.83467864990234,40140,0.0,0.0
2008-07-22 00:00:00-04:00,78.4968603883907,92.76901522604665,78.4968603883907,92.30862426757812,59593,0.0,0.0
2008-07-23 00:00:00-04:00,91.04251626167182,103.58819668995072,91.04251626167182,98.29369354248047,127400,0.0,0.0
2008-07-24 00:00:00-04:00,101.05604853973966,103.4731137293542,94.3803664268337,95.99173736572266,138967,0.0,0.0
2008-07-25 00:00:00-04:00,97.83331640835466,104.50899918630837,97.83331640835466,100.1352767944336,96767,0.0,0.0
2008-07-28 00:00:00-04:00,100.13527701449908,104.16370769899044,93.80488593886983,95.87664794921875,72740,0.0,0.0
2008-07-29 00:00:00-04:00,97.14271640739034,103.12780923856022,96.79742472923746,102.09193420410156,72620,0.0,0.0
2008-07-30 00:00:00-04:00,103.01273963547376,106.35058727908029,98.98430847654461,101.74666595458984,62593,0.0,0.0
2008-07-31 00:00:00-04:00,100.13527195521763,104.16370243617467,98.98429181780135,100.71076202392578,46993,0.0,0.0
2008-08-01 00:00:00-04:00,100.8258473725153,104.73918421328452,98.17859560770059,98.63899230957031,78453,0.0,0.0
2008-08-04 00:00:00-04:00,98.63901709045614,103.01274002352238,97.48803675499778,101.63156127929688,58200,0.0,0.0
2008-08-05 00:00:00-04:00,101.86175107165595,105.65998351570342,101.40135429306625,104.16371154785156,59000,0.0,0.0
2008-08-06 00:00:00-04:00,103.58822631835938,105.19960341110688,102.20704762577252,103.58822631835938,49513,0.0,0.0
2008-08-07 00:00:00-04:00,101.8617267451182,106.12035495071314,97.71819770668282,98.29369354248047,124333,0.0,0.0
2008-08-08 00:00:00-04:00,99.09940074032697,114.1772499378293,99.09940074032697,112.2205810546875,100280,0.0,0.0
2008-08-11 00:00:00-04:00,112.68096062887865,123.73036531301645,110.26389530471538,119.70193481445312,72353,0.0,0.0
2008-08-12 00:00:00-04:00,119.47174062492064,120.85291918586283,113.94703808952781,117.39997863769531,88293,0.0,0.0
2008-08-13 00:00:00-04:00,117.97546037904114,117.97546037904114,109.91859967022857,113.48663330078125,58807,0.0,0.0
2008-08-14 00:00:00-04:00,113.2564186314846,116.93954467773439,111.76013550327696,116.93954467773438,49020,0.0,0.0
2008-08-15 00:00:00-04:00,119.58682721566518,121.42839054051291,115.21309382949721,116.82447052001953,42900,0.0,0.0
2008-08-18 00:00:00-04:00,116.70942039029124,116.70942039029124,107.96196208939888,108.65255737304688,52320,0.0,0.0
2008-08-19 00:00:00-04:00,109.3431222386641,109.91861235570968,104.50900291380576,108.4223403930664,49520,0.0,0.0
2008-08-20 00:00:00-04:00,110.03370103971511,110.72429617597328,103.24292497095314,106.81095886230469,34573,0.0,0.0
2008-08-21 00:00:00-04:00,104.5090048868292,105.4297867498103,100.9409707771362,101.28626251220703,40773,0.0,0.0
2008-08-22 00:00:00-04:00,105.89017555930398,108.76762598211116,103.35801684555852,107.61664581298828,44960,0.0,0.0
2008-08-25 00:00:00-04:00,106.12038414362155,106.12038414362155,101.51646302423127,102.20704650878906,33340,0.0,0.0
2008-08-26 00:00:00-04:00,102.20704762577252,105.42979010289052,100.94097398745447,103.58822631835938,27487,0.0,0.0
2008-08-27 00:00:00-04:00,103.24290003923406,106.92603808472352,102.43721176234995,106.23544311523438,32320,0.0,0.0
2008-08-28 00:00:00-04:00,105.08448979387997,109.11292048910936,103.70331121384041,108.192138671875,34880,0.0,0.0
2008-08-29 00:00:00-04:00,108.53744837001369,109.68842875932111,105.42979897720808,108.76764678955078,31847,0.0,0.0
2008-09-02 00:00:00-04:00,114.06211439506555,116.01878275523994,108.76761102835759,111.87525939941406,48293,0.0,0.0
2008-09-03 00:00:00-04:00,111.18468535842007,114.98292947810089,107.8468497217364,112.9111557006836,39713,0.0,0.0
2008-09-04 00:00:00-04:00,112.79607603230238,112.79607603230238,107.84686279296875,107.84686279296875,52220,0.0,0.0
2008-09-05 00:00:00-04:00,106.3505690068541,113.0262514387323,104.50899376843486,111.64507293701172,53367,0.0,0.0
2008-09-08 00:00:00-04:00,116.36410976896563,121.42842803876769,111.99038674052443,114.06214904785156,91627,0.0,0.0
2008-09-09 00:00:00-04:00,104.27879187782361,114.52251940217188,92.7689967870692,105.08448028564453,89240,0.0,0.0
2008-09-10 00:00:00-04:00,106.58073834536053,113.25643140068262,104.50897678366938,111.06956481933594,66667,0.0,0.0
2008-09-11 00:00:00-04:00,108.63485557698709,109.44643101210893,103.99729514077784,108.05516052246094,90713,1.05,0.0
2008-09-12 00:00:00-04:00,107.59141219702958,112.92461439145447,105.6204464250449,112.46085357666016,65393,0.0,0.0
2008-09-15 00:00:00-04:00,107.47545895921444,114.19991882569894,107.47545895921444,110.25798797607422,82927,0.0,0.0
2008-09-16 00:00:00-04:00,108.40299816416893,116.750611076773,108.28706384627066,116.05496978759766,122307,0.0,0.0
2008-09-17 00:00:00-04:00,113.85209515913037,115.70711435684117,107.82326507568361,107.8232650756836,112653,0.0,0.0
2008-09-18 00:00:00-04:00,111.30147321465694,127.64887237548828,109.56238769567793,127.64887237548828,159247,0.0,0.0
2008-09-19 00:00:00-04:00,139.12680053710938,139.12680053710938,127.41696620947268,139.12680053710938,1687,0.0,0.0
2008-09-22 00:00:00-04:00,127.53296110365126,141.3297134315276,122.43163794193296,125.21417999267578,51047,0.0,0.0
2008-09-23 00:00:00-04:00,133.32985051472983,139.12680053710938,127.99666121171063,139.12680053710938,61053,0.0,0.0
2008-09-24 00:00:00-04:00,135.6486289052285,139.12679887715743,131.7066982194724,138.54710388183594,64213,0.0,0.0
2008-09-25 00:00:00-04:00,133.32989155745307,156.5176987848362,133.32989155745307,137.9674530029297,42300,0.0,0.0
2008-09-26 00:00:00-04:00,134.4892852507383,139.1268468111086,133.90959005569204,138.6630859375,37860,0.0,0.0
2008-09-29 00:00:00-04:00,127.6488794990131,139.9384249286476,126.14167432390647,128.11264038085938,60200,0.0,0.0
2008-09-30 00:00:00-04:00,132.17050883418617,137.96746097603642,127.06918623178619,128.22857666015625,50207,0.0,0.0
2008-10-01 00:00:00-04:00,130.89517605274764,141.09780883789062,130.54734951042536,141.09780883789062,54240,0.0,0.0
2008-10-02 00:00:00-04:00,138.5471546463895,139.12684985411497,134.37335386833772,137.1558837890625,39927,0.0,0.0
2008-10-03 00:00:00-04:00,139.12680698100183,139.93838238050947,130.66326191510933,133.56173706054688,29413,0.0,0.0
2008-10-06 00:00:00-04:00,127.06917477793408,131.12704091145844,118.14187871932312,127.99669647216797,41547,0.0,0.0
2008-10-07 00:00:00-04:00,132.2863913629069,136.34425627335096,111.0695571899414,111.0695571899414,37307,0.0,0.0
2008-10-08 00:00:00-04:00,108.982663835798,126.02569979443658,108.982663835798,113.62022399902344,69987,0.0,0.0
2008-10-09 00:00:00-04:00,111.30147115711503,114.43182739219455,96.11345672607422,96.11345672607422,113660,0.0,0.0
2008-10-10 00:00:00-04:00,94.25840779887304,111.30144372859999,87.76582829894151,110.25798797607422,75800,0.0,0.0
2008-10-13 00:00:00-04:00,117.56217649775886,117.56217649775886,104.34512288182351,113.50431060791016,55020,0.0,0.0
2008-10-14 00:00:00-04:00,113.73617812645337,116.9824802421587,105.50451211831005,112.46085357666016,60747,0.0,0.0
2008-10-15 00:00:00-04:00,107.82330983479818,108.63488549341585,102.60605290730794,104.34513854980469,49680,0.0,0.0
2008-10-16 00:00:00-04:00,105.38856686587049,114.08399278569723,99.24378978071863,113.1564712524414,66027,0.0,0.0
2008-10-17 00:00:00-04:00,113.15647260972831,113.15647260972831,102.37414669859679,103.4176025390625,61920,0.0,0.0
2008-10-20 00:00:00-04:00,104.92482396246295,107.82329976253098,99.70756752234048,107.12767028808594,30720,0.0,0.0
2008-10-21 00:00:00-04:00,104.69293953237359,110.95365173845256,101.3307148093464,104.92481994628906,29733,0.0,0.0
2008-10-22 00:00:00-04:00,102.0263302825218,107.5914004846014,98.78004031413589,99.70755004882812,40873,0.0,0.0
2008-10-23 00:00:00-04:00,101.91040800698939,105.73639348500798,93.2149752081981,99.01193237304688,45727,0.0,0.0
2008-10-24 00:00:00-04:00,92.86716007077968,101.44664672904315,91.70776982244776,96.9250259399414,51127,0.0,0.0
2008-10-27 00:00:00-04:00,96.22939216328409,100.86695323139416,91.591831095174,91.70777130126953,27513,0.0,0.0
2008-10-28 00:00:00-04:00,97.04095954336785,110.95364157699974,88.57740776806376,104.80887603759766,37347,0.0,0.0
2008-10-29 00:00:00-04:00,104.46105073050947,106.54796249424743,98.89598021303752,99.59162139892578,68500,0.0,0.0
2008-10-30 00:00:00-04:00,99.47565509813612,107.82326507568361,96.80906057870517,107.8232650756836,34787,0.0,0.0
2008-10-31 00:00:00-04:00,107.2435697344065,118.48965454101562,104.57697522411965,118.48965454101562,46640,0.0,0.0
2008-11-03 00:00:00-05:00,115.70715289678787,120.3447142296766,110.60584250696729,118.83750915527344,40920,0.0,0.0
2008-11-04 00:00:00-05:00,127.53294422801012,131.0111154342286,121.50411177844566,127.06918334960938,50427,0.0,0.0
2008-11-05 00:00:00-05:00,124.75041409564504,129.27204179994152,119.53315680327071,119.99691772460938,39100,0.0,0.0
2008-11-06 00:00:00-05:00,118.48970701405983,123.70696406835272,114.08402563810955,115.01153564453125,31400,0.0,0.0
2008-11-07 00:00:00-05:00,116.40278862871915,119.53313294417552,113.04055210494954,118.95343780517578,26453,0.0,0.0
2008-11-10 00:00:00-05:00,121.38816292190228,122.66348749391507,113.73618010804263,115.47526550292969,17940,0.0,0.0
2008-11-11 00:00:00-05:00,113.15649785532541,117.56219079228222,111.18554361860463,112.92462921142578,25113,0.0,0.0
2008-11-12 00:00:00-05:00,110.02612247927811,112.80865157392479,103.18571634132768,103.76541137695312,29073,0.0,0.0
2008-11-13 00:00:00-05:00,104.22916169290062,116.05492980112446,94.49028135138444,115.70711517333984,55400,0.0,0.0
2008-11-14 00:00:00-05:00,113.85210417283214,119.41717400047708,106.89576393979465,110.25798797607422,44087,0.0,0.0
2008-11-17 00:00:00-05:00,108.75079503027347,113.96805076855453,105.1566902392505,109.33049011230469,29873,0.0,0.0
2008-11-18 00:00:00-05:00,110.25801967927856,114.77964684845591,104.34513349859628,113.73619079589844,52640,0.0,0.0
2008-11-19 00:00:00-05:00,112.11305044408513,115.93903628262606,101.09884199723567,102.02635192871094,39387,0.0,0.0
2008-11-20 00:00:00-05:00,99.93943194007413,105.50450222618662,92.98309113395194,93.44684600830078,51533,0.0,0.0
2008-11-21 00:00:00-05:00,96.22939921978688,108.98269309228876,90.08463271273078,108.28706359863281,67033,0.0,0.0
2008-11-24 00:00:00-05:00,114.4318118196026,118.14186271207198,110.60582662802626,115.35932159423828,58953,0.0,0.0
2008-11-25 00:00:00-05:00,116.86654073499462,117.21435546875,108.75080857570431,117.21435546875,45880,0.0,0.0
2008-11-26 00:00:00-05:00,112.69276361367504,124.17072296142578,109.91022158116729,124.17072296142578,40160,0.0,0.0
2008-11-28 00:00:00-05:00,121.62009072051232,126.83734893798828,117.09846221446027,126.83734893798828,18920,0.0,0.0
2008-12-01 00:00:00-05:00,121.04036186569645,121.15629618753877,97.73660786714261,100.75102996826172,71133,0.0,0.0
2008-12-02 00:00:00-05:00,103.8813668231392,114.54776000976562,100.28726158785103,114.54776000976562,43973,0.0,0.0
2008-12-03 00:00:00-05:00,109.44647273560638,119.88098769495285,107.24362597106101,119.3012924194336,52993,0.0,0.0
2008-12-04 00:00:00-05:00,116.28684036327981,123.35912800398928,107.47547913182096,110.37395477294922,68673,0.0,0.0
2008-12-05 00:00:00-05:00,109.79422323212044,124.51847696462602,107.24356315505337,123.47502136230469,52533,0.0,0.0
2008-12-08 00:00:00-05:00,127.53294422801012,127.53294422801012,117.09843060935475,127.06918334960938,72773,0.0,0.0
2008-12-09 00:00:00-05:00,124.28664564862694,129.38795602073358,121.96786499023438,121.96786499023438,48287,0.0,0.0
2008-12-10 00:00:00-05:00,121.85192442499024,129.15609326639537,121.85192442499024,127.18512725830078,43813,0.0,0.0
2008-12-11 00:00:00-05:00,124.26802494436218,126.36832721737541,112.71634463828637,114.46659851074219,44413,1.05,0.0
2008-12-12 00:00:00-05:00,112.83304338652626,122.40110094456831,111.54951666685635,122.05104064941406,29333,0.0,0.0
2008-12-15 00:00:00-05:00,121.0009234259049,121.35097193254508,111.78291215623688,115.75016021728516,39947,0.0,0.0
2008-12-16 00:00:00-05:00,117.50037325702023,127.76852643195613,116.21684669161066,126.8350601196289,55393,0.0,0.0
2008-12-17 00:00:00-05:00,121.23423732078265,127.76851267309232,120.30075923930967,126.60167694091797,40600,0.0,0.0
2008-12-18 00:00:00-05:00,126.25164731268477,128.35194956804634,121.93435208964402,123.80128479003906,46553,0.0,0.0
2008-12-19 00:00:00-05:00,126.48502045035131,131.61909145669503,118.55052657475554,120.65084075927734,106693,0.0,0.0
2008-12-22 00:00:00-05:00,120.76752070526699,122.1677262178126,114.81666211403451,117.96710968017578,54940,0.0,0.0
2008-12-23 00:00:00-05:00,120.534145912187,122.16772091756236,116.21685071483948,117.85042572021484,40473,0.0,0.0
2008-12-24 00:00:00-05:00,118.3171715930006,121.93435833645353,116.21685736036935,121.70098876953125,18187,0.0,0.0
2008-12-26 00:00:00-05:00,122.40108452987629,125.66822251237382,117.38368091533694,123.91796875,19133,0.0,0.0
2008-12-29 00:00:00-05:00,123.68455958795917,124.26797732186465,119.36726598312588,124.15129852294922,45513,0.0,0.0
2008-12-30 00:00:00-05:00,124.26800867482747,128.46861267089844,123.21785174097614,128.46861267089844,38747,0.0,0.0
2008-12-31 00:00:00-05:00,128.70199284278775,130.45224663086645,126.60169067102692,129.9855194091797,56553,0.0,0.0
2009-01-02 00:00:00-05:00,128.93536376953125,130.6856175763575,124.15134144540691,128.93536376953125,76220,0.0,0.0
2009-01-05 00:00:00-05:00,130.68561425724516,130.68561425724516,121.81766660908501,123.91796875,63027,0.0,0.0
2009-01-06 00:00:00-05:00,123.80129552585761,125.43487068261534,119.95073907883683,122.16773223876953,51293,0.0,0.0
2009-01-07 00:00:00-05:00,120.18405659861699,121.35089209957444,118.43380334718081,118.78385162353516,38433,0.0,0.0
2009-01-08 00:00:00-05:00,119.71735219925084,121.23424828398376,118.08378914828391,119.95072174072266,40693,0.0,0.0
2009-01-09 00:00:00-05:00,119.25066902303165,120.41750529161382,115.28342096198337,115.75016021728516,35627,0.0,0.0
2009-01-12 00:00:00-05:00,116.10017089375458,119.60067855889291,113.76649911699569,114.23323822021484,33527,0.0,0.0
2009-01-13 00:00:00-05:00,112.7163231662448,118.43382280830545,112.7163231662448,116.91693878173828,28527,0.0,0.0
2009-01-14 00:00:00-05:00,113.76649133430685,114.2332304055967,106.64879764997625,108.74909973144531,60587,0.0,0.0
2009-01-15 00:00:00-05:00,108.63241901290736,108.98247928338169,102.0981426323072,104.6651840209961,76100,0.0,0.0
2009-01-16 00:00:00-05:00,105.94869760335277,107.34890306068675,96.61401038068436,100.23120880126953,85440,0.0,0.0
2009-01-20 00:00:00-05:00,93.3468518487994,97.66414612073957,87.74604311180464,88.21277618408203,83473,0.0,0.0
2009-01-21 00:00:00-05:00,94.39704054728297,95.56387666266306,88.67954476888755,95.33051300048828,64940,0.0,0.0
2009-01-22 00:00:00-05:00,92.76347264200956,93.58026030964697,78.41139056944415,79.2281723022461,128020,0.0,0.0
2009-01-23 00:00:00-05:00,76.54441978908555,81.21176238677573,74.56079681113403,79.57819366455078,52620,0.0,0.0
2009-01-26 00:00:00-05:00,79.34484264167006,82.4953020028466,76.19438328049351,79.1114730834961,35093,0.0,0.0
2009-01-27 00:00:00-05:00,78.87810761275374,79.92825873027222,77.47790216617292,78.5280532836914,37100,0.0,0.0
2009-01-28 00:00:00-05:00,81.21178708093257,88.44616674621827,79.9282662893196,87.04596710205078,64700,0.0,0.0
2009-01-29 00:00:00-05:00,84.12886127912984,85.64574542558209,83.07871025967567,84.01217651367188,75693,0.0,0.0
2009-01-30 00:00:00-05:00,84.94564584881813,87.97942018659748,82.14524105041947,82.96202850341797,77213,0.0,0.0
2009-02-02 00:00:00-05:00,80.97842491036302,82.61199427867349,77.12786811828579,80.86174011230469,71007,0.0,0.0
2009-02-03 00:00:00-05:00,90.89649992797341,90.89649992797341,79.92824552469055,83.77880096435547,85260,0.0,0.0
2009-02-04 00:00:00-05:00,85.29571314722419,85.87913114968833,81.09510234251542,82.49530792236328,52373,0.0,0.0
2009-02-05 00:00:00-05:00,81.32844716792627,87.74604324205772,80.86170816012303,84.94563293457031,54033,0.0,0.0
2009-02-06 00:00:00-05:00,83.6621462454944,86.11249717587295,80.39500178026468,80.74505615234375,78100,0.0,0.0
2009-02-09 00:00:00-05:00,79.5782183663948,81.67852081337624,64.64271385676221,70.2435302734375,396380,0.0,0.0
2009-02-10 00:00:00-05:00,69.3100418600414,70.4768776015735,58.925204947372194,59.27525329589844,139347,0.0,0.0
2009-02-11 00:00:00-05:00,60.09203275420745,62.65907342055328,56.708210737539005,58.1084098815918,74300,0.0,0.0
2009-02-12 00:00:00-05:00,56.708218225427856,61.14219166931653,56.59153346430795,59.27525329589844,129593,0.0,0.0
2009-02-13 00:00:00-05:00,58.34179887867937,63.24251235842231,56.59154491231899,57.75838088989258,95047,0.0,0.0
2009-02-17 00:00:00-05:00,54.25787522034135,54.8412932334633,40.48920951717984,48.773746490478516,97087,0.0,0.0
2009-02-18 00:00:00-05:00,49.59051941032321,49.59051941032321,41.53935391655509,46.4400634765625,212133,0.0,0.0
2009-02-19 00:00:00-05:00,47.49021647014416,48.30700093672317,41.88940403623297,42.35614013671875,79233,0.0,0.0
2009-02-20 00:00:00-05:00,41.189298971766036,45.85664156420601,40.48919639593344,44.106388092041016,79580,0.0,0.0
2009-02-23 00:00:00-05:00,45.50660630230826,49.12379927227927,42.93956756591797,42.93956756591797,74000,0.0,0.0
2009-02-24 00:00:00-05:00,44.10638901393138,48.19031386767657,40.02246416018619,47.956947326660156,94693,0.0,0.0
2009-02-25 00:00:00-05:00,47.95694892293912,49.590517731845,42.82287001260399,47.72357940673828,95960,0.0,0.0
2009-02-26 00:00:00-05:00,50.87403684132359,55.308010051944365,47.95694764095908,51.457454681396484,115807,0.0,0.0
2009-02-27 00:00:00-05:00,48.89042315285516,51.10741018177522,46.55675134665841,48.540374755859375,79347,0.0,0.0
2009-03-02 00:00:00-05:00,46.55674851011799,48.89042017413227,44.57312818918925,47.25685119628906,91113,0.0,0.0
2009-03-03 00:00:00-05:00,49.59052341946716,50.173941342049126,46.67343380655733,47.606903076171875,91540,0.0,0.0
2009-03-04 00:00:00-05:00,48.89042262989665,49.59052535123386,45.97333290335348,48.19032287597656,93427,0.0,0.0
2009-03-05 00:00:00-05:00,46.673430033245374,48.1903171028092,45.97332739577999,46.4400634765625,87253,0.0,0.0
2009-03-06 00:00:00-05:00,47.023484623371026,49.82389240063834,44.806494762107285,47.25685119628906,90687,0.0,0.0
2009-03-09 00:00:00-04:00,45.156550034385994,49.47384239498826,44.68981684793822,44.92318344116211,76807,0.0,0.0
2009-03-10 00:00:00-04:00,46.67344359749974,50.52400032035937,45.973340756570195,49.940582275390625,56927,0.0,0.0
2009-03-11 00:00:00-04:00,51.00817985451163,52.668910084932854,48.27983474731445,48.27983474731445,53060,1.05,0.0
2009-03-12 00:00:00-04:00,46.974978402517,52.78753750539764,44.48387992027891,52.0757942199707,69260,0.0,0.0
2009-03-13 00:00:00-04:00,51.95716696742815,53.26202859237066,49.821943241894644,52.55028533935547,38747,0.0,0.0
2009-03-16 00:00:00-04:00,53.38065698632506,54.32964403045474,46.381860943709384,47.09360122680664,67713,0.0,0.0
2009-03-17 00:00:00-04:00,46.73773926713668,53.02479934692383,46.61911737040441,53.02479934692383,38553,0.0,0.0
2009-03-18 00:00:00-04:00,51.482680650437324,58.71872700295911,50.533693536521945,56.46487808227539,52553,0.0,0.0
2009-03-19 00:00:00-04:00,57.65111775545202,59.07459849457247,52.78754498805241,52.90616989135742,40960,0.0,0.0
2009-03-20 00:00:00-04:00,52.313050481151535,53.73653119504228,48.51708984375,48.51708984375,43627,0.0,0.0
2009-03-23 00:00:00-04:00,50.88956994666738,58.36286723265522,50.88956994666738,57.76974868774414,56700,0.0,0.0
2009-03-24 00:00:00-04:00,51.36405763807388,58.48147935421418,47.56810300957361,54.80414962768555,68747,0.0,0.0
2009-03-25 00:00:00-04:00,55.63449627425326,57.76972581047356,51.95716154535561,56.10898971557617,78093,0.0,0.0
2009-03-26 00:00:00-04:00,57.17662143446839,57.41386519619077,52.78754245720567,56.46487808227539,56347,0.0,0.0
2009-03-27 00:00:00-04:00,53.8551584765801,54.92277056756365,51.12681579589844,51.12681579589844,43527,0.0,0.0
2009-03-30 00:00:00-04:00,49.22882810961089,49.94057140946439,47.09360122680664,47.09360122680664,62687,0.0,0.0
2009-03-31 00:00:00-04:00,48.63570755349441,53.617904399208484,46.38185889796175,50.533687591552734,65193,0.0,0.0
2009-04-01 00:00:00-04:00,49.347459542273,56.93937500258117,48.51709124341338,55.51588821411133,44273,0.0,0.0
2009-04-02 00:00:00-04:00,56.93937412861491,61.447072167058316,56.3462556481085,58.24423599243164,84287,0.0,0.0
2009-04-03 00:00:00-04:00,57.88836092887989,59.31184768676757,54.44827496975,59.31184768676758,34007,0.0,0.0
2009-04-06 00:00:00-04:00,58.24424231697024,60.14222286738844,56.22763685086704,57.76974868774414,28280,0.0,0.0
2009-04-07 00:00:00-04:00,57.176623533065644,59.430472536474106,54.80414962768555,54.80414962768555,24120,0.0,0.0
2009-04-08 00:00:00-04:00,54.685509391607425,57.29522633563919,53.26202303412722,56.10898971557617,16760,0.0,0.0
2009-04-09 00:00:00-04:00,58.95597513125023,77.46126556396484,58.36285669344494,77.46126556396484,93967,0.0,0.0
2009-04-13 00:00:00-04:00,75.68190830784671,79.71511840820312,70.34384250462362,79.71511840820312,50973,0.0,0.0
2009-04-14 00:00:00-04:00,78.05440003793011,78.41027479383487,68.68312800199534,69.51349639892578,65133,0.0,0.0
2009-04-15 00:00:00-04:00,68.5644880002607,76.15640872062552,66.42926406860352,75.91915893554688,39680,0.0,0.0
2009-04-16 00:00:00-04:00,76.27503951455644,81.61310621246979,71.17422263884468,80.54549407958984,78340,0.0,0.0
2009-04-17 00:00:00-04:00,81.01996302724196,83.03656780154124,75.56327911280724,81.96895599365234,46480,0.0,0.0
2009-04-20 00:00:00-04:00,79.00338352464206,80.42686427062311,76.15641599916671,76.98677825927734,84893,0.0,0.0
2009-04-21 00:00:00-04:00,76.39364848223751,81.13859566788595,72.83493809300117,80.90135192871094,37873,0.0,0.0
2009-04-22 00:00:00-04:00,78.76612916366476,82.44346477018871,74.37705624205023,76.63090515136719,39207,0.0,0.0
2009-04-23 00:00:00-04:00,77.93576573492871,78.64750303890864,73.07219330116,75.32604217529297,36320,0.0,0.0
2009-04-24 00:00:00-04:00,76.27502405793172,81.13859615938506,73.42805693599955,78.17300415039062,46753,0.0,0.0
2009-04-27 00:00:00-04:00,72.0045686255402,78.76611405665511,69.39484552569897,69.86933898925781,51567,0.0,0.0
2009-04-28 00:00:00-04:00,69.5134675066539,71.05557270741205,65.71750788915638,67.02236938476562,35600,0.0,0.0
2009-04-29 00:00:00-04:00,67.85278610839102,69.63214232416858,65.36168619959926,67.97140502929688,79240,0.0,0.0
2009-04-30 00:00:00-04:00,68.68311718663647,70.581097485383,65.2430312890095,65.36165618896484,84247,0.0,0.0
2009-05-01 00:00:00-04:00,65.83613123733517,68.92034760110178,65.2430129378997,66.78511810302734,52633,0.0,0.0
2009-05-04 00:00:00-04:00,67.14100028796268,79.12199249679811,67.02237540797184,78.8847427368164,86060,0.0,0.0
2009-05-05 00:00:00-04:00,77.93576573492871,77.93576573492871,72.59769975400243,75.32604217529297,50153,0.0,0.0
2009-05-06 00:00:00-04:00,75.80053800961586,85.8835518333828,75.80053800961586,83.27383422851562,102713,0.0,0.0
2009-05-07 00:00:00-04:00,84.22283012263287,85.88356077750319,79.00338833582032,80.54549407958984,81513,0.0,0.0
2009-05-08 00:00:00-04:00,82.79932302685668,90.62848681100505,80.78272416489456,89.56087493896484,118940,0.0,0.0
2009-05-11 00:00:00-04:00,86.47666276310795,86.71391253994176,81.01997219754224,81.37584686279297,37700,0.0,0.0
2009-05-12 00:00:00-04:00,81.85034998847193,82.08759979314813,74.13980977216661,75.44467163085938,64640,0.0,0.0
2009-05-13 00:00:00-04:00,73.90255786508877,73.90255786508877,66.78513632943927,67.25963592529297,77240,0.0,0.0
2009-05-14 00:00:00-04:00,67.85276563857889,71.05560224063775,66.7851474043786,69.51349639892578,52600,0.0,0.0
2009-05-15 00:00:00-04:00,68.8017607569233,70.81836650285969,65.24304899363416,66.31066131591797,55207,0.0,0.0
2009-05-18 00:00:00-04:00,68.20862134000262,69.86935178331751,65.48027889980766,67.85275268554688,47387,0.0,0.0
2009-05-19 00:00:00-04:00,67.14102899199355,69.15762867992356,64.64992958124274,65.00579833984375,27113,0.0,0.0
2009-05-20 00:00:00-04:00,65.95479022918815,67.25965236978914,61.6843350570006,62.15882873535156,32133,0.0,0.0
2009-05-21 00:00:00-04:00,60.735323427397404,62.27742877411349,58.48146879733413,59.66770553588867,51573,0.0,0.0
2009-05-22 00:00:00-04:00,60.379455379551345,60.85394892008852,57.29523831579065,58.125606536865234,38667,0.0,0.0
2009-05-26 00:00:00-04:00,57.53248523262126,62.870550872761385,57.05799171575574,61.32844543457031,33053,0.0,0.0
2009-05-27 00:00:00-04:00,60.97257858935583,61.92157177827399,58.0069861868238,58.24423599243164,31287,0.0,0.0
2009-05-28 00:00:00-04:00,59.66770276501641,59.66770276501641,52.19441407257513,56.820735931396484,57720,0.0,0.0
2009-05-29 00:00:00-04:00,57.413858693895946,58.12560196548185,55.87175330005337,58.00697708129883,38887,0.0,0.0
2009-06-01 00:00:00-04:00,59.31185714071351,64.64992428337773,59.31185714071351,61.92158126831055,42440,0.0,0.0
2009-06-02 00:00:00-04:00,61.684309914847404,64.29403313234191,61.091191550281565,63.46366500854492,29593,0.0,0.0
2009-06-03 00:00:00-04:00,62.989185672860835,65.00578494526636,62.15881736253815,64.17542266845703,28387,0.0,0.0
2009-06-04 00:00:00-04:00,65.00577788358984,67.73412629718449,64.88715902372667,67.6155014038086,34587,0.0,0.0
2009-06-05 00:00:00-04:00,68.80174574457953,69.15761442985306,63.81954794967016,64.17542266845703,21073,0.0,0.0
2009-06-08 00:00:00-04:00,64.17542442220966,64.41266820770416,61.92157527568753,63.582305908203125,16347,0.0,0.0
2009-06-09 00:00:00-04:00,64.29405513849758,64.29405513849758,59.43048167768264,59.54910659790039,34187,0.0,0.0
2009-06-10 00:00:00-04:00,61.0911965572868,61.80293985980235,58.71872290457663,60.616703033447266,24173,0.0,0.0
2009-06-11 00:00:00-04:00,61.458609152050066,63.382950349793106,59.65454042616197,60.73698043823242,29527,1.05,0.0
2009-06-12 00:00:00-04:00,60.2558819383274,62.42076143325463,59.53425340091481,61.338321685791016,29367,0.0,0.0
2009-06-15 00:00:00-04:00,61.45860534799618,62.05996155273722,56.76802817447844,57.48965072631836,36160,0.0,0.0
2009-06-16 00:00:00-04:00,58.572093501316914,59.534260927975836,54.362600304389325,54.723411560058594,32780,0.0,0.0
2009-06-17 00:00:00-04:00,54.60314629571285,55.08423007241937,50.99500879444576,51.23555374145508,43813,0.0,0.0
2009-06-18 00:00:00-04:00,51.596355409105946,54.36259731387264,51.235544173285106,52.558528900146484,26393,0.0,0.0
2009-06-19 00:00:00-04:00,53.8815096303902,56.28693427669889,53.76124329192373,56.16666793823242,33980,0.0,0.0
2009-06-22 00:00:00-04:00,55.5653187526463,57.00857005123889,51.11528015136719,51.11528015136719,35007,0.0,0.0
2009-06-23 00:00:00-04:00,51.83689958317266,52.91933939274388,50.273373034837775,50.39364242553711,34547,0.0,0.0
2009-06-24 00:00:00-04:00,51.35582453900402,52.07744712185818,49.6720252581685,49.912567138671875,30147,0.0,0.0
2009-06-25 00:00:00-04:00,49.67202552933374,50.51392364501953,48.830127413647936,50.51392364501953,27713,0.0,0.0
2009-06-26 00:00:00-04:00,50.15311507508896,51.95718704334314,47.386875468640994,51.476097106933594,124727,0.0,0.0
2009-06-29 00:00:00-04:00,52.197720154639626,52.91934886259191,48.228771436870026,51.11528015136719,40053,0.0,0.0
2009-06-30 00:00:00-04:00,51.35583159407082,51.83691542116701,47.50714874267578,47.50714874267578,54173,0.0,0.0
2009-07-01 00:00:00-04:00,48.22877352608135,50.032842315456115,47.988228573906476,49.79229736328125,52287,0.0,0.0
2009-07-02 00:00:00-04:00,48.950397128389575,49.43148395365807,47.988226536508584,48.83012771606445,34653,0.0,0.0
2009-07-06 00:00:00-04:00,48.70985770225525,49.9125702381134,46.90578889846802,48.10850143432617,29360,0.0,0.0
2009-07-07 00:00:00-04:00,47.14632403934638,48.22876700173292,44.38008499145508,44.38008499145508,35560,0.0,0.0
2009-07-08 00:00:00-04:00,45.10172637733253,45.82335522283248,43.538199251187024,44.500370025634766,46020,0.0,0.0
2009-07-09 00:00:00-04:00,45.22197529609137,45.462517099640316,42.33546447753906,42.33546447753906,33427,0.0,0.0
2009-07-10 00:00:00-04:00,42.8165623417214,42.8165623417214,40.892221292719356,42.215206146240234,40760,0.0,0.0
2009-07-13 00:00:00-04:00,43.17737452684829,44.50035940839814,42.335476447069226,44.0192756652832,46827,0.0,0.0
2009-07-14 00:00:00-04:00,44.86117172241211,45.342255443836486,43.53818690051151,44.86117172241211,23713,0.0,0.0
2009-07-15 00:00:00-04:00,46.063893522349126,48.83013313393473,45.22199530803777,48.5895881652832,39407,0.0,0.0
2009-07-16 00:00:00-04:00,48.34904332976657,48.46931580681485,46.06389073509854,48.10850143432617,24607,0.0,0.0
2009-07-17 00:00:00-04:00,47.988231615508596,47.988231615508596,41.49358478557654,41.61385726928711,70293,0.0,0.0
2009-07-20 00:00:00-04:00,45.34225515785891,45.34225515785891,42.33547427128132,43.77872848510742,78320,0.0,0.0
2009-07-21 00:00:00-04:00,45.10173042541596,45.10173042541596,37.284097151677194,39.208438873291016,107187,0.0,0.0
2009-07-22 00:00:00-04:00,38.366521316356504,42.8165592929778,38.366521316356504,41.25303268432617,81027,0.0,0.0
2009-07-23 00:00:00-04:00,41.974670595228815,44.50036840377025,41.25304483468587,43.658470153808594,52293,0.0,0.0
2009-07-24 00:00:00-04:00,43.177376643900466,43.177376643900466,41.61385287278706,42.696292877197266,25033,0.0,0.0
2009-07-27 00:00:00-04:00,42.696285210175176,47.02605056762695,41.49357295073362,47.02605056762695,47847,0.0,0.0
2009-07-28 00:00:00-04:00,46.665244789205126,47.867957268006,45.9436160784622,46.06388854980469,53473,0.0,0.0
2009-07-29 00:00:00-04:00,45.34225196361002,45.94360809856149,43.89899785145757,45.4625244140625,27433,0.0,0.0
2009-07-30 00:00:00-04:00,40.53140871122768,40.65168117897181,33.79622086664171,38.005714416503906,253547,0.0,0.0
2009-07-31 00:00:00-04:00,37.88544051877914,38.84761104844755,37.28408432006836,37.28408432006836,99700,0.0,0.0
2009-08-03 00:00:00-04:00,38.00571968649304,38.60707599128783,37.6449052918849,38.24626159667969,48160,0.0,0.0
2009-08-04 00:00:00-04:00,39.20841780196686,39.20841780196686,37.16380467456852,37.885433197021484,60120,0.0,0.0
2009-08-05 00:00:00-04:00,37.40437455240006,38.00573103678811,37.16382951171903,37.64491653442383,78273,0.0,0.0
2009-08-06 00:00:00-04:00,38.00572500651559,41.37331833783537,37.28409611628606,39.088165283203125,162047,0.0,0.0
2009-08-07 00:00:00-04:00,40.05032578742525,51.4760911722856,39.56923896513624,50.51392364501953,220767,0.0,0.0
2009-08-10 00:00:00-04:00,50.63420204688321,51.836914655515535,46.66524982666529,48.5895881652832,87147,0.0,0.0
2009-08-11 00:00:00-04:00,48.95038712450453,48.95038712450453,43.778723926389844,45.221981048583984,73387,0.0,0.0
2009-08-12 00:00:00-04:00,45.10171446081711,47.50713923206068,43.05710401699122,43.89900207519531,82847,0.0,0.0
2009-08-13 00:00:00-04:00,45.462517099640316,46.063873137840176,42.09492267399011,42.33546447753906,62173,0.0,0.0
2009-08-14 00:00:00-04:00,41.974657867130524,42.09493032007868,39.93004757760067,40.651676177978516,55333,0.0,0.0
2009-08-17 00:00:00-04:00,39.44896639138483,39.9300501164549,37.765167236328125,37.765167236328125,52653,0.0,0.0
2009-08-18 00:00:00-04:00,37.6449052918849,40.89222872604548,37.6449052918849,38.24626159667969,64620,0.0,0.0
2009-08-19 00:00:00-04:00,39.08815932121674,41.974668324551764,39.08815932121674,39.930057525634766,96473,0.0,0.0
2009-08-20 00:00:00-04:00,39.930056058486564,40.6516848121337,38.847615986672054,39.68951416015625,56380,0.0,0.0
2009-08-21 00:00:00-04:00,40.89221872655322,42.45574534841725,40.29086256880979,41.85438919067383,57147,0.0,0.0
2009-08-24 00:00:00-04:00,42.335481637809195,43.417924780519584,40.290870890897864,40.89222717285156,50707,0.0,0.0
2009-08-25 00:00:00-04:00,41.132759459198084,42.455744193713564,41.132759459198084,41.73411560058594,30887,0.0,0.0
2009-08-26 00:00:00-04:00,41.61385417990623,41.61385417990623,39.44897104442938,40.05032730102539,35773,0.0,0.0
2009-08-27 00:00:00-04:00,39.448970794677734,40.17059646283067,38.607072652504606,39.448970794677734,51913,0.0,0.0
2009-08-28 00:00:00-04:00,40.05032591092051,41.73412214748409,39.328697204589844,39.328697204589844,44947,0.0,0.0
2009-08-31 00:00:00-04:00,38.607084020333545,39.20844045019134,37.40437116061794,38.366539001464844,70633,0.0,0.0
2009-09-01 00:00:00-04:00,37.765167236328125,41.493576810916224,37.404355971853434,37.765167236328125,106613,0.0,0.0
2009-09-02 00:00:00-04:00,38.36652908509583,38.36652908509583,36.682732740157626,36.80300521850586,38093,0.0,0.0
2009-09-03 00:00:00-04:00,37.16381105066267,38.36652342199358,36.20164360052253,37.765167236328125,43740,0.0,0.0
2009-09-04 00:00:00-04:00,37.76516948101562,38.72734004700102,36.92327138277437,38.005714416503906,36267,0.0,0.0
2009-09-08 00:00:00-04:00,38.607068343184345,38.727337745124,37.28408351125805,37.765167236328125,38113,0.0,0.0
2009-09-09 00:00:00-04:00,37.64491160681189,39.44898082382853,37.043555201139675,39.208438873291016,51520,0.0,0.0
2009-09-10 00:00:00-04:00,39.20842926203703,40.0503274118703,37.88544427040183,39.56924057006836,37033,0.0,0.0
2009-09-11 00:00:00-04:00,39.56923899489349,40.05032581754429,38.48679899657715,39.809783935546875,31467,0.0,0.0
2009-09-14 00:00:00-04:00,39.689511465220185,39.930053347217594,37.88544276225563,39.809783935546875,22920,0.0,0.0
2009-09-15 00:00:00-04:00,39.44897270789393,41.49358345480526,38.727343946087004,40.89222717285156,49907,0.0,0.0
2009-09-16 00:00:00-04:00,41.13276865166435,43.417924334824484,40.651684854502314,42.57602310180664,55627,0.0,0.0
2009-09-17 00:00:00-04:00,41.734116019889754,43.53818446217884,40.531403725030366,40.651676177978516,44333,0.0,0.0
2009-09-18 00:00:00-04:00,40.892230244786255,43.77873939154388,40.65168832566586,41.97467041015625,82873,0.0,0.0
2009-09-21 00:00:00-04:00,41.25304465279507,41.97467041015625,40.17060142876862,41.97467041015625,17607,0.0,0.0
2009-09-22 00:00:00-04:00,42.094931723668445,43.41791651558885,41.61384801314592,43.05710220336914,32947,0.0,0.0
2009-09-23 00:00:00-04:00,43.29764675049458,44.25981729001451,40.17059326171875,40.17059326171875,169433,0.0,0.0
2009-09-24 00:00:00-04:00,40.651695270118665,41.73413562039992,38.12599704125312,38.366539001464844,56820,0.0,0.0
2009-09-25 00:00:00-04:00,38.48679950098655,39.08815574318947,36.92327265952777,37.163814544677734,57560,0.0,0.0
2009-09-28 00:00:00-04:00,37.404354095458984,38.607066406455665,37.284081640897085,37.404354095458984,41600,0.0,0.0
2009-09-29 00:00:00-04:00,36.20164489746094,38.36652479648967,34.99893248304238,36.20164489746094,116167,0.0,0.0
2009-09-30 00:00:00-04:00,36.32192481731578,36.9232811985914,34.99894261370347,36.6827392578125,71513,0.0,0.0
2009-10-01 00:00:00-04:00,36.44218739661343,36.44218739661343,33.916490059347346,34.638118743896484,73240,0.0,0.0
2009-10-02 00:00:00-04:00,34.397572349955084,35.239470332229054,33.435401916503906,33.435401916503906,66713,0.0,0.0
2009-10-05 00:00:00-04:00,33.916482440840575,35.119194605825385,32.473228454589844,32.473228454589844,75267,0.0,0.0
2009-10-06 00:00:00-04:00,32.8340477172816,33.79621820756366,32.11241908490613,32.593505859375,96773,0.0,0.0
2009-10-07 00:00:00-04:00,32.473229987447965,35.239468709220894,31.871873876569296,32.71377182006836,80567,0.0,0.0
2009-10-08 00:00:00-04:00,32.95431209712169,33.43539879830873,31.871872372097442,32.473228454589844,43007,0.0,0.0
2009-10-09 00:00:00-04:00,32.35296978037876,32.71378419512688,31.751613442017394,32.23270034790039,37893,0.0,0.0
2009-10-12 00:00:00-04:00,32.232693088504995,33.07459116086867,32.11242062445769,32.352962493896484,22613,0.0,0.0
2009-10-13 00:00:00-04:00,32.47323854902012,33.074594818446414,30.78944221808894,31.751609802246094,52227,0.0,0.0
2009-10-14 00:00:00-04:00,32.23269006255289,32.47323190941001,31.39079206922522,31.871875762939453,36680,0.0,0.0
2009-10-15 00:00:00-04:00,31.511065650767748,31.992152467068163,31.15025130320642,31.631338119506836,24760,0.0,0.0
2009-10-16 00:00:00-04:00,31.63134058923491,31.63134058923491,30.669169940165162,30.909711837768555,35473,0.0,0.0
2009-10-19 00:00:00-04:00,31.150253127673277,31.27052560345671,29.466456818641902,30.188085556030273,47993,0.0,0.0
2009-10-20 00:00:00-04:00,30.308355890545513,30.308355890545513,27.78266135054951,28.14347267150879,51900,0.0,0.0
2009-10-21 00:00:00-04:00,28.26374299185617,28.504284873672685,25.13669088160151,25.256961822509766,102927,0.0,0.0
2009-10-22 00:00:00-04:00,25.978588272581298,29.94753662482769,25.25695963108793,28.26374053955078,104053,0.0,0.0
2009-10-23 00:00:00-04:00,28.263737867775596,28.263737867775596,25.85831336839044,26.219127655029297,55033,0.0,0.0
2009-10-26 00:00:00-04:00,25.858318997572372,25.978591472186306,24.05425023029988,24.535335540771484,76247,0.0,0.0
2009-10-27 00:00:00-04:00,24.535332478538493,27.421842451777348,24.535332478538493,24.655603408813477,60413,0.0,0.0
2009-10-28 00:00:00-04:00,24.415063582491474,25.136690753594163,23.81370735168457,23.81370735168457,59680,0.0,0.0
2009-10-29 00:00:00-04:00,24.174520172571924,25.256961693889945,22.490722420447,23.81370735168457,100620,0.0,0.0
2009-10-30 00:00:00-04:00,23.57316018423222,23.81370355580945,21.64882085825305,22.73126220703125,105253,0.0,0.0
2009-11-02 00:00:00-05:00,21.889365367534946,23.212350249084796,17.67987190998377,22.0096378326416,220740,0.0,0.0
2009-11-03 00:00:00-05:00,21.769097051762316,28.26374518808047,20.32584259005966,23.573165893554688,161900,0.0,0.0
2009-11-04 00:00:00-05:00,23.693434882060807,25.978590394320612,21.889366189640096,23.81370735168457,211000,0.0,0.0
2009-11-05 00:00:00-05:00,24.05424809474908,24.655604297117808,22.490721356859225,23.69343376159668,107840,0.0,0.0
2009-11-06 00:00:00-05:00,23.092077255249023,24.65560397255696,22.37045012777147,23.092077255249023,34540,0.0,0.0
2009-11-09 00:00:00-05:00,23.452891583651745,23.452891583651745,22.73126445617419,23.092077255249023,43360,0.0,0.0
2009-11-10 00:00:00-05:00,22.85154282409186,23.21235726988782,21.88937198818822,22.4907283782959,54553,0.0,0.0
2009-11-11 00:00:00-05:00,22.731258549820158,22.731258549820158,21.047461336995056,21.16773223876953,72147,0.0,0.0
2009-11-12 00:00:00-05:00,20.56638190061934,21.528552440139276,19.60421289042732,20.085296630859375,53793,0.0,0.0
2009-11-13 00:00:00-05:00,20.205570220947266,21.047468342933403,19.243399627824825,20.205570220947266,63753,0.0,0.0
2009-11-16 00:00:00-05:00,20.446105298795196,23.573156391568965,19.724478358820864,21.16773223876953,120220,0.0,0.0
2009-11-17 00:00:00-05:00,21.52854789201763,21.52854789201763,19.243394490415298,19.483936309814453,104107,0.0,0.0
2009-11-18 00:00:00-05:00,20.08529752108109,20.08529752108109,18.6420431771611,19.363670349121094,69593,0.0,0.0
2009-11-19 00:00:00-05:00,19.123127424868382,19.604212689702585,18.401500292281025,18.64204216003418,65420,0.0,0.0
2009-11-20 00:00:00-05:00,18.40150663874937,19.002863044861073,18.04069218335098,18.762319564819336,71120,0.0,0.0
2009-11-23 00:00:00-05:00,18.4015033075656,19.965028762817383,18.4015033075656,19.965028762817383,31347,0.0,0.0
2009-11-24 00:00:00-05:00,19.9650282549972,20.44611358642578,19.363671973043502,20.44611358642578,33640,0.0,0.0
2009-11-25 00:00:00-05:00,20.446112594819844,20.68665448420416,19.724485397338867,19.724485397338867,15513,0.0,0.0
2009-11-27 00:00:00-05:00,19.24340499557438,19.48394694628769,18.160963158707638,18.762319564819336,18680,0.0,0.0
2009-11-30 00:00:00-05:00,19.243398358744958,19.243398358744958,18.281227829076553,18.64204216003418,45327,0.0,0.0
2009-12-01 00:00:00-05:00,18.882586469682572,19.363671796730706,18.040688294344402,18.160959243774414,41320,0.0,0.0
2009-12-02 00:00:00-05:00,18.281230193204422,18.64204457082255,18.040688294344402,18.160959243774414,48953,0.0,0.0
2009-12-03 00:00:00-05:00,18.281228972517177,19.002857679568322,18.160958031117982,18.521772384643555,46407,0.0,0.0
2009-12-04 00:00:00-05:00,19.002852671016143,20.806920904492575,18.16095324446392,19.483936309814453,90827,0.0,0.0
2009-12-07 00:00:00-05:00,19.724482599241636,21.769092956945833,19.483939214652555,21.52855110168457,87900,0.0,0.0
2009-12-08 00:00:00-05:00,21.528555484420963,25.738047984419296,20.686655760958793,25.016422271728516,162547,0.0,0.0
2009-12-09 00:00:00-05:00,25.25696578341482,30.067816408827166,23.813711207522406,29.346187591552734,336740,0.0,0.0
2009-12-10 00:00:00-05:00,30.067811660780443,30.067811660780443,27.18130296480791,27.5421142578125,81700,0.0,0.0
2009-12-11 00:00:00-05:00,27.30156825726797,27.902924399756937,24.65560184204762,26.09885597229004,78480,0.0,0.0
2009-12-14 00:00:00-05:00,26.459669891925305,27.542109709496426,25.37722854502645,25.497499465942383,92627,0.0,0.0
2009-12-15 00:00:00-05:00,25.256964175958775,26.459676755766335,24.775878838170126,25.016422271728516,44680,0.0,0.0
2009-12-16 00:00:00-05:00,25.858322555299367,34.878667632729375,25.738050064137695,31.150257110595703,428713,0.0,0.0
2009-12-17 00:00:00-05:00,31.63133636484071,32.95431815430202,28.02319920669133,30.308351516723633,196760,0.0,0.0
2009-12-18 00:00:00-05:00,30.06781691806818,32.23270034790039,28.143475411849213,32.23270034790039,207667,0.0,0.0
2009-12-21 00:00:00-05:00,32.11243045314481,34.03677211495215,30.06781934913498,31.51107406616211,78373,0.0,0.0
2009-12-22 00:00:00-05:00,32.11242750907297,32.11242750907297,30.30835851352217,31.029987335205078,60373,0.0,0.0
2009-12-23 00:00:00-05:00,31.39079426087685,31.39079426087685,28.38401331859576,28.865097045898438,79233,0.0,0.0
2009-12-24 00:00:00-05:00,28.985369597690752,29.10563900056464,27.662384755487736,28.0231990814209,25327,0.0,0.0
2009-12-28 00:00:00-05:00,28.263741039681626,28.263741039681626,26.098858135549328,27.18130111694336,79913,0.0,0.0
2009-12-29 00:00:00-05:00,27.66239498209449,28.744835301409346,26.70022411011635,27.902936935424805,54107,0.0,0.0
2009-12-30 00:00:00-05:00,27.542114930580386,30.067812395243234,27.542114930580386,29.8272705078125,82520,0.0,0.0
2009-12-31 00:00:00-05:00,29.94754040317755,30.5488966607406,27.66238784790039,27.66238784790039,64980,0.0,0.0
2010-01-04 00:00:00-05:00,28.26374410546344,28.26374410546344,26.94075911536229,27.66238784790039,77867,0.0,0.0
2010-01-05 00:00:00-05:00,27.78265460998376,27.78265460998376,25.016415782278656,25.497499465942383,144253,0.0,0.0
2010-01-06 00:00:00-05:00,25.858321037569183,25.97859352167157,24.655608431170617,25.738048553466797,79460,0.0,0.0
2010-01-07 00:00:00-05:00,25.617776948401136,27.301573230635324,25.617776948401136,27.061031341552734,64000,0.0,0.0
2010-01-08 00:00:00-05:00,26.459672462680672,28.143468577752593,26.459672462680672,27.18130111694336,47400,0.0,0.0
2010-01-11 00:00:00-05:00,27.662384847347976,27.902926712550283,26.459672462680672,27.18130111694336,49280,0.0,0.0
2010-01-12 00:00:00-05:00,26.94076032495684,26.94076032495684,25.858320236206055,25.858320236206055,57193,0.0,0.0
2010-01-13 00:00:00-05:00,26.098860466806507,28.865099810364292,25.016420447380263,28.384016036987305,105513,0.0,0.0
2010-01-14 00:00:00-05:00,28.744827426390113,30.188084868286627,27.542114930580386,29.8272705078125,64900,0.0,0.0
2010-01-15 00:00:00-05:00,30.06780908462849,30.06780908462849,27.181300635966437,28.26374053955078,65320,0.0,0.0
2010-01-19 00:00:00-05:00,27.78265681765901,28.744824261442552,27.061028176165642,28.26374053955078,51913,0.0,0.0
2010-01-20 00:00:00-05:00,28.143468484294786,28.384013407354065,27.181301026680686,28.0231990814209,40880,0.0,0.0
2010-01-21 00:00:00-05:00,28.023203544499268,34.8786645944323,27.782661641786156,34.15703582763672,352013,0.0,0.0
2010-01-22 00:00:00-05:00,32.83405145698752,33.67594958487827,28.865099644181374,29.225914001464844,122040,0.0,0.0
2010-01-25 00:00:00-05:00,29.34617998509709,30.428622930442266,28.02319824121609,28.985368728637695,45720,0.0,0.0
2010-01-26 00:00:00-05:00,28.624555690342543,32.23269288512549,27.42184329208156,27.782657623291016,74133,0.0,0.0
2010-01-27 00:00:00-05:00,27.902930771317198,28.744828951315867,27.42184697093402,28.14347267150879,44867,0.0,0.0
2010-01-28 00:00:00-05:00,28.865091473640643,30.789432128678747,27.662379328905615,30.548887252807617,84147,0.0,0.0
2010-01-29 00:00:00-05:00,30.308346815718586,31.270517187051222,27.421838760375977,27.421838760375977,95233,0.0,0.0
2010-02-01 00:00:00-05:00,27.902927691595533,29.225912584612164,27.7826582841023,28.504283905029297,42153,0.0,0.0
2010-02-02 00:00:00-05:00,27.061028131624546,27.061028131624546,24.294789088660675,24.655603408813477,221253,0.0,0.0
2010-02-03 00:00:00-05:00,25.016417728966278,25.016417728966278,24.17451815838569,24.655603408813477,114513,0.0,0.0
2010-02-04 00:00:00-05:00,24.29478724030844,24.415059690760923,22.73126220703125,22.73126220703125,133420,0.0,0.0
2010-02-05 00:00:00-05:00,22.85153677066233,24.174520172571924,22.731265830366546,23.81370735168457,104447,0.0,0.0
2010-02-08 00:00:00-05:00,23.693433449701633,23.933976845079407,22.97180632222408,23.092077255249023,50867,0.0,0.0
2010-02-09 00:00:00-05:00,23.452893974542384,26.5799477279438,23.332623029256492,24.535335540771484,111600,0.0,0.0
2010-02-10 00:00:00-05:00,24.415065981824736,26.579949237209597,24.054251596151214,25.016422271728516,125113,0.0,0.0
2010-02-11 00:00:00-05:00,25.497498728119023,27.42183952440005,24.775871694177482,27.30156707763672,100373,0.0,0.0
2010-02-12 00:00:00-05:00,26.820490691126942,28.985373910163666,26.57994879093535,28.14347267150879,65813,0.0,0.0
2010-02-16 00:00:00-05:00,28.50429074988424,28.50429074988424,25.978595882150245,26.579952239990234,63153,0.0,0.0
2010-02-17 00:00:00-05:00,26.579947537473483,26.700216952569487,24.77587725380081,25.377233505249023,99827,0.0,0.0
2010-02-18 00:00:00-05:00,25.25696202819928,25.25696202819928,24.17452049255371,24.17452049255371,53680,0.0,0.0
2010-02-19 00:00:00-05:00,24.174516277211666,25.497499465942383,24.054245356295734,25.497499465942383,134353,0.0,0.0
2010-02-22 00:00:00-05:00,25.136686324440433,26.459669493236728,25.136686324440433,26.219127655029297,36420,0.0,0.0
2010-02-23 00:00:00-05:00,26.098856713042498,26.459671020507812,25.136687775347983,26.459671020507812,82973,0.0,0.0
2010-02-24 00:00:00-05:00,26.098860647434062,26.45967500929198,25.37723345304625,25.61777687072754,29353,0.0,0.0
2010-02-25 00:00:00-05:00,25.25696317616389,26.21913381365374,25.01642128145546,25.978591918945312,51260,0.0,0.0
2010-02-26 00:00:00-05:00,25.97858620826158,26.459669891925305,25.25695762411052,25.497499465942383,42933,0.0,0.0
2010-03-01 00:00:00-05:00,25.61777833411213,26.21913461867506,25.377234902690088,25.858320236206055,52000,0.0,0.0
2010-03-02 00:00:00-05:00,25.738046522958438,25.858318997572372,24.05425023029988,24.535335540771484,106547,0.0,0.0
2010-03-03 00:00:00-05:00,24.535330569287193,25.738041307774246,24.535330569287193,25.497499465942383,76533,0.0,0.0
2010-03-04 00:00:00-05:00,25.497499465942383,25.738041307774246,24.655601490203125,25.497499465942383,67567,0.0,0.0
2010-03-05 00:00:00-05:00,25.617778561632296,25.978592947305817,24.535336933939867,25.016422271728516,93273,0.0,0.0
2010-03-08 00:00:00-05:00,24.896148624821315,25.256962993604024,24.535335785366662,25.13669204711914,81613,0.0,0.0
2010-03-09 00:00:00-05:00,25.73804677954356,25.73804677954356,24.41506483888178,25.13669204711914,81720,0.0,0.0
2010-03-10 00:00:00-05:00,25.016416849302143,27.542110884248167,24.896144393928505,26.459671020507812,221227,0.0,0.0
2010-03-11 00:00:00-05:00,26.820483779875588,26.820483779875588,25.738040919959012,26.219127655029297,84773,0.0,0.0
2010-03-12 00:00:00-05:00,26.459675628786393,26.700217522771403,26.098861258480806,26.33940315246582,53140,0.0,0.0
2010-03-15 00:00:00-04:00,26.339403038871485,26.940759300568605,26.09886114592386,26.82048988342285,35640,0.0,0.0
2010-03-16 00:00:00-04:00,26.45967426148679,28.384015431239128,26.45967426148679,27.5421142578125,124253,0.0,0.0
2010-03-17 00:00:00-04:00,27.662382554492453,28.143466245021422,25.738041675065556,26.09885597229004,119227,0.0,0.0
2010-03-18 00:00:00-04:00,26.098855599849777,26.940753575589035,25.37722854502645,25.497499465942383,109733,0.0,0.0
2010-03-19 00:00:00-04:00,26.70021629333496,26.820488764117474,24.535334759169636,26.70021629333496,187647,0.0,0.0
2010-03-22 00:00:00-04:00,26.339396679496208,27.30156707763672,25.858313009753637,27.30156707763672,89107,0.0,0.0
2010-03-23 00:00:00-04:00,27.181297689528765,27.542108912508002,26.459669126259538,27.30156707763672,49040,0.0,0.0
2010-03-24 00:00:00-04:00,26.70021740762098,27.662388038067597,26.70021740762098,26.82048988342285,59660,0.0,0.0
2010-03-25 00:00:00-04:00,27.30156825726797,27.662382554492453,26.09885597229004,26.09885597229004,57253,0.0,0.0
2010-03-26 00:00:00-04:00,26.21913312093872,26.339402535787322,25.49750439722288,25.61777687072754,52887,0.0,0.0
2010-03-29 00:00:00-04:00,25.858314127025555,26.09885597229004,24.775872764679864,26.09885597229004,96800,0.0,0.0
2010-03-30 00:00:00-04:00,26.459675514673354,27.542115562265728,25.617777360028608,26.82048988342285,123053,0.0,0.0
2010-03-31 00:00:00-04:00,26.57994403941152,29.947536157403636,26.33939912356437,28.985368728637695,276660,0.0,0.0
2010-04-01 00:00:00-04:00,29.466454458254496,30.669166885122028,27.301571478161765,28.504283905029297,222913,0.0,0.0
2010-04-05 00:00:00-04:00,28.504282040340147,32.593505859375,27.902925866245816,32.593505859375,300020,0.0,0.0
2010-04-06 00:00:00-04:00,32.47324104309082,37.40436405457828,32.47324104309082,36.08137893676758,431493,0.0,0.0
2010-04-07 00:00:00-04:00,36.08137090643688,44.38008499145508,34.878658542888985,44.38008499145508,525840,0.0,0.0
2010-04-08 00:00:00-04:00,44.740899601778516,46.18415383564446,35.23947309172666,37.765167236328125,896293,0.0,0.0
2010-04-09 00:00:00-04:00,38.36652452314533,38.84761132067873,31.992151219066205,32.352962493896484,581993,0.0,0.0
2010-04-12 00:00:00-04:00,33.91648772761964,35.11920008007888,31.27052116394043,31.27052116394043,281920,0.0,0.0
2010-04-13 00:00:00-04:00,33.194867471440055,36.803005107089795,31.270526175631062,35.72056198120117,437940,0.0,0.0
2010-04-14 00:00:00-04:00,36.201636835000116,37.04353472586299,33.91648192133784,35.60028076171875,247740,0.0,0.0
2010-04-15 00:00:00-04:00,36.081364660519355,36.081364660519355,33.43539853047898,34.0367546081543,137660,0.0,0.0
2010-04-16 00:00:00-04:00,34.51784412677874,34.51784412677874,32.7137755864385,33.194862365722656,132547,0.0,0.0
2010-04-19 00:00:00-04:00,33.675942209205296,34.03675648746356,32.35295754181009,32.71377182006836,190053,0.0,0.0
2010-04-20 00:00:00-04:00,32.954324125527776,34.277309213365825,32.713782216463485,33.67595291137695,97633,0.0,0.0
2010-04-21 00:00:00-04:00,34.397575789718935,37.88544051877914,33.91648899555683,37.28408432006836,308293,0.0,0.0
2010-04-22 00:00:00-04:00,38.24625693648751,39.208427518652826,35.35974518999157,38.72734069824219,205960,0.0,0.0
2010-04-23 00:00:00-04:00,38.84761428833008,39.68951242500813,37.64490179060256,38.84761428833008,187693,0.0,0.0
2010-04-26 00:00:00-04:00,39.44897448447507,39.44897448447507,34.036767703153515,34.878665924072266,226640,0.0,0.0
2010-04-27 00:00:00-04:00,31.871873403521043,31.992145847373813,29.466448995708134,29.947532653808594,341220,0.0,0.0
2010-04-28 00:00:00-04:00,30.428623943813925,30.90970767421854,27.061028655014326,27.18130111694336,306067,0.0,0.0
2010-04-29 00:00:00-04:00,28.38401031620702,29.466450117468174,26.09885520659787,26.219127655029297,217560,0.0,0.0
2010-04-30 00:00:00-04:00,26.940753575589035,29.58672301170594,25.016415782278656,25.497499465942383,399020,0.0,0.0
2010-05-03 00:00:00-04:00,26.339406374414477,26.940762712265553,24.415067928484937,24.775880813598633,247760,0.0,0.0
2010-05-04 00:00:00-04:00,25.016420313895114,25.016420313895114,22.490722870502697,23.332622528076172,173087,0.0,0.0
2010-05-05 00:00:00-04:00,23.092074970405495,25.256957667961892,22.610991285906504,22.73126220703125,234800,0.0,0.0
2010-05-06 00:00:00-04:00,22.851538479664214,24.174521980515998,20.446113376541664,21.28801155090332,189353,0.0,0.0
2010-05-07 00:00:00-04:00,21.047468847608663,22.129910408494144,19.724485397338867,19.724485397338867,268013,0.0,0.0
2010-05-10 00:00:00-04:00,20.927198917854362,22.85153871424058,19.9650282549972,20.44611358642578,154260,0.0,0.0
2010-05-11 00:00:00-04:00,21.047467477117358,21.40828181702769,19.84475504985351,20.68665313720703,120333,0.0,0.0
2010-05-12 00:00:00-04:00,21.047468185424805,21.408282537477568,20.325841010647267,21.047468185424805,120213,0.0,0.0
2010-05-13 00:00:00-04:00,21.408282537477568,21.889366301110602,20.566382892463785,21.047468185424805,105227,0.0,0.0
2010-05-14 00:00:00-04:00,22.12991125459307,22.12991125459307,19.965028050051536,21.28801155090332,158313,0.0,0.0
2010-05-17 00:00:00-04:00,20.80692630360829,21.528553478385827,19.243399483816965,21.047468185424805,224347,0.0,0.0
2010-05-18 00:00:00-04:00,21.408284793813046,21.408284793813046,19.243401511983627,19.965028762817383,176433,0.0,0.0
2010-05-19 00:00:00-04:00,20.80693226319617,20.80693226319617,18.28123413406429,18.762319564819336,148327,0.0,0.0
2010-05-20 00:00:00-04:00,17.800143910881612,18.401500103420478,16.837973391088273,16.95824432373047,146527,0.0,0.0
2010-05-21 00:00:00-04:00,16.4771590638338,17.43932958362714,15.875802871294932,16.95824432373047,218487,0.0,0.0
2010-05-24 00:00:00-04:00,17.319056299171116,18.160954242670176,15.996073161103585,16.35688591003418,134013,0.0,0.0
2010-05-25 00:00:00-04:00,15.755535759202075,16.236621135756817,14.071737705924606,16.116350173950195,238767,0.0,0.0
2010-05-26 00:00:00-04:00,16.23661686306214,17.078514903489776,15.875802543262951,16.597431182861328,131173,0.0,0.0
2010-05-27 00:00:00-04:00,17.800144651871683,18.04068652716943,15.755532594529045,17.319059371948242,176520,0.0,0.0
2010-05-28 00:00:00-04:00,17.078514555179556,18.040685035469032,15.635260364073162,15.996074676513672,137853,0.0,0.0
2010-06-01 00:00:00-04:00,15.635258144802519,16.477156048560843,15.635258144802519,16.236614227294922,100713,0.0,0.0
2010-06-02 00:00:00-04:00,15.755529799155514,16.59742927198225,15.755529799155514,16.35688591003418,94313,0.0,0.0
2010-06-03 00:00:00-04:00,16.4771590638338,17.43932958362714,16.3568881311916,16.95824432373047,115127,0.0,0.0
2010-06-04 00:00:00-04:00,16.116346278932802,17.439329597722,14.673090498076322,15.154175758361816,158813,0.0,0.0
2010-06-07 00:00:00-04:00,14.673090386600556,15.154175643231104,14.19200665929788,14.432548522949219,110487,0.0,0.0
2010-06-08 00:00:00-04:00,14.673088222192977,15.274444321943962,13.710919380187988,13.710919380187988,264980,0.0,0.0
2010-06-09 00:00:00-04:00,13.590653089276485,13.590653089276485,12.027126086323202,12.1473970413208,244607,0.0,0.0
2010-06-10 00:00:00-04:00,12.027122678147867,12.98929310413079,10.583867803837348,12.748749732971191,293660,0.0,0.0
2010-06-11 00:00:00-04:00,12.869023992209648,13.951465619902079,12.027125798075607,12.508211135864258,194993,0.0,0.0
2010-06-14 00:00:00-04:00,13.590649238038182,13.831191079870047,12.508207891139328,12.748749732971191,132940,0.0,0.0
2010-06-15 00:00:00-04:00,13.109564025046721,13.470376787794518,12.027122678147867,12.748749732971191,102560,0.0,0.0
2010-06-16 00:00:00-04:00,12.8690250182817,12.8690250182817,12.147397718726062,12.387940406799316,95833,0.0,0.0
2010-06-17 00:00:00-04:00,12.62848162651062,12.62848162651062,11.906854410861342,12.027125358581543,129300,0.0,0.0
2010-06-18 00:00:00-04:00,12.267665099797073,13.229834746618364,11.906851577822069,13.109563827514648,225613,0.0,0.0
2010-06-21 00:00:00-04:00,13.229837894439697,13.229837894439697,11.666311750756904,12.027125358581543,229120,0.0,0.0
2010-06-22 00:00:00-04:00,12.027124103746917,12.869022179278035,11.18522526355184,11.42576789855957,206293,0.0,0.0
2010-06-23 00:00:00-04:00,11.425771868965866,11.66631458756115,10.704144477844238,10.704144477844238,91580,0.0,0.0
2010-06-24 00:00:00-04:00,10.22305890389889,10.82441531001059,9.140617067032146,9.381159782409668,140240,0.0,0.0
2010-06-25 00:00:00-04:00,9.50142962641787,9.741971529130984,8.53925895690918,8.53925895690918,241447,0.0,0.0
2010-06-28 00:00:00-04:00,8.659530122762854,8.659530122762854,7.2162749748583765,7.456817626953125,180000,0.0,0.0
2010-06-29 00:00:00-04:00,7.336545895935321,7.8176311986403295,7.096004009246826,7.096004009246826,173420,0.0,0.0
2010-06-30 00:00:00-04:00,7.21627360688872,7.8176297407961135,6.254103945569664,6.374374866485596,169900,0.0,0.0
2010-07-01 00:00:00-04:00,6.735188393897259,6.735188393897259,6.254103945569664,6.374374866485596,138513,0.0,0.0
2010-07-02 00:00:00-04:00,6.0135611469576915,6.61491726165346,5.291933732856384,5.652747631072998,253373,0.0,0.0
2010-07-06 00:00:00-04:00,5.291935081309475,6.0135626792907715,4.810850143432617,4.810850143432617,159933,0.0,0.0
2010-07-07 00:00:00-04:00,4.690578582815901,6.254105031975868,4.4500363168672905,5.051392555236816,326480,0.0,0.0
2010-07-08 00:00:00-04:00,7.216274114755484,11.064953795557859,6.374375315101227,7.817630290985107,1348840,0.0,0.0
2010-07-09 00:00:00-04:00,8.058173596326206,8.058173596326206,6.133833593079292,6.735189437866211,783067,0.0,0.0
2010-07-12 00:00:00-04:00,6.855460079477057,6.975731000392989,6.133832642321798,6.374374866485596,250467,0.0,0.0
2010-07-13 00:00:00-04:00,6.614918498308023,7.577088308765483,6.254104914969473,6.735189437866211,606467,0.0,0.0
2010-07-14 00:00:00-04:00,6.855459690093994,6.975730604178661,6.614917097260835,6.855459690093994,179833,0.0,0.0
2010-07-15 00:00:00-04:00,6.855461857835909,6.975732809951039,6.013562899037804,6.254105567932129,308953,0.0,0.0
2010-07-16 00:00:00-04:00,6.494647205953752,6.494647205953752,5.412205750073479,5.773019313812256,152853,0.0,0.0
2010-07-19 00:00:00-04:00,5.893291564590641,6.614919188941584,5.652749278028349,6.254105567932129,231720,0.0,0.0
2010-07-20 00:00:00-04:00,6.494646552065395,6.614917472981326,5.773018732578202,6.374374866485596,122153,0.0,0.0
2010-07-21 00:00:00-04:00,6.4946478680465765,6.4946478680465765,6.01356255757497,6.133833885192871,79053,0.0,0.0
2010-07-22 00:00:00-04:00,6.133834009342991,6.25410533939521,5.773020019186333,6.0135626792907715,99020,0.0,0.0
2010-07-23 00:00:00-04:00,6.013562899037804,6.494648236826454,5.652749278028349,6.254105567932129,121800,0.0,0.0
2010-07-26 00:00:00-04:00,6.254106844536816,6.975734233856201,6.01356412654228,6.975734233856201,183480,0.0,0.0
2010-07-27 00:00:00-04:00,7.21627593811852,8.418988594471607,6.6149196099419765,7.336546897888184,324220,0.0,0.0
2010-07-28 00:00:00-04:00,7.817629296762806,7.817629296762806,6.614917097260835,6.855459690093994,185753,0.0,0.0
2010-07-29 00:00:00-04:00,6.735189649886065,7.216274952591073,6.614918706541817,7.096004009246826,92760,0.0,0.0
2010-07-30 00:00:00-04:00,6.855459690093994,7.456815789844979,6.735188011345503,6.855459690093994,81000,0.0,0.0
2010-08-02 00:00:00-04:00,6.975734233856201,7.216276951850736,6.855463257191044,6.975734233856201,93627,0.0,0.0
2010-08-03 00:00:00-04:00,7.096002282927152,7.21627319701182,6.735188011345503,6.855459690093994,99880,0.0,0.0
2010-08-04 00:00:00-04:00,6.855460079477057,6.975731000392989,6.254103945569664,6.374374866485596,104707,0.0,0.0
2010-08-05 00:00:00-04:00,6.374375854527661,6.855461142088384,6.254104914969473,6.735189437866211,74440,0.0,0.0
2010-08-06 00:00:00-04:00,6.494647979736328,6.855461586463005,6.254105320363865,6.494647979736328,58293,0.0,0.0
2010-08-09 00:00:00-04:00,6.494647979736328,6.614918927090542,6.3743762677180795,6.494647979736328,68087,0.0,0.0
2010-08-10 00:00:00-04:00,6.614918927090542,6.614918927090542,6.3743762677180795,6.494647979736328,60920,0.0,0.0
2010-08-11 00:00:00-04:00,6.25410533939521,6.494647999499648,5.893291349238552,6.0135626792907715,172293,0.0,0.0
2010-08-12 00:00:00-04:00,5.893290035826068,6.374374866485596,5.6527478116622705,6.374374866485596,94853,0.0,0.0
2010-08-13 00:00:00-04:00,6.374376520047259,6.494648236826454,6.133834233484967,6.254105567932129,68087,0.0,0.0
2010-08-16 00:00:00-04:00,6.254105567932129,6.254105567932129,6.013562899037804,6.254105567932129,40800,0.0,0.0
2010-08-17 00:00:00-04:00,6.133834233484967,6.614919188941584,6.133834233484967,6.254105567932129,54593,0.0,0.0
2010-08-18 00:00:00-04:00,6.254105212810773,6.4946478680465765,6.01356255757497,6.133833885192871,56947,0.0,0.0
2010-08-19 00:00:00-04:00,6.133834233484967,6.254105567932129,6.013562899037804,6.254105567932129,49220,0.0,0.0
2010-08-20 00:00:00-04:00,6.254105212810773,6.374376158096664,5.893291229957068,6.133833885192871,72113,0.0,0.0
2010-08-23 00:00:00-04:00,6.133833198719811,6.254104512877449,5.412205696105957,5.412205696105957,128493,0.0,0.0
2010-08-24 00:00:00-04:00,5.41220614072586,5.532477464763946,4.57030725479126,4.57030725479126,179367,0.0,0.0
2010-08-25 00:00:00-04:00,4.329765205555759,5.5324777414139135,4.089222545451321,4.810850143432617,525973,0.0,0.0
2010-08-26 00:00:00-04:00,4.810849507649739,5.652748324421231,4.810849507649739,5.412205696105957,338547,0.0,0.0
2010-08-27 00:00:00-04:00,5.532477241880103,5.652748561072884,4.810849709055397,5.171663284301758,291580,0.0,0.0
2010-08-30 00:00:00-04:00,5.2919349480752045,5.2919349480752045,4.810850022310552,4.931121349334717,132340,0.0,0.0
2010-08-31 00:00:00-04:00,4.810849740578514,4.810849740578514,4.3297648429870605,4.3297648429870605,414327,0.0,0.0
2010-09-01 00:00:00-04:00,4.329764676525178,6.133833259883004,4.329764676525178,5.773019313812256,1937593,0.0,0.0
2010-09-02 00:00:00-04:00,5.171663284301758,5.532477241880103,4.810849709055397,5.171663284301758,650387,0.0,0.0
2010-09-03 00:00:00-04:00,5.2919349480752045,5.2919349480752045,4.690578695286386,4.931121349334717,288953,0.0,0.0
2010-09-07 00:00:00-04:00,5.171663492649689,5.171663492649689,4.57030725479126,4.57030725479126,227413,0.0,0.0
2010-09-08 00:00:00-04:00,4.57030725479126,4.810849902867431,4.57030725479126,4.57030725479126,110993,0.0,0.0
2010-09-09 00:00:00-04:00,4.690579891204834,4.810851248893595,4.450037558159418,4.690579891204834,135627,0.0,0.0
2010-09-10 00:00:00-04:00,4.690578578829345,4.810849902867431,4.57030725479126,4.57030725479126,102500,0.0,0.0
2010-09-13 00:00:00-04:00,4.810851248893595,4.810851248893595,4.570308533516073,4.690579891204834,177427,0.0,0.0
2010-09-14 00:00:00-04:00,4.690577295128252,4.690577295128252,4.450035095214844,4.450035095214844,210947,0.0,0.0
2010-09-15 00:00:00-04:00,4.450035373434896,4.570306289745094,3.968950178866428,4.089221477508545,347633,0.0,0.0
2010-09-16 00:00:00-04:00,3.9689510832393045,4.089222409286679,3.6081374874291883,3.7284088134765625,411287,0.0,0.0
2010-09-17 00:00:00-04:00,3.8486797590525788,3.968950690878248,3.6081371307373047,3.6081371307373047,225900,0.0,0.0
2010-09-20 00:00:00-04:00,3.608138475925368,3.608138475925368,3.367595757930833,3.4878671169281006,296733,0.0,0.0
2010-09-21 00:00:00-04:00,3.487866161381814,3.8486801395239363,3.36759483533444,3.7284088134765625,234713,0.0,0.0
2010-09-22 00:00:00-04:00,3.7284098349226356,3.7284098349226356,3.4878671169281006,3.4878671169281006,107753,0.0,0.0
2010-09-23 00:00:00-04:00,3.4878658165796677,3.7284084448949417,3.4878658165796677,3.6081371307373047,162413,0.0,0.0
2010-09-24 00:00:00-04:00,3.6081374874291883,3.8486801395239363,3.6081374874291883,3.7284088134765625,208747,0.0,0.0
2010-09-27 00:00:00-04:00,3.7284098349226356,3.8486811939199033,3.367595757930833,3.4878671169281006,286260,0.0,0.0
2010-09-28 00:00:00-04:00,3.6081371307373047,3.6081371307373047,3.3675945024220306,3.6081371307373047,206793,0.0,0.0
2010-09-29 00:00:00-04:00,3.6081371307373047,3.7284084448949417,3.4878658165796677,3.6081371307373047,198527,0.0,0.0
2010-09-30 00:00:00-04:00,3.608137362713467,3.7284086846036475,3.2473237793749172,3.3675947189331055,971833,0.0,0.0
2010-10-01 00:00:00-04:00,3.3675947189331055,3.487866040823286,3.3675947189331055,3.3675947189331055,183140,0.0,0.0
2010-10-04 00:00:00-04:00,3.3675949372223783,3.48786626690861,3.1270526601819326,3.247323989868164,212200,0.0,0.0
2010-10-05 00:00:00-04:00,3.3675947189331055,3.3675947189331055,3.2473237793749172,3.3675947189331055,125620,0.0,0.0
2010-10-06 00:00:00-04:00,3.3675947189331055,3.487866040823286,3.3675947189331055,3.3675947189331055,103927,0.0,0.0
2010-10-07 00:00:00-04:00,3.367595757930833,3.4878671169281006,3.2473247812656756,3.4878671169281006,101587,0.0,0.0
2010-10-08 00:00:00-04:00,3.487866040823286,3.487866040823286,3.2473237793749172,3.3675947189331055,85593,0.0,0.0
2010-10-11 00:00:00-04:00,3.3675949372223783,3.48786626690861,3.247323989868164,3.247323989868164,73080,0.0,0.0
2010-10-12 00:00:00-04:00,3.247323989868164,3.3675949372223783,3.247323989868164,3.247323989868164,106707,0.0,0.0
2010-10-13 00:00:00-04:00,3.3675947189331055,3.3675947189331055,3.2473237793749172,3.3675947189331055,100207,0.0,0.0
2010-10-14 00:00:00-04:00,3.367594521591095,4.089222028312607,3.367594521591095,3.848679780960083,739093,0.0,0.0
2010-10-15 00:00:00-04:00,4.089222028312607,4.450035972839348,3.7284084661178363,3.848679780960083,503107,0.0,0.0
2010-10-18 00:00:00-04:00,3.848679780960083,4.089222028312607,3.7284084661178363,3.848679780960083,194660,0.0,0.0
2010-10-19 00:00:00-04:00,3.8486797590525788,3.8486797590525788,3.6081371307373047,3.6081371307373047,235540,0.0,0.0
2010-10-20 00:00:00-04:00,3.6081371307373047,3.7284084448949417,3.6081371307373047,3.6081371307373047,111060,0.0,0.0
2010-10-21 00:00:00-04:00,3.608138475925368,3.608138475925368,3.367595757930833,3.4878671169281006,176040,0.0,0.0
2010-10-22 00:00:00-04:00,3.487866040823286,3.608137362713467,3.3675947189331055,3.3675947189331055,98973,0.0,0.0
2010-10-25 00:00:00-04:00,3.4878658165796677,3.6081371307373047,3.3675945024220306,3.6081371307373047,111967,0.0,0.0
2010-10-26 00:00:00-04:00,3.608138475925368,3.608138475925368,3.4878671169281006,3.4878671169281006,76267,0.0,0.0
2010-10-27 00:00:00-04:00,3.4878671169281006,3.608138475925368,3.367595757930833,3.4878671169281006,83667,0.0,0.0
2010-10-28 00:00:00-04:00,3.608138475925368,3.608138475925368,3.367595757930833,3.4878671169281006,100480,0.0,0.0
2010-10-29 00:00:00-04:00,3.487866161381814,3.728408813476562,3.36759483533444,3.7284088134765625,363713,0.0,0.0
2010-11-01 00:00:00-04:00,3.6081371307373047,3.6081371307373047,3.4878658165796677,3.6081371307373047,186433,0.0,0.0
2010-11-02 00:00:00-04:00,3.6081374874291883,3.8486801395239363,3.487866161381814,3.7284088134765625,144400,0.0,0.0
2010-11-03 00:00:00-04:00,3.7284098349226356,3.7284098349226356,3.4878671169281006,3.4878671169281006,144547,0.0,0.0
2010-11-04 00:00:00-04:00,3.6081374874291883,3.728408813476562,3.487866161381814,3.7284088134765625,100400,0.0,0.0
2010-11-05 00:00:00-04:00,3.728408813476562,3.8486801395239363,3.6081374874291883,3.7284088134765625,238333,0.0,0.0
2010-11-08 00:00:00-05:00,3.8486802772611175,3.9689512252807617,3.728408946909454,3.9689512252807617,139667,0.0,0.0
2010-11-09 00:00:00-05:00,3.9689510832393045,4.089222409286679,3.728408813476562,3.7284088134765625,148800,0.0,0.0
2010-11-10 00:00:00-05:00,3.7284084661178363,3.96895071347036,3.4878658364333424,3.848679780960083,369440,0.0,0.0
2010-11-11 00:00:00-05:00,3.8486801395239363,3.8486801395239363,3.728408813476562,3.7284088134765625,62340,0.0,0.0
2010-11-12 00:00:00-05:00,3.7284084448949417,3.8486797590525788,3.6081371307373047,3.6081371307373047,154573,0.0,0.0
2010-11-15 00:00:00-05:00,3.608137362713467,3.608137362713467,3.3675947189331055,3.3675947189331055,227947,0.0,0.0
2010-11-16 00:00:00-05:00,3.36759483533444,3.728408813476562,3.2473238916190716,3.7284088134765625,168480,0.0,0.0
2010-11-17 00:00:00-05:00,3.7284089262810727,3.7284089262810727,3.1270526601819326,3.247323989868164,438807,0.0,0.0
2010-11-18 00:00:00-05:00,3.247324118413227,3.247324118413227,3.006781449518902,3.1270527839660645,162853,0.0,0.0
2010-11-19 00:00:00-05:00,3.1270527839660645,3.247324118413227,3.1270527839660645,3.1270527839660645,103307,0.0,0.0
2010-11-22 00:00:00-05:00,3.247323989868164,3.247323989868164,3.1270526601819326,3.247323989868164,88813,0.0,0.0
2010-11-23 00:00:00-05:00,3.1270527839660645,3.247324118413227,3.1270527839660645,3.1270527839660645,65273,0.0,0.0
2010-11-24 00:00:00-05:00,3.247323989868164,3.247323989868164,3.1270526601819326,3.247323989868164,82020,0.0,0.0
2010-11-26 00:00:00-05:00,3.247324118413227,3.247324118413227,3.1270527839660645,3.1270527839660645,48773,0.0,0.0
2010-11-29 00:00:00-05:00,3.1270526601819326,3.247323989868164,3.006781330495701,3.247323989868164,99660,0.0,0.0
2010-11-30 00:00:00-05:00,3.1270522876199602,3.3675945360018207,2.886509656906128,2.886509656906128,236880,0.0,0.0
2010-12-01 00:00:00-05:00,3.0067813396453857,3.127052669697605,2.8865100095931666,3.0067813396453857,289407,0.0,0.0
2010-12-02 00:00:00-05:00,3.247323989868164,3.3675949372223783,3.1270526601819326,3.247323989868164,307573,0.0,0.0
2010-12-03 00:00:00-05:00,3.247324118413227,3.247324118413227,3.1270527839660645,3.1270527839660645,118840,0.0,0.0
2010-12-06 00:00:00-05:00,3.6081371307373047,3.8486797590525788,3.4878658165796677,3.6081371307373047,797173,0.0,0.0
2010-12-07 00:00:00-05:00,3.6081371307373047,3.7284084448949417,3.3675945024220306,3.6081371307373047,315240,0.0,0.0
2010-12-08 00:00:00-05:00,3.7284084448949417,3.968950690878248,3.6081371307373047,3.6081371307373047,484813,0.0,0.0
2010-12-09 00:00:00-05:00,3.9689512252807617,3.9689512252807617,3.728408946909454,3.9689512252807617,270360,0.0,0.0
2010-12-10 00:00:00-05:00,3.968951440193753,4.450036787650484,3.728409148797428,4.209494113922119,319120,0.0,0.0
2010-12-13 00:00:00-05:00,4.450035373434896,4.690577588387211,4.089221477508545,4.089221477508545,411687,0.0,0.0
2010-12-14 00:00:00-05:00,4.209492776150662,4.209492776150662,3.84867926255623,4.089221477508545,290473,0.0,0.0
2010-12-15 00:00:00-05:00,3.9689510832393045,3.9689510832393045,3.728408813476562,3.7284088134765625,220573,0.0,0.0
2010-12-16 00:00:00-05:00,3.728408946909454,3.9689512252807617,3.728408946909454,3.9689512252807617,202313,0.0,0.0
2010-12-17 00:00:00-05:00,3.9689508830444797,4.3297648429870605,3.848679945395606,4.3297648429870605,341027,0.0,0.0
2010-12-20 00:00:00-05:00,4.209492512969541,4.450035095214844,4.0892212218468895,4.450035095214844,222413,0.0,0.0
2010-12-21 00:00:00-05:00,4.450036313085173,4.810849902867431,4.329764989047088,4.57030725479126,427880,0.0,0.0
2010-12-22 00:00:00-05:00,4.690578813380398,4.810850143432617,4.570307483328179,4.810850143432617,199307,0.0,0.0
2010-12-23 00:00:00-05:00,4.810851248893595,4.810851248893595,4.570308533516073,4.690579891204834,235073,0.0,0.0
2010-12-27 00:00:00-05:00,4.690578695286386,4.931121349334717,4.57030736826222,4.931121349334717,253753,0.0,0.0
2010-12-28 00:00:00-05:00,4.931120821807377,5.532477010263594,4.931120821807377,5.412205696105957,505107,0.0,0.0
2010-12-29 00:00:00-05:00,5.773019313812256,6.3743755082648645,5.532477065430395,5.773019313812256,892713,0.0,0.0
2010-12-30 00:00:00-05:00,5.893290570404537,5.893290570404537,5.171663067790683,5.412205696105957,446860,0.0,0.0
2010-12-31 00:00:00-05:00,5.412206523146056,5.773020138422982,5.412206523146056,5.532477855682373,274360,0.0,0.0
2011-01-03 00:00:00-05:00,5.532477857963008,6.133834138560465,5.532477857963008,5.893291473388672,409500,0.0,0.0
2011-01-04 00:00:00-05:00,6.0135626792907715,6.133834009342991,5.893291349238552,6.0135626792907715,288613,0.0,0.0
2011-01-05 00:00:00-05:00,6.013562805974568,6.013562805974568,5.532477857963008,5.893291473388672,294187,0.0,0.0
2011-01-06 00:00:00-05:00,5.051392380540235,5.051392380540235,3.728408625414746,4.3297648429870605,75007,0.0,0.0
2011-01-07 00:00:00-05:00,4.129312896811077,4.578325507124056,4.129312896811077,4.337782859802246,732400,0.0,0.06666666666666667
2011-01-10 00:00:00-05:00,4.361836578823333,4.385890610303534,3.864715595137231,3.8887696266174316,1187600,0.0,0.0
2011-01-11 00:00:00-05:00,3.9448959018988443,4.482107388536631,3.8967874619161624,4.450035095214844,747900,0.0,0.0
2011-01-12 00:00:00-05:00,4.626433992251142,5.107518907903747,4.578325538919082,5.075446605682373,949900,0.0,0.0
2011-01-13 00:00:00-05:00,5.091483436699716,6.01356320452692,5.051393244735434,5.572568416595459,1607300,0.0,0.0
2011-01-14 00:00:00-05:00,5.572568284785432,5.773020386861628,5.38815233558205,5.692839622497559,743200,0.0,0.0
2011-01-18 00:00:00-05:00,5.69283913873385,5.69283913873385,5.235808629529979,5.460314750671387,729100,0.0,0.0
2011-01-19 00:00:00-05:00,5.251845153539914,5.267881306187418,4.778778076940504,4.842922687530518,802300,0.0,0.0
2011-01-20 00:00:00-05:00,4.73066898803527,4.73066898803527,4.257601974532147,4.3297648429870605,1210600,0.0,0.0
2011-01-21 00:00:00-05:00,4.425981495702222,4.458053794905487,4.257601733719096,4.29769229888916,515200,0.0,0.0
2011-01-24 00:00:00-05:00,4.313728305282365,4.313728305282365,4.097240101681381,4.14534854888916,558100,0.0,0.0
2011-01-25 00:00:00-05:00,4.145349637429222,4.145349637429222,3.95291541573426,4.025078296661377,447600,0.0,0.0
2011-01-26 00:00:00-05:00,4.033095151852297,4.209492776150662,3.976968443864131,4.089221477508545,388300,0.0,0.0
2011-01-27 00:00:00-05:00,4.097239584561258,4.2094926138784166,3.9930044376008027,4.017058849334717,413200,0.0,0.0
2011-01-28 00:00:00-05:00,4.009041659510054,4.065168380382718,3.856698030568832,3.928860902786255,479800,0.0,0.0
2011-01-31 00:00:00-05:00,3.92886113247581,4.1132770748878995,3.8807526756290076,4.0330963134765625,291500,0.0,0.0
2011-02-01 00:00:00-05:00,4.041113034518082,4.217511041148365,4.009040739191106,4.089221477508545,375800,0.0,0.0
2011-02-02 00:00:00-05:00,4.113276610963262,4.3057104166464155,3.993005291245298,4.265620231628418,461300,0.0,0.0
2011-02-03 00:00:00-05:00,4.385891185272213,4.385891185272213,4.1453489272766175,4.289674282073975,182000,0.0,0.0
2011-02-04 00:00:00-05:00,4.289674756783096,4.289674756783096,4.081204776783626,4.22553014755249,251900,0.0,0.0
2011-02-07 00:00:00-05:00,4.209493658847232,4.650488385564027,4.201475392168163,4.401927471160889,408900,0.0,0.0
2011-02-08 00:00:00-05:00,4.409944877092344,4.4580533207807935,4.249583398130847,4.321745872497559,314700,0.0,0.0
2011-02-09 00:00:00-05:00,4.257603002977618,4.570308204597783,4.1373316539446074,4.482109546661377,485800,0.0,0.0
2011-02-10 00:00:00-05:00,4.409946660775154,4.546254164190429,4.3458020432461035,4.482109546661377,203300,0.0,0.0
2011-02-11 00:00:00-05:00,4.345800285507745,4.450035437998681,4.25760128091296,4.321745872497559,234700,0.0,0.0
2011-02-14 00:00:00-05:00,4.337781957458564,4.369854252785538,4.049131299515785,4.089221477508545,395100,0.0,0.0
2011-02-15 00:00:00-05:00,4.089221319872652,4.089221319872652,4.017058849334717,4.017058849334717,286100,0.0,0.0
2011-02-16 00:00:00-05:00,4.017060411187282,4.177421943989707,4.017060411187282,4.025078296661377,193500,0.0,0.0
2011-02-17 00:00:00-05:00,4.089222801371267,4.089222801371267,3.8566983938062758,3.872734546661377,377300,0.0,0.0
2011-02-18 00:00:00-05:00,3.888770570268597,3.984987484201322,3.856698265624355,3.9609334468841553,278400,0.0,0.0
2011-02-22 00:00:00-05:00,3.856697060404149,3.912823767157956,3.7925524711608887,3.7925524711608887,191800,0.0,0.0
2011-02-23 00:00:00-05:00,3.7765171393112036,3.888770194725645,3.5760650634765625,3.5760650634765625,314900,0.0,0.0
2011-02-24 00:00:00-05:00,3.5921007180728464,3.608136866631263,3.3675942559230694,3.5119199752807617,356800,0.0,0.0
2011-02-25 00:00:00-05:00,3.5439930001684843,3.8406620005871446,3.5039024293737384,3.8085896968841553,366800,0.0,0.0
2011-02-28 00:00:00-05:00,3.848680151514623,3.896788605617055,3.6642642196226305,3.720390558242798,201200,0.0,0.0
2011-03-01 00:00:00-05:00,3.74444471639866,3.768498750613258,3.447775745538753,3.5199382305145264,284700,0.0,0.0
2011-03-02 00:00:00-05:00,3.503902080260801,3.568046681275702,3.447775745538753,3.5199382305145264,143300,0.0,0.0
2011-03-03 00:00:00-05:00,3.5199379930657986,3.672281601365351,3.5199379930657986,3.6321914196014404,175500,0.0,0.0
2011-03-04 00:00:00-05:00,3.6161555136487213,3.6642639644003165,3.4638118951026793,3.5921010971069336,169400,0.0,0.0
2011-03-07 00:00:00-05:00,3.5840830773193373,3.6722821009293454,3.4798482846878804,3.5520107746124268,235200,0.0,0.0
2011-03-08 00:00:00-05:00,3.5119193322017708,3.672280788421631,3.5039010682248426,3.672280788421631,125400,0.0,0.0
2011-03-09 00:00:00-05:00,3.6482280538843144,3.8085895669274032,3.5279567279359956,3.696336507797241,210600,0.0,0.0
2011-03-10 00:00:00-05:00,3.6161556315762877,3.648227933123271,3.5279566111560876,3.5760650634765625,173700,0.0,0.0
2011-03-11 00:00:00-05:00,3.543993009983527,3.5921014656712464,3.52795685808762,3.568047046661377,119300,0.0,0.0
2011-03-14 00:00:00-04:00,3.5680468000340353,3.5680468000340353,3.487866046096685,3.5039021968841553,118500,0.0,0.0
2011-03-15 00:00:00-04:00,3.3996671337824895,3.431739818710027,3.263360038917479,3.4237215518951416,205300,0.0,0.0
2011-03-16 00:00:00-04:00,3.399667614473654,3.4317403039360643,3.255342232387076,3.2633605003356934,149400,0.0,0.0
2011-03-17 00:00:00-04:00,3.287413368770803,3.5039015559687554,3.247323190301211,3.3595762252807617,318600,0.0,0.0
2011-03-18 00:00:00-04:00,3.423720967043499,3.5439922723975954,3.4076848184850816,3.5119199752807617,313200,0.0,0.0
2011-03-21 00:00:00-04:00,3.5840828308156776,3.6081372473574653,3.5279564961048067,3.5921010971069336,162200,0.0,0.0
2011-03-22 00:00:00-04:00,3.6803001139468052,3.688317997904547,3.560028795924835,3.664263963699341,131900,0.0,0.0
2011-03-23 00:00:00-04:00,3.6642643302207034,3.8085896968841553,3.5921014557229682,3.8085896968841553,140200,0.0,0.0
2011-03-24 00:00:00-04:00,3.8085894624163714,4.025077690249917,3.78453504495398,3.8406617641448975,158600,0.0,0.0
2011-03-25 00:00:00-04:00,4.209493877788947,4.209493877788947,3.624173761393583,3.640209913253784,191200,0.0,0.0
2011-03-28 00:00:00-04:00,3.6642636018958923,3.728408196552215,3.592100741741558,3.6482274532318115,101400,0.0,0.0
2011-03-29 00:00:00-04:00,3.6241735358379907,3.7845350444596737,3.6081373849758225,3.736426591873169,105000,0.0,0.0
2011-03-30 00:00:00-04:00,3.80057154923389,3.848680388632321,3.688318482745623,3.8246259689331055,156700,0.0,0.0
2011-03-31 00:00:00-04:00,3.8486811832062813,4.009042739868164,3.6722830885461004,4.009042739868164,208700,0.0,0.0
2011-04-01 00:00:00-04:00,4.041113388772995,4.14534854888916,3.736426174125107,4.14534854888916,295400,0.0,0.0
2011-04-04 00:00:00-04:00,4.145349389754561,4.281656875658603,3.800571541330917,3.9609334468841553,320300,0.0,0.0
2011-04-05 00:00:00-04:00,3.9288605539149772,4.001023037392577,3.8486798043109927,3.976969003677368,119600,0.0,0.0
2011-04-06 00:00:00-04:00,4.009041903850518,4.049132475821835,3.9448972945620344,3.9609334468841553,108800,0.0,0.0
2011-04-07 00:00:00-04:00,3.960932485721908,3.9689503687713295,3.8727334781866523,3.8887696266174316,92400,0.0,0.0
2011-04-08 00:00:00-04:00,3.9288607845511834,3.984987121402775,3.7284087076080823,3.736426591873169,163100,0.0,0.0
2011-04-11 00:00:00-04:00,3.7524633455483105,3.848680648510105,3.5760656577271233,3.624174118041992,189800,0.0,0.0
2011-04-12 00:00:00-04:00,3.568047046661377,3.608137617567153,3.5039024390777507,3.568047046661377,128900,0.0,0.0
2011-04-13 00:00:00-04:00,3.6241735189561775,3.632191785515909,3.5039021968841553,3.5039021968841553,115200,0.0,0.0
2011-04-14 00:00:00-04:00,3.511920698372177,3.664264332210095,3.463812242791574,3.640209913253784,164600,0.0,0.0
2011-04-15 00:00:00-04:00,3.592100981005084,3.6161553967693987,3.511920232343982,3.6081371307373047,137400,0.0,0.0
2011-04-18 00:00:00-04:00,3.527956371541247,3.6482276853397377,3.527956371541247,3.6161553859710693,101600,0.0,0.0
2011-04-19 00:00:00-04:00,3.6562458375623272,3.7684988935975055,3.5680468166544044,3.736426591873169,123300,0.0,0.0
2011-04-20 00:00:00-04:00,3.8326438873548945,3.8326438873548945,3.736426599649637,3.8005712032318115,147900,0.0,0.0
2011-04-21 00:00:00-04:00,3.8486800307430262,3.8486800307430262,3.776517160687846,3.8406617641448975,74300,0.0,0.0
2011-04-25 00:00:00-04:00,3.840661048941212,3.9048056404533273,3.7444441616730377,3.880751609802246,113400,0.0,0.0
2011-04-26 00:00:00-04:00,3.840662010149398,3.984987377172182,3.840662010149398,3.9689512252807617,81300,0.0,0.0
2011-04-27 00:00:00-04:00,3.9288619615372227,4.009042739868164,3.800572333875607,4.009042739868164,94000,0.0,0.0
2011-04-28 00:00:00-04:00,4.001024470869015,4.009042739868164,3.9208436925380736,4.009042739868164,61100,0.0,0.0
2011-04-29 00:00:00-04:00,4.00904155917922,4.00904155917922,3.8005712145825425,4.001023292541504,156000,0.0,0.0
2011-05-02 00:00:00-04:00,4.009042148911449,4.009042148911449,3.808590041465877,3.832644462585449,151000,0.0,0.0
2011-05-03 00:00:00-04:00,3.80858911120031,3.888769858127609,3.8005708453416003,3.8566975593566895,91000,0.0,0.0
2011-05-04 00:00:00-04:00,3.8486796758299393,3.912824273371778,3.80858911120031,3.8566975593566895,67000,0.0,0.0
2011-05-05 00:00:00-04:00,3.8166079521179204,3.8647164075229337,3.672282203570862,3.81660795211792,149800,0.0,0.0
2011-05-06 00:00:00-04:00,3.896788723233385,3.9288610269363744,3.7524629742379148,3.8085896968841553,119100,0.0,0.0
2011-05-09 00:00:00-04:00,3.7925535555360885,3.7925535555360885,3.5359747428695636,3.568047046661377,165000,0.0,0.0
2011-05-10 00:00:00-04:00,3.600117941956759,3.672280788421631,3.568045650712787,3.672280788421631,102000,0.0,0.0
2011-05-11 00:00:00-04:00,3.656245452193396,3.656245452193396,3.5680464405816643,3.6321914196014404,108900,0.0,0.0
2011-05-12 00:00:00-04:00,3.6001200324223728,3.6803011894226074,3.568047722555116,3.6803011894226074,70000,0.0,0.0
2011-05-13 00:00:00-04:00,3.6803001146508483,3.6803001146508483,3.51993822981355,3.5921010971069336,182500,0.0,0.0
2011-05-16 00:00:00-04:00,3.5680466647097013,3.5680466647097013,3.335522295944277,3.4958841800689697,124200,0.0,0.0
2011-05-17 00:00:00-04:00,3.4878659138133443,3.5359743643511585,3.4477757295311555,3.4958841800689697,105600,0.0,0.0
2011-05-18 00:00:00-04:00,3.4958841956037428,3.6001189810662093,3.4878659293124867,3.5921010971069336,118700,0.0,0.0
2011-05-19 00:00:00-04:00,3.632190467010913,3.632190467010913,3.4878647799827025,3.5840816497802734,119100,0.0,0.0
2011-05-20 00:00:00-04:00,3.5439925212255816,3.6402094193315873,3.5039019558487623,3.6161553859710693,146700,0.0,0.0
2011-05-23 00:00:00-04:00,3.576064946856402,3.6001189810662093,3.535974380064082,3.5921010971069336,49500,0.0,0.0
2011-05-24 00:00:00-04:00,3.5840835421066117,3.6562464237213135,3.5520112352405344,3.6562464237213135,164100,0.0,0.0
2011-05-25 00:00:00-04:00,3.6161561009797554,3.8887706995164786,3.6161561009797554,3.872734546661377,140400,0.0,0.0
2011-05-26 00:00:00-04:00,3.8406617831071337,4.00904155917922,3.8246256321636967,4.001023292541504,168300,0.0,0.0
2011-05-27 00:00:00-04:00,4.009040162169341,4.113275298145391,3.9448955807477297,4.105257034301758,123700,0.0,0.0
2011-05-31 00:00:00-04:00,3.993004815988065,4.06516767569624,3.7604804706305464,4.057149410247803,374600,0.0,0.0
2011-06-01 00:00:00-04:00,4.033097164533501,4.049133320199689,3.8326450275400927,4.009042739868164,155200,0.0,0.0
2011-06-02 00:00:00-04:00,4.009040964553,4.081203824261174,3.976968667423131,4.057149410247803,157500,0.0,0.0
2011-06-03 00:00:00-04:00,3.9689510899821516,4.057150113544335,3.896788600096735,3.928860902786255,136900,0.0,0.0
2011-06-06 00:00:00-04:00,3.9368775668495664,4.041112709443324,3.808588395861489,3.864715099334717,158300,0.0,0.0
2011-06-07 00:00:00-04:00,3.9128252290972676,3.968951574489514,3.7364271604392143,3.832644462585449,124200,0.0,0.0
2011-06-08 00:00:00-04:00,3.81660720537063,3.888769683193022,3.6321913045677308,3.6482274532318115,205600,0.0,0.0
2011-06-09 00:00:00-04:00,3.6562444932943787,3.8085880616397927,3.527955333564284,3.5840816497802734,165800,0.0,0.0
2011-06-10 00:00:00-04:00,3.5439922723975954,3.6161551320764413,3.447775381047094,3.5119199752807617,270200,0.0,0.0
2011-06-13 00:00:00-04:00,3.519938077616893,3.519938077616893,3.3996667647722596,3.415703296661377,95100,0.0,0.0
2011-06-14 00:00:00-04:00,3.4557931324129973,3.527955989340734,3.4557931324129973,3.4638113975524902,86800,0.0,0.0
2011-06-15 00:00:00-04:00,3.391649249299609,3.4638121213055597,3.287414074698126,3.4237215518951416,165000,0.0,0.0
2011-06-16 00:00:00-04:00,3.4076852798461914,3.511920450754106,3.4076852798461914,3.4076852798461914,114600,0.0,0.0
2011-06-17 00:00:00-04:00,3.4317397043179962,3.487866040823286,3.3114683824278157,3.3675947189331055,159100,0.0,0.0
2011-06-20 00:00:00-04:00,3.327504644108544,3.6001192161705706,3.303450225995892,3.4237215518951416,169100,0.0,0.0
2011-06-21 00:00:00-04:00,3.5039026881322686,3.5520111472394977,3.2553421249122265,3.3355228900909424,218600,0.0,0.0
2011-06-22 00:00:00-04:00,3.295432198786432,3.295432198786432,3.2072331793026523,3.2152514457702637,190700,0.0,0.0
2011-06-23 00:00:00-04:00,3.207233304920778,3.3435407815530316,3.0468716014415387,3.1591248512268066,244600,0.0,0.0
2011-06-24 00:00:00-04:00,3.159124606635838,3.3675945565025414,2.974708690587767,3.054889440536499,2872100,0.0,0.0
2011-06-27 00:00:00-04:00,2.9907449482396986,3.111016268658365,2.902545928955078,2.902545928955078,184300,0.0,0.0
2011-06-28 00:00:00-04:00,3.086961776999581,3.776516999372208,3.086961776999581,3.4958841800689697,632900,0.0,0.0
2011-06-29 00:00:00-04:00,3.5359740069524173,3.5359740069524173,3.3275040756929974,3.5119199752807617,322100,0.0,0.0
2011-06-30 00:00:00-04:00,3.5680464244329424,3.6161552540630257,3.407684933439174,3.4557933807373047,226700,0.0,0.0
2011-07-01 00:00:00-04:00,3.519938459681739,3.519938459681739,3.415703667412261,3.4237215518951416,143900,0.0,0.0
2011-07-05 00:00:00-04:00,3.375612752872533,3.4397573515053277,3.3034498882446557,3.3996667861938477,211200,0.0,0.0
2011-07-06 00:00:00-04:00,3.359576608689754,3.6482276853397377,3.359576608689754,3.6161553859710693,170200,0.0,0.0
2011-07-07 00:00:00-04:00,3.720391038671731,3.720391038671731,3.6081379646037024,3.624174118041992,134200,0.0,0.0
2011-07-08 00:00:00-04:00,3.608137246667227,3.688317997904547,3.5279564954299065,3.664263963699341,232400,0.0,0.0
2011-07-11 00:00:00-04:00,3.5600289199385995,3.6803002421502264,3.5199383517573923,3.5359745025634766,123900,0.0,0.0
2011-07-12 00:00:00-04:00,3.6402107873470246,3.680301367790151,3.335523446509176,3.4878671169281006,173000,0.0,0.0
2011-07-13 00:00:00-04:00,3.463812008062121,3.6402096665705286,3.463812008062121,3.5760650634765625,79100,0.0,0.0
2011-07-14 00:00:00-04:00,3.5921007180728464,3.5921007180728464,3.4878655612771663,3.5119199752807617,66200,0.0,0.0
2011-07-15 00:00:00-04:00,3.519939428349757,3.6241746316361962,3.4878671169281006,3.4878671169281006,70900,0.0,0.0
2011-07-18 00:00:00-04:00,3.2393050041194167,3.7364259820423524,3.2393050041194167,3.6883175373077393,181100,0.0,0.0
2011-07-19 00:00:00-04:00,3.6963369996803244,3.728409306556904,3.5600295042888335,3.624174118041992,65800,0.0,0.0
2011-07-20 00:00:00-04:00,3.6321915356554038,3.6562455690159217,3.335522192997269,3.6161553859710693,132700,0.0,0.0
2011-07-21 00:00:00-04:00,3.624174116855236,3.6722825771543524,3.543993349690043,3.6562464237213135,58400,0.0,0.0
2011-07-22 00:00:00-04:00,3.616155765520199,3.720390558242798,3.616155765520199,3.720390558242798,34000,0.0,0.0
2011-07-25 00:00:00-04:00,3.68831786838459,3.7043540180689245,3.5921009702785844,3.6161553859710693,72200,0.0,0.0
2011-07-26 00:00:00-04:00,3.5840831804890887,3.6161558664512357,3.4798483848571777,3.4798483848571777,130100,0.0,0.0
2011-07-27 00:00:00-04:00,3.407685628637712,3.656246181552619,3.407685628637712,3.527956962585449,216000,0.0,0.0
2011-07-28 00:00:00-04:00,3.656245698837181,3.6803001153837593,3.5199382305145264,3.5199382305145264,89200,0.0,0.0
2011-07-29 00:00:00-04:00,3.487866390492193,3.5840833047175704,3.487866390492193,3.527956962585449,120500,0.0,0.0
2011-08-01 00:00:00-04:00,3.5840829288232054,3.5840829288232054,3.2874139499099004,3.343540668487549,314100,0.0,0.0
2011-08-02 00:00:00-04:00,3.3194862596678028,3.4638119985655282,3.311468375469036,3.4076852798461914,96200,0.0,0.0
2011-08-03 00:00:00-04:00,3.4076852798461914,3.4317396971064764,3.367594711856381,3.4076852798461914,56500,0.0,0.0
2011-08-04 00:00:00-04:00,3.391648881159665,3.4638117453328374,3.3756127316025113,3.415703296661377,123800,0.0,0.0
2011-08-05 00:00:00-04:00,3.407685253009068,3.4317396700799128,3.2152514457702637,3.2152514457702637,158900,0.0,0.0
2011-08-08 00:00:00-04:00,3.054889989761382,3.1350709452914733,2.8464198112487793,2.8464198112487793,242700,0.0,0.0
2011-08-09 00:00:00-04:00,2.870473640414966,3.1751608848571777,2.854437489777586,3.1751608848571777,109900,0.0,0.0
2011-08-10 00:00:00-04:00,3.1029983177249694,3.1029983177249694,2.8063293109034353,2.830383539199829,133100,0.0,0.0
2011-08-11 00:00:00-04:00,2.85443735712188,2.942636372694548,2.846419282175818,2.886509656906128,210300,0.0,0.0
2011-08-12 00:00:00-04:00,2.926600222802424,2.926600222802424,2.822365057337632,2.886509656906128,157100,0.0,0.0
2011-08-15 00:00:00-04:00,2.9105641954045836,2.9666907223891643,2.846419401970498,2.902545928955078,443800,0.0,0.0
2011-08-16 00:00:00-04:00,2.9105644264629826,2.9426367301431244,2.758220792816301,2.774256944656372,157100,0.0,0.0
2011-08-17 00:00:00-04:00,2.7742568802501477,2.8223653346534903,2.6860578560113484,2.718130350112915,84600,0.0,0.0
2011-08-18 00:00:00-04:00,2.742184575107,2.742184575107,2.413443087950136,2.549750566482544,159000,0.0,0.0
2011-08-19 00:00:00-04:00,2.493622986626714,2.5417316155926937,2.229026387560551,2.2530806064605713,301600,0.0,0.0
2011-08-22 00:00:00-04:00,2.261099997848865,2.317226732508377,2.2290276872811727,2.2370457649230957,195700,0.0,0.0
2011-08-23 00:00:00-04:00,2.2530812609980457,2.3332622051239014,2.2129908845181148,2.3332622051239014,170800,0.0,0.0
2011-08-24 00:00:00-04:00,2.2931713168822507,2.517677776114833,2.2931713168822507,2.4455149173736572,156700,0.0,0.0
2011-08-25 00:00:00-04:00,2.509660374492547,2.565786908758809,2.373352885822748,2.421461343765259,100300,0.0,0.0
2011-08-26 00:00:00-04:00,2.3893885744736796,2.453533172607422,2.3573162754068084,2.453533172607422,45400,0.0,0.0
2011-08-29 00:00:00-04:00,2.477587813742422,2.662003755569458,2.4294793570482422,2.662003755569458,177600,0.0,0.0
2011-08-30 00:00:00-04:00,2.6219133657708444,2.7341666221618652,2.6058772135958437,2.7341666221618652,107200,0.0,0.0
2011-08-31 00:00:00-04:00,2.742184395690455,2.742184395690455,2.5417323244538075,2.7101120948791504,78200,0.0,0.0
2011-09-01 00:00:00-04:00,2.7101118265864685,2.750202198631777,2.5176778496030154,2.5417320728302,131800,0.0,0.0
2011-09-02 00:00:00-04:00,2.5096598585928844,2.5096598585928844,2.3252439498901367,2.3252439498901367,125000,0.0,0.0
2011-09-06 00:00:00-04:00,2.2931711673736572,2.517677611969023,2.2931711673736572,2.501641273498535,103600,0.0,0.0
2011-09-07 00:00:00-04:00,2.5657869576275116,2.5898411870569107,2.52569657524518,2.5818231105804443,33400,0.0,0.0
2011-09-08 00:00:00-04:00,2.6138948660614973,2.6138948660614973,2.4294789547704054,2.485605478286743,66800,0.0,0.0
2011-09-09 00:00:00-04:00,2.429478769023611,2.4455149173736572,2.333261878923334,2.4455149173736572,123100,0.0,0.0
2011-09-12 00:00:00-04:00,2.445515097840704,2.4695693221408574,2.3893885744736796,2.453533172607422,272100,0.0,0.0
2011-09-13 00:00:00-04:00,2.429478993937468,2.445515143772093,2.3332620949297196,2.3813705444335938,79200,0.0,0.0
2011-09-14 00:00:00-04:00,2.4054248918085994,2.421461042460711,2.3733525905043775,2.397406816482544,94900,0.0,0.0
2011-09-15 00:00:00-04:00,2.469569679122287,2.469569679122287,2.365334692087572,2.4054250717163086,218500,0.0,0.0
2011-09-16 00:00:00-04:00,2.4214610510683974,2.469569503195744,2.3893887496501667,2.4615514278411865,171000,0.0,0.0
2011-09-19 00:00:00-04:00,2.4294792994935506,2.4535335272707925,2.3573166161618246,2.4054250717163086,85800,0.0,0.0
2011-09-20 00:00:00-04:00,2.3893887454593914,2.4535333481833494,2.3893887454593914,2.4294791221618652,119900,0.0,0.0
2011-09-21 00:00:00-04:00,2.413442714246665,2.413442714246665,2.2931714057922363,2.2931714057922363,115600,0.0,0.0
2011-09-22 00:00:00-04:00,2.2931716987405126,2.357316493988037,2.2931716987405126,2.357316493988037,61700,0.0,0.0
2011-09-23 00:00:00-04:00,2.317226174330793,2.365334628593881,2.293171756033245,2.3492984771728516,93200,0.0,0.0
2011-09-26 00:00:00-04:00,2.365334628593881,2.421461158567484,2.293171756033245,2.3492984771728516,108600,0.0,0.0
2011-09-27 00:00:00-04:00,2.3813704163030773,2.405424639760768,2.2931714057922363,2.2931714057922363,125400,0.0,0.0
2011-09-28 00:00:00-04:00,2.301189336207649,2.309207601357522,2.2129905223846436,2.2129905223846436,116700,0.0,0.0
2011-09-29 00:00:00-04:00,2.75020250284717,2.75020250284717,2.2370451104060733,2.3332622051239014,57000,0.0,0.0
2011-09-30 00:00:00-04:00,2.3412804047274878,2.3733527076142744,2.221009077736033,2.245063304901123,134300,0.0,0.0
2011-10-03 00:00:00-04:00,2.2290272784001113,2.24506343074237,2.0205571067847345,2.060647487640381,51600,0.0,0.0
2011-10-04 00:00:00-04:00,2.0045203463619337,2.2290266022145553,2.0045203463619337,2.188936233520508,87000,0.0,0.0
2011-10-05 00:00:00-04:00,2.2129908681821897,2.2129908681821897,2.020556871333043,2.132810115814209,144800,0.0,0.0
2011-10-06 00:00:00-04:00,2.100738253844353,2.2370457649230957,2.100738253844353,2.2370457649230957,55000,0.0,0.0
2011-10-07 00:00:00-04:00,2.188936769243644,2.237045223450624,2.1167740879331736,2.1809186935424805,43600,0.0,0.0
2011-10-10 00:00:00-04:00,2.2370452861096055,2.4214612235678032,2.229027210183858,2.4054250717163086,162600,0.0,0.0
2011-10-11 00:00:00-04:00,2.4054248827877767,2.413442958083763,2.325244129827915,2.3332622051239014,60000,0.0,0.0
2011-10-12 00:00:00-04:00,2.3653343501735264,2.4695693221408574,2.3332620511066553,2.453533172607422,101100,0.0,0.0
2011-10-13 00:00:00-04:00,2.405424817187595,2.413442892264914,2.3092079162597656,2.3092079162597656,435200,0.0,0.0
2011-10-14 00:00:00-04:00,2.357317024173858,2.4455158746228203,2.357317024173858,2.4134435653686523,67400,0.0,0.0
2011-10-17 00:00:00-04:00,2.389389038470252,2.461551725384018,2.3332625042039896,2.421461343765259,77500,0.0,0.0
2011-10-18 00:00:00-04:00,2.421460988681096,2.4775875147169386,2.405424838385141,2.437497138977051,52700,0.0,0.0
2011-10-19 00:00:00-04:00,2.42947905341363,2.4374971285272333,2.373352527618408,2.373352527618408,43100,0.0,0.0
2011-10-20 00:00:00-04:00,2.3492989468603165,2.4535339519363624,2.3492989468603165,2.4134435653686523,90400,0.0,0.0
2011-10-21 00:00:00-04:00,2.4294792313032905,2.4294792313032905,2.3172261714935303,2.3172261714935303,106100,0.0,0.0
2011-10-24 00:00:00-04:00,2.3492976497742224,2.381369941320748,2.341279576887591,2.3653337955474854,68000,0.0,0.0
2011-10-25 00:00:00-04:00,2.5176779479721834,2.5176779479721834,2.3492981876370846,2.3893885612487793,115400,0.0,0.0
2011-10-26 00:00:00-04:00,2.397407410741568,2.437497797309278,2.3492989468603165,2.4134435653686523,180200,0.0,0.0
2011-10-27 00:00:00-04:00,2.501641868899292,2.7742568202917024,2.4615514910962903,2.7261483669281006,129300,0.0,0.0
2011-10-28 00:00:00-04:00,2.70209395718431,2.718130299519607,2.605877050168537,2.6860578060150146,72500,0.0,0.0
2011-10-31 00:00:00-04:00,2.5738053974424466,2.8784925377262054,2.5738053974424466,2.854438304901123,123500,0.0,0.0
2011-11-01 00:00:00-04:00,2.9666906672353095,3.119034285955796,2.9025458749937414,3.014799118041992,145700,0.0,0.0
2011-11-02 00:00:00-04:00,3.0067810988067216,3.0147991740902333,2.902545928955078,2.902545928955078,77200,0.0,0.0
2011-11-03 00:00:00-04:00,2.9105641500684873,3.1831788966275174,2.9105641500684873,3.151106595993042,103200,0.0,0.0
2011-11-04 00:00:00-04:00,3.0869617462158203,3.094979821225498,3.014799071128719,3.0869617462158203,72500,0.0,0.0
2011-11-07 00:00:00-05:00,3.0869615625981677,3.1190340518951416,3.0388531154016714,3.1190340518951416,53000,0.0,0.0
2011-11-08 00:00:00-05:00,3.1190342374205193,3.1270523124301977,2.9987629211093627,3.0869617462158203,77600,0.0,0.0
2011-11-09 00:00:00-05:00,3.030835385878939,3.0869619139972535,2.8865098366944193,2.8945279121398926,67600,0.0,0.0
2011-11-10 00:00:00-05:00,2.9185823822107717,2.9586727601602325,2.80632913278628,2.8223652839660645,58700,0.0,0.0
2011-11-11 00:00:00-05:00,2.838401734812372,2.902546346303628,2.7742571233211164,2.8464198112487793,60300,0.0,0.0
2011-11-14 00:00:00-05:00,2.8303840720760407,2.854438304901123,2.790293684034237,2.854438304901123,42900,0.0,0.0
2011-11-15 00:00:00-05:00,2.814347043663538,3.0228171879658006,2.814347043663538,2.982726812362671,80400,0.0,0.0
2011-11-16 00:00:00-05:00,2.91056436740498,2.926600518919663,2.814347267150879,2.814347267150879,44700,0.0,0.0
2011-11-17 00:00:00-05:00,2.838401494422903,2.8704737974522683,2.8063291913935378,2.814347267150879,53700,0.0,0.0
2011-11-18 00:00:00-05:00,2.8865097643626343,2.8865097643626343,2.8063290119171143,2.8063290119171143,137400,0.0,0.0
2011-11-21 00:00:00-05:00,2.806328780840521,2.8384010791778564,2.750202258750184,2.8384010791778564,106200,0.0,0.0
2011-11-22 00:00:00-05:00,2.814347208376172,2.8784918130953097,2.758220679246927,2.8223652839660645,63800,0.0,0.0
2011-11-23 00:00:00-05:00,2.8704738556967966,2.8704738556967966,2.7502027168962657,2.774256944656372,104500,0.0,0.0
2011-11-25 00:00:00-05:00,2.758220672607422,2.7742568237486043,2.734166445895648,2.758220672607422,5400,0.0,0.0
2011-11-28 00:00:00-05:00,2.8464198112487793,2.8464198112487793,2.7983113526303374,2.8464198112487793,41100,0.0,0.0
2011-11-29 00:00:00-05:00,2.75020248520525,2.83038323765077,2.75020248520525,2.8063290119171143,91300,0.0,0.0
2011-11-30 00:00:00-05:00,2.9185822565068356,2.9185822565068356,2.758220560449802,2.8063290119171143,70400,0.0,0.0
2011-12-01 00:00:00-05:00,2.7983113526303374,2.8464198112487793,2.678040014918211,2.8464198112487793,100900,0.0,0.0
2011-12-02 00:00:00-05:00,2.8464196280733307,2.9987632617273254,2.8464196280733307,2.9747090339660645,48900,0.0,0.0
2011-12-05 00:00:00-05:00,2.982727048119449,3.038853578400109,2.9426366693475488,2.9506547451019287,78500,0.0,0.0
2011-12-06 00:00:00-05:00,2.9506545888200577,3.207233190536499,2.9266003628309534,3.207233190536499,109000,0.0,0.0
2011-12-07 00:00:00-05:00,3.1511063649706794,3.183178663253784,3.014798906101507,3.183178663253784,68300,0.0,0.0
2011-12-08 00:00:00-05:00,3.1350703874398755,3.1350703874398755,3.014799071128719,3.0869617462158203,83600,0.0,0.0
2011-12-09 00:00:00-05:00,3.078943728399482,3.1591246711516607,3.078943728399482,3.151106595993042,92500,0.0,0.0
2011-12-12 00:00:00-05:00,3.0949802306610414,3.1671431064605713,3.0548898503090873,3.1671431064605713,65200,0.0,0.0
2011-12-13 00:00:00-05:00,3.16714316505978,3.16714316505978,3.0629079830501036,3.1270527839660645,61600,0.0,0.0
2011-12-14 00:00:00-05:00,2.5738050105174928,3.127052855821743,2.5738050105174928,3.078944206237793,90500,0.0,0.0
2011-12-15 00:00:00-05:00,2.6058773158286943,3.094980358686569,2.6058773158286943,2.9185826778411865,117100,0.0,0.0
2011-12-16 00:00:00-05:00,2.9346183917242765,2.9346183917242765,2.605876926076417,2.7101120948791504,220000,0.0,0.0
2011-12-19 00:00:00-05:00,2.5417323244538075,2.782274771704586,2.5417323244538075,2.7101120948791504,230500,0.0,0.0
2011-12-20 00:00:00-05:00,2.670022328742776,2.966691582584223,2.670022328742776,2.854438304901123,137200,0.0,0.0
2011-12-21 00:00:00-05:00,2.814347087161666,2.9105641812622833,2.766238635694354,2.8063290119171143,177400,0.0,0.0
2011-12-22 00:00:00-05:00,2.6058771591696197,2.8223654001765843,2.6058771591696197,2.774256944656372,75800,0.0,0.0
2011-12-23 00:00:00-05:00,2.766238635694354,2.814347087161666,2.6379492406155283,2.8063290119171143,94300,0.0,0.0
2011-12-27 00:00:00-05:00,2.7662389278411865,2.814347384389308,2.7421846995671255,2.7662389278411865,41100,0.0,0.0
2011-12-28 00:00:00-05:00,2.8063291887206714,2.830383415969785,2.73416650697333,2.7822749614715576,82300,0.0,0.0
2011-12-29 00:00:00-05:00,2.8303835365720156,2.838401612663369,2.758220851749833,2.7662389278411865,111200,0.0,0.0
2011-12-30 00:00:00-05:00,2.7582208530449157,2.814347385710745,2.726148548664442,2.798311233520508,62600,0.0,0.0
2012-01-03 00:00:00-05:00,2.83038323765077,2.8384013128953223,2.774256710938906,2.8063290119171143,87300,0.0,0.0
2012-01-04 00:00:00-05:00,2.8063293096156263,2.8063293096156263,2.766238929140034,2.798311233520508,30500,0.0,0.0
2012-01-05 00:00:00-05:00,2.782274786183458,2.8223651624062183,2.758220560449802,2.8063290119171143,63000,0.0,0.0
2012-01-06 00:00:00-05:00,2.806328889658649,2.806328889658649,2.7421842904967093,2.790292739868164,27300,0.0,0.0
2012-01-09 00:00:00-05:00,2.774256710938906,2.846419388139874,2.742184409960698,2.8063290119171143,54000,0.0,0.0
2012-01-10 00:00:00-05:00,2.814347332436745,2.86245578809679,2.694076002120624,2.702094078063965,81700,0.0,0.0
2012-01-11 00:00:00-05:00,2.662003698347261,2.7582208008333597,2.662003698347261,2.702094078063965,84900,0.0,0.0
2012-01-12 00:00:00-05:00,2.7341663347161456,2.8384013128953223,2.7020938425719447,2.8063290119171143,35600,0.0,0.0
2012-01-13 00:00:00-05:00,2.79029286142801,2.8223651624062183,2.75020248520525,2.8063290119171143,89400,0.0,0.0
2012-01-17 00:00:00-05:00,2.8063290119171143,2.83038323765077,2.758220560449802,2.8063290119171143,82200,0.0,0.0
2012-01-18 00:00:00-05:00,2.8063293096156263,2.8063293096156263,2.7742570052351527,2.798311233520508,78400,0.0,0.0
2012-01-19 00:00:00-05:00,2.798311107451819,2.830383410387381,2.597859022938554,2.718130350112915,128600,0.0,0.0
2012-01-20 00:00:00-05:00,2.7101121089824898,2.846419388139874,2.6620034663491845,2.8063290119171143,145000,0.0,0.0
2012-01-23 00:00:00-05:00,2.774256710938906,2.8223651624062183,2.774256710938906,2.8063290119171143,88600,0.0,0.0
2012-01-24 00:00:00-05:00,2.774256710938906,2.8223651624062183,2.774256710938906,2.8063290119171143,100700,0.0,0.0
2012-01-25 00:00:00-05:00,2.782274786183458,2.8063290119171143,2.774256710938906,2.8063290119171143,39100,0.0,0.0
2012-01-26 00:00:00-05:00,2.8063291887206714,2.830383415969785,2.7822749614715576,2.7822749614715576,22900,0.0,0.0
2012-01-27 00:00:00-05:00,2.798310936672562,2.814347087161666,2.79029286142801,2.8063290119171143,33100,0.0,0.0
2012-01-30 00:00:00-05:00,2.766238812606831,2.8303834186655616,2.7582207368494895,2.814347267150879,95000,0.0,0.0
2012-01-31 00:00:00-05:00,2.814348058988128,2.966691732406616,2.7662395909084134,2.966691732406616,99900,0.0,0.0
2012-02-01 00:00:00-05:00,2.9346184846115464,3.086961918287257,2.902545991619083,3.0308353900909424,59400,0.0,0.0
2012-02-02 00:00:00-05:00,3.054889343642712,3.2874137022849053,3.054889343642712,3.279395818710327,142000,0.0,0.0
2012-02-03 00:00:00-05:00,3.295432212140013,3.5359744721632316,3.295432212140013,3.3114683628082275,129800,0.0,0.0
2012-02-06 00:00:00-05:00,3.519938214171887,3.5840828148889727,3.295432111662088,3.4958841800689697,78900,0.0,0.0
2012-02-07 00:00:00-05:00,3.519937517492582,3.624172664193222,3.4317389001291816,3.560028076171875,94600,0.0,0.0
2012-02-08 00:00:00-05:00,3.5921000017864846,3.6081361471471975,3.4878648657759186,3.5439915657043457,60200,0.0,0.0
2012-02-09 00:00:00-05:00,3.58408271497299,3.6161553967693987,3.511920232343982,3.6081371307373047,83000,0.0,0.0
2012-02-10 00:00:00-05:00,3.624173768449211,3.9689512252807617,3.519938589988968,3.9689512252807617,185300,0.0,0.0
2012-02-13 00:00:00-05:00,4.001023881094241,4.001023881094241,3.832644462585449,3.832644462585449,103900,0.0,0.0
2012-02-14 00:00:00-05:00,3.8166069774290707,3.8166069774290707,3.6482272353464986,3.712371826171875,98600,0.0,0.0
2012-02-15 00:00:00-05:00,3.7925538106791747,3.832644384282034,3.351559030375904,3.3756134510040283,178600,0.0,0.0
2012-02-16 00:00:00-05:00,3.415703251607913,3.447775550299183,2.942636272413738,3.038853168487549,535400,0.0,0.0
2012-02-17 00:00:00-05:00,3.062908234497828,3.239306116957477,3.0067816963589498,3.022817850112915,334200,0.0,0.0
2012-02-21 00:00:00-05:00,3.0067812233632294,3.207233304920778,2.9827269965162437,3.1591248512268066,207600,0.0,0.0
2012-02-22 00:00:00-05:00,3.151106955696529,3.2152517554536937,3.030835623422107,3.1992154121398926,796300,0.0,0.0
2012-02-23 00:00:00-05:00,3.183178663253784,3.215251152702866,3.135070215829127,3.183178663253784,184500,0.0,0.0
2012-02-24 00:00:00-05:00,3.1591250303901806,3.1992154107421347,2.9987633178163517,3.1671431064605713,213400,0.0,0.0
2012-02-27 00:00:00-05:00,3.167142564857009,3.2152512042184522,3.0067808797061515,3.1430883407592773,218200,0.0,0.0
2012-02-28 00:00:00-05:00,3.1831786481571367,3.1831786481571367,2.998762742737924,3.1190340518951416,436200,0.0,0.0
2012-02-29 00:00:00-05:00,3.086961867614771,3.2072331886557603,3.006781114364775,3.1029980182647705,420700,0.0,0.0
2012-03-01 00:00:00-05:00,3.0869615625981677,3.1430882754933895,3.0067808172706734,3.1190340518951416,449400,0.0,0.0
2012-03-02 00:00:00-05:00,3.0789437191175697,3.167142736762479,3.006781042907545,3.014799118041992,462600,0.0,0.0
2012-03-05 00:00:00-05:00,3.0308355654090064,3.119034591699639,2.934618654363963,2.9747090339660645,448100,0.0,0.0
2012-03-06 00:00:00-05:00,2.934618830645312,2.9666911362535635,2.7822751878400975,2.9185826778411865,506100,0.0,0.0
2012-03-07 00:00:00-05:00,3.0228174894885864,3.1029982486927894,2.886510007675432,2.9747090339660645,627600,0.0,0.0
2012-03-08 00:00:00-05:00,3.078944206237793,3.191197467045649,3.0308357478198635,3.078944206237793,304500,0.0,0.0
2012-03-09 00:00:00-05:00,3.1029977116636664,3.151106350026139,2.998762742737924,3.1190340518951416,340400,0.0,0.0
2012-03-12 00:00:00-04:00,3.159124727492951,3.271377781715587,3.0629076327075544,3.2152514457702637,576000,0.0,0.0
2012-03-13 00:00:00-04:00,3.263359909010404,3.2874139438335135,3.0949799447546837,3.207233190536499,659500,0.0,0.0
2012-03-14 00:00:00-04:00,3.2553416425147077,3.2713777931741106,3.0709257187655794,3.207233190536499,592900,0.0,0.0
2012-03-15 00:00:00-04:00,3.207232886966113,3.2312873018444184,3.1110159921167986,3.183178663253784,389200,0.0,0.0
2012-03-16 00:00:00-04:00,3.207233056605077,3.207233056605077,3.054889440536499,3.054889440536499,901000,0.0,0.0
2012-03-19 00:00:00-04:00,3.102998015822972,3.1751608848571777,3.0629076392295222,3.1751608848571777,261900,0.0,0.0
2012-03-20 00:00:00-04:00,3.1591246711516607,3.2072331221033736,3.0869618035581006,3.151106595993042,274100,0.0,0.0
2012-03-21 00:00:00-04:00,3.1831789645473947,3.207233190536499,3.102998020084385,3.207233190536499,250000,0.0,0.0
2012-03-22 00:00:00-04:00,3.199214999051116,3.255341524321209,3.135070398742438,3.22326922416687,307600,0.0,0.0
2012-03-23 00:00:00-04:00,3.2312881932053426,3.295432807466044,3.1110168503004973,3.2633605003356934,184800,0.0,0.0
2012-03-26 00:00:00-04:00,3.295432212140013,3.343540664144657,3.263359910803584,3.3114683628082275,269600,0.0,0.0
2012-03-27 00:00:00-04:00,3.32750453319104,3.3996670204595545,3.2793960809013663,3.3675947189331055,781500,0.0,0.0
2012-03-28 00:00:00-04:00,3.3515585732371926,3.5119204634438868,3.327504538221984,3.5039021968841553,341200,0.0,0.0
2012-03-29 00:00:00-04:00,3.49588538594957,3.511921541660398,3.3114694041089887,3.4878671169281006,447600,0.0,0.0
2012-03-30 00:00:00-04:00,3.5119208102145527,3.535974847604882,3.4557940857504006,3.527956962585449,296700,0.0,0.0
2012-04-02 00:00:00-04:00,3.527956726496625,3.527956726496625,3.3996671337824895,3.4237215518951416,392900,0.0,0.0
2012-04-03 00:00:00-04:00,3.3916494734870866,3.5039025399913597,3.303450444353428,3.4317400455474854,263600,0.0,0.0
2012-04-04 00:00:00-04:00,3.391648996855308,3.4638118634900943,3.303449980116344,3.3275043964385986,163100,0.0,0.0
2012-04-05 00:00:00-04:00,3.351559262154736,3.4638127230728704,3.3435413762789103,3.43975830078125,234500,0.0,0.0
2012-04-09 00:00:00-04:00,3.375613684446357,3.48786676303242,3.351559262154736,3.43975830078125,288300,0.0,0.0
2012-04-10 00:00:00-04:00,3.4397575726218115,3.4397575726218115,3.2713777992208564,3.343540668487549,232000,0.0,0.0
2012-04-11 00:00:00-04:00,3.35957731081058,3.3916496168820665,3.2393059718764836,3.3355228900909424,258400,0.0,0.0
2012-04-12 00:00:00-04:00,3.327504764979466,3.3675949535141467,3.2393057384719373,3.303450345993042,194600,0.0,0.0
2012-04-13 00:00:00-04:00,3.3194863635400442,3.3194863635400442,3.1270525487641594,3.1591248512268066,216800,0.0,0.0
2012-04-16 00:00:00-04:00,3.183179319101922,3.2152518151590783,3.070926060816915,3.191197395324707,176600,0.0,0.0
2012-04-17 00:00:00-04:00,3.1751607792829257,3.399666880741408,3.1350704040224824,3.3275043964385986,166000,0.0,0.0
2012-04-18 00:00:00-04:00,3.2874137022849053,3.3996667486527317,3.223269104360433,3.279395818710327,180000,0.0,0.0
2012-04-19 00:00:00-04:00,3.2874138736895615,3.423721342552072,3.1270523705171858,3.151106595993042,203300,0.0,0.0
2012-04-20 00:00:00-04:00,3.183179258601353,3.2473240583304923,3.1110165739678357,3.1671431064605713,125900,0.0,0.0
2012-04-23 00:00:00-04:00,3.135070803548741,3.1992154121398926,3.046871775569895,3.1992154121398926,108100,0.0,0.0
2012-04-24 00:00:00-04:00,3.1751607739353616,3.319486124629887,3.143088473781023,3.22326922416687,133500,0.0,0.0
2012-04-25 00:00:00-04:00,3.271378397161129,3.3114689723774617,3.223269936300767,3.28741455078125,119000,0.0,0.0
2012-04-26 00:00:00-04:00,3.303450108938277,3.4397575813052432,3.303450108938277,3.4076852798461914,122600,0.0,0.0
2012-04-27 00:00:00-04:00,3.415703667412261,3.431739818710027,3.3114684928107776,3.4237215518951416,66300,0.0,0.0
2012-04-30 00:00:00-04:00,3.4076850307168183,3.487865778502586,3.3756127316025113,3.415703296661377,139000,0.0,0.0
2012-05-01 00:00:00-04:00,3.407685756158027,3.487866521012984,3.391649603187036,3.471830368041992,378700,0.0,0.0
2012-05-02 00:00:00-04:00,3.4477754973535926,3.4718295298366812,3.391648784339797,3.4557933807373047,75000,0.0,0.0
2012-05-03 00:00:00-04:00,3.423720967043499,3.5600284209560122,3.3836304044814867,3.5119199752807617,160100,0.0,0.0
2012-05-04 00:00:00-04:00,3.503902797817108,3.5359751048925734,3.3916497230529785,3.3916497230529785,87700,0.0,0.0
2012-05-07 00:00:00-04:00,3.39164912055468,3.4557937233108555,3.343540668487549,3.343540668487549,83000,0.0,0.0
2012-05-08 00:00:00-04:00,3.3595766966906893,3.3756128467950752,3.2312874958556006,3.2553415298461914,93600,0.0,0.0
2012-05-09 00:00:00-04:00,3.2232696403615746,3.2393057925093625,3.151106955696529,3.1992154121398926,106000,0.0,0.0
2012-05-10 00:00:00-04:00,3.2232690361076655,3.2232690361076655,3.1430882903999033,3.183178663253784,130400,0.0,0.0
2012-05-11 00:00:00-04:00,3.1751607793242607,3.2874138300549633,3.1430884791154887,3.2553415298461914,77000,0.0,0.0
2012-05-14 00:00:00-04:00,3.2312876032540028,3.271377788681458,3.1751608848571777,3.1751608848571777,91000,0.0,0.0
2012-05-15 00:00:00-04:00,3.175161183918211,3.2232696403615746,3.159125031770423,3.1992154121398926,77000,0.0,0.0
2012-05-16 00:00:00-04:00,3.199215173811114,3.2072332492876936,3.062907699543268,3.094980001449585,95400,0.0,0.0
2012-05-17 00:00:00-04:00,3.062907744647608,3.0709258202422616,2.9586727619171143,2.9586727619171143,122300,0.0,0.0
2012-05-18 00:00:00-04:00,2.974708672478796,2.974708672478796,2.886509656906128,2.886509656906128,86000,0.0,0.0
2012-05-21 00:00:00-04:00,2.8945280300537304,2.950654751624466,2.8544376511932086,2.8784918785095215,111800,0.0,0.0
2012-05-22 00:00:00-04:00,3.014799287679507,3.014799287679507,2.8784918115581295,2.926600456237793,159000,0.0,0.0
2012-05-23 00:00:00-04:00,2.918582442084409,2.9586728208563087,2.8945280236552633,2.9506547451019287,48000,0.0,0.0
2012-05-24 00:00:00-04:00,2.9666904752966685,2.9666904752966685,2.862455314126661,2.942636251449585,67400,0.0,0.0
2012-05-25 00:00:00-04:00,2.9426369070473752,2.9747092126556263,2.8865101810669143,2.9185826778411865,61900,0.0,0.0
2012-05-29 00:00:00-04:00,2.9506545870897782,3.1671428120307623,2.91056421046478,3.1029980182647705,147300,0.0,0.0
2012-05-30 00:00:00-04:00,3.086962282284506,3.086962282284506,2.8945282574689775,2.9185826778411865,120500,0.0,0.0
2012-05-31 00:00:00-04:00,2.950654682994624,2.990745060922676,2.8945279627293505,2.926600456237793,32700,0.0,0.0
2012-06-01 00:00:00-04:00,2.9105641812622833,2.9506545574850436,2.8063290119171143,2.8063290119171143,86500,0.0,0.0
2012-06-04 00:00:00-04:00,2.8063291260309695,2.8945279573074743,2.742184521466239,2.758220672607422,117200,0.0,0.0
2012-06-05 00:00:00-04:00,2.7261482452848025,2.7983109221102387,2.694075753307506,2.7101120948791504,46000,0.0,0.0
2012-06-06 00:00:00-04:00,2.718130294754465,2.8223652771721524,2.718130294754465,2.758220672607422,137400,0.0,0.0
2012-06-07 00:00:00-04:00,2.7742570738141117,2.7983113026940813,2.6058772804883046,2.621913433074951,629300,0.0,0.0
2012-06-08 00:00:00-04:00,2.5978586504818644,2.8704733775151916,2.5657863521445288,2.8384010791778564,196600,0.0,0.0
2012-06-11 00:00:00-04:00,2.838401684160698,2.894528218213961,2.6138953567816277,2.621913433074951,260300,0.0,0.0
2012-06-12 00:00:00-04:00,2.662003637678621,2.790293041014291,2.6379494103968084,2.678039789199829,152700,0.0,0.0
2012-06-13 00:00:00-04:00,2.662003571277298,2.7261483669281006,2.6299312690348966,2.7261483669281006,306800,0.0,0.0
2012-06-14 00:00:00-04:00,2.7261484855248908,2.934618650335664,2.6860579148118116,2.910564422607422,237400,0.0,0.0
2012-06-15 00:00:00-04:00,2.9185822834931012,3.1751608848571777,2.8945278663710363,3.1751608848571777,389400,0.0,0.0
2012-06-18 00:00:00-04:00,3.1029975314283864,3.2312870988327265,3.0228167907581303,3.111015796661377,423200,0.0,0.0
2012-06-19 00:00:00-04:00,3.1029983080871526,3.2553419446571503,3.0789440798654706,3.1992154121398926,218900,0.0,0.0
2012-06-20 00:00:00-04:00,3.231287658838347,3.231287658838347,2.966690786438012,3.0308353900909424,453500,0.0,0.0
2012-06-21 00:00:00-04:00,3.014799595013887,3.127052855821743,2.9666911365959576,3.078944206237793,531300,0.0,0.0
2012-06-22 00:00:00-04:00,3.167142561625607,3.2072329350809228,2.9586724284919863,3.07092547416687,8269600,0.0,0.0
2012-06-25 00:00:00-04:00,3.014799065562133,3.0709255905262456,2.830383149514062,3.054889440536499,582800,0.0,0.0
2012-06-26 00:00:00-04:00,3.0548897951998697,3.0949801748286063,2.93461865631366,3.0067813396453857,278800,0.0,0.0
2012-06-27 00:00:00-04:00,2.9987632637196384,3.086962098902859,2.942636732239407,3.0067813396453857,398500,0.0,0.0
2012-06-28 00:00:00-04:00,2.9747085778741127,3.078943548857933,2.9586724284919863,3.07092547416687,239000,0.0,0.0
2012-06-29 00:00:00-04:00,3.1350705082637274,3.191197035494558,3.0629076392295222,3.1751608848571777,364500,0.0,0.0
2012-07-02 00:00:00-04:00,3.151106663228589,3.207233190536499,3.0709257187655794,3.207233190536499,309500,0.0,0.0
2012-07-03 00:00:00-04:00,3.191196971786136,3.2072331221033736,3.1430885208344232,3.151106595993042,103800,0.0,0.0
2012-07-05 00:00:00-04:00,3.1591242410635307,3.2072326854656845,3.0869613832943354,3.111015796661377,110800,0.0,0.0
2012-07-06 00:00:00-04:00,3.070925467178819,3.070925467178819,2.9747085711050083,3.038853168487549,106500,0.0,0.0
2012-07-09 00:00:00-04:00,3.0308359269898975,3.0709263113748104,2.9907455426049845,3.022817850112915,122900,0.0,0.0
2012-07-10 00:00:00-04:00,3.0468715448368586,3.0709257712369658,2.9907450165699427,3.0629076957702637,194100,0.0,0.0
2012-07-11 00:00:00-04:00,3.0548897951998697,3.0548897951998697,2.990745187793891,3.0067813396453857,96500,0.0,0.0
2012-07-12 00:00:00-04:00,3.0067808483751417,3.03885314683792,2.942636251449585,2.942636251449585,137600,0.0,0.0
2012-07-13 00:00:00-04:00,2.942636088375012,3.022816830088513,2.790292487953392,2.998762607574463,254700,0.0,0.0
2012-07-16 00:00:00-04:00,2.9827273018337195,2.9827273018337195,2.830383658375965,2.8464198112487793,239000,0.0,0.0
2012-07-17 00:00:00-04:00,2.8865093780095936,3.006780681745813,2.846419007152843,2.998762607574463,159000,0.0,0.0
2012-07-18 00:00:00-04:00,3.0067811637210937,3.0709257673740242,2.966690786438012,3.0308353900909424,129900,0.0,0.0
2012-07-19 00:00:00-04:00,3.0228176710680037,3.0308357474700665,2.8865101810669143,2.9185826778411865,96100,0.0,0.0
2012-07-20 00:00:00-04:00,2.8945278396071865,2.8945278396071865,2.8063290119171143,2.8063290119171143,157500,0.0,0.0
2012-07-23 00:00:00-04:00,2.790292846907412,2.790292846907412,2.694075753307506,2.7101120948791504,164100,0.0,0.0
2012-07-24 00:00:00-04:00,2.7101123938993634,2.7502027743368664,2.686057974470849,2.7341666221618652,125600,0.0,0.0
2012-07-25 00:00:00-04:00,2.7582204924204494,2.7902927926076195,2.7261481922332798,2.7502024173736572,83200,0.0,0.0
2012-07-26 00:00:00-04:00,2.79029286142801,2.8063290119171143,2.75020248520525,2.8063290119171143,93600,0.0,0.0
2012-07-27 00:00:00-04:00,2.806329093126732,3.111016343568742,2.774256791220415,3.094980001449585,171900,0.0,0.0
2012-07-30 00:00:00-04:00,3.0869621569241423,3.0869621569241423,2.9346187114715576,2.9346187114715576,53800,0.0,0.0
2012-07-31 00:00:00-04:00,3.0709257673740242,3.1029980692004893,2.9346184846115464,3.0308353900909424,193100,0.0,0.0
2012-08-01 00:00:00-04:00,3.0869624240302933,3.12705299904749,2.8624560832977295,2.8624560832977295,188300,0.0,0.0
2012-08-02 00:00:00-04:00,2.854437647099124,2.926600520110566,2.678039789199829,2.678039789199829,218000,0.0,0.0
2012-08-03 00:00:00-04:00,2.7101125118298603,2.902546346303628,2.7101125118298603,2.8464198112487793,158700,0.0,0.0
2012-08-06 00:00:00-04:00,2.862455779914171,2.982727109886485,2.862455779914171,2.9747090339660645,232100,0.0,0.0
2012-08-07 00:00:00-04:00,2.9987632637196384,3.0709259470513643,2.966690960016649,3.0067813396453857,136400,0.0,0.0
2012-08-08 00:00:00-04:00,2.9987633200831723,3.0308356243889794,2.886510063846834,2.9346187114715576,98100,0.0,0.0
2012-08-09 00:00:00-04:00,2.9346184805332576,3.119034406945145,2.8464194594670515,2.8945279121398926,145700,0.0,0.0
2012-08-10 00:00:00-04:00,2.8865103136084294,2.894528390378663,2.838401852987029,2.8624560832977295,102700,0.0,0.0
2012-08-13 00:00:00-04:00,2.8704737375054172,2.9105643066208797,2.7742568304267112,2.8223652839660645,153600,0.0,0.0
2012-08-14 00:00:00-04:00,2.830383167841582,2.862455468028752,2.7421843423268646,2.7502024173736572,155000,0.0,0.0
2012-08-15 00:00:00-04:00,2.7582210852846956,2.8624560832977295,2.7421849317442284,2.8624560832977295,112800,0.0,0.0
2012-08-16 00:00:00-04:00,2.8464193441460415,3.0067810377245485,2.750202442698531,2.982726812362671,282600,0.0,0.0
2012-08-17 00:00:00-04:00,2.942636732239407,3.0067813396453857,2.894528085518914,3.0067813396453857,149100,0.0,0.0
2012-08-20 00:00:00-04:00,3.0067810377245485,3.0067810377245485,2.8784916446285447,2.982726812362671,288900,0.0,0.0
2012-08-21 00:00:00-04:00,2.9907451858069054,3.014799413568166,2.950654806204804,2.9747090339660645,137200,0.0,0.0
2012-08-22 00:00:00-04:00,2.9666908375117678,3.0067812154850344,2.8784918148045793,2.9586727619171143,89800,0.0,0.0
2012-08-23 00:00:00-04:00,2.950654219133678,3.006780739409517,2.9346180704834386,2.9907445907592773,59600,0.0,0.0
2012-08-24 00:00:00-04:00,2.974708696080329,3.0869617462158203,2.974708696080329,3.0869617462158203,150500,0.0,0.0
2012-08-27 00:00:00-04:00,3.1110161624108414,3.1190342374205193,3.0629075211867867,3.0869617462158203,72400,0.0,0.0
2012-08-28 00:00:00-04:00,3.070926002449869,3.1671431064605713,3.0548898503090873,3.1671431064605713,111300,0.0,0.0
2012-08-29 00:00:00-04:00,3.1591250303901806,3.1671431064605713,3.102998306731432,3.1671431064605713,245800,0.0,0.0
2012-08-30 00:00:00-04:00,3.159124606635838,3.159124606635838,3.0468713655416257,3.054889440536499,71300,0.0,0.0
2012-08-31 00:00:00-04:00,3.094979997637073,3.094979997637073,2.9666907901698356,3.0629076957702637,93600,0.0,0.0
2012-09-04 00:00:00-04:00,3.062907699543268,3.1831790228579555,2.9506546428711578,3.094980001449585,184200,0.0,0.0
2012-09-05 00:00:00-04:00,3.12705256391516,3.3836309848594976,3.0949800701311148,3.319486379623413,647400,0.0,0.0
2012-09-06 00:00:00-04:00,3.351558901426688,3.4477761979052386,3.3194865967111813,3.4317400455474854,319900,0.0,0.0
2012-09-07 00:00:00-04:00,3.4317398211185663,3.4557938569160953,3.287414077005371,3.319486379623413,194800,0.0,0.0
2012-09-10 00:00:00-04:00,3.335522071326002,3.4638116464529696,3.32750418794229,3.4557933807373047,247100,0.0,0.0
2012-09-11 00:00:00-04:00,3.4397575885336122,3.5279566088973437,3.3675947189331055,3.3675947189331055,240600,0.0,0.0
2012-09-12 00:00:00-04:00,3.3595768276576137,3.4076852798461914,3.29543222473951,3.4076852798461914,217700,0.0,0.0
2012-09-13 00:00:00-04:00,3.399667358499948,3.5039025399913597,3.351558901426688,3.4317400455474854,495600,0.0,0.0
2012-09-14 00:00:00-04:00,3.4798492302387416,3.5279576973712263,3.4397586497956154,3.4878671169281006,307700,0.0,0.0
2012-09-17 00:00:00-04:00,3.4638120110814765,3.592101217381237,3.4477758602940063,3.5039021968841553,316500,0.0,0.0
2012-09-18 00:00:00-04:00,3.511920232343982,3.6081371307373047,3.5039019663118878,3.6081371307373047,286500,0.0,0.0
2012-09-19 00:00:00-04:00,3.6081360583955933,3.632190467010913,3.543991478530546,3.5840816497802734,781600,0.0,0.0
2012-09-20 00:00:00-04:00,3.568045958508592,3.6482270758671786,3.5439919291665385,3.560028076171875,266400,0.0,0.0
2012-09-21 00:00:00-04:00,3.6001182525192656,3.688317252214569,3.519937517492582,3.560028076171875,5279900,0.0,0.0
2012-09-24 00:00:00-04:00,3.5600291618794335,3.6562460732548727,3.463812250503994,3.568047046661377,461800,0.0,0.0
2012-09-25 00:00:00-04:00,3.576065192808613,3.65624594957589,3.5520107746124268,3.5520107746124268,319600,0.0,0.0
2012-09-26 00:00:00-04:00,3.5520105310219767,3.624173398329731,3.4798480460462033,3.5199382305145264,255300,0.0,0.0
2012-09-27 00:00:00-04:00,3.543992777140007,3.640209682193909,3.519938359710534,3.600119113922119,271700,0.0,0.0
2012-09-28 00:00:00-04:00,3.5760638564257716,3.6001178833009093,3.5359733018580575,3.5439915657043457,246900,0.0,0.0
2012-10-01 00:00:00-04:00,3.576065419698138,3.6642644489040825,3.5119208102145527,3.527956962585449,171500,0.0,0.0
2012-10-02 00:00:00-04:00,3.5439928901017024,3.5600290414551576,3.5039023205520605,3.5520107746124268,150900,0.0,0.0
2012-10-03 00:00:00-04:00,3.5520106461503285,3.6161556315762877,3.5520106461503285,3.5760650634765625,282000,0.0,0.0
2012-10-04 00:00:00-04:00,3.6001193424372726,3.640209913253784,3.5760653058129805,3.640209913253784,114300,0.0,0.0
2012-10-05 00:00:00-04:00,3.648227814149785,3.6562456981090605,3.576064946856402,3.5921010971069336,166400,0.0,0.0
2012-10-08 00:00:00-04:00,3.576065192808613,3.576065192808613,3.5279567387482467,3.5520107746124268,65900,0.0,0.0
2012-10-09 00:00:00-04:00,3.543993247577476,3.543993247577476,3.431740176780537,3.471830368041992,149600,0.0,0.0
2012-10-10 00:00:00-04:00,3.463813074527913,3.511921541660398,3.4317407631062564,3.4878671169281006,161900,0.0,0.0
2012-10-11 00:00:00-04:00,3.5279568403023718,3.5279568403023718,3.455793965968572,3.4798483848571777,157000,0.0,0.0
2012-10-12 00:00:00-04:00,3.4878663876336065,3.5039025399913597,3.4157038931897317,3.4317400455474854,143800,0.0,0.0
2012-10-15 00:00:00-04:00,3.4477752496054297,3.4878654283071193,3.4157029537113077,3.4638113975524902,114500,0.0,0.0
2012-10-16 00:00:00-04:00,3.49588538594957,3.511921541660398,3.4397586497956154,3.4878671169281006,122600,0.0,0.0
2012-10-17 00:00:00-04:00,3.511919635155865,3.5600280761718754,3.463811194139855,3.560028076171875,137600,0.0,0.0
2012-10-18 00:00:00-04:00,3.5600287973148297,3.568046681275702,3.503902080260801,3.5199382305145264,142000,0.0,0.0
2012-10-19 00:00:00-04:00,3.4958842928491105,3.5119204435457214,3.4076852728517544,3.4477758407592773,195400,0.0,0.0
2012-10-22 00:00:00-04:00,3.423720816697648,3.455793112406091,3.3515579601876895,3.3595762252807617,196200,0.0,0.0
2012-10-23 00:00:00-04:00,3.3435407977529477,3.3675948335504766,3.3114684951349056,3.319486379623413,145200,0.0,0.0
2012-10-24 00:00:00-04:00,3.3515585681698807,3.3675947189331055,3.2874139651169823,3.3675947189331055,105400,0.0,0.0
2012-10-25 00:00:00-04:00,3.3756128467511304,3.399666880741408,3.263359796021889,3.3275043964385986,239500,0.0,0.0
2012-10-26 00:00:00-04:00,3.335522647797202,3.335522647797202,3.25534188844285,3.2713780403137207,60800,0.0,0.0
2012-10-31 00:00:00-04:00,3.3034498882446557,3.4076850521889304,3.2232691399536626,3.3996667861938477,129600,0.0,0.0
2012-11-01 00:00:00-04:00,3.44777561750041,3.5199380997963208,3.351558337219252,3.3996667861938477,171600,0.0,0.0
2012-11-02 00:00:00-04:00,3.463812350262992,3.5119208073362516,3.399667358499948,3.4317400455474854,179900,0.0,0.0
2012-11-05 00:00:00-05:00,3.4397586497956154,3.519939428349757,3.415704607395428,3.4878671169281006,152200,0.0,0.0
2012-11-06 00:00:00-05:00,3.519938327728031,3.5520106291212534,3.4397575742449766,3.4477758407592773,357900,0.0,0.0
2012-11-07 00:00:00-05:00,3.3916491291166655,3.479848149295054,3.287413958208751,3.4076852798461914,279300,0.0,0.0
2012-11-08 00:00:00-05:00,3.407684668843426,3.415702933936499,3.3275039295723188,3.3595762252807617,161800,0.0,0.0
2012-11-09 00:00:00-05:00,3.3275051259975825,3.367595318881854,3.271378397161129,3.28741455078125,108400,0.0,0.0
2012-11-12 00:00:00-05:00,3.2874139323188207,3.3034500829220548,3.1992151040010355,3.2152514457702637,121200,0.0,0.0
2012-11-13 00:00:00-05:00,3.2232696403615746,3.2553419446571503,3.167143107844317,3.1992154121398926,105000,0.0,0.0
2012-11-14 00:00:00-05:00,3.215251373192801,3.215251373192801,2.982726812362671,2.982726812362671,271200,0.0,0.0
2012-11-15 00:00:00-05:00,2.9747089131064213,3.014799291079688,2.8704737392099258,2.9586727619171143,412500,0.0,0.0
2012-11-16 00:00:00-05:00,2.950654635524779,3.0388534655475588,2.894527916162467,3.0308353900909424,176700,0.0,0.0
2012-11-19 00:00:00-05:00,3.0869618694249823,3.2152514570321955,3.046871492776475,3.207233190536499,160400,0.0,0.0
2012-11-20 00:00:00-05:00,3.191197267392718,3.2633601416708604,3.143088811984629,3.247323989868164,195200,0.0,0.0
2012-11-21 00:00:00-05:00,3.263359910803584,3.327504513476442,3.1751608909624087,3.3114683628082275,131100,0.0,0.0
2012-11-23 00:00:00-05:00,3.327504748881646,3.327504748881646,3.199215343294066,3.247323989868164,96300,0.0,0.0
2012-11-26 00:00:00-05:00,3.2393056230783075,3.319486379623413,3.183179093496734,3.319486379623413,385800,0.0,0.0
2012-11-27 00:00:00-05:00,3.3034500944929164,3.3275045116480158,3.1992151152067976,3.207233190536499,233800,0.0,0.0
2012-11-28 00:00:00-05:00,3.1992148801387557,3.279395818710327,3.1751606559170784,3.279395818710327,535400,0.0,0.0
2012-11-29 00:00:00-05:00,3.3194868580214916,3.3194868580214916,3.2633605115170994,3.28741455078125,127800,0.0,0.0
2012-11-30 00:00:00-05:00,3.3034503300115925,3.319486481814289,3.2072334191954144,3.247323989868164,176000,0.0,0.0
2012-12-03 00:00:00-05:00,3.3034498674293387,3.4397573298311253,3.3034498674293387,3.415703296661377,447500,0.0,0.0
2012-12-04 00:00:00-05:00,3.4317396900626664,3.4477758407592773,3.3435406700653107,3.4477758407592773,474100,0.0,0.0
2012-12-05 00:00:00-05:00,3.4557944548649733,3.4557944548649733,3.39164983853008,3.43975830078125,206800,0.0,0.0
2012-12-06 00:00:00-05:00,3.447776568989147,3.48786676303242,3.3836315703221826,3.43975830078125,129600,0.0,0.0
2012-12-07 00:00:00-05:00,3.4718300057884406,3.479848272603326,3.375613098001843,3.4237215518951416,128900,0.0,0.0
2012-12-10 00:00:00-05:00,3.4237208365188754,3.4638113975524907,3.3515579795911385,3.4638113975524902,168400,0.0,0.0
2012-12-11 00:00:00-05:00,3.4798487370973845,3.624174118041992,3.4157041233442254,3.624174118041992,255600,0.0,0.0
2012-12-12 00:00:00-05:00,3.624173498421998,3.624173498421998,3.4237214235483653,3.4477758407592773,258500,0.0,0.0
2012-12-13 00:00:00-05:00,3.4557942158777015,3.5279570954300303,3.335522877401169,3.3756134510040283,204400,0.0,0.0
2012-12-14 00:00:00-05:00,3.343540540991941,3.3515584248647303,3.2473236405266133,3.2954320907592773,329400,0.0,0.0
2012-12-17 00:00:00-05:00,3.3194861302205214,3.399666880741408,3.3194861302205214,3.3275043964385986,515500,0.0,0.0
2012-12-18 00:00:00-05:00,3.351558337219252,3.4076850521889304,3.25534143927006,3.3996667861938477,696900,0.0,0.0
2012-12-19 00:00:00-05:00,3.407685510523378,3.5199385732288304,3.375613206893249,3.4798483848571777,404000,0.0,0.0
2012-12-20 00:00:00-05:00,3.479847678163928,3.5279561238391786,3.4557932641603326,3.5119199752807617,258400,0.0,0.0
2012-12-21 00:00:00-05:00,3.495883960473843,3.6321914196014404,3.471829545549933,3.6321914196014404,1321200,0.0,0.0
2012-12-24 00:00:00-05:00,3.62417376946306,3.6482281884729293,3.5359747428695636,3.568047046661377,154000,0.0,0.0
2012-12-26 00:00:00-05:00,3.5840828315294275,3.5840828315294275,3.4798480460462033,3.5199382305145264,309500,0.0,0.0
2012-12-27 00:00:00-05:00,3.5279566142313565,3.5520106492465655,3.4237214429468046,3.5039021968841553,433700,0.0,0.0
2012-12-28 00:00:00-05:00,3.4878655612771663,3.5359740069524173,3.4718294127187495,3.5119199752807617,153200,0.0,0.0
2012-12-31 00:00:00-05:00,3.527955477823757,3.7043530796656032,3.4958831865797846,3.672280788421631,432700,0.0,0.0
2013-01-02 00:00:00-05:00,3.728409654223493,3.7925542739580065,3.6642650344889787,3.6803011894226074,555400,0.0,0.0
2013-01-03 00:00:00-05:00,3.7123719508410122,3.7123719508410122,3.640209092573126,3.6883175373077393,295100,0.0,0.0
2013-01-04 00:00:00-05:00,3.7123719508410122,3.768498278532095,3.6802996543512703,3.6883175373077393,901000,0.0,0.0
2013-01-07 00:00:00-05:00,3.7043533565949214,3.7845340906989873,3.696335474350464,3.768497943878174,566700,0.0,0.0
2013-01-08 00:00:00-05:00,3.7685002052506698,3.840663100413231,3.7364278923633374,3.784536361694336,1144600,0.0,0.0
2013-01-09 00:00:00-05:00,3.808588502096156,3.888769236200222,3.7604800616337166,3.768497943878174,887700,0.0,0.0
2013-01-10 00:00:00-05:00,3.7925530654118425,3.888769964352852,3.7604807657648394,3.848679780960083,449900,0.0,0.0
2013-01-11 00:00:00-05:00,3.8647159307835848,3.8807520806070865,3.8005709491576085,3.848679780960083,841200,0.0,0.0
2013-01-14 00:00:00-05:00,3.848679314046188,3.9048056404533273,3.8246249010631828,3.880751609802246,573300,0.0,0.0
2013-01-15 00:00:00-05:00,3.864716297407215,3.9529149386373916,3.824625727879312,3.928860902786255,294200,0.0,0.0
2013-01-16 00:00:00-05:00,3.9288605539149772,4.009041303518962,3.8967882540733836,3.976969003677368,448700,0.0,0.0
2013-01-17 00:00:00-05:00,3.976969492392482,4.001023529063603,3.864716429152538,3.9689512252807617,240100,0.0,0.0
2013-01-18 00:00:00-05:00,3.960932608507354,3.984986640733209,3.816607268156379,3.9448964595794678,320400,0.0,0.0
2013-01-22 00:00:00-05:00,3.9368776178516547,4.001022204176684,3.9128235891457153,3.993004322052002,276800,0.0,0.0
2013-01-23 00:00:00-05:00,3.9689513449547604,4.001023649704663,3.9208428878299064,3.984987497329712,477600,0.0,0.0
2013-01-24 00:00:00-05:00,3.9849871415980664,4.081204429590685,3.9609331063489095,4.001023292541504,976000,0.0,0.0
2013-01-25 00:00:00-05:00,4.009040607413703,4.081203460693359,3.9689500484068034,4.081203460693359,359400,0.0,0.0
2013-01-28 00:00:00-05:00,4.073186031194997,4.153366783318523,4.033095846299226,4.097240447998047,623100,0.0,0.0
2013-01-29 00:00:00-05:00,4.097241292588473,4.1453497537794926,4.073186870826932,4.137331485748291,360300,0.0,0.0
2013-01-30 00:00:00-05:00,4.145348185496711,4.177420480823686,4.049131299515785,4.089221477508545,679000,0.0,0.0
2013-01-31 00:00:00-05:00,4.065168502980437,4.121294843213756,3.9930056285867193,4.113276958465576,884100,0.0,0.0
2013-02-01 00:00:00-05:00,4.15336691759329,4.3137288093566895,4.13733076665015,4.3137288093566895,830000,0.0,0.0
2013-02-04 00:00:00-05:00,4.273638255804963,4.369855161800888,4.249584220471982,4.337782859802246,1086300,0.0,0.0
2013-02-05 00:00:00-05:00,4.321747626542695,4.442018975743684,4.209494545710075,4.417964935302734,854100,0.0,0.0
2013-02-06 00:00:00-05:00,4.369855169108613,4.409945737839957,4.249584227578576,4.401927471160889,1018200,0.0,0.0
2013-02-07 00:00:00-05:00,4.3458014852741265,4.393909942244109,4.297693028304144,4.353819370269775,385700,0.0,0.0
2013-02-08 00:00:00-05:00,4.3538184121185415,4.450035687215859,4.297692082504713,4.433999538421631,796600,0.0,0.0
2013-02-11 00:00:00-05:00,4.433999387963322,4.433999387963322,4.273637523130627,4.281655788421631,555500,0.0,0.0
2013-02-12 00:00:00-05:00,4.297692795691972,4.385891437530518,4.2816566442366,4.385891437530518,389100,0.0,0.0
2013-02-13 00:00:00-05:00,4.401927827239758,4.498145123511755,4.313729180627472,4.353819370269775,1220300,0.0,0.0
2013-02-14 00:00:00-05:00,4.337783780947355,4.425982821339025,4.265621277292425,4.417964935302734,437900,0.0,0.0
2013-02-15 00:00:00-05:00,4.466072565067229,4.570307358079392,4.409945843959136,4.530217170715332,680600,0.0,0.0
2013-02-19 00:00:00-05:00,4.530217412563135,4.626434326171875,4.530217412563135,4.626434326171875,587100,0.0,0.0
2013-02-20 00:00:00-05:00,4.642470355821892,4.6745426595110375,4.570307481355308,4.5783257484436035,605000,0.0,0.0
2013-02-21 00:00:00-05:00,4.5863434058408705,4.642470125680511,4.53021706833323,4.57030725479126,875100,0.0,0.0
2013-02-22 00:00:00-05:00,4.602379901925423,4.602379901925423,4.417964342195476,4.49814510345459,631700,0.0,0.0
2013-02-25 00:00:00-05:00,4.562288473271729,4.562288473271729,4.321745872497559,4.321745872497559,530300,0.0,0.0
2013-02-26 00:00:00-05:00,4.3538188775840405,4.393909445021656,4.289674275549444,4.3297648429870605,522500,0.0,0.0
2013-02-27 00:00:00-05:00,4.385892484618988,4.530218264505703,4.369856329335141,4.474091529846191,315400,0.0,0.0
2013-02-28 00:00:00-05:00,4.490126613156445,4.506162764611817,4.369855286075145,4.385891437530518,422000,0.0,0.0
2013-03-01 00:00:00-05:00,4.369853781321755,4.5221973588544895,4.321745343521714,4.506161212921143,513900,0.0,0.0
2013-03-04 00:00:00-05:00,4.482107792179793,4.562288532705064,4.442017230751194,4.554270267486572,728200,0.0,0.0
2013-03-05 00:00:00-05:00,4.594361908059019,4.722651123032585,4.570307489085467,4.706614971160889,444000,0.0,0.0
2013-03-06 00:00:00-05:00,4.730667591094971,4.730667591094971,4.642468598176089,4.730667591094971,268500,0.0,0.0
2013-03-07 00:00:00-05:00,4.72265235588746,5.059412015436659,4.650489844792717,4.995267391204834,644100,0.0,0.0
2013-03-08 00:00:00-05:00,5.051391920351392,5.131572665590059,4.834903717041016,4.834903717041016,584500,0.0,0.0
2013-03-11 00:00:00-04:00,4.810849444040339,4.9631930556481185,4.79481329452015,4.94715690612793,346500,0.0,0.0
2013-03-12 00:00:00-04:00,4.931121826815376,4.955175865150157,4.850941061812696,4.866977214813232,282000,0.0,0.0
2013-03-13 00:00:00-04:00,4.858957896614537,4.923102494748279,4.690578135347482,4.907066345214844,322000,0.0,0.0
2013-03-14 00:00:00-04:00,4.907066704973257,4.963193423621157,4.8188680672391175,4.923102855682373,212500,0.0,0.0
2013-03-15 00:00:00-04:00,4.93913923389259,4.987247688235854,4.8509405920959425,4.931121349334717,715300,0.0,0.0
2013-03-18 00:00:00-04:00,4.842921977362192,4.931120995155935,4.834904093380205,4.874994277954102,377700,0.0,0.0
2013-03-19 00:00:00-04:00,4.91508438047033,5.003283007598862,4.89102996613313,4.939138412475586,324500,0.0,0.0
2013-03-20 00:00:00-04:00,4.971211183905127,5.035356167474804,4.915084848988135,4.97922945022583,231100,0.0,0.0
2013-03-21 00:00:00-04:00,4.931121588978451,5.011302350113867,4.907067169471812,4.963193893432617,184000,0.0,0.0
2013-03-22 00:00:00-04:00,4.971211425436341,5.027338145412286,4.947157389969506,5.0113019943237305,280900,0.0,0.0
2013-03-25 00:00:00-04:00,5.011301401924065,5.059409849502702,4.907066241004375,5.027337551116943,192400,0.0,0.0
2013-03-26 00:00:00-04:00,5.067428714299676,5.09148274976651,4.963193541058063,5.0113019943237305,256900,0.0,0.0
2013-03-27 00:00:00-04:00,4.995265835349474,5.051392555236816,4.923102964398891,5.051392555236816,176200,0.0,0.0
2013-03-28 00:00:00-04:00,5.067430284631696,5.091484327552571,4.971212965951841,4.995267391204834,345200,0.0,0.0
2013-04-01 00:00:00-04:00,5.035356404173576,5.099501008426539,4.947157382159752,5.051392555236816,394300,0.0,0.0
2013-04-02 00:00:00-04:00,5.06742823636203,5.099500535514223,4.95517480699739,4.971210956573486,510100,0.0,0.0
2013-04-03 00:00:00-04:00,4.979229058470616,5.0032830908762405,4.810849302303439,4.834903717041016,463300,0.0,0.0
2013-04-04 00:00:00-04:00,4.850940714227363,4.858958598987101,4.754723420786377,4.810850143432617,391800,0.0,0.0
2013-04-05 00:00:00-04:00,4.722651934495216,4.834905399216889,4.698597893720633,4.826887130737305,443400,0.0,0.0
2013-04-08 00:00:00-04:00,4.826886285451453,4.850940704345703,4.746705526357312,4.850940704345703,320900,0.0,0.0
2013-04-09 00:00:00-04:00,4.866977708471057,4.931122326979393,4.826887130737305,4.826887130737305,325600,0.0,0.0
2013-04-10 00:00:00-04:00,4.85094024775044,5.0113017508446775,4.85094024775044,4.97922945022583,372200,0.0,0.0
2013-04-11 00:00:00-04:00,4.987247344222865,5.075446362267683,4.979229460218054,5.043374061584473,289200,0.0,0.0
2013-04-12 00:00:00-04:00,5.0273376400585414,5.051392055439398,4.874994028865014,4.883012294769287,508500,0.0,0.0
2013-04-15 00:00:00-04:00,4.866976613835695,4.891030649200268,4.698596836955693,4.714632987976074,406600,0.0,0.0
2013-04-16 00:00:00-04:00,4.762741463208692,4.850940485397372,4.762741463208692,4.802831649780273,308700,0.0,0.0
2013-04-17 00:00:00-04:00,4.770758828746969,4.770758828746969,4.578325036534689,4.650487899780273,486600,0.0,0.0
2013-04-18 00:00:00-04:00,4.6665249069209365,4.6665249069209365,4.5221991539001465,4.5221991539001465,358900,0.0,0.0
2013-04-19 00:00:00-04:00,4.522199375902175,4.802832246073052,4.5141814905252025,4.7867960929870605,205000,0.0,0.0
2013-04-22 00:00:00-04:00,4.778777490918783,4.907066696366699,4.6184159841088865,4.8589582443237305,290800,0.0,0.0
2013-04-23 00:00:00-04:00,4.8830138630981414,4.915086172352309,4.794814821483136,4.826887130737305,470600,0.0,0.0
2013-04-24 00:00:00-04:00,4.810851595929942,4.850942178828879,4.746706969157351,4.770761013031006,431600,0.0,0.0
2013-04-25 00:00:00-04:00,4.770760398376468,4.899050017725225,4.770760398376468,4.826887130737305,308400,0.0,0.0
2013-04-26 00:00:00-04:00,4.826885806372848,4.834904072652441,4.7386867889572235,4.746705055236816,173700,0.0,0.0
2013-04-29 00:00:00-04:00,4.786795366473037,4.83490420076136,4.7547230651688155,4.794813632965088,111900,0.0,0.0
2013-04-30 00:00:00-04:00,4.802831159415497,4.802831159415497,4.714632528563819,4.738686561584473,111800,0.0,0.0
2013-05-01 00:00:00-04:00,4.706614721837626,4.754723174904266,4.610397815704346,4.610397815704346,453300,0.0,0.0
2013-05-02 00:00:00-04:00,4.642470247440272,4.754723307731655,4.634452362871178,4.72265100479126,188500,0.0,0.0
2013-05-03 00:00:00-04:00,4.610397365922424,4.754722711042229,4.570306801112054,4.738686561584473,305500,0.0,0.0
2013-05-06 00:00:00-04:00,4.650488040024815,4.7707589726185144,4.650488040024815,4.7627410888671875,146800,0.0,0.0
2013-05-07 00:00:00-04:00,4.730669384175144,4.810850143432617,4.722651117083387,4.810850143432617,221300,0.0,0.0
2013-05-08 00:00:00-04:00,4.810849092997083,4.915084248438351,4.778776796296991,4.8910298347473145,264200,0.0,0.0
2013-05-09 00:00:00-04:00,4.866976866078858,4.89103090269009,4.746705536026639,4.810850143432617,177000,0.0,0.0
2013-05-10 00:00:00-04:00,4.818868637084961,4.874994980037981,4.802832102147486,4.818868637084961,196700,0.0,0.0
2013-05-13 00:00:00-04:00,4.81085002904335,4.81085002904335,4.72265100479126,4.72265100479126,171700,0.0,0.0
2013-05-14 00:00:00-04:00,4.738686557719883,4.778777122497559,4.722650408275205,4.778777122497559,302000,0.0,0.0
2013-05-15 00:00:00-04:00,4.778777148947359,4.923102494748279,4.7707588830146594,4.907066345214844,341700,0.0,0.0
2013-05-16 00:00:00-04:00,4.907066000881465,5.0113011567005,4.858957555656972,4.955174446105957,291600,0.0,0.0
2013-05-17 00:00:00-04:00,4.955174446105957,4.9952650082923356,4.915084266251515,4.955174446105957,291800,0.0,0.0
2013-05-20 00:00:00-04:00,4.955176809893884,4.995267391204834,4.923104497777972,4.995267391204834,258700,0.0,0.0
2013-05-21 00:00:00-04:00,4.987247106149583,5.01130152167971,4.939138657421293,4.971210956573486,286700,0.0,0.0
2013-05-22 00:00:00-04:00,4.971211651820905,5.091482981628124,4.810850133632624,4.850940704345703,274600,0.0,0.0
2013-05-23 00:00:00-04:00,4.802831876340861,4.858958598987101,4.746705536026639,4.810850143432617,149000,0.0,0.0
2013-05-24 00:00:00-04:00,4.770759347590208,4.81084991649379,4.730669161018627,4.802831649780273,122900,0.0,0.0
2013-05-28 00:00:00-04:00,4.88301300798336,4.931121463439844,4.810850133632624,4.850940704345703,224300,0.0,0.0
2013-05-29 00:00:00-04:00,4.826886534883014,4.907067298120531,4.7627419242930005,4.842922687530518,198600,0.0,0.0
2013-05-30 00:00:00-04:00,4.84292243727028,4.874994740907937,4.778777829994969,4.850940704345703,197300,0.0,0.0
2013-05-31 00:00:00-04:00,4.810848848945562,4.907065734164813,4.79481270140902,4.8990478515625,1287700,0.0,0.0
2013-06-03 00:00:00-04:00,4.899048942411424,5.19571792906134,4.874994524584566,5.179681777954102,761800,0.0,0.0
2013-06-04 00:00:00-04:00,5.187699656297846,5.2277902251852355,4.947157389969506,5.0113019943237305,443800,0.0,0.0
2013-06-05 00:00:00-04:00,5.0032838396836095,5.035356524911128,4.907066930997081,4.931121349334717,277200,0.0,0.0
2013-06-06 00:00:00-04:00,4.907068341720016,5.019321816457827,4.907068341720016,4.995267391204834,331400,0.0,0.0
2013-06-07 00:00:00-04:00,5.003283019237838,5.0834641456604,4.971210721601591,5.0834641456604,432200,0.0,0.0
2013-06-10 00:00:00-04:00,5.203735386161978,5.580585479736328,5.155626936790523,5.580585479736328,519100,0.0,0.0
2013-06-11 00:00:00-04:00,5.564549543409172,5.596621844220477,5.388151506615012,5.420224189758301,674200,0.0,0.0
2013-06-12 00:00:00-04:00,5.460314119613189,5.508422568583512,5.283916473388672,5.283916473388672,365300,0.0,0.0
2013-06-13 00:00:00-04:00,5.299953360030509,5.41220642323728,5.259862789147795,5.40418815612793,237300,0.0,0.0
2013-06-14 00:00:00-04:00,5.4122062853446575,5.45229685520594,5.30797110957093,5.332025527954102,255000,0.0,0.0
2013-06-17 00:00:00-04:00,5.396169533832164,5.452296248930471,5.299952635662465,5.3480610847473145,209100,0.0,0.0
2013-06-18 00:00:00-04:00,5.3640988808356385,5.524460427004621,5.3640988808356385,5.484370231628418,225400,0.0,0.0
2013-06-19 00:00:00-04:00,5.468332901377805,5.5004052037163955,5.364097727611383,5.372115612030029,143500,0.0,0.0
2013-06-20 00:00:00-04:00,5.340043309691438,5.460314634627156,5.235808518257018,5.372115612030029,346800,0.0,0.0
2013-06-21 00:00:00-04:00,5.532478224631177,5.572568416595459,5.356080156525771,5.572568416595459,538300,0.0,0.0
2013-06-24 00:00:00-04:00,5.524459119575634,5.628694291083022,5.468332782865497,5.492386817932129,426000,0.0,0.0
2013-06-25 00:00:00-04:00,5.524459251002777,5.636712691757553,5.460314646189764,5.604640007019043,254300,0.0,0.0
2013-06-26 00:00:00-04:00,5.636712074279785,5.660766107283647,5.572567094161578,5.636712074279785,825600,0.0,0.0
2013-06-27 00:00:00-04:00,5.6206759512984545,5.76500129699707,5.604639419444423,5.76500129699707,676600,0.0,0.0
2013-06-28 00:00:00-04:00,5.765001169949362,5.773019053367719,5.660766009187045,5.676802158355713,908100,0.0,0.0
2013-07-01 00:00:00-04:00,5.7168943784568365,5.901310338482285,5.7168943784568365,5.877255916595459,454600,0.0,0.0
2013-07-02 00:00:00-04:00,5.893291100782681,6.029598576939794,5.692839019923869,5.748965740203857,776900,0.0,0.0
2013-07-03 00:00:00-04:00,5.692839131282505,5.748965852660398,5.540495500969947,5.668785095214844,641000,0.0,0.0
2013-07-05 00:00:00-04:00,5.748964864498611,6.149868965148926,5.748964864498611,6.149868965148926,688900,0.0,0.0
2013-07-08 00:00:00-04:00,6.189959274261835,6.294194434353553,6.125814677999839,6.238068103790283,374000,0.0,0.0
2013-07-09 00:00:00-04:00,6.294195311318625,6.50266527821606,6.2220328216355165,6.470592975616455,446100,0.0,0.0
2013-07-10 00:00:00-04:00,6.486629111800307,6.486629111800307,6.2541047410343715,6.302213191986084,300200,0.0,0.0
2013-07-11 00:00:00-04:00,6.374376415541278,6.38239468279458,6.254105465397954,6.358340263366699,306200,0.0,0.0
2013-07-12 00:00:00-04:00,6.358340252744303,6.4144669764275735,6.334286215688634,6.398430824279785,198000,0.0,0.0
2013-07-15 00:00:00-04:00,6.414467108499972,6.45455768086091,6.334286346110129,6.406448841094971,255000,0.0,0.0
2013-07-16 00:00:00-04:00,6.390412924150943,6.598882914048194,6.382395038782457,6.566810607910156,396000,0.0,0.0
2013-07-17 00:00:00-04:00,6.598881192271856,6.767260946729032,6.486628532409668,6.486628532409668,423000,0.0,0.0
2013-07-18 00:00:00-04:00,6.518700213060336,6.9196042795609936,6.502663683361675,6.855459690093994,350500,0.0,0.0
2013-07-19 00:00:00-04:00,6.847444046109917,6.88753462103745,6.7672628962548504,6.823390007019043,302900,0.0,0.0
2013-07-22 00:00:00-04:00,6.8233895190345715,6.919606433181092,6.783298946974173,6.863480091094971,166700,0.0,0.0
2013-07-23 00:00:00-04:00,6.927624978169637,6.97573305483893,6.807353257168221,6.903570175170898,660100,0.0,0.0
2013-07-24 00:00:00-04:00,6.887532892949556,6.887532892949556,6.494647039496182,6.558791637420654,568800,0.0,0.0
2013-07-25 00:00:00-04:00,6.406449275434483,6.534738503955885,6.173924857573409,6.526721000671387,432000,0.0,0.0
2013-07-26 00:00:00-04:00,6.454557667820496,6.454557667820496,6.294195761032762,6.382394790649414,285500,0.0,0.0
2013-07-29 00:00:00-04:00,6.35834013323119,6.43852089246303,6.181942462921143,6.181942462921143,226800,0.0,0.0
2013-07-30 00:00:00-04:00,6.197977662337162,6.2621222598656665,5.989507338037561,6.14185094833374,455100,0.0,0.0
2013-07-31 00:00:00-04:00,6.165905936718329,6.214014389336579,6.005544045658833,6.037616729736328,381100,0.0,0.0
2013-08-01 00:00:00-04:00,6.093743556115896,6.278159497132063,6.061671251794131,6.230051040649414,356000,0.0,0.0
2013-08-02 00:00:00-04:00,6.189959885879542,6.2541048708115285,6.069688947170543,6.205996036529541,206500,0.0,0.0
2013-08-05 00:00:00-04:00,6.173923247097992,6.214013811719288,6.0937425001873615,6.14185094833374,242100,0.0,0.0
2013-08-06 00:00:00-04:00,6.133833658173228,6.1578876934073365,5.9814900331398855,6.125815391540527,311500,0.0,0.0
2013-08-07 00:00:00-04:00,6.109778874793477,6.141851174740006,5.973471408854739,6.0055437088012695,251500,0.0,0.0
2013-08-08 00:00:00-04:00,6.0055441642094145,6.021580697730724,5.837164767887695,5.9173455238342285,513600,0.0,0.0
2013-08-09 00:00:00-04:00,5.909327367551508,5.909327367551508,5.524459349480836,5.668785095214844,643700,0.0,0.0
2013-08-12 00:00:00-04:00,5.58058498621347,5.668783993427183,5.412205237138172,5.476349830627441,1130000,0.0,0.0
2013-08-13 00:00:00-04:00,5.4603158403921155,5.50040641833429,5.251845829156238,5.315990447998047,22284600,0.0,0.0
2013-08-14 00:00:00-04:00,5.291934840312194,5.508423071614403,5.291934840312194,5.452296733856201,4362200,0.0,0.0
2013-08-15 00:00:00-04:00,5.388151506615012,5.564549543409172,5.380133622578177,5.420224189758301,1630500,0.0,0.0
2013-08-16 00:00:00-04:00,5.412206164887199,5.548513640583405,5.412206164887199,5.452296733856201,1622500,0.0,0.0
2013-08-19 00:00:00-04:00,5.4603143746064395,5.48436879138091,5.404187657020664,5.420224189758301,719100,0.0,0.0
2013-08-20 00:00:00-04:00,5.412206164887199,5.492386920493202,5.412206164887199,5.452296733856201,1178500,0.0,0.0
2013-08-21 00:00:00-04:00,5.452297596297944,5.452297596297944,5.372116445676926,5.388152599334717,621700,0.0,0.0
2013-08-22 00:00:00-04:00,5.412205696105957,5.452296261602492,5.412205696105957,5.412205696105957,587700,0.0,0.0
2013-08-23 00:00:00-04:00,5.476350887729277,5.500405306096953,5.3640978274548115,5.43626070022583,1447000,0.0,0.0
2013-08-26 00:00:00-04:00,5.452296144986156,5.508422476682486,5.404187314486501,5.428241729736328,885100,0.0,0.0
2013-08-27 00:00:00-04:00,5.3801339897431815,5.420224559659268,5.1155372988266326,5.1235551834106445,1338200,0.0,0.0
2013-08-28 00:00:00-04:00,5.147609842549585,5.2117544515493766,5.12355542300865,5.155627727508545,788600,0.0,0.0
2013-08-29 00:00:00-04:00,5.1556279530715665,5.267881406064411,5.1556279530715665,5.227790832519531,504300,0.0,0.0
2013-08-30 00:00:00-04:00,5.219772474742852,5.235808626242885,5.059410577410513,5.1235551834106445,910000,0.0,0.0
2013-09-03 00:00:00-04:00,5.211754080168578,5.283916951317153,5.131573324632385,5.179681777954102,859000,0.0,0.0
2013-09-04 00:00:00-04:00,5.171662916278778,5.267880194185233,5.163645032813548,5.2358078956604,867000,0.0,0.0
2013-09-05 00:00:00-04:00,5.227790713563255,5.251845133609243,5.187700140930621,5.243826866149902,278400,0.0,0.0
2013-09-06 00:00:00-04:00,5.2839163434476495,5.29193422691288,5.1315727342887145,5.2358078956604,493700,0.0,0.0
2013-09-09 00:00:00-04:00,5.251845253112868,5.307971597277246,5.187700258974652,5.227790832519531,558400,0.0,0.0
2013-09-10 00:00:00-04:00,5.25184549094459,5.315990105655573,5.195718761906448,5.259863376617432,1141200,0.0,0.0
2013-09-11 00:00:00-04:00,5.275899537188428,5.291935690887126,5.1155380002014486,5.1315741539001465,944100,0.0,0.0
2013-09-12 00:00:00-04:00,5.1315733186539,5.139591203032178,4.883012785615283,5.0113019943237305,1916400,0.0,0.0
2013-09-13 00:00:00-04:00,5.027338274410447,5.1636457533267315,5.003283855994392,5.1235551834106445,975200,0.0,0.0
2013-09-16 00:00:00-04:00,5.19571792906134,5.227790231275817,5.067428720203431,5.179681777954102,899900,0.0,0.0
2013-09-17 00:00:00-04:00,5.171662916278778,5.2358078956604,5.155626767016361,5.2358078956604,736800,0.0,0.0
2013-09-18 00:00:00-04:00,5.211754213210188,5.267880934684283,5.131573455627202,5.187699794769287,672300,0.0,0.0
2013-09-19 00:00:00-04:00,5.219772826370594,5.227790711494727,5.091483223396147,5.115537643432617,1408700,0.0,0.0
2013-09-20 00:00:00-04:00,5.107519509821271,5.16364623648917,4.82688664114587,4.866977214813232,7115300,0.0,0.0
2013-09-23 00:00:00-04:00,4.826886534883014,4.899049412962799,4.674542893565712,4.842922687530518,1540000,0.0,0.0
2013-09-24 00:00:00-04:00,4.842922084921422,4.850940351413471,4.730669030356644,4.794813632965088,1188800,0.0,0.0
2013-09-25 00:00:00-04:00,4.818867922425235,4.826885806372848,4.73066890500961,4.746705055236816,606900,0.0,0.0
2013-09-26 00:00:00-04:00,4.746705538047344,4.7707595746688165,4.610398056085604,4.642470359802246,1348000,0.0,0.0
2013-09-27 00:00:00-04:00,4.602380024391712,4.642470597254066,4.530217528504327,4.546253681182861,938700,0.0,0.0
2013-09-30 00:00:00-04:00,4.482107792179793,4.562288532705064,4.433999347864631,4.554270267486572,1154400,0.0,0.0
2013-10-01 00:00:00-04:00,4.570306889419423,4.610397455004422,4.498144406631179,4.594361305236816,797900,0.0,0.0
2013-10-02 00:00:00-04:00,4.562289370432453,4.626433974630899,4.546253219382842,4.57030725479126,481300,0.0,0.0
2013-10-03 00:00:00-04:00,4.570308461549269,4.586344616833115,4.474091529846191,4.474091529846191,782700,0.0,0.0
2013-10-04 00:00:00-04:00,4.466072449736844,4.498144751732671,4.434000147741017,4.442018032073975,619800,0.0,0.0
2013-10-07 00:00:00-04:00,4.434000622211043,4.434000622211043,4.241566407312237,4.249584674835205,892900,0.0,0.0
2013-10-08 00:00:00-04:00,4.24958333647534,4.24958333647534,4.065167447179273,4.089221477508545,848900,0.0,0.0
2013-10-09 00:00:00-04:00,4.097239972826109,4.12129400450754,3.993004815988065,4.057149410247803,743400,0.0,0.0
2013-10-10 00:00:00-04:00,4.097240447998047,4.177421200121573,4.049131996723931,4.097240447998047,1220400,0.0,0.0
2013-10-11 00:00:00-04:00,4.097240225167677,4.281656136188232,4.073185809672838,4.233547687530518,1082600,0.0,0.0
2013-10-14 00:00:00-04:00,4.217512381468016,4.225530266681874,4.153367388096957,4.209494113922119,924300,0.0,0.0
2013-10-15 00:00:00-04:00,4.19345713083157,4.249583845543292,4.121294266535352,4.153366565704346,756200,0.0,0.0
2013-10-16 00:00:00-04:00,4.185439226933263,4.321746701358698,4.145349040670016,4.2736382484436035,573900,0.0,0.0
2013-10-17 00:00:00-04:00,4.249585414436378,4.273639456527589,4.153368099075219,4.177422523498535,649800,0.0,0.0
2013-10-18 00:00:00-04:00,4.217512369407411,4.297693132976897,4.185439681647577,4.249584674835205,567400,0.0,0.0
2013-10-21 00:00:00-04:00,4.249584213152055,4.2816565150954515,4.193457493585111,4.2736382484436035,533300,0.0,0.0
2013-10-22 00:00:00-04:00,4.265620231628418,4.281656382102014,4.201475247402048,4.265620231628418,424300,0.0,0.0
2013-10-23 00:00:00-04:00,4.241565824023498,4.369855028092689,4.153366805059935,4.3297648429870605,950700,0.0,0.0
2013-10-24 00:00:00-04:00,4.329765322051029,4.417964350773313,4.329765322051029,4.393909931182861,583100,0.0,0.0
2013-10-25 00:00:00-04:00,4.40994597478555,4.40994597478555,4.353819252012388,4.3698554039001465,537600,0.0,0.0
2013-10-28 00:00:00-04:00,4.385890930532157,4.40192708013379,4.29769229888916,4.29769229888916,382700,0.0,0.0
2013-10-29 00:00:00-04:00,4.305711466124406,4.514181855425902,4.289675311742144,4.482109546661377,1084700,0.0,0.0
2013-10-30 00:00:00-04:00,4.506162997163568,4.522199149446527,4.377873778899903,4.393909931182861,792300,0.0,0.0
2013-10-31 00:00:00-04:00,4.43399894855395,4.522197564022919,4.353817832917586,4.450035095214844,1310100,0.0,0.0
2013-11-01 00:00:00-04:00,4.450036306571302,4.4740903419445095,4.353819018082475,4.401927471160889,1019300,0.0,0.0
2013-11-04 00:00:00-05:00,4.393909343057922,4.594361410930397,4.369854926687156,4.514180660247803,1073300,0.0,0.0
2013-11-05 00:00:00-05:00,4.514182109221857,4.52219999569773,4.4420192192784995,4.474091529846191,556200,0.0,0.0
2013-11-06 00:00:00-05:00,4.498145108026889,4.626434326171875,4.482108955758766,4.626434326171875,507400,0.0,0.0
2013-11-07 00:00:00-05:00,4.6344521067702305,4.7066145932323975,4.562289237976074,4.562289237976074,557300,0.0,0.0
2013-11-08 00:00:00-05:00,4.586344385333212,5.0433753613519245,4.586344385333212,5.035357475280762,1173200,0.0,0.0
2013-11-11 00:00:00-05:00,5.035355905962814,5.035355905962814,4.834903846339536,4.883012294769287,708700,0.0,0.0
2013-11-12 00:00:00-05:00,4.874994498179887,4.883012764856077,4.706614721299885,4.714632987976074,389900,0.0,0.0
2013-11-13 00:00:00-05:00,4.698597080472155,4.8429224471356065,4.666524776769165,4.810850143432617,456000,0.0,0.0
2013-11-14 00:00:00-05:00,4.810850488145333,4.883013367813768,4.778778182144261,4.866977214813232,300000,0.0,0.0
2013-11-15 00:00:00-05:00,4.866976158526983,4.94715690612793,4.802831178114263,4.94715690612793,498800,0.0,0.0
2013-11-18 00:00:00-05:00,4.971211179729832,5.04337404722762,4.834904093380205,4.874994277954102,864700,0.0,0.0
2013-11-19 00:00:00-05:00,4.891030178341598,4.923102477294766,4.794813281482096,4.883012294769287,510500,0.0,0.0
2013-11-20 00:00:00-05:00,4.89103090269009,4.89103090269009,4.786795724489366,4.810850143432617,440000,0.0,0.0
2013-11-21 00:00:00-05:00,4.818868183207306,4.850940485397372,4.786795498685241,4.802831649780273,644600,0.0,0.0
2013-11-22 00:00:00-05:00,4.794813526474327,4.88301254426807,4.770759109864404,4.874994277954102,538200,0.0,0.0
2013-11-25 00:00:00-05:00,4.89102996613313,5.011301273155244,4.858957668571492,4.939138412475586,577900,0.0,0.0
2013-11-26 00:00:00-05:00,4.93112100919324,5.051392327921267,4.907066592514841,5.043374061584473,812100,0.0,0.0
2013-11-27 00:00:00-05:00,5.051391848024154,5.259861782659757,5.011301284812872,5.0834641456604,750700,0.0,0.0
2013-11-29 00:00:00-05:00,5.107519375976448,5.171663986297654,5.003284193038471,5.115537643432617,284200,0.0,0.0
2013-12-02 00:00:00-05:00,5.115537046523751,5.139591081421429,4.850940368657349,4.923102855682373,697600,0.0,0.0
2013-12-03 00:00:00-05:00,4.891030407281673,4.955175008190499,4.666524304100785,4.746705055236816,818300,0.0,0.0
2013-12-04 00:00:00-05:00,4.7386862342559075,4.955174428147499,4.7386862342559075,4.8910298347473145,564100,0.0,0.0
2013-12-05 00:00:00-05:00,4.866977240749067,4.874995126126039,4.770759939901069,4.7867960929870605,492400,0.0,0.0
2013-12-06 00:00:00-05:00,4.866976519366464,4.987247458518835,4.866976519366464,4.923102855682373,827200,0.0,0.0
2013-12-09 00:00:00-05:00,4.947155750199953,4.947155750199953,4.690577035495877,4.730667591094971,678100,0.0,0.0
2013-12-10 00:00:00-05:00,4.7066150965018,4.730669516115941,4.506163001601395,4.5221991539001465,597200,0.0,0.0
2013-12-11 00:00:00-05:00,4.514179678690363,4.522197560849236,4.385890123161351,4.409944534301758,619200,0.0,0.0
2013-12-12 00:00:00-05:00,4.409945730465189,4.434000148130169,4.321746708802926,4.337782859802246,571600,0.0,0.0
2013-12-13 00:00:00-05:00,4.34580136723452,4.401927707675662,4.241566188798085,4.3698554039001465,583800,0.0,0.0
2013-12-16 00:00:00-05:00,4.385892244161335,4.450037244112054,4.3297658949110644,4.417964935302734,728500,0.0,0.0
2013-12-17 00:00:00-05:00,4.409944534301758,4.450035092091804,4.337781683212432,4.409944534301758,799200,0.0,0.0
2013-12-18 00:00:00-05:00,4.4179639967431035,4.466072449736844,4.289674406427799,4.442018032073975,727800,0.0,0.0
2013-12-19 00:00:00-05:00,4.417963759428689,4.538234694286592,4.3858910768236745,4.514180660247803,940100,0.0,0.0
2013-12-20 00:00:00-05:00,4.5382346018551765,4.682560332476304,4.530216718116208,4.658505916595459,2484900,0.0,0.0
2013-12-23 00:00:00-05:00,4.690578590220611,5.019320261034008,4.650488403665221,5.0113019943237305,977100,0.0,0.0
2013-12-24 00:00:00-05:00,4.971210576497546,5.027337286888675,4.866975803388213,4.8910298347473145,308500,0.0,0.0
2013-12-26 00:00:00-05:00,4.931120611327416,4.947156760375149,4.810849302303439,4.834903717041016,642000,0.0,0.0
2013-12-27 00:00:00-05:00,4.858958476653816,4.955175385340345,4.810850022310552,4.931121349334717,512800,0.0,0.0
2013-12-30 00:00:00-05:00,4.91508484485998,4.931120995155935,4.842921977362192,4.874994277954102,544700,0.0,0.0
2013-12-31 00:00:00-05:00,4.891031017244729,4.9792300456597,4.858958712790562,4.963193893432617,444100,0.0,0.0
2014-01-02 00:00:00-05:00,4.955175756063042,4.979230176200317,4.810850382235511,4.842922687530518,757100,0.0,0.0
2014-01-03 00:00:00-05:00,4.8429224471356065,4.89103090269009,4.802831876340861,4.810850143432617,375000,0.0,0.0
2014-01-06 00:00:00-05:00,4.826887404429956,4.866977984436912,4.650489693529985,4.690579891204834,680500,0.0,0.0
2014-01-07 00:00:00-05:00,4.706614838890214,4.730669257187762,4.666524651503645,4.698596954345703,794400,0.0,0.0
2014-01-08 00:00:00-05:00,4.690578081991852,4.73066864653539,4.618415601078227,4.650487899780273,1467200,0.0,0.0
2014-01-09 00:00:00-05:00,4.690578113211204,4.738686561584473,4.58634295056981,4.738686561584473,536300,0.0,0.0
2014-01-10 00:00:00-05:00,4.7306692716923635,4.7467054231625605,4.626434095970075,4.72265100479126,488400,0.0,0.0
2014-01-13 00:00:00-05:00,4.730669390134442,4.7627416938778335,4.626434211802411,4.706614971160889,587800,0.0,0.0
2014-01-14 00:00:00-05:00,4.714631445321708,4.762739882641496,4.642468598176089,4.730667591094971,449200,0.0,0.0
2014-01-15 00:00:00-05:00,4.714632130869042,4.802830754280874,4.538234119381518,4.554270267486572,1051400,0.0,0.0
2014-01-16 00:00:00-05:00,4.546253056082343,4.546253056082343,4.21751178020763,4.265620231628418,2276800,0.0,0.0
2014-01-17 00:00:00-05:00,4.233547188811853,4.24958333647534,4.08120359484276,4.089221477508545,2622300,0.0,0.0
2014-01-21 00:00:00-05:00,4.089222661771437,4.249584567179982,4.089222661771437,4.22553014755249,1085700,0.0,0.0
2014-01-22 00:00:00-05:00,4.2415668485953555,4.506163587068732,4.2415668485953555,4.482109546661377,1487100,0.0,0.0
2014-01-23 00:00:00-05:00,4.458054183463151,4.46607245012881,4.21751191847334,4.337782859802246,1079600,0.0,0.0
2014-01-24 00:00:00-05:00,4.297693880950906,4.353820234051801,4.1293140569840086,4.177422523498535,1238200,0.0,0.0
2014-01-27 00:00:00-05:00,4.1613837342116,4.177419879567003,4.089220888946355,4.105257034301758,1045200,0.0,0.0
2014-01-28 00:00:00-05:00,4.097240806637196,4.153367146870516,4.081204654808817,4.113276958465576,1264100,0.0,0.0
2014-01-29 00:00:00-05:00,4.089222053122946,4.145348769011722,3.944896703835774,3.976969003677368,1092100,0.0,0.0
2014-01-30 00:00:00-05:00,4.009041303518962,4.041113603360556,3.8967882540733836,3.976969003677368,1089400,0.0,0.0
2014-01-31 00:00:00-05:00,3.9689518257610312,3.993006248403472,3.8967893224978645,3.9208433628082275,1007500,0.0,0.0
2014-02-03 00:00:00-05:00,3.920842629286756,3.9448970474290332,3.7203905466518012,3.7284088134765625,1307400,0.0,0.0
2014-02-04 00:00:00-05:00,3.7203906725547893,3.8486802697684155,3.511920698372177,3.640209913253784,2161100,0.0,0.0
2014-02-05 00:00:00-05:00,3.5359748442026735,3.8246259689331055,3.495884654480022,3.8246259689331055,1689600,0.0,0.0
2014-02-06 00:00:00-05:00,3.8246258582579773,3.984987377172182,3.720390679797734,3.9689512252807617,1771700,0.0,0.0
2014-02-07 00:00:00-05:00,3.9849873672505964,3.9849873672505964,3.776517393181166,3.8085896968841553,1104900,0.0,0.0
2014-02-10 00:00:00-05:00,3.792553425189792,3.928860902786255,3.720390552972369,3.928860902786255,1241900,0.0,0.0
2014-02-11 00:00:00-05:00,3.9128244039941804,4.017059569645347,3.8566976881054047,3.976969003677368,1112900,0.0,0.0
2014-02-12 00:00:00-05:00,3.9689510899821516,4.041113962199574,3.9048064846031116,3.928860902786255,938800,0.0,0.0
2014-02-13 00:00:00-05:00,3.8887710541730254,4.009042402721073,3.8326447052274597,3.9208433628082275,541800,0.0,0.0
2014-02-14 00:00:00-05:00,3.920843114582423,3.9368792678847866,3.824626194768241,3.832644462585449,681900,0.0,0.0
2014-02-18 00:00:00-05:00,3.8326436311365817,3.8807520806070865,3.776516915588341,3.848679780960083,525800,0.0,0.0
2014-02-19 00:00:00-05:00,3.8486795026987917,3.8807518000269527,3.6081368904056386,3.6482274532318115,1250200,0.0,0.0
2014-02-20 00:00:00-05:00,3.648226701714912,3.688316873950763,3.5279554203436327,3.5439915657043457,1424100,0.0,0.0
2014-02-21 00:00:00-05:00,3.560028351348771,3.6883175373077393,3.5439922031038997,3.6883175373077393,1117900,0.0,0.0
2014-02-24 00:00:00-05:00,3.704354401627609,3.9529149386373916,3.688318250282849,3.928860902786255,1137100,0.0,0.0
2014-02-25 00:00:00-05:00,3.960934272869599,4.049133320199689,3.888771381205697,4.009042739868164,1688900,0.0,0.0
2014-02-26 00:00:00-05:00,4.009041917058155,4.025078069433106,3.8647165456835917,3.984987497329712,882400,0.0,0.0
2014-02-27 00:00:00-05:00,3.984986693075761,4.193457014208473,3.936878245660201,4.169402599334717,832600,0.0,0.0
2014-02-28 00:00:00-05:00,4.185440410084904,4.225530990013063,4.1293140569840086,4.177422523498535,1854600,0.0,0.0
2014-03-03 00:00:00-05:00,4.137330870629016,4.161385288814257,4.025077811205905,4.065168380737305,449700,0.0,0.0
2014-03-04 00:00:00-05:00,4.129312659253156,4.217511675841361,4.113276509176389,4.201475143432617,922500,0.0,0.0
2014-03-05 00:00:00-05:00,4.185438424214324,4.345800285507745,4.073185388941275,4.321745872497559,990200,0.0,0.0
2014-03-06 00:00:00-05:00,4.353819010801567,4.417963997130848,4.289674406804284,4.337782859802246,976300,0.0,0.0
2014-03-07 00:00:00-05:00,4.369856083653458,4.61039878171948,4.369856083653458,4.482109546661377,2121300,0.0,0.0
2014-03-10 00:00:00-04:00,4.4660710392537135,4.514179477053754,4.3778720454543665,4.506161212921143,891600,0.0,0.0
2014-03-11 00:00:00-04:00,4.498144758548852,4.634452233403665,4.474090340849532,4.610397815704346,1270200,0.0,0.0
2014-03-12 00:00:00-04:00,4.586343749673601,4.602379901925423,4.417964342195476,4.49814510345459,938600,0.0,0.0
2014-03-13 00:00:00-04:00,4.514181031505508,4.554271218977935,4.329765098602718,4.385891437530518,869500,0.0,0.0
2014-03-14 00:00:00-04:00,4.353819359309451,4.425982235748778,4.31372916976807,4.393909931182861,737500,0.0,0.0
2014-03-17 00:00:00-04:00,4.417964361895116,4.498145123511755,4.297693028304144,4.353819370269775,477300,0.0,0.0
2014-03-18 00:00:00-04:00,4.3538190104194525,4.458054183071888,4.329764975088581,4.442018032073975,407600,0.0,0.0
2014-03-19 00:00:00-04:00,4.425982114754158,4.666524774754761,4.361837507375868,4.5783257484436035,1097000,0.0,0.0
2014-03-20 00:00:00-04:00,4.554272377979712,4.7226522022775566,4.490127755834267,4.690579891204834,1042200,0.0,0.0
2014-03-21 00:00:00-04:00,4.666524170357029,4.6905782038424535,4.522198440116604,4.594361305236816,1260000,0.0,0.0
2014-03-24 00:00:00-04:00,4.570306662612679,4.642469524151726,4.506162066725504,4.586342811584473,350400,0.0,0.0
2014-03-25 00:00:00-04:00,4.602380762202031,4.65048961028203,4.514182099496934,4.538236141204834,472500,0.0,0.0
2014-03-26 00:00:00-04:00,4.586343399127476,4.642470118884958,4.313728831683129,4.401927471160889,724800,0.0,0.0
2014-03-27 00:00:00-04:00,4.4099462145850765,4.425982367344832,4.1934579611623635,4.209494113922119,896700,0.0,0.0
2014-03-28 00:00:00-04:00,4.209492931001753,4.3618365305749816,4.193456782748356,4.241565227508545,381800,0.0,0.0
2014-03-31 00:00:00-04:00,4.281656630073328,4.417964108159109,4.281656630073328,4.361837387084961,729400,0.0,0.0
2014-04-01 00:00:00-04:00,4.361837519122277,4.417964241895438,4.281656759683489,4.3698554039001465,919100,0.0,0.0
2014-04-02 00:00:00-04:00,4.3858901262393735,4.498143535197525,4.321745539595798,4.450035095214844,1254500,0.0,0.0
2014-04-03 00:00:00-04:00,4.4420192192784995,4.490127685130037,4.425983063994653,4.474091529846191,448400,0.0,0.0
2014-04-04 00:00:00-04:00,4.482107753822618,4.514180049758256,4.385890483683776,4.425981044769287,762100,0.0,0.0
2014-04-07 00:00:00-04:00,4.417962798792525,4.490125267549956,4.329763801053559,4.409944534301758,672300,0.0,0.0
2014-04-08 00:00:00-04:00,4.393910305616969,4.474091073864493,4.297693383719941,4.305711269378662,406600,0.0,0.0
2014-04-09 00:00:00-04:00,4.3057101868290735,4.377873051274555,4.217511555097891,4.257601737976074,437500,0.0,0.0
2014-04-10 00:00:00-04:00,4.257602335189647,4.257602335189647,4.009041790084265,4.07318639755249,1220400,0.0,0.0
2014-04-11 00:00:00-04:00,4.017059344251872,4.169402568785619,3.9609326315123137,4.041113376617432,433000,0.0,0.0
2014-04-14 00:00:00-04:00,4.081204770323365,4.1373311121452865,3.976969589322612,4.0330963134765625,421200,0.0,0.0
2014-04-15 00:00:00-04:00,4.033096215178463,4.097240822744145,3.9048066177150798,3.9689512252807617,490100,0.0,0.0
2014-04-16 00:00:00-04:00,3.9930065650527036,4.081205611959818,3.9609342538741363,4.04913330078125,435200,0.0,0.0
2014-04-17 00:00:00-04:00,4.049132009068877,4.273638115699224,4.001023175316103,4.265620231628418,762400,0.0,0.0
2014-04-21 00:00:00-04:00,4.273639456527589,4.305711767537274,4.041115010541323,4.177422523498535,634900,0.0,0.0
2014-04-22 00:00:00-04:00,4.169403659302748,4.3137294205726455,4.09724116099985,4.193458080291748,554300,0.0,0.0
2014-04-23 00:00:00-04:00,4.19345784079275,4.225530145391652,4.129313231594946,4.161385536193848,713700,0.0,0.0
2014-04-24 00:00:00-04:00,4.1854380810270895,4.217510756521497,3.9689499110141697,3.993004322052002,859500,0.0,0.0
2014-04-25 00:00:00-04:00,3.9609326315123137,4.129312387399036,3.9288603334702668,4.041113376617432,774800,0.0,0.0
2014-04-28 00:00:00-04:00,4.081204654808817,4.129313110293956,4.0090417804150995,4.113276958465576,1158600,0.0,0.0
2014-04-29 00:00:00-04:00,4.1533664322578145,4.273637741443239,4.105257985050034,4.14534854888916,627100,0.0,0.0
2014-04-30 00:00:00-04:00,4.121294975280762,4.13733112762302,3.993005756542693,4.121294975280762,522600,0.0,0.0
2014-05-01 00:00:00-04:00,4.121294151919157,4.225529312485513,4.0250772570880375,4.169402599334717,755400,0.0,0.0
2014-05-02 00:00:00-04:00,4.1774212283426975,4.337782733673094,4.1774212283426975,4.289674282073975,637200,0.0,0.0
2014-05-05 00:00:00-04:00,4.25760128091296,4.337782020393709,4.177420541432211,4.321745872497559,546200,0.0,0.0
2014-05-06 00:00:00-04:00,4.297692294296782,4.3538186266765395,4.153366565704346,4.153366565704346,467900,0.0,0.0
2014-05-07 00:00:00-04:00,4.177421690629536,4.241566299860142,4.081204776783626,4.22553014755249,464100,0.0,0.0
2014-05-08 00:00:00-04:00,4.20949364455681,4.369855154273794,4.20949364455681,4.2736382484436035,471000,0.0,0.0
2014-05-09 00:00:00-04:00,4.2495845606362375,4.401927816158326,4.2495845606362375,4.393909931182861,411700,0.0,0.0
2014-05-12 00:00:00-04:00,4.409944534301758,4.474089120900317,4.361836094352839,4.409944534301758,882200,0.0,0.0
2014-05-13 00:00:00-04:00,4.377873428466548,4.434000148130169,4.281656522470623,4.337782859802246,863300,0.0,0.0
2014-05-14 00:00:00-04:00,4.345801490404412,4.345801490404412,4.1132770902756475,4.121294975280762,698500,0.0,0.0
2014-05-15 00:00:00-04:00,4.073185704503597,4.21751142908223,3.944896511395438,4.169402599334717,1329500,0.0,0.0
2014-05-16 00:00:00-04:00,4.137330283188555,4.169402581327074,4.049131654473602,4.14534854888916,598400,0.0,0.0
2014-05-19 00:00:00-04:00,4.113275754966117,4.19345649064801,4.017058872147845,4.081203460693359,1141300,0.0,0.0
2014-05-20 00:00:00-04:00,4.081205288316317,4.121295482944282,3.912825476815466,3.9208433628082275,1570500,0.0,0.0
2014-05-21 00:00:00-04:00,3.928861631133067,4.009042402721073,3.8486808595450612,3.9208433628082275,799100,0.0,0.0
2014-05-22 00:00:00-04:00,3.944896703835774,4.001023037392577,3.9288605539149772,3.976969003677368,500800,0.0,0.0
2014-05-23 00:00:00-04:00,4.0010236265799985,4.04913246575883,3.9609334370403446,4.0330963134765625,515300,0.0,0.0
2014-05-27 00:00:00-04:00,4.017060161194295,4.097240922605632,3.9930057416048794,4.0330963134765625,1068200,0.0,0.0
2014-05-28 00:00:00-04:00,4.009040468633259,4.041112761795774,3.9689499110141697,3.993004322052002,888600,0.0,0.0
2014-05-29 00:00:00-04:00,3.9769704285357874,4.025078895534352,3.9368798482042617,4.009042739868164,620200,0.0,0.0
2014-05-30 00:00:00-04:00,4.025077944156957,4.073186399784488,3.880752577274363,3.904806613922119,1165400,0.0,0.0
2014-06-02 00:00:00-04:00,3.920842177455578,3.960932742295403,3.8246252806383527,3.9529144763946533,1225100,0.0,0.0
2014-06-03 00:00:00-04:00,3.9529138353614837,4.217510832197829,3.928859806223934,4.18543815612793,2583800,0.0,0.0
2014-06-04 00:00:00-04:00,4.169404254580061,4.217513103426694,4.137331943570377,4.177422523498535,703900,0.0,0.0
2014-06-05 00:00:00-04:00,4.161384486241564,4.257601375761941,4.121293924442108,4.241565227508545,873100,0.0,0.0
2014-06-06 00:00:00-04:00,4.257601965225628,4.3057104166464155,4.249584081154822,4.265620231628418,657600,0.0,0.0
2014-06-09 00:00:00-04:00,4.241565960899508,4.417964004519026,4.22552980987337,4.401927471160889,929700,0.0,0.0
2014-06-10 00:00:00-04:00,4.377873778899903,4.442018388031736,4.273638597894661,4.393909931182861,754300,0.0,0.0
2014-06-11 00:00:00-04:00,4.361836433403895,4.401926611978308,4.297691841819296,4.321745872497559,382600,0.0,0.0
2014-06-12 00:00:00-04:00,4.329764234068189,4.3538182652823165,4.201474665709088,4.241565227508545,639400,0.0,0.0
2014-06-13 00:00:00-04:00,4.249583837083089,4.353818618008823,4.217511537977946,4.233547687530518,694200,0.0,0.0
2014-06-16 00:00:00-04:00,4.209493637060279,4.32976496029983,4.169403068536431,4.3137288093566895,739400,0.0,0.0
2014-06-17 00:00:00-04:00,4.321747054743535,4.40994608346582,4.273638597894661,4.393909931182861,657900,0.0,0.0
2014-06-18 00:00:00-04:00,4.409945493194441,4.546252960520841,4.3458008926483656,4.514180660247803,1030600,0.0,0.0
2014-06-19 00:00:00-04:00,4.554272296454133,4.602380762202031,4.490127675456936,4.538236141204834,1194300,0.0,0.0
2014-06-20 00:00:00-04:00,4.530217903572634,4.554271943415912,4.458055019378662,4.458055019378662,2951200,0.0,0.0
2014-06-23 00:00:00-04:00,4.490125267549956,4.506161414199596,4.377872241002478,4.409944534301758,701100,0.0,0.0
2014-06-24 00:00:00-04:00,4.425981044769287,4.538234080544022,4.37787260086583,4.425981044769287,666300,0.0,0.0
2014-06-25 00:00:00-04:00,4.425982126673308,4.425982126673308,4.305710796349116,4.3698554039001465,769200,0.0,0.0
2014-06-26 00:00:00-04:00,4.353819134619772,4.409945855879581,4.2816566442366,4.385891437530518,618000,0.0,0.0
2014-06-27 00:00:00-04:00,4.345799947703199,4.4821073853910836,4.321745536562792,4.409944534301758,3701500,0.0,0.0
2014-06-30 00:00:00-04:00,4.377873538487288,4.4099458412919414,4.265620478671001,4.361837387084961,823900,0.0,0.0
2014-07-01 00:00:00-04:00,4.353819582136029,4.546253801712255,4.345801696750213,4.466073036193848,1141500,0.0,0.0
2014-07-02 00:00:00-04:00,4.482108959905146,4.53021741675402,4.377873778899903,4.393909931182861,797300,0.0,0.0
2014-07-03 00:00:00-04:00,4.401928289190899,4.522199635403496,4.393910403353829,4.458055019378662,389300,0.0,0.0
2014-07-07 00:00:00-04:00,4.46607231347657,4.46607231347657,4.305710426058094,4.3297648429870605,769100,0.0,0.0
2014-07-08 00:00:00-04:00,4.329765450786302,4.329765450786302,4.201475846376221,4.209494113922119,813600,0.0,0.0
2014-07-09 00:00:00-04:00,4.241566539937697,4.289674999583646,4.185439812518064,4.193458080291748,754400,0.0,0.0
2014-07-10 00:00:00-04:00,4.137330870629016,4.153367021975175,4.033096078044988,4.065168380737305,787800,0.0,0.0
2014-07-11 00:00:00-04:00,4.057150717096592,4.161385907509832,4.017060523936774,4.137331485748291,471700,0.0,0.0
2014-07-14 00:00:00-04:00,4.185438748473237,4.23354757822075,4.137330301057677,4.169402599334717,411800,0.0,0.0
2014-07-15 00:00:00-04:00,4.16940352893368,4.257602560026134,4.153367376219783,4.249584674835205,573200,0.0,0.0
2014-07-16 00:00:00-04:00,4.2896743994153015,4.313728817038848,4.20949364455681,4.2736382484436035,870800,0.0,0.0
2014-07-17 00:00:00-04:00,4.233548656036618,4.249584809257769,4.089222894714201,4.1293134689331055,712200,0.0,0.0
2014-07-18 00:00:00-04:00,4.145349502883099,4.273638724961139,4.105258929817691,4.209494113922119,636400,0.0,0.0
2014-07-21 00:00:00-04:00,4.177421690629536,4.23354841487233,4.105258814079089,4.22553014755249,576500,0.0,0.0
2014-07-22 00:00:00-04:00,4.241566299860142,4.305710909090748,4.193457842937187,4.22553014755249,577900,0.0,0.0
2014-07-23 00:00:00-04:00,4.217511102338547,4.329764137611596,4.169402276318174,4.321745872497559,712600,0.0,0.0
2014-07-24 00:00:00-04:00,4.241566854519395,4.417964935302734,4.241566854519395,4.417964935302734,1485300,0.0,0.0
2014-07-25 00:00:00-04:00,4.36985573523971,4.466073036193848,4.361837849853894,4.466073036193848,735500,0.0,0.0
2014-07-28 00:00:00-04:00,4.385890123161351,4.466071238741444,4.345799947703199,4.409944534301758,855100,0.0,0.0
2014-07-29 00:00:00-04:00,4.442018388031736,4.45003665533923,4.385891663875368,4.393909931182861,675200,0.0,0.0
2014-07-30 00:00:00-04:00,4.417964004519026,4.4901264929706475,4.281656529630853,4.401927471160889,1115400,0.0,0.0
2014-07-31 00:00:00-04:00,4.3297653380621535,4.345801490404412,4.105258822938503,4.121294975280762,859600,0.0,0.0
2014-08-01 00:00:00-04:00,4.137330867093778,4.137330867093778,3.8566980276097897,3.8967885971069336,1387200,0.0,0.0
2014-08-04 00:00:00-04:00,3.9208414204760564,3.9368775668495664,3.7684978387617707,3.864715099334717,840800,0.0,0.0
2014-08-05 00:00:00-04:00,3.832644236276854,3.880752693343254,3.7684992445229564,3.8246259689331055,406900,0.0,0.0
2014-08-06 00:00:00-04:00,3.840662010149398,3.9689512252807617,3.8246258582579773,3.9689512252807617,810400,0.0,0.0
2014-08-07 00:00:00-04:00,3.976968979548096,4.033095695096336,3.8005709491576085,3.848679780960083,502900,0.0,0.0
2014-08-08 00:00:00-04:00,3.8807520806070865,3.8807520806070865,3.7845347993341067,3.848679780960083,470500,0.0,0.0
2014-08-11 00:00:00-04:00,3.8727348998554243,3.928861631133067,3.8406625912202217,3.9208433628082275,691900,0.0,0.0
2014-08-12 00:00:00-04:00,3.904805918772756,4.041113376617432,3.8887697697517325,4.041113376617432,700700,0.0,0.0
2014-08-13 00:00:00-04:00,4.057150355081402,4.19345784079275,3.984987478567857,4.161385536193848,781800,0.0,0.0
2014-08-14 00:00:00-04:00,4.177419879567003,4.193456024922406,4.097239152789989,4.105257034301758,388400,0.0,0.0
2014-08-15 00:00:00-04:00,4.169404276534824,4.177422545495519,4.009042720641987,4.04913330078125,495200,0.0,0.0
2014-08-18 00:00:00-04:00,4.105257985050034,4.169402581327074,4.057149537842255,4.14534854888916,581000,0.0,0.0
2014-08-19 00:00:00-04:00,4.169402078777488,4.169402078777488,4.065167313556981,4.081203460693359,341600,0.0,0.0
2014-08-20 00:00:00-04:00,4.057150245685434,4.097240816519085,4.017060057183802,4.07318639755249,292300,0.0,0.0
2014-08-21 00:00:00-04:00,4.065167934155595,4.161384831662576,3.984986803901146,4.153366565704346,304100,0.0,0.0
2014-08-22 00:00:00-04:00,4.16138412699038,4.225528714466379,4.097239539514381,4.18543815612793,339000,0.0,0.0
2014-08-25 00:00:00-04:00,4.201475725776461,4.201475725776461,4.041114202781951,4.161385536193848,543500,0.0,0.0
2014-08-26 00:00:00-04:00,4.145349033287719,4.321746693662261,4.145349033287719,4.3137288093566895,658600,0.0,0.0
2014-08-27 00:00:00-04:00,4.31372832391335,4.31372832391335,4.161384715931433,4.169402599334717,240800,0.0,0.0
2014-08-28 00:00:00-04:00,4.153365470367967,4.16940161572337,4.081203007434586,4.105257034301758,259300,0.0,0.0
2014-08-29 00:00:00-04:00,4.105259632560692,4.185440410084904,4.105259632560692,4.177422523498535,259200,0.0,0.0
2014-09-02 00:00:00-04:00,4.217512501280748,4.2576026931530135,4.161385773861116,4.193458080291748,422600,0.0,0.0
2014-09-03 00:00:00-04:00,4.209493163346993,4.289673909039593,4.153366450196197,4.169402599334717,732200,0.0,0.0
2014-09-04 00:00:00-04:00,4.169403421177559,4.281656869605745,4.161385536193848,4.161385536193848,440800,0.0,0.0
2014-09-05 00:00:00-04:00,4.153367506087432,4.209494233507065,4.105259046441483,4.193458080291748,375600,0.0,0.0
2014-09-08 00:00:00-04:00,4.177421688493299,4.265620717306294,4.145349383894397,4.161385536193848,467900,0.0,0.0
2014-09-09 00:00:00-04:00,4.145349137468099,4.185439324667493,4.049132229391146,4.065168380737305,470400,0.0,0.0
2014-09-10 00:00:00-04:00,4.081204083740092,4.161384831662576,4.049131784571098,4.153366565704346,636100,0.0,0.0
2014-09-11 00:00:00-04:00,4.137330645507664,4.281656382102014,4.121294495034067,4.265620231628418,667300,0.0,0.0
2014-09-12 00:00:00-04:00,4.257602572201384,4.329765450786302,4.209494113922119,4.209494113922119,567300,0.0,0.0
2014-09-15 00:00:00-04:00,4.209493869435854,4.257602324920993,4.113276958465576,4.113276958465576,521500,0.0,0.0
2014-09-16 00:00:00-04:00,4.105257855942606,4.153366301637409,4.017059230001437,4.057149410247803,755600,0.0,0.0
2014-09-17 00:00:00-04:00,4.073185195959217,4.169402078777488,4.025076754550081,4.081203460693359,399200,0.0,0.0
2014-09-18 00:00:00-04:00,4.1132760414813765,4.257601375761941,4.105257776188712,4.241565227508545,542500,0.0,0.0
2014-09-19 00:00:00-04:00,4.241566299860142,4.353819366013703,4.177421690629536,4.22553014755249,1285800,0.0,0.0
2014-09-22 00:00:00-04:00,4.2094926138784166,4.241564907969033,4.009040584646111,4.017058849334717,417300,0.0,0.0
2014-09-23 00:00:00-04:00,4.009040802993756,4.033095216037765,3.9128239154815674,3.9128239154815674,810300,0.0,0.0
2014-09-24 00:00:00-04:00,3.928860899771846,3.944897051104302,3.8566980276097897,3.8967885971069336,556700,0.0,0.0
2014-09-25 00:00:00-04:00,3.880752559324605,3.9208427476627743,3.752462962579218,3.81660795211792,623000,0.0,0.0
2014-09-26 00:00:00-04:00,3.8326436311365817,3.888769964352852,3.7925530654118425,3.848679780960083,590300,0.0,0.0
2014-09-29 00:00:00-04:00,3.808590041465877,3.9128252290972676,3.808590041465877,3.832644462585449,309600,0.0,0.0
2014-09-30 00:00:00-04:00,3.8326441158274065,3.872734304290134,3.8085896968841553,3.8085896968841553,765600,0.0,0.0
2014-10-01 00:00:00-04:00,3.7925535450326606,3.8807525713818904,3.73642682238642,3.8085896968841553,578700,0.0,0.0
2014-10-02 00:00:00-04:00,3.792552249487979,3.9208414204760564,3.792552249487979,3.864715099334717,400200,0.0,0.0
2014-10-03 00:00:00-04:00,3.936878917673807,4.009041792281113,3.904806613922119,3.904806613922119,375800,0.0,0.0
2014-10-06 00:00:00-04:00,3.9208425261143867,3.9288607927281567,3.8005712032318115,3.8005712032318115,400200,0.0,0.0
2014-10-07 00:00:00-04:00,3.784535283998233,3.8085897029799844,3.672282220858104,3.7043545246124268,917400,0.0,0.0
2014-10-08 00:00:00-04:00,3.6963353712469207,3.8727329813555276,3.6642630784999013,3.864715099334717,514500,0.0,0.0
2014-10-09 00:00:00-04:00,3.8807529541159105,3.8807529541159105,3.6321923847377837,3.6562464237213135,484600,0.0,0.0
2014-10-10 00:00:00-04:00,3.6161544699106147,3.720389225287589,3.608136205933687,3.672280788421631,786200,0.0,0.0
2014-10-13 00:00:00-04:00,3.6722822149804415,3.896788723233385,3.6722822149804415,3.8085896968841553,757200,0.0,0.0
2014-10-14 00:00:00-04:00,3.8566981582945883,3.993005640405269,3.8166079697709887,3.904806613922119,834500,0.0,0.0
2014-10-15 00:00:00-04:00,3.7524615165315613,3.808588217374447,3.576063914689715,3.672280788421631,1280900,0.0,0.0
2014-10-16 00:00:00-04:00,3.584083301269074,3.8887705783549724,3.576065416257356,3.8246259689331055,1158300,0.0,0.0
2014-10-17 00:00:00-04:00,3.8647169054814032,3.896789213217177,3.7043549844704677,3.776517868041992,894100,0.0,0.0
2014-10-20 00:00:00-04:00,3.72840892604272,3.880752559324605,3.72840892604272,3.81660795211792,438700,0.0,0.0
2014-10-21 00:00:00-04:00,3.89678789199879,4.001022665632888,3.880751743568011,3.8887696266174316,688900,0.0,0.0
2014-10-22 00:00:00-04:00,3.912824998054188,3.968951340132306,3.816608083921387,3.8246259689331055,434500,0.0,0.0
2014-10-23 00:00:00-04:00,3.9208422639998552,3.984986863293862,3.8406615148823473,3.848679780960083,557700,0.0,0.0
2014-10-24 00:00:00-04:00,3.872734791249313,3.912825367085064,3.7203911383383548,3.776517868041992,967700,0.0,0.0
2014-10-27 00:00:00-04:00,3.7685002052506698,3.8166090569137956,3.7284100053075684,3.784536361694336,492900,0.0,0.0
2014-10-28 00:00:00-04:00,3.7925536610984456,4.121294975280762,3.6321921376758595,4.121294975280762,1187000,0.0,0.0
2014-10-29 00:00:00-04:00,4.0972401193773536,4.193457014208473,3.952914394798721,4.169402599334717,788100,0.0,0.0
2014-10-30 00:00:00-04:00,4.121294843213756,4.129313110293956,4.025077932243478,4.113276958465576,1117700,0.0,0.0
2014-10-31 00:00:00-04:00,4.177422523498535,4.20949483450822,4.153368099075219,4.177422523498535,996200,0.0,0.0
2014-11-03 00:00:00-05:00,4.20949483450822,4.249585414436378,4.137331943570377,4.177422523498535,709600,0.0,0.0
2014-11-04 00:00:00-05:00,4.153367507598808,4.17742192859656,4.033096549606196,4.1293134689331055,513400,0.0,0.0
2014-11-05 00:00:00-05:00,4.15336586238993,4.225528714466379,4.113275686383381,4.18543815612793,606600,0.0,0.0
2014-11-06 00:00:00-05:00,4.209494113922119,4.233548534227771,4.121295082577446,4.209494113922119,1018200,0.0,0.0
2014-11-07 00:00:00-05:00,4.1934579611623635,4.225530266681874,4.185439693616466,4.209494113922119,570200,0.0,0.0
2014-11-10 00:00:00-05:00,4.209494235038864,4.225530388260016,4.1132773157119535,4.1293134689331055,899200,0.0,0.0
2014-11-11 00:00:00-05:00,4.137329784504732,4.169402078777488,4.073185195959217,4.081203460693359,633200,0.0,0.0
2014-11-12 00:00:00-05:00,4.073185195959217,4.161384196375253,4.073185195959217,4.081203460693359,909500,0.0,0.0
2014-11-13 00:00:00-05:00,4.057150012009531,4.121294615783279,3.9689509906546294,4.001023292541504,685600,0.0,0.0
2014-11-14 00:00:00-05:00,4.009042739868164,4.057151206866728,3.9689521595366384,4.009042739868164,1055200,0.0,0.0
2014-11-17 00:00:00-05:00,4.009041903850518,4.017060171177594,3.9529151795570803,3.9609334468841553,435200,0.0,0.0
2014-11-18 00:00:00-05:00,3.984986640733209,4.001022789661095,3.9448964595794678,3.9448964595794678,604600,0.0,0.0
2014-11-19 00:00:00-05:00,3.9529150695496504,3.9769694885294253,3.848680273522676,3.904806613922119,438200,0.0,0.0
2014-11-20 00:00:00-05:00,3.8967882540733836,3.976969003677368,3.8566976881054047,3.976969003677368,717000,0.0,0.0
2014-11-21 00:00:00-05:00,4.017059825816937,4.041113861066094,3.9529148397111924,4.001023292541504,1551600,0.0,0.0
2014-11-24 00:00:00-05:00,4.0250780504825,4.161385536193848,4.009041898183049,4.161385536193848,950700,0.0,0.0
2014-11-25 00:00:00-05:00,4.177421699644682,4.193457851986941,4.089222670596245,4.121294975280762,1682700,0.0,0.0
2014-11-26 00:00:00-05:00,4.137331354377656,4.161385775375409,4.089222894714201,4.1293134689331055,668100,0.0,0.0
2014-11-28 00:00:00-05:00,4.137330995042136,4.161385413950715,4.097240806637196,4.113276958465576,928600,0.0,0.0
2014-12-01 00:00:00-05:00,4.097241767549101,4.129314078727668,4.04913330078125,4.04913330078125,613200,0.0,0.0
2014-12-02 00:00:00-05:00,4.073186518253986,4.169403432307537,4.057150365911728,4.121294975280762,603700,0.0,0.0
2014-12-03 00:00:00-05:00,4.113276509176389,4.225529559713755,4.113276509176389,4.201475143432617,942500,0.0,0.0
2014-12-04 00:00:00-05:00,4.185439693616466,4.225530266681874,4.177421808402609,4.209494113922119,840400,0.0,0.0
2014-12-05 00:00:00-05:00,4.225529922976791,4.442018158790327,4.225529922976791,4.385891437530518,1711200,0.0,0.0
2014-12-08 00:00:00-05:00,4.361837166668341,4.682560560839775,4.3458010160763685,4.666524410247803,1557600,0.0,0.0
2014-12-09 00:00:00-05:00,4.5703072464606445,4.746705290016837,4.5221987933995,4.714632987976074,1348800,0.0,0.0
2014-12-10 00:00:00-05:00,4.666524535448092,4.714632988514732,4.578325513659919,4.610397815704346,1589400,0.0,0.0
2014-12-11 00:00:00-05:00,4.650489249785231,4.674543289628509,4.4340009795353845,4.458055019378662,722100,0.0,0.0
2014-12-12 00:00:00-05:00,4.36985456091277,4.530216431187004,4.36985456091277,4.433999538421631,1288600,0.0,0.0
2014-12-15 00:00:00-05:00,4.490126734224338,4.538235189887611,4.353819252012388,4.3698554039001465,686000,0.0,0.0
2014-12-16 00:00:00-05:00,4.377873657128409,4.4740905681498635,4.329765201617681,4.34580135345459,841600,0.0,0.0
2014-12-17 00:00:00-05:00,4.337781489455061,4.506161212921143,4.297691315787632,4.506161212921143,1532200,0.0,0.0
2014-12-18 00:00:00-05:00,4.602379556184801,4.674542427062988,4.56228936973292,4.674542427062988,935300,0.0,0.0
2014-12-19 00:00:00-05:00,4.666525244095066,4.746706011382186,4.59436236237063,4.68256139755249,3577100,0.0,0.0
2014-12-22 00:00:00-05:00,4.674542536048155,4.738687141732273,4.618416197240556,4.698596954345703,537900,0.0,0.0
2014-12-23 00:00:00-05:00,4.7306692716923635,4.738687156261457,4.674542550380667,4.72265100479126,897900,0.0,0.0
2014-12-24 00:00:00-05:00,4.722651590030022,4.722651590030022,4.642470822742902,4.68256139755249,240500,0.0,0.0
2014-12-26 00:00:00-05:00,4.706614729157294,4.722650880204446,4.650488391658259,4.674542427062988,235500,0.0,0.0
2014-12-29 00:00:00-05:00,4.67454312965775,4.730669857924762,4.650489090637643,4.68256139755249,702300,0.0,0.0
2014-12-30 00:00:00-05:00,4.674542667417498,4.730669390134442,4.642470363674106,4.706614971160889,382300,0.0,0.0
2014-12-31 00:00:00-05:00,4.730669390134442,4.778777845749529,4.658506515545802,4.706614971160889,709700,0.0,0.0
2015-01-02 00:00:00-05:00,4.730669886492487,4.754723925657853,4.530217775898162,4.602380275726318,592100,0.0,0.0
2015-01-05 00:00:00-05:00,4.5783267204941325,4.602380762202031,4.498145944247635,4.538236141204834,579800,0.0,0.0
2015-01-06 00:00:00-05:00,4.546253319377723,4.594361773584703,4.361837387084961,4.361837387084961,833800,0.0,0.0
2015-01-07 00:00:00-05:00,4.38589052121754,4.58634256369668,4.377872638330977,4.554270267486572,988400,0.0,0.0
2015-01-08 00:00:00-05:00,4.626434207943925,4.658506511660567,4.530217296793997,4.642470359802246,780700,0.0,0.0
2015-01-09 00:00:00-05:00,4.634450762719795,4.650486908653142,4.490125066987796,4.506161212921143,687700,0.0,0.0
2015-01-12 00:00:00-05:00,4.506162636065628,4.586343391055195,4.393909579080234,4.442018032073975,597800,0.0,0.0
2015-01-13 00:00:00-05:00,4.474090703860748,4.618416457102727,4.297693028304144,4.353819370269775,698800,0.0,0.0
2015-01-14 00:00:00-05:00,4.3217465671200115,4.337782717593608,4.185439096928452,4.265620231628418,756900,0.0,0.0
2015-01-15 00:00:00-05:00,4.22553014755249,4.281656871795285,4.177421690629536,4.22553014755249,898500,0.0,0.0
2015-01-16 00:00:00-05:00,4.225530151683154,4.369855522593103,4.177421694713171,4.353819370269775,817400,0.0,0.0
2015-01-20 00:00:00-05:00,4.369854316186008,4.385890464082157,4.25760128091296,4.321745872497559,615000,0.0,0.0
2015-01-21 00:00:00-05:00,4.2976929115712466,4.425982126673308,4.233548304020216,4.3698554039001465,744400,0.0,0.0
2015-01-22 00:00:00-05:00,4.393910743961139,4.562290565244833,4.313729967714642,4.538236141204834,548900,0.0,0.0
2015-01-23 00:00:00-05:00,4.514179678690363,4.554269854148515,4.361836094352839,4.409944534301758,523800,0.0,0.0
2015-01-26 00:00:00-05:00,4.385891888343392,4.482109189297529,4.321747275928666,4.466073036193848,441500,0.0,0.0
2015-01-27 00:00:00-05:00,4.393909586813819,4.450036306571302,4.353819018082475,4.401927471160889,395100,0.0,0.0
2015-01-28 00:00:00-05:00,4.458054167844952,4.474090318788092,4.273638240832841,4.3137288093566895,653100,0.0,0.0
2015-01-29 00:00:00-05:00,4.31372765440392,4.442016827601037,4.273637096613873,4.409944534301758,1024900,0.0,0.0
2015-01-30 00:00:00-05:00,4.369855169108613,4.5061626439967855,4.361837284761543,4.401927471160889,1030700,0.0,0.0
2015-02-02 00:00:00-05:00,4.4019271256935735,4.602379188954635,4.3698548261583605,4.594361305236816,691600,0.0,0.0
2015-02-03 00:00:00-05:00,4.642471759485823,4.834906022135731,4.626435602792676,4.770761013031006,1390500,0.0,0.0
2015-02-04 00:00:00-05:00,4.730669012615692,4.7787774643916086,4.65048825965583,4.666524410247803,1049300,0.0,0.0
2015-02-05 00:00:00-05:00,4.7386863437708815,4.923102245224385,4.730668460576526,4.915084362030029,869700,0.0,0.0
2015-02-06 00:00:00-05:00,5.019320253110335,5.155627345981881,4.971211417588613,5.051392555236816,2455000,0.0,0.0
2015-02-09 00:00:00-05:00,5.0193196676864815,5.171662893852853,5.0193196676864815,5.027337551116943,1704300,0.0,0.0
2015-02-10 00:00:00-05:00,5.043373453516828,5.059409601924992,4.8910298524733005,4.955174446105957,1195500,0.0,0.0
2015-02-11 00:00:00-05:00,4.955175626153062,5.075446959022201,4.858958712790562,4.963193893432617,655100,0.0,0.0
2015-02-12 00:00:00-05:00,4.987247353979792,5.163645390414528,4.963193319586318,5.107518672943115,1012600,0.0,0.0
2015-02-13 00:00:00-05:00,5.115536577499798,5.219771738718122,5.083464279022153,5.091482162475586,1075700,0.0,0.0
2015-02-17 00:00:00-05:00,5.091483341706669,5.259863138878484,5.075447188753737,5.163646221160889,1947700,0.0,0.0
2015-02-18 00:00:00-05:00,5.163644521234857,5.195716816582186,5.035355339845542,5.067427635192871,742400,0.0,0.0
2015-02-19 00:00:00-05:00,5.051392569096191,5.19571792906134,5.0193202668817145,5.179681777954102,840300,0.0,0.0
2015-02-20 00:00:00-05:00,5.17166364325269,5.195718061693591,5.027338279603316,5.187699794769287,490200,0.0,0.0
2015-02-23 00:00:00-05:00,5.179681174455088,5.179681174455088,5.051391980544508,5.091482162475586,390800,0.0,0.0
2015-02-24 00:00:00-05:00,5.091483341706669,5.243826985925551,5.091483341706669,5.163646221160889,502800,0.0,0.0
2015-02-25 00:00:00-05:00,5.1476088759774425,5.1476088759774425,5.083464279022153,5.091482162475586,290700,0.0,0.0
2015-02-26 00:00:00-05:00,5.107518666805939,5.1556271178670645,5.075446366098522,5.147609233856201,362500,0.0,0.0
2015-02-27 00:00:00-05:00,5.131572860483334,5.412205670642867,5.091482295175415,5.283916473388672,1643500,0.0,0.0
2015-03-02 00:00:00-05:00,5.283917438782536,5.356079934256428,5.131573798043376,5.243826866149902,905700,0.0,0.0
2015-03-03 00:00:00-05:00,5.23580801164769,5.291934344143519,5.171663030845083,5.219771862030029,581500,0.0,0.0
2015-03-04 00:00:00-05:00,5.211753596055217,5.23580801164769,5.0995005487315925,5.219771862030029,663400,0.0,0.0
2015-03-05 00:00:00-05:00,5.227789622171556,5.251844037195767,5.083464279022153,5.091482162475586,1303200,0.0,0.0
2015-03-06 00:00:00-05:00,5.091482755698288,5.219772346888198,5.059410453483811,5.179681777954102,862900,0.0,0.0
2015-03-09 00:00:00-04:00,5.211755251214065,5.332026602708499,5.1877008279823436,5.315990447998047,422600,0.0,0.0
2015-03-10 00:00:00-04:00,5.259862667759979,5.267880934684283,5.155627491736093,5.187699794769287,563200,0.0,0.0
2015-03-11 00:00:00-04:00,5.211753005711376,5.235807418579166,5.107517853837487,5.195716857910156,504100,0.0,0.0
2015-03-12 00:00:00-04:00,5.259862655136597,5.3400434125271525,5.195718049224151,5.332025527954102,621300,0.0,0.0
2015-03-13 00:00:00-04:00,5.340043548581203,5.41220642323728,5.291935092921158,5.40418815612793,768600,0.0,0.0
2015-03-16 00:00:00-04:00,5.356078454647913,5.372114602804598,5.123554115210014,5.139590263366699,1051100,0.0,0.0
2015-03-17 00:00:00-04:00,5.091481818896644,5.179680824924377,5.043373374426589,5.139590263366699,785100,0.0,0.0
2015-03-18 00:00:00-04:00,5.123553469858341,5.187698054405569,4.955173744255927,4.987246036529541,843100,0.0,0.0
2015-03-19 00:00:00-04:00,4.971210142155385,5.06742740618095,4.947156112897921,5.059409141540527,601400,0.0,0.0
2015-03-20 00:00:00-04:00,5.091482866071647,5.123555168981389,5.035356527145604,5.099501132965088,1369700,0.0,0.0
2015-03-23 00:00:00-04:00,5.091484327552571,5.131574908863521,4.987249122009796,4.995267391204834,529100,0.0,0.0
2015-03-24 00:00:00-04:00,4.9792312351468775,5.043375859378703,4.93112276697301,4.995267391204834,564700,0.0,0.0
2015-03-25 00:00:00-04:00,5.01130152167971,5.01130152167971,4.9070663582691,4.971210956573486,758200,0.0,0.0
2015-03-26 00:00:00-04:00,5.0113028099938814,5.155628193282163,4.9070676197863135,5.1315741539001465,846900,0.0,0.0
2015-03-27 00:00:00-04:00,5.147609229970895,5.147609229970895,5.019320027238057,5.043374061584473,753100,0.0,0.0
2015-03-30 00:00:00-04:00,5.099500428260976,5.163645025216265,5.083464279022153,5.091482162475586,484000,0.0,0.0
2015-03-31 00:00:00-04:00,5.075446119984096,5.099500535514223,4.96319307295142,4.971210956573486,837400,0.0,0.0
2015-04-01 00:00:00-04:00,4.963192968565006,5.091482162475586,4.9311206700873615,5.091482162475586,1148300,0.0,0.0
2015-04-02 00:00:00-04:00,5.091483223396147,5.163646101173521,5.059410918235544,5.115537643432617,456900,0.0,0.0
2015-04-06 00:00:00-04:00,5.0995011473266,5.15562748641071,4.995265971410381,5.1235551834106445,884400,0.0,0.0
2015-04-07 00:00:00-04:00,5.139591681137051,5.195718406334124,5.067429185691712,5.115537643432617,749300,0.0,0.0
2015-04-08 00:00:00-04:00,5.139590731609761,5.275898194525858,5.107518432374441,5.219771862030029,1256500,0.0,0.0
2015-04-09 00:00:00-04:00,5.219772346888198,5.235808497995437,5.155627360127243,5.179681777954102,877400,0.0,0.0
2015-04-10 00:00:00-04:00,5.227790832519531,5.251845253112868,5.16364622071336,5.227790832519531,563800,0.0,0.0
2015-04-13 00:00:00-04:00,5.251845829156238,5.372116798318586,5.227791405924517,5.315990447998047,1165800,0.0,0.0
2015-04-14 00:00:00-04:00,5.299953591369183,5.348062049129123,5.227790713563255,5.243826866149902,778400,0.0,0.0
2015-04-15 00:00:00-04:00,5.235808036882666,5.3480610847473145,5.211753621174258,5.3480610847473145,531200,0.0,0.0
2015-04-16 00:00:00-04:00,5.332025663803872,5.420224690346631,5.291935092921158,5.40418815612793,758200,0.0,0.0
2015-04-17 00:00:00-04:00,5.348062061173714,5.388152251564601,5.179682267468691,5.203736305236816,465300,0.0,0.0
2015-04-20 00:00:00-04:00,5.243826985925551,5.3400439036431475,5.1556279535184,5.163646221160889,973900,0.0,0.0
2015-04-21 00:00:00-04:00,5.179681910176994,5.259862667759979,5.1636457586603965,5.187699794769287,681700,0.0,0.0
2015-04-22 00:00:00-04:00,5.211754560976609,5.283917438782536,5.147609950630023,5.243826866149902,460200,0.0,0.0
2015-04-23 00:00:00-04:00,5.235808258258918,5.251844408631896,5.099500788922618,5.107518672943115,587300,0.0,0.0
2015-04-24 00:00:00-04:00,5.091481665537408,5.147608373561193,5.027337074842751,5.067427635192871,1124600,0.0,0.0
2015-04-27 00:00:00-04:00,5.083464614133498,5.115536914725409,4.874994277954102,4.874994277954102,1355800,0.0,0.0
2015-04-28 00:00:00-04:00,4.858957909540811,5.0032832557256794,4.858957909540811,4.971210956573486,688700,0.0,0.0
2015-04-29 00:00:00-04:00,4.971210837775891,5.115536562843754,4.963192954345429,5.027337551116943,833600,0.0,0.0
2015-04-30 00:00:00-04:00,5.003284200881494,5.027338620955671,4.786795949542046,4.818868637084961,1233200,0.0,0.0
2015-05-01 00:00:00-04:00,4.826885352900455,4.963192808191994,4.8188674697061,4.915084362030029,1157100,0.0,0.0
2015-05-04 00:00:00-04:00,4.923102855682373,4.963193423621157,4.88301267007558,4.923102855682373,907000,0.0,0.0
2015-05-05 00:00:00-04:00,4.8188684165947775,4.92310321259479,4.618416327032572,4.706614971160889,1425500,0.0,0.0
2015-05-06 00:00:00-04:00,4.802832220479043,4.891031253148014,4.730669723142654,4.866977214813232,1009600,0.0,0.0
2015-05-07 00:00:00-04:00,4.883012308047173,4.971210939242232,4.810849444040339,4.94715690612793,1486600,0.0,0.0
2015-05-08 00:00:00-04:00,4.947157159534845,5.051392327921267,4.8669764078268205,5.043374061584473,868500,0.0,0.0
2015-05-11 00:00:00-04:00,5.02733684764264,5.115535847027781,4.995264553744752,5.059409141540527,598000,0.0,0.0
2015-05-12 00:00:00-04:00,5.059411156989829,5.083465578161431,4.971212122470029,5.019320964813232,617700,0.0,0.0
2015-05-13 00:00:00-04:00,5.019319682066863,5.107518311714409,4.979229117803829,5.091482162475586,873500,0.0,0.0
2015-05-14 00:00:00-04:00,5.115537762302091,5.163646221160889,5.075447188753737,5.163646221160889,835900,0.0,0.0
2015-05-15 00:00:00-04:00,5.155627345981881,5.155627345981881,4.971211417588613,5.051392555236816,727000,0.0,0.0
2015-05-18 00:00:00-04:00,5.083465351732118,5.203736305236816,5.051393046486593,5.203736305236816,634800,0.0,0.0
2015-05-19 00:00:00-04:00,5.203735342772835,5.315988772702221,5.1476090101401075,5.283916473388672,844400,0.0,0.0
2015-05-20 00:00:00-04:00,5.259860768241606,5.315987469446401,5.211752331065442,5.291933059692383,603300,0.0,0.0
2015-05-21 00:00:00-04:00,5.291933744717474,5.291933744717474,5.131572266705278,5.195716857910156,590700,0.0,0.0
2015-05-22 00:00:00-04:00,5.1957176849173266,5.307970737393286,5.139590967513356,5.147609233856201,906700,0.0,0.0
2015-05-26 00:00:00-04:00,5.13157331055302,5.147609461616261,4.955175266525372,5.051392555236816,1132200,0.0,0.0
2015-05-27 00:00:00-04:00,5.059409970407999,5.059409970407999,4.95517480699739,4.971210956573486,1305700,0.0,0.0
2015-05-28 00:00:00-04:00,4.955175157100604,4.979229574330273,4.907066704973257,4.923102855682373,1069200,0.0,0.0
2015-05-29 00:00:00-04:00,4.923102494748279,4.923102494748279,4.834903863480365,4.907066345214844,676700,0.0,0.0
2015-06-01 00:00:00-04:00,4.939138879137922,4.955175029433877,4.778777376178372,4.874994277954102,615300,0.0,0.0
2015-06-02 00:00:00-04:00,4.874993439091729,4.931120146635584,4.834903261416333,4.8990478515625,683600,0.0,0.0
2015-06-03 00:00:00-04:00,4.931119716216658,4.9952643007638855,4.891029159708699,4.987246036529541,1201600,0.0,0.0
2015-06-04 00:00:00-04:00,4.939138412475586,4.987246858818043,4.87499381735231,4.939138412475586,540000,0.0,0.0
2015-06-05 00:00:00-04:00,5.075446598677954,5.099501016476788,4.891030669993561,5.0113019943237305,640600,0.0,0.0
2015-06-08 00:00:00-04:00,5.027339703320746,5.043375859378703,4.9792312351468775,4.995267391204834,349700,0.0,0.0
2015-06-09 00:00:00-04:00,4.987246036529541,5.043372739174306,4.955173744255927,4.987246036529541,596400,0.0,0.0
2015-06-10 00:00:00-04:00,5.027337433630996,5.107518177721612,5.003283019237838,5.0834641456604,772700,0.0,0.0
2015-06-11 00:00:00-04:00,5.067428488176663,5.123554823316092,5.027337921078228,5.107518672943115,452300,0.0,0.0
2015-06-12 00:00:00-04:00,5.091481818896644,5.139590263366699,5.067427787827581,5.139590263366699,428100,0.0,0.0
2015-06-15 00:00:00-04:00,5.083465338272014,5.155627833717353,5.003284193038471,5.115537643432617,608500,0.0,0.0
2015-06-16 00:00:00-04:00,5.083464648248103,5.195717701073107,5.051392347440959,5.171663284301758,479000,0.0,0.0
2015-06-17 00:00:00-04:00,5.17968337703739,5.195719533095346,4.955176809893884,4.995267391204834,471000,0.0,0.0
2015-06-18 00:00:00-04:00,5.011302122910414,5.131573450326666,4.971211552994326,5.1235551834106445,935200,0.0,0.0
2015-06-19 00:00:00-04:00,5.1155372844199585,5.1476095873297005,5.083464981510216,5.099501132965088,1324000,0.0,0.0
2015-06-22 00:00:00-04:00,5.139590967513356,5.20373556892819,5.123554817159647,5.147609233856201,441400,0.0,0.0
2015-06-23 00:00:00-04:00,5.123554468491528,5.2358078956604,5.123554468491528,5.2358078956604,941100,0.0,0.0
2015-06-24 00:00:00-04:00,5.187700500679558,5.2358093441077145,5.107519732186069,5.1315741539001465,457700,0.0,0.0
2015-06-25 00:00:00-04:00,5.187699794769287,5.187699794769287,5.123555188702898,5.187699794769287,941700,0.0,0.0
2015-06-26 00:00:00-04:00,5.195718299299428,5.267881175590207,5.107519270758702,5.155627727508545,1217900,0.0,0.0
2015-06-29 00:00:00-04:00,4.931122251696816,4.971212446486434,4.273639157359881,4.482109546661377,5089400,0.0,0.0
2015-06-30 00:00:00-04:00,4.498143454586182,4.514179600959691,3.72840766399394,3.864715099334717,6434600,0.0,0.0
2015-07-01 00:00:00-04:00,3.928861631133067,4.0250785570386745,3.776517973949817,3.9208433628082275,3683800,0.0,0.0
2015-07-02 00:00:00-04:00,3.8887702243232996,3.8887702243232996,3.776517168054494,3.8005712032318115,1720800,0.0,0.0
2015-07-06 00:00:00-04:00,3.752462599612251,3.83264373319689,3.5119203458542745,3.5921010971069336,2690200,0.0,0.0
2015-07-07 00:00:00-04:00,3.592101214250054,3.6161556315762877,3.3355224195421953,3.5760650634765625,2012500,0.0,0.0
2015-07-08 00:00:00-04:00,3.5600285571616643,3.720390048881217,3.511920109645798,3.6321914196014404,1659700,0.0,0.0
2015-07-09 00:00:00-04:00,3.7123725567459136,3.7684988935975055,3.543992781527149,3.736426591873169,1917200,0.0,0.0
2015-07-10 00:00:00-04:00,3.7364268107775467,3.8246258368527473,3.7364268107775467,3.81660795211792,1267900,0.0,0.0
2015-07-13 00:00:00-04:00,3.8566982736440387,3.8887705783549724,3.728409054800305,3.8246259689331055,1783400,0.0,0.0
2015-07-14 00:00:00-04:00,3.784534206339526,3.8406609130933336,3.7364257644070813,3.7925524711608887,1078100,0.0,0.0
2015-07-15 00:00:00-04:00,3.792552736032755,3.9048057750482115,3.792552736032755,3.8887696266174316,922100,0.0,0.0
2015-07-16 00:00:00-04:00,3.9288610269363744,3.944897178787869,3.8005714297923987,3.8085896968841553,597000,0.0,0.0
2015-07-17 00:00:00-04:00,3.816608094268498,3.816608094268498,3.7043546451438725,3.7524631023406982,470100,0.0,0.0
2015-07-20 00:00:00-04:00,3.7524628492868337,3.800571303239382,3.69633651084153,3.7284088134765625,532100,0.0,0.0
2015-07-21 00:00:00-04:00,3.7123725567459136,3.84066176364326,3.704354290148832,3.736426591873169,418300,0.0,0.0
2015-07-22 00:00:00-04:00,3.696335587295999,3.856697060404149,3.696335587295999,3.7925524711608887,444700,0.0,0.0
2015-07-23 00:00:00-04:00,3.7604816122020925,3.8566985328003245,3.648228538170822,3.6562464237213135,668600,0.0,0.0
2015-07-24 00:00:00-04:00,3.6321917823497794,3.6402096665705286,3.487866043056362,3.5760650634765625,786700,0.0,0.0
2015-07-27 00:00:00-04:00,3.6321915356554038,3.744444583445744,3.4798479224882444,3.6161553859710693,780000,0.0,0.0
2015-07-28 00:00:00-04:00,3.640210271480282,3.648228539365455,3.4878666226505013,3.624174118041992,1333800,0.0,0.0
2015-07-29 00:00:00-04:00,3.600118738925575,3.672281601365351,3.543992407989709,3.6321914196014404,715800,0.0,0.0
2015-07-30 00:00:00-04:00,3.63219214416229,3.76048136312946,3.423721781008608,3.527956962585449,1138900,0.0,0.0
2015-07-31 00:00:00-04:00,3.519937977134812,3.535974126234189,3.383630518624132,3.4557933807373047,958100,0.0,0.0
2015-08-03 00:00:00-04:00,3.439757568153944,3.455793718822159,3.3034500963081253,3.3114683628082275,1184800,0.0,0.0
2015-08-04 00:00:00-04:00,3.3114684951349056,3.4557938569160953,3.303450228314392,3.319486379623413,716600,0.0,0.0
2015-08-05 00:00:00-04:00,3.3355223019391973,3.4958841863521077,3.3355223019391973,3.3836307525634766,772800,0.0,0.0
2015-08-06 00:00:00-04:00,3.343540540991941,3.3836307250198394,3.2473236405266133,3.2954320907592773,567400,0.0,0.0
2015-08-07 00:00:00-04:00,3.2633601416708604,3.3675949372223783,3.2152516862627714,3.247323989868164,357600,0.0,0.0
2015-08-10 00:00:00-04:00,3.2553422435410084,3.3194868580214916,3.2553422435410084,3.28741455078125,384700,0.0,0.0
2015-08-11 00:00:00-04:00,3.2633598393796963,3.3275044406486467,3.119034295358567,3.151106595993042,714400,0.0,0.0
2015-08-12 00:00:00-04:00,3.1671423151305564,3.1671423151305564,2.990744494490028,3.111015796661377,1021600,0.0,0.0
2015-08-13 00:00:00-04:00,3.102997776097078,3.183178714255497,3.0869616266985904,3.1430883407592773,543800,0.0,0.0
2015-08-14 00:00:00-04:00,3.1110161624108414,3.1430884624495534,3.0548894461771083,3.0869617462158203,554900,0.0,0.0
2015-08-17 00:00:00-04:00,3.0548901576208456,3.102998618882741,3.0147997732359326,3.022817850112915,591700,0.0,0.0
2015-08-18 00:00:00-04:00,3.030835263086426,3.0709256386895554,2.9747087372420453,2.982726812362671,333300,0.0,0.0
2015-08-19 00:00:00-04:00,2.974708857760625,2.990745008651572,2.8945279121398926,2.8945279121398926,481900,0.0,0.0
2015-08-20 00:00:00-04:00,2.8384010791778564,2.910563941602838,2.7822745570875194,2.8384010791778564,679100,0.0,0.0
2015-08-21 00:00:00-04:00,2.774257528817515,2.9025467705512877,2.7020946391762193,2.854438304901123,1074200,0.0,0.0
2015-08-24 00:00:00-04:00,2.766238744731102,2.8384014247765044,2.7181302913675003,2.7261483669281006,1389400,0.0,0.0
2015-08-25 00:00:00-04:00,2.822365263454361,2.822365263454361,2.517678202086788,2.525696277618408,1537300,0.0,0.0
2015-08-26 00:00:00-04:00,2.5898405758975303,2.8704733775151916,2.5497502029758614,2.8384010791778564,1598200,0.0,0.0
2015-08-27 00:00:00-04:00,2.8704737305957004,2.918582375185249,2.758220672607422,2.758220672607422,819400,0.0,0.0
2015-08-28 00:00:00-04:00,2.7421846995671255,2.8303835365720156,2.7261485473844185,2.7662389278411865,743100,0.0,0.0
2015-08-31 00:00:00-04:00,2.7582205800801196,3.2874139323188207,2.734166354175269,3.2152514457702637,1681600,0.0,0.0
2015-09-01 00:00:00-04:00,3.1350702333922333,3.175160606470706,2.9266001022181958,2.942636251449585,1379700,0.0,0.0
2015-09-02 00:00:00-04:00,3.0228167006998055,3.4397569220952295,3.0228167006998055,3.2312870025634766,1637100,0.0,0.0
2015-09-03 00:00:00-04:00,3.223269341195902,3.2874139438335135,3.167142813887992,3.207233190536499,649000,0.0,0.0
2015-09-04 00:00:00-04:00,3.159124606635838,3.199214981610204,3.0468713655416257,3.054889440536499,945400,0.0,0.0
2015-09-08 00:00:00-04:00,3.1110157039753523,3.239304885225662,3.102997438981249,3.2312870025634766,757000,0.0,0.0
2015-09-09 00:00:00-04:00,3.2553413865486913,3.279395801812403,3.12705219136079,3.1430883407592773,532100,0.0,0.0
2015-09-10 00:00:00-04:00,3.1270519447954284,3.191196537331633,3.094979457361361,3.111015796661377,477600,0.0,0.0
2015-09-11 00:00:00-04:00,3.086961794252017,3.119034285955796,2.990744892638651,3.014799118041992,1201600,0.0,0.0
2015-09-14 00:00:00-04:00,3.014799065562133,3.094979815510865,2.990744840577513,3.054889440536499,827100,0.0,0.0
2015-09-15 00:00:00-04:00,3.0709254773001025,3.183178714255497,3.0709254773001025,3.1430883407592773,740500,0.0,0.0
2015-09-16 00:00:00-04:00,3.1270524354057643,3.151106661380763,3.1029980182647705,3.1029980182647705,583500,0.0,0.0
2015-09-17 00:00:00-04:00,3.1270521587765385,3.159124457239317,2.8704733887423557,2.942636251449585,1138100,0.0,0.0
2015-09-18 00:00:00-04:00,2.878492116994407,2.902546346303628,2.742184817575488,2.8464198112487793,6888500,0.0,0.0
2015-09-21 00:00:00-04:00,2.894528079622585,2.96669095397332,2.822365396437859,2.910564422607422,665900,0.0,0.0
2015-09-22 00:00:00-04:00,2.878492116994407,2.9105646139060566,2.814347505503151,2.8464198112487793,469300,0.0,0.0
2015-09-23 00:00:00-04:00,2.8624557857575477,2.878491937631124,2.7983111782632415,2.870473861694336,667600,0.0,0.0
2015-09-24 00:00:00-04:00,2.830383776216796,2.8704741600679626,2.8223656994465625,2.8624560832977295,868700,0.0,0.0
2015-09-25 00:00:00-04:00,2.9185822706880953,2.9586726471056526,2.886509778388055,2.902545928955078,720800,0.0,0.0
2015-09-28 00:00:00-04:00,2.8784914520995253,2.9266000907715055,2.806328780840521,2.8384010791778564,619200,0.0,0.0
2015-09-29 00:00:00-04:00,2.8464195003371047,2.8464195003371047,2.7101122158069,2.7261483669281006,1178200,0.0,0.0
2015-09-30 00:00:00-04:00,2.7662394512091546,2.8624563825094835,2.7341671407757113,2.854438304901123,1088800,0.0,0.0
2015-10-01 00:00:00-04:00,2.8464196913974247,2.894528147990212,2.7662389304094464,2.830383539199829,1065300,0.0,0.0
2015-10-02 00:00:00-04:00,2.7261483703250566,2.7822748993191957,2.6700216501649168,2.758220672607422,954800,0.0,0.0
2015-10-05 00:00:00-04:00,2.782274907668739,2.9747089131064213,2.782274907668739,2.9586727619171143,585000,0.0,0.0
2015-10-06 00:00:00-04:00,2.942637081343089,3.0869624651287757,2.910564773835159,3.022817850112915,501000,0.0,0.0
2015-10-07 00:00:00-04:00,3.054889087026233,3.1430880929294798,3.0067806426240793,3.111015796661377,668500,0.0,0.0
2015-10-08 00:00:00-04:00,3.102997438981249,3.239304885225662,3.0709251436686715,3.2312870025634766,423600,0.0,0.0
2015-10-09 00:00:00-04:00,3.2393058510284676,3.255342003465954,3.111016631528578,3.1270527839660645,579500,0.0,0.0
2015-10-12 00:00:00-04:00,3.135071277618408,3.1992158959091856,3.0949807000206304,3.135071277618408,274800,0.0,0.0
2015-10-13 00:00:00-04:00,3.119034415203178,3.1831790189367966,3.0468715448368586,3.0629076957702637,280600,0.0,0.0
2015-10-14 00:00:00-04:00,3.0308353246572564,3.0308353246572564,2.878491703104544,2.902545928955078,602500,0.0,0.0
2015-10-15 00:00:00-04:00,2.942636088375012,3.014798755917163,2.8624551554955433,2.998762607574463,705400,0.0,0.0
2015-10-16 00:00:00-04:00,3.030835215551879,3.078943665521119,2.9185821656236546,3.054889440536499,380700,0.0,0.0
2015-10-19 00:00:00-04:00,3.0308349042598635,3.0388529784312137,2.9346180142036618,2.998762607574463,635900,0.0,0.0
2015-10-20 00:00:00-04:00,3.014799927157159,3.1511074321911026,2.9987637725844647,3.135071277618408,393500,0.0,0.0
2015-10-21 00:00:00-04:00,3.1430886376495693,3.1831790149326507,3.022817314634326,3.0308353900909424,484500,0.0,0.0
2015-10-22 00:00:00-04:00,3.054889327901615,3.175160639556253,3.038853178503127,3.1430883407592773,635800,0.0,0.0
2015-10-23 00:00:00-04:00,3.175161182530962,3.215251754048929,3.1110165739678357,3.1671431064605713,578200,0.0,0.0
2015-10-26 00:00:00-04:00,3.0629075780822443,3.2072331221033736,3.02281720228915,3.151106595993042,508500,0.0,0.0
2015-10-27 00:00:00-04:00,3.151106268427646,3.151106268427646,2.966690367783918,2.9907445907592773,769600,0.0,0.0
2015-10-28 00:00:00-04:00,2.990744965468565,3.2553416425147077,2.974708814809162,3.207233190536499,1005000,0.0,0.0
2015-10-29 00:00:00-04:00,3.2152515717024417,3.3756130840156793,3.143088699995483,3.1591248512268066,654100,0.0,0.0
2015-10-30 00:00:00-04:00,3.1511064050729742,3.1831787037642445,3.0067808697962786,3.038853168487549,735500,0.0,0.0
2015-11-02 00:00:00-05:00,3.0468715448368586,3.119034415203178,3.0067811675033473,3.0629076957702637,490100,0.0,0.0
2015-11-03 00:00:00-05:00,3.054889498869291,3.119034291219102,3.038853348573336,3.0468714237213135,486500,0.0,0.0
2015-11-04 00:00:00-05:00,3.0629075740172684,3.1029979497571563,3.006781047981426,3.0468714237213135,267200,0.0,0.0
2015-11-05 00:00:00-05:00,3.0629074183832707,3.295431968191445,3.046871268902153,3.279395818710327,733300,0.0,0.0
2015-11-06 00:00:00-05:00,3.52795662629769,3.640209682193909,3.3355224338578915,3.600119113922119,1231100,0.0,0.0
2015-11-09 00:00:00-05:00,3.56002879660587,3.7203902991111875,3.5119203458542745,3.5921010971069336,1468300,0.0,0.0
2015-11-10 00:00:00-05:00,3.5840829508215055,3.664264087090849,3.4798481618689463,3.5039021968841553,712100,0.0,0.0
2015-11-11 00:00:00-05:00,3.527957094606484,3.56804728586794,3.375613450216045,3.471830368041992,743600,0.0,0.0
2015-11-12 00:00:00-05:00,3.4157034074248798,3.4557935914518154,3.191196924012531,3.22326922416687,451400,0.0,0.0
2015-11-13 00:00:00-05:00,3.191196537331633,3.223268833599736,3.070925235160284,3.111015796661377,635500,0.0,0.0
2015-11-16 00:00:00-05:00,3.127053200332061,3.1511074321911026,3.0308360817298534,3.135071277618408,393600,0.0,0.0
2015-11-17 00:00:00-05:00,3.1511066589011074,3.271377788681458,3.102998015822972,3.1751608848571777,481700,0.0,0.0
2015-11-18 00:00:00-05:00,3.1751607739353616,3.231287490371443,3.111016173626684,3.22326922416687,431000,0.0,0.0
2015-11-19 00:00:00-05:00,3.223268833599736,3.239304981733787,3.0869613832943354,3.111015796661377,492000,0.0,0.0
2015-11-20 00:00:00-05:00,3.1350702628613547,3.1751606363166704,3.0388531754026173,3.07092547416687,822600,0.0,0.0
2015-11-23 00:00:00-05:00,3.078943665521119,3.1029978905057383,3.014799065562133,3.054889440536499,734700,0.0,0.0
2015-11-24 00:00:00-05:00,3.038853168487549,3.086961616524454,3.0067808697962786,3.038853168487549,882500,0.0,0.0
2015-11-25 00:00:00-05:00,3.0548899068313604,3.143088936403551,3.014799525737645,3.1270527839660645,368200,0.0,0.0
2015-11-27 00:00:00-05:00,3.119034779418755,3.127052855821743,3.0548899770288283,3.078944206237793,177500,0.0,0.0
2015-11-30 00:00:00-05:00,3.0949801748286063,3.1430888215490995,3.0067813396453857,3.0067813396453857,783700,0.0,0.0
2015-12-01 00:00:00-05:00,3.030836356512902,3.0949809806191886,2.9586736543933307,2.966691732406616,811000,0.0,0.0
2015-12-02 00:00:00-05:00,2.9586731957065595,3.0228178098684264,2.8063295459060957,2.8624560832977295,931200,0.0,0.0
2015-12-03 00:00:00-05:00,2.878491993120137,2.974709097382394,2.7662389278411865,2.7662389278411865,781100,0.0,0.0
2015-12-04 00:00:00-05:00,2.758220851749833,2.8544377648460766,2.710112395201711,2.7662389278411865,886600,0.0,0.0
2015-12-07 00:00:00-05:00,2.7742562238673596,2.7742562238673596,2.4535328880621545,2.5337138175964355,1943900,0.0,0.0
2015-12-08 00:00:00-05:00,2.469569503195744,2.5337142971982023,2.445515277132071,2.4615514278411865,707100,0.0,0.0
2015-12-09 00:00:00-05:00,2.4294791264229554,2.5337142971982023,2.4214610510683974,2.4615514278411865,774500,0.0,0.0
2015-12-10 00:00:00-05:00,2.461551498478876,2.774256828612141,2.4455153473095805,2.6860578060150146,2280500,0.0,0.0
2015-12-11 00:00:00-05:00,2.6620031889661253,2.702093561011434,2.525695924012077,2.5417320728302,1588000,0.0,0.0
2015-12-14 00:00:00-05:00,2.5337141114405815,2.5657864105074526,2.4134427987738327,2.453533172607422,1547400,0.0,0.0
2015-12-15 00:00:00-05:00,2.445515390859878,2.6299313237568986,2.445515390859878,2.549750566482544,1260200,0.0,0.0
2015-12-16 00:00:00-05:00,2.5657862960573854,2.6860574121933105,2.4134426911192404,2.5417320728302,2032200,0.0,0.0
2015-12-17 00:00:00-05:00,2.557768942417765,2.6058774024289137,2.469569907897965,2.509660482406616,1120800,0.0,0.0
2015-12-18 00:00:00-05:00,2.4936241941399016,2.662003999142261,2.4455157330438078,2.5657870769500732,18512800,0.0,0.0
2015-12-21 00:00:00-05:00,2.6138956877129798,2.838402043515599,2.565787223862285,2.742185115814209,1620700,0.0,0.0
2015-12-22 00:00:00-05:00,2.75020248520525,2.814347087161666,2.6700215415937367,2.8063290119171143,1036500,0.0,0.0
2015-12-23 00:00:00-05:00,2.83840129812437,2.846419373327196,2.702093828510332,2.7101120948791504,922100,0.0,0.0
2015-12-24 00:00:00-05:00,2.7261487782037617,2.878492236838196,2.7181307014335285,2.8624560832977295,449900,0.0,0.0
2015-12-28 00:00:00-05:00,2.854437643218899,2.862455718968603,2.758220734222444,2.7822749614715576,810500,0.0,0.0
2015-12-29 00:00:00-05:00,2.8384014247765044,2.8384014247765044,2.7101122158069,2.7261483669281006,1100200,0.0,0.0
2015-12-30 00:00:00-05:00,2.694076303019699,2.7261488015412216,2.621913611469843,2.629931688308716,1044800,0.0,0.0
2015-12-31 00:00:00-05:00,2.6459675406547376,2.653985616580485,2.5978590851002537,2.605877161026001,732000,0.0,0.0
2016-01-04 00:00:00-05:00,2.5096603639754043,2.5898411268769115,2.485605943938934,2.5577688217163086,953200,0.0,0.0
2016-01-05 00:00:00-05:00,2.581822201187153,2.581822201187153,2.493623199846269,2.501641273498535,711300,0.0,0.0
2016-01-06 00:00:00-05:00,2.47758798456649,2.5337147124121904,2.4535337545609153,2.509660482406616,640800,0.0,0.0
2016-01-07 00:00:00-05:00,2.4535326529227532,2.4936230182647705,2.413442287580736,2.4936230182647705,2156600,0.0,0.0
2016-01-08 00:00:00-05:00,2.5096600622133165,2.549750438843594,2.381370665830433,2.397406816482544,1357800,0.0,0.0
2016-01-11 00:00:00-05:00,2.3974066942682186,2.413442844102843,2.3492982447643445,2.3813705444335938,894800,0.0,0.0
2016-01-12 00:00:00-05:00,2.397406928500502,2.413443079901896,2.253081374721949,2.3172261714935303,1141700,0.0,0.0
2016-01-13 00:00:00-05:00,2.317225604507416,2.365334046940273,2.172900086042889,2.188936233520508,1044100,0.0,0.0
2016-01-14 00:00:00-05:00,2.1889365234486617,2.212990747851111,2.116773850241315,2.14884614944458,1989500,0.0,0.0
2016-01-15 00:00:00-05:00,2.0766827351839834,2.108755217060721,1.9965020084069691,2.052628517150879,1439200,0.0,0.0
2016-01-19 00:00:00-05:00,2.100737538538559,2.100737538538559,1.90830374065654,1.9243398904800415,1952900,0.0,0.0
2016-01-20 00:00:00-05:00,1.8842496240744462,1.8922677002598944,1.7078519479945877,1.7639784812927246,2757600,0.0,0.0
2016-01-21 00:00:00-05:00,1.7479423289218283,1.8682134717035501,1.7479423289218283,1.7639784812927246,1348000,0.0,0.0
2016-01-22 00:00:00-05:00,1.7960503239192565,1.8601949168987408,1.7639780274295143,1.8441587686538696,1605600,0.0,0.0
2016-01-25 00:00:00-05:00,1.8441593196046688,1.8441593196046688,1.651725292009728,1.6677614450454712,1368800,0.0,0.0
2016-01-26 00:00:00-05:00,1.6998332117161608,1.7559599206968366,1.6517247678749778,1.7319056987762451,1716600,0.0,0.0
2016-01-27 00:00:00-05:00,1.7078520616721127,1.8521774426167206,1.6998337937869397,1.812087059020996,1548900,0.0,0.0
2016-01-28 00:00:00-05:00,1.8441587686538696,1.9243397010441914,1.8281226204089986,1.8441587686538696,999400,0.0,0.0
2016-01-29 00:00:00-05:00,1.763978125730983,2.0847012996673584,1.7238877528846832,2.0847012996673584,3040400,0.0,0.0
2016-02-01 00:00:00-05:00,1.9965032921009878,2.02055752560027,1.8842500112716152,2.004521369934082,1002200,0.0,0.0
2016-02-02 00:00:00-05:00,1.9403764585695975,2.0205572249708097,1.9083041520091126,2.0125391483306885,1909300,0.0,0.0
2016-02-03 00:00:00-05:00,2.0205571042473798,2.0205571042473798,1.9002857706654586,1.9804667234420776,1582400,0.0,0.0
2016-02-04 00:00:00-05:00,1.9564120365816966,2.1167737133970106,1.9564120365816966,2.0285747051239014,824200,0.0,0.0
2016-02-05 00:00:00-05:00,2.0606473594616874,2.1087560046619704,1.9644304513931274,1.9644304513931274,741500,0.0,0.0
2016-02-08 00:00:00-05:00,1.9163220519597957,1.9243401278606314,1.8521772535871022,1.90830397605896,1327000,0.0,0.0
2016-02-09 00:00:00-05:00,1.8521765398328016,1.8682126854547876,1.7880319573448575,1.8361403942108154,730700,0.0,0.0
2016-02-10 00:00:00-05:00,1.8441590594455017,1.8922675117659766,1.7800144563515354,1.7880325317382812,549900,0.0,0.0
2016-02-11 00:00:00-05:00,1.7479419133611724,1.7800142104780061,1.6757790536823263,1.7559599876403809,872500,0.0,0.0
2016-02-12 00:00:00-05:00,1.780014518396673,1.9483942985534668,1.780014518396673,1.9483942985534668,1925600,0.0,0.0
2016-02-16 00:00:00-05:00,1.9002859375395462,2.0686657428741455,1.9002859375395462,2.0686657428741455,792100,0.0,0.0
2016-02-17 00:00:00-05:00,2.068664960249504,2.1568639635646454,2.0125384434272973,2.0446107387542725,685800,0.0,0.0
2016-02-18 00:00:00-05:00,2.052629283789307,2.068665435134067,1.9564123757207474,1.9644304513931274,678900,0.0,0.0
2016-02-19 00:00:00-05:00,1.9483938837814347,2.004520401496878,1.9323577358627366,1.9564119577407837,238200,0.0,0.0
2016-02-22 00:00:00-05:00,1.9804658630515664,2.052628517150879,1.9724477903738649,2.052628517150879,758100,0.0,0.0
2016-02-23 00:00:00-05:00,2.020556411081948,2.0285744844923546,1.8441586048870542,1.884248971939087,745400,0.0,0.0
2016-02-24 00:00:00-05:00,1.8441591863676325,1.8922676419991165,1.7800145788589876,1.8521772623062134,746200,0.0,0.0
2016-02-25 00:00:00-05:00,1.8922676330912802,1.9083039760589602,1.8201049499837598,1.90830397605896,580800,0.0,0.0
2016-02-26 00:00:00-05:00,1.9323574269853578,2.052628517150879,1.9323574269853578,2.052628517150879,577700,0.0,0.0
2016-02-29 00:00:00-05:00,2.0766832850712507,2.172900373847029,2.004520611863904,2.14884614944458,1392900,0.0,0.0
2016-03-01 00:00:00-05:00,2.1568637308604894,2.2931709712939385,2.1247914389937956,2.2530806064605713,1119100,0.0,0.0
2016-03-02 00:00:00-05:00,2.30118966042999,2.373352527618408,2.180918533725943,2.373352527618408,1083900,0.0,0.0
2016-03-03 00:00:00-05:00,2.389388619350906,2.3974066942682186,2.3092078701777825,2.3813705444335938,950900,0.0,0.0
2016-03-04 00:00:00-05:00,2.421460967342233,2.421460967342233,2.261099274629862,2.3092079162597656,1350700,0.0,0.0
2016-03-07 00:00:00-05:00,2.261099905245312,2.4214616426821944,2.261099905245312,2.4134435653686523,1343600,0.0,0.0
2016-03-08 00:00:00-05:00,2.3733523418171805,2.3733523418171805,2.164882214017886,2.2931714057922363,793000,0.0,0.0
2016-03-09 00:00:00-05:00,2.3252441886894233,2.3573164906852497,2.188936714041161,2.2210090160369873,472500,0.0,0.0
2016-03-10 00:00:00-05:00,2.212991527229869,2.2851542258517163,2.204973449605219,2.269118070602417,1212400,0.0,0.0
2016-03-11 00:00:00-05:00,2.301190291813022,2.4294797199957365,2.269117982558854,2.4134435653686523,900800,0.0,0.0
2016-03-14 00:00:00-04:00,2.4134435653686523,2.4294797199957365,2.32524471491969,2.4134435653686523,571600,0.0,0.0
2016-03-15 00:00:00-04:00,2.389388919864814,2.445515451345045,2.269117589812595,2.4054250717163086,840500,0.0,0.0
2016-03-16 00:00:00-04:00,2.4054249514337154,2.4374972535329382,2.2610994008212124,2.28515362739563,357100,0.0,0.0
2016-03-17 00:00:00-04:00,2.3332620949297196,2.389388619350906,2.212990780004049,2.3813705444335938,620400,0.0,0.0
2016-03-18 00:00:00-04:00,2.405424953478103,2.541732428681649,2.3653345758200013,2.525696277618408,1521800,0.0,0.0
2016-03-21 00:00:00-04:00,2.517678195357849,2.565786648418993,2.3492984184778467,2.357316493988037,478600,0.0,0.0
2016-03-22 00:00:00-04:00,2.3492976497742224,2.3733518684341166,2.2691167297419725,2.3653337955474854,334600,0.0,0.0
2016-03-23 00:00:00-04:00,2.365333924813223,2.373351998138043,2.204972267150879,2.204972267150879,429100,0.0,0.0
2016-03-24 00:00:00-04:00,2.2049728575077654,2.2450632348656163,2.1247921027920644,2.1568644046783447,654900,0.0,0.0
2016-03-28 00:00:00-04:00,2.229027091535944,2.2851536200286406,2.1648824875442907,2.2210090160369873,440300,0.0,0.0
2016-03-29 00:00:00-04:00,2.172900623405853,2.2610994563445166,2.116774093353976,2.245063304901123,537600,0.0,0.0
2016-03-30 00:00:00-04:00,2.269117817051809,2.373353005691093,2.2450635868656725,2.341280698776245,1070700,0.0,0.0
2016-03-31 00:00:00-04:00,2.333262622047533,2.3492987755049572,2.2851539705092327,2.341280698776245,482300,0.0,0.0
2016-04-01 00:00:00-04:00,2.309208095792833,2.3492984742963188,2.245063299021252,2.3172261714935303,422200,0.0,0.0
2016-04-04 00:00:00-04:00,2.3172265478895113,2.3332627018957197,2.221009432686227,2.229027509689331,390800,0.0,0.0
2016-04-05 00:00:00-04:00,2.2210089482738016,2.2370450987824504,2.124792045221908,2.1648824214935303,731700,0.0,0.0
2016-04-06 00:00:00-04:00,2.1648825421401536,2.212990996347134,2.1167740879331736,2.1809186935424805,400700,0.0,0.0
2016-04-07 00:00:00-04:00,2.1488458897329017,2.2049724065551084,2.020556517259041,2.0446107387542725,2069500,0.0,0.0
2016-04-08 00:00:00-04:00,2.1488462662878054,2.2129908681821897,2.084701473227428,2.132810115814209,620300,0.0,0.0
2016-04-11 00:00:00-04:00,2.1648830614819707,2.325244805141015,2.1648830614819707,2.269118070602417,614800,0.0,0.0
2016-04-12 00:00:00-04:00,2.277135133743286,2.3332618432769396,2.2290266894281237,2.277135133743286,459800,0.0,0.0
2016-04-13 00:00:00-04:00,2.3172253582276974,2.405424159980642,2.3172253582276974,2.3653337955474854,1286100,0.0,0.0
2016-04-14 00:00:00-04:00,2.365334523586493,2.4856056539048597,2.3573164482319355,2.4615514278411865,638600,0.0,0.0
2016-04-15 00:00:00-04:00,2.4455158513395103,2.5337148921147876,2.4455158513395103,2.517678737640381,486800,0.0,0.0
2016-04-18 00:00:00-04:00,2.5016420965192356,2.6058772794572125,2.4936240202290847,2.5577688217163086,585500,0.0,0.0
2016-04-19 00:00:00-04:00,2.5818230505867605,2.6058772794572125,2.533714592845856,2.5577688217163086,478100,0.0,0.0
2016-04-20 00:00:00-04:00,2.557768705471517,2.6459675406547376,2.5497506295457697,2.605877161026001,661500,0.0,0.0
2016-04-21 00:00:00-04:00,2.645967780842458,2.678040087456811,2.5978593209209286,2.6700220108032227,557100,0.0,0.0
2016-04-22 00:00:00-04:00,2.7020940702100447,2.814347324256549,2.6780398424499383,2.774256944656372,981200,0.0,0.0
2016-04-25 00:00:00-04:00,2.774257006508244,2.8464196913974247,2.7101123977178614,2.830383539199829,673100,0.0,0.0
2016-04-26 00:00:00-04:00,2.894527452180944,3.006780681745813,2.750202117096641,2.998762607574463,945100,0.0,0.0
2016-04-27 00:00:00-04:00,2.9987629211093627,3.102997896235176,2.982726771090007,3.0869617462158203,1185600,0.0,0.0
2016-04-28 00:00:00-04:00,3.086961867614771,3.191197038005761,3.054889566314773,3.1029980182647705,749400,0.0,0.0
2016-04-29 00:00:00-04:00,3.1511070126222935,3.199215469934752,3.0709260592688468,3.1270527839660645,1062200,0.0,0.0
2016-05-02 00:00:00-04:00,3.1591246711516607,3.1591246711516607,3.046871427765007,3.151106595993042,845900,0.0,0.0
2016-05-03 00:00:00-04:00,3.1270525370440527,3.1270525370440527,2.862455660386909,2.926600456237793,738200,0.0,0.0
2016-05-04 00:00:00-04:00,2.8865100135679125,3.022817495659323,2.8624557857575477,2.870473861694336,818900,0.0,0.0
2016-05-05 00:00:00-04:00,2.918582027602501,3.0308350722222253,2.862455314126661,2.942636251449585,543300,0.0,0.0
2016-05-06 00:00:00-04:00,2.9025458699904223,2.982726812362671,2.8865097197491707,2.982726812362671,646500,0.0,0.0
2016-05-09 00:00:00-04:00,3.006781396159624,3.006781396159624,2.8464196834645747,2.9346187114715576,622500,0.0,0.0
2016-05-10 00:00:00-04:00,2.9747088618946282,3.0548896164607915,2.9426365600681628,3.0308353900909424,358700,0.0,0.0
2016-05-11 00:00:00-04:00,3.0308357478198635,3.1029984354467577,3.006781518610899,3.078944206237793,707700,0.0,0.0
2016-05-12 00:00:00-04:00,3.078943895836915,3.11101638938153,2.9185823839438476,2.9586727619171143,617200,0.0,0.0
2016-05-13 00:00:00-04:00,2.942636372694548,3.0388532720472923,2.870473507014004,2.886509656906128,341900,0.0,0.0
2016-05-16 00:00:00-04:00,2.886509729595773,3.0468714237213135,2.886509729595773,3.0468714237213135,566800,0.0,0.0
2016-05-17 00:00:00-04:00,3.0147988137346373,3.1190339711271666,2.9346180704834386,2.9907445907592773,655100,0.0,0.0
2016-05-18 00:00:00-04:00,2.9827271656755703,3.175161182530962,2.9666910135347884,3.1671431064605713,974800,0.0,0.0
2016-05-19 00:00:00-04:00,3.1350707494113217,3.3595770667695173,3.1029982545035715,3.2713780403137207,1127200,0.0,0.0
2016-05-20 00:00:00-04:00,3.287413830012167,3.3515584304288764,3.2553415298038124,3.3275043964385986,560100,0.0,0.0
2016-05-23 00:00:00-04:00,3.3675941179483924,3.3675941179483924,3.24732319985389,3.351557970046997,464300,0.0,0.0
2016-05-24 00:00:00-04:00,3.359576603214334,3.463811767158609,3.3194860379028546,3.3996667861938477,636500,0.0,0.0
2016-05-25 00:00:00-04:00,3.4076854005973756,3.4878661570862066,3.367594831186957,3.4237215518951416,413000,0.0,0.0
2016-05-26 00:00:00-04:00,3.455793732034769,3.455793732034769,3.3355224103973287,3.4076852798461914,417400,0.0,0.0
2016-05-27 00:00:00-04:00,3.383630730637231,3.43173956328174,3.287413830012167,3.3275043964385986,795700,0.0,0.0
2016-05-31 00:00:00-04:00,3.3194867244264343,3.4878665218271707,3.3194867244264343,3.3756134510040283,1088500,0.0,0.0
2016-06-01 00:00:00-04:00,3.3595772972450537,3.503902673983975,3.28741441770957,3.471830368041992,797300,0.0,0.0
2016-06-02 00:00:00-04:00,3.4878655612771663,3.5279561238391786,3.4157030839302602,3.5119199752807617,470700,0.0,0.0
2016-06-03 00:00:00-04:00,3.4076850521889304,3.44777561750041,3.25534143927006,3.3996667861938477,602600,0.0,0.0
2016-06-06 00:00:00-04:00,3.399666223786605,3.568045958508592,3.3916483414498884,3.560028076171875,542600,0.0,0.0
2016-06-07 00:00:00-04:00,3.56002879660587,3.632191663899253,3.5279564961048067,3.5921010971069336,565600,0.0,0.0
2016-06-08 00:00:00-04:00,3.592100981005084,3.704354029130627,3.5680465652407696,3.6081371307373047,811700,0.0,0.0
2016-06-09 00:00:00-04:00,3.5520107746124268,3.5840830773193373,3.4397577151382386,3.5520107746124268,921500,0.0,0.0
2016-06-10 00:00:00-04:00,3.487866521012984,3.495884788664502,3.4237219091290187,3.471830368041992,540300,0.0,0.0
2016-06-13 00:00:00-04:00,3.4718300057884406,3.503902308383973,3.3836309824847235,3.4237215518951416,780400,0.0,0.0
2016-06-14 00:00:00-04:00,3.3836314609084788,3.4798487646315905,3.2072337716915498,3.2633605003356934,811500,0.0,0.0
2016-06-15 00:00:00-04:00,3.287414190218235,3.343540912898719,3.223269582773121,3.2393057346343994,874100,0.0,0.0
2016-06-16 00:00:00-04:00,3.207233190536499,3.2152514570321955,3.1110162865800817,3.207233190536499,630200,0.0,0.0
2016-06-17 00:00:00-04:00,3.2312881932053426,3.351559153778128,3.2312881932053426,3.2633605003356934,1752500,0.0,0.0
2016-06-20 00:00:00-04:00,3.2232693429670523,3.439757568153944,3.2232693429670523,3.3114683628082275,727400,0.0,0.0
2016-06-21 00:00:00-04:00,3.3435400774265402,3.367594108041911,3.2393049252081383,3.3595762252807617,335500,0.0,0.0
2016-06-22 00:00:00-04:00,3.3515579601876895,3.423720816697648,3.319485664479246,3.3595762252807617,435800,0.0,0.0
2016-06-23 00:00:00-04:00,3.4718298993391405,3.5600289199385995,3.4477758642960112,3.5359745025634766,556000,0.0,0.0
2016-06-24 00:00:00-04:00,3.21525145879894,3.3836308496491982,3.1992151169647305,3.3114683628082275,1586400,0.0,0.0
2016-06-27 00:00:00-04:00,3.2874137865412005,3.2874137865412005,2.878491581960066,2.886509656906128,1051800,0.0,0.0
2016-06-28 00:00:00-04:00,2.9426362791098604,3.07092547416687,2.9105639803456076,3.07092547416687,498900,0.0,0.0
2016-06-29 00:00:00-04:00,3.191197038005761,3.2072331886557603,3.054889566314773,3.1029980182647705,947000,0.0,0.0
2016-06-30 00:00:00-04:00,3.167142514112232,3.215251152702866,3.054889278955388,3.183178663253784,1557700,0.0,0.0
2016-07-01 00:00:00-04:00,3.1751608909624087,3.4237214174857296,3.159124740294194,3.3114683628082275,1097000,0.0,0.0
2016-07-05 00:00:00-04:00,3.2793963626120552,3.2793963626120552,3.070926002449869,3.1671431064605713,571200,0.0,0.0
2016-07-06 00:00:00-04:00,3.1350702660600334,3.239305237150204,3.0629074026008585,3.1430883407592773,456000,0.0,0.0
2016-07-07 00:00:00-04:00,3.1992151152067976,3.2874139438335135,3.135070512569186,3.207233190536499,285300,0.0,0.0
2016-07-08 00:00:00-04:00,3.327504517798505,3.4157035377542413,3.311468367109461,3.343540668487549,679900,0.0,0.0
2016-07-11 00:00:00-04:00,3.40768562584484,3.4557940829181,3.3675950537844415,3.4317400455474854,521200,0.0,0.0
2016-07-12 00:00:00-04:00,3.4798480298896983,3.5439926306067835,3.4397574632755306,3.4958841800689697,880000,0.0,0.0
2016-07-13 00:00:00-04:00,3.519938826954966,3.519938826954966,3.4157040238095453,3.471830368041992,571000,0.0,0.0
2016-07-14 00:00:00-04:00,3.56804679692382,3.6321917823497794,3.5520106461503285,3.5760650634765625,447200,0.0,0.0
2016-07-15 00:00:00-04:00,3.6402094302017454,3.64822769623384,3.5039019663118878,3.6081371307373047,286300,0.0,0.0
2016-07-18 00:00:00-04:00,3.632192028489693,3.672282216974186,3.5840831905770716,3.640209913253784,257900,0.0,0.0
2016-07-19 00:00:00-04:00,3.640209921358966,3.688318377046686,3.5600291618794335,3.568047046661377,413200,0.0,0.0
2016-07-20 00:00:00-04:00,3.552010415508549,3.6402094302017454,3.4798479328795415,3.6081371307373047,218600,0.0,0.0
2016-07-21 00:00:00-04:00,3.6321920365770226,3.640209921358966,3.543993009983527,3.568047046661377,286700,0.0,0.0
2016-07-22 00:00:00-04:00,3.5520105443260683,3.7925531813648825,3.5439926603351646,3.7604808807373047,467000,0.0,0.0
2016-07-25 00:00:00-04:00,3.736426591873169,3.776517160194587,3.6883181392866637,3.736426591873169,298800,0.0,0.0
2016-07-26 00:00:00-04:00,3.656246063128947,3.8085896968841553,3.6001193404827063,3.8085896968841553,492200,0.0,0.0
2016-07-27 00:00:00-04:00,3.808589570064143,3.808589570064143,3.7043543953342852,3.7284088134765625,443700,0.0,0.0
2016-07-28 00:00:00-04:00,3.704353335443547,3.7524617756312937,3.6722810419850496,3.744443893432617,349800,0.0,0.0
2016-07-29 00:00:00-04:00,3.7203913855906325,3.744445809157121,3.632192724621722,3.6803011894226074,449500,0.0,0.0
2016-08-01 00:00:00-04:00,3.672282216974186,3.73642682441499,3.624173761393583,3.640209913253784,520800,0.0,0.0
2016-08-02 00:00:00-04:00,3.6161544109934862,3.67228072859005,3.5439915657043457,3.5439915657043457,468300,0.0,0.0
2016-08-03 00:00:00-04:00,3.5520117397714137,3.6001202069038984,3.4397586497956154,3.4878671169281006,798700,0.0,0.0
2016-08-04 00:00:00-04:00,3.463810838900781,3.6001178833009093,3.455792575054492,3.5439915657043457,381700,0.0,0.0
2016-08-05 00:00:00-04:00,3.5921021461216047,3.768499850391518,3.5600298362543477,3.6803011894226074,570400,0.0,0.0
2016-08-08 00:00:00-04:00,3.6321920323312105,3.744445095471339,3.568047042490546,3.7043545246124268,481600,0.0,0.0
2016-08-09 00:00:00-04:00,3.6883177505373066,3.7524623472251277,3.6321914196014404,3.6321914196014404,396100,0.0,0.0
2016-08-10 00:00:00-04:00,3.608136866631263,3.680299726310109,3.503901709835583,3.5119199752807617,1448500,0.0,0.0
2016-08-11 00:00:00-04:00,3.543993247577476,3.552011132896949,3.43975806210001,3.471830368041992,690000,0.0,0.0
2016-08-12 00:00:00-04:00,3.4557932641603326,3.5359740069524173,3.447775381047094,3.5119199752807617,730600,0.0,0.0
2016-08-15 00:00:00-04:00,3.46381258252485,3.6562464237213135,3.4317402756587727,3.6562464237213135,629800,0.0,0.0
2016-08-16 00:00:00-04:00,3.62417376522662,3.736426828366749,3.62417376522662,3.7043545246124268,500500,0.0,0.0
2016-08-17 00:00:00-04:00,3.680299052398559,3.7444436348865033,3.656244642799645,3.672280788421631,417600,0.0,0.0
2016-08-18 00:00:00-04:00,3.672282089674775,3.7444449617101676,3.6321919025800056,3.696336507797241,603100,0.0,0.0
2016-08-19 00:00:00-04:00,3.69633651084153,3.7364266979693173,3.6562459413817368,3.7284088134765625,786500,0.0,0.0
2016-08-22 00:00:00-04:00,3.7123732525704445,3.776517868041992,3.6482286370988968,3.776517868041992,243800,0.0,0.0
2016-08-23 00:00:00-04:00,3.7765170310510934,3.82462548199246,3.7364264641006306,3.7604808807373047,425500,0.0,0.0
2016-08-24 00:00:00-04:00,3.7604808807373047,3.800571065355786,3.720390313786842,3.7604808807373047,249700,0.0,0.0
2016-08-25 00:00:00-04:00,3.760480309551067,3.880751609802246,3.71237186591698,3.880751609802246,380200,0.0,0.0
2016-08-26 00:00:00-04:00,3.896788729150207,3.912824881026051,3.7925535507912134,3.904806613922119,454400,0.0,0.0
2016-08-29 00:00:00-04:00,3.928859735726973,4.017058733089835,3.896787442564458,3.993004322052002,613700,0.0,0.0
2016-08-30 00:00:00-04:00,3.968950625864191,4.009041190704016,3.91282429388679,3.9529144763946533,246400,0.0,0.0
2016-08-31 00:00:00-04:00,3.960933205475775,4.009041659510054,3.8887703332583516,3.928860902786255,699400,0.0,0.0
2016-09-01 00:00:00-04:00,3.9529153109368838,3.993005884240658,3.824626088096073,3.872734546661377,397100,0.0,0.0
2016-09-02 00:00:00-04:00,3.9048075368718855,4.009042739868164,3.8486811832062813,4.009042739868164,376700,0.0,0.0
2016-09-06 00:00:00-04:00,4.009041912186988,4.009041912186988,3.728409054800305,3.8246259689331055,523600,0.0,0.0
2016-09-07 00:00:00-04:00,3.8246256132806344,3.9048063676019487,3.8085894624163714,3.8406617641448975,529400,0.0,0.0
2016-09-08 00:00:00-04:00,3.8406620064187447,3.9529150695496504,3.8406620064187447,3.904806613922119,367600,0.0,0.0
2016-09-09 00:00:00-04:00,3.8807525713818904,3.9288610269363744,3.7925535450326606,3.8085896968841553,466300,0.0,0.0
2016-09-12 00:00:00-04:00,3.776517160687846,3.8406617641448975,3.688318139768403,3.8406617641448975,414800,0.0,0.0
2016-09-13 00:00:00-04:00,3.7524615165315613,3.7925520717524615,3.624172351555673,3.672280788421631,445200,0.0,0.0
2016-09-14 00:00:00-04:00,3.656244642799645,3.768497662153547,3.6161544699106147,3.672280788421631,388700,0.0,0.0
2016-09-15 00:00:00-04:00,3.6883181392866637,3.752462742735337,3.616155651572904,3.736426591873169,407300,0.0,0.0
2016-09-16 00:00:00-04:00,3.704354163473053,3.768498764728208,3.6402095622178976,3.7604808807373047,1346100,0.0,0.0
2016-09-19 00:00:00-04:00,3.8005725181380017,3.896789839132126,3.7524640488070036,3.784536361694336,366200,0.0,0.0
2016-09-20 00:00:00-04:00,3.848679780960083,3.8727338145293504,3.776516915588341,3.848679780960083,292400,0.0,0.0
2016-09-21 00:00:00-04:00,3.8887703302747023,3.9128247484393897,3.8326439917771085,3.8967885971069336,302400,0.0,0.0
2016-09-22 00:00:00-04:00,3.912823702374261,4.025076731691419,3.8807514082836443,4.017058849334717,488200,0.0,0.0
2016-09-23 00:00:00-04:00,3.9529145876301865,4.025077453439759,3.9128244039941804,3.976969003677368,430700,0.0,0.0
2016-09-26 00:00:00-04:00,3.944897184777738,3.9769694885294253,3.872734310170432,3.904806613922119,444300,0.0,0.0
2016-09-27 00:00:00-04:00,3.8807525810439585,3.976969492392482,3.840662010149398,3.9689512252807617,432000,0.0,0.0
2016-09-28 00:00:00-04:00,3.9609326434266965,4.1533664322578145,3.9448964943574367,4.14534854888916,525000,0.0,0.0
2016-09-29 00:00:00-04:00,4.129312387399036,4.169402568785619,4.001022812898897,4.041113376617432,610900,0.0,0.0
2016-09-30 00:00:00-04:00,4.065167821100314,4.21751142908223,4.00102284221428,4.169402599334717,938200,0.0,0.0
2016-10-03 00:00:00-04:00,4.121294975280762,4.185439584649796,4.073186518253986,4.121294975280762,585300,0.0,0.0
2016-10-04 00:00:00-04:00,4.113277079295495,4.273638602290005,4.105258811979755,4.161385536193848,533300,0.0,0.0
2016-10-05 00:00:00-04:00,4.2014750189473995,4.40192708013379,4.177420985710933,4.29769229888916,816900,0.0,0.0
2016-10-06 00:00:00-04:00,4.2976927814756545,4.36985527162012,4.281656630073328,4.361837387084961,467200,0.0,0.0
2016-10-07 00:00:00-04:00,4.3538182652823165,4.3538182652823165,4.17742063449496,4.241565227508545,727700,0.0,0.0
2016-10-10 00:00:00-04:00,4.281656746106953,4.369855390043945,4.281656746106953,4.34580135345459,356700,0.0,0.0
2016-10-11 00:00:00-04:00,4.345800752039223,4.353818635682073,4.20147502314826,4.257601737976074,334700,0.0,0.0
2016-10-12 00:00:00-04:00,4.281656980263,4.321747170881723,4.22553025459834,4.249584674835205,259600,0.0,0.0
2016-10-13 00:00:00-04:00,4.201474879465594,4.265619858074585,4.057149537842255,4.14534854888916,484400,0.0,0.0
2016-10-14 00:00:00-04:00,4.233547344547813,4.273637524015337,4.1533662209489,4.241565227508545,357300,0.0,0.0
2016-10-17 00:00:00-04:00,4.30571129108289,4.32174744481323,4.129313600049152,4.137331485748291,419300,0.0,0.0
2016-10-18 00:00:00-04:00,4.209494233507065,4.233548654496064,4.145349620645799,4.193458080291748,353900,0.0,0.0
2016-10-19 00:00:00-04:00,4.2094935294087765,4.337782733673094,4.1934573788757366,4.289674282073975,581700,0.0,0.0
2016-10-20 00:00:00-04:00,4.289674865453929,4.313729285690794,4.22553025459834,4.249584674835205,276300,0.0,0.0
2016-10-21 00:00:00-04:00,4.16940200925893,4.233546979066829,4.16138412699038,4.18543815612793,391100,0.0,0.0
2016-10-24 00:00:00-04:00,4.281656980263,4.329765438404691,4.22553025459834,4.249584674835205,813900,0.0,0.0
2016-10-25 00:00:00-04:00,4.385891674916431,4.442018399214093,4.073186513445527,4.353819370269775,585900,0.0,0.0
2016-10-26 00:00:00-04:00,4.353818995548542,4.369855146491682,4.265620356527269,4.3137288093566895,800300,0.0,0.0
2016-10-27 00:00:00-04:00,4.353818618008823,4.393909183056234,4.233547687530518,4.233547687530518,1607400,0.0,0.0
2016-10-28 00:00:00-04:00,4.217512636732053,4.265621097923072,4.129313600049152,4.137331485748291,720300,0.0,0.0
2016-10-31 00:00:00-04:00,4.137330995042136,4.161385413950715,4.073186387728618,4.113276958465576,1198500,0.0,0.0
2016-11-01 00:00:00-04:00,4.137330270743572,4.177420834462106,3.96895051485685,4.041113376617432,809800,0.0,0.0
2016-11-02 00:00:00-04:00,4.001023013117363,4.041113578842102,3.8326436311365817,3.848679780960083,648300,0.0,0.0
2016-11-03 00:00:00-04:00,3.880753049213617,3.960933818343637,3.8647168953876134,3.9368793964385986,678400,0.0,0.0
2016-11-04 00:00:00-04:00,3.944897664517633,4.057150741299661,3.8887709349605863,3.9368793964385986,903800,0.0,0.0
2016-11-07 00:00:00-05:00,4.081204083740092,4.169402715288842,4.049131784571098,4.153366565704346,595700,0.0,0.0
2016-11-08 00:00:00-05:00,4.097240937933389,4.177421699644682,4.065168633248872,4.121294975280762,512300,0.0,0.0
2016-11-09 00:00:00-05:00,4.2576020898897005,4.369855146491682,4.129312882344578,4.3137288093566895,1882900,0.0,0.0
2016-11-10 00:00:00-05:00,4.409945001913993,4.995264990188582,4.345800408513808,4.8910298347473145,2409700,0.0,0.0
2016-11-11 00:00:00-05:00,4.883011951738259,4.915084248438351,4.770758530956,4.8910298347473145,1713000,0.0,0.0
2016-11-14 00:00:00-05:00,5.003283841903853,5.171663623346003,4.9551753875392395,5.099501132965088,1641400,0.0,0.0
2016-11-15 00:00:00-05:00,4.947157522020331,5.195718061693591,4.818868309887554,5.187699794769287,692000,0.0,0.0
2016-11-16 00:00:00-05:00,5.1395909636341015,5.179681530654104,4.979229460218054,5.043374061584473,874200,0.0,0.0
2016-11-17 00:00:00-05:00,5.043374661758911,5.219772718840364,5.043374661758911,5.155627727508545,606600,0.0,0.0
2016-11-18 00:00:00-05:00,5.131572860483334,5.291934357051076,5.131572860483334,5.283916473388672,829500,0.0,0.0
2016-11-21 00:00:00-05:00,5.348062171285636,5.364098324238569,5.091483341706669,5.163646221160889,562200,0.0,0.0
2016-11-22 00:00:00-05:00,5.251844422118243,5.324006907815957,5.131573102846072,5.275898456573486,1268500,0.0,0.0
2016-11-23 00:00:00-05:00,5.283917676197354,5.4843697837030865,5.243827101763387,5.340044021606445,1091900,0.0,0.0
2016-11-25 00:00:00-05:00,5.315989389234074,5.315989389234074,5.115537304110606,5.187699794769287,396400,0.0,0.0
2016-11-28 00:00:00-05:00,5.1476088612295126,5.195717308808149,5.003283136161648,5.027337551116943,736400,0.0,0.0
2016-11-29 00:00:00-05:00,5.099500788922618,5.195717691160483,5.01130177070525,5.107518672943115,549500,0.0,0.0
2016-11-30 00:00:00-05:00,4.73066890500961,4.842921956600055,4.690578338275604,4.746705055236816,12511100,0.0,0.0
2016-12-01 00:00:00-05:00,4.762741463208692,4.874994520873921,4.7146330099235945,4.802831649780273,4241500,0.0,0.0
2016-12-02 00:00:00-05:00,4.778777122497559,4.85093998616459,4.722650408275205,4.778777122497559,3128900,0.0,0.0
2016-12-05 00:00:00-05:00,4.866978335522027,4.9311229622946176,4.762743125850499,4.770761013031006,3185500,0.0,0.0
2016-12-06 00:00:00-05:00,4.826886295284112,4.899049169781847,4.7948139915811225,4.810850143432617,3145600,0.0,0.0
2016-12-07 00:00:00-05:00,4.858959439991473,4.866977708471057,4.762742512228969,4.826887130737305,2440500,0.0,0.0
2016-12-08 00:00:00-05:00,4.8429214072488085,5.027337305108664,4.81084911043248,4.955174446105957,2169100,0.0,0.0
2016-12-09 00:00:00-05:00,5.00328351389826,5.203735585108902,4.955175062687544,5.171663284301758,3107000,0.0,0.0
2016-12-12 00:00:00-05:00,5.115536443296647,5.179681038569141,5.027337433630996,5.0834641456604,1797900,0.0,0.0
2016-12-13 00:00:00-05:00,5.1395909636341015,5.147609229970895,5.019320027238057,5.043374061584473,1769400,0.0,0.0
2016-12-14 00:00:00-05:00,4.979229692146618,5.179681771919568,4.947157389969506,5.0113019943237305,1281900,0.0,0.0
2016-12-15 00:00:00-05:00,5.051392803537055,5.275898929457981,5.027338384593804,5.211754322052002,1753200,0.0,0.0
2016-12-16 00:00:00-05:00,5.251844402321298,5.307970737393286,5.131573083502493,5.147609233856201,6207100,0.0,0.0
2016-12-19 00:00:00-05:00,5.13157308722195,5.267880556493261,5.115536936856618,5.25184440612793,1309900,0.0,0.0
2016-12-20 00:00:00-05:00,5.259862898869729,5.572568058349129,5.251845013925142,5.55653190612793,1909500,0.0,0.0
2016-12-21 00:00:00-05:00,5.556530572489027,5.556530572489027,5.428241385510489,5.476349830627441,777600,0.0,0.0
2016-12-22 00:00:00-05:00,5.476350418440949,5.564549435121654,5.4522963844665595,5.5004048347473145,753700,0.0,0.0
2016-12-23 00:00:00-05:00,5.484369399134251,5.572568044973128,5.468333246951544,5.532477855682373,444600,0.0,0.0
2016-12-27 00:00:00-05:00,5.532477619944297,5.596622225941934,5.532477619944297,5.564549922943115,623200,0.0,0.0
2016-12-28 00:00:00-05:00,5.596622597639127,5.6527493227806955,5.436261071994696,5.540495872497559,964600,0.0,0.0
2016-12-29 00:00:00-05:00,5.5244592393043375,5.572567692812224,5.283916971764905,5.372115612030029,897000,0.0,0.0
2016-12-30 00:00:00-05:00,5.388151621806872,5.404187772555358,5.2919347173159625,5.299952983856201,1276300,0.0,0.0
2017-01-03 00:00:00-05:00,5.380133512398339,5.524458863093569,5.299952762012099,5.396169662475586,1131700,0.0,0.0
2017-01-04 00:00:00-05:00,5.420224919430253,5.548514139945798,5.3801343468531275,5.540495872497559,928000,0.0,0.0
2017-01-05 00:00:00-05:00,5.572566720861344,5.572566720861344,5.299952198531952,5.476349830627441,915600,0.0,0.0
2017-01-06 00:00:00-05:00,5.508422127372075,5.596621134585788,5.444277533882807,5.476349830627441,869900,0.0,0.0
2017-01-09 00:00:00-05:00,5.428242575123962,5.5164416016667195,5.332025663803872,5.40418815612793,929200,0.0,0.0
2017-01-10 00:00:00-05:00,5.39616980106533,5.6126580238342285,5.388151534654785,5.6126580238342285,1461700,0.0,0.0
2017-01-11 00:00:00-05:00,5.588603606934579,5.628694174323332,5.436260368454083,5.6126580238342285,1107400,0.0,0.0
2017-01-12 00:00:00-05:00,5.564550660361855,5.564550660361855,5.307971820037263,5.36409854888916,1375100,0.0,0.0
2017-01-13 00:00:00-05:00,5.460314878897324,5.596622361100128,5.388152004241248,5.40418815612793,1200300,0.0,0.0
2017-01-17 00:00:00-05:00,5.2919348357047715,5.31598925353163,5.131573324632385,5.179681777954102,781800,0.0,0.0
2017-01-18 00:00:00-05:00,5.187700140930621,5.251845133609243,5.059410920237449,5.243826866149902,1175200,0.0,0.0
2017-01-19 00:00:00-05:00,5.275898684597533,5.299953102424392,5.131573324632385,5.179681777954102,689600,0.0,0.0
2017-01-20 00:00:00-05:00,5.179681326166104,5.34004282325126,5.179681326166104,5.3079705238342285,788100,0.0,0.0
2017-01-23 00:00:00-05:00,5.251845133609243,5.356079934256428,5.2037362935172675,5.243826866149902,634200,0.0,0.0
2017-01-24 00:00:00-05:00,5.29193566641273,5.420225277741056,5.219773166268362,5.36409854888916,974900,0.0,0.0
2017-01-25 00:00:00-05:00,5.476350776195886,5.5725676830429824,5.420224438367748,5.516441345214844,861300,0.0,0.0
2017-01-26 00:00:00-05:00,5.508423567368673,5.6286949027680135,5.452297224559139,5.540495872497559,960400,0.0,0.0
2017-01-27 00:00:00-05:00,5.604639613479809,5.612657879684421,5.380133512398339,5.396169662475586,1203600,0.0,0.0
2017-01-30 00:00:00-05:00,5.31598878985447,5.348061089271502,5.19571747587462,5.3079705238342285,1131300,0.0,0.0
2017-01-31 00:00:00-05:00,5.299953945382895,5.412207020987435,5.259863370072385,5.388152599334717,950500,0.0,0.0
2017-02-01 00:00:00-05:00,5.4522963844665595,5.580585585215239,5.412205818066608,5.5004048347473145,1224200,0.0,0.0
2017-02-02 00:00:00-05:00,5.107519494659602,5.187700259424265,5.011302576942006,5.163646221160889,17165700,0.0,0.0
2017-02-03 00:00:00-05:00,5.243825908080753,5.299952623045447,5.155626893802512,5.283916473388672,3791000,0.0,0.0
2017-02-06 00:00:00-05:00,5.22778847679083,5.428240489524117,5.22778847679083,5.291933059692383,3280400,0.0,0.0
2017-02-07 00:00:00-05:00,5.34806193065202,5.404188272295882,5.25184501726366,5.324007511138916,2739000,0.0,0.0
2017-02-08 00:00:00-05:00,5.227791405924517,5.332026602708499,5.123556209140535,5.315990447998047,1780600,0.0,0.0
2017-02-09 00:00:00-05:00,5.348061679432213,5.380133982388435,5.211754200702263,5.332025527954102,1766600,0.0,0.0
2017-02-10 00:00:00-05:00,5.356078972959775,5.364097238980017,5.243825925000166,5.3079705238342285,4099600,0.0,0.0
2017-02-13 00:00:00-05:00,5.396170749347589,5.404188634835151,5.291935561684916,5.340044021606445,1992200,0.0,0.0
2017-02-14 00:00:00-05:00,5.307971837650669,5.372116452361652,5.243827222939686,5.259863376617432,2643500,0.0,0.0
2017-02-15 00:00:00-05:00,5.275896913966995,5.340041496868547,5.267879032270237,5.291933059692383,2238000,0.0,0.0
2017-02-16 00:00:00-05:00,5.2839167068585935,5.291934590875267,5.211753839048608,5.25184440612793,1209200,0.0,0.0
2017-02-17 00:00:00-05:00,5.219772105397266,5.2839167068585935,5.171663271969288,5.25184440612793,1220100,0.0,0.0
2017-02-21 00:00:00-05:00,5.291935323909842,5.3159897439558295,5.195718408389962,5.243826866149902,1272700,0.0,0.0
2017-02-22 00:00:00-05:00,5.219771862030029,5.275898194525858,5.195717446437556,5.219771862030029,1548900,0.0,0.0
2017-02-23 00:00:00-05:00,5.243825908080753,5.291934357051076,5.155626893802512,5.283916473388672,1837600,0.0,0.0
2017-02-24 00:00:00-05:00,5.155626297241146,5.227789153512595,5.107517853837487,5.195716857910156,816800,0.0,0.0
2017-02-27 00:00:00-05:00,5.195717688683277,5.259862290144604,5.171663271969288,5.25184440612793,1510200,0.0,0.0
2017-02-28 00:00:00-05:00,5.203736291458257,5.227790711494727,5.083465338272014,5.115537643432617,1805200,0.0,0.0
2017-03-01 00:00:00-05:00,5.2758991713231955,5.291935323909842,5.2037362935172675,5.243826866149902,2862200,0.0,0.0
2017-03-02 00:00:00-05:00,5.243826510826897,5.243826510826897,5.107519031910612,5.1235551834106445,1260700,0.0,0.0
2017-03-03 00:00:00-05:00,5.139591194918641,5.171663497045122,5.035356404173576,5.051392555236816,966800,0.0,0.0
2017-03-06 00:00:00-05:00,4.987247088762421,4.987247088762421,4.9070663411614746,4.94715690612793,1303200,0.0,0.0
2017-03-07 00:00:00-05:00,4.931119716216658,5.027336593037499,4.9070653058455065,4.987246036529541,1033500,0.0,0.0
2017-03-08 00:00:00-05:00,5.035356524911128,5.051392676358883,4.931121349334717,4.931121349334717,1114600,0.0,0.0
2017-03-09 00:00:00-05:00,4.939138997728678,4.987247449771647,4.850940360149231,4.8589582443237305,1243000,0.0,0.0
2017-03-10 00:00:00-05:00,4.891030287544186,4.899048553627483,4.706614373280016,4.7627410888671875,1473600,0.0,0.0
2017-03-13 00:00:00-04:00,4.738687633729086,4.8429228199540555,4.738687633729086,4.7867960929870605,1146300,0.0,0.0
2017-03-14 00:00:00-04:00,4.7386866531452725,4.762741068962666,4.57832515546921,4.594361305236816,1801400,0.0,0.0
2017-03-15 00:00:00-04:00,4.62643420397732,4.730669382133049,4.570307481355308,4.5783257484436035,1685500,0.0,0.0
2017-03-16 00:00:00-04:00,4.618414570682132,4.7867939101354535,4.610396306629564,4.730667591094971,1258400,0.0,0.0
2017-03-17 00:00:00-04:00,4.7386869145167045,4.931121104674027,4.714632879704532,4.794813632965088,6828300,0.0,0.0
2017-03-20 00:00:00-04:00,4.770759438732909,4.770759438732909,4.6344523429870605,4.6344523429870605,941200,0.0,0.0
2017-03-21 00:00:00-04:00,4.674542413119981,4.674542413119981,4.313728824469265,4.337782859802246,1993000,0.0,0.0
2017-03-22 00:00:00-04:00,4.281655693923146,4.3778725813000445,4.22552898512066,4.321745872497559,1586200,0.0,0.0
2017-03-23 00:00:00-04:00,4.31372787713054,4.442017056951491,4.289673464748155,4.377872467041016,924400,0.0,0.0
2017-03-24 00:00:00-04:00,4.401927707675662,4.442018278561065,4.313729063459005,4.3698554039001465,683300,0.0,0.0
2017-03-27 00:00:00-04:00,4.201475490729686,4.361837387084961,4.201475490729686,4.361837387084961,987000,0.0,0.0
2017-03-28 00:00:00-04:00,4.329765322051029,4.4340005030562715,4.281656865202154,4.393909931182861,1146900,0.0,0.0
2017-03-29 00:00:00-04:00,4.353819018082475,4.4420180398922335,4.329764982709267,4.401927471160889,830000,0.0,0.0
2017-03-30 00:00:00-04:00,4.401927820493499,4.586343763095151,4.393909935510138,4.5221991539001465,1275900,0.0,0.0
2017-03-31 00:00:00-04:00,4.5061627524312895,4.570307358079392,4.466072565067229,4.530217170715332,1359900,0.0,0.0
2017-04-03 00:00:00-04:00,4.530217421215537,4.5703076107964,4.417964355124279,4.5221991539001465,1172300,0.0,0.0
2017-04-04 00:00:00-04:00,4.490126499543202,4.5863434058408705,4.482108615184396,4.57030725479126,1237900,0.0,0.0
2017-04-05 00:00:00-04:00,4.618417309732908,4.682561930868292,4.4420192192784995,4.474091529846191,1491600,0.0,0.0
2017-04-06 00:00:00-04:00,4.458055364958336,4.570308451703433,4.434001323250437,4.538236141204834,1353600,0.0,0.0
2017-04-07 00:00:00-04:00,4.498144751732671,4.530217053728498,4.425981881076061,4.442018032073975,1055500,0.0,0.0
2017-04-10 00:00:00-04:00,4.450035687215859,4.4981441335985455,4.36985456091277,4.433999538421631,650300,0.0,0.0
2017-04-11 00:00:00-04:00,4.401928392417984,4.49814570104364,4.369856083653458,4.482109546661377,1392600,0.0,0.0
2017-04-12 00:00:00-04:00,4.466071605854799,4.482107753822618,4.393908748833649,4.425981044769287,1152100,0.0,0.0
2017-04-13 00:00:00-04:00,4.377873420925642,4.458054175784134,4.265620364123753,4.2736382484436035,1165900,0.0,0.0
2017-04-17 00:00:00-04:00,4.281655788421631,4.289673671380703,4.193456781880245,4.281655788421631,1125900,0.0,0.0
2017-04-18 00:00:00-04:00,4.233547930681226,4.313728683049207,4.21751178020763,4.265620231628418,749700,0.0,0.0
2017-04-19 00:00:00-04:00,4.337782486064406,4.377873051274555,4.257601737976074,4.257601737976074,554700,0.0,0.0
2017-04-20 00:00:00-04:00,4.297691841819296,4.369854316186008,4.273637428809109,4.321745872497559,950900,0.0,0.0
2017-04-21 00:00:00-04:00,4.313728692478412,4.377873294513007,4.297692541969762,4.3297648429870605,789200,0.0,0.0
2017-04-24 00:00:00-04:00,4.482109552921374,4.5462541705400135,4.417964935302734,4.417964935302734,1127800,0.0,0.0
2017-04-25 00:00:00-04:00,4.401927351982277,4.6985967114317475,4.361837166668341,4.666524410247803,1944800,0.0,0.0
2017-04-26 00:00:00-04:00,4.690578471007345,4.89103054568571,4.666524436151855,4.8589582443237305,1183700,0.0,0.0
2017-04-27 00:00:00-04:00,4.866977094901279,4.907067285248859,4.7707597969366065,4.818868637084961,972800,0.0,0.0
2017-04-28 00:00:00-04:00,4.786795476401791,4.858958347159506,4.706614721299885,4.714632987976074,874600,0.0,0.0
2017-05-01 00:00:00-04:00,4.7627419242930005,4.923103450768036,4.71463346635049,4.842922687530518,1221300,0.0,0.0
2017-05-02 00:00:00-04:00,4.858957879388431,4.923102477294766,4.802831165054407,4.883012294769287,1768700,0.0,0.0
2017-05-03 00:00:00-04:00,4.834903863480365,4.907066345214844,4.7707588830146594,4.907066345214844,2366800,0.0,0.0
2017-05-04 00:00:00-04:00,4.987247449771647,5.003283600452637,4.818868058787252,4.8589582443237305,1150600,0.0,0.0
2017-05-05 00:00:00-04:00,4.866976502065583,4.866976502065583,4.770759215820926,4.794813632965088,559500,0.0,0.0
2017-05-08 00:00:00-04:00,4.82688593426931,4.83490420076136,4.746705181008755,4.794813632965088,692600,0.0,0.0
2017-05-09 00:00:00-04:00,4.794813505918436,4.842921956600055,4.73066890500961,4.746705055236816,1124500,0.0,0.0
2017-05-10 00:00:00-04:00,4.530217060593278,4.674542419793199,4.425981887782892,4.610397815704346,3902000,0.0,0.0
2017-05-11 00:00:00-04:00,4.570307481355308,4.650488622910188,4.522199025821592,4.5783257484436035,2574700,0.0,0.0
2017-05-12 00:00:00-04:00,4.506162650592813,4.5863434058408705,4.498144766234008,4.57030725479126,1380200,0.0,0.0
2017-05-15 00:00:00-04:00,4.594361539144146,4.610397689728182,4.538234820934027,4.562289237976074,1101300,0.0,0.0
2017-05-16 00:00:00-04:00,4.546253331020128,4.5863435184626065,4.482108725246554,4.490126609802246,1176000,0.0,0.0
2017-05-17 00:00:00-04:00,4.490126338258764,4.490126338258764,4.21751178020763,4.265620231628418,2106600,0.0,0.0
2017-05-18 00:00:00-04:00,4.23354770048263,4.33778248172726,4.23354770048263,4.29769229888916,1395600,0.0,0.0
2017-05-19 00:00:00-04:00,4.289674630859399,4.385891541880854,4.289674630859399,4.34580135345459,1677700,0.0,0.0
2017-05-22 00:00:00-04:00,4.385891541880854,4.385891541880854,4.273638479022489,4.34580135345459,1076700,0.0,0.0
2017-05-23 00:00:00-04:00,4.345800304930191,4.458053340704926,4.30570974384468,4.425981044769287,1114400,0.0,0.0
2017-05-24 00:00:00-04:00,4.434000012459271,4.450036162967921,4.297692541969762,4.3297648429870605,1500300,0.0,0.0
2017-05-25 00:00:00-04:00,4.321746576566743,4.385891178601338,4.2736381250407955,4.3297648429870605,982300,0.0,0.0
2017-05-26 00:00:00-04:00,4.32976496029983,4.369855146491682,4.297692658413549,4.3137288093566895,1027100,0.0,0.0
2017-05-30 00:00:00-04:00,4.289674019798537,4.313728435293376,4.217511537977946,4.233547687530518,965700,0.0,0.0
2017-05-31 00:00:00-04:00,4.241566297691103,4.241566297691103,4.073186507380853,4.161385536193848,1355800,0.0,0.0
2017-06-01 00:00:00-04:00,4.177421342613413,4.2816565150954515,4.145349040670016,4.2736382484436035,976400,0.0,0.0
2017-06-02 00:00:00-04:00,4.201475143432617,4.345800876455494,4.177421109483456,4.201475143432617,1301600,0.0,0.0
2017-06-05 00:00:00-04:00,4.193457606194526,4.434000259561436,4.1613853033898724,4.361837387084961,1632200,0.0,0.0
2017-06-06 00:00:00-04:00,4.321745967880855,4.321745967880855,4.193456781880245,4.281655788421631,1578300,0.0,0.0
2017-06-07 00:00:00-04:00,4.281656980263,4.305711018167826,4.185439681647577,4.249584674835205,1757100,0.0,0.0
2017-06-08 00:00:00-04:00,4.2495845606362375,4.554271454012444,4.201475721455334,4.393909931182861,2973200,0.0,0.0
2017-06-09 00:00:00-04:00,4.425982586629418,4.618416811612641,4.425982586629418,4.602380275726318,1886700,0.0,0.0
2017-06-12 00:00:00-04:00,4.610397924718965,4.754723287331514,4.554271203648081,4.6344523429870605,1386000,0.0,0.0
2017-06-13 00:00:00-04:00,4.714633099994032,4.722650984528725,4.602379657852264,4.6344523429870605,949800,0.0,0.0
2017-06-14 00:00:00-04:00,4.562290083006689,4.61039854366948,4.450037008126843,4.602380275726318,956800,0.0,0.0
2017-06-15 00:00:00-04:00,4.554271329510736,4.666524774754761,4.530217292909887,4.5783257484436035,612000,0.0,0.0
2017-06-16 00:00:00-04:00,4.554271095960599,4.626433966726559,4.514180909571065,4.610397815704346,1810500,0.0,0.0
2017-06-19 00:00:00-04:00,4.666524170357029,4.714632619659847,4.570306889419423,4.594361305236816,862800,0.0,0.0
2017-06-20 00:00:00-04:00,4.578325986539929,4.594362139218464,4.530217528504327,4.546253681182861,678500,0.0,0.0
2017-06-21 00:00:00-04:00,4.538235301729485,4.554271454012444,4.393909931182861,4.393909931182861,1168100,0.0,0.0
2017-06-22 00:00:00-04:00,4.393908387652118,4.4259806809513975,4.337781683212432,4.409944534301758,774300,0.0,0.0
2017-06-23 00:00:00-04:00,4.417964004519026,4.450036306571302,4.337782867056337,4.401927471160889,5591100,0.0,0.0
2017-06-26 00:00:00-04:00,4.401927471160889,4.450036306571302,4.337782867056337,4.401927471160889,905200,0.0,0.0
2017-06-27 00:00:00-04:00,4.450034893320367,4.538233504787836,4.385889927255102,4.506161212921143,1877000,0.0,0.0
2017-06-28 00:00:00-04:00,4.5703075974217775,4.610398169217349,4.4901268361626645,4.49814510345459,3187400,0.0,0.0
2017-06-29 00:00:00-04:00,4.6344523429870605,4.674542530324542,4.562289470514782,4.6344523429870605,1263900,0.0,0.0
2017-06-30 00:00:00-04:00,4.634452475039095,4.682560930614059,4.562289600510639,4.642470359802246,891300,0.0,0.0
2017-07-03 00:00:00-04:00,4.666525584466465,4.850941553843973,4.666525584466465,4.826887130737305,710700,0.0,0.0
2017-07-05 00:00:00-04:00,4.826886666868064,4.834904934577084,4.714633595266123,4.7867960929870605,834200,0.0,0.0
2017-07-06 00:00:00-04:00,4.778777839729628,4.899049169781847,4.754723420786377,4.810850143432617,1220900,0.0,0.0
2017-07-07 00:00:00-04:00,4.834904093380205,4.88301254426807,4.738686809272494,4.874994277954102,731000,0.0,0.0
2017-07-10 00:00:00-04:00,4.850940942295839,4.9150855527175965,4.810850369616223,4.818868637084961,1265500,0.0,0.0
2017-07-11 00:00:00-04:00,4.842922084921422,4.842922084921422,4.7386869145167045,4.794813632965088,925400,0.0,0.0
2017-07-12 00:00:00-04:00,4.7707597969366065,4.866977094901279,4.7707597969366065,4.818868637084961,555300,0.0,0.0
2017-07-13 00:00:00-04:00,4.850941087663076,4.850941087663076,4.746705901438106,4.7867960929870605,598800,0.0,0.0
2017-07-14 00:00:00-04:00,4.682559153775182,4.762739882641496,4.658504743949352,4.730667591094971,566200,0.0,0.0
2017-07-17 00:00:00-04:00,4.73066890500961,4.770759089411636,4.658506037821192,4.746705055236816,764400,0.0,0.0
2017-07-18 00:00:00-04:00,4.698596604555198,4.762741205464023,4.650488153873579,4.746705055236816,633400,0.0,0.0
2017-07-19 00:00:00-04:00,4.770759347590208,4.818868183207306,4.7146330099235945,4.802831649780273,624000,0.0,0.0
2017-07-20 00:00:00-04:00,4.810849538371062,4.818867804454359,4.714632639363313,4.7627410888671875,406500,0.0,0.0
2017-07-21 00:00:00-04:00,4.80283187838546,4.850940716292443,4.642470359802246,4.642470359802246,1030600,0.0,0.0
2017-07-24 00:00:00-04:00,4.650489693529985,4.698598160139068,4.62643526905939,4.690579891204834,989400,0.0,0.0
2017-07-25 00:00:00-04:00,4.778777614303725,4.858958369778888,4.762741463208692,4.802831649780273,640700,0.0,0.0
2017-07-26 00:00:00-04:00,4.802831127449016,4.810849393290507,4.626433484587759,4.650487899780273,623400,0.0,0.0
2017-07-27 00:00:00-04:00,4.674542536048155,4.746705408608792,4.6424702332060965,4.698596954345703,534800,0.0,0.0
2017-07-28 00:00:00-04:00,4.858959439991473,4.858959439991473,4.722651934495216,4.826887130737305,945100,0.0,0.0
2017-07-31 00:00:00-04:00,4.874994619977026,4.874994619977026,4.690578687469184,4.698596954345703,669000,0.0,0.0
2017-08-01 00:00:00-04:00,4.7467054231625605,4.842922331983745,4.714633120222166,4.72265100479126,871500,0.0,0.0
2017-08-02 00:00:00-04:00,4.738686672949266,4.794813388536437,4.698596489528689,4.7627410888671875,582700,0.0,0.0
2017-08-03 00:00:00-04:00,4.5783253908259605,4.754723047337656,4.57030712436398,4.666524410247803,12065300,0.0,0.0
2017-08-04 00:00:00-04:00,4.698596954345703,4.746705408608792,4.674542536048155,4.698596954345703,3080600,0.0,0.0
2017-08-07 00:00:00-04:00,4.69859648228621,4.730668781906023,4.658505916595459,4.658505916595459,1357500,0.0,0.0
2017-08-08 00:00:00-04:00,4.626434697223743,4.714633732938223,4.594362390115216,4.602380275726318,1632800,0.0,0.0
2017-08-09 00:00:00-04:00,4.530217292909887,4.6023797850444526,4.498144989220742,4.5783257484436035,1960700,0.0,0.0
2017-08-10 00:00:00-04:00,4.4420192192784995,4.538236150981576,4.4420192192784995,4.474091529846191,2104400,0.0,0.0
2017-08-11 00:00:00-04:00,4.458054531659019,4.538235292918133,4.458054531659019,4.49814510345459,1769900,0.0,0.0
2017-08-14 00:00:00-04:00,4.554270739651817,4.61841572105421,4.514180556398785,4.594361305236816,912800,0.0,0.0
2017-08-15 00:00:00-04:00,4.650488257354266,4.650488257354266,4.538234820934027,4.562289237976074,819100,0.0,0.0
2017-08-16 00:00:00-04:00,4.586343144696149,4.586343144696149,4.490126243877036,4.514180660247803,634100,0.0,0.0
2017-08-17 00:00:00-04:00,4.498145001334226,4.538235189887611,4.361837519122277,4.3698554039001465,957200,0.0,0.0
2017-08-18 00:00:00-04:00,4.321745536562792,4.4259806809513975,4.273637096613873,4.409944534301758,1040600,0.0,0.0
2017-08-21 00:00:00-04:00,4.385890349613868,4.41796302690102,4.361836319563397,4.377872467041016,559600,0.0,0.0
2017-08-22 00:00:00-04:00,4.425981272858544,4.4740897192412294,4.409945124064315,4.433999538421631,513500,0.0,0.0
2017-08-23 00:00:00-04:00,4.369855161417366,4.498144751732671,4.361837277084408,4.442018032073975,597200,0.0,0.0
2017-08-24 00:00:00-04:00,4.474090802963439,4.5542715663561095,4.44201849760637,4.546253681182861,932600,0.0,0.0
2017-08-25 00:00:00-04:00,4.570306662612679,4.634451640831804,4.570306662612679,4.586342811584473,951600,0.0,0.0
2017-08-28 00:00:00-04:00,4.5863438717131775,4.594362139218464,4.490126955641973,4.546253681182861,782800,0.0,0.0
2017-08-29 00:00:00-04:00,4.442018392406391,4.546253573514288,4.43400050742303,4.5221991539001465,846000,0.0,0.0
2017-08-30 00:00:00-04:00,4.5141807862239665,4.578325388560111,4.498144635639931,4.562289237976074,627100,0.0,0.0
2017-08-31 00:00:00-04:00,4.594360828915172,4.610396977020226,4.54625238460001,4.554270267486572,891000,0.0,0.0
2017-09-01 00:00:00-04:00,4.570307968617791,4.6424708507780075,4.562290083006689,4.602380275726318,698500,0.0,0.0
2017-09-05 00:00:00-04:00,4.570307995761521,4.578326263752304,4.305711269378662,4.305711269378662,1460400,0.0,0.0
2017-09-06 00:00:00-04:00,4.321746716030198,4.4580541909183715,4.321746716030198,4.401927471160889,1276700,0.0,0.0
2017-09-07 00:00:00-04:00,4.393909808965318,4.401927693717763,4.249584442433135,4.34580135345459,1219600,0.0,0.0
2017-09-08 00:00:00-04:00,4.337782727075392,4.409945595530305,4.289674275549444,4.3297648429870605,866000,0.0,0.0
2017-09-11 00:00:00-04:00,4.442018969539681,4.570308204597783,4.393910506392892,4.482109546661377,878200,0.0,0.0
2017-09-12 00:00:00-04:00,4.498144635639931,4.578325388560111,4.490126369181919,4.562289237976074,861400,0.0,0.0
2017-09-13 00:00:00-04:00,4.554270513640885,4.626433375179932,4.554270513640885,4.586342811584473,1067600,0.0,0.0
2017-09-14 00:00:00-04:00,4.594361539144146,4.626433840312218,4.546253087392039,4.562289237976074,921500,0.0,0.0
2017-09-15 00:00:00-04:00,4.562289005701604,4.61841572105421,4.514180556398785,4.594361305236816,4375300,0.0,0.0
2017-09-18 00:00:00-04:00,4.594360415162889,4.602378297327388,4.417962801893056,4.450035095214844,1912900,0.0,0.0
2017-09-19 00:00:00-04:00,4.474091529846191,4.578326730357242,4.4420192192784995,4.474091529846191,2088500,0.0,0.0
2017-09-20 00:00:00-04:00,4.434001089707394,4.522199747766984,4.3698560897566745,4.417964935302734,1701300,0.0,0.0
2017-09-21 00:00:00-04:00,4.393910156061257,4.506163227787027,4.393910156061257,4.466073036193848,1067600,0.0,0.0
2017-09-22 00:00:00-04:00,4.43399930991916,4.498143901790437,4.417963161951341,4.425981044769287,1203900,0.0,0.0
2017-09-25 00:00:00-04:00,4.450035457886979,4.562288493661714,4.409944896801468,4.425981044769287,2388100,0.0,0.0
2017-09-26 00:00:00-04:00,4.433998945442164,4.474089120900317,4.377872241002478,4.409944534301758,2303900,0.0,0.0
2017-09-27 00:00:00-04:00,4.4901268706387265,4.498145137992218,3.9368790402048575,3.984987497329712,4635600,0.0,0.0
2017-09-28 00:00:00-04:00,4.0411135186128675,4.209493280416067,3.9930050698593766,4.153366565704346,2577900,0.0,0.0
2017-09-29 00:00:00-04:00,4.145347588856197,4.225528315633211,4.097239152789989,4.105257034301758,2050400,0.0,0.0
2017-10-02 00:00:00-04:00,4.1052586913853775,4.201475602355655,4.081204654808817,4.113276958465576,3391500,0.0,0.0
2017-10-03 00:00:00-04:00,4.113275754966117,4.15336593164111,4.04111290168646,4.081203460693359,3850200,0.0,0.0
2017-10-04 00:00:00-04:00,4.073185054958288,4.113275612577378,3.9769681754707444,3.993004322052002,2389900,0.0,0.0
2017-10-05 00:00:00-04:00,4.017060047495298,4.129313110293956,3.97696947675834,4.113276958465576,4404800,0.0,0.0
2017-10-06 00:00:00-04:00,4.113277314215167,4.22553038672238,4.113277314215167,4.193458080291748,1490500,0.0,0.0
2017-10-09 00:00:00-04:00,4.169403432307537,4.169403432307537,4.057150365911728,4.121294975280762,1731000,0.0,0.0
2017-10-10 00:00:00-04:00,4.1132779231383845,4.129314078727668,4.041115031820555,4.04913330078125,1276400,0.0,0.0
2017-10-11 00:00:00-04:00,4.041114099958164,4.057150251849584,3.864716429152538,3.9689512252807617,2124300,0.0,0.0
2017-10-12 00:00:00-04:00,3.968951574489514,4.001023881094241,3.784535620346305,3.832644462585449,2319800,0.0,0.0
2017-10-13 00:00:00-04:00,3.7845350444596737,3.8566979145054283,3.7284087076080823,3.736426591873169,1385200,0.0,0.0
2017-10-16 00:00:00-04:00,3.7364262477997614,3.9048060075130686,3.7364262477997614,3.8566975593566895,1244200,0.0,0.0
2017-10-17 00:00:00-04:00,3.8887705783549724,3.9529151877768394,3.7925536642221718,3.8246259689331055,1692800,0.0,0.0
2017-10-18 00:00:00-04:00,3.824626088096073,3.9368791580817826,3.808589935240972,3.872734546661377,1172300,0.0,0.0
2017-10-19 00:00:00-04:00,3.8486800307430262,3.872734065873423,3.776517160687846,3.8406617641448975,824100,0.0,0.0
2017-10-20 00:00:00-04:00,3.8647159307835848,3.904806114176354,3.848679780960083,3.848679780960083,951700,0.0,0.0
2017-10-23 00:00:00-04:00,3.8647169054814032,3.896789213217177,3.7684995999420154,3.776517868041992,1323700,0.0,0.0
2017-10-24 00:00:00-04:00,3.7925535450326606,3.8406620005871446,3.776517393181166,3.8085896968841553,693400,0.0,0.0
2017-10-25 00:00:00-04:00,3.808589024646615,4.041113376617432,3.808589024646615,4.041113376617432,1360500,0.0,0.0
2017-10-26 00:00:00-04:00,4.02507736902837,4.161384831662576,4.001022953485643,4.153366565704346,1735300,0.0,0.0
2017-10-27 00:00:00-04:00,4.121294266535352,4.1774209812470735,4.065167934155595,4.153366565704346,1622100,0.0,0.0
2017-10-30 00:00:00-04:00,4.137330386460317,4.1774209513001415,3.9368783269251155,3.9529144763946533,1524700,0.0,0.0
2017-10-31 00:00:00-04:00,3.9609336689449868,4.217512502815466,3.9609336689449868,4.1293134689331055,2285900,0.0,0.0
2017-11-01 00:00:00-04:00,4.145350254196819,4.161386409863007,4.001024470869015,4.009042739868164,880700,0.0,0.0
2017-11-02 00:00:00-04:00,4.001021898325708,4.121293179657161,3.9769678714585353,4.105257034301758,911400,0.0,0.0
2017-11-03 00:00:00-04:00,4.105259047935353,4.137331354377656,4.073186741493049,4.1293134689331055,982000,0.0,0.0
2017-11-06 00:00:00-05:00,4.105259047935353,4.161385775375409,4.089222894714201,4.1293134689331055,1253400,0.0,0.0
2017-11-07 00:00:00-05:00,4.153366917670153,4.249584205662773,3.9849871415980664,4.001023292541504,1195900,0.0,0.0
2017-11-08 00:00:00-05:00,3.952915063547607,3.9609333306393637,3.73642682238642,3.8085896968841553,3245300,0.0,0.0
2017-11-09 00:00:00-05:00,3.808590175777766,3.8406624835135394,3.6963370987025574,3.776517868041992,1713400,0.0,0.0
2017-11-10 00:00:00-05:00,3.7845353968784234,3.8887705783549724,3.7604813595112385,3.8246259689331055,1374000,0.0,0.0
2017-11-13 00:00:00-05:00,3.752461797057361,3.8005702375198003,3.696335474350464,3.768497943878174,2092500,0.0,0.0
2017-11-14 00:00:00-05:00,3.7203906705349254,3.82462584873565,3.5921014557229682,3.8085896968841553,3039400,0.0,0.0
2017-11-15 00:00:00-05:00,3.7444441616730377,3.8967877576802747,3.728408013795009,3.880751609802246,3683500,0.0,0.0
2017-11-16 00:00:00-05:00,3.9048056404533273,3.9368779362093855,3.7845343402021485,3.880751609802246,2679700,0.0,0.0
2017-11-17 00:00:00-05:00,3.8246263196565704,3.9930061259956453,3.720391128621512,3.9368793964385986,3110300,0.0,0.0
2017-11-20 00:00:00-05:00,3.9368791580817826,3.944897425675354,3.8166082028345434,3.872734546661377,1877700,0.0,0.0
2017-11-21 00:00:00-05:00,3.8647159542317895,4.009041303518962,3.840661538184608,3.976969003677368,2557600,0.0,0.0
2017-11-22 00:00:00-05:00,4.001024470869015,4.049133320199689,3.9769704285357874,4.009042739868164,1063000,0.0,0.0
2017-11-24 00:00:00-05:00,4.009041190704016,4.017059456604765,3.91282429388679,3.9529144763946533,549100,0.0,0.0
2017-11-27 00:00:00-05:00,3.95291567144343,4.001024134396234,3.8486808595450612,3.9208433628082275,1621300,0.0,0.0
2017-11-28 00:00:00-05:00,3.9529143777260907,4.1533664322578145,3.928860345288177,4.14534854888916,1809700,0.0,0.0
2017-11-29 00:00:00-05:00,4.201475736992054,4.249584576350861,4.097240937933389,4.121294975280762,2081800,0.0,0.0
2017-11-30 00:00:00-05:00,4.16138405232115,4.16138405232115,3.984986057595427,3.993004322052002,3555200,0.0,0.0
2017-12-01 00:00:00-05:00,4.017060057183802,4.081204664652028,3.8406620043141646,4.07318639755249,1843500,0.0,0.0
2017-12-04 00:00:00-05:00,4.161385531734702,4.249584560453187,4.0010236265799985,4.0330963134765625,3067100,0.0,0.0
2017-12-05 00:00:00-05:00,4.04111505120054,4.073187362532917,3.9769704285357874,4.009042739868164,1754400,0.0,0.0
2017-12-06 00:00:00-05:00,4.001023875574987,4.057150603221862,3.9769698368206496,4.025078296661377,1739700,0.0,0.0
2017-12-07 00:00:00-05:00,4.017059344251872,4.089221823680502,3.993004929554361,4.041113376617432,1509700,0.0,0.0
2017-12-08 00:00:00-05:00,4.065168618041097,4.129313227170167,4.0010236265799985,4.0330963134765625,6946700,0.0,0.0
2017-12-11 00:00:00-05:00,4.025076754550081,4.201474373050246,4.009040607413703,4.081203460693359,1540300,0.0,0.0
2017-12-12 00:00:00-05:00,4.07318639755249,4.137331005020716,4.049132360917915,4.07318639755249,2973400,0.0,0.0
2017-12-13 00:00:00-05:00,4.05715036081688,4.105258817783244,3.9609334468841557,3.9609334468841553,2153600,0.0,0.0
2017-12-14 00:00:00-05:00,3.9689507375509834,4.04913186948694,3.888769987946999,3.976969003677368,3018300,0.0,0.0
2017-12-15 00:00:00-05:00,3.9849871415980664,4.129312882420996,3.8807523516317244,4.001023292541504,12577200,0.0,0.0
2017-12-18 00:00:00-05:00,4.049131143425334,4.137329761008577,3.9529138788215796,4.017058849334717,2778500,0.0,0.0
2017-12-19 00:00:00-05:00,4.065168641536499,4.065168641536499,3.8887705830800035,3.984987497329712,3994600,0.0,0.0
2017-12-20 00:00:00-05:00,4.009040162169341,4.121293179657161,3.9529134622594992,4.105257034301758,2455400,0.0,0.0
2017-12-21 00:00:00-05:00,4.337782733673094,4.434000019203319,4.201475262976263,4.289674282073975,4051600,0.0,0.0
2017-12-22 00:00:00-05:00,4.289674756783096,4.305710909090748,4.169403423309695,4.22553014755249,1499900,0.0,0.0
2017-12-26 00:00:00-05:00,4.21751142908223,4.241565461624033,4.121294151919157,4.169402599334717,924400,0.0,0.0
2017-12-27 00:00:00-05:00,4.161385049696868,4.161385049696868,4.081204297573342,4.097240447998047,1584600,0.0,0.0
2017-12-28 00:00:00-05:00,4.129313242617906,4.169403432307537,4.089222670596245,4.121294975280762,1371100,0.0,0.0
2017-12-29 00:00:00-05:00,4.153366068162495,4.153366068162495,4.057149182181569,4.089221477508545,1723000,0.0,0.0
2018-01-02 00:00:00-05:00,4.113276834775781,4.121294719282857,4.025077811205905,4.065168380737305,1866800,0.0,0.0
2018-01-03 00:00:00-05:00,4.07318639755249,4.1212948531536595,4.049132360917915,4.07318639755249,1104400,0.0,0.0
2018-01-04 00:00:00-05:00,4.097240806637196,4.137330995042136,4.049132351152057,4.113276958465576,1485200,0.0,0.0
2018-01-05 00:00:00-05:00,4.113276958465576,4.169403298698896,4.089222539556998,4.113276958465576,1368400,0.0,0.0
2018-01-08 00:00:00-05:00,4.097240447998047,4.105258332044407,4.041113730345586,4.097240447998047,1619900,0.0,0.0
2018-01-09 00:00:00-05:00,4.137329325012564,4.145347588856197,4.073184743590953,4.105257034301758,2106600,0.0,0.0
2018-01-10 00:00:00-05:00,4.113275686383381,4.281655419673828,4.097239539514381,4.18543815612793,3228800,0.0,0.0
2018-01-11 00:00:00-05:00,4.22552978800342,4.337782844605401,4.1774213351739995,4.3137288093566895,3211100,0.0,0.0
2018-01-12 00:00:00-05:00,4.3538188775840405,4.385891178601338,4.297692541969762,4.3297648429870605,1688400,0.0,0.0
2018-01-16 00:00:00-05:00,4.34580111124297,4.377873413129251,4.281656507470409,4.3137288093566895,1265700,0.0,0.0
2018-01-17 00:00:00-05:00,4.297691729652922,4.393908614518635,4.265619434697683,4.377872467041016,1386000,0.0,0.0
2018-01-18 00:00:00-05:00,4.3618372774672265,4.409945730465189,4.297692673469943,4.337782859802246,1081700,0.0,0.0
2018-01-19 00:00:00-05:00,4.31372787713054,4.385890349613868,4.31372787713054,4.377872467041016,1445600,0.0,0.0
2018-01-22 00:00:00-05:00,4.337782020393709,4.345800285507745,4.265619546026997,4.321745872497559,882900,0.0,0.0
2018-01-23 00:00:00-05:00,4.297692792481525,4.5622894824635205,4.265620489594738,4.490126609802246,3205900,0.0,0.0
2018-01-24 00:00:00-05:00,4.554272296454133,4.610399030992731,4.498145944247635,4.538236141204834,5502100,0.0,0.0
2018-01-25 00:00:00-05:00,4.54625238460001,4.610396977020226,4.50616182317141,4.554270267486572,2248800,0.0,0.0
2018-01-26 00:00:00-05:00,4.562287914853795,4.586341942587877,4.474088921054449,4.506161212921143,3125300,0.0,0.0
2018-01-29 00:00:00-05:00,4.77877760003548,4.850940470913667,4.49814476554431,4.674542427062988,4215200,0.0,0.0
2018-01-30 00:00:00-05:00,4.674542318675373,4.778777489230985,4.626433866649395,4.754723072052002,3027200,0.0,0.0
2018-01-31 00:00:00-05:00,4.802831876340861,4.874994750838596,4.7948139915811225,4.810850143432617,3057000,0.0,0.0
2018-02-01 00:00:00-05:00,4.802830584011333,4.939138029237897,4.79481270140902,4.8990478515625,3278800,0.0,0.0
2018-02-02 00:00:00-05:00,4.883013017930352,4.955175510096069,4.810850143432617,4.810850143432617,3329000,0.0,0.0
2018-02-05 00:00:00-05:00,4.762741574632758,4.923103089334733,4.706614853321062,4.72265100479126,2555200,0.0,0.0
2018-02-06 00:00:00-05:00,4.634452690956391,4.850940942295839,4.618416538350951,4.818868637084961,3181100,0.0,0.0
2018-02-07 00:00:00-05:00,4.7867960929870605,4.850941087663076,4.730669748352114,4.7867960929870605,1950200,0.0,0.0
2018-02-08 00:00:00-05:00,4.810850268421306,4.810850268421306,4.626434326171875,4.626434326171875,2050600,0.0,0.0
2018-02-09 00:00:00-05:00,4.6825620046027066,4.7306704712117895,4.554272377979712,4.690579891204834,2211900,0.0,0.0
2018-02-12 00:00:00-05:00,4.69859708247238,4.746705538047344,4.602379788990433,4.642470359802246,1265900,0.0,0.0
2018-02-13 00:00:00-05:00,4.602379556184801,4.682560693752564,4.56228936973292,4.674542427062988,1770400,0.0,0.0
2018-02-14 00:00:00-05:00,4.674543470613965,4.842923285364389,4.642471161359796,4.826887130737305,1767100,0.0,0.0
2018-02-15 00:00:00-05:00,4.866977708471057,4.939140213126893,4.8108509761102205,4.826887130737305,4270300,0.0,0.0
2018-02-16 00:00:00-05:00,4.842923717488191,5.035357972515784,4.810851405372278,4.995267391204834,1881600,0.0,0.0
2018-02-20 00:00:00-05:00,4.955174446105957,5.01931942207055,4.883011969435187,4.955174446105957,1261600,0.0,0.0
2018-02-21 00:00:00-05:00,4.939138640201853,5.00328323828261,4.9070663411614746,4.94715690612793,1932600,0.0,0.0
2018-02-22 00:00:00-05:00,4.963192808191994,5.027337403074614,4.87499379906242,4.915084362030029,1793900,0.0,0.0
2018-02-23 00:00:00-05:00,4.923104497777972,5.003285278067753,4.923104497777972,4.995267391204834,1160400,0.0,0.0
2018-02-26 00:00:00-05:00,5.01931978763374,5.043373820831903,4.883012325070938,4.971210956573486,1294100,0.0,0.0
2018-02-27 00:00:00-05:00,4.979230285816984,5.003284324151765,4.866977214813232,4.866977214813232,1165800,0.0,0.0
2018-02-28 00:00:00-05:00,4.90706619658984,4.947156760375149,4.826885451351173,4.834903717041016,1505600,0.0,0.0
2018-03-01 00:00:00-05:00,4.84292243727028,4.971211651820905,4.794813981813796,4.850940704345703,1424300,0.0,0.0
2018-03-02 00:00:00-05:00,4.802830956672652,4.947156678031968,4.738686361549377,4.939138412475586,1535800,0.0,0.0
2018-03-05 00:00:00-05:00,4.891032185662059,5.0113035472627905,4.842923717488191,4.995267391204834,1121800,0.0,0.0
2018-03-06 00:00:00-05:00,5.003283019237838,5.115536443296647,4.955174572783468,5.0834641456604,1611500,0.0,0.0
2018-03-07 00:00:00-05:00,5.043374411707035,5.163645738784572,5.043374411707035,5.099501132965088,1530400,0.0,0.0
2018-03-08 00:00:00-05:00,5.115536577499798,5.163645025216265,5.035355831305686,5.091482162475586,1028200,0.0,0.0
2018-03-09 00:00:00-05:00,5.131573083502493,5.187699418574481,5.075446366098522,5.147609233856201,1420200,0.0,0.0
2018-03-12 00:00:00-04:00,5.1556279535184,5.203736412377197,5.107519494659602,5.163646221160889,934200,0.0,0.0
2018-03-13 00:00:00-04:00,5.187700500679558,5.187700500679558,5.107519732186069,5.1315741539001465,1252600,0.0,0.0
2018-03-14 00:00:00-04:00,5.1556260232341895,5.1556260232341895,5.011300700693696,5.059409141540527,1306900,0.0,0.0
2018-03-15 00:00:00-04:00,5.0674288443265345,5.131573450326666,5.019320389826436,5.1235551834106445,1033200,0.0,0.0
2018-03-16 00:00:00-04:00,5.131573324632385,5.19571792906134,5.091482755698288,5.179681777954102,3257900,0.0,0.0
2018-03-19 00:00:00-04:00,5.13959121012512,5.13959121012512,4.9551752811862215,5.075446605682373,1418900,0.0,0.0
2018-03-20 00:00:00-04:00,5.083465578161431,5.139591923675077,4.987248275807079,5.019320964813232,1017600,0.0,0.0
2018-03-21 00:00:00-04:00,5.019320027238057,5.075446362267683,4.979229460218054,5.043374061584473,1245300,0.0,0.0
2018-03-22 00:00:00-04:00,4.971211651820905,4.971211651820905,4.802831866557201,4.850940704345703,1824000,0.0,0.0
2018-03-23 00:00:00-04:00,4.874994367943443,4.874994367943443,4.634452109063858,4.666524410247803,1576500,0.0,0.0
2018-03-26 00:00:00-04:00,4.714633222719656,4.8669768561645315,4.706614955644233,4.850940704345703,1235900,0.0,0.0
2018-03-27 00:00:00-04:00,4.826884465734547,4.842920611507809,4.674540889722614,4.730667591094971,2410400,0.0,0.0
2018-03-28 00:00:00-04:00,4.738686672949266,4.78679512245314,4.666524189859439,4.7627410888671875,1484600,0.0,0.0
2018-03-29 00:00:00-04:00,4.770760398376468,4.858959439991473,4.762742512228969,4.826887130737305,1625200,0.0,0.0
2018-04-02 00:00:00-04:00,4.794813281482096,4.891030178341598,4.754722716624655,4.883012294769287,2575200,0.0,0.0
2018-04-03 00:00:00-04:00,4.899047423943044,4.987246036529541,4.826884575161472,4.987246036529541,2359300,0.0,0.0
2018-04-04 00:00:00-04:00,4.883013470282283,5.02733885031573,4.874995202447732,5.019320964813232,1180900,0.0,0.0
2018-04-05 00:00:00-04:00,5.0433743034609995,5.091482756793059,4.987247583407595,5.075446605682373,1171600,0.0,0.0
2018-04-06 00:00:00-04:00,5.06742740618095,5.1957165817725,4.98724628910433,5.059409141540527,3656100,0.0,0.0
2018-04-09 00:00:00-04:00,5.0995017314984805,5.147610191509629,4.995266543641631,5.019320964813232,1610400,0.0,0.0
2018-04-10 00:00:00-04:00,5.0754463721971605,5.1315730896685725,4.9952656203322725,5.107518672943115,1143800,0.0,0.0
2018-04-11 00:00:00-04:00,5.083465233549794,5.195718299299428,5.067429081299847,5.155627727508545,1066200,0.0,0.0
2018-04-12 00:00:00-04:00,5.179682029714388,5.41220642323728,5.1716637626050375,5.40418815612793,1885700,0.0,0.0
2018-04-13 00:00:00-04:00,5.436261442640153,5.4442793283030175,5.299953945382895,5.388152599334717,1216200,0.0,0.0
2018-04-16 00:00:00-04:00,5.436259864684743,5.452296013687803,5.299952406992755,5.380133152008057,720400,0.0,0.0
2018-04-17 00:00:00-04:00,5.388151621806872,5.388151621806872,5.251844531610746,5.299952983856201,1498100,0.0,0.0
2018-04-18 00:00:00-04:00,5.299952610118332,5.340042792996501,5.219771862030029,5.219771862030029,1198600,0.0,0.0
2018-04-19 00:00:00-04:00,5.251842886544849,5.315987469446401,5.235806740819461,5.291933059692383,1362500,0.0,0.0
2018-04-20 00:00:00-04:00,5.2999530080711,5.540495270397386,5.2999530080711,5.492386817932129,3010800,0.0,0.0
2018-04-23 00:00:00-04:00,5.54049550822189,5.548513775142945,5.4041880292200295,5.460314750671387,1406100,0.0,0.0
2018-04-24 00:00:00-04:00,5.500405215363899,5.692839029802937,5.4683329129573925,5.604640007019043,2196500,0.0,0.0
2018-04-25 00:00:00-04:00,5.604639998816666,5.6687849858678065,5.540495394097529,5.644730567932129,1689900,0.0,0.0
2018-04-26 00:00:00-04:00,5.62869477142149,5.660767075801963,5.580586314850779,5.596622467041016,1753500,0.0,0.0
2018-04-27 00:00:00-04:00,5.692839956570011,5.885274184668423,5.636713609387526,5.877255916595459,2505000,0.0,0.0
2018-04-30 00:00:00-04:00,5.885273111957463,5.885273111957463,5.756983522497891,5.789055824279785,1615300,0.0,0.0
2018-05-01 00:00:00-04:00,5.805092319032545,5.949418067932129,5.716893675073932,5.949418067932129,1700400,0.0,0.0
2018-05-02 00:00:00-04:00,5.9574360686180725,5.965454335860537,5.837165118637308,5.869237422943115,2675800,0.0,0.0
2018-05-03 00:00:00-04:00,5.845181842142056,5.981489299524203,5.765001097309013,5.925362586975098,1900600,0.0,0.0
2018-05-04 00:00:00-04:00,5.877255193482338,5.997526523454651,5.821128853205405,5.949418067932129,2513000,0.0,0.0
2018-05-07 00:00:00-04:00,5.973471397327264,5.997525813406729,5.917345063695136,5.941399097442627,1071000,0.0,0.0
2018-05-08 00:00:00-04:00,5.973470801468908,6.013561363491626,5.933380621778125,5.997525215148926,1614900,0.0,0.0
2018-05-09 00:00:00-04:00,6.021581660760914,6.13383473703867,5.98950897092092,6.04563570022583,1426700,0.0,0.0
2018-05-10 00:00:00-04:00,6.037616144306629,6.037616144306629,5.941398866067718,5.973471164703369,1430600,0.0,0.0
2018-05-11 00:00:00-04:00,5.9654532812104355,6.00554346333902,5.925362716749893,5.973471164703369,1104100,0.0,0.0
2018-05-14 00:00:00-04:00,5.989507564983913,6.157887331042238,5.989507564983913,6.109778881072998,2423300,0.0,0.0
2018-05-15 00:00:00-04:00,6.133832587419508,6.246085624357867,6.101760291151405,6.222031593322754,1467500,0.0,0.0
2018-05-16 00:00:00-04:00,6.230049155426152,6.318248156787856,6.20599474329772,6.294193744659424,1896400,0.0,0.0
2018-05-17 00:00:00-04:00,6.278159502493808,6.4064487198904345,6.278159502493808,6.358340263366699,3371400,0.0,0.0
2018-05-18 00:00:00-04:00,6.366359128259466,6.422485857305378,6.334286820899535,6.342304706573486,3487500,0.0,0.0
2018-05-21 00:00:00-04:00,6.398430824279785,6.454557547963056,6.334286215688634,6.398430824279785,2160200,0.0,0.0
2018-05-22 00:00:00-04:00,6.4144669871437365,6.494648130348654,6.350322378445424,6.358340263366699,2024100,0.0,0.0
2018-05-23 00:00:00-04:00,6.334285028224464,6.39041135905392,6.302212729941359,6.366357326507568,1905700,0.0,0.0
2018-05-24 00:00:00-04:00,6.334286820899535,6.390413167613384,6.278160091853623,6.342304706573486,1436900,0.0,0.0
2018-05-25 00:00:00-04:00,6.302212372177314,6.366356965102162,6.278157958664529,6.310230255126953,1191500,0.0,0.0
2018-05-29 00:00:00-04:00,6.238068838090642,6.2701411399969595,6.1017613638227965,6.18996000289917,2260200,0.0,0.0
2018-05-30 00:00:00-04:00,6.2701402718104084,6.302212569275878,6.1258145508838515,6.149868965148926,2172900,0.0,0.0
2018-05-31 00:00:00-04:00,6.141851187153201,6.326267103384453,6.133833303316351,6.214014053344727,2922900,0.0,0.0
2018-06-01 00:00:00-04:00,6.302213191986084,6.39843009388951,6.262122625026999,6.302213191986084,1802400,0.0,0.0
2018-06-04 00:00:00-04:00,6.302212733036318,6.34230291474391,6.254104285588035,6.326266765594482,1455400,0.0,0.0
2018-06-05 00:00:00-04:00,6.31824853868001,6.390411014763182,6.294194125097663,6.374374866485596,1503900,0.0,0.0
2018-06-06 00:00:00-04:00,6.36635840623985,6.494648003462096,6.36635840623985,6.478611469268799,1292300,0.0,0.0
2018-06-07 00:00:00-04:00,6.486630680890196,6.518702989282834,6.382395487448086,6.454558372497559,1484200,0.0,0.0
2018-06-08 00:00:00-04:00,6.486629025701792,6.671044560736243,6.45455672549302,6.510683059692383,1887000,0.0,0.0
2018-06-11 00:00:00-04:00,6.478611718411846,6.5026657559627825,6.366358651066066,6.406448841094971,1543200,0.0,0.0
2018-06-12 00:00:00-04:00,6.414467589299364,6.45455816466531,6.32626855289352,6.342304706573486,1459200,0.0,0.0
2018-06-13 00:00:00-04:00,6.342302783132837,6.382393346340452,6.2300497414162415,6.278158187866211,1333000,0.0,0.0
2018-06-14 00:00:00-04:00,6.294195649292946,6.294195649292946,6.181942584166766,6.230051040649414,1441500,0.0,0.0
2018-06-15 00:00:00-04:00,6.205996977248928,6.270141971904161,6.133834479551369,6.246087551116943,4219700,0.0,0.0
2018-06-18 00:00:00-04:00,6.205995327025283,6.294194336682867,6.149868997332958,6.278158187866211,1466800,0.0,0.0
2018-06-19 00:00:00-04:00,6.222033147935671,6.374376402107084,6.189960461322083,6.334286212921143,1477300,0.0,0.0
2018-06-20 00:00:00-04:00,6.366358154266292,6.462575443957806,6.334285851813123,6.422484874725342,1564200,0.0,0.0
2018-06-21 00:00:00-04:00,6.414465409795799,6.4224836750773715,6.2621218104333165,6.310230255126953,1496000,0.0,0.0
2018-06-22 00:00:00-04:00,6.350321642937797,6.382393943572272,6.278158775344237,6.302213191986084,3560800,0.0,0.0
2018-06-25 00:00:00-04:00,6.254105460056752,6.294195649292946,6.10977970827678,6.230051040649414,1236200,0.0,0.0
2018-06-26 00:00:00-04:00,6.26212334497118,6.26212334497118,6.165906432005882,6.230051040649414,1114500,0.0,0.0
2018-06-27 00:00:00-04:00,6.197976816328603,6.254103522670867,6.1017599331692125,6.165904521942139,1234200,0.0,0.0
2018-06-28 00:00:00-04:00,6.157888518006539,6.278159857278536,6.157888518006539,6.246087551116943,1251700,0.0,0.0
2018-06-29 00:00:00-04:00,6.302213667391531,6.318249818918451,6.117797733665952,6.133833885192871,1391100,0.0,0.0
2018-07-02 00:00:00-04:00,6.0937428515543255,6.1979780197143555,6.085724967566929,6.1979780197143555,1157000,0.0,0.0
2018-07-03 00:00:00-04:00,6.19797966849365,6.318251018954899,6.165907359348261,6.270142555236816,698600,0.0,0.0
2018-07-05 00:00:00-04:00,6.286176580799807,6.3823934756491205,6.238068133375149,6.366357326507568,1411600,0.0,0.0
2018-07-06 00:00:00-04:00,6.342304111192121,6.4064487198904345,6.302213921921688,6.358340263366699,1005800,0.0,0.0
2018-07-09 00:00:00-04:00,6.406448114577302,6.486629250206306,6.374375813258496,6.414466381072998,2031200,0.0,0.0
2018-07-10 00:00:00-04:00,6.422484057658018,6.510682687017619,6.3423029293937185,6.390411376953125,1958600,0.0,0.0
2018-07-11 00:00:00-04:00,6.374376404892091,6.446539280723149,6.366358519984209,6.398430824279785,1683900,0.0,0.0
2018-07-12 00:00:00-04:00,6.438519440976651,6.438519440976651,6.165904921046043,6.310230255126953,1353200,0.0,0.0
2018-07-13 00:00:00-04:00,6.26212334497118,6.2701416122176346,6.1899604690811945,6.230051040649414,1395600,0.0,0.0
2018-07-16 00:00:00-04:00,6.28617658388689,6.382393478783456,6.2781583181461995,6.326266765594482,1029500,0.0,0.0
2018-07-17 00:00:00-04:00,6.358339889365921,6.390412191828569,6.294195284440626,6.318249702453613,1204300,0.0,0.0
2018-07-18 00:00:00-04:00,6.326268065923903,6.430503630318157,6.310231913478332,6.382394790649414,1726100,0.0,0.0
2018-07-19 00:00:00-04:00,6.366356965102162,6.382393113333374,6.230049513970893,6.310230255126953,3263900,0.0,0.0
2018-07-20 00:00:00-04:00,6.334284926837368,6.590863691327339,6.334284926837368,6.486628532409668,2753000,0.0,0.0
2018-07-23 00:00:00-04:00,6.494647291835424,6.743207427284184,6.462574991627069,6.655008792877197,1831100,0.0,0.0
2018-07-24 00:00:00-04:00,6.6710447883573325,6.711135356152207,6.566809617956252,6.663027286529541,2025000,0.0,0.0
2018-07-25 00:00:00-04:00,6.646990058455036,6.687080622057548,6.4545562707596575,6.534736633300781,1706000,0.0,0.0
2018-07-26 00:00:00-04:00,6.727172636629356,6.743208406730742,6.598882652497949,6.67906379699707,2575000,0.0,0.0
2018-07-27 00:00:00-04:00,6.695099603485615,6.767261708088326,6.598881934687371,6.687081336975098,1152600,0.0,0.0
2018-07-30 00:00:00-04:00,6.695100086799307,6.743208160007329,6.582846641540527,6.582846641540527,1462800,0.0,0.0
2018-07-31 00:00:00-04:00,6.55077361515868,6.6068999492641325,6.4705924824389305,6.590864181518555,1450100,0.0,0.0
2018-08-01 00:00:00-04:00,6.614918221003448,6.711135121549278,6.614918221003448,6.695099353790283,1871700,0.0,0.0
2018-08-02 00:00:00-04:00,6.687082290109118,6.751226902008057,6.671045754802338,6.751226902008057,1227000,0.0,0.0
2018-08-03 00:00:00-04:00,6.719152470327313,6.743206501013444,6.646989613605073,6.703115940093994,1200300,0.0,0.0
2018-08-06 00:00:00-04:00,6.711135371842668,6.759244206241791,6.65500903559701,6.687081336975098,584100,0.0,0.0
2018-08-07 00:00:00-04:00,6.695099353790283,6.719153387760752,6.67104455515586,6.695099353790283,609000,0.0,0.0
2018-08-08 00:00:00-04:00,6.711135121549278,6.7432074217312215,6.679062821367334,6.695099353790283,879700,0.0,0.0
2018-08-09 00:00:00-04:00,6.703116904294581,6.823388604353248,6.695099402688504,6.767261505126953,1772100,0.0,0.0
2018-08-10 00:00:00-04:00,6.6950996050895135,6.839424578993492,6.6950996050895135,6.791316509246826,1017700,0.0,0.0
2018-08-13 00:00:00-04:00,6.783298258233331,6.871496896079728,6.74320769024352,6.815370559692383,1951400,0.0,0.0
2018-08-14 00:00:00-04:00,6.823388623769752,7.071948761536503,6.775279790676596,7.039876461029053,7225700,0.0,0.0
2018-08-15 00:00:00-04:00,7.023842838973015,7.152132080196672,6.895553597749356,6.919607639312744,1634100,0.0,0.0
2018-08-16 00:00:00-04:00,6.927624022162953,7.047894961902982,6.9196057556032216,7.0078043937683105,1427200,0.0,0.0
2018-08-17 00:00:00-04:00,6.999785172871739,7.087984563675884,6.999785172871739,7.04789400100708,1254600,0.0,0.0
2018-08-20 00:00:00-04:00,7.0639321794075896,7.079967949416683,6.967714500696786,7.031859874725342,710000,0.0,0.0
2018-08-21 00:00:00-04:00,7.031860583277188,7.136095010499428,7.023842315132666,7.128077507019043,1542100,0.0,0.0
2018-08-22 00:00:00-04:00,7.128075629113381,7.216274261474609,7.087985063616846,7.216274261474609,1879000,0.0,0.0
2018-08-23 00:00:00-04:00,7.216274988336319,7.25636555787099,7.144112116106714,7.208256721496582,1783800,0.0,0.0
2018-08-24 00:00:00-04:00,7.208255743603105,7.264382839202881,7.144111146915284,7.264382839202881,1214100,0.0,0.0
2018-08-27 00:00:00-04:00,7.272400572655024,7.328527670048144,7.208255973917687,7.232310771942139,1543900,0.0,0.0
2018-08-28 00:00:00-04:00,7.248347293737958,7.256365560580689,7.079967513360673,7.1040215492248535,1461700,0.0,0.0
2018-08-29 00:00:00-04:00,7.1120395650528625,7.1120395650528625,6.94365979061843,7.0078043937683105,1341800,0.0,0.0
2018-08-30 00:00:00-04:00,6.983751321860552,7.055914201521923,6.935642480531608,6.967714786529541,1255600,0.0,0.0
2018-08-31 00:00:00-04:00,6.9436614311728455,7.0238425863863085,6.935643162718666,7.015824317932129,1069100,0.0,0.0
2018-09-04 00:00:00-04:00,7.015822394240857,7.055912960855024,6.9035689606539785,6.9917683601379395,1948000,0.0,0.0
2018-09-05 00:00:00-04:00,6.983750358753102,7.047894961902982,6.935641524058698,7.0078043937683105,1577100,0.0,0.0
2018-09-06 00:00:00-04:00,7.007804368446694,7.031859168038971,6.759244223305038,6.815370559692383,2063800,0.0,0.0
2018-09-07 00:00:00-04:00,6.807352293161624,6.855461127682194,6.735189423712762,6.815370559692383,1589000,0.0,0.0
2018-09-10 00:00:00-04:00,6.815369337686852,6.855459898488368,6.671043624666935,6.719152450561523,1801700,0.0,0.0
2018-09-11 00:00:00-04:00,6.735189676747922,6.9196059905638165,6.735189676747922,6.87149715423584,1337400,0.0,0.0
2018-09-12 00:00:00-04:00,6.855462561602951,6.8875348697703975,6.775281408852263,6.8795166015625,1415000,0.0,0.0
2018-09-13 00:00:00-04:00,6.887532925606809,6.935640991946307,6.807351795489078,6.831406593322754,921100,0.0,0.0
2018-09-14 00:00:00-04:00,6.831407334824522,6.919605975796234,6.823389068009637,6.847443103790283,1214300,0.0,0.0
2018-09-17 00:00:00-04:00,6.839424322277051,6.879514888670469,6.67104455515586,6.695099353790283,1801600,0.0,0.0
2018-09-18 00:00:00-04:00,6.695100334958872,6.839425324596504,6.695100334958872,6.8073530197143555,1291800,0.0,0.0
2018-09-19 00:00:00-04:00,6.823388132594013,6.935640793957698,6.823388132594013,6.911586761474609,1676600,0.0,0.0
2018-09-20 00:00:00-04:00,7.320511117722317,7.3365468888285505,7.176185354445653,7.248348236083984,10776500,0.0,0.0
2018-09-21 00:00:00-04:00,7.216274509273728,7.432763111590642,7.2082562429662955,7.352581977844238,12731600,0.0,0.0
2018-09-24 00:00:00-04:00,7.32852791218308,7.416726547195023,7.104021044520748,7.1601481437683105,3111300,0.0,0.0
2018-09-25 00:00:00-04:00,7.232311976144486,7.3205106229276895,7.184203136749246,7.2242937088012695,2572200,0.0,0.0
2018-09-26 00:00:00-04:00,7.240326357673243,7.256362885446672,7.184200039793706,7.19221830368042,1505900,0.0,0.0
2018-09-27 00:00:00-04:00,7.168167086560479,7.288438810845737,7.120059008577667,7.248348236083984,1773700,0.0,0.0
2018-09-28 00:00:00-04:00,7.248346078139439,7.344562970123922,7.224292046309289,7.296454906463623,1744500,0.0,0.0
2018-10-01 00:00:00-04:00,7.35258319533145,7.384655501207955,7.2323122394605805,7.240329742431641,1974800,0.0,0.0
2018-10-02 00:00:00-04:00,7.240330202385806,7.304474818213709,7.087986930960569,7.128077507019043,1441900,0.0,0.0
2018-10-03 00:00:00-04:00,7.24032997713963,7.336546897888184,7.128077285265041,7.336546897888184,2311200,0.0,0.0
2018-10-04 00:00:00-04:00,7.344564927696302,7.424746074719607,7.216275704190284,7.240329742431641,1430400,0.0,0.0
2018-10-05 00:00:00-04:00,7.272400829425801,7.272400829425801,7.12005759321174,7.184202194213867,1039600,0.0,0.0
2018-10-08 00:00:00-04:00,7.184202192839526,7.3686177295193716,7.152129892344598,7.328527927398682,1366500,0.0,0.0
2018-10-09 00:00:00-04:00,7.296456368416743,7.424745583434033,7.296456368416743,7.4087090492248535,2582300,0.0,0.0
2018-10-10 00:00:00-04:00,7.424744095776268,7.464834658602442,7.2804183754676,7.296454906463623,2311800,0.0,0.0
2018-10-11 00:00:00-04:00,7.2242937088012695,7.304474088241255,7.160149099383656,7.2242937088012695,2925700,0.0,0.0
2018-10-12 00:00:00-04:00,7.288436594662238,7.320508891786644,6.823387904026405,6.9837493896484375,2307400,0.0,0.0
2018-10-15 00:00:00-04:00,6.991768857682943,7.136093837234793,6.959696555042085,7.079967498779297,1207600,0.0,0.0
2018-10-16 00:00:00-04:00,7.112039589377492,7.208256494431394,6.967713849464644,7.200238227844238,898000,0.0,0.0
2018-10-17 00:00:00-04:00,7.160148878722071,7.336546166852263,7.1120400408094495,7.280419826507568,920100,0.0,0.0
2018-10-18 00:00:00-04:00,7.240328796116028,7.336545701169929,7.168165926159604,7.200238227844238,856500,0.0,0.0
2018-10-19 00:00:00-04:00,7.17618602361035,7.520963928181499,7.1120414038758355,7.360602378845215,1845600,0.0,0.0
2018-10-22 00:00:00-04:00,7.400693425244364,7.464838820326284,7.224296073928095,7.288440704345703,1086700,0.0,0.0
2018-10-23 00:00:00-04:00,7.19222189909741,7.424746315405776,7.184203631202336,7.336546897888184,2461700,0.0,0.0
2018-10-24 00:00:00-04:00,7.320509668533777,7.424744836414004,7.144111633300781,7.144111633300781,2996300,0.0,0.0
2018-10-25 00:00:00-04:00,7.071949475891583,7.232311759291386,6.727172401775697,7.17618465423584,3840100,0.0,0.0
2018-10-26 00:00:00-04:00,7.168163592669546,7.344561576843262,6.943657553961741,7.344561576843262,2584400,0.0,0.0
2018-10-29 00:00:00-04:00,7.48087092322223,7.520961488718765,7.071948531552658,7.216274261474609,1903600,0.0,0.0
2018-10-30 00:00:00-04:00,7.192220235751071,7.336545201163778,7.168165437629006,7.320509433746338,3508000,0.0,0.0
2018-10-31 00:00:00-04:00,7.408705958308927,7.512941093189533,7.368615404175814,7.4006876945495605,2243100,0.0,0.0
2018-11-01 00:00:00-04:00,7.432763850538624,7.488890190942678,7.296456368416743,7.4087090492248535,2464900,0.0,0.0
2018-11-02 00:00:00-04:00,7.448797000736693,7.569067906356491,7.39267068006929,7.480869293212891,2264700,0.0,0.0
2018-11-05 00:00:00-05:00,7.464836357974155,7.536998469892326,7.376636946745181,7.432764053344727,1572700,0.0,0.0
2018-11-06 00:00:00-05:00,7.440779213875642,7.569068392011871,7.408706919341585,7.561050891876221,1870800,0.0,0.0
2018-11-07 00:00:00-05:00,7.601142406463623,7.737449880241742,7.545016069495218,7.601142406463623,5094400,0.0,0.0
2018-11-08 00:00:00-05:00,7.5851089851520745,7.761507081922372,7.577090716057009,7.705379962921143,1456800,0.0,0.0
2018-11-09 00:00:00-05:00,7.673307184490637,7.737451804021228,7.536999676822086,7.641234874725342,923900,0.0,0.0
2018-11-12 00:00:00-05:00,7.641231455213434,7.641231455213434,7.416725387324618,7.42474365234375,1692100,0.0,0.0
2018-11-13 00:00:00-05:00,7.448797000736693,7.593122699211466,7.440778736451701,7.480869293212891,1563600,0.0,0.0
2018-11-14 00:00:00-05:00,7.536995324307094,7.5530318522609505,7.184200120623402,7.344561576843262,1659800,0.0,0.0
2018-11-15 00:00:00-05:00,7.320510180976564,7.673305511474609,7.272401344485733,7.673305511474609,1875500,0.0,0.0
2018-11-16 00:00:00-05:00,7.609160873303525,7.681323745398351,7.456817626953124,7.456817626953125,4524900,0.0,0.0
2018-11-19 00:00:00-05:00,7.448798879541545,7.464835412156411,7.240328543532065,7.352581977844238,3211900,0.0,0.0
2018-11-20 00:00:00-05:00,7.304475617094237,7.328530424158645,6.951680191456013,6.975734233856201,1699800,0.0,0.0
2018-11-21 00:00:00-05:00,6.983750590856725,7.176184406701868,6.855461380293297,7.079967498779297,932400,0.0,0.0
2018-11-23 00:00:00-05:00,7.007804401902617,7.11203957330816,6.999786135333578,7.071949005126953,496900,0.0,0.0
2018-11-26 00:00:00-05:00,7.128073510642674,7.29645322395435,7.128073510642674,7.168163299560547,1128600,0.0,0.0
2018-11-27 00:00:00-05:00,7.144112118774495,7.2323115247165095,7.039876943811032,7.1040215492248535,1206800,0.0,0.0
2018-11-28 00:00:00-05:00,7.120057341819832,7.320509404039994,7.015822177705675,7.232310771942139,4494200,0.0,0.0
2018-11-29 00:00:00-05:00,7.175995859675554,7.2564445499507775,7.087502914145266,7.208175182342529,1163800,0.03,0.0
2018-11-30 00:00:00-05:00,7.167952012385246,7.312759371735476,7.159906988595634,7.280580043792725,1770000,0.0,0.0
2018-12-03 00:00:00-05:00,7.393208435408909,7.393208435408909,7.192087413292917,7.296670436859131,1163300,0.0,0.0
2018-12-04 00:00:00-05:00,7.256447920360033,7.288627257973375,6.830070737963337,6.966833114624023,2613900,0.0,0.0
2018-12-06 00:00:00-05:00,6.8381127853884305,6.958785057067871,6.725484769196184,6.958785057067871,2041700,0.0,0.0
2018-12-07 00:00:00-05:00,6.98292192913948,7.095549207212187,6.918563265321993,7.00705623626709,1367400,0.0,0.0
2018-12-10 00:00:00-05:00,6.9829227092642485,7.031191328911988,6.854205367249109,6.999011993408203,2013000,0.0,0.0
2018-12-11 00:00:00-05:00,7.095548181288887,7.224265490313026,7.07945890126871,7.127727508544922,1401400,0.0,0.0
2018-12-12 00:00:00-05:00,7.208176336592623,7.320804367570022,7.095548305615223,7.248400688171387,1621900,0.0,0.0
2018-12-13 00:00:00-05:00,7.26448981214632,7.272534835732088,6.999010171541403,7.095548152923584,1506100,0.0,0.0
2018-12-14 00:00:00-05:00,6.982921095952477,7.127727688655919,6.870293064102512,6.950741767883301,1923100,0.0,0.0
2018-12-17 00:00:00-05:00,6.926605323559194,6.990963966941595,6.6852607944829625,6.725484371185303,2356600,0.0,0.0
2018-12-18 00:00:00-05:00,6.757664767063756,6.862247770988387,6.620902436332752,6.6691718101501465,1709500,0.0,0.0
2018-12-19 00:00:00-05:00,6.685262485327783,6.75766540203356,6.395647749641715,6.468051433563232,3356200,0.0,0.0
2018-12-20 00:00:00-05:00,6.435872100501106,6.701351763269518,6.419782435594168,6.64503812789917,2782700,0.0,0.0
2018-12-21 00:00:00-05:00,6.653081751095955,6.7093953746073165,6.379556738063413,6.532408714294434,8252500,0.0,0.0
2018-12-24 00:00:00-05:00,6.4760962851238375,6.580679296086431,6.443916956151941,6.460006237030029,858800,0.0,0.0
2018-12-26 00:00:00-05:00,6.460005595004277,6.781799619957557,6.3634676176829865,6.773754596710205,2093000,0.0,0.0
2018-12-27 00:00:00-05:00,6.645036450565075,6.765708715103191,6.403691154273297,6.725484371185303,1861000,0.0,0.0
2018-12-28 00:00:00-05:00,6.725485283153669,6.9668306121716075,6.693305957098988,6.838113307952881,1010200,0.0,0.0
2018-12-31 00:00:00-05:00,6.910515959624731,6.950740303037979,6.596767001660036,6.918560981750488,2260300,0.0,0.0
2019-01-02 00:00:00-05:00,6.813979507468765,6.999010454117754,6.693306450457255,6.870293140411377,1631500,0.0,0.0
2019-01-03 00:00:00-05:00,6.846158927797701,6.910517585514835,6.6772172594862935,6.781800270080566,1368000,0.0,0.0
2019-01-04 00:00:00-05:00,6.830068725699912,7.031189718333354,6.822023701862807,6.990965366363525,1758300,0.0,0.0
2019-01-07 00:00:00-05:00,6.974876650504789,7.087504691694142,6.926607270790562,7.0794596672058105,1097900,0.0,0.0
2019-01-08 00:00:00-05:00,7.13577320723629,7.175997561915642,7.0311901919562745,7.167952537536621,1368800,0.0,0.0
2019-01-09 00:00:00-05:00,7.216221518384447,7.272535151498551,7.08750420428609,7.264490127563477,2117100,0.0,0.0
2019-01-10 00:00:00-05:00,7.2564446798146,7.272533957828242,7.09554729638468,7.192085266113281,905900,0.0,0.0
2019-01-11 00:00:00-05:00,7.135774001270383,7.175998360425706,7.079460358782434,7.151864051818848,1017000,0.0,0.0
2019-01-14 00:00:00-05:00,7.119682236812241,7.2725338276764795,7.095547169400332,7.208175182342529,995900,0.0,0.0
2019-01-15 00:00:00-05:00,7.200131862029981,7.361028513401872,7.095548846834313,7.344939231872559,1309800,0.0,0.0
2019-01-16 00:00:00-05:00,7.401252080999531,7.538014411926269,7.352983474328724,7.5380144119262695,1698000,0.0,0.0
2019-01-17 00:00:00-05:00,7.513882503595928,7.594330462761469,7.473658140405201,7.570196151733398,1836700,0.0,0.0
2019-01-18 00:00:00-05:00,7.586282623253952,7.666730544448958,7.497788912559228,7.642596244812012,1493500,0.0,0.0
2019-01-22 00:00:00-05:00,7.60237196186951,7.723044995457776,7.489744717845799,7.562147617340088,1119900,0.0,0.0
2019-01-23 00:00:00-05:00,7.554106866786656,7.690869241305582,7.52997178854267,7.570196151733398,1233300,0.0,0.0
2019-01-24 00:00:00-05:00,7.538016938142909,7.763272301599767,7.538016938142909,7.755228042602539,943800,0.0,0.0
2019-01-25 00:00:00-05:00,7.811539979754196,7.932212277642334,7.723047012450611,7.835674285888672,1052900,0.0,0.0
2019-01-28 00:00:00-05:00,7.803494780245814,8.02070583223061,7.787405498922353,8.004615783691406,1236300,0.0,0.0
2019-01-29 00:00:00-05:00,7.908077624306943,8.455126987442146,7.803494612694876,8.350543975830078,2709600,0.0,0.0
2019-01-30 00:00:00-05:00,8.463170611044799,8.632111485828098,8.30227322459587,8.567752838134766,3822800,0.0,0.0
2019-01-31 00:00:00-05:00,8.607977184746998,8.688425877971463,8.406856218901435,8.567752838134766,2379800,0.0,0.0
2019-02-01 00:00:00-05:00,8.599934041326176,8.712562083009928,8.439037386932077,8.495351791381836,1860900,0.0,0.0
2019-02-04 00:00:00-05:00,8.519484911336939,8.656247240330718,8.51143988793362,8.607977867126465,1271400,0.0,0.0
2019-02-05 00:00:00-05:00,8.664292028664475,8.696471354189038,8.519484680196124,8.535573959350586,1266300,0.0,0.0
2019-02-06 00:00:00-05:00,8.535574979597783,8.599933638339623,8.503395650226864,8.591889381408691,1306500,0.0,0.0
2019-02-07 00:00:00-05:00,8.632114254484296,8.664294355867977,8.511441943158875,8.6160249710083,1102200,0.0,0.0
2019-02-08 00:00:00-05:00,8.591888254292458,8.63211183531763,8.50339453471957,8.583843231201172,524800,0.0,0.0
2019-02-11 00:00:00-05:00,8.616021706653395,8.841276960485715,8.59188740697525,8.825187683105469,1071000,0.0,0.0
2019-02-12 00:00:00-05:00,8.89759026186465,9.042396809450377,8.86541094382166,9.002172470092773,1285100,0.0,0.0
2019-02-13 00:00:00-05:00,9.026310575700135,9.09871425749914,8.95390689390113,9.010220527648926,1282000,0.0,0.0
2019-02-14 00:00:00-05:00,9.010218890586874,9.090667581794802,8.913680921466709,8.96999454498291,1225800,0.0,0.0
2019-02-15 00:00:00-05:00,9.050443236190839,9.098712604358711,8.913680921466709,8.96999454498291,2805600,0.0,0.0
2019-02-19 00:00:00-05:00,8.897592435778494,9.155027043020404,8.897592435778494,9.138936996459961,2006200,0.0,0.0
2019-02-20 00:00:00-05:00,9.155027331337479,9.323968989464333,9.138937284270316,9.275699615478516,1363700,0.0,0.0
2019-02-21 00:00:00-05:00,9.26765547536007,9.299834802682195,9.114803095168217,9.219386100769043,730400,0.0,0.0
2019-02-22 00:00:00-05:00,9.211340689595088,9.315923690795898,9.163072084250498,9.315923690795898,1104500,0.0,0.0
2019-02-25 00:00:00-05:00,9.420507493063907,9.444641797788448,9.106758462782018,9.122848510742188,939100,0.0,0.0
2019-02-26 00:00:00-05:00,9.130893920987702,9.163073251053614,9.02631090646955,9.034355163574219,682100,0.0,0.0
2019-02-27 00:00:00-05:00,9.058552532343942,9.244079839521092,9.002088067636853,9.203747749328613,1011900,0.03,0.0
2019-02-28 00:00:00-05:00,9.211813825771156,9.348942463487848,9.195680682853618,9.284411430358887,901700,0.0,0.0
2019-03-01 00:00:00-05:00,9.348942463487848,9.389274551511098,9.2279461994181,9.284411430358887,879000,0.0,0.0
2019-03-04 00:00:00-05:00,9.332812885235782,9.357012608855166,9.17955181533412,9.219883918762207,1025300,0.0,0.0
2019-03-05 00:00:00-05:00,9.203748980008706,9.211815552979951,9.074686889551733,9.147284507751465,987200,0.0,0.0
2019-03-06 00:00:00-05:00,9.131149782335754,9.171481870944744,8.840760129038115,8.913357734680176,1683700,0.0,0.0
2019-03-07 00:00:00-05:00,8.873028772836545,8.937559829642776,8.639103499596233,8.752033233642578,1379200,0.0,0.0
2019-03-08 00:00:00-05:00,8.695565406238325,8.905291663370225,8.671366459421767,8.832694053649902,1080800,0.0,0.0
2019-03-11 00:00:00-04:00,8.881094956154431,9.115020219093275,8.824629706982405,9.090821266174316,1505400,0.0,0.0
2019-03-12 00:00:00-04:00,9.08275467996344,9.227949166553842,9.04242257897189,9.211816787719727,1374600,0.0,0.0
2019-03-13 00:00:00-04:00,9.260212631979044,9.308611296248534,9.163416072710733,9.179549217224121,1922600,0.0,0.0
2019-03-14 00:00:00-04:00,9.179549231809562,9.332810258576902,9.139217139732681,9.300544738769531,1107300,0.0,0.0
2019-03-15 00:00:00-04:00,9.324745975796066,9.3570115008637,9.131152056119458,9.187617301940918,5275900,0.0,0.0
2019-03-18 00:00:00-04:00,9.195681520899694,9.38120883500639,9.187615717976445,9.357009887695312,1122400,0.0,0.0
2019-03-19 00:00:00-04:00,9.405408688665412,9.42960763830841,9.147284507751465,9.147284507751465,1366500,0.0,0.0
2019-03-20 00:00:00-04:00,9.131149782335754,9.260211850468037,8.913357734680176,8.913357734680176,1518200,0.0,0.0
2019-03-21 00:00:00-04:00,8.881093979862559,9.058553974121333,8.824628736897713,9.002089500427246,1424300,0.0,0.0
2019-03-22 00:00:00-04:00,8.905293453630653,8.945625552613444,8.622969530021923,8.679434776306152,1933400,0.0,0.0
2019-03-25 00:00:00-04:00,8.67943586375282,8.824630361303162,8.63103718505544,8.711701393127441,1040700,0.0,0.0
2019-03-26 00:00:00-04:00,8.768163214356349,8.977889476233738,8.768163214356349,8.953690528869629,1264700,0.0,0.0
2019-03-27 00:00:00-04:00,8.96175837720721,9.074688106132134,8.88916151854566,8.985958099365234,1392700,0.0,0.0
2019-03-28 00:00:00-04:00,8.994022698380755,9.155351080722712,8.929491653152269,9.147284507751465,1091600,0.0,0.0
2019-03-29 00:00:00-04:00,9.21181502276098,9.276346064275153,9.090819512239582,9.244080543518066,2800800,0.0,0.0
2019-04-01 00:00:00-04:00,9.316678199897277,9.494138949503418,9.292479251537117,9.469939231872559,1531100,0.0,0.0
2019-04-02 00:00:00-04:00,9.429608802533364,9.494140625,9.357011944641213,9.494140625,1641100,0.0,0.0
2019-04-03 00:00:00-04:00,9.59093621730825,9.631267544449976,9.34894440810412,9.389276504516602,1740200,0.0,0.0
2019-04-04 00:00:00-04:00,9.397341367592558,9.534470020104267,9.340876899830329,9.510271072387695,1095900,0.0,0.0
2019-04-05 00:00:00-04:00,9.526403890133563,9.550602837019714,9.30861106034625,9.340876579284668,1535400,0.0,0.0
2019-04-08 00:00:00-04:00,9.28441303399149,9.348944078266452,9.20374884401242,9.236014366149902,1895400,0.0,0.0
2019-04-09 00:00:00-04:00,9.227948492148133,9.252148212536982,9.106952967287034,9.155351638793945,1199500,0.0,0.0
2019-04-10 00:00:00-04:00,9.147284533451945,9.284413197265444,9.06662034205433,9.252147674560547,1161200,0.0,0.0
2019-04-11 00:00:00-04:00,9.276346461139436,9.348944078266452,9.187616467579042,9.236014366149902,1066200,0.0,0.0
2019-04-12 00:00:00-04:00,9.324745296664775,9.42154186481788,9.24408110523515,9.373143196105957,1018600,0.0,0.0
2019-04-15 00:00:00-04:00,9.373142626546409,9.41347471981044,9.203748450254036,9.244080543518066,827700,0.0,0.0
2019-04-16 00:00:00-04:00,9.26827966408932,9.413474894831106,9.227947570075413,9.381209373474121,1202800,0.0,0.0
2019-04-17 00:00:00-04:00,9.389277546000965,9.421543072855778,9.211816763664068,9.227949142456055,1077700,0.0,0.0
2019-04-18 00:00:00-04:00,9.203750769682616,9.365078414124074,9.131153137366239,9.219883918762207,1007700,0.0,0.0
2019-04-22 00:00:00-04:00,9.203750738761933,9.252149416567216,9.106954152422254,9.131153106689453,1052100,0.0,0.0
2019-04-23 00:00:00-04:00,9.115017966361272,9.39734106536326,9.115017966361272,9.32474422454834,1360000,0.0,0.0
2019-04-24 00:00:00-04:00,9.098887059019319,9.27634784182396,8.808497316560592,8.985958099365234,2236000,0.0,0.0
2019-04-25 00:00:00-04:00,8.985955072602824,9.058551906811394,8.897224326452488,8.96982192993164,1151800,0.0,0.0
2019-04-26 00:00:00-04:00,8.96175875593525,9.115020592329625,8.96175875593525,9.09888744354248,838700,0.0,0.0
2019-04-29 00:00:00-04:00,9.13115083623292,9.324744730046127,9.13115083623292,9.244080543518066,1017800,0.0,0.0
2019-04-30 00:00:00-04:00,9.236015326558423,9.357011624108845,9.098886650897095,9.115019798278809,1595100,0.0,0.0
2019-05-01 00:00:00-04:00,9.11501992026436,9.163417824515587,8.945625716843425,9.0424222946167,6743700,0.0,0.0
2019-05-02 00:00:00-04:00,9.050490351157318,9.30861460084121,9.050490351157318,9.171485900878906,2213700,0.0,0.0
2019-05-03 00:00:00-04:00,9.236013861607606,9.340876995143672,9.227947289196212,9.316678047180176,778000,0.0,0.0
2019-05-06 00:00:00-04:00,9.147283465654157,9.365075526170818,9.123084518768005,9.340876579284668,1139600,0.0,0.0
2019-05-07 00:00:00-04:00,9.244079201177074,9.260211574577673,8.897224326452488,8.96982192993164,1708900,0.0,0.0
2019-05-08 00:00:00-04:00,8.953691576434968,9.018222623136383,8.873027383422823,8.897226333618164,913800,0.0,0.0
2019-05-09 00:00:00-04:00,8.800429763566042,8.913359479928896,8.70363319351392,8.897226333618164,731300,0.0,0.0
2019-05-10 00:00:00-04:00,8.824626840701354,8.897224445149021,8.64716688457438,8.881092071533203,1155400,0.0,0.0
2019-05-13 00:00:00-04:00,8.70363399835037,8.768165051019055,8.47777531400997,8.518107414245605,1196400,0.0,0.0
2019-05-14 00:00:00-04:00,8.510039730893771,8.72783181293941,8.48584078161553,8.622968673706055,4979000,0.0,0.0
2019-05-15 00:00:00-04:00,8.493906437872196,8.598769575286756,8.380977497018606,8.469707489013672,2054400,0.0,0.0
2019-05-16 00:00:00-04:00,8.550370900003463,8.72783086785548,8.542304328027287,8.60683536529541,2203200,0.0,0.0
2019-05-17 00:00:00-04:00,8.485842011406087,8.663302024192141,8.43744333656481,8.445509910583496,1528100,0.0,0.0
2019-05-20 00:00:00-04:00,8.38097626374779,8.606834881490318,8.356776549179568,8.40517520904541,1924900,0.0,0.0
2019-05-21 00:00:00-04:00,8.429374135286242,8.526170685528493,8.40517519004333,8.421307563781738,2592300,0.0,0.0
2019-05-22 00:00:00-04:00,8.413242701782533,8.47777374248913,8.195449862444752,8.300312995910645,2323400,0.0,0.0
2019-05-23 00:00:00-04:00,8.195451751806027,8.251916233123826,7.977659631529619,8.074456214904785,1773200,0.0,0.0
2019-05-24 00:00:00-04:00,8.098653126640377,8.187383113379752,8.050254462519383,8.16318416595459,1288100,0.0,0.0
2019-05-28 00:00:00-04:00,8.13898941976316,8.243852605095348,8.13898941976316,8.155121803283691,1137300,0.0,0.0
2019-05-29 00:00:00-04:00,8.130846428086683,8.300744739296618,8.041851596963305,8.252202033996582,1059900,0.03,0.0
2019-05-30 00:00:00-04:00,8.276471550627097,8.316923669362243,8.098483462688444,8.195568084716797,1020500,0.0,0.0
2019-05-31 00:00:00-04:00,8.05803108215332,8.106573777370373,7.977126847311554,8.05803108215332,2653900,0.0,0.0
2019-06-03 00:00:00-04:00,8.049941657393402,8.252201501908614,7.944766445658282,8.171298027038574,1761000,0.0,0.0
2019-06-04 00:00:00-04:00,8.316923882634219,8.414008507152127,8.195568294876837,8.308834075927734,4698500,0.0,0.0
2019-06-05 00:00:00-04:00,8.284565549922213,8.333108266762832,8.066125253040205,8.163209915161133,1378200,0.0,0.0
2019-06-06 00:00:00-04:00,8.17938863583778,8.227931342764006,7.944767224074683,7.969038963317871,1660600,0.0,0.0
2019-06-07 00:00:00-04:00,7.960950412088322,8.066125660927904,7.9285888564115545,7.9852213859558105,1196200,0.0,0.0
2019-06-10 00:00:00-04:00,8.033763101293708,8.203661440255093,7.969039998028442,8.017581939697266,1360900,0.0,0.0
2019-06-11 00:00:00-04:00,8.09039674653776,8.13084888458252,7.9690411039638365,8.13084888458252,2845100,0.0,0.0
2019-06-12 00:00:00-04:00,8.098486338623509,8.195570995128573,8.04185304365869,8.106576919555664,826100,0.0,0.0
2019-06-13 00:00:00-04:00,8.15512038800548,8.203663111121406,8.049945130887979,8.098487854003906,828300,0.0,0.0
2019-06-14 00:00:00-04:00,8.05803108215332,8.114663583606578,7.9690370410753495,8.05803108215332,682200,0.0,0.0
2019-06-17 00:00:00-04:00,8.0661241735371,8.098485723246407,7.92858739438249,7.960948944091797,1474300,0.0,0.0
2019-06-18 00:00:00-04:00,8.009491185017446,8.268384364018333,8.001401375955101,8.147027969360352,1096500,0.0,0.0
2019-06-19 00:00:00-04:00,8.147029805559423,8.236024669345221,8.041854548441924,8.098487854003906,744000,0.0,0.0
2019-06-20 00:00:00-04:00,8.163209442960218,8.211751385432619,7.95285896808578,8.106576919555664,2296200,0.0,0.0
2019-06-21 00:00:00-04:00,8.074215024475523,8.195571430219688,8.074215024475523,8.138938903808594,2027500,0.0,0.0
2019-06-24 00:00:00-04:00,8.106578436449961,8.211752922007054,8.041854548441924,8.098487854003906,1606400,0.0,0.0
2019-06-25 00:00:00-04:00,8.082306299047923,8.1065780452147,7.985221629061925,8.090396881103516,1284100,0.0,0.0
2019-06-26 00:00:00-04:00,8.147028713609961,8.268385119354127,8.098486768560539,8.138938903808594,1652800,0.0,0.0
2019-06-27 00:00:00-04:00,8.45446368297441,8.915616780578304,8.45446368297441,8.778079986572266,3492000,0.0,0.0
2019-06-28 00:00:00-04:00,8.818530265837717,9.053151690626127,8.818530265837717,8.931796073913574,3754200,0.0,0.0
2019-07-01 00:00:00-04:00,8.980337625866348,9.0369701368236,8.729535073015482,8.81852912902832,1736900,0.0,0.0
2019-07-02 00:00:00-04:00,8.794259943952346,8.850892466377607,8.648632575932815,8.745718002319336,704600,0.0,0.0
2019-07-03 00:00:00-04:00,8.786166355826396,8.891341555445495,8.680991156207297,8.875161170959473,557200,0.0,0.0
2019-07-05 00:00:00-04:00,8.915615685079992,8.964157623140935,8.850891815065077,8.931796073913574,681500,0.0,0.0
2019-07-08 00:00:00-04:00,8.87516437442833,8.988429421393189,8.834712241272197,8.972249031066895,1209500,0.0,0.0
2019-07-09 00:00:00-04:00,8.931795513450437,8.964157060647135,8.818529712481919,8.939886093139648,909500,0.0,0.0
2019-07-10 00:00:00-04:00,8.972249292781076,9.036972399094712,8.88325444292961,8.891345024108887,1103600,0.0,0.0
2019-07-11 00:00:00-04:00,8.883254778569743,9.01270176764826,8.802351278401026,8.98843002319336,1041800,0.0,0.0
2019-07-12 00:00:00-04:00,8.996519481170912,9.093604132185392,8.956067350358158,9.004610061645508,866400,0.0,0.0
2019-07-15 00:00:00-04:00,9.004608993454386,9.004608993454386,8.786167975914676,8.826620101928711,677800,0.0,0.0
2019-07-16 00:00:00-04:00,8.794258313475696,8.939885654495567,8.69717367664915,8.907524108886719,1148700,0.0,0.0
2019-07-17 00:00:00-04:00,8.858982294554448,8.858982294554448,8.664813001397572,8.753807067871094,1275800,0.0,0.0
2019-07-18 00:00:00-04:00,8.745718805638386,8.93988813312593,8.697176087986339,8.899435997009277,1022200,0.0,0.0
2019-07-19 00:00:00-04:00,8.850892889772792,9.045062980273988,8.850892889772792,8.891345024108887,1282200,0.0,0.0
2019-07-22 00:00:00-04:00,8.891344329716704,8.931796460893587,8.680993864845098,8.697175025939941,1845100,0.0,0.0
2019-07-23 00:00:00-04:00,8.616270250282994,8.761897605220117,8.494914635542179,8.729536056518555,1641200,0.0,0.0
2019-07-24 00:00:00-04:00,8.608178351418212,8.664810855003596,8.357375831214375,8.616268157958984,3448400,0.0,0.0
2019-07-25 00:00:00-04:00,8.648632314215638,8.834711809005205,8.648632314215638,8.697175025939941,1245300,0.0,0.0
2019-07-26 00:00:00-04:00,8.7052662088221,8.899435526033825,8.7052662088221,8.842803001403809,1051600,0.0,0.0
2019-07-29 00:00:00-04:00,8.802351817379158,8.842803955720605,8.559639758890837,8.575820922851562,1223800,0.0,0.0
2019-07-30 00:00:00-04:00,8.511095837205092,8.786168616730574,8.511095837205092,8.753807067871094,2174500,0.0,0.0
2019-07-31 00:00:00-04:00,8.737629465367494,8.875166284766348,8.640544787831907,8.705267906188965,1607200,0.0,0.0
2019-08-01 00:00:00-04:00,8.705268074400182,8.810443336652803,8.308838773912926,8.397832870483398,1739400,0.0,0.0
2019-08-02 00:00:00-04:00,8.357377820461119,8.37355898051414,8.10657601212072,8.244112014770508,1191600,0.0,0.0
2019-08-05 00:00:00-04:00,8.08230399354548,8.098485153040938,7.782959486920849,7.969038963317871,1402500,0.0,0.0
2019-08-06 00:00:00-04:00,8.025671455854017,8.049942423468774,7.81532101236571,7.839591979980469,1378200,0.0,0.0
2019-08-07 00:00:00-04:00,7.685876487751591,7.8395936780200834,7.5726106617493265,7.831503868103027,1273000,0.0,0.0
2019-08-08 00:00:00-04:00,7.880043620200037,8.082303471467348,7.847682074859671,8.001399993896484,1326900,0.0,0.0
2019-08-09 00:00:00-04:00,7.969040603203105,8.049944102648432,7.896226913610094,7.97713041305542,1119800,0.0,0.0
2019-08-12 00:00:00-04:00,7.880045511636261,7.904317255137524,7.710147164928855,7.758689880371094,1097000,0.0,0.0
2019-08-13 00:00:00-04:00,7.710148419180016,8.033764774465347,7.693968025773976,7.912408351898193,1090100,0.0,0.0
2019-08-14 00:00:00-04:00,7.7101474359298985,7.750599571626887,7.467435393308284,7.621153354644775,1286200,0.0,0.0
2019-08-15 00:00:00-04:00,7.637334446366161,7.693967750159604,7.540249774726465,7.572611331939697,742600,0.0,0.0
2019-08-16 00:00:00-04:00,7.604971924437575,7.815322405420134,7.540248818221448,7.758689880371094,2815700,0.0,0.0
2019-08-19 00:00:00-04:00,7.896223694084399,7.952856197761399,7.8234100341796875,7.8234100341796875,746300,0.0,0.0
2019-08-20 00:00:00-04:00,7.750598866704771,7.799141579438228,7.6777851833847075,7.726327896118164,1166200,0.0,0.0
2019-08-21 00:00:00-04:00,7.78296085231207,7.83959337736111,7.7020573553220535,7.758689880371094,682700,0.0,0.0
2019-08-22 00:00:00-04:00,7.807231341635292,7.871954443850447,7.677785137204982,7.815321922302246,640900,0.0,0.0
2019-08-23 00:00:00-04:00,7.75059771133338,7.839591771258205,7.5159763064769045,7.5564284324646,1282600,0.0,0.0
2019-08-26 00:00:00-04:00,7.613060912313369,7.685874584457853,7.580699365978057,7.645422458648682,999300,0.0,0.0
2019-08-27 00:00:00-04:00,7.677784565306932,7.702056305499855,7.435072564298961,7.524067401885986,1104600,0.0,0.0
2019-08-28 00:00:00-04:00,7.475368114110464,7.7269823641175455,7.467251350613455,7.597116470336914,905300,0.03,0.0
2019-08-29 00:00:00-04:00,7.653933479499649,7.808148124496898,7.645816715537369,7.743215560913086,669500,0.0,0.0
2019-08-30 00:00:00-04:00,7.80003101240938,7.808147776009399,7.653933137894944,7.775681495666504,1708800,0.0,0.0
2019-09-03 00:00:00-04:00,7.726982716702261,7.7432154703798135,7.532184254171184,7.564650535583496,886800,0.0,0.0
2019-09-04 00:00:00-04:00,7.629582493069788,7.662048771906194,7.532183656560568,7.589000225067139,683300,0.0,0.0
2019-09-05 00:00:00-04:00,7.7350997894230975,7.970480556129866,7.72698379847669,7.791916370391846,1160300,0.0,0.0
2019-09-06 00:00:00-04:00,7.800033158666673,7.921782323995917,7.686401533228251,7.710751056671143,745800,0.0,0.0
2019-09-09 00:00:00-04:00,7.767565549199691,7.93801373244501,7.743216029895292,7.881197929382324,1055200,0.0,0.0
2019-09-10 00:00:00-04:00,7.929898205809145,8.05164658350856,7.824382583909575,8.019180297851562,1277500,0.0,0.0
2019-09-11 00:00:00-04:00,8.05164575405772,8.23021069380476,7.938013378935561,8.189627647399902,1237500,0.0,0.0
2019-09-12 00:00:00-04:00,8.116578016732461,8.28702618604613,8.084111735627818,8.213976860046387,1328500,0.0,0.0
2019-09-13 00:00:00-04:00,8.303258507741006,8.408774109357827,8.24644271227701,8.262676239013672,1024300,0.0,0.0
2019-09-16 00:00:00-04:00,8.157162753053955,8.343843714600528,8.108462934270253,8.140929222106934,1640500,0.0,0.0
2019-09-17 00:00:00-04:00,8.092229492802934,8.1571620629832,8.03541291335223,8.124695777893066,855100,0.0,0.0
2019-09-18 00:00:00-04:00,8.084112251761889,8.124695299248035,7.954247119052019,8.067878723144531,1026600,0.0,0.0
2019-09-19 00:00:00-04:00,8.05976403893731,8.165279669876668,8.011064219250924,8.03541374206543,934200,0.0,0.0
2019-09-20 00:00:00-04:00,8.043529332682695,8.246443799295507,8.043529332682695,8.157161712646484,3018100,0.0,0.0
2019-09-23 00:00:00-04:00,8.075995445251465,8.14092801126709,7.970479831961764,8.075995445251465,904700,0.0,0.0
2019-09-24 00:00:00-04:00,8.092228497990343,8.14904429639914,7.954246609805663,7.9948296546936035,1044300,0.0,0.0
2019-09-25 00:00:00-04:00,7.986713189432837,8.213977165619927,7.986713189432837,8.189627647399902,1258000,0.0,0.0
2019-09-26 00:00:00-04:00,8.157159310830622,8.189625584966924,8.067876476413014,8.100342750549316,587000,0.0,0.0
2019-09-27 00:00:00-04:00,8.15716342184307,8.262679059477632,8.027298259848967,8.084114074707031,952300,0.0,0.0
2019-09-30 00:00:00-04:00,8.092226762558015,8.173392060870256,8.043526964325045,8.100342750549316,1832100,0.0,0.0
2019-10-01 00:00:00-04:00,8.181509900890934,8.262675983954418,7.8568471167512675,7.913662910461426,1032300,0.0,0.0
2019-10-02 00:00:00-04:00,7.816266016848371,7.889315354940175,7.718867157411743,7.824382781982422,916500,0.0,0.0
2019-10-03 00:00:00-04:00,7.775682965235444,7.832498773059146,7.64581781931994,7.824382781982422,2026400,0.0,0.0
2019-10-04 00:00:00-04:00,7.864966033298918,8.09223084084602,7.8568500412173545,8.084114074707031,887600,0.0,0.0
2019-10-07 00:00:00-04:00,7.986711701863825,8.213975635721756,7.986711701863825,8.149043083190918,1227100,0.0,0.0
2019-10-08 00:00:00-04:00,8.04352841711662,8.157160784146043,7.8324972100864825,7.873080253601074,1075400,0.0,0.0
2019-10-09 00:00:00-04:00,7.946129840565686,8.01106240271897,7.905546795705585,7.938013076782227,692100,0.0,0.0
2019-10-10 00:00:00-04:00,8.002946156789596,8.100345006322,7.946130354743341,8.067878723144531,797200,0.0,0.0
2019-10-11 00:00:00-04:00,8.246444055842655,8.376309194665803,8.21397777113687,8.222094535827637,1694100,0.0,0.0
2019-10-14 00:00:00-04:00,8.12469482179415,8.246443183040705,8.12469482179415,8.205860137939453,445400,0.0,0.0
2019-10-15 00:00:00-04:00,8.189628208747996,8.295143827010177,8.181511444099225,8.23021125793457,1074700,0.0,0.0
2019-10-16 00:00:00-04:00,8.21397651505875,8.311375354281916,8.181510235317694,8.246442794799805,694000,0.0,0.0
2019-10-17 00:00:00-04:00,8.303260803222656,8.335727865671675,8.24644499205162,8.303260803222656,1232800,0.0,0.0
2019-10-18 00:00:00-04:00,8.278910287158858,8.376309140648106,8.254560767300866,8.311376571655273,1265700,0.0,0.0
2019-10-21 00:00:00-04:00,8.392539740875847,8.522404833537777,8.2951409213794,8.319490432739258,1279500,0.0,0.0
2019-10-22 00:00:00-04:00,8.944469538472342,9.00940210207898,8.546756618810164,8.571106910705566,3111800,0.0,0.0
2019-10-23 00:00:00-04:00,8.7496685379723,8.920116661558765,8.392539541630507,8.530521392822266,2370700,0.0,0.0
2019-10-24 00:00:00-04:00,8.5711077508463,8.595457271071227,8.376309266875007,8.400659561157227,1722800,0.0,0.0
2019-10-25 00:00:00-04:00,8.473707202881544,8.903886399861484,8.457474449177754,8.74967098236084,1383400,0.0,0.0
2019-10-28 00:00:00-04:00,8.814600905176578,8.863300699815996,8.692852579663496,8.822717666625977,1389300,0.0,0.0
2019-10-29 00:00:00-04:00,8.757788004815428,8.88765313450885,8.757788004815428,8.814603805541992,934400,0.0,0.0
2019-10-30 00:00:00-04:00,8.806488739260535,8.8470710160038,8.668506830972966,8.741556167602539,1674500,0.0,0.0
2019-10-31 00:00:00-04:00,8.652270647122185,8.684736922992814,8.473705742805182,8.538639068603516,1518300,0.0,0.0
2019-11-01 00:00:00-04:00,8.652271532780787,8.660388296093556,8.562989458511785,8.636038780212402,859000,0.0,0.0
2019-11-04 00:00:00-05:00,8.741554995474754,8.765904513067225,8.562990060329822,8.668505668640137,1114600,0.0,0.0
2019-11-05 00:00:00-05:00,8.741553689012855,8.806486242259805,8.684737124378955,8.700970649719238,1063300,0.0,0.0
2019-11-06 00:00:00-05:00,8.700971259249135,8.749670290567318,8.58733889607813,8.733437538146973,816500,0.0,0.0
2019-11-07 00:00:00-05:00,8.863304545946955,8.879537301832798,8.725322637659385,8.741556167602539,997200,0.0,0.0
2019-11-08 00:00:00-05:00,8.741554730583376,8.749670720163458,8.619805598195917,8.684738159179688,859700,0.0,0.0
2019-11-11 00:00:00-05:00,8.611689178675448,8.717204788004699,8.611689178675448,8.65227222442627,546700,0.0,0.0
2019-11-12 00:00:00-05:00,8.644157609257178,8.749673244815844,8.5954585614962,8.717206954956055,1163700,0.0,0.0
2019-11-13 00:00:00-05:00,8.619804422747702,8.676620212346464,8.571105395679359,8.611687660217285,852800,0.0,0.0
2019-11-14 00:00:00-05:00,8.62792271034707,8.636039474312204,8.52240710097198,8.571106910705566,732200,0.0,0.0
2019-11-15 00:00:00-05:00,8.619807346644718,8.636040877212075,8.498058963618902,8.522408485412598,735200,0.0,0.0
2019-11-18 00:00:00-05:00,8.498056796896536,8.498056796896536,8.368191681698335,8.457473754882812,1011900,0.0,0.0
2019-11-19 00:00:00-05:00,8.538641497036703,8.538641497036703,8.4006595918295,8.473708152770996,676600,0.0,0.0
2019-11-20 00:00:00-05:00,8.433124542236328,8.498057102167968,8.343841691787445,8.433124542236328,974000,0.0,0.0
2019-11-21 00:00:00-05:00,8.481823353077933,8.514289632193693,8.351958236614895,8.441240310668945,543300,0.0,0.0
2019-11-22 00:00:00-05:00,8.45747536636782,8.498058416114228,8.392542796396487,8.400659561157227,610300,0.0,0.0
2019-11-25 00:00:00-05:00,8.473707287556985,8.70908802404309,8.43312501586338,8.65227222442627,1973800,0.0,0.0
2019-11-26 00:00:00-05:00,8.595455633295186,8.627921912094736,8.441240228454465,8.457473754882812,1673400,0.0,0.0
2019-11-27 00:00:00-05:00,8.539033635149384,8.636902119664128,8.514565930678517,8.547188758850098,835000,0.05,0.0
2019-11-29 00:00:00-05:00,8.51456482588089,8.645056899424942,8.481942001942246,8.563499450683594,714100,0.0,0.0
2019-12-02 00:00:00-05:00,8.636901097872059,8.669523922184183,8.481942099047352,8.490097999572754,740700,0.0,0.0
2019-12-03 00:00:00-05:00,8.375918543988785,8.375918543988785,8.28620519335332,8.359606742858887,664100,0.0,0.0
2019-12-04 00:00:00-05:00,8.392229157613059,8.465630703535098,8.335139412024564,8.384073257446289,855200,0.0,0.0
2019-12-05 00:00:00-05:00,8.449321048520208,8.490099781918508,8.408543092911557,8.441165924072266,827100,0.0,0.0
2019-12-06 00:00:00-05:00,8.514564845438711,8.612434095268924,8.441164074750267,8.49825382232666,1069200,0.0,0.0
2019-12-09 00:00:00-05:00,8.473788388534043,8.58796790376064,8.465632486649396,8.522722244262695,1069700,0.0,0.0
2019-12-10 00:00:00-05:00,8.547186761928023,8.620588302612305,8.498252919998096,8.620588302612305,1099700,0.0,0.0
2019-12-11 00:00:00-05:00,8.530875129746727,8.57165384696155,8.441162574105585,8.539031028747559,1103100,0.0,0.0
2019-12-12 00:00:00-05:00,8.571653037342267,8.751078131677291,8.555341240881303,8.653209686279297,1383900,0.0,0.0
2019-12-13 00:00:00-05:00,8.653211454582918,8.710301976073609,8.522720167386064,8.604277610778809,925700,0.0,0.0
2019-12-16 00:00:00-05:00,8.677678579592202,8.767391139151437,8.677678579592202,8.710301399230957,1817300,0.0,0.0
2019-12-17 00:00:00-05:00,8.718457099095746,8.971284551408234,8.67767915518452,8.92234992980957,2110100,0.0,0.0
2019-12-18 00:00:00-05:00,8.979439360353368,8.979439360353368,8.726611938758031,8.742923736572266,1517500,0.0,0.0
2019-12-19 00:00:00-05:00,8.759234909472962,8.816325425029861,8.702145171705405,8.726612091064453,1873000,0.0,0.0
2019-12-20 00:00:00-05:00,8.808172765855248,8.873418426671318,8.742927105039179,8.832639694213867,2867200,0.0,0.0
2019-12-23 00:00:00-05:00,8.808170504422192,8.824481526543659,8.612433572228003,8.661367416381836,1356300,0.0,0.0
2019-12-24 00:00:00-05:00,8.661366780878136,8.767391139151437,8.661366780878136,8.710301399230957,447200,0.0,0.0
2019-12-26 00:00:00-05:00,8.726611938758031,8.80001347334343,8.702145019826009,8.742923736572266,344700,0.0,0.0
2019-12-27 00:00:00-05:00,8.742922452580647,8.767389367919442,8.620586320308242,8.628742218017578,566400,0.0,0.0
2019-12-30 00:00:00-05:00,8.693989611499285,8.710301410233955,8.628743972139354,8.645055770874023,948900,0.0,0.0
2019-12-31 00:00:00-05:00,8.62874500145419,8.71845757182848,8.62874500145419,8.636900901794434,997600,0.0,0.0
2020-01-02 00:00:00-05:00,8.685831463448752,8.702143257960445,8.563496115767737,8.596118927001953,776300,0.0,0.0
2020-01-03 00:00:00-05:00,8.457475865370796,8.612434876839794,8.44931996417989,8.579812049865723,1244700,0.0,0.0
2020-01-06 00:00:00-05:00,8.465627134637774,8.587962474408009,8.433004325513103,8.571651458740234,892800,0.0,0.0
2020-01-07 00:00:00-05:00,8.579809840324765,8.579809840324765,8.392228050189253,8.400383949279785,649200,0.0,0.0
2020-01-08 00:00:00-05:00,8.39222716708288,8.620586873062278,8.384071268850585,8.587964057922363,1441400,0.0,0.0
2020-01-09 00:00:00-05:00,8.498252919998096,8.66136702274684,8.457474199863563,8.620588302612305,1758700,0.0,0.0
2020-01-10 00:00:00-05:00,8.579809840324765,8.596120860716484,8.367761130707002,8.400383949279785,1563100,0.0,0.0
2020-01-13 00:00:00-05:00,8.38407351099064,8.424852235268242,8.335139664089098,8.3759183883667,1313600,0.0,0.0
2020-01-14 00:00:00-05:00,8.33513983963841,8.384073687570567,8.261738289950687,8.294361114501953,1325200,0.0,0.0
2020-01-15 00:00:00-05:00,8.22911590245504,8.424852860158406,8.180181274134434,8.392230033874512,1225600,0.0,0.0
2020-01-16 00:00:00-05:00,8.441164074750267,8.563499470353817,8.433008174299504,8.49825382232666,929500,0.0,0.0
2020-01-17 00:00:00-05:00,8.571655370804582,8.596122294367396,8.457475097862318,8.49825382232666,962300,0.0,0.0
2020-01-21 00:00:00-05:00,8.40853953279809,8.44116235014654,8.278047485614973,8.286203384399414,1313400,0.0,0.0
2020-01-22 00:00:00-05:00,8.318825724336287,8.351448539812537,8.172023443587802,8.253580093383789,2074300,0.0,0.0
2020-01-23 00:00:00-05:00,8.261738289950687,8.318828038468032,8.163869816296884,8.294361114501953,1779000,0.0,0.0
2020-01-24 00:00:00-05:00,8.27804742137835,8.294359218820656,8.06599949915355,8.163867950439453,1644600,0.0,0.0
2020-01-27 00:00:00-05:00,7.968132622942666,8.114934939995539,7.959976722609321,8.049689292907715,1424500,0.0,0.0
2020-01-28 00:00:00-05:00,8.0660003231913,8.139401085812501,7.772394161548924,7.870262622833252,2607800,0.0,0.0
2020-01-29 00:00:00-05:00,7.845795760204303,7.902885501929963,7.560346273786604,7.576657295227051,2286400,0.0,0.0
2020-01-30 00:00:00-05:00,7.495101284451339,7.7479287762185,7.470634358728563,7.731616973876953,1709100,0.0,0.0
2020-01-31 00:00:00-05:00,7.6908383768310715,7.739772224161466,7.544035279260928,7.560347080230713,1733300,0.0,0.0
2020-02-03 00:00:00-05:00,7.625590876989697,7.6989916301631265,7.568500365246863,7.617434978485107,1190400,0.0,0.0
2020-02-04 00:00:00-05:00,7.772393651857041,7.772393651857041,7.568500843104731,7.584812641143799,1030800,0.0,0.0
2020-02-05 00:00:00-05:00,7.698992482243698,7.87841838025604,7.633746842564552,7.821328639984131,1489300,0.0,0.0
2020-02-06 00:00:00-05:00,7.911040324546699,7.911040324546699,7.5766562637514525,7.617434978485107,1241300,0.0,0.0
2020-02-07 00:00:00-05:00,7.552189356414583,7.601123191930842,7.429853212045352,7.454320907592773,1325600,0.0,0.0
2020-02-10 00:00:00-05:00,7.438010132300245,7.503255773810733,7.3890762900620786,7.47878885269165,952500,0.0,0.0
2020-02-11 00:00:00-05:00,7.511410631293321,7.682680610943239,7.486943713568845,7.617434978485107,1204000,0.0,0.0
2020-02-12 00:00:00-05:00,7.690837727527038,7.707148749330274,7.462477199966418,7.495100021362305,1530900,0.0,0.0
2020-02-13 00:00:00-05:00,7.486944346679873,7.560345883849575,7.478788447485605,7.503255367279053,1449400,0.0,0.0
2020-02-14 00:00:00-05:00,7.503255454188114,7.609279811573596,7.38907597530326,7.429853916168213,1272000,0.0,0.0
2020-02-18 00:00:00-05:00,7.4216988051234924,7.478788544646339,7.274895728876896,7.364608287811279,1832700,0.0,0.0
2020-02-19 00:00:00-05:00,7.389077058995372,7.6419037517111965,7.380921158510479,7.560347080230713,1467100,0.0,0.0
2020-02-20 00:00:00-05:00,7.527722842758191,7.625592084735265,7.429854378570531,7.495100021362305,1519900,0.0,0.0
2020-02-21 00:00:00-05:00,7.486944700855546,7.486944700855546,7.3482975191516,7.3564534187316895,3519500,0.0,0.0
2020-02-24 00:00:00-05:00,7.136248044498618,7.168870861590468,6.997600877410929,7.046535491943359,1720100,0.0,0.0
2020-02-25 00:00:00-05:00,7.046538271779503,7.0628492978654185,6.777399730150146,6.850800514221191,1701600,0.0,0.0
2020-02-26 00:00:00-05:00,6.899732527200762,6.948667142449974,6.728462540512508,6.777397155761719,1361200,0.0,0.0
2020-02-27 00:00:00-05:00,6.605091095902655,6.884064006120539,6.5230399637806,6.678936958312988,2400200,0.05,0.0
2020-02-28 00:00:00-05:00,6.457399641029274,6.678937237521502,6.350733477810529,6.514835357666016,2960600,0.0,0.0
2020-03-02 00:00:00-05:00,6.523039689506219,6.834832882963433,6.465604368934318,6.81021785736084,3021700,0.0,0.0
2020-03-03 00:00:00-05:00,6.777399369212766,6.957910648418604,6.326119606202642,6.416375637054443,2311900,0.0,0.0
2020-03-04 00:00:00-05:00,6.473808108174569,6.703550523792034,6.301501394273648,6.687139987945557,2213900,0.0,0.0
2020-03-05 00:00:00-05:00,6.424579010320704,6.4902196023612095,6.145606102899766,6.301502704620361,1821700,0.0,0.0
2020-03-06 00:00:00-05:00,5.989710115678572,6.227657466318657,5.809198089590283,5.940479278564453,1855500,0.0,0.0
2020-03-09 00:00:00-04:00,5.686121263403392,5.743556973992878,5.087150306179899,5.177406311035156,1868400,0.0,0.0
2020-03-10 00:00:00-04:00,5.366123747230007,5.439969612501138,5.128176393855037,5.407149314880371,1609900,0.0,0.0
2020-03-11 00:00:00-04:00,5.2184329510617955,5.292278432769824,4.865614128044574,4.955870151519775,3178600,0.0,0.0
2020-03-12 00:00:00-04:00,4.627665111942502,4.939458252680316,4.307667094474067,4.55381965637207,3233600,0.0,0.0
2020-03-13 00:00:00-04:00,5.029715669365166,5.538430690765381,4.537410797324675,5.538430690765381,3743000,0.0,0.0
2020-03-16 00:00:00-04:00,4.176386424847083,4.8902283900226875,4.012284567321896,4.143566131591797,2516400,0.0,0.0
2020-03-17 00:00:00-04:00,4.233821805975349,4.274847368784689,3.716901983820491,4.036900043487549,3110000,0.0,0.0
2020-03-18 00:00:00-04:00,3.7086968094092447,3.815362962436759,2.8717785149794657,3.347673177719116,3813600,0.0,0.0
2020-03-19 00:00:00-04:00,3.347673704060581,3.569210922969036,3.101521260342788,3.2738280296325684,2992500,0.0,0.0
2020-03-20 00:00:00-04:00,3.2820326950941916,3.6840815124438127,3.0112650603487263,3.167161464691162,4249500,0.0,0.0
2020-03-23 00:00:00-04:00,3.117930891588383,3.2328021172157064,2.9374190773879523,3.060495376586914,2824800,0.0,0.0
2020-03-24 00:00:00-04:00,3.2738276062867926,3.72510706068422,3.2738276062867926,3.6758766174316406,3337700,0.0,0.0
2020-03-25 00:00:00-04:00,3.69228659523775,3.930233922297615,3.6020305911378396,3.6430561542510986,2657000,0.0,0.0
2020-03-26 00:00:00-04:00,3.733311758280049,4.209206361401731,3.6676707860833306,4.118950366973877,3394200,0.0,0.0
2020-03-27 00:00:00-04:00,3.8892083369852233,4.463564261048668,3.7825425777473636,4.414333820343018,2591700,0.0,0.0
2020-03-30 00:00:00-04:00,4.41433492858029,4.504590563575322,4.176387543140913,4.348694324493408,1970800,0.0,0.0
2020-03-31 00:00:00-04:00,4.258438027960449,4.4225395277618995,4.053310957584216,4.3651041984558105,2378800,0.0,0.0
2020-04-01 00:00:00-04:00,4.0779255257626135,4.176386805757461,3.7004921189027384,3.8563883304595947,2434100,0.0,0.0
2020-04-02 00:00:00-04:00,3.790747370598183,3.8810033721596886,3.67587634486002,3.692286491394043,4523800,0.0,0.0
2020-04-03 00:00:00-04:00,3.56921089408719,3.766133082217242,3.396904126191706,3.618441343307495,2692200,0.0,0.0
2020-04-06 00:00:00-04:00,3.8235687496932504,4.217412769624017,3.8235687496932504,4.159977436065674,2097300,0.0,0.0
2020-04-07 00:00:00-04:00,4.373307960504652,4.504589126805378,4.036899776234676,4.1681809425354,2333100,0.0,0.0
2020-04-08 00:00:00-04:00,4.250232281456981,4.496384894846839,4.233822133314243,4.479974746704102,2288500,0.0,0.0
2020-04-09 00:00:00-04:00,4.676897164319522,4.923049811388485,4.594846412379484,4.799973487854004,2051600,0.0,0.0
2020-04-13 00:00:00-04:00,4.791767241634986,4.890228115881222,4.397923353401306,4.652280807495117,1304800,0.0,0.0
2020-04-14 00:00:00-04:00,4.808177670892024,4.865612988631721,4.455358930496706,4.520999908447266,1629000,0.0,0.0
2020-04-15 00:00:00-04:00,4.2584370115148635,4.332282864423681,4.118950574353205,4.250231742858887,1739700,0.0,0.0
2020-04-16 00:00:00-04:00,4.217411238395869,4.2748469423497255,3.938438769366893,4.118950366973877,2426300,0.0,0.0
2020-04-17 00:00:00-04:00,4.2666429557021806,4.5620260499427445,4.2666429557021806,4.447154998779297,1752800,0.0,0.0
2020-04-20 00:00:00-04:00,4.2584363678228625,4.545614076144524,4.233820956824465,4.422537803649902,1474400,0.0,0.0
2020-04-21 00:00:00-04:00,4.225617482040404,4.356898674240104,4.020490423603965,4.1927971839904785,1722000,0.0,0.0
2020-04-22 00:00:00-04:00,4.30766849259432,4.40612939281104,4.20100232173512,4.21741247177124,1049100,0.0,0.0
2020-04-23 00:00:00-04:00,4.201002649273613,4.479975612887106,4.201002649273613,4.315874099731445,1193300,0.0,0.0
2020-04-24 00:00:00-04:00,4.365102959656507,4.389717982016658,4.176386092817535,4.307667255401611,980800,0.0,0.0
2020-04-27 00:00:00-04:00,4.356898928653309,4.75074291949903,4.315873749319719,4.676897048950195,1211400,0.0,0.0
2020-04-28 00:00:00-04:00,4.914842312154553,4.964073132245908,4.717920596783808,4.775356292724609,1279400,0.0,0.0
2020-04-29 00:00:00-04:00,5.021509308704343,5.292276909970449,4.906638288129061,5.07073974609375,1735000,0.0,0.0
2020-04-30 00:00:00-04:00,4.7671515617498885,4.955868422494663,4.3158723843158375,4.783561706542969,2023700,0.0,0.0
2020-05-01 00:00:00-04:00,4.553820831979523,4.578435859774674,4.258437759696018,4.381514072418213,1837600,0.0,0.0
2020-05-04 00:00:00-04:00,4.2584363678228625,4.45535809081531,4.110745075578527,4.422537803649902,1074700,0.0,0.0
2020-05-05 00:00:00-04:00,4.529204987900243,4.603050846853388,4.258437360070417,4.274847507476807,1975500,0.0,0.0
2020-05-06 00:00:00-04:00,4.30766849259432,4.365104213345159,4.1271568421969995,4.21741247177124,1842100,0.0,0.0
2020-05-07 00:00:00-04:00,4.274848494431228,4.43895000638202,4.1353620136486215,4.159977436065674,1316100,0.0,0.0
2020-05-08 00:00:00-04:00,4.348694209141848,4.586641588269537,4.307668637051342,4.5702314376831055,1119100,0.0,0.0
2020-05-11 00:00:00-04:00,4.447154536430222,4.4553594150358835,4.233822215199819,4.258437633514404,2090400,0.0,0.0
2020-05-12 00:00:00-04:00,4.291258236385207,4.315873656454779,4.036900721494162,4.053310871124268,1683700,0.0,0.0
2020-05-13 00:00:00-04:00,4.004080029299726,4.004080029299726,3.602030815943386,3.757927417755127,2397300,0.0,0.0
2020-05-14 00:00:00-04:00,3.6102350798451885,3.881002642365058,3.5281843626041187,3.807156801223755,1619600,0.0,0.0
2020-05-15 00:00:00-04:00,3.741517560721351,3.89741417465751,3.675876963537457,3.8399784564971924,3189200,0.0,0.0
2020-05-18 00:00:00-04:00,4.061515392449001,4.332283424361224,4.061515392449001,4.291257858276367,1636800,0.0,0.0
2020-05-19 00:00:00-04:00,4.225617277887325,4.274847722583733,4.061515404317172,4.176386833190918,1475700,0.0,0.0
2020-05-20 00:00:00-04:00,4.266642907326102,4.430744798376391,4.266642907326102,4.3651041984558105,1044900,0.0,0.0
2020-05-21 00:00:00-04:00,4.348694048475665,4.463565098336681,4.324078627881029,4.3651041984558105,1026100,0.0,0.0
2020-05-22 00:00:00-04:00,4.406128750734622,4.447154315470953,4.274847569576411,4.356898307800293,711300,0.0,0.0
2020-05-26 00:00:00-04:00,4.627665998920723,4.7589475730116115,4.594845703210198,4.701511859893799,2299700,0.0,0.0
2020-05-27 00:00:00-04:00,4.958107403091062,5.057435401071827,4.776006797063145,4.9332756996154785,1666100,0.05,0.0
2020-05-28 00:00:00-04:00,5.0243263999951315,5.04915810445927,4.6187380783835605,4.660124778747559,1387100,0.0,0.0
2020-05-29 00:00:00-04:00,4.535966002913461,4.618739025929729,4.444915480249113,4.527688503265381,1018800,0.0,0.0
2020-06-01 00:00:00-04:00,4.5856302144490435,4.684957850683556,4.5028571842536165,4.535966396331787,1701200,0.0,0.0
2020-06-02 00:00:00-04:00,4.6104620672492524,4.693235092891634,4.4945794366569976,4.552520751953125,1000300,0.0,0.0
2020-06-03 00:00:00-04:00,4.734620793378546,5.032604041678498,4.701511587422203,4.916721820831299,1591400,0.0,0.0
2020-06-04 00:00:00-04:00,4.916722376871555,5.131932239926221,4.8339493526197606,5.040882110595703,1998100,0.0,0.0
2020-06-05 00:00:00-04:00,5.57890740899899,5.727899259187236,5.338865422243422,5.363697528839111,2300700,0.0,0.0
2020-06-08 00:00:00-04:00,5.578906300301076,5.785839033600544,5.371973567001608,5.727898120880127,2084000,0.0,0.0
2020-06-09 00:00:00-04:00,5.504411261655442,5.562352179396374,5.272646406613014,5.305755615234375,1918000,0.0,0.0
2020-06-10 00:00:00-04:00,5.297479299811933,5.338865619409231,4.966386769568757,4.999495983123779,1368300,0.0,0.0
2020-06-11 00:00:00-04:00,4.635291692771631,4.71806468118505,4.386972727531374,4.46146821975708,1703600,0.0,0.0
2020-06-12 00:00:00-04:00,4.693234078765818,4.7511749868490085,4.395250856149287,4.618738174438477,1730800,0.0,0.0
2020-06-15 00:00:00-04:00,4.386974803613398,4.668403097401512,4.337310592369626,4.511134147644043,2482200,0.0,0.0
2020-06-16 00:00:00-04:00,4.800840377807617,4.924999722913542,4.635293926511498,4.800840377807617,1767200,0.0,0.0
2020-06-17 00:00:00-04:00,4.833948647613376,4.875334956356838,4.5939067149455886,4.602183818817139,1324200,0.0,0.0
2020-06-18 00:00:00-04:00,4.560797199967204,4.751174917689741,4.552519701965617,4.593906402587891,1167800,0.0,0.0
2020-06-19 00:00:00-04:00,4.535966986690553,4.643572137295953,4.4035301211411335,4.494580268859863,3585600,0.0,0.0
2020-06-22 00:00:00-04:00,4.428361836085153,4.527689485247218,4.337311293673431,4.494580268859863,1497900,0.0,0.0
2020-06-23 00:00:00-04:00,4.6104599935939765,4.6932329820073955,4.453191118262109,4.46146821975708,1979000,0.0,0.0
2020-06-24 00:00:00-04:00,4.362142142236487,4.3786967456443096,4.1138226964262685,4.262814521789551,1885800,0.0,0.0
2020-06-25 00:00:00-04:00,4.2131508587343465,4.420083605906872,4.204873359394857,4.411806106567383,1540400,0.0,0.0
2020-06-26 00:00:00-04:00,4.304200852028463,4.312478351115479,4.15520942069809,4.229705333709717,2585600,0.0,0.0
2020-06-29 00:00:00-04:00,4.329032102326451,4.635292403779783,4.2959229018824585,4.544241905212402,1772300,0.0,0.0
2020-06-30 00:00:00-04:00,4.469747141997087,4.6684023775693335,4.469747141997087,4.627016067504883,1954500,0.0,0.0
2020-07-01 00:00:00-04:00,4.668403081544552,4.759453608924963,4.3952518940962495,4.420083999633789,1579600,0.0,0.0
2020-07-02 00:00:00-04:00,4.610460994069982,4.660124797895143,4.420082882060449,4.4283599853515625,1090300,0.0,0.0
2020-07-06 00:00:00-04:00,4.593906897533071,4.709789119190567,4.469747176982175,4.560797691345215,973300,0.0,0.0
2020-07-07 00:00:00-04:00,4.478025458820929,4.494580066268415,4.312479384346079,4.353866100311279,1356600,0.0,0.0
2020-07-08 00:00:00-04:00,4.320755152742441,4.370419354398672,4.15520912953118,4.345587253570557,1330000,0.0,0.0
2020-07-09 00:00:00-04:00,4.304200702457248,4.38697411167951,4.155209276304335,4.204873085021973,1969500,0.0,0.0
2020-07-10 00:00:00-04:00,4.204873140818617,4.420083376143649,4.163486830351176,4.395251274108887,1572200,0.0,0.0
2020-07-13 00:00:00-04:00,4.48630155367712,4.5359653604526455,4.271091329623661,4.378696441650391,1351100,0.0,0.0
2020-07-14 00:00:00-04:00,4.3704194055387715,4.403528610568449,4.237982190727207,4.246259689331055,2012900,0.0,0.0
2020-07-15 00:00:00-04:00,4.411805878442484,4.742898335737031,4.378696672182317,4.684957027435303,2505700,0.0,0.0
2020-07-16 00:00:00-04:00,4.618739025929729,4.701512048945997,4.502856793706954,4.527688503265381,789200,0.0,0.0
2020-07-17 00:00:00-04:00,4.5111334112874095,4.544242616916858,4.370419484708687,4.403528690338135,1197900,0.0,0.0
2020-07-20 00:00:00-04:00,4.370419706609301,4.395251414745743,4.287646293640137,4.287646293640137,1204700,0.0,0.0
2020-07-21 00:00:00-04:00,4.370419567963711,4.693234526346781,4.2959236565318974,4.684957027435303,1340800,0.0,0.0
2020-07-22 00:00:00-04:00,4.593906907566278,4.693234526346781,4.593906907566278,4.684957027435303,1321300,0.0,0.0
2020-07-23 00:00:00-04:00,4.635293918026004,5.0077731367407035,4.635293918026004,4.924999713897705,2095600,0.0,0.0
2020-07-24 00:00:00-04:00,4.933277223090167,5.016050251391761,4.784285772147299,4.800840377807617,1976200,0.0,0.0
2020-07-27 00:00:00-04:00,4.734621969183858,4.776008684253779,4.593908006270655,4.676681041717529,1232100,0.0,0.0
2020-07-28 00:00:00-04:00,5.09054502225528,5.272645643310701,4.7346204890622365,4.742897987365723,1941300,0.0,0.0
2020-07-29 00:00:00-04:00,4.800840461899985,4.83394967380057,4.668403219604709,4.792562961578369,1684700,0.0,0.0
2020-07-30 00:00:00-04:00,4.602183505896648,4.6766794091396084,4.5028558980345865,4.593906402587891,1150500,0.0,0.0
2020-07-31 00:00:00-04:00,4.527687481696199,4.535964979476652,4.370418970795788,4.5028557777404785,2105100,0.0,0.0
2020-08-03 00:00:00-04:00,4.552520192451815,4.610461500626999,4.4863017800761025,4.560797691345215,1912800,0.0,0.0
2020-08-04 00:00:00-04:00,4.511134289926688,4.544243502004859,4.411806653692175,4.535966396331787,1308500,0.0,0.0
2020-08-05 00:00:00-04:00,4.610460975126457,4.718065685625764,4.535965072348391,4.660124778747559,1083000,0.0,0.0
2020-08-06 00:00:00-04:00,4.610461317381544,4.676679727125368,4.552520011509271,4.602183818817139,637600,0.0,0.0
2020-08-07 00:00:00-04:00,4.569074348104615,4.867057569307239,4.54424224854905,4.850502967834473,1363300,0.0,0.0
2020-08-10 00:00:00-04:00,4.867058257582291,5.049158899534481,4.850503653768455,4.900167465209961,1402400,0.0,0.0
2020-08-11 00:00:00-04:00,5.057436484621575,5.156764109190354,4.883612944279762,4.891890048980713,1555800,0.0,0.0
2020-08-12 00:00:00-04:00,5.040881113443687,5.098822021612019,4.66840198595247,4.784284591674805,1798500,0.0,0.0
2020-08-13 00:00:00-04:00,4.701511084418731,4.776006987196796,4.635292679590595,4.660124778747559,834500,0.0,0.0
2020-08-14 00:00:00-04:00,4.585629635141532,4.891890005520883,4.569075031193807,4.833949089050293,1147400,0.0,0.0
2020-08-17 00:00:00-04:00,4.784285506002823,4.79256261102607,4.693234982589644,4.718066692352295,981900,0.0,0.0
2020-08-18 00:00:00-04:00,4.6932343295613235,4.6932343295613235,4.519410806637359,4.602183818817139,911700,0.0,0.0
2020-08-19 00:00:00-04:00,4.635293136383592,4.759452855018295,4.569074725029848,4.693234443664551,1351300,0.0,0.0
2020-08-20 00:00:00-04:00,4.577351867906603,4.660124875663185,4.552519768233211,4.618738174438477,1003500,0.0,0.0
2020-08-21 00:00:00-04:00,4.569075500470403,4.618739317414405,4.5028570778784,4.577353000640869,929900,0.0,0.0
2020-08-24 00:00:00-04:00,4.64357150802574,4.809117567528661,4.56079847827428,4.792562961578369,882800,0.0,0.0
2020-08-25 00:00:00-04:00,4.867058277130127,4.9084445894844935,4.742898550681247,4.867058277130127,803600,0.0,0.0
2020-08-26 00:00:00-04:00,4.867057988482694,4.875406478105838,4.766878501472329,4.775226593017578,780900,0.05,0.0
2020-08-27 00:00:00-04:00,4.816967940043533,4.925495909806774,4.766878199709238,4.825316429138184,624500,0.0,0.0
2020-08-28 00:00:00-04:00,4.892103349406998,4.892103349406998,4.816968530654305,4.867058277130127,1061100,0.0,0.0
2020-08-31 00:00:00-04:00,4.816968220148059,4.950540868806701,4.766878476901068,4.783575057983398,2009500,0.0,0.0
2020-09-01 00:00:00-04:00,4.725136303341589,4.867057425907456,4.658349986387734,4.858709335327148,985500,0.0,0.0
2020-09-02 00:00:00-04:00,4.883754602039967,4.917147764598217,4.8336648582025905,4.900451183319092,661900,0.0,0.0
2020-09-03 00:00:00-04:00,4.925495966397394,5.175944670946354,4.875406225487601,5.0006303787231445,1352800,0.0,0.0
2020-09-04 00:00:00-04:00,5.167595425950845,5.175943515199478,4.992281172873908,5.092460632324219,1847300,0.0,0.0
2020-09-08 00:00:00-04:00,5.017327929521635,5.017327929521635,4.800271962737827,4.808620452880859,1568400,0.0,0.0
2020-09-09 00:00:00-04:00,4.83366493101141,4.850361512542033,4.666699115705175,4.766878604888916,1148900,0.0,0.0
2020-09-10 00:00:00-04:00,4.77522578881621,4.816967433746385,4.675046318677188,4.691742897033691,1144400,0.0,0.0
2020-09-11 00:00:00-04:00,4.691744214968054,4.708440798014712,4.583216226125811,4.650002956390381,1177600,0.0,0.0
2020-09-14 00:00:00-04:00,4.666698330184851,4.7334846450655625,4.624956684345488,4.683394908905029,1155400,0.0,0.0
2020-09-15 00:00:00-04:00,4.700091642211434,4.700091642211434,4.549822030709621,4.599912166595459,836800,0.0,0.0
2020-09-16 00:00:00-04:00,4.59991259962743,4.783574988879876,4.516429297343885,4.725136756896973,1433500,0.0,0.0
2020-09-17 00:00:00-04:00,4.616609748238194,4.800272160078198,4.599913165343648,4.716789245605469,1270000,0.0,0.0
2020-09-18 00:00:00-04:00,4.766878054615542,4.833664373028434,4.683395156599427,4.708439826965332,4459900,0.0,0.0
2020-09-21 00:00:00-04:00,4.583215169616966,4.608260237452609,4.366159640045402,4.407901287078857,1935100,0.0,0.0
2020-09-22 00:00:00-04:00,4.4245991387082775,4.483036983667324,4.332767727672395,4.357812404632568,1575000,0.0,0.0
2020-09-23 00:00:00-04:00,4.349463532465364,4.466339599523071,4.215890884399414,4.215890884399414,1427800,0.0,0.0
2020-09-24 00:00:00-04:00,4.249282859158727,4.40790053345793,4.1240583375459074,4.240934371948242,1400300,0.0,0.0
2020-09-25 00:00:00-04:00,4.199193130129156,4.291024100977814,4.1491030030218035,4.240934371948242,1374700,0.0,0.0
2020-09-28 00:00:00-04:00,4.332768017549125,4.457992604961826,4.332768017549125,4.39120626449585,1177800,0.0,0.0
2020-09-29 00:00:00-04:00,4.357811554161111,4.3912051137208525,4.240935488974614,4.34946346282959,712100,0.0,0.0
2020-09-30 00:00:00-04:00,4.357812404632568,4.45799230670715,4.316071143672958,4.357812404632568,976300,0.0,0.0
2020-10-01 00:00:00-04:00,4.341115596825369,4.466340169404127,4.307722430548092,4.457992076873779,1269800,0.0,0.0
2020-10-02 00:00:00-04:00,4.3745086991503745,4.758530503802865,4.349464023847524,4.716789245605469,1645600,0.0,0.0
2020-10-05 00:00:00-04:00,4.775227288339967,5.092462774810113,4.750182611979561,5.067418098449707,2199900,0.0,0.0
2020-10-06 00:00:00-04:00,5.15924757454934,5.31786527060232,5.000629878496359,5.008978366851807,2263900,0.0,0.0
2020-10-07 00:00:00-04:00,5.084114026363305,5.22603516769556,5.0507208634707625,5.209338188171387,1883600,0.0,0.0
2020-10-08 00:00:00-04:00,5.259428244969184,5.326214569667045,5.167596849470678,5.292821407318115,1457300,0.0,0.0
2020-10-09 00:00:00-04:00,5.342911657884828,5.401349498502271,5.22603557857201,5.284473419189453,1803600,0.0,0.0
2020-10-12 00:00:00-04:00,5.25107968718945,5.301169430062733,5.175944873840581,5.2343831062316895,1262600,0.0,0.0
2020-10-13 00:00:00-04:00,5.259426796152523,5.259426796152523,5.0089777494489605,5.092460632324219,938600,0.0,0.0
2020-10-14 00:00:00-04:00,5.0674172273536655,5.14255164159713,4.975585834302892,4.983933925628662,822800,0.0,0.0
2020-10-15 00:00:00-04:00,4.917147514607457,5.134203458278728,4.8837543537469355,5.125854969024658,691100,0.0,0.0
2020-10-16 00:00:00-04:00,5.109158171453263,5.125854751173913,4.950540465068157,5.034023761749268,766300,0.0,0.0
2020-10-19 00:00:00-04:00,5.050720517710811,5.16759657983366,4.99228228761045,5.0006303787231445,679400,0.0,0.0
2020-10-20 00:00:00-04:00,5.109159328375417,5.317866821182366,5.042372994369664,5.259428977966309,1314200,0.0,0.0
2020-10-21 00:00:00-04:00,5.259428244969184,5.3345626612153305,5.217686592994074,5.292821407318115,1087200,0.0,0.0
2020-10-22 00:00:00-04:00,5.292821151050107,5.585011506494912,5.292821151050107,5.576663017272949,1478800,0.0,0.0
2020-10-23 00:00:00-04:00,5.635100893303602,5.710235699265897,5.493179770076092,5.559966087341309,1296000,0.0,0.0
2020-10-26 00:00:00-04:00,5.443090064545901,5.493179802793144,5.334562099304613,5.434741973876953,1078700,0.0,0.0
2020-10-27 00:00:00-04:00,5.376303392495902,5.39299997081107,5.192640632951225,5.217685699462891,1200400,0.0,0.0
2020-10-28 00:00:00-04:00,5.067417081222076,5.251079463949375,5.05072050097414,5.200989723205566,1751300,0.0,0.0
2020-10-29 00:00:00-04:00,5.125854702565824,5.468135180710123,5.07576496387887,5.4180450439453125,1524900,0.0,0.0
2020-10-30 00:00:00-04:00,5.384651884820677,5.48483176027244,5.2594277371422224,5.4180450439453125,1480600,0.0,0.0
2020-11-02 00:00:00-05:00,5.559966233156979,5.751977099369078,5.493179914140225,5.67684268951416,2417400,0.0,0.0
2020-11-03 00:00:00-05:00,5.818764574825087,6.002427386700737,5.76032673311024,5.960685729980469,2596800,0.0,0.0
2020-11-04 00:00:00-05:00,5.7519779348720705,5.802067681410417,5.568315530898132,5.693540096282959,1787000,0.0,0.0
2020-11-05 00:00:00-05:00,5.701887825980043,6.002426684188866,5.701887825980043,5.9272918701171875,927300,0.0,0.0
2020-11-06 00:00:00-05:00,6.010775300935367,6.010775300935367,5.860506057739258,5.860506057739258,856700,0.0,0.0
2020-11-09 00:00:00-05:00,6.411491625635627,7.01256880381986,6.394795048410448,6.770468235015869,2653400,0.0,0.0
2020-11-10 00:00:00-05:00,6.862302328824704,6.995874991822268,6.762122831576532,6.853953838348389,1996000,0.0,0.0
2020-11-11 00:00:00-05:00,6.853953410210297,6.895695063828575,6.453235048170889,6.595156192779541,1779800,0.0,0.0
2020-11-12 00:00:00-05:00,6.436537783425601,6.62020016408813,6.302965142943762,6.56176233291626,2359500,0.0,0.0
2020-11-13 00:00:00-05:00,6.6285496138594535,6.745425691220381,6.553414793659893,6.69533634185791,1466800,0.0,0.0
2020-11-16 00:00:00-05:00,6.920738445810202,7.112749698153852,6.803861996724691,6.954131603240967,1854900,0.0,0.0
2020-11-17 00:00:00-05:00,6.8372565853798495,7.020919387772527,6.8372565853798495,6.945784568786621,2503300,0.0,0.0
2020-11-18 00:00:00-05:00,6.987524861475762,7.054311177300769,6.787165914000741,6.80386209487915,2683500,0.0,0.0
2020-11-19 00:00:00-05:00,6.753772010720382,6.812209831578957,6.603502418620505,6.78716516494751,1379900,0.0,0.0
2020-11-20 00:00:00-05:00,6.703682929153627,6.720379906954891,6.545065620820217,6.63689661026001,1271700,0.0,0.0
2020-11-23 00:00:00-05:00,6.770468235015869,6.88734467366992,6.678637259316287,6.770468235015869,1304000,0.0,0.0
2020-11-24 00:00:00-05:00,6.945783695953302,7.246322934130034,6.878997375504192,7.196232795715332,3745100,0.0,0.0
2020-11-25 00:00:00-05:00,7.061880736726754,7.171041892564953,6.969513974464013,7.019895553588867,1195700,0.05,0.0
2020-11-27 00:00:00-05:00,6.952720642089844,7.036691021182107,6.7931778827756055,6.952720642089844,501200,0.0,0.0
2020-11-30 00:00:00-05:00,6.868750351368453,6.9275291301559445,6.650428029013771,6.667222023010254,1869000,0.0,0.0
2020-12-01 00:00:00-05:00,6.843558558931989,6.902338136795249,6.767986188766273,6.835162162780762,1355000,0.0,0.0
2020-12-02 00:00:00-05:00,6.85195497361403,7.087070855822167,6.776381811275529,7.036689281463623,974500,0.0,0.0
2020-12-03 00:00:00-05:00,7.036688893507055,7.213025995641265,6.944322145075094,7.087070465087891,1549600,0.0,0.0
2020-12-04 00:00:00-05:00,7.187836231613489,7.40615774083294,7.087071472526659,7.397761344909668,1700400,0.0,0.0
2020-12-07 00:00:00-05:00,7.322189006858433,7.389364986671743,7.204630641784717,7.280203819274902,1313400,0.0,0.0
2020-12-08 00:00:00-05:00,7.162644527451209,7.2886000739048455,7.162644527451209,7.221424102783203,1250600,0.0,0.0
2020-12-09 00:00:00-05:00,7.322189102839777,7.372570687959754,7.204630736225073,7.271806716918945,1039100,0.0,0.0
2020-12-10 00:00:00-05:00,7.154247856907266,7.548906471890116,7.145850660639364,7.506921291351318,1627700,0.0,0.0
2020-12-11 00:00:00-05:00,7.3473797797470555,7.4397465515470005,7.263409404801037,7.338982582092285,1952200,0.0,0.0
2020-12-14 00:00:00-05:00,7.498526404429405,7.523717197500255,7.3725708374734085,7.41455602645874,1010500,0.0,0.0
2020-12-15 00:00:00-05:00,7.523716617291162,7.557304605729036,7.364173872411461,7.422952651977539,1808900,0.0,0.0
2020-12-16 00:00:00-05:00,7.490128781888543,7.515319573531434,7.313791638786651,7.380967617034912,1821800,0.0,0.0
2020-12-17 00:00:00-05:00,7.389365964606921,7.523717942014164,7.338983572678729,7.4901299476623535,1190500,0.0,0.0
2020-12-18 00:00:00-05:00,7.498524947742576,7.658067673932522,7.456539766913416,7.473333358764648,5669600,0.0,0.0
2020-12-21 00:00:00-05:00,7.414554884169207,7.59089201010033,7.330584519135053,7.431349277496338,1750200,0.0,0.0
2020-12-22 00:00:00-05:00,7.4397450136573395,7.506920979407692,7.288599491119385,7.288599491119385,1308900,0.0,0.0
2020-12-23 00:00:00-05:00,7.364171575043569,7.809212483208172,7.338979990973461,7.7252421379089355,1573000,0.0,0.0
2020-12-24 00:00:00-05:00,7.725245499759978,7.725245499759978,7.5740999335670285,7.66646671295166,479300,0.0,0.0
2020-12-28 00:00:00-05:00,7.750436494221055,7.9099800636809565,7.641276116128613,7.775628089904785,1032000,0.0,0.0
2020-12-29 00:00:00-05:00,7.784024291337117,7.859596666304738,7.540510369060631,7.565701961517334,1050700,0.0,0.0
2020-12-30 00:00:00-05:00,7.574098235141538,7.708450175319535,7.557303842218923,7.649670600891113,1286000,0.0,0.0
2020-12-31 00:00:00-05:00,7.674862279102997,7.809214220835968,7.59089191511952,7.742038249969482,1939400,0.0,0.0
2021-01-04 00:00:00-05:00,7.784023703517612,7.834405283024736,7.506921813025353,7.574098587036133,1541400,0.0,0.0
2021-01-05 00:00:00-05:00,7.574097720082937,7.71684604621425,7.532112541432234,7.624479293823242,1313700,0.0,0.0
2021-01-06 00:00:00-05:00,7.960359417694886,8.447386387048198,7.951963022292791,8.161888122558594,4786000,0.0,0.0
2021-01-07 00:00:00-05:00,8.355019785635566,8.497768934200662,8.245858624921034,8.464180946350098,2438600,0.0,0.0
2021-01-08 00:00:00-05:00,8.489368959833817,8.564942107974858,8.27104751062702,8.455780982971191,2492300,0.0,0.0
2021-01-11 00:00:00-05:00,8.29624430766544,8.531360316157667,8.279449906658295,8.489375114440918,1241000,0.0,0.0
2021-01-12 00:00:00-05:00,8.531355891077308,8.749678186123159,8.497767907285693,8.716090202331543,1481500,0.0,0.0
2021-01-13 00:00:00-05:00,8.648914642499992,8.732884205537411,8.497768307911603,8.506165504455566,1300700,0.0,0.0
2021-01-14 00:00:00-05:00,8.590134847742846,8.783266359309684,8.522958878711089,8.699295997619629,1721800,0.0,0.0
2021-01-15 00:00:00-05:00,8.464180322536487,8.648914642499992,8.371813562955104,8.506165504455566,2391800,0.0,0.0
2021-01-19 00:00:00-05:00,8.556547082117872,8.59853226403695,8.371813562955104,8.506165504455566,1763300,0.0,0.0
2021-01-20 00:00:00-05:00,8.47257537180277,8.548148519943814,8.33822346435227,8.455780982971191,1013300,0.0,0.0
2021-01-21 00:00:00-05:00,8.455785587332404,8.472579985308903,8.203876024092683,8.287845611572266,1281600,0.0,0.0
2021-01-22 00:00:00-05:00,8.14509591114735,8.455785046637198,8.019141137581519,8.447388648986816,2032600,0.0,0.0
2021-01-25 00:00:00-05:00,8.279445562717658,8.363415922094791,8.035932481484805,8.229063987731934,1238300,0.0,0.0
2021-01-26 00:00:00-05:00,8.287845968856873,8.29624316820712,7.893186408206257,7.935171604156494,2056000,0.0,0.0
2021-01-27 00:00:00-05:00,7.742038893724947,7.775626881951053,7.456540593402648,7.641274929046631,2247600,0.0,0.0
2021-01-28 00:00:00-05:00,7.817613213314917,8.170286740982391,7.674864042230046,8.077919960021973,3291800,0.0,0.0
2021-01-29 00:00:00-05:00,8.136697555181485,8.161889146951667,7.5740989525944205,7.641274929046631,2195000,0.0,0.0
2021-02-01 00:00:00-05:00,7.691655756861813,7.876390074393635,7.64967057549539,7.867992877960205,1756900,0.0,0.0
2021-02-02 00:00:00-05:00,8.069522857666016,8.161890440527726,7.935170883468182,8.069522857666016,2237600,0.0,0.0
2021-02-03 00:00:00-05:00,8.019140357833585,8.10310993177898,7.842803211507163,7.951964378356934,2230500,0.0,0.0
2021-02-04 00:00:00-05:00,7.9687557708322,8.304636376202955,7.926770595060777,8.212268829345703,1819900,0.0,0.0
2021-02-05 00:00:00-05:00,8.287845542729448,8.355021532475506,8.069523175654274,8.1115083694458,1256000,0.0,0.0
2021-02-08 00:00:00-05:00,8.170287228139683,8.296242810560516,8.077920441671852,8.287845611572266,921700,0.0,0.0
2021-02-09 00:00:00-05:00,8.254254666280453,8.3718130076967,8.170284308011608,8.355018615722656,1242400,0.0,0.0
2021-02-10 00:00:00-05:00,8.397005843491582,8.581740196272644,8.279447473394384,8.413800239562988,1340900,0.0,0.0
2021-02-11 00:00:00-05:00,8.455785390550377,8.53135857808395,8.136699043631367,8.30463981628418,1598800,0.0,0.0
2021-02-12 00:00:00-05:00,8.245858440563898,8.489371547236331,8.237462044389577,8.480975151062012,1312100,0.0,0.0
2021-02-16 00:00:00-05:00,8.598533401445323,8.833650130972956,8.522960224154357,8.732885360717773,1420600,0.0,0.0
2021-02-17 00:00:00-05:00,8.648914551814025,8.942809220564543,8.648914551814025,8.816854476928711,1459900,0.0,0.0
2021-02-18 00:00:00-05:00,8.732885690330225,8.842046861559462,8.514564148672626,8.590136528015137,1186100,0.0,0.0
2021-02-19 00:00:00-05:00,8.606929054808617,8.732883793827,8.573341071017003,8.716090202331543,1177000,0.0,0.0
2021-02-22 00:00:00-05:00,8.68250273447151,8.892427845843448,8.68250273447151,8.741281509399414,1836200,0.0,0.0
2021-02-23 00:00:00-05:00,8.81685459512073,9.085558478906268,8.766472216510572,8.993191719055176,1530300,0.0,0.0
2021-02-24 00:00:00-05:00,9.093959653631082,9.44663405577753,9.03518085354037,9.287091255187988,2327200,0.0,0.0
2021-02-25 00:00:00-05:00,9.422295233374127,9.456097158288687,8.999770768991404,9.016672134399414,1876400,0.07,0.0
2021-02-26 00:00:00-05:00,8.949068202745716,9.126528508399934,8.695553365253769,8.86456298828125,1643800,0.0,0.0
2021-03-01 00:00:00-05:00,9.101176093770693,9.380042137310614,9.025121571732287,9.337789535522461,1172700,0.0,0.0
2021-03-02 00:00:00-05:00,9.320890298030749,9.380044276384481,9.092727485785451,9.101178169250488,2127300,0.0,0.0
2021-03-03 00:00:00-05:00,9.194132522296387,9.59130574795123,9.168781279863538,9.278636932373047,3354500,0.0,0.0
2021-03-04 00:00:00-05:00,9.227933215298012,9.498348580877003,9.092725532508517,9.253284454345703,2982200,0.0,0.0
2021-03-05 00:00:00-05:00,9.430746752270865,9.430746752270865,9.00822225042431,9.4053955078125,2061800,0.0,0.0
2021-03-08 00:00:00-05:00,9.565955290892763,9.844821421747298,9.464549498391259,9.675811767578125,1600200,0.0,0.0
2021-03-09 00:00:00-05:00,9.540603147986202,9.658910297741496,9.168781943743387,9.447648048400879,1606900,0.0,0.0
2021-03-10 00:00:00-05:00,9.464547546089227,9.946225968490024,9.464547546089227,9.836369514465332,3144700,0.0,0.0
2021-03-11 00:00:00-05:00,9.811016894039904,10.064531711141742,9.751863732213318,10.013829231262207,1552300,0.0,0.0
2021-03-12 00:00:00-05:00,10.174388325849366,10.453254387470958,10.064531876437618,10.233541488647461,2071700,0.0,0.0
2021-03-15 00:00:00-04:00,10.292696988266776,10.309597549050823,9.988478835138721,10.174389839172363,1306500,0.0,0.0
2021-03-16 00:00:00-04:00,10.064534382396932,10.149039612493434,9.878623359725587,9.94622802734375,1624800,0.0,0.0
2021-03-17 00:00:00-04:00,10.05608102919469,10.24199200252289,9.903972783654698,10.013829231262207,1479200,0.0,0.0
2021-03-18 00:00:00-04:00,10.208191766641978,10.63916694630571,10.149038595045532,10.174389839172363,2642300,0.0,0.0
2021-03-19 00:00:00-04:00,10.182839650694516,10.461705729918641,9.920874130807471,10.326498031616211,9776800,0.0,0.0
2021-03-22 00:00:00-04:00,10.106786547281764,10.225093702967063,9.701162589147572,9.734965324401855,2602100,0.0,0.0
2021-03-23 00:00:00-04:00,9.642009848916627,9.684262463987661,9.219485310009489,9.295539855957031,3467500,0.0,0.0
2021-03-24 00:00:00-04:00,9.45609869365036,9.658911081969286,9.185683250427246,9.185683250427246,2077200,0.0,0.0
2021-03-25 00:00:00-04:00,9.134979604825208,9.40539501391852,8.940617925113273,9.312439918518066,3218500,0.0,0.0
2021-03-26 00:00:00-04:00,9.506799350655285,9.608205113687445,9.388492224167083,9.523700714111328,2126600,0.0,0.0
2021-03-29 00:00:00-04:00,9.346240617230595,9.498348861918751,9.118077041346288,9.168780326843262,2489000,0.0,0.0
2021-03-30 00:00:00-04:00,9.29553827068485,9.515251186862843,9.278636905178175,9.396944046020508,1598100,0.0,0.0
2021-03-31 00:00:00-04:00,9.39694496098064,9.64200914337855,9.371593716153695,9.515252113342285,2667800,0.0,0.0
2021-04-01 00:00:00-04:00,9.430747124507166,9.675811313014913,9.430747124507166,9.658910751342773,2038500,0.0,0.0
2021-04-05 00:00:00-04:00,9.794116954723123,9.827918878745146,9.506800197585207,9.59975528717041,1488200,0.0,0.0
2021-04-06 00:00:00-04:00,9.599753700561283,9.701159455867414,9.439194789468571,9.591303825378418,1260200,0.0,0.0
2021-04-07 00:00:00-04:00,9.582855970148499,9.7011623166086,9.439197572959909,9.515252113342285,1304400,0.0,0.0
2021-04-08 00:00:00-04:00,9.456097813817905,9.734964721071858,9.380044081913935,9.718063354492188,2058500,0.0,0.0
2021-04-09 00:00:00-04:00,9.819467146974118,9.827917828551959,9.616655624514044,9.760313987731934,1139200,0.0,0.0
2021-04-12 00:00:00-04:00,9.811019921331908,9.94622845650057,9.79411935812435,9.88707447052002,2033000,0.0,0.0
2021-04-13 00:00:00-04:00,9.794118499293722,9.81946974483287,9.675811343608423,9.734965324401855,1653900,0.0,0.0
2021-04-14 00:00:00-04:00,9.785666333402105,9.996928561335487,9.74341372663514,9.870171546936035,1088700,0.0,0.0
2021-04-15 00:00:00-04:00,9.887071655025728,10.005378787395435,9.734963405866283,9.963126182556152,1246300,0.0,0.0
2021-04-16 00:00:00-04:00,10.115234487286926,10.191289009175762,9.971576125030534,10.149036407470703,1862000,0.0,0.0
2021-04-19 00:00:00-04:00,10.115234896235775,10.275793822124617,9.971576528171418,10.089882850646973,1779000,0.0,0.0
2021-04-20 00:00:00-04:00,9.988476408302672,10.030729008849228,9.51524953870496,9.540600776672363,1902500,0.0,0.0
2021-04-21 00:00:00-04:00,9.50680079871444,9.95467652180146,9.4391969463957,9.92087459564209,1323500,0.0,0.0
2021-04-22 00:00:00-04:00,9.903972527115611,9.996927608421235,9.73496292205931,9.751863479614258,1621100,0.0,0.0
2021-04-23 00:00:00-04:00,9.760314136949846,10.309595553485423,9.760314136949846,10.21664047241211,2077000,0.0,0.0
2021-04-26 00:00:00-04:00,10.309595378461449,10.689867183907307,10.174387697049708,10.225090980529785,2306200,0.0,0.0
2021-04-27 00:00:00-04:00,10.309596323562275,10.461705382045293,10.241992476659027,10.453254699707031,1537700,0.0,0.0
2021-04-28 00:00:00-04:00,10.495506286621094,10.596912047131763,10.427902446280648,10.495506286621094,1064900,0.0,0.0
2021-04-29 00:00:00-04:00,10.72367180955653,10.926484188739643,10.672969319186915,10.68986988067627,1625700,0.0,0.0
2021-04-30 00:00:00-04:00,10.571563326354172,10.892682047404191,10.563112642823544,10.622265815734863,2149100,0.0,0.0
2021-05-03 00:00:00-04:00,10.782824324236127,10.884230097096792,10.529309489133743,10.59691333770752,2372100,0.0,0.0
2021-05-04 00:00:00-04:00,10.580011922392979,10.757471406113252,10.419452190596477,10.749021530151367,1760300,0.0,0.0
2021-05-05 00:00:00-04:00,10.757472508408144,10.926482939386043,10.622264808346994,10.858879089355469,1257900,0.0,0.0
2021-05-06 00:00:00-04:00,10.901129585714397,11.103941917419434,10.774372583562442,11.103941917419434,1937200,0.0,0.0
2021-05-07 00:00:00-04:00,10.892680538569042,11.078590715081674,10.833526567950088,11.070140838623047,1534700,0.0,0.0
2021-05-10 00:00:00-04:00,11.070140252801792,11.171546018051867,10.706768989562988,10.706768989562988,2417900,0.0,0.0
2021-05-11 00:00:00-04:00,10.580012264959102,10.867328204500563,10.444803768473149,10.732120513916016,1389700,0.0,0.0
2021-05-12 00:00:00-04:00,10.850426734885914,10.909579893073492,10.436353015770191,10.46170425415039,1476600,0.0,0.0
2021-05-13 00:00:00-04:00,10.427905461860027,10.943385094999527,10.394103531914839,10.867330551147461,1655500,0.0,0.0
2021-05-14 00:00:00-04:00,10.918032190049727,11.044789206608389,10.85042834043158,11.010987281799316,1265200,0.0,0.0
2021-05-17 00:00:00-04:00,10.918031951727269,11.078590889590268,10.799724814527229,11.061690330505371,2214200,0.0,0.0
2021-05-18 00:00:00-04:00,11.061692252758473,11.19689997253922,10.858880673087349,10.867330551147461,1180000,0.0,0.0
2021-05-19 00:00:00-04:00,10.689869942995726,10.918033568693788,10.613816206997932,10.841979026794434,2464300,0.0,0.0
2021-05-20 00:00:00-04:00,10.808174913056195,10.892680121619195,10.681417906113092,10.816625595092773,1621600,0.0,0.0
2021-05-21 00:00:00-04:00,10.918032821227696,10.97718599158789,10.808176357771975,10.909582138061523,1418700,0.0,0.0
2021-05-24 00:00:00-04:00,10.9349330608168,10.9349330608168,10.740572189106611,10.808176040649414,1857900,0.0,0.0
2021-05-25 00:00:00-04:00,10.850661528120481,10.986613299975291,10.510781288146973,10.510781288146973,2416400,0.07,0.0
2021-05-26 00:00:00-04:00,10.53627340400068,10.748698277551796,10.44280675135936,10.70621395111084,1447600,0.0,0.0
2021-05-27 00:00:00-04:00,10.86765581232361,10.961122459063839,10.782685544133194,10.92713451385498,1611400,0.0,0.0
2021-05-28 00:00:00-04:00,10.910139930554372,10.910139930554372,10.71470865604802,10.867654800415039,1254900,0.0,0.0
2021-06-01 00:00:00-04:00,11.012102799527074,11.020599986883667,10.825168729363982,10.893144607543945,1999100,0.0,0.0
2021-06-02 00:00:00-04:00,10.935630452504162,10.935630452504162,10.723205616650539,10.73170280456543,1365400,0.0,0.0
2021-06-03 00:00:00-04:00,10.697715033990201,10.85915755526773,10.58725402034286,10.833666801452637,1749800,0.0,0.0
2021-06-04 00:00:00-04:00,10.850660231608183,10.89314454748413,10.740199227590677,10.859156608581543,1207800,0.0,0.0
2021-06-07 00:00:00-04:00,10.86765305828535,10.969616868072658,10.833665121689581,10.918635368347168,1381200,0.0,0.0
2021-06-08 00:00:00-04:00,10.842163430726304,11.097073386749202,10.765690362885792,11.020600318908691,1993200,0.0,0.0
2021-06-09 00:00:00-04:00,10.935629784951493,10.978114911596052,10.850660341998768,10.901641845703125,1904600,0.0,0.0
2021-06-10 00:00:00-04:00,11.04609139707588,11.097073713918109,10.672224044799805,10.672224044799805,1451300,0.0,0.0
2021-06-11 00:00:00-04:00,10.67222400974394,10.816672151260162,10.655229634073542,10.71470832824707,1877400,0.0,0.0
2021-06-14 00:00:00-04:00,10.75719504929842,10.808177373519264,10.417315588947979,10.485291481018066,2100700,0.0,0.0
2021-06-15 00:00:00-04:00,10.553264689831318,10.825168188977907,10.468294441179834,10.612743377685547,4128000,0.0,0.0
2021-06-16 00:00:00-04:00,10.51078013052835,10.893144649341906,10.264367368596378,10.876151084899902,3123900,0.0,0.0
2021-06-17 00:00:00-04:00,10.961122329211827,10.986613895568883,10.238878299495566,10.24737548828125,3944700,0.0,0.0
2021-06-18 00:00:00-04:00,10.0604405244305,10.204889480060798,9.831021308898926,9.831021308898926,6474900,0.0,0.0
2021-06-21 00:00:00-04:00,9.915993197418175,10.306854998554172,9.915993197418175,10.196393966674805,2559100,0.0,0.0
2021-06-22 00:00:00-04:00,10.170901131223085,10.213386259473864,9.992464240838945,10.094428062438965,1248400,0.0,0.0
2021-06-23 00:00:00-04:00,10.077431899079029,10.25586875780513,10.051941150785666,10.136911392211914,1908500,0.0,0.0
2021-06-24 00:00:00-04:00,10.221883048372433,10.383326380157577,10.128416410727029,10.357834815979004,1370600,0.0,0.0
2021-06-25 00:00:00-04:00,10.400320332094676,10.63823674457625,10.323847257392488,10.570260047912598,3006100,0.0,0.0
2021-06-28 00:00:00-04:00,10.468294837466654,10.485289211974827,10.068936760561126,10.28136157989502,2151200,0.0,0.0
2021-06-29 00:00:00-04:00,10.332344678653623,10.434308510442593,10.06893831578291,10.128417015075684,1207600,0.0,0.0
2021-06-30 00:00:00-04:00,10.043446750083291,10.179398525801917,10.034950371853254,10.128417015075684,1135600,0.0,0.0
2021-07-01 00:00:00-04:00,10.238876522933875,10.366331091258242,10.10292476729818,10.340840339660645,1836000,0.0,0.0
2021-07-02 00:00:00-04:00,10.340842133914219,10.366332889934752,10.23038111070988,10.24737548828125,1764300,0.0,0.0
2021-07-06 00:00:00-04:00,10.230380233896598,10.230380233896598,9.805530555063125,9.831021308898926,2203600,0.0,0.0
2021-07-07 00:00:00-04:00,9.695070424001365,9.907495282758052,9.644088911688215,9.771543502807617,1856800,0.0,0.0
2021-07-08 00:00:00-04:00,9.550620516115522,9.788536917971195,9.39767518387853,9.746051788330078,3150600,0.0,0.0
2021-07-09 00:00:00-04:00,9.98396789221207,10.11991966577133,9.95847713725383,10.0519437789917,2773000,0.0,0.0
2021-07-12 00:00:00-04:00,9.898998673229347,10.153908680722344,9.814029210956065,10.145411491394043,2296800,0.0,0.0
2021-07-13 00:00:00-04:00,10.060438742753883,10.085929492075342,9.848013940957006,9.882001876831055,1358300,0.0,0.0
2021-07-14 00:00:00-04:00,9.93298421300181,10.060439591028484,9.754547332033567,9.814026832580566,1606200,0.0,0.0
2021-07-15 00:00:00-04:00,9.695067068987361,10.02645002569264,9.635588388425996,9.958474159240723,1758400,0.0,0.0
2021-07-16 00:00:00-04:00,10.034950567465822,10.034950567465822,9.635591610755226,9.67807674407959,1250800,0.0,0.0
2021-07-19 00:00:00-04:00,9.389178119086864,9.525129887453224,9.244729162613492,9.33819580078125,2506300,0.0,0.0
2021-07-20 00:00:00-04:00,9.32120179233919,9.848015274914307,9.26172228875061,9.59310531616211,1878800,0.0,0.0
2021-07-21 00:00:00-04:00,9.720558143870578,10.179395663050311,9.712061768029978,10.153904914855957,2131800,0.0,0.0
2021-07-22 00:00:00-04:00,10.15390636218293,10.15390636218293,9.907493600284038,9.932984352111816,1990300,0.0,0.0
2021-07-23 00:00:00-04:00,10.136913980329073,10.289859319474937,9.797033738183464,9.992465019226074,1717000,0.0,0.0
2021-07-26 00:00:00-04:00,9.975470862223977,10.289859546157427,9.975470862223977,10.128417015075684,1279400,0.0,0.0
2021-07-27 00:00:00-04:00,9.97547175340104,10.162405866882503,9.915993048794627,10.11992073059082,1489400,0.0,0.0
2021-07-28 00:00:00-04:00,10.255869906760694,10.366330908855149,10.077433028044476,10.238876342773438,1905000,0.0,0.0
2021-07-29 00:00:00-04:00,10.349338810682564,10.621242355680305,10.298356490827246,10.519278526306152,1709900,0.0,0.0
2021-07-30 00:00:00-04:00,10.476793003651224,10.612744771074155,10.26436816446878,10.306853294372559,1983500,0.0,0.0
2021-08-02 00:00:00-04:00,10.374829872732265,10.570260348903693,10.162405019326885,10.187895774841309,1280000,0.0,0.0
2021-08-03 00:00:00-04:00,10.2388756522473,10.408815332340701,9.975468540350292,10.400318145751953,2242800,0.0,0.0
2021-08-04 00:00:00-04:00,10.221884827244928,10.425813324480076,10.179399689890248,10.26436996459961,1357500,0.0,0.0
2021-08-05 00:00:00-04:00,10.400319268627692,10.519277462704611,10.366331328939486,10.476792335510254,991800,0.0,0.0
2021-08-06 00:00:00-04:00,10.706212278289318,10.944127872598548,10.62124201801065,10.867654800415039,1625000,0.0,0.0
2021-08-09 00:00:00-04:00,10.799678687211674,10.961121205912393,10.655229734004294,10.73170280456543,1432800,0.0,0.0
2021-08-10 00:00:00-04:00,10.69771513279491,10.927133539922579,10.672224378744382,10.850661277770996,1307400,0.0,0.0
2021-08-11 00:00:00-04:00,10.893145884385516,11.04609203338623,10.71470898066351,11.04609203338623,1580100,0.0,0.0
2021-08-12 00:00:00-04:00,11.046088923795198,11.080076857301117,10.80817338925376,10.935627937316895,905300,0.0,0.0
2021-08-13 00:00:00-04:00,11.003607593159048,11.012104782045395,10.825170678228401,10.92713451385498,1331500,0.0,0.0
2021-08-16 00:00:00-04:00,10.85915755526773,10.89314549713334,10.68072065788917,10.833666801452637,1349300,0.0,0.0
2021-08-17 00:00:00-04:00,10.714707303290997,10.901641366101327,10.502282489749916,10.655228614807129,1468500,0.0,0.0
2021-08-18 00:00:00-04:00,10.629740715026855,10.884650721711582,10.536273253385064,10.629740715026855,1173300,0.0,0.0
2021-08-19 00:00:00-04:00,10.485290521149139,10.57025997329,10.349338749454576,10.459799766540527,1228300,0.0,0.0
2021-08-20 00:00:00-04:00,10.451302022377543,10.672224044799805,10.391822517672205,10.672224044799805,1318100,0.0,0.0
2021-08-23 00:00:00-04:00,10.774188786317513,10.842164674342389,10.638237010267758,10.689218521118164,1287400,0.0,0.0
2021-08-24 00:00:00-04:00,10.697715868170347,10.799679701718048,10.680721490744137,10.765691757202148,1230100,0.0,0.0
2021-08-25 00:00:00-04:00,10.851132556954788,11.081826320862932,10.791323424758595,10.902398109436035,2020500,0.07,0.0
2021-08-26 00:00:00-04:00,10.979294626712147,10.987838205334546,10.714424133300781,10.714424133300781,1144600,0.0,0.0
2021-08-27 00:00:00-04:00,10.774235002907586,11.124547857987356,10.774235002907586,11.10745906829834,1860600,0.0,0.0
2021-08-30 00:00:00-04:00,11.150180658975946,11.286887722422598,10.84258895138261,10.851133346557617,1360500,0.0,0.0
2021-08-31 00:00:00-04:00,10.893853085604746,10.996383369806317,10.791322801403176,10.876764297485352,1318100,0.0,0.0
2021-09-01 00:00:00-04:00,10.910941873724141,10.910941873724141,10.637526967681687,10.876764297485352,1355100,0.0,0.0
2021-09-02 00:00:00-04:00,10.936575362648357,10.987840102587384,10.79132390809053,10.928030967712402,1346900,0.0,0.0
2021-09-03 00:00:00-04:00,10.945118243393196,11.013471763747834,10.76569004875271,10.868220329284668,1121600,0.0,0.0
2021-09-07 00:00:00-04:00,10.868221356082795,10.96220725174038,10.69733753905159,10.705881118774414,1300900,0.0,0.0
2021-09-08 00:00:00-04:00,10.646072814720467,10.688793976011285,10.569174887364673,10.637528419494629,1497600,0.0,0.0
2021-09-09 00:00:00-04:00,10.577717910755874,10.825499636301506,10.577717910755874,10.646071434020996,1184800,0.0,0.0
2021-09-10 00:00:00-04:00,10.757146452735805,10.77423442667257,10.534997087689781,10.552085876464844,1314500,0.0,0.0
2021-09-13 00:00:00-04:00,10.680248426076766,10.834044264160523,10.569173744664973,10.731513977050781,1831300,0.0,0.0
2021-09-14 00:00:00-04:00,10.714425471820304,10.714425471820304,10.27012754926069,10.406834602355957,2129300,0.0,0.0
2021-09-15 00:00:00-04:00,10.381200334228001,10.517908187879446,10.261582082685546,10.338479995727539,2627400,0.0,0.0
2021-09-16 00:00:00-04:00,10.449553681379877,10.449553681379877,10.201771973905895,10.287214279174805,2568800,0.0,0.0
2021-09-17 00:00:00-04:00,10.295759395859308,10.398289680480957,10.167595928953546,10.398289680480957,9412200,0.0,0.0
2021-09-20 00:00:00-04:00,10.116330483475199,10.304303066163872,9.962534659926447,10.287214279174805,3754700,0.0,0.0
2021-09-21 00:00:00-04:00,10.33848065389083,10.406834177648928,10.10778690007854,10.21886157989502,1515800,0.0,0.0
2021-09-22 00:00:00-04:00,10.389743943638502,10.577716515237494,10.35556718651488,10.458097457885742,1849700,0.0,0.0
2021-09-23 00:00:00-04:00,10.594805069366904,10.851131169317663,10.543540338279678,10.714424133300781,2194700,0.0,0.0
2021-09-24 00:00:00-04:00,10.748600973551104,11.013471468964562,10.731513001338934,10.945117950439453,1116200,0.0,0.0
2021-09-27 00:00:00-04:00,11.090370443160431,11.526124808635675,11.0818268630275,11.406506538391113,2044900,0.0,0.0
2021-09-28 00:00:00-04:00,11.483401091399866,11.603020149845031,11.363782847792871,11.380870819091797,1495900,0.0,0.0
2021-09-29 00:00:00-04:00,11.474859071654032,11.54321259580967,11.39796115326937,11.423593521118164,1073700,0.0,0.0
2021-09-30 00:00:00-04:00,11.4834002686771,11.517577023664545,11.227075013690317,11.235618591308594,1137000,0.0,0.0
2021-10-01 00:00:00-04:00,11.303975669040806,11.603022980694758,11.209989766871058,11.543213844299316,1983200,0.0,0.0
2021-10-04 00:00:00-04:00,11.526123831809684,11.7140964310557,11.474859096003314,11.671375274658203,1252600,0.0,0.0
2021-10-05 00:00:00-04:00,11.765362019310082,11.867892306088857,11.645742943982366,11.654287338256836,1976000,0.0,0.0
2021-10-06 00:00:00-04:00,11.543212620303997,11.67991966890536,11.415049151111505,11.671375274658203,1506600,0.0,0.0
2021-10-07 00:00:00-04:00,11.748273230761143,11.90206906834845,11.628654155433427,11.654287338256836,1595300,0.0,0.0
2021-10-08 00:00:00-04:00,11.628654605768306,11.81662721289469,11.628654605768306,11.69700813293457,613400,0.0,0.0
2021-10-11 00:00:00-04:00,11.73972843314849,11.842258716404666,11.517579078674316,11.517579078674316,726600,0.0,0.0
2021-10-12 00:00:00-04:00,11.526124064186993,11.585934010284625,11.449226144088822,11.560300827026367,899400,0.0,0.0
2021-10-13 00:00:00-04:00,11.534668174011811,11.551756962429018,11.278342051621669,11.372328758239746,1833700,0.0,0.0
2021-10-14 00:00:00-04:00,11.509035433994036,11.56030016791107,11.406505151321715,11.483402252197266,991300,0.0,0.0
2021-10-15 00:00:00-04:00,11.714097985320569,11.722642380701423,11.457771827763677,11.466316223144531,1242500,0.0,0.0
2021-10-18 00:00:00-04:00,11.46631493292766,11.748273430062085,11.45777053850824,11.560300827026367,971800,0.0,0.0
2021-10-19 00:00:00-04:00,11.654288536775402,11.654288536775402,11.440683546976398,11.543213844299316,1470800,0.0,0.0
2021-10-20 00:00:00-04:00,11.526125313817579,11.739730308431715,11.483404151927074,11.731185913085938,2150800,0.0,0.0
2021-10-21 00:00:00-04:00,11.731185913085938,11.893526165302179,11.594478846907032,11.731185913085938,1763700,0.0,0.0
2021-10-22 00:00:00-04:00,11.739728079778093,12.038775341402523,11.705551319721435,12.021686553955078,1082800,0.0,0.0
2021-10-25 00:00:00-04:00,12.175484313586871,12.534340758542816,12.132763153027666,12.517251968383789,2390000,0.0,0.0
2021-10-26 00:00:00-04:00,12.551426857771483,12.739399447232254,12.423264210089009,12.500162124633789,1832500,0.0,0.0
2021-10-27 00:00:00-04:00,12.406177352169994,12.474530879054816,11.902069480265691,11.910613059997559,1941300,0.0,0.0
2021-10-28 00:00:00-04:00,11.987510087627468,12.107129158175903,11.825170677090112,11.944788932800293,1013700,0.0,0.0
2021-10-29 00:00:00-04:00,11.876439194832408,11.927704759925819,11.628657395697699,11.662834167480469,1380600,0.0,0.0
2021-11-01 00:00:00-04:00,11.790993399295344,11.961877196274477,11.748272246341005,11.867891311645508,1336500,0.0,0.0
2021-11-02 00:00:00-04:00,11.84225958187246,11.876436345455591,11.63719900037367,11.69700813293457,1067600,0.0,0.0
2021-11-03 00:00:00-04:00,11.654287634410109,12.20111584445932,11.628654450935322,12.090041160583496,1472800,0.0,0.0
2021-11-04 00:00:00-04:00,12.030231475830078,12.090040604845411,11.782449750831637,12.030231475830078,1512600,0.0,0.0
2021-11-05 00:00:00-04:00,12.192572858450498,12.329279917618933,12.055864984443716,12.132762908935547,1265700,0.0,0.0
2021-11-08 00:00:00-05:00,12.20111641518153,12.320735499144279,12.004600221712387,12.081498146057129,1052600,0.0,0.0
2021-11-09 00:00:00-05:00,12.098586121001324,12.184028440237336,11.936246692258916,12.081498146057129,1795700,0.0,0.0
2021-11-10 00:00:00-05:00,12.090041160583496,12.235292607587395,12.047320817802133,12.090041160583496,1250900,0.0,0.0
2021-11-11 00:00:00-05:00,12.072953774258943,12.218205228334993,11.996055849767112,12.132762908935547,1158400,0.0,0.0
2021-11-12 00:00:00-05:00,12.132763191465317,12.252382278442383,12.047321684914582,12.252382278442383,1577700,0.0,0.0
2021-11-15 00:00:00-05:00,12.27801467079376,12.397633757983897,12.243837905144916,12.3036470413208,1181700,0.0,0.0
2021-11-16 00:00:00-05:00,12.295102671862251,12.474530883711468,12.252381513833711,12.354911804199219,1144400,0.0,0.0
2021-11-17 00:00:00-05:00,12.3292802047249,12.372000550581085,12.132763191465317,12.252382278442383,1373600,0.0,0.0
2021-11-18 00:00:00-05:00,12.243835740890768,12.414719538929095,12.1327610684563,12.166937828063965,1934300,0.0,0.0
2021-11-19 00:00:00-05:00,11.97042421474453,12.260927140730546,11.876437494667645,12.226750373840332,1544300,0.0,0.0
2021-11-22 00:00:00-05:00,12.380542330026245,12.636868425200662,12.380542330026245,12.389086723327637,2087200,0.0,0.0
2021-11-23 00:00:00-05:00,12.525795573397641,12.619782283667346,12.423265283425673,12.568516731262207,1352700,0.0,0.0
2021-11-24 00:00:00-05:00,12.525502091257687,12.749171141496836,12.516899214598169,12.611528396606445,2415200,0.1,0.0
2021-11-26 00:00:00-05:00,12.095369447088725,12.14698507194949,11.61361896603338,11.880302429199219,2105600,0.0,0.0
2021-11-29 00:00:00-05:00,12.08676524890888,12.20720224070245,11.682439069735743,11.691041946411133,1673700,0.0,0.0
2021-11-30 00:00:00-05:00,11.5017837963661,11.605015864511442,11.260908970693638,11.432962417602539,2508100,0.0,0.0
2021-12-01 00:00:00-05:00,11.785672944030248,12.01794572755168,11.364141766990171,11.381346702575684,1655600,0.0,0.0
2021-12-02 00:00:00-05:00,11.518989336454071,11.923314724046083,11.415757270233843,11.777069091796875,1598300,0.0,0.0
2021-12-03 00:00:00-05:00,11.802878394351211,11.811480451713383,11.36414147267277,11.45016860961914,1076500,0.0,0.0
2021-12-06 00:00:00-05:00,11.734058602008359,11.845893567017304,11.61362075805664,11.61362075805664,1617100,0.0,0.0
2021-12-07 00:00:00-05:00,11.949125512581292,11.949125512581292,11.648031316450218,11.742660522460938,1815800,0.0,0.0
2021-12-08 00:00:00-05:00,11.716850499548709,11.811479687736552,11.656631999830584,11.72545337677002,1452000,0.0,0.0
2021-12-09 00:00:00-05:00,11.544797357255762,11.65663230279288,11.389948844909668,11.389948844909668,1755200,0.0,0.0
2021-12-10 00:00:00-05:00,11.536195224923304,11.536195224923304,11.243703936229178,11.381346702575684,1157000,0.0,0.0
2021-12-13 00:00:00-05:00,11.303920592759692,11.37274195968299,11.071647864082005,11.08025074005127,2341100,0.0,0.0
2021-12-14 00:00:00-05:00,11.114664383608746,11.407155681137759,11.114664383608746,11.217896461486816,2087500,0.0,0.0
2021-12-15 00:00:00-05:00,11.24370406007607,11.432963276094966,11.097458414118144,11.252306938171387,3044500,0.0,0.0
2021-12-16 00:00:00-05:00,11.424361228942871,11.665236910637981,11.338334902979478,11.424361228942871,1718600,0.0,0.0
2021-12-17 00:00:00-05:00,11.29531795629566,11.458768501100437,10.934005362079393,11.312522888183594,10506400,0.0,0.0
2021-12-20 00:00:00-05:00,11.269512275940922,11.269512275940922,10.710337526740922,10.92540454864502,2733400,0.0,0.0
2021-12-21 00:00:00-05:00,11.097459221284367,11.441566986384952,11.054446468510505,11.424361228942871,1842200,0.0,0.0
2021-12-22 00:00:00-05:00,11.381346293844732,11.673837572034808,11.372744236568696,11.622221946716309,1020600,0.0,0.0
2021-12-23 00:00:00-05:00,11.699644823086524,11.828684691555484,11.665234136800436,11.691041946411133,849400,0.0,0.0
2021-12-27 00:00:00-05:00,11.656630638658832,11.802876252681578,11.587809269755827,11.794273376464844,945300,0.0,0.0
2021-12-28 00:00:00-05:00,11.734055102288556,11.888902774996156,11.716849349534685,11.802876472473145,618700,0.0,0.0
2021-12-29 00:00:00-05:00,11.802877433867465,11.880301686735523,11.72545318099941,11.845890998840332,494600,0.0,0.0
2021-12-30 00:00:00-05:00,11.845892774203774,11.983535546413284,11.845892774203774,11.88890552520752,909400,0.0,0.0
2021-12-31 00:00:00-05:00,11.76846683102239,11.89750670645804,11.742658199602845,11.854493141174316,588500,0.0,0.0
2022-01-03 00:00:00-05:00,12.043753200427716,12.31043666799147,11.974931819201375,12.155588150024414,1581900,0.0,0.0
2022-01-04 00:00:00-05:00,12.36205227584381,12.637337800351464,12.267423081898198,12.46528434753418,1316300,0.0,0.0
2022-01-05 00:00:00-05:00,12.577118879408898,12.817993705356049,12.577118879408898,12.620132446289062,1687900,0.0,0.0
2022-01-06 00:00:00-05:00,12.852404303726786,13.282538328650134,12.792185802770492,13.27393627166748,1349700,0.0,0.0
2022-01-07 00:00:00-05:00,13.273937500365927,13.798701584413006,13.17070542327854,13.729879379272461,3824500,0.0,0.0
2022-01-10 00:00:00-05:00,13.876125620180765,13.876125620180765,13.35996518215815,13.532018661499023,1881800,0.0,0.0
2022-01-11 00:00:00-05:00,13.59223599342031,13.65245449721983,13.368566092999831,13.523414611816406,1767400,0.0,0.0
2022-01-12 00:00:00-05:00,13.58363290585078,13.678262098990942,13.48900371271062,13.600838661193848,1050600,0.0,0.0
2022-01-13 00:00:00-05:00,13.63524713252275,13.91913548616003,13.592233571580493,13.764286994934082,972200,0.0,0.0
2022-01-14 00:00:00-05:00,13.600837909335691,14.108395357664714,13.506207901011134,14.09979248046875,1138800,0.0,0.0
2022-01-18 00:00:00-05:00,14.108396213268833,14.29765624139563,13.901932070537814,13.962150573730469,1492700,0.0,0.0
2022-01-19 00:00:00-05:00,13.987959122007407,14.177217508154673,13.497605760477134,13.514811515808105,1535600,0.0,0.0
2022-01-20 00:00:00-05:00,13.454591511953172,13.626644943990327,13.093278894467408,13.136292457580566,1322000,0.0,0.0
2022-01-21 00:00:00-05:00,13.09328037064423,13.179306686153941,12.766378402709961,12.766378402709961,2041600,0.0,0.0
2022-01-24 00:00:00-05:00,12.542709113182577,13.084678126766466,12.491093485459697,13.015856742858887,2496200,0.0,0.0
2022-01-25 00:00:00-05:00,12.904021875117131,13.196513168886284,12.70616060016483,13.067472457885742,1809100,0.0,0.0
2022-01-26 00:00:00-05:00,12.551310959510511,13.213716930272625,12.551310959510511,12.79218578338623,1665600,0.0,0.0
2022-01-27 00:00:00-05:00,12.912623257387992,13.179305885813486,12.215805795872486,12.250216484069824,3196200,0.0,0.0
2022-01-28 00:00:00-05:00,12.276027540413944,12.51690240537534,12.103973245025834,12.491094589233398,2738100,0.0,0.0
2022-01-31 00:00:00-05:00,12.405065119657417,12.568515685183918,12.233011676888593,12.516900062561035,2482300,0.0,0.0
2022-02-01 00:00:00-05:00,12.50829800183792,13.050266997250127,12.50829800183792,12.998650550842285,1951600,0.0,0.0
2022-02-02 00:00:00-05:00,12.912625004593163,13.04166489768967,12.680352212520694,12.723365783691406,2538900,0.0,0.0
2022-02-03 00:00:00-05:00,12.62013330369588,12.843803210336342,12.413669153142658,12.43947696685791,1903800,0.0,0.0
2022-02-04 00:00:00-05:00,12.46528393368669,12.714761637092984,12.413668309762933,12.620132446289062,1266900,0.0,0.0
2022-02-07 00:00:00-05:00,12.628735845426197,12.766378608796142,12.542708708112189,12.645940780639648,2299200,0.0,0.0
2022-02-08 00:00:00-05:00,12.835199575349229,13.256730729639898,12.774981073426435,13.23952579498291,1682000,0.0,0.0
2022-02-09 00:00:00-05:00,13.291141198669687,13.342757642614671,12.809391550455688,12.878212928771973,1216900,0.0,0.0
2022-02-10 00:00:00-05:00,12.826597951012436,13.110486374121777,12.757776564829301,12.861008644104004,1243400,0.0,0.0
2022-02-11 00:00:00-05:00,12.76638031347395,13.041665876972356,12.611531773798252,12.680353164672852,1258200,0.0,0.0
2022-02-14 00:00:00-05:00,12.757774435871735,12.861006497919554,12.430872495845886,12.499693870544434,1230500,0.0,0.0
2022-02-15 00:00:00-05:00,12.706159470781245,12.878212916406758,12.628735215145877,12.79218578338623,1125300,0.0,0.0
2022-02-16 00:00:00-05:00,12.66314590427098,12.878212916406758,12.645940149500657,12.79218578338623,1111500,0.0,0.0
2022-02-17 00:00:00-05:00,12.594323411000275,12.628734097078876,12.172791481018066,12.172791481018066,1288600,0.0,0.0
2022-02-18 00:00:00-05:00,12.14698463633632,12.379257401126731,12.129779702138254,12.258819580078125,1350200,0.0,0.0
2022-02-22 00:00:00-05:00,12.267425768596132,12.33624716479567,12.043755820739756,12.146987915039062,1059100,0.0,0.0
2022-02-23 00:00:00-05:00,12.267422765389687,12.379257711939392,11.888904358542138,11.923315048217773,1535200,0.0,0.0
2022-02-24 00:00:00-05:00,11.472723439169783,11.905983395268743,11.316750416911052,11.871322631835938,2401300,0.1,0.0
2022-02-25 00:00:00-05:00,11.975307011911818,12.347910903619882,11.975307011911818,12.252593994140625,1501200,0.0,0.0
2022-02-28 00:00:00-05:00,11.931983212557803,12.26992555209994,11.931983212557803,12.235264778137207,1621600,0.0,0.0
2022-03-01 00:00:00-05:00,11.9839718798858,12.122614951668183,11.238764955866543,11.377408027648926,2402100,0.0,0.0
2022-03-02 00:00:00-05:00,11.53338141802819,12.061958313860288,11.429398292128173,11.940645217895508,2046600,0.0,0.0
2022-03-03 00:00:00-05:00,11.966642590481172,12.027298731245244,11.732681773743279,11.862659454345703,1129900,0.0,0.0
2022-03-04 00:00:00-05:00,11.516050927419254,11.516050927419254,10.822834752483821,10.900821685791016,2065900,0.0,0.0
2022-03-07 00:00:00-05:00,10.866159636927282,10.909485797697187,10.346247360443998,10.354912757873535,3321500,0.0,0.0
2022-03-08 00:00:00-05:00,10.58021120535363,10.9788105127132,10.458898085243144,10.614871978759766,2549200,0.0,0.0
2022-03-09 00:00:00-05:00,11.030799545792362,11.30808651633775,11.022134973570548,11.160778045654297,1726900,0.0,0.0
2022-03-10 00:00:00-05:00,10.9268195242316,11.117454201357356,10.710189472254445,10.840167999267578,1498300,0.0,0.0
2022-03-11 00:00:00-05:00,10.96147896281356,11.160779016045826,10.90082282009755,11.03946590423584,1811700,0.0,0.0
2022-03-14 00:00:00-04:00,11.351412682958395,11.386073450979334,11.074125712413007,11.160778045654297,1974500,0.0,0.0
2022-03-15 00:00:00-04:00,11.238764664587727,11.351412364085858,11.004803867235175,11.169443130493164,2198700,0.0,0.0
2022-03-16 00:00:00-04:00,11.342747235969322,11.724015682573095,11.29942106953351,11.594038009643555,2415300,0.0,0.0
2022-03-17 00:00:00-04:00,11.42939905196326,11.611368294818954,11.290755976716621,11.585372924804688,1877800,0.0,0.0
2022-03-18 00:00:00-04:00,11.550712999639462,11.637365341186523,11.238766057550395,11.637365341186523,4992000,0.0,0.0
2022-03-21 00:00:00-04:00,11.78467306107393,11.879989969486518,11.507386081948173,11.654694557189941,2333300,0.0,0.0
2022-03-22 00:00:00-04:00,11.827996354086327,11.914648675001082,11.628697172911279,11.68068790435791,1694600,0.0,0.0
2022-03-23 00:00:00-04:00,11.602703011882339,11.672024545260602,11.299420683569041,11.316751480102539,1163100,0.0,0.0
2022-03-24 00:00:00-04:00,11.429398965877256,11.455395162073634,11.299421290406999,11.39473819732666,1357500,0.0,0.0
2022-03-25 00:00:00-04:00,11.420735303959367,11.646029904309284,11.377409133222775,11.611369132995605,1297600,0.0,0.0
2022-03-28 00:00:00-04:00,11.524717214468442,11.576707956429994,11.282091823765995,11.550712585449219,2069800,0.0,0.0
2022-03-29 00:00:00-04:00,11.836665430873618,12.347912465160393,11.750013909401066,12.330581665039062,6491800,0.0,0.0
2022-03-30 00:00:00-04:00,12.278588573849923,12.313249341098944,11.264760098843755,11.429398536682129,4251200,0.0,0.0
2022-03-31 00:00:00-04:00,11.377408341630069,11.611368325124937,11.299421405005807,11.368742942810059,2486200,0.0,0.0
2022-04-01 00:00:00-04:00,11.533381134762084,11.819332658019357,11.446728807432919,11.516050338745117,8187100,0.0,0.0
2022-04-04 00:00:00-04:00,11.49005540014411,11.49005540014411,11.143446904262685,11.360076904296875,2095000,0.0,0.0
2022-04-05 00:00:00-04:00,11.35141299267763,11.533382236346988,11.21276909043314,11.273426055908203,1915100,0.0,0.0
2022-04-06 00:00:00-04:00,11.23009958169617,11.299421117738044,11.14344724845488,11.160778045654297,2536200,0.0,0.0
2022-04-07 00:00:00-04:00,11.134784374977714,11.212770495139118,10.96147968205543,11.117453575134277,2098400,0.0,0.0
2022-04-08 00:00:00-04:00,11.100122740484803,11.351413534072524,11.022135799995862,11.186774253845215,2052400,0.0,0.0
2022-04-11 00:00:00-04:00,11.178107475004458,11.420733665776014,11.134782136860402,11.221433639526367,1614800,0.0,0.0
2022-04-12 00:00:00-04:00,11.334081235404025,11.464058901429885,11.091455873179425,11.152112007141113,1574100,0.0,0.0
2022-04-13 00:00:00-04:00,11.056796338983585,11.403404037919959,10.97014400106052,11.38607406616211,1046200,0.0,0.0
2022-04-14 00:00:00-04:00,11.334081450258173,11.50738528370383,11.256094518613162,11.316751480102539,1482000,0.0,0.0
2022-04-18 00:00:00-04:00,11.238763490664251,11.4207327052497,11.23009809321309,11.342745780944824,1207200,0.0,0.0
2022-04-19 00:00:00-04:00,11.42939830701542,11.758676002453413,11.42939830701542,11.724015235900879,1628500,0.0,0.0
2022-04-20 00:00:00-04:00,11.86265995802053,12.053294613859094,11.810669214123267,12.018633842468262,1890700,0.0,0.0
2022-04-21 00:00:00-04:00,12.122615990407132,12.261259074069294,11.663360569181735,11.75867748260498,1761200,0.0,0.0
2022-04-22 00:00:00-04:00,11.7326813104784,11.7326813104784,11.334082058957595,11.39473819732666,1399500,0.0,0.0
2022-04-25 00:00:00-04:00,11.325416051991425,11.46405911874795,10.970142986833363,11.316751480102539,1708300,0.0,0.0
2022-04-26 00:00:00-04:00,11.091457943960942,11.394739496770068,11.048131771737351,11.290757179260254,2945700,0.0,0.0
2022-04-27 00:00:00-04:00,11.221434354573683,11.498721329356355,11.160778216204616,11.39473819732666,2862000,0.0,0.0
2022-04-28 00:00:00-04:00,11.923315001753899,12.651191909764723,11.819332704377757,12.547208786010742,3097100,0.0,0.0
2022-04-29 00:00:00-04:00,12.382570731017415,12.590535332083327,11.76734149974736,11.793336868286133,2822500,0.0,0.0
2022-05-02 00:00:00-04:00,11.84533041255123,12.035965075262382,11.646030350085477,11.983973503112793,2173000,0.0,0.0
2022-05-03 00:00:00-04:00,11.97530514786326,12.131278999439811,11.827996693902694,12.035962104797363,1820300,0.0,0.0
2022-05-04 00:00:00-04:00,11.992639103616114,12.460559955283076,11.957978330395525,12.408568382263184,1444900,0.0,0.0
2022-05-05 00:00:00-04:00,12.191935436776951,12.313248527319912,11.819332420069685,12.122613906860352,2216800,0.0,0.0
2022-05-06 00:00:00-04:00,12.087956372457251,12.131282546828675,11.767344004313571,11.897321701049805,1584400,0.0,0.0
2022-05-09 00:00:00-04:00,11.698020403580935,11.966641976454623,11.646028838180968,11.784672737121582,1499200,0.0,0.0
2022-05-10 00:00:00-04:00,11.931982310792963,12.027299225392351,11.394739115405942,11.637365341186523,2005000,0.0,0.0
2022-05-11 00:00:00-04:00,11.741345181595456,11.992635927487411,11.55937596378557,11.576705932617188,1551700,0.0,0.0
2022-05-12 00:00:00-04:00,11.568043069172061,11.602703838330042,11.316752286182231,11.559377670288086,1762800,0.0,0.0
2022-05-13 00:00:00-04:00,11.732679578104717,11.992635717039649,11.689353417219264,11.871322631835938,1566100,0.0,0.0
2022-05-16 00:00:00-04:00,11.79333582535806,11.914648911773945,11.646027372702267,11.75001049041748,1513400,0.0,0.0
2022-05-17 00:00:00-04:00,11.992637378089842,12.278588922610888,11.957976609856317,12.261258125305176,1627600,0.0,0.0
2022-05-18 00:00:00-04:00,11.992638065141096,12.217933484754994,11.819334214044998,11.957977294921875,3053700,0.0,0.0
2022-05-19 00:00:00-04:00,11.741345197013546,12.053292073792496,11.741345197013546,11.819332122802734,2523500,0.0,0.0
2022-05-20 00:00:00-04:00,11.85399383004709,12.061958431113002,11.490055364992811,11.793336868286133,1942900,0.0,0.0
2022-05-23 00:00:00-04:00,12.053292914767596,12.261257513796876,11.940645217032271,12.061958312988281,1511200,0.0,0.0
2022-05-24 00:00:00-04:00,11.957071517632386,12.105660920037632,11.712335540986258,12.044476509094238,1523200,0.12,0.0
2022-05-25 00:00:00-04:00,11.992034270134594,12.65631540542496,11.992034270134594,12.455283164978027,2132900,0.0,0.0
2022-05-26 00:00:00-04:00,12.57765239129787,12.988457662074985,12.51646797135527,12.918533325195312,2541200,0.0,0.0
2022-05-27 00:00:00-04:00,12.979716400631066,13.294375883995519,12.953494151844541,13.259413719177246,2193400,0.0,0.0
2022-05-31 00:00:00-04:00,13.058380571499262,13.259413643225606,13.014678490899573,13.049640655517578,2052800,0.0,0.0
2022-06-01 00:00:00-04:00,13.03215904298999,13.250672778341436,12.796164642263578,13.14578628540039,2195700,0.0,0.0
2022-06-02 00:00:00-04:00,13.084602919545075,13.338078823342316,12.997197090554124,13.329338073730469,2179300,0.0,0.0
2022-06-03 00:00:00-04:00,13.215712515572676,13.381783445130615,13.058382336741758,13.0758638381958,2619100,0.0,0.0
2022-06-06 00:00:00-04:00,13.233192557372528,13.329338304073046,13.023418730881925,13.040900230407715,2876200,0.0,0.0
2022-06-07 00:00:00-04:00,12.857348585744633,13.285635319114006,12.769942755701843,13.276894569396973,1458800,0.0,0.0
2022-06-08 00:00:00-04:00,13.075863695194958,13.128307365419683,12.90979360101707,13.10208511352539,1712100,0.0,0.0
2022-06-09 00:00:00-04:00,13.040901594497782,13.067123012965476,12.61261481408205,12.630095481872559,2226600,0.0,0.0
2022-06-10 00:00:00-04:00,12.376618977193301,12.516467647332282,11.992035134311106,12.149364471435547,1791600,0.0,0.0
2022-06-13 00:00:00-04:00,11.79974237270476,12.009515370386422,11.616190791342355,11.712336540222168,2011900,0.0,0.0
2022-06-14 00:00:00-04:00,11.808483810340809,12.07070048949515,11.738559473708165,11.930850982666016,1180300,0.0,0.0
2022-06-15 00:00:00-04:00,12.131884075657755,12.158105493504035,11.764780891554445,11.930850982666016,2002200,0.0,0.0
2022-06-16 00:00:00-04:00,11.589969551653406,11.589969551653406,11.065536215893127,11.214125633239746,2222600,0.0,0.0
2022-06-17 00:00:00-04:00,11.30153230783661,11.563748161660598,11.222867218263865,11.476343154907227,4941900,0.0,0.0
2022-06-21 00:00:00-04:00,11.843446875205663,11.860927543905188,11.528786502975136,11.651154518127441,1252300,0.0,0.0
2022-06-22 00:00:00-04:00,11.493821326043733,11.686113632831926,11.441378500096574,11.633670806884766,1186700,0.0,0.0
2022-06-23 00:00:00-04:00,11.537527201211505,11.537527201211505,11.074278229685167,11.2053861618042,1269900,0.0,0.0
2022-06-24 00:00:00-04:00,11.310272109978722,11.73855972290039,11.310272109978722,11.73855972290039,2609400,0.0,0.0
2022-06-27 00:00:00-04:00,11.81722354888916,11.869666380090985,11.633671972555225,11.81722354888916,1214700,0.0,0.0
2022-06-28 00:00:00-04:00,11.974554807925777,12.061960652115125,11.607451596032767,11.651154518127441,1566300,0.0,0.0
2022-06-29 00:00:00-04:00,11.677373952605036,11.677373952605036,11.362714467435922,11.44137954711914,1072100,0.0,0.0
2022-06-30 00:00:00-04:00,11.152941127797957,11.467600603105868,11.048054636028652,11.284049034118652,1804700,0.0,0.0
2022-07-01 00:00:00-04:00,11.214125713892994,11.651153218981774,11.187904296985536,11.589969635009766,1685000,0.0,0.0
2022-07-05 00:00:00-04:00,11.319011493247633,11.791001135301114,11.249087163577766,11.773520469665527,2390000,0.0,0.0
2022-07-06 00:00:00-04:00,11.616192954589916,11.703598803349827,11.284051896291787,11.520047187805176,1596000,0.0,0.0
2022-07-07 00:00:00-04:00,11.694856803186278,11.808484061017426,11.59871104666632,11.73855972290039,1309300,0.0,0.0
2022-07-08 00:00:00-04:00,11.808483468829534,11.913369970745096,11.624931882086345,11.869667053222656,1420500,0.0,0.0
2022-07-11 00:00:00-04:00,11.773520978361853,11.860925977443799,11.677374395738779,11.78226089477539,1338000,0.0,0.0
2022-07-12 00:00:00-04:00,11.581228905139003,11.895888409271127,11.581228905139003,11.659893989562988,1716100,0.0,0.0
2022-07-13 00:00:00-04:00,11.493824599577332,11.563748943131019,11.222867976697778,11.292792320251465,1713100,0.0,0.0
2022-07-14 00:00:00-04:00,11.05679428989284,11.450119666664232,11.004351462032469,11.432638168334961,2339600,0.0,0.0
2022-07-15 00:00:00-04:00,11.642410995865403,11.965811208687919,11.563745921531657,11.86092472076416,2346400,0.0,0.0
2022-07-18 00:00:00-04:00,12.096920364511785,12.271731183798193,12.096920364511785,12.158103942871094,2629900,0.0,0.0
2022-07-19 00:00:00-04:00,12.289212477620746,12.700017687703852,12.289212477620746,12.542688369750977,1731400,0.0,0.0
2022-07-20 00:00:00-04:00,12.490244235512138,12.586389972488274,12.359136336584347,12.4815034866333,1720400,0.0,0.0
2022-07-21 00:00:00-04:00,12.507726280233948,12.717499261117284,12.289212550089541,12.656314849853516,1848100,0.0,0.0
2022-07-22 00:00:00-04:00,12.560171331714624,12.883571609539754,12.516468411237957,12.813647270202637,1071900,0.0,0.0
2022-07-25 00:00:00-04:00,12.857347821999825,13.058380052167362,12.857347821999825,12.944753646850586,1365000,0.0,0.0
2022-07-26 00:00:00-04:00,12.883569058639647,13.075861370525471,12.787423319478592,12.804903984069824,2355800,0.0,0.0
2022-07-27 00:00:00-04:00,12.874827635936935,13.198228666373002,12.874827635936935,13.154525756835938,1993400,0.0,0.0
2022-07-28 00:00:00-04:00,13.110826144651822,13.224453404599803,12.831128786973023,12.88357162475586,1559600,0.0,0.0
2022-07-29 00:00:00-04:00,12.88356979786924,13.206970030218256,12.88356979786924,13.189489364624023,1466500,0.0,0.0
2022-08-01 00:00:00-04:00,13.02342016739754,13.23319401702672,12.874830739293643,13.0758638381958,1366300,0.0,0.0
2022-08-02 00:00:00-04:00,13.119565170187435,13.224451665523931,12.997197175512975,13.067121505737305,1432300,0.0,0.0
2022-08-03 00:00:00-04:00,13.084603514999479,13.276895013828357,12.97971701557542,13.172008514404297,1246600,0.0,0.0
2022-08-04 00:00:00-04:00,13.14578587701812,13.18074804024568,12.936012897652764,12.944753646850586,1420200,0.0,0.0
2022-08-05 00:00:00-04:00,12.962234827190688,13.215710729062161,12.936013412118124,13.049640655517578,1450000,0.0,0.0
2022-08-08 00:00:00-04:00,13.163267321080081,13.329337387334574,13.084602245751846,13.180747985839844,1146700,0.0,0.0
2022-08-09 00:00:00-04:00,13.198228731338522,13.294374465942383,13.075860750745148,13.294374465942383,1459500,0.0,0.0
2022-08-10 00:00:00-04:00,13.56533500338579,13.81881093879,13.477929163495842,13.687702178955078,1715100,0.0,0.0
2022-08-11 00:00:00-04:00,13.836290058772192,13.94117655476822,13.783847227556064,13.914955139160156,804200,0.0,0.0
2022-08-12 00:00:00-04:00,13.976138149321926,14.185911132746963,13.914954570880559,14.14220905303955,939300,0.0,0.0
2022-08-15 00:00:00-04:00,14.072286017864378,14.2121346863271,13.941177266007715,14.203393936157227,1211400,0.0,0.0
2022-08-16 00:00:00-04:00,14.124729761351205,14.334502777554116,14.107248259885695,14.159692764282227,2234700,0.0,0.0
2022-08-17 00:00:00-04:00,13.932436577934816,13.993620995832817,13.76636649178611,13.801328659057617,1586400,0.0,0.0
2022-08-18 00:00:00-04:00,13.810069266477555,14.072285935084585,13.76636634944908,14.019843101501465,1415700,0.0,0.0
2022-08-19 00:00:00-04:00,13.888734432675102,13.914955849621965,13.504149760823323,13.59155559539795,1561800,0.0,0.0
2022-08-22 00:00:00-04:00,13.39052246974819,13.425484636762004,13.285635968706746,13.355560302734375,977900,0.0,0.0
2022-08-23 00:00:00-04:00,13.425482986537608,13.469185898323984,13.206969261169434,13.206969261169434,1067700,0.0,0.0
2022-08-24 00:00:00-04:00,13.215779982814777,13.251022029159483,13.127674446834678,13.206969261169434,754500,0.12,0.0
2022-08-25 00:00:00-04:00,13.22459171970507,13.453665458649862,13.171728226011377,13.444854736328125,837600,0.0,0.0
2022-08-26 00:00:00-04:00,13.488908582279477,13.550581962971323,13.04838251393933,13.074813842773438,1093800,0.0,0.0
2022-08-29 00:00:00-04:00,12.933845215774097,13.03076064517979,12.880981719583959,12.889792442321777,1296900,0.0,0.0
2022-08-30 00:00:00-04:00,12.951463761545542,13.013137970666419,12.669527400661421,12.748822212219238,883700,0.0,0.0
2022-08-31 00:00:00-04:00,12.731203238210492,12.810498065144102,12.59023503043376,12.599045753479004,985700,0.0,0.0
2022-09-01 00:00:00-04:00,12.60785707586524,12.634288406020646,12.325919806672498,12.484509468078613,1153600,0.0,0.0
2022-09-02 00:00:00-04:00,12.66953089909955,12.828120566006557,12.396404343897135,12.502130508422852,1147700,0.0,0.0
2022-09-06 00:00:00-04:00,12.519750109111582,12.563802881224737,12.035171296340366,12.096844673156738,1594400,0.0,0.0
2022-09-07 00:00:00-04:00,12.096846356446907,12.38759435675695,12.02636224735261,12.361162185668945,1812700,0.0,0.0
2022-09-08 00:00:00-04:00,12.237813114143629,12.713581181203388,12.211380948024916,12.651906967163086,1014400,0.0,0.0
2022-09-09 00:00:00-04:00,12.695960754214891,12.810497629194925,12.695960754214891,12.722392082214355,1197600,0.0,0.0
2022-09-12 00:00:00-04:00,12.836928703333935,13.066002448763888,12.757633880666894,12.916223526000977,1439700,0.0,0.0
2022-09-13 00:00:00-04:00,12.590233770524433,12.784065456939029,12.458076299017991,12.554991722106934,1318800,0.0,0.0
2022-09-14 00:00:00-04:00,12.563804734573834,12.590236065646048,12.273057572068899,12.502130508422852,1572500,0.0,0.0
2022-09-15 00:00:00-04:00,12.449266907155682,12.731203324622774,12.431645460945587,12.704771995544434,1845800,0.0,0.0
2022-09-16 00:00:00-04:00,12.554993334193382,12.731203598906626,12.387593792775004,12.713582992553711,5655900,0.0,0.0
2022-09-19 00:00:00-04:00,12.590234706972739,13.16291824641186,12.590234706972739,13.030760765075684,1444500,0.0,0.0
2022-09-20 00:00:00-04:00,12.9602752800216,13.145296238290927,12.828117812787802,13.013138771057129,1643200,0.0,0.0
2022-09-21 00:00:00-04:00,13.12767824580205,13.295078644560247,12.81931046110769,12.828121185302734,1456900,0.0,0.0
2022-09-22 00:00:00-04:00,12.925034349935965,12.942654954979746,12.387592872430918,12.546181678771973,1407300,0.0,0.0
2022-09-23 00:00:00-04:00,12.352352196513639,12.38759425075923,12.04398359168709,12.220193862915039,1076800,0.0,0.0
2022-09-26 00:00:00-04:00,12.123275410854708,12.308296359720828,11.973496507475629,12.043980598449707,1105100,0.0,0.0
2022-09-27 00:00:00-04:00,12.105655454039264,12.202571721203194,11.735613510882015,11.85896110534668,1296600,0.0,0.0
2022-09-28 00:00:00-04:00,11.97349708208136,12.079223223616257,11.77085468062863,11.929444313049316,1404700,0.0,0.0
2022-09-29 00:00:00-04:00,11.770856247611935,12.096845437467348,11.66513009200235,12.052793502807617,1422100,0.0,0.0
2022-09-30 00:00:00-04:00,12.026361333727625,12.273056537053447,11.947067347198034,12.052793502807617,1249500,0.0,0.0
2022-10-03 00:00:00-04:00,12.255433491387198,12.537369869546973,12.035170485890701,12.40521240234375,1314800,0.0,0.0
2022-10-04 00:00:00-04:00,12.616665919106804,12.92503449303628,12.616665919106804,12.889792442321777,1724400,0.0,0.0
2022-10-05 00:00:00-04:00,12.695962646260561,12.942657038238892,12.687151922202112,12.925036430358887,1260400,0.0,0.0
2022-10-06 00:00:00-04:00,12.872171085914564,13.057192063505141,12.81049770679663,12.995518684387207,1020000,0.0,0.0
2022-10-07 00:00:00-04:00,13.004327565724715,13.021948168590365,12.687148311776477,12.792875289916992,1196500,0.0,0.0
2022-10-10 00:00:00-04:00,12.969088198419318,13.295077401012543,12.854551315307617,12.854551315307617,1312600,0.0,0.0
2022-10-11 00:00:00-04:00,12.79287779815414,13.18935110308737,12.79287779815414,13.021950721740723,2390800,0.0,0.0
2022-10-12 00:00:00-04:00,12.951466512371052,13.215782326957566,12.819309025196201,13.083624839782715,2019300,0.0,0.0
2022-10-13 00:00:00-04:00,12.933843785307303,13.621064118352793,12.766443432750107,13.550580024719238,1733400,0.0,0.0
2022-10-14 00:00:00-04:00,13.647498326285435,13.894193546351117,13.295077783672822,13.347940444946289,1275100,0.0,0.0
2022-10-17 00:00:00-04:00,13.603444547579302,13.876571078187498,13.515339838526536,13.823707580566406,1471600,0.0,0.0
2022-10-18 00:00:00-04:00,14.079212283134222,14.299475310143732,13.77084454946297,13.876570701599121,1443300,0.0,0.0
2022-10-19 00:00:00-04:00,13.726791776013714,13.920623475048377,13.647496951852407,13.876570701599121,1658800,0.0,0.0
2022-10-20 00:00:00-04:00,13.770846160045057,13.920625103148,13.365562109337715,13.488909721374512,1441800,0.0,0.0
2022-10-21 00:00:00-04:00,13.612255155073534,13.779655529256162,13.506529000965086,13.6827392578125,1506700,0.0,0.0
2022-10-24 00:00:00-04:00,13.753223250675706,14.105644601791788,13.691549871331022,14.052781105041504,1919900,0.0,0.0
2022-10-25 00:00:00-04:00,13.365560378903618,13.832517755054127,13.259834228090488,13.49771785736084,2294700,0.0,0.0
2022-10-26 00:00:00-04:00,13.559391163142369,13.717979958572725,13.224591287976752,13.259833335876465,2942200,0.0,0.0
2022-10-27 00:00:00-04:00,13.444854736328125,13.62987570390096,13.40080196495617,13.444854736328125,1647400,0.0,0.0
2022-10-28 00:00:00-04:00,13.577012092410508,13.788464384877226,13.453665341923282,13.779654502868652,1736200,0.0,0.0
2022-10-31 00:00:00-04:00,13.726792746582335,13.999919289090029,13.673930086894927,13.911813735961914,1655800,0.0,0.0
2022-11-01 00:00:00-04:00,13.929435043320026,14.035161201873892,13.726792609247505,13.735603332519531,1504600,0.0,0.0
2022-11-02 00:00:00-04:00,13.67393049715902,13.823708597591741,13.277456336423766,13.347940444946289,1443500,0.0,0.0
2022-11-03 00:00:00-04:00,13.206970610050076,13.215781332595293,12.925034210497136,13.048381805419922,1060900,0.0,0.0
2022-11-04 00:00:00-04:00,13.215781395315657,13.44485514115795,13.154108017679945,13.427233695983887,1046000,0.0,0.0
2022-11-07 00:00:00-05:00,13.506528854370117,13.612255007331052,13.347939204810329,13.506528854370117,1048600,0.0,0.0
2022-11-08 00:00:00-05:00,13.621064637154422,13.621064637154422,13.259833433464648,13.365559577941895,1070300,0.0,0.0
2022-11-09 00:00:00-05:00,13.25102285635125,13.480096592010042,13.180538759261886,13.233402252197266,978600,0.0,0.0
2022-11-10 00:00:00-05:00,13.673928243844335,14.017538006209268,13.621064751045347,13.947053909301758,1312800,0.0,0.0
2022-11-11 00:00:00-05:00,13.903000316005519,14.088021269498832,13.61225322340698,13.64749526977539,1780500,0.0,0.0
2022-11-14 00:00:00-05:00,13.585823341603437,13.69154949193755,13.365560318348175,13.427233695983887,1255500,0.0,0.0
2022-11-15 00:00:00-05:00,13.506530513969189,13.735604293650105,13.41842495555749,13.53296184539795,1544300,0.0,0.0
2022-11-16 00:00:00-05:00,13.594634559912539,13.612255165492376,13.295076702924264,13.374371528625488,865000,0.0,0.0
2022-11-17 00:00:00-05:00,13.277454833737234,13.277454833737234,13.021949759200869,13.189350128173828,899200,0.0,0.0
2022-11-18 00:00:00-05:00,13.453666058749318,13.453666058749318,13.083624107097963,13.162918090820312,884900,0.0,0.0
2022-11-21 00:00:00-05:00,13.180539926892619,13.330318856535234,13.101245100583377,13.312697410583496,984200,0.0,0.0
2022-11-22 00:00:00-05:00,13.506530736929339,13.515341460963327,13.321509733400022,13.471288681030273,1097300,0.0,0.0
2022-11-23 00:00:00-05:00,13.453525859437859,13.586729597252916,13.39136462325416,13.515687942504883,805100,0.12,0.0
2022-11-25 00:00:00-05:00,13.604490875359645,13.719933786974368,13.551210052696485,13.684412956237793,291800,0.0,0.0
2022-11-28 00:00:00-05:00,13.506806645070046,13.586728713181989,13.34696250884616,13.471285820007324,870500,0.0,0.0
2022-11-29 00:00:00-05:00,13.471286424396107,13.631130567791395,13.418004760969907,13.55120849609375,935200,0.0,0.0
2022-11-30 00:00:00-05:00,13.497925080539666,13.666649620418212,13.142716860084622,13.657769203186035,1378000,0.0,0.0
2022-12-01 00:00:00-05:00,13.71993235279879,13.71993235279879,13.409125328063965,13.409125328063965,737100,0.0,0.0
2022-12-02 00:00:00-05:00,13.267041806109182,13.382484711164631,13.267041806109182,13.346963882446289,1020400,0.0,0.0
2022-12-05 00:00:00-05:00,13.222642224768842,13.222642224768842,12.361261016365859,12.494463920593262,1674100,0.0,0.0
2022-12-06 00:00:00-05:00,12.494462902698631,12.51222374015317,12.14813504116854,12.290218353271484,1428600,0.0,0.0
2022-12-07 00:00:00-05:00,12.245816624487254,12.379019512619674,12.085972481221706,12.263577461242676,1298100,0.0,0.0
2022-12-08 00:00:00-05:00,12.361260247040052,12.3701406659381,12.085973189384097,12.157014846801758,1405000,0.0,0.0
2022-12-09 00:00:00-05:00,12.12149370840349,12.396780759026196,12.023811643670705,12.334619522094727,1192700,0.0,0.0
2022-12-12 00:00:00-05:00,12.343497546297796,12.62766497996374,12.210294670464204,12.503341674804688,1258900,0.0,0.0
2022-12-13 00:00:00-05:00,12.716467522229236,12.86743124394983,12.272456775258847,12.352378845214844,2053000,0.0,0.0
2022-12-14 00:00:00-05:00,12.405661564622335,12.458942384544438,12.041572856582302,12.059332847595215,1667300,0.0,0.0
2022-12-15 00:00:00-05:00,11.73964731596586,11.766287730303317,11.171313113171262,11.260115623474121,2675500,0.0,0.0
2022-12-16 00:00:00-05:00,11.153550573445438,11.26899262485263,10.958185603501256,11.029227256774902,5793700,0.0,0.0
2022-12-19 00:00:00-05:00,11.118029264824099,11.268992136323629,10.931544721344356,11.251232147216797,1995700,0.0,0.0
2022-12-20 00:00:00-05:00,11.286753260454756,11.446597400913294,11.251232434451001,11.26899242401123,1470900,0.0,0.0
2022-12-21 00:00:00-05:00,11.366676213092385,11.490998690315175,11.268993298836351,11.313394546508789,1377100,0.0,0.0
2022-12-22 00:00:00-05:00,11.21571274341621,11.260113992134889,11.011467338063634,11.224593162536621,1165000,0.0,0.0
2022-12-23 00:00:00-05:00,11.224591415145337,11.455476348149315,11.224591415145337,11.384434700012207,815000,0.0,0.0
2022-12-27 00:00:00-05:00,11.411077499389648,11.482119157152669,11.322275003744192,11.411077499389648,834100,0.0,0.0
2022-12-28 00:00:00-05:00,11.473237314503422,11.482117732342674,11.19795028966942,11.242351531982422,746300,0.0,0.0
2022-12-29 00:00:00-05:00,11.340034305088949,11.402195535488108,11.215710997407387,11.384434700012207,1251300,0.0,0.0
2022-12-30 00:00:00-05:00,11.277873432341506,11.357795506752653,11.215712195303208,11.295634269714355,1084300,0.0,0.0
2023-01-03 00:00:00-05:00,11.384436331789809,11.482119247142059,11.277873844310111,11.419957160949707,1009900,0.0,0.0
2023-01-04 00:00:00-05:00,11.419956404087502,11.579800548154997,11.348914750476018,11.428836822509766,1318400,0.0,0.0
2023-01-05 00:00:00-05:00,11.27787371774751,11.393316622942502,11.15355124052472,11.313394546508789,1008500,0.0,0.0
2023-01-06 00:00:00-05:00,11.4821198841511,11.704125290437807,11.428838214013588,11.650843620300293,834400,0.0,0.0
2023-01-09 00:00:00-05:00,11.704123299767984,11.792924939048987,11.56203999941176,11.695242881774902,999500,0.0,0.0
2023-01-10 00:00:00-05:00,11.730765694853767,11.730765694853767,11.553161539310263,11.597562789916992,1131900,0.0,0.0
2023-01-11 00:00:00-05:00,11.668602062436328,11.721882874745905,11.570919161730032,11.624200820922852,1929100,0.0,0.0
2023-01-12 00:00:00-05:00,11.713003279692066,11.908368247942253,11.686362871666272,11.766284942626953,918000,0.0,0.0
2023-01-13 00:00:00-05:00,11.624202385481276,11.810686947431154,11.51763989963611,11.757405281066895,1578800,0.0,0.0
2023-01-17 00:00:00-05:00,11.7751661188161,11.810686947431154,11.63308280435588,11.757405281066895,1727900,0.0,0.0
2023-01-18 00:00:00-05:00,11.73076483817786,11.792926076357713,11.313394467967841,11.357795715332031,1356800,0.0,0.0
2023-01-19 00:00:00-05:00,11.304515116595555,11.499880115316154,11.215713460365052,11.464359283447266,882100,0.0,0.0
2023-01-20 00:00:00-05:00,11.633082930449028,11.872848314478672,11.526519596565446,11.863967895507812,1023100,0.0,0.0
2023-01-23 00:00:00-05:00,11.855086489097056,12.094851836028099,11.846206071500253,12.01492977142334,1158100,0.0,0.0
2023-01-24 00:00:00-05:00,12.041573240746075,12.068213651557038,11.721884923480951,11.730765342712402,927100,0.0,0.0
2023-01-25 00:00:00-05:00,11.70412540435791,11.76628664772053,11.517640827386625,11.70412540435791,1022300,0.0,0.0
2023-01-26 00:00:00-05:00,11.75740443425726,12.02381105312431,11.739644444670548,12.006051063537598,1974400,0.0,0.0
2023-01-27 00:00:00-05:00,11.997171283280025,12.006051701987266,11.67748298488608,11.943889617919922,1057400,0.0,0.0
2023-01-30 00:00:00-05:00,11.63308138521376,11.846206330904566,11.473237252504028,11.535398483276367,1875000,0.0,0.0
2023-01-31 00:00:00-05:00,11.650842575647697,11.961650455334404,11.597561757170935,11.943889617919922,1942800,0.0,0.0
2023-02-01 00:00:00-05:00,11.855087471837065,12.48558277646067,11.80180580872264,12.361259460449219,1908700,0.0,0.0
2023-02-02 00:00:00-05:00,12.387899644447513,12.787509146484538,12.387899644447513,12.743108749389648,1363600,0.0,0.0
2023-02-03 00:00:00-05:00,12.689827763960828,12.982874804207777,12.618786108560556,12.778630256652832,1212200,0.0,0.0
2023-02-06 00:00:00-05:00,12.663188132143352,12.760870202593386,12.476703563550823,12.52110481262207,796700,0.0,0.0
2023-02-07 00:00:00-05:00,12.379020698316292,12.751989837071045,12.325739876713264,12.725349426269531,1001800,0.0,0.0
2023-02-08 00:00:00-05:00,12.601024612625846,12.78750916002503,12.51222297145875,12.547743797302246,1228200,0.0,0.0
2023-02-09 00:00:00-05:00,12.645426966717123,12.65430738567838,12.343499497101353,12.405661582946777,1089400,0.0,0.0
2023-02-10 00:00:00-05:00,12.414540006182516,12.65430621464825,12.414540006182516,12.645425796508789,856100,0.0,0.0
2023-02-13 00:00:00-05:00,12.583267016550488,12.627668269021038,12.45006410602229,12.574386596679688,1203400,0.0,0.0
2023-02-14 00:00:00-05:00,12.547744476798378,12.716468196971038,12.476702821264276,12.58326530456543,988400,0.0,0.0
2023-02-15 00:00:00-05:00,12.485583687322817,12.84079197772151,12.476703268342009,12.80527114868164,925400,0.0,0.0
2023-02-16 00:00:00-05:00,12.63654605757143,12.849671869957373,12.592145658254218,12.680947303771973,949400,0.0,0.0
2023-02-17 00:00:00-05:00,12.689826954095228,12.929593160931747,12.663186546741153,12.885191917419434,719200,0.0,0.0
2023-02-21 00:00:00-05:00,12.734229362924449,12.867432258767582,12.565504791514233,12.698708534240723,1102800,0.0,0.0
2023-02-22 00:00:00-05:00,12.725348395756004,12.814150887080908,12.645426322940256,12.769749641418457,1308100,0.0,0.0
2023-02-23 00:00:00-05:00,12.78768387074575,12.949098651039934,12.689040602289424,12.850456237792969,898500,0.14,0.0
2023-02-24 00:00:00-05:00,12.733879171199877,12.90426254272461,12.680074526135845,12.90426254272461,906400,0.0,0.0
2023-02-27 00:00:00-05:00,12.940134292805777,13.1105168315265,12.913231111526562,13.02980899810791,848300,0.0,0.0
2023-02-28 00:00:00-05:00,13.056711978479472,13.11948435674602,12.99393874500341,13.011874198913574,1401400,0.0,0.0
2023-03-01 00:00:00-05:00,12.949099992236748,13.0387755446289,12.85045756877294,12.913229942321777,1053000,0.0,0.0
2023-03-02 00:00:00-05:00,12.796652716285903,12.81458731335105,12.527626918633253,12.626269340515137,814400,0.0,0.0
2023-03-03 00:00:00-05:00,12.706977092795533,12.805619514114328,12.59936694539064,12.7249116897583,942200,0.0,0.0
2023-03-06 00:00:00-05:00,12.733881081684084,12.814588916598268,12.572466267065257,12.635238647460938,1211800,0.0,0.0
2023-03-07 00:00:00-05:00,12.554529183861519,12.572464636053278,12.240665612181209,12.285503387451172,1176900,0.0,0.0
2023-03-08 00:00:00-05:00,12.32137384270016,12.32137384270016,11.774355360964957,11.908867835998535,3153000,0.0,0.0
2023-03-09 00:00:00-05:00,11.810226262146083,11.810226262146083,11.487395785682669,11.523265838623047,1831400,0.0,0.0
2023-03-10 00:00:00-05:00,11.317011777304595,11.66674541585929,11.012115916289137,11.514297485351562,2476500,0.0,0.0
2023-03-13 00:00:00-04:00,11.003148324363579,11.648809199890826,10.375421190342406,10.823797225952148,4450400,0.0,0.0
2023-03-14 00:00:00-04:00,11.568103156673892,11.684681046495822,10.617546293832856,10.734124183654785,2569800,0.0,0.0
2023-03-15 00:00:00-04:00,10.312648703581996,10.653414589455922,10.142266188249737,10.411291122436523,3370100,0.0,0.0
2023-03-16 00:00:00-04:00,10.240909579437146,10.958311467538266,10.034656141073686,10.752058029174805,3369600,0.0,0.0
2023-03-17 00:00:00-04:00,10.214007135157376,10.366455066667895,9.909111272136338,9.998785972595215,6466400,0.0,0.0
2023-03-20 00:00:00-04:00,10.214008826197691,10.635481784073756,10.214008826197691,10.249878883361816,1695600,0.0,0.0
2023-03-21 00:00:00-04:00,10.752056365781462,10.904504275488902,10.545803814535724,10.698251724243164,1280400,0.0,0.0
2023-03-22 00:00:00-04:00,10.707218661342484,10.734121837489294,10.124330194844783,10.13329792022705,1369100,0.0,0.0
2023-03-23 00:00:00-04:00,10.222974510432906,10.258844563426337,9.78356614746098,9.792533874511719,1436400,0.0,0.0
2023-03-24 00:00:00-04:00,9.631116867575816,10.079492895174795,9.586279093774037,10.070525169372559,1561900,0.0,0.0
2023-03-27 00:00:00-04:00,10.438195751608436,10.536838184180654,10.115364417354762,10.205039978027344,1359200,0.0,0.0
2023-03-28 00:00:00-04:00,10.205038465571205,10.267810835613004,10.025688226016493,10.097428321838379,1130700,0.0,0.0
2023-03-29 00:00:00-04:00,10.258844282755295,10.276779736366077,9.98981932026955,10.115364074707031,988400,0.0,0.0
2023-03-30 00:00:00-04:00,10.27677723033778,10.30367954898423,9.792531218655236,9.810465812683105,1022300,0.0,0.0
2023-03-31 00:00:00-04:00,9.94497958440053,10.276777714020659,9.882207219534632,10.240907669067383,1985500,0.0,0.0
2023-04-03 00:00:00-04:00,10.276777468162202,10.339549831526353,10.052589478765304,10.124329566955566,1133600,0.0,0.0
2023-04-04 00:00:00-04:00,10.142267032706481,10.169169357323197,9.729761016009103,9.998785972595215,1625000,0.0,0.0
2023-04-05 00:00:00-04:00,9.738728454580649,9.971884228729516,9.738728454580649,9.936014175415039,1008700,0.0,0.0
2023-04-06 00:00:00-04:00,9.927045595353439,10.142266751958056,9.927045595353439,10.079493522644043,804200,0.0,0.0
2023-04-10 00:00:00-04:00,9.971883773803711,10.178137212359646,9.828403567091492,9.971883773803711,3831700,0.0,0.0
2023-04-11 00:00:00-04:00,10.052588787441815,10.14226431911725,9.93601093834745,10.043621063232422,1047800,0.0,0.0
2023-04-12 00:00:00-04:00,10.14226795801529,10.151234830232617,9.891176721319894,9.927046775817871,623800,0.0,0.0
2023-04-13 00:00:00-04:00,10.016720256826407,10.214005943147175,9.927044711623498,10.151232719421387,1085800,0.0,0.0
2023-04-14 00:00:00-04:00,10.339550437594772,10.41129052999019,9.918077608574038,10.03465461730957,1064400,0.0,0.0
2023-04-17 00:00:00-04:00,9.998785963652539,10.294714099800174,9.819435707685711,10.26781177520752,960900,0.0,0.0
2023-04-18 00:00:00-04:00,10.312649405076526,10.312649405076526,9.980851222494852,10.052591323852539,888100,0.0,0.0
2023-04-19 00:00:00-04:00,10.061557444301007,10.312647758973934,9.94497958440053,10.240907669067383,1196800,0.0,0.0
2023-04-20 00:00:00-04:00,10.097428376082759,10.231940842669056,10.007752828218957,10.169168472290039,1234800,0.0,0.0
2023-04-21 00:00:00-04:00,10.142265016607787,10.21400510479805,9.94497934647991,10.124329566955566,1032700,0.0,0.0
2023-04-24 00:00:00-04:00,10.007752828218957,10.276778616600957,10.007752828218957,10.169168472290039,1141700,0.0,0.0
2023-04-25 00:00:00-04:00,9.91807899874507,10.29471410900752,9.91807899874507,9.998785972595215,1513300,0.0,0.0
2023-04-26 00:00:00-04:00,10.061559092929846,10.536837480239441,10.007753589079009,10.393357276916504,1362800,0.0,0.0
2023-04-27 00:00:00-04:00,10.474064526125385,10.563739220640642,10.348518927552718,10.45612907409668,1058700,0.0,0.0
2023-04-28 00:00:00-04:00,10.339549997182482,10.617543484780633,10.339549997182482,10.536835670471191,1415700,0.0,0.0
2023-05-01 00:00:00-04:00,10.536836183092968,10.563738504101815,10.222972635555388,10.402323722839355,1914500,0.0,0.0
2023-05-02 00:00:00-04:00,10.312648963103412,10.375421335298762,9.631117174204576,9.918078422546387,1615300,0.0,0.0
2023-05-03 00:00:00-04:00,10.007751009851619,10.22297125936882,9.613180552403415,9.675952911376953,1593700,0.0,0.0
2023-05-04 00:00:00-04:00,9.451765053831899,9.837368647029916,9.12893467558821,9.64905071258545,2417700,0.0,0.0
2023-05-05 00:00:00-04:00,10.07052469776053,10.205038012866481,9.78356432720281,10.13329792022705,1533000,0.0,0.0
2023-05-08 00:00:00-04:00,10.267811815547843,10.28574726881973,9.819435746264448,9.82840347290039,1158400,0.0,0.0
2023-05-09 00:00:00-04:00,9.81046797158192,9.891175800491183,9.649053168972872,9.75666332244873,1028500,0.0,0.0
2023-05-10 00:00:00-04:00,9.980852026241624,9.998786625420566,9.604216036178958,9.738728523254395,899300,0.0,0.0
2023-05-11 00:00:00-04:00,9.532475193444375,9.747695498240821,9.469702818347779,9.61318302154541,1086300,0.0,0.0
2023-05-12 00:00:00-04:00,9.675954765190996,9.729760265483506,9.469702200356773,9.604214668273926,776000,0.0,0.0
2023-05-15 00:00:00-04:00,9.640085935487251,9.944981813536186,9.640085935487251,9.792533874511719,1067400,0.0,0.0
2023-05-16 00:00:00-04:00,9.756661619450297,9.962914163809176,9.747693894423564,9.774596214294434,1226800,0.0,0.0
2023-05-17 00:00:00-04:00,9.927045280505688,10.411291370891101,9.891175231410822,10.357486724853516,1198200,0.0,0.0
2023-05-18 00:00:00-04:00,10.321616350691855,10.420258768793756,10.231940803174197,10.366454124450684,1090400,0.0,0.0
2023-05-19 00:00:00-04:00,10.438193926105528,10.527868615885659,9.99878478190819,10.178135871887207,1153400,0.0,0.0
2023-05-22 00:00:00-04:00,10.267810025965924,10.518900341543308,10.12432984563599,10.509933471679688,1532800,0.0,0.0
2023-05-23 00:00:00-04:00,10.464554354434414,10.83666760577169,10.43732678777647,10.555314064025879,1554000,0.14,0.0
2023-05-24 00:00:00-04:00,10.555315434957372,10.60977057534593,10.319340851810017,10.473631858825684,984100,0.0,0.0
2023-05-25 00:00:00-04:00,10.49178336069665,10.509934784278851,10.264884939852031,10.446403503417969,777100,0.0,0.0
2023-05-26 00:00:00-04:00,10.428250481187591,10.591617609686724,10.246731930382293,10.582541465759277,1365900,0.0,0.0
2023-05-30 00:00:00-04:00,10.655149103910102,10.709605103039326,10.364719416684219,10.537161827087402,869700,0.0,0.0
2023-05-31 00:00:00-04:00,10.419174772460002,10.509934484427967,10.074289944298757,10.128745079040527,1321000,0.0,0.0
2023-06-01 00:00:00-04:00,10.228580877822504,10.627921704029676,10.146897310620211,10.509934425354004,1263200,0.0,0.0
2023-06-02 00:00:00-04:00,10.718681489331459,11.317693165543353,10.60976948861224,11.23600959777832,1596600,0.0,0.0
2023-06-05 00:00:00-04:00,10.96373163443361,11.09079506180227,10.646073498786354,10.80036449432373,1415700,0.0,0.0
2023-06-06 00:00:00-04:00,10.77313392088392,11.490132696670765,10.77313392088392,11.417525291442871,2023200,0.0,0.0
2023-06-07 00:00:00-04:00,11.63535020127049,11.971159744592711,11.481059213048288,11.825944900512695,1906700,0.0,0.0
2023-06-08 00:00:00-04:00,11.753337286884282,11.816869429295226,11.444755315470001,11.680729866027832,1252300,0.0,0.0
2023-06-09 00:00:00-04:00,11.608124170540028,11.717035318012666,11.481060732380852,11.535516738891602,984700,0.0,0.0
2023-06-12 00:00:00-04:00,11.435681788480288,11.644427939026356,11.254162342989439,11.344922065734863,1341800,0.0,0.0
2023-06-13 00:00:00-04:00,11.453832205763463,11.753338052698457,11.326768778211216,11.717034339904785,1489300,0.0,0.0
2023-06-14 00:00:00-04:00,11.671653913130555,11.871324756529319,11.335844369784164,11.462907791137695,1681000,0.0,0.0
2023-06-15 00:00:00-04:00,11.390299570999549,11.680729238830722,11.344919719013756,11.626274108886719,1345400,0.0,0.0
2023-06-16 00:00:00-04:00,11.72610957615969,11.72610957615969,11.390300042443583,11.517362594604492,4249100,0.0,0.0
2023-06-20 00:00:00-04:00,11.517362759359532,11.535515047384312,11.317692784379346,11.490135192871094,1406800,0.0,0.0
2023-06-21 00:00:00-04:00,11.453832642545693,11.553667640148218,11.272314071655273,11.272314071655273,1067300,0.0,0.0
2023-06-22 00:00:00-04:00,11.236009680797075,11.299540960395394,10.872971695331103,11.027262687683105,1233100,0.0,0.0
2023-06-23 00:00:00-04:00,10.882049367222718,11.072644098320106,10.72775835321298,10.74591064453125,2827200,0.0,0.0
2023-06-26 00:00:00-04:00,10.85481970300199,11.018186831173935,10.773136138916016,10.773136138916016,1153500,0.0,0.0
2023-06-27 00:00:00-04:00,10.845745565781005,11.081720157789858,10.709606844148373,10.945581436157227,1002100,0.0,0.0
2023-06-28 00:00:00-04:00,10.945580561665427,11.000035699748258,10.818517130224125,10.918352127075195,873300,0.0,0.0
2023-06-29 00:00:00-04:00,11.10894541799458,11.254160255006477,11.036337999488632,11.199705123901367,782700,0.0,0.0
2023-06-30 00:00:00-04:00,11.381222294873462,11.381222294873462,11.081716513341155,11.090792655944824,827300,0.0,0.0
2023-07-03 00:00:00-04:00,11.036338166911495,11.426603696462882,11.036338166911495,11.353996276855469,486900,0.0,0.0
2023-07-05 00:00:00-04:00,11.245085147444348,11.426603696462882,11.172477727836934,11.353996276855469,1058300,0.0,0.0
2023-07-06 00:00:00-04:00,11.090795105465764,11.190630099509962,10.936504109320955,11.172478675842285,925300,0.0,0.0
2023-07-07 00:00:00-04:00,11.317693187287874,11.535515458047287,11.108946195315198,11.408452033996582,1087100,0.0,0.0
2023-07-10 00:00:00-04:00,11.353996847677308,11.56274297315615,11.3449207033829,11.426604270935059,1074700,0.0,0.0
2023-07-11 00:00:00-04:00,11.52643871307373,11.626274564464294,11.381223873467876,11.52643871307373,2030800,0.0,0.0
2023-07-12 00:00:00-04:00,11.735186194350902,11.880401040146166,11.66257877145327,11.807793617248535,1067900,0.0,0.0
2023-07-13 00:00:00-04:00,11.880401279299889,12.116375841241766,11.80779385494066,11.934856414794922,1028000,0.0,0.0
2023-07-14 00:00:00-04:00,11.98931028727443,11.98931028727443,11.653500792844925,11.789639472961426,880100,0.0,0.0
2023-07-17 00:00:00-04:00,11.780564833347587,12.116375236175312,11.780564833347587,12.05284309387207,809900,0.0,0.0
2023-07-18 00:00:00-04:00,12.043767188288982,12.406804273051442,12.043767188288982,12.370500564575195,1668200,0.0,0.0
2023-07-19 00:00:00-04:00,12.461260361987351,12.615551351272522,12.316045516906899,12.552020072937012,1265000,0.0,0.0
2023-07-20 00:00:00-04:00,12.51571657388286,12.706311277669858,12.406805438225827,12.688158988952637,1480600,0.0,0.0
2023-07-21 00:00:00-04:00,12.815221782301888,12.815221782301888,12.579247233890053,12.633703231811523,1065300,0.0,0.0
2023-07-24 00:00:00-04:00,12.97858812914408,13.105650674063197,12.851524718676293,12.969511985778809,1411600,0.0,0.0
2023-07-25 00:00:00-04:00,12.905982676038391,13.078425098459935,12.733539388068046,12.769843101501465,1227000,0.0,0.0
2023-07-26 00:00:00-04:00,12.933209581635909,13.16010799534882,12.933209581635909,13.08750057220459,1652700,0.0,0.0
2023-07-27 00:00:00-04:00,12.942284380756062,13.078423068614692,12.434031606023087,12.797069549560547,1303000,0.0,0.0
2023-07-28 00:00:00-04:00,13.314398575314058,13.477765705124868,12.960436749240213,13.350702285766602,1670300,0.0,0.0
2023-07-31 00:00:00-04:00,13.414233892969456,13.495917459886153,13.296246614706313,13.477766036987305,1361700,0.0,0.0
2023-08-01 00:00:00-04:00,13.477766811235925,13.68651294708252,13.305323523272495,13.68651294708252,1359700,0.0,0.0
2023-08-02 00:00:00-04:00,13.495916575053107,13.886182095602,13.45961286608684,13.822649955749512,1753700,0.0,0.0
2023-08-03 00:00:00-04:00,13.777271132092064,13.85895469462205,13.595751719559338,13.795422554016113,1215200,0.0,0.0
2023-08-04 00:00:00-04:00,13.731892602109152,14.02232230526823,13.731892602109152,13.904335021972656,1211700,0.0,0.0
2023-08-07 00:00:00-04:00,13.886182080437422,14.067700625070529,13.81357466258418,14.01324462890625,795800,0.0,0.0
2023-08-08 00:00:00-04:00,13.69558792473784,13.940637753134112,13.514069373046393,13.913410186767578,664500,0.0,0.0
2023-08-09 00:00:00-04:00,13.777271321535835,13.831726453605471,13.641131760264308,13.759119033813477,658900,0.0,0.0
2023-08-10 00:00:00-04:00,13.759121448736195,14.004172182705622,13.722817732468377,13.849881172180176,830100,0.0,0.0
2023-08-11 00:00:00-04:00,13.786346221706287,13.922485779243678,13.77727094364275,13.83172607421875,687100,0.0,0.0
2023-08-14 00:00:00-04:00,13.740967224488449,13.76819478975613,13.595751523447193,13.65020751953125,808200,0.0,0.0
2023-08-15 00:00:00-04:00,13.468689171638532,13.577600299846683,13.23271462774652,13.241790771484375,985000,0.0,0.0
2023-08-16 00:00:00-04:00,13.250866205264266,13.323473620179522,12.987664109809295,12.996739387512207,1078900,0.0,0.0
2023-08-17 00:00:00-04:00,13.060273008123703,13.096576719704744,12.85152601737115,12.90598201751709,1062900,0.0,0.0
2023-08-18 00:00:00-04:00,12.7607666035055,12.95136129721418,12.73353817186946,12.8333740234375,1098300,0.0,0.0
2023-08-21 00:00:00-04:00,12.869678556038883,12.924133691694319,12.588324136656547,12.670007705688477,1021800,0.0,0.0
2023-08-22 00:00:00-04:00,12.660930283710082,12.733537700956909,12.352348327636719,12.352348327636719,1212100,0.0,0.0
2023-08-23 00:00:00-04:00,12.379859462131888,12.526583582496663,12.25147541954034,12.499073028564453,1316900,0.14,0.0
2023-08-24 00:00:00-04:00,12.434881786851056,12.654967973456797,12.434881786851056,12.581605911254883,923900,0.0,0.0
2023-08-25 00:00:00-04:00,12.627459028568396,12.709990703158457,12.306499309609167,12.517415046691895,1229900,0.0,0.0
2023-08-28 00:00:00-04:00,12.59994650536128,12.783351668374474,12.58160642633236,12.719160079956055,596100,0.0,0.0
2023-08-29 00:00:00-04:00,12.71915975620671,12.930076344211882,12.609116661199794,12.875054359436035,725900,0.0,0.0
2023-08-30 00:00:00-04:00,12.810863010726482,12.9025651543307,12.645797927876178,12.691649436950684,817300,0.0,0.0
2023-08-31 00:00:00-04:00,12.66413891308479,12.829203121804271,12.618287403895291,12.709989547729492,1684300,0.0,0.0
2023-09-01 00:00:00-04:00,12.875054743383236,13.223524991902595,12.875054743383236,13.214354515075684,926700,0.0,0.0
2023-09-05 00:00:00-04:00,13.012608454051367,13.030949407784746,12.691649634620545,12.73750114440918,1242000,0.0,0.0
2023-09-06 00:00:00-04:00,12.746669881252178,12.911734955465679,12.590775283282705,12.765010833740234,1230900,0.0,0.0
2023-09-07 00:00:00-04:00,12.737501509011315,12.810863576955144,12.554095464606906,12.599946975708008,982400,0.0,0.0
2023-09-08 00:00:00-04:00,12.572435753053023,12.700819802428168,12.416541148292058,12.673308372497559,806300,0.0,0.0
2023-09-11 00:00:00-04:00,12.691650393985174,12.829204057036355,12.444052751039214,12.45322322845459,954500,0.0,0.0
2023-09-12 00:00:00-04:00,12.462392515736862,12.673308228879302,12.434881960662802,12.636627197265625,891800,0.0,0.0
2023-09-13 00:00:00-04:00,12.590776182924422,12.673308725928324,12.361519507711277,12.508244514465332,905200,0.0,0.0
2023-09-14 00:00:00-04:00,12.682478960226824,12.746670548204255,12.627457848973252,12.691649436950684,869300,0.0,0.0
2023-09-15 00:00:00-04:00,12.544925547517643,12.609117136722984,12.462393004513741,12.508244514465332,3396500,0.0,0.0
2023-09-18 00:00:00-04:00,12.554094862786725,12.572435816165868,12.370689701719256,12.434882164001465,944300,0.0,0.0
2023-09-19 00:00:00-04:00,12.517413484434917,12.590775546833255,12.324837852003082,12.352349281311035,723900,0.0,0.0
2023-09-20 00:00:00-04:00,12.43488247008411,12.554095171803771,12.269817383787942,12.28815746307373,748400,0.0,0.0
2023-09-21 00:00:00-04:00,12.178114608294473,12.306498664052555,12.104752540588379,12.104752540588379,708600,0.0,0.0
2023-09-22 00:00:00-04:00,12.132263042047684,12.214795586477097,12.0497313721631,12.095582008361816,657600,0.0,0.0
2023-09-25 00:00:00-04:00,12.068071541859148,12.379860767789918,11.985538996813373,12.361519813537598,780100,0.0,0.0
2023-09-26 00:00:00-04:00,12.214796230340669,12.47156435422128,12.168945591725084,12.242307662963867,980600,0.0,0.0
2023-09-27 00:00:00-04:00,12.324837595817325,12.44405116337283,12.260646011189264,12.297327041625977,900300,0.0,0.0
2023-09-28 00:00:00-04:00,12.343180345386376,12.654969586765084,12.31566978718969,12.517415046691895,1471800,0.0,0.0
2023-09-29 00:00:00-04:00,12.572435411679248,12.700819457568436,12.315668194445633,12.343178749084473,2606500,0.0,0.0
2023-10-02 00:00:00-04:00,12.379861381163584,12.517415046691895,12.306499309609167,12.517415046691895,2610200,0.0,0.0
2023-10-03 00:00:00-04:00,12.370690599447924,12.480733704074122,11.93968865829819,11.948858261108398,1611600,0.0,0.0
2023-10-04 00:00:00-04:00,11.994709390138333,12.389031158359941,11.903006368607084,12.334009170532227,1278500,0.0,0.0
2023-10-05 00:00:00-04:00,12.260647299903082,12.673309154327084,12.260647299903082,12.618288040161133,1360300,0.0,0.0
2023-10-06 00:00:00-04:00,12.389030732492593,12.865884154246912,12.389030732492593,12.709989547729492,1136000,0.0,0.0
2023-10-09 00:00:00-04:00,12.45322175447667,12.673307939126845,12.425711200031587,12.563264846801758,820700,0.0,0.0
2023-10-10 00:00:00-04:00,12.691649004557753,12.792521621449193,12.581605911254883,12.581605911254883,1703500,0.0,0.0
2023-10-11 00:00:00-04:00,12.590775973654713,12.76501153366585,12.535754862263152,12.709989547729492,1051600,0.0,0.0
2023-10-12 00:00:00-04:00,12.72833224399746,12.73750272199995,12.544927056672265,12.654970169067383,904200,0.0,0.0
2023-10-13 00:00:00-04:00,12.810861956752396,12.875053539448663,12.43488118745473,12.444050788879395,1040200,0.0,0.0
2023-10-16 00:00:00-04:00,12.645797959591071,12.80169256610849,12.425711764935231,12.709989547729492,895400,0.0,0.0
2023-10-17 00:00:00-04:00,12.618289060257109,13.104313022557074,12.618289060257109,12.88422679901123,920300,0.0,0.0
2023-10-18 00:00:00-04:00,12.737500890281693,12.783351524610746,12.572435808153767,12.682478904724121,1398700,0.0,0.0
2023-10-19 00:00:00-04:00,12.599946747120786,12.838373900885124,12.526584680507886,12.535755157470703,1614800,0.0,0.0
2023-10-20 00:00:00-04:00,12.719160122537637,12.719160122537637,11.664579775772612,12.00387954711914,1718000,0.0,0.0
2023-10-23 00:00:00-04:00,12.022219799874572,12.297327986561813,11.967198687264014,12.058900833129883,1105300,0.0,0.0
2023-10-24 00:00:00-04:00,12.08641324448299,12.168945794639049,11.89383758563382,12.049732208251953,1118900,0.0,0.0
2023-10-25 00:00:00-04:00,11.93051789892945,12.113923068971115,11.811304319766158,11.875495910644531,1580300,0.0,0.0
2023-10-26 00:00:00-04:00,11.903006693494373,12.370690541888273,11.903006693494373,12.178114891052246,1496700,0.0,0.0
2023-10-27 00:00:00-04:00,12.104752343335225,12.18728488679588,11.875495666853327,12.058900833129883,1113500,0.0,0.0
2023-10-30 00:00:00-04:00,12.14143301630839,12.315668575009504,12.113922460819452,12.196455001831055,1003100,0.0,0.0
2023-10-31 00:00:00-04:00,12.260647743501126,12.324839337198842,12.141434159101886,12.242307662963867,647500,0.0,0.0
2023-11-01 00:00:00-04:00,12.16894504115724,12.370690290663758,12.086412496111468,12.361519813537598,917400,0.0,0.0
2023-11-02 00:00:00-04:00,12.526583926771963,12.90256471417618,12.526583926771963,12.829202651977539,916000,0.0,0.0
2023-11-03 00:00:00-04:00,13.223526000976562,13.388591098277685,13.140993452326,13.223526000976562,939300,0.0,0.0
2023-11-06 00:00:00-05:00,13.296886623739978,13.315227576795595,13.058459481285617,13.104310989379883,765500,0.0,0.0
2023-11-07 00:00:00-05:00,13.085971468943592,13.140992581367362,12.966757892632337,13.012608528137207,816200,0.0,0.0
2023-11-08 00:00:00-05:00,13.058459751366145,13.076800704801098,12.865884113023121,12.93924617767334,814400,0.0,0.0
2023-11-09 00:00:00-05:00,12.930077017444875,13.01260868708867,12.737501372519702,12.801692962646484,914300,0.0,0.0
2023-11-10 00:00:00-05:00,12.884225704245853,12.957587772527601,12.737501567682358,12.84754467010498,967000,0.0,0.0
2023-11-13 00:00:00-05:00,12.801693189618897,12.957587803729211,12.737501598354005,12.865884780883789,783700,0.0,0.0
2023-11-14 00:00:00-05:00,13.333568389338591,13.837933257051972,13.324397912305935,13.764571189880371,1575500,0.0,0.0
2023-11-15 00:00:00-05:00,13.782909941010352,14.002996995858094,13.737058434811042,13.911293983459473,1342100,0.0,0.0
2023-11-16 00:00:00-05:00,13.856273225300956,13.957146722760474,13.636187025553534,13.746230125427246,927200,0.0,0.0
2023-11-17 00:00:00-05:00,13.837932122898623,14.067188782656268,13.837932122898623,13.957145690917969,1515700,0.0,0.0
2023-11-20 00:00:00-05:00,13.957147433865641,14.048849584493475,13.865444408692944,13.929636001586914,1135500,0.0,0.0
2023-11-21 00:00:00-05:00,13.856273081841165,13.957146578256294,13.691208871011984,13.709548950195312,988600,0.0,0.0
2023-11-22 00:00:00-05:00,13.839145692554903,13.940972748899197,13.783604464377929,13.903944969177246,879600,0.14,0.0
2023-11-24 00:00:00-05:00,13.913201067785325,13.968743178038816,13.82063206111203,13.829888343811035,288700,0.0,0.0
2023-11-27 00:00:00-05:00,13.774348258972168,13.811376041275373,13.681778361808169,13.774348258972168,576100,0.0,0.0
2023-11-28 00:00:00-05:00,13.820633056637103,13.848403672358268,13.626236980965023,13.765090942382812,717900,0.0,0.0
2023-11-29 00:00:00-05:00,13.802117462382181,14.08908340797071,13.802117462382181,13.87617301940918,861300,0.0,0.0
2023-11-30 00:00:00-05:00,13.885431289672852,14.061313030904785,13.802118560684903,13.885431289672852,1228700,0.0,0.0
2023-12-01 00:00:00-05:00,13.829889020121765,14.598217021673136,13.755833458036898,14.468619346618652,1272800,0.0,0.0
2023-12-04 00:00:00-05:00,14.27422318510112,14.727813720703125,14.27422318510112,14.727813720703125,1308100,0.0,0.0
2023-12-05 00:00:00-05:00,14.690786785625274,14.746328901440855,14.514905037364567,14.653759002685547,1219300,0.0,0.0
2023-12-06 00:00:00-05:00,14.783357384689749,14.977753475035135,14.32976591867583,14.36679458618164,1437300,0.0,0.0
2023-12-07 00:00:00-05:00,14.48713443308839,14.727815478472252,14.422336029643517,14.718558311462402,1302700,0.0,0.0
2023-12-08 00:00:00-05:00,14.598216849480417,14.894439094325802,14.588959683626019,14.857410430908203,968300,0.0,0.0
2023-12-11 00:00:00-05:00,14.737069549785438,14.903694989712925,14.727812384720167,14.829639434814453,1229800,0.0,0.0
2023-12-12 00:00:00-05:00,14.848155386036241,14.848155386036241,14.672272761840977,14.68152904510498,1148500,0.0,0.0
2023-12-13 00:00:00-05:00,14.764841721269104,15.403571170418289,14.616730595832305,15.338772773742676,2510000,0.0,0.0
2023-12-14 00:00:00-05:00,15.672025231636278,15.875677607754676,15.292490214637771,15.644253730773926,3312200,0.0,0.0
2023-12-15 00:00:00-05:00,15.588711155985944,15.69053821811273,15.135120607930846,15.283231735229492,5770100,0.0,0.0
2023-12-18 00:00:00-05:00,15.422086355912944,15.44060068902304,15.218433988573842,15.264718055725098,1946600,0.0,0.0
2023-12-19 00:00:00-05:00,15.403572782056829,15.746080898980154,15.292490309168883,15.514657020568848,1626500,0.0,0.0
2023-12-20 00:00:00-05:00,15.505399906090853,15.709052284158124,15.246204525767354,15.255461692810059,1306900,0.0,0.0
2023-12-21 00:00:00-05:00,15.366545724885276,15.51465686432702,15.18140591777107,15.30174732208252,1076900,0.0,0.0
2023-12-22 00:00:00-05:00,15.44060286432289,15.514658441572372,15.292491709823928,15.34803295135498,691000,0.0,0.0
2023-12-26 00:00:00-05:00,15.449858617113534,15.597969758046844,15.329517211590174,15.514657020568848,844300,0.0,0.0
2023-12-27 00:00:00-05:00,15.570196453034518,15.690537844615005,15.449856827077898,15.58871078491211,1137300,0.0,0.0
2023-12-28 00:00:00-05:00,15.514654008170469,15.588709564258147,15.41282695644101,15.505396842956543,588000,0.0,0.0
2023-12-29 00:00:00-05:00,15.459112620418104,15.459112620418104,15.227688789367676,15.227688789367676,851900,0.0,0.0
2024-01-02 00:00:00-05:00,15.14437785881347,15.40357145022418,15.051807962327967,15.153635025024414,1105100,0.0,0.0
2024-01-03 00:00:00-05:00,15.079579598880901,15.125863664735014,14.866668305329748,14.96849536895752,1497500,0.0,0.0
2024-01-04 00:00:00-05:00,15.03329371853465,15.061065217331203,14.700043678283691,14.700043678283691,1151400,0.0,0.0
2024-01-05 00:00:00-05:00,14.60747497803234,14.949982212610188,14.60747497803234,14.783357620239258,1251500,0.0,0.0
2024-01-08 00:00:00-05:00,14.774098647000695,14.987009048461914,14.68152875370244,14.987009048461914,995400,0.0,0.0
2024-01-09 00:00:00-05:00,14.801869241685255,14.848155071083209,14.68152873368636,14.792612075805664,988000,0.0,0.0
2024-01-10 00:00:00-05:00,14.737070309569003,14.894438592544487,14.67227191639506,14.885181427001953,731100,0.0,0.0
2024-01-11 00:00:00-05:00,14.774098708332478,14.82038365517375,14.477876461047433,14.663015365600586,946400,0.0,0.0
2024-01-12 00:00:00-05:00,14.81112731905002,14.848155984847148,14.36679392322827,14.524161338806152,797000,0.0,0.0
2024-01-16 00:00:00-05:00,14.311249964772609,14.4871316906043,14.246451573594385,14.329763412475586,888200,0.0,0.0
2024-01-17 00:00:00-05:00,14.079826988737354,14.366792949532373,14.024284876617958,14.320508003234863,699400,0.0,0.0
2024-01-18 00:00:00-05:00,14.403822370875428,14.468620773386549,14.209426280530042,14.36679458618164,872500,0.0,0.0
2024-01-19 00:00:00-05:00,14.431590162350698,14.570444107055664,14.237194110076635,14.570444107055664,977000,0.0,0.0
2024-01-22 00:00:00-05:00,14.709299695753298,14.894438592544487,14.607472640409222,14.885181427001953,1198600,0.0,0.0
2024-01-23 00:00:00-05:00,15.024037373843043,15.024037373843043,14.672273864637193,14.690787315368652,1213900,0.0,0.0
2024-01-24 00:00:00-05:00,15.042551385971286,15.227691186202067,14.811127518494805,14.996267318725586,1409400,0.0,0.0
2024-01-25 00:00:00-05:00,15.431340306247142,15.653506960392065,15.236943380355575,15.570194244384766,1823200,0.0,0.0
2024-01-26 00:00:00-05:00,15.699791451115129,15.94972960603379,15.653507392333303,15.92195987701416,1645500,0.0,0.0
2024-01-29 00:00:00-05:00,15.94047189081692,16.153383144484213,15.894187833633024,16.08858299255371,993100,0.0,0.0
2024-01-30 00:00:00-05:00,16.042302535756505,16.144129603162533,15.94047546835048,16.134872436523438,1291600,0.0,0.0
2024-01-31 00:00:00-05:00,15.903446155880209,15.977501712139453,15.431341322618632,15.440598487854004,1204600,0.0,0.0
2024-02-01 00:00:00-05:00,15.5516839756803,15.662768214568679,14.774100483145915,15.255461692810059,1593700,0.0,0.0
2024-02-02 00:00:00-05:00,14.912953834957074,15.477626842568329,14.820383939498603,15.41282844543457,1410000,0.0,0.0
2024-02-05 00:00:00-05:00,15.1999184055269,15.357286692773858,15.04255011827994,15.24620246887207,1050100,0.0,0.0
2024-02-06 00:00:00-05:00,15.227689478961654,15.33877193414701,14.987008471894997,15.144376754760742,1122600,0.0,0.0
2024-02-07 00:00:00-05:00,15.172148955049792,15.348031597613028,14.885183839222256,15.255461692810059,1543000,0.0,0.0
2024-02-08 00:00:00-05:00,15.125864088647349,15.403572022802848,15.1166069220923,15.264718055725098,1198400,0.0,0.0
2024-02-09 00:00:00-05:00,15.468370637141682,15.644253272873785,15.246203933617766,15.607226371765137,1291200,0.0,0.0
2024-02-12 00:00:00-05:00,15.607222839953772,15.912702208874196,15.607222839953772,15.699790954589844,1288000,0.0,0.0
2024-02-13 00:00:00-05:00,15.190662083470443,15.329516046842183,14.922211323034933,15.172147750854492,1680700,0.0,0.0
2024-02-14 00:00:00-05:00,15.394312394247278,15.459112549769173,15.199917224552694,15.357285499572754,1000400,0.0,0.0
2024-02-15 00:00:00-05:00,15.431341961280285,15.829391254756805,15.431341961280285,15.681280136108398,1345400,0.0,0.0
2024-02-16 00:00:00-05:00,15.56093806861637,15.672022285559754,15.375800061209036,15.505396842956543,1039600,0.0,0.0
2024-02-20 00:00:00-05:00,15.329517315709063,15.551684028617997,15.320260148634848,15.394315719604492,947000,0.0,0.0
2024-02-21 00:00:00-05:00,15.348030390881013,15.412828789461123,15.227690760035657,15.366544723510742,1002000,0.0,0.0
2024-02-22 00:00:00-05:00,15.366544122626548,15.506749456059936,15.273073306068444,15.441320419311523,1225500,0.16,0.0
2024-02-23 00:00:00-05:00,15.431971192041436,15.63760553600809,15.301113135226958,15.469358444213867,809100,0.0,0.0
2024-02-26 00:00:00-05:00,15.319807871973513,15.628260319637155,15.29176787488162,15.581525802612305,1070100,0.0,0.0
2024-02-27 00:00:00-05:00,15.693691492795253,15.824549569657556,15.572178893302326,15.656302452087402,953800,0.0,0.0
2024-02-28 00:00:00-05:00,15.497402250852994,15.69369114459897,15.469360470944272,15.525444030761719,971800,0.0,0.0
2024-02-29 00:00:00-05:00,15.805855444794977,15.946060785342436,15.665650104247518,15.871284484863281,927700,0.0,0.0
2024-03-01 00:00:00-05:00,15.759118909906078,15.824547941605799,15.478706481869187,15.703035354614258,738700,0.0,0.0
2024-03-04 00:00:00-05:00,15.70303796418366,15.92736865701596,15.628261660842124,15.7965087890625,2135300,0.0,0.0
2024-03-05 00:00:00-05:00,15.759120586733223,16.38537275833481,15.759120586733223,16.36667823791504,1676300,0.0,0.0
2024-03-06 00:00:00-05:00,16.357330205632604,16.54427183539141,16.002143248459888,16.24516487121582,1309400,0.0,0.0
2024-03-07 00:00:00-05:00,16.404067308481366,16.46949813718021,16.151698386159833,16.254514694213867,773100,0.0,0.0
2024-03-08 00:00:00-05:00,16.329287041570794,16.422757848523684,16.08626365661621,16.08626365661621,884000,0.0,0.0
2024-03-11 00:00:00-04:00,16.0114891091588,16.067572669115066,15.759120220585801,15.777812957763672,915700,0.0,0.0
2024-03-12 00:00:00-04:00,15.712383881730572,15.740425661639296,15.478707730913847,15.525444030761719,906500,0.0,0.0
2024-03-13 00:00:00-04:00,15.497401416805795,15.759119333445975,15.394583345481538,15.693690299987793,1312000,0.0,0.0
2024-03-14 00:00:00-04:00,15.609566142120649,15.67499517304092,15.179601137375844,15.282419204711914,1671100,0.0,0.0
2024-03-15 00:00:00-04:00,15.263726931343061,15.553484874950746,15.254379670864408,15.41327953338623,5177400,0.0,0.0
2024-03-18 00:00:00-04:00,15.460014939184653,15.562831232871781,15.319807822943726,15.441320419311523,945200,0.0,0.0
2024-03-19 00:00:00-04:00,15.34784901115402,15.58152515213821,15.34784901115402,15.460014343261719,668500,0.0,0.0
2024-03-20 00:00:00-04:00,15.375890660109645,16.142348110819665,15.347848881617526,15.946059226989746,1027200,0.0,0.0
2024-03-21 00:00:00-04:00,16.104961498260195,16.338637672464113,16.07692149835267,16.217126846313477,1293100,0.0,0.0
2024-03-22 00:00:00-04:00,16.226475229234712,16.310598800389656,15.6749992773558,15.759122848510742,835500,0.0,0.0
2024-03-25 00:00:00-04:00,15.768466649595196,15.927366495482312,15.768466649595196,15.833895683288574,617600,0.0,0.0
2024-03-26 00:00:00-04:00,15.946063034425519,16.011492083722143,15.693694098968233,15.749775886535645,641500,0.0,0.0
2024-03-27 00:00:00-04:00,15.889980419787817,16.26386195545656,15.82455137389676,16.254514694213867,831500,0.0,0.0
2024-03-28 00:00:00-04:00,16.235820218990234,16.432107335681074,16.095613098145236,16.39472007751465,1371100,0.0,0.0
2024-04-01 00:00:00-04:00,16.43210390177988,16.43210390177988,16.039527967629212,16.179733276367188,933000,0.0,0.0
2024-04-02 00:00:00-04:00,16.030185712048084,16.067574756877125,15.824551313911707,15.974103927612305,1020500,0.0,0.0
2024-04-03 00:00:00-04:00,15.8712851763395,16.15169765245899,15.8712851763395,16.020837783813477,733500,0.0,0.0
2024-04-04 00:00:00-04:00,16.28255319682643,16.36667674825104,15.964753509846222,15.983448028564453,774300,0.0,0.0
2024-04-05 00:00:00-04:00,15.90867114636559,16.16104179127771,15.90867114636559,16.11430549621582,617500,0.0,0.0
2024-04-08 00:00:00-04:00,16.226469567817997,16.347980359975647,16.142346026013765,16.179733276367188,607600,0.0,0.0
2024-04-09 00:00:00-04:00,16.217125640172057,16.376025498124925,16.123654820880795,16.36667823791504,500000,0.0,0.0
2024-04-10 00:00:00-04:00,15.946061395745568,16.030184959855756,15.628261660842124,15.7965087890625,1415300,0.0,0.0
2024-04-11 00:00:00-04:00,15.8058531867046,15.880629476500898,15.572177058240241,15.684342384338379,794600,0.0,0.0
2024-04-12 00:00:00-04:00,15.506749149285428,15.64695447994509,15.413278334576484,15.562830924987793,695700,0.0,0.0
2024-04-15 00:00:00-04:00,15.674995962265184,15.833895809418063,15.319807229661112,15.516096115112305,674400,0.0,0.0
2024-04-16 00:00:00-04:00,15.403932901806364,15.41328016266664,15.207645772163726,15.226340293884277,613500,0.0,0.0
2024-04-17 00:00:00-04:00,15.385238380085813,15.460016466968018,15.188951250443175,15.226340293884277,672600,0.0,0.0
2024-04-18 00:00:00-04:00,15.273075799044321,15.44132293974985,15.207646751616135,15.366546630859375,1206100,0.0,0.0
2024-04-19 00:00:00-04:00,15.291768898133803,15.815203011629551,15.245032595174035,15.805855751037598,1127400,0.0,0.0
2024-04-22 00:00:00-04:00,15.833897961980684,16.217126742599618,15.768468918871264,16.104961395263672,971700,0.0,0.0
2024-04-23 00:00:00-04:00,16.17038978872527,16.226473351543934,15.843244586321273,16.039531707763672,1379000,0.0,0.0
2024-04-24 00:00:00-04:00,16.002142894186925,16.581658724555748,15.918019340938631,16.54427146911621,1395300,0.0,0.0
2024-04-25 00:00:00-04:00,16.46015161775552,16.5068861432674,16.1236573290848,16.432109832763672,1113000,0.0,0.0
2024-04-26 00:00:00-04:00,16.37602340014032,16.562963231965792,16.095610978191065,16.11430549621582,879300,0.0,0.0
2024-04-29 00:00:00-04:00,16.23582069532089,16.394720558507146,16.15169713346889,16.319942474365234,920800,0.0,0.0
2024-04-30 00:00:00-04:00,16.179739013381734,16.347986156647295,16.10496270335347,16.1236572265625,775200,0.0,0.0
2024-05-01 00:00:00-04:00,16.329290537608145,16.86207371646423,16.291903276506936,16.52557945251465,1079400,0.0,0.0
2024-05-02 00:00:00-04:00,16.66578421996754,16.824684085419925,16.572313396264786,16.796642303466797,752500,0.0,0.0
2024-05-03 00:00:00-04:00,17.039665178463128,17.123788738782213,16.805989018200687,16.899459838867188,719700,0.0,0.0
2024-05-06 00:00:00-04:00,16.899455425086803,17.095744275500714,16.796637370926792,16.86206817626953,750000,0.0,0.0
2024-05-07 00:00:00-04:00,16.927502169773728,16.946194908268136,16.787295042815753,16.796642303466797,825000,0.0,0.0
2024-05-08 00:00:00-04:00,16.712518788331188,16.927502218306206,16.637742485716128,16.880765914916992,667500,0.0,0.0
2024-05-09 00:00:00-04:00,16.890113175594834,16.94619495685421,16.79664235162409,16.880765914916992,633300,0.0,0.0
2024-05-10 00:00:00-04:00,16.94619310298158,16.94619310298158,16.777947777609093,16.90880584716797,408800,0.0,0.0
2024-05-13 00:00:00-04:00,16.95554162561976,16.992930667025888,16.815336285962,16.8433780670166,555800,0.0,0.0
2024-05-14 00:00:00-04:00,17.05835854699783,17.14248210163502,16.84337692195056,17.133134841918945,535600,0.0,0.0
2024-05-15 00:00:00-04:00,17.292038502927895,17.404203861436415,16.992933257315702,17.049015045166016,1241200,0.0,0.0
2024-05-16 00:00:00-04:00,16.992930600554566,17.05835963995174,16.843378001130283,16.871417999267578,698000,0.0,0.0
2024-05-17 00:00:00-04:00,16.918153106823244,17.020969397416295,16.87141680854687,16.90880584716797,724600,0.0,0.0
2024-05-20 00:00:00-04:00,16.890111150639832,16.992929222961564,16.693824048361037,16.71251678466797,667500,0.0,0.0
2024-05-21 00:00:00-04:00,16.684478199299573,16.992930659533688,16.684478199299573,16.899459838867188,681500,0.0,0.0
2024-05-22 00:00:00-04:00,16.899457809047927,16.96488684081341,16.684476195302075,16.731210708618164,974200,0.0,0.0
2024-05-23 00:00:00-04:00,16.749907703610464,16.749907703610464,16.413413452998878,16.516231536865234,748700,0.0,0.0
2024-05-24 00:00:00-04:00,16.60970120114564,16.81533557172208,16.56296490137312,16.805988311767578,765300,0.0,0.0
2024-05-28 00:00:00-04:00,16.824685972488798,16.862075019286554,16.591009778426454,16.65643882751465,759600,0.0,0.0
2024-05-29 00:00:00-04:00,16.376024182896746,16.450800475762634,16.198429818787464,16.404064178466797,798800,0.0,0.0
2024-05-30 00:00:00-04:00,16.507831521442537,16.69649317280051,16.46066700820847,16.583295822143555,723100,0.16,0.0
2024-05-31 00:00:00-04:00,16.592728501338506,16.75309035959223,16.49839767897559,16.724790573120117,1177000,0.0,0.0
2024-06-03 00:00:00-04:00,16.866285643325764,16.866285643325764,16.366335351278224,16.45123291015625,856400,0.0,0.0
2024-06-04 00:00:00-04:00,16.30030380538153,16.536129950602387,16.272004020239173,16.40406608581543,897300,0.0,0.0
2024-06-05 00:00:00-04:00,16.536130122620246,16.536130122620246,16.21540641784668,16.21540641784668,1619900,0.0,0.0
2024-06-06 00:00:00-04:00,16.234272434312608,16.460667137403416,16.205974445834407,16.319169998168945,819000,0.0,0.0
2024-06-07 00:00:00-04:00,16.234268675757594,16.432363545296447,16.205970693830935,16.35689926147461,594700,0.0,0.0
2024-06-10 00:00:00-04:00,16.055045093513023,16.16824064056158,15.828652200205122,16.149375915527344,1257400,0.0,0.0
2024-06-11 00:00:00-04:00,16.026743380489933,16.262569507570497,16.026743380489933,16.11164093017578,1241400,0.0,0.0
2024-06-12 00:00:00-04:00,16.54556080014445,16.781386910984292,16.347465931449552,16.507827758789062,1125300,0.0,0.0
2024-06-13 00:00:00-04:00,16.470095730594252,16.470095730594252,16.139940594477277,16.33803367614746,898200,0.0,0.0
2024-06-14 00:00:00-04:00,16.102209604914794,16.205973689051625,15.998445520777961,16.149375915527344,749800,0.0,0.0
2024-06-17 00:00:00-04:00,16.09277476773756,16.356900683684596,15.989012492967076,16.34746742248535,779900,0.0,0.0
2024-06-18 00:00:00-04:00,16.300302866170007,16.554993720933297,16.281436343828844,16.536128997802734,849000,0.0,0.0
2024-06-20 00:00:00-04:00,16.441798103533685,16.696490756240852,16.441798103533685,16.687057495117188,1123800,0.0,0.0
2024-06-21 00:00:00-04:00,16.67762379251996,16.67762379251996,16.470095651714,16.488962173461914,3964200,0.0,0.0
2024-06-24 00:00:00-04:00,16.602162120360898,17.03608139366235,16.545564345410888,16.998350143432617,1167200,0.0,0.0
2024-06-25 00:00:00-04:00,16.970047974235115,17.04551226331234,16.85685244022456,16.875717163085938,1036500,0.0,0.0
2024-06-26 00:00:00-04:00,16.80025291442871,16.885150464746168,16.69649064120449,16.80025291442871,692500,0.0,0.0
2024-06-27 00:00:00-04:00,16.79081964658627,16.970048008207446,16.734221879467693,16.913450241088867,589000,0.0,0.0
2024-06-28 00:00:00-04:00,17.06438057894164,17.33793798089496,17.0172160680151,17.253042221069336,1568400,0.0,0.0
2024-07-01 00:00:00-04:00,17.253040682371196,17.375669479370117,17.139843347347835,17.375669479370117,686400,0.0,0.0
2024-07-02 00:00:00-04:00,17.20587385194346,17.564330569248213,17.20587385194346,17.55489730834961,763000,0.0,0.0
2024-07-03 00:00:00-04:00,17.573763640365907,17.573763640365907,17.243608474731445,17.243608474731445,345300,0.0,0.0
2024-07-05 00:00:00-04:00,17.224740624574718,17.243607146646667,16.819119396080662,16.875717163085938,623600,0.0,0.0
2024-07-08 00:00:00-04:00,16.9983483324207,17.083245885406104,16.72478915075426,16.734222412109375,607200,0.0,0.0
2024-07-09 00:00:00-04:00,16.951181854609484,17.158710003906815,16.809686534131696,17.03607940673828,826100,0.0,0.0
2024-07-10 00:00:00-04:00,17.036082065344974,17.36623906412367,16.988917550895547,17.3568058013916,692800,0.0,0.0
2024-07-11 00:00:00-04:00,17.677528763993003,17.94165471130183,17.451135865961504,17.837890625,1167100,0.0,0.0
2024-07-12 00:00:00-04:00,17.969950734827293,18.054848287210657,17.847321936501675,17.913352966308594,736600,0.0,0.0
2024-07-15 00:00:00-04:00,18.149177480388957,18.752891755245994,18.111446237815624,18.41330337524414,1745800,0.0,0.0
2024-07-16 00:00:00-04:00,18.52650213115983,19.53583778505753,18.52650213115983,19.43207550048828,1428600,0.0,0.0
2024-07-17 00:00:00-04:00,19.215114262921375,19.979190436203158,19.215114262921375,19.705631256103516,2161300,0.0,0.0
2024-07-18 00:00:00-04:00,19.526403464934127,19.988622444447824,19.290577344822413,19.450939178466797,1068200,0.0,0.0
2024-07-19 00:00:00-04:00,19.450942429831578,19.875428437462244,19.422642642971876,19.47924041748047,982400,0.0,0.0
2024-07-22 00:00:00-04:00,19.47923924986019,19.89429376953599,19.31887739902254,19.87542724609375,1039900,0.0,0.0
2024-07-23 00:00:00-04:00,20.394245993062505,20.743267683215958,19.932025161436503,20.526308059692383,1576900,0.0,0.0
2024-07-24 00:00:00-04:00,20.54517287522034,20.771565741711818,20.111251865037087,20.148984909057617,1386300,0.0,0.0
2024-07-25 00:00:00-04:00,20.215015295441805,20.80929632622352,20.139551009005864,20.55460548400879,1340800,0.0,0.0
2024-07-26 00:00:00-04:00,20.620638346650114,20.86589774921755,20.41311019105654,20.59233856201172,1296100,0.0,0.0
2024-07-29 00:00:00-04:00,20.630071329014932,20.667802575478184,20.2999143762109,20.31878089904785,958400,0.0,0.0
2024-07-30 00:00:00-04:00,20.35651202666281,20.50744061005594,20.23388322735988,20.431976318359375,945200,0.0,0.0
2024-07-31 00:00:00-04:00,20.450842514312342,20.677235385784616,20.215016381627393,20.233882904052734,1128000,0.0,0.0
2024-08-01 00:00:00-04:00,20.064087978839492,20.177283515975642,19.432073865662353,19.818828582763672,1983300,0.0,0.0
2024-08-02 00:00:00-04:00,19.111350034126335,19.51697127075793,18.88495716235278,19.20568084716797,1628700,0.0,0.0
2024-08-05 00:00:00-04:00,18.43217030747055,18.734027451635345,17.951084809253967,18.573665618896484,1330500,0.0,0.0
2024-08-06 00:00:00-04:00,18.52650258725623,18.856659571693672,18.33784273844256,18.639699935913086,929100,0.0,0.0
2024-08-07 00:00:00-04:00,18.856657234992916,18.950988047315764,18.385004972589257,18.47933578491211,697200,0.0,0.0
2024-08-08 00:00:00-04:00,18.715164257501417,18.734030782168432,18.40387379733899,18.52650260925293,986200,0.0,0.0
2024-08-09 00:00:00-04:00,18.56423276990533,18.724594606200245,18.413304194476062,18.620830535888672,700100,0.0,0.0
2024-08-12 00:00:00-04:00,18.734029880922147,18.95098950652296,18.375573126336622,18.46990394592285,983900,0.0,0.0
2024-08-13 00:00:00-04:00,18.64913451085246,18.818929646183342,18.32841076616322,18.78119659423828,890100,0.0,0.0
2024-08-14 00:00:00-04:00,18.979286225615848,18.979286225615848,18.56423176602461,18.677427291870117,619000,0.0,0.0
2024-08-15 00:00:00-04:00,19.139649421087675,19.30000946096082,18.91325475479607,18.93212127685547,839700,0.0,0.0
2024-08-16 00:00:00-04:00,18.903822651776043,19.573567969272265,18.88495613035658,19.450939178466797,1230200,0.0,0.0
2024-08-19 00:00:00-04:00,19.441507734500224,19.61130284472112,19.366043440981013,19.601869583129883,516600,0.0,0.0
2024-08-20 00:00:00-04:00,19.52640778069483,19.52640778069483,19.19625077972445,19.309446334838867,597200,0.0,0.0
2024-08-21 00:00:00-04:00,19.384907295445654,19.384907295445654,19.111349918412895,19.318876266479492,552700,0.0,0.0
2024-08-22 00:00:00-04:00,19.337745160461598,19.564138058629997,19.318878635811526,19.441509246826172,584400,0.0,0.0
2024-08-23 00:00:00-04:00,19.592435900141986,20.488574141507026,19.526404869634217,20.243314743041992,882600,0.0,0.0
2024-08-26 00:00:00-04:00,20.356512289775814,20.516874136605065,19.96032430344536,19.979190826416016,914700,0.0,0.0
2024-08-27 00:00:00-04:00,19.913158343422563,20.05465365696517,19.771661230669427,19.950889587402344,1029800,0.0,0.0
2024-08-28 00:00:00-04:00,19.913158263902012,20.26217991596597,19.913158263902012,20.215015411376953,1000600,0.0,0.0
2024-08-29 00:00:00-04:00,20.348072112437723,20.357576333823932,20.02493583628616,20.13898468017578,801300,0.16,0.0
2024-08-30 00:00:00-04:00,20.243525240046893,20.376582511920798,20.110469780917665,20.319557189941406,1037600,0.0,0.0
2024-09-03 00:00:00-04:00,20.1199782387669,20.47162721405612,19.996426973946125,20.14849090576172,1129300,0.0,0.0
2024-09-04 00:00:00-04:00,20.110473440456687,20.243528923798262,19.87287332720673,20.09146499633789,799500,0.0,0.0
2024-09-05 00:00:00-04:00,20.19600960497359,20.262537346574305,19.616264749175947,19.872873306274414,814900,0.0,0.0
2024-09-06 00:00:00-04:00,19.92039372994995,20.005929920485116,19.245610241000424,19.350154876708984,865100,0.0,0.0
2024-09-09 00:00:00-04:00,19.340649518605556,19.44519233543115,19.11255362815198,19.43568992614746,1213100,0.0,0.0
2024-09-10 00:00:00-04:00,19.35965752553842,19.41668104367802,18.656359613255177,18.96048927307129,1239900,0.0,0.0
2024-09-11 00:00:00-04:00,18.732389742132728,18.893957871673596,18.33322334146741,18.760902404785156,1262700,0.0,0.0
2024-09-12 00:00:00-04:00,18.92247200012207,19.0365208468216,18.684871897847565,18.92247200012207,805400,0.0,0.0
2024-09-13 00:00:00-04:00,19.188585667623332,19.283626075541598,19.017513295919453,19.23610496520996,873700,0.0,0.0
2024-09-16 00:00:00-04:00,19.264619255050796,19.34065122524446,19.02701912160245,19.20759391784668,1504800,0.0,0.0
2024-09-17 00:00:00-04:00,19.454693624744294,19.96791066045822,19.340646603082128,19.54022979736328,926200,0.0,0.0
2024-09-18 00:00:00-04:00,19.540230674904528,20.186503202496308,19.312134808591804,19.635271072387695,1204300,0.0,0.0
2024-09-19 00:00:00-04:00,20.072459215637828,20.091465847817123,19.730314457979343,19.967914581298828,967700,0.0,0.0
2024-09-20 00:00:00-04:00,19.825351867354033,19.863366938700416,19.55923911695012,19.635271072387695,3666900,0.0,0.0
2024-09-23 00:00:00-04:00,19.73981569089366,19.74931991191646,19.464198719466953,19.635271072387695,939000,0.0,0.0
2024-09-24 00:00:00-04:00,19.57825040584722,19.654282372340518,19.37866536083665,19.530729293823242,787300,0.0,0.0
2024-09-25 00:00:00-04:00,19.502219297638014,19.67329168296302,19.445193960699577,19.625770568847656,1175700,0.0,0.0
2024-09-26 00:00:00-04:00,19.87287426469593,20.053450866853073,19.692297662538785,19.977418899536133,1319200,0.0,0.0
2024-09-27 00:00:00-04:00,20.100968903183954,20.24352860634938,19.834857940673828,19.834857940673828,1050100,0.0,0.0
2024-09-30 00:00:00-04:00,19.777831328071144,20.281544180221477,19.64477585543496,20.119976043701172,890200,0.0,0.0
2024-10-01 00:00:00-04:00,19.901384802346353,19.939399875563858,19.08403988160376,19.10304832458496,863500,0.0,0.0
2024-10-02 00:00:00-04:00,19.122057517401643,19.255112997997763,18.903464040035917,18.979496002197266,590200,0.0,0.0
2024-10-03 00:00:00-04:00,18.874953665209983,19.103049557470694,18.770409034811113,19.02701759338379,488100,0.0,0.0
2024-10-04 00:00:00-04:00,19.388165893317243,19.568742459151185,19.378661672721275,19.54022979736328,525600,0.0,0.0
2024-10-07 00:00:00-04:00,19.44519309184728,19.44519309184728,19.16007367087544,19.312137603759766,600200,0.0,0.0
2024-10-08 00:00:00-04:00,19.312137396395332,19.359658507877093,19.055528832628976,19.07453727722168,551000,0.0,0.0
2024-10-09 00:00:00-04:00,19.017513485887985,19.464201050997357,19.017513485887985,19.25511360168457,781400,0.0,0.0
2024-10-10 00:00:00-04:00,19.103048549297814,19.340648651123047,18.998503924416337,19.340648651123047,942700,0.0,0.0
2024-10-11 00:00:00-04:00,19.492715545613432,20.034443570396622,19.492715545613432,19.891883850097656,674000,0.0,0.0
2024-10-14 00:00:00-04:00,19.97741805270186,20.177001278669174,19.815849902409028,20.100969314575195,560300,0.0,0.0
2024-10-15 00:00:00-04:00,20.17699751048228,20.804261550298175,20.015429390363355,20.319557189941406,685600,0.0,0.0
2024-10-16 00:00:00-04:00,20.5286507353007,20.623691145871714,20.1199782387669,20.14849090576172,1069400,0.0,0.0
2024-10-17 00:00:00-04:00,20.167495855052167,20.433608619899488,20.10096811702656,20.386089324951172,575200,0.0,0.0
2024-10-18 00:00:00-04:00,20.414602840094577,20.414602840094577,19.796842861449484,19.825355529785156,603900,0.0,0.0
2024-10-21 00:00:00-04:00,19.86336811737859,19.86336811737859,19.1125527394728,19.12205696105957,882000,0.0,0.0
2024-10-22 00:00:00-04:00,19.188585115545326,19.397672556753818,19.112553153947243,19.388168334960938,824000,0.0,0.0
2024-10-23 00:00:00-04:00,19.302632317527134,19.454696242030696,18.057608255874882,18.342727661132812,1713600,0.0,0.0
2024-10-24 00:00:00-04:00,18.41875790343651,18.49478985858841,18.010087277460563,18.36173439025879,1354800,0.0,0.0
2024-10-25 00:00:00-04:00,18.475785202246822,18.49479183350577,17.867527683335677,17.943559646606445,1399800,0.0,0.0
2024-10-28 00:00:00-04:00,18.152649250143178,18.722889891883625,18.06711306324486,18.618345260620117,1399300,0.0,0.0
2024-10-29 00:00:00-04:00,18.4947939883802,18.599338629837636,18.333227633757186,18.39025115966797,842400,0.0,0.0
2024-10-30 00:00:00-04:00,18.33322611609924,18.760905244143846,18.304713449131576,18.437768936157227,640000,0.0,0.0
2024-10-31 00:00:00-04:00,18.456774490850094,18.580325736207598,18.314214803823816,18.323719024658203,1162600,0.0,0.0
2024-11-01 00:00:00-04:00,18.437768067133778,18.580327769762743,18.304712586379406,18.342727661132812,785600,0.0,0.0
2024-11-04 00:00:00-05:00,18.20967082636899,18.36173473956559,17.93405566347946,18.190662384033203,718300,0.0,0.0
2024-11-05 00:00:00-05:00,18.209673700314777,18.523305797374928,18.209673700314777,18.51380157470703,618700,0.0,0.0
2024-11-06 00:00:00-05:00,20.034439212547234,21.288967378688106,19.948903036424465,21.098888397216797,2411600,0.0,0.0
2024-11-07 00:00:00-05:00,20.91831226049396,20.946824924044794,19.825352202806247,19.882375717163086,1500900,0.0,0.0
2024-11-08 00:00:00-05:00,20.110474774839158,20.424106872629608,19.91089153658393,20.024938583374023,1032500,0.0,0.0
2024-11-11 00:00:00-05:00,20.25303394329973,20.785259523111865,20.25303394329973,20.60468292236328,1252300,0.0,0.0
2024-11-12 00:00:00-05:00,20.614184945982128,20.956327853372265,20.576168060302734,20.576168060302734,1087500,0.0,0.0
2024-11-13 00:00:00-05:00,20.73773712183991,21.05136919167292,20.234026053385506,20.253032684326172,955100,0.0,0.0
2024-11-14 00:00:00-05:00,20.310060600687127,20.32906723404718,19.73031568369344,19.891883850097656,936200,0.0,0.0
2024-11-15 00:00:00-05:00,20.015431383463724,20.110471783481984,19.625767374859226,19.901384353637695,828400,0.0,0.0
2024-11-18 00:00:00-05:00,20.02493625760464,20.053448922363163,19.673289122640785,19.768327713012695,854900,0.0,0.0
2024-11-19 00:00:00-05:00,19.435688795050662,19.74932085276504,19.36915924472164,19.521224975585938,970500,0.0,0.0
2024-11-20 00:00:00-05:00,19.549735185879328,19.682790656682297,19.331143537347362,19.66378402709961,968600,0.0,0.0
2024-11-21 00:00:00-05:00,19.768329629855725,20.15799368894819,19.68279344003103,19.977418899536133,1020800,0.0,0.0
2024-11-22 00:00:00-05:00,20.053449368372583,20.291049475076655,19.93940051954685,20.243528366088867,1510300,0.0,0.0
2024-11-25 00:00:00-05:00,20.471628665873503,20.937324716678358,20.471628665873503,20.52865219116211,1407800,0.0,0.0
2024-11-26 00:00:00-05:00,20.63319209874591,20.68071320704893,20.157991892185258,20.20551300048828,831300,0.0,0.0
2024-11-27 00:00:00-05:00,20.19600943103006,20.414601098048294,19.996426207946886,20.06295394897461,812400,0.0,0.0
2024-11-29 00:00:00-05:00,20.21617780689248,20.21617780689248,19.555392724938507,19.804384231567383,669100,0.16,0.0
2024-12-02 00:00:00-05:00,19.948032666436294,20.10125792781372,19.641582143681447,19.823537826538086,1399300,0.0,0.0
2024-12-03 00:00:00-05:00,19.84268994326869,19.986340226457354,19.56496983738834,19.660736083984375,822300,0.0,0.0
2024-12-04 00:00:00-05:00,19.651159176386695,19.7948076322531,19.526662508470384,19.679887771606445,948600,0.0,0.0
2024-12-05 00:00:00-05:00,19.871420526987816,20.091681617339276,19.57454680405371,19.584123611450195,863500,0.0,0.0
2024-12-06 00:00:00-05:00,19.727773687775557,19.76607909391501,19.478782154806236,19.708620071411133,509700,0.0,0.0
2024-12-09 00:00:00-05:00,19.813963291829232,19.842691890014116,19.59370035507182,19.641584396362305,833600,0.0,0.0
2024-12-10 00:00:00-05:00,19.670313426561002,19.794808271911077,19.335132467648727,19.383014678955078,1026200,0.0,0.0
2024-12-11 00:00:00-05:00,19.60327595818138,19.679888592946842,19.27767180378085,19.287248611450195,782100,0.0,0.0
2024-12-12 00:00:00-05:00,19.306402698733116,19.306402698733116,19.06698798091491,19.07656478881836,630500,0.0,0.0
2024-12-13 00:00:00-05:00,19.057409453243334,19.191482925203296,18.80841794999103,18.971220016479492,600200,0.0,0.0
2024-12-16 00:00:00-05:00,19.03825536235688,19.248941458764886,18.92333733394263,19.210634231567383,1010000,0.0,0.0
2024-12-17 00:00:00-05:00,19.057412169757225,19.229791067856432,18.607313134289956,18.626466751098633,1081200,0.0,0.0
2024-12-18 00:00:00-05:00,18.703077250056694,18.837148899186026,17.601768155331282,17.774147033691406,1345000,0.0,0.0
2024-12-19 00:00:00-05:00,18.01356027834117,18.1955159492789,17.467695092117054,17.534730911254883,1493800,0.0,0.0
2024-12-20 00:00:00-05:00,17.3527806855911,17.965681818765184,17.333627068532046,17.601770401000977,4763200,0.0,0.0
2024-12-23 00:00:00-05:00,17.486849974270953,17.86991313042256,17.486849974270953,17.841182708740234,822300,0.0,0.0
2024-12-24 00:00:00-05:00,17.879491506937317,18.01356316671058,17.80287886898269,18.003986358642578,253700,0.0,0.0
2024-12-26 00:00:00-05:00,17.76457173738696,18.05187050128705,17.726266331487242,17.984834671020508,507300,0.0,0.0
2024-12-27 00:00:00-05:00,17.82203086267222,18.042291948416423,17.707111002907432,17.898643493652344,576200,0.0,0.0
2024-12-30 00:00:00-05:00,17.745418448169293,17.88906690468575,17.592193184339845,17.764570236206055,532900,0.0,0.0
2024-12-31 00:00:00-05:00,17.860336443309322,17.96567949693042,17.76457019698007,17.80287742614746,675700,0.0,0.0
2025-01-02 00:00:00-05:00,17.975256782497027,18.128482050065063,17.56346319093695,17.582616806030273,596800,0.0,0.0
2025-01-03 00:00:00-05:00,17.582616318853123,17.86033642365418,17.36235340456148,17.822031021118164,761000,0.0,0.0
2025-01-06 00:00:00-05:00,17.83161007450915,18.109330214292456,17.63050074944794,17.668807983398438,792600,0.0,0.0
2025-01-07 00:00:00-05:00,17.687959829004882,17.831610130178262,17.419816496872073,17.62092399597168,1251300,0.0,0.0
2025-01-08 00:00:00-05:00,17.534732136073327,17.965679327188703,17.41981410283536,17.889066696166992,1035800,0.0,0.0
2025-01-10 00:00:00-05:00,17.48685092189535,17.63049938491296,17.199552169270824,17.391084671020508,1040800,0.0,0.0
2025-01-13 00:00:00-05:00,17.27616796835309,17.707113390759485,17.18997851855392,17.668807983398438,777700,0.0,0.0
2025-01-14 00:00:00-05:00,17.79330136831292,18.358320236206055,17.76457094522725,18.358320236206055,1104100,0.0,0.0
2025-01-15 00:00:00-05:00,18.894608155342443,18.990374403041052,18.434932358296216,18.61688804626465,1002000,0.0,0.0
2025-01-16 00:00:00-05:00,18.492391405956297,18.703077516549197,18.454086002768932,18.588157653808594,853600,0.0,0.0
2025-01-17 00:00:00-05:00,18.75095922826697,18.837148666381836,18.511544528301055,18.837148666381836,1596400,0.0,0.0
2025-01-21 00:00:00-05:00,18.84672737121582,19.162754733927514,18.798843330447752,18.84672737121582,1149800,0.0,0.0
2025-01-22 00:00:00-05:00,18.82757393231385,18.913763379919114,18.741384484708586,18.76053810119629,1439500,0.0,0.0
2025-01-23 00:00:00-05:00,19.16275448036224,20.110836555952115,19.153177672335346,19.85226821899414,1811600,0.0,0.0
2025-01-24 00:00:00-05:00,20.216178122334302,20.216178122334302,19.53623941543276,19.660736083984375,1357400,0.0,0.0
2025-01-27 00:00:00-05:00,19.909728586353744,20.17787189827383,19.69904246802874,20.072528839111328,1219800,0.0,0.0
2025-01-28 00:00:00-05:00,19.88099857991685,20.235331342839363,19.83311453993451,19.90972900390625,720200,0.0,0.0
2025-01-29 00:00:00-05:00,19.83311408331723,20.18744866467127,19.83311408331723,20.110836029052734,1190900,0.0,0.0
2025-01-30 00:00:00-05:00,20.283215070460543,20.331097283116137,19.80438563754727,20.043800354003906,611100,0.0,0.0
2025-01-31 00:00:00-05:00,20.11083459456301,20.1970240318097,19.699041022515306,19.880996704101562,963300,0.0,0.0
2025-02-03 00:00:00-05:00,19.47877912956322,19.670311610281818,19.210634021875013,19.344707489013672,651800,0.0,0.0
2025-02-04 00:00:00-05:00,19.33513339222127,19.871421856171725,19.210636714328704,19.833114624023438,650100,0.0,0.0
2025-02-05 00:00:00-05:00,19.871421771920378,19.91930398531336,19.622430243780293,19.90972900390625,857300,0.0,0.0
2025-02-06 00:00:00-05:00,19.909726503575182,20.20660020782584,19.80438345543273,20.18744659423828,617800,0.0,0.0
2025-02-07 00:00:00-05:00,20.1395667815231,20.1395667815231,19.67031415236689,19.957611083984375,577200,0.0,0.0
2025-02-10 00:00:00-05:00,19.976765199081136,19.986342007252965,19.670314643940273,19.727773666381836,659800,0.0,0.0
2025-02-11 00:00:00-05:00,19.660737043257328,20.110836049653614,19.59369938875679,20.09168243408203,640700,0.0,0.0
2025-02-12 00:00:00-05:00,19.823540484299485,19.861845891484887,19.440475452908828,19.45005226135254,1234800,0.0,0.0
2025-02-13 00:00:00-05:00,19.51708595967479,19.622429014446897,19.373437501905983,19.584123611450195,663500,0.0,0.0
2025-02-14 00:00:00-05:00,19.64158458577249,19.852268889714093,19.478782496993702,19.545818328857422,713200,0.0,0.0
2025-02-18 00:00:00-05:00,19.564971601856747,19.813963134826064,19.469205346624026,19.708620071411133,836100,0.0,0.0
2025-02-19 00:00:00-05:00,19.325557350455796,19.718197362597355,19.325557350455796,19.497936248779297,1157700,0.0,0.0
2025-02-20 00:00:00-05:00,19.507509715408418,19.61285093676856,19.01910352935608,19.25851821899414,1201600,0.0,0.0
2025-02-21 00:00:00-05:00,19.4614457625407,19.471109065316014,18.66907336583031,18.74637794494629,1394000,0.18,0.0
2025-02-24 00:00:00-05:00,18.92997357291668,19.016941439010452,18.48547094142782,18.524124145507812,923000,0.0,0.0
2025-02-25 00:00:00-05:00,18.688397142721865,18.794691614075152,18.45648344047619,18.5434513092041,777900,0.0,0.0
2025-02-26 00:00:00-05:00,18.524125089919558,18.73671219393917,18.340526047351624,18.591766357421875,728400,0.0,0.0
2025-02-27 00:00:00-05:00,18.514461788406898,18.75603879696449,18.456483822417244,18.591766357421875,568900,0.0,0.0
2025-02-28 00:00:00-05:00,18.717387015370292,18.86233284864575,18.543451278205232,18.814016342163086,884600,0.0,0.0
2025-03-03 00:00:00-05:00,18.881659051327304,19.335823144127602,18.707723317846185,18.900983810424805,1480800,0.0,0.0
2025-03-04 00:00:00-05:00,18.678734910975674,18.678734910975674,17.954003858801627,18.176254272460938,1197700,0.0,0.0
2025-03-05 00:00:00-05:00,18.26322244022061,18.330863711285446,17.838046366701988,18.118276596069336,819700,0.0,0.0
2025-03-06 00:00:00-05:00,17.954002668244627,17.982992571920317,17.68343576319692,17.896024703979492,1134300,0.0,0.0
2025-03-07 00:00:00-05:00,17.89602672640985,18.03130927267886,17.65444969773721,17.867036819458008,924400,0.0,0.0
2025-03-10 00:00:00-04:00,17.490177904359964,17.693101731419087,16.862077974732365,16.939382553100586,1330800,0.0,0.0
2025-03-11 00:00:00-04:00,17.036009135049756,17.16163020648497,16.67847620915066,16.842748641967773,1220900,0.0,0.0
2025-03-12 00:00:00-04:00,17.007021736244926,17.14230427097253,16.78477133116778,16.968368530273438,1419500,0.0,0.0
2025-03-13 00:00:00-04:00,17.09398796583943,17.441857570761275,16.987693502706744,17.045671463012695,1130500,0.0,0.0
2025-03-14 00:00:00-04:00,17.296913445234914,17.644784927368164,17.190620814761328,17.644784927368164,1117900,0.0,0.0
2025-03-17 00:00:00-04:00,17.509500884553855,17.693098068237305,17.161629432376966,17.693098068237305,1686000,0.0,0.0
2025-03-18 00:00:00-04:00,17.63512027324167,17.89602386483031,17.63512027324167,17.799392700195312,1597700,0.0,0.0
2025-03-19 00:00:00-04:00,17.760742366892597,17.96366802972349,17.615796518062794,17.731754302978516,1521500,0.0,0.0
2025-03-20 00:00:00-04:00,17.53849061030939,18.040971234966463,17.528827308709868,17.751079559326172,1573700,0.0,0.0
2025-03-21 00:00:00-04:00,17.635120855713833,18.243894079775057,17.625457554622546,18.22456932067871,8043300,0.0,0.0
2025-03-24 00:00:00-04:00,18.417832834165434,18.51446401784166,18.292213585546918,18.398508071899414,1580400,0.0,0.0
2025-03-25 00:00:00-04:00,18.514460994646353,18.949300328641907,18.514460994646353,18.765701293945312,1244000,0.0,0.0
2025-03-26 00:00:00-04:00,18.83334255854768,19.103909460043386,18.57243895815035,18.765701293945312,1086400,0.0,0.0
2025-03-27 00:00:00-04:00,18.794692432935182,18.88166030545217,18.514462211916808,18.775365829467773,1077500,0.0,0.0
2025-03-28 00:00:00-04:00,18.640083719239843,18.785029562399846,18.359853491788964,18.553115844726562,1056000,0.0,0.0
2025-03-31 00:00:00-04:00,18.2438939451865,18.620755312621583,18.21490588521272,18.524124145507812,835100,0.0,0.0
2025-04-01 00:00:00-04:00,18.369515571748277,18.601429273993954,18.33086236649753,18.5434513092041,1060500,0.0,0.0
2025-04-02 00:00:00-04:00,18.29221274436289,18.7270502862797,18.29221274436289,18.707725524902344,921500,0.0,0.0
2025-04-03 00:00:00-04:00,17.722090063233093,17.96366707953334,17.229272728810223,17.258262634277344,1950000,0.0,0.0
2025-04-04 00:00:00-04:00,16.446561806170543,16.68813879447592,16.04071239209407,16.581844329833984,1751300,0.0,0.0
2025-04-07 00:00:00-04:00,16.147005804630314,17.451521973999856,15.847450840521715,16.272626876831055,1754800,0.0,0.0
2025-04-08 00:00:00-04:00,16.81375940149562,17.18095748607469,16.137344884411824,16.427236557006836,1725400,0.0,0.0
2025-04-09 00:00:00-04:00,16.38858460247021,18.089287091175194,16.301618568519903,17.7607421875,2322500,0.0,0.0
2025-04-10 00:00:00-04:00,17.306577281414576,17.557817599262993,16.620499440552106,16.987695693969727,1892800,0.0,0.0
2025-04-11 00:00:00-04:00,16.8620751089948,17.277585995178136,16.755780640645973,17.142303466796875,1208400,0.0,0.0
2025-04-14 00:00:00-04:00,17.37421839121906,17.50950277225406,16.862076301506967,17.287250518798828,1492600,0.0,0.0
2025-04-15 00:00:00-04:00,17.296913306225026,17.722089353961287,17.296913306225026,17.403207778930664,1571700,0.0,0.0
2025-04-16 00:00:00-04:00,17.3838817356402,17.67377525878179,17.161631324725423,17.422534942626953,1475700,0.0,0.0
2025-04-17 00:00:00-04:00,17.461186551486545,17.722090173048233,17.461186551486545,17.635122299194336,1366800,0.0,0.0
2025-04-21 00:00:00-04:00,17.48051291002073,17.538490877414507,17.24859919735927,17.422534942626953,1113700,0.0,0.0
2025-04-22 00:00:00-04:00,17.69309905019291,18.10861178711241,17.596467881104566,18.031307220458984,862800,0.0,0.0
2025-04-23 00:00:00-04:00,18.495134379997605,19.007278279349094,18.475809620900105,18.900983810424805,3458900,0.0,0.0
2025-04-24 00:00:00-04:00,18.359854246612386,18.99761745720569,18.108613914698893,18.920312881469727,1483800,0.0,0.0
2025-04-25 00:00:00-04:00,18.74637606019827,18.910648504689693,18.41783117121542,18.611093521118164,1138900,0.0,0.0
2025-04-28 00:00:00-04:00,18.833344973447378,19.05559539794922,18.630421153620432,19.05559539794922,1101000,0.0,0.0
2025-04-29 00:00:00-04:00,19.026606144693126,19.219866650102148,18.843007097931157,19.181215286254883,880700,0.0,0.0
2025-04-30 00:00:00-04:00,18.833342818211154,19.074919819742473,18.640082322837856,18.978288650512695,1256200,0.0,0.0
2025-05-01 00:00:00-04:00,19.016942955489306,19.33582454223315,18.823680605850335,19.152225494384766,1052400,0.0,0.0
2025-05-02 00:00:00-04:00,19.451781408701855,19.73201164478431,19.374476833762976,19.625717163085938,915200,0.0,0.0
2025-05-05 00:00:00-04:00,19.32616030295921,19.741673044366635,19.32616030295921,19.490432739257812,592100,0.0,0.0
2025-05-06 00:00:00-04:00,19.3164983624255,19.50976071630434,19.219867185486077,19.335824966430664,751300,0.0,0.0
2025-05-07 00:00:00-04:00,19.529083715043217,19.548410317304473,19.29717001716686,19.44211769104004,744900,0.0,0.0
2025-05-08 00:00:00-04:00,19.326160461247294,19.896282342300992,19.326160461247294,19.59672737121582,1829300,0.0,0.0
2025-05-09 00:00:00-04:00,19.712683547332876,19.712683547332876,19.36481390799715,19.403465270996094,1007600,0.0,0.0
2025-05-12 00:00:00-04:00,20.360111792316633,20.466406275298095,20.041230186458723,20.108871459960938,1925400,0.0,0.0
2025-05-13 00:00:00-04:00,20.234492022211636,20.350447961465175,20.089546176601505,20.224828720092773,904300,0.0,0.0
2025-05-14 00:00:00-04:00,20.118532741683904,20.253815275100948,20.0702180777739,20.137859344482422,752400,0.0,0.0
2025-05-15 00:00:00-04:00,20.089544157856107,20.38909912109375,20.060554254412633,20.38909912109375,1073900,0.0,0.0
2025-05-16 00:00:00-04:00,20.36977320944889,20.379436510924357,20.070218236054636,20.24415397644043,831500,0.0,0.0
2025-05-19 00:00:00-04:00,20.00257708018529,20.263478849130355,19.954260572538935,20.215164184570312,754700,0.0,0.0
2025-05-20 00:00:00-04:00,20.195837309791685,20.263478576500205,20.09920613888539,20.137859344482422,554700,0.0,0.0
2025-05-21 00:00:00-04:00,19.88662192568212,20.002579716228574,19.635381582070263,19.664371490478516,740000,0.0,0.0
2025-05-22 00:00:00-04:00,19.548410816698837,19.64504198738747,19.35515031840785,19.461442947387695,1446500,0.0,0.0
2025-05-23 00:00:00-04:00,19.065256415204775,19.596726921545624,19.065256415204775,19.548410415649414,938200,0.0,0.0
2025-05-27 00:00:00-04:00,19.761000712179214,19.934934616088867,19.654706234995786,19.934934616088867,1119400,0.0,0.0
2025-05-28 00:00:00-04:00,19.91560780280723,19.92527110365395,19.54840974297652,19.558073043823242,1012200,0.0,0.0
2025-05-29 00:00:00-04:00,19.655571647178903,19.655571647178903,19.294830547472287,19.56782341003418,2159500,0.18,0.0
2025-05-30 00:00:00-04:00,19.509325869433972,19.577574087398283,19.27533118228871,19.48007583618164,1327300,0.0,0.0
2025-06-02 00:00:00-04:00,19.48007601607047,19.499576038418766,19.168083096995687,19.43132781982422,1073000,0.0,0.0
2025-06-03 00:00:00-04:00,19.36307775902364,19.782318901502897,19.36307775902364,19.64582061767578,1012400,0.0,0.0
2025-06-04 00:00:00-04:00,19.519075748869344,19.704320379344647,19.509325737850993,19.528825759887695,824300,0.0,0.0
2025-06-05 00:00:00-04:00,19.519075884296903,19.519075884296903,19.226581130590347,19.37282943725586,766900,0.0,0.0
2025-06-06 00:00:00-04:00,19.69457244873047,19.753070655871895,19.43132772715734,19.69457244873047,754800,0.0,0.0
2025-06-09 00:00:00-04:00,19.74331891367741,19.96756357107848,19.62632065002833,19.753068923950195,967200,0.0,0.0
2025-06-10 00:00:00-04:00,19.75307087361136,19.996815575616004,19.704320817435732,19.860319137573242,578900,0.0,0.0
2025-06-11 00:00:00-04:00,19.928566775129898,20.094313242041977,19.753070297267175,19.792068481445312,1585100,0.0,0.0
2025-06-12 00:00:00-04:00,19.57757417482314,19.714070611361294,19.43132772715734,19.69457244873047,693300,0.0,0.0
2025-06-13 00:00:00-04:00,19.402078415786313,19.489826659576075,19.1485836959075,19.236331939697266,817900,0.0,0.0
2025-06-16 00:00:00-04:00,19.441077748363668,19.499575955535423,19.031586578912446,19.10958480834961,965800,0.0,0.0
2025-06-17 00:00:00-04:00,18.7975911443867,19.080334017513096,18.758591101404075,18.87558937072754,1127900,0.0,0.0
2025-06-18 00:00:00-04:00,18.76834286486494,19.11933584598903,18.76834286486494,19.031587600708008,716600,0.0,0.0
2025-06-20 00:00:00-04:00,19.129082564723408,19.216828935275004,18.963336114349495,19.09983253479004,2125400,0.0,0.0
2025-06-23 00:00:00-04:00,19.17783266855022,19.811568503346603,19.051086245440718,19.792068481445312,920300,0.0,0.0
2025-06-24 00:00:00-04:00,20.026064353718116,20.143060761955134,19.762819645748255,19.77256965637207,868900,0.0,0.0
2025-06-25 00:00:00-04:00,19.840818449250673,20.055313110351562,19.714070167072176,20.055313110351562,806700,0.0,0.0
2025-06-26 00:00:00-04:00,20.074814955266003,20.552554375393374,20.074814955266003,20.53305435180664,1032800,0.0,0.0
2025-06-27 00:00:00-04:00,20.58180191420144,20.679298301059596,20.29905718536453,20.357555389404297,3851600,0.0,0.0
2025-06-30 00:00:00-04:00,20.55255206156622,20.591552104349024,20.308807373046875,20.308807373046875,931700,0.0,0.0
2025-07-01 00:00:00-04:00,20.250309011036755,21.030291264383994,20.2113089685572,20.835296630859375,1260600,0.0,0.0
2025-07-02 00:00:00-04:00,20.92304204930584,21.186286745117997,20.737797434881845,21.127788543701172,947000,0.0,0.0
2025-07-03 00:00:00-04:00,21.28378646486535,21.517781146402132,21.205788237686424,21.381284713745117,500400,0.0,0.0
2025-07-07 00:00:00-04:00,21.225288882493142,21.537281800367953,21.030292379009143,21.079042434692383,870300,0.0,0.0
2025-07-08 00:00:00-04:00,21.127789610336738,21.381284308773044,21.079041416632382,21.157039642333984,880400,0.0,0.0
2025-07-09 00:00:00-04:00,21.342284576483173,21.381284619713334,21.059541701562186,21.16678810119629,688500,0.0,0.0
2025-07-10 00:00:00-04:00,21.07904330820898,21.430034425550996,21.07904330820898,21.2642879486084,720300,0.0,0.0
2025-07-11 00:00:00-04:00,21.069293373085873,21.55678279414108,21.069293373085873,21.478784561157227,1184300,0.0,0.0
2025-07-14 00:00:00-04:00,21.371535492555317,21.7225284576416,21.371535492555317,21.7225284576416,1159400,0.0,0.0
2025-07-15 00:00:00-04:00,21.547032998059997,21.683529442240715,20.942545291671166,20.952295303344727,1172500,0.0,0.0
2025-07-16 00:00:00-04:00,21.059540332110824,21.205786765465035,20.679297373840726,21.127788543701172,1282200,0.0,0.0
2025-07-17 00:00:00-04:00,21.098540194701666,21.703027856266573,21.098540194701666,21.654277801513672,1652300,0.0,0.0
2025-07-18 00:00:00-04:00,21.73227909963259,21.800527320463722,21.39103613585239,21.52753257751465,1303500,0.0,0.0
2025-07-21 00:00:00-04:00,21.58603075523918,21.732279067805475,21.313037872314453,21.313037872314453,1026700,0.0,0.0
2025-07-22 00:00:00-04:00,21.469032944830168,21.63477940998483,20.650050629904126,20.796297073364258,1919700,0.0,0.0
2025-07-23 00:00:00-04:00,20.942544055204717,20.98154409959637,20.640301149667284,20.757299423217773,1283800,0.0,0.0
2025-07-24 00:00:00-04:00,20.64030137544783,20.80604784667649,20.435554859400902,20.44530487060547,1174900,0.0,0.0
2025-07-25 00:00:00-04:00,20.523301063618185,20.815795791850743,20.32830643775412,20.601299285888672,1333100,0.0,0.0
2025-07-28 00:00:00-04:00,20.63055179640795,20.845046468528142,20.63055179640795,20.776798248291016,958700,0.0,0.0
2025-07-29 00:00:00-04:00,20.952293707685218,21.010791913646976,20.6792989804896,20.747549057006836,1055600,0.0,0.0
2025-07-30 00:00:00-04:00,20.786547463163537,20.874295702855786,20.26005988463449,20.43555450439453,1299900,0.0,0.0
2025-07-31 00:00:00-04:00,20.22105913640996,20.38680559898809,20.201559115018558,20.308807373046875,1329500,0.0,0.0
2025-08-01 00:00:00-04:00,20.00656572062454,20.211310379057704,19.470326256854072,19.811569213867188,1385700,0.0,0.0
2025-08-04 00:00:00-04:00,19.879817828881,20.026066141671077,19.782321433187004,19.92856788635254,2723500,0.0,0.0
2025-08-05 00:00:00-04:00,19.967565404365264,20.084563678756336,19.665322496656344,20.016315460205078,2256900,0.0,0.0
2025-08-06 00:00:00-04:00,19.938315095504834,20.094311538239282,19.84081685388973,19.850566864013672,1012200,0.0,0.0
2025-08-07 00:00:00-04:00,20.123560742036176,20.123560742036176,19.723819604555274,19.87981605529785,986900,0.0,0.0
2025-08-08 00:00:00-04:00,20.016315455557137,20.201560088831968,19.957815388562942,20.12356185913086,714700,0.0,0.0
2025-08-11 00:00:00-04:00,20.13331102889857,20.328307524814424,20.084562834731813,20.15281105041504,914100,0.0,0.0
2025-08-12 00:00:00-04:00,20.299058328915816,20.796297740326875,20.21131008810066,20.70854949951172,1055800,0.0,0.0
2025-08-13 00:00:00-04:00,20.78654657910561,20.971793061646714,20.74754839624791,20.942543029785156,1099700,0.0,0.0
2025-08-14 00:00:00-04:00,20.698799746339418,21.0400427026933,20.698799746339418,20.981544494628906,949500,0.0,0.0
2025-08-15 00:00:00-04:00,21.010791143127715,21.030291164274665,20.57205182506754,20.620800018310547,1245000,0.0,0.0
2025-08-18 00:00:00-04:00,20.650051466422305,20.78654790456454,20.572053236108957,20.767047882080078,730000,0.0,0.0
2025-08-19 00:00:00-04:00,20.708549189061713,20.971793907560777,20.708549189061713,20.806047439575195,829600,0.0,0.0
2025-08-20 00:00:00-04:00,20.74754839490476,20.942543028429384,20.70854835242521,20.835296630859375,844500,0.0,0.0
2025-08-21 00:00:00-04:00,20.81579727183679,20.962043716538915,20.757299065880826,20.854795455932617,702500,0.0,0.0
2025-08-22 00:00:00-04:00,20.93279325853156,21.800525617436506,20.93279325853156,21.69327735900879,1282200,0.0,0.0
2025-08-25 00:00:00-04:00,21.683526456712055,21.781024700398913,21.566530051987286,21.615278244018555,954600,0.0,0.0
2025-08-26 00:00:00-04:00,21.469032515598443,21.93702186916409,21.469032515598443,21.74202537536621,1100500,0.0,0.0
2025-08-27 00:00:00-04:00,21.74202441432495,22.04426915231427,21.7030262330638,21.927270889282227,842400,0.0,0.0
2025-08-28 00:00:00-04:00,22.015727067531735,22.015727067531735,21.691388300730654,21.76018714904785,1089900,0.18,0.0
2025-08-29 00:00:00-04:00,21.838815581476055,21.976415158468342,21.711046554227607,21.848644256591797,968000,0.0,0.0
2025-09-02 00:00:00-04:00,21.51447556589053,21.71104530766289,21.327736373297572,21.622589111328125,832100,0.0,0.0
2025-09-03 00:00:00-04:00,21.602933097368577,21.956757904575348,21.53413424588462,21.67173194885254,1685500,0.0,0.0
2025-09-04 00:00:00-04:00,21.740531481173523,21.946928024291992,21.632417934990706,21.946928024291992,882700,0.0,0.0
2025-09-05 00:00:00-04:00,22.035385321807368,22.172983024092083,21.47516396293035,21.681560516357422,728400,0.0,0.0
2025-09-08 00:00:00-04:00,21.681560395254422,21.789673946233165,21.337564266835937,21.52430534362793,750000,0.0,0.0
2025-09-09 00:00:00-04:00,21.52430511339773,21.61276131331999,21.308079888381133,21.37687873840332,1054200,0.0,0.0
2025-09-10 00:00:00-04:00,21.376878753624247,21.622590003665906,21.21962370356783,21.543962478637695,810100,0.0,0.0
2025-09-11 00:00:00-04:00,21.45550496910371,21.720873552862518,21.376877448874577,21.661903381347656,804500,0.0,0.0
2025-09-12 00:00:00-04:00,21.632418554540475,21.632418554540475,21.327737131132313,21.386707305908203,643700,0.0,0.0
2025-09-15 00:00:00-04:00,21.406363958272102,21.612760500577167,21.25893571419363,21.278593063354492,761700,0.0,0.0
2025-09-16 00:00:00-04:00,21.278593041560324,21.386706587206337,20.816656584521166,21.111509323120117,742600,0.0,0.0
2025-09-17 00:00:00-04:00,21.249108380837193,21.76018632379435,21.18030766050124,21.327735900878906,992800,0.0,0.0
2025-09-18 00:00:00-04:00,21.41619369383426,21.956757700142134,21.37687899356484,21.85847282409668,1114800,0.0,0.0
2025-09-19 00:00:00-04:00,21.917442769230288,21.917442769230288,21.514476468849708,21.71104621887207,2730100,0.0,0.0
2025-09-22 00:00:00-04:00,21.642247583183856,21.770016609724678,21.426020481091268,21.691389083862305,914300,0.0,0.0
2025-09-23 00:00:00-04:00,21.652075242223635,22.074697002259843,21.593103194623048,21.612760543823242,879800,0.0,0.0
2025-09-24 00:00:00-04:00,21.612760884230397,21.91744230312025,21.504647336554502,21.75035858154297,642400,0.0,0.0
2025-09-25 00:00:00-04:00,21.799502863058333,21.878130389743607,21.573448958166683,21.838815689086914,685800,0.0,0.0
2025-09-26 00:00:00-04:00,21.838814371570262,22.06487013745227,21.681559327686777,21.956756591796875,606200,0.0,0.0
2025-09-29 00:00:00-04:00,21.97641503675596,21.97641503675596,21.49482120652042,21.691389083862305,704500,0.0,0.0
2025-09-30 00:00:00-04:00,21.69138929917027,21.85847302761479,21.406365218075567,21.67173194885254,944300,0.0,0.0
2025-10-01 00:00:00-04:00,21.475162266628622,21.57344713533775,21.249108380837193,21.327735900878906,525700,0.0,0.0
2025-10-02 00:00:00-04:00,21.278594184827654,21.44567791224502,21.131167807607177,21.347393035888672,707300,0.0,0.0
2025-10-03 00:00:00-04:00,21.426018946032304,21.88795726767792,21.426018946032304,21.661903381347656,1649900,0.0,0.0
2025-10-06 00:00:00-04:00,21.84864332706682,22.045213071762632,21.396535538745685,21.593103408813477,1449200,0.0,0.0
2025-10-07 00:00:00-04:00,21.543961653142144,21.750358195447212,21.229451565080332,21.278593063354492,687800,0.0,0.0
2025-10-08 00:00:00-04:00,21.416193531248144,21.475163706576495,21.14099625533571,21.199966430664062,890900,0.0,0.0
2025-10-09 00:00:00-04:00,21.357220692890817,21.357220692890817,20.993569104724077,21.26876449584961,895600,0.0,0.0
2025-10-10 00:00:00-04:00,21.31790756155784,21.484991278600706,20.57094517210902,20.620086669921875,2001500,0.0,0.0
2025-10-13 00:00:00-04:00,20.82648473221797,21.180307634660018,20.747857212272187,21.16065216064453,767200,0.0,0.0
2025-10-14 00:00:00-04:00,21.111509719498557,21.848643454463964,21.032882196087368,21.75035858154297,1070500,0.0,0.0
2025-10-15 00:00:00-04:00,21.760186297245642,21.858471165834857,21.013223920446737,21.16065216064453,880100,0.0,0.0
2025-10-16 00:00:00-04:00,21.003397864491948,21.091852187263704,19.745355626183695,19.912439346313477,2521300,0.0,0.0
2025-10-17 00:00:00-04:00,20.08935199392039,20.285919865905058,19.873124897720803,20.22694969177246,1238700,0.0,0.0
2025-10-20 00:00:00-04:00,20.305576607466687,20.86579793152132,20.256435109599007,20.78717041015625,830700,0.0,0.0
2025-10-21 00:00:00-04:00,20.698714888018444,20.92477065960044,20.688886213199396,20.728200912475586,584200,0.0,0.0
2025-10-22 00:00:00-04:00,20.855970581056006,20.855970581056006,20.13849416872249,20.167980194091797,1561900,0.0,0.0
2025-10-23 00:00:00-04:00,20.6200862991328,20.88545488165751,19.401358803934965,19.63724136352539,2612400,0.0,0.0
2025-10-24 00:00:00-04:00,19.961581753389385,20.207293007430316,19.922268927549446,20.000896453857422,1366700,0.0,0.0
2025-10-27 00:00:00-04:00,19.666727359999204,19.863295222079447,19.322731258073848,19.470157623291016,1202400,0.0,0.0
2025-10-28 00:00:00-04:00,19.48981607924246,19.745356001630963,19.332561030792306,19.37187385559082,1521600,0.0,0.0
2025-10-29 00:00:00-04:00,19.165476712313566,19.499644148549784,18.831309276077345,18.91976547241211,1688500,0.0,0.0
2025-10-30 00:00:00-04:00,18.968906323690437,19.312902422747605,18.919764827237096,19.14581871032715,1308800,0.0,0.0
2025-10-31 00:00:00-04:00,18.92959339600127,19.26376081898062,18.86079455149868,19.15564727783203,1421900,0.0,0.0
2025-11-03 00:00:00-05:00,19.19496368412722,19.352218735461722,18.90993773194088,19.342390060424805,1158000,0.0,0.0
2025-11-04 00:00:00-05:00,19.214618946146462,19.499644895166874,19.086849921341905,19.36204719543457,1207100,0.0,0.0
2025-11-05 00:00:00-05:00,19.39153158830559,19.74535639162083,19.303075387476778,19.676557540893555,1018200,0.0,0.0
2025-11-06 00:00:00-05:00,19.558615178673836,19.735527579099145,19.33256127796508,19.352218627929688,2049400,0.0,0.0
2025-11-07 00:00:00-05:00,19.39153158830559,19.676557540893555,19.253933886851033,19.676557540893555,1876300,0.0,0.0
2025-11-10 00:00:00-05:00,19.853468395054307,20.138492450797724,19.765012201120296,19.981237411499023,1034900,0.0,0.0
2025-11-11 00:00:00-05:00,20.000894760068345,20.207291296162413,19.87312386899569,19.981237411499023,662300,0.0,0.0
2025-11-12 00:00:00-05:00,20.040208494846727,20.285919739264674,20.02055302001059,20.06969451904297,1400200,0.0,0.0
2025-11-13 00:00:00-05:00,20.04020768972667,20.128663884133626,19.814153803854655,19.97140884399414,1277200,0.0,0.0
2025-11-14 00:00:00-05:00,19.794497798607186,19.922268699034632,19.617585397786463,19.853469848632812,878900,0.0,0.0
2025-11-17 00:00:00-05:00,19.87312395243643,19.892781301088288,19.086848752641618,19.126161575317383,1368500,0.0,0.0
2025-11-18 00:00:00-05:00,19.096677241376323,19.42101599246809,18.949250877176052,19.312902450561523,1092700,0.0,0.0
2025-11-19 00:00:00-05:00,19.322731046318257,19.519300780872257,19.263760875803225,19.48981475830078,1273300,0.0,0.0
2025-11-20 00:00:00-05:00,19.588100628025707,19.82398319678537,19.33256070987907,19.40135955810547,990800,0.0,0.0
2025-11-21 00:00:00-05:00,19.519300941633162,19.902609865079683,19.401358725003806,19.81415367126465,1295200,0.0,0.0
2025-11-24 00:00:00-05:00,19.67655715226253,19.83381220071268,19.332561030792306,19.37187385559082,1098000,0.0,0.0
2025-11-25 00:00:00-05:00,19.548786746762605,19.912440227117223,19.509473920972646,19.666728973388672,1530200,0.0,0.0
2025-11-26 00:00:00-05:00,19.61758538341893,19.9419260344381,19.61758538341893,19.686386108398438,2042400,0.0,0.0
2025-11-28 00:00:00-05:00,19.59792897838827,19.59792897838827,19.37187321343513,19.430845260620117,426300,0.0,0.0
2025-12-01 00:00:00-05:00,19.43084538907271,19.696213979275477,19.322731843146844,19.58810043334961,987200,0.0,0.0
2025-12-02 00:00:00-05:00,19.676556283467324,19.676556283467324,19.43084504678455,19.450502395629883,974100,0.0,0.0
2025-12-03 00:00:00-05:00,19.588100686195066,19.9714096272393,19.421016965165624,19.902610778808594,1070700,0.0,0.0
2025-12-04 00:00:00-05:00,19.833812374056805,20.15815114864841,19.814155024171722,20.030380249023438,961700,0.0,0.0
2025-12-05 00:00:00-05:00,19.87312462739978,19.981238174028974,19.656899408769398,19.7453556060791,887300,0.0,0.0
2025-12-08 00:00:00-05:00,19.794496643180562,20.000895056966396,19.715869122364044,19.78466796875,1370500,0.0,0.0
2025-12-09 00:00:00-05:00,19.833812251394974,20.2171211986432,19.676557202542984,19.873125076293945,1013900,0.0,0.0
2025-12-10 00:00:00-05:00,19.84363972060086,20.846140127464565,19.794496349177972,20.659400939941406,1770000,0.0,0.0
2025-12-11 00:00:00-05:00,20.502146559447514,20.954254343298203,20.502146559447514,20.767513275146484,1333600,0.0,0.0
2025-12-12 00:00:00-05:00,20.836313461366053,20.89528363282357,20.620086374975237,20.8166561126709,1346100,0.0,0.0
2025-12-15 00:00:00-05:00,21.121337652288975,21.16065234992751,20.80682756969254,20.97391128540039,1436700,0.0,0.0
2025-12-16 00:00:00-05:00,20.993568420410156,21.091851414249607,20.74785718655565,20.993568420410156,1285100,0.0,0.0
2025-12-17 00:00:00-05:00,20.95425477316447,21.553790813692444,20.95425477316447,21.40636444091797,1714200,0.0,0.0
2025-12-18 00:00:00-05:00,21.543961544781293,21.593103042808284,21.219622783770394,21.288421630859375,1672700,0.0,0.0
2025-12-19 00:00:00-05:00,21.19013684505504,21.376877912635972,20.83631393366189,21.111509323120117,4144500,0.0,0.0
2025-12-22 00:00:00-05:00,21.131166458129883,21.32773619828926,21.00339743926587,21.131166458129883,794400,0.0,0.0
2025-12-23 00:00:00-05:00,21.121337867803337,21.28842158521605,20.944425475880703,20.954254150390625,766200,0.0,0.0
2025-12-24 00:00:00-05:00,20.944425582885742,21.032881779298982,20.796999213739674,20.944425582885742,425800,0.0,0.0
2025-12-26 00:00:00-05:00,20.93459815723803,20.964084182677514,20.76751442900384,20.836315155029297,604700,0.0,0.0
2025-12-29 00:00:00-05:00,20.797000442368958,20.846141943444795,20.580775213155935,20.669231414794922,673000,0.0,0.0
2025-12-30 00:00:00-05:00,20.68888516910188,20.69871384342491,20.48248863220215,20.48248863220215,673700,0.0,0.0
2025-12-31 00:00:00-05:00,20.551288696042402,20.551288696042402,20.325234797096947,20.37437629699707,740400,0.0,0.0
2026-01-02 00:00:00-05:00,20.305577463195537,20.58077473688479,20.118836389098252,20.541460037231445,987500,0.0,0.0
2026-01-05 00:00:00-05:00,20.40386257909645,21.199966510214765,20.40386257909645,20.85597038269043,965900,0.0,0.0
2026-01-06 00:00:00-05:00,20.74785838617176,21.05253980887184,20.669230861777287,20.885456085205078,1436600,0.0,0.0
2026-01-07 00:00:00-05:00,20.836314245313687,20.94442591794875,20.531630952959183,20.74785804748535,1100100,0.0,0.0
2026-01-08 00:00:00-05:00,20.698715580788296,21.367050493827804,20.698715580788296,21.33756446838379,1639100,0.0,0.0
2026-01-09 00:00:00-05:00,21.327736772454134,21.49482049369928,20.89528445723823,21.0820255279541,1458000,0.0,0.0
2026-01-12 00:00:00-05:00,20.846140343159536,21.032881407242844,20.62008645615909,20.63974380493164,821700,0.0,0.0
2026-01-13 00:00:00-05:00,20.738029677857636,20.826485876987306,20.443175055882723,20.551288604736328,711300,0.0,0.0
2026-01-14 00:00:00-05:00,20.511974574928622,20.708542436736355,20.34489086134668,20.659400939941406,744600,0.0,0.0
2026-01-15 00:00:00-05:00,20.570945794163062,21.239280682544607,20.570945794163062,21.07219696044922,1049300,0.0,0.0
2026-01-16 00:00:00-05:00,20.983740851527706,21.052539700690833,20.836314478374142,20.89528465270996,1124700,0.0,0.0
2026-01-20 00:00:00-05:00,20.590602094577303,20.964082344251555,20.590602094577303,20.659400939941406,940000,0.0,0.0
2026-01-21 00:00:00-05:00,20.846141671552278,21.77984517683986,20.777342821092194,21.701217651367188,1429600,0.0,0.0
2026-01-22 00:00:00-05:00,21.89778702550865,22.14349827271065,21.180308758961484,21.22945213317871,2495900,0.0,0.0
2026-01-23 00:00:00-05:00,21.07219605305876,21.12133755024154,20.148321283924446,20.30557632446289,2651000,0.0,0.0
2026-01-26 00:00:00-05:00,20.531631469726562,20.600430319851775,20.315406244386175,20.531631469726562,1845700,0.0,0.0
2026-01-27 00:00:00-05:00,20.649573030918646,21.612760650967182,20.600429657674532,21.60293197631836,2344100,0.0,0.0
2026-01-28 00:00:00-05:00,21.868301690784428,21.97641524284458,21.278594303972486,21.504648208618164,2655900,0.0,0.0
2026-01-29 00:00:00-05:00,21.750358474341393,21.917442195095163,21.25893598678654,21.76018714904785,1993100,0.0,0.0
2026-01-30 00:00:00-05:00,21.455505975543577,21.858472269948816,21.426019951089035,21.74053192138672,1892200,0.0,0.0
2026-02-02 00:00:00-05:00,21.770015756545593,22.359723114716463,21.593103361631528,22.104183197021484,1683100,0.0,0.0
2026-02-03 00:00:00-05:00,21.986242889351164,22.62509174741325,21.8486433182683,22.438350677490234,1362200,0.0,0.0
2026-02-04 00:00:00-05:00,22.693891295740485,22.959259896771098,22.526807570050252,22.546464920043945,1363300,0.0,0.0
2026-02-05 00:00:00-05:00,22.61526239332333,22.82165893180514,22.182810092935025,22.4973201751709,1526700,0.0,0.0
2026-02-06 00:00:00-05:00,22.60543387377344,23.028057502658374,22.53663502714156,22.821659088134766,1167500,0.0,0.0
2026-02-09 00:00:00-05:00,22.507149670658052,22.96908801109354,22.507149670658052,22.7626895904541,925100,0.0,0.0
2026-02-10 00:00:00-05:00,22.792175359117685,22.93960172956221,22.21229667735827,22.448179244995117,971200,0.0,0.0
2026-02-11 00:00:00-05:00,22.65457519121174,22.841316255318066,22.114011222295698,22.330236434936523,913800,0.0,0.0
2026-02-12 00:00:00-05:00,22.566120460807188,22.634921185984496,21.642247503963144,22.035385131835938,906100,0.0,0.0
2026-02-13 00:00:00-05:00,21.93710014921757,22.12384122453189,21.671731548712177,22.04521369934082,549900,0.0,0.0
2026-02-17 00:00:00-05:00,22.172983169555664,22.43835177538405,21.996070765670073,22.172983169555664,701400,0.0,0.0
2026-02-18 00:00:00-05:00,22.192639502126493,22.546464293670887,21.986242956810944,22.0943546295166,716400,0.0,0.0
2026-02-19 00:00:00-05:00,21.897787763180844,22.182811844730207,21.652076507701548,22.172983169555664,936700,0.0,0.0
2026-02-20 00:00:00-05:00,22.17298318099281,22.38921028568811,21.868301748937196,22.34006690979004,972600,0.0,0.0
2026-02-23 00:00:00-05:00,22.182810637029473,22.38920905520173,21.19013699398197,21.435848236083984,1138000,0.0,0.0
2026-02-24 00:00:00-05:00,21.435849142759515,21.62259021955151,21.219623915430113,21.52430534362793,1127200,0.0,0.0
2026-02-25 00:00:00-05:00,21.740531693577655,21.94692823871261,21.55379062324506,21.927270889282227,1098800,0.0,0.0
2026-02-26 00:00:00-05:00,21.847933344603213,22.30413075826146,21.65950307342096,22.006610870361328,1055900,0.2,0.0
2026-02-27 00:00:00-05:00,21.560329200024334,21.59999952735422,20.75702398744735,20.95536994934082,1408700,0.0,0.0
2026-03-02 00:00:00-05:00,20.499172960710524,21.352066100180416,20.41983419598672,21.26280975341797,1290500,0.0,0.0
2026-03-03 00:00:00-05:00,20.62809777282498,21.361983712025857,20.62809777282498,21.203304290771484,1419900,0.0,0.0
2026-03-04 00:00:00-05:00,21.272727456814287,21.371899494595784,21.064462015985335,21.08429718017578,2051000,0.0,0.0
2026-03-05 00:00:00-05:00,20.87603193710643,21.074379797719118,20.618182366529478,20.786775588989258,1372800,0.0,0.0
2026-03-06 00:00:00-05:00,20.191736002688558,20.509091069738332,20.02314088687019,20.489255905151367,1675500,0.0,0.0
2026-03-09 00:00:00-04:00,20.11239742222015,20.39008216266809,19.626447234850822,20.221487045288086,1946200,0.0,0.0
2026-03-10 00:00:00-04:00,20.181818607332133,20.737189979813444,20.062809510293427,20.221487045288086,1424000,0.0,0.0
2026-03-11 00:00:00-04:00,20.152065971303983,20.3206610896137,19.89421450261939,20.07272720336914,1642200,0.0,0.0
2026-03-12 00:00:00-04:00,19.566941441078356,20.677686060627117,19.477685092561696,20.667768478393555,3503900,0.0,0.0
2026-03-13 00:00:00-04:00,20.77685889481304,20.915701255584267,20.241320831977795,20.380163192749023,2360600,0.0,0.0
2026-03-16 00:00:00-04:00,20.63801591954606,20.766942598170495,20.399999618530273,20.399999618530273,1478200,0.0,0.0
2026-03-17 00:00:00-04:00,20.687603222379078,20.76694198704959,20.350412999633054,20.36033058166504,1469400,0.0,0.0
2026-03-18 00:00:00-04:00,20.37024756003257,20.489254757718932,20.18181729017965,20.29090690612793,1914600,0.0,0.0
2026-03-19 00:00:00-04:00,20.20165300749943,20.618181993991747,20.102479078985,20.41983413696289,1202700,0.0,0.0
2026-03-20 00:00:00-04:00,20.519008714830875,20.598347481836136,20.19173606448599,20.399999618530273,3926500,0.0,0.0
2026-03-23 00:00:00-04:00,20.83636429408593,21.114050931210276,20.53884249182724,20.588430404663086,1641600,0.0,0.0
2026-03-24 00:00:00-04:00,20.419835093571724,20.975206471050534,20.39008234614796,20.856199264526367,1291300,0.0,0.0
2026-03-25 00:00:00-04:00,21.034708756820027,21.13388268376878,20.628097358756932,20.89586639404297,1051900,0.0,0.0
2026-03-26 00:00:00-04:00,20.757025220659294,21.044627544546653,20.73719005581591,21.004959106445312,1071400,0.0,0.0
2026-03-27 00:00:00-04:00,20.90578412439496,20.955370142428894,20.588429069172964,20.687602996826172,1215700,0.0,0.0
2026-03-30 00:00:00-04:00,20.85619939376203,20.85619939376203,20.62809877860397,20.67768669128418,1045300,0.0,0.0
2026-03-31 00:00:00-04:00,20.985123815615317,21.223140117550685,20.826446280991735,21.1834716796875,1394000,0.0,0.0
2026-04-01 00:00:00-04:00,21.223140586502577,21.590083575668558,21.223140586502577,21.401653289794922,893600,0.0,0.0
2026-04-02 00:00:00-04:00,21.183470781401912,21.570247019197456,20.99504050768227,21.56032943725586,955800,0.0,0.0
2026-04-06 00:00:00-04:00,21.59008325438033,21.887603161049782,21.42148813617819,21.84793472290039,874300,0.0,0.0
2026-04-07 00:00:00-04:00,21.828098460261515,21.907437224155654,21.530576676969496,21.5900821685791,2783800,0.0,0.0
2026-04-08 00:00:00-04:00,22.125619071342467,22.4727268840094,22.036362722611386,22.38347053527832,1510300,0.0,0.0
2026-04-09 00:00:00-04:00,22.29421451449351,22.83967019716099,22.254546076465846,22.809917449951172,1274400,0.0,0.0
2026-04-10 00:00:00-04:00,22.71074377410905,22.760331686685706,22.3735535349296,22.452892303466797,912200,0.0,0.0
2026-04-13 00:00:00-04:00,22.353719511233212,22.6413218281833,22.145454068572114,22.62148666381836,1251700,0.0,0.0
2026-04-14 00:00:00-04:00,22.482644970677537,22.66115767214473,22.264463830876213,22.571901321411133,1159400,0.0,0.0
2026-04-15 00:00:00-04:00,22.522312091041922,22.710742363962368,22.323966127807275,22.641321182250977,1118600,0.0,0.0
2026-04-16 00:00:00-04:00,22.552064895629883,22.700824841340655,22.472726131811783,22.552064895629883,1174000,0.0,0.0
2026-04-17 00:00:00-04:00,22.760330634351995,23.3752055891899,22.720660306124845,23.038015365600586,1233100,0.0,0.0
2026-04-20 00:00:00-04:00,22.98842915405288,23.424793302964062,22.968593990105703,23.33553695678711,1134000,0.0,0.0
2026-04-21 00:00:00-04:00,23.335536621320532,23.94049398032995,23.28594871216545,23.84132194519043,4127000,0.0,0.0
2026-04-22 00:00:00-04:00,23.900827081391256,23.940495519680642,23.226446606202714,23.474380493164062,2875000,0.0,0.0
2026-04-23 00:00:00-04:00,23.603304812612198,24.15867807030066,23.494215190797114,24.128925323486328,2047100,0.0,0.0
2026-04-24 00:00:00-04:00,24.1090895118778,24.12892467588833,23.067767991934492,23.216527938842773,1964300,0.0,0.0
2026-04-27 00:00:00-04:00,23.82148790108482,24.297520501834132,23.712396387401906,24.039669036865234,1264900,0.0,0.0
2026-04-28 00:00:00-04:00,24.277685384721227,24.30743813167078,23.871073967671112,23.980165481567383,1110900,0.0,0.0
2026-04-29 00:00:00-04:00,23.960329915992016,24.059503845912232,23.563636087896526,23.642974853515625,986600,0.0,0.0
2026-04-30 00:00:00-04:00,23.45454552150013,24.178512023412498,23.45454552150013,24.0793399810791,1258100,0.0,0.0
2026-05-01 00:00:00-04:00,24.089257531564705,24.267768342478483,23.85123933384209,24.10909080505371,1174300,0.0,0.0
2026-05-04 00:00:00-04:00,23.92066143253141,24.158677728926577,23.64297480761103,23.702478408813477,907700,0.0,0.0
2026-05-05 00:00:00-04:00,23.77189877092874,24.14875931255785,23.71239517178189,23.990081787109375,918800,0.0,0.0
2026-05-06 00:00:00-04:00,24.148761167346663,24.36694230869978,23.970248464609814,24.0793399810791,818100,0.0,0.0
2026-05-07 00:00:00-04:00,24.05950373753739,24.158677667010885,23.752066258596397,23.79173469543457,1137800,0.0,0.0
2026-05-08 00:00:00-04:00,23.871073414906146,23.9702473441894,23.722313466773947,23.851238250732422,1058300,0.0,0.0
2026-05-11 00:00:00-04:00,24.009916656477717,24.079339733617278,23.31570290935103,23.533884048461914,1029300,0.0,0.0
2026-05-12 00:00:00-04:00,23.56363643029532,23.56363643029532,22.909091131530346,23.166942596435547,947800,0.0,0.0
2026-05-13 00:00:00-04:00,23.12727245645952,23.24628155338376,22.859503407069045,22.899173736572266,945400,0.0,0.0
2026-05-14 00:00:00-04:00,23.137189849551536,23.40495889675141,23.097521411958265,23.166942596435547,949800,0.0,0.0
2026-05-15 00:00:00-04:00,23.206609813462414,23.2661134125154,22.86941959951999,23.087602615356445,1238700,0.0,0.0
2026-05-18 00:00:00-04:00,23.157024798345237,23.593388957317302,23.13718963394074,23.464462280273438,1024900,0.0,0.0
2026-05-19 00:00:00-04:00,23.41487569056523,23.523965308962264,23.216527834521877,23.36528778076172,706000,0.0,0.0
2026-05-20 00:00:00-04:00,23.45454374755878,24.128924177298927,23.315701385524743,23.93057632446289,1146300,0.0,0.0
2026-05-21 00:00:00-04:00,23.722312767473923,23.99999938296416,23.61322125931967,23.960329055786133,862000,0.0,0.0
2026-05-22 00:00:00-04:00,23.980164896314836,24.07933882547418,23.78181703799615,23.910743713378906,785800,0.0,0.0
2026-05-26 00:00:00-04:00,24.089257419381244,24.33719130690101,24.049587089417066,24.257850646972656,1065200,0.0,0.0
2026-05-27 00:00:00-04:00,24.31735505924209,24.43636226066519,23.89090848904102,24.0,2087300,0.0,0.0
2026-05-28 00:00:00-04:00,23.979999542236328,24.09000015258789,23.889999389648438,24.010000228881836,1570100,0.2,0.0
2026-05-29 00:00:00-04:00,23.959999084472656,24.25,23.93000030517578,23.979999542236328,1543800,0.0,0.0
2026-06-01 00:00:00-04:00,23.850000381469727,23.950000762939453,23.559999465942383,23.739999771118164,1774700,0.0,0.0
2026-06-02 00:00:00-04:00,23.6299991607666,24.09000015258789,23.6299991607666,24.0,2374300,0.0,0.0
2026-06-03 00:00:00-04:00,23.829999923706055,23.940000534057617,23.610000610351562,23.65999984741211,1472100,0.0,0.0
2026-06-04 00:00:00-04:00,24.09000015258789,24.420000076293945,23.790000915527344,24.299999237060547,1186700,0.0,0.0
2026-06-05 00:00:00-04:00,24.34000015258789,24.440000534057617,24.229999542236328,24.31999969482422,1220500,0.0,0.0
2026-06-08 00:00:00-04:00,24.450000762939453,24.729999542236328,24.450000762939453,24.489999771118164,2979600,0.0,0.0
2026-06-09 00:00:00-04:00,24.690000534057617,25.049999237060547,24.6200008392334,24.75,1658700,0.0,0.0
2026-06-10 00:00:00-04:00,25.0,25.06999969482422,24.68000030517578,24.760000228881836,1553700,0.0,0.0
2026-06-11 00:00:00-04:00,25.030000686645508,25.100000381469727,24.719999313354492,25.0,2006200,0.0,0.0
2026-06-12 00:00:00-04:00,25.219999313354492,25.559999465942383,25.100000381469727,25.5,1173100,0.0,0.0
2026-06-15 00:00:00-04:00,25.600000381469727,25.860000610351562,25.190000534057617,25.239999771118164,1352300,0.0,0.0
2026-06-16 00:00:00-04:00,25.56999969482422,25.719999313354492,25.25,25.350000381469727,1445400,0.0,0.0
2026-06-17 00:00:00-04:00,25.34000015258789,25.559999465942383,24.790000915527344,24.93000030517578,1709700,0.0,0.0
2026-06-18 00:00:00-04:00,25.18000030517578,25.34000015258789,25.040000915527344,25.200000762939453,3470100,0.0,0.0
2026-06-22 00:00:00-04:00,25.360000610351562,25.780000686645508,25.309999465942383,25.739999771118164,1906900,0.0,0.0
2026-06-23 00:00:00-04:00,25.739999771118164,26.270000457763672,25.68000030517578,26.229999542236328,1667600,0.0,0.0
2026-06-24 00:00:00-04:00,26.06999969482422,26.559999465942383,26.020000457763672,26.420000076293945,1943000,0.0,0.0
2026-06-25 00:00:00-04:00,26.360000610351562,26.799999237060547,26.360000610351562,26.540000915527344,1063800,0.0,0.0
2026-06-26 00:00:00-04:00,26.350000381469727,26.719999313354492,26.170000076293945,26.360000610351562,4168900,0.0,0.0
2026-06-29 00:00:00-04:00,26.079999923706055,26.3799991607666,25.969999313354492,26.110000610351562,1765800,0.0,0.0
2026-06-30 00:00:00-04:00,26.149999618530273,26.280000686645508,25.950000762939453,26.06999969482422,2177500,0.0,0.0
2026-07-01 00:00:00-04:00,26.399999618530273,26.809999465942383,26.190000534057617,26.690000534057617,1248900,0.0,0.0
2026-07-02 00:00:00-04:00,26.8700008392334,26.940000534057617,26.149999618530273,26.329999923706055,1131200,0.0,0.0
2026-07-06 00:00:00-04:00,26.290000915527344,26.65999984741211,26.290000915527344,26.5,849200,0.0,0.0
2026-07-07 00:00:00-04:00,26.6299991607666,26.709999084472656,26.25,26.31999969482422,681400,0.0,0.0
2026-07-08 00:00:00-04:00,26.149999618530273,26.209999084472656,25.719999313354492,26.020000457763672,1224900,0.0,0.0
2026-07-09 00:00:00-04:00,26.200000762939453,26.6200008392334,26.15999984741211,26.549999237060547,1102600,0.0,0.0
2026-07-10 00:00:00-04:00,26.670000076293945,26.81999969482422,26.59000015258789,26.68000030517578,969400,0.0,0.0
2026-07-13 00:00:00-04:00,26.809999465942383,26.81999969482422,26.469999313354492,26.639999389648438,824300,0.0,0.0
2026-07-14 00:00:00-04:00,26.610000610351562,26.8700008392334,26.540000915527344,26.719999313354492,1065900,0.0,0.0
2026-07-15 00:00:00-04:00,26.950000762939453,27.25,26.68000030517578,27.06999969482422,1198900,0.0,0.0
2026-07-16 00:00:00-04:00,27.100000381469727,27.889999389648438,27.100000381469727,27.84000015258789,1566800,0.0,0.0
2026-07-17 00:00:00-04:00,27.559999465942383,27.649999618530273,27.260000228881836,27.440000534057617,1246900,0.0,0.0
2026-07-20 00:00:00-04:00,27.399999618530273,27.6200008392334,27.34000015258789,27.43000030517578,1768300,0.0,0.0
2026-07-21 00:00:00-04:00,27.56999969482422,27.639999389648438,27.309999465942383,27.639999389648438,2039500,0.0,0.0
2026-07-22 00:00:00-04:00,28.25,28.93000030517578,27.43000030517578,28.860000610351562,2747500,0.0,0.0
2026-07-23 00:00:00-04:00,28.760000228881836,28.93000030517578,28.389999389648438,28.850000381469727,2493600,0.0,0.0
2026-07-24 00:00:00-04:00,28.979999542236328,29.0,28.639999389648438,28.81999969482422,1637900,0.0,0.0
2026-07-27 00:00:00-04:00,28.84000015258789,29.170000076293945,28.709999084472656,28.780000686645508,1480700,0.0,0.0
2026-07-28 00:00:00-04:00,28.899999618530273,29.299999237060547,28.829999923706055,29.290000915527344,1480300,0.0,0.0
2026-07-29 00:00:00-04:00,29.100000381469727,29.399999618530273,28.809999465942383,28.90999984741211,1783300,0.0,0.0
2026-07-30 00:00:00-04:00,29.18000030517578,29.190000534057617,28.68000030517578,28.790000915527344,3680600,0.0,0.0
2026-07-31 00:00:00-04:00,29.020000457763672,29.200000762939453,28.760000228881836,28.93000030517578,1294300,0.0,0.0
