Date,Open,High,Low,Close,Volume,Dividends,Stock Splits,Capital Gains
2004-11-18 00:00:00-05:00,44.43000030517578,44.4900016784668,44.06999969482422,44.380001068115234,5992000,0.0,0.0,0.0
2004-11-19 00:00:00-05:00,44.4900016784668,44.91999816894531,44.470001220703125,44.779998779296875,11655300,0.0,0.0,0.0
2004-11-22 00:00:00-05:00,44.75,44.970001220703125,44.7400016784668,44.95000076293945,11996000,0.0,0.0,0.0
2004-11-23 00:00:00-05:00,44.880001068115234,44.91999816894531,44.720001220703125,44.75,3169200,0.0,0.0,0.0
2004-11-24 00:00:00-05:00,44.93000030517578,45.04999923706055,44.790000915527344,45.04999923706055,6105100,0.0,0.0,0.0
2004-11-26 00:00:00-05:00,45.25,45.599998474121094,45.060001373291016,45.290000915527344,3097700,0.0,0.0,0.0
2004-11-29 00:00:00-05:00,45.099998474121094,45.5,45.08000183105469,45.400001525878906,3759000,0.0,0.0,0.0
2004-11-30 00:00:00-05:00,45.369998931884766,45.40999984741211,44.81999969482422,45.119998931884766,3857200,0.0,0.0,0.0
2004-12-01 00:00:00-05:00,45.279998779296875,45.59000015258789,45.2599983215332,45.380001068115234,2037500,0.0,0.0,0.0
2004-12-02 00:00:00-05:00,45.54999923706055,45.56999969482422,44.68000030517578,44.95000076293945,6457800,0.0,0.0,0.0
2004-12-03 00:00:00-05:00,45.040000915527344,46.0,44.79999923706055,45.599998474121094,4218300,0.0,0.0,0.0
2004-12-06 00:00:00-05:00,45.38999938964844,45.470001220703125,45.11000061035156,45.16999816894531,3102400,0.0,0.0,0.0
2004-12-07 00:00:00-05:00,45.29999923706055,45.31999969482422,45.06999969482422,45.11000061035156,3797300,0.0,0.0,0.0
2004-12-08 00:00:00-05:00,43.79999923706055,44.02000045776367,43.36000061035156,44.0099983215332,6148600,0.0,0.0,0.0
2004-12-09 00:00:00-05:00,43.75,43.900001525878906,43.20000076293945,43.779998779296875,3553400,0.0,0.0,0.0
2004-12-10 00:00:00-05:00,43.369998931884766,43.599998474121094,43.310001373291016,43.439998626708984,2464300,0.0,0.0,0.0
2004-12-13 00:00:00-05:00,43.61000061035156,44.0099983215332,43.5099983215332,43.90999984741211,1445100,0.0,0.0,0.0
2004-12-14 00:00:00-05:00,43.7599983215332,43.79999923706055,43.5099983215332,43.54999923706055,2240600,0.0,0.0,0.0
2004-12-15 00:00:00-05:00,44.099998474121094,44.16999816894531,43.91999816894531,43.9900016784668,2641400,0.0,0.0,0.0
2004-12-16 00:00:00-05:00,43.9900016784668,44.04999923706055,43.58000183105469,43.68000030517578,3269800,0.0,0.0,0.0
2004-12-17 00:00:00-05:00,43.93000030517578,44.220001220703125,43.779998779296875,44.189998626708984,1889300,0.0,0.0,0.0
2004-12-20 00:00:00-05:00,44.33000183105469,44.369998931884766,44.130001068115234,44.34000015258789,1942100,0.0,0.0,0.0
2004-12-21 00:00:00-05:00,44.130001068115234,44.2400016784668,44.04999923706055,44.220001220703125,1373400,0.0,0.0,0.0
2004-12-22 00:00:00-05:00,44.20000076293945,44.22999954223633,43.88999938964844,44.02000045776367,2705800,0.0,0.0,0.0
2004-12-23 00:00:00-05:00,44.16999816894531,44.349998474121094,44.04999923706055,44.27000045776367,639800,0.0,0.0,0.0
2004-12-27 00:00:00-05:00,44.290000915527344,44.560001373291016,44.27000045776367,44.47999954223633,2643500,0.0,0.0,0.0
2004-12-28 00:00:00-05:00,44.41999816894531,44.470001220703125,44.290000915527344,44.369998931884766,773200,0.0,0.0,0.0
2004-12-29 00:00:00-05:00,43.91999816894531,44.02000045776367,43.349998474121094,43.65999984741211,5632200,0.0,0.0,0.0
2004-12-30 00:00:00-05:00,43.5,43.880001068115234,43.4900016784668,43.83000183105469,1289600,0.0,0.0,0.0
2004-12-31 00:00:00-05:00,43.849998474121094,43.939998626708984,43.72999954223633,43.79999923706055,531600,0.0,0.0,0.0
2005-01-03 00:00:00-05:00,42.97999954223633,43.16999816894531,42.7400016784668,43.02000045776367,4750400,0.0,0.0,0.0
2005-01-04 00:00:00-05:00,42.79999923706055,42.90999984741211,42.459999084472656,42.7400016784668,3456800,0.0,0.0,0.0
2005-01-05 00:00:00-05:00,42.75,42.880001068115234,42.599998474121094,42.66999816894531,2033600,0.0,0.0,0.0
2005-01-06 00:00:00-05:00,42.47999954223633,42.560001373291016,42.06999969482422,42.150001525878906,2556400,0.0,0.0,0.0
2005-01-07 00:00:00-05:00,42.09000015258789,42.38999938964844,41.70000076293945,41.84000015258789,4492700,0.0,0.0,0.0
2005-01-10 00:00:00-05:00,41.9900016784668,42.06999969482422,41.88999938964844,41.95000076293945,1025800,0.0,0.0,0.0
2005-01-11 00:00:00-05:00,42.209999084472656,42.279998779296875,42.119998931884766,42.209999084472656,1507300,0.0,0.0,0.0
2005-01-12 00:00:00-05:00,42.52000045776367,42.790000915527344,42.47999954223633,42.599998474121094,1738000,0.0,0.0,0.0
2005-01-13 00:00:00-05:00,42.38999938964844,42.599998474121094,42.34000015258789,42.599998474121094,718300,0.0,0.0,0.0
2005-01-14 00:00:00-05:00,42.189998626708984,42.31999969482422,42.130001068115234,42.31999969482422,1262300,0.0,0.0,0.0
2005-01-18 00:00:00-05:00,42.220001220703125,42.380001068115234,42.150001525878906,42.31999969482422,666800,0.0,0.0,0.0
2005-01-19 00:00:00-05:00,42.650001525878906,42.650001525878906,42.20000076293945,42.2599983215332,1578900,0.0,0.0,0.0
2005-01-20 00:00:00-05:00,42.119998931884766,42.31999969482422,42.11000061035156,42.25,1276200,0.0,0.0,0.0
2005-01-21 00:00:00-05:00,42.31999969482422,42.81999969482422,42.290000915527344,42.7400016784668,889800,0.0,0.0,0.0
2005-01-24 00:00:00-05:00,42.7400016784668,42.81999969482422,42.66999816894531,42.77000045776367,2294900,0.0,0.0,0.0
2005-01-25 00:00:00-05:00,42.529998779296875,42.560001373291016,42.099998474121094,42.2400016784668,1332500,0.0,0.0,0.0
2005-01-26 00:00:00-05:00,42.59000015258789,42.779998779296875,42.560001373291016,42.689998626708984,541800,0.0,0.0,0.0
2005-01-27 00:00:00-05:00,42.47999954223633,42.650001525878906,42.400001525878906,42.619998931884766,571200,0.0,0.0,0.0
2005-01-28 00:00:00-05:00,42.709999084472656,42.72999954223633,42.43000030517578,42.689998626708984,1149100,0.0,0.0,0.0
2005-01-31 00:00:00-05:00,42.209999084472656,42.29999923706055,41.959999084472656,42.220001220703125,1692400,0.0,0.0,0.0
2005-02-01 00:00:00-05:00,42.09000015258789,42.13999938964844,41.95000076293945,42.099998474121094,1088900,0.0,0.0,0.0
2005-02-02 00:00:00-05:00,42.220001220703125,42.22999954223633,42.02000045776367,42.15999984741211,956500,0.0,0.0,0.0
2005-02-03 00:00:00-05:00,41.560001373291016,41.7400016784668,41.5,41.68000030517578,2446400,0.0,0.0,0.0
2005-02-04 00:00:00-05:00,41.59000015258789,41.650001525878906,41.38999938964844,41.470001220703125,1819400,0.0,0.0,0.0
2005-02-07 00:00:00-05:00,41.54999923706055,41.54999923706055,41.209999084472656,41.27000045776367,1754000,0.0,0.0,0.0
2005-02-08 00:00:00-05:00,41.189998626708984,41.400001525878906,41.04999923706055,41.2599983215332,1296800,0.0,0.0,0.0
2005-02-09 00:00:00-05:00,41.029998779296875,41.36000061035156,41.02000045776367,41.310001373291016,3477900,0.0,0.0,0.0
2005-02-10 00:00:00-05:00,41.529998779296875,41.84000015258789,41.45000076293945,41.75,7774500,0.0,0.0,0.0
2005-02-11 00:00:00-05:00,41.88999938964844,42.15999984741211,41.83000183105469,42.08000183105469,1896500,0.0,0.0,0.0
2005-02-14 00:00:00-05:00,42.41999816894531,42.630001068115234,42.31999969482422,42.54999923706055,2351800,0.0,0.0,0.0
2005-02-15 00:00:00-05:00,42.400001525878906,42.599998474121094,42.34000015258789,42.58000183105469,1559900,0.0,0.0,0.0
2005-02-16 00:00:00-05:00,42.31999969482422,42.599998474121094,42.20000076293945,42.52000045776367,1820400,0.0,0.0,0.0
2005-02-17 00:00:00-05:00,42.52000045776367,42.810001373291016,42.5099983215332,42.72999954223633,3054200,0.0,0.0,0.0
2005-02-18 00:00:00-05:00,42.709999084472656,42.81999969482422,42.63999938964844,42.75,863200,0.0,0.0,0.0
2005-02-22 00:00:00-05:00,43.38999938964844,43.630001068115234,43.20000076293945,43.56999969482422,3378400,0.0,0.0,0.0
2005-02-23 00:00:00-05:00,43.290000915527344,43.54999923706055,43.150001525878906,43.41999816894531,1534900,0.0,0.0,0.0
2005-02-24 00:00:00-05:00,43.47999954223633,43.47999954223633,43.20000076293945,43.33000183105469,1219300,0.0,0.0,0.0
2005-02-25 00:00:00-05:00,43.40999984741211,43.54999923706055,43.220001220703125,43.5,1100100,0.0,0.0,0.0
2005-02-28 00:00:00-05:00,43.68000030517578,43.7400016784668,43.52000045776367,43.529998779296875,755300,0.0,0.0,0.0
2005-03-01 00:00:00-05:00,43.29999923706055,43.369998931884766,43.099998474121094,43.220001220703125,3245600,0.0,0.0,0.0
2005-03-02 00:00:00-05:00,43.15999984741211,43.349998474121094,43.08000183105469,43.25,1188000,0.0,0.0,0.0
2005-03-03 00:00:00-05:00,43.060001373291016,43.130001068115234,42.900001525878906,42.970001220703125,1924600,0.0,0.0,0.0
2005-03-04 00:00:00-05:00,43.310001373291016,43.52000045776367,43.310001373291016,43.380001068115234,915000,0.0,0.0,0.0
2005-03-07 00:00:00-05:00,43.31999969482422,43.5099983215332,43.2599983215332,43.470001220703125,1290100,0.0,0.0,0.0
2005-03-08 00:00:00-05:00,43.709999084472656,44.08000183105469,43.59000015258789,44.029998779296875,2674900,0.0,0.0,0.0
2005-03-09 00:00:00-05:00,43.95000076293945,44.20000076293945,43.91999816894531,44.02000045776367,3025000,0.0,0.0,0.0
2005-03-10 00:00:00-05:00,44.150001525878906,44.25,44.0,44.20000076293945,2065000,0.0,0.0,0.0
2005-03-11 00:00:00-05:00,44.310001373291016,44.66999816894531,44.279998779296875,44.43000030517578,2659600,0.0,0.0,0.0
2005-03-14 00:00:00-05:00,44.2599983215332,44.2599983215332,43.95000076293945,44.029998779296875,866600,0.0,0.0,0.0
2005-03-15 00:00:00-05:00,44.22999954223633,44.22999954223633,43.93000030517578,44.060001373291016,1254900,0.0,0.0,0.0
2005-03-16 00:00:00-05:00,44.290000915527344,44.349998474121094,44.20000076293945,44.310001373291016,2223300,0.0,0.0,0.0
2005-03-17 00:00:00-05:00,43.970001220703125,43.970001220703125,43.66999816894531,43.81999969482422,1525200,0.0,0.0,0.0
2005-03-18 00:00:00-05:00,43.61000061035156,43.95000076293945,43.599998474121094,43.88999938964844,1207500,0.0,0.0,0.0
2005-03-21 00:00:00-05:00,43.209999084472656,43.25,42.869998931884766,43.09000015258789,3814400,0.0,0.0,0.0
2005-03-22 00:00:00-05:00,43.209999084472656,43.220001220703125,42.54999923706055,42.650001525878906,2609400,0.0,0.0,0.0
2005-03-23 00:00:00-05:00,42.599998474121094,42.66999816894531,42.349998474121094,42.41999816894531,2618600,0.0,0.0,0.0
2005-03-24 00:00:00-05:00,42.5099983215332,42.540000915527344,42.369998931884766,42.38999938964844,1466300,0.0,0.0,0.0
2005-03-28 00:00:00-05:00,42.459999084472656,42.58000183105469,42.40999984741211,42.540000915527344,581100,0.0,0.0,0.0
2005-03-29 00:00:00-05:00,42.61000061035156,42.630001068115234,42.540000915527344,42.560001373291016,1197800,0.0,0.0,0.0
2005-03-30 00:00:00-05:00,42.650001525878906,42.810001373291016,42.560001373291016,42.61000061035156,1324300,0.0,0.0,0.0
2005-03-31 00:00:00-05:00,42.869998931884766,42.869998931884766,42.70000076293945,42.81999969482422,1363200,0.0,0.0,0.0
2005-04-01 00:00:00-05:00,42.599998474121094,42.619998931884766,42.45000076293945,42.619998931884766,2448500,0.0,0.0,0.0
2005-04-04 00:00:00-04:00,42.43000030517578,42.43000030517578,42.22999954223633,42.400001525878906,1893100,0.0,0.0,0.0
2005-04-05 00:00:00-04:00,42.4900016784668,42.540000915527344,42.380001068115234,42.45000076293945,888000,0.0,0.0,0.0
2005-04-06 00:00:00-04:00,42.4900016784668,42.720001220703125,42.4900016784668,42.630001068115234,1637500,0.0,0.0,0.0
2005-04-07 00:00:00-04:00,42.77000045776367,42.810001373291016,42.529998779296875,42.56999969482422,2853000,0.0,0.0,0.0
2005-04-08 00:00:00-04:00,42.47999954223633,42.709999084472656,42.459999084472656,42.689998626708984,1002100,0.0,0.0,0.0
2005-04-11 00:00:00-04:00,42.84000015258789,42.959999084472656,42.7400016784668,42.779998779296875,514100,0.0,0.0,0.0
2005-04-12 00:00:00-04:00,42.70000076293945,42.84000015258789,42.61000061035156,42.84000015258789,2098700,0.0,0.0,0.0
2005-04-13 00:00:00-04:00,42.7599983215332,42.95000076293945,42.68000030517578,42.900001525878906,384000,0.0,0.0,0.0
2005-04-14 00:00:00-04:00,42.45000076293945,42.47999954223633,42.15999984741211,42.310001373291016,3679800,0.0,0.0,0.0
2005-04-15 00:00:00-04:00,42.380001068115234,42.560001373291016,42.36000061035156,42.400001525878906,1811100,0.0,0.0,0.0
2005-04-18 00:00:00-04:00,42.54999923706055,42.779998779296875,42.52000045776367,42.689998626708984,909800,0.0,0.0,0.0
2005-04-19 00:00:00-04:00,42.790000915527344,43.36000061035156,42.720001220703125,43.279998779296875,3145400,0.0,0.0,0.0
2005-04-20 00:00:00-04:00,43.209999084472656,43.52000045776367,43.189998626708984,43.400001525878906,1248100,0.0,0.0,0.0
2005-04-21 00:00:00-04:00,43.41999816894531,43.43000030517578,43.13999938964844,43.189998626708984,1550600,0.0,0.0,0.0
2005-04-22 00:00:00-04:00,43.459999084472656,43.5,43.310001373291016,43.38999938964844,1169000,0.0,0.0,0.0
2005-04-25 00:00:00-04:00,43.349998474121094,43.45000076293945,43.220001220703125,43.439998626708984,906300,0.0,0.0,0.0
2005-04-26 00:00:00-04:00,43.689998626708984,43.70000076293945,43.5,43.63999938964844,1531400,0.0,0.0,0.0
2005-04-27 00:00:00-04:00,43.529998779296875,43.540000915527344,43.119998931884766,43.20000076293945,2762500,0.0,0.0,0.0
2005-04-28 00:00:00-04:00,43.15999984741211,43.27000045776367,42.9900016784668,43.0,2260300,0.0,0.0,0.0
2005-04-29 00:00:00-04:00,43.18000030517578,43.61000061035156,43.18000030517578,43.349998474121094,3736700,0.0,0.0,0.0
2005-05-02 00:00:00-04:00,43.130001068115234,43.16999816894531,42.810001373291016,42.880001068115234,1707400,0.0,0.0,0.0
2005-05-03 00:00:00-04:00,42.75,42.79999923706055,42.58000183105469,42.7599983215332,1268700,0.0,0.0,0.0
2005-05-04 00:00:00-04:00,42.869998931884766,42.91999816894531,42.72999954223633,42.900001525878906,607600,0.0,0.0,0.0
2005-05-05 00:00:00-04:00,42.959999084472656,42.959999084472656,42.709999084472656,42.90999984741211,319300,0.0,0.0,0.0
2005-05-06 00:00:00-04:00,42.43000030517578,42.630001068115234,42.34000015258789,42.52000045776367,3722700,0.0,0.0,0.0
2005-05-09 00:00:00-04:00,42.540000915527344,42.61000061035156,42.47999954223633,42.54999923706055,600000,0.0,0.0,0.0
2005-05-10 00:00:00-04:00,42.709999084472656,42.790000915527344,42.58000183105469,42.63999938964844,461000,0.0,0.0,0.0
2005-05-11 00:00:00-04:00,42.54999923706055,42.83000183105469,42.5099983215332,42.689998626708984,764600,0.0,0.0,0.0
2005-05-12 00:00:00-04:00,42.40999984741211,42.47999954223633,41.970001220703125,42.15999984741211,1878700,0.0,0.0,0.0
2005-05-13 00:00:00-04:00,42.119998931884766,42.119998931884766,41.83000183105469,41.95000076293945,802600,0.0,0.0,0.0
2005-05-16 00:00:00-04:00,41.77000045776367,41.900001525878906,41.77000045776367,41.880001068115234,874500,0.0,0.0,0.0
2005-05-17 00:00:00-04:00,41.95000076293945,42.04999923706055,41.83000183105469,41.86000061035156,880800,0.0,0.0,0.0
2005-05-18 00:00:00-04:00,41.9900016784668,42.11000061035156,41.83000183105469,42.04999923706055,2207100,0.0,0.0,0.0
2005-05-19 00:00:00-04:00,42.0,42.04999923706055,41.869998931884766,41.97999954223633,610200,0.0,0.0,0.0
2005-05-20 00:00:00-04:00,41.7599983215332,41.83000183105469,41.61000061035156,41.650001525878906,932800,0.0,0.0,0.0
2005-05-23 00:00:00-04:00,41.689998626708984,41.75,41.54999923706055,41.619998931884766,5001900,0.0,0.0,0.0
2005-05-24 00:00:00-04:00,41.83000183105469,41.83000183105469,41.650001525878906,41.72999954223633,1684600,0.0,0.0,0.0
2005-05-25 00:00:00-04:00,41.790000915527344,41.900001525878906,41.689998626708984,41.869998931884766,1535100,0.0,0.0,0.0
2005-05-26 00:00:00-04:00,41.72999954223633,41.810001373291016,41.650001525878906,41.689998626708984,341500,0.0,0.0,0.0
2005-05-27 00:00:00-04:00,41.810001373291016,41.959999084472656,41.7400016784668,41.880001068115234,2453600,0.0,0.0,0.0
2005-05-31 00:00:00-04:00,41.34000015258789,41.689998626708984,41.33000183105469,41.650001525878906,3198900,0.0,0.0,0.0
2005-06-01 00:00:00-04:00,41.40999984741211,41.650001525878906,41.400001525878906,41.529998779296875,1787900,0.0,0.0,0.0
2005-06-02 00:00:00-04:00,41.91999816894531,42.279998779296875,41.90999984741211,42.099998474121094,5752600,0.0,0.0,0.0
2005-06-03 00:00:00-04:00,42.33000183105469,42.38999938964844,42.16999816894531,42.16999816894531,3350700,0.0,0.0,0.0
2005-06-06 00:00:00-04:00,42.560001373291016,42.650001525878906,42.45000076293945,42.47999954223633,2470800,0.0,0.0,0.0
2005-06-07 00:00:00-04:00,42.47999954223633,42.47999954223633,42.310001373291016,42.380001068115234,611000,0.0,0.0,0.0
2005-06-08 00:00:00-04:00,42.45000076293945,42.560001373291016,42.2400016784668,42.34000015258789,691500,0.0,0.0,0.0
2005-06-09 00:00:00-04:00,42.2400016784668,42.400001525878906,42.029998779296875,42.27000045776367,694700,0.0,0.0,0.0
2005-06-10 00:00:00-04:00,42.25,42.720001220703125,42.119998931884766,42.619998931884766,1678000,0.0,0.0,0.0
2005-06-13 00:00:00-04:00,42.81999969482422,43.0099983215332,42.70000076293945,42.779998779296875,2331600,0.0,0.0,0.0
2005-06-14 00:00:00-04:00,42.65999984741211,42.70000076293945,42.58000183105469,42.599998474121094,825500,0.0,0.0,0.0
2005-06-15 00:00:00-04:00,42.689998626708984,42.88999938964844,42.66999816894531,42.7400016784668,2311400,0.0,0.0,0.0
2005-06-16 00:00:00-04:00,43.29999923706055,43.54999923706055,43.16999816894531,43.459999084472656,1809200,0.0,0.0,0.0
2005-06-17 00:00:00-04:00,43.779998779296875,43.849998474121094,43.61000061035156,43.630001068115234,1816500,0.0,0.0,0.0
2005-06-20 00:00:00-04:00,43.939998626708984,43.939998626708984,43.65999984741211,43.65999984741211,1433700,0.0,0.0,0.0
2005-06-21 00:00:00-04:00,43.58000183105469,43.81999969482422,43.41999816894531,43.810001373291016,672600,0.0,0.0,0.0
2005-06-22 00:00:00-04:00,43.65999984741211,43.7599983215332,43.529998779296875,43.720001220703125,1258500,0.0,0.0,0.0
2005-06-23 00:00:00-04:00,43.84000015258789,44.130001068115234,43.779998779296875,44.02000045776367,1576600,0.0,0.0,0.0
2005-06-24 00:00:00-04:00,43.959999084472656,44.060001373291016,43.68000030517578,43.900001525878906,473500,0.0,0.0,0.0
2005-06-27 00:00:00-04:00,43.900001525878906,43.93000030517578,43.72999954223633,43.90999984741211,1016600,0.0,0.0,0.0
2005-06-28 00:00:00-04:00,43.63999938964844,43.63999938964844,43.369998931884766,43.45000076293945,1295600,0.0,0.0,0.0
2005-06-29 00:00:00-04:00,43.4900016784668,43.70000076293945,43.459999084472656,43.630001068115234,1199800,0.0,0.0,0.0
2005-06-30 00:00:00-04:00,43.630001068115234,43.77000045776367,43.36000061035156,43.439998626708984,1087500,0.0,0.0,0.0
2005-07-01 00:00:00-04:00,43.400001525878906,43.400001525878906,42.59000015258789,42.70000076293945,1755100,0.0,0.0,0.0
2005-07-05 00:00:00-04:00,42.34000015258789,42.34000015258789,42.060001373291016,42.279998779296875,2582700,0.0,0.0,0.0
2005-07-06 00:00:00-04:00,42.36000061035156,42.380001068115234,42.2400016784668,42.25,1254600,0.0,0.0,0.0
2005-07-07 00:00:00-04:00,42.470001220703125,42.560001373291016,42.04999923706055,42.36000061035156,4345200,0.0,0.0,0.0
2005-07-08 00:00:00-04:00,42.31999969482422,42.400001525878906,42.119998931884766,42.2599983215332,824200,0.0,0.0,0.0
2005-07-11 00:00:00-04:00,42.33000183105469,42.56999969482422,42.279998779296875,42.540000915527344,2252900,0.0,0.0,0.0
2005-07-12 00:00:00-04:00,42.61000061035156,42.63999938964844,42.400001525878906,42.63999938964844,1274200,0.0,0.0,0.0
2005-07-13 00:00:00-04:00,42.349998474121094,42.380001068115234,42.25,42.349998474121094,981300,0.0,0.0,0.0
2005-07-14 00:00:00-04:00,42.33000183105469,42.36000061035156,41.79999923706055,41.900001525878906,1642600,0.0,0.0,0.0
2005-07-15 00:00:00-04:00,41.7599983215332,42.06999969482422,41.70000076293945,42.04999923706055,1104800,0.0,0.0,0.0
2005-07-18 00:00:00-04:00,41.959999084472656,42.16999816894531,41.939998626708984,42.0099983215332,956400,0.0,0.0,0.0
2005-07-19 00:00:00-04:00,41.880001068115234,42.0,41.810001373291016,41.88999938964844,1132600,0.0,0.0,0.0
2005-07-20 00:00:00-04:00,42.15999984741211,42.25,42.04999923706055,42.20000076293945,2266800,0.0,0.0,0.0
2005-07-21 00:00:00-04:00,42.43000030517578,42.5099983215332,42.33000183105469,42.459999084472656,1777300,0.0,0.0,0.0
2005-07-22 00:00:00-04:00,42.45000076293945,42.47999954223633,42.34000015258789,42.45000076293945,633300,0.0,0.0,0.0
2005-07-25 00:00:00-04:00,42.459999084472656,42.560001373291016,42.43000030517578,42.5099983215332,2122100,0.0,0.0,0.0
2005-07-26 00:00:00-04:00,42.279998779296875,42.369998931884766,42.13999938964844,42.25,637000,0.0,0.0,0.0
2005-07-27 00:00:00-04:00,42.29999923706055,42.5,42.29999923706055,42.439998626708984,1560600,0.0,0.0,0.0
2005-07-28 00:00:00-04:00,42.459999084472656,42.790000915527344,42.459999084472656,42.75,3673300,0.0,0.0,0.0
2005-07-29 00:00:00-04:00,42.83000183105469,42.959999084472656,42.790000915527344,42.81999969482422,1185100,0.0,0.0,0.0
2005-08-01 00:00:00-04:00,43.08000183105469,43.16999816894531,42.9900016784668,43.130001068115234,1493900,0.0,0.0,0.0
2005-08-02 00:00:00-04:00,43.06999969482422,43.150001525878906,42.9900016784668,43.13999938964844,699600,0.0,0.0,0.0
2005-08-03 00:00:00-04:00,43.380001068115234,43.619998931884766,43.349998474121094,43.529998779296875,1545900,0.0,0.0,0.0
2005-08-04 00:00:00-04:00,43.68000030517578,43.81999969482422,43.630001068115234,43.68000030517578,867600,0.0,0.0,0.0
2005-08-05 00:00:00-04:00,43.709999084472656,43.75,43.560001373291016,43.599998474121094,1100600,0.0,0.0,0.0
2005-08-08 00:00:00-04:00,43.52000045776367,43.54999923706055,43.27000045776367,43.349998474121094,1108500,0.0,0.0,0.0
2005-08-09 00:00:00-04:00,43.27000045776367,43.349998474121094,43.16999816894531,43.34000015258789,1305800,0.0,0.0,0.0
2005-08-10 00:00:00-04:00,43.5,43.65999984741211,43.45000076293945,43.650001525878906,695500,0.0,0.0,0.0
2005-08-11 00:00:00-04:00,43.900001525878906,44.619998931884766,43.86000061035156,44.45000076293945,2186100,0.0,0.0,0.0
2005-08-12 00:00:00-04:00,44.4900016784668,44.720001220703125,44.43000030517578,44.4900016784668,2428500,0.0,0.0,0.0
2005-08-15 00:00:00-04:00,44.189998626708984,44.27000045776367,43.97999954223633,44.130001068115234,1524500,0.0,0.0,0.0
2005-08-16 00:00:00-04:00,44.060001373291016,44.56999969482422,44.04999923706055,44.54999923706055,1882600,0.0,0.0,0.0
2005-08-17 00:00:00-04:00,44.2599983215332,44.29999923706055,43.720001220703125,43.90999984741211,1990300,0.0,0.0,0.0
2005-08-18 00:00:00-04:00,43.939998626708984,44.13999938964844,43.81999969482422,43.83000183105469,1093500,0.0,0.0,0.0
2005-08-19 00:00:00-04:00,43.77000045776367,43.880001068115234,43.4900016784668,43.599998474121094,811800,0.0,0.0,0.0
2005-08-22 00:00:00-04:00,43.84000015258789,43.95000076293945,43.65999984741211,43.70000076293945,877200,0.0,0.0,0.0
2005-08-23 00:00:00-04:00,43.84000015258789,43.900001525878906,43.709999084472656,43.7599983215332,607700,0.0,0.0,0.0
2005-08-24 00:00:00-04:00,43.939998626708984,43.959999084472656,43.40999984741211,43.59000015258789,894300,0.0,0.0,0.0
2005-08-25 00:00:00-04:00,43.7599983215332,43.810001373291016,43.599998474121094,43.72999954223633,1652600,0.0,0.0,0.0
2005-08-26 00:00:00-04:00,43.779998779296875,43.900001525878906,43.5099983215332,43.61000061035156,1301700,0.0,0.0,0.0
2005-08-29 00:00:00-04:00,43.810001373291016,43.959999084472656,43.560001373291016,43.56999969482422,1585500,0.0,0.0,0.0
2005-08-30 00:00:00-04:00,42.959999084472656,43.06999969482422,42.810001373291016,43.0099983215332,2200400,0.0,0.0,0.0
2005-08-31 00:00:00-04:00,43.099998474121094,43.400001525878906,43.029998779296875,43.400001525878906,2416500,0.0,0.0,0.0
2005-09-01 00:00:00-04:00,43.93000030517578,44.400001525878906,43.849998474121094,44.220001220703125,2502900,0.0,0.0,0.0
2005-09-02 00:00:00-04:00,44.2400016784668,44.36000061035156,44.09000015258789,44.25,1414900,0.0,0.0,0.0
2005-09-06 00:00:00-04:00,44.41999816894531,44.41999816894531,44.189998626708984,44.27000045776367,819700,0.0,0.0,0.0
2005-09-07 00:00:00-04:00,44.40999984741211,44.4900016784668,44.290000915527344,44.33000183105469,1300700,0.0,0.0,0.0
2005-09-08 00:00:00-04:00,44.720001220703125,44.779998779296875,44.470001220703125,44.599998474121094,1061200,0.0,0.0,0.0
2005-09-09 00:00:00-04:00,44.66999816894531,44.869998931884766,44.65999984741211,44.84000015258789,1393900,0.0,0.0,0.0
2005-09-12 00:00:00-04:00,44.68000030517578,44.88999938964844,44.619998931884766,44.88999938964844,752500,0.0,0.0,0.0
2005-09-13 00:00:00-04:00,44.619998931884766,44.619998931884766,44.36000061035156,44.560001373291016,952700,0.0,0.0,0.0
2005-09-14 00:00:00-04:00,44.81999969482422,44.959999084472656,44.65999984741211,44.959999084472656,1733800,0.0,0.0,0.0
2005-09-15 00:00:00-04:00,45.2400016784668,45.470001220703125,45.130001068115234,45.41999816894531,2150300,0.0,0.0,0.0
2005-09-16 00:00:00-04:00,45.79999923706055,45.880001068115234,45.54999923706055,45.81999969482422,2878900,0.0,0.0,0.0
2005-09-19 00:00:00-04:00,46.27000045776367,46.72999954223633,46.220001220703125,46.25,6072100,0.0,0.0,0.0
2005-09-20 00:00:00-04:00,46.52000045776367,46.52000045776367,46.220001220703125,46.22999954223633,1898900,0.0,0.0,0.0
2005-09-21 00:00:00-04:00,46.58000183105469,47.130001068115234,46.54999923706055,47.060001373291016,3681900,0.0,0.0,0.0
2005-09-22 00:00:00-04:00,46.84000015258789,46.84000015258789,46.220001220703125,46.36000061035156,2347300,0.0,0.0,0.0
2005-09-23 00:00:00-04:00,46.20000076293945,46.29999923706055,45.91999816894531,46.279998779296875,2352800,0.0,0.0,0.0
2005-09-26 00:00:00-04:00,45.84000015258789,46.61000061035156,45.84000015258789,46.56999969482422,1361200,0.0,0.0,0.0
2005-09-27 00:00:00-04:00,46.13999938964844,46.33000183105469,45.65999984741211,46.25,2341300,0.0,0.0,0.0
2005-09-28 00:00:00-04:00,46.29999923706055,46.88999938964844,46.15999984741211,46.79999923706055,3448000,0.0,0.0,0.0
2005-09-29 00:00:00-04:00,46.86000061035156,47.22999954223633,46.83000183105469,47.099998474121094,2947200,0.0,0.0,0.0
2005-09-30 00:00:00-04:00,47.09000015258789,47.20000076293945,46.650001525878906,46.70000076293945,1194400,0.0,0.0,0.0
2005-10-03 00:00:00-04:00,46.619998931884766,46.630001068115234,46.380001068115234,46.41999816894531,2194900,0.0,0.0,0.0
2005-10-04 00:00:00-04:00,46.66999816894531,46.72999954223633,46.29999923706055,46.45000076293945,1764500,0.0,0.0,0.0
2005-10-05 00:00:00-04:00,46.380001068115234,46.529998779296875,46.13999938964844,46.36000061035156,1692300,0.0,0.0,0.0
2005-10-06 00:00:00-04:00,46.619998931884766,47.2599983215332,46.619998931884766,47.209999084472656,2009500,0.0,0.0,0.0
2005-10-07 00:00:00-04:00,46.9900016784668,47.47999954223633,46.939998626708984,47.36000061035156,1820500,0.0,0.0,0.0
2005-10-10 00:00:00-04:00,47.310001373291016,47.439998626708984,47.09000015258789,47.369998931884766,1285500,0.0,0.0,0.0
2005-10-11 00:00:00-04:00,47.400001525878906,47.720001220703125,47.36000061035156,47.38999938964844,2826900,0.0,0.0,0.0
2005-10-12 00:00:00-04:00,47.529998779296875,47.63999938964844,46.81999969482422,46.849998474121094,3930500,0.0,0.0,0.0
2005-10-13 00:00:00-04:00,46.88999938964844,47.060001373291016,46.599998474121094,47.02000045776367,2632300,0.0,0.0,0.0
2005-10-14 00:00:00-04:00,46.4900016784668,46.83000183105469,46.40999984741211,46.79999923706055,2442300,0.0,0.0,0.0
2005-10-17 00:00:00-04:00,47.2599983215332,47.369998931884766,47.189998626708984,47.2599983215332,1784300,0.0,0.0,0.0
2005-10-18 00:00:00-04:00,47.09000015258789,47.18000030517578,46.93000030517578,47.0,1243200,0.0,0.0,0.0
2005-10-19 00:00:00-04:00,46.5099983215332,46.5099983215332,46.040000915527344,46.34000015258789,2958200,0.0,0.0,0.0
2005-10-20 00:00:00-04:00,46.33000183105469,46.34000015258789,45.83000183105469,45.97999954223633,1680300,0.0,0.0,0.0
2005-10-21 00:00:00-04:00,46.119998931884766,46.560001373291016,45.90999984741211,46.52000045776367,1409400,0.0,0.0,0.0
2005-10-24 00:00:00-04:00,46.38999938964844,46.72999954223633,46.310001373291016,46.38999938964844,2051300,0.0,0.0,0.0
2005-10-25 00:00:00-04:00,46.93000030517578,47.189998626708984,46.900001525878906,47.060001373291016,3290500,0.0,0.0,0.0
2005-10-26 00:00:00-04:00,47.09000015258789,47.209999084472656,46.88999938964844,46.93000030517578,2248400,0.0,0.0,0.0
2005-10-27 00:00:00-04:00,47.400001525878906,47.41999816894531,47.099998474121094,47.18000030517578,2464500,0.0,0.0,0.0
2005-10-28 00:00:00-04:00,46.869998931884766,47.2599983215332,46.81999969482422,47.220001220703125,1435000,0.0,0.0,0.0
2005-10-31 00:00:00-05:00,47.02000045776367,47.040000915527344,46.33000183105469,46.400001525878906,2327500,0.0,0.0,0.0
2005-11-01 00:00:00-05:00,46.06999969482422,46.06999969482422,45.650001525878906,45.72999954223633,3483400,0.0,0.0,0.0
2005-11-02 00:00:00-05:00,45.9900016784668,46.22999954223633,45.900001525878906,46.130001068115234,1008600,0.0,0.0,0.0
2005-11-03 00:00:00-05:00,46.060001373291016,46.08000183105469,45.75,45.959999084472656,1703300,0.0,0.0,0.0
2005-11-04 00:00:00-05:00,45.93000030517578,46.06999969482422,45.31999969482422,45.5099983215332,1813200,0.0,0.0,0.0
2005-11-07 00:00:00-05:00,45.66999816894531,45.81999969482422,45.459999084472656,45.77000045776367,816600,0.0,0.0,0.0
2005-11-08 00:00:00-05:00,45.83000183105469,46.099998474121094,45.81999969482422,45.90999984741211,583600,0.0,0.0,0.0
2005-11-09 00:00:00-05:00,46.119998931884766,46.650001525878906,46.029998779296875,46.560001373291016,1382700,0.0,0.0,0.0
2005-11-10 00:00:00-05:00,46.779998779296875,46.81999969482422,46.36000061035156,46.47999954223633,810900,0.0,0.0,0.0
2005-11-11 00:00:00-05:00,46.54999923706055,46.79999923706055,46.439998626708984,46.79999923706055,1467300,0.0,0.0,0.0
2005-11-14 00:00:00-05:00,46.560001373291016,46.810001373291016,46.5099983215332,46.619998931884766,706500,0.0,0.0,0.0
2005-11-15 00:00:00-05:00,46.79999923706055,46.83000183105469,46.529998779296875,46.65999984741211,1325400,0.0,0.0,0.0
2005-11-16 00:00:00-05:00,47.290000915527344,47.779998779296875,47.220001220703125,47.779998779296875,2355200,0.0,0.0,0.0
2005-11-17 00:00:00-05:00,48.22999954223633,48.58000183105469,48.16999816894531,48.47999954223633,4172400,0.0,0.0,0.0
2005-11-18 00:00:00-05:00,48.5,48.61000061035156,48.20000076293945,48.459999084472656,1453800,0.0,0.0,0.0
2005-11-21 00:00:00-05:00,48.689998626708984,49.02000045776367,48.5,48.9900016784668,2384900,0.0,0.0,0.0
2005-11-22 00:00:00-05:00,49.02000045776367,49.34000015258789,48.849998474121094,49.31999969482422,2799500,0.0,0.0,0.0
2005-11-23 00:00:00-05:00,48.79999923706055,49.25,48.2400016784668,49.150001525878906,1731700,0.0,0.0,0.0
2005-11-25 00:00:00-05:00,49.45000076293945,49.9900016784668,49.29999923706055,49.41999816894531,775000,0.0,0.0,0.0
2005-11-28 00:00:00-05:00,49.29999923706055,49.75,49.2599983215332,49.7400016784668,2192000,0.0,0.0,0.0
2005-11-29 00:00:00-05:00,49.56999969482422,49.97999954223633,49.380001068115234,49.79999923706055,2283600,0.0,0.0,0.0
2005-11-30 00:00:00-05:00,49.36000061035156,49.5,49.060001373291016,49.099998474121094,1833400,0.0,0.0,0.0
2005-12-01 00:00:00-05:00,49.630001068115234,50.290000915527344,49.58000183105469,50.16999816894531,2557900,0.0,0.0,0.0
2005-12-02 00:00:00-05:00,49.93000030517578,50.34000015258789,49.88999938964844,50.31999969482422,1651900,0.0,0.0,0.0
2005-12-05 00:00:00-05:00,50.43000030517578,50.79999923706055,50.290000915527344,50.779998779296875,1847500,0.0,0.0,0.0
2005-12-06 00:00:00-05:00,50.380001068115234,50.95000076293945,50.209999084472656,50.88999938964844,2493600,0.0,0.0,0.0
2005-12-07 00:00:00-05:00,51.220001220703125,51.5,51.099998474121094,51.31999969482422,2279800,0.0,0.0,0.0
2005-12-08 00:00:00-05:00,51.34000015258789,51.95000076293945,51.2599983215332,51.900001525878906,3046000,0.0,0.0,0.0
2005-12-09 00:00:00-05:00,52.310001373291016,52.900001525878906,52.029998779296875,52.400001525878906,5882400,0.0,0.0,0.0
2005-12-12 00:00:00-05:00,53.09000015258789,53.7599983215332,52.25,52.560001373291016,7504600,0.0,0.0,0.0
2005-12-13 00:00:00-05:00,52.20000076293945,53.22999954223633,51.560001373291016,51.650001525878906,6162100,0.0,0.0,0.0
2005-12-14 00:00:00-05:00,50.95000076293945,51.20000076293945,50.25,50.349998474121094,6994000,0.0,0.0,0.0
2005-12-15 00:00:00-05:00,50.47999954223633,50.790000915527344,50.11000061035156,50.2400016784668,4728500,0.0,0.0,0.0
2005-12-16 00:00:00-05:00,50.31999969482422,50.59000015258789,49.93000030517578,50.09000015258789,2688000,0.0,0.0,0.0
2005-12-19 00:00:00-05:00,50.58000183105469,50.75,50.119998931884766,50.220001220703125,2077100,0.0,0.0,0.0
2005-12-20 00:00:00-05:00,50.349998474121094,50.400001525878906,49.0,49.040000915527344,4317900,0.0,0.0,0.0
2005-12-21 00:00:00-05:00,49.119998931884766,49.45000076293945,48.79999923706055,49.369998931884766,3956400,0.0,0.0,0.0
2005-12-22 00:00:00-05:00,49.5099983215332,50.29999923706055,49.470001220703125,50.13999938964844,2965300,0.0,0.0,0.0
2005-12-23 00:00:00-05:00,50.099998474121094,50.459999084472656,50.08000183105469,50.119998931884766,2877600,0.0,0.0,0.0
2005-12-27 00:00:00-05:00,50.650001525878906,50.70000076293945,50.5,50.63999938964844,4403700,0.0,0.0,0.0
2005-12-28 00:00:00-05:00,51.5099983215332,51.61000061035156,51.18000030517578,51.470001220703125,5060900,0.0,0.0,0.0
2005-12-29 00:00:00-05:00,51.47999954223633,51.58000183105469,50.91999816894531,51.470001220703125,3280200,0.0,0.0,0.0
2005-12-30 00:00:00-05:00,51.189998626708984,51.720001220703125,51.16999816894531,51.58000183105469,2635900,0.0,0.0,0.0
2006-01-03 00:00:00-05:00,52.290000915527344,53.18000030517578,52.22999954223633,53.119998931884766,4606500,0.0,0.0,0.0
2006-01-04 00:00:00-05:00,52.869998931884766,53.34000015258789,52.619998931884766,53.29999923706055,5287900,0.0,0.0,0.0
2006-01-05 00:00:00-05:00,52.560001373291016,52.720001220703125,52.099998474121094,52.34000015258789,7661800,0.0,0.0,0.0
2006-01-06 00:00:00-05:00,53.13999938964844,53.869998931884766,53.040000915527344,53.720001220703125,4629800,0.0,0.0,0.0
2006-01-09 00:00:00-05:00,53.459999084472656,54.9900016784668,53.310001373291016,54.599998474121094,5394200,0.0,0.0,0.0
2006-01-10 00:00:00-05:00,53.959999084472656,54.380001068115234,53.7599983215332,54.060001373291016,5700600,0.0,0.0,0.0
2006-01-11 00:00:00-05:00,54.2400016784668,54.77000045776367,54.06999969482422,54.529998779296875,4209500,0.0,0.0,0.0
2006-01-12 00:00:00-05:00,54.209999084472656,54.63999938964844,54.0099983215332,54.43000030517578,3603000,0.0,0.0,0.0
2006-01-13 00:00:00-05:00,54.54999923706055,55.560001373291016,54.5099983215332,55.439998626708984,4346200,0.0,0.0,0.0
2006-01-17 00:00:00-05:00,55.25,55.869998931884766,55.029998779296875,55.2599983215332,5130400,0.0,0.0,0.0
2006-01-18 00:00:00-05:00,54.63999938964844,54.72999954223633,54.0099983215332,54.06999969482422,4565200,0.0,0.0,0.0
2006-01-19 00:00:00-05:00,54.959999084472656,55.709999084472656,54.95000076293945,55.59000015258789,5290700,0.0,0.0,0.0
2006-01-20 00:00:00-05:00,56.119998931884766,56.599998474121094,55.02000045776367,55.20000076293945,7270600,0.0,0.0,0.0
2006-01-23 00:00:00-05:00,55.59000015258789,55.900001525878906,55.2599983215332,55.77000045776367,4968500,0.0,0.0,0.0
2006-01-24 00:00:00-05:00,55.5,55.72999954223633,55.27000045776367,55.72999954223633,3419100,0.0,0.0,0.0
2006-01-25 00:00:00-05:00,56.220001220703125,56.529998779296875,55.7400016784668,56.13999938964844,10005200,0.0,0.0,0.0
2006-01-26 00:00:00-05:00,55.529998779296875,55.90999984741211,55.27000045776367,55.880001068115234,4306500,0.0,0.0,0.0
2006-01-27 00:00:00-05:00,55.959999084472656,56.22999954223633,55.470001220703125,55.630001068115234,4285400,0.0,0.0,0.0
2006-01-30 00:00:00-05:00,55.970001220703125,56.70000076293945,55.95000076293945,56.68000030517578,3969200,0.0,0.0,0.0
2006-01-31 00:00:00-05:00,56.56999969482422,57.04999923706055,56.529998779296875,56.70000076293945,5011700,0.0,0.0,0.0
2006-02-01 00:00:00-05:00,56.790000915527344,56.900001525878906,56.08000183105469,56.70000076293945,4700900,0.0,0.0,0.0
2006-02-02 00:00:00-05:00,57.040000915527344,57.29999923706055,56.66999816894531,56.97999954223633,5114300,0.0,0.0,0.0
2006-02-03 00:00:00-05:00,57.06999969482422,57.20000076293945,56.25,56.5,5054000,0.0,0.0,0.0
2006-02-06 00:00:00-05:00,56.7599983215332,57.150001525878906,56.650001525878906,56.720001220703125,3455200,0.0,0.0,0.0
2006-02-07 00:00:00-05:00,55.880001068115234,55.91999816894531,54.33000183105469,54.599998474121094,10197200,0.0,0.0,0.0
2006-02-08 00:00:00-05:00,54.70000076293945,55.08000183105469,54.40999984741211,54.83000183105469,5375900,0.0,0.0,0.0
2006-02-09 00:00:00-05:00,55.720001220703125,56.45000076293945,55.54999923706055,56.18000030517578,5299300,0.0,0.0,0.0
2006-02-10 00:00:00-05:00,55.7400016784668,55.7400016784668,54.41999816894531,54.790000915527344,4328600,0.0,0.0,0.0
2006-02-13 00:00:00-05:00,54.63999938964844,54.900001525878906,53.54999923706055,53.720001220703125,5122900,0.0,0.0,0.0
2006-02-14 00:00:00-05:00,53.939998626708984,54.529998779296875,53.68000030517578,54.4900016784668,3611000,0.0,0.0,0.0
2006-02-15 00:00:00-05:00,54.29999923706055,54.29999923706055,53.33000183105469,53.7599983215332,4813900,0.0,0.0,0.0
2006-02-16 00:00:00-05:00,53.41999816894531,54.540000915527344,53.41999816894531,54.52000045776367,5589300,0.0,0.0,0.0
2006-02-17 00:00:00-05:00,54.66999816894531,55.20000076293945,54.599998474121094,54.959999084472656,3927200,0.0,0.0,0.0
2006-02-21 00:00:00-05:00,55.13999938964844,55.34000015258789,55.0,55.119998931884766,3352600,0.0,0.0,0.0
2006-02-22 00:00:00-05:00,54.970001220703125,55.349998474121094,54.86000061035156,55.34000015258789,3835700,0.0,0.0,0.0
2006-02-23 00:00:00-05:00,55.08000183105469,55.11000061035156,54.54999923706055,54.63999938964844,2428700,0.0,0.0,0.0
2006-02-24 00:00:00-05:00,55.209999084472656,55.709999084472656,55.029998779296875,55.63999938964844,4927100,0.0,0.0,0.0
2006-02-27 00:00:00-05:00,55.2599983215332,55.31999969482422,55.0099983215332,55.220001220703125,2291600,0.0,0.0,0.0
2006-02-28 00:00:00-05:00,55.43000030517578,56.06999969482422,55.29999923706055,56.06999969482422,3425900,0.0,0.0,0.0
2006-03-01 00:00:00-05:00,56.02000045776367,56.41999816894531,55.91999816894531,56.099998474121094,4266500,0.0,0.0,0.0
2006-03-02 00:00:00-05:00,56.150001525878906,56.81999969482422,55.9900016784668,56.7400016784668,3862000,0.0,0.0,0.0
2006-03-03 00:00:00-05:00,56.47999954223633,56.540000915527344,56.20000076293945,56.279998779296875,3102800,0.0,0.0,0.0
2006-03-06 00:00:00-05:00,56.40999984741211,56.45000076293945,54.959999084472656,55.22999954223633,5432000,0.0,0.0,0.0
2006-03-07 00:00:00-05:00,55.33000183105469,55.33000183105469,54.54999923706055,54.95000076293945,4385400,0.0,0.0,0.0
2006-03-08 00:00:00-05:00,54.209999084472656,54.27000045776367,53.560001373291016,53.970001220703125,6712100,0.0,0.0,0.0
2006-03-09 00:00:00-05:00,54.599998474121094,54.779998779296875,54.130001068115234,54.2400016784668,3799200,0.0,0.0,0.0
2006-03-10 00:00:00-05:00,53.220001220703125,53.970001220703125,53.150001525878906,53.83000183105469,6489200,0.0,0.0,0.0
2006-03-13 00:00:00-05:00,54.09000015258789,54.459999084472656,53.91999816894531,54.310001373291016,2425700,0.0,0.0,0.0
2006-03-14 00:00:00-05:00,54.22999954223633,55.0,54.20000076293945,54.869998931884766,2671700,0.0,0.0,0.0
2006-03-15 00:00:00-05:00,55.40999984741211,55.439998626708984,54.97999954223633,55.119998931884766,4706800,0.0,0.0,0.0
2006-03-16 00:00:00-05:00,55.150001525878906,55.34000015258789,54.4900016784668,55.34000015258789,3342200,0.0,0.0,0.0
2006-03-17 00:00:00-05:00,55.279998779296875,55.33000183105469,54.93000030517578,55.119998931884766,2236000,0.0,0.0,0.0
2006-03-20 00:00:00-05:00,55.0099983215332,55.400001525878906,54.97999954223633,55.16999816894531,1884000,0.0,0.0,0.0
2006-03-21 00:00:00-05:00,54.709999084472656,55.279998779296875,54.400001525878906,54.83000183105469,4518900,0.0,0.0,0.0
2006-03-22 00:00:00-05:00,54.75,54.93000030517578,54.599998474121094,54.75,1077300,0.0,0.0,0.0
2006-03-23 00:00:00-05:00,54.36000061035156,54.849998474121094,54.2400016784668,54.70000076293945,4000800,0.0,0.0,0.0
2006-03-24 00:00:00-05:00,55.150001525878906,55.83000183105469,55.099998474121094,55.709999084472656,3785000,0.0,0.0,0.0
2006-03-27 00:00:00-05:00,56.18000030517578,56.54999923706055,56.18000030517578,56.38999938964844,4081900,0.0,0.0,0.0
2006-03-28 00:00:00-05:00,56.560001373291016,56.630001068115234,55.91999816894531,56.060001373291016,3419700,0.0,0.0,0.0
2006-03-29 00:00:00-05:00,56.34000015258789,57.150001525878906,56.25,57.06999969482422,5536700,0.0,0.0,0.0
2006-03-30 00:00:00-05:00,57.97999954223633,58.70000076293945,57.810001373291016,58.599998474121094,5875300,0.0,0.0,0.0
2006-03-31 00:00:00-05:00,58.06999969482422,58.310001373291016,57.560001373291016,58.099998474121094,5076400,0.0,0.0,0.0
2006-04-03 00:00:00-04:00,58.619998931884766,58.93000030517578,58.400001525878906,58.470001220703125,4894500,0.0,0.0,0.0
2006-04-04 00:00:00-04:00,58.439998626708984,58.7599983215332,58.18000030517578,58.33000183105469,5094500,0.0,0.0,0.0
2006-04-05 00:00:00-04:00,58.63999938964844,58.709999084472656,58.0,58.65999984741211,6660300,0.0,0.0,0.0
2006-04-06 00:00:00-04:00,58.970001220703125,59.34000015258789,58.849998474121094,59.279998779296875,5644000,0.0,0.0,0.0
2006-04-07 00:00:00-04:00,58.66999816894531,58.81999969482422,58.220001220703125,58.59000015258789,3427000,0.0,0.0,0.0
2006-04-10 00:00:00-04:00,59.47999954223633,59.650001525878906,58.95000076293945,59.599998474121094,3682000,0.0,0.0,0.0
2006-04-11 00:00:00-04:00,59.52000045776367,59.849998474121094,59.0,59.0099983215332,5023400,0.0,0.0,0.0
2006-04-12 00:00:00-04:00,59.45000076293945,59.709999084472656,59.150001525878906,59.43000030517578,3709300,0.0,0.0,0.0
2006-04-13 00:00:00-04:00,59.130001068115234,59.599998474121094,58.869998931884766,59.5,2812500,0.0,0.0,0.0
2006-04-17 00:00:00-04:00,60.380001068115234,61.29999923706055,60.20000076293945,61.09000015258789,6072600,0.0,0.0,0.0
2006-04-18 00:00:00-04:00,61.25,61.93000030517578,61.060001373291016,61.849998474121094,5130700,0.0,0.0,0.0
2006-04-19 00:00:00-04:00,61.959999084472656,63.95000076293945,61.900001525878906,63.75,11285100,0.0,0.0,0.0
2006-04-20 00:00:00-04:00,63.38999938964844,63.45000076293945,60.439998626708984,60.959999084472656,12977900,0.0,0.0,0.0
2006-04-21 00:00:00-04:00,62.5099983215332,63.279998779296875,61.779998779296875,63.20000076293945,7528100,0.0,0.0,0.0
2006-04-24 00:00:00-04:00,62.349998474121094,62.529998779296875,61.599998474121094,61.650001525878906,7385300,0.0,0.0,0.0
2006-04-25 00:00:00-04:00,62.86000061035156,63.18000030517578,62.18000030517578,62.779998779296875,5611200,0.0,0.0,0.0
2006-04-26 00:00:00-04:00,63.040000915527344,63.790000915527344,63.040000915527344,63.650001525878906,5795200,0.0,0.0,0.0
2006-04-27 00:00:00-04:00,62.84000015258789,64.0,62.77000045776367,62.959999084472656,6421200,0.0,0.0,0.0
2006-04-28 00:00:00-04:00,63.900001525878906,65.2699966430664,63.83000183105469,65.08999633789062,8378000,0.0,0.0,0.0
2006-05-01 00:00:00-04:00,65.68000030517578,65.83000183105469,64.9800033569336,65.16000366210938,7556200,0.0,0.0,0.0
2006-05-02 00:00:00-04:00,65.5999984741211,66.56999969482422,65.55999755859375,66.55000305175781,6194800,0.0,0.0,0.0
2006-05-03 00:00:00-04:00,67.13999938964844,67.13999938964844,65.33000183105469,66.45999908447266,11554600,0.0,0.0,0.0
2006-05-04 00:00:00-04:00,66.76000213623047,67.66999816894531,66.22000122070312,67.4800033569336,14123500,0.0,0.0,0.0
2006-05-05 00:00:00-04:00,67.51000213623047,68.01000213623047,67.05999755859375,67.98999786376953,9270900,0.0,0.0,0.0
2006-05-08 00:00:00-04:00,67.19999694824219,67.61000061035156,66.75,67.55999755859375,6528700,0.0,0.0,0.0
2006-05-09 00:00:00-04:00,68.54000091552734,69.72000122070312,68.44999694824219,69.68000030517578,12056900,0.0,0.0,0.0
2006-05-10 00:00:00-04:00,69.2699966430664,70.48999786376953,69.2699966430664,70.37999725341797,10312100,0.0,0.0,0.0
2006-05-11 00:00:00-04:00,71.9800033569336,72.1500015258789,71.0,71.02999877929688,17781400,0.0,0.0,0.0
2006-05-12 00:00:00-04:00,71.83999633789062,72.26000213623047,70.19999694824219,71.12000274658203,20635500,0.0,0.0,0.0
2006-05-15 00:00:00-04:00,68.68000030517578,69.30000305175781,67.31999969482422,67.41000366210938,18383800,0.0,0.0,0.0
2006-05-16 00:00:00-04:00,68.31999969482422,68.86000061035156,67.87000274658203,68.61000061035156,12221900,0.0,0.0,0.0
2006-05-17 00:00:00-04:00,69.51000213623047,70.16999816894531,68.06999969482422,68.1500015258789,16414700,0.0,0.0,0.0
2006-05-18 00:00:00-04:00,68.69000244140625,69.0999984741211,67.36000061035156,67.45999908447266,12720700,0.0,0.0,0.0
2006-05-19 00:00:00-04:00,65.76000213623047,66.05000305175781,64.69999694824219,65.58000183105469,18687500,0.0,0.0,0.0
2006-05-22 00:00:00-04:00,64.41999816894531,65.41999816894531,63.79999923706055,65.30000305175781,11977700,0.0,0.0,0.0
2006-05-23 00:00:00-04:00,65.98999786376953,67.16000366210938,65.91000366210938,66.37999725341797,10509700,0.0,0.0,0.0
2006-05-24 00:00:00-04:00,64.83000183105469,65.16000366210938,63.220001220703125,64.05999755859375,11065600,0.0,0.0,0.0
2006-05-25 00:00:00-04:00,64.12000274658203,64.76000213623047,63.7599983215332,64.69999694824219,6505400,0.0,0.0,0.0
2006-05-26 00:00:00-04:00,65.01000213623047,65.0999984741211,63.75,65.0999984741211,5265900,0.0,0.0,0.0
2006-05-30 00:00:00-04:00,65.19999694824219,66.23999786376953,65.0,65.11000061035156,8240200,0.0,0.0,0.0
2006-05-31 00:00:00-04:00,65.52999877929688,65.58999633789062,63.58000183105469,64.2300033569336,7573300,0.0,0.0,0.0
2006-06-01 00:00:00-04:00,62.150001525878906,62.970001220703125,61.79999923706055,62.560001373291016,11751400,0.0,0.0,0.0
2006-06-02 00:00:00-04:00,63.099998474121094,63.59000015258789,62.529998779296875,63.5,6958900,0.0,0.0,0.0
2006-06-05 00:00:00-04:00,63.81999969482422,64.19000244140625,63.119998931884766,63.290000915527344,6018600,0.0,0.0,0.0
2006-06-06 00:00:00-04:00,62.58000183105469,62.66999816894531,62.15999984741211,62.54999923706055,7175100,0.0,0.0,0.0
2006-06-07 00:00:00-04:00,61.540000915527344,62.849998474121094,61.349998474121094,62.279998779296875,10172700,0.0,0.0,0.0
2006-06-08 00:00:00-04:00,61.5,61.529998779296875,60.43000030517578,60.90999984741211,14228500,0.0,0.0,0.0
2006-06-09 00:00:00-04:00,61.16999816894531,61.380001068115234,59.709999084472656,60.45000076293945,7414800,0.0,0.0,0.0
2006-06-12 00:00:00-04:00,60.779998779296875,60.84000015258789,59.97999954223633,60.029998779296875,4122500,0.0,0.0,0.0
2006-06-13 00:00:00-04:00,58.099998474121094,58.650001525878906,55.810001373291016,55.91999816894531,26220600,0.0,0.0,0.0
2006-06-14 00:00:00-04:00,56.650001525878906,56.90999984741211,55.04999923706055,55.619998931884766,12655100,0.0,0.0,0.0
2006-06-15 00:00:00-04:00,57.119998931884766,57.619998931884766,56.33000183105469,57.31999969482422,11907900,0.0,0.0,0.0
2006-06-16 00:00:00-04:00,57.29999923706055,57.93000030517578,56.43000030517578,57.68000030517578,7319400,0.0,0.0,0.0
2006-06-19 00:00:00-04:00,56.849998474121094,57.25,56.150001525878906,56.36000061035156,5737400,0.0,0.0,0.0
2006-06-20 00:00:00-04:00,56.63999938964844,57.47999954223633,56.15999984741211,57.29999923706055,11072400,0.0,0.0,0.0
2006-06-21 00:00:00-04:00,56.619998931884766,58.77000045776367,56.619998931884766,58.33000183105469,6162100,0.0,0.0,0.0
2006-06-22 00:00:00-04:00,58.16999816894531,58.61000061035156,57.65999984741211,57.72999954223633,5374800,0.0,0.0,0.0
2006-06-23 00:00:00-04:00,57.27000045776367,58.29999923706055,57.27000045776367,57.9900016784668,6106700,0.0,0.0,0.0
2006-06-26 00:00:00-04:00,58.25,58.33000183105469,57.41999816894531,58.279998779296875,3423700,0.0,0.0,0.0
2006-06-27 00:00:00-04:00,58.709999084472656,59.2599983215332,57.68000030517578,57.68000030517578,6515900,0.0,0.0,0.0
2006-06-28 00:00:00-04:00,58.150001525878906,58.189998626708984,57.349998474121094,57.540000915527344,2898900,0.0,0.0,0.0
2006-06-29 00:00:00-04:00,58.0,59.779998779296875,58.0,59.52000045776367,10748500,0.0,0.0,0.0
2006-06-30 00:00:00-04:00,60.869998931884766,61.349998474121094,60.68000030517578,61.22999954223633,7773800,0.0,0.0,0.0
2006-07-03 00:00:00-04:00,61.959999084472656,62.369998931884766,61.880001068115234,62.18000030517578,3078500,0.0,0.0,0.0
2006-07-05 00:00:00-04:00,62.47999954223633,62.630001068115234,61.439998626708984,62.5,8178400,0.0,0.0,0.0
2006-07-06 00:00:00-04:00,62.459999084472656,63.20000076293945,62.04999923706055,63.02000045776367,5686600,0.0,0.0,0.0
2006-07-07 00:00:00-04:00,62.84000015258789,63.04999923706055,62.459999084472656,62.630001068115234,5328700,0.0,0.0,0.0
2006-07-10 00:00:00-04:00,62.130001068115234,62.5,61.9900016784668,62.02000045776367,3512000,0.0,0.0,0.0
2006-07-11 00:00:00-04:00,62.83000183105469,63.97999954223633,62.70000076293945,63.810001373291016,5787000,0.0,0.0,0.0
2006-07-12 00:00:00-04:00,64.6500015258789,65.19000244140625,63.0099983215332,64.91999816894531,9450300,0.0,0.0,0.0
2006-07-13 00:00:00-04:00,65.08999633789062,65.68000030517578,64.11000061035156,65.55000305175781,12226800,0.0,0.0,0.0
2006-07-14 00:00:00-04:00,65.9000015258789,66.41999816894531,65.69999694824219,65.8499984741211,10035800,0.0,0.0,0.0
2006-07-17 00:00:00-04:00,64.79000091552734,65.22000122070312,63.66999816894531,63.95000076293945,9905000,0.0,0.0,0.0
2006-07-18 00:00:00-04:00,64.75,64.75,62.34000015258789,62.900001525878906,7639300,0.0,0.0,0.0
2006-07-19 00:00:00-04:00,62.56999969482422,64.23999786376953,62.47999954223633,64.02999877929688,7261300,0.0,0.0,0.0
2006-07-20 00:00:00-04:00,63.400001525878906,63.970001220703125,62.400001525878906,62.540000915527344,6402700,0.0,0.0,0.0
2006-07-21 00:00:00-04:00,63.189998626708984,63.25,61.209999084472656,61.709999084472656,6949300,0.0,0.0,0.0
2006-07-24 00:00:00-04:00,60.630001068115234,61.22999954223633,59.83000183105469,61.13999938964844,7281000,0.0,0.0,0.0
2006-07-25 00:00:00-04:00,61.34000015258789,61.599998474121094,60.560001373291016,61.54999923706055,4736800,0.0,0.0,0.0
2006-07-26 00:00:00-04:00,61.349998474121094,62.36000061035156,60.93000030517578,62.0,3376000,0.0,0.0,0.0
2006-07-27 00:00:00-04:00,63.529998779296875,63.61000061035156,62.54999923706055,62.900001525878906,4697300,0.0,0.0,0.0
2006-07-28 00:00:00-04:00,62.779998779296875,63.34000015258789,62.75,63.11000061035156,3156400,0.0,0.0,0.0
2006-07-31 00:00:00-04:00,63.119998931884766,63.349998474121094,62.439998626708984,63.15999984741211,3420200,0.0,0.0,0.0
2006-08-01 00:00:00-04:00,62.91999816894531,64.45999908447266,62.91999816894531,64.31999969482422,4669800,0.0,0.0,0.0
2006-08-02 00:00:00-04:00,64.73999786376953,65.22000122070312,64.4000015258789,64.75,5052000,0.0,0.0,0.0
2006-08-03 00:00:00-04:00,64.0,64.33000183105469,63.54999923706055,64.12000274658203,3840600,0.0,0.0,0.0
2006-08-04 00:00:00-04:00,64.87000274658203,64.9800033569336,64.0,64.27999877929688,4811100,0.0,0.0,0.0
2006-08-07 00:00:00-04:00,64.47000122070312,64.80999755859375,64.25,64.5,2493800,0.0,0.0,0.0
2006-08-08 00:00:00-04:00,63.97999954223633,64.56999969482422,63.849998474121094,63.970001220703125,5574200,0.0,0.0,0.0
2006-08-09 00:00:00-04:00,64.55999755859375,65.12999725341797,64.38999938964844,64.62999725341797,4369600,0.0,0.0,0.0
2006-08-10 00:00:00-04:00,64.0199966430664,64.37999725341797,62.970001220703125,63.25,6869900,0.0,0.0,0.0
2006-08-11 00:00:00-04:00,63.58000183105469,64.0999984741211,62.2400016784668,62.709999084472656,6962800,0.0,0.0,0.0
2006-08-14 00:00:00-04:00,62.38999938964844,62.900001525878906,62.02000045776367,62.25,3526100,0.0,0.0,0.0
2006-08-15 00:00:00-04:00,61.95000076293945,62.27000045776367,61.68000030517578,62.0099983215332,4833600,0.0,0.0,0.0
2006-08-16 00:00:00-04:00,62.630001068115234,62.88999938964844,62.2400016784668,62.4900016784668,3332900,0.0,0.0,0.0
2006-08-17 00:00:00-04:00,62.31999969482422,62.349998474121094,60.959999084472656,61.029998779296875,4215900,0.0,0.0,0.0
2006-08-18 00:00:00-04:00,61.4900016784668,61.5,60.29999923706055,61.040000915527344,6418400,0.0,0.0,0.0
2006-08-21 00:00:00-04:00,62.09000015258789,62.47999954223633,61.79999923706055,62.439998626708984,3595900,0.0,0.0,0.0
2006-08-22 00:00:00-04:00,62.04999923706055,62.20000076293945,61.61000061035156,62.04999923706055,4067700,0.0,0.0,0.0
2006-08-23 00:00:00-04:00,62.560001373291016,62.68000030517578,61.75,61.83000183105469,3573700,0.0,0.0,0.0
2006-08-24 00:00:00-04:00,61.97999954223633,62.060001373291016,61.45000076293945,61.75,2198000,0.0,0.0,0.0
2006-08-25 00:00:00-04:00,61.880001068115234,62.0,61.58000183105469,61.77000045776367,2127000,0.0,0.0,0.0
2006-08-28 00:00:00-04:00,61.79999923706055,61.79999923706055,60.83000183105469,61.0,3584600,0.0,0.0,0.0
2006-08-29 00:00:00-04:00,61.0,61.09000015258789,60.31999969482422,60.939998626708984,3609800,0.0,0.0,0.0
2006-08-30 00:00:00-04:00,61.4900016784668,61.65999984741211,61.09000015258789,61.41999816894531,2901600,0.0,0.0,0.0
2006-08-31 00:00:00-04:00,62.0,62.29999923706055,61.72999954223633,62.290000915527344,4842300,0.0,0.0,0.0
2006-09-01 00:00:00-04:00,61.95000076293945,62.290000915527344,61.47999954223633,62.13999938964844,3210200,0.0,0.0,0.0
2006-09-05 00:00:00-04:00,63.20000076293945,63.630001068115234,63.060001373291016,63.36000061035156,4219400,0.0,0.0,0.0
2006-09-06 00:00:00-04:00,63.220001220703125,63.52000045776367,62.83000183105469,62.86000061035156,3210900,0.0,0.0,0.0
2006-09-07 00:00:00-04:00,61.869998931884766,61.91999816894531,60.9900016784668,61.25,5402300,0.0,0.0,0.0
2006-09-08 00:00:00-04:00,60.52000045776367,60.77000045776367,60.279998779296875,60.63999938964844,3693400,0.0,0.0,0.0
2006-09-11 00:00:00-04:00,58.849998474121094,59.25,57.90999984741211,58.5,10580700,0.0,0.0,0.0
2006-09-12 00:00:00-04:00,58.650001525878906,59.09000015258789,58.18000030517578,58.31999969482422,5836200,0.0,0.0,0.0
2006-09-13 00:00:00-04:00,58.599998474121094,58.93000030517578,57.970001220703125,58.619998931884766,3539100,0.0,0.0,0.0
2006-09-14 00:00:00-04:00,58.59000015258789,58.720001220703125,57.08000183105469,57.189998626708984,7637700,0.0,0.0,0.0
2006-09-15 00:00:00-04:00,57.20000076293945,57.790000915527344,56.65999984741211,57.400001525878906,6454800,0.0,0.0,0.0
2006-09-18 00:00:00-04:00,57.470001220703125,58.38999938964844,57.41999816894531,58.22999954223633,4438700,0.0,0.0,0.0
2006-09-19 00:00:00-04:00,58.02000045776367,58.11000061035156,56.84000015258789,56.91999816894531,5287000,0.0,0.0,0.0
2006-09-20 00:00:00-04:00,57.810001373291016,58.2400016784668,57.20000076293945,57.2599983215332,5385200,0.0,0.0,0.0
2006-09-21 00:00:00-04:00,57.349998474121094,58.09000015258789,57.220001220703125,57.95000076293945,3870800,0.0,0.0,0.0
2006-09-22 00:00:00-04:00,58.70000076293945,58.75,57.9900016784668,58.5,3320300,0.0,0.0,0.0
2006-09-25 00:00:00-04:00,58.150001525878906,58.7599983215332,57.779998779296875,58.5,3797300,0.0,0.0,0.0
2006-09-26 00:00:00-04:00,58.5,58.970001220703125,58.25,58.7400016784668,2763400,0.0,0.0,0.0
2006-09-27 00:00:00-04:00,59.220001220703125,59.86000061035156,58.72999954223633,59.810001373291016,4656900,0.0,0.0,0.0
2006-09-28 00:00:00-04:00,59.880001068115234,60.27000045776367,59.56999969482422,59.790000915527344,3930900,0.0,0.0,0.0
2006-09-29 00:00:00-04:00,59.52000045776367,59.630001068115234,58.97999954223633,59.470001220703125,3201000,0.0,0.0,0.0
2006-10-02 00:00:00-04:00,59.79999923706055,59.880001068115234,59.029998779296875,59.150001525878906,2018800,0.0,0.0,0.0
2006-10-03 00:00:00-04:00,57.93000030517578,58.13999938964844,56.90999984741211,57.11000061035156,5233800,0.0,0.0,0.0
2006-10-04 00:00:00-04:00,57.470001220703125,57.52000045776367,55.54999923706055,56.369998931884766,8153900,0.0,0.0,0.0
2006-10-05 00:00:00-04:00,56.939998626708984,57.02000045776367,56.31999969482422,56.91999816894531,3890700,0.0,0.0,0.0
2006-10-06 00:00:00-04:00,56.279998779296875,57.02000045776367,55.630001068115234,56.9900016784668,4282700,0.0,0.0,0.0
2006-10-09 00:00:00-04:00,57.459999084472656,57.5,56.720001220703125,57.20000076293945,2689800,0.0,0.0,0.0
2006-10-10 00:00:00-04:00,56.54999923706055,57.279998779296875,56.47999954223633,57.0,3422100,0.0,0.0,0.0
2006-10-11 00:00:00-04:00,57.29999923706055,57.52000045776367,56.70000076293945,56.880001068115234,2944200,0.0,0.0,0.0
2006-10-12 00:00:00-04:00,56.7400016784668,57.4900016784668,56.650001525878906,57.4900016784668,2777500,0.0,0.0,0.0
2006-10-13 00:00:00-04:00,58.25,58.599998474121094,57.939998626708984,58.56999969482422,3078400,0.0,0.0,0.0
2006-10-16 00:00:00-04:00,58.93000030517578,59.18000030517578,58.720001220703125,59.16999816894531,1986300,0.0,0.0,0.0
2006-10-17 00:00:00-04:00,59.0,59.099998474121094,58.119998931884766,58.650001525878906,2657100,0.0,0.0,0.0
2006-10-18 00:00:00-04:00,58.81999969482422,59.029998779296875,58.2599983215332,58.59000015258789,3679000,0.0,0.0,0.0
2006-10-19 00:00:00-04:00,59.040000915527344,59.650001525878906,59.02000045776367,59.40999984741211,2952900,0.0,0.0,0.0
2006-10-20 00:00:00-04:00,59.45000076293945,59.47999954223633,58.650001525878906,58.779998779296875,3190500,0.0,0.0,0.0
2006-10-23 00:00:00-04:00,57.880001068115234,58.189998626708984,57.52000045776367,57.7599983215332,3521800,0.0,0.0,0.0
2006-10-24 00:00:00-04:00,57.20000076293945,58.2599983215332,56.869998931884766,58.16999816894531,3558200,0.0,0.0,0.0
2006-10-25 00:00:00-04:00,57.83000183105469,58.779998779296875,57.54999923706055,58.7599983215332,4384200,0.0,0.0,0.0
2006-10-26 00:00:00-04:00,59.029998779296875,59.45000076293945,58.97999954223633,59.290000915527344,5241100,0.0,0.0,0.0
2006-10-27 00:00:00-04:00,59.43000030517578,59.56999969482422,59.040000915527344,59.400001525878906,3080700,0.0,0.0,0.0
2006-10-30 00:00:00-05:00,60.04999923706055,60.650001525878906,59.880001068115234,59.900001525878906,4675700,0.0,0.0,0.0
2006-10-31 00:00:00-05:00,59.59000015258789,60.36000061035156,59.56999969482422,60.2400016784668,4603000,0.0,0.0,0.0
2006-11-01 00:00:00-05:00,61.029998779296875,61.54999923706055,60.68000030517578,61.36000061035156,8172300,0.0,0.0,0.0
2006-11-02 00:00:00-05:00,61.470001220703125,62.189998626708984,61.470001220703125,61.91999816894531,6680500,0.0,0.0,0.0
2006-11-03 00:00:00-05:00,61.810001373291016,62.5,61.650001525878906,62.29999923706055,7359200,0.0,0.0,0.0
2006-11-06 00:00:00-05:00,62.16999816894531,62.34000015258789,61.849998474121094,61.88999938964844,4078400,0.0,0.0,0.0
2006-11-07 00:00:00-05:00,62.349998474121094,62.47999954223633,61.970001220703125,62.040000915527344,5332400,0.0,0.0,0.0
2006-11-08 00:00:00-05:00,61.939998626708984,62.08000183105469,60.869998931884766,61.11000061035156,5319300,0.0,0.0,0.0
2006-11-09 00:00:00-05:00,62.119998931884766,63.130001068115234,61.939998626708984,62.95000076293945,6634800,0.0,0.0,0.0
2006-11-10 00:00:00-05:00,62.70000076293945,62.81999969482422,62.060001373291016,62.4900016784668,4437000,0.0,0.0,0.0
2006-11-13 00:00:00-05:00,61.93000030517578,62.25,61.77000045776367,62.189998626708984,3408800,0.0,0.0,0.0
2006-11-14 00:00:00-05:00,62.310001373291016,62.52000045776367,61.459999084472656,61.630001068115234,5706200,0.0,0.0,0.0
2006-11-15 00:00:00-05:00,61.34000015258789,62.06999969482422,61.25,61.84000015258789,3760500,0.0,0.0,0.0
2006-11-16 00:00:00-05:00,62.15999984741211,62.29999923706055,61.27000045776367,61.310001373291016,4347500,0.0,0.0,0.0
2006-11-17 00:00:00-05:00,61.400001525878906,61.779998779296875,61.34000015258789,61.779998779296875,3390900,0.0,0.0,0.0
2006-11-20 00:00:00-05:00,62.060001373291016,62.25,61.560001373291016,61.77000045776367,2947200,0.0,0.0,0.0
2006-11-21 00:00:00-05:00,62.25,62.52000045776367,62.029998779296875,62.27000045776367,2930400,0.0,0.0,0.0
2006-11-22 00:00:00-05:00,62.63999938964844,63.06999969482422,62.25,62.5,4863600,0.0,0.0,0.0
2006-11-24 00:00:00-05:00,63.47999954223633,63.68000030517578,63.310001373291016,63.5,6886100,0.0,0.0,0.0
2006-11-27 00:00:00-05:00,63.459999084472656,63.7400016784668,63.31999969482422,63.70000076293945,5249800,0.0,0.0,0.0
2006-11-28 00:00:00-05:00,63.599998474121094,63.709999084472656,62.81999969482422,63.56999969482422,6057400,0.0,0.0,0.0
2006-11-29 00:00:00-05:00,63.369998931884766,63.38999938964844,63.08000183105469,63.15999984741211,4006500,0.0,0.0,0.0
2006-11-30 00:00:00-05:00,64.06999969482422,64.43000030517578,63.900001525878906,64.38999938964844,6362700,0.0,0.0,0.0
2006-12-01 00:00:00-05:00,64.19999694824219,64.55000305175781,63.9900016784668,64.12000274658203,6363800,0.0,0.0,0.0
2006-12-04 00:00:00-05:00,64.02999877929688,64.13999938964844,63.560001373291016,64.12000274658203,3469100,0.0,0.0,0.0
2006-12-05 00:00:00-05:00,64.25,64.41999816894531,63.36000061035156,63.810001373291016,5254600,0.0,0.0,0.0
2006-12-06 00:00:00-05:00,63.08000183105469,63.45000076293945,62.290000915527344,62.689998626708984,6386500,0.0,0.0,0.0
2006-12-07 00:00:00-05:00,62.63999938964844,62.779998779296875,61.9900016784668,62.72999954223633,5384600,0.0,0.0,0.0
2006-12-08 00:00:00-05:00,63.08000183105469,63.34000015258789,61.869998931884766,62.04999923706055,6080900,0.0,0.0,0.0
2006-12-11 00:00:00-05:00,62.18000030517578,62.599998474121094,62.06999969482422,62.56999969482422,3163800,0.0,0.0,0.0
2006-12-12 00:00:00-05:00,62.40999984741211,62.560001373291016,62.16999816894531,62.52000045776367,3017900,0.0,0.0,0.0
2006-12-13 00:00:00-05:00,62.099998474121094,62.56999969482422,61.880001068115234,62.47999954223633,3595400,0.0,0.0,0.0
2006-12-14 00:00:00-05:00,62.290000915527344,62.470001220703125,62.040000915527344,62.119998931884766,2237300,0.0,0.0,0.0
2006-12-15 00:00:00-05:00,62.209999084472656,62.220001220703125,60.93000030517578,61.0,7427800,0.0,0.0,0.0
2006-12-18 00:00:00-05:00,60.849998474121094,61.11000061035156,60.650001525878906,61.040000915527344,3880800,0.0,0.0,0.0
2006-12-19 00:00:00-05:00,61.20000076293945,61.83000183105469,61.18000030517578,61.79999923706055,4254900,0.0,0.0,0.0
2006-12-20 00:00:00-05:00,61.63999938964844,61.79999923706055,61.45000076293945,61.619998931884766,2979300,0.0,0.0,0.0
2006-12-21 00:00:00-05:00,61.58000183105469,61.70000076293945,61.27000045776367,61.380001068115234,2483300,0.0,0.0,0.0
2006-12-22 00:00:00-05:00,61.45000076293945,61.79999923706055,61.31999969482422,61.650001525878906,1367400,0.0,0.0,0.0
2006-12-26 00:00:00-05:00,62.2400016784668,62.45000076293945,61.869998931884766,61.97999954223633,1975200,0.0,0.0,0.0
2006-12-27 00:00:00-05:00,62.29999923706055,62.459999084472656,62.16999816894531,62.220001220703125,3063500,0.0,0.0,0.0
2006-12-28 00:00:00-05:00,62.970001220703125,63.04999923706055,62.689998626708984,62.900001525878906,2538900,0.0,0.0,0.0
2006-12-29 00:00:00-05:00,62.90999984741211,63.25,62.880001068115234,63.209999084472656,2117200,0.0,0.0,0.0
2007-01-03 00:00:00-05:00,63.58000183105469,64.0199966430664,62.0,62.279998779296875,8061900,0.0,0.0,0.0
2007-01-04 00:00:00-05:00,62.06999969482422,62.5,61.52000045776367,61.650001525878906,4858600,0.0,0.0,0.0
2007-01-05 00:00:00-05:00,60.75,60.779998779296875,59.65999984741211,60.16999816894531,12500100,0.0,0.0,0.0
2007-01-08 00:00:00-05:00,60.380001068115234,60.540000915527344,59.849998474121094,60.47999954223633,3478700,0.0,0.0,0.0
2007-01-09 00:00:00-05:00,60.13999938964844,61.09000015258789,60.060001373291016,60.849998474121094,4170400,0.0,0.0,0.0
2007-01-10 00:00:00-05:00,60.459999084472656,60.81999969482422,60.060001373291016,60.59000015258789,3766000,0.0,0.0,0.0
2007-01-11 00:00:00-05:00,60.70000076293945,61.06999969482422,60.529998779296875,60.630001068115234,4640000,0.0,0.0,0.0
2007-01-12 00:00:00-05:00,61.0,62.279998779296875,60.900001525878906,62.16999816894531,5840200,0.0,0.0,0.0
2007-01-16 00:00:00-05:00,62.20000076293945,62.29999923706055,61.7400016784668,61.970001220703125,3201000,0.0,0.0,0.0
2007-01-17 00:00:00-05:00,61.970001220703125,62.900001525878906,61.970001220703125,62.63999938964844,4516200,0.0,0.0,0.0
2007-01-18 00:00:00-05:00,62.9900016784668,63.15999984741211,62.150001525878906,62.2599983215332,4460100,0.0,0.0,0.0
2007-01-19 00:00:00-05:00,62.52000045776367,63.130001068115234,62.27000045776367,63.0,3258400,0.0,0.0,0.0
2007-01-22 00:00:00-05:00,63.0099983215332,63.47999954223633,62.650001525878906,62.720001220703125,3941200,0.0,0.0,0.0
2007-01-23 00:00:00-05:00,63.68000030517578,64.29000091552734,63.66999816894531,64.2300033569336,6322000,0.0,0.0,0.0
2007-01-24 00:00:00-05:00,63.709999084472656,64.41000366210938,63.369998931884766,64.33000183105469,5241200,0.0,0.0,0.0
2007-01-25 00:00:00-05:00,64.80000305175781,64.87999725341797,63.97999954223633,64.05999755859375,5985700,0.0,0.0,0.0
2007-01-26 00:00:00-05:00,64.16000366210938,64.30999755859375,63.7599983215332,64.16999816894531,3493900,0.0,0.0,0.0
2007-01-29 00:00:00-05:00,63.849998474121094,64.29000091552734,63.65999984741211,63.77000045776367,3487300,0.0,0.0,0.0
2007-01-30 00:00:00-05:00,63.91999816894531,64.2300033569336,63.83000183105469,64.22000122070312,3094200,0.0,0.0,0.0
2007-01-31 00:00:00-05:00,63.9900016784668,64.9800033569336,63.95000076293945,64.83000183105469,5900900,0.0,0.0,0.0
2007-02-01 00:00:00-05:00,65.44999694824219,65.62999725341797,65.05999755859375,65.22000122070312,6284700,0.0,0.0,0.0
2007-02-02 00:00:00-05:00,64.76000213623047,64.80000305175781,63.79999923706055,64.27999877929688,9078500,0.0,0.0,0.0
2007-02-05 00:00:00-05:00,64.68000030517578,64.69000244140625,64.23999786376953,64.30999755859375,2553500,0.0,0.0,0.0
2007-02-06 00:00:00-05:00,65.05000305175781,65.0999984741211,64.52999877929688,64.79000091552734,2928800,0.0,0.0,0.0
2007-02-07 00:00:00-05:00,64.77999877929688,65.1500015258789,64.4800033569336,64.62999725341797,3075300,0.0,0.0,0.0
2007-02-08 00:00:00-05:00,64.91999816894531,65.61000061035156,64.83000183105469,65.5199966430664,4769900,0.0,0.0,0.0
2007-02-09 00:00:00-05:00,65.2699966430664,66.37999725341797,65.22000122070312,66.12000274658203,6816500,0.0,0.0,0.0
2007-02-12 00:00:00-05:00,66.0,66.11000061035156,65.41000366210938,65.66999816894531,4113500,0.0,0.0,0.0
2007-02-13 00:00:00-05:00,66.12999725341797,66.33999633789062,65.55000305175781,65.83999633789062,4143300,0.0,0.0,0.0
2007-02-14 00:00:00-05:00,66.2300033569336,66.66000366210938,65.97000122070312,66.37000274658203,4174600,0.0,0.0,0.0
2007-02-15 00:00:00-05:00,66.22000122070312,66.52999877929688,65.70999908447266,66.41000366210938,7673400,0.0,0.0,0.0
2007-02-16 00:00:00-05:00,65.94000244140625,66.38999938964844,65.76000213623047,66.36000061035156,3200400,0.0,0.0,0.0
2007-02-20 00:00:00-05:00,66.0999984741211,66.0999984741211,65.0,65.30999755859375,4810700,0.0,0.0,0.0
2007-02-21 00:00:00-05:00,65.30999755859375,67.70999908447266,65.19999694824219,67.3499984741211,11076700,0.0,0.0,0.0
2007-02-22 00:00:00-05:00,67.44000244140625,67.55999755859375,66.97000122070312,67.1500015258789,6562800,0.0,0.0,0.0
2007-02-23 00:00:00-05:00,67.3499984741211,68.29000091552734,67.3499984741211,67.72000122070312,8126200,0.0,0.0,0.0
2007-02-26 00:00:00-05:00,67.97000122070312,68.2300033569336,67.62999725341797,68.0999984741211,5254200,0.0,0.0,0.0
2007-02-27 00:00:00-05:00,67.33999633789062,68.33000183105469,65.06999969482422,65.41000366210938,15208600,0.0,0.0,0.0
2007-02-28 00:00:00-05:00,66.7300033569336,66.93000030517578,65.54000091552734,66.4800033569336,8924200,0.0,0.0,0.0
2007-03-01 00:00:00-05:00,66.2300033569336,66.75,65.58000183105469,65.81999969482422,7108000,0.0,0.0,0.0
2007-03-02 00:00:00-05:00,64.58999633789062,65.0,63.34000015258789,63.709999084472656,13732200,0.0,0.0,0.0
2007-03-05 00:00:00-05:00,63.119998931884766,63.779998779296875,62.619998931884766,62.93000030517578,9829800,0.0,0.0,0.0
2007-03-06 00:00:00-05:00,63.65999984741211,64.37000274658203,63.459999084472656,64.1500015258789,6992700,0.0,0.0,0.0
2007-03-07 00:00:00-05:00,64.13999938964844,64.63999938964844,63.54999923706055,64.30000305175781,6131800,0.0,0.0,0.0
2007-03-08 00:00:00-05:00,64.79000091552734,65.04000091552734,64.43000030517578,64.4800033569336,4285000,0.0,0.0,0.0
2007-03-09 00:00:00-05:00,64.81999969482422,65.22000122070312,64.1500015258789,64.25,9025500,0.0,0.0,0.0
2007-03-12 00:00:00-04:00,64.54000091552734,64.73999786376953,63.959999084472656,64.37000274658203,4558800,0.0,0.0,0.0
2007-03-13 00:00:00-04:00,64.29000091552734,64.69000244140625,63.56999969482422,63.720001220703125,4332100,0.0,0.0,0.0
2007-03-14 00:00:00-04:00,63.34000015258789,64.05999755859375,63.09000015258789,63.939998626708984,7417000,0.0,0.0,0.0
2007-03-15 00:00:00-04:00,64.02999877929688,64.45999908447266,63.880001068115234,63.97999954223633,7037700,0.0,0.0,0.0
2007-03-16 00:00:00-04:00,64.54000091552734,64.98999786376953,64.37999725341797,64.62000274658203,5040100,0.0,0.0,0.0
2007-03-19 00:00:00-04:00,64.87999725341797,64.94000244140625,64.62999725341797,64.73999786376953,2990500,0.0,0.0,0.0
2007-03-20 00:00:00-04:00,64.93000030517578,65.54000091552734,64.93000030517578,65.2699966430664,4416300,0.0,0.0,0.0
2007-03-21 00:00:00-04:00,65.54000091552734,65.9000015258789,65.12000274658203,65.81999969482422,5059000,0.0,0.0,0.0
2007-03-22 00:00:00-04:00,65.77999877929688,66.12999725341797,65.5999984741211,65.76000213623047,4719700,0.0,0.0,0.0
2007-03-23 00:00:00-04:00,65.79000091552734,65.9000015258789,64.9000015258789,65.1500015258789,5593000,0.0,0.0,0.0
2007-03-26 00:00:00-04:00,65.36000061035156,65.97000122070312,65.36000061035156,65.83999633789062,3928800,0.0,0.0,0.0
2007-03-27 00:00:00-04:00,65.87999725341797,65.97000122070312,65.5,65.69999694824219,3261700,0.0,0.0,0.0
2007-03-28 00:00:00-04:00,66.13999938964844,66.4800033569336,65.7699966430664,66.05000305175781,6310000,0.0,0.0,0.0
2007-03-29 00:00:00-04:00,65.97000122070312,66.0,64.93000030517578,65.6500015258789,5448300,0.0,0.0,0.0
2007-03-30 00:00:00-04:00,65.73999786376953,66.20999908447266,65.48999786376953,65.73999786376953,4290200,0.0,0.0,0.0
2007-04-02 00:00:00-04:00,65.73999786376953,66.13999938964844,65.02999877929688,65.8499984741211,5378100,0.0,0.0,0.0
2007-04-03 00:00:00-04:00,65.66999816894531,66.22000122070312,65.6500015258789,65.83000183105469,4141700,0.0,0.0,0.0
2007-04-04 00:00:00-04:00,66.08999633789062,66.9800033569336,66.0,66.80999755859375,7126100,0.0,0.0,0.0
2007-04-05 00:00:00-04:00,66.69999694824219,66.95999908447266,66.58999633789062,66.86000061035156,3592700,0.0,0.0,0.0
2007-04-09 00:00:00-04:00,66.87999725341797,67.19999694824219,66.45999908447266,66.52999877929688,3297300,0.0,0.0,0.0
2007-04-10 00:00:00-04:00,67.16000366210938,67.55000305175781,66.9800033569336,67.16000366210938,2741900,0.0,0.0,0.0
2007-04-11 00:00:00-04:00,67.26000213623047,67.5,66.80999755859375,67.08000183105469,4357100,0.0,0.0,0.0
2007-04-12 00:00:00-04:00,67.05999755859375,67.25,66.4800033569336,66.98999786376953,6021900,0.0,0.0,0.0
2007-04-13 00:00:00-04:00,67.48999786376953,67.97000122070312,67.19000244140625,67.83999633789062,5062700,0.0,0.0,0.0
2007-04-16 00:00:00-04:00,68.13999938964844,68.5,67.68000030517578,68.4000015258789,7912300,0.0,0.0,0.0
2007-04-17 00:00:00-04:00,68.30999755859375,68.4800033569336,67.9800033569336,68.0,4159000,0.0,0.0,0.0
2007-04-18 00:00:00-04:00,68.0999984741211,68.44999694824219,67.94999694824219,68.37999725341797,4933500,0.0,0.0,0.0
2007-04-19 00:00:00-04:00,68.0,68.04000091552734,67.25,67.52999877929688,5344600,0.0,0.0,0.0
2007-04-20 00:00:00-04:00,68.58000183105469,68.7300033569336,68.3499984741211,68.69999694824219,3358100,0.0,0.0,0.0
2007-04-23 00:00:00-04:00,68.41000366210938,68.6500015258789,68.04000091552734,68.26000213623047,2487500,0.0,0.0,0.0
2007-04-24 00:00:00-04:00,68.44999694824219,68.5,67.43000030517578,67.7300033569336,5073700,0.0,0.0,0.0
2007-04-25 00:00:00-04:00,67.8499984741211,68.05999755859375,67.66000366210938,67.88999938964844,2614100,0.0,0.0,0.0
2007-04-26 00:00:00-04:00,67.43000030517578,67.43000030517578,66.5,66.87000274658203,4668000,0.0,0.0,0.0
2007-04-27 00:00:00-04:00,66.83999633789062,67.56999969482422,66.83999633789062,67.55999755859375,5231700,0.0,0.0,0.0
2007-04-30 00:00:00-04:00,67.19999694824219,67.5199966430664,67.04000091552734,67.08999633789062,2605400,0.0,0.0,0.0
2007-05-01 00:00:00-04:00,66.9800033569336,67.0,66.54000091552734,66.69000244140625,3946300,0.0,0.0,0.0
2007-05-02 00:00:00-04:00,66.33999633789062,66.75,66.11000061035156,66.66000366210938,4499300,0.0,0.0,0.0
2007-05-03 00:00:00-04:00,66.87000274658203,67.62000274658203,66.68000030517578,67.48999786376953,3936200,0.0,0.0,0.0
2007-05-04 00:00:00-04:00,67.73999786376953,68.43000030517578,67.73999786376953,68.19000244140625,3313800,0.0,0.0,0.0
2007-05-07 00:00:00-04:00,68.41999816894531,68.45999908447266,68.0199966430664,68.25,1995100,0.0,0.0,0.0
2007-05-08 00:00:00-04:00,67.94999694824219,68.0199966430664,67.52999877929688,67.87999725341797,2475300,0.0,0.0,0.0
2007-05-09 00:00:00-04:00,67.80999755859375,67.83999633789062,66.91999816894531,67.44999694824219,4647500,0.0,0.0,0.0
2007-05-10 00:00:00-04:00,67.04000091552734,67.11000061035156,65.80000305175781,66.0,5536000,0.0,0.0,0.0
2007-05-11 00:00:00-04:00,66.12999725341797,66.66000366210938,66.12999725341797,66.44999694824219,2937300,0.0,0.0,0.0
2007-05-14 00:00:00-04:00,66.62999725341797,66.6500015258789,66.0,66.27999877929688,3597600,0.0,0.0,0.0
2007-05-15 00:00:00-04:00,65.88999938964844,66.7300033569336,65.87999725341797,66.54000091552734,2566600,0.0,0.0,0.0
2007-05-16 00:00:00-04:00,66.37000274658203,66.37000274658203,65.31999969482422,65.5999984741211,7268500,0.0,0.0,0.0
2007-05-17 00:00:00-04:00,65.44000244140625,65.5999984741211,64.72000122070312,65.05999755859375,8707000,0.0,0.0,0.0
2007-05-18 00:00:00-04:00,65.06999969482422,65.66999816894531,64.8499984741211,65.5199966430664,3158200,0.0,0.0,0.0
2007-05-21 00:00:00-04:00,65.29000091552734,65.76000213623047,65.05999755859375,65.66999816894531,10954300,0.0,0.0,0.0
2007-05-22 00:00:00-04:00,65.69999694824219,65.81999969482422,65.16000366210938,65.19999694824219,5886700,0.0,0.0,0.0
2007-05-23 00:00:00-04:00,65.5199966430664,65.88999938964844,65.44999694824219,65.54000091552734,6441800,0.0,0.0,0.0
2007-05-24 00:00:00-04:00,65.45999908447266,65.45999908447266,64.5199966430664,64.75,6228000,0.0,0.0,0.0
2007-05-25 00:00:00-04:00,64.95999908447266,65.08000183105469,64.7300033569336,64.94000244140625,4217600,0.0,0.0,0.0
2007-05-29 00:00:00-04:00,65.12000274658203,65.56999969482422,64.94000244140625,65.06999969482422,3343100,0.0,0.0,0.0
2007-05-30 00:00:00-04:00,64.86000061035156,64.86000061035156,64.5999984741211,64.72000122070312,2742800,0.0,0.0,0.0
2007-05-31 00:00:00-04:00,65.16000366210938,65.58000183105469,65.06999969482422,65.54000091552734,7530700,0.0,0.0,0.0
2007-06-01 00:00:00-04:00,65.69999694824219,66.54000091552734,65.69999694824219,66.44000244140625,5634800,0.0,0.0,0.0
2007-06-04 00:00:00-04:00,66.61000061035156,66.76000213623047,66.30000305175781,66.54000091552734,2626300,0.0,0.0,0.0
2007-06-05 00:00:00-04:00,66.69999694824219,66.69999694824219,66.2300033569336,66.37000274658203,3728100,0.0,0.0,0.0
2007-06-06 00:00:00-04:00,66.11000061035156,66.55000305175781,65.87999725341797,66.41000366210938,3596600,0.0,0.0,0.0
2007-06-07 00:00:00-04:00,66.2699966430664,66.4000015258789,65.16000366210938,65.26000213623047,6394300,0.0,0.0,0.0
2007-06-08 00:00:00-04:00,64.87999725341797,65.0199966430664,63.7400016784668,64.22000122070312,7313100,0.0,0.0,0.0
2007-06-11 00:00:00-04:00,64.33999633789062,64.87000274658203,64.33999633789062,64.69999694824219,4606600,0.0,0.0,0.0
2007-06-12 00:00:00-04:00,64.5199966430664,64.52999877929688,63.90999984741211,64.0999984741211,4073200,0.0,0.0,0.0
2007-06-13 00:00:00-04:00,63.95000076293945,64.6500015258789,63.900001525878906,64.52999877929688,2803300,0.0,0.0,0.0
2007-06-14 00:00:00-04:00,64.16000366210938,64.80000305175781,63.95000076293945,64.5999984741211,2765400,0.0,0.0,0.0
2007-06-15 00:00:00-04:00,64.43000030517578,64.94000244140625,64.4000015258789,64.8499984741211,3032900,0.0,0.0,0.0
2007-06-18 00:00:00-04:00,65.19000244140625,65.25,64.81999969482422,64.94999694824219,1791000,0.0,0.0,0.0
2007-06-19 00:00:00-04:00,64.79000091552734,65.55999755859375,64.75,65.4800033569336,2700900,0.0,0.0,0.0
2007-06-20 00:00:00-04:00,65.41999816894531,65.51000213623047,64.5999984741211,64.70999908447266,2591600,0.0,0.0,0.0
2007-06-21 00:00:00-04:00,64.7300033569336,65.0199966430664,64.12999725341797,64.55999755859375,2709200,0.0,0.0,0.0
2007-06-22 00:00:00-04:00,64.9000015258789,64.9800033569336,64.43000030517578,64.77999877929688,1890800,0.0,0.0,0.0
2007-06-25 00:00:00-04:00,64.4800033569336,64.73999786376953,64.22000122070312,64.43000030517578,3424900,0.0,0.0,0.0
2007-06-26 00:00:00-04:00,64.19999694824219,64.25,63.38999938964844,63.619998931884766,8276400,0.0,0.0,0.0
2007-06-27 00:00:00-04:00,63.540000915527344,63.88999938964844,63.43000030517578,63.66999816894531,4689400,0.0,0.0,0.0
2007-06-28 00:00:00-04:00,63.97999954223633,64.37999725341797,63.90999984741211,64.26000213623047,4231700,0.0,0.0,0.0
2007-06-29 00:00:00-04:00,64.29000091552734,64.63999938964844,64.1500015258789,64.2699966430664,2756400,0.0,0.0,0.0
2007-07-02 00:00:00-04:00,64.51000213623047,65.2300033569336,64.51000213623047,65.0199966430664,2706200,0.0,0.0,0.0
2007-07-03 00:00:00-04:00,65.05999755859375,65.05999755859375,64.58000183105469,64.73999786376953,1835300,0.0,0.0,0.0
2007-07-05 00:00:00-04:00,64.98999786376953,65.0,63.91999816894531,64.41999816894531,4333200,0.0,0.0,0.0
2007-07-06 00:00:00-04:00,64.18000030517578,64.97000122070312,63.880001068115234,64.95999908447266,8080700,0.0,0.0,0.0
2007-07-09 00:00:00-04:00,65.0,65.68000030517578,64.98999786376953,65.37999725341797,5280800,0.0,0.0,0.0
2007-07-10 00:00:00-04:00,65.69999694824219,65.86000061035156,65.36000061035156,65.61000061035156,4016200,0.0,0.0,0.0
2007-07-11 00:00:00-04:00,65.81999969482422,65.81999969482422,65.33999633789062,65.44000244140625,3647000,0.0,0.0,0.0
2007-07-12 00:00:00-04:00,65.88999938964844,66.29000091552734,65.44999694824219,66.0199966430664,5870600,0.0,0.0,0.0
2007-07-13 00:00:00-04:00,66.08000183105469,66.2300033569336,65.66999816894531,66.02999877929688,3817800,0.0,0.0,0.0
2007-07-16 00:00:00-04:00,66.19000244140625,66.19000244140625,65.66999816894531,65.81999969482422,4579600,0.0,0.0,0.0
2007-07-17 00:00:00-04:00,65.66000366210938,66.08000183105469,65.6500015258789,65.75,1878600,0.0,0.0,0.0
2007-07-18 00:00:00-04:00,66.11000061035156,66.80000305175781,65.9000015258789,66.62000274658203,5238700,0.0,0.0,0.0
2007-07-19 00:00:00-04:00,66.69999694824219,67.12000274658203,66.61000061035156,67.01000213623047,4607900,0.0,0.0,0.0
2007-07-20 00:00:00-04:00,67.12999725341797,68.0,67.12000274658203,67.58000183105469,5408600,0.0,0.0,0.0
2007-07-23 00:00:00-04:00,67.80000305175781,67.80000305175781,67.30999755859375,67.47000122070312,3892400,0.0,0.0,0.0
2007-07-24 00:00:00-04:00,67.72000122070312,68.0,67.30000305175781,67.47000122070312,3763000,0.0,0.0,0.0
2007-07-25 00:00:00-04:00,67.19000244140625,67.22000122070312,66.3499984741211,66.9000015258789,7530500,0.0,0.0,0.0
2007-07-26 00:00:00-04:00,66.45999908447266,66.80000305175781,64.7300033569336,65.6500015258789,10704100,0.0,0.0,0.0
2007-07-27 00:00:00-04:00,65.27999877929688,65.61000061035156,64.97000122070312,65.41000366210938,5341900,0.0,0.0,0.0
2007-07-30 00:00:00-04:00,65.37000274658203,65.91999816894531,65.06999969482422,65.7699966430664,3046800,0.0,0.0,0.0
2007-07-31 00:00:00-04:00,66.18000030517578,66.38999938964844,65.12000274658203,65.79000091552734,4006500,0.0,0.0,0.0
2007-08-01 00:00:00-04:00,65.5,66.05999755859375,65.37999725341797,65.93000030517578,6364400,0.0,0.0,0.0
2007-08-02 00:00:00-04:00,65.95999908447266,66.01000213623047,65.55000305175781,65.88999938964844,5331500,0.0,0.0,0.0
2007-08-03 00:00:00-04:00,65.8499984741211,66.91999816894531,65.8499984741211,66.69000244140625,10736000,0.0,0.0,0.0
2007-08-06 00:00:00-04:00,66.66000366210938,66.66999816894531,66.20999908447266,66.5199966430664,2973200,0.0,0.0,0.0
2007-08-07 00:00:00-04:00,66.08999633789062,66.58000183105469,65.91000366210938,66.4800033569336,4147200,0.0,0.0,0.0
2007-08-08 00:00:00-04:00,66.7300033569336,67.54000091552734,66.18000030517578,66.7699966430664,4252100,0.0,0.0,0.0
2007-08-09 00:00:00-04:00,65.94999694824219,65.94999694824219,65.23999786376953,65.45999908447266,9407200,0.0,0.0,0.0
2007-08-10 00:00:00-04:00,65.44000244140625,66.95999908447266,65.44000244140625,66.56999969482422,8831700,0.0,0.0,0.0
2007-08-13 00:00:00-04:00,66.44999694824219,66.5199966430664,66.18000030517578,66.26000213623047,3644000,0.0,0.0,0.0
2007-08-14 00:00:00-04:00,66.25,66.5,65.94999694824219,66.29000091552734,4749600,0.0,0.0,0.0
2007-08-15 00:00:00-04:00,65.77999877929688,66.43000030517578,65.56999969482422,66.12999725341797,5886400,0.0,0.0,0.0
2007-08-16 00:00:00-04:00,65.48999786376953,65.80999755859375,63.470001220703125,64.68000030517578,18367500,0.0,0.0,0.0
2007-08-17 00:00:00-04:00,64.55999755859375,65.7300033569336,64.55999755859375,65.01000213623047,6374300,0.0,0.0,0.0
2007-08-20 00:00:00-04:00,65.05999755859375,65.4000015258789,64.77999877929688,65.12000274658203,4475200,0.0,0.0,0.0
2007-08-21 00:00:00-04:00,65.18000030517578,65.30000305175781,64.7300033569336,65.06999969482422,4478600,0.0,0.0,0.0
2007-08-22 00:00:00-04:00,65.22000122070312,65.52999877929688,65.16999816894531,65.4000015258789,4251100,0.0,0.0,0.0
2007-08-23 00:00:00-04:00,65.63999938964844,65.80000305175781,65.12999725341797,65.30999755859375,3027400,0.0,0.0,0.0
2007-08-24 00:00:00-04:00,65.41999816894531,66.20999908447266,65.30999755859375,66.11000061035156,3648300,0.0,0.0,0.0
2007-08-27 00:00:00-04:00,66.01000213623047,66.05000305175781,65.86000061035156,65.9800033569336,1865700,0.0,0.0,0.0
2007-08-28 00:00:00-04:00,65.94999694824219,66.0999984741211,65.4800033569336,65.58999633789062,3473100,0.0,0.0,0.0
2007-08-29 00:00:00-04:00,65.88999938964844,66.19999694824219,65.7300033569336,66.06999969482422,4469800,0.0,0.0,0.0
2007-08-30 00:00:00-04:00,65.87000274658203,66.0999984741211,65.62999725341797,65.80000305175781,3027700,0.0,0.0,0.0
2007-08-31 00:00:00-04:00,66.61000061035156,66.7699966430664,66.45999908447266,66.5199966430664,4089900,0.0,0.0,0.0
2007-09-04 00:00:00-04:00,66.73999786376953,67.66000366210938,66.58999633789062,67.44000244140625,6640300,0.0,0.0,0.0
2007-09-05 00:00:00-04:00,67.3499984741211,67.62000274658203,67.18000030517578,67.55999755859375,6268300,0.0,0.0,0.0
2007-09-06 00:00:00-04:00,67.91999816894531,69.08000183105469,67.88999938964844,68.86000061035156,15880800,0.0,0.0,0.0
2007-09-07 00:00:00-04:00,69.26000213623047,70.0,69.0,69.38999938964844,14960000,0.0,0.0,0.0
2007-09-10 00:00:00-04:00,69.95999908447266,69.95999908447266,68.7300033569336,69.62000274658203,7598500,0.0,0.0,0.0
2007-09-11 00:00:00-04:00,69.86000061035156,70.69999694824219,69.5199966430664,70.5199966430664,11182400,0.0,0.0,0.0
2007-09-12 00:00:00-04:00,70.5,70.62999725341797,69.83000183105469,70.45999908447266,8032800,0.0,0.0,0.0
2007-09-13 00:00:00-04:00,70.06999969482422,70.26000213623047,69.61000061035156,70.08000183105469,4612400,0.0,0.0,0.0
2007-09-14 00:00:00-04:00,69.9000015258789,70.97000122070312,69.86000061035156,69.98999786376953,7733200,0.0,0.0,0.0
2007-09-17 00:00:00-04:00,70.4000015258789,71.23999786376953,70.3499984741211,70.97000122070312,7457800,0.0,0.0,0.0
2007-09-18 00:00:00-04:00,71.19999694824219,72.0,70.4000015258789,71.69999694824219,14253100,0.0,0.0,0.0
2007-09-19 00:00:00-04:00,71.73999786376953,71.80000305175781,71.25,71.43000030517578,10937800,0.0,0.0,0.0
2007-09-20 00:00:00-04:00,72.1500015258789,73.0999984741211,71.94999694824219,72.72000122070312,11945000,0.0,0.0,0.0
2007-09-21 00:00:00-04:00,72.6500015258789,73.0,71.47000122070312,72.33999633789062,9937400,0.0,0.0,0.0
2007-09-24 00:00:00-04:00,72.56999969482422,72.62999725341797,71.81999969482422,72.27999877929688,6475100,0.0,0.0,0.0
2007-09-25 00:00:00-04:00,71.81999969482422,72.58999633789062,71.63999938964844,72.33000183105469,5503500,0.0,0.0,0.0
2007-09-26 00:00:00-04:00,72.25,72.93000030517578,71.8499984741211,72.0,9418300,0.0,0.0,0.0
2007-09-27 00:00:00-04:00,72.6500015258789,72.80000305175781,72.16999816894531,72.69999694824219,5728200,0.0,0.0,0.0
2007-09-28 00:00:00-04:00,73.19000244140625,73.80000305175781,72.73999786376953,73.51000213623047,8837600,0.0,0.0,0.0
2007-10-01 00:00:00-04:00,73.48999786376953,73.9800033569336,73.29000091552734,73.9000015258789,4823700,0.0,0.0,0.0
2007-10-02 00:00:00-04:00,72.44999694824219,72.68000030517578,71.62999725341797,72.3499984741211,10720000,0.0,0.0,0.0
2007-10-03 00:00:00-04:00,72.25,72.6500015258789,71.3499984741211,71.9000015258789,8186000,0.0,0.0,0.0
2007-10-04 00:00:00-04:00,71.80000305175781,73.05999755859375,71.23999786376953,72.87000274658203,9178500,0.0,0.0,0.0
2007-10-05 00:00:00-04:00,72.80000305175781,73.63999938964844,71.87999725341797,73.4000015258789,10597200,0.0,0.0,0.0
2007-10-08 00:00:00-04:00,72.66000366210938,72.88999938964844,72.27999877929688,72.52999877929688,3447600,0.0,0.0,0.0
2007-10-09 00:00:00-04:00,72.29000091552734,73.30000305175781,72.0999984741211,73.08999633789062,7416100,0.0,0.0,0.0
2007-10-10 00:00:00-04:00,73.5999984741211,73.81999969482422,72.62999725341797,73.36000061035156,4615000,0.0,0.0,0.0
2007-10-11 00:00:00-04:00,73.9800033569336,74.58999633789062,73.27999877929688,73.91000366210938,10291400,0.0,0.0,0.0
2007-10-12 00:00:00-04:00,73.93000030517578,74.58999633789062,73.75,74.58999633789062,3604200,0.0,0.0,0.0
2007-10-15 00:00:00-04:00,74.98999786376953,75.19999694824219,74.48999786376953,75.13999938964844,6705300,0.0,0.0,0.0
2007-10-16 00:00:00-04:00,74.87000274658203,75.44999694824219,73.77999877929688,75.12000274658203,6622900,0.0,0.0,0.0
2007-10-17 00:00:00-04:00,75.30999755859375,75.66000366210938,74.30999755859375,74.5,9355300,0.0,0.0,0.0
2007-10-18 00:00:00-04:00,75.37999725341797,76.0,75.33000183105469,76.0,5646900,0.0,0.0,0.0
2007-10-19 00:00:00-04:00,76.08999633789062,76.29000091552734,74.54000091552734,75.69999694824219,9507800,0.0,0.0,0.0
2007-10-22 00:00:00-04:00,74.08999633789062,74.7699966430664,73.83999633789062,74.5999984741211,8636500,0.0,0.0,0.0
2007-10-23 00:00:00-04:00,75.11000061035156,75.26000213623047,74.62999725341797,75.2300033569336,3096400,0.0,0.0,0.0
2007-10-24 00:00:00-04:00,74.83999633789062,75.58999633789062,74.79000091552734,75.5199966430664,5660600,0.0,0.0,0.0
2007-10-25 00:00:00-04:00,75.94000244140625,76.16999816894531,75.66000366210938,76.02999877929688,6487800,0.0,0.0,0.0
2007-10-26 00:00:00-04:00,76.87000274658203,77.73999786376953,76.66999816894531,77.69000244140625,8544200,0.0,0.0,0.0
2007-10-29 00:00:00-04:00,78.2699966430664,78.31999969482422,77.6500015258789,78.12000274658203,6881000,0.0,0.0,0.0
2007-10-30 00:00:00-04:00,77.66000366210938,77.66000366210938,77.01000213623047,77.3499984741211,5608600,0.0,0.0,0.0
2007-10-31 00:00:00-04:00,77.77999877929688,78.94999694824219,76.88999938964844,78.62000274658203,8872900,0.0,0.0,0.0
2007-11-01 00:00:00-04:00,78.4000015258789,78.9000015258789,77.5,77.93000030517578,7545500,0.0,0.0,0.0
2007-11-02 00:00:00-04:00,78.55000305175781,79.9000015258789,77.4800033569336,79.83000183105469,9911400,0.0,0.0,0.0
2007-11-05 00:00:00-05:00,79.68000030517578,80.23999786376953,79.11000061035156,79.75,5025300,0.0,0.0,0.0
2007-11-06 00:00:00-05:00,81.02999877929688,81.5199966430664,80.69999694824219,81.43000030517578,7692500,0.0,0.0,0.0
2007-11-07 00:00:00-05:00,83.20999908447266,83.23999786376953,81.33000183105469,82.23999786376953,16512900,0.0,0.0,0.0
2007-11-08 00:00:00-05:00,82.43000030517578,83.62999725341797,81.7300033569336,82.2300033569336,17356200,0.0,0.0,0.0
2007-11-09 00:00:00-05:00,81.79000091552734,82.62999725341797,81.22000122070312,82.18000030517578,6947800,0.0,0.0,0.0
2007-11-12 00:00:00-05:00,80.41000366210938,80.44000244140625,78.25,78.30000305175781,17297000,0.0,0.0,0.0
2007-11-13 00:00:00-05:00,79.4000015258789,79.93000030517578,77.86000061035156,79.12000274658203,11438200,0.0,0.0,0.0
2007-11-14 00:00:00-05:00,80.20999908447266,80.68000030517578,79.91000366210938,80.27999877929688,5703700,0.0,0.0,0.0
2007-11-15 00:00:00-05:00,79.18000030517578,79.5,77.30000305175781,77.94999694824219,10908200,0.0,0.0,0.0
2007-11-16 00:00:00-05:00,78.33999633789062,78.8499984741211,77.16999816894531,77.75,8078000,0.0,0.0,0.0
2007-11-19 00:00:00-05:00,77.83999633789062,78.0,76.11000061035156,77.23999786376953,6088600,0.0,0.0,0.0
2007-11-20 00:00:00-05:00,78.02999877929688,80.04000091552734,77.30000305175781,79.47000122070312,12081600,0.0,0.0,0.0
2007-11-21 00:00:00-05:00,79.30000305175781,79.55000305175781,78.55999755859375,79.36000061035156,7264100,0.0,0.0,0.0
2007-11-23 00:00:00-05:00,80.04000091552734,81.61000061035156,80.0199966430664,81.25,5259700,0.0,0.0,0.0
2007-11-26 00:00:00-05:00,82.25,82.25,81.12999725341797,81.30000305175781,7440200,0.0,0.0,0.0
2007-11-27 00:00:00-05:00,80.69999694824219,80.88999938964844,79.80999755859375,80.0999984741211,7229900,0.0,0.0,0.0
2007-11-28 00:00:00-05:00,79.41999816894531,79.87000274658203,78.76000213623047,79.56999969482422,9706700,0.0,0.0,0.0
2007-11-29 00:00:00-05:00,79.27999877929688,79.33000183105469,78.27999877929688,78.27999877929688,9306700,0.0,0.0,0.0
2007-11-30 00:00:00-05:00,78.3499984741211,78.5999984741211,76.9800033569336,77.31999969482422,9509100,0.0,0.0,0.0
2007-12-03 00:00:00-05:00,77.38999938964844,78.30000305175781,77.30000305175781,78.27999877929688,6265700,0.0,0.0,0.0
2007-12-04 00:00:00-05:00,78.62999725341797,79.62000274658203,78.56999969482422,79.4000015258789,7721900,0.0,0.0,0.0
2007-12-05 00:00:00-05:00,79.25,79.25,78.19000244140625,78.62999725341797,7685300,0.0,0.0,0.0
2007-12-06 00:00:00-05:00,77.91999816894531,79.6500015258789,77.80000305175781,79.37000274658203,6840200,0.0,0.0,0.0
2007-12-07 00:00:00-05:00,79.01000213623047,79.5999984741211,78.19000244140625,78.5999984741211,8328500,0.0,0.0,0.0
2007-12-10 00:00:00-05:00,79.1500015258789,80.30000305175781,79.12999725341797,80.0,4850900,0.0,0.0,0.0
2007-12-11 00:00:00-05:00,79.75,80.45999908447266,78.68000030517578,78.83999633789062,9579200,0.0,0.0,0.0
2007-12-12 00:00:00-05:00,80.05000305175781,80.91999816894531,79.94000244140625,80.48999786376953,9702500,0.0,0.0,0.0
2007-12-13 00:00:00-05:00,79.58999633789062,79.62000274658203,78.30000305175781,78.5,9552200,0.0,0.0,0.0
2007-12-14 00:00:00-05:00,78.41000366210938,78.56999969482422,77.81999969482422,78.5199966430664,6827000,0.0,0.0,0.0
2007-12-17 00:00:00-05:00,78.12999725341797,78.79000091552734,77.80999755859375,78.12999725341797,6495900,0.0,0.0,0.0
2007-12-18 00:00:00-05:00,79.58999633789062,79.58999633789062,78.81999969482422,79.25,6757700,0.0,0.0,0.0
2007-12-19 00:00:00-05:00,79.2300033569336,79.56999969482422,78.9800033569336,79.23999786376953,5638500,0.0,0.0,0.0
2007-12-20 00:00:00-05:00,78.91000366210938,79.11000061035156,78.36000061035156,78.66999816894531,6345600,0.0,0.0,0.0
2007-12-21 00:00:00-05:00,80.16000366210938,80.31999969482422,79.91999816894531,80.0999984741211,4603300,0.0,0.0,0.0
2007-12-24 00:00:00-05:00,80.20999908447266,80.62999725341797,80.13999938964844,80.13999938964844,2863500,0.0,0.0,0.0
2007-12-26 00:00:00-05:00,81.05999755859375,81.66999816894531,81.0,81.5199966430664,5896700,0.0,0.0,0.0
2007-12-27 00:00:00-05:00,81.87999725341797,82.16999816894531,81.37000274658203,81.55999755859375,5050300,0.0,0.0,0.0
2007-12-28 00:00:00-05:00,82.37999725341797,83.0199966430664,82.3499984741211,83.0,5134700,0.0,0.0,0.0
2007-12-31 00:00:00-05:00,82.73999786376953,82.83000183105469,81.9800033569336,82.45999908447266,3815600,0.0,0.0,0.0
2008-01-02 00:00:00-05:00,83.55999755859375,85.13999938964844,83.44000244140625,84.86000061035156,12291100,0.0,0.0,0.0
2008-01-03 00:00:00-05:00,84.87000274658203,85.94000244140625,84.5999984741211,85.56999969482422,9553900,0.0,0.0,0.0
2008-01-04 00:00:00-05:00,85.33999633789062,85.55000305175781,84.43000030517578,85.12999725341797,8402200,0.0,0.0,0.0
2008-01-07 00:00:00-05:00,85.23999786376953,85.26000213623047,84.56999969482422,84.7699966430664,6944300,0.0,0.0,0.0
2008-01-08 00:00:00-05:00,86.27999877929688,87.12999725341797,86.16000366210938,86.77999877929688,9567900,0.0,0.0,0.0
2008-01-09 00:00:00-05:00,86.55999755859375,87.19999694824219,86.30000305175781,86.55000305175781,10080200,0.0,0.0,0.0
2008-01-10 00:00:00-05:00,86.41999816894531,88.45999908447266,86.41000366210938,88.25,12916300,0.0,0.0,0.0
2008-01-11 00:00:00-05:00,88.04000091552734,88.76000213623047,87.8499984741211,88.58000183105469,6978800,0.0,0.0,0.0
2008-01-14 00:00:00-05:00,89.44999694824219,89.94000244140625,89.0,89.54000091552734,10085000,0.0,0.0,0.0
2008-01-15 00:00:00-05:00,89.5999984741211,90.3499984741211,87.91000366210938,87.98999786376953,23853900,0.0,0.0,0.0
2008-01-16 00:00:00-05:00,88.16999816894531,88.66000366210938,86.31999969482422,86.69999694824219,26919000,0.0,0.0,0.0
2008-01-17 00:00:00-05:00,87.5,87.9800033569336,86.47000122070312,86.5,13592300,0.0,0.0,0.0
2008-01-18 00:00:00-05:00,87.16999816894531,87.45999908447266,86.51000213623047,87.41999816894531,9094500,0.0,0.0,0.0
2008-01-22 00:00:00-05:00,86.13999938964844,88.44000244140625,85.7699966430664,88.16999816894531,20679600,0.0,0.0,0.0
2008-01-23 00:00:00-05:00,87.16000366210938,88.66999816894531,86.7300033569336,87.88999938964844,14282000,0.0,0.0,0.0
2008-01-24 00:00:00-05:00,89.72000122070312,90.25,89.12999725341797,90.08000183105469,10627200,0.0,0.0,0.0
2008-01-25 00:00:00-05:00,90.93000030517578,91.08000183105469,89.5,90.30000305175781,9703900,0.0,0.0,0.0
2008-01-28 00:00:00-05:00,90.95999908447266,91.88999938964844,90.75,91.75,8533200,0.0,0.0,0.0
2008-01-29 00:00:00-05:00,91.36000061035156,91.72000122070312,90.80999755859375,91.1500015258789,9091600,0.0,0.0,0.0
2008-01-30 00:00:00-05:00,90.70999908447266,92.58000183105469,90.44999694824219,92.05999755859375,14378100,0.0,0.0,0.0
2008-01-31 00:00:00-05:00,90.91999816894531,91.66000366210938,90.73999786376953,91.4000015258789,7791500,0.0,0.0,0.0
2008-02-01 00:00:00-05:00,91.75,91.87000274658203,89.22000122070312,89.3499984741211,19635600,0.0,0.0,0.0
2008-02-04 00:00:00-05:00,88.51000213623047,89.5199966430664,88.05000305175781,89.0999984741211,10285000,0.0,0.0,0.0
2008-02-05 00:00:00-05:00,87.9000015258789,88.69000244140625,87.30000305175781,87.68000030517578,11170100,0.0,0.0,0.0
2008-02-06 00:00:00-05:00,89.0,89.6500015258789,88.75,88.94999694824219,8787200,0.0,0.0,0.0
2008-02-07 00:00:00-05:00,88.94999694824219,89.94000244140625,88.80999755859375,89.8499984741211,8971300,0.0,0.0,0.0
2008-02-08 00:00:00-05:00,90.0,91.0,89.98999786376953,91.0,9128200,0.0,0.0,0.0
2008-02-11 00:00:00-05:00,91.04000091552734,91.45999908447266,90.44000244140625,91.33000183105469,6832200,0.0,0.0,0.0
2008-02-12 00:00:00-05:00,90.83000183105469,91.4000015258789,89.0999984741211,89.33000183105469,10225900,0.0,0.0,0.0
2008-02-13 00:00:00-05:00,88.87999725341797,89.98999786376953,88.66999816894531,89.44000244140625,10038800,0.0,0.0,0.0
2008-02-14 00:00:00-05:00,89.37000274658203,90.11000061035156,89.3499984741211,89.70999908447266,6882500,0.0,0.0,0.0
2008-02-15 00:00:00-05:00,90.30000305175781,90.31999969482422,88.62999725341797,89.1500015258789,5586100,0.0,0.0,0.0
2008-02-19 00:00:00-05:00,91.2300033569336,91.94000244140625,90.9800033569336,91.58000183105469,8371600,0.0,0.0,0.0
2008-02-20 00:00:00-05:00,90.83999633789062,93.30999755859375,90.75,93.23999786376953,10632400,0.0,0.0,0.0
2008-02-21 00:00:00-05:00,93.44000244140625,94.22000122070312,93.0199966430664,93.25,12952200,0.0,0.0,0.0
2008-02-22 00:00:00-05:00,93.55999755859375,93.72000122070312,92.3499984741211,93.38999938964844,7576900,0.0,0.0,0.0
2008-02-25 00:00:00-05:00,93.70999908447266,93.70999908447266,92.11000061035156,92.73999786376953,11954500,0.0,0.0,0.0
2008-02-26 00:00:00-05:00,92.43000030517578,93.97000122070312,92.18000030517578,93.70999908447266,8452200,0.0,0.0,0.0
2008-02-27 00:00:00-05:00,94.55999755859375,94.94000244140625,93.97000122070312,94.77999877929688,9926500,0.0,0.0,0.0
2008-02-28 00:00:00-05:00,94.91999816894531,96.08000183105469,94.47000122070312,95.98999786376953,11211200,0.0,0.0,0.0
2008-02-29 00:00:00-05:00,95.81999969482422,96.23999786376953,95.22000122070312,96.18000030517578,9347800,0.0,0.0,0.0
2008-03-03 00:00:00-05:00,97.5199966430664,97.73999786376953,96.68000030517578,97.23999786376953,11479000,0.0,0.0,0.0
2008-03-04 00:00:00-05:00,97.27999877929688,97.44999694824219,94.38999938964844,95.18000030517578,21356500,0.0,0.0,0.0
2008-03-05 00:00:00-05:00,96.0999984741211,98.1500015258789,95.93000030517578,97.72000122070312,15354300,0.0,0.0,0.0
2008-03-06 00:00:00-05:00,96.9800033569336,97.29000091552734,95.26000213623047,96.5,18543500,0.0,0.0,0.0
2008-03-07 00:00:00-05:00,96.5999984741211,96.68000030517578,95.72000122070312,96.08999633789062,10066900,0.0,0.0,0.0
2008-03-10 00:00:00-04:00,95.0,96.33999633789062,94.87999725341797,95.87000274658203,10868400,0.0,0.0,0.0
2008-03-11 00:00:00-04:00,96.5199966430664,96.9800033569336,95.19000244140625,95.98999786376953,14343300,0.0,0.0,0.0
2008-03-12 00:00:00-04:00,96.58000183105469,97.37999725341797,96.23999786376953,97.01000213623047,8178200,0.0,0.0,0.0
2008-03-13 00:00:00-04:00,98.5,98.7300033569336,97.7300033569336,98.33999633789062,14681500,0.0,0.0,0.0
2008-03-14 00:00:00-04:00,98.02999877929688,99.52999877929688,98.01000213623047,98.70999908447266,17565100,0.0,0.0,0.0
2008-03-17 00:00:00-04:00,99.31999969482422,100.44000244140625,98.0,99.16999816894531,26505900,0.0,0.0,0.0
2008-03-18 00:00:00-04:00,99.3499984741211,99.51000213623047,96.3499984741211,96.5,20966100,0.0,0.0,0.0
2008-03-19 00:00:00-04:00,95.6500015258789,96.0,92.5,93.04000091552734,37594300,0.0,0.0,0.0
2008-03-20 00:00:00-04:00,90.7300033569336,91.6500015258789,89.80000305175781,89.91000366210938,28830000,0.0,0.0,0.0
2008-03-24 00:00:00-04:00,90.6500015258789,91.51000213623047,89.77999877929688,90.0999984741211,14325700,0.0,0.0,0.0
2008-03-25 00:00:00-04:00,91.91000366210938,92.79000091552734,91.27999877929688,92.7300033569336,15839900,0.0,0.0,0.0
2008-03-26 00:00:00-04:00,93.11000061035156,94.0,93.05999755859375,93.80000305175781,12389000,0.0,0.0,0.0
2008-03-27 00:00:00-04:00,93.51000213623047,94.08999633789062,92.94999694824219,93.45999908447266,7560500,0.0,0.0,0.0
2008-03-28 00:00:00-04:00,91.95999908447266,92.44999694824219,91.11000061035156,91.87999725341797,8786600,0.0,0.0,0.0
2008-03-31 00:00:00-04:00,92.55999755859375,92.6500015258789,89.95999908447266,90.41000366210938,11165000,0.0,0.0,0.0
2008-04-01 00:00:00-04:00,87.86000061035156,88.30999755859375,86.05000305175781,86.86000061035156,23673200,0.0,0.0,0.0
2008-04-02 00:00:00-04:00,87.27999877929688,89.76000213623047,87.22000122070312,89.2699966430664,13537500,0.0,0.0,0.0
2008-04-03 00:00:00-04:00,88.58999633789062,89.75,87.63999938964844,89.41999816894531,9324800,0.0,0.0,0.0
2008-04-04 00:00:00-04:00,89.4800033569336,90.33999633789062,89.30999755859375,90.25,7228200,0.0,0.0,0.0
2008-04-07 00:00:00-04:00,90.7300033569336,91.75,90.5999984741211,91.16999816894531,8196200,0.0,0.0,0.0
2008-04-08 00:00:00-04:00,90.04000091552734,90.48999786376953,89.72000122070312,90.3499984741211,5773000,0.0,0.0,0.0
2008-04-09 00:00:00-04:00,90.30000305175781,92.37000274658203,90.23999786376953,92.29000091552734,10572400,0.0,0.0,0.0
2008-04-10 00:00:00-04:00,92.31999969482422,92.55999755859375,90.97000122070312,91.7699966430664,7758500,0.0,0.0,0.0
2008-04-11 00:00:00-04:00,91.41000366210938,91.83000183105469,90.55000305175781,91.30000305175781,6545700,0.0,0.0,0.0
2008-04-14 00:00:00-04:00,91.31999969482422,91.9800033569336,91.05999755859375,91.11000061035156,4697000,0.0,0.0,0.0
2008-04-15 00:00:00-04:00,91.7300033569336,91.91000366210938,91.37999725341797,91.66000366210938,6635400,0.0,0.0,0.0
2008-04-16 00:00:00-04:00,93.19000244140625,93.70999908447266,93.01000213623047,93.2699966430664,8469200,0.0,0.0,0.0
2008-04-17 00:00:00-04:00,93.30999755859375,93.51000213623047,92.4800033569336,92.55999755859375,6875300,0.0,0.0,0.0
2008-04-18 00:00:00-04:00,89.72000122070312,90.69999694824219,88.95999908447266,90.62000274658203,11390700,0.0,0.0,0.0
2008-04-21 00:00:00-04:00,90.79000091552734,90.87000274658203,89.88999938964844,90.25,11927500,0.0,0.0,0.0
2008-04-22 00:00:00-04:00,90.41999816894531,91.3499984741211,90.12000274658203,90.2699966430664,14043600,0.0,0.0,0.0
2008-04-23 00:00:00-04:00,89.0,89.55000305175781,88.44000244140625,89.22000122070312,18170500,0.0,0.0,0.0
2008-04-24 00:00:00-04:00,88.26000213623047,89.91000366210938,87.0999984741211,87.22000122070312,22846600,0.0,0.0,0.0
2008-04-25 00:00:00-04:00,88.33000183105469,88.41999816894531,87.19000244140625,87.2699966430664,11179900,0.0,0.0,0.0
2008-04-28 00:00:00-04:00,87.87999725341797,88.4000015258789,87.66999816894531,87.69000244140625,8071700,0.0,0.0,0.0
2008-04-29 00:00:00-04:00,86.7300033569336,86.9000015258789,85.54000091552734,85.80999755859375,14689000,0.0,0.0,0.0
2008-04-30 00:00:00-04:00,86.0999984741211,86.79000091552734,85.11000061035156,86.6500015258789,17701500,0.0,0.0,0.0
2008-05-01 00:00:00-04:00,84.51000213623047,84.55999755859375,83.56999969482422,83.98999786376953,17664500,0.0,0.0,0.0
2008-05-02 00:00:00-04:00,83.95999908447266,84.79000091552734,83.95999908447266,84.58000183105469,8744400,0.0,0.0,0.0
2008-05-05 00:00:00-04:00,85.68000030517578,86.29000091552734,85.29000091552734,86.2699966430664,7381300,0.0,0.0,0.0
2008-05-06 00:00:00-04:00,86.33000183105469,87.1500015258789,86.33000183105469,86.62999725341797,10760400,0.0,0.0,0.0
2008-05-07 00:00:00-04:00,85.47000122070312,86.0999984741211,85.19999694824219,85.81999969482422,7218400,0.0,0.0,0.0
2008-05-08 00:00:00-04:00,86.76000213623047,87.4000015258789,86.41999816894531,87.23999786376953,8628600,0.0,0.0,0.0
2008-05-09 00:00:00-04:00,87.37000274658203,87.58999633789062,85.83999633789062,87.41999816894531,9926600,0.0,0.0,0.0
2008-05-12 00:00:00-04:00,86.91999816894531,87.63999938964844,86.79000091552734,86.98999786376953,5010000,0.0,0.0,0.0
2008-05-13 00:00:00-04:00,85.12000274658203,86.13999938964844,84.91999816894531,85.38999938964844,7359800,0.0,0.0,0.0
2008-05-14 00:00:00-04:00,85.7300033569336,85.80999755859375,85.0999984741211,85.19999694824219,8650600,0.0,0.0,0.0
2008-05-15 00:00:00-04:00,87.12999725341797,87.5999984741211,86.2300033569336,87.0,9437900,0.0,0.0,0.0
2008-05-16 00:00:00-04:00,88.5199966430664,89.30000305175781,88.0199966430664,89.0999984741211,12075300,0.0,0.0,0.0
2008-05-19 00:00:00-04:00,89.56999969482422,89.69999694824219,88.87000274658203,89.38999938964844,5931200,0.0,0.0,0.0
2008-05-20 00:00:00-04:00,89.61000061035156,91.16999816894531,89.55999755859375,90.9000015258789,10683000,0.0,0.0,0.0
2008-05-21 00:00:00-04:00,90.61000061035156,92.11000061035156,90.61000061035156,91.95999908447266,11346200,0.0,0.0,0.0
2008-05-22 00:00:00-04:00,91.19999694824219,91.62999725341797,90.5,90.9800033569336,8864400,0.0,0.0,0.0
2008-05-23 00:00:00-04:00,91.33000183105469,92.0,90.95999908447266,91.2300033569336,6062800,0.0,0.0,0.0
2008-05-27 00:00:00-04:00,89.83999633789062,89.87000274658203,89.16000366210938,89.36000061035156,7601700,0.0,0.0,0.0
2008-05-28 00:00:00-04:00,88.48999786376953,89.19000244140625,88.3499984741211,89.13999938964844,8104100,0.0,0.0,0.0
2008-05-29 00:00:00-04:00,86.94000244140625,87.5999984741211,86.0999984741211,86.51000213623047,12696700,0.0,0.0,0.0
2008-05-30 00:00:00-04:00,87.33999633789062,87.69000244140625,86.95999908447266,87.44999694824219,4944200,0.0,0.0,0.0
2008-06-02 00:00:00-04:00,87.47000122070312,88.55000305175781,87.44000244140625,87.95999908447266,5277100,0.0,0.0,0.0
2008-06-03 00:00:00-04:00,86.6500015258789,87.3499984741211,86.5199966430664,86.87999725341797,8396000,0.0,0.0,0.0
2008-06-04 00:00:00-04:00,87.08999633789062,87.41999816894531,86.55999755859375,86.6500015258789,7157500,0.0,0.0,0.0
2008-06-05 00:00:00-04:00,85.97000122070312,86.80999755859375,85.66000366210938,86.44999694824219,14130900,0.0,0.0,0.0
2008-06-06 00:00:00-04:00,87.79000091552734,89.05999755859375,87.69000244140625,89.05999755859375,17431700,0.0,0.0,0.0
2008-06-09 00:00:00-04:00,88.54000091552734,89.23999786376953,87.83999633789062,87.98999786376953,9172100,0.0,0.0,0.0
2008-06-10 00:00:00-04:00,86.27999877929688,86.76000213623047,85.11000061035156,85.55000305175781,13903800,0.0,0.0,0.0
2008-06-11 00:00:00-04:00,86.56999969482422,87.0999984741211,86.3499984741211,87.0199966430664,10153600,0.0,0.0,0.0
2008-06-12 00:00:00-04:00,85.19000244140625,86.06999969482422,84.83000183105469,85.5999984741211,9826200,0.0,0.0,0.0
2008-06-13 00:00:00-04:00,85.33000183105469,86.0199966430664,85.04000091552734,85.83000183105469,8429000,0.0,0.0,0.0
2008-06-16 00:00:00-04:00,88.19999694824219,88.19999694824219,86.97000122070312,87.01000213623047,6993700,0.0,0.0,0.0
2008-06-17 00:00:00-04:00,86.72000122070312,87.5199966430664,86.69999694824219,87.25,5285800,0.0,0.0,0.0
2008-06-18 00:00:00-04:00,87.66000366210938,88.41000366210938,87.12999725341797,88.27999877929688,7818800,0.0,0.0,0.0
2008-06-19 00:00:00-04:00,89.37000274658203,89.5,88.38999938964844,88.41999816894531,10520500,0.0,0.0,0.0
2008-06-20 00:00:00-04:00,88.81999969482422,89.61000061035156,88.7699966430664,88.94999694824219,10057800,0.0,0.0,0.0
2008-06-23 00:00:00-04:00,87.01000213623047,87.4000015258789,86.73999786376953,87.08999633789062,12784300,0.0,0.0,0.0
2008-06-24 00:00:00-04:00,87.30000305175781,88.23999786376953,87.23999786376953,87.47000122070312,7398500,0.0,0.0,0.0
2008-06-25 00:00:00-04:00,87.43000030517578,87.58000183105469,86.12999725341797,87.41999816894531,10897700,0.0,0.0,0.0
2008-06-26 00:00:00-04:00,89.5,90.86000061035156,89.5,90.61000061035156,18407600,0.0,0.0,0.0
2008-06-27 00:00:00-04:00,90.9800033569336,91.81999969482422,90.6500015258789,91.47000122070312,14490300,0.0,0.0,0.0
2008-06-30 00:00:00-04:00,91.88999938964844,91.9000015258789,90.52999877929688,91.4000015258789,7289000,0.0,0.0,0.0
2008-07-01 00:00:00-04:00,92.52999877929688,93.3499984741211,92.33999633789062,92.66000366210938,15479800,0.0,0.0,0.0
2008-07-02 00:00:00-04:00,92.27999877929688,93.33000183105469,92.12999725341797,93.16999816894531,11460400,0.0,0.0,0.0
2008-07-03 00:00:00-04:00,92.16999816894531,92.68000030517578,91.68000030517578,92.05999755859375,9609500,0.0,0.0,0.0
2008-07-07 00:00:00-04:00,90.56999969482422,91.6500015258789,90.16000366210938,91.2300033569336,12300200,0.0,0.0,0.0
2008-07-08 00:00:00-04:00,90.55000305175781,91.1500015258789,89.93000030517578,90.86000061035156,11215600,0.0,0.0,0.0
2008-07-09 00:00:00-04:00,90.87999725341797,91.63999938964844,90.86000061035156,91.5,11362800,0.0,0.0,0.0
2008-07-10 00:00:00-04:00,92.4000015258789,93.5999984741211,92.3499984741211,93.52999877929688,16817000,0.0,0.0,0.0
2008-07-11 00:00:00-04:00,95.02999877929688,95.5,94.25,95.16000366210938,25994600,0.0,0.0,0.0
2008-07-14 00:00:00-04:00,95.08999633789062,96.19999694824219,94.91999816894531,95.91000366210938,21242900,0.0,0.0,0.0
2008-07-15 00:00:00-04:00,96.55000305175781,97.5,95.43000030517578,96.16999816894531,30347100,0.0,0.0,0.0
2008-07-16 00:00:00-04:00,96.2699966430664,96.5,94.33999633789062,94.44000244140625,19897400,0.0,0.0,0.0
2008-07-17 00:00:00-04:00,94.69999694824219,96.51000213623047,94.06999969482422,94.22000122070312,25185100,0.0,0.0,0.0
2008-07-18 00:00:00-04:00,94.22000122070312,94.93000030517578,94.0199966430664,94.16999816894531,8585100,0.0,0.0,0.0
2008-07-21 00:00:00-04:00,94.75,95.1500015258789,94.44999694824219,95.12000274658203,7323800,0.0,0.0,0.0
2008-07-22 00:00:00-04:00,95.7300033569336,95.86000061035156,92.94000244140625,93.05999755859375,17553700,0.0,0.0,0.0
2008-07-23 00:00:00-04:00,92.63999938964844,92.79000091552734,90.44000244140625,90.56999969482422,25791800,0.0,0.0,0.0
2008-07-24 00:00:00-04:00,91.08000183105469,91.62000274658203,90.25,91.33000183105469,13072100,0.0,0.0,0.0
2008-07-25 00:00:00-04:00,91.02999877929688,91.7300033569336,90.52999877929688,91.69000244140625,7599500,0.0,0.0,0.0
2008-07-28 00:00:00-04:00,91.38999938964844,92.0,90.94000244140625,91.7300033569336,8809600,0.0,0.0,0.0
2008-07-29 00:00:00-04:00,91.2300033569336,91.2699966430664,90.08999633789062,90.58999633789062,12992200,0.0,0.0,0.0
2008-07-30 00:00:00-04:00,88.86000061035156,89.72000122070312,88.08000183105469,89.5199966430664,17379900,0.0,0.0,0.0
2008-07-31 00:00:00-04:00,91.05000305175781,91.13999938964844,89.87000274658203,90.08000183105469,10976400,0.0,0.0,0.0
2008-08-01 00:00:00-04:00,89.5,90.44999694824219,89.37000274658203,89.56999969482422,10893500,0.0,0.0,0.0
2008-08-04 00:00:00-04:00,89.08000183105469,89.68000030517578,88.04000091552734,88.13999938964844,14979800,0.0,0.0,0.0
2008-08-05 00:00:00-04:00,87.27999877929688,87.41000366210938,85.94000244140625,86.08000183105469,20185400,0.0,0.0,0.0
2008-08-06 00:00:00-04:00,86.80000305175781,87.0,86.01000213623047,86.63999938964844,12404200,0.0,0.0,0.0
2008-08-07 00:00:00-04:00,86.63999938964844,86.77999877929688,85.51000213623047,86.08999633789062,9961700,0.0,0.0,0.0
2008-08-08 00:00:00-04:00,84.3499984741211,84.68000030517578,83.83000183105469,84.43000030517578,13513900,0.0,0.0,0.0
2008-08-11 00:00:00-04:00,84.45999908447266,84.48999786376953,80.5999984741211,81.12999725341797,23567000,0.0,0.0,0.0
2008-08-12 00:00:00-04:00,80.73999786376953,81.01000213623047,79.55000305175781,80.5199966430664,20131800,0.0,0.0,0.0
2008-08-13 00:00:00-04:00,80.58999633789062,81.8499984741211,80.38999938964844,81.55999755859375,17007500,0.0,0.0,0.0
2008-08-14 00:00:00-04:00,80.70999908447266,81.0999984741211,79.27999877929688,79.3499984741211,15542600,0.0,0.0,0.0
2008-08-15 00:00:00-04:00,78.0,78.31999969482422,76.61000061035156,77.62999725341797,29754000,0.0,0.0,0.0
2008-08-18 00:00:00-04:00,78.52999877929688,79.16999816894531,77.80999755859375,78.80000305175781,14071900,0.0,0.0,0.0
2008-08-19 00:00:00-04:00,77.91999816894531,80.5199966430664,77.69999694824219,80.43000030517578,16757100,0.0,0.0,0.0
2008-08-20 00:00:00-04:00,80.1500015258789,80.66000366210938,78.80999755859375,80.05999755859375,14714000,0.0,0.0,0.0
2008-08-21 00:00:00-04:00,82.01000213623047,84.54000091552734,81.75,82.30000305175781,17031100,0.0,0.0,0.0
2008-08-22 00:00:00-04:00,81.48999786376953,81.95999908447266,80.94000244140625,81.08000183105469,7854700,0.0,0.0,0.0
2008-08-25 00:00:00-04:00,81.0999984741211,81.33999633789062,80.55999755859375,80.93000030517578,6512800,0.0,0.0,0.0
2008-08-26 00:00:00-04:00,80.61000061035156,81.8499984741211,80.5999984741211,81.2300033569336,8578700,0.0,0.0,0.0
2008-08-27 00:00:00-04:00,81.88999938964844,82.05000305175781,81.0,81.36000061035156,7097500,0.0,0.0,0.0
2008-08-28 00:00:00-04:00,83.05999755859375,83.12999725341797,81.2699966430664,82.18000030517578,9351600,0.0,0.0,0.0
2008-08-29 00:00:00-04:00,82.30999755859375,82.47000122070312,81.58000183105469,81.70999908447266,5124800,0.0,0.0,0.0
2008-09-02 00:00:00-04:00,78.16000366210938,79.79000091552734,77.9800033569336,79.19999694824219,12680900,0.0,0.0,0.0
2008-09-03 00:00:00-04:00,79.19000244140625,79.69000244140625,78.33999633789062,78.88999938964844,10707700,0.0,0.0,0.0
2008-09-04 00:00:00-04:00,79.69999694824219,79.77999877929688,78.13999938964844,78.38999938964844,10869900,0.0,0.0,0.0
2008-09-05 00:00:00-04:00,80.08000183105469,80.2699966430664,78.16999816894531,78.9800033569336,10738700,0.0,0.0,0.0
2008-09-08 00:00:00-04:00,80.0999984741211,80.3499984741211,78.47000122070312,78.86000061035156,10016900,0.0,0.0,0.0
2008-09-09 00:00:00-04:00,77.38999938964844,77.81999969482422,76.23999786376953,76.48999786376953,20197500,0.0,0.0,0.0
2008-09-10 00:00:00-04:00,76.87999725341797,76.93000030517578,74.0999984741211,74.22000122070312,29365500,0.0,0.0,0.0
2008-09-11 00:00:00-04:00,73.61000061035156,73.93000030517578,72.51000213623047,73.08000183105469,23774700,0.0,0.0,0.0
2008-09-12 00:00:00-04:00,74.26000213623047,75.58000183105469,73.4800033569336,75.55000305175781,17595400,0.0,0.0,0.0
2008-09-15 00:00:00-04:00,76.63999938964844,77.7300033569336,76.0,77.55999755859375,17004100,0.0,0.0,0.0
2008-09-16 00:00:00-04:00,76.69000244140625,77.29000091552734,76.30000305175781,76.79000091552734,17192100,0.0,0.0,0.0
2008-09-17 00:00:00-04:00,77.11000061035156,85.5999984741211,77.08999633789062,85.45999908447266,65774700,0.0,0.0,0.0
2008-09-18 00:00:00-04:00,85.48999786376953,90.77999877929688,81.9000015258789,82.80000305175781,60589200,0.0,0.0,0.0
2008-09-19 00:00:00-04:00,85.58000183105469,86.44000244140625,84.0,85.9800033569336,25484700,0.0,0.0,0.0
2008-09-22 00:00:00-04:00,86.8499984741211,89.54000091552734,86.80999755859375,89.18000030517578,35324400,0.0,0.0,0.0
2008-09-23 00:00:00-04:00,88.87000274658203,89.0999984741211,86.72000122070312,88.31999969482422,22342900,0.0,0.0,0.0
2008-09-24 00:00:00-04:00,88.68000030517578,88.76000213623047,86.69999694824219,86.70999908447266,17238600,0.0,0.0,0.0
2008-09-25 00:00:00-04:00,87.12000274658203,87.80000305175781,85.01000213623047,86.44999694824219,20692000,0.0,0.0,0.0
2008-09-26 00:00:00-04:00,87.02999877929688,90.16999816894531,86.58999633789062,86.63999938964844,21980100,0.0,0.0,0.0
2008-09-29 00:00:00-04:00,87.05999755859375,92.0,86.97000122070312,89.56999969482422,40569700,0.0,0.0,0.0
2008-09-30 00:00:00-04:00,87.30999755859375,87.36000061035156,84.20999908447266,85.06999969482422,20437900,0.0,0.0,0.0
2008-10-01 00:00:00-04:00,86.2300033569336,88.05000305175781,85.18000030517578,85.97000122070312,16785400,0.0,0.0,0.0
2008-10-02 00:00:00-04:00,84.55999755859375,84.66000366210938,81.62000274658203,82.33000183105469,22651000,0.0,0.0,0.0
2008-10-03 00:00:00-04:00,81.2300033569336,83.44000244140625,81.05000305175781,82.58999633789062,24055400,0.0,0.0,0.0
2008-10-06 00:00:00-04:00,85.83999633789062,86.44999694824219,84.25,84.27999877929688,21675700,0.0,0.0,0.0
2008-10-07 00:00:00-04:00,87.18000030517578,87.69999694824219,85.52999877929688,87.2699966430664,20282100,0.0,0.0,0.0
2008-10-08 00:00:00-04:00,90.69000244140625,90.83999633789062,88.05000305175781,89.41999816894531,31204900,0.0,0.0,0.0
2008-10-09 00:00:00-04:00,87.29000091552734,90.58000183105469,86.54000091552734,89.9000015258789,19981800,0.0,0.0,0.0
2008-10-10 00:00:00-04:00,89.58999633789062,90.72000122070312,81.37999725341797,83.22000122070312,45067300,0.0,0.0,0.0
2008-10-13 00:00:00-04:00,83.61000061035156,83.9000015258789,80.91999816894531,81.98999786376953,17028700,0.0,0.0,0.0
2008-10-14 00:00:00-04:00,82.4000015258789,83.30999755859375,81.61000061035156,82.19999694824219,12383200,0.0,0.0,0.0
2008-10-15 00:00:00-04:00,82.19999694824219,84.38999938964844,82.08000183105469,83.30999755859375,16906100,0.0,0.0,0.0
2008-10-16 00:00:00-04:00,82.4000015258789,82.5,77.22000122070312,79.29000091552734,30645600,0.0,0.0,0.0
2008-10-17 00:00:00-04:00,77.12000274658203,80.77999877929688,75.0,77.20999908447266,15336700,0.0,0.0,0.0
2008-10-20 00:00:00-04:00,77.7699966430664,78.55999755859375,77.2699966430664,78.5,9331900,0.0,0.0,0.0
2008-10-21 00:00:00-04:00,75.9000015258789,76.94000244140625,74.88999938964844,76.02999877929688,10859600,0.0,0.0,0.0
2008-10-22 00:00:00-04:00,74.44000244140625,74.44999694824219,66.0,71.70999908447266,23283700,0.0,0.0,0.0
2008-10-23 00:00:00-04:00,69.63999938964844,72.19000244140625,69.5,70.6500015258789,16651600,0.0,0.0,0.0
2008-10-24 00:00:00-04:00,69.30000305175781,73.93000030517578,69.06999969482422,72.20999908447266,22471800,0.0,0.0,0.0
2008-10-27 00:00:00-04:00,71.12999725341797,73.61000061035156,70.72000122070312,72.18000030517578,12150600,0.0,0.0,0.0
2008-10-28 00:00:00-04:00,73.02999877929688,73.80000305175781,71.69999694824219,73.79000091552734,8468100,0.0,0.0,0.0
2008-10-29 00:00:00-04:00,75.05000305175781,76.36000061035156,73.61000061035156,74.0,16121400,0.0,0.0,0.0
2008-10-30 00:00:00-04:00,74.88999938964844,75.25,72.12999725341797,72.70999908447266,10891900,0.0,0.0,0.0
2008-10-31 00:00:00-04:00,72.62000274658203,72.87000274658203,70.5999984741211,71.33999633789062,9517800,0.0,0.0,0.0
2008-11-03 00:00:00-05:00,71.55000305175781,72.16999816894531,71.05999755859375,71.0999984741211,6799400,0.0,0.0,0.0
2008-11-04 00:00:00-05:00,73.1500015258789,75.69000244140625,72.8499984741211,75.4800033569336,11434600,0.0,0.0,0.0
2008-11-05 00:00:00-05:00,74.31999969482422,75.18000030517578,72.37999725341797,72.80000305175781,10316500,0.0,0.0,0.0
2008-11-06 00:00:00-05:00,74.36000061035156,74.9800033569336,71.66999816894531,72.22000122070312,10687500,0.0,0.0,0.0
2008-11-07 00:00:00-05:00,72.58999633789062,73.08999633789062,72.05000305175781,72.5,6052700,0.0,0.0,0.0
2008-11-10 00:00:00-05:00,74.80000305175781,74.91999816894531,72.95999908447266,73.58000183105469,6092700,0.0,0.0,0.0
2008-11-11 00:00:00-05:00,72.55999755859375,72.66000366210938,71.55000305175781,72.05000305175781,8354800,0.0,0.0,0.0
2008-11-12 00:00:00-05:00,71.44999694824219,71.88999938964844,69.7699966430664,70.0,10033400,0.0,0.0,0.0
2008-11-13 00:00:00-05:00,70.48999786376953,72.36000061035156,68.80999755859375,72.1500015258789,16826600,0.0,0.0,0.0
2008-11-14 00:00:00-05:00,73.38999938964844,74.26000213623047,72.76000213623047,73.30000305175781,12808600,0.0,0.0,0.0
2008-11-17 00:00:00-05:00,72.43000030517578,73.80000305175781,72.1500015258789,72.6500015258789,7708600,0.0,0.0,0.0
2008-11-18 00:00:00-05:00,72.37999725341797,73.45999908447266,72.12999725341797,72.51000213623047,8134900,0.0,0.0,0.0
2008-11-19 00:00:00-05:00,73.41999816894531,75.19000244140625,72.0,72.26000213623047,13963100,0.0,0.0,0.0
2008-11-20 00:00:00-05:00,73.1500015258789,74.19999694824219,72.43000030517578,73.44999694824219,13584200,0.0,0.0,0.0
2008-11-21 00:00:00-05:00,76.0,79.0,75.44999694824219,78.8499984741211,30467400,0.0,0.0,0.0
2008-11-24 00:00:00-05:00,80.44999694824219,81.72000122070312,80.37999725341797,80.91000366210938,19885200,0.0,0.0,0.0
2008-11-25 00:00:00-05:00,81.33999633789062,81.37999725341797,79.27999877929688,80.87000274658203,17522100,0.0,0.0,0.0
2008-11-26 00:00:00-05:00,80.5199966430664,80.7699966430664,79.33000183105469,80.37999725341797,9141600,0.0,0.0,0.0
2008-11-28 00:00:00-05:00,80.04000091552734,80.75,79.80000305175781,80.30999755859375,3658700,0.0,0.0,0.0
2008-12-01 00:00:00-05:00,77.1500015258789,77.33999633789062,75.56999969482422,75.6500015258789,13134700,0.0,0.0,0.0
2008-12-02 00:00:00-05:00,76.9000015258789,77.31999969482422,76.26000213623047,76.94999694824219,6944000,0.0,0.0,0.0
2008-12-03 00:00:00-05:00,76.0,77.13999938964844,75.13999938964844,76.18000030517578,10685000,0.0,0.0,0.0
2008-12-04 00:00:00-05:00,75.58999633789062,77.62999725341797,75.06999969482422,75.5,11827500,0.0,0.0,0.0
2008-12-05 00:00:00-05:00,74.30000305175781,74.80999755859375,72.91000366210938,74.5199966430664,13392300,0.0,0.0,0.0
2008-12-08 00:00:00-05:00,76.4800033569336,76.62000274658203,75.4000015258789,76.19999694824219,7267700,0.0,0.0,0.0
2008-12-09 00:00:00-05:00,75.55999755859375,76.8499984741211,75.30000305175781,76.33000183105469,9618300,0.0,0.0,0.0
2008-12-10 00:00:00-05:00,79.19999694824219,80.11000061035156,78.55999755859375,79.75,16050600,0.0,0.0,0.0
2008-12-11 00:00:00-05:00,81.58000183105469,81.94000244140625,80.48999786376953,80.6500015258789,13980200,0.0,0.0,0.0
2008-12-12 00:00:00-05:00,80.55000305175781,81.62999725341797,80.0,80.80999755859375,12538500,0.0,0.0,0.0
2008-12-15 00:00:00-05:00,81.33000183105469,83.02999877929688,81.2300033569336,82.5999984741211,15008800,0.0,0.0,0.0
2008-12-16 00:00:00-05:00,82.37999725341797,84.63999938964844,81.93000030517578,84.45999908447266,18666400,0.0,0.0,0.0
2008-12-17 00:00:00-05:00,85.26000213623047,86.91000366210938,84.80000305175781,85.43000030517578,21988500,0.0,0.0,0.0
2008-12-18 00:00:00-05:00,84.8499984741211,85.12000274658203,83.45999908447266,83.87000274658203,17234500,0.0,0.0,0.0
2008-12-19 00:00:00-05:00,82.6500015258789,82.87000274658203,82.01000213623047,82.62999725341797,9139500,0.0,0.0,0.0
2008-12-22 00:00:00-05:00,83.56999969482422,83.80999755859375,82.79000091552734,83.45999908447266,6690500,0.0,0.0,0.0
2008-12-23 00:00:00-05:00,82.93000030517578,83.38999938964844,81.58999633789062,82.62999725341797,6322200,0.0,0.0,0.0
2008-12-24 00:00:00-05:00,82.47000122070312,83.56999969482422,82.47000122070312,83.45999908447266,2069600,0.0,0.0,0.0
2008-12-26 00:00:00-05:00,83.5199966430664,85.97000122070312,83.12000274658203,85.5999984741211,5080800,0.0,0.0,0.0
2008-12-29 00:00:00-05:00,86.5,87.0,85.94999694824219,86.3499984741211,9073100,0.0,0.0,0.0
2008-12-30 00:00:00-05:00,85.94000244140625,86.1500015258789,85.27999877929688,85.9000015258789,7123000,0.0,0.0,0.0
2008-12-31 00:00:00-05:00,84.9800033569336,87.0999984741211,84.27999877929688,86.5199966430664,7837100,0.0,0.0,0.0
2009-01-02 00:00:00-05:00,85.93000030517578,86.61000061035156,85.83999633789062,86.2300033569336,6411600,0.0,0.0,0.0
2009-01-05 00:00:00-05:00,83.62000274658203,84.68000030517578,83.23999786376953,84.4800033569336,9534700,0.0,0.0,0.0
2009-01-06 00:00:00-05:00,83.37000274658203,85.69999694824219,83.0,85.12999725341797,12864600,0.0,0.0,0.0
2009-01-07 00:00:00-05:00,84.55999755859375,84.58000183105469,82.20999908447266,82.75,13360000,0.0,0.0,0.0
2009-01-08 00:00:00-05:00,84.4000015258789,84.88999938964844,83.75,84.45999908447266,10715700,0.0,0.0,0.0
2009-01-09 00:00:00-05:00,83.33999633789062,85.5,83.08999633789062,83.91999816894531,8861900,0.0,0.0,0.0
2009-01-12 00:00:00-05:00,81.72000122070312,82.04000091552734,80.26000213623047,80.76000213623047,14755500,0.0,0.0,0.0
2009-01-13 00:00:00-05:00,80.94000244140625,81.81999969482422,80.62000274658203,80.87999725341797,10019100,0.0,0.0,0.0
2009-01-14 00:00:00-05:00,80.56999969482422,81.08999633789062,79.36000061035156,79.79000091552734,15600000,0.0,0.0,0.0
2009-01-15 00:00:00-05:00,79.97000122070312,80.69999694824219,78.87000274658203,80.38999938964844,16714700,0.0,0.0,0.0
2009-01-16 00:00:00-05:00,82.19999694824219,83.0,81.73999786376953,82.70999908447266,16470300,0.0,0.0,0.0
2009-01-20 00:00:00-05:00,84.16999816894531,85.29000091552734,83.56999969482422,84.5199966430664,16743000,0.0,0.0,0.0
2009-01-21 00:00:00-05:00,84.05000305175781,84.38999938964844,82.9800033569336,84.1500015258789,12272100,0.0,0.0,0.0
2009-01-22 00:00:00-05:00,84.02999877929688,84.97000122070312,83.83000183105469,84.58000183105469,18569600,0.0,0.0,0.0
2009-01-23 00:00:00-05:00,86.56999969482422,88.94000244140625,86.06999969482422,88.52999877929688,34010700,0.0,0.0,0.0
2009-01-26 00:00:00-05:00,89.22000122070312,90.19000244140625,88.68000030517578,88.94999694824219,19129500,0.0,0.0,0.0
2009-01-27 00:00:00-05:00,88.4000015258789,88.83999633789062,88.01000213623047,88.37999725341797,11787400,0.0,0.0,0.0
2009-01-28 00:00:00-05:00,88.2699966430664,88.37999725341797,86.83999633789062,87.41999816894531,18449600,0.0,0.0,0.0
2009-01-29 00:00:00-05:00,86.68000030517578,89.55000305175781,86.27999877929688,89.5,21175600,0.0,0.0,0.0
2009-01-30 00:00:00-05:00,90.69999694824219,91.48999786376953,89.6500015258789,91.30999755859375,21279300,0.0,0.0,0.0
2009-02-02 00:00:00-05:00,89.87999725341797,92.58000183105469,88.62000274658203,88.83999633789062,16983300,0.0,0.0,0.0
2009-02-03 00:00:00-05:00,89.33999633789062,89.7300033569336,86.0,88.47000122070312,17521400,0.0,0.0,0.0
2009-02-04 00:00:00-05:00,88.88999938964844,89.5,88.5199966430664,89.18000030517578,14271100,0.0,0.0,0.0
2009-02-05 00:00:00-05:00,90.75,90.81999969482422,89.30000305175781,90.12000274658203,17196300,0.0,0.0,0.0
2009-02-06 00:00:00-05:00,89.1500015258789,90.13999938964844,89.1500015258789,89.58999633789062,12554300,0.0,0.0,0.0
2009-02-09 00:00:00-05:00,88.3499984741211,88.6500015258789,87.5999984741211,88.31999969482422,21263800,0.0,0.0,0.0
2009-02-10 00:00:00-05:00,89.66000366210938,90.37000274658203,89.18000030517578,90.20999908447266,25445100,0.0,0.0,0.0
2009-02-11 00:00:00-05:00,90.93000030517578,93.25,90.80000305175781,92.29000091552734,55582400,0.0,0.0,0.0
2009-02-12 00:00:00-05:00,93.04000091552734,93.73999786376953,92.5199966430664,93.16999816894531,38786800,0.0,0.0,0.0
2009-02-13 00:00:00-05:00,92.5,92.7699966430664,91.69000244140625,92.55000305175781,14715500,0.0,0.0,0.0
2009-02-17 00:00:00-05:00,95.2300033569336,95.8499984741211,94.88999938964844,95.44999694824219,27085200,0.0,0.0,0.0
2009-02-18 00:00:00-05:00,95.2300033569336,97.1500015258789,94.66999816894531,96.91000366210938,29346300,0.0,0.0,0.0
2009-02-19 00:00:00-05:00,95.91000366210938,96.56999969482422,95.43000030517578,95.7699966430664,21305400,0.0,0.0,0.0
2009-02-20 00:00:00-05:00,98.0,98.98999786376953,97.13999938964844,97.80000305175781,43854800,0.0,0.0,0.0
2009-02-23 00:00:00-05:00,96.58999633789062,98.22000122070312,95.88999938964844,97.7300033569336,24542700,0.0,0.0,0.0
2009-02-24 00:00:00-05:00,97.58999633789062,97.58999633789062,94.2699966430664,94.7300033569336,37460500,0.0,0.0,0.0
2009-02-25 00:00:00-05:00,94.7300033569336,96.41000366210938,92.80999755859375,93.1500015258789,26142800,0.0,0.0,0.0
2009-02-26 00:00:00-05:00,92.70999908447266,93.13999938964844,91.56999969482422,93.05999755859375,28789800,0.0,0.0,0.0
2009-02-27 00:00:00-05:00,94.30999755859375,94.52999877929688,91.02999877929688,92.62999725341797,30588700,0.0,0.0,0.0
2009-03-02 00:00:00-05:00,93.4000015258789,93.61000061035156,90.62000274658203,90.93000030517578,24269300,0.0,0.0,0.0
2009-03-03 00:00:00-05:00,90.8499984741211,91.04000091552734,88.94000244140625,90.04000091552734,28082900,0.0,0.0,0.0
2009-03-04 00:00:00-05:00,90.25,90.3499984741211,88.44999694824219,88.98999786376953,19875100,0.0,0.0,0.0
2009-03-05 00:00:00-05:00,89.91999816894531,92.16999816894531,89.2300033569336,91.98999786376953,23995500,0.0,0.0,0.0
2009-03-06 00:00:00-05:00,91.80999755859375,92.94999694824219,91.19999694824219,92.29000091552734,22395300,0.0,0.0,0.0
2009-03-09 00:00:00-04:00,92.29000091552734,92.33000183105469,89.56999969482422,90.56999969482422,18311100,0.0,0.0,0.0
2009-03-10 00:00:00-04:00,89.54000091552734,89.61000061035156,87.47000122070312,88.13999938964844,25924900,0.0,0.0,0.0
2009-03-11 00:00:00-04:00,88.48999786376953,89.83000183105469,87.77999877929688,89.22000122070312,16680500,0.0,0.0,0.0
2009-03-12 00:00:00-04:00,90.37000274658203,91.56999969482422,90.13999938964844,91.0999984741211,20128600,0.0,0.0,0.0
2009-03-13 00:00:00-04:00,91.87000274658203,91.88999938964844,90.5,91.30000305175781,11693100,0.0,0.0,0.0
2009-03-16 00:00:00-04:00,90.29000091552734,90.95999908447266,90.02999877929688,90.80000305175781,11782500,0.0,0.0,0.0
2009-03-17 00:00:00-04:00,90.26000213623047,90.58999633789062,89.75,90.04000091552734,10052400,0.0,0.0,0.0
2009-03-18 00:00:00-04:00,88.75,93.38999938964844,86.83000183105469,93.08999633789062,59424700,0.0,0.0,0.0
2009-03-19 00:00:00-04:00,93.41000366210938,94.7699966430664,92.91000366210938,94.3499984741211,35006600,0.0,0.0,0.0
2009-03-20 00:00:00-04:00,93.4800033569336,94.37000274658203,93.12999725341797,93.58999633789062,18072300,0.0,0.0,0.0
2009-03-23 00:00:00-04:00,93.44000244140625,93.91000366210938,91.94999694824219,92.08000183105469,17652600,0.0,0.0,0.0
2009-03-24 00:00:00-04:00,90.76000213623047,91.66000366210938,90.25,90.94999694824219,16979800,0.0,0.0,0.0
2009-03-25 00:00:00-04:00,90.87000274658203,92.62999725341797,90.33999633789062,91.9800033569336,24788700,0.0,0.0,0.0
2009-03-26 00:00:00-04:00,92.72000122070312,92.72000122070312,91.83999633789062,91.93000030517578,12365300,0.0,0.0,0.0
2009-03-27 00:00:00-04:00,90.83000183105469,91.26000213623047,90.41000366210938,90.69000244140625,11596000,0.0,0.0,0.0
2009-03-30 00:00:00-04:00,89.97000122070312,91.80999755859375,89.75,89.9800033569336,16425900,0.0,0.0,0.0
2009-03-31 00:00:00-04:00,90.37999725341797,90.8499984741211,89.58000183105469,90.27999877929688,14400500,0.0,0.0,0.0
2009-04-01 00:00:00-04:00,91.33999633789062,91.37999725341797,90.20999908447266,91.02999877929688,12298700,0.0,0.0,0.0
2009-04-02 00:00:00-04:00,88.75,89.36000061035156,87.91999816894531,88.80000305175781,24829000,0.0,0.0,0.0
2009-04-03 00:00:00-04:00,88.95999908447266,89.44000244140625,87.5199966430664,87.58999633789062,16343600,0.0,0.0,0.0
2009-04-06 00:00:00-04:00,86.4000015258789,86.44000244140625,84.97000122070312,85.2699966430664,22909600,0.0,0.0,0.0
2009-04-07 00:00:00-04:00,86.2699966430664,88.26000213623047,86.16999816894531,86.73999786376953,11004600,0.0,0.0,0.0
2009-04-08 00:00:00-04:00,87.18000030517578,87.5199966430664,86.26000213623047,86.61000061035156,12226200,0.0,0.0,0.0
2009-04-09 00:00:00-04:00,86.33000183105469,86.87999725341797,86.0999984741211,86.30999755859375,9607100,0.0,0.0,0.0
2009-04-13 00:00:00-04:00,88.02999877929688,88.44999694824219,87.5999984741211,87.87999725341797,7283700,0.0,0.0,0.0
2009-04-14 00:00:00-04:00,87.77999877929688,87.80999755859375,87.04000091552734,87.37000274658203,7167400,0.0,0.0,0.0
2009-04-15 00:00:00-04:00,87.41999816894531,87.94000244140625,87.2300033569336,87.5,6857000,0.0,0.0,0.0
2009-04-16 00:00:00-04:00,87.37999725341797,87.44999694824219,85.68000030517578,85.80999755859375,21033600,0.0,0.0,0.0
2009-04-17 00:00:00-04:00,85.75,86.37000274658203,84.91999816894531,85.22000122070312,22332700,0.0,0.0,0.0
2009-04-20 00:00:00-04:00,86.02999877929688,87.33999633789062,86.0,86.94999694824219,12674400,0.0,0.0,0.0
2009-04-21 00:00:00-04:00,87.8499984741211,87.87999725341797,86.33000183105469,86.88999938964844,10655900,0.0,0.0,0.0
2009-04-22 00:00:00-04:00,87.02999877929688,87.81999969482422,86.80000305175781,87.37999725341797,10085900,0.0,0.0,0.0
2009-04-23 00:00:00-04:00,87.70999908447266,89.37000274658203,87.62000274658203,88.80000305175781,16621000,0.0,0.0,0.0
2009-04-24 00:00:00-04:00,89.0999984741211,89.83999633789062,88.83000183105469,89.72000122070312,11425800,0.0,0.0,0.0
2009-04-27 00:00:00-04:00,89.33000183105469,89.79000091552734,88.94000244140625,89.01000213623047,7147600,0.0,0.0,0.0
2009-04-28 00:00:00-04:00,87.33000183105469,87.94999694824219,87.11000061035156,87.75,8570100,0.0,0.0,0.0
2009-04-29 00:00:00-04:00,88.30999755859375,88.77999877929688,87.66999816894531,88.33000183105469,8098300,0.0,0.0,0.0
2009-04-30 00:00:00-04:00,86.83000183105469,87.77999877929688,86.54000091552734,87.2699966430664,9713800,0.0,0.0,0.0
2009-05-01 00:00:00-04:00,86.75,87.48999786376953,86.69000244140625,86.94999694824219,6122400,0.0,0.0,0.0
2009-05-04 00:00:00-04:00,87.55000305175781,89.18000030517578,87.55000305175781,88.63999938964844,10813100,0.0,0.0,0.0
2009-05-05 00:00:00-04:00,89.70999908447266,89.7300033569336,87.87999725341797,88.25,9953800,0.0,0.0,0.0
2009-05-06 00:00:00-04:00,89.45999908447266,89.69000244140625,88.83999633789062,89.54000091552734,11334900,0.0,0.0,0.0
2009-05-07 00:00:00-04:00,90.12999725341797,90.30000305175781,89.23999786376953,89.44000244140625,14808900,0.0,0.0,0.0
2009-05-08 00:00:00-04:00,89.70999908447266,90.08999633789062,88.91000366210938,89.9800033569336,10939800,0.0,0.0,0.0
2009-05-11 00:00:00-04:00,89.63999938964844,90.01000213623047,89.5,89.69000244140625,12211600,0.0,0.0,0.0
2009-05-12 00:00:00-04:00,90.4000015258789,90.83999633789062,89.94999694824219,90.69999694824219,15764900,0.0,0.0,0.0
2009-05-13 00:00:00-04:00,90.44000244140625,91.5,90.30999755859375,91.08999633789062,17445900,0.0,0.0,0.0
2009-05-14 00:00:00-04:00,90.9000015258789,91.26000213623047,90.69999694824219,91.02999877929688,8023400,0.0,0.0,0.0
2009-05-15 00:00:00-04:00,91.1500015258789,91.80999755859375,91.0999984741211,91.55000305175781,11705800,0.0,0.0,0.0
2009-05-18 00:00:00-04:00,91.52999877929688,91.56999969482422,90.13999938964844,90.36000061035156,17353900,0.0,0.0,0.0
2009-05-19 00:00:00-04:00,90.63999938964844,91.3499984741211,90.56999969482422,90.95999908447266,9630300,0.0,0.0,0.0
2009-05-20 00:00:00-04:00,91.54000091552734,92.44000244140625,91.5199966430664,92.25,18272500,0.0,0.0,0.0
2009-05-21 00:00:00-04:00,92.3499984741211,93.86000061035156,91.93000030517578,93.8499984741211,21830200,0.0,0.0,0.0
2009-05-22 00:00:00-04:00,94.25,94.41999816894531,93.80000305175781,94.1500015258789,15407200,0.0,0.0,0.0
2009-05-26 00:00:00-04:00,92.94999694824219,93.83999633789062,92.8499984741211,93.76000213623047,12356100,0.0,0.0,0.0
2009-05-27 00:00:00-04:00,93.7300033569336,94.27999877929688,93.0999984741211,93.44999694824219,13688100,0.0,0.0,0.0
2009-05-28 00:00:00-04:00,94.13999938964844,94.83000183105469,93.80000305175781,94.23999786376953,14973200,0.0,0.0,0.0
2009-05-29 00:00:00-04:00,95.69999694824219,96.3499984741211,95.58000183105469,96.19999694824219,18137800,0.0,0.0,0.0
2009-06-01 00:00:00-04:00,96.47000122070312,96.76000213623047,95.62999725341797,95.7300033569336,17921200,0.0,0.0,0.0
2009-06-02 00:00:00-04:00,96.19000244140625,96.97000122070312,96.0999984741211,96.36000061035156,14532700,0.0,0.0,0.0
2009-06-03 00:00:00-04:00,95.9000015258789,96.20999908447266,94.30999755859375,94.41000366210938,18204700,0.0,0.0,0.0
2009-06-04 00:00:00-04:00,95.23999786376953,96.48999786376953,95.19999694824219,96.2300033569336,13629500,0.0,0.0,0.0
2009-06-05 00:00:00-04:00,94.23999786376953,94.79000091552734,93.56999969482422,93.70999908447266,18600800,0.0,0.0,0.0
2009-06-08 00:00:00-04:00,93.26000213623047,93.69999694824219,92.58000183105469,93.55999755859375,11551100,0.0,0.0,0.0
2009-06-09 00:00:00-04:00,94.2699966430664,94.38999938964844,93.44000244140625,93.83000183105469,9477700,0.0,0.0,0.0
2009-06-10 00:00:00-04:00,94.5,94.52999877929688,92.9000015258789,93.86000061035156,14441800,0.0,0.0,0.0
2009-06-11 00:00:00-04:00,93.12999725341797,94.52999877929688,93.0,93.69999694824219,14777600,0.0,0.0,0.0
2009-06-12 00:00:00-04:00,92.41000366210938,92.76000213623047,92.0,92.16999816894531,13809400,0.0,0.0,0.0
2009-06-15 00:00:00-04:00,91.9000015258789,91.9000015258789,90.9000015258789,91.0999984741211,13116700,0.0,0.0,0.0
2009-06-16 00:00:00-04:00,91.87000274658203,92.12000274658203,91.3499984741211,91.93000030517578,9834200,0.0,0.0,0.0
2009-06-17 00:00:00-04:00,91.61000061035156,92.38999938964844,90.1500015258789,92.3499984741211,12130100,0.0,0.0,0.0
2009-06-18 00:00:00-04:00,92.23999786376953,92.5,91.30000305175781,91.61000061035156,16239200,0.0,0.0,0.0
2009-06-19 00:00:00-04:00,91.80999755859375,92.2300033569336,91.58000183105469,91.9000015258789,11812300,0.0,0.0,0.0
2009-06-22 00:00:00-04:00,90.41000366210938,90.63999938964844,90.12999725341797,90.54000091552734,12956300,0.0,0.0,0.0
2009-06-23 00:00:00-04:00,90.66000366210938,91.02999877929688,89.94999694824219,90.91999816894531,11958500,0.0,0.0,0.0
2009-06-24 00:00:00-04:00,92.08999633789062,92.33000183105469,91.04000091552734,91.44999694824219,12113800,0.0,0.0,0.0
2009-06-25 00:00:00-04:00,92.12000274658203,92.33000183105469,91.72000122070312,92.30999755859375,11444800,0.0,0.0,0.0
2009-06-26 00:00:00-04:00,92.80999755859375,92.93000030517578,91.93000030517578,92.29000091552734,10418500,0.0,0.0,0.0
2009-06-29 00:00:00-04:00,92.31999969482422,92.4000015258789,91.70999908447266,92.04000091552734,6528700,0.0,0.0,0.0
2009-06-30 00:00:00-04:00,91.8499984741211,91.95999908447266,90.52999877929688,91.18000030517578,24189500,0.0,0.0,0.0
2009-07-01 00:00:00-04:00,92.30999755859375,93.0,92.0,92.38999938964844,10743200,0.0,0.0,0.0
2009-07-02 00:00:00-04:00,91.47000122070312,91.58000183105469,91.08000183105469,91.25,7365200,0.0,0.0,0.0
2009-07-06 00:00:00-04:00,90.4800033569336,90.93000030517578,90.36000061035156,90.76000213623047,6286200,0.0,0.0,0.0
2009-07-07 00:00:00-04:00,90.88999938964844,91.37999725341797,90.5,90.70999908447266,7690200,0.0,0.0,0.0
2009-07-08 00:00:00-04:00,90.11000061035156,91.04000091552734,88.81999969482422,89.2699966430664,21958200,0.0,0.0,0.0
2009-07-09 00:00:00-04:00,89.62999725341797,90.26000213623047,89.33000183105469,89.51000213623047,13688100,0.0,0.0,0.0
2009-07-10 00:00:00-04:00,89.30000305175781,89.7699966430664,89.16000366210938,89.58000183105469,5040100,0.0,0.0,0.0
2009-07-13 00:00:00-04:00,89.44999694824219,90.69000244140625,89.0999984741211,90.19000244140625,8809500,0.0,0.0,0.0
2009-07-14 00:00:00-04:00,90.86000061035156,91.11000061035156,90.58999633789062,90.80999755859375,5720900,0.0,0.0,0.0
2009-07-15 00:00:00-04:00,92.16999816894531,92.5199966430664,92.02999877929688,92.23999786376953,9863800,0.0,0.0,0.0
2009-07-16 00:00:00-04:00,92.0,92.12000274658203,91.55000305175781,91.9800033569336,4604600,0.0,0.0,0.0
2009-07-17 00:00:00-04:00,92.1500015258789,92.30000305175781,91.83999633789062,91.93000030517578,8748400,0.0,0.0,0.0
2009-07-20 00:00:00-04:00,93.61000061035156,93.80000305175781,92.91000366210938,93.27999877929688,13172100,0.0,0.0,0.0
2009-07-21 00:00:00-04:00,93.5199966430664,93.52999877929688,92.69000244140625,93.12999725341797,9343800,0.0,0.0,0.0
2009-07-22 00:00:00-04:00,92.81999969482422,93.81999969482422,92.7300033569336,93.44000244140625,10241300,0.0,0.0,0.0
2009-07-23 00:00:00-04:00,93.19999694824219,94.0,93.11000061035156,93.26000213623047,9763900,0.0,0.0,0.0
2009-07-24 00:00:00-04:00,93.4800033569336,93.70999908447266,93.33000183105469,93.41000366210938,4734000,0.0,0.0,0.0
2009-07-27 00:00:00-04:00,93.9000015258789,93.94999694824219,93.36000061035156,93.70999908447266,5167300,0.0,0.0,0.0
2009-07-28 00:00:00-04:00,92.73999786376953,92.81999969482422,91.6500015258789,92.11000061035156,10881200,0.0,0.0,0.0
2009-07-29 00:00:00-04:00,91.66999816894531,91.75,90.80999755859375,91.19999694824219,9676100,0.0,0.0,0.0
2009-07-30 00:00:00-04:00,91.55000305175781,92.0,91.44000244140625,91.62000274658203,6246700,0.0,0.0,0.0
2009-07-31 00:00:00-04:00,91.86000061035156,94.02999877929688,91.83000183105469,93.3499984741211,14385900,0.0,0.0,0.0
2009-08-03 00:00:00-04:00,94.13999938964844,94.48999786376953,93.6500015258789,93.87000274658203,10007600,0.0,0.0,0.0
2009-08-04 00:00:00-04:00,94.18000030517578,95.25,93.98999786376953,94.68000030517578,11548600,0.0,0.0,0.0
2009-08-05 00:00:00-04:00,94.87999725341797,95.05000305175781,94.01000213623047,94.77999877929688,8987000,0.0,0.0,0.0
2009-08-06 00:00:00-04:00,95.01000213623047,95.19000244140625,93.76000213623047,94.5999984741211,13661000,0.0,0.0,0.0
2009-08-07 00:00:00-04:00,94.31999969482422,94.63999938964844,93.5999984741211,93.75,8042000,0.0,0.0,0.0
2009-08-10 00:00:00-04:00,92.91000366210938,93.13999938964844,92.5999984741211,92.93000030517578,6420500,0.0,0.0,0.0
2009-08-11 00:00:00-04:00,92.68000030517578,92.97000122070312,92.41000366210938,92.79000091552734,5029900,0.0,0.0,0.0
2009-08-12 00:00:00-04:00,92.5999984741211,93.48999786376953,92.47000122070312,92.94999694824219,7906400,0.0,0.0,0.0
2009-08-13 00:00:00-04:00,93.8499984741211,94.05000305175781,93.44999694824219,93.72000122070312,6756000,0.0,0.0,0.0
2009-08-14 00:00:00-04:00,93.83999633789062,93.91000366210938,92.4000015258789,93.0,6189400,0.0,0.0,0.0
2009-08-17 00:00:00-04:00,91.48999786376953,91.86000061035156,91.27999877929688,91.61000061035156,6830800,0.0,0.0,0.0
2009-08-18 00:00:00-04:00,91.80999755859375,92.19999694824219,91.76000213623047,92.05999755859375,4354600,0.0,0.0,0.0
2009-08-19 00:00:00-04:00,91.68000030517578,92.77999877929688,91.66000366210938,92.52999877929688,7119800,0.0,0.0,0.0
2009-08-20 00:00:00-04:00,92.30999755859375,92.55000305175781,92.12000274658203,92.2699966430664,3973000,0.0,0.0,0.0
2009-08-21 00:00:00-04:00,93.62999725341797,93.80000305175781,93.4000015258789,93.6500015258789,7285300,0.0,0.0,0.0
2009-08-24 00:00:00-04:00,93.63999938964844,93.69999694824219,91.63999938964844,92.33999633789062,8548000,0.0,0.0,0.0
2009-08-25 00:00:00-04:00,93.4000015258789,93.45999908447266,92.48999786376953,92.76000213623047,8280500,0.0,0.0,0.0
2009-08-26 00:00:00-04:00,92.66999816894531,92.8499984741211,92.20999908447266,92.79000091552734,5224300,0.0,0.0,0.0
2009-08-27 00:00:00-04:00,92.80000305175781,93.30999755859375,92.37999725341797,93.19000244140625,6870300,0.0,0.0,0.0
2009-08-28 00:00:00-04:00,94.06999969482422,94.1500015258789,93.62999725341797,93.87000274658203,6757700,0.0,0.0,0.0
2009-08-31 00:00:00-04:00,93.13999938964844,93.5,92.91999816894531,93.4000015258789,4952900,0.0,0.0,0.0
2009-09-01 00:00:00-04:00,93.41000366210938,93.95999908447266,93.05999755859375,93.9000015258789,8002400,0.0,0.0,0.0
2009-09-02 00:00:00-04:00,94.69999694824219,96.26000213623047,94.56999969482422,96.19000244140625,27673700,0.0,0.0,0.0
2009-09-03 00:00:00-04:00,96.5199966430664,97.94000244140625,96.19999694824219,97.45999908447266,26443600,0.0,0.0,0.0
2009-09-04 00:00:00-04:00,97.13999938964844,97.83000183105469,96.0,97.52999877929688,14911000,0.0,0.0,0.0
2009-09-08 00:00:00-04:00,98.56999969482422,98.63999938964844,97.38999938964844,97.43000030517578,22938800,0.0,0.0,0.0
2009-09-09 00:00:00-04:00,97.9800033569336,98.36000061035156,96.8499984741211,97.08000183105469,20439900,0.0,0.0,0.0
2009-09-10 00:00:00-04:00,97.02999877929688,98.02999877929688,96.87999725341797,97.69999694824219,12249000,0.0,0.0,0.0
2009-09-11 00:00:00-04:00,98.95999908447266,99.33000183105469,98.2699966430664,98.77999877929688,19499400,0.0,0.0,0.0
2009-09-14 00:00:00-04:00,98.16000366210938,98.43000030517578,97.7300033569336,97.95999908447266,9631500,0.0,0.0,0.0
2009-09-15 00:00:00-04:00,97.75,99.0999984741211,97.55999755859375,98.9000015258789,16247000,0.0,0.0,0.0
2009-09-16 00:00:00-04:00,100.01000213623047,100.0199966430664,99.5,99.91000366210938,16588200,0.0,0.0,0.0
2009-09-17 00:00:00-04:00,99.66000366210938,100.08000183105469,99.04000091552734,99.33999633789062,12493600,0.0,0.0,0.0
2009-09-18 00:00:00-04:00,99.7300033569336,99.87000274658203,98.66999816894531,98.66999816894531,13937800,0.0,0.0,0.0
2009-09-21 00:00:00-04:00,97.94999694824219,98.62000274658203,97.7300033569336,98.36000061035156,11113200,0.0,0.0,0.0
2009-09-22 00:00:00-04:00,99.83999633789062,99.83999633789062,99.37000274658203,99.66999816894531,10879500,0.0,0.0,0.0
2009-09-23 00:00:00-04:00,99.16000366210938,99.88999938964844,98.68000030517578,98.83000183105469,14688000,0.0,0.0,0.0
2009-09-24 00:00:00-04:00,99.36000061035156,99.44000244140625,97.13999938964844,97.55000305175781,23350200,0.0,0.0,0.0
2009-09-25 00:00:00-04:00,97.06999969482422,97.5,96.7699966430664,97.0,10724500,0.0,0.0,0.0
2009-09-28 00:00:00-04:00,97.20999908447266,97.80999755859375,97.0,97.05000305175781,7791200,0.0,0.0,0.0
2009-09-29 00:00:00-04:00,97.19000244140625,97.7300033569336,96.94999694824219,97.43000030517578,9262100,0.0,0.0,0.0
2009-09-30 00:00:00-04:00,98.30999755859375,99.05999755859375,97.55999755859375,98.8499984741211,18664200,0.0,0.0,0.0
2009-10-01 00:00:00-04:00,98.83999633789062,98.86000061035156,97.87999725341797,97.88999938964844,11049400,0.0,0.0,0.0
2009-10-02 00:00:00-04:00,97.83999633789062,98.86000061035156,97.73999786376953,98.37000274658203,10475800,0.0,0.0,0.0
2009-10-05 00:00:00-04:00,98.4800033569336,99.83999633789062,98.36000061035156,99.81999969482422,11709400,0.0,0.0,0.0
2009-10-06 00:00:00-04:00,101.33000183105469,102.41999816894531,100.54000091552734,102.27999877929688,33537500,0.0,0.0,0.0
2009-10-07 00:00:00-04:00,102.29000091552734,102.5199966430664,101.83000183105469,102.36000061035156,16194200,0.0,0.0,0.0
2009-10-08 00:00:00-04:00,102.62000274658203,104.1500015258789,102.30000305175781,103.63999938964844,24250200,0.0,0.0,0.0
2009-10-09 00:00:00-04:00,103.05999755859375,103.25,102.37000274658203,102.83999633789062,15177500,0.0,0.0,0.0
2009-10-12 00:00:00-04:00,103.38999938964844,103.91999816894531,103.22000122070312,103.55999755859375,9179000,0.0,0.0,0.0
2009-10-13 00:00:00-04:00,103.69999694824219,104.5,103.45999908447266,104.26000213623047,17358800,0.0,0.0,0.0
2009-10-14 00:00:00-04:00,104.29000091552734,104.69999694824219,103.76000213623047,104.18000030517578,17871100,0.0,0.0,0.0
2009-10-15 00:00:00-04:00,103.2699966430664,103.94999694824219,102.5999984741211,102.86000061035156,15781300,0.0,0.0,0.0
2009-10-16 00:00:00-04:00,102.69999694824219,103.68000030517578,102.52999877929688,103.18000030517578,14320600,0.0,0.0,0.0
2009-10-19 00:00:00-04:00,103.16000366210938,104.26000213623047,102.75,104.2300033569336,13936600,0.0,0.0,0.0
2009-10-20 00:00:00-04:00,104.33999633789062,104.3499984741211,102.79000091552734,103.41999816894531,18250000,0.0,0.0,0.0
2009-10-21 00:00:00-04:00,103.37999725341797,104.45999908447266,103.23999786376953,103.75,16004800,0.0,0.0,0.0
2009-10-22 00:00:00-04:00,103.45999908447266,104.08999633789062,103.0999984741211,103.91999816894531,11575600,0.0,0.0,0.0
2009-10-23 00:00:00-04:00,104.5,104.58000183105469,102.95999908447266,103.48999786376953,11423000,0.0,0.0,0.0
2009-10-26 00:00:00-04:00,103.41000366210938,103.97000122070312,101.73999786376953,101.86000061035156,21519400,0.0,0.0,0.0
2009-10-27 00:00:00-04:00,101.88999938964844,102.05999755859375,101.22000122070312,101.8499984741211,18398400,0.0,0.0,0.0
2009-10-28 00:00:00-04:00,101.5,102.02999877929688,100.6500015258789,100.7300033569336,19344900,0.0,0.0,0.0
2009-10-29 00:00:00-04:00,101.72000122070312,102.76000213623047,101.5,102.69000244140625,15322600,0.0,0.0,0.0
2009-10-30 00:00:00-04:00,102.33000183105469,102.66000366210938,101.4800033569336,102.52999877929688,15244500,0.0,0.0,0.0
2009-11-02 00:00:00-05:00,103.5,104.25,103.25,103.94999694824219,15440900,0.0,0.0,0.0
2009-11-03 00:00:00-05:00,103.73999786376953,106.69999694824219,103.72000122070312,106.45999908447266,33610400,0.0,0.0,0.0
2009-11-04 00:00:00-05:00,107.11000061035156,107.68000030517578,106.43000030517578,107.0999984741211,27197500,0.0,0.0,0.0
2009-11-05 00:00:00-05:00,106.80999755859375,107.19999694824219,106.5999984741211,106.9800033569336,10189000,0.0,0.0,0.0
2009-11-06 00:00:00-05:00,107.37999725341797,108.04000091552734,107.05999755859375,107.43000030517578,14789000,0.0,0.0,0.0
2009-11-09 00:00:00-05:00,108.69000244140625,108.75,107.91000366210938,108.19000244140625,18444800,0.0,0.0,0.0
2009-11-10 00:00:00-05:00,108.02999877929688,108.77999877929688,107.69999694824219,108.38999938964844,15973300,0.0,0.0,0.0
2009-11-11 00:00:00-05:00,109.48999786376953,109.70999908447266,109.0,109.5999984741211,17670800,0.0,0.0,0.0
2009-11-12 00:00:00-05:00,109.16000366210938,109.55999755859375,108.12000274658203,108.20999908447266,17859900,0.0,0.0,0.0
2009-11-13 00:00:00-05:00,108.31999969482422,109.80000305175781,108.13999938964844,109.73999786376953,17246000,0.0,0.0,0.0
2009-11-16 00:00:00-05:00,110.69999694824219,112.16000366210938,110.6500015258789,111.62999725341797,25002300,0.0,0.0,0.0
2009-11-17 00:00:00-05:00,111.08999633789062,111.98999786376953,110.9000015258789,111.97000122070312,19831100,0.0,0.0,0.0
2009-11-18 00:00:00-05:00,112.69000244140625,113.08999633789062,111.80000305175781,112.25,22336900,0.0,0.0,0.0
2009-11-19 00:00:00-05:00,111.8499984741211,112.4000015258789,110.76000213623047,112.30000305175781,21249900,0.0,0.0,0.0
2009-11-20 00:00:00-05:00,111.73999786376953,112.94000244140625,111.54000091552734,112.94000244140625,17302500,0.0,0.0,0.0
2009-11-23 00:00:00-05:00,114.66999816894531,115.12000274658203,113.98999786376953,114.29000091552734,24457700,0.0,0.0,0.0
2009-11-24 00:00:00-05:00,114.7300033569336,114.80999755859375,113.97000122070312,114.7300033569336,22618000,0.0,0.0,0.0
2009-11-25 00:00:00-05:00,115.69000244140625,116.87999725341797,115.52999877929688,116.62000274658203,24569900,0.0,0.0,0.0
2009-11-27 00:00:00-05:00,113.08000183105469,115.80999755859375,113.0199966430664,115.05999755859375,21234400,0.0,0.0,0.0
2009-11-30 00:00:00-05:00,114.4800033569336,115.88999938964844,114.2699966430664,115.63999938964844,16421000,0.0,0.0,0.0
2009-12-01 00:00:00-05:00,117.30000305175781,117.93000030517578,116.77999877929688,117.37999725341797,27721300,0.0,0.0,0.0
2009-12-02 00:00:00-05:00,118.80000305175781,119.2699966430664,118.30000305175781,119.18000030517578,31109300,0.0,0.0,0.0
2009-12-03 00:00:00-05:00,118.56999969482422,119.54000091552734,118.02999877929688,118.69999694824219,28864000,0.0,0.0,0.0
2009-12-04 00:00:00-05:00,117.1500015258789,117.26000213623047,112.41000366210938,113.75,79182600,0.0,0.0,0.0
2009-12-07 00:00:00-05:00,111.51000213623047,114.22000122070312,111.44000244140625,113.11000061035156,42538700,0.0,0.0,0.0
2009-12-08 00:00:00-05:00,112.76000213623047,113.05999755859375,110.20999908447266,110.94999694824219,37655000,0.0,0.0,0.0
2009-12-09 00:00:00-05:00,111.5999984741211,112.4800033569336,109.37999725341797,110.83999633789062,37125900,0.0,0.0,0.0
2009-12-10 00:00:00-05:00,110.66000366210938,111.02999877929688,110.04000091552734,110.81999969482422,20531800,0.0,0.0,0.0
2009-12-11 00:00:00-05:00,110.5999984741211,110.81999969482422,108.72000122070312,109.31999969482422,28983100,0.0,0.0,0.0
2009-12-14 00:00:00-05:00,110.01000213623047,110.69999694824219,109.5,110.23999786376953,16339100,0.0,0.0,0.0
2009-12-15 00:00:00-05:00,109.94000244140625,110.56999969482422,109.38999938964844,110.20999908447266,20059500,0.0,0.0,0.0
2009-12-16 00:00:00-05:00,110.83000183105469,111.91000366210938,110.62999725341797,111.58999633789062,22850300,0.0,0.0,0.0
2009-12-17 00:00:00-05:00,109.47000122070312,109.9800033569336,107.27999877929688,107.33999633789062,35016800,0.0,0.0,0.0
2009-12-18 00:00:00-05:00,108.0,109.5,107.04000091552734,108.94999694824219,25591700,0.0,0.0,0.0
2009-12-21 00:00:00-05:00,109.16999816894531,109.30000305175781,106.81999969482422,106.94999694824219,23314200,0.0,0.0,0.0
2009-12-22 00:00:00-05:00,106.79000091552734,107.08999633789062,105.30999755859375,106.16999816894531,28702900,0.0,0.0,0.0
2009-12-23 00:00:00-05:00,106.6500015258789,107.44999694824219,106.30000305175781,106.55000305175781,16941900,0.0,0.0,0.0
2009-12-24 00:00:00-05:00,107.9000015258789,108.37000274658203,107.7699966430664,108.36000061035156,7991600,0.0,0.0,0.0
2009-12-28 00:00:00-05:00,108.63999938964844,108.77999877929688,107.91000366210938,108.55000305175781,9637500,0.0,0.0,0.0
2009-12-29 00:00:00-05:00,108.5,108.5,107.44999694824219,107.47000122070312,11043700,0.0,0.0,0.0
2009-12-30 00:00:00-05:00,106.63999938964844,107.44000244140625,106.4000015258789,106.93000030517578,9399600,0.0,0.0,0.0
2009-12-31 00:00:00-05:00,107.9800033569336,108.11000061035156,107.23999786376953,107.30999755859375,9124700,0.0,0.0,0.0
2010-01-04 00:00:00-05:00,109.81999969482422,110.13999938964844,109.30999755859375,109.80000305175781,16224100,0.0,0.0,0.0
2010-01-05 00:00:00-05:00,109.87999725341797,110.38999938964844,109.26000213623047,109.69999694824219,14213100,0.0,0.0,0.0
2010-01-06 00:00:00-05:00,110.70999908447266,111.7699966430664,110.41000366210938,111.51000213623047,24981900,0.0,0.0,0.0
2010-01-07 00:00:00-05:00,111.06999969482422,111.29000091552734,110.62000274658203,110.81999969482422,13609800,0.0,0.0,0.0
2010-01-08 00:00:00-05:00,111.5199966430664,111.58000183105469,110.26000213623047,111.37000274658203,15894600,0.0,0.0,0.0
2010-01-11 00:00:00-05:00,113.33999633789062,113.58999633789062,112.5199966430664,112.8499984741211,17253000,0.0,0.0,0.0
2010-01-12 00:00:00-05:00,112.37999725341797,113.05000305175781,110.13999938964844,110.48999786376953,29182600,0.0,0.0,0.0
2010-01-13 00:00:00-05:00,110.91999816894531,111.56999969482422,109.56999969482422,111.54000091552734,20014000,0.0,0.0,0.0
2010-01-14 00:00:00-05:00,111.51000213623047,112.37000274658203,110.79000091552734,112.02999877929688,18305300,0.0,0.0,0.0
2010-01-15 00:00:00-05:00,111.3499984741211,112.01000213623047,110.37999725341797,110.86000061035156,18002700,0.0,0.0,0.0
2010-01-19 00:00:00-05:00,110.94999694824219,111.75,110.83000183105469,111.5199966430664,10468200,0.0,0.0,0.0
2010-01-20 00:00:00-05:00,109.97000122070312,110.05000305175781,108.45999908447266,108.94000244140625,17535000,0.0,0.0,0.0
2010-01-21 00:00:00-05:00,108.4800033569336,108.77999877929688,106.61000061035156,107.37000274658203,25748400,0.0,0.0,0.0
2010-01-22 00:00:00-05:00,106.93000030517578,107.68000030517578,106.01000213623047,107.16999816894531,24210100,0.0,0.0,0.0
2010-01-25 00:00:00-05:00,107.44000244140625,107.72000122070312,107.06999969482422,107.4800033569336,13200500,0.0,0.0,0.0
2010-01-26 00:00:00-05:00,106.87000274658203,107.98999786376953,106.75,107.55999755859375,12297100,0.0,0.0,0.0
2010-01-27 00:00:00-05:00,107.52999877929688,108.80000305175781,106.16000366210938,106.52999877929688,19005100,0.0,0.0,0.0
2010-01-28 00:00:00-05:00,107.18000030517578,107.2300033569336,105.18000030517578,106.4800033569336,16793900,0.0,0.0,0.0
2010-01-29 00:00:00-05:00,105.87999725341797,106.30000305175781,105.2699966430664,105.95999908447266,20278800,0.0,0.0,0.0
2010-02-01 00:00:00-05:00,106.63999938964844,108.4800033569336,106.37000274658203,108.3499984741211,14901900,0.0,0.0,0.0
2010-02-02 00:00:00-05:00,109.16000366210938,109.5999984741211,108.61000061035156,109.12999725341797,14292200,0.0,0.0,0.0
2010-02-03 00:00:00-05:00,109.0999984741211,109.54000091552734,108.43000030517578,108.69999694824219,13393200,0.0,0.0,0.0
2010-02-04 00:00:00-05:00,106.79000091552734,106.80000305175781,103.75,104.37000274658203,39991900,0.0,0.0,0.0
2010-02-05 00:00:00-05:00,103.76000213623047,104.68000030517578,102.27999877929688,104.68000030517578,32656700,0.0,0.0,0.0
2010-02-08 00:00:00-05:00,104.41000366210938,105.13999938964844,104.0,104.04000091552734,17176600,0.0,0.0,0.0
2010-02-09 00:00:00-05:00,105.18000030517578,106.1500015258789,104.87000274658203,105.41000366210938,25959200,0.0,0.0,0.0
2010-02-10 00:00:00-05:00,105.12999725341797,105.5,104.11000061035156,105.12000274658203,16215200,0.0,0.0,0.0
2010-02-11 00:00:00-05:00,105.58000183105469,107.55999755859375,105.2699966430664,107.12999725341797,19350100,0.0,0.0,0.0
2010-02-12 00:00:00-05:00,106.08000183105469,107.0999984741211,105.56999969482422,107.04000091552734,14464200,0.0,0.0,0.0
2010-02-16 00:00:00-05:00,109.44999694824219,109.87000274658203,109.0999984741211,109.62000274658203,20895700,0.0,0.0,0.0
2010-02-17 00:00:00-05:00,109.66000366210938,110.01000213623047,108.87000274658203,109.25,19593400,0.0,0.0,0.0
2010-02-18 00:00:00-05:00,109.61000061035156,110.11000061035156,109.19000244140625,109.9800033569336,19177400,0.0,0.0,0.0
2010-02-19 00:00:00-05:00,109.31999969482422,110.38999938964844,108.80999755859375,109.47000122070312,21928700,0.0,0.0,0.0
2010-02-22 00:00:00-05:00,109.86000061035156,109.97000122070312,108.66000366210938,109.06999969482422,10742800,0.0,0.0,0.0
2010-02-23 00:00:00-05:00,108.83999633789062,108.91000366210938,107.6500015258789,107.88999938964844,13629600,0.0,0.0,0.0
2010-02-24 00:00:00-05:00,107.33000183105469,108.16000366210938,107.0999984741211,107.36000061035156,17207400,0.0,0.0,0.0
2010-02-25 00:00:00-05:00,106.69999694824219,108.69999694824219,106.5999984741211,108.30999755859375,23400400,0.0,0.0,0.0
2010-02-26 00:00:00-05:00,108.88999938964844,109.5999984741211,108.41000366210938,109.43000030517578,13033900,0.0,0.0,0.0
2010-03-01 00:00:00-05:00,109.4800033569336,109.9000015258789,108.97000122070312,109.43000030517578,12830900,0.0,0.0,0.0
2010-03-02 00:00:00-05:00,109.86000061035156,111.44999694824219,109.86000061035156,111.0199966430664,20102200,0.0,0.0,0.0
2010-03-03 00:00:00-05:00,111.45999908447266,112.18000030517578,111.18000030517578,111.62999725341797,16222100,0.0,0.0,0.0
2010-03-04 00:00:00-05:00,111.25,111.37000274658203,110.22000122070312,110.83000183105469,12944800,0.0,0.0,0.0
2010-03-05 00:00:00-05:00,111.12999725341797,111.75,110.80000305175781,110.80999755859375,11091400,0.0,0.0,0.0
2010-03-08 00:00:00-05:00,111.22000122070312,111.30000305175781,109.5199966430664,109.87999725341797,12753800,0.0,0.0,0.0
2010-03-09 00:00:00-05:00,109.16000366210938,110.16000366210938,109.04000091552734,109.72000122070312,12650800,0.0,0.0,0.0
2010-03-10 00:00:00-05:00,109.94000244140625,110.5,108.0199966430664,108.47000122070312,21982100,0.0,0.0,0.0
2010-03-11 00:00:00-05:00,108.27999877929688,108.6500015258789,107.86000061035156,108.5999984741211,9513300,0.0,0.0,0.0
2010-03-12 00:00:00-05:00,108.55999755859375,108.7699966430664,107.44999694824219,107.94999694824219,11849000,0.0,0.0,0.0
2010-03-15 00:00:00-04:00,108.16000366210938,108.55999755859375,107.81999969482422,108.36000061035156,7698600,0.0,0.0,0.0
2010-03-16 00:00:00-04:00,110.0199966430664,110.56999969482422,109.69999694824219,110.4000015258789,17749300,0.0,0.0,0.0
2010-03-17 00:00:00-04:00,110.18000030517578,110.45999908447266,109.55000305175781,109.58999633789062,13784300,0.0,0.0,0.0
2010-03-18 00:00:00-04:00,110.0999984741211,110.61000061035156,109.5,110.33999633789062,13848400,0.0,0.0,0.0
2010-03-19 00:00:00-04:00,108.27999877929688,110.29000091552734,107.8499984741211,108.27999877929688,24329100,0.0,0.0,0.0
2010-03-22 00:00:00-04:00,107.30999755859375,108.0,106.94999694824219,107.75,11579400,0.0,0.0,0.0
2010-03-23 00:00:00-04:00,107.5,108.5,107.33999633789062,108.31999969482422,11274400,0.0,0.0,0.0
2010-03-24 00:00:00-04:00,106.94000244140625,107.06999969482422,106.23999786376953,106.30000305175781,14236700,0.0,0.0,0.0
2010-03-25 00:00:00-04:00,107.0,107.25,106.4800033569336,106.77999877929688,16866700,0.0,0.0,0.0
2010-03-26 00:00:00-04:00,107.16000366210938,108.69999694824219,106.81999969482422,108.58999633789062,17433600,0.0,0.0,0.0
2010-03-29 00:00:00-04:00,108.87000274658203,109.16999816894531,108.4000015258789,108.75,11527000,0.0,0.0,0.0
2010-03-30 00:00:00-04:00,108.56999969482422,108.66000366210938,107.87000274658203,107.97000122070312,9817700,0.0,0.0,0.0
2010-03-31 00:00:00-04:00,109.44000244140625,109.5,108.8499984741211,108.94999694824219,14006800,0.0,0.0,0.0
2010-04-01 00:00:00-04:00,109.97000122070312,110.47000122070312,109.91999816894531,110.26000213623047,11370500,0.0,0.0,0.0
2010-04-05 00:00:00-04:00,110.55999755859375,110.9800033569336,110.2699966430664,110.88999938964844,8207900,0.0,0.0,0.0
2010-04-06 00:00:00-04:00,110.88999938964844,111.51000213623047,110.83000183105469,111.02999877929688,10322300,0.0,0.0,0.0
2010-04-07 00:00:00-04:00,111.8499984741211,112.93000030517578,111.7699966430664,112.48999786376953,19139500,0.0,0.0,0.0
2010-04-08 00:00:00-04:00,112.47000122070312,112.9800033569336,112.12999725341797,112.6500015258789,12445400,0.0,0.0,0.0
2010-04-09 00:00:00-04:00,113.08999633789062,114.06999969482422,112.73999786376953,113.63999938964844,16427800,0.0,0.0,0.0
2010-04-12 00:00:00-04:00,113.63999938964844,114.12999725341797,112.9800033569336,113.01000213623047,11118900,0.0,0.0,0.0
2010-04-13 00:00:00-04:00,113.12000274658203,113.16000366210938,112.05999755859375,112.69000244140625,11261100,0.0,0.0,0.0
2010-04-14 00:00:00-04:00,113.2300033569336,113.66000366210938,112.77999877929688,113.02999877929688,10572100,0.0,0.0,0.0
2010-04-15 00:00:00-04:00,112.9000015258789,113.70999908447266,112.8499984741211,113.6500015258789,10952100,0.0,0.0,0.0
2010-04-16 00:00:00-04:00,112.5,113.06999969482422,110.54000091552734,111.23999786376953,24572600,0.0,0.0,0.0
2010-04-19 00:00:00-04:00,110.87999725341797,111.36000061035156,110.66999816894531,111.1500015258789,7993700,0.0,0.0,0.0
2010-04-20 00:00:00-04:00,111.7300033569336,112.20999908447266,111.33000183105469,111.45999908447266,7019800,0.0,0.0,0.0
2010-04-21 00:00:00-04:00,111.81999969482422,112.63999938964844,111.4800033569336,112.30999755859375,6842900,0.0,0.0,0.0
2010-04-22 00:00:00-04:00,111.79000091552734,112.01000213623047,110.76000213623047,111.83999633789062,9598900,0.0,0.0,0.0
2010-04-23 00:00:00-04:00,111.26000213623047,113.30000305175781,111.08999633789062,113.19000244140625,12505800,0.0,0.0,0.0
2010-04-26 00:00:00-04:00,112.87999725341797,113.19999694824219,112.62999725341797,112.75,8335400,0.0,0.0,0.0
2010-04-27 00:00:00-04:00,112.43000030517578,114.81999969482422,112.33999633789062,114.62999725341797,25057100,0.0,0.0,0.0
2010-04-28 00:00:00-04:00,114.02999877929688,114.98999786376953,113.62999725341797,114.30999755859375,26891900,0.0,0.0,0.0
2010-04-29 00:00:00-04:00,113.8499984741211,114.5199966430664,113.83999633789062,114.27999877929688,10374300,0.0,0.0,0.0
2010-04-30 00:00:00-04:00,115.26000213623047,115.69999694824219,115.20999908447266,115.36000061035156,13403100,0.0,0.0,0.0
2010-05-03 00:00:00-04:00,115.91000366210938,116.27999877929688,115.52999877929688,115.7300033569336,13570800,0.0,0.0,0.0
2010-05-04 00:00:00-04:00,116.38999938964844,116.43000030517578,114.16999816894531,114.87000274658203,21512100,0.0,0.0,0.0
2010-05-05 00:00:00-04:00,113.58000183105469,115.23999786376953,113.30999755859375,115.08999633789062,21616700,0.0,0.0,0.0
2010-05-06 00:00:00-04:00,115.62000274658203,118.62000274658203,115.56999969482422,118.48999786376953,50546300,0.0,0.0,0.0
2010-05-07 00:00:00-04:00,117.63999938964844,118.87999725341797,116.73999786376953,118.2699966430664,34272700,0.0,0.0,0.0
2010-05-10 00:00:00-04:00,117.5,117.9000015258789,116.80999755859375,117.56999969482422,28433800,0.0,0.0,0.0
2010-05-11 00:00:00-04:00,119.45999908447266,120.87000274658203,118.97000122070312,120.66000366210938,36731800,0.0,0.0,0.0
2010-05-12 00:00:00-04:00,121.27999877929688,122.23999786376953,120.7699966430664,121.4000015258789,32703600,0.0,0.0,0.0
2010-05-13 00:00:00-04:00,121.29000091552734,121.70999908447266,120.0999984741211,120.55999755859375,22340400,0.0,0.0,0.0
2010-05-14 00:00:00-04:00,121.87999725341797,122.0199966430664,119.12000274658203,120.37000274658203,34643200,0.0,0.0,0.0
2010-05-17 00:00:00-04:00,120.55000305175781,121.12000274658203,119.29000091552734,119.36000061035156,27898000,0.0,0.0,0.0
2010-05-18 00:00:00-04:00,118.86000061035156,120.31999969482422,118.5,119.48999786376953,26595300,0.0,0.0,0.0
2010-05-19 00:00:00-04:00,118.19000244140625,118.43000030517578,116.08000183105469,116.62999725341797,34412400,0.0,0.0,0.0
2010-05-20 00:00:00-04:00,116.13999938964844,116.94999694824219,115.18000030517578,115.83999633789062,28908200,0.0,0.0,0.0
2010-05-21 00:00:00-04:00,115.05000305175781,116.23999786376953,114.51000213623047,115.22000122070312,20098300,0.0,0.0,0.0
2010-05-24 00:00:00-04:00,116.33999633789062,117.16999816894531,116.04000091552734,116.83999633789062,14300500,0.0,0.0,0.0
2010-05-25 00:00:00-04:00,117.16000366210938,117.5199966430664,116.81999969482422,117.36000061035156,21232700,0.0,0.0,0.0
2010-05-26 00:00:00-04:00,118.58000183105469,119.08000183105469,118.31999969482422,118.47000122070312,13153500,0.0,0.0,0.0
2010-05-27 00:00:00-04:00,118.16000366210938,119.04000091552734,118.13999938964844,118.69000244140625,10418500,0.0,0.0,0.0
2010-05-28 00:00:00-04:00,118.4800033569336,118.9000015258789,117.62999725341797,118.87999725341797,11579400,0.0,0.0,0.0
2010-06-01 00:00:00-04:00,119.87999725341797,120.25,119.62999725341797,119.91000366210938,12207800,0.0,0.0,0.0
2010-06-02 00:00:00-04:00,119.3499984741211,119.87999725341797,118.72000122070312,119.77999877929688,10339300,0.0,0.0,0.0
2010-06-03 00:00:00-04:00,119.16000366210938,119.38999938964844,117.4800033569336,117.95999908447266,13855200,0.0,0.0,0.0
2010-06-04 00:00:00-04:00,117.95999908447266,119.38999938964844,117.05000305175781,119.19000244140625,16532500,0.0,0.0,0.0
2010-06-07 00:00:00-04:00,118.7300033569336,121.80000305175781,118.62000274658203,121.48999786376953,20238600,0.0,0.0,0.0
2010-06-08 00:00:00-04:00,121.61000061035156,122.44999694824219,120.66000366210938,121.0,23404800,0.0,0.0,0.0
2010-06-09 00:00:00-04:00,120.4800033569336,120.98999786376953,119.51000213623047,120.55999755859375,12884600,0.0,0.0,0.0
2010-06-10 00:00:00-04:00,119.36000061035156,120.04000091552734,118.83000183105469,118.97000122070312,13687900,0.0,0.0,0.0
2010-06-11 00:00:00-04:00,119.87999725341797,120.41000366210938,119.33000183105469,120.01000213623047,7829400,0.0,0.0,0.0
2010-06-14 00:00:00-04:00,119.62999725341797,120.26000213623047,118.95999908447266,119.5999984741211,11002800,0.0,0.0,0.0
2010-06-15 00:00:00-04:00,119.70999908447266,121.02999877929688,119.4800033569336,120.98999786376953,15073000,0.0,0.0,0.0
2010-06-16 00:00:00-04:00,120.68000030517578,120.88999938964844,120.04000091552734,120.33000183105469,10500500,0.0,0.0,0.0
2010-06-17 00:00:00-04:00,121.63999938964844,122.41000366210938,121.48999786376953,121.9000015258789,19792200,0.0,0.0,0.0
2010-06-18 00:00:00-04:00,123.04000091552734,123.5,122.80999755859375,122.83000183105469,19429900,0.0,0.0,0.0
2010-06-21 00:00:00-04:00,123.08999633789062,123.11000061035156,120.36000061035156,120.38999938964844,20041700,0.0,0.0,0.0
2010-06-22 00:00:00-04:00,121.16000366210938,121.58999633789062,120.87000274658203,121.44999694824219,12940900,0.0,0.0,0.0
2010-06-23 00:00:00-04:00,120.88999938964844,121.0199966430664,119.7699966430664,120.94999694824219,14120400,0.0,0.0,0.0
2010-06-24 00:00:00-04:00,120.76000213623047,122.16000366210938,120.66999816894531,121.30000305175781,13137700,0.0,0.0,0.0
2010-06-25 00:00:00-04:00,122.75,123.12999725341797,122.48999786376953,122.76000213623047,9986700,0.0,0.0,0.0
2010-06-28 00:00:00-04:00,122.79000091552734,123.55999755859375,120.80999755859375,121.08999633789062,19650700,0.0,0.0,0.0
2010-06-29 00:00:00-04:00,121.05000305175781,121.81999969482422,120.0199966430664,121.2699966430664,17334700,0.0,0.0,0.0
2010-06-30 00:00:00-04:00,121.06999969482422,122.08999633789062,120.87999725341797,121.68000030517578,12016300,0.0,0.0,0.0
2010-07-01 00:00:00-04:00,120.91000366210938,121.02999877929688,116.9800033569336,117.04000091552734,33248900,0.0,0.0,0.0
2010-07-02 00:00:00-04:00,118.20999908447266,118.5,117.41000366210938,118.48999786376953,14732800,0.0,0.0,0.0
2010-07-06 00:00:00-04:00,117.66999816894531,117.72000122070312,116.30000305175781,116.51000213623047,16846900,0.0,0.0,0.0
2010-07-07 00:00:00-04:00,116.56999969482422,117.77999877929688,116.5,117.7300033569336,10930100,0.0,0.0,0.0
2010-07-08 00:00:00-04:00,117.38999938964844,117.41000366210938,116.0999984741211,117.20999908447266,11315100,0.0,0.0,0.0
2010-07-09 00:00:00-04:00,118.13999938964844,118.7300033569336,118.0,118.36000061035156,9596800,0.0,0.0,0.0
2010-07-12 00:00:00-04:00,117.83000183105469,118.19999694824219,116.97000122070312,117.33999633789062,7506700,0.0,0.0,0.0
2010-07-13 00:00:00-04:00,118.9800033569336,119.0999984741211,118.36000061035156,118.36000061035156,8423700,0.0,0.0,0.0
2010-07-14 00:00:00-04:00,118.26000213623047,119.12999725341797,117.58999633789062,118.30000305175781,9574800,0.0,0.0,0.0
2010-07-15 00:00:00-04:00,118.58999633789062,118.69999694824219,117.7300033569336,118.2300033569336,8586900,0.0,0.0,0.0
2010-07-16 00:00:00-04:00,116.69000244140625,116.79000091552734,115.94999694824219,116.66999816894531,17494400,0.0,0.0,0.0
2010-07-19 00:00:00-04:00,115.56999969482422,115.80000305175781,115.11000061035156,115.7300033569336,15723900,0.0,0.0,0.0
2010-07-20 00:00:00-04:00,115.75,116.73999786376953,115.4800033569336,116.6500015258789,9263100,0.0,0.0,0.0
2010-07-21 00:00:00-04:00,116.80000305175781,117.0,115.70999908447266,115.8499984741211,9396200,0.0,0.0,0.0
2010-07-22 00:00:00-04:00,115.94999694824219,117.5,115.91000366210938,116.86000061035156,8161000,0.0,0.0,0.0
2010-07-23 00:00:00-04:00,117.12000274658203,117.47000122070312,115.79000091552734,116.08999633789062,8337000,0.0,0.0,0.0
2010-07-26 00:00:00-04:00,116.37999725341797,116.47000122070312,115.30000305175781,115.5199966430664,11219000,0.0,0.0,0.0
2010-07-27 00:00:00-04:00,114.94999694824219,114.98999786376953,113.20999908447266,113.51000213623047,29524800,0.0,0.0,0.0
2010-07-28 00:00:00-04:00,113.4800033569336,113.93000030517578,113.08000183105469,113.77999877929688,16071500,0.0,0.0,0.0
2010-07-29 00:00:00-04:00,113.54000091552734,114.3499984741211,113.33999633789062,114.29000091552734,9476300,0.0,0.0,0.0
2010-07-30 00:00:00-04:00,114.36000061035156,115.7300033569336,114.08000183105469,115.48999786376953,10093200,0.0,0.0,0.0
2010-08-02 00:00:00-04:00,116.12000274658203,116.38999938964844,115.19999694824219,115.54000091552734,8473400,0.0,0.0,0.0
2010-08-03 00:00:00-04:00,115.87999725341797,116.44000244140625,115.80999755859375,115.98999786376953,5579400,0.0,0.0,0.0
2010-08-04 00:00:00-04:00,117.41000366210938,117.6500015258789,116.6500015258789,116.72000122070312,10323200,0.0,0.0,0.0
2010-08-05 00:00:00-04:00,117.01000213623047,117.0999984741211,116.3499984741211,116.9800033569336,7023000,0.0,0.0,0.0
2010-08-06 00:00:00-04:00,117.98999786376953,118.41999816894531,117.48999786376953,117.83999633789062,10001700,0.0,0.0,0.0
2010-08-09 00:00:00-04:00,117.76000213623047,117.8499984741211,117.2300033569336,117.4000015258789,6751400,0.0,0.0,0.0
2010-08-10 00:00:00-04:00,116.58999633789062,118.08999633789062,116.4000015258789,117.7300033569336,10444900,0.0,0.0,0.0
2010-08-11 00:00:00-04:00,117.73999786376953,118.13999938964844,116.58000183105469,117.33999633789062,12436900,0.0,0.0,0.0
2010-08-12 00:00:00-04:00,118.55999755859375,118.86000061035156,118.45999908447266,118.7699966430664,12327000,0.0,0.0,0.0
2010-08-13 00:00:00-04:00,118.81999969482422,118.88999938964844,118.36000061035156,118.73999786376953,10213200,0.0,0.0,0.0
2010-08-16 00:00:00-04:00,119.69999694824219,119.81999969482422,119.45999908447266,119.7300033569336,8948300,0.0,0.0,0.0
2010-08-17 00:00:00-04:00,119.75,119.97000122070312,119.5999984741211,119.75,9145400,0.0,0.0,0.0
2010-08-18 00:00:00-04:00,119.2300033569336,120.51000213623047,119.0,120.22000122070312,12102500,0.0,0.0,0.0
2010-08-19 00:00:00-04:00,120.6500015258789,120.98999786376953,120.11000061035156,120.38999938964844,10014500,0.0,0.0,0.0
2010-08-20 00:00:00-04:00,119.97000122070312,120.06999969482422,119.44999694824219,119.97000122070312,10682100,0.0,0.0,0.0
2010-08-23 00:00:00-04:00,119.91000366210938,120.06999969482422,119.41999816894531,119.77999877929688,4857800,0.0,0.0,0.0
2010-08-24 00:00:00-04:00,118.7699966430664,120.80000305175781,118.70999908447266,120.36000061035156,14811400,0.0,0.0,0.0
2010-08-25 00:00:00-04:00,121.12000274658203,121.37999725341797,120.66999816894531,121.36000061035156,13987100,0.0,0.0,0.0
2010-08-26 00:00:00-04:00,121.08999633789062,122.94999694824219,120.5,120.95999908447266,8886600,0.0,0.0,0.0
2010-08-27 00:00:00-04:00,121.19999694824219,121.44999694824219,120.41999816894531,121.01000213623047,11155400,0.0,0.0,0.0
2010-08-30 00:00:00-04:00,120.8499984741211,121.05999755859375,120.58000183105469,120.91000366210938,4390900,0.0,0.0,0.0
2010-08-31 00:00:00-04:00,121.7699966430664,122.19000244140625,121.45999908447266,122.08000183105469,12249700,0.0,0.0,0.0
2010-09-01 00:00:00-04:00,122.1500015258789,122.20999908447266,121.43000030517578,121.69000244140625,11873500,0.0,0.0,0.0
2010-09-02 00:00:00-04:00,122.37999725341797,122.4800033569336,121.88999938964844,122.29000091552734,7002100,0.0,0.0,0.0
2010-09-03 00:00:00-04:00,121.38999938964844,122.38999938964844,121.1500015258789,121.86000061035156,9074500,0.0,0.0,0.0
2010-09-07 00:00:00-04:00,122.91000366210938,123.05999755859375,122.62999725341797,122.69999694824219,8777500,0.0,0.0,0.0
2010-09-08 00:00:00-04:00,122.81999969482422,123.41999816894531,122.5999984741211,122.70999908447266,9788900,0.0,0.0,0.0
2010-09-09 00:00:00-04:00,122.44000244140625,122.87999725341797,121.37999725341797,121.55999755859375,13745000,0.0,0.0,0.0
2010-09-10 00:00:00-04:00,121.4000015258789,122.30000305175781,121.38999938964844,121.7300033569336,12510000,0.0,0.0,0.0
2010-09-13 00:00:00-04:00,121.62999725341797,122.11000061035156,121.38999938964844,121.62000274658203,9693300,0.0,0.0,0.0
2010-09-14 00:00:00-04:00,122.91999816894531,124.58999633789062,121.55000305175781,124.0199966430664,26588900,0.0,0.0,0.0
2010-09-15 00:00:00-04:00,123.97000122070312,124.29000091552734,123.43000030517578,123.94000244140625,11689100,0.0,0.0,0.0
2010-09-16 00:00:00-04:00,124.5,124.7699966430664,124.19000244140625,124.62999725341797,12672800,0.0,0.0,0.0
2010-09-17 00:00:00-04:00,125.02999877929688,125.02999877929688,124.2699966430664,124.54000091552734,13819200,0.0,0.0,0.0
2010-09-20 00:00:00-04:00,125.08999633789062,125.44999694824219,124.77999877929688,124.87000274658203,8475800,0.0,0.0,0.0
2010-09-21 00:00:00-04:00,124.7699966430664,126.16999816894531,124.16000366210938,126.01000213623047,20408400,0.0,0.0,0.0
2010-09-22 00:00:00-04:00,126.58000183105469,126.62999725341797,125.69999694824219,126.19999694824219,11046900,0.0,0.0,0.0
2010-09-23 00:00:00-04:00,126.19999694824219,126.66000366210938,125.80999755859375,126.30000305175781,9325200,0.0,0.0,0.0
2010-09-24 00:00:00-04:00,126.91000366210938,127.0,126.30000305175781,126.69000244140625,14945000,0.0,0.0,0.0
2010-09-27 00:00:00-04:00,126.9000015258789,126.91000366210938,126.4800033569336,126.72000122070312,6679700,0.0,0.0,0.0
2010-09-28 00:00:00-04:00,126.41999816894531,128.02999877929688,126.11000061035156,127.8499984741211,19857200,0.0,0.0,0.0
2010-09-29 00:00:00-04:00,127.93000030517578,128.24000549316406,127.5199966430664,127.94999694824219,12328900,0.0,0.0,0.0
2010-09-30 00:00:00-04:00,128.14999389648438,128.27999877929688,126.61000061035156,127.91000366210938,19213400,0.0,0.0,0.0
2010-10-01 00:00:00-04:00,127.91000366210938,129.07000732421875,127.91000366210938,128.91000366210938,17211900,0.0,0.0,0.0
2010-10-04 00:00:00-04:00,128.52000427246094,128.6199951171875,128.22000122070312,128.4600067138672,8368000,0.0,0.0,0.0
2010-10-05 00:00:00-04:00,130.11000061035156,131.1199951171875,129.8699951171875,130.99000549316406,17489600,0.0,0.0,0.0
2010-10-06 00:00:00-04:00,131.4499969482422,131.86000061035156,131.33999633789062,131.80999755859375,16142200,0.0,0.0,0.0
2010-10-07 00:00:00-04:00,132.60000610351562,132.6699981689453,129.50999450683594,130.3699951171875,38676800,0.0,0.0,0.0
2010-10-08 00:00:00-04:00,130.77999877929688,131.8800048828125,130.47000122070312,131.66000366210938,18693300,0.0,0.0,0.0
2010-10-11 00:00:00-04:00,131.27999877929688,132.3300018310547,130.97999572753906,132.2899932861328,10621300,0.0,0.0,0.0
2010-10-12 00:00:00-04:00,132.05999755859375,132.2100067138672,131.36000061035156,131.9600067138672,13289200,0.0,0.0,0.0
2010-10-13 00:00:00-04:00,132.72999572753906,134.30999755859375,132.6300048828125,134.07000732421875,18398500,0.0,0.0,0.0
2010-10-14 00:00:00-04:00,134.05999755859375,134.85000610351562,133.89999389648438,134.75,26890500,0.0,0.0,0.0
2010-10-15 00:00:00-04:00,134.24000549316406,134.4600067138672,133.07000732421875,133.67999267578125,26168600,0.0,0.0,0.0
2010-10-18 00:00:00-04:00,133.4600067138672,134.33999633789062,133.16000366210938,134.27999877929688,12289500,0.0,0.0,0.0
2010-10-19 00:00:00-04:00,130.4600067138672,131.58999633789062,129.75,130.11000061035156,25327200,0.0,0.0,0.0
2010-10-20 00:00:00-04:00,130.36000061035156,131.64999389648438,130.32000732421875,131.32000732421875,12556600,0.0,0.0,0.0
2010-10-21 00:00:00-04:00,131.0800018310547,131.58999633789062,128.72000122070312,129.47000122070312,21804200,0.0,0.0,0.0
2010-10-22 00:00:00-04:00,129.47000122070312,129.75,128.97000122070312,129.72999572753906,11885300,0.0,0.0,0.0
2010-10-25 00:00:00-04:00,131.16000366210938,131.3800048828125,130.2100067138672,130.85000610351562,12154900,0.0,0.0,0.0
2010-10-26 00:00:00-04:00,129.99000549316406,131.13999938964844,129.72999572753906,130.8800048828125,10710900,0.0,0.0,0.0
2010-10-27 00:00:00-04:00,129.92999267578125,130.0,128.7899932861328,129.52000427246094,16132100,0.0,0.0,0.0
2010-10-28 00:00:00-04:00,130.36000061035156,131.5,129.83999633789062,131.24000549316406,15889600,0.0,0.0,0.0
2010-10-29 00:00:00-04:00,131.47999572753906,132.82000732421875,131.05999755859375,132.6199951171875,14334900,0.0,0.0,0.0
2010-11-01 00:00:00-04:00,132.85000610351562,133.07000732421875,131.75999450683594,131.9199981689453,12403600,0.0,0.0,0.0
2010-11-02 00:00:00-04:00,132.44000244140625,132.58999633789062,131.8800048828125,132.49000549316406,9396900,0.0,0.0,0.0
2010-11-03 00:00:00-04:00,132.27999877929688,132.52000427246094,129.47999572753906,131.57000732421875,31702100,0.0,0.0,0.0
2010-11-04 00:00:00-04:00,134.63999938964844,136.1300048828125,134.24000549316406,136.02999877929688,23464700,0.0,0.0,0.0
2010-11-05 00:00:00-04:00,135.13999938964844,136.61000061035156,134.9499969482422,136.3800048828125,20342500,0.0,0.0,0.0
2010-11-08 00:00:00-05:00,135.9199981689453,137.7899932861328,135.52999877929688,137.77999877929688,17367400,0.0,0.0,0.0
2010-11-09 00:00:00-05:00,138.6999969482422,139.14999389648438,135.0500030517578,135.58999633789062,39445200,0.0,0.0,0.0
2010-11-10 00:00:00-05:00,137.02999877929688,137.27999877929688,135.14999389648438,137.24000549316406,28484700,0.0,0.0,0.0
2010-11-11 00:00:00-05:00,137.6199951171875,137.75,136.4499969482422,137.66000366210938,15447500,0.0,0.0,0.0
2010-11-12 00:00:00-05:00,135.88999938964844,136.30999755859375,132.82000732421875,133.69000244140625,35885900,0.0,0.0,0.0
2010-11-15 00:00:00-05:00,133.86000061035156,134.49000549316406,132.38999938964844,132.4199981689453,15096800,0.0,0.0,0.0
2010-11-16 00:00:00-05:00,132.24000549316406,132.3800048828125,129.8300018310547,130.97000122070312,32478100,0.0,0.0,0.0
2010-11-17 00:00:00-05:00,130.77000427246094,131.3699951171875,130.1300048828125,130.3800048828125,16432100,0.0,0.0,0.0
2010-11-18 00:00:00-05:00,131.82000732421875,132.77999877929688,131.5500030517578,132.08999633789062,16009400,0.0,0.0,0.0
2010-11-19 00:00:00-05:00,131.47999572753906,132.35000610351562,131.00999450683594,132.1999969482422,14146400,0.0,0.0,0.0
2010-11-22 00:00:00-05:00,132.1300048828125,133.60000610351562,131.69000244140625,133.47999572753906,13093400,0.0,0.0,0.0
2010-11-23 00:00:00-05:00,133.60000610351562,135.07000732421875,133.4600067138672,134.41000366210938,18215200,0.0,0.0,0.0
2010-11-24 00:00:00-05:00,134.36000061035156,134.6999969482422,133.74000549316406,134.17999267578125,8858100,0.0,0.0,0.0
2010-11-26 00:00:00-05:00,132.3800048828125,133.16000366210938,131.92999267578125,133.11000061035156,7822400,0.0,0.0,0.0
2010-11-29 00:00:00-05:00,133.19000244140625,133.75,132.3300018310547,133.50999450683594,13983800,0.0,0.0,0.0
2010-11-30 00:00:00-05:00,135.2100067138672,135.75,134.77999877929688,135.4199981689453,17473100,0.0,0.0,0.0
2010-12-01 00:00:00-05:00,135.7100067138672,136.13999938964844,134.9600067138672,135.3800048828125,16831100,0.0,0.0,0.0
2010-12-02 00:00:00-05:00,135.6199951171875,136.58999633789062,135.14999389648438,135.1999969482422,17583800,0.0,0.0,0.0
2010-12-03 00:00:00-05:00,136.6199951171875,138.11000061035156,136.47999572753906,138.07000732421875,16517200,0.0,0.0,0.0
2010-12-06 00:00:00-05:00,138.13999938964844,139.4600067138672,137.72999572753906,139.11000061035156,15640800,0.0,0.0,0.0
2010-12-07 00:00:00-05:00,139.4600067138672,139.5399932861328,136.4600067138672,136.5,26490400,0.0,0.0,0.0
2010-12-08 00:00:00-05:00,135.91000366210938,136.2899932861328,133.8800048828125,134.7899932861328,23483300,0.0,0.0,0.0
2010-12-09 00:00:00-05:00,135.69000244140625,136.16000366210938,134.8800048828125,135.3699951171875,14157600,0.0,0.0,0.0
2010-12-10 00:00:00-05:00,134.94000244140625,135.47999572753906,133.9499969482422,135.41000366210938,11937900,0.0,0.0,0.0
2010-12-13 00:00:00-05:00,136.25999450683594,136.63999938964844,135.86000061035156,136.0500030517578,13352400,0.0,0.0,0.0
2010-12-14 00:00:00-05:00,136.27000427246094,137.2100067138672,135.86000061035156,136.17999267578125,17430800,0.0,0.0,0.0
2010-12-15 00:00:00-05:00,135.33999633789062,135.92999267578125,134.67999267578125,134.6999969482422,15089500,0.0,0.0,0.0
2010-12-16 00:00:00-05:00,134.2100067138672,134.22999572753906,132.86000061035156,133.80999755859375,23463000,0.0,0.0,0.0
2010-12-17 00:00:00-05:00,133.97000122070312,134.6300048828125,133.22000122070312,134.1999969482422,17213000,0.0,0.0,0.0
2010-12-20 00:00:00-05:00,135.1300048828125,135.44000244140625,134.3300018310547,135.11000061035156,13142300,0.0,0.0,0.0
2010-12-21 00:00:00-05:00,135.1699981689453,135.77999877929688,134.7899932861328,135.32000732421875,10235600,0.0,0.0,0.0
2010-12-22 00:00:00-05:00,135.60000610351562,135.6999969482422,134.97000122070312,135.0500030517578,7300600,0.0,0.0,0.0
2010-12-23 00:00:00-05:00,134.25999450683594,134.89999389648438,133.92999267578125,134.66000366210938,8700800,0.0,0.0,0.0
2010-12-27 00:00:00-05:00,134.9600067138672,135.05999755859375,134.49000549316406,135.02000427246094,3436400,0.0,0.0,0.0
2010-12-28 00:00:00-05:00,136.85000610351562,137.33999633789062,136.6199951171875,137.22000122070312,10111800,0.0,0.0,0.0
2010-12-29 00:00:00-05:00,137.3800048828125,138.0500030517578,137.19000244140625,137.7100067138672,8442300,0.0,0.0,0.0
2010-12-30 00:00:00-05:00,137.5800018310547,137.7100067138672,136.94000244140625,137.02999877929688,5749400,0.0,0.0,0.0
2010-12-31 00:00:00-05:00,137.77999877929688,138.77000427246094,137.72000122070312,138.72000122070312,9219800,0.0,0.0,0.0
2011-01-03 00:00:00-05:00,138.6699981689453,139.0,137.8800048828125,138.0,11510200,0.0,0.0,0.0
2011-01-04 00:00:00-05:00,136.24000549316406,136.27999877929688,134.16000366210938,134.75,26154300,0.0,0.0,0.0
2011-01-05 00:00:00-05:00,133.5,134.67999267578125,133.10000610351562,134.3699951171875,16700900,0.0,0.0,0.0
2011-01-06 00:00:00-05:00,134.0500030517578,134.3800048828125,133.13999938964844,133.8300018310547,15965300,0.0,0.0,0.0
2011-01-07 00:00:00-05:00,133.3800048828125,134.61000061035156,133.17999267578125,133.5800018310547,16761400,0.0,0.0,0.0
2011-01-10 00:00:00-05:00,133.85000610351562,134.1999969482422,133.24000549316406,134.1199951171875,8429900,0.0,0.0,0.0
2011-01-11 00:00:00-05:00,134.7899932861328,135.16000366210938,133.9600067138672,134.91000366210938,10268400,0.0,0.0,0.0
2011-01-12 00:00:00-05:00,134.7899932861328,135.5800018310547,134.35000610351562,135.4600067138672,10785100,0.0,0.0,0.0
2011-01-13 00:00:00-05:00,135.66000366210938,135.67999267578125,133.6300048828125,134.0500030517578,14294600,0.0,0.0,0.0
2011-01-14 00:00:00-05:00,133.1699981689453,133.60000610351562,132.22000122070312,132.69000244140625,21224900,0.0,0.0,0.0
2011-01-18 00:00:00-05:00,133.6300048828125,134.0,133.1699981689453,133.42999267578125,11592900,0.0,0.0,0.0
2011-01-19 00:00:00-05:00,134.33999633789062,134.39999389648438,133.39999389648438,133.72000122070312,11788100,0.0,0.0,0.0
2011-01-20 00:00:00-05:00,131.75999450683594,132.10000610351562,131.0399932861328,131.1999969482422,24362900,0.0,0.0,0.0
2011-01-21 00:00:00-05:00,130.75999450683594,131.42999267578125,130.52999877929688,131.02999877929688,19488400,0.0,0.0,0.0
2011-01-24 00:00:00-05:00,131.00999450683594,131.6300048828125,130.13999938964844,130.36000061035156,15127200,0.0,0.0,0.0
2011-01-25 00:00:00-05:00,129.64999389648438,130.27000427246094,129.07000732421875,130.10000610351562,22219700,0.0,0.0,0.0
2011-01-26 00:00:00-05:00,129.8300018310547,131.1699981689453,129.27999877929688,131.16000366210938,20543000,0.0,0.0,0.0
2011-01-27 00:00:00-05:00,130.2899932861328,130.49000549316406,127.80000305175781,127.93000030517578,33047000,0.0,0.0,0.0
2011-01-28 00:00:00-05:00,127.97000122070312,131.47999572753906,127.94999694824219,130.27999877929688,28091500,0.0,0.0,0.0
2011-01-31 00:00:00-05:00,129.27000427246094,130.50999450683594,129.25,129.8699951171875,14664100,0.0,0.0,0.0
2011-02-01 00:00:00-05:00,130.52000427246094,131.0800018310547,129.3300018310547,130.8000030517578,15363700,0.0,0.0,0.0
2011-02-02 00:00:00-05:00,130.3699951171875,130.60000610351562,129.4499969482422,130.4499969482422,10082000,0.0,0.0,0.0
2011-02-03 00:00:00-05:00,130.07000732421875,132.32000732421875,129.27999877929688,132.1999969482422,17374700,0.0,0.0,0.0
2011-02-04 00:00:00-05:00,131.83999633789062,132.6999969482422,131.22999572753906,131.66000366210938,15214300,0.0,0.0,0.0
2011-02-07 00:00:00-05:00,131.6699981689453,131.9499969482422,131.22999572753906,131.67999267578125,7176300,0.0,0.0,0.0
2011-02-08 00:00:00-05:00,132.9600067138672,133.5,132.8000030517578,133.13999938964844,16220900,0.0,0.0,0.0
2011-02-09 00:00:00-05:00,133.19000244140625,133.38999938964844,132.49000549316406,133.07000732421875,10178400,0.0,0.0,0.0
2011-02-10 00:00:00-05:00,132.11000061035156,133.30999755859375,132.0,132.85000610351562,8105200,0.0,0.0,0.0
2011-02-11 00:00:00-05:00,133.00999450683594,133.44000244140625,132.08999633789062,132.32000732421875,9888600,0.0,0.0,0.0
2011-02-14 00:00:00-05:00,132.9499969482422,133.3800048828125,132.6999969482422,132.9499969482422,8694200,0.0,0.0,0.0
2011-02-15 00:00:00-05:00,133.86000061035156,134.1699981689453,133.6300048828125,133.97000122070312,10111200,0.0,0.0,0.0
2011-02-16 00:00:00-05:00,134.22999572753906,134.86000061035156,133.4499969482422,134.10000610351562,12822800,0.0,0.0,0.0
2011-02-17 00:00:00-05:00,134.74000549316406,135.16000366210938,134.47000122070312,135.0399932861328,11322200,0.0,0.0,0.0
2011-02-18 00:00:00-05:00,135.1699981689453,135.8000030517578,134.8800048828125,135.41000366210938,15890100,0.0,0.0,0.0
2011-02-22 00:00:00-05:00,136.9199981689453,137.22000122070312,136.19000244140625,136.2899932861328,16676100,0.0,0.0,0.0
2011-02-23 00:00:00-05:00,136.97000122070312,138.1999969482422,136.9199981689453,137.50999450683594,15685700,0.0,0.0,0.0
2011-02-24 00:00:00-05:00,138.0399932861328,138.13999938964844,135.72999572753906,136.47999572753906,18781700,0.0,0.0,0.0
2011-02-25 00:00:00-05:00,137.22000122070312,137.74000549316406,136.77000427246094,137.3800048828125,10351400,0.0,0.0,0.0
2011-02-28 00:00:00-05:00,137.64999389648438,138.13999938964844,137.02999877929688,137.66000366210938,8847000,0.0,0.0,0.0
2011-03-01 00:00:00-05:00,138.57000732421875,140.02999877929688,138.49000549316406,140.02999877929688,17438100,0.0,0.0,0.0
2011-03-02 00:00:00-05:00,140.24000549316406,140.5500030517578,139.47999572753906,139.9199981689453,15719800,0.0,0.0,0.0
2011-03-03 00:00:00-05:00,138.80999755859375,139.1300048828125,137.57000732421875,138.08999633789062,16485000,0.0,0.0,0.0
2011-03-04 00:00:00-05:00,138.6300048828125,139.75,138.61000061035156,139.35000610351562,17454600,0.0,0.0,0.0
2011-03-07 00:00:00-05:00,140.2899932861328,140.61000061035156,139.27999877929688,139.72000122070312,14068900,0.0,0.0,0.0
2011-03-08 00:00:00-05:00,139.64999389648438,139.66000366210938,138.8300018310547,139.36000061035156,10730500,0.0,0.0,0.0
2011-03-09 00:00:00-05:00,139.9199981689453,139.9499969482422,138.94000244140625,139.41000366210938,8736400,0.0,0.0,0.0
2011-03-10 00:00:00-05:00,138.5,138.5,136.85000610351562,137.77000427246094,15559100,0.0,0.0,0.0
2011-03-11 00:00:00-05:00,137.2899932861328,138.92999267578125,137.17999267578125,138.22000122070312,10416900,0.0,0.0,0.0
2011-03-14 00:00:00-04:00,139.3300018310547,139.5500030517578,138.61000061035156,138.86000061035156,10239300,0.0,0.0,0.0
2011-03-15 00:00:00-04:00,135.35000610351562,136.94000244140625,135.22999572753906,136.27000427246094,23465100,0.0,0.0,0.0
2011-03-16 00:00:00-04:00,136.52000427246094,137.1999969482422,135.8000030517578,136.24000549316406,13392500,0.0,0.0,0.0
2011-03-17 00:00:00-04:00,136.55999755859375,137.0800018310547,136.25,136.97000122070312,9117400,0.0,0.0,0.0
2011-03-18 00:00:00-04:00,138.13999938964844,138.8300018310547,137.75999450683594,138.3699951171875,18602000,0.0,0.0,0.0
2011-03-21 00:00:00-04:00,139.5,139.91000366210938,138.97000122070312,139.13999938964844,13742500,0.0,0.0,0.0
2011-03-22 00:00:00-04:00,138.8800048828125,139.36000061035156,138.6699981689453,139.0500030517578,9553700,0.0,0.0,0.0
2011-03-23 00:00:00-04:00,139.61000061035156,140.5500030517578,139.5500030517578,140.33999633789062,11541000,0.0,0.0,0.0
2011-03-24 00:00:00-04:00,140.27000427246094,141.27999877929688,138.8300018310547,139.22000122070312,17016600,0.0,0.0,0.0
2011-03-25 00:00:00-04:00,140.0,140.24000549316406,138.66000366210938,139.25999450683594,13191100,0.0,0.0,0.0
2011-03-28 00:00:00-04:00,137.82000732421875,138.8300018310547,137.77999877929688,138.5399932861328,7656000,0.0,0.0,0.0
2011-03-29 00:00:00-04:00,138.2100067138672,138.82000732421875,137.94000244140625,138.2100067138672,6345200,0.0,0.0,0.0
2011-03-30 00:00:00-04:00,139.07000732421875,139.17999267578125,137.67999267578125,138.6699981689453,10749400,0.0,0.0,0.0
2011-03-31 00:00:00-04:00,140.0800018310547,140.39999389648438,139.77999877929688,139.86000061035156,15227300,0.0,0.0,0.0
2011-04-01 00:00:00-04:00,138.64999389648438,139.5500030517578,137.72000122070312,139.1999969482422,15738300,0.0,0.0,0.0
2011-04-04 00:00:00-04:00,140.1300048828125,140.25999450683594,139.4499969482422,139.83999633789062,9685100,0.0,0.0,0.0
2011-04-05 00:00:00-04:00,139.5800018310547,142.08999633789062,139.52000427246094,142.0500030517578,18295300,0.0,0.0,0.0
2011-04-06 00:00:00-04:00,142.39999389648438,142.6199951171875,141.77000427246094,142.3800048828125,10710300,0.0,0.0,0.0
2011-04-07 00:00:00-04:00,142.22999572753906,142.88999938964844,141.8000030517578,142.50999450683594,9486800,0.0,0.0,0.0
2011-04-08 00:00:00-04:00,143.33999633789062,143.83999633789062,142.97000122070312,143.66000366210938,13128200,0.0,0.0,0.0
2011-04-11 00:00:00-04:00,143.27999877929688,143.49000549316406,142.27999877929688,142.63999938964844,10105600,0.0,0.0,0.0
2011-04-12 00:00:00-04:00,142.74000549316406,142.82000732421875,140.75,141.61000061035156,14948100,0.0,0.0,0.0
2011-04-13 00:00:00-04:00,142.38999938964844,142.52999877929688,141.47999572753906,141.89999389648438,13884200,0.0,0.0,0.0
2011-04-14 00:00:00-04:00,142.35000610351562,143.8300018310547,142.22999572753906,143.80999755859375,14174100,0.0,0.0,0.0
2011-04-15 00:00:00-04:00,143.85000610351562,145.1199951171875,143.57000732421875,145.0500030517578,19121600,0.0,0.0,0.0
2011-04-18 00:00:00-04:00,145.2100067138672,146.07000732421875,144.6300048828125,145.92999267578125,17340100,0.0,0.0,0.0
2011-04-19 00:00:00-04:00,145.72999572753906,146.24000549316406,145.17999267578125,145.92999267578125,10950100,0.0,0.0,0.0
2011-04-20 00:00:00-04:00,146.3699951171875,146.83999633789062,145.74000549316406,146.5,13716800,0.0,0.0,0.0
2011-04-21 00:00:00-04:00,146.57000732421875,147.05999755859375,146.32000732421875,146.74000549316406,10109400,0.0,0.0,0.0
2011-04-25 00:00:00-04:00,147.57000732421875,147.5800018310547,146.4199981689453,146.8699951171875,15596400,0.0,0.0,0.0
2011-04-26 00:00:00-04:00,146.47000122070312,146.6199951171875,145.47999572753906,146.3800048828125,16200000,0.0,0.0,0.0
2011-04-27 00:00:00-04:00,147.3800048828125,149.2100067138672,146.52000427246094,149.1999969482422,21945900,0.0,0.0,0.0
2011-04-28 00:00:00-04:00,149.3000030517578,150.0,148.60000610351562,149.82000732421875,20754000,0.0,0.0,0.0
2011-04-29 00:00:00-04:00,149.89999389648438,153.02999877929688,149.75,152.3699951171875,27600000,0.0,0.0,0.0
2011-05-02 00:00:00-04:00,151.4600067138672,153.61000061035156,150.36000061035156,150.41000366210938,24094100,0.0,0.0,0.0
2011-05-03 00:00:00-04:00,150.42999267578125,150.97000122070312,148.85000610351562,149.8800048828125,24215600,0.0,0.0,0.0
2011-05-04 00:00:00-04:00,149.86000061035156,150.33999633789062,146.75999450683594,147.72999572753906,35107000,0.0,0.0,0.0
2011-05-05 00:00:00-04:00,146.82000732421875,147.5800018310547,142.5500030517578,143.47000122070312,51284000,0.0,0.0,0.0
2011-05-06 00:00:00-04:00,145.24000549316406,146.08999633789062,144.39999389648438,145.3000030517578,24182200,0.0,0.0,0.0
2011-05-09 00:00:00-04:00,146.6699981689453,147.5800018310547,146.33999633789062,147.3800048828125,13854800,0.0,0.0,0.0
2011-05-10 00:00:00-04:00,147.19000244140625,148.19000244140625,146.92999267578125,147.89999389648438,11285200,0.0,0.0,0.0
2011-05-11 00:00:00-04:00,147.24000549316406,147.35000610351562,145.77000427246094,146.5399932861328,21378300,0.0,0.0,0.0
2011-05-12 00:00:00-04:00,145.8800048828125,147.1199951171875,144.9600067138672,146.58999633789062,18730400,0.0,0.0,0.0
2011-05-13 00:00:00-04:00,146.72000122070312,147.27999877929688,144.49000549316406,145.6300048828125,17268700,0.0,0.0,0.0
2011-05-16 00:00:00-04:00,145.8800048828125,146.6699981689453,145.19000244140625,145.3699951171875,10066800,0.0,0.0,0.0
2011-05-17 00:00:00-04:00,144.22999572753906,144.77999877929688,143.4199981689453,144.74000549316406,17192100,0.0,0.0,0.0
2011-05-18 00:00:00-04:00,145.5500030517578,146.22000122070312,145.13999938964844,145.60000610351562,10502900,0.0,0.0,0.0
2011-05-19 00:00:00-04:00,145.1199951171875,145.85000610351562,144.86000061035156,145.64999389648438,8098100,0.0,0.0,0.0
2011-05-20 00:00:00-04:00,145.82000732421875,147.77999877929688,144.89999389648438,147.49000549316406,23187900,0.0,0.0,0.0
2011-05-23 00:00:00-04:00,147.0399932861328,147.9499969482422,146.97000122070312,147.8300018310547,15937600,0.0,0.0,0.0
2011-05-24 00:00:00-04:00,148.47999572753906,149.0500030517578,148.17999267578125,148.58999633789062,14948000,0.0,0.0,0.0
2011-05-25 00:00:00-04:00,148.72000122070312,149.3699951171875,148.52000427246094,148.5800018310547,10973800,0.0,0.0,0.0
2011-05-26 00:00:00-04:00,148.4499969482422,148.61000061035156,147.58999633789062,148.22000122070312,9785500,0.0,0.0,0.0
2011-05-27 00:00:00-04:00,149.02000427246094,149.9199981689453,148.9600067138672,149.6999969482422,10186200,0.0,0.0,0.0
2011-05-31 00:00:00-04:00,149.8800048828125,150.16000366210938,149.41000366210938,149.63999938964844,10499300,0.0,0.0,0.0
2011-06-01 00:00:00-04:00,149.66000366210938,151.1300048828125,149.42999267578125,149.91000366210938,18365400,0.0,0.0,0.0
2011-06-02 00:00:00-04:00,150.14999389648438,150.3800048828125,148.07000732421875,149.5,13552700,0.0,0.0,0.0
2011-06-03 00:00:00-04:00,150.27999877929688,150.66000366210938,149.6199951171875,150.22000122070312,12606400,0.0,0.0,0.0
2011-06-06 00:00:00-04:00,150.82000732421875,151.4499969482422,150.2100067138672,150.47999572753906,11472600,0.0,0.0,0.0
2011-06-07 00:00:00-04:00,150.6699981689453,150.85000610351562,149.67999267578125,150.4199981689453,10140500,0.0,0.0,0.0
2011-06-08 00:00:00-04:00,150.02000427246094,150.3800048828125,149.3000030517578,149.80999755859375,9612500,0.0,0.0,0.0
2011-06-09 00:00:00-04:00,150.00999450683594,151.02000427246094,149.75,150.55999755859375,7643200,0.0,0.0,0.0
2011-06-10 00:00:00-04:00,149.0399932861328,149.77999877929688,148.69000244140625,149.24000549316406,12344900,0.0,0.0,0.0
2011-06-13 00:00:00-04:00,148.66000366210938,149.0399932861328,147.19000244140625,147.77000427246094,12989300,0.0,0.0,0.0
2011-06-14 00:00:00-04:00,147.6999969482422,148.72999572753906,147.47999572753906,148.6699981689453,10938500,0.0,0.0,0.0
2011-06-15 00:00:00-04:00,148.16000366210938,149.5500030517578,147.9199981689453,149.1199951171875,14550700,0.0,0.0,0.0
2011-06-16 00:00:00-04:00,148.8300018310547,149.49000549316406,148.22000122070312,148.97000122070312,11035000,0.0,0.0,0.0
2011-06-17 00:00:00-04:00,148.8699951171875,150.2899932861328,148.8300018310547,149.94000244140625,19205100,0.0,0.0,0.0
2011-06-20 00:00:00-04:00,150.0800018310547,150.7899932861328,149.5800018310547,150.02999877929688,10463400,0.0,0.0,0.0
2011-06-21 00:00:00-04:00,150.25999450683594,150.8699951171875,150.17999267578125,150.75999450683594,12439200,0.0,0.0,0.0
2011-06-22 00:00:00-04:00,151.00999450683594,151.86000061035156,150.55999755859375,150.99000549316406,14109700,0.0,0.0,0.0
2011-06-23 00:00:00-04:00,148.6699981689453,148.83999633789062,147.25999450683594,148.33999633789062,24869600,0.0,0.0,0.0
2011-06-24 00:00:00-04:00,147.86000061035156,148.02000427246094,145.97000122070312,146.25999450683594,19301400,0.0,0.0,0.0
2011-06-27 00:00:00-04:00,145.92999267578125,146.39999389648438,145.1999969482422,145.72999572753906,11602500,0.0,0.0,0.0
2011-06-28 00:00:00-04:00,146.16000366210938,146.77000427246094,145.6699981689453,146.24000549316406,8813800,0.0,0.0,0.0
2011-06-29 00:00:00-04:00,146.77000427246094,147.4199981689453,146.44000244140625,147.17999267578125,12624600,0.0,0.0,0.0
2011-06-30 00:00:00-04:00,147.17999267578125,147.41000366210938,145.97999572753906,146.0,12657100,0.0,0.0,0.0
2011-07-01 00:00:00-04:00,144.75999450683594,145.07000732421875,143.97000122070312,144.92999267578125,16366500,0.0,0.0,0.0
2011-07-05 00:00:00-04:00,146.9600067138672,147.82000732421875,146.85000610351562,147.6300048828125,11278200,0.0,0.0,0.0
2011-07-06 00:00:00-04:00,148.6999969482422,149.44000244140625,148.5800018310547,148.91000366210938,14502500,0.0,0.0,0.0
2011-07-07 00:00:00-04:00,148.97000122070312,149.35000610351562,148.2899932861328,149.14999389648438,9520900,0.0,0.0,0.0
2011-07-08 00:00:00-04:00,150.32000732421875,150.5,149.99000549316406,150.25,13662300,0.0,0.0,0.0
2011-07-11 00:00:00-04:00,151.3300018310547,151.69000244140625,150.1999969482422,151.58999633789062,20447200,0.0,0.0,0.0
2011-07-12 00:00:00-04:00,151.24000549316406,153.32000732421875,150.77000427246094,152.77000427246094,24033700,0.0,0.0,0.0
2011-07-13 00:00:00-04:00,153.75999450683594,154.7100067138672,153.5800018310547,154.13999938964844,26351000,0.0,0.0,0.0
2011-07-14 00:00:00-04:00,154.80999755859375,155.24000549316406,153.9499969482422,154.5399932861328,17613600,0.0,0.0,0.0
2011-07-15 00:00:00-04:00,154.33999633789062,155.2899932861328,154.22000122070312,155.1999969482422,18448400,0.0,0.0,0.0
2011-07-18 00:00:00-04:00,155.75999450683594,156.5800018310547,155.6699981689453,156.57000732421875,17133400,0.0,0.0,0.0
2011-07-19 00:00:00-04:00,156.32000732421875,156.32000732421875,154.10000610351562,154.66000366210938,22871500,0.0,0.0,0.0
2011-07-20 00:00:00-04:00,154.22000122070312,156.02000427246094,154.11000061035156,156.02000427246094,14559300,0.0,0.0,0.0
2011-07-21 00:00:00-04:00,155.91000366210938,156.0399932861328,154.3300018310547,154.8300018310547,18422800,0.0,0.0,0.0
2011-07-22 00:00:00-04:00,156.0,156.55999755859375,155.67999267578125,156.1199951171875,11378700,0.0,0.0,0.0
2011-07-25 00:00:00-04:00,157.60000610351562,157.8000030517578,156.72000122070312,157.33999633789062,13036200,0.0,0.0,0.0
2011-07-26 00:00:00-04:00,156.97000122070312,157.7899932861328,156.60000610351562,157.77000427246094,11735500,0.0,0.0,0.0
2011-07-27 00:00:00-04:00,158.47000122070312,158.63999938964844,156.69000244140625,157.19000244140625,18296600,0.0,0.0,0.0
2011-07-28 00:00:00-04:00,157.5399932861328,157.60000610351562,156.11000061035156,157.32000732421875,11369100,0.0,0.0,0.0
2011-07-29 00:00:00-04:00,158.42999267578125,159.25,157.67999267578125,158.2899932861328,17122800,0.0,0.0,0.0
2011-08-01 00:00:00-04:00,157.47000122070312,158.97000122070312,156.77999877929688,157.72000122070312,14825700,0.0,0.0,0.0
2011-08-02 00:00:00-04:00,159.3300018310547,161.6199951171875,158.97000122070312,161.52000427246094,24284500,0.0,0.0,0.0
2011-08-03 00:00:00-04:00,162.36000061035156,162.86000061035156,161.33999633789062,161.49000549316406,27823700,0.0,0.0,0.0
2011-08-04 00:00:00-04:00,163.61000061035156,163.8699951171875,159.67999267578125,160.63999938964844,40380300,0.0,0.0,0.0
2011-08-05 00:00:00-04:00,161.63999938964844,162.3699951171875,160.47999572753906,161.75,24554700,0.0,0.0,0.0
2011-08-08 00:00:00-04:00,165.47999572753906,167.61000061035156,164.75999450683594,167.1199951171875,43002400,0.0,0.0,0.0
2011-08-09 00:00:00-04:00,169.92999267578125,173.14999389648438,167.47999572753906,168.61000061035156,55765800,0.0,0.0,0.0
2011-08-10 00:00:00-04:00,172.4600067138672,175.1300048828125,171.6199951171875,174.5800018310547,44797200,0.0,0.0,0.0
2011-08-11 00:00:00-04:00,172.27999877929688,172.33999633789062,168.64999389648438,170.75,49888300,0.0,0.0,0.0
2011-08-12 00:00:00-04:00,169.57000732421875,170.05999755859375,167.77000427246094,169.97000122070312,29220000,0.0,0.0,0.0
2011-08-15 00:00:00-04:00,169.32000732421875,171.91000366210938,168.9499969482422,171.8000030517578,17798000,0.0,0.0,0.0
2011-08-16 00:00:00-04:00,172.60000610351562,174.07000732421875,172.5,173.9199981689453,19658000,0.0,0.0,0.0
2011-08-17 00:00:00-04:00,173.8699951171875,174.67999267578125,173.25,174.4199981689453,16482000,0.0,0.0,0.0
2011-08-18 00:00:00-04:00,177.14999389648438,178.10000610351562,176.41000366210938,177.72000122070312,25512800,0.0,0.0,0.0
2011-08-19 00:00:00-04:00,181.63999938964844,181.6699981689453,178.91000366210938,179.9499969482422,34398100,0.0,0.0,0.0
2011-08-22 00:00:00-04:00,181.9499969482422,184.82000732421875,181.60000610351562,184.58999633789062,27482600,0.0,0.0,0.0
2011-08-23 00:00:00-04:00,182.24000549316406,183.82000732421875,177.5,177.6699981689453,55265400,0.0,0.0,0.0
2011-08-24 00:00:00-04:00,177.89999389648438,178.30999755859375,170.30999755859375,171.64999389648438,70700300,0.0,0.0,0.0
2011-08-25 00:00:00-04:00,167.0,172.80999755859375,165.8800048828125,172.36000061035156,43273700,0.0,0.0,0.0
2011-08-26 00:00:00-04:00,173.57000732421875,177.5500030517578,171.75,177.47000122070312,38673000,0.0,0.0,0.0
2011-08-29 00:00:00-04:00,175.9499969482422,176.00999450683594,172.8800048828125,173.88999938964844,25265500,0.0,0.0,0.0
2011-08-30 00:00:00-04:00,177.6999969482422,179.30999755859375,176.66000366210938,179.10000610351562,23441000,0.0,0.0,0.0
2011-08-31 00:00:00-04:00,177.72999572753906,179.16000366210938,176.3300018310547,177.72000122070312,16054400,0.0,0.0,0.0
2011-09-01 00:00:00-04:00,177.44000244140625,178.25999450683594,176.5500030517578,177.8699951171875,13895500,0.0,0.0,0.0
2011-09-02 00:00:00-04:00,182.82000732421875,183.50999450683594,182.10000610351562,183.24000549316406,19911200,0.0,0.0,0.0
2011-09-06 00:00:00-04:00,184.5800018310547,185.85000610351562,181.30999755859375,182.89999389648438,30254500,0.0,0.0,0.0
2011-09-07 00:00:00-04:00,176.19000244140625,178.08999633789062,174.4499969482422,177.0800018310547,30760000,0.0,0.0,0.0
2011-09-08 00:00:00-04:00,181.38999938964844,182.1199951171875,179.77000427246094,181.80999755859375,20741300,0.0,0.0,0.0
2011-09-09 00:00:00-04:00,179.75999450683594,181.9499969482422,179.1699981689453,180.6999969482422,25429600,0.0,0.0,0.0
2011-09-12 00:00:00-04:00,178.72999572753906,178.99000549316406,175.3300018310547,176.6699981689453,21812800,0.0,0.0,0.0
2011-09-13 00:00:00-04:00,177.52000427246094,179.5399932861328,176.2899932861328,178.5399932861328,17246400,0.0,0.0,0.0
2011-09-14 00:00:00-04:00,177.5500030517578,177.77999877929688,176.0500030517578,177.2100067138672,18122800,0.0,0.0,0.0
2011-09-15 00:00:00-04:00,174.61000061035156,174.85000610351562,172.55999755859375,174.39999389648438,20897000,0.0,0.0,0.0
2011-09-16 00:00:00-04:00,173.72000122070312,177.39999389648438,173.7100067138672,176.02999877929688,20693700,0.0,0.0,0.0
2011-09-19 00:00:00-04:00,176.8300018310547,176.86000061035156,172.1999969482422,173.30999755859375,18301100,0.0,0.0,0.0
2011-09-20 00:00:00-04:00,173.17999267578125,176.3699951171875,172.83999633789062,175.77999877929688,12667600,0.0,0.0,0.0
2011-09-21 00:00:00-04:00,174.7899932861328,176.72999572753906,173.13999938964844,173.58999633789062,16431300,0.0,0.0,0.0
2011-09-22 00:00:00-04:00,169.3000030517578,170.32000732421875,167.47999572753906,169.0500030517578,32476300,0.0,0.0,0.0
2011-09-23 00:00:00-04:00,164.50999450683594,165.72000122070312,158.5500030517578,159.8000030517578,52981400,0.0,0.0,0.0
2011-09-26 00:00:00-04:00,157.1199951171875,158.8000030517578,154.19000244140625,157.5800018310547,42373800,0.0,0.0,0.0
2011-09-27 00:00:00-04:00,161.61000061035156,162.2899932861328,159.91000366210938,160.6300048828125,25124200,0.0,0.0,0.0
2011-09-28 00:00:00-04:00,160.72999572753906,161.2899932861328,155.55999755859375,156.22000122070312,21776000,0.0,0.0,0.0
2011-09-29 00:00:00-04:00,158.1199951171875,158.1999969482422,156.13999938964844,157.6999969482422,17340800,0.0,0.0,0.0
2011-09-30 00:00:00-04:00,157.3000030517578,160.0,156.3300018310547,158.05999755859375,16770300,0.0,0.0,0.0
2011-10-03 00:00:00-04:00,161.08999633789062,161.55999755859375,159.92999267578125,160.9600067138672,14200400,0.0,0.0,0.0
2011-10-04 00:00:00-04:00,160.9499969482422,161.02999877929688,155.27000427246094,157.63999938964844,24000000,0.0,0.0,0.0
2011-10-05 00:00:00-04:00,158.00999450683594,160.32000732421875,156.44000244140625,159.4600067138672,15132300,0.0,0.0,0.0
2011-10-06 00:00:00-04:00,160.02000427246094,161.11000061035156,158.77000427246094,160.49000549316406,12389500,0.0,0.0,0.0
2011-10-07 00:00:00-04:00,161.02000427246094,161.5800018310547,158.22999572753906,159.17999267578125,12977400,0.0,0.0,0.0
2011-10-10 00:00:00-04:00,162.0500030517578,163.32000732421875,161.13999938964844,163.27000427246094,8984500,0.0,0.0,0.0
2011-10-11 00:00:00-04:00,162.2100067138672,162.50999450683594,161.2100067138672,162.10000610351562,8256900,0.0,0.0,0.0
2011-10-12 00:00:00-04:00,163.6999969482422,164.0,162.5,163.25999450683594,10867900,0.0,0.0,0.0
2011-10-13 00:00:00-04:00,162.3000030517578,162.47999572753906,160.82000732421875,162.3000030517578,8327900,0.0,0.0,0.0
2011-10-14 00:00:00-04:00,163.3300018310547,163.82000732421875,162.25,163.39999389648438,9737900,0.0,0.0,0.0
2011-10-17 00:00:00-04:00,164.0,164.16000366210938,161.9499969482422,162.6199951171875,8765700,0.0,0.0,0.0
2011-10-18 00:00:00-04:00,159.9600067138672,162.02999877929688,158.3000030517578,161.83999633789062,15390800,0.0,0.0,0.0
2011-10-19 00:00:00-04:00,161.08999633789062,161.42999267578125,159.5500030517578,159.8699951171875,8528700,0.0,0.0,0.0
2011-10-20 00:00:00-04:00,157.6199951171875,158.4199981689453,156.0500030517578,157.77000427246094,17367500,0.0,0.0,0.0
2011-10-21 00:00:00-04:00,159.99000549316406,160.4499969482422,158.94000244140625,159.52000427246094,13334500,0.0,0.0,0.0
2011-10-24 00:00:00-04:00,160.5500030517578,161.3300018310547,160.22000122070312,161.02000427246094,10199800,0.0,0.0,0.0
2011-10-25 00:00:00-04:00,161.24000549316406,166.33999633789062,160.41000366210938,165.58999633789062,22130800,0.0,0.0,0.0
2011-10-26 00:00:00-04:00,167.02999877929688,168.0500030517578,166.4199981689453,167.39999389648438,17116300,0.0,0.0,0.0
2011-10-27 00:00:00-04:00,167.58999633789062,170.2899932861328,166.64999389648438,169.5500030517578,15876900,0.0,0.0,0.0
2011-10-28 00:00:00-04:00,169.63999938964844,169.94000244140625,168.75,169.6199951171875,9362900,0.0,0.0,0.0
2011-10-31 00:00:00-04:00,167.75999450683594,168.16000366210938,166.91000366210938,167.33999633789062,8437200,0.0,0.0,0.0
2011-11-01 00:00:00-04:00,164.02999877929688,167.41000366210938,163.61000061035156,167.3800048828125,15335400,0.0,0.0,0.0
2011-11-02 00:00:00-04:00,168.58999633789062,169.74000549316406,167.3000030517578,169.05999755859375,14530500,0.0,0.0,0.0
2011-11-03 00:00:00-04:00,171.1699981689453,172.0399932861328,169.89999389648438,171.72000122070312,17610400,0.0,0.0,0.0
2011-11-04 00:00:00-04:00,171.02999877929688,171.33999633789062,170.16000366210938,170.85000610351562,11060400,0.0,0.0,0.0
2011-11-07 00:00:00-05:00,172.85000610351562,175.0,172.7100067138672,174.97999572753906,20131900,0.0,0.0,0.0
2011-11-08 00:00:00-05:00,174.35000610351562,175.4600067138672,172.89999389648438,173.52999877929688,16054200,0.0,0.0,0.0
2011-11-09 00:00:00-05:00,174.27999877929688,174.80999755859375,171.61000061035156,172.07000732421875,12313900,0.0,0.0,0.0
2011-11-10 00:00:00-05:00,172.42999267578125,172.58999633789062,168.8300018310547,171.13999938964844,11848700,0.0,0.0,0.0
2011-11-11 00:00:00-05:00,172.10000610351562,174.0500030517578,172.07000732421875,173.9600067138672,8727100,0.0,0.0,0.0
2011-11-14 00:00:00-05:00,173.74000549316406,173.86000061035156,172.58999633789062,173.1999969482422,5886400,0.0,0.0,0.0
2011-11-15 00:00:00-05:00,173.35000610351562,173.80999755859375,171.89999389648438,173.36000061035156,9167900,0.0,0.0,0.0
2011-11-16 00:00:00-05:00,171.6300048828125,172.9600067138672,170.57000732421875,171.50999450683594,15093300,0.0,0.0,0.0
2011-11-17 00:00:00-05:00,170.0399932861328,170.3000030517578,166.38999938964844,167.10000610351562,28468900,0.0,0.0,0.0
2011-11-18 00:00:00-05:00,167.22999572753906,168.69000244140625,166.60000610351562,167.6199951171875,14172900,0.0,0.0,0.0
2011-11-21 00:00:00-05:00,166.61000061035156,166.7100067138672,162.07000732421875,163.5,22030700,0.0,0.0,0.0
2011-11-22 00:00:00-05:00,164.74000549316406,165.9199981689453,164.61000061035156,165.30999755859375,12094400,0.0,0.0,0.0
2011-11-23 00:00:00-05:00,164.5500030517578,165.3699951171875,163.1199951171875,164.8300018310547,11483300,0.0,0.0,0.0
2011-11-25 00:00:00-05:00,163.3300018310547,165.1999969482422,163.2899932861328,163.39999389648438,6098000,0.0,0.0,0.0
2011-11-28 00:00:00-05:00,166.92999267578125,167.13999938964844,165.97999572753906,166.6300048828125,12004000,0.0,0.0,0.0
2011-11-29 00:00:00-05:00,166.39999389648438,167.3300018310547,166.0800018310547,166.8800048828125,9198900,0.0,0.0,0.0
2011-11-30 00:00:00-05:00,169.6999969482422,170.3000030517578,169.05999755859375,170.1300048828125,11821600,0.0,0.0,0.0
2011-12-01 00:00:00-05:00,169.85000610351562,170.57000732421875,168.58999633789062,169.6300048828125,11610300,0.0,0.0,0.0
2011-12-02 00:00:00-05:00,170.64999389648438,170.8000030517578,169.36000061035156,169.82000732421875,8433200,0.0,0.0,0.0
2011-12-05 00:00:00-05:00,169.05999755859375,169.9499969482422,167.05999755859375,167.32000732421875,10246700,0.0,0.0,0.0
2011-12-06 00:00:00-05:00,166.30999755859375,168.57000732421875,165.52999877929688,168.17999267578125,10381900,0.0,0.0,0.0
2011-12-07 00:00:00-05:00,168.7899932861328,169.52000427246094,167.75999450683594,169.39999389648438,10361300,0.0,0.0,0.0
2011-12-08 00:00:00-05:00,166.9600067138672,167.6300048828125,165.72999572753906,165.97999572753906,11734500,0.0,0.0,0.0
2011-12-09 00:00:00-05:00,166.42999267578125,167.33999633789062,166.1199951171875,166.39999389648438,8354000,0.0,0.0,0.0
2011-12-12 00:00:00-05:00,162.35000610351562,162.41000366210938,161.13999938964844,161.99000549316406,15339400,0.0,0.0,0.0
2011-12-13 00:00:00-05:00,161.86000061035156,163.19000244140625,157.75999450683594,158.4499969482422,25040400,0.0,0.0,0.0
2011-12-14 00:00:00-05:00,156.7899932861328,157.33999633789062,152.0500030517578,152.88999938964844,42334400,0.0,0.0,0.0
2011-12-15 00:00:00-05:00,154.74000549316406,154.9499969482422,151.7100067138672,152.3300018310547,21521900,0.0,0.0,0.0
2011-12-16 00:00:00-05:00,154.30999755859375,155.3699951171875,153.89999389648438,155.22999572753906,18124300,0.0,0.0,0.0
2011-12-19 00:00:00-05:00,155.47999572753906,155.86000061035156,154.36000061035156,154.8699951171875,12547200,0.0,0.0,0.0
2011-12-20 00:00:00-05:00,156.82000732421875,157.42999267578125,156.5800018310547,156.97999572753906,9136300,0.0,0.0,0.0
2011-12-21 00:00:00-05:00,156.97999572753906,157.52999877929688,156.1300048828125,157.16000366210938,11996100,0.0,0.0,0.0
2011-12-22 00:00:00-05:00,156.35000610351562,156.8000030517578,155.3300018310547,156.0399932861328,9888400,0.0,0.0,0.0
2011-12-23 00:00:00-05:00,156.35000610351562,156.49000549316406,155.82000732421875,156.30999755859375,3565100,0.0,0.0,0.0
2011-12-27 00:00:00-05:00,155.0800018310547,155.5500030517578,154.5399932861328,154.91000366210938,4918600,0.0,0.0,0.0
2011-12-28 00:00:00-05:00,154.0500030517578,154.25999450683594,150.66000366210938,151.02999877929688,16436100,0.0,0.0,0.0
2011-12-29 00:00:00-05:00,149.08999633789062,150.72000122070312,148.27000427246094,150.33999633789062,19812200,0.0,0.0,0.0
2011-12-30 00:00:00-05:00,152.13999938964844,153.75,151.7899932861328,151.99000549316406,10852700,0.0,0.0,0.0
2012-01-03 00:00:00-05:00,154.75999450683594,156.3000030517578,154.5500030517578,155.9199981689453,13385800,0.0,0.0,0.0
2012-01-04 00:00:00-05:00,155.42999267578125,157.3800048828125,155.33999633789062,156.7100067138672,11549700,0.0,0.0,0.0
2012-01-05 00:00:00-05:00,155.3699951171875,158.02999877929688,155.25,157.77999877929688,11621600,0.0,0.0,0.0
2012-01-06 00:00:00-05:00,158.58999633789062,158.6300048828125,156.3800048828125,157.1999969482422,9790500,0.0,0.0,0.0
2012-01-09 00:00:00-05:00,157.36000061035156,157.58999633789062,156.19000244140625,156.5,8771900,0.0,0.0,0.0
2012-01-10 00:00:00-05:00,158.97000122070312,159.47000122070312,158.47000122070312,158.63999938964844,8371400,0.0,0.0,0.0
2012-01-11 00:00:00-05:00,159.33999633789062,160.0500030517578,158.91000366210938,159.6699981689453,7968500,0.0,0.0,0.0
2012-01-12 00:00:00-05:00,161.02000427246094,161.6199951171875,159.8300018310547,160.3800048828125,8602500,0.0,0.0,0.0
2012-01-13 00:00:00-05:00,159.32000732421875,159.58999633789062,158.00999450683594,159.25999450683594,8910300,0.0,0.0,0.0
2012-01-17 00:00:00-05:00,161.1699981689453,161.64999389648438,160.4199981689453,160.5,8313300,0.0,0.0,0.0
2012-01-18 00:00:00-05:00,159.94000244140625,161.63999938964844,159.67999267578125,161.60000610351562,9341200,0.0,0.0,0.0
2012-01-19 00:00:00-05:00,160.9600067138672,161.4499969482422,160.3300018310547,161.22000122070312,8114200,0.0,0.0,0.0
2012-01-20 00:00:00-05:00,160.5,162.08999633789062,160.0,162.07000732421875,11616700,0.0,0.0,0.0
2012-01-23 00:00:00-05:00,162.32000732421875,163.47000122070312,162.32000732421875,163.16000366210938,8832100,0.0,0.0,0.0
2012-01-24 00:00:00-05:00,161.80999755859375,162.3699951171875,161.52999877929688,162.00999450683594,7502100,0.0,0.0,0.0
2012-01-25 00:00:00-05:00,161.07000732421875,166.5500030517578,160.2899932861328,166.4199981689453,28957700,0.0,0.0,0.0
2012-01-26 00:00:00-05:00,168.0500030517578,168.30999755859375,167.0500030517578,167.27000427246094,19143800,0.0,0.0,0.0
2012-01-27 00:00:00-05:00,167.44000244140625,169.0,167.41000366210938,168.97000122070312,13030100,0.0,0.0,0.0
2012-01-30 00:00:00-05:00,168.19000244140625,168.5399932861328,167.74000549316406,168.02999877929688,8438000,0.0,0.0,0.0
2012-01-31 00:00:00-05:00,169.77000427246094,169.86000061035156,167.72000122070312,169.30999755859375,11192500,0.0,0.0,0.0
2012-02-01 00:00:00-05:00,169.75,170.17999267578125,169.0800018310547,169.55999755859375,7734200,0.0,0.0,0.0
2012-02-02 00:00:00-05:00,169.9600067138672,171.22999572753906,169.67999267578125,171.0500030517578,11509600,0.0,0.0,0.0
2012-02-03 00:00:00-05:00,169.8800048828125,170.13999938964844,167.50999450683594,167.63999938964844,23355300,0.0,0.0,0.0
2012-02-06 00:00:00-05:00,166.9600067138672,167.67999267578125,166.61000061035156,167.17999267578125,8807400,0.0,0.0,0.0
2012-02-07 00:00:00-05:00,167.3800048828125,170.08999633789062,167.14999389648438,169.6999969482422,11614300,0.0,0.0,0.0
2012-02-08 00:00:00-05:00,169.25999450683594,169.9600067138672,167.5,168.5,10655500,0.0,0.0,0.0
2012-02-09 00:00:00-05:00,170.00999450683594,170.3699951171875,167.6699981689453,168.02000427246094,16085200,0.0,0.0,0.0
2012-02-10 00:00:00-05:00,166.49000549316406,167.63999938964844,166.3300018310547,167.13999938964844,10326800,0.0,0.0,0.0
2012-02-13 00:00:00-05:00,167.3300018310547,167.94000244140625,166.74000549316406,167.50999450683594,7088900,0.0,0.0,0.0
2012-02-14 00:00:00-05:00,167.64999389648438,167.92999267578125,166.4199981689453,167.1199951171875,7862500,0.0,0.0,0.0
2012-02-15 00:00:00-05:00,168.6300048828125,168.75,167.19000244140625,168.11000061035156,11638500,0.0,0.0,0.0
2012-02-16 00:00:00-05:00,166.3300018310547,168.13999938964844,166.1699981689453,168.0,10734000,0.0,0.0,0.0
2012-02-17 00:00:00-05:00,168.2899932861328,168.3300018310547,166.8699951171875,167.35000610351562,7286900,0.0,0.0,0.0
2012-02-21 00:00:00-05:00,169.64999389648438,171.07000732421875,169.58999633789062,171.02000427246094,13611200,0.0,0.0,0.0
2012-02-22 00:00:00-05:00,170.39999389648438,173.1699981689453,170.19000244140625,172.94000244140625,16676500,0.0,0.0,0.0
2012-02-23 00:00:00-05:00,172.69000244140625,173.77000427246094,172.27999877929688,173.02000427246094,11654200,0.0,0.0,0.0
2012-02-24 00:00:00-05:00,172.6300048828125,173.0399932861328,172.0,172.22999572753906,9293700,0.0,0.0,0.0
2012-02-27 00:00:00-05:00,172.13999938964844,172.9199981689453,171.5800018310547,171.6999969482422,7340900,0.0,0.0,0.0
2012-02-28 00:00:00-05:00,172.83999633789062,174.0,172.60000610351562,173.49000549316406,12413000,0.0,0.0,0.0
2012-02-29 00:00:00-05:00,173.19000244140625,173.58999633789062,164.0,164.2899932861328,44149000,0.0,0.0,0.0
2012-03-01 00:00:00-05:00,166.10000610351562,167.72000122070312,165.75,166.61000061035156,19200700,0.0,0.0,0.0
2012-03-02 00:00:00-05:00,166.22999572753906,166.8300018310547,165.6300048828125,166.33999633789062,9298100,0.0,0.0,0.0
2012-03-05 00:00:00-05:00,165.77000427246094,165.91000366210938,164.5500030517578,165.64999389648438,12071400,0.0,0.0,0.0
2012-03-06 00:00:00-05:00,162.14999389648438,162.80999755859375,161.77999877929688,162.6999969482422,15533200,0.0,0.0,0.0
2012-03-07 00:00:00-05:00,162.75999450683594,164.02000427246094,162.50999450683594,163.6300048828125,9553300,0.0,0.0,0.0
2012-03-08 00:00:00-05:00,164.74000549316406,165.5500030517578,164.0500030517578,165.27999877929688,8858200,0.0,0.0,0.0
2012-03-09 00:00:00-05:00,163.63999938964844,166.57000732421875,163.25,166.3800048828125,13698200,0.0,0.0,0.0
2012-03-12 00:00:00-04:00,165.3300018310547,165.5800018310547,164.39999389648438,165.07000732421875,6523800,0.0,0.0,0.0
2012-03-13 00:00:00-04:00,163.94000244140625,165.41000366210938,161.42999267578125,162.3000030517578,20047000,0.0,0.0,0.0
2012-03-14 00:00:00-04:00,159.61000061035156,160.5800018310547,158.8000030517578,159.57000732421875,28822100,0.0,0.0,0.0
2012-03-15 00:00:00-04:00,159.72999572753906,161.97999572753906,159.27999877929688,161.0800018310547,12689300,0.0,0.0,0.0
2012-03-16 00:00:00-04:00,160.0800018310547,161.5399932861328,159.9199981689453,161.3000030517578,12549200,0.0,0.0,0.0
2012-03-19 00:00:00-04:00,160.85000610351562,162.3000030517578,160.72000122070312,161.58999633789062,9920800,0.0,0.0,0.0
2012-03-20 00:00:00-04:00,160.1999969482422,161.0800018310547,159.77000427246094,160.1300048828125,11643700,0.0,0.0,0.0
2012-03-21 00:00:00-04:00,160.6300048828125,161.47999572753906,160.14999389648438,160.2100067138672,6672700,0.0,0.0,0.0
2012-03-22 00:00:00-04:00,158.1999969482422,159.7100067138672,158.1300048828125,159.57000732421875,11107700,0.0,0.0,0.0
2012-03-23 00:00:00-04:00,160.8800048828125,161.8800048828125,160.52000427246094,161.52999877929688,10689000,0.0,0.0,0.0
2012-03-26 00:00:00-04:00,163.1699981689453,164.5399932861328,162.9499969482422,164.39999389648438,13226700,0.0,0.0,0.0
2012-03-27 00:00:00-04:00,164.52000427246094,164.88999938964844,163.1300048828125,163.24000549316406,10908700,0.0,0.0,0.0
2012-03-28 00:00:00-04:00,162.7100067138672,162.97999572753906,160.66000366210938,161.50999450683594,11008200,0.0,0.0,0.0
2012-03-29 00:00:00-04:00,161.13999938964844,161.4600067138672,159.80999755859375,161.27999877929688,11026900,0.0,0.0,0.0
2012-03-30 00:00:00-04:00,161.6699981689453,162.3300018310547,161.22000122070312,162.1199951171875,7534000,0.0,0.0,0.0
2012-04-02 00:00:00-04:00,161.9600067138672,163.55999755859375,161.80999755859375,162.94000244140625,7541700,0.0,0.0,0.0
2012-04-03 00:00:00-04:00,163.22999572753906,163.22999572753906,159.1699981689453,159.88999938964844,16822300,0.0,0.0,0.0
2012-04-04 00:00:00-04:00,157.6999969482422,158.02999877929688,156.5800018310547,157.2100067138672,15975600,0.0,0.0,0.0
2012-04-05 00:00:00-04:00,157.8699951171875,158.67999267578125,157.77999877929688,158.30999755859375,8967700,0.0,0.0,0.0
2012-04-09 00:00:00-04:00,159.72000122070312,160.00999450683594,158.91000366210938,159.3699951171875,8245800,0.0,0.0,0.0
2012-04-10 00:00:00-04:00,159.66000366210938,161.5800018310547,158.47000122070312,161.10000610351562,14288500,0.0,0.0,0.0
2012-04-11 00:00:00-04:00,161.1999969482422,161.5399932861328,160.74000549316406,161.07000732421875,10005400,0.0,0.0,0.0
2012-04-12 00:00:00-04:00,160.74000549316406,163.1999969482422,160.4600067138672,162.6999969482422,9229900,0.0,0.0,0.0
2012-04-13 00:00:00-04:00,162.4499969482422,162.4600067138672,160.1699981689453,160.85000610351562,10041000,0.0,0.0,0.0
2012-04-16 00:00:00-04:00,160.50999450683594,161.17999267578125,159.52999877929688,160.4600067138672,6670500,0.0,0.0,0.0
2012-04-17 00:00:00-04:00,160.5399932861328,160.9600067138672,158.75,160.25,7587100,0.0,0.0,0.0
2012-04-18 00:00:00-04:00,159.49000549316406,160.1199951171875,159.07000732421875,159.30999755859375,7463000,0.0,0.0,0.0
2012-04-19 00:00:00-04:00,160.0,160.63999938964844,159.02000427246094,159.42999267578125,9914400,0.0,0.0,0.0
2012-04-20 00:00:00-04:00,159.25,159.91000366210938,159.1999969482422,159.5399932861328,9148800,0.0,0.0,0.0
2012-04-23 00:00:00-04:00,158.1999969482422,159.17999267578125,157.8800048828125,159.07000732421875,8876800,0.0,0.0,0.0
2012-04-24 00:00:00-04:00,159.6300048828125,160.17999267578125,159.2899932861328,159.3000030517578,5200600,0.0,0.0,0.0
2012-04-25 00:00:00-04:00,159.47999572753906,159.9600067138672,157.75999450683594,159.6199951171875,15093700,0.0,0.0,0.0
2012-04-26 00:00:00-04:00,160.4600067138672,161.3800048828125,160.10000610351562,161.02999877929688,10918700,0.0,0.0,0.0
2012-04-27 00:00:00-04:00,161.77999877929688,161.97000122070312,161.14999389648438,161.3800048828125,8906600,0.0,0.0,0.0
2012-04-30 00:00:00-04:00,160.49000549316406,161.8800048828125,160.30999755859375,161.8800048828125,8007300,0.0,0.0,0.0
2012-05-01 00:00:00-04:00,162.08999633789062,162.17999267578125,160.88999938964844,161.32000732421875,7414800,0.0,0.0,0.0
2012-05-02 00:00:00-04:00,160.74000549316406,160.77999877929688,159.75999450683594,160.58999633789062,5632300,0.0,0.0,0.0
2012-05-03 00:00:00-04:00,159.16000366210938,159.47999572753906,158.3699951171875,158.97000122070312,13172000,0.0,0.0,0.0
2012-05-04 00:00:00-04:00,158.82000732421875,159.97999572753906,158.57000732421875,159.47000122070312,11389600,0.0,0.0,0.0
2012-05-07 00:00:00-04:00,159.30999755859375,159.33999633789062,158.4499969482422,159.0800018310547,4927800,0.0,0.0,0.0
2012-05-08 00:00:00-04:00,156.61000061035156,156.72999572753906,154.9199981689453,156.0,17852300,0.0,0.0,0.0
2012-05-09 00:00:00-04:00,154.10000610351562,154.97999572753906,153.60000610351562,154.47000122070312,13864000,0.0,0.0,0.0
2012-05-10 00:00:00-04:00,155.16000366210938,155.57000732421875,154.63999938964844,154.77000427246094,7460100,0.0,0.0,0.0
2012-05-11 00:00:00-04:00,153.44000244140625,154.47000122070312,153.24000549316406,153.55999755859375,8285600,0.0,0.0,0.0
2012-05-14 00:00:00-04:00,151.5800018310547,152.02999877929688,151.0,151.3300018310547,13388200,0.0,0.0,0.0
2012-05-15 00:00:00-04:00,151.16000366210938,151.44000244140625,149.6300048828125,149.74000549316406,13354500,0.0,0.0,0.0
2012-05-16 00:00:00-04:00,149.47999572753906,150.6999969482422,148.60000610351562,149.4600067138672,16750700,0.0,0.0,0.0
2012-05-17 00:00:00-04:00,150.8300018310547,153.39999389648438,150.3800048828125,152.8000030517578,18080700,0.0,0.0,0.0
2012-05-18 00:00:00-04:00,154.4600067138672,155.1300048828125,153.97000122070312,154.5500030517578,12994200,0.0,0.0,0.0
2012-05-21 00:00:00-04:00,154.11000061035156,154.9499969482422,153.86000061035156,154.64999389648438,7542400,0.0,0.0,0.0
2012-05-22 00:00:00-04:00,153.58999633789062,154.4199981689453,151.5500030517578,152.0800018310547,11302700,0.0,0.0,0.0
2012-05-23 00:00:00-04:00,151.5,151.83999633789062,148.83999633789062,151.6199951171875,18854500,0.0,0.0,0.0
2012-05-24 00:00:00-04:00,152.7100067138672,152.91000366210938,150.6199951171875,151.41000366210938,9697100,0.0,0.0,0.0
2012-05-25 00:00:00-04:00,151.88999938964844,152.85000610351562,151.6300048828125,152.67999267578125,6212900,0.0,0.0,0.0
2012-05-29 00:00:00-04:00,153.47000122070312,153.6199951171875,150.25,151.02000427246094,11243100,0.0,0.0,0.0
2012-05-30 00:00:00-04:00,149.74000549316406,152.3800048828125,148.52999877929688,151.91000366210938,16764800,0.0,0.0,0.0
2012-05-31 00:00:00-04:00,152.02999877929688,152.7100067138672,150.6199951171875,151.6199951171875,10114300,0.0,0.0,0.0
2012-06-01 00:00:00-04:00,155.41000366210938,158.30999755859375,154.8699951171875,157.5,27399400,0.0,0.0,0.0
2012-06-04 00:00:00-04:00,157.25999450683594,157.44000244140625,156.16000366210938,157.32000732421875,11462100,0.0,0.0,0.0
2012-06-05 00:00:00-04:00,156.9199981689453,157.27000427246094,156.4199981689453,157.13999938964844,8095300,0.0,0.0,0.0
2012-06-06 00:00:00-04:00,158.89999389648438,159.1999969482422,156.58999633789062,157.2100067138672,15771600,0.0,0.0,0.0
2012-06-07 00:00:00-04:00,157.82000732421875,157.83999633789062,153.19000244140625,154.5,18921600,0.0,0.0,0.0
2012-06-08 00:00:00-04:00,153.02000427246094,154.8300018310547,153.0,154.72999572753906,11074800,0.0,0.0,0.0
2012-06-11 00:00:00-04:00,154.8300018310547,155.39999389648438,153.5500030517578,155.36000061035156,9166600,0.0,0.0,0.0
2012-06-12 00:00:00-04:00,155.49000549316406,157.0399932861328,155.4499969482422,156.4600067138672,13241100,0.0,0.0,0.0
2012-06-13 00:00:00-04:00,157.61000061035156,157.64999389648438,156.4199981689453,157.1199951171875,10109800,0.0,0.0,0.0
2012-06-14 00:00:00-04:00,157.63999938964844,157.94000244140625,156.24000549316406,157.75,11502400,0.0,0.0,0.0
2012-06-15 00:00:00-04:00,157.75,158.4600067138672,157.4199981689453,157.83999633789062,13099300,0.0,0.0,0.0
2012-06-18 00:00:00-04:00,157.4600067138672,158.2100067138672,156.5399932861328,157.92999267578125,6733000,0.0,0.0,0.0
2012-06-19 00:00:00-04:00,158.0,158.13999938964844,156.97000122070312,157.16000366210938,6945900,0.0,0.0,0.0
2012-06-20 00:00:00-04:00,156.0,157.3699951171875,154.25999450683594,155.97000122070312,16970200,0.0,0.0,0.0
2012-06-21 00:00:00-04:00,153.72999572753906,154.22999572753906,151.8000030517578,152.02000427246094,14447500,0.0,0.0,0.0
2012-06-22 00:00:00-04:00,152.0399932861328,152.6999969482422,151.2100067138672,152.63999938964844,6755200,0.0,0.0,0.0
2012-06-25 00:00:00-04:00,152.5800018310547,154.16000366210938,152.25,153.75999450683594,6183600,0.0,0.0,0.0
2012-06-26 00:00:00-04:00,153.02999877929688,153.3000030517578,152.1300048828125,152.6199951171875,6123400,0.0,0.0,0.0
2012-06-27 00:00:00-04:00,153.3000030517578,153.4499969482422,152.14999389648438,152.8300018310547,4840700,0.0,0.0,0.0
2012-06-28 00:00:00-04:00,151.89999389648438,152.16000366210938,150.14999389648438,151.0500030517578,8755600,0.0,0.0,0.0
2012-06-29 00:00:00-04:00,155.1300048828125,155.9499969482422,154.52000427246094,155.19000244140625,10378200,0.0,0.0,0.0
2012-07-02 00:00:00-04:00,154.6699981689453,155.5500030517578,154.33999633789062,155.08999633789062,3654200,0.0,0.0,0.0
2012-07-03 00:00:00-04:00,156.97000122070312,157.72000122070312,156.77000427246094,157.4600067138672,5037700,0.0,0.0,0.0
2012-07-05 00:00:00-04:00,155.44000244140625,156.39999389648438,154.4499969482422,155.67999267578125,5359900,0.0,0.0,0.0
2012-07-06 00:00:00-04:00,154.22999572753906,154.49000549316406,152.9499969482422,153.7100067138672,7045700,0.0,0.0,0.0
2012-07-09 00:00:00-04:00,153.61000061035156,154.5800018310547,153.42999267578125,154.0399932861328,4468500,0.0,0.0,0.0
2012-07-10 00:00:00-04:00,155.1300048828125,155.17999267578125,151.77999877929688,152.14999389648438,9747900,0.0,0.0,0.0
2012-07-11 00:00:00-04:00,152.5800018310547,153.4499969482422,152.02000427246094,152.99000549316406,6838500,0.0,0.0,0.0
2012-07-12 00:00:00-04:00,151.25999450683594,153.07000732421875,150.85000610351562,152.58999633789062,11394800,0.0,0.0,0.0
2012-07-13 00:00:00-04:00,153.4499969482422,154.94000244140625,153.44000244140625,154.13999938964844,5080300,0.0,0.0,0.0
2012-07-16 00:00:00-04:00,154.42999267578125,154.75,153.97999572753906,154.2100067138672,5710900,0.0,0.0,0.0
2012-07-17 00:00:00-04:00,154.00999450683594,154.5,152.4499969482422,153.47000122070312,13021800,0.0,0.0,0.0
2012-07-18 00:00:00-04:00,152.6699981689453,153.60000610351562,152.39999389648438,153.0500030517578,6807600,0.0,0.0,0.0
2012-07-19 00:00:00-04:00,153.72999572753906,154.32000732421875,152.92999267578125,153.3800048828125,6070000,0.0,0.0,0.0
2012-07-20 00:00:00-04:00,152.97000122070312,154.0,152.75,153.6699981689453,8583800,0.0,0.0,0.0
2012-07-23 00:00:00-04:00,152.5,153.3300018310547,152.2899932861328,153.02999877929688,5256700,0.0,0.0,0.0
2012-07-24 00:00:00-04:00,153.6300048828125,153.8000030517578,152.1999969482422,153.52000427246094,6538900,0.0,0.0,0.0
2012-07-25 00:00:00-04:00,155.3300018310547,156.2899932861328,155.0500030517578,155.6699981689453,9355900,0.0,0.0,0.0
2012-07-26 00:00:00-04:00,156.6999969482422,157.25999450683594,156.0500030517578,156.77000427246094,7343500,0.0,0.0,0.0
2012-07-27 00:00:00-04:00,157.63999938964844,157.9600067138672,156.66000366210938,157.5399932861328,9772600,0.0,0.0,0.0
2012-07-30 00:00:00-04:00,156.83999633789062,157.66000366210938,154.80999755859375,157.42999267578125,7212100,0.0,0.0,0.0
2012-07-31 00:00:00-04:00,157.60000610351562,157.72000122070312,156.25999450683594,156.49000549316406,10919700,0.0,0.0,0.0
2012-08-01 00:00:00-04:00,155.17999267578125,155.7899932861328,154.41000366210938,155.13999938964844,12714500,0.0,0.0,0.0
2012-08-02 00:00:00-04:00,154.66000366210938,155.13999938964844,153.61000061035156,154.1300048828125,11538800,0.0,0.0,0.0
2012-08-03 00:00:00-04:00,154.64999389648438,155.88999938964844,154.4199981689453,155.5500030517578,10670700,0.0,0.0,0.0
2012-08-06 00:00:00-04:00,155.9199981689453,156.72999572753906,155.74000549316406,156.3000030517578,4610800,0.0,0.0,0.0
2012-08-07 00:00:00-04:00,156.3699951171875,156.6300048828125,156.00999450683594,156.27999877929688,5923300,0.0,0.0,0.0
2012-08-08 00:00:00-04:00,156.49000549316406,156.86000061035156,156.25999450683594,156.47999572753906,3620500,0.0,0.0,0.0
2012-08-09 00:00:00-04:00,156.36000061035156,157.0,156.27999877929688,156.99000549316406,3177800,0.0,0.0,0.0
2012-08-10 00:00:00-04:00,156.89999389648438,157.82000732421875,156.64999389648438,157.17999267578125,4608000,0.0,0.0,0.0
2012-08-13 00:00:00-04:00,157.0500030517578,157.4499969482422,155.89999389648438,155.99000549316406,4573300,0.0,0.0,0.0
2012-08-14 00:00:00-04:00,155.05999755859375,155.5800018310547,154.8300018310547,155.1300048828125,5075200,0.0,0.0,0.0
2012-08-15 00:00:00-04:00,155.32000732421875,155.82000732421875,155.27000427246094,155.6300048828125,4993900,0.0,0.0,0.0
2012-08-16 00:00:00-04:00,155.85000610351562,157.08999633789062,155.5,156.55999755859375,8838300,0.0,0.0,0.0
2012-08-17 00:00:00-04:00,157.05999755859375,157.07000732421875,156.22000122070312,156.72000122070312,7812100,0.0,0.0,0.0
2012-08-20 00:00:00-04:00,156.52000427246094,157.39999389648438,156.47000122070312,157.25999450683594,7846200,0.0,0.0,0.0
2012-08-21 00:00:00-04:00,158.80999755859375,159.1999969482422,158.69000244140625,158.8300018310547,11833100,0.0,0.0,0.0
2012-08-22 00:00:00-04:00,159.19000244140625,160.6300048828125,158.50999450683594,160.5399932861328,13605900,0.0,0.0,0.0
2012-08-23 00:00:00-04:00,161.41000366210938,162.4499969482422,161.22999572753906,161.88999938964844,17237600,0.0,0.0,0.0
2012-08-24 00:00:00-04:00,161.8699951171875,162.35000610351562,161.3300018310547,161.97000122070312,8497200,0.0,0.0,0.0
2012-08-27 00:00:00-04:00,161.77000427246094,162.2899932861328,161.33999633789062,161.36000061035156,5380200,0.0,0.0,0.0
2012-08-28 00:00:00-04:00,161.6300048828125,162.19000244140625,161.3000030517578,161.63999938964844,5074200,0.0,0.0,0.0
2012-08-29 00:00:00-04:00,161.60000610351562,161.67999267578125,160.17999267578125,160.58999633789062,9287700,0.0,0.0,0.0
2012-08-30 00:00:00-04:00,161.25999450683594,161.30999755859375,160.00999450683594,160.52000427246094,5813700,0.0,0.0,0.0
2012-08-31 00:00:00-04:00,161.13999938964844,164.22000122070312,159.55999755859375,164.22000122070312,18024200,0.0,0.0,0.0
2012-09-04 00:00:00-04:00,164.11000061035156,164.77000427246094,163.66000366210938,164.47999572753906,12034800,0.0,0.0,0.0
2012-09-05 00:00:00-04:00,164.1199951171875,164.38999938964844,163.80999755859375,164.30999755859375,8401900,0.0,0.0,0.0
2012-09-06 00:00:00-04:00,165.16000366210938,165.77999877929688,164.8000030517578,164.88999938964844,12961100,0.0,0.0,0.0
2012-09-07 00:00:00-04:00,167.77000427246094,169.0,167.3699951171875,168.44000244140625,19138600,0.0,0.0,0.0
2012-09-10 00:00:00-04:00,167.83999633789062,168.13999938964844,167.22999572753906,167.2899932861328,7760600,0.0,0.0,0.0
2012-09-11 00:00:00-04:00,168.22000122070312,168.52999877929688,167.7899932861328,167.89999389648438,7522900,0.0,0.0,0.0
2012-09-12 00:00:00-04:00,168.83999633789062,168.8699951171875,167.25,167.9199981689453,9945400,0.0,0.0,0.0
2012-09-13 00:00:00-04:00,167.8699951171875,171.91000366210938,166.3000030517578,171.30999755859375,28336900,0.0,0.0,0.0
2012-09-14 00:00:00-04:00,171.88999938964844,172.22999572753906,171.30999755859375,171.8000030517578,16847500,0.0,0.0,0.0
2012-09-17 00:00:00-04:00,171.77000427246094,171.9600067138672,170.05999755859375,170.39999389648438,11281600,0.0,0.0,0.0
2012-09-18 00:00:00-04:00,170.80999755859375,171.9499969482422,170.6699981689453,171.72000122070312,12486600,0.0,0.0,0.0
2012-09-19 00:00:00-04:00,171.8800048828125,172.02999877929688,171.19000244140625,171.74000549316406,9125800,0.0,0.0,0.0
2012-09-20 00:00:00-04:00,171.02999877929688,171.69000244140625,170.22999572753906,171.47000122070312,8703000,0.0,0.0,0.0
2012-09-21 00:00:00-04:00,172.92999267578125,173.17999267578125,171.5399932861328,171.9600067138672,13361300,0.0,0.0,0.0
2012-09-24 00:00:00-04:00,170.6300048828125,171.38999938964844,170.57000732421875,171.0500030517578,9177900,0.0,0.0,0.0
2012-09-25 00:00:00-04:00,171.75999450683594,172.11000061035156,170.5,170.77000427246094,10365300,0.0,0.0,0.0
2012-09-26 00:00:00-04:00,169.4600067138672,170.0500030517578,168.33999633789062,169.80999755859375,12064800,0.0,0.0,0.0
2012-09-27 00:00:00-04:00,171.02000427246094,172.60000610351562,170.75999450683594,172.33999633789062,10539500,0.0,0.0,0.0
2012-09-28 00:00:00-04:00,172.02999877929688,172.47999572753906,171.33999633789062,171.88999938964844,9681200,0.0,0.0,0.0
2012-10-01 00:00:00-04:00,172.8300018310547,173.6199951171875,171.77000427246094,172.2899932861328,10676400,0.0,0.0,0.0
2012-10-02 00:00:00-04:00,172.47000122070312,172.6999969482422,171.58999633789062,172.10000610351562,7053900,0.0,0.0,0.0
2012-10-03 00:00:00-04:00,172.50999450683594,172.61000061035156,171.88999938964844,172.41000366210938,5647600,0.0,0.0,0.0
2012-10-04 00:00:00-04:00,173.1999969482422,174.07000732421875,172.9199981689453,173.61000061035156,10376800,0.0,0.0,0.0
2012-10-05 00:00:00-04:00,172.8699951171875,173.3699951171875,172.00999450683594,172.6199951171875,8871000,0.0,0.0,0.0
2012-10-08 00:00:00-04:00,171.75,172.27999877929688,171.67999267578125,172.0500030517578,3749300,0.0,0.0,0.0
2012-10-09 00:00:00-04:00,171.86000061035156,172.1699981689453,170.55999755859375,170.99000549316406,7750700,0.0,0.0,0.0
2012-10-10 00:00:00-04:00,170.5399932861328,171.33999633789062,170.3000030517578,170.83999633789062,7361300,0.0,0.0,0.0
2012-10-11 00:00:00-04:00,171.3000030517578,171.9499969482422,171.1300048828125,171.32000732421875,5714900,0.0,0.0,0.0
2012-10-12 00:00:00-04:00,171.14999389648438,171.41000366210938,169.80999755859375,170.05999755859375,8266000,0.0,0.0,0.0
2012-10-15 00:00:00-04:00,169.00999450683594,169.10000610351562,167.52999877929688,168.35000610351562,10704900,0.0,0.0,0.0
2012-10-16 00:00:00-04:00,168.8699951171875,169.4499969482422,168.6699981689453,169.4199981689453,6204000,0.0,0.0,0.0
2012-10-17 00:00:00-04:00,169.2100067138672,169.9499969482422,168.9199981689453,169.5399932861328,5203400,0.0,0.0,0.0
2012-10-18 00:00:00-04:00,168.8000030517578,169.30999755859375,168.58999633789062,168.7899932861328,6607100,0.0,0.0,0.0
2012-10-19 00:00:00-04:00,168.4199981689453,168.4499969482422,166.22999572753906,166.97000122070312,13860400,0.0,0.0,0.0
2012-10-22 00:00:00-04:00,167.0800018310547,167.6300048828125,167.02999877929688,167.5800018310547,6366200,0.0,0.0,0.0
2012-10-23 00:00:00-04:00,166.0399932861328,166.05999755859375,165.1199951171875,165.42999267578125,11892500,0.0,0.0,0.0
2012-10-24 00:00:00-04:00,165.77999877929688,165.8300018310547,164.60000610351562,164.86000061035156,10794600,0.0,0.0,0.0
2012-10-25 00:00:00-04:00,166.2899932861328,166.52999877929688,165.77000427246094,166.02000427246094,7013800,0.0,0.0,0.0
2012-10-26 00:00:00-04:00,166.22999572753906,166.60000610351562,165.77000427246094,165.92999267578125,6441300,0.0,0.0,0.0
2012-10-31 00:00:00-04:00,166.47000122070312,167.27999877929688,166.3800048828125,166.8300018310547,4681500,0.0,0.0,0.0
2012-11-01 00:00:00-04:00,167.02000427246094,167.0399932861328,166.0399932861328,166.07000732421875,6018000,0.0,0.0,0.0
2012-11-02 00:00:00-04:00,164.4499969482422,164.47000122070312,162.3000030517578,162.60000610351562,14763100,0.0,0.0,0.0
2012-11-05 00:00:00-05:00,163.1199951171875,163.4199981689453,162.80999755859375,163.22999572753906,6156200,0.0,0.0,0.0
2012-11-06 00:00:00-05:00,163.91000366210938,166.77000427246094,163.61000061035156,166.3000030517578,16051800,0.0,0.0,0.0
2012-11-07 00:00:00-05:00,166.8699951171875,167.1300048828125,165.0399932861328,166.49000549316406,13195200,0.0,0.0,0.0
2012-11-08 00:00:00-05:00,166.13999938964844,168.16000366210938,166.1199951171875,167.99000549316406,8829000,0.0,0.0,0.0
2012-11-09 00:00:00-05:00,168.2100067138672,168.5399932861328,167.5500030517578,167.82000732421875,7361000,0.0,0.0,0.0
2012-11-12 00:00:00-05:00,168.10000610351562,168.27999877929688,167.2100067138672,167.4499969482422,5647600,0.0,0.0,0.0
2012-11-13 00:00:00-05:00,166.66000366210938,167.94000244140625,166.6300048828125,167.10000610351562,6463300,0.0,0.0,0.0
2012-11-14 00:00:00-05:00,167.4600067138672,168.0399932861328,166.77999877929688,167.13999938964844,8510500,0.0,0.0,0.0
2012-11-15 00:00:00-05:00,167.0,167.0500030517578,165.17999267578125,166.08999633789062,10023200,0.0,0.0,0.0
2012-11-16 00:00:00-05:00,165.74000549316406,166.36000061035156,165.47000122070312,165.8800048828125,6944000,0.0,0.0,0.0
2012-11-19 00:00:00-05:00,167.75,168.16000366210938,167.3800048828125,167.8699951171875,6764500,0.0,0.0,0.0
2012-11-20 00:00:00-05:00,167.75,168.02000427246094,166.83999633789062,167.38999938964844,5496100,0.0,0.0,0.0
2012-11-21 00:00:00-05:00,167.19000244140625,167.82000732421875,166.97000122070312,167.55999755859375,3810700,0.0,0.0,0.0
2012-11-23 00:00:00-05:00,167.97000122070312,170.00999450683594,167.8000030517578,169.61000061035156,6110100,0.0,0.0,0.0
2012-11-26 00:00:00-05:00,169.55999755859375,169.72999572753906,169.25,169.42999267578125,5377700,0.0,0.0,0.0
2012-11-27 00:00:00-05:00,169.13999938964844,169.39999389648438,168.6199951171875,168.7100067138672,7314400,0.0,0.0,0.0
2012-11-28 00:00:00-05:00,165.42999267578125,166.83999633789062,165.3800048828125,166.5500030517578,12880100,0.0,0.0,0.0
2012-11-29 00:00:00-05:00,167.13999938964844,167.5,166.85000610351562,167.17999267578125,7446800,0.0,0.0,0.0
2012-11-30 00:00:00-05:00,166.94000244140625,167.22000122070312,165.52999877929688,166.0500030517578,8412300,0.0,0.0,0.0
2012-12-03 00:00:00-05:00,166.11000061035156,166.9199981689453,166.0399932861328,166.1300048828125,6363400,0.0,0.0,0.0
2012-12-04 00:00:00-05:00,164.05999755859375,164.8300018310547,163.8699951171875,164.4199981689453,10208900,0.0,0.0,0.0
2012-12-05 00:00:00-05:00,164.22000122070312,164.5,163.1999969482422,164.1199951171875,10646800,0.0,0.0,0.0
2012-12-06 00:00:00-05:00,163.72000122070312,165.0,163.52999877929688,164.5,7301600,0.0,0.0,0.0
2012-12-07 00:00:00-05:00,164.8800048828125,165.22000122070312,164.60000610351562,165.16000366210938,7289500,0.0,0.0,0.0
2012-12-10 00:00:00-05:00,166.11000061035156,166.16000366210938,165.7100067138672,165.8000030517578,4646600,0.0,0.0,0.0
2012-12-11 00:00:00-05:00,165.4499969482422,165.66000366210938,165.1199951171875,165.64999389648438,4724000,0.0,0.0,0.0
2012-12-12 00:00:00-05:00,166.1999969482422,166.94000244140625,165.36000061035156,165.77000427246094,14164700,0.0,0.0,0.0
2012-12-13 00:00:00-05:00,163.8699951171875,164.89999389648438,163.77999877929688,164.3699951171875,9332800,0.0,0.0,0.0
2012-12-14 00:00:00-05:00,164.1699981689453,164.47999572753906,164.02000427246094,164.1300048828125,5351700,0.0,0.0,0.0
2012-12-17 00:00:00-05:00,164.16000366210938,164.6199951171875,164.1300048828125,164.44000244140625,8173300,0.0,0.0,0.0
2012-12-18 00:00:00-05:00,164.35000610351562,164.42999267578125,160.89999389648438,162.0800018310547,23995000,0.0,0.0,0.0
2012-12-19 00:00:00-05:00,161.30999755859375,162.22000122070312,161.11000061035156,161.69000244140625,12991600,0.0,0.0,0.0
2012-12-20 00:00:00-05:00,159.8699951171875,160.1199951171875,158.38999938964844,159.72999572753906,25148400,0.0,0.0,0.0
2012-12-21 00:00:00-05:00,159.82000732421875,160.75999450683594,159.77999877929688,160.3300018310547,13445400,0.0,0.0,0.0
2012-12-24 00:00:00-05:00,160.8800048828125,160.9600067138672,160.47000122070312,160.6199951171875,3699400,0.0,0.0,0.0
2012-12-26 00:00:00-05:00,161.36000061035156,161.49000549316406,160.63999938964844,160.77999877929688,4961800,0.0,0.0,0.0
2012-12-27 00:00:00-05:00,160.22999572753906,161.30999755859375,160.0500030517578,161.16000366210938,8937700,0.0,0.0,0.0
2012-12-28 00:00:00-05:00,160.94000244140625,160.97000122070312,160.14999389648438,160.5399932861328,6852900,0.0,0.0,0.0
2012-12-31 00:00:00-05:00,160.89999389648438,162.75,160.77000427246094,162.02000427246094,11786200,0.0,0.0,0.0
2013-01-02 00:00:00-05:00,163.49000549316406,164.13999938964844,163.13999938964844,163.1699981689453,10431800,0.0,0.0,0.0
2013-01-03 00:00:00-05:00,162.47999572753906,162.8800048828125,160.8300018310547,161.1999969482422,16117500,0.0,0.0,0.0
2013-01-04 00:00:00-05:00,159.52000427246094,160.6300048828125,158.88999938964844,160.44000244140625,19179800,0.0,0.0,0.0
2013-01-07 00:00:00-05:00,159.36000061035156,159.9600067138672,159.14999389648438,159.42999267578125,9361800,0.0,0.0,0.0
2013-01-08 00:00:00-05:00,160.4600067138672,160.99000549316406,160.00999450683594,160.55999755859375,7694800,0.0,0.0,0.0
2013-01-09 00:00:00-05:00,160.77000427246094,160.8300018310547,159.89999389648438,160.49000549316406,8334200,0.0,0.0,0.0
2013-01-10 00:00:00-05:00,161.61000061035156,162.55999755859375,161.61000061035156,161.97999572753906,11432600,0.0,0.0,0.0
2013-01-11 00:00:00-05:00,161.86000061035156,161.89999389648438,160.11000061035156,161.05999755859375,13675600,0.0,0.0,0.0
2013-01-14 00:00:00-05:00,161.8800048828125,161.97000122070312,161.1300048828125,161.5399932861328,7289000,0.0,0.0,0.0
2013-01-15 00:00:00-05:00,162.8000030517578,163.1699981689453,162.35000610351562,162.55999755859375,10077800,0.0,0.0,0.0
2013-01-16 00:00:00-05:00,162.4199981689453,163.02999877929688,162.14999389648438,162.64999389648438,9214700,0.0,0.0,0.0
2013-01-17 00:00:00-05:00,161.94000244140625,164.39999389648438,161.8300018310547,163.35000610351562,14911400,0.0,0.0,0.0
2013-01-18 00:00:00-05:00,163.9499969482422,163.97000122070312,163.02000427246094,163.08999633789062,10038100,0.0,0.0,0.0
2013-01-22 00:00:00-05:00,163.47999572753906,164.22000122070312,163.3699951171875,163.6699981689453,8587900,0.0,0.0,0.0
2013-01-23 00:00:00-05:00,163.9199981689453,163.9499969482422,163.0,163.2100067138672,6697000,0.0,0.0,0.0
2013-01-24 00:00:00-05:00,161.97999572753906,162.27000427246094,161.17999267578125,161.4199981689453,13188300,0.0,0.0,0.0
2013-01-25 00:00:00-05:00,160.55999755859375,161.0399932861328,160.30999755859375,160.64999389648438,9037400,0.0,0.0,0.0
2013-01-28 00:00:00-05:00,160.24000549316406,160.72999572753906,160.02000427246094,160.2899932861328,8491600,0.0,0.0,0.0
2013-01-29 00:00:00-05:00,161.00999450683594,161.30999755859375,160.69000244140625,160.99000549316406,7364900,0.0,0.0,0.0
2013-01-30 00:00:00-05:00,162.67999267578125,163.0399932861328,162.02999877929688,162.19000244140625,12010000,0.0,0.0,0.0
2013-01-31 00:00:00-05:00,161.6199951171875,161.80999755859375,160.47000122070312,161.1999969482422,9334000,0.0,0.0,0.0
2013-02-01 00:00:00-05:00,162.66000366210938,162.77000427246094,160.8699951171875,161.4499969482422,12904300,0.0,0.0,0.0
2013-02-04 00:00:00-05:00,161.19000244140625,162.4199981689453,161.14999389648438,162.0,7354900,0.0,0.0,0.0
2013-02-05 00:00:00-05:00,162.75,162.7899932861328,161.3300018310547,161.9600067138672,8979400,0.0,0.0,0.0
2013-02-06 00:00:00-05:00,162.1300048828125,162.6300048828125,161.99000549316406,162.38999938964844,6138700,0.0,0.0,0.0
2013-02-07 00:00:00-05:00,161.24000549316406,162.9600067138672,161.1300048828125,161.83999633789062,12827200,0.0,0.0,0.0
2013-02-08 00:00:00-05:00,161.4600067138672,162.02000427246094,161.1999969482422,161.57000732421875,6085900,0.0,0.0,0.0
2013-02-11 00:00:00-05:00,159.77999877929688,159.97999572753906,159.25,159.6999969482422,12083500,0.0,0.0,0.0
2013-02-12 00:00:00-05:00,159.35000610351562,160.0500030517578,158.8800048828125,159.88999938964844,7632300,0.0,0.0,0.0
2013-02-13 00:00:00-05:00,159.60000610351562,159.63999938964844,158.77000427246094,159.0500030517578,8961300,0.0,0.0,0.0
2013-02-14 00:00:00-05:00,159.30999755859375,159.64999389648438,158.0399932861328,158.35000610351562,12410200,0.0,0.0,0.0
2013-02-15 00:00:00-05:00,156.4199981689453,156.5800018310547,154.55999755859375,155.75999450683594,23374100,0.0,0.0,0.0
2013-02-19 00:00:00-05:00,155.8000030517578,155.83999633789062,154.92999267578125,155.3300018310547,11803900,0.0,0.0,0.0
2013-02-20 00:00:00-05:00,153.89999389648438,153.92999267578125,150.83999633789062,151.44000244140625,30924000,0.0,0.0,0.0
2013-02-21 00:00:00-05:00,152.0,153.41000366210938,151.89999389648438,152.6199951171875,17964800,0.0,0.0,0.0
2013-02-22 00:00:00-05:00,152.25999450683594,152.99000549316406,151.92999267578125,152.97000122070312,10093200,0.0,0.0,0.0
2013-02-25 00:00:00-05:00,153.52000427246094,154.55999755859375,153.30999755859375,154.33999633789062,9488200,0.0,0.0,0.0
2013-02-26 00:00:00-05:00,154.38999938964844,156.8000030517578,153.32000732421875,156.22000122070312,18182300,0.0,0.0,0.0
2013-02-27 00:00:00-05:00,155.4600067138672,155.60000610351562,154.0800018310547,154.57000732421875,9596100,0.0,0.0,0.0
2013-02-28 00:00:00-05:00,154.08999633789062,154.16000366210938,152.38999938964844,153.0,14864400,0.0,0.0,0.0
2013-03-01 00:00:00-05:00,153.16000366210938,153.61000061035156,152.13999938964844,152.44000244140625,11178800,0.0,0.0,0.0
2013-03-04 00:00:00-05:00,152.4499969482422,152.74000549316406,151.8699951171875,152.3000030517578,6643800,0.0,0.0,0.0
2013-03-05 00:00:00-05:00,153.10000610351562,153.38999938964844,152.11000061035156,152.3800048828125,10804200,0.0,0.0,0.0
2013-03-06 00:00:00-05:00,152.1699981689453,153.3800048828125,151.64999389648438,153.22999572753906,10856000,0.0,0.0,0.0
2013-03-07 00:00:00-05:00,153.02000427246094,153.2100067138672,152.39999389648438,152.69000244140625,6586700,0.0,0.0,0.0
2013-03-08 00:00:00-05:00,151.61000061035156,153.2899932861328,151.39999389648438,152.7100067138672,11859500,0.0,0.0,0.0
2013-03-11 00:00:00-04:00,152.82000732421875,153.05999755859375,152.64999389648438,152.99000549316406,4810700,0.0,0.0,0.0
2013-03-12 00:00:00-04:00,154.07000732421875,154.69000244140625,153.89999389648438,154.19000244140625,7265700,0.0,0.0,0.0
2013-03-13 00:00:00-04:00,154.25999450683594,154.60000610351562,153.4199981689453,153.66000366210938,7436400,0.0,0.0,0.0
2013-03-14 00:00:00-04:00,153.02000427246094,154.1699981689453,153.00999450683594,153.67999267578125,11410400,0.0,0.0,0.0
2013-03-15 00:00:00-04:00,154.1199951171875,154.72000122070312,153.97000122070312,154.0,5701300,0.0,0.0,0.0
2013-03-18 00:00:00-04:00,155.6999969482422,155.92999267578125,155.0,155.3800048828125,9302400,0.0,0.0,0.0
2013-03-19 00:00:00-04:00,155.22000122070312,156.33999633789062,155.10000610351562,156.0800018310547,11023400,0.0,0.0,0.0
2013-03-20 00:00:00-04:00,155.52999877929688,155.8300018310547,154.8800048828125,155.3699951171875,8221500,0.0,0.0,0.0
2013-03-21 00:00:00-04:00,156.1699981689453,156.42999267578125,155.8800048828125,156.25,4992000,0.0,0.0,0.0
2013-03-22 00:00:00-04:00,155.4499969482422,155.99000549316406,155.4199981689453,155.5500030517578,4746300,0.0,0.0,0.0
2013-03-25 00:00:00-04:00,154.7100067138672,155.57000732421875,154.36000061035156,155.24000549316406,6819100,0.0,0.0,0.0
2013-03-26 00:00:00-04:00,154.47000122070312,154.91000366210938,154.27999877929688,154.72000122070312,7388700,0.0,0.0,0.0
2013-03-27 00:00:00-04:00,154.6699981689453,155.6199951171875,154.50999450683594,155.36000061035156,6717000,0.0,0.0,0.0
2013-03-28 00:00:00-04:00,154.5,154.8000030517578,154.22000122070312,154.4499969482422,6851200,0.0,0.0,0.0
2013-04-01 00:00:00-04:00,154.57000732421875,154.92999267578125,154.3000030517578,154.6699981689453,4288100,0.0,0.0,0.0
2013-04-02 00:00:00-04:00,153.08999633789062,153.30999755859375,152.25999450683594,152.42999267578125,9398300,0.0,0.0,0.0
2013-04-03 00:00:00-04:00,152.02000427246094,152.52999877929688,149.9199981689453,150.72999572753906,15740800,0.0,0.0,0.0
2013-04-04 00:00:00-04:00,149.64999389648438,150.60000610351562,149.44000244140625,150.2899932861328,12429000,0.0,0.0,0.0
2013-04-05 00:00:00-04:00,151.5399932861328,152.9600067138672,151.07000732421875,152.80999755859375,14491800,0.0,0.0,0.0
2013-04-08 00:00:00-04:00,152.38999938964844,152.58999633789062,151.60000610351562,152.16000366210938,6246000,0.0,0.0,0.0
2013-04-09 00:00:00-04:00,152.32000732421875,153.85000610351562,152.27999877929688,153.33999633789062,7042200,0.0,0.0,0.0
2013-04-10 00:00:00-04:00,152.6699981689453,152.7100067138672,150.5800018310547,150.75,18507400,0.0,0.0,0.0
2013-04-11 00:00:00-04:00,150.75999450683594,151.7100067138672,150.6300048828125,151.0500030517578,8063200,0.0,0.0,0.0
2013-04-12 00:00:00-04:00,148.64999389648438,148.85000610351562,143.42999267578125,143.9499969482422,55601800,0.0,0.0,0.0
2013-04-15 00:00:00-04:00,136.0,136.75,130.50999450683594,131.30999755859375,93804200,0.0,0.0,0.0
2013-04-16 00:00:00-04:00,134.89999389648438,135.11000061035156,131.75999450683594,132.8000030517578,45650800,0.0,0.0,0.0
2013-04-17 00:00:00-04:00,133.80999755859375,134.9499969482422,132.32000732421875,132.8699951171875,25444100,0.0,0.0,0.0
2013-04-18 00:00:00-04:00,134.1199951171875,135.30999755859375,133.6199951171875,134.3000030517578,20040500,0.0,0.0,0.0
2013-04-19 00:00:00-04:00,136.0,136.02000427246094,134.60000610351562,135.47000122070312,15659300,0.0,0.0,0.0
2013-04-22 00:00:00-04:00,138.14999389648438,138.27000427246094,137.22000122070312,137.89999389648438,16568500,0.0,0.0,0.0
2013-04-23 00:00:00-04:00,137.22000122070312,137.24000549316406,135.85000610351562,136.8800048828125,14644900,0.0,0.0,0.0
2013-04-24 00:00:00-04:00,138.08999633789062,138.5500030517578,137.4499969482422,138.3699951171875,10369300,0.0,0.0,0.0
2013-04-25 00:00:00-04:00,140.0,142.0800018310547,139.7899932861328,141.6300048828125,18886900,0.0,0.0,0.0
2013-04-26 00:00:00-04:00,142.3000030517578,143.42999267578125,140.0399932861328,140.91000366210938,19307800,0.0,0.0,0.0
2013-04-29 00:00:00-04:00,142.1300048828125,142.66000366210938,141.49000549316406,142.3000030517578,11004500,0.0,0.0,0.0
2013-04-30 00:00:00-04:00,142.27000427246094,142.8300018310547,141.5500030517578,142.77000427246094,11284400,0.0,0.0,0.0
2013-05-01 00:00:00-04:00,140.58999633789062,141.5500030517578,139.3000030517578,141.11000061035156,13931100,0.0,0.0,0.0
2013-05-02 00:00:00-04:00,142.0,142.47000122070312,141.63999938964844,141.9199981689453,11502200,0.0,0.0,0.0
2013-05-03 00:00:00-04:00,141.6999969482422,142.7100067138672,141.39999389648438,142.08999633789062,11667100,0.0,0.0,0.0
2013-05-06 00:00:00-04:00,142.3300018310547,142.4600067138672,141.6300048828125,142.14999389648438,7730300,0.0,0.0,0.0
2013-05-07 00:00:00-04:00,140.3800048828125,140.63999938964844,139.3699951171875,140.3800048828125,13627400,0.0,0.0,0.0
2013-05-08 00:00:00-04:00,141.77999877929688,142.80999755859375,141.49000549316406,142.4600067138672,11161100,0.0,0.0,0.0
2013-05-09 00:00:00-04:00,141.3300018310547,142.36000061035156,140.50999450683594,140.80999755859375,8263000,0.0,0.0,0.0
2013-05-10 00:00:00-04:00,138.22000122070312,139.75,137.25999450683594,139.60000610351562,14650600,0.0,0.0,0.0
2013-05-13 00:00:00-04:00,138.4600067138672,138.97000122070312,138.16000366210938,138.42999267578125,6714100,0.0,0.0,0.0
2013-05-14 00:00:00-04:00,137.9499969482422,139.16000366210938,137.63999938964844,137.80999755859375,9895700,0.0,0.0,0.0
2013-05-15 00:00:00-04:00,136.58999633789062,136.97999572753906,134.22999572753906,134.6300048828125,19062400,0.0,0.0,0.0
2013-05-16 00:00:00-04:00,133.17999267578125,134.47999572753906,133.0,134.08999633789062,12759200,0.0,0.0,0.0
2013-05-17 00:00:00-04:00,133.1699981689453,133.47999572753906,131.02000427246094,131.07000732421875,20346500,0.0,0.0,0.0
2013-05-20 00:00:00-04:00,130.8800048828125,135.32000732421875,130.85000610351562,135.1199951171875,21594000,0.0,0.0,0.0
2013-05-21 00:00:00-04:00,132.1699981689453,133.64999389648438,131.4499969482422,132.8800048828125,14542500,0.0,0.0,0.0
2013-05-22 00:00:00-04:00,134.17999267578125,136.77000427246094,130.9499969482422,131.94000244140625,25975200,0.0,0.0,0.0
2013-05-23 00:00:00-04:00,134.50999450683594,134.83999633789062,133.1199951171875,134.61000061035156,10267600,0.0,0.0,0.0
2013-05-24 00:00:00-04:00,134.11000061035156,134.50999450683594,133.63999938964844,133.75999450683594,5522600,0.0,0.0,0.0
2013-05-28 00:00:00-04:00,133.67999267578125,135.57000732421875,132.8000030517578,133.49000549316406,12466400,0.0,0.0,0.0
2013-05-29 00:00:00-04:00,134.08999633789062,134.91000366210938,133.63999938964844,134.8300018310547,8762200,0.0,0.0,0.0
2013-05-30 00:00:00-04:00,136.6699981689453,137.11000061035156,136.25999450683594,136.6999969482422,8611700,0.0,0.0,0.0
2013-05-31 00:00:00-04:00,135.7100067138672,136.0500030517578,133.88999938964844,133.9199981689453,9726600,0.0,0.0,0.0
2013-06-03 00:00:00-04:00,134.77000427246094,136.97999572753906,134.42999267578125,136.50999450683594,9173000,0.0,0.0,0.0
2013-06-04 00:00:00-04:00,135.2100067138672,135.44000244140625,134.27000427246094,135.22999572753906,5505200,0.0,0.0,0.0
2013-06-05 00:00:00-04:00,135.47000122070312,136.3699951171875,135.00999450683594,135.52000427246094,7444900,0.0,0.0,0.0
2013-06-06 00:00:00-04:00,135.38999938964844,137.6199951171875,134.97999572753906,136.52999877929688,9847700,0.0,0.0,0.0
2013-06-07 00:00:00-04:00,134.11000061035156,134.6199951171875,133.17999267578125,133.27999877929688,11054400,0.0,0.0,0.0
2013-06-10 00:00:00-04:00,133.3000030517578,134.27999877929688,132.99000549316406,133.94000244140625,6142800,0.0,0.0,0.0
2013-06-11 00:00:00-04:00,132.30999755859375,133.50999450683594,132.24000549316406,133.25,7199300,0.0,0.0,0.0
2013-06-12 00:00:00-04:00,132.9499969482422,134.8300018310547,132.8300018310547,134.25,6550600,0.0,0.0,0.0
2013-06-13 00:00:00-04:00,133.30999755859375,134.1999969482422,132.82000732421875,133.74000549316406,7161800,0.0,0.0,0.0
2013-06-14 00:00:00-04:00,134.0,134.60000610351562,133.8800048828125,134.42999267578125,4278700,0.0,0.0,0.0
2013-06-17 00:00:00-04:00,133.88999938964844,134.05999755859375,133.52000427246094,133.77000427246094,4072300,0.0,0.0,0.0
2013-06-18 00:00:00-04:00,132.72000122070312,132.9600067138672,131.52999877929688,132.1300048828125,7379300,0.0,0.0,0.0
2013-06-19 00:00:00-04:00,132.5800018310547,133.14999389648438,130.3800048828125,130.58999633789062,13017800,0.0,0.0,0.0
2013-06-20 00:00:00-04:00,125.22000122070312,126.37999725341797,123.33000183105469,123.5999984741211,28872100,0.0,0.0,0.0
2013-06-21 00:00:00-04:00,125.16000366210938,125.56999969482422,124.45999908447266,125.05000305175781,16600000,0.0,0.0,0.0
2013-06-24 00:00:00-04:00,124.30999755859375,124.69999694824219,123.30999755859375,123.93000030517578,12749300,0.0,0.0,0.0
2013-06-25 00:00:00-04:00,123.6500015258789,123.9000015258789,122.87999725341797,123.47000122070312,9369200,0.0,0.0,0.0
2013-06-26 00:00:00-04:00,119.87999725341797,119.9000015258789,118.05999755859375,118.27999877929688,24748800,0.0,0.0,0.0
2013-06-27 00:00:00-04:00,119.0999984741211,119.51000213623047,115.6500015258789,115.94000244140625,30001900,0.0,0.0,0.0
2013-06-28 00:00:00-04:00,115.22000122070312,119.33000183105469,114.68000030517578,119.11000061035156,32981900,0.0,0.0,0.0
2013-07-01 00:00:00-04:00,119.94000244140625,121.94999694824219,119.37999725341797,121.12999725341797,15945200,0.0,0.0,0.0
2013-07-02 00:00:00-04:00,121.33999633789062,121.47000122070312,119.77999877929688,120.05000305175781,10550300,0.0,0.0,0.0
2013-07-03 00:00:00-04:00,120.69999694824219,121.7699966430664,120.54000091552734,120.73999786376953,6750300,0.0,0.0,0.0
2013-07-05 00:00:00-04:00,118.08000183105469,118.18000030517578,116.73999786376953,118.08999633789062,11592500,0.0,0.0,0.0
2013-07-08 00:00:00-04:00,119.08999633789062,119.66000366210938,118.93000030517578,119.51000213623047,8652200,0.0,0.0,0.0
2013-07-09 00:00:00-04:00,120.83999633789062,121.51000213623047,120.05000305175781,120.62000274658203,8201400,0.0,0.0,0.0
2013-07-10 00:00:00-04:00,121.1500015258789,122.3499984741211,120.58999633789062,120.94999694824219,14697100,0.0,0.0,0.0
2013-07-11 00:00:00-04:00,124.26000213623047,124.36000061035156,123.47000122070312,124.23999786376953,11279400,0.0,0.0,0.0
2013-07-12 00:00:00-04:00,123.5199966430664,124.30000305175781,123.31999969482422,124.12999725341797,6583800,0.0,0.0,0.0
2013-07-15 00:00:00-04:00,124.08000183105469,124.38999938964844,123.83999633789062,124.18000030517578,4133200,0.0,0.0,0.0
2013-07-16 00:00:00-04:00,124.76000213623047,125.20999908447266,124.33000183105469,124.88999938964844,5577300,0.0,0.0,0.0
2013-07-17 00:00:00-04:00,125.04000091552734,125.69999694824219,122.7300033569336,123.31999969482422,10882400,0.0,0.0,0.0
2013-07-18 00:00:00-04:00,124.11000061035156,124.5199966430664,123.77999877929688,124.01000213623047,6150900,0.0,0.0,0.0
2013-07-19 00:00:00-04:00,124.88999938964844,125.41999816894531,124.6500015258789,125.11000061035156,5767800,0.0,0.0,0.0
2013-07-22 00:00:00-04:00,127.6500015258789,129.4600067138672,127.58999633789062,128.83999633789062,10851900,0.0,0.0,0.0
2013-07-23 00:00:00-04:00,128.6999969482422,130.13999938964844,128.35000610351562,129.7100067138672,8820100,0.0,0.0,0.0
2013-07-24 00:00:00-04:00,129.1699981689453,129.39999389648438,126.87000274658203,127.4800033569336,9979100,0.0,0.0,0.0
2013-07-25 00:00:00-04:00,127.69999694824219,128.8699951171875,127.63999938964844,128.6699981689453,4702400,0.0,0.0,0.0
2013-07-26 00:00:00-04:00,128.11000061035156,128.97000122070312,126.77999877929688,128.77999877929688,6148500,0.0,0.0,0.0
2013-07-29 00:00:00-04:00,128.4499969482422,128.77999877929688,128.25,128.47000122070312,3554100,0.0,0.0,0.0
2013-07-30 00:00:00-04:00,127.94999694824219,128.30999755859375,127.22000122070312,128.1199951171875,4487700,0.0,0.0,0.0
2013-07-31 00:00:00-04:00,127.76000213623047,128.9199981689453,126.12999725341797,127.95999908447266,16015300,0.0,0.0,0.0
2013-08-01 00:00:00-04:00,127.83999633789062,127.88999938964844,126.33000183105469,126.61000061035156,10564300,0.0,0.0,0.0
2013-08-02 00:00:00-04:00,126.73999786376953,127.25,126.31999969482422,126.36000061035156,6466300,0.0,0.0,0.0
2013-08-05 00:00:00-04:00,126.51000213623047,126.63999938964844,125.33999633789062,125.69999694824219,4003900,0.0,0.0,0.0
2013-08-06 00:00:00-04:00,124.33000183105469,124.55000305175781,123.55000305175781,123.97000122070312,6016200,0.0,0.0,0.0
2013-08-07 00:00:00-04:00,124.0,124.5999984741211,123.8499984741211,124.1500015258789,5304700,0.0,0.0,0.0
2013-08-08 00:00:00-04:00,124.77999877929688,126.98999786376953,124.7699966430664,126.86000061035156,8653600,0.0,0.0,0.0
2013-08-09 00:00:00-04:00,126.51000213623047,127.2699966430664,126.30000305175781,126.86000061035156,6192000,0.0,0.0,0.0
2013-08-12 00:00:00-04:00,129.57000732421875,129.7100067138672,128.8800048828125,129.1300048828125,7414300,0.0,0.0,0.0
2013-08-13 00:00:00-04:00,128.49000549316406,128.64999389648438,127.37999725341797,127.73999786376953,7336100,0.0,0.0,0.0
2013-08-14 00:00:00-04:00,127.66000366210938,129.07000732421875,127.56999969482422,129.0,8713200,0.0,0.0,0.0
2013-08-15 00:00:00-04:00,128.05999755859375,132.36000061035156,127.9800033569336,131.69000244140625,17226300,0.0,0.0,0.0
2013-08-16 00:00:00-04:00,132.55999755859375,133.27000427246094,131.38999938964844,132.5800018310547,14447100,0.0,0.0,0.0
2013-08-19 00:00:00-04:00,132.3300018310547,132.5,131.58999633789062,132.00999450683594,8118400,0.0,0.0,0.0
2013-08-20 00:00:00-04:00,132.02999877929688,133.1300048828125,132.02000427246094,132.4499969482422,7809100,0.0,0.0,0.0
2013-08-21 00:00:00-04:00,131.74000549316406,133.22999572753906,131.50999450683594,132.07000732421875,10720200,0.0,0.0,0.0
2013-08-22 00:00:00-04:00,132.55999755859375,133.4600067138672,132.27000427246094,132.80999755859375,5741800,0.0,0.0,0.0
2013-08-23 00:00:00-04:00,132.5800018310547,135.24000549316406,132.5,134.89999389648438,11623400,0.0,0.0,0.0
2013-08-26 00:00:00-04:00,134.8800048828125,135.60000610351562,134.14999389648438,135.4499969482422,7692100,0.0,0.0,0.0
2013-08-27 00:00:00-04:00,136.94000244140625,137.5500030517578,136.52000427246094,136.75,11283300,0.0,0.0,0.0
2013-08-28 00:00:00-04:00,137.2100067138672,137.4600067138672,136.66000366210938,136.7100067138672,13650400,0.0,0.0,0.0
2013-08-29 00:00:00-04:00,136.1199951171875,136.5500030517578,135.4199981689453,135.8699951171875,7939400,0.0,0.0,0.0
2013-08-30 00:00:00-04:00,134.64999389648438,135.7100067138672,134.44000244140625,134.6199951171875,7680000,0.0,0.0,0.0
2013-09-03 00:00:00-04:00,135.4600067138672,136.7899932861328,135.02999877929688,136.4199981689453,8100700,0.0,0.0,0.0
2013-09-04 00:00:00-04:00,134.61000061035156,134.83999633789062,133.72000122070312,134.66000366210938,7785400,0.0,0.0,0.0
2013-09-05 00:00:00-04:00,134.1300048828125,134.35000610351562,131.8000030517578,132.1999969482422,11118600,0.0,0.0,0.0
2013-09-06 00:00:00-04:00,133.4199981689453,134.39999389648438,133.3300018310547,134.14999389648438,8448700,0.0,0.0,0.0
2013-09-09 00:00:00-04:00,134.1300048828125,134.32000732421875,133.6699981689453,133.91000366210938,5090500,0.0,0.0,0.0
2013-09-10 00:00:00-04:00,131.82000732421875,132.0,131.11000061035156,131.74000549316406,8433100,0.0,0.0,0.0
2013-09-11 00:00:00-04:00,131.5800018310547,131.80999755859375,131.25999450683594,131.6999969482422,5046600,0.0,0.0,0.0
2013-09-12 00:00:00-04:00,128.6199951171875,128.77999877929688,127.61000061035156,127.66999816894531,12944000,0.0,0.0,0.0
2013-09-13 00:00:00-04:00,127.16000366210938,127.95999908447266,126.20999908447266,127.81999969482422,12060400,0.0,0.0,0.0
2013-09-16 00:00:00-04:00,127.4800033569336,128.02000427246094,126.33000183105469,126.44999694824219,9829100,0.0,0.0,0.0
2013-09-17 00:00:00-04:00,126.80999755859375,126.98999786376953,126.11000061035156,126.5,8135500,0.0,0.0,0.0
2013-09-18 00:00:00-04:00,125.31999969482422,132.16000366210938,125.1500015258789,132.00999450683594,24780000,0.0,0.0,0.0
2013-09-19 00:00:00-04:00,132.0,132.77999877929688,131.22000122070312,131.75,14353900,0.0,0.0,0.0
2013-09-20 00:00:00-04:00,130.60000610351562,130.91000366210938,127.9000015258789,127.95999908447266,19558200,0.0,0.0,0.0
2013-09-23 00:00:00-04:00,127.5199966430664,128.44000244140625,127.33000183105469,127.55000305175781,7421800,0.0,0.0,0.0
2013-09-24 00:00:00-04:00,126.4000015258789,128.2100067138672,126.33999633789062,127.66000366210938,7349700,0.0,0.0,0.0
2013-09-25 00:00:00-04:00,127.56999969482422,129.2100067138672,127.5199966430664,128.7899932861328,7519100,0.0,0.0,0.0
2013-09-26 00:00:00-04:00,128.61000061035156,128.99000549316406,127.31999969482422,127.79000091552734,9491300,0.0,0.0,0.0
2013-09-27 00:00:00-04:00,128.86000061035156,129.5800018310547,128.83999633789062,128.97000122070312,7430200,0.0,0.0,0.0
2013-09-30 00:00:00-04:00,127.94999694824219,129.13999938964844,127.69999694824219,128.17999267578125,8979000,0.0,0.0,0.0
2013-10-01 00:00:00-04:00,125.25,125.26000213623047,123.80999755859375,124.58999633789062,16721100,0.0,0.0,0.0
2013-10-02 00:00:00-04:00,125.37000274658203,127.80999755859375,125.33999633789062,127.05999755859375,11994200,0.0,0.0,0.0
2013-10-03 00:00:00-04:00,126.7699966430664,127.69000244140625,126.22000122070312,127.18000030517578,11632900,0.0,0.0,0.0
2013-10-04 00:00:00-04:00,127.05000305175781,127.1500015258789,126.0,126.52999877929688,6923700,0.0,0.0,0.0
2013-10-07 00:00:00-04:00,127.25,128.3300018310547,127.12000274658203,127.63999938964844,6732800,0.0,0.0,0.0
2013-10-08 00:00:00-04:00,127.79000091552734,128.4499969482422,127.20999908447266,127.4000015258789,6999700,0.0,0.0,0.0
2013-10-09 00:00:00-04:00,126.20999908447266,126.88999938964844,124.97000122070312,126.11000061035156,10705100,0.0,0.0,0.0
2013-10-10 00:00:00-04:00,125.33999633789062,125.83000183105469,124.0999984741211,124.2699966430664,10523600,0.0,0.0,0.0
2013-10-11 00:00:00-04:00,122.37000274658203,122.80999755859375,121.8499984741211,122.5999984741211,15972600,0.0,0.0,0.0
2013-10-14 00:00:00-04:00,123.9000015258789,124.23999786376953,122.80999755859375,122.83000183105469,6118200,0.0,0.0,0.0
2013-10-15 00:00:00-04:00,122.27999877929688,124.36000061035156,122.22000122070312,123.7300033569336,8384200,0.0,0.0,0.0
2013-10-16 00:00:00-04:00,123.5199966430664,123.88999938964844,122.51000213623047,123.54000091552734,8523400,0.0,0.0,0.0
2013-10-17 00:00:00-04:00,127.01000213623047,127.86000061035156,126.80999755859375,127.41999816894531,11785100,0.0,0.0,0.0
2013-10-18 00:00:00-04:00,126.87000274658203,127.33000183105469,126.5999984741211,126.8499984741211,5350500,0.0,0.0,0.0
2013-10-21 00:00:00-04:00,127.12999725341797,127.33999633789062,126.79000091552734,126.9800033569336,3395200,0.0,0.0,0.0
2013-10-22 00:00:00-04:00,128.25,129.80999755859375,128.22000122070312,129.33999633789062,8849000,0.0,0.0,0.0
2013-10-23 00:00:00-04:00,128.5500030517578,129.08999633789062,128.35000610351562,128.69000244140625,5092200,0.0,0.0,0.0
2013-10-24 00:00:00-04:00,129.41000366210938,130.52999877929688,129.41000366210938,129.89999389648438,10221400,0.0,0.0,0.0
2013-10-25 00:00:00-04:00,129.52999877929688,130.9199981689453,129.4600067138672,130.4600067138672,8767900,0.0,0.0,0.0
2013-10-28 00:00:00-04:00,130.41000366210938,131.44000244140625,130.10000610351562,130.55999755859375,6807800,0.0,0.0,0.0
2013-10-29 00:00:00-04:00,130.16000366210938,130.58999633789062,129.57000732421875,129.77000427246094,5328500,0.0,0.0,0.0
2013-10-30 00:00:00-04:00,130.8300018310547,131.22000122070312,128.80999755859375,129.60000610351562,8896000,0.0,0.0,0.0
2013-10-31 00:00:00-04:00,128.0399932861328,128.49000549316406,127.30000305175781,127.73999786376953,7753300,0.0,0.0,0.0
2013-11-01 00:00:00-04:00,126.86000061035156,127.16999816894531,126.05000305175781,126.94999694824219,9566200,0.0,0.0,0.0
2013-11-04 00:00:00-05:00,127.18000030517578,127.5199966430664,126.73999786376953,126.80999755859375,3819300,0.0,0.0,0.0
2013-11-05 00:00:00-05:00,126.70999908447266,126.86000061035156,126.0,126.55999755859375,4941200,0.0,0.0,0.0
2013-11-06 00:00:00-05:00,127.11000061035156,127.36000061035156,126.91999816894531,127.19999694824219,3544900,0.0,0.0,0.0
2013-11-07 00:00:00-05:00,126.13999938964844,126.8499984741211,125.86000061035156,126.16000366210938,7700100,0.0,0.0,0.0
2013-11-08 00:00:00-05:00,124.45999908447266,124.45999908447266,123.62000274658203,124.27999877929688,8427300,0.0,0.0,0.0
2013-11-11 00:00:00-05:00,123.91999816894531,123.97000122070312,123.66000366210938,123.87000274658203,3277700,0.0,0.0,0.0
2013-11-12 00:00:00-05:00,123.51000213623047,123.87000274658203,121.7300033569336,122.44999694824219,7705600,0.0,0.0,0.0
2013-11-13 00:00:00-05:00,122.97000122070312,123.23999786376953,122.38999938964844,122.8499984741211,5967000,0.0,0.0,0.0
2013-11-14 00:00:00-05:00,123.91999816894531,124.91000366210938,123.87999725341797,124.2699966430664,7669700,0.0,0.0,0.0
2013-11-15 00:00:00-05:00,124.16000366210938,124.5199966430664,124.06999969482422,124.31999969482422,4660700,0.0,0.0,0.0
2013-11-18 00:00:00-05:00,123.69999694824219,123.95999908447266,122.55000305175781,122.9000015258789,6241300,0.0,0.0,0.0
2013-11-19 00:00:00-05:00,122.97000122070312,123.4000015258789,122.83000183105469,122.94999694824219,3666500,0.0,0.0,0.0
2013-11-20 00:00:00-05:00,121.66999816894531,122.44000244140625,119.76000213623047,120.12000274658203,14281000,0.0,0.0,0.0
2013-11-21 00:00:00-05:00,119.80999755859375,120.3499984741211,119.30999755859375,119.94000244140625,7557500,0.0,0.0,0.0
2013-11-22 00:00:00-05:00,120.23999786376953,120.4000015258789,119.81999969482422,119.91999816894531,6774400,0.0,0.0,0.0
2013-11-25 00:00:00-05:00,119.18000030517578,121.0,119.12999725341797,120.45999908447266,7266300,0.0,0.0,0.0
2013-11-26 00:00:00-05:00,119.83999633789062,120.4000015258789,119.58999633789062,119.81999969482422,9053300,0.0,0.0,0.0
2013-11-27 00:00:00-05:00,120.48999786376953,120.69000244140625,119.25,119.45999908447266,6144600,0.0,0.0,0.0
2013-11-29 00:00:00-05:00,120.66999816894531,121.05000305175781,120.62000274658203,120.69999694824219,2364700,0.0,0.0,0.0
2013-12-02 00:00:00-05:00,119.19999694824219,119.29000091552734,117.5,117.58000183105469,10297100,0.0,0.0,0.0
2013-12-03 00:00:00-05:00,117.58000183105469,118.30999755859375,117.2300033569336,117.95999908447266,7004800,0.0,0.0,0.0
2013-12-04 00:00:00-05:00,118.33000183105469,120.76000213623047,118.16000366210938,119.95999908447266,9110700,0.0,0.0,0.0
2013-12-05 00:00:00-05:00,118.19999694824219,119.23999786376953,117.41000366210938,118.30000305175781,10254700,0.0,0.0,0.0
2013-12-06 00:00:00-05:00,118.86000061035156,119.26000213623047,118.01000213623047,118.55000305175781,7909500,0.0,0.0,0.0
2013-12-09 00:00:00-05:00,118.98999786376953,119.91999816894531,118.94999694824219,119.72000122070312,5510400,0.0,0.0,0.0
2013-12-10 00:00:00-05:00,122.13999938964844,122.31999969482422,121.47000122070312,121.81999969482422,9155600,0.0,0.0,0.0
2013-12-11 00:00:00-05:00,121.48999786376953,121.80999755859375,120.76000213623047,120.86000061035156,9934900,0.0,0.0,0.0
2013-12-12 00:00:00-05:00,118.61000061035156,118.81999969482422,118.02999877929688,118.29000091552734,8810800,0.0,0.0,0.0
2013-12-13 00:00:00-05:00,118.88999938964844,119.48999786376953,118.76000213623047,119.37999725341797,6482100,0.0,0.0,0.0
2013-12-16 00:00:00-05:00,119.26000213623047,120.7699966430664,118.97000122070312,119.69000244140625,8189500,0.0,0.0,0.0
2013-12-17 00:00:00-05:00,118.95999908447266,119.9000015258789,118.37000274658203,118.6500015258789,8589100,0.0,0.0,0.0
2013-12-18 00:00:00-05:00,119.0,120.05000305175781,117.29000091552734,117.61000061035156,16265000,0.0,0.0,0.0
2013-12-19 00:00:00-05:00,115.97000122070312,116.05999755859375,114.5,114.81999969482422,15955400,0.0,0.0,0.0
2013-12-20 00:00:00-05:00,115.37000274658203,116.47000122070312,115.05999755859375,115.94000244140625,14693700,0.0,0.0,0.0
2013-12-23 00:00:00-05:00,115.61000061035156,116.12000274658203,115.43000030517578,115.56999969482422,6237300,0.0,0.0,0.0
2013-12-24 00:00:00-05:00,115.79000091552734,116.29000091552734,115.70999908447266,116.0999984741211,3353900,0.0,0.0,0.0
2013-12-26 00:00:00-05:00,117.2300033569336,117.2300033569336,116.6500015258789,116.73999786376953,3868400,0.0,0.0,0.0
2013-12-27 00:00:00-05:00,117.30999755859375,117.37999725341797,116.8499984741211,117.12000274658203,4206200,0.0,0.0,0.0
2013-12-30 00:00:00-05:00,116.37000274658203,116.4000015258789,115.18000030517578,115.38999938964844,6703200,0.0,0.0,0.0
2013-12-31 00:00:00-05:00,114.61000061035156,117.12999725341797,114.45999908447266,116.12000274658203,12835900,0.0,0.0,0.0
2014-01-02 00:00:00-05:00,117.93000030517578,118.7300033569336,117.75,118.0,7551000,0.0,0.0,0.0
2014-01-03 00:00:00-05:00,118.63999938964844,119.62000274658203,118.58999633789062,119.29000091552734,5874400,0.0,0.0,0.0
2014-01-06 00:00:00-05:00,119.76000213623047,120.38999938964844,117.11000061035156,119.5,10106500,0.0,0.0,0.0
2014-01-07 00:00:00-05:00,118.45999908447266,118.91999816894531,118.12999725341797,118.81999969482422,6433700,0.0,0.0,0.0
2014-01-08 00:00:00-05:00,117.98999786376953,118.5199966430664,117.5,118.12000274658203,7428500,0.0,0.0,0.0
2014-01-09 00:00:00-05:00,118.11000061035156,118.69000244140625,117.98999786376953,118.45999908447266,3972800,0.0,0.0,0.0
2014-01-10 00:00:00-05:00,119.72000122070312,120.43000030517578,119.58000183105469,120.26000213623047,7993200,0.0,0.0,0.0
2014-01-13 00:00:00-05:00,120.2699966430664,121.04000091552734,120.19999694824219,121.0199966430664,5872700,0.0,0.0,0.0
2014-01-14 00:00:00-05:00,120.54000091552734,121.05999755859375,119.72000122070312,119.88999938964844,7505400,0.0,0.0,0.0
2014-01-15 00:00:00-05:00,119.19000244140625,119.80999755859375,119.11000061035156,119.66000366210938,5474300,0.0,0.0,0.0
2014-01-16 00:00:00-05:00,119.83999633789062,119.95999908447266,119.56999969482422,119.79000091552734,3949500,0.0,0.0,0.0
2014-01-17 00:00:00-05:00,120.3499984741211,121.0199966430664,120.19999694824219,120.93000030517578,7923400,0.0,0.0,0.0
2014-01-21 00:00:00-05:00,119.2300033569336,119.97000122070312,119.2300033569336,119.69999694824219,6763500,0.0,0.0,0.0
2014-01-22 00:00:00-05:00,119.6500015258789,119.7699966430664,119.16999816894531,119.19000244140625,4891800,0.0,0.0,0.0
2014-01-23 00:00:00-05:00,120.97000122070312,122.0199966430664,120.97000122070312,121.79000091552734,11028200,0.0,0.0,0.0
2014-01-24 00:00:00-05:00,122.05999755859375,122.5,121.55000305175781,122.29000091552734,8515700,0.0,0.0,0.0
2014-01-27 00:00:00-05:00,121.6500015258789,122.05999755859375,120.72000122070312,120.95999908447266,7528600,0.0,0.0,0.0
2014-01-28 00:00:00-05:00,121.31999969482422,121.4000015258789,120.41000366210938,120.94999694824219,5149500,0.0,0.0,0.0
2014-01-29 00:00:00-05:00,122.19000244140625,122.51000213623047,121.12999725341797,122.47000122070312,12257500,0.0,0.0,0.0
2014-01-30 00:00:00-05:00,119.66999816894531,120.22000122070312,119.5999984741211,119.7699966430664,8746500,0.0,0.0,0.0
2014-01-31 00:00:00-05:00,120.6500015258789,120.86000061035156,119.45999908447266,120.08999633789062,7983100,0.0,0.0,0.0
2014-02-03 00:00:00-05:00,120.47000122070312,122.11000061035156,120.31999969482422,121.31999969482422,9267300,0.0,0.0,0.0
2014-02-04 00:00:00-05:00,120.41000366210938,121.08999633789062,120.38999938964844,120.98999786376953,7027400,0.0,0.0,0.0
2014-02-05 00:00:00-05:00,121.76000213623047,121.87999725341797,120.7300033569336,121.29000091552734,6800000,0.0,0.0,0.0
2014-02-06 00:00:00-05:00,121.37999725341797,121.51000213623047,120.77999877929688,121.23999786376953,4745800,0.0,0.0,0.0
2014-02-07 00:00:00-05:00,121.23999786376953,122.23999786376953,121.2300033569336,122.16999816894531,6674700,0.0,0.0,0.0
2014-02-10 00:00:00-05:00,122.80000305175781,123.16000366210938,122.72000122070312,122.91999816894531,7931200,0.0,0.0,0.0
2014-02-11 00:00:00-05:00,123.37999725341797,124.75,123.36000061035156,124.36000061035156,11546000,0.0,0.0,0.0
2014-02-12 00:00:00-05:00,124.4000015258789,124.9800033569336,124.12999725341797,124.43000030517578,6651900,0.0,0.0,0.0
2014-02-13 00:00:00-05:00,124.69999694824219,125.5999984741211,124.66000366210938,125.48999786376953,9167900,0.0,0.0,0.0
2014-02-14 00:00:00-05:00,126.98999786376953,127.37999725341797,126.75,127.1500015258789,11147900,0.0,0.0,0.0
2014-02-18 00:00:00-05:00,127.41999816894531,127.75,127.08999633789062,127.4000015258789,7685800,0.0,0.0,0.0
2014-02-19 00:00:00-05:00,127.26000213623047,127.44999694824219,126.16000366210938,126.2699966430664,9384100,0.0,0.0,0.0
2014-02-20 00:00:00-05:00,126.75,127.75,126.4000015258789,127.5999984741211,10572900,0.0,0.0,0.0
2014-02-21 00:00:00-05:00,127.56999969482422,128.07000732421875,127.1500015258789,127.58000183105469,7298200,0.0,0.0,0.0
2014-02-24 00:00:00-05:00,128.50999450683594,129.07000732421875,128.33999633789062,128.99000549316406,12114200,0.0,0.0,0.0
2014-02-25 00:00:00-05:00,128.6199951171875,129.52999877929688,128.57000732421875,129.2100067138672,5786000,0.0,0.0,0.0
2014-02-26 00:00:00-05:00,128.49000549316406,128.75999450683594,127.41999816894531,128.11000061035156,7052900,0.0,0.0,0.0
2014-02-27 00:00:00-05:00,128.39999389648438,128.8000030517578,127.88999938964844,128.1999969482422,5066500,0.0,0.0,0.0
2014-02-28 00:00:00-05:00,128.27000427246094,128.35000610351562,127.1500015258789,127.62000274658203,10584100,0.0,0.0,0.0
2014-03-03 00:00:00-05:00,130.0,130.58999633789062,129.80999755859375,130.2899932861328,11741100,0.0,0.0,0.0
2014-03-04 00:00:00-05:00,128.5399932861328,129.24000549316406,128.32000732421875,128.67999267578125,6341700,0.0,0.0,0.0
2014-03-05 00:00:00-05:00,128.7100067138672,129.33999633789062,128.5800018310547,128.88999938964844,4878500,0.0,0.0,0.0
2014-03-06 00:00:00-05:00,129.7100067138672,130.47000122070312,129.47000122070312,130.1699981689453,5408900,0.0,0.0,0.0
2014-03-07 00:00:00-05:00,128.25,129.22999572753906,128.2100067138672,129.08999633789062,7575000,0.0,0.0,0.0
2014-03-10 00:00:00-04:00,128.8800048828125,129.61000061035156,128.77999877929688,129.1300048828125,4169900,0.0,0.0,0.0
2014-03-11 00:00:00-04:00,130.00999450683594,130.14999389648438,128.92999267578125,129.86000061035156,7289800,0.0,0.0,0.0
2014-03-12 00:00:00-04:00,131.55999755859375,132.1199951171875,131.38999938964844,131.75999450683594,11094200,0.0,0.0,0.0
2014-03-13 00:00:00-04:00,131.69000244140625,132.5399932861328,131.55999755859375,132.2100067138672,8007700,0.0,0.0,0.0
2014-03-14 00:00:00-04:00,133.67999267578125,133.69000244140625,132.35000610351562,133.10000610351562,11939600,0.0,0.0,0.0
2014-03-17 00:00:00-04:00,132.72999572753906,133.22000122070312,131.22000122070312,131.63999938964844,14626800,0.0,0.0,0.0
2014-03-18 00:00:00-04:00,130.38999938964844,131.27000427246094,130.3300018310547,130.6199951171875,6424400,0.0,0.0,0.0
2014-03-19 00:00:00-04:00,129.5500030517578,129.67999267578125,127.94000244140625,128.08999633789062,12932900,0.0,0.0,0.0
2014-03-20 00:00:00-04:00,127.77999877929688,128.41000366210938,127.58000183105469,127.86000061035156,7690800,0.0,0.0,0.0
2014-03-21 00:00:00-04:00,129.0399932861328,129.08999633789062,128.41000366210938,128.47000122070312,7237300,0.0,0.0,0.0
2014-03-24 00:00:00-04:00,126.87000274658203,127.13999938964844,126.02999877929688,126.18000030517578,13076500,0.0,0.0,0.0
2014-03-25 00:00:00-04:00,126.44000244140625,126.81999969482422,126.23999786376953,126.41000366210938,6566900,0.0,0.0,0.0
2014-03-26 00:00:00-04:00,126.2699966430664,126.37999725341797,125.12999725341797,125.41000366210938,8575400,0.0,0.0,0.0
2014-03-27 00:00:00-04:00,125.05999755859375,125.29000091552734,124.20999908447266,124.58999633789062,7312300,0.0,0.0,0.0
2014-03-28 00:00:00-04:00,124.2300033569336,124.95999908447266,123.87999725341797,124.55999755859375,7253700,0.0,0.0,0.0
2014-03-31 00:00:00-04:00,124.5199966430664,124.79000091552734,123.56999969482422,123.61000061035156,12379200,0.0,0.0,0.0
2014-04-01 00:00:00-04:00,123.70999908447266,123.8499984741211,123.11000061035156,123.38999938964844,5992000,0.0,0.0,0.0
2014-04-02 00:00:00-04:00,124.41000366210938,124.75,124.19000244140625,124.31999969482422,4907800,0.0,0.0,0.0
2014-04-03 00:00:00-04:00,123.75,124.26000213623047,123.58999633789062,123.91999816894531,3658800,0.0,0.0,0.0
2014-04-04 00:00:00-04:00,125.19999694824219,125.95999908447266,124.86000061035156,125.56999969482422,7278400,0.0,0.0,0.0
2014-04-07 00:00:00-04:00,125.06999969482422,125.47000122070312,124.83999633789062,124.91000366210938,3967200,0.0,0.0,0.0
2014-04-08 00:00:00-04:00,126.33999633789062,126.33999633789062,125.9000015258789,126.08999633789062,6939100,0.0,0.0,0.0
2014-04-09 00:00:00-04:00,125.45999908447266,126.72000122070312,125.33000183105469,126.31999969482422,5305600,0.0,0.0,0.0
2014-04-10 00:00:00-04:00,126.94999694824219,127.37000274658203,126.81999969482422,127.01000213623047,5003200,0.0,0.0,0.0
2014-04-11 00:00:00-04:00,127.04000091552734,127.30999755859375,126.7300033569336,126.93000030517578,4697200,0.0,0.0,0.0
2014-04-14 00:00:00-04:00,127.80000305175781,128.25,127.62000274658203,127.8499984741211,6677400,0.0,0.0,0.0
2014-04-15 00:00:00-04:00,124.79000091552734,125.69999694824219,124.5999984741211,125.48999786376953,9967600,0.0,0.0,0.0
2014-04-16 00:00:00-04:00,125.37000274658203,125.56999969482422,125.02999877929688,125.54000091552734,4071300,0.0,0.0,0.0
2014-04-17 00:00:00-04:00,125.37999725341797,125.52999877929688,124.56999969482422,124.75,5901900,0.0,0.0,0.0
2014-04-21 00:00:00-04:00,124.06999969482422,124.33000183105469,123.76000213623047,124.23999786376953,6579200,0.0,0.0,0.0
2014-04-22 00:00:00-04:00,124.1500015258789,124.16000366210938,122.91999816894531,123.77999877929688,6898100,0.0,0.0,0.0
2014-04-23 00:00:00-04:00,123.69999694824219,123.94000244140625,123.37999725341797,123.76000213623047,3736600,0.0,0.0,0.0
2014-04-24 00:00:00-04:00,122.87000274658203,125.12000274658203,122.83999633789062,124.55999755859375,8754200,0.0,0.0,0.0
2014-04-25 00:00:00-04:00,125.16999816894531,125.70999908447266,125.06999969482422,125.43000030517578,7023700,0.0,0.0,0.0
2014-04-28 00:00:00-04:00,125.30000305175781,125.33999633789062,124.44999694824219,124.87999725341797,4897900,0.0,0.0,0.0
2014-04-29 00:00:00-04:00,124.94999694824219,125.37999725341797,124.6500015258789,124.86000061035156,5241600,0.0,0.0,0.0
2014-04-30 00:00:00-04:00,124.19000244140625,125.05000305175781,123.81999969482422,124.22000122070312,10352900,0.0,0.0,0.0
2014-05-01 00:00:00-04:00,123.16999816894531,123.83000183105469,123.05999755859375,123.80000305175781,6687300,0.0,0.0,0.0
2014-05-02 00:00:00-04:00,123.69000244140625,125.66999816894531,123.33000183105469,125.05999755859375,9912900,0.0,0.0,0.0
2014-05-05 00:00:00-04:00,126.47000122070312,126.62999725341797,126.0,126.22000122070312,5196500,0.0,0.0,0.0
2014-05-06 00:00:00-04:00,126.0199966430664,126.11000061035156,125.62999725341797,125.9800033569336,3488000,0.0,0.0,0.0
2014-05-07 00:00:00-04:00,125.5199966430664,125.56999969482422,123.91999816894531,124.16999816894531,8469900,0.0,0.0,0.0
2014-05-08 00:00:00-04:00,124.19000244140625,124.47000122070312,123.88999938964844,124.16999816894531,3695500,0.0,0.0,0.0
2014-05-09 00:00:00-04:00,124.38999938964844,124.47000122070312,123.81999969482422,124.0999984741211,3120000,0.0,0.0,0.0
2014-05-12 00:00:00-04:00,125.4000015258789,125.41999816894531,124.69000244140625,124.94000244140625,4025500,0.0,0.0,0.0
2014-05-13 00:00:00-04:00,124.79000091552734,125.0999984741211,124.5,124.5999984741211,2643500,0.0,0.0,0.0
2014-05-14 00:00:00-04:00,125.80000305175781,125.95999908447266,125.44000244140625,125.80999755859375,4015900,0.0,0.0,0.0
2014-05-15 00:00:00-04:00,124.7699966430664,125.51000213623047,124.54000091552734,124.7699966430664,5861100,0.0,0.0,0.0
2014-05-16 00:00:00-04:00,124.3499984741211,124.7699966430664,124.29000091552734,124.5,4052100,0.0,0.0,0.0
2014-05-19 00:00:00-04:00,125.27999877929688,125.47000122070312,124.4800033569336,124.58000183105469,3902600,0.0,0.0,0.0
2014-05-20 00:00:00-04:00,124.12000274658203,124.91000366210938,124.08999633789062,124.69000244140625,3770800,0.0,0.0,0.0
2014-05-21 00:00:00-04:00,124.25,124.55000305175781,123.52999877929688,124.38999938964844,6846500,0.0,0.0,0.0
2014-05-22 00:00:00-04:00,125.13999938964844,125.23999786376953,124.54000091552734,124.66999816894531,3458800,0.0,0.0,0.0
2014-05-23 00:00:00-04:00,124.5999984741211,124.66000366210938,124.19000244140625,124.51000213623047,2205900,0.0,0.0,0.0
2014-05-27 00:00:00-04:00,122.9800033569336,123.06999969482422,121.75,121.8499984741211,10895800,0.0,0.0,0.0
2014-05-28 00:00:00-04:00,121.47000122070312,121.69999694824219,120.91999816894531,121.19999694824219,6736800,0.0,0.0,0.0
2014-05-29 00:00:00-04:00,120.77999877929688,121.45999908447266,120.7699966430664,120.94000244140625,5551900,0.0,0.0,0.0
2014-05-30 00:00:00-04:00,120.76000213623047,120.80999755859375,119.62000274658203,120.43000030517578,8749600,0.0,0.0,0.0
2014-06-02 00:00:00-04:00,119.93000030517578,120.45999908447266,119.61000061035156,119.69999694824219,5916100,0.0,0.0,0.0
2014-06-03 00:00:00-04:00,119.7300033569336,120.08999633789062,119.41999816894531,120.01000213623047,5008300,0.0,0.0,0.0
2014-06-04 00:00:00-04:00,120.0999984741211,120.16000366210938,119.68000030517578,119.76000213623047,3859500,0.0,0.0,0.0
2014-06-05 00:00:00-04:00,120.55000305175781,120.87999725341797,120.43000030517578,120.66000366210938,4180400,0.0,0.0,0.0
2014-06-06 00:00:00-04:00,120.68000030517578,120.7699966430664,119.94000244140625,120.61000061035156,4807700,0.0,0.0,0.0
2014-06-09 00:00:00-04:00,120.79000091552734,120.8499984741211,120.56999969482422,120.6500015258789,2788000,0.0,0.0,0.0
2014-06-10 00:00:00-04:00,121.29000091552734,121.47000122070312,121.20999908447266,121.38999938964844,3556600,0.0,0.0,0.0
2014-06-11 00:00:00-04:00,121.51000213623047,121.61000061035156,121.18000030517578,121.41000366210938,3572300,0.0,0.0,0.0
2014-06-12 00:00:00-04:00,121.91999816894531,122.75,121.83000183105469,122.63999938964844,7388500,0.0,0.0,0.0
2014-06-13 00:00:00-04:00,122.56999969482422,123.04000091552734,122.51000213623047,122.95999908447266,4026600,0.0,0.0,0.0
2014-06-16 00:00:00-04:00,122.87999725341797,123.01000213623047,122.30000305175781,122.41999816894531,5832800,0.0,0.0,0.0
2014-06-17 00:00:00-04:00,121.8499984741211,122.5,121.81999969482422,122.27999877929688,4032800,0.0,0.0,0.0
2014-06-18 00:00:00-04:00,122.22000122070312,122.80000305175781,122.08999633789062,122.66999816894531,4601700,0.0,0.0,0.0
2014-06-19 00:00:00-04:00,124.33000183105469,127.2300033569336,124.31999969482422,126.94000244140625,24374800,0.0,0.0,0.0
2014-06-20 00:00:00-04:00,126.31999969482422,127.06999969482422,126.20999908447266,126.5,9954700,0.0,0.0,0.0
2014-06-23 00:00:00-04:00,126.6500015258789,126.94000244140625,126.37000274658203,126.8499984741211,5142800,0.0,0.0,0.0
2014-06-24 00:00:00-04:00,127.22000122070312,127.31999969482422,126.7300033569336,126.9800033569336,6350200,0.0,0.0,0.0
2014-06-25 00:00:00-04:00,126.77999877929688,127.55000305175781,126.66000366210938,126.98999786376953,6692300,0.0,0.0,0.0
2014-06-26 00:00:00-04:00,126.52999877929688,126.91999816894531,126.19999694824219,126.7300033569336,5529800,0.0,0.0,0.0
2014-06-27 00:00:00-04:00,126.87999725341797,127.16999816894531,126.6500015258789,126.66000366210938,4200300,0.0,0.0,0.0
2014-06-30 00:00:00-04:00,126.52999877929688,128.0399932861328,126.37000274658203,128.0399932861328,18123400,0.0,0.0,0.0
2014-07-01 00:00:00-04:00,127.98999786376953,128.1199951171875,127.48999786376953,127.69999694824219,8145900,0.0,0.0,0.0
2014-07-02 00:00:00-04:00,127.76000213623047,128.24000549316406,127.63999938964844,127.69999694824219,5738900,0.0,0.0,0.0
2014-07-03 00:00:00-04:00,126.79000091552734,127.29000091552734,126.61000061035156,127.16000366210938,4922500,0.0,0.0,0.0
2014-07-07 00:00:00-04:00,126.62999725341797,127.02999877929688,126.2300033569336,127.0199966430664,4630200,0.0,0.0,0.0
2014-07-08 00:00:00-04:00,127.29000091552734,127.52999877929688,126.43000030517578,127.06999969482422,6216600,0.0,0.0,0.0
2014-07-09 00:00:00-04:00,127.54000091552734,128.25999450683594,127.18000030517578,127.83999633789062,8362700,0.0,0.0,0.0
2014-07-10 00:00:00-04:00,129.11000061035156,129.2100067138672,128.49000549316406,128.5399932861328,6313300,0.0,0.0,0.0
2014-07-11 00:00:00-04:00,128.41000366210938,128.8300018310547,128.3800048828125,128.77999877929688,4322100,0.0,0.0,0.0
2014-07-14 00:00:00-04:00,125.5,126.0999984741211,125.44999694824219,125.72000122070312,11465500,0.0,0.0,0.0
2014-07-15 00:00:00-04:00,125.88999938964844,126.31999969482422,124.36000061035156,124.52999877929688,10541700,0.0,0.0,0.0
2014-07-16 00:00:00-04:00,125.0199966430664,125.47000122070312,124.77999877929688,124.97000122070312,4099800,0.0,0.0,0.0
2014-07-17 00:00:00-04:00,125.5199966430664,127.55000305175781,125.11000061035156,127.08999633789062,11423900,0.0,0.0,0.0
2014-07-18 00:00:00-04:00,125.79000091552734,126.20999908447266,125.66999816894531,126.12999725341797,6460900,0.0,0.0,0.0
2014-07-21 00:00:00-04:00,126.52999877929688,126.55000305175781,126.11000061035156,126.33999633789062,3296300,0.0,0.0,0.0
2014-07-22 00:00:00-04:00,126.33000183105469,126.43000030517578,125.47000122070312,125.73999786376953,3882000,0.0,0.0,0.0
2014-07-23 00:00:00-04:00,125.72000122070312,126.04000091552734,125.4000015258789,125.62000274658203,3041400,0.0,0.0,0.0
2014-07-24 00:00:00-04:00,124.8499984741211,124.87000274658203,123.9000015258789,124.3499984741211,8111600,0.0,0.0,0.0
2014-07-25 00:00:00-04:00,124.4800033569336,125.93000030517578,124.43000030517578,125.79000091552734,5638800,0.0,0.0,0.0
2014-07-28 00:00:00-04:00,125.44000244140625,125.66999816894531,125.30000305175781,125.58000183105469,3212900,0.0,0.0,0.0
2014-07-29 00:00:00-04:00,125.79000091552734,125.87999725341797,124.72000122070312,125.19999694824219,5267700,0.0,0.0,0.0
2014-07-30 00:00:00-04:00,124.88999938964844,124.93000030517578,124.41000366210938,124.83000183105469,5614800,0.0,0.0,0.0
2014-07-31 00:00:00-04:00,123.8499984741211,124.06999969482422,123.2300033569336,123.38999938964844,9896500,0.0,0.0,0.0
2014-08-01 00:00:00-04:00,124.54000091552734,124.80999755859375,124.2300033569336,124.37999725341797,7397000,0.0,0.0,0.0
2014-08-04 00:00:00-04:00,124.36000061035156,124.47000122070312,123.7300033569336,123.98999786376953,6499400,0.0,0.0,0.0
2014-08-05 00:00:00-04:00,123.73999786376953,124.5199966430664,123.4000015258789,123.87000274658203,8342500,0.0,0.0,0.0
2014-08-06 00:00:00-04:00,125.70999908447266,126.0,125.5199966430664,125.66999816894531,9327800,0.0,0.0,0.0
2014-08-07 00:00:00-04:00,125.47000122070312,126.51000213623047,125.37000274658203,126.18000030517578,7298900,0.0,0.0,0.0
2014-08-08 00:00:00-04:00,126.08000183105469,126.41000366210938,125.88999938964844,126.19000244140625,5728200,0.0,0.0,0.0
2014-08-11 00:00:00-04:00,125.83999633789062,126.04000091552734,125.63999938964844,125.95999908447266,3163500,0.0,0.0,0.0
2014-08-12 00:00:00-04:00,126.41999816894531,126.80999755859375,125.87000274658203,125.98999786376953,4609700,0.0,0.0,0.0
2014-08-13 00:00:00-04:00,126.3499984741211,126.52999877929688,125.9000015258789,126.19999694824219,3967500,0.0,0.0,0.0
2014-08-14 00:00:00-04:00,126.23999786376953,126.52999877929688,126.12999725341797,126.30999755859375,3348500,0.0,0.0,0.0
2014-08-15 00:00:00-04:00,124.5199966430664,126.06999969482422,124.41000366210938,125.4800033569336,13070500,0.0,0.0,0.0
2014-08-18 00:00:00-04:00,124.77999877929688,125.08000183105469,124.6500015258789,124.95999908447266,4952500,0.0,0.0,0.0
2014-08-19 00:00:00-04:00,125.0,125.0,124.4800033569336,124.68000030517578,4878400,0.0,0.0,0.0
2014-08-20 00:00:00-04:00,124.81999969482422,124.81999969482422,123.87999725341797,124.22000122070312,4395600,0.0,0.0,0.0
2014-08-21 00:00:00-04:00,122.72000122070312,123.23999786376953,122.44999694824219,122.87999725341797,8008800,0.0,0.0,0.0
2014-08-22 00:00:00-04:00,123.08999633789062,123.33000183105469,122.56999969482422,123.19000244140625,4739200,0.0,0.0,0.0
2014-08-25 00:00:00-04:00,122.91999816894531,123.04000091552734,122.72000122070312,122.73999786376953,5012400,0.0,0.0,0.0
2014-08-26 00:00:00-04:00,123.91999816894531,123.97000122070312,123.27999877929688,123.3499984741211,3882300,0.0,0.0,0.0
2014-08-27 00:00:00-04:00,123.5999984741211,123.70999908447266,123.25,123.31999969482422,2576800,0.0,0.0,0.0
2014-08-28 00:00:00-04:00,124.1500015258789,124.33000183105469,123.80999755859375,124.0,3296700,0.0,0.0,0.0
2014-08-29 00:00:00-04:00,123.75,124.22000122070312,123.62000274658203,123.86000061035156,3683500,0.0,0.0,0.0
2014-09-02 00:00:00-04:00,121.97000122070312,122.08000183105469,121.43000030517578,121.6500015258789,10128600,0.0,0.0,0.0
2014-09-03 00:00:00-04:00,121.69999694824219,122.19999694824219,121.66000366210938,122.1500015258789,3414600,0.0,0.0,0.0
2014-09-04 00:00:00-04:00,122.4800033569336,122.66000366210938,121.25,121.4800033569336,7310600,0.0,0.0,0.0
2014-09-05 00:00:00-04:00,121.83000183105469,122.05999755859375,121.62999725341797,122.05999755859375,3490100,0.0,0.0,0.0
2014-09-08 00:00:00-04:00,121.58000183105469,121.61000061035156,120.37000274658203,120.7300033569336,7506500,0.0,0.0,0.0
2014-09-09 00:00:00-04:00,120.56999969482422,120.94000244140625,120.0,120.87000274658203,6157300,0.0,0.0,0.0
2014-09-10 00:00:00-04:00,120.12999725341797,120.54000091552734,119.63999938964844,120.26000213623047,7021500,0.0,0.0,0.0
2014-09-11 00:00:00-04:00,119.61000061035156,119.69999694824219,118.7699966430664,119.47000122070312,7612000,0.0,0.0,0.0
2014-09-12 00:00:00-04:00,118.62999725341797,118.9000015258789,118.06999969482422,118.37999725341797,8126500,0.0,0.0,0.0
2014-09-15 00:00:00-04:00,118.79000091552734,118.86000061035156,118.45999908447266,118.63999938964844,4775400,0.0,0.0,0.0
2014-09-16 00:00:00-04:00,118.8499984741211,119.43000030517578,118.44000244140625,118.83000183105469,6544500,0.0,0.0,0.0
2014-09-17 00:00:00-04:00,118.94999694824219,119.23999786376953,117.5,117.54000091552734,8328700,0.0,0.0,0.0
2014-09-18 00:00:00-04:00,117.41000366210938,118.08999633789062,117.19000244140625,117.77999877929688,5368700,0.0,0.0,0.0
2014-09-19 00:00:00-04:00,117.51000213623047,117.56999969482422,116.72000122070312,117.08999633789062,10930200,0.0,0.0,0.0
2014-09-22 00:00:00-04:00,116.72000122070312,117.37000274658203,116.58000183105469,116.8499984741211,7601600,0.0,0.0,0.0
2014-09-23 00:00:00-04:00,117.98999786376953,117.98999786376953,117.30999755859375,117.5999984741211,4664800,0.0,0.0,0.0
2014-09-24 00:00:00-04:00,117.12000274658203,117.72000122070312,116.9000015258789,117.05000305175781,5515000,0.0,0.0,0.0
2014-09-25 00:00:00-04:00,116.30000305175781,117.76000213623047,116.19999694824219,117.38999938964844,7631700,0.0,0.0,0.0
2014-09-26 00:00:00-04:00,117.0199966430664,117.0999984741211,116.58000183105469,117.05999755859375,4185200,0.0,0.0,0.0
2014-09-29 00:00:00-04:00,117.2699966430664,117.4000015258789,116.9000015258789,117.02999877929688,4049500,0.0,0.0,0.0
2014-09-30 00:00:00-04:00,116.54000091552734,117.3499984741211,115.8499984741211,116.20999908447266,10170100,0.0,0.0,0.0
2014-10-01 00:00:00-04:00,116.61000061035156,117.26000213623047,116.58999633789062,116.7699966430664,7018800,0.0,0.0,0.0
2014-10-02 00:00:00-04:00,116.86000061035156,117.20999908447266,116.33000183105469,116.73999786376953,6349900,0.0,0.0,0.0
2014-10-03 00:00:00-04:00,115.16999816894531,115.51000213623047,114.41999816894531,114.61000061035156,11301300,0.0,0.0,0.0
2014-10-06 00:00:00-04:00,115.16000366210938,116.30999755859375,114.94000244140625,116.02999877929688,7644100,0.0,0.0,0.0
2014-10-07 00:00:00-04:00,116.30999755859375,116.62999725341797,116.08999633789062,116.36000061035156,5274700,0.0,0.0,0.0
2014-10-08 00:00:00-04:00,117.02999877929688,117.70999908447266,115.8499984741211,117.47000122070312,10670900,0.0,0.0,0.0
2014-10-09 00:00:00-04:00,117.86000061035156,118.26000213623047,117.48999786376953,117.63999938964844,6610500,0.0,0.0,0.0
2014-10-10 00:00:00-04:00,117.69999694824219,117.73999786376953,117.19000244140625,117.58999633789062,4651400,0.0,0.0,0.0
2014-10-13 00:00:00-04:00,118.13999938964844,118.66999816894531,117.93000030517578,118.5199966430664,5396300,0.0,0.0,0.0
2014-10-14 00:00:00-04:00,118.58000183105469,118.81999969482422,118.3499984741211,118.58999633789062,5174800,0.0,0.0,0.0
2014-10-15 00:00:00-04:00,119.2300033569336,120.18000030517578,118.58999633789062,118.98999786376953,9453800,0.0,0.0,0.0
2014-10-16 00:00:00-04:00,119.0199966430664,119.6500015258789,118.87999725341797,119.22000122070312,6545400,0.0,0.0,0.0
2014-10-17 00:00:00-04:00,119.05999755859375,119.2300033569336,118.41999816894531,118.98999786376953,8059000,0.0,0.0,0.0
2014-10-20 00:00:00-04:00,119.68000030517578,119.86000061035156,119.54000091552734,119.80000305175781,3033700,0.0,0.0,0.0
2014-10-21 00:00:00-04:00,120.2699966430664,120.5,119.91000366210938,120.0199966430664,4566100,0.0,0.0,0.0
2014-10-22 00:00:00-04:00,119.69000244140625,119.79000091552734,119.25,119.33999633789062,3740200,0.0,0.0,0.0
2014-10-23 00:00:00-04:00,118.70999908447266,118.81999969482422,117.87999725341797,118.5199966430664,6417500,0.0,0.0,0.0
2014-10-24 00:00:00-04:00,118.62000274658203,118.62999725341797,118.12000274658203,118.3499984741211,3610600,0.0,0.0,0.0
2014-10-27 00:00:00-04:00,118.18000030517578,118.37000274658203,118.01000213623047,118.05999755859375,2443600,0.0,0.0,0.0
2014-10-28 00:00:00-04:00,118.4800033569336,118.4800033569336,118.01000213623047,118.0999984741211,3260100,0.0,0.0,0.0
2014-10-29 00:00:00-04:00,117.6500015258789,117.91000366210938,116.13999938964844,116.41000366210938,7900800,0.0,0.0,0.0
2014-10-30 00:00:00-04:00,115.80000305175781,115.83000183105469,114.94000244140625,115.19000244140625,7852200,0.0,0.0,0.0
2014-10-31 00:00:00-04:00,111.83000183105469,112.87999725341797,111.66000366210938,112.66000366210938,18208200,0.0,0.0,0.0
2014-11-03 00:00:00-05:00,112.38999938964844,112.68000030517578,112.0,112.1500015258789,6589800,0.0,0.0,0.0
2014-11-04 00:00:00-05:00,112.12000274658203,112.70999908447266,112.08000183105469,112.22000122070312,6430100,0.0,0.0,0.0
2014-11-05 00:00:00-05:00,109.91999816894531,110.83999633789062,109.66999816894531,109.79000091552734,13560100,0.0,0.0,0.0
2014-11-06 00:00:00-05:00,109.91999816894531,110.48999786376953,109.75,109.87999725341797,7019900,0.0,0.0,0.0
2014-11-07 00:00:00-05:00,110.77999877929688,113.1500015258789,110.7300033569336,112.97000122070312,10916500,0.0,0.0,0.0
2014-11-10 00:00:00-05:00,112.23999786376953,112.23999786376953,110.27999877929688,110.45999908447266,8548500,0.0,0.0,0.0
2014-11-11 00:00:00-05:00,111.08000183105469,112.76000213623047,110.87000274658203,112.04000091552734,8603200,0.0,0.0,0.0
2014-11-12 00:00:00-05:00,112.05000305175781,112.16999816894531,111.2300033569336,111.5,5133300,0.0,0.0,0.0
2014-11-13 00:00:00-05:00,111.88999938964844,112.26000213623047,111.22000122070312,111.66999816894531,4874600,0.0,0.0,0.0
2014-11-14 00:00:00-05:00,110.76000213623047,114.72000122070312,110.6500015258789,114.47000122070312,14173600,0.0,0.0,0.0
2014-11-17 00:00:00-05:00,113.97000122070312,114.2699966430664,113.55999755859375,114.05000305175781,5441000,0.0,0.0,0.0
2014-11-18 00:00:00-05:00,114.86000061035156,115.16999816894531,114.55000305175781,115.05000305175781,5586700,0.0,0.0,0.0
2014-11-19 00:00:00-05:00,114.93000030517578,115.3499984741211,112.87999725341797,113.68000030517578,11997700,0.0,0.0,0.0
2014-11-20 00:00:00-05:00,114.56999969482422,115.0199966430664,114.08999633789062,114.86000061035156,5607800,0.0,0.0,0.0
2014-11-21 00:00:00-05:00,115.58000183105469,115.95999908447266,114.47000122070312,115.38999938964844,6564300,0.0,0.0,0.0
2014-11-24 00:00:00-05:00,115.1500015258789,115.37000274658203,114.79000091552734,115.11000061035156,4695000,0.0,0.0,0.0
2014-11-25 00:00:00-05:00,115.0999984741211,115.47000122070312,114.9000015258789,115.37999725341797,9051800,0.0,0.0,0.0
2014-11-26 00:00:00-05:00,115.25,115.33999633789062,114.9800033569336,115.16000366210938,3184000,0.0,0.0,0.0
2014-11-28 00:00:00-05:00,113.52999877929688,113.83000183105469,111.94999694824219,112.11000061035156,9616300,0.0,0.0,0.0
2014-12-01 00:00:00-05:00,113.80000305175781,117.36000061035156,113.73999786376953,116.58000183105469,15644000,0.0,0.0,0.0
2014-12-02 00:00:00-05:00,115.12999725341797,115.70999908447266,114.72000122070312,115.13999938964844,6378100,0.0,0.0,0.0
2014-12-03 00:00:00-05:00,115.68000030517578,116.76000213623047,115.55999755859375,116.33000183105469,5758800,0.0,0.0,0.0
2014-12-04 00:00:00-05:00,116.01000213623047,116.33999633789062,115.61000061035156,115.87999725341797,3623600,0.0,0.0,0.0
2014-12-05 00:00:00-05:00,115.16000366210938,115.18000030517578,114.23999786376953,114.43000030517578,6331000,0.0,0.0,0.0
2014-12-08 00:00:00-05:00,114.97000122070312,116.16000366210938,114.45999908447266,115.77999877929688,5224500,0.0,0.0,0.0
2014-12-09 00:00:00-05:00,117.04000091552734,118.98999786376953,116.9800033569336,118.19000244140625,10467200,0.0,0.0,0.0
2014-12-10 00:00:00-05:00,118.1500015258789,118.47000122070312,117.80999755859375,117.95999908447266,4277400,0.0,0.0,0.0
2014-12-11 00:00:00-05:00,116.9800033569336,118.37999725341797,116.81999969482422,117.69000244140625,5214500,0.0,0.0,0.0
2014-12-12 00:00:00-05:00,117.38999938964844,117.80000305175781,116.68000030517578,117.41000366210938,4736500,0.0,0.0,0.0
2014-12-15 00:00:00-05:00,116.22000122070312,116.97000122070312,114.36000061035156,114.38999938964844,8796000,0.0,0.0,0.0
2014-12-16 00:00:00-05:00,116.27999877929688,116.5,114.06999969482422,114.94999694824219,9174000,0.0,0.0,0.0
2014-12-17 00:00:00-05:00,115.0999984741211,115.4800033569336,113.58000183105469,114.2699966430664,9097300,0.0,0.0,0.0
2014-12-18 00:00:00-05:00,115.58999633789062,115.80999755859375,114.58000183105469,115.1500015258789,5258100,0.0,0.0,0.0
2014-12-19 00:00:00-05:00,115.05999755859375,115.22000122070312,114.7699966430664,114.7699966430664,4652300,0.0,0.0,0.0
2014-12-22 00:00:00-05:00,114.80999755859375,114.97000122070312,112.41000366210938,112.55000305175781,7483200,0.0,0.0,0.0
2014-12-23 00:00:00-05:00,112.87999725341797,113.31999969482422,112.61000061035156,112.73999786376953,7763300,0.0,0.0,0.0
2014-12-24 00:00:00-05:00,112.83000183105469,112.91999816894531,112.66000366210938,112.7699966430664,1501600,0.0,0.0,0.0
2014-12-26 00:00:00-05:00,114.81999969482422,114.9800033569336,114.52999877929688,114.83000183105469,3765600,0.0,0.0,0.0
2014-12-29 00:00:00-05:00,114.61000061035156,114.63999938964844,113.2300033569336,113.66999816894531,12963700,0.0,0.0,0.0
2014-12-30 00:00:00-05:00,114.98999786376953,116.26000213623047,114.9000015258789,115.19999694824219,7987300,0.0,0.0,0.0
2014-12-31 00:00:00-05:00,114.88999938964844,115.0,113.27999877929688,113.58000183105469,7624200,0.0,0.0,0.0
2015-01-02 00:00:00-05:00,112.48999786376953,114.80000305175781,112.31999969482422,114.08000183105469,7109600,0.0,0.0,0.0
2015-01-05 00:00:00-05:00,114.77999877929688,116.0,114.7300033569336,115.80000305175781,8177400,0.0,0.0,0.0
2015-01-06 00:00:00-05:00,116.22000122070312,117.5,115.80000305175781,117.12000274658203,11238300,0.0,0.0,0.0
2015-01-07 00:00:00-05:00,116.47000122070312,116.87999725341797,116.16999816894531,116.43000030517578,6434200,0.0,0.0,0.0
2015-01-08 00:00:00-05:00,116.44999694824219,116.87000274658203,115.8499984741211,115.94000244140625,7033700,0.0,0.0,0.0
2015-01-09 00:00:00-05:00,116.51000213623047,117.33999633789062,116.5,117.26000213623047,7962900,0.0,0.0,0.0
2015-01-12 00:00:00-05:00,117.45999908447266,118.70999908447266,117.31999969482422,118.55999755859375,8318200,0.0,0.0,0.0
2015-01-13 00:00:00-05:00,118.95999908447266,119.19000244140625,117.87000274658203,118.16000366210938,7693200,0.0,0.0,0.0
2015-01-14 00:00:00-05:00,119.08000183105469,119.31999969482422,117.9000015258789,117.97000122070312,7727400,0.0,0.0,0.0
2015-01-15 00:00:00-05:00,120.41000366210938,121.69999694824219,120.33999633789062,120.94000244140625,17692500,0.0,0.0,0.0
2015-01-16 00:00:00-05:00,121.7300033569336,123.1500015258789,121.70999908447266,122.5199966430664,14428200,0.0,0.0,0.0
2015-01-20 00:00:00-05:00,123.62999725341797,124.5999984741211,123.48999786376953,124.19999694824219,14968600,0.0,0.0,0.0
2015-01-21 00:00:00-05:00,125.18000030517578,125.33999633789062,123.37000274658203,124.2300033569336,11082700,0.0,0.0,0.0
2015-01-22 00:00:00-05:00,125.06999969482422,125.58000183105469,124.1500015258789,125.2300033569336,10518400,0.0,0.0,0.0
2015-01-23 00:00:00-05:00,124.43000030517578,124.5,123.3499984741211,124.2300033569336,6270900,0.0,0.0,0.0
2015-01-26 00:00:00-05:00,123.33000183105469,123.33999633789062,122.5199966430664,122.98999786376953,6768600,0.0,0.0,0.0
2015-01-27 00:00:00-05:00,123.55999755859375,124.63999938964844,123.51000213623047,124.4000015258789,9584800,0.0,0.0,0.0
2015-01-28 00:00:00-05:00,123.5199966430664,123.88999938964844,122.94000244140625,123.41999816894531,8470600,0.0,0.0,0.0
2015-01-29 00:00:00-05:00,121.98999786376953,122.29000091552734,120.26000213623047,120.76000213623047,11998000,0.0,0.0,0.0
2015-01-30 00:00:00-05:00,121.30000305175781,123.55000305175781,120.91999816894531,123.44999694824219,14555900,0.0,0.0,0.0
2015-02-02 00:00:00-05:00,121.83999633789062,123.16000366210938,121.81999969482422,122.41999816894531,8885200,0.0,0.0,0.0
2015-02-03 00:00:00-05:00,121.73999786376953,121.76000213623047,120.55999755859375,121.05000305175781,8255900,0.0,0.0,0.0
2015-02-04 00:00:00-05:00,121.62999725341797,122.22000122070312,120.91999816894531,121.58000183105469,5386700,0.0,0.0,0.0
2015-02-05 00:00:00-05:00,120.9800033569336,121.83000183105469,120.61000061035156,121.79000091552734,6879900,0.0,0.0,0.0
2015-02-06 00:00:00-05:00,119.1500015258789,119.5199966430664,117.94999694824219,118.63999938964844,13206900,0.0,0.0,0.0
2015-02-09 00:00:00-05:00,118.83000183105469,119.4000015258789,118.7699966430664,119.16999816894531,5237200,0.0,0.0,0.0
2015-02-10 00:00:00-05:00,118.62999725341797,119.05999755859375,118.20999908447266,118.47000122070312,4086300,0.0,0.0,0.0
2015-02-11 00:00:00-05:00,118.48999786376953,118.56999969482422,117.0,117.06999969482422,6784400,0.0,0.0,0.0
2015-02-12 00:00:00-05:00,117.68000030517578,117.81999969482422,117.08999633789062,117.33999633789062,4344400,0.0,0.0,0.0
2015-02-13 00:00:00-05:00,118.05000305175781,118.58000183105469,117.79000091552734,117.9800033569336,4108900,0.0,0.0,0.0
2015-02-17 00:00:00-05:00,116.4000015258789,116.54000091552734,115.58000183105469,116.01000213623047,7225200,0.0,0.0,0.0
2015-02-18 00:00:00-05:00,115.98999786376953,116.52999877929688,114.98999786376953,116.33999633789062,8336000,0.0,0.0,0.0
2015-02-19 00:00:00-05:00,116.4000015258789,116.54000091552734,115.73999786376953,115.94000244140625,6528700,0.0,0.0,0.0
2015-02-20 00:00:00-05:00,116.0999984741211,116.45999908447266,115.05000305175781,115.27999877929688,6681700,0.0,0.0,0.0
2015-02-23 00:00:00-05:00,115.11000061035156,116.22000122070312,115.06999969482422,115.43000030517578,4812400,0.0,0.0,0.0
2015-02-24 00:00:00-05:00,115.0,115.55000305175781,114.29000091552734,115.26000213623047,7612900,0.0,0.0,0.0
2015-02-25 00:00:00-05:00,115.83000183105469,115.88999938964844,115.33000183105469,115.69999694824219,5032500,0.0,0.0,0.0
2015-02-26 00:00:00-05:00,116.54000091552734,116.55000305175781,115.83000183105469,116.06999969482422,4025400,0.0,0.0,0.0
2015-02-27 00:00:00-05:00,116.73999786376953,117.06999969482422,116.16000366210938,116.16000366210938,8255600,0.0,0.0,0.0
2015-03-02 00:00:00-05:00,116.5,116.63999938964844,115.62000274658203,115.68000030517578,7993300,0.0,0.0,0.0
2015-03-03 00:00:00-05:00,116.04000091552734,116.61000061035156,115.3499984741211,115.47000122070312,4738300,0.0,0.0,0.0
2015-03-04 00:00:00-05:00,115.69999694824219,115.79000091552734,115.0199966430664,115.11000061035156,4762400,0.0,0.0,0.0
2015-03-05 00:00:00-05:00,115.43000030517578,116.12000274658203,114.83999633789062,115.0,5872200,0.0,0.0,0.0
2015-03-06 00:00:00-05:00,113.16999816894531,113.26000213623047,111.69999694824219,111.86000061035156,11190800,0.0,0.0,0.0
2015-03-09 00:00:00-04:00,112.41999816894531,112.62000274658203,111.94999694824219,111.97000122070312,5534000,0.0,0.0,0.0
2015-03-10 00:00:00-04:00,112.08999633789062,112.3499984741211,111.22000122070312,111.41999816894531,7019800,0.0,0.0,0.0
2015-03-11 00:00:00-04:00,111.2300033569336,111.25,110.16000366210938,110.75,6550400,0.0,0.0,0.0
2015-03-12 00:00:00-04:00,111.1500015258789,111.19999694824219,110.25,110.72000122070312,6631500,0.0,0.0,0.0
2015-03-13 00:00:00-04:00,111.0999984741211,111.27999877929688,110.51000213623047,110.87999725341797,4557600,0.0,0.0,0.0
2015-03-16 00:00:00-04:00,111.08999633789062,111.20999908447266,110.41999816894531,110.80999755859375,3265300,0.0,0.0,0.0
2015-03-17 00:00:00-04:00,109.91999816894531,111.3499984741211,109.7699966430664,110.20999908447266,8923300,0.0,0.0,0.0
2015-03-18 00:00:00-04:00,110.33000183105469,112.87000274658203,110.08999633789062,112.37000274658203,12448000,0.0,0.0,0.0
2015-03-19 00:00:00-04:00,111.8499984741211,112.58000183105469,111.58000183105469,112.29000091552734,6537700,0.0,0.0,0.0
2015-03-20 00:00:00-04:00,112.70999908447266,114.0,112.66999816894531,113.56999969482422,8033400,0.0,0.0,0.0
2015-03-23 00:00:00-04:00,113.69999694824219,114.37000274658203,113.48999786376953,114.29000091552734,4240300,0.0,0.0,0.0
2015-03-24 00:00:00-04:00,114.3499984741211,114.6500015258789,113.81999969482422,114.56999969482422,2979300,0.0,0.0,0.0
2015-03-25 00:00:00-04:00,115.11000061035156,115.13999938964844,114.6500015258789,114.7300033569336,3021400,0.0,0.0,0.0
2015-03-26 00:00:00-04:00,115.7300033569336,115.83999633789062,115.33999633789062,115.4800033569336,5495200,0.0,0.0,0.0
2015-03-27 00:00:00-04:00,115.13999938964844,115.36000061035156,114.44999694824219,115.05999755859375,4921700,0.0,0.0,0.0
2015-03-30 00:00:00-04:00,113.9000015258789,114.01000213623047,113.54000091552734,113.75,4383900,0.0,0.0,0.0
2015-03-31 00:00:00-04:00,113.83999633789062,114.27999877929688,113.41000366210938,113.66000366210938,4383300,0.0,0.0,0.0
2015-04-01 00:00:00-04:00,114.55999755859375,115.98999786376953,114.54000091552734,115.5999984741211,7324000,0.0,0.0,0.0
2015-04-02 00:00:00-04:00,115.47000122070312,115.72000122070312,114.68000030517578,115.27999877929688,3884100,0.0,0.0,0.0
2015-04-06 00:00:00-04:00,117.31999969482422,117.47000122070312,116.5199966430664,116.69000244140625,5914200,0.0,0.0,0.0
2015-04-07 00:00:00-04:00,116.2699966430664,116.51000213623047,115.94000244140625,116.11000061035156,2468500,0.0,0.0,0.0
2015-04-08 00:00:00-04:00,115.9800033569336,116.02999877929688,114.9000015258789,115.47000122070312,5568500,0.0,0.0,0.0
2015-04-09 00:00:00-04:00,114.80000305175781,114.8499984741211,114.4800033569336,114.66999816894531,4707000,0.0,0.0,0.0
2015-04-10 00:00:00-04:00,116.0,116.19000244140625,115.5,115.97000122070312,3932400,0.0,0.0,0.0
2015-04-13 00:00:00-04:00,115.3499984741211,115.38999938964844,114.80000305175781,115.13999938964844,3190100,0.0,0.0,0.0
2015-04-14 00:00:00-04:00,114.69000244140625,115.06999969482422,114.38999938964844,114.44000244140625,3651500,0.0,0.0,0.0
2015-04-15 00:00:00-04:00,114.80000305175781,115.5999984741211,114.47000122070312,115.43000030517578,3656000,0.0,0.0,0.0
2015-04-16 00:00:00-04:00,115.55000305175781,115.66000366210938,114.63999938964844,115.02999877929688,3132300,0.0,0.0,0.0
2015-04-17 00:00:00-04:00,115.37999725341797,115.79000091552734,115.2300033569336,115.5999984741211,3496300,0.0,0.0,0.0
2015-04-20 00:00:00-04:00,114.81999969482422,114.94999694824219,114.31999969482422,114.72000122070312,3932800,0.0,0.0,0.0
2015-04-21 00:00:00-04:00,114.72000122070312,115.55999755859375,114.6500015258789,115.37999725341797,3317700,0.0,0.0,0.0
2015-04-22 00:00:00-04:00,114.83000183105469,114.95999908447266,113.7699966430664,113.83000183105469,5696000,0.0,0.0,0.0
2015-04-23 00:00:00-04:00,113.9000015258789,114.95999908447266,113.80999755859375,114.66000366210938,3459500,0.0,0.0,0.0
2015-04-24 00:00:00-04:00,113.95999908447266,114.06999969482422,112.7699966430664,113.05000305175781,7152900,0.0,0.0,0.0
2015-04-27 00:00:00-04:00,113.87000274658203,115.81999969482422,113.66999816894531,115.33000183105469,7487600,0.0,0.0,0.0
2015-04-28 00:00:00-04:00,115.36000061035156,116.62000274658203,115.33999633789062,116.33000183105469,8054400,0.0,0.0,0.0
2015-04-29 00:00:00-04:00,116.05999755859375,116.38999938964844,115.27999877929688,115.51000213623047,7170500,0.0,0.0,0.0
2015-04-30 00:00:00-04:00,113.87999725341797,113.87999725341797,112.95999908447266,113.47000122070312,9440300,0.0,0.0,0.0
2015-05-01 00:00:00-04:00,112.41999816894531,113.30999755859375,112.27999877929688,113.08000183105469,7597000,0.0,0.0,0.0
2015-05-04 00:00:00-04:00,114.18000030517578,114.44000244140625,113.87999725341797,114.0999984741211,3648100,0.0,0.0,0.0
2015-05-05 00:00:00-04:00,114.88999938964844,115.11000061035156,114.38999938964844,114.41999816894531,3856500,0.0,0.0,0.0
2015-05-06 00:00:00-04:00,114.58999633789062,114.75,114.0199966430664,114.36000061035156,3280700,0.0,0.0,0.0
2015-05-07 00:00:00-04:00,113.83999633789062,114.01000213623047,113.31999969482422,113.41999816894531,5455100,0.0,0.0,0.0
2015-05-08 00:00:00-04:00,114.33999633789062,114.43000030517578,113.58999633789062,113.97000122070312,9964100,0.0,0.0,0.0
2015-05-11 00:00:00-04:00,114.08999633789062,114.30999755859375,113.08000183105469,113.52999877929688,2916700,0.0,0.0,0.0
2015-05-12 00:00:00-04:00,114.0999984741211,114.66999816894531,114.05999755859375,114.5,3256700,0.0,0.0,0.0
2015-05-13 00:00:00-04:00,115.73999786376953,116.93000030517578,115.68000030517578,116.55000305175781,11768200,0.0,0.0,0.0
2015-05-14 00:00:00-04:00,117.27999877929688,117.75,117.02999877929688,117.18000030517578,6923000,0.0,0.0,0.0
2015-05-15 00:00:00-04:00,116.80000305175781,117.62999725341797,116.68000030517578,117.52999877929688,4447300,0.0,0.0,0.0
2015-05-18 00:00:00-04:00,117.77999877929688,117.87999725341797,117.2699966430664,117.5199966430664,5079900,0.0,0.0,0.0
2015-05-19 00:00:00-04:00,116.55000305175781,116.7300033569336,115.6500015258789,115.88999938964844,5052100,0.0,0.0,0.0
2015-05-20 00:00:00-04:00,116.02999877929688,116.37999725341797,115.76000213623047,116.08000183105469,4432600,0.0,0.0,0.0
2015-05-21 00:00:00-04:00,115.52999877929688,116.0,115.47000122070312,115.69000244140625,2514700,0.0,0.0,0.0
2015-05-22 00:00:00-04:00,115.51000213623047,115.93000030517578,115.31999969482422,115.5999984741211,1780200,0.0,0.0,0.0
2015-05-26 00:00:00-04:00,113.83999633789062,114.2300033569336,113.69999694824219,113.91000366210938,5769600,0.0,0.0,0.0
2015-05-27 00:00:00-04:00,113.77999877929688,114.01000213623047,113.62999725341797,113.88999938964844,2681100,0.0,0.0,0.0
2015-05-28 00:00:00-04:00,113.8499984741211,114.16000366210938,113.20999908447266,114.0199966430664,5266000,0.0,0.0,0.0
2015-05-29 00:00:00-04:00,114.13999938964844,114.4800033569336,114.0,114.0999984741211,3407500,0.0,0.0,0.0
2015-06-01 00:00:00-04:00,115.0199966430664,115.5,113.9000015258789,114.0,8254000,0.0,0.0,0.0
2015-06-02 00:00:00-04:00,114.36000061035156,114.6500015258789,114.16999816894531,114.45999908447266,3988600,0.0,0.0,0.0
2015-06-03 00:00:00-04:00,114.12999725341797,114.37000274658203,113.08000183105469,113.63999938964844,4885200,0.0,0.0,0.0
2015-06-04 00:00:00-04:00,112.9800033569336,113.1500015258789,112.4800033569336,112.83999633789062,5566600,0.0,0.0,0.0
2015-06-05 00:00:00-04:00,111.5999984741211,112.38999938964844,111.56999969482422,112.23999786376953,5561300,0.0,0.0,0.0
2015-06-08 00:00:00-04:00,112.38999938964844,112.66000366210938,112.12999725341797,112.56999969482422,3122100,0.0,0.0,0.0
2015-06-09 00:00:00-04:00,113.1500015258789,113.2300033569336,112.70999908447266,112.81999969482422,3529900,0.0,0.0,0.0
2015-06-10 00:00:00-04:00,114.13999938964844,114.13999938964844,113.69000244140625,113.77999877929688,5452900,0.0,0.0,0.0
2015-06-11 00:00:00-04:00,113.2699966430664,113.41000366210938,112.91999816894531,113.26000213623047,4434700,0.0,0.0,0.0
2015-06-12 00:00:00-04:00,113.05999755859375,113.5,112.95999908447266,113.2300033569336,2998500,0.0,0.0,0.0
2015-06-15 00:00:00-04:00,113.27999877929688,114.1500015258789,113.20999908447266,113.7300033569336,5055100,0.0,0.0,0.0
2015-06-16 00:00:00-04:00,113.08000183105469,113.44999694824219,112.79000091552734,113.31999969482422,4033300,0.0,0.0,0.0
2015-06-17 00:00:00-04:00,113.06999969482422,114.04000091552734,112.62999725341797,113.8499984741211,6456000,0.0,0.0,0.0
2015-06-18 00:00:00-04:00,115.19000244140625,115.61000061035156,114.88999938964844,115.31999969482422,8041300,0.0,0.0,0.0
2015-06-19 00:00:00-04:00,115.33999633789062,115.45999908447266,114.94999694824219,115.12000274658203,4611600,0.0,0.0,0.0
2015-06-22 00:00:00-04:00,113.79000091552734,113.94000244140625,113.33999633789062,113.63999938964844,5763700,0.0,0.0,0.0
2015-06-23 00:00:00-04:00,112.95999908447266,113.16999816894531,112.79000091552734,112.88999938964844,4522800,0.0,0.0,0.0
2015-06-24 00:00:00-04:00,112.4800033569336,112.73999786376953,112.30999755859375,112.58999633789062,2975500,0.0,0.0,0.0
2015-06-25 00:00:00-04:00,112.43000030517578,112.70999908447266,112.31999969482422,112.44000244140625,2904700,0.0,0.0,0.0
2015-06-26 00:00:00-04:00,112.19999694824219,112.68000030517578,112.12999725341797,112.55999755859375,4392600,0.0,0.0,0.0
2015-06-29 00:00:00-04:00,112.80999755859375,113.2300033569336,112.52999877929688,113.06999969482422,5820200,0.0,0.0,0.0
2015-06-30 00:00:00-04:00,112.23999786376953,113.05000305175781,111.83999633789062,112.37000274658203,7897000,0.0,0.0,0.0
2015-07-01 00:00:00-04:00,112.12000274658203,112.51000213623047,111.94000244140625,111.9800033569336,4409000,0.0,0.0,0.0
2015-07-02 00:00:00-04:00,111.66000366210938,111.83999633789062,111.41000366210938,111.76000213623047,3838600,0.0,0.0,0.0
2015-07-06 00:00:00-04:00,111.70999908447266,112.58000183105469,111.62999725341797,112.05999755859375,4259800,0.0,0.0,0.0
2015-07-07 00:00:00-04:00,111.08000183105469,111.13999938964844,110.05000305175781,110.76000213623047,9073400,0.0,0.0,0.0
2015-07-08 00:00:00-04:00,111.37999725341797,111.6500015258789,111.08000183105469,111.08999633789062,5694900,0.0,0.0,0.0
2015-07-09 00:00:00-04:00,111.80000305175781,111.93000030517578,111.1500015258789,111.36000061035156,3802900,0.0,0.0,0.0
2015-07-10 00:00:00-04:00,111.18000030517578,111.70999908447266,111.02999877929688,111.48999786376953,3594900,0.0,0.0,0.0
2015-07-13 00:00:00-04:00,110.43000030517578,111.13999938964844,110.36000061035156,110.98999786376953,4279300,0.0,0.0,0.0
2015-07-14 00:00:00-04:00,111.0,111.08000183105469,110.62999725341797,110.73999786376953,2601000,0.0,0.0,0.0
2015-07-15 00:00:00-04:00,110.0,110.19000244140625,109.58000183105469,110.16000366210938,9286200,0.0,0.0,0.0
2015-07-16 00:00:00-04:00,109.66999816894531,110.01000213623047,109.5999984741211,109.76000213623047,4629700,0.0,0.0,0.0
2015-07-17 00:00:00-04:00,109.11000061035156,109.16000366210938,108.4000015258789,108.6500015258789,14858300,0.0,0.0,0.0
2015-07-20 00:00:00-04:00,106.5999984741211,106.6500015258789,105.62000274658203,105.69999694824219,15751700,0.0,0.0,0.0
2015-07-21 00:00:00-04:00,105.80999755859375,106.31999969482422,105.25,105.37000274658203,10519800,0.0,0.0,0.0
2015-07-22 00:00:00-04:00,104.38999938964844,105.08999633789062,104.18000030517578,104.80000305175781,8349200,0.0,0.0,0.0
2015-07-23 00:00:00-04:00,104.9800033569336,105.30000305175781,104.19999694824219,104.33000183105469,5779300,0.0,0.0,0.0
2015-07-24 00:00:00-04:00,103.61000061035156,105.58999633789062,103.43000030517578,105.3499984741211,11572700,0.0,0.0,0.0
2015-07-27 00:00:00-04:00,104.94000244140625,105.68000030517578,104.66000366210938,104.86000061035156,10690100,0.0,0.0,0.0
2015-07-28 00:00:00-04:00,105.08999633789062,105.33000183105469,104.83000183105469,105.0199966430664,5549200,0.0,0.0,0.0
2015-07-29 00:00:00-04:00,104.93000030517578,105.62999725341797,104.48999786376953,105.16999816894531,5616900,0.0,0.0,0.0
2015-07-30 00:00:00-04:00,104.02999877929688,104.97000122070312,103.86000061035156,104.2699966430664,6652000,0.0,0.0,0.0
2015-07-31 00:00:00-04:00,105.41000366210938,105.75,104.69000244140625,104.93000030517578,6689200,0.0,0.0,0.0
2015-08-03 00:00:00-04:00,104.58999633789062,104.81999969482422,104.05000305175781,104.0999984741211,3528600,0.0,0.0,0.0
2015-08-04 00:00:00-04:00,104.55999755859375,104.75,103.94999694824219,104.30999755859375,3241000,0.0,0.0,0.0
2015-08-05 00:00:00-04:00,104.41999816894531,104.5,103.77999877929688,103.93000030517578,5041000,0.0,0.0,0.0
2015-08-06 00:00:00-04:00,104.1500015258789,104.86000061035156,104.13999938964844,104.38999938964844,3908100,0.0,0.0,0.0
2015-08-07 00:00:00-04:00,104.55999755859375,105.37999725341797,104.55000305175781,104.6500015258789,4400900,0.0,0.0,0.0
2015-08-10 00:00:00-04:00,105.02999877929688,106.2699966430664,104.91999816894531,105.72000122070312,5892600,0.0,0.0,0.0
2015-08-11 00:00:00-04:00,106.48999786376953,106.62999725341797,105.7699966430664,106.26000213623047,4060900,0.0,0.0,0.0
2015-08-12 00:00:00-04:00,106.98999786376953,107.91000366210938,106.93000030517578,107.75,10022500,0.0,0.0,0.0
2015-08-13 00:00:00-04:00,106.94999694824219,107.18000030517578,106.70999908447266,106.86000061035156,4761700,0.0,0.0,0.0
2015-08-14 00:00:00-04:00,107.06999969482422,107.41000366210938,106.54000091552734,106.8499984741211,3509200,0.0,0.0,0.0
2015-08-17 00:00:00-04:00,107.37000274658203,107.51000213623047,107.0,107.12999725341797,5769100,0.0,0.0,0.0
2015-08-18 00:00:00-04:00,106.66999816894531,107.33000183105469,106.30999755859375,107.11000061035156,4121800,0.0,0.0,0.0
2015-08-19 00:00:00-04:00,107.62999725341797,108.66999816894531,107.62999725341797,108.55000305175781,7035100,0.0,0.0,0.0
2015-08-20 00:00:00-04:00,109.80999755859375,110.61000061035156,109.69999694824219,110.44000244140625,12549000,0.0,0.0,0.0
2015-08-21 00:00:00-04:00,110.93000030517578,111.33000183105469,110.12000274658203,111.12999725341797,13917600,0.0,0.0,0.0
2015-08-24 00:00:00-04:00,111.54000091552734,112.12000274658203,109.7699966430664,110.52999877929688,18388700,0.0,0.0,0.0
2015-08-25 00:00:00-04:00,110.01000213623047,110.05000305175781,108.72000122070312,109.16000366210938,9974200,0.0,0.0,0.0
2015-08-26 00:00:00-04:00,107.72000122070312,108.05999755859375,107.08000183105469,107.66999816894531,10856600,0.0,0.0,0.0
2015-08-27 00:00:00-04:00,107.33000183105469,108.04000091552734,107.11000061035156,107.7300033569336,8102100,0.0,0.0,0.0
2015-08-28 00:00:00-04:00,108.16999816894531,109.30000305175781,108.12000274658203,108.69999694824219,7558900,0.0,0.0,0.0
2015-08-31 00:00:00-04:00,108.19000244140625,108.91999816894531,108.02999877929688,108.81999969482422,4532100,0.0,0.0,0.0
2015-09-01 00:00:00-04:00,109.62999725341797,109.7699966430664,108.94000244140625,109.19999694824219,7077800,0.0,0.0,0.0
2015-09-02 00:00:00-04:00,109.01000213623047,109.33999633789062,108.45999908447266,108.62000274658203,4115700,0.0,0.0,0.0
2015-09-03 00:00:00-04:00,107.7699966430664,108.31999969482422,107.55999755859375,107.83999633789062,3913100,0.0,0.0,0.0
2015-09-04 00:00:00-04:00,107.13999938964844,107.55999755859375,107.06999969482422,107.48999786376953,4025000,0.0,0.0,0.0
2015-09-08 00:00:00-04:00,107.5999984741211,107.94000244140625,107.30999755859375,107.5199966430664,5982100,0.0,0.0,0.0
2015-09-09 00:00:00-04:00,106.63999938964844,106.70999908447266,105.4800033569336,106.12999725341797,8855100,0.0,0.0,0.0
2015-09-10 00:00:00-04:00,106.61000061035156,106.69999694824219,106.18000030517578,106.37999725341797,6204000,0.0,0.0,0.0
2015-09-11 00:00:00-04:00,105.6500015258789,106.19999694824219,105.2699966430664,106.16000366210938,4023900,0.0,0.0,0.0
2015-09-14 00:00:00-04:00,105.86000061035156,106.38999938964844,105.77999877929688,106.22000122070312,2350800,0.0,0.0,0.0
2015-09-15 00:00:00-04:00,105.83000183105469,106.05999755859375,105.68000030517578,105.9000015258789,2905000,0.0,0.0,0.0
2015-09-16 00:00:00-04:00,106.5999984741211,107.70999908447266,106.55999755859375,107.30999755859375,5315600,0.0,0.0,0.0
2015-09-17 00:00:00-04:00,107.06999969482422,108.58000183105469,106.95999908447266,108.41000366210938,8403800,0.0,0.0,0.0
2015-09-18 00:00:00-04:00,109.0999984741211,109.37999725341797,108.81999969482422,109.20999908447266,6794300,0.0,0.0,0.0
2015-09-21 00:00:00-04:00,108.48999786376953,108.66000366210938,108.33000183105469,108.52999877929688,4104800,0.0,0.0,0.0
2015-09-22 00:00:00-04:00,107.58000183105469,107.95999908447266,107.44000244140625,107.79000091552734,5483300,0.0,0.0,0.0
2015-09-23 00:00:00-04:00,108.54000091552734,108.63999938964844,108.19999694824219,108.22000122070312,2744200,0.0,0.0,0.0
2015-09-24 00:00:00-04:00,109.66999816894531,110.81999969482422,109.62999725341797,110.48999786376953,11024300,0.0,0.0,0.0
2015-09-25 00:00:00-04:00,109.87000274658203,110.02999877929688,109.55000305175781,109.80999755859375,5209500,0.0,0.0,0.0
2015-09-28 00:00:00-04:00,108.37000274658203,108.91000366210938,108.2699966430664,108.41999816894531,3809600,0.0,0.0,0.0
2015-09-29 00:00:00-04:00,108.23999786376953,108.69000244140625,107.87999725341797,107.9800033569336,4043600,0.0,0.0,0.0
2015-09-30 00:00:00-04:00,106.77999877929688,107.08000183105469,106.47000122070312,106.86000061035156,7405600,0.0,0.0,0.0
2015-10-01 00:00:00-04:00,106.9800033569336,107.20999908447266,106.62999725341797,106.7300033569336,4278600,0.0,0.0,0.0
2015-10-02 00:00:00-04:00,108.54000091552734,109.31999969482422,108.54000091552734,108.98999786376953,7730600,0.0,0.0,0.0
2015-10-05 00:00:00-04:00,109.13999938964844,109.37999725341797,108.45999908447266,108.7699966430664,5490200,0.0,0.0,0.0
2015-10-06 00:00:00-04:00,109.80000305175781,110.26000213623047,109.62999725341797,109.86000061035156,7513900,0.0,0.0,0.0
2015-10-07 00:00:00-04:00,109.75,110.13999938964844,109.33999633789062,109.69999694824219,5355500,0.0,0.0,0.0
2015-10-08 00:00:00-04:00,109.16000366210938,110.2699966430664,109.05999755859375,109.13999938964844,5038200,0.0,0.0,0.0
2015-10-09 00:00:00-04:00,110.54000091552734,111.05000305175781,110.2300033569336,110.87000274658203,7907300,0.0,0.0,0.0
2015-10-12 00:00:00-04:00,111.66999816894531,111.7300033569336,111.01000213623047,111.30999755859375,6257900,0.0,0.0,0.0
2015-10-13 00:00:00-04:00,111.36000061035156,111.87000274658203,111.27999877929688,111.86000061035156,5149600,0.0,0.0,0.0
2015-10-14 00:00:00-04:00,112.62999725341797,113.94999694824219,112.30000305175781,113.80999755859375,10207800,0.0,0.0,0.0
2015-10-15 00:00:00-04:00,113.19999694824219,113.98999786376953,112.94000244140625,113.29000091552734,14083900,0.0,0.0,0.0
2015-10-16 00:00:00-04:00,113.23999786376953,113.44000244140625,112.43000030517578,112.48999786376953,7328000,0.0,0.0,0.0
2015-10-19 00:00:00-04:00,112.63999938964844,112.69000244140625,111.88999938964844,112.0199966430664,3959400,0.0,0.0,0.0
2015-10-20 00:00:00-04:00,112.37999725341797,113.08999633789062,112.37999725341797,112.7300033569336,4903200,0.0,0.0,0.0
2015-10-21 00:00:00-04:00,112.37000274658203,112.37000274658203,111.41000366210938,111.7300033569336,3908800,0.0,0.0,0.0
2015-10-22 00:00:00-04:00,111.5199966430664,112.20999908447266,111.43000030517578,111.69000244140625,3436400,0.0,0.0,0.0
2015-10-23 00:00:00-04:00,111.80999755859375,111.83999633789062,110.95999908447266,111.5,4868400,0.0,0.0,0.0
2015-10-26 00:00:00-04:00,111.7300033569336,111.9800033569336,111.33000183105469,111.43000030517578,2573500,0.0,0.0,0.0
2015-10-27 00:00:00-04:00,111.30999755859375,111.80999755859375,111.29000091552734,111.68000030517578,2646100,0.0,0.0,0.0
2015-10-28 00:00:00-04:00,112.68000030517578,113.25,110.30999755859375,110.77999877929688,8201200,0.0,0.0,0.0
2015-10-29 00:00:00-04:00,110.2300033569336,110.5999984741211,109.66000366210938,109.72000122070312,5150800,0.0,0.0,0.0
2015-10-30 00:00:00-04:00,109.5,109.58000183105469,109.05999755859375,109.30000305175781,5543200,0.0,0.0,0.0
2015-11-02 00:00:00-05:00,108.63999938964844,108.83999633789062,108.45999908447266,108.58999633789062,5843300,0.0,0.0,0.0
2015-11-03 00:00:00-05:00,107.79000091552734,107.80999755859375,106.68000030517578,106.9800033569336,7145300,0.0,0.0,0.0
2015-11-04 00:00:00-05:00,107.0199966430664,107.08999633789062,105.91999816894531,105.97000122070312,7617800,0.0,0.0,0.0
2015-11-05 00:00:00-05:00,106.01000213623047,106.0999984741211,105.58000183105469,105.63999938964844,5931100,0.0,0.0,0.0
2015-11-06 00:00:00-05:00,104.16999816894531,104.41999816894531,104.0199966430664,104.0999984741211,8831900,0.0,0.0,0.0
2015-11-09 00:00:00-05:00,104.29000091552734,104.58000183105469,104.19000244140625,104.4000015258789,4129200,0.0,0.0,0.0
2015-11-10 00:00:00-05:00,104.08999633789062,104.6500015258789,103.87000274658203,104.18000030517578,4450800,0.0,0.0,0.0
2015-11-11 00:00:00-05:00,104.08999633789062,104.2300033569336,103.77999877929688,103.83000183105469,3527600,0.0,0.0,0.0
2015-11-12 00:00:00-05:00,103.08999633789062,104.31999969482422,103.04000091552734,103.8499984741211,6300500,0.0,0.0,0.0
2015-11-13 00:00:00-05:00,103.54000091552734,103.73999786376953,103.44999694824219,103.55999755859375,3224200,0.0,0.0,0.0
2015-11-16 00:00:00-05:00,103.9800033569336,104.02999877929688,103.5199966430664,103.70999908447266,2951200,0.0,0.0,0.0
2015-11-17 00:00:00-05:00,103.37999725341797,103.4000015258789,101.9800033569336,102.33999633789062,8593100,0.0,0.0,0.0
2015-11-18 00:00:00-05:00,102.38999938964844,102.94999694824219,102.04000091552734,102.43000030517578,5043800,0.0,0.0,0.0
2015-11-19 00:00:00-05:00,103.06999969482422,104.08999633789062,103.06999969482422,103.55999755859375,5087600,0.0,0.0,0.0
2015-11-20 00:00:00-05:00,103.58000183105469,103.66000366210938,102.97000122070312,103.08999633789062,5971600,0.0,0.0,0.0
2015-11-23 00:00:00-05:00,102.4800033569336,102.75,102.16000366210938,102.26000213623047,4042500,0.0,0.0,0.0
2015-11-24 00:00:00-05:00,103.12000274658203,103.25,102.69000244140625,102.94000244140625,3479600,0.0,0.0,0.0
2015-11-25 00:00:00-05:00,102.47000122070312,102.69000244140625,102.20999908447266,102.45999908447266,2931300,0.0,0.0,0.0
2015-11-27 00:00:00-05:00,101.01000213623047,101.62000274658203,100.98999786376953,101.25,4993600,0.0,0.0,0.0
2015-11-30 00:00:00-05:00,101.52999877929688,102.37999725341797,101.5199966430664,101.91999816894531,6773000,0.0,0.0,0.0
2015-12-01 00:00:00-05:00,102.30000305175781,102.43000030517578,101.80999755859375,102.27999877929688,4645900,0.0,0.0,0.0
2015-12-02 00:00:00-05:00,101.3499984741211,101.3499984741211,100.52999877929688,100.69000244140625,10223500,0.0,0.0,0.0
2015-12-03 00:00:00-05:00,101.2300033569336,101.97000122070312,100.8499984741211,101.76000213623047,6499900,0.0,0.0,0.0
2015-12-04 00:00:00-05:00,102.73999786376953,104.20999908447266,102.6500015258789,104.0199966430664,10670200,0.0,0.0,0.0
2015-12-07 00:00:00-05:00,103.31999969482422,103.37000274658203,102.5,102.66999816894531,4393500,0.0,0.0,0.0
2015-12-08 00:00:00-05:00,103.12999725341797,103.26000213623047,102.52999877929688,102.83999633789062,3412300,0.0,0.0,0.0
2015-12-09 00:00:00-05:00,103.62999725341797,103.66000366210938,102.31999969482422,102.63999938964844,6026300,0.0,0.0,0.0
2015-12-10 00:00:00-05:00,102.51000213623047,102.83000183105469,102.33999633789062,102.55000305175781,3853500,0.0,0.0,0.0
2015-12-11 00:00:00-05:00,101.91000366210938,103.31999969482422,101.8499984741211,103.11000061035156,6798400,0.0,0.0,0.0
2015-12-14 00:00:00-05:00,102.58000183105469,102.72000122070312,101.73999786376953,101.79000091552734,5563800,0.0,0.0,0.0
2015-12-15 00:00:00-05:00,101.70999908447266,102.05999755859375,101.41000366210938,101.5199966430664,6831100,0.0,0.0,0.0
2015-12-16 00:00:00-05:00,102.58999633789062,103.19999694824219,101.66000366210938,102.75,8292200,0.0,0.0,0.0
2015-12-17 00:00:00-05:00,100.91999816894531,100.98999786376953,100.2300033569336,100.5,10156200,0.0,0.0,0.0
2015-12-18 00:00:00-05:00,101.3499984741211,102.52999877929688,101.30000305175781,102.04000091552734,8345900,0.0,0.0,0.0
2015-12-21 00:00:00-05:00,102.94999694824219,103.5199966430664,102.83000183105469,103.1500015258789,6378900,0.0,0.0,0.0
2015-12-22 00:00:00-05:00,103.08999633789062,103.19999694824219,102.55999755859375,102.61000061035156,4123500,0.0,0.0,0.0
2015-12-23 00:00:00-05:00,102.4000015258789,102.58999633789062,102.20999908447266,102.30999755859375,2821400,0.0,0.0,0.0
2015-12-24 00:00:00-05:00,102.81999969482422,103.05000305175781,102.7699966430664,103.05000305175781,1710200,0.0,0.0,0.0
2015-12-28 00:00:00-05:00,102.4800033569336,102.5999984741211,102.02999877929688,102.2699966430664,3356200,0.0,0.0,0.0
2015-12-29 00:00:00-05:00,102.5199966430664,102.58000183105469,102.11000061035156,102.19999694824219,2832200,0.0,0.0,0.0
2015-12-30 00:00:00-05:00,101.47000122070312,101.5999984741211,101.3499984741211,101.41999816894531,3745000,0.0,0.0,0.0
2015-12-31 00:00:00-05:00,101.4800033569336,101.72000122070312,101.30999755859375,101.45999908447266,3823600,0.0,0.0,0.0
2016-01-04 00:00:00-05:00,103.12999725341797,103.66999816894531,102.48999786376953,102.88999938964844,6440000,0.0,0.0,0.0
2016-01-05 00:00:00-05:00,103.12999725341797,103.45999908447266,102.93000030517578,103.18000030517578,3500300,0.0,0.0,0.0
2016-01-06 00:00:00-05:00,104.37000274658203,104.80000305175781,103.93000030517578,104.66999816894531,9316600,0.0,0.0,0.0
2016-01-07 00:00:00-05:00,105.83000183105469,106.23999786376953,105.19000244140625,106.1500015258789,11730400,0.0,0.0,0.0
2016-01-08 00:00:00-05:00,105.4800033569336,105.80000305175781,105.04000091552734,105.68000030517578,7678200,0.0,0.0,0.0
2016-01-11 00:00:00-05:00,105.47000122070312,105.56999969482422,104.70999908447266,104.73999786376953,6272400,0.0,0.0,0.0
2016-01-12 00:00:00-05:00,104.08999633789062,104.58999633789062,103.6500015258789,104.20999908447266,5540200,0.0,0.0,0.0
2016-01-13 00:00:00-05:00,103.88999938964844,104.81999969482422,103.77999877929688,104.72000122070312,7324200,0.0,0.0,0.0
2016-01-14 00:00:00-05:00,103.75,104.18000030517578,102.5,103.0199966430664,9989100,0.0,0.0,0.0
2016-01-15 00:00:00-05:00,104.91999816894531,104.95999908447266,103.97000122070312,104.08000183105469,10052700,0.0,0.0,0.0
2016-01-19 00:00:00-05:00,104.05999755859375,104.44999694824219,103.6500015258789,103.9800033569336,4588400,0.0,0.0,0.0
2016-01-20 00:00:00-05:00,105.16999816894531,106.16000366210938,104.94000244140625,105.37000274658203,10120900,0.0,0.0,0.0
2016-01-21 00:00:00-05:00,104.98999786376953,105.48999786376953,104.5199966430664,105.48999786376953,5425000,0.0,0.0,0.0
2016-01-22 00:00:00-05:00,104.93000030517578,105.51000213623047,104.76000213623047,105.0,4185300,0.0,0.0,0.0
2016-01-25 00:00:00-05:00,105.76000213623047,106.08999633789062,105.5999984741211,106.08000183105469,6819400,0.0,0.0,0.0
2016-01-26 00:00:00-05:00,106.31999969482422,107.43000030517578,106.26000213623047,107.29000091552734,8443400,0.0,0.0,0.0
2016-01-27 00:00:00-05:00,106.86000061035156,107.93000030517578,106.6500015258789,107.69000244140625,8273400,0.0,0.0,0.0
2016-01-28 00:00:00-05:00,106.55000305175781,106.86000061035156,106.4800033569336,106.54000091552734,5914200,0.0,0.0,0.0
2016-01-29 00:00:00-05:00,106.61000061035156,107.0,106.26000213623047,106.94999694824219,8098700,0.0,0.0,0.0
2016-02-01 00:00:00-05:00,107.54000091552734,108.1500015258789,107.52999877929688,108.05000305175781,10471800,0.0,0.0,0.0
2016-02-02 00:00:00-05:00,107.91999816894531,108.18000030517578,107.3499984741211,108.08999633789062,6656000,0.0,0.0,0.0
2016-02-03 00:00:00-05:00,107.91000366210938,109.58000183105469,107.9000015258789,109.25,15785200,0.0,0.0,0.0
2016-02-04 00:00:00-05:00,110.44999694824219,110.69999694824219,109.91999816894531,110.56999969482422,13213700,0.0,0.0,0.0
2016-02-05 00:00:00-05:00,109.79000091552734,112.3499984741211,109.58000183105469,112.31999969482422,14777300,0.0,0.0,0.0
2016-02-08 00:00:00-05:00,113.66999816894531,114.87000274658203,113.38999938964844,113.83000183105469,28341200,0.0,0.0,0.0
2016-02-09 00:00:00-05:00,114.43000030517578,114.69000244140625,113.55000305175781,113.58000183105469,18156700,0.0,0.0,0.0
2016-02-10 00:00:00-05:00,113.91999816894531,114.5199966430664,112.9800033569336,114.45999908447266,13311100,0.0,0.0,0.0
2016-02-11 00:00:00-05:00,118.58999633789062,120.83999633789062,117.7699966430664,119.05999755859375,49139000,0.0,0.0,0.0
2016-02-12 00:00:00-05:00,118.12000274658203,118.73999786376953,117.87999725341797,118.36000061035156,16981200,0.0,0.0,0.0
2016-02-16 00:00:00-05:00,116.0,116.30999755859375,114.73999786376953,114.7699966430664,14601700,0.0,0.0,0.0
2016-02-17 00:00:00-05:00,115.47000122070312,116.06999969482422,114.88999938964844,115.4800033569336,10582400,0.0,0.0,0.0
2016-02-18 00:00:00-05:00,115.30000305175781,118.5999984741211,115.29000091552734,118.29000091552734,13586500,0.0,0.0,0.0
2016-02-19 00:00:00-05:00,117.26000213623047,117.97000122070312,117.0999984741211,117.58000183105469,15192000,0.0,0.0,0.0
2016-02-22 00:00:00-05:00,115.44000244140625,116.19000244140625,115.41000366210938,115.48999786376953,10677800,0.0,0.0,0.0
2016-02-23 00:00:00-05:00,116.68000030517578,117.41999816894531,116.5199966430664,117.22000122070312,9033400,0.0,0.0,0.0
2016-02-24 00:00:00-05:00,119.0,119.86000061035156,117.3499984741211,117.61000061035156,17938800,0.0,0.0,0.0
2016-02-25 00:00:00-05:00,117.62000274658203,118.91000366210938,117.54000091552734,117.91999816894531,12500300,0.0,0.0,0.0
2016-02-26 00:00:00-05:00,117.43000030517578,117.72000122070312,115.86000061035156,117.11000061035156,12505100,0.0,0.0,0.0
2016-02-29 00:00:00-05:00,117.58999633789062,118.69999694824219,117.52999877929688,118.63999938964844,11517500,0.0,0.0,0.0
2016-03-01 00:00:00-05:00,118.73999786376953,119.11000061035156,117.33999633789062,117.7699966430664,14139300,0.0,0.0,0.0
2016-03-02 00:00:00-05:00,118.33999633789062,118.97000122070312,118.06999969482422,118.68000030517578,8903000,0.0,0.0,0.0
2016-03-03 00:00:00-05:00,118.86000061035156,121.30000305175781,118.80999755859375,120.7300033569336,18724100,0.0,0.0,0.0
2016-03-04 00:00:00-05:00,121.12999725341797,122.37000274658203,120.22000122070312,120.54000091552734,16261100,0.0,0.0,0.0
2016-03-07 00:00:00-05:00,121.18000030517578,121.58000183105469,120.41000366210938,121.13999938964844,9358600,0.0,0.0,0.0
2016-03-08 00:00:00-05:00,121.79000091552734,121.87999725341797,120.47000122070312,120.58000183105469,11531000,0.0,0.0,0.0
2016-03-09 00:00:00-05:00,119.19999694824219,120.38999938964844,118.83999633789062,119.58000183105469,8672900,0.0,0.0,0.0
2016-03-10 00:00:00-05:00,120.5,121.76000213623047,120.41999816894531,121.5,18104900,0.0,0.0,0.0
2016-03-11 00:00:00-05:00,121.19000244140625,121.38999938964844,119.36000061035156,119.41000366210938,10812300,0.0,0.0,0.0
2016-03-14 00:00:00-04:00,120.2699966430664,120.30999755859375,117.5,117.87000274658203,14236200,0.0,0.0,0.0
2016-03-15 00:00:00-04:00,117.77999877929688,118.04000091552734,117.36000061035156,117.95999908447266,9941800,0.0,0.0,0.0
2016-03-16 00:00:00-04:00,117.41999816894531,120.76000213623047,117.33999633789062,120.58999633789062,17334000,0.0,0.0,0.0
2016-03-17 00:00:00-04:00,121.16000366210938,121.18000030517578,120.02999877929688,120.12999725341797,9914300,0.0,0.0,0.0
2016-03-18 00:00:00-04:00,119.58999633789062,120.33999633789062,119.51000213623047,119.80000305175781,16965900,0.0,0.0,0.0
2016-03-21 00:00:00-04:00,119.0,119.33000183105469,118.7300033569336,118.95999908447266,7240600,0.0,0.0,0.0
2016-03-22 00:00:00-04:00,119.7300033569336,120.16000366210938,118.95999908447266,119.30999755859375,6786800,0.0,0.0,0.0
2016-03-23 00:00:00-04:00,116.73999786376953,117.12000274658203,116.16000366210938,116.61000061035156,15993700,0.0,0.0,0.0
2016-03-24 00:00:00-04:00,116.7699966430664,116.94000244140625,116.30000305175781,116.33000183105469,6280900,0.0,0.0,0.0
2016-03-28 00:00:00-04:00,116.7300033569336,116.91000366210938,116.2699966430664,116.5999984741211,3879100,0.0,0.0,0.0
2016-03-29 00:00:00-04:00,117.36000061035156,118.80999755859375,116.80000305175781,118.76000213623047,14472400,0.0,0.0,0.0
2016-03-30 00:00:00-04:00,117.87999725341797,118.19999694824219,116.91000366210938,117.0999984741211,10769100,0.0,0.0,0.0
2016-03-31 00:00:00-04:00,118.16000366210938,118.38999938964844,117.5999984741211,117.63999938964844,9348200,0.0,0.0,0.0
2016-04-01 00:00:00-04:00,116.08000183105469,116.9800033569336,115.55000305175781,116.93000030517578,10405400,0.0,0.0,0.0
2016-04-04 00:00:00-04:00,116.66999816894531,116.7300033569336,116.06999969482422,116.1500015258789,7643700,0.0,0.0,0.0
2016-04-05 00:00:00-04:00,117.76000213623047,117.93000030517578,117.1500015258789,117.66000366210938,8865900,0.0,0.0,0.0
2016-04-06 00:00:00-04:00,116.69999694824219,117.38999938964844,116.26000213623047,116.94000244140625,7549400,0.0,0.0,0.0
2016-04-07 00:00:00-04:00,118.6500015258789,118.8499984741211,115.0,118.61000061035156,11900500,0.0,0.0,0.0
2016-04-08 00:00:00-04:00,118.06999969482422,118.7699966430664,117.9800033569336,118.43000030517578,9078900,0.0,0.0,0.0
2016-04-11 00:00:00-04:00,119.47000122070312,120.30000305175781,119.41999816894531,120.02999877929688,9846000,0.0,0.0,0.0
2016-04-12 00:00:00-04:00,120.2300033569336,120.3499984741211,119.55000305175781,120.05000305175781,9689500,0.0,0.0,0.0
2016-04-13 00:00:00-04:00,119.37000274658203,119.43000030517578,118.55999755859375,118.7699966430664,8841500,0.0,0.0,0.0
2016-04-14 00:00:00-04:00,118.08999633789062,118.19000244140625,116.94999694824219,117.11000061035156,13165800,0.0,0.0,0.0
2016-04-15 00:00:00-04:00,117.33000183105469,118.12000274658203,117.19000244140625,117.91999816894531,7838100,0.0,0.0,0.0
2016-04-18 00:00:00-04:00,118.52999877929688,118.55999755859375,117.62999725341797,117.73999786376953,5809800,0.0,0.0,0.0
2016-04-19 00:00:00-04:00,119.87000274658203,120.08999633789062,119.37000274658203,119.58000183105469,21031500,0.0,0.0,0.0
2016-04-20 00:00:00-04:00,119.66999816894531,120.08000183105469,118.72000122070312,118.97000122070312,10233200,0.0,0.0,0.0
2016-04-21 00:00:00-04:00,120.41999816894531,120.55000305175781,119.12999725341797,119.41999816894531,14612800,0.0,0.0,0.0
2016-04-22 00:00:00-04:00,118.70999908447266,119.0199966430664,117.27999877929688,117.88999938964844,10047000,0.0,0.0,0.0
2016-04-25 00:00:00-04:00,118.13999938964844,118.70999908447266,118.11000061035156,118.2300033569336,4369400,0.0,0.0,0.0
2016-04-26 00:00:00-04:00,118.79000091552734,118.88999938964844,118.44999694824219,118.69999694824219,9906800,0.0,0.0,0.0
2016-04-27 00:00:00-04:00,118.97000122070312,119.69999694824219,118.43000030517578,119.04000091552734,7976400,0.0,0.0,0.0
2016-04-28 00:00:00-04:00,119.91999816894531,121.41999816894531,119.7300033569336,121.29000091552734,15133600,0.0,0.0,0.0
2016-04-29 00:00:00-04:00,122.43000030517578,123.93000030517578,122.33999633789062,123.6500015258789,19043900,0.0,0.0,0.0
2016-05-02 00:00:00-04:00,123.77999877929688,123.95999908447266,123.05000305175781,123.23999786376953,12137500,0.0,0.0,0.0
2016-05-03 00:00:00-04:00,123.7300033569336,123.81999969482422,122.51000213623047,122.95999908447266,9063600,0.0,0.0,0.0
2016-05-04 00:00:00-04:00,122.8499984741211,123.2300033569336,121.51000213623047,122.20999908447266,9398200,0.0,0.0,0.0
2016-05-05 00:00:00-04:00,122.62999725341797,122.7300033569336,121.25,122.06999969482422,8846900,0.0,0.0,0.0
2016-05-06 00:00:00-04:00,122.83000183105469,123.80999755859375,122.58999633789062,123.18000030517578,11366800,0.0,0.0,0.0
2016-05-09 00:00:00-04:00,121.19999694824219,121.29000091552734,120.58999633789062,120.6500015258789,9236200,0.0,0.0,0.0
2016-05-10 00:00:00-04:00,120.73999786376953,121.37999725341797,120.08000183105469,120.9800033569336,9845000,0.0,0.0,0.0
2016-05-11 00:00:00-04:00,121.8499984741211,122.16000366210938,121.37999725341797,122.12000274658203,7590100,0.0,0.0,0.0
2016-05-12 00:00:00-04:00,122.0199966430664,122.38999938964844,121.0,121.16000366210938,7447100,0.0,0.0,0.0
2016-05-13 00:00:00-04:00,121.08999633789062,121.86000061035156,120.66000366210938,121.70999908447266,7672800,0.0,0.0,0.0
2016-05-16 00:00:00-04:00,122.93000030517578,122.97000122070312,121.37999725341797,121.80000305175781,7103000,0.0,0.0,0.0
2016-05-17 00:00:00-04:00,121.58000183105469,122.5199966430664,121.4800033569336,122.22000122070312,8619800,0.0,0.0,0.0
2016-05-18 00:00:00-04:00,121.22000122070312,121.91999816894531,119.87999725341797,120.0999984741211,13381700,0.0,0.0,0.0
2016-05-19 00:00:00-04:00,119.0,119.9800033569336,118.91999816894531,119.87000274658203,14339700,0.0,0.0,0.0
2016-05-20 00:00:00-04:00,120.19000244140625,120.31999969482422,119.30999755859375,119.70999908447266,10379400,0.0,0.0,0.0
2016-05-23 00:00:00-04:00,118.86000061035156,119.5999984741211,118.75,119.37000274658203,8628200,0.0,0.0,0.0
2016-05-24 00:00:00-04:00,118.16999816894531,118.2300033569336,117.25,117.30000305175781,12772000,0.0,0.0,0.0
2016-05-25 00:00:00-04:00,116.58999633789062,117.05999755859375,116.31999969482422,116.9800033569336,10487300,0.0,0.0,0.0
2016-05-26 00:00:00-04:00,117.56999969482422,117.62999725341797,116.38999938964844,116.58000183105469,5893500,0.0,0.0,0.0
2016-05-27 00:00:00-04:00,116.2699966430664,116.36000061035156,115.29000091552734,115.62000274658203,8686700,0.0,0.0,0.0
2016-05-31 00:00:00-04:00,115.76000213623047,116.4000015258789,115.5,116.05999755859375,8187600,0.0,0.0,0.0
2016-06-01 00:00:00-04:00,115.97000122070312,116.13999938964844,115.19999694824219,115.94000244140625,8399600,0.0,0.0,0.0
2016-06-02 00:00:00-04:00,115.77999877929688,115.97000122070312,115.58000183105469,115.66999816894531,4591600,0.0,0.0,0.0
2016-06-03 00:00:00-04:00,118.25,118.88999938964844,118.2300033569336,118.87999725341797,14605100,0.0,0.0,0.0
2016-06-06 00:00:00-04:00,118.88999938964844,119.16999816894531,118.45999908447266,118.91999816894531,9887900,0.0,0.0,0.0
2016-06-07 00:00:00-04:00,118.5,119.0199966430664,118.41000366210938,118.81999969482422,4602900,0.0,0.0,0.0
2016-06-08 00:00:00-04:00,120.30000305175781,120.77999877929688,120.2300033569336,120.58000183105469,11661700,0.0,0.0,0.0
2016-06-09 00:00:00-04:00,120.61000061035156,121.4800033569336,120.55000305175781,121.25,12174000,0.0,0.0,0.0
2016-06-10 00:00:00-04:00,121.55000305175781,122.0999984741211,121.18000030517578,121.73999786376953,13940000,0.0,0.0,0.0
2016-06-13 00:00:00-04:00,122.80000305175781,122.83000183105469,122.02999877929688,122.63999938964844,12594200,0.0,0.0,0.0
2016-06-14 00:00:00-04:00,123.0,123.05999755859375,122.30000305175781,122.7699966430664,11651700,0.0,0.0,0.0
2016-06-15 00:00:00-04:00,122.5199966430664,123.87000274658203,122.37999725341797,123.68000030517578,15053000,0.0,0.0,0.0
2016-06-16 00:00:00-04:00,125.16999816894531,125.66999816894531,122.2300033569336,122.37999725341797,26635000,0.0,0.0,0.0
2016-06-17 00:00:00-04:00,123.26000213623047,124.0999984741211,122.69000244140625,123.94999694824219,15573800,0.0,0.0,0.0
2016-06-20 00:00:00-04:00,122.26000213623047,123.33000183105469,122.12999725341797,123.20999908447266,11866200,0.0,0.0,0.0
2016-06-21 00:00:00-04:00,121.6500015258789,121.86000061035156,120.7699966430664,120.83999633789062,14585600,0.0,0.0,0.0
2016-06-22 00:00:00-04:00,120.83000183105469,121.25,120.68000030517578,120.9000015258789,7861000,0.0,0.0,0.0
2016-06-23 00:00:00-04:00,120.48999786376953,121.02999877929688,120.05999755859375,120.11000061035156,10704900,0.0,0.0,0.0
2016-06-24 00:00:00-04:00,126.62000274658203,126.81999969482422,125.0,126.0,35782900,0.0,0.0,0.0
2016-06-27 00:00:00-04:00,126.44000244140625,127.05000305175781,125.83000183105469,126.68000030517578,21228800,0.0,0.0,0.0
2016-06-28 00:00:00-04:00,125.55999755859375,126.0199966430664,125.05999755859375,125.31999969482422,16001500,0.0,0.0,0.0
2016-06-29 00:00:00-04:00,125.91000366210938,126.80999755859375,125.69999694824219,125.83999633789062,12218400,0.0,0.0,0.0
2016-06-30 00:00:00-04:00,125.94999694824219,126.5199966430664,125.5,126.47000122070312,15981600,0.0,0.0,0.0
2016-07-01 00:00:00-04:00,127.66000366210938,128.4199981689453,127.44000244140625,128.41000366210938,14940700,0.0,0.0,0.0
2016-07-05 00:00:00-04:00,128.8000030517578,129.58999633789062,128.1699981689453,129.47000122070312,19026200,0.0,0.0,0.0
2016-07-06 00:00:00-04:00,130.5,131.14999389648438,129.82000732421875,130.22999572753906,17376700,0.0,0.0,0.0
2016-07-07 00:00:00-04:00,129.82000732421875,130.1199951171875,128.97999572753906,129.74000549316406,16508500,0.0,0.0,0.0
2016-07-08 00:00:00-04:00,129.85000610351562,130.52000427246094,128.97000122070312,130.52000427246094,17634200,0.0,0.0,0.0
2016-07-11 00:00:00-04:00,129.49000549316406,129.89999389648438,129.16000366210938,129.2899932861328,10855600,0.0,0.0,0.0
2016-07-12 00:00:00-04:00,128.52000427246094,128.5399932861328,126.98999786376953,127.1500015258789,26459600,0.0,0.0,0.0
2016-07-13 00:00:00-04:00,128.0,128.42999267578125,127.61000061035156,128.32000732421875,7377700,0.0,0.0,0.0
2016-07-14 00:00:00-04:00,126.30999755859375,127.37000274658203,126.02999877929688,127.33000183105469,12132400,0.0,0.0,0.0
2016-07-15 00:00:00-04:00,126.37999725341797,127.19000244140625,126.33000183105469,126.83999633789062,13892100,0.0,0.0,0.0
2016-07-18 00:00:00-04:00,127.0199966430664,127.5,126.62999725341797,127.04000091552734,8489700,0.0,0.0,0.0
2016-07-19 00:00:00-04:00,126.94999694824219,127.3499984741211,126.81999969482422,127.20999908447266,5170700,0.0,0.0,0.0
2016-07-20 00:00:00-04:00,125.5,126.12000274658203,125.30999755859375,125.38999938964844,11777700,0.0,0.0,0.0
2016-07-21 00:00:00-04:00,125.66000366210938,127.37000274658203,125.5999984741211,127.30000305175781,9399200,0.0,0.0,0.0
2016-07-22 00:00:00-04:00,126.43000030517578,126.5199966430664,126.01000213623047,126.3499984741211,7716000,0.0,0.0,0.0
2016-07-25 00:00:00-04:00,125.52999877929688,126.20999908447266,125.11000061035156,125.47000122070312,13139400,0.0,0.0,0.0
2016-07-26 00:00:00-04:00,126.08999633789062,126.13999938964844,125.75,126.0,7613200,0.0,0.0,0.0
2016-07-27 00:00:00-04:00,126.79000091552734,128.1199951171875,126.04000091552734,128.02999877929688,17066400,0.0,0.0,0.0
2016-07-28 00:00:00-04:00,128.08999633789062,128.1999969482422,127.20999908447266,127.66000366210938,9261800,0.0,0.0,0.0
2016-07-29 00:00:00-04:00,128.4199981689453,129.41000366210938,127.87999725341797,128.97999572753906,13708200,0.0,0.0,0.0
2016-08-01 00:00:00-04:00,128.57000732421875,129.33999633789062,128.55999755859375,129.22000122070312,7109900,0.0,0.0,0.0
2016-08-02 00:00:00-04:00,130.0399932861328,130.5500030517578,129.94000244140625,130.27000427246094,7652800,0.0,0.0,0.0
2016-08-03 00:00:00-04:00,129.9499969482422,129.9600067138672,129.27000427246094,129.64999389648438,5010700,0.0,0.0,0.0
2016-08-04 00:00:00-04:00,130.00999450683594,130.27999877929688,129.82000732421875,129.8699951171875,4908100,0.0,0.0,0.0
2016-08-05 00:00:00-04:00,128.4600067138672,128.5500030517578,127.38999938964844,127.55000305175781,16205100,0.0,0.0,0.0
2016-08-08 00:00:00-04:00,127.29000091552734,127.69999694824219,127.2699966430664,127.44000244140625,6773800,0.0,0.0,0.0
2016-08-09 00:00:00-04:00,127.94000244140625,128.13999938964844,127.75,127.95999908447266,7500400,0.0,0.0,0.0
2016-08-10 00:00:00-04:00,129.1199951171875,129.1999969482422,128.14999389648438,128.55999755859375,6196200,0.0,0.0,0.0
2016-08-11 00:00:00-04:00,128.61000061035156,129.19000244140625,127.4800033569336,127.66999816894531,9763800,0.0,0.0,0.0
2016-08-12 00:00:00-04:00,127.66999816894531,129.25999450683594,127.19999694824219,127.4000015258789,15395800,0.0,0.0,0.0
2016-08-15 00:00:00-04:00,127.62000274658203,128.25,127.5999984741211,127.83999633789062,4530800,0.0,0.0,0.0
2016-08-16 00:00:00-04:00,128.1199951171875,129.0399932861328,128.0,128.47000122070312,8678100,0.0,0.0,0.0
2016-08-17 00:00:00-04:00,128.1699981689453,128.99000549316406,127.45999908447266,128.5,12034800,0.0,0.0,0.0
2016-08-18 00:00:00-04:00,128.88999938964844,129.1699981689453,128.5800018310547,129.11000061035156,9500600,0.0,0.0,0.0
2016-08-19 00:00:00-04:00,128.0800018310547,128.6699981689453,127.86000061035156,127.97000122070312,10660100,0.0,0.0,0.0
2016-08-22 00:00:00-04:00,127.62999725341797,127.91999816894531,127.44999694824219,127.77999877929688,8627200,0.0,0.0,0.0
2016-08-23 00:00:00-04:00,128.13999938964844,128.22000122070312,127.61000061035156,127.76000213623047,9038500,0.0,0.0,0.0
2016-08-24 00:00:00-04:00,126.91999816894531,126.97000122070312,126.30000305175781,126.33999633789062,13539700,0.0,0.0,0.0
2016-08-25 00:00:00-04:00,125.9800033569336,126.30999755859375,125.95999908447266,126.2300033569336,5926300,0.0,0.0,0.0
2016-08-26 00:00:00-04:00,126.87999725341797,128.11000061035156,125.81999969482422,126.05000305175781,17967700,0.0,0.0,0.0
2016-08-29 00:00:00-04:00,126.0,126.4800033569336,125.93000030517578,126.30000305175781,5562400,0.0,0.0,0.0
2016-08-30 00:00:00-04:00,125.7300033569336,125.94999694824219,124.87999725341797,125.02999877929688,9877000,0.0,0.0,0.0
2016-08-31 00:00:00-04:00,124.7300033569336,125.11000061035156,124.63999938964844,124.77999877929688,13324100,0.0,0.0,0.0
2016-09-01 00:00:00-04:00,124.66999816894531,125.51000213623047,124.55000305175781,125.29000091552734,12877700,0.0,0.0,0.0
2016-09-02 00:00:00-04:00,126.29000091552734,126.56999969482422,125.58000183105469,126.56999969482422,11318600,0.0,0.0,0.0
2016-09-06 00:00:00-04:00,127.4000015258789,129.0800018310547,127.2699966430664,128.7100067138672,15115300,0.0,0.0,0.0
2016-09-07 00:00:00-04:00,128.7899932861328,128.86000061035156,128.1199951171875,128.27000427246094,8859800,0.0,0.0,0.0
2016-09-08 00:00:00-04:00,128.16000366210938,128.52000427246094,127.4000015258789,127.58999633789062,10561800,0.0,0.0,0.0
2016-09-09 00:00:00-04:00,127.23999786376953,127.51000213623047,126.69999694824219,126.75,12485600,0.0,0.0,0.0
2016-09-12 00:00:00-04:00,126.30999755859375,126.91999816894531,125.97000122070312,126.58999633789062,11140300,0.0,0.0,0.0
2016-09-13 00:00:00-04:00,126.47000122070312,126.5999984741211,125.52999877929688,125.75,8866400,0.0,0.0,0.0
2016-09-14 00:00:00-04:00,126.0999984741211,126.54000091552734,126.02999877929688,126.18000030517578,5820700,0.0,0.0,0.0
2016-09-15 00:00:00-04:00,125.7300033569336,126.0999984741211,124.91000366210938,125.37000274658203,12790400,0.0,0.0,0.0
2016-09-16 00:00:00-04:00,124.80999755859375,125.25,124.66999816894531,125.05999755859375,18995100,0.0,0.0,0.0
2016-09-19 00:00:00-04:00,125.61000061035156,125.62000274658203,125.25,125.31999969482422,4959600,0.0,0.0,0.0
2016-09-20 00:00:00-04:00,125.30999755859375,125.58999633789062,125.16999816894531,125.44000244140625,5672000,0.0,0.0,0.0
2016-09-21 00:00:00-04:00,126.33000183105469,127.41999816894531,125.95999908447266,127.2699966430664,13646400,0.0,0.0,0.0
2016-09-22 00:00:00-04:00,127.56999969482422,128.1999969482422,127.5,127.56999969482422,15188000,0.0,0.0,0.0
2016-09-23 00:00:00-04:00,127.5999984741211,127.86000061035156,127.43000030517578,127.6500015258789,7702300,0.0,0.0,0.0
2016-09-26 00:00:00-04:00,127.95999908447266,128.0399932861328,127.41999816894531,127.55000305175781,5842700,0.0,0.0,0.0
2016-09-27 00:00:00-04:00,126.86000061035156,126.9000015258789,126.33999633789062,126.62000274658203,6220700,0.0,0.0,0.0
2016-09-28 00:00:00-04:00,126.25,126.4000015258789,125.7300033569336,126.22000122070312,6757700,0.0,0.0,0.0
2016-09-29 00:00:00-04:00,125.83999633789062,126.33999633789062,125.54000091552734,126.06999969482422,7448400,0.0,0.0,0.0
2016-09-30 00:00:00-04:00,126.5199966430664,126.55000305175781,125.23999786376953,125.63999938964844,11204300,0.0,0.0,0.0
2016-10-03 00:00:00-04:00,125.31999969482422,125.45999908447266,124.9000015258789,125.31999969482422,9044100,0.0,0.0,0.0
2016-10-04 00:00:00-04:00,123.16000366210938,123.18000030517578,120.86000061035156,120.97000122070312,24372700,0.0,0.0,0.0
2016-10-05 00:00:00-04:00,121.33000183105469,121.58999633789062,120.4000015258789,120.77999877929688,14718100,0.0,0.0,0.0
2016-10-06 00:00:00-04:00,119.69000244140625,119.9800033569336,119.23999786376953,119.66000366210938,17917700,0.0,0.0,0.0
2016-10-07 00:00:00-04:00,120.48999786376953,120.58000183105469,118.41999816894531,119.73999786376953,17907300,0.0,0.0,0.0
2016-10-10 00:00:00-04:00,119.73999786376953,120.41999816894531,119.73999786376953,120.16000366210938,4514400,0.0,0.0,0.0
2016-10-11 00:00:00-04:00,119.91999816894531,120.16000366210938,119.52999877929688,119.55000305175781,6065300,0.0,0.0,0.0
2016-10-12 00:00:00-04:00,119.72000122070312,120.06999969482422,119.29000091552734,119.73999786376953,4848600,0.0,0.0,0.0
2016-10-13 00:00:00-04:00,120.0,120.41999816894531,119.80000305175781,120.02999877929688,7184600,0.0,0.0,0.0
2016-10-14 00:00:00-04:00,119.37000274658203,120.16000366210938,119.29000091552734,119.36000061035156,6577300,0.0,0.0,0.0
2016-10-17 00:00:00-04:00,119.69999694824219,119.91999816894531,119.58000183105469,119.68000030517578,4777900,0.0,0.0,0.0
2016-10-18 00:00:00-04:00,120.08000183105469,120.63999938964844,119.81999969482422,120.41999816894531,4919700,0.0,0.0,0.0
2016-10-19 00:00:00-04:00,121.12999725341797,121.45999908447266,120.88999938964844,121.11000061035156,6019800,0.0,0.0,0.0
2016-10-20 00:00:00-04:00,121.38999938964844,121.58999633789062,120.62999725341797,120.73999786376953,6496700,0.0,0.0,0.0
2016-10-21 00:00:00-04:00,120.9000015258789,120.93000030517578,120.55000305175781,120.83000183105469,6707800,0.0,0.0,0.0
2016-10-24 00:00:00-04:00,121.27999877929688,121.30000305175781,120.16000366210938,120.55999755859375,5481100,0.0,0.0,0.0
2016-10-25 00:00:00-04:00,120.88999938964844,121.76000213623047,120.86000061035156,121.47000122070312,6141100,0.0,0.0,0.0
2016-10-26 00:00:00-04:00,121.37000274658203,121.52999877929688,120.61000061035156,120.79000091552734,3905900,0.0,0.0,0.0
2016-10-27 00:00:00-04:00,121.11000061035156,121.18000030517578,120.75,121.01000213623047,4336000,0.0,0.0,0.0
2016-10-28 00:00:00-04:00,121.19999694824219,122.4800033569336,120.80999755859375,121.58000183105469,11639900,0.0,0.0,0.0
2016-10-31 00:00:00-04:00,121.51000213623047,122.0,121.2300033569336,121.94000244140625,7722100,0.0,0.0,0.0
2016-11-01 00:00:00-04:00,122.80000305175781,123.20999908447266,122.56999969482422,122.7300033569336,13384300,0.0,0.0,0.0
2016-11-02 00:00:00-04:00,123.76000213623047,124.76000213623047,123.55999755859375,123.63999938964844,15692400,0.0,0.0,0.0
2016-11-03 00:00:00-04:00,123.36000061035156,124.33000183105469,123.3499984741211,124.30000305175781,10093100,0.0,0.0,0.0
2016-11-04 00:00:00-04:00,124.4000015258789,124.54000091552734,124.04000091552734,124.38999938964844,8594600,0.0,0.0,0.0
2016-11-07 00:00:00-05:00,122.66000366210938,122.70999908447266,121.87999725341797,122.1500015258789,10015000,0.0,0.0,0.0
2016-11-08 00:00:00-05:00,122.12000274658203,123.08999633789062,121.36000061035156,121.63999938964844,9480600,0.0,0.0,0.0
2016-11-09 00:00:00-05:00,124.30000305175781,124.3499984741211,121.11000061035156,121.55999755859375,18236500,0.0,0.0,0.0
2016-11-10 00:00:00-05:00,121.5199966430664,121.54000091552734,119.37999725341797,119.75,22268000,0.0,0.0,0.0
2016-11-11 00:00:00-05:00,119.6500015258789,119.69000244140625,116.2300033569336,117.0999984741211,20381800,0.0,0.0,0.0
2016-11-14 00:00:00-05:00,116.12000274658203,117.13999938964844,115.48999786376953,116.11000061035156,20729400,0.0,0.0,0.0
2016-11-15 00:00:00-05:00,116.45999908447266,117.23999786376953,116.29000091552734,117.12000274658203,9348600,0.0,0.0,0.0
2016-11-16 00:00:00-05:00,117.2699966430664,117.2699966430664,116.58000183105469,116.7699966430664,5486100,0.0,0.0,0.0
2016-11-17 00:00:00-05:00,116.91000366210938,117.22000122070312,115.44000244140625,116.16999816894531,10342300,0.0,0.0,0.0
2016-11-18 00:00:00-05:00,115.5199966430664,115.7699966430664,114.95999908447266,115.1500015258789,10444300,0.0,0.0,0.0
2016-11-21 00:00:00-05:00,115.72000122070312,115.94000244140625,115.29000091552734,115.58000183105469,6654200,0.0,0.0,0.0
2016-11-22 00:00:00-05:00,115.72000122070312,115.79000091552734,114.9800033569336,115.54000091552734,6391900,0.0,0.0,0.0
2016-11-23 00:00:00-05:00,113.87000274658203,113.87999725341797,112.6500015258789,113.25,20982100,0.0,0.0,0.0
2016-11-25 00:00:00-05:00,113.41999816894531,113.51000213623047,112.3499984741211,112.61000061035156,5345900,0.0,0.0,0.0
2016-11-28 00:00:00-05:00,113.2300033569336,113.83999633789062,112.7699966430664,113.80000305175781,5655400,0.0,0.0,0.0
2016-11-29 00:00:00-05:00,112.76000213623047,113.4800033569336,112.69000244140625,113.2699966430664,7438600,0.0,0.0,0.0
2016-11-30 00:00:00-05:00,112.69000244140625,112.79000091552734,111.5,111.75,10925500,0.0,0.0,0.0
2016-12-01 00:00:00-05:00,111.11000061035156,111.98999786376953,110.62999725341797,111.54000091552734,10237000,0.0,0.0,0.0
2016-12-02 00:00:00-05:00,111.88999938964844,112.31999969482422,111.77999877929688,112.13999938964844,7416500,0.0,0.0,0.0
2016-12-05 00:00:00-05:00,111.1500015258789,112.11000061035156,110.30999755859375,111.54000091552734,10187900,0.0,0.0,0.0
2016-12-06 00:00:00-05:00,111.69000244140625,112.02999877929688,111.19000244140625,111.43000030517578,5533700,0.0,0.0,0.0
2016-12-07 00:00:00-05:00,112.12999725341797,112.5,111.7699966430664,111.83000183105469,4901800,0.0,0.0,0.0
2016-12-08 00:00:00-05:00,111.72000122070312,111.87000274658203,111.45999908447266,111.56999969482422,5977800,0.0,0.0,0.0
2016-12-09 00:00:00-05:00,111.18000030517578,111.25,110.19000244140625,110.4000015258789,10507700,0.0,0.0,0.0
2016-12-12 00:00:00-05:00,110.58999633789062,111.11000061035156,110.2699966430664,110.81999969482422,6156700,0.0,0.0,0.0
2016-12-13 00:00:00-05:00,110.56999969482422,110.79000091552734,110.05999755859375,110.44999694824219,7961600,0.0,0.0,0.0
2016-12-14 00:00:00-05:00,110.94999694824219,110.9800033569336,108.5199966430664,108.83000183105469,12933600,0.0,0.0,0.0
2016-12-15 00:00:00-05:00,107.8499984741211,107.98999786376953,107.0,107.33999633789062,14427500,0.0,0.0,0.0
2016-12-16 00:00:00-05:00,107.94999694824219,108.77999877929688,107.4800033569336,108.05000305175781,10602800,0.0,0.0,0.0
2016-12-19 00:00:00-05:00,108.5999984741211,108.87999725341797,108.33999633789062,108.58999633789062,5339100,0.0,0.0,0.0
2016-12-20 00:00:00-05:00,107.47000122070312,108.0,107.29000091552734,107.79000091552734,7321100,0.0,0.0,0.0
2016-12-21 00:00:00-05:00,108.25,108.30999755859375,107.68000030517578,107.8499984741211,5188700,0.0,0.0,0.0
2016-12-22 00:00:00-05:00,107.68000030517578,108.0999984741211,107.48999786376953,107.58999633789062,4942800,0.0,0.0,0.0
2016-12-23 00:00:00-05:00,107.83999633789062,108.25,107.80000305175781,107.93000030517578,5012200,0.0,0.0,0.0
2016-12-27 00:00:00-05:00,108.61000061035156,108.66999816894531,108.23999786376953,108.55999755859375,3685500,0.0,0.0,0.0
2016-12-28 00:00:00-05:00,108.4000015258789,108.91000366210938,108.29000091552734,108.86000061035156,5091200,0.0,0.0,0.0
2016-12-29 00:00:00-05:00,109.2300033569336,110.52999877929688,109.16000366210938,110.29000091552734,7563900,0.0,0.0,0.0
2016-12-30 00:00:00-05:00,110.37999725341797,110.62000274658203,109.52999877929688,109.61000061035156,8873700,0.0,0.0,0.0
2017-01-03 00:00:00-05:00,109.62000274658203,111.0,109.37000274658203,110.47000122070312,7527400,0.0,0.0,0.0
2017-01-04 00:00:00-05:00,111.05999755859375,111.22000122070312,110.61000061035156,110.86000061035156,4904100,0.0,0.0,0.0
2017-01-05 00:00:00-05:00,112.16000366210938,112.94000244140625,112.06999969482422,112.58000183105469,9606800,0.0,0.0,0.0
2017-01-06 00:00:00-05:00,111.80999755859375,112.37999725341797,111.56999969482422,111.75,7686100,0.0,0.0,0.0
2017-01-09 00:00:00-05:00,112.38999938964844,113.04000091552734,112.18000030517578,112.66999816894531,5674600,0.0,0.0,0.0
2017-01-10 00:00:00-05:00,112.94000244140625,113.44999694824219,112.63999938964844,113.1500015258789,6093400,0.0,0.0,0.0
2017-01-11 00:00:00-05:00,112.87000274658203,114.19000244140625,112.16999816894531,113.5,9918700,0.0,0.0,0.0
2017-01-12 00:00:00-05:00,114.5199966430664,114.93000030517578,113.80999755859375,113.91000366210938,8457300,0.0,0.0,0.0
2017-01-13 00:00:00-05:00,113.6500015258789,114.30999755859375,113.19000244140625,114.20999908447266,7261500,0.0,0.0,0.0
2017-01-17 00:00:00-05:00,115.88999938964844,115.95999908447266,115.5,115.8499984741211,9142400,0.0,0.0,0.0
2017-01-18 00:00:00-05:00,115.73999786376953,115.91999816894531,114.55999755859375,114.87000274658203,6498100,0.0,0.0,0.0
2017-01-19 00:00:00-05:00,114.31999969482422,114.95999908447266,113.94000244140625,114.7699966430664,6437000,0.0,0.0,0.0
2017-01-20 00:00:00-05:00,114.6500015258789,115.76000213623047,114.31999969482422,115.05000305175781,12261500,0.0,0.0,0.0
2017-01-23 00:00:00-05:00,115.51000213623047,116.16999816894531,115.19999694824219,115.79000091552734,6373100,0.0,0.0,0.0
2017-01-24 00:00:00-05:00,115.69000244140625,116.0199966430664,114.94000244140625,115.2699966430664,5798800,0.0,0.0,0.0
2017-01-25 00:00:00-05:00,114.13999938964844,114.44000244140625,113.68000030517578,114.31999969482422,6697500,0.0,0.0,0.0
2017-01-26 00:00:00-05:00,113.23999786376953,113.51000213623047,112.83000183105469,113.26000213623047,5390500,0.0,0.0,0.0
2017-01-27 00:00:00-05:00,112.93000030517578,113.55000305175781,112.80999755859375,113.48999786376953,6706600,0.0,0.0,0.0
2017-01-30 00:00:00-05:00,113.61000061035156,114.30000305175781,113.54000091552734,113.97000122070312,7687800,0.0,0.0,0.0
2017-01-31 00:00:00-05:00,115.2699966430664,115.81999969482422,115.18000030517578,115.55000305175781,10421900,0.0,0.0,0.0
2017-02-01 00:00:00-05:00,114.66000366210938,115.44999694824219,114.13999938964844,115.19999694824219,6932900,0.0,0.0,0.0
2017-02-02 00:00:00-05:00,116.26000213623047,116.56999969482422,115.62999725341797,115.83999633789062,7189500,0.0,0.0,0.0
2017-02-03 00:00:00-05:00,115.7300033569336,116.37000274658203,115.70999908447266,116.12999725341797,9455500,0.0,0.0,0.0
2017-02-06 00:00:00-05:00,117.06999969482422,117.73999786376953,116.73999786376953,117.69999694824219,8547800,0.0,0.0,0.0
2017-02-07 00:00:00-05:00,117.30999755859375,117.73999786376953,117.19999694824219,117.45999908447266,8621000,0.0,0.0,0.0
2017-02-08 00:00:00-05:00,118.08999633789062,118.58999633789062,117.80999755859375,118.19000244140625,9633400,0.0,0.0,0.0
2017-02-09 00:00:00-05:00,118.19000244140625,118.58000183105469,117.19999694824219,117.29000091552734,8177200,0.0,0.0,0.0
2017-02-10 00:00:00-05:00,116.68000030517578,117.86000061035156,116.66999816894531,117.5999984741211,9072100,0.0,0.0,0.0
2017-02-13 00:00:00-05:00,116.7300033569336,116.94999694824219,116.1500015258789,116.80000305175781,7354900,0.0,0.0,0.0
2017-02-14 00:00:00-05:00,117.51000213623047,117.55999755859375,116.37999725341797,116.93000030517578,6927800,0.0,0.0,0.0
2017-02-15 00:00:00-05:00,116.33000183105469,117.4800033569336,116.25,117.44999694824219,7088400,0.0,0.0,0.0
2017-02-16 00:00:00-05:00,117.93000030517578,118.3499984741211,117.83000183105469,118.08000183105469,6378700,0.0,0.0,0.0
2017-02-17 00:00:00-05:00,118.19000244140625,118.4000015258789,117.62000274658203,117.68000030517578,7338100,0.0,0.0,0.0
2017-02-21 00:00:00-05:00,117.04000091552734,118.0,116.7699966430664,117.75,6166900,0.0,0.0,0.0
2017-02-22 00:00:00-05:00,117.86000061035156,118.0199966430664,117.23999786376953,117.91000366210938,6057200,0.0,0.0,0.0
2017-02-23 00:00:00-05:00,118.76000213623047,119.16000366210938,118.68000030517578,118.94000244140625,7523300,0.0,0.0,0.0
2017-02-24 00:00:00-05:00,119.73999786376953,119.87999725341797,119.25,119.69999694824219,9809000,0.0,0.0,0.0
2017-02-27 00:00:00-05:00,119.7300033569336,120.4000015258789,119.12000274658203,119.12000274658203,9263500,0.0,0.0,0.0
2017-02-28 00:00:00-05:00,119.70999908447266,119.83999633789062,118.81999969482422,119.2300033569336,8727800,0.0,0.0,0.0
2017-03-01 00:00:00-05:00,117.9800033569336,119.12000274658203,117.94999694824219,119.05999755859375,8679600,0.0,0.0,0.0
2017-03-02 00:00:00-05:00,117.76000213623047,118.33999633789062,117.2300033569336,117.58000183105469,10986300,0.0,0.0,0.0
2017-03-03 00:00:00-05:00,116.94999694824219,117.7300033569336,116.44000244140625,117.51000213623047,10665800,0.0,0.0,0.0
2017-03-06 00:00:00-05:00,117.3499984741211,117.3499984741211,116.62999725341797,116.72000122070312,4883500,0.0,0.0,0.0
2017-03-07 00:00:00-05:00,116.12999725341797,116.25,115.62000274658203,115.77999877929688,6846300,0.0,0.0,0.0
2017-03-08 00:00:00-05:00,114.98999786376953,115.36000061035156,114.94999694824219,115.05999755859375,7620900,0.0,0.0,0.0
2017-03-09 00:00:00-05:00,114.77999877929688,115.02999877929688,114.41000366210938,114.47000122070312,6410900,0.0,0.0,0.0
2017-03-10 00:00:00-05:00,114.44999694824219,114.7300033569336,114.12999725341797,114.72000122070312,7929500,0.0,0.0,0.0
2017-03-13 00:00:00-04:00,114.62999725341797,114.91000366210938,114.51000213623047,114.73999786376953,5807400,0.0,0.0,0.0
2017-03-14 00:00:00-04:00,114.54000091552734,115.01000213623047,114.02999877929688,114.12000274658203,5301800,0.0,0.0,0.0
2017-03-15 00:00:00-04:00,114.29000091552734,116.25,114.0199966430664,116.25,13524100,0.0,0.0,0.0
2017-03-16 00:00:00-04:00,117.2699966430664,117.29000091552734,116.69000244140625,116.7300033569336,9322000,0.0,0.0,0.0
2017-03-17 00:00:00-04:00,117.04000091552734,117.2699966430664,116.91000366210938,116.98999786376953,4683000,0.0,0.0,0.0
2017-03-20 00:00:00-04:00,117.30999755859375,117.5999984741211,117.20999908447266,117.51000213623047,4000200,0.0,0.0,0.0
2017-03-21 00:00:00-04:00,117.7699966430664,118.80000305175781,117.76000213623047,118.54000091552734,9567900,0.0,0.0,0.0
2017-03-22 00:00:00-04:00,118.87000274658203,119.1500015258789,118.68000030517578,118.83000183105469,7287400,0.0,0.0,0.0
2017-03-23 00:00:00-04:00,119.1500015258789,119.25,118.31999969482422,118.66999816894531,6201100,0.0,0.0,0.0
2017-03-24 00:00:00-04:00,118.5,119.20999908447266,118.38999938964844,118.86000061035156,6879600,0.0,0.0,0.0
2017-03-27 00:00:00-04:00,119.93000030517578,120.08000183105469,119.2699966430664,119.52999877929688,8519600,0.0,0.0,0.0
2017-03-28 00:00:00-04:00,119.73999786376953,119.83000183105469,118.77999877929688,119.04000091552734,7112800,0.0,0.0,0.0
2017-03-29 00:00:00-04:00,119.22000122070312,119.44999694824219,119.05000305175781,119.33000183105469,4911000,0.0,0.0,0.0
2017-03-30 00:00:00-04:00,118.7699966430664,119.12000274658203,118.31999969482422,118.47000122070312,6894600,0.0,0.0,0.0
2017-03-31 00:00:00-04:00,118.61000061035156,119.08000183105469,118.45999908447266,118.72000122070312,8520800,0.0,0.0,0.0
2017-04-03 00:00:00-04:00,118.69000244140625,119.37000274658203,118.66999816894531,119.3499984741211,6105700,0.0,0.0,0.0
2017-04-04 00:00:00-04:00,119.58999633789062,119.7699966430664,119.37999725341797,119.62000274658203,4687300,0.0,0.0,0.0
2017-04-05 00:00:00-04:00,118.62000274658203,119.62999725341797,118.4000015258789,119.62000274658203,8106000,0.0,0.0,0.0
2017-04-06 00:00:00-04:00,119.22000122070312,119.41999816894531,118.9800033569336,119.18000030517578,4633500,0.0,0.0,0.0
2017-04-07 00:00:00-04:00,120.30000305175781,120.66999816894531,119.13999938964844,119.45999908447266,12351100,0.0,0.0,0.0
2017-04-10 00:00:00-04:00,119.04000091552734,119.69000244140625,118.8499984741211,119.45999908447266,4623700,0.0,0.0,0.0
2017-04-11 00:00:00-04:00,120.33000183105469,121.4000015258789,120.29000091552734,121.19000244140625,12455300,0.0,0.0,0.0
2017-04-12 00:00:00-04:00,121.37999725341797,122.22000122070312,121.13999938964844,122.0199966430664,9502500,0.0,0.0,0.0
2017-04-13 00:00:00-04:00,122.54000091552734,122.6500015258789,122.02999877929688,122.5999984741211,9892600,0.0,0.0,0.0
2017-04-17 00:00:00-04:00,122.55000305175781,123.06999969482422,121.98999786376953,122.23999786376953,8469600,0.0,0.0,0.0
2017-04-18 00:00:00-04:00,122.43000030517578,123.02999877929688,121.7300033569336,122.81999969482422,10903700,0.0,0.0,0.0
2017-04-19 00:00:00-04:00,122.25,122.26000213623047,121.27999877929688,121.7300033569336,8472700,0.0,0.0,0.0
2017-04-20 00:00:00-04:00,121.81999969482422,122.16999816894531,121.5,121.95999908447266,11787300,0.0,0.0,0.0
2017-04-21 00:00:00-04:00,122.13999938964844,122.61000061035156,121.7300033569336,122.30999755859375,15608000,0.0,0.0,0.0
2017-04-24 00:00:00-04:00,120.7699966430664,121.51000213623047,120.66000366210938,121.4800033569336,11053600,0.0,0.0,0.0
2017-04-25 00:00:00-04:00,120.52999877929688,120.87000274658203,120.05000305175781,120.25,10344800,0.0,0.0,0.0
2017-04-26 00:00:00-04:00,120.20999908447266,120.95999908447266,119.87000274658203,120.83999633789062,9758800,0.0,0.0,0.0
2017-04-27 00:00:00-04:00,120.41999816894531,120.5999984741211,119.97000122070312,120.38999938964844,8267000,0.0,0.0,0.0
2017-04-28 00:00:00-04:00,120.33999633789062,120.7699966430664,120.2699966430664,120.7699966430664,9134200,0.0,0.0,0.0
2017-05-01 00:00:00-04:00,120.20999908447266,120.75,119.3499984741211,119.66999816894531,9331800,0.0,0.0,0.0
2017-05-02 00:00:00-04:00,119.30000305175781,119.6500015258789,119.23999786376953,119.6500015258789,4900800,0.0,0.0,0.0
2017-05-03 00:00:00-04:00,119.18000030517578,119.33999633789062,117.91999816894531,117.9800033569336,10811100,0.0,0.0,0.0
2017-05-04 00:00:00-04:00,116.80999755859375,117.27999877929688,116.62999725341797,116.79000091552734,12406900,0.0,0.0,0.0
2017-05-05 00:00:00-04:00,116.86000061035156,117.06999969482422,116.68000030517578,117.01000213623047,7127200,0.0,0.0,0.0
2017-05-08 00:00:00-04:00,117.02999877929688,117.13999938964844,116.68000030517578,116.75,5438400,0.0,0.0,0.0
2017-05-09 00:00:00-04:00,116.18000030517578,116.23999786376953,115.55999755859375,116.05000305175781,6801300,0.0,0.0,0.0
2017-05-10 00:00:00-04:00,116.41999816894531,116.5,115.86000061035156,116.04000091552734,4290500,0.0,0.0,0.0
2017-05-11 00:00:00-04:00,116.20999908447266,116.8499984741211,116.19000244140625,116.5,6274400,0.0,0.0,0.0
2017-05-12 00:00:00-04:00,117.06999969482422,117.16000366210938,116.7300033569336,116.83000183105469,5434500,0.0,0.0,0.0
2017-05-15 00:00:00-04:00,117.5199966430664,117.54000091552734,116.98999786376953,117.13999938964844,5019600,0.0,0.0,0.0
2017-05-16 00:00:00-04:00,117.44999694824219,117.91000366210938,117.4000015258789,117.6500015258789,4942800,0.0,0.0,0.0
2017-05-17 00:00:00-04:00,119.36000061035156,120.0199966430664,119.2699966430664,119.79000091552734,13936900,0.0,0.0,0.0
2017-05-18 00:00:00-04:00,119.7699966430664,119.83999633789062,118.55999755859375,118.80999755859375,10341100,0.0,0.0,0.0
2017-05-19 00:00:00-04:00,119.38999938964844,119.55000305175781,118.87999725341797,119.4000015258789,6787300,0.0,0.0,0.0
2017-05-22 00:00:00-04:00,119.62999725341797,120.13999938964844,119.58000183105469,119.9000015258789,5132500,0.0,0.0,0.0
2017-05-23 00:00:00-04:00,120.12999725341797,120.19000244140625,118.9800033569336,119.13999938964844,8305400,0.0,0.0,0.0
2017-05-24 00:00:00-04:00,119.06999969482422,119.73999786376953,118.91999816894531,119.61000061035156,7025000,0.0,0.0,0.0
2017-05-25 00:00:00-04:00,119.5199966430664,119.69999694824219,119.29000091552734,119.4800033569336,4105100,0.0,0.0,0.0
2017-05-26 00:00:00-04:00,120.48999786376953,120.79000091552734,120.33000183105469,120.54000091552734,6791600,0.0,0.0,0.0
2017-05-30 00:00:00-04:00,120.23999786376953,120.33000183105469,119.94999694824219,120.13999938964844,4507500,0.0,0.0,0.0
2017-05-31 00:00:00-04:00,120.30999755859375,121.2300033569336,120.26000213623047,120.62000274658203,10360700,0.0,0.0,0.0
2017-06-01 00:00:00-04:00,120.16999816894531,120.73999786376953,120.05999755859375,120.72000122070312,8702500,0.0,0.0,0.0
2017-06-02 00:00:00-04:00,121.30999755859375,121.70999908447266,121.19000244140625,121.61000061035156,7268100,0.0,0.0,0.0
2017-06-05 00:00:00-04:00,121.91000366210938,121.94000244140625,121.58000183105469,121.7300033569336,3979200,0.0,0.0,0.0
2017-06-06 00:00:00-04:00,123.08999633789062,123.30999755859375,122.7699966430664,123.0999984741211,10798500,0.0,0.0,0.0
2017-06-07 00:00:00-04:00,122.79000091552734,123.16000366210938,122.0199966430664,122.44999694824219,9039200,0.0,0.0,0.0
2017-06-08 00:00:00-04:00,122.06999969482422,122.08000183105469,120.94999694824219,121.6500015258789,8169800,0.0,0.0,0.0
2017-06-09 00:00:00-04:00,120.45999908447266,120.91000366210938,120.4000015258789,120.54000091552734,7054700,0.0,0.0,0.0
2017-06-12 00:00:00-04:00,120.33000183105469,120.69000244140625,120.2699966430664,120.36000061035156,4927400,0.0,0.0,0.0
2017-06-13 00:00:00-04:00,119.94999694824219,120.70999908447266,119.91999816894531,120.4800033569336,3786600,0.0,0.0,0.0
2017-06-14 00:00:00-04:00,121.51000213623047,121.87999725341797,119.56999969482422,119.81999969482422,21124800,0.0,0.0,0.0
2017-06-15 00:00:00-04:00,119.22000122070312,119.5,119.12999725341797,119.31999969482422,6796700,0.0,0.0,0.0
2017-06-16 00:00:00-04:00,119.3499984741211,119.5,119.23999786376953,119.33999633789062,6435700,0.0,0.0,0.0
2017-06-19 00:00:00-04:00,118.73999786376953,118.83999633789062,118.33000183105469,118.43000030517578,6787000,0.0,0.0,0.0
2017-06-20 00:00:00-04:00,118.41999816894531,118.45999908447266,118.06999969482422,118.18000030517578,4617400,0.0,0.0,0.0
2017-06-21 00:00:00-04:00,118.1500015258789,118.66000366210938,118.1500015258789,118.5199966430664,4723700,0.0,0.0,0.0
2017-06-22 00:00:00-04:00,119.12999725341797,119.19999694824219,118.5999984741211,118.91999816894531,5811900,0.0,0.0,0.0
2017-06-23 00:00:00-04:00,119.6500015258789,119.66000366210938,119.30999755859375,119.43000030517578,9258600,0.0,0.0,0.0
2017-06-26 00:00:00-04:00,118.29000091552734,118.54000091552734,118.16999816894531,118.36000061035156,6593400,0.0,0.0,0.0
2017-06-27 00:00:00-04:00,118.87000274658203,119.05000305175781,118.4800033569336,118.80999755859375,5759300,0.0,0.0,0.0
2017-06-28 00:00:00-04:00,119.05999755859375,119.05999755859375,118.69000244140625,118.9000015258789,4220100,0.0,0.0,0.0
2017-06-29 00:00:00-04:00,117.97000122070312,118.63999938964844,117.91000366210938,118.31999969482422,7705200,0.0,0.0,0.0
2017-06-30 00:00:00-04:00,118.08000183105469,118.41000366210938,117.94999694824219,118.0199966430664,7272600,0.0,0.0,0.0
2017-07-03 00:00:00-04:00,116.54000091552734,116.8499984741211,115.94000244140625,116.08999633789062,12145000,0.0,0.0,0.0
2017-07-05 00:00:00-04:00,115.91000366210938,116.66999816894531,115.87000274658203,116.5199966430664,7223300,0.0,0.0,0.0
2017-07-06 00:00:00-04:00,116.58000183105469,116.61000061035156,116.23999786376953,116.47000122070312,4443400,0.0,0.0,0.0
2017-07-07 00:00:00-04:00,115.77999877929688,115.79000091552734,114.80000305175781,115.27999877929688,11153600,0.0,0.0,0.0
2017-07-10 00:00:00-04:00,115.0199966430664,115.56999969482422,114.83000183105469,115.47000122070312,4970900,0.0,0.0,0.0
2017-07-11 00:00:00-04:00,115.26000213623047,115.7699966430664,114.87999725341797,115.62000274658203,6637900,0.0,0.0,0.0
2017-07-12 00:00:00-04:00,116.20999908447266,116.33000183105469,115.87000274658203,116.02999877929688,4654400,0.0,0.0,0.0
2017-07-13 00:00:00-04:00,116.04000091552734,116.04000091552734,115.66999816894531,115.81999969482422,4148900,0.0,0.0,0.0
2017-07-14 00:00:00-04:00,117.04000091552734,117.25,116.63999938964844,116.7699966430664,5788200,0.0,0.0,0.0
2017-07-17 00:00:00-04:00,117.41999816894531,117.52999877929688,117.2300033569336,117.29000091552734,5170800,0.0,0.0,0.0
2017-07-18 00:00:00-04:00,117.98999786376953,118.33000183105469,117.87999725341797,118.11000061035156,7158600,0.0,0.0,0.0
2017-07-19 00:00:00-04:00,118.18000030517578,118.2699966430664,117.83999633789062,118.08000183105469,3205100,0.0,0.0,0.0
2017-07-20 00:00:00-04:00,117.91999816894531,118.62000274658203,117.66000366210938,118.23999786376953,5571600,0.0,0.0,0.0
2017-07-21 00:00:00-04:00,119.0,119.38999938964844,118.75,119.26000213623047,10135900,0.0,0.0,0.0
2017-07-24 00:00:00-04:00,119.5199966430664,119.58000183105469,119.18000030517578,119.30999755859375,3654300,0.0,0.0,0.0
2017-07-25 00:00:00-04:00,118.98999786376953,119.31999969482422,118.79000091552734,118.91999816894531,6203000,0.0,0.0,0.0
2017-07-26 00:00:00-04:00,118.56999969482422,120.1500015258789,118.55000305175781,119.87999725341797,8527900,0.0,0.0,0.0
2017-07-27 00:00:00-04:00,120.0999984741211,120.13999938964844,119.27999877929688,119.79000091552734,6385200,0.0,0.0,0.0
2017-07-28 00:00:00-04:00,120.1500015258789,120.86000061035156,120.13999938964844,120.69000244140625,7393600,0.0,0.0,0.0
2017-07-31 00:00:00-04:00,120.5,120.80999755859375,120.44999694824219,120.75,3944600,0.0,0.0,0.0
2017-08-01 00:00:00-04:00,120.44000244140625,121.13999938964844,120.44000244140625,120.6500015258789,7365100,0.0,0.0,0.0
2017-08-02 00:00:00-04:00,120.51000213623047,121.0199966430664,120.33999633789062,120.4000015258789,5945300,0.0,0.0,0.0
2017-08-03 00:00:00-04:00,120.30999755859375,120.83000183105469,120.30999755859375,120.58999633789062,4275600,0.0,0.0,0.0
2017-08-04 00:00:00-04:00,119.97000122070312,120.04000091552734,119.22000122070312,119.6500015258789,8644800,0.0,0.0,0.0
2017-08-07 00:00:00-04:00,119.43000030517578,119.79000091552734,119.43000030517578,119.51000213623047,3010100,0.0,0.0,0.0
2017-08-08 00:00:00-04:00,120.0199966430664,120.12000274658203,118.97000122070312,119.86000061035156,7227200,0.0,0.0,0.0
2017-08-09 00:00:00-04:00,121.0199966430664,121.55000305175781,120.76000213623047,121.30999755859375,9186200,0.0,0.0,0.0
2017-08-10 00:00:00-04:00,122.08000183105469,122.44000244140625,122.02999877929688,122.20999908447266,9817900,0.0,0.0,0.0
2017-08-11 00:00:00-04:00,122.23999786376953,122.83000183105469,122.02999877929688,122.79000091552734,8019500,0.0,0.0,0.0
2017-08-14 00:00:00-04:00,121.9800033569336,122.23999786376953,121.68000030517578,121.91999816894531,6035300,0.0,0.0,0.0
2017-08-15 00:00:00-04:00,120.5999984741211,121.2300033569336,120.58000183105469,120.9800033569336,6731300,0.0,0.0,0.0
2017-08-16 00:00:00-04:00,120.66000366210938,122.05999755859375,120.66000366210938,121.87000274658203,8267300,0.0,0.0,0.0
2017-08-17 00:00:00-04:00,122.29000091552734,122.61000061035156,121.76000213623047,122.48999786376953,8183800,0.0,0.0,0.0
2017-08-18 00:00:00-04:00,123.37000274658203,123.54000091552734,122.0,122.30000305175781,13654200,0.0,0.0,0.0
2017-08-21 00:00:00-04:00,122.54000091552734,122.9800033569336,122.5,122.76000213623047,5549700,0.0,0.0,0.0
2017-08-22 00:00:00-04:00,122.55999755859375,122.55999755859375,121.8499984741211,122.20999908447266,6493900,0.0,0.0,0.0
2017-08-23 00:00:00-04:00,122.58000183105469,122.69000244140625,122.30999755859375,122.66999816894531,5038400,0.0,0.0,0.0
2017-08-24 00:00:00-04:00,122.38999938964844,122.63999938964844,122.12999725341797,122.29000091552734,4193400,0.0,0.0,0.0
2017-08-25 00:00:00-04:00,122.7699966430664,123.0199966430664,121.29000091552734,122.73999786376953,12398200,0.0,0.0,0.0
2017-08-28 00:00:00-04:00,123.33000183105469,124.7300033569336,123.33000183105469,124.69000244140625,11578300,0.0,0.0,0.0
2017-08-29 00:00:00-04:00,125.80999755859375,125.87000274658203,124.05000305175781,124.41999816894531,9861500,0.0,0.0,0.0
2017-08-30 00:00:00-04:00,124.33000183105469,124.62000274658203,124.16000366210938,124.36000061035156,6328400,0.0,0.0,0.0
2017-08-31 00:00:00-04:00,124.58000183105469,125.83999633789062,124.55000305175781,125.81999969482422,11775500,0.0,0.0,0.0
2017-09-01 00:00:00-04:00,126.01000213623047,126.16999816894531,125.12000274658203,126.05999755859375,11567400,0.0,0.0,0.0
2017-09-05 00:00:00-04:00,126.6500015258789,127.77999877929688,126.56999969482422,127.45999908447266,11813100,0.0,0.0,0.0
2017-09-06 00:00:00-04:00,127.33999633789062,127.44000244140625,126.55000305175781,126.80999755859375,10059300,0.0,0.0,0.0
2017-09-07 00:00:00-04:00,127.55999755859375,128.32000732421875,127.38999938964844,128.1300048828125,10219700,0.0,0.0,0.0
2017-09-08 00:00:00-04:00,128.2100067138672,128.3000030517578,127.58999633789062,127.97000122070312,9020000,0.0,0.0,0.0
2017-09-11 00:00:00-04:00,126.73999786376953,126.94000244140625,126.05000305175781,126.19000244140625,9126600,0.0,0.0,0.0
2017-09-12 00:00:00-04:00,126.02999877929688,126.58999633789062,125.94000244140625,126.55999755859375,8349000,0.0,0.0,0.0
2017-09-13 00:00:00-04:00,126.4000015258789,126.44999694824219,125.5,125.61000061035156,8491000,0.0,0.0,0.0
2017-09-14 00:00:00-04:00,125.66000366210938,126.44000244140625,125.62000274658203,126.16000366210938,5330700,0.0,0.0,0.0
2017-09-15 00:00:00-04:00,125.98999786376953,125.98999786376953,125.41000366210938,125.52999877929688,8375100,0.0,0.0,0.0
2017-09-18 00:00:00-04:00,124.70999908447266,124.76000213623047,123.97000122070312,124.36000061035156,8859800,0.0,0.0,0.0
2017-09-19 00:00:00-04:00,124.48999786376953,124.6500015258789,124.02999877929688,124.62000274658203,5826500,0.0,0.0,0.0
2017-09-20 00:00:00-04:00,124.68000030517578,125.05999755859375,123.1500015258789,123.62000274658203,11415400,0.0,0.0,0.0
2017-09-21 00:00:00-04:00,122.55999755859375,123.06999969482422,122.48999786376953,122.68000030517578,7757900,0.0,0.0,0.0
2017-09-22 00:00:00-04:00,123.02999877929688,123.38999938964844,122.93000030517578,123.23999786376953,6011900,0.0,0.0,0.0
2017-09-25 00:00:00-04:00,122.77999877929688,124.66000366210938,122.70999908447266,124.52999877929688,10257200,0.0,0.0,0.0
2017-09-26 00:00:00-04:00,123.56999969482422,123.80999755859375,122.9000015258789,123.13999938964844,8673600,0.0,0.0,0.0
2017-09-27 00:00:00-04:00,122.04000091552734,122.51000213623047,121.87999725341797,121.9800033569336,6903900,0.0,0.0,0.0
2017-09-28 00:00:00-04:00,122.04000091552734,122.4800033569336,121.83000183105469,122.20999908447266,5968200,0.0,0.0,0.0
2017-09-29 00:00:00-04:00,122.29000091552734,122.30000305175781,121.55000305175781,121.58000183105469,10208000,0.0,0.0,0.0
2017-10-02 00:00:00-04:00,121.16999816894531,121.33999633789062,120.73999786376953,120.7699966430664,11755400,0.0,0.0,0.0
2017-10-03 00:00:00-04:00,120.72000122070312,121.0999984741211,120.69999694824219,120.83000183105469,3728700,0.0,0.0,0.0
2017-10-04 00:00:00-04:00,121.20999908447266,121.2699966430664,120.70999908447266,121.16999816894531,6475200,0.0,0.0,0.0
2017-10-05 00:00:00-04:00,121.1500015258789,121.23999786376953,120.4000015258789,120.5199966430664,6205400,0.0,0.0,0.0
2017-10-06 00:00:00-04:00,120.26000213623047,121.20999908447266,119.77999877929688,121.08999633789062,10013300,0.0,0.0,0.0
2017-10-09 00:00:00-04:00,121.63999938964844,122.11000061035156,121.55000305175781,122.08000183105469,5264100,0.0,0.0,0.0
2017-10-10 00:00:00-04:00,122.62000274658203,122.97000122070312,122.36000061035156,122.4000015258789,9315500,0.0,0.0,0.0
2017-10-11 00:00:00-04:00,122.56999969482422,122.87999725341797,122.02999877929688,122.79000091552734,5649400,0.0,0.0,0.0
2017-10-12 00:00:00-04:00,122.83999633789062,123.04000091552734,122.5,122.88999938964844,3037600,0.0,0.0,0.0
2017-10-13 00:00:00-04:00,123.66000366210938,123.86000061035156,123.33999633789062,123.81999969482422,6820300,0.0,0.0,0.0
2017-10-16 00:00:00-04:00,123.81999969482422,123.97000122070312,122.56999969482422,122.97000122070312,8202000,0.0,0.0,0.0
2017-10-17 00:00:00-04:00,122.02999877929688,122.31999969482422,121.7300033569336,122.12999725341797,7041300,0.0,0.0,0.0
2017-10-18 00:00:00-04:00,121.70999908447266,121.94000244140625,121.55000305175781,121.66999816894531,3666400,0.0,0.0,0.0
2017-10-19 00:00:00-04:00,122.19999694824219,122.55000305175781,122.11000061035156,122.38999938964844,5567300,0.0,0.0,0.0
2017-10-20 00:00:00-04:00,121.68000030517578,121.9800033569336,121.38999938964844,121.61000061035156,8481100,0.0,0.0,0.0
2017-10-23 00:00:00-04:00,120.9800033569336,121.9000015258789,120.95999908447266,121.80000305175781,5069700,0.0,0.0,0.0
2017-10-24 00:00:00-04:00,121.26000213623047,121.70999908447266,120.9800033569336,121.33000183105469,5114100,0.0,0.0,0.0
2017-10-25 00:00:00-04:00,121.30999755859375,121.58999633789062,120.83999633789062,121.3499984741211,4282400,0.0,0.0,0.0
2017-10-26 00:00:00-04:00,121.16000366210938,121.16000366210938,120.22000122070312,120.33000183105469,6438800,0.0,0.0,0.0
2017-10-27 00:00:00-04:00,120.37999725341797,120.98999786376953,120.20999908447266,120.9000015258789,6664200,0.0,0.0,0.0
2017-10-30 00:00:00-04:00,120.37999725341797,121.47000122070312,120.37999725341797,121.12999725341797,5119200,0.0,0.0,0.0
2017-10-31 00:00:00-04:00,120.81999969482422,120.83999633789062,120.37999725341797,120.66999816894531,3910500,0.0,0.0,0.0
2017-11-01 00:00:00-04:00,120.9800033569336,121.55000305175781,120.83999633789062,121.11000061035156,4647800,0.0,0.0,0.0
2017-11-02 00:00:00-04:00,121.29000091552734,121.95999908447266,121.05000305175781,121.19000244140625,5369500,0.0,0.0,0.0
2017-11-03 00:00:00-04:00,121.36000061035156,121.43000030517578,120.18000030517578,120.62000274658203,6330600,0.0,0.0,0.0
2017-11-06 00:00:00-05:00,120.72000122070312,121.8499984741211,120.68000030517578,121.6500015258789,6953800,0.0,0.0,0.0
2017-11-07 00:00:00-05:00,121.51000213623047,121.55999755859375,120.77999877929688,121.20999908447266,4165900,0.0,0.0,0.0
2017-11-08 00:00:00-05:00,121.94999694824219,122.25,121.58999633789062,121.62999725341797,5565200,0.0,0.0,0.0
2017-11-09 00:00:00-05:00,121.8499984741211,122.41000366210938,121.7300033569336,122.12999725341797,6072400,0.0,0.0,0.0
2017-11-10 00:00:00-05:00,121.98999786376953,122.11000061035156,120.94000244140625,121.12999725341797,7116200,0.0,0.0,0.0
2017-11-13 00:00:00-05:00,121.43000030517578,121.55000305175781,121.2699966430664,121.30999755859375,6249300,0.0,0.0,0.0
2017-11-14 00:00:00-05:00,120.9000015258789,121.91000366210938,120.7699966430664,121.55999755859375,6189000,0.0,0.0,0.0
2017-11-15 00:00:00-05:00,122.12999725341797,122.36000061035156,121.25,121.41000366210938,4984800,0.0,0.0,0.0
2017-11-16 00:00:00-05:00,121.44999694824219,121.70999908447266,121.29000091552734,121.4000015258789,2796500,0.0,0.0,0.0
2017-11-17 00:00:00-05:00,122.1500015258789,123.16999816894531,121.94999694824219,122.86000061035156,10614000,0.0,0.0,0.0
2017-11-20 00:00:00-05:00,122.30000305175781,122.41000366210938,121.04000091552734,121.30999755859375,8356700,0.0,0.0,0.0
2017-11-21 00:00:00-05:00,121.66999816894531,122.0,121.5,121.51000213623047,4956500,0.0,0.0,0.0
2017-11-22 00:00:00-05:00,122.26000213623047,122.94999694824219,122.16999816894531,122.62999725341797,5211800,0.0,0.0,0.0
2017-11-24 00:00:00-05:00,122.36000061035156,122.61000061035156,122.22000122070312,122.31999969482422,1779700,0.0,0.0,0.0
2017-11-27 00:00:00-05:00,123.26000213623047,123.33000183105469,122.66999816894531,122.83000183105469,4961200,0.0,0.0,0.0
2017-11-28 00:00:00-05:00,123.05000305175781,123.16999816894531,122.52999877929688,122.80999755859375,5603100,0.0,0.0,0.0
2017-11-29 00:00:00-05:00,122.23999786376953,122.33000183105469,121.73999786376953,122.04000091552734,6138900,0.0,0.0,0.0
2017-11-30 00:00:00-05:00,121.44000244140625,121.69999694824219,120.63999938964844,121.0999984741211,7936300,0.0,0.0,0.0
2017-12-01 00:00:00-05:00,120.94000244140625,122.43000030517578,120.73999786376953,121.58999633789062,13080100,0.0,0.0,0.0
2017-12-04 00:00:00-05:00,121.1500015258789,121.19999694824219,120.83999633789062,121.18000030517578,6943700,0.0,0.0,0.0
2017-12-05 00:00:00-05:00,120.0999984741211,120.51000213623047,119.72000122070312,120.31999969482422,10041200,0.0,0.0,0.0
2017-12-06 00:00:00-05:00,120.04000091552734,120.44000244140625,119.87000274658203,120.06999969482422,6643000,0.0,0.0,0.0
2017-12-07 00:00:00-05:00,119.01000213623047,119.23999786376953,118.0999984741211,118.48999786376953,12900200,0.0,0.0,0.0
2017-12-08 00:00:00-05:00,118.48999786376953,118.91999816894531,118.33000183105469,118.4800033569336,5231300,0.0,0.0,0.0
2017-12-11 00:00:00-05:00,118.37000274658203,118.54000091552734,117.80000305175781,118.01000213623047,4522200,0.0,0.0,0.0
2017-12-12 00:00:00-05:00,117.6500015258789,118.16999816894531,117.4000015258789,118.1500015258789,8020100,0.0,0.0,0.0
2017-12-13 00:00:00-05:00,118.19000244140625,119.3499984741211,118.01000213623047,119.16999816894531,10086700,0.0,0.0,0.0
2017-12-14 00:00:00-05:00,119.0999984741211,119.29000091552734,118.70999908447266,118.93000030517578,6993600,0.0,0.0,0.0
2017-12-15 00:00:00-05:00,119.41000366210938,119.5,118.97000122070312,119.18000030517578,7532000,0.0,0.0,0.0
2017-12-18 00:00:00-05:00,119.62999725341797,119.98999786376953,119.5999984741211,119.7300033569336,5452200,0.0,0.0,0.0
2017-12-19 00:00:00-05:00,119.66999816894531,119.9000015258789,119.52999877929688,119.81999969482422,4018900,0.0,0.0,0.0
2017-12-20 00:00:00-05:00,119.9800033569336,120.36000061035156,119.80999755859375,120.13999938964844,5734600,0.0,0.0,0.0
2017-12-21 00:00:00-05:00,120.06999969482422,120.44999694824219,120.0,120.30999755859375,4823700,0.0,0.0,0.0
2017-12-22 00:00:00-05:00,120.66999816894531,121.13999938964844,120.56999969482422,120.94000244140625,5791300,0.0,0.0,0.0
2017-12-26 00:00:00-05:00,121.55000305175781,121.87000274658203,121.51000213623047,121.7699966430664,8224400,0.0,0.0,0.0
2017-12-27 00:00:00-05:00,122.0,122.33999633789062,121.87999725341797,122.2300033569336,6232700,0.0,0.0,0.0
2017-12-28 00:00:00-05:00,122.81999969482422,122.91999816894531,122.55999755859375,122.8499984741211,5732700,0.0,0.0,0.0
2017-12-29 00:00:00-05:00,123.69999694824219,124.08999633789062,123.45999908447266,123.6500015258789,7852100,0.0,0.0,0.0
2018-01-02 00:00:00-05:00,124.66000366210938,125.18000030517578,124.38999938964844,125.1500015258789,11762500,0.0,0.0,0.0
2018-01-03 00:00:00-05:00,125.05000305175781,125.08999633789062,124.0999984741211,124.81999969482422,7904300,0.0,0.0,0.0
2018-01-04 00:00:00-05:00,124.88999938964844,125.8499984741211,124.73999786376953,125.45999908447266,7329700,0.0,0.0,0.0
2018-01-05 00:00:00-05:00,124.93000030517578,125.4800033569336,124.83000183105469,125.33000183105469,5739900,0.0,0.0,0.0
2018-01-08 00:00:00-05:00,125.19999694824219,125.31999969482422,124.9000015258789,125.30999755859375,3566700,0.0,0.0,0.0
2018-01-09 00:00:00-05:00,124.48999786376953,124.86000061035156,124.2300033569336,124.7300033569336,9153600,0.0,0.0,0.0
2018-01-10 00:00:00-05:00,125.16999816894531,125.30999755859375,124.72000122070312,125.02999877929688,14809300,0.0,0.0,0.0
2018-01-11 00:00:00-05:00,125.37000274658203,125.66000366210938,125.25,125.44000244140625,5994700,0.0,0.0,0.0
2018-01-12 00:00:00-05:00,126.01000213623047,127.12999725341797,125.80999755859375,126.95999908447266,9258600,0.0,0.0,0.0
2018-01-16 00:00:00-05:00,126.5999984741211,127.18000030517578,126.4000015258789,127.16999816894531,8083900,0.0,0.0,0.0
2018-01-17 00:00:00-05:00,126.7699966430664,127.22000122070312,125.9000015258789,126.13999938964844,10130500,0.0,0.0,0.0
2018-01-18 00:00:00-05:00,126.12999725341797,126.5199966430664,125.80000305175781,125.86000061035156,6289300,0.0,0.0,0.0
2018-01-19 00:00:00-05:00,126.56999969482422,126.7300033569336,126.41000366210938,126.41999816894531,8773800,0.0,0.0,0.0
2018-01-22 00:00:00-05:00,126.51000213623047,126.75,126.27999877929688,126.6500015258789,4893500,0.0,0.0,0.0
2018-01-23 00:00:00-05:00,126.52999877929688,127.3499984741211,126.33999633789062,127.27999877929688,6190400,0.0,0.0,0.0
2018-01-24 00:00:00-05:00,128.38999938964844,129.25999450683594,128.22999572753906,128.8300018310547,11827600,0.0,0.0,0.0
2018-01-25 00:00:00-05:00,128.69000244140625,129.50999450683594,127.36000061035156,127.97000122070312,15219700,0.0,0.0,0.0
2018-01-26 00:00:00-05:00,128.24000549316406,128.52000427246094,127.97000122070312,128.07000732421875,7828700,0.0,0.0,0.0
2018-01-29 00:00:00-05:00,127.58000183105469,127.62999725341797,126.91999816894531,127.3499984741211,6956400,0.0,0.0,0.0
2018-01-30 00:00:00-05:00,127.91000366210938,127.91999816894531,126.73999786376953,126.80000305175781,9736100,0.0,0.0,0.0
2018-01-31 00:00:00-05:00,127.44999694824219,127.8499984741211,126.4000015258789,127.6500015258789,13418900,0.0,0.0,0.0
2018-02-01 00:00:00-05:00,127.18000030517578,128.14999389648438,127.08000183105469,128.07000732421875,10854600,0.0,0.0,0.0
2018-02-02 00:00:00-05:00,126.80999755859375,126.8499984741211,125.95999908447266,126.38999938964844,16789200,0.0,0.0,0.0
2018-02-05 00:00:00-05:00,126.81999969482422,127.30999755859375,126.44000244140625,126.70999908447266,13596300,0.0,0.0,0.0
2018-02-06 00:00:00-05:00,126.54000091552734,126.55000305175781,125.22000122070312,125.37999725341797,17672500,0.0,0.0,0.0
2018-02-07 00:00:00-05:00,125.4800033569336,125.7699966430664,124.41000366210938,124.79000091552734,8558500,0.0,0.0,0.0
2018-02-08 00:00:00-05:00,124.91999816894531,125.44000244140625,124.51000213623047,124.9800033569336,7343600,0.0,0.0,0.0
2018-02-09 00:00:00-05:00,124.6500015258789,125.13999938964844,124.38999938964844,124.7699966430664,14140700,0.0,0.0,0.0
2018-02-12 00:00:00-05:00,125.19000244140625,125.81999969482422,125.11000061035156,125.37000274658203,6984900,0.0,0.0,0.0
2018-02-13 00:00:00-05:00,125.66999816894531,126.18000030517578,125.5199966430664,126.08000183105469,5321300,0.0,0.0,0.0
2018-02-14 00:00:00-05:00,126.47000122070312,128.58999633789062,126.29000091552734,128.22999572753906,16416400,0.0,0.0,0.0
2018-02-15 00:00:00-05:00,128.42999267578125,128.57000732421875,127.94000244140625,128.3800048828125,7276500,0.0,0.0,0.0
2018-02-16 00:00:00-05:00,128.3000030517578,128.6999969482422,127.56999969482422,127.95999908447266,7956900,0.0,0.0,0.0
2018-02-20 00:00:00-05:00,127.27999877929688,127.4000015258789,126.04000091552734,126.23999786376953,11148700,0.0,0.0,0.0
2018-02-21 00:00:00-05:00,126.36000061035156,126.76000213623047,125.44000244140625,125.66000366210938,7908800,0.0,0.0,0.0
2018-02-22 00:00:00-05:00,125.91999816894531,126.37000274658203,125.87999725341797,126.30000305175781,5346300,0.0,0.0,0.0
2018-02-23 00:00:00-05:00,126.05999755859375,126.30000305175781,125.8499984741211,126.13999938964844,4239700,0.0,0.0,0.0
2018-02-26 00:00:00-05:00,126.44999694824219,126.62000274658203,126.18000030517578,126.44999694824219,3194300,0.0,0.0,0.0
2018-02-27 00:00:00-05:00,126.05999755859375,126.1500015258789,124.58999633789062,125.12999725341797,7082300,0.0,0.0,0.0
2018-02-28 00:00:00-05:00,125.08999633789062,125.45999908447266,124.80999755859375,125.0,4534900,0.0,0.0,0.0
2018-03-01 00:00:00-05:00,124.1500015258789,125.30999755859375,123.58000183105469,124.72000122070312,12910100,0.0,0.0,0.0
2018-03-02 00:00:00-05:00,125.66999816894531,125.69000244140625,124.97000122070312,125.38999938964844,9994300,0.0,0.0,0.0
2018-03-05 00:00:00-05:00,125.3499984741211,125.4800033569336,124.95999908447266,125.18000030517578,5778300,0.0,0.0,0.0
2018-03-06 00:00:00-05:00,126.19999694824219,126.95999908447266,126.12999725341797,126.52999877929688,8676800,0.0,0.0,0.0
2018-03-07 00:00:00-05:00,126.22000122070312,126.29000091552734,125.41999816894531,125.72000122070312,5158700,0.0,0.0,0.0
2018-03-08 00:00:00-05:00,125.69000244140625,125.69999694824219,125.12999725341797,125.41999816894531,3474900,0.0,0.0,0.0
2018-03-09 00:00:00-05:00,124.94000244140625,125.69000244140625,124.77999877929688,125.54000091552734,5066800,0.0,0.0,0.0
2018-03-12 00:00:00-04:00,125.04000091552734,125.56999969482422,124.83999633789062,125.54000091552734,2884300,0.0,0.0,0.0
2018-03-13 00:00:00-04:00,125.66999816894531,125.98999786376953,125.05000305175781,125.77999877929688,4798300,0.0,0.0,0.0
2018-03-14 00:00:00-04:00,125.48999786376953,125.76000213623047,125.33999633789062,125.69999694824219,3777000,0.0,0.0,0.0
2018-03-15 00:00:00-04:00,125.12000274658203,125.20999908447266,124.72000122070312,124.9000015258789,6130100,0.0,0.0,0.0
2018-03-16 00:00:00-04:00,124.83999633789062,124.87000274658203,124.20999908447266,124.5999984741211,7402200,0.0,0.0,0.0
2018-03-19 00:00:00-04:00,124.56999969482422,125.16000366210938,124.41999816894531,124.87000274658203,4335400,0.0,0.0,0.0
2018-03-20 00:00:00-04:00,124.41000366210938,124.55000305175781,123.95999908447266,124.30999755859375,3399400,0.0,0.0,0.0
2018-03-21 00:00:00-04:00,125.4000015258789,126.76000213623047,125.02999877929688,126.4800033569336,12532000,0.0,0.0,0.0
2018-03-22 00:00:00-04:00,126.08999633789062,126.33999633789062,125.63999938964844,125.9800033569336,5298700,0.0,0.0,0.0
2018-03-23 00:00:00-04:00,127.81999969482422,128.05999755859375,127.61000061035156,127.61000061035156,12025900,0.0,0.0,0.0
2018-03-26 00:00:00-04:00,128.0500030517578,128.5800018310547,128.00999450683594,128.27999877929688,6169800,0.0,0.0,0.0
2018-03-27 00:00:00-04:00,127.2300033569336,127.62000274658203,127.05000305175781,127.48999786376953,6180700,0.0,0.0,0.0
2018-03-28 00:00:00-04:00,126.4800033569336,126.61000061035156,125.51000213623047,125.7300033569336,10254900,0.0,0.0,0.0
2018-03-29 00:00:00-04:00,125.41999816894531,125.80999755859375,125.30999755859375,125.79000091552734,7102000,0.0,0.0,0.0
2018-04-02 00:00:00-04:00,126.6500015258789,127.54000091552734,126.37999725341797,127.26000213623047,11421100,0.0,0.0,0.0
2018-04-03 00:00:00-04:00,126.54000091552734,126.58999633789062,126.01000213623047,126.30000305175781,6083700,0.0,0.0,0.0
2018-04-04 00:00:00-04:00,127.5,127.52999877929688,126.31999969482422,126.44999694824219,7488300,0.0,0.0,0.0
2018-04-05 00:00:00-04:00,125.44999694824219,126.08000183105469,125.43000030517578,125.80000305175781,5333000,0.0,0.0,0.0
2018-04-06 00:00:00-04:00,126.56999969482422,126.5999984741211,126.12999725341797,126.38999938964844,6121200,0.0,0.0,0.0
2018-04-09 00:00:00-04:00,126.44999694824219,126.86000061035156,126.2300033569336,126.81999969482422,4189900,0.0,0.0,0.0
2018-04-10 00:00:00-04:00,127.0199966430664,127.30999755859375,126.66999816894531,127.12000274658203,5268800,0.0,0.0,0.0
2018-04-11 00:00:00-04:00,128.08999633789062,129.47000122070312,127.77999877929688,128.11000061035156,12348600,0.0,0.0,0.0
2018-04-12 00:00:00-04:00,127.25,127.33999633789062,126.47000122070312,126.62000274658203,8141300,0.0,0.0,0.0
2018-04-13 00:00:00-04:00,127.06999969482422,127.75,127.02999877929688,127.44999694824219,6821300,0.0,0.0,0.0
2018-04-16 00:00:00-04:00,127.73999786376953,128.0500030517578,127.56999969482422,127.62999725341797,4600000,0.0,0.0,0.0
2018-04-17 00:00:00-04:00,127.0199966430664,127.77999877929688,127.0,127.75,4184100,0.0,0.0,0.0
2018-04-18 00:00:00-04:00,128.32000732421875,128.5399932861328,127.75,127.8499984741211,6755600,0.0,0.0,0.0
2018-04-19 00:00:00-04:00,127.80999755859375,127.87999725341797,127.12999725341797,127.5999984741211,8736100,0.0,0.0,0.0
2018-04-20 00:00:00-04:00,126.69000244140625,126.97000122070312,126.55000305175781,126.62999725341797,10403100,0.0,0.0,0.0
2018-04-23 00:00:00-04:00,125.62000274658203,125.76000213623047,125.33999633789062,125.62000274658203,6921500,0.0,0.0,0.0
2018-04-24 00:00:00-04:00,125.77999877929688,126.33999633789062,125.66999816894531,126.2300033569336,4733100,0.0,0.0,0.0
2018-04-25 00:00:00-04:00,125.2300033569336,125.51000213623047,125.05999755859375,125.41000366210938,5985700,0.0,0.0,0.0
2018-04-26 00:00:00-04:00,125.54000091552734,125.56999969482422,124.69000244140625,124.97000122070312,7517100,0.0,0.0,0.0
2018-04-27 00:00:00-04:00,125.19999694824219,125.62000274658203,125.16999816894531,125.5,5654000,0.0,0.0,0.0
2018-04-30 00:00:00-04:00,124.41000366210938,125.19999694824219,124.19000244140625,124.58999633789062,9830600,0.0,0.0,0.0
2018-05-01 00:00:00-04:00,123.9000015258789,123.9800033569336,123.38999938964844,123.70999908447266,7551600,0.0,0.0,0.0
2018-05-02 00:00:00-04:00,123.9000015258789,124.54000091552734,123.58000183105469,123.6500015258789,7614000,0.0,0.0,0.0
2018-05-03 00:00:00-04:00,124.66000366210938,124.76000213623047,124.23999786376953,124.27999877929688,4857400,0.0,0.0,0.0
2018-05-04 00:00:00-04:00,124.0999984741211,124.6500015258789,124.0,124.54000091552734,5883600,0.0,0.0,0.0
2018-05-07 00:00:00-04:00,124.5,124.69999694824219,124.30000305175781,124.56999969482422,3397500,0.0,0.0,0.0
2018-05-08 00:00:00-04:00,124.13999938964844,124.94999694824219,123.79000091552734,124.58999633789062,5551100,0.0,0.0,0.0
2018-05-09 00:00:00-04:00,124.44999694824219,124.87000274658203,124.23999786376953,124.33000183105469,4405600,0.0,0.0,0.0
2018-05-10 00:00:00-04:00,125.22000122070312,125.37000274658203,124.75,125.18000030517578,5218400,0.0,0.0,0.0
2018-05-11 00:00:00-04:00,125.56999969482422,125.58999633789062,124.94000244140625,125.0,4299200,0.0,0.0,0.0
2018-05-14 00:00:00-04:00,125.16000366210938,125.20999908447266,124.44000244140625,124.48999786376953,3753200,0.0,0.0,0.0
2018-05-15 00:00:00-04:00,122.81999969482422,122.81999969482422,122.12999725341797,122.4800033569336,10911900,0.0,0.0,0.0
2018-05-16 00:00:00-04:00,122.37999725341797,122.61000061035156,122.02999877929688,122.29000091552734,4943300,0.0,0.0,0.0
2018-05-17 00:00:00-04:00,122.2300033569336,122.43000030517578,122.04000091552734,122.36000061035156,7781300,0.0,0.0,0.0
2018-05-18 00:00:00-04:00,122.05000305175781,122.6500015258789,122.01000213623047,122.41000366210938,6837100,0.0,0.0,0.0
2018-05-21 00:00:00-04:00,122.16000366210938,122.52999877929688,121.97000122070312,122.4800033569336,4126700,0.0,0.0,0.0
2018-05-22 00:00:00-04:00,122.69999694824219,122.73999786376953,122.33999633789062,122.41000366210938,4579600,0.0,0.0,0.0
2018-05-23 00:00:00-04:00,122.13999938964844,122.73999786376953,122.11000061035156,122.54000091552734,7007300,0.0,0.0,0.0
2018-05-24 00:00:00-04:00,123.0999984741211,123.81999969482422,123.08000183105469,123.58999633789062,8850100,0.0,0.0,0.0
2018-05-25 00:00:00-04:00,123.66000366210938,123.69999694824219,123.20999908447266,123.20999908447266,7920700,0.0,0.0,0.0
2018-05-29 00:00:00-04:00,122.83999633789062,123.63999938964844,122.66000366210938,123.19000244140625,9013200,0.0,0.0,0.0
2018-05-30 00:00:00-04:00,123.16999816894531,123.61000061035156,123.16999816894531,123.37000274658203,4573700,0.0,0.0,0.0
2018-05-31 00:00:00-04:00,123.26000213623047,123.77999877929688,123.0999984741211,123.0999984741211,7862500,0.0,0.0,0.0
2018-06-01 00:00:00-04:00,122.58000183105469,123.08999633789062,122.44000244140625,122.48999786376953,8059100,0.0,0.0,0.0
2018-06-04 00:00:00-04:00,122.8499984741211,122.93000030517578,122.37000274658203,122.37000274658203,4345400,0.0,0.0,0.0
2018-06-05 00:00:00-04:00,122.55000305175781,123.2300033569336,122.27999877929688,122.8499984741211,6864200,0.0,0.0,0.0
2018-06-06 00:00:00-04:00,123.08000183105469,123.3499984741211,122.62999725341797,122.91999816894531,4083700,0.0,0.0,0.0
2018-06-07 00:00:00-04:00,122.95999908447266,123.1500015258789,122.69000244140625,122.86000061035156,3700700,0.0,0.0,0.0
2018-06-08 00:00:00-04:00,123.08000183105469,123.12000274658203,122.91000366210938,123.01000213623047,3865700,0.0,0.0,0.0
2018-06-11 00:00:00-04:00,123.0999984741211,123.41999816894531,123.0199966430664,123.2300033569336,3201200,0.0,0.0,0.0
2018-06-12 00:00:00-04:00,122.94999694824219,123.18000030517578,122.63999938964844,122.81999969482422,7279600,0.0,0.0,0.0
2018-06-13 00:00:00-04:00,122.83999633789062,123.33999633789062,122.47000122070312,123.19000244140625,5867700,0.0,0.0,0.0
2018-06-14 00:00:00-04:00,123.62999725341797,123.86000061035156,123.31999969482422,123.37999725341797,8015400,0.0,0.0,0.0
2018-06-15 00:00:00-04:00,122.18000030517578,122.19999694824219,120.83000183105469,121.33999633789062,14537000,0.0,0.0,0.0
2018-06-18 00:00:00-04:00,121.3499984741211,121.44000244140625,120.98999786376953,121.11000061035156,3846000,0.0,0.0,0.0
2018-06-19 00:00:00-04:00,120.80999755859375,121.02999877929688,120.58000183105469,120.80000305175781,4925800,0.0,0.0,0.0
2018-06-20 00:00:00-04:00,120.79000091552734,120.80999755859375,120.16000366210938,120.26000213623047,4548500,0.0,0.0,0.0
2018-06-21 00:00:00-04:00,119.91999816894531,120.31999969482422,119.81999969482422,120.05000305175781,5681900,0.0,0.0,0.0
2018-06-22 00:00:00-04:00,120.20999908447266,120.4000015258789,120.0999984741211,120.33999633789062,4489400,0.0,0.0,0.0
2018-06-25 00:00:00-04:00,120.0,120.2300033569336,119.83000183105469,119.88999938964844,9300200,0.0,0.0,0.0
2018-06-26 00:00:00-04:00,119.27999877929688,119.58999633789062,119.08999633789062,119.26000213623047,8674500,0.0,0.0,0.0
2018-06-27 00:00:00-04:00,118.95999908447266,119.05000305175781,118.4800033569336,118.58000183105469,6480100,0.0,0.0,0.0
2018-06-28 00:00:00-04:00,118.58999633789062,118.66999816894531,118.01000213623047,118.22000122070312,7760500,0.0,0.0,0.0
2018-06-29 00:00:00-04:00,118.43000030517578,118.94000244140625,118.26000213623047,118.6500015258789,8002800,0.0,0.0,0.0
2018-07-02 00:00:00-04:00,118.18000030517578,118.20999908447266,117.4000015258789,117.45999908447266,12021900,0.0,0.0,0.0
2018-07-03 00:00:00-04:00,118.41000366210938,119.08000183105469,118.37999725341797,118.6500015258789,8901000,0.0,0.0,0.0
2018-07-05 00:00:00-04:00,118.91999816894531,119.33000183105469,118.7699966430664,119.05000305175781,4951900,0.0,0.0,0.0
2018-07-06 00:00:00-04:00,118.97000122070312,119.02999877929688,118.7300033569336,118.86000061035156,2946900,0.0,0.0,0.0
2018-07-09 00:00:00-04:00,119.6500015258789,119.7300033569336,119.13999938964844,119.1500015258789,4074900,0.0,0.0,0.0
2018-07-10 00:00:00-04:00,118.88999938964844,119.0,118.61000061035156,118.93000030517578,3754800,0.0,0.0,0.0
2018-07-11 00:00:00-04:00,118.44999694824219,118.52999877929688,117.62000274658203,117.63999938964844,6974500,0.0,0.0,0.0
2018-07-12 00:00:00-04:00,118.0,118.26000213623047,117.94000244140625,118.12999725341797,4585300,0.0,0.0,0.0
2018-07-13 00:00:00-04:00,117.62000274658203,117.75,117.44999694824219,117.61000061035156,5444300,0.0,0.0,0.0
2018-07-16 00:00:00-04:00,117.51000213623047,117.62999725341797,117.27999877929688,117.55000305175781,3670700,0.0,0.0,0.0
2018-07-17 00:00:00-04:00,116.72000122070312,116.93000030517578,116.12000274658203,116.27999877929688,7939600,0.0,0.0,0.0
2018-07-18 00:00:00-04:00,116.02999877929688,116.3499984741211,115.83000183105469,116.30999755859375,5391800,0.0,0.0,0.0
2018-07-19 00:00:00-04:00,115.12999725341797,116.47000122070312,115.12000274658203,115.80999755859375,14227600,0.0,0.0,0.0
2018-07-20 00:00:00-04:00,116.4000015258789,116.70999908447266,116.23999786376953,116.55999755859375,7892000,0.0,0.0,0.0
2018-07-23 00:00:00-04:00,116.25,116.30999755859375,115.76000213623047,116.0,6247100,0.0,0.0,0.0
2018-07-24 00:00:00-04:00,116.22000122070312,116.43000030517578,115.91000366210938,116.04000091552734,4801000,0.0,0.0,0.0
2018-07-25 00:00:00-04:00,116.79000091552734,116.83999633789062,116.2699966430664,116.68000030517578,5479600,0.0,0.0,0.0
2018-07-26 00:00:00-04:00,116.23999786376953,116.51000213623047,115.7699966430664,115.7699966430664,6382700,0.0,0.0,0.0
2018-07-27 00:00:00-04:00,115.91999816894531,116.23999786376953,115.7699966430664,115.83000183105469,5242000,0.0,0.0,0.0
2018-07-30 00:00:00-04:00,115.80000305175781,116.0199966430664,115.63999938964844,115.6500015258789,4157400,0.0,0.0,0.0
2018-07-31 00:00:00-04:00,115.47000122070312,116.3499984741211,115.38999938964844,115.98999786376953,5508500,0.0,0.0,0.0
2018-08-01 00:00:00-04:00,115.62999725341797,115.69999694824219,115.12999725341797,115.13999938964844,7941700,0.0,0.0,0.0
2018-08-02 00:00:00-04:00,115.16999816894531,115.2300033569336,114.41999816894531,114.5199966430664,6204200,0.0,0.0,0.0
2018-08-03 00:00:00-04:00,115.08999633789062,115.52999877929688,114.86000061035156,114.91999816894531,5953200,0.0,0.0,0.0
2018-08-06 00:00:00-04:00,114.55999755859375,114.72000122070312,114.30999755859375,114.33000183105469,5811600,0.0,0.0,0.0
2018-08-07 00:00:00-04:00,114.8499984741211,114.94000244140625,114.41999816894531,114.58999633789062,5188000,0.0,0.0,0.0
2018-08-08 00:00:00-04:00,114.75,114.94999694824219,114.41000366210938,114.91000366210938,3808000,0.0,0.0,0.0
2018-08-09 00:00:00-04:00,115.0199966430664,115.12000274658203,114.69000244140625,114.73999786376953,4253000,0.0,0.0,0.0
2018-08-10 00:00:00-04:00,114.80999755859375,115.2300033569336,114.61000061035156,114.69000244140625,6757900,0.0,0.0,0.0
2018-08-13 00:00:00-04:00,113.80999755859375,113.80999755859375,112.83000183105469,112.95999908447266,9150900,0.0,0.0,0.0
2018-08-14 00:00:00-04:00,113.25,113.4800033569336,112.83999633789062,113.06999969482422,7085900,0.0,0.0,0.0
2018-08-15 00:00:00-04:00,112.16999816894531,112.18000030517578,111.05999755859375,111.19000244140625,12398400,0.0,0.0,0.0
2018-08-16 00:00:00-04:00,111.45999908447266,111.87999725341797,111.0999984741211,111.0999984741211,7484600,0.0,0.0,0.0
2018-08-17 00:00:00-04:00,111.69000244140625,112.1500015258789,111.37999725341797,112.12999725341797,8471000,0.0,0.0,0.0
2018-08-20 00:00:00-04:00,112.37999725341797,112.73999786376953,112.16000366210938,112.69000244140625,5313400,0.0,0.0,0.0
2018-08-21 00:00:00-04:00,112.7699966430664,113.0999984741211,112.44000244140625,113.0199966430664,5042400,0.0,0.0,0.0
2018-08-22 00:00:00-04:00,113.38999938964844,113.48999786376953,113.06999969482422,113.2699966430664,6215600,0.0,0.0,0.0
2018-08-23 00:00:00-04:00,112.68000030517578,112.87999725341797,112.05999755859375,112.19999694824219,5500100,0.0,0.0,0.0
2018-08-24 00:00:00-04:00,113.25,114.41999816894531,113.20999908447266,114.16000366210938,9214700,0.0,0.0,0.0
2018-08-27 00:00:00-04:00,114.12000274658203,114.77999877929688,114.12000274658203,114.58999633789062,4364000,0.0,0.0,0.0
2018-08-28 00:00:00-04:00,114.76000213623047,114.87000274658203,113.55000305175781,113.68000030517578,6101400,0.0,0.0,0.0
2018-08-29 00:00:00-04:00,114.16000366210938,114.20999908447266,113.8499984741211,114.19999694824219,5616300,0.0,0.0,0.0
2018-08-30 00:00:00-04:00,113.91999816894531,113.93000030517578,113.23999786376953,113.63999938964844,5431600,0.0,0.0,0.0
2018-08-31 00:00:00-04:00,113.72000122070312,114.05999755859375,113.44000244140625,113.51000213623047,5048700,0.0,0.0,0.0
2018-09-04 00:00:00-04:00,112.75,113.06999969482422,112.61000061035156,112.93000030517578,6617500,0.0,0.0,0.0
2018-09-05 00:00:00-04:00,113.36000061035156,113.44000244140625,113.12000274658203,113.31999969482422,4459200,0.0,0.0,0.0
2018-09-06 00:00:00-04:00,113.88999938964844,114.26000213623047,113.27999877929688,113.54000091552734,4784700,0.0,0.0,0.0
2018-09-07 00:00:00-04:00,113.26000213623047,113.5999984741211,112.97000122070312,113.2300033569336,3714000,0.0,0.0,0.0
2018-09-10 00:00:00-04:00,113.26000213623047,113.43000030517578,113.0,113.1500015258789,2316500,0.0,0.0,0.0
2018-09-11 00:00:00-04:00,112.6500015258789,113.37000274658203,112.41999816894531,113.22000122070312,3791300,0.0,0.0,0.0
2018-09-12 00:00:00-04:00,113.12000274658203,114.38999938964844,113.05999755859375,114.16999816894531,6315900,0.0,0.0,0.0
2018-09-13 00:00:00-04:00,114.72000122070312,114.77999877929688,113.58000183105469,113.76000213623047,5635900,0.0,0.0,0.0
2018-09-14 00:00:00-04:00,113.79000091552734,113.9000015258789,112.91000366210938,113.0199966430664,5375600,0.0,0.0,0.0
2018-09-17 00:00:00-04:00,113.5999984741211,114.02999877929688,113.55000305175781,113.61000061035156,4727300,0.0,0.0,0.0
2018-09-18 00:00:00-04:00,113.79000091552734,113.91000366210938,113.27999877929688,113.44000244140625,4737800,0.0,0.0,0.0
2018-09-19 00:00:00-04:00,113.94000244140625,114.1500015258789,113.68000030517578,113.87999725341797,4223200,0.0,0.0,0.0
2018-09-20 00:00:00-04:00,114.20999908447266,114.37000274658203,113.86000061035156,114.2699966430664,4384200,0.0,0.0,0.0
2018-09-21 00:00:00-04:00,112.87000274658203,113.68000030517578,112.79000091552734,113.48999786376953,6831400,0.0,0.0,0.0
2018-09-24 00:00:00-04:00,113.68000030517578,113.95999908447266,113.43000030517578,113.47000122070312,4435300,0.0,0.0,0.0
2018-09-25 00:00:00-04:00,113.75,113.88999938964844,113.56999969482422,113.6500015258789,3004800,0.0,0.0,0.0
2018-09-26 00:00:00-04:00,113.11000061035156,113.5999984741211,112.66000366210938,113.05000305175781,8297300,0.0,0.0,0.0
2018-09-27 00:00:00-04:00,112.0999984741211,112.41999816894531,111.8499984741211,112.05000305175781,7683400,0.0,0.0,0.0
2018-09-28 00:00:00-04:00,112.16000366210938,113.0,112.06999969482422,112.76000213623047,6020600,0.0,0.0,0.0
2018-10-01 00:00:00-04:00,112.4000015258789,112.62000274658203,112.1500015258789,112.56999969482422,3892600,0.0,0.0,0.0
2018-10-02 00:00:00-04:00,113.69999694824219,114.33000183105469,113.61000061035156,113.87000274658203,10776700,0.0,0.0,0.0
2018-10-03 00:00:00-04:00,113.87000274658203,114.05000305175781,113.26000213623047,113.41999816894531,6674500,0.0,0.0,0.0
2018-10-04 00:00:00-04:00,113.83000183105469,114.19000244140625,113.26000213623047,113.4800033569336,6616200,0.0,0.0,0.0
2018-10-05 00:00:00-04:00,113.80999755859375,114.0999984741211,113.56999969482422,113.80000305175781,7994400,0.0,0.0,0.0
2018-10-08 00:00:00-04:00,112.25,112.58999633789062,111.9000015258789,112.54000091552734,12111600,0.0,0.0,0.0
2018-10-09 00:00:00-04:00,112.37000274658203,112.66999816894531,111.97000122070312,112.5999984741211,8352300,0.0,0.0,0.0
2018-10-10 00:00:00-04:00,112.47000122070312,112.95999908447266,112.25,112.87999725341797,10571300,0.0,0.0,0.0
2018-10-11 00:00:00-04:00,114.19999694824219,116.04000091552734,114.08999633789062,115.77999877929688,26810900,0.0,0.0,0.0
2018-10-12 00:00:00-04:00,115.58000183105469,115.70999908447266,115.08000183105469,115.2300033569336,12939300,0.0,0.0,0.0
2018-10-15 00:00:00-04:00,116.12000274658203,116.52999877929688,115.88999938964844,116.0,11828400,0.0,0.0,0.0
2018-10-16 00:00:00-04:00,116.48999786376953,116.5999984741211,115.80000305175781,115.80000305175781,9531800,0.0,0.0,0.0
2018-10-17 00:00:00-04:00,115.88999938964844,116.33000183105469,115.68000030517578,115.79000091552734,7078600,0.0,0.0,0.0
2018-10-18 00:00:00-04:00,115.83000183105469,116.41000366210938,115.62999725341797,115.91999816894531,7964100,0.0,0.0,0.0
2018-10-19 00:00:00-04:00,116.2300033569336,116.23999786376953,115.95999908447266,116.01000213623047,7453900,0.0,0.0,0.0
2018-10-22 00:00:00-04:00,115.56999969482422,115.77999877929688,115.43000030517578,115.70999908447266,5200500,0.0,0.0,0.0
2018-10-23 00:00:00-04:00,117.16000366210938,117.25,116.33000183105469,116.38999938964844,12704200,0.0,0.0,0.0
2018-10-24 00:00:00-04:00,116.37999725341797,116.72000122070312,116.11000061035156,116.66000366210938,8563300,0.0,0.0,0.0
2018-10-25 00:00:00-04:00,116.58000183105469,116.7300033569336,116.19000244140625,116.4000015258789,8303500,0.0,0.0,0.0
2018-10-26 00:00:00-04:00,116.83000183105469,117.6500015258789,116.45999908447266,116.7699966430664,15733100,0.0,0.0,0.0
2018-10-29 00:00:00-04:00,116.41000366210938,116.54000091552734,115.83999633789062,116.30999755859375,8732500,0.0,0.0,0.0
2018-10-30 00:00:00-04:00,115.8499984741211,116.04000091552734,115.63999938964844,115.80000305175781,7233300,0.0,0.0,0.0
2018-10-31 00:00:00-04:00,114.88999938964844,115.16999816894531,114.66000366210938,115.1500015258789,11409300,0.0,0.0,0.0
2018-11-01 00:00:00-04:00,116.33000183105469,117.06999969482422,116.18000030517578,116.62999725341797,13662900,0.0,0.0,0.0
2018-11-02 00:00:00-04:00,116.61000061035156,116.9800033569336,116.38999938964844,116.6500015258789,8796900,0.0,0.0,0.0
2018-11-05 00:00:00-05:00,116.27999877929688,116.66999816894531,116.2300033569336,116.37000274658203,6291500,0.0,0.0,0.0
2018-11-06 00:00:00-05:00,116.44000244140625,116.52999877929688,115.73999786376953,116.04000091552734,7270800,0.0,0.0,0.0
2018-11-07 00:00:00-05:00,116.26000213623047,116.3499984741211,115.9000015258789,116.02999877929688,8392100,0.0,0.0,0.0
2018-11-08 00:00:00-05:00,115.7699966430664,116.1500015258789,115.5,115.77999877929688,7638800,0.0,0.0,0.0
2018-11-09 00:00:00-05:00,114.5999984741211,114.75,114.13999938964844,114.4800033569336,14159200,0.0,0.0,0.0
2018-11-12 00:00:00-05:00,114.01000213623047,114.05000305175781,113.58000183105469,113.66000366210938,7498600,0.0,0.0,0.0
2018-11-13 00:00:00-05:00,113.72000122070312,113.93000030517578,113.41999816894531,113.69999694824219,9309000,0.0,0.0,0.0
2018-11-14 00:00:00-05:00,113.52999877929688,115.05999755859375,113.45999908447266,114.63999938964844,13950200,0.0,0.0,0.0
2018-11-15 00:00:00-05:00,114.83000183105469,114.98999786376953,114.55999755859375,114.7699966430664,8910600,0.0,0.0,0.0
2018-11-16 00:00:00-05:00,115.83000183105469,115.87999725341797,115.37000274658203,115.62000274658203,8577000,0.0,0.0,0.0
2018-11-19 00:00:00-05:00,115.44999694824219,115.91999816894531,115.37000274658203,115.66999816894531,8508300,0.0,0.0,0.0
2018-11-20 00:00:00-05:00,115.94000244140625,115.94999694824219,115.37000274658203,115.66999816894531,9075100,0.0,0.0,0.0
2018-11-21 00:00:00-05:00,115.94000244140625,116.3499984741211,115.86000061035156,115.86000061035156,8834200,0.0,0.0,0.0
2018-11-23 00:00:00-05:00,115.76000213623047,115.87999725341797,115.58999633789062,115.7699966430664,3726600,0.0,0.0,0.0
2018-11-26 00:00:00-05:00,115.83999633789062,115.87000274658203,115.52999877929688,115.63999938964844,4018600,0.0,0.0,0.0
2018-11-27 00:00:00-05:00,115.55000305175781,115.62999725341797,114.5999984741211,114.94999694824219,9671100,0.0,0.0,0.0
2018-11-28 00:00:00-05:00,114.76000213623047,116.06999969482422,114.58999633789062,115.37999725341797,13788800,0.0,0.0,0.0
2018-11-29 00:00:00-05:00,115.97000122070312,116.23999786376953,115.55999755859375,115.73999786376953,6479300,0.0,0.0,0.0
2018-11-30 00:00:00-05:00,115.41999816894531,115.66000366210938,115.04000091552734,115.54000091552734,8169600,0.0,0.0,0.0
2018-12-03 00:00:00-05:00,116.5999984741211,116.7699966430664,116.30000305175781,116.41000366210938,8469500,0.0,0.0,0.0
2018-12-04 00:00:00-05:00,117.37000274658203,117.38999938964844,116.93000030517578,117.12000274658203,7186100,0.0,0.0,0.0
2018-12-06 00:00:00-05:00,117.37999725341797,117.69000244140625,116.91999816894531,117.13999938964844,9267600,0.0,0.0,0.0
2018-12-07 00:00:00-05:00,117.62000274658203,118.2300033569336,117.54000091552734,118.08999633789062,10402900,0.0,0.0,0.0
2018-12-10 00:00:00-05:00,117.69999694824219,117.94000244140625,117.41999816894531,117.68000030517578,8117900,0.0,0.0,0.0
2018-12-11 00:00:00-05:00,117.66999816894531,117.88999938964844,117.3499984741211,117.54000091552734,6395400,0.0,0.0,0.0
2018-12-12 00:00:00-05:00,117.69999694824219,117.94999694824219,117.61000061035156,117.79000091552734,4136800,0.0,0.0,0.0
2018-12-13 00:00:00-05:00,117.54000091552734,117.62000274658203,117.26000213623047,117.52999877929688,4131800,0.0,0.0,0.0
2018-12-14 00:00:00-05:00,116.62999725341797,117.30000305175781,116.58000183105469,117.05999755859375,7501700,0.0,0.0,0.0
2018-12-17 00:00:00-05:00,117.37000274658203,118.02999877929688,117.3499984741211,117.87000274658203,8454900,0.0,0.0,0.0
2018-12-18 00:00:00-05:00,117.8499984741211,118.19999694824219,117.80999755859375,118.1500015258789,7542900,0.0,0.0,0.0
2018-12-19 00:00:00-05:00,118.23999786376953,118.95999908447266,117.4000015258789,117.43000030517578,13827500,0.0,0.0,0.0
2018-12-20 00:00:00-05:00,119.11000061035156,119.73999786376953,118.68000030517578,119.23999786376953,18615100,0.0,0.0,0.0
2018-12-21 00:00:00-05:00,119.19000244140625,119.25,118.56999969482422,118.72000122070312,13629800,0.0,0.0,0.0
2018-12-24 00:00:00-05:00,119.56999969482422,120.13999938964844,119.56999969482422,120.0199966430664,9736400,0.0,0.0,0.0
2018-12-26 00:00:00-05:00,120.62000274658203,121.0,119.56999969482422,119.66000366210938,14293500,0.0,0.0,0.0
2018-12-27 00:00:00-05:00,120.56999969482422,120.9000015258789,120.13999938964844,120.56999969482422,11874400,0.0,0.0,0.0
2018-12-28 00:00:00-05:00,120.80000305175781,121.08000183105469,120.72000122070312,121.05999755859375,6864700,0.0,0.0,0.0
2018-12-31 00:00:00-05:00,120.9800033569336,121.26000213623047,120.83000183105469,121.25,8449400,0.0,0.0,0.0
2019-01-02 00:00:00-05:00,121.3499984741211,121.75,120.87999725341797,121.33000183105469,12776200,0.0,0.0,0.0
2019-01-03 00:00:00-05:00,121.77999877929688,122.45999908447266,121.7300033569336,122.43000030517578,15440800,0.0,0.0,0.0
2019-01-04 00:00:00-05:00,121.31999969482422,121.5999984741211,120.69000244140625,121.44000244140625,13334000,0.0,0.0,0.0
2019-01-07 00:00:00-05:00,122.16000366210938,122.22000122070312,121.56999969482422,121.86000061035156,7473600,0.0,0.0,0.0
2019-01-08 00:00:00-05:00,121.1500015258789,121.70999908447266,121.05999755859375,121.52999877929688,7643100,0.0,0.0,0.0
2019-01-09 00:00:00-05:00,121.44999694824219,122.33999633789062,121.44000244140625,122.30999755859375,10555900,0.0,0.0,0.0
2019-01-10 00:00:00-05:00,121.9800033569336,122.18000030517578,121.56999969482422,121.58999633789062,6672000,0.0,0.0,0.0
2019-01-11 00:00:00-05:00,121.73999786376953,122.05000305175781,121.66000366210938,121.80000305175781,8622400,0.0,0.0,0.0
2019-01-14 00:00:00-05:00,122.1500015258789,122.23999786376953,121.87000274658203,122.08999633789062,6477100,0.0,0.0,0.0
2019-01-15 00:00:00-05:00,122.27999877929688,122.37999725341797,121.62000274658203,121.87999725341797,7512500,0.0,0.0,0.0
2019-01-16 00:00:00-05:00,122.04000091552734,122.44000244140625,122.0199966430664,122.2699966430664,6878100,0.0,0.0,0.0
2019-01-17 00:00:00-05:00,122.02999877929688,122.26000213623047,121.80999755859375,122.11000061035156,8558500,0.0,0.0,0.0
2019-01-18 00:00:00-05:00,121.2300033569336,121.5199966430664,121.0199966430664,121.0199966430664,10896000,0.0,0.0,0.0
2019-01-22 00:00:00-05:00,121.18000030517578,121.5,120.9000015258789,121.44999694824219,7896500,0.0,0.0,0.0
2019-01-23 00:00:00-05:00,120.95999908447266,121.54000091552734,120.86000061035156,121.27999877929688,5224900,0.0,0.0,0.0
2019-01-24 00:00:00-05:00,121.16000366210938,121.36000061035156,120.91999816894531,121.08999633789062,5662500,0.0,0.0,0.0
2019-01-25 00:00:00-05:00,122.0199966430664,122.91000366210938,122.0199966430664,122.86000061035156,11103300,0.0,0.0,0.0
2019-01-28 00:00:00-05:00,122.75,123.29000091552734,122.72000122070312,123.29000091552734,8522200,0.0,0.0,0.0
2019-01-29 00:00:00-05:00,123.70999908447266,124.0,123.45999908447266,123.9800033569336,11610200,0.0,0.0,0.0
2019-01-30 00:00:00-05:00,123.91000366210938,125.06999969482422,123.69999694824219,124.69000244140625,12104000,0.0,0.0,0.0
2019-01-31 00:00:00-05:00,125.18000030517578,125.2300033569336,124.62000274658203,124.75,10209500,0.0,0.0,0.0
2019-02-01 00:00:00-05:00,124.88999938964844,125.05000305175781,124.37000274658203,124.5,12485500,0.0,0.0,0.0
2019-02-04 00:00:00-05:00,123.98999786376953,124.29000091552734,123.81999969482422,123.95999908447266,6878900,0.0,0.0,0.0
2019-02-05 00:00:00-05:00,124.29000091552734,124.41999816894531,124.05000305175781,124.27999877929688,6291100,0.0,0.0,0.0
2019-02-06 00:00:00-05:00,124.16000366210938,124.19000244140625,123.4000015258789,123.44000244140625,6595100,0.0,0.0,0.0
2019-02-07 00:00:00-05:00,123.80000305175781,123.94999694824219,123.44000244140625,123.73999786376953,5935500,0.0,0.0,0.0
2019-02-08 00:00:00-05:00,124.05000305175781,124.33000183105469,123.9800033569336,124.20999908447266,4235200,0.0,0.0,0.0
2019-02-11 00:00:00-05:00,123.19000244140625,123.81999969482422,123.19000244140625,123.5999984741211,4821800,0.0,0.0,0.0
2019-02-12 00:00:00-05:00,123.95999908447266,124.02999877929688,123.61000061035156,123.86000061035156,4271900,0.0,0.0,0.0
2019-02-13 00:00:00-05:00,123.83999633789062,124.55000305175781,123.30999755859375,123.37000274658203,7640500,0.0,0.0,0.0
2019-02-14 00:00:00-05:00,123.83999633789062,124.19999694824219,123.52999877929688,124.05999755859375,6276500,0.0,0.0,0.0
2019-02-15 00:00:00-05:00,124.58999633789062,125.0,124.18000030517578,124.80000305175781,12190100,0.0,0.0,0.0
2019-02-19 00:00:00-05:00,125.9800033569336,126.79000091552734,125.93000030517578,126.69999694824219,15614000,0.0,0.0,0.0
2019-02-20 00:00:00-05:00,127.0,127.20999908447266,126.30999755859375,126.4800033569336,8889700,0.0,0.0,0.0
2019-02-21 00:00:00-05:00,126.1500015258789,126.22000122070312,125.05000305175781,125.05000305175781,8634600,0.0,0.0,0.0
2019-02-22 00:00:00-05:00,125.52999877929688,125.94999694824219,125.38999938964844,125.5,5439400,0.0,0.0,0.0
2019-02-25 00:00:00-05:00,125.77999877929688,125.9000015258789,125.2300033569336,125.37000274658203,4882600,0.0,0.0,0.0
2019-02-26 00:00:00-05:00,125.33000183105469,125.62000274658203,125.05000305175781,125.58000183105469,5153200,0.0,0.0,0.0
2019-02-27 00:00:00-05:00,125.16999816894531,125.2300033569336,124.4000015258789,124.69000244140625,7935600,0.0,0.0,0.0
2019-02-28 00:00:00-05:00,124.70999908447266,124.70999908447266,123.9800033569336,123.98999786376953,7811700,0.0,0.0,0.0
2019-03-01 00:00:00-05:00,123.4800033569336,123.95999908447266,121.87000274658203,121.87999725341797,16411700,0.0,0.0,0.0
2019-03-04 00:00:00-05:00,121.55999755859375,121.8499984741211,121.18000030517578,121.55999755859375,10272600,0.0,0.0,0.0
2019-03-05 00:00:00-05:00,121.37999725341797,121.7300033569336,121.02999877929688,121.72000122070312,7120100,0.0,0.0,0.0
2019-03-06 00:00:00-05:00,121.43000030517578,121.63999938964844,121.26000213623047,121.61000061035156,4820400,0.0,0.0,0.0
2019-03-07 00:00:00-05:00,121.2699966430664,121.70999908447266,121.18000030517578,121.51000213623047,6088800,0.0,0.0,0.0
2019-03-08 00:00:00-05:00,122.69999694824219,122.88999938964844,122.37000274658203,122.83999633789062,10427700,0.0,0.0,0.0
2019-03-11 00:00:00-04:00,122.5199966430664,122.54000091552734,121.91999816894531,122.23999786376953,6708700,0.0,0.0,0.0
2019-03-12 00:00:00-04:00,122.54000091552734,123.02999877929688,122.4000015258789,122.9800033569336,6289900,0.0,0.0,0.0
2019-03-13 00:00:00-04:00,123.55999755859375,123.87999725341797,123.43000030517578,123.83999633789062,7377300,0.0,0.0,0.0
2019-03-14 00:00:00-04:00,122.33000183105469,122.55000305175781,122.12000274658203,122.41000366210938,6778200,0.0,0.0,0.0
2019-03-15 00:00:00-04:00,123.05999755859375,123.4000015258789,122.91000366210938,122.97000122070312,9412000,0.0,0.0,0.0
2019-03-18 00:00:00-04:00,123.30000305175781,123.4000015258789,122.88999938964844,123.04000091552734,7783200,0.0,0.0,0.0
2019-03-19 00:00:00-04:00,123.72000122070312,123.79000091552734,123.33999633789062,123.37999725341797,6558700,0.0,0.0,0.0
2019-03-20 00:00:00-04:00,123.66000366210938,124.41999816894531,122.6500015258789,124.18000030517578,11304900,0.0,0.0,0.0
2019-03-21 00:00:00-04:00,124.36000061035156,124.37000274658203,123.11000061035156,123.68000030517578,7739800,0.0,0.0,0.0
2019-03-22 00:00:00-04:00,123.93000030517578,124.22000122070312,123.7300033569336,123.97000122070312,5874000,0.0,0.0,0.0
2019-03-25 00:00:00-04:00,124.55999755859375,125.11000061035156,124.4800033569336,124.91999816894531,7288300,0.0,0.0,0.0
2019-03-26 00:00:00-04:00,124.4800033569336,124.51000213623047,124.06999969482422,124.30000305175781,5056100,0.0,0.0,0.0
2019-03-27 00:00:00-04:00,124.3499984741211,124.37999725341797,123.55999755859375,123.6500015258789,6595000,0.0,0.0,0.0
2019-03-28 00:00:00-04:00,122.27999877929688,122.36000061035156,121.70999908447266,121.9000015258789,11878300,0.0,0.0,0.0
2019-03-29 00:00:00-04:00,122.63999938964844,122.75,122.01000213623047,122.01000213623047,7093900,0.0,0.0,0.0
2019-04-01 00:00:00-04:00,122.4000015258789,122.43000030517578,121.45999908447266,121.52999877929688,13560000,0.0,0.0,0.0
2019-04-02 00:00:00-04:00,121.72000122070312,122.01000213623047,121.68000030517578,121.9800033569336,4475000,0.0,0.0,0.0
2019-04-03 00:00:00-04:00,121.7300033569336,122.01000213623047,121.68000030517578,121.80000305175781,6152200,0.0,0.0,0.0
2019-04-04 00:00:00-04:00,121.0999984741211,122.23999786376953,120.95999908447266,122.11000061035156,7508400,0.0,0.0,0.0
2019-04-05 00:00:00-04:00,121.87999725341797,122.12999725341797,121.66000366210938,121.9800033569336,5114500,0.0,0.0,0.0
2019-04-08 00:00:00-04:00,122.97000122070312,123.0199966430664,122.4000015258789,122.51000213623047,4270800,0.0,0.0,0.0
2019-04-09 00:00:00-04:00,123.26000213623047,123.3499984741211,123.02999877929688,123.1500015258789,4648400,0.0,0.0,0.0
2019-04-10 00:00:00-04:00,123.22000122070312,123.7699966430664,123.19000244140625,123.52999877929688,6344800,0.0,0.0,0.0
2019-04-11 00:00:00-04:00,122.54000091552734,122.75,121.79000091552734,121.94999694824219,11694500,0.0,0.0,0.0
2019-04-12 00:00:00-04:00,121.95999908447266,122.30999755859375,121.80000305175781,121.83000183105469,5272800,0.0,0.0,0.0
2019-04-15 00:00:00-04:00,121.19999694824219,121.81999969482422,121.0999984741211,121.5999984741211,4252400,0.0,0.0,0.0
2019-04-16 00:00:00-04:00,120.37999725341797,120.62999725341797,120.19000244140625,120.51000213623047,10097800,0.0,0.0,0.0
2019-04-17 00:00:00-04:00,120.45999908447266,120.51000213623047,120.19999694824219,120.27999877929688,4693900,0.0,0.0,0.0
2019-04-18 00:00:00-04:00,120.23999786376953,120.54000091552734,120.1500015258789,120.37000274658203,4090400,0.0,0.0,0.0
2019-04-22 00:00:00-04:00,120.45999908447266,120.5,120.2699966430664,120.37000274658203,2250900,0.0,0.0,0.0
2019-04-23 00:00:00-04:00,119.66999816894531,120.19999694824219,119.55000305175781,120.12000274658203,5574800,0.0,0.0,0.0
2019-04-24 00:00:00-04:00,120.05999755859375,120.72000122070312,120.04000091552734,120.47000122070312,4173000,0.0,0.0,0.0
2019-04-25 00:00:00-04:00,120.72000122070312,121.0999984741211,120.5,120.56999969482422,4836900,0.0,0.0,0.0
2019-04-26 00:00:00-04:00,121.26000213623047,121.66999816894531,121.22000122070312,121.37000274658203,6022700,0.0,0.0,0.0
2019-04-29 00:00:00-04:00,120.87999725341797,120.91000366210938,120.66999816894531,120.83000183105469,4469300,0.0,0.0,0.0
2019-04-30 00:00:00-04:00,120.88999938964844,121.36000061035156,120.8499984741211,121.19999694824219,4758600,0.0,0.0,0.0
2019-05-01 00:00:00-04:00,121.02999877929688,121.55000305175781,120.18000030517578,120.4000015258789,12331800,0.0,0.0,0.0
2019-05-02 00:00:00-04:00,119.69000244140625,120.11000061035156,119.54000091552734,119.94000244140625,6759600,0.0,0.0,0.0
2019-05-03 00:00:00-04:00,120.55999755859375,121.08000183105469,120.4800033569336,120.6500015258789,8414400,0.0,0.0,0.0
2019-05-06 00:00:00-04:00,120.61000061035156,121.12000274658203,120.54000091552734,120.80999755859375,3479600,0.0,0.0,0.0
2019-05-07 00:00:00-04:00,121.0199966430664,121.41999816894531,120.91000366210938,121.20999908447266,4010700,0.0,0.0,0.0
2019-05-08 00:00:00-04:00,121.54000091552734,121.54000091552734,120.7699966430664,120.91000366210938,4178800,0.0,0.0,0.0
2019-05-09 00:00:00-04:00,120.95999908447266,121.62000274658203,120.86000061035156,121.19999694824219,5015500,0.0,0.0,0.0
2019-05-10 00:00:00-04:00,121.41000366210938,121.7300033569336,121.30000305175781,121.43000030517578,4586000,0.0,0.0,0.0
2019-05-13 00:00:00-04:00,122.62999725341797,122.8499984741211,122.33000183105469,122.66999816894531,11130900,0.0,0.0,0.0
2019-05-14 00:00:00-04:00,122.5999984741211,122.66000366210938,122.12000274658203,122.45999908447266,5556000,0.0,0.0,0.0
2019-05-15 00:00:00-04:00,122.70999908447266,122.7699966430664,122.22000122070312,122.38999938964844,10299000,0.0,0.0,0.0
2019-05-16 00:00:00-04:00,122.02999877929688,122.06999969482422,121.19000244140625,121.51000213623047,6349400,0.0,0.0,0.0
2019-05-17 00:00:00-04:00,121.02999877929688,121.05999755859375,120.33000183105469,120.6500015258789,6589300,0.0,0.0,0.0
2019-05-20 00:00:00-04:00,120.51000213623047,120.73999786376953,120.41999816894531,120.63999938964844,4345800,0.0,0.0,0.0
2019-05-21 00:00:00-04:00,120.08000183105469,120.36000061035156,119.83000183105469,120.36000061035156,3845600,0.0,0.0,0.0
2019-05-22 00:00:00-04:00,120.3499984741211,120.5,120.19000244140625,120.23999786376953,3741800,0.0,0.0,0.0
2019-05-23 00:00:00-04:00,120.81999969482422,121.5199966430664,120.7699966430664,121.16999816894531,6054600,0.0,0.0,0.0
2019-05-24 00:00:00-04:00,121.12999725341797,121.30999755859375,120.88999938964844,121.30000305175781,2324700,0.0,0.0,0.0
2019-05-28 00:00:00-04:00,120.80000305175781,120.83999633789062,120.45999908447266,120.83000183105469,4303500,0.0,0.0,0.0
2019-05-29 00:00:00-04:00,121.11000061035156,121.26000213623047,120.75,120.87000274658203,4133200,0.0,0.0,0.0
2019-05-30 00:00:00-04:00,120.95999908447266,121.69000244140625,120.80000305175781,121.69000244140625,7757000,0.0,0.0,0.0
2019-05-31 00:00:00-04:00,122.55000305175781,123.4000015258789,122.31999969482422,123.33000183105469,15367000,0.0,0.0,0.0
2019-06-03 00:00:00-04:00,124.08999633789062,125.33999633789062,123.9000015258789,125.11000061035156,14173600,0.0,0.0,0.0
2019-06-04 00:00:00-04:00,124.87999725341797,125.41999816894531,124.61000061035156,125.1500015258789,7997100,0.0,0.0,0.0
2019-06-05 00:00:00-04:00,126.18000030517578,126.37000274658203,125.23999786376953,125.47000122070312,7637900,0.0,0.0,0.0
2019-06-06 00:00:00-04:00,125.93000030517578,126.44999694824219,125.80000305175781,125.87999725341797,5551800,0.0,0.0,0.0
2019-06-07 00:00:00-04:00,126.79000091552734,127.25,126.31999969482422,126.58999633789062,8145900,0.0,0.0,0.0
2019-06-10 00:00:00-04:00,125.45999908447266,125.52999877929688,125.06999969482422,125.33000183105469,5410000,0.0,0.0,0.0
2019-06-11 00:00:00-04:00,124.94000244140625,125.4000015258789,124.87999725341797,125.18000030517578,4757800,0.0,0.0,0.0
2019-06-12 00:00:00-04:00,125.5999984741211,126.19999694824219,125.55999755859375,125.83000183105469,5756200,0.0,0.0,0.0
2019-06-13 00:00:00-04:00,126.02999877929688,126.7699966430664,125.95999908447266,126.5999984741211,5374800,0.0,0.0,0.0
2019-06-14 00:00:00-04:00,127.20999908447266,127.62999725341797,126.26000213623047,126.55999755859375,9226100,0.0,0.0,0.0
2019-06-17 00:00:00-04:00,126.69999694824219,126.7699966430664,126.16999816894531,126.4800033569336,4763300,0.0,0.0,0.0
2019-06-18 00:00:00-04:00,127.58000183105469,127.75,126.38999938964844,127.12000274658203,10309600,0.0,0.0,0.0
2019-06-19 00:00:00-04:00,126.7699966430664,127.98999786376953,126.69999694824219,127.88999938964844,11660600,0.0,0.0,0.0
2019-06-20 00:00:00-04:00,130.41000366210938,131.49000549316406,130.19000244140625,131.11000061035156,18636300,0.0,0.0,0.0
2019-06-21 00:00:00-04:00,131.77000427246094,132.1699981689453,131.07000732421875,131.97999572753906,15068000,0.0,0.0,0.0
2019-06-24 00:00:00-04:00,132.77000427246094,134.0399932861328,132.5800018310547,133.94000244140625,17851800,0.0,0.0,0.0
2019-06-25 00:00:00-04:00,134.89999389648438,135.5500030517578,133.2100067138672,134.1999969482422,24772200,0.0,0.0,0.0
2019-06-26 00:00:00-04:00,132.99000549316406,133.5500030517578,132.41000366210938,132.97000122070312,12016400,0.0,0.0,0.0
2019-06-27 00:00:00-04:00,132.3800048828125,132.97000122070312,132.25999450683594,132.83999633789062,8412800,0.0,0.0,0.0
2019-06-28 00:00:00-04:00,133.0500030517578,133.33999633789062,132.61000061035156,133.1999969482422,8077000,0.0,0.0,0.0
2019-07-01 00:00:00-04:00,131.55999755859375,131.75999450683594,130.5500030517578,130.6199951171875,13317700,0.0,0.0,0.0
2019-07-02 00:00:00-04:00,131.27000427246094,133.6300048828125,131.16000366210938,133.41000366210938,13282100,0.0,0.0,0.0
2019-07-03 00:00:00-04:00,133.61000061035156,134.10000610351562,133.22999572753906,133.6300048828125,6351500,0.0,0.0,0.0
2019-07-05 00:00:00-04:00,131.4600067138672,132.32000732421875,130.80999755859375,132.13999938964844,11536600,0.0,0.0,0.0
2019-07-08 00:00:00-04:00,132.17999267578125,132.33999633789062,131.27999877929688,131.2899932861328,8028900,0.0,0.0,0.0
2019-07-09 00:00:00-04:00,131.42999267578125,132.10000610351562,131.16000366210938,131.75,6633400,0.0,0.0,0.0
2019-07-10 00:00:00-04:00,132.94000244140625,133.8699951171875,132.35000610351562,133.8300018310547,13920600,0.0,0.0,0.0
2019-07-11 00:00:00-04:00,133.5800018310547,133.6999969482422,132.41000366210938,132.6999969482422,7535100,0.0,0.0,0.0
2019-07-12 00:00:00-04:00,132.88999938964844,133.69000244140625,132.52999877929688,133.52999877929688,6309500,0.0,0.0,0.0
2019-07-15 00:00:00-04:00,133.17999267578125,133.52999877929688,132.80999755859375,133.52999877929688,4026600,0.0,0.0,0.0
2019-07-16 00:00:00-04:00,133.17999267578125,133.3000030517578,132.1300048828125,132.39999389648438,7966000,0.0,0.0,0.0
2019-07-17 00:00:00-04:00,133.0,134.60000610351562,132.88999938964844,134.5800018310547,11288300,0.0,0.0,0.0
2019-07-18 00:00:00-04:00,133.8300018310547,136.6300048828125,133.61000061035156,136.47999572753906,18448200,0.0,0.0,0.0
2019-07-19 00:00:00-04:00,135.4499969482422,136.02999877929688,133.97000122070312,134.47000122070312,18079200,0.0,0.0,0.0
2019-07-22 00:00:00-04:00,134.55999755859375,134.82000732421875,134.32000732421875,134.4499969482422,7570400,0.0,0.0,0.0
2019-07-23 00:00:00-04:00,134.42999267578125,134.9499969482422,133.55999755859375,133.69000244140625,9981400,0.0,0.0,0.0
2019-07-24 00:00:00-04:00,134.58999633789062,134.83999633789062,133.97999572753906,134.3699951171875,6715200,0.0,0.0,0.0
2019-07-25 00:00:00-04:00,134.24000549316406,134.27999877929688,133.08999633789062,133.4199981689453,11708200,0.0,0.0,0.0
2019-07-26 00:00:00-04:00,134.24000549316406,134.2899932861328,133.58999633789062,133.63999938964844,6249900,0.0,0.0,0.0
2019-07-29 00:00:00-04:00,134.05999755859375,134.72999572753906,133.44000244140625,134.52999877929688,9162400,0.0,0.0,0.0
2019-07-30 00:00:00-04:00,134.75999450683594,135.17999267578125,134.41000366210938,134.97999572753906,9458700,0.0,0.0,0.0
2019-07-31 00:00:00-04:00,135.02999877929688,135.4199981689453,133.02000427246094,133.2100067138672,18797200,0.0,0.0,0.0
2019-08-01 00:00:00-04:00,132.4199981689453,136.42999267578125,132.30999755859375,136.41000366210938,27719800,0.0,0.0,0.0
2019-08-02 00:00:00-04:00,135.38999938964844,136.60000610351562,135.3699951171875,135.88999938964844,13753200,0.0,0.0,0.0
2019-08-05 00:00:00-04:00,137.92999267578125,138.63999938964844,137.0500030517578,137.7899932861328,17519800,0.0,0.0,0.0
2019-08-06 00:00:00-04:00,138.3300018310547,139.02999877929688,138.00999450683594,138.91000366210938,9471200,0.0,0.0,0.0
2019-08-07 00:00:00-04:00,141.27999877929688,142.47000122070312,140.8800048828125,141.02000427246094,26671100,0.0,0.0,0.0
2019-08-08 00:00:00-04:00,140.89999389648438,142.3699951171875,140.7100067138672,141.72999572753906,13108600,0.0,0.0,0.0
2019-08-09 00:00:00-04:00,141.27999877929688,142.02999877929688,140.9600067138672,141.25999450683594,9485900,0.0,0.0,0.0
2019-08-12 00:00:00-04:00,141.6699981689453,143.3800048828125,141.63999938964844,142.6300048828125,15264000,0.0,0.0,0.0
2019-08-13 00:00:00-04:00,143.1699981689453,143.2899932861328,139.35000610351562,141.77999877929688,29842800,0.0,0.0,0.0
2019-08-14 00:00:00-04:00,142.89999389648438,143.75,142.0500030517578,142.75,20672900,0.0,0.0,0.0
2019-08-15 00:00:00-04:00,142.9600067138672,144.02000427246094,142.61000061035156,143.6999969482422,13467800,0.0,0.0,0.0
2019-08-16 00:00:00-04:00,142.75,143.1300048828125,141.8000030517578,142.77999877929688,11728800,0.0,0.0,0.0
2019-08-19 00:00:00-04:00,141.3300018310547,141.7899932861328,140.85000610351562,141.11000061035156,10552700,0.0,0.0,0.0
2019-08-20 00:00:00-04:00,141.77000427246094,142.25999450683594,141.60000610351562,142.2100067138672,7478500,0.0,0.0,0.0
2019-08-21 00:00:00-04:00,141.6199951171875,142.1699981689453,141.4600067138672,141.75999450683594,8114700,0.0,0.0,0.0
2019-08-22 00:00:00-04:00,141.38999938964844,141.89999389648438,141.1699981689453,141.39999389648438,6846500,0.0,0.0,0.0
2019-08-23 00:00:00-04:00,141.83999633789062,144.3300018310547,141.63999938964844,144.1699981689453,20282200,0.0,0.0,0.0
2019-08-26 00:00:00-04:00,144.35000610351562,144.97000122070312,143.91000366210938,144.19000244140625,12195800,0.0,0.0,0.0
2019-08-27 00:00:00-04:00,144.3000030517578,145.67999267578125,144.27000427246094,145.57000732421875,12844100,0.0,0.0,0.0
2019-08-28 00:00:00-04:00,145.38999938964844,145.67999267578125,144.63999938964844,145.16000366210938,11452400,0.0,0.0,0.0
2019-08-29 00:00:00-04:00,145.39999389648438,145.49000549316406,143.27999877929688,144.1199951171875,14762500,0.0,0.0,0.0
2019-08-30 00:00:00-04:00,143.83999633789062,144.8800048828125,143.02000427246094,143.75,9642200,0.0,0.0,0.0
2019-09-03 00:00:00-04:00,144.9600067138672,146.1300048828125,144.74000549316406,145.75,15615200,0.0,0.0,0.0
2019-09-04 00:00:00-04:00,145.5399932861328,146.82000732421875,145.5,146.66000366210938,11285900,0.0,0.0,0.0
2019-09-05 00:00:00-04:00,144.97999572753906,145.00999450683594,142.0,143.13999938964844,20293200,0.0,0.0,0.0
2019-09-06 00:00:00-04:00,143.63999938964844,144.05999755859375,141.86000061035156,141.9199981689453,14175200,0.0,0.0,0.0
2019-09-09 00:00:00-04:00,142.3699951171875,142.4600067138672,141.17999267578125,141.38999938964844,11323800,0.0,0.0,0.0
2019-09-10 00:00:00-04:00,141.22999572753906,141.52999877929688,140.16000366210938,140.17999267578125,12629200,0.0,0.0,0.0
2019-09-11 00:00:00-04:00,140.33999633789062,141.25999450683594,140.27999877929688,141.02999877929688,7453000,0.0,0.0,0.0
2019-09-12 00:00:00-04:00,142.67999267578125,143.10000610351562,141.11000061035156,141.32000732421875,12673700,0.0,0.0,0.0
2019-09-13 00:00:00-04:00,141.72999572753906,141.99000549316406,140.05999755859375,140.14999389648438,13451700,0.0,0.0,0.0
2019-09-16 00:00:00-04:00,141.60000610351562,142.0500030517578,141.02000427246094,141.32000732421875,8094600,0.0,0.0,0.0
2019-09-17 00:00:00-04:00,141.82000732421875,142.11000061035156,141.22000122070312,141.60000610351562,7010200,0.0,0.0,0.0
2019-09-18 00:00:00-04:00,141.92999267578125,142.52999877929688,139.80999755859375,140.7100067138672,15026300,0.0,0.0,0.0
2019-09-19 00:00:00-04:00,141.57000732421875,141.74000549316406,141.08999633789062,141.27999877929688,8057400,0.0,0.0,0.0
2019-09-20 00:00:00-04:00,141.61000061035156,143.02999877929688,141.4600067138672,142.9499969482422,12110000,0.0,0.0,0.0
2019-09-23 00:00:00-04:00,143.22000122070312,143.94000244140625,143.07000732421875,143.75,9006500,0.0,0.0,0.0
2019-09-24 00:00:00-04:00,143.2100067138672,144.77000427246094,142.8800048828125,144.50999450683594,10576300,0.0,0.0,0.0
2019-09-25 00:00:00-04:00,144.0800018310547,144.2899932861328,141.44000244140625,141.8300018310547,11648400,0.0,0.0,0.0
2019-09-26 00:00:00-04:00,142.19000244140625,142.57000732421875,141.55999755859375,141.7899932861328,7984600,0.0,0.0,0.0
2019-09-27 00:00:00-04:00,140.35000610351562,141.67999267578125,140.16000366210938,141.05999755859375,9804200,0.0,0.0,0.0
2019-09-30 00:00:00-04:00,139.77000427246094,140.2100067138672,138.02999877929688,138.8699951171875,15459100,0.0,0.0,0.0
2019-10-01 00:00:00-04:00,138.07000732421875,140.19000244140625,137.8000030517578,139.6300048828125,12476200,0.0,0.0,0.0
2019-10-02 00:00:00-04:00,140.7899932861328,141.8800048828125,140.4600067138672,141.25999450683594,11914300,0.0,0.0,0.0
2019-10-03 00:00:00-04:00,141.36000061035156,143.25,141.2899932861328,141.89999389648438,12396100,0.0,0.0,0.0
2019-10-04 00:00:00-04:00,141.47999572753906,142.30999755859375,141.13999938964844,141.89999389648438,9651000,0.0,0.0,0.0
2019-10-07 00:00:00-04:00,141.16000366210938,141.77000427246094,140.24000549316406,140.69000244140625,6127200,0.0,0.0,0.0
2019-10-08 00:00:00-04:00,142.02999877929688,142.2899932861328,141.1699981689453,141.9199981689453,10428900,0.0,0.0,0.0
2019-10-09 00:00:00-04:00,142.16000366210938,142.5800018310547,141.6199951171875,142.0500030517578,6927700,0.0,0.0,0.0
2019-10-10 00:00:00-04:00,141.58999633789062,141.66000366210938,140.5800018310547,140.80999755859375,9301700,0.0,0.0,0.0
2019-10-11 00:00:00-04:00,139.97000122070312,140.19000244140625,138.91000366210938,140.02999877929688,11333400,0.0,0.0,0.0
2019-10-14 00:00:00-04:00,140.4499969482422,140.82000732421875,140.33999633789062,140.58999633789062,4006700,0.0,0.0,0.0
2019-10-15 00:00:00-04:00,140.27000427246094,140.3000030517578,139.2100067138672,139.61000061035156,9128300,0.0,0.0,0.0
2019-10-16 00:00:00-04:00,140.13999938964844,140.52999877929688,139.6999969482422,140.41000366210938,10330300,0.0,0.0,0.0
2019-10-17 00:00:00-04:00,140.5,141.1199951171875,140.4199981689453,140.61000061035156,6131000,0.0,0.0,0.0
2019-10-18 00:00:00-04:00,140.5,140.7100067138672,140.32000732421875,140.4600067138672,6416100,0.0,0.0,0.0
2019-10-21 00:00:00-04:00,140.72000122070312,140.75999450683594,139.60000610351562,139.7899932861328,8306200,0.0,0.0,0.0
2019-10-22 00:00:00-04:00,140.1300048828125,140.3000030517578,139.72000122070312,140.1999969482422,3879700,0.0,0.0,0.0
2019-10-23 00:00:00-04:00,140.58999633789062,141.0,140.5,140.52999877929688,4155300,0.0,0.0,0.0
2019-10-24 00:00:00-04:00,141.02000427246094,141.74000549316406,140.92999267578125,141.52999877929688,6174800,0.0,0.0,0.0
2019-10-25 00:00:00-04:00,142.7899932861328,142.8300018310547,141.39999389648438,141.86000061035156,6011500,0.0,0.0,0.0
2019-10-28 00:00:00-04:00,141.25,141.25,140.39999389648438,140.63999938964844,5442000,0.0,0.0,0.0
2019-10-29 00:00:00-04:00,140.0,140.6300048828125,139.77999877929688,140.25,3835400,0.0,0.0,0.0
2019-10-30 00:00:00-04:00,140.5399932861328,141.0399932861328,139.5500030517578,141.02000427246094,6992900,0.0,0.0,0.0
2019-10-31 00:00:00-04:00,141.97999572753906,142.69000244140625,141.88999938964844,142.42999267578125,7050900,0.0,0.0,0.0
2019-11-01 00:00:00-04:00,142.2100067138672,142.89999389648438,142.00999450683594,142.55999755859375,8090000,0.0,0.0,0.0
2019-11-04 00:00:00-05:00,142.25999450683594,142.4499969482422,141.74000549316406,142.14999389648438,4740300,0.0,0.0,0.0
2019-11-05 00:00:00-05:00,140.64999389648438,140.88999938964844,139.3800048828125,139.85000610351562,11782300,0.0,0.0,0.0
2019-11-06 00:00:00-05:00,140.1199951171875,140.7899932861328,140.0,140.4499969482422,6416500,0.0,0.0,0.0
2019-11-07 00:00:00-05:00,140.11000061035156,140.1999969482422,137.60000610351562,138.27000427246094,15214200,0.0,0.0,0.0
2019-11-08 00:00:00-05:00,137.72999572753906,138.3300018310547,137.38999938964844,137.38999938964844,10377400,0.0,0.0,0.0
2019-11-11 00:00:00-05:00,137.61000061035156,137.7899932861328,136.44000244140625,137.05999755859375,7037300,0.0,0.0,0.0
2019-11-12 00:00:00-05:00,137.02999877929688,137.58999633789062,136.19000244140625,137.42999267578125,6448600,0.0,0.0,0.0
2019-11-13 00:00:00-05:00,137.8000030517578,138.22000122070312,137.63999938964844,137.97999572753906,8776000,0.0,0.0,0.0
2019-11-14 00:00:00-05:00,138.38999938964844,138.94000244140625,137.8699951171875,138.55999755859375,5220500,0.0,0.0,0.0
2019-11-15 00:00:00-05:00,138.02999877929688,138.4199981689453,137.97000122070312,138.2100067138672,10106700,0.0,0.0,0.0
2019-11-18 00:00:00-05:00,138.44000244140625,138.85000610351562,138.3000030517578,138.6199951171875,5717900,0.0,0.0,0.0
2019-11-19 00:00:00-05:00,138.1300048828125,138.97000122070312,138.1300048828125,138.69000244140625,4824400,0.0,0.0,0.0
2019-11-20 00:00:00-05:00,138.52999877929688,139.0,138.10000610351562,138.75999450683594,6892100,0.0,0.0,0.0
2019-11-21 00:00:00-05:00,138.38999938964844,138.55999755859375,137.77000427246094,138.0,4197200,0.0,0.0,0.0
2019-11-22 00:00:00-05:00,138.3699951171875,138.4600067138672,137.66000366210938,137.74000549316406,3620300,0.0,0.0,0.0
2019-11-25 00:00:00-05:00,137.32000732421875,137.6199951171875,136.99000549316406,137.0800018310547,6415800,0.0,0.0,0.0
2019-11-26 00:00:00-05:00,136.97999572753906,137.8000030517578,136.5800018310547,137.74000549316406,4724400,0.0,0.0,0.0
2019-11-27 00:00:00-05:00,137.02999877929688,137.2100067138672,136.8300018310547,137.00999450683594,4111000,0.0,0.0,0.0
2019-11-29 00:00:00-05:00,137.10000610351562,138.1300048828125,137.0800018310547,137.86000061035156,4516400,0.0,0.0,0.0
2019-12-02 00:00:00-05:00,137.32000732421875,138.08999633789062,137.3000030517578,137.7899932861328,8274700,0.0,0.0,0.0
2019-12-03 00:00:00-05:00,139.0399932861328,139.57000732421875,138.97000122070312,139.11000061035156,8481700,0.0,0.0,0.0
2019-12-04 00:00:00-05:00,139.16000366210938,139.1699981689453,138.58999633789062,138.9199981689453,6322300,0.0,0.0,0.0
2019-12-05 00:00:00-05:00,138.8000030517578,139.4499969482422,138.7899932861328,139.0,5671500,0.0,0.0,0.0
2019-12-06 00:00:00-05:00,137.75999450683594,137.8300018310547,137.39999389648438,137.6199951171875,8714500,0.0,0.0,0.0
2019-12-09 00:00:00-05:00,137.8000030517578,137.80999755859375,137.4499969482422,137.5800018310547,2711600,0.0,0.0,0.0
2019-12-10 00:00:00-05:00,138.25,138.3300018310547,137.74000549316406,137.97000122070312,3240800,0.0,0.0,0.0
2019-12-11 00:00:00-05:00,138.1999969482422,139.3000030517578,138.1199951171875,138.9199981689453,6097500,0.0,0.0,0.0
2019-12-12 00:00:00-05:00,139.77999877929688,139.85000610351562,137.8800048828125,138.42999267578125,8815100,0.0,0.0,0.0
2019-12-13 00:00:00-05:00,138.52000427246094,139.2100067138672,137.97999572753906,139.0500030517578,6964300,0.0,0.0,0.0
2019-12-16 00:00:00-05:00,139.1999969482422,139.38999938964844,138.8000030517578,139.0399932861328,4646100,0.0,0.0,0.0
2019-12-17 00:00:00-05:00,139.02000427246094,139.3000030517578,138.85000610351562,139.00999450683594,4287500,0.0,0.0,0.0
2019-12-18 00:00:00-05:00,138.86000061035156,139.25,138.80999755859375,139.02000427246094,3607600,0.0,0.0,0.0
2019-12-19 00:00:00-05:00,139.0399932861328,139.5500030517578,138.8699951171875,139.3800048828125,4975000,0.0,0.0,0.0
2019-12-20 00:00:00-05:00,139.3699951171875,139.52000427246094,138.97999572753906,139.52000427246094,4463900,0.0,0.0,0.0
2019-12-23 00:00:00-05:00,139.52999877929688,139.9600067138672,139.52999877929688,139.9499969482422,5180900,0.0,0.0,0.0
2019-12-24 00:00:00-05:00,140.44000244140625,141.3300018310547,140.42999267578125,141.27000427246094,5303700,0.0,0.0,0.0
2019-12-26 00:00:00-05:00,142.05999755859375,142.47000122070312,141.91000366210938,142.3800048828125,8342500,0.0,0.0,0.0
2019-12-27 00:00:00-05:00,142.25999450683594,142.72999572753906,142.1699981689453,142.3300018310547,5119900,0.0,0.0,0.0
2019-12-30 00:00:00-05:00,142.55999755859375,142.8000030517578,142.4600067138672,142.6300048828125,4810600,0.0,0.0,0.0
2019-12-31 00:00:00-05:00,143.30999755859375,143.60000610351562,142.8000030517578,142.89999389648438,5313500,0.0,0.0,0.0
2020-01-02 00:00:00-05:00,143.86000061035156,144.2100067138672,143.39999389648438,143.9499969482422,7733800,0.0,0.0,0.0
2020-01-03 00:00:00-05:00,145.75,146.32000732421875,145.39999389648438,145.86000061035156,12272800,0.0,0.0,0.0
2020-01-06 00:00:00-05:00,148.44000244140625,148.47999572753906,146.9499969482422,147.38999938964844,14403300,0.0,0.0,0.0
2020-01-07 00:00:00-05:00,147.57000732421875,148.13999938964844,147.42999267578125,147.97000122070312,7978500,0.0,0.0,0.0
2020-01-08 00:00:00-05:00,148.49000549316406,148.61000061035156,146.13999938964844,146.86000061035156,22248500,0.0,0.0,0.0
2020-01-09 00:00:00-05:00,146.07000732421875,146.41000366210938,145.44000244140625,146.02999877929688,10292300,0.0,0.0,0.0
2020-01-10 00:00:00-05:00,146.22000122070312,146.99000549316406,146.1699981689453,146.91000366210938,6183300,0.0,0.0,0.0
2020-01-13 00:00:00-05:00,146.35000610351562,146.3800048828125,145.77999877929688,145.82000732421875,7593800,0.0,0.0,0.0
2020-01-14 00:00:00-05:00,145.4199981689453,145.80999755859375,145.0800018310547,145.69000244140625,6589700,0.0,0.0,0.0
2020-01-15 00:00:00-05:00,146.2100067138672,146.72999572753906,145.82000732421875,146.5399932861328,6510000,0.0,0.0,0.0
2020-01-16 00:00:00-05:00,146.27000427246094,146.47000122070312,145.75999450683594,146.30999755859375,6069100,0.0,0.0,0.0
2020-01-17 00:00:00-05:00,146.50999450683594,146.99000549316406,146.30999755859375,146.5800018310547,11121100,0.0,0.0,0.0
2020-01-21 00:00:00-05:00,145.77000427246094,146.86000061035156,145.5500030517578,146.74000549316406,6086100,0.0,0.0,0.0
2020-01-22 00:00:00-05:00,146.67999267578125,146.80999755859375,146.3800048828125,146.7899932861328,4778200,0.0,0.0,0.0
2020-01-23 00:00:00-05:00,147.0,147.6199951171875,146.6199951171875,147.1199951171875,8419800,0.0,0.0,0.0
2020-01-24 00:00:00-05:00,146.89999389648438,148.3800048828125,146.88999938964844,147.97999572753906,9919900,0.0,0.0,0.0
2020-01-27 00:00:00-05:00,149.24000549316406,149.32000732421875,148.4600067138672,148.99000549316406,9988100,0.0,0.0,0.0
2020-01-28 00:00:00-05:00,148.36000061035156,148.55999755859375,147.52999877929688,147.66000366210938,7543100,0.0,0.0,0.0
2020-01-29 00:00:00-05:00,147.6999969482422,148.55999755859375,147.61000061035156,148.4600067138672,5013100,0.0,0.0,0.0
2020-01-30 00:00:00-05:00,148.69000244140625,149.30999755859375,148.00999450683594,148.47000122070312,9119500,0.0,0.0,0.0
2020-01-31 00:00:00-05:00,148.8800048828125,149.67999267578125,148.80999755859375,149.3300018310547,14788300,0.0,0.0,0.0
2020-02-03 00:00:00-05:00,148.66000366210938,148.77999877929688,147.67999267578125,148.36000061035156,9105300,0.0,0.0,0.0
2020-02-04 00:00:00-05:00,146.97000122070312,147.02999877929688,145.8000030517578,146.42999267578125,10525600,0.0,0.0,0.0
2020-02-05 00:00:00-05:00,146.3800048828125,146.80999755859375,146.16000366210938,146.61000061035156,6160700,0.0,0.0,0.0
2020-02-06 00:00:00-05:00,147.27999877929688,147.6300048828125,147.0,147.39999389648438,4819800,0.0,0.0,0.0
2020-02-07 00:00:00-05:00,147.8300018310547,148.17999267578125,147.33999633789062,147.7899932861328,6379300,0.0,0.0,0.0
2020-02-10 00:00:00-05:00,148.2100067138672,148.4499969482422,147.91000366210938,148.1699981689453,5793600,0.0,0.0,0.0
2020-02-11 00:00:00-05:00,148.02999877929688,148.16000366210938,147.00999450683594,147.66000366210938,5179400,0.0,0.0,0.0
2020-02-12 00:00:00-05:00,147.4199981689453,147.80999755859375,147.16000366210938,147.5399932861328,5040600,0.0,0.0,0.0
2020-02-13 00:00:00-05:00,148.24000549316406,148.5800018310547,147.9499969482422,148.3800048828125,7082100,0.0,0.0,0.0
2020-02-14 00:00:00-05:00,148.74000549316406,149.1300048828125,148.6300048828125,149.0,5345400,0.0,0.0,0.0
2020-02-18 00:00:00-05:00,149.8800048828125,151.08999633789062,149.47000122070312,150.91000366210938,11524900,0.0,0.0,0.0
2020-02-19 00:00:00-05:00,151.0,151.82000732421875,150.82000732421875,151.7899932861328,9269800,0.0,0.0,0.0
2020-02-20 00:00:00-05:00,152.0,152.8300018310547,151.9499969482422,152.41000366210938,8457300,0.0,0.0,0.0
2020-02-21 00:00:00-05:00,154.42999267578125,155.22000122070312,154.17999267578125,154.6999969482422,16344500,0.0,0.0,0.0
2020-02-24 00:00:00-05:00,158.5,158.52999877929688,155.36000061035156,156.08999633789062,27171000,0.0,0.0,0.0
2020-02-25 00:00:00-05:00,155.1199951171875,156.0800018310547,152.91000366210938,153.3000030517578,28091500,0.0,0.0,0.0
2020-02-26 00:00:00-05:00,153.82000732421875,155.27999877929688,152.89999389648438,153.97000122070312,17912500,0.0,0.0,0.0
2020-02-27 00:00:00-05:00,155.5800018310547,156.27000427246094,153.89999389648438,154.0,27878500,0.0,0.0,0.0
2020-02-28 00:00:00-05:00,152.7100067138672,152.77000427246094,147.0500030517578,148.3800048828125,42699600,0.0,0.0,0.0
2020-03-02 00:00:00-05:00,150.0,150.72999572753906,149.0399932861328,149.1999969482422,16295400,0.0,0.0,0.0
2020-03-03 00:00:00-05:00,150.83999633789062,155.24000549316406,150.74000549316406,153.88999938964844,28687700,0.0,0.0,0.0
2020-03-04 00:00:00-05:00,154.39999389648438,154.9600067138672,153.6999969482422,154.16000366210938,12315500,0.0,0.0,0.0
2020-03-05 00:00:00-05:00,156.05999755859375,157.6199951171875,155.72000122070312,157.49000549316406,17973500,0.0,0.0,0.0
2020-03-06 00:00:00-05:00,158.3300018310547,159.25,154.5399932861328,157.5500030517578,26973400,0.0,0.0,0.0
2020-03-09 00:00:00-04:00,158.60000610351562,159.3699951171875,156.3300018310547,157.80999755859375,24868700,0.0,0.0,0.0
2020-03-10 00:00:00-04:00,156.17999267578125,156.41000366210938,154.38999938964844,154.47999572753906,18811500,0.0,0.0,0.0
2020-03-11 00:00:00-04:00,156.25,156.5,153.61000061035156,153.92999267578125,18159900,0.0,0.0,0.0
2020-03-12 00:00:00-04:00,151.52999877929688,151.5500030517578,146.85000610351562,147.7899932861328,32893400,0.0,0.0,0.0
2020-03-13 00:00:00-04:00,149.4199981689453,149.60000610351562,141.5800018310547,143.27999877929688,35177200,0.0,0.0,0.0
2020-03-16 00:00:00-04:00,137.55999755859375,142.9600067138672,136.1199951171875,141.63999938964844,24496000,0.0,0.0,0.0
2020-03-17 00:00:00-04:00,140.17999267578125,146.1999969482422,139.92999267578125,143.55999755859375,24490300,0.0,0.0,0.0
2020-03-18 00:00:00-04:00,141.75,142.8800048828125,138.5,140.6999969482422,21953400,0.0,0.0,0.0
2020-03-19 00:00:00-04:00,139.0800018310547,140.5,137.85000610351562,138.0399932861328,20828900,0.0,0.0,0.0
2020-03-20 00:00:00-04:00,140.7100067138672,141.1699981689453,139.13999938964844,140.11000061035156,20056000,0.0,0.0,0.0
2020-03-23 00:00:00-04:00,142.67999267578125,146.92999267578125,142.27999877929688,146.3000030517578,28275200,0.0,0.0,0.0
2020-03-24 00:00:00-04:00,153.5,155.66000366210938,152.0500030517578,153.39999389648438,20743500,0.0,0.0,0.0
2020-03-25 00:00:00-04:00,152.5800018310547,152.8800048828125,151.00999450683594,151.3000030517578,16457200,0.0,0.0,0.0
2020-03-26 00:00:00-04:00,153.30999755859375,154.80999755859375,152.0800018310547,153.24000549316406,12778200,0.0,0.0,0.0
2020-03-27 00:00:00-04:00,153.0,153.5500030517578,152.0,152.25,9824600,0.0,0.0,0.0
2020-03-30 00:00:00-04:00,152.41000366210938,153.0800018310547,151.57000732421875,152.9199981689453,12080900,0.0,0.0,0.0
2020-03-31 00:00:00-04:00,151.36000061035156,151.8000030517578,147.97000122070312,148.0500030517578,13319500,0.0,0.0,0.0
2020-04-01 00:00:00-04:00,148.1999969482422,150.0800018310547,147.85000610351562,149.4499969482422,11827400,0.0,0.0,0.0
2020-04-02 00:00:00-04:00,151.1999969482422,152.5,150.6999969482422,151.89999389648438,9188300,0.0,0.0,0.0
2020-04-03 00:00:00-04:00,152.22999572753906,153.08999633789062,151.66000366210938,152.64999389648438,8469100,0.0,0.0,0.0
2020-04-06 00:00:00-04:00,154.16000366210938,157.22000122070312,153.9600067138672,156.8800048828125,14739300,0.0,0.0,0.0
2020-04-07 00:00:00-04:00,155.3300018310547,156.13999938964844,154.3800048828125,156.0399932861328,9195400,0.0,0.0,0.0
2020-04-08 00:00:00-04:00,155.91000366210938,155.94000244140625,154.58999633789062,154.64999389648438,7600800,0.0,0.0,0.0
2020-04-09 00:00:00-04:00,158.0800018310547,159.0800018310547,157.2100067138672,158.69000244140625,18123000,0.0,0.0,0.0
2020-04-13 00:00:00-04:00,159.1699981689453,162.3800048828125,158.6300048828125,161.41000366210938,20549200,0.0,0.0,0.0
2020-04-14 00:00:00-04:00,162.72999572753906,164.4199981689453,161.77999877929688,162.67999267578125,17095100,0.0,0.0,0.0
2020-04-15 00:00:00-04:00,161.8000030517578,162.5399932861328,160.80999755859375,161.85000610351562,12141900,0.0,0.0,0.0
2020-04-16 00:00:00-04:00,161.8800048828125,163.14999389648438,160.64999389648438,161.7100067138672,9233200,0.0,0.0,0.0
2020-04-17 00:00:00-04:00,159.72000122070312,160.07000732421875,158.1199951171875,158.57000732421875,14652700,0.0,0.0,0.0
2020-04-20 00:00:00-04:00,158.6199951171875,160.22000122070312,158.4600067138672,159.6999969482422,10688700,0.0,0.0,0.0
2020-04-21 00:00:00-04:00,157.60000610351562,159.2100067138672,157.0399932861328,158.61000061035156,12478100,0.0,0.0,0.0
2020-04-22 00:00:00-04:00,160.5,161.74000549316406,160.4199981689453,161.72999572753906,12902100,0.0,0.0,0.0
2020-04-23 00:00:00-04:00,162.38999938964844,163.60000610351562,161.83999633789062,163.33999633789062,14928500,0.0,0.0,0.0
2020-04-24 00:00:00-04:00,163.1300048828125,163.30999755859375,160.88999938964844,162.63999938964844,11199300,0.0,0.0,0.0
2020-04-27 00:00:00-04:00,161.8800048828125,162.0,160.41000366210938,161.55999755859375,9033500,0.0,0.0,0.0
2020-04-28 00:00:00-04:00,160.88999938964844,160.97999572753906,159.16000366210938,160.83999633789062,10383000,0.0,0.0,0.0
2020-04-29 00:00:00-04:00,160.10000610351562,161.85000610351562,159.75999450683594,161.72999572753906,12232300,0.0,0.0,0.0
2020-04-30 00:00:00-04:00,160.22000122070312,160.82000732421875,158.1300048828125,158.8000030517578,13633500,0.0,0.0,0.0
2020-05-01 00:00:00-04:00,158.0,160.4499969482422,157.8000030517578,159.77999877929688,10914300,0.0,0.0,0.0
2020-05-04 00:00:00-04:00,160.3300018310547,160.9499969482422,159.91000366210938,160.33999633789062,7986200,0.0,0.0,0.0
2020-05-05 00:00:00-04:00,160.16000366210938,161.10000610351562,159.3300018310547,161.02000427246094,10563100,0.0,0.0,0.0
2020-05-06 00:00:00-04:00,158.99000549316406,159.80999755859375,158.10000610351562,158.9499969482422,13352000,0.0,0.0,0.0
2020-05-07 00:00:00-04:00,159.5,161.9600067138672,159.36000061035156,161.38999938964844,13691700,0.0,0.0,0.0
2020-05-08 00:00:00-04:00,161.0800018310547,162.0,160.0,160.4199981689453,12240900,0.0,0.0,0.0
2020-05-11 00:00:00-04:00,160.33999633789062,160.7100067138672,158.88999938964844,159.4199981689453,11209800,0.0,0.0,0.0
2020-05-12 00:00:00-04:00,160.3000030517578,160.9499969482422,159.72000122070312,160.0399932861328,10406000,0.0,0.0,0.0
2020-05-13 00:00:00-04:00,160.94000244140625,161.6199951171875,160.5399932861328,161.5800018310547,10950400,0.0,0.0,0.0
2020-05-14 00:00:00-04:00,161.52999877929688,163.33999633789062,161.50999450683594,163.00999450683594,17084400,0.0,0.0,0.0
2020-05-15 00:00:00-04:00,164.02000427246094,164.8000030517578,163.0800018310547,163.92999267578125,13918800,0.0,0.0,0.0
2020-05-18 00:00:00-04:00,164.3300018310547,164.5,162.41000366210938,162.69000244140625,14133800,0.0,0.0,0.0
2020-05-19 00:00:00-04:00,163.60000610351562,164.42999267578125,163.0399932861328,164.25999450683594,8535800,0.0,0.0,0.0
2020-05-20 00:00:00-04:00,164.5399932861328,164.9600067138672,163.88999938964844,164.64999389648438,10666100,0.0,0.0,0.0
2020-05-21 00:00:00-04:00,163.4600067138672,163.5800018310547,161.3699951171875,162.25,11791000,0.0,0.0,0.0
2020-05-22 00:00:00-04:00,162.8800048828125,163.47000122070312,162.74000549316406,163.2100067138672,8540900,0.0,0.0,0.0
2020-05-26 00:00:00-04:00,162.5800018310547,162.5800018310547,160.69000244140625,160.88999938964844,13972000,0.0,0.0,0.0
2020-05-27 00:00:00-04:00,159.4199981689453,161.33999633789062,159.1999969482422,161.17999267578125,13063500,0.0,0.0,0.0
2020-05-28 00:00:00-04:00,162.1199951171875,162.4600067138672,160.89999389648438,161.72000122070312,9758500,0.0,0.0,0.0
2020-05-29 00:00:00-04:00,162.5800018310547,163.39999389648438,162.32000732421875,162.91000366210938,12581800,0.0,0.0,0.0
2020-06-01 00:00:00-04:00,162.9199981689453,163.74000549316406,162.38999938964844,163.66000366210938,8140200,0.0,0.0,0.0
2020-06-02 00:00:00-04:00,163.88999938964844,164.0800018310547,161.86000061035156,162.60000610351562,10388900,0.0,0.0,0.0
2020-06-03 00:00:00-04:00,160.33999633789062,160.89999389648438,158.82000732421875,159.60000610351562,17000500,0.0,0.0,0.0
2020-06-04 00:00:00-04:00,161.13999938964844,161.8699951171875,159.83999633789062,161.27999877929688,10094000,0.0,0.0,0.0
2020-06-05 00:00:00-04:00,158.72000122070312,158.72000122070312,157.0399932861328,158.00999450683594,16021200,0.0,0.0,0.0
2020-06-08 00:00:00-04:00,158.89999389648438,159.86000061035156,158.47000122070312,159.72000122070312,9244400,0.0,0.0,0.0
2020-06-09 00:00:00-04:00,161.10000610351562,161.77999877929688,160.8699951171875,161.25999450683594,9045600,0.0,0.0,0.0
2020-06-10 00:00:00-04:00,162.10000610351562,163.6300048828125,160.52000427246094,163.57000732421875,13009300,0.0,0.0,0.0
2020-06-11 00:00:00-04:00,163.35000610351562,164.05999755859375,161.97000122070312,162.38999938964844,11673900,0.0,0.0,0.0
2020-06-12 00:00:00-04:00,163.41000366210938,163.8800048828125,162.55999755859375,162.6199951171875,6895400,0.0,0.0,0.0
2020-06-15 00:00:00-04:00,160.52000427246094,162.55999755859375,160.16000366210938,162.3300018310547,8532500,0.0,0.0,0.0
2020-06-16 00:00:00-04:00,161.85000610351562,162.69000244140625,161.36000061035156,162.25,7964000,0.0,0.0,0.0
2020-06-17 00:00:00-04:00,162.0,162.6199951171875,161.77000427246094,162.55999755859375,4758200,0.0,0.0,0.0
2020-06-18 00:00:00-04:00,162.1999969482422,162.32000732421875,161.44000244140625,162.24000549316406,5397600,0.0,0.0,0.0
2020-06-19 00:00:00-04:00,162.8699951171875,164.08999633789062,162.77999877929688,164.02999877929688,12187400,0.0,0.0,0.0
2020-06-22 00:00:00-04:00,165.05999755859375,165.72999572753906,164.41000366210938,165.08999633789062,12385600,0.0,0.0,0.0
2020-06-23 00:00:00-04:00,165.6300048828125,166.52000427246094,165.52000427246094,166.47999572753906,12137300,0.0,0.0,0.0
2020-06-24 00:00:00-04:00,166.00999450683594,166.99000549316406,165.4499969482422,165.89999389648438,10901400,0.0,0.0,0.0
2020-06-25 00:00:00-04:00,165.88999938964844,165.91000366210938,165.16000366210938,165.8000030517578,7093800,0.0,0.0,0.0
2020-06-26 00:00:00-04:00,164.8699951171875,166.55999755859375,164.22000122070312,166.5399932861328,9753500,0.0,0.0,0.0
2020-06-29 00:00:00-04:00,166.55999755859375,166.8000030517578,166.17999267578125,166.6300048828125,6735700,0.0,0.0,0.0
2020-06-30 00:00:00-04:00,166.30999755859375,167.99000549316406,166.19000244140625,167.3699951171875,12762300,0.0,0.0,0.0
2020-07-01 00:00:00-04:00,167.0500030517578,167.05999755859375,165.33999633789062,166.6199951171875,13214800,0.0,0.0,0.0
2020-07-02 00:00:00-04:00,166.1999969482422,167.24000549316406,166.02000427246094,166.97999572753906,8753500,0.0,0.0,0.0
2020-07-06 00:00:00-04:00,167.75,168.0,167.19000244140625,167.97999572753906,7265700,0.0,0.0,0.0
2020-07-07 00:00:00-04:00,167.41000366210938,169.0399932861328,167.3800048828125,169.0399932861328,11633100,0.0,0.0,0.0
2020-07-08 00:00:00-04:00,170.32000732421875,170.86000061035156,169.77999877929688,170.08999633789062,11662700,0.0,0.0,0.0
2020-07-09 00:00:00-04:00,170.47999572753906,170.63999938964844,168.77999877929688,169.6300048828125,13327400,0.0,0.0,0.0
2020-07-10 00:00:00-04:00,169.9499969482422,170.14999389648438,168.57000732421875,169.19000244140625,8218000,0.0,0.0,0.0
2020-07-13 00:00:00-04:00,170.2899932861328,170.4199981689453,169.16000366210938,169.39999389648438,11095900,0.0,0.0,0.0
2020-07-14 00:00:00-04:00,168.97000122070312,170.1999969482422,168.80999755859375,170.19000244140625,9812700,0.0,0.0,0.0
2020-07-15 00:00:00-04:00,169.6199951171875,170.42999267578125,169.38999938964844,170.33999633789062,7533800,0.0,0.0,0.0
2020-07-16 00:00:00-04:00,169.8000030517578,170.0,168.64999389648438,168.72999572753906,10242400,0.0,0.0,0.0
2020-07-17 00:00:00-04:00,169.94000244140625,170.27000427246094,169.61000061035156,170.1199951171875,10296000,0.0,0.0,0.0
2020-07-20 00:00:00-04:00,170.75999450683594,171.07000732421875,170.27000427246094,170.94000244140625,10095500,0.0,0.0,0.0
2020-07-21 00:00:00-04:00,172.52999877929688,173.25,172.30999755859375,173.0,12826100,0.0,0.0,0.0
2020-07-22 00:00:00-04:00,174.0500030517578,175.77000427246094,173.75999450683594,175.6300048828125,18712500,0.0,0.0,0.0
2020-07-23 00:00:00-04:00,176.1699981689453,178.41000366210938,175.64999389648438,177.17999267578125,23006800,0.0,0.0,0.0
2020-07-24 00:00:00-04:00,179.13999938964844,179.16000366210938,178.1999969482422,178.6999969482422,15601300,0.0,0.0,0.0
2020-07-27 00:00:00-04:00,181.85000610351562,182.8300018310547,181.52999877929688,182.22999572753906,21115600,0.0,0.0,0.0
2020-07-28 00:00:00-04:00,182.02000427246094,184.25999450683594,181.4199981689453,183.75,21164600,0.0,0.0,0.0
2020-07-29 00:00:00-04:00,184.00999450683594,186.13999938964844,182.38999938964844,185.1300048828125,25640100,0.0,0.0,0.0
2020-07-30 00:00:00-04:00,183.44000244140625,184.3300018310547,182.1300048828125,183.75999450683594,18061200,0.0,0.0,0.0
2020-07-31 00:00:00-04:00,184.50999450683594,185.75,184.1699981689453,185.42999267578125,15876700,0.0,0.0,0.0
2020-08-03 00:00:00-04:00,185.0500030517578,185.82000732421875,184.1999969482422,185.63999938964844,12897000,0.0,0.0,0.0
2020-08-04 00:00:00-04:00,185.61000061035156,189.60000610351562,185.2100067138672,189.58999633789062,20773200,0.0,0.0,0.0
2020-08-05 00:00:00-04:00,191.64999389648438,193.1300048828125,190.6199951171875,191.35000610351562,27078100,0.0,0.0,0.0
2020-08-06 00:00:00-04:00,193.74000549316406,194.4499969482422,192.52000427246094,193.88999938964844,20640100,0.0,0.0,0.0
2020-08-07 00:00:00-04:00,192.7100067138672,192.9600067138672,189.3300018310547,190.80999755859375,24570200,0.0,0.0,0.0
2020-08-10 00:00:00-04:00,191.1999969482422,192.61000061035156,189.66000366210938,190.14999389648438,19047200,0.0,0.0,0.0
2020-08-11 00:00:00-04:00,183.57000732421875,183.97999572753906,179.42999267578125,179.94000244140625,45355000,0.0,0.0,0.0
2020-08-12 00:00:00-04:00,182.61000061035156,183.10000610351562,179.0399932861328,179.10000610351562,28660500,0.0,0.0,0.0
2020-08-13 00:00:00-04:00,181.55999755859375,184.6999969482422,181.36000061035156,183.3300018310547,18596800,0.0,0.0,0.0
2020-08-14 00:00:00-04:00,183.44000244140625,183.72000122070312,181.49000549316406,182.5399932861328,11792000,0.0,0.0,0.0
2020-08-17 00:00:00-04:00,184.69000244140625,187.00999450683594,184.66000366210938,186.5,15709800,0.0,0.0,0.0
2020-08-18 00:00:00-04:00,189.17999267578125,189.39999389648438,185.6300048828125,188.17999267578125,16291600,0.0,0.0,0.0
2020-08-19 00:00:00-04:00,187.2100067138672,187.4600067138672,181.7100067138672,182.24000549316406,24646900,0.0,0.0,0.0
2020-08-20 00:00:00-04:00,181.19000244140625,183.7100067138672,180.92999267578125,183.5,16692200,0.0,0.0,0.0
2020-08-21 00:00:00-04:00,182.13999938964844,182.80999755859375,180.47000122070312,182.02999877929688,12713700,0.0,0.0,0.0
2020-08-24 00:00:00-04:00,182.91000366210938,182.92999267578125,180.69000244140625,181.0,11605800,0.0,0.0,0.0
2020-08-25 00:00:00-04:00,181.05999755859375,181.25,179.72999572753906,181.22000122070312,10056100,0.0,0.0,0.0
2020-08-26 00:00:00-04:00,180.25999450683594,183.5800018310547,180.1999969482422,183.36000061035156,12715800,0.0,0.0,0.0
2020-08-27 00:00:00-04:00,185.0,185.1699981689453,179.3699951171875,181.24000549316406,16299200,0.0,0.0,0.0
2020-08-28 00:00:00-04:00,183.97999572753906,185.39999389648438,183.39999389648438,184.38999938964844,13200800,0.0,0.0,0.0
2020-08-31 00:00:00-04:00,184.7899932861328,185.52999877929688,184.27999877929688,184.8300018310547,10251200,0.0,0.0,0.0
2020-09-01 00:00:00-04:00,186.99000549316406,186.99000549316406,184.3300018310547,185.0500030517578,10662100,0.0,0.0,0.0
2020-09-02 00:00:00-04:00,183.75,183.86000061035156,181.5,182.6199951171875,11536900,0.0,0.0,0.0
2020-09-03 00:00:00-04:00,182.3000030517578,182.82000732421875,180.49000549316406,181.13999938964844,12148100,0.0,0.0,0.0
2020-09-04 00:00:00-04:00,180.9499969482422,182.10000610351562,180.0500030517578,181.63999938964844,11567900,0.0,0.0,0.0
2020-09-08 00:00:00-04:00,179.5,182.27000427246094,179.02000427246094,181.2899932861328,13229200,0.0,0.0,0.0
2020-09-09 00:00:00-04:00,182.5,183.22000122070312,182.19000244140625,183.0500030517578,8424100,0.0,0.0,0.0
2020-09-10 00:00:00-04:00,184.22999572753906,184.67999267578125,182.27999877929688,182.4600067138672,9143600,0.0,0.0,0.0
2020-09-11 00:00:00-04:00,183.13999938964844,183.5500030517578,182.00999450683594,182.4499969482422,7662300,0.0,0.0,0.0
2020-09-14 00:00:00-04:00,183.57000732421875,184.3000030517578,183.38999938964844,183.88999938964844,9709500,0.0,0.0,0.0
2020-09-15 00:00:00-04:00,184.4600067138672,184.6699981689453,182.9199981689453,183.4499969482422,7993700,0.0,0.0,0.0
2020-09-16 00:00:00-04:00,184.97999572753906,185.00999450683594,183.3300018310547,183.97000122070312,12702400,0.0,0.0,0.0
2020-09-17 00:00:00-04:00,181.9199981689453,183.08999633789062,181.47999572753906,182.9600067138672,8836200,0.0,0.0,0.0
2020-09-18 00:00:00-04:00,183.07000732421875,184.08999633789062,182.63999938964844,183.1999969482422,9959700,0.0,0.0,0.0
2020-09-21 00:00:00-04:00,179.83999633789062,180.2899932861328,176.75,179.52000427246094,17436100,0.0,0.0,0.0
2020-09-22 00:00:00-04:00,179.6300048828125,180.02000427246094,178.11000061035156,178.64999389648438,7977900,0.0,0.0,0.0
2020-09-23 00:00:00-04:00,176.97999572753906,177.25999450683594,174.10000610351562,174.7899932861328,18134000,0.0,0.0,0.0
2020-09-24 00:00:00-04:00,174.36000061035156,176.24000549316406,173.77000427246094,175.44000244140625,11759200,0.0,0.0,0.0
2020-09-25 00:00:00-04:00,174.41000366210938,175.3000030517578,173.88999938964844,174.94000244140625,6779200,0.0,0.0,0.0
2020-09-28 00:00:00-04:00,175.8300018310547,176.80999755859375,175.08999633789062,176.6999969482422,7109700,0.0,0.0,0.0
2020-09-29 00:00:00-04:00,177.19000244140625,178.3300018310547,176.9499969482422,178.19000244140625,8718500,0.0,0.0,0.0
2020-09-30 00:00:00-04:00,177.7100067138672,178.61000061035156,176.66000366210938,177.1199951171875,8371800,0.0,0.0,0.0
2020-10-01 00:00:00-04:00,178.7100067138672,179.5,178.0399932861328,178.6999969482422,10402800,0.0,0.0,0.0
2020-10-02 00:00:00-04:00,178.69000244140625,179.2899932861328,178.16000366210938,178.5399932861328,7488500,0.0,0.0,0.0
2020-10-05 00:00:00-04:00,179.02000427246094,180.13999938964844,178.89999389648438,179.41000366210938,6969600,0.0,0.0,0.0
2020-10-06 00:00:00-04:00,180.16000366210938,180.3699951171875,177.0500030517578,177.3000030517578,8632800,0.0,0.0,0.0
2020-10-07 00:00:00-04:00,177.08999633789062,177.4199981689453,176.42999267578125,177.22000122070312,6410900,0.0,0.0,0.0
2020-10-08 00:00:00-04:00,178.17999267578125,178.4499969482422,176.6699981689453,177.85000610351562,6530800,0.0,0.0,0.0
2020-10-09 00:00:00-04:00,180.1300048828125,181.1699981689453,179.92999267578125,181.0800018310547,15979800,0.0,0.0,0.0
2020-10-12 00:00:00-04:00,180.57000732421875,180.8300018310547,180.19000244140625,180.55999755859375,4843000,0.0,0.0,0.0
2020-10-13 00:00:00-04:00,178.55999755859375,178.60000610351562,177.10000610351562,177.72000122070312,8384300,0.0,0.0,0.0
2020-10-14 00:00:00-04:00,179.08999633789062,179.58999633789062,178.27000427246094,178.27000427246094,9076600,0.0,0.0,0.0
2020-10-15 00:00:00-04:00,177.7100067138672,179.14999389648438,177.58999633789062,178.9199981689453,6815400,0.0,0.0,0.0
2020-10-16 00:00:00-04:00,179.22000122070312,179.32000732421875,178.1300048828125,178.3000030517578,7260700,0.0,0.0,0.0
2020-10-19 00:00:00-04:00,179.41000366210938,179.47999572753906,178.3699951171875,178.38999938964844,6084400,0.0,0.0,0.0
2020-10-20 00:00:00-04:00,178.5399932861328,179.6699981689453,178.0800018310547,179.25,7121400,0.0,0.0,0.0
2020-10-21 00:00:00-04:00,180.47000122070312,181.30999755859375,180.22999572753906,180.60000610351562,7548100,0.0,0.0,0.0
2020-10-22 00:00:00-04:00,178.8800048828125,179.02999877929688,177.72000122070312,178.8300018310547,8377000,0.0,0.0,0.0
2020-10-23 00:00:00-04:00,179.08999633789062,179.1999969482422,177.75999450683594,178.63999938964844,5919300,0.0,0.0,0.0
2020-10-26 00:00:00-04:00,178.75,179.13999938964844,178.22000122070312,178.5500030517578,5105100,0.0,0.0,0.0
2020-10-27 00:00:00-04:00,178.7100067138672,179.42999267578125,178.50999450683594,179.02000427246094,5826900,0.0,0.0,0.0
2020-10-28 00:00:00-04:00,176.4499969482422,176.85000610351562,175.44000244140625,176.1300048828125,11734100,0.0,0.0,0.0
2020-10-29 00:00:00-04:00,175.02000427246094,176.13999938964844,174.8300018310547,175.39999389648438,8474500,0.0,0.0,0.0
2020-10-30 00:00:00-04:00,177.17999267578125,177.36000061035156,175.9499969482422,176.1999969482422,7303000,0.0,0.0,0.0
2020-11-02 00:00:00-05:00,177.4499969482422,177.92999267578125,177.1300048828125,177.91000366210938,6498400,0.0,0.0,0.0
2020-11-03 00:00:00-05:00,178.9499969482422,179.38999938964844,178.3000030517578,178.9199981689453,7577200,0.0,0.0,0.0
2020-11-04 00:00:00-05:00,178.92999267578125,179.19000244140625,177.66000366210938,178.82000732421875,11117300,0.0,0.0,0.0
2020-11-05 00:00:00-05:00,181.0,183.2899932861328,180.97000122070312,182.92999267578125,16102800,0.0,0.0,0.0
2020-11-06 00:00:00-05:00,183.39999389648438,183.52999877929688,182.19000244140625,183.19000244140625,10378300,0.0,0.0,0.0
2020-11-09 00:00:00-05:00,176.4199981689453,176.4499969482422,173.63999938964844,175.0800018310547,29800700,0.0,0.0,0.0
2020-11-10 00:00:00-05:00,176.75,176.91000366210938,175.66000366210938,175.66000366210938,11728500,0.0,0.0,0.0
2020-11-11 00:00:00-05:00,174.6999969482422,175.27999877929688,174.44000244140625,174.89999389648438,9008500,0.0,0.0,0.0
2020-11-12 00:00:00-05:00,176.0399932861328,176.77000427246094,175.83999633789062,175.9600067138672,7167900,0.0,0.0,0.0
2020-11-13 00:00:00-05:00,177.64999389648438,177.8000030517578,176.83999633789062,177.16000366210938,6469800,0.0,0.0,0.0
2020-11-16 00:00:00-05:00,177.22999572753906,177.91000366210938,176.8699951171875,177.14999389648438,8358500,0.0,0.0,0.0
2020-11-17 00:00:00-05:00,177.25,177.44000244140625,176.08999633789062,176.5,8229100,0.0,0.0,0.0
2020-11-18 00:00:00-05:00,176.25999450683594,176.86000061035156,175.35000610351562,175.49000549316406,7384700,0.0,0.0,0.0
2020-11-19 00:00:00-05:00,174.3000030517578,175.22000122070312,174.1699981689453,175.16000366210938,6965100,0.0,0.0,0.0
2020-11-20 00:00:00-05:00,176.1199951171875,176.3800048828125,175.5800018310547,175.69000244140625,6379400,0.0,0.0,0.0
2020-11-23 00:00:00-05:00,175.10000610351562,175.24000549316406,171.77999877929688,172.22999572753906,15510600,0.0,0.0,0.0
2020-11-24 00:00:00-05:00,169.3000030517578,169.69000244140625,168.86000061035156,169.58999633789062,19504000,0.0,0.0,0.0
2020-11-25 00:00:00-05:00,169.97999572753906,170.52000427246094,169.24000549316406,169.50999450683594,10286600,0.0,0.0,0.0
2020-11-27 00:00:00-05:00,166.89999389648438,167.8300018310547,166.77999877929688,167.7899932861328,10569100,0.0,0.0,0.0
2020-11-30 00:00:00-05:00,166.67999267578125,167.42999267578125,166.02999877929688,166.6699981689453,13210000,0.0,0.0,0.0
2020-12-01 00:00:00-05:00,169.75999450683594,170.47999572753906,169.3000030517578,170.17999267578125,13533300,0.0,0.0,0.0
2020-12-02 00:00:00-05:00,170.57000732421875,171.75999450683594,170.14999389648438,171.4600067138672,9199700,0.0,0.0,0.0
2020-12-03 00:00:00-05:00,172.63999938964844,172.85000610351562,171.0800018310547,172.80999755859375,10457300,0.0,0.0,0.0
2020-12-04 00:00:00-05:00,172.77999877929688,173.32000732421875,171.58999633789062,172.32000732421875,10098600,0.0,0.0,0.0
2020-12-07 00:00:00-05:00,172.55999755859375,175.2899932861328,172.50999450683594,174.88999938964844,10555100,0.0,0.0,0.0
2020-12-08 00:00:00-05:00,175.50999450683594,175.92999267578125,174.72000122070312,175.5,6348400,0.0,0.0,0.0
2020-12-09 00:00:00-05:00,173.9199981689453,174.0399932861328,171.24000549316406,172.5,10743200,0.0,0.0,0.0
2020-12-10 00:00:00-05:00,172.89999389648438,173.5800018310547,171.6999969482422,172.1699981689453,6564000,0.0,0.0,0.0
2020-12-11 00:00:00-05:00,172.25,173.32000732421875,172.11000061035156,172.49000549316406,6084800,0.0,0.0,0.0
2020-12-14 00:00:00-05:00,171.91000366210938,172.52000427246094,170.91000366210938,171.5399932861328,7644400,0.0,0.0,0.0
2020-12-15 00:00:00-05:00,173.42999267578125,173.97999572753906,173.05999755859375,173.94000244140625,6840500,0.0,0.0,0.0
2020-12-16 00:00:00-05:00,174.1300048828125,175.02000427246094,173.02000427246094,174.89999389648438,8174700,0.0,0.0,0.0
2020-12-17 00:00:00-05:00,177.14999389648438,177.8699951171875,176.5800018310547,176.74000549316406,9475800,0.0,0.0,0.0
2020-12-18 00:00:00-05:00,176.64999389648438,176.97999572753906,176.10000610351562,176.44000244140625,6789900,0.0,0.0,0.0
2020-12-21 00:00:00-05:00,176.2899932861328,176.94000244140625,175.75999450683594,175.8800048828125,8168900,0.0,0.0,0.0
2020-12-22 00:00:00-05:00,176.1999969482422,176.33999633789062,174.33999633789062,174.49000549316406,9442400,0.0,0.0,0.0
2020-12-23 00:00:00-05:00,175.10000610351562,176.2100067138672,175.05999755859375,175.64999389648438,6542800,0.0,0.0,0.0
2020-12-24 00:00:00-05:00,175.5500030517578,176.3699951171875,175.50999450683594,176.35000610351562,3695400,0.0,0.0,0.0
2020-12-28 00:00:00-05:00,177.25999450683594,177.91000366210938,175.6300048828125,175.7100067138672,7778700,0.0,0.0,0.0
2020-12-29 00:00:00-05:00,176.25,176.97000122070312,175.57000732421875,176.35000610351562,5983700,0.0,0.0,0.0
2020-12-30 00:00:00-05:00,176.44000244140625,177.72000122070312,176.44000244140625,177.6999969482422,5914000,0.0,0.0,0.0
2020-12-31 00:00:00-05:00,178.07000732421875,178.39999389648438,177.32000732421875,178.36000061035156,7540800,0.0,0.0,0.0
2021-01-04 00:00:00-05:00,181.97000122070312,182.39999389648438,180.9600067138672,182.3300018310547,14331400,0.0,0.0,0.0
2021-01-05 00:00:00-05:00,182.8699951171875,183.2100067138672,181.82000732421875,182.8699951171875,12718800,0.0,0.0,0.0
2021-01-06 00:00:00-05:00,181.49000549316406,181.5800018310547,178.24000549316406,179.89999389648438,18453500,0.0,0.0,0.0
2021-01-07 00:00:00-05:00,179.69000244140625,179.9199981689453,178.83999633789062,179.47999572753906,7110200,0.0,0.0,0.0
2021-01-08 00:00:00-05:00,176.8300018310547,176.99000549316406,171.47999572753906,173.33999633789062,24399900,0.0,0.0,0.0
2021-01-11 00:00:00-05:00,172.13999938964844,173.67999267578125,172.02999877929688,173.0,8571400,0.0,0.0,0.0
2021-01-12 00:00:00-05:00,173.1300048828125,174.17999267578125,172.32000732421875,174.1199951171875,9798500,0.0,0.0,0.0
2021-01-13 00:00:00-05:00,173.67999267578125,174.4600067138672,173.0500030517578,173.3699951171875,14110300,0.0,0.0,0.0
2021-01-14 00:00:00-05:00,173.44000244140625,174.22000122070312,172.66000366210938,173.27999877929688,13522700,0.0,0.0,0.0
2021-01-15 00:00:00-05:00,172.83999633789062,173.07000732421875,170.97999572753906,171.1300048828125,16172500,0.0,0.0,0.0
2021-01-19 00:00:00-05:00,172.7100067138672,172.85000610351562,171.9199981689453,172.5800018310547,7485700,0.0,0.0,0.0
2021-01-20 00:00:00-05:00,174.3699951171875,175.47000122070312,173.82000732421875,175.38999938964844,9456000,0.0,0.0,0.0
2021-01-21 00:00:00-05:00,175.11000061035156,175.50999450683594,174.50999450683594,175.27999877929688,7246800,0.0,0.0,0.0
2021-01-22 00:00:00-05:00,172.88999938964844,174.2899932861328,172.35000610351562,173.89999389648438,7269600,0.0,0.0,0.0
2021-01-25 00:00:00-05:00,174.82000732421875,174.9600067138672,173.19000244140625,174.0500030517578,5936800,0.0,0.0,0.0
2021-01-26 00:00:00-05:00,173.97999572753906,174.25999450683594,173.4199981689453,173.6199951171875,4685600,0.0,0.0,0.0
2021-01-27 00:00:00-05:00,172.92999267578125,173.52000427246094,171.66000366210938,172.52000427246094,9036500,0.0,0.0,0.0
2021-01-28 00:00:00-05:00,174.27999877929688,174.72999572753906,172.0399932861328,172.67999267578125,9392400,0.0,0.0,0.0
2021-01-29 00:00:00-05:00,174.8699951171875,175.16000366210938,172.61000061035156,172.61000061035156,11252800,0.0,0.0,0.0
2021-02-01 00:00:00-05:00,175.02000427246094,175.25999450683594,174.05999755859375,174.22999572753906,9105500,0.0,0.0,0.0
2021-02-02 00:00:00-05:00,172.49000549316406,172.52999877929688,171.50999450683594,172.11000061035156,7221700,0.0,0.0,0.0
2021-02-03 00:00:00-05:00,172.36000061035156,172.58999633789062,171.5,171.85000610351562,4658100,0.0,0.0,0.0
2021-02-04 00:00:00-05:00,168.2899932861328,168.39999389648438,167.33999633789062,168.14999389648438,13736600,0.0,0.0,0.0
2021-02-05 00:00:00-05:00,168.99000549316406,170.17999267578125,168.6699981689453,169.80999755859375,6538500,0.0,0.0,0.0
2021-02-08 00:00:00-05:00,171.97999572753906,172.39999389648438,171.49000549316406,171.52000427246094,6887500,0.0,0.0,0.0
2021-02-09 00:00:00-05:00,172.57000732421875,173.02999877929688,171.75,172.0800018310547,5131800,0.0,0.0,0.0
2021-02-10 00:00:00-05:00,173.14999389648438,173.22000122070312,172.00999450683594,172.7100067138672,6112800,0.0,0.0,0.0
2021-02-11 00:00:00-05:00,172.6999969482422,172.8699951171875,170.7100067138672,171.2100067138672,5994500,0.0,0.0,0.0
2021-02-12 00:00:00-05:00,170.2899932861328,171.64999389648438,169.8800048828125,170.69000244140625,6018900,0.0,0.0,0.0
2021-02-16 00:00:00-05:00,168.13999938964844,170.07000732421875,167.72999572753906,168.24000549316406,14761100,0.0,0.0,0.0
2021-02-17 00:00:00-05:00,166.9199981689453,167.33999633789062,165.85000610351562,166.3300018310547,11400700,0.0,0.0,0.0
2021-02-18 00:00:00-05:00,166.97999572753906,167.3000030517578,165.72999572753906,166.32000732421875,7498200,0.0,0.0,0.0
2021-02-19 00:00:00-05:00,166.75999450683594,167.94000244140625,166.60000610351562,167.00999450683594,8273500,0.0,0.0,0.0
2021-02-22 00:00:00-05:00,168.5399932861328,169.88999938964844,168.3000030517578,169.50999450683594,10072000,0.0,0.0,0.0
2021-02-23 00:00:00-05:00,169.47999572753906,169.74000549316406,168.27999877929688,169.1199951171875,8616800,0.0,0.0,0.0
2021-02-24 00:00:00-05:00,167.64999389648438,169.13999938964844,167.14999389648438,169.0,8890600,0.0,0.0,0.0
2021-02-25 00:00:00-05:00,166.9199981689453,167.66000366210938,165.4499969482422,165.82000732421875,16359400,0.0,0.0,0.0
2021-02-26 00:00:00-05:00,165.0,165.10000610351562,160.9499969482422,161.80999755859375,23730400,0.0,0.0,0.0
2021-03-01 00:00:00-05:00,163.02999877929688,163.35000610351562,161.16000366210938,161.52999877929688,13828300,0.0,0.0,0.0
2021-03-02 00:00:00-05:00,161.92999267578125,162.92999267578125,161.22000122070312,162.41000366210938,11424600,0.0,0.0,0.0
2021-03-03 00:00:00-05:00,160.61000061035156,161.69000244140625,159.49000549316406,160.6199951171875,13059900,0.0,0.0,0.0
2021-03-04 00:00:00-05:00,160.60000610351562,161.4600067138672,158.42999267578125,159.0399932861328,13870100,0.0,0.0,0.0
2021-03-05 00:00:00-05:00,159.66000366210938,159.82000732421875,158.5500030517578,159.13999938964844,12821600,0.0,0.0,0.0
2021-03-08 00:00:00-05:00,158.5800018310547,158.74000549316406,157.1300048828125,157.49000549316406,12134900,0.0,0.0,0.0
2021-03-09 00:00:00-05:00,160.75,161.25,160.4199981689453,160.83999633789062,10382600,0.0,0.0,0.0
2021-03-10 00:00:00-05:00,161.05999755859375,161.77999877929688,160.66000366210938,161.66000366210938,7962000,0.0,0.0,0.0
2021-03-11 00:00:00-05:00,161.47000122070312,161.97999572753906,161.1199951171875,161.52000427246094,6749200,0.0,0.0,0.0
2021-03-12 00:00:00-05:00,159.5399932861328,161.69000244140625,159.35000610351562,161.49000549316406,8608500,0.0,0.0,0.0
2021-03-15 00:00:00-04:00,162.30999755859375,162.5500030517578,161.42999267578125,162.1999969482422,8104500,0.0,0.0,0.0
2021-03-16 00:00:00-04:00,162.36000061035156,163.1999969482422,161.80999755859375,162.35000610351562,7547400,0.0,0.0,0.0
2021-03-17 00:00:00-04:00,162.27000427246094,164.14999389648438,161.47999572753906,163.50999450683594,12626700,0.0,0.0,0.0
2021-03-18 00:00:00-04:00,161.14999389648438,162.82000732421875,161.11000061035156,162.55999755859375,8711100,0.0,0.0,0.0
2021-03-19 00:00:00-04:00,162.55999755859375,163.42999267578125,162.42999267578125,163.24000549316406,6868900,0.0,0.0,0.0
2021-03-22 00:00:00-04:00,162.27000427246094,163.1300048828125,162.16000366210938,163.0,5240000,0.0,0.0,0.0
2021-03-23 00:00:00-04:00,162.4499969482422,162.49000549316406,161.58999633789062,161.80999755859375,6048300,0.0,0.0,0.0
2021-03-24 00:00:00-04:00,162.2100067138672,162.88999938964844,161.94000244140625,162.3699951171875,6183700,0.0,0.0,0.0
2021-03-25 00:00:00-04:00,163.05999755859375,163.5800018310547,161.32000732421875,161.77999877929688,8398600,0.0,0.0,0.0
2021-03-26 00:00:00-04:00,161.7100067138672,162.72999572753906,161.64999389648438,162.24000549316406,6153900,0.0,0.0,0.0
2021-03-29 00:00:00-04:00,161.4600067138672,161.52000427246094,159.8300018310547,160.30999755859375,8409300,0.0,0.0,0.0
2021-03-30 00:00:00-04:00,157.94000244140625,158.1999969482422,157.5500030517578,157.57000732421875,8353200,0.0,0.0,0.0
2021-03-31 00:00:00-04:00,158.05999755859375,160.67999267578125,158.0500030517578,159.9600067138672,10623800,0.0,0.0,0.0
2021-04-01 00:00:00-04:00,161.55999755859375,162.11000061035156,161.27999877929688,161.97999572753906,7105200,0.0,0.0,0.0
2021-04-05 00:00:00-04:00,161.52000427246094,162.39999389648438,161.36000061035156,161.9199981689453,6163800,0.0,0.0,0.0
2021-04-06 00:00:00-04:00,162.7899932861328,163.52999877929688,162.75,163.22000122070312,6761200,0.0,0.0,0.0
2021-04-07 00:00:00-04:00,162.82000732421875,163.30999755859375,162.5,162.75999450683594,5436000,0.0,0.0,0.0
2021-04-08 00:00:00-04:00,164.1699981689453,164.77000427246094,164.13999938964844,164.50999450683594,6574500,0.0,0.0,0.0
2021-04-09 00:00:00-04:00,162.75,163.66000366210938,162.47999572753906,163.27000427246094,6657900,0.0,0.0,0.0
2021-04-12 00:00:00-04:00,162.72999572753906,162.8000030517578,161.80999755859375,162.27999877929688,4896700,0.0,0.0,0.0
2021-04-13 00:00:00-04:00,163.17999267578125,163.85000610351562,163.02999877929688,163.42999267578125,6995900,0.0,0.0,0.0
2021-04-14 00:00:00-04:00,162.77000427246094,163.0500030517578,162.3000030517578,162.72000122070312,6312300,0.0,0.0,0.0
2021-04-15 00:00:00-04:00,164.07000732421875,165.7899932861328,164.02999877929688,165.35000610351562,8250600,0.0,0.0,0.0
2021-04-16 00:00:00-04:00,166.24000549316406,166.80999755859375,165.94000244140625,166.35000610351562,10057600,0.0,0.0,0.0
2021-04-19 00:00:00-04:00,165.91000366210938,166.44000244140625,165.72000122070312,165.88999938964844,5721700,0.0,0.0,0.0
2021-04-20 00:00:00-04:00,165.64999389648438,166.80999755859375,165.6199951171875,166.47999572753906,6532000,0.0,0.0,0.0
2021-04-21 00:00:00-04:00,167.17999267578125,168.38999938964844,167.14999389648438,168.1300048828125,8380200,0.0,0.0,0.0
2021-04-22 00:00:00-04:00,167.11000061035156,167.52999877929688,166.49000549316406,167.0399932861328,7680100,0.0,0.0,0.0
2021-04-23 00:00:00-04:00,167.3699951171875,167.52999877929688,165.77999877929688,166.39999389648438,7106400,0.0,0.0,0.0
2021-04-26 00:00:00-04:00,166.6300048828125,166.8699951171875,166.0500030517578,166.83999633789062,4786600,0.0,0.0,0.0
2021-04-27 00:00:00-04:00,166.9199981689453,167.14999389648438,166.27999877929688,166.4199981689453,5363500,0.0,0.0,0.0
2021-04-28 00:00:00-04:00,165.75,166.9600067138672,165.49000549316406,166.91000366210938,6932200,0.0,0.0,0.0
2021-04-29 00:00:00-04:00,165.5800018310547,166.25999450683594,164.47000122070312,166.22000122070312,9067600,0.0,0.0,0.0
2021-04-30 00:00:00-04:00,165.86000061035156,166.0,165.24000549316406,165.66000366210938,6248700,0.0,0.0,0.0
2021-05-03 00:00:00-04:00,167.61000061035156,168.42999267578125,167.41000366210938,167.80999755859375,9014700,0.0,0.0,0.0
2021-05-04 00:00:00-04:00,167.69000244140625,168.5500030517578,165.5,166.5800018310547,10267400,0.0,0.0,0.0
2021-05-05 00:00:00-04:00,166.6300048828125,167.30999755859375,166.61000061035156,167.27000427246094,5950000,0.0,0.0,0.0
2021-05-06 00:00:00-04:00,167.9499969482422,170.2899932861328,167.9199981689453,170.05999755859375,13574100,0.0,0.0,0.0
2021-05-07 00:00:00-04:00,171.52999877929688,172.5500030517578,171.0,171.58999633789062,14748600,0.0,0.0,0.0
2021-05-10 00:00:00-04:00,172.74000549316406,172.83999633789062,171.77999877929688,172.11000061035156,8276600,0.0,0.0,0.0
2021-05-11 00:00:00-04:00,170.55999755859375,172.1699981689453,170.27000427246094,172.13999938964844,8348200,0.0,0.0,0.0
2021-05-12 00:00:00-04:00,171.42999267578125,171.83999633789062,170.35000610351562,170.42999267578125,12666300,0.0,0.0,0.0
2021-05-13 00:00:00-04:00,170.35000610351562,171.27000427246094,170.22999572753906,171.1300048828125,8078300,0.0,0.0,0.0
2021-05-14 00:00:00-04:00,172.0500030517578,172.6999969482422,171.82000732421875,172.69000244140625,9686800,0.0,0.0,0.0
2021-05-17 00:00:00-04:00,173.3000030517578,175.0,173.27999877929688,174.6999969482422,11956800,0.0,0.0,0.0
2021-05-18 00:00:00-04:00,175.17999267578125,175.2100067138672,174.4600067138672,175.0399932861328,7294000,0.0,0.0,0.0
2021-05-19 00:00:00-04:00,175.13999938964844,177.0,174.35000610351562,175.16000366210938,20741100,0.0,0.0,0.0
2021-05-20 00:00:00-04:00,175.32000732421875,176.4600067138672,175.11000061035156,175.9600067138672,9802800,0.0,0.0,0.0
2021-05-21 00:00:00-04:00,176.5800018310547,176.86000061035156,175.14999389648438,176.0399932861328,7677200,0.0,0.0,0.0
2021-05-24 00:00:00-04:00,176.14999389648438,176.58999633789062,175.8699951171875,176.35000610351562,5557300,0.0,0.0,0.0
2021-05-25 00:00:00-04:00,176.14999389648438,177.9499969482422,176.0399932861328,177.9499969482422,8986900,0.0,0.0,0.0
2021-05-26 00:00:00-04:00,178.3699951171875,178.61000061035156,177.0399932861328,177.63999938964844,8495400,0.0,0.0,0.0
2021-05-27 00:00:00-04:00,177.38999938964844,177.82000732421875,176.80999755859375,177.7100067138672,7993000,0.0,0.0,0.0
2021-05-28 00:00:00-04:00,177.4600067138672,178.42999267578125,177.24000549316406,178.3800048828125,9967000,0.0,0.0,0.0
2021-06-01 00:00:00-04:00,178.75999450683594,178.85000610351562,177.19000244140625,177.89999389648438,9143300,0.0,0.0,0.0
2021-06-02 00:00:00-04:00,178.33999633789062,178.77999877929688,177.97000122070312,178.77000427246094,6613100,0.0,0.0,0.0
2021-06-03 00:00:00-04:00,175.8300018310547,175.8300018310547,174.66000366210938,175.27000427246094,10153900,0.0,0.0,0.0
2021-06-04 00:00:00-04:00,176.64999389648438,177.57000732421875,176.61000061035156,177.16000366210938,8375300,0.0,0.0,0.0
2021-06-07 00:00:00-04:00,176.9600067138672,177.89999389648438,176.6300048828125,177.8699951171875,7709100,0.0,0.0,0.0
2021-06-08 00:00:00-04:00,177.22999572753906,177.5399932861328,176.3699951171875,177.32000732421875,5905800,0.0,0.0,0.0
2021-06-09 00:00:00-04:00,177.3800048828125,177.8000030517578,176.77999877929688,176.97999572753906,6346100,0.0,0.0,0.0
2021-06-10 00:00:00-04:00,176.6999969482422,177.85000610351562,176.47999572753906,177.74000549316406,9896600,0.0,0.0,0.0
2021-06-11 00:00:00-04:00,176.3300018310547,176.57000732421875,175.47999572753906,175.74000549316406,7836900,0.0,0.0,0.0
2021-06-14 00:00:00-04:00,173.16000366210938,175.05999755859375,172.9499969482422,174.7100067138672,7733600,0.0,0.0,0.0
2021-06-15 00:00:00-04:00,174.77999877929688,174.9199981689453,173.33999633789062,174.0500030517578,7550200,0.0,0.0,0.0
2021-06-16 00:00:00-04:00,173.91000366210938,174.47000122070312,171.02999877929688,171.11000061035156,16919700,0.0,0.0,0.0
2021-06-17 00:00:00-04:00,167.02000427246094,167.6199951171875,165.44000244140625,165.85000610351562,27232200,0.0,0.0,0.0
2021-06-18 00:00:00-04:00,166.13999938964844,166.72000122070312,164.8699951171875,164.92999267578125,15744300,0.0,0.0,0.0
2021-06-21 00:00:00-04:00,166.52000427246094,167.22000122070312,166.0,166.9499969482422,8371000,0.0,0.0,0.0
2021-06-22 00:00:00-04:00,166.35000610351562,166.9199981689453,166.00999450683594,166.25,7223900,0.0,0.0,0.0
2021-06-23 00:00:00-04:00,166.97000122070312,168.02999877929688,165.97000122070312,166.13999938964844,8474300,0.0,0.0,0.0
2021-06-24 00:00:00-04:00,167.0,167.22999572753906,166.00999450683594,166.0399932861328,6903400,0.0,0.0,0.0
2021-06-25 00:00:00-04:00,167.4499969482422,167.52999877929688,166.2899932861328,166.58999633789062,7473700,0.0,0.0,0.0
2021-06-28 00:00:00-04:00,166.67999267578125,166.91000366210938,166.36000061035156,166.5800018310547,6508900,0.0,0.0,0.0
2021-06-29 00:00:00-04:00,164.33999633789062,165.27999877929688,164.00999450683594,164.8300018310547,7451400,0.0,0.0,0.0
2021-06-30 00:00:00-04:00,164.57000732421875,166.10000610351562,164.2899932861328,165.6300048828125,7955800,0.0,0.0,0.0
2021-07-01 00:00:00-04:00,166.64999389648438,166.8800048828125,165.5,166.1999969482422,7430500,0.0,0.0,0.0
2021-07-02 00:00:00-04:00,167.35000610351562,167.72000122070312,166.39999389648438,167.2899932861328,7873600,0.0,0.0,0.0
2021-07-06 00:00:00-04:00,169.27000427246094,169.64999389648438,167.5399932861328,168.1199951171875,7932100,0.0,0.0,0.0
2021-07-07 00:00:00-04:00,168.72000122070312,169.22999572753906,168.19000244140625,168.75999450683594,7108900,0.0,0.0,0.0
2021-07-08 00:00:00-04:00,169.82000732421875,169.86000061035156,167.91000366210938,168.64999389648438,7244300,0.0,0.0,0.0
2021-07-09 00:00:00-04:00,168.83999633789062,169.6199951171875,168.66000366210938,169.2100067138672,4997400,0.0,0.0,0.0
2021-07-12 00:00:00-04:00,168.6999969482422,169.16000366210938,167.63999938964844,169.0,7315400,0.0,0.0,0.0
2021-07-13 00:00:00-04:00,169.50999450683594,169.89999389648438,168.92999267578125,169.22000122070312,7040300,0.0,0.0,0.0
2021-07-14 00:00:00-04:00,170.91000366210938,171.0399932861328,170.27999877929688,171.0399932861328,8830300,0.0,0.0,0.0
2021-07-15 00:00:00-04:00,170.88999938964844,171.3000030517578,170.33999633789062,171.07000732421875,6520100,0.0,0.0,0.0
2021-07-16 00:00:00-04:00,170.64999389648438,170.9499969482422,169.27999877929688,169.41000366210938,9460300,0.0,0.0,0.0
2021-07-19 00:00:00-04:00,169.50999450683594,169.91000366210938,168.88999938964844,169.61000061035156,6707400,0.0,0.0,0.0
2021-07-20 00:00:00-04:00,170.50999450683594,170.8000030517578,168.9199981689453,169.38999938964844,6540100,0.0,0.0,0.0
2021-07-21 00:00:00-04:00,168.3300018310547,169.0,168.13999938964844,168.75999450683594,4622600,0.0,0.0,0.0
2021-07-22 00:00:00-04:00,168.49000549316406,169.19000244140625,168.05999755859375,169.08999633789062,4793600,0.0,0.0,0.0
2021-07-23 00:00:00-04:00,168.5,168.8800048828125,167.9499969482422,168.55999755859375,5831500,0.0,0.0,0.0
2021-07-26 00:00:00-04:00,168.5800018310547,168.86000061035156,168.0800018310547,168.16000366210938,5229800,0.0,0.0,0.0
2021-07-27 00:00:00-04:00,168.72999572753906,168.91000366210938,167.92999267578125,168.44000244140625,6300200,0.0,0.0,0.0
2021-07-28 00:00:00-04:00,168.25999450683594,169.3800048828125,167.72000122070312,169.2899932861328,7905800,0.0,0.0,0.0
2021-07-29 00:00:00-04:00,170.6999969482422,171.52000427246094,170.6699981689453,171.1699981689453,8119600,0.0,0.0,0.0
2021-07-30 00:00:00-04:00,170.72000122070312,170.99000549316406,169.3800048828125,169.82000732421875,7391700,0.0,0.0,0.0
2021-08-02 00:00:00-04:00,169.3000030517578,170.25,169.10000610351562,169.61000061035156,10783200,0.0,0.0,0.0
2021-08-03 00:00:00-04:00,169.4199981689453,169.8300018310547,169.2100067138672,169.49000549316406,5402300,0.0,0.0,0.0
2021-08-04 00:00:00-04:00,171.27999877929688,171.39999389648438,168.99000549316406,169.52999877929688,9796300,0.0,0.0,0.0
2021-08-05 00:00:00-04:00,169.3699951171875,169.44000244140625,168.1999969482422,168.86000061035156,8015000,0.0,0.0,0.0
2021-08-06 00:00:00-04:00,165.83999633789062,165.92999267578125,164.5500030517578,164.63999938964844,13547600,0.0,0.0,0.0
2021-08-09 00:00:00-04:00,163.00999450683594,163.2899932861328,161.25999450683594,161.72000122070312,11547000,0.0,0.0,0.0
2021-08-10 00:00:00-04:00,161.38999938964844,162.11000061035156,160.67999267578125,161.77000427246094,6870800,0.0,0.0,0.0
2021-08-11 00:00:00-04:00,163.14999389648438,164.1699981689453,162.67999267578125,164.0,7382400,0.0,0.0,0.0
2021-08-12 00:00:00-04:00,163.64999389648438,164.10000610351562,162.92999267578125,164.0399932861328,5211700,0.0,0.0,0.0
2021-08-13 00:00:00-04:00,165.02000427246094,166.4600067138672,164.88999938964844,166.38999938964844,7466900,0.0,0.0,0.0
2021-08-16 00:00:00-04:00,166.72999572753906,167.38999938964844,166.58999633789062,167.22000122070312,7776500,0.0,0.0,0.0
2021-08-17 00:00:00-04:00,167.2899932861328,167.72999572753906,166.55999755859375,166.97000122070312,7107000,0.0,0.0,0.0
2021-08-18 00:00:00-04:00,167.24000549316406,167.50999450683594,166.25999450683594,167.10000610351562,7697900,0.0,0.0,0.0
2021-08-19 00:00:00-04:00,167.24000549316406,167.2899932861328,166.16000366210938,166.61000061035156,6934300,0.0,0.0,0.0
2021-08-20 00:00:00-04:00,166.8000030517578,167.13999938964844,166.36000061035156,166.6999969482422,7154000,0.0,0.0,0.0
2021-08-23 00:00:00-04:00,168.82000732421875,168.91000366210938,167.9600067138672,168.72999572753906,8190500,0.0,0.0,0.0
2021-08-24 00:00:00-04:00,169.0399932861328,169.27000427246094,168.52000427246094,168.64999389648438,4519200,0.0,0.0,0.0
2021-08-25 00:00:00-04:00,167.8800048828125,167.9199981689453,166.74000549316406,167.47999572753906,5588800,0.0,0.0,0.0
2021-08-26 00:00:00-04:00,167.2100067138672,168.2100067138672,166.8300018310547,167.6699981689453,4371900,0.0,0.0,0.0
2021-08-27 00:00:00-04:00,167.5800018310547,170.19000244140625,166.8699951171875,170.19000244140625,10036400,0.0,0.0,0.0
2021-08-30 00:00:00-04:00,169.66000366210938,169.83999633789062,169.08999633789062,169.35000610351562,3768600,0.0,0.0,0.0
2021-08-31 00:00:00-04:00,169.22999572753906,169.9199981689453,168.75,169.69000244140625,6336000,0.0,0.0,0.0
2021-09-01 00:00:00-04:00,169.94000244140625,170.0,169.16000366210938,169.6999969482422,4764900,0.0,0.0,0.0
2021-09-02 00:00:00-04:00,169.5,169.6300048828125,168.82000732421875,169.25,4599800,0.0,0.0,0.0
2021-09-03 00:00:00-04:00,170.58999633789062,171.5500030517578,170.14999389648438,171.05999755859375,8353300,0.0,0.0,0.0
2021-09-07 00:00:00-04:00,169.55999755859375,169.77999877929688,167.6300048828125,167.7100067138672,10004600,0.0,0.0,0.0
2021-09-08 00:00:00-04:00,168.02000427246094,168.0800018310547,166.6999969482422,167.2899932861328,6576000,0.0,0.0,0.0
2021-09-09 00:00:00-04:00,168.1699981689453,168.27999877929688,166.8300018310547,168.02999877929688,6641400,0.0,0.0,0.0
2021-09-10 00:00:00-04:00,167.80999755859375,168.0800018310547,167.14999389648438,167.17999267578125,7426300,0.0,0.0,0.0
2021-09-13 00:00:00-04:00,167.4499969482422,168.22000122070312,167.39999389648438,167.74000549316406,5474300,0.0,0.0,0.0
2021-09-14 00:00:00-04:00,168.22000122070312,169.16000366210938,167.47999572753906,168.82000732421875,7922900,0.0,0.0,0.0
2021-09-15 00:00:00-04:00,168.1300048828125,168.36000061035156,167.4499969482422,167.8300018310547,5624900,0.0,0.0,0.0
2021-09-16 00:00:00-04:00,164.3800048828125,164.44000244140625,163.22999572753906,164.02999877929688,11780400,0.0,0.0,0.0
2021-09-17 00:00:00-04:00,163.86000061035156,164.32000732421875,163.39999389648438,163.77000427246094,8369700,0.0,0.0,0.0
2021-09-20 00:00:00-04:00,164.2899932861328,165.27999877929688,164.07000732421875,164.94000244140625,7566600,0.0,0.0,0.0
2021-09-21 00:00:00-04:00,165.80999755859375,166.6300048828125,165.49000549316406,166.0399932861328,7181500,0.0,0.0,0.0
2021-09-22 00:00:00-04:00,165.88999938964844,167.14999389648438,165.02999877929688,165.4199981689453,9777800,0.0,0.0,0.0
2021-09-23 00:00:00-04:00,164.10000610351562,164.1999969482422,163.27000427246094,163.50999450683594,8451900,0.0,0.0,0.0
2021-09-24 00:00:00-04:00,163.0,164.0,162.74000549316406,163.3000030517578,6937500,0.0,0.0,0.0
2021-09-27 00:00:00-04:00,163.85000610351562,164.36000061035156,163.50999450683594,163.63999938964844,4943000,0.0,0.0,0.0
2021-09-28 00:00:00-04:00,162.72999572753906,162.82000732421875,161.72999572753906,162.0500030517578,9282800,0.0,0.0,0.0
2021-09-29 00:00:00-04:00,162.35000610351562,162.74000549316406,160.97000122070312,161.32000732421875,8360700,0.0,0.0,0.0
2021-09-30 00:00:00-04:00,162.66000366210938,164.9499969482422,162.33999633789062,164.22000122070312,10572900,0.0,0.0,0.0
2021-10-01 00:00:00-04:00,164.27000427246094,164.9600067138672,163.88999938964844,164.58999633789062,6654700,0.0,0.0,0.0
2021-10-04 00:00:00-04:00,163.69000244140625,165.5399932861328,163.47000122070312,165.36000061035156,7651700,0.0,0.0,0.0
2021-10-05 00:00:00-04:00,163.94000244140625,164.85000610351562,163.49000549316406,164.58999633789062,5617300,0.0,0.0,0.0
2021-10-06 00:00:00-04:00,164.22999572753906,165.05999755859375,164.14999389648438,165.02999877929688,6067200,0.0,0.0,0.0
2021-10-07 00:00:00-04:00,164.02000427246094,164.85000610351562,163.9600067138672,164.16000366210938,4791500,0.0,0.0,0.0
2021-10-08 00:00:00-04:00,166.32000732421875,166.4199981689453,164.13999938964844,164.22999572753906,8536100,0.0,0.0,0.0
2021-10-11 00:00:00-04:00,164.0399932861328,164.5800018310547,163.91000366210938,163.9199981689453,3820100,0.0,0.0,0.0
2021-10-12 00:00:00-04:00,164.57000732421875,165.44000244140625,164.30999755859375,164.66000366210938,5453000,0.0,0.0,0.0
2021-10-13 00:00:00-04:00,165.27999877929688,167.9199981689453,165.27999877929688,167.58999633789062,11113800,0.0,0.0,0.0
2021-10-14 00:00:00-04:00,168.19000244140625,168.22000122070312,167.7100067138672,168.0,5081400,0.0,0.0,0.0
2021-10-15 00:00:00-04:00,165.38999938964844,166.08999633789062,165.10000610351562,165.3300018310547,8699200,0.0,0.0,0.0
2021-10-18 00:00:00-04:00,165.4199981689453,165.58999633789062,164.80999755859375,164.9199981689453,4029600,0.0,0.0,0.0
2021-10-19 00:00:00-04:00,166.5,166.5,165.1999969482422,165.4499969482422,6588500,0.0,0.0,0.0
2021-10-20 00:00:00-04:00,166.2100067138672,167.11000061035156,165.92999267578125,166.89999389648438,5022000,0.0,0.0,0.0
2021-10-21 00:00:00-04:00,166.6999969482422,166.94000244140625,166.24000549316406,166.75,4412400,0.0,0.0,0.0
2021-10-22 00:00:00-04:00,168.6699981689453,169.5399932861328,166.6699981689453,167.77000427246094,10703900,0.0,0.0,0.0
2021-10-25 00:00:00-04:00,168.66000366210938,169.2100067138672,168.52999877929688,168.92999267578125,4881300,0.0,0.0,0.0
2021-10-26 00:00:00-04:00,167.8800048828125,167.91000366210938,166.6300048828125,167.67999267578125,6658900,0.0,0.0,0.0
2021-10-27 00:00:00-04:00,167.72999572753906,168.1999969482422,166.86000061035156,168.1199951171875,5823100,0.0,0.0,0.0
2021-10-28 00:00:00-04:00,168.97999572753906,169.25,167.52999877929688,168.0800018310547,7000700,0.0,0.0,0.0
2021-10-29 00:00:00-04:00,166.2899932861328,166.72999572753906,165.63999938964844,166.64999389648438,7531900,0.0,0.0,0.0
2021-11-01 00:00:00-04:00,167.3800048828125,167.83999633789062,166.91000366210938,167.52000427246094,4975600,0.0,0.0,0.0
2021-11-02 00:00:00-04:00,167.42999267578125,167.6300048828125,166.9600067138672,167.16000366210938,3760700,0.0,0.0,0.0
2021-11-03 00:00:00-04:00,165.33999633789062,165.9499969482422,164.3800048828125,165.77000427246094,9055200,0.0,0.0,0.0
2021-11-04 00:00:00-04:00,167.50999450683594,168.13999938964844,167.3699951171875,167.64999389648438,6656100,0.0,0.0,0.0
2021-11-05 00:00:00-04:00,168.4199981689453,169.94000244140625,167.85000610351562,169.83999633789062,9368900,0.0,0.0,0.0
2021-11-08 00:00:00-05:00,170.42999267578125,170.6999969482422,170.05999755859375,170.4499969482422,4966100,0.0,0.0,0.0
2021-11-09 00:00:00-05:00,170.72999572753906,171.30999755859375,170.1199951171875,171.2899932861328,5781200,0.0,0.0,0.0
2021-11-10 00:00:00-05:00,173.6699981689453,174.64999389648438,172.11000061035156,173.14999389648438,11461800,0.0,0.0,0.0
2021-11-11 00:00:00-05:00,173.97999572753906,174.27000427246094,173.74000549316406,174.1199951171875,5959600,0.0,0.0,0.0
2021-11-12 00:00:00-05:00,173.50999450683594,174.6699981689453,173.39999389648438,174.4499969482422,7894800,0.0,0.0,0.0
2021-11-15 00:00:00-05:00,174.10000610351562,174.58999633789062,173.69000244140625,174.17999267578125,5630800,0.0,0.0,0.0
2021-11-16 00:00:00-05:00,173.97000122070312,174.47999572753906,172.86000061035156,172.9199981689453,8667300,0.0,0.0,0.0
2021-11-17 00:00:00-05:00,174.24000549316406,174.61000061035156,173.88999938964844,174.5,6523100,0.0,0.0,0.0
2021-11-18 00:00:00-05:00,173.9600067138672,174.36000061035156,173.52999877929688,173.94000244140625,6252000,0.0,0.0,0.0
2021-11-19 00:00:00-05:00,173.69000244140625,174.10000610351562,172.24000549316406,172.61000061035156,8785600,0.0,0.0,0.0
2021-11-22 00:00:00-05:00,169.89999389648438,170.44000244140625,168.4199981689453,168.74000549316406,13091900,0.0,0.0,0.0
2021-11-23 00:00:00-05:00,167.27999877929688,167.60000610351562,166.52999877929688,167.27999877929688,8047800,0.0,0.0,0.0
2021-11-24 00:00:00-05:00,166.5800018310547,167.44000244140625,166.32000732421875,167.1199951171875,5359500,0.0,0.0,0.0
2021-11-26 00:00:00-05:00,168.60000610351562,168.63999938964844,166.3699951171875,166.85000610351562,9605200,0.0,0.0,0.0
2021-11-29 00:00:00-05:00,166.83999633789062,167.25999450683594,166.3800048828125,166.6199951171875,7394900,0.0,0.0,0.0
2021-11-30 00:00:00-05:00,167.77000427246094,169.00999450683594,165.3699951171875,165.5,12925300,0.0,0.0,0.0
2021-12-01 00:00:00-05:00,166.83999633789062,167.47000122070312,166.05999755859375,166.16000366210938,7808600,0.0,0.0,0.0
2021-12-02 00:00:00-05:00,165.88999938964844,165.94000244140625,164.6300048828125,165.24000549316406,9604100,0.0,0.0,0.0
2021-12-03 00:00:00-05:00,165.49000549316406,166.92999267578125,165.0,166.6300048828125,9507900,0.0,0.0,0.0
2021-12-06 00:00:00-05:00,166.13999938964844,166.8000030517578,165.92999267578125,166.22000122070312,4813600,0.0,0.0,0.0
2021-12-07 00:00:00-05:00,166.1999969482422,167.0800018310547,166.17999267578125,166.80999755859375,4900700,0.0,0.0,0.0
2021-12-08 00:00:00-05:00,166.50999450683594,166.9600067138672,166.27999877929688,166.89999389648438,4288900,0.0,0.0,0.0
2021-12-09 00:00:00-05:00,166.5399932861328,166.5800018310547,165.64999389648438,165.8800048828125,4913800,0.0,0.0,0.0
2021-12-10 00:00:00-05:00,166.72000122070312,166.9199981689453,166.17999267578125,166.5800018310547,6450600,0.0,0.0,0.0
2021-12-13 00:00:00-05:00,166.89999389648438,167.25999450683594,166.6699981689453,167.0,6610700,0.0,0.0,0.0
2021-12-14 00:00:00-05:00,165.33999633789062,166.13999938964844,165.16000366210938,165.44000244140625,8637900,0.0,0.0,0.0
2021-12-15 00:00:00-05:00,165.27000427246094,166.39999389648438,163.8000030517578,166.14999389648438,14231200,0.0,0.0,0.0
2021-12-16 00:00:00-05:00,167.00999450683594,168.17999267578125,166.94000244140625,168.16000366210938,11186200,0.0,0.0,0.0
2021-12-17 00:00:00-05:00,168.72999572753906,169.1300048828125,167.77999877929688,167.8000030517578,9856900,0.0,0.0,0.0
2021-12-20 00:00:00-05:00,167.8800048828125,168.0,167.05999755859375,167.08999633789062,6973000,0.0,0.0,0.0
2021-12-21 00:00:00-05:00,167.69000244140625,167.77999877929688,166.74000549316406,167.02000427246094,4548500,0.0,0.0,0.0
2021-12-22 00:00:00-05:00,167.5800018310547,168.63999938964844,167.11000061035156,168.58999633789062,4672900,0.0,0.0,0.0
2021-12-23 00:00:00-05:00,168.69000244140625,169.16000366210938,168.00999450683594,168.97000122070312,4551100,0.0,0.0,0.0
2021-12-27 00:00:00-05:00,168.9600067138672,169.4199981689453,168.77999877929688,169.3699951171875,4760300,0.0,0.0,0.0
2021-12-28 00:00:00-05:00,169.3300018310547,169.64999389648438,168.6199951171875,168.63999938964844,4541900,0.0,0.0,0.0
2021-12-29 00:00:00-05:00,167.36000061035156,168.69000244140625,167.27999877929688,168.58999633789062,5889700,0.0,0.0,0.0
2021-12-30 00:00:00-05:00,168.42999267578125,169.80999755859375,168.3699951171875,169.8000030517578,5426300,0.0,0.0,0.0
2021-12-31 00:00:00-05:00,170.52999877929688,171.0399932861328,170.0399932861328,170.9600067138672,7039300,0.0,0.0,0.0
2022-01-03 00:00:00-05:00,168.86000061035156,169.00999450683594,168.0,168.3300018310547,9014400,0.0,0.0,0.0
2022-01-04 00:00:00-05:00,168.89999389648438,169.72000122070312,168.72999572753906,169.57000732421875,6965600,0.0,0.0,0.0
2022-01-05 00:00:00-05:00,170.6199951171875,170.92999267578125,168.89999389648438,169.05999755859375,8715600,0.0,0.0,0.0
2022-01-06 00:00:00-05:00,167.16000366210938,167.75,166.86000061035156,166.99000549316406,10902700,0.0,0.0,0.0
2022-01-07 00:00:00-05:00,167.3699951171875,168.00999450683594,166.86000061035156,167.75,8191900,0.0,0.0,0.0
2022-01-10 00:00:00-05:00,167.36000061035156,168.3000030517578,167.30999755859375,168.25999450683594,7026500,0.0,0.0,0.0
2022-01-11 00:00:00-05:00,168.44000244140625,170.30999755859375,168.3699951171875,170.2899932861328,8369000,0.0,0.0,0.0
2022-01-12 00:00:00-05:00,170.19000244140625,170.75,170.00999450683594,170.74000549316406,6280700,0.0,0.0,0.0
2022-01-13 00:00:00-05:00,170.08999633789062,170.22000122070312,169.27000427246094,170.16000366210938,7034200,0.0,0.0,0.0
2022-01-14 00:00:00-05:00,170.22000122070312,170.55999755859375,169.47999572753906,169.6699981689453,7865900,0.0,0.0,0.0
2022-01-18 00:00:00-05:00,169.63999938964844,170.00999450683594,169.08999633789062,169.38999938964844,9322800,0.0,0.0,0.0
2022-01-19 00:00:00-05:00,170.38999938964844,172.19000244140625,170.1999969482422,172.0800018310547,15784500,0.0,0.0,0.0
2022-01-20 00:00:00-05:00,172.30999755859375,172.60000610351562,171.58999633789062,171.64999389648438,9570500,0.0,0.0,0.0
2022-01-21 00:00:00-05:00,172.0399932861328,172.1199951171875,170.74000549316406,171.08999633789062,10982500,0.0,0.0,0.0
2022-01-24 00:00:00-05:00,171.77999877929688,172.13999938964844,170.85000610351562,172.02999877929688,15727700,0.0,0.0,0.0
2022-01-25 00:00:00-05:00,171.9499969482422,173.14999389648438,171.77999877929688,172.5800018310547,17382100,0.0,0.0,0.0
2022-01-26 00:00:00-05:00,171.38999938964844,171.72999572753906,169.47999572753906,169.7899932861328,17799400,0.0,0.0,0.0
2022-01-27 00:00:00-05:00,168.02000427246094,169.08999633789062,167.3300018310547,167.60000610351562,15867300,0.0,0.0,0.0
2022-01-28 00:00:00-05:00,166.55999755859375,167.4600067138672,166.3699951171875,167.10000610351562,9782500,0.0,0.0,0.0
2022-01-31 00:00:00-05:00,167.7899932861328,168.13999938964844,167.4600067138672,168.08999633789062,8539300,0.0,0.0,0.0
2022-02-01 00:00:00-05:00,168.57000732421875,168.85000610351562,167.8699951171875,168.22999572753906,9763900,0.0,0.0,0.0
2022-02-02 00:00:00-05:00,168.33999633789062,169.1199951171875,168.16000366210938,168.83999633789062,9085300,0.0,0.0,0.0
2022-02-03 00:00:00-05:00,168.30999755859375,168.82000732421875,167.02999877929688,168.60000610351562,10650800,0.0,0.0,0.0
2022-02-04 00:00:00-05:00,168.0399932861328,169.10000610351562,167.99000549316406,168.86000061035156,9619600,0.0,0.0,0.0
2022-02-07 00:00:00-05:00,169.4499969482422,170.3000030517578,169.19000244140625,170.11000061035156,7796900,0.0,0.0,0.0
2022-02-08 00:00:00-05:00,170.10000610351562,170.77999877929688,169.9499969482422,170.6300048828125,5802000,0.0,0.0,0.0
2022-02-09 00:00:00-05:00,170.67999267578125,171.4199981689453,170.5500030517578,171.2100067138672,8002800,0.0,0.0,0.0
2022-02-10 00:00:00-05:00,170.52000427246094,171.99000549316406,170.4600067138672,170.55999755859375,10693500,0.0,0.0,0.0
2022-02-11 00:00:00-05:00,170.75,174.1999969482422,170.7100067138672,173.80999755859375,25741500,0.0,0.0,0.0
2022-02-14 00:00:00-05:00,173.77999877929688,175.0,173.67999267578125,174.74000549316406,13650700,0.0,0.0,0.0
2022-02-15 00:00:00-05:00,173.10000610351562,173.33999633789062,172.38999938964844,173.0800018310547,12603600,0.0,0.0,0.0
2022-02-16 00:00:00-05:00,173.49000549316406,174.86000061035156,173.47999572753906,174.86000061035156,12772100,0.0,0.0,0.0
2022-02-17 00:00:00-05:00,176.6999969482422,177.52999877929688,176.38999938964844,177.25,18612500,0.0,0.0,0.0
2022-02-18 00:00:00-05:00,177.07000732421875,177.25,176.50999450683594,177.1199951171875,12760700,0.0,0.0,0.0
2022-02-22 00:00:00-05:00,177.6699981689453,178.07000732421875,176.82000732421875,177.49000549316406,14960500,0.0,0.0,0.0
2022-02-23 00:00:00-05:00,177.38999938964844,178.38999938964844,177.36000061035156,178.2899932861328,11772200,0.0,0.0,0.0
2022-02-24 00:00:00-05:00,182.58999633789062,182.60000610351562,175.27000427246094,177.13999938964844,32726000,0.0,0.0,0.0
2022-02-25 00:00:00-05:00,176.4199981689453,176.7899932861328,175.7899932861328,176.5500030517578,11530900,0.0,0.0,0.0
2022-02-28 00:00:00-05:00,178.86000061035156,178.99000549316406,176.5,178.3800048828125,16055800,0.0,0.0,0.0
2022-03-01 00:00:00-05:00,179.0500030517578,181.75999450683594,179.02999877929688,181.6199951171875,21942100,0.0,0.0,0.0
2022-03-02 00:00:00-05:00,180.1300048828125,180.7100067138672,178.7899932861328,179.72999572753906,19727200,0.0,0.0,0.0
2022-03-03 00:00:00-05:00,179.9600067138672,181.3000030517578,179.5,180.8000030517578,15164400,0.0,0.0,0.0
2022-03-04 00:00:00-05:00,182.11000061035156,183.97999572753906,181.36000061035156,183.67999267578125,22390100,0.0,0.0,0.0
2022-03-07 00:00:00-05:00,184.4499969482422,186.63999938964844,184.22000122070312,186.41000366210938,27951800,0.0,0.0,0.0
2022-03-08 00:00:00-05:00,188.35000610351562,193.3000030517578,188.25999450683594,191.50999450683594,47347700,0.0,0.0,0.0
2022-03-09 00:00:00-05:00,186.0399932861328,187.22999572753906,184.75999450683594,185.82000732421875,26839700,0.0,0.0,0.0
2022-03-10 00:00:00-05:00,186.8800048828125,187.3800048828125,184.99000549316406,186.39999389648438,18455200,0.0,0.0,0.0
2022-03-11 00:00:00-05:00,183.74000549316406,185.77999877929688,183.44000244140625,185.08999633789062,14824700,0.0,0.0,0.0
2022-03-14 00:00:00-04:00,183.02999877929688,183.2899932861328,181.9499969482422,182.3000030517578,13186400,0.0,0.0,0.0
2022-03-15 00:00:00-04:00,179.10000610351562,180.27000427246094,178.00999450683594,178.88999938964844,16962300,0.0,0.0,0.0
2022-03-16 00:00:00-04:00,179.1300048828125,180.1199951171875,176.8699951171875,180.00999450683594,17548100,0.0,0.0,0.0
2022-03-17 00:00:00-04:00,181.16000366210938,182.02999877929688,180.64999389648438,180.88999938964844,10954100,0.0,0.0,0.0
2022-03-18 00:00:00-04:00,179.92999267578125,180.92999267578125,179.0399932861328,179.3000030517578,13996500,0.0,0.0,0.0
2022-03-21 00:00:00-04:00,179.3300018310547,181.2899932861328,179.32000732421875,180.6699981689453,10582200,0.0,0.0,0.0
2022-03-22 00:00:00-04:00,179.60000610351562,179.7100067138672,178.32000732421875,179.36000061035156,9621800,0.0,0.0,0.0
2022-03-23 00:00:00-04:00,180.2899932861328,181.88999938964844,179.75999450683594,181.80999755859375,12557300,0.0,0.0,0.0
2022-03-24 00:00:00-04:00,182.35000610351562,183.50999450683594,181.77000427246094,183.1300048828125,10970100,0.0,0.0,0.0
2022-03-25 00:00:00-04:00,181.80999755859375,183.1300048828125,181.35000610351562,182.3800048828125,7911100,0.0,0.0,0.0
2022-03-28 00:00:00-04:00,180.3800048828125,181.3300018310547,178.85000610351562,179.05999755859375,9489700,0.0,0.0,0.0
2022-03-29 00:00:00-04:00,177.02000427246094,179.3300018310547,176.69000244140625,179.13999938964844,10458900,0.0,0.0,0.0
2022-03-30 00:00:00-04:00,179.75999450683594,180.9199981689453,179.67999267578125,180.5800018310547,8361300,0.0,0.0,0.0
2022-03-31 00:00:00-04:00,180.91000366210938,181.9600067138672,180.55999755859375,180.64999389648438,9844400,0.0,0.0,0.0
2022-04-01 00:00:00-04:00,179.5500030517578,180.4600067138672,178.97999572753906,179.5,13034400,0.0,0.0,0.0
2022-04-04 00:00:00-04:00,180.24000549316406,180.80999755859375,179.5800018310547,180.3699951171875,7063100,0.0,0.0,0.0
2022-04-05 00:00:00-04:00,180.91000366210938,181.49000549316406,178.92999267578125,179.24000549316406,10828500,0.0,0.0,0.0
2022-04-06 00:00:00-04:00,179.77999877929688,180.30999755859375,178.6999969482422,179.66000366210938,8942100,0.0,0.0,0.0
2022-04-07 00:00:00-04:00,179.8699951171875,180.8800048828125,179.8000030517578,180.33999633789062,10140600,0.0,0.0,0.0
2022-04-08 00:00:00-04:00,180.52000427246094,181.82000732421875,180.52000427246094,181.47000122070312,10655700,0.0,0.0,0.0
2022-04-11 00:00:00-04:00,183.1699981689453,183.3300018310547,181.11000061035156,182.3699951171875,10071300,0.0,0.0,0.0
2022-04-12 00:00:00-04:00,184.0399932861328,184.63999938964844,182.9600067138672,183.77000427246094,12024600,0.0,0.0,0.0
2022-04-13 00:00:00-04:00,184.5,184.94000244140625,184.1300048828125,184.64999389648438,8651600,0.0,0.0,0.0
2022-04-14 00:00:00-04:00,184.27999877929688,184.41000366210938,182.8800048828125,184.0399932861328,11567200,0.0,0.0,0.0
2022-04-18 00:00:00-04:00,185.9499969482422,186.10000610351562,184.38999938964844,184.61000061035156,8886700,0.0,0.0,0.0
2022-04-19 00:00:00-04:00,183.19000244140625,183.64999389648438,181.3300018310547,181.82000732421875,12585600,0.0,0.0,0.0
2022-04-20 00:00:00-04:00,181.58999633789062,182.72000122070312,181.35000610351562,182.7100067138672,7038600,0.0,0.0,0.0
2022-04-21 00:00:00-04:00,181.77000427246094,182.32000732421875,180.77999877929688,182.05999755859375,9639800,0.0,0.0,0.0
2022-04-22 00:00:00-04:00,180.72000122070312,181.61000061035156,179.74000549316406,180.2899932861328,9147000,0.0,0.0,0.0
2022-04-25 00:00:00-04:00,177.1699981689453,177.50999450683594,176.47999572753906,177.0500030517578,13073700,0.0,0.0,0.0
2022-04-26 00:00:00-04:00,177.9499969482422,178.3000030517578,176.9199981689453,177.32000732421875,9042400,0.0,0.0,0.0
2022-04-27 00:00:00-04:00,176.4600067138672,176.63999938964844,175.5,175.97999572753906,8854700,0.0,0.0,0.0
2022-04-28 00:00:00-04:00,175.9199981689453,176.97000122070312,175.69000244140625,176.92999267578125,6381100,0.0,0.0,0.0
2022-04-29 00:00:00-04:00,178.07000732421875,178.6199951171875,176.7100067138672,176.91000366210938,7719700,0.0,0.0,0.0
2022-05-02 00:00:00-04:00,173.61000061035156,174.64999389648438,172.97999572753906,173.6300048828125,14318600,0.0,0.0,0.0
2022-05-03 00:00:00-04:00,173.88999938964844,175.2100067138672,173.85000610351562,174.08999633789062,7214300,0.0,0.0,0.0
2022-05-04 00:00:00-04:00,174.32000732421875,176.35000610351562,173.6699981689453,175.8000030517578,10491700,0.0,0.0,0.0
2022-05-05 00:00:00-04:00,177.55999755859375,177.61000061035156,174.66000366210938,175.1300048828125,12794200,0.0,0.0,0.0
2022-05-06 00:00:00-04:00,175.38999938964844,176.55999755859375,174.86000061035156,175.4199981689453,7643300,0.0,0.0,0.0
2022-05-09 00:00:00-04:00,174.27000427246094,174.27000427246094,172.7899932861328,172.8800048828125,10742400,0.0,0.0,0.0
2022-05-10 00:00:00-04:00,173.8000030517578,173.9600067138672,171.1999969482422,171.4199981689453,11010400,0.0,0.0,0.0
2022-05-11 00:00:00-04:00,172.50999450683594,173.32000732421875,172.1999969482422,172.82000732421875,9179600,0.0,0.0,0.0
2022-05-12 00:00:00-04:00,172.07000732421875,172.39999389648438,169.89999389648438,170.1699981689453,11626800,0.0,0.0,0.0
2022-05-13 00:00:00-04:00,168.30999755859375,169.6199951171875,168.00999450683594,168.7899932861328,13031100,0.0,0.0,0.0
2022-05-16 00:00:00-04:00,168.42999267578125,170.42999267578125,168.33999633789062,170.39999389648438,7319300,0.0,0.0,0.0
2022-05-17 00:00:00-04:00,170.44000244140625,170.52999877929688,169.13999938964844,169.3300018310547,6441100,0.0,0.0,0.0
2022-05-18 00:00:00-04:00,169.00999450683594,170.2100067138672,168.80999755859375,169.4199981689453,7472900,0.0,0.0,0.0
2022-05-19 00:00:00-04:00,171.5500030517578,172.52000427246094,170.88999938964844,171.91000366210938,10580300,0.0,0.0,0.0
2022-05-20 00:00:00-04:00,171.7100067138672,172.24000549316406,170.88999938964844,172.02999877929688,6578100,0.0,0.0,0.0
2022-05-23 00:00:00-04:00,173.1300048828125,173.3800048828125,172.27999877929688,172.8300018310547,5518500,0.0,0.0,0.0
2022-05-24 00:00:00-04:00,173.47000122070312,174.41000366210938,173.35000610351562,174.1300048828125,6794000,0.0,0.0,0.0
2022-05-25 00:00:00-04:00,172.7899932861328,173.16000366210938,171.72999572753906,173.0800018310547,4595900,0.0,0.0,0.0
2022-05-26 00:00:00-04:00,172.1300048828125,172.92999267578125,171.75999450683594,172.75999450683594,6467000,0.0,0.0,0.0
2022-05-27 00:00:00-04:00,173.49000549316406,173.52000427246094,172.63999938964844,172.85000610351562,3847900,0.0,0.0,0.0
2022-05-31 00:00:00-04:00,172.7100067138672,173.07000732421875,171.0800018310547,171.13999938964844,6244000,0.0,0.0,0.0
2022-06-01 00:00:00-04:00,172.2100067138672,172.52999877929688,171.38999938964844,172.22999572753906,6946500,0.0,0.0,0.0
2022-06-02 00:00:00-04:00,173.66000366210938,174.4499969482422,173.49000549316406,174.35000610351562,5623100,0.0,0.0,0.0
2022-06-03 00:00:00-04:00,173.52999877929688,173.97000122070312,172.25,172.5800018310547,5519400,0.0,0.0,0.0
2022-06-06 00:00:00-04:00,172.80999755859375,172.88999938964844,171.64999389648438,171.82000732421875,3766000,0.0,0.0,0.0
2022-06-07 00:00:00-04:00,172.11000061035156,173.0500030517578,171.99000549316406,172.94000244140625,3860000,0.0,0.0,0.0
2022-06-08 00:00:00-04:00,172.88999938964844,173.4499969482422,172.6699981689453,172.77999877929688,5140800,0.0,0.0,0.0
2022-06-09 00:00:00-04:00,172.4499969482422,172.58999633789062,171.5800018310547,172.22999572753906,4701100,0.0,0.0,0.0
2022-06-10 00:00:00-04:00,170.88999938964844,174.94000244140625,170.4600067138672,174.5399932861328,16856100,0.0,0.0,0.0
2022-06-13 00:00:00-04:00,171.17999267578125,171.33999633789062,169.61000061035156,169.92999267578125,13265200,0.0,0.0,0.0
2022-06-14 00:00:00-04:00,169.61000061035156,169.72999572753906,168.3000030517578,168.57000732421875,7347900,0.0,0.0,0.0
2022-06-15 00:00:00-04:00,170.39999389648438,171.83999633789062,169.0800018310547,170.77000427246094,9000300,0.0,0.0,0.0
2022-06-16 00:00:00-04:00,170.55999755859375,172.77000427246094,170.1699981689453,172.69000244140625,8823600,0.0,0.0,0.0
2022-06-17 00:00:00-04:00,172.14999389648438,172.3000030517578,170.97000122070312,171.27000427246094,7407200,0.0,0.0,0.0
2022-06-21 00:00:00-04:00,171.05999755859375,171.91000366210938,170.47000122070312,170.6300048828125,5608500,0.0,0.0,0.0
2022-06-22 00:00:00-04:00,171.61000061035156,172.3000030517578,171.10000610351562,171.30999755859375,6558700,0.0,0.0,0.0
2022-06-23 00:00:00-04:00,171.38999938964844,172.1300048828125,169.89999389648438,170.25999450683594,6535300,0.0,0.0,0.0
2022-06-24 00:00:00-04:00,170.24000549316406,170.74000549316406,169.85000610351562,170.08999633789062,6143100,0.0,0.0,0.0
2022-06-27 00:00:00-04:00,170.60000610351562,170.6699981689453,169.75,169.89999389648438,5719700,0.0,0.0,0.0
2022-06-28 00:00:00-04:00,170.07000732421875,170.2100067138672,169.50999450683594,169.6199951171875,2982700,0.0,0.0,0.0
2022-06-29 00:00:00-04:00,170.5800018310547,170.6999969482422,169.1699981689453,169.49000549316406,4785600,0.0,0.0,0.0
2022-06-30 00:00:00-04:00,169.50999450683594,169.9600067138672,168.24000549316406,168.4600067138672,9144400,0.0,0.0,0.0
2022-07-01 00:00:00-04:00,167.13999938964844,168.67999267578125,166.9600067138672,168.32000732421875,11380300,0.0,0.0,0.0
2022-07-05 00:00:00-04:00,167.17999267578125,167.3300018310547,164.41000366210938,164.75,14035400,0.0,0.0,0.0
2022-07-06 00:00:00-04:00,164.32000732421875,164.57000732421875,161.47000122070312,162.13999938964844,11861100,0.0,0.0,0.0
2022-07-07 00:00:00-04:00,162.42999267578125,163.0399932861328,162.05999755859375,162.22999572753906,4588400,0.0,0.0,0.0
2022-07-08 00:00:00-04:00,162.35000610351562,163.3800048828125,161.83999633789062,162.3000030517578,4584100,0.0,0.0,0.0
2022-07-11 00:00:00-04:00,161.92999267578125,162.44000244140625,161.3800048828125,161.42999267578125,4321700,0.0,0.0,0.0
2022-07-12 00:00:00-04:00,161.22000122070312,161.6199951171875,160.72000122070312,160.8300018310547,5375100,0.0,0.0,0.0
2022-07-13 00:00:00-04:00,160.10000610351562,162.7100067138672,160.05999755859375,161.60000610351562,8456600,0.0,0.0,0.0
2022-07-14 00:00:00-04:00,159.02000427246094,159.8300018310547,158.22000122070312,159.3300018310547,12213600,0.0,0.0,0.0
2022-07-15 00:00:00-04:00,159.00999450683594,159.25,158.35000610351562,159.00999450683594,6783800,0.0,0.0,0.0
2022-07-18 00:00:00-04:00,160.0800018310547,160.42999267578125,159.0500030517578,159.16000366210938,5791800,0.0,0.0,0.0
2022-07-19 00:00:00-04:00,159.47000122070312,159.8699951171875,159.3300018310547,159.5399932861328,3796200,0.0,0.0,0.0
2022-07-20 00:00:00-04:00,159.7100067138672,159.82000732421875,158.02999877929688,158.0399932861328,4795800,0.0,0.0,0.0
2022-07-21 00:00:00-04:00,158.30999755859375,160.30999755859375,158.27000427246094,160.27000427246094,5863300,0.0,0.0,0.0
2022-07-22 00:00:00-04:00,160.5500030517578,162.1300048828125,160.35000610351562,160.6699981689453,5733800,0.0,0.0,0.0
2022-07-25 00:00:00-04:00,160.63999938964844,160.6999969482422,159.80999755859375,160.22999572753906,3713400,0.0,0.0,0.0
2022-07-26 00:00:00-04:00,160.22999572753906,160.5,159.7899932861328,160.0399932861328,2672800,0.0,0.0,0.0
2022-07-27 00:00:00-04:00,160.02000427246094,162.2100067138672,159.50999450683594,161.6699981689453,5766100,0.0,0.0,0.0
2022-07-28 00:00:00-04:00,163.30999755859375,163.75999450683594,162.8800048828125,163.63999938964844,5606400,0.0,0.0,0.0
2022-07-29 00:00:00-04:00,163.88999938964844,164.69000244140625,163.27999877929688,164.10000610351562,7537300,0.0,0.0,0.0
2022-08-01 00:00:00-04:00,164.97999572753906,165.41000366210938,164.41000366210938,165.02999877929688,4666900,0.0,0.0,0.0
2022-08-02 00:00:00-04:00,165.66000366210938,166.4600067138672,164.02000427246094,164.0500030517578,5725400,0.0,0.0,0.0
2022-08-03 00:00:00-04:00,164.77000427246094,164.91000366210938,163.47999572753906,164.4499969482422,4417800,0.0,0.0,0.0
2022-08-04 00:00:00-04:00,165.52999877929688,167.30999755859375,165.33999633789062,167.1699981689453,5502000,0.0,0.0,0.0
2022-08-05 00:00:00-04:00,164.99000549316406,165.83999633789062,164.8699951171875,165.2899932861328,6023300,0.0,0.0,0.0
2022-08-08 00:00:00-04:00,166.02999877929688,166.80999755859375,165.92999267578125,166.69000244140625,3456300,0.0,0.0,0.0
2022-08-09 00:00:00-04:00,167.47999572753906,167.8000030517578,166.82000732421875,167.1999969482422,3205500,0.0,0.0,0.0
2022-08-10 00:00:00-04:00,167.38999938964844,167.97999572753906,166.6199951171875,166.77999877929688,4077300,0.0,0.0,0.0
2022-08-11 00:00:00-04:00,167.16000366210938,167.66000366210938,166.30999755859375,166.33999633789062,4446000,0.0,0.0,0.0
2022-08-12 00:00:00-04:00,167.1699981689453,167.94000244140625,166.8300018310547,167.8699951171875,5151700,0.0,0.0,0.0
2022-08-15 00:00:00-04:00,165.99000549316406,166.25,165.44000244140625,165.7100067138672,5236100,0.0,0.0,0.0
2022-08-16 00:00:00-04:00,165.30999755859375,165.72000122070312,165.17999267578125,165.4199981689453,4291500,0.0,0.0,0.0
2022-08-17 00:00:00-04:00,165.2100067138672,165.22999572753906,163.9499969482422,164.35000610351562,5569100,0.0,0.0,0.0
2022-08-18 00:00:00-04:00,164.60000610351562,164.91000366210938,163.5399932861328,163.9199981689453,3646100,0.0,0.0,0.0
2022-08-19 00:00:00-04:00,163.64999389648438,163.74000549316406,162.6199951171875,162.72000122070312,8173000,0.0,0.0,0.0
2022-08-22 00:00:00-04:00,161.66000366210938,162.1199951171875,161.36000061035156,161.63999938964844,4458100,0.0,0.0,0.0
2022-08-23 00:00:00-04:00,161.9600067138672,163.42999267578125,161.91000366210938,162.77000427246094,4425100,0.0,0.0,0.0
2022-08-24 00:00:00-04:00,162.44000244140625,163.61000061035156,162.3699951171875,163.25,3202400,0.0,0.0,0.0
2022-08-25 00:00:00-04:00,163.97000122070312,163.99000549316406,163.24000549316406,163.75,2857500,0.0,0.0,0.0
2022-08-26 00:00:00-04:00,163.1199951171875,163.61000061035156,161.5500030517578,161.75999450683594,6689300,0.0,0.0,0.0
2022-08-29 00:00:00-04:00,161.8800048828125,162.6199951171875,161.6999969482422,161.86000061035156,4702300,0.0,0.0,0.0
2022-08-30 00:00:00-04:00,161.27000427246094,161.42999267578125,160.33999633789062,160.50999450683594,4856600,0.0,0.0,0.0
2022-08-31 00:00:00-04:00,159.5,160.57000732421875,159.25999450683594,159.27000427246094,5438600,0.0,0.0,0.0
2022-09-01 00:00:00-04:00,158.1699981689453,158.38999938964844,157.32000732421875,157.8699951171875,7390800,0.0,0.0,0.0
2022-09-02 00:00:00-04:00,159.35000610351562,160.05999755859375,159.13999938964844,159.25999450683594,5196900,0.0,0.0,0.0
2022-09-06 00:00:00-04:00,159.1699981689453,159.4600067138672,158.32000732421875,158.3300018310547,4863800,0.0,0.0,0.0
2022-09-07 00:00:00-04:00,158.14999389648438,160.14999389648438,158.0800018310547,159.94000244140625,3981400,0.0,0.0,0.0
2022-09-08 00:00:00-04:00,159.5399932861328,159.86000061035156,158.7100067138672,158.97999572753906,4607100,0.0,0.0,0.0
2022-09-09 00:00:00-04:00,159.72000122070312,160.24000549316406,159.41000366210938,159.82000732421875,3927800,0.0,0.0,0.0
2022-09-12 00:00:00-04:00,161.0399932861328,161.6199951171875,160.5500030517578,160.6300048828125,4537500,0.0,0.0,0.0
2022-09-13 00:00:00-04:00,158.47000122070312,159.27000427246094,158.38999938964844,158.5399932861328,6526400,0.0,0.0,0.0
2022-09-14 00:00:00-04:00,158.67999267578125,158.97999572753906,157.72999572753906,157.92999267578125,6091100,0.0,0.0,0.0
2022-09-15 00:00:00-04:00,156.75999450683594,157.49000549316406,154.6199951171875,154.97999572753906,13181200,0.0,0.0,0.0
2022-09-16 00:00:00-04:00,154.66000366210938,156.55999755859375,154.33999633789062,155.83999633789062,7141200,0.0,0.0,0.0
2022-09-19 00:00:00-04:00,154.8699951171875,156.0399932861328,154.82000732421875,155.9600067138672,5582800,0.0,0.0,0.0
2022-09-20 00:00:00-04:00,155.02999877929688,155.22999572753906,154.58999633789062,155.07000732421875,5943700,0.0,0.0,0.0
2022-09-21 00:00:00-04:00,155.97000122070312,157.25,154.00999450683594,155.7899932861328,7816100,0.0,0.0,0.0
2022-09-22 00:00:00-04:00,156.25999450683594,156.47999572753906,155.30999755859375,155.6999969482422,5975200,0.0,0.0,0.0
2022-09-23 00:00:00-04:00,153.89999389648438,154.0,152.63999938964844,153.00999450683594,9598000,0.0,0.0,0.0
2022-09-26 00:00:00-04:00,153.22000122070312,153.50999450683594,151.02999877929688,151.22999572753906,8240500,0.0,0.0,0.0
2022-09-27 00:00:00-04:00,152.25,152.72999572753906,151.5,151.5399932861328,7151300,0.0,0.0,0.0
2022-09-28 00:00:00-04:00,153.1999969482422,154.8800048828125,152.92999267578125,154.69000244140625,8977200,0.0,0.0,0.0
2022-09-29 00:00:00-04:00,154.13999938964844,155.02999877929688,153.16000366210938,154.66000366210938,6317000,0.0,0.0,0.0
2022-09-30 00:00:00-04:00,154.94000244140625,156.0399932861328,154.57000732421875,154.6699981689453,6832400,0.0,0.0,0.0
2022-10-03 00:00:00-04:00,155.44000244140625,158.47999572753906,155.22999572753906,158.42999267578125,10362200,0.0,0.0,0.0
2022-10-04 00:00:00-04:00,159.17999267578125,161.0800018310547,158.9199981689453,160.6999969482422,8024500,0.0,0.0,0.0
2022-10-05 00:00:00-04:00,159.32000732421875,160.0800018310547,158.3800048828125,159.80999755859375,5296300,0.0,0.0,0.0
2022-10-06 00:00:00-04:00,159.41000366210938,159.94000244140625,158.9499969482422,159.6300048828125,5712600,0.0,0.0,0.0
2022-10-07 00:00:00-04:00,158.4600067138672,158.97999572753906,157.67999267578125,157.8800048828125,5030000,0.0,0.0,0.0
2022-10-10 00:00:00-04:00,155.94000244140625,156.35000610351562,155.1199951171875,155.47999572753906,6110800,0.0,0.0,0.0
2022-10-11 00:00:00-04:00,155.49000549316406,156.80999755859375,154.9199981689453,155.16000366210938,5306700,0.0,0.0,0.0
2022-10-12 00:00:00-04:00,155.50999450683594,156.2899932861328,155.25999450683594,155.99000549316406,3998500,0.0,0.0,0.0
2022-10-13 00:00:00-04:00,153.47999572753906,155.72999572753906,152.9199981689453,154.91000366210938,7083800,0.0,0.0,0.0
2022-10-14 00:00:00-04:00,154.02000427246094,154.1999969482422,152.72000122070312,152.97999572753906,5471900,0.0,0.0,0.0
2022-10-17 00:00:00-04:00,154.9199981689453,155.3300018310547,153.32000732421875,153.4199981689453,4348000,0.0,0.0,0.0
2022-10-18 00:00:00-04:00,154.0800018310547,154.24000549316406,153.24000549316406,153.75,4528400,0.0,0.0,0.0
2022-10-19 00:00:00-04:00,152.08999633789062,152.49000549316406,151.5399932861328,151.69000244140625,8257100,0.0,0.0,0.0
2022-10-20 00:00:00-04:00,151.9199981689453,153.22999572753906,151.27000427246094,151.4499969482422,5019800,0.0,0.0,0.0
2022-10-21 00:00:00-04:00,151.97999572753906,154.30999755859375,151.8300018310547,154.14999389648438,6898400,0.0,0.0,0.0
2022-10-24 00:00:00-04:00,153.4499969482422,154.05999755859375,153.05999755859375,153.64999389648438,4673300,0.0,0.0,0.0
2022-10-25 00:00:00-04:00,153.9600067138672,154.7899932861328,153.8300018310547,154.0,3434100,0.0,0.0,0.0
2022-10-26 00:00:00-04:00,154.77999877929688,155.72999572753906,154.77999877929688,154.97999572753906,4448200,0.0,0.0,0.0
2022-10-27 00:00:00-04:00,154.7100067138672,155.08999633789062,154.22000122070312,154.74000549316406,3654900,0.0,0.0,0.0
2022-10-28 00:00:00-04:00,152.9600067138672,153.5399932861328,152.5,153.16000366210938,4645400,0.0,0.0,0.0
2022-10-31 00:00:00-04:00,152.16000366210938,152.8699951171875,151.88999938964844,151.91000366210938,6097800,0.0,0.0,0.0
2022-11-01 00:00:00-04:00,153.82000732421875,153.97999572753906,152.8699951171875,153.4600067138672,4603600,0.0,0.0,0.0
2022-11-02 00:00:00-04:00,154.16000366210938,155.4199981689453,152.25999450683594,152.38999938964844,7210900,0.0,0.0,0.0
2022-11-03 00:00:00-04:00,150.6999969482422,151.9600067138672,150.57000732421875,151.80999755859375,5378800,0.0,0.0,0.0
2022-11-04 00:00:00-04:00,154.9499969482422,156.60000610351562,154.66000366210938,156.47000122070312,7692000,0.0,0.0,0.0
2022-11-07 00:00:00-05:00,156.22000122070312,156.57000732421875,155.80999755859375,155.85000610351562,4425700,0.0,0.0,0.0
2022-11-08 00:00:00-05:00,155.99000549316406,159.8699951171875,155.97999572753906,159.4499969482422,11299600,0.0,0.0,0.0
2022-11-09 00:00:00-05:00,159.36000061035156,160.35000610351562,158.4499969482422,158.64999389648438,6040600,0.0,0.0,0.0
2022-11-10 00:00:00-05:00,162.00999450683594,163.50999450683594,161.66000366210938,163.47999572753906,9939900,0.0,0.0,0.0
2022-11-11 00:00:00-05:00,163.91000366210938,164.5800018310547,163.4199981689453,164.55999755859375,4622400,0.0,0.0,0.0
2022-11-14 00:00:00-05:00,164.1999969482422,165.24000549316406,164.14999389648438,164.9199981689453,6187600,0.0,0.0,0.0
2022-11-15 00:00:00-05:00,165.27000427246094,166.22999572753906,164.55999755859375,165.5,9903500,0.0,0.0,0.0
2022-11-16 00:00:00-05:00,165.41000366210938,165.7100067138672,164.8300018310547,165.1199951171875,3645800,0.0,0.0,0.0
2022-11-17 00:00:00-05:00,163.7899932861328,164.11000061035156,163.39999389648438,163.9199981689453,4574400,0.0,0.0,0.0
2022-11-18 00:00:00-05:00,163.3800048828125,163.69000244140625,162.67999267578125,162.7899932861328,4321100,0.0,0.0,0.0
2022-11-21 00:00:00-05:00,162.44000244140625,162.5,161.27999877929688,161.8800048828125,4766500,0.0,0.0,0.0
2022-11-22 00:00:00-05:00,162.3000030517578,162.60000610351562,161.72000122070312,162.07000732421875,3203800,0.0,0.0,0.0
2022-11-23 00:00:00-05:00,161.69000244140625,163.24000549316406,161.55999755859375,163.0800018310547,4167000,0.0,0.0,0.0
2022-11-25 00:00:00-05:00,162.85000610351562,163.42999267578125,162.75999450683594,163.22000122070312,1436500,0.0,0.0,0.0
2022-11-28 00:00:00-05:00,162.92999267578125,163.05999755859375,161.91000366210938,161.92999267578125,4052900,0.0,0.0,0.0
2022-11-29 00:00:00-05:00,162.6999969482422,163.6300048828125,162.60000610351562,162.72999572753906,2620600,0.0,0.0,0.0
2022-11-30 00:00:00-05:00,163.69000244140625,164.80999755859375,162.39999389648438,164.80999755859375,4874700,0.0,0.0,0.0
2022-12-01 00:00:00-05:00,167.47999572753906,167.9499969482422,166.97999572753906,167.83999633789062,8625800,0.0,0.0,0.0
2022-12-02 00:00:00-05:00,166.17999267578125,167.47000122070312,165.75999450683594,167.25999450683594,5185900,0.0,0.0,0.0
2022-12-05 00:00:00-05:00,166.5500030517578,166.72000122070312,164.32000732421875,164.38999938964844,5436200,0.0,0.0,0.0
2022-12-06 00:00:00-05:00,165.1999969482422,165.5399932861328,164.4499969482422,164.83999633789062,3597800,0.0,0.0,0.0
2022-12-07 00:00:00-05:00,165.47000122070312,166.63999938964844,165.32000732421875,166.3300018310547,4610700,0.0,0.0,0.0
2022-12-08 00:00:00-05:00,166.5800018310547,167.0500030517578,166.07000732421875,166.47000122070312,3217900,0.0,0.0,0.0
2022-12-09 00:00:00-05:00,167.25999450683594,168.08999633789062,166.60000610351562,167.05999755859375,5431300,0.0,0.0,0.0
2022-12-12 00:00:00-05:00,166.44000244140625,166.60000610351562,165.42999267578125,165.67999267578125,3504400,0.0,0.0,0.0
2022-12-13 00:00:00-05:00,169.2100067138672,169.7899932861328,168.02000427246094,168.50999450683594,6750200,0.0,0.0,0.0
2022-12-14 00:00:00-05:00,168.42999267578125,168.80999755859375,167.13999938964844,168.10000610351562,5643000,0.0,0.0,0.0
2022-12-15 00:00:00-05:00,165.72999572753906,166.2100067138672,165.10000610351562,165.35000610351562,8363000,0.0,0.0,0.0
2022-12-16 00:00:00-05:00,166.02000427246094,166.97999572753906,165.83999633789062,166.7899932861328,5372000,0.0,0.0,0.0
2022-12-19 00:00:00-05:00,166.7100067138672,167.11000061035156,165.99000549316406,166.32000732421875,3940500,0.0,0.0,0.0
2022-12-20 00:00:00-05:00,168.10000610351562,169.52999877929688,168.02999877929688,169.0800018310547,7803100,0.0,0.0,0.0
2022-12-21 00:00:00-05:00,169.0399932861328,169.7100067138672,168.67999267578125,168.8000030517578,3990100,0.0,0.0,0.0
2022-12-22 00:00:00-05:00,167.75999450683594,167.75999450683594,166.05999755859375,166.75999450683594,5672700,0.0,0.0,0.0
2022-12-23 00:00:00-05:00,166.8800048828125,167.8000030517578,166.66000366210938,167.25999450683594,2912300,0.0,0.0,0.0
2022-12-27 00:00:00-05:00,167.88999938964844,170.61000061035156,167.8000030517578,168.6699981689453,6885700,0.0,0.0,0.0
2022-12-28 00:00:00-05:00,168.0500030517578,168.33999633789062,167.10000610351562,167.91000366210938,3662500,0.0,0.0,0.0
2022-12-29 00:00:00-05:00,168.5399932861328,169.35000610351562,168.52000427246094,168.85000610351562,3345900,0.0,0.0,0.0
2022-12-30 00:00:00-05:00,169.25999450683594,169.89999389648438,168.8000030517578,169.63999938964844,2864500,0.0,0.0,0.0
2023-01-03 00:00:00-05:00,171.32000732421875,172.08999633789062,170.02000427246094,171.05999755859375,7992900,0.0,0.0,0.0
2023-01-04 00:00:00-05:00,172.86000061035156,173.08999633789062,171.85000610351562,172.6699981689453,7574600,0.0,0.0,0.0
2023-01-05 00:00:00-05:00,170.82000732421875,171.0,169.7899932861328,170.52000427246094,4692600,0.0,0.0,0.0
2023-01-06 00:00:00-05:00,171.75999450683594,173.9600067138672,171.22999572753906,173.7100067138672,7889000,0.0,0.0,0.0
2023-01-09 00:00:00-05:00,174.50999450683594,175.0399932861328,173.8800048828125,174.10000610351562,5134500,0.0,0.0,0.0
2023-01-10 00:00:00-05:00,174.61000061035156,174.97999572753906,174.05999755859375,174.74000549316406,4398400,0.0,0.0,0.0
2023-01-11 00:00:00-05:00,174.75999450683594,174.7899932861328,173.72000122070312,174.6199951171875,3374200,0.0,0.0,0.0
2023-01-12 00:00:00-05:00,176.00999450683594,176.7100067138672,174.8800048828125,176.63999938964844,6936900,0.0,0.0,0.0
2023-01-13 00:00:00-05:00,176.9600067138672,178.8300018310547,176.88999938964844,178.75999450683594,7468800,0.0,0.0,0.0
2023-01-17 00:00:00-05:00,178.2100067138672,178.24000549316406,177.08999633789062,177.58999633789062,6610800,0.0,0.0,0.0
2023-01-18 00:00:00-05:00,178.9199981689453,179.17999267578125,176.89999389648438,177.0800018310547,5384700,0.0,0.0,0.0
2023-01-19 00:00:00-05:00,178.3699951171875,180.02999877929688,178.08999633789062,179.88999938964844,6678700,0.0,0.0,0.0
2023-01-20 00:00:00-05:00,179.05999755859375,179.66000366210938,178.64999389648438,179.2899932861328,5754800,0.0,0.0,0.0
2023-01-23 00:00:00-05:00,178.35000610351562,179.69000244140625,177.77999877929688,179.6300048828125,5265500,0.0,0.0,0.0
2023-01-24 00:00:00-05:00,179.55999755859375,180.32000732421875,178.35000610351562,180.27999877929688,4604600,0.0,0.0,0.0
2023-01-25 00:00:00-05:00,179.35000610351562,181.22000122070312,179.2899932861328,181.11000061035156,6925300,0.0,0.0,0.0
2023-01-26 00:00:00-05:00,180.14999389648438,180.27000427246094,178.4600067138672,179.47000122070312,5860100,0.0,0.0,0.0
2023-01-27 00:00:00-05:00,179.27000427246094,179.72000122070312,178.25999450683594,179.22000122070312,6052700,0.0,0.0,0.0
2023-01-30 00:00:00-05:00,179.2899932861328,179.42999267578125,178.64999389648438,178.75999450683594,4210700,0.0,0.0,0.0
2023-01-31 00:00:00-05:00,178.82000732421875,179.6999969482422,178.5399932861328,179.41000366210938,5976900,0.0,0.0,0.0
2023-02-01 00:00:00-05:00,179.75,181.72999572753906,178.6300048828125,181.6699981689453,7996000,0.0,0.0,0.0
2023-02-02 00:00:00-05:00,181.0800018310547,181.11000061035156,177.74000549316406,177.89999389648438,8842400,0.0,0.0,0.0
2023-02-03 00:00:00-05:00,174.9199981689453,175.42999267578125,173.1199951171875,173.4600067138672,13674400,0.0,0.0,0.0
2023-02-06 00:00:00-05:00,174.11000061035156,174.4600067138672,173.27999877929688,173.82000732421875,8957000,0.0,0.0,0.0
2023-02-07 00:00:00-05:00,173.72000122070312,175.27000427246094,173.47000122070312,173.97999572753906,6794200,0.0,0.0,0.0
2023-02-08 00:00:00-05:00,174.94000244140625,174.99000549316406,173.8300018310547,174.41000366210938,4075600,0.0,0.0,0.0
2023-02-09 00:00:00-05:00,175.49000549316406,175.52000427246094,172.8699951171875,173.02999877929688,5361300,0.0,0.0,0.0
2023-02-10 00:00:00-05:00,173.6300048828125,173.67999267578125,172.6300048828125,173.36000061035156,2971100,0.0,0.0,0.0
2023-02-13 00:00:00-05:00,172.6999969482422,172.89999389648438,172.07000732421875,172.47999572753906,3970800,0.0,0.0,0.0
2023-02-14 00:00:00-05:00,171.97000122070312,173.50999450683594,171.41000366210938,172.61000061035156,5403100,0.0,0.0,0.0
2023-02-15 00:00:00-05:00,170.60000610351562,170.99000549316406,170.16000366210938,170.88999938964844,5423800,0.0,0.0,0.0
2023-02-16 00:00:00-05:00,170.33999633789062,171.60000610351562,169.9600067138672,170.75,4540400,0.0,0.0,0.0
2023-02-17 00:00:00-05:00,169.8699951171875,171.47000122070312,169.52000427246094,171.25999450683594,4809800,0.0,0.0,0.0
2023-02-21 00:00:00-05:00,171.1999969482422,171.5,170.33999633789062,170.6199951171875,4035900,0.0,0.0,0.0
2023-02-22 00:00:00-05:00,170.80999755859375,170.9600067138672,169.55999755859375,169.66000366210938,4105700,0.0,0.0,0.0
2023-02-23 00:00:00-05:00,169.83999633789062,170.1300048828125,169.0800018310547,169.57000732421875,5073500,0.0,0.0,0.0
2023-02-24 00:00:00-05:00,168.4199981689453,168.83999633789062,168.19000244140625,168.35000610351562,6496500,0.0,0.0,0.0
2023-02-27 00:00:00-05:00,168.8800048828125,169.22999572753906,168.5500030517578,169.00999450683594,4509200,0.0,0.0,0.0
2023-02-28 00:00:00-05:00,168.77999877929688,170.25,168.58999633789062,169.77999877929688,6761600,0.0,0.0,0.0
2023-03-01 00:00:00-05:00,170.9499969482422,171.49000549316406,170.47000122070312,170.75999450683594,6590500,0.0,0.0,0.0
2023-03-02 00:00:00-05:00,170.52000427246094,170.97999572753906,170.36000061035156,170.66000366210938,3950700,0.0,0.0,0.0
2023-03-03 00:00:00-05:00,171.4499969482422,172.60000610351562,170.97999572753906,172.49000549316406,6894500,0.0,0.0,0.0
2023-03-06 00:00:00-05:00,172.32000732421875,172.3699951171875,171.5399932861328,171.6199951171875,4264100,0.0,0.0,0.0
2023-03-07 00:00:00-05:00,170.4199981689453,170.47000122070312,168.52000427246094,168.6199951171875,8713300,0.0,0.0,0.0
2023-03-08 00:00:00-05:00,168.61000061035156,169.58999633789062,168.52000427246094,168.5399932861328,5718600,0.0,0.0,0.0
2023-03-09 00:00:00-05:00,169.75,170.64999389648438,169.7100067138672,170.1999969482422,5583000,0.0,0.0,0.0
2023-03-10 00:00:00-05:00,171.92999267578125,173.8800048828125,171.9199981689453,173.8699951171875,13803400,0.0,0.0,0.0
2023-03-13 00:00:00-04:00,176.66000366210938,178.02000427246094,176.3000030517578,177.86000061035156,20554400,0.0,0.0,0.0
2023-03-14 00:00:00-04:00,177.35000610351562,177.58999633789062,176.2100067138672,176.8300018310547,10019000,0.0,0.0,0.0
2023-03-15 00:00:00-04:00,178.86000061035156,180.1300048828125,177.49000549316406,178.2100067138672,14546100,0.0,0.0,0.0
2023-03-16 00:00:00-04:00,179.50999450683594,179.64999389648438,177.8699951171875,178.57000732421875,10762200,0.0,0.0,0.0
2023-03-17 00:00:00-04:00,181.02000427246094,184.80999755859375,180.77000427246094,183.77000427246094,24156300,0.0,0.0,0.0
2023-03-20 00:00:00-04:00,184.19000244140625,184.5399932861328,182.74000549316406,183.83999633789062,11845700,0.0,0.0,0.0
2023-03-21 00:00:00-04:00,182.64999389648438,182.72999572753906,179.89999389648438,180.3699951171875,10734500,0.0,0.0,0.0
2023-03-22 00:00:00-04:00,180.39999389648438,183.94000244140625,180.27999877929688,183.44000244140625,11969600,0.0,0.0,0.0
2023-03-23 00:00:00-04:00,183.91000366210938,186.24000549316406,183.60000610351562,185.74000549316406,11347100,0.0,0.0,0.0
2023-03-24 00:00:00-04:00,185.61000061035156,185.99000549316406,183.6199951171875,183.64999389648438,9245900,0.0,0.0,0.0
2023-03-27 00:00:00-04:00,181.14999389648438,182.14999389648438,180.69000244140625,181.9499969482422,6925000,0.0,0.0,0.0
2023-03-28 00:00:00-04:00,182.30999755859375,183.6199951171875,182.1199951171875,183.44000244140625,6202600,0.0,0.0,0.0
2023-03-29 00:00:00-04:00,182.49000549316406,183.27000427246094,182.24000549316406,182.52999877929688,4996500,0.0,0.0,0.0
2023-03-30 00:00:00-04:00,182.75,184.44000244140625,182.5500030517578,184.17999267578125,6360300,0.0,0.0,0.0
2023-03-31 00:00:00-04:00,184.11000061035156,184.4199981689453,182.8000030517578,183.22000122070312,8003300,0.0,0.0,0.0
2023-04-03 00:00:00-04:00,183.85000610351562,185.0399932861328,183.32000732421875,184.5399932861328,9206600,0.0,0.0,0.0
2023-04-04 00:00:00-04:00,184.72000122070312,188.22999572753906,184.66000366210938,187.97999572753906,13765400,0.0,0.0,0.0
2023-04-05 00:00:00-04:00,188.33999633789062,188.86000061035156,186.77999877929688,187.8300018310547,11440800,0.0,0.0,0.0
2023-04-06 00:00:00-04:00,186.88999938964844,187.25999450683594,185.9499969482422,186.49000549316406,6648400,0.0,0.0,0.0
2023-04-10 00:00:00-04:00,185.17999267578125,185.36000061035156,184.19000244140625,185.11000061035156,6408100,0.0,0.0,0.0
2023-04-11 00:00:00-04:00,185.91000366210938,186.50999450683594,185.63999938964844,186.27999877929688,6031500,0.0,0.0,0.0
2023-04-12 00:00:00-04:00,187.5399932861328,187.66000366210938,185.97000122070312,187.19000244140625,10000900,0.0,0.0,0.0
2023-04-13 00:00:00-04:00,189.75999450683594,190.41000366210938,188.99000549316406,189.72000122070312,14060100,0.0,0.0,0.0
2023-04-14 00:00:00-04:00,188.0800018310547,188.49000549316406,185.1699981689453,186.36000061035156,13272500,0.0,0.0,0.0
2023-04-17 00:00:00-04:00,185.88999938964844,185.92999267578125,184.10000610351562,185.52999877929688,7468100,0.0,0.0,0.0
2023-04-18 00:00:00-04:00,185.24000549316406,186.99000549316406,185.0399932861328,186.25,8056900,0.0,0.0,0.0
2023-04-19 00:00:00-04:00,184.35000610351562,185.5800018310547,184.27999877929688,185.36000061035156,7373500,0.0,0.0,0.0
2023-04-20 00:00:00-04:00,186.13999938964844,187.02999877929688,185.77999877929688,186.08999633789062,5789900,0.0,0.0,0.0
2023-04-21 00:00:00-04:00,184.97999572753906,185.67999267578125,183.22000122070312,184.25,10698700,0.0,0.0,0.0
2023-04-24 00:00:00-04:00,184.07000732421875,185.02999877929688,183.4600067138672,184.80999755859375,8303400,0.0,0.0,0.0
2023-04-25 00:00:00-04:00,184.83999633789062,186.22000122070312,184.3000030517578,185.75,8451900,0.0,0.0,0.0
2023-04-26 00:00:00-04:00,186.6300048828125,186.64999389648438,184.3000030517578,184.74000549316406,8203600,0.0,0.0,0.0
2023-04-27 00:00:00-04:00,183.89999389648438,184.99000549316406,183.3800048828125,184.75,9107400,0.0,0.0,0.0
2023-04-28 00:00:00-04:00,184.7899932861328,185.3800048828125,184.1699981689453,184.8000030517578,6700400,0.0,0.0,0.0
2023-05-01 00:00:00-04:00,186.0500030517578,186.22000122070312,183.91000366210938,183.97000122070312,7997700,0.0,0.0,0.0
2023-05-02 00:00:00-04:00,184.64999389648438,187.63999938964844,184.52000427246094,187.52000427246094,14680600,0.0,0.0,0.0
2023-05-03 00:00:00-04:00,187.61000061035156,189.2100067138672,186.92999267578125,189.11000061035156,11133800,0.0,0.0,0.0
2023-05-04 00:00:00-04:00,188.86000061035156,191.36000061035156,188.80999755859375,190.44000244140625,14146800,0.0,0.0,0.0
2023-05-05 00:00:00-04:00,186.55999755859375,187.5800018310547,185.77000427246094,187.4600067138672,12508100,0.0,0.0,0.0
2023-05-08 00:00:00-04:00,187.82000732421875,188.6699981689453,187.49000549316406,187.69000244140625,6075400,0.0,0.0,0.0
2023-05-09 00:00:00-04:00,188.1199951171875,189.3300018310547,188.07000732421875,189.02000427246094,7098800,0.0,0.0,0.0
2023-05-10 00:00:00-04:00,188.97999572753906,189.63999938964844,187.82000732421875,188.75,9392100,0.0,0.0,0.0
2023-05-11 00:00:00-04:00,188.44000244140625,188.80999755859375,186.86000061035156,187.1300048828125,8245500,0.0,0.0,0.0
2023-05-12 00:00:00-04:00,187.42999267578125,187.9199981689453,186.5800018310547,186.80999755859375,7087500,0.0,0.0,0.0
2023-05-15 00:00:00-04:00,187.3000030517578,187.8800048828125,187.02999877929688,187.2100067138672,5518100,0.0,0.0,0.0
2023-05-16 00:00:00-04:00,186.5800018310547,186.82000732421875,184.4600067138672,184.8699951171875,9519500,0.0,0.0,0.0
2023-05-17 00:00:00-04:00,184.30999755859375,184.4499969482422,183.47999572753906,184.22999572753906,7474300,0.0,0.0,0.0
2023-05-18 00:00:00-04:00,182.10000610351562,182.27999877929688,181.33999633789062,181.83999633789062,8812600,0.0,0.0,0.0
2023-05-19 00:00:00-04:00,182.25,184.33999633789062,181.80999755859375,183.63999938964844,8435000,0.0,0.0,0.0
2023-05-22 00:00:00-04:00,183.22000122070312,183.83999633789062,182.91000366210938,183.2100067138672,4834300,0.0,0.0,0.0
2023-05-23 00:00:00-04:00,182.77999877929688,183.75999450683594,182.47999572753906,183.42999267578125,6345000,0.0,0.0,0.0
2023-05-24 00:00:00-04:00,183.5399932861328,183.5399932861328,181.77000427246094,181.9499969482422,6732900,0.0,0.0,0.0
2023-05-25 00:00:00-04:00,181.17999267578125,181.30999755859375,180.10000610351562,180.1999969482422,6919200,0.0,0.0,0.0
2023-05-26 00:00:00-04:00,181.00999450683594,181.3000030517578,180.08999633789062,180.9199981689453,5823700,0.0,0.0,0.0
2023-05-30 00:00:00-04:00,181.72000122070312,182.39999389648438,181.1699981689453,182.0399932861328,4906100,0.0,0.0,0.0
2023-05-31 00:00:00-04:00,182.38999938964844,183.4499969482422,182.10000610351562,182.32000732421875,8497900,0.0,0.0,0.0
2023-06-01 00:00:00-04:00,182.80999755859375,184.2100067138672,182.72000122070312,183.75999450683594,7300500,0.0,0.0,0.0
2023-06-02 00:00:00-04:00,183.52999877929688,183.55999755859375,180.9600067138672,181.0500030517578,8726100,0.0,0.0,0.0
2023-06-05 00:00:00-04:00,180.7899932861328,182.44000244140625,180.60000610351562,182.13999938964844,5748800,0.0,0.0,0.0
2023-06-06 00:00:00-04:00,182.36000061035156,182.64999389648438,181.52000427246094,182.33999633789062,4967200,0.0,0.0,0.0
2023-06-07 00:00:00-04:00,181.94000244140625,183.0,180.14999389648438,180.14999389648438,9066500,0.0,0.0,0.0
2023-06-08 00:00:00-04:00,182.0,183.0399932861328,181.9600067138672,182.52999877929688,6394100,0.0,0.0,0.0
2023-06-09 00:00:00-04:00,182.36000061035156,182.7899932861328,181.72000122070312,182.0399932861328,4379200,0.0,0.0,0.0
2023-06-12 00:00:00-04:00,181.8000030517578,181.94000244140625,181.0399932861328,181.8800048828125,4873600,0.0,0.0,0.0
2023-06-13 00:00:00-04:00,182.10000610351562,182.42999267578125,180.1699981689453,180.5399932861328,5126700,0.0,0.0,0.0
2023-06-14 00:00:00-04:00,181.69000244140625,181.9600067138672,180.13999938964844,180.63999938964844,6807000,0.0,0.0,0.0
2023-06-15 00:00:00-04:00,180.27999877929688,182.0500030517578,180.17999267578125,181.91000366210938,6739000,0.0,0.0,0.0
2023-06-16 00:00:00-04:00,181.92999267578125,182.6199951171875,181.41000366210938,181.6300048828125,8779100,0.0,0.0,0.0
2023-06-20 00:00:00-04:00,180.05999755859375,180.08999633789062,179.22000122070312,179.75,7584200,0.0,0.0,0.0
2023-06-21 00:00:00-04:00,179.14999389648438,179.9499969482422,178.19000244140625,179.49000549316406,6702300,0.0,0.0,0.0
2023-06-22 00:00:00-04:00,178.36000061035156,178.99000549316406,177.6300048828125,177.7100067138672,7945000,0.0,0.0,0.0
2023-06-23 00:00:00-04:00,179.60000610351562,179.9499969482422,178.08999633789062,178.1999969482422,5419800,0.0,0.0,0.0
2023-06-26 00:00:00-04:00,179.0500030517578,179.0800018310547,178.4199981689453,178.50999450683594,3222100,0.0,0.0,0.0
2023-06-27 00:00:00-04:00,179.07000732421875,179.2899932861328,177.42999267578125,177.69000244140625,5036900,0.0,0.0,0.0
2023-06-28 00:00:00-04:00,177.22999572753906,177.69000244140625,176.6999969482422,177.27999877929688,5866700,0.0,0.0,0.0
2023-06-29 00:00:00-04:00,175.8300018310547,177.6300048828125,175.7899932861328,177.08999633789062,6862500,0.0,0.0,0.0
2023-06-30 00:00:00-04:00,177.69000244140625,178.52999877929688,177.32000732421875,178.27000427246094,6420900,0.0,0.0,0.0
2023-07-03 00:00:00-04:00,178.61000061035156,179.33999633789062,178.4600067138672,178.47000122070312,4085700,0.0,0.0,0.0
2023-07-05 00:00:00-04:00,179.41000366210938,179.4199981689453,177.8300018310547,177.83999633789062,5650600,0.0,0.0,0.0
2023-07-06 00:00:00-04:00,177.50999450683594,177.8000030517578,176.66000366210938,177.30999755859375,5133000,0.0,0.0,0.0
2023-07-07 00:00:00-04:00,178.3800048828125,179.64999389648438,178.35000610351562,178.63999938964844,5201100,0.0,0.0,0.0
2023-07-10 00:00:00-04:00,178.3699951171875,178.9199981689453,178.25999450683594,178.77999877929688,3320500,0.0,0.0,0.0
2023-07-11 00:00:00-04:00,179.42999267578125,179.7100067138672,179.1300048828125,179.4499969482422,2818800,0.0,0.0,0.0
2023-07-12 00:00:00-04:00,181.17999267578125,181.9499969482422,181.10000610351562,181.8800048828125,7062000,0.0,0.0,0.0
2023-07-13 00:00:00-04:00,181.9600067138672,182.14999389648438,181.49000549316406,182.00999450683594,4527900,0.0,0.0,0.0
2023-07-14 00:00:00-04:00,181.58999633789062,182.1699981689453,181.11000061035156,181.42999267578125,5390000,0.0,0.0,0.0
2023-07-17 00:00:00-04:00,180.99000549316406,181.6300048828125,180.63999938964844,181.55999755859375,4152400,0.0,0.0,0.0
2023-07-18 00:00:00-04:00,182.7899932861328,184.22999572753906,182.32000732421875,183.63999938964844,8238000,0.0,0.0,0.0
2023-07-19 00:00:00-04:00,183.4499969482422,183.83999633789062,182.8699951171875,183.6699981689453,3911600,0.0,0.0,0.0
2023-07-20 00:00:00-04:00,183.72999572753906,183.77000427246094,182.47000122070312,182.74000549316406,4972900,0.0,0.0,0.0
2023-07-21 00:00:00-04:00,182.05999755859375,182.4600067138672,181.67999267578125,182.17999267578125,3845400,0.0,0.0,0.0
2023-07-24 00:00:00-04:00,182.22000122070312,182.5399932861328,181.33999633789062,181.39999389648438,4370000,0.0,0.0,0.0
2023-07-25 00:00:00-04:00,181.72000122070312,182.47000122070312,181.10000610351562,182.41000366210938,4090100,0.0,0.0,0.0
2023-07-26 00:00:00-04:00,182.66000366210938,183.63999938964844,182.30999755859375,183.3000030517578,6158400,0.0,0.0,0.0
2023-07-27 00:00:00-04:00,181.63999938964844,181.63999938964844,180.32000732421875,180.4199981689453,7592800,0.0,0.0,0.0
2023-07-28 00:00:00-04:00,181.47999572753906,182.27000427246094,181.25,181.86000061035156,3828800,0.0,0.0,0.0
2023-07-31 00:00:00-04:00,182.42999267578125,183.08999633789062,182.30999755859375,182.35000610351562,5494800,0.0,0.0,0.0
2023-08-01 00:00:00-04:00,180.85000610351562,181.3800048828125,180.19000244140625,180.4600067138672,6239700,0.0,0.0,0.0
2023-08-02 00:00:00-04:00,180.57000732421875,180.7899932861328,179.41000366210938,179.60000610351562,6339700,0.0,0.0,0.0
2023-08-03 00:00:00-04:00,179.44000244140625,179.9499969482422,179.27999877929688,179.5399932861328,4636300,0.0,0.0,0.0
2023-08-04 00:00:00-04:00,180.25,180.77000427246094,179.85000610351562,180.19000244140625,5326200,0.0,0.0,0.0
2023-08-07 00:00:00-04:00,180.14999389648438,180.14999389648438,179.27000427246094,179.77999877929688,4510400,0.0,0.0,0.0
2023-08-08 00:00:00-04:00,178.63999938964844,179.3300018310547,178.4600067138672,178.63999938964844,6162900,0.0,0.0,0.0
2023-08-09 00:00:00-04:00,178.67999267578125,178.9199981689453,177.77999877929688,177.7899932861328,4644000,0.0,0.0,0.0
2023-08-10 00:00:00-04:00,178.22000122070312,178.6999969482422,177.5399932861328,177.60000610351562,5934600,0.0,0.0,0.0
2023-08-11 00:00:00-04:00,177.6999969482422,178.36000061035156,177.49000549316406,177.60000610351562,5289700,0.0,0.0,0.0
2023-08-14 00:00:00-04:00,176.86000061035156,177.5800018310547,176.5800018310547,177.05999755859375,9554500,0.0,0.0,0.0
2023-08-15 00:00:00-04:00,176.75,177.42999267578125,176.3300018310547,176.58999633789062,7582700,0.0,0.0,0.0
2023-08-16 00:00:00-04:00,176.6199951171875,176.9499969482422,175.55999755859375,175.57000732421875,6559400,0.0,0.0,0.0
2023-08-17 00:00:00-04:00,176.52999877929688,176.55999755859375,174.92999267578125,175.3000030517578,7937700,0.0,0.0,0.0
2023-08-18 00:00:00-04:00,175.8300018310547,176.05999755859375,175.10000610351562,175.3300018310547,6253000,0.0,0.0,0.0
2023-08-21 00:00:00-04:00,175.89999389648438,175.94000244140625,174.9600067138672,175.80999755859375,4206400,0.0,0.0,0.0
2023-08-22 00:00:00-04:00,175.8300018310547,176.25,175.30999755859375,176.10000610351562,5892200,0.0,0.0,0.0
2023-08-23 00:00:00-04:00,177.32000732421875,178.22000122070312,177.07000732421875,177.88999938964844,7949100,0.0,0.0,0.0
2023-08-24 00:00:00-04:00,177.66000366210938,178.49000549316406,177.41000366210938,177.85000610351562,5526400,0.0,0.0,0.0
2023-08-25 00:00:00-04:00,177.5800018310547,178.3800048828125,176.6300048828125,177.6199951171875,6132800,0.0,0.0,0.0
2023-08-28 00:00:00-04:00,177.64999389648438,178.72999572753906,177.50999450683594,178.1300048828125,4740700,0.0,0.0,0.0
2023-08-29 00:00:00-04:00,178.02999877929688,179.8800048828125,177.89999389648438,179.8699951171875,7576600,0.0,0.0,0.0
2023-08-30 00:00:00-04:00,180.5800018310547,180.8800048828125,180.2899932861328,180.32000732421875,6593700,0.0,0.0,0.0
2023-08-31 00:00:00-04:00,180.3699951171875,180.49000549316406,179.94000244140625,180.02000427246094,4795600,0.0,0.0,0.0
2023-09-01 00:00:00-04:00,180.8000030517578,181.1199951171875,179.50999450683594,180.11000061035156,4970700,0.0,0.0,0.0
2023-09-05 00:00:00-04:00,179.3300018310547,179.44000244140625,178.63999938964844,178.63999938964844,7056800,0.0,0.0,0.0
2023-09-06 00:00:00-04:00,178.3300018310547,179.00999450683594,177.6999969482422,177.8300018310547,6427200,0.0,0.0,0.0
2023-09-07 00:00:00-04:00,178.30999755859375,178.3699951171875,177.89999389648438,178.02000427246094,3257200,0.0,0.0,0.0
2023-09-08 00:00:00-04:00,178.36000061035156,179.0500030517578,177.89999389648438,178.0800018310547,3292700,0.0,0.0,0.0
2023-09-11 00:00:00-04:00,178.97000122070312,179.07000732421875,178.25999450683594,178.41000366210938,3689100,0.0,0.0,0.0
2023-09-12 00:00:00-04:00,177.11000061035156,177.6999969482422,177.0500030517578,177.49000549316406,4445400,0.0,0.0,0.0
2023-09-13 00:00:00-04:00,177.52999877929688,177.75,177.0399932861328,177.0800018310547,3874800,0.0,0.0,0.0
2023-09-14 00:00:00-04:00,176.5,177.38999938964844,176.36000061035156,177.1699981689453,6184400,0.0,0.0,0.0
2023-09-15 00:00:00-04:00,178.5500030517578,179.11000061035156,178.33999633789062,178.33999633789062,5620900,0.0,0.0,0.0
2023-09-18 00:00:00-04:00,178.82000732421875,179.41000366210938,178.3800048828125,179.38999938964844,5049300,0.0,0.0,0.0
2023-09-19 00:00:00-04:00,179.5399932861328,179.64999389648438,179.02999877929688,179.22000122070312,4224700,0.0,0.0,0.0
2023-09-20 00:00:00-04:00,179.33999633789062,180.66000366210938,179.32000732421875,179.35000610351562,9328000,0.0,0.0,0.0
2023-09-21 00:00:00-04:00,177.86000061035156,178.49000549316406,177.69000244140625,178.0500030517578,7571900,0.0,0.0,0.0
2023-09-22 00:00:00-04:00,178.64999389648438,178.9499969482422,178.50999450683594,178.6199951171875,3634800,0.0,0.0,0.0
2023-09-25 00:00:00-04:00,178.41000366210938,178.7100067138672,177.63999938964844,177.6999969482422,5582100,0.0,0.0,0.0
2023-09-26 00:00:00-04:00,176.8300018310547,177.13999938964844,176.16000366210938,176.27999877929688,7181100,0.0,0.0,0.0
2023-09-27 00:00:00-04:00,175.27000427246094,175.32000732421875,173.6999969482422,174.10000610351562,10919600,0.0,0.0,0.0
2023-09-28 00:00:00-04:00,173.91000366210938,174.13999938964844,172.32000732421875,173.22999572753906,10061900,0.0,0.0,0.0
2023-09-29 00:00:00-04:00,173.9199981689453,174.02999877929688,171.27000427246094,171.4499969482422,10427400,0.0,0.0,0.0
2023-10-02 00:00:00-04:00,170.22999572753906,170.4600067138672,169.5,169.64999389648438,12706000,0.0,0.0,0.0
2023-10-03 00:00:00-04:00,169.13999938964844,170.0800018310547,168.75,169.16000366210938,11459800,0.0,0.0,0.0
2023-10-04 00:00:00-04:00,169.2100067138672,169.41000366210938,168.5,169.13999938964844,10034600,0.0,0.0,0.0
2023-10-05 00:00:00-04:00,168.74000549316406,169.0,168.3000030517578,168.8300018310547,6970200,0.0,0.0,0.0
2023-10-06 00:00:00-04:00,169.1699981689453,170.22999572753906,168.5,169.6999969482422,9948400,0.0,0.0,0.0
2023-10-09 00:00:00-04:00,171.17999267578125,172.86000061035156,171.0800018310547,172.82000732421875,10201500,0.0,0.0,0.0
2023-10-10 00:00:00-04:00,172.0800018310547,172.8000030517578,171.89999389648438,172.52999877929688,5844000,0.0,0.0,0.0
2023-10-11 00:00:00-04:00,173.60000610351562,174.1300048828125,173.25999450683594,173.7899932861328,7128000,0.0,0.0,0.0
2023-10-12 00:00:00-04:00,174.05999755859375,174.22999572753906,173.24000549316406,173.25999450683594,5912700,0.0,0.0,0.0
2023-10-13 00:00:00-04:00,176.88999938964844,179.10000610351562,176.72000122070312,178.8300018310547,18796500,0.0,0.0,0.0
2023-10-16 00:00:00-04:00,177.83999633789062,178.3300018310547,177.5399932861328,177.9600067138672,8385400,0.0,0.0,0.0
2023-10-17 00:00:00-04:00,178.3699951171875,179.1300048828125,177.97999572753906,178.2899932861328,8231900,0.0,0.0,0.0
2023-10-18 00:00:00-04:00,180.88999938964844,182.02000427246094,179.75,180.8699951171875,13920800,0.0,0.0,0.0
2023-10-19 00:00:00-04:00,181.0399932861328,183.42999267578125,180.82000732421875,183.08999633789062,13406600,0.0,0.0,0.0
2023-10-20 00:00:00-04:00,183.42999267578125,185.22999572753906,183.08999633789062,183.58999633789062,12785700,0.0,0.0,0.0
2023-10-23 00:00:00-04:00,183.50999450683594,183.55999755859375,182.7100067138672,182.97000122070312,9479800,0.0,0.0,0.0
2023-10-24 00:00:00-04:00,182.07000732421875,183.39999389648438,181.67999267578125,182.9499969482422,6594000,0.0,0.0,0.0
2023-10-25 00:00:00-04:00,183.4199981689453,184.3000030517578,182.0399932861328,183.72000122070312,10087000,0.0,0.0,0.0
2023-10-26 00:00:00-04:00,183.39999389648438,184.49000549316406,182.8699951171875,184.00999450683594,7671400,0.0,0.0,0.0
2023-10-27 00:00:00-04:00,183.75999450683594,186.36000061035156,183.47000122070312,186.14999389648438,14102800,0.0,0.0,0.0
2023-10-30 00:00:00-04:00,185.5399932861328,185.6999969482422,184.72999572753906,185.10000610351562,8756400,0.0,0.0,0.0
2023-10-31 00:00:00-04:00,185.0800018310547,186.2100067138672,183.5,184.08999633789062,10104600,0.0,0.0,0.0
2023-11-01 00:00:00-04:00,183.91000366210938,185.0,182.6699981689453,183.50999450683594,9048600,0.0,0.0,0.0
2023-11-02 00:00:00-04:00,184.1300048828125,184.27999877929688,183.5,184.1199951171875,7343700,0.0,0.0,0.0
2023-11-03 00:00:00-04:00,184.47999572753906,185.47000122070312,184.35000610351562,184.7899932861328,8530400,0.0,0.0,0.0
2023-11-06 00:00:00-05:00,184.13999938964844,184.22999572753906,183.33999633789062,183.35000610351562,8274700,0.0,0.0,0.0
2023-11-07 00:00:00-05:00,182.25,182.64999389648438,181.75,182.58999633789062,6795800,0.0,0.0,0.0
2023-11-08 00:00:00-05:00,182.00999450683594,182.07000732421875,180.57000732421875,180.77000427246094,6738300,0.0,0.0,0.0
2023-11-09 00:00:00-05:00,180.97999572753906,182.27999877929688,180.88999938964844,181.49000549316406,6486300,0.0,0.0,0.0
2023-11-10 00:00:00-05:00,180.50999450683594,180.58999633789062,179.25,179.50999450683594,7606600,0.0,0.0,0.0
2023-11-13 00:00:00-05:00,179.39999389648438,180.72999572753906,179.11000061035156,180.50999450683594,5385900,0.0,0.0,0.0
2023-11-14 00:00:00-05:00,181.6999969482422,182.75,181.6199951171875,182.1199951171875,6831600,0.0,0.0,0.0
2023-11-15 00:00:00-05:00,182.02999877929688,182.17999267578125,181.30999755859375,181.63999938964844,4909400,0.0,0.0,0.0
2023-11-16 00:00:00-05:00,182.85000610351562,184.32000732421875,182.8000030517578,183.69000244140625,8253300,0.0,0.0,0.0
2023-11-17 00:00:00-05:00,183.9600067138672,184.1300048828125,183.4499969482422,183.6699981689453,4871100,0.0,0.0,0.0
2023-11-20 00:00:00-05:00,182.32000732421875,183.47999572753906,182.22999572753906,183.3699951171875,5389300,0.0,0.0,0.0
2023-11-21 00:00:00-05:00,185.57000732421875,186.1199951171875,185.07000732421875,185.35000610351562,7322400,0.0,0.0,0.0
2023-11-22 00:00:00-05:00,185.47000122070312,185.72000122070312,184.27000427246094,184.55999755859375,4337700,0.0,0.0,0.0
2023-11-24 00:00:00-05:00,185.47000122070312,185.75,185.16000366210938,185.52000427246094,2445100,0.0,0.0,0.0
2023-11-27 00:00:00-05:00,186.55999755859375,186.8000030517578,185.92999267578125,186.77000427246094,6320400,0.0,0.0,0.0
2023-11-28 00:00:00-05:00,187.89999389648438,189.39999389648438,187.52000427246094,189.25999450683594,10901900,0.0,0.0,0.0
2023-11-29 00:00:00-05:00,189.16000366210938,189.99000549316406,189.02000427246094,189.5399932861328,8407300,0.0,0.0,0.0
2023-11-30 00:00:00-05:00,188.88999938964844,189.24000549316406,188.27999877929688,188.75,7558100,0.0,0.0,0.0
2023-12-01 00:00:00-05:00,188.80999755859375,192.39999389648438,188.69000244140625,192.00999450683594,16727600,0.0,0.0,0.0
2023-12-04 00:00:00-05:00,189.60000610351562,190.3800048828125,187.25999450683594,187.86000061035156,18460500,0.0,0.0,0.0
2023-12-05 00:00:00-05:00,187.5500030517578,187.8800048828125,186.3000030517578,187.14999389648438,7027700,0.0,0.0,0.0
2023-12-06 00:00:00-05:00,188.32000732421875,188.4600067138672,187.5,187.83999633789062,5778600,0.0,0.0,0.0
2023-12-07 00:00:00-05:00,188.4499969482422,188.58999633789062,187.25999450683594,188.14999389648438,5802000,0.0,0.0,0.0
2023-12-08 00:00:00-05:00,185.92999267578125,186.77999877929688,184.89999389648438,185.63999938964844,7883200,0.0,0.0,0.0
2023-12-11 00:00:00-05:00,184.5,184.52999877929688,183.14999389648438,183.58999633789062,8519500,0.0,0.0,0.0
2023-12-12 00:00:00-05:00,183.83999633789062,183.97999572753906,183.25999450683594,183.49000549316406,5056900,0.0,0.0,0.0
2023-12-13 00:00:00-05:00,183.82000732421875,187.66000366210938,183.3800048828125,187.6300048828125,10635500,0.0,0.0,0.0
2023-12-14 00:00:00-05:00,188.86000061035156,189.82000732421875,188.0800018310547,188.72999572753906,9107200,0.0,0.0,0.0
2023-12-15 00:00:00-05:00,188.52000427246094,188.9600067138672,186.82000732421875,187.0,8324800,0.0,0.0,0.0
2023-12-18 00:00:00-05:00,187.5,188.49000549316406,187.24000549316406,187.85000610351562,5358000,0.0,0.0,0.0
2023-12-19 00:00:00-05:00,188.22999572753906,189.72000122070312,188.1300048828125,189.1300048828125,6025600,0.0,0.0,0.0
2023-12-20 00:00:00-05:00,188.69000244140625,188.9600067138672,188.08999633789062,188.10000610351562,6002400,0.0,0.0,0.0
2023-12-21 00:00:00-05:00,189.2100067138672,189.6199951171875,188.75,189.42999267578125,4620000,0.0,0.0,0.0
2023-12-22 00:00:00-05:00,191.60000610351562,191.8800048828125,190.07000732421875,190.27000427246094,7176300,0.0,0.0,0.0
2023-12-26 00:00:00-05:00,190.97000122070312,191.74000549316406,190.39999389648438,191.72000122070312,4502700,0.0,0.0,0.0
2023-12-27 00:00:00-05:00,191.77000427246094,193.17999267578125,191.5399932861328,192.58999633789062,5813300,0.0,0.0,0.0
2023-12-28 00:00:00-05:00,192.33999633789062,192.88999938964844,191.44000244140625,191.47000122070312,6171500,0.0,0.0,0.0
2023-12-29 00:00:00-05:00,190.99000549316406,191.63999938964844,190.74000549316406,191.1699981689453,4612300,0.0,0.0,0.0
2024-01-02 00:00:00-05:00,191.44000244140625,191.88999938964844,190.5,190.72000122070312,6025600,0.0,0.0,0.0
2024-01-03 00:00:00-05:00,188.77000427246094,189.86000061035156,188.16000366210938,189.1300048828125,8661600,0.0,0.0,0.0
2024-01-04 00:00:00-05:00,189.0800018310547,189.75,188.69000244140625,189.32000732421875,4416700,0.0,0.0,0.0
2024-01-05 00:00:00-05:00,189.67999267578125,191.25999450683594,189.0800018310547,189.35000610351562,7481900,0.0,0.0,0.0
2024-01-08 00:00:00-05:00,187.2100067138672,188.74000549316406,187.11000061035156,187.8699951171875,6215000,0.0,0.0,0.0
2024-01-09 00:00:00-05:00,188.67999267578125,188.77999877929688,187.72999572753906,187.92999267578125,4437300,0.0,0.0,0.0
2024-01-10 00:00:00-05:00,188.13999938964844,188.44000244140625,187.2100067138672,187.5,4504700,0.0,0.0,0.0
2024-01-11 00:00:00-05:00,188.02000427246094,188.5500030517578,186.55999755859375,187.8699951171875,6831100,0.0,0.0,0.0
2024-01-12 00:00:00-05:00,190.6699981689453,191.0800018310547,189.16000366210938,189.7100067138672,6833700,0.0,0.0,0.0
2024-01-16 00:00:00-05:00,189.14999389648438,189.25999450683594,187.5399932861328,187.91000366210938,6548100,0.0,0.0,0.0
2024-01-17 00:00:00-05:00,187.30999755859375,187.4199981689453,185.4499969482422,185.83999633789062,8643200,0.0,0.0,0.0
2024-01-18 00:00:00-05:00,186.36000061035156,187.39999389648438,186.3000030517578,187.3699951171875,4685200,0.0,0.0,0.0
2024-01-19 00:00:00-05:00,188.25999450683594,188.3000030517578,187.44000244140625,187.92999267578125,5719700,0.0,0.0,0.0
2024-01-22 00:00:00-05:00,187.22999572753906,187.75999450683594,186.85000610351562,187.22000122070312,4397500,0.0,0.0,0.0
2024-01-23 00:00:00-05:00,187.4499969482422,188.14999389648438,187.27999877929688,187.9499969482422,5040800,0.0,0.0,0.0
2024-01-24 00:00:00-05:00,188.3300018310547,188.3699951171875,186.32000732421875,186.39999389648438,6085400,0.0,0.0,0.0
2024-01-25 00:00:00-05:00,187.33999633789062,187.63999938964844,186.4600067138672,187.13999938964844,4651000,0.0,0.0,0.0
2024-01-26 00:00:00-05:00,187.27000427246094,187.3800048828125,186.75999450683594,187.00999450683594,5064800,0.0,0.0,0.0
2024-01-29 00:00:00-05:00,188.30999755859375,188.5399932861328,187.19000244140625,188.3300018310547,5629700,0.0,0.0,0.0
2024-01-30 00:00:00-05:00,189.6999969482422,189.8300018310547,187.97999572753906,188.58999633789062,4976500,0.0,0.0,0.0
2024-01-31 00:00:00-05:00,189.3699951171875,190.4600067138672,188.1300048828125,188.4499969482422,7886100,0.0,0.0,0.0
2024-02-01 00:00:00-05:00,189.7100067138672,191.36000061035156,188.99000549316406,190.41000366210938,10278100,0.0,0.0,0.0
2024-02-02 00:00:00-05:00,188.07000732421875,188.8699951171875,187.85000610351562,188.61000061035156,7337600,0.0,0.0,0.0
2024-02-05 00:00:00-05:00,186.8800048828125,187.82000732421875,186.6999969482422,187.57000732421875,5436100,0.0,0.0,0.0
2024-02-06 00:00:00-05:00,187.94000244140625,188.85000610351562,187.74000549316406,188.5500030517578,4866100,0.0,0.0,0.0
2024-02-07 00:00:00-05:00,188.4499969482422,189.38999938964844,188.27999877929688,188.5,6276900,0.0,0.0,0.0
2024-02-08 00:00:00-05:00,187.91000366210938,188.52999877929688,187.82000732421875,188.3300018310547,3873300,0.0,0.0,0.0
2024-02-09 00:00:00-05:00,187.55999755859375,187.77000427246094,187.13999938964844,187.60000610351562,4412600,0.0,0.0,0.0
2024-02-12 00:00:00-05:00,186.60000610351562,187.27000427246094,186.36000061035156,187.11000061035156,4706300,0.0,0.0,0.0
2024-02-13 00:00:00-05:00,185.35000610351562,185.3800048828125,184.3300018310547,184.52999877929688,9525800,0.0,0.0,0.0
2024-02-14 00:00:00-05:00,184.27000427246094,184.8800048828125,183.77999877929688,184.4199981689453,7031600,0.0,0.0,0.0
2024-02-15 00:00:00-05:00,185.60000610351562,186.02000427246094,185.10000610351562,185.66000366210938,6228900,0.0,0.0,0.0
2024-02-16 00:00:00-05:00,185.0800018310547,186.6699981689453,184.83999633789062,186.33999633789062,6518500,0.0,0.0,0.0
2024-02-20 00:00:00-05:00,187.9600067138672,188.02999877929688,187.39999389648438,187.47000122070312,5531200,0.0,0.0,0.0
2024-02-21 00:00:00-05:00,187.8800048828125,188.0399932861328,187.10000610351562,187.47999572753906,5789200,0.0,0.0,0.0
2024-02-22 00:00:00-05:00,187.55999755859375,187.63999938964844,187.0500030517578,187.55999755859375,4550800,0.0,0.0,0.0
2024-02-23 00:00:00-05:00,187.55999755859375,189.17999267578125,187.4600067138672,188.6199951171875,6827300,0.0,0.0,0.0
2024-02-26 00:00:00-05:00,187.7899932861328,188.36000061035156,187.52999877929688,188.1999969482422,4491900,0.0,0.0,0.0
2024-02-27 00:00:00-05:00,188.5800018310547,188.72000122070312,187.8800048828125,188.0,5165400,0.0,0.0,0.0
2024-02-28 00:00:00-05:00,188.33999633789062,188.52000427246094,188.02999877929688,188.33999633789062,2824100,0.0,0.0,0.0
2024-02-29 00:00:00-05:00,189.63999938964844,189.9199981689453,189.22999572753906,189.30999755859375,6848600,0.0,0.0,0.0
2024-03-01 00:00:00-05:00,190.27000427246094,193.39999389648438,189.44000244140625,192.88999938964844,13411000,0.0,0.0,0.0
2024-03-04 00:00:00-05:00,194.14999389648438,196.3300018310547,193.8800048828125,196.00999450683594,12216300,0.0,0.0,0.0
2024-03-05 00:00:00-05:00,197.44000244140625,198.13999938964844,196.64999389648438,197.19000244140625,9672200,0.0,0.0,0.0
2024-03-06 00:00:00-05:00,198.0800018310547,199.3000030517578,197.44000244140625,198.80999755859375,10459300,0.0,0.0,0.0
2024-03-07 00:00:00-05:00,199.5399932861328,200.11000061035156,198.91000366210938,199.94000244140625,8403700,0.0,0.0,0.0
2024-03-08 00:00:00-05:00,200.88999938964844,203.3000030517578,200.4499969482422,201.6300048828125,13540100,0.0,0.0,0.0
2024-03-11 00:00:00-04:00,201.7100067138672,202.41000366210938,201.4600067138672,202.0,7329600,0.0,0.0,0.0
2024-03-12 00:00:00-04:00,200.4199981689453,200.6300048828125,199.16000366210938,199.7899932861328,9436600,0.0,0.0,0.0
2024-03-13 00:00:00-04:00,200.44000244140625,201.86000061035156,200.35000610351562,201.19000244140625,5930000,0.0,0.0,0.0
2024-03-14 00:00:00-04:00,200.3699951171875,200.47000122070312,199.33999633789062,200.35000610351562,6865000,0.0,0.0,0.0
2024-03-15 00:00:00-04:00,199.94000244140625,200.6300048828125,199.57000732421875,199.7100067138672,4556700,0.0,0.0,0.0
2024-03-18 00:00:00-04:00,199.66000366210938,200.14999389648438,199.50999450683594,200.02999877929688,7206800,0.0,0.0,0.0
2024-03-19 00:00:00-04:00,199.6199951171875,199.80999755859375,198.94000244140625,199.8000030517578,4657500,0.0,0.0,0.0
2024-03-20 00:00:00-04:00,199.16000366210938,202.66000366210938,199.1199951171875,202.17999267578125,9593800,0.0,0.0,0.0
2024-03-21 00:00:00-04:00,203.8800048828125,203.9199981689453,200.60000610351562,201.97000122070312,7396500,0.0,0.0,0.0
2024-03-22 00:00:00-04:00,201.32000732421875,201.86000061035156,199.72000122070312,200.35000610351562,6918500,0.0,0.0,0.0
2024-03-25 00:00:00-04:00,201.19000244140625,201.9499969482422,200.97000122070312,200.99000549316406,4034800,0.0,0.0,0.0
2024-03-26 00:00:00-04:00,202.64999389648438,202.75999450683594,201.07000732421875,201.63999938964844,5752700,0.0,0.0,0.0
2024-03-27 00:00:00-04:00,202.32000732421875,203.22000122070312,202.32000732421875,203.10000610351562,6041000,0.0,0.0,0.0
2024-03-28 00:00:00-04:00,204.5399932861328,206.0500030517578,203.8699951171875,205.72000122070312,9194500,0.0,0.0,0.0
2024-04-01 00:00:00-04:00,208.67999267578125,208.72999572753906,206.2899932861328,207.82000732421875,13677100,0.0,0.0,0.0
2024-04-02 00:00:00-04:00,209.07000732421875,211.02999877929688,208.36000061035156,210.88999938964844,13421100,0.0,0.0,0.0
2024-04-03 00:00:00-04:00,210.57000732421875,212.8300018310547,210.3000030517578,212.74000549316406,11416200,0.0,0.0,0.0
2024-04-04 00:00:00-04:00,212.0,213.4499969482422,211.02000427246094,211.52000427246094,12307300,0.0,0.0,0.0
2024-04-05 00:00:00-04:00,212.49000549316406,215.74000549316406,212.22000122070312,215.13999938964844,13382700,0.0,0.0,0.0
2024-04-08 00:00:00-04:00,215.97999572753906,216.80999755859375,214.61000061035156,216.47999572753906,10331400,0.0,0.0,0.0
2024-04-09 00:00:00-04:00,217.80999755859375,218.86000061035156,216.4499969482422,217.6699981689453,13069900,0.0,0.0,0.0
2024-04-10 00:00:00-04:00,215.3699951171875,217.77999877929688,214.67999267578125,215.61000061035156,13317500,0.0,0.0,0.0
2024-04-11 00:00:00-04:00,216.85000610351562,219.83999633789062,215.88999938964844,219.8000030517578,11415200,0.0,0.0,0.0
2024-04-12 00:00:00-04:00,221.8699951171875,225.08999633789062,216.02000427246094,216.88999938964844,30898800,0.0,0.0,0.0
2024-04-15 00:00:00-04:00,217.94000244140625,221.02999877929688,215.16000366210938,220.9499969482422,13239000,0.0,0.0,0.0
2024-04-16 00:00:00-04:00,220.17999267578125,221.99000549316406,218.77999877929688,221.22000122070312,10746100,0.0,0.0,0.0
2024-04-17 00:00:00-04:00,221.0500030517578,221.75999450683594,218.52000427246094,219.58999633789062,11521100,0.0,0.0,0.0
2024-04-18 00:00:00-04:00,221.30999755859375,221.4600067138672,219.30999755859375,220.33999633789062,6496900,0.0,0.0,0.0
2024-04-19 00:00:00-04:00,220.49000549316406,222.36000061035156,220.0800018310547,221.02999877929688,8689000,0.0,0.0,0.0
2024-04-22 00:00:00-04:00,216.35000610351562,216.9600067138672,215.13999938964844,215.57000732421875,13404300,0.0,0.0,0.0
2024-04-23 00:00:00-04:00,213.9600067138672,215.86000061035156,213.8699951171875,215.0399932861328,10730300,0.0,0.0,0.0
2024-04-24 00:00:00-04:00,214.75999450683594,216.35000610351562,214.36000061035156,214.63999938964844,5741100,0.0,0.0,0.0
2024-04-25 00:00:00-04:00,214.47000122070312,217.0500030517578,214.33999633789062,215.9199981689453,6606500,0.0,0.0,0.0
2024-04-26 00:00:00-04:00,216.77000427246094,217.07000732421875,215.52999877929688,216.6199951171875,6268500,0.0,0.0,0.0
2024-04-29 00:00:00-04:00,216.02000427246094,217.22000122070312,215.25,216.17999267578125,6409900,0.0,0.0,0.0
2024-04-30 00:00:00-04:00,213.3800048828125,214.1300048828125,211.8000030517578,211.8699951171875,11248600,0.0,0.0,0.0
2024-05-01 00:00:00-04:00,212.9600067138672,215.5,212.41000366210938,213.7899932861328,10373900,0.0,0.0,0.0
2024-05-02 00:00:00-04:00,211.89999389648438,213.7100067138672,211.49000549316406,213.1300048828125,6287000,0.0,0.0,0.0
2024-05-03 00:00:00-04:00,212.88999938964844,213.22999572753906,210.7100067138672,212.9600067138672,8679900,0.0,0.0,0.0
2024-05-06 00:00:00-04:00,215.13999938964844,215.91000366210938,214.47000122070312,215.1999969482422,6840500,0.0,0.0,0.0
2024-05-07 00:00:00-04:00,214.52000427246094,214.92999267578125,213.8800048828125,214.2100067138672,5660700,0.0,0.0,0.0
2024-05-08 00:00:00-04:00,213.6199951171875,214.8000030517578,213.5,213.5800018310547,4462700,0.0,0.0,0.0
2024-05-09 00:00:00-04:00,214.47999572753906,216.9499969482422,214.44000244140625,216.9499969482422,7732500,0.0,0.0,0.0
2024-05-10 00:00:00-04:00,219.22000122070312,219.60000610351562,218.0800018310547,218.7100067138672,8700900,0.0,0.0,0.0
2024-05-13 00:00:00-04:00,217.05999755859375,217.30999755859375,215.8000030517578,216.25999450683594,4896300,0.0,0.0,0.0
2024-05-14 00:00:00-04:00,217.30999755859375,218.3800048828125,216.97999572753906,218.08999633789062,4662700,0.0,0.0,0.0
2024-05-15 00:00:00-04:00,219.05999755859375,221.19000244140625,217.64999389648438,220.88999938964844,9297700,0.0,0.0,0.0
2024-05-16 00:00:00-04:00,220.13999938964844,220.58999633789062,219.41000366210938,220.02999877929688,4301700,0.0,0.0,0.0
2024-05-17 00:00:00-04:00,222.17999267578125,223.85000610351562,221.6699981689453,223.66000366210938,10481900,0.0,0.0,0.0
2024-05-20 00:00:00-04:00,223.7899932861328,225.66000366210938,223.02000427246094,224.55999755859375,5990900,0.0,0.0,0.0
2024-05-21 00:00:00-04:00,224.77000427246094,225.2100067138672,223.6999969482422,224.22999572753906,4002600,0.0,0.0,0.0
2024-05-22 00:00:00-04:00,223.08999633789062,223.24000549316406,219.74000549316406,220.11000061035156,8903100,0.0,0.0,0.0
2024-05-23 00:00:00-04:00,218.77999877929688,219.22999572753906,215.66000366210938,215.72000122070312,9537900,0.0,0.0,0.0
2024-05-24 00:00:00-04:00,216.9600067138672,217.2100067138672,215.74000549316406,215.9199981689453,4212400,0.0,0.0,0.0
2024-05-28 00:00:00-04:00,218.42999267578125,218.58999633789062,217.2100067138672,218.19000244140625,3809700,0.0,0.0,0.0
2024-05-29 00:00:00-04:00,216.9199981689453,217.16000366210938,216.1199951171875,216.16000366210938,4185000,0.0,0.0,0.0
2024-05-30 00:00:00-04:00,216.69000244140625,217.50999450683594,216.41000366210938,216.57000732421875,3068800,0.0,0.0,0.0
2024-05-31 00:00:00-04:00,217.77000427246094,217.9600067138672,214.64999389648438,215.3000030517578,5617200,0.0,0.0,0.0
2024-06-03 00:00:00-04:00,215.9199981689453,217.82000732421875,215.5399932861328,217.22000122070312,6172600,0.0,0.0,0.0
2024-06-04 00:00:00-04:00,216.24000549316406,216.24000549316406,214.1999969482422,215.27000427246094,5509400,0.0,0.0,0.0
2024-06-05 00:00:00-04:00,216.69000244140625,218.0800018310547,215.92999267578125,217.82000732421875,5479200,0.0,0.0,0.0
2024-06-06 00:00:00-04:00,218.36000061035156,219.97000122070312,218.10000610351562,219.42999267578125,5283900,0.0,0.0,0.0
2024-06-07 00:00:00-04:00,215.07000732421875,215.19000244140625,211.5399932861328,211.60000610351562,12195100,0.0,0.0,0.0
2024-06-10 00:00:00-04:00,213.1300048828125,214.02000427246094,212.75999450683594,213.5399932861328,4215300,0.0,0.0,0.0
2024-06-11 00:00:00-04:00,213.9499969482422,214.3800048828125,213.24000549316406,214.14999389648438,4004100,0.0,0.0,0.0
2024-06-12 00:00:00-04:00,216.47000122070312,216.5500030517578,214.1999969482422,214.72000122070312,5911900,0.0,0.0,0.0
2024-06-13 00:00:00-04:00,214.44000244140625,214.9600067138672,212.25999450683594,212.97000122070312,5861100,0.0,0.0,0.0
2024-06-14 00:00:00-04:00,215.33999633789062,216.0399932861328,214.97999572753906,215.72999572753906,7076500,0.0,0.0,0.0
2024-06-17 00:00:00-04:00,214.89999389648438,215.24000549316406,213.60000610351562,214.61000061035156,3877700,0.0,0.0,0.0
2024-06-18 00:00:00-04:00,214.3800048828125,215.8300018310547,214.0399932861328,215.47000122070312,4921400,0.0,0.0,0.0
2024-06-20 00:00:00-04:00,216.32000732421875,218.74000549316406,216.14999389648438,218.16000366210938,7290500,0.0,0.0,0.0
2024-06-21 00:00:00-04:00,217.8300018310547,217.89999389648438,214.25999450683594,214.77999877929688,8865600,0.0,0.0,0.0
2024-06-24 00:00:00-04:00,215.5500030517578,215.94000244140625,215.1999969482422,215.6300048828125,4626900,0.0,0.0,0.0
2024-06-25 00:00:00-04:00,214.9600067138672,215.30999755859375,214.1199951171875,214.55999755859375,3820900,0.0,0.0,0.0
2024-06-26 00:00:00-04:00,212.38999938964844,213.11000061035156,212.1199951171875,212.5800018310547,4690300,0.0,0.0,0.0
2024-06-27 00:00:00-04:00,214.7100067138672,215.5,214.4499969482422,214.99000549316406,4977800,0.0,0.0,0.0
2024-06-28 00:00:00-04:00,215.63999938964844,215.80999755859375,214.82000732421875,215.00999450683594,3955100,0.0,0.0,0.0
2024-07-01 00:00:00-04:00,215.25,216.0,214.49000549316406,215.57000732421875,3797900,0.0,0.0,0.0
2024-07-02 00:00:00-04:00,215.3300018310547,216.0800018310547,214.6199951171875,215.55999755859375,4921700,0.0,0.0,0.0
2024-07-03 00:00:00-04:00,217.33999633789062,218.74000549316406,217.3300018310547,217.99000549316406,5055300,0.0,0.0,0.0
2024-07-05 00:00:00-04:00,219.5800018310547,221.27999877929688,219.5800018310547,220.92999267578125,5950600,0.0,0.0,0.0
2024-07-08 00:00:00-04:00,219.63999938964844,220.0399932861328,217.41000366210938,218.19000244140625,5790800,0.0,0.0,0.0
2024-07-09 00:00:00-04:00,218.57000732421875,219.2899932861328,217.27000427246094,218.55999755859375,3901500,0.0,0.0,0.0
2024-07-10 00:00:00-04:00,220.13999938964844,220.7100067138672,219.16000366210938,219.36000061035156,5556200,0.0,0.0,0.0
2024-07-11 00:00:00-04:00,222.64999389648438,224.14999389648438,221.47999572753906,223.25,9322000,0.0,0.0,0.0
2024-07-12 00:00:00-04:00,222.02999877929688,223.6199951171875,221.86000061035156,223.11000061035156,5179300,0.0,0.0,0.0
2024-07-15 00:00:00-04:00,223.38999938964844,225.58999633789062,223.02000427246094,223.8300018310547,5719300,0.0,0.0,0.0
2024-07-16 00:00:00-04:00,225.4499969482422,228.2899932861328,225.3000030517578,228.2899932861328,11070700,0.0,0.0,0.0
2024-07-17 00:00:00-04:00,228.7899932861328,229.64999389648438,226.6699981689453,227.22999572753906,8620500,0.0,0.0,0.0
2024-07-18 00:00:00-04:00,227.7100067138672,228.32000732421875,225.57000732421875,225.77999877929688,5485500,0.0,0.0,0.0
2024-07-19 00:00:00-04:00,221.52000427246094,222.67999267578125,221.41000366210938,221.72999572753906,8666000,0.0,0.0,0.0
2024-07-22 00:00:00-04:00,221.5800018310547,221.9199981689453,220.39999389648438,221.8000030517578,5334100,0.0,0.0,0.0
2024-07-23 00:00:00-04:00,222.33999633789062,222.75,221.86000061035156,222.5800018310547,4435700,0.0,0.0,0.0
2024-07-24 00:00:00-04:00,223.47000122070312,224.8800048828125,221.74000549316406,221.8000030517578,6838800,0.0,0.0,0.0
2024-07-25 00:00:00-04:00,219.02000427246094,219.25999450683594,217.52000427246094,218.3300018310547,9777100,0.0,0.0,0.0
2024-07-26 00:00:00-04:00,219.9600067138672,221.0399932861328,219.6999969482422,220.6300048828125,6328800,0.0,0.0,0.0
2024-07-29 00:00:00-04:00,221.25999450683594,221.5500030517578,219.0500030517578,220.32000732421875,4665100,0.0,0.0,0.0
2024-07-30 00:00:00-04:00,221.41000366210938,222.9199981689453,220.36000061035156,222.52000427246094,4939500,0.0,0.0,0.0
2024-07-31 00:00:00-04:00,223.72999572753906,226.60000610351562,223.63999938964844,226.5500030517578,7316600,0.0,0.0,0.0
2024-08-01 00:00:00-04:00,226.74000549316406,227.57000732421875,225.0500030517578,225.77000427246094,7217200,0.0,0.0,0.0
2024-08-02 00:00:00-04:00,227.9499969482422,228.75999450683594,222.8699951171875,225.33999633789062,11109400,0.0,0.0,0.0
2024-08-05 00:00:00-04:00,220.55999755859375,223.10000610351562,220.24000549316406,222.47999572753906,8939000,0.0,0.0,0.0
2024-08-06 00:00:00-04:00,221.5,222.13999938964844,220.11000061035156,220.6999969482422,14362300,0.0,0.0,0.0
2024-08-07 00:00:00-04:00,221.94000244140625,222.30999755859375,220.35000610351562,220.5500030517578,5287800,0.0,0.0,0.0
2024-08-08 00:00:00-04:00,222.72999572753906,224.25,222.52000427246094,224.00999450683594,6327100,0.0,0.0,0.0
2024-08-09 00:00:00-04:00,224.82000732421875,225.27999877929688,223.82000732421875,224.55999755859375,4441000,0.0,0.0,0.0
2024-08-12 00:00:00-04:00,226.13999938964844,228.5399932861328,225.97000122070312,228.41000366210938,5561300,0.0,0.0,0.0
2024-08-13 00:00:00-04:00,228.07000732421875,228.8699951171875,227.58999633789062,228.05999755859375,6740200,0.0,0.0,0.0
2024-08-14 00:00:00-04:00,226.5500030517578,227.47999572753906,225.35000610351562,226.1999969482422,5462500,0.0,0.0,0.0
2024-08-15 00:00:00-04:00,226.50999450683594,227.5,225.1199951171875,226.91000366210938,5273300,0.0,0.0,0.0
2024-08-16 00:00:00-04:00,229.99000549316406,232.02000427246094,229.00999450683594,231.99000549316406,11924500,0.0,0.0,0.0
2024-08-19 00:00:00-04:00,230.14999389648438,231.77999877929688,229.74000549316406,231.61000061035156,5164800,0.0,0.0,0.0
2024-08-20 00:00:00-04:00,233.7100067138672,234.00999450683594,231.1300048828125,232.4600067138672,9073600,0.0,0.0,0.0
2024-08-21 00:00:00-04:00,231.69000244140625,232.8699951171875,230.47999572753906,232.14999389648438,5337400,0.0,0.0,0.0
2024-08-22 00:00:00-04:00,230.35000610351562,230.3800048828125,228.25999450683594,229.3699951171875,5765400,0.0,0.0,0.0
2024-08-23 00:00:00-04:00,231.0399932861328,232.72999572753906,230.52000427246094,232.02000427246094,5418200,0.0,0.0,0.0
2024-08-26 00:00:00-04:00,233.4499969482422,233.5,232.05999755859375,232.75999450683594,3151400,0.0,0.0,0.0
2024-08-27 00:00:00-04:00,231.69000244140625,233.47000122070312,231.57000732421875,233.38999938964844,4435600,0.0,0.0,0.0
2024-08-28 00:00:00-04:00,232.0,232.02000427246094,230.72999572753906,231.75,4961500,0.0,0.0,0.0
2024-08-29 00:00:00-04:00,231.9499969482422,233.61000061035156,231.9199981689453,232.9499969482422,5524200,0.0,0.0,0.0
2024-08-30 00:00:00-04:00,232.52999877929688,232.86000061035156,230.5500030517578,231.2899932861328,5743000,0.0,0.0,0.0
2024-09-03 00:00:00-04:00,230.3800048828125,230.5399932861328,228.52000427246094,230.2899932861328,6417900,0.0,0.0,0.0
2024-09-04 00:00:00-04:00,229.7899932861328,231.05999755859375,229.3800048828125,230.42999267578125,4696000,0.0,0.0,0.0
2024-09-05 00:00:00-04:00,232.72000122070312,232.88999938964844,231.3300018310547,232.35000610351562,4838100,0.0,0.0,0.0
2024-09-06 00:00:00-04:00,231.8300018310547,232.75999450683594,229.6199951171875,230.6300048828125,6315800,0.0,0.0,0.0
2024-09-09 00:00:00-04:00,231.25999450683594,231.6199951171875,230.38999938964844,231.60000610351562,3548800,0.0,0.0,0.0
2024-09-10 00:00:00-04:00,232.38999938964844,232.74000549316406,231.1199951171875,232.6199951171875,4378300,0.0,0.0,0.0
2024-09-11 00:00:00-04:00,231.72000122070312,232.8699951171875,231.08999633789062,232.25,4637300,0.0,0.0,0.0
2024-09-12 00:00:00-04:00,234.6300048828125,236.4499969482422,234.4199981689453,236.3300018310547,9930200,0.0,0.0,0.0
2024-09-13 00:00:00-04:00,238.1300048828125,238.97999572753906,237.75999450683594,238.67999267578125,7455100,0.0,0.0,0.0
2024-09-16 00:00:00-04:00,238.72999572753906,239.27999877929688,238.0500030517578,238.66000366210938,4713500,0.0,0.0,0.0
2024-09-17 00:00:00-04:00,238.0800018310547,238.60000610351562,236.61000061035156,237.33999633789062,5257100,0.0,0.0,0.0
2024-09-18 00:00:00-04:00,238.19000244140625,240.2899932861328,235.3000030517578,235.50999450683594,11081100,0.0,0.0,0.0
2024-09-19 00:00:00-04:00,238.24000549316406,239.52000427246094,237.38999938964844,239.1699981689453,6108200,0.0,0.0,0.0
2024-09-20 00:00:00-04:00,241.11000061035156,242.6300048828125,240.47000122070312,242.2100067138672,7737400,0.0,0.0,0.0
2024-09-23 00:00:00-04:00,242.97000122070312,243.4600067138672,242.58999633789062,242.67999267578125,5426200,0.0,0.0,0.0
2024-09-24 00:00:00-04:00,243.38999938964844,246.19000244140625,243.14999389648438,246.07000732421875,8386300,0.0,0.0,0.0
2024-09-25 00:00:00-04:00,246.19000244140625,246.47000122070312,244.7899932861328,245.72999572753906,7393400,0.0,0.0,0.0
2024-09-26 00:00:00-04:00,246.44000244140625,247.3699951171875,245.19000244140625,246.97999572753906,7041100,0.0,0.0,0.0
2024-09-27 00:00:00-04:00,246.30999755859375,246.75,244.19000244140625,245.02000427246094,8329600,0.0,0.0,0.0
2024-09-30 00:00:00-04:00,243.97000122070312,244.0800018310547,242.5,243.05999755859375,6916700,0.0,0.0,0.0
2024-10-01 00:00:00-04:00,245.1999969482422,246.97999572753906,245.05999755859375,245.61000061035156,10605500,0.0,0.0,0.0
2024-10-02 00:00:00-04:00,245.61000061035156,246.07000732421875,243.99000549316406,245.66000366210938,6798800,0.0,0.0,0.0
2024-10-03 00:00:00-04:00,244.72000122070312,245.91000366210938,243.69000244140625,245.49000549316406,5674500,0.0,0.0,0.0
2024-10-04 00:00:00-04:00,245.0,246.69000244140625,244.0500030517578,245.0,5947800,0.0,0.0,0.0
2024-10-07 00:00:00-04:00,244.5800018310547,244.82000732421875,243.80999755859375,244.1699981689453,3849000,0.0,0.0,0.0
2024-10-08 00:00:00-04:00,243.7899932861328,244.0399932861328,240.6300048828125,242.3699951171875,7669800,0.0,0.0,0.0
2024-10-09 00:00:00-04:00,241.16000366210938,241.83999633789062,240.63999938964844,241.0500030517578,4120500,0.0,0.0,0.0
2024-10-10 00:00:00-04:00,241.77000427246094,243.02000427246094,241.50999450683594,242.82000732421875,4792700,0.0,0.0,0.0
2024-10-11 00:00:00-04:00,244.5,245.9199981689453,244.47000122070312,245.47000122070312,5789500,0.0,0.0,0.0
2024-10-14 00:00:00-04:00,245.16000366210938,245.86000061035156,244.25999450683594,245.07000732421875,3922900,0.0,0.0,0.0
2024-10-15 00:00:00-04:00,244.99000549316406,246.5500030517578,244.52999877929688,245.9199981689453,5640800,0.0,0.0,0.0
2024-10-16 00:00:00-04:00,247.6199951171875,248.08999633789062,246.36000061035156,247.14999389648438,5431900,0.0,0.0,0.0
2024-10-17 00:00:00-04:00,247.75,249.05999755859375,247.6199951171875,248.6300048828125,5176200,0.0,0.0,0.0
2024-10-18 00:00:00-04:00,250.0,251.3699951171875,249.89999389648438,251.27000427246094,7833600,0.0,0.0,0.0
2024-10-21 00:00:00-04:00,252.74000549316406,253.13999938964844,250.72999572753906,251.22000122070312,9258600,0.0,0.0,0.0
2024-10-22 00:00:00-04:00,253.05999755859375,253.94000244140625,252.52000427246094,253.92999267578125,5756300,0.0,0.0,0.0
2024-10-23 00:00:00-04:00,253.0800018310547,253.17999267578125,250.1999969482422,250.8699951171875,8081000,0.0,0.0,0.0
2024-10-24 00:00:00-04:00,253.27000427246094,253.32000732421875,251.39999389648438,252.8000030517578,5962200,0.0,0.0,0.0
2024-10-25 00:00:00-04:00,252.0,253.5500030517578,251.77000427246094,253.32000732421875,4424500,0.0,0.0,0.0
2024-10-28 00:00:00-04:00,253.00999450683594,253.6300048828125,252.9499969482422,253.3300018310547,4029100,0.0,0.0,0.0
2024-10-29 00:00:00-04:00,254.49000549316406,256.2900085449219,254.22999572753906,256.0899963378906,8875500,0.0,0.0,0.0
2024-10-30 00:00:00-04:00,256.760009765625,257.7099914550781,255.91000366210938,257.5,6386200,0.0,0.0,0.0
2024-10-31 00:00:00-04:00,255.52000427246094,255.60000610351562,252.1999969482422,253.50999450683594,9930800,0.0,0.0,0.0
2024-11-01 00:00:00-04:00,254.3300018310547,254.86000061035156,252.44000244140625,252.47000122070312,6473000,0.0,0.0,0.0
2024-11-04 00:00:00-05:00,253.32000732421875,253.5800018310547,252.27000427246094,252.8300018310547,4581400,0.0,0.0,0.0
2024-11-05 00:00:00-05:00,253.77999877929688,253.99000549316406,252.41000366210938,253.39999389648438,6029900,0.0,0.0,0.0
2024-11-06 00:00:00-05:00,245.63999938964844,247.35000610351562,244.9499969482422,245.6999969482422,14600200,0.0,0.0,0.0
2024-11-07 00:00:00-05:00,248.2899932861328,250.24000549316406,248.1199951171875,249.64999389648438,8821400,0.0,0.0,0.0
2024-11-08 00:00:00-05:00,249.07000732421875,249.35000610351562,247.77999877929688,247.9600067138672,6267900,0.0,0.0,0.0
2024-11-11 00:00:00-05:00,242.72999572753906,242.72999572753906,241.05999755859375,242.13999938964844,11653800,0.0,0.0,0.0
2024-11-12 00:00:00-05:00,241.2899932861328,241.66000366210938,239.38999938964844,240.0500030517578,10145500,0.0,0.0,0.0
2024-11-13 00:00:00-05:00,241.30999755859375,241.47000122070312,237.58999633789062,237.6300048828125,8431700,0.0,0.0,0.0
2024-11-14 00:00:00-05:00,236.57000732421875,237.99000549316406,236.1300048828125,237.00999450683594,8262400,0.0,0.0,0.0
2024-11-15 00:00:00-05:00,237.57000732421875,237.8800048828125,236.3300018310547,236.58999633789062,7299500,0.0,0.0,0.0
2024-11-18 00:00:00-05:00,240.4600067138672,241.5,240.4499969482422,241.08999633789062,6323400,0.0,0.0,0.0
2024-11-19 00:00:00-05:00,242.75,243.30999755859375,242.02999877929688,243.25,6579100,0.0,0.0,0.0
2024-11-20 00:00:00-05:00,243.74000549316406,245.2100067138672,243.50999450683594,244.6199951171875,6630700,0.0,0.0,0.0
2024-11-21 00:00:00-05:00,246.22999572753906,246.80999755859375,245.69000244140625,246.66000366210938,7646400,0.0,0.0,0.0
2024-11-22 00:00:00-05:00,248.1999969482422,250.38999938964844,247.86000061035156,249.83999633789062,7503000,0.0,0.0,0.0
2024-11-25 00:00:00-05:00,244.27000427246094,244.39999389648438,241.47999572753906,242.47999572753906,10733100,0.0,0.0,0.0
2024-11-26 00:00:00-05:00,242.7100067138672,243.08999633789062,241.5800018310547,242.9499969482422,4945900,0.0,0.0,0.0
2024-11-27 00:00:00-05:00,244.85000610351562,245.17999267578125,243.1999969482422,243.49000549316406,6930600,0.0,0.0,0.0
2024-11-29 00:00:00-05:00,245.25,245.80999755859375,244.72999572753906,245.58999633789062,2708500,0.0,0.0,0.0
2024-12-02 00:00:00-05:00,244.4600067138672,244.5800018310547,243.13999938964844,243.44000244140625,4765000,0.0,0.0,0.0
2024-12-03 00:00:00-05:00,244.9600067138672,245.17999267578125,243.3000030517578,243.92999267578125,3557800,0.0,0.0,0.0
2024-12-04 00:00:00-05:00,244.92999267578125,245.33999633789062,244.3699951171875,244.6699981689453,4608600,0.0,0.0,0.0
2024-12-05 00:00:00-05:00,244.16000366210938,244.3800048828125,242.14999389648438,242.86000061035156,4806200,0.0,0.0,0.0
2024-12-06 00:00:00-05:00,242.7899932861328,243.86000061035156,242.44000244140625,242.9499969482422,3540700,0.0,0.0,0.0
2024-12-09 00:00:00-05:00,246.27999877929688,247.11000061035156,245.25999450683594,245.36000061035156,4711500,0.0,0.0,0.0
2024-12-10 00:00:00-05:00,247.86000061035156,248.86000061035156,247.8300018310547,248.58999633789062,4642000,0.0,0.0,0.0
2024-12-11 00:00:00-05:00,249.35000610351562,251.25999450683594,248.97000122070312,250.9600067138672,11033800,0.0,0.0,0.0
2024-12-12 00:00:00-05:00,247.80999755859375,248.24000549316406,246.8699951171875,247.27999877929688,10149600,0.0,0.0,0.0
2024-12-13 00:00:00-05:00,245.6699981689453,245.94000244140625,244.27000427246094,244.2899932861328,6602600,0.0,0.0,0.0
2024-12-16 00:00:00-05:00,245.41000366210938,245.5399932861328,244.2899932861328,244.8800048828125,3310000,0.0,0.0,0.0
2024-12-17 00:00:00-05:00,243.8000030517578,244.5500030517578,243.22999572753906,243.94000244140625,4421300,0.0,0.0,0.0
2024-12-18 00:00:00-05:00,243.57000732421875,243.7100067138672,238.82000732421875,239.25999450683594,8015800,0.0,0.0,0.0
2024-12-19 00:00:00-05:00,239.6699981689453,240.0500030517578,238.72999572753906,239.60000610351562,8111400,0.0,0.0,0.0
2024-12-20 00:00:00-05:00,241.41000366210938,242.9600067138672,241.1699981689453,242.10000610351562,9527800,0.0,0.0,0.0
2024-12-23 00:00:00-05:00,241.60000610351562,241.6699981689453,240.64999389648438,240.9600067138672,5835500,0.0,0.0,0.0
2024-12-24 00:00:00-05:00,241.49000549316406,241.66000366210938,240.82000732421875,241.44000244140625,2421000,0.0,0.0,0.0
2024-12-26 00:00:00-05:00,242.38999938964844,243.55999755859375,242.1999969482422,243.07000732421875,4645100,0.0,0.0,0.0
2024-12-27 00:00:00-05:00,241.1999969482422,241.9499969482422,241.0500030517578,241.39999389648438,4728100,0.0,0.0,0.0
2024-12-30 00:00:00-05:00,241.0800018310547,241.0800018310547,239.5800018310547,240.6300048828125,3522500,0.0,0.0,0.0
2024-12-31 00:00:00-05:00,241.0500030517578,242.52000427246094,241.0500030517578,242.1300048828125,2522100,0.0,0.0,0.0
2025-01-02 00:00:00-05:00,244.22000122070312,245.52999877929688,244.0800018310547,245.4199981689453,6241900,0.0,0.0,0.0
2025-01-03 00:00:00-05:00,244.55999755859375,244.82000732421875,243.36000061035156,243.49000549316406,4872100,0.0,0.0,0.0
2025-01-06 00:00:00-05:00,242.3300018310547,243.7899932861328,242.0500030517578,243.19000244140625,3758900,0.0,0.0,0.0
2025-01-07 00:00:00-05:00,245.52000427246094,245.77000427246094,243.80999755859375,244.55999755859375,5090300,0.0,0.0,0.0
2025-01-08 00:00:00-05:00,245.72000122070312,246.4499969482422,244.50999450683594,245.86000061035156,6303300,0.0,0.0,0.0
2025-01-10 00:00:00-05:00,248.00999450683594,249.0399932861328,247.5500030517578,248.2100067138672,12380100,0.0,0.0,0.0
2025-01-13 00:00:00-05:00,246.33999633789062,246.7899932861328,245.14999389648438,245.74000549316406,8448600,0.0,0.0,0.0
2025-01-14 00:00:00-05:00,245.6199951171875,247.0399932861328,245.52000427246094,247.02999877929688,4914800,0.0,0.0,0.0
2025-01-15 00:00:00-05:00,248.2100067138672,248.89999389648438,247.00999450683594,248.8800048828125,6345000,0.0,0.0,0.0
2025-01-16 00:00:00-05:00,250.55999755859375,251.38999938964844,250.27000427246094,250.60000610351562,9236000,0.0,0.0,0.0
2025-01-17 00:00:00-05:00,249.6999969482422,250.80999755859375,249.14999389648438,249.27000427246094,8312900,0.0,0.0,0.0
2025-01-21 00:00:00-05:00,251.9499969482422,253.36000061035156,251.8300018310547,253.1300048828125,7668100,0.0,0.0,0.0
2025-01-22 00:00:00-05:00,254.2899932861328,254.67999267578125,253.77999877929688,254.42999267578125,5213800,0.0,0.0,0.0
2025-01-23 00:00:00-05:00,253.19000244140625,254.5399932861328,252.82000732421875,254.07000732421875,6511500,0.0,0.0,0.0
2025-01-24 00:00:00-05:00,255.9600067138672,257.07000732421875,255.61000061035156,255.64999389648438,7341300,0.0,0.0,0.0
2025-01-27 00:00:00-05:00,253.86000061035156,254.25999450683594,251.9199981689453,252.99000549316406,5799800,0.0,0.0,0.0
2025-01-28 00:00:00-05:00,254.22999572753906,255.25,253.88999938964844,255.17999267578125,5332000,0.0,0.0,0.0
2025-01-29 00:00:00-05:00,254.5500030517578,254.82000732421875,253.3000030517578,254.1999969482422,5671800,0.0,0.0,0.0
2025-01-30 00:00:00-05:00,257.20001220703125,258.2900085449219,256.45001220703125,258.04998779296875,12981200,0.0,0.0,0.0
2025-01-31 00:00:00-05:00,259.0799865722656,259.989990234375,257.8599853515625,258.55999755859375,8961100,0.0,0.0,0.0
2025-02-03 00:00:00-05:00,259.75,261.3900146484375,259.5199890136719,259.94000244140625,11521100,0.0,0.0,0.0
2025-02-04 00:00:00-05:00,261.8299865722656,262.5400085449219,261.3500061035156,262.5,9850400,0.0,0.0,0.0
2025-02-05 00:00:00-05:00,264.45001220703125,265.989990234375,263.8900146484375,264.1300048828125,12681100,0.0,0.0,0.0
2025-02-06 00:00:00-05:00,263.6600036621094,263.7200012207031,261.489990234375,263.42999267578125,8731400,0.0,0.0,0.0
2025-02-07 00:00:00-05:00,265.2200012207031,266.3500061035156,263.260009765625,263.8999938964844,9154000,0.0,0.0,0.0
2025-02-10 00:00:00-05:00,268.0,268.6600036621094,267.239990234375,268.3699951171875,13250300,0.0,0.0,0.0
2025-02-11 00:00:00-05:00,267.70001220703125,268.3599853515625,266.7099914550781,267.3900146484375,7169500,0.0,0.0,0.0
2025-02-12 00:00:00-05:00,267.1499938964844,268.42999267578125,266.3500061035156,267.6700134277344,9328600,0.0,0.0,0.0
2025-02-13 00:00:00-05:00,268.3999938964844,270.3900146484375,268.2200012207031,270.30999755859375,8347500,0.0,0.0,0.0
2025-02-14 00:00:00-05:00,270.07000732421875,270.2099914550781,265.45001220703125,266.2900085449219,11546700,0.0,0.0,0.0
2025-02-18 00:00:00-05:00,269.67999267578125,271.010009765625,269.6000061035156,270.70001220703125,8185900,0.0,0.0,0.0
2025-02-19 00:00:00-05:00,270.67999267578125,271.3299865722656,269.239990234375,270.8500061035156,9342500,0.0,0.0,0.0
2025-02-20 00:00:00-05:00,270.2300109863281,271.8399963378906,270.1700134277344,270.989990234375,7356900,0.0,0.0,0.0
2025-02-21 00:00:00-05:00,270.79998779296875,271.510009765625,269.510009765625,270.739990234375,8917400,0.0,0.0,0.0
2025-02-24 00:00:00-05:00,271.45001220703125,272.32000732421875,270.3800048828125,272.2099914550781,5374400,0.0,0.0,0.0
2025-02-25 00:00:00-05:00,271.4599914550781,271.67999267578125,266.45001220703125,268.6199951171875,10079800,0.0,0.0,0.0
2025-02-26 00:00:00-05:00,267.0799865722656,269.0799865722656,266.6600036621094,269.0299987792969,7276000,0.0,0.0,0.0
2025-02-27 00:00:00-05:00,266.489990234375,266.6700134277344,264.45001220703125,264.92999267578125,9374600,0.0,0.0,0.0
2025-02-28 00:00:00-05:00,262.55999755859375,263.3999938964844,261.25,263.2699890136719,11504500,0.0,0.0,0.0
2025-03-03 00:00:00-05:00,265.07000732421875,266.8800048828125,265.07000732421875,266.739990234375,7725600,0.0,0.0,0.0
2025-03-04 00:00:00-05:00,269.010009765625,269.3999938964844,267.5199890136719,269.05999755859375,8481300,0.0,0.0,0.0
2025-03-05 00:00:00-05:00,267.9700012207031,270.260009765625,267.9599914550781,269.6199951171875,6990400,0.0,0.0,0.0
2025-03-06 00:00:00-05:00,268.25,269.510009765625,268.1600036621094,268.25,6136400,0.0,0.0,0.0
2025-03-07 00:00:00-05:00,269.0899963378906,270.3399963378906,267.6400146484375,268.3900146484375,10431200,0.0,0.0,0.0
2025-03-10 00:00:00-04:00,267.6199951171875,268.44000244140625,265.6400146484375,266.0400085449219,7593900,0.0,0.0,0.0
2025-03-11 00:00:00-04:00,268.4700012207031,269.7300109863281,268.44000244140625,269.1600036621094,8436600,0.0,0.0,0.0
2025-03-12 00:00:00-04:00,268.4700012207031,271.2300109863281,268.3599853515625,270.3299865722656,7236200,0.0,0.0,0.0
2025-03-13 00:00:00-04:00,271.57000732421875,275.3500061035156,271.54998779296875,275.1300048828125,13741500,0.0,0.0,0.0
2025-03-14 00:00:00-04:00,276.2699890136719,276.29998779296875,274.6600036621094,275.239990234375,13365000,0.0,0.0,0.0
2025-03-17 00:00:00-04:00,275.5400085449219,276.7900085449219,275.3900146484375,276.7300109863281,8583400,0.0,0.0,0.0
2025-03-18 00:00:00-04:00,279.8999938964844,280.2099914550781,278.9700012207031,279.9599914550781,9596500,0.0,0.0,0.0
2025-03-19 00:00:00-04:00,279.8500061035156,281.4800109863281,279.05999755859375,281.1099853515625,8822200,0.0,0.0,0.0
2025-03-20 00:00:00-04:00,279.489990234375,280.8999938964844,279.42999267578125,280.75,5863300,0.0,0.0,0.0
2025-03-21 00:00:00-04:00,279.4599914550781,279.4599914550781,276.5899963378906,278.489990234375,9359300,0.0,0.0,0.0
2025-03-24 00:00:00-04:00,278.9100036621094,279.0899963378906,276.8599853515625,277.25,7870100,0.0,0.0,0.0
2025-03-25 00:00:00-04:00,278.7799987792969,279.9599914550781,278.2699890136719,278.4700012207031,5090200,0.0,0.0,0.0
2025-03-26 00:00:00-04:00,278.92999267578125,279.0199890136719,277.7799987792969,278.239990234375,3717500,0.0,0.0,0.0
2025-03-27 00:00:00-04:00,280.54998779296875,282.07000732421875,279.5899963378906,281.9700012207031,8476300,0.0,0.0,0.0
2025-03-28 00:00:00-04:00,283.82000732421875,284.6400146484375,282.8599853515625,284.05999755859375,9563700,0.0,0.0,0.0
2025-03-31 00:00:00-04:00,287.5299987792969,288.3900146484375,285.8500061035156,288.1400146484375,13925100,0.0,0.0,0.0
2025-04-01 00:00:00-04:00,288.5400085449219,289.1300048828125,285.9100036621094,287.57000732421875,15923600,0.0,0.0,0.0
2025-04-02 00:00:00-04:00,288.2799987792969,289.0299987792969,287.3599853515625,288.1600036621094,11074800,0.0,0.0,0.0
2025-04-03 00:00:00-04:00,282.7799987792969,289.0899963378906,282.45001220703125,286.4200134277344,20524400,0.0,0.0,0.0
2025-04-04 00:00:00-04:00,283.6400146484375,284.0299987792969,278.0199890136719,279.7200012207031,21517200,0.0,0.0,0.0
2025-04-07 00:00:00-04:00,278.8599853515625,280.1400146484375,272.5799865722656,273.7099914550781,19807000,0.0,0.0,0.0
2025-04-08 00:00:00-04:00,277.8699951171875,278.32000732421875,274.239990234375,275.20001220703125,12639500,0.0,0.0,0.0
2025-04-09 00:00:00-04:00,282.2200012207031,285.8699951171875,281.0400085449219,285.3800048828125,25342200,0.0,0.0,0.0
2025-04-10 00:00:00-04:00,288.80999755859375,292.8599853515625,287.2300109863281,292.3500061035156,19837800,0.0,0.0,0.0
2025-04-11 00:00:00-04:00,297.9599914550781,299.2699890136719,296.80999755859375,297.92999267578125,21080100,0.0,0.0,0.0
2025-04-14 00:00:00-04:00,295.5400085449219,296.5799865722656,294.5299987792969,296.2300109863281,12427600,0.0,0.0,0.0
2025-04-15 00:00:00-04:00,296.92999267578125,298.0199890136719,296.0899963378906,297.7799987792969,7924100,0.0,0.0,0.0
2025-04-16 00:00:00-04:00,304.6499938964844,308.05999755859375,303.79998779296875,307.4700012207031,20778100,0.0,0.0,0.0
2025-04-17 00:00:00-04:00,306.30999755859375,307.1300048828125,302.7300109863281,306.1199951171875,18287800,0.0,0.0,0.0
2025-04-21 00:00:00-04:00,315.0199890136719,316.4100036621094,313.95001220703125,315.5899963378906,20372300,0.0,0.0,0.0
2025-04-22 00:00:00-04:00,317.489990234375,317.6300048828125,310.3599853515625,311.1099853515625,35242300,0.0,0.0,0.0
2025-04-23 00:00:00-04:00,304.17999267578125,304.739990234375,300.5899963378906,303.6499938964844,25421500,0.0,0.0,0.0
2025-04-24 00:00:00-04:00,306.9800109863281,308.5,304.7099914550781,308.07000732421875,10845000,0.0,0.0,0.0
2025-04-25 00:00:00-04:00,301.7799987792969,305.3699951171875,301.010009765625,304.7300109863281,10691600,0.0,0.0,0.0
2025-04-28 00:00:00-04:00,304.1499938964844,309.1099853515625,302.9700012207031,309.07000732421875,9375500,0.0,0.0,0.0
2025-04-29 00:00:00-04:00,305.80999755859375,306.95001220703125,304.0,306.05999755859375,6852100,0.0,0.0,0.0
2025-04-30 00:00:00-04:00,304.6099853515625,306.07000732421875,303.44000244140625,303.7699890136719,8331900,0.0,0.0,0.0
2025-05-01 00:00:00-04:00,297.4100036621094,297.94000244140625,295.32000732421875,297.4599914550781,14969100,0.0,0.0,0.0
2025-05-02 00:00:00-04:00,300.1700134277344,300.8500061035156,297.0299987792969,297.9800109863281,8678400,0.0,0.0,0.0
2025-05-05 00:00:00-04:00,305.9200134277344,307.6499938964844,304.67999267578125,306.8800048828125,8924000,0.0,0.0,0.0
2025-05-06 00:00:00-04:00,313.1199951171875,315.6199951171875,311.3999938964844,315.4800109863281,11445300,0.0,0.0,0.0
2025-05-07 00:00:00-04:00,312.1000061035156,313.260009765625,310.0799865722656,310.75,7888300,0.0,0.0,0.0
2025-05-08 00:00:00-04:00,309.760009765625,310.4800109863281,303.04998779296875,304.6300048828125,11927600,0.0,0.0,0.0
2025-05-09 00:00:00-04:00,307.7900085449219,308.57000732421875,306.010009765625,306.8399963378906,6913100,0.0,0.0,0.0
2025-05-12 00:00:00-04:00,298.3299865722656,299.4700012207031,296.82000732421875,298.19000244140625,14375900,0.0,0.0,0.0
2025-05-13 00:00:00-04:00,299.0199890136719,300.29998779296875,297.239990234375,299.4599914550781,10233600,0.0,0.0,0.0
2025-05-14 00:00:00-04:00,293.6700134277344,294.79998779296875,291.9599914550781,293.1600036621094,14800600,0.0,0.0,0.0
2025-05-15 00:00:00-04:00,294.1000061035156,297.8999938964844,293.75,297.8399963378906,13497700,0.0,0.0,0.0
2025-05-16 00:00:00-04:00,292.6199951171875,294.5799865722656,291.7799987792969,294.239990234375,14173000,0.0,0.0,0.0
2025-05-19 00:00:00-04:00,297.8500061035156,298.5799865722656,296.4800109863281,298.0299987792969,11656300,0.0,0.0,0.0
2025-05-20 00:00:00-04:00,298.3500061035156,303.67999267578125,298.29998779296875,303.5799865722656,12851000,0.0,0.0,0.0
2025-05-21 00:00:00-04:00,304.54998779296875,306.4599914550781,303.6700134277344,305.82000732421875,12414500,0.0,0.0,0.0
2025-05-22 00:00:00-04:00,305.0899963378906,305.2799987792969,302.1000061035156,303.1099853515625,9704200,0.0,0.0,0.0
2025-05-23 00:00:00-04:00,308.8599853515625,310.25,307.4700012207031,309.75,13339500,0.0,0.0,0.0
2025-05-27 00:00:00-04:00,303.80999755859375,304.8800048828125,302.739990234375,304.5,9578500,0.0,0.0,0.0
2025-05-28 00:00:00-04:00,304.6400146484375,304.989990234375,303.05999755859375,303.80999755859375,8803300,0.0,0.0,0.0
2025-05-29 00:00:00-04:00,305.739990234375,306.8900146484375,304.4599914550781,305.6099853515625,9487900,0.0,0.0,0.0
2025-05-30 00:00:00-04:00,303.6400146484375,304.0199890136719,301.5,303.6000061035156,9553300,0.0,0.0,0.0
2025-06-02 00:00:00-04:00,309.2099914550781,311.7200012207031,308.7200012207031,311.6700134277344,13593200,0.0,0.0,0.0
2025-06-03 00:00:00-04:00,309.55999755859375,309.55999755859375,307.1499938964844,308.9100036621094,9315100,0.0,0.0,0.0
2025-06-04 00:00:00-04:00,309.4100036621094,311.8800048828125,308.739990234375,310.8999938964844,7462500,0.0,0.0,0.0
2025-06-05 00:00:00-04:00,311.239990234375,312.20001220703125,307.6499938964844,309.3299865722656,10817800,0.0,0.0,0.0
2025-06-06 00:00:00-04:00,309.0899963378906,309.20001220703125,305.1000061035156,305.17999267578125,7787500,0.0,0.0,0.0
2025-06-09 00:00:00-04:00,305.3900146484375,307.6099853515625,305.05999755859375,306.6199951171875,7159000,0.0,0.0,0.0
2025-06-10 00:00:00-04:00,308.30999755859375,308.6000061035156,305.8699951171875,306.7099914550781,7071700,0.0,0.0,0.0
2025-06-11 00:00:00-04:00,307.5,308.6199951171875,305.8500061035156,308.3699951171875,9248800,0.0,0.0,0.0
2025-06-12 00:00:00-04:00,311.739990234375,313.1000061035156,311.1499938964844,312.20001220703125,11531400,0.0,0.0,0.0
2025-06-13 00:00:00-04:00,317.260009765625,317.6000061035156,315.0400085449219,316.2900085449219,16592900,0.0,0.0,0.0
2025-06-16 00:00:00-04:00,314.79998779296875,314.8699951171875,311.6499938964844,311.7799987792969,12848400,0.0,0.0,0.0
2025-06-17 00:00:00-04:00,312.6600036621094,313.0,310.1199951171875,311.94000244140625,8234100,0.0,0.0,0.0
2025-06-18 00:00:00-04:00,312.8900146484375,312.9800109863281,309.8599853515625,310.260009765625,9370800,0.0,0.0,0.0
2025-06-20 00:00:00-04:00,309.3299865722656,310.8900146484375,309.25,310.1300048828125,8794700,0.0,0.0,0.0
2025-06-23 00:00:00-04:00,310.3399963378906,312.6700134277344,310.30999755859375,311.0799865722656,12687900,0.0,0.0,0.0
2025-06-24 00:00:00-04:00,305.07000732421875,306.3399963378906,303.5400085449219,306.19000244140625,12035200,0.0,0.0,0.0
2025-06-25 00:00:00-04:00,305.30999755859375,307.3599853515625,305.1199951171875,307.1199951171875,6733200,0.0,0.0,0.0
2025-06-26 00:00:00-04:00,305.7699890136719,307.2799987792969,304.8599853515625,306.7799987792969,6787500,0.0,0.0,0.0
2025-06-27 00:00:00-04:00,300.0299987792969,302.3599853515625,299.8900146484375,301.2200012207031,13301300,0.0,0.0,0.0
2025-06-30 00:00:00-04:00,302.3900146484375,304.9200134277344,301.95001220703125,304.8299865722656,8192100,0.0,0.0,0.0
2025-07-01 00:00:00-04:00,308.55999755859375,309.0,307.3599853515625,307.54998779296875,9335600,0.0,0.0,0.0
2025-07-02 00:00:00-04:00,308.0400085449219,309.3999938964844,306.9599914550781,309.25,8316400,0.0,0.0,0.0
2025-07-03 00:00:00-04:00,307.04998779296875,307.57000732421875,306.1499938964844,307.1400146484375,5275800,0.0,0.0,0.0
2025-07-07 00:00:00-04:00,305.07000732421875,307.7099914550781,304.5299987792969,307.3699951171875,7351600,0.0,0.0,0.0
2025-07-08 00:00:00-04:00,306.29998779296875,306.45001220703125,302.7699890136719,304.1600036621094,11840500,0.0,0.0,0.0
2025-07-09 00:00:00-04:00,303.5799865722656,305.5400085449219,303.2300109863281,305.5199890136719,10644100,0.0,0.0,0.0
2025-07-10 00:00:00-04:00,306.1099853515625,306.510009765625,304.82000732421875,306.20001220703125,7053700,0.0,0.0,0.0
2025-07-11 00:00:00-04:00,308.8599853515625,310.2799987792969,308.5199890136719,309.1400146484375,9187300,0.0,0.0,0.0
2025-07-14 00:00:00-04:00,309.07000732421875,309.3800048828125,307.7300109863281,308.010009765625,5772900,0.0,0.0,0.0
2025-07-15 00:00:00-04:00,307.7300109863281,308.739990234375,305.7900085449219,306.7300109863281,8149000,0.0,0.0,0.0
2025-07-16 00:00:00-04:00,307.1099853515625,311.0899963378906,305.7300109863281,308.260009765625,17693100,0.0,0.0,0.0
2025-07-17 00:00:00-04:00,305.5,307.6700134277344,305.1199951171875,307.5899963378906,6642300,0.0,0.0,0.0
2025-07-18 00:00:00-04:00,309.239990234375,309.3699951171875,308.32000732421875,308.3900146484375,5574300,0.0,0.0,0.0
2025-07-21 00:00:00-04:00,311.8800048828125,313.30999755859375,311.6099853515625,313.1300048828125,10995800,0.0,0.0,0.0
2025-07-22 00:00:00-04:00,314.4800109863281,316.239990234375,313.6199951171875,316.1000061035156,13691800,0.0,0.0,0.0
2025-07-23 00:00:00-04:00,314.0,314.9599914550781,311.4200134277344,312.17999267578125,10547500,0.0,0.0,0.0
2025-07-24 00:00:00-04:00,309.2900085449219,310.989990234375,309.05999755859375,310.2699890136719,7698800,0.0,0.0,0.0
2025-07-25 00:00:00-04:00,307.82000732421875,308.30999755859375,306.20001220703125,307.3999938964844,9376400,0.0,0.0,0.0
2025-07-28 00:00:00-04:00,306.44000244140625,306.5799865722656,304.04998779296875,305.4100036621094,9275400,0.0,0.0,0.0
2025-07-29 00:00:00-04:00,305.79998779296875,307.0299987792969,304.989990234375,306.25,5741100,0.0,0.0,0.0
2025-07-30 00:00:00-04:00,304.4200134277344,304.6499938964844,300.9599914550781,300.9599914550781,13459600,0.0,0.0,0.0
2025-07-31 00:00:00-04:00,304.5899963378906,304.6099853515625,302.8599853515625,302.9599914550781,8981000,0.0,0.0,0.0
2025-08-01 00:00:00-04:00,308.6099853515625,309.54998779296875,307.45001220703125,309.1099853515625,12843400,0.0,0.0,0.0
2025-08-04 00:00:00-04:00,310.79998779296875,311.739990234375,310.3699951171875,310.9100036621094,7639000,0.0,0.0,0.0
2025-08-05 00:00:00-04:00,310.3699951171875,312.239990234375,310.2200012207031,311.1600036621094,6997700,0.0,0.0,0.0
2025-08-06 00:00:00-04:00,310.32000732421875,311.239990234375,309.8399963378906,310.5,7418200,0.0,0.0,0.0
2025-08-07 00:00:00-04:00,311.7200012207031,313.1400146484375,310.70001220703125,313.1199951171875,10891500,0.0,0.0,0.0
2025-08-08 00:00:00-04:00,312.3500061035156,313.5299987792969,311.0,313.04998779296875,19886800,0.0,0.0,0.0
2025-08-11 00:00:00-04:00,308.6199951171875,309.6600036621094,307.6300048828125,308.54998779296875,10326700,0.0,0.0,0.0
2025-08-12 00:00:00-04:00,308.2200012207031,309.30999755859375,306.7099914550781,308.2699890136719,9697400,0.0,0.0,0.0
2025-08-13 00:00:00-04:00,309.1000061035156,310.3900146484375,308.45001220703125,309.2099914550781,4718600,0.0,0.0,0.0
2025-08-14 00:00:00-04:00,307.92999267578125,308.3399963378906,306.5199890136719,307.25,5817700,0.0,0.0,0.0
2025-08-15 00:00:00-04:00,307.3399963378906,308.0,306.8699951171875,307.42999267578125,5990100,0.0,0.0,0.0
2025-08-18 00:00:00-04:00,307.7900085449219,307.8900146484375,306.6300048828125,306.95001220703125,6150100,0.0,0.0,0.0
2025-08-19 00:00:00-04:00,306.760009765625,307.4800109863281,305.19000244140625,305.2699890136719,5029900,0.0,0.0,0.0
2025-08-20 00:00:00-04:00,307.5400085449219,308.4700012207031,307.3999938964844,308.3599853515625,6515400,0.0,0.0,0.0
2025-08-21 00:00:00-04:00,307.8599853515625,308.1499938964844,307.0299987792969,307.2900085449219,4809000,0.0,0.0,0.0
2025-08-22 00:00:00-04:00,306.5199890136719,311.0199890136719,306.42999267578125,310.5799865722656,8526500,0.0,0.0,0.0
2025-08-25 00:00:00-04:00,309.6700134277344,310.8399963378906,309.6700134277344,309.8299865722656,4044400,0.0,0.0,0.0
2025-08-26 00:00:00-04:00,310.6199951171875,312.2099914550781,310.30999755859375,312.0799865722656,11698500,0.0,0.0,0.0
2025-08-27 00:00:00-04:00,311.3900146484375,312.9100036621094,310.7699890136719,312.7099914550781,4320100,0.0,0.0,0.0
2025-08-28 00:00:00-04:00,313.32000732421875,315.0799865722656,313.07000732421875,315.0299987792969,9610200,0.0,0.0,0.0
2025-08-29 00:00:00-04:00,314.7200012207031,318.0899963378906,314.6400146484375,318.07000732421875,15642600,0.0,0.0,0.0
2025-09-02 00:00:00-04:00,320.82000732421875,325.9200134277344,320.239990234375,325.5899963378906,21247500,0.0,0.0,0.0
2025-09-03 00:00:00-04:00,327.760009765625,329.45001220703125,326.7300109863281,328.1400146484375,16062200,0.0,0.0,0.0
2025-09-04 00:00:00-04:00,327.0299987792969,327.55999755859375,325.3500061035156,326.69000244140625,11703100,0.0,0.0,0.0
2025-09-05 00:00:00-04:00,329.5299987792969,331.44000244140625,328.92999267578125,331.04998779296875,16065200,0.0,0.0,0.0
2025-09-08 00:00:00-04:00,333.6600036621094,335.6700134277344,333.2300109863281,334.82000732421875,18617300,0.0,0.0,0.0
2025-09-09 00:00:00-04:00,337.0299987792969,338.30999755859375,333.8500061035156,334.05999755859375,21641900,0.0,0.0,0.0
2025-09-10 00:00:00-04:00,335.7300109863281,336.5,326.19000244140625,335.260009765625,11945700,0.0,0.0,0.0
2025-09-11 00:00:00-04:00,333.3699951171875,335.1600036621094,332.9700012207031,334.760009765625,9082600,0.0,0.0,0.0
2025-09-12 00:00:00-04:00,335.8800048828125,336.3900146484375,335.2300109863281,335.4200134277344,9619700,0.0,0.0,0.0
2025-09-15 00:00:00-04:00,336.30999755859375,339.2799987792969,336.2300109863281,338.9100036621094,10569900,0.0,0.0,0.0
2025-09-16 00:00:00-04:00,340.0899963378906,340.8800048828125,338.6199951171875,339.5899963378906,12161500,0.0,0.0,0.0
2025-09-17 00:00:00-04:00,338.5299987792969,341.239990234375,335.5199890136719,336.9700012207031,16535300,0.0,0.0,0.0
2025-09-18 00:00:00-04:00,336.2200012207031,336.32000732421875,333.80999755859375,335.6199951171875,14913300,0.0,0.0,0.0
2025-09-19 00:00:00-04:00,336.510009765625,339.2300109863281,336.30999755859375,339.17999267578125,14982600,0.0,0.0,0.0
2025-09-22 00:00:00-04:00,342.75,345.07000732421875,341.8399963378906,345.04998779296875,12386400,0.0,0.0,0.0
2025-09-23 00:00:00-04:00,348.2300109863281,348.75,345.32000732421875,346.4599914550781,18384000,0.0,0.0,0.0
2025-09-24 00:00:00-04:00,346.70001220703125,346.8299865722656,342.1400146484375,343.32000732421875,12709100,0.0,0.0,0.0
2025-09-25 00:00:00-04:00,344.3900146484375,345.8299865722656,342.4700012207031,344.75,12639600,0.0,0.0,0.0
2025-09-26 00:00:00-04:00,345.8299865722656,348.25,345.30999755859375,346.739990234375,11698200,0.0,0.0,0.0
2025-09-29 00:00:00-04:00,351.7900085449219,352.8299865722656,351.2799987792969,352.4599914550781,15719600,0.0,0.0,0.0
2025-09-30 00:00:00-04:00,351.1300048828125,355.57000732421875,350.8699951171875,355.4700012207031,13312400,0.0,0.0,0.0
2025-10-01 00:00:00-04:00,356.1700134277344,356.9700012207031,354.7900085449219,356.0299987792969,15573600,0.0,0.0,0.0
2025-10-02 00:00:00-04:00,358.260009765625,358.6700134277344,351.3999938964844,354.7900085449219,16162100,0.0,0.0,0.0
2025-10-03 00:00:00-04:00,357.1199951171875,358.1400146484375,355.79998779296875,357.6400146484375,14464000,0.0,0.0,0.0
2025-10-06 00:00:00-04:00,362.1600036621094,365.29998779296875,361.3699951171875,364.3800048828125,17093700,0.0,0.0,0.0
2025-10-07 00:00:00-04:00,366.510009765625,367.2699890136719,364.54998779296875,366.260009765625,16836800,0.0,0.0,0.0
2025-10-08 00:00:00-04:00,371.6499938964844,373.57000732421875,370.5,372.29998779296875,28052300,0.0,0.0,0.0
2025-10-09 00:00:00-04:00,373.1400146484375,373.2200012207031,362.8299865722656,365.42999267578125,33674800,0.0,0.0,0.0
2025-10-10 00:00:00-04:00,367.5400085449219,370.30999755859375,365.44000244140625,369.1199951171875,24192800,0.0,0.0,0.0
2025-10-13 00:00:00-04:00,376.5,378.8599853515625,375.5799865722656,378.0899963378906,18514400,0.0,0.0,0.0
2025-10-14 00:00:00-04:00,378.2099914550781,382.3800048828125,377.8999938964844,380.7900085449219,18409600,0.0,0.0,0.0
2025-10-15 00:00:00-04:00,385.92999267578125,387.760009765625,384.5899963378906,387.3900146484375,20598300,0.0,0.0,0.0
2025-10-16 00:00:00-04:00,391.1499938964844,396.8699951171875,390.3999938964844,396.45001220703125,33621400,0.0,0.0,0.0
2025-10-17 00:00:00-04:00,397.1400146484375,397.2799987792969,385.2200012207031,388.989990234375,62025000,0.0,0.0,0.0
2025-10-20 00:00:00-04:00,397.45001220703125,403.29998779296875,394.20001220703125,403.1499938964844,34523000,0.0,0.0,0.0
2025-10-21 00:00:00-04:00,386.5400085449219,388.8900146484375,375.6499938964844,377.239990234375,54101400,0.0,0.0,0.0
2025-10-22 00:00:00-04:00,372.75,378.4700012207031,368.92999267578125,377.2799987792969,30524100,0.0,0.0,0.0
2025-10-23 00:00:00-04:00,381.4599914550781,382.25,378.6499938964844,378.7900085449219,13695500,0.0,0.0,0.0
2025-10-24 00:00:00-04:00,378.510009765625,380.7699890136719,376.80999755859375,377.5199890136719,13263800,0.0,0.0,0.0
2025-10-27 00:00:00-04:00,371.1300048828125,371.5899963378906,365.3399963378906,367.010009765625,23657600,0.0,0.0,0.0
2025-10-28 00:00:00-04:00,361.80999755859375,365.29998779296875,360.1199951171875,364.3800048828125,19257600,0.0,0.0,0.0
2025-10-29 00:00:00-04:00,369.6499938964844,370.0799865722656,361.3599853515625,363.0,18891800,0.0,0.0,0.0
2025-10-30 00:00:00-04:00,365.0899963378906,370.3599853515625,364.5,370.1300048828125,14812800,0.0,0.0,0.0
2025-10-31 00:00:00-04:00,370.4700012207031,370.6600036621094,365.5,368.1199951171875,11077900,0.0,0.0,0.0
2025-11-03 00:00:00-05:00,368.9100036621094,370.8399963378906,367.5400085449219,368.7799987792969,7254300,0.0,0.0,0.0
2025-11-04 00:00:00-05:00,363.4800109863281,365.739990234375,361.3900146484375,362.32000732421875,11540100,0.0,0.0,0.0
2025-11-05 00:00:00-05:00,366.3900146484375,367.1000061035156,364.6499938964844,366.510009765625,8357300,0.0,0.0,0.0
2025-11-06 00:00:00-05:00,367.1600036621094,368.17999267578125,364.70001220703125,366.07000732421875,6891100,0.0,0.0,0.0
2025-11-07 00:00:00-05:00,367.94000244140625,370.4200134277344,366.4200134277344,368.30999755859375,11060400,0.0,0.0,0.0
2025-11-10 00:00:00-05:00,375.92999267578125,378.6600036621094,374.7799987792969,378.3800048828125,13456200,0.0,0.0,0.0
2025-11-11 00:00:00-05:00,379.9800109863281,380.3999938964844,376.8699951171875,379.8699951171875,10753200,0.0,0.0,0.0
2025-11-12 00:00:00-05:00,380.07000732421875,387.4599914550781,379.44000244140625,385.989990234375,16203700,0.0,0.0,0.0
2025-11-13 00:00:00-05:00,387.2900085449219,388.17999267578125,381.2099914550781,382.8699951171875,15867900,0.0,0.0,0.0
2025-11-14 00:00:00-05:00,372.8699951171875,378.20001220703125,370.8900146484375,375.9599914550781,15198000,0.0,0.0,0.0
2025-11-17 00:00:00-05:00,374.0400085449219,375.4599914550781,368.5199890136719,371.6499938964844,13295200,0.0,0.0,0.0
2025-11-18 00:00:00-05:00,374.8299865722656,375.5400085449219,371.6199951171875,374.3500061035156,7818800,0.0,0.0,0.0
2025-11-19 00:00:00-05:00,377.7799987792969,380.1700134277344,373.0299987792969,374.9599914550781,10980400,0.0,0.0,0.0
2025-11-20 00:00:00-05:00,375.2900085449219,377.69000244140625,371.8500061035156,374.8500061035156,10506500,0.0,0.0,0.0
2025-11-21 00:00:00-05:00,374.0299987792969,377.2300109863281,372.94000244140625,374.2699890136719,13194600,0.0,0.0,0.0
2025-11-24 00:00:00-05:00,374.8800048828125,380.2799987792969,374.19000244140625,380.20001220703125,10085300,0.0,0.0,0.0
2025-11-25 00:00:00-05:00,380.260009765625,382.5199890136719,378.05999755859375,380.0799865722656,10462800,0.0,0.0,0.0
2025-11-26 00:00:00-05:00,381.05999755859375,383.7799987792969,380.4599914550781,383.1199951171875,9184100,0.0,0.0,0.0
2025-11-28 00:00:00-05:00,385.9800109863281,388.0,384.989990234375,387.8800048828125,7175400,0.0,0.0,0.0
2025-12-01 00:00:00-05:00,390.6099853515625,390.70001220703125,388.05999755859375,389.75,11177100,0.0,0.0,0.0
2025-12-02 00:00:00-05:00,388.8699951171875,388.9800109863281,382.9100036621094,387.239990234375,8103900,0.0,0.0,0.0
2025-12-03 00:00:00-05:00,388.4599914550781,390.1300048828125,385.8299865722656,386.8800048828125,7886800,0.0,0.0,0.0
2025-12-04 00:00:00-05:00,386.9200134277344,388.0,385.3999938964844,387.1300048828125,6754400,0.0,0.0,0.0
2025-12-05 00:00:00-05:00,389.1199951171875,391.739990234375,386.17999267578125,386.44000244140625,9449800,0.0,0.0,0.0
2025-12-08 00:00:00-05:00,387.0199890136719,387.239990234375,384.010009765625,385.4200134277344,6822100,0.0,0.0,0.0
2025-12-09 00:00:00-05:00,385.6199951171875,388.2099914550781,385.2699890136719,387.3999938964844,6358700,0.0,0.0,0.0
2025-12-10 00:00:00-05:00,385.95001220703125,389.760009765625,384.5,389.04998779296875,9120500,0.0,0.0,0.0
2025-12-11 00:00:00-05:00,389.0199890136719,394.0899963378906,388.5,393.239990234375,11240600,0.0,0.0,0.0
2025-12-12 00:00:00-05:00,399.1600036621094,400.3900146484375,391.4700012207031,395.44000244140625,16792100,0.0,0.0,0.0
2025-12-15 00:00:00-05:00,397.760009765625,398.7099914550781,394.07000732421875,395.79998779296875,11345000,0.0,0.0,0.0
2025-12-16 00:00:00-05:00,397.75,398.7099914550781,394.5899963378906,395.8900146484375,9201600,0.0,0.0,0.0
2025-12-17 00:00:00-05:00,398.0799865722656,399.9800109863281,397.25,399.2900085449219,10456900,0.0,0.0,0.0
2025-12-18 00:00:00-05:00,398.2799987792969,402.2099914550781,396.04998779296875,398.57000732421875,11837600,0.0,0.0,0.0
2025-12-19 00:00:00-05:00,397.9200134277344,400.6300048828125,397.1700134277344,399.0199890136719,9894800,0.0,0.0,0.0
2025-12-22 00:00:00-05:00,406.9800109863281,408.5199890136719,405.7200012207031,408.2300109863281,14202100,0.0,0.0,0.0
2025-12-23 00:00:00-05:00,410.29998779296875,413.760009765625,407.1000061035156,413.6400146484375,13193300,0.0,0.0,0.0
2025-12-24 00:00:00-05:00,412.25,412.6300048828125,408.8299865722656,411.92999267578125,6718400,0.0,0.0,0.0
2025-12-26 00:00:00-05:00,416.4800109863281,418.45001220703125,414.75,416.739990234375,10476200,0.0,0.0,0.0
2025-12-29 00:00:00-05:00,403.6600036621094,403.760009765625,395.3299865722656,398.6000061035156,20679200,0.0,0.0,0.0
2025-12-30 00:00:00-05:00,403.6000061035156,403.79998779296875,398.55999755859375,398.8900146484375,10179000,0.0,0.0,0.0
2025-12-31 00:00:00-05:00,398.6000061035156,400.1300048828125,395.5899963378906,396.30999755859375,10194700,0.0,0.0,0.0
2026-01-02 00:00:00-05:00,401.6199951171875,401.82000732421875,396.25,398.2799987792969,10372600,0.0,0.0,0.0
2026-01-05 00:00:00-05:00,406.3900146484375,409.7200012207031,406.1499938964844,408.760009765625,13410600,0.0,0.0,0.0
2026-01-06 00:00:00-05:00,410.6700134277344,413.4800109863281,410.30999755859375,413.17999267578125,11640900,0.0,0.0,0.0
2026-01-07 00:00:00-05:00,408.6300048828125,410.80999755859375,406.6499938964844,409.2300109863281,10589500,0.0,0.0,0.0
2026-01-08 00:00:00-05:00,406.9700012207031,411.6400146484375,406.3999938964844,411.489990234375,8705900,0.0,0.0,0.0
2026-01-09 00:00:00-05:00,413.2200012207031,415.2900085449219,411.79998779296875,414.4700012207031,14011200,0.0,0.0,0.0
2026-01-12 00:00:00-05:00,421.5199890136719,425.739990234375,421.5199890136719,422.2300109863281,20904100,0.0,0.0,0.0
2026-01-13 00:00:00-05:00,424.5899963378906,426.1199951171875,420.07000732421875,421.6300048828125,16681200,0.0,0.0,0.0
2026-01-14 00:00:00-05:00,426.0299987792969,426.8599853515625,422.8399963378906,425.94000244140625,18305500,0.0,0.0,0.0
2026-01-15 00:00:00-05:00,423.0199890136719,425.05999755859375,422.7900085449219,423.3299865722656,14253200,0.0,0.0,0.0
2026-01-16 00:00:00-05:00,422.79998779296875,424.79998779296875,417.0400085449219,421.2900085449219,20951600,0.0,0.0,0.0
2026-01-20 00:00:00-05:00,436.69000244140625,438.1400146484375,434.1000061035156,437.2300109863281,21308100,0.0,0.0,0.0
2026-01-21 00:00:00-05:00,446.8699951171875,448.0,437.1099853515625,443.6000061035156,38830200,0.0,0.0,0.0
2026-01-22 00:00:00-05:00,443.8399963378906,452.9800109863281,443.55999755859375,451.7900085449219,19251200,0.0,0.0,0.0
2026-01-23 00:00:00-05:00,454.1099853515625,458.75,453.45001220703125,458.0,21531900,0.0,0.0,0.0
2026-01-26 00:00:00-05:00,466.7799987792969,469.2799987792969,460.3599853515625,464.70001220703125,34156000,0.0,0.0,0.0
2026-01-27 00:00:00-05:00,465.07000732421875,476.489990234375,463.95001220703125,476.1000061035156,28386200,0.0,0.0,0.0
2026-01-28 00:00:00-05:00,483.3900146484375,495.8800048828125,481.25,494.55999755859375,44154600,0.0,0.0,0.0
2026-01-29 00:00:00-05:00,509.510009765625,509.70001220703125,468.510009765625,495.8999938964844,69970900,0.0,0.0,0.0
2026-01-30 00:00:00-05:00,466.25,470.05999755859375,430.79998779296875,444.95001220703125,86593500,0.0,0.0,0.0
2026-02-02 00:00:00-05:00,434.010009765625,440.7799987792969,422.54998779296875,427.1300048828125,41626200,0.0,0.0,0.0
2026-02-03 00:00:00-05:00,452.6300048828125,459.0,448.30999755859375,454.2900085449219,28703500,0.0,0.0,0.0
2026-02-04 00:00:00-05:00,462.4700012207031,463.1000061035156,445.7099914550781,453.9700012207031,24427900,0.0,0.0,0.0
2026-02-05 00:00:00-05:00,444.2900085449219,450.8999938964844,440.3500061035156,441.8800048828125,17718100,0.0,0.0,0.0
2026-02-06 00:00:00-05:00,450.7300109863281,456.92999267578125,450.0299987792969,455.4599914550781,12663900,0.0,0.0,0.0
2026-02-09 00:00:00-05:00,461.3900146484375,467.55999755859375,460.8500061035156,467.0299987792969,12330900,0.0,0.0,0.0
2026-02-10 00:00:00-05:00,465.9599914550781,466.75,459.5199890136719,462.3999938964844,7861600,0.0,0.0,0.0
2026-02-11 00:00:00-05:00,466.0,468.6099853515625,462.82000732421875,467.6300048828125,11209600,0.0,0.0,0.0
2026-02-12 00:00:00-05:00,464.8999938964844,466.3800048828125,448.05999755859375,451.3900146484375,20488800,0.0,0.0,0.0
2026-02-13 00:00:00-05:00,459.7300109863281,463.8399963378906,456.25,462.6199951171875,12359300,0.0,0.0,0.0
2026-02-17 00:00:00-05:00,450.260009765625,451.3699951171875,445.5299987792969,448.20001220703125,10976100,0.0,0.0,0.0
2026-02-18 00:00:00-05:00,455.80999755859375,460.510009765625,455.32000732421875,458.2799987792969,10226300,0.0,0.0,0.0
2026-02-19 00:00:00-05:00,457.3399963378906,461.510009765625,456.0299987792969,459.55999755859375,8411400,0.0,0.0,0.0
2026-02-20 00:00:00-05:00,463.25,468.6199951171875,458.3399963378906,468.6199951171875,14316300,0.0,0.0,0.0
2026-02-23 00:00:00-05:00,474.6499938964844,481.4599914550781,474.6099853515625,481.2799987792969,17441600,0.0,0.0,0.0
2026-02-24 00:00:00-05:00,470.0899963378906,475.44000244140625,469.54998779296875,474.6099853515625,14147100,0.0,0.0,0.0
2026-02-25 00:00:00-05:00,475.739990234375,479.5299987792969,472.8999938964844,473.4200134277344,12954300,0.0,0.0,0.0
2026-02-26 00:00:00-05:00,474.95001220703125,477.8299865722656,442.0400085449219,477.4800109863281,12375000,0.0,0.0,0.0
2026-02-27 00:00:00-05:00,480.75,483.8999938964844,479.1099853515625,483.75,16795100,0.0,0.0,0.0
2026-03-02 00:00:00-05:00,490.1000061035156,492.1499938964844,483.2799987792969,490.0,19916600,0.0,0.0,0.0
2026-03-03 00:00:00-05:00,472.8299865722656,473.20001220703125,458.92999267578125,468.1400146484375,22591500,0.0,0.0,0.0
2026-03-04 00:00:00-05:00,474.82000732421875,476.4200134277344,469.3900146484375,471.79998779296875,9985900,0.0,0.0,0.0
2026-03-05 00:00:00-05:00,470.45001220703125,470.6700134277344,463.9100036621094,466.1300048828125,11674800,0.0,0.0,0.0
2026-03-06 00:00:00-05:00,469.0400085449219,475.4599914550781,467.07000732421875,473.510009765625,10489800,0.0,0.0,0.0
2026-03-09 00:00:00-04:00,468.0899963378906,472.67999267578125,464.7900085449219,472.5299987792969,8829800,0.0,0.0,0.0
2026-03-10 00:00:00-04:00,479.739990234375,481.30999755859375,474.2099914550781,477.8599853515625,9616800,0.0,0.0,0.0
2026-03-11 00:00:00-04:00,476.1300048828125,477.45001220703125,473.1300048828125,476.239990234375,7522900,0.0,0.0,0.0
2026-03-12 00:00:00-04:00,475.0199890136719,475.0199890136719,466.6000061035156,466.8800048828125,11900600,0.0,0.0,0.0
2026-03-13 00:00:00-04:00,469.30999755859375,470.1000061035156,460.2200012207031,460.8399963378906,11741600,0.0,0.0,0.0
2026-03-16 00:00:00-04:00,461.2699890136719,462.79998779296875,456.9100036621094,460.42999267578125,8964100,0.0,0.0,0.0
2026-03-17 00:00:00-04:00,460.510009765625,462.2099914550781,456.8699951171875,459.2699890136719,7610100,0.0,0.0,0.0
2026-03-18 00:00:00-04:00,446.6600036621094,450.05999755859375,444.3900146484375,444.739990234375,18375600,0.0,0.0,0.0
2026-03-19 00:00:00-04:00,420.3599853515625,428.2699890136719,416.79998779296875,426.4100036621094,30206000,0.0,0.0,0.0
2026-03-20 00:00:00-04:00,428.0899963378906,428.5899963378906,411.2300109863281,413.3800048828125,27204900,0.0,0.0,0.0
2026-03-23 00:00:00-04:00,405.1199951171875,414.5400085449219,399.6400146484375,404.0400085449219,36796800,0.0,0.0,0.0
2026-03-24 00:00:00-04:00,400.239990234375,407.2900085449219,399.20001220703125,404.1300048828125,17478500,0.0,0.0,0.0
2026-03-25 00:00:00-04:00,419.7099914550781,420.6600036621094,412.25,416.2900085449219,15713200,0.0,0.0,0.0
2026-03-26 00:00:00-04:00,408.5299987792969,411.3699951171875,400.260009765625,400.6400146484375,15756300,0.0,0.0,0.0
2026-03-27 00:00:00-04:00,406.20001220703125,418.3999938964844,405.4100036621094,414.70001220703125,16580700,0.0,0.0,0.0
2026-03-30 00:00:00-04:00,419.5400085449219,420.1000061035156,412.6600036621094,414.5799865722656,13172100,0.0,0.0,0.0
2026-03-31 00:00:00-04:00,420.0799865722656,430.57000732421875,419.5899963378906,430.2900085449219,14534300,0.0,0.0,0.0
2026-04-01 00:00:00-04:00,435.0,440.19000244140625,433.760009765625,437.82000732421875,14133100,0.0,0.0,0.0
2026-04-02 00:00:00-04:00,422.2900085449219,431.6700134277344,421.1700134277344,429.4100036621094,10838600,0.0,0.0,0.0
2026-04-06 00:00:00-04:00,428.8699951171875,431.489990234375,426.7099914550781,427.6499938964844,5417300,0.0,0.0,0.0
2026-04-07 00:00:00-04:00,427.8999938964844,433.42999267578125,423.1000061035156,431.80999755859375,7263500,0.0,0.0,0.0
2026-04-08 00:00:00-04:00,439.9800109863281,440.44000244140625,431.30999755859375,434.5299987792969,9689700,0.0,0.0,0.0
2026-04-09 00:00:00-04:00,436.4700012207031,440.9100036621094,435.8699951171875,437.9100036621094,6748500,0.0,0.0,0.0
2026-04-10 00:00:00-04:00,438.5899963378906,440.3500061035156,436.0,437.1300048828125,6193300,0.0,0.0,0.0
2026-04-13 00:00:00-04:00,434.7799987792969,436.2200012207031,431.6300048828125,435.3599853515625,5549400,0.0,0.0,0.0
2026-04-14 00:00:00-04:00,439.32000732421875,445.17999267578125,439.0199890136719,445.0899963378906,8731700,0.0,0.0,0.0
2026-04-15 00:00:00-04:00,442.8800048828125,443.739990234375,439.6000061035156,440.4599914550781,6455900,0.0,0.0,0.0
2026-04-16 00:00:00-04:00,442.1499938964844,442.9800109863281,438.17999267578125,440.0799865722656,5350100,0.0,0.0,0.0
2026-04-17 00:00:00-04:00,445.6499938964844,448.70001220703125,445.32000732421875,445.92999267578125,9712000,0.0,0.0,0.0
2026-04-20 00:00:00-04:00,443.1300048828125,443.4200134277344,440.04998779296875,442.0899963378906,8473000,0.0,0.0,0.0
2026-04-21 00:00:00-04:00,438.54998779296875,440.25,428.7099914550781,429.57000732421875,9480000,0.0,0.0,0.0
2026-04-22 00:00:00-04:00,436.2699890136719,437.1700134277344,433.7799987792969,435.260009765625,5178100,0.0,0.0,0.0
2026-04-23 00:00:00-04:00,433.9599914550781,435.2900085449219,428.2200012207031,431.0400085449219,4976400,0.0,0.0,0.0
2026-04-24 00:00:00-04:00,431.3399963378906,435.2799987792969,430.6499938964844,433.25,5924100,0.0,0.0,0.0
2026-04-27 00:00:00-04:00,431.6600036621094,431.79998779296875,428.5199890136719,429.8900146484375,6105200,0.0,0.0,0.0
2026-04-28 00:00:00-04:00,420.7200012207031,422.5199890136719,418.3999938964844,421.9100036621094,7723400,0.0,0.0,0.0
2026-04-29 00:00:00-04:00,416.739990234375,419.1700134277344,414.1600036621094,417.4100036621094,6452600,0.0,0.0,0.0
2026-04-30 00:00:00-04:00,425.3399963378906,425.4599914550781,422.739990234375,423.6600036621094,6732800,0.0,0.0,0.0
2026-05-01 00:00:00-04:00,421.4100036621094,427.92999267578125,421.0799865722656,423.17999267578125,5911500,0.0,0.0,0.0
2026-05-04 00:00:00-04:00,418.8399963378906,420.8599853515625,413.2799987792969,414.7099914550781,7285700,0.0,0.0,0.0
2026-05-05 00:00:00-04:00,420.1499938964844,421.1600036621094,417.9100036621094,418.2699890136719,4279900,0.0,0.0,0.0
2026-05-06 00:00:00-04:00,430.1499938964844,433.19000244140625,429.6000061035156,430.9599914550781,7013900,0.0,0.0,0.0
2026-05-07 00:00:00-04:00,435.6099853515625,437.4200134277344,430.25,431.67999267578125,6816200,0.0,0.0,0.0
2026-05-08 00:00:00-04:00,434.04998779296875,436.20001220703125,431.70001220703125,433.7699890136719,5380800,0.0,0.0,0.0
2026-05-11 00:00:00-04:00,434.17999267578125,436.0400085449219,432.2099914550781,434.6499938964844,5569100,0.0,0.0,0.0
2026-05-12 00:00:00-04:00,430.70001220703125,432.9800109863281,425.8500061035156,432.92999267578125,6660900,0.0,0.0,0.0
2026-05-13 00:00:00-04:00,430.5199890136719,432.489990234375,428.75,430.5,4180300,0.0,0.0,0.0
2026-05-14 00:00:00-04:00,430.29998779296875,431.5400085449219,427.1000061035156,427.2099914550781,4021400,0.0,0.0,0.0
2026-05-15 00:00:00-04:00,417.6400146484375,419.25,414.1199951171875,417.2900085449219,9360400,0.0,0.0,0.0
2026-05-18 00:00:00-04:00,419.82000732421875,420.92999267578125,416.05999755859375,418.42999267578125,5628300,0.0,0.0,0.0
2026-05-19 00:00:00-04:00,412.45001220703125,414.4700012207031,409.8800048828125,411.5,5419400,0.0,0.0,0.0
2026-05-20 00:00:00-04:00,412.1400146484375,417.989990234375,410.0799865722656,417.3999938964844,6005000,0.0,0.0,0.0
2026-05-21 00:00:00-04:00,413.1400146484375,418.4200134277344,411.95001220703125,416.989990234375,4679900,0.0,0.0,0.0
2026-05-22 00:00:00-04:00,415.1700134277344,415.67999267578125,412.0,413.82000732421875,5528400,0.0,0.0,0.0
2026-05-26 00:00:00-04:00,415.1600036621094,415.9800109863281,411.5,414.0,5098400,0.0,0.0,0.0
2026-05-27 00:00:00-04:00,404.3399963378906,409.25,404.29998779296875,408.489990234375,6624600,0.0,0.0,0.0
2026-05-28 00:00:00-04:00,406.4800109863281,414.510009765625,405.4100036621094,412.7699890136719,7184100,0.0,0.0,0.0
2026-05-29 00:00:00-04:00,415.6199951171875,421.82000732421875,415.0799865722656,417.1199951171875,7705700,0.0,0.0,0.0
2026-06-01 00:00:00-04:00,409.8599853515625,412.6099853515625,408.239990234375,411.260009765625,6158900,0.0,0.0,0.0
2026-06-02 00:00:00-04:00,414.0799865722656,414.3999938964844,411.1000061035156,411.95001220703125,3823900,0.0,0.0,0.0
2026-06-03 00:00:00-04:00,408.3800048828125,409.3800048828125,406.2300109863281,407.8699951171875,5038000,0.0,0.0,0.0
2026-06-04 00:00:00-04:00,413.3699951171875,414.3699951171875,409.010009765625,411.2699890136719,4646500,0.0,0.0,0.0
2026-06-05 00:00:00-04:00,404.3800048828125,404.7200012207031,395.9200134277344,396.239990234375,11473900,0.0,0.0,0.0
2026-06-08 00:00:00-04:00,397.5199890136719,398.9800109863281,396.0299987792969,397.2699890136719,8057300,0.0,0.0,0.0
2026-06-09 00:00:00-04:00,397.57000732421875,400.4800109863281,388.75,390.7799987792969,9567300,0.0,0.0,0.0
2026-06-10 00:00:00-04:00,380.75,384.2099914550781,374.54998779296875,374.5799865722656,13956200,0.0,0.0,0.0
2026-06-11 00:00:00-04:00,373.9599914550781,387.2099914550781,371.8800048828125,386.32000732421875,12622500,0.0,0.0,0.0
2026-06-12 00:00:00-04:00,385.7300109863281,388.7699890136719,383.3500061035156,386.5400085449219,7532600,0.0,0.0,0.0
2026-06-15 00:00:00-04:00,399.489990234375,401.0,396.1499938964844,396.54998779296875,10477100,0.0,0.0,0.0
2026-06-16 00:00:00-04:00,397.8299865722656,398.9599914550781,395.82000732421875,397.6300048828125,6004000,0.0,0.0,0.0
2026-06-17 00:00:00-04:00,397.82000732421875,402.0400085449219,387.0799865722656,388.6000061035156,13343000,0.0,0.0,0.0
2026-06-18 00:00:00-04:00,391.239990234375,392.5,385.6000061035156,387.1199951171875,7627300,0.0,0.0,0.0
2026-06-22 00:00:00-04:00,384.25,386.4100036621094,382.6400146484375,384.5899963378906,7835100,0.0,0.0,0.0
2026-06-23 00:00:00-04:00,377.7200012207031,380.3500061035156,377.1700134277344,377.32000732421875,7389600,0.0,0.0,0.0
2026-06-24 00:00:00-04:00,364.80999755859375,370.8999938964844,363.32000732421875,365.9200134277344,12741700,0.0,0.0,0.0
2026-06-25 00:00:00-04:00,368.989990234375,371.0400085449219,366.79998779296875,369.4599914550781,9137100,0.0,0.0,0.0
2026-06-26 00:00:00-04:00,372.2699890136719,375.8500061035156,371.17999267578125,373.6300048828125,5603300,0.0,0.0,0.0
2026-06-29 00:00:00-04:00,370.5799865722656,371.19000244140625,366.9700012207031,368.5799865722656,5006300,0.0,0.0,0.0
2026-06-30 00:00:00-04:00,369.2200012207031,372.8299865722656,368.260009765625,368.3800048828125,5302100,0.0,0.0,0.0
2026-07-01 00:00:00-04:00,371.2099914550781,377.7799987792969,370.2099914550781,370.6000061035156,9058300,0.0,0.0,0.0
2026-07-02 00:00:00-04:00,377.44000244140625,380.2699890136719,376.2900085449219,378.1300048828125,7592900,0.0,0.0,0.0
2026-07-06 00:00:00-04:00,380.2099914550781,382.42999267578125,378.8299865722656,382.1300048828125,3906500,0.0,0.0,0.0
2026-07-07 00:00:00-04:00,382.3900146484375,383.6000061035156,375.5199890136719,377.489990234375,4815400,0.0,0.0,0.0
2026-07-08 00:00:00-04:00,373.1700134277344,375.4700012207031,368.95001220703125,374.45001220703125,7728500,0.0,0.0,0.0
2026-07-09 00:00:00-04:00,378.510009765625,379.6499938964844,377.4100036621094,378.17999267578125,4754600,0.0,0.0,0.0
2026-07-10 00:00:00-04:00,375.0,377.54998779296875,373.70001220703125,377.010009765625,5455400,0.0,0.0,0.0
2026-07-13 00:00:00-04:00,372.7699890136719,372.8900146484375,365.7699890136719,367.1300048828125,7161700,0.0,0.0,0.0
2026-07-14 00:00:00-04:00,374.5299987792969,376.2799987792969,370.9200134277344,372.1499938964844,6303400,0.0,0.0,0.0
2026-07-15 00:00:00-04:00,372.1099853515625,374.489990234375,369.5,372.3500061035156,7683700,0.0,0.0,0.0
2026-07-16 00:00:00-04:00,367.45001220703125,368.42999267578125,364.04998779296875,364.9599914550781,9048000,0.0,0.0,0.0
2026-07-17 00:00:00-04:00,364.1099853515625,369.2099914550781,363.6000061035156,368.4100036621094,6456600,0.0,0.0,0.0
2026-07-20 00:00:00-04:00,367.7900085449219,368.7900085449219,366.79998779296875,367.6000061035156,3922500,0.0,0.0,0.0
2026-07-21 00:00:00-04:00,371.70001220703125,375.010009765625,371.07000732421875,374.80999755859375,6070600,0.0,0.0,0.0
2026-07-22 00:00:00-04:00,379.07000732421875,382.2200012207031,378.8299865722656,379.1199951171875,7115100,0.0,0.0,0.0
2026-07-23 00:00:00-04:00,372.3599853515625,373.0899963378906,370.5299987792969,371.5199890136719,9820600,0.0,0.0,0.0
2026-07-24 00:00:00-04:00,371.260009765625,374.489990234375,371.0299987792969,371.8999938964844,3852400,0.0,0.0,0.0
2026-07-27 00:00:00-04:00,373.8900146484375,375.5299987792969,372.9100036621094,374.6300048828125,3700000,0.0,0.0,0.0
2026-07-28 00:00:00-04:00,369.6099853515625,371.2300109863281,367.9800109863281,369.3699951171875,4819300,0.0,0.0,0.0
2026-07-29 00:00:00-04:00,368.2900085449219,377.6199951171875,366.5299987792969,371.0799865722656,11839900,0.0,0.0,0.0
2026-07-30 00:00:00-04:00,374.1600036621094,377.8599853515625,373.760009765625,377.1600036621094,5968400,0.0,0.0,0.0
2026-07-31 00:00:00-04:00,370.8399963378906,372.010009765625,368.82000732421875,371.5400085449219,6641400,0.0,0.0,0.0
