Date,Open,High,Low,Close,Volume,Dividends,Stock Splits
1980-03-17 00:00:00-05:00,0.02660543844103813,0.027171827247674,0.02660543844103813,0.02660543844103813,1599244,0.0,0.0
1980-03-18 00:00:00-05:00,0.02660543447593531,0.027030227314713065,0.026464302092790604,0.026464302092790604,861131,0.0,0.0
1980-03-19 00:00:00-05:00,0.02660543844103813,0.027171827247674,0.02660543844103813,0.02660543844103813,246038,0.0,0.0
1980-03-20 00:00:00-05:00,0.02660544132801278,0.02688863662679993,0.026322711259126663,0.026322711259126663,656100,0.0,0.0
1980-03-21 00:00:00-05:00,0.02589791244061734,0.02589791244061734,0.02533198893070221,0.02533198893070221,2091319,0.0,0.0
1980-03-24 00:00:00-05:00,0.02462447194710275,0.02462447194710275,0.024058083072304726,0.024058083072304726,3280500,0.0,0.0
1980-03-25 00:00:00-05:00,0.024199677631258965,0.02476606643368663,0.024199677631258965,0.024199677631258965,328050,0.0,0.0
1980-03-26 00:00:00-05:00,0.024199688756310338,0.024199688756310338,0.023633763194084167,0.023633763194084167,1886288,0.0,0.0
1980-03-27 00:00:00-05:00,0.022218724565016067,0.022218724565016067,0.021652335301041603,0.021652335301041603,2296350,0.0,0.0
1980-03-28 00:00:00-05:00,0.022359853610396385,0.022926242742594905,0.022359853610396385,0.022359853610396385,1927294,0.0,0.0
1980-03-31 00:00:00-05:00,0.023350559175014496,0.023916948028665005,0.023350559175014496,0.023350559175014496,2337356,0.0,0.0
1980-04-01 00:00:00-05:00,0.023633763194084167,0.024199688756310338,0.023633763194084167,0.023633763194084167,615094,0.0,0.0
1980-04-02 00:00:00-05:00,0.024907199665904045,0.025756320262181675,0.024907199665904045,0.024907199665904045,1845281,0.0,0.0
1980-04-03 00:00:00-05:00,0.024907199665904045,0.025756320262181675,0.024907199665904045,0.024907199665904045,123019,0.0,0.0
1980-04-07 00:00:00-05:00,0.024907199665904045,0.025756320262181675,0.024907199665904045,0.024907199665904045,984150,0.0,0.0
1980-04-08 00:00:00-05:00,0.02519039809703827,0.026039517070211148,0.02519039809703827,0.02519039809703827,779119,0.0,0.0
1980-04-09 00:00:00-05:00,0.02717183344066143,0.02802095420851426,0.02717183344066143,0.02717183344066143,4920750,0.0,0.0
1980-04-10 00:00:00-05:00,0.027454564347863197,0.028303683357630435,0.027454564347863197,0.027454564347863197,2870438,0.0,0.0
1980-04-11 00:00:00-05:00,0.027737772092223167,0.028586893264659692,0.027737772092223167,0.027737772092223167,410063,0.0,0.0
1980-04-14 00:00:00-05:00,0.027737772092223167,0.028586893264659692,0.027737772092223167,0.027737772092223167,451069,0.0,0.0
1980-04-15 00:00:00-05:00,0.027737757941446357,0.028303683357630435,0.027454564347863197,0.027454564347863197,451069,0.0,0.0
1980-04-16 00:00:00-05:00,0.02745456527278738,0.02802095420851426,0.02717183344066143,0.02717183344066143,246038,0.0,0.0
1980-04-17 00:00:00-05:00,0.02717183344066143,0.02802095420851426,0.02717183344066143,0.02717183344066143,205031,0.0,0.0
1980-04-18 00:00:00-05:00,0.02717183344066143,0.02802095420851426,0.02717183344066143,0.02717183344066143,410063,0.0,0.0
1980-04-21 00:00:00-05:00,0.02717183344066143,0.02717183344066143,0.02717183344066143,0.02717183344066143,0,0.0,0.0
1980-04-22 00:00:00-05:00,0.030285120010375977,0.03113423911295151,0.030285120010375977,0.030285120010375977,5330813,0.0,0.0
1980-04-23 00:00:00-05:00,0.03028512570284326,0.030568321110088975,0.02971920184791088,0.02971920184791088,1353206,0.0,0.0
1980-04-24 00:00:00-05:00,0.03000190295279026,0.03085102490006455,0.03000190295279026,0.03000190295279026,1230188,0.0,0.0
1980-04-25 00:00:00-05:00,0.03000190295279026,0.03085102490006455,0.03000190295279026,0.03000190295279026,738113,0.0,0.0
1980-04-28 00:00:00-04:00,0.03000190295279026,0.03085102490006455,0.03000190295279026,0.03000190295279026,164025,0.0,0.0
1980-04-29 00:00:00-04:00,0.031134242191910744,0.03198336483741763,0.031134242191910744,0.031134242191910744,1845281,0.0,0.0
1980-04-30 00:00:00-04:00,0.031417425721883774,0.032266548047064,0.031417425721883774,0.031417425721883774,2378363,0.0,0.0
1980-05-01 00:00:00-04:00,0.0314174261432497,0.0314174261432497,0.030568307265639305,0.030568307265639305,2050313,0.0,0.0
1980-05-02 00:00:00-04:00,0.030568307265639305,0.0314174261432497,0.030568307265639305,0.030568307265639305,574088,0.0,0.0
1980-05-05 00:00:00-04:00,0.030568307265639305,0.0314174261432497,0.030568307265639305,0.030568307265639305,41006,0.0,0.0
1980-05-06 00:00:00-04:00,0.031134242191910744,0.03198336483741763,0.031134242191910744,0.031134242191910744,738113,0.0,0.0
1980-05-07 00:00:00-04:00,0.03170016407966614,0.032549283122219594,0.03170016407966614,0.03170016407966614,1066163,0.0,0.0
1980-05-08 00:00:00-04:00,0.03226655721664429,0.03311567632417094,0.03226655721664429,0.03226655721664429,738113,0.0,0.0
1980-05-09 00:00:00-04:00,0.03226655721664429,0.03311567632417094,0.03226655721664429,0.03226655721664429,410063,0.0,0.0
1980-05-12 00:00:00-04:00,0.032266555993083215,0.03283247972348292,0.03198336064815521,0.03198336064815521,369056,0.0,0.0
1980-05-13 00:00:00-04:00,0.03198336064815521,0.03198336064815521,0.03198336064815521,0.03198336064815521,0,0.0,0.0
1980-05-14 00:00:00-04:00,0.03226655721664429,0.03311567632417094,0.03226655721664429,0.03226655721664429,410063,0.0,0.0
1980-05-15 00:00:00-04:00,0.03368159011006355,0.034530708966346406,0.03368159011006355,0.03368159011006355,1230188,0.0,0.0
1980-05-16 00:00:00-04:00,0.03368160007308751,0.03424752728385689,0.033398404717445374,0.033398404717445374,1394213,0.0,0.0
1980-05-19 00:00:00-04:00,0.033398405942068915,0.03396479667412111,0.033115677535533905,0.033115677535533905,41006,0.0,0.0
1980-05-20 00:00:00-04:00,0.033115677535533905,0.03396479667412111,0.033115677535533905,0.033115677535533905,2214338,0.0,0.0
1980-05-21 00:00:00-04:00,0.033115677535533905,0.03396479667412111,0.033115677535533905,0.033115677535533905,492075,0.0,0.0
1980-05-22 00:00:00-04:00,0.033398404717445374,0.03424752728385689,0.033398404717445374,0.033398404717445374,1066163,0.0,0.0
1980-05-23 00:00:00-04:00,0.03368159011006355,0.034530708966346406,0.03368159011006355,0.03368159011006355,984150,0.0,0.0
1980-05-27 00:00:00-04:00,0.03453071042895317,0.03537983278016008,0.03453071042895317,0.03453071042895317,943144,0.0,0.0
1980-05-28 00:00:00-04:00,0.03453071042895317,0.03537983278016008,0.03453071042895317,0.03453071042895317,1353206,0.0,0.0
1980-05-29 00:00:00-04:00,0.03537983074784279,0.03622894959131573,0.03537983074784279,0.03537983074784279,1230188,0.0,0.0
1980-05-30 00:00:00-04:00,0.03537983074784279,0.03622894959131573,0.03537983074784279,0.03537983074784279,984150,0.0,0.0
1980-06-02 00:00:00-04:00,0.03537983074784279,0.03622894959131573,0.03537983074784279,0.03537983074784279,123019,0.0,0.0
1980-06-03 00:00:00-04:00,0.03537983074784279,0.03622894959131573,0.03537983074784279,0.03537983074784279,984150,0.0,0.0
1980-06-04 00:00:00-04:00,0.03537983074784279,0.03622894959131573,0.03537983074784279,0.03537983074784279,246038,0.0,0.0
1980-06-05 00:00:00-04:00,0.03537983074784279,0.03537983074784279,0.03537983074784279,0.03537983074784279,0,0.0,0.0
1980-06-06 00:00:00-04:00,0.03537983074784279,0.03622894959131573,0.03537983074784279,0.03537983074784279,205031,0.0,0.0
1980-06-09 00:00:00-04:00,0.03537983074784279,0.03622894959131573,0.03537983074784279,0.03537983074784279,205031,0.0,0.0
1980-06-10 00:00:00-04:00,0.03537983074784279,0.03622894959131573,0.03537983074784279,0.03537983074784279,1148175,0.0,0.0
1980-06-11 00:00:00-04:00,0.03566303104162216,0.036512153546080804,0.03566303104162216,0.03566303104162216,902138,0.0,0.0
1980-06-12 00:00:00-04:00,0.03566303104162216,0.036512153546080804,0.03566303104162216,0.03566303104162216,1517231,0.0,0.0
1980-06-13 00:00:00-04:00,0.03821038454771042,0.03905950343566884,0.03821038454771042,0.03821038454771042,2091319,0.0,0.0
1980-06-16 00:00:00-04:00,0.03821038454771042,0.03905950343566884,0.03821038454771042,0.03821038454771042,1517231,0.0,0.0
1980-06-17 00:00:00-04:00,0.0382103907041699,0.0382103907041699,0.0373612716794014,0.0373612716794014,1722263,0.0,0.0
1980-06-18 00:00:00-04:00,0.0373612716794014,0.0382103907041699,0.0373612716794014,0.0373612716794014,615094,0.0,0.0
1980-06-19 00:00:00-04:00,0.037361270429503865,0.03792719410727409,0.03707807511091232,0.03707807511091232,492075,0.0,0.0
1980-06-20 00:00:00-04:00,0.03707807009743248,0.03764399369868182,0.03679487481713295,0.03679487481713295,1025156,0.0,0.0
1980-06-23 00:00:00-04:00,0.03679487481713295,0.03764399369868182,0.03679487481713295,0.03679487481713295,574088,0.0,0.0
1980-06-24 00:00:00-04:00,0.036512153546080804,0.036512153546080804,0.03566303104162216,0.03566303104162216,2747419,0.0,0.0
1980-06-25 00:00:00-04:00,0.03566303104162216,0.036512153546080804,0.03566303104162216,0.03566303104162216,410063,0.0,0.0
1980-06-26 00:00:00-04:00,0.035945769399404526,0.036794888598998855,0.035945769399404526,0.035945769399404526,2952450,0.0,0.0
1980-06-27 00:00:00-04:00,0.03622894734144211,0.03707806613218346,0.03622894734144211,0.03622894734144211,984150,0.0,0.0
1980-06-30 00:00:00-04:00,0.03622894734144211,0.03707806613218346,0.03622894734144211,0.03622894734144211,41006,0.0,0.0
1980-07-01 00:00:00-04:00,0.03622894734144211,0.03707806613218346,0.03622894734144211,0.03622894734144211,492075,0.0,0.0
1980-07-02 00:00:00-04:00,0.03622894734144211,0.03707806613218346,0.03622894734144211,0.03622894734144211,820125,0.0,0.0
1980-07-03 00:00:00-04:00,0.03622894734144211,0.03622894734144211,0.03622894734144211,0.03622894734144211,0,0.0,0.0
1980-07-07 00:00:00-04:00,0.03679487481713295,0.03707807009743248,0.03679487481713295,0.03679487481713295,3403519,0.0,0.0
1980-07-08 00:00:00-04:00,0.0373612716794014,0.03764400004803857,0.0373612716794014,0.0373612716794014,10169550,0.0,0.0
1980-07-09 00:00:00-04:00,0.0373612716794014,0.03764400004803857,0.0373612716794014,0.0373612716794014,205031,0.0,0.0
1980-07-10 00:00:00-04:00,0.03764400631189346,0.037927201687082024,0.03764400631189346,0.03764400631189346,2419369,0.0,0.0
1980-07-11 00:00:00-04:00,0.03764400631189346,0.037927201687082024,0.03764400631189346,0.03764400631189346,984150,0.0,0.0
1980-07-14 00:00:00-04:00,0.038493115454912186,0.03877631073091317,0.038493115454912186,0.038493115454912186,1927294,0.0,0.0
1980-07-15 00:00:00-04:00,0.039059508591890335,0.039342240411255724,0.039059508591890335,0.039059508591890335,1845281,0.0,0.0
1980-07-16 00:00:00-04:00,0.039342232048511505,0.039625427308136035,0.039342232048511505,0.039342232048511505,1189181,0.0,0.0
1980-07-17 00:00:00-04:00,0.04047456756234169,0.04104049142197883,0.04047456756234169,0.04047456756234169,2460375,0.0,0.0
1980-07-18 00:00:00-04:00,0.04075729101896286,0.04132367826174404,0.04075729101896286,0.04075729101896286,1681256,0.0,0.0
1980-07-21 00:00:00-04:00,0.04104047641158104,0.041606403523192226,0.04104047641158104,0.04104047641158104,82013,0.0,0.0
1980-07-22 00:00:00-04:00,0.04188960790634155,0.04245553168162522,0.04188960790634155,0.04188960790634155,1886288,0.0,0.0
1980-07-23 00:00:00-04:00,0.04188960766158696,0.04188960766158696,0.04132368043065071,0.04132368043065071,2460375,0.0,0.0
1980-07-24 00:00:00-04:00,0.04302190616726875,0.04358782972880625,0.04302190616726875,0.04302190616726875,3608550,0.0,0.0
1980-07-25 00:00:00-04:00,0.043304670602083206,0.043587866098810636,0.043304670602083206,0.043304670602083206,943144,0.0,0.0
1980-07-28 00:00:00-04:00,0.043304670602083206,0.043587866098810636,0.043304670602083206,0.043304670602083206,123019,0.0,0.0
1980-07-29 00:00:00-04:00,0.043304670602083206,0.043587866098810636,0.043304670602083206,0.043304670602083206,533081,0.0,0.0
1980-07-30 00:00:00-04:00,0.043304670602083206,0.043587866098810636,0.043304670602083206,0.043304670602083206,984150,0.0,0.0
1980-07-31 00:00:00-04:00,0.04273870827326724,0.04273870827326724,0.042455513030290604,0.042455513030290604,1640250,0.0,0.0
1980-08-01 00:00:00-04:00,0.04358783736824989,0.044153761028974274,0.04358783736824989,0.04358783736824989,2173331,0.0,0.0
1980-08-04 00:00:00-04:00,0.044436972588300705,0.044720168001918345,0.044436972588300705,0.044436972588300705,1353206,0.0,0.0
1980-08-05 00:00:00-04:00,0.04472015053033829,0.04528607417690502,0.04472015053033829,0.04472015053033829,492075,0.0,0.0
1980-08-06 00:00:00-04:00,0.04500286653637886,0.04556925348456616,0.04500286653637886,0.04500286653637886,41006,0.0,0.0
1980-08-07 00:00:00-04:00,0.0455692857503891,0.04585201765388672,0.0455692857503891,0.0455692857503891,6889050,0.0,0.0
1980-08-08 00:00:00-04:00,0.04528607417690502,0.04528607417690502,0.04472015053033829,0.04472015053033829,1558238,0.0,0.0
1980-08-11 00:00:00-04:00,0.04472015053033829,0.04472015053033829,0.04472015053033829,0.04472015053033829,0,0.0,0.0
1980-08-12 00:00:00-04:00,0.04528610408306122,0.04556929957305553,0.04528610408306122,0.04528610408306122,861131,0.0,0.0
1980-08-13 00:00:00-04:00,0.045286058280993906,0.04556925348456616,0.04500286653637886,0.04500286653637886,287044,0.0,0.0
1980-08-14 00:00:00-04:00,0.04500286653637886,0.04500286653637886,0.04500286653637886,0.04500286653637886,0,0.0,0.0
1980-08-15 00:00:00-04:00,0.04500286653637886,0.04556925348456616,0.04500286653637886,0.04500286653637886,3157481,0.0,0.0
1980-08-18 00:00:00-04:00,0.04500288233288652,0.04500288233288652,0.04472015053033829,0.04472015053033829,1312200,0.0,0.0
1980-08-19 00:00:00-04:00,0.04472015053033829,0.04472015053033829,0.04472015053033829,0.04472015053033829,0,0.0,0.0
1980-08-20 00:00:00-04:00,0.044720168001918345,0.044720168001918345,0.044436972588300705,0.044436972588300705,328050,0.0,0.0
1980-08-21 00:00:00-04:00,0.044436972588300705,0.044720168001918345,0.044436972588300705,0.044436972588300705,738113,0.0,0.0
1980-08-22 00:00:00-04:00,0.044436972588300705,0.044436972588300705,0.044436972588300705,0.044436972588300705,0,0.0,0.0
1980-08-25 00:00:00-04:00,0.044153761028974274,0.044153761028974274,0.04358783736824989,0.04358783736824989,6519994,0.0,0.0
1980-08-26 00:00:00-04:00,0.04358783736824989,0.044153761028974274,0.04358783736824989,0.04358783736824989,533081,0.0,0.0
1980-08-27 00:00:00-04:00,0.04358783736824989,0.04387103267831149,0.04358783736824989,0.04358783736824989,1681256,0.0,0.0
1980-08-28 00:00:00-04:00,0.04358783736824989,0.04387103267831149,0.04358783736824989,0.04358783736824989,82013,0.0,0.0
1980-08-29 00:00:00-04:00,0.04273872044576533,0.04273872044576533,0.04217279329895973,0.04217279329895973,2706413,0.0,0.0
1980-09-02 00:00:00-04:00,0.04217279329895973,0.04245552512213128,0.04217279329895973,0.04217279329895973,6889050,0.0,0.0
1980-09-03 00:00:00-04:00,0.04217279329895973,0.04245552512213128,0.04217279329895973,0.04217279329895973,2665406,0.0,0.0
1980-09-04 00:00:00-04:00,0.042455513030290604,0.04273870827326724,0.042455513030290604,0.042455513030290604,2665406,0.0,0.0
1980-09-05 00:00:00-04:00,0.04245552512213128,0.04273872044576533,0.04217279329895973,0.04217279329895973,205031,0.0,0.0
1980-09-08 00:00:00-04:00,0.04217279329895973,0.04273872044576533,0.04217279329895973,0.04217279329895973,1312200,0.0,0.0
1980-09-09 00:00:00-04:00,0.04217279981477084,0.04245553168162522,0.04188960790634155,0.04188960790634155,697106,0.0,0.0
1980-09-10 00:00:00-04:00,0.04188959169447922,0.042172783493309295,0.041606396436691284,0.041606396436691284,1599244,0.0,0.0
1980-09-11 00:00:00-04:00,0.041606396436691284,0.041606396436691284,0.041606396436691284,0.041606396436691284,0,0.0,0.0
1980-09-12 00:00:00-04:00,0.041606396436691284,0.042455515250742495,0.041606396436691284,0.041606396436691284,902138,0.0,0.0
1980-09-15 00:00:00-04:00,0.04188960790634155,0.04245553168162522,0.04188960790634155,0.04188960790634155,3280500,0.0,0.0
1980-09-16 00:00:00-04:00,0.04217279329895973,0.04273872044576533,0.04217279329895973,0.04217279329895973,984150,0.0,0.0
1980-09-17 00:00:00-04:00,0.04217279329895973,0.04273872044576533,0.04217279329895973,0.04217279329895973,287044,0.0,0.0
1980-09-18 00:00:00-04:00,0.042455513030290604,0.04302190351624388,0.042455513030290604,0.042455513030290604,984150,0.0,0.0
1980-09-19 00:00:00-04:00,0.042738720774650574,0.043304644466852414,0.042738720774650574,0.042738720774650574,738113,0.0,0.0
1980-09-22 00:00:00-04:00,0.042738720774650574,0.043304644466852414,0.042738720774650574,0.042738720774650574,1558238,0.0,0.0
1980-09-23 00:00:00-04:00,0.04288031017813364,0.04288031017813364,0.042031191289424896,0.042031191289424896,164025,0.0,1.5
1980-09-24 00:00:00-04:00,0.04203118759389426,0.042455515250742495,0.041606396436691284,0.041606396436691284,1148175,0.0,0.0
1980-09-25 00:00:00-04:00,0.041606396436691284,0.042455515250742495,0.041606396436691284,0.041606396436691284,82013,0.0,0.0
1980-09-26 00:00:00-04:00,0.04160641370465403,0.042031205038158694,0.04118208587169647,0.04118208587169647,765450,0.0,0.0
1980-09-29 00:00:00-04:00,0.041182082315788494,0.04160641011210704,0.04075729101896286,0.04075729101896286,820125,0.0,0.0
1980-09-30 00:00:00-04:00,0.04075729101896286,0.041182082315788494,0.04075729101896286,0.04075729101896286,300713,0.0,0.0
1980-10-01 00:00:00-04:00,0.04075729101896286,0.041182082315788494,0.04075729101896286,0.04075729101896286,218700,0.0,0.0
1980-10-02 00:00:00-04:00,0.04075729101896286,0.041182082315788494,0.04075729101896286,0.04075729101896286,1175513,0.0,0.0
1980-10-03 00:00:00-04:00,0.04075729101896286,0.041182082315788494,0.04075729101896286,0.04075729101896286,3827250,0.0,0.0
1980-10-06 00:00:00-04:00,0.04075729101896286,0.041182082315788494,0.04075729101896286,0.04075729101896286,218700,0.0,0.0
1980-10-07 00:00:00-04:00,0.04075729101896286,0.041182082315788494,0.04075729101896286,0.04075729101896286,246038,0.0,0.0
1980-10-08 00:00:00-04:00,0.04075729101896286,0.041182082315788494,0.04075729101896286,0.04075729101896286,847463,0.0,0.0
1980-10-09 00:00:00-04:00,0.04075729101896286,0.041182082315788494,0.04075729101896286,0.04075729101896286,492075,0.0,0.0
1980-10-10 00:00:00-04:00,0.04075729101896286,0.041182082315788494,0.04075729101896286,0.04075729101896286,164025,0.0,0.0
1980-10-13 00:00:00-04:00,0.040757308907806766,0.040757308907806766,0.04054514318704605,0.04054514318704605,1366875,0.0,0.0
1980-10-14 00:00:00-04:00,0.04054513522351655,0.04075730090260549,0.04033297300338745,0.04033297300338745,1530900,0.0,0.0
1980-10-15 00:00:00-04:00,0.04033294975004551,0.04075727740462396,0.04012078419327736,0.04012078419327736,4127963,0.0,0.0
1980-10-16 00:00:00-04:00,0.0401207910448218,0.04033295663782209,0.03990862891077995,0.03990862891077995,1612913,0.0,0.0
1980-10-17 00:00:00-04:00,0.03990862891077995,0.03990862891077995,0.03990862891077995,0.03990862891077995,0,0.0,0.0
1980-10-20 00:00:00-04:00,0.03990862891077995,0.04033295663782209,0.03990862891077995,0.03990862891077995,328050,0.0,0.0
1980-10-21 00:00:00-04:00,0.03990862891077995,0.04033295663782209,0.03990862891077995,0.03990862891077995,54675,0.0,0.0
1980-10-22 00:00:00-04:00,0.03948382123853533,0.03948382123853533,0.03863470256328583,0.03863470256328583,1120838,0.0,0.0
1980-10-23 00:00:00-04:00,0.03863470256328583,0.03905949365105007,0.03863470256328583,0.03863470256328583,2022975,0.0,0.0
1980-10-24 00:00:00-04:00,0.039059508591890335,0.03990863105089905,0.039059508591890335,0.039059508591890335,11317725,0.0,0.0
1980-10-27 00:00:00-05:00,0.039059508591890335,0.03948383634168724,0.039059508591890335,0.039059508591890335,4674713,0.0,0.0
1980-10-28 00:00:00-05:00,0.04033297300338745,0.041182092302443005,0.04033297300338745,0.04033297300338745,7517813,0.0,0.0
1980-10-29 00:00:00-05:00,0.041606396436691284,0.042455515250742495,0.041606396436691284,0.041606396436691284,4073288,0.0,0.0
1980-10-30 00:00:00-05:00,0.042031191289424896,0.04288031017813364,0.042031191289424896,0.042031191289424896,12739275,0.0,0.0
1980-10-31 00:00:00-05:00,0.042031191289424896,0.04288031017813364,0.042031191289424896,0.042031191289424896,218700,0.0,0.0
1980-11-03 00:00:00-05:00,0.042031205038158694,0.042031205038158694,0.04118208587169647,0.04118208587169647,1886288,0.0,0.0
1980-11-05 00:00:00-05:00,0.042031191289424896,0.04288031017813364,0.042031191289424896,0.042031191289424896,2022975,0.0,0.0
1980-11-06 00:00:00-05:00,0.04203118759389426,0.04203118759389426,0.041606396436691284,0.041606396436691284,765450,0.0,0.0
1980-11-07 00:00:00-05:00,0.041606396436691284,0.04203118759389426,0.041606396436691284,0.041606396436691284,82013,0.0,0.0
1980-11-10 00:00:00-05:00,0.042031191289424896,0.042455518983581526,0.042031191289424896,0.042031191289424896,1093500,0.0,0.0
1980-11-11 00:00:00-05:00,0.042031191289424896,0.042455518983581526,0.042031191289424896,0.042031191289424896,1339538,0.0,0.0
1980-11-12 00:00:00-05:00,0.042031191289424896,0.042455518983581526,0.042031191289424896,0.042031191289424896,300713,0.0,0.0
1980-11-13 00:00:00-05:00,0.043304670602083206,0.043729462117693955,0.043304670602083206,0.043304670602083206,1011488,0.0,0.0
1980-11-14 00:00:00-05:00,0.04330463931662368,0.043729430525343796,0.042880311608314514,0.042880311608314514,273375,0.0,0.0
1980-11-17 00:00:00-05:00,0.04288030416527672,0.04330463179993233,0.042455513030290604,0.042455513030290604,1366875,0.0,0.0
1980-11-18 00:00:00-05:00,0.042455513030290604,0.04288030416527672,0.042455513030290604,0.042455513030290604,765450,0.0,0.0
1980-11-19 00:00:00-05:00,0.042455513030290604,0.04288030416527672,0.042455513030290604,0.042455513030290604,246038,0.0,0.0
1980-11-20 00:00:00-05:00,0.042455513030290604,0.04288030416527672,0.042455513030290604,0.042455513030290604,492075,0.0,0.0
1980-11-21 00:00:00-05:00,0.042455513030290604,0.04288030416527672,0.042455513030290604,0.042455513030290604,382725,0.0,0.0
1980-11-24 00:00:00-05:00,0.04203118759389426,0.04203118759389426,0.041606396436691284,0.041606396436691284,1366875,0.0,0.0
1980-11-25 00:00:00-05:00,0.04160641370465403,0.042031205038158694,0.04118208587169647,0.04118208587169647,1093500,0.0,0.0
1980-11-26 00:00:00-05:00,0.04118208587169647,0.042031205038158694,0.04118208587169647,0.04118208587169647,82013,0.0,0.0
1980-11-28 00:00:00-05:00,0.04118208587169647,0.04118208587169647,0.04118208587169647,0.04118208587169647,0,0.0,0.0
1980-12-01 00:00:00-05:00,0.04118208587169647,0.04160641370465403,0.04118208587169647,0.04118208587169647,902138,0.0,0.0
1980-12-02 00:00:00-05:00,0.041182082315788494,0.04160641011210704,0.04075729101896286,0.04075729101896286,355388,0.0,0.0
1980-12-03 00:00:00-05:00,0.04075730090260549,0.041182092302443005,0.04033297300338745,0.04033297300338745,683438,0.0,0.0
1980-12-04 00:00:00-05:00,0.04033297300338745,0.041182092302443005,0.04033297300338745,0.04033297300338745,136688,0.0,0.0
1980-12-05 00:00:00-05:00,0.04075729101896286,0.041182082315788494,0.04075729101896286,0.04075729101896286,628763,0.0,0.0
1980-12-08 00:00:00-05:00,0.04075730090260549,0.04075730090260549,0.04033297300338745,0.04033297300338745,2323688,0.0,0.0
1980-12-09 00:00:00-05:00,0.04033295663782209,0.04075728436486423,0.03990862891077995,0.03990862891077995,710775,0.0,0.0
1980-12-10 00:00:00-05:00,0.03990862891077995,0.04075728436486423,0.03990862891077995,0.03990862891077995,492075,0.0,0.0
1980-12-11 00:00:00-05:00,0.03990862891077995,0.04075728436486423,0.03990862891077995,0.03990862891077995,273375,0.0,0.0
1980-12-12 00:00:00-05:00,0.03990862891077995,0.04075728436486423,0.03990862891077995,0.03990862891077995,656100,0.0,0.0
1980-12-15 00:00:00-05:00,0.03990862891077995,0.04075728436486423,0.03990862891077995,0.03990862891077995,218700,0.0,0.0
1980-12-16 00:00:00-05:00,0.04033297300338745,0.041182092302443005,0.04033297300338745,0.04033297300338745,9868838,0.0,0.0
1980-12-17 00:00:00-05:00,0.04118208587169647,0.04160641370465403,0.04118208587169647,0.04118208587169647,710775,0.0,0.0
1980-12-18 00:00:00-05:00,0.042880311608314514,0.04330463931662368,0.042880311608314514,0.042880311608314514,1120838,0.0,0.0
1980-12-19 00:00:00-05:00,0.044153738766908646,0.044578533247301315,0.044153738766908646,0.044153738766908646,1066163,0.0,0.0
1980-12-22 00:00:00-05:00,0.04500286653637886,0.04585198518787241,0.04500286653637886,0.04500286653637886,574088,0.0,0.0
1980-12-23 00:00:00-05:00,0.047550249844789505,0.04839937244370963,0.047550249844789505,0.047550249844789505,3007125,0.0,0.0
1980-12-24 00:00:00-05:00,0.047550249844789505,0.04839937244370963,0.047550249844789505,0.047550249844789505,656100,0.0,0.0
1980-12-26 00:00:00-05:00,0.04924849420785904,0.050097613393064976,0.04924849420785904,0.04924849420785904,1503563,0.0,0.0
1980-12-29 00:00:00-05:00,0.04924849420785904,0.050097613393064976,0.04924849420785904,0.04924849420785904,1585575,0.0,0.0
1980-12-30 00:00:00-05:00,0.04924849420785904,0.04967328555074068,0.04924849420785904,0.04924849420785904,2241675,0.0,0.0
1980-12-31 00:00:00-05:00,0.04924849420785904,0.04967328555074068,0.04924849420785904,0.04924849420785904,300713,0.0,0.0
1981-01-02 00:00:00-05:00,0.04967326298356056,0.05052238178300129,0.04967326298356056,0.04967326298356056,984150,0.0,0.0
1981-01-05 00:00:00-05:00,0.05009759962558746,0.05094671857744438,0.05009759962558746,0.05009759962558746,3827250,0.0,0.0
1981-01-06 00:00:00-05:00,0.05009759962558746,0.0505223908517309,0.05009759962558746,0.05009759962558746,1148175,0.0,0.0
1981-01-07 00:00:00-05:00,0.04967328555074068,0.04967328555074068,0.04924849420785904,0.04924849420785904,2487713,0.0,0.0
1981-01-08 00:00:00-05:00,0.04924849660467847,0.049673287968233795,0.04882416874170303,0.04882416874170303,2022975,0.0,0.0
1981-01-09 00:00:00-05:00,0.04882414643196893,0.04967326527050284,0.04839935526251793,0.04839935526251793,246038,0.0,0.0
1981-01-12 00:00:00-05:00,0.04839935526251793,0.049248474101051834,0.04839935526251793,0.04839935526251793,628763,0.0,0.0
1981-01-13 00:00:00-05:00,0.04839935526251793,0.04882414643196893,0.04839935526251793,0.04839935526251793,437400,0.0,0.0
1981-01-14 00:00:00-05:00,0.04839935526251793,0.049248474101051834,0.04839935526251793,0.04839935526251793,902138,0.0,0.0
1981-01-15 00:00:00-05:00,0.04839935526251793,0.049248474101051834,0.04839935526251793,0.04839935526251793,710775,0.0,0.0
1981-01-16 00:00:00-05:00,0.04882416874170303,0.049673287968233795,0.04882416874170303,0.04882416874170303,382725,0.0,0.0
1981-01-19 00:00:00-05:00,0.04924849420785904,0.04967328555074068,0.04924849420785904,0.04924849420785904,1476225,0.0,0.0
1981-01-20 00:00:00-05:00,0.049248474101051834,0.049248474101051834,0.04839935526251793,0.04839935526251793,328050,0.0,0.0
1981-01-21 00:00:00-05:00,0.04839935526251793,0.049248474101051834,0.04839935526251793,0.04839935526251793,109350,0.0,0.0
1981-01-22 00:00:00-05:00,0.048399391309085604,0.04882418279490991,0.04797506332397461,0.04797506332397461,2569725,0.0,0.0
1981-01-23 00:00:00-05:00,0.04839935526251793,0.04882414643196893,0.04839935526251793,0.04839935526251793,328050,0.0,0.0
1981-01-26 00:00:00-05:00,0.04712592322125773,0.04712592322125773,0.04627680405974388,0.04627680405974388,1640250,0.0,0.0
1981-01-27 00:00:00-05:00,0.04627680405974388,0.04712592322125773,0.04627680405974388,0.04627680405974388,54675,0.0,0.0
1981-01-28 00:00:00-05:00,0.046276815544624414,0.04670114348041793,0.04585202410817146,0.04585202410817146,519413,0.0,0.0
1981-01-29 00:00:00-05:00,0.04585202410817146,0.046276815544624414,0.04585202410817146,0.04585202410817146,874800,0.0,0.0
1981-01-30 00:00:00-05:00,0.04585202410817146,0.046276815544624414,0.04585202410817146,0.04585202410817146,54675,0.0,0.0
1981-02-02 00:00:00-05:00,0.04585201532061548,0.046276806675657006,0.04542768746614456,0.04542768746614456,2378363,0.0,0.0
1981-02-03 00:00:00-05:00,0.04542768746614456,0.046276806675657006,0.04542768746614456,0.04542768746614456,2761088,0.0,0.0
1981-02-04 00:00:00-05:00,0.04627680405974388,0.04712592322125773,0.04627680405974388,0.04627680405974388,4045950,0.0,0.0
1981-02-05 00:00:00-05:00,0.04627680405974388,0.046701131890228606,0.04627680405974388,0.04627680405974388,3772575,0.0,0.0
1981-02-06 00:00:00-05:00,0.04882416874170303,0.049673287968233795,0.04882416874170303,0.04882416874170303,4510688,0.0,0.0
1981-02-09 00:00:00-05:00,0.04882416874170303,0.049673287968233795,0.04882416874170303,0.04882416874170303,628763,0.0,0.0
1981-02-10 00:00:00-05:00,0.04967326298356056,0.05009759063310754,0.04967326298356056,0.04967326298356056,1394213,0.0,0.0
1981-02-11 00:00:00-05:00,0.04967328555074068,0.04967328555074068,0.04924849420785904,0.04924849420785904,410063,0.0,0.0
1981-02-12 00:00:00-05:00,0.04924849660467847,0.049673287968233795,0.04882416874170303,0.04882416874170303,874800,0.0,0.0
1981-02-13 00:00:00-05:00,0.04882414643196893,0.049248474101051834,0.04839935526251793,0.04839935526251793,355388,0.0,0.0
1981-02-17 00:00:00-05:00,0.04882416874170303,0.04924849660467847,0.04882416874170303,0.04882416874170303,628763,0.0,0.0
1981-02-18 00:00:00-05:00,0.04882416874170303,0.049673287968233795,0.04882416874170303,0.04882416874170303,218700,0.0,0.0
1981-02-19 00:00:00-05:00,0.04924849420785904,0.04967328555074068,0.04924849420785904,0.04924849420785904,929475,0.0,0.0
1981-02-20 00:00:00-05:00,0.04924849420785904,0.04967328555074068,0.04924849420785904,0.04924849420785904,164025,0.0,0.0
1981-02-23 00:00:00-05:00,0.04967326298356056,0.05009759063310754,0.04967326298356056,0.04967326298356056,929475,0.0,0.0
1981-02-24 00:00:00-05:00,0.05009759962558746,0.0505223908517309,0.05009759962558746,0.05009759962558746,1038825,0.0,0.0
1981-02-25 00:00:00-05:00,0.05009759063310754,0.05052238178300129,0.04967326298356056,0.04967326298356056,355388,0.0,0.0
1981-02-26 00:00:00-05:00,0.05094674229621887,0.051795861643391936,0.05094674229621887,0.05094674229621887,1667588,0.0,0.0
1981-02-27 00:00:00-05:00,0.052220623940229416,0.05264495159870967,0.052220623940229416,0.052220623940229416,2187000,0.0,0.0
1981-03-02 00:00:00-05:00,0.055192310363054276,0.05561710499864656,0.055192310363054276,0.055192310363054276,4428675,0.0,0.0
1981-03-03 00:00:00-05:00,0.05434321880700647,0.05434321880700647,0.05349409952759743,0.05349409952759743,2378363,0.0,0.0
1981-03-04 00:00:00-05:00,0.05349408694991118,0.05434320602967285,0.05306975916028023,0.05306975916028023,1230188,0.0,0.0
1981-03-05 00:00:00-05:00,0.05349409952759743,0.05391889091760632,0.05349409952759743,0.05349409952759743,109350,0.0,0.0
1981-03-06 00:00:00-05:00,0.05349409952759743,0.05391889091760632,0.05349409952759743,0.05349409952759743,710775,0.0,0.0
1981-03-09 00:00:00-05:00,0.05349409952759743,0.05434321880700647,0.05349409952759743,0.05349409952759743,300713,0.0,0.0
1981-03-10 00:00:00-05:00,0.05476800724864006,0.055617129941297284,0.05476800724864006,0.05476800724864006,3089138,0.0,0.0
1981-03-11 00:00:00-05:00,0.0564662367105484,0.05689056448343854,0.0564662367105484,0.0564662367105484,2022975,0.0,0.0
1981-03-12 00:00:00-05:00,0.0564662367105484,0.05731535575681016,0.0564662367105484,0.0564662367105484,1312200,0.0,0.0
1981-03-13 00:00:00-05:00,0.05773970112204552,0.05858882388597995,0.05773970112204552,0.05773970112204552,1776938,0.0,0.0
1981-03-16 00:00:00-05:00,0.05901359021663666,0.059862709210629236,0.05901359021663666,0.05901359021663666,1749600,0.0,0.0
1981-03-17 00:00:00-05:00,0.059437934309244156,0.05986272218960759,0.059437934309244156,0.059437934309244156,874800,0.0,0.0
1981-03-18 00:00:00-05:00,0.059437934309244156,0.05986272218960759,0.059437934309244156,0.059437934309244156,929475,0.0,0.0
1981-03-19 00:00:00-05:00,0.059437934309244156,0.05986272218960759,0.059437934309244156,0.059437934309244156,1230188,0.0,0.0
1981-03-20 00:00:00-05:00,0.059437934309244156,0.05986272218960759,0.059437934309244156,0.059437934309244156,464738,0.0,0.0
1981-03-23 00:00:00-05:00,0.06113617494702339,0.061560969761158824,0.06113617494702339,0.06113617494702339,1230188,0.0,0.0
1981-03-24 00:00:00-05:00,0.06156095862388611,0.06241007768004927,0.06156095862388611,0.06156095862388611,1995638,0.0,0.0
1981-03-25 00:00:00-05:00,0.06198526546359062,0.062410060081087015,0.06198526546359062,0.06198526546359062,902138,0.0,0.0
1981-03-26 00:00:00-05:00,0.06198528294276538,0.06198528294276538,0.06156095862388611,0.06156095862388611,1749600,0.0,0.0
1981-03-27 00:00:00-05:00,0.06156095862388611,0.06198528294276538,0.06156095862388611,0.06156095862388611,300713,0.0,0.0
1981-03-30 00:00:00-05:00,0.06198526546359062,0.062410060081087015,0.06198526546359062,0.06198526546359062,164025,0.0,0.0
1981-03-31 00:00:00-05:00,0.06198526546359062,0.062410060081087015,0.06198526546359062,0.06198526546359062,1284863,0.0,0.0
1981-04-01 00:00:00-05:00,0.06453262269496918,0.06495741731760804,0.06453262269496918,0.06453262269496918,2022975,0.0,0.0
1981-04-02 00:00:00-05:00,0.06538177281618118,0.06623089195975845,0.06538177281618118,0.06538177281618118,2269013,0.0,0.0
1981-04-03 00:00:00-05:00,0.06580653786659241,0.06665565671581168,0.06580653786659241,0.06580653786659241,956813,0.0,0.0
1981-04-06 00:00:00-05:00,0.06580653786659241,0.06623086899997309,0.06580653786659241,0.06580653786659241,1011488,0.0,0.0
1981-04-07 00:00:00-05:00,0.06665567308664322,0.06750479214440865,0.06665567308664322,0.06665567308664322,902138,0.0,0.0
1981-04-08 00:00:00-05:00,0.06623089195975845,0.06623089195975845,0.06538177281618118,0.06538177281618118,2296350,0.0,0.0
1981-04-09 00:00:00-05:00,0.06538177281618118,0.06580656067927791,0.06538177281618118,0.06538177281618118,984150,0.0,0.0
1981-04-10 00:00:00-05:00,0.06580653786659241,0.06623086899997309,0.06580653786659241,0.06580653786659241,136688,0.0,0.0
1981-04-13 00:00:00-05:00,0.06580656067927791,0.06623089195975845,0.06538177281618118,0.06538177281618118,1148175,0.0,0.0
1981-04-14 00:00:00-05:00,0.06707998365163803,0.06792910244772338,0.06707998365163803,0.06707998365163803,2269013,0.0,0.0
1981-04-15 00:00:00-05:00,0.07090126723051071,0.0717503861917145,0.07090126723051071,0.07090126723051071,2515050,0.0,0.0
1981-04-16 00:00:00-05:00,0.07472207397222519,0.07557119293010575,0.07472207397222519,0.07472207397222519,3225825,0.0,0.0
1981-04-20 00:00:00-05:00,0.07726940512657166,0.07811852380182116,0.07726940512657166,0.07726940512657166,1749600,0.0,0.0
1981-04-21 00:00:00-05:00,0.07726944124016401,0.07726944124016401,0.07684511691331863,0.07684511691331863,4073288,0.0,0.0
1981-04-22 00:00:00-05:00,0.07684516785078532,0.07684516785078532,0.0759960412979126,0.0759960412979126,1421550,0.0,0.0
1981-04-23 00:00:00-05:00,0.07684511691331863,0.07726944124016401,0.07684511691331863,0.07684511691331863,656100,0.0,0.0
1981-04-24 00:00:00-05:00,0.0810902863740921,0.08193940583992443,0.0810902863740921,0.0810902863740921,2733750,0.0,0.0
1981-04-27 00:00:00-04:00,0.0810902863740921,0.08193940583992443,0.0810902863740921,0.0810902863740921,2843100,0.0,0.0
1981-04-28 00:00:00-04:00,0.0810902704470331,0.08151506530583046,0.0806659460067749,0.0806659460067749,382725,0.0,0.0
1981-04-29 00:00:00-04:00,0.07854334878593067,0.07854334878593067,0.07769422978162766,0.07769422978162766,3471863,0.0,0.0
1981-04-30 00:00:00-04:00,0.07726944124016401,0.07726944124016401,0.07684511691331863,0.07684511691331863,1858950,0.0,0.0
1981-05-01 00:00:00-04:00,0.07684511691331863,0.07769423598542283,0.07684511691331863,0.07684511691331863,1038825,0.0,0.0
1981-05-04 00:00:00-04:00,0.07514686174242363,0.07514686174242363,0.07472207397222519,0.07472207397222519,2104988,0.0,0.0
1981-05-05 00:00:00-04:00,0.07387295190642901,0.07387295190642901,0.07344862073659897,0.07344862073659897,2597063,0.0,0.0
1981-05-06 00:00:00-04:00,0.07344862073659897,0.07387295190642901,0.07344862073659897,0.07344862073659897,3061800,0.0,0.0
1981-05-07 00:00:00-04:00,0.07217474930206819,0.07217474930206819,0.07175042480230331,0.07175042480230331,3116475,0.0,0.0
1981-05-08 00:00:00-04:00,0.07175037989860598,0.07175037989860598,0.07132558524608612,0.07132558524608612,1558238,0.0,0.0
1981-05-11 00:00:00-04:00,0.07132557625632328,0.07132557625632328,0.0704764574766159,0.0704764574766159,1558238,0.0,0.0
1981-05-12 00:00:00-04:00,0.07090126723051071,0.07132559150193661,0.07090126723051071,0.07090126723051071,1093500,0.0,0.0
1981-05-13 00:00:00-04:00,0.07557116448879242,0.076420283127106,0.07557116448879242,0.07557116448879242,3280500,0.0,0.0
1981-05-14 00:00:00-04:00,0.07684511691331863,0.07811856031226819,0.07684511691331863,0.07684511691331863,1257525,0.0,0.0
1981-05-15 00:00:00-04:00,0.07769422978162766,0.07854334878593067,0.07769422978162766,0.07769422978162766,1694925,0.0,0.0
1981-05-18 00:00:00-04:00,0.0776941996732932,0.07811852380182116,0.07726940512657166,0.07726940512657166,328050,0.0,0.0
1981-05-19 00:00:00-04:00,0.07726944113149503,0.07726944113149503,0.07642032206058502,0.07642032206058502,1804275,0.0,0.0
1981-05-20 00:00:00-04:00,0.07642037282394755,0.07684516785078532,0.0759960412979126,0.0759960412979126,628763,0.0,0.0
1981-05-21 00:00:00-04:00,0.0759960412979126,0.07684516785078532,0.0759960412979126,0.0759960412979126,273375,0.0,0.0
1981-05-22 00:00:00-04:00,0.0759960412979126,0.07642037282394755,0.0759960412979126,0.0759960412979126,3772575,0.0,0.0
1981-05-26 00:00:00-04:00,0.0759960412979126,0.07642037282394755,0.0759960412979126,0.0759960412979126,601425,0.0,0.0
1981-05-27 00:00:00-04:00,0.0759960412979126,0.07642037282394755,0.0759960412979126,0.0759960412979126,27338,0.0,0.0
1981-05-28 00:00:00-04:00,0.07642032206058502,0.07684511680524642,0.07642032206058502,0.07642032206058502,5276138,0.0,0.0
1981-05-29 00:00:00-04:00,0.07642037282394755,0.07684516785078532,0.0759960412979126,0.0759960412979126,300713,0.0,0.0
1981-06-01 00:00:00-04:00,0.07726940512657166,0.07811852380182116,0.07726940512657166,0.07726940512657166,929475,0.0,0.0
1981-06-02 00:00:00-04:00,0.07726944124016401,0.07769423598542283,0.07684511691331863,0.07684511691331863,1230188,0.0,0.0
1981-06-03 00:00:00-04:00,0.07557119293010575,0.07557119293010575,0.07472207397222519,0.07472207397222519,929475,0.0,0.0
1981-06-04 00:00:00-04:00,0.07344864187576212,0.07344864187576212,0.07217472791671753,0.07217472791671753,956813,0.0,0.0
1981-06-05 00:00:00-04:00,0.07217470413281508,0.07259949878533495,0.07132558524608612,0.07132558524608612,574088,0.0,0.0
1981-06-08 00:00:00-04:00,0.07259949878533495,0.07259949878533495,0.07132558524608612,0.07132558524608612,182250,0.0,1.5
1981-06-09 00:00:00-04:00,0.07387299090623856,0.07578339534402886,0.07387299090623856,0.07387299090623856,1403325,0.0,0.0
1981-06-10 00:00:00-04:00,0.07705730199813843,0.07833075275096821,0.07705730199813843,0.07705730199813843,1731375,0.0,0.0
1981-06-11 00:00:00-04:00,0.08151505142450333,0.08215200493600212,0.08151505142450333,0.08151505142450333,1020600,0.0,0.0
1981-06-12 00:00:00-04:00,0.08724670112133026,0.08852014426926647,0.08724670112133026,0.08724670112133026,2332800,0.0,0.0
1981-06-15 00:00:00-04:00,0.08852016180753708,0.08979407562619125,0.08852016180753708,0.08852016180753708,510300,0.0,0.0
1981-06-16 00:00:00-04:00,0.08852014426926647,0.08852014426926647,0.08724670112133026,0.08724670112133026,838350,0.0,0.0
1981-06-17 00:00:00-04:00,0.08852016180753708,0.08979407562619125,0.08852016180753708,0.08852016180753708,546750,0.0,0.0
1981-06-18 00:00:00-04:00,0.08979406952857971,0.09106751976026212,0.08979406952857971,0.08979406952857971,1749600,0.0,0.0
1981-06-19 00:00:00-04:00,0.089794050312412,0.0904305400828517,0.0891570970416069,0.0891570970416069,564975,0.0,0.0
1981-06-22 00:00:00-04:00,0.08979406952857971,0.09106751976026212,0.08979406952857971,0.08979406952857971,3736125,0.0,0.0
1981-06-23 00:00:00-04:00,0.08979406952857971,0.09106751976026212,0.08979406952857971,0.08979406952857971,510300,0.0,0.0
1981-06-24 00:00:00-04:00,0.09616225957870483,0.09743617365166643,0.09616225957870483,0.09616225957870483,1348650,0.0,0.0
1981-06-25 00:00:00-04:00,0.09743611514568329,0.09870956495340724,0.09743611514568329,0.09743611514568329,1403325,0.0,0.0
1981-06-26 00:00:00-04:00,0.09870962798595428,0.09998353518954642,0.09870962798595428,0.09870962798595428,1184625,0.0,0.0
1981-06-29 00:00:00-04:00,0.09807261548911159,0.09807261548911159,0.09679917246103287,0.09679917246103287,546750,0.0,0.0
1981-06-30 00:00:00-04:00,0.09679922007414525,0.09743617365166643,0.09616225957870483,0.09616225957870483,984150,0.0,0.0
1981-07-01 00:00:00-04:00,0.09616225957870483,0.09743617365166643,0.09616225957870483,0.09616225957870483,255150,0.0,0.0
1981-07-02 00:00:00-04:00,0.09616225957870483,0.09679922007414525,0.09616225957870483,0.09616225957870483,1075275,0.0,0.0
1981-07-06 00:00:00-04:00,0.09616225554368751,0.09679921601240074,0.09552530199289322,0.09552530199289322,1075275,0.0,0.0
1981-07-07 00:00:00-04:00,0.09616225957870483,0.09679922007414525,0.09616225957870483,0.09616225957870483,492075,0.0,0.0
1981-07-08 00:00:00-04:00,0.09616225554368751,0.09679921601240074,0.09552530199289322,0.09552530199289322,601425,0.0,0.0
1981-07-09 00:00:00-04:00,0.09552530199289322,0.09679921601240074,0.09552530199289322,0.09552530199289322,601425,0.0,0.0
1981-07-10 00:00:00-04:00,0.09552530199289322,0.09679921601240074,0.09552530199289322,0.09552530199289322,72900,0.0,0.0
1981-07-13 00:00:00-04:00,0.09552529635574313,0.09616224986894943,0.09488880634307861,0.09488880634307861,656100,0.0,0.0
1981-07-14 00:00:00-04:00,0.09488880634307861,0.09552529635574313,0.09488880634307861,0.09488880634307861,1148175,0.0,0.0
1981-07-15 00:00:00-04:00,0.09488880634307861,0.09552529635574313,0.09488880634307861,0.09488880634307861,1239300,0.0,0.0
1981-07-16 00:00:00-04:00,0.09488880634307861,0.09552529635574313,0.09488880634307861,0.09488880634307861,455625,0.0,0.0
1981-07-17 00:00:00-04:00,0.09488880634307861,0.09552529635574313,0.09488880634307861,0.09488880634307861,127575,0.0,0.0
1981-07-20 00:00:00-04:00,0.09488880634307861,0.09552529635574313,0.09488880634307861,0.09488880634307861,1129950,0.0,0.0
1981-07-21 00:00:00-04:00,0.09361483545088832,0.09361483545088832,0.09234138578176498,0.09234138578176498,2387475,0.0,0.0
1981-07-22 00:00:00-04:00,0.08660974676776376,0.08660974676776376,0.08597279340028763,0.08597279340028763,6961950,0.0,0.0
1981-07-23 00:00:00-04:00,0.08533583262067333,0.08533583262067333,0.08406238257884979,0.08406238257884979,1640250,0.0,0.0
1981-07-24 00:00:00-04:00,0.08406237827256012,0.08469933155208205,0.08342542499303818,0.08342542499303818,1148175,0.0,0.0
1981-07-27 00:00:00-04:00,0.08342545194777386,0.08342545194777386,0.08215200155973434,0.08215200155973434,236925,0.0,0.0
1981-07-28 00:00:00-04:00,0.08215200155973434,0.08406240543309525,0.08215200155973434,0.08215200155973434,182250,0.0,0.0
1981-07-29 00:00:00-04:00,0.08215200155973434,0.08342545194777386,0.08215200155973434,0.08215200155973434,564975,0.0,0.0
1981-07-30 00:00:00-04:00,0.08215200493600212,0.08342545537637767,0.08151505142450333,0.08151505142450333,419175,0.0,0.0
1981-07-31 00:00:00-04:00,0.08215200155973434,0.08342545194777386,0.08215200155973434,0.08215200155973434,1439775,0.0,0.0
1981-08-03 00:00:00-04:00,0.0808780915853977,0.0808780915853977,0.07960464805364609,0.07960464805364609,729000,0.0,0.0
1981-08-04 00:00:00-04:00,0.07896770641875013,0.07896770641875013,0.07705730199813843,0.07705730199813843,1038825,0.0,0.0
1981-08-05 00:00:00-04:00,0.07705727550941181,0.07833072582448827,0.07642032206058502,0.07642032206058502,765450,0.0,0.0
1981-08-06 00:00:00-04:00,0.07705730199813843,0.07896770641875013,0.07705730199813843,0.07705730199813843,200475,0.0,0.0
1981-08-07 00:00:00-04:00,0.07833069562911987,0.07896764883241027,0.07833069562911987,0.07833069562911987,382725,0.0,0.0
1981-08-10 00:00:00-04:00,0.07833069562911987,0.07833069562911987,0.07833069562911987,0.07833069562911987,0,0.0,0.0
1981-08-11 00:00:00-04:00,0.07833069562911987,0.07896764883241027,0.07833069562911987,0.07833069562911987,200475,0.0,0.0
1981-08-12 00:00:00-04:00,0.07896766811609268,0.08024158175167477,0.07896766811609268,0.07896766811609268,200475,0.0,0.0
1981-08-13 00:00:00-04:00,0.08087808638811111,0.08215200025646258,0.08087808638811111,0.08087808638811111,400950,0.0,0.0
1981-08-14 00:00:00-04:00,0.08087808638811111,0.08215200025646258,0.08087808638811111,0.08087808638811111,200475,0.0,0.0
1981-08-17 00:00:00-04:00,0.08151505142450333,0.08278849494696036,0.08151505142450333,0.08151505142450333,1458000,0.0,0.0
1981-08-18 00:00:00-04:00,0.08215200155973434,0.08406240543309525,0.08215200155973434,0.08215200155973434,801900,0.0,0.0
1981-08-19 00:00:00-04:00,0.08215200155973434,0.08215200155973434,0.08215200155973434,0.08215200155973434,0,0.0,0.0
1981-08-20 00:00:00-04:00,0.08215200155973434,0.08406240543309525,0.08215200155973434,0.08215200155973434,364500,0.0,0.0
1981-08-21 00:00:00-04:00,0.08278846740722656,0.08406238092437303,0.08278846740722656,0.08278846740722656,510300,0.0,0.0
1981-08-24 00:00:00-04:00,0.0827884902311651,0.0827884902311651,0.08087808638811111,0.08087808638811111,874800,0.0,0.0
1981-08-25 00:00:00-04:00,0.0808780915853977,0.0808780915853977,0.07960464805364609,0.07960464805364609,1658475,0.0,0.0
1981-08-26 00:00:00-04:00,0.07960464805364609,0.0808780915853977,0.07960464805364609,0.07960464805364609,36450,0.0,0.0
1981-08-27 00:00:00-04:00,0.08087808638811111,0.08215200025646258,0.08087808638811111,0.08087808638811111,1549125,0.0,0.0
1981-08-28 00:00:00-04:00,0.08087808638811111,0.08215200025646258,0.08087808638811111,0.08087808638811111,455625,0.0,0.0
1981-08-31 00:00:00-04:00,0.08087808638811111,0.08215200025646258,0.08087808638811111,0.08087808638811111,1002375,0.0,0.0
1981-09-01 00:00:00-04:00,0.08151505142450333,0.08215200493600212,0.08151505142450333,0.08151505142450333,564975,0.0,0.0
1981-09-02 00:00:00-04:00,0.08151505142450333,0.08215200493600212,0.08151505142450333,0.08151505142450333,91125,0.0,0.0
1981-09-03 00:00:00-04:00,0.08087805813894347,0.08087805813894347,0.08024156838655472,0.08024156838655472,1075275,0.0,0.0
1981-09-04 00:00:00-04:00,0.08024160156979386,0.0808780915853977,0.07960464805364609,0.07960464805364609,747225,0.0,0.0
1981-09-08 00:00:00-04:00,0.07960464805364609,0.0808780915853977,0.07960464805364609,0.07960464805364609,91125,0.0,0.0
1981-09-09 00:00:00-04:00,0.07960464805364609,0.08151505201946405,0.07960464805364609,0.07960464805364609,164025,0.0,0.0
1981-09-10 00:00:00-04:00,0.08024156838655472,0.08151501830960019,0.08024156838655472,0.08024156838655472,200475,0.0,0.0
1981-09-11 00:00:00-04:00,0.08151505142450333,0.08278849494696036,0.08151505142450333,0.08151505142450333,619650,0.0,0.0
1981-09-14 00:00:00-04:00,0.084699347615242,0.08597279783333889,0.084699347615242,0.084699347615242,1020600,0.0,0.0
1981-09-15 00:00:00-04:00,0.084699347615242,0.08597279783333889,0.084699347615242,0.084699347615242,820125,0.0,0.0
1981-09-16 00:00:00-04:00,0.08469933155208205,0.08533582824914825,0.08342542499303818,0.08342542499303818,437400,0.0,0.0
1981-09-17 00:00:00-04:00,0.08342542499303818,0.08533582824914825,0.08342542499303818,0.08342542499303818,419175,0.0,0.0
1981-09-18 00:00:00-04:00,0.08342542499303818,0.08469933155208205,0.08342542499303818,0.08342542499303818,729000,0.0,0.0
1981-09-21 00:00:00-04:00,0.08406238257884979,0.08533583262067333,0.08406238257884979,0.08406238257884979,164025,0.0,0.0
1981-09-22 00:00:00-04:00,0.08406238257884979,0.08597278593282467,0.08406238257884979,0.08406238257884979,182250,0.0,0.0
1981-09-23 00:00:00-04:00,0.08406238257884979,0.08533583262067333,0.08406238257884979,0.08406238257884979,710775,0.0,0.0
1981-09-24 00:00:00-04:00,0.08406238257884979,0.08533583262067333,0.08406238257884979,0.08406238257884979,18225,0.0,0.0
1981-09-25 00:00:00-04:00,0.08342545537637767,0.08342545537637767,0.08151505142450333,0.08151505142450333,1749600,0.0,0.0
1981-09-28 00:00:00-04:00,0.08215200155973434,0.08342545194777386,0.08215200155973434,0.08215200155973434,1366875,0.0,0.0
1981-09-29 00:00:00-04:00,0.08406238257884979,0.08533583262067333,0.08406238257884979,0.08406238257884979,382725,0.0,0.0
1981-09-30 00:00:00-04:00,0.08406238257884979,0.08533583262067333,0.08406238257884979,0.08406238257884979,437400,0.0,0.0
1981-10-01 00:00:00-04:00,0.08406237827256012,0.08469933155208205,0.08342542499303818,0.08342542499303818,145800,0.0,0.0
1981-10-02 00:00:00-04:00,0.08342542499303818,0.08469933155208205,0.08342542499303818,0.08342542499303818,619650,0.0,0.0
1981-10-05 00:00:00-04:00,0.08342545537637767,0.08342545537637767,0.08151505142450333,0.08151505142450333,473850,0.0,0.0
1981-10-06 00:00:00-04:00,0.08151504678124591,0.0827884902311651,0.08087808638811111,0.08087808638811111,328050,0.0,0.0
1981-10-07 00:00:00-04:00,0.08151505142450333,0.08278849494696036,0.08151505142450333,0.08151505142450333,382725,0.0,0.0
1981-10-08 00:00:00-04:00,0.08278846740722656,0.08406238092437303,0.08278846740722656,0.08278846740722656,437400,0.0,0.0
1981-10-09 00:00:00-04:00,0.08278846740722656,0.08406238092437303,0.08278846740722656,0.08278846740722656,72900,0.0,0.0
1981-10-12 00:00:00-04:00,0.08278846740722656,0.08406238092437303,0.08278846740722656,0.08278846740722656,564975,0.0,0.0
1981-10-13 00:00:00-04:00,0.08278849494696036,0.08278849494696036,0.08151505142450333,0.08151505142450333,692550,0.0,0.0
1981-10-14 00:00:00-04:00,0.07896767307889423,0.07896767307889423,0.07769422978162766,0.07769422978162766,674325,0.0,0.0
1981-10-15 00:00:00-04:00,0.07769422978162766,0.07896767307889423,0.07769422978162766,0.07769422978162766,1895400,0.0,0.0
1981-10-16 00:00:00-04:00,0.08024156838655472,0.08151501830960019,0.08024156838655472,0.08024156838655472,619650,0.0,0.0
1981-10-19 00:00:00-04:00,0.08215200155973434,0.08278849154453423,0.08215200155973434,0.08215200155973434,6269400,0.0,0.0
1981-10-20 00:00:00-04:00,0.08215200155973434,0.08342545194777386,0.08215200155973434,0.08215200155973434,1312200,0.0,0.0
1981-10-21 00:00:00-04:00,0.08342542499303818,0.08406237827256012,0.08342542499303818,0.08342542499303818,1676700,0.0,0.0
1981-10-22 00:00:00-04:00,0.08151501830960019,0.08151501830960019,0.08024156838655472,0.08024156838655472,3043575,0.0,0.0
1981-10-23 00:00:00-04:00,0.08342542499303818,0.08469933155208205,0.08342542499303818,0.08342542499303818,4884300,0.0,0.0
1981-10-26 00:00:00-05:00,0.08406238257884979,0.08533583262067333,0.08406238257884979,0.08406238257884979,1312200,0.0,0.0
1981-10-27 00:00:00-05:00,0.08342545194777386,0.08342545194777386,0.08215200155973434,0.08215200155973434,1111725,0.0,0.0
1981-10-28 00:00:00-05:00,0.08278846740722656,0.08469933422398815,0.08278846740722656,0.08278846740722656,510300,0.0,0.0
1981-10-29 00:00:00-05:00,0.08406238257884979,0.08533583262067333,0.08406238257884979,0.08406238257884979,1931850,0.0,0.0
1981-10-30 00:00:00-05:00,0.08660978078842163,0.08788323144107144,0.08660978078842163,0.08660978078842163,783675,0.0,0.0
1981-11-02 00:00:00-05:00,0.08724670112133026,0.08852014426926647,0.08724670112133026,0.08724670112133026,510300,0.0,0.0
1981-11-03 00:00:00-05:00,0.08788318186998367,0.08915709530469201,0.08788318186998367,0.08788318186998367,1038825,0.0,0.0
1981-11-04 00:00:00-05:00,0.08788318186998367,0.08915709530469201,0.08788318186998367,0.08788318186998367,127575,0.0,0.0
1981-11-05 00:00:00-05:00,0.08788318186998367,0.08915709530469201,0.08788318186998367,0.08788318186998367,200475,0.0,0.0
1981-11-06 00:00:00-05:00,0.08788323144107144,0.0885201850587454,0.08660978078842163,0.08660978078842163,200475,0.0,0.0
1981-11-09 00:00:00-05:00,0.08788318186998367,0.0897940485630883,0.08788318186998367,0.08788318186998367,656100,0.0,0.0
1981-11-10 00:00:00-05:00,0.08788318186998367,0.08915709530469201,0.08788318186998367,0.08788318186998367,419175,0.0,0.0
1981-11-11 00:00:00-05:00,0.08788319094509625,0.08788319094509625,0.08724670112133026,0.08724670112133026,291600,0.0,0.0
1981-11-12 00:00:00-05:00,0.08724674132401528,0.08788323144107144,0.08660978078842163,0.08660978078842163,583200,0.0,0.0
1981-11-13 00:00:00-05:00,0.08660978078842163,0.08788323144107144,0.08660978078842163,0.08660978078842163,72900,0.0,0.0
1981-11-16 00:00:00-05:00,0.08660975123365851,0.08660975123365851,0.084699347615242,0.084699347615242,783675,0.0,0.0
1981-11-17 00:00:00-05:00,0.08469933589100113,0.08597278593282467,0.08406238257884979,0.08406238257884979,1020600,0.0,0.0
1981-11-18 00:00:00-05:00,0.08660978078842163,0.08724674132401528,0.08660978078842163,0.08660978078842163,2041200,0.0,0.0
1981-11-19 00:00:00-05:00,0.08724670112133026,0.08788319094509625,0.08724670112133026,0.08724670112133026,3098250,0.0,0.0
1981-11-20 00:00:00-05:00,0.08852016180753708,0.0891571221758231,0.08852016180753708,0.08852016180753708,1530900,0.0,0.0
1981-11-23 00:00:00-05:00,0.08852014426926647,0.08852014426926647,0.08724670112133026,0.08724670112133026,127575,0.0,0.0
1981-11-24 00:00:00-05:00,0.08724670112133026,0.08852014426926647,0.08724670112133026,0.08724670112133026,164025,0.0,0.0
1981-11-25 00:00:00-05:00,0.08788318186998367,0.08852013512837996,0.08788318186998367,0.08788318186998367,218700,0.0,0.0
1981-11-27 00:00:00-05:00,0.08788318186998367,0.08915709530469201,0.08788318186998367,0.08788318186998367,36450,0.0,0.0
1981-11-30 00:00:00-05:00,0.08788318186998367,0.08915709530469201,0.08788318186998367,0.08788318186998367,164025,0.0,0.0
1981-12-01 00:00:00-05:00,0.08788318186998367,0.08852013512837996,0.08788318186998367,0.08788318186998367,109350,0.0,0.0
1981-12-02 00:00:00-05:00,0.08788323144107144,0.08788323144107144,0.08660978078842163,0.08660978078842163,36450,0.0,0.0
1981-12-03 00:00:00-05:00,0.08660978078842163,0.08788323144107144,0.08660978078842163,0.08660978078842163,72900,0.0,0.0
1981-12-04 00:00:00-05:00,0.08660978078842163,0.08660978078842163,0.08660978078842163,0.08660978078842163,0,0.0,0.0
1981-12-07 00:00:00-05:00,0.08660978078842163,0.08724674132401528,0.08660978078842163,0.08660978078842163,692550,0.0,0.0
1981-12-08 00:00:00-05:00,0.08660978078842163,0.08724674132401528,0.08660978078842163,0.08660978078842163,2806650,0.0,0.0
1981-12-09 00:00:00-05:00,0.08660978078842163,0.08724674132401528,0.08660978078842163,0.08660978078842163,3098250,0.0,0.0
1981-12-10 00:00:00-05:00,0.08660978078842163,0.08788323144107144,0.08660978078842163,0.08660978078842163,3353400,0.0,0.0
1981-12-11 00:00:00-05:00,0.08724670112133026,0.08788319094509625,0.08724670112133026,0.08724670112133026,874800,0.0,0.0
1981-12-14 00:00:00-05:00,0.08660978029547642,0.08660978029547642,0.085335873067379,0.085335873067379,1530900,0.0,0.0
1981-12-15 00:00:00-05:00,0.085335873067379,0.08660978029547642,0.085335873067379,0.085335873067379,2970675,0.0,0.0
1981-12-16 00:00:00-05:00,0.085335873067379,0.08660978029547642,0.085335873067379,0.085335873067379,236925,0.0,0.0
1981-12-17 00:00:00-05:00,0.085335873067379,0.085335873067379,0.085335873067379,0.085335873067379,0,0.0,0.0
1981-12-18 00:00:00-05:00,0.085335873067379,0.08660978029547642,0.085335873067379,0.085335873067379,145800,0.0,0.0
1981-12-21 00:00:00-05:00,0.085335873067379,0.08660978029547642,0.085335873067379,0.085335873067379,255150,0.0,0.0
1981-12-22 00:00:00-05:00,0.08215200025646258,0.08215200025646258,0.08087808638811111,0.08087808638811111,1567350,0.0,0.0
1981-12-23 00:00:00-05:00,0.08087808638811111,0.08215200025646258,0.08087808638811111,0.08087808638811111,309825,0.0,0.0
1981-12-24 00:00:00-05:00,0.08024158175167477,0.08024158175167477,0.07896766811609268,0.07896766811609268,1075275,0.0,0.0
1981-12-28 00:00:00-05:00,0.07896766811609268,0.07960462839284216,0.07896766811609268,0.07896766811609268,400950,0.0,0.0
1981-12-29 00:00:00-05:00,0.07896766811609268,0.07960462839284216,0.07896766811609268,0.07896766811609268,182250,0.0,0.0
1981-12-30 00:00:00-05:00,0.07960464805364609,0.0808780915853977,0.07960464805364609,0.07960464805364609,893025,0.0,0.0
1981-12-31 00:00:00-05:00,0.08278846740722656,0.08342542762475791,0.08278846740722656,0.08278846740722656,1129950,0.0,0.0
1982-01-04 00:00:00-05:00,0.08278846740722656,0.08406238092437303,0.08278846740722656,0.08278846740722656,18225,0.0,0.0
1982-01-05 00:00:00-05:00,0.08024156215690623,0.08024156215690623,0.07833069562911987,0.07833069562911987,929475,0.0,0.0
1982-01-06 00:00:00-05:00,0.07705728645453236,0.07705728645453236,0.0757833793759346,0.0757833793759346,874800,0.0,0.0
1982-01-07 00:00:00-05:00,0.0757833793759346,0.07642033291523348,0.0757833793759346,0.0757833793759346,2916000,0.0,0.0
1982-01-08 00:00:00-05:00,0.07578338069384591,0.07642033424422173,0.07514688372612,0.07514688372612,3152925,0.0,0.0
1982-01-11 00:00:00-05:00,0.07514688372612,0.07578338069384591,0.07514688372612,0.07514688372612,492075,0.0,0.0
1982-01-12 00:00:00-05:00,0.0725995349604572,0.0725995349604572,0.0710071474313736,0.0710071474313736,1002375,0.0,0.0
1982-01-13 00:00:00-05:00,0.06432050190876973,0.06432050190876973,0.06241009756922722,0.06241009756922722,1804275,0.0,0.0
1982-01-14 00:00:00-05:00,0.06304655969142914,0.06495742668241622,0.06304655969142914,0.06304655969142914,1221075,0.0,0.0
1982-01-15 00:00:00-05:00,0.06368349492549896,0.0649574081962543,0.06368349492549896,0.06368349492549896,1184625,0.0,0.0
1982-01-18 00:00:00-05:00,0.06559392809867859,0.06686784195646545,0.06559392809867859,0.06559392809867859,1403325,0.0,0.0
1982-01-19 00:00:00-05:00,0.06559392236262837,0.06686783610901416,0.06495743244886398,0.06495743244886398,965925,0.0,0.0
1982-01-20 00:00:00-05:00,0.06559392809867859,0.06623088848653105,0.06559392809867859,0.06559392809867859,637875,0.0,0.0
1982-01-21 00:00:00-05:00,0.06559392809867859,0.06686784195646545,0.06559392809867859,0.06559392809867859,364500,0.0,0.0
1982-01-22 00:00:00-05:00,0.0662309005856514,0.0675048077582387,0.0662309005856514,0.0662309005856514,528525,0.0,0.0
1982-01-25 00:00:00-05:00,0.06623088848653105,0.06686784195646545,0.06559392809867859,0.06559392809867859,1075275,0.0,0.0
1982-01-26 00:00:00-05:00,0.0662309005856514,0.06686785417194505,0.0662309005856514,0.0662309005856514,564975,0.0,0.0
1982-01-27 00:00:00-05:00,0.0662309005856514,0.0675048077582387,0.0662309005856514,0.0662309005856514,5358150,0.0,0.0
1982-01-28 00:00:00-05:00,0.06686783581972122,0.06750478923119971,0.06686783581972122,0.06686783581972122,18225,0.0,0.0
1982-01-29 00:00:00-05:00,0.06686783581972122,0.06877823947160634,0.06686783581972122,0.06686783581972122,145800,0.0,0.0
1982-02-01 00:00:00-05:00,0.06686783581972122,0.06814128606012786,0.06686783581972122,0.06686783581972122,1312200,0.0,0.0
1982-02-02 00:00:00-05:00,0.06686783581972122,0.06814128606012786,0.06686783581972122,0.06686783581972122,1968300,0.0,0.0
1982-02-03 00:00:00-05:00,0.06750482320785522,0.06814132035714632,0.06750482320785522,0.06750482320785522,583200,0.0,0.0
1982-02-04 00:00:00-05:00,0.06750482320785522,0.06814132035714632,0.06750482320785522,0.06750482320785522,2533275,0.0,0.0
1982-02-05 00:00:00-05:00,0.06750482320785522,0.06877827408921756,0.06750482320785522,0.06750482320785522,765450,0.0,0.0
1982-02-08 00:00:00-05:00,0.06814128160476685,0.06941518834443049,0.06814128160476685,0.06814128160476685,1312200,0.0,0.0
1982-02-09 00:00:00-05:00,0.06814128160476685,0.06941518834443049,0.06814128160476685,0.06814128160476685,2259900,0.0,0.0
1982-02-10 00:00:00-05:00,0.06814128160476685,0.06941518834443049,0.06814128160476685,0.06814128160476685,236925,0.0,0.0
1982-02-11 00:00:00-05:00,0.06814128160476685,0.06941518834443049,0.06814128160476685,0.06814128160476685,911250,0.0,0.0
1982-02-12 00:00:00-05:00,0.06877824664115906,0.07005216051482825,0.06877824664115906,0.06877824664115906,236925,0.0,0.0
1982-02-16 00:00:00-05:00,0.06877824664115906,0.07005216051482825,0.06877824664115906,0.06877824664115906,2095875,0.0,0.0
1982-02-17 00:00:00-05:00,0.06877824664115906,0.07005216051482825,0.06877824664115906,0.06877824664115906,1822500,0.0,0.0
1982-02-18 00:00:00-05:00,0.06877824664115906,0.07005216051482825,0.06877824664115906,0.06877824664115906,346275,0.0,0.0
1982-02-19 00:00:00-05:00,0.06877824664115906,0.07005216051482825,0.06877824664115906,0.06877824664115906,72900,0.0,0.0
1982-02-22 00:00:00-05:00,0.06877824664115906,0.07005216051482825,0.06877824664115906,0.06877824664115906,455625,0.0,0.0
1982-02-23 00:00:00-05:00,0.06877824664115906,0.07005216051482825,0.06877824664115906,0.06877824664115906,1986525,0.0,0.0
1982-02-24 00:00:00-05:00,0.06877824664115906,0.07005216051482825,0.06877824664115906,0.06877824664115906,929475,0.0,0.0
1982-02-25 00:00:00-05:00,0.07005216181278229,0.07196256569920763,0.07005216181278229,0.07005216181278229,729000,0.0,0.0
1982-02-26 00:00:00-05:00,0.07005216181278229,0.07068865180193486,0.07005216181278229,0.07005216181278229,164025,0.0,0.0
1982-03-01 00:00:00-05:00,0.0706886574625969,0.07196257146188315,0.0706886574625969,0.0706886574625969,309825,0.0,0.0
1982-03-02 00:00:00-05:00,0.07196255028247833,0.07323599348849501,0.07196255028247833,0.07196255028247833,346275,0.0,0.0
1982-03-03 00:00:00-05:00,0.07196255028247833,0.07387295375963283,0.07196255028247833,0.07196255028247833,674325,0.0,0.0
1982-03-04 00:00:00-05:00,0.07196255028247833,0.07323599348849501,0.07196255028247833,0.07196255028247833,182250,0.0,0.0
1982-03-05 00:00:00-05:00,0.07196255028247833,0.07387295375963283,0.07196255028247833,0.07196255028247833,273375,0.0,0.0
1982-03-08 00:00:00-05:00,0.07196255028247833,0.07323599348849501,0.07196255028247833,0.07196255028247833,437400,0.0,0.0
1982-03-09 00:00:00-05:00,0.07196255028247833,0.07259950363569936,0.07196255028247833,0.07196255028247833,1239300,0.0,0.0
1982-03-10 00:00:00-05:00,0.07196255028247833,0.07323599348849501,0.07196255028247833,0.07196255028247833,291600,0.0,0.0
1982-03-11 00:00:00-05:00,0.07196255028247833,0.07323599348849501,0.07196255028247833,0.07196255028247833,18225,0.0,0.0
1982-03-12 00:00:00-05:00,0.0719625454746687,0.07259949878533495,0.07132558524608612,0.07132558524608612,619650,0.0,0.0
1982-03-15 00:00:00-05:00,0.07132561100328061,0.07259952500256686,0.0706886574625969,0.0706886574625969,637875,0.0,0.0
1982-03-16 00:00:00-05:00,0.0706886574625969,0.07132561100328061,0.0706886574625969,0.0706886574625969,4592700,0.0,0.0
1982-03-17 00:00:00-05:00,0.07068865180193486,0.0713256052916121,0.07005216181278229,0.07005216181278229,601425,0.0,0.0
1982-03-18 00:00:00-05:00,0.07005216181278229,0.0713256052916121,0.07005216181278229,0.07005216181278229,838350,0.0,0.0
1982-03-19 00:00:00-05:00,0.07005216181278229,0.0713256052916121,0.07005216181278229,0.07005216181278229,91125,0.0,0.0
1982-03-22 00:00:00-05:00,0.0706886574625969,0.07196257146188315,0.0706886574625969,0.0706886574625969,200475,0.0,0.0
1982-03-23 00:00:00-05:00,0.07132558524608612,0.07259949878533495,0.07132558524608612,0.07132558524608612,2788425,0.0,0.0
1982-03-24 00:00:00-05:00,0.07323595881462097,0.07450987183584032,0.07323595881462097,0.07323595881462097,1676700,0.0,0.0
1982-03-25 00:00:00-05:00,0.07323595881462097,0.07450987183584032,0.07323595881462097,0.07323595881462097,72900,0.0,0.0
1982-03-26 00:00:00-05:00,0.07323595881462097,0.07450987183584032,0.07323595881462097,0.07323595881462097,510300,0.0,0.0
1982-03-29 00:00:00-05:00,0.0745098739862442,0.07578332354401021,0.0745098739862442,0.0745098739862442,54675,0.0,0.0
1982-03-30 00:00:00-05:00,0.0745098739862442,0.07578332354401021,0.0745098739862442,0.0745098739862442,127575,0.0,0.0
1982-03-31 00:00:00-05:00,0.0745098739862442,0.0745098739862442,0.0745098739862442,0.0745098739862442,0,0.0,0.0
1982-04-01 00:00:00-05:00,0.0745098739862442,0.0745098739862442,0.0745098739862442,0.0745098739862442,0,0.0,0.0
1982-04-02 00:00:00-05:00,0.0757833793759346,0.07705728645453236,0.0757833793759346,0.0757833793759346,510300,0.0,0.0
1982-04-05 00:00:00-05:00,0.0757833793759346,0.07705728645453236,0.0757833793759346,0.0757833793759346,91125,0.0,0.0
1982-04-06 00:00:00-05:00,0.0757833793759346,0.07705728645453236,0.0757833793759346,0.0757833793759346,36450,0.0,0.0
1982-04-07 00:00:00-05:00,0.07769422978162766,0.07896767307889423,0.07769422978162766,0.07769422978162766,364500,0.0,0.0
1982-04-08 00:00:00-05:00,0.08087808638811111,0.0827884902311651,0.08087808638811111,0.08087808638811111,1385100,0.0,0.0
1982-04-12 00:00:00-05:00,0.0808780915853977,0.08151505201946405,0.07960464805364609,0.07960464805364609,710775,0.0,0.0
1982-04-13 00:00:00-05:00,0.07896767307889423,0.07896767307889423,0.07769422978162766,0.07769422978162766,1075275,0.0,0.0
1982-04-14 00:00:00-05:00,0.07769422978162766,0.07769422978162766,0.07769422978162766,0.07769422978162766,0,0.0,0.0
1982-04-15 00:00:00-05:00,0.07769422978162766,0.07896767307889423,0.07769422978162766,0.07769422978162766,419175,0.0,0.0
1982-04-16 00:00:00-05:00,0.07769422978162766,0.07896767307889423,0.07769422978162766,0.07769422978162766,200475,0.0,0.0
1982-04-19 00:00:00-05:00,0.07769422978162766,0.07896767307889423,0.07769422978162766,0.07769422978162766,164025,0.0,0.0
1982-04-20 00:00:00-05:00,0.07896766811609268,0.08024158175167477,0.07896766811609268,0.07896766811609268,674325,0.0,0.0
1982-04-21 00:00:00-05:00,0.07896766811609268,0.08024158175167477,0.07896766811609268,0.07896766811609268,473850,0.0,0.0
1982-04-22 00:00:00-05:00,0.07896766811609268,0.08024158175167477,0.07896766811609268,0.07896766811609268,91125,0.0,0.0
1982-04-23 00:00:00-05:00,0.07960464805364609,0.08024160156979386,0.07960464805364609,0.07960464805364609,72900,0.0,0.0
1982-04-26 00:00:00-04:00,0.08087808638811111,0.08215200025646258,0.08087808638811111,0.08087808638811111,783675,0.0,0.0
1982-04-27 00:00:00-04:00,0.08151505142450333,0.08278849494696036,0.08151505142450333,0.08151505142450333,145800,0.0,0.0
1982-04-28 00:00:00-04:00,0.08151505142450333,0.08278849494696036,0.08151505142450333,0.08151505142450333,200475,0.0,0.0
1982-04-29 00:00:00-04:00,0.08151505142450333,0.08278849494696036,0.08151505142450333,0.08151505142450333,145800,0.0,0.0
1982-04-30 00:00:00-04:00,0.08151505142450333,0.08278849494696036,0.08151505142450333,0.08151505142450333,328050,0.0,0.0
1982-05-03 00:00:00-04:00,0.08151505142450333,0.08278849494696036,0.08151505142450333,0.08151505142450333,145800,0.0,0.0
1982-05-04 00:00:00-04:00,0.08278846740722656,0.08469933422398815,0.08278846740722656,0.08278846740722656,546750,0.0,0.0
1982-05-05 00:00:00-04:00,0.08342542499303818,0.08469933155208205,0.08342542499303818,0.08342542499303818,601425,0.0,0.0
1982-05-06 00:00:00-04:00,0.08406238257884979,0.08597278593282467,0.08406238257884979,0.08406238257884979,783675,0.0,0.0
1982-05-07 00:00:00-04:00,0.08597279340028763,0.08788319692019719,0.08597279340028763,0.08597279340028763,1968300,0.0,0.0
1982-05-10 00:00:00-04:00,0.08660978078842163,0.0885201850587454,0.08660978078842163,0.08660978078842163,473850,0.0,0.0
1982-05-11 00:00:00-04:00,0.08724670112133026,0.08852014426926647,0.08724670112133026,0.08724670112133026,218700,0.0,0.0
1982-05-12 00:00:00-04:00,0.08724670112133026,0.08724670112133026,0.08724670112133026,0.08724670112133026,0,0.0,0.0
1982-05-13 00:00:00-04:00,0.08724670112133026,0.08852014426926647,0.08724670112133026,0.08724670112133026,400950,0.0,0.0
1982-05-14 00:00:00-04:00,0.08724670112133026,0.08852014426926647,0.08724670112133026,0.08724670112133026,273375,0.0,0.0
1982-05-17 00:00:00-04:00,0.08724674132401528,0.0885201850587454,0.08660978078842163,0.08660978078842163,346275,0.0,0.0
1982-05-18 00:00:00-04:00,0.08660978078842163,0.0885201850587454,0.08660978078842163,0.08660978078842163,36450,0.0,0.0
1982-05-19 00:00:00-04:00,0.08660978078842163,0.0885201850587454,0.08660978078842163,0.08660978078842163,18225,0.0,0.0
1982-05-20 00:00:00-04:00,0.08660978078842163,0.08788323144107144,0.08660978078842163,0.08660978078842163,364500,0.0,0.0
1982-05-21 00:00:00-04:00,0.08660978078842163,0.08788323144107144,0.08660978078842163,0.08660978078842163,36450,0.0,0.0
1982-05-24 00:00:00-04:00,0.08660978078842163,0.08788323144107144,0.08660978078842163,0.08660978078842163,364500,0.0,0.0
1982-05-25 00:00:00-04:00,0.08660978029547642,0.08660978029547642,0.085335873067379,0.085335873067379,656100,0.0,0.0
1982-05-26 00:00:00-04:00,0.085335873067379,0.08660978029547642,0.085335873067379,0.085335873067379,801900,0.0,0.0
1982-05-27 00:00:00-04:00,0.085335873067379,0.085335873067379,0.085335873067379,0.085335873067379,0,0.0,0.0
1982-05-28 00:00:00-04:00,0.08597279340028763,0.08724670705315682,0.08597279340028763,0.08597279340028763,346275,0.0,0.0
1982-06-01 00:00:00-04:00,0.08597282668142771,0.08724674082744475,0.085335873067379,0.085335873067379,109350,0.0,0.0
1982-06-02 00:00:00-04:00,0.085335873067379,0.085335873067379,0.085335873067379,0.085335873067379,0,0.0,0.0
1982-06-03 00:00:00-04:00,0.085335873067379,0.08660978029547642,0.085335873067379,0.085335873067379,200475,0.0,0.0
1982-06-04 00:00:00-04:00,0.085335873067379,0.08660978029547642,0.085335873067379,0.085335873067379,328050,0.0,0.0
1982-06-07 00:00:00-04:00,0.08533584443301928,0.08597279783333889,0.084699347615242,0.084699347615242,1166400,0.0,0.0
1982-06-08 00:00:00-04:00,0.084699347615242,0.08660975123365851,0.084699347615242,0.084699347615242,54675,0.0,0.0
1982-06-09 00:00:00-04:00,0.084699347615242,0.08660975123365851,0.084699347615242,0.084699347615242,200475,0.0,0.0
1982-06-10 00:00:00-04:00,0.084699347615242,0.08660975123365851,0.084699347615242,0.084699347615242,601425,0.0,0.0
1982-06-11 00:00:00-04:00,0.084699347615242,0.08660975123365851,0.084699347615242,0.084699347615242,273375,0.0,0.0
1982-06-14 00:00:00-04:00,0.084699347615242,0.08660975123365851,0.084699347615242,0.084699347615242,820125,0.0,0.0
1982-06-15 00:00:00-04:00,0.084699347615242,0.08660975123365851,0.084699347615242,0.084699347615242,109350,0.0,0.0
1982-06-16 00:00:00-04:00,0.084699347615242,0.08660975123365851,0.084699347615242,0.084699347615242,127575,0.0,0.0
1982-06-17 00:00:00-04:00,0.085335873067379,0.08660978029547642,0.085335873067379,0.085335873067379,710775,0.0,0.0
1982-06-18 00:00:00-04:00,0.085335873067379,0.08660978029547642,0.085335873067379,0.085335873067379,328050,0.0,0.0
1982-06-21 00:00:00-04:00,0.085335873067379,0.085335873067379,0.085335873067379,0.085335873067379,0,0.0,0.0
1982-06-22 00:00:00-04:00,0.08597279340028763,0.08788319692019719,0.08597279340028763,0.08597279340028763,36450,0.0,0.0
1982-06-23 00:00:00-04:00,0.08597279340028763,0.08852015028767331,0.08597279340028763,0.08597279340028763,182250,0.0,0.0
1982-06-24 00:00:00-04:00,0.09043052792549133,0.09234139439892818,0.09043052792549133,0.09043052792549133,510300,0.0,0.0
1982-06-25 00:00:00-04:00,0.09170451760292053,0.09297796845165521,0.09170451760292053,0.09170451760292053,455625,0.0,0.0
1982-06-28 00:00:00-04:00,0.09170451760292053,0.09361492216740677,0.09170451760292053,0.09170451760292053,400950,0.0,0.0
1982-06-29 00:00:00-04:00,0.09170444121375422,0.09170444121375422,0.09043052792549133,0.09043052792549133,947700,0.0,0.0
1982-06-30 00:00:00-04:00,0.09043055943522993,0.09106751976026212,0.08979406952857971,0.08979406952857971,273375,0.0,0.0
1982-07-01 00:00:00-04:00,0.08979406952857971,0.08979406952857971,0.08979406952857971,0.08979406952857971,0,0.0,0.0
1982-07-02 00:00:00-04:00,0.089794050312412,0.0904305400828517,0.0891570970416069,0.0891570970416069,127575,0.0,0.0
1982-07-06 00:00:00-04:00,0.0891571221758231,0.09043056557606334,0.08852016180753708,0.08852016180753708,182250,0.0,0.0
1982-07-07 00:00:00-04:00,0.0885201850587454,0.0885201850587454,0.08660978078842163,0.08660978078842163,710775,0.0,0.0
1982-07-08 00:00:00-04:00,0.08660974676776376,0.08788319692019719,0.08597279340028763,0.08597279340028763,182250,0.0,0.0
1982-07-09 00:00:00-04:00,0.08597279340028763,0.08597279340028763,0.08597279340028763,0.08597279340028763,0,0.0,0.0
1982-07-12 00:00:00-04:00,0.08597282668142771,0.08660978029547642,0.085335873067379,0.085335873067379,255150,0.0,0.0
1982-07-13 00:00:00-04:00,0.08533584443301928,0.08660975123365851,0.084699347615242,0.084699347615242,182250,0.0,0.0
1982-07-14 00:00:00-04:00,0.08469933155208205,0.08469933155208205,0.08342542499303818,0.08342542499303818,109350,0.0,0.0
1982-07-15 00:00:00-04:00,0.08342542762475791,0.08469933422398815,0.08278846740722656,0.08278846740722656,18225,0.0,0.0
1982-07-16 00:00:00-04:00,0.08278849494696036,0.08342545537637767,0.08151505142450333,0.08151505142450333,656100,0.0,0.0
1982-07-19 00:00:00-04:00,0.08024156215690623,0.08024156215690623,0.07833069562911987,0.07833069562911987,656100,0.0,0.0
1982-07-20 00:00:00-04:00,0.08151505142450333,0.08278849494696036,0.08151505142450333,0.08151505142450333,801900,0.0,0.0
1982-07-21 00:00:00-04:00,0.08278846740722656,0.08406238092437303,0.08278846740722656,0.08278846740722656,1202850,0.0,0.0
1982-07-22 00:00:00-04:00,0.08406238257884979,0.08533583262067333,0.08406238257884979,0.08406238257884979,564975,0.0,0.0
1982-07-23 00:00:00-04:00,0.085335873067379,0.08724674082744475,0.085335873067379,0.085335873067379,218700,0.0,0.0
1982-07-26 00:00:00-04:00,0.085335873067379,0.08724674082744475,0.085335873067379,0.085335873067379,91125,0.0,0.0
1982-07-27 00:00:00-04:00,0.08597279340028763,0.08724670705315682,0.08597279340028763,0.08597279340028763,91125,0.0,0.0
1982-07-28 00:00:00-04:00,0.08597282668142771,0.08660978029547642,0.085335873067379,0.085335873067379,1038825,0.0,0.0
1982-07-29 00:00:00-04:00,0.08533584443301928,0.08660975123365851,0.084699347615242,0.084699347615242,54675,0.0,0.0
1982-07-30 00:00:00-04:00,0.084699347615242,0.084699347615242,0.084699347615242,0.084699347615242,0,0.0,0.0
1982-08-02 00:00:00-04:00,0.08469933589100113,0.08533583262067333,0.08406238257884979,0.08406238257884979,54675,0.0,0.0
1982-08-03 00:00:00-04:00,0.08406237827256012,0.08469933155208205,0.08342542499303818,0.08342542499303818,1549125,0.0,0.0
1982-08-04 00:00:00-04:00,0.08342542762475791,0.08469933422398815,0.08278846740722656,0.08278846740722656,182250,0.0,0.0
1982-08-05 00:00:00-04:00,0.08278846740722656,0.08406238092437303,0.08278846740722656,0.08278846740722656,145800,0.0,0.0
1982-08-06 00:00:00-04:00,0.08278846740722656,0.08406238092437303,0.08278846740722656,0.08278846740722656,291600,0.0,0.0
1982-08-09 00:00:00-04:00,0.08278846740722656,0.08406238092437303,0.08278846740722656,0.08278846740722656,965925,0.0,0.0
1982-08-10 00:00:00-04:00,0.08278846740722656,0.08406238092437303,0.08278846740722656,0.08278846740722656,455625,0.0,0.0
1982-08-11 00:00:00-04:00,0.08278846740722656,0.08406238092437303,0.08278846740722656,0.08278846740722656,54675,0.0,0.0
1982-08-12 00:00:00-04:00,0.08278846740722656,0.08406238092437303,0.08278846740722656,0.08278846740722656,200475,0.0,0.0
1982-08-13 00:00:00-04:00,0.08278846740722656,0.08406238092437303,0.08278846740722656,0.08278846740722656,54675,0.0,0.0
1982-08-16 00:00:00-04:00,0.08278846740722656,0.08278846740722656,0.08278846740722656,0.08278846740722656,0,0.0,0.0
1982-08-17 00:00:00-04:00,0.08406238257884979,0.08533583262067333,0.08406238257884979,0.08406238257884979,328050,0.0,0.0
1982-08-18 00:00:00-04:00,0.08597279340028763,0.08724670705315682,0.08597279340028763,0.08597279340028763,473850,0.0,0.0
1982-08-19 00:00:00-04:00,0.08597279340028763,0.08788319692019719,0.08597279340028763,0.08597279340028763,36450,0.0,0.0
1982-08-20 00:00:00-04:00,0.08597279340028763,0.08788319692019719,0.08597279340028763,0.08597279340028763,54675,0.0,0.0
1982-08-23 00:00:00-04:00,0.08660978078842163,0.0885201850587454,0.08660978078842163,0.08660978078842163,382725,0.0,0.0
1982-08-24 00:00:00-04:00,0.08660978078842163,0.08660978078842163,0.08660978078842163,0.08660978078842163,0,0.0,0.0
1982-08-25 00:00:00-04:00,0.08788318186998367,0.08915709530469201,0.08788318186998367,0.08788318186998367,492075,0.0,0.0
1982-08-26 00:00:00-04:00,0.09170451760292053,0.09361492216740677,0.09170451760292053,0.09170451760292053,1403325,0.0,0.0
1982-08-27 00:00:00-04:00,0.09170451760292053,0.09297796845165521,0.09170451760292053,0.09170451760292053,400950,0.0,0.0
1982-08-30 00:00:00-04:00,0.09170451760292053,0.09297796845165521,0.09170451760292053,0.09170451760292053,1640250,0.0,0.0
1982-08-31 00:00:00-04:00,0.09170451760292053,0.09297796845165521,0.09170451760292053,0.09170451760292053,291600,0.0,0.0
1982-09-01 00:00:00-04:00,0.09170451760292053,0.09297796845165521,0.09170451760292053,0.09170451760292053,218700,0.0,0.0
1982-09-02 00:00:00-04:00,0.09297789633274078,0.09488876291574003,0.09297789633274078,0.09297789633274078,346275,0.0,0.0
1982-09-03 00:00:00-04:00,0.09488880634307861,0.09679921030007428,0.09488880634307861,0.09488880634307861,729000,0.0,0.0
1982-09-07 00:00:00-04:00,0.09488880634307861,0.09679921030007428,0.09488880634307861,0.09488880634307861,127575,0.0,0.0
1982-09-08 00:00:00-04:00,0.09488880634307861,0.09679921030007428,0.09488880634307861,0.09488880634307861,54675,0.0,0.0
1982-09-09 00:00:00-04:00,0.09488880634307861,0.09679921030007428,0.09488880634307861,0.09488880634307861,2751975,0.0,0.0
1982-09-10 00:00:00-04:00,0.09488880634307861,0.09616224986894943,0.09488880634307861,0.09488880634307861,291600,0.0,0.0
1982-09-13 00:00:00-04:00,0.09488880634307861,0.09616224986894943,0.09488880634307861,0.09488880634307861,346275,0.0,0.0
1982-09-14 00:00:00-04:00,0.09552530199289322,0.09679921601240074,0.09552530199289322,0.09552530199289322,182250,0.0,0.0
1982-09-15 00:00:00-04:00,0.09552530199289322,0.09743616956319502,0.09552530199289322,0.09552530199289322,72900,0.0,0.0
1982-09-16 00:00:00-04:00,0.09743611514568329,0.09934651814846682,0.09743611514568329,0.09743611514568329,637875,0.0,0.0
1982-09-17 00:00:00-04:00,0.09743611514568329,0.09934651814846682,0.09743611514568329,0.09743611514568329,145800,0.0,0.0
1982-09-20 00:00:00-04:00,0.09743611514568329,0.09934651814846682,0.09743611514568329,0.09743611514568329,929475,0.0,0.0
1982-09-21 00:00:00-04:00,0.09743611514568329,0.09934651814846682,0.09743611514568329,0.09743611514568329,18225,0.0,0.0
1982-09-22 00:00:00-04:00,0.09743611514568329,0.09934651814846682,0.09743611514568329,0.09743611514568329,4209975,0.0,0.0
1982-09-23 00:00:00-04:00,0.09743611514568329,0.09934651814846682,0.09743611514568329,0.09743611514568329,400950,0.0,0.0
1982-09-24 00:00:00-04:00,0.09743611514568329,0.09934651814846682,0.09743611514568329,0.09743611514568329,546750,0.0,0.0
1982-09-27 00:00:00-04:00,0.09743611514568329,0.09934651814846682,0.09743611514568329,0.09743611514568329,109350,0.0,0.0
1982-09-28 00:00:00-04:00,0.09743611514568329,0.09870956495340724,0.09743611514568329,0.09743611514568329,747225,0.0,0.0
1982-09-29 00:00:00-04:00,0.09743611514568329,0.09870956495340724,0.09743611514568329,0.09743611514568329,54675,0.0,0.0
1982-09-30 00:00:00-04:00,0.09743611514568329,0.09870956495340724,0.09743611514568329,0.09743611514568329,127575,0.0,0.0
1982-10-01 00:00:00-04:00,0.09743612572525254,0.09807261548911159,0.09679917246103287,0.09679917246103287,400950,0.0,0.0
1982-10-04 00:00:00-04:00,0.09679917246103287,0.09807261548911159,0.09679917246103287,0.09679917246103287,492075,0.0,0.0
1982-10-05 00:00:00-04:00,0.09743611514568329,0.09870956495340724,0.09743611514568329,0.09743611514568329,492075,0.0,0.0
1982-10-06 00:00:00-04:00,0.09807267040014267,0.09934658455976422,0.09807267040014267,0.09807267040014267,54675,0.0,0.0
1982-10-07 00:00:00-04:00,0.09807267040014267,0.09998353818061516,0.09807267040014267,0.09807267040014267,218700,0.0,0.0
1982-10-08 00:00:00-04:00,0.09870962798595428,0.10062003220865573,0.09870962798595428,0.09870962798595428,145800,0.0,0.0
1982-10-11 00:00:00-04:00,0.10189387947320938,0.10316732934500833,0.10189387947320938,0.10189387947320938,838350,0.0,0.0
1982-10-12 00:00:00-04:00,0.10316731035709381,0.10444122349476301,0.10316731035709381,0.10316731035709381,291600,0.0,0.0
1982-10-13 00:00:00-04:00,0.10380427539348602,0.10571467836027876,0.10380427539348602,0.10380427539348602,1239300,0.0,0.0
1982-10-14 00:00:00-04:00,0.10380427539348602,0.10571467836027876,0.10380427539348602,0.10380427539348602,182250,0.0,0.0
1982-10-15 00:00:00-04:00,0.10380426346697133,0.10444122349476301,0.10316731035709381,0.10316731035709381,874800,0.0,0.0
1982-10-18 00:00:00-04:00,0.10316731035709381,0.10444122349476301,0.10316731035709381,0.10316731035709381,328050,0.0,0.0
1982-10-19 00:00:00-04:00,0.10316731035709381,0.10444122349476301,0.10316731035709381,0.10316731035709381,182250,0.0,0.0
1982-10-20 00:00:00-04:00,0.10380427539348602,0.10571467836027876,0.10380427539348602,0.10380427539348602,382725,0.0,0.0
1982-10-21 00:00:00-04:00,0.10444124788045883,0.10571469089729824,0.10444124788045883,0.10444124788045883,382725,0.0,0.0
1982-10-22 00:00:00-04:00,0.10571473091840744,0.10762513483499453,0.10571473091840744,0.10571473091840744,364500,0.0,0.0
1982-10-25 00:00:00-04:00,0.10571473091840744,0.10698864483579297,0.10571473091840744,0.10571473091840744,1129950,0.0,0.0
1982-10-26 00:00:00-04:00,0.10571469089729824,0.10635165107381196,0.10444124788045883,0.10444124788045883,2587950,0.0,0.0
1982-10-27 00:00:00-04:00,0.08660974676776376,0.08660974676776376,0.08597279340028763,0.08597279340028763,2715525,0.0,0.0
1982-10-28 00:00:00-04:00,0.08597279783333889,0.08660975123365851,0.084699347615242,0.084699347615242,1239300,0.0,0.0
1982-10-29 00:00:00-04:00,0.08469933589100113,0.08597278593282467,0.08406238257884979,0.08406238257884979,2515050,0.0,0.0
1982-11-01 00:00:00-05:00,0.08215197156234119,0.08215197156234119,0.08024156838655472,0.08024156838655472,1713150,0.0,0.0
1982-11-02 00:00:00-05:00,0.08278846740722656,0.08342542762475791,0.08278846740722656,0.08278846740722656,1603800,0.0,0.0
1982-11-03 00:00:00-05:00,0.08342542499303818,0.08406237827256012,0.08342542499303818,0.08342542499303818,273375,0.0,0.0
1982-11-04 00:00:00-05:00,0.08342542499303818,0.08533582824914825,0.08342542499303818,0.08342542499303818,1221075,0.0,0.0
1982-11-05 00:00:00-05:00,0.085335873067379,0.08660978029547642,0.085335873067379,0.085335873067379,1549125,0.0,0.0
1982-11-08 00:00:00-05:00,0.08597279340028763,0.08724670705315682,0.08597279340028763,0.08597279340028763,492075,0.0,0.0
1982-11-09 00:00:00-05:00,0.08597279340028763,0.08660974676776376,0.08597279340028763,0.08597279340028763,127575,0.0,0.0
1982-11-10 00:00:00-05:00,0.08469933422398815,0.08469933422398815,0.08278846740722656,0.08278846740722656,528525,0.0,0.0
1982-11-11 00:00:00-05:00,0.08278849154453423,0.08406240543309525,0.08215200155973434,0.08215200155973434,1020600,0.0,0.0
1982-11-12 00:00:00-05:00,0.08278846740722656,0.08469933422398815,0.08278846740722656,0.08278846740722656,236925,0.0,0.0
1982-11-15 00:00:00-05:00,0.08278846740722656,0.08406238092437303,0.08278846740722656,0.08278846740722656,109350,0.0,0.0
1982-11-16 00:00:00-05:00,0.08278849154453423,0.08278849154453423,0.08215200155973434,0.08215200155973434,145800,0.0,0.0
1982-11-17 00:00:00-05:00,0.08278846740722656,0.08469933422398815,0.08278846740722656,0.08278846740722656,455625,0.0,0.0
1982-11-18 00:00:00-05:00,0.08278846740722656,0.08469933422398815,0.08278846740722656,0.08278846740722656,109350,0.0,0.0
1982-11-19 00:00:00-05:00,0.08342542499303818,0.08469933155208205,0.08342542499303818,0.08342542499303818,2533275,0.0,0.0
1982-11-22 00:00:00-05:00,0.08342542499303818,0.08533582824914825,0.08342542499303818,0.08342542499303818,182250,0.0,0.0
1982-11-23 00:00:00-05:00,0.08788318186998367,0.0897940485630883,0.08788318186998367,0.08788318186998367,2405700,0.0,0.0
1982-11-24 00:00:00-05:00,0.09106753021478653,0.09297793407289752,0.09106753021478653,0.09106753021478653,929475,0.0,0.0
1982-11-26 00:00:00-05:00,0.09170451760292053,0.09361492216740677,0.09170451760292053,0.09170451760292053,309825,0.0,0.0
1982-11-29 00:00:00-05:00,0.0917044836950234,0.09234143717526028,0.09106753021478653,0.09106753021478653,674325,0.0,0.0
1982-11-30 00:00:00-05:00,0.09106753021478653,0.09234143717526028,0.09106753021478653,0.09106753021478653,2259900,0.0,0.0
1982-12-01 00:00:00-05:00,0.09170451760292053,0.09297796845165521,0.09170451760292053,0.09170451760292053,364500,0.0,0.0
1982-12-02 00:00:00-05:00,0.09170451760292053,0.09297796845165521,0.09170451760292053,0.09170451760292053,1840725,0.0,0.0
1982-12-03 00:00:00-05:00,0.09170451760292053,0.09297796845165521,0.09170451760292053,0.09170451760292053,546750,0.0,0.0
1982-12-06 00:00:00-05:00,0.09234138578176498,0.0929778823251539,0.09234138578176498,0.09234138578176498,72900,0.0,0.0
1982-12-07 00:00:00-05:00,0.09234138578176498,0.09361483545088832,0.09234138578176498,0.09234138578176498,72900,0.0,0.0
1982-12-08 00:00:00-05:00,0.09234138578176498,0.09361483545088832,0.09234138578176498,0.09234138578176498,929475,0.0,0.0
1982-12-09 00:00:00-05:00,0.09234138578176498,0.09361483545088832,0.09234138578176498,0.09234138578176498,637875,0.0,0.0
1982-12-10 00:00:00-05:00,0.09234138578176498,0.09361483545088832,0.09234138578176498,0.09234138578176498,18225,0.0,0.0
1982-12-13 00:00:00-05:00,0.09234138578176498,0.09361483545088832,0.09234138578176498,0.09234138578176498,236925,0.0,0.0
1982-12-14 00:00:00-05:00,0.09297789633274078,0.09425180277613003,0.09297789633274078,0.09297789633274078,400950,0.0,0.0
1982-12-15 00:00:00-05:00,0.0929778823251539,0.09361483545088832,0.09234138578176498,0.09234138578176498,1512675,0.0,0.0
1982-12-16 00:00:00-05:00,0.09234138578176498,0.09425178857662274,0.09234138578176498,0.09234138578176498,1111725,0.0,0.0
1982-12-17 00:00:00-05:00,0.09297789633274078,0.09488876291574003,0.09297789633274078,0.09297789633274078,473850,0.0,0.0
1982-12-20 00:00:00-05:00,0.09297789633274078,0.09488876291574003,0.09297789633274078,0.09297789633274078,91125,0.0,0.0
1982-12-21 00:00:00-05:00,0.09297789633274078,0.09488876291574003,0.09297789633274078,0.09297789633274078,18225,0.0,0.0
1982-12-22 00:00:00-05:00,0.09297789633274078,0.09488876291574003,0.09297789633274078,0.09297789633274078,564975,0.0,0.0
1982-12-23 00:00:00-05:00,0.09297789633274078,0.09488876291574003,0.09297789633274078,0.09297789633274078,127575,0.0,0.0
1982-12-27 00:00:00-05:00,0.09297789633274078,0.09488876291574003,0.09297789633274078,0.09297789633274078,309825,0.0,0.0
1982-12-28 00:00:00-05:00,0.09297789633274078,0.09488876291574003,0.09297789633274078,0.09297789633274078,127575,0.0,0.0
1982-12-29 00:00:00-05:00,0.09425181895494461,0.09552526903451387,0.09425181895494461,0.09425181895494461,473850,0.0,0.0
1982-12-30 00:00:00-05:00,0.09425181895494461,0.09488877920389213,0.09425181895494461,0.09425181895494461,492075,0.0,0.0
1982-12-31 00:00:00-05:00,0.09425181895494461,0.09552526903451387,0.09425181895494461,0.09425181895494461,109350,0.0,0.0
1983-01-03 00:00:00-05:00,0.09425181895494461,0.09616222236554485,0.09425181895494461,0.09425181895494461,1093500,0.0,0.0
1983-01-04 00:00:00-05:00,0.09425181895494461,0.09616222236554485,0.09425181895494461,0.09425181895494461,364500,0.0,0.0
1983-01-05 00:00:00-05:00,0.09425181895494461,0.09616222236554485,0.09425181895494461,0.09425181895494461,0,0.0,0.0
1983-01-06 00:00:00-05:00,0.09552530199289322,0.09679921601240074,0.09552530199289322,0.09552530199289322,820125,0.0,0.0
1983-01-07 00:00:00-05:00,0.09552530199289322,0.09743616956319502,0.09552530199289322,0.09552530199289322,109350,0.0,0.0
1983-01-10 00:00:00-05:00,0.09552530199289322,0.09679921601240074,0.09552530199289322,0.09552530199289322,637875,0.0,0.0
1983-01-11 00:00:00-05:00,0.09552530199289322,0.09679921601240074,0.09552530199289322,0.09552530199289322,18225,0.0,0.0
1983-01-12 00:00:00-05:00,0.09552530199289322,0.09743616956319502,0.09552530199289322,0.09552530199289322,200475,0.0,0.0
1983-01-13 00:00:00-05:00,0.09552530199289322,0.09679921601240074,0.09552530199289322,0.09552530199289322,765450,0.0,0.0
1983-01-14 00:00:00-05:00,0.09552530199289322,0.09679921601240074,0.09552530199289322,0.09552530199289322,1111725,0.0,0.0
1983-01-17 00:00:00-05:00,0.09552530199289322,0.09679921601240074,0.09552530199289322,0.09552530199289322,236925,0.0,0.0
1983-01-18 00:00:00-05:00,0.09552530199289322,0.09679921601240074,0.09552530199289322,0.09552530199289322,765450,0.0,0.0
1983-01-19 00:00:00-05:00,0.09552530199289322,0.09679921601240074,0.09552530199289322,0.09552530199289322,1403325,0.0,0.0
1983-01-20 00:00:00-05:00,0.09552530199289322,0.09679921601240074,0.09552530199289322,0.09552530199289322,1293975,0.0,0.0
1983-01-21 00:00:00-05:00,0.09552530199289322,0.09679921601240074,0.09552530199289322,0.09552530199289322,583200,0.0,0.0
1983-01-24 00:00:00-05:00,0.09552530199289322,0.09679921601240074,0.09552530199289322,0.09552530199289322,400950,0.0,0.0
1983-01-25 00:00:00-05:00,0.09552530199289322,0.09679921601240074,0.09552530199289322,0.09552530199289322,36450,0.0,0.0
1983-01-26 00:00:00-05:00,0.09552530199289322,0.09616225554368751,0.09552530199289322,0.09552530199289322,291600,0.0,0.0
1983-01-27 00:00:00-05:00,0.09552530199289322,0.09616225554368751,0.09552530199289322,0.09552530199289322,1731375,0.0,0.0
1983-01-28 00:00:00-05:00,0.09552530199289322,0.09679921601240074,0.09552530199289322,0.09552530199289322,145800,0.0,0.0
1983-01-31 00:00:00-05:00,0.09616225957870483,0.098072663728599,0.09616225957870483,0.09616225957870483,601425,0.0,0.0
1983-02-01 00:00:00-05:00,0.09679917246103287,0.09807261548911159,0.09679917246103287,0.09679917246103287,729000,0.0,0.0
1983-02-02 00:00:00-05:00,0.09679917246103287,0.09807261548911159,0.09679917246103287,0.09679917246103287,328050,0.0,0.0
1983-02-03 00:00:00-05:00,0.09616224986894943,0.09616224986894943,0.09488880634307861,0.09488880634307861,4957200,0.0,0.0
1983-02-04 00:00:00-05:00,0.09488880634307861,0.09679921030007428,0.09488880634307861,0.09488880634307861,1895400,0.0,0.0
1983-02-07 00:00:00-05:00,0.09552530199289322,0.09679921601240074,0.09552530199289322,0.09552530199289322,2642625,0.0,0.0
1983-02-08 00:00:00-05:00,0.09552530199289322,0.09679921601240074,0.09552530199289322,0.09552530199289322,8511075,0.0,0.0
1983-02-09 00:00:00-05:00,0.09552530199289322,0.09679921601240074,0.09552530199289322,0.09552530199289322,1184625,0.0,0.0
1983-02-10 00:00:00-05:00,0.09616225957870483,0.098072663728599,0.09616225957870483,0.09616225957870483,273375,0.0,0.0
1983-02-11 00:00:00-05:00,0.09679917246103287,0.09807261548911159,0.09679917246103287,0.09679917246103287,328050,0.0,0.0
1983-02-14 00:00:00-05:00,0.09679917246103287,0.09807261548911159,0.09679917246103287,0.09679917246103287,0,0.0,0.0
1983-02-15 00:00:00-05:00,0.09679917246103287,0.09807261548911159,0.09679917246103287,0.09679917246103287,765450,0.0,0.0
1983-02-16 00:00:00-05:00,0.09870962798595428,0.10062003220865573,0.09870962798595428,0.09870962798595428,947700,0.0,0.0
1983-02-17 00:00:00-05:00,0.10062002390623093,0.10253042797129987,0.10062002390623093,0.10062002390623093,601425,0.0,0.0
1983-02-18 00:00:00-05:00,0.10189387947320938,0.10380428257211688,0.10189387947320938,0.10189387947320938,583200,0.0,0.0
1983-02-22 00:00:00-05:00,0.10189387947320938,0.10380428257211688,0.10189387947320938,0.10189387947320938,36450,0.0,0.0
1983-02-23 00:00:00-05:00,0.10189387947320938,0.10380428257211688,0.10189387947320938,0.10189387947320938,18225,0.0,0.0
1983-02-24 00:00:00-05:00,0.10189387947320938,0.10380428257211688,0.10189387947320938,0.10189387947320938,182250,0.0,0.0
1983-02-25 00:00:00-05:00,0.10189387947320938,0.10444124271714088,0.10189387947320938,0.10189387947320938,0,0.0,0.0
1983-02-28 00:00:00-05:00,0.10253037512302399,0.10444124170372353,0.10253037512302399,0.10253037512302399,18225,0.0,0.0
1983-03-01 00:00:00-05:00,0.10253037512302399,0.10444124170372353,0.10253037512302399,0.10253037512302399,273375,0.0,0.0
1983-03-02 00:00:00-05:00,0.10253037512302399,0.10444124170372353,0.10253037512302399,0.10253037512302399,637875,0.0,0.0
1983-03-03 00:00:00-05:00,0.10316731035709381,0.10444122349476301,0.10316731035709381,0.10316731035709381,747225,0.0,0.0
1983-03-04 00:00:00-05:00,0.10316731035709381,0.10507771310439222,0.10316731035709381,0.10316731035709381,236925,0.0,0.0
1983-03-07 00:00:00-05:00,0.10380427539348602,0.10507772517721897,0.10380427539348602,0.10380427539348602,455625,0.0,0.0
1983-03-08 00:00:00-05:00,0.10635168105363846,0.107625124429453,0.10635168105363846,0.10635168105363846,1275750,0.0,0.0
1983-03-09 00:00:00-05:00,0.11208334565162659,0.11335678891271028,0.11208334565162659,0.11208334565162659,1275750,0.0,0.0
1983-03-10 00:00:00-05:00,0.11526716500520706,0.11590412515210607,0.11526716500520706,0.11526716500520706,1585575,0.0,0.0
1983-03-11 00:00:00-05:00,0.11526714707858352,0.11526714707858352,0.11399370431900024,0.11399370431900024,2314575,0.0,0.0
1983-03-14 00:00:00-05:00,0.11399370431900024,0.11399370431900024,0.11399370431900024,0.11399370431900024,0,0.0,0.0
1983-03-15 00:00:00-05:00,0.1139937517495362,0.11526719503897392,0.11335679143667221,0.11335679143667221,3736125,0.0,0.0
1983-03-16 00:00:00-05:00,0.11335679143667221,0.11526719503897392,0.11335679143667221,0.11335679143667221,36450,0.0,0.0
1983-03-17 00:00:00-05:00,0.11208336259500563,0.11208336259500563,0.11017249524593353,0.11017249524593353,1221075,0.0,0.0
1983-03-18 00:00:00-05:00,0.11017246219749335,0.11080941548347775,0.10889901220798492,0.10889901220798492,528525,0.0,0.0
1983-03-21 00:00:00-05:00,0.1088990003884443,0.11017245023973665,0.10826204717159271,0.10826204717159271,36450,0.0,0.0
1983-03-22 00:00:00-05:00,0.10826204717159271,0.10953595360529589,0.10826204717159271,0.10826204717159271,346275,0.0,0.0
1983-03-23 00:00:00-05:00,0.10826209470368682,0.10889904820019061,0.10762513428926468,0.10762513428926468,18225,0.0,0.0
1983-03-24 00:00:00-05:00,0.10826204717159271,0.10953595360529589,0.10826204717159271,0.10826204717159271,419175,0.0,0.0
1983-03-25 00:00:00-05:00,0.10889901220798492,0.11017246219749335,0.10889901220798492,0.10889901220798492,91125,0.0,0.0
1983-03-28 00:00:00-05:00,0.10889901220798492,0.11080941548347775,0.10889901220798492,0.10889901220798492,18225,0.0,0.0
1983-03-29 00:00:00-05:00,0.10889901220798492,0.11017246219749335,0.10889901220798492,0.10889901220798492,54675,0.0,0.0
1983-03-30 00:00:00-05:00,0.10889901220798492,0.11017246219749335,0.10889901220798492,0.10889901220798492,200475,0.0,0.0
1983-03-31 00:00:00-05:00,0.10889904820019061,0.10889904820019061,0.10762513428926468,0.10762513428926468,291600,0.0,0.0
1983-04-04 00:00:00-05:00,0.1069886103311229,0.1069886103311229,0.10507774353027344,0.10507774353027344,455625,0.0,0.0
1983-04-05 00:00:00-05:00,0.10507774353027344,0.1069886103311229,0.10507774353027344,0.10507774353027344,455625,0.0,0.0
1983-04-06 00:00:00-05:00,0.10507772517721897,0.10571467836027876,0.10380427539348602,0.10380427539348602,236925,0.0,0.0
1983-04-07 00:00:00-05:00,0.10380427539348602,0.10571467836027876,0.10380427539348602,0.10380427539348602,18225,0.0,0.0
1983-04-08 00:00:00-05:00,0.10380427539348602,0.10571467836027876,0.10380427539348602,0.10380427539348602,18225,0.0,0.0
1983-04-11 00:00:00-05:00,0.10380427539348602,0.10571467836027876,0.10380427539348602,0.10380427539348602,182250,0.0,0.0
1983-04-12 00:00:00-05:00,0.10380427539348602,0.10507772517721897,0.10380427539348602,0.10380427539348602,54675,0.0,0.0
1983-04-13 00:00:00-05:00,0.10316737804211917,0.10316737804211917,0.10125697404146194,0.10125697404146194,164025,0.0,0.0
1983-04-14 00:00:00-05:00,0.09870956495340724,0.09870956495340724,0.09743611514568329,0.09743611514568329,4574475,0.0,0.0
1983-04-15 00:00:00-05:00,0.09870962798595428,0.09998353518954642,0.09870962798595428,0.09870962798595428,2259900,0.0,0.0
1983-04-18 00:00:00-05:00,0.10062002390623093,0.10189393100470961,0.10062002390623093,0.10062002390623093,656100,0.0,0.0
1983-04-19 00:00:00-05:00,0.10698868334293365,0.10889908794710954,0.10698868334293365,0.10698868334293365,9057825,0.0,0.0
1983-04-20 00:00:00-05:00,0.10698868334293365,0.10826213421812493,0.10698868334293365,0.10698868334293365,747225,0.0,0.0
1983-04-21 00:00:00-05:00,0.10889901220798492,0.11080941548347775,0.10889901220798492,0.10889901220798492,2150550,0.0,0.0
1983-04-22 00:00:00-05:00,0.11399370431900024,0.11526714707858352,0.11399370431900024,0.11399370431900024,3426300,0.0,0.0
1983-04-25 00:00:00-04:00,0.11399370431900024,0.11526714707858352,0.11399370431900024,0.11399370431900024,674325,0.0,0.0
1983-04-26 00:00:00-04:00,0.11463071405887604,0.11654112472766033,0.11463071405887604,0.11463071405887604,783675,0.0,0.0
1983-04-27 00:00:00-04:00,0.11463071405887604,0.11654112472766033,0.11463071405887604,0.11463071405887604,984150,0.0,0.0
1983-04-28 00:00:00-04:00,0.11526716500520706,0.11654108529900507,0.11526716500520706,0.11526716500520706,364500,0.0,0.0
1983-04-29 00:00:00-04:00,0.11526716500520706,0.11717803161007319,0.11526716500520706,0.11526716500520706,2496825,0.0,0.0
1983-05-02 00:00:00-04:00,0.11526716500520706,0.11717803161007319,0.11526716500520706,0.11526716500520706,674325,0.0,0.0
1983-05-03 00:00:00-04:00,0.11526716500520706,0.11654108529900507,0.11526716500520706,0.11526716500520706,801900,0.0,0.0
1983-05-04 00:00:00-04:00,0.11526720400286442,0.11590416436526238,0.11463071405887604,0.11463071405887604,8419950,0.0,0.0
1983-05-05 00:00:00-04:00,0.11463065744892333,0.11590410712642096,0.11399370431900024,0.11399370431900024,1184625,0.0,0.0
1983-05-06 00:00:00-04:00,0.11399370431900024,0.11590410712642096,0.11399370431900024,0.11399370431900024,200475,0.0,0.0
1983-05-09 00:00:00-04:00,0.11463071405887604,0.11590416436526238,0.11463071405887604,0.11463071405887604,109350,0.0,0.0
1983-05-10 00:00:00-04:00,0.11463071405887604,0.11526720400286442,0.11463071405887604,0.11463071405887604,273375,0.0,0.0
1983-05-11 00:00:00-04:00,0.11463065744892333,0.11526714707858352,0.11399370431900024,0.11399370431900024,656100,0.0,0.0
1983-05-12 00:00:00-04:00,0.11399370431900024,0.11526714707858352,0.11399370431900024,0.11399370431900024,164025,0.0,0.0
1983-05-13 00:00:00-04:00,0.11463071405887604,0.11590416436526238,0.11463071405887604,0.11463071405887604,273375,0.0,0.0
1983-05-16 00:00:00-04:00,0.11654114863967062,0.11654114863967062,0.1136753037571907,0.1136753037571907,425250,0.0,1.5
1983-05-17 00:00:00-04:00,0.11749604344367981,0.11940690997146616,0.11749604344367981,0.11749604344367981,546750,0.0,0.0
1983-05-18 00:00:00-04:00,0.11749604344367981,0.11940690997146616,0.11749604344367981,0.11749604344367981,97200,0.0,0.0
1983-05-19 00:00:00-04:00,0.11845152080059052,0.11940695442013934,0.11845152080059052,0.11845152080059052,267300,0.0,0.0
1983-05-20 00:00:00-04:00,0.11845152080059052,0.1203619176212816,0.11845152080059052,0.11845152080059052,704700,0.0,0.0
1983-05-23 00:00:00-04:00,0.11845152080059052,0.1203619176212816,0.11845152080059052,0.11845152080059052,437400,0.0,0.0
1983-05-24 00:00:00-04:00,0.11845152080059052,0.1203619176212816,0.11845152080059052,0.11845152080059052,145800,0.0,0.0
1983-05-25 00:00:00-04:00,0.11845152080059052,0.1203619176212816,0.11845152080059052,0.11845152080059052,777600,0.0,0.0
1983-05-26 00:00:00-04:00,0.11845152080059052,0.1203619176212816,0.11845152080059052,0.11845152080059052,24300,0.0,0.0
1983-05-27 00:00:00-04:00,0.11845152080059052,0.1203619176212816,0.11845152080059052,0.11845152080059052,255150,0.0,0.0
1983-05-31 00:00:00-04:00,0.11845152080059052,0.1203619176212816,0.11845152080059052,0.11845152080059052,206550,0.0,0.0
1983-06-01 00:00:00-04:00,0.11940693110227585,0.12131734138573626,0.11940693110227585,0.11940693110227585,972000,0.0,0.0
1983-06-02 00:00:00-04:00,0.11940693110227585,0.12131734138573626,0.11940693110227585,0.11940693110227585,109350,0.0,0.0
1983-06-03 00:00:00-04:00,0.12036188691854477,0.12227229708775078,0.12036188691854477,0.12036188691854477,328050,0.0,0.0
1983-06-06 00:00:00-04:00,0.12036188691854477,0.1232277304635811,0.12036188691854477,0.12036188691854477,133650,0.0,0.0
1983-06-07 00:00:00-04:00,0.12131734192371368,0.12322773837981288,0.12131734192371368,0.12131734192371368,899100,0.0,0.0
1983-06-08 00:00:00-04:00,0.12131734192371368,0.12322773837981288,0.12131734192371368,0.12131734192371368,36450,0.0,0.0
1983-06-09 00:00:00-04:00,0.12131734192371368,0.12322773837981288,0.12131734192371368,0.12131734192371368,461700,0.0,0.0
1983-06-10 00:00:00-04:00,0.12418320029973984,0.12704904468619133,0.12418320029973984,0.12418320029973984,1129950,0.0,0.0
1983-06-13 00:00:00-04:00,0.12513814866542816,0.12800399271128407,0.12513814866542816,0.12513814866542816,352350,0.0,0.0
1983-06-14 00:00:00-04:00,0.12609358131885529,0.12800397776298403,0.12609358131885529,0.12609358131885529,510300,0.0,0.0
1983-06-15 00:00:00-04:00,0.12609358131885529,0.12800397776298403,0.12609358131885529,0.12609358131885529,48600,0.0,0.0
1983-06-16 00:00:00-04:00,0.1270490288734436,0.12800399199250925,0.1270490288734436,0.1270490288734436,522450,0.0,0.0
1983-06-17 00:00:00-04:00,0.12895946204662323,0.1318253068878909,0.12895946204662323,0.12895946204662323,729000,0.0,0.0
1983-06-20 00:00:00-04:00,0.12895946204662323,0.1318253068878909,0.12895946204662323,0.12895946204662323,24300,0.0,0.0
1983-06-21 00:00:00-04:00,0.12895946204662323,0.1318253068878909,0.12895946204662323,0.12895946204662323,182250,0.0,0.0
1983-06-22 00:00:00-04:00,0.12895946204662323,0.1318253068878909,0.12895946204662323,0.12895946204662323,145800,0.0,0.0
1983-06-23 00:00:00-04:00,0.13278020918369293,0.13469060550215117,0.13278020918369293,0.13278020918369293,826200,0.0,0.0
1983-06-24 00:00:00-04:00,0.13278020918369293,0.13469060550215117,0.13278020918369293,0.13278020918369293,935550,0.0,0.0
1983-06-27 00:00:00-04:00,0.13373567163944244,0.1346906347972337,0.13373567163944244,0.13373567163944244,425250,0.0,0.0
1983-06-28 00:00:00-04:00,0.13373567163944244,0.13660151578542143,0.13373567163944244,0.13373567163944244,2830950,0.0,0.0
1983-06-29 00:00:00-04:00,0.13373567163944244,0.13660151578542143,0.13373567163944244,0.13373567163944244,729000,0.0,0.0
1983-06-30 00:00:00-04:00,0.13373567163944244,0.13660151578542143,0.13373567163944244,0.13373567163944244,461700,0.0,0.0
1983-07-01 00:00:00-04:00,0.13373567163944244,0.13660151578542143,0.13373567163944244,0.13373567163944244,121500,0.0,0.0
1983-07-05 00:00:00-04:00,0.13373567163944244,0.13660151578542143,0.13373567163944244,0.13373567163944244,1980450,0.0,0.0
1983-07-06 00:00:00-04:00,0.13373567163944244,0.13660151578542143,0.13373567163944244,0.13373567163944244,4398300,0.0,0.0
1983-07-07 00:00:00-04:00,0.13373567993898944,0.13373567993898944,0.13086983561515808,0.13086983561515808,1032750,0.0,0.0
1983-07-08 00:00:00-04:00,0.13086983561515808,0.13373567993898944,0.13086983561515808,0.13086983561515808,437400,0.0,0.0
1983-07-11 00:00:00-04:00,0.13086983561515808,0.13278024630351942,0.13086983561515808,0.13086983561515808,230850,0.0,0.0
1983-07-12 00:00:00-04:00,0.13086983561515808,0.13278024630351942,0.13086983561515808,0.13086983561515808,874800,0.0,0.0
1983-07-13 00:00:00-04:00,0.13086983561515808,0.13278024630351942,0.13086983561515808,0.13086983561515808,97200,0.0,0.0
1983-07-14 00:00:00-04:00,0.13086983561515808,0.13278024630351942,0.13086983561515808,0.13086983561515808,12150,0.0,0.0
1983-07-15 00:00:00-04:00,0.13086983561515808,0.13278024630351942,0.13086983561515808,0.13086983561515808,267300,0.0,0.0
1983-07-18 00:00:00-04:00,0.13086983561515808,0.13086983561515808,0.13086983561515808,0.13086983561515808,0,0.0,0.0
1983-07-19 00:00:00-04:00,0.13086983561515808,0.13278024630351942,0.13086983561515808,0.13086983561515808,24300,0.0,0.0
1983-07-20 00:00:00-04:00,0.13373567163944244,0.13564606837341014,0.13373567163944244,0.13373567163944244,8735850,0.0,0.0
1983-07-21 00:00:00-04:00,0.13469062745571136,0.13755647144548305,0.13469062745571136,0.13469062745571136,2466450,0.0,0.0
1983-07-22 00:00:00-04:00,0.13469062745571136,0.13660150833974358,0.13469062745571136,0.13469062745571136,24300,0.0,0.0
1983-07-25 00:00:00-04:00,0.13469062745571136,0.13755647144548305,0.13469062745571136,0.13469062745571136,376650,0.0,0.0
1983-07-26 00:00:00-04:00,0.13469062745571136,0.13755647144548305,0.13469062745571136,0.13469062745571136,364500,0.0,0.0
1983-07-27 00:00:00-04:00,0.13469062745571136,0.13755647144548305,0.13469062745571136,0.13469062745571136,838350,0.0,0.0
1983-07-28 00:00:00-04:00,0.13469062745571136,0.13469062745571136,0.13469062745571136,0.13469062745571136,0,0.0,0.0
1983-07-29 00:00:00-04:00,0.13469062745571136,0.13660150833974358,0.13469062745571136,0.13469062745571136,765450,0.0,0.0
1983-08-01 00:00:00-04:00,0.13469062745571136,0.13755647144548305,0.13469062745571136,0.13469062745571136,2454300,0.0,0.0
1983-08-02 00:00:00-04:00,0.13469062745571136,0.13755647144548305,0.13469062745571136,0.13469062745571136,352350,0.0,0.0
1983-08-03 00:00:00-04:00,0.13469062745571136,0.13755647144548305,0.13469062745571136,0.13469062745571136,1057050,0.0,0.0
1983-08-04 00:00:00-04:00,0.13469060550215117,0.13564603887052176,0.13278020918369293,0.13278020918369293,765450,0.0,0.0
1983-08-05 00:00:00-04:00,0.13278023137829778,0.13469062801608442,0.1318252682685852,0.1318252682685852,12150,0.0,0.0
1983-08-08 00:00:00-04:00,0.1318252830864638,0.13373567993898944,0.13086983561515808,0.13086983561515808,48600,0.0,0.0
1983-08-09 00:00:00-04:00,0.13086983561515808,0.13373567993898944,0.13086983561515808,0.13086983561515808,340200,0.0,0.0
1983-08-10 00:00:00-04:00,0.13086983561515808,0.13373567993898944,0.13086983561515808,0.13086983561515808,133650,0.0,0.0
1983-08-11 00:00:00-04:00,0.13086983561515808,0.13373567993898944,0.13086983561515808,0.13086983561515808,218700,0.0,0.0
1983-08-12 00:00:00-04:00,0.13086983561515808,0.13373567993898944,0.13086983561515808,0.13086983561515808,60750,0.0,0.0
1983-08-15 00:00:00-04:00,0.13086983561515808,0.13373567993898944,0.13086983561515808,0.13086983561515808,85050,0.0,0.0
1983-08-16 00:00:00-04:00,0.13086983561515808,0.13373567993898944,0.13086983561515808,0.13086983561515808,692550,0.0,0.0
1983-08-17 00:00:00-04:00,0.13086983561515808,0.13373567993898944,0.13086983561515808,0.13086983561515808,24300,0.0,0.0
1983-08-18 00:00:00-04:00,0.13086983561515808,0.13373567993898944,0.13086983561515808,0.13086983561515808,279450,0.0,0.0
1983-08-19 00:00:00-04:00,0.13086983561515808,0.13373567993898944,0.13086983561515808,0.13086983561515808,72900,0.0,0.0
1983-08-22 00:00:00-04:00,0.1318252682685852,0.13373566490637184,0.1318252682685852,0.1318252682685852,48600,0.0,0.0
1983-08-23 00:00:00-04:00,0.13278020918369293,0.1337356425520635,0.13278020918369293,0.13278020918369293,145800,0.0,0.0
1983-08-24 00:00:00-04:00,0.13278020918369293,0.13469060550215117,0.13278020918369293,0.13278020918369293,1676700,0.0,0.0
1983-08-25 00:00:00-04:00,0.13278020918369293,0.13469060550215117,0.13278020918369293,0.13278020918369293,741150,0.0,0.0
1983-08-26 00:00:00-04:00,0.13278020918369293,0.13469060550215117,0.13278020918369293,0.13278020918369293,1057050,0.0,0.0
1983-08-29 00:00:00-04:00,0.13278020918369293,0.13469060550215117,0.13278020918369293,0.13278020918369293,36450,0.0,0.0
1983-08-30 00:00:00-04:00,0.13278020918369293,0.13278020918369293,0.13278020918369293,0.13278020918369293,0,0.0,0.0
1983-08-31 00:00:00-04:00,0.13278020918369293,0.13469060550215117,0.13278020918369293,0.13278020918369293,243000,0.0,0.0
1983-09-01 00:00:00-04:00,0.13278020918369293,0.13469060550215117,0.13278020918369293,0.13278020918369293,145800,0.0,0.0
1983-09-02 00:00:00-04:00,0.13278020918369293,0.13469060550215117,0.13278020918369293,0.13278020918369293,60750,0.0,0.0
1983-09-06 00:00:00-04:00,0.13373567163944244,0.13660151578542143,0.13373567163944244,0.13373567163944244,291600,0.0,0.0
1983-09-07 00:00:00-04:00,0.13373567163944244,0.13373567163944244,0.13373567163944244,0.13373567163944244,0,0.0,0.0
1983-09-08 00:00:00-04:00,0.13373567163944244,0.13373567163944244,0.13373567163944244,0.13373567163944244,0,0.0,0.0
1983-09-09 00:00:00-04:00,0.13469062745571136,0.1356460609798104,0.13469062745571136,0.13469062745571136,364500,0.0,0.0
1983-09-12 00:00:00-04:00,0.13469062745571136,0.1356460609798104,0.13469062745571136,0.13469062745571136,85050,0.0,0.0
1983-09-13 00:00:00-04:00,0.13469062745571136,0.13660150833974358,0.13469062745571136,0.13469062745571136,1664550,0.0,0.0
1983-09-14 00:00:00-04:00,0.13469062745571136,0.13660150833974358,0.13469062745571136,0.13469062745571136,60750,0.0,0.0
1983-09-15 00:00:00-04:00,0.13469062745571136,0.13660150833974358,0.13469062745571136,0.13469062745571136,255150,0.0,0.0
1983-09-16 00:00:00-04:00,0.136601522564888,0.13851191939366775,0.136601522564888,0.136601522564888,1032750,0.0,0.0
1983-09-19 00:00:00-04:00,0.14328819513320923,0.14519859242359595,0.14328819513320923,0.14328819513320923,2806650,0.0,0.0
1983-09-20 00:00:00-04:00,0.14424367249011993,0.14710904791644652,0.14424367249011993,0.14424367249011993,3134700,0.0,0.0
1983-09-21 00:00:00-04:00,0.14424367249011993,0.1461540841925067,0.14424367249011993,0.14424367249011993,48600,0.0,0.0
1983-09-22 00:00:00-04:00,0.14424367249011993,0.1461540841925067,0.14424367249011993,0.14424367249011993,133650,0.0,0.0
1983-09-23 00:00:00-04:00,0.14424367249011993,0.1461540841925067,0.14424367249011993,0.14424367249011993,1263600,0.0,0.0
1983-09-26 00:00:00-04:00,0.14424367249011993,0.1461540841925067,0.14424367249011993,0.14424367249011993,24300,0.0,0.0
1983-09-27 00:00:00-04:00,0.14424367249011993,0.1461540841925067,0.14424367249011993,0.14424367249011993,425250,0.0,0.0
1983-09-28 00:00:00-04:00,0.14424367249011993,0.1461540841925067,0.14424367249011993,0.14424367249011993,996300,0.0,0.0
1983-09-29 00:00:00-04:00,0.1451985388994217,0.1480643828236729,0.1451985388994217,0.1451985388994217,1032750,0.0,0.0
1983-09-30 00:00:00-04:00,0.1461540311574936,0.14806442833081018,0.1461540311574936,0.1461540311574936,72900,0.0,0.0
1983-10-03 00:00:00-04:00,0.1461540311574936,0.14901986212671514,0.1461540311574936,0.1461540311574936,85050,0.0,0.0
1983-10-04 00:00:00-04:00,0.1471090316772461,0.14997486337003776,0.1471090316772461,0.1471090316772461,279450,0.0,0.0
1983-10-05 00:00:00-04:00,0.1499747484922409,0.1537960251309837,0.1499747484922409,0.1499747484922409,631800,0.0,0.0
1983-10-06 00:00:00-04:00,0.1509302705526352,0.15379610147280687,0.1509302705526352,0.1509302705526352,206550,0.0,0.0
1983-10-07 00:00:00-04:00,0.15379610657691956,0.15666195142803932,0.15379610657691956,0.15379610657691956,230850,0.0,0.0
1983-10-10 00:00:00-04:00,0.15475110709667206,0.15666198901347972,0.15475110709667206,0.15475110709667206,826200,0.0,0.0
1983-10-11 00:00:00-04:00,0.1547510699696794,0.15666195142803932,0.15379610657691956,0.15379610657691956,2697300,0.0,0.0
1983-10-12 00:00:00-04:00,0.15379610657691956,0.1557065176167785,0.15379610657691956,0.15379610657691956,1008450,0.0,0.0
1983-10-13 00:00:00-04:00,0.15379607775336915,0.15570648843519025,0.15284064412117004,0.15284064412117004,1615950,0.0,0.0
1983-10-14 00:00:00-04:00,0.15284064412117004,0.15570648843519025,0.15284064412117004,0.15284064412117004,6196500,0.0,0.0
1983-10-17 00:00:00-04:00,0.15284064412117004,0.15475104096715547,0.15284064412117004,0.15284064412117004,2551500,0.0,0.0
1983-10-18 00:00:00-04:00,0.15284064412117004,0.15284064412117004,0.15284064412117004,0.15284064412117004,0,0.0,0.0
1983-10-19 00:00:00-04:00,0.1528406727656587,0.15379610657691956,0.1528406727656587,0.15379610657691956,170100,0.0,0.0
1983-10-20 00:00:00-04:00,0.15379610657691956,0.15379610657691956,0.15379610657691956,0.15379610657691956,0,0.0,0.0
1983-10-21 00:00:00-04:00,0.15188515186309814,0.15188515186309814,0.15188515186309814,0.15188515186309814,12150,0.0,0.0
1983-10-24 00:00:00-04:00,0.15188515186309814,0.15188515186309814,0.15188515186309814,0.15188515186309814,0,0.0,0.0
1983-10-25 00:00:00-04:00,0.15379610657691956,0.15379610657691956,0.15379610657691956,0.15379610657691956,12150,0.0,0.0
1983-10-26 00:00:00-04:00,0.15379610657691956,0.15379610657691956,0.15379610657691956,0.15379610657691956,0,0.0,0.0
1983-10-27 00:00:00-04:00,0.15379601838992446,0.15379601838992446,0.15188515186309814,0.15188515186309814,97200,0.0,0.0
1983-10-28 00:00:00-04:00,0.15188515186309814,0.15379601838992446,0.15188515186309814,0.15188515186309814,230850,0.0,0.0
1983-10-31 00:00:00-05:00,0.15188515852040185,0.15188515852040185,0.1499747484922409,0.1499747484922409,218700,0.0,0.0
1983-11-01 00:00:00-05:00,0.14997471061836593,0.14997471061836593,0.1490197479724884,0.1490197479724884,692550,0.0,0.0
1983-11-02 00:00:00-05:00,0.1490197479724884,0.1490197479724884,0.1490197479724884,0.1490197479724884,0,0.0,0.0
1983-11-03 00:00:00-05:00,0.1490197479724884,0.1490197479724884,0.1490197479724884,0.1490197479724884,0,0.0,0.0
1983-11-04 00:00:00-05:00,0.1475866287946701,0.1475866287946701,0.14710891905972867,0.1475866287946701,170100,0.0,0.0
1983-11-07 00:00:00-05:00,0.1480642855167389,0.1480642855167389,0.1480642855167389,0.1480642855167389,24300,0.0,0.0
1983-11-08 00:00:00-05:00,0.1480642855167389,0.1480642855167389,0.1480642855167389,0.1480642855167389,36450,0.0,0.0
1983-11-09 00:00:00-05:00,0.1480642855167389,0.1480642855167389,0.1480642855167389,0.1480642855167389,0,0.0,0.0
1983-11-10 00:00:00-05:00,0.1480642855167389,0.1480642855167389,0.1480642855167389,0.1480642855167389,0,0.0,0.0
1983-11-11 00:00:00-05:00,0.1480642855167389,0.1480642855167389,0.1480642855167389,0.1480642855167389,0,0.0,0.0
1983-11-14 00:00:00-05:00,0.1461539870245051,0.1461539870245051,0.1437658667564392,0.1437658667564392,413100,0.0,0.0
1983-11-15 00:00:00-05:00,0.14328819513320923,0.14328819513320923,0.14328819513320923,0.14328819513320923,230850,0.0,0.0
1983-11-16 00:00:00-05:00,0.14328818897057505,0.14376591279517548,0.141377791762352,0.141377791762352,388800,0.0,0.0
1983-11-17 00:00:00-05:00,0.14137775534755098,0.14137775534755098,0.13946734479555586,0.13994459807872772,170100,0.0,0.0
1983-11-18 00:00:00-05:00,0.141377791762352,0.141377791762352,0.141377791762352,0.141377791762352,12150,0.0,0.0
1983-11-21 00:00:00-05:00,0.13946732878684998,0.13946732878684998,0.13946732878684998,0.13946732878684998,85050,0.0,0.0
1983-11-22 00:00:00-05:00,0.1394673606338628,0.1394673606338628,0.13755649328231812,0.13755649328231812,109350,0.0,0.0
1983-11-23 00:00:00-05:00,0.13755649328231812,0.13755649328231812,0.13755649328231812,0.13755649328231812,0,0.0,0.0
1983-11-25 00:00:00-05:00,0.13851194083690643,0.13851194083690643,0.13851194083690643,0.13851194083690643,36450,0.0,0.0
1983-11-28 00:00:00-05:00,0.13851191760138126,0.14042231440544128,0.13851191760138126,0.14042231440544128,85050,0.0,0.0
1983-11-29 00:00:00-05:00,0.1375564720177793,0.1375564720177793,0.1318252682685852,0.1318252682685852,400950,0.0,0.0
1983-11-30 00:00:00-05:00,0.1327802455048151,0.1366015234411306,0.1327802455048151,0.1342134028673172,5601150,0.0,0.0
1983-12-01 00:00:00-05:00,0.13469062745571136,0.13469062745571136,0.13469062745571136,0.13469062745571136,157950,0.0,0.0
1983-12-02 00:00:00-05:00,0.13469062745571136,0.13469062745571136,0.13469062745571136,0.13469062745571136,24300,0.0,0.0
1983-12-05 00:00:00-05:00,0.13469062659117206,0.13851190408051517,0.13469062659117206,0.1356460601091385,340200,0.0,0.0
1983-12-06 00:00:00-05:00,0.13564609610503134,0.13851194083690643,0.13564609610503134,0.13851194083690643,72900,0.0,0.0
1983-12-07 00:00:00-05:00,0.13851191760138126,0.14042231440544128,0.13755648399015005,0.14042231440544128,3973050,0.0,0.0
1983-12-08 00:00:00-05:00,0.13946732878684998,0.13946732878684998,0.13946732878684998,0.13946732878684998,121500,0.0,0.0
1983-12-09 00:00:00-05:00,0.14042231440544128,0.14042231440544128,0.14042231440544128,0.14042231440544128,133650,0.0,0.0
1983-12-12 00:00:00-05:00,0.14042231440544128,0.14042231440544128,0.14042231440544128,0.14042231440544128,12150,0.0,0.0
1983-12-13 00:00:00-05:00,0.1404222918261247,0.1404222918261247,0.13851189532924843,0.13946732878684998,133650,0.0,0.0
1983-12-14 00:00:00-05:00,0.13851194083690643,0.13851194083690643,0.13851194083690643,0.13851194083690643,36450,0.0,0.0
1983-12-15 00:00:00-05:00,0.13851194083690643,0.13851194083690643,0.13851194083690643,0.13851194083690643,60750,0.0,0.0
1983-12-16 00:00:00-05:00,0.13851194083690643,0.13851194083690643,0.13851194083690643,0.13851194083690643,48600,0.0,0.0
1983-12-19 00:00:00-05:00,0.13851191760138126,0.14042231440544128,0.13851191760138126,0.14042231440544128,1081350,0.0,0.0
1983-12-20 00:00:00-05:00,0.14042231440544128,0.14042231440544128,0.14042231440544128,0.14042231440544128,12150,0.0,0.0
1983-12-21 00:00:00-05:00,0.14042231440544128,0.14042231440544128,0.14042231440544128,0.14042231440544128,72900,0.0,0.0
1983-12-22 00:00:00-05:00,0.14042234411315116,0.141377791762352,0.13851194690492807,0.141377791762352,243000,0.0,0.0
1983-12-23 00:00:00-05:00,0.13946736710575583,0.13946736710575583,0.13898965716362,0.13898965716362,340200,0.0,0.0
1983-12-27 00:00:00-05:00,0.1389896646405784,0.1394673746084127,0.13851194083690643,0.13851194083690643,1834650,0.0,0.0
1983-12-28 00:00:00-05:00,0.13851193338564718,0.13946736710575583,0.13851193338564718,0.13898965716362,1166400,0.0,0.0
1983-12-29 00:00:00-05:00,0.14042231440544128,0.14042231440544128,0.14042231440544128,0.14042231440544128,48600,0.0,0.0
1983-12-30 00:00:00-05:00,0.14042231440544128,0.14042231440544128,0.14042231440544128,0.14042231440544128,0,0.0,0.0
1984-01-03 00:00:00-05:00,0.14042231440544128,0.14042231440544128,0.1394673512126125,0.14042231440544128,716850,0.0,0.0
1984-01-04 00:00:00-05:00,0.14042230794444566,0.14137775534755098,0.13946734479555586,0.13994459807872772,315900,0.0,0.0
1984-01-05 00:00:00-05:00,0.1399445820152405,0.1404222918261247,0.13946732878684998,0.13946732878684998,267300,0.0,0.0
1984-01-06 00:00:00-05:00,0.13946738071829062,0.141377791762352,0.13946738071829062,0.141377791762352,765450,0.0,0.0
1984-01-09 00:00:00-05:00,0.141377843439343,0.14233280718326569,0.13946743169698034,0.14233280718326569,315900,0.0,0.0
1984-01-10 00:00:00-05:00,0.1413777618525079,0.1413777618525079,0.1394673512126125,0.14042231440544128,340200,0.0,0.0
1984-01-11 00:00:00-05:00,0.14042234411315116,0.141377791762352,0.13946738071829062,0.141377791762352,97200,0.0,0.0
1984-01-12 00:00:00-05:00,0.14042231440544128,0.14042231440544128,0.1394673512126125,0.14042231440544128,3815100,0.0,0.0
1984-01-13 00:00:00-05:00,0.1404222918261247,0.1404222918261247,0.13851189532924843,0.13946732878684998,1482300,0.0,0.0
1984-01-16 00:00:00-05:00,0.1394673606338628,0.1413777714028096,0.13755649328231812,0.13755649328231812,5163750,0.0,0.0
1984-01-17 00:00:00-05:00,0.13755649328231812,0.13755649328231812,0.13755649328231812,0.13755649328231812,121500,0.0,0.0
1984-01-18 00:00:00-05:00,0.13851194083690643,0.13851194083690643,0.13851194083690643,0.13851194083690643,72900,0.0,0.0
1984-01-19 00:00:00-05:00,0.13851194083690643,0.13851194083690643,0.13851194083690643,0.13851194083690643,24300,0.0,0.0
1984-01-20 00:00:00-05:00,0.1380341351032257,0.1380341351032257,0.13755642541893548,0.1380341351032257,631800,0.0,0.0
1984-01-23 00:00:00-05:00,0.1380341716825311,0.13946732878684998,0.1366014988323722,0.13946732878684998,328050,0.0,0.0
1984-01-24 00:00:00-05:00,0.13755647144548305,0.13755647144548305,0.13469062745571136,0.13469062745571136,48600,0.0,0.0
1984-01-25 00:00:00-05:00,0.13469062745571136,0.13469062745571136,0.13469062745571136,0.13469062745571136,218700,0.0,0.0
1984-01-26 00:00:00-05:00,0.13469064225586225,0.13469064225586225,0.13325795531272888,0.13325795531272888,145800,0.0,0.0
1984-01-27 00:00:00-05:00,0.1332579479334368,0.1346906347972337,0.132780238063266,0.13373567163944244,364500,0.0,0.0
1984-01-30 00:00:00-05:00,0.13086983561515808,0.13086983561515808,0.12609360827463678,0.13086983561515808,874800,0.0,0.0
1984-01-31 00:00:00-05:00,0.1280040293931961,0.1280040293931961,0.12609363217851186,0.1280040293931961,218700,0.0,0.0
1984-02-01 00:00:00-05:00,0.1280040293931961,0.1280040293931961,0.1280040293931961,0.1280040293931961,85050,0.0,0.0
1984-02-02 00:00:00-05:00,0.1260935960440593,0.1260935960440593,0.12513814866542816,0.12513814866542816,157950,0.0,0.0
1984-02-03 00:00:00-05:00,0.12609359410102958,0.1318252682685852,0.12609359410102958,0.1318252682685852,2575800,0.0,0.0
1984-02-06 00:00:00-05:00,0.1318252682685852,0.1318252682685852,0.1318252682685852,0.1318252682685852,0,0.0,0.0
1984-02-07 00:00:00-05:00,0.13086985924407643,0.13086985924407643,0.12895946204662323,0.12895946204662323,72900,0.0,0.0
1984-02-08 00:00:00-05:00,0.12895946320979002,0.12991442660788038,0.1280040293931961,0.1280040293931961,498150,0.0,0.0
1984-02-09 00:00:00-05:00,0.12800399199250925,0.128959425529941,0.1270490288734436,0.1270490288734436,145800,0.0,0.0
1984-02-10 00:00:00-05:00,0.12609358131885529,0.12609358131885529,0.12609358131885529,0.12609358131885529,121500,0.0,0.0
1984-02-13 00:00:00-05:00,0.12609361102984462,0.12609361102984462,0.12418320029973984,0.12418320029973984,388800,0.0,0.0
1984-02-14 00:00:00-05:00,0.12322776019573212,0.12322776019573212,0.12322776019573212,0.12322776019573212,36450,0.0,0.0
1984-02-15 00:00:00-05:00,0.12322776019573212,0.12513815699004296,0.12322776019573212,0.12322776019573212,1081350,0.0,0.0
1984-02-16 00:00:00-05:00,0.12418326664962466,0.12609367840044344,0.12418326664962466,0.1256159543991089,510300,0.0,0.0
1984-02-17 00:00:00-05:00,0.12561585768532826,0.12609358131885529,0.1241831710388938,0.12609358131885529,376650,0.0,0.0
1984-02-21 00:00:00-05:00,0.12609358131885529,0.12609358131885529,0.1241831710388938,0.12609358131885529,741150,0.0,0.0
1984-02-22 00:00:00-05:00,0.12418320029973984,0.12418320029973984,0.12418320029973984,0.12418320029973984,121500,0.0,0.0
1984-02-23 00:00:00-05:00,0.12513814866542816,0.1260935960440593,0.12513814866542816,0.12513814866542816,1324350,0.0,0.0
1984-02-24 00:00:00-05:00,0.1256159543991089,0.1256159543991089,0.1256159543991089,0.1256159543991089,12150,0.0,0.0
1984-02-27 00:00:00-05:00,0.12513814866542816,0.12513814866542816,0.12513814866542816,0.12513814866542816,85050,0.0,0.0
1984-02-28 00:00:00-05:00,0.12513813405180124,0.12609358131885529,0.12513813405180124,0.12609358131885529,133650,0.0,0.0
1984-02-29 00:00:00-05:00,0.1260935960440593,0.1260935960440593,0.12513814866542816,0.12513814866542816,121500,0.0,0.0
1984-03-01 00:00:00-05:00,0.12513813405180124,0.12704901475007657,0.12513813405180124,0.12609358131885529,3997350,0.0,0.0
1984-03-02 00:00:00-05:00,0.12513814866542816,0.12513814866542816,0.12513814866542816,0.12513814866542816,182250,0.0,0.0
1984-03-05 00:00:00-05:00,0.12513815699004296,0.1260936044322337,0.12322776019573212,0.12322776019573212,400950,0.0,0.0
1984-03-06 00:00:00-05:00,0.12227234989404678,0.12227234989404678,0.12131738652407881,0.12227234989404678,376650,0.0,0.0
1984-03-07 00:00:00-05:00,0.1222723049426049,0.12322773837981288,0.12131734192371368,0.12131734192371368,291600,0.0,0.0
1984-03-08 00:00:00-05:00,0.12131738652407881,0.12227234989404678,0.11940697552981522,0.12227234989404678,206550,0.0,0.0
1984-03-09 00:00:00-05:00,0.1222723049426049,0.1222723049426049,0.12036189465067285,0.12131734192371368,2478600,0.0,0.0
1984-03-12 00:00:00-05:00,0.12131734192371368,0.12131734192371368,0.12131734192371368,0.12131734192371368,0,0.0,0.0
1984-03-13 00:00:00-05:00,0.12131733413020702,0.12227229708775078,0.12036188691854477,0.12036188691854477,1251450,0.0,0.0
1984-03-14 00:00:00-05:00,0.12036188691854477,0.12036188691854477,0.12036188691854477,0.12036188691854477,0,0.0,0.0
1984-03-15 00:00:00-05:00,0.12036188691854477,0.12036188691854477,0.12036188691854477,0.12036188691854477,243000,0.0,0.0
1984-03-16 00:00:00-05:00,0.12036189411693231,0.12227230440039272,0.11940693110227585,0.11940693110227585,5917050,0.0,0.0
1984-03-19 00:00:00-05:00,0.11940693110227585,0.12227230440039272,0.11940693110227585,0.11940693110227585,121500,0.0,0.0
1984-03-20 00:00:00-05:00,0.11940695442013934,0.1203619176212816,0.11845152080059052,0.11845152080059052,60750,0.0,0.0
1984-03-21 00:00:00-05:00,0.11845152080059052,0.11845152080059052,0.11845152080059052,0.11845152080059052,72900,0.0,0.0
1984-03-22 00:00:00-05:00,0.11797378212213516,0.11797378212213516,0.11797378212213516,0.11797378212213516,97200,0.0,0.0
1984-03-23 00:00:00-05:00,0.11797377403490272,0.11940693110227585,0.11749606423633355,0.11940693110227585,36450,0.0,0.0
1984-03-26 00:00:00-05:00,0.11940693110227585,0.11940693110227585,0.11940693110227585,0.11940693110227585,0,0.0,0.0
1984-03-27 00:00:00-05:00,0.11845147670757299,0.11845147670757299,0.11749604344367981,0.11749604344367981,1215000,0.0,0.0
1984-03-28 00:00:00-05:00,0.11749606423633355,0.11940693110227585,0.11749606423633355,0.11940693110227585,255150,0.0,0.0
1984-03-29 00:00:00-05:00,0.11940693950892504,0.11940693950892504,0.11845150600868816,0.11892922967672348,425250,0.0,0.0
1984-03-30 00:00:00-05:00,0.11892922130370667,0.11940693110227585,0.11463069093821668,0.11940693110227585,24482250,0.0,0.0
1984-04-02 00:00:00-05:00,0.11940690997146616,0.11940690997146616,0.11749604344367981,0.11749604344367981,157950,0.0,0.0
1984-04-03 00:00:00-05:00,0.11749604344367981,0.11940690997146616,0.11749604344367981,0.11749604344367981,145800,0.0,0.0
1984-04-04 00:00:00-05:00,0.1174960871810417,0.11845152080059052,0.11654112397989944,0.11845152080059052,1069200,0.0,0.0
1984-04-05 00:00:00-05:00,0.11749604344367981,0.11749604344367981,0.11749604344367981,0.11749604344367981,60750,0.0,0.0
1984-04-06 00:00:00-05:00,0.11749604344367981,0.11749604344367981,0.11558564041620972,0.11749604344367981,85050,0.0,0.0
1984-04-09 00:00:00-05:00,0.11749604301904072,0.11749604301904072,0.1146306702383494,0.11654108017683029,692550,0.0,0.0
1984-04-10 00:00:00-05:00,0.11654115537346939,0.11654115537346939,0.11367531032539971,0.11558571457862854,133650,0.0,0.0
1984-04-11 00:00:00-05:00,0.11558570790003554,0.11654114863967062,0.1136753037571907,0.1136753037571907,60750,0.0,0.0
1984-04-12 00:00:00-05:00,0.1136753037571907,0.11463073757890657,0.1136753037571907,0.1136753037571907,437400,0.0,0.0
1984-04-13 00:00:00-05:00,0.11558571457862854,0.11558571457862854,0.11558571457862854,0.11558571457862854,170100,0.0,0.0
1984-04-16 00:00:00-05:00,0.11558571457862854,0.11558571457862854,0.11367531032539971,0.11558571457862854,255150,0.0,0.0
1984-04-17 00:00:00-05:00,0.11558571457862854,0.11558571457862854,0.11558571457862854,0.11558571457862854,194400,0.0,0.0
1984-04-18 00:00:00-05:00,0.11558571457862854,0.11558571457862854,0.11463074420232096,0.11558571457862854,48600,0.0,0.0
1984-04-19 00:00:00-05:00,0.11558571457862854,0.11558571457862854,0.11558571457862854,0.11558571457862854,0,0.0,0.0
1984-04-23 00:00:00-05:00,0.1155856841840634,0.1155856841840634,0.11463071405887604,0.11463071405887604,631800,0.0,0.0
1984-04-24 00:00:00-05:00,0.11463071405887604,0.11463071405887604,0.11463071405887604,0.11463071405887604,72900,0.0,0.0
1984-04-25 00:00:00-05:00,0.11558571457862854,0.11749611883185736,0.11558571457862854,0.11558571457862854,340200,0.0,0.0
1984-04-26 00:00:00-05:00,0.11558571457862854,0.11558571457862854,0.11558571457862854,0.11558571457862854,0,0.0,0.0
1984-04-27 00:00:00-05:00,0.11558564041620972,0.11749604344367981,0.11558564041620972,0.11749604344367981,692550,0.0,0.0
1984-04-30 00:00:00-04:00,0.11749604344367981,0.11845147670757299,0.11749604344367981,0.11749604344367981,121500,0.0,0.0
1984-05-01 00:00:00-04:00,0.11845152080059052,0.11940695442013934,0.11845152080059052,0.11845152080059052,340200,0.0,0.0
1984-05-02 00:00:00-04:00,0.11845152080059052,0.11845152080059052,0.11845152080059052,0.11845152080059052,0,0.0,0.0
1984-05-03 00:00:00-04:00,0.12131734192371368,0.12131734192371368,0.12131734192371368,0.12131734192371368,24300,0.0,0.0
1984-05-04 00:00:00-04:00,0.12131734192371368,0.12131734192371368,0.12131734192371368,0.12131734192371368,0,0.0,0.0
1984-05-07 00:00:00-04:00,0.12131734192371368,0.12131734192371368,0.12131734192371368,0.12131734192371368,243000,0.0,0.0
1984-05-08 00:00:00-04:00,0.12083961775133428,0.12083961775133428,0.11940693110227585,0.11940693110227585,36450,0.0,0.0
1984-05-09 00:00:00-04:00,0.11940693110227585,0.11940693110227585,0.11940693110227585,0.11940693110227585,0,0.0,0.0
1984-05-10 00:00:00-04:00,0.12036188691854477,0.12227229708775078,0.12036188691854477,0.12036188691854477,886950,0.0,0.0
1984-05-11 00:00:00-04:00,0.12036188691854477,0.12036188691854477,0.12036188691854477,0.12036188691854477,48600,0.0,0.0
1984-05-14 00:00:00-04:00,0.12036188691854477,0.12036188691854477,0.12036188691854477,0.12036188691854477,24300,0.0,0.0
1984-05-15 00:00:00-04:00,0.12036188691854477,0.12036188691854477,0.12036188691854477,0.12036188691854477,0,0.0,0.0
1984-05-16 00:00:00-04:00,0.12227234989404678,0.12227234989404678,0.12227234989404678,0.12227234989404678,85050,0.0,0.0
1984-05-17 00:00:00-04:00,0.12227234989404678,0.12227234989404678,0.12227234989404678,0.12227234989404678,121500,0.0,0.0
1984-05-18 00:00:00-04:00,0.12227229708775078,0.12227229708775078,0.12036188691854477,0.12036188691854477,1032750,0.0,0.0
1984-05-21 00:00:00-04:00,0.12036188691854477,0.12131733413020702,0.12036188691854477,0.12036188691854477,558900,0.0,0.0
1984-05-22 00:00:00-04:00,0.12036188691854477,0.12036188691854477,0.12036188691854477,0.12036188691854477,0,0.0,0.0
1984-05-23 00:00:00-04:00,0.12036188691854477,0.12036188691854477,0.12036188691854477,0.12036188691854477,182250,0.0,0.0
1984-05-24 00:00:00-04:00,0.12036188691854477,0.12131733413020702,0.11940692396100101,0.12036188691854477,777600,0.0,0.0
1984-05-25 00:00:00-04:00,0.12036188691854477,0.12036188691854477,0.11940692396100101,0.12036188691854477,510300,0.0,0.0
1984-05-29 00:00:00-04:00,0.12036189411693231,0.12131734138573626,0.11940693110227585,0.11940693110227585,24300,0.0,0.0
1984-05-30 00:00:00-04:00,0.12036188691854477,0.12036188691854477,0.12036188691854477,0.12036188691854477,194400,0.0,0.0
1984-05-31 00:00:00-04:00,0.12036189411693231,0.12036189411693231,0.11940693110227585,0.11940693110227585,1227150,0.0,0.0
1984-06-01 00:00:00-04:00,0.11940693110227585,0.11940693110227585,0.11940693110227585,0.11940693110227585,0,0.0,0.0
1984-06-04 00:00:00-04:00,0.11940693110227585,0.11940693110227585,0.11940693110227585,0.11940693110227585,0,0.0,0.0
1984-06-05 00:00:00-04:00,0.11940693110227585,0.11940693110227585,0.11940693110227585,0.11940693110227585,0,0.0,0.0
1984-06-06 00:00:00-04:00,0.11940693110227585,0.11940693110227585,0.11940693110227585,0.11940693110227585,0,0.0,0.0
1984-06-07 00:00:00-04:00,0.11940692396100101,0.12036188691854477,0.11940692396100101,0.12036188691854477,2430000,0.0,0.0
1984-06-08 00:00:00-04:00,0.12036189411693231,0.12131734138573626,0.11940693110227585,0.11940693110227585,109350,0.0,0.0
1984-06-11 00:00:00-04:00,0.11940695442013934,0.1203619176212816,0.11845152080059052,0.11845152080059052,886950,0.0,0.0
1984-06-12 00:00:00-04:00,0.1184514976693047,0.12036189411693231,0.1184514976693047,0.11940693110227585,425250,0.0,0.0
1984-06-13 00:00:00-04:00,0.12036188691854477,0.12036188691854477,0.12036188691854477,0.12036188691854477,60750,0.0,0.0
1984-06-14 00:00:00-04:00,0.1203619176212816,0.1203619176212816,0.11845152080059052,0.11845152080059052,498150,0.0,0.0
1984-06-15 00:00:00-04:00,0.1184514905851707,0.12036188691854477,0.1184514905851707,0.12036188691854477,72900,0.0,0.0
1984-06-18 00:00:00-04:00,0.11749604344367981,0.11749604344367981,0.11749604344367981,0.11749604344367981,12150,0.0,0.0
1984-06-19 00:00:00-04:00,0.11749604344367981,0.11749604344367981,0.11749604344367981,0.11749604344367981,12150,0.0,0.0
1984-06-20 00:00:00-04:00,0.11749604344367981,0.11749604344367981,0.11749604344367981,0.11749604344367981,0,0.0,0.0
1984-06-21 00:00:00-04:00,0.11749604344367981,0.11749604344367981,0.11749604344367981,0.11749604344367981,12150,0.0,0.0
1984-06-22 00:00:00-04:00,0.11940693110227585,0.11940693110227585,0.11940693110227585,0.11940693110227585,121500,0.0,0.0
1984-06-25 00:00:00-04:00,0.11940693110227585,0.11940693110227585,0.11940693110227585,0.11940693110227585,243000,0.0,0.0
1984-06-26 00:00:00-04:00,0.11845152080059052,0.11845152080059052,0.11845152080059052,0.11845152080059052,24300,0.0,0.0
1984-06-27 00:00:00-04:00,0.11845152080059052,0.11940695442013934,0.11845152080059052,0.11845152080059052,607500,0.0,0.0
1984-06-28 00:00:00-04:00,0.11940693110227585,0.11940693110227585,0.11940693110227585,0.11940693110227585,60750,0.0,0.0
1984-06-29 00:00:00-04:00,0.11940693110227585,0.11940693110227585,0.11749606423633355,0.11940693110227585,157950,0.0,0.0
1984-07-02 00:00:00-04:00,0.11940693110227585,0.11940693110227585,0.11940693110227585,0.11940693110227585,12150,0.0,0.0
1984-07-03 00:00:00-04:00,0.11940693110227585,0.11940693110227585,0.11940693110227585,0.11940693110227585,72900,0.0,0.0
1984-07-05 00:00:00-04:00,0.11845147670757299,0.11845147670757299,0.11749604344367981,0.11749604344367981,157950,0.0,0.0
1984-07-06 00:00:00-04:00,0.11749604344367981,0.11749604344367981,0.11749604344367981,0.11749604344367981,0,0.0,0.0
1984-07-09 00:00:00-04:00,0.11749606423633355,0.11940693110227585,0.11749606423633355,0.11940693110227585,157950,0.0,0.0
1984-07-10 00:00:00-04:00,0.11940695442013934,0.11940695442013934,0.11845152080059052,0.11845152080059052,267300,0.0,0.0
1984-07-11 00:00:00-04:00,0.1184514976693047,0.11940693110227585,0.11749606423633355,0.11940693110227585,60750,0.0,0.0
1984-07-12 00:00:00-04:00,0.11892922967672348,0.11892922967672348,0.11749607250845129,0.11892922967672348,1300050,0.0,0.0
1984-07-13 00:00:00-04:00,0.11749604344367981,0.11749604344367981,0.11749604344367981,0.11749604344367981,12150,0.0,0.0
1984-07-16 00:00:00-04:00,0.11749604344367981,0.11940690997146616,0.11749604344367981,0.11749604344367981,145800,0.0,0.0
1984-07-17 00:00:00-04:00,0.11749606423633355,0.11940693110227585,0.11749606423633355,0.11940693110227585,48600,0.0,0.0
1984-07-18 00:00:00-04:00,0.11940693110227585,0.11940693110227585,0.11940693110227585,0.11940693110227585,72900,0.0,0.0
1984-07-19 00:00:00-04:00,0.11940693110227585,0.11940693110227585,0.11940693110227585,0.11940693110227585,24300,0.0,0.0
1984-07-20 00:00:00-04:00,0.11749604344367981,0.11749604344367981,0.11749604344367981,0.11749604344367981,182250,0.0,0.0
1984-07-23 00:00:00-04:00,0.11749604344367981,0.11749604344367981,0.11749604344367981,0.11749604344367981,85050,0.0,0.0
1984-07-24 00:00:00-04:00,0.11749604344367981,0.11749604344367981,0.11749604344367981,0.11749604344367981,303750,0.0,0.0
1984-07-25 00:00:00-04:00,0.11845152080059052,0.11845152080059052,0.11845152080059052,0.11845152080059052,24300,0.0,0.0
1984-07-26 00:00:00-04:00,0.11654108017683029,0.11654108017683029,0.11654108017683029,0.11654108017683029,12150,0.0,0.0
1984-07-27 00:00:00-04:00,0.11654108017683029,0.11940690953992107,0.11654108017683029,0.11654108017683029,376650,0.0,0.0
1984-07-30 00:00:00-04:00,0.11749604344367981,0.11749604344367981,0.11749604344367981,0.11749604344367981,668250,0.0,0.0
1984-07-31 00:00:00-04:00,0.1174960871810417,0.1203619176212816,0.1174960871810417,0.11845152080059052,3487050,0.0,0.0
1984-08-01 00:00:00-04:00,0.11940692396100101,0.12036188691854477,0.11940692396100101,0.12036188691854477,218700,0.0,0.0
1984-08-02 00:00:00-04:00,0.12131735533097865,0.12513814866542816,0.12131735533097865,0.12513814866542816,753300,0.0,0.0
1984-08-03 00:00:00-04:00,0.12513814866542816,0.1260935960440593,0.12513814866542816,0.12513814866542816,328050,0.0,0.0
1984-08-06 00:00:00-04:00,0.12513813405180124,0.12800397776298403,0.12513813405180124,0.12609358131885529,534600,0.0,0.0
1984-08-07 00:00:00-04:00,0.12609363217851186,0.1280040293931961,0.12609363217851186,0.1280040293931961,461700,0.0,0.0
1984-08-08 00:00:00-04:00,0.12895945457909264,0.1294371783733368,0.12895945457909264,0.1294371783733368,279450,0.0,0.0
1984-08-09 00:00:00-04:00,0.1294371783733368,0.1294371783733368,0.1294371783733368,0.1294371783733368,0,0.0,0.0
1984-08-10 00:00:00-04:00,0.12943719316956448,0.13182531432362926,0.12943719316956448,0.12991443276405334,899100,0.0,0.0
1984-08-13 00:00:00-04:00,0.12991443276405334,0.13182531432362926,0.12991443276405334,0.12991443276405334,364500,0.0,0.0
1984-08-14 00:00:00-04:00,0.12991440197968807,0.13469064315604506,0.12991440197968807,0.13086983561515808,899100,0.0,0.0
1984-08-15 00:00:00-04:00,0.13086983561515808,0.13086983561515808,0.13086983561515808,0.13086983561515808,36450,0.0,0.0
1984-08-16 00:00:00-04:00,0.13086983561515808,0.13086983561515808,0.13086983561515808,0.13086983561515808,267300,0.0,0.0
1984-08-17 00:00:00-04:00,0.13086983561515808,0.13086983561515808,0.13086983561515808,0.13086983561515808,24300,0.0,0.0
1984-08-20 00:00:00-04:00,0.13086982090467697,0.1318252682685852,0.1289594242668903,0.1318252682685852,2259900,0.0,0.0
1984-08-21 00:00:00-04:00,0.1318252682685852,0.1318252682685852,0.12991438737660288,0.1318252682685852,510300,0.0,0.0
1984-08-22 00:00:00-04:00,0.1318252682685852,0.1318252682685852,0.1318252682685852,0.1318252682685852,12150,0.0,0.0
1984-08-23 00:00:00-04:00,0.1318252830864638,0.1318252830864638,0.12991440197968807,0.13086983561515808,1421550,0.0,0.0
1984-08-24 00:00:00-04:00,0.13182524623360525,0.13278020918369293,0.13182524623360525,0.13278020918369293,3402000,0.0,0.0
1984-08-27 00:00:00-04:00,0.13373566434997186,0.13469062745571136,0.13373566434997186,0.13469062745571136,886950,0.0,0.0
1984-08-28 00:00:00-04:00,0.13469062745571136,0.1356460609798104,0.13373566434997186,0.13469062745571136,753300,0.0,0.0
1984-08-29 00:00:00-04:00,0.13469062745571136,0.1356460609798104,0.13469062745571136,0.13469062745571136,36450,0.0,0.0
1984-08-30 00:00:00-04:00,0.1346906347972337,0.13564606837341014,0.13373567163944244,0.13373567163944244,486000,0.0,0.0
1984-08-31 00:00:00-04:00,0.13469062745571136,0.13516835113567793,0.13469062745571136,0.13469062745571136,364500,0.0,0.0
1984-09-04 00:00:00-04:00,0.13373567163944244,0.13373567163944244,0.13373567163944244,0.13373567163944244,97200,0.0,0.0
1984-09-05 00:00:00-04:00,0.13373566434997186,0.13469062745571136,0.13373566434997186,0.13469062745571136,595350,0.0,0.0
1984-09-06 00:00:00-04:00,0.13469062745571136,0.13469062745571136,0.13469062745571136,0.13469062745571136,0,0.0,0.0
1984-09-07 00:00:00-04:00,0.13469062745571136,0.13469062745571136,0.13373566434997186,0.13469062745571136,97200,0.0,0.0
1984-09-10 00:00:00-04:00,0.1346906347972337,0.13564606837341014,0.13373567163944244,0.13373567163944244,48600,0.0,0.0
1984-09-11 00:00:00-04:00,0.1356460601091385,0.13755647056254877,0.1356460601091385,0.1356460601091385,388800,0.0,0.0
1984-09-12 00:00:00-04:00,0.1356460601091385,0.1356460601091385,0.1356460601091385,0.1356460601091385,12150,0.0,0.0
1984-09-13 00:00:00-04:00,0.1356460751054583,0.1375564857700736,0.1356460751054583,0.136601522564888,2004750,0.0,0.0
1984-09-14 00:00:00-04:00,0.1375564618716469,0.13946732878684998,0.1375564618716469,0.13946732878684998,801900,0.0,0.0
1984-09-17 00:00:00-04:00,0.1394673606338628,0.1394673606338628,0.13660153002498,0.13755649328231812,7788150,0.0,0.0
1984-09-18 00:00:00-04:00,0.13755650706540018,0.1394673746084127,0.13755650706540018,0.13851194083690643,352350,0.0,0.0
1984-09-19 00:00:00-04:00,0.13851191760138126,0.14042231440544128,0.13851191760138126,0.14042231440544128,133650,0.0,0.0
1984-09-20 00:00:00-04:00,0.13851194083690643,0.13851194083690643,0.13851194083690643,0.13851194083690643,60750,0.0,0.0
1984-09-21 00:00:00-04:00,0.14042226248178483,0.14089998602867126,0.14042226248178483,0.14089998602867126,1518750,0.0,0.0
1984-09-24 00:00:00-04:00,0.1409000446314193,0.1432881652692228,0.14042232088583936,0.14185547828674316,607500,0.0,0.0
1984-09-25 00:00:00-04:00,0.14233280718326569,0.14233280718326569,0.14233280718326569,0.14233280718326569,194400,0.0,0.0
1984-09-26 00:00:00-04:00,0.14233280718326569,0.14233280718326569,0.14233280718326569,0.14233280718326569,0,0.0,0.0
1984-09-27 00:00:00-04:00,0.14233280420491215,0.14424367249011993,0.14233280420491215,0.14424367249011993,4604850,0.0,0.0
1984-09-28 00:00:00-04:00,0.14424367249011993,0.14424367249011993,0.14424367249011993,0.14424367249011993,0,0.0,0.0
1984-10-01 00:00:00-04:00,0.14233280718326569,0.14233280718326569,0.14233280718326569,0.14233280718326569,72900,0.0,0.0
1984-10-02 00:00:00-04:00,0.14233280718326569,0.14233280718326569,0.14233280718326569,0.14233280718326569,255150,0.0,0.0
1984-10-03 00:00:00-04:00,0.14233280718326569,0.14233280718326569,0.14233280718326569,0.14233280718326569,0,0.0,0.0
1984-10-04 00:00:00-04:00,0.14233280718326569,0.14233280718326569,0.14233280718326569,0.14233280718326569,12150,0.0,0.0
1984-10-05 00:00:00-04:00,0.14233280718326569,0.14233280718326569,0.14233280718326569,0.14233280718326569,0,0.0,0.0
1984-10-08 00:00:00-04:00,0.14233280718326569,0.14233280718326569,0.14233280718326569,0.14233280718326569,0,0.0,0.0
1984-10-09 00:00:00-04:00,0.14233275515721253,0.14233275515721253,0.141377791762352,0.141377791762352,291600,0.0,0.0
1984-10-10 00:00:00-04:00,0.1404222918261247,0.1404222918261247,0.13946732878684998,0.13946732878684998,5127300,0.0,0.0
1984-10-11 00:00:00-04:00,0.13946732878684998,0.13946732878684998,0.13946732878684998,0.13946732878684998,109350,0.0,0.0
1984-10-12 00:00:00-04:00,0.13946732878684998,0.13946732878684998,0.1375564618716469,0.13946732878684998,328050,0.0,0.0
1984-10-15 00:00:00-04:00,0.13898965716362,0.13898965716362,0.13851193338564718,0.13898965716362,1470150,0.0,0.0
1984-10-16 00:00:00-04:00,0.13851194083690643,0.13851194083690643,0.13755650706540018,0.13851194083690643,631800,0.0,0.0
1984-10-17 00:00:00-04:00,0.13755649328231812,0.13755649328231812,0.13755649328231812,0.13755649328231812,170100,0.0,0.0
1984-10-18 00:00:00-04:00,0.13755649328231812,0.1394673606338628,0.13755649328231812,0.13755649328231812,522450,0.0,0.0
1984-10-19 00:00:00-04:00,0.13755650706540018,0.13851194083690643,0.13755650706540018,0.13851194083690643,9902250,0.0,0.0
1984-10-22 00:00:00-04:00,0.13851194083690643,0.13851194083690643,0.13851194083690643,0.13851194083690643,12150,0.0,0.0
1984-10-23 00:00:00-04:00,0.13851190408051517,0.13851190408051517,0.1356460601091385,0.1356460601091385,449550,0.0,0.0
1984-10-24 00:00:00-04:00,0.1356460751054583,0.136601522564888,0.1356460751054583,0.136601522564888,194400,0.0,0.0
1984-10-25 00:00:00-04:00,0.1346906347972337,0.1346906347972337,0.132780238063266,0.13373567163944244,340200,0.0,0.0
1984-10-26 00:00:00-04:00,0.1327802326787701,0.1327802326787701,0.1270490288734436,0.1270490288734436,449550,0.0,0.0
1984-10-29 00:00:00-05:00,0.12704903803858913,0.12704903803858913,0.12227232658937667,0.12322776019573212,3316950,0.0,0.0
1984-10-30 00:00:00-05:00,0.12322776019573212,0.12322776019573212,0.12131736340142128,0.12322776019573212,935550,0.0,0.0
1984-10-31 00:00:00-05:00,0.12322776019573212,0.12418319380208756,0.12227232658937667,0.12322776019573212,3001050,0.0,0.0
1984-11-01 00:00:00-05:00,0.12418320029973984,0.12418320029973984,0.12418320029973984,0.12418320029973984,121500,0.0,0.0
1984-11-02 00:00:00-05:00,0.12418319380208756,0.12418319380208756,0.12275003647463674,0.12322776019573212,13644450,0.0,0.0
1984-11-05 00:00:00-05:00,0.12322778368250448,0.12370550749465228,0.12227234989404678,0.12227234989404678,24615900,0.0,0.0
1984-11-06 00:00:00-05:00,0.12418320029973984,0.12418320029973984,0.12418320029973984,0.12418320029973984,60750,0.0,0.0
1984-11-07 00:00:00-05:00,0.12418322112798924,0.1280040293931961,0.12418322112798924,0.1280040293931961,2308500,0.0,0.0
1984-11-08 00:00:00-05:00,0.12895946204662323,0.12991442543610016,0.12895946204662323,0.12895946204662323,194400,0.0,0.0
1984-11-09 00:00:00-05:00,0.12895946932071076,0.13086986662592182,0.12895946932071076,0.12991443276405334,1093500,0.0,0.0
1984-11-12 00:00:00-05:00,0.12991443276405334,0.12991443276405334,0.12991443276405334,0.12991443276405334,0,0.0,0.0
1984-11-13 00:00:00-05:00,0.13086983561515808,0.1318252830864638,0.13086983561515808,0.13086983561515808,36450,0.0,0.0
1984-11-14 00:00:00-05:00,0.12991443276405334,0.12991443276405334,0.12991443276405334,0.12991443276405334,24300,0.0,0.0
1984-11-15 00:00:00-05:00,0.12991438864900665,0.12991438864900665,0.1270490288734436,0.1270490288734436,631800,0.0,0.0
1984-11-16 00:00:00-05:00,0.12704904468619133,0.12704904468619133,0.12418320029973984,0.12418320029973984,364500,0.0,0.0
1984-11-19 00:00:00-05:00,0.12322776019573212,0.12322776019573212,0.12322776019573212,0.12322776019573212,656100,0.0,0.0
1984-11-20 00:00:00-05:00,0.12322778368250448,0.12418321747096216,0.12227234989404678,0.12227234989404678,170100,0.0,0.0
1984-11-21 00:00:00-05:00,0.12227230440039272,0.12322773783336387,0.11940693110227585,0.11940693110227585,2587950,0.0,0.0
1984-11-23 00:00:00-05:00,0.12131734192371368,0.12131734192371368,0.12131734192371368,0.12131734192371368,170100,0.0,0.0
1984-11-26 00:00:00-05:00,0.12131734138573626,0.12131734138573626,0.11940693110227585,0.11940693110227585,352350,0.0,0.0
1984-11-27 00:00:00-05:00,0.12036188691854477,0.12036188691854477,0.12036188691854477,0.12036188691854477,72900,0.0,0.0
1984-11-28 00:00:00-05:00,0.12036188691854477,0.12036188691854477,0.12036188691854477,0.12036188691854477,243000,0.0,0.0
1984-11-29 00:00:00-05:00,0.12036189465067285,0.12131734192371368,0.11845149819457364,0.12131734192371368,376650,0.0,0.0
1984-11-30 00:00:00-05:00,0.12131734192371368,0.12131734192371368,0.12036189465067285,0.12131734192371368,425250,0.0,0.0
1984-12-03 00:00:00-05:00,0.12036188691854477,0.12036188691854477,0.12036188691854477,0.12036188691854477,340200,0.0,0.0
1984-12-04 00:00:00-05:00,0.12036189465067285,0.12131734192371368,0.12036189465067285,0.12131734192371368,546750,0.0,0.0
1984-12-05 00:00:00-05:00,0.12036188691854477,0.12036188691854477,0.12036188691854477,0.12036188691854477,243000,0.0,0.0
1984-12-06 00:00:00-05:00,0.12131738652407881,0.12227234989404678,0.12131738652407881,0.12227234989404678,157950,0.0,0.0
1984-12-07 00:00:00-05:00,0.12131733413020702,0.12131733413020702,0.12036188691854477,0.12036188691854477,157950,0.0,0.0
1984-12-10 00:00:00-05:00,0.12227234989404678,0.12227234989404678,0.12227234989404678,0.12227234989404678,12150,0.0,0.0
1984-12-11 00:00:00-05:00,0.12227234989404678,0.12227234989404678,0.12131738652407881,0.12227234989404678,583200,0.0,0.0
1984-12-12 00:00:00-05:00,0.12227234989404678,0.12227234989404678,0.12227234989404678,0.12227234989404678,0,0.0,0.0
1984-12-13 00:00:00-05:00,0.12227232658937667,0.12513815699004296,0.12227232658937667,0.12322776019573212,789750,0.0,0.0
1984-12-14 00:00:00-05:00,0.12513813405180124,0.12609358131885529,0.12513813405180124,0.12609358131885529,194400,0.0,0.0
1984-12-17 00:00:00-05:00,0.12609361102984462,0.12609361102984462,0.12418320029973984,0.12418320029973984,109350,0.0,0.0
1984-12-18 00:00:00-05:00,0.12513819045592378,0.12991443276405334,0.12513819045592378,0.12991443276405334,1773900,0.0,0.0
1984-12-19 00:00:00-05:00,0.12991443276405334,0.12991443276405334,0.12991443276405334,0.12991443276405334,631800,0.0,0.0
1984-12-20 00:00:00-05:00,0.1299143651744453,0.13134752213954926,0.1299143651744453,0.13134752213954926,1397250,0.0,0.0
1984-12-21 00:00:00-05:00,0.1313475445866311,0.1318252682685852,0.13086982090467697,0.1318252682685852,1713150,0.0,0.0
1984-12-24 00:00:00-05:00,0.1318252682685852,0.1318252682685852,0.1318252682685852,0.1318252682685852,85050,0.0,0.0
1984-12-26 00:00:00-05:00,0.1318252682685852,0.1318252682685852,0.1318252682685852,0.1318252682685852,36450,0.0,0.0
1984-12-27 00:00:00-05:00,0.1318252682685852,0.1318252682685852,0.1318252682685852,0.1318252682685852,24300,0.0,0.0
1984-12-28 00:00:00-05:00,0.1318252682685852,0.1318252682685852,0.1318252682685852,0.1318252682685852,0,0.0,0.0
1984-12-31 00:00:00-05:00,0.1318252682685852,0.1318252682685852,0.1318252682685852,0.1318252682685852,48600,0.0,0.0
1985-01-02 00:00:00-05:00,0.1318253128723891,0.13230255246162415,0.1318253128723891,0.13230255246162415,911250,0.0,0.0
1985-01-03 00:00:00-05:00,0.13230255246162415,0.13230255246162415,0.13230255246162415,0.13230255246162415,0,0.0,0.0
1985-01-04 00:00:00-05:00,0.13230251435726034,0.13373567163944244,0.13182527490547477,0.13373567163944244,1458000,0.0,0.0
1985-01-07 00:00:00-05:00,0.13278020918369293,0.13278020918369293,0.13278020918369293,0.13278020918369293,24300,0.0,0.0
1985-01-08 00:00:00-05:00,0.13278020918369293,0.13278020918369293,0.13278020918369293,0.13278020918369293,85050,0.0,0.0
1985-01-09 00:00:00-05:00,0.13278020918369293,0.13278020918369293,0.13278020918369293,0.13278020918369293,12150,0.0,0.0
1985-01-10 00:00:00-05:00,0.13278020918369293,0.13278020918369293,0.13278020918369293,0.13278020918369293,0,0.0,0.0
1985-01-11 00:00:00-05:00,0.13278020918369293,0.1342133661541647,0.13278020918369293,0.13278020918369293,522450,0.0,0.0
1985-01-14 00:00:00-05:00,0.13373567163944244,0.1346906347972337,0.13373567163944244,0.13373567163944244,121500,0.0,0.0
1985-01-15 00:00:00-05:00,0.13373566434997186,0.1356460609798104,0.13373566434997186,0.13469062745571136,449550,0.0,0.0
1985-01-16 00:00:00-05:00,0.1346906347972337,0.1346906347972337,0.13373567163944244,0.13373567163944244,498150,0.0,0.0
1985-01-17 00:00:00-05:00,0.13373567827667857,0.136601522564888,0.13373567827667857,0.136601522564888,3535650,0.0,0.0
1985-01-18 00:00:00-05:00,0.13469062745571136,0.13469062745571136,0.13469062745571136,0.13469062745571136,60750,0.0,0.0
1985-01-21 00:00:00-05:00,0.1356460601091385,0.1356460601091385,0.1356460601091385,0.1356460601091385,145800,0.0,0.0
1985-01-22 00:00:00-05:00,0.13564609610503134,0.13851194083690643,0.13564609610503134,0.13851194083690643,145800,0.0,0.0
1985-01-23 00:00:00-05:00,0.13851192695809048,0.13851192695809048,0.13660153002498,0.13755649328231812,2709450,0.0,0.0
1985-01-24 00:00:00-05:00,0.13755650706540018,0.1394673746084127,0.13755650706540018,0.13851194083690643,972000,0.0,0.0
1985-01-25 00:00:00-05:00,0.13851194083690643,0.1394673746084127,0.13851194083690643,0.13851194083690643,498150,0.0,0.0
1985-01-28 00:00:00-05:00,0.13851194083690643,0.1394673746084127,0.13851194083690643,0.13851194083690643,1798200,0.0,0.0
1985-01-29 00:00:00-05:00,0.1394673512126125,0.14042231440544128,0.1394673512126125,0.14042231440544128,291600,0.0,0.0
1985-01-30 00:00:00-05:00,0.1404222918261247,0.1404222918261247,0.13946732878684998,0.13946732878684998,826200,0.0,0.0
1985-01-31 00:00:00-05:00,0.141377791762352,0.141377791762352,0.141377791762352,0.141377791762352,24300,0.0,0.0
1985-02-01 00:00:00-05:00,0.13946732878684998,0.13946732878684998,0.13946732878684998,0.13946732878684998,12150,0.0,0.0
1985-02-04 00:00:00-05:00,0.13946738071829062,0.141377791762352,0.13946738071829062,0.141377791762352,899100,0.0,0.0
1985-02-05 00:00:00-05:00,0.141377791762352,0.141377791762352,0.141377791762352,0.141377791762352,48600,0.0,0.0
1985-02-06 00:00:00-05:00,0.141377791762352,0.14233275515721253,0.14042234411315116,0.141377791762352,4386150,0.0,0.0
1985-02-07 00:00:00-05:00,0.141377843439343,0.14281051734664232,0.141377843439343,0.14233280718326569,1117800,0.0,0.0
1985-02-08 00:00:00-05:00,0.14233280718326569,0.14328824134586232,0.141377843439343,0.14233280718326569,2818800,0.0,0.0
1985-02-11 00:00:00-05:00,0.14233276127875477,0.14328819513320923,0.1413777978428225,0.14328819513320923,571050,0.0,0.0
1985-02-12 00:00:00-05:00,0.1432881423132597,0.1451985388994217,0.1413777457270977,0.1451985388994217,2053350,0.0,0.0
1985-02-13 00:00:00-05:00,0.1451986201857475,0.1471090316772461,0.14424365656722507,0.1471090316772461,1275750,0.0,0.0
1985-02-14 00:00:00-05:00,0.14710885264238807,0.1480642855167389,0.14519844347590138,0.1480642855167389,789750,0.0,0.0
1985-02-15 00:00:00-05:00,0.14806435236544246,0.14806435236544246,0.1475866287946701,0.1475866287946701,133650,0.0,0.0
1985-02-19 00:00:00-05:00,0.1471090316772461,0.1471090316772461,0.14615406805872366,0.1471090316772461,862650,0.0,0.0
1985-02-20 00:00:00-05:00,0.14710885264238807,0.1480642855167389,0.1461538901860769,0.1480642855167389,182250,0.0,0.0
1985-02-21 00:00:00-05:00,0.14806431490847785,0.1490197479724884,0.1471088818444673,0.1490197479724884,692550,0.0,0.0
1985-02-22 00:00:00-05:00,0.1490197479724884,0.1490197479724884,0.1490197479724884,0.1490197479724884,0,0.0,0.0
1985-02-25 00:00:00-05:00,0.14901978560520182,0.1499747484922409,0.14710891899461997,0.1499747484922409,85050,0.0,0.0
1985-02-26 00:00:00-05:00,0.1499747484922409,0.1499747484922409,0.1480643522999109,0.1499747484922409,425250,0.0,0.0
1985-02-27 00:00:00-05:00,0.1490197479724884,0.1490197479724884,0.1490197479724884,0.1490197479724884,36450,0.0,0.0
1985-02-28 00:00:00-05:00,0.1490197479724884,0.15093015751820393,0.1490197479724884,0.1490197479724884,24300,0.0,0.0
1985-03-01 00:00:00-05:00,0.14997482791453895,0.15379610657691956,0.14997482791453895,0.15379610657691956,1956150,0.0,0.0
1985-03-04 00:00:00-05:00,0.15379610657691956,0.15379610657691956,0.15379610657691956,0.15379610657691956,85050,0.0,0.0
1985-03-05 00:00:00-05:00,0.15188515186309814,0.15188515186309814,0.15188515186309814,0.15188515186309814,12150,0.0,0.0
1985-03-06 00:00:00-05:00,0.15188515186309814,0.15188515186309814,0.15188515186309814,0.15188515186309814,0,0.0,0.0
1985-03-07 00:00:00-05:00,0.15188515186309814,0.15188515186309814,0.15188515186309814,0.15188515186309814,0,0.0,0.0
1985-03-08 00:00:00-05:00,0.15188527539383673,0.15475110709667206,0.15188527539383673,0.15475110709667206,6172200,0.0,0.0
1985-03-11 00:00:00-05:00,0.15379610657691956,0.15379610657691956,0.1528406727656587,0.15379610657691956,461700,0.0,0.0
1985-03-12 00:00:00-05:00,0.15284064412117004,0.15284064412117004,0.15284064412117004,0.15284064412117004,170100,0.0,0.0
1985-03-13 00:00:00-05:00,0.15284064412117004,0.15475104096715547,0.15284064412117004,0.15284064412117004,352350,0.0,0.0
1985-03-14 00:00:00-05:00,0.15284064412117004,0.15284064412117004,0.15284064412117004,0.15284064412117004,0,0.0,0.0
1985-03-15 00:00:00-05:00,0.15475110709667206,0.15475110709667206,0.15475110709667206,0.15475110709667206,60750,0.0,0.0
1985-03-18 00:00:00-05:00,0.15475107715746086,0.15618423485883765,0.15379611372034543,0.155706524848938,1822500,0.0,0.0
1985-03-19 00:00:00-05:00,0.155706524848938,0.155706524848938,0.15379611372034543,0.155706524848938,814050,0.0,0.0
1985-03-20 00:00:00-05:00,0.15475110709667206,0.15475110709667206,0.15475110709667206,0.15475110709667206,24300,0.0,0.0
1985-03-21 00:00:00-05:00,0.15475101667460686,0.1595272570848465,0.15475101667460686,0.1595272570848465,26827200,0.0,0.0
1985-03-22 00:00:00-05:00,0.15952729329791607,0.16334857151171694,0.15857233001725932,0.16239313781261444,12903300,0.0,0.0
1985-03-25 00:00:00-05:00,0.1614381670311427,0.1614381670311427,0.160482719540596,0.160482719540596,692550,0.0,0.0
1985-03-26 00:00:00-05:00,0.160482719540596,0.160482719540596,0.160482719540596,0.160482719540596,291600,0.0,0.0
1985-03-27 00:00:00-05:00,0.160482719540596,0.160482719540596,0.160482719540596,0.160482719540596,0,0.0,0.0
1985-03-28 00:00:00-05:00,0.1614381745319577,0.16334857151171694,0.1614381745319577,0.16239313781261444,3888000,0.0,0.0
1985-03-29 00:00:00-05:00,0.16239313677305528,0.16334857046604156,0.16143817349851172,0.16334857046604156,27847800,0.0,0.0
1985-04-01 00:00:00-05:00,0.16334857151171694,0.16334857151171694,0.16239313781261444,0.16239313781261444,777600,0.0,0.0
1985-04-02 00:00:00-05:00,0.16239313781261444,0.16239313781261444,0.16239313781261444,0.16239313781261444,85050,0.0,0.0
1985-04-03 00:00:00-05:00,0.16239313677305528,0.16334857046604156,0.16143817349851172,0.16334857046604156,862650,0.0,0.0
1985-04-04 00:00:00-05:00,0.16239310094899145,0.16239310094899145,0.1595272570848465,0.1595272570848465,522450,0.0,0.0
1985-04-08 00:00:00-05:00,0.1595272570848465,0.16143813788511358,0.1595272570848465,0.1595272570848465,1761750,0.0,0.0
1985-04-09 00:00:00-05:00,0.1595272570848465,0.1604826905670633,0.1595272570848465,0.1595272570848465,3122550,0.0,0.0
1985-04-10 00:00:00-05:00,0.1595272570848465,0.1604826905670633,0.1595272570848465,0.1595272570848465,1263600,0.0,0.0
1985-04-11 00:00:00-05:00,0.16000500963115866,0.160482719540596,0.16000500963115866,0.160482719540596,1640250,0.0,0.0
1985-04-12 00:00:00-05:00,0.160482719540596,0.1614381670311427,0.160482719540596,0.160482719540596,36450,0.0,0.0
1985-04-15 00:00:00-05:00,0.1604826751653459,0.16239308536392966,0.1604826751653459,0.16143812239170074,4045950,0.0,0.0
1985-04-16 00:00:00-05:00,0.1614381670311427,0.16239313026742952,0.160482719540596,0.160482719540596,194400,0.0,0.0
1985-04-17 00:00:00-05:00,0.160482719540596,0.160482719540596,0.160482719540596,0.160482719540596,121500,0.0,0.0
1985-04-18 00:00:00-05:00,0.160482719540596,0.16239313026742952,0.160482719540596,0.160482719540596,886950,0.0,0.0
1985-04-19 00:00:00-05:00,0.16239313781261444,0.16239313781261444,0.16239313781261444,0.16239313781261444,109350,0.0,0.0
1985-04-22 00:00:00-05:00,0.16239310094899145,0.16239310094899145,0.1595272570848465,0.1595272570848465,522450,0.0,0.0
1985-04-23 00:00:00-05:00,0.16000491380691528,0.1604826234302604,0.16000491380691528,0.16000491380691528,279450,0.0,0.0
1985-04-24 00:00:00-05:00,0.1609603987785233,0.16239308536392966,0.1609603987785233,0.16143812239170074,607500,0.0,0.0
1985-04-25 00:00:00-05:00,0.1614381215272109,0.16621436145349255,0.1614381215272109,0.16525891423225403,1713150,0.0,0.0
1985-04-26 00:00:00-05:00,0.16525890622239622,0.1776772290468216,0.16525890622239622,0.1776772290468216,3134700,0.0,0.0
1985-04-29 00:00:00-04:00,0.17767728031004967,0.1814985581865148,0.17767728031004967,0.17958767712116241,2770200,0.0,0.0
1985-04-30 00:00:00-04:00,0.17863266238591957,0.17863266238591957,0.1776772290468216,0.1776772290468216,230850,0.0,0.0
1985-05-01 00:00:00-04:00,0.17767731962653877,0.17911000686521544,0.17672188580036163,0.17672188580036163,7703100,0.0,0.0
1985-05-02 00:00:00-04:00,0.17863279204428087,0.18436399881981885,0.17863279204428087,0.18340903520584106,89618400,0.0,0.0
1985-05-03 00:00:00-04:00,0.18340903520584106,0.18436399881981885,0.18340903520584106,0.18340903520584106,14701500,0.0,0.0
1985-05-06 00:00:00-04:00,0.18340898297659286,0.1843639463186264,0.18340898297659286,0.1843639463186264,4592700,0.0,0.0
1985-05-07 00:00:00-04:00,0.18436399881981885,0.18436399881981885,0.18340903520584106,0.18340903520584106,48600,0.0,0.0
1985-05-08 00:00:00-04:00,0.18340903520584106,0.18436399881981885,0.18340903520584106,0.18340903520584106,255150,0.0,0.0
1985-05-09 00:00:00-04:00,0.18436385733106958,0.18531930446624756,0.18436385733106958,0.18531930446624756,328050,0.0,0.0
1985-05-10 00:00:00-04:00,0.18531934108152687,0.18818517112754826,0.18340893068779296,0.18722973763942719,2806650,0.0,0.0
1985-05-13 00:00:00-04:00,0.1881852476885422,0.19582733511924744,0.1881852476885422,0.19582733511924744,6245100,0.0,0.0
1985-05-14 00:00:00-04:00,0.1958272968250772,0.19869312747661363,0.1958272968250772,0.1977376937866211,1688850,0.0,0.0
1985-05-15 00:00:00-04:00,0.1977376937866211,0.19869312747661363,0.19678226009662853,0.1977376937866211,5042250,0.0,0.0
1985-05-16 00:00:00-04:00,0.19869306005711082,0.20060347020626068,0.19869306005711082,0.20060347020626068,886950,0.0,0.0
1985-05-17 00:00:00-04:00,0.20060347020626068,0.20155843315377892,0.19964802300462903,0.20060347020626068,2126250,0.0,0.0
1985-05-20 00:00:00-04:00,0.20060348405752107,0.20537972421557849,0.20060348405752107,0.20442427694797516,1518750,0.0,0.0
1985-05-21 00:00:00-04:00,0.2044243577033591,0.20633476873910378,0.2044243577033591,0.205857515335083,9853650,0.0,0.0
1985-05-22 00:00:00-04:00,0.20585736765254925,0.20633462071418762,0.20442421104897504,0.20633462071418762,1129950,0.0,0.0
1985-05-23 00:00:00-04:00,0.20633468722903497,0.20633468722903497,0.20442427694797516,0.20442427694797516,486000,0.0,0.0
1985-05-24 00:00:00-04:00,0.20442427694797516,0.20442427694797516,0.20442427694797516,0.20442427694797516,279450,0.0,0.0
1985-05-28 00:00:00-04:00,0.2077677773177618,0.2077677773177618,0.20633462071418762,0.20633462071418762,170100,0.0,1.5
1985-05-29 00:00:00-04:00,0.20633475489761013,0.20633475489761013,0.2049020677804947,0.2049020677804947,1741500,0.0,0.0
1985-05-30 00:00:00-04:00,0.20490201524096063,0.20633470199071663,0.20490201524096063,0.20561835169792175,5921100,0.0,0.0
1985-05-31 00:00:00-04:00,0.20561826154888777,0.20633461152761393,0.2006034104588014,0.2020360827445984,1061100,0.0,0.0
1985-06-03 00:00:00-04:00,0.20203614291876293,0.20203614291876293,0.19773762669131095,0.20060347020626068,1360800,0.0,0.0
1985-06-04 00:00:00-04:00,0.19917044043540955,0.19917044043540955,0.19773775297212157,0.19917044043540955,1660500,0.0,0.0
1985-06-05 00:00:00-04:00,0.199170313239645,0.20060347020626068,0.19773762669131095,0.20060347020626068,907200,0.0,0.0
1985-06-06 00:00:00-04:00,0.20060359831727959,0.20060359831727959,0.19773775297212157,0.19917044043540955,753300,0.0,0.0
1985-06-07 00:00:00-04:00,0.199170313239645,0.20060347020626068,0.199170313239645,0.20060347020626068,72900,0.0,0.0
1985-06-10 00:00:00-04:00,0.20060347020626068,0.20060347020626068,0.199170313239645,0.20060347020626068,704700,0.0,0.0
1985-06-11 00:00:00-04:00,0.20060347020626068,0.20060347020626068,0.20060347020626068,0.20060347020626068,0,0.0,0.0
1985-06-12 00:00:00-04:00,0.20060359831727959,0.20060359831727959,0.19773775297212157,0.19917044043540955,388800,0.0,0.0
1985-06-13 00:00:00-04:00,0.19917041494108106,0.19917041494108106,0.19200605154037476,0.19200605154037476,1215000,0.0,0.0
1985-06-14 00:00:00-04:00,0.19057332928616627,0.19057332928616627,0.18484165421724602,0.18770749866962433,1393200,0.0,0.0
1985-06-17 00:00:00-04:00,0.18770749866962433,0.18770749866962433,0.18627481165265292,0.18770749866962433,145800,0.0,0.0
1985-06-18 00:00:00-04:00,0.1877074607256668,0.1877074607256668,0.18627477399830458,0.1869911104440689,1190700,0.0,0.0
1985-06-19 00:00:00-04:00,0.18770749866962433,0.19057332928616627,0.18770749866962433,0.18770749866962433,1385100,0.0,0.0
1985-06-20 00:00:00-04:00,0.18914011120796204,0.18914011120796204,0.18914011120796204,0.18914011120796204,89100,0.0,0.0
1985-06-21 00:00:00-04:00,0.18914017185075938,0.19057332928616627,0.18770749866962433,0.18770749866962433,2511000,0.0,0.0
1985-06-24 00:00:00-04:00,0.18770740125649663,0.19057323038578033,0.18770740125649663,0.19057323038578033,526500,0.0,0.0
1985-06-25 00:00:00-04:00,0.19057334099095913,0.19343918561935425,0.19057334099095913,0.19343918561935425,380700,0.0,0.0
1985-06-26 00:00:00-04:00,0.19343911054343912,0.19487178325653076,0.19343911054343912,0.19487178325653076,315900,0.0,0.0
1985-06-27 00:00:00-04:00,0.19487181779645188,0.20633470963858552,0.19343914482942712,0.20346933603286743,2721600,0.0,0.0
1985-06-28 00:00:00-04:00,0.20633474632871296,0.21063373450262568,0.20633474632871296,0.20776790380477905,769500,0.0,0.0
1985-07-01 00:00:00-04:00,0.20920047163963318,0.20920047163963318,0.20920047163963318,0.20920047163963318,8100,0.0,0.0
1985-07-02 00:00:00-04:00,0.20920047163963318,0.21063362839373156,0.20633464238547802,0.20920047163963318,4900500,0.0,0.0
1985-07-03 00:00:00-04:00,0.20920052859740604,0.2206638902425766,0.20920052859740604,0.2206638902425766,1547100,0.0,0.0
1985-07-05 00:00:00-04:00,0.22066386799731338,0.22066386799731338,0.21779802441596985,0.21779802441596985,56700,0.0,0.0
1985-07-08 00:00:00-04:00,0.21779810409068678,0.22209662199020386,0.21779810409068678,0.22209662199020386,1806300,0.0,0.0
1985-07-09 00:00:00-04:00,0.22352927111355178,0.2263951152563095,0.22352927111355178,0.2263951152563095,720900,0.0,0.0
1985-07-10 00:00:00-04:00,0.22639509220066778,0.227828249335289,0.22209656163347763,0.227828249335289,1304100,0.0,0.0
1985-07-11 00:00:00-04:00,0.22926107627351724,0.23212692205020047,0.22926107627351724,0.2306942343711853,2494800,0.0,0.0
1985-07-12 00:00:00-04:00,0.23069405544456603,0.23355941474437714,0.22926089845845649,0.23355941474437714,850500,0.0,0.0
1985-07-15 00:00:00-04:00,0.23355941474437714,0.2349925855663187,0.2321267420123876,0.23355941474437714,1409400,0.0,0.0
1985-07-16 00:00:00-04:00,0.23355940784606696,0.23499257862567902,0.23212673515639223,0.23499257862567902,963900,0.0,0.0
1985-07-17 00:00:00-04:00,0.2349925855663187,0.23642525829830824,0.2321267420123876,0.23355941474437714,1798200,0.0,0.0
1985-07-18 00:00:00-04:00,0.2335595534629979,0.2407243879765661,0.2335595534629979,0.23857490718364716,1004400,0.0,0.0
1985-07-19 00:00:00-04:00,0.2385747584398032,0.24072423789258943,0.23212673515639223,0.23499257862567902,2446200,0.0,0.0
1985-07-22 00:00:00-04:00,0.23499257862567902,0.23499257862567902,0.23212673515639223,0.23499257862567902,1636200,0.0,0.0
1985-07-23 00:00:00-04:00,0.2335594627323418,0.2335594627323418,0.2263951152563095,0.2263951152563095,3855600,0.0,0.0
1985-07-24 00:00:00-04:00,0.22639522912432028,0.22639522912432028,0.2235293835401535,0.2235293835401535,7249500,0.0,0.0
1985-07-25 00:00:00-04:00,0.2235293835401535,0.225678878415013,0.2235293835401535,0.2235293835401535,980100,0.0,0.0
1985-07-26 00:00:00-04:00,0.2235293835401535,0.22639522912432028,0.22209669595738074,0.2235293835401535,1028700,0.0,0.0
1985-07-29 00:00:00-04:00,0.22352929879263653,0.22352929879263653,0.21206641889223968,0.21278275549411774,1854900,0.0,0.0
1985-07-30 00:00:00-04:00,0.21493219467045846,0.21779802441596985,0.21493219467045846,0.21779802441596985,899100,0.0,0.0
1985-07-31 00:00:00-04:00,0.21779810409068678,0.22209662199020386,0.21779810409068678,0.22209662199020386,1773900,0.0,0.0
1985-08-01 00:00:00-04:00,0.22209662199020386,0.22352930909583374,0.22209662199020386,0.22209662199020386,137700,0.0,0.0
1985-08-02 00:00:00-04:00,0.22352935977014032,0.224962517619133,0.22352935977014032,0.224962517619133,226800,0.0,0.0
1985-08-05 00:00:00-04:00,0.22496254154154752,0.22496254154154752,0.2235293835401535,0.2235293835401535,324000,0.0,0.0
1985-08-06 00:00:00-04:00,0.2235293835401535,0.22496254154154752,0.2235293835401535,0.2235293835401535,2041200,0.0,0.0
1985-08-07 00:00:00-04:00,0.22352930909583374,0.22352930909583374,0.22138028535530752,0.22209662199020386,2138400,0.0,0.0
1985-08-08 00:00:00-04:00,0.22209669595738074,0.22496254154154752,0.22209669595738074,0.2235293835401535,153900,0.0,0.0
1985-08-09 00:00:00-04:00,0.2235293835401535,0.22496254154154752,0.2235293835401535,0.2235293835401535,1061100,0.0,0.0
1985-08-12 00:00:00-04:00,0.22352930909583374,0.22352930909583374,0.22209662199020386,0.22209662199020386,194400,0.0,0.0
1985-08-13 00:00:00-04:00,0.22209662199020386,0.22209662199020386,0.22209662199020386,0.22209662199020386,243000,0.0,0.0
1985-08-14 00:00:00-04:00,0.22209662199020386,0.22209662199020386,0.22209662199020386,0.22209662199020386,137700,0.0,0.0
1985-08-15 00:00:00-04:00,0.22352935977014032,0.224962517619133,0.22352935977014032,0.224962517619133,299700,0.0,0.0
1985-08-16 00:00:00-04:00,0.22496254154154752,0.22496254154154752,0.22209669595738074,0.2235293835401535,1061100,0.0,0.0
1985-08-19 00:00:00-04:00,0.2235293835401535,0.2235293835401535,0.2235293835401535,0.2235293835401535,0,0.0,0.0
1985-08-20 00:00:00-04:00,0.2235293835401535,0.2235293835401535,0.2235293835401535,0.2235293835401535,178200,0.0,0.0
1985-08-21 00:00:00-04:00,0.22352927111355178,0.2263951152563095,0.22352927111355178,0.2263951152563095,396900,0.0,0.0
1985-08-22 00:00:00-04:00,0.22639509220066778,0.227828249335289,0.2242460690441578,0.227828249335289,380700,0.0,0.0
1985-08-23 00:00:00-04:00,0.22782836289854705,0.22782836289854705,0.224962517619133,0.224962517619133,64800,0.0,0.0
1985-08-26 00:00:00-04:00,0.224962517619133,0.22782836289854705,0.224962517619133,0.224962517619133,1044900,0.0,0.0
1985-08-27 00:00:00-04:00,0.22496254154154752,0.22639522912432028,0.2235293835401535,0.2235293835401535,761400,0.0,0.0
1985-08-28 00:00:00-04:00,0.2235293835401535,0.2235293835401535,0.2235293835401535,0.2235293835401535,8100,0.0,0.0
1985-08-29 00:00:00-04:00,0.22209662199020386,0.22209662199020386,0.22209662199020386,0.22209662199020386,56700,0.0,0.0
1985-08-30 00:00:00-04:00,0.22209662199020386,0.22209662199020386,0.22209662199020386,0.22209662199020386,121500,0.0,0.0
1985-09-03 00:00:00-04:00,0.22209669595738074,0.2235293835401535,0.22209669595738074,0.2235293835401535,518400,0.0,0.0
1985-09-04 00:00:00-04:00,0.22352930909583374,0.22352930909583374,0.22209662199020386,0.22209662199020386,283500,0.0,0.0
1985-09-05 00:00:00-04:00,0.2235293835401535,0.2235293835401535,0.2235293835401535,0.2235293835401535,8100,0.0,0.0
1985-09-06 00:00:00-04:00,0.22352930909583374,0.22352930909583374,0.22209662199020386,0.22209662199020386,16200,0.0,0.0
1985-09-09 00:00:00-04:00,0.22209667233971891,0.224962517619133,0.22209667233971891,0.224962517619133,1028700,0.0,0.0
1985-09-10 00:00:00-04:00,0.224962517619133,0.224962517619133,0.22352935977014032,0.224962517619133,599400,0.0,0.0
1985-09-11 00:00:00-04:00,0.22352930909583374,0.22352930909583374,0.22209662199020386,0.22209662199020386,113400,0.0,0.0
1985-09-12 00:00:00-04:00,0.22209662199020386,0.22352930909583374,0.22209662199020386,0.22209662199020386,4455000,0.0,0.0
1985-09-13 00:00:00-04:00,0.22209656313269863,0.22281291341359316,0.2206638902425766,0.2206638902425766,1522800,0.0,0.0
1985-09-16 00:00:00-04:00,0.2206638902425766,0.2206638902425766,0.2206638902425766,0.2206638902425766,0,0.0,0.0
1985-09-17 00:00:00-04:00,0.220663883461529,0.220663883461529,0.21923072636127472,0.21923072636127472,1433700,0.0,0.0
1985-09-18 00:00:00-04:00,0.21923071099749536,0.22066386799731338,0.21779802441596985,0.21779802441596985,2268000,0.0,0.0
1985-09-19 00:00:00-04:00,0.2177980774883583,0.2192307644189967,0.21636492013931274,0.21636492013931274,469800,0.0,0.0
1985-09-20 00:00:00-04:00,0.21779802441596985,0.21779802441596985,0.21779802441596985,0.21779802441596985,40500,0.0,0.0
1985-09-23 00:00:00-04:00,0.21636492013931274,0.21636492013931274,0.21636492013931274,0.21636492013931274,8100,0.0,0.0
1985-09-24 00:00:00-04:00,0.21779802441596985,0.21779802441596985,0.21779802441596985,0.21779802441596985,251100,0.0,0.0
1985-09-25 00:00:00-04:00,0.21779803967934594,0.21923072636127472,0.21779803967934594,0.21923072636127472,5062500,0.0,0.0
1985-09-26 00:00:00-04:00,0.2149321896910641,0.2149321896910641,0.20060347020626068,0.20060347020626068,1935900,0.0,0.0
1985-09-30 00:00:00-04:00,0.20060347020626068,0.20275249311084587,0.199170313239645,0.20060347020626068,3361500,0.0,0.0
1985-10-01 00:00:00-04:00,0.2006035498465172,0.2049020677804947,0.2006035498465172,0.2049020677804947,429300,0.0,0.0
1985-10-02 00:00:00-04:00,0.20490202283572648,0.20633470963858552,0.20346933603286743,0.20346933603286743,858600,0.0,0.0
1985-10-03 00:00:00-04:00,0.20346933603286743,0.20346933603286743,0.20346933603286743,0.20346933603286743,16200,0.0,0.0
1985-10-04 00:00:00-04:00,0.20346938066337922,0.2049020677804947,0.20346938066337922,0.2049020677804947,680400,0.0,0.0
1985-10-07 00:00:00-04:00,0.20490202283572648,0.20490202283572648,0.20346933603286743,0.20346933603286743,1150200,0.0,0.0
1985-10-08 00:00:00-04:00,0.20346932849120464,0.20633470199071663,0.20346932849120464,0.20561835169792175,251100,0.0,0.0
1985-10-09 00:00:00-04:00,0.20561835169792175,0.20561835169792175,0.20561835169792175,0.20561835169792175,32400,0.0,0.0
1985-10-10 00:00:00-04:00,0.20561827070356758,0.20633462071418762,0.20346924834336416,0.20633462071418762,283500,0.0,0.0
1985-10-11 00:00:00-04:00,0.20633475489761013,0.20633475489761013,0.20346938066337922,0.2049020677804947,2413800,0.0,0.0
1985-10-14 00:00:00-04:00,0.2049019345287759,0.20633462071418762,0.20346924834336416,0.20633462071418762,105300,0.0,0.0
1985-10-15 00:00:00-04:00,0.20633475489761013,0.20633475489761013,0.2049020677804947,0.2049020677804947,1490400,0.0,0.0
1985-10-16 00:00:00-04:00,0.2049020592710957,0.20776790380477905,0.2049020592710957,0.20776790380477905,2397600,0.0,0.0
1985-10-17 00:00:00-04:00,0.20633462071418762,0.20633462071418762,0.2049019345287759,0.20633462071418762,486000,0.0,0.0
1985-10-18 00:00:00-04:00,0.20633462071418762,0.20633462071418762,0.2049019345287759,0.20633462071418762,534600,0.0,0.0
1985-10-21 00:00:00-04:00,0.20633462071418762,0.20633462071418762,0.20633462071418762,0.20633462071418762,16200,0.0,0.0
1985-10-22 00:00:00-04:00,0.20633462071418762,0.2077677773177618,0.2049019345287759,0.20633462071418762,2235600,0.0,0.0
1985-10-23 00:00:00-04:00,0.20633464238547802,0.20920047163963318,0.20633464238547802,0.20920047163963318,1506600,0.0,0.0
1985-10-24 00:00:00-04:00,0.20920047163963318,0.20920047163963318,0.2077677991395764,0.20920047163963318,2097900,0.0,0.0
1985-10-25 00:00:00-04:00,0.2092005770265596,0.2092005770265596,0.20776790380477905,0.20776790380477905,48600,0.0,0.0
1985-10-28 00:00:00-05:00,0.20776786521269272,0.2120663821697235,0.20776786521269272,0.2120663821697235,348300,0.0,0.0
1985-10-29 00:00:00-05:00,0.2120664027648259,0.21636492013931274,0.2106337158341875,0.21636492013931274,1830600,0.0,0.0
1985-10-30 00:00:00-05:00,0.21779815346572376,0.224962517619133,0.21779815346572376,0.224962517619133,907200,0.0,0.0
1985-10-31 00:00:00-05:00,0.22496242839412298,0.2263951152563095,0.22209658425136525,0.2263951152563095,243000,0.0,0.0
1985-11-01 00:00:00-05:00,0.22496240700294964,0.22496240700294964,0.21779804637232558,0.2206638902425766,1620000,0.0,0.0
1985-11-04 00:00:00-05:00,0.220663883461529,0.22209655630762465,0.21923072636127472,0.21923072636127472,1879200,0.0,0.0
1985-11-05 00:00:00-05:00,0.21923075394444239,0.2263951152563095,0.21923075394444239,0.2263951152563095,1563300,0.0,0.0
1985-11-06 00:00:00-05:00,0.22639509220066778,0.22926092221574002,0.22496240548438332,0.227828249335289,1061100,0.0,0.0
1985-11-07 00:00:00-05:00,0.227828249335289,0.23069407935036124,0.227828249335289,0.227828249335289,218700,0.0,0.0
1985-11-08 00:00:00-05:00,0.22782830783459876,0.22926098108291626,0.22639515033198673,0.22926098108291626,11785500,0.0,0.0
1985-11-11 00:00:00-05:00,0.22926094556323237,0.22926094556323237,0.2263951152563095,0.2263951152563095,113400,0.0,0.0
1985-11-12 00:00:00-05:00,0.2278282189974307,0.23499257862567902,0.2278282189974307,0.23499257862567902,1571400,0.0,0.0
1985-11-13 00:00:00-05:00,0.23499269175851722,0.23499269175851722,0.232126846909523,0.232126846909523,1328400,0.0,0.0
1985-11-14 00:00:00-05:00,0.23212673515639223,0.23499257862567902,0.23212673515639223,0.23499257862567902,186300,0.0,0.0
1985-11-15 00:00:00-05:00,0.23499266694748483,0.237858511493897,0.2335594956292165,0.23642534017562866,1782000,0.0,0.0
1985-11-18 00:00:00-05:00,0.236425288349341,0.23785845935344696,0.236425288349341,0.23785845935344696,8067600,0.0,0.0
1985-11-19 00:00:00-05:00,0.23785845935344696,0.2392911322675376,0.236425288349341,0.23785845935344696,10384200,0.0,0.0
1985-11-20 00:00:00-05:00,0.23785854745862942,0.2392912209033966,0.23785854745862942,0.2392912209033966,48600,0.0,0.0
1985-11-21 00:00:00-05:00,0.23929115315468696,0.2421569973230362,0.23929115315468696,0.2421569973230362,2235600,0.0,0.0
1985-11-22 00:00:00-05:00,0.24215713654296367,0.2450229823589325,0.240724435008466,0.2450229823589325,899100,0.0,0.0
1985-11-25 00:00:00-05:00,0.24502284149138542,0.24502284149138542,0.2421569973230362,0.2421569973230362,234900,0.0,0.0
1985-11-26 00:00:00-05:00,0.24215713654296367,0.2450229823589325,0.24215713654296367,0.2450229823589325,275400,0.0,0.0
1985-11-27 00:00:00-05:00,0.24502287056761582,0.24502287056761582,0.24358969926834106,0.24358969926834106,688500,0.0,0.0
1985-11-29 00:00:00-05:00,0.24358971083378173,0.2478886991739273,0.24358971083378173,0.2478886991739273,648000,0.0,0.0
1985-12-02 00:00:00-05:00,0.2478888005032155,0.2478888005032155,0.2450229823589325,0.2450229823589325,259200,0.0,0.0
1985-12-03 00:00:00-05:00,0.2450229823589325,0.2478888005032155,0.2450229823589325,0.2450229823589325,97200,0.0,0.0
1985-12-04 00:00:00-05:00,0.2450228822011023,0.2478886991739273,0.2450228822011023,0.2478886991739273,737100,0.0,0.0
1985-12-05 00:00:00-05:00,0.2478886548451006,0.2507540285587311,0.2450228383847568,0.2507540285587311,1182600,0.0,0.0
1985-12-06 00:00:00-05:00,0.25075411936249986,0.25075411936249986,0.24932144582271576,0.24932144582271576,656100,0.0,0.0
1985-12-09 00:00:00-05:00,0.2493213189265278,0.25218716263771057,0.2493213189265278,0.25218716263771057,1279800,0.0,0.0
1985-12-10 00:00:00-05:00,0.2521872064248208,0.25361987948417664,0.25075403527539913,0.25361987948417664,299700,0.0,0.0
1985-12-11 00:00:00-05:00,0.2536199409888911,0.26365014910697937,0.25218726758210136,0.26365014910697937,1555200,0.0,0.0
1985-12-12 00:00:00-05:00,0.2629336416721344,0.2629336416721344,0.2607841623129521,0.2629336416721344,1709100,0.0,0.0
1985-12-13 00:00:00-05:00,0.2636500421359168,0.26938170194625854,0.2636500421359168,0.26938170194625854,1903500,0.0,0.0
1985-12-16 00:00:00-05:00,0.2693817463703885,0.2722475905840027,0.2693817463703885,0.27153125405311584,2486700,0.0,0.0
1985-12-17 00:00:00-05:00,0.27153125405311584,0.2722475905840027,0.2708144471038326,0.27153125405311584,558900,0.0,0.0
1985-12-18 00:00:00-05:00,0.27153121644004563,0.2722475528717041,0.270814409590056,0.2722475528717041,3110400,0.0,0.0
1985-12-19 00:00:00-05:00,0.2722474422829308,0.2722474422829308,0.27081429958343506,0.27081429958343506,1004400,0.0,0.0
1985-12-20 00:00:00-05:00,0.27081429958343506,0.2722474422829308,0.27081429958343506,0.27081429958343506,648000,0.0,0.0
1985-12-23 00:00:00-05:00,0.27081429958343506,0.27153110614225295,0.27081429958343506,0.27081429958343506,599400,0.0,0.0
1985-12-24 00:00:00-05:00,0.26938171116012627,0.26938171116012627,0.26508319444658746,0.26794856786727905,1814400,0.0,0.0
1985-12-26 00:00:00-05:00,0.2679486114044267,0.2679486114044267,0.26651591062545776,0.26651591062545776,332100,0.0,0.0
1985-12-27 00:00:00-05:00,0.26723212003707886,0.26794845617573776,0.26723212003707886,0.26723212003707886,267300,0.0,0.0
1985-12-30 00:00:00-05:00,0.26723223143002284,0.26794856786727905,0.2665158673210999,0.26794856786727905,145800,0.0,0.0
1985-12-31 00:00:00-05:00,0.2665158966132885,0.2665158966132885,0.2650832235813141,0.2650832235813141,494100,0.0,0.0
1986-01-02 00:00:00-05:00,0.26651591062545776,0.26651591062545776,0.26651591062545776,0.26651591062545776,162000,0.0,0.0
1986-01-03 00:00:00-05:00,0.2650832235813141,0.2650832235813141,0.2650832235813141,0.2650832235813141,8100,0.0,0.0
1986-01-06 00:00:00-05:00,0.2650832235813141,0.2665158966132885,0.2650832235813141,0.2650832235813141,267300,0.0,0.0
1986-01-07 00:00:00-05:00,0.26508319444658746,0.26794856786727905,0.262217350607561,0.26794856786727905,12627900,0.0,0.0
1986-01-08 00:00:00-05:00,0.2679485587024302,0.26938170194625854,0.26651585820525475,0.26938170194625854,1935900,0.0,0.0
1986-01-09 00:00:00-05:00,0.26938171116012627,0.26938171116012627,0.26794856786727905,0.26794856786727905,558900,0.0,0.0
1986-01-10 00:00:00-05:00,0.26866526348974623,0.2722474422829308,0.26866526348974623,0.27081429958343506,1749600,0.0,0.0
1986-01-13 00:00:00-05:00,0.270814409590056,0.2722475528717041,0.270814409590056,0.2722475528717041,307800,0.0,0.0
1986-01-14 00:00:00-05:00,0.27224759662460835,0.27368026971817017,0.27224759662460835,0.27368026971817017,818100,0.0,0.0
1986-01-15 00:00:00-05:00,0.27368026971817017,0.2751134409018097,0.27224759662460835,0.27368026971817017,38936700,0.0,0.0
1986-01-16 00:00:00-05:00,0.27368021851277197,0.27368021851277197,0.2679485587024302,0.26938170194625854,13494600,0.0,0.0
1986-01-17 00:00:00-05:00,0.26938170905507247,0.2751133966883357,0.26938170905507247,0.2722475528717041,7022700,0.0,0.0
1986-01-20 00:00:00-05:00,0.27224759662460835,0.27368026971817017,0.27224759662460835,0.27368026971817017,1628100,0.0,0.0
1986-01-21 00:00:00-05:00,0.27368026971817017,0.27368026971817017,0.27224759662460835,0.27368026971817017,2365200,0.0,0.0
1986-01-22 00:00:00-05:00,0.27368022573502104,0.27368022573502104,0.2722475528717041,0.2722475528717041,3547800,0.0,0.0
1986-01-23 00:00:00-05:00,0.2722475528717041,0.27368022573502104,0.2722475528717041,0.2722475528717041,2178900,0.0,0.0
1986-01-24 00:00:00-05:00,0.27224759662460835,0.27368026971817017,0.27224759662460835,0.27368026971817017,704700,0.0,0.0
1986-01-27 00:00:00-05:00,0.27368026971817017,0.27368026971817017,0.27224759662460835,0.27368026971817017,518400,0.0,0.0
1986-01-28 00:00:00-05:00,0.2736803507791129,0.27797889709472656,0.2722476772612098,0.27797889709472656,6990300,0.0,0.0
1986-01-29 00:00:00-05:00,0.27797883859250716,0.2923080335353249,0.27797883859250716,0.28800901770591736,4552200,0.0,0.0
1986-01-30 00:00:00-05:00,0.2880090594819465,0.296606594297723,0.28514371263354704,0.29374074935913086,2964600,0.0,0.0
1986-01-31 00:00:00-05:00,0.2937405992524085,0.3080693185329437,0.2937405992524085,0.3080693185329437,9185400,0.0,0.0
1986-02-03 00:00:00-05:00,0.30806931697466605,0.3123683035373688,0.30663664428983456,0.3123683035373688,1036800,0.0,0.0
1986-02-04 00:00:00-05:00,0.31236818650106263,0.3195325434207916,0.31093504393492016,0.3195325434207916,3102300,0.0,0.0
1986-02-05 00:00:00-05:00,0.31953275228462774,0.32669711388736977,0.3180996087817054,0.3223981261253357,1814400,0.0,0.0
1986-02-06 00:00:00-05:00,0.3223980677331233,0.32383121097647705,0.3152337074279785,0.3152337074279785,2997000,0.0,0.0
1986-02-07 00:00:00-05:00,0.3152337074279785,0.3180995511680333,0.30950249036618754,0.3152337074279785,4584600,0.0,0.0
1986-02-10 00:00:00-05:00,0.31523363259818055,0.3352940082550049,0.31523363259818055,0.3352940082550049,6552900,0.0,0.0
1986-02-11 00:00:00-05:00,0.3352942129849514,0.342458575963974,0.3338615396252149,0.342458575963974,3604500,0.0,0.0
1986-02-12 00:00:00-05:00,0.34245844971442746,0.34532429346755855,0.34245844971442746,0.34389162063598633,1773900,0.0,0.0
1986-02-13 00:00:00-05:00,0.345324050544924,0.35392157575627775,0.345324050544924,0.3517720699310303,6042600,0.0,0.0
1986-02-14 00:00:00-05:00,0.3524885776682469,0.35965293645858765,0.3524885776682469,0.35965293645858765,2818800,0.0,0.0
1986-02-18 00:00:00-05:00,0.3596530398012787,0.3653847277164459,0.35822036686749803,0.3653847277164459,1984500,0.0,0.0
1986-02-19 00:00:00-05:00,0.3653848270157026,0.3653848270157026,0.36108630895614624,0.36108630895614624,1206900,0.0,0.0
1986-02-20 00:00:00-05:00,0.36108630895614624,0.36251898227927914,0.35678776322491446,0.36108630895614624,3588300,0.0,0.0
1986-02-21 00:00:00-05:00,0.36108610707058325,0.36251877959269974,0.35965293645858765,0.35965293645858765,858600,0.0,0.0
1986-02-24 00:00:00-05:00,0.35965313754285577,0.36108630895614624,0.3582204642197228,0.36108630895614624,2033100,0.0,0.0
1986-02-25 00:00:00-05:00,0.3596529969661842,0.3596529969661842,0.35105596420737234,0.35248863697052,2835000,0.0,0.0
1986-02-26 00:00:00-05:00,0.35248877793499717,0.35535462269734097,0.35248877793499717,0.3532051146030426,2097900,0.0,0.0
1986-02-27 00:00:00-05:00,0.35320495099501775,0.3553544580936432,0.3524886146587864,0.3553544580936432,1611900,0.0,0.0
1986-02-28 00:00:00-05:00,0.35535447880070237,0.35822032240255636,0.35535447880070237,0.35678762197494507,1247400,0.0,0.0
1986-03-03 00:00:00-05:00,0.35678762197494507,0.35822032240255636,0.35392180604475554,0.35678762197494507,1320300,0.0,0.0
1986-03-04 00:00:00-05:00,0.3567876680112609,0.3582203686237335,0.35392185171129503,0.3582203686237335,1871100,0.0,0.0
1986-03-05 00:00:00-05:00,0.3582203686237335,0.3582203686237335,0.3567876680112609,0.3582203686237335,6455700,0.0,0.0
1986-03-06 00:00:00-05:00,0.35822032240255636,0.35822032240255636,0.35535447880070237,0.35678762197494507,1150200,0.0,0.0
1986-03-07 00:00:00-05:00,0.3567876531781569,0.3567876531781569,0.3553545098785773,0.3560708463191986,1085400,0.0,0.0
1986-03-10 00:00:00-05:00,0.3560708151786758,0.35678762197494507,0.35535447880070237,0.35678762197494507,1417500,0.0,0.0
1986-03-11 00:00:00-05:00,0.35678776322491446,0.36108630895614624,0.35535461948329944,0.36108630895614624,1652400,0.0,0.0
1986-03-12 00:00:00-05:00,0.36108630895614624,0.36108630895614624,0.3582204642197228,0.36108630895614624,6471900,0.0,0.0
1986-03-13 00:00:00-05:00,0.36108610707058325,0.36108610707058325,0.3582202639364711,0.35965293645858765,3102300,0.0,0.0
1986-03-14 00:00:00-05:00,0.35965313754285577,0.36108630895614624,0.35678776322491446,0.36108630895614624,1660500,0.0,0.0
1986-03-17 00:00:00-05:00,0.36108616431738727,0.3711163401603699,0.359652993478176,0.3711163401603699,1466100,0.0,0.0
1986-03-18 00:00:00-05:00,0.37111625943859045,0.38114646077156067,0.37111625943859045,0.38114646077156067,1158300,0.0,0.0
1986-03-19 00:00:00-05:00,0.38114646077156067,0.38114646077156067,0.3782806178064478,0.38114646077156067,688500,0.0,0.0
1986-03-20 00:00:00-05:00,0.38114646077156067,0.3825791332091923,0.38114646077156067,0.38114646077156067,1992600,0.0,0.0
1986-03-21 00:00:00-05:00,0.38114646077156067,0.38114646077156067,0.3797133179157377,0.38114646077156067,1004400,0.0,0.0
1986-03-24 00:00:00-05:00,0.37971352894119575,0.37971352894119575,0.37541501114955383,0.37684768438339233,615600,0.0,0.0
1986-03-25 00:00:00-05:00,0.37541480260607,0.37541480260607,0.36825044423643644,0.3696831166744232,761400,0.0,0.0
1986-03-26 00:00:00-05:00,0.3682506155498136,0.3682506155498136,0.36395207047462463,0.36395207047462463,753300,0.0,0.0
1986-03-27 00:00:00-05:00,0.36681748695244704,0.37398231990544034,0.36681748695244704,0.3725491762161255,4673700,0.0,0.0
1986-03-31 00:00:00-05:00,0.3725490775782688,0.3739822208881378,0.3725490775782688,0.3739822208881378,445500,0.0,0.0
1986-04-01 00:00:00-05:00,0.37398210249642494,0.37541480260607,0.3696831166744232,0.3696831166744232,3078000,0.0,0.0
1986-04-02 00:00:00-05:00,0.3696831166744232,0.37254895964024665,0.36825044423643644,0.3696831166744232,2219400,0.0,0.0
1986-04-03 00:00:00-05:00,0.3696831166744232,0.37254895964024665,0.36825044423643644,0.3696831166744232,2008800,0.0,0.0
1986-04-04 00:00:00-05:00,0.3696832982848393,0.3696832982848393,0.36251893639564514,0.36251893639564514,1806300,0.0,0.0
1986-04-07 00:00:00-05:00,0.36108616600441035,0.36108616600441035,0.35678762197494507,0.35678762197494507,866700,0.0,0.0
1986-04-08 00:00:00-05:00,0.35678762197494507,0.35822032240255636,0.35535447880070237,0.35678762197494507,745200,0.0,0.0
1986-04-09 00:00:00-05:00,0.3567876531781569,0.3582203537310665,0.3553545098785773,0.3560708463191986,688500,0.0,0.0
1986-04-10 00:00:00-05:00,0.3560707570634173,0.35965293645858765,0.355354420802359,0.35965293645858765,1709100,0.0,0.0
1986-04-11 00:00:00-05:00,0.35965293645858765,0.36108610707058325,0.3575039276754129,0.35965293645858765,3572100,0.0,0.0
1986-04-14 00:00:00-05:00,0.3596530920219486,0.36251893639564514,0.3582204188801476,0.36251893639564514,1125900,0.0,0.0
1986-04-15 00:00:00-05:00,0.3610862125953674,0.3610862125953674,0.3582203686237335,0.3582203686237335,2940300,0.0,0.0
1986-04-16 00:00:00-05:00,0.3589367033343884,0.3653847277164459,0.3589367033343884,0.3653847277164459,2770200,0.0,0.0
1986-04-17 00:00:00-05:00,0.365384601270613,0.3696831166744232,0.36395190116096793,0.3696831166744232,1449900,0.0,0.0
1986-04-18 00:00:00-05:00,0.36968324588789236,0.38687781160291046,0.36681740192038537,0.3825792670249939,3491100,0.0,0.0
1986-04-21 00:00:00-05:00,0.3840119071524677,0.3897435665130615,0.3840119071524677,0.3897435665130615,1863000,0.0,0.0
1986-04-22 00:00:00-05:00,0.3897435665130615,0.39117673731609864,0.3868777506685964,0.3897435665130615,526500,0.0,0.0
1986-04-23 00:00:00-05:00,0.3883110380653656,0.3883110380653656,0.38544519348451767,0.3868778944015503,2486700,0.0,0.0
1986-04-24 00:00:00-05:00,0.3868777506685964,0.3897435665130615,0.3868777506685964,0.3897435665130615,4357800,0.0,0.0
1986-04-25 00:00:00-05:00,0.3897436783892232,0.3954753670667654,0.3883110052648818,0.39117684960365295,1676700,0.0,0.0
1986-04-28 00:00:00-04:00,0.39117673731609864,0.39117673731609864,0.3868777506685964,0.3897435665130615,1498500,0.0,0.0
1986-04-29 00:00:00-04:00,0.38974349157704963,0.38974349157704963,0.38114646077156067,0.38114646077156067,720900,0.0,0.0
1986-04-30 00:00:00-04:00,0.38114668243996874,0.3854452003426579,0.3725491762161255,0.3725491762161255,2316600,0.0,0.0
1986-05-01 00:00:00-04:00,0.37254895964024665,0.37254895964024665,0.36825044423643644,0.3696831166744232,3321000,0.0,0.0
1986-05-02 00:00:00-04:00,0.36968343903937223,0.36968343903937223,0.3668175935745239,0.3668175935745239,567000,0.0,0.0
1986-05-05 00:00:00-04:00,0.36681750033883553,0.36681750033883553,0.36108630895614624,0.36108630895614624,8270100,0.0,0.0
1986-05-06 00:00:00-04:00,0.36108630895614624,0.3639521260208942,0.3582204642197228,0.36108630895614624,2697300,0.0,0.0
1986-05-07 00:00:00-04:00,0.35965304156453815,0.35965304156453815,0.35535452465209966,0.3582203686237335,1166400,0.0,0.0
1986-05-08 00:00:00-04:00,0.3582203686237335,0.3582203686237335,0.3567876680112609,0.3582203686237335,1296000,0.0,0.0
1986-05-09 00:00:00-04:00,0.35822032240255636,0.35822032240255636,0.35535447880070237,0.35678762197494507,834300,0.0,0.0
1986-05-12 00:00:00-04:00,0.3567876011843744,0.3567876011843744,0.3553544580936432,0.3553544580936432,307800,0.0,0.0
1986-05-13 00:00:00-04:00,0.3539218234716653,0.3539218234716653,0.34819013598573223,0.35105597972869873,421200,0.0,0.0
1986-05-14 00:00:00-04:00,0.35105598823504547,0.35105598823504547,0.3467574715614319,0.3467574715614319,2762100,0.0,0.0
1986-05-15 00:00:00-04:00,0.3467574715614319,0.349622817283843,0.3467574715614319,0.3467574715614319,14004900,0.0,0.0
1986-05-16 00:00:00-04:00,0.34675744057868174,0.34962278604507446,0.34675744057868174,0.34962278604507446,445500,0.0,0.0
1986-05-19 00:00:00-04:00,0.3496227570268184,0.3539217710494995,0.3467574117982458,0.3539217710494995,3483000,0.0,0.0
1986-05-20 00:00:00-04:00,0.35392185171129503,0.35893670509413583,0.3524886806804658,0.3582203686237335,4544100,0.0,0.0
1986-05-21 00:00:00-04:00,0.3582204642197228,0.36251898227927914,0.35535461948329944,0.36108630895614624,3288600,0.0,0.0
1986-05-22 00:00:00-04:00,0.36108625384725684,0.36395207047462463,0.36108625384725684,0.36395207047462463,1304100,0.0,0.0
1986-05-23 00:00:00-04:00,0.3668172947977488,0.3797133398404518,0.3668172947977488,0.3782806396484375,2924100,0.0,0.0
1986-05-27 00:00:00-04:00,0.41589375879059937,0.41589375879059937,0.38042987889896446,0.40944573283195496,5464800,0.0,2.25
1986-05-28 00:00:00-04:00,0.4094453834214999,0.4191176493146312,0.4094453834214999,0.4126696288585663,4190400,0.0,0.0
1986-05-29 00:00:00-04:00,0.4126696288585663,0.4126696288585663,0.4094453834214999,0.4126696288585663,1173600,0.0,0.0
1986-05-30 00:00:00-04:00,0.41266986721344046,0.41589364409446716,0.40944561991407413,0.41589364409446716,540000,0.0,0.0
1986-06-02 00:00:00-04:00,0.41589375879059937,0.41589375879059937,0.40299817729177984,0.40944573283195496,4640400,0.0,0.0
1986-06-03 00:00:00-04:00,0.4062219440830017,0.4062219440830017,0.3868778944015503,0.3868778944015503,3729600,0.0,0.0
1986-06-04 00:00:00-04:00,0.38687807279895736,0.3965503234731474,0.38687807279895736,0.393326073884964,1598400,0.0,0.0
1986-06-05 00:00:00-04:00,0.393325930118162,0.39655017852783203,0.393325930118162,0.39655017852783203,838800,0.0,0.0
1986-06-06 00:00:00-04:00,0.39655017852783203,0.39655017852783203,0.3901021797986702,0.39655017852783203,1130400,0.0,0.0
1986-06-09 00:00:00-04:00,0.39332591848050596,0.39332591848050596,0.37720611583628705,0.3804298937320709,824400,0.0,0.0
1986-06-10 00:00:00-04:00,0.3772059538413043,0.3772059538413043,0.3610861581198977,0.3643099069595337,1627200,0.0,0.0
1986-06-11 00:00:00-04:00,0.36430994932404615,0.3804297745916428,0.36430994932404615,0.3772059977054596,5925600,0.0,0.0
1986-06-12 00:00:00-04:00,0.37720611583628705,0.3804298937320709,0.37720611583628705,0.3804298937320709,1692000,0.0,0.0
1986-06-13 00:00:00-04:00,0.38043004404126407,0.393326073884964,0.3772062648717541,0.393326073884964,5551200,0.0,0.0
1986-06-16 00:00:00-04:00,0.3933258925142515,0.39655014061566735,0.3868778944015503,0.3868778944015503,1738800,0.0,0.0
1986-06-17 00:00:00-04:00,0.38687769301670305,0.39010193943977356,0.38687769301670305,0.39010193943977356,622800,0.0,0.0
1986-06-18 00:00:00-04:00,0.3868778944015503,0.3868778944015503,0.383654116718591,0.3868778944015503,64800,0.0,0.0
1986-06-19 00:00:00-04:00,0.38687769301670305,0.39010193943977356,0.38687769301670305,0.39010193943977356,378000,0.0,0.0
1986-06-20 00:00:00-04:00,0.3901021130799461,0.3901021130799461,0.38365408778190613,0.38365408778190613,1260000,0.0,0.0
1986-06-23 00:00:00-04:00,0.38365391701184426,0.39010193943977356,0.38365391701184426,0.39010193943977356,774000,0.0,0.0
1986-06-24 00:00:00-04:00,0.3901021797986702,0.39655017852783203,0.3868779313890002,0.39655017852783203,730800,0.0,0.0
1986-06-25 00:00:00-04:00,0.3965503234731474,0.39977410264265734,0.393326073884964,0.393326073884964,3772800,0.0,0.0
1986-06-26 00:00:00-04:00,0.3933257886562033,0.4062218368197398,0.3933257886562033,0.40299805998802185,7948800,0.0,0.0
1986-06-27 00:00:00-04:00,0.40299805997373994,0.40622183680534363,0.40299805997373994,0.40622183680534363,626400,0.0,0.0
1986-06-30 00:00:00-04:00,0.40622178970532025,0.42234158515930176,0.40622178970532025,0.42234158515930176,2282400,0.0,0.0
1986-07-01 00:00:00-04:00,0.42234158515930176,0.42234158515930176,0.41589358949705163,0.42234158515930176,2642400,0.0,0.0
1986-07-02 00:00:00-04:00,0.4223415628356893,0.4320138325344535,0.4223415628356893,0.42878958582878113,4417200,0.0,0.0
1986-07-03 00:00:00-04:00,0.42878982551952904,0.42878982551952904,0.42556604743003845,0.42556604743003845,2275200,0.0,0.0
1986-07-07 00:00:00-04:00,0.42556583203539744,0.4287896084932153,0.42234158515930176,0.42234158515930176,3132000,0.0,0.0
1986-07-08 00:00:00-04:00,0.41911788498327623,0.41911788498327623,0.3997738127379715,0.40299805998802185,1879200,0.0,0.0
1986-07-09 00:00:00-04:00,0.40299805998802185,0.40299805998802185,0.3997738127379715,0.40299805998802185,6112800,0.0,0.0
1986-07-10 00:00:00-04:00,0.40622183680534363,0.40622183680534363,0.3997738127238039,0.40622183680534363,1080000,0.0,0.0
1986-07-11 00:00:00-04:00,0.3997738127238039,0.40622183680534363,0.3997738127238039,0.40622183680534363,2682000,0.0,0.0
1986-07-14 00:00:00-04:00,0.40299835223084074,0.40622213140035063,0.393326073884964,0.393326073884964,435600,0.0,0.0
1986-07-15 00:00:00-04:00,0.39010193943977356,0.39332568777297283,0.38365391701184426,0.39010193943977356,2707200,0.0,0.0
1986-07-16 00:00:00-04:00,0.39010214250296615,0.39010214250296615,0.383654116718591,0.3868778944015503,748800,0.0,0.0
1986-07-17 00:00:00-04:00,0.38526596266597496,0.3868778652217156,0.38365408778190613,0.38365408778190613,4510800,0.0,0.0
1986-07-18 00:00:00-04:00,0.383654116718591,0.3868778944015503,0.38042986861717515,0.3868778944015503,2404800,0.0,0.0
1986-07-21 00:00:00-04:00,0.38687769301670305,0.3965499341960434,0.38042967058877375,0.39010193943977356,4359600,0.0,0.0
1986-07-22 00:00:00-04:00,0.39332587031997784,0.40622192116104017,0.39332587031997784,0.39977389574050903,752400,0.0,0.0
1986-07-23 00:00:00-04:00,0.40944561991407413,0.41589364409446716,0.40944561991407413,0.41589364409446716,1260000,0.0,0.0
1986-07-24 00:00:00-04:00,0.41266986088688334,0.41266986088688334,0.40622183680534363,0.40622183680534363,8960400,0.0,0.0
1986-07-25 00:00:00-04:00,0.41266993960286985,0.4416857906236828,0.4062219142913818,0.4352377653121948,13906800,0.0,0.0
1986-07-28 00:00:00-04:00,0.43846138510929245,0.44168563181496484,0.4255658095413617,0.42878958582878113,2048400,0.0,0.0
1986-07-29 00:00:00-04:00,0.4255661099615327,0.432014137506485,0.4255661099615327,0.432014137506485,2631600,0.0,0.0
1986-07-30 00:00:00-04:00,0.42878988852471633,0.4352379160696686,0.42878988852471633,0.432014137506485,2703600,0.0,0.0
1986-07-31 00:00:00-04:00,0.432013899153461,0.44490947670996334,0.432013899153461,0.43846145272254944,4935600,0.0,0.0
1986-08-01 00:00:00-04:00,0.4384616302065168,0.4384616302065168,0.42556604743003845,0.42556604743003845,11084400,0.0,0.0
1986-08-04 00:00:00-04:00,0.42556604743003845,0.42556604743003845,0.4191180485042187,0.42556604743003845,4298400,0.0,0.0
1986-08-05 00:00:00-04:00,0.4207299237131253,0.42878982551952904,0.4207299237131253,0.42556604743003845,1159200,0.0,0.0
1986-08-06 00:00:00-04:00,0.432014137506485,0.432014137506485,0.4255661099615327,0.432014137506485,532800,0.0,0.0
1986-08-07 00:00:00-04:00,0.43201407402753556,0.43201407402753556,0.42556604743003845,0.42556604743003845,514800,0.0,0.0
1986-08-08 00:00:00-04:00,0.43201398786566186,0.4352377653121948,0.43201398786566186,0.4352377653121948,2786400,0.0,0.0
1986-08-11 00:00:00-04:00,0.4352376759380052,0.43846145272254944,0.432013899153461,0.43846145272254944,2826000,0.0,0.0
1986-08-12 00:00:00-04:00,0.4416856813675848,0.45458170112890817,0.4416856813675848,0.4513574540615082,1018800,0.0,0.0
1986-08-13 00:00:00-04:00,0.45780573245664347,0.4771498143672943,0.45780573245664347,0.4771498143672943,2361600,0.0,0.0
1986-08-14 00:00:00-04:00,0.47714969222740267,0.48037344217300415,0.47070163890273264,0.48037344217300415,1256400,0.0,0.0
1986-08-15 00:00:00-04:00,0.47392556550623544,0.4803735651381053,0.47392556550623544,0.4771498143672943,471600,0.0,0.0
1986-08-18 00:00:00-04:00,0.47714960955637475,0.48682141115090816,0.47392536207928665,0.48359760642051697,885600,0.0,0.0
1986-08-19 00:00:00-04:00,0.48682138323783875,0.49649312893448233,0.48682138323783875,0.48682138323783875,3002400,0.0,0.0
1986-08-20 00:00:00-04:00,0.48682171522686357,0.49326971611852133,0.48359790848283557,0.490045964717865,1929600,0.0,0.0
1986-08-21 00:00:00-04:00,0.4932694733142853,0.4932694733142853,0.48682147559655425,0.4932694733142853,7300800,0.0,0.0
1986-08-22 00:00:00-04:00,0.49004572350046977,0.4932694733142853,0.49004572350046977,0.4932694733142853,4626000,0.0,0.0
1986-08-25 00:00:00-04:00,0.49004565862799626,0.49004565862799626,0.47714960955637475,0.48359760642051697,1209600,0.0,0.0
1986-08-26 00:00:00-04:00,0.48359757869229214,0.48682138323783875,0.47714958219786124,0.48682138323783875,464400,0.0,0.0
1986-08-27 00:00:00-04:00,0.48682171522686357,0.490045964717865,0.48359790848283557,0.490045964717865,320400,0.0,0.0
1986-08-28 00:00:00-04:00,0.48359760642051697,0.49004565862799626,0.48359760642051697,0.48359760642051697,345600,0.0,0.0
1986-08-29 00:00:00-04:00,0.49004563053005695,0.49004563053005695,0.48359757869229214,0.48682138323783875,3877200,0.0,0.0
1986-09-02 00:00:00-04:00,0.4884332578389451,0.49004563053005695,0.48359757869229214,0.48682138323783875,572400,0.0,0.0
1986-09-03 00:00:00-04:00,0.48359769020872595,0.48359769020872595,0.47714969222740267,0.48037344217300415,2721600,0.0,0.0
1986-09-04 00:00:00-04:00,0.4803735651381053,0.4803735651381053,0.4771498143672943,0.4771498143672943,1278000,0.0,0.0
1986-09-05 00:00:00-04:00,0.48037346848626367,0.48037346848626367,0.470701664686203,0.470701664686203,1692000,0.0,0.0
1986-09-08 00:00:00-04:00,0.46747732162475586,0.4771496215524967,0.4610297950168805,0.46747732162475586,4474800,0.0,0.0
1986-09-09 00:00:00-04:00,0.4674773677137073,0.4674773677137073,0.46102984047016526,0.46586549282073975,2106000,0.0,0.0
1986-09-10 00:00:00-04:00,0.464253693819046,0.46747744413196557,0.46102991583444997,0.464253693819046,1180800,0.0,0.0
1986-09-11 00:00:00-04:00,0.4642535014944966,0.46747725047192584,0.4513574540615082,0.4513574540615082,3459600,0.0,0.0
1986-09-12 00:00:00-04:00,0.44813390531202046,0.4545819042378402,0.42556604743003845,0.42556604743003845,2577600,0.0,0.0
1986-09-15 00:00:00-04:00,0.432014137506485,0.4352379160696686,0.42878988852471633,0.432014137506485,1778400,0.0,0.0
1986-09-16 00:00:00-04:00,0.4255656420990451,0.4255656420990451,0.4094453834214999,0.4126696288585663,1803600,0.0,0.0
1986-09-17 00:00:00-04:00,0.4094455661631381,0.42234158515930176,0.4094455661631381,0.42234158515930176,1836000,0.0,0.0
1986-09-18 00:00:00-04:00,0.4223416406031932,0.4223416406031932,0.41589364409446716,0.41589364409446716,1879200,0.0,0.0
1986-09-19 00:00:00-04:00,0.41589358949705163,0.4287896084932153,0.41589358949705163,0.42234158515930176,1796400,0.0,0.0
1986-09-22 00:00:00-04:00,0.42878974436763995,0.44490957260131836,0.4223417189904832,0.44490957260131836,547200,0.0,0.0
1986-09-23 00:00:00-04:00,0.448133705084079,0.45458170112890817,0.444909458016679,0.4513574540615082,1134000,0.0,0.0
1986-09-24 00:00:00-04:00,0.45458170112890817,0.45458170112890817,0.448133705084079,0.4513574540615082,133200,0.0,0.0
1986-09-25 00:00:00-04:00,0.45135747302571105,0.45135747302571105,0.43846145272254944,0.43846145272254944,759600,0.0,0.0
1986-09-26 00:00:00-04:00,0.4432976700257998,0.44490957260131836,0.4384615472241616,0.44490957260131836,158400,0.0,0.0
1986-09-29 00:00:00-04:00,0.4384615427587278,0.4384615427587278,0.43201398786566186,0.4352377653121948,2401200,0.0,0.0
1986-09-30 00:00:00-04:00,0.4384613112032169,0.4416855573654175,0.43523753545919003,0.4416855573654175,2685600,0.0,0.0
1986-10-01 00:00:00-04:00,0.4416855573654175,0.4416855573654175,0.4384613112032169,0.4416855573654175,1148400,0.0,0.0
1986-10-02 00:00:00-04:00,0.4416855573654175,0.4416855573654175,0.4384613112032169,0.4416855573654175,576000,0.0,0.0
1986-10-03 00:00:00-04:00,0.4416855951812533,0.4481336176395416,0.43846134874300213,0.4481336176395416,964800,0.0,0.0
1986-10-06 00:00:00-04:00,0.44813391723487256,0.4545819163322449,0.4449096686410831,0.4545819163322449,687600,0.0,0.0
1986-10-07 00:00:00-04:00,0.448133705084079,0.4578054777780024,0.448133705084079,0.4513574540615082,3027600,0.0,0.0
1986-10-08 00:00:00-04:00,0.4513574540615082,0.4578054777780024,0.4513574540615082,0.4513574540615082,856800,0.0,0.0
1986-10-09 00:00:00-04:00,0.45458170112890817,0.45458170112890817,0.4513574540615082,0.4513574540615082,716400,0.0,0.0
1986-10-10 00:00:00-04:00,0.4545819163322449,0.4545819163322449,0.44813391723487256,0.4545819163322449,1645200,0.0,0.0
1986-10-13 00:00:00-04:00,0.4513576677384554,0.4545819163322449,0.4513576677384554,0.4545819163322449,97200,0.0,0.0
1986-10-14 00:00:00-04:00,0.4513574540615082,0.45458170112890817,0.4513574540615082,0.4513574540615082,601200,0.0,0.0
1986-10-15 00:00:00-04:00,0.4545819163322449,0.4545819163322449,0.4513576677384554,0.4545819163322449,612000,0.0,0.0
1986-10-16 00:00:00-04:00,0.45458170112890817,0.45458170112890817,0.4513574540615082,0.4513574540615082,720000,0.0,0.0
1986-10-17 00:00:00-04:00,0.4578056945075059,0.4578056945075059,0.4513576677384554,0.4545819163322449,529200,0.0,0.0
1986-10-20 00:00:00-04:00,0.45458170112890817,0.45458170112890817,0.4513574540615082,0.4513574540615082,360000,0.0,0.0
1986-10-21 00:00:00-04:00,0.4513574540615082,0.45458170112890817,0.4513574540615082,0.4513574540615082,1281600,0.0,0.0
1986-10-22 00:00:00-04:00,0.4545819163322449,0.4545819163322449,0.4513576677384554,0.4545819163322449,2642400,0.0,0.0
1986-10-23 00:00:00-04:00,0.45458170112890817,0.4578054777780024,0.4513574540615082,0.4513574540615082,1864800,0.0,0.0
1986-10-24 00:00:00-04:00,0.45458188944675726,0.4707016925350622,0.45458188944675726,0.464253693819046,3146400,0.0,0.0
1986-10-27 00:00:00-05:00,0.4642536663516798,0.4739254701517405,0.4642536663516798,0.470701664686203,3081600,0.0,0.0
1986-10-28 00:00:00-05:00,0.4707015691829055,0.4707015691829055,0.4658654468907043,0.46747732162475586,5644800,0.0,0.0
1986-10-29 00:00:00-05:00,0.4674774703935117,0.4674774703935117,0.45780569314956665,0.45780569314956665,896400,0.0,0.0
1986-10-30 00:00:00-05:00,0.45780554745873087,0.46747732162475586,0.45780554745873087,0.46747732162475586,1393200,0.0,0.0
1986-10-31 00:00:00-05:00,0.46747722273509185,0.46747722273509185,0.4126698130392338,0.42234158515930176,14731200,0.0,0.0
1986-11-03 00:00:00-05:00,0.42878982551952904,0.42878982551952904,0.4223417989220319,0.42556604743003845,3060000,0.0,0.0
1986-11-04 00:00:00-05:00,0.42556590232564645,0.42556590232564645,0.4094456337908202,0.4110579788684845,3448800,0.0,0.0
1986-11-05 00:00:00-05:00,0.409445721765961,0.41266996986737686,0.3868778944015503,0.3868778944015503,2394000,0.0,0.0
1986-11-06 00:00:00-05:00,0.383654116718591,0.39010214250296615,0.3675342874668815,0.3868778944015503,4989600,0.0,0.0
1986-11-07 00:00:00-05:00,0.3868778944015503,0.38849023982564956,0.383654116718591,0.3868778944015503,3492000,0.0,0.0
1986-11-10 00:00:00-05:00,0.3804298937320709,0.388490265472668,0.37720611583628705,0.3804298937320709,2563200,0.0,0.0
1986-11-11 00:00:00-05:00,0.38365419177286564,0.38365419177286564,0.37720616472706286,0.3820422887802124,2196000,0.0,0.0
1986-11-12 00:00:00-05:00,0.38365395319259993,0.38526582751120847,0.36108613544733875,0.3675341308116913,5342400,0.0,0.0
1986-11-13 00:00:00-05:00,0.3610862133171575,0.36592186498747475,0.3578619658946991,0.3578619658946991,9720000,0.0,0.0
1986-11-14 00:00:00-05:00,0.3578618990402151,0.3578618990402151,0.3449663230145596,0.35141387581825256,5580000,0.0,0.0
1986-11-17 00:00:00-05:00,0.35141387581825256,0.35463812263836864,0.3449663230145596,0.35141387581825256,2584800,0.0,0.0
1986-11-18 00:00:00-05:00,0.35624999700346044,0.3578618990402151,0.35141387581825256,0.35141387581825256,1011600,0.0,0.0
1986-11-19 00:00:00-05:00,0.3481901288032532,0.35463815256942155,0.34496635212932364,0.3481901288032532,2991600,0.0,0.0
1986-11-20 00:00:00-05:00,0.3481901288032532,0.3481901288032532,0.34496635212932364,0.3481901288032532,2664000,0.0,0.0
1986-11-21 00:00:00-05:00,0.3481901517922289,0.37720599777491465,0.34496637490545207,0.3739822208881378,7394400,0.0,0.0
1986-11-24 00:00:00-05:00,0.3772060624838662,0.3868778652217156,0.3739822850440568,0.38365408778190613,1929600,0.0,0.0
1986-11-25 00:00:00-05:00,0.3868778652217156,0.3868778652217156,0.38042983992367563,0.38365408778190613,3927600,0.0,0.0
1986-11-26 00:00:00-05:00,0.38365408778190613,0.38365408778190613,0.38042983992367563,0.38365408778190613,684000,0.0,0.0
1986-11-28 00:00:00-05:00,0.38687769301670305,0.39010193943977356,0.38365391701184426,0.39010193943977356,241200,0.0,0.0
1986-12-01 00:00:00-05:00,0.3868778944015503,0.3868778944015503,0.38042986861717515,0.3868778944015503,1929600,0.0,0.0
1986-12-02 00:00:00-05:00,0.3836542936294475,0.393326073884964,0.3836542936294475,0.393326073884964,1933200,0.0,0.0
1986-12-03 00:00:00-05:00,0.3933257886422642,0.40622183680534363,0.3868777922323911,0.40622183680534363,3045600,0.0,0.0
1986-12-04 00:00:00-05:00,0.4094457733987151,0.4352378521170262,0.4094457733987151,0.42556604743003845,8402400,0.0,0.0
1986-12-05 00:00:00-05:00,0.4255659246162663,0.43201394935293247,0.4158936799737464,0.41911792755126953,1821600,0.0,0.0
1986-12-08 00:00:00-05:00,0.41589364409446716,0.4223416406031932,0.41266986721344046,0.41589364409446716,990000,0.0,0.0
1986-12-09 00:00:00-05:00,0.4126696288585663,0.41589340387756485,0.4094453834214999,0.4126696288585663,3481200,0.0,0.0
1986-12-10 00:00:00-05:00,0.41589364409446716,0.41589364409446716,0.41266986721344046,0.41589364409446716,482400,0.0,0.0
1986-12-11 00:00:00-05:00,0.4158936879343884,0.4158936879343884,0.4126699107135389,0.41428178548812866,15242400,0.0,0.0
1986-12-12 00:00:00-05:00,0.4094456136514577,0.41266986090150803,0.40299805998802185,0.40299805998802185,1137600,0.0,0.0
1986-12-15 00:00:00-05:00,0.4062219440830017,0.4062219440830017,0.383654116718591,0.3868778944015503,3222000,0.0,0.0
1986-12-16 00:00:00-05:00,0.3868778652217156,0.3868778652217156,0.38042983992367563,0.38365408778190613,3376800,0.0,0.0
1986-12-17 00:00:00-05:00,0.3836542936294475,0.393326073884964,0.38043004404126407,0.393326073884964,8247600,0.0,0.0
1986-12-18 00:00:00-05:00,0.39010212049059967,0.39977389574050903,0.39010212049059967,0.39977389574050903,6015600,0.0,0.0
1986-12-19 00:00:00-05:00,0.39977410264265734,0.40299835223084074,0.39010232238714077,0.393326073884964,25016400,0.0,0.0
1986-12-22 00:00:00-05:00,0.3965503234731474,0.3965503234731474,0.38849041896654246,0.393326073884964,4086000,0.0,0.0
1986-12-23 00:00:00-05:00,0.39010232238714077,0.393326073884964,0.38687807279895736,0.393326073884964,5788800,0.0,0.0
1986-12-24 00:00:00-05:00,0.3901021797986702,0.39655017852783203,0.3901021797986702,0.39655017852783203,1576800,0.0,0.0
1986-12-26 00:00:00-05:00,0.39010232238714077,0.393326073884964,0.39010232238714077,0.393326073884964,482400,0.0,0.0
1986-12-29 00:00:00-05:00,0.39332568777297283,0.39332568777297283,0.39010193943977356,0.39010193943977356,637200,0.0,0.0
1986-12-30 00:00:00-05:00,0.38687769301670305,0.39010193943977356,0.38365391701184426,0.39010193943977356,3099600,0.0,0.0
1986-12-31 00:00:00-05:00,0.39010212049059967,0.40622192116104017,0.39010212049059967,0.39977389574050903,1652400,0.0,0.0
1987-01-02 00:00:00-05:00,0.3997738127379715,0.4062218368197398,0.3997738127379715,0.40299805998802185,709200,0.0,0.0
1987-01-05 00:00:00-05:00,0.399773929103223,0.40944573283195496,0.399773929103223,0.40944573283195496,4204800,0.0,0.0
1987-01-06 00:00:00-05:00,0.4062216084025013,0.4191176493146312,0.4062216084025013,0.4126696288585663,11199600,0.0,0.0
1987-01-07 00:00:00-05:00,0.41911792755126953,0.41911792755126953,0.41266990281460336,0.41911792755126953,568800,0.0,0.0
1987-01-08 00:00:00-05:00,0.4191180485042187,0.42878982551952904,0.4158937999962122,0.42556604743003845,10944000,0.0,0.0
1987-01-09 00:00:00-05:00,0.4287896519505913,0.44490947670996334,0.42234162796317737,0.43846145272254944,2890800,0.0,0.0
1987-01-12 00:00:00-05:00,0.44490957260131836,0.44813382049911016,0.4384615472241616,0.44490957260131836,1864800,0.0,0.0
1987-01-13 00:00:00-05:00,0.4384613112032169,0.4416855573654175,0.4223414916467352,0.4416855573654175,8092800,0.0,0.0
1987-01-14 00:00:00-05:00,0.4416855951812533,0.4497454918137304,0.43846134874300213,0.4481336176395416,4636800,0.0,0.0
1987-01-15 00:00:00-05:00,0.4416855573654175,0.44974545330782967,0.4416855573654175,0.4416855573654175,1861200,0.0,0.0
1987-01-16 00:00:00-05:00,0.44168563181496484,0.4449094081023843,0.4223415628356893,0.42878958582878113,2127600,0.0,0.0
1987-01-19 00:00:00-05:00,0.42878982551952904,0.42878982551952904,0.4223417989220319,0.42556604743003845,3895200,0.0,0.0
1987-01-20 00:00:00-05:00,0.42878982551952904,0.43201407402753556,0.4223417989220319,0.42556604743003845,12412800,0.0,0.0
1987-01-21 00:00:00-05:00,0.42556604743003845,0.42878982551952904,0.42395370180261593,0.42556604743003845,1612800,0.0,0.0
1987-01-22 00:00:00-05:00,0.4287896519505913,0.43846145272254944,0.4255658751660471,0.43846145272254944,3956400,0.0,0.0
1987-01-23 00:00:00-05:00,0.4384613112032169,0.4416855573654175,0.43523753545919003,0.4416855573654175,7009200,0.0,0.0
1987-01-26 00:00:00-05:00,0.43846145272254944,0.4416856999254191,0.43846145272254944,0.43846145272254944,2862000,0.0,0.0
1987-01-27 00:00:00-05:00,0.4416856999254191,0.4416856999254191,0.43846145272254944,0.43846145272254944,3218400,0.0,0.0
1987-01-28 00:00:00-05:00,0.4416859436146209,0.4416859436146209,0.432014137506485,0.432014137506485,5047200,0.0,0.0
1987-01-29 00:00:00-05:00,0.43523771564726776,0.43523771564726776,0.42556591399289506,0.43040159344673157,7599600,0.0,0.0
1987-01-30 00:00:00-05:00,0.432014137506485,0.432014137506485,0.4255661099615327,0.432014137506485,417600,0.0,0.0
1987-02-02 00:00:00-05:00,0.432014137506485,0.432014137506485,0.42878988852471633,0.432014137506485,1198800,0.0,0.0
1987-02-03 00:00:00-05:00,0.43201375971516315,0.4416855573654175,0.4287895135529626,0.4416855573654175,15750000,0.0,0.0
1987-02-04 00:00:00-05:00,0.43523753545919003,0.44490933310944436,0.43523753545919003,0.4416855573654175,6534000,0.0,0.0
1987-02-05 00:00:00-05:00,0.4449096201418644,0.4578056446025026,0.4416858423180247,0.4529695212841034,13348800,0.0,0.0
1987-02-06 00:00:00-05:00,0.4481338943598349,0.4545818931280685,0.4287898150401039,0.4336259663105011,20145600,0.0,0.0
1987-02-09 00:00:00-05:00,0.42878973910642104,0.4320139869646516,0.3739822850440568,0.38365408778190613,62640000,0.0,0.0
1987-02-10 00:00:00-05:00,0.3868778944015503,0.39010214250296615,0.383654116718591,0.3868778944015503,15814800,0.0,0.0
1987-02-11 00:00:00-05:00,0.3868778944015503,0.3933258925142515,0.383654116718591,0.3868778944015503,6307200,0.0,0.0
1987-02-12 00:00:00-05:00,0.39332587031997784,0.39977389574050903,0.39010212049059967,0.39977389574050903,9831600,0.0,0.0
1987-02-13 00:00:00-05:00,0.39977389574050903,0.4029981436599896,0.39332587031997784,0.39977389574050903,3672000,0.0,0.0
1987-02-17 00:00:00-05:00,0.3997739565190005,0.3997739565190005,0.393325930118162,0.39655017852783203,6872400,0.0,0.0
1987-02-18 00:00:00-05:00,0.3933258628480837,0.39655011070631424,0.3820421852261655,0.38365408778190613,2923200,0.0,0.0
1987-02-19 00:00:00-05:00,0.38043004404126407,0.393326073884964,0.38043004404126407,0.393326073884964,6753600,0.0,0.0
1987-02-20 00:00:00-05:00,0.39171399540528873,0.39977389574050903,0.39171399540528873,0.39977389574050903,4309200,0.0,0.0
1987-02-23 00:00:00-05:00,0.393326073884964,0.39977410264265734,0.3836542936294475,0.393326073884964,2880000,0.0,0.0
1987-02-24 00:00:00-05:00,0.3933258214888011,0.39655006900799317,0.38526592215421274,0.3949377238750458,5572800,0.0,0.0
1987-02-25 00:00:00-05:00,0.39655006900799317,0.39977384610881367,0.39010207205964953,0.3949377238750458,5954400,0.0,0.0
1987-02-26 00:00:00-05:00,0.39977389574050903,0.4013857983268705,0.39332587031997784,0.39977389574050903,6174000,0.0,0.0
1987-02-27 00:00:00-05:00,0.3965503234731474,0.39977410264265734,0.393326073884964,0.393326073884964,4280400,0.0,0.0
1987-03-02 00:00:00-05:00,0.39332568777297283,0.3965499341960434,0.39010193943977356,0.39010193943977356,1191600,0.0,0.0
1987-03-03 00:00:00-05:00,0.3965503234731474,0.3965503234731474,0.39010232238714077,0.393326073884964,7549200,0.0,0.0
1987-03-04 00:00:00-05:00,0.39655017852783203,0.39655017852783203,0.393325930118162,0.39655017852783203,8355600,0.0,0.0
1987-03-05 00:00:00-05:00,0.3933257886422642,0.40622183680534363,0.3933257886422642,0.40622183680534363,8812800,0.0,0.0
1987-03-06 00:00:00-05:00,0.4029981436599896,0.40622192116104017,0.3981620208258199,0.39977389574050903,3898800,0.0,0.0
1987-03-09 00:00:00-05:00,0.39010193943977356,0.4029979566239727,0.39010193943977356,0.39010193943977356,3528000,0.0,0.0
1987-03-10 00:00:00-05:00,0.39010193943977356,0.39332568777297283,0.39010193943977356,0.39010193943977356,1818000,0.0,0.0
1987-03-11 00:00:00-05:00,0.3901018942638538,0.3933256422237255,0.3901018942638538,0.3917137682437897,10566000,0.0,0.0
1987-03-12 00:00:00-05:00,0.3933258925142515,0.3933258925142515,0.3868778944015503,0.3868778944015503,1537200,0.0,0.0
1987-03-13 00:00:00-05:00,0.393326073884964,0.393326073884964,0.38687807279895736,0.393326073884964,9075600,0.0,0.0
1987-03-16 00:00:00-05:00,0.39010193943977356,0.3965499341960434,0.38687769301670305,0.39010193943977356,7113600,0.0,0.0
1987-03-17 00:00:00-05:00,0.393326073884964,0.393326073884964,0.39010232238714077,0.393326073884964,928800,0.0,0.0
1987-03-18 00:00:00-05:00,0.393326073884964,0.393326073884964,0.39010232238714077,0.393326073884964,2588400,0.0,0.0
1987-03-19 00:00:00-05:00,0.393326073884964,0.3965503234731474,0.39010232238714077,0.393326073884964,18662400,0.0,0.0
1987-03-20 00:00:00-05:00,0.39010193943977356,0.3965499341960434,0.38687769301670305,0.39010193943977356,3517200,0.0,0.0
1987-03-23 00:00:00-05:00,0.39332582025433993,0.39332582025433993,0.3707579970359802,0.3707579970359802,12679200,0.0,0.0
1987-03-24 00:00:00-05:00,0.37720611583628705,0.3836541420463424,0.37075808962623164,0.3804298937320709,10504800,0.0,0.0
1987-03-25 00:00:00-05:00,0.3836541420463424,0.3836541420463424,0.3739823379405031,0.3804298937320709,3758400,0.0,0.0
1987-03-26 00:00:00-05:00,0.37398215384770594,0.38042970646546453,0.3675341308116913,0.3675341308116913,15570000,0.0,0.0
1987-03-27 00:00:00-05:00,0.37398215384770594,0.37398215384770594,0.3675341308116913,0.3675341308116913,2682000,0.0,0.0
1987-03-30 00:00:00-05:00,0.36753433380982187,0.36753433380982187,0.35463830828666687,0.35463830828666687,6656400,0.0,0.0
1987-03-31 00:00:00-05:00,0.36108630895614624,0.36108630895614624,0.35463828282173293,0.36108630895614624,1083600,0.0,0.0
1987-04-01 00:00:00-05:00,0.3578618887202034,0.3675341308116913,0.3546381124113241,0.3675341308116913,2628000,0.0,0.0
1987-04-02 00:00:00-05:00,0.3675341966962438,0.3739822208881378,0.3643099493911266,0.3739822208881378,6066000,0.0,0.0
1987-04-03 00:00:00-05:00,0.3675343117304477,0.3804298937320709,0.3675343117304477,0.3804298937320709,4435200,0.0,0.0
1987-04-06 00:00:00-04:00,0.38042983992367563,0.38365408778190613,0.3772060624838662,0.38365408778190613,13690800,0.0,0.0
1987-04-07 00:00:00-04:00,0.3836541420463424,0.3836541420463424,0.375594240724233,0.3804298937320709,11199600,0.0,0.0
1987-04-08 00:00:00-04:00,0.37398215384770594,0.37720593015658527,0.3675341308116913,0.3675341308116913,8758800,0.0,0.0
1987-04-09 00:00:00-04:00,0.36753415388911914,0.36753415388911914,0.3643099069595337,0.3643099069595337,4842000,0.0,0.0
1987-04-10 00:00:00-04:00,0.36430988408455595,0.3675341308116913,0.36108613544733875,0.3675341308116913,3193200,0.0,0.0
1987-04-13 00:00:00-04:00,0.3659218090510155,0.36753415388911914,0.35786191119031224,0.3643099069595337,4748400,0.0,0.0
1987-04-14 00:00:00-04:00,0.3610862133171575,0.3643099626495903,0.3546381888905982,0.3578619658946991,7110000,0.0,0.0
1987-04-15 00:00:00-04:00,0.35463830828666687,0.3610863348840831,0.3514140597787008,0.35463830828666687,1339200,0.0,0.0
1987-04-16 00:00:00-04:00,0.35302640540610314,0.35463830828666687,0.3514140597787008,0.35463830828666687,4309200,0.0,0.0
1987-04-20 00:00:00-04:00,0.35463830828666687,0.35463830828666687,0.3514140597787008,0.35463830828666687,1411200,0.0,0.0
1987-04-21 00:00:00-04:00,0.35463812263836864,0.35463812263836864,0.3449663230145596,0.35141387581825256,4672800,0.0,0.0
1987-04-22 00:00:00-04:00,0.35141387581825256,0.35141387581825256,0.3481900994164061,0.35141387581825256,3240000,0.0,0.0
1987-04-23 00:00:00-04:00,0.35141390547718265,0.35141390547718265,0.3433540072098822,0.3481901288032532,7884000,0.0,0.0
1987-04-24 00:00:00-04:00,0.3481902417260226,0.3675342916263975,0.34496646400657865,0.35947439074516296,3117600,0.0,0.0
1987-04-27 00:00:00-04:00,0.36430989333698616,0.3675341401460082,0.357861897808873,0.3659217953681946,4363200,0.0,0.0
1987-04-28 00:00:00-04:00,0.3643099493911266,0.3739822208881378,0.3643099493911266,0.3739822208881378,6141600,0.0,0.0
1987-04-29 00:00:00-04:00,0.37398224454505297,0.37398224454505297,0.3707579970359802,0.3707579970359802,1440000,0.0,0.0
1987-04-30 00:00:00-04:00,0.3739823379405031,0.3836541420463424,0.37075808962623164,0.3804298937320709,6879600,0.0,0.0
1987-05-01 00:00:00-04:00,0.3836541420463424,0.3836541420463424,0.3804298937320709,0.3804298937320709,1126800,0.0,0.0
1987-05-04 00:00:00-04:00,0.38365408778190613,0.38365408778190613,0.3772060624838662,0.38365408778190613,511200,0.0,0.0
1987-05-05 00:00:00-04:00,0.38687787257111905,0.39977389574050903,0.38042984715058786,0.39977389574050903,1566000,0.0,0.0
1987-05-06 00:00:00-04:00,0.39655017852783203,0.3997739565190005,0.393325930118162,0.39655017852783203,3855600,0.0,0.0
1987-05-07 00:00:00-04:00,0.3997738127379715,0.4094456136514577,0.3933257886562033,0.40299805998802185,11048400,0.0,0.0
1987-05-08 00:00:00-04:00,0.4029981664000425,0.4029981664000425,0.3868778944015503,0.3868778944015503,1735200,0.0,0.0
1987-05-11 00:00:00-04:00,0.3868777988535854,0.39010204615870264,0.3739822208881378,0.3739822208881378,2250000,0.0,0.0
1987-05-12 00:00:00-04:00,0.3772059977054596,0.3772059977054596,0.37075797351475287,0.3772059977054596,6883200,0.0,0.0
1987-05-13 00:00:00-04:00,0.3772059977054596,0.3772059977054596,0.3739822208192764,0.3772059977054596,608400,0.0,0.0
1987-05-14 00:00:00-04:00,0.3772060909342159,0.3868778944015503,0.3772060909342159,0.3868778944015503,1861200,0.0,0.0
1987-05-15 00:00:00-04:00,0.3804297745916428,0.3868777987823495,0.3772059977054596,0.3772059977054596,8398800,0.0,0.0
1987-05-18 00:00:00-04:00,0.3772060115027088,0.38042978850680975,0.3578619658946991,0.3578619658946991,1256400,0.0,0.0
1987-05-19 00:00:00-04:00,0.36430992533785417,0.36430992533785417,0.3481901288032532,0.3481901288032532,774000,0.0,0.0
1987-05-20 00:00:00-04:00,0.3449664788293541,0.36108630895614624,0.3449664788293541,0.36108630895614624,885600,0.0,0.0
1987-05-21 00:00:00-04:00,0.3610862133171575,0.3643099626495903,0.3578619658946991,0.3578619658946991,1152000,0.0,0.0
1987-05-22 00:00:00-04:00,0.3610861458603312,0.3610861458603312,0.35141387581825256,0.35141387581825256,2750400,0.0,0.0
1987-05-26 00:00:00-04:00,0.3562499867299327,0.3675341308116913,0.3562499867299327,0.3675341308116913,4384800,0.0,0.0
1987-05-27 00:00:00-04:00,0.3643099724362049,0.3707579970359802,0.3643099724362049,0.3707579970359802,536400,0.0,0.0
1987-05-28 00:00:00-04:00,0.3707579970359802,0.37398224454505297,0.36753421994527763,0.3707579970359802,1609200,0.0,0.0
1987-05-29 00:00:00-04:00,0.3675341308116913,0.3707579071205706,0.3675341308116913,0.3675341308116913,421200,0.0,0.0
1987-06-01 00:00:00-04:00,0.3675342944001113,0.3772060980498963,0.3675342944001113,0.3723699748516083,1000800,0.0,0.0
1987-06-02 00:00:00-04:00,0.3723699748516083,0.3739823203061231,0.3723699748516083,0.3723699748516083,180000,0.0,0.0
1987-06-03 00:00:00-04:00,0.3723699748516083,0.37559422301384693,0.3723699748516083,0.3723699748516083,1173600,0.0,0.0
1987-06-04 00:00:00-04:00,0.37236987586224257,0.3739822208881378,0.3707579735830206,0.3739822208881378,172800,0.0,0.0
1987-06-05 00:00:00-04:00,0.3739823203061231,0.3739823203061231,0.3723699748516083,0.3723699748516083,201600,0.0,0.0
1987-06-08 00:00:00-04:00,0.3757895529270172,0.3806277205155874,0.374176811940117,0.3757895529270172,1620000,0.000417,0.0
1987-06-09 00:00:00-04:00,0.3790149965825241,0.391917755640245,0.3790149965825241,0.3903050422668457,2120400,0.0,0.0
1987-06-10 00:00:00-04:00,0.3919176660119906,0.39836904406547546,0.39030495300740514,0.39836904406547546,342000,0.0,0.0
1987-06-11 00:00:00-04:00,0.39998163556749977,0.39998163556749977,0.3870789110660553,0.3870789110660553,1098000,0.0,0.0
1987-06-12 00:00:00-04:00,0.391917755640245,0.39353046901364425,0.38707911717085025,0.3903050422668457,1335600,0.0,0.0
1987-06-15 00:00:00-04:00,0.391917755640245,0.39353046901364425,0.3903050422668457,0.3903050422668457,435600,0.0,0.0
1987-06-16 00:00:00-04:00,0.3919176558421942,0.39353036880493164,0.38869220223065987,0.39353036880493164,165600,0.0,0.0
1987-06-17 00:00:00-04:00,0.39353036880493164,0.39353036880493164,0.38869220223065987,0.39353036880493164,374400,0.0,0.0
1987-06-18 00:00:00-04:00,0.3967563941096397,0.3967563941096397,0.3903050422668457,0.3903050422668457,514800,0.0,0.0
1987-06-19 00:00:00-04:00,0.39030488968309685,0.39030488968309685,0.38224077224731445,0.38224077224731445,802800,0.0,0.0
1987-06-22 00:00:00-04:00,0.3854663761113845,0.391917755640245,0.3854663761113845,0.3903050422668457,1285200,0.0,0.0
1987-06-23 00:00:00-04:00,0.3886922589681756,0.3967563509941101,0.38546633422274157,0.3967563509941101,950400,0.0,0.0
1987-06-24 00:00:00-04:00,0.39836913516910544,0.39836913516910544,0.38869230120737996,0.3903050422668457,2840400,0.0,0.0
1987-06-25 00:00:00-04:00,0.3903050422668457,0.391917755640245,0.3903050422668457,0.3903050422668457,1130400,0.0,0.0
1987-06-26 00:00:00-04:00,0.3903050422668457,0.39353046901364425,0.3903050422668457,0.3903050422668457,2746800,0.0,0.0
1987-06-29 00:00:00-04:00,0.38869231939315796,0.39191777397693256,0.3854663941462309,0.38869231939315796,194400,0.0,0.0
1987-06-30 00:00:00-04:00,0.3870789110660553,0.3870789110660553,0.3854661708653124,0.3870789110660553,3805200,0.0,0.0
1987-07-01 00:00:00-04:00,0.3870789583926161,0.3870789583926161,0.3806275815100845,0.38546621799468994,4021200,0.0,0.0
1987-07-02 00:00:00-04:00,0.38224099218264634,0.3870791885673796,0.3790150664916308,0.3838537335395813,3031200,0.0,0.0
1987-07-06 00:00:00-04:00,0.38546651538775334,0.38546651538775334,0.37256377935409546,0.37256377935409546,633600,0.0,0.0
1987-07-07 00:00:00-04:00,0.3661122611420054,0.3661122611420054,0.3548227139323494,0.3612740933895111,2383200,0.0,0.0
1987-07-08 00:00:00-04:00,0.3580481567470837,0.3612740817028736,0.3580481567470837,0.359661340713501,2883600,0.0,0.0
1987-07-09 00:00:00-04:00,0.3580481376026289,0.3580481376026289,0.3532099425792694,0.3532099425792694,871200,0.0,0.0
1987-07-10 00:00:00-04:00,0.3532099425792694,0.3548226834824105,0.35159675869910734,0.3532099425792694,4644000,0.0,0.0
1987-07-13 00:00:00-04:00,0.3499839130410303,0.3532098368587707,0.34837120030665986,0.3515966534614563,367200,0.0,0.0
1987-07-14 00:00:00-04:00,0.3532099425792694,0.3532099425792694,0.34837130457888893,0.3532099425792694,1774800,0.0,0.0
1987-07-15 00:00:00-04:00,0.35320996146503103,0.359661340713501,0.35159677749861373,0.359661340713501,3049200,0.0,0.0
1987-07-16 00:00:00-04:00,0.35804816832936764,0.3612740933895111,0.35643542728782546,0.3612740933895111,172800,0.0,0.0
1987-07-17 00:00:00-04:00,0.3596614148650647,0.37417688965797424,0.3580482305660564,0.37417688965797424,1972800,0.0,0.0
1987-07-20 00:00:00-04:00,0.37417689779296914,0.3838537335395813,0.37256371345888856,0.3838537335395813,1627200,0.0,0.0
1987-07-21 00:00:00-04:00,0.38062780784856576,0.38546644721044465,0.3790150664916308,0.3838537335395813,457200,0.0,0.0
1987-07-22 00:00:00-04:00,0.37901505825144904,0.37901505825144904,0.37256370535896594,0.37417688965797424,1980000,0.0,0.0
1987-07-23 00:00:00-04:00,0.3774022852920925,0.3790149986743927,0.3741768308414255,0.3790149986743927,572400,0.0,0.0
1987-07-24 00:00:00-04:00,0.3790150102328538,0.3822409354450318,0.3757895833698906,0.38062775135040283,1803600,0.0,0.0
1987-07-27 00:00:00-04:00,0.3806277205155874,0.3806277205155874,0.3757895529270172,0.3757895529270172,410400,0.0,0.0
1987-07-28 00:00:00-04:00,0.3774024195717827,0.3774024195717827,0.37095103771191557,0.37256377935409546,1544400,0.0,0.0
1987-07-29 00:00:00-04:00,0.37417684225234155,0.38062775135040283,0.37095091704016353,0.38062775135040283,2199600,0.0,0.0
1987-07-30 00:00:00-04:00,0.38062775135040283,0.3822409354450318,0.38062775135040283,0.38062775135040283,1026000,0.0,0.0
1987-07-31 00:00:00-04:00,0.38062775135040283,0.38385367656258085,0.38062775135040283,0.38062775135040283,403200,0.0,0.0
1987-08-03 00:00:00-04:00,0.3806275888414342,0.3854662254192377,0.3806275888414342,0.38224077224731445,838800,0.0,0.0
1987-08-04 00:00:00-04:00,0.3822409354450318,0.3854663899940624,0.37740229680137216,0.38062775135040283,2739600,0.0,0.0
1987-08-05 00:00:00-04:00,0.3790149592127731,0.3806277001132274,0.37417679188353775,0.37740224599838257,2541600,0.0,0.0
1987-08-06 00:00:00-04:00,0.3806277001132274,0.3806277001132274,0.3757895327839921,0.37740224599838257,590400,0.0,0.0
1987-08-07 00:00:00-04:00,0.3757895833698906,0.3854663899940624,0.37417684225234155,0.38062775135040283,4014000,0.0,0.0
1987-08-10 00:00:00-04:00,0.3838535552863547,0.3919176459312439,0.3822408146783413,0.3919176459312439,1382400,0.0,0.0
1987-08-11 00:00:00-04:00,0.39514309946121184,0.39836902365417853,0.38869219240127595,0.3919176459312439,2602800,0.0,0.0
1987-08-12 00:00:00-04:00,0.39030495300740514,0.3999817570700609,0.38869221231675954,0.39836904406547546,3600000,0.0,0.0
1987-08-13 00:00:00-04:00,0.3983690338788338,0.4354640622114625,0.3983690338788338,0.4322386085987091,6336000,0.0,0.0
1987-08-14 00:00:00-04:00,0.4322387998233758,0.4322387998233758,0.4241742347406955,0.42578741908073425,5266800,0.0,0.0
1987-08-17 00:00:00-04:00,0.4241742073753627,0.4306255877017975,0.4225614661165162,0.4306255877017975,763200,0.0,0.0
1987-08-18 00:00:00-04:00,0.4322388145292686,0.43546426967871826,0.42094879402276103,0.4241742491722107,446400,0.0,0.0
1987-08-19 00:00:00-04:00,0.4290128741204456,0.4290128741204456,0.422561493377804,0.42578741908073425,4266000,0.0,0.0
1987-08-20 00:00:00-04:00,0.42740010121051086,0.438689649105072,0.42740010121051086,0.438689649105072,990000,0.0,0.0
1987-08-21 00:00:00-04:00,0.4403028658369741,0.449979700995032,0.4306255877017975,0.4306255877017975,1422000,0.0,0.0
1987-08-24 00:00:00-04:00,0.43062565296377214,0.4370770065818495,0.43062565296377214,0.4354642927646637,1256400,0.0,0.0
1987-08-25 00:00:00-04:00,0.4322386085987091,0.4354640622114625,0.4306254249723514,0.4322386085987091,579600,0.0,0.0
1987-08-26 00:00:00-04:00,0.4354643017877492,0.43707701563835144,0.43062566188659807,0.43707701563835144,1098000,0.0,0.0
1987-08-27 00:00:00-04:00,0.4370769079656893,0.438689649105072,0.432238739919677,0.438689649105072,406800,0.0,0.0
1987-08-28 00:00:00-04:00,0.43546424543101564,0.43546424543101564,0.42901286482810974,0.42901286482810974,2948400,0.0,0.0
1987-08-31 00:00:00-04:00,0.4273999030694167,0.4273999030694167,0.41288443664832347,0.4161098897457123,918000,0.0,0.0
1987-09-01 00:00:00-04:00,0.4193359315395355,0.4257872825271018,0.4193359315395355,0.4193359315395355,1083600,0.0,0.0
1987-09-02 00:00:00-04:00,0.42256125807762146,0.42417399854247007,0.4193358325200368,0.42256125807762146,4446000,0.0,0.0
1987-09-03 00:00:00-04:00,0.4225612180275518,0.4225612180275518,0.4193357927756708,0.42094850540161133,885600,0.0,0.0
1987-09-04 00:00:00-04:00,0.4254784882068634,0.4254784882068634,0.4238607879772131,0.4254784882068634,21600,0.002778,0.0
1987-09-08 00:00:00-04:00,0.42871424663985536,0.42871424663985536,0.41415414214134216,0.41415414214134216,795600,0.0,0.0
1987-09-09 00:00:00-04:00,0.4109183851758689,0.4109183851758689,0.40606533997734695,0.40930068492889404,666000,0.0,0.0
1987-09-10 00:00:00-04:00,0.4109184137632352,0.4157719314098358,0.4109184137632352,0.4157719314098358,72000,0.0,0.0
1987-09-11 00:00:00-04:00,0.4173893947790616,0.4222429096698761,0.4173893947790616,0.4222429096698761,140400,0.0,0.0
1987-09-14 00:00:00-04:00,0.42224311551876387,0.42709663277572973,0.42224311551876387,0.4254784882068634,950400,0.0,0.0
1987-09-15 00:00:00-04:00,0.42547830907999945,0.42547830907999945,0.422242937753995,0.4238606095314026,885600,0.0,0.0
1987-09-16 00:00:00-04:00,0.4222429711205563,0.4222429711205563,0.41738945552339063,0.4206252992153168,378000,0.0,0.0
1987-09-17 00:00:00-04:00,0.4190075995388858,0.4206252992153168,0.41738945552339063,0.4206252992153168,1076400,0.0,0.0
1987-09-18 00:00:00-04:00,0.4222430610313556,0.423860733281056,0.41900768876075745,0.41900768876075745,1339200,0.0,0.0
1987-09-21 00:00:00-04:00,0.42062526597658745,0.4238606095314026,0.4190075664279906,0.4238606095314026,612000,0.0,0.0
1987-09-22 00:00:00-04:00,0.42062535832431613,0.42062535832431613,0.41415414214134216,0.41415414214134216,190800,0.0,0.0
1987-09-23 00:00:00-04:00,0.4173895444007009,0.4222430610313556,0.4173895444007009,0.41900768876075745,288000,0.0,0.0
1987-09-24 00:00:00-04:00,0.42062517599211635,0.42062517599211635,0.4173893332481384,0.4173893332481384,115200,0.0,0.0
1987-09-25 00:00:00-04:00,0.4173893332481384,0.4173893332481384,0.4173893332481384,0.4173893332481384,813600,0.0,0.0
1987-09-28 00:00:00-04:00,0.42062517599211635,0.42062517599211635,0.4173893332481384,0.4173893332481384,561600,0.0,0.0
1987-09-29 00:00:00-04:00,0.4206252992153168,0.4206252992153168,0.4206252992153168,0.4206252992153168,154800,0.0,0.0
1987-09-30 00:00:00-04:00,0.4238606095314026,0.42547830907999945,0.42062526597658745,0.4238606095314026,392400,0.0,0.0
1987-10-01 00:00:00-04:00,0.4222429096698761,0.4270964245606906,0.4222429096698761,0.4222429096698761,151200,0.0,0.0
1987-10-02 00:00:00-04:00,0.42709672451019287,0.42871442508730284,0.42709672451019287,0.42709672451019287,633600,0.0,0.0
1987-10-05 00:00:00-04:00,0.42709672451019287,0.42709672451019287,0.42709672451019287,0.42709672451019287,61200,0.0,0.0
1987-10-06 00:00:00-04:00,0.4303320978932058,0.4319497984703158,0.42709672451019287,0.42709672451019287,277200,0.0,0.0
1987-10-07 00:00:00-04:00,0.42709645296762533,0.42709645296762533,0.422242937753995,0.4238606095314026,273600,0.0,0.0
1987-10-08 00:00:00-04:00,0.4254784024932074,0.4254784024932074,0.41415414214134216,0.41415414214134216,424800,0.0,0.0
1987-10-09 00:00:00-04:00,0.4173895141776682,0.4222430304568814,0.41415414214134216,0.41415414214134216,399600,0.0,0.0
1987-10-12 00:00:00-04:00,0.4141540839417201,0.4206252992153168,0.4109182402497939,0.4206252992153168,190800,0.0,0.0
1987-10-13 00:00:00-04:00,0.42386061465218705,0.43680304433300265,0.42386061465218705,0.43356767296791077,1080000,0.0,0.0
1987-10-14 00:00:00-04:00,0.43680301000332006,0.43680301000332006,0.4222429096698761,0.4222429096698761,316800,0.0,0.0
1987-10-15 00:00:00-04:00,0.4206251525825321,0.4335675508467261,0.4157716109061525,0.4287140369415283,1177200,0.0,0.0
1987-10-16 00:00:00-04:00,0.43356776291906857,0.43356776291906857,0.41415414214134216,0.41415414214134216,4507200,0.0,0.0
1987-10-19 00:00:00-04:00,0.3995939753468186,0.3995939753468186,0.3542959690093994,0.3542959690093994,2196000,0.0,0.0
1987-10-20 00:00:00-04:00,0.336500140834384,0.339735985608353,0.3300289511680603,0.3300289511680603,604800,0.0,0.0
1987-10-21 00:00:00-04:00,0.34944251267772425,0.3656202895270145,0.34944251267772425,0.3607672452926636,3189600,0.0,0.0
1987-10-22 00:00:00-04:00,0.36238494333026994,0.36238494333026994,0.3365000783840862,0.338117778301239,6526800,0.0,0.0
1987-10-23 00:00:00-04:00,0.33811786693363105,0.3429713845252991,0.3316471211112046,0.3429713845252991,1533600,0.0,0.0
1987-10-26 00:00:00-05:00,0.34944233045167356,0.34944233045167356,0.3397357471632051,0.3413534462451935,1360800,0.0,0.0
1987-10-27 00:00:00-05:00,0.3413535343450793,0.34944242063921893,0.3413535343450793,0.34458890557289124,1148400,0.0,0.0
1987-10-28 00:00:00-05:00,0.336499932196054,0.336499932196054,0.3300287465420264,0.3332645893096924,2343600,0.0,0.0
1987-10-29 00:00:00-05:00,0.3332646781432468,0.35106012406668674,0.3332646781432468,0.3494424521923065,1116000,0.0,0.0
1987-10-30 00:00:00-05:00,0.38826939752120543,0.39150524243742146,0.3753274341876439,0.3850340247154236,4608000,0.0,0.0
1987-11-02 00:00:00-05:00,0.38179817979920755,0.3850340247154236,0.37856280699342576,0.3850340247154236,396000,0.0,0.0
1987-11-03 00:00:00-05:00,0.38341614055780937,0.38341614055780937,0.3656201962144416,0.3672378957271576,3265200,0.0,0.0
1987-11-04 00:00:00-05:00,0.3623849728404886,0.37209153415938667,0.36076727279160103,0.36885616183280945,5655600,0.0,0.0
1987-11-05 00:00:00-05:00,0.36885612942523965,0.3720915014675582,0.36562028527259827,0.36562028527259827,586800,0.0,0.0
1987-11-06 00:00:00-05:00,0.36562028527259827,0.36885612942523965,0.3640026131370367,0.36562028527259827,3502800,0.0,0.0
1987-11-09 00:00:00-05:00,0.36723798945259534,0.36723798945259534,0.3607672452926636,0.3607672452926636,478800,0.0,0.0
1987-11-10 00:00:00-05:00,0.3591490968488338,0.3672379851793553,0.35753139694207675,0.36562028527259827,2037600,0.0,0.0
1987-11-11 00:00:00-05:00,0.3753273737827234,0.38179811835289,0.3753273737827234,0.38179811835289,1900800,0.0,0.0
1987-11-12 00:00:00-05:00,0.38179817979920755,0.38665169723271353,0.38179817979920755,0.3850340247154236,586800,0.0,0.0
1987-11-13 00:00:00-05:00,0.3882691556367439,0.3882691556367439,0.38503378484653794,0.3866514563560486,1627200,0.0,0.0
1987-11-16 00:00:00-05:00,0.3915050624801239,0.40121162077503253,0.3915050624801239,0.39797624945640564,320400,0.0,0.0
1987-11-17 00:00:00-05:00,0.3947405566746348,0.3947405566746348,0.38826936722871636,0.3898875117301941,1515600,0.0,0.0
1987-11-18 00:00:00-05:00,0.3882692450905671,0.39474043250083923,0.3882692450905671,0.39474043250083923,244800,0.0,0.0
1987-11-19 00:00:00-05:00,0.3963581055724696,0.39959394900131373,0.38826921905127976,0.39797624945640564,1389600,0.0,0.0
1987-11-20 00:00:00-05:00,0.3947404060275615,0.39797624945640564,0.3915050624801239,0.39797624945640564,414000,0.0,0.0
1987-11-23 00:00:00-05:00,0.39474043270811715,0.4012116478929784,0.39474043270811715,0.3963581323623657,2383200,0.0,0.0
1987-11-24 00:00:00-05:00,0.39959412570201625,0.40121179819107056,0.3979764254417604,0.40121179819107056,540000,0.0,0.0
1987-11-25 00:00:00-05:00,0.3979762761466953,0.3979762761466953,0.39474043250083923,0.39474043250083923,360000,0.0,0.0
1987-11-27 00:00:00-05:00,0.39959394900131373,0.40121162077503253,0.3947404060275615,0.39797624945640564,284400,0.0,0.0
1987-11-30 00:00:00-05:00,0.38988754069810083,0.38988754069810083,0.3801804780960083,0.3801804780960083,666000,0.0,0.0
1987-12-01 00:00:00-05:00,0.3817979718229547,0.3898873297661725,0.3817979718229547,0.38826918601989746,1191600,0.0,0.0
1987-12-02 00:00:00-05:00,0.3834162067326971,0.3866515785453425,0.37694501876831055,0.37694501876831055,874800,0.0,0.0
1987-12-03 00:00:00-05:00,0.38179812316311956,0.3834162675508075,0.37532737851142883,0.37532737851142883,1566000,0.0,0.0
1987-12-04 00:00:00-05:00,0.3704738335774054,0.3704738335774054,0.36238494515419006,0.36238494515419006,478800,0.0,0.0
1987-12-07 00:00:00-05:00,0.3620604610895868,0.3620604610895868,0.35394210321916414,0.35881301760673523,450000,0.002778,0.0
1987-12-08 00:00:00-05:00,0.360436350107193,0.360436350107193,0.3571893819248868,0.360436350107193,288000,0.0,0.0
1987-12-09 00:00:00-05:00,0.3620604030568188,0.37991966710522573,0.3620604030568188,0.3782961964607239,417600,0.0,0.0
1987-12-10 00:00:00-05:00,0.3766727512088298,0.3929085469085549,0.3766727512088298,0.38966110348701477,1220400,0.0,0.0
1987-12-11 00:00:00-05:00,0.38966110348701477,0.3945320177826234,0.38966110348701477,0.38966110348701477,4716000,0.0,0.0
1987-12-14 00:00:00-05:00,0.38479056548878016,0.39940285979934353,0.38479056548878016,0.3961554169654846,579600,0.0,0.0
1987-12-15 00:00:00-05:00,0.3994028487325826,0.40427331607992933,0.3929084649181252,0.3945319354534149,1555200,0.0,0.0
1987-12-16 00:00:00-05:00,0.3912849773539252,0.3961554169654846,0.3912849773539252,0.3961554169654846,730800,0.0,0.0
1987-12-17 00:00:00-05:00,0.40102644483593486,0.40102644483593486,0.3912850618362427,0.3912850618362427,1080000,0.0,0.0
1987-12-18 00:00:00-05:00,0.3912849773539252,0.3961554169654846,0.3896610329710792,0.3961554169654846,730800,0.0,0.0
1987-12-21 00:00:00-05:00,0.39290851469457944,0.4010263979434967,0.39290851469457944,0.4010263979434967,302400,0.0,0.0
1987-12-22 00:00:00-05:00,0.4010263471386111,0.4010263471386111,0.3929084649181252,0.3945319354534149,2343600,0.0,0.0
1987-12-23 00:00:00-05:00,0.39453184194540775,0.397778810117162,0.38316651967473947,0.38641396164894104,2354400,0.0,0.0
1987-12-24 00:00:00-05:00,0.3896610112881919,0.39615539492121404,0.3896610112881919,0.3929084539413452,216000,0.0,0.0
1987-12-28 00:00:00-05:00,0.38966103514656325,0.38966103514656325,0.3766726851463318,0.3766726851463318,3211200,0.0,0.0
1987-12-29 00:00:00-05:00,0.3734252422943423,0.3799196541957458,0.37180177170500517,0.3766726851463318,291600,0.0,0.0
1987-12-30 00:00:00-05:00,0.3766726851463318,0.37829618360640865,0.3636838892142646,0.3766726851463318,1522800,0.0,0.0
1987-12-31 00:00:00-05:00,0.3734252402095029,0.3961554169654846,0.3734252402095029,0.3961554169654846,1785600,0.0,0.0
1988-01-04 00:00:00-05:00,0.3994028487325826,0.4010263471386111,0.3945319354534149,0.3945319354534149,543600,0.0,0.0
1988-01-05 00:00:00-05:00,0.3912850618362427,0.39777900130092075,0.3912850618362427,0.3912850618362427,716400,0.0,0.0
1988-01-06 00:00:00-05:00,0.39128487377365356,0.39453184194540775,0.38641396164894104,0.38641396164894104,514800,0.0,0.0
1988-01-07 00:00:00-05:00,0.3831666232451598,0.38641406609714923,0.3766726851463318,0.3766726851463318,817200,0.0,0.0
1988-01-08 00:00:00-05:00,0.3782961995886132,0.3782961995886132,0.37504875659942627,0.37504875659942627,579600,0.0,0.0
1988-01-11 00:00:00-05:00,0.3718017508274861,0.3750487196945754,0.3669308097889343,0.3701782524585724,493200,0.0,0.0
1988-01-12 00:00:00-05:00,0.37017835423395495,0.37017835423395495,0.3636839687824249,0.3636839687824249,331200,0.0,0.0
1988-01-13 00:00:00-05:00,0.36530743972695123,0.3669309106714775,0.3620604699671528,0.3636839687824249,2365200,0.0,0.0
1988-01-14 00:00:00-05:00,0.36043640228722446,0.3620603464805571,0.3539419911799736,0.3555659353733063,630000,0.0,0.0
1988-01-15 00:00:00-05:00,0.3571893456212483,0.3620602572667257,0.3523184061050415,0.3523184061050415,1116000,0.0,0.0
1988-01-18 00:00:00-05:00,0.35394197702407837,0.35556592115246144,0.35069500850157403,0.35394197702407837,226800,0.0,0.0
1988-01-19 00:00:00-05:00,0.3523184788274586,0.35556592115246144,0.35069500850157403,0.35394197702407837,957600,0.0,0.0
1988-01-20 00:00:00-05:00,0.35069510984356284,0.35394207930435895,0.3474481403827667,0.3474481403827667,180000,0.0,0.0
1988-01-21 00:00:00-05:00,0.3490716122747468,0.3490716122747468,0.3425772000486405,0.34420067071914673,932400,0.0,0.0
1988-01-22 00:00:00-05:00,0.3409536553354517,0.3490715650034781,0.3409536553354517,0.34582412242889404,1090800,0.0,0.0
1988-01-25 00:00:00-05:00,0.3474479863737419,0.3506949543952942,0.3474479863737419,0.3506949543952942,360000,0.0,0.0
1988-01-26 00:00:00-05:00,0.3523184788274586,0.35556592115246144,0.3523184788274586,0.35394197702407837,489600,0.0,0.0
1988-01-27 00:00:00-05:00,0.3539419911799736,0.35881290402567295,0.3539419911799736,0.3555659353733063,241200,0.0,0.0
1988-01-28 00:00:00-05:00,0.3555658838983676,0.360436350107193,0.3555658838983676,0.360436350107193,90000,0.0,0.0
1988-01-29 00:00:00-05:00,0.3636838364834278,0.3636838364834278,0.36043639410228784,0.3620603382587433,2844000,0.0,0.0
1988-02-01 00:00:00-05:00,0.3653073392907587,0.3766726639952998,0.3653073392907587,0.3701782524585724,3704400,0.0,0.0
1988-02-02 00:00:00-05:00,0.36855434442364776,0.37504875659942627,0.36855434442364776,0.37504875659942627,2527200,0.0,0.0
1988-02-03 00:00:00-05:00,0.37342525807076005,0.376672701059947,0.37342525807076005,0.37504875659942627,1630800,0.0,0.0
1988-02-04 00:00:00-05:00,0.3750487736900039,0.3766727182245261,0.3718018043554514,0.37342527508735657,100800,0.0,0.0
1988-02-05 00:00:00-05:00,0.3766727182245261,0.37991968755907857,0.3718018043554514,0.37342527508735657,2541600,0.0,0.0
1988-02-08 00:00:00-05:00,0.37504875659942627,0.376672701059947,0.37180178741283476,0.37504875659942627,986400,0.0,0.0
1988-02-09 00:00:00-05:00,0.3766727182245261,0.3766727182245261,0.3718018043554514,0.37342527508735657,370800,0.0,0.0
1988-02-10 00:00:00-05:00,0.3718017121439084,0.3734251824731723,0.3620603327536196,0.3653073012828827,9482400,0.0,0.0
1988-02-11 00:00:00-05:00,0.36530743972695123,0.36530743972695123,0.36043652521994746,0.3636839687824249,3812400,0.0,0.0
1988-02-12 00:00:00-05:00,0.3653073068373765,0.3653073068373765,0.3620603382587433,0.3620603382587433,140400,0.0,0.0
1988-02-16 00:00:00-05:00,0.36530726224773497,0.36530726224773497,0.360436350107193,0.360436350107193,104400,0.0,0.0
1988-02-17 00:00:00-05:00,0.360436350107193,0.36206029406542883,0.3555658838983676,0.360436350107193,2530800,0.0,0.0
1988-02-18 00:00:00-05:00,0.3571893819248868,0.360436350107193,0.3571893819248868,0.360436350107193,176400,0.0,0.0
1988-02-19 00:00:00-05:00,0.360436350107193,0.360436350107193,0.3555658838983676,0.360436350107193,936000,0.0,0.0
1988-02-22 00:00:00-05:00,0.36043639410228784,0.3620603382587433,0.35881289587760334,0.3620603382587433,2224800,0.0,0.0
1988-02-23 00:00:00-05:00,0.3620604699671528,0.3636839687824249,0.35881302640467533,0.3636839687824249,1022400,0.0,0.0
1988-02-24 00:00:00-05:00,0.3636839687824249,0.3636839687824249,0.3620604699671528,0.3636839687824249,5022000,0.0,0.0
1988-02-25 00:00:00-05:00,0.3620604699671528,0.36530743972695123,0.3620604699671528,0.3636839687824249,2620800,0.0,0.0
1988-02-26 00:00:00-05:00,0.36530740142760026,0.36693087220191956,0.36530740142760026,0.36693087220191956,100800,0.0,0.0
1988-02-29 00:00:00-05:00,0.3685543612182819,0.37342527508735657,0.36693086261563457,0.37342527508735657,2217600,0.0,0.0
1988-03-01 00:00:00-05:00,0.37667273749589003,0.37667273749589003,0.37180182337760925,0.37180182337760925,936000,0.0,0.0
1988-03-02 00:00:00-05:00,0.3701783246919003,0.37180182337760925,0.3669308813885848,0.37180182337760925,1371600,0.0,0.0
1988-03-03 00:00:00-05:00,0.37342529419257453,0.37504879287828347,0.36855438007429375,0.37180182337760925,1076400,0.0,0.0
1988-03-04 00:00:00-05:00,0.3701782732449283,0.37829618360640865,0.3701782732449283,0.3766726851463318,6285600,0.0,0.0
1988-03-07 00:00:00-05:00,0.37634659480254823,0.3812343640123149,0.37145927306776183,0.37308838963508606,921600,0.002778,0.0
1988-03-08 00:00:00-05:00,0.37634665039638643,0.3779762146794098,0.37308844474762287,0.3747175335884094,849600,0.0,0.0
1988-03-09 00:00:00-05:00,0.37308831931812253,0.3796052038669586,0.37308831931812253,0.3796052038669586,2120400,0.0,0.0
1988-03-10 00:00:00-05:00,0.37960514058945066,0.3828633166325342,0.37960514058945066,0.38123422861099243,316800,0.0,0.0
1988-03-11 00:00:00-05:00,0.3812344445836315,0.3812344445836315,0.3747175574292406,0.3779762387275696,522000,0.0,0.0
1988-03-14 00:00:00-05:00,0.37634659480254823,0.37797615884485275,0.37308838963508606,0.37308838963508606,738000,0.0,0.0
1988-03-15 00:00:00-05:00,0.373088367228329,0.374717455730628,0.3682005703449249,0.3682005703449249,536400,0.0,0.0
1988-03-16 00:00:00-05:00,0.3698295406688726,0.3698295406688726,0.36331313330039616,0.3665713369846344,1242000,0.0,0.0
1988-03-17 00:00:00-05:00,0.3665715827724128,0.3665715827724128,0.36168381251042175,0.36331337690353394,5115600,0.0,0.0
1988-03-18 00:00:00-05:00,0.36168356999991375,0.37145910396935505,0.36168356999991375,0.3665713369846344,954000,0.0,0.0
1988-03-21 00:00:00-05:00,0.36494243946319466,0.3665715281713843,0.3600546419620514,0.3600546419620514,3016800,0.0,0.0
1988-03-22 00:00:00-05:00,0.36331314063248704,0.36982954813247226,0.36168357729911804,0.36168357729911804,1526400,0.0,0.0
1988-03-23 00:00:00-05:00,0.3584253663156755,0.36820042484316673,0.3584253663156755,0.3665713369846344,1436400,0.0,0.0
1988-03-24 00:00:00-05:00,0.36331341783296767,0.36331341783296767,0.35842564702033997,0.35842564702033997,997200,0.0,0.0
1988-03-25 00:00:00-05:00,0.35842569171293803,0.35842569171293803,0.351908802986145,0.351908802986145,324000,0.0,0.0
1988-03-28 00:00:00-05:00,0.3519085684707499,0.3519085684707499,0.34702080030591687,0.35027948021888733,525600,0.0,0.0
1988-03-29 00:00:00-05:00,0.3519085684707499,0.3519085684707499,0.3486503639998444,0.35027948021888733,356400,0.0,0.0
1988-03-30 00:00:00-05:00,0.3502795122381703,0.3502795122381703,0.3470208320273217,0.34865039587020874,1220400,0.0,0.0
1988-03-31 00:00:00-05:00,0.35190875910614683,0.3600547361547099,0.35190875910614683,0.35842564702033997,795600,0.0,0.0
1988-04-04 00:00:00-04:00,0.35516667528035717,0.35516667528035717,0.35190847170537015,0.35353755950927734,237600,0.0,0.0
1988-04-05 00:00:00-04:00,0.35353776257373465,0.3567964434623718,0.35190867383411406,0.3567964434623718,356400,0.0,0.0
1988-04-06 00:00:00-04:00,0.35516680540768913,0.35516680540768913,0.34865039587020874,0.34865039587020874,349200,0.0,0.0
1988-04-07 00:00:00-04:00,0.3502795122381703,0.35190860063894897,0.34865039587020874,0.34865039587020874,1771200,0.0,0.0
1988-04-08 00:00:00-04:00,0.3470208484294286,0.3470208484294286,0.335616669741297,0.33887484669685364,486000,0.0,0.0
1988-04-11 00:00:00-04:00,0.34376262725858153,0.34865039587020874,0.34213351089062,0.34865039587020874,1350000,0.0,0.0
1988-04-12 00:00:00-04:00,0.3502797136486417,0.3551670096283507,0.3470210315640543,0.351908802986145,709200,0.0,0.0
1988-04-13 00:00:00-04:00,0.35516687928054397,0.3633133297974389,0.35516687928054397,0.3567964434623718,1389600,0.0,0.0
1988-04-14 00:00:00-04:00,0.35353778283265574,0.35353778283265574,0.34376271845820294,0.3470209240913391,1076400,0.0,0.0
1988-04-15 00:00:00-04:00,0.34376242756843567,0.34376242756843567,0.33724554637447574,0.34376242756843567,1188000,0.0,0.0
1988-04-18 00:00:00-04:00,0.3405037492505396,0.34376242756843567,0.33887463382892435,0.34376242756843567,259200,0.0,0.0
1988-04-19 00:00:00-04:00,0.3437625785662516,0.3453916667362777,0.34213346242904663,0.34213346242904663,810000,0.0,0.0
1988-04-20 00:00:00-04:00,0.3405040204524994,0.3405040204524994,0.3388749037333381,0.3405040204524994,136800,0.0,0.0
1988-04-21 00:00:00-04:00,0.3372457387811196,0.3372457387811196,0.33235797022018765,0.3339875340461731,846000,0.0,0.0
1988-04-22 00:00:00-04:00,0.3339874902025173,0.34213346242904663,0.3339874902025173,0.34213346242904663,3880800,0.0,0.0
1988-04-25 00:00:00-04:00,0.3421336016580397,0.35027960516670986,0.3405040373828322,0.3470209240913391,2865600,0.0,0.0
1988-04-26 00:00:00-04:00,0.3486502681303831,0.35353755950927734,0.34539158911346185,0.35353755950927734,3787200,0.0,0.0
1988-04-27 00:00:00-04:00,0.3600545964569229,0.3698296868144085,0.35842550795462397,0.3682005703449249,5770800,0.0,0.0
1988-04-28 00:00:00-04:00,0.36820042484316673,0.3698295406688726,0.36494224912610207,0.3665713369846344,1173600,0.0,0.0
1988-04-29 00:00:00-04:00,0.36820042484316673,0.36820042484316673,0.36331313330039616,0.3665713369846344,1389600,0.0,0.0
1988-05-02 00:00:00-04:00,0.36494224912610207,0.3665713369846344,0.36494224912610207,0.3665713369846344,1584000,0.0,0.0
1988-05-03 00:00:00-04:00,0.3665713369846344,0.3665713369846344,0.36494224912610207,0.3665713369846344,2656800,0.0,0.0
1988-05-04 00:00:00-04:00,0.36820067172325605,0.36820067172325605,0.3584256066415429,0.36331337690353394,896400,0.0,0.0
1988-05-05 00:00:00-04:00,0.3600544614405347,0.36168357729911804,0.3600544614405347,0.36168357729911804,306000,0.0,0.0
1988-05-06 00:00:00-04:00,0.3600547361547099,0.36331341783296767,0.35842564702033997,0.35842564702033997,759600,0.0,0.0
1988-05-09 00:00:00-04:00,0.3584255532538618,0.36168375863742913,0.3584255532538618,0.3600546419620514,982800,0.0,0.0
1988-05-10 00:00:00-04:00,0.3600546955923862,0.36331337690353394,0.3600546955923862,0.36331337690353394,133200,0.0,0.0
1988-05-11 00:00:00-04:00,0.3600547361547099,0.36331341783296767,0.35516696534208214,0.35842564702033997,669600,0.0,0.0
1988-05-12 00:00:00-04:00,0.3584256066415429,0.3649424938215695,0.3584256066415429,0.36331337690353394,651600,0.0,0.0
1988-05-13 00:00:00-04:00,0.3600544614405347,0.36331314063248704,0.3600544614405347,0.36168357729911804,788400,0.0,0.0
1988-05-16 00:00:00-04:00,0.3616838532562753,0.3616838532562753,0.35842564702033997,0.35842564702033997,612000,0.0,0.0
1988-05-17 00:00:00-04:00,0.35842541281385676,0.3600545008837291,0.3551667332649231,0.3551667332649231,972000,0.0,0.0
1988-05-18 00:00:00-04:00,0.3584255601691811,0.36005464890880173,0.3567964434623718,0.3567964434623718,115200,0.0,0.0
1988-05-19 00:00:00-04:00,0.36005464890880173,0.36005464890880173,0.35353776257373465,0.3567964434623718,252000,0.0,0.0
1988-05-20 00:00:00-04:00,0.35679629677680724,0.35842541281385676,0.3535376172278736,0.3551667332649231,370800,0.0,0.0
1988-05-23 00:00:00-04:00,0.35353765672261256,0.35353765672261256,0.35027948021888733,0.35027948021888733,313200,0.0,0.0
1988-05-24 00:00:00-04:00,0.35190860063894897,0.3535376890397276,0.34865039587020874,0.34865039587020874,568800,0.0,0.0
1988-05-25 00:00:00-04:00,0.34865046838768415,0.3584255601691811,0.34865046838768415,0.3567964434623718,619200,0.0,0.0
1988-05-26 00:00:00-04:00,0.3584253542972784,0.36005444210118565,0.35353755950927734,0.35353755950927734,1173600,0.0,0.0
1988-05-27 00:00:00-04:00,0.3567964434623718,0.3584255601691811,0.35353776257373465,0.3567964434623718,208800,0.0,0.0
1988-05-31 00:00:00-04:00,0.3551668724280963,0.3600546419620514,0.3535377557527185,0.3600546419620514,302400,0.0,0.0
1988-06-01 00:00:00-04:00,0.3633132302159069,0.3796052038669586,0.3633132302159069,0.3796052038669586,576000,0.0,0.0
1988-06-02 00:00:00-04:00,0.37960533148738673,0.38123442032817334,0.3747175335884094,0.3747175335884094,316800,0.0,0.0
1988-06-03 00:00:00-04:00,0.3763465238715021,0.3796052038669586,0.37308831931812253,0.3796052038669586,248400,0.0,0.0
1988-06-06 00:00:00-04:00,0.3809132040327851,0.39235667663736545,0.3809132040327851,0.3907219469547272,972000,0.002778,0.0
1988-06-07 00:00:00-04:00,0.39889609810249,0.4021660073849625,0.3956266939640045,0.3956266939640045,2664000,0.0,0.0
1988-06-08 00:00:00-04:00,0.39399180435554754,0.40543527547938135,0.39399180435554754,0.4005306661128998,1771200,0.0,0.0
1988-06-09 00:00:00-04:00,0.4038005067692813,0.40870511531829834,0.4038005067692813,0.40870511531829834,4590000,0.0,0.0
1988-06-10 00:00:00-04:00,0.4070701003074646,0.4087052791783139,0.4021659388088692,0.4070701003074646,1116000,0.0,0.0
1988-06-13 00:00:00-04:00,0.40380066866291764,0.4070701003074646,0.40380066866291764,0.4070701003074646,8150400,0.0,0.0
1988-06-14 00:00:00-04:00,0.4087052791783139,0.41360941261335926,0.4070701003074646,0.4070701003074646,3567600,0.0,0.0
1988-06-15 00:00:00-04:00,0.4070700584912369,0.4119746685028076,0.4070700584912369,0.4119746685028076,6501600,0.0,0.0
1988-06-16 00:00:00-04:00,0.4103400707244873,0.41197477276075317,0.4087053406246671,0.4103400707244873,730800,0.0,0.0
1988-06-17 00:00:00-04:00,0.41197454565204955,0.41197454565204955,0.40870511531829834,0.40870511531829834,860400,0.0,0.0
1988-06-20 00:00:00-04:00,0.40870511531829834,0.41197454565204955,0.40870511531829834,0.40870511531829834,446400,0.0,0.0
1988-06-21 00:00:00-04:00,0.4103400707244873,0.4168793840135278,0.4087053406246671,0.4103400707244873,3769200,0.0,0.0
1988-06-22 00:00:00-04:00,0.4119746685028076,0.4119746685028076,0.4103399668802337,0.4119746685028076,536400,0.0,0.0
1988-06-23 00:00:00-04:00,0.41033984451694333,0.41197454565204955,0.40870511531829834,0.40870511531829834,774000,0.0,0.0
1988-06-24 00:00:00-04:00,0.408705222928008,0.4152440853171549,0.408705222928008,0.4136093556880951,4042800,0.0,0.0
1988-06-27 00:00:00-04:00,0.41197454565204955,0.41197454565204955,0.40870511531829834,0.40870511531829834,4510800,0.0,0.0
1988-06-28 00:00:00-04:00,0.4070701003074646,0.4087052791783139,0.4054353704534161,0.4070701003074646,2062800,0.0,0.0
1988-06-29 00:00:00-04:00,0.4070701003074646,0.4087052791783139,0.4054353704534161,0.4070701003074646,2570400,0.0,0.0
1988-06-30 00:00:00-04:00,0.4070701003074646,0.4103400090323624,0.4070701003074646,0.4070701003074646,3114000,0.0,0.0
1988-07-01 00:00:00-04:00,0.40870511531829834,0.40870511531829834,0.4070699371030325,0.40870511531829834,1810800,0.0,0.0
1988-07-05 00:00:00-04:00,0.40870529214852264,0.40870529214852264,0.40543538331985474,0.40543538331985474,957600,0.0,0.0
1988-07-06 00:00:00-04:00,0.40543520790438753,0.41033984451694333,0.40543520790438753,0.40870511531829834,1684800,0.0,0.0
1988-07-07 00:00:00-04:00,0.41197472389682455,0.41360942573920007,0.40543538331985474,0.40543538331985474,4140000,0.0,0.0
1988-07-08 00:00:00-04:00,0.4054353704534161,0.4087052791783139,0.4054353704534161,0.4070701003074646,900000,0.0,0.0
1988-07-11 00:00:00-04:00,0.41033984451694333,0.41033984451694333,0.4070699371030325,0.40870511531829834,694800,0.0,0.0
1988-07-12 00:00:00-04:00,0.4087053406246671,0.41197477276075317,0.4054354314081584,0.4103400707244873,2246400,0.0,0.0
1988-07-13 00:00:00-04:00,0.4087052791783139,0.4103400090323624,0.4054353704534161,0.4070701003074646,1292400,0.0,0.0
1988-07-14 00:00:00-04:00,0.41033984451694333,0.41033984451694333,0.4070699371030325,0.40870511531829834,140400,0.0,0.0
1988-07-15 00:00:00-04:00,0.4087053406246671,0.4103400707244873,0.4087053406246671,0.4103400707244873,687600,0.0,0.0
1988-07-18 00:00:00-04:00,0.410339998965616,0.41687931111108373,0.410339998965616,0.41524413228034973,957600,0.0,0.0
1988-07-19 00:00:00-04:00,0.4136094469113894,0.4168793559074402,0.4136094469113894,0.4168793559074402,291600,0.0,0.0
1988-07-20 00:00:00-04:00,0.4168793283805604,0.4217834899620014,0.4168793283805604,0.4201487600803375,932400,0.0,0.0
1988-07-21 00:00:00-04:00,0.4185140582622242,0.4217834899620014,0.4185140582622242,0.4201487600803375,190800,0.0,0.0
1988-07-22 00:00:00-04:00,0.4201487878231005,0.4217835178127069,0.4168793559074402,0.4168793559074402,892800,0.0,0.0
1988-07-25 00:00:00-04:00,0.4152442048968393,0.4152442048968393,0.4103400707244873,0.4103400707244873,122400,0.0,0.0
1988-07-26 00:00:00-04:00,0.4103399668802337,0.4136093701253815,0.4103399668802337,0.4119746685028076,770400,0.0,0.0
1988-07-27 00:00:00-04:00,0.4119746685028076,0.4119746685028076,0.4119746685028076,0.4119746685028076,46800,0.0,0.0
1988-07-28 00:00:00-04:00,0.4119746685028076,0.4136093701253815,0.4119746685028076,0.4119746685028076,208800,0.0,0.0
1988-07-29 00:00:00-04:00,0.41360936924418873,0.41524409892682695,0.3907219469547272,0.3907219469547272,2462400,0.0,0.0
1988-08-01 00:00:00-04:00,0.39072207983548324,0.39072207983548324,0.3841827379277573,0.3858174681663513,1432800,0.0,0.0
1988-08-02 00:00:00-04:00,0.38254781473702937,0.3874524235725403,0.3760084766073837,0.3874524235725403,10803600,0.0,0.0
1988-08-03 00:00:00-04:00,0.3841827379277573,0.3858174681663513,0.3792786033390885,0.3858174681663513,4237200,0.0,0.0
1988-08-04 00:00:00-04:00,0.3841825159676237,0.3874524235725403,0.3841825159676237,0.3874524235725403,5547600,0.0,0.0
1988-08-05 00:00:00-04:00,0.3841827379277573,0.3858174681663513,0.3825480357527199,0.3858174681663513,1972800,0.0,0.0
1988-08-08 00:00:00-04:00,0.3825480357527199,0.3858174681663513,0.3825480357527199,0.3858174681663513,3909600,0.0,0.0
1988-08-09 00:00:00-04:00,0.3841827379277573,0.3858174681663513,0.3841827379277573,0.3858174681663513,306000,0.0,0.0
1988-08-10 00:00:00-04:00,0.3858174681663513,0.3874526474218518,0.3858174681663513,0.3858174681663513,1054800,0.0,0.0
1988-08-11 00:00:00-04:00,0.3858174681663513,0.3874526474218518,0.3858174681663513,0.3858174681663513,190800,0.0,0.0
1988-08-12 00:00:00-04:00,0.3858172452617585,0.3874524235725403,0.3858172452617585,0.3874524235725403,378000,0.0,0.0
1988-08-15 00:00:00-04:00,0.38908734917640686,0.38908734917640686,0.3858174399216936,0.38908734917640686,165600,0.0,0.0
1988-08-16 00:00:00-04:00,0.387452619057487,0.38908734917640686,0.387452619057487,0.38908734917640686,320400,0.0,0.0
1988-08-17 00:00:00-04:00,0.38908722114534716,0.39726126194000244,0.38908722114534716,0.39726126194000244,2095200,0.0,0.0
1988-08-18 00:00:00-04:00,0.39562666237065336,0.39889606624805574,0.3923567533493042,0.3923567533493042,1735200,0.0,0.0
1988-08-19 00:00:00-04:00,0.3956265604225438,0.39889596345746114,0.3939918308415397,0.39726126194000244,2178000,0.0,0.0
1988-08-22 00:00:00-04:00,0.40053069303846517,0.40053069303846517,0.39726126194000244,0.39726126194000244,745200,0.0,0.0
1988-08-23 00:00:00-04:00,0.3972612352342237,0.4005306661128998,0.3972612352342237,0.4005306661128998,504000,0.0,0.0
1988-08-24 00:00:00-04:00,0.3988959518540517,0.40216585993766785,0.3988959518540517,0.40216585993766785,97200,0.0,0.0
1988-08-25 00:00:00-04:00,0.4005306661128998,0.4005306661128998,0.4005306661128998,0.4005306661128998,36000,0.0,0.0
1988-08-26 00:00:00-04:00,0.40216585993766785,0.4038005894711195,0.40053068138750336,0.40216585993766785,2656800,0.0,0.0
1988-08-29 00:00:00-04:00,0.40543538331985474,0.40870529214852264,0.40543538331985474,0.40543538331985474,1105200,0.0,0.0
1988-08-30 00:00:00-04:00,0.40870515616211284,0.40870515616211284,0.4038005471229553,0.4038005471229553,1746000,0.0,0.0
1988-08-31 00:00:00-04:00,0.4070700204744784,0.4070700204744784,0.40216585993766785,0.40216585993766785,1116000,0.0,0.0
1988-09-01 00:00:00-04:00,0.39889609810249,0.39889609810249,0.3956266939640045,0.3956266939640045,1515600,0.0,0.0
1988-09-02 00:00:00-04:00,0.3952989876270294,0.39857926580076253,0.3952989876270294,0.3952989876270294,244800,0.002778,0.0
1988-09-06 00:00:00-04:00,0.39365810639749454,0.39693886092114716,0.38873767852783203,0.38873767852783203,1980000,0.0,0.0
1988-09-07 00:00:00-04:00,0.3952989876270294,0.3969391407922222,0.3936583839553965,0.3952989876270294,2898000,0.0,0.0
1988-09-08 00:00:00-04:00,0.3985790481264773,0.4002191722393036,0.39693892401365105,0.4002191722393036,662400,0.0,0.0
1988-09-09 00:00:00-04:00,0.39693892002105713,0.39857904411738626,0.39529876776809114,0.39693892002105713,244800,0.0,0.0
1988-09-12 00:00:00-04:00,0.39857885241508484,0.4018591271866841,0.39857885241508484,0.39857885241508484,111600,0.0,0.0
1988-09-13 00:00:00-04:00,0.4002191722393036,0.4002191722393036,0.4002191722393036,0.4002191722393036,460800,0.0,0.0
1988-09-14 00:00:00-04:00,0.4002191722393036,0.401859324508767,0.4002191722393036,0.4002191722393036,2822400,0.0,0.0
1988-09-15 00:00:00-04:00,0.40021916821371545,0.40021916821371545,0.39693892002105713,0.39693892002105713,2574000,0.0,0.0
1988-09-16 00:00:00-04:00,0.3952987040534067,0.4002191037059555,0.3936581015586853,0.3936581015586853,2721600,0.0,0.0
1988-09-19 00:00:00-04:00,0.39201794957008085,0.3969388560420112,0.39037782573810864,0.3936581015586853,1299600,0.0,0.0
1988-09-20 00:00:00-04:00,0.3920179543887295,0.3920179543887295,0.38709707601294446,0.38873767852783203,1861200,0.0,0.0
1988-09-21 00:00:00-04:00,0.38709723949432373,0.38873784270208134,0.38709723949432373,0.38709723949432373,241200,0.0,0.0
1988-09-22 00:00:00-04:00,0.3854567827014185,0.38709693410892826,0.38217653619964354,0.383816659450531,1281600,0.0,0.0
1988-09-23 00:00:00-04:00,0.38053643703460693,0.3838167121433413,0.38053643703460693,0.38053643703460693,205200,0.0,0.0
1988-09-26 00:00:00-04:00,0.38053657091467125,0.38053657091467125,0.37889596819877625,0.37889596819877625,802800,0.0,0.0
1988-09-27 00:00:00-04:00,0.3772557155825159,0.3772557155825159,0.3723348379135132,0.3723348379135132,759600,0.0,0.0
1988-09-28 00:00:00-04:00,0.3739755412491681,0.37725581752532455,0.3706947863101959,0.3706947863101959,1544400,0.0,0.0
1988-09-29 00:00:00-04:00,0.3690546393519702,0.3690546393519702,0.36577436327934265,0.36577436327934265,716400,0.0,0.0
1988-09-30 00:00:00-04:00,0.3674145000301252,0.37069474780895106,0.3641337454319,0.3641337454319,482400,0.0,0.0
1988-10-03 00:00:00-04:00,0.36249352656863265,0.36905455589294434,0.36249352656863265,0.36905455589294434,442800,0.0,0.0
1988-10-04 00:00:00-04:00,0.36905459826269543,0.37069472203808623,0.3674144744873047,0.3674144744873047,1771200,0.0,0.0
1988-10-05 00:00:00-04:00,0.3657742805621274,0.36905455589294434,0.3657742805621274,0.36905455589294434,90000,0.0,0.0
1988-10-06 00:00:00-04:00,0.3706947863101959,0.3723349385265922,0.36741453819067565,0.3706947863101959,57600,0.0,0.0
1988-10-07 00:00:00-04:00,0.37069472203808623,0.37233487397010834,0.3674144744873047,0.3674144744873047,684000,0.0,0.0
1988-10-10 00:00:00-04:00,0.3690546393519702,0.3690546393519702,0.36577436327934265,0.36577436327934265,21600,0.0,0.0
1988-10-11 00:00:00-04:00,0.365774347984079,0.365774347984079,0.36085346949644087,0.3641337454319,730800,0.0,0.0
1988-10-12 00:00:00-04:00,0.3608536422252655,0.36249376689975243,0.3608536422252655,0.3608536422252655,450000,0.0,0.0
1988-10-13 00:00:00-04:00,0.3608535694847107,0.3641338463290959,0.3608535694847107,0.36249369382858276,352800,0.0,0.0
1988-10-14 00:00:00-04:00,0.3641339197308861,0.3641339197308861,0.3608536422252655,0.3608536422252655,313200,0.0,0.0
1988-10-17 00:00:00-04:00,0.36249376689975243,0.3641339197308861,0.3608536422252655,0.3608536422252655,525600,0.0,0.0
1988-10-18 00:00:00-04:00,0.3608534845859325,0.36577436327934265,0.3608534845859325,0.36577436327934265,180000,0.0,0.0
1988-10-19 00:00:00-04:00,0.36577436327934265,0.36577436327934265,0.36249360854392904,0.36577436327934265,219600,0.0,0.0
1988-10-20 00:00:00-04:00,0.3674145000301252,0.3674145000301252,0.3641337454319,0.3641337454319,90000,0.0,0.0
1988-10-21 00:00:00-04:00,0.3641337454319,0.3641337454319,0.36085346949644087,0.3641337454319,687600,0.0,0.0
1988-10-24 00:00:00-04:00,0.36577434409633713,0.36577434409633713,0.3477314047331052,0.35265231132507324,7416000,0.0,0.0
1988-10-25 00:00:00-04:00,0.34937139582470944,0.34937139582470944,0.3411702171099989,0.3460911214351654,3510000,0.0,0.0
1988-10-26 00:00:00-04:00,0.3444512188434601,0.34609137130067313,0.34117046342278834,0.3444512188434601,6800400,0.0,0.0
1988-10-27 00:00:00-04:00,0.34445117394329666,0.3477314502734893,0.33953029486350245,0.34281057119369507,7891200,0.0,0.0
1988-10-28 00:00:00-04:00,0.34445117394329666,0.3460913261867113,0.34281057119369507,0.34281057119369507,1051200,0.0,0.0
1988-10-31 00:00:00-05:00,0.34445115519553987,0.34445115519553987,0.34117040038108826,0.34117040038108826,396000,0.0,0.0
1988-11-01 00:00:00-05:00,0.34117037716456705,0.34117037716456705,0.3346093748015704,0.336249977350235,1749600,0.0,0.0
1988-11-02 00:00:00-05:00,0.33296930703252503,0.33460945949017534,0.31820711837110194,0.3214878737926483,961200,0.0,0.0
1988-11-03 00:00:00-05:00,0.323128010800108,0.332969291111779,0.323128010800108,0.3313291668891907,4150800,0.0,0.0
1988-11-04 00:00:00-05:00,0.3313291668891907,0.33460944349100624,0.32968901450996335,0.3313291668891907,741600,0.0,0.0
1988-11-07 00:00:00-05:00,0.32968898094757915,0.33296925721546217,0.32804837822914124,0.32804837822914124,280800,0.0,0.0
1988-11-08 00:00:00-05:00,0.32804837822914124,0.33132913315983875,0.32804837822914124,0.32804837822914124,352800,0.0,0.0
1988-11-09 00:00:00-05:00,0.3280483932828608,0.33132914836410793,0.3280483932828608,0.32968899607658386,1231200,0.0,0.0
1988-11-10 00:00:00-05:00,0.33296925721546217,0.33296925721546217,0.3247681019612582,0.32804837822914124,1371600,0.0,0.0
1988-11-11 00:00:00-05:00,0.32968894485384226,0.32968894485384226,0.32148779049748555,0.32476806640625,1940400,0.0,0.0
1988-11-14 00:00:00-05:00,0.32312801480293274,0.32640826328874417,0.32312801480293274,0.32312801480293274,403200,0.0,0.0
1988-11-15 00:00:00-05:00,0.32476814275951893,0.3280484194394792,0.3231280184978586,0.3264082670211792,3308400,0.0,0.0
1988-11-16 00:00:00-05:00,0.32640826328874417,0.32640826328874417,0.32148786240338767,0.32312801480293274,3621600,0.0,0.0
1988-11-17 00:00:00-05:00,0.32476814275951893,0.3280484194394792,0.32476814275951893,0.3264082670211792,583200,0.0,0.0
1988-11-18 00:00:00-05:00,0.3247681019612582,0.32968898094757915,0.3247681019612582,0.32804837822914124,1198800,0.0,0.0
1988-11-21 00:00:00-05:00,0.32804837822914124,0.32968898094757915,0.32640822601688163,0.32804837822914124,457200,0.0,0.0
1988-11-22 00:00:00-05:00,0.3280483932828608,0.33132914836410793,0.3280483932828608,0.32968899607658386,313200,0.0,0.0
1988-11-23 00:00:00-05:00,0.332969291111779,0.332969291111779,0.32968901450996335,0.3313291668891907,478800,0.0,0.0
1988-11-25 00:00:00-05:00,0.33460938930511475,0.33460938930511475,0.33460938930511475,0.33460938930511475,525600,0.0,0.0
1988-11-28 00:00:00-05:00,0.33296925721546217,0.33296925721546217,0.32804837822914124,0.32804837822914124,720000,0.0,0.0
1988-11-29 00:00:00-05:00,0.32804841568828924,0.32804841568828924,0.32148786240338767,0.32312801480293274,979200,0.0,0.0
1988-11-30 00:00:00-05:00,0.3214878737926483,0.32476815055130853,0.31984727082875225,0.3214878737926483,388800,0.0,0.0
1988-12-01 00:00:00-05:00,0.31984726315502365,0.3264082670211792,0.31984726315502365,0.3264082670211792,1058400,0.0,0.0
1988-12-02 00:00:00-05:00,0.32476815055130853,0.32640827485231844,0.3214878737926483,0.3214878737926483,284400,0.0,0.0
1988-12-05 00:00:00-05:00,0.3178644496673078,0.32115817070007324,0.3129233733574445,0.32115817070007324,669600,0.002778,0.0
1988-12-06 00:00:00-05:00,0.31951126238034283,0.31951126238034283,0.31457021486316517,0.3162175416946411,619200,0.0,0.0
1988-12-07 00:00:00-05:00,0.3145701565584989,0.31621748308464764,0.3096295905816849,0.31292328238487244,734400,0.0,0.0
1988-12-08 00:00:00-05:00,0.3129233125545447,0.3129233125545447,0.3063354194164276,0.3063354194164276,1105200,0.0,0.0
1988-12-09 00:00:00-05:00,0.3030418155966999,0.3063355372564926,0.29974761331212096,0.3046886622905731,676800,0.0,0.0
1988-12-12 00:00:00-05:00,0.30139494338634804,0.3030418183673244,0.2981007410716512,0.29974761605262756,1112400,0.0,0.0
1988-12-13 00:00:00-05:00,0.30139494338634804,0.3030418183673244,0.2981007410716512,0.29974761605262756,4276800,0.0,0.0
1988-12-14 00:00:00-05:00,0.29645386337835417,0.29810070991516113,0.29316014203269664,0.29810070991516113,1753200,0.0,0.0
1988-12-15 00:00:00-05:00,0.2981007992849748,0.2981007992849748,0.29316022992134094,0.29316022992134094,946800,0.0,0.0
1988-12-16 00:00:00-05:00,0.29316005236509757,0.29316005236509757,0.28821900536918943,0.2898658514022827,878400,0.0,0.0
1988-12-19 00:00:00-05:00,0.2882191799328227,0.29316022992134094,0.2849249769748317,0.29316022992134094,2350800,0.0,0.0
1988-12-20 00:00:00-05:00,0.2948068081667832,0.2981004989090055,0.2898657348850025,0.2915126085281372,1332000,0.0,0.0
1988-12-21 00:00:00-05:00,0.29316022992134094,0.2964539522544475,0.28986602696334995,0.29316022992134094,2523600,0.0,0.0
1988-12-22 00:00:00-05:00,0.29151272647110577,0.2964537734799583,0.29151272647110577,0.29480692744255066,2124000,0.0,0.0
1988-12-23 00:00:00-05:00,0.29316014203269664,0.29974758472401164,0.29316014203269664,0.29810070991516113,1677600,0.0,0.0
1988-12-27 00:00:00-05:00,0.30139494338634804,0.30139494338634804,0.2981007410716512,0.29974761605262756,1134000,0.0,0.0
1988-12-28 00:00:00-05:00,0.29974749800627515,0.3063354194164276,0.29974749800627515,0.3063354194164276,1933200,0.0,0.0
1988-12-29 00:00:00-05:00,0.3079829253153186,0.3079829253153186,0.29974767242813705,0.30304187536239624,1540800,0.0,0.0
1988-12-30 00:00:00-05:00,0.30304187536239624,0.30468872238105943,0.30139500007168124,0.30304187536239624,1292400,0.0,0.0
1989-01-03 00:00:00-05:00,0.30468866507625425,0.30468866507625425,0.2981007410716512,0.29974761605262756,1846800,0.0,0.0
1989-01-04 00:00:00-05:00,0.2981007410716512,0.29974761605262756,0.2981007410716512,0.29974761605262756,658800,0.0,0.0
1989-01-05 00:00:00-05:00,0.2964538335800171,0.29810067995128975,0.2964538335800171,0.2964538335800171,777600,0.0,0.0
1989-01-06 00:00:00-05:00,0.30139494338634804,0.3030418183673244,0.29974761605262756,0.29974761605262756,892800,0.0,0.0
1989-01-09 00:00:00-05:00,0.30304187536239624,0.30468872238105943,0.30139500007168124,0.30304187536239624,3348000,0.0,0.0
1989-01-10 00:00:00-05:00,0.30304187536239624,0.30304187536239624,0.29974767242813705,0.30304187536239624,136800,0.0,0.0
1989-01-11 00:00:00-05:00,0.30304187536239624,0.30304187536239624,0.30139500007168124,0.30304187536239624,709200,0.0,0.0
1989-01-12 00:00:00-05:00,0.3046886622905731,0.3046886622905731,0.30139494063078043,0.3046886622905731,2912400,0.0,0.0
1989-01-13 00:00:00-05:00,0.3046886622905731,0.3046886622905731,0.3030418155966999,0.3046886622905731,349200,0.0,0.0
1989-01-16 00:00:00-05:00,0.306335445762084,0.3112764932647741,0.306335445762084,0.30798277258872986,396000,0.0,0.0
1989-01-17 00:00:00-05:00,0.3112764932647741,0.31457021394081836,0.306335445762084,0.30798277258872986,1537200,0.0,0.0
1989-01-18 00:00:00-05:00,0.30798277258872986,0.3096296470627709,0.306335445762084,0.30798277258872986,691200,0.0,0.0
1989-01-19 00:00:00-05:00,0.3096297085285187,0.3096297085285187,0.3079828337275504,0.3096297085285187,1177200,0.0,0.0
1989-01-20 00:00:00-05:00,0.3112764932647741,0.3112764932647741,0.30798277258872986,0.30798277258872986,4478400,0.0,0.0
1989-01-23 00:00:00-05:00,0.30798277258872986,0.30798277258872986,0.30798277258872986,0.30798277258872986,802800,0.0,0.0
1989-01-24 00:00:00-05:00,0.3096296807120162,0.31457024812698364,0.3079828060589998,0.31457024812698364,2170800,0.0,0.0
1989-01-25 00:00:00-05:00,0.31457021486316517,0.3162175416946411,0.31292334038429537,0.3162175416946411,381600,0.0,0.0
1989-01-26 00:00:00-05:00,0.316217575132654,0.316217575132654,0.31292337347396726,0.31457024812698364,597600,0.0,0.0
1989-01-27 00:00:00-05:00,0.3162175416946411,0.3162175416946411,0.31292334038429537,0.3162175416946411,5846400,0.0,0.0
1989-01-30 00:00:00-05:00,0.3195112079207745,0.34586286314137893,0.3195112079207745,0.3376280963420868,3981600,0.0,0.0
1989-01-31 00:00:00-05:00,0.3376283351744118,0.3425689047197149,0.3376283351744118,0.3409220576286316,1695600,0.0,0.0
1989-02-01 00:00:00-05:00,0.3425686623925182,0.3425686623925182,0.3359807697913919,0.3376280963420868,561600,0.0,0.0
1989-02-02 00:00:00-05:00,0.33927509344709106,0.3458629884347685,0.3376282186523233,0.34421566128730774,13230000,0.0,0.0
1989-02-03 00:00:00-05:00,0.34586304527114187,0.3540978446788716,0.34586304527114187,0.34915676712989807,2185200,0.0,0.0
1989-02-06 00:00:00-05:00,0.34750992033654393,0.35080364219530014,0.34586304527114187,0.34915676712989807,1040400,0.0,0.0
1989-02-07 00:00:00-05:00,0.3491567047759306,0.3623325511075842,0.3491567047759306,0.36068567633628845,3193200,0.0,0.0
1989-02-08 00:00:00-05:00,0.3606856794548364,0.3656262755393982,0.3590383523166111,0.3656262755393982,820800,0.0,0.0
1989-02-09 00:00:00-05:00,0.3656262136407325,0.3656262136407325,0.3573914170265198,0.3573914170265198,2005200,0.0,0.0
1989-02-10 00:00:00-05:00,0.35903829153324723,0.3606856183925885,0.3573914170265198,0.3573914170265198,561600,0.0,0.0
1989-02-13 00:00:00-05:00,0.3557446600155757,0.3573915066633077,0.35409781336784363,0.35409781336784363,8946000,0.0,0.0
1989-02-14 00:00:00-05:00,0.3557446021323978,0.3606856501684545,0.3557446021323978,0.3590383231639862,504000,0.0,0.0
1989-02-15 00:00:00-05:00,0.35903829153324723,0.3606856183925885,0.3573914170265198,0.3573914170265198,964800,0.0,0.0
1989-02-16 00:00:00-05:00,0.3573916523590071,0.3623327314853668,0.3573916523590071,0.3623327314853668,1540800,0.0,0.0
1989-02-17 00:00:00-05:00,0.3623327314853668,0.3623327314853668,0.3573916523590071,0.3623327314853668,1810800,0.0,0.0
1989-02-21 00:00:00-05:00,0.36068567633628845,0.36068567633628845,0.3573914744410103,0.36068567633628845,525600,0.0,0.0
1989-02-22 00:00:00-05:00,0.35903832131060653,0.35903832131060653,0.3557446002960205,0.3557446002960205,2311200,0.0,0.0
1989-02-23 00:00:00-05:00,0.3557446021323978,0.3606856501684545,0.3557446021323978,0.3590383231639862,1000800,0.0,0.0
1989-02-24 00:00:00-05:00,0.3590383231639862,0.3606856501684545,0.3590383231639862,0.3590383231639862,1126800,0.0,0.0
1989-02-27 00:00:00-05:00,0.3606858558942175,0.3623327314853668,0.35903852795015645,0.3623327314853668,2617200,0.0,0.0
1989-02-28 00:00:00-05:00,0.36233243607377164,0.37221404910087585,0.36233243607377164,0.37221404910087585,1404000,0.0,0.0
1989-03-01 00:00:00-05:00,0.37550824995030646,0.37550824995030646,0.368920357148056,0.37221404910087585,673200,0.0,0.0
1989-03-02 00:00:00-05:00,0.37386095382550083,0.3771551549434662,0.3689203872214949,0.3771551549434662,1350000,0.0,0.0
1989-03-03 00:00:00-05:00,0.378802033091775,0.3853899552602714,0.378802033091775,0.3804489076137543,2566800,0.0,0.0
1989-03-06 00:00:00-05:00,0.3785977153548522,0.3785977153548522,0.3752909144246938,0.37694454193115234,655200,0.003056,0.0
1989-03-07 00:00:00-05:00,0.3752909250671487,0.38025087118148804,0.3752909250671487,0.38025087118148804,1350000,0.0,0.0
1989-03-08 00:00:00-05:00,0.37859771012905397,0.3819040285506439,0.37363773584365845,0.37363773584365845,2059200,0.0,0.0
1989-03-09 00:00:00-05:00,0.3752908706665039,0.3769444979801527,0.3752908706665039,0.3752908706665039,154800,0.0,0.0
1989-03-10 00:00:00-05:00,0.37363773584365845,0.3769445367281729,0.37198459082294943,0.37363773584365845,360000,0.0,0.0
1989-03-13 00:00:00-05:00,0.37694433566412044,0.37694433566412044,0.3719843924045563,0.3719843924045563,651600,0.0,0.0
1989-03-14 00:00:00-05:00,0.37363753654346965,0.37363753654346965,0.3719843924045563,0.3719843924045563,734400,0.0,0.0
1989-03-15 00:00:00-05:00,0.37363753654346965,0.37363753654346965,0.3719843924045563,0.3719843924045563,1630800,0.0,0.0
1989-03-16 00:00:00-05:00,0.38025074025514105,0.3967832922935486,0.3785975957339378,0.3967832922935486,4204800,0.0,0.0
1989-03-17 00:00:00-05:00,0.39678351641765386,0.39678351641765386,0.3901703953742981,0.3901703953742981,1083600,0.0,0.0
1989-03-20 00:00:00-05:00,0.3901703110165763,0.39347711205482483,0.3885171375388388,0.39347711205482483,640800,0.0,0.0
1989-03-21 00:00:00-05:00,0.39347691144829994,0.3951300557030408,0.39017011209595853,0.39182373881340027,360000,0.0,0.0
1989-03-22 00:00:00-05:00,0.3934771971275016,0.3934771971275016,0.3901703953742981,0.3901703953742981,1886400,0.0,0.0
1989-03-23 00:00:00-05:00,0.3901703953742981,0.39182402329233573,0.3901703953742981,0.3901703953742981,1220400,0.0,0.0
1989-03-27 00:00:00-05:00,0.38851709181769295,0.39182389246679333,0.38686394691467285,0.38686394691467285,928800,0.0,0.0
1989-03-28 00:00:00-05:00,0.38686407608414586,0.3901703953742981,0.38521093062915945,0.3901703953742981,1396800,0.0,0.0
1989-03-29 00:00:00-05:00,0.39017011209595853,0.39182373881340027,0.39017011209595853,0.39182373881340027,237600,0.0,0.0
1989-03-30 00:00:00-05:00,0.39347710182309353,0.3951302468776703,0.39347710182309353,0.3951302468776703,392400,0.0,0.0
1989-03-31 00:00:00-05:00,0.3934771945567906,0.4067034081769116,0.39182402073242545,0.4033966064453125,12128400,0.0,0.0
1989-04-03 00:00:00-04:00,0.4017432393733773,0.41496947407722473,0.4000900948411737,0.41496947407722473,993600,0.0,0.0
1989-04-04 00:00:00-04:00,0.41331652917706174,0.41331652917706174,0.4017434610011266,0.4033966064453125,820800,0.0,0.0
1989-04-05 00:00:00-04:00,0.4017432886706883,0.4083564068340977,0.4000901439356298,0.40670323371887207,529200,0.0,0.0
1989-04-06 00:00:00-04:00,0.40504960652097244,0.4083564068340977,0.4033964334057468,0.40670323371887207,226800,0.0,0.0
1989-04-07 00:00:00-04:00,0.40504960652097244,0.40670323371887207,0.4033964334057468,0.40670323371887207,360000,0.0,0.0
1989-04-10 00:00:00-04:00,0.4033966064453125,0.4033966064453125,0.40009031555694075,0.4033966064453125,820800,0.0,0.0
1989-04-11 00:00:00-04:00,0.40339652733548853,0.40339652733548853,0.4017433822154999,0.4017433822154999,1368000,0.0,0.0
1989-04-12 00:00:00-04:00,0.4033966064453125,0.4033966064453125,0.4017434610011266,0.4033966064453125,338400,0.0,0.0
1989-04-13 00:00:00-04:00,0.4033964334057468,0.4083564068340977,0.4033964334057468,0.40670323371887207,2527200,0.0,0.0
1989-04-14 00:00:00-04:00,0.40670318381293374,0.41662261860942834,0.40670318381293374,0.41496947407722473,1846800,0.0,0.0
1989-04-17 00:00:00-04:00,0.4133165871906641,0.4182760525995174,0.4133165871906641,0.41662290692329407,594000,0.0,0.0
1989-04-18 00:00:00-04:00,0.41662261860942834,0.41827576314163195,0.41496947407722473,0.41496947407722473,961200,0.0,0.0
1989-04-19 00:00:00-04:00,0.41496962813368576,0.43976842299255975,0.41496962813368576,0.4364621043205261,7606800,0.0,0.0
1989-04-20 00:00:00-04:00,0.43646203058307637,0.4463814673863133,0.4348084032535553,0.4348084032535553,7016400,0.0,0.0
1989-04-21 00:00:00-04:00,0.43480847687895663,0.43480847687895663,0.41992909211324453,0.4232358932495117,1090800,0.0,0.0
1989-04-24 00:00:00-04:00,0.42158275842666626,0.42323593210517785,0.41992913066532594,0.42158275842666626,1386000,0.0,0.0
1989-04-25 00:00:00-04:00,0.41827576314163195,0.4199289360539992,0.41496947407722473,0.41496947407722473,2743200,0.0,0.0
1989-04-26 00:00:00-04:00,0.4133164546075819,0.44142159651866364,0.4133164546075819,0.4364621043205261,7365600,0.0,0.0
1989-04-27 00:00:00-04:00,0.43315546404403815,0.44307538866996765,0.431502318284189,0.44307538866996765,7902000,0.0,0.0
1989-04-28 00:00:00-04:00,0.4447284031888604,0.4447284031888604,0.42654221706752965,0.43150216341018677,3438000,0.0,0.0
1989-05-01 00:00:00-04:00,0.4298490182436816,0.43315530857669193,0.4281958446970019,0.43150216341018677,1954800,0.0,0.0
1989-05-02 00:00:00-04:00,0.43150210860792954,0.43150210860792954,0.42654216289520264,0.42654216289520264,3974400,0.0,0.0
1989-05-03 00:00:00-04:00,0.42488898955848164,0.42819579031465843,0.42323584460193153,0.42654216289520264,615600,0.0,0.0
1989-05-04 00:00:00-04:00,0.4232359722108974,0.43646218591742947,0.38355775679399357,0.3901703953742981,12430800,0.0,0.0
1989-05-05 00:00:00-04:00,0.39347710182309353,0.3967834203124197,0.38686398238150677,0.3951302468776703,16304400,0.0,0.0
1989-05-08 00:00:00-04:00,0.3951301071505282,0.3951301071505282,0.38190390132461954,0.38355752825737,2127600,0.0,0.0
1989-05-09 00:00:00-04:00,0.38025081606186967,0.38025081606186967,0.3752908706665039,0.3752908706665039,4399200,0.0,0.0
1989-05-10 00:00:00-04:00,0.3719845300472284,0.3719845300472284,0.36537141182159094,0.3686782121658325,723600,0.0,0.0
1989-05-11 00:00:00-04:00,0.36867807574657263,0.3719843924045563,0.36867807574657263,0.3719843924045563,1015200,0.0,0.0
1989-05-12 00:00:00-04:00,0.37694453317103976,0.38025085156142885,0.37363773231773073,0.3785977065563202,1936800,0.0,0.0
1989-05-15 00:00:00-04:00,0.37529090924453945,0.3769445367281729,0.37363773584365845,0.37363773584365845,3920400,0.0,0.0
1989-05-16 00:00:00-04:00,0.3719845300472284,0.3719845300472284,0.36537141182159094,0.3686782121658325,2296800,0.0,0.0
1989-05-17 00:00:00-04:00,0.371984641245081,0.3736377864898721,0.36867832237532294,0.3703314960002899,3063600,0.0,0.0
1989-05-18 00:00:00-04:00,0.37198469683621765,0.37198469683621765,0.3653715756454158,0.3670247495174408,1407600,0.0,0.0
1989-05-19 00:00:00-04:00,0.3686782121658325,0.3719845300472284,0.3686782121658325,0.3686782121658325,2286000,0.0,0.0
1989-05-22 00:00:00-04:00,0.371984641245081,0.3736377864898721,0.36867832237532294,0.3703314960002899,12492000,0.0,0.0
1989-05-23 00:00:00-04:00,0.37033145091393915,0.3785977153548522,0.37033145091393915,0.37694454193115234,2736000,0.0,0.0
1989-05-24 00:00:00-04:00,0.3769445367281729,0.3769445367281729,0.37363773584365845,0.37363773584365845,2185200,0.0,0.0
1989-05-25 00:00:00-04:00,0.37363753654346965,0.37363753654346965,0.3703312482656429,0.3719843924045563,1573200,0.0,0.0
1989-05-26 00:00:00-04:00,0.37033138529661414,0.37033138529661414,0.3686782121658325,0.3686782121658325,734400,0.0,0.0
1989-05-30 00:00:00-04:00,0.3686783774723477,0.3686783774723477,0.3653715756454158,0.3670247495174408,680400,0.0,0.0
1989-05-31 00:00:00-04:00,0.3686782857810715,0.3686782857810715,0.3620651662349701,0.3620651662349701,568800,0.0,0.0
1989-06-01 00:00:00-04:00,0.3637184798717499,0.3686784278685225,0.3620653057737457,0.3637184798717499,507600,0.0,0.0
1989-06-02 00:00:00-04:00,0.36371843015357086,0.3686783774723477,0.36206525628154584,0.3670247495174408,4107600,0.0,0.0
1989-06-05 00:00:00-04:00,0.36682553435254023,0.373464971780777,0.36516581033778267,0.373464971780777,4222800,0.003056,0.0
1989-06-06 00:00:00-04:00,0.37180549666959145,0.380104663668427,0.37180549666959145,0.3784449100494385,11138400,0.0,0.0
1989-06-07 00:00:00-04:00,0.37678447598366,0.38674387504916374,0.37678447598366,0.3850841224193573,1281600,0.0,0.0
1989-06-08 00:00:00-04:00,0.3850842394329153,0.38840371720808253,0.3850842394329153,0.3867439925670624,4035600,0.0,0.0
1989-06-09 00:00:00-04:00,0.38674412616990855,0.38674412616990855,0.3817644091571671,0.38342416286468506,2818800,0.0,0.0
1989-06-12 00:00:00-04:00,0.38674387504916374,0.38674387504916374,0.3850841224193573,0.3850841224193573,108000,0.0,0.0
1989-06-13 00:00:00-04:00,0.3850841224193573,0.38674387504916374,0.38342391389965924,0.3850841224193573,1141200,0.0,0.0
1989-06-14 00:00:00-04:00,0.3850844053170685,0.3850844053170685,0.3784449625234811,0.3817644417285919,882000,0.0,0.0
1989-06-15 00:00:00-04:00,0.38342391389965924,0.3850841224193573,0.38342391389965924,0.3850841224193573,936000,0.0,0.0
1989-06-16 00:00:00-04:00,0.3817644091571671,0.38342416286468506,0.3801046839427859,0.38342416286468506,190800,0.0,0.0
1989-06-19 00:00:00-04:00,0.3817644160344567,0.38508437939948764,0.3801046907901764,0.3801046907901764,666000,0.0,0.0
1989-06-20 00:00:00-04:00,0.38342419557771695,0.38342419557771695,0.3817644417285919,0.3817644417285919,453600,0.0,0.0
1989-06-21 00:00:00-04:00,0.3817644091571671,0.38342416286468506,0.3801046839427859,0.38342416286468506,702000,0.0,0.0
1989-06-22 00:00:00-04:00,0.3850842394329153,0.38840371720808253,0.38176427727459106,0.3867439925670624,514800,0.0,0.0
1989-06-23 00:00:00-04:00,0.38840400698318694,0.39006373286247253,0.38840400698318694,0.39006373286247253,388800,0.0,0.0
1989-06-26 00:00:00-04:00,0.3884039444787161,0.3917234241962433,0.3884039444787161,0.3917234241962433,853200,0.0,0.0
1989-06-27 00:00:00-04:00,0.3917233787625622,0.405002236366272,0.3917233787625622,0.405002236366272,2080800,0.0,0.0
1989-06-28 00:00:00-04:00,0.4016826942766356,0.40666189789772034,0.39836273131492694,0.40666189789772034,1382400,0.0,0.0
1989-06-29 00:00:00-04:00,0.4066619084372502,0.4099818714850029,0.3983627416393658,0.40168270468711853,2793600,0.0,0.0
1989-06-30 00:00:00-04:00,0.40168267107411015,0.4033423960208893,0.40002291763419895,0.4033423960208893,1522800,0.0,0.0
1989-07-03 00:00:00-04:00,0.40002293797345456,0.4016826914977564,0.39670297503471375,0.39670297503471375,1576800,0.0,0.0
1989-07-05 00:00:00-04:00,0.3950432538986206,0.3950432538986206,0.39172329092714536,0.3950432538986206,1375200,0.0,0.0
1989-07-06 00:00:00-04:00,0.39338363419187555,0.39338363419187555,0.3900636700909079,0.3917234241962433,108000,0.0,0.0
1989-07-07 00:00:00-04:00,0.39172329092714536,0.3950432538986206,0.39172329092714536,0.3950432538986206,7002000,0.0,0.0
1989-07-10 00:00:00-04:00,0.39338349647924375,0.39670297503471375,0.39338349647924375,0.39670297503471375,4093200,0.0,0.0
1989-07-11 00:00:00-04:00,0.3950432538986206,0.3967029789461535,0.3950432538986206,0.3950432538986206,6991200,0.0,0.0
1989-07-12 00:00:00-04:00,0.3950432527364925,0.40666189789772034,0.3950432527364925,0.40666189789772034,2685600,0.0,0.0
1989-07-13 00:00:00-04:00,0.40334235356098785,0.40334235356098785,0.3983626663684845,0.3983626663684845,968400,0.0,0.0
1989-07-14 00:00:00-04:00,0.3983626663684845,0.4000228755237394,0.3967029131032957,0.3983626663684845,1141200,0.0,0.0
1989-07-17 00:00:00-04:00,0.3983628218109872,0.405002236366272,0.3983628218109872,0.405002236366272,230400,0.0,0.0
1989-07-18 00:00:00-04:00,0.4083222000821766,0.4099819539950069,0.40168278552689185,0.405002236366272,439200,0.0,0.0
1989-07-19 00:00:00-04:00,0.40832210732364493,0.40832210732364493,0.40500214436193627,0.40666189789772034,1594800,0.0,0.0
1989-07-20 00:00:00-04:00,0.40998178134462004,0.41496146838318276,0.40998178134462004,0.4133012592792511,1220400,0.0,0.0
1989-07-21 00:00:00-04:00,0.4116414521032757,0.41330120509957824,0.40666176571750023,0.40998172760009766,129600,0.0,0.0
1989-07-24 00:00:00-04:00,0.4066618744075796,0.4066618744075796,0.4033423960208893,0.4033423960208893,93600,0.0,0.0
1989-07-25 00:00:00-04:00,0.403342430926186,0.41164159774780273,0.4016827058357741,0.41164159774780273,997200,0.0,0.0
1989-07-26 00:00:00-04:00,0.411641435895975,0.4166211505788118,0.411641435895975,0.41496139764785767,406800,0.0,0.0
1989-07-27 00:00:00-04:00,0.41496151659842756,0.4299001235598117,0.41496151659842756,0.42658016085624695,1501200,0.0,0.0
1989-07-28 00:00:00-04:00,0.4249204103586575,0.43653905391693115,0.4216004478549841,0.43653905391693115,626400,0.0,0.0
1989-07-31 00:00:00-04:00,0.4481583463031348,0.4514778256416321,0.44649862088045633,0.4514778256416321,2070000,0.0,0.0
1989-08-01 00:00:00-04:00,0.4547977082765037,0.4630968752798828,0.4531379546566065,0.45811718702316284,7538400,0.0,0.0
1989-08-02 00:00:00-04:00,0.45313789400839255,0.47803542017936707,0.44981793132278014,0.47803542017936707,3186000,0.0,0.0
1989-08-03 00:00:00-04:00,0.4846745588418241,0.5178712606430054,0.4780351500981111,0.5178712606430054,7466400,0.0,0.0
1989-08-04 00:00:00-04:00,0.5128922705001446,0.5128922705001446,0.49297397801109155,0.5045931339263916,1911600,0.0,0.0
1989-08-07 00:00:00-04:00,0.5012731715711017,0.507912583405367,0.49795366510586914,0.5045931339263916,576000,0.0,0.0
1989-08-08 00:00:00-04:00,0.5045930346884906,0.5112319323407749,0.5045930346884906,0.5095722079277039,2682000,0.0,0.0
1989-08-09 00:00:00-04:00,0.5095727544838318,0.5095727544838318,0.504593575904065,0.5062533020973206,1393200,0.0,0.0
1989-08-10 00:00:00-04:00,0.5062528586658793,0.5128922705001446,0.5045931339263916,0.5045931339263916,702000,0.0,0.0
1989-08-11 00:00:00-04:00,0.5079127798579283,0.5079127798579283,0.4979538577064781,0.49961358308792114,972000,0.0,0.0
1989-08-14 00:00:00-04:00,0.4979538468045521,0.5012733544810419,0.4913144325476269,0.49463388323783875,907200,0.0,0.0
1989-08-15 00:00:00-04:00,0.49463371169069004,0.49463371169069004,0.49131426215171814,0.49131426215171814,284400,0.0,0.0
1989-08-16 00:00:00-04:00,0.48965474098484013,0.4979538811594466,0.48965474098484013,0.492974191904068,399600,0.0,0.0
1989-08-17 00:00:00-04:00,0.49297406600932125,0.49297406600932125,0.48467487096786505,0.484674870967865,1278000,0.0,0.0
1989-08-18 00:00:00-04:00,0.4846748326742265,0.4846748326742265,0.47803542017936707,0.47803542017936707,576000,0.0,0.0
1989-08-21 00:00:00-04:00,0.47803542017936707,0.4796951450839906,0.47637569527474355,0.47803542017936707,813600,0.0,0.0
1989-08-22 00:00:00-04:00,0.47803542367909446,0.48799434304237366,0.47637569876232,0.48799434304237366,313200,0.0,0.0
1989-08-23 00:00:00-04:00,0.48467479321119256,0.49463371169069004,0.4830150684417066,0.49131426215171814,1256400,0.0,0.0
1989-08-24 00:00:00-04:00,0.48965495742493037,0.5062533020973206,0.48965495742493037,0.5062533020973206,396000,0.0,0.0
1989-08-25 00:00:00-04:00,0.5062529108925126,0.5211915178279014,0.5062529108925126,0.5079126358032227,1407600,0.0,0.0
1989-08-28 00:00:00-04:00,0.5062530057443041,0.5162119269371033,0.5045932805226271,0.5162119269371033,680400,0.0,0.0
1989-08-29 00:00:00-04:00,0.5162116754424476,0.5178713998555187,0.5095722079277039,0.5095722079277039,1548000,0.0,0.0
1989-08-30 00:00:00-04:00,0.5079130282905762,0.5095727544838318,0.4996138274612275,0.5062533020973206,1767600,0.0,0.0
1989-08-31 00:00:00-04:00,0.5045932961918317,0.5112321972846985,0.5045932961918317,0.5112321972846985,1846800,0.0,0.0
1989-09-01 00:00:00-04:00,0.5143620754482143,0.5193555757286904,0.5126970800585033,0.5160265564918518,208800,0.003056,0.0
1989-09-05 00:00:00-04:00,0.5126971221141625,0.5143621176404501,0.5093681597538186,0.5110326409339905,309600,0.0,0.0
1989-09-06 00:00:00-04:00,0.5110326458013636,0.5110326458013636,0.5060392022132874,0.5060392022132874,288000,0.0,0.0
1989-09-07 00:00:00-04:00,0.5093684196472168,0.5126973837060873,0.5093684196472168,0.5093684196472168,1220400,0.0,0.0
1989-09-08 00:00:00-04:00,0.5160265988206222,0.5160265988206222,0.5093681597538186,0.5110326409339905,824400,0.0,0.0
1989-09-11 00:00:00-04:00,0.5110328745646127,0.519355855766202,0.5060394287412263,0.5176913738250732,4838400,0.0,0.0
1989-09-12 00:00:00-04:00,0.5176910946850529,0.5193555757286904,0.5093681179712284,0.5160265564918518,3794400,0.0,0.0
1989-09-13 00:00:00-04:00,0.5176910545924704,0.524349492597431,0.5176910545924704,0.5193555355072021,961200,0.0,0.0
1989-09-14 00:00:00-04:00,0.5160265988206222,0.5160265988206222,0.5043742018671868,0.5110326409339905,424800,0.0,0.0
1989-09-15 00:00:00-04:00,0.5077039276389277,0.5077039276389277,0.4993809461593628,0.4993809461593628,295200,0.0,0.0
1989-09-18 00:00:00-04:00,0.49938117881407734,0.5010456615862566,0.49272273337875233,0.49605169892311096,1065600,0.0,0.0
1989-09-19 00:00:00-04:00,0.494386846202594,0.5027098253316586,0.494386846202594,0.501045286655426,126000,0.0,0.0
1989-09-20 00:00:00-04:00,0.504374306858311,0.504374306858311,0.501045286655426,0.501045286655426,367200,0.0,0.0
1989-09-21 00:00:00-04:00,0.5043742066711412,0.5060392022132874,0.5010451871295214,0.5060392022132874,399600,0.0,0.0
1989-09-22 00:00:00-04:00,0.5027098253316586,0.5060393027311861,0.501045286655426,0.501045286655426,140400,0.0,0.0
1989-09-25 00:00:00-04:00,0.501045286655426,0.5027098253316586,0.501045286655426,0.501045286655426,68400,0.0,0.0
1989-09-26 00:00:00-04:00,0.5043744444847107,0.507703922792738,0.5010454233734506,0.5043744444847107,453600,0.0,0.0
1989-09-27 00:00:00-04:00,0.5077036834093128,0.5093681646053383,0.5060392022132874,0.5060392022132874,414000,0.0,0.0
1989-09-28 00:00:00-04:00,0.5093684196472168,0.5093684196472168,0.5093684196472168,0.5093684196472168,39600,0.0,0.0
1989-09-29 00:00:00-04:00,0.5060392022132874,0.5093681646053383,0.5027097254751157,0.5060392022132874,392400,0.0,0.0
1989-10-02 00:00:00-04:00,0.5060394555883464,0.5126973837060873,0.5010454380040649,0.5093684196472168,543600,0.0,0.0
1989-10-03 00:00:00-04:00,0.5093682571542218,0.5226851949838364,0.5093682571542218,0.5143622159957886,2815200,0.0,0.0
1989-10-04 00:00:00-04:00,0.516026989672718,0.5226854909324098,0.516026989672718,0.5210210084915161,1065600,0.0,0.0
1989-10-05 00:00:00-04:00,0.5226850296976084,0.5243495106697083,0.5210205487255085,0.5243495106697083,655200,0.0,0.0
1989-10-06 00:00:00-04:00,0.5210205307679676,0.5226850116826993,0.5193555355072021,0.5193555355072021,435600,0.0,0.0
1989-10-09 00:00:00-04:00,0.5193555355072021,0.5210205307679676,0.5193555355072021,0.5193555355072021,943200,0.0,0.0
1989-10-10 00:00:00-04:00,0.5210205487255085,0.5243495106697083,0.5193555534073572,0.5243495106697083,1717200,0.0,0.0
1989-10-11 00:00:00-04:00,0.5260139916418082,0.5260139916418082,0.5226850296976084,0.5243495106697083,428400,0.0,0.0
1989-10-12 00:00:00-04:00,0.5243499733733036,0.5243499733733036,0.5210210084915161,0.5210210084915161,1033200,0.0,0.0
1989-10-13 00:00:00-04:00,0.5210205711184014,0.5243495332056763,0.5126970800585033,0.5160265564918518,1108800,0.0,0.0
1989-10-16 00:00:00-04:00,0.5060391341349454,0.5260139916418082,0.49438668148858206,0.5243495106697083,3139200,0.0,0.0
1989-10-17 00:00:00-04:00,0.5210205307679676,0.5210205307679676,0.5143620356134476,0.5193555355072021,2116800,0.0,0.0
1989-10-18 00:00:00-04:00,0.5160268347343498,0.5210208520536816,0.5126973565057414,0.5176913738250732,1371600,0.0,0.0
1989-10-19 00:00:00-04:00,0.5210205307679676,0.5226850116826993,0.5193555355072021,0.5193555355072021,266400,0.0,0.0
1989-10-20 00:00:00-04:00,0.519355648012593,0.5360020609535991,0.519355648012593,0.5326725840568542,5151600,0.0,0.0
1989-10-23 00:00:00-04:00,0.5343370959011031,0.5543124725354825,0.5343370959011031,0.5476540327072144,11563200,0.0,0.0
1989-10-24 00:00:00-04:00,0.5443250153373508,0.5476540352433892,0.5376665754782475,0.5409955382347107,1868400,0.0,0.0
1989-10-25 00:00:00-04:00,0.5393312720324953,0.5443252325057983,0.5393312720324953,0.5443252325057983,104400,0.0,0.0
1989-10-26 00:00:00-04:00,0.5476537139875026,0.5526476695388998,0.5459891764361203,0.5493181943893433,489600,0.0,0.0
1989-10-27 00:00:00-04:00,0.5493184929071933,0.5609708907441269,0.5493184929071933,0.5509834885597229,2455200,0.0,0.0
1989-10-30 00:00:00-05:00,0.5576413875587116,0.5593063831329346,0.5526479438744344,0.5593063831329346,1681200,0.0,0.0
1989-10-31 00:00:00-05:00,0.5643000166256618,0.5692939758300781,0.5626355350062735,0.5692939758300781,1285200,0.0,0.0
1989-11-01 00:00:00-05:00,0.5676294942106899,0.5742879350344945,0.5659650125913015,0.5692939758300781,1090800,0.0,0.0
1989-11-02 00:00:00-05:00,0.5676295979475973,0.5676295979475973,0.5576416205638326,0.5659651160240173,1555200,0.0,0.0
1989-11-03 00:00:00-05:00,0.5626354027386895,0.5626354027386895,0.5559769063306192,0.5593063831329346,558000,0.0,0.0
1989-11-06 00:00:00-05:00,0.555976630342581,0.5593061054921376,0.5476537139875026,0.5493181943893433,216000,0.0,0.0
1989-11-07 00:00:00-05:00,0.5493184929071933,0.5526479698660978,0.5443249918384959,0.5509834885597229,1108800,0.0,0.0
1989-11-08 00:00:00-05:00,0.5526479862194449,0.5559769489307016,0.5526479862194449,0.5543124675750732,133200,0.0,0.0
1989-11-09 00:00:00-05:00,0.5543124251025268,0.560970864361027,0.5543124251025268,0.5593063831329346,4284000,0.0,0.0
1989-11-10 00:00:00-05:00,0.5559770031475294,0.5626355007150994,0.5559770031475294,0.5609709620475769,662400,0.0,0.0
1989-11-13 00:00:00-05:00,0.5626354333775797,0.5726228356361389,0.5593064135905396,0.5726228356361389,3229200,0.0,0.0
1989-11-14 00:00:00-05:00,0.5692940798711773,0.5776170609850165,0.5659651160240173,0.5659651160240173,388800,0.0,0.0
1989-11-15 00:00:00-05:00,0.5626354217529297,0.5642999030372732,0.5609708833190142,0.5626354217529297,129600,0.0,0.0
1989-11-16 00:00:00-05:00,0.5593061054921376,0.5593061054921376,0.5459891764361203,0.5493181943893433,673200,0.0,0.0
1989-11-17 00:00:00-05:00,0.5459894149393826,0.5459894149393826,0.5360020138196908,0.5426599383354187,1029600,0.0,0.0
1989-11-20 00:00:00-05:00,0.5443250153373508,0.5443250153373508,0.536002094100016,0.5409955382347107,1429200,0.0,0.0
1989-11-21 00:00:00-05:00,0.537666820068007,0.537666820068007,0.529343837894893,0.5360023379325867,288000,0.0,0.0
1989-11-22 00:00:00-05:00,0.5360023379325867,0.537666820068007,0.5343373414507554,0.5360023379325867,540000,0.0,0.0
1989-11-24 00:00:00-05:00,0.5360020609535991,0.5360020609535991,0.5326725840568542,0.5326725840568542,856800,0.0,0.0
1989-11-27 00:00:00-05:00,0.5326724617963425,0.5393308997154236,0.5326724617963425,0.5393308997154236,1396800,0.0,0.0
1989-11-28 00:00:00-05:00,0.5409957540748023,0.5459897145481053,0.5409957540748023,0.5443252325057983,1526400,0.0,0.0
1989-11-29 00:00:00-05:00,0.5476538890554787,0.5559768080711365,0.5476538890554787,0.5559768080711365,504000,0.0,0.0
1989-11-30 00:00:00-05:00,0.5559771782979271,0.5559771782979271,0.5443252325057983,0.5443252325057983,1137600,0.0,0.0
1989-12-01 00:00:00-05:00,0.5443250153373508,0.5476540352433892,0.5409955382347107,0.5409955382347107,1126800,0.0,0.0
1989-12-04 00:00:00-05:00,0.5374573254317107,0.5407953262329102,0.5341188088878981,0.5407953262329102,165600,0.003056,0.0
1989-12-05 00:00:00-05:00,0.5374576721555203,0.5374576721555203,0.5274425745010376,0.5274425745010376,356400,0.0,0.0
1989-12-06 00:00:00-05:00,0.5274425715804858,0.530781090259552,0.5274425715804858,0.530781090259552,1321200,0.0,0.0
1989-12-07 00:00:00-05:00,0.5307810931985898,0.5307810931985898,0.5274425745010376,0.5274425745010376,187200,0.0,0.0
1989-12-08 00:00:00-05:00,0.5324500704746962,0.5341191291809082,0.5307810690732532,0.5341191291809082,658800,0.0,0.0
1989-12-11 00:00:00-05:00,0.530781090259552,0.5324500917276137,0.5241045686443625,0.530781090259552,673200,0.0,0.0
1989-12-12 00:00:00-05:00,0.5307810931985898,0.532450094675893,0.5274425745010376,0.5274425745010376,835200,0.0,0.0
1989-12-13 00:00:00-05:00,0.5257732989673024,0.5257732989673024,0.5140892059257856,0.5207657814025879,3027600,0.0,0.0
1989-12-14 00:00:00-05:00,0.5174278616905212,0.5207659211054367,0.5107513417273896,0.5174278616905212,1674000,0.0,0.0
1989-12-15 00:00:00-05:00,0.5207660529793914,0.5224355702000588,0.5124204725430661,0.5157589912414551,608400,0.0,0.0
1989-12-18 00:00:00-05:00,0.5190969570487718,0.5207659582228082,0.5090823769569397,0.5090823769569397,1018800,0.0,0.0
1989-12-19 00:00:00-05:00,0.5057438588660148,0.5090823769569397,0.5057438588660148,0.5090823769569397,910800,0.0,0.0
1989-12-20 00:00:00-05:00,0.5074135834082232,0.5074135834082232,0.499067485332489,0.499067485332489,842400,0.0,0.0
1989-12-21 00:00:00-05:00,0.5007370029325168,0.5024060047894814,0.499067485332489,0.499067485332489,259200,0.0,0.0
1989-12-22 00:00:00-05:00,0.4957294585320149,0.49906746209049047,0.4940604567527771,0.4940604567527771,244800,0.0,0.0
1989-12-26 00:00:00-05:00,0.49406035556674766,0.49572935700416565,0.4907218369489783,0.49572935700416565,36000,0.0,0.0
1989-12-27 00:00:00-05:00,0.49239121929887475,0.4940602202792737,0.4890527015952847,0.4907217025756836,1807200,0.0,0.0
1989-12-28 00:00:00-05:00,0.4890528355115603,0.4973983584415836,0.4890528355115603,0.49572935700416565,1710000,0.0,0.0
1989-12-29 00:00:00-05:00,0.4973983041922687,0.5140894055366516,0.4973983041922687,0.5140894055366516,1112400,0.0,0.0
1990-01-02 00:00:00-05:00,0.5107514030258787,0.5157589225349153,0.5074134005151059,0.5140894055366516,889200,0.0,0.0
1990-01-03 00:00:00-05:00,0.5157588606354422,0.5241044389584102,0.5157588606354422,0.5174278616905212,1198800,0.0,0.0
1990-01-04 00:00:00-05:00,0.5140894055366516,0.5140894055366516,0.5124204042812651,0.5140894055366516,1760400,0.0,0.0
1990-01-05 00:00:00-05:00,0.5140894740207876,0.5174279927191766,0.5140894740207876,0.5157589912414551,100800,0.0,0.0
1990-01-08 00:00:00-05:00,0.5140893438375478,0.5174278616905212,0.5140893438375478,0.5174278616905212,644400,0.0,0.0
1990-01-09 00:00:00-05:00,0.5207657814025879,0.5207657814025879,0.5157587222758083,0.5207657814025879,799200,0.0,0.0
1990-01-10 00:00:00-05:00,0.5190971493721008,0.5190971493721008,0.5190971493721008,0.5190971493721008,14400,0.0,0.0
1990-01-11 00:00:00-05:00,0.519096780795242,0.5224352977526107,0.519096780795242,0.5207657814025879,57600,0.0,0.0
1990-01-12 00:00:00-05:00,0.5207658986613029,0.5274424183366878,0.5190968976781549,0.5241044163703918,597600,0.0,0.0
1990-01-15 00:00:00-05:00,0.5241044389584102,0.5257734400134892,0.5174278616905212,0.5174278616905212,1087200,0.0,0.0
1990-01-16 00:00:00-05:00,0.5140894055366516,0.5174279237903017,0.5124204042812651,0.5140894055366516,223200,0.0,0.0
1990-01-17 00:00:00-05:00,0.5174278616905212,0.5190969200503576,0.5157588606354422,0.5174278616905212,169200,0.0,0.0
1990-01-18 00:00:00-05:00,0.5174279237903017,0.5207659836058387,0.5124204042812651,0.5140894055366516,806400,0.0,0.0
1990-01-19 00:00:00-05:00,0.5174280680551433,0.5174280680551433,0.5090825437085066,0.5107515454292297,450000,0.0,0.0
1990-01-22 00:00:00-05:00,0.5074134592754099,0.5074134592754099,0.5024058818817139,0.5024058818817139,266400,0.0,0.0
1990-01-23 00:00:00-05:00,0.4990672745691035,0.4990672745691035,0.4873836934566498,0.4873836934566498,1368000,0.0,0.0
1990-01-24 00:00:00-05:00,0.48237630131349474,0.48237630131349474,0.4773692678859178,0.4790382981300354,601200,0.0,0.0
1990-01-25 00:00:00-05:00,0.4790382744284434,0.4840452789558986,0.4790382744284434,0.4823762774467468,1353600,0.0,0.0
1990-01-26 00:00:00-05:00,0.47736906327378487,0.4790380928025153,0.4673539978777602,0.47069251537323,3013200,0.0,0.0
1990-01-29 00:00:00-05:00,0.46735405921936035,0.47069257715302043,0.46735405921936035,0.46735405921936035,244800,0.0,0.0
1990-01-30 00:00:00-05:00,0.4640161991119385,0.4673542023248792,0.4640161991119385,0.4640161991119385,885600,0.0,0.0
1990-01-31 00:00:00-05:00,0.46401615751113373,0.46735416042480993,0.46234712740191014,0.4656851589679718,1666800,0.0,0.0
1990-02-01 00:00:00-05:00,0.4656849970014054,0.47069251537323,0.4623469665963202,0.47069251537323,4852800,0.0,0.0
1990-02-02 00:00:00-05:00,0.4740305608614612,0.4807071089744568,0.4740305608614612,0.4807071089744568,849600,0.0,0.0
1990-02-05 00:00:00-05:00,0.47736914214869747,0.4890527519135315,0.47736914214869747,0.4873836934566498,4194000,0.0,0.0
1990-02-06 00:00:00-05:00,0.48738357572951707,0.48738357572951707,0.4840450584888458,0.4840450584888458,540000,0.0,0.0
1990-02-07 00:00:00-05:00,0.4840452789558986,0.4840452789558986,0.4790382744284434,0.4823762774467468,604800,0.0,0.0
1990-02-08 00:00:00-05:00,0.48571479620800595,0.48571479620800595,0.4823762774467468,0.4823762774467468,93600,0.0,0.0
1990-02-09 00:00:00-05:00,0.4823759968613003,0.4823759968613003,0.4606773853302002,0.4606773853302002,9727200,0.0,0.0
1990-02-12 00:00:00-05:00,0.4606774361104842,0.4606774361104842,0.45733940601348877,0.45733940601348877,3686400,0.0,0.0
1990-02-13 00:00:00-05:00,0.4556706319256375,0.45900866389274597,0.45400114317766527,0.45900866389274597,5860800,0.0,0.0
1990-02-14 00:00:00-05:00,0.45733940601348877,0.4590084067358,0.4556703766388046,0.45733940601348877,4298400,0.0,0.0
1990-02-15 00:00:00-05:00,0.4590083561394925,0.46234687295882404,0.4590083561394925,0.4606773853302002,1414800,0.0,0.0
1990-02-16 00:00:00-05:00,0.4606774830522367,0.46234697103500366,0.4590084535074831,0.46234697103500366,752400,0.0,0.0
1990-02-20 00:00:00-05:00,0.46067769420249466,0.46067769420249466,0.45900866389274597,0.45900866389274597,1278000,0.0,0.0
1990-02-21 00:00:00-05:00,0.4556706180318247,0.4640161991119385,0.4556706180318247,0.4640161991119385,511200,0.0,0.0
1990-02-22 00:00:00-05:00,0.46568501831982045,0.46902304887771606,0.4623469877619248,0.46902304887771606,957600,0.0,0.0
1990-02-23 00:00:00-05:00,0.46735405921936035,0.46735405921936035,0.46568505812394423,0.46735405921936035,1152000,0.0,0.0
1990-02-26 00:00:00-05:00,0.4673542305890147,0.4756998121738434,0.4673542305890147,0.4756998121738434,385200,0.0,0.0
1990-02-27 00:00:00-05:00,0.47236188005956115,0.47569991283309965,0.47236188005956115,0.47403088212013245,338400,0.0,0.0
1990-02-28 00:00:00-05:00,0.4773692678859178,0.4790382981300354,0.47569977920359485,0.4790382981300354,252000,0.0,0.0
1990-03-01 00:00:00-05:00,0.47903810804499614,0.4840451108333781,0.477369078463159,0.4807071089744568,1130400,0.0,0.0
1990-03-02 00:00:00-05:00,0.4807072759375951,0.4840452789558986,0.4807072759375951,0.4823762774467468,262800,0.0,0.0
1990-03-05 00:00:00-05:00,0.4789600796828733,0.48063467189584896,0.4756104352909916,0.4772850275039673,813600,0.003333,0.0
1990-03-06 00:00:00-05:00,0.4772848672499211,0.48063451051712036,0.4772848672499211,0.48063451051712036,104400,0.0,0.0
1990-03-07 00:00:00-05:00,0.482309235360954,0.482309235360954,0.4772850275039673,0.4772850275039673,6364800,0.0,0.0
1990-03-08 00:00:00-05:00,0.47728481687922764,0.4789598683189371,0.47226107120513916,0.47226107120513916,2912400,0.0,0.0
1990-03-09 00:00:00-05:00,0.47226107120513916,0.47226107120513916,0.47226107120513916,0.47226107120513916,1202400,0.0,0.0
1990-03-12 00:00:00-05:00,0.4722612326994605,0.4722612326994605,0.4689115886403255,0.4705861806869507,252000,0.0,0.0
1990-03-13 00:00:00-05:00,0.47058609051074995,0.47058609051074995,0.4689114987850189,0.4689114987850189,18000,0.0,0.0
1990-03-14 00:00:00-05:00,0.4689114987850189,0.4689114987850189,0.4689114987850189,0.4689114987850189,1879200,0.0,0.0
1990-03-15 00:00:00-05:00,0.4722612326994605,0.4739358247460857,0.4689115886403255,0.4705861806869507,2246400,0.0,0.0
1990-03-16 00:00:00-05:00,0.47226107120513916,0.4739356626791213,0.47226107120513916,0.47226107120513916,266400,0.0,0.0
1990-03-19 00:00:00-05:00,0.47226107120513916,0.4739356626791213,0.47226107120513916,0.47226107120513916,1461600,0.0,0.0
1990-03-20 00:00:00-05:00,0.47226107120513916,0.4756102254052455,0.47226107120513916,0.47226107120513916,734400,0.0,0.0
1990-03-21 00:00:00-05:00,0.47226107120513916,0.4739356626791213,0.47226107120513916,0.47226107120513916,2361600,0.0,0.0
1990-03-22 00:00:00-05:00,0.4722611422022775,0.4722611422022775,0.4689114987850189,0.4689114987850189,2156400,0.0,0.0
1990-03-23 00:00:00-05:00,0.4689117682534648,0.4689117682534648,0.4638880476850263,0.4672372043132782,108000,0.0,0.0
1990-03-26 00:00:00-05:00,0.46723686556532334,0.4739356626791213,0.46723686556532334,0.47226107120513916,1116000,0.0,0.0
1990-03-27 00:00:00-05:00,0.4756102254052455,0.4756102254052455,0.47226107120513916,0.47226107120513916,108000,0.0,0.0
1990-03-28 00:00:00-05:00,0.4722614135956563,0.4722614135956563,0.4672372043132782,0.4672372043132782,241200,0.0,0.0
1990-03-29 00:00:00-05:00,0.4672371158367582,0.4672371158367582,0.4655625522136688,0.4655625522136688,237600,0.0,0.0
1990-03-30 00:00:00-05:00,0.46556264037309164,0.4722614135956563,0.46556264037309164,0.4672372043132782,925200,0.0,0.0
1990-04-02 00:00:00-04:00,0.46556219317034736,0.46723675550200794,0.46388760209083557,0.46388760209083557,205200,0.0,0.0
1990-04-03 00:00:00-04:00,0.4622129797935486,0.4638880323924548,0.4588638232757052,0.4622129797935486,550800,0.0,0.0
1990-04-04 00:00:00-04:00,0.465562505425385,0.465562505425385,0.4588637053966522,0.4588637053966522,219600,0.0,0.0
1990-04-05 00:00:00-04:00,0.46221299503090013,0.4672372043132782,0.46221299503090013,0.4672372043132782,892800,0.0,0.0
1990-04-06 00:00:00-04:00,0.4655622718926168,0.4655622718926168,0.4488155245780945,0.4488155245780945,579600,0.0,0.0
1990-04-09 00:00:00-04:00,0.4521646785555778,0.4538392411703914,0.4488155245780945,0.4488155245780945,2160000,0.0,0.0
1990-04-10 00:00:00-04:00,0.4454658329486847,0.4454658329486847,0.4404416281947883,0.4454658329486847,270000,0.0,0.0
1990-04-11 00:00:00-04:00,0.44379127051783657,0.4454658329486847,0.4404416281947883,0.4454658329486847,403200,0.0,0.0
1990-04-12 00:00:00-04:00,0.4488159103397758,0.45216506719589233,0.44714085757168504,0.45216506719589233,147600,0.0,0.0
1990-04-16 00:00:00-04:00,0.45049011594076416,0.45049011594076416,0.447140473249728,0.4488155245780945,1260000,0.0,0.0
1990-04-17 00:00:00-04:00,0.448815732511317,0.4555140435695648,0.448815732511317,0.4555140435695648,536400,0.0,0.0
1990-04-18 00:00:00-04:00,0.4555139423627606,0.4605381488800049,0.4555139423627606,0.4605381488800049,2059200,0.0,0.0
1990-04-19 00:00:00-04:00,0.4571892321109772,0.46053838863957536,0.4538395868684539,0.4571892321109772,356400,0.0,0.0
1990-04-20 00:00:00-04:00,0.46556264037309164,0.4689117682534648,0.46556264037309164,0.4672372043132782,2649600,0.0,0.0
1990-04-23 00:00:00-04:00,0.4672372043132782,0.47058636094153017,0.4672372043132782,0.4672372043132782,504000,0.0,0.0
1990-04-24 00:00:00-04:00,0.47058609051074995,0.47058609051074995,0.4689114987850189,0.4689114987850189,4122000,0.0,0.0
1990-04-25 00:00:00-04:00,0.47226107120513916,0.4739356626791213,0.47226107120513916,0.47226107120513916,1108800,0.0,0.0
1990-04-26 00:00:00-04:00,0.47226107120513916,0.47226107120513916,0.4705860197654297,0.47226107120513916,1947600,0.0,0.0
1990-04-27 00:00:00-04:00,0.475610128449933,0.48230892419815063,0.475610128449933,0.48230892419815063,817200,0.0,0.0
1990-04-30 00:00:00-04:00,0.4856581988038009,0.4856581988038009,0.48063451009961267,0.4839836359024048,284400,0.0,0.0
1990-05-01 00:00:00-04:00,0.4839834865829076,0.4839834865829076,0.47895977068078466,0.48230892419815063,4582800,0.0,0.0
1990-05-02 00:00:00-04:00,0.48230892419815063,0.48230892419815063,0.48230892419815063,0.48230892419815063,1620000,0.0,0.0
1990-05-03 00:00:00-04:00,0.48230926867210133,0.4906826615333557,0.48230926867210133,0.4906826615333557,1324800,0.0,0.0
1990-05-04 00:00:00-04:00,0.48733347687608974,0.49235722511411606,0.485658395833622,0.4906826615333557,651600,0.0,0.0
1990-05-07 00:00:00-04:00,0.48733347687608974,0.4906826615333557,0.4839838322528617,0.4906826615333557,554400,0.0,0.0
1990-05-08 00:00:00-04:00,0.4923574158721941,0.4990561902523041,0.4923574158721941,0.4990561902523041,1090800,0.0,0.0
1990-05-09 00:00:00-04:00,0.49905614546769517,0.5040803551673889,0.49905614546769517,0.5040803551673889,370800,0.0,0.0
1990-05-10 00:00:00-04:00,0.5040801472470523,0.5040801472470523,0.50240558385849,0.50240558385849,169200,0.0,0.0
1990-05-11 00:00:00-04:00,0.5057547560584249,0.5107789635658264,0.500730491055286,0.5107789635658264,662400,0.0,0.0
1990-05-14 00:00:00-04:00,0.5241763506163787,0.5442721950847811,0.5225012704841329,0.5358988642692566,1904400,0.0,0.0
1990-05-15 00:00:00-04:00,0.5325496495989239,0.535898832236081,0.5292000069960823,0.5342242121696472,1098000,0.0,0.0
1990-05-16 00:00:00-04:00,0.5308747365890869,0.542597770690918,0.5292001734915175,0.542597770690918,853200,0.0,0.0
1990-05-17 00:00:00-04:00,0.5442725150856678,0.5459470787410344,0.5392488241195679,0.5392488241195679,230400,0.0,0.0
1990-05-18 00:00:00-04:00,0.5392488670190607,0.5392488670190607,0.532550036907196,0.532550036907196,115200,0.0,0.0
1990-05-21 00:00:00-04:00,0.5358992219801187,0.537573785768704,0.5308749556568393,0.532550036907196,2390400,0.0,0.0
1990-05-22 00:00:00-04:00,0.5325499471678382,0.5392487761508912,0.5308748661997474,0.5375736951828003,1782000,0.0,0.0
1990-05-23 00:00:00-04:00,0.5358991922287866,0.5492967367172241,0.5358991922287866,0.5492967367172241,694800,0.0,0.0
1990-05-24 00:00:00-04:00,0.54594685643732,0.5526456832885742,0.54594685643732,0.5526456832885742,151200,0.0,0.0
1990-05-25 00:00:00-04:00,0.5509713579085923,0.5543210027615731,0.5492967367172241,0.5492967367172241,374400,0.0,0.0
1990-05-29 00:00:00-04:00,0.5476219368723423,0.555995326697099,0.54594685643732,0.5526456832885742,219600,0.0,0.0
1990-05-30 00:00:00-04:00,0.554320811375714,0.5593445007280824,0.554320811375714,0.5576699376106262,129600,0.0,0.0
1990-05-31 00:00:00-04:00,0.5576698896706015,0.5610190156176066,0.5526456832885742,0.5526456832885742,500400,0.0,0.0
1990-06-01 00:00:00-04:00,0.5559954884689642,0.5559954884689642,0.5459470152854919,0.5459470152854919,82800,0.0,0.0
1990-06-04 00:00:00-04:00,0.5425207288008396,0.5542778658246995,0.5425207288008396,0.5525983572006226,1195200,0.003333,0.0
1990-06-05 00:00:00-04:00,0.5525981714920672,0.5576372146606445,0.5525981714920672,0.5576372146606445,1526400,0.0,0.0
1990-06-06 00:00:00-04:00,0.557637040532607,0.5626755631382375,0.557637040532607,0.5609960556030273,554400,0.0,0.0
1990-06-07 00:00:00-04:00,0.564355731010437,0.564355731010437,0.5626757040649973,0.564355731010437,554400,0.0,0.0
1990-06-08 00:00:00-04:00,0.5626757040649973,0.564355731010437,0.5626757040649973,0.564355731010437,3650400,0.0,0.0
1990-06-11 00:00:00-04:00,0.5643559454184944,0.5710745564495239,0.5643559454184944,0.5693945288658142,190800,0.0,0.0
1990-06-12 00:00:00-04:00,0.5677152774746681,0.5761133432388306,0.5643562010994521,0.5761133432388306,2293200,0.0,0.0
1990-06-13 00:00:00-04:00,0.5761130139299404,0.577792522324755,0.5677149529661488,0.5744335055351257,802800,0.0,0.0
1990-06-14 00:00:00-04:00,0.5727542638778687,0.5727542638778687,0.5710747547008893,0.5727542638778687,180000,0.0,0.0
1990-06-15 00:00:00-04:00,0.5693946442482167,0.5710746721723681,0.5660355687141418,0.5660355687141418,608400,0.0,0.0
1990-06-18 00:00:00-04:00,0.5660352389662938,0.5660352389662938,0.5626757040649973,0.564355731010437,118800,0.0,0.0
1990-06-19 00:00:00-04:00,0.564355731010437,0.5660352389662938,0.564355731010437,0.564355731010437,118800,0.0,0.0
1990-06-20 00:00:00-04:00,0.5643560597798758,0.5677151353139507,0.5643560597798758,0.5660355687141418,417600,0.0,0.0
1990-06-21 00:00:00-04:00,0.5660355021226988,0.5710746049880981,0.5660355021226988,0.5710746049880981,6890400,0.0,0.0
1990-06-22 00:00:00-04:00,0.5710745360638325,0.5912297341165971,0.5710745360638325,0.587870717048645,6901200,0.0,0.0
1990-06-25 00:00:00-04:00,0.5861912480923371,0.5861912480923371,0.5845112204551697,0.5845112204551697,972000,0.0,0.0
1990-06-26 00:00:00-04:00,0.5828317118077989,0.5845112204551697,0.5828317118077989,0.5845112204551697,82800,0.0,0.0
1990-06-27 00:00:00-04:00,0.5845112204551697,0.5845112204551697,0.5828317118077989,0.5845112204551697,14400,0.0,0.0
1990-06-28 00:00:00-04:00,0.5845111809909314,0.587870717048645,0.5845111809909314,0.587870717048645,97200,0.0,0.0
1990-06-29 00:00:00-04:00,0.5845110657941149,0.5912296175956726,0.5828315575911404,0.5912296175956726,216000,0.0,0.0
1990-07-02 00:00:00-04:00,0.5912296975485142,0.5979483079241569,0.5912296975485142,0.5945892333984375,302400,0.0,0.0
1990-07-03 00:00:00-04:00,0.5979483569093746,0.6231426000595093,0.5979483569093746,0.6231426000595093,1468800,0.0,0.0
1990-07-05 00:00:00-04:00,0.6197834313757573,0.6197834313757573,0.6080257786318429,0.6097058057785034,4305600,0.0,0.0
1990-07-06 00:00:00-04:00,0.6080256700515747,0.6113852047553103,0.6063461621944831,0.6080256700515747,1508400,0.0,0.0
1990-07-09 00:00:00-04:00,0.6097060155380952,0.6147445994081018,0.6063464790786245,0.6113855242729187,2070000,0.0,0.0
1990-07-10 00:00:00-04:00,0.6080260036295945,0.6080260036295945,0.597948431968689,0.597948431968689,457200,0.0,0.0
1990-07-11 00:00:00-04:00,0.5996279407472004,0.5996279407472004,0.5945893567461287,0.597948431968689,136800,0.0,0.0
1990-07-12 00:00:00-04:00,0.597948431968689,0.597948431968689,0.5945893567461287,0.597948431968689,129600,0.0,0.0
1990-07-13 00:00:00-04:00,0.5945892333984375,0.5996278163542538,0.584511144838397,0.5945892333984375,1494000,0.0,0.0
1990-07-16 00:00:00-04:00,0.5929090976715088,0.5945891247844435,0.5878705733016086,0.5929090976715088,244800,0.0,0.0
1990-07-17 00:00:00-04:00,0.5895504590091761,0.5996280908584595,0.5895504590091761,0.5996280908584595,867600,0.0,0.0
1990-07-18 00:00:00-04:00,0.5962687418285344,0.5979483079241569,0.5912296975485142,0.5945892333984375,2138400,0.0,0.0
1990-07-19 00:00:00-04:00,0.5929092059786111,0.5962687418285344,0.5912296975485142,0.5945892333984375,126000,0.0,0.0
1990-07-20 00:00:00-04:00,0.634900259533275,0.6516964409571887,0.634900259533275,0.6483374238014221,5108400,0.0,0.0
1990-07-23 00:00:00-04:00,0.6449782252311707,0.6449782252311707,0.6382596107478747,0.6449782252311707,3268800,0.0,0.0
1990-07-24 00:00:00-04:00,0.6483371571162927,0.6584147810935974,0.6483371571162927,0.6584147810935974,5126400,0.0,0.0
1990-07-25 00:00:00-04:00,0.6584150396274975,0.6617745757102966,0.6567354734154511,0.6617745757102966,2318400,0.0,0.0
1990-07-26 00:00:00-04:00,0.6634541966360045,0.6701727509498596,0.6634541966360045,0.6701727509498596,9867600,0.0,0.0
1990-07-27 00:00:00-04:00,0.6718521057022513,0.6785707161408392,0.6701725972564194,0.6768912076950073,8254800,0.0,0.0
1990-07-30 00:00:00-04:00,0.680250346660614,0.6819298554078411,0.6768913291661597,0.680250346660614,2772000,0.0,0.0
1990-07-31 00:00:00-04:00,0.6836089126615793,0.6836089126615793,0.6752108554821618,0.6785703897476196,3974400,0.0,0.0
1990-08-01 00:00:00-04:00,0.6785705755709601,0.6785705755709601,0.6718519665241716,0.6735315322875977,3891600,0.0,0.0
1990-08-02 00:00:00-04:00,0.673531677943049,0.673531677943049,0.6718521118164062,0.6718521118164062,248400,0.0,0.0
1990-08-03 00:00:00-04:00,0.6752112566980787,0.6752112566980787,0.6533759721301022,0.6550559997558594,2512800,0.0,0.0
1990-08-06 00:00:00-04:00,0.6483371890602323,0.6483371890602323,0.6248224051833958,0.6315410137176514,1400400,0.0,0.0
1990-08-07 00:00:00-04:00,0.6315412385430129,0.6332207471106989,0.6231426000595093,0.6231426000595093,2134800,0.0,0.0
1990-08-08 00:00:00-04:00,0.6197836590932951,0.6382593512535095,0.6181041503192037,0.6382593512535095,2548800,0.0,0.0
1990-08-09 00:00:00-04:00,0.6382592987613075,0.65841507469332,0.6382592987613075,0.6550559997558594,2984400,0.0,0.0
1990-08-10 00:00:00-04:00,0.6584150396274975,0.6651335928033304,0.6584150396274975,0.6617745757102966,590400,0.0,0.0
1990-08-13 00:00:00-04:00,0.6634537027530718,0.6668127179145813,0.6634537027530718,0.6668127179145813,158400,0.0,0.0
1990-08-14 00:00:00-04:00,0.6684925759044349,0.6718521118164062,0.6651335589822026,0.6718521118164062,1782000,0.0,0.0
1990-08-15 00:00:00-04:00,0.6718521118164062,0.6752111864041651,0.6668130674433187,0.6718521118164062,583200,0.0,0.0
1990-08-16 00:00:00-04:00,0.6718520315241183,0.6718520315241183,0.6684924960136414,0.6684924960136414,518400,0.0,0.0
1990-08-17 00:00:00-04:00,0.6668131013498472,0.6701726374326463,0.6617745757102966,0.6617745757102966,97200,0.0,0.0
1990-08-20 00:00:00-04:00,0.6584149274615644,0.6684924960136414,0.6584149274615644,0.6684924960136414,464400,0.0,0.0
1990-08-21 00:00:00-04:00,0.6651339533499367,0.6651339533499367,0.6432987157742486,0.6449782252311707,1656000,0.0,0.0
1990-08-22 00:00:00-04:00,0.6416185805259766,0.6416185805259766,0.6281814787884848,0.6315410137176514,1051200,0.0,0.0
1990-08-23 00:00:00-04:00,0.6281814787884848,0.6382590455968101,0.6248224051833958,0.6315410137176514,2512800,0.0,0.0
1990-08-24 00:00:00-04:00,0.6315413518754249,0.6382593873517446,0.6248227397436995,0.6281818151473999,3042000,0.0,0.0
1990-08-27 00:00:00-04:00,0.6315412768399886,0.6449779228515828,0.6315412768399886,0.6416188478469849,939600,0.0,0.0
1990-08-28 00:00:00-04:00,0.6382591022440856,0.6432982032557858,0.6382591022440856,0.6399391293525696,324000,0.0,0.0
1990-08-29 00:00:00-04:00,0.6432983972519005,0.6684926412667714,0.6399393223357057,0.6634541153907776,3243600,0.0,0.0
1990-08-30 00:00:00-04:00,0.6600944947135656,0.6617745221137841,0.6550559118165558,0.6567354202270508,1720800,0.0,0.0
1990-08-31 00:00:00-04:00,0.6567354760451074,0.6651335954666138,0.6550559674918656,0.6651335954666138,172800,0.0,0.0
1990-09-04 00:00:00-04:00,0.6617745203182765,0.7104835510253906,0.6617745203182765,0.7104835510253906,954000,0.0,0.0
1990-09-05 00:00:00-04:00,0.7054444551467896,0.7071244824193943,0.6987258453599021,0.7054444551467896,874800,0.0,0.0
1990-09-06 00:00:00-04:00,0.7104834218455331,0.7474353103372532,0.7104834218455331,0.7440757751464844,1141200,0.0,0.0
1990-09-07 00:00:00-04:00,0.7457563792628282,0.7575135217190083,0.7339987754821777,0.7339987754821777,1839600,0.0,0.0
1990-09-10 00:00:00-04:00,0.737297567410159,0.737297567410159,0.7170979380607605,0.7170979380607605,2512800,0.003333,0.0
1990-09-11 00:00:00-04:00,0.7204646577571054,0.7322481449798488,0.7204646577571054,0.7271980047225952,2696400,0.0,0.0
1990-09-12 00:00:00-04:00,0.7339310057159452,0.7406644072998414,0.7339310057159452,0.7372974753379822,716400,0.0,0.0
1990-09-13 00:00:00-04:00,0.7389812318749465,0.7389812318749465,0.7339310359974621,0.7356142997741699,579600,0.0,0.0
1990-09-14 00:00:00-04:00,0.7339308589226267,0.7473976016044617,0.7339308589226267,0.7473976016044617,928800,0.0,0.0
1990-09-17 00:00:00-04:00,0.740664201726505,0.750764012336731,0.7322475965638805,0.750764012336731,662400,0.0,0.0
1990-09-18 00:00:00-04:00,0.7507642207132968,0.7507642207132968,0.7372974753379822,0.7372974753379822,457200,0.0,0.0
1990-09-19 00:00:00-04:00,0.7372975057583976,0.7372975057583976,0.7356142997741699,0.7356142997741699,1760400,0.0,0.0
1990-09-20 00:00:00-04:00,0.7288806256590079,0.7288806256590079,0.7137306794026851,0.7187808156013489,842400,0.0,0.0
1990-09-21 00:00:00-04:00,0.7187811441857354,0.7221476142281702,0.7137310056784459,0.7170979380607605,1378800,0.0,0.0
1990-09-24 00:00:00-04:00,0.7137307748149311,0.7137307748149311,0.6632313132286072,0.6632313132286072,1213200,0.0,0.0
1990-09-25 00:00:00-04:00,0.6632313400973857,0.6632313400973857,0.6497645968507638,0.6531310081481934,619200,0.0,0.0
1990-09-26 00:00:00-04:00,0.6531312753977769,0.6564982082051125,0.6497648627228718,0.6548144817352295,1231200,0.0,0.0
1990-09-27 00:00:00-04:00,0.6514480290480209,0.6514480290480209,0.5655984428991819,0.5723318457603455,2516400,0.0,0.0
1990-09-28 00:00:00-04:00,0.567281516797374,0.614414632320404,0.5622313791408683,0.614414632320404,2044800,0.0,0.0
1990-10-01 00:00:00-04:00,0.6127314950242159,0.6531312175867814,0.6127314950242159,0.6514480113983154,1209600,0.0,0.0
1990-10-02 00:00:00-04:00,0.6514478311652229,0.6514478311652229,0.636297881603241,0.636297881603241,478800,0.0,0.0
1990-10-03 00:00:00-04:00,0.6329317409236644,0.6329317409236644,0.622831404209137,0.622831404209137,1357200,0.0,0.0
1990-10-04 00:00:00-04:00,0.6245142681035565,0.6346145992780142,0.6245142681035565,0.6261979937553406,421200,0.0,0.0
1990-10-05 00:00:00-04:00,0.6177812218666077,0.6228308365932017,0.6177812218666077,0.6177812218666077,324000,0.0,0.0
1990-10-08 00:00:00-04:00,0.6127312619974296,0.6127312619974296,0.6076811252202564,0.6093643307685852,1051200,0.0,0.0
1990-10-09 00:00:00-04:00,0.6043146367774719,0.6043146367774719,0.5958980321884155,0.5958980321884155,608400,0.0,0.0
1990-10-10 00:00:00-04:00,0.5857979659257605,0.5874816919828675,0.5689648086206367,0.5706480145454407,435600,0.0,0.0
1990-10-11 00:00:00-04:00,0.5689649146284323,0.5689649146284323,0.5588650992730608,0.5605483055114746,748800,0.0,0.0
1990-10-12 00:00:00-04:00,0.5605481135378568,0.5756980625523935,0.5605481135378568,0.5689647197723389,1396800,0.0,0.0
1990-10-15 00:00:00-04:00,0.56559835475774,0.56559835475774,0.5588650107383728,0.5588650107383728,2055600,0.0,0.0
1990-10-16 00:00:00-04:00,0.5605481414880871,0.5672814846038818,0.5605481414880871,0.5672814846038818,360000,0.0,0.0
1990-10-17 00:00:00-04:00,0.5672815299562899,0.5756981372833252,0.5672815299562899,0.5756981372833252,108000,0.0,0.0
1990-10-18 00:00:00-04:00,0.5790646359165748,0.5925313830375671,0.5790646359165748,0.5925313830375671,162000,0.0,0.0
1990-10-19 00:00:00-04:00,0.579064506098318,0.6043147885465671,0.5723316830758376,0.6009478569030762,2221200,0.0,0.0
1990-10-22 00:00:00-04:00,0.6026317477226257,0.6093645725877839,0.5975815511488759,0.6026317477226257,331200,0.0,0.0
1990-10-23 00:00:00-04:00,0.605997926093962,0.6329314112663269,0.605997926093962,0.6329314112663269,1173600,0.0,0.0
1990-10-24 00:00:00-04:00,0.6362977799887133,0.6480813162233435,0.6362977799887133,0.646397590637207,640800,0.0,0.0
1990-10-25 00:00:00-04:00,0.6430312699459495,0.6430312699459495,0.614414632320404,0.614414632320404,2199600,0.0,0.0
1990-10-26 00:00:00-04:00,0.6245142359721022,0.6245142359721022,0.6160976886749268,0.6160976886749268,180000,0.0,0.0
1990-10-29 00:00:00-05:00,0.6059981601552048,0.6093645725877839,0.5992648151576536,0.6026317477226257,388800,0.0,0.0
1990-10-30 00:00:00-05:00,0.5992644839221566,0.5992644839221566,0.589164674282074,0.589164674282074,230400,0.0,0.0
1990-10-31 00:00:00-05:00,0.5891648352820968,0.5891648352820968,0.5655982788579951,0.5672814846038818,230400,0.0,0.0
1990-11-01 00:00:00-05:00,0.5672814563179115,0.5689647197723389,0.5655982506559533,0.5689647197723389,1623600,0.0,0.0
1990-11-02 00:00:00-05:00,0.5689646636292325,0.5857978166447007,0.5622312637211331,0.5841146111488342,658800,0.0,0.0
1990-11-05 00:00:00-05:00,0.5807484464203754,0.6127315637004757,0.5807484464203754,0.6059982180595398,2300400,0.0,0.0
1990-11-06 00:00:00-05:00,0.6059981601552048,0.6194649079427954,0.6026317477226257,0.6026317477226257,1105200,0.0,0.0
1990-11-07 00:00:00-05:00,0.6026317477226257,0.6026317477226257,0.5992648151576536,0.6026317477226257,756000,0.0,0.0
1990-11-08 00:00:00-05:00,0.6026314615322795,0.6026314615322795,0.5975812673568726,0.5975812673568726,684000,0.0,0.0
1990-11-09 00:00:00-05:00,0.5942143067233998,0.5975812375213112,0.5942143067233998,0.5958980321884155,1807200,0.0,0.0
1990-11-12 00:00:00-05:00,0.594214486241708,0.6228311816597287,0.594214486241708,0.614414632320404,640800,0.0,0.0
1990-11-13 00:00:00-05:00,0.6127312922311327,0.6160977612863655,0.607681155204773,0.607681155204773,568800,0.0,0.0
1990-11-14 00:00:00-05:00,0.6076810835852902,0.6211478251060923,0.6043146727192804,0.6160976886749268,1011600,0.0,0.0
1990-11-15 00:00:00-05:00,0.6177814460251312,0.6261979937553406,0.6177814460251312,0.6261979937553406,864000,0.0,0.0
1990-11-16 00:00:00-05:00,0.6632313692816426,0.6632313692816426,0.6329314701576788,0.636297881603241,1584000,0.0,0.0
1990-11-19 00:00:00-05:00,0.6329313611938897,0.6362977720598996,0.6160976886749268,0.6160976886749268,658800,0.0,0.0
1990-11-20 00:00:00-05:00,0.6194646515447375,0.6329313937584079,0.6194646515447375,0.6261979937553406,1393200,0.0,0.0
1990-11-21 00:00:00-05:00,0.6261982152512658,0.6396644420959697,0.6261982152512658,0.6379812359809875,666000,0.0,0.0
1990-11-23 00:00:00-05:00,0.6379811775658006,0.6379811775658006,0.6346147656440735,0.6346147656440735,162000,0.0,0.0
1990-11-26 00:00:00-05:00,0.6346144845340365,0.6463974989654483,0.6329312793187687,0.6413478255271912,244800,0.0,0.0
1990-11-27 00:00:00-05:00,0.6447144752342304,0.6598644244929,0.6447144752342304,0.6564979553222656,1321200,0.0,0.0
1990-11-28 00:00:00-05:00,0.6564978658218226,0.666597676504107,0.6564978658218226,0.6581810712814331,1422000,0.0,0.0
1990-11-29 00:00:00-05:00,0.6564978636253963,0.6564978636253963,0.646397590637207,0.646397590637207,104400,0.0,0.0
1990-11-30 00:00:00-05:00,0.6379807960466993,0.6480811238288879,0.6362975910924098,0.6480811238288879,273600,0.0,0.0
1990-12-03 00:00:00-05:00,0.6531306709876943,0.659864068031311,0.6497642614280799,0.659864068031311,918000,0.0,0.0
1990-12-04 00:00:00-05:00,0.6632314021953966,0.6733311571655376,0.6632314021953966,0.664914608001709,1738800,0.0,0.0
1990-12-05 00:00:00-05:00,0.6598644278027445,0.6867978572845459,0.6598644278027445,0.6867978572845459,1285200,0.0,0.0
1990-12-06 00:00:00-05:00,0.6817476275325953,0.6867977640719959,0.6733310222625732,0.6733310222625732,1350000,0.0,0.0
1990-12-07 00:00:00-05:00,0.6699640752141043,0.6733310062041266,0.6531309228679809,0.6665976643562317,2646000,0.0,0.0
1990-12-10 00:00:00-05:00,0.6547178569958163,0.6614676170033077,0.6547178569958163,0.6597802639007568,1256400,0.003333,0.0
1990-12-11 00:00:00-05:00,0.6631550581814063,0.6749671697616577,0.661467762640241,0.6749671697616577,1335600,0.0,0.0
1990-12-12 00:00:00-05:00,0.6749667444721483,0.6817165017127991,0.6749667444721483,0.6817165017127991,3772800,0.0,0.0
1990-12-13 00:00:00-05:00,0.6800297863672579,0.6884667873382568,0.6800297863672579,0.6884667873382568,439200,0.0,0.0
1990-12-14 00:00:00-05:00,0.6867792943452095,0.6884671124533784,0.6715925232136164,0.680030107498169,1238400,0.0,0.0
1990-12-17 00:00:00-05:00,0.6749671047344618,0.6800295701991745,0.6715919925812467,0.6766544580459595,421200,0.0,0.0
1990-12-18 00:00:00-05:00,0.6715919925812467,0.6766544580459595,0.6665301064454193,0.6766544580459595,543600,0.0,0.0
1990-12-19 00:00:00-05:00,0.6732799410820007,0.6749672367907266,0.671592123977176,0.6732799410820007,165600,0.0,0.0
1990-12-20 00:00:00-05:00,0.671592123977176,0.6732799410820007,0.671592123977176,0.6732799410820007,1011600,0.0,0.0
1990-12-21 00:00:00-05:00,0.6682173948356047,0.6817168584481783,0.6682173948356047,0.6783417463302612,1504800,0.0,0.0
1990-12-24 00:00:00-05:00,0.6850914491701041,0.6850914491701041,0.6749670976754476,0.6783417463302612,273600,0.0,0.0
1990-12-26 00:00:00-05:00,0.6817174042099291,0.6817174042099291,0.6783422893900001,0.680030107498169,334800,0.0,0.0
1990-12-27 00:00:00-05:00,0.6817172865774153,0.6985913515090942,0.6749675215657254,0.6985913515090942,928800,0.0,0.0
1990-12-28 00:00:00-05:00,0.6884667146410552,0.7002783641276693,0.6884667146410552,0.6952164769172668,1206000,0.0,0.0
1990-12-31 00:00:00-05:00,0.6918412446975708,0.6918412446975708,0.6884665958732312,0.6918412446975708,324000,0.0,0.0
1991-01-02 00:00:00-05:00,0.6884669192380517,0.7087156327551438,0.6884669192380517,0.701965868473053,972000,0.0,0.0
1991-01-03 00:00:00-05:00,0.7053408102116767,0.7053408102116767,0.6969038096832746,0.7036535143852234,1490400,0.0,0.0
1991-01-04 00:00:00-05:00,0.7019655116982778,0.7053406238555908,0.6985909209369623,0.7053406238555908,331200,0.0,0.0
1991-01-07 00:00:00-05:00,0.701965868473053,0.703653686107543,0.7002785722348254,0.701965868473053,172800,0.0,0.0
1991-01-08 00:00:00-05:00,0.70027821631762,0.7053406238555908,0.6985909209369623,0.7053406238555908,514800,0.0,0.0
1991-01-09 00:00:00-05:00,0.7087151422929647,0.722214603582005,0.7087151422929647,0.712090253829956,1908000,0.0,0.0
1991-01-10 00:00:00-05:00,0.7053408102116767,0.7070281639710341,0.7019656971626348,0.7036535143852234,10796400,0.0,0.0
1991-01-11 00:00:00-05:00,0.7019655116982778,0.7104030893264502,0.7019655116982778,0.7053406238555908,993600,0.0,0.0
1991-01-14 00:00:00-05:00,0.7019657952807968,0.7019657952807968,0.6834044378701978,0.6850917339324951,1850400,0.0,0.0
1991-01-15 00:00:00-05:00,0.6834045147433813,0.6850918109954752,0.6310945073558467,0.6327818036079407,2361600,0.0,0.0
1991-01-16 00:00:00-05:00,0.6209698915481567,0.6344693566606159,0.6209698915481567,0.6209698915481567,5011200,0.0,0.0
1991-01-17 00:00:00-05:00,0.6412182712694959,0.6412182712694959,0.6310939808077839,0.6344690918922424,4568400,0.0,0.0
1991-01-18 00:00:00-05:00,0.6344695821411822,0.6479685306549072,0.6344695821411822,0.6479685306549072,1454400,0.0,0.0
1991-01-21 00:00:00-05:00,0.6462808868162742,0.6783416978321173,0.6462808868162742,0.6715919375419617,741600,0.0,0.0
1991-01-22 00:00:00-05:00,0.671592086067978,0.671592086067978,0.6648429036140442,0.6648429036140442,241200,0.0,0.0
1991-01-23 00:00:00-05:00,0.6631549596786499,0.6665300716557001,0.6631549596786499,0.6631549596786499,126000,0.0,0.0
1991-01-24 00:00:00-05:00,0.664842756580644,0.6783416978321173,0.661467644704031,0.6715919375419617,1108800,0.0,0.0
1991-01-25 00:00:00-05:00,0.6682174874932758,0.6682174874932758,0.664842896303416,0.666530191898346,1728000,0.0,0.0
1991-01-28 00:00:00-05:00,0.6648427763651599,0.6648427763651599,0.6631549596786499,0.6631549596786499,93600,0.0,0.0
1991-01-29 00:00:00-05:00,0.6631550793124225,0.6699047830882058,0.6631550793124225,0.666530191898346,777600,0.0,0.0
1991-01-30 00:00:00-05:00,0.6665300587419606,0.6715919445155096,0.6665300587419606,0.6699046492576599,147600,0.0,0.0
1991-01-31 00:00:00-05:00,0.6699049686464907,0.6850917339324951,0.6682176725841934,0.6850917339324951,1054800,0.0,0.0
1991-02-01 00:00:00-05:00,0.6817165017127991,0.6817165017127991,0.6783413913610432,0.6817165017127991,363600,0.0,0.0
1991-02-04 00:00:00-05:00,0.6834043116194433,0.6918413697014048,0.6834043116194433,0.6901540160179138,2311200,0.0,0.0
1991-02-05 00:00:00-05:00,0.6884668846120827,0.6935288310050964,0.6884668846120827,0.6935288310050964,6246000,0.0,0.0
1991-02-06 00:00:00-05:00,0.6952163629647133,0.7154650092124939,0.6935285461084542,0.7154650092124939,655200,0.0,0.0
1991-02-07 00:00:00-05:00,0.7188401150621443,0.7222147638851507,0.7154650027760113,0.7205274105072021,2484000,0.0,0.0
1991-02-08 00:00:00-05:00,0.7239022484480424,0.7390890121459961,0.7239022484480424,0.7390890121459961,4813200,0.0,0.0
1991-02-11 00:00:00-05:00,0.7424636223745131,0.7897111773490906,0.7424636223745131,0.7897111773490906,1368000,0.0,0.0
1991-02-12 00:00:00-05:00,0.7897120630677408,0.8032115368760281,0.7897120630677408,0.791399359703064,918000,0.0,0.0
1991-02-13 00:00:00-05:00,0.791398863121952,0.7998359203338623,0.7897115675453605,0.7998359203338623,1094400,0.0,0.0
1991-02-14 00:00:00-05:00,0.8032111661249164,0.8032111661249164,0.7964614033699036,0.7964614033699036,2937600,0.0,0.0
1991-02-15 00:00:00-05:00,0.793086276860493,0.8099608572616206,0.793086276860493,0.8032111525535583,957600,0.0,0.0
1991-02-19 00:00:00-05:00,0.8032114250418094,0.8167108969705132,0.8032114250418094,0.811648428440094,565200,0.0,0.0
1991-02-20 00:00:00-05:00,0.8082729059790992,0.8116480184714092,0.8048983148828383,0.8099607229232788,5202000,0.0,0.0
1991-02-21 00:00:00-05:00,0.8099608709470242,0.811648166803515,0.7930862902607774,0.7964614033699036,979200,0.0,0.0
1991-02-22 00:00:00-05:00,0.7930857668348889,0.7964608777164874,0.7795868295630288,0.7897111773490906,331200,0.0,0.0
1991-02-25 00:00:00-05:00,0.7913989810325115,0.8065857442095217,0.7897116852045298,0.8032111525535583,1008000,0.0,0.0
1991-02-26 00:00:00-05:00,0.803211032883103,0.803211032883103,0.7964612712477841,0.7998359203338623,313200,0.0,0.0
1991-02-27 00:00:00-05:00,0.7981485851904533,0.7981485851904533,0.7947739362716675,0.7947739362716675,500400,0.0,0.0
1991-02-28 00:00:00-05:00,0.7964614569605639,0.8032112201697409,0.7964614569605639,0.7981488108634949,586800,0.0,0.0
1991-03-01 00:00:00-05:00,0.796461762618858,0.796461762618858,0.7897120547522531,0.7930866479873657,921600,0.0,0.0
1991-03-04 00:00:00-05:00,0.7982278534785104,0.8083746624772253,0.7965368154143793,0.7999189496040344,2484000,0.003611,0.0
1991-03-05 00:00:00-05:00,0.7965363922242499,0.7999185246170192,0.794844832506289,0.7982274293899536,1879200,0.0,0.0
1991-03-06 00:00:00-05:00,0.7999185054118909,0.8100652507147583,0.7999185054118909,0.804992139339447,925200,0.0,0.0
1991-03-07 00:00:00-05:00,0.8083741478740493,0.8151388764381409,0.8083741478740493,0.8151388764381409,410400,0.0,0.0
1991-03-08 00:00:00-05:00,0.818521684400196,0.8219037592490959,0.8151390869989591,0.820212721824646,554400,0.0,0.0
1991-03-11 00:00:00-05:00,0.8202131029579377,0.8219041411681723,0.8100657705299719,0.8134483695030212,320400,0.0,0.0
1991-03-12 00:00:00-05:00,0.8100652701634983,0.8134478670471629,0.7982274293899536,0.7982274293899536,853200,0.0,0.0
1991-03-13 00:00:00-05:00,0.7948453972309893,0.7948453972309893,0.7914633204966717,0.7931543588638306,79200,0.0,0.0
1991-03-14 00:00:00-05:00,0.7897722125053406,0.791463250723422,0.7897722125053406,0.7897722125053406,309600,0.0,0.0
1991-03-15 00:00:00-05:00,0.7931542889415036,0.7931542889415036,0.7897722125053406,0.7897722125053406,349200,0.0,0.0
1991-03-18 00:00:00-05:00,0.7863889645561036,0.7863889645561036,0.7711685299873352,0.7711685299873352,190800,0.0,0.0
1991-03-19 00:00:00-05:00,0.7711691139428473,0.7711691139428473,0.767786979675293,0.767786979675293,7441200,0.0,0.0
1991-03-20 00:00:00-05:00,0.7677868742319116,0.7813162803649902,0.7677868742319116,0.7813162803649902,241200,0.0,0.0
1991-03-21 00:00:00-05:00,0.7779334723935407,0.781316069775986,0.7762424349784851,0.7762424349784851,435600,0.0,0.0
1991-03-22 00:00:00-05:00,0.7728600893620547,0.7728600893620547,0.7694774931647668,0.7711685299873352,90000,0.0,0.0
1991-03-25 00:00:00-05:00,0.7745515845616271,0.7965367019835385,0.7745515845616271,0.7880809903144836,468000,0.0,0.0
1991-03-26 00:00:00-05:00,0.7897717934930867,0.8033011952262977,0.7897717934930867,0.8016096353530884,97200,0.0,0.0
1991-03-27 00:00:00-05:00,0.8049920738987826,0.8168299134257743,0.8049920738987826,0.8151388764381409,349200,0.0,0.0
1991-03-28 00:00:00-05:00,0.8083743453025818,0.8168301129194512,0.80330123310068,0.8083743453025818,608400,0.0,0.0
1991-04-01 00:00:00-05:00,0.8049925863489629,0.8049925863489629,0.7948452547977132,0.7999189496040344,550800,0.0,0.0
1991-04-02 00:00:00-05:00,0.8033011952262977,0.8100653445099144,0.7999185980321842,0.8016096353530884,712800,0.0,0.0
1991-04-03 00:00:00-05:00,0.8083745782321372,0.8185219087258787,0.8033014645684403,0.8066835403442383,1890000,0.0,0.0
1991-04-04 00:00:00-05:00,0.8117573312927865,0.8185220647477031,0.8083747323197372,0.8134483695030212,547200,0.0,0.0
1991-04-05 00:00:00-05:00,0.8151394657746537,0.8219041411681723,0.8134483695030212,0.8134483695030212,266400,0.0,0.0
1991-04-08 00:00:00-04:00,0.8168300189687027,0.8185215787271054,0.8117568492889404,0.8117568492889404,2854800,0.0,0.0
1991-04-09 00:00:00-04:00,0.8117568103921068,0.8117568103921068,0.7982274102254266,0.804992139339447,4572000,0.0,0.0
1991-04-10 00:00:00-04:00,0.8016095425369948,0.8100652507147583,0.7948448134229744,0.804992139339447,471600,0.0,0.0
1991-04-11 00:00:00-04:00,0.8083739499227643,0.8100649864963037,0.7914624810218811,0.7914624810218811,295200,0.0,0.0
1991-04-12 00:00:00-04:00,0.7982279261483306,0.8033016214165556,0.788081174287259,0.7897722125053406,576000,0.0,0.0
1991-04-15 00:00:00-04:00,0.7863891429265037,0.8117568492889404,0.7779333762822058,0.8117568492889404,2516400,0.0,0.0
1991-04-16 00:00:00-04:00,0.8100656270980835,0.821903995640158,0.8066835512764514,0.8100656270980835,1159200,0.0,0.0
1991-04-17 00:00:00-04:00,0.8117567444015182,0.8219035469408766,0.8083741478740493,0.8151388764381409,471600,0.0,0.0
1991-04-18 00:00:00-04:00,0.8388159275054932,0.8388159275054932,0.8286691139882058,0.8388159275054932,1058400,0.0,0.0
1991-04-19 00:00:00-04:00,0.8388148913191301,0.8388148913191301,0.8117566198880822,0.8252854943275452,1112400,0.0,0.0
1991-04-22 00:00:00-04:00,0.821903995640158,0.821903995640158,0.8100656270980835,0.8100656270980835,280800,0.0,0.0
1991-04-23 00:00:00-04:00,0.8066832151182718,0.8202126159332384,0.8033011407060059,0.8117568492889404,223200,0.0,0.0
1991-04-24 00:00:00-04:00,0.8117568298814591,0.8117568298814591,0.7931537953405854,0.7982274293899536,486000,0.0,0.0
1991-04-25 00:00:00-04:00,0.7982275026499128,0.8016096353530884,0.7982275026499128,0.8016096353530884,21870000,0.0,0.0
1991-04-26 00:00:00-04:00,0.7999185246170192,0.7999185246170192,0.7965363922242499,0.7982274293899536,399600,0.0,0.0
1991-04-29 00:00:00-04:00,0.7999186380948852,0.7999186380948852,0.7948449452643921,0.7965365052223206,100800,0.0,0.0
1991-04-30 00:00:00-04:00,0.7965365052223206,0.7965365052223206,0.7931539078587948,0.7965365052223206,507600,0.0,0.0
1991-05-01 00:00:00-04:00,0.7914627581748818,0.8016095617827228,0.7897717210091781,0.7982274293899536,885600,0.0,0.0
1991-05-02 00:00:00-04:00,0.7999185246170192,0.7999185246170192,0.7931537953405854,0.7982274293899536,439200,0.0,0.0
1991-05-03 00:00:00-04:00,0.7982275026499128,0.8016096353530884,0.7982275026499128,0.8016096353530884,1353600,0.0,0.0
1991-05-06 00:00:00-04:00,0.8016100716105259,0.8066837088867514,0.7999190333693139,0.8033016324043274,255600,0.0,0.0
1991-05-07 00:00:00-04:00,0.7999189780180079,0.8083746911915547,0.7948452830314636,0.7948452830314636,417600,0.0,0.0
1991-05-08 00:00:00-04:00,0.789771764371429,0.789771764371429,0.7728602886199951,0.7728602886199951,655200,0.0,0.0
1991-05-09 00:00:00-04:00,0.7762421630071917,0.7762421630071917,0.7644038020835601,0.7711685299873352,597600,0.0,0.0
1991-05-10 00:00:00-04:00,0.7644043809165859,0.7779337889077144,0.7644043809165859,0.767786979675293,802800,0.0,0.0
1991-05-13 00:00:00-04:00,0.7694779857321734,0.7694779857321734,0.7627132534980774,0.7627132534980774,61200,0.0,0.0
1991-05-14 00:00:00-04:00,0.759331141751093,0.759331141751093,0.75425750572356,0.755948543548584,1026000,0.0,0.0
1991-05-15 00:00:00-04:00,0.7576400099197389,0.7610220851501464,0.7508752788451506,0.7593310475349426,241200,0.0,0.0
1991-05-16 00:00:00-04:00,0.7576402285042657,0.767786979675293,0.7576402285042657,0.767786979675293,7340400,0.0,0.0
1991-05-17 00:00:00-04:00,0.7677863982808482,0.7762421630071917,0.7677863982808482,0.7711685299873352,17816400,0.0,0.0
1991-05-20 00:00:00-04:00,0.7745521156455321,0.777934193611145,0.7745521156455321,0.777934193611145,86400,0.0,0.0
1991-05-21 00:00:00-04:00,0.7813160817255912,0.7846982146687999,0.7779334842914117,0.7796245217323303,151200,0.0,0.0
1991-05-22 00:00:00-04:00,0.777933406540733,0.777933406540733,0.7711687349008124,0.7745513319969177,1407600,0.0,0.0
1991-05-23 00:00:00-04:00,0.7779336820708296,0.7846984141680619,0.7762426441999868,0.7813162803649902,918000,0.0,0.0
1991-05-24 00:00:00-04:00,0.7813160262748934,0.8016096353530884,0.7813160262748934,0.8016096353530884,640800,0.0,0.0
1991-05-28 00:00:00-04:00,0.7999190333693139,0.8033016324043274,0.7965368988254911,0.8033016324043274,172800,0.0,0.0
1991-05-29 00:00:00-04:00,0.8049924717139779,0.8049924717139779,0.7846983921153854,0.7880809903144836,252000,0.0,0.0
1991-05-30 00:00:00-04:00,0.7846985752985136,0.7897722125053406,0.7846985752985136,0.7897722125053406,4644000,0.0,0.0
1991-05-31 00:00:00-04:00,0.786389172077179,0.786389172077179,0.7762423678506161,0.786389172077179,1990800,0.0,0.0
1991-06-03 00:00:00-04:00,0.7897714444483418,0.7931535175954204,0.7880804078748025,0.7914624810218811,493200,0.0,0.0
1991-06-04 00:00:00-04:00,0.7914630407490829,0.7914630407490829,0.7796246731966563,0.7846983671188354,604800,0.0,0.0
1991-06-05 00:00:00-04:00,0.7880810124622225,0.7914630882039081,0.7813162803649902,0.7813162803649902,435600,0.0,0.0
1991-06-06 00:00:00-04:00,0.783007296230682,0.7897720281378025,0.783007296230682,0.7880809903144836,140400,0.0,0.0
1991-06-07 00:00:00-04:00,0.7914630659611214,0.7982277398068574,0.7880809903144836,0.7880809903144836,313200,0.0,0.0
1991-06-10 00:00:00-04:00,0.7813686040064863,0.7847587685810791,0.7779789631532271,0.7830639481544495,208800,0.003611,0.0
1991-06-11 00:00:00-04:00,0.7847588595470356,0.7847588595470356,0.7627245620914677,0.7695043683052063,334800,0.0,0.0
1991-06-12 00:00:00-04:00,0.7678095476821202,0.7728940677426445,0.7644193827145538,0.7695043683052063,943200,0.0,0.0
1991-06-13 00:00:00-04:00,0.7661138654112494,0.7728937268257141,0.7661138654112494,0.7728937268257141,972000,0.0,0.0
1991-06-14 00:00:00-04:00,0.7695040068926178,0.777978687940409,0.7593345642089844,0.7593345642089844,838800,0.0,0.0
1991-06-17 00:00:00-04:00,0.7695043683052063,0.7728940677426445,0.7695043683052063,0.7695043683052063,370800,0.0,0.0
1991-06-18 00:00:00-04:00,0.7661139585130269,0.7661139585130269,0.7542496360302079,0.7644191384315491,291600,0.0,0.0
1991-06-19 00:00:00-04:00,0.7644187621333274,0.7644187621333274,0.7491642832756042,0.7491642832756042,140400,0.0,0.0
1991-06-20 00:00:00-04:00,0.7491641844928606,0.7508590035165604,0.7305200695991516,0.7305200695991516,1087200,0.0,0.0
1991-06-21 00:00:00-04:00,0.7305206813036019,0.7423850063162523,0.7305206813036019,0.733910322189331,208800,0.0,0.0
1991-06-24 00:00:00-04:00,0.7373004867963988,0.7373004867963988,0.733910322189331,0.733910322189331,313200,0.0,0.0
1991-06-25 00:00:00-04:00,0.7305200989716994,0.7305200989716994,0.7220454216003418,0.7220454216003418,230400,0.0,0.0
1991-06-26 00:00:00-04:00,0.7254351092657,0.7305200902011049,0.7254351092657,0.7288252711296082,205200,0.0,0.0
1991-06-27 00:00:00-04:00,0.7254355679367828,0.7254355679367828,0.708486202680987,0.7186557054519653,795600,0.0,0.0
1991-06-28 00:00:00-04:00,0.7186554459717865,0.7203502655029297,0.7169606264406434,0.7203502655029297,540000,0.0,0.0
1991-07-01 00:00:00-04:00,0.7186552308002417,0.7305200695991516,0.7135707737291423,0.7305200695991516,853200,0.0,0.0
1991-07-02 00:00:00-04:00,0.7322149092726016,0.7322149092726016,0.7288252711296082,0.7288252711296082,172800,0.0,0.0
1991-07-03 00:00:00-04:00,0.7254354144569769,0.7271302342414856,0.7203503731910782,0.7271302342414856,486000,0.0,0.0
1991-07-05 00:00:00-04:00,0.7237405364812308,0.732215217316147,0.7220457166967221,0.7271302342414856,424800,0.0,0.0
1991-07-08 00:00:00-04:00,0.7288254630855701,0.7288254630855701,0.7084859413254749,0.7101808190345764,1576800,0.0,0.0
1991-07-09 00:00:00-04:00,0.7118756385524497,0.7118756385524497,0.7067911218076015,0.7101808190345764,180000,0.0,0.0
1991-07-10 00:00:00-04:00,0.7135711150194073,0.7254354357719421,0.7118757714639503,0.7254354357719421,540000,0.0,0.0
1991-07-11 00:00:00-04:00,0.7254355999180386,0.732215404510498,0.7220459012911913,0.732215404510498,716400,0.0,0.0
1991-07-12 00:00:00-04:00,0.7288255777471295,0.7389950201753173,0.7271302342414856,0.7271302342414856,828000,0.0,0.0
1991-07-15 00:00:00-04:00,0.730520393029732,0.7389950156211853,0.730520393029732,0.7389950156211853,979200,0.0,0.0
1991-07-16 00:00:00-04:00,0.732215404510498,0.7389952091029576,0.732215404510498,0.732215404510498,464400,0.0,0.0
1991-07-17 00:00:00-04:00,0.7322151051638697,0.7457747669965344,0.7305202856389539,0.7440799474716187,1134000,0.0,0.0
1991-07-18 00:00:00-04:00,0.7457748981792106,0.7457748981792106,0.7373002171516418,0.7373002171516418,1080000,0.0,0.0
1991-07-19 00:00:00-04:00,0.7339098906885733,0.7627240325439315,0.7339098906885733,0.7576390504837036,1231200,0.0,0.0
1991-07-22 00:00:00-04:00,0.7576392238908453,0.7576392238908453,0.7186555745223268,0.7254354357719421,867600,0.0,0.0
1991-07-23 00:00:00-04:00,0.7220457712318556,0.7220457712318556,0.7118758043144091,0.7169607877731323,2102400,0.0,0.0
1991-07-24 00:00:00-04:00,0.7135708225083046,0.7135708225083046,0.6915364861488342,0.6915364861488342,5436000,0.0,0.0
1991-07-25 00:00:00-04:00,0.6830619050935923,0.6983163838394385,0.6830619050935923,0.6932313442230225,6382800,0.0,0.0
1991-07-26 00:00:00-04:00,0.6898412219908938,0.6949262619018555,0.6881464026579791,0.6949262619018555,1796400,0.0,0.0
1991-07-29 00:00:00-04:00,0.6932315571403512,0.6932315571403512,0.6847569346427917,0.6847569346427917,453600,0.0,0.0
1991-07-30 00:00:00-04:00,0.6864516139030457,0.6881464333114561,0.6813666319567953,0.6864516139030457,1508400,0.0,0.0
1991-07-31 00:00:00-04:00,0.6864515050092294,0.6932313052883906,0.684756685869673,0.6915364861488342,4042800,0.0,0.0
1991-08-01 00:00:00-04:00,0.6949267077827898,0.7118760176202168,0.6949267077827898,0.7084863185882568,500400,0.0,0.0
1991-08-02 00:00:00-04:00,0.7084859413254749,0.7135709817913759,0.7050957785686753,0.7101808190345764,223200,0.0,0.0
1991-08-05 00:00:00-04:00,0.7067909640379282,0.7067909640379282,0.6915364861488342,0.6915364861488342,3654000,0.0,0.0
1991-08-06 00:00:00-04:00,0.6949264363447543,0.7101809198034347,0.6932315583951635,0.7067912220954895,2095200,0.0,0.0
1991-08-07 00:00:00-04:00,0.7034012514295012,0.7034012514295012,0.6983167907624528,0.7000116109848022,518400,0.0,0.0
1991-08-08 00:00:00-04:00,0.7034010932248072,0.7034010932248072,0.696621290139011,0.6983166337013245,3330000,0.0,0.0
1991-08-09 00:00:00-04:00,0.701706051826477,0.7050956904385519,0.6966210701873775,0.701706051826477,2408400,0.0,0.0
1991-08-12 00:00:00-04:00,0.7000112436215954,0.7017060629545102,0.6949262619018555,0.6949262619018555,11221200,0.0,0.0
1991-08-13 00:00:00-04:00,0.6966210812347703,0.6966210812347703,0.6949262619018555,0.6949262619018555,864000,0.0,0.0
1991-08-14 00:00:00-04:00,0.6966211467917621,0.7067911111883077,0.6966211467917621,0.7050957679748535,388800,0.0,0.0
1991-08-15 00:00:00-04:00,0.7067912863856188,0.7186556076856486,0.7067912863856188,0.7169607877731323,1062000,0.0,0.0
1991-08-16 00:00:00-04:00,0.715265780160681,0.7186554190962049,0.7118756175041199,0.7118756175041199,2808000,0.0,0.0
1991-08-19 00:00:00-04:00,0.7050960280414134,0.7050960280414134,0.701706387806365,0.7034012079238892,550800,0.0,0.0
1991-08-20 00:00:00-04:00,0.7101809198034347,0.7152659027996251,0.705095878616008,0.7067912220954895,518400,0.0,0.0
1991-08-21 00:00:00-04:00,0.7101808083643535,0.7101808083643535,0.7034009484824442,0.7050957679748535,1332000,0.0,0.0
1991-08-22 00:00:00-04:00,0.708486058108025,0.708486058108025,0.6881465911865234,0.6881465911865234,756000,0.0,0.0
1991-08-23 00:00:00-04:00,0.6898415413239821,0.6898415413239821,0.6711974143981934,0.6711974143981934,4636800,0.0,0.0
1991-08-26 00:00:00-04:00,0.6745872431823284,0.6745872431823284,0.6593327522277832,0.6593327522277832,824400,0.0,0.0
1991-08-27 00:00:00-04:00,0.6610279008597244,0.6610279008597244,0.6525532766911987,0.6559429168701172,1350000,0.0,0.0
1991-08-28 00:00:00-04:00,0.6576379222836246,0.6610280871391296,0.6508581162939915,0.6610280871391296,5295600,0.0,0.0
1991-08-29 00:00:00-04:00,0.6576375556735594,0.6678075790405273,0.6576375556735594,0.6678075790405273,1648800,0.0,0.0
1991-08-30 00:00:00-04:00,0.6678075686810214,0.6678075686810214,0.6627225279808044,0.6627225279808044,259200,0.0,0.0
1991-09-03 00:00:00-04:00,0.6644174839384559,0.6678076472503339,0.6644174839384559,0.6661123037338257,1378800,0.0,0.0
1991-09-04 00:00:00-04:00,0.6644174839384559,0.6661123037338257,0.6610277861564787,0.6661123037338257,262800,0.0,0.0
1991-09-05 00:00:00-04:00,0.6661126165051043,0.6661126165051043,0.6593327522277832,0.6593327522277832,68400,0.0,0.0
1991-09-06 00:00:00-04:00,0.6576375454718182,0.6627225279808044,0.6508577433668621,0.6627225279808044,597600,0.0,0.0
1991-09-09 00:00:00-04:00,0.6576923727989197,0.6576923727989197,0.6542936921593833,0.6576923727989197,288000,0.003611,0.0
1991-09-10 00:00:00-04:00,0.655992865562439,0.655992865562439,0.6525936606697881,0.655992865562439,342000,0.0,0.0
1991-09-11 00:00:00-04:00,0.6525935592851716,0.6542934240263646,0.6406975984573364,0.6406975984573364,5605200,0.0,0.0
1991-09-12 00:00:00-04:00,0.6406979924870398,0.6474958802790471,0.6339000463485718,0.6339000463485718,1332000,0.0,0.0
1991-09-13 00:00:00-04:00,0.6355991844089539,0.6389983894684375,0.6355991844089539,0.6372985243797302,1382400,0.0,0.0
1991-09-16 00:00:00-04:00,0.6389981508255005,0.6389981508255005,0.6372982863716318,0.6389981508255005,1411200,0.0,0.0
1991-09-17 00:00:00-04:00,0.6423969864845276,0.6423969864845276,0.6389983069817022,0.6423969864845276,298800,0.0,0.0
1991-09-18 00:00:00-04:00,0.6406976131865,0.6559927787305223,0.6406976131865,0.6491948366165161,2660400,0.0,0.0
1991-09-19 00:00:00-04:00,0.6525935511356772,0.6780858039855957,0.6508942115335288,0.6780858039855957,741600,0.0,0.0
1991-09-20 00:00:00-04:00,0.678085486005568,0.678085486005568,0.6644896669819181,0.6678884029388428,277200,0.0,0.0
1991-09-23 00:00:00-04:00,0.667888913925342,0.667888913925342,0.6559929497231973,0.6610909700393677,831600,0.0,0.0
1991-09-24 00:00:00-04:00,0.6593917131186879,0.6593917131186879,0.6525938267215764,0.6576923727989197,572400,0.0,0.0
1991-09-25 00:00:00-04:00,0.6542932692038073,0.6542932692038073,0.645795464515686,0.645795464515686,453600,0.0,0.0
1991-09-26 00:00:00-04:00,0.6440961688339022,0.6457955081700362,0.632200210016815,0.6389981508255005,1659600,0.0,0.0
1991-09-27 00:00:00-04:00,0.6406974575936338,0.6440961360931396,0.6389981183438809,0.6440961360931396,925200,0.0,0.0
1991-09-30 00:00:00-04:00,0.6440965416582479,0.6576923727989197,0.6372986552611364,0.6576923727989197,2228400,0.0,0.0
1991-10-01 00:00:00-04:00,0.654293473326572,0.6559928130779846,0.6423969864845276,0.6423969864845276,950400,0.0,0.0
1991-10-02 00:00:00-04:00,0.6423972015659924,0.6423972015659924,0.6355993151664734,0.6355993151664734,576000,0.0,0.0
1991-10-03 00:00:00-04:00,0.6288009501165803,0.6288009501165803,0.6254022717475891,0.6254022717475891,2088000,0.0,0.0
1991-10-04 00:00:00-04:00,0.6237029882184107,0.6423968294977683,0.6237029882184107,0.6389981508255005,1832400,0.0,0.0
1991-10-07 00:00:00-04:00,0.6372982863716318,0.6440961688339022,0.6372982863716318,0.6389981508255005,1170000,0.0,0.0
1991-10-08 00:00:00-04:00,0.6389981325036339,0.6389981325036339,0.6288009881973267,0.6288009881973267,694800,0.0,0.0
1991-10-09 00:00:00-04:00,0.628801201452097,0.6305005413158287,0.6203039770155409,0.6220033168792725,741600,0.0,0.0
1991-10-10 00:00:00-04:00,0.6237029703350994,0.6288009881973267,0.6135058260287921,0.6288009881973267,792000,0.0,0.0
1991-10-11 00:00:00-04:00,0.6254024230671247,0.6271017626627847,0.6152052769111102,0.6186044812202454,1792800,0.0,0.0
1991-10-14 00:00:00-04:00,0.6220032349465772,0.6288011186239578,0.6220032349465772,0.6271017789840698,122400,0.0,0.0
1991-10-15 00:00:00-04:00,0.6271018201396579,0.6423969864845276,0.6271018201396579,0.6423969864845276,1130400,0.0,0.0
1991-10-16 00:00:00-04:00,0.6423970044084392,0.6627907156944275,0.6423970044084392,0.6627907156944275,334800,0.0,0.0
1991-10-17 00:00:00-04:00,0.6627911280960569,0.6899822738426479,0.6627911280960569,0.6831843852996826,2412000,0.0,0.0
1991-10-18 00:00:00-04:00,0.6831838811384651,0.6831838811384651,0.6780858039855957,0.6780858039855957,1713600,0.0,0.0
1991-10-21 00:00:00-04:00,0.679784893989563,0.681484291314164,0.6780855550113648,0.679784893989563,554400,0.0,0.0
1991-10-22 00:00:00-04:00,0.679784893989563,0.681484291314164,0.679784893989563,0.679784893989563,914400,0.0,0.0
1991-10-23 00:00:00-04:00,0.6797852981231275,0.6831840364464825,0.6712880730628967,0.6712880730628967,1857600,0.0,0.0
1991-10-24 00:00:00-04:00,0.6712879764940212,0.6712879764940212,0.666189432144165,0.666189432144165,147600,0.0,0.0
1991-10-25 00:00:00-04:00,0.6695886367500228,0.6695886367500228,0.666189432144165,0.666189432144165,43200,0.0,0.0
1991-10-28 00:00:00-05:00,0.6661895279795838,0.6729874130513556,0.6644901296446876,0.6712880730628967,997200,0.0,0.0
1991-10-29 00:00:00-05:00,0.6746865092885532,0.6848836541175842,0.6746865092885532,0.6848836541175842,1677600,0.0,0.0
1991-10-30 00:00:00-05:00,0.6848837398329193,0.6899817585945129,0.6848837398329193,0.6899817585945129,997200,0.0,0.0
1991-10-31 00:00:00-05:00,0.6882825265210595,0.6916812062263489,0.6831839818452311,0.6916812062263489,1533600,0.0,0.0
1991-11-01 00:00:00-05:00,0.6916813282385424,0.7154743075370789,0.6916813282385424,0.7154743075370789,1303200,0.0,0.0
1991-11-04 00:00:00-05:00,0.7273698370070887,0.7273698370070887,0.7086759395831176,0.7171732187271118,2858400,0.0,0.0
1991-11-05 00:00:00-05:00,0.7171734028299053,0.727370023727417,0.7154740632576918,0.727370023727417,313200,0.0,0.0
1991-11-06 00:00:00-05:00,0.727369858270393,0.727369858270393,0.7103752994856002,0.7120746970176697,367200,0.0,0.0
1991-11-07 00:00:00-05:00,0.7086762190461509,0.71037555885226,0.7001789948977256,0.7069763541221619,471600,0.0,0.0
1991-11-08 00:00:00-05:00,0.7035776116709644,0.7035776116709644,0.696779727935791,0.696779727935791,291600,0.0,0.0
1991-11-11 00:00:00-05:00,0.696779727935791,0.7001789323622942,0.69508032993503,0.696779727935791,273600,0.0,0.0
1991-11-12 00:00:00-05:00,0.695080041885376,0.6984787781319943,0.695080041885376,0.695080041885376,738000,0.0,0.0
1991-11-13 00:00:00-05:00,0.6933811805991107,0.705277144908905,0.6933811805991107,0.705277144908905,594000,0.0,0.0
1991-11-14 00:00:00-05:00,0.7069763541221619,0.7069763541221619,0.7035776745099437,0.7069763541221619,1191600,0.0,0.0
1991-11-15 00:00:00-05:00,0.7069761593653064,0.7103753631589965,0.7001788020133972,0.7001788020133972,187200,0.0,0.0
1991-11-18 00:00:00-05:00,0.6967796132033888,0.6967796132033888,0.6848836541175842,0.6848836541175842,547200,0.0,0.0
1991-11-19 00:00:00-05:00,0.6865829934921044,0.6865829934921044,0.6763858486630735,0.6848836541175842,669600,0.0,0.0
1991-11-20 00:00:00-05:00,0.6933807143967999,0.6967794506995991,0.679784893989563,0.679784893989563,471600,0.0,0.0
1991-11-21 00:00:00-05:00,0.6729870129591459,0.679784893989563,0.6729870129591459,0.679784893989563,590400,0.0,0.0
1991-11-22 00:00:00-05:00,0.6797851225393796,0.6814845204353333,0.6780857829898482,0.6814845204353333,248400,0.0,0.0
1991-11-25 00:00:00-05:00,0.6814844661422182,0.6967796294514752,0.6814844661422182,0.6933808922767639,709200,0.0,0.0
1991-11-26 00:00:00-05:00,0.6916810277448582,0.6933808922767639,0.6916810277448582,0.6933808922767639,460800,0.0,0.0
1991-11-27 00:00:00-05:00,0.6916810277448582,0.6933808922767639,0.6916810277448582,0.6933808922767639,313200,0.0,0.0
1991-11-29 00:00:00-05:00,0.6933809902806949,0.696779727935791,0.6933809902806949,0.696779727935791,205200,0.0,0.0
1991-12-02 00:00:00-05:00,0.6984789375576845,0.7035774806893519,0.6984789375576845,0.7001788020133972,1040400,0.0,0.0
1991-12-03 00:00:00-05:00,0.7035776116709644,0.7035776116709644,0.696779727935791,0.696779727935791,504000,0.0,0.0
1991-12-04 00:00:00-05:00,0.6865831500146871,0.6882824897766113,0.6848838102527629,0.6882824897766113,460800,0.0,0.0
1991-12-05 00:00:00-05:00,0.6848835042982704,0.6848835042982704,0.6763857007026672,0.6763857007026672,874800,0.0,0.0
1991-12-06 00:00:00-05:00,0.6763857434532538,0.6763857434532538,0.6695883870124817,0.6695883870124817,1094400,0.0,0.0
1991-12-09 00:00:00-05:00,0.6679525151361951,0.6696563522151193,0.666248619556427,0.666248619556427,104400,0.003611,0.0
1991-12-10 00:00:00-05:00,0.666248360800225,0.6764719643115865,0.666248360800225,0.6730642914772034,414000,0.0,0.0
1991-12-11 00:00:00-05:00,0.6764722253459933,0.6781760624206548,0.6747683882713318,0.6747683882713318,122400,0.0,0.0
1991-12-12 00:00:00-05:00,0.6730642097072033,0.6730642097072033,0.6662482798582865,0.6713603734970093,338400,0.0,0.0
1991-12-13 00:00:00-05:00,0.6747683882713318,0.6781760624206548,0.6747683882713318,0.6747683882713318,154800,0.0,0.0
1991-12-16 00:00:00-05:00,0.6713605729903572,0.6815841197967529,0.6696562097663886,0.6815841197967529,651600,0.0,0.0
1991-12-17 00:00:00-05:00,0.6798805429591451,0.6918079895420284,0.6798805429591451,0.6832882761955261,165600,0.0,0.0
1991-12-18 00:00:00-05:00,0.6781758007287781,0.6781758007287781,0.6696560921354294,0.6730642914772034,406800,0.0,0.0
1991-12-19 00:00:00-05:00,0.6696564657371948,0.6832882761955261,0.6696564657371948,0.6832882761955261,576000,0.0,0.0
1991-12-20 00:00:00-05:00,0.6866963169887863,0.6986237607847638,0.6832881165419173,0.6935116648674011,547200,0.0,0.0
1991-12-23 00:00:00-05:00,0.6952158284527242,0.7071432688192653,0.6952158284527242,0.7003273963928223,421200,0.0,0.0
1991-12-24 00:00:00-05:00,0.700327687122517,0.703735888004303,0.700327687122517,0.703735888004303,1238400,0.0,0.0
1991-12-26 00:00:00-05:00,0.7037359274831623,0.7241830863912754,0.7037359274831623,0.7156633734703064,1076400,0.0,0.0
1991-12-27 00:00:00-05:00,0.7190714024091115,0.7327032089233398,0.7190714024091115,0.7327032089233398,1051200,0.0,0.0
1991-12-30 00:00:00-05:00,0.7207752825437593,0.7275911569595337,0.7207752825437593,0.7275911569595337,410400,0.0,0.0
1991-12-31 00:00:00-05:00,0.7292949922168315,0.7361108660697937,0.7292949922168315,0.7361108660697937,2563200,0.0,0.0
1992-01-02 00:00:00-05:00,0.7327032898405771,0.7412230016629514,0.73099892627003,0.7344071269035339,363600,0.0,0.0
1992-01-03 00:00:00-05:00,0.7309985281749635,0.7309985281749635,0.719071090221405,0.719071090221405,230400,0.0,0.0
1992-01-06 00:00:00-05:00,0.717367454190219,0.7207751274108887,0.717367454190219,0.7207751274108887,2192400,0.0,0.0
1992-01-07 00:00:00-05:00,0.7207751274108887,0.7224789640212236,0.7207751274108887,0.7207751274108887,1731600,0.0,0.0
1992-01-08 00:00:00-05:00,0.7224792487243932,0.7480390309830671,0.7224792487243932,0.7412230968475342,1018800,0.0,0.0
1992-01-09 00:00:00-05:00,0.7446306921592655,0.7565586039402747,0.7446306921592655,0.7531504034996033,1339200,0.0,0.0
1992-01-10 00:00:00-05:00,0.7497427592438624,0.7735981157434365,0.7497427592438624,0.7633745670318604,874800,0.0,0.0
1992-01-13 00:00:00-05:00,0.7599665979614276,0.761670435514459,0.7548545002937317,0.7548545002937317,864000,0.0,0.0
1992-01-14 00:00:00-05:00,0.7514465091129144,0.7616701151394334,0.7361108660697937,0.7361108660697937,885600,0.0,0.0
1992-01-15 00:00:00-05:00,0.7327033092292349,0.7463345911020315,0.7327033092292349,0.744630753993988,349200,0.0,0.0
1992-01-16 00:00:00-05:00,0.7446304926059841,0.746334329115929,0.7327030520281262,0.7429265975952148,460800,0.0,0.0
1992-01-17 00:00:00-05:00,0.7395183980679058,0.7429265975952148,0.7378145615579609,0.7429265975952148,1270800,0.0,0.0
1992-01-20 00:00:00-05:00,0.7446304926059841,0.7446304926059841,0.7395183980679058,0.7429265975952148,442800,0.0,0.0
1992-01-21 00:00:00-05:00,0.7412233438849234,0.7429271817345402,0.7344074659786228,0.7378151416778564,75600,0.0,0.0
1992-01-22 00:00:00-05:00,0.7344071582383235,0.7344071582383235,0.6884002210274498,0.7020320296287537,1630800,0.0,0.0
1992-01-23 00:00:00-05:00,0.6935120292168309,0.6935120292168309,0.6815845791545457,0.6849923133850098,529200,0.0,0.0
1992-01-24 00:00:00-05:00,0.6747683882713318,0.6747683882713318,0.66284041723267,0.6747683882713318,1414800,0.0,0.0
1992-01-27 00:00:00-05:00,0.6679525151361951,0.6679525151361951,0.6628404188909834,0.666248619556427,392400,0.0,0.0
1992-01-28 00:00:00-05:00,0.666248619556427,0.6679525151361951,0.6645447824775028,0.666248619556427,856800,0.0,0.0
1992-01-29 00:00:00-05:00,0.6645450261876404,0.666248863891417,0.6577291488647461,0.6577291488647461,673200,0.0,0.0
1992-01-30 00:00:00-05:00,0.6577291694831073,0.6611368449974835,0.6577291694831073,0.6594330072402954,784800,0.0,0.0
1992-01-31 00:00:00-05:00,0.6577288891014813,0.6594327261323449,0.6543206885321737,0.6560250520706177,644400,0.0,0.0
1992-02-03 00:00:00-05:00,0.6543207329004531,0.6577289337008644,0.6492091629604139,0.6509130001068115,1238400,0.0,0.0
1992-02-04 00:00:00-05:00,0.6492090238254183,0.6492090238254183,0.6406893134117126,0.6406893134117126,1170000,0.0,0.0
1992-02-05 00:00:00-05:00,0.6440971092217229,0.6611365917840062,0.6440971092217229,0.6543207168579102,604800,0.0,0.0
1992-02-06 00:00:00-05:00,0.6543206339257609,0.6611365079879761,0.6509129016475842,0.6611365079879761,2653200,0.0,0.0
1992-02-07 00:00:00-05:00,0.6628403304903576,0.6645446938495723,0.6440970136058859,0.6475046873092651,860400,0.0,0.0
1992-02-10 00:00:00-05:00,0.6475044214439902,0.6492087841033936,0.6423929129877064,0.6492087841033936,237600,0.0,0.0
1992-02-11 00:00:00-05:00,0.6509128875201693,0.6543206197243847,0.6440970136058859,0.6475046873092651,493200,0.0,0.0
1992-02-12 00:00:00-05:00,0.6475047638737773,0.6475047638737773,0.6406894156611348,0.644097089767456,1436400,0.0,0.0
1992-02-13 00:00:00-05:00,0.6406895208535204,0.6423933581864276,0.6338735865133651,0.6389851570129395,241200,0.0,0.0
1992-02-14 00:00:00-05:00,0.6389849720926593,0.6423931722798247,0.6338734030723572,0.6338734030723572,1407600,0.0,0.0
1992-02-18 00:00:00-05:00,0.6321690857538514,0.6321690857538514,0.620241641998291,0.620241641998291,1486800,0.0,0.0
1992-02-19 00:00:00-05:00,0.6236496567726135,0.6236496567726135,0.6202419228012255,0.6236496567726135,298800,0.0,0.0
1992-02-20 00:00:00-05:00,0.6270578638173712,0.6270578638173712,0.6134260503086815,0.6151298880577087,910800,0.0,0.0
1992-02-21 00:00:00-05:00,0.6151295852432821,0.6151295852432821,0.6100180745124817,0.6100180745124817,345600,0.0,0.0
1992-02-24 00:00:00-05:00,0.608313930991244,0.6134259700775146,0.6032023599118475,0.6134259700775146,1490400,0.0,0.0
1992-02-25 00:00:00-05:00,0.6134257151690865,0.6168333888053894,0.6066098413889661,0.6168333888053894,763200,0.0,0.0
1992-02-26 00:00:00-05:00,0.6202418760884628,0.6304654867387133,0.6202418760884628,0.6287616491317749,644400,0.0,0.0
1992-02-27 00:00:00-05:00,0.6321687896726962,0.6458005905151367,0.6321687896726962,0.6458005905151367,514800,0.0,0.0
1992-02-28 00:00:00-05:00,0.6475047993064001,0.6509130001068115,0.6475047993064001,0.6509130001068115,892800,0.0,0.0
1992-03-02 00:00:00-05:00,0.6458009268206167,0.6458009268206167,0.644097089767456,0.644097089767456,1119600,0.0,0.0
1992-03-03 00:00:00-05:00,0.6458009268206167,0.6475047638737773,0.6406894156611348,0.644097089767456,262800,0.0,0.0
1992-03-04 00:00:00-05:00,0.6389851570129395,0.6440971955193349,0.6372813196800322,0.6389851570129395,856800,0.0,0.0
1992-03-05 00:00:00-05:00,0.6406897393919909,0.6423935773060752,0.6372815370559692,0.6372815370559692,216000,0.0,0.0
1992-03-06 00:00:00-05:00,0.6372816349617918,0.6389854731376373,0.6338739001092192,0.6355777382850647,2926800,0.0,0.0
1992-03-09 00:00:00-05:00,0.6340730431965392,0.6357825398445129,0.6306551060871664,0.6357825398445129,1130400,0.003889,0.0
1992-03-10 00:00:00-05:00,0.6392005356309177,0.6392005356309177,0.6357825398445129,0.6357825398445129,100800,0.0,0.0
1992-03-11 00:00:00-05:00,0.6357826949065499,0.6357826949065499,0.6306552598986651,0.6340731978416443,3034800,0.0,0.0
1992-03-12 00:00:00-05:00,0.6340734739271768,0.6374919414520264,0.6306555344959732,0.6374919414520264,1155600,0.0,0.0
1992-03-13 00:00:00-05:00,0.6340730431965392,0.6374915083991994,0.6340730431965392,0.6357825398445129,568800,0.0,0.0
1992-03-16 00:00:00-05:00,0.6357827652294914,0.6426192286420825,0.6357827652294914,0.640909731388092,1886400,0.0,0.0
1992-03-17 00:00:00-05:00,0.6409094892934653,0.6460369229316711,0.6409094892934653,0.6460369229316711,1306800,0.0,0.0
1992-03-18 00:00:00-05:00,0.6460365820655225,0.6477455496788025,0.6443276144522424,0.6477455496788025,1551600,0.0,0.0
1992-03-19 00:00:00-05:00,0.6528730225937784,0.6545820489939547,0.6494545590544022,0.6511640548706055,1414800,0.0,0.0
1992-03-20 00:00:00-05:00,0.6562914095993487,0.6597098751851548,0.6545824408531189,0.6545824408531189,1321200,0.0,0.0
1992-03-23 00:00:00-05:00,0.6545824564411921,0.6597098908953315,0.6545824564411921,0.6562914252281189,1101600,0.0,0.0
1992-03-24 00:00:00-05:00,0.6580011398813267,0.6682554840900377,0.6580011398813267,0.6597101092338562,2908800,0.0,0.0
1992-03-25 00:00:00-05:00,0.6597097833393782,0.6631277203559875,0.6562913182294959,0.6631277203559875,939600,0.0,0.0
1992-03-26 00:00:00-05:00,0.6614189690596727,0.6665464043617249,0.6614189690596727,0.6665464043617249,1742400,0.0,0.0
1992-03-27 00:00:00-05:00,0.6665460021477034,0.6750914291093066,0.6665460021477034,0.6733824610710144,3333600,0.0,0.0
1992-03-30 00:00:00-05:00,0.6716732823529816,0.6733827792922604,0.6699643135070801,0.6699643135070801,1227600,0.0,0.0
1992-03-31 00:00:00-05:00,0.6699641811595095,0.6699641811595095,0.6631277203559875,0.6631277203559875,2300400,0.0,0.0
1992-04-01 00:00:00-05:00,0.6631274547603518,0.6716728806495667,0.6631274547603518,0.6716728806495667,1681200,0.0,0.0
1992-04-02 00:00:00-05:00,0.6682552695274353,0.6699642970082916,0.6648368038264393,0.6682552695274353,1490400,0.0,0.0
1992-04-03 00:00:00-05:00,0.6648369071987432,0.6682553734312602,0.6648369071987432,0.6665464043617249,154800,0.0,0.0
1992-04-06 00:00:00-04:00,0.6665464698097251,0.6665464698097251,0.6562915981986979,0.6614190340042114,334800,0.0,0.0
1992-04-07 00:00:00-04:00,0.659710064766873,0.6614190340042114,0.659710064766873,0.6614190340042114,518400,0.0,0.0
1992-04-08 00:00:00-04:00,0.6597098908953315,0.6597098908953315,0.6545824564411921,0.6562914252281189,727200,0.0,0.0
1992-04-09 00:00:00-04:00,0.6528732928586477,0.6528732928586477,0.6426189541816711,0.6426189541816711,450000,0.0,0.0
1992-04-10 00:00:00-04:00,0.6460370103515849,0.6545824408531189,0.6460370103515849,0.6545824408531189,360000,0.0,0.0
1992-04-13 00:00:00-04:00,0.6562915337576205,0.6665464043617249,0.6545825646880852,0.6665464043617249,450000,0.0,0.0
1992-04-14 00:00:00-04:00,0.6648368201989562,0.6699643135070801,0.6648368201989562,0.6699643135070801,180000,0.0,0.0
1992-04-15 00:00:00-04:00,0.6682552859841365,0.6699643135070801,0.6682552859841365,0.6699643135070801,194400,0.0,0.0
1992-04-16 00:00:00-04:00,0.6682549863572662,0.6750914454460144,0.6682549863572662,0.6750914454460144,597600,0.0,0.0
1992-04-20 00:00:00-04:00,0.6802185937652847,0.705855353885742,0.6768006563795429,0.7041463851928711,2458800,0.0,0.0
1992-04-21 00:00:00-04:00,0.7041463135515905,0.7126916842398519,0.7041463135515905,0.7092732191085815,2073600,0.0,0.0
1992-04-22 00:00:00-04:00,0.7109824419021606,0.7109824419021606,0.705855534511591,0.7109824419021606,705600,0.0,0.0
1992-04-23 00:00:00-04:00,0.7109824419021606,0.7178189051934369,0.7109824419021606,0.7109824419021606,1656000,0.0,0.0
1992-04-24 00:00:00-04:00,0.7161099360632471,0.7161099360632471,0.7109824419021606,0.7109824419021606,968400,0.0,0.0
1992-04-27 00:00:00-04:00,0.7144005468983124,0.7178185421068555,0.7144005468983124,0.716109573841095,1573200,0.0,0.0
1992-04-28 00:00:00-04:00,0.7144007254434267,0.7161097528133343,0.7041463851928711,0.7041463851928711,1998000,0.0,0.0
1992-04-29 00:00:00-04:00,0.7058555578784248,0.7126919627189636,0.7041465886916607,0.7126919627189636,601200,0.0,0.0
1992-04-30 00:00:00-04:00,0.7144008595349894,0.7178188562393188,0.7109823934142786,0.7178188562393188,928800,0.0,0.0
1992-05-01 00:00:00-04:00,0.7161099360632471,0.7161099360632471,0.7092734727719707,0.7109824419021606,673200,0.0,0.0
1992-05-04 00:00:00-04:00,0.7075641879025059,0.7212370497067095,0.7075641879025059,0.714400589466095,594000,0.0,0.0
1992-05-05 00:00:00-04:00,0.7144005599234284,0.7229459881782532,0.7092731269394644,0.7229459881782532,1303200,0.0,0.0
1992-05-06 00:00:00-04:00,0.7212370198813344,0.7229459881782532,0.7195280515844156,0.7229459881782532,770400,0.0,0.0
1992-05-07 00:00:00-04:00,0.7229462913736706,0.7229462913736706,0.716109887225678,0.7178188562393188,295200,0.0,0.0
1992-05-08 00:00:00-04:00,0.7178189289563094,0.7178189289563094,0.7126919627189636,0.7126919627189636,597600,0.0,0.0
1992-05-11 00:00:00-04:00,0.7109821660254486,0.7297824621200562,0.7109821660254486,0.7297824621200562,266400,0.0,0.0
1992-05-12 00:00:00-04:00,0.7297824621200562,0.7314914892641575,0.7246550286255783,0.7297824621200562,1368000,0.0,0.0
1992-05-13 00:00:00-04:00,0.7246552603873115,0.7280737265080224,0.7144008595349894,0.7178188562393188,712800,0.0,0.0
1992-05-14 00:00:00-04:00,0.717818874261945,0.717818874261945,0.7058555040956119,0.7075644731521606,583200,0.0,0.0
1992-05-15 00:00:00-04:00,0.7041463135515905,0.7109821876275786,0.6990188212242926,0.7092732191085815,406800,0.0,0.0
1992-05-18 00:00:00-04:00,0.7092734422087095,0.7109824112652583,0.7075644731521606,0.7075644731521606,367200,0.0,0.0
1992-05-19 00:00:00-04:00,0.705855353885742,0.705855353885742,0.7024368884066702,0.7041463851928711,356400,0.0,0.0
1992-05-20 00:00:00-04:00,0.7041465350390631,0.7144008774717983,0.702437037889072,0.7075644731521606,327600,0.0,0.0
1992-05-21 00:00:00-04:00,0.7075641285528007,0.7075641285528007,0.6973097324371338,0.6973097324371338,507600,0.0,0.0
1992-05-22 00:00:00-04:00,0.6973095383736082,0.6973095383736082,0.688764171537409,0.6904731392860413,1094400,0.0,0.0
1992-05-26 00:00:00-04:00,0.688764750957489,0.688764750957489,0.6819282874417752,0.688764750957489,972000,0.0,0.0
1992-05-27 00:00:00-04:00,0.688764363222731,0.6973097324371338,0.6870548669053023,0.6973097324371338,1508400,0.0,0.0
1992-05-28 00:00:00-04:00,0.6973098871309349,0.6973098871309349,0.6938914218308977,0.6956003904342651,104400,0.0,0.0
1992-05-29 00:00:00-04:00,0.6956004466111767,0.7024369083470972,0.6938914778697924,0.7007279396057129,363600,0.0,0.0
1992-06-01 00:00:00-04:00,0.6973100720423764,0.7075644731521606,0.6973100720423764,0.7075644731521606,1900800,0.0,0.0
1992-06-02 00:00:00-04:00,0.7178187754289674,0.7332006096839905,0.7178187754289674,0.7332006096839905,1699200,0.0,0.0
1992-06-03 00:00:00-04:00,0.7314916408627413,0.7366190754198585,0.7280736445432019,0.7332006096839905,453600,0.0,0.0
1992-06-04 00:00:00-04:00,0.7314914892641575,0.7332004577312301,0.7246550286255783,0.7297824621200562,799200,0.0,0.0
1992-06-05 00:00:00-04:00,0.7297824621200562,0.7297824621200562,0.7263639970926508,0.7297824621200562,842400,0.0,0.0
1992-06-08 00:00:00-04:00,0.7248470858920162,0.7248470858920162,0.7179927072420658,0.7231336236000061,896400,0.003889,0.0
1992-06-09 00:00:00-04:00,0.7214203738871945,0.7334152017789856,0.7214203738871945,0.7299882173538208,813600,0.0,0.0
1992-06-10 00:00:00-04:00,0.7299882173538208,0.7299882173538208,0.7265607622779306,0.7299882173538208,583200,0.0,0.0
1992-06-11 00:00:00-04:00,0.729988200060411,0.729988200060411,0.717992901802063,0.717992901802063,1400400,0.0,0.0
1992-06-12 00:00:00-04:00,0.7197063718527729,0.7197063718527729,0.7128519324446282,0.7162793874740601,403200,0.0,0.0
1992-06-15 00:00:00-04:00,0.7402695012343192,0.7694006011768197,0.7402695012343192,0.7522648572921753,2008800,0.0,0.0
1992-06-16 00:00:00-04:00,0.7539784042737048,0.7539784042737048,0.7436965096742012,0.7454105019569397,993600,0.0,0.0
1992-06-17 00:00:00-04:00,0.7402696445152748,0.745410562819108,0.7402696445152748,0.7436965703964233,2343600,0.0,0.0
1992-06-18 00:00:00-04:00,0.7454104185431154,0.7522648572921753,0.7454104185431154,0.7522648572921753,1011600,0.0,0.0
1992-06-19 00:00:00-04:00,0.7471238811520449,0.7556917825100342,0.743696426452178,0.7522648572921753,2754000,0.0,0.0
1992-06-22 00:00:00-04:00,0.7488374025923085,0.7522648572921753,0.7454104185431154,0.7522648572921753,2466000,0.0,0.0
1992-06-23 00:00:00-04:00,0.7539782963514271,0.7625461386104752,0.7539782963514271,0.7574052214622498,3200400,0.0,0.0
1992-06-24 00:00:00-04:00,0.7574055094778339,0.7608329653739929,0.7522651198568844,0.7608329653739929,698400,0.0,0.0
1992-06-25 00:00:00-04:00,0.7625460473219013,0.769400485036288,0.7591185931394067,0.7676870226860046,396000,0.0,0.0
1992-06-26 00:00:00-04:00,0.7676871261794531,0.7711140513420105,0.7676871261794531,0.7711140513420105,734400,0.0,0.0
1992-06-29 00:00:00-04:00,0.7676876422975532,0.7813959404772346,0.7676876422975532,0.7745414972305298,3164400,0.0,0.0
1992-06-30 00:00:00-04:00,0.7711145697640415,0.7745414972305298,0.7659736490819538,0.7745414972305298,1065600,0.0,0.0
1992-07-01 00:00:00-04:00,0.7779685787321355,0.7951043844223022,0.7779685787321355,0.7951043844223022,2232000,0.0,0.0
1992-07-02 00:00:00-04:00,0.8156676638109389,0.8242355086359617,0.8156676638109389,0.8208080530166626,2793600,0.0,0.0
1992-07-06 00:00:00-04:00,0.8208080182298111,0.8225220107078944,0.8156676292419434,0.8156676292419434,2743200,0.0,0.0
1992-07-07 00:00:00-04:00,0.815667930321473,0.832803684401788,0.815667930321473,0.829376757144928,1209600,0.0,0.0
1992-07-08 00:00:00-04:00,0.8276621881701033,0.8276621881701033,0.8019585455178179,0.8053854703903198,5047200,0.0,0.0
1992-07-09 00:00:00-04:00,0.8053860688447294,0.8225223532178091,0.8053860688447294,0.8190948963165283,1886400,0.0,0.0
1992-07-10 00:00:00-04:00,0.8173813370071007,0.8276627063751221,0.8173813370071007,0.8276627063751221,680400,0.0,0.0
1992-07-13 00:00:00-04:00,0.8259491797955494,0.8465123876122808,0.8259491797955494,0.8430849313735962,799200,0.0,0.0
1992-07-14 00:00:00-04:00,0.8447989408717476,0.8447989408717476,0.8396579623222351,0.8396579623222351,975600,0.0,0.0
1992-07-15 00:00:00-04:00,0.8396577499649993,0.8550800345681182,0.8379442869863851,0.8482256531715393,3675600,0.0,0.0
1992-07-16 00:00:00-04:00,0.8447987876774766,0.856793617699728,0.8328034281730652,0.8328034281730652,12200400,0.0,0.0
1992-07-17 00:00:00-04:00,0.83280324136559,0.836230166799388,0.8225218767508172,0.834516704082489,1573200,0.0,0.0
1992-07-20 00:00:00-04:00,0.8379445463940643,0.8379445463940643,0.8259492428660604,0.8276627063751221,702000,0.0,0.0
1992-07-21 00:00:00-04:00,0.8276626364481635,0.8328035560232924,0.8242356508882117,0.8310900926589966,1904400,0.0,0.0
1992-07-22 00:00:00-04:00,0.83280324136559,0.8396576217152271,0.83280324136559,0.834516704082489,824400,0.0,0.0
1992-07-23 00:00:00-04:00,0.8396578512173487,0.8533666744949678,0.8362303953646893,0.8516526818275452,2955600,0.0,0.0
1992-07-24 00:00:00-04:00,0.8447986336869122,0.8499390220536639,0.8396576570067565,0.8413711786270142,1450800,0.0,0.0
1992-07-27 00:00:00-04:00,0.8379441924856464,0.8379441924856464,0.8259488940238953,0.8259488940238953,540000,0.0,0.0
1992-07-28 00:00:00-04:00,0.8259491696968071,0.8482258406193848,0.8259491696968071,0.8465123772621155,738000,0.0,0.0
1992-07-29 00:00:00-04:00,0.8499394007539389,0.8687891471082809,0.8499394007539389,0.8653616905212402,1486800,0.0,0.0
1992-07-30 00:00:00-04:00,0.8687885874725031,0.8687885874725031,0.853366307639563,0.8550797700881958,2649600,0.0,0.0
1992-07-31 00:00:00-04:00,0.8567936581885007,0.8567936581885007,0.851652680328301,0.8533666729927063,1080000,0.0,0.0
1992-08-03 00:00:00-04:00,0.851652680328301,0.863648040399567,0.851652680328301,0.8533666729927063,496800,0.0,0.0
1992-08-04 00:00:00-04:00,0.8499388532603391,0.8550797700881958,0.8499388532603391,0.8550797700881958,255600,0.0,0.0
1992-08-05 00:00:00-04:00,0.8567939200789322,0.863648304385132,0.8550803975415971,0.8619348406791687,1000800,0.0,0.0
1992-08-06 00:00:00-04:00,0.8636481406374161,0.8739295092375663,0.8636481406374161,0.8722160458564758,396000,0.0,0.0
1992-08-07 00:00:00-04:00,0.8705026998508612,0.8705026998508612,0.8550804085034184,0.8585073947906494,5349600,0.0,0.0
1992-08-10 00:00:00-04:00,0.8533666729927063,0.8533666729927063,0.851652680328301,0.8533666729927063,162000,0.0,0.0
1992-08-11 00:00:00-04:00,0.853366478814129,0.8567934632301331,0.8516524865397326,0.8567934632301331,576000,0.0,0.0
1992-08-12 00:00:00-04:00,0.8550797700881958,0.8550797700881958,0.8465119283630737,0.8550797700881958,536400,0.0,0.0
1992-08-13 00:00:00-04:00,0.851652680328301,0.8533666729927063,0.8499392171460807,0.8533666729927063,126000,0.0,0.0
1992-08-14 00:00:00-04:00,0.853366307639563,0.8567932913681572,0.8516523157089719,0.8550797700881958,32400,0.0,0.0
1992-08-17 00:00:00-04:00,0.8705024222759721,0.887638230718665,0.85679365785911,0.8670749664306641,1771200,0.0,0.0
1992-08-18 00:00:00-04:00,0.8670750839091425,0.8687890768051147,0.8653616204954268,0.8687890768051147,968400,0.0,0.0
1992-08-19 00:00:00-04:00,0.8687890602629341,0.8773569654819938,0.8687890602629341,0.8722160458564758,568800,0.0,0.0
1992-08-20 00:00:00-04:00,0.8705022181656724,0.8807835831578658,0.8705022181656724,0.8739292025566101,1893600,0.0,0.0
1992-08-21 00:00:00-04:00,0.8773568532805673,0.8773568532805673,0.8670749565130786,0.8705024123191833,968400,0.0,0.0
1992-08-24 00:00:00-04:00,0.8705025402188304,0.8739295258776237,0.8670750839091425,0.8687890768051147,1929600,0.0,0.0
1992-08-25 00:00:00-04:00,0.8653612685775108,0.8653612685775108,0.834516704082489,0.834516704082489,1627200,0.0,0.0
1992-08-26 00:00:00-04:00,0.8276624922102382,0.8276624922102382,0.8156676624369219,0.8225220441818237,2084400,0.0,0.0
1992-08-27 00:00:00-04:00,0.8276625093871594,0.8345168912743137,0.8259490462859107,0.8328034281730652,1598400,0.0,0.0
1992-08-28 00:00:00-04:00,0.8293766292947007,0.8328035560232924,0.8293766292947007,0.8310900926589966,2858400,0.0,0.0
1992-08-31 00:00:00-04:00,0.8328034281730652,0.8328034281730652,0.8310899650718165,0.8328034281730652,543600,0.0,0.0
1992-09-01 00:00:00-04:00,0.8310898135801068,0.8413711786270142,0.8310898135801068,0.8413711786270142,1126800,0.0,0.0
1992-09-02 00:00:00-04:00,0.8379442442419052,0.8465121470113868,0.8362302518686014,0.8447986841201782,1976400,0.0,0.0
1992-09-03 00:00:00-04:00,0.8465125958420163,0.8465125958420163,0.832803767648237,0.8362306952476501,331200,0.0,0.0
1992-09-04 00:00:00-04:00,0.8330016732215881,0.8330016732215881,0.8312842687403293,0.8330016732215881,896400,0.003889,0.0
1992-09-08 00:00:00-04:00,0.8295663335589734,0.8330016732215881,0.8295663335589734,0.8330016732215881,1206000,0.0,0.0
1992-09-09 00:00:00-04:00,0.8312845336673929,0.8312845336673929,0.8278491929099487,0.8295665979385376,1465200,0.0,0.0
1992-09-10 00:00:00-04:00,0.8261317610740662,0.8295666302316518,0.8261317610740662,0.8261317610740662,266400,0.0,0.0
1992-09-11 00:00:00-04:00,0.8278491929099487,0.8312845336673929,0.8278491929099487,0.8295665979385376,4564800,0.0,0.0
1992-09-14 00:00:00-04:00,0.8312844904995096,0.8415894508361816,0.8312844904995096,0.8415894508361816,306000,0.0,0.0
1992-09-15 00:00:00-04:00,0.8381541102571317,0.8433069147422804,0.8381541102571317,0.8415894508361816,367200,0.0,0.0
1992-09-16 00:00:00-04:00,0.8415894782325727,0.8536119028667114,0.8415894782325727,0.8518944978713989,777600,0.0,0.0
1992-09-17 00:00:00-04:00,0.8518945306132517,0.8622000813484192,0.8501771255519321,0.8622000813484192,1393200,0.0,0.0
1992-09-18 00:00:00-04:00,0.8622001508481831,0.8725051127470335,0.8622001508481831,0.8673523664474487,6386400,0.0,0.0
1992-09-21 00:00:00-04:00,0.8707876373552932,0.8725050424166128,0.8622000813484192,0.8622000813484192,1382400,0.0,0.0
1992-09-22 00:00:00-04:00,0.8621999726123525,0.8639173774570821,0.8604820370674133,0.8604820370674133,1094400,0.0,0.0
1992-09-23 00:00:00-04:00,0.8604824091688507,0.867352562218863,0.8604824091688507,0.8656351566314697,1627200,0.0,0.0
1992-09-24 00:00:00-04:00,0.8690697273265501,0.8862454295158386,0.8690697273265501,0.8862454295158386,1044000,0.0,0.0
1992-09-25 00:00:00-04:00,0.9034205678671979,0.9034205678671979,0.8810926511603876,0.8828100562095642,1378800,0.0,0.0
1992-09-28 00:00:00-04:00,0.8862454295158386,0.8862454295158386,0.8845274937033751,0.8862454295158386,180000,0.0,0.0
1992-09-29 00:00:00-04:00,0.8879627431239562,0.9034205079078674,0.8879627431239562,0.9034205079078674,874800,0.0,0.0
1992-09-30 00:00:00-04:00,0.9034205079078674,0.9051379718097542,0.9017031029726738,0.9034205079078674,374400,0.0,0.0
1992-10-01 00:00:00-04:00,0.9068553610478921,0.908573296653587,0.8999851517591054,0.9051379561424255,2656800,0.0,0.0
1992-10-02 00:00:00-04:00,0.9085736891625802,0.9102910948099757,0.8965507292631786,0.9017034769058228,2232000,0.0,0.0
1992-10-05 00:00:00-04:00,0.8999849259040408,0.8999849259040408,0.8879625049159323,0.8896799683570862,651600,0.0,0.0
1992-10-06 00:00:00-04:00,0.8913973728315627,0.8913973728315627,0.8879625049159323,0.8896799683570862,669600,0.0,0.0
1992-10-07 00:00:00-04:00,0.8845274612587407,0.896550416970219,0.8828100562095642,0.8828100562095642,766800,0.0,0.0
1992-10-08 00:00:00-04:00,0.8862453970081899,0.8879628020573666,0.8810926511603876,0.8828100562095642,147600,0.0,0.0
1992-10-09 00:00:00-04:00,0.8845271804146486,0.8896799835930939,0.882809775910761,0.8879625201225281,612000,0.0,0.0
1992-10-12 00:00:00-04:00,0.887962419857459,0.893115222454071,0.887962419857459,0.893115222454071,201600,0.0,0.0
1992-10-13 00:00:00-04:00,0.893115516108278,0.9068553447723389,0.8879627118174366,0.9068553447723389,1663200,0.0,0.0
1992-10-14 00:00:00-04:00,0.910290195280316,0.9171603417814213,0.910290195280316,0.9154424071311951,5947200,0.0,0.0
1992-10-15 00:00:00-04:00,0.9137253165245056,0.9154427210637478,0.8999849598436586,0.9137253165245056,907200,0.0,0.0
1992-10-16 00:00:00-04:00,0.9171609282493591,0.9205957973129917,0.9154429925006189,0.9171609282493591,684000,0.0,0.0
1992-10-19 00:00:00-04:00,0.9686866649694911,1.0545630645745345,0.9686866649694911,1.0391052961349487,3157200,0.0,0.0
1992-10-20 00:00:00-04:00,1.0373880444332686,1.0545631608149142,1.028800368309021,1.028800368309021,4888800,0.0,0.0
1992-10-21 00:00:00-04:00,1.0253650667106486,1.032235275082941,1.0236471313341284,1.030517339706421,1522800,0.0,0.0
1992-10-22 00:00:00-04:00,1.030517371906646,1.033952653100186,1.0270825624465942,1.0270825624465942,1735200,0.0,0.0
1992-10-23 00:00:00-04:00,1.030517339706421,1.0339526207926197,1.030517339706421,1.030517339706421,597600,0.0,0.0
1992-10-26 00:00:00-05:00,1.032235597418293,1.06143319606781,1.0305176615053144,1.06143319606781,2685600,0.0,0.0
1992-10-27 00:00:00-05:00,1.0665855138138176,1.1043712437103004,1.064868050324598,1.0837607383728027,5324400,0.0,0.0
1992-10-28 00:00:00-05:00,1.0820434534184513,1.1009360266505328,1.0786086438066336,1.0906310081481934,5497200,0.0,0.0
1992-10-29 00:00:00-05:00,1.0957837418241407,1.1215465236777333,1.0957837418241407,1.1198291778564453,1764000,0.0,0.0
1992-10-30 00:00:00-05:00,1.1198291778564453,1.1232639874323975,1.1129589690376611,1.1198291778564453,1843200,0.0,0.0
1992-11-02 00:00:00-05:00,1.1198290286334784,1.1215463742259213,1.1095240116119385,1.1095240116119385,1116000,0.0,0.0
1992-11-03 00:00:00-05:00,1.1095245525762616,1.1095245525762616,1.085478636290768,1.0889140367507935,7124400,0.0,0.0
1992-11-04 00:00:00-05:00,1.0906310081481934,1.0940664074268973,1.088913662308973,1.0906310081481934,3567600,0.0,0.0
1992-11-05 00:00:00-05:00,1.0906310081481934,1.0906310081481934,1.0871961985363756,1.0906310081481934,2016000,0.0,0.0
1992-11-06 00:00:00-05:00,1.090630811587333,1.0923482750503977,1.0854780673980713,1.0854780673980713,2966400,0.0,0.0
1992-11-09 00:00:00-05:00,1.0837603491457393,1.107805654892568,1.0837603491457393,1.1026533842086792,7524000,0.0,0.0
1992-11-10 00:00:00-05:00,1.0992186512507096,1.1181116957082209,1.0975011875242988,1.1078062057495117,7405200,0.0,0.0
1992-11-11 00:00:00-05:00,1.107807003618189,1.1318523386395751,1.1060895386548195,1.1249827146530151,8344800,0.0,0.0
1992-11-12 00:00:00-05:00,1.123263398219746,1.1335688829421997,1.119828590445537,1.1335688829421997,1465200,0.0,0.0
1992-11-13 00:00:00-05:00,1.1335697774776123,1.1352872416866786,1.1249822205654665,1.1266995668411255,514800,0.0,0.0
1992-11-16 00:00:00-05:00,1.1301344952592582,1.1335697774776123,1.1266995668411255,1.1266995668411255,612000,0.0,0.0
1992-11-17 00:00:00-05:00,1.1287642733860581,1.1287642733860581,1.0995126962661743,1.0995126962661743,1616400,0.004167,0.0
1992-11-18 00:00:00-05:00,1.0995125214052037,1.1046747095548022,1.0874675338723119,1.0977919101715088,3297600,0.0,0.0
1992-11-19 00:00:00-05:00,1.0977922526950377,1.1304850578308105,1.0977922526950377,1.1304850578308105,1360800,0.0,0.0
1992-11-20 00:00:00-05:00,1.1270435537100256,1.1287640467223476,1.121881365776062,1.121881365776062,435600,0.0,0.0
1992-11-23 00:00:00-05:00,1.1081159901018829,1.1081159901018829,1.0995126962661743,1.0995126962661743,950400,0.0,0.0
1992-11-24 00:00:00-05:00,1.1029537372003442,1.1046748212060098,1.099512632534661,1.1012332439422607,867600,0.0,0.0
1992-11-25 00:00:00-05:00,1.1012333077735068,1.1012333077735068,1.0960715914010328,1.0995126962661743,392400,0.0,0.0
1992-11-27 00:00:00-05:00,1.099512632534661,1.1029537372003442,1.0960715278689774,1.1012332439422607,417600,0.0,0.0
1992-11-30 00:00:00-05:00,1.0995125214052037,1.0995125214052037,1.0874675338723119,1.0977919101715088,1256400,0.0,0.0
1992-12-01 00:00:00-05:00,1.0960713231707424,1.0960713231707424,1.0805852326468863,1.0840263366699219,1753200,0.0,0.0
1992-12-02 00:00:00-05:00,1.0857469598951244,1.0857469598951244,1.0771435499191284,1.0771435499191284,1188000,0.0,0.0
1992-12-03 00:00:00-05:00,1.0771435499191284,1.0771435499191284,1.0737024458576205,1.0771435499191284,1195200,0.0,0.0
1992-12-04 00:00:00-05:00,1.0737024338533436,1.0874674406929574,1.0737024338533436,1.0840263366699219,763200,0.0,0.0
1992-12-07 00:00:00-05:00,1.0874680228541902,1.0943508253323477,1.0874680228541902,1.090909719467163,856800,0.0,0.0
1992-12-08 00:00:00-05:00,1.0926293696754692,1.094349980354309,1.0840260799823374,1.094349980354309,892800,0.0,0.0
1992-12-09 00:00:00-05:00,1.0943505824903301,1.1717810593787525,1.0943505824903301,1.1201610565185547,1664400,0.0,3.0
1992-12-10 00:00:00-05:00,1.1149985873535415,1.1459707703355844,1.1149985873535415,1.1408085823059082,23782800,0.0,0.0
1992-12-11 00:00:00-05:00,1.1408089647531647,1.1408089647531647,1.1201611509084564,1.1304850578308105,2551200,0.0,0.0
1992-12-14 00:00:00-05:00,1.1304847687778674,1.1356469572182104,1.1253225803375244,1.1253225803375244,1626000,0.0,0.0
1992-12-15 00:00:00-05:00,1.1304849625709692,1.1304849625709692,1.1149988671932847,1.1201610565185547,2246400,0.0,0.0
1992-12-16 00:00:00-05:00,1.1149988671932847,1.1253227732456992,1.1149988671932847,1.1201610565185547,597600,0.0,0.0
1992-12-17 00:00:00-05:00,1.114997839147694,1.135646104812622,1.114997839147694,1.135646104812622,1563600,0.0,0.0
1992-12-18 00:00:00-05:00,1.145970001346241,1.145970001346241,1.1304839202469676,1.135646104812622,1742400,0.0,0.0
1992-12-21 00:00:00-05:00,1.1304847687778674,1.1304847687778674,1.114998676054883,1.1253225803375244,438000,0.0,0.0
1992-12-22 00:00:00-05:00,1.1304847291997961,1.1717808174826378,1.1304847291997961,1.1459708213806152,2596800,0.0,0.0
1992-12-23 00:00:00-05:00,1.1562942136359022,1.1717802989640518,1.1511325002583983,1.1666185855865479,844800,0.0,0.0
1992-12-24 00:00:00-05:00,1.1666190411424395,1.1821051325177905,1.1666190411424395,1.1769429445266724,807600,0.0,0.0
1992-12-28 00:00:00-05:00,1.1769424849393748,1.1872663842922015,1.1666185855865479,1.1666185855865479,476400,0.0,0.0
1992-12-29 00:00:00-05:00,1.1666192545035081,1.2130775371262394,1.1666192545035081,1.1872670650482178,1369200,0.0,0.0
1992-12-30 00:00:00-05:00,1.187266856322248,1.202752947807312,1.187266856322248,1.202752947807312,1458000,0.0,0.0
1992-12-31 00:00:00-05:00,1.202752947807312,1.202752947807312,1.1924290443499381,1.202752947807312,489600,0.0,0.0
1993-01-04 00:00:00-05:00,1.1924294233322144,1.1975916130005706,1.1821055165936587,1.1924294233322144,810000,0.0,0.0
1993-01-05 00:00:00-05:00,1.1821055653611343,1.1975916624069214,1.171781185598492,1.1975916624069214,2311200,0.0,0.0
1993-01-06 00:00:00-05:00,1.1975911086574798,1.2388871908187866,1.1975911086574798,1.2388871908187866,13880400,0.0,0.0
1993-01-07 00:00:00-05:00,1.3627765919046404,1.3782626895399204,1.3008322013635203,1.3059943914413452,12315600,0.0,0.0
1993-01-08 00:00:00-05:00,1.316317728731158,1.331803819657407,1.300831637804909,1.3214799165725708,4054800,0.0,0.0
1993-01-11 00:00:00-05:00,1.3214802273804023,1.342128038406372,1.3214802273804023,1.342128038406372,1532400,0.0,0.0
1993-01-12 00:00:00-05:00,1.3524522273961839,1.3627761314655171,1.3472900390625,1.3472900390625,1472400,0.0,0.0
1993-01-13 00:00:00-05:00,1.3472898521012922,1.352452039718628,1.33696594946459,1.352452039718628,1254000,0.0,0.0
1993-01-14 00:00:00-05:00,1.3524519641308872,1.4195580364158862,1.342127589473239,1.3937480449676514,1728000,0.0,0.0
1993-01-15 00:00:00-05:00,1.3937485187460248,1.3937485187460248,1.3576141403569453,1.36793851852417,2112000,0.0,0.0
1993-01-18 00:00:00-05:00,1.3730998653134536,1.4092342339736417,1.3524520597344687,1.4040720462799072,3585600,0.0,0.0
1993-01-19 00:00:00-05:00,1.3937481434904149,1.4040720462799072,1.3834242407009223,1.4040720462799072,885600,0.0,0.0
1993-01-20 00:00:00-05:00,1.4040719470273568,1.4143963216850048,1.3885858576388272,1.3937480449676514,1200000,0.0,0.0
1993-01-21 00:00:00-05:00,1.3885858034187628,1.440206256897553,1.3782619017621744,1.4247201681137085,5492400,0.0,0.0
1993-01-22 00:00:00-05:00,1.4298820505469132,1.491826392482551,1.4298820505469132,1.4660159349441528,2274000,0.0,0.0
1993-01-25 00:00:00-05:00,1.4556919700221012,1.4763402406046608,1.4556919700221012,1.4711780548095703,8187600,0.0,0.0
1993-01-26 00:00:00-05:00,1.4711792938318538,1.481503201518993,1.4350449080295662,1.450531005859375,2125200,0.0,0.0
1993-01-27 00:00:00-05:00,1.435044227246361,1.435044227246361,1.398910331184149,1.4040720462799072,1214400,0.0,0.0
1993-01-28 00:00:00-05:00,1.3937490772117267,1.3937490772117267,1.3369668649321613,1.3627768754959106,1746000,0.0,0.0
1993-01-29 00:00:00-05:00,1.3731002350096788,1.4040724243151461,1.3627763294405577,1.36793851852417,3076800,0.0,0.0
1993-02-01 00:00:00-05:00,1.373099768250298,1.3989102322964755,1.373099768250298,1.3937480449676514,2319600,0.0,0.0
1993-02-02 00:00:00-05:00,1.3937481434904149,1.4040720462799072,1.3834242407009223,1.4040720462799072,754800,0.0,0.0
1993-02-03 00:00:00-05:00,1.4092342339736417,1.419558136763134,1.398910331184149,1.4040720462799072,928800,0.0,0.0
1993-02-04 00:00:00-05:00,1.414396421667376,1.419558136763134,1.398910331184149,1.4040720462799072,1624800,0.0,0.0
1993-02-05 00:00:00-05:00,1.4040717397098597,1.4040717397098597,1.3730995655059814,1.3730995655059814,939600,0.0,0.0
1993-02-08 00:00:00-05:00,1.3679380453565055,1.3834241346526248,1.326641492168228,1.3318036794662476,717600,0.0,0.0
1993-02-09 00:00:00-05:00,1.3214799165725708,1.331803819657407,1.305993825646322,1.3214799165725708,1027200,0.0,0.0
1993-02-10 00:00:00-05:00,1.311155540889745,1.331803819657407,1.311155540889745,1.3214799165725708,1857600,0.0,0.0
1993-02-11 00:00:00-05:00,1.3111559648245235,1.3214803438455205,1.3111559648245235,1.316318154335022,312000,0.0,0.0
1993-02-12 00:00:00-05:00,1.321480197098979,1.321480197098979,1.300831913948059,1.300831913948059,1219200,0.0,0.0
1993-02-16 00:00:00-05:00,1.2698593705892562,1.2956693628653284,1.223401100933552,1.2388871908187866,2329200,0.0,0.0
1993-02-17 00:00:00-05:00,1.2388874572000386,1.2595357390193924,1.2388874572000386,1.254373550415039,2320800,0.0,0.0
1993-02-18 00:00:00-05:00,1.2492107152938843,1.2646968004942127,1.2182385448932276,1.2492107152938843,2649600,0.0,0.0
1993-02-19 00:00:00-05:00,1.2543740966929267,1.2750223875045776,1.2492119058404476,1.2750223875045776,730800,0.0,0.0
1993-02-22 00:00:00-05:00,1.2853459119796753,1.290508101287402,1.2646976273468922,1.2853459119796753,408000,0.0,0.0
1993-02-23 00:00:00-05:00,1.2905083173097476,1.2905083173097476,1.254373931303257,1.269860029220581,367200,0.0,0.0
1993-02-24 00:00:00-05:00,1.269860029220581,1.269860029220581,1.2595361214750993,1.269860029220581,392400,0.0,0.0
1993-02-25 00:00:00-05:00,1.2750221961707853,1.3059943914413452,1.2698600060929603,1.3059943914413452,1464000,0.0,0.0
1993-02-26 00:00:00-05:00,1.3008315008740092,1.3369658667642674,1.3008315008740092,1.3318036794662476,1034400,0.0,0.0
1993-03-01 00:00:00-05:00,1.3524524238714364,1.3834246131769035,1.3421280457042117,1.36793851852417,766800,0.0,0.0
1993-03-02 00:00:00-05:00,1.3576136707604662,1.3576136707604662,1.3214797774681482,1.3318036794662476,621600,0.0,0.0
1993-03-03 00:00:00-05:00,1.3318033403958909,1.3679376970865254,1.3318033403958909,1.3576133251190186,904800,0.0,0.0
1993-03-04 00:00:00-05:00,1.3576133251190186,1.362775511102772,1.3421272397655781,1.3576133251190186,450000,0.0,0.0
1993-03-05 00:00:00-05:00,1.362775511102772,1.362775511102772,1.3421272397655781,1.3576133251190186,488400,0.0,0.0
1993-03-08 00:00:00-05:00,1.3648517030531464,1.380361381496932,1.3545120751965636,1.375191330909729,3724800,0.004167,0.0
1993-03-09 00:00:00-05:00,1.380361655377557,1.4010413885116577,1.3751916037645524,1.4010413885116577,1706400,0.0,0.0
1993-03-10 00:00:00-05:00,1.390701336470387,1.406211018562317,1.390701336470387,1.406211018562317,588000,0.0,0.0
1993-03-11 00:00:00-05:00,1.3958722894841975,1.3958722894841975,1.3545132683092644,1.3648529052734375,10572000,0.0,0.0
1993-03-12 00:00:00-05:00,1.3700217536403494,1.375191330909729,1.3441719740221574,1.375191330909729,1430400,0.0,0.0
1993-03-15 00:00:00-05:00,1.3751919681938607,1.3751919681938607,1.3234933316352173,1.3441725969314575,1017600,0.0,0.0
1993-03-16 00:00:00-05:00,1.344172264019815,1.344172264019815,1.3183229521426019,1.3234930038452148,2636400,0.0,0.0
1993-03-17 00:00:00-05:00,1.3286624705559054,1.3286624705559054,1.3028131608513251,1.31315279006958,873600,0.0,0.0
1993-03-18 00:00:00-05:00,1.3183229194840096,1.3596819121265562,1.3183229194840096,1.354512333869934,1098000,0.0,0.0
1993-03-19 00:00:00-05:00,1.354512333869934,1.354512333869934,1.333832600889704,1.354512333869934,1545600,0.0,0.0
1993-03-22 00:00:00-05:00,1.3441722307208621,1.354512333869934,1.33900265246424,1.354512333869934,266400,0.0,0.0
1993-03-23 00:00:00-05:00,1.354511910442848,1.359681487083435,1.344171810526142,1.359681487083435,1608000,0.0,0.0
1993-03-24 00:00:00-05:00,1.354511910442848,1.3648515370417882,1.3493418604844951,1.359681487083435,2355600,0.0,0.0
1993-03-25 00:00:00-05:00,1.354512333869934,1.3596819121265562,1.349342282295398,1.354512333869934,277200,0.0,0.0
1993-03-26 00:00:00-05:00,1.349342282295398,1.3751915935322505,1.349342282295398,1.354512333869934,1392000,0.0,0.0
1993-03-29 00:00:00-05:00,1.3596819722865277,1.4113810703656051,1.3596819722865277,1.406211018562317,1299600,0.0,0.0
1993-03-30 00:00:00-05:00,1.4113811254501343,1.4217207561423193,1.406211073445065,1.4113811254501343,542400,0.0,0.0
1993-03-31 00:00:00-05:00,1.416551323489392,1.4372305870056152,1.4062112184132782,1.4372305870056152,692400,0.0,0.0
1993-04-01 00:00:00-05:00,1.4320604868663023,1.4320604868663023,1.4010411295574137,1.4217203855514526,980400,0.0,0.0
1993-04-02 00:00:00-05:00,1.4113809625307718,1.4113809625307718,1.3907012302155635,1.3958712816238403,658800,0.0,0.0
1993-04-05 00:00:00-04:00,1.3907022343429907,1.4010423446254043,1.3648529052734375,1.3648529052734375,1611600,0.0,0.0
1993-04-06 00:00:00-04:00,1.3648523630276244,1.3751919958839374,1.3648523630276244,1.3700224161148071,409200,0.0,0.0
1993-04-07 00:00:00-04:00,1.3648519944608881,1.3958713579713629,1.3596819427698341,1.3803616762161255,1064400,0.0,0.0
1993-04-08 00:00:00-04:00,1.3803616639728378,1.3907012939453125,1.370022034000363,1.3907012939453125,2106000,0.0,0.0
1993-04-12 00:00:00-04:00,1.3958711339079815,1.4527398001093943,1.3958711339079815,1.42689049243927,1221600,0.0,0.0
1993-04-13 00:00:00-04:00,1.4268902226585305,1.499268554441087,1.4268902226585305,1.4682492017745972,2060400,0.0,0.0
1993-04-14 00:00:00-04:00,1.463080777159064,1.4734204117495078,1.4475710886143323,1.4527406692504883,1359600,0.0,0.0
1993-04-15 00:00:00-04:00,1.4527399458017793,1.4630800485610962,1.447570367740017,1.4630800485610962,645600,0.0,0.0
1993-04-16 00:00:00-04:00,1.4579103787740073,1.4630804315068722,1.4424006938934326,1.4424006938934326,609600,0.0,0.0
1993-04-19 00:00:00-04:00,1.4527398001093943,1.4630799018317229,1.42689049243927,1.42689049243927,1045200,0.0,0.0
1993-04-20 00:00:00-04:00,1.4424007478549687,1.4527403803894936,1.432061115320444,1.44757080078125,1052400,0.0,0.0
1993-04-21 00:00:00-04:00,1.4527406692504883,1.457910723204776,1.4475710886143323,1.4527406692504883,992400,0.0,0.0
1993-04-22 00:00:00-04:00,1.4475704863527528,1.4527400648381061,1.406211018562317,1.406211018562317,1200000,0.0,0.0
1993-04-23 00:00:00-04:00,1.4010419565361345,1.4062115369271246,1.323493517490188,1.3390032052993774,1050000,0.0,0.0
1993-04-26 00:00:00-04:00,1.349342747295604,1.349342747295604,1.307983740400232,1.3183233737945557,940800,0.0,0.0
1993-04-27 00:00:00-04:00,1.3079838752746582,1.3183235097351664,1.297643767496024,1.3079838752746582,970800,0.0,0.0
1993-04-28 00:00:00-04:00,1.3183233737945557,1.3183233737945557,1.307983740400232,1.3183233737945557,361200,0.0,0.0
1993-04-29 00:00:00-04:00,1.318322917612742,1.318322917612742,1.2976431846618652,1.2976431846618652,482400,0.0,0.0
1993-04-30 00:00:00-04:00,1.2976431846618652,1.3028132362290628,1.2976431846618652,1.2976431846618652,828000,0.0,0.0
1993-05-03 00:00:00-04:00,1.297643633687831,1.3234934271507561,1.297643633687831,1.3183233737945557,776400,0.0,0.0
1993-05-04 00:00:00-04:00,1.3234930038452148,1.3338326339325148,1.3131529004399891,1.3234930038452148,370800,0.0,0.0
1993-05-05 00:00:00-04:00,1.323493517490188,1.349342839399467,1.323493517490188,1.3390032052993774,697200,0.0,0.0
1993-05-06 00:00:00-04:00,1.3338331644921404,1.3338331644921404,1.3183234765329295,1.3286631107330322,828000,0.0,0.0
1993-05-07 00:00:00-04:00,1.333832600889704,1.354512333869934,1.3234929710585457,1.354512333869934,1033200,0.0,0.0
1993-05-10 00:00:00-04:00,1.3545128931085668,1.3545128931085668,1.333833151590278,1.3390032052993774,956400,0.0,0.0
1993-05-11 00:00:00-04:00,1.3286630071888794,1.3390031139012804,1.3183233737945557,1.3183233737945557,242400,0.0,0.0
1993-05-12 00:00:00-04:00,1.3183235097351664,1.3234935636244836,1.302813821385341,1.3079838752746582,474000,0.0,0.0
1993-05-13 00:00:00-04:00,1.3028135299682617,1.3131531621159716,1.2821337923548224,1.3028135299682617,358800,0.0,0.0
1993-05-14 00:00:00-04:00,1.3028135299682617,1.3079835827011266,1.256284475326538,1.256284475326538,254400,0.0,0.0
1993-05-17 00:00:00-04:00,1.2459448835859204,1.2459448835859204,1.2200950924012846,1.2252651453018188,854400,0.0,0.0
1993-05-18 00:00:00-04:00,1.2304350080909496,1.2304350080909496,1.1477165410532,1.1839059591293335,1124400,0.0,0.0
1993-05-19 00:00:00-04:00,1.189075204305247,1.2356042402126413,1.178735576320658,1.2200945615768433,2218800,0.0,0.0
1993-05-20 00:00:00-04:00,1.209755246576497,1.2200948772361242,1.2045851945877075,1.2045851945877075,2428800,0.0,0.0
1993-05-21 00:00:00-04:00,1.2097556219472514,1.2097556219472514,1.183906300618514,1.1942459344863892,978000,0.0,0.0
1993-05-24 00:00:00-04:00,1.1942457612322284,1.1942457612322284,1.168396443653558,1.1890757083892822,620400,0.0,0.0
1993-05-25 00:00:00-04:00,1.178736247025527,1.2097556219472514,1.178736247025527,1.1942459344863892,1789200,0.0,0.0
1993-05-26 00:00:00-04:00,1.1735653341649699,1.1890750102698715,1.1373764054653677,1.168395757675171,1695600,0.0,0.0
1993-05-27 00:00:00-04:00,1.1683966650741677,1.2097556757015129,1.1683966650741677,1.1994160413742065,1305600,0.0,0.0
1993-05-28 00:00:00-04:00,1.2097551494836807,1.2459445638648048,1.2097551494836807,1.2407745122909546,1447200,0.0,0.0
1993-06-01 00:00:00-04:00,1.2407753127332202,1.2666246406424226,1.2407753127332202,1.2614550590515137,2587200,0.0,0.0
1993-06-02 00:00:00-04:00,1.2666243645077515,1.2717944182897647,1.2459450960159302,1.2459450960159302,963600,0.0,0.0
1993-06-03 00:00:00-04:00,1.2459453676423484,1.2614550590515137,1.2407753127332202,1.2614550590515137,992400,0.0,0.0
1993-06-04 00:00:00-04:00,1.2562847302618407,1.2666243645077515,1.2407750422339168,1.2459450960159302,817200,0.0,0.0
1993-06-07 00:00:00-04:00,1.242837661351913,1.242837661351913,1.2065880715275012,1.2117667198181152,555600,0.004167,0.0
1993-06-08 00:00:00-04:00,1.211766916882645,1.211766916882645,1.1858746194287062,1.191052794456482,610800,0.0,0.0
1993-06-09 00:00:00-04:00,1.1858744265749313,1.2169453681087292,1.1858744265749313,1.2117667198181152,433200,0.0,0.0
1993-06-10 00:00:00-04:00,1.2065876134237947,1.2117662597482382,1.17033851146698,1.17033851146698,640800,0.0,0.0
1993-06-11 00:00:00-04:00,1.1858745792231955,1.1910527540754121,1.1496249847326598,1.1548036336898804,732000,0.0,0.0
1993-06-14 00:00:00-04:00,1.159981526606832,1.1651601743053746,1.1392678840224402,1.1496247053146362,2635200,0.0,0.0
1993-06-15 00:00:00-04:00,1.1548030553187647,1.2014094502764086,1.1548030553187647,1.1858739852905273,1099200,0.0,0.0
1993-06-16 00:00:00-04:00,1.1806957476681477,1.2531944513320923,1.1755170995118194,1.2531944513320923,8962800,0.0,0.0
1993-06-17 00:00:00-04:00,1.2531945318057884,1.258373180294663,1.248016357421875,1.248016357421875,770400,0.0,0.0
1993-06-18 00:00:00-04:00,1.2324808419451743,1.2376590161437417,1.2273021936416626,1.2273021936416626,909600,0.0,0.0
1993-06-21 00:00:00-04:00,1.227301776805249,1.27390817339279,1.227301776805249,1.2635513544082642,1210800,0.0,0.0
1993-06-22 00:00:00-04:00,1.2739086179848176,1.289444088935852,1.2687299696328234,1.289444088935852,1052400,0.0,0.0
1993-06-23 00:00:00-04:00,1.2842657188565938,1.2842657188565938,1.2635520691703117,1.2790875434875488,1585200,0.0,0.0
1993-06-24 00:00:00-04:00,1.2842657188565938,1.2842657188565938,1.2687302445393567,1.2790875434875488,2188800,0.0,0.0
1993-06-25 00:00:00-04:00,1.284265172784648,1.3153361082077026,1.284265172784648,1.3153361082077026,826800,0.0,0.0
1993-06-28 00:00:00-04:00,1.3153361082077026,1.3412288704634814,1.3049792877683009,1.3153361082077026,1426800,0.0,0.0
1993-06-29 00:00:00-04:00,1.3205154323891088,1.3515863837394408,1.315336782462356,1.3412295579910278,848400,0.0,0.0
1993-06-30 00:00:00-04:00,1.3360507888516389,1.377478562253882,1.315336665097992,1.3567649126052856,447600,0.0,0.0
1993-07-01 00:00:00-04:00,1.3567650336661938,1.3567650336661938,1.330872258137522,1.3412295579910278,895200,0.0,0.0
1993-07-02 00:00:00-04:00,1.3205153942108154,1.346407694885805,1.3153367444337858,1.3205153942108154,1389600,0.0,0.0
1993-07-06 00:00:00-04:00,1.3153367444337858,1.3412295192138546,1.3153367444337858,1.3205153942108154,705600,0.0,0.0
1993-07-07 00:00:00-04:00,1.3205155823402936,1.3619433641433716,1.3153369318254788,1.3619433641433716,1636800,0.0,0.0
1993-07-08 00:00:00-04:00,1.3671220146581862,1.382657492097484,1.3567651877337035,1.3619433641433716,2276400,0.0,0.0
1993-07-09 00:00:00-04:00,1.3567648309983313,1.3671216551996854,1.3360507084906017,1.3464075326919556,757200,0.0,0.0
1993-07-12 00:00:00-04:00,1.3464075326919556,1.3567648309983313,1.3308720593374137,1.3464075326919556,204000,0.0,0.0
1993-07-13 00:00:00-04:00,1.3412295150861528,1.3671218156814575,1.336050865325061,1.3671218156814575,454800,0.0,0.0
1993-07-14 00:00:00-04:00,1.3619433641433716,1.3671220146581862,1.3515865372188887,1.3619433641433716,172800,0.0,0.0
1993-07-15 00:00:00-04:00,1.5017619252877727,1.5483683347702026,1.4447986939553297,1.5483683347702026,6934800,0.0,0.0
1993-07-16 00:00:00-04:00,1.5483679536832766,1.5483679536832766,1.4706906236639685,1.501761555671692,2072400,0.0,0.0
1993-07-19 00:00:00-04:00,1.4914047363707166,1.501761555671692,1.4914047363707166,1.501761555671692,1082400,0.0,0.0
1993-07-20 00:00:00-04:00,1.5017621580700513,1.5846181680280842,1.4914053346146674,1.563904047012329,1662000,0.0,0.0
1993-07-21 00:00:00-04:00,1.57426118850708,1.6053321298979768,1.5639038919734873,1.57426118850708,942000,0.0,0.0
1993-07-22 00:00:00-04:00,1.5639041272520942,1.5690827762979827,1.5328331811867875,1.5431904792785645,1023600,0.0,0.0
1993-07-23 00:00:00-04:00,1.5328329801559448,1.5380116285226544,1.5328329801559448,1.5328329801559448,39793200,0.0,0.0
1993-07-26 00:00:00-04:00,1.538011908531189,1.5742615054878115,1.538011908531189,1.5535473823547363,6342000,0.0,0.0
1993-07-27 00:00:00-04:00,1.5535460068629336,1.6156878471374512,1.5483673621385186,1.6156878471374512,3744000,0.0,0.0
1993-07-28 00:00:00-04:00,1.615689318166196,1.677831215018742,1.5949751945136648,1.6208679676055908,2673600,0.0,0.0
1993-07-29 00:00:00-04:00,1.6208664918618663,1.6312233072060804,1.6105092024130359,1.6156878471374512,1834800,0.0,0.0
1993-07-30 00:00:00-04:00,1.6208679269584536,1.6260461021629453,1.5949751545158506,1.6001538038253784,153600,0.0,0.0
1993-08-02 00:00:00-04:00,1.610510628339398,1.6156892776489258,1.6001538038253784,1.6001538038253784,1392000,0.0,0.0
1993-08-03 00:00:00-04:00,1.6105103103362106,1.6156889586231888,1.6001534878671966,1.6053321361541748,2172000,0.0,0.0
1993-08-04 00:00:00-04:00,1.6053315311856382,1.6053315311856382,1.5794387736133648,1.5897960662841797,2518800,0.0,0.0
1993-08-05 00:00:00-04:00,1.5897969793113589,1.6053324531349062,1.5897969793113589,1.6001538038253784,3152400,0.0,0.0
1993-08-06 00:00:00-04:00,1.6053324531349062,1.6156892776489258,1.5949751545158506,1.6001538038253784,1980000,0.0,0.0
1993-08-09 00:00:00-04:00,1.600153289668906,1.6208674061461832,1.5949746420233657,1.6105101108551025,2188800,0.0,0.0
1993-08-10 00:00:00-04:00,1.6208674061461832,1.6312242273323798,1.5949746420233657,1.6105101108551025,1047600,0.0,0.0
1993-08-11 00:00:00-04:00,1.610510628339398,1.6156892776489258,1.5897969793113589,1.6001538038253784,1747200,0.0,0.0
1993-08-12 00:00:00-04:00,1.6001538038253784,1.6053324531349062,1.5897969793113589,1.6001538038253784,782400,0.0,0.0
1993-08-13 00:00:00-04:00,1.5949746420233657,1.6105101108551025,1.5846178208371688,1.6105101108551025,370800,0.0,0.0
1993-08-16 00:00:00-04:00,1.6053324531349062,1.610510628339398,1.5949751545158506,1.6001538038253784,769200,0.0,0.0
1993-08-17 00:00:00-04:00,1.5949742385148233,1.5949742385148233,1.5794387736133648,1.5897960662841797,1899600,0.0,0.0
1993-08-18 00:00:00-04:00,1.5846179723739624,1.6001534426913542,1.5794393242331888,1.5846179723739624,764400,0.0,0.0
1993-08-19 00:00:00-04:00,1.5846179723739624,1.589796620514736,1.5794393242331888,1.5846179723739624,705600,0.0,0.0
1993-08-20 00:00:00-04:00,1.5794393626689358,1.5846180109357322,1.5690825402402837,1.57426118850708,1008000,0.0,0.0
1993-08-23 00:00:00-04:00,1.57426118850708,1.5846180109357322,1.57426118850708,1.57426118850708,1492800,0.0,0.0
1993-08-24 00:00:00-04:00,1.57426138588508,1.57426138588508,1.5587259132418225,1.5690827369689941,1034400,0.0,0.0
1993-08-25 00:00:00-04:00,1.57426118850708,1.594974833364384,1.5690825402402837,1.57426118850708,997200,0.0,0.0
1993-08-26 00:00:00-04:00,1.574261227337009,1.5897966984156473,1.574261227337009,1.579439401626587,924000,0.0,0.0
1993-08-27 00:00:00-04:00,1.5846181711834173,1.5949749946594238,1.5794395223929196,1.5949749946594238,356400,0.0,0.0
1993-08-30 00:00:00-04:00,1.5897969793113589,1.5897969793113589,1.5535473823547363,1.5535473823547363,862800,0.0,0.0
1993-08-31 00:00:00-04:00,1.5587251773309356,1.5794388150058822,1.51729695377149,1.5224756002426147,2998800,0.0,0.0
1993-09-01 00:00:00-04:00,1.527655006245911,1.5639041272520942,1.527655006245911,1.5431904792785645,526800,0.0,0.0
1993-09-02 00:00:00-04:00,1.5431904792785645,1.5587259523112176,1.5328331811867875,1.5431904792785645,525600,0.0,0.0
1993-09-03 00:00:00-04:00,1.5452650186312786,1.6023048384516847,1.5452650186312786,1.586748480796814,766800,0.004167,0.0
1993-09-07 00:00:00-04:00,1.586748136420186,1.6230464546510734,1.5711917821415569,1.5763773918151855,1376400,0.0,0.0
1993-09-08 00:00:00-04:00,1.5763773086227615,1.5763773086227615,1.5348933829075362,1.5452646017074585,1790400,0.0,0.0
1993-09-09 00:00:00-04:00,1.5608210620254976,1.5608210620254976,1.5452647075027925,1.5556354522705078,2500800,0.0,0.0
1993-09-10 00:00:00-04:00,1.5608210375365563,1.5919337460938148,1.5608210375365563,1.5763773918151855,2302800,0.0,0.0
1993-09-13 00:00:00-04:00,1.5763779466553778,1.6178614144186372,1.5763779466553778,1.6023050546646118,1280400,0.0,0.0
1993-09-14 00:00:00-04:00,1.5971187180712192,1.6178606799071755,1.5867479745243454,1.6126750707626343,765600,0.0,0.0
1993-09-15 00:00:00-04:00,1.6023044840053275,1.6852718647255136,1.597118874353361,1.6800862550735474,3051600,0.0,0.0
1993-09-16 00:00:00-04:00,1.6800864872190986,1.7008284539507252,1.6800864872190986,1.6852720975875854,699600,0.0,0.0
1993-09-17 00:00:00-04:00,1.6749010167488199,1.7526828050613403,1.6749010167488199,1.7526828050613403,1483200,0.0,0.0
1993-09-20 00:00:00-04:00,1.7526822928894215,1.8356496677586904,1.7526822928894215,1.7837949991226196,1708800,0.0,0.0
1993-09-21 00:00:00-04:00,1.7837955757043769,1.7837955757043769,1.690457426834804,1.716385006904602,1569600,0.0,0.0
1993-09-22 00:00:00-04:00,1.7163852038241396,1.7423123121261597,1.711199592266764,1.7423123121261597,2764800,0.0,0.0
1993-09-23 00:00:00-04:00,1.742311615127701,1.7630535783171106,1.7215696519382913,1.7267552614212036,1557600,0.0,0.0
1993-09-24 00:00:00-04:00,1.7267558270287826,1.747497797012329,1.7215702158472972,1.747497797012329,552000,0.0,0.0
1993-09-27 00:00:00-04:00,1.7423121858308437,1.7630541558143902,1.716385079408207,1.747497797012329,904800,0.0,0.0
1993-09-28 00:00:00-04:00,1.7423119609149043,1.7474975714269767,1.7319412146330935,1.737126350402832,534000,0.0,0.0
1993-09-29 00:00:00-04:00,1.7371258907944418,1.7371258907944418,1.721569538116455,1.721569538116455,495600,0.0,0.0
1993-09-30 00:00:00-04:00,1.721569538116455,1.731940756396585,1.721569538116455,1.721569538116455,1144800,0.0,0.0
1993-10-01 00:00:00-04:00,1.7215696519382913,1.731940870904116,1.7215696519382913,1.7267552614212036,256800,0.0,0.0
1993-10-04 00:00:00-04:00,1.7267552986057526,1.737126043052665,1.6852718460758538,1.6956425905227661,547200,0.0,0.0
1993-10-05 00:00:00-04:00,1.6956425905227661,1.7060133349696782,1.6800862364812728,1.6956425905227661,1206000,0.0,0.0
1993-10-06 00:00:00-04:00,1.6956426959938302,1.7111990510029478,1.6956426959938302,1.7060134410858154,1101600,0.0,0.0
1993-10-07 00:00:00-04:00,1.7060138570452361,1.7578685446329048,1.7060138570452361,1.747497797012329,1249200,0.0,0.0
1993-10-08 00:00:00-04:00,1.747497380450723,1.7941664457321167,1.747497380450723,1.7941664457321167,892800,0.0,0.0
1993-10-11 00:00:00-04:00,1.794165853824803,1.7993509873172708,1.778609503863149,1.78898024559021,1078800,0.0,0.0
1993-10-12 00:00:00-04:00,1.7889808357867567,1.8149079360289926,1.7889808357867567,1.7941664457321167,1304400,0.0,0.0
1993-10-13 00:00:00-04:00,1.7941662176951667,1.7941662176951667,1.773424255292294,1.7837949991226196,844800,0.0,0.0
1993-10-14 00:00:00-04:00,1.7837953651000626,1.7941665858004507,1.7786102294921875,1.7786102294921875,1401600,0.0,0.0
1993-10-15 00:00:00-04:00,1.7837946373556168,1.794165853824803,1.778609503863149,1.78898024559021,963600,0.0,0.0
1993-10-18 00:00:00-04:00,1.78898024559021,1.794165853824803,1.763053153901495,1.78898024559021,747600,0.0,0.0
1993-10-19 00:00:00-04:00,1.8304630381985982,1.9134303668230692,1.8304630381985982,1.8563905954360962,3268800,0.0,0.0
1993-10-20 00:00:00-04:00,1.8460206462165885,1.8460206462165885,1.7889808357867567,1.7941664457321167,1657200,0.0,0.0
1993-10-21 00:00:00-04:00,1.7837964600420522,1.7837964600420522,1.7630549553942236,1.7682400941848755,1030800,0.0,0.0
1993-10-22 00:00:00-04:00,1.7682387130577832,1.7734243225406956,1.7267552614212036,1.7267552614212036,804000,0.0,0.0
1993-10-25 00:00:00-04:00,1.7215699398670101,1.7786102294921875,1.711199193908941,1.7786102294921875,2736000,0.0,0.0
1993-10-26 00:00:00-04:00,1.7786098645785677,1.7837949991226196,1.773424255292294,1.7837949991226196,6930000,0.0,0.0
1993-10-27 00:00:00-04:00,1.7837949991226196,1.8097225708117657,1.7837949991226196,1.7837949991226196,3502800,0.0,0.0
1993-10-28 00:00:00-04:00,1.794166620666639,1.840835690498352,1.794166620666639,1.840835690498352,2636400,0.0,0.0
1993-10-29 00:00:00-04:00,1.8356494278204247,1.8978748321533203,1.8356494278204247,1.8978748321533203,3704400,0.0,0.0
1993-11-01 00:00:00-05:00,1.8978748366786873,1.903060445299513,1.8926892280578613,1.8926892280578613,2964000,0.0,0.0
1993-11-02 00:00:00-05:00,1.8823190487671722,1.8823190487671722,1.820093625667431,1.8252792358398438,1819200,0.0,0.0
1993-11-03 00:00:00-05:00,1.8252804188229301,1.8252804188229301,1.7526837283276988,1.7682400941848755,2961600,0.0,0.0
1993-11-04 00:00:00-05:00,1.778609653846398,1.7837947877761082,1.7163842487525551,1.757867693901062,3272400,0.0,0.0
1993-11-05 00:00:00-05:00,1.7578683177087875,1.7682390639905983,1.7163848578392105,1.737126350402832,2101200,0.0,0.0
1993-11-08 00:00:00-05:00,1.7526828050613403,1.7578684158629618,1.7371264473988361,1.7526828050613403,757200,0.0,0.0
1993-11-09 00:00:00-05:00,1.7734242328282062,1.8045369386672974,1.7734242328282062,1.8045369386672974,818400,0.0,0.0
1993-11-10 00:00:00-05:00,1.80453723109416,1.80453723109416,1.7578681647727594,1.7630537748336792,2988000,0.0,0.0
1993-11-11 00:00:00-05:00,1.7630533025729374,1.7734240451745227,1.757867693901062,1.757867693901062,1990800,0.0,0.0
1993-11-12 00:00:00-05:00,1.757867693901062,1.778609653846398,1.7526820852291867,1.757867693901062,1736400,0.0,0.0
1993-11-15 00:00:00-05:00,1.7526837283276988,1.7682400941848755,1.7526837283276988,1.7682400941848755,2169600,0.0,0.0
1993-11-16 00:00:00-05:00,1.7630535783171106,1.7630535783171106,1.7215696519382913,1.7267552614212036,3004800,0.0,0.0
1993-11-17 00:00:00-05:00,1.7423117610211833,1.7423117610211833,1.6956426959938302,1.7060134410858154,1424400,0.0,0.0
1993-11-18 00:00:00-05:00,1.7008282001173471,1.7008282001173471,1.6800862364812728,1.6956425905227661,1557600,0.0,0.0
1993-11-19 00:00:00-05:00,1.6956427355980874,1.6956427355980874,1.6593444148149183,1.674900770187378,1510800,0.0,0.0
1993-11-22 00:00:00-05:00,1.6749002141972595,1.6749002141972595,1.612674813363403,1.633416771888733,1689600,0.0,0.0
1993-11-23 00:00:00-05:00,1.6334177884422645,1.6697161197662354,1.6334177884422645,1.6697161197662354,877200,0.0,0.0
1993-11-24 00:00:00-05:00,1.6645300388336182,1.6645300388336182,1.6489736833305002,1.6645300388336182,830400,0.0,0.0
1993-11-26 00:00:00-05:00,1.6593449115753174,1.6645305231659913,1.6593449115753174,1.6593449115753174,222000,0.0,0.0
1993-11-29 00:00:00-05:00,1.6645306527727273,1.6645306527727273,1.6541599035263062,1.6541599035263062,1911600,0.0,0.0
1993-11-30 00:00:00-05:00,1.648973122097197,1.6541587304140626,1.633416771888733,1.633416771888733,1358400,0.0,0.0
1993-12-01 00:00:00-05:00,1.6541599035263062,1.659345040778282,1.6282323182965488,1.6541599035263062,1131600,0.0,0.0
1993-12-02 00:00:00-05:00,1.654158485470533,1.654158485470533,1.6334165300166186,1.6386021375656128,198000,0.0,0.0
1993-12-03 00:00:00-05:00,1.6386041424325328,1.648974895477295,1.628232914645127,1.648974895477295,722400,0.0,0.0
1993-12-06 00:00:00-05:00,1.651050877619595,1.6770106386322485,1.6458587352809353,1.6718189716339111,1622400,0.004167,0.0
1993-12-07 00:00:00-05:00,1.6614343257620434,1.7029705047607422,1.6614343257620434,1.7029705047607422,2506800,0.0,0.0
1993-12-08 00:00:00-05:00,1.7029705047607422,1.7237381189198728,1.69777836355085,1.7029705047607422,1194000,0.0,0.0
1993-12-09 00:00:00-05:00,1.7029702849119457,1.718546231190591,1.7029702849119457,1.7081619501113892,608400,0.0,0.0
1993-12-10 00:00:00-05:00,1.7081626804896877,1.7081626804896877,1.6718191071931237,1.6770107746124268,1107600,0.0,0.0
1993-12-13 00:00:00-05:00,1.6666267756547097,1.6666267756547097,1.6458586823088166,1.6562429666519165,2618400,0.0,0.0
1993-12-14 00:00:00-05:00,1.6458576716388096,1.6458576716388096,1.6406660079956055,1.6406660079956055,448800,0.0,0.0
1993-12-15 00:00:00-05:00,1.6458584525855517,1.6510505940324003,1.6250908374786377,1.6250908374786377,818400,0.0,0.0
1993-12-16 00:00:00-05:00,1.6354755635531444,1.656243665664147,1.6250917501678968,1.6510515213012695,1381200,0.0,0.0
1993-12-17 00:00:00-05:00,1.6510515213012695,1.6666274790493947,1.640667707916022,1.6510515213012695,937200,0.0,0.0
1993-12-20 00:00:00-05:00,1.6458580097768432,1.6510501498267762,1.6302820649671568,1.6354742050170898,366000,0.0,0.0
1993-12-21 00:00:00-05:00,1.6302824648965373,1.6302824648965373,1.6095148502824657,1.6147065162658691,1236000,0.0,0.0
1993-12-22 00:00:00-05:00,1.6147064166596186,1.6198985576629639,1.5939388033266368,1.6198985576629639,711600,0.0,0.0
1993-12-23 00:00:00-05:00,1.6198985576629639,1.6354745053328001,1.6095147509964731,1.6198985576629639,1134000,0.0,0.0
1993-12-27 00:00:00-05:00,1.614706259235052,1.6198983997321934,1.6043224535809224,1.609514594078064,739200,0.0,0.0
1993-12-28 00:00:00-05:00,1.5991305676352008,1.6198986575895016,1.5991305676352008,1.6147065162658691,1440000,0.0,0.0
1993-12-29 00:00:00-05:00,1.6198979274027447,1.6458576716388096,1.6198979274027447,1.6406660079956055,1501200,0.0,0.0
1993-12-30 00:00:00-05:00,1.6458586823088166,1.6562429666519165,1.6302827311344736,1.6562429666519165,360000,0.0,0.0
1993-12-31 00:00:00-05:00,1.6458581863936934,1.6822022199630737,1.6302822399125538,1.6822022199630737,1260000,0.0,0.0
1994-01-03 00:00:00-05:00,1.682202810986907,1.682202810986907,1.6406670975574638,1.6458587646484375,750000,0.0,0.0
1994-01-04 00:00:00-05:00,1.6510502920347356,1.6562424325318772,1.609514594078064,1.609514594078064,1264800,0.0,0.0
1994-01-05 00:00:00-05:00,1.61989797649093,1.6250901156314879,1.5939382314682007,1.5939382314682007,2106000,0.0,0.0
1994-01-06 00:00:00-05:00,1.5939386511159717,1.5939386511159717,1.531634866386229,1.5472108125686646,7884000,0.0,0.0
1994-01-07 00:00:00-05:00,1.552402697525909,1.557594838768545,1.5368267491382237,1.5420188903808594,1266000,0.0,0.0
1994-01-10 00:00:00-05:00,1.542019001328119,1.5731709003448486,1.5368268597119121,1.5731709003448486,1594800,0.0,0.0
1994-01-11 00:00:00-05:00,1.562787323989292,1.562787323989292,1.5264432779717603,1.5368270874023438,3811200,0.0,0.0
1994-01-12 00:00:00-05:00,1.5368267928323007,1.542018934222556,1.5108670365614945,1.52125084400177,2930400,0.0,0.0
1994-01-13 00:00:00-05:00,1.526442847525678,1.5316349884469858,1.5056747591806385,1.5160590410232544,3925200,0.0,0.0
1994-01-14 00:00:00-05:00,1.5160590410232544,1.52125070660437,1.5108669001019466,1.5160590410232544,3208800,0.0,0.0
1994-01-17 00:00:00-05:00,1.5160585785477732,1.5160585785477732,1.4900983572006226,1.4900983572006226,2647200,0.0,0.0
1994-01-18 00:00:00-05:00,1.4900990087462118,1.526443049319621,1.4745230592633585,1.505674958229065,7396800,0.0,0.0
1994-01-19 00:00:00-05:00,1.5108673038582006,1.5160594461670294,1.4900992099632049,1.4952913522720337,801600,0.0,0.0
1994-01-20 00:00:00-05:00,1.495290496538062,1.495290496538062,1.474522414528351,1.4900983572006226,1695600,0.0,0.0
1994-01-21 00:00:00-05:00,1.4849074894115084,1.4952912983141449,1.479715347290039,1.479715347290039,1688400,0.0,0.0
1994-01-24 00:00:00-05:00,1.4797154006858666,1.5056751615493718,1.4797154006858666,1.4952913522720337,1110000,0.0,0.0
1994-01-25 00:00:00-05:00,1.484906951087396,1.490098615986426,1.4641388654708862,1.4641388654708862,961200,0.0,0.0
1994-01-26 00:00:00-05:00,1.4641388654708862,1.4693310057100462,1.4537550603326963,1.4641388654708862,3324000,0.0,0.0
1994-01-27 00:00:00-05:00,1.432987464932983,1.432987464932983,1.3291479520077918,1.3343396186828613,20930400,0.0,0.0
1994-01-28 00:00:00-05:00,1.3343398598330654,1.4070279598236084,1.3343398598330654,1.4070279598236084,15872400,0.0,0.0
1994-01-31 00:00:00-05:00,1.4174113641467134,1.4485632622598281,1.4174113641467134,1.427795171737671,9806400,0.0,0.0
1994-02-01 00:00:00-05:00,1.427795171737671,1.4329873132032707,1.4122192226811137,1.427795171737671,8372400,0.0,0.0
1994-02-02 00:00:00-05:00,1.4329874870780548,1.4589472468754558,1.4329874870780548,1.443371295928955,5566800,0.0,0.0
1994-02-03 00:00:00-05:00,1.4485626220703125,1.4641385642431115,1.438178819068457,1.4485626220703125,3784800,0.0,0.0
1994-02-04 00:00:00-05:00,1.4381790544773667,1.443370719158078,1.4122188297133706,1.417410969734192,2132400,0.0,0.0
1994-02-07 00:00:00-05:00,1.417410793511764,1.4381788756729055,1.4122186541364659,1.4329867362976074,3628800,0.0,0.0
1994-02-08 00:00:00-05:00,1.4381796291736548,1.443371295928955,1.4329874870780548,1.443371295928955,3698400,0.0,0.0
1994-02-09 00:00:00-05:00,1.4433708592550005,1.4641389460139742,1.4433708592550005,1.4537551403045654,4490400,0.0,0.0
1994-02-10 00:00:00-05:00,1.4537550990174855,1.4900986556383262,1.4537550990174855,1.4745227098464966,5797200,0.0,0.0
1994-02-11 00:00:00-05:00,1.4745223672449668,1.4745223672449668,1.4433704828993688,1.4485626220703125,3327600,0.0,0.0
1994-02-14 00:00:00-05:00,1.4537550990174855,1.4849069906011447,1.4537550990174855,1.4745227098464966,1892400,0.0,0.0
1994-02-15 00:00:00-05:00,1.4849066932032302,1.505674299872894,1.4849066932032302,1.4900983572006226,2227200,0.0,0.0
1994-02-16 00:00:00-05:00,1.4900989354900596,1.4952910768425065,1.479715128125397,1.4849072694778442,2335200,0.0,0.0
1994-02-17 00:00:00-05:00,1.4797144638472504,1.4900982665503828,1.4381787776947021,1.4381787776947021,1143600,0.0,0.0
1994-02-18 00:00:00-05:00,1.4277945407265697,1.4537547612412562,1.4174107377247143,1.4485626220703125,4570800,0.0,0.0
1994-02-22 00:00:00-05:00,1.4485625803978346,1.45375471941941,1.4381787776947021,1.4381787776947021,2716800,0.0,0.0
1994-02-23 00:00:00-05:00,1.4381791940703743,1.4537551403045654,1.4381791940703743,1.4537551403045654,2532000,0.0,0.0
1994-02-24 00:00:00-05:00,1.4485625803978346,1.4485625803978346,1.4329866386731267,1.4381787776947021,500400,0.0,0.0
1994-02-25 00:00:00-05:00,1.4329869144565455,1.4329869144565455,1.4122188297133706,1.417410969734192,670800,0.0,0.0
1994-02-28 00:00:00-05:00,1.4277948344770266,1.4277948344770266,1.4018350839614868,1.4018350839614868,4962000,0.0,0.0
1994-03-01 00:00:00-05:00,1.40183581686989,1.4122196274369483,1.3914520063028317,1.4070279598236084,2420400,0.0,0.0
1994-03-02 00:00:00-05:00,1.396642943722327,1.4018350839614868,1.3914512788232969,1.4018350839614868,1867200,0.0,0.0
1994-03-03 00:00:00-05:00,1.396642943722327,1.4018350839614868,1.396642943722327,1.4018350839614868,1693200,0.0,0.0
1994-03-04 00:00:00-05:00,1.3966429233551025,1.3966429233551025,1.3914512585317824,1.3966429233551025,32265600,0.0,0.0
1994-03-07 00:00:00-05:00,1.409123182296753,1.4195224555226056,1.3987234330226868,1.409123182296753,1767600,0.004167,0.0
1994-03-08 00:00:00-05:00,1.409123439845139,1.409123439845139,1.3935242891311646,1.3935242891311646,4209600,0.0,0.0
1994-03-09 00:00:00-05:00,1.3987229235065266,1.4091226689922527,1.3831237813259778,1.4039227962493896,3625200,0.0,0.0
1994-03-10 00:00:00-05:00,1.3935242213799832,1.4039234960009348,1.3779250714244173,1.3831244707107544,7480800,0.0,0.0
1994-03-11 00:00:00-05:00,1.3831238864462552,1.3883237595843192,1.3675247430801392,1.3675247430801392,898800,0.0,0.0
1994-03-14 00:00:00-05:00,1.3727248135735006,1.3727248135735006,1.3259273767471313,1.3259273767471313,2870400,0.0,0.0
1994-03-15 00:00:00-05:00,1.3311270948820872,1.3311270948820872,1.3207273483276367,1.3207273483276367,4839600,0.0,0.0
1994-03-16 00:00:00-05:00,1.325927066031497,1.325927066031497,1.3155277967453003,1.3155277967453003,1080000,0.0,0.0
1994-03-17 00:00:00-05:00,1.325927066031497,1.325927066031497,1.2999286547919886,1.3155277967453003,2077200,0.0,0.0
1994-03-18 00:00:00-05:00,1.3259268789701313,1.3259268789701313,1.279129459712362,1.289528727531433,2668800,0.0,0.0
1994-03-21 00:00:00-05:00,1.2791300663934908,1.284329940793268,1.268730793642128,1.2739301919937134,5010000,0.0,0.0
1994-03-22 00:00:00-05:00,1.2843296635313275,1.325927221604862,1.2843296635313275,1.3207273483276367,3007200,0.0,0.0
1994-03-23 00:00:00-05:00,1.3259268334211018,1.3363261008829312,1.2999284267425537,1.2999284267425537,2013600,0.0,0.0
1994-03-24 00:00:00-05:00,1.3051279607817237,1.3103278330877544,1.2635304104774776,1.2687302827835083,3315600,0.0,0.0
1994-03-25 00:00:00-05:00,1.2895294090475575,1.305128557044295,1.2791301357324718,1.2843300104141235,2971200,0.0,0.0
1994-03-28 00:00:00-05:00,1.2791298760308158,1.2843297496567376,1.2531314599974495,1.2635307312011719,2236800,0.0,0.0
1994-03-29 00:00:00-05:00,1.25833083495604,1.268730582020942,1.22193314837322,1.2427316904067993,2307600,0.0,0.0
1994-03-30 00:00:00-05:00,1.2323324457653122,1.2427317170046748,1.2063340296428444,1.2115334272384644,1974000,0.0,0.0
1994-03-31 00:00:00-05:00,1.216733300882207,1.216733300882207,1.1543367213497862,1.2115334272384644,1302000,0.0,0.0
1994-04-04 00:00:00-04:00,1.1907353211031815,1.2115338712035089,1.185535445553951,1.2063344717025757,644400,0.0,0.0
1994-04-05 00:00:00-04:00,1.268731074100152,1.268731074100152,1.2011345961533453,1.2063344717025757,3434400,0.0,0.0
1994-04-06 00:00:00-04:00,1.216733300882207,1.216733300882207,1.1959342823553591,1.2115334272384644,3256800,0.0,0.0
1994-04-07 00:00:00-04:00,1.2167337093614583,1.2375327348709106,1.2115338339720245,1.2375327348709106,1670400,0.0,0.0
1994-04-08 00:00:00-04:00,1.299929087944408,1.299929087944408,1.2635309192423505,1.2739301919937134,1345200,0.0,0.0
1994-04-11 00:00:00-04:00,1.27913020317813,1.310328500816621,1.2739303282223005,1.2947293519973755,1416000,0.0,0.0
1994-04-12 00:00:00-04:00,1.310327694204383,1.310327694204383,1.284329287525835,1.2999284267425537,642000,0.0,0.0
1994-04-13 00:00:00-04:00,1.2999288810255298,1.2999288810255298,1.2791298627853394,1.2791298627853394,1869600,0.0,0.0
1994-04-14 00:00:00-04:00,1.2843293316458806,1.289528727531433,1.279129459712362,1.289528727531433,513600,0.0,0.0
1994-04-15 00:00:00-04:00,1.2947292837292093,1.2947292837292093,1.27393026105082,1.2843300104141235,1087200,0.0,0.0
1994-04-18 00:00:00-04:00,1.289529477041546,1.2999292269532048,1.289529477041546,1.2947293519973755,1021200,0.0,0.0
1994-04-19 00:00:00-04:00,1.3155283250692498,1.3571258949678997,1.3155283250692498,1.341526746749878,4063200,0.0,0.0
1994-04-20 00:00:00-04:00,1.3415264594695997,1.3519257307052612,1.3415264594695997,1.3519257307052612,2242800,0.0,0.0
1994-04-21 00:00:00-04:00,1.3519255997140232,1.3727246162182032,1.3519255997140232,1.3675247430801392,798000,0.0,0.0
1994-04-22 00:00:00-04:00,1.372725229584769,1.3987236547956567,1.372725229584769,1.3883243799209595,3159600,0.0,0.0
1994-04-25 00:00:00-04:00,1.3987239168368846,1.4039237932725386,1.367525610319717,1.372725486755371,892800,0.0,0.0
1994-04-26 00:00:00-04:00,1.3779247092525182,1.3779247092525182,1.346726417541504,1.346726417541504,420000,0.0,0.0
1994-04-28 00:00:00-04:00,1.357125825516781,1.357125825516781,1.325927530677315,1.331127405166626,2528400,0.0,0.0
1994-04-29 00:00:00-04:00,1.3311272506327763,1.3311272506327763,1.3155281050239864,1.3259273767471313,826800,0.0,0.0
1994-05-02 00:00:00-04:00,1.325927221604862,1.325927221604862,1.3207273483276367,1.3207273483276367,2972400,0.0,0.0
1994-05-03 00:00:00-04:00,1.3207273483276367,1.3311270948820872,1.3155279510985005,1.3207273483276367,2640000,0.0,0.0
1994-05-04 00:00:00-04:00,1.3155278797395502,1.325927149681818,1.3103280067443848,1.3103280067443848,571200,0.0,0.0
1994-05-05 00:00:00-04:00,1.3103280778212754,1.3311270948820872,1.3103280778212754,1.3207273483276367,734400,0.0,0.0
1994-05-06 00:00:00-04:00,1.3155276029175487,1.3155276029175487,1.3051278591156006,1.3051278591156006,835200,0.0,0.0
1994-05-09 00:00:00-04:00,1.3051282785494904,1.3051282785494904,1.2791298627853394,1.2791298627853394,2545200,0.0,0.0
1994-05-10 00:00:00-04:00,1.2947285913616153,1.3103277310165746,1.2895287194606413,1.3051278591156006,2847600,0.0,0.0
1994-05-11 00:00:00-04:00,1.305127867284023,1.312927437160318,1.289528727531433,1.289528727531433,1879200,0.0,0.0
1994-05-12 00:00:00-04:00,1.2999284632625896,1.3207269987705597,1.2999284632625896,1.3051278591156006,1454400,0.0,0.0
1994-05-13 00:00:00-04:00,1.310327694204383,1.310327694204383,1.2947285549876641,1.2999284267425537,2775600,0.0,0.0
1994-05-16 00:00:00-04:00,1.3051278591156006,1.3155276029175487,1.2947285913616153,1.3051278591156006,1333200,0.0,0.0
1994-05-17 00:00:00-04:00,1.3103284165293672,1.3363268375396729,1.3103284165293672,1.3363268375396729,937200,0.0,0.0
1994-05-18 00:00:00-04:00,1.3467268369892407,1.3935242891311646,1.3467268369892407,1.3935242891311646,2100000,0.0,0.0
1994-05-19 00:00:00-04:00,1.393523767744152,1.393523767744152,1.3519257307052612,1.3519257307052612,1056000,0.0,0.0
1994-05-20 00:00:00-04:00,1.3519257307052612,1.3623254779890452,1.3467263331114918,1.3519257307052612,264000,0.0,0.0
1994-05-23 00:00:00-04:00,1.3519260202124843,1.3571258949678997,1.341526746749878,1.341526746749878,1773600,0.0,0.0
1994-05-24 00:00:00-04:00,1.3519257307052612,1.3623254779890452,1.3519257307052612,1.3519257307052612,470400,0.0,0.0
1994-05-25 00:00:00-04:00,1.351925801298843,1.367524946990938,1.351925801298843,1.3623255491256714,278400,0.0,0.0
1994-05-26 00:00:00-04:00,1.3727251960898028,1.3831244707107544,1.3675253207551885,1.3831244707107544,699600,0.0,0.0
1994-05-27 00:00:00-04:00,1.3831238631451526,1.3987230062484741,1.3831238631451526,1.3987230062484741,2665200,0.0,0.0
1994-05-31 00:00:00-04:00,1.3987226411729263,1.4247215235913,1.3831235021410797,1.414321780204773,1806000,0.0,0.0
1994-06-01 00:00:00-04:00,1.4195216518980365,1.4195216518980365,1.4091223845594534,1.414321780204773,453600,0.0,0.0
1994-06-02 00:00:00-04:00,1.4195217906787831,1.4507200717926025,1.4195217906787831,1.4507200717926025,1242000,0.0,0.0
1994-06-03 00:00:00-04:00,1.4455202086287302,1.4507200808628746,1.435120940208435,1.435120940208435,2179200,0.0,0.0
1994-06-06 00:00:00-04:00,1.442412361066658,1.4684485234920757,1.442412361066658,1.4632411003112793,855600,0.004167,0.0
1994-06-07 00:00:00-04:00,1.46844803863961,1.4840698262847123,1.46844803863961,1.4788624048233032,978000,0.0,0.0
1994-06-08 00:00:00-04:00,1.4736556022154688,1.4788625474398935,1.4267902347606218,1.4319971799850464,286800,0.0,0.0
1994-06-09 00:00:00-04:00,1.4319968172625992,1.4528260231018066,1.426789873357085,1.4528260231018066,486000,0.0,0.0
1994-06-10 00:00:00-04:00,1.452825784290092,1.4632401471282848,1.4476183645015097,1.4580332040786743,1750800,0.0,0.0
1994-06-13 00:00:00-04:00,1.458034153869765,1.4684485234920757,1.458034153869765,1.4632411003112793,385200,0.0,0.0
1994-06-14 00:00:00-04:00,1.4840700898481454,1.4840700898481454,1.4372047185897827,1.4372047185897827,1728000,0.0,0.0
1994-06-15 00:00:00-04:00,1.4424125130470522,1.4424125130470522,1.4215832948684692,1.4215832948684692,594000,0.0,0.0
1994-06-16 00:00:00-04:00,1.4215828127970263,1.4319971799850464,1.4215828127970263,1.4319971799850464,374400,0.0,0.0
1994-06-17 00:00:00-04:00,1.437204601948642,1.437204601948642,1.4319971799850464,1.4319971799850464,696000,0.0,0.0
1994-06-20 00:00:00-04:00,1.4319973210562105,1.4319973210562105,1.395546793937683,1.395546793937683,495600,0.0,0.0
1994-06-21 00:00:00-04:00,1.4059612786132107,1.4059612786132107,1.3903394866286196,1.4007538557052612,1422000,0.0,0.0
1994-06-22 00:00:00-04:00,1.4007544460445691,1.4111692962497424,1.3955474976814408,1.4059618711471558,1138800,0.0,0.0
1994-06-23 00:00:00-04:00,1.4007538557052612,1.4059612786132107,1.4007538557052612,1.4007538557052612,394800,0.0,0.0
1994-06-24 00:00:00-04:00,1.4059611684066278,1.4111685909063922,1.3851319551467896,1.3851319551467896,265200,0.0,0.0
1994-06-27 00:00:00-04:00,1.3851319489844884,1.395546793937683,1.379925003247109,1.395546793937683,686400,0.0,0.0
1994-06-28 00:00:00-04:00,1.39554712969974,1.426790718597948,1.3929431794653342,1.4215832948684692,1040400,0.0,0.0
1994-06-29 00:00:00-04:00,1.4215824616854287,1.426789882362862,1.4163750410079956,1.4163750410079956,742800,0.0,0.0
1994-06-30 00:00:00-04:00,1.437204749926775,1.4424121724265395,1.3851319551467896,1.3851319551467896,696000,0.0,0.0
1994-07-01 00:00:00-04:00,1.3851315887859605,1.4163751620423288,1.3851315887859605,1.4111682176589966,3214800,0.0,0.0
1994-07-05 00:00:00-04:00,1.4111680970696154,1.4215824616854287,1.4059606763921824,1.4163750410079956,681600,0.0,0.0
1994-07-06 00:00:00-04:00,1.4111680970696154,1.426789882362862,1.4111680970696154,1.4163750410079956,2913600,0.0,0.0
1994-07-07 00:00:00-04:00,1.411168924148844,1.4215832948684692,1.411168924148844,1.4215832948684692,2263200,0.0,0.0
1994-07-08 00:00:00-04:00,1.4215825831647548,1.4215825831647548,1.4111682176589966,1.4111682176589966,46800,0.0,0.0
1994-07-11 00:00:00-04:00,1.4163756476898526,1.4163756476898526,1.3955469095365691,1.4007538557052612,284400,0.0,0.0
1994-07-12 00:00:00-04:00,1.4007536016818152,1.4319971799850464,1.4007536016818152,1.4319971799850464,438000,0.0,0.0
1994-07-13 00:00:00-04:00,1.4267906970467477,1.4476194381713867,1.4215832733959253,1.4476194381713867,1087200,0.0,0.0
1994-07-14 00:00:00-04:00,1.447619186258151,1.4736558232420685,1.447619186258151,1.4684484004974365,1041600,0.0,0.0
1994-07-15 00:00:00-04:00,1.4580341388978444,1.4840703010559082,1.4580341388978444,1.4840703010559082,806400,0.0,0.0
1994-07-18 00:00:00-04:00,1.4840699384112408,1.494484305381775,1.4788625165563933,1.494484305381775,129600,0.0,0.0
1994-07-19 00:00:00-04:00,1.5153134988278758,1.530935287475586,1.4996917101801657,1.530935287475586,1960800,0.0,0.0
1994-07-20 00:00:00-04:00,1.525727391242981,1.5361422315956477,1.5205204478056547,1.525727391242981,3566400,0.0,0.0
1994-07-21 00:00:00-04:00,1.5205210447311401,1.5205210447311401,1.5101062002898182,1.5205210447311401,531600,0.0,0.0
1994-07-22 00:00:00-04:00,1.5101062002898182,1.5205210447311401,1.5048992548083517,1.5205210447311401,794400,0.0,0.0
1994-07-25 00:00:00-04:00,1.5257281000981948,1.5413498911460917,1.5257281000981948,1.5361429452896118,408000,0.0,0.0
1994-07-26 00:00:00-04:00,1.5361428204283731,1.5569715556397423,1.5361428204283731,1.5465571880340576,951600,0.0,0.0
1994-07-27 00:00:00-04:00,1.5413496352195915,1.5830080555898167,1.5413496352195915,1.5725932121276855,1227600,0.0,0.0
1994-07-28 00:00:00-04:00,1.5725928475336775,1.6038364171981812,1.5725928475336775,1.6038364171981812,1521600,0.0,0.0
1994-07-29 00:00:00-04:00,1.598629707289964,1.6194584389541447,1.598629707289964,1.6142514944076538,500400,0.0,0.0
1994-08-01 00:00:00-04:00,1.6194586946652447,1.6194586946652447,1.5778007480200218,1.5830081701278687,802800,0.0,0.0
1994-08-02 00:00:00-04:00,1.5882151154965314,1.5934225376043782,1.5778007480200218,1.5830081701278687,1243200,0.0,0.0
1994-08-03 00:00:00-04:00,1.5725926169086961,1.5725926169086961,1.5465564715862274,1.5621782541275024,1161600,0.0,0.0
1994-08-04 00:00:00-04:00,1.556970834367421,1.5778000366687774,1.5517638913463088,1.5621782541275024,592800,0.0,0.0
1994-08-05 00:00:00-04:00,1.5621781348853616,1.5621781348853616,1.5361419915502499,1.5569707155227661,451200,0.0,0.0
1994-08-08 00:00:00-04:00,1.556970834367421,1.5621782541275024,1.5465564715862274,1.5621782541275024,213600,0.0,0.0
1994-08-09 00:00:00-04:00,1.5725927345363853,1.5830075748355632,1.5725927345363853,1.5778001546859741,2024400,0.0,0.0
1994-08-10 00:00:00-04:00,1.5725929675086352,1.5986295953747793,1.5725929675086352,1.5934221744537354,465600,0.0,0.0
1994-08-11 00:00:00-04:00,1.5934216975830688,1.5934216975830688,1.5465563535365079,1.5569707155227661,633600,0.0,0.0
1994-08-12 00:00:00-04:00,1.556970834367421,1.5725926169086961,1.5517638913463088,1.5621782541275024,506400,0.0,0.0
1994-08-15 00:00:00-04:00,1.572593345417864,1.572593345417864,1.5361428204283731,1.5465571880340576,397200,0.0,0.0
1994-08-16 00:00:00-04:00,1.5361427092712077,1.5413496543276741,1.525727865679964,1.530935287475586,511200,0.0,0.0
1994-08-17 00:00:00-04:00,1.5309349273988289,1.5413492918014526,1.5309349273988289,1.5413492918014526,376800,0.0,0.0
1994-08-18 00:00:00-04:00,1.5413496543276741,1.546557076123296,1.530935287475586,1.530935287475586,343200,0.0,0.0
1994-08-19 00:00:00-04:00,1.525727391242981,1.5309348114193144,1.5153130276293214,1.525727391242981,198000,0.0,0.0
1994-08-22 00:00:00-04:00,1.53093526849661,1.5725932121276855,1.53093526849661,1.5725932121276855,2652000,0.0,0.0
1994-08-23 00:00:00-04:00,1.562178370976212,1.5830075748355632,1.5569709508266232,1.5778001546859741,658800,0.0,0.0
1994-08-24 00:00:00-04:00,1.5830081701278687,1.5882151154965314,1.567386380543512,1.5830081701278687,1251600,0.0,0.0
1994-08-25 00:00:00-04:00,1.5882143994499711,1.5882143994499711,1.5621782541275024,1.5621782541275024,499200,0.0,0.0
1994-08-26 00:00:00-04:00,1.5673862671357697,1.5830080555898167,1.5673862671357697,1.5725932121276855,264000,0.0,0.0
1994-08-29 00:00:00-04:00,1.5725932121276855,1.5882150005817326,1.5725932121276855,1.5725932121276855,127200,0.0,0.0
1994-08-30 00:00:00-04:00,1.5778002715176713,1.5934220563841828,1.5673859071863436,1.588214635848999,555600,0.0,0.0
1994-08-31 00:00:00-04:00,1.5830080555898167,1.5986298440438638,1.5725932121276855,1.5725932121276855,823200,0.0,0.0
1994-09-01 00:00:00-04:00,1.5725924968716196,1.5725924968716196,1.5413489341739124,1.5569707155227661,819600,0.0,0.0
1994-09-02 00:00:00-04:00,1.5592657990358338,1.5592657990358338,1.5384063720703127,1.5384063720703125,438000,0.004583,0.0
1994-09-06 00:00:00-04:00,1.5436206770199146,1.5436206770199146,1.5279758712479505,1.5331909656524658,613200,0.0,0.0
1994-09-07 00:00:00-04:00,1.5331915602564234,1.538406656683463,1.5071170330047605,1.5071170330047607,735600,0.0,0.0
1994-09-08 00:00:00-04:00,1.5123318433761597,1.5175469404631716,1.5071172237309758,1.5123318433761597,319200,0.0,0.0
1994-09-09 00:00:00-04:00,1.5123318433761597,1.5175469404631716,1.5071172237309758,1.5123318433761597,192000,0.0,0.0
1994-09-12 00:00:00-04:00,1.5071171757658752,1.5227619890871755,1.5071171757658752,1.5175468921661377,267600,0.0,0.0
1994-09-13 00:00:00-04:00,1.5123311106234807,1.5279759168624878,1.5123311106234807,1.5279759168624878,1194000,0.0,0.0
1994-09-14 00:00:00-04:00,1.5227612542850175,1.533190965652466,1.5227612542850175,1.5331909656524658,4281600,0.0,0.0
1994-09-15 00:00:00-04:00,1.5384058651378145,1.5749100890195158,1.5384058651378145,1.5696954727172852,976800,0.0,0.0
1994-09-16 00:00:00-04:00,1.5696956716009094,1.5696956716009094,1.5279758712479505,1.5331909656524658,901200,0.0,0.0
1994-09-19 00:00:00-04:00,1.5331917054874382,1.5331917054874382,1.5123317952451,1.5175468921661377,372000,0.0,0.0
1994-09-20 00:00:00-04:00,1.5175467484170722,1.5175467484170722,1.5071170330047605,1.5071170330047607,1266000,0.0,0.0
1994-09-21 00:00:00-04:00,1.507116910844058,1.507116910844058,1.4758272897015636,1.4810419082641602,1503600,0.0,0.0
1994-09-22 00:00:00-04:00,1.4810419082641602,1.4862570042684855,1.4810419082641602,1.4810419082641602,1093200,0.0,0.0
1994-09-23 00:00:00-04:00,1.4862574338912966,1.4966871514730693,1.4810423363794767,1.4862574338912964,530400,0.0,0.0
1994-09-26 00:00:00-04:00,1.4810419082641602,1.4862570042684855,1.4758272897015636,1.4810419082641602,1666800,0.0,0.0
1994-09-27 00:00:00-04:00,1.4758272897015636,1.4810419082641602,1.4758272897015636,1.4810419082641602,529200,0.0,0.0
1994-09-28 00:00:00-04:00,1.4810423363794767,1.4862574338912966,1.4758277163095237,1.4862574338912964,1524000,0.0,0.0
1994-09-29 00:00:00-04:00,1.4862563612307762,1.4862563612307762,1.4445370435714724,1.4445370435714722,3474000,0.0,0.0
1994-09-30 00:00:00-04:00,1.4445380861223385,1.4862574338912966,1.4445380861223385,1.4862574338912964,321600,0.0,0.0
1994-10-03 00:00:00-04:00,1.4810417686999588,1.496686577796936,1.4810417686999588,1.496686577796936,220800,0.0,0.0
1994-10-04 00:00:00-04:00,1.4966860558483517,1.4966860558483517,1.4601818323135376,1.4601818323135376,838800,0.0,0.0
1994-10-05 00:00:00-04:00,1.4601821166518587,1.4601821166518587,1.4549670219421387,1.4549670219421387,968400,0.0,0.0
1994-10-06 00:00:00-04:00,1.4549667536259177,1.4601818473739014,1.4393219498234884,1.4445370435714722,294000,0.0,0.0
1994-10-07 00:00:00-04:00,1.4445373099643088,1.4549670219421387,1.4393222152545888,1.4549670219421387,278400,0.0,0.0
1994-10-10 00:00:00-04:00,1.454967763112939,1.4601828604792664,1.4393229484558105,1.4393229484558105,508800,0.0,0.0
1994-10-11 00:00:00-04:00,1.449751644925147,1.4653964485662154,1.449751644925147,1.4601818323135376,651600,0.0,0.0
1994-10-12 00:00:00-04:00,1.4601825231027785,1.4653971418224099,1.4497523307800293,1.4497523307800293,694800,0.0,0.0
1994-10-13 00:00:00-04:00,1.45496744956609,1.460182545808559,1.4341075420379639,1.4341075420379639,541200,0.0,0.0
1994-10-14 00:00:00-04:00,1.4393229886105188,1.501902248984889,1.4393229886105188,1.4862574338912964,6214800,0.0,0.0
1994-10-17 00:00:00-04:00,1.481042122808426,1.481042122808426,1.4706124067306519,1.4706124067306519,918000,0.0,0.0
1994-10-18 00:00:00-04:00,1.4810417686999588,1.496686577796936,1.4758271506287555,1.496686577796936,870000,0.0,0.0
1994-10-19 00:00:00-04:00,1.4966870064176874,1.5019021034240723,1.4810421928403534,1.5019021034240723,825600,0.0,0.0
1994-10-20 00:00:00-04:00,1.5019019365777209,1.5123316519900327,1.5019019365777209,1.5071170330047607,1093200,0.0,0.0
1994-10-21 00:00:00-04:00,1.5123316519900327,1.5123316519900327,1.5071170330047605,1.5071170330047607,835200,0.0,0.0
1994-10-24 00:00:00-04:00,1.5123316519900327,1.5123316519900327,1.5071170330047605,1.5071170330047607,901200,0.0,0.0
1994-10-25 00:00:00-04:00,1.5071172237309758,1.5175469404631716,1.5019021266439636,1.5123318433761597,152400,0.0,0.0
1994-10-26 00:00:00-04:00,1.5123306141987263,1.5592650175094604,1.5123306141987263,1.5592650175094604,984000,0.0,0.0
1994-10-27 00:00:00-04:00,1.5540510956870697,1.5801256166831381,1.5540510956870697,1.5749105215072632,456000,0.0,0.0
1994-10-28 00:00:00-04:00,1.5749103564586122,1.585340545717291,1.569695739270876,1.5801254510879517,1946400,0.0,0.0
1994-10-31 00:00:00-05:00,1.5853408575057981,1.6009856670290736,1.5853408575057981,1.5853408575057983,655200,0.0,0.0
1994-11-01 00:00:00-05:00,1.5853405636577007,1.5957702755928038,1.5644806623458862,1.5644806623458862,896400,0.0,0.0
1994-11-02 00:00:00-05:00,1.5644808944980537,1.5644808944980537,1.5331912766080926,1.5384063720703125,1562400,0.0,0.0
1994-11-03 00:00:00-05:00,1.5436207056045534,1.5488358001056415,1.5384060885450566,1.5436207056045532,1459200,0.0,0.0
1994-11-04 00:00:00-05:00,1.543620259568315,1.564480154103513,1.5384056440156055,1.5540504455566406,1530000,0.0,0.0
1994-11-07 00:00:00-05:00,1.5540504455566406,1.5696952470976757,1.5540504455566406,1.5540504455566406,384000,0.0,0.0
1994-11-08 00:00:00-05:00,1.5644803789735329,1.5749100890195158,1.5644803789735329,1.5696954727172852,234000,0.0,0.0
1994-11-09 00:00:00-05:00,1.5696957570342418,1.5853405636577007,1.5592655676575304,1.5644806623458862,207600,0.0,0.0
1994-11-10 00:00:00-05:00,1.5644808944980537,1.5644808944980537,1.5331912766080926,1.5384063720703125,309600,0.0,0.0
1994-11-11 00:00:00-05:00,1.5279759168624878,1.5279759168624878,1.5123311106234807,1.5279759168624878,410400,0.0,0.0
1994-11-14 00:00:00-05:00,1.5279758995428803,1.5488358001056415,1.5279758995428803,1.5436207056045532,216000,0.0,0.0
1994-11-15 00:00:00-05:00,1.5540508946067295,1.5801254122289878,1.5436207056045534,1.5436207056045532,673200,0.0,0.0
1994-11-16 00:00:00-05:00,1.5436207231014947,1.5436207231014947,1.5279759168624878,1.5279759168624878,225600,0.0,0.0
1994-11-17 00:00:00-05:00,1.5279764406530028,1.5279764406530028,1.5175467253988892,1.5227618217468262,1004400,0.0,0.0
1994-11-18 00:00:00-05:00,1.5227618217468262,1.5331915370009397,1.5175467253988892,1.5227618217468262,236400,0.0,0.0
1994-11-21 00:00:00-05:00,1.5279767816602545,1.5279767816602545,1.4862574338912966,1.4862574338912964,896400,0.0,0.0
1994-11-22 00:00:00-05:00,1.4758276751363946,1.4758276751363946,1.4393229484558105,1.4393229484558105,1137600,0.0,0.0
1994-11-23 00:00:00-05:00,1.4497521535238873,1.4497521535238873,1.3976031080531959,1.402817726135254,3757200,0.0,0.0
1994-11-25 00:00:00-05:00,1.4028182217752265,1.4393229484558105,1.4028182217752265,1.4393229484558105,1154400,0.0,0.0
1994-11-28 00:00:00-05:00,1.4393226382804332,1.4393226382804332,1.4288929232372454,1.4341075420379639,696000,0.0,0.0
1994-11-29 00:00:00-05:00,1.4341076363743135,1.4341076363743135,1.397603392601013,1.3976033926010132,1149600,0.0,0.0
1994-11-30 00:00:00-05:00,1.402818108413933,1.413248302303727,1.3871732950210571,1.3871732950210571,559200,0.0,0.0
1994-12-01 00:00:00-05:00,1.408032433370526,1.408032433370526,1.3871725344697043,1.3923876285552979,684000,0.0,0.0
1994-12-02 00:00:00-05:00,1.397603392601013,1.402818011744752,1.392388296015492,1.3976033926010132,1592400,0.0,0.0
1994-12-05 00:00:00-05:00,1.3999013900756838,1.4103482547761999,1.3894540471483559,1.3999013900756836,1004400,0.004583,0.0
1994-12-06 00:00:00-05:00,1.3946774391471106,1.3946774391471106,1.3790069061229857,1.3894537687301636,2473200,0.0,0.0
1994-12-07 00:00:00-05:00,1.3894536863798688,1.3894536863798688,1.3842304944992065,1.3842304944992065,1750800,0.0,0.0
1994-12-08 00:00:00-05:00,1.3790070587324699,1.3842307297275007,1.3633365239741464,1.3685601949691772,466800,0.0,0.0
1994-12-09 00:00:00-05:00,1.3633365603380425,1.3633365603380425,1.3476660251617432,1.3476660251617432,688800,0.0,0.0
1994-12-12 00:00:00-05:00,1.3476657120092201,1.3633362435442111,1.3476657120092201,1.3581125736236572,792000,0.0,0.0
1994-12-13 00:00:00-05:00,1.3633362188767852,1.3999009512057394,1.3633362188767852,1.3946772813796997,190800,0.0,0.0
1994-12-14 00:00:00-05:00,1.3999016652386,1.4416896104812622,1.3999016652386,1.4416896104812622,962400,0.0,0.0
1994-12-15 00:00:00-05:00,1.4416894520666492,1.483477392717601,1.4364657801502103,1.4782541990280151,1258800,0.0,0.0
1994-12-16 00:00:00-05:00,1.4625833423693444,1.47303020569586,1.4573596715927124,1.4573596715927124,772800,0.0,0.0
1994-12-19 00:00:00-05:00,1.4573601892029675,1.478254401503739,1.452136516571045,1.452136516571045,625200,0.0,0.0
1994-12-20 00:00:00-05:00,1.4573593952468442,1.4678062565924157,1.4416888641151577,1.462583065032959,674400,0.0,0.0
1994-12-21 00:00:00-05:00,1.4521366242513023,1.5304893284056345,1.4521366242513023,1.514818787574768,1453200,0.0,0.0
1994-12-22 00:00:00-05:00,1.5095952355646676,1.540936309810115,1.499147891998291,1.499147891998291,912000,0.0,0.0
1994-12-23 00:00:00-05:00,1.5043715637814792,1.5043715637814792,1.4939246984419439,1.499147891998291,248400,0.0,0.0
1994-12-27 00:00:00-05:00,1.499147891998291,1.5043715637814792,1.4939246984419439,1.499147891998291,567600,0.0,0.0
1994-12-28 00:00:00-05:00,1.499147891998291,1.5043715637814792,1.4887010266587555,1.499147891998291,218400,0.0,0.0
1994-12-29 00:00:00-05:00,1.4939247365504789,1.4939247365504789,1.4782541990280151,1.4782541990280151,537600,0.0,0.0
1994-12-30 00:00:00-05:00,1.493924127296332,1.525265189559705,1.462583065032959,1.462583065032959,982800,0.0,0.0
1995-01-03 00:00:00-05:00,1.4625833423693444,1.47303020569586,1.4573596715927124,1.4573596715927124,513600,0.0,0.0
1995-01-04 00:00:00-05:00,1.462583065032959,1.462583065032959,1.4521357254607292,1.462583065032959,1683600,0.0,0.0
1995-01-05 00:00:00-05:00,1.462583065032959,1.4678062565924157,1.4521357254607292,1.462583065032959,1407600,0.0,0.0
1995-01-06 00:00:00-05:00,1.4678065461752112,1.5043712854385376,1.4678065461752112,1.5043712854385376,436800,0.0,0.0
1995-01-09 00:00:00-05:00,1.5043713682648785,1.5357124384370633,1.5043713682648785,1.5252655744552612,1171200,0.0,0.0
1995-01-10 00:00:00-05:00,1.530488767332773,1.5409361095413538,1.5252655744552612,1.5252655744552612,531600,0.0,0.0
1995-01-11 00:00:00-05:00,1.5252657726873913,1.5304889662437386,1.499147891998291,1.499147891998291,912000,0.0,0.0
1995-01-12 00:00:00-05:00,1.4991480116322249,1.4991480116322249,1.4782542792858073,1.4834774732589722,969600,0.0,0.0
1995-01-13 00:00:00-05:00,1.4887011438235611,1.5461596250534058,1.4834774716292558,1.5461596250534058,1015200,0.0,0.0
1995-01-16 00:00:00-05:00,1.5409363910221145,1.5670537948608398,1.5200421810150146,1.5670537948608398,481200,0.0,0.0
1995-01-17 00:00:00-05:00,1.5670531731220283,1.6036179065704346,1.5670531731220283,1.6036179065704346,1698000,0.0,0.0
1995-01-18 00:00:00-05:00,1.598394236584469,1.6140647683156892,1.5827237048532488,1.6036179065704346,1244400,0.0,0.0
1995-01-19 00:00:00-05:00,1.5983938603746424,1.5983938603746424,1.5722764730453491,1.5722764730453491,213600,0.0,0.0
1995-01-20 00:00:00-05:00,1.5775006607509567,1.5879480048679397,1.5513832569122314,1.5827243328094482,493200,0.0,0.0
1995-01-23 00:00:00-05:00,1.5670532426951065,1.5827237751220575,1.5461590400502727,1.5775001049041748,475200,0.0,0.0
1995-01-24 00:00:00-05:00,1.5775006607509567,1.5879480048679397,1.5618301228023483,1.5670537948608398,446400,0.0,0.0
1995-01-25 00:00:00-05:00,1.5566063248147377,1.5566063248147377,1.5357121229171753,1.5357121229171753,650400,0.0,0.0
1995-01-26 00:00:00-05:00,1.5409357929482361,1.5461589847526163,1.5304884528861145,1.5357121229171753,357600,0.0,0.0
1995-01-27 00:00:00-05:00,1.5461589714048425,1.6140647683156892,1.5461589714048425,1.6036179065704346,3595200,0.0,0.0
1995-01-30 00:00:00-05:00,1.6140656855331796,1.6297362261694242,1.6088420125787821,1.6245125532150269,1183200,0.0,0.0
1995-01-31 00:00:00-05:00,1.6245127453788188,1.64540696144104,1.6192895500335172,1.64540696144104,1544400,0.0,0.0
1995-02-01 00:00:00-05:00,1.6454059692033,1.6715233648611139,1.6297354361632688,1.6506296396255493,2401200,0.0,0.0
1995-02-02 00:00:00-05:00,1.6506298372122727,1.6506298372122727,1.6297356312488755,1.6401824951171875,1749600,0.0,0.0
1995-02-03 00:00:00-05:00,1.6401821562989325,1.7133116229508225,1.6349589645571365,1.687193751335144,3146400,0.0,0.0
1995-02-06 00:00:00-05:00,1.6819706021865168,1.7028643261361496,1.6819706021865168,1.697641134262085,1522800,0.0,0.0
1995-02-07 00:00:00-05:00,1.702864480075341,1.702864480075341,1.6715234130909682,1.6767470836639404,607200,0.0,0.0
1995-02-08 00:00:00-05:00,1.6715240478515625,1.6715240478515625,1.6610771809651546,1.6715240478515625,1345200,0.0,0.0
1995-02-09 00:00:00-05:00,1.6715234130909682,1.6767470836639402,1.6558528795987817,1.6767470836639404,819600,0.0,0.0
1995-02-10 00:00:00-05:00,1.6767470836639402,1.6767470836639402,1.6663002207447262,1.6767470836639404,488400,0.0,0.0
1995-02-13 00:00:00-05:00,1.6767475605010986,1.6767475605010986,1.6558533504939987,1.6610770225524902,393600,0.0,0.0
1995-02-14 00:00:00-05:00,1.6610769010507143,1.6610769010507143,1.6297358274459839,1.6297358274459839,3660000,0.0,0.0
1995-02-15 00:00:00-05:00,1.6297354361632688,1.6506296396255493,1.6140649031232372,1.6506296396255493,1467600,0.0,0.0
1995-02-16 00:00:00-05:00,1.6454061661647301,1.6454061661647301,1.6297356312488755,1.6401824951171875,236400,0.0,0.0
1995-02-17 00:00:00-05:00,1.6454064846038818,1.6610770225524902,1.6297359466552734,1.6610770225524902,706800,0.0,0.0
1995-02-21 00:00:00-05:00,1.6401830938512711,1.6401830938512711,1.6192893584875774,1.6245125532150269,2996400,0.0,0.0
1995-02-22 00:00:00-05:00,1.6192887219798806,1.624511914654205,1.598394516602303,1.6140650510787964,320400,0.0,0.0
1995-02-23 00:00:00-05:00,1.6192895500335172,1.64540696144104,1.6192895500335172,1.64540696144104,343200,0.0,0.0
1995-02-24 00:00:00-05:00,1.6401832878687337,1.64540696144104,1.6297364189511254,1.64540696144104,412800,0.0,0.0
1995-02-27 00:00:00-05:00,1.650629153262443,1.650629153262443,1.6245112870736251,1.6349586248397827,579600,0.0,0.0
1995-02-28 00:00:00-05:00,1.6349598991238217,1.6401830938512711,1.6088420125787821,1.6245125532150269,1491600,0.0,0.0
1995-03-01 00:00:00-05:00,1.6192892412092665,1.6297361081344908,1.6036187017079733,1.608841896057129,508800,0.0,0.0
1995-03-02 00:00:00-05:00,1.6036179065704346,1.6192884383016548,1.587947374839214,1.6036179065704346,5542800,0.0,0.0
1995-03-03 00:00:00-05:00,1.60361838495026,1.6192889213562012,1.5931710418617533,1.6192889213562012,811200,0.0,0.0
1995-03-06 00:00:00-05:00,1.611128277577896,1.6372832792712173,1.611128277577896,1.6320521831512451,859200,0.004583,0.0
1995-03-07 00:00:00-05:00,1.632051684220593,1.6425133943557737,1.621589974085412,1.642513394355774,582000,0.0,0.0
1995-03-08 00:00:00-05:00,1.6425135598603577,1.6425135598603577,1.6163590424338024,1.6215901374816895,727200,0.0,0.0
1995-03-09 00:00:00-05:00,1.616358995437622,1.6215900903334133,1.616358995437622,1.616358995437622,262800,0.0,0.0
1995-03-10 00:00:00-05:00,1.621590184273115,1.6529757976531982,1.621590184273115,1.6529757976531982,1159200,0.0,0.0
1995-03-13 00:00:00-05:00,1.6582064139455759,1.6686686043432397,1.6529757976531982,1.6529757976531982,555600,0.0,0.0
1995-03-14 00:00:00-05:00,1.6634386019870098,1.684362517622436,1.658207503351461,1.6686697006225586,2096400,0.0,0.0
1995-03-15 00:00:00-05:00,1.6686694019646287,1.6686694019646287,1.6425143923748693,1.6477454900741577,553200,0.0,0.0
1995-03-16 00:00:00-05:00,1.6477454900741577,1.6529765877734464,1.6425143923748693,1.6477454900741577,367200,0.0,0.0
1995-03-17 00:00:00-05:00,1.6477452696494335,1.663438081741333,1.6425141726499275,1.663438081741333,1801200,0.0,0.0
1995-03-20 00:00:00-05:00,1.6582069847418268,1.668669178740839,1.6582069847418268,1.663438081741333,1285200,0.0,0.0
1995-03-21 00:00:00-05:00,1.6582069847418268,1.6738997968337261,1.6582069847418268,1.663438081741333,1952400,0.0,0.0
1995-03-22 00:00:00-05:00,1.6738997968337261,1.6738997968337261,1.663438081741333,1.663438081741333,477600,0.0,0.0
1995-03-23 00:00:00-05:00,1.6686689141010946,1.673899531364441,1.6634378179312055,1.673899531364441,423600,0.0,0.0
1995-03-24 00:00:00-05:00,1.6738989611464172,1.6895917654037473,1.6738989611464172,1.6895917654037476,288000,0.0,0.0
1995-03-27 00:00:00-05:00,1.6895931373512159,1.6948242359867647,1.6634386019870098,1.6686697006225586,696000,0.0,0.0
1995-03-28 00:00:00-05:00,1.6738992897429408,1.7000542879104614,1.6686686732346157,1.7000542879104614,560400,0.0,0.0
1995-03-29 00:00:00-05:00,1.6948237667777233,1.752363920211792,1.6948237667777233,1.752363920211792,664800,0.0,0.0
1995-03-30 00:00:00-05:00,1.7523628952446222,1.7628250834998849,1.7314394765468089,1.7575939893722534,1514400,0.0,0.0
1995-03-31 00:00:00-05:00,1.7523633264325547,1.7523633264325547,1.7000542879104614,1.7000542879104614,892800,0.0,0.0
1995-04-03 00:00:00-04:00,1.6582063436508179,1.6791302446526843,1.6582063436508179,1.6582063436508179,1176000,0.0,0.0
1995-04-04 00:00:00-04:00,1.6634373198977341,1.6843612194061282,1.6634373198977341,1.684361219406128,1182000,0.0,0.0
1995-04-05 00:00:00-04:00,1.6895923409675655,1.6895923409675655,1.65297610449797,1.673899531364441,823200,0.0,0.0
1995-04-06 00:00:00-04:00,1.663438081741333,1.668669178740839,1.6582069847418268,1.663438081741333,324000,0.0,0.0
1995-04-07 00:00:00-04:00,1.6582069847418268,1.6738997968337261,1.6529763666489397,1.663438081741333,1135200,0.0,0.0
1995-04-10 00:00:00-04:00,1.6634375091444078,1.6634375091444078,1.6529757976531982,1.6529757976531982,1003200,0.0,0.0
1995-04-11 00:00:00-04:00,1.658207503351461,1.6686697006225584,1.652976883622681,1.6686697006225586,2160000,0.0,0.0
1995-04-12 00:00:00-04:00,1.6634377621010323,1.7209779024124143,1.6582066661067152,1.7209779024124146,1164000,0.0,0.0
1995-04-13 00:00:00-04:00,1.752362820045545,1.752362820045545,1.7314394022456177,1.7366700172424316,1022400,0.0,0.0
1995-04-17 00:00:00-04:00,1.741902214830572,1.741902214830572,1.7209783048667306,1.7262094020843506,612000,0.0,0.0
1995-04-18 00:00:00-04:00,1.7262095804995747,1.7262095804995747,1.6948239517632189,1.705285668373108,3876000,0.0,0.0
1995-04-19 00:00:00-04:00,1.6895931373512159,1.6895931373512159,1.652976883622681,1.6686697006225586,1412400,0.0,0.0
1995-04-20 00:00:00-04:00,1.658206705938028,1.658206705938028,1.6320521831512453,1.6320521831512451,2134800,0.0,0.0
1995-04-21 00:00:00-04:00,1.6320518012185699,1.637282896114361,1.616358995437622,1.616358995437622,1064400,0.0,0.0
1995-04-24 00:00:00-04:00,1.6215901374816895,1.6268207536231365,1.6163590424338024,1.6215901374816895,1555200,0.0,0.0
1995-04-25 00:00:00-04:00,1.6268212605673618,1.6320523572453447,1.6111284494400027,1.6111284494400024,2730000,0.0,0.0
1995-04-26 00:00:00-04:00,1.6058970151016025,1.6058970151016025,1.5745114088058472,1.5745114088058472,973200,0.0,0.0
1995-04-27 00:00:00-04:00,1.569279979198543,1.5797416860911186,1.5588182723059671,1.5640488862991333,2360400,0.0,0.0
1995-04-28 00:00:00-04:00,1.5745116963643218,1.584973407404783,1.5692806013908742,1.5797423124313354,2064000,0.0,0.0
1995-05-01 00:00:00-04:00,1.5797423124313354,1.584973407404783,1.5745116963643218,1.5797423124313354,2038800,0.0,0.0
1995-05-02 00:00:00-04:00,1.5797423355834324,1.5797423355834324,1.5692806243896482,1.5692806243896484,1495200,0.0,0.0
1995-05-03 00:00:00-04:00,1.564049506417427,1.5902045023782303,1.564049506417427,1.5797423124313354,1206000,0.0,0.0
1995-05-04 00:00:00-04:00,1.5902045023782303,1.605897308392139,1.5797423124313354,1.5797423124313354,1983600,0.0,0.0
1995-05-05 00:00:00-04:00,1.5849731179356503,1.5849731179356503,1.5640492207696979,1.5745114088058472,1288800,0.0,0.0
1995-05-08 00:00:00-04:00,1.5692803147877725,1.590204211953725,1.5640492207696979,1.5745114088058472,518400,0.0,0.0
1995-05-09 00:00:00-04:00,1.5849731711094341,1.611127684264565,1.5849731711094341,1.605897068977356,920400,0.0,0.0
1995-05-10 00:00:00-04:00,1.6163595461179856,1.6268212605673618,1.6111284494400027,1.6111284494400024,942000,0.0,0.0
1995-05-11 00:00:00-04:00,1.6058982461622826,1.6058982461622826,1.5902054309844973,1.590205430984497,682800,0.0,0.0
1995-05-12 00:00:00-04:00,1.595434880590214,1.611127684264565,1.5902042653030053,1.605897068977356,427200,0.0,0.0
1995-05-15 00:00:00-04:00,1.6163596833971454,1.6372835929795775,1.6111285862748799,1.6268213987350464,410400,0.0,0.0
1995-05-16 00:00:00-04:00,1.6215909593910813,1.6477454900741577,1.6215909593910813,1.6477454900741577,332400,0.0,0.0
1995-05-17 00:00:00-04:00,1.65820688282208,1.6634379795000627,1.6111284494400027,1.6111284494400024,1494000,0.0,0.0
1995-05-18 00:00:00-04:00,1.611127948767771,1.611127948767771,1.5954351425170898,1.5954351425170898,842400,0.0,0.0
1995-05-19 00:00:00-04:00,1.6058982461622826,1.6058982461622826,1.584974332956331,1.590205430984497,1706400,0.0,0.0
1995-05-22 00:00:00-04:00,1.5902054309844973,1.5902054309844973,1.5692815177785455,1.590205430984497,1172400,0.0,0.0
1995-05-23 00:00:00-04:00,1.5902046914858754,1.600666403770447,1.5849735958903446,1.6006664037704468,1454400,0.0,0.0
1995-05-24 00:00:00-04:00,1.6006661896566743,1.616358995437622,1.6006661896566743,1.616358995437622,529200,0.0,0.0
1995-05-25 00:00:00-04:00,1.611127684264565,1.616358778458136,1.605897068977356,1.605897068977356,546000,0.0,0.0
1995-05-26 00:00:00-04:00,1.6111281160550184,1.6111281160550184,1.5902046914858754,1.6006664037704468,375600,0.0,0.0
1995-05-30 00:00:00-04:00,1.611127948767771,1.611127948767771,1.5902045263711566,1.5954351425170898,414000,0.0,0.0
1995-05-31 00:00:00-04:00,1.5954360501059501,1.6006671481341164,1.5745126158067118,1.590205430984497,434400,0.0,0.0
1995-06-01 00:00:00-04:00,1.5902054309844973,1.6006671481341164,1.584974332956331,1.590205430984497,666000,0.0,0.0
1995-06-02 00:00:00-04:00,1.5902046914858754,1.6058974993659778,1.5588190757256706,1.6006664037704468,6255600,0.0,0.0
1995-06-05 00:00:00-04:00,1.611128277577896,1.6320521831512453,1.611128277577896,1.6320521831512451,2770800,0.0,0.0
1995-06-06 00:00:00-04:00,1.63959538936615,1.63959538936615,1.6238804191153013,1.63959538936615,2444400,0.004583,0.0
1995-06-07 00:00:00-04:00,1.6343565131790148,1.6343565131790148,1.6081650622517953,1.6238800287246704,739200,0.0,0.0
1995-06-08 00:00:00-04:00,1.6186415417359608,1.6186415417359608,1.5872116088867188,1.5872116088867188,512400,0.0,0.0
1995-06-09 00:00:00-04:00,1.5976885408944874,1.5976885408944874,1.5557821118831636,1.5714970827102661,1756800,0.0,0.0
1995-06-12 00:00:00-04:00,1.5714967937785165,1.5714967937785165,1.5610203083475804,1.5662583112716675,1087200,0.0,0.0
1995-06-13 00:00:00-04:00,1.5662588180994224,1.5924507595263904,1.5610208134803623,1.5819737911224365,1857600,0.0,0.0
1995-06-14 00:00:00-04:00,1.5976887641454505,1.6029272483474273,1.5819737911224363,1.5819737911224365,704400,0.0,0.0
1995-06-15 00:00:00-04:00,1.5872116088867188,1.5976880933088942,1.5819731268842732,1.5872116088867188,507600,0.0,0.0
1995-06-16 00:00:00-04:00,1.59245024566917,1.6186416990616743,1.59245024566917,1.6029267311096191,1116000,0.0,0.0
1995-06-19 00:00:00-04:00,1.5976881803447138,1.613403147625425,1.5976881803447138,1.6081651449203491,1146000,0.0,0.0
1995-06-20 00:00:00-04:00,1.5976882333016118,1.6238801660261146,1.5976882333016118,1.6134032011032104,976800,0.0,0.0
1995-06-21 00:00:00-04:00,1.6134035211360662,1.6395954590559716,1.6134035211360662,1.63435697555542,1292400,0.0,0.0
1995-06-22 00:00:00-04:00,1.639594711924378,1.7024545669555664,1.639594711924378,1.7024545669555664,1221600,0.0,0.0
1995-06-23 00:00:00-04:00,1.6919784908649596,1.6919784908649596,1.665787030745644,1.6710255146026611,1977600,0.0,0.0
1995-06-26 00:00:00-04:00,1.6657868125240975,1.6710252956948628,1.65531032576539,1.6605483293533325,832800,0.0,0.0
1995-06-27 00:00:00-04:00,1.6710255146026614,1.6710255146026614,1.6605485468886267,1.6710255146026611,1146000,0.0,0.0
1995-06-28 00:00:00-04:00,1.671025071226731,1.671025071226731,1.6500716209411619,1.650071620941162,2247600,0.0,0.0
1995-06-29 00:00:00-04:00,1.6500719464742222,1.6500719464742222,1.6291184920548685,1.63435697555542,1976400,0.0,0.0
1995-06-30 00:00:00-04:00,1.6343565971939538,1.6343565971939538,1.6081651449203491,1.6081651449203491,436800,0.0,0.0
1995-07-03 00:00:00-04:00,1.6134027637381143,1.629117727279663,1.6134027637381143,1.629117727279663,315600,0.0,0.0
1995-07-05 00:00:00-04:00,1.6448325964331658,1.6605475590729177,1.6448325964331658,1.6553095579147339,4668000,0.0,0.0
1995-07-06 00:00:00-04:00,1.655309675682175,1.7024545669555664,1.655309675682175,1.7024545669555664,1965600,0.0,0.0
1995-07-07 00:00:00-04:00,1.6919776047286121,1.7076925684864093,1.6919776047286121,1.7024545669555664,742800,0.0,0.0
1995-07-10 00:00:00-04:00,1.7076932528837188,1.7129317360966383,1.6762633127718538,1.6867402791976929,3222000,0.0,0.0
1995-07-11 00:00:00-04:00,1.6919771864286122,1.7076921463012695,1.6919771864286122,1.7076921463012695,454800,0.0,0.0
1995-07-12 00:00:00-04:00,1.697215666247003,1.7076921463012695,1.697215666247003,1.7076921463012695,1580400,0.0,0.0
1995-07-13 00:00:00-04:00,1.7024541460653941,1.7129306261196606,1.7024541460653941,1.7076921463012695,163200,0.0,0.0
1995-07-14 00:00:00-04:00,1.7076925684864093,1.7076925684864093,1.6919776047286121,1.7024545669555664,523200,0.0,0.0
1995-07-17 00:00:00-04:00,1.6972160858420893,1.7024545669555664,1.6919776047286121,1.7024545669555664,492000,0.0,0.0
1995-07-18 00:00:00-04:00,1.7076932528837188,1.7076932528837188,1.6762633127718538,1.6867402791976929,1065600,0.0,0.0
1995-07-19 00:00:00-04:00,1.691978303813757,1.6972167870916508,1.6343569060882563,1.63959538936615,1527600,0.0,0.0
1995-07-20 00:00:00-04:00,1.6395954590559716,1.6448334629736705,1.6291184920548685,1.63435697555542,3333600,0.0,0.0
1995-07-21 00:00:00-04:00,1.629118168904809,1.629118168904809,1.608165198224516,1.6134032011032104,1561200,0.0,0.0
1995-07-24 00:00:00-04:00,1.608165213621225,1.6238801815732802,1.5976882485980135,1.6029267311096191,998400,0.0,0.0
1995-07-25 00:00:00-04:00,1.6029270337178159,1.6395954590559716,1.5819735792984622,1.63435697555542,2595600,0.0,0.0
1995-07-26 00:00:00-04:00,1.6395948227833748,1.6395948227833748,1.6186413764953616,1.6186413764953613,2422800,0.0,0.0
1995-07-27 00:00:00-04:00,1.6238797258208986,1.634356208321055,1.6186412447795064,1.629117727279663,3234000,0.0,0.0
1995-07-28 00:00:00-04:00,1.629117727279663,1.6395946893624471,1.629117727279663,1.629117727279663,559200,0.0,0.0
1995-07-31 00:00:00-04:00,1.6343563413157047,1.6343563413157047,1.6134028950276915,1.6186413764953613,1111200,0.0,0.0
1995-08-01 00:00:00-04:00,1.6134028950276915,1.6186413764953616,1.6081648931426882,1.6186413764953613,771600,0.0,0.0
1995-08-02 00:00:00-04:00,1.618642004636618,1.6343569755554201,1.618642004636618,1.63435697555542,807600,0.0,0.0
1995-08-03 00:00:00-04:00,1.629118031160484,1.6343565131790148,1.6238800287246704,1.6238800287246704,560400,0.0,0.0
1995-08-04 00:00:00-04:00,1.6238798824808625,1.6448328495025633,1.6238798824808625,1.6448328495025635,507600,0.0,0.0
1995-08-07 00:00:00-04:00,1.639594847538475,1.6448328495025633,1.6343563659917129,1.6448328495025635,319200,0.0,0.0
1995-08-08 00:00:00-04:00,1.6395951355897564,1.6553101034082438,1.6395951355897564,1.650071620941162,301200,0.0,0.0
1995-08-09 00:00:00-04:00,1.65531032576539,1.6605483293533325,1.650071842594625,1.6605483293533325,558000,0.0,0.0
1995-08-10 00:00:00-04:00,1.6657864900087347,1.6867399390521443,1.6657864900087347,1.6762629747390747,2542800,0.0,0.0
1995-08-11 00:00:00-04:00,1.6762629747390747,1.6762629747390747,1.6657864900087347,1.6762629747390747,1515600,0.0,0.0
1995-08-14 00:00:00-04:00,1.6762632631199208,1.6815017461776733,1.6710252596449804,1.6815017461776733,3925200,0.0,0.0
1995-08-15 00:00:00-04:00,1.6815014568956095,1.6815014568956095,1.6762629747390747,1.6762629747390747,1962000,0.0,0.0
1995-08-16 00:00:00-04:00,1.6710252596449804,1.6867402292354259,1.655310290054535,1.6815017461776733,1624800,0.0,0.0
1995-08-17 00:00:00-04:00,1.676263060655334,1.697216510772705,1.676263060655334,1.697216510772705,422400,0.0,0.0
1995-08-18 00:00:00-04:00,1.6919771864286122,1.7129306261196606,1.6919771864286122,1.7076921463012695,381600,0.0,0.0
1995-08-21 00:00:00-04:00,1.7076928444676143,1.7181698083877566,1.7076928444676143,1.7181698083877563,574800,0.0,0.0
1995-08-22 00:00:00-04:00,1.7129321390932257,1.7338855972917373,1.7129321390932257,1.7286471128463745,570000,0.0,0.0
1995-08-23 00:00:00-04:00,1.7338855972917373,1.7391236021541607,1.7234086284010117,1.7286471128463745,664800,0.0,0.0
1995-08-24 00:00:00-04:00,1.728646685877757,1.739123172597894,1.712931716006141,1.7338851690292358,1102800,0.0,0.0
1995-08-25 00:00:00-04:00,1.7443614549848454,1.7915063591736249,1.7443614549848454,1.786267876625061,1938000,0.0,0.0
1995-08-28 00:00:00-04:00,1.801982062258775,1.8386504650115965,1.801982062258775,1.8386504650115967,3806400,0.0,0.0
1995-08-29 00:00:00-04:00,1.8386516505463755,1.875320076942444,1.8386516505463755,1.8753200769424438,3042000,0.0,0.0
1995-08-30 00:00:00-04:00,1.8753205335021144,1.8962735140442721,1.8753205335021144,1.8857970237731934,3795600,0.0,0.0
1995-08-31 00:00:00-04:00,1.875318842866713,1.875318842866713,1.8491269214270534,1.8596038818359375,1461600,0.0,0.0
1995-09-01 00:00:00-04:00,1.843888920805162,1.8648418824578288,1.843888920805162,1.8596038818359375,1884000,0.0,0.0
1995-09-05 00:00:00-04:00,1.8648427230725422,1.9015111418675494,1.8491277549579344,1.8962726593017578,729600,0.0,0.0
1995-09-06 00:00:00-04:00,1.8985796952844143,1.9405375812591013,1.8985796952844143,1.930047869682312,3210000,0.004583,0.0
1995-09-07 00:00:00-04:00,1.9195587685359814,1.9195587685359814,1.903824680269293,1.9143139123916626,1362000,0.0,0.0
1995-09-08 00:00:00-04:00,1.914313654676007,1.9510266824111884,1.914313654676007,1.9457818269729614,746400,0.0,0.0
1995-09-11 00:00:00-04:00,1.945782425629757,1.9562721397335698,1.935293191692295,1.9405380487442017,274800,0.0,0.0
1995-09-12 00:00:00-04:00,1.9352923515119786,1.961515665054321,1.9300474967370531,1.9615156650543213,498000,0.0,0.0
1995-09-13 00:00:00-04:00,1.9667610162641944,1.9772502482955157,1.9352928400039673,1.9352928400039673,674400,0.0,0.0
1995-09-14 00:00:00-04:00,1.9405372062869042,1.9667605198292466,1.9300474967370531,1.9615156650543213,753600,0.0,0.0
1995-09-15 00:00:00-04:00,1.9667609880925454,1.9720058441162112,1.9615161320688796,1.972005844116211,2593200,0.0,0.0
1995-09-18 00:00:00-04:00,1.9667609880925454,1.97725021997362,1.9667609880925454,1.972005844116211,876000,0.0,0.0
1995-09-19 00:00:00-04:00,1.9772508934218536,2.0139639377593994,1.9772508934218536,2.0139639377593994,688800,0.0,0.0
1995-09-20 00:00:00-04:00,2.0139635859129252,2.0139635859129252,1.99298463850422,2.008718729019165,627600,0.0,0.0
1995-09-21 00:00:00-04:00,2.0087186119564637,2.0087186119564637,1.9929845223584592,2.003474235534668,1180800,0.0,0.0
1995-09-22 00:00:00-04:00,2.0034735391905127,2.0034735391905127,1.9615156614015288,1.966760516166687,444000,0.0,0.0
1995-09-25 00:00:00-04:00,1.9667605198292466,1.9667605198292466,1.945781580895687,1.9615156650543213,2958000,0.0,0.0
1995-09-26 00:00:00-04:00,1.9615165166191253,1.972006230722938,1.9405380487442017,1.9405380487442017,1590000,0.0,0.0
1995-09-27 00:00:00-04:00,1.9195585349374567,1.9195585349374567,1.8880903622335639,1.9038244485855103,2400000,0.0,0.0
1995-09-28 00:00:00-04:00,1.903825900952021,1.903825900952021,1.882846943089862,1.888091802597046,1730400,0.0,0.0
1995-09-29 00:00:00-04:00,1.888091456506701,1.888091456506701,1.8723573610358117,1.877602219581604,1540800,0.0,0.0
1995-10-02 00:00:00-04:00,1.8776021146529565,1.8828464927391821,1.8566231618086708,1.867112398147583,628800,0.0,0.0
1995-10-03 00:00:00-04:00,1.8671125024900195,1.8776022195816042,1.8303999331689367,1.877602219581604,980400,0.0,0.0
1995-10-04 00:00:00-04:00,1.867112313698311,1.8723571717137732,1.8303997480893925,1.8356441259384155,846000,0.0,0.0
1995-10-05 00:00:00-04:00,1.8356440502357145,1.8356440502357145,1.7779525351106074,1.7936866283416748,1102800,0.0,0.0
1995-10-06 00:00:00-04:00,1.7936866283416748,1.7936866283416748,1.7779525351106074,1.7936866283416748,1255200,0.0,0.0
1995-10-09 00:00:00-04:00,1.7936866555143947,1.7936866555143947,1.7622184685755455,1.7674633264541626,600000,0.0,0.0
1995-10-10 00:00:00-04:00,1.7622184651588997,1.7727077007293701,1.7464843717199807,1.7727077007293701,2011200,0.0,0.0
1995-10-11 00:00:00-04:00,1.7831974199235872,1.7936866555143947,1.7674633264541626,1.7674633264541626,651600,0.0,0.0
1995-10-12 00:00:00-04:00,1.7674629551620786,1.7884414219367335,1.7464840082210982,1.783197045326233,1214400,0.0,0.0
1995-10-13 00:00:00-04:00,1.7831974096902539,1.7884417873723482,1.7779525518417358,1.7779525518417358,1735200,0.0,0.0
1995-10-16 00:00:00-04:00,1.788441526866366,1.7989312410354612,1.788441526866366,1.7989312410354614,1435200,0.0,0.0
1995-10-17 00:00:00-04:00,1.8041745395897557,1.8199086212727074,1.7989301658061498,1.8094193935394287,496800,0.0,0.0
1995-10-18 00:00:00-04:00,1.809420721572742,1.8251548148038095,1.7884417705425126,1.7936866283416748,1306800,0.0,0.0
1995-10-19 00:00:00-04:00,1.7936862983873914,1.7936862983873914,1.756973260879574,1.7622181177139282,1003200,0.0,0.0
1995-10-20 00:00:00-04:00,1.7727072367127,1.8094202718491301,1.7412390580718455,1.756973147392273,3202800,0.0,0.0
1995-10-23 00:00:00-04:00,1.7622184651588997,1.7779525585978184,1.7622184651588997,1.7727077007293701,724800,0.0,0.0
1995-10-24 00:00:00-04:00,1.798931238400158,1.8094204723875331,1.7831971473359185,1.804175615310669,2091600,0.0,0.0
1995-10-25 00:00:00-04:00,1.8094203688777142,1.8199096022650416,1.777952188549406,1.783197045326233,2228400,0.0,0.0
1995-10-26 00:00:00-04:00,1.7779520932082757,1.7779520932082757,1.7517287710629972,1.756973147392273,1582800,0.0,0.0
1995-10-27 00:00:00-04:00,1.751728884211551,1.7727073512163056,1.7412391705428427,1.7622181177139282,712800,0.0,0.0
1995-10-30 00:00:00-05:00,1.7674629745482826,1.7936862983873914,1.7622181177139282,1.7622181177139282,804000,0.0,0.0
1995-10-31 00:00:00-05:00,1.7569737617610193,1.7674634784201562,1.7412396669387817,1.7412396669387817,2052000,0.0,0.0
1995-11-01 00:00:00-05:00,1.751729229588429,1.7727077007293701,1.7464843717199807,1.7727077007293701,2485200,0.0,0.0
1995-11-02 00:00:00-05:00,1.7727073512163056,1.7727073512163056,1.7622181177139282,1.7622181177139282,1038000,0.0,0.0
1995-11-03 00:00:00-05:00,1.7674633163111235,1.7884417873723482,1.7622184584626055,1.7779525518417358,996000,0.0,0.0
1995-11-06 00:00:00-05:00,1.7831973929097698,1.7936866283416748,1.7779525351106074,1.7936866283416748,1269600,0.0,0.0
1995-11-07 00:00:00-05:00,1.7936863695322052,1.8146653175354004,1.7884415124898188,1.8146653175354004,1472400,0.0,0.0
1995-11-08 00:00:00-05:00,1.8146653294643973,1.8251545634517725,1.7831971473359185,1.804175615310669,1000800,0.0,0.0
1995-11-09 00:00:00-05:00,1.7936866520367372,1.7989315099051852,1.7622184651588997,1.7727077007293701,1948800,0.0,0.0
1995-11-10 00:00:00-05:00,1.7727073317725794,1.7831970453262327,1.7622180983852522,1.783197045326233,346800,0.0,0.0
1995-11-13 00:00:00-05:00,1.7831974096902539,1.7989315030693842,1.7779525518417358,1.7779525518417358,2433600,0.0,0.0
1995-11-14 00:00:00-05:00,1.7779525518417358,1.7831974096902539,1.7569736006140872,1.7779525518417358,433200,0.0,0.0
1995-11-15 00:00:00-05:00,1.77795256204497,1.7831974199235872,1.7674633264541626,1.7674633264541626,273600,0.0,0.0
1995-11-16 00:00:00-05:00,1.7674633230273478,1.7727077007293701,1.7622184651588997,1.7727077007293701,823200,0.0,0.0
1995-11-17 00:00:00-05:00,1.7727074357790773,1.7989312410354612,1.7674630588608837,1.7989312410354614,1377600,0.0,0.0
1995-11-20 00:00:00-05:00,1.8041756034506276,1.8199096944114366,1.8041756034506276,1.8146653175354004,3888000,0.0,0.0
1995-11-21 00:00:00-05:00,1.8199096800334398,1.8303993940353396,1.8094204461978862,1.8303993940353394,2205600,0.0,0.0
1995-11-22 00:00:00-05:00,1.8303993715726081,1.8566226959228513,1.8303993715726081,1.8566226959228516,1495200,0.0,0.0
1995-11-24 00:00:00-05:00,1.867111445608777,1.867111445608777,1.8513773590441913,1.861867070198059,469200,0.0,0.0
1995-11-27 00:00:00-05:00,1.8566225844027706,1.8566225844027706,1.8356436380828953,1.8461333513259888,626400,0.0,0.0
1995-11-28 00:00:00-05:00,1.8461338419693403,1.8461338419693403,1.8251548900739303,1.8356441259384155,1317600,0.0,0.0
1995-11-29 00:00:00-05:00,1.8461331114089232,1.8566223431225608,1.8408882554689798,1.8513774871826172,1135200,0.0,0.0
1995-11-30 00:00:00-05:00,1.8566231618086708,1.8671123981475832,1.8566231618086708,1.867112398147583,1239600,0.0,0.0
1995-12-01 00:00:00-05:00,1.8671123981475832,1.8671123981475832,1.8618680200613575,1.867112398147583,2341200,0.0,0.0
1995-12-04 00:00:00-05:00,1.8671125024900195,1.8776022195816042,1.8566232655649226,1.877602219581604,3325200,0.0,0.0
1995-12-05 00:00:00-05:00,1.8776020545800611,1.9195594787597654,1.8776020545800611,1.9195594787597656,4274400,0.0,0.0
1995-12-06 00:00:00-05:00,1.9166187051491155,1.9166187051491155,1.8851126416083388,1.8903638124465942,991200,0.004583,0.0
1995-12-07 00:00:00-05:00,1.8903629772951749,1.8903629772951749,1.8746099524843818,1.8851118087768555,3110400,0.0,0.0
1995-12-08 00:00:00-05:00,1.8903634528152082,1.8903634528152082,1.8693592542024995,1.874610424041748,470400,0.0,0.0
1995-12-11 00:00:00-05:00,1.8746104305411921,1.9166183471679688,1.869359260683737,1.9166183471679688,2550000,0.0,0.0
1995-12-12 00:00:00-05:00,1.9113673020555066,1.932371016084731,1.9113673020555066,1.927120327949524,1980000,0.0,0.0
1995-12-13 00:00:00-05:00,1.9271202190425207,1.9533751004674127,1.9271202190425207,1.9481239318847656,1352400,0.0,0.0
1995-12-14 00:00:00-05:00,1.9586261568377084,1.9848810367584226,1.9586261568377084,1.9691280126571655,1896000,0.0,0.0
1995-12-15 00:00:00-05:00,1.9638781572906834,1.9638781572906834,1.9428744316101074,1.9428744316101074,1183200,0.0,0.0
1995-12-18 00:00:00-05:00,1.9481240416489973,1.9481240416489973,1.906116132853461,1.921869158744812,2043600,0.0,0.0
1995-12-19 00:00:00-05:00,1.927121396977443,1.9428744316101074,1.91661905339269,1.9428744316101074,2050800,0.0,0.0
1995-12-20 00:00:00-05:00,1.948124413677252,2.005885840138887,1.948124413677252,2.0006346702575684,3024000,0.0,0.0
1995-12-21 00:00:00-05:00,2.0006340684984094,2.0006340684984094,1.9743791884774502,1.990132212638855,2120400,0.0,0.0
1995-12-22 00:00:00-05:00,1.9848807117881744,2.026888608932495,1.9848807117881744,2.026888608932495,850800,0.0,0.0
1995-12-26 00:00:00-05:00,2.0268895619205027,2.0321407318115234,2.0111365329917312,2.0321407318115234,637200,0.0,0.0
1995-12-27 00:00:00-05:00,2.0531454088076466,2.0794003028889176,2.032141205095988,2.0741491317749023,1288800,0.0,0.0
1995-12-28 00:00:00-05:00,2.0741481726366566,2.0741481726366566,2.0373914340689976,2.0583951473236084,1380000,0.0,0.0
1995-12-29 00:00:00-05:00,2.0688977204830215,2.074148409022994,2.053144693374634,2.053144693374634,1137600,0.0,0.0
1996-01-02 00:00:00-05:00,2.042642132691306,2.0899012088775635,2.0373914447222883,2.0899012088775635,748800,0.0,0.0
1996-01-03 00:00:00-05:00,2.084650276985485,2.100403300537657,2.0793991088867188,2.0793991088867188,1059600,0.0,0.0
1996-01-04 00:00:00-05:00,2.0793993423656065,2.0899011989981804,2.063646317044655,2.0688974857330322,2658000,0.0,0.0
1996-01-05 00:00:00-05:00,2.0583956190846613,2.0583956190846613,2.0373919010162354,2.0373919010162354,2833200,0.0,0.0
1996-01-08 00:00:00-05:00,2.0321407318115234,2.0426425908492742,2.0321407318115234,2.0321407318115234,290400,0.0,0.0
1996-01-09 00:00:00-05:00,2.037391418030836,2.0426421059310655,2.0111360555529814,2.0163872241973877,1305600,0.0,0.0
1996-01-10 00:00:00-05:00,2.0163878183516246,2.0163878183516246,1.9796305884981502,1.9848817586898804,2770800,0.0,0.0
1996-01-11 00:00:00-05:00,1.995383138692276,2.0111361647365418,1.9796301126480103,1.9796301126480103,2107200,0.0,0.0
1996-01-12 00:00:00-05:00,1.9691286093719895,1.9691286093719895,1.958626750370102,1.9638774394989014,820800,0.0,0.0
1996-01-15 00:00:00-05:00,1.9638776753399634,2.0058860778808594,1.9638776753399634,2.0058860778808594,837600,0.0,0.0
1996-01-16 00:00:00-05:00,1.995382793256952,2.016386984594518,1.9638767466226625,2.0111358165740967,1533600,0.0,0.0
1996-01-17 00:00:00-05:00,2.0006339636213455,2.0216381549835205,1.9953827955947716,2.0216381549835205,792000,0.0,0.0
1996-01-18 00:00:00-05:00,2.0163877053846897,2.042642593383789,1.9953835065388352,2.042642593383789,391200,0.0,0.0
1996-01-19 00:00:00-05:00,2.042642354806218,2.0846507475914096,2.042642354806218,2.053144693374634,835200,0.0,0.0
1996-01-22 00:00:00-05:00,2.0478932906963028,2.0636463160093514,2.0478932906963028,2.0583951473236084,988800,0.0,0.0
1996-01-23 00:00:00-05:00,2.0478937600504485,2.0478937600504485,2.0216388720927703,2.0373919010162354,1473600,0.0,0.0
1996-01-24 00:00:00-05:00,2.0373916662662457,2.053144693374634,2.0373916662662457,2.053144693374634,1707600,0.0,0.0
1996-01-25 00:00:00-05:00,2.058395381914606,2.0688977204830215,2.047893524090426,2.053144693374634,258000,0.0,0.0
1996-01-26 00:00:00-05:00,2.042642358516155,2.0741484127901533,2.032140500672901,2.0636465549468994,274800,0.0,0.0
1996-01-29 00:00:00-05:00,2.0636463160093514,2.0688974846950945,2.0478932906963028,2.0583951473236084,574800,0.0,0.0
1996-01-30 00:00:00-05:00,2.063647030504453,2.1004042625427246,2.0583958600006014,2.1004042625427246,673200,0.0,0.0
1996-01-31 00:00:00-05:00,2.1004037928948054,2.1529135632148138,2.1004037928948054,2.1266586780548096,919200,0.0,0.0
1996-02-01 00:00:00-05:00,2.121407742978597,2.1371607719629537,2.0899016850098837,2.0951528549194336,699600,0.0,0.0
1996-02-02 00:00:00-05:00,2.089901436131382,2.089901436131382,2.053144693374634,2.053144693374634,334800,0.0,0.0
1996-02-05 00:00:00-05:00,2.0478937600504485,2.0478937600504485,2.0216388720927703,2.0373919010162354,393600,0.0,0.0
1996-02-06 00:00:00-05:00,2.032140500672901,2.0741484127901533,2.0268893313791554,2.0636465549468994,596400,0.0,0.0
1996-02-07 00:00:00-05:00,2.0688969868208806,2.0688969868208806,2.026888608932495,2.026888608932495,804000,0.0,0.0
1996-02-08 00:00:00-05:00,2.026888608932495,2.0321397763545592,2.016386754832431,2.026888608932495,1098000,0.0,0.0
1996-02-09 00:00:00-05:00,2.03214024938643,2.047893274575472,2.0163872241973877,2.0163872241973877,2385600,0.0,0.0
1996-02-12 00:00:00-05:00,2.016386955015121,2.016386955015121,1.9428730075282323,1.9533748626708984,3518400,0.0,0.0
1996-02-13 00:00:00-05:00,1.9376222034447022,1.9901324505069895,1.9376222034447022,1.9796301126480103,3944400,0.0,0.0
1996-02-14 00:00:00-05:00,1.9848812862853027,1.9953831434249876,1.9743794291456178,1.9953831434249878,664800,0.0,0.0
1996-02-15 00:00:00-05:00,1.9901323424637098,2.0163872241973877,1.9848811738193035,2.0163872241973877,472800,0.0,0.0
1996-02-16 00:00:00-05:00,2.0111358165740967,2.016386984594518,1.9901321059806503,2.0111358165740967,488400,0.0,0.0
1996-02-20 00:00:00-05:00,2.005885958712483,2.005885958712483,1.9691287288590085,1.9848817586898804,1639200,0.0,0.0
1996-02-21 00:00:00-05:00,1.9743791809389657,1.9796298684766223,1.953374988555908,1.9691280126571655,1696800,0.0,0.0
1996-02-22 00:00:00-05:00,1.9796296303493564,1.9848807979995,1.9691277757931547,1.9743789434432983,3943200,0.0,0.0
1996-02-23 00:00:00-05:00,1.9691286093719895,1.9743797792450781,1.958626750370102,1.9638774394989014,1318800,0.0,0.0
1996-02-26 00:00:00-05:00,1.9638770866037443,1.9796301126480103,1.9638770866037443,1.9796301126480103,634800,0.0,0.0
1996-02-27 00:00:00-05:00,1.9901324552272472,1.9953831434249876,1.9901324552272472,1.9953831434249878,745200,0.0,0.0
1996-02-28 00:00:00-05:00,1.9953826525557015,1.9953826525557015,1.9691277757931547,1.9743789434432983,1754400,0.0,0.0
1996-02-29 00:00:00-05:00,1.974378679151036,1.974378679151036,1.93237030506134,1.9323703050613403,1083600,0.0,0.0
1996-03-01 00:00:00-05:00,1.9376220754636433,1.9533751004674127,1.9376220754636433,1.9481239318847656,628800,0.0,0.0
1996-03-04 00:00:00-05:00,1.9533752105275137,1.9533752105275137,1.9218691587448118,1.921869158744812,2655600,0.0,0.0
1996-03-05 00:00:00-05:00,1.9218697561080476,1.9271209266187537,1.8956148650432119,1.9008655548095703,2341200,0.0,0.0
1996-03-06 00:00:00-05:00,1.9084356202460744,1.9662668422347072,1.9031780614001261,1.950494647026062,2139600,0.004583,0.0
1996-03-07 00:00:00-05:00,1.939980010663365,1.9504946470260618,1.9242078154547195,1.950494647026062,1047600,0.0,0.0
1996-03-08 00:00:00-05:00,1.9347224868053112,1.9347224868053112,1.8926634592647202,1.903178095817566,716400,0.0,0.0
1996-03-11 00:00:00-05:00,1.8979217550893739,1.9084363957246147,1.8874066331247379,1.8926641941070557,922800,0.0,0.0
1996-03-12 00:00:00-05:00,1.887405753135681,1.8926633116667009,1.8716335588717918,1.8874057531356812,1182000,0.0,0.0
1996-03-13 00:00:00-05:00,1.8874058485547378,1.9031780436160008,1.8874058485547378,1.8979209661483765,952800,0.0,0.0
1996-03-14 00:00:00-05:00,1.9084356547585928,1.9189502913114385,1.903178095817566,1.903178095817566,630000,0.0,0.0
1996-03-15 00:00:00-05:00,1.8926635710131219,1.8979211302645707,1.871633815336564,1.8768913745880127,1441200,0.0,0.0
1996-03-18 00:00:00-05:00,1.8821489338394612,1.8874060117616733,1.871633815336564,1.8768913745880127,1414800,0.0,0.0
1996-03-19 00:00:00-05:00,1.8716334284879355,1.8768909866526975,1.8295744071572513,1.8611187934875488,3712800,0.0,0.0
1996-03-20 00:00:00-05:00,1.8663773518542561,1.9084363957246147,1.8663773518542561,1.8926641941070557,1520400,0.0,0.0
1996-03-21 00:00:00-05:00,1.8821485935675657,1.8979207871412347,1.8663763999938965,1.8663763999938965,1654800,0.0,0.0
1996-03-22 00:00:00-05:00,1.8716338084187643,1.8716338084187643,1.8506045341491697,1.85060453414917,2156400,0.0,0.0
1996-03-25 00:00:00-05:00,1.8506048218748974,1.8821492195129395,1.8506048218748974,1.8821492195129395,1022400,0.0,0.0
1996-03-26 00:00:00-05:00,1.887405753135681,1.8926633116667009,1.8821486759338317,1.8874057531356812,1838400,0.0,0.0
1996-03-27 00:00:00-05:00,1.8821485448174593,1.8821485448174593,1.8611187934875488,1.8611187934875488,1280400,0.0,0.0
1996-03-28 00:00:00-05:00,1.8506038725392993,1.8611185059150073,1.834831681811206,1.855860948562622,963600,0.0,0.0
1996-03-29 00:00:00-05:00,1.871633815336564,1.8874060117616733,1.871633815336564,1.8768913745880127,673200,0.0,0.0
1996-04-01 00:00:00-05:00,1.8768910352666262,1.8821485935675657,1.861118841692957,1.8663763999938965,1044000,0.0,0.0
1996-04-02 00:00:00-05:00,1.8506048675124205,1.861119506541298,1.8085453487382672,1.8348326683044434,2186400,0.0,0.0
1996-04-03 00:00:00-05:00,1.8243172829715262,1.8243172829715262,1.7927728891372678,1.792772889137268,2071200,0.0,0.0
1996-04-04 00:00:00-05:00,1.798029917024283,1.798029917024283,1.7822577247696842,1.7875152826309204,2377200,0.0,0.0
1996-04-08 00:00:00-04:00,1.7875161417552856,1.7875161417552856,1.7191697820267067,1.724427342414856,8870400,0.0,0.0
1996-04-09 00:00:00-04:00,1.7296841351966277,1.7296841351966277,1.7139119379719494,1.7191694974899292,8097600,0.0,0.0
1996-04-10 00:00:00-04:00,1.7191699522512929,1.745456794136165,1.6981401899457622,1.7033977508544922,3151200,0.0,0.0
1996-04-11 00:00:00-04:00,1.7191687329075802,1.7296833659380053,1.713911175727844,1.7139111757278442,5818800,0.0,0.0
1996-04-12 00:00:00-04:00,1.7191696448494886,1.7612286806106567,1.7191696448494886,1.7612286806106567,2277600,0.0,0.0
1996-04-15 00:00:00-04:00,1.7612286806106567,1.7664862405792912,1.7507140420026903,1.7612286806106567,2355600,0.0,0.0
1996-04-16 00:00:00-04:00,1.734942264133863,1.766486668936297,1.734942264133863,1.7559720277786255,1470000,0.0,0.0
1996-04-17 00:00:00-04:00,1.7875159763787356,1.813802813228808,1.7875159763787356,1.7980306148529053,5259600,0.0,0.0
1996-04-18 00:00:00-04:00,1.798030759367219,1.8506049186222375,1.798030759367219,1.8400897979736328,4488000,0.0,0.0
1996-04-19 00:00:00-04:00,1.8400893685454949,1.8558615645082541,1.8400893685454949,1.8453469276428223,1876800,0.0,0.0
1996-04-22 00:00:00-04:00,1.8506042064202273,1.8663763999938965,1.8506042064202273,1.8663763999938965,686400,0.0,0.0
1996-04-23 00:00:00-04:00,1.866377118203394,1.9189507961273196,1.8611195578792674,1.9189507961273193,1692000,0.0,0.0
1996-04-24 00:00:00-04:00,1.9031781432518489,1.9136932613959785,1.8926635064369393,1.9084357023239136,913200,0.0,0.0
1996-04-25 00:00:00-04:00,1.9136936445045083,1.9242082834243777,1.9084360843799155,1.9242082834243774,1752000,0.0,0.0
1996-04-26 00:00:00-04:00,1.9347224518174166,1.95575220587201,1.9189502566087713,1.950494647026062,616800,0.0,0.0
1996-04-29 00:00:00-04:00,1.9452377823139588,1.9610099792480469,1.9347226634717318,1.9610099792480469,392400,0.0,0.0
1996-04-30 00:00:00-04:00,1.9557524198269336,1.9662670573399084,1.9452377823139588,1.9610099792480469,636000,0.0,0.0
1996-05-01 00:00:00-04:00,1.9610107937253218,1.9610107937253218,1.9294663867556354,1.9452385902404785,2145600,0.0,0.0
1996-05-02 00:00:00-04:00,1.939980045746338,1.939980045746338,1.903178095817566,1.903178095817566,967200,0.0,0.0
1996-05-03 00:00:00-04:00,1.903178402572323,1.903178402572323,1.8716340065002441,1.8716340065002441,778800,0.0,0.0
1996-05-06 00:00:00-04:00,1.8821486759338317,1.8926633116667009,1.8663764816699424,1.8874057531356812,1164000,0.0,0.0
1996-05-07 00:00:00-04:00,1.892663317551387,1.9189501476298767,1.8821486817858255,1.9136930704116821,622800,0.0,0.0
1996-05-08 00:00:00-04:00,1.9084357023239136,1.9189503391388232,1.9084357023239136,1.9084357023239136,727200,0.0,0.0
1996-05-09 00:00:00-04:00,1.9189504137498863,1.9347226102501025,1.9136933358026402,1.9294655323028564,436800,0.0,0.0
1996-05-10 00:00:00-04:00,1.934722187597273,2.0083260760718527,1.934722187597273,1.997810959815979,1071600,0.0,0.0
1996-05-13 00:00:00-04:00,1.997811281860933,2.0556429866032424,1.992554204214695,2.0451278686523438,986400,0.0,0.0
1996-05-14 00:00:00-04:00,2.0293558983084767,2.0293558983084767,1.9662671089172366,1.9662671089172363,933600,0.0,0.0
1996-05-15 00:00:00-04:00,1.9925548069257644,2.018841647095873,1.98729724636,2.008327007293701,634800,0.0,0.0
1996-05-16 00:00:00-04:00,2.0030692569793214,2.0083268170470427,1.9872970581054685,1.9872970581054688,102000,0.0,0.0
1996-05-17 00:00:00-04:00,1.9820393323898315,1.987296892018155,1.9715246944624556,1.9820393323898315,632400,0.0,0.0
1996-05-20 00:00:00-04:00,1.9820392542739964,1.9820392542739964,1.9557524198269336,1.9610099792480469,876000,0.0,0.0
1996-05-21 00:00:00-04:00,1.9610101458292921,1.9610101458292921,1.9347228278199573,1.939980387687683,2440800,0.0,0.0
1996-05-22 00:00:00-04:00,1.9399793846564197,1.9399793846564197,1.9242071945372619,1.934721827507019,578400,0.0,0.0
1996-05-23 00:00:00-04:00,1.9347234670309483,1.9452385902404785,1.9242088251508702,1.9452385902404785,1981200,0.0,0.0
1996-05-24 00:00:00-04:00,1.976782419299337,2.0030692569793214,1.976782419299337,1.9872970581054688,981600,0.0,0.0
1996-05-28 00:00:00-04:00,1.976781964302063,2.0083263547891748,1.9715244054444776,1.976781964302063,829200,0.0,0.0
1996-05-29 00:00:00-04:00,1.9715246944624556,1.987296892018155,1.9662671348341318,1.9820393323898315,492000,0.0,0.0
1996-05-30 00:00:00-04:00,1.976781964302063,1.9820390418304479,1.9662668465868922,1.976781964302063,549600,0.0,0.0
1996-05-31 00:00:00-04:00,1.982040077485478,1.982040077485478,1.9452385902404785,1.9452385902404785,477600,0.0,0.0
1996-06-03 00:00:00-04:00,1.9504943288975691,2.0030684647945343,1.9504943288975691,1.9925538301467896,495600,0.0,0.0
1996-06-04 00:00:00-04:00,2.0083260760718527,2.0188407109985924,1.9820387667613026,1.997810959815979,470400,0.0,0.0
1996-06-05 00:00:00-04:00,1.99255461817319,1.99255461817319,1.976782419299337,1.9872970581054688,512400,0.0,0.0
1996-06-06 00:00:00-04:00,1.9925538301467896,1.9925538301467896,1.9767816375106122,1.9925538301467896,447600,0.0,0.0
1996-06-07 00:00:00-04:00,1.9767825612201362,2.0030694007873535,1.945238161207737,2.0030694007873535,802800,0.0,0.0
1996-06-10 00:00:00-04:00,2.0030687475204467,2.0030687475204467,1.9715243577957156,1.9715243577957153,264000,0.0,0.0
1996-06-11 00:00:00-04:00,1.9715244054444776,1.976781964302063,1.9662668465868922,1.976781964302063,843600,0.0,0.0
1996-06-12 00:00:00-04:00,1.9685705574984316,1.973834276199341,1.9580436019897463,1.9738342761993408,472800,0.004583,0.0
1996-06-13 00:00:00-04:00,1.97383395022297,1.97383395022297,1.9580432786211863,1.9685702323913574,370800,0.0,0.0
1996-06-14 00:00:00-04:00,1.9738340393069282,1.9738340393069282,1.931725740432739,1.9317257404327393,657600,0.0,0.0
1996-06-17 00:00:00-04:00,1.9317258870416116,1.9475165605545046,1.9159352135287187,1.9475165605545044,480000,0.0,0.0
1996-06-18 00:00:00-04:00,1.9790974855422971,1.9843607209954803,1.9685700508499113,1.9790974855422974,679200,0.0,0.0
1996-06-19 00:00:00-04:00,1.9790976680545829,1.9790976680545829,1.9580432786211863,1.9685702323913574,439200,0.0,0.0
1996-06-20 00:00:00-04:00,1.9790974855422971,1.9843607209954803,1.9580430980505354,1.9790974855422974,595200,0.0,0.0
1996-06-21 00:00:00-04:00,1.9790981327940735,2.0106794834136963,1.973834413726414,2.0106794834136963,1334400,0.0,0.0
1996-06-24 00:00:00-04:00,2.005415764346037,2.013311102000942,2.000152045278377,2.0106794834136963,1984800,0.0,0.0
1996-06-25 00:00:00-04:00,2.0159427205881886,2.021206439655848,2.0106794834136963,2.0106794834136963,914400,0.0,0.0
1996-06-26 00:00:00-04:00,2.0106781359264874,2.0159413695737416,1.9948874711990356,1.9948874711990356,2868000,0.0,0.0
1996-06-27 00:00:00-04:00,1.9948888154080382,2.0054157716887335,1.9790981400404104,1.989625096321106,981600,0.0,0.0
1996-06-28 00:00:00-04:00,1.9843611441558464,2.0001518176687396,1.9475165605545046,1.9475165605545044,1782000,0.0,0.0
1996-07-01 00:00:00-04:00,1.952779850794379,2.005415591248209,1.952779850794379,2.0001518726348877,1053600,0.0,0.0
1996-07-02 00:00:00-04:00,2.0001520526018015,2.0001520526018015,1.9790981400404104,1.989625096321106,520800,0.0,0.0
1996-07-03 00:00:00-04:00,1.9843609039931411,1.9843609039931411,1.9580432786211863,1.9685702323913574,1087200,0.0,0.0
1996-07-05 00:00:00-04:00,1.9685705633633903,1.9685705633633903,1.9527798891067505,1.9527798891067505,78000,0.0,0.0
1996-07-08 00:00:00-04:00,1.9527791962858174,1.9527791962858174,1.9001439553667476,1.905407190322876,498000,0.0,0.0
1996-07-09 00:00:00-04:00,1.9106722725839071,1.91593599319458,1.90014531325587,1.91593599319458,448800,0.0,0.0
1996-07-10 00:00:00-04:00,1.9159352453797607,1.9422528743743899,1.894880853048185,1.9422528743743896,932400,0.0,0.0
1996-07-11 00:00:00-04:00,1.9369885537413256,1.9369885537413256,1.884353312112754,1.9001439809799194,984000,0.0,0.0
1996-07-12 00:00:00-04:00,1.8948811538948498,1.910671830177307,1.8843541970042774,1.9106718301773071,674400,0.0,0.0
1996-07-15 00:00:00-04:00,1.9054076981988413,1.9054076981988413,1.8738263524723793,1.8790900707244873,178800,0.0,0.0
1996-07-16 00:00:00-04:00,1.8738265102896672,1.8738265102896672,1.821191250907916,1.8317182064056396,678000,0.0,0.0
1996-07-17 00:00:00-04:00,1.8317181194618175,1.8317181194618175,1.8159274460181811,1.8264544010162354,2046000,0.0,0.0
1996-07-18 00:00:00-04:00,1.9211976592522828,2.073841094970703,1.9159344248433126,2.073841094970703,5517600,0.0,0.0
1996-07-19 00:00:00-04:00,2.0738429827938862,2.0738429827938862,2.0527885803134005,2.0580523014068604,2743200,0.0,0.0
1996-07-22 00:00:00-04:00,2.0580502265300864,2.1001585071451485,2.010678230128316,2.0896315574645996,1336800,0.0,0.0
1996-07-23 00:00:00-04:00,2.1001593190943133,2.1264769444168583,2.0843686475221754,2.094895601272583,1881600,0.0,0.0
1996-07-24 00:00:00-04:00,2.0843689168682538,2.0843689168682538,2.058051288144895,2.0685782432556152,1310400,0.0,0.0
1996-07-25 00:00:00-04:00,2.0738416314377854,2.1054229736328125,2.058050960340272,2.1054229736328125,759600,0.0,0.0
1996-07-26 00:00:00-04:00,2.10542336371933,2.121214037742492,2.1001596450805664,2.1001596450805664,2476800,0.0,0.0
1996-07-29 00:00:00-04:00,2.0791049003601074,2.0791049003601074,2.0633142290108077,2.0791049003601074,1189200,0.0,0.0
1996-07-30 00:00:00-04:00,2.0791054634137254,2.0948961390393817,2.068578506961013,2.08436918258667,1030800,0.0,0.0
1996-07-31 00:00:00-04:00,2.0896328915830455,2.1264774799346924,2.0896328915830455,2.1264774799346924,2215200,0.0,0.0
1996-08-01 00:00:00-04:00,2.1212139405765007,2.142267850380886,2.1212139405765007,2.1370046138763428,932400,0.0,0.0
1996-08-02 00:00:00-04:00,2.142267321701453,2.1896393299102783,2.142267321701453,2.1896393299102783,1411200,0.0,0.0
1996-08-05 00:00:00-04:00,2.1843773909801323,2.2264857070786612,2.1791136707578387,2.2106950283050537,1377600,0.0,0.0
1996-08-06 00:00:00-04:00,2.184377131672342,2.194904088973999,2.163322735175812,2.194904088973999,1382400,0.0,0.0
1996-08-07 00:00:00-04:00,2.2001679175943245,2.2264855530991685,2.2001679175943245,2.215958595275879,895200,0.0,0.0
1996-08-08 00:00:00-04:00,2.2106944260907135,2.2422757750348663,2.205430707302307,2.2317488193511963,850800,0.0,0.0
1996-08-09 00:00:00-04:00,2.247539130407527,2.2949111461639404,2.2422754124702378,2.2949111461639404,1432800,0.0,0.0
1996-08-12 00:00:00-04:00,2.2738566683083263,2.2896473396160233,2.2475390434265137,2.2475390434265137,1244400,0.0,0.0
1996-08-13 00:00:00-04:00,2.2422754124702378,2.300174382208166,2.237011694532948,2.2949111461639404,2913600,0.0,0.0
1996-08-14 00:00:00-04:00,2.2896477463138716,2.3422834873199467,2.2791207908699085,2.3422834873199463,4213200,0.0,0.0
1996-08-15 00:00:00-04:00,2.3422821515867662,2.3633360504682854,2.3422821515867662,2.3475453853607178,1136400,0.0,0.0
1996-08-16 00:00:00-04:00,2.3422834873199467,2.358074161432456,2.331756049982853,2.3422834873199463,978000,0.0,0.0
1996-08-19 00:00:00-04:00,2.337019500732422,2.368600845336914,2.337019500732422,2.368600845336914,852000,0.0,0.0
1996-08-20 00:00:00-04:00,2.3738634818019007,2.3738634818019007,2.347545385360718,2.3475453853607178,620400,0.0,0.0
1996-08-21 00:00:00-04:00,2.3370194143178513,2.3370194143178513,2.3054380708811237,2.3212287425994873,873600,0.0,0.0
1996-08-22 00:00:00-04:00,2.3212285616852664,2.3475461852003514,2.310701608657837,2.310701608657837,3818400,0.0,0.0
1996-08-23 00:00:00-04:00,2.305439170434374,2.3212298496839248,2.305439170434374,2.3159661293029785,1197600,0.0,0.0
1996-08-26 00:00:00-04:00,2.3107021390949276,2.3475467240953622,2.305438420426381,2.3422834873199463,628800,0.0,0.0
1996-08-27 00:00:00-04:00,2.337020528933475,2.337020528933475,2.31070289081532,2.3159661293029785,669600,0.0,0.0
1996-08-28 00:00:00-04:00,2.3212290677995595,2.331756023122257,2.3107021124768616,2.3264927864074707,398400,0.0,0.0
1996-08-29 00:00:00-04:00,2.3212287425994873,2.3264924604699613,2.3107017887515977,2.3212287425994873,760800,0.0,0.0
1996-08-30 00:00:00-04:00,2.310701970437417,2.310701970437417,2.2843838609087657,2.2896475791931152,838800,0.0,0.0
1996-09-03 00:00:00-04:00,2.279121791352736,2.279121791352736,2.273858070373535,2.273858070373535,752400,0.0,0.0
1996-09-04 00:00:00-04:00,2.2738567273811374,2.3054380708169866,2.2738567273811374,2.279120445251465,705600,0.0,0.0
1996-09-05 00:00:00-04:00,2.2843832969665527,2.2843832969665527,2.2528019588430843,2.2843832969665527,1447200,0.0,0.0
1996-09-06 00:00:00-04:00,2.300175575516714,2.352811336517334,2.2896486160739156,2.352811336517334,592800,0.0,0.0
1996-09-09 00:00:00-04:00,2.3422821515867662,2.3633360504682854,2.3317547202531506,2.3475453853607178,709200,0.0,0.0
1996-09-10 00:00:00-04:00,2.3528104427639094,2.358074161432456,2.331756049982853,2.3422834873199463,490800,0.0,0.0
1996-09-11 00:00:00-04:00,2.3500814258184963,2.3500814258184963,2.323735380494917,2.339543104171753,465600,0.005,0.0
1996-09-12 00:00:00-04:00,2.344812524129686,2.360620247927384,2.339543122059305,2.350081443786621,140400,0.0,0.0
1996-09-13 00:00:00-04:00,2.355350984830757,2.4501973332132034,2.355350984830757,2.444927930831909,1479600,0.0,0.0
1996-09-16 00:00:00-04:00,2.45546709984877,2.466005423761183,2.450197696685791,2.450197696685791,662400,0.0,0.0
1996-09-17 00:00:00-04:00,2.4449288149289106,2.4449288149289106,2.3816978931427,2.3816978931427,346800,0.0,0.0
1996-09-18 00:00:00-04:00,2.3869672974294343,2.392236701716168,2.3816978931427,2.3816978931427,189600,0.0,0.0
1996-09-19 00:00:00-04:00,2.3816963155569044,2.3816963155569044,2.3606196771979913,2.3658885955810547,504000,0.0,0.0
1996-09-20 00:00:00-04:00,2.344811610914961,2.386965363820394,2.33954221089681,2.371157646179199,1338000,0.0,0.0
1996-09-23 00:00:00-04:00,2.3658891675843194,2.3711585696547006,2.334273719988923,2.350081443786621,859200,0.0,0.0
1996-09-24 00:00:00-04:00,2.3500822683684537,2.35535167228773,2.334274539024241,2.344813346862793,1161600,0.0,0.0
1996-09-25 00:00:00-04:00,2.344812506201846,2.3500814258184963,2.323735380494917,2.339543104171753,1426800,0.0,0.0
1996-09-26 00:00:00-04:00,2.344812506201846,2.344812506201846,2.32900478252501,2.339543104171753,1171200,0.0,0.0
1996-09-27 00:00:00-04:00,2.329005779929958,2.3869672974294343,2.329005779929958,2.3816978931427,489600,0.0,0.0
1996-09-30 00:00:00-04:00,2.3764283012025973,2.4133126735687256,2.3553511724123006,2.4133126735687256,632400,0.0,0.0
1996-10-01 00:00:00-04:00,2.413312481371094,2.444927930831909,2.397504756640686,2.444927930831909,933600,0.0,0.0
1996-10-02 00:00:00-04:00,2.4449282777864436,2.4449282777864436,2.4343899539418588,2.439659357070923,477600,0.0,0.0
1996-10-03 00:00:00-04:00,2.4449281364918836,2.4449281364918836,2.423851490020752,2.423851490020752,267600,0.0,0.0
1996-10-04 00:00:00-04:00,2.4291194751656024,2.476542635086927,2.4291194751656024,2.4343888759613037,1090800,0.0,0.0
1996-10-07 00:00:00-04:00,2.4396585487108826,2.471273992182672,2.4396585487108826,2.4554662704467773,1275600,0.0,0.0
1996-10-08 00:00:00-04:00,2.45546599673078,2.471273716704555,2.434388875961304,2.4343888759613037,162000,0.0,0.0
1996-10-09 00:00:00-04:00,2.4238508350442034,2.4238508350442034,2.3816965886658936,2.3869659900665283,396000,0.0,0.0
1996-10-10 00:00:00-04:00,2.3816978931427,2.4027750278759865,2.3816978931427,2.3816978931427,261600,0.0,0.0
1996-10-11 00:00:00-04:00,2.392236485583309,2.4027748107910156,2.3816976779619976,2.4027748107910156,391200,0.0,0.0
1996-10-14 00:00:00-04:00,2.397505623589253,2.4027750278759865,2.3764289712696156,2.3816978931427,165600,0.0,0.0
1996-10-15 00:00:00-04:00,2.386967130976156,2.386967130976156,2.334274539024241,2.344813346862793,1082400,0.0,0.0
1996-10-16 00:00:00-04:00,2.508159940314313,2.5713908672332764,2.4870832862837844,2.5713908672332764,6572400,0.0,0.0
1996-10-17 00:00:00-04:00,2.571389332683663,2.6873127903257097,2.571389332683663,2.6556973457336426,2160000,0.0,0.0
1996-10-18 00:00:00-04:00,2.660966957866395,2.7241978520540044,2.6556975558796143,2.7136590480804443,3836400,0.0,0.0
1996-10-21 00:00:00-04:00,2.6978522583292364,2.72419879496891,2.6873139331215303,2.7031216621398926,1111200,0.0,0.0
1996-10-22 00:00:00-04:00,2.697852373123169,2.7031217771580383,2.682044643432186,2.697852373123169,2109600,0.0,0.0
1996-10-23 00:00:00-04:00,2.703120726520322,2.713659048080444,2.695216864746871,2.7136590480804443,1149600,0.0,0.0
1996-10-24 00:00:00-04:00,2.7136602479918133,2.724199056625366,2.6925835955520103,2.724199056625366,675600,0.0,0.0
1996-10-25 00:00:00-04:00,2.7241978520540044,2.734736173614127,2.703120726520322,2.7136590480804443,866400,0.0,0.0
1996-10-28 00:00:00-05:00,2.7189288414336668,2.7558136958235098,2.7189288414336668,2.7400059700012207,1280400,0.0,0.0
1996-10-29 00:00:00-05:00,2.7347367232186457,2.7716215797120407,2.724198399540619,2.7663521766662598,1928400,0.0,0.0
1996-10-30 00:00:00-05:00,2.76108391717179,2.877007455295987,2.7558149943573276,2.8453919887542725,2385600,0.0,0.0
1996-10-31 00:00:00-05:00,2.8348532399669812,2.903353085698228,2.8243144310747406,2.8980841636657715,3601200,0.0,0.0
1996-11-01 00:00:00-05:00,2.9033518136828205,2.9244289398193355,2.898082893958781,2.924428939819336,3225600,0.0,0.0
1996-11-04 00:00:00-05:00,2.9244287959907367,2.9244287959907367,2.898082751425927,2.908621072769165,969600,0.0,0.0
1996-11-05 00:00:00-05:00,2.9033513208811343,2.929697844683202,2.8928130008083293,2.9138901233673096,3025200,0.0,0.0
1996-11-06 00:00:00-05:00,2.9191584961601658,2.9718510514946392,2.9138895783160144,2.9402356147766113,1533600,0.0,0.0
1996-11-07 00:00:00-05:00,2.9455050150340427,2.9613127333930565,2.924427896417597,2.9402356147766113,2928000,0.0,0.0
1996-11-08 00:00:00-05:00,2.9402365230378646,2.9981980141212317,2.9402365230378646,2.9876596927642822,1258800,0.0,0.0
1996-11-11 00:00:00-05:00,2.9981991096781133,3.0140068386964756,2.9981991096781133,3.0034685134887695,1600800,0.0,0.0
1996-11-12 00:00:00-05:00,3.0087369917258933,3.0456213598129813,3.0034675895362564,3.0245447158813477,3328800,0.0,0.0
1996-11-13 00:00:00-05:00,3.0298145677148374,3.0298145677148374,3.003468513488769,3.0034685134887695,1821600,0.0,0.0
1996-11-14 00:00:00-05:00,3.008736302899531,3.008736302899531,2.9613131412903266,2.9665820598602295,2257200,0.0,0.0
1996-11-15 00:00:00-05:00,2.9560447016126408,2.992929555663645,2.950775298915782,2.9771218299865723,1413600,0.0,0.0
1996-11-18 00:00:00-05:00,2.977120547657025,2.998197184539153,2.966581746802665,2.9929282665252686,496800,0.0,0.0
1996-11-19 00:00:00-05:00,2.9823901276596656,2.9876595292564727,2.961313486099243,2.961313486099243,854400,0.0,0.0
1996-11-20 00:00:00-05:00,2.9560452889888844,2.9718530178070064,2.9560452889888844,2.971853017807007,416400,0.0,0.0
1996-11-21 00:00:00-05:00,2.9665820598602295,2.977120861826728,2.950774339323828,2.9665820598602295,1130400,0.0,0.0
1996-11-22 00:00:00-05:00,2.9507769264243064,2.9560463320275194,2.9402385976316503,2.9455080032348633,717600,0.0,0.0
1996-11-25 00:00:00-05:00,2.9560437202453618,2.961313121192849,2.9455054007637296,2.9560437202453613,1874400,0.0,0.0
1996-11-26 00:00:00-05:00,2.9507749856798906,2.9507749856798906,2.9086212158203124,2.924428939819336,1240800,0.0,0.0
1996-11-27 00:00:00-05:00,2.9349691920284373,2.9665846608201756,2.908623128839912,2.9455080032348633,1587600,0.0,0.0
1996-11-29 00:00:00-05:00,2.9402356147766113,2.9455050150340427,2.93496621451918,2.9402356147766113,348000,0.0,0.0
1996-12-02 00:00:00-05:00,2.9349676587652356,2.956044787753366,2.9296987383283413,2.950775384902954,733200,0.0,0.0
1996-12-03 00:00:00-05:00,2.9402385976316503,2.9665846608201756,2.9402385976316503,2.9455080032348633,1503600,0.0,0.0
1996-12-04 00:00:00-05:00,2.934966487623942,2.934966487623942,2.892812728881836,2.892812728881836,1471200,0.0,0.0
1996-12-05 00:00:00-05:00,2.8770063654420173,2.8770063654420173,2.824313780362005,2.8401215076446533,1485600,0.0,0.0
1996-12-06 00:00:00-05:00,2.803236232739353,2.8085051518671413,2.771620788319035,2.7926974296569824,2048400,0.0,0.0
1996-12-09 00:00:00-05:00,2.7716210549972375,2.8243131458253994,2.7716210549972375,2.813774824142456,1142400,0.0,0.0
1996-12-10 00:00:00-05:00,2.8243125548542802,2.8348513567454843,2.8137742353764192,2.8190436363220215,465600,0.0,0.0
1996-12-11 00:00:00-05:00,2.8057534961343,2.8057534961343,2.7530136108398438,2.7530136108398438,880800,0.005,0.0
1996-12-12 00:00:00-05:00,2.742466906141951,2.753014694212995,2.7108230590820312,2.7108230590820312,741600,0.0,0.0
1996-12-13 00:00:00-05:00,2.7002734741215972,2.753013354505418,2.6633559924148202,2.7371914386749268,1020000,0.0,0.0
1996-12-16 00:00:00-05:00,2.737193020279815,2.75828908119238,2.7266452312469482,2.7266452312469482,536400,0.0,0.0
1996-12-17 00:00:00-05:00,2.7319178872206686,2.7635617256164546,2.721370102037625,2.763561725616455,1102800,0.0,0.0
1996-12-18 00:00:00-05:00,2.774110246133194,2.7846580322762495,2.758288325495261,2.779383897781372,638400,0.0,0.0
1996-12-19 00:00:00-05:00,2.7793843493442654,2.863768100738525,2.7793843493442654,2.8637681007385254,1257600,0.0,0.0
1996-12-20 00:00:00-05:00,2.8743158104885067,2.890137733267061,2.837398312569722,2.869042158126831,1323600,0.0,0.0
1996-12-23 00:00:00-05:00,2.8743163592121466,2.879590495427449,2.8479466438293453,2.8479466438293457,763200,0.0,0.0
1996-12-24 00:00:00-05:00,2.8532202353482767,2.8690421581268315,2.8532202353482767,2.869042158126831,260400,0.0,0.0
1996-12-26 00:00:00-05:00,2.874315185168098,2.9006853726265773,2.874315185168098,2.879589319229126,117600,0.0,0.0
1996-12-27 00:00:00-05:00,2.8848634532901536,2.8954112385655493,2.874315185168098,2.879589319229126,168000,0.0,0.0
1996-12-30 00:00:00-05:00,2.879590122624703,2.890137910842895,2.879590122624703,2.8901379108428955,486000,0.0,0.0
1996-12-31 00:00:00-05:00,2.8901376379556325,2.8901376379556325,2.8426718711853023,2.8426718711853027,903600,0.0,0.0
1997-01-02 00:00:00-05:00,2.8479451973345027,2.8479451973345027,2.811027228272037,2.832123279571533,932400,0.0,0.0
1997-01-03 00:00:00-05:00,2.847944934129736,2.8848628997802734,2.84267080108064,2.8848628997802734,786000,0.0,0.0
1997-01-06 00:00:00-05:00,2.9006857872009277,2.916507708798666,2.8901375175712833,2.9006857872009277,1832400,0.0,0.0
1997-01-07 00:00:00-05:00,2.9059598345935806,2.9059598345935806,2.879590122624703,2.8901379108428955,1293600,0.0,0.0
1997-01-08 00:00:00-05:00,2.8901374424874655,2.8901374424874655,2.8057541847229004,2.8057541847229004,1141200,0.0,0.0
1997-01-09 00:00:00-05:00,2.784658128858401,2.811027836553988,2.779383994180597,2.8057541847229004,2208000,0.0,0.0
1997-01-10 00:00:00-05:00,2.7846573327784894,2.811027032935487,2.779383199608459,2.7952051162719727,1917600,0.0,0.0
1997-01-13 00:00:00-05:00,2.795205135152032,2.8004792683576865,2.742465734481811,2.7424657344818115,522000,0.0,0.0
1997-01-14 00:00:00-05:00,2.758288607713659,2.8426718711853023,2.7530144726791503,2.8426718711853027,1681200,0.0,0.0
1997-01-15 00:00:00-05:00,2.8373977570841933,2.8743152477755345,2.8373977570841933,2.8584933280944824,2467200,0.0,0.0
1997-01-16 00:00:00-05:00,2.858493328094483,2.8743152477755345,2.858493328094483,2.8584933280944824,1304400,0.0,0.0
1997-01-17 00:00:00-05:00,2.858494063341525,2.9059598345935806,2.858494063341525,2.8901379108428955,1731600,0.0,0.0
1997-01-20 00:00:00-05:00,2.916507376736224,2.9745209217071533,2.916507376736224,2.9745209217071533,3346800,0.0,0.0
1997-01-21 00:00:00-05:00,2.985068169476436,3.0114383529503557,2.9797945190589212,2.9956164360046387,2707200,0.0,0.0
1997-01-22 00:00:00-05:00,3.0378080535776886,3.106369854624658,2.9956164360046382,2.9956164360046387,6279600,0.0,0.0
1997-01-23 00:00:00-05:00,2.9956171115627797,3.0008907631695845,2.942877215567862,2.9481513500213623,4976400,0.0,0.0
1997-01-24 00:00:00-05:00,2.9112329326692175,2.9112329326692175,2.8901368809038996,2.8954110145568848,3072000,0.0,0.0
1997-01-27 00:00:00-05:00,2.86904153395373,2.8954112385655493,2.86904153395373,2.879589319229126,1454400,0.0,0.0
1997-01-28 00:00:00-05:00,2.8954110145568848,2.9112329326692175,2.8954110145568848,2.8954110145568848,1198800,0.0,0.0
1997-01-29 00:00:00-05:00,2.8848634532901536,2.8848634532901536,2.858493265831674,2.879589319229126,1152000,0.0,0.0
1997-01-30 00:00:00-05:00,2.890137811803766,2.890137811803766,2.837398389673284,2.8637681007385254,3634800,0.0,0.0
1997-01-31 00:00:00-05:00,2.869041704395812,2.869041704395812,2.8004798889160156,2.8004798889160156,3195600,0.0,0.0
1997-02-03 00:00:00-05:00,2.805753401563341,2.805753401563341,2.742465734481811,2.7424657344818115,8511600,0.0,0.0
1997-02-04 00:00:00-05:00,2.7424661552503675,2.768835859631304,2.739828846819615,2.763561725616455,3697200,0.0,0.0
1997-02-05 00:00:00-05:00,2.7741095680225762,2.811027051922414,2.7371916012761566,2.7424657344818115,7940400,0.0,0.0
1997-02-06 00:00:00-05:00,2.7530136433514683,2.7846574783325195,2.7530136433514683,2.7846574783325195,1344000,0.0,0.0
1997-02-07 00:00:00-05:00,2.8004792494420037,2.805753382612034,2.7635612829449445,2.7952051162719727,8332800,0.0,0.0
1997-02-10 00:00:00-05:00,2.7899322635362047,2.816301971231792,2.784658128858401,2.8057541847229004,1322400,0.0,0.0
1997-02-11 00:00:00-05:00,2.8004793958230456,2.805753529268755,2.7846574783325195,2.7846574783325195,645600,0.0,0.0
1997-02-12 00:00:00-05:00,2.784658058247124,2.816301899818114,2.784658058247124,2.811027765274048,906000,0.0,0.0
1997-02-13 00:00:00-05:00,2.8163027922312414,2.8743163592121466,2.8163027922312414,2.8479466438293457,2461200,0.0,0.0
1997-02-14 00:00:00-05:00,2.8584931601441403,2.879589212761604,2.847945375258729,2.853219509124756,1300800,0.0,0.0
1997-02-18 00:00:00-05:00,2.8690415964462974,2.8690415964462974,2.847945542589338,2.8584933280944824,1134000,0.0,0.0
1997-02-19 00:00:00-05:00,2.8637680229183915,2.8795899456969463,2.858493887709952,2.869042158126831,1579200,0.0,0.0
1997-02-20 00:00:00-05:00,2.8690411992308578,2.874314849829964,2.7846574783325195,2.7846574783325195,1618800,0.0,0.0
1997-02-21 00:00:00-05:00,2.795205968034362,2.8057542375887192,2.76356212506474,2.768836259841919,1789200,0.0,0.0
1997-02-24 00:00:00-05:00,2.7635617256164546,2.774109993646154,2.747739806418562,2.763561725616455,710400,0.0,0.0
1997-02-25 00:00:00-05:00,2.76356212506474,2.768836259841919,2.7582884731342867,2.768836259841919,975600,0.0,0.0
1997-02-26 00:00:00-05:00,2.758289098739624,2.77938467693956,2.7477408267928216,2.758289098739624,1983600,0.0,0.0
1997-02-27 00:00:00-05:00,2.774110246133194,2.800479952914183,2.774110246133194,2.779383897781372,1003200,0.0,0.0
1997-02-28 00:00:00-05:00,2.7793837441512825,2.8004797981180114,2.7741100927946047,2.7899320125579834,1156800,0.0,0.0
1997-03-03 00:00:00-05:00,2.8004794440455942,2.85321933087103,2.8004794440455942,2.832123279571533,1698000,0.0,0.0
1997-03-04 00:00:00-05:00,2.8373975903733184,2.8848633466276303,2.826849322641266,2.853219509124756,1644000,0.0,0.0
1997-03-05 00:00:00-05:00,2.85321933087103,2.8584929815609454,2.832123279571533,2.832123279571533,1460400,0.0,0.0
1997-03-06 00:00:00-05:00,2.8268505818149907,2.8584944334130946,2.8268505818149907,2.8479466438293457,638400,0.0,0.0
1997-03-07 00:00:00-05:00,2.847946177530025,2.890137811803766,2.847946177530025,2.8637681007385254,684000,0.0,0.0
1997-03-10 00:00:00-05:00,2.858492825930625,2.911232709884643,2.853219175527833,2.9112327098846436,1566000,0.0,0.0
1997-03-11 00:00:00-05:00,2.9217811606005557,2.9850688426557785,2.9217811606005557,2.9481513500213623,2308800,0.0,0.0
1997-03-12 00:00:00-05:00,2.9295708165591274,2.9295708165591274,2.8820642627770874,2.887342929840088,636000,0.005,0.0
1997-03-13 00:00:00-05:00,2.892620881747209,2.950684765000413,2.892620881747209,2.9031782150268555,1364400,0.0,0.0
1997-03-14 00:00:00-05:00,2.8926215206313497,2.9348498965535486,2.8926215206313497,2.908457040786743,1880400,0.0,0.0
1997-03-17 00:00:00-05:00,2.908456816383413,2.9612420405826314,2.908456816383413,2.955963373184204,1590000,0.0,0.0
1997-03-18 00:00:00-05:00,2.955963446948509,2.9717989662772717,2.9454065951498998,2.9506852626800537,1476000,0.0,0.0
1997-03-19 00:00:00-05:00,2.882063529449941,2.8873421951698104,2.824000139577504,2.8556711673736572,2559600,0.0,0.0
1997-03-20 00:00:00-05:00,2.850393533706665,2.8820645729700725,2.8451148660755283,2.850393533706665,1594800,0.0,0.0
1997-03-21 00:00:00-05:00,2.8609493498319947,2.8609493498319947,2.8292783220358415,2.8556711673736572,2286000,0.0,0.0
1997-03-24 00:00:00-05:00,2.8187224864959717,2.8240011541122256,2.7870514473218595,2.8187224864959717,2052000,0.0,0.0
1997-03-25 00:00:00-05:00,2.813442480196283,2.860949016353039,2.802885633248607,2.829277992248535,1075200,0.0,0.0
1997-03-26 00:00:00-05:00,2.834556526636711,2.8715062141418457,2.8239996801758673,2.8715062141418457,2049600,0.0,0.0
1997-03-27 00:00:00-05:00,2.860949554326316,2.8662282204234932,2.787050645273673,2.7923293113708496,2695200,0.0,0.0
1997-03-31 00:00:00-05:00,2.7923295049230292,2.7923295049230292,2.6973164081573486,2.6973164081573486,1316400,0.0,0.0
1997-04-01 00:00:00-05:00,2.670922927958942,2.6973157707760143,2.670922927958942,2.6920371055603027,1166400,0.0,0.0
1997-04-02 00:00:00-05:00,2.697316327667256,2.71843002636629,2.6867589950561523,2.6867589950561523,3944400,0.0,0.0
1997-04-03 00:00:00-05:00,2.686759052485195,2.686759052485195,2.649809837341308,2.6498098373413086,980400,0.0,0.0
1997-04-04 00:00:00-05:00,2.644531637189826,2.644531637189826,2.5970250808331223,2.6181392669677734,1934400,0.0,0.0
1997-04-07 00:00:00-04:00,2.644530968211521,2.718429876096313,2.644530968211521,2.713151693344116,1996800,0.0,0.0
1997-04-08 00:00:00-04:00,2.713151924284962,2.713151924284962,2.6920377416942776,2.6973164081573486,990000,0.0,0.0
1997-04-09 00:00:00-04:00,2.7025945107112213,2.7025945107112213,2.681480812012187,2.6867589950561523,896400,0.0,0.0
1997-04-10 00:00:00-04:00,2.6867590899552516,2.7448229715824377,2.6867590899552516,2.728987455368042,1758000,0.0,0.0
1997-04-11 00:00:00-04:00,2.723708692671842,2.7289873589773936,2.6867589950561523,2.6867589950561523,1225200,0.0,0.0
1997-04-14 00:00:00-04:00,2.681481766124203,2.7025954723358154,2.681481766124203,2.7025954723358154,1320000,0.0,0.0
1997-04-15 00:00:00-04:00,2.702594378696317,2.7553795893886512,2.702594378696317,2.7448227405548096,3124800,0.0,0.0
1997-04-16 00:00:00-04:00,2.744822740554809,2.744822740554809,2.7078730447440194,2.7448227405548096,862800,0.0,0.0
1997-04-17 00:00:00-04:00,2.9137346510887,3.0245832519453355,2.8978991366806093,3.014026403427124,6793200,0.0,0.0
1997-04-18 00:00:00-04:00,3.0245830537742733,3.0826464417124364,3.0245830537742733,3.0773682594299316,5190000,0.0,0.0
1997-04-21 00:00:00-04:00,3.066812189017014,3.093205044324918,3.0351411492569014,3.040419816970825,1684800,0.0,0.0
1997-04-22 00:00:00-04:00,2.9770782840007373,3.0351417064666752,2.9770782840007373,3.035141706466675,3475200,0.0,0.0
1997-04-23 00:00:00-04:00,3.035141093186315,3.145989730298914,3.0245842412152073,3.140711545944214,1850400,0.0,0.0
1997-04-24 00:00:00-04:00,3.1671029468689507,3.1671029468689507,3.109039553930206,3.124875068664551,2208000,0.0,0.0
1997-04-25 00:00:00-04:00,3.124875704966093,3.124875704966093,3.077369151089556,3.114318370819092,1693200,0.0,0.0
1997-04-28 00:00:00-04:00,3.103761929184643,3.1934963816962787,3.0932050769073096,3.1829395294189453,746400,0.0,0.0
1997-04-29 00:00:00-04:00,3.1776593181489803,3.246280032774464,3.1776593181489803,3.2410013675689697,2708400,0.0,0.0
1997-04-30 00:00:00-04:00,3.2462820983285385,3.256838952195188,3.2093323849025754,3.214611053466797,1814400,0.0,0.0
1997-05-01 00:00:00-04:00,3.2251684681471033,3.2251684681471033,3.182940562075844,3.2093329429626465,932400,0.0,0.0
1997-05-02 00:00:00-04:00,3.2093319293483646,3.3201805706298577,3.198775076980226,3.3096237182617188,973200,0.0,0.0
1997-05-05 00:00:00-04:00,3.2937885233619486,3.3888016538435433,3.2885098550257137,3.367687463760376,2206800,0.0,0.0
1997-05-06 00:00:00-04:00,3.367685638562269,3.3835211517267645,3.341293277708613,3.3782429695129395,1603200,0.0,0.0
1997-05-07 00:00:00-04:00,3.3624091095274893,3.3624091095274893,3.3254593995562813,3.330738067626953,1656000,0.0,0.0
1997-05-08 00:00:00-04:00,3.3201804900280996,3.336016009826742,3.3096236379162423,3.3149023056030273,752400,0.0,0.0
1997-05-09 00:00:00-04:00,3.320177683232487,3.320177683232487,3.2832284904460582,3.293785333633423,622800,0.0,0.0
1997-05-12 00:00:00-04:00,3.293787232919592,3.293787232919592,3.2673948681019818,3.277951717376709,835200,0.0,0.0
1997-05-13 00:00:00-04:00,3.2885066704090886,3.314899503269457,3.277949827221724,3.293785333633423,915600,0.0,0.0
1997-05-14 00:00:00-04:00,3.288507023752393,3.304342531865585,3.2462791632043335,3.2515578269958496,1482000,0.0,0.0
1997-05-15 00:00:00-04:00,3.2515598140204776,3.267395331810737,3.2304456292129147,3.246281147003174,1105200,0.0,0.0
1997-05-16 00:00:00-04:00,3.2462820983285385,3.2462820983285385,3.2093323849025754,3.214611053466797,1194000,0.0,0.0
1997-05-19 00:00:00-04:00,3.2198902819268693,3.2251684681471033,3.2040547567424125,3.2093329429626465,1632000,0.0,0.0
1997-05-20 00:00:00-04:00,3.2198887056529575,3.267395257949829,3.2198887056529575,3.267395257949829,339600,0.0,0.0
1997-05-21 00:00:00-04:00,3.267395661003704,3.3254590709973773,3.267395661003704,3.2726738452911377,1314000,0.0,0.0
1997-05-22 00:00:00-04:00,3.2832293067851017,3.3360140191075707,3.2832293067851017,3.320178508758545,1276800,0.0,0.0
1997-05-23 00:00:00-04:00,3.3307363773140364,3.3307363773140364,3.2937866860944,3.299065351486206,558000,0.0,0.0
1997-05-27 00:00:00-04:00,3.314903577796594,3.325460433959961,3.3043462383713287,3.325460433959961,850800,0.0,0.0
1997-05-28 00:00:00-04:00,3.3465734264427915,3.3465734264427915,3.2990668658935802,3.3096237182617188,850800,0.0,0.0
1997-05-29 00:00:00-04:00,3.314900864400121,3.3254577119222306,3.2990653514862056,3.299065351486206,494400,0.0,0.0
1997-05-30 00:00:00-04:00,3.28850789443557,3.341293096542358,3.2779510473188065,3.3412930965423584,1516800,0.0,0.0
1997-06-02 00:00:00-04:00,3.346574231556573,3.346574231556573,3.3043458454013273,3.336016893386841,1377600,0.0,0.0
1997-06-03 00:00:00-04:00,3.336017290123328,3.3518528159993277,3.314903577796594,3.325460433959961,483600,0.0,0.0
1997-06-04 00:00:00-04:00,3.3254577119222306,3.3254577119222306,3.288508020702594,3.299065351486206,756000,0.0,0.0
1997-06-05 00:00:00-04:00,3.309623881231777,3.399358338933906,3.304345213156917,3.3465735912323,955200,0.0,0.0
1997-06-06 00:00:00-04:00,3.3518505267331116,3.3888002229616268,3.3465723438873005,3.383521556854248,507600,0.0,0.0
1997-06-09 00:00:00-04:00,3.3888003903766015,3.4099145725876405,3.3835217240084434,3.4046359062194824,572400,0.0,0.0
1997-06-10 00:00:00-04:00,3.4626983456331195,3.467977010541492,3.4204704761505127,3.4204704761505127,1209600,0.0,0.0
1997-06-11 00:00:00-04:00,3.423008114241775,3.5022444131825567,3.423008114241775,3.496961832046509,972000,0.005,0.0
1997-06-12 00:00:00-04:00,3.5075254489965544,3.586761713027954,3.4916781961902745,3.586761713027954,1660800,0.0,0.0
1997-06-13 00:00:00-04:00,3.5867619243182727,3.6290211064178473,3.5867619243182727,3.6237385272979736,2038800,0.0,0.0
1997-06-16 00:00:00-04:00,3.6237400759687954,3.6395873364812243,3.597328136321417,3.634305238723755,2187600,0.0,0.0
1997-06-17 00:00:00-04:00,3.623740066520221,3.623740066520221,3.5761982851068943,3.592045545578003,1627200,0.0,0.0
1997-06-18 00:00:00-04:00,3.5709142523054584,3.5867615041890333,3.5497844219207764,3.5497844219207764,1249200,0.0,0.0
1997-06-19 00:00:00-04:00,3.549786345528383,3.629022647883927,3.549786345528383,3.592045545578003,1765200,0.0,0.0
1997-06-20 00:00:00-04:00,3.5709143526780847,3.602608857336116,3.5603491953789,3.5973262786865234,1993200,0.0,0.0
1997-06-23 00:00:00-04:00,3.5814800262451167,3.6237392163806104,3.5814800262451167,3.581480026245117,1195200,0.0,0.0
1997-06-24 00:00:00-04:00,3.5867617958073854,3.618456302151428,3.560349384774159,3.613173723220825,1183200,0.0,0.0
1997-06-25 00:00:00-04:00,3.6131747097804627,3.6765637397766113,3.6131747097804627,3.6765637397766113,640800,0.0,0.0
1997-06-26 00:00:00-04:00,3.6712814570498113,3.6924112966349187,3.6659993598685032,3.6818466186523438,894000,0.0,0.0
1997-06-27 00:00:00-04:00,3.681846618652344,3.6924112966349187,3.6765640378510778,3.6818466186523438,920400,0.0,0.0
1997-06-30 00:00:00-04:00,3.6924109972756485,3.6924109972756485,3.6633575306541073,3.6765637397766113,2871600,0.0,0.0
1997-07-01 00:00:00-04:00,3.6633573695456514,3.7188227683530037,3.655433741144601,3.7029755115509033,1626000,0.0,0.0
1997-07-02 00:00:00-04:00,3.708257059507732,3.755798816680908,3.7029744808374585,3.755798816680908,757200,0.0,0.0
1997-07-03 00:00:00-04:00,3.7769295793340594,3.8667305371598326,3.7769295793340594,3.8640894889831543,697200,0.0,0.0
1997-07-07 00:00:00-04:00,3.845600512781501,3.8482420444488525,3.8350358369716697,3.8482420444488525,727200,0.0,0.0
1997-07-08 00:00:00-04:00,3.8482435989600057,3.8772965900780614,3.8482435989600057,3.8588082790374756,618000,0.0,0.0
1997-07-09 00:00:00-04:00,3.8508819463683186,3.898423698792619,3.8508819463683186,3.8614466190338135,945600,0.0,0.0
1997-07-10 00:00:00-04:00,3.87201194017577,3.914271116256714,3.8455995319579124,3.914271116256714,2401200,0.0,0.0
1997-07-11 00:00:00-04:00,3.914272720495993,4.030486106872559,3.914272720495993,4.030486106872559,1830000,0.0,0.0
1997-07-14 00:00:00-04:00,4.03048436136852,4.141415119171143,4.03048436136852,4.141415119171143,2660400,0.0,0.0
1997-07-15 00:00:00-04:00,4.1361342767682245,4.162546211837242,4.070104197285719,4.096516132354736,2324400,0.0,0.0
1997-07-16 00:00:00-04:00,4.099156678760611,4.1044392585754395,4.0568974911015925,4.1044392585754395,1856400,0.0,0.0
1997-07-17 00:00:00-04:00,4.046333387609709,4.093875161810268,3.9723791942177726,4.072745323181152,5870400,0.0,0.0
1997-07-18 00:00:00-04:00,4.072746117173336,4.072746117173336,4.014639654140186,4.02784538269043,2564400,0.0,0.0
1997-07-21 00:00:00-04:00,4.009356638141013,4.011997686840902,3.969738489542782,3.990868330001831,2269200,0.0,0.0
1997-07-22 00:00:00-04:00,3.9723791186524955,4.096516132354736,3.9723791186524955,4.096516132354736,3904800,0.0,0.0
1997-07-23 00:00:00-04:00,4.08595156701143,4.225935358694875,4.08595156701143,4.207447052001953,2820000,0.0,0.0
1997-07-24 00:00:00-04:00,4.207447977890645,4.215371608734131,4.162547241904214,4.215371608734131,2672400,0.0,0.0
1997-07-25 00:00:00-04:00,4.210088757136188,4.225936017807491,4.183676817224022,4.202165126800537,1916400,0.0,0.0
1997-07-28 00:00:00-04:00,4.394972114411995,4.416101464850723,4.299888586578224,4.307812213897705,14490000,0.0,0.0
1997-07-29 00:00:00-04:00,4.352712703218437,4.381766166311389,4.315736095958163,4.379125118255615,3931200,0.0,0.0
1997-07-30 00:00:00-04:00,4.400254334639059,4.527032375335693,4.394972238689929,4.527032375335693,3747600,0.0,0.0
1997-07-31 00:00:00-04:00,4.611553292535702,4.611553292535702,4.52439335058056,4.537599563598633,6957600,0.0,0.0
1997-08-01 00:00:00-04:00,4.537598916219894,4.648529735609041,4.500621815216847,4.635323524475098,40281600,0.0,0.0
1997-08-04 00:00:00-04:00,4.616835841995311,4.643247784225631,4.574576154082729,4.637965202331543,8218800,0.0,0.0
1997-08-05 00:00:00-04:00,4.640606096589819,4.727766025939645,4.616835206767139,4.685506343841553,4659600,0.0,0.0
1997-08-06 00:00:00-04:00,4.659093205115131,4.659093205115131,4.606268857909471,4.614192485809326,4137600,0.0,0.0
1997-08-07 00:00:00-04:00,4.608910590896182,4.614192687313513,4.54816261313777,4.5508036613464355,3183600,0.0,0.0
1997-08-08 00:00:00-04:00,4.5270331530626455,4.5270331530626455,4.373843155443374,4.482132911682129,4232400,0.0,0.0
1997-08-11 00:00:00-04:00,4.500619066425799,4.511183738708496,4.431947487539027,4.511183738708496,2473200,0.0,0.0
1997-08-12 00:00:00-04:00,4.505903574919825,4.542880185561645,4.394972775754552,4.402896404266357,2540400,0.0,0.0
1997-08-13 00:00:00-04:00,4.426668643951416,4.4372333239923325,4.392332587483345,4.426668643951416,1808400,0.0,0.0
1997-08-14 00:00:00-04:00,4.4213840434738065,4.431948718691267,4.257628917694092,4.257628917694092,3325200,0.0,0.0
1997-08-15 00:00:00-04:00,4.183674635679588,4.307811607414547,4.178392057003708,4.188957214355469,3037200,0.0,0.0
1997-08-18 00:00:00-04:00,4.183673924037389,4.2100858456846,4.1308495971232855,4.159903049468994,2041200,0.0,0.0
1997-08-19 00:00:00-04:00,4.194241398213995,4.3025311714711965,4.194241398213995,4.276119232177734,2929200,0.0,0.0
1997-08-20 00:00:00-04:00,4.278758712436842,4.373842239379883,4.278758712436842,4.373842239379883,1948800,0.0,0.0
1997-08-21 00:00:00-04:00,4.394972138709712,4.394972138709712,4.231217011995173,4.2497053146362305,1585200,0.0,0.0
1997-08-22 00:00:00-04:00,4.207447636377311,4.268195629119873,4.141417545914531,4.268195629119873,1820400,0.0,0.0
1997-08-25 00:00:00-04:00,4.278758752519665,4.373842280353435,4.26027044998082,4.307812213897705,1630800,0.0,0.0
1997-08-26 00:00:00-04:00,4.29196592360663,4.299889552706445,4.199523422902137,4.207447052001953,1160400,0.0,0.0
1997-08-27 00:00:00-04:00,4.207447831447308,4.236501304735541,4.107081683049798,4.120287895202637,1880400,0.0,0.0
1997-08-28 00:00:00-04:00,4.120286839608927,4.16518756252925,4.099157002301734,4.151981353759766,2220000,0.0,0.0
1997-08-29 00:00:00-04:00,4.1440566796245,4.194239486494939,4.130850474187107,4.1836748123168945,1561200,0.0,0.0
1997-09-02 00:00:00-04:00,4.183674331177606,4.3210170141763555,4.17839175288621,4.241780757904053,1854000,0.0,0.0
1997-09-03 00:00:00-04:00,4.262911154370789,4.3421474211806546,4.262911154370789,4.318376541137695,1266000,0.0,0.0
1997-09-04 00:00:00-04:00,4.321018593966122,4.352713108062744,4.2734768228211895,4.352713108062744,1346400,0.0,0.0
1997-09-05 00:00:00-04:00,4.373843870584323,4.389691130984991,4.268195629119873,4.268195629119873,1064400,0.0,0.0
1997-09-08 00:00:00-04:00,4.268195602027696,4.294607541321158,4.249706809264268,4.276119232177734,912000,0.0,0.0
1997-09-09 00:00:00-04:00,4.276117383480649,4.321017612505784,4.252346503307415,4.310452938079834,1183200,0.0,0.0
1997-09-10 00:00:00-04:00,4.312988975505261,4.331488154172284,4.196707248687744,4.196707248687744,1425600,0.005,0.0
1997-09-11 00:00:00-04:00,4.159710862434271,4.175567447063748,4.096284523916363,4.157067775726318,1680000,0.0,0.0
1997-09-12 00:00:00-04:00,4.157065805898174,4.196707248687744,4.104210871448301,4.196707248687744,1512000,0.0,0.0
1997-09-15 00:00:00-04:00,4.191423364909497,4.244278315996395,4.175566782802531,4.186137676239014,1126800,0.0,0.0
1997-09-16 00:00:00-04:00,4.196710026033796,4.431916236877441,4.196710026033796,4.431916236877441,2226000,0.0,0.0
1997-09-17 00:00:00-04:00,4.439843654632568,4.463628531353814,4.423987070151738,4.439843654632568,2124000,0.0,0.0
1997-09-18 00:00:00-04:00,4.439843974233101,4.484771128131038,4.421344785641994,4.42398738861084,1899600,0.0,0.0
1997-09-19 00:00:00-04:00,4.450413944718556,4.4847701956934385,4.447771342299139,4.474198818206787,1855200,0.0,0.0
1997-09-22 00:00:00-04:00,4.479484426445935,4.5402681522360755,4.466270446777344,4.466270446777344,1044000,0.0,0.0
1997-09-23 00:00:00-04:00,4.4689137442482245,4.497983823426661,4.4187009094772804,4.487412929534912,2167200,0.0,0.0
1997-09-24 00:00:00-04:00,4.471555790858986,4.540267802374612,4.471555790858986,4.4794840812683105,1560000,0.0,0.0
1997-09-25 00:00:00-04:00,4.476842482654733,4.5746245916543185,4.471556793228832,4.484770774841309,2599200,0.0,0.0
1997-09-26 00:00:00-04:00,4.495340824127197,4.503269114822307,4.4662702636103075,4.495340824127197,1093200,0.0,0.0
1997-09-29 00:00:00-04:00,4.490055003260335,4.492698089350387,4.479484110613467,4.482126712799072,1230000,0.0,0.0
1997-09-30 00:00:00-04:00,4.4821276653358435,4.577267171089939,4.460985875549078,4.529697418212891,1378800,0.0,0.0
1997-10-01 00:00:00-04:00,4.50326831036036,4.564052022799311,4.492697419290081,4.556123733520508,991200,0.0,0.0
1997-10-02 00:00:00-04:00,4.558767796383463,4.606337547302246,4.5455538153822905,4.606337547302246,1250400,0.0,0.0
1997-10-03 00:00:00-04:00,4.6354097342659415,4.685622105396715,4.619553145076782,4.624838352203369,1072800,0.0,0.0
1997-10-06 00:00:00-04:00,4.635408505871031,4.71997663653265,4.635408505871031,4.693549156188965,1045200,0.0,0.0
1997-10-07 00:00:00-04:00,4.735831634963782,4.936681966783328,4.735831634963782,4.86532735824585,2110800,0.0,0.0
1997-10-08 00:00:00-04:00,4.865328710902003,4.865328710902003,4.626158890246562,4.714691162109375,1465200,0.0,0.0
1997-10-09 00:00:00-04:00,4.70412071380604,4.735833888244967,4.645980055302886,4.7120490074157715,1321200,0.0,0.0
1997-10-10 00:00:00-04:00,4.693549127505051,4.693549127505051,4.640693683236129,4.690906524658203,988800,0.0,0.0
1997-10-13 00:00:00-04:00,4.693546552027938,4.75168717008721,4.608977984383658,4.627477645874023,922800,0.0,0.0
1997-10-14 00:00:00-04:00,4.64069352642835,4.680334987314426,4.524412230432231,4.675049781799316,1618800,0.0,0.0
1997-10-15 00:00:00-04:00,4.664478431651921,4.7199764772338035,4.622194367748196,4.677692413330078,2166000,0.0,0.0
1997-10-16 00:00:00-04:00,4.682976975781242,4.682976975781242,4.548196040375786,4.614264965057373,2757600,0.0,0.0
1997-10-17 00:00:00-04:00,4.590481512400569,4.66183614730835,4.537626065982165,4.66183614730835,3384000,0.0,0.0
1997-10-20 00:00:00-04:00,4.661832448237233,4.730544425669114,4.651261560903175,4.672403335571289,1093200,0.0,0.0
1997-10-21 00:00:00-04:00,4.640693059960131,4.775474013425018,4.6354078549762745,4.770188808441162,960000,0.0,0.0
1997-10-22 00:00:00-04:00,4.770187953767985,4.770187953767985,4.688261968247334,4.733189105987549,1092000,0.0,0.0
1997-10-23 00:00:00-04:00,4.693548599475532,4.6961912020250836,4.6301222670501865,4.685620307922363,1896000,0.0,0.0
1997-10-24 00:00:00-04:00,4.69619125105144,4.704119542687375,4.643336296081543,4.643336296081543,1492800,0.0,0.0
1997-10-27 00:00:00-05:00,4.608981281303027,4.645980146845669,4.524413137069345,4.527055740356445,2270400,0.0,0.0
1997-10-28 00:00:00-05:00,4.450412222490821,4.627477645874023,4.357915850656203,4.627477645874023,2836800,0.0,0.0
1997-10-29 00:00:00-05:00,4.6169085725392955,4.651264827334615,4.53762565209555,4.571981906890869,1936800,0.0,0.0
1997-10-30 00:00:00-05:00,4.561409909222842,4.561409909222842,4.463627815246582,4.463627815246582,1616400,0.0,0.0
1997-10-31 00:00:00-05:00,4.466271296324855,4.476842675632345,4.3869883710415465,4.408130645751953,3308400,0.0,0.0
1997-11-03 00:00:00-05:00,4.418701698768556,4.492699420942168,4.418701698768556,4.42398738861084,2475600,0.0,0.0
1997-11-04 00:00:00-05:00,4.4345579651707725,4.534983161517552,4.418701380689942,4.439843654632568,1498800,0.0,0.0
1997-11-05 00:00:00-05:00,4.4424875067380105,4.45041580120804,4.37113285650775,4.4213457107543945,2548800,0.0,0.0
1997-11-06 00:00:00-05:00,4.4054857345847,4.474197244558524,4.402842649190409,4.460983753204346,1665600,0.0,0.0
1997-11-07 00:00:00-05:00,4.434557218454413,4.434557218454413,4.360559997972135,4.413415431976318,2000400,0.0,0.0
1997-11-10 00:00:00-05:00,4.413416126105226,4.413416126105226,4.315633533623307,4.386988162994385,1366800,0.0,0.0
1997-11-11 00:00:00-05:00,4.3869888124724,4.397560192843612,4.2759927059070355,4.307705879211426,1570800,0.0,0.0
1997-11-12 00:00:00-05:00,4.270706682490863,4.3288473277897035,4.254850098872586,4.273349285125732,1424400,0.0,0.0
1997-11-13 00:00:00-05:00,4.2918497396296535,4.305063724517822,4.238994767886325,4.305063724517822,1219200,0.0,0.0
1997-11-14 00:00:00-05:00,4.294490997668333,4.294490997668333,4.18613752911082,4.265420436859131,1188000,0.0,0.0
1997-11-17 00:00:00-05:00,4.291848133724915,4.4821271221743615,4.28656292887098,4.381702423095703,1590000,0.0,0.0
1997-11-18 00:00:00-05:00,4.371131233918178,4.442485857661184,4.371131233918178,4.400201797485352,948000,0.0,0.0
1997-11-19 00:00:00-05:00,4.394916667027388,4.482127884907637,4.355275204354548,4.360560894012451,1450800,0.0,0.0
1997-11-20 00:00:00-05:00,4.376417472269187,4.46098608714113,4.376417472269187,4.455700397491455,1654800,0.0,0.0
1997-11-21 00:00:00-05:00,4.4662710810434945,4.557446924629052,4.4662710810434945,4.529697418212891,2650800,0.0,0.0
1997-11-24 00:00:00-05:00,4.519125816080212,4.548196377368185,4.400201452499154,4.413415431976318,1610400,0.0,0.0
1997-11-25 00:00:00-05:00,4.416057968840879,4.4609851112736045,4.312990188598633,4.312990188598633,790800,0.0,0.0
1997-11-26 00:00:00-05:00,4.3394184100803335,4.437201002562252,4.3394184100803335,4.386988162994385,1578000,0.0,0.0
1997-11-28 00:00:00-05:00,4.397558784970683,4.397558784970683,4.312990188598633,4.312990188598633,379200,0.0,0.0
1997-12-01 00:00:00-05:00,4.355274344042716,4.561409909222842,4.34998913933339,4.463627815246582,1570800,0.0,0.0
1997-12-02 00:00:00-05:00,4.463628191032147,4.6539071902946185,4.463628191032147,4.643336296081543,2610000,0.0,0.0
1997-12-03 00:00:00-05:00,4.65126507454971,4.677692554800734,4.460986055371375,4.500627517700195,3030000,0.0,0.0
1997-12-04 00:00:00-05:00,4.513838527247956,4.6856182639332955,4.497981951058672,4.627477645874023,1780800,0.0,0.0
1997-12-05 00:00:00-05:00,4.608980280494921,4.64069344867242,4.545553944139924,4.571981906890869,1165200,0.0,0.0
1997-12-08 00:00:00-05:00,4.571982323911192,4.69090671542416,4.571982323911192,4.66183614730835,1418400,0.0,0.0
1997-12-09 00:00:00-05:00,4.661835619787612,4.6776922035283865,4.630122452306064,4.65654993057251,1477200,0.0,0.0
1997-12-10 00:00:00-05:00,4.659086807812299,4.722547697290642,4.614135667210581,4.674952030181885,2582400,0.005,0.0
1997-12-11 00:00:00-05:00,4.664377901547268,4.664377901547268,4.54010009765625,4.54010009765625,2192400,0.0,0.0
1997-12-12 00:00:00-05:00,4.55067679866058,4.6379355604443955,4.55067679866058,4.624714374542236,780000,0.0,0.0
1997-12-15 00:00:00-05:00,4.632645172039733,4.788653361482979,4.632645172039733,4.786008834838867,1746000,0.0,0.0
1997-12-16 00:00:00-05:00,4.791299395057243,4.926153848229385,4.791299395057243,4.878558158874512,2304000,0.0,0.0
1997-12-17 00:00:00-05:00,4.878559793744769,4.928799543510347,4.8256755153498885,4.830964088439941,930000,0.0,0.0
1997-12-18 00:00:00-05:00,4.83096200447333,4.84418318941087,4.778077748891508,4.801875591278076,1828800,0.0,0.0
1997-12-19 00:00:00-05:00,4.844182885957945,4.9208644949544444,4.82302908821668,4.907643795013428,3016800,0.0,0.0
1997-12-22 00:00:00-05:00,4.90764310918325,5.034564909557228,4.90764310918325,5.023987770080566,1765200,0.0,0.0
1997-12-23 00:00:00-05:00,5.023988772267783,5.045142571272629,4.955239772796631,4.955239772796631,1280400,0.0,0.0
1997-12-24 00:00:00-05:00,4.9552392138174355,4.9552392138174355,4.862691898300483,4.865335941314697,708000,0.0,0.0
1997-12-26 00:00:00-05:00,4.873269921447882,4.8785584931280095,4.830962800512127,4.854760646820068,314400,0.0,0.0
1997-12-29 00:00:00-05:00,4.865335844680935,4.92879674910794,4.85475918866586,4.92615270614624,890400,0.0,0.0
1997-12-30 00:00:00-05:00,4.944662143756315,4.989613780647072,4.939374057652669,4.952594757080078,1234800,0.0,0.0
1997-12-31 00:00:00-05:00,4.968461180329976,5.113892782403525,4.968461180329976,5.071585178375244,1068000,0.0,0.0
1998-01-02 00:00:00-05:00,5.039854030968854,5.066296400926965,4.992258346046268,5.037209987640381,1389600,0.0,0.0
1998-01-05 00:00:00-05:00,5.06100990514087,5.079519184365769,4.97110706926038,4.981683731079102,1114800,0.0,0.0
1998-01-06 00:00:00-05:00,4.9711042950041335,5.026632585858341,4.955239069045788,4.99490213394165,1240800,0.0,0.0
1998-01-07 00:00:00-05:00,4.99490346872338,5.076873663356862,4.94730777812941,4.979038238525391,1375200,0.0,0.0
1998-01-08 00:00:00-05:00,4.984325622076305,4.989614192785076,4.918220666974161,4.942018508911133,880800,0.0,0.0
1998-01-09 00:00:00-05:00,4.9261532035776945,4.9261532035776945,4.717261200134803,4.775433540344238,1483200,0.0,0.0
1998-01-12 00:00:00-05:00,4.733125701193215,4.83624966546827,4.733125701193215,4.809807300567627,1089600,0.0,0.0
1998-01-13 00:00:00-05:00,4.823029811565693,4.949951648712158,4.823029811565693,4.949951648712158,944400,0.0,0.0
1998-01-14 00:00:00-05:00,4.949953261454394,4.986972304072734,4.886492322204978,4.981683731079102,1034400,0.0,0.0
1998-01-15 00:00:00-05:00,4.992257606836412,5.008122832794756,4.928796703003032,4.99490213394165,850800,0.0,0.0
1998-01-16 00:00:00-05:00,5.034565667841758,5.0557189816446115,4.989614028716137,4.992258071899414,1012800,0.0,0.0
1998-01-20 00:00:00-05:00,5.013411572930061,5.108602931909746,5.00019038946012,5.098026275634766,1296000,0.0,0.0
1998-01-21 00:00:00-05:00,5.0980272867724965,5.135045833161293,4.923509760696106,4.949951648712158,1868400,0.0,0.0
1998-01-22 00:00:00-05:00,4.944663333703294,4.973749750946251,4.88384693969767,4.912932872772217,1117200,0.0,0.0
1998-01-23 00:00:00-05:00,4.923508227217142,4.947306064270014,4.823028309382266,4.857402801513672,1124400,0.0,0.0
1998-01-26 00:00:00-05:00,4.857403717555928,4.9049994006375925,4.828317789562684,4.852115631103516,999600,0.0,0.0
1998-01-27 00:00:00-05:00,4.841539476109497,4.949952048824727,4.841539476109497,4.936730861663818,1192800,0.0,0.0
1998-01-28 00:00:00-05:00,4.820386624009907,4.820386624009907,4.5136586350483,4.532167911529541,7651200,0.0,0.0
1998-01-29 00:00:00-05:00,4.532167721709017,4.733127647239143,4.532167721709017,4.661734104156494,6308400,0.0,0.0
1998-01-30 00:00:00-05:00,4.637935101088799,4.659088415435109,4.611492731903417,4.6273579597473145,5476800,0.0,0.0
1998-02-02 00:00:00-05:00,4.653800372224466,4.719905327466201,4.645867758228724,4.711972713470459,16134000,0.0,0.0
1998-02-03 00:00:00-05:00,4.706685358490077,4.756925582885742,4.680243466397094,4.756925582885742,1094400,0.0,0.0
1998-02-04 00:00:00-05:00,4.746347378677389,4.754279992950481,4.696107649670589,4.738414764404297,1924800,0.0,0.0
1998-02-05 00:00:00-05:00,4.73577004528543,4.76485645485919,4.65908795686458,4.70668363571167,1381200,0.0,0.0
1998-02-06 00:00:00-05:00,4.717260625446865,4.7384139370359915,4.672308991025506,4.682885646820068,3099600,0.0,0.0
1998-02-09 00:00:00-05:00,4.680241882401025,4.786009899144949,4.680241882401025,4.727837562561035,1004400,0.0,0.0
1998-02-10 00:00:00-05:00,4.754279297938357,4.783365707410434,4.743702641843184,4.780721664428711,1714800,0.0,0.0
1998-02-11 00:00:00-05:00,4.775433619530406,4.823029303445992,4.751635777572614,4.788654804229736,2150400,0.0,0.0
1998-02-12 00:00:00-05:00,4.788655461547612,4.833606624192582,4.7648576163231935,4.817741394042969,1774800,0.0,0.0
1998-02-13 00:00:00-05:00,4.791298749166515,4.830961818282132,4.759568293874022,4.772789478302002,2296800,0.0,0.0
1998-02-17 00:00:00-05:00,4.780723160541184,4.796588391733058,4.7701460169676455,4.791299819946289,2316000,0.0,0.0
1998-02-18 00:00:00-05:00,4.793943434759488,4.828318422044722,4.793943434759488,4.799232006072998,2176800,0.0,0.0
1998-02-19 00:00:00-05:00,4.788655347614367,4.836251036930793,4.746347745443061,4.799232006072998,1566000,0.0,0.0
1998-02-20 00:00:00-05:00,4.801877662697475,4.8441852790808,4.778079810045061,4.830964088439941,963600,0.0,0.0
1998-02-23 00:00:00-05:00,4.830961586259726,4.8626920400282625,4.748991408747107,4.81245231628418,992400,0.0,0.0
1998-02-24 00:00:00-05:00,4.801875175582467,4.844182770052717,4.775433292164787,4.81245231628418,1658400,0.0,0.0
1998-02-25 00:00:00-05:00,4.801876212785862,4.981682317701719,4.791299553967896,4.90500020980835,1710000,0.0,0.0
1998-02-26 00:00:00-05:00,4.920864233791212,4.920864233791212,4.849470714892836,4.865335941314697,2119200,0.0,0.0
1998-02-27 00:00:00-05:00,4.865336169316554,4.936729691560609,4.85475951259576,4.902355194091797,1227600,0.0,0.0
1998-03-02 00:00:00-05:00,4.949952048824727,4.963173235985636,4.923510158671335,4.936730861663818,728400,0.0,0.0
1998-03-03 00:00:00-05:00,4.960528384836731,4.997547415974152,4.949951726298208,4.963172912597656,1203600,0.0,0.0
1998-03-04 00:00:00-05:00,4.963172237352376,5.1297571285541155,4.963172237352376,5.084805488586426,3091200,0.0,0.0
1998-03-05 00:00:00-05:00,5.074228831486869,5.084805488586427,5.050430989886621,5.084805488586426,1782000,0.0,0.0
1998-03-06 00:00:00-05:00,5.076873107526287,5.116536178678836,5.045142650604248,5.045142650604248,1357200,0.0,0.0
1998-03-09 00:00:00-05:00,5.053076000071058,5.055720043809827,4.9869710332544726,5.008124351501465,1515600,0.0,0.0
1998-03-10 00:00:00-05:00,5.018700141849502,5.029276798121737,5.016055614655227,5.021344184875488,928800,0.0,0.0
1998-03-11 00:00:00-05:00,5.010656212044946,5.021238702618575,4.984200954437256,4.984200954437256,1683600,0.005,0.0
1998-03-12 00:00:00-05:00,4.992138778064052,5.023885288576383,4.992138778064052,5.013303279876709,864000,0.0,0.0
1998-03-13 00:00:00-05:00,5.021238439282002,5.026529199878154,5.000073943657898,5.023883819580078,546000,0.0,0.0
1998-03-16 00:00:00-05:00,5.042403376566541,5.153516151276708,5.037112614998702,5.127060890197754,1148400,0.0,0.0
1998-03-17 00:00:00-05:00,5.164098042400645,5.227591049133386,5.164098042400645,5.1931986808776855,2094000,0.0,0.0
1998-03-18 00:00:00-05:00,5.193199541753526,5.256692559011494,5.193199541753526,5.248755931854248,1279200,0.0,0.0
1998-03-19 00:00:00-05:00,5.280503273010253,5.280503273010253,5.219656111487024,5.280503273010254,1344000,0.0,0.0
1998-03-20 00:00:00-05:00,5.29108315677686,5.35457615272053,5.275209907790943,5.343993663787842,2133600,0.0,0.0
1998-03-23 00:00:00-05:00,5.333413973721591,5.333413973721591,5.206427926728219,5.2381744384765625,933600,0.0,0.0
1998-03-24 00:00:00-05:00,5.2381711692202035,5.460396612762879,5.2381711692202035,5.43394136428833,2500800,0.0,0.0
1998-03-25 00:00:00-05:00,5.436590431911547,5.735536928568068,5.436590431911547,5.616487503051758,3417600,0.0,0.0
1998-03-26 00:00:00-05:00,5.587385616407358,5.6402966265186745,5.5265379790000075,5.597967624664307,1545600,0.0,0.0
1998-03-27 00:00:00-05:00,5.640296372179636,5.64558713386289,5.539765602825375,5.568866729736328,922800,0.0,0.0
1998-03-30 00:00:00-05:00,5.56886675473887,5.56886675473887,5.465690604079752,5.500082492828369,1034400,0.0,0.0
1998-03-31 00:00:00-05:00,5.5106651486750104,5.701144218444823,5.5106651486750104,5.701144218444824,2562000,0.0,0.0
1998-04-01 00:00:00-05:00,5.6508775953854995,5.6508775953854995,5.545056079040357,5.5847392082214355,2390400,0.0,0.0
1998-04-02 00:00:00-05:00,5.590030419199496,5.693206563376568,5.587385038512188,5.687915802001953,1650000,0.0,0.0
1998-04-03 00:00:00-05:00,5.68791552739268,5.724952792879795,5.534473766672187,5.600612640380859,2890800,0.0,0.0
1998-04-06 00:00:00-04:00,5.656169881110741,5.711726272182974,5.590030997368273,5.597967624664307,988800,0.0,0.0
1998-04-07 00:00:00-04:00,5.592677352236331,5.624423864199048,5.508019825531311,5.5635762214660645,769200,0.0,0.0
1998-04-08 00:00:00-04:00,5.571510021239269,5.582092025050747,5.497435025732757,5.518599033355713,1213200,0.0,0.0
1998-04-09 00:00:00-04:00,5.5291852543643705,5.545058513004256,5.486856241715738,5.539767265319824,1114800,0.0,0.0
1998-04-13 00:00:00-04:00,5.529181478774558,5.529181478774558,5.43394199196933,5.460397243499756,1260000,0.0,0.0
1998-04-14 00:00:00-04:00,5.4630426233288745,5.497434983172815,5.455105999428438,5.460397243499756,1184400,0.0,0.0
1998-04-15 00:00:00-04:00,5.4709811210632315,5.587385139609512,5.428652607234242,5.470981121063232,1592400,0.0,0.0
1998-04-16 00:00:00-04:00,5.47097897666352,5.476270220473161,5.354575488155887,5.362512111663818,1510800,0.0,0.0
1998-04-17 00:00:00-04:00,5.587385206003151,5.870458386907159,5.584739825236543,5.865167140960693,4164000,0.0,0.0
1998-04-20 00:00:00-04:00,5.854586553031366,5.873105191714297,5.724954629010741,5.748764514923096,2330400,0.0,0.0
1998-04-21 00:00:00-04:00,5.740823558877835,5.746114802118743,5.68791306412077,5.724950313568115,3493200,0.0,0.0
1998-04-22 00:00:00-04:00,5.703789085305115,5.724953099742674,5.674687959936923,5.71172571182251,2222400,0.0,0.0
1998-04-23 00:00:00-04:00,5.71172571182251,5.714371092523894,5.685269967155702,5.71172571182251,1333200,0.0,0.0
1998-04-24 00:00:00-04:00,5.679979531458291,5.772573189861969,5.59267663476077,5.719662666320801,1897200,0.0,0.0
1998-04-27 00:00:00-04:00,5.677334147312442,5.706435276815521,5.481564321675905,5.534474849700928,2060400,0.0,0.0
1998-04-28 00:00:00-04:00,5.566220203316293,5.608549198234001,5.545056190270647,5.5873847007751465,1227600,0.0,0.0
1998-04-29 00:00:00-04:00,5.590030149316073,5.656169023024745,5.563574890480532,5.600612640380859,872400,0.0,0.0
1998-04-30 00:00:00-04:00,5.6508751873408976,5.754051279244593,5.635001942432636,5.732886791229248,1809600,0.0,0.0
1998-05-01 00:00:00-04:00,5.775218777590884,5.804319418816068,5.738181025361361,5.793737411499023,1641600,0.0,0.0
1998-05-04 00:00:00-04:00,5.830774338480799,5.8889760971069345,5.8228377130130005,5.888976097106934,1245600,0.0,0.0
1998-05-05 00:00:00-04:00,5.841355323791504,5.862519816145837,5.8043175832746945,5.841355323791504,796800,0.0,0.0
1998-05-06 00:00:00-04:00,5.836065144490119,5.8969127683533396,5.836065144490119,5.844001770019531,1105200,0.0,0.0
1998-05-07 00:00:00-04:00,5.854583635346311,5.8783935093928,5.804318022750531,5.851937770843506,781200,0.0,0.0
1998-05-08 00:00:00-04:00,5.86252163471224,6.053000671748957,5.86252163471224,5.931305408477783,2337600,0.0,0.0
1998-05-11 00:00:00-04:00,5.9339514075222635,5.981571167856155,5.9339514075222635,5.957761287689209,2226000,0.0,0.0
1998-05-12 00:00:00-04:00,5.9577586449491955,5.9577586449491955,5.920720908536489,5.928657531738281,1347600,0.0,0.0
1998-05-13 00:00:00-04:00,5.926014565767954,5.957761071505258,5.926014565767954,5.952469825744629,1142400,0.0,0.0
1998-05-14 00:00:00-04:00,5.952469907397387,5.952469907397387,5.926014647057812,5.931305408477783,525600,0.0,0.0
1998-05-15 00:00:00-04:00,5.941887126232025,5.952469132106934,5.923368010434463,5.947177886962891,1285200,0.0,0.0
1998-05-18 00:00:00-04:00,5.936596281575386,5.94188752707638,5.878394518717285,5.933950901031494,1306800,0.0,0.0
1998-05-19 00:00:00-04:00,5.944534749299093,6.071520805358887,5.92601611092816,6.071520805358887,1275600,0.0,0.0
1998-05-20 00:00:00-04:00,6.105911136482594,6.142948888149233,6.045063989817762,6.137657642364502,846000,0.0,0.0
1998-05-21 00:00:00-04:00,6.185273405732587,6.248766376482324,6.153526920357718,6.224956512451172,1099200,0.0,0.0
1998-05-22 00:00:00-04:00,6.214380167801556,6.217025549186033,6.111203996433203,6.119140625,610800,0.0,0.0
1998-05-26 00:00:00-04:00,6.119139279260713,6.119139279260713,5.9683433696550665,5.970988750457764,1240800,0.0,0.0
1998-05-27 00:00:00-04:00,5.9709870647918795,5.981569553841648,5.857228940605274,5.907494068145752,1916400,0.0,0.0
1998-05-28 00:00:00-04:00,5.910141670870916,5.920723678619881,5.8440027903034055,5.8572306632995605,1254000,0.0,0.0
1998-05-29 00:00:00-04:00,5.857233139075663,5.87839764793282,5.76993020610841,5.836068630218506,2278800,0.0,0.0
1998-06-01 00:00:00-04:00,5.873103264042693,6.010671287134785,5.841356759912732,6.002734661102295,1628400,0.0,0.0
1998-06-02 00:00:00-04:00,6.005379424979643,6.084745670752885,5.952468432993109,6.010670185089111,1144800,0.0,0.0
1998-06-03 00:00:00-04:00,6.021254447681476,6.060937582256677,5.8572306632995605,5.8572306632995605,1479600,0.0,0.0
1998-06-04 00:00:00-04:00,5.8466462791304235,5.926012516021728,5.791089913306511,5.9260125160217285,985200,0.0,0.0
1998-06-05 00:00:00-04:00,5.915431014637827,5.984215259552003,5.862520504162136,5.984215259552002,1251600,0.0,0.0
1998-06-08 00:00:00-04:00,5.994796202272314,6.02389731696539,5.976277575329299,6.015960693359375,655200,0.0,0.0
1998-06-09 00:00:00-04:00,5.952471107631535,6.158823439362761,5.952471107631535,6.111203670501709,1969200,0.0,0.0
1998-06-10 00:00:00-04:00,6.116389164554463,6.230195087380746,6.097862833110122,6.124329090118408,956400,0.005,0.0
1998-06-11 00:00:00-04:00,6.12962298589036,6.158736209969501,5.984057834723921,5.98935079574585,1262400,0.0,0.0
1998-06-12 00:00:00-04:00,6.013172210351546,6.063458746045092,5.949652783887921,6.042285442352295,2642400,0.0,0.0
1998-06-15 00:00:00-04:00,6.013170203853502,6.03434350048111,5.947004318237305,5.947004318237305,957600,0.0,0.0
1998-06-16 00:00:00-04:00,5.970825225587875,6.002584934234619,5.907305808294387,6.002584934234619,1722000,0.0,0.0
1998-06-17 00:00:00-04:00,6.01316836524824,6.12962073417134,6.01316836524824,6.116387367248535,1470000,0.0,0.0
1998-06-18 00:00:00-04:00,6.1402090860013665,6.156088937503624,6.108449382996851,6.113742828369141,856800,0.0,0.0
1998-06-19 00:00:00-04:00,6.156087204492903,6.156087204492903,6.111094627645517,6.134914398193359,1101600,0.0,0.0
1998-06-22 00:00:00-04:00,6.124328577097163,6.179908051389013,6.119035616907643,6.161381721496582,1246800,0.0,0.0
1998-06-23 00:00:00-04:00,6.182554545727977,6.1984343943175055,6.169321177031863,6.19578742980957,397200,0.0,0.0
1998-06-24 00:00:00-04:00,6.153443023229999,6.351941185269676,6.153443023229999,6.3466477394104,1125600,0.0,0.0
1998-06-25 00:00:00-04:00,6.304303909110843,6.351943485250219,6.2672507439086065,6.285777568817139,729600,0.0,0.0
1998-06-26 00:00:00-04:00,6.296363364222383,6.306949774124598,6.18255788277554,6.261957168579102,1168800,0.0,0.0
1998-06-29 00:00:00-04:00,6.27254016755504,6.333413081774127,6.251366874649594,6.267246723175049,1353600,0.0,0.0
1998-06-30 00:00:00-04:00,6.267247978621024,6.27254142406139,5.970824241638184,5.970824241638184,3296400,0.0,0.0
1998-07-01 00:00:00-04:00,6.150797527083501,6.529267093539274,6.150797527083501,6.510740756988525,6985200,0.0,0.0
1998-07-02 00:00:00-04:00,6.5107384873545655,6.561024517385377,6.4578054925858535,6.537204742431641,1522800,0.0,0.0
1998-07-06 00:00:00-04:00,6.526620612493375,6.637779601027327,6.463101190473975,6.510740756988525,1722000,0.0,0.0
1998-07-07 00:00:00-04:00,6.510740029059834,6.510740029059834,6.43928068727747,6.460453987121582,1498800,0.0,0.0
1998-07-08 00:00:00-04:00,6.471037831211488,6.547790588702669,6.447218060053654,6.473684310913086,1654800,0.0,0.0
1998-07-09 00:00:00-04:00,6.463096881614011,6.497503050731479,6.43663063495553,6.478976726531982,1230000,0.0,0.0
1998-07-10 00:00:00-04:00,6.468392812717843,6.561024953958667,6.468392812717843,6.539852142333984,927600,0.0,0.0
1998-07-13 00:00:00-04:00,6.539850417406885,6.5663166672643944,6.489563912678812,6.526617050170898,1062000,0.0,0.0
1998-07-14 00:00:00-04:00,6.537204081900241,6.603370439829199,6.537204081900241,6.5504374504089355,1947600,0.0,0.0
1998-07-15 00:00:00-04:00,6.502800102195127,6.542499736518662,6.43663420652746,6.460453987121582,1293600,0.0,0.0
1998-07-16 00:00:00-04:00,6.460453741898816,6.478980075675027,6.394287364127984,6.410167217254639,1644000,0.0,0.0
1998-07-17 00:00:00-04:00,6.420753853274743,6.420753853274743,6.367820850089897,6.394287109375,2518800,0.0,0.0
1998-07-20 00:00:00-04:00,6.404874226351767,6.404874226351767,6.261955548872456,6.309595108032227,1112400,0.0,0.0
1998-07-21 00:00:00-04:00,6.320182147343282,6.38105508500752,6.293715884478907,6.299008846282959,1486800,0.0,0.0
1998-07-22 00:00:00-04:00,5.907303919220998,5.923183768466216,5.790851529884555,5.899363994598389,11860800,0.0,0.0
1998-07-23 00:00:00-04:00,5.902010378794423,5.949649925756749,5.732625484466553,5.732625484466553,8068800,0.0,0.0
1998-07-24 00:00:00-04:00,5.732624409641997,5.745857776188552,5.6902783151532415,5.70615816116333,2278800,0.0,0.0
1998-07-27 00:00:00-04:00,5.62146873113219,5.632055139709076,5.446790324232602,5.473256587982178,9286800,0.0,0.0
1998-07-28 00:00:00-04:00,5.473255447697175,5.5367748551544524,5.4679624868188155,5.4864888191223145,3477600,0.0,0.0
1998-07-29 00:00:00-04:00,5.491781134884468,5.4997210591832815,5.325042724609375,5.325042724609375,2246400,0.0,0.0
1998-07-30 00:00:00-04:00,5.327687651948666,5.420320236645363,5.310484810724041,5.3700337409973145,3308400,0.0,0.0
1998-07-31 00:00:00-04:00,5.380621396146837,5.4097341245121005,5.232409336360735,5.242995738983154,5492400,0.0,0.0
1998-08-03 00:00:00-04:00,5.232411056160009,5.277404130168985,5.153011798858643,5.153011798858643,4581600,0.0,0.0
1998-08-04 00:00:00-04:00,5.166244902609928,5.166244902609928,4.816888188562045,4.827474594116211,9070800,0.0,0.0
1998-08-05 00:00:00-04:00,4.848646592097207,5.0074450559801456,4.848646592097207,4.922752380371094,5358000,0.0,0.0
1998-08-06 00:00:00-04:00,4.93333887440313,4.988918337790881,4.928045915252033,4.986271858215332,1051200,0.0,0.0
1998-08-07 00:00:00-04:00,4.975687499957965,5.078906545808163,4.922754494394003,5.04449987411499,2251200,0.0,0.0
1998-08-10 00:00:00-04:00,5.033912405995386,5.084198435684282,5.010092631203609,5.052438735961914,1614000,0.0,0.0
1998-08-11 00:00:00-04:00,5.0259724616682515,5.028618941763383,4.853940593964486,4.880407333374023,4654800,0.0,0.0
1998-08-12 00:00:00-04:00,4.8909943281253945,4.938633883269473,4.8909943281253945,4.906874179840088,3309600,0.0,0.0
1998-08-13 00:00:00-04:00,4.9174607735100775,4.962453849954543,4.856588329360391,4.859234809875488,2481600,0.0,0.0
1998-08-14 00:00:00-04:00,4.875115074266076,4.890994927928181,4.822182067187502,4.830121994018555,1196400,0.0,0.0
1998-08-17 00:00:00-04:00,4.803652570933403,4.853938579559326,4.729546797492935,4.853938579559326,2140800,0.0,0.0
1998-08-18 00:00:00-04:00,4.864527702331543,4.869820662759829,4.827474556260648,4.864527702331543,1758000,0.0,0.0
1998-08-19 00:00:00-04:00,4.8671742243546925,4.8671742243546925,4.827474597728634,4.861880779266357,1185600,0.0,0.0
1998-08-20 00:00:00-04:00,4.864527477147208,4.867173957238843,4.721608829136932,4.742781639099121,3705600,0.0,0.0
1998-08-21 00:00:00-04:00,4.742782685587565,4.742782685587565,4.573397745442723,4.5998640060424805,5240400,0.0,0.0
1998-08-24 00:00:00-04:00,4.610450413770074,4.6713228552179675,4.610450413770074,4.634270191192627,1730400,0.0,0.0
1998-08-25 00:00:00-04:00,4.6342703707100235,4.713669631860883,4.6157435533650695,4.689849853515625,9154800,0.0,0.0
1998-08-26 00:00:00-04:00,4.647502298798394,4.684555441227637,4.56281009412374,4.586629867553711,2534400,0.0,0.0
1998-08-27 00:00:00-04:00,4.597218586420977,4.607804996181327,4.361667213488667,4.4913530349731445,7304400,0.0,0.0
1998-08-28 00:00:00-04:00,4.496645702565486,4.549578717124378,4.48341281238682,4.51252555847168,3565200,0.0,0.0
1998-08-31 00:00:00-04:00,4.512524236006856,4.5204641616330345,4.126114845275879,4.126114845275879,8412000,0.0,0.0
1998-09-01 00:00:00-04:00,4.115529032684221,4.404013395741574,4.022896865858593,4.353726863861084,7204800,0.0,0.0
1998-09-02 00:00:00-04:00,4.3616636018737704,4.53104892547087,4.343137278979927,4.449002742767334,3570000,0.0,0.0
1998-09-03 00:00:00-04:00,4.438419957177919,4.4728261518968555,4.2928547653203575,4.462239742279053,3967200,0.0,0.0
1998-09-04 00:00:00-04:00,4.454296114652053,4.478115879971048,4.324610887231203,4.382836818695068,2566800,0.0,0.0
1998-09-08 00:00:00-04:00,4.425185406866573,4.62368356334406,4.425185406866573,4.615743637084961,2197200,0.0,0.0
1998-09-09 00:00:00-04:00,4.592014368445473,4.592014368445473,4.462251724974012,4.488733768463135,2070000,0.005417,0.0
1998-09-10 00:00:00-04:00,4.449011236151725,4.449011236151725,4.253042722448557,4.266283988952637,2332800,0.0,0.0
1998-09-11 00:00:00-04:00,4.255692450216349,4.411937207859556,4.226561849767536,4.398696422576904,1878000,0.0,0.0
1998-09-14 00:00:00-04:00,4.523161043242149,4.67146157224973,4.491382393090791,4.576125621795654,2788800,0.0,0.0
1998-09-15 00:00:00-04:00,4.586717935755656,4.660868436118842,4.565532494140754,4.650275230407715,1976400,0.0,0.0
1998-09-16 00:00:00-04:00,4.639685181253332,4.745613905035423,4.62909245434631,4.7138352394104,2180400,0.0,0.0
1998-09-17 00:00:00-04:00,4.676757759781856,4.697943201396758,4.6184965830816855,4.650275230407715,2018400,0.0,0.0
1998-09-18 00:00:00-04:00,4.68205483735647,4.700592708698582,4.647628123998481,4.697944164276123,4066800,0.0,0.0
1998-09-21 00:00:00-04:00,4.618496491541978,4.745611078326654,4.602607168193894,4.740314960479736,3973200,0.0,0.0
1998-09-22 00:00:00-04:00,4.729723382564348,4.851541893422121,4.729723382564348,4.846245288848877,1653600,0.0,0.0
1998-09-23 00:00:00-04:00,4.846245249087762,4.97600793838501,4.846245249087762,4.97600793838501,5619600,0.0,0.0
1998-09-24 00:00:00-04:00,4.976005827587272,5.01837767604398,4.930986405344502,5.013081073760986,2594400,0.0,0.0
1998-09-25 00:00:00-04:00,4.973358029354469,4.976006088182834,4.79063081741333,4.79063081741333,5013600,0.0,0.0
1998-09-28 00:00:00-04:00,4.79327923967092,4.915097713470459,4.766797194668435,4.915097713470459,4825200,0.0,0.0
1998-09-29 00:00:00-04:00,4.8886136016670125,4.915096123003754,4.840945645145113,4.84889030456543,2176800,0.0,0.0
1998-09-30 00:00:00-04:00,4.840946817116657,4.856836139804024,4.766796806210158,4.7773895263671875,2175600,0.0,0.0
1998-10-01 00:00:00-04:00,4.7350187521946925,4.737666811338755,4.4066395372788465,4.47549295425415,5797200,0.0,0.0
1998-10-02 00:00:00-04:00,4.478141844222228,4.607904510764343,4.4384185294742595,4.5522918701171875,2847600,0.0,0.0
1998-10-05 00:00:00-04:00,4.536403275054433,4.536403275054433,4.29541528839368,4.3854546546936035,3567600,0.0,0.0
1998-10-06 00:00:00-04:00,4.406638839949704,4.504622831619043,4.380156313084973,4.417231559753418,3580800,0.0,0.0
1998-10-07 00:00:00-04:00,4.3960447117125305,4.3960447117125305,4.120630175446554,4.197428226470947,4020000,0.0,0.0
1998-10-08 00:00:00-04:00,4.107391465915186,4.11003952572862,3.9829248962225408,4.0650200843811035,5640000,0.0,0.0
1998-10-09 00:00:00-04:00,4.117985866840159,4.3616225008990686,4.096800409898707,4.345733165740967,3964800,0.0,0.0
1998-10-12 00:00:00-04:00,4.335137570206403,4.48608615437781,4.335137570206403,4.427824974060059,2198400,0.0,0.0
1998-10-13 00:00:00-04:00,4.406640899886903,4.586719645248167,4.396047690227636,4.557589530944824,2323200,0.0,0.0
1998-10-14 00:00:00-04:00,4.557587608135512,4.758852202999551,4.536401682659004,4.592014312744141,5155200,0.0,0.0
1998-10-15 00:00:00-04:00,4.581423414884518,4.618498193086674,4.44901217656638,4.599960803985596,7298400,0.0,0.0
1998-10-16 00:00:00-04:00,5.1057709869335595,5.423557552823536,5.0422136737555645,5.412964344024658,12969600,0.0,0.0
1998-10-19 00:00:00-04:00,5.40766937834159,5.582452026873745,5.365297503913,5.532135486602783,4263600,0.0,0.0
1998-10-20 00:00:00-04:00,5.534782767777141,5.8049013447276385,5.534782767777141,5.720158100128174,6075600,0.0,0.0
1998-10-21 00:00:00-04:00,5.720156395423381,5.95319964249126,5.616875793839347,5.812844276428223,7496400,0.0,0.0
1998-10-22 00:00:00-04:00,5.794307174042977,5.826085824878503,5.675137233409755,5.767825126647949,5569200,0.0,0.0
1998-10-23 00:00:00-04:00,5.757232296218879,5.762528414655881,5.680433729845141,5.714860439300537,3495600,0.0,0.0
1998-10-26 00:00:00-05:00,5.704268513798349,5.720157841134834,5.606284490191283,5.6354146003723145,2268000,0.0,0.0
1998-10-27 00:00:00-05:00,5.661896267679049,5.889642934643688,5.661896267679049,5.722805023193359,3087600,0.0,0.0
1998-10-28 00:00:00-05:00,5.728102573841932,5.921422563797932,5.728102573841932,5.865809917449951,2641200,0.0,0.0
1998-10-29 00:00:00-05:00,5.876404887292407,6.101503599781649,5.8631636154151785,6.064428329467773,2313600,0.0,0.0
1998-10-30 00:00:00-05:00,6.180948940959055,6.2392096519470215,6.1544668877652215,6.2392096519470215,3415200,0.0,0.0
1998-11-02 00:00:00-05:00,6.276282297105205,6.331894925054239,6.207428405629,6.228614330291748,3465600,0.0,0.0
1998-11-03 00:00:00-05:00,6.101500448893646,6.231263100625311,6.059129079633115,6.2047810554504395,4347600,0.0,0.0
1998-11-04 00:00:00-05:00,6.2074294090271,6.249801265201781,6.117390063237397,6.2074294090271,5667600,0.0,0.0
1998-11-05 00:00:00-05:00,6.175649169847796,6.202131694366778,6.0591278076171875,6.0591278076171875,3350400,0.0,0.0
1998-11-06 00:00:00-05:00,6.061778045323616,6.1120940841526155,5.932015374183692,6.09620475769043,2850000,0.0,0.0
1998-11-09 00:00:00-05:00,6.101500582601018,6.112093303922356,5.937310735149931,6.0458879470825195,1897200,0.0,0.0
1998-11-10 00:00:00-05:00,5.966443364800356,6.006166689466137,5.910830710268262,5.921423435211182,1893600,0.0,0.0
1998-11-11 00:00:00-05:00,5.926720040134574,5.979684634656905,5.902886045335106,5.921423435211182,1717200,0.0,0.0
1998-11-12 00:00:00-05:00,5.9002373503971555,5.953201454316121,5.826086829064503,5.937312126159668,1624800,0.0,0.0
1998-11-13 00:00:00-05:00,5.9479061799317945,5.977036295754823,5.8949415835839245,5.932016849517822,1393200,0.0,0.0
1998-11-16 00:00:00-05:00,5.93731295875035,6.0458902113465225,5.93731295875035,5.979684829711914,2108400,0.0,0.0
1998-11-17 00:00:00-05:00,6.011461206356889,6.122686476787875,5.947903908967755,5.984978675842285,3830400,0.0,0.0
1998-11-18 00:00:00-05:00,5.9849781214602125,6.006164046928728,5.9055315070828485,5.992922782897949,2467200,0.0,0.0
1998-11-19 00:00:00-05:00,6.0591283751599505,6.13857498635128,6.032645848160419,6.098851680755615,2317200,0.0,0.0
1998-11-20 00:00:00-05:00,6.109448496993506,6.175653889075732,6.093559164101455,6.149171829223633,1934400,0.0,0.0
1998-11-23 00:00:00-05:00,6.133279677639024,6.390156946371883,6.133279677639024,6.305414199829102,2085600,0.0,0.0
1998-11-24 00:00:00-05:00,6.2948205306241,6.403397742482733,6.265690425784337,6.400749683380127,2134800,0.0,0.0
1998-11-25 00:00:00-05:00,6.39280366897583,6.39280366897583,6.323949782738616,6.39280366897583,1329600,0.0,0.0
1998-11-27 00:00:00-05:00,6.403398115738578,6.413990837670154,6.371619465040124,6.395453453063965,747600,0.0,0.0
1998-11-30 00:00:00-05:00,6.36632282795564,6.3822121532208405,6.255097551099239,6.286876201629639,3370800,0.0,0.0
1998-12-01 00:00:00-05:00,6.23391301702067,6.387509688696348,6.165059102522843,6.368972301483154,3112800,0.0,0.0
1998-12-02 00:00:00-05:00,6.358378993876136,6.358378993876136,6.228616315602349,6.26833963394165,1256400,0.0,0.0
1998-12-03 00:00:00-05:00,6.257746027328599,6.3451373153387145,6.159761532654171,6.165058135986328,2064000,0.0,0.0
1998-12-04 00:00:00-05:00,6.175649761086695,6.276282297105205,6.167705099951119,6.228614330291748,2294400,0.0,0.0
1998-12-07 00:00:00-05:00,6.228615094101706,6.23920781528024,6.165057797223118,6.183595180511475,1305600,0.0,0.0
1998-12-08 00:00:00-05:00,6.173004303033746,6.173004303033746,6.040593066687985,6.048537731170654,1922400,0.0,0.0
1998-12-09 00:00:00-05:00,6.048644221235887,6.0936846596681935,5.99300623234147,6.059241771697998,2414400,0.005417,0.0
1998-12-10 00:00:00-05:00,6.0380459438192995,6.048643493005511,5.887028563573432,5.9108734130859375,2283600,0.0,0.0
1998-12-11 00:00:00-05:00,5.900276197093002,5.96121320489575,5.897626930710195,5.934719085693359,3010800,0.0,0.0
1998-12-14 00:00:00-05:00,5.892325236179781,5.934716389796782,5.892325236179781,5.913520812988281,2138400,0.0,0.0
1998-12-15 00:00:00-05:00,5.876429727564996,5.958562299208414,5.8711311962571,5.953263282775879,1890000,0.0,0.0
1998-12-16 00:00:00-05:00,6.0036022940457965,6.061890019945274,5.95591260110512,6.022148609161377,1525200,0.0,0.0
1998-12-17 00:00:00-05:00,6.104280202646867,6.398366618659802,6.1016309371837805,6.377171039581299,5106000,0.0,0.0
1998-12-18 00:00:00-05:00,6.353327589299603,6.475201589340915,6.316235924178083,6.44075870513916,4318800,0.0,0.0
1998-12-21 00:00:00-05:00,6.430159117699514,6.597073013214581,6.393066979210202,6.5281877517700195,3268800,0.0,0.0
1998-12-22 00:00:00-05:00,6.522889221360515,6.570578905793392,6.512291190292394,6.5281877517700195,2532000,0.0,0.0
1998-12-23 00:00:00-05:00,6.533485419361304,6.75073821969193,6.533485419361304,6.724244117736816,1459200,0.0,0.0
1998-12-24 00:00:00-05:00,6.766637091740477,6.803729235260854,6.697752306077148,6.7507405281066895,898800,0.0,0.0
1998-12-28 00:00:00-05:00,6.740142173823217,6.811676701611435,6.724245612092502,6.793130874633789,1177200,0.0,0.0
1998-12-29 00:00:00-05:00,6.718949261702729,6.946800231933594,6.718949261702729,6.946800231933594,1922400,0.0,0.0
1998-12-30 00:00:00-05:00,6.946797442409931,7.2912227831858365,6.909705303511149,7.209090709686279,1926000,0.0,0.0
1998-12-31 00:00:00-05:00,7.2488355319616,7.2594330830193625,7.079272289413452,7.17995023727417,1712400,0.0,0.0
1999-01-04 00:00:00-05:00,7.121661707054329,7.227638654082022,7.047477892647415,7.190546989440918,2662800,0.0,0.0
1999-01-05 00:00:00-05:00,7.185245867206611,7.243533098226501,7.1004640433484925,7.209090709686279,2355600,0.0,0.0
1999-01-06 00:00:00-05:00,7.2117431065842625,7.280628398702367,7.190548005259286,7.227639675140381,2026800,0.0,0.0
1999-01-07 00:00:00-05:00,7.190544743846855,7.203791554885421,7.005084538061397,7.071320533752441,5487600,0.0,0.0
1999-01-08 00:00:00-05:00,7.079269417054757,7.235585293513155,7.018332431666555,7.047476291656494,5419200,0.0,0.0
1999-01-11 00:00:00-05:00,7.047476245651329,7.2673783714707545,7.042177229744678,7.238234996795654,3471600,0.0,0.0
1999-01-12 00:00:00-05:00,7.227638407391229,7.386604065069369,7.164052144319973,7.2064433097839355,2520000,0.0,0.0
1999-01-13 00:00:00-05:00,7.126960360309532,7.201144170928754,7.031580967317098,7.132258892059326,2047200,0.0,0.0
1999-01-14 00:00:00-05:00,7.047476278784967,7.089866950863698,6.787832260131836,6.787832260131836,1857600,0.0,0.0
1999-01-15 00:00:00-05:00,6.793131319391796,6.9944876194558105,6.790481568846817,6.920303821563721,8443200,0.0,0.0
1999-01-19 00:00:00-05:00,6.99978705183943,7.058074290427545,6.795780989094089,6.883212089538574,1370400,0.0,0.0
1999-01-20 00:00:00-05:00,6.872613449449142,6.925601663332245,6.74544095993042,6.74544095993042,1008000,0.0,0.0
1999-01-21 00:00:00-05:00,6.575879657172587,6.7613399271328465,6.575879657172587,6.713650226593018,1772400,0.0,0.0
1999-01-22 00:00:00-05:00,6.703051138042713,6.703051138042713,6.446056842803956,6.446056842803955,2488800,0.0,0.0
1999-01-25 00:00:00-05:00,6.488446588327647,6.52818799349324,6.398366231660494,6.512291431427002,2115600,0.0,0.0
1999-01-26 00:00:00-05:00,5.203476590943861,5.510809905913992,5.203476590943861,5.280309677124023,27147600,0.0,0.0
1999-01-27 00:00:00-05:00,5.426028358547322,5.497562909970494,5.298855822683906,5.301505088806152,10473600,0.0,0.0
1999-01-28 00:00:00-05:00,5.404832405958347,5.441924554766291,5.296205710600953,5.309453010559082,8558400,0.0,0.0
1999-01-29 00:00:00-05:00,5.341245469879882,5.341245469879882,5.253814368438396,5.296205043792725,3804000,0.0,0.0
1999-02-01 00:00:00-05:00,5.296204742957107,5.298854493539424,5.17433125503319,5.211423397064209,5530800,0.0,0.0
1999-02-02 00:00:00-05:00,5.2061253480877,5.214073631061879,5.049808954553935,5.179631233215332,3631200,0.0,0.0
1999-02-03 00:00:00-05:00,5.184927421032626,5.184927421032626,4.959726333618164,4.959726333618164,3928800,0.0,0.0
1999-02-04 00:00:00-05:00,5.002120381013121,5.033913520055842,4.959729690664428,4.994172096252441,4376400,0.0,0.0
1999-02-05 00:00:00-05:00,5.004767868262589,5.108095523400557,4.893491931960162,4.970324993133545,6354000,0.0,0.0
1999-02-08 00:00:00-05:00,5.023315447910576,5.023315447910576,4.949131626210865,4.991522312164307,4000800,0.0,0.0
1999-02-09 00:00:00-05:00,4.99152120849896,5.092199611142928,4.927934951065851,5.078952312469482,3807600,0.0,0.0
1999-02-10 00:00:00-05:00,5.081601440789028,5.184929106324686,5.049808312931903,5.134590148925781,3346800,0.0,0.0
1999-02-11 00:00:00-05:00,5.166382022913014,5.357140743759032,5.166382022913014,5.275008678436279,3627600,0.0,0.0
1999-02-12 00:00:00-05:00,5.277658516659669,5.298854094097414,5.192876692033252,5.216721534729004,2371200,0.0,0.0
1999-02-16 00:00:00-05:00,5.25911609285567,5.373041364416565,5.25911609285567,5.354495525360107,2323200,0.0,0.0
1999-02-17 00:00:00-05:00,5.341245231927459,5.457820190364238,5.341245231927459,5.410130500793457,2403600,0.0,0.0
1999-02-18 00:00:00-05:00,5.431327261090845,5.669775782091781,5.39423559235165,5.426028728485107,3891600,0.0,0.0
1999-02-19 00:00:00-05:00,5.423378673296676,5.502861509178526,5.3677406881793805,5.40483283996582,4106400,0.0,0.0
1999-02-22 00:00:00-05:00,5.415429771159501,5.5637978762339655,5.415429771159501,5.558498859405518,1683600,0.0,0.0
1999-02-23 00:00:00-05:00,5.547900929199964,5.648579331266152,5.521406817129764,5.630033016204834,1195200,0.0,0.0
1999-02-24 00:00:00-05:00,5.648581273360502,5.669776376254102,5.447224399997635,5.465770721435547,1966800,0.0,0.0
1999-02-25 00:00:00-05:00,5.449872378991443,5.449872378991443,5.2882569825296635,5.343894958496094,2014800,0.0,0.0
1999-02-26 00:00:00-05:00,5.4021832390341835,5.468418769789485,5.309453107877,5.44722318649292,1632000,0.0,0.0
1999-03-01 00:00:00-05:00,5.410132481236323,5.553201602320806,5.383637876137486,5.4816670417785645,3872400,0.0,0.0
1999-03-02 00:00:00-05:00,5.489611627523006,5.553197860717773,5.479013598574239,5.553197860717773,3088800,0.0,0.0
1999-03-03 00:00:00-05:00,5.542602818445039,5.595591536368895,5.500212135180789,5.529356002807617,2913600,0.0,0.0
1999-03-04 00:00:00-05:00,5.5293538140775595,5.616784897224751,5.5293538140775595,5.606186866760254,1712400,0.0,0.0
1999-03-05 00:00:00-05:00,5.664476321355864,5.807545410514411,5.664476321355864,5.757205963134766,1910400,0.0,0.0
1999-03-08 00:00:00-05:00,5.7439595267223105,5.791649226247335,5.712166393705628,5.783700942993164,3450000,0.0,0.0
1999-03-09 00:00:00-05:00,5.754558513865743,5.765156065810993,5.69892051718472,5.717466354370117,1725600,0.0,0.0
1999-03-10 00:00:00-05:00,5.722872420941594,5.91637372970581,5.709618733775231,5.9163737297058105,6188400,0.005417,0.0
1999-03-11 00:00:00-05:00,5.932279680890985,5.937581254367035,5.767935756720807,5.847456932067871,1767600,0.0,0.0
1999-03-12 00:00:00-05:00,5.889865571423006,5.911070883888976,5.8050428654836566,5.852755546569824,2989200,0.0,0.0
1999-03-15 00:00:00-05:00,5.8633574555414265,5.90576904578516,5.8633574555414265,5.881912708282471,2893200,0.0,0.0
1999-03-16 00:00:00-05:00,5.892518148917486,6.064814163011235,5.88986760528359,5.926977157592773,4286400,0.0,0.0
1999-03-17 00:00:00-05:00,5.92697501849657,6.064811974168491,5.92697501849657,6.022400379180908,2642400,0.0,0.0
1999-03-18 00:00:00-05:00,6.001198482557888,6.1019249859241285,5.993246364641672,6.09662389755249,2029200,0.0,0.0
1999-03-19 00:00:00-05:00,6.086017328709316,6.101921555600854,5.834200726498944,5.937578201293945,3916800,0.0,0.0
1999-03-22 00:00:00-05:00,5.969388118631982,6.01710081100464,5.956134431186708,6.017100811004639,744000,0.0,0.0
1999-03-23 00:00:00-05:00,6.006498697893265,6.017101843812908,5.900470636207658,5.9057722091674805,3036000,0.0,0.0
1999-03-24 00:00:00-05:00,5.905771547745872,5.985292706443714,5.895168403013737,5.929627895355225,1435200,0.0,0.0
1999-03-25 00:00:00-05:00,5.934927832230946,6.117826461791993,5.934927832230946,6.117826461791992,1442400,0.0,0.0
1999-03-26 00:00:00-05:00,6.1231307954869605,6.1549392671518275,6.064815425887623,6.09662389755249,1330800,0.0,0.0
1999-03-29 00:00:00-05:00,6.107224803205989,6.303377150511833,6.101923231000333,6.290123462677002,1654800,0.0,0.0
1999-03-30 00:00:00-05:00,6.292772796248106,6.292772796248106,6.144333656614931,6.15493631362915,2408400,0.0,0.0
1999-03-31 00:00:00-05:00,6.154935125654935,6.229154681146284,6.080715570163587,6.086016654968262,2307600,0.0,0.0
1999-04-01 00:00:00-05:00,6.080717671627589,6.189396257341804,6.080717671627589,6.101922988891602,2452800,0.0,0.0
1999-04-05 00:00:00-04:00,6.101921230782467,6.234456609609642,6.101921230782467,6.189394474029541,2587200,0.0,0.0
1999-04-06 00:00:00-04:00,6.149634119903912,6.1602372612032825,6.059510331010131,6.06746244430542,1563600,0.0,0.0
1999-04-07 00:00:00-04:00,6.067461519812545,6.123126304397981,6.067461519812545,6.107222080230713,2432400,0.0,0.0
1999-04-08 00:00:00-04:00,6.064813291357099,6.064813291357099,5.831550924339672,5.961435794830322,5212800,0.0,0.0
1999-04-09 00:00:00-04:00,5.961435976458069,5.964086519791776,5.916373827633441,5.924325942993164,2088000,0.0,0.0
1999-04-12 00:00:00-04:00,5.924324517098167,5.9879414246643226,5.895166606010851,5.937578201293945,2229600,0.0,0.0
1999-04-13 00:00:00-04:00,5.9587830994511215,5.9587830994511215,5.863357744733799,5.8792619705200195,1411200,0.0,0.0
1999-04-14 00:00:00-04:00,5.876612501131643,6.062161674067706,5.876612501131643,5.940229415893555,4352400,0.0,0.0
1999-04-15 00:00:00-04:00,5.950833880570551,5.985293376771357,5.9057722091674805,5.9057722091674805,1738800,0.0,0.0
1999-04-16 00:00:00-04:00,5.905772590285563,5.905772590285563,5.807696153672476,5.831552505493164,2024400,0.0,0.0
1999-04-19 00:00:00-04:00,5.831552880923405,5.937581441636081,5.807696527566866,5.810347557067871,3573600,0.0,0.0
1999-04-20 00:00:00-04:00,5.810346596145859,5.826250829086624,5.402137627093765,5.770586013793945,14539200,0.0,0.0
1999-04-21 00:00:00-04:00,5.767934127904892,5.7891399304620155,5.677810316414669,5.765283584594727,4675200,0.0,0.0
1999-04-22 00:00:00-04:00,5.767935943857943,5.791792297236067,5.7202232371016954,5.783840179443359,3738000,0.0,0.0
1999-04-23 00:00:00-04:00,5.767934624830053,5.958785408210738,5.752030392881662,5.858058929443359,2368800,0.0,0.0
1999-04-26 00:00:00-04:00,5.895169350396333,5.905772496832446,5.826251325355163,5.86336088180542,1700400,0.0,0.0
1999-04-27 00:00:00-04:00,5.884563942736655,6.258313274234793,5.884563942736655,6.253011703491211,3708000,0.0,0.0
1999-04-28 00:00:00-04:00,6.234458052806365,6.242410167669639,6.096621556962483,6.2026495933532715,1981200,0.0,0.0
1999-04-29 00:00:00-04:00,6.207950553642692,6.340485464738499,6.128429412841797,6.128429412841797,2098800,0.0,0.0
1999-04-30 00:00:00-04:00,6.128428245556261,6.221202568580838,6.086016654968262,6.086016654968262,1857600,0.0,0.0
1999-05-03 00:00:00-04:00,6.086019375797621,6.361692896429099,6.086019375797621,6.321932315826416,1886400,0.0,0.0
1999-05-04 00:00:00-04:00,6.3219333509194495,6.337837585764531,6.046259785151814,6.144336223602295,2133600,0.0,0.0
1999-05-05 00:00:00-04:00,6.154937241089907,6.332534320971675,5.990593363133347,6.075416088104248,2954400,0.0,0.0
1999-05-06 00:00:00-04:00,6.022400361162627,6.0754146120592525,5.924324458094428,5.995893478393555,3187200,0.0,0.0
1999-05-07 00:00:00-04:00,5.990593641700309,6.1443348681940595,5.979990982595391,6.072765827178955,2001600,0.0,0.0
1999-05-10 00:00:00-04:00,6.056861360774738,6.06481347613446,5.8925174815542745,5.924325942993164,2853600,0.0,0.0
1999-05-11 00:00:00-04:00,5.929626761657603,6.022401105494941,5.911071504603301,5.9534831047058105,3930000,0.0,0.0
1999-05-12 00:00:00-04:00,5.921676359979783,5.990594380701434,5.889867893382503,5.950833797454834,3596400,0.0,0.0
1999-05-13 00:00:00-04:00,5.979989269551808,6.022400379180907,5.94553027331307,6.022400379180908,2125200,0.0,0.0
1999-05-14 00:00:00-04:00,5.985295017213464,5.998548225207407,5.908424372341544,5.948184967041016,2300400,0.0,0.0
1999-05-17 00:00:00-04:00,5.942879597683452,6.001195422909822,5.9402290548489844,5.9746880531311035,1506000,0.0,0.0
1999-05-18 00:00:00-04:00,5.964087195260614,5.979991427781309,5.8527575676157495,5.926977157592773,2876400,0.0,0.0
1999-05-19 00:00:00-04:00,5.93227773920363,6.107224267705613,5.929627196012519,6.091320037841797,1592400,0.0,0.0
1999-05-20 00:00:00-04:00,6.070113447745698,6.107223474393637,6.017099678658375,6.040956020355225,1790400,0.0,0.0
1999-05-21 00:00:00-04:00,6.0224004211431605,6.0224004211431605,5.926975059793929,5.937578201293945,2350800,0.0,0.0
1999-05-24 00:00:00-04:00,5.9587863815724065,5.972040072147256,5.828901961230278,5.897820472717285,1302000,0.0,0.0
1999-05-25 00:00:00-04:00,5.887215500273431,5.926976074308052,5.839502811431885,5.839502811431885,1820400,0.0,0.0
1999-05-26 00:00:00-04:00,5.895167418336825,6.0648128521285605,5.852756302568167,6.0542097091674805,3819600,0.0,0.0
1999-05-27 00:00:00-04:00,6.001197698789769,6.003848242629421,5.810346893726051,5.820949554443359,1934400,0.0,0.0
1999-05-28 00:00:00-04:00,5.831550361109272,5.958784190699718,5.831550361109272,5.9534831047058105,1106400,0.0,0.0
1999-06-01 00:00:00-04:00,5.937579545517458,5.956134319305419,5.805044129630115,5.95613431930542,1363200,0.0,0.0
1999-06-02 00:00:00-04:00,5.945528796847656,5.974686215132604,5.879260878145438,5.942877769470215,1828800,0.0,0.0
1999-06-03 00:00:00-04:00,5.94022886528194,6.014448430505098,5.94022886528194,5.985291004180908,1017600,0.0,0.0
1999-06-04 00:00:00-04:00,5.995895580111621,6.0860194014040045,5.979991347803633,6.02505350112915,1610400,0.0,0.0
1999-06-07 00:00:00-04:00,6.025054473357586,6.242412188187643,6.025054473357586,6.237110614776611,1472400,0.0,0.0
1999-06-08 00:00:00-04:00,6.194696044497335,6.202648157519797,6.168189162875285,6.189394474029541,1101600,0.0,0.0
1999-06-09 00:00:00-04:00,6.189501179657178,6.247842502782837,6.176241589393486,6.1974568367004395,1165200,0.005417,0.0
1999-06-10 00:00:00-04:00,6.194808268658596,6.239890024486269,6.075473352217666,6.176244735717773,2601600,0.0,0.0
1999-06-11 00:00:00-04:00,6.170940151469685,6.170940151469685,5.972048660614139,6.01447868347168,2046000,0.0,0.0
1999-06-14 00:00:00-04:00,6.019782499023122,6.237237029520549,6.019782499023122,6.128509521484375,993600,0.0,0.0
1999-06-15 00:00:00-04:00,6.1311614737697155,6.250496360896019,6.10994622086674,6.147072792053223,1147200,0.0,0.0
1999-06-16 00:00:00-04:00,6.194807868816734,6.2849718602274915,6.194807868816734,6.239889621734619,1176000,0.0,0.0
1999-06-17 00:00:00-04:00,6.237236648610072,6.430824188855745,6.234584924138177,6.367178916931152,2265600,0.0,0.0
1999-06-18 00:00:00-04:00,6.391048209944181,6.425523068446548,6.385744759078483,6.406959533691406,1969200,0.0,0.0
1999-06-21 00:00:00-04:00,6.417563190988548,6.454689264961234,6.335354415246001,6.364525318145752,1180800,0.0,0.0
1999-06-22 00:00:00-04:00,6.3433114498731635,6.359222766624998,6.28497011697472,6.332704067230225,1143600,0.0,0.0
1999-06-23 00:00:00-04:00,6.322096899112296,6.33270428211517,6.160331516262959,6.210717678070068,1896000,0.0,0.0
1999-06-24 00:00:00-04:00,6.189504218749211,6.237238184446506,6.147074188876619,6.149725914001465,1767600,0.0,0.0
1999-06-25 00:00:00-04:00,6.149722520954742,6.157678177514839,6.1046403052559475,6.1178998947143555,1804800,0.0,0.0
1999-06-28 00:00:00-04:00,6.1603285651503565,6.202759047985221,6.10729118996873,6.10994291305542,1182000,0.0,0.0
1999-06-29 00:00:00-04:00,6.109945354736649,6.109945354736649,6.027737050450464,6.070167064666748,1209600,0.0,0.0
1999-06-30 00:00:00-04:00,6.067515194857115,6.173590470638682,6.0118255900961985,6.152375221252441,3514800,0.0,0.0
1999-07-01 00:00:00-04:00,6.14972595023034,6.14972595023034,6.009175777435303,6.009175777435303,2506800,0.0,0.0
1999-07-02 00:00:00-04:00,5.982654548472816,6.067515058536373,5.982654548472816,6.019781112670898,2157600,0.0,0.0
1999-07-06 00:00:00-04:00,6.0250868426088235,6.109947384811761,6.019783392553946,6.06221342086792,1908000,0.0,0.0
1999-07-07 00:00:00-04:00,6.0250868426088235,6.064865145895358,6.0250868426088235,6.06221342086792,1206000,0.0,0.0
1999-07-08 00:00:00-04:00,6.0569070323467695,6.064862689782241,5.958787419167563,5.995913982391357,1732800,0.0,0.0
1999-07-09 00:00:00-04:00,6.006523207571685,6.046301506959577,5.993263612584073,6.035694122314453,972000,0.0,0.0
1999-07-12 00:00:00-04:00,6.035693537517999,6.0913831512652985,5.98265564828132,6.043649196624756,1128000,0.0,0.0
1999-07-13 00:00:00-04:00,6.038344231954062,6.038344231954062,5.916357641651644,5.94287633895874,1555200,0.0,0.0
1999-07-14 00:00:00-04:00,5.961440998256804,6.01182716807761,5.8659730793225755,5.9296183586120605,2091600,0.0,0.0
1999-07-15 00:00:00-04:00,5.932266098651701,6.088726968619185,5.932266098651701,6.017126083374023,2980800,0.0,0.0
1999-07-16 00:00:00-04:00,6.025086700633113,6.0728206634521475,5.972049287884173,6.072820663452148,2496000,0.0,0.0
1999-07-19 00:00:00-04:00,6.072821394697477,6.109947976552235,6.011828314134351,6.054258346557617,1512000,0.0,0.0
1999-07-20 00:00:00-04:00,6.056907697396108,6.056907697396108,5.932269374271624,5.982655048370361,1725600,0.0,0.0
1999-07-21 00:00:00-04:00,5.60078605416776,5.762551019820877,5.55835601864606,5.680342674255371,20259600,0.0,0.0
1999-07-22 00:00:00-04:00,5.680339156662876,5.680339156662876,5.558352576594666,5.621997833251953,6240000,0.0,0.0
1999-07-23 00:00:00-04:00,5.6007843769897,5.709511887075555,5.571613463167902,5.595480442047119,2320800,0.0,0.0
1999-07-26 00:00:00-04:00,5.598133162873826,5.63260752920745,5.5106208990019585,5.59282922744751,5964000,0.0,0.0
1999-07-27 00:00:00-04:00,5.600782627106666,5.69094657951054,5.537137369980453,5.5477447509765625,10605600,0.0,0.0
1999-07-28 00:00:00-04:00,5.5477467928845705,5.555702452953513,5.473494127432755,5.502665042877197,1978800,0.0,0.0
1999-07-29 00:00:00-04:00,5.396588760446658,5.457582310616025,5.3594626738869655,5.399240970611572,3788400,0.0,0.0
1999-07-30 00:00:00-04:00,5.391285978628704,5.505316948162966,5.380678107805769,5.420456409454346,4298400,0.0,0.0
1999-08-02 00:00:00-04:00,5.409848463116498,5.470842014509942,5.3886332092459694,5.391285419464111,1131600,0.0,0.0
1999-08-03 00:00:00-04:00,5.391285407646303,5.391285407646303,5.269298305126814,5.322336196899414,2284800,0.0,0.0
1999-08-04 00:00:00-04:00,5.311729799158463,5.340900232311635,5.248084511442435,5.250736236572266,4008000,0.0,0.0
1999-08-05 00:00:00-04:00,5.240128082355864,5.250735466895319,5.171178868912056,5.237475872039795,3067200,0.0,0.0
1999-08-06 00:00:00-04:00,5.2109550880396975,5.218910744662659,5.134050245492823,5.179132461547852,3464400,0.0,0.0
1999-08-09 00:00:00-04:00,5.179136954661491,5.237478325318491,5.179136954661491,5.232174873352051,1982400,0.0,0.0
1999-08-10 00:00:00-04:00,5.2295208691433785,5.240128740590272,5.136705150220562,5.189742565155029,3036000,0.0,0.0
1999-08-11 00:00:00-04:00,5.19769624157894,5.2162597667363295,5.176481477934514,5.19504451751709,1597200,0.0,0.0
1999-08-12 00:00:00-04:00,5.205653105624049,5.213608765227945,5.163223082928248,5.176482677459717,1688400,0.0,0.0
1999-08-13 00:00:00-04:00,5.203000947563779,5.237475307784142,5.200349223108331,5.2083048820495605,2526000,0.0,0.0
1999-08-16 00:00:00-04:00,5.197696644222821,5.208304512441596,5.123443994565661,5.200348854064941,1262400,0.0,0.0
1999-08-17 00:00:00-04:00,5.20830488204956,5.20830488204956,5.144659610519728,5.2083048820495605,1224000,0.0,0.0
1999-08-18 00:00:00-04:00,5.176482275427507,5.176482275427507,5.128748321511398,5.171178340911865,1624800,0.0,0.0
1999-08-19 00:00:00-04:00,5.165875835440462,5.165875835440462,5.067756175994873,5.067756175994873,2280000,0.0,0.0
1999-08-20 00:00:00-04:00,5.057147014514594,5.142007047004109,5.022672171089303,5.128747940063477,1252800,0.0,0.0
1999-08-23 00:00:00-04:00,5.139356229718751,5.237475872039796,5.139356229718751,5.237475872039795,1820400,0.0,0.0
1999-08-24 00:00:00-04:00,5.261342765538664,5.269298425207108,5.160571400121674,5.173830509185791,1676400,0.0,0.0
1999-08-25 00:00:00-04:00,5.189740869254168,5.290512701619486,5.179133486848549,5.279905319213867,1737600,0.0,0.0
1999-08-26 00:00:00-04:00,5.200348263899596,5.205651711832266,5.083665125758914,5.102228164672852,1512000,0.0,0.0
1999-08-27 00:00:00-04:00,5.11283674356652,5.131399785065057,5.049191474914551,5.049191474914551,1004400,0.0,0.0
1999-08-30 00:00:00-04:00,4.306662325719375,4.439256775988279,4.2271057526729905,4.3597002029418945,28549200,0.0,0.0
1999-08-31 00:00:00-04:00,4.349094685961385,4.391524714582107,4.272189803859767,4.327879428863525,13180800,0.0,0.0
1999-09-01 00:00:00-04:00,4.290751119274958,4.304010710308543,4.258928489254192,4.280143737792969,3798000,0.0,0.0
1999-09-02 00:00:00-04:00,4.269536543283376,4.269536543283376,4.19528341293335,4.19528341293335,5880000,0.0,0.0
1999-09-03 00:00:00-04:00,4.243017906054996,4.298707518196359,4.243017906054996,4.296055793762207,6736800,0.0,0.0
1999-09-07 00:00:00-04:00,4.319922643060182,4.319922643060182,4.224454739346145,4.235062122344971,2576400,0.0,0.0
1999-09-08 00:00:00-04:00,4.232514665961958,4.232514665961958,4.203324748798218,4.211285591125488,4008000,0.005417,0.0
1999-09-09 00:00:00-04:00,4.205978239019482,4.208632177080101,4.139638047655424,4.150252342224121,3835200,0.0,0.0
1999-09-10 00:00:00-04:00,4.16086821601216,4.213940188692328,4.102488365816033,4.152907371520996,3872400,0.0,0.0
1999-09-13 00:00:00-04:00,4.1237173056244805,4.158214135277883,4.078605693084361,4.09718132019043,4418400,0.0,0.0
1999-09-14 00:00:00-04:00,4.086563557842841,4.136982525066499,4.030837688936389,4.121060848236084,3642000,0.0,0.0
1999-09-15 00:00:00-04:00,4.110447061853583,4.190055465155403,4.086564540863037,4.086564540863037,3649200,0.0,0.0
1999-09-16 00:00:00-04:00,4.075953306416749,4.083914152718344,3.9910374505692343,4.028188228607178,1813200,0.0,0.0
1999-09-17 00:00:00-04:00,4.0547232573045155,4.187404159427613,4.044108960055565,4.107795715332031,1831200,0.0,0.0
1999-09-20 00:00:00-04:00,3.9910369286356855,4.091874463899218,3.9910369286356855,4.062684535980225,2988000,0.0,0.0
1999-09-21 00:00:00-04:00,4.052069232078582,4.089219996039144,3.9538856601936905,3.9910359382629395,2700000,0.0,0.0
1999-09-22 00:00:00-04:00,4.001651534283713,4.012265832193436,3.927349991241411,3.9485790729522705,3393600,0.0,0.0
1999-09-23 00:00:00-04:00,3.916735507030877,3.9724614187162754,3.8955064263297854,3.9008138179779053,3440400,0.0,0.0
1999-09-24 00:00:00-04:00,3.831817446482831,3.831817446482831,3.555841986976414,3.5876853466033936,19563600,0.0,0.0
1999-09-27 00:00:00-04:00,3.587687792713351,3.648720616350251,3.500118494033813,3.5001184940338135,11341200,0.0,0.0
1999-09-28 00:00:00-04:00,3.500117693997251,3.5850330342282066,3.481542068535026,3.5691113471984863,8827200,0.0,0.0
1999-09-29 00:00:00-04:00,3.558497521419069,3.608916041712514,3.529307596043184,3.5558440685272217,4288800,0.0,0.0
1999-09-30 00:00:00-04:00,3.5558438789201063,3.5558438789201063,3.460313749210832,3.4682745933532715,6888000,0.0,0.0
1999-10-01 00:00:00-04:00,3.4788885077944514,3.4895028035203657,3.4178552141149883,3.43908429145813,5359200,0.0,0.0
1999-10-04 00:00:00-04:00,3.441737941435433,3.6062622070312496,3.441737941435433,3.60626220703125,5313600,0.0,0.0
1999-10-05 00:00:00-04:00,3.5903407996949688,3.730982545091011,3.5319614364604695,3.651374101638794,8469600,0.0,0.0
1999-10-06 00:00:00-04:00,3.648720545972965,3.7097538543240813,3.6354527945989967,3.6805639266967773,3724800,0.0,0.0
1999-10-07 00:00:00-04:00,3.6885242431977527,3.7628257781645513,3.6885242431977527,3.7415966987609863,3208800,0.0,0.0
1999-10-08 00:00:00-04:00,3.7389423389674543,3.7999751378725253,3.680562506243592,3.74690318107605,2756400,0.0,0.0
1999-10-11 00:00:00-04:00,3.7389435429621667,3.741596995889069,3.577072710701778,3.6407594680786133,4819200,0.0,0.0
1999-10-12 00:00:00-04:00,3.643411857870223,3.643411857870223,3.5770711898803706,3.577071189880371,4099200,0.0,0.0
1999-10-13 00:00:00-04:00,3.579725743051995,3.6062617232756957,3.5505358246820315,3.566457509994507,3753600,0.0,0.0
1999-10-14 00:00:00-04:00,3.566459460029343,3.6221853890923015,3.5399234652965434,3.5717668533325195,4890000,0.0,0.0
1999-10-15 00:00:00-04:00,3.539920941818179,3.577071210782741,3.516038417816162,3.516038417816162,5594400,0.0,0.0
1999-10-18 00:00:00-04:00,3.4523512590576106,3.5452274058437054,3.44969732168123,3.4948089122772217,4467600,0.0,0.0
1999-10-19 00:00:00-04:00,3.494811665460326,3.5983026714990145,3.494811665460326,3.5240015983581543,4558800,0.0,0.0
1999-10-20 00:00:00-04:00,3.5558437425350853,3.6938315404143682,3.529307272483854,3.6248373985290527,10045200,0.0,0.0
1999-10-21 00:00:00-04:00,3.6248367118033027,3.6248367118033027,3.5319605418934366,3.5638039112091064,3014400,0.0,0.0
1999-10-22 00:00:00-04:00,3.5903402356849368,3.685870352820678,3.5478825678105967,3.614222764968872,8610000,0.0,0.0
1999-10-25 00:00:00-04:00,3.6115687900507822,3.6381047678966416,3.6062614001251174,3.608914852142334,1753200,0.0,0.0
1999-10-26 00:00:00-04:00,3.6115692127017853,3.6487194888553263,3.603608369827271,3.6036083698272705,2932800,0.0,0.0
1999-10-27 00:00:00-04:00,3.5611504099946254,3.611569408189836,3.5611504099946254,3.5850329399108887,3427200,0.0,0.0
1999-10-28 00:00:00-04:00,3.624837307337169,3.8265123367309575,3.5983013238448645,3.826512336730957,12297600,0.0,0.0
1999-10-29 00:00:00-04:00,3.8742777327708553,4.044108916376688,3.8424343554765508,3.9300036430358887,7224000,0.0,0.0
1999-11-01 00:00:00-05:00,3.9326559024128485,3.9485775862282853,3.9008125347819753,3.916734218597412,3776400,0.0,0.0
1999-11-02 00:00:00-05:00,3.9167355486292763,3.9724614609065223,3.879584778480648,3.94592547416687,2713200,0.0,0.0
1999-11-03 00:00:00-05:00,3.93796357797577,3.953885262946169,3.9008128177477506,3.922041893005371,2967600,0.0,0.0
1999-11-04 00:00:00-05:00,3.9326570979066537,4.022879838323985,3.9326570979066537,3.9565396308898926,2068800,0.0,0.0
1999-11-05 00:00:00-05:00,4.033494141955157,4.113102575770776,4.0016507684289095,4.036147594451904,2497200,0.0,0.0
1999-11-08 00:00:00-05:00,4.0626839100927805,4.123717209651146,4.044108769310391,4.113102912902832,2256000,0.0,0.0
1999-11-09 00:00:00-05:00,4.139638124920835,4.144945515249874,3.9724604314144165,4.054722309112549,2586000,0.0,0.0
1999-11-10 00:00:00-05:00,4.028185247918968,4.0414534772341915,3.853046758879012,3.863661050796509,3666000,0.0,0.0
1999-11-11 00:00:00-05:00,3.868970444798469,3.884892133871714,3.7681329187041226,3.8212053775787354,3540000,0.0,0.0
1999-11-12 00:00:00-05:00,3.8212041403331383,3.8530475081692477,3.7681316986425446,3.842433214187622,3530400,0.0,0.0
1999-11-15 00:00:00-05:00,3.821204378181824,3.839779515278676,3.7814001659090968,3.815896987915039,1672800,0.0,0.0
1999-11-16 00:00:00-05:00,3.8212049929894403,3.861009211666414,3.7840542269271515,3.818551540374756,4371600,0.0,0.0
1999-11-17 00:00:00-05:00,3.8185508660936547,3.8185508660936547,3.5054240771992795,3.5372674465179443,10308000,0.0,0.0
1999-11-18 00:00:00-05:00,3.5372675916245435,3.598300880619458,3.4496983224059283,3.566457509994507,9375600,0.0,0.0
1999-11-19 00:00:00-05:00,3.5664572811872968,3.696484207600169,3.534613912605267,3.6195297241210938,4453200,0.0,0.0
1999-11-22 00:00:00-05:00,3.608915364623917,3.608915364623917,3.5027709522762813,3.534614324569702,4160400,0.0,0.0
1999-11-23 00:00:00-05:00,3.5240000277046892,3.5531894617012143,3.518692637027457,3.547882556915283,2620800,0.0,0.0
1999-11-24 00:00:00-05:00,3.534615328519515,3.5399227207063304,3.476235958030303,3.5001184940338135,4620000,0.0,0.0
1999-11-26 00:00:00-05:00,3.5001176817519197,3.5001176817519197,3.468274307803885,3.4762351512908936,1248000,0.0,0.0
1999-11-29 00:00:00-05:00,3.4788888485228586,3.481542301241393,3.3807052672407676,3.4098947048187256,4008000,0.0,0.0
1999-11-30 00:00:00-05:00,3.4178551616511017,3.4284699431053927,3.3700901027807073,3.420509099960327,3482400,0.0,0.0
1999-12-01 00:00:00-05:00,3.4231619722702926,3.447044497658225,3.380704311322154,3.3833577632904053,1726800,0.0,0.0
1999-12-02 00:00:00-05:00,3.399279686637864,3.417854823508198,3.335592947778138,3.3700897693634033,2862000,0.0,0.0
1999-12-03 00:00:00-05:00,3.375397725347337,3.4178553964067944,3.3382469594882247,3.3409008979797363,3706800,0.0,0.0
1999-12-06 00:00:00-05:00,3.3064014638932275,3.3196696901661205,3.2506755937945155,3.266597270965576,4754400,0.0,0.0
1999-12-07 00:00:00-05:00,3.2453703823288325,3.2506772868892355,3.1869905450341562,3.19229793548584,3078000,0.0,0.0
1999-12-08 00:00:00-05:00,3.1764691619533396,3.2083400883732334,3.0542969531359176,3.0596089363098145,5031600,0.005417,0.0
1999-12-09 00:00:00-05:00,3.0702330272949285,3.210996475764049,3.0542975609139655,3.18178129196167,4453200,0.0,0.0
1999-12-10 00:00:00-05:00,3.2189637709743586,3.29864109203808,3.1924048260570426,3.253490447998047,5676000,0.0,0.0
1999-12-13 00:00:00-05:00,3.2614583919131244,3.373006648646607,3.2614583919131244,3.3491034507751465,5167200,0.0,0.0
1999-12-14 00:00:00-05:00,3.3570704054495524,3.3836298322487517,3.314576003407204,3.3730058670043945,6978000,0.0,0.0
1999-12-15 00:00:00-05:00,3.330512643705617,3.3544158444977623,3.2534910568269706,3.288018226623535,7538400,0.0,0.0
1999-12-16 00:00:00-05:00,3.288016062996973,3.2959837913513184,3.2561451495795923,3.2959837913513184,3817200,0.0,0.0
1999-12-17 00:00:00-05:00,3.3198875145791353,3.333166739781287,3.2720811367034917,3.272081136703491,5259600,0.0,0.0
1999-12-20 00:00:00-05:00,2.9852444148548885,3.0702332508676387,2.910878575453888,3.019771099090576,11121600,0.0,0.0
1999-12-21 00:00:00-05:00,2.998522348535877,3.064920425415039,2.9161892973272474,3.064920425415039,9990000,0.0,0.0
1999-12-22 00:00:00-05:00,3.038360782875133,3.0755436838161656,2.985242908744093,3.056952476501465,5046000,0.0,0.0
1999-12-23 00:00:00-05:00,3.046329669861806,3.1711576454813417,3.046329669861806,3.07023286819458,5932800,0.0,0.0
1999-12-27 00:00:00-05:00,3.0808556981072526,3.1286620771142015,3.027737337106764,3.046328544616699,2667600,0.0,0.0
1999-12-28 00:00:00-05:00,3.0383611961645043,3.0914795638325363,3.0197699863209566,3.0808560848236084,4371600,0.0,0.0
1999-12-29 00:00:00-05:00,3.0596098430416125,3.088825029688507,3.027738907176596,3.075545310974121,2245200,0.0,0.0
1999-12-30 00:00:00-05:00,3.0649213857226365,3.2375552725504733,3.0649213857226365,3.1499102115631104,4113600,0.0,0.0
1999-12-31 00:00:00-05:00,3.1605333274242673,3.176468788762017,3.107414960861206,3.107414960861206,1470000,0.0,0.0
2000-01-03 00:00:00-05:00,3.0861672965155216,3.1021027567149333,3.0038342475891113,3.0038342475891113,4741200,0.0,0.0
2000-01-04 00:00:00-05:00,3.003834776261903,3.003834776261903,2.841824397824723,2.894942283630371,7713600,0.0,0.0
2000-01-05 00:00:00-05:00,2.8843193195199452,2.9719643817153027,2.852448387812543,2.963996648788452,5454000,0.0,0.0
2000-01-06 00:00:00-05:00,2.9480607336580436,2.9958671239335795,2.932125270232865,2.9533727169036865,3638400,0.0,0.0
2000-01-07 00:00:00-05:00,2.9746190751196395,3.006489995518463,2.953372119061525,3.0038342475891113,4105200,0.0,0.0
2000-01-10 00:00:00-05:00,2.9958659329982615,3.0011779141322528,2.9400918331818047,2.945403814315796,1917600,0.0,0.0
2000-01-11 00:00:00-05:00,2.9454062230678106,2.9639974427733358,2.9241587674672425,2.937438488006592,2103600,0.0,0.0
2000-01-12 00:00:00-05:00,2.93478008349247,2.971962981739637,2.932124335871814,2.9507155418395996,2419200,0.0,0.0
2000-01-13 00:00:00-05:00,2.950717435441643,3.0383625125964633,2.9427497011548414,3.033051013946533,1876800,0.0,0.0
2000-01-14 00:00:00-05:00,3.0330499613387287,3.0330499613387287,2.9639961260473333,2.9825873374938965,2889600,0.0,0.0
2000-01-18 00:00:00-05:00,2.9613402021479542,2.971963681443312,2.9400927572455284,2.958683967590332,1951200,0.0,0.0
2000-01-19 00:00:00-05:00,2.9533723170673336,2.9746192745499282,2.9002539507374774,2.92415714263916,2683200,0.0,0.0
2000-01-20 00:00:00-05:00,2.916189911100063,2.926813391659529,2.820577127129569,2.8258891105651855,2652000,0.0,0.0
2000-01-21 00:00:00-05:00,2.900253082610448,2.905565063546914,2.775425177940035,2.783392906188965,3535200,0.0,0.0
2000-01-24 00:00:00-05:00,2.780738767770992,2.8338571489345497,2.762147553204066,2.8019862174987793,19816800,0.0,0.0
2000-01-25 00:00:00-05:00,2.812609698164296,2.812609698164296,2.7169969038924218,2.7196526527404785,11198400,0.0,0.0
2000-01-26 00:00:00-05:00,2.5709226492368833,2.7674597878882503,2.5337397238892425,2.714341878890991,14461200,0.0,0.0
2000-01-27 00:00:00-05:00,2.724964079649552,2.791361677771024,2.714340600117398,2.7488672733306885,9237600,0.0,0.0
2000-01-28 00:00:00-05:00,2.740899839552441,2.740899839552441,2.6027926453998473,2.639975070953369,4725600,0.0,0.0
2000-01-31 00:00:00-05:00,2.639974101673351,2.6452860832214355,2.586856231438883,2.6452860832214355,2851200,0.0,0.0
2000-02-01 00:00:00-05:00,2.639975795748766,2.639975795748766,2.5656104379132216,2.634664297103882,4153200,0.0,0.0
2000-02-02 00:00:00-05:00,2.5921685522672795,2.634663445563165,2.5735773403951727,2.597480535507202,3580800,0.0,0.0
2000-02-03 00:00:00-05:00,2.5974808853363323,2.5974808853363323,2.541706755896595,2.5576422214508057,3156000,0.0,0.0
2000-02-04 00:00:00-05:00,2.557641979014811,2.61607185173781,2.5310830343792237,2.560297727584839,4255200,0.0,0.0
2000-02-07 00:00:00-05:00,2.6027926225759006,2.6027926225759006,2.554986230444783,2.560297727584839,5518800,0.0,0.0
2000-02-08 00:00:00-05:00,2.5071796872824232,2.5576418249437554,2.5071796872824232,2.5284266471862793,5648400,0.0,0.0
2000-02-09 00:00:00-05:00,2.5390501171794804,2.5443616129614153,2.422189915302245,2.435469627380371,5962800,0.0,0.0
2000-02-10 00:00:00-05:00,2.4275020569788053,2.44343751799549,2.366415960977623,2.37172794342041,3300000,0.0,0.0
2000-02-11 00:00:00-05:00,2.377039890199639,2.377039890199639,2.2787713574038615,2.2947068214416504,6866400,0.0,0.0
2000-02-14 00:00:00-05:00,2.2947070444230553,2.2947070444230553,2.199094250905428,2.215029716491699,4455600,0.0,0.0
2000-02-15 00:00:00-05:00,2.2575234752537594,2.385007163010427,2.252211979138348,2.3770394325256348,13818000,0.0,0.0
2000-02-16 00:00:00-05:00,2.411566951544366,2.432813911824996,2.318609919803428,2.419534683227539,5648400,0.0,0.0
2000-02-17 00:00:00-05:00,2.4168785999601874,2.4620292444323444,2.4168785999601874,2.4514057636260986,4906800,0.0,0.0
2000-02-18 00:00:00-05:00,2.4434375107733493,2.451405241258141,2.3239215535014734,2.3770394325256348,4041600,0.0,0.0
2000-02-22 00:00:00-05:00,2.3903195049519876,2.4195346832275395,2.361104326676436,2.419534683227539,4443600,0.0,0.0
2000-02-23 00:00:00-05:00,2.408910950003797,2.424846414912999,2.3743842714711243,2.4221906661987305,3500400,0.0,0.0
2000-02-24 00:00:00-05:00,2.4115671208750227,2.4115671208750227,2.3318897984486653,2.3584487438201904,4477200,0.0,0.0
2000-02-25 00:00:00-05:00,2.3584486119116295,2.3796960588075446,2.315954204431555,2.3186099529266357,4540800,0.0,0.0
2000-02-28 00:00:00-05:00,2.3265774419119114,2.4540611373591394,2.3239216936939955,2.411566734313965,4214400,0.0,0.0
2000-02-29 00:00:00-05:00,2.4965557210187557,2.533738630318113,2.4779645095249467,2.5284266471862793,6756000,0.0,0.0
2000-03-01 00:00:00-05:00,2.528425735660843,2.528425735660843,2.416877534288871,2.507178783416748,6758400,0.0,0.0
2000-03-02 00:00:00-05:00,2.480620181575908,2.488587912872524,2.35313648083005,2.3743839263916016,10429200,0.0,0.0
2000-03-03 00:00:00-05:00,2.379695734783817,2.379695734783817,2.3265773679326007,2.347824811935425,6093600,0.0,0.0
2000-03-06 00:00:00-05:00,2.3478248088413625,2.3478248088413625,2.2522120404221893,2.257523536682129,8588400,0.0,0.0
2000-03-07 00:00:00-05:00,2.2469008661085557,2.289395283032659,2.2044064491844524,2.2229976654052734,8590800,0.0,0.0
2000-03-08 00:00:00-05:00,2.2231034140774804,2.2231034140774804,2.095461122109715,2.164600372314453,8647200,0.005417,0.0
2000-03-09 00:00:00-05:00,2.169918877079372,2.169918877079372,2.1220530194967386,2.1326897144317627,6560400,0.0,0.0
2000-03-10 00:00:00-05:00,2.132690751997237,2.1433279390239925,2.098121111452581,2.1167354583740234,5686800,0.0,0.0
2000-03-13 00:00:00-05:00,1.9146350403889272,2.2044893494755162,1.9146350403889272,2.095461845397949,10048800,0.0,0.0
2000-03-14 00:00:00-05:00,2.0928021163493757,2.286925142792631,2.090143063561395,2.220444440841675,7387200,0.0,0.0
2000-03-15 00:00:00-05:00,2.220444584519346,2.4677516042255996,2.220444584519346,2.454455852508545,9010800,0.0,0.0
2000-03-16 00:00:00-05:00,2.4624323080544306,2.7203759018370564,2.4517951275221876,2.7097392082214355,9216000,0.0,0.0
2000-03-17 00:00:00-05:00,2.70974027343362,2.7389913141044597,2.635281928104467,2.672511100769043,7846800,0.0,0.0
2000-03-20 00:00:00-05:00,2.675170461815767,2.685807647755528,2.531572833880822,2.5581653118133545,5259600,0.0,0.0
2000-03-21 00:00:00-05:00,2.560824885853569,2.824087257296459,2.560824885853569,2.810791015625,9146400,0.0,0.0
2000-03-22 00:00:00-05:00,2.9570469275752407,2.999594200741161,2.717717603048021,2.8081307411193848,13424400,0.0,0.0
2000-03-23 00:00:00-05:00,2.7602662757802277,2.9331154823303223,2.733674277432907,2.9331154823303223,9283200,0.0,0.0
2000-03-24 00:00:00-05:00,2.922477450452557,3.020868741098424,2.879930167986448,2.943751335144043,6386400,0.0,0.0
2000-03-27 00:00:00-05:00,2.935775284780119,2.935775284780119,2.7948366350710163,2.8586578369140625,3916800,0.0,0.0
2000-03-28 00:00:00-05:00,2.8373819410376333,2.9942752667968753,2.82408570666678,2.96502423286438,6697200,0.0,0.0
2000-03-29 00:00:00-05:00,2.967684600257698,3.1272375357554236,2.967684600257698,3.1006455421447754,10038000,0.0,0.0
2000-03-30 00:00:00-05:00,3.1033032773121567,3.648442079744369,3.1033032773121567,3.3240182399749756,23793600,0.0,0.0
2000-03-31 00:00:00-05:00,3.3373147934236553,3.3373147934236553,3.2149910609375945,3.236264944076538,9597600,0.0,0.0
2000-04-03 00:00:00-04:00,3.2362656120664552,3.36656701676022,3.1697848961289408,3.3293378353118896,8550000,0.0,0.0
2000-04-04 00:00:00-04:00,3.339974719639574,3.4383655275738785,3.180421794926169,3.347952365875244,7314000,0.0,0.0
2000-04-05 00:00:00-04:00,3.3532708884792846,3.3692261829318695,3.2681763093434615,3.292109251022339,3886800,0.0,0.0
2000-04-06 00:00:00-04:00,3.3027443342539184,3.3160405687585772,3.2442417788834916,3.2734928131103516,4780800,0.0,0.0
2000-04-07 00:00:00-04:00,3.28413117149877,3.3346561016422687,3.220310002089349,3.2229690551757812,5738400,0.0,0.0
2000-04-10 00:00:00-04:00,3.1910574165972068,3.2628562084706436,3.12989532047352,3.2123312950134277,6147600,0.0,0.0
2000-04-11 00:00:00-04:00,3.2149918003035296,3.2469023888921504,3.175103564567754,3.238924741744995,3429600,0.0,0.0
2000-04-12 00:00:00-04:00,3.2389247738747406,3.350611835042835,3.2389247738747406,3.292109251022339,4269600,0.0,0.0
2000-04-13 00:00:00-04:00,3.2921079574719885,3.2921079574719885,3.2336049095218367,3.257537841796875,2378400,0.0,0.0
2000-04-14 00:00:00-04:00,3.1990357088123904,3.1990357088123904,2.9756616443566624,2.9889578819274902,8137200,0.0,0.0
2000-04-17 00:00:00-04:00,2.9357754269161735,2.9756636799992737,2.9251387217330644,2.951730728149414,5700000,0.0,0.0
2000-04-18 00:00:00-04:00,2.954386485236782,3.148509424852885,2.9198168667879973,3.071392059326172,5850000,0.0,0.0
2000-04-19 00:00:00-04:00,2.9995946922169487,3.002253745064011,2.6592149903689877,2.685807466506958,36076800,0.0,0.0
2000-04-20 00:00:00-04:00,2.6751710991171502,2.7655847665598614,2.5528473270038763,2.6219871044158936,19060800,0.0,0.0
2000-04-24 00:00:00-04:00,2.6352817237684416,2.7496282856159358,2.5953935014767056,2.7469687461853027,8235600,0.0,0.0
2000-04-25 00:00:00-04:00,2.7522883701720033,3.020869329953378,2.725696374311743,2.9783215522766113,6864000,0.0,0.0
2000-04-26 00:00:00-04:00,2.9676836241375315,2.9836389124393463,2.757605823802557,2.8081307411193848,7042800,0.0,0.0
2000-04-27 00:00:00-04:00,2.8187681753555167,2.8187681753555167,2.6831481892982354,2.71239972114563,4107600,0.0,0.0
2000-04-28 00:00:00-04:00,2.7203773529959956,2.83472345283976,2.6485785372277726,2.784198522567749,4963200,0.0,0.0
2000-05-01 00:00:00-04:00,2.773561813911582,2.8666340279448237,2.773561813911582,2.832064390182495,4394400,0.0,0.0
2000-05-02 00:00:00-04:00,2.8081313330201914,2.8134499258807737,2.728354874695754,2.770902156829834,3687600,0.0,0.0
2000-05-03 00:00:00-04:00,2.7629243711252114,2.7841982545736976,2.725695683736405,2.78153920173645,6237600,0.0,0.0
2000-05-04 00:00:00-04:00,2.7788812801203404,2.858657780859844,2.754948329898489,2.853339672088623,3067200,0.0,0.0
2000-05-05 00:00:00-04:00,2.792175562527039,2.874611059686531,2.781538865546814,2.866633415222168,4548000,0.0,0.0
2000-05-08 00:00:00-04:00,2.850679067216146,2.919818837700492,2.8400423667250685,2.8905673027038574,3468000,0.0,0.0
2000-05-09 00:00:00-04:00,2.9543874444487432,2.9543874444487432,2.887907237565441,2.9091811180114746,3908400,0.0,0.0
2000-05-10 00:00:00-04:00,2.909181916519878,2.941092502489321,2.8666341439493532,2.8932266235351562,2118000,0.0,0.0
2000-05-11 00:00:00-04:00,2.9118404625227003,3.0474604292703327,2.9118404625227003,3.0102312564849854,3136800,0.0,0.0
2000-05-12 00:00:00-04:00,3.01023083701338,3.1139402088980437,3.01023083701338,3.111281156539917,4742400,0.0,0.0
2000-05-15 00:00:00-04:00,3.3452930078344747,3.507505481395309,3.3319972546629977,3.4888906478881836,18696000,0.0,0.0
2000-05-16 00:00:00-04:00,3.5287778618753056,3.7388561547685435,3.5181411650273735,3.675034999847412,24030000,0.0,0.0
2000-05-17 00:00:00-04:00,3.584622566259102,3.5872821065443996,3.4782541016043678,3.5048460960388184,10666800,0.0,0.0
2000-05-18 00:00:00-04:00,3.5048440957233704,3.6271682715251643,3.43038626165198,3.5660061836242676,8161200,0.0,0.0
2000-05-19 00:00:00-04:00,3.576644349187512,3.6271697635521836,3.488890245931547,3.520800828933716,4742400,0.0,0.0
2000-05-22 00:00:00-04:00,3.531437431475825,3.749492883682251,3.5181411951146226,3.749492883682251,7575600,0.0,0.0
2000-05-23 00:00:00-04:00,3.7016269013421566,4.004777380331385,3.667057272184059,3.9755258560180664,12770400,0.0,0.0
2000-05-24 00:00:00-04:00,4.018073779681778,4.254743575485206,3.9781855571399896,4.206877708435059,15290400,0.0,0.0
2000-05-25 00:00:00-04:00,4.084554005182159,4.103168346806433,3.8611799580237602,3.898409128189087,11043600,0.0,0.0
2000-05-26 00:00:00-04:00,3.898409502492758,3.9994593517745214,3.8718170268570704,3.935638189315796,5140800,0.0,0.0
2000-05-30 00:00:00-04:00,3.988823708456492,4.042008186874898,3.9250025291211883,3.9702093601226807,5665200,0.0,0.0
2000-05-31 00:00:00-04:00,3.8638390112744117,3.9967999159605974,3.8638390112744117,3.994140863418579,4129200,0.0,0.0
2000-06-01 00:00:00-04:00,3.98350431853102,4.159012526631967,3.9143650460115835,4.15635347366333,5689200,0.0,0.0
2000-06-02 00:00:00-04:00,4.071257687483394,4.084553923759556,3.8744761173301168,3.9622302055358887,9448800,0.0,0.0
2000-06-05 00:00:00-04:00,3.90904763257651,3.911706686347424,3.7175840750625584,3.7361984252929688,8041200,0.0,0.0
2000-06-06 00:00:00-04:00,3.7494944375857973,3.7494944375857973,3.6218520737530895,3.6378073692321777,6291600,0.0,0.0
2000-06-07 00:00:00-04:00,3.635252154584205,3.7842816945775724,3.619284721273751,3.7150893211364746,9849600,0.005417,0.0
2000-06-08 00:00:00-04:00,3.7310555142594435,3.7310555142594435,3.5474300922255577,3.574042797088623,3820800,0.0,0.0
2000-06-09 00:00:00-04:00,3.5820278464224535,3.595333716527006,3.4755779618615534,3.5208191871643066,2846400,0.0,0.0
2000-06-12 00:00:00-04:00,3.5208179361416736,3.7044433613826224,3.5208179361416736,3.68581485748291,5476800,0.0,0.0
2000-06-13 00:00:00-04:00,3.661863401270657,3.7337168223816475,3.597993693616443,3.73105525970459,3666000,0.0,0.0
2000-06-14 00:00:00-04:00,3.7363781858202274,3.7470229754875026,3.5926713325194495,3.6299288272857666,3747600,0.0,0.0
2000-06-15 00:00:00-04:00,3.648558658807456,3.661865016199422,3.448965734365035,3.5208191871643066,5962800,0.0,0.0
2000-06-16 00:00:00-04:00,3.520819121445454,3.520819121445454,3.4143697261589288,3.4981985092163086,4737600,0.0,0.0
2000-06-19 00:00:00-04:00,3.1721973743795755,3.6512204923540503,3.1535688599986282,3.5554158687591553,28207200,0.0,0.0
2000-06-20 00:00:00-04:00,3.502189207746505,3.590010057667079,3.326547507905357,3.3371922969818115,12484800,0.0,0.0
2000-06-21 00:00:00-04:00,3.3371929498902295,3.472916108139354,3.310580728348915,3.395740032196045,9534000,0.0,0.0
2000-06-22 00:00:00-04:00,3.406383062950441,3.406383062950441,3.289288488316022,3.3983993530273438,4543200,0.0,0.0
2000-06-23 00:00:00-04:00,3.3797719421873973,3.435657937618063,3.289290016776341,3.3159022331237793,3906000,0.0,0.0
2000-06-26 00:00:00-04:00,3.3159019552555495,3.350498369624015,3.260015964508056,3.2600159645080566,3882000,0.0,0.0
2000-06-27 00:00:00-04:00,3.2839683464338356,3.387756654250412,3.2839683464338356,3.329209566116333,3633600,0.0,0.0
2000-06-28 00:00:00-04:00,3.3531607140740043,3.419691518193974,3.321225850130442,3.329209566116333,2320800,0.0,0.0
2000-06-29 00:00:00-04:00,3.3105802237254536,3.3105802237254536,3.2280815211340306,3.2334041595458984,3579600,0.0,0.0
2000-06-30 00:00:00-04:00,3.212114480715079,3.23074347376052,3.1296162554577878,3.1509063243865967,3591600,0.0,0.0
2000-07-03 00:00:00-04:00,3.1402613924462752,3.228082266438553,3.13493924009285,3.225421190261841,1544400,0.0,0.0
2000-07-05 00:00:00-04:00,3.230743612831806,3.350499342047722,3.214776182269684,3.3238866329193115,3156000,0.0,0.0
2000-07-06 00:00:00-04:00,3.3345313365852682,3.3504987643944757,3.307918632045105,3.326547622680664,3184800,0.0,0.0
2000-07-07 00:00:00-04:00,3.3318708727242807,3.3877568884896334,3.3265487198906,3.3717894554138184,1057200,0.0,0.0
2000-07-10 00:00:00-04:00,3.3744509145273245,3.3957404997769522,3.294613751622793,3.2972748279571533,2202000,0.0,0.0
2000-07-11 00:00:00-04:00,3.289290636742124,3.289290636742124,3.2280819915904764,3.254694700241089,2931600,0.0,0.0
2000-07-12 00:00:00-04:00,3.2653394052918663,3.350499193612845,3.2600167662445276,3.2999353408813477,4237200,0.0,0.0
2000-07-13 00:00:00-04:00,3.2839671891949527,3.2972735402448556,3.2786450386047363,3.2786450386047363,2188800,0.0,0.0
2000-07-14 00:00:00-04:00,3.283967816580229,3.3611438877542716,3.283967816580229,3.3451764583587646,2295600,0.0,0.0
2000-07-17 00:00:00-04:00,3.3371928234294836,3.339853899296584,3.190824879567812,3.2400577068328857,2586000,0.0,0.0
2000-07-18 00:00:00-04:00,3.228081084945409,3.310579776389346,3.177517732370247,3.289289712905884,3915600,0.0,0.0
2000-07-19 00:00:00-04:00,3.2892899501633743,3.3318695929144164,3.2653388097495637,3.310580015182495,2421600,0.0,0.0
2000-07-20 00:00:00-04:00,3.2892896005740533,3.390416789557968,3.2892896005740533,3.3212244510650635,3878400,0.0,0.0
2000-07-21 00:00:00-04:00,3.193485453015282,3.214775518464454,2.6505929260026844,2.682527780532837,36952800,0.0,0.0
2000-07-24 00:00:00-04:00,2.6825285152513154,2.807606892181235,2.6585773677937143,2.7384145259857178,13428000,0.0,0.0
2000-07-25 00:00:00-04:00,2.714463414555107,2.7171244907677115,2.6505936871538105,2.6878511905670166,9718800,0.0,0.0
2000-07-26 00:00:00-04:00,2.709139788153245,2.890104112310786,2.709139788153245,2.852846622467041,8844000,0.0,0.0
2000-07-27 00:00:00-04:00,2.8927667412715445,3.087037520564194,2.8927667412715445,3.0604248046875,6210000,0.0,0.0
2000-07-28 00:00:00-04:00,3.0391342369162073,3.0391342369162073,2.9539744506836234,2.983248233795166,3400800,0.0,0.0
2000-07-31 00:00:00-04:00,2.9805859012488796,3.0657456654972988,2.8528464985198254,2.8634917736053467,4652400,0.0,0.0
2000-08-01 00:00:00-04:00,2.842204174574978,2.9193802930553625,2.7996244991828214,2.860832691192627,4628400,0.0,0.0
2000-08-02 00:00:00-04:00,2.900749683380127,2.924700828895983,2.8794601011131236,2.900749683380127,2503200,0.0,0.0
2000-08-03 00:00:00-04:00,2.8741377024537917,3.0125219479206002,2.8714766262695233,2.999216079711914,4312800,0.0,0.0
2000-08-04 00:00:00-04:00,3.0417936495751703,3.1801778001627103,3.0417936495751703,3.118969678878784,4596000,0.0,0.0
2000-08-07 00:00:00-04:00,3.1296171503451613,3.1296171503451613,3.04046572260007,3.068408489227295,2536800,0.0,0.0
2000-08-08 00:00:00-04:00,3.0790515671352345,3.1083248511378283,3.0790515671352345,3.105663776397705,2343600,0.0,0.0
2000-08-09 00:00:00-04:00,3.1056655214455637,3.1056655214455637,2.9805871417859904,3.0258283615112305,3412800,0.0,0.0
2000-08-10 00:00:00-04:00,3.025826873361629,3.0657454336962155,3.0071983743011934,3.0205042362213135,1372800,0.0,0.0
2000-08-11 00:00:00-04:00,3.0338111625710114,3.1721953689609714,3.0258274489852983,3.145583152770996,3066000,0.0,0.0
2000-08-14 00:00:00-04:00,3.2254201596281584,3.342514783297847,3.1642115288233144,3.2919509410858154,5550000,0.0,0.0
2000-08-15 00:00:00-04:00,3.2467116969005043,3.268001283743684,3.1775193214416504,3.1775193214416504,4717200,0.0,0.0
2000-08-16 00:00:00-04:00,3.188163335902902,3.2174371197691034,3.060423896904625,3.1509063243865967,3622800,0.0,0.0
2000-08-17 00:00:00-04:00,3.1509072021995372,3.190825788007439,3.0657473900468712,3.1322782039642334,3464400,0.0,0.0
2000-08-18 00:00:00-04:00,3.1296171722016806,3.1322782488645453,3.0471189227785693,3.0817148685455322,2908800,0.0,0.0
2000-08-21 00:00:00-04:00,3.092358934157684,3.214776228416061,3.092358934157684,3.1881635189056396,2582400,0.0,0.0
2000-08-22 00:00:00-04:00,3.1881646470126843,3.19082621127789,3.156229774130128,3.182842493057251,1626000,0.0,0.0
2000-08-23 00:00:00-04:00,3.18550181388855,3.23606517231485,3.174857024558597,3.18550181388855,2067600,0.0,0.0
2000-08-24 00:00:00-04:00,3.1881642019990966,3.1881642019990966,3.1349397461490596,3.174858331680298,1434000,0.0,0.0
2000-08-25 00:00:00-04:00,3.1775168885134275,3.209451731614065,3.1242919875833532,3.142920970916748,1425600,0.0,0.0
2000-08-28 00:00:00-04:00,3.134938627733837,3.1801793503376254,3.1189711992178535,3.1588897705078125,2515200,0.0,0.0
2000-08-29 00:00:00-04:00,3.1642130289500607,3.1748583098768983,3.1322781607443835,3.1615519523620605,2080800,0.0,0.0
2000-08-30 00:00:00-04:00,3.1509051244962665,3.2573544540289627,3.1509051244962665,3.2227585315704346,6416400,0.0,0.0
2000-08-31 00:00:00-04:00,3.2334043418980807,3.2653391995958394,3.185502055351442,3.228081703186035,4286400,0.0,0.0
2000-09-01 00:00:00-04:00,3.2360664161915067,3.2360664161915067,3.1642129641991072,3.1775193214416504,2262000,0.0,0.0
2000-09-05 00:00:00-04:00,3.161551115512848,3.2413882648944856,3.1482447615201457,3.193485975265503,3822000,0.0,0.0
2000-09-06 00:00:00-04:00,3.1884782016277318,3.191141763526113,3.127212376024805,3.132539987564087,5833200,0.005833,0.0
2000-09-07 00:00:00-04:00,3.1325386017944026,3.13520216251448,2.9993522741713554,3.108565092086792,4768800,0.0,0.0
2000-09-08 00:00:00-04:00,3.1192211361137745,3.2124516534805303,3.105902839163173,3.196469306945801,5530800,0.0,0.0
2000-09-11 00:00:00-04:00,3.1938064884240243,3.257735889441735,3.1938064884240243,3.2390894889831543,3861600,0.0,0.0
2000-09-12 00:00:00-04:00,3.263062151852849,3.2737173743677643,3.223106286778151,3.231097459793091,2755200,0.0,0.0
2000-09-13 00:00:00-04:00,3.196471028842937,3.3056839515759946,3.1724974961266152,3.1858162879943848,3879600,0.0,0.0
2000-09-14 00:00:00-04:00,3.1858140907218364,3.2577346392668263,3.135203009176702,3.236424684524536,3243600,0.0,0.0
2000-09-15 00:00:00-04:00,3.239088618514222,3.2976908788601684,3.2310974455345467,3.257735013961792,6520800,0.0,0.0
2000-09-18 00:00:00-04:00,3.236425806964122,3.244416981796132,3.0792658726870537,3.095248222351074,3006000,0.0,0.0
2000-09-19 00:00:00-04:00,3.084593302041442,3.191142130895521,3.079265689888836,3.1804873943328857,1777200,0.0,0.0
2000-09-20 00:00:00-04:00,3.1778213303813,3.1778213303813,3.08991848164918,3.1218831539154053,3506400,0.0,0.0
2000-09-21 00:00:00-04:00,3.1245487593397305,3.1618410639757735,3.095247628001232,3.1565134525299072,2328000,0.0,0.0
2000-09-22 00:00:00-04:00,3.1645039937939528,3.3003539127194506,3.1591763834121482,3.2950263023376465,2788800,0.0,0.0
2000-09-25 00:00:00-04:00,3.2950264892575793,3.342973522186513,3.1831500790900673,3.319000005722046,3780000,0.0,0.0
2000-09-26 00:00:00-04:00,3.3243289543600643,3.4921436371522794,3.3243289543600643,3.396249532699585,5414400,0.0,0.0
2000-09-27 00:00:00-04:00,3.398911849810553,3.4308765395822585,3.3909206773676264,3.4202218055725098,4758000,0.0,0.0
2000-09-28 00:00:00-04:00,3.4362054790228673,3.532099585414203,3.414895515021688,3.524108409881592,5304000,0.0,0.0
2000-09-29 00:00:00-04:00,3.516115184935816,3.6386463091027914,3.4868140624805632,3.48947811126709,5128800,0.0,0.0
2000-10-02 00:00:00-04:00,3.5001329416495426,3.654628753662109,3.3909201073734447,3.6546287536621094,6876000,0.0,0.0
2000-10-03 00:00:00-04:00,3.6226647828899994,3.6253288322762587,3.5107883654563414,3.6013553142547607,6656400,0.0,0.0
2000-10-04 00:00:00-04:00,3.601354077340086,3.63598231778585,3.580044128281452,3.6253275871276855,3585600,0.0,0.0
2000-10-05 00:00:00-04:00,3.64397424953591,3.7052400610489684,3.6413106882500927,3.6812665462493896,3709200,0.0,0.0
2000-10-06 00:00:00-04:00,3.6732759747994153,3.6945854440523687,3.548080770032746,3.580045461654663,2355600,0.0,0.0
2000-10-09 00:00:00-04:00,3.537427669269457,3.550745971768374,3.420223583274173,3.468170642852783,3314400,0.0,0.0
2000-10-10 00:00:00-04:00,3.489478756548425,3.4948058796218544,3.374938294332891,3.390920639038086,4178400,0.0,0.0
2000-10-11 00:00:00-04:00,3.380265239361702,3.4122299224762336,3.3216634828991802,3.3669464588165283,6462000,0.0,0.0
2000-10-12 00:00:00-04:00,3.2603979282991595,3.2630614895159913,2.967388147979058,3.047299861907959,12654000,0.0,0.0
2000-10-13 00:00:00-04:00,3.0473005394084836,3.1538498401641846,3.0473005394084836,3.1538498401641846,7431600,0.0,0.0
2000-10-16 00:00:00-04:00,3.15385030905501,3.1831509565379004,3.092584476399062,3.1804873943328857,3252000,0.0,0.0
2000-10-17 00:00:00-04:00,3.1698320095996606,3.209787873217545,3.0899202823638916,3.0899202823638916,3260400,0.0,0.0
2000-10-18 00:00:00-04:00,3.0686086967033765,3.2204408978423458,3.0046793488553893,3.025989294052124,5728800,0.0,0.0
2000-10-19 00:00:00-04:00,3.7079034830284954,3.7079034830284954,3.4122301449421713,3.659956455230713,42860400,0.0,0.0
2000-10-20 00:00:00-04:00,3.6226663199167555,3.894366306104079,3.5640645246925398,3.7451980113983154,16022400,0.0,0.0
2000-10-23 00:00:00-04:00,3.7292139081921643,3.881046182120626,3.697249218944067,3.7132315635681152,8985600,0.0,0.0
2000-10-24 00:00:00-04:00,3.7185587949270236,3.939648064580303,3.7185587949270236,3.8810462951660156,11955600,0.0,0.0
2000-10-25 00:00:00-04:00,3.857073883444155,4.032879729837095,3.8490827086081123,3.944976806640625,8824800,0.0,0.0
2000-10-26 00:00:00-04:00,3.9343217049707433,4.0488622063712985,3.774498203242174,3.8144540786743164,9880800,0.0,0.0
2000-10-27 00:00:00-04:00,3.8197806318600973,3.8757188419500985,3.782488329219268,3.8357629776000977,5766000,0.0,0.0
2000-10-30 00:00:00-05:00,3.867728096855778,4.128773268728543,3.8570733610981787,4.104799747467041,7286400,0.0,0.0
2000-10-31 00:00:00-05:00,4.120781177777943,4.2273299748660955,3.9449753943241546,4.187374114990234,10009200,0.0,0.0
2000-11-01 00:00:00-05:00,4.0701710255830355,4.099472158759303,3.9849321635580512,4.051525115966797,10951200,0.0,0.0
2000-11-02 00:00:00-05:00,4.048861378957687,4.080826072771188,4.014232635498047,4.014232635498047,6208800,0.0,0.0
2000-11-03 00:00:00-05:00,4.003576608768461,4.0168953894755575,3.9050189972145626,3.928992509841919,3871200,0.0,0.0
2000-11-06 00:00:00-05:00,3.907683122611954,4.0488606577206685,3.8837096065223102,3.9875948429107666,3871200,0.0,0.0
2000-11-07 00:00:00-05:00,3.98493306079789,4.027552501406493,3.9449771828077465,3.9662866592407227,8450400,0.0,0.0
2000-11-08 00:00:00-05:00,3.966284509200098,4.027550318154944,3.9183374816030154,3.9796032905578613,3825600,0.0,0.0
2000-11-09 00:00:00-05:00,3.990257501602173,3.995585110997611,3.9556292598876346,3.990257501602173,3027600,0.0,0.0
2000-11-10 00:00:00-05:00,4.0115662314334415,4.094141469366951,4.00623862365825,4.067504405975342,3626400,0.0,0.0
2000-11-13 00:00:00-05:00,4.056852540903874,4.243313091706233,4.056852540903874,4.176720142364502,12956400,0.0,0.0
2000-11-14 00:00:00-05:00,4.176718764096259,4.285931106448804,4.112789397746533,4.259294033050537,5481600,0.0,0.0
2000-11-15 00:00:00-05:00,4.2619582241776985,4.2779405681280425,4.174055332450804,4.187374114990234,9397200,0.0,0.0
2000-11-16 00:00:00-05:00,4.195366490627267,4.21134883916299,4.1367647085771395,4.174056529998779,4039200,0.0,0.0
2000-11-17 00:00:00-05:00,4.168728599205524,4.179383333587318,4.080825699263917,4.128772735595703,9442800,0.0,0.0
2000-11-20 00:00:00-05:00,4.144755413956305,4.155410149193913,4.035542548736396,4.147418975830078,3638400,0.0,0.0
2000-11-21 00:00:00-05:00,4.158072948202545,4.184710513023248,4.123444699226542,4.131435871124268,7360800,0.0,0.0
2000-11-22 00:00:00-05:00,4.15807310407932,4.192701842095903,4.011568443043026,4.059515476226807,6174000,0.0,0.0
2000-11-24 00:00:00-05:00,4.059515488787529,4.064843099516359,3.990258500282517,4.0062408447265625,1876800,0.0,0.0
2000-11-27 00:00:00-05:00,4.027550313844471,4.027550313844471,3.9449750400964447,3.992922067642212,5454000,0.0,0.0
2000-11-28 00:00:00-05:00,3.976942394384171,3.976942394384171,3.878384224227907,3.913012981414795,6381600,0.0,0.0
2000-11-29 00:00:00-05:00,3.905021551929777,4.022225142955814,3.873056847514916,4.008906841278076,6994800,0.0,0.0
2000-11-30 00:00:00-05:00,4.011568359000411,4.022223092459441,3.8437537463729035,3.9875948429107666,6424800,0.0,0.0
2000-12-01 00:00:00-05:00,3.9476402152674748,4.099472531239301,3.931657866217809,4.072835445404053,5484000,0.0,0.0
2000-12-04 00:00:00-05:00,4.0488607303413575,4.16073714076632,4.032878385994934,4.112790107727051,2092800,0.0,0.0
2000-12-05 00:00:00-05:00,4.155410317813649,4.376499619098682,4.150082706107402,4.347198486328125,7290000,0.0,0.0
2000-12-06 00:00:00-05:00,4.344851392780836,4.499453798053743,4.328858074171732,4.454139232635498,7118400,0.005833,0.0
2000-12-07 00:00:00-05:00,4.464801530015204,4.4674674086495,4.424818231274538,4.459470748901367,4905600,0.0,0.0
2000-12-08 00:00:00-05:00,4.520778553281165,4.734022995028999,4.494123181091719,4.6913743019104,7970400,0.0,0.0
2000-12-11 00:00:00-05:00,4.680711321382016,4.683377200003877,4.574089354596695,4.600744724273682,5010000,0.0,0.0
2000-12-12 00:00:00-05:00,4.603411082688669,4.635397724865828,4.512781937801766,4.550099849700928,6549600,0.0,0.0
2000-12-13 00:00:00-05:00,4.550101602506694,4.592750312479714,4.379506274537,4.403496265411377,8812800,0.0,0.0
2000-12-14 00:00:00-05:00,4.403494219058237,4.403494219058237,4.227567701067836,4.238229751586914,9664800,0.0,0.0
2000-12-15 00:00:00-05:00,4.179588754439297,4.251558711057386,4.136939565873203,4.15826416015625,7695600,0.0,0.0
2000-12-18 00:00:00-05:00,4.179587256462404,4.34218582637198,4.179587256462404,4.328857898712158,12512400,0.0,0.0
2000-12-19 00:00:00-05:00,4.3501849387868115,4.387502864434626,4.206244995959306,4.299539566040039,6859200,0.0,0.0
2000-12-20 00:00:00-05:00,4.264885629000342,4.286210220651288,4.17958823855145,4.248892307281494,5071200,0.0,0.0
2000-12-21 00:00:00-05:00,4.25422494121801,4.2888769866932925,4.2062449606779575,4.278214931488037,3814800,0.0,0.0
2000-12-22 00:00:00-05:00,4.307534092392284,4.446142694764428,4.307534092392284,4.355514049530029,5241600,0.0,0.0
2000-12-26 00:00:00-05:00,4.398163362071394,4.419487953186036,4.344852128323505,4.419487953186035,4634400,0.0,0.0
2000-12-27 00:00:00-05:00,4.392831394786905,4.515447164130577,4.392831394786905,4.4754638671875,3871200,0.0,0.0
2000-12-28 00:00:00-05:00,4.464802443277278,4.467468322456871,4.398163761104549,4.438147068023682,3340800,0.0,0.0
2000-12-29 00:00:00-05:00,4.438146665362952,4.443477935160971,4.371507989236166,4.419487953186035,3826800,0.0,0.0
2001-01-02 00:00:00-05:00,4.408825524469975,4.408825524469975,4.17958823855145,4.248892307281494,6639600,0.0,0.0
2001-01-03 00:00:00-05:00,4.184917966982754,4.259553774935091,4.035647327232724,4.15559720993042,9724800,0.0,0.0
2001-01-04 00:00:00-05:00,4.152933156348558,4.152933156348558,3.8437292038075466,3.9956657886505127,11162400,0.0,0.0
2001-01-05 00:00:00-05:00,3.9236936717985245,3.9236936717985245,3.8170712401879694,3.833064556121826,7807200,0.0,0.0
2001-01-08 00:00:00-05:00,3.8330661310838714,3.9743406425734036,3.798414095014822,3.9023706912994385,6405600,0.0,0.0
2001-01-09 00:00:00-05:00,3.923693764442572,3.923693764442572,3.857054621093212,3.87038254737854,5347200,0.0,0.0
2001-01-10 00:00:00-05:00,3.806409027559705,3.8277336105745845,3.7237770615025756,3.7690911293029785,6838800,0.0,0.0
2001-01-11 00:00:00-05:00,3.795749089747901,3.8810464930607624,3.7237791311590693,3.7477691173553467,5922000,0.0,0.0
2001-01-12 00:00:00-05:00,3.7371054825468946,3.7371054825468946,3.5291923296733785,3.5825035572052,10076400,0.0,0.0
2001-01-16 00:00:00-05:00,3.5851691650528648,3.7797548888953547,3.5851691650528648,3.729109048843384,6736800,0.0,0.0
2001-01-17 00:00:00-05:00,3.7530993495463996,3.766427280393139,3.643811976066454,3.6598052978515625,3636000,0.0,0.0
2001-01-18 00:00:00-05:00,3.6251532980827696,3.6997891358955077,3.5025379760725825,3.6811299324035645,5850000,0.0,0.0
2001-01-19 00:00:00-05:00,3.6784649204898194,3.6971236378287666,3.5878362373152015,3.694458246231079,3680400,0.0,0.0
2001-01-22 00:00:00-05:00,3.6944582679291824,3.91836482962186,3.6944582679291824,3.8890435695648193,8464800,0.0,0.0
2001-01-23 00:00:00-05:00,3.8383971064923763,3.992999049478064,3.758430500107118,3.98233699798584,12523200,0.0,0.0
2001-01-24 00:00:00-05:00,3.982336910856672,4.126276799200888,3.982336910856672,4.051641464233398,7174800,0.0,0.0
2001-01-25 00:00:00-05:00,4.264884218154306,4.307533387347628,4.067633640925,4.118278980255127,18806400,0.0,0.0
2001-01-26 00:00:00-05:00,4.136938515003859,4.136938515003859,4.014323227197589,4.115614414215088,7143600,0.0,0.0
2001-01-29 00:00:00-05:00,4.136940235906829,4.243562736513518,4.008993625640869,4.008993625640869,6210000,0.0,0.0
2001-01-30 00:00:00-05:00,4.019654557245539,4.17958775596781,3.9855352633512524,4.139070987701416,8776800,0.0,0.0
2001-01-31 00:00:00-05:00,4.132674173697671,4.133953912739709,4.002595191504431,4.006860256195068,4785600,0.0,0.0
2001-02-01 00:00:00-05:00,4.006860463170952,4.006860463170952,3.8874432824002483,3.9898006916046143,13284000,0.0,0.0
2001-02-02 00:00:00-05:00,4.000463052175733,4.049508978080737,3.962078933933652,4.039273262023926,6667200,0.0,0.0
2001-02-05 00:00:00-05:00,4.0409774930261015,4.122437097628011,4.026050626552724,4.121583938598633,3625200,0.0,0.0
2001-02-06 00:00:00-05:00,4.121586492446055,4.1412052576600855,4.036715175292547,4.113483428955078,6729600,0.0,0.0
2001-02-07 00:00:00-05:00,4.136937808773211,4.345917377369231,4.136937808773211,4.329284191131592,8323200,0.0,0.0
2001-02-08 00:00:00-05:00,4.320329686161737,4.350183922087109,4.2051780516588675,4.237590789794922,5893200,0.0,0.0
2001-02-09 00:00:00-05:00,4.196222059631296,4.307535458840342,4.156131860356389,4.3071088790893555,4083600,0.0,0.0
2001-02-12 00:00:00-05:00,4.307534183242172,4.377904690912906,4.287915425126686,4.331843852996826,3606000,0.0,0.0
2001-02-13 00:00:00-05:00,4.340373658937492,4.371081048080038,4.307534347744964,4.365110397338867,3993600,0.0,0.0
2001-02-14 00:00:00-05:00,4.365110666915376,4.413303431616725,4.309666535947387,4.310519695281982,2173200,0.0,0.0
2001-02-15 00:00:00-05:00,4.281944208042421,4.281944208042421,4.200911172786611,4.254222393035889,3122400,0.0,0.0
2001-02-16 00:00:00-05:00,4.254222665395631,4.335682285434789,4.254222665395631,4.288768291473389,2030400,0.0,0.0
2001-02-20 00:00:00-05:00,4.273416714084914,4.2990056440950495,4.166794708143352,4.228209018707275,3835200,0.0,0.0
2001-02-21 00:00:00-05:00,4.198780430470855,4.198780430470855,4.02818442894773,4.082348823547363,4554000,0.0,0.0
2001-02-22 00:00:00-05:00,4.093011840754493,4.11348352195058,3.9748746193307216,4.110497951507568,5808000,0.0,0.0
2001-02-23 00:00:00-05:00,4.100687569166216,4.100687569166216,4.017948681126684,4.06528902053833,2576400,0.0,0.0
2001-02-26 00:00:00-05:00,4.119880656366931,4.169779752743872,4.090026416880953,4.159117698669434,3163200,0.0,0.0
2001-02-27 00:00:00-05:00,4.175322968551718,4.303696611259611,4.171058147797394,4.2909016609191895,4316400,0.0,0.0
2001-02-28 00:00:00-05:00,4.299005347870909,4.311800300071892,4.1945157599634095,4.222237586975098,5690400,0.0,0.0
2001-03-01 00:00:00-05:00,4.196646794795322,4.279812248564895,4.175322206836554,4.239295482635498,5719200,0.0,0.0
2001-03-02 00:00:00-05:00,4.249958704869071,4.264459485584847,4.206883430480957,4.206883430480957,9162000,0.0,0.0
2001-03-05 00:00:00-05:00,4.232899548813242,4.232899548813242,4.117321330217633,4.179588794708252,3402000,0.0,0.0
2001-03-06 00:00:00-05:00,4.2073084954211115,4.2073084954211115,4.134806073766531,4.172762870788574,2437200,0.0,0.0
2001-03-07 00:00:00-05:00,4.172764543577902,4.223126243606488,4.152704849851066,4.182580947875977,5888400,0.005833,0.0
2001-03-08 00:00:00-05:00,4.193250557416056,4.2892791961355075,4.191116620228529,4.268793106079102,3129600,0.0,0.0
2001-03-09 00:00:00-05:00,4.269219580755141,4.270073351016512,4.163375024410512,4.182580947875977,2954400,0.0,0.0
2001-03-12 00:00:00-05:00,4.171911192208891,4.214590917878207,4.063078673235293,4.065639495849609,4536000,0.0,0.0
2001-03-13 00:00:00-05:00,4.076308226641831,4.076308226641831,3.9798524813278244,4.028934001922607,4497600,0.0,0.0
2001-03-14 00:00:00-05:00,3.9051645139439413,3.9555259671973277,3.8471205940097684,3.926504373550415,6121200,0.0,0.0
2001-03-15 00:00:00-05:00,3.947843460819331,4.041738396751118,3.947843460819331,4.023386001586914,3350400,0.0,0.0
2001-03-16 00:00:00-05:00,3.926505087644672,3.9802811431229177,3.892787995880563,3.897909641265869,8406000,0.0,0.0
2001-03-19 00:00:00-05:00,3.841145118790404,3.862484976703749,3.7067051373181124,3.7826740741729736,10642800,0.0,0.0
2001-03-20 00:00:00-05:00,3.8027336147292248,3.8326089750409014,3.7532252049416366,3.753652334213257,6150000,0.0,0.0
2001-03-21 00:00:00-05:00,3.7540777665803353,3.7540777665803353,3.6354289125772605,3.6362826824188232,5049600,0.0,0.0
2001-03-22 00:00:00-05:00,3.636710275728757,3.685364912482132,3.602567043736323,3.6640255451202393,9099600,0.0,0.0
2001-03-23 00:00:00-05:00,3.713107613928681,3.844987041236792,3.691767752189074,3.8176722526550293,8091600,0.0,0.0
2001-03-26 00:00:00-05:00,3.8454111135676072,3.9072964759043147,3.8385824209835073,3.884676218032837,4514400,0.0,0.0
2001-03-27 00:00:00-05:00,3.8851047695898764,3.8919337097461275,3.8074285364003657,3.866752862930298,3848400,0.0,0.0
2001-03-28 00:00:00-05:00,3.86248540422663,3.947843868474271,3.8347437323967264,3.9448564052581787,3825600,0.0,0.0
2001-03-29 00:00:00-05:00,3.955525619900084,4.054115069059592,3.9448559352471,4.018264293670654,4426800,0.0,0.0
2001-03-30 00:00:00-05:00,4.046007546403536,4.162948940738613,4.040885900703127,4.142035961151123,7840800,0.0,0.0
2001-04-02 00:00:00-04:00,4.152704258386666,4.267512409269865,4.152704258386666,4.200932502746582,7438800,0.0,0.0
2001-04-03 00:00:00-04:00,4.196237422881229,4.214590062630777,4.1185614320019255,4.130511283874512,8734800,0.0,0.0
2001-04-04 00:00:00-04:00,4.095086757352999,4.139900160207715,4.048139906248199,4.054968357086182,7936800,0.0,0.0
2001-04-05 00:00:00-04:00,4.092954114246686,4.160387312007644,4.054542755788058,4.153985500335693,5181600,0.0,0.0
2001-04-06 00:00:00-04:00,4.148435698070852,4.182579167588908,4.06649112701416,4.06649112701416,7807200,0.0,0.0
2001-04-09 00:00:00-04:00,4.077162221956214,4.1228294030071995,4.041738573738288,4.046860218048096,4318800,0.0,0.0
2001-04-10 00:00:00-04:00,4.037468137828337,4.107888997171247,3.994788932741308,4.077159881591797,5803200,0.0,0.0
2001-04-11 00:00:00-04:00,4.058809511248128,4.118560713900489,4.058809511248128,4.075881004333496,3601200,0.0,0.0
2001-04-12 00:00:00-04:00,4.071614193205933,4.096795287030553,3.994791477427807,4.011009693145752,5288400,0.0,0.0
2001-04-16 00:00:00-04:00,4.007594728871073,4.075881689546109,4.007594728871073,4.064358234405518,3778800,0.0,0.0
2001-04-17 00:00:00-04:00,4.064358560182495,4.098928928375244,4.0268009730142476,4.098928928375244,4014000,0.0,0.0
2001-04-18 00:00:00-04:00,4.129231793509013,4.229528314584346,4.09935618207945,4.220992565155029,7560000,0.0,0.0
2001-04-19 00:00:00-04:00,4.652053359519111,4.918799873343901,4.6430907266695085,4.863316535949707,33896400,0.0,0.0
2001-04-20 00:00:00-04:00,4.863742284574356,4.865449336045211,4.766006139360076,4.822770118713379,10926000,0.0,0.0
2001-04-23 00:00:00-04:00,4.818501740428846,4.852645700286175,4.735704127476388,4.767286777496338,8914800,0.0,0.0
2001-04-24 00:00:00-04:00,4.831306867861648,4.886790203814548,4.707536574625263,4.752776622772217,8308800,0.0,0.0
2001-04-25 00:00:00-04:00,4.761312237848758,4.826611479602284,4.718205643784751,4.823196887969971,4496400,0.0,0.0
2001-04-26 00:00:00-04:00,4.792894099301665,4.942272094712403,4.792467702747989,4.908555507659912,11002800,0.0,0.0
2001-04-27 00:00:00-04:00,4.942275502970862,5.061351096435127,4.929045478441273,5.017391681671143,7430400,0.0,0.0
2001-04-30 00:00:00-04:00,5.014829983207619,5.082690077246585,4.9764186184389025,4.984953880310059,6768000,0.0,0.0
2001-05-01 00:00:00-04:00,4.974283152985167,5.080128192901612,4.9520900114767485,5.080128192901611,5755200,0.0,0.0
2001-05-02 00:00:00-04:00,5.0703116484272055,5.083115759270707,4.999036978083527,5.078847885131836,4268400,0.0,0.0
2001-05-03 00:00:00-04:00,5.028057875643617,5.153535195710578,5.010986383936771,5.121952056884766,5448000,0.0,0.0
2001-05-04 00:00:00-04:00,5.078847223425933,5.095492321140408,4.9764167921576785,4.991781234741211,8116800,0.0,0.0
2001-05-07 00:00:00-04:00,5.0037320906486675,5.098053669537094,5.0037320906486675,5.048971652984619,4167600,0.0,0.0
2001-05-08 00:00:00-04:00,5.040435645258664,5.12792802661133,5.040435645258664,5.110856533050537,4543200,0.0,0.0
2001-05-09 00:00:00-04:00,5.100187280979211,5.100187280979211,5.054520832097316,5.080554962158203,3255600,0.0,0.0
2001-05-10 00:00:00-04:00,5.05750942550761,5.05750942550761,4.972150453829276,5.002026557922363,5282400,0.0,0.0
2001-05-11 00:00:00-04:00,5.002026100298145,5.078421940703054,4.978551811332462,4.984100341796875,3570000,0.0,0.0
2001-05-14 00:00:00-04:00,4.984099326036915,5.03574167669735,4.970015537010948,5.03446102142334,3097200,0.0,0.0
2001-05-15 00:00:00-04:00,5.0353139915696765,5.061775001905762,5.010559544474036,5.055373191833496,2080800,0.0,0.0
2001-05-16 00:00:00-04:00,5.044701711828915,5.156521126826977,5.044701711828915,5.151826858520508,6151200,0.0,0.0
2001-05-17 00:00:00-04:00,5.147135720803889,5.177010844840732,5.07031250799967,5.1185407638549805,6745200,0.0,0.0
2001-05-18 00:00:00-04:00,5.164206468045069,5.379737536191522,5.163780071362512,5.364799976348877,14402400,0.0,0.0
2001-05-21 00:00:00-04:00,5.407479327028535,5.589720687079944,5.38912717433041,5.539785385131836,10788000,0.0,0.0
2001-05-22 00:00:00-04:00,5.53935820376878,5.547894440409861,5.456560566922676,5.480033874511719,6511200,0.0,0.0
2001-05-23 00:00:00-04:00,5.479608767646553,5.505642903513212,5.437355924872307,5.478754997253418,4628400,0.0,0.0
2001-05-24 00:00:00-04:00,5.484300421557344,5.565391475250892,5.4757646754085805,5.515456676483154,4063200,0.0,0.0
2001-05-25 00:00:00-04:00,5.522712179388809,5.548319908171,5.514176921030481,5.528260707855225,2637600,0.0,0.0
2001-05-29 00:00:00-04:00,5.537650580275216,5.712636331167433,5.537650580275216,5.682760238647461,8337600,0.0,0.0
2001-05-30 00:00:00-04:00,5.6720925623011444,5.740379541993033,5.575637508753232,5.625144958496094,4267200,0.0,0.0
2001-05-31 00:00:00-04:00,5.616607357449727,5.6541649364253574,5.562831078071408,5.592706680297852,2949600,0.0,0.0
2001-06-01 00:00:00-04:00,5.586733365011678,5.610207654381265,5.4808887950311105,5.532957553863525,4736400,0.0,0.0
2001-06-04 00:00:00-04:00,5.532530567843445,5.625144625941856,5.522714162459635,5.590574741363525,3477600,0.0,0.0
2001-06-05 00:00:00-04:00,5.633679343479861,5.712209100071314,5.604657020340534,5.694711208343506,3745200,0.0,0.0
2001-06-06 00:00:00-04:00,5.705386756405638,5.807017235236181,5.698554475840696,5.781822681427002,4135200,0.005833,0.0
2001-06-07 00:00:00-04:00,5.782248128289921,5.817690356737201,5.6921466982897035,5.759189128875732,4884000,0.0,0.0
2001-06-08 00:00:00-04:00,5.759615677859412,5.764740008484223,5.704957454349607,5.747231960296631,3267600,0.0,0.0
2001-06-11 00:00:00-04:00,5.738695589330502,5.789510350331771,5.717771145560344,5.732717037200928,3896400,0.0,0.0
2001-06-12 00:00:00-04:00,5.657985961181739,5.764313626977812,5.628094194192979,5.75235652923584,7269600,0.0,0.0
2001-06-13 00:00:00-04:00,5.731006328131054,5.80488006619781,5.731006328131054,5.747660160064697,2913600,0.0,0.0
2001-06-14 00:00:00-04:00,5.692149281723812,5.701544218038351,5.630232131090539,5.631086349487305,4978800,0.0,0.0
2001-06-15 00:00:00-04:00,5.508531909766027,5.6528640317718875,5.508531909766027,5.631086349487305,10760400,0.0,0.0
2001-06-18 00:00:00-04:00,5.6280980586692575,5.671227302698894,5.593937132787191,5.667810916900635,3933600,0.0,0.0
2001-06-19 00:00:00-04:00,5.667807700873791,5.667807700873791,5.570874955844783,5.589236736297607,4294800,0.0,0.0
2001-06-20 00:00:00-04:00,5.58027050537001,5.611442631931131,5.564043289677583,5.610161304473877,4236000,0.0,0.0
2001-06-21 00:00:00-04:00,5.593080405995028,5.721612884457323,5.590091619530698,5.715634822845459,3332400,0.0,0.0
2001-06-22 00:00:00-04:00,5.7070961240393325,5.715636843382488,5.621692351391398,5.67933988571167,2214000,0.0,0.0
2001-06-25 00:00:00-04:00,5.668662048220492,5.668662048220492,5.589663484092617,5.607171535491943,2178000,0.0,0.0
2001-06-26 00:00:00-04:00,5.5619074937455135,5.678483343781479,5.5619074937455135,5.637062072753906,4390800,0.0,0.0
2001-06-27 00:00:00-04:00,5.636634716865166,5.777123768994216,5.636634716865166,5.715205669403076,4275600,0.0,0.0
2001-06-28 00:00:00-04:00,5.711365091666165,5.840751319421737,5.711365091666165,5.803174018859863,6439200,0.0,0.0
2001-06-29 00:00:00-04:00,5.796768507892351,5.797195128367943,5.732715817197408,5.772855281829834,7466400,0.0,0.0
2001-07-02 00:00:00-04:00,5.772854154500886,5.805308091352806,5.7638868186494046,5.776697158813477,3153600,0.0,0.0
2001-07-03 00:00:00-04:00,5.777552202330801,5.78780086687268,5.769011974334718,5.769011974334717,1592400,0.0,0.0
2001-07-05 00:00:00-04:00,5.769442420455085,5.773285916222938,5.723751490092378,5.725032329559326,1815600,0.0,0.0
2001-07-06 00:00:00-04:00,5.714351864200184,5.767728760400264,5.630229473114015,5.630229473114014,2329200,0.0,0.0
2001-07-09 00:00:00-04:00,5.623824650964621,5.623824650964621,5.574717375654993,5.612295150756836,5391600,0.0,0.0
2001-07-10 00:00:00-04:00,5.585393685670443,5.595215240276401,5.560199624186205,5.583258628845215,6986400,0.0,0.0
2001-07-11 00:00:00-04:00,5.508532989659007,5.578990872022619,5.379573352730618,5.559775352478027,11088000,0.0,0.0
2001-07-12 00:00:00-04:00,5.5661781740043,5.67079742448553,5.549097719403209,5.652008533477783,3662400,0.0,0.0
2001-07-13 00:00:00-04:00,5.641334526832022,5.726311176028319,5.615286241246906,5.631086349487305,3944400,0.0,0.0
2001-07-16 00:00:00-04:00,5.628097007310488,5.6831823696352375,5.626389059072123,5.6323676109313965,2286000,0.0,0.0
2001-07-17 00:00:00-04:00,5.593932914565896,5.594359534870983,5.508529198210911,5.529026031494141,3741600,0.0,0.0
2001-07-18 00:00:00-04:00,5.444477741487599,5.499989705190018,5.442769793839024,5.450882911682129,5185200,0.0,0.0
2001-07-19 00:00:00-04:00,5.764742382158406,5.775417668119833,5.502126438041176,5.555503845214844,19054800,0.0,0.0
2001-07-20 00:00:00-04:00,5.593937144662574,5.593937144662574,5.395800451078696,5.470101833343506,6880800,0.0,0.0
2001-07-23 00:00:00-04:00,5.4700981085019516,5.532015233315843,5.449601273676384,5.464547157287598,3336000,0.0,0.0
2001-07-24 00:00:00-04:00,5.475224436245281,5.551233254350965,5.471380942344104,5.486753940582275,3958800,0.0,0.0
2001-07-25 00:00:00-04:00,5.508532902718963,5.623827972900387,5.5012735110877795,5.619557857513428,3616800,0.0,0.0
2001-07-26 00:00:00-04:00,5.611017243422952,5.672934895063348,5.611017243422952,5.665248394012451,5137200,0.0,0.0
2001-07-27 00:00:00-04:00,5.665676880434355,5.719908039528037,5.648168817853486,5.700265407562256,2365200,0.0,0.0
2001-07-30 00:00:00-04:00,5.700263259524917,5.721613832163144,5.646458741373362,5.6921491622924805,4719600,0.0,0.0
2001-07-31 00:00:00-04:00,5.700688002668618,5.794631957388848,5.699407164205446,5.756627559661865,3830400,0.0,0.0
2001-08-01 00:00:00-04:00,5.756201772551778,5.785239332804121,5.717770253687339,5.7724289894104,3879600,0.0,0.0
2001-08-02 00:00:00-04:00,5.783104939792363,5.798904560599268,5.6878801057187705,5.707095623016357,3506400,0.0,0.0
2001-08-03 00:00:00-04:00,5.700689880031055,5.723321780237546,5.645604522994519,5.6921491622924805,2565600,0.0,0.0
2001-08-06 00:00:00-04:00,5.690013459021332,5.734850141303655,5.637062681124669,5.657987117767334,2016000,0.0,0.0
2001-08-07 00:00:00-04:00,5.657985651438107,5.732713598769804,5.637061220218238,5.662255764007568,2865600,0.0,0.0
2001-08-08 00:00:00-04:00,5.651581752402184,5.664819202078366,5.589663640183823,5.600339412689209,2432400,0.0,0.0
2001-08-09 00:00:00-04:00,5.600338433084805,5.6366348804145785,5.5546475421614785,5.635354042053223,2781600,0.0,0.0
2001-08-10 00:00:00-04:00,5.6280971178608405,5.632367721565634,5.568315018877145,5.575573921203613,2552400,0.0,0.0
2001-08-13 00:00:00-04:00,5.5755719918432085,5.607598332105119,5.540983485718365,5.593080043792725,2250000,0.0,0.0
2001-08-14 00:00:00-04:00,5.602474467082483,5.627668527838786,5.591799183264785,5.610588073730469,1942800,0.0,0.0
2001-08-15 00:00:00-04:00,5.606745555058714,5.647312129299583,5.562335487028942,5.57258415222168,1975200,0.0,0.0
2001-08-16 00:00:00-04:00,5.559774858870464,5.669518477827622,5.553369197574251,5.597779273986816,1778400,0.0,0.0
2001-08-17 00:00:00-04:00,5.636637121010055,5.636637121010055,5.551233365373052,5.624680995941162,4544400,0.0,0.0
2001-08-20 00:00:00-04:00,5.643041233943449,5.657987120500232,5.6071718881002655,5.647738456726074,1539600,0.0,0.0
2001-08-21 00:00:00-04:00,5.628096278219567,5.726310863793985,5.61571304424144,5.624253273010254,2733600,0.0,0.0
2001-08-22 00:00:00-04:00,5.645179141909293,5.666529719235122,5.581126432565025,5.634503364562988,3922800,0.0,0.0
2001-08-23 00:00:00-04:00,5.623826655497592,5.666101178872226,5.619983161602977,5.644750118255615,2391600,0.0,0.0
2001-08-24 00:00:00-04:00,5.640905563974111,5.696418013122856,5.628094735648868,5.647310733795166,2059200,0.0,0.0
2001-08-27 00:00:00-04:00,5.630231672222692,5.652009352732378,5.5149366322206665,5.57258415222168,5228400,0.0,0.0
2001-08-28 00:00:00-04:00,5.561909070040399,5.580270855279806,5.478640372694272,5.502980709075928,4354800,0.0,0.0
2001-08-29 00:00:00-04:00,5.521340620920685,5.536286506344721,5.483336221118768,5.488460063934326,3091200,0.0,0.0
2001-08-30 00:00:00-04:00,5.477785472632783,5.568313548709388,5.460277907930568,5.500844478607178,4332000,0.0,0.0
2001-08-31 00:00:00-04:00,5.491449631642698,5.544826535354447,5.46582846374583,5.520059585571289,2524800,0.0,0.0
2001-09-04 00:00:00-04:00,5.520063144040208,5.532019273240797,5.465404877922836,5.467966556549072,3225600,0.0,0.0
2001-09-05 00:00:00-04:00,5.4679630071031,5.4679630071031,5.327901535437857,5.410315990447998,4675200,0.0,0.0
2001-09-06 00:00:00-04:00,5.380424777335978,5.410316058677831,5.308685604378903,5.322777271270752,3679200,0.0,0.0
2001-09-07 00:00:00-04:00,5.260861853072431,5.312103717278409,5.130620913535805,5.145139694213867,6404400,0.0,0.0
2001-09-10 00:00:00-04:00,5.182687119001101,5.357665101351368,5.165490575166113,5.349496841430664,5826000,0.07,0.0
2001-09-17 00:00:00-04:00,5.290993884882458,5.293144662586004,5.185174046567326,5.20496129989624,8242800,0.005833,0.0
2001-09-18 00:00:00-04:00,5.187755774921037,5.217866666814209,5.114627846335893,5.1516218185424805,4065600,0.0,0.0
2001-09-19 00:00:00-04:00,5.14258828865828,5.1683981160258545,4.951166592029093,5.119359493255615,6315600,0.0,0.0
2001-09-20 00:00:00-04:00,5.07591167598717,5.1524806271925065,4.9855775532582705,5.1210784912109375,8407200,0.0,0.0
2001-09-21 00:00:00-04:00,5.121511015557351,5.1671081005249695,4.929658563162019,4.989020824432373,9069600,0.0,0.0
2001-09-24 00:00:00-04:00,5.032898877416568,5.157646009246502,5.028597320081975,5.115489959716797,7334400,0.0,0.0
2001-09-25 00:00:00-04:00,5.126240777665541,5.355517387390137,5.08881656211215,5.355517387390137,6940800,0.0,0.0
2001-09-26 00:00:00-04:00,5.398534597843576,5.4738132992056645,5.37272477144176,5.471662521362305,4258800,0.0,0.0
2001-09-27 00:00:00-04:00,5.450153878592809,5.677709998681866,5.439399990110122,5.666525363922119,4728000,0.0,0.0
2001-09-28 00:00:00-04:00,5.682441544421191,5.779228021503948,5.682441544421191,5.759870529174805,5965200,0.0,0.0
2001-10-01 00:00:00-04:00,5.762021225879626,5.8145008877586175,5.649318807504177,5.752987861633301,4818000,0.0,0.0
2001-10-02 00:00:00-04:00,5.752990634540413,5.912580966949464,5.729761831773309,5.912580966949463,6042000,0.0,0.0
2001-10-03 00:00:00-04:00,5.908278525587848,6.063137036336942,5.89322307634637,5.979255199432373,8319600,0.0,0.0
2001-10-04 00:00:00-04:00,5.9796858552865935,5.980976617820127,5.903977365281023,5.9353790283203125,6403200,0.0,0.0
2001-10-05 00:00:00-04:00,5.935376231665606,5.935806977922158,5.734490946052999,5.814070701599121,5101200,0.0,0.0
2001-10-08 00:00:00-04:00,5.764174416690433,5.785682201385498,5.628673403984975,5.785682201385498,5439600,0.0,0.0
2001-10-09 00:00:00-04:00,5.796435433306436,5.966349360015698,5.781379494732353,5.927204608917236,6013200,0.0,0.0
2001-10-10 00:00:00-04:00,5.957745799669871,6.000761849551315,5.860529064193195,5.918600559234619,4543200,0.0,0.0
2001-10-11 00:00:00-04:00,5.908277064357227,6.034744677377982,5.907417048553679,5.955164909362793,4471200,0.0,0.0
2001-10-12 00:00:00-04:00,5.89322283302673,5.920753190042638,5.820525145587989,5.888920783996582,4135200,0.0,0.0
2001-10-15 00:00:00-04:00,5.888918389342936,6.116904742560396,5.871712169345491,6.112603187561035,6376800,0.0,0.0
2001-10-16 00:00:00-04:00,6.215842963851593,6.258859012904875,6.185301327805832,6.236490726470947,5287200,0.0,0.0
2001-10-17 00:00:00-04:00,6.233048833800114,6.233479087799781,6.074319075344379,6.093676567077637,3861600,0.0,0.0
2001-10-18 00:00:00-04:00,6.09754920157442,6.200788031398731,5.828697989937483,5.938819408416748,9054000,0.0,0.0
2001-10-19 00:00:00-04:00,5.93408675077602,5.934517004808325,5.789982663688563,5.909997940063477,5448000,0.0,0.0
2001-10-22 00:00:00-04:00,5.908276450011595,6.239501139781302,5.908276450011595,6.220573902130127,5770800,0.0,0.0
2001-10-23 00:00:00-04:00,6.177559415391745,6.23046934800515,6.08980628438196,6.21584415435791,6800400,0.0,0.0
2001-10-24 00:00:00-04:00,6.190034155267414,6.207670634899921,6.097549216157291,6.187883377075195,5037600,0.0,0.0
2001-10-25 00:00:00-04:00,6.177128169847337,6.28897008885535,6.078190424961349,6.287249565124512,5068800,0.0,0.0
2001-10-26 00:00:00-04:00,6.278216985807741,6.404254349000108,6.273915429801636,6.360377788543701,6150000,0.0,0.0
2001-10-29 00:00:00-05:00,6.364248716722936,6.379303668414083,6.172826054529511,6.193473815917969,6758400,0.0,0.0
2001-10-30 00:00:00-05:00,6.193475165895696,6.2188547422351945,6.026572514696641,6.108303070068359,5350800,0.0,0.0
2001-10-31 00:00:00-05:00,6.129813009434713,6.134114566961668,5.930217392668411,5.9667816162109375,5107200,0.0,0.0
2001-11-01 00:00:00-05:00,5.992159497925773,6.150029777909177,5.90397660185539,6.125510215759277,5692800,0.0,0.0
2001-11-02 00:00:00-05:00,6.114752345822575,6.265309204459467,6.099696906099548,6.184438705444336,4578000,0.0,0.0
2001-11-05 00:00:00-05:00,6.21154208976581,6.3332784029308735,6.21154208976581,6.321233749389648,5028000,0.0,0.0
2001-11-06 00:00:00-05:00,6.327684959020872,6.335858308724051,6.167234665974042,6.270473480224609,4980000,0.0,0.0
2001-11-07 00:00:00-05:00,6.25972318775545,6.316934699425511,6.170679751602657,6.194338321685791,3396000,0.0,0.0
2001-11-08 00:00:00-05:00,6.2050902029297355,6.256279614963735,6.194336310928247,6.23735237121582,3708000,0.0,0.0
2001-11-09 00:00:00-05:00,6.198635869638585,6.237350360646196,6.065285682678223,6.065285682678223,3430800,0.0,0.0
2001-11-12 00:00:00-05:00,5.996460699708386,6.052381912936777,5.921181991968157,6.045499324798584,4861200,0.0,0.0
2001-11-13 00:00:00-05:00,6.091095133482907,6.191752902379136,6.091095133482907,6.150457382202148,3786000,0.0,0.0
2001-11-14 00:00:00-05:00,6.162071562335104,6.162071562335104,6.091094920282814,6.112603187561035,2821200,0.0,0.0
2001-11-15 00:00:00-05:00,6.110450520002803,6.226594447543071,6.110450520002803,6.199494361877441,5539200,0.0,0.0
2001-11-16 00:00:00-05:00,6.209391819606341,6.258860211649959,6.187883544819524,6.21584415435791,3982800,0.0,0.0
2001-11-19 00:00:00-05:00,6.226598035191476,6.282949508280376,6.183581977971406,6.201648712158203,3073200,0.0,0.0
2001-11-20 00:00:00-05:00,6.211543153972961,6.237352989617064,6.172828646647641,6.185733318328857,5582400,0.0,0.0
2001-11-21 00:00:00-05:00,6.202937927037657,6.220144148720641,6.173256308527879,6.193473815917969,2013600,0.0,0.0
2001-11-23 00:00:00-05:00,6.199496836348909,6.24595442590813,6.197345566201261,6.243373394012451,956400,0.0,0.0
2001-11-26 00:00:00-05:00,6.269614420852054,6.302306842655832,6.2085316262453,6.280368804931641,2828400,0.0,0.0
2001-11-27 00:00:00-05:00,6.280368132121327,6.4008131842003095,6.2610106366771126,6.366400241851807,5946000,0.0,0.0
2001-11-28 00:00:00-05:00,6.344894842885471,6.407268416614407,6.288543351723056,6.296716213226318,4095600,0.0,0.0
2001-11-29 00:00:00-05:00,6.313922080226467,6.387910047086607,6.299727138082883,6.364681243896484,3297600,0.0,0.0
2001-11-30 00:00:00-05:00,6.372853266714054,6.398663099342219,6.297575039473382,6.30316686630249,2769600,0.0,0.0
2001-12-03 00:00:00-05:00,6.303596872730429,6.3633893902877725,6.284669631539545,6.328115940093994,5871600,0.0,0.0
2001-12-04 00:00:00-05:00,6.336291581922959,6.35392856090837,6.269186684682962,6.339733123779297,3697200,0.0,0.0
2001-12-05 00:00:00-05:00,6.339731783603731,6.439959346290817,6.339731783603731,6.4304962158203125,3844800,0.0,0.0
2001-12-06 00:00:00-05:00,6.424472114013668,6.529861717188842,6.388768902377661,6.413718223571777,4615200,0.0,0.0
2001-12-07 00:00:00-05:00,6.3922099812539726,6.495448806838978,6.374143248311791,6.437807559967041,3165600,0.0,0.0
2001-12-10 00:00:00-05:00,6.416300242561943,6.453723983968118,6.276497676189517,6.285531044006348,2504400,0.0,0.0
2001-12-11 00:00:00-05:00,6.289830142940536,6.37070065983136,6.2356294649381585,6.305745601654053,2722800,0.0,0.0
2001-12-12 00:00:00-05:00,6.327264952017105,6.486070545169576,6.279063331884657,6.411616802215576,5848800,0.005833,0.0
2001-12-13 00:00:00-05:00,6.39010018648702,6.39010018648702,6.241623115303696,6.290685176849365,2865600,0.0,0.0
2001-12-14 00:00:00-05:00,6.290685858906813,6.356962867529097,6.187397685914554,6.341469764709473,3140400,0.0,0.0
2001-12-17 00:00:00-05:00,6.319949968629958,6.458958884504394,6.264432494210141,6.427541732788086,3114000,0.0,0.0
2001-12-18 00:00:00-05:00,6.40387129668956,6.425389846257296,6.3629864957759406,6.411188125610352,2994000,0.0,0.0
2001-12-19 00:00:00-05:00,6.389667920280976,6.455943912837231,6.362124420379693,6.429691791534424,3194400,0.0,0.0
2001-12-20 00:00:00-05:00,6.4339951767277554,6.495538082336287,6.374174109190285,6.4499192237854,2413200,0.0,0.0
2001-12-21 00:00:00-05:00,6.498552418307496,6.498552418307496,6.354809921373316,6.356961727142334,4549200,0.0,0.0
2001-12-24 00:00:00-05:00,6.365136960140034,6.407313131098877,6.362985154888391,6.364706993103027,1620000,0.0,0.0
2001-12-26 00:00:00-05:00,6.35868345302125,6.441313981526859,6.35481030090905,6.396986484527588,1843200,0.0,0.0
2001-12-27 00:00:00-05:00,6.416779963427603,6.467993804508932,6.381489674969757,6.4520697593688965,2284800,0.0,0.0
2001-12-28 00:00:00-05:00,6.454652895264308,6.5149044232001065,6.437007994910949,6.492094993591309,1723200,0.0,0.0
2001-12-31 00:00:00-05:00,6.492530078314812,6.492530078314812,6.419367667637024,6.4253926277160645,3336000,0.0,0.0
2002-01-02 00:00:00-05:00,6.43184595531311,6.43184595531311,6.320380052252526,6.369872570037842,4753200,0.0,0.0
2002-01-03 00:00:00-05:00,6.369870933027885,6.390098099091433,6.243773374145219,6.264430999755859,5959200,0.0,0.0
2002-01-04 00:00:00-05:00,6.270456977388941,6.289823225992138,6.205470878244817,6.2420525550842285,2803200,0.0,0.0
2002-01-07 00:00:00-05:00,6.242051939318058,6.263569991198897,6.1348901693882585,6.152966022491455,3051600,0.0,0.0
2002-01-08 00:00:00-05:00,6.135753020513947,6.137474859358114,6.038490304042312,6.1159563064575195,3370800,0.0,0.0
2002-01-09 00:00:00-05:00,6.122841751785388,6.255395259963627,6.08410875331376,6.100032806396484,3714000,0.0,0.0
2002-01-10 00:00:00-05:00,6.098741051414928,6.13489178209113,6.069906164791373,6.118107795715332,3398400,0.0,0.0
2002-01-11 00:00:00-05:00,6.1224115915497,6.136613806604507,6.068185489540602,6.070337295532227,2846400,0.0,0.0
2002-01-14 00:00:00-05:00,6.070765656147668,6.132738533808365,6.049677570707921,6.072917461395264,2322000,0.0,0.0
2002-01-15 00:00:00-05:00,6.068613010145114,6.2213941290571215,6.068613010145114,6.218381404876709,2852400,0.0,0.0
2002-01-16 00:00:00-05:00,6.2140776945208485,6.312201287143027,6.20504001464183,6.276050567626953,5610000,0.0,0.0
2002-01-17 00:00:00-05:00,6.291974686840808,6.341897160415293,6.274759752063978,6.3311381340026855,3976800,0.0,0.0
2002-01-18 00:00:00-05:00,6.326405301327513,6.385365959641328,6.322532149564716,6.33372163772583,3326400,0.0,0.0
2002-01-22 00:00:00-05:00,6.333292255402115,6.3487853576055056,6.291976987848513,6.301875591278076,2784000,0.0,0.0
2002-01-23 00:00:00-05:00,6.302305995164542,6.338456733649614,6.298863302221617,6.325976848602295,3128400,0.0,0.0
2002-01-24 00:00:00-05:00,6.325976449402923,6.381493440351522,6.274762085586154,6.310052394866943,3685200,0.0,0.0
2002-01-25 00:00:00-05:00,6.326407131206192,6.451213868171016,6.326407131206192,6.401291370391846,3799200,0.0,0.0
2002-01-28 00:00:00-05:00,6.394832756427472,6.403870437679928,6.2566847801208505,6.25668478012085,4023600,0.0,0.0
2002-01-29 00:00:00-05:00,6.259698584555241,6.2962797754622235,6.091424810873054,6.129727840423584,3944400,0.0,0.0
2002-01-30 00:00:00-05:00,6.129726498233876,6.261419052173145,6.036335980424819,6.247646808624268,4071600,0.0,0.0
2002-01-31 00:00:00-05:00,6.246788021494922,6.36470935716473,6.2287126536606765,6.362987518310547,4312800,0.0,0.0
2002-02-01 00:00:00-05:00,6.354380952522654,6.465415929314402,6.350937766974353,6.412050247192383,3552000,0.0,0.0
2002-02-04 00:00:00-05:00,6.409895441453844,6.409895441453844,6.212356861352709,6.264861106872559,3945600,0.0,0.0
2002-02-05 00:00:00-05:00,6.230434646102367,6.298432507013786,6.208055173097819,6.2618513107299805,3667200,0.0,0.0
2002-02-06 00:00:00-05:00,6.2618504970209266,6.294558044053915,6.227421111315057,6.262280464172363,4104000,0.0,0.0
2002-02-07 00:00:00-05:00,6.245067841611567,6.319521625422756,6.206765292738031,6.284661769866943,4238400,0.0,0.0
2002-02-08 00:00:00-05:00,6.25151972635061,6.3892377240490195,6.25151972635061,6.37417459487915,2827200,0.0,0.0
2002-02-11 00:00:00-05:00,6.373748582576558,6.434430118907839,6.3548122907354685,6.4215192794799805,1830000,0.0,0.0
2002-02-12 00:00:00-05:00,6.4081729218158,6.440450489904239,6.354377303346138,6.369009971618652,2060400,0.0,0.0
2002-02-13 00:00:00-05:00,6.367291470267419,6.586778637297225,6.367291470267419,6.580323219299316,5197200,0.0,0.0
2002-02-14 00:00:00-05:00,6.573866385541206,6.654345094623453,6.515766651038857,6.619054794311523,3652800,0.0,0.0
2002-02-15 00:00:00-05:00,6.627663603400045,6.630676328878346,6.48994604606104,6.517920017242432,4419600,0.0,0.0
2002-02-19 00:00:00-05:00,6.487794212433585,6.541590348516588,6.449061211161228,6.471009731292725,3414000,0.0,0.0
2002-02-20 00:00:00-05:00,6.475309741334707,6.520068168640137,6.338883639606553,6.520068168640137,5149200,0.0,0.0
2002-02-21 00:00:00-05:00,6.502856349866571,6.524374406985967,6.431845776339047,6.488654136657715,4419600,0.0,0.0
2002-02-22 00:00:00-05:00,6.484348342497648,6.505005967457677,6.446906243346149,6.474880695343018,3972000,0.0,0.0
2002-02-25 00:00:00-05:00,6.46498589539574,6.611311194240603,6.455517750160366,6.584628105163574,2834400,0.0,0.0
2002-02-26 00:00:00-05:00,6.593230264510091,6.708568271686944,6.593230264510091,6.693075180053711,3946800,0.0,0.0
2002-02-27 00:00:00-05:00,6.693508497796658,6.903098015515713,6.693508497796658,6.757633686065674,6196800,0.0,0.0
2002-02-28 00:00:00-05:00,6.767100129424405,6.868236448482011,6.702975449768301,6.705126762390137,3139200,0.0,0.0
2002-03-01 00:00:00-05:00,6.722345210993433,6.7597868342436165,6.675004491628948,6.726648330688477,1802400,0.0,0.0
2002-03-04 00:00:00-05:00,6.7249268437386025,6.8966438240014005,6.7249268437386025,6.848873138427734,2544000,0.0,0.0
2002-03-05 00:00:00-05:00,6.82993597187565,6.933224127056514,6.82993597187565,6.8523149490356445,2005200,0.0,0.0
2002-03-06 00:00:00-05:00,6.855758114222337,6.921202458547899,6.7722299650112365,6.859632968902588,2481600,0.005833,0.0
2002-03-07 00:00:00-05:00,6.856617432290715,6.857048081102525,6.598283331322359,6.680950164794922,4062000,0.0,0.0
2002-03-08 00:00:00-05:00,6.716689357369704,6.746397731937755,6.643494304316955,6.69516134262085,2570400,0.0,0.0
2002-03-11 00:00:00-05:00,6.709371675972351,6.709371675972351,6.640052444449344,6.649094104766846,1784400,0.0,0.0
2002-03-12 00:00:00-05:00,6.63057681986643,6.728313430793786,6.6163683617774325,6.698605060577393,1809600,0.0,0.0
2002-03-13 00:00:00-05:00,6.695161645646309,6.753717592192092,6.680092379553446,6.722717761993408,1508400,0.0,0.0
2002-03-14 00:00:00-05:00,6.725303156702334,6.867386821482804,6.725303156702334,6.798067092895508,2887200,0.0,0.0
2002-03-15 00:00:00-05:00,6.931967220601413,6.931967220601413,6.830355751757069,6.928953170776367,6568800,0.0,0.0
2002-03-18 00:00:00-05:00,6.989229030337275,6.989229030337275,6.8480062798232675,6.907423496246338,3675600,0.0,0.0
2002-03-19 00:00:00-05:00,6.906133363324042,7.033577849287909,6.906133363324042,7.000855922698975,6134400,0.0,0.0
2002-03-20 00:00:00-05:00,7.001287584190863,7.0309959602243834,6.940579377832548,7.006885528564453,4653600,0.0,0.0
2002-03-21 00:00:00-05:00,6.991817110963203,7.099025576108637,6.991817110963203,7.043914318084717,3144000,0.0,0.0
2002-03-22 00:00:00-05:00,7.052520712706814,7.207521270809497,7.041756956148707,7.092562675476074,5080800,0.0,0.0
2002-03-25 00:00:00-05:00,7.114092953358082,7.139926470081195,6.964259147644043,6.964259147644043,4304400,0.0,0.0
2002-03-26 00:00:00-05:00,6.970715687495996,7.093854648277902,6.970715687495996,7.052521228790283,2679600,0.0,0.0
2002-03-27 00:00:00-05:00,7.0094665904338544,7.099452992843072,7.006883682531797,7.0628557205200195,3421200,0.0,0.0
2002-03-28 00:00:00-05:00,7.071468377836422,7.197620931592187,7.060273475672849,7.173940658569336,3220800,0.0,0.0
2002-04-01 00:00:00-05:00,7.093426547731558,7.188149118023069,7.058120723579863,7.173940658569336,3256800,0.0,0.0
2002-04-02 00:00:00-05:00,7.15499671321233,7.3728587930198115,7.147677158320234,7.285025119781494,4648800,0.0,0.0
2002-04-03 00:00:00-05:00,7.285452803291455,7.288466852573062,7.168772091826307,7.226036071777344,3518400,0.0,0.0
2002-04-04 00:00:00-05:00,7.224745516545343,7.332385086361461,7.201065244791139,7.315593719482422,3109200,0.0,0.0
2002-04-05 00:00:00-05:00,7.324202539287204,7.381897658586717,7.270383259570326,7.297508716583252,2606400,0.0,0.0
2002-04-08 00:00:00-04:00,7.297512369247392,7.437443256378175,7.26780349704226,7.437443256378174,3370800,0.0,0.0
2002-04-09 00:00:00-04:00,7.435721048270416,7.548526463224015,7.422804040377412,7.507623672485352,2977200,0.0,0.0
2002-04-10 00:00:00-04:00,7.517096772555968,7.532597183660405,7.449499153539925,7.495568752288818,3703200,0.0,0.0
2002-04-11 00:00:00-04:00,7.491693483204033,7.53431887229296,7.406012548686017,7.4421796798706055,2934000,0.0,0.0
2002-04-12 00:00:00-04:00,7.4486332822574255,7.550675368661892,7.4486332822574255,7.52096700668335,2204400,0.0,0.0
2002-04-15 00:00:00-04:00,7.519679120709712,7.542067943300854,7.354775523601562,7.40041446685791,2557200,0.0,0.0
2002-04-16 00:00:00-04:00,7.417634049769302,7.517953555506821,7.417634049769302,7.4869537353515625,2238000,0.0,0.0
2002-04-17 00:00:00-04:00,7.485232004294528,7.679843912228617,7.485232004294528,7.6565937995910645,3380400,0.0,0.0
2002-04-18 00:00:00-04:00,7.534745563582782,7.584259836879267,7.3818982258703025,7.469301223754883,8509200,0.0,0.0
2002-04-19 00:00:00-04:00,7.469302357710027,7.493843927279619,7.407732370215539,7.44820499420166,3842400,0.0,0.0
2002-04-22 00:00:00-04:00,7.500302559692631,7.5459409993299715,7.47619114670435,7.478774547576904,3331200,0.0,0.0
2002-04-23 00:00:00-04:00,7.543357930514217,7.548524239415946,7.379315674101209,7.3806071281433105,2092800,0.0,3.0
2002-04-24 00:00:00-04:00,7.432275899676324,7.507192569996886,7.407733832528699,7.441317558288574,2448000,0.0,0.0
2002-04-25 00:00:00-04:00,7.485233074456045,7.517524847432358,7.4141912724548265,7.420649528503418,3033200,0.0,0.0
2002-04-26 00:00:00-04:00,7.478776139815575,7.549817954369011,7.411609181029262,7.441317558288574,2185200,0.0,0.0
2002-04-29 00:00:00-04:00,7.414195085738191,7.414195085738191,7.250152735519935,7.265652656555176,2413200,0.0,0.0
2002-04-30 00:00:00-04:00,7.3173183284987795,7.534319152749959,7.310859577620526,7.427110195159912,3707600,0.0,0.0
2002-05-01 00:00:00-04:00,7.472317209856515,7.517525994561955,7.36252536207681,7.442608833312988,2720800,0.0,0.0
2002-05-02 00:00:00-04:00,7.4684407385277165,7.582107910124884,7.407732051526959,7.473607540130615,2669600,0.0,0.0
2002-05-03 00:00:00-04:00,7.4736075064079195,7.614399646685036,7.41419076644265,7.513648986816406,2212800,0.0,0.0
2002-05-06 00:00:00-04:00,7.530442073079148,7.6854426965992575,7.485233783721923,7.485233783721924,1631200,0.0,0.0
2002-05-07 00:00:00-04:00,7.504609177578382,7.523984441904129,7.310858505254671,7.388359069824219,2218400,0.0,0.0
2002-05-08 00:00:00-04:00,7.440026711449395,7.482652102125007,7.392235009898097,7.427110195159912,1812400,0.0,0.0
2002-05-09 00:00:00-04:00,7.368984390205679,7.450359817003901,7.304400827639926,7.308276176452637,1708800,0.0,0.0
2002-05-10 00:00:00-04:00,7.33410731921323,7.336690720178811,7.210107029265423,7.261774063110352,2058800,0.0,0.0
2002-05-13 00:00:00-04:00,7.300526463135643,7.43227699876911,7.265651277873828,7.427110195159912,1273200,0.0,0.0
2002-05-14 00:00:00-04:00,7.452941445047021,7.454232899188276,7.334107461983726,7.353482723236084,2235600,0.0,0.0
2002-05-15 00:00:00-04:00,7.366399959957445,7.4619838360105,7.328941873377264,7.341858386993408,1645600,0.0,0.0
2002-05-16 00:00:00-04:00,7.3676939917307385,7.3676939917307385,7.246276561355562,7.304401874542236,1645600,0.0,0.0
2002-05-17 00:00:00-04:00,7.362526628245479,7.443902060523049,7.362526628245479,7.427110195159912,2380400,0.0,0.0
2002-05-20 00:00:00-04:00,7.459400403997829,7.459400403997829,7.247566428072292,7.25273323059082,1566000,0.0,0.0
2002-05-21 00:00:00-04:00,7.256609610923897,7.3108595705676,7.091275837457171,7.248859405517578,2716400,0.0,0.0
2002-05-22 00:00:00-04:00,7.24885813055905,7.336691805448084,7.194608180457048,7.323775291442871,2252000,0.0,0.0
2002-05-23 00:00:00-04:00,7.323775125518718,7.491692267449348,7.310858119072722,7.414192199707031,2362800,0.0,0.0
2002-05-24 00:00:00-04:00,7.536902352775346,7.622152644684058,7.4878191947937,7.487819194793701,2320000,0.0,0.0
2002-05-28 00:00:00-04:00,7.498149663620978,7.566608558093078,7.407732599811303,7.52269172668457,2427600,0.0,0.0
2002-05-29 00:00:00-04:00,7.523983167729285,7.750025580493684,7.523983167729285,7.651858806610107,1839200,0.0,0.0
2002-05-30 00:00:00-04:00,7.607941145850634,7.795233016107083,7.587274432931762,7.684149742126465,2478000,0.0,0.0
2002-05-31 00:00:00-04:00,7.709986581505792,7.813320690001758,7.64798641204834,7.64798641204834,2992800,0.0,0.0
2002-06-03 00:00:00-04:00,7.667357635909962,7.769399743217288,7.561440674034832,7.566607475280762,2288400,0.0,0.0
2002-06-04 00:00:00-04:00,7.618275546125489,7.653150722469814,7.392233119723428,7.509775161743164,4663200,0.0,0.0
2002-06-05 00:00:00-04:00,7.5950255245383325,7.666067332330035,7.565317150106654,7.6182756423950195,1949200,0.0,0.0
2002-06-06 00:00:00-04:00,7.618275743316096,7.624733999976643,7.483941836749775,7.485233783721924,1465200,0.0,0.0
2002-06-07 00:00:00-04:00,7.48523326706578,7.549816814680267,7.450358092225953,7.502025127410889,1895600,0.0,0.0
2002-06-10 00:00:00-04:00,7.5304415515799255,7.681567309184604,7.517525039153329,7.6079421043396,1468000,0.0,0.0
2002-06-11 00:00:00-04:00,7.606650243273691,7.607942190170945,7.353482852082635,7.362524509429932,3526800,0.0,0.0
2002-06-12 00:00:00-04:00,7.37196061521625,7.468875085599284,7.32414961451505,7.366791725158691,2188400,0.00575,0.0
2002-06-13 00:00:00-04:00,7.313809810094774,7.384880796384069,7.213018946531558,7.2233567237854,1566800,0.0,0.0
2002-06-14 00:00:00-04:00,7.107057593814449,7.343529019452478,7.081213649432313,7.22981595993042,2412000,0.0,0.0
2002-06-17 00:00:00-04:00,7.245322188414624,7.520559286402102,7.245322188414624,7.475332260131836,2315600,0.0,0.0
2002-06-18 00:00:00-04:00,7.494714268100837,7.623933479619817,7.458533046613818,7.5722455978393555,2128000,0.0,0.0
2002-06-19 00:00:00-04:00,7.57224572129034,7.5980896626019065,7.521850306845485,7.555447578430176,2285600,0.0,0.0
2002-06-20 00:00:00-04:00,7.5270203247192065,7.630395612566667,7.494715516458609,7.583876609802246,3159600,0.0,0.0
2002-06-21 00:00:00-04:00,7.488253406111323,7.7105101147300905,7.488253406111323,7.5722455978393555,3608800,0.0,0.0
2002-06-24 00:00:00-04:00,7.59809080430607,7.67045375226542,7.5270203247192065,7.583876609802246,3389200,0.0,0.0
2002-06-25 00:00:00-04:00,7.623937605120355,7.680793911499473,7.365499042234919,7.4107255935668945,3093200,0.0,0.0
2002-06-26 00:00:00-04:00,7.359035918882534,7.428814427756255,7.273751239014305,7.311224937438965,3507200,0.0,0.0
2002-06-27 00:00:00-04:00,7.359036922454835,7.375835564200265,7.197512848182043,7.359036922454834,2549200,0.0,0.0
2002-06-28 00:00:00-04:00,7.361619692615599,7.475332260131837,7.361619692615599,7.475332260131836,4840400,0.0,0.0
2002-07-01 00:00:00-04:00,7.4624112305398445,7.464995674533465,7.352575071938581,7.393925189971924,2136000,0.0,0.0
2002-07-02 00:00:00-04:00,7.359033394478064,7.37066314196761,7.132899798906328,7.175541877746582,2644800,0.0,0.0
2002-07-03 00:00:00-04:00,7.1496991940506796,7.191049302210211,7.016603071288277,7.107056617736816,2691600,0.0,0.0
2002-07-05 00:00:00-04:00,7.139360068686589,7.206554104955488,7.1070552719957,7.1574506759643555,1799200,0.0,0.0
2002-07-08 00:00:00-04:00,7.175545811893596,7.22464927187505,7.081215805174218,7.113520622253418,3941200,0.0,0.0
2002-07-09 00:00:00-04:00,7.108351408772023,7.191052150783291,6.939074490480013,6.976548194885254,2020400,0.0,0.0
2002-07-10 00:00:00-04:00,6.995931400166077,6.995931400166077,6.706480503082275,6.706480503082275,3978400,0.0,0.0
2002-07-11 00:00:00-04:00,6.661253461521899,6.771090139940747,6.54237196630987,6.706480503082275,4264400,0.0,0.0
2002-07-12 00:00:00-04:00,6.719401155954978,6.776257449818958,6.64186980132843,6.68580436706543,2440400,0.0,0.0
2002-07-15 00:00:00-04:00,6.685803288475742,6.751704879983476,6.400228410789556,6.665128231048584,3869200,0.0,0.0
2002-07-16 00:00:00-04:00,6.551414898036648,6.648329318146858,6.4157348084688,6.538492679595947,4876000,0.0,0.0
2002-07-17 00:00:00-04:00,6.577260350670222,6.674174793010555,6.373093688865728,6.4286580085754395,5510400,0.0,0.0
2002-07-18 00:00:00-04:00,5.782561703732139,6.163758607369106,5.782561703732139,6.137914657592773,21466400,0.0,0.0
2002-07-19 00:00:00-04:00,6.137914389237937,6.339496597161176,6.136622413625161,6.21415376663208,7200800,0.0,0.0
2002-07-22 00:00:00-04:00,6.2141547111228554,6.318822497229765,6.028079139865188,6.0862274169921875,9160000,0.0,0.0
2002-07-23 00:00:00-04:00,6.079765580232073,6.243874085974801,5.941501022932634,5.963468551635742,6040000,0.0,0.0
2002-07-24 00:00:00-04:00,5.93116399953735,6.234829051505076,5.826496225569395,6.212862014770508,11414800,0.0,0.0
2002-07-25 00:00:00-04:00,6.214153033469617,6.369216214121006,6.01127887386924,6.092687129974365,6157600,0.0,0.0
2002-07-26 00:00:00-04:00,6.093978600559561,6.2826385498046875,6.0797644070120676,6.2826385498046875,4886800,0.0,0.0
2002-07-29 00:00:00-04:00,6.460960323563976,6.617315445090507,6.4196102169277385,6.6031012535095215,3758000,0.0,0.0
2002-07-30 00:00:00-04:00,6.596640337750211,6.650912660348413,6.383428944577954,6.517816543579102,5122400,0.0,0.0
2002-07-31 00:00:00-04:00,6.5811382878256,6.66513102105698,6.4932691337452955,6.609566688537598,3493600,0.0,0.0
2002-08-01 00:00:00-04:00,6.616023656704612,6.681925236975401,6.463544949329033,6.51910924911499,4686000,0.0,0.0
2002-08-02 00:00:00-04:00,6.519109908403298,6.5449538516272705,6.280054049746818,6.3524169921875,2658400,0.0,0.0
2002-08-05 00:00:00-04:00,6.331742211820633,6.374384793936287,6.099147698544282,6.121114730834961,2062000,0.0,0.0
2002-08-06 00:00:00-04:00,6.179265000848994,6.375678336061752,6.179265000848994,6.256796360015869,2966000,0.0,0.0
2002-08-07 00:00:00-04:00,6.3769689321717316,6.383430288148076,6.167633913363212,6.349833011627197,2338800,0.0,0.0
2002-08-08 00:00:00-04:00,6.349832467414032,6.519109825081898,6.313651243122236,6.494557857513428,3116800,0.0,0.0
2002-08-09 00:00:00-04:00,6.4945618594190355,6.582431023642541,6.414446030720844,6.530743598937988,3937600,0.0,0.0
2002-08-12 00:00:00-04:00,6.485513081951607,6.539785415760957,6.431241241074509,6.50489616394043,2166400,0.0,0.0
2002-08-13 00:00:00-04:00,6.427367507501922,6.506190857959629,6.3020246422465815,6.308485507965088,2931200,0.0,0.0
2002-08-14 00:00:00-04:00,6.312358856834857,6.557875578114493,6.237411963695445,6.547537803649902,2972400,0.0,0.0
2002-08-15 00:00:00-04:00,6.5475408784678635,6.628949165344238,6.493269015838579,6.628949165344238,4167200,0.0,0.0
2002-08-16 00:00:00-04:00,6.693556146851137,7.060538786974658,6.687095283810717,6.985591888427734,6906000,0.0,0.0
2002-08-19 00:00:00-04:00,7.016601337744963,7.066996738805287,6.915810535624315,7.0553669929504395,2878800,0.0,0.0
2002-08-20 00:00:00-04:00,7.01014185861513,7.035985798154979,6.913227455039805,6.972668170928955,1988800,0.0,0.0
2002-08-21 00:00:00-04:00,7.037278032764199,7.094134800434503,6.922273015150598,7.014018535614014,2159200,0.0,0.0
2002-08-22 00:00:00-04:00,7.026942169984486,7.176836463563951,6.995929336550133,7.171667575836182,3934400,0.0,0.0
2002-08-23 00:00:00-04:00,7.165207539486221,7.191051488175119,7.083799273642504,7.10835075378418,3776800,0.0,0.0
2002-08-26 00:00:00-04:00,7.1199813018563844,7.139364388772608,6.993346481352212,7.122565746307373,2617200,0.0,0.0
2002-08-27 00:00:00-04:00,7.11997951456793,7.216893938956417,6.988176331179971,7.023065090179443,1845200,0.0,0.0
2002-08-28 00:00:00-04:00,7.023064029385715,7.055368832635755,6.8641244565473825,6.930026531219482,1988400,0.0,0.0
2002-08-29 00:00:00-04:00,6.865416080900603,6.986881948735966,6.8279423954326735,6.945531845092773,2663600,0.0,0.0
2002-08-30 00:00:00-04:00,6.986881948735966,7.066997712928136,6.939070983823297,6.945531845092773,2565200,0.0,0.0
2002-09-03 00:00:00-04:00,6.946824140250205,6.946824140250205,6.785300136410446,6.844741344451904,2756800,0.0,0.0
2002-09-04 00:00:00-04:00,6.835697896128341,6.91581368576992,6.776256671943678,6.914521217346191,2167200,0.0,0.0
2002-09-05 00:00:00-04:00,6.855080248474018,6.977838619062495,6.79822396310764,6.915813446044922,2220400,0.0,0.0
2002-09-06 00:00:00-04:00,6.951994011446966,6.971377091826263,6.913228343620583,6.924858093261719,2657200,0.0,0.0
2002-09-09 00:00:00-04:00,6.9132282508171565,7.079921162458346,6.900306526025894,7.0644145011901855,2420400,0.0,0.0
2002-09-10 00:00:00-04:00,7.081212757966127,7.107056699094725,7.032109319115008,7.082505226135254,2384000,0.0,0.0
2002-09-11 00:00:00-04:00,7.123228484541062,7.145206034556423,7.07798131268177,7.085738182067871,1131200,0.00625,0.0
2002-09-12 00:00:00-04:00,7.085735339658324,7.096077334867297,6.966799189234715,6.970677375793457,3623600,0.0,0.0
2002-09-13 00:00:00-04:00,6.970681424959939,7.028856722919175,6.8737227594136385,7.014636039733887,3008400,0.0,0.0
2002-09-16 00:00:00-04:00,7.014633707752857,7.039196877146003,6.89311239820395,6.987485408782959,1268400,0.0,0.0
2002-09-17 00:00:00-04:00,7.071518367220476,7.077982179255014,6.915091847461347,6.922848224639893,2018400,0.0,0.0
2002-09-18 00:00:00-04:00,6.871139372492378,7.035322320499592,6.834941126156367,6.9577555656433105,2442400,0.0,0.0
2002-09-19 00:00:00-04:00,6.893115362882701,6.9551688557128415,6.83494005924278,6.845282554626465,1683200,0.0,0.0
2002-09-20 00:00:00-04:00,6.851746681759472,6.92802086266007,6.735396069145902,6.774179935455322,3228400,0.0,0.0
2002-09-23 00:00:00-04:00,6.76900612984988,6.785812432689859,6.668169299124325,6.735393524169922,1816800,0.0,0.0
2002-09-24 00:00:00-04:00,6.70178267523536,6.734102228936696,6.595774578547557,6.5996527671813965,2283600,0.0,0.0
2002-09-25 00:00:00-04:00,6.644898996043901,6.717294465001488,6.567331788101586,6.664290428161621,2788800,0.0,0.0
2002-09-26 00:00:00-04:00,6.7030775269962595,6.825891971588135,6.6798074009406445,6.825891971588135,2302400,0.0,0.0
2002-09-27 00:00:00-04:00,6.787105042961008,6.806496968918047,6.529841225295811,6.588016510009766,2034000,0.0,0.0
2002-09-30 00:00:00-04:00,6.523379195525674,6.624216547615187,6.386344590957751,6.545356750488281,3329200,0.0,0.0
2002-10-01 00:00:00-04:00,6.57637993287298,6.8944045847424,6.535010960674153,6.877598285675049,2201200,0.0,0.0
2002-10-02 00:00:00-04:00,6.858206302734858,6.865963169886511,6.567330442167957,6.628091335296631,2879600,0.0,0.0
2002-10-03 00:00:00-04:00,6.615163504120398,6.748320350177791,6.476835906232836,6.48330020904541,2222400,0.0,0.0
2002-10-04 00:00:00-04:00,6.541477223554779,6.628093880627921,6.346267343598612,6.444518566131592,2460000,0.0,0.0
2002-10-07 00:00:00-04:00,6.470373967831909,6.546648127402621,6.307483648882144,6.348852634429932,2338400,0.0,0.0
2002-10-08 00:00:00-04:00,6.373415170974231,6.696610671461333,6.351438113656562,6.629385948181152,2895200,0.0,0.0
2002-10-09 00:00:00-04:00,6.584136217164727,6.584136217164727,6.3346293482799165,6.360485076904297,3041200,0.0,0.0
2002-10-10 00:00:00-04:00,6.329461843456791,6.697905084432285,6.329461843456791,6.6888556480407715,2574400,0.0,0.0
2002-10-11 00:00:00-04:00,6.709539193220308,7.004293349683269,6.697904134772705,6.929311752319336,2526800,0.0,0.0
2002-10-14 00:00:00-04:00,6.890526879237144,6.951287781505174,6.819423979035027,6.9331889152526855,1535600,0.0,0.0
2002-10-15 00:00:00-04:00,7.039197874571257,7.204673807728874,7.032734063399259,7.154255390167236,3863600,0.0,0.0
2002-10-16 00:00:00-04:00,7.154256861769286,7.200797100832302,7.071518878171605,7.136157989501953,2753200,0.0,0.0
2002-10-17 00:00:00-04:00,7.414104944381301,7.536919339169014,7.326195724522131,7.3817853927612305,5158400,0.0,0.0
2002-10-18 00:00:00-04:00,7.336537978484595,7.355929906087084,7.1814040371363,7.337830543518066,2112800,0.0,0.0
2002-10-21 00:00:00-04:00,7.330073539939552,7.5175270158178416,7.242164330467764,7.498135089874268,2244000,0.0,0.0
2002-10-22 00:00:00-04:00,7.478743977986682,7.517527834095425,7.339123772729739,7.376614570617676,1877600,0.0,0.0
2002-10-23 00:00:00-04:00,7.304219752975618,7.38178649114253,7.213724896342691,7.374030113220215,3074800,0.0,0.0
2002-10-24 00:00:00-04:00,7.381783380764043,7.411517794128376,7.162010884175077,7.191744804382324,1963600,0.0,0.0
2002-10-25 00:00:00-04:00,7.191747475734796,7.389542993398237,7.105130812386203,7.3611016273498535,1688800,0.0,0.0
2002-10-28 00:00:00-05:00,7.433497751357871,7.523992605223249,7.129694127478331,7.242166042327881,2135600,0.0,0.0
2002-10-29 00:00:00-05:00,7.20726030093685,7.217602794586406,6.957753312949596,7.079274654388428,2817200,0.0,0.0
2002-10-30 00:00:00-05:00,7.105129838330744,7.176232750546805,7.026270056485636,7.138742446899414,2145600,0.0,0.0
2002-10-31 00:00:00-05:00,7.1258128300834045,7.204672595319855,7.096078909170121,7.110299587249756,2351200,0.0,0.0
2002-11-01 00:00:00-05:00,7.058589924312294,7.234408365220055,7.0146353140853535,7.2111382484436035,1794400,0.0,0.0
2002-11-04 00:00:00-05:00,7.271899781133708,7.3636871977911635,7.213724484253186,7.235702037811279,1974000,0.0,0.0
2002-11-05 00:00:00-05:00,7.268019605136942,7.279654661331733,7.151669043189031,7.174939155578613,1591200,0.0,0.0
2002-11-06 00:00:00-05:00,7.207258487718601,7.207258487718601,6.98102167420277,7.145205020904541,1833200,0.0,0.0
2002-11-07 00:00:00-05:00,7.125815409225777,7.158134964502037,6.949996949617758,7.005586624145508,1678800,0.0,0.0
2002-11-08 00:00:00-05:00,6.992659870350746,7.1296949793287245,6.977146619969743,7.032736301422119,1544000,0.0,0.0
2002-11-11 00:00:00-05:00,7.032734240206641,7.07539578954011,6.955167024721033,6.984900951385498,1012400,0.0,0.0
2002-11-12 00:00:00-05:00,7.010756564106768,7.0792738507062305,6.982315202956568,7.00687837600708,1469600,0.0,0.0
2002-11-13 00:00:00-05:00,6.987485288984392,7.084443920634936,6.912504203616333,7.041782379150391,1753200,0.0,0.0
2002-11-14 00:00:00-05:00,7.103836445472637,7.20725889602179,7.097372634780279,7.181403160095215,2202400,0.0,0.0
2002-11-15 00:00:00-05:00,7.1633057372605125,7.271899455522607,7.09478844242324,7.2602643966674805,1939600,0.0,0.0
2002-11-18 00:00:00-05:00,7.299049112816485,7.299049112816485,7.106424816642233,7.129694938659668,1714800,0.0,0.0
2002-11-19 00:00:00-05:00,7.129693270710554,7.224066302077776,7.087031225940007,7.173647880554199,1498400,0.0,0.0
2002-11-20 00:00:00-05:00,7.160719221955797,7.311974968233375,7.129692730978006,7.297754287719727,1940000,0.0,0.0
2002-11-21 00:00:00-05:00,7.359807957629817,7.430910868922802,7.295168857698522,7.304218292236328,2998400,0.0,0.0
2002-11-22 00:00:00-05:00,7.304217445018604,7.3817841586763,7.226650731360908,7.3145599365234375,2123200,0.0,0.0
2002-11-25 00:00:00-05:00,7.284823384409246,7.350755515531071,7.162009539314815,7.229233741760254,1688800,0.0,0.0
2002-11-26 00:00:00-05:00,7.226653753113941,7.304220499205397,7.14908651386514,7.265437126159668,2768400,0.0,0.0
2002-11-27 00:00:00-05:00,7.271899572361164,7.3675656681689725,7.226652394507151,7.358515739440918,1391200,0.0,0.0
2002-11-29 00:00:00-05:00,7.371442497154332,7.389541364957649,7.32102408165733,7.322316646575928,952800,0.0,0.0
2002-12-02 00:00:00-05:00,7.374028126112427,7.38566318301785,7.177525216797047,7.225358009338379,2152400,0.0,0.0
2002-12-03 00:00:00-05:00,7.225358571247865,7.25767812148115,7.1103010513225255,7.124521732330322,2344400,0.0,0.0
2002-12-04 00:00:00-05:00,7.124523196226477,7.177527249773669,7.027564525604249,7.027564525604248,3766400,0.0,0.0
2002-12-05 00:00:00-05:00,7.028857153795869,7.1103025759314935,6.929312858553952,7.000416278839111,2640000,0.0,0.0
2002-12-06 00:00:00-05:00,6.9706797582706,7.090908514253903,6.9551665135764456,7.002999305725098,1927600,0.0,0.0
2002-12-09 00:00:00-05:00,6.977145582827825,7.037906009937031,6.819425999067503,6.846574306488037,3030000,0.0,0.0
2002-12-10 00:00:00-05:00,6.8491610612190845,6.90475074358921,6.807792064081878,6.885358810424805,2603600,0.0,0.0
2002-12-11 00:00:00-05:00,6.875655347731677,6.975246351877182,6.862721656134062,6.945498466491699,2270400,0.00625,0.0
2002-12-12 00:00:00-05:00,6.922215662135622,6.926095669947985,6.794169977053247,6.822624683380127,2374000,0.0,0.0
2002-12-13 00:00:00-05:00,6.5962832755045095,6.779944259290019,6.5962832755045095,6.717861652374268,5032400,0.0,0.0
2002-12-16 00:00:00-05:00,6.730796525330986,6.840734393807153,6.730796525330986,6.803225994110107,3497200,0.0,0.0
2002-12-17 00:00:00-05:00,6.777362610568104,6.78900313826529,6.658370494842528,6.658370494842529,2109200,0.0,0.0
2002-12-18 00:00:00-05:00,6.6260292862815,6.6260292862815,6.513504623911564,6.5548930168151855,3873600,0.0,0.0
2002-12-19 00:00:00-05:00,6.554896144304908,6.5820571975967095,6.415209881566279,6.464358806610107,2606800,0.0,0.0
2002-12-20 00:00:00-05:00,6.5290299108790615,6.6286209581397335,6.469534114351051,6.558777809143066,5635200,0.0,0.0
2002-12-23 00:00:00-05:00,6.566535663826233,6.566535663826233,6.430729924709008,6.450130462646484,3095600,0.0,0.0
2002-12-24 00:00:00-05:00,6.408744004902648,6.497988184071535,6.408744004902648,6.4760003089904785,774000,0.0,0.0
2002-12-26 00:00:00-05:00,6.450131447250936,6.626032447711967,6.450131447250936,6.464358806610107,2007600,0.0,0.0
2002-12-27 00:00:00-05:00,6.463064883438086,6.5212669927594975,6.3453665061303335,6.357007026672363,1209200,0.0,0.0
2002-12-30 00:00:00-05:00,6.4152089022925605,6.474705168111499,6.37770099825795,6.450130462646484,1633200,0.0,0.0
2002-12-31 00:00:00-05:00,6.477294804084535,6.488934835843561,6.33890167470813,6.419092178344727,2415200,0.0,0.0
2003-01-02 00:00:00-05:00,6.483761110068211,6.651901631049221,6.461773234012144,6.610513210296631,2885600,0.0,0.0
2003-01-03 00:00:00-05:00,6.623445515020416,6.64802022388341,6.578177093518252,6.62603235244751,1221200,0.0,0.0
2003-01-06 00:00:00-05:00,6.637674247181934,6.842030005694336,6.637674247181934,6.817455291748047,2351600,0.0,0.0
2003-01-07 00:00:00-05:00,6.796760260724685,6.813574458754098,6.635086608027196,6.67130184173584,3164800,0.0,0.0
2003-01-08 00:00:00-05:00,6.671300218691995,6.671300218691995,6.5251471340618075,6.594990253448486,2179200,0.0,0.0
2003-01-09 00:00:00-05:00,6.593694994749966,6.636377055189784,6.492810842275624,6.534199237823486,4146000,0.0,0.0
2003-01-10 00:00:00-05:00,6.535494188213882,6.5717094142170795,6.447543700388404,6.483758926391602,2257200,0.0,0.0
2003-01-13 00:00:00-05:00,6.51609509797815,6.583351397341841,6.473413016436469,6.485053539276123,2782400,0.0,0.0
2003-01-14 00:00:00-05:00,6.482465566129536,6.483759231434474,6.376407707007095,6.41132926940918,3656400,0.0,0.0
2003-01-15 00:00:00-05:00,6.424265995072497,6.424265995072497,6.227671207340433,6.257419109344482,4785200,0.0,0.0
2003-01-16 00:00:00-05:00,6.239308784966808,6.240601956882365,5.981924155560817,6.020725727081299,6382000,0.0,0.0
2003-01-17 00:00:00-05:00,6.02072587562607,6.100915857865366,5.993564824230483,6.080221652984619,3474000,0.0,0.0
2003-01-21 00:00:00-05:00,6.133253580442685,6.206977245576164,6.10221250464975,6.138427257537842,4712400,0.0,0.0
2003-01-22 00:00:00-05:00,6.170759397007742,6.203094125132983,6.028486790612199,6.056941509246826,2820400,0.0,0.0
2003-01-23 00:00:00-05:00,6.05435609592778,6.285872428787518,6.053062430200741,6.2755255699157715,5388000,0.0,0.0
2003-01-24 00:00:00-05:00,6.320791417524378,6.320791417524378,6.1798120076582,6.200506210327148,6132000,0.0,0.0
2003-01-27 00:00:00-05:00,6.175931689003406,6.245774804527933,6.029778612455122,6.08410120010376,5447600,0.0,0.0
2003-01-28 00:00:00-05:00,6.109971222759219,6.184987545013429,6.097037033826521,6.184987545013428,3392800,0.0,0.0
2003-01-29 00:00:00-05:00,6.126784403719116,6.187573853025913,6.085395989455837,6.16170597076416,3313600,0.0,0.0
2003-01-30 00:00:00-05:00,6.150063951756496,6.1759318277231285,6.087981345469798,6.137130260467529,3847200,0.0,0.0
2003-01-31 00:00:00-05:00,6.111262675641596,6.2729362913993105,6.1047958296890315,6.252242088317871,5194800,0.0,0.0
2003-02-03 00:00:00-05:00,6.247070521135891,6.357008912963045,6.231549986937416,6.347955226898193,3530000,0.0,0.0
2003-02-04 00:00:00-05:00,6.349250046577519,6.349250046577519,6.107386311224825,6.20827054977417,4892000,0.0,0.0
2003-02-05 00:00:00-05:00,6.2082682397081435,6.3143261159987185,6.199214554663009,6.240602970123291,3602000,0.0,0.0
2003-02-06 00:00:00-05:00,6.196626652738376,6.230254549503375,6.119023510426073,6.195333480834961,3840400,0.0,0.0
2003-02-07 00:00:00-05:00,6.2341354303896415,6.263883319861281,6.10350285772203,6.153945446014404,2945600,0.0,0.0
2003-02-10 00:00:00-05:00,6.153944093976732,6.3608861028306025,6.153944093976732,6.359592437744141,4006400,0.0,0.0
2003-02-11 00:00:00-05:00,6.372527760017427,6.422969852849453,6.199213611621709,6.243188858032227,3867200,0.0,0.0
2003-02-12 00:00:00-05:00,6.2418984142117795,6.315622080310413,6.179815768424151,6.186283111572266,2458800,0.0,0.0
2003-02-13 00:00:00-05:00,6.195334452739762,6.261297084714357,6.143598687489583,6.201801300048828,3781600,0.0,0.0
2003-02-14 00:00:00-05:00,6.272936151679714,6.402275041405069,6.260002460062662,6.386754512786865,4500000,0.0,0.0
2003-02-18 00:00:00-05:00,6.402277293260966,6.434612027065315,6.301393081675842,6.324674129486084,3214000,0.0,0.0
2003-02-19 00:00:00-05:00,6.342780115139562,6.350540133787622,6.231548576222143,6.338899612426758,2768400,0.0,0.0
2003-02-20 00:00:00-05:00,6.3583000940413275,6.397101664080689,6.30268432940904,6.315618515014648,2425200,0.0,0.0
2003-02-21 00:00:00-05:00,6.341488113813877,6.518682818069321,6.331141255105132,6.454013347625732,3147600,0.0,0.0
2003-02-24 00:00:00-05:00,6.443666434632475,6.468240657455646,6.378996959781977,6.432025909423828,2386800,0.0,0.0
2003-02-25 00:00:00-05:00,6.428144677184725,6.531615718603648,6.40745046890094,6.521268367767334,3569200,0.0,0.0
2003-02-26 00:00:00-05:00,6.522560980113805,6.526440989356493,6.460478365286975,6.486346244812012,3427600,0.0,0.0
2003-02-27 00:00:00-05:00,6.512214104020472,6.693288780460926,6.512214104020472,6.684235095977783,3791200,0.0,0.0
2003-02-28 00:00:00-05:00,6.723037256983197,6.789000384978849,6.723037256983197,6.726917266845703,3657600,0.0,0.0
2003-03-03 00:00:00-05:00,6.790293023964431,6.85237564383402,6.691995665851447,6.7101030349731445,3418800,0.0,0.0
2003-03-04 00:00:00-05:00,6.703635517063568,6.7062218609174415,6.604044503471765,6.6286187171936035,2111600,0.0,0.0
2003-03-05 00:00:00-05:00,6.628621497763483,6.826509942641516,6.627328325294087,6.825216770172119,3240400,0.0,0.0
2003-03-06 00:00:00-05:00,6.792878370579763,6.892469372279882,6.777357842365979,6.878242015838623,4002400,0.0,0.0
2003-03-07 00:00:00-05:00,6.835560459219412,7.09165190759295,6.822626766969276,7.086478233337402,4946400,0.0,0.0
2003-03-10 00:00:00-05:00,6.986886916193313,7.03603583267712,6.763130695085502,6.770890712738037,3619200,0.0,0.0
2003-03-11 00:00:00-05:00,6.776066953711064,6.827802726807439,6.611806441527308,6.635087490081787,4048400,0.0,0.0
2003-03-12 00:00:00-05:00,6.634183495544248,6.647122996630078,6.5203140102697,6.614773750305176,3836400,0.00575,0.0
2003-03-13 00:00:00-05:00,6.715699405171067,6.986138949850912,6.651000954229573,6.97837495803833,3154800,0.0,0.0
2003-03-14 00:00:00-05:00,7.181529139036367,7.349745038165653,7.1297701730227026,7.285046577453613,5588400,0.0,0.0
2003-03-17 00:00:00-05:00,7.246230990290645,7.466205958360816,7.191884494796415,7.4493842124938965,4978400,0.0,0.0
2003-03-18 00:00:00-05:00,7.503728927134965,7.613716131026552,7.398917225809567,7.564545154571533,5372000,0.0,0.0
2003-03-19 00:00:00-05:00,7.537369329943989,7.6227712631225595,7.488198370353298,7.622771263122559,3281200,0.0,0.0
2003-03-20 00:00:00-05:00,7.6227741289519795,7.670650861136948,7.459734192900645,7.647359371185303,3614400,0.0,0.0
2003-03-21 00:00:00-05:00,7.699116381809825,7.81686755378722,7.634417924819826,7.814279556274414,3492000,0.0,0.0
2003-03-24 00:00:00-05:00,7.783225374999328,7.783225374999328,7.533489265806751,7.62536096572876,2722000,0.0,0.0
2003-03-25 00:00:00-05:00,7.605947754887278,7.719817137114739,7.532191579501617,7.639591217041016,3986000,0.0,0.0
2003-03-26 00:00:00-05:00,7.634418171851425,7.634418171851425,7.529606490436551,7.589129447937012,3506000,0.0,0.0
2003-03-27 00:00:00-05:00,7.556778686789358,7.785810751147881,7.515371720857086,7.732758045196533,3533200,0.0,0.0
2003-03-28 00:00:00-05:00,7.713351054678314,7.794871258560869,7.6641800832051725,7.7896952629089355,2848800,0.0,0.0
2003-03-31 00:00:00-05:00,7.792283120756115,7.792283120756115,7.660298195663439,7.674531936645508,3209600,0.0,0.0
2003-04-01 00:00:00-05:00,7.726288863145037,7.991552412259301,7.7198191167978605,7.972143173217773,4954400,0.0,0.0
2003-04-02 00:00:00-05:00,8.061426162719727,8.188235055913704,8.031664937199606,8.061426162719727,3596800,0.0,0.0
2003-04-03 00:00:00-05:00,8.074367548986723,8.115774521557112,7.952734135152411,8.043312072753906,2110800,0.0,0.0
2003-04-04 00:00:00-05:00,8.044608681879552,8.271053359504158,8.044608681879552,8.258113861083984,3085600,0.0,0.0
2003-04-07 00:00:00-04:00,8.342220278183518,8.492320204404997,8.247760578028386,8.274933815002441,5170800,0.0,0.0
2003-04-08 00:00:00-04:00,8.278815659506357,8.35645411496039,8.241290430717413,8.353865623474121,2924400,0.0,0.0
2003-04-09 00:00:00-04:00,8.379745528078852,8.441855502116239,8.26199384700177,8.268464088439941,3694400,0.0,0.0
2003-04-10 00:00:00-04:00,8.269758252279896,8.41080093383789,8.22964502397271,8.41080093383789,3488800,0.0,0.0
2003-04-11 00:00:00-04:00,8.412094176955097,8.511729372533779,8.386214200218955,8.448325157165527,2868800,0.0,0.0
2003-04-14 00:00:00-04:00,8.449620859964467,8.54019832611084,8.449620859964467,8.54019832611084,4949600,0.0,0.0
2003-04-15 00:00:00-04:00,8.347394311531401,8.448323735770987,8.333160573526332,8.392683029174805,5840400,0.0,0.0
2003-04-16 00:00:00-04:00,8.43279607010785,8.572544964576396,8.427620075436417,8.462557792663574,3373600,0.0,0.0
2003-04-17 00:00:00-04:00,8.449622233750231,8.485853226099414,8.274936034330425,8.436681747436523,6275600,0.0,0.0
2003-04-21 00:00:00-04:00,8.436678217318763,8.519492161528461,8.378450002153224,8.48196792602539,4399600,0.0,0.0
2003-04-22 00:00:00-04:00,8.480676628224362,8.76534953698995,8.449621635156582,8.701945304870605,7775200,0.0,0.0
2003-04-23 00:00:00-04:00,8.72135108133331,8.930973423279596,8.66182862700165,8.925798416137695,5594800,0.0,0.0
2003-04-24 00:00:00-04:00,8.731702981907633,8.88439135877175,8.731702981907633,8.766639709472656,3527600,0.0,0.0
2003-04-25 00:00:00-04:00,8.767938373526688,8.861104343611768,8.639834671049469,8.685124397277832,3656400,0.0,0.0
2003-04-28 00:00:00-04:00,8.73170365494079,8.908976784414751,8.72135166552361,8.868864059448242,3602000,0.0,0.0
2003-04-29 00:00:00-04:00,8.740758360055798,8.883094709787056,8.740758360055798,8.846863746643066,4946000,0.0,0.0
2003-04-30 00:00:00-04:00,8.84686842260774,8.84816168110378,8.767936216659269,8.798991203308105,7775600,0.0,0.0
2003-05-01 00:00:00-04:00,8.798991410207183,8.921918101196978,8.78734616014763,8.919330596923828,5026800,0.0,0.0
2003-05-02 00:00:00-04:00,8.896036512907548,8.951677217131623,8.854629546081723,8.903800010681152,5484000,0.0,0.0
2003-05-05 00:00:00-04:00,8.94261722155643,8.987905925861911,8.84039358199851,8.858509063720703,3233200,0.0,0.0
2003-05-06 00:00:00-04:00,8.858513139198141,8.928387595367438,8.806754173085311,8.842985153198242,4390000,0.0,0.0
2003-05-07 00:00:00-04:00,8.842981553631054,8.842981553631054,8.714878929742058,8.740758895874023,4228000,0.0,0.0
2003-05-08 00:00:00-04:00,8.74076418242826,8.74076418242826,8.63207023337369,8.660537719726562,3650400,0.0,0.0
2003-05-09 00:00:00-04:00,8.705824761472185,8.7562894821167,8.66829953559444,8.7562894821167,4491200,0.0,0.0
2003-05-12 00:00:00-04:00,8.75628960575388,9.055197171353635,8.708413375718818,8.927093505859375,2811600,0.0,0.0
2003-05-13 00:00:00-04:00,8.907684718484886,8.916743451856464,8.81840150277083,8.853338241577148,2761200,0.0,0.0
2003-05-14 00:00:00-04:00,8.863691014438624,9.094017425909652,8.863691014438624,9.039670944213867,4575600,0.0,0.0
2003-05-15 00:00:00-04:00,9.044847853048392,9.1211915868622,9.025438111278966,9.101781845092773,3545600,0.0,0.0
2003-05-16 00:00:00-04:00,9.101778447842989,9.135421921871162,9.03449248700675,9.059078216552734,3667600,0.0,0.0
2003-05-19 00:00:00-04:00,9.031906994089105,9.055198483260671,8.954268038703667,8.984029769897461,2452800,0.0,0.0
2003-05-20 00:00:00-04:00,9.022849247706368,9.073313976375358,8.977559527990838,9.057785987854004,4974000,0.0,0.0
2003-05-21 00:00:00-04:00,9.031902642171458,9.096601082338244,9.006022673772831,9.077191352844238,2297600,0.0,0.0
2003-05-22 00:00:00-04:00,9.05131438448719,9.05260863014106,8.864983486357307,8.964618682861328,7242800,0.0,0.0
2003-05-23 00:00:00-04:00,8.928388171400906,9.096604575315391,8.912860184399186,9.069430351257324,3184800,0.0,0.0
2003-05-27 00:00:00-04:00,9.031906498640138,9.280348378028245,9.012496760858507,9.187182426452637,4532400,0.0,0.0
2003-05-28 00:00:00-04:00,9.200122438784957,9.268702660537178,9.17424344510423,9.25446891784668,3789200,0.0,0.0
2003-05-29 00:00:00-04:00,9.22858583177851,9.355395213909636,9.18717886791894,9.196236610412598,3111200,0.0,0.0
2003-05-30 00:00:00-04:00,9.209179177312963,9.354104092835263,9.209179177312963,9.31657886505127,4336400,0.0,0.0
2003-06-02 00:00:00-04:00,9.377395494572166,9.458915203503905,9.316578780687445,9.34245777130127,3756800,0.0,0.0
2003-06-03 00:00:00-04:00,9.347633177340008,9.39292190166808,9.096603825112922,9.238940238952637,3026000,0.0,0.0
2003-06-04 00:00:00-04:00,9.228586227791995,9.398095839112937,9.228586227791995,9.277756690979004,3341200,0.0,0.0
2003-06-05 00:00:00-04:00,9.277759876608586,9.291993618485296,9.136717690837894,9.21176815032959,3630800,0.0,0.0
2003-06-06 00:00:00-04:00,9.238939823329515,9.320459523452797,9.136716143176134,9.145773887634277,3978000,0.0,0.0
2003-06-09 00:00:00-04:00,9.086253109791231,9.086253109791231,8.959443676656127,9.05002212524414,2459200,0.0,0.0
2003-06-10 00:00:00-04:00,9.088837623596193,9.101777115645392,9.031903661135724,9.088837623596191,2823600,0.0,0.0
2003-06-11 00:00:00-04:00,9.093369103152002,9.176212529142965,9.063596784012342,9.158090591430664,2498000,0.00625,0.0
2003-06-12 00:00:00-04:00,9.190451238559534,9.23705078863401,9.105018400899155,9.189156532287598,2629200,0.0,0.0
2003-06-13 00:00:00-04:00,9.216340317273817,9.51535429002222,9.209868760440171,9.48428726196289,4818000,0.0,0.0
2003-06-16 00:00:00-04:00,9.494643863273167,9.849317407156056,9.494643863273167,9.770358085632324,3891200,0.0,0.0
2003-06-17 00:00:00-04:00,9.770355986317183,9.886853871360763,9.62408479553377,9.832488059997559,2922000,0.0,0.0
2003-06-18 00:00:00-04:00,9.832492602236771,9.881680598921019,9.708227409898704,9.850614547729492,2223600,0.0,0.0
2003-06-19 00:00:00-04:00,9.850608658733282,9.850608658733282,9.644794834719793,9.683627128601074,3024000,0.0,0.0
2003-06-20 00:00:00-04:00,9.74835126440698,9.771651042118283,9.683629769383543,9.701751708984375,3181600,0.0,0.0
2003-06-23 00:00:00-04:00,9.703048247267976,9.721170190290094,9.624087929426533,9.695281982421875,3147600,0.0,0.0
2003-06-24 00:00:00-04:00,9.69528254866869,9.712109786008634,9.630561037646299,9.671982765197754,2657600,0.0,0.0
2003-06-25 00:00:00-04:00,9.684925303005395,9.74058583298245,9.578782081604004,9.578782081604004,2454800,0.0,0.0
2003-06-26 00:00:00-04:00,9.578780842103901,9.684924049770297,9.498525836279418,9.612436294555664,3300800,0.0,0.0
2003-06-27 00:00:00-04:00,9.612438174074203,9.612438174074203,9.501117106758514,9.539949417114258,2341200,0.0,0.0
2003-06-30 00:00:00-04:00,9.591725168177383,9.617614358198606,9.435099271942565,9.462282180786133,2741200,0.0,0.0
2003-07-01 00:00:00-04:00,9.462284230205036,9.572310595803685,9.401445854942816,9.547717094421387,3503200,0.0,0.0
2003-07-02 00:00:00-04:00,9.580077503953218,9.692692291281228,9.565838693762261,9.662920951843262,2588800,0.0,0.0
2003-07-03 00:00:00-04:00,9.662918660248378,9.714696049793416,9.45063225192813,9.59560775756836,1296400,0.0,0.0
2003-07-07 00:00:00-04:00,9.647385890181882,9.813072759430415,9.638324920381466,9.701751708984375,4091600,0.0,0.0
2003-07-08 00:00:00-04:00,9.701751905134984,9.73281893442593,9.675863701630856,9.705636024475098,2901200,0.0,0.0
2003-07-09 00:00:00-04:00,9.684926782098406,9.706931858629302,9.539950243196516,9.637032508850098,2630400,0.0,0.0
2003-07-10 00:00:00-04:00,9.604669478585693,9.604669478585693,9.397560891763323,9.488171577453613,1930800,0.0,0.0
2003-07-11 00:00:00-04:00,9.50758663207068,9.6680966407887,9.50758663207068,9.571014404296875,1518400,0.0,0.0
2003-07-14 00:00:00-04:00,9.611138970486486,9.693982378903156,9.529590268080764,9.534768104553223,2248000,0.0,0.0
2003-07-15 00:00:00-04:00,9.567131769545455,9.591725265851531,9.451926601028198,9.497232437133789,4071600,0.0,0.0
2003-07-16 00:00:00-04:00,9.497234372751407,9.552894908743404,9.374262915871874,9.475228309631348,2756800,0.0,0.0
2003-07-17 00:00:00-04:00,9.429922740031024,9.429922740031024,8.614432399059515,8.686920166015625,14847200,0.0,0.0
2003-07-18 00:00:00-04:00,8.698568269179306,8.699862975560102,8.47204304354889,8.626080513000488,9865600,0.0,0.0
2003-07-21 00:00:00-04:00,8.63125863851932,8.715396779785308,8.531587970452723,8.592425346374512,3955200,0.0,0.0
2003-07-22 00:00:00-04:00,8.591135180730555,8.698572156632325,8.58207420715879,8.632556915283203,4535600,0.0,0.0
2003-07-23 00:00:00-04:00,8.632552569390615,8.661030182728814,8.43579868863846,8.44227123260498,2786800,0.0,0.0
2003-07-24 00:00:00-04:00,8.478519209949946,8.618317931650378,8.426741795886226,8.452630996704102,3680800,0.0,0.0
2003-07-25 00:00:00-04:00,8.387903753731903,8.613134215547475,8.387903753731903,8.593717575073242,3364800,0.0,0.0
2003-07-28 00:00:00-04:00,8.593719253670434,8.692096193736694,8.447449043660358,8.655852317810059,2990000,0.0,0.0
2003-07-29 00:00:00-04:00,8.65326708864835,8.659739635723655,8.536768154297048,8.54065227508545,3420400,0.0,0.0
2003-07-30 00:00:00-04:00,8.573010524115313,8.584659920352092,8.483694536013045,8.491460800170898,2778800,0.0,0.0
2003-07-31 00:00:00-04:00,8.556182359543383,8.649381480354887,8.490166151039945,8.541943550109863,3773200,0.0,0.0
2003-08-01 00:00:00-04:00,8.541941328223926,8.554885427731517,8.442270675686844,8.465570449829102,3052800,0.0,0.0
2003-08-04 00:00:00-04:00,8.491461316049932,8.497933861622528,8.350368908227916,8.43968391418457,2978000,0.0,0.0
2003-08-05 00:00:00-04:00,8.413793451861544,8.48110336494496,8.350366670052155,8.35683822631836,2901600,0.0,0.0
2003-08-06 00:00:00-04:00,8.356840003817414,8.504404949046773,8.316712988688721,8.409912109375,2621200,0.0,0.0
2003-08-07 00:00:00-04:00,8.407324786773026,8.44615809257227,8.34260326882228,8.363314628601074,3076800,0.0,0.0
2003-08-08 00:00:00-04:00,8.400849814035606,8.464276599335214,8.371077493343861,8.430621147155762,1208400,0.0,0.0
2003-08-11 00:00:00-04:00,8.426737113615818,8.506992110199935,8.338715854887637,8.393081665039062,2213600,0.0,0.0
2003-08-12 00:00:00-04:00,8.394381222402657,8.450041770935059,8.318010300326971,8.450041770935059,2097600,0.0,0.0
2003-08-13 00:00:00-04:00,8.491461642827723,8.54065062090007,8.349074522897329,8.368491172790527,2206400,0.0,0.0
2003-08-14 00:00:00-04:00,8.394380924175369,8.52641337766479,8.349076057810182,8.483696937561035,1788800,0.0,0.0
2003-08-15 00:00:00-04:00,8.483691762531805,8.62866823403716,8.442270054611905,8.607956886291504,1755200,0.0,0.0
2003-08-18 00:00:00-04:00,8.705041765113185,8.82930692682032,8.702453339640247,8.780118942260742,3611600,0.0,0.0
2003-08-19 00:00:00-04:00,8.869431820949554,8.967808754126976,8.856487721535244,8.952276229858398,4651600,0.0,0.0
2003-08-20 00:00:00-04:00,8.96004169162499,9.033824138024471,8.939330344354978,9.00922966003418,2629600,0.0,0.0
2003-08-21 00:00:00-04:00,9.009232785484429,9.062304890596872,8.883672914922537,8.997583389282227,5050800,0.0,0.0
2003-08-22 00:00:00-04:00,9.041592601795836,9.068775511030335,8.963927005758466,8.975576400756836,3190400,0.0,0.0
2003-08-25 00:00:00-04:00,8.957454328057672,9.046770305336798,8.931566125620753,9.006643295288086,2857200,0.0,0.0
2003-08-26 00:00:00-04:00,8.957456078218145,9.055833044328825,8.92897944500225,9.031238555908203,2625200,0.0,0.0
2003-08-27 00:00:00-04:00,9.032531790895572,9.07136508338299,8.980754396769564,9.061009407043457,2303600,0.0,0.0
2003-08-28 00:00:00-04:00,9.073953288359766,9.102430903816193,8.979460459877936,9.079131126403809,2125200,0.0,0.0
2003-08-29 00:00:00-04:00,9.080427459933508,9.159387776003767,9.03512260339446,9.156798362731934,1510000,0.0,0.0
2003-09-02 00:00:00-04:00,9.189159650050543,9.313424829886868,9.073955442048998,9.28753662109375,2103200,0.0,0.0
2003-09-03 00:00:00-04:00,9.29400877335147,9.384618487860708,9.229287266538638,9.374262809753418,2466800,0.0,0.0
2003-09-04 00:00:00-04:00,9.372965242806982,9.48428528025902,9.301771219511258,9.433802604675293,2758000,0.0,0.0
2003-09-05 00:00:00-04:00,9.43510116198717,9.512766772465614,9.37167436197982,9.41827392578125,2742400,0.0,0.0
2003-09-08 00:00:00-04:00,9.419563656132688,9.577484223524491,9.419563656132688,9.546418190002441,1566000,0.0,0.0
2003-09-09 00:00:00-04:00,9.547713444274798,9.547713444274798,9.424742034088661,9.45710277557373,3084400,0.0,0.0
2003-09-10 00:00:00-04:00,9.457751781131792,9.575584701331032,9.426675108143257,9.49400806427002,2081600,0.00625,0.0
2003-09-11 00:00:00-04:00,9.575589126266678,9.575589126266678,9.402076551664095,9.430563926696777,2292800,0.0,0.0
2003-09-12 00:00:00-04:00,9.431855102152364,9.431855102152364,9.013611647808968,9.017496109008789,10172400,0.0,0.0
2003-09-15 00:00:00-04:00,9.049868541404107,9.110727738697115,8.83362495826882,9.075765609741211,5335600,0.0,0.0
2003-09-16 00:00:00-04:00,9.09130242793578,9.282944050036573,9.064110215837422,9.275174140930176,2530800,0.0,0.0
2003-09-17 00:00:00-04:00,9.275173631575809,9.28682800064059,9.193596999760587,9.238917350769043,1800000,0.0,0.0
2003-09-18 00:00:00-04:00,9.241508491566252,9.45127727474738,9.238918192467178,9.438328742980957,2344000,0.0,0.0
2003-09-19 00:00:00-04:00,9.43962466211303,9.43962466211303,9.297188825250748,9.345098495483398,2122800,0.0,0.0
2003-09-22 00:00:00-04:00,9.345098076276894,9.346393225873921,9.193598174444237,9.306252479553223,2094000,0.0,0.0
2003-09-23 00:00:00-04:00,9.325675265840621,9.452573259344987,9.301073349683959,9.440919876098633,1907200,0.0,0.0
2003-09-24 00:00:00-04:00,9.4499784360918,9.48493955334903,9.198772894930192,9.211721420288086,2185600,0.0,0.0
2003-09-25 00:00:00-04:00,9.227266653422355,9.284240402157206,9.08871526123535,9.096484184265137,2011600,0.0,0.0
2003-09-26 00:00:00-04:00,9.06540584564209,9.140507726312473,9.02526411220949,9.06540584564209,2170800,0.0,0.0
2003-09-29 00:00:00-04:00,9.075759914724296,9.122375398807845,8.94627267847204,9.025259971618652,3244000,0.0,0.0
2003-09-30 00:00:00-04:00,8.973470702125866,9.064111421173706,8.880239683728234,8.948867797851562,3636800,0.0,0.0
2003-10-01 00:00:00-04:00,8.948868474917617,9.323086738586426,8.948868474917617,9.323086738586426,3661600,0.0,0.0
2003-10-02 00:00:00-04:00,9.323085745733191,9.358046882599417,9.22079065858501,9.348982810974121,1788000,0.0,0.0
2003-10-03 00:00:00-04:00,9.390419428366709,9.487534912333688,9.355458288818904,9.403368949890137,2147200,0.0,0.0
2003-10-06 00:00:00-04:00,9.435742498732516,9.497895866577185,9.33215223511144,9.433152198791504,1568400,0.0,0.0
2003-10-07 00:00:00-04:00,9.407252604721243,9.526380684409814,9.36063709738055,9.522496223449707,2132800,0.0,0.0
2003-10-08 00:00:00-04:00,9.523791010187116,9.574290976563713,9.43055999905812,9.55616283416748,1621600,0.0,0.0
2003-10-09 00:00:00-04:00,9.55616283416748,9.651983156534653,9.497892958257024,9.55616283416748,1645200,0.0,0.0
2003-10-10 00:00:00-04:00,9.575585576876577,9.588535097389663,9.45516234663676,9.496598243713379,1388400,0.0,0.0
2003-10-13 00:00:00-04:00,9.54321263909063,9.689533905392224,9.53673886749836,9.598892211914062,1147200,0.0,0.0
2003-10-14 00:00:00-04:00,9.624791456962301,9.641624450683594,9.539329362893307,9.641624450683594,1506000,0.0,0.0
2003-10-15 00:00:00-04:00,9.653278616063833,9.661047537937478,9.55486799138897,9.646803855895996,1527600,0.0,0.0
2003-10-16 00:00:00-04:00,9.666225753269657,9.806072254268056,9.65327722271267,9.756866455078125,1962800,0.0,0.0
2003-10-17 00:00:00-04:00,9.664930172861444,9.734853420242619,9.523789516637798,9.545802116394043,3038000,0.0,0.0
2003-10-20 00:00:00-04:00,9.583354221444173,9.588533831383584,9.402071825203139,9.528968811035156,2252000,0.0,0.0
2003-10-21 00:00:00-04:00,9.528971422468462,9.561343252529154,9.45257437772196,9.461638450622559,1921600,0.0,0.0
2003-10-22 00:00:00-04:00,9.461636301250103,9.461636301250103,9.339917931741157,9.418905258178711,1624000,0.0,0.0
2003-10-23 00:00:00-04:00,9.418904905501734,9.484943697965736,9.114609981032874,9.354161262512207,7041200,0.0,0.0
2003-10-24 00:00:00-04:00,9.354163579695753,9.354163579695753,9.207843265940873,9.245394706726074,3551200,0.0,0.0
2003-10-27 00:00:00-05:00,9.24539401479608,9.484945337688163,9.24539401479608,9.4590482711792,2892800,0.0,0.0
2003-10-28 00:00:00-05:00,9.471994576167512,9.67140510268688,9.439622756691826,9.66493034362793,3783600,0.0,0.0
2003-10-29 00:00:00-05:00,9.666227096734769,9.70118823288868,9.574291232719986,9.697303771972656,2419600,0.0,0.0
2003-10-30 00:00:00-05:00,9.697305576643819,9.71154926125979,9.639036676240211,9.67529296875,1899200,0.0,0.0
2003-10-31 00:00:00-05:00,9.633855014138422,9.686944291753194,9.55616283416748,9.55616283416748,2475600,0.0,0.0
2003-11-03 00:00:00-05:00,9.556164732054773,9.864344201905869,9.544510359394216,9.800895690917969,2563600,0.0,0.0
2003-11-04 00:00:00-05:00,9.785354155397004,9.80477744586283,9.649392110045802,9.772405624389648,1906800,0.0,0.0
2003-11-05 00:00:00-05:00,9.772409961000314,9.772409961000314,9.635153693176166,9.734858512878418,2178000,0.0,0.0
2003-11-06 00:00:00-05:00,9.727084475616714,9.844917382419903,9.675289367917829,9.842328071594238,2542000,0.0,0.0
2003-11-07 00:00:00-05:00,9.869521806560966,9.898009169594618,9.78017525666627,9.803483009338379,1782000,0.0,0.0
2003-11-10 00:00:00-05:00,9.808665279129846,9.84880603542811,9.686946872406166,9.75946044921875,1161600,0.0,0.0
2003-11-11 00:00:00-05:00,9.758164069851148,9.762048531208675,9.659753434517958,9.74262523651123,1266800,0.0,0.0
2003-11-12 00:00:00-05:00,9.74262481519637,9.85268882984248,9.63256080055026,9.826791763305664,2511600,0.0,0.0
2003-11-13 00:00:00-05:00,9.837149980303051,9.88247033606827,9.730970437691825,9.877290725708008,1934000,0.0,0.0
2003-11-14 00:00:00-05:00,9.877293493203327,10.313666156202455,9.877293493203327,10.294242858886719,8793600,0.0,0.0
2003-11-17 00:00:00-05:00,10.294243514601249,10.294243514601249,10.052101833515856,10.155692100524902,5463600,0.0,0.0
2003-11-18 00:00:00-05:00,10.15568850456038,10.194535087911328,10.022316749850262,10.052098274230957,2216800,0.0,0.0
2003-11-19 00:00:00-05:00,10.053391967773655,10.109071535627576,10.022315298339455,10.089648246765137,2776800,0.0,0.0
2003-11-20 00:00:00-05:00,10.061161076790409,10.061161076790409,9.907071888187607,9.936853408813477,2522000,0.0,0.0
2003-11-21 00:00:00-05:00,9.970526608529926,9.996423685076335,9.904487779053394,9.973115921020508,1391600,0.0,0.0
2003-11-24 00:00:00-05:00,10.015840623869797,10.226905516493444,10.015840623869797,10.087059020996094,3373600,0.0,0.0
2003-11-25 00:00:00-05:00,10.09742066671211,10.197125458739492,10.080586684486233,10.098714828491211,2760800,0.0,0.0
2003-11-26 00:00:00-05:00,10.131084483327754,10.195828123153563,10.027495252352187,10.178995132446289,1298000,0.0,0.0
2003-11-28 00:00:00-05:00,10.180296703902858,10.18677047922357,10.11296272277832,10.11296272277832,1095600,0.0,0.0
2003-12-01 00:00:00-05:00,10.175113902325457,10.492357443020593,10.159575068186852,10.462575912475586,2831200,0.0,0.0
2003-12-02 00:00:00-05:00,10.449625108803753,10.462574629619729,10.313664031423622,10.373228073120117,1877200,0.0,0.0
2003-12-03 00:00:00-05:00,10.388766469814462,10.396535391650554,10.159573396552782,10.188060760498047,2222000,0.0,0.0
2003-12-04 00:00:00-05:00,10.213960357672981,10.352511762923989,10.199716672168769,10.294242858886719,2131200,0.0,0.0
2003-12-05 00:00:00-05:00,10.285177952472875,10.32013909448268,10.1518061698316,10.193242073059082,1834000,0.0,0.0
2003-12-08 00:00:00-05:00,10.225608588334897,10.296825985163155,10.202300843139804,10.281288146972656,1408800,0.0,0.0
2003-12-09 00:00:00-05:00,10.339558719537454,10.339558719537454,10.184174384575481,10.212661743164062,1874400,0.0,0.0
2003-12-10 00:00:00-05:00,10.29103110444718,10.29103110444718,10.167979518304778,10.19129467010498,1749600,0.00625,0.0
2003-12-11 00:00:00-05:00,10.223673100384067,10.386879104397742,10.223673100384067,10.359678268432617,2115200,0.0,0.0
2003-12-12 00:00:00-05:00,10.469779173183705,10.70552078481819,10.469779173183705,10.638165473937988,3902400,0.0,0.0
2003-12-15 00:00:00-05:00,10.75085802418469,10.968465792395916,10.447762019295844,10.48661994934082,3338800,0.0,0.0
2003-12-16 00:00:00-05:00,10.511232212312382,10.564338354332827,10.323415397304746,10.535841941833496,2962400,0.0,0.0
2003-12-17 00:00:00-05:00,10.535836379240274,10.614848758281985,10.45034817510088,10.588943481445312,1464400,0.0,0.0
2003-12-18 00:00:00-05:00,10.588943306454214,10.696452081173373,10.547494271266736,10.69127082824707,2083600,0.0,0.0
2003-12-19 00:00:00-05:00,10.749558686381661,10.783236337832887,10.664070479741467,10.770283699035645,4846800,0.0,0.0
2003-12-22 00:00:00-05:00,10.78971821348073,10.823394892508817,10.581177369869575,10.673142433166504,2535600,0.0,0.0
2003-12-23 00:00:00-05:00,10.69256656523794,10.70940489635948,10.577286403335698,10.588943481445312,2037200,0.0,0.0
2003-12-24 00:00:00-05:00,10.614848845525637,10.697746917951894,10.588943568476049,10.634278297424316,1040000,0.0,0.0
2003-12-26 00:00:00-05:00,10.62132479698592,10.697746049836757,10.62132479698592,10.679612159729004,510000,0.0,0.0
2003-12-29 00:00:00-05:00,10.705519260893631,10.803961092200653,10.679612995695484,10.787121772766113,1778400,0.0,0.0
2003-12-30 00:00:00-05:00,10.754736721631653,10.794890186355728,10.71069756525334,10.77934741973877,1755600,0.0,0.0
2003-12-31 00:00:00-05:00,10.734014740441648,10.85836183808869,10.710699597868897,10.827274322509766,2042000,0.0,0.0
2004-01-02 00:00:00-05:00,10.827280587148715,10.880387715823208,10.640760326869412,10.673142433166504,2433200,0.0,0.0
2004-01-05 00:00:00-05:00,10.731422580626525,10.822093009948729,10.622619251307228,10.82209300994873,2152000,0.0,0.0
2004-01-06 00:00:00-05:00,10.796191784265675,10.880385440677472,10.739199961092034,10.845413208007812,2674000,0.0,0.0
2004-01-07 00:00:00-05:00,10.750855942911091,10.75733275744307,10.64723283973835,10.711997032165527,3299600,0.0,0.0
2004-01-08 00:00:00-05:00,10.711991785776505,10.750850677490234,10.63427499057171,10.750850677490234,1894400,0.0,0.0
2004-01-09 00:00:00-05:00,10.763807439627154,11.009911542335738,10.726244093425361,10.814323425292969,2310400,0.0,0.0
2004-01-12 00:00:00-05:00,10.880384465028396,10.943853097705242,10.802667630779968,10.920537948608398,2414800,0.0,0.0
2004-01-13 00:00:00-05:00,10.945147167628319,10.95809980686848,10.710701136245401,10.838933944702148,2572400,0.0,0.0
2004-01-14 00:00:00-05:00,10.831162141222995,11.038407325744629,10.793598797118605,11.038407325744629,2206400,0.0,0.0
2004-01-15 00:00:00-05:00,11.038405717726572,11.118712659154573,10.880380978729372,10.9088773727417,2412400,0.0,0.0
2004-01-16 00:00:00-05:00,11.007315944931959,11.007315944931959,10.87001526775445,10.880377769470215,2393200,0.0,0.0
2004-01-20 00:00:00-05:00,10.893337339066234,10.991779191605827,10.83764009215579,10.941263198852539,2408800,0.0,0.0
2004-01-21 00:00:00-05:00,10.996961928282051,11.025458335876465,10.927016470065757,11.025458335876465,2729200,0.0,0.0
2004-01-22 00:00:00-05:00,10.838934945021961,10.945148177750497,10.566925542982846,10.841525077819824,6015600,0.0,0.0
2004-01-23 00:00:00-05:00,10.886858876008615,10.930898043344465,10.697746603851895,10.763806343078613,2358400,0.0,0.0
2004-01-26 00:00:00-05:00,10.701631593533463,10.766395762244267,10.63168617273906,10.704221725463867,3800000,0.0,0.0
2004-01-27 00:00:00-05:00,10.705515962639327,10.813024706587669,10.699039151279482,10.750850677490234,3108800,0.0,0.0
2004-01-28 00:00:00-05:00,10.770280036739328,10.80913793991792,10.583758939169574,10.630389213562012,2530800,0.0,0.0
2004-01-29 00:00:00-05:00,10.688684589397319,10.731429204394386,10.582471326455863,10.701638221740723,2358000,0.0,0.0
2004-01-30 00:00:00-05:00,10.686092127498856,10.750856322210971,10.583764581266934,10.705521583557129,2914400,0.0,0.0
2004-02-02 00:00:00-05:00,10.664072873948903,10.744379845455445,10.582469353581654,10.65371036529541,2202400,0.0,0.0
2004-02-03 00:00:00-05:00,10.644643370916024,10.763809255242526,10.594127376729283,10.65112018585205,2082800,0.0,0.0
2004-02-04 00:00:00-05:00,10.618733673625124,10.618733673625124,10.472366017987952,10.524177551269531,2586400,0.0,0.0
2004-02-05 00:00:00-05:00,10.517701733244351,10.730128150378576,10.46589118328802,10.68220329284668,1952400,0.0,0.0
2004-02-06 00:00:00-05:00,10.711993144420802,10.758623425102513,10.587646058677167,10.744375228881836,2140400,0.0,0.0
2004-02-09 00:00:00-05:00,10.6537120771026,10.727543233731094,10.601900513733414,10.678322792053223,1552000,0.0,0.0
2004-02-10 00:00:00-05:00,10.557858572506923,10.620031641749335,10.524180916870465,10.565629959106445,3053200,0.0,0.0
2004-02-11 00:00:00-05:00,10.537133781395099,10.775466520488502,10.450350001777545,10.741788864135742,1878000,0.0,0.0
2004-02-12 00:00:00-05:00,10.73789554039204,10.73789554039204,10.543603103551012,10.591527938842773,1956800,0.0,0.0
2004-02-13 00:00:00-05:00,10.614848766899515,10.904993006465233,10.604487249090212,10.66666030883789,3851200,0.0,0.0
2004-02-17 00:00:00-05:00,10.718471802323862,10.879086692206105,10.718471802323862,10.857067108154297,2233600,0.0,0.0
2004-02-18 00:00:00-05:00,10.859658157528564,10.912765264021012,10.803961906655578,10.814323425292969,1580400,0.0,0.0
2004-02-19 00:00:00-05:00,10.828566489620421,10.881673570926333,10.721057755432291,10.823385238647461,3591200,0.0,0.0
2004-02-20 00:00:00-05:00,10.893332806861467,11.055243226072319,10.837635583124024,10.956801414489746,3327200,0.0,0.0
2004-02-23 00:00:00-05:00,10.880381023950433,10.990479920000599,10.85447575013493,10.951622009277344,2214000,0.0,0.0
2004-02-24 00:00:00-05:00,10.88685748955381,10.929601091164876,10.822093318856222,10.923125267028809,2849600,0.0,0.0
2004-02-25 00:00:00-05:00,10.919240228621156,10.956802580238477,10.756034231989945,10.781939506530762,3170800,0.0,0.0
2004-02-26 00:00:00-05:00,10.789715035231962,10.863546176312488,10.711997212432953,10.807848930358887,2006800,0.0,0.0
2004-02-27 00:00:00-05:00,10.64593343355226,10.860949940904742,10.64593343355226,10.706811904907227,3554000,0.0,0.0
2004-03-01 00:00:00-05:00,10.746970066865368,10.87002163509681,10.671843367752864,10.816915512084961,2726800,0.0,0.0
2004-03-02 00:00:00-05:00,10.816912622762201,10.908877631294395,10.788416228074478,10.851884841918945,2890000,0.0,0.0
2004-03-03 00:00:00-05:00,10.853181713674719,11.035816192626953,10.838933514609005,11.035816192626953,2569600,0.0,0.0
2004-03-04 00:00:00-05:00,11.02286543900134,11.02286543900134,10.937377218210093,10.995664596557617,1732400,0.0,0.0
2004-03-05 00:00:00-05:00,11.00731987056422,11.338912137946801,11.00472875009991,11.193840026855469,5429200,0.0,0.0
2004-03-08 00:00:00-05:00,11.15887021413719,11.259902193141214,11.11353547845886,11.157574653625488,1726000,0.0,0.0
2004-03-09 00:00:00-05:00,11.138142265885682,11.138142265885682,11.034520181367713,11.074673652648926,2054000,0.0,0.0
2004-03-10 00:00:00-05:00,11.149175551424422,11.149175551424422,10.967782614402706,10.99628734588623,3208400,0.00625,0.0
2004-03-11 00:00:00-05:00,10.961304180100397,10.961304180100397,10.663302408326437,10.695693969726562,3793200,0.0,0.0
2004-03-12 00:00:00-05:00,10.759180112590101,10.992398739005397,10.759180112590101,10.954825401306152,3938000,0.0,0.0
2004-03-15 00:00:00-05:00,11.072735219182984,11.13363153471412,10.776028291252208,10.903003692626953,3409600,0.0,0.0
2004-03-16 00:00:00-05:00,11.084393366856224,11.19452448447507,11.045523095455659,11.147880554199219,4423200,0.0,0.0
2004-03-17 00:00:00-05:00,10.94834337893705,11.32019871110359,10.94834337893705,11.24116325378418,3602400,0.0,0.0
2004-03-18 00:00:00-05:00,11.24116684310382,11.362958432007702,11.230801307044617,11.325385093688965,3340000,0.0,0.0
2004-03-19 00:00:00-05:00,11.466611128842109,11.539167899887255,11.362957751481726,11.382392883300781,3706000,0.0,0.0
2004-03-22 00:00:00-05:00,11.383690358010398,11.383690358010398,11.217845722670955,11.324090003967285,2520800,0.0,0.0
2004-03-23 00:00:00-05:00,11.330566883886378,11.370733089025665,11.292993545532228,11.292993545532227,2743600,0.0,0.0
2004-03-24 00:00:00-05:00,11.294288035982685,11.298174864722204,11.114191055297852,11.114191055297852,3134400,0.0,0.0
2004-03-25 00:00:00-05:00,11.172500393452646,11.292997069446942,11.081803407315558,11.256717681884766,3255200,0.0,0.0
2004-03-26 00:00:00-05:00,11.226914638039066,11.370733240244935,11.194523078776697,11.261897087097168,2531600,0.0,0.0
2004-03-29 00:00:00-05:00,11.287814297331307,11.375919404367176,11.232100759227563,11.2787446975708,2626000,0.0,0.0
2004-03-30 00:00:00-05:00,11.298176326688257,11.452360476719564,11.27874218047592,11.401829719543457,2542000,0.0,0.0
2004-03-31 00:00:00-05:00,11.413492345892326,11.4290406542876,11.305953092156333,11.350005149841309,2137200,0.0,0.0
2004-04-01 00:00:00-05:00,11.375918508216305,11.495119235253418,11.375918508216305,11.431632041931152,4174800,0.0,0.0
2004-04-02 00:00:00-05:00,11.596180043207013,11.601362812127105,11.378508691123649,11.434222221374512,3141600,0.0,0.0
2004-04-05 00:00:00-04:00,11.43422337872352,11.527511251703386,11.426449718812597,11.50159740447998,2424000,0.0,0.0
2004-04-06 00:00:00-04:00,11.50677634302612,11.554716203044872,11.360366861878058,11.382392883300781,1943200,0.0,0.0
2004-04-07 00:00:00-04:00,11.369437639671732,11.39275960257564,11.273558898183209,11.298175811767578,2236800,0.0,0.0
2004-04-08 00:00:00-04:00,11.466615238926325,11.637642680915585,11.452362869717868,11.515850067138672,2888400,0.0,0.0
2004-04-12 00:00:00-04:00,11.550833838002255,11.651895376300573,11.531398698672827,11.574155807495117,1529600,0.0,0.0
2004-04-13 00:00:00-04:00,11.64800805499751,11.649303994501429,11.383692741394043,11.383692741394043,3262800,0.0,0.0
2004-04-14 00:00:00-04:00,11.384987516871806,11.531397033454683,11.21007227667826,11.294290542602539,2724400,0.0,0.0
2004-04-15 00:00:00-04:00,11.466614925461357,11.594885256318697,11.423857819004846,11.556015968322754,5371600,0.0,0.0
2004-04-16 00:00:00-04:00,11.62209058811748,11.74517910133996,11.620795637529044,11.646708488464355,3645200,0.0,0.0
2004-04-19 00:00:00-04:00,11.614318921090073,11.72056320975285,11.535283427126194,11.680397987365723,2381600,0.0,0.0
2004-04-20 00:00:00-04:00,11.71278831774887,11.771092730463785,11.482160568237303,11.482160568237305,2416400,0.0,0.0
2004-04-21 00:00:00-04:00,11.466610621256368,11.692055570246911,11.421262641360544,11.658369064331055,3062800,0.0,0.0
2004-04-22 00:00:00-04:00,11.628566532629826,11.916203656835572,11.536574648597552,11.809959411621094,2462000,0.0,0.0
2004-04-23 00:00:00-04:00,11.693356642924565,11.693356642924565,11.452363285662534,11.499007225036621,3500000,0.0,0.0
2004-04-26 00:00:00-04:00,11.531394740604044,11.5508298732625,11.29688017512456,11.409602165222168,2322000,0.0,0.0
2004-04-27 00:00:00-04:00,11.401827255234354,11.504184686715261,11.356479276353395,11.39534854888916,2703600,0.0,0.0
2004-04-28 00:00:00-04:00,11.343524929079447,11.350002648098856,11.167314760154998,11.20229721069336,2518400,0.0,0.0
2004-04-29 00:00:00-04:00,11.213956963680815,11.369436035427224,11.175086701488297,11.302062034606934,3430800,0.0,0.0
2004-04-30 00:00:00-04:00,11.31890862232073,11.425152916633916,11.27356062874415,11.339638710021973,3181600,0.0,0.0
2004-05-03 00:00:00-04:00,11.40182865109206,11.444585745776518,11.342228301764601,11.432924270629883,2783600,0.0,0.0
2004-05-04 00:00:00-04:00,11.425153730486763,11.435519269331817,11.159542481527339,11.175090789794922,3340800,0.0,0.0
2004-05-05 00:00:00-04:00,11.146586157553733,11.343527443421946,11.123264189188081,11.154359817504883,2719200,0.0,0.0
2004-05-06 00:00:00-04:00,11.090871461056425,11.110306597413212,10.922435919159168,11.000175476074219,3199200,0.0,0.0
2004-05-07 00:00:00-04:00,10.967780187760882,11.006649458765077,10.781204523703105,10.795456886291504,2444800,0.0,0.0
2004-05-10 00:00:00-04:00,10.79546082132477,10.79546082132477,10.58556312275035,10.677556037902832,2115600,0.0,0.0
2004-05-11 00:00:00-04:00,10.645163696793363,10.753998873558045,10.628319451452125,10.700876235961914,1941600,0.0,0.0
2004-05-12 00:00:00-04:00,10.700877171825342,10.761773473512726,10.533737562678107,10.755295753479004,2852000,0.0,0.0
2004-05-13 00:00:00-04:00,10.715128340609294,11.013131107148716,10.712537450588197,10.84987735748291,2657200,0.0,0.0
2004-05-14 00:00:00-04:00,10.849872693797806,10.856351398833795,10.698280485667055,10.75399398803711,3096000,0.0,0.0
2004-05-17 00:00:00-04:00,10.682737422762118,10.816191496929275,10.566128583052075,10.74881649017334,3946800,0.0,0.0
2004-05-18 00:00:00-04:00,10.781208385202364,10.877087140901,10.74752088079015,10.78509521484375,2080800,0.0,0.0
2004-05-19 00:00:00-04:00,10.844697444677676,10.966490066493575,10.624435159937544,10.65423583984375,2277600,0.0,0.0
2004-05-20 00:00:00-04:00,10.65422845465946,10.76435952069005,10.650340638530906,10.75399398803711,2157200,0.0,0.0
2004-05-21 00:00:00-04:00,10.818780407313849,10.99369462338241,10.73197126883335,10.791571617126465,2801200,0.0,0.0
2004-05-24 00:00:00-04:00,10.870608004627357,10.91336510213585,10.742337700613863,10.779911041259766,1535600,0.0,0.0
2004-05-25 00:00:00-04:00,10.792872110162378,11.032569543579978,10.726793026962046,11.0066556930542,3190800,0.0,0.0
2004-05-26 00:00:00-04:00,11.006652967282912,11.0260881032361,10.910774215362482,10.94316577911377,2189200,0.0,0.0
2004-05-27 00:00:00-04:00,11.000172488256151,11.142695135307722,10.943163034030793,11.096051216125488,2582000,0.0,0.0
2004-05-28 00:00:00-04:00,11.097352458790189,11.216553203219165,11.066256827311392,11.112899780273438,2011200,0.0,0.0
2004-06-01 00:00:00-04:00,11.127149473303177,11.175089342870269,10.998879159368393,11.061071395874023,2546400,0.0,0.0
2004-06-02 00:00:00-04:00,11.090873066477748,11.272266051211181,11.077916636535127,11.181570053100586,2080800,0.0,0.0
2004-06-03 00:00:00-04:00,11.155656310776358,11.155656310776358,11.009246772859338,11.019612312316895,1792000,0.0,0.0
2004-06-04 00:00:00-04:00,11.06884248331652,11.166017150679648,11.05329418067416,11.107712745666504,2058400,0.0,0.0
2004-06-07 00:00:00-04:00,11.162131929320006,11.273558976354431,11.154357282623481,11.245054244995117,1192400,0.0,0.0
2004-06-08 00:00:00-04:00,11.245054063774704,11.259306429224676,11.090869922186071,11.199706077575684,1793600,0.0,0.0
2004-06-09 00:00:00-04:00,11.171839163434186,11.304035498485003,11.152399398395373,11.188688278198242,1505200,0.00625,0.0
2004-06-10 00:00:00-04:00,11.282005026561672,11.515291145929368,11.282005026561672,11.340326309204102,3167600,0.0,0.0
2004-06-14 00:00:00-04:00,11.340325568790377,11.340325568790377,11.081118127218026,11.135551452636719,3091600,0.0,0.0
2004-06-15 00:00:00-04:00,11.177023327766019,11.301442766861259,11.177023327766019,11.208128929138184,1749600,0.0,0.0
2004-06-16 00:00:00-04:00,11.208132046528169,11.221092222972366,11.118705148106477,11.126481056213379,1957600,0.0,0.0
2004-06-17 00:00:00-04:00,11.12777703088826,11.151105743295076,11.051310311244455,11.104448318481445,1586400,0.0,0.0
2004-06-18 00:00:00-04:00,11.020205918327477,11.147218019340112,11.020205918327477,11.051310539245605,2017600,0.0,0.0
2004-06-21 00:00:00-04:00,11.055193048943257,11.131658736870522,11.008535650317386,11.021495819091797,1641600,0.0,0.0
2004-06-22 00:00:00-04:00,10.99687647701274,11.138145059254903,10.99687647701274,11.107039451599121,4066000,0.0,0.0
2004-06-23 00:00:00-04:00,11.127775067316447,11.175728797912598,11.016315793129193,11.175728797912598,2125200,0.0,0.0
2004-06-24 00:00:00-04:00,11.165363015547506,11.206836175086611,11.099264827632705,11.100561141967773,1794800,0.0,0.0
2004-06-25 00:00:00-04:00,11.210721219205107,11.266450855569254,11.09796563247824,11.129071235656738,4742800,0.0,0.0
2004-06-28 00:00:00-04:00,11.243124860943507,11.243124860943507,11.022798890311693,11.030574798583984,3104400,0.0,0.0
2004-06-29 00:00:00-04:00,11.062974708425132,11.073343244358323,10.990396934488809,11.007245063781738,1469200,0.0,0.0
2004-06-30 00:00:00-04:00,11.026682836711375,11.101853218682589,10.98391337916247,11.055195808410645,1831600,0.0,0.0
2004-07-01 00:00:00-04:00,11.060380267535889,11.06556453465292,10.906152523195095,10.987802505493164,3076000,0.0,0.0
2004-07-02 00:00:00-04:00,11.018907837266688,11.037053267757372,10.913929140501669,10.946330070495605,1314000,0.0,0.0
2004-07-06 00:00:00-04:00,10.945037618599928,10.945037618599928,10.833578300986387,10.903564453125,2761600,0.0,0.0
2004-07-07 00:00:00-04:00,10.903562864984645,10.903562864984645,10.789511923740061,10.816728591918945,2575600,0.0,0.0
2004-07-08 00:00:00-04:00,10.766182326947996,10.799879575224592,10.702676773071289,10.702676773071289,2778400,0.0,0.0
2004-07-09 00:00:00-04:00,10.702675426616022,10.714339286783982,10.615841171594823,10.628801345825195,3807200,0.0,0.0
2004-07-12 00:00:00-04:00,10.632688156008985,10.696193695068358,10.576958522892204,10.69619369506836,3224800,0.0,0.0
2004-07-13 00:00:00-04:00,10.718226477051047,10.751923718689149,10.604175567626955,10.604175567626953,2560000,0.0,0.0
2004-07-14 00:00:00-04:00,10.539376326718177,10.606769837914362,10.110388254393351,10.562705039978027,3437600,0.0,0.0
2004-07-15 00:00:00-04:00,10.563995879024391,10.563995879024391,10.136303353863212,10.238690376281738,6102000,0.0,0.0
2004-07-16 00:00:00-04:00,10.299605251323923,10.303493203759224,10.173889515661624,10.181665420532227,2671600,0.0,0.0
2004-07-19 00:00:00-04:00,10.044287563793741,10.206292201919448,10.037806982749578,10.135009765625,4479200,0.0,0.0
2004-07-20 00:00:00-04:00,9.985967976644504,10.081874461754232,9.90172535282739,10.008000373840332,5185200,0.0,0.0
2004-07-21 00:00:00-04:00,9.90820731971438,10.141494489431464,9.888767546236494,9.939312934875488,4392400,0.0,0.0
2004-07-22 00:00:00-04:00,9.901725433938667,10.058545832766892,9.897837480142615,10.017072677612305,5031200,0.0,0.0
2004-07-23 00:00:00-04:00,9.995038798109906,9.995038798109906,9.847290642980818,9.882283210754395,3055200,0.0,0.0
2004-07-26 00:00:00-04:00,9.880986572136347,9.95356532210859,9.761751396264724,9.831737518310547,2981600,0.0,0.0
2004-07-27 00:00:00-04:00,9.791564193343968,9.864141980525924,9.7552743109548,9.766939163208008,2814400,0.0,0.0
2004-07-28 00:00:00-04:00,9.734536474196286,9.856364299750073,9.694359633342597,9.799338340759277,2907200,0.0,0.0
2004-07-29 00:00:00-04:00,9.79674510064522,9.85636368430274,9.726759959269426,9.821370124816895,3048400,0.0,0.0
2004-07-30 00:00:00-04:00,9.772121067299437,9.936717363054806,9.766936799641275,9.930237770080566,3460000,0.0,0.0
2004-08-02 00:00:00-04:00,9.930241995894141,9.965234581480392,9.823966935671345,9.961346626281738,3188800,0.0,0.0
2004-08-03 00:00:00-04:00,9.962638161222317,10.018367799528749,9.901724255538786,9.975598335266113,2561200,0.0,0.0
2004-08-04 00:00:00-04:00,9.97559635094706,10.006700960224503,9.873209315411197,9.95226764678955,2492800,0.0,0.0
2004-08-05 00:00:00-04:00,9.948383354904086,9.965231485129399,9.8252592086792,9.8252592086792,2881200,0.0,0.0
2004-08-06 00:00:00-04:00,9.798041769735319,9.804522351740953,9.620485292837618,9.677510261535645,4044400,0.0,0.0
2004-08-09 00:00:00-04:00,9.707321911505833,9.752683030165562,9.651592254638672,9.651592254638672,4025600,0.0,0.0
2004-08-10 00:00:00-04:00,9.597158912246996,9.672328342255309,9.474034745829758,9.651592254638672,3788000,0.0,0.0
2004-08-11 00:00:00-04:00,9.700840358902342,9.788970947265625,9.62955889064262,9.788970947265625,2737600,0.0,0.0
2004-08-12 00:00:00-04:00,9.746205116616464,9.7552773428338,9.686587488788474,9.704731941223145,2575200,0.0,0.0
2004-08-13 00:00:00-04:00,9.720278193249774,9.743606900465487,9.559569870651437,9.599746704101562,3117600,0.0,0.0
2004-08-16 00:00:00-04:00,9.632147237026876,9.900426864624023,9.624371331205964,9.900426864624023,3044800,0.0,0.0
2004-08-17 00:00:00-04:00,9.900428547663386,9.921165618441437,9.818778556270221,9.844698905944824,2706800,0.0,0.0
2004-08-18 00:00:00-04:00,9.781191896063044,10.011886335621163,9.76304745624147,9.998926162719727,2428000,0.0,0.0
2004-08-19 00:00:00-04:00,9.966527194574251,10.071505901142242,9.966527194574251,10.036513328552246,2507200,0.0,0.0
2004-08-20 00:00:00-04:00,10.03651354901039,10.109091324153043,10.024848698692162,10.092243194580078,1480800,0.0,0.0
2004-08-23 00:00:00-04:00,10.059845749434746,10.144087415311198,10.053365164921924,10.08446979522705,1647200,0.0,0.0
2004-08-24 00:00:00-04:00,10.093538280635126,10.232214234164417,10.071505883531875,10.20240592956543,2373200,0.0,0.0
2004-08-25 00:00:00-04:00,10.160934202973829,10.354043513709446,10.160934202973829,10.351451873779297,2285200,0.0,0.0
2004-08-26 00:00:00-04:00,10.351451635431257,10.451246085613462,10.320346024196857,10.447358131408691,2580400,0.0,0.0
2004-08-27 00:00:00-04:00,10.426619494354213,10.482349136797934,10.414955633488256,10.469388961791992,1736400,0.0,0.0
2004-08-30 00:00:00-04:00,10.468092825101373,10.483645628650926,10.413659495874912,10.430508613586426,1480000,0.0,0.0
2004-08-31 00:00:00-04:00,10.45642506075364,10.462905640346312,10.337189911110363,10.40717601776123,2948400,0.0,0.0
2004-09-01 00:00:00-04:00,10.408473589341712,10.408473589341712,10.27757455473382,10.306086540222168,1844000,0.0,0.0
2004-09-02 00:00:00-04:00,10.29312533938253,10.43828183543908,10.245172604504987,10.434393882751465,1793600,0.0,0.0
2004-09-03 00:00:00-04:00,10.46161528206631,10.551042189604901,10.455134698784489,10.505680084228516,1272000,0.0,0.0
2004-09-07 00:00:00-04:00,10.497903168567118,10.589921707314838,10.490127260413198,10.562705039978027,1954800,0.0,0.0
2004-09-08 00:00:00-04:00,10.562704330193739,10.599006579785168,10.43564546746162,10.455093383789062,1576400,0.0075,0.0
2004-09-09 00:00:00-04:00,10.484909958178653,10.484909958178653,10.335810637774363,10.364334106445312,1845200,0.0,0.0
2004-09-10 00:00:00-04:00,10.364338328408913,10.364338328408913,10.260616761747027,10.27487850189209,2547600,0.0,0.0
2004-09-13 00:00:00-04:00,10.27488069016939,10.422683311185208,10.273583898290338,10.39156723022461,3518000,0.0,0.0
2004-09-14 00:00:00-04:00,10.798668109220419,11.056674187173272,10.798668109220419,11.017779350280762,8239600,0.0,0.0
2004-09-15 00:00:00-04:00,10.99444718682759,11.033342041883786,10.895911773526224,10.945178985595703,4768400,0.0,0.0
2004-09-16 00:00:00-04:00,10.914060146819248,10.987961440837154,10.914060146819248,10.939990043640137,1512000,0.0,0.0
2004-09-17 00:00:00-04:00,10.941284924048853,11.098163047485333,10.91276144903095,11.08908748626709,3371200,0.0,0.0
2004-09-20 00:00:00-04:00,11.026860227292959,11.0916859758622,10.99703994771964,11.015191078186035,2572400,0.0,0.0
2004-09-21 00:00:00-04:00,11.019078906138333,11.05278856759144,10.969811700293238,11.022968292236328,1722800,0.0,0.0
2004-09-22 00:00:00-04:00,10.929618044169295,10.990553397078552,10.85701255679218,10.867384910583496,2188800,0.0,0.0
2004-09-23 00:00:00-04:00,10.851826873282558,10.89072270718737,10.789594726029431,10.853123664855957,1848000,0.0,0.0
2004-09-24 00:00:00-04:00,10.840162679050518,10.867389377071298,10.788301877941292,10.790895462036133,1032400,0.0,0.0
2004-09-27 00:00:00-04:00,10.78700213194176,10.794781892933335,10.704025268554688,10.704025268554688,1555600,0.0,0.0
2004-09-28 00:00:00-04:00,10.7688502302368,10.796076918843163,10.718286238658965,10.774036407470703,1734400,0.0,0.0
2004-09-29 00:00:00-04:00,10.754588971750549,10.84015941619873,10.728659073582001,10.84015941619873,1414000,0.0,0.0
2004-09-30 00:00:00-04:00,10.814226463270185,11.078714515196893,10.814226463270185,10.987958908081055,3920000,0.0,0.0
2004-10-01 00:00:00-04:00,11.000927566488622,11.073533065848718,10.89072400946341,10.952957153320312,2514800,0.0,0.0
2004-10-04 00:00:00-04:00,10.981478594779121,11.061862858481696,10.946473134763488,10.986664772033691,2532000,0.0,0.0
2004-10-05 00:00:00-04:00,10.994443657794706,11.02037355284244,10.91924557732935,10.941286087036133,1649600,0.0,0.0
2004-10-06 00:00:00-04:00,10.973698552191943,10.981477322591553,10.876459965548586,10.950361251831055,1835200,0.0,0.0
2004-10-07 00:00:00-04:00,10.969812427722447,10.969812427722447,10.880352584887142,10.901097297668457,1272000,0.0,0.0
2004-10-08 00:00:00-04:00,10.894611769713306,10.936100196372614,10.864792488544301,10.897205352783203,2473200,0.0,0.0
2004-10-11 00:00:00-04:00,10.916652745989502,11.072235094474747,10.893315443174824,11.060565948486328,1832000,0.0,0.0
2004-10-12 00:00:00-04:00,10.99444378009882,11.085199402937562,10.99444378009882,11.068345069885254,3861200,0.0,0.0
2004-10-13 00:00:00-04:00,11.073534845395807,11.148731961972684,10.94258655632046,11.015191078186035,4357600,0.0,0.0
2004-10-14 00:00:00-04:00,11.085197778740936,11.199290686330256,11.035930589155948,11.05278491973877,10844800,0.0,0.0
2004-10-15 00:00:00-04:00,11.074827217943893,11.242077716149227,11.016484457967154,11.207072257995605,11093600,0.0,0.0
2004-10-18 00:00:00-04:00,11.461185646047925,11.615470162143861,11.400249320806227,11.51952838897705,18984800,0.0,0.0
2004-10-19 00:00:00-04:00,11.502676676199751,11.503973467650917,11.335426188833324,11.357466697692871,9487600,0.0,0.0
2004-10-20 00:00:00-04:00,11.345799432822881,11.45081679788447,11.253747015804604,11.33413028717041,6499600,0.0,0.0
2004-10-21 00:00:00-04:00,11.279679057467332,11.502679767214268,11.279679057467332,11.479342460632324,5413200,0.0,0.0
2004-10-22 00:00:00-04:00,11.474154437449114,11.572689825967753,11.470265051837957,11.502677917480469,3871200,0.0,0.0
2004-10-25 00:00:00-04:00,11.400249475818933,11.824209186801138,11.38080156485751,11.784017562866211,5463600,0.0,0.0
2004-10-26 00:00:00-04:00,11.571390801528215,12.022578239440918,11.571390801528215,12.022578239440918,9998800,0.0,0.0
2004-10-27 00:00:00-04:00,12.00053555935288,12.049803733825684,11.924041693541545,12.049803733825684,6947200,0.0,0.0
2004-10-28 00:00:00-04:00,11.975904972807042,12.172974744541163,11.896817507984,12.082219123840332,3996000,0.0,0.0
2004-10-29 00:00:00-04:00,12.082220199915929,12.154824702942948,11.955161330456479,12.128894805908203,4206800,0.0,0.0
2004-11-01 00:00:00-05:00,11.960347803830102,12.048510840758157,11.920156165682465,12.032952308654785,4794800,0.0,0.0
2004-11-02 00:00:00-05:00,12.038139333849362,12.172976987421738,11.997947692871094,11.997947692871094,2466400,0.0,0.0
2004-11-03 00:00:00-05:00,12.044619850364649,12.21835231781006,12.044619850364649,12.218352317810059,2877600,0.0,0.0
2004-11-04 00:00:00-05:00,12.161306985913255,12.583970020882951,12.160010194386004,12.572301864624023,4865600,0.0,0.0
2004-11-05 00:00:00-05:00,12.585265072803962,12.585265072803962,12.187235196897305,12.521736145019531,4327200,0.0,0.0
2004-11-08 00:00:00-05:00,12.519141592818903,12.61378757065397,12.49580429617203,12.510066032409668,2361200,0.0,0.0
2004-11-09 00:00:00-05:00,12.446537335072382,12.446537335072382,12.258543156405326,12.333740234375,4323600,0.0,0.0
2004-11-10 00:00:00-05:00,12.310403058432,12.5321078773569,12.27799020046966,12.420607566833496,3916400,0.0,0.0
2004-11-11 00:00:00-05:00,12.420611115885787,12.427093095833253,12.316889545104237,12.395977020263672,2874400,0.0,0.0
2004-11-12 00:00:00-05:00,12.316885681320604,12.51006603240967,12.132780890640772,12.510066032409668,5061600,0.0,0.0
2004-11-15 00:00:00-05:00,12.41412686228143,12.485435558460681,12.175568658994667,12.239097595214844,4110800,0.0,0.0
2004-11-16 00:00:00-05:00,12.27151045908503,12.276696636003713,12.179458044393153,12.239097595214844,3004000,0.0,0.0
2004-11-17 00:00:00-05:00,12.239097937286763,12.31688861491697,12.075736821849835,12.126300811767578,2760000,0.0,0.0
2004-11-18 00:00:00-05:00,12.096483013415032,12.128895882165702,12.061476561233446,12.083517074584961,1976800,0.0,0.0
2004-11-19 00:00:00-05:00,12.07055151034528,12.093888814224035,11.899411611621817,11.930527687072754,2140800,0.0,0.0
2004-11-22 00:00:00-05:00,11.940898479513754,11.990166664123535,11.890334492586296,11.990166664123535,2319200,0.0,0.0
2004-11-23 00:00:00-05:00,12.00572350326026,12.00572350326026,11.780130267915677,11.922746658325195,2271600,0.0,0.0
2004-11-24 00:00:00-05:00,11.95386815066999,11.991467205144291,11.869595465263327,11.874780654907227,1548400,0.0,0.0
2004-11-26 00:00:00-05:00,11.88125637777065,11.952565056404591,11.863105257602351,11.905890464782715,1150000,0.0,0.0
2004-11-29 00:00:00-05:00,11.9292331329429,11.98368651797097,11.822918957294725,11.88644790649414,2118400,0.0,0.0
2004-11-30 00:00:00-05:00,11.902004939678365,11.925342243056644,11.786615214408593,11.79698657989502,3411600,0.0,0.0
2004-12-01 00:00:00-05:00,11.807357460499297,12.227427879704043,11.799578690065042,12.218352317810059,2694000,0.0,0.0
2004-12-02 00:00:00-05:00,12.206684605910588,12.276696509850213,12.118521577523147,12.192422866821289,1987600,0.0,0.0
2004-12-03 00:00:00-05:00,12.167788634148728,12.169085425640695,12.013504078115572,12.134078979492188,2169600,0.0,0.0
2004-12-06 00:00:00-05:00,12.092590845498721,12.134079271782282,11.89552106794234,11.900707244873047,2544400,0.0,0.0
2004-12-07 00:00:00-05:00,11.887741226830226,11.947380772420644,11.772351520706719,11.785316467285156,2988400,0.0,0.0
2004-12-08 00:00:00-05:00,11.77623359021703,11.82681424834679,11.678962941584693,11.75937271118164,2339200,0.0075,0.0
2004-12-09 00:00:00-05:00,11.737331774772905,11.829414590399873,11.632279729668253,11.828117370605469,1840800,0.0,0.0
2004-12-10 00:00:00-05:00,11.82941207818814,11.82941207818814,11.296368647100877,11.418281555175781,5614400,0.0,0.0
2004-12-13 00:00:00-05:00,11.44162753880647,11.444220988577797,11.332683848126255,11.406609535217285,3740800,0.0,0.0
2004-12-14 00:00:00-05:00,11.40660581853672,11.407903037744031,11.214658934364667,11.248379707336426,4176000,0.0,0.0
2004-12-15 00:00:00-05:00,11.19131588607799,11.300258570754577,11.088857319591101,11.108311653137207,6226800,0.0,0.0
2004-12-16 00:00:00-05:00,11.109611918723198,11.114798818901752,10.928039738321637,11.00844955444336,4260000,0.0,0.0
2004-12-17 00:00:00-05:00,11.009745864060731,11.108313780613939,10.868379592895508,10.868379592895508,4059600,0.0,0.0
2004-12-20 00:00:00-05:00,10.946193847598302,11.183534539802464,10.765918936554966,10.811311721801758,4310400,0.0,0.0
2004-12-21 00:00:00-05:00,10.816501037844754,10.998073192288354,10.812610368522668,10.95397663116455,2960800,0.0,0.0
2004-12-22 00:00:00-05:00,11.030502145049779,11.072004287242834,10.84374201043647,10.898213386535645,2954400,0.0,0.0
2004-12-23 00:00:00-05:00,10.881348629440058,11.145925039005236,10.881348629440058,11.096640586853027,2511200,0.0,0.0
2004-12-27 00:00:00-05:00,11.107016861195513,11.107016861195513,10.91117824247665,10.918960571289062,2102800,0.0,0.0
2004-12-28 00:00:00-05:00,10.891724115799667,11.05773260609953,10.883941787543412,11.046059608459473,1606400,0.0,0.0
2004-12-29 00:00:00-05:00,10.972133724298047,11.077186743213895,10.959164496755827,11.035683631896973,1591600,0.0,0.0
2004-12-30 00:00:00-05:00,11.035683409392627,11.068106972338764,10.990290619165759,11.036980628967285,833200,0.0,0.0
2004-12-31 00:00:00-05:00,11.024013124645462,11.08237515127455,10.990292336854397,11.00326156616211,1296800,0.0,0.0
2005-01-03 00:00:00-05:00,11.147219039657319,11.496096846478249,11.108311363069594,11.354730606079102,6858400,0.0,0.0
2005-01-04 00:00:00-05:00,11.413096631132648,11.413096631132648,11.206883201047502,11.243197441101074,3297600,0.0,0.0
2005-01-05 00:00:00-05:00,11.348246291322734,11.405312075024009,11.197800494106124,11.250975608825684,2703200,0.0,0.0
2005-01-06 00:00:00-05:00,11.266538824651235,11.394935843366882,11.225036708021506,11.311931610107422,1868800,0.0,0.0
2005-01-07 00:00:00-05:00,11.29247795816285,11.327494969203297,11.16797160075777,11.191316604614258,1546800,0.0,0.0
2005-01-10 00:00:00-05:00,11.170560615858419,11.295066923837487,11.104417289096155,11.148512840270996,2610000,0.0,0.0
2005-01-11 00:00:00-05:00,11.116094964042315,11.123876303046664,10.974728694856978,10.991588592529297,3991200,0.0,0.0
2005-01-12 00:00:00-05:00,11.018820246264143,11.025305352726258,10.900799026662565,10.957863807678223,2286000,0.0,0.0
2005-01-13 00:00:00-05:00,10.959164643865932,11.044763327873165,10.860596732142387,10.877457618713379,1600000,0.0,0.0
2005-01-14 00:00:00-05:00,10.886539584509249,10.937120281076488,10.839849558525803,10.880054473876953,1597200,0.0,0.0
2005-01-18 00:00:00-05:00,10.893016845646498,11.291178046294359,10.859297062163076,11.248379707336426,2599200,0.0,0.0
2005-01-19 00:00:00-05:00,11.18353564350866,11.230224663307038,11.03957494645524,11.078482627868652,3842000,0.0,0.0
2005-01-20 00:00:00-05:00,11.155001196870787,11.170563871473737,10.848922729492188,10.848922729492188,6496400,0.0,0.0
2005-01-21 00:00:00-05:00,10.848927462911055,10.882648255077372,10.671245930926156,10.738687515258789,4223200,0.0,0.0
2005-01-24 00:00:00-05:00,10.803535449791564,10.964356102710102,10.725718079180007,10.838552474975586,3412400,0.0,0.0
2005-01-25 00:00:00-05:00,10.84114220936774,10.995478688156794,10.800937307292056,10.84373664855957,2621600,0.0,0.0
2005-01-26 00:00:00-05:00,10.921553214923438,10.979916224008482,10.84243963934428,10.865784645080566,2869600,0.0,0.0
2005-01-27 00:00:00-05:00,10.80353331853924,10.82558110743488,10.55451956278626,10.694589614868164,6278000,0.0,0.0
2005-01-28 00:00:00-05:00,10.708853399304841,10.776293968994922,10.597316273307433,10.704962730407715,2692800,0.0,0.0
2005-01-31 00:00:00-05:00,10.784075613343983,10.880049068186555,10.695883495802889,10.848922729492188,2224800,0.0,0.0
2005-02-01 00:00:00-05:00,10.890425945917967,11.144626548195125,10.842438718898082,11.069403648376465,3895600,0.0,0.0
2005-02-02 00:00:00-05:00,11.02012109034423,11.071998990640575,10.851518161753267,10.900802612304688,3034400,0.0,0.0
2005-02-03 00:00:00-05:00,10.868379036145258,10.98121240546327,10.819094585648982,10.9591646194458,2555200,0.0,0.0
2005-02-04 00:00:00-05:00,10.92803987782007,11.077188491821289,10.895616309101925,11.077188491821289,2216000,0.0,0.0
2005-02-07 00:00:00-05:00,11.075889143867826,11.129063271814406,10.99418113312485,11.113500595092773,2192800,0.0,0.0
2005-02-08 00:00:00-05:00,11.101829434477072,11.16278590035621,10.974729602612657,11.061624526977539,1516800,0.0,0.0
2005-02-09 00:00:00-05:00,11.043466096003153,11.171863132382907,10.900802612304688,10.900802612304688,1849200,0.0,0.0
2005-02-10 00:00:00-05:00,10.941007368372382,11.039575278665357,10.878753690953497,11.024011611938477,1874800,0.0,0.0
2005-02-11 00:00:00-05:00,11.008449654143961,11.280808421957374,10.995480424602558,11.193912506103516,2247600,0.0,0.0
2005-02-14 00:00:00-05:00,11.208177921108659,11.392343536271872,11.208177921108659,11.33398151397705,2595200,0.0,0.0
2005-02-15 00:00:00-05:00,11.327498213156307,11.436441925515258,11.292481192087736,11.328795433044434,2468800,0.0,0.0
2005-02-16 00:00:00-05:00,11.298961770050997,11.335275996442139,11.190018101389112,11.210769653320312,2806400,0.0,0.0
2005-02-17 00:00:00-05:00,11.328789161682206,11.560941918699543,11.324898493660468,11.349540710449219,5050800,0.0,0.0
2005-02-18 00:00:00-05:00,11.358627542880864,11.407911022883738,11.213369564124829,11.223745346069336,4032400,0.0,0.0
2005-02-22 00:00:00-05:00,11.205580504091643,11.32619616502257,11.136842727661133,11.136842727661133,2808400,0.0,0.0
2005-02-23 00:00:00-05:00,11.169271929174656,11.345656231966181,11.169271929174656,11.288590431213379,2492800,0.0,0.0
2005-02-24 00:00:00-05:00,11.319710939501464,11.413090932723701,11.30025660933211,11.388448715209961,2506800,0.0,0.0
2005-02-25 00:00:00-05:00,11.388454230509739,11.410503009773429,11.326201531205525,11.366406440734863,2821600,0.0,0.0
2005-02-28 00:00:00-05:00,11.368999009164767,11.404016023073776,11.284697544472186,11.296369552612305,3086400,0.0,0.0
2005-03-01 00:00:00-05:00,11.324901371308657,11.563539295325464,11.12776655537178,11.337870597839355,8851200,0.0,0.0
2005-03-02 00:00:00-05:00,11.339169166584867,11.484427093683165,11.297667043055165,11.393640518188477,3483200,0.0,0.0
2005-03-03 00:00:00-05:00,11.419583526148974,11.464976333312208,11.289889225974605,11.319718360900879,2190000,0.0,0.0
2005-03-04 00:00:00-05:00,11.367701779351014,11.538898158339846,11.354732551599625,11.511662483215332,2835200,0.0,0.0
2005-03-07 00:00:00-05:00,11.575210225364627,11.691935232257594,11.547974555337678,11.64135456085205,3274400,0.0,0.0
2005-03-08 00:00:00-05:00,11.649136258232343,11.649136258232343,11.467564129618358,11.49350357055664,1835200,0.0,0.0
2005-03-09 00:00:00-05:00,11.490653319277474,11.528268175585719,11.408938900828778,11.425800323486328,1466400,0.002,0.0
2005-03-10 00:00:00-05:00,11.401156360059357,11.611279423915613,11.401156360059357,11.58144760131836,2170800,0.0,0.0
2005-03-11 00:00:00-05:00,11.5814494651152,11.600905564049507,11.445257762153362,11.484169960021973,1703600,0.0,0.0
2005-03-14 00:00:00-05:00,11.576259391742516,11.738391876220703,11.478979901055604,11.738391876220703,3016400,0.0,0.0
2005-03-15 00:00:00-05:00,11.738387910541942,11.884955270745998,11.728011197542234,11.753952980041504,4208800,0.0,0.0
2005-03-16 00:00:00-05:00,11.677425630710225,11.721526164931625,11.5801461756199,11.683911323547363,3304800,0.0,0.0
2005-03-17 00:00:00-05:00,11.660566527050289,11.667051231595563,11.503622427131651,11.532157897949219,2610400,0.0,0.0
2005-03-18 00:00:00-05:00,11.543831045402975,11.717636565920593,11.469898683908793,11.700775146484375,5489600,0.0,0.0
2005-03-21 00:00:00-05:00,11.680023032034908,11.750063385232346,11.53994034648399,11.56069278717041,3838400,0.0,0.0
2005-03-22 00:00:00-05:00,11.560693177538571,11.691696489166869,11.41282844543457,11.41282844543457,3285200,0.0,0.0
2005-03-23 00:00:00-05:00,11.445253370834676,11.694289560402558,11.443957023760523,11.587929725646973,3524800,0.0,0.0
2005-03-24 00:00:00-05:00,11.595714323917006,11.683914426203495,11.550317430735296,11.55550479888916,2007600,0.0,0.0
2005-03-28 00:00:00-05:00,11.615168828890676,11.829182865978183,11.615168828890676,11.659268379211426,2935600,0.0,0.0
2005-03-29 00:00:00-05:00,11.659269925902924,11.932949610261023,11.659269925902924,11.769519805908203,5144000,0.0,0.0
2005-03-30 00:00:00-05:00,11.751362058542458,11.909603518783115,11.660568264754279,11.900524139404297,3542000,0.0,0.0
2005-03-31 00:00:00-05:00,11.907013310842858,11.996509793826675,11.833080917293572,11.901824951171875,4408800,0.0,0.0
2005-04-01 00:00:00-05:00,11.923871667629237,11.948516122326762,11.64240990759879,11.7189359664917,3921200,0.0,0.0
2005-04-04 00:00:00-04:00,11.69947943900846,11.860315572737544,11.639814804719851,11.765629768371582,2802000,0.0,0.0
2005-04-05 00:00:00-04:00,11.748766314399871,11.848639470056598,11.69947741534661,11.74357795715332,1826400,0.0,0.0
2005-04-06 00:00:00-04:00,11.759141006315884,11.827884996247269,11.64370180919713,11.683911323547363,1948400,0.0,0.0
2005-04-07 00:00:00-04:00,11.722825693468963,11.722825693468963,11.589228697218486,11.686508178710938,2538400,0.0,0.0
2005-04-08 00:00:00-04:00,11.712446997496029,11.712446997496029,11.590523094944475,11.660564422607422,2526800,0.0,0.0
2005-04-11 00:00:00-04:00,11.63851993042481,11.686510517568967,11.595716712503053,11.673540115356445,1539200,0.0,0.0
2005-04-12 00:00:00-04:00,11.62813748656538,11.87068695618904,11.62294913031972,11.85771656036377,3143600,0.0,0.0
2005-04-13 00:00:00-04:00,11.857721807058558,11.910901739923835,11.591825111466799,11.668351173400879,2607600,0.0,0.0
2005-04-14 00:00:00-04:00,11.668345790716089,11.724119382334216,11.584036735073187,11.667048454284668,3864000,0.0,0.0
2005-04-15 00:00:00-04:00,11.617769434745204,11.708563262783732,11.349277983741544,11.36613941192627,3080400,0.0,0.0
2005-04-18 00:00:00-04:00,11.398562634732446,11.529565968492664,11.351868396750154,11.51400089263916,3253200,0.0,0.0
2005-04-19 00:00:00-04:00,11.504919738722323,11.742281913608128,11.494544012664516,11.708558082580566,3564000,0.0,0.0
2005-04-20 00:00:00-04:00,11.725422713784793,11.979646357547608,11.648895658447874,11.673540115356445,5920800,0.0,0.0
2005-04-21 00:00:00-04:00,11.816217471284634,11.900526576829064,11.733205702939506,11.879773139953613,4089600,0.0,0.0
2005-04-22 00:00:00-04:00,11.848643712675576,11.897932629377614,11.72023504097277,11.805840492248535,2920800,0.0,0.0
2005-04-25 00:00:00-04:00,11.83826353161834,11.891443454698223,11.702072855885762,11.76303482055664,2618400,0.0,0.0
2005-04-26 00:00:00-04:00,11.756546020507812,11.847339780344974,11.698178744837888,11.756546020507812,3068800,0.0,0.0
2005-04-27 00:00:00-04:00,11.738393803048792,11.917387739045983,11.65797572129905,11.805840492248535,2963200,0.0,0.0
2005-04-28 00:00:00-04:00,11.73968531631922,11.768220782447852,11.633326481389298,11.674832344055176,4277200,0.0,0.0
2005-04-29 00:00:00-04:00,11.76433209565225,11.848641181323815,11.637220788276254,11.838264465332031,3416800,0.0,0.0
2005-05-02 00:00:00-04:00,11.838262147786338,11.925165890231984,11.686506417033204,11.809727668762207,3421200,0.0,0.0
2005-05-03 00:00:00-04:00,11.803243579787154,11.958890352041042,11.791570517178233,11.878473281860352,3242800,0.0,0.0
2005-05-04 00:00:00-04:00,11.894036528672313,12.062654678067894,11.894036528672313,12.043198585510254,2952400,0.0,0.0
2005-05-05 00:00:00-04:00,12.008179824184642,12.127509087871372,11.973158655542566,12.097676277160645,2961200,0.0,0.0
2005-05-06 00:00:00-04:00,12.114538748397916,12.144370569679696,12.004288863145334,12.056170463562012,2202000,0.0,0.0
2005-05-09 00:00:00-04:00,12.041901015808092,12.137884140014647,11.984831065541929,12.137884140014648,1646000,0.0,0.0
2005-05-10 00:00:00-04:00,12.047091512073981,12.070438628921297,11.921277538062588,11.97186279296875,1608400,0.0,0.0
2005-05-11 00:00:00-04:00,11.961485741151355,12.06265624812572,11.89793008746353,12.0444974899292,1431200,0.0,0.0
2005-05-12 00:00:00-04:00,12.062653769265834,12.101565951449464,11.953701242476308,11.967967987060547,1809200,0.0,0.0
2005-05-13 00:00:00-04:00,12.009473183343411,12.009473183343411,11.728011515251865,11.790270805358887,2600000,0.0,0.0
2005-05-16 00:00:00-04:00,11.813619082633103,11.970563175594473,11.790271970233515,11.94332504272461,2572000,0.0,0.0
2005-05-17 00:00:00-04:00,11.943325743472581,12.169013850191723,11.877175422862866,12.146964073181152,3008000,0.0,0.0
2005-05-18 00:00:00-04:00,12.152150462684796,12.181982276261461,12.012067802753608,12.045791625976562,2174800,0.0,0.0
2005-05-19 00:00:00-04:00,12.078217580438036,12.114535085580385,11.965373055536192,12.108049392700195,3580400,0.0,0.0
2005-05-20 00:00:00-04:00,12.185875952653097,12.287047444375704,12.140479059329012,12.211817741394043,4082000,0.0,0.0
2005-05-23 00:00:00-04:00,12.211812386540002,12.270179653851608,12.179385907016304,12.206624031066895,3372400,0.0,0.0
2005-05-24 00:00:00-04:00,12.210518916249375,12.319472436525134,12.131398201994935,12.307798385620117,3721600,0.0,0.0
2005-05-25 00:00:00-04:00,12.267591968486768,12.394703276200469,12.253324231354684,12.351901054382324,2612000,0.0,0.0
2005-05-26 00:00:00-04:00,12.408967244641465,12.473820215698955,12.373947075684654,12.453067779541016,3227200,0.0,0.0
2005-05-27 00:00:00-04:00,12.451775155677367,12.46604289387617,12.341525261068778,12.355792999267578,2287600,0.0,0.0
2005-05-31 00:00:00-04:00,12.402484382525836,12.464742689820177,12.327254687432053,12.460851669311523,2218800,0.0,0.0
2005-06-01 00:00:00-04:00,12.450476314659234,12.672273414077148,12.41934715761235,12.590559005737305,2935200,0.0,0.0
2005-06-02 00:00:00-04:00,12.569807146110264,12.629471778869629,12.50884517645362,12.629471778869629,1877600,0.0,0.0
2005-06-03 00:00:00-04:00,12.567212288704855,12.629471594349148,12.494577256768258,12.615203857421875,2067200,0.0,0.0
2005-06-06 00:00:00-04:00,12.646331118968012,12.69561902759388,12.620390322760281,12.686539649963379,1909200,0.0,0.0
2005-06-07 00:00:00-04:00,12.708591159864353,12.848672853002524,12.63076678752559,12.743611335754395,2274400,0.0,0.0
2005-06-08 00:00:00-04:00,12.799402371889098,12.83054103564243,12.572347594348827,12.577537536621094,1406000,0.0075,0.0
2005-06-09 00:00:00-04:00,12.608676512234581,12.794212746065996,12.552885868778132,12.774750709533691,2563200,0.0,0.0
2005-06-10 00:00:00-04:00,12.77475225437294,12.77475225437294,12.62165239962104,12.702095031738281,1226400,0.0,0.0
2005-06-13 00:00:00-04:00,12.652786544878884,12.78382983732658,12.607375796965343,12.676140785217285,1784400,0.0,0.0
2005-06-14 00:00:00-04:00,12.677445932256479,12.907096261539435,12.672255988048207,12.865577697753906,2108400,0.0,0.0
2005-06-15 00:00:00-04:00,12.935638475255065,12.940828419064285,12.686527111695828,12.8980131149292,2252400,0.0,0.0
2005-06-16 00:00:00-04:00,12.872056922588573,12.958986210445445,12.835728324074063,12.936929702758789,2873200,0.0,0.0
2005-06-17 00:00:00-04:00,12.940823750321437,12.986234504918292,12.839622357254099,12.914875030517578,5777200,0.0,0.0
2005-06-20 00:00:00-04:00,12.887631760824858,12.895416180712617,12.79421476264994,12.846113204956055,2698400,0.0,0.0
2005-06-21 00:00:00-04:00,12.846113902500349,12.974561787025356,12.798107667531372,12.964181900024414,3027200,0.0,0.0
2005-06-22 00:00:00-04:00,12.974559247237098,13.08873501225587,12.900604299123058,13.04202651977539,3434000,0.0,0.0
2005-06-23 00:00:00-04:00,13.039436483274075,13.04592416105881,12.87725443746221,12.882444381713867,2156800,0.0,0.0
2005-06-24 00:00:00-04:00,12.847410645965086,12.977156263835338,12.80070313422186,12.964181900024414,4767200,0.0,0.0
2005-06-27 00:00:00-04:00,12.951205170521895,13.066678670143371,12.87984469777589,13.048514366149902,2611200,0.0,0.0
2005-06-28 00:00:00-04:00,13.06408730930946,13.06408730930946,12.920069586244471,12.935638427734375,2868800,0.0,0.0
2005-06-29 00:00:00-04:00,12.92136142848015,12.946013404662317,12.700794345406635,12.712471961975098,4066800,0.0,0.0
2005-06-30 00:00:00-04:00,12.717660789368606,12.960285370277527,12.717660789368606,12.820159912109375,4061200,0.0,0.0
2005-07-01 00:00:00-04:00,12.830543786427636,12.91358090082599,12.655387404177377,12.73972225189209,1745600,0.0,0.0
2005-07-05 00:00:00-04:00,12.776050272943754,12.99791514548442,12.75269602373524,12.986237525939941,2132800,0.0,0.0
2005-07-06 00:00:00-04:00,12.958990261741372,12.97715456667723,12.808485879432771,12.824054718017578,1600000,0.0,0.0
2005-07-07 00:00:00-04:00,12.694306579226081,12.855191804893787,12.604782805620214,12.842217445373535,2020000,0.0,0.0
2005-07-08 00:00:00-04:00,12.866872686621726,12.974561787025356,12.805892087841825,12.964181900024414,1594800,0.0,0.0
2005-07-11 00:00:00-04:00,12.97455436951893,13.070565794686988,12.888921835537735,13.057591438293457,1520000,0.0,0.0
2005-07-12 00:00:00-04:00,13.04332268851606,13.092626641265692,12.974557691133882,13.055000305175781,1237200,0.0,0.0
2005-07-13 00:00:00-04:00,13.053702782871923,13.091329119568965,12.896710751061637,12.942121505737305,1720800,0.0,0.0
2005-07-14 00:00:00-04:00,13.065379062887416,13.084841097197375,12.672250127323025,12.690414428710938,4395600,0.0,0.0
2005-07-15 00:00:00-04:00,12.691712861421903,12.734529141288556,12.551587394520258,12.689118385314941,4461600,0.0,0.0
2005-07-18 00:00:00-04:00,12.72544825897574,12.869465949338261,12.67484755586246,12.680037498474121,2219200,0.0,0.0
2005-07-19 00:00:00-04:00,12.693010594415503,12.761775594872725,12.62035239497748,12.689118385314941,2799200,0.0,0.0
2005-07-20 00:00:00-04:00,12.651490623478677,12.862975543139562,12.624244172961395,12.811077117919922,2281200,0.0,0.0
2005-07-21 00:00:00-04:00,12.81107785357646,12.829242154964373,12.656681291779206,12.690414428710938,2151200,0.0,0.0
2005-07-22 00:00:00-04:00,12.696900612050085,12.726741536590717,12.621647949493598,12.725444793701172,1566400,0.0,0.0
2005-07-25 00:00:00-04:00,12.77604768816161,12.789022048456895,12.672250826038857,12.689118385314941,1806400,0.0,0.0
2005-07-26 00:00:00-04:00,12.721555340431868,12.868167498988399,12.694307895769235,12.855193138122559,1944800,0.0,0.0
2005-07-27 00:00:00-04:00,12.872061403478238,12.947314092243097,12.86557471713118,12.940826416015625,1733200,0.0,0.0
2005-07-28 00:00:00-04:00,12.957690928643926,13.03943028451837,12.925254534901343,12.961583137512207,2453200,0.0,0.0
2005-07-29 00:00:00-04:00,12.942123942759874,13.01737663032416,12.92785184719146,12.93433952331543,2326400,0.0,0.0
2005-08-01 00:00:00-04:00,12.935633148777624,12.935633148777624,12.71117386326716,12.731932640075684,2821200,0.0,0.0
2005-08-02 00:00:00-04:00,12.738422258098522,12.916174075438827,12.728042373170554,12.900604248046875,2229200,0.0,0.0
2005-08-03 00:00:00-04:00,12.882440949326009,12.982344627380373,12.882440949326009,12.982344627380371,1595200,0.0,0.0
2005-08-04 00:00:00-04:00,12.974560862839823,12.974560862839823,12.812378852054326,12.844815254211426,2106400,0.0,0.0
2005-08-05 00:00:00-04:00,12.818866209553994,12.822758419335152,12.53602075018497,12.538615226745605,3262800,0.0,0.0
2005-08-08 00:00:00-04:00,12.554183003717041,12.584023933748576,12.408867593063576,12.440006256103516,2127200,0.0,0.0
2005-08-09 00:00:00-04:00,12.440005763428863,12.523042854833594,12.338804370146859,12.350481986999512,4382400,0.0,0.0
2005-08-10 00:00:00-04:00,12.351775523922399,12.362155405123733,12.15715720585715,12.245384216308594,4997600,0.0,0.0
2005-08-11 00:00:00-04:00,12.247981275923127,12.38680898795296,12.181810762000847,12.341398239135742,2426400,0.0,0.0
2005-08-12 00:00:00-04:00,12.298585409833455,12.41276118024224,12.263553543879155,12.355673789978027,1443600,0.0,0.0
2005-08-15 00:00:00-04:00,12.336210382676969,12.486714745603548,12.325830498370237,12.440006256103516,1648800,0.0,0.0
2005-08-16 00:00:00-04:00,12.423142327521584,12.459470940437901,12.328427595377933,12.351781845092773,2637600,0.0,0.0
2005-08-17 00:00:00-04:00,12.38421964164457,12.552889351885703,12.338808870389057,12.468554496765137,3060800,0.0,0.0
2005-08-18 00:00:00-04:00,12.469849909268344,12.676144941667365,12.390705012719184,12.634626388549805,5156400,0.0,0.0
2005-08-19 00:00:00-04:00,12.650195886709607,12.69430891517197,12.598297449198316,12.616461753845215,2020400,0.0,0.0
2005-08-22 00:00:00-04:00,12.61776081661095,12.655387163024546,12.533425970503266,12.629437446594238,2943200,0.0,0.0
2005-08-23 00:00:00-04:00,12.629436445675061,12.668360522295444,12.574943530310836,12.634626388549805,2811600,0.0,0.0
2005-08-24 00:00:00-04:00,12.635923517081912,12.686524220338821,12.481525941057813,12.533424377441406,4035600,0.0,0.0
2005-08-25 00:00:00-04:00,12.53472058209219,12.584023546210444,12.462063373943137,12.54639720916748,2648000,0.0,0.0
2005-08-26 00:00:00-04:00,12.546394756714534,12.620349683376002,12.455573264281162,12.521743774414062,1967600,0.0,0.0
2005-08-29 00:00:00-04:00,12.42314398938259,12.611274755671655,12.294696093708541,12.578838348388672,2290000,0.0,0.0
2005-08-30 00:00:00-04:00,12.494501603432477,12.563266612652498,12.436115489843136,12.52434253692627,1754800,0.0,0.0
2005-08-31 00:00:00-04:00,12.513961802559798,12.524341687366745,12.33361551103035,12.508772850036621,3849600,0.0,0.0
2005-09-01 00:00:00-04:00,12.508777723581156,12.699502984345715,12.508777723581156,12.66706657409668,3742800,0.0,0.0
2005-09-02 00:00:00-04:00,12.72803936059033,12.773450109051605,12.651489954595618,12.715065002441406,2163200,0.0,0.0
2005-09-06 00:00:00-04:00,12.789026381242193,12.80978615665203,12.707286992797258,12.800704002380371,2255600,0.0,0.0
2005-09-07 00:00:00-04:00,12.801999218092442,12.801999218092442,12.674810404068527,12.704660415649414,2106000,0.0075,0.0
2005-09-08 00:00:00-04:00,12.638469455699845,12.639767583619395,12.563194869450998,12.595641136169434,1932000,0.0,0.0
2005-09-09 00:00:00-04:00,12.596937517005792,12.761765096533217,12.52425820078159,12.720233917236328,2532400,0.0,0.0
2005-09-12 00:00:00-04:00,12.720231027305358,12.796803719476117,12.66701868988674,12.779932022094727,1481200,0.0,0.0
2005-09-13 00:00:00-04:00,12.77993461180434,12.796806312604588,12.635873120553201,12.670914649963379,2648800,0.0,0.0
2005-09-14 00:00:00-04:00,12.670916792997492,12.67870457099132,12.548919493151898,12.58006763458252,1858400,0.0,0.0
2005-09-15 00:00:00-04:00,12.635873258169235,12.717637487804396,12.556704294000301,12.699467658996582,1783600,0.0,0.0
2005-09-16 00:00:00-04:00,12.77085264193668,13.243270275077812,12.77085264193668,13.240674018859863,8739600,0.0,0.0
2005-09-19 00:00:00-04:00,13.240669141007235,13.240669141007235,13.110884103007951,13.174479484558105,3340800,0.0,0.0
2005-09-20 00:00:00-04:00,13.173183679580688,13.174481807440316,12.965527780204866,12.978506088256836,2898800,0.0,0.0
2005-09-21 00:00:00-04:00,12.939572905239446,13.02004001643717,12.904531367084322,12.920105934143066,2889600,0.0,0.0
2005-09-22 00:00:00-04:00,12.757872747706314,13.518413335370209,12.667022604806531,13.505434036254883,7782800,0.0,0.0
2005-09-23 00:00:00-04:00,13.387329144521207,13.89349107684049,13.380839495445008,13.876618385314941,8250000,0.0,0.0
2005-09-26 00:00:00-04:00,13.906466579541094,13.925934532661108,13.700107860758918,13.757213592529297,5924400,0.0,0.0
2005-09-27 00:00:00-04:00,13.562538965305931,13.810428908762729,13.492454913074921,13.76370620727539,4673200,0.0,0.0
2005-09-28 00:00:00-04:00,13.655981949652718,13.762405641929172,13.430156259247806,13.723469734191895,6676400,0.0,0.0
2005-09-29 00:00:00-04:00,13.723472305358243,13.81302431582327,13.6650694229915,13.770195007324219,4979200,0.0,0.0
2005-09-30 00:00:00-04:00,13.75721794123145,13.75721794123145,13.545668625581643,13.59758186340332,4180800,0.0,0.0
2005-10-03 00:00:00-04:00,13.705303004049188,13.711792653531862,13.554752839829744,13.580709457397461,3388400,0.0,0.0
2005-10-04 00:00:00-04:00,13.822108401322245,13.861044314018244,13.521007112374875,13.539176940917969,2651600,0.0,0.0
2005-10-05 00:00:00-04:00,13.497641267569858,13.646894229622466,13.370451519945782,13.440535545349121,2478400,0.0,0.0
2005-10-06 00:00:00-04:00,13.460007942458251,13.606664698221728,13.43924284854142,13.546963691711426,2491600,0.0,0.0
2005-10-07 00:00:00-04:00,13.588495761840925,13.591092017614347,13.453520167066603,13.502838134765625,2207600,0.0,0.0
2005-10-10 00:00:00-04:00,13.535283480417416,13.671557193813381,13.375647427374842,13.495050430297852,1854800,0.0,0.0
2005-10-11 00:00:00-04:00,13.495046994336255,13.65987353624353,13.376942149282263,13.43274974822998,3079600,0.0,0.0
2005-10-12 00:00:00-04:00,13.387327647769549,13.69232230680428,13.387327647769549,13.680642127990723,4872000,0.0,0.0
2005-10-13 00:00:00-04:00,13.919445851386326,14.243908458644748,13.861042978152328,14.158249855041504,6898000,0.0,0.0
2005-10-14 00:00:00-04:00,14.230934207227557,14.881157734693156,14.127105747248377,14.756563186645508,6477200,0.0,0.0
2005-10-17 00:00:00-04:00,14.406140803414392,14.626774996222967,14.172527313232422,14.172527313232422,5985200,0.0,0.0
2005-10-18 00:00:00-04:00,14.172531684713645,14.172531684713645,13.937620984481825,14.005109786987305,4152800,0.0,0.0
2005-10-19 00:00:00-04:00,14.062212949660768,14.460653097994715,14.014193104700013,14.439888000488281,4098800,0.0,0.0
2005-10-20 00:00:00-04:00,14.472335256655974,14.538524937766065,14.067405430764133,14.136191368103027,2176000,0.0,0.0
2005-10-21 00:00:00-04:00,14.224444493165295,14.581353461238328,14.133595333728426,14.356825828552246,3052800,0.0,0.0
2005-10-24 00:00:00-04:00,14.356822287844363,14.66571034393271,14.289333508751268,14.659220695495605,1992000,0.0,0.0
2005-10-25 00:00:00-04:00,14.659220449961966,14.659220449961966,14.338652220273762,14.512563705444336,1820800,0.0,0.0
2005-10-26 00:00:00-04:00,14.512568977011584,14.724118320931522,14.472335915268827,14.582653045654297,2104400,0.0,0.0
2005-10-27 00:00:00-04:00,14.583947184904833,14.737093591492233,14.525543315252717,14.561882972717285,1416800,0.0,0.0
2005-10-28 00:00:00-04:00,14.683885766127291,15.07453918457031,14.652737620160192,15.074539184570312,2448800,0.0,0.0
2005-10-31 00:00:00-05:00,15.001857888732372,15.110877877852769,14.931774812375544,15.030410766601562,3440400,0.0,0.0
2005-11-01 00:00:00-05:00,15.030403484285767,15.295165055092077,14.979787403562034,15.243250846862793,2902000,0.0,0.0
2005-11-02 00:00:00-05:00,15.24455324230428,15.528782844543457,15.153704095104352,15.528782844543457,3631600,0.0,0.0
2005-11-03 00:00:00-05:00,15.528778329693134,15.652073706500522,15.266612026541901,15.326313018798828,3810800,0.0,0.0
2005-11-04 00:00:00-05:00,15.327615965425858,15.489847296537862,15.293871571303752,15.444422721862793,1810000,0.0,0.0
2005-11-07 00:00:00-05:00,15.406785190717697,15.611845834300704,15.33410587002761,15.583292961120605,1504400,0.0,0.0
2005-11-08 00:00:00-05:00,15.52229270084485,15.561228614222301,15.379529335429886,15.532675743103027,915200,0.0,0.0
2005-11-09 00:00:00-05:00,15.489846390299304,15.489846390299304,15.282190496661208,15.302956581115723,2381200,0.0,0.0
2005-11-10 00:00:00-05:00,15.302956525819637,15.867521324983056,15.179660127724654,15.83767032623291,2425600,0.0,0.0
2005-11-11 00:00:00-05:00,15.807818305286563,15.892177789340138,15.662458703679105,15.697500228881836,2632400,0.0,0.0
2005-11-14 00:00:00-05:00,15.596268370697677,15.637799544826542,15.514504150119963,15.561226844787598,2217200,0.0,0.0
2005-11-15 00:00:00-05:00,15.50412121505892,15.665054392136065,15.37433617124609,15.463888168334961,2086000,0.0,0.0
2005-11-16 00:00:00-05:00,15.49634122737881,15.49634122737881,15.266621044552613,15.300365447998047,1471600,0.0,0.0
2005-11-17 00:00:00-05:00,15.301662326498178,16.092053050212957,15.075836546891336,15.924630165100098,8005600,0.0,0.0
2005-11-18 00:00:00-05:00,15.989515813979704,15.989515813979704,15.53007766436853,15.710478782653809,3728000,0.0,0.0
2005-11-21 00:00:00-05:00,15.711778470834737,15.713076598637954,15.511909366939065,15.631312370300293,1885600,0.0,0.0
2005-11-22 00:00:00-05:00,15.580695601473654,15.802627917481013,15.567716304367808,15.800031661987305,2042000,0.0,0.0
2005-11-23 00:00:00-05:00,15.814309047877792,15.980433762938878,15.794841091229388,15.822096824645996,2869600,0.0,0.0
2005-11-25 00:00:00-05:00,15.906462147753343,15.906462147753343,15.701402434445486,15.740337371826172,605600,0.0,0.0
2005-11-28 00:00:00-05:00,15.820794265885194,15.976535895090992,15.74681684348527,15.931111335754395,1942800,0.0,0.0
2005-11-29 00:00:00-05:00,16.028461503653656,16.133587128641295,15.959675551986098,16.072587966918945,2526000,0.0,0.0
2005-11-30 00:00:00-05:00,16.17121905044445,16.17121905044445,15.916840439514843,15.962265014648438,2323600,0.0,0.0
2005-12-01 00:00:00-05:00,16.08426178927849,16.151749581709943,15.924625737104726,16.07777214050293,2008400,0.0,0.0
2005-12-02 00:00:00-05:00,16.079068501519483,16.143961021419127,15.951879717017691,16.05440902709961,1830000,0.0,0.0
2005-12-05 00:00:00-05:00,16.05441362529351,16.105029726097847,15.955777679725944,16.025861740112305,2351600,0.0,0.0
2005-12-06 00:00:00-05:00,16.099841942631393,16.16603163025472,15.798740552266745,15.827292442321777,2187600,0.0,0.0
2005-12-07 00:00:00-05:00,15.798727646928558,15.87532018779534,15.52870905429708,15.646842002868652,2597200,0.0075,0.0
2005-12-08 00:00:00-05:00,15.679295923714948,15.811709808406178,15.570250127310441,15.624773025512695,1832000,0.0,0.0
2005-12-09 00:00:00-05:00,15.749399017690731,16.116781379792542,15.749399017690731,16.034996032714844,3036400,0.0,0.0
2005-12-12 00:00:00-05:00,16.002536012144482,16.16091285972153,15.668906468966117,15.76756763458252,3353600,0.0,0.0
2005-12-13 00:00:00-05:00,15.767570182757808,16.214140908367714,15.64554190531209,16.012924194335938,4468400,0.0,0.0
2005-12-14 00:00:00-05:00,16.084323231589973,16.12326772942584,15.811707785039276,15.838969230651855,3544800,0.0,0.0
2005-12-15 00:00:00-05:00,15.889602053243149,15.897390756824327,15.493659780780332,15.713050842285156,8018800,0.0,0.0
2005-12-16 00:00:00-05:00,15.792237624141015,15.863636377065017,15.536497985777151,15.546883583068848,3422800,0.0,0.0
2005-12-19 00:00:00-05:00,15.352159566108305,15.535201031445691,15.285952615042579,15.407980918884277,4242000,0.0,0.0
2005-12-20 00:00:00-05:00,15.506636912630382,15.60919243938386,15.44172842661615,15.528706550598145,3055600,0.0,0.0
2005-12-21 00:00:00-05:00,15.62736837599412,15.71174961475162,15.354752904214118,15.435239791870117,2969600,0.0,0.0
2005-12-22 00:00:00-05:00,15.436542683463347,15.480679995888158,15.324899964426693,15.415771484375,1921600,0.0,0.0
2005-12-23 00:00:00-05:00,15.448220496608542,15.507936188080572,15.319701964754062,15.483270645141602,1726800,0.0,0.0
2005-12-27 00:00:00-05:00,15.558573450439242,15.639060379058217,15.343077659606935,15.343077659606934,1592000,0.0,0.0
2005-12-28 00:00:00-05:00,15.344370002140304,15.396297003603715,15.28854864889154,15.389806747436523,1580800,0.0,0.0
2005-12-29 00:00:00-05:00,15.420958189115895,15.56505510695578,15.391099849834028,15.398889541625977,1074000,0.0,0.0
2005-12-30 00:00:00-05:00,15.324897559322938,15.34436931738074,15.110699306860933,15.160029411315918,2096800,0.0,0.0
2006-01-03 00:00:00-05:00,15.160025808023835,15.16132425506078,14.82509778308476,14.996456146240234,6388000,0.0,0.0
2006-01-04 00:00:00-05:00,15.053579742295708,15.113295445591358,14.88611568742469,15.062666893005371,4650000,0.0,0.0
2006-01-05 00:00:00-05:00,15.078242003218643,15.314508860591255,14.884814985749426,15.188586235046387,4713600,0.0,0.0
2006-01-06 00:00:00-05:00,15.318402924815555,15.318402924815555,15.019823488585626,15.092521667480469,2402000,0.0,0.0
2006-01-09 00:00:00-05:00,15.150941743869838,15.44562688447633,15.097717289619057,15.426154136657715,3210000,0.0,0.0
2006-01-10 00:00:00-05:00,15.393699685401028,15.456011289094029,15.253497091454152,15.39110279083252,2996400,0.0,0.0
2006-01-11 00:00:00-05:00,15.391101348011695,15.391101348011695,15.128871475404678,15.326192855834961,3512800,0.0,0.0
2006-01-12 00:00:00-05:00,15.245709914086836,15.337879871989704,14.980883095830265,14.987373352050781,3720400,0.0,0.0
2006-01-13 00:00:00-05:00,15.099014893053784,15.626072584448098,14.958813286334092,15.14574909210205,3060800,0.0,0.0
2006-01-17 00:00:00-05:00,15.113296893144625,15.135365548349663,14.774474399278155,14.867942810058594,4630800,0.0,0.0
2006-01-18 00:00:00-05:00,14.779666273396288,14.988671737075492,14.217558386844757,14.279870986938477,14064800,0.0,0.0
2006-01-19 00:00:00-05:00,14.409684536546601,14.409684536546601,14.06696779437084,14.092930793762207,10358000,0.0,0.0
2006-01-20 00:00:00-05:00,13.963112789034874,14.312320750588361,13.963112789034874,14.037108421325684,8252000,0.0,0.0
2006-01-23 00:00:00-05:00,13.994272542087371,14.191593939897688,13.994272542087371,14.08514404296875,5552400,0.0,0.0
2006-01-24 00:00:00-05:00,14.028026597936968,14.042306549099878,13.734640851413186,13.768392562866211,6867600,0.0,0.0
2006-01-25 00:00:00-05:00,13.768390571220667,13.877437365197515,13.704780519148816,13.778776168823242,6720400,0.0,0.0
2006-01-26 00:00:00-05:00,13.870943572689217,13.930659262303891,13.76059934208765,13.798246383666992,6084400,0.0,0.0
2006-01-27 00:00:00-05:00,13.721654028635617,13.929361983508096,13.611309796625195,13.639869689941406,5623200,0.0,0.0
2006-01-30 00:00:00-05:00,13.611310727804197,13.8514719528274,13.551595033341805,13.77747631072998,6508000,0.0,0.0
2006-01-31 00:00:00-05:00,13.71516331633994,13.760599058542601,13.620396490810192,13.635974884033203,3738400,0.0,0.0
2006-02-01 00:00:00-05:00,13.57885950634023,13.807337728972758,13.513950999148905,13.552896499633789,4614000,0.0,0.0
2006-02-02 00:00:00-05:00,13.552893090105082,13.654150177382064,13.397112117780903,13.630783081054688,4542400,0.0,0.0
2006-02-03 00:00:00-05:00,13.491875457407604,13.660637886129473,13.439948480075897,13.586642265319824,3852000,0.0,0.0
2006-02-06 00:00:00-05:00,13.47111228268133,13.58665034641609,13.40101196057753,13.40230941772461,3504800,0.0,0.0
2006-02-07 00:00:00-05:00,13.24132974596991,13.500963662557554,13.111512787676087,13.436055183410645,6405600,0.0,0.0
2006-02-08 00:00:00-05:00,13.378941950464567,13.66194309762023,13.371153246092252,13.57886028289795,5228800,0.0,0.0
2006-02-09 00:00:00-05:00,13.57885796915543,13.615206570599721,13.372449415057453,13.373746871948242,3571200,0.0,0.0
2006-02-10 00:00:00-05:00,13.403606417744774,13.468514923399713,13.338697912089836,13.401010513305664,2137200,0.0,0.0
2006-02-13 00:00:00-05:00,13.358174269677535,13.413995639234154,13.208884468265607,13.241338729858398,3178000,0.0,0.0
2006-02-14 00:00:00-05:00,13.241332590402079,13.661939348307614,13.210176791037782,13.563279151916504,2784800,0.0,0.0
2006-02-15 00:00:00-05:00,13.63077894252303,13.86055449462442,13.50485635001463,13.680109024047852,4812000,0.0,0.0
2006-02-16 00:00:00-05:00,13.682711643320866,13.72814739405779,13.542509049254,13.677518844604492,2661200,0.0,0.0
2006-02-17 00:00:00-05:00,13.75930680828972,13.821619418820642,13.60482521522669,13.708678245544434,2863600,0.0,0.0
2006-02-21 00:00:00-05:00,13.708674489304235,13.903399982022831,13.708674489304235,13.830702781677246,2762800,0.0,0.0
2006-02-22 00:00:00-05:00,13.893013343763217,14.134473015876711,13.886523088747262,14.111105918884277,2698800,0.0,0.0
2006-02-23 00:00:00-05:00,14.151351030382335,14.220153879887201,14.06956568891988,14.079951286315918,2352800,0.0,0.0
2006-02-24 00:00:00-05:00,13.922873677036195,14.065672183331026,13.863157974055635,14.026727676391602,2263200,0.0,0.0
2006-02-27 00:00:00-05:00,13.959225067617615,14.068271887762123,13.947542010329991,13.973505020141602,2356400,0.0,0.0
2006-02-28 00:00:00-05:00,13.974799365540179,14.020235114585772,13.854069523547576,13.948835372924805,2706000,0.0,0.0
2006-03-01 00:00:00-05:00,13.907290956886172,13.909887850796633,13.77357964281758,13.903396606445312,3451200,0.0,0.0
2006-03-02 00:00:00-05:00,13.741132326147817,13.741132326147817,13.273791219677017,13.475008010864258,7028400,0.0,0.0
2006-03-03 00:00:00-05:00,13.385433341076158,13.764498811109315,13.385433341076158,13.624296188354492,4284000,0.0,0.0
2006-03-06 00:00:00-05:00,13.57885798396342,13.5983307320227,13.455532230296503,13.498372077941895,2269200,0.0,0.0
2006-03-07 00:00:00-05:00,13.500967979431152,13.571069278175365,13.468513729480597,13.500967979431152,2762800,0.0,0.0
2006-03-08 00:00:00-05:00,13.504862237584346,13.569789459880424,13.384097564485208,13.443830490112305,2712400,0.0075,0.0
2006-03-09 00:00:00-05:00,13.423058139864995,13.464611534411137,13.250351441306217,13.284113883972168,2375600,0.0,0.0
2006-03-10 00:00:00-05:00,13.24515700447418,13.373712662706744,13.24515700447418,13.349040985107422,1661200,0.0,0.0
2006-03-13 00:00:00-05:00,13.372412736991793,13.413966124595298,13.313977635520331,13.359426498413086,1499600,0.0,0.0
2006-03-14 00:00:00-05:00,13.271124658902812,13.56329717724108,13.271124658902812,13.508758544921875,2280400,0.0,0.0
2006-03-15 00:00:00-05:00,13.491881289895344,13.6412141468972,13.438640475108404,13.57109260559082,3075600,0.0,0.0
2006-03-16 00:00:00-05:00,13.62172773636562,13.97493188824411,13.615234619615148,13.751582145690918,4394000,0.0,0.0
2006-03-17 00:00:00-05:00,13.825606443699202,13.920399657926897,13.730812238760464,13.786649703979492,3136800,0.0,0.0
2006-03-20 00:00:00-05:00,13.752882956171952,14.016487286711977,13.73600124646344,13.938573837280273,2002400,0.0,0.0
2006-03-21 00:00:00-05:00,13.900922278778086,14.02298481452516,13.738604181131032,13.786649703979492,2508400,0.0,0.0
2006-03-22 00:00:00-05:00,13.78664388986687,13.834690383164174,13.576280358086006,13.719120025634766,3045200,0.0,0.0
2006-03-23 00:00:00-05:00,13.693151811858854,13.78794599942592,13.543819981958464,13.65809154510498,3730000,0.0,0.0
2006-03-24 00:00:00-05:00,13.629525622322658,13.63471992022521,13.472401825936815,13.50226879119873,2460400,0.0,0.0
2006-03-27 00:00:00-05:00,13.485380881808856,13.567189797812288,13.39188554392526,13.521739959716797,2350400,0.0,0.0
2006-03-28 00:00:00-05:00,13.523041390577182,13.628223170636023,13.42954603465343,13.491876602172852,3279600,0.0,0.0
2006-03-29 00:00:00-05:00,13.585374170853664,13.726915058889897,13.474997085586894,13.642509460449219,3052000,0.0,0.0
2006-03-30 00:00:00-05:00,13.615238354838118,13.804825725579443,13.528236114492382,13.617835998535156,3038800,0.0,0.0
2006-03-31 00:00:00-05:00,13.634720617519932,13.725618358685635,13.451625322257634,13.538628578186035,2552800,0.0,0.0
2006-04-03 00:00:00-04:00,13.602249980908013,13.628220467642228,13.350332098601765,13.38798999786377,3203600,0.0,0.0
2006-04-04 00:00:00-04:00,13.36851423958558,13.502265145361498,13.31137895950704,13.464607238769531,3284800,0.0,0.0
2006-04-05 00:00:00-04:00,13.446433246756426,13.550316247504787,13.400983381298403,13.462015151977539,1624000,0.0,0.0
2006-04-06 00:00:00-04:00,13.439934211102583,13.495771658564578,13.421754669204327,13.459412574768066,1911600,0.0,0.0
2006-04-07 00:00:00-04:00,13.504866702206604,13.512657654430319,13.320473567697142,13.332159996032715,2088800,0.0,0.0
2006-04-10 00:00:00-04:00,13.349040549198326,13.349040549198326,13.212692952908471,13.249052047729492,1931200,0.0,0.0
2006-04-11 00:00:00-04:00,13.115302019681195,13.304889434941758,13.115302019681195,13.275023460388184,2531600,0.0,0.0
2006-04-12 00:00:00-04:00,13.712629581874284,13.874947642717283,13.54771486797056,13.56978988647461,4714400,0.0,0.0
2006-04-13 00:00:00-04:00,13.582775630208982,13.667181223078002,13.494474562250923,13.60355281829834,1953600,0.0,0.0
2006-04-17 00:00:00-04:00,13.582771693652509,13.634713658111236,13.498366125245896,13.521739959716797,1572400,0.0,0.0
2006-04-18 00:00:00-04:00,13.504865115955493,13.712632073443377,13.48668556909474,13.6710786819458,1893600,0.0,0.0
2006-04-19 00:00:00-04:00,13.707439099793216,13.777560640477365,13.536031219468994,13.623034477233887,2164000,0.0,0.0
2006-04-20 00:00:00-04:00,13.630818666893632,13.776254983676088,13.59186194449227,13.621728897094727,1601200,0.0,0.0
2006-04-21 00:00:00-04:00,13.686660125366958,13.872352040668366,13.49966938808137,13.824305534362793,6394000,0.0,0.0
2006-04-24 00:00:00-04:00,14.043757119156261,14.116475284567745,13.80352661638415,13.959351539611816,3985600,0.0,0.0
2006-04-25 00:00:00-04:00,14.00480709174364,14.006105914093151,13.617841251327619,13.624333381652832,4270800,0.0,0.0
2006-04-26 00:00:00-04:00,13.690550312210766,13.932079591002873,13.68665483847388,13.816509246826172,3269200,0.0,0.0
2006-04-27 00:00:00-04:00,13.817811877241391,14.060639053741692,13.736002943373771,13.922993659973145,3316400,0.0,0.0
2006-04-28 00:00:00-04:00,13.977533972531624,14.121672502155324,13.933383931744281,14.093104362487793,3026000,0.0,0.0
2006-05-01 00:00:00-04:00,14.076223936512742,14.167121664000138,13.877546767353918,13.93727970123291,3490800,0.0,0.0
2006-05-02 00:00:00-04:00,13.933383510259242,14.020385757916062,13.869754113575112,13.913905143737793,3326800,0.0,0.0
2006-05-03 00:00:00-04:00,13.94117568764669,13.985325730984457,13.715229191958965,13.837291717529297,3152800,0.0,0.0
2006-05-04 00:00:00-04:00,13.907409683734866,13.990516442240859,13.89052896397014,13.894424438476562,1744000,0.0,0.0
2006-05-05 00:00:00-04:00,13.894424622711423,14.050249549298664,13.869751962895998,13.950262069702148,2260000,0.0,0.0
2006-05-08 00:00:00-04:00,14.019086220581022,14.055445307853233,13.894426068200225,13.984025955200195,1627600,0.0,0.0
2006-05-09 00:00:00-04:00,13.95156260405356,13.973637623066228,13.85027629026759,13.907411575317383,2325200,0.0,0.0
2006-05-10 00:00:00-04:00,13.90870890490557,13.999606615034814,13.832094271473148,13.98012924194336,1310400,0.0,0.0
2006-05-11 00:00:00-04:00,13.9593567560468,13.97104318383613,13.90092263567801,13.965849876403809,1620400,0.0,0.0
2006-05-12 00:00:00-04:00,13.965842828252018,13.991813315151367,13.873645321125023,13.920392990112305,2047200,0.0,0.0
2006-05-15 00:00:00-04:00,13.946366498174394,14.089206178337982,13.919097185746768,14.068428993225098,1991600,0.0,0.0
2006-05-16 00:00:00-04:00,14.063242509340736,14.100899441880408,13.990523316882316,14.030778884887695,2630000,0.0,0.0
2006-05-17 00:00:00-04:00,13.920394698975777,14.05414559598729,13.868453718800824,14.02427864074707,3151600,0.0,0.0
2006-05-18 00:00:00-04:00,13.92169656118377,14.106089656924002,13.92169656118377,14.026878356933594,2974400,0.0,0.0
2006-05-19 00:00:00-04:00,14.11258100059185,14.190493468778163,13.915202681805807,14.148940086364746,2606300,0.0,4.0
2006-05-22 00:00:00-04:00,14.122966154126974,14.30995583408934,14.013887932664264,14.154130935668945,2353900,0.0,0.0
2006-05-23 00:00:00-04:00,14.128166595085412,14.361904044388993,14.050253121273245,14.226855278015137,2891600,0.0,0.0
2006-05-24 00:00:00-04:00,14.174913482186017,14.320349844901294,13.987922740739611,14.05544662475586,2211500,0.0,0.0
2006-05-25 00:00:00-04:00,14.138553032505827,14.2320484007936,14.076223447454572,14.143747329711914,1974700,0.0,0.0
2006-05-26 00:00:00-04:00,14.154131984593118,14.247627326858257,13.972335595823193,14.102190017700195,2149000,0.0,0.0
2006-05-30 00:00:00-04:00,13.998309712777107,14.071027885705456,13.884037165934497,13.899620056152344,1732900,0.0,0.0
2006-05-31 00:00:00-04:00,13.941173432697207,14.206076622009276,13.852872369593184,14.206076622009277,2285400,0.0,0.0
2006-06-01 00:00:00-04:00,14.200887487853915,14.38268397688894,14.17491698543941,14.372295379638672,2614800,0.0,0.0
2006-06-02 00:00:00-04:00,14.413839647545709,14.470975905518307,14.232043273668792,14.351509094238281,1731200,0.0,0.0
2006-06-05 00:00:00-04:00,14.247632786579358,14.278797582373278,13.92559326100554,13.977535247802734,1437400,0.0,0.0
2006-06-06 00:00:00-04:00,14.029476821988458,14.148942694610783,13.832097476106306,14.091806411743164,1702200,0.0,0.0
2006-06-07 00:00:00-04:00,14.195804834739759,14.289403709240831,14.0918068567001,14.185405731201172,1990300,0.03,0.0
2006-06-08 00:00:00-04:00,14.190605372715257,14.310203490351224,14.112605651658393,14.29460334777832,1828700,0.0,0.0
2006-06-09 00:00:00-04:00,14.232203301911099,14.284201788207534,14.065804773616831,14.128204345703125,1307400,0.0,0.0
2006-06-12 00:00:00-04:00,14.211404644922686,14.216604692474034,14.024206900304783,14.050207138061523,1499100,0.0,0.0
2006-06-13 00:00:00-04:00,14.07620156376004,14.133401075429827,13.733006477355957,13.733006477355957,2106000,0.0,0.0
2006-06-14 00:00:00-04:00,13.670611033990598,13.774608997733937,13.597811368381961,13.722609519958496,2252700,0.0,0.0
2006-06-15 00:00:00-04:00,13.701805043761329,14.076199354213138,13.655005630978957,14.045000076293945,2375500,0.0,0.0
2006-06-16 00:00:00-04:00,13.982605869758256,14.045005441239345,13.67061098777543,13.77980899810791,2423800,0.0,0.0
2006-06-19 00:00:00-04:00,13.77981271763279,13.837012257612784,13.639414387758883,13.691413879394531,1807200,0.0,0.0
2006-06-20 00:00:00-04:00,13.72260655136555,13.769405972058637,13.493810485540822,13.51980972290039,2536100,0.0,0.0
2006-06-21 00:00:00-04:00,13.51980972290039,13.655007939146273,13.478210348040681,13.51980972290039,3279500,0.0,0.0
2006-06-22 00:00:00-04:00,13.519812694243994,13.587411321319893,13.426213832286942,13.4782133102417,2246600,0.0,0.0
2006-06-23 00:00:00-04:00,13.415815469080858,13.504214295465827,13.374216079711914,13.374216079711914,2008100,0.0,0.0
2006-06-26 00:00:00-04:00,13.3690160934958,13.452215864423671,13.337816799277649,13.389816284179688,2783900,0.0,0.0
2006-06-27 00:00:00-04:00,13.389816222653147,13.467814953743959,13.358616928578357,13.374216079711914,2589800,0.0,0.0
2006-06-28 00:00:00-04:00,13.384616236508716,13.436615721410755,13.332616751606675,13.389816284179688,2635600,0.0,0.0
2006-06-29 00:00:00-04:00,13.38981432287396,13.551011809831575,13.3586150332258,13.504212379455566,2670100,0.0,0.0
2006-06-30 00:00:00-04:00,13.504214916962004,13.545814308245454,13.343017399714606,13.369016647338867,3612800,0.0,0.0
2006-07-03 00:00:00-04:00,13.389816284179688,13.431415673739783,13.31701760040144,13.389816284179688,930000,0.0,0.0
2006-07-05 00:00:00-04:00,13.389815153650186,13.436614586929883,13.233817703922933,13.285816192626953,1713200,0.0,0.0
2006-07-06 00:00:00-04:00,13.306615259819518,13.3742138845208,13.171417018609436,13.254615783691406,2456900,0.0,0.0
2006-07-07 00:00:00-04:00,13.24421642521831,13.254616519382688,13.109018176504113,13.150618553161621,1308700,0.0,0.0
2006-07-10 00:00:00-04:00,13.150615351907652,13.181814634998373,13.025816235930108,13.145415306091309,2075000,0.0,0.0
2006-07-11 00:00:00-04:00,13.062222082323208,13.103821474644299,12.916623713295518,13.041421890258789,2265200,0.0,0.0
2006-07-12 00:00:00-04:00,13.067421138531566,13.155819971189853,12.973823249664923,13.041421890258789,2190800,0.0,0.0
2006-07-13 00:00:00-04:00,12.921819770418427,12.979018297314369,12.687822641002267,12.750222206115723,2380800,0.0,0.0
2006-07-14 00:00:00-04:00,12.739823562416298,12.86982176203279,12.573426025596396,12.656624794006348,1733400,0.0,0.0
2006-07-17 00:00:00-04:00,12.687823316401566,12.833421648211841,12.66182407477464,12.76062297821045,2317300,0.0,0.0
2006-07-18 00:00:00-04:00,12.755422252525797,12.838621011472112,12.599423835645878,12.750222206115723,1416500,0.0,0.0
2006-07-19 00:00:00-04:00,12.817822686799838,13.077819094206761,12.771023254121985,12.994620323181152,2343200,0.0,0.0
2006-07-20 00:00:00-04:00,12.984221918525746,13.098620987428731,12.947822575441236,13.020622253417969,2752800,0.0,0.0
2006-07-21 00:00:00-04:00,12.963419839961462,12.98941908158839,12.750222884836683,12.76062297821045,2119900,0.0,0.0
2006-07-24 00:00:00-04:00,12.765822332987096,13.057019003448493,12.765822332987096,13.01021957397461,1669500,0.0,0.0
2006-07-25 00:00:00-04:00,12.927024624869276,13.010223414760311,12.81782559325741,12.88022518157959,1797200,0.0,0.0
2006-07-26 00:00:00-04:00,12.812627175725408,12.880226820995949,12.765827726479014,12.817827224731445,2216200,0.0,0.0
2006-07-27 00:00:00-04:00,12.927023924165397,12.99462256535978,12.573428590391076,12.59422779083252,2229200,0.0,0.0
2006-07-28 00:00:00-04:00,12.635824386757884,12.797022865586843,12.625425284742738,12.739823341369629,1155600,0.0,0.0
2006-07-31 00:00:00-04:00,12.646222386707333,12.70342190145385,12.557823587466066,12.57862377166748,1959000,0.0,0.0
2006-08-01 00:00:00-04:00,12.578624188841369,12.65662289856878,12.344627067851732,12.412226676940918,2182700,0.0,0.0
2006-08-02 00:00:00-04:00,12.34983006450871,12.44862898273092,12.24583109882137,12.297830581665039,2437200,0.0,0.0
2006-08-03 00:00:00-04:00,12.297832271004577,12.360231857350271,12.188634234659334,12.323832511901855,2560300,0.0,0.0
2006-08-04 00:00:00-04:00,12.433026961453287,12.485026436438782,12.152231383423594,12.183430671691895,1563100,0.0,0.0
2006-08-07 00:00:00-04:00,12.121033518106703,12.126233565821957,11.933836759395964,11.95983600616455,3161900,0.0,0.0
2006-08-08 00:00:00-04:00,11.965036642706606,11.991035890754675,11.601041219187215,11.67903995513916,4138300,0.0,0.0
2006-08-09 00:00:00-04:00,11.684240081227744,11.736239569479274,11.533442656286828,11.564641952514648,3013800,0.0,0.0
2006-08-10 00:00:00-04:00,11.647836983677882,11.829834638008732,11.621837743833801,11.767435073852539,3503500,0.0,0.0
2006-08-11 00:00:00-04:00,11.699838246597901,11.757037773181915,11.611439429062413,11.62183952331543,1578500,0.0,0.0
2006-08-14 00:00:00-04:00,11.725839116685796,11.798638794745962,11.632241230850235,11.68943977355957,2681700,0.0,0.0
2006-08-15 00:00:00-04:00,11.803838828934504,11.85583732373596,11.720640047082917,11.819437980651855,3354900,0.0,0.0
2006-08-16 00:00:00-04:00,12.011835535977092,12.271831971856216,11.996235392773574,12.032634735107422,3086800,0.0,0.0
2006-08-17 00:00:00-04:00,12.323830038326573,12.323830038326573,12.131432261534895,12.271830558776855,3025900,0.0,0.0
2006-08-18 00:00:00-04:00,12.271830834861879,12.334229418279286,12.219831354142306,12.261430740356445,2051500,0.0,0.0
2006-08-21 00:00:00-04:00,12.183432127378182,12.297830192568654,12.110633448784938,12.219831466674805,1522500,0.0,0.0
2006-08-22 00:00:00-04:00,12.141832904326337,12.219831631270797,12.084633375056843,12.12103271484375,2128800,0.0,0.0
2006-08-23 00:00:00-04:00,12.121034503074787,12.25103273109689,12.043035764623077,12.235433578491211,5013000,0.0,0.0
2006-08-24 00:00:00-04:00,12.303028339748485,12.412227332580905,12.219829579403527,12.349827766418457,2374300,0.0,0.0
2006-08-25 00:00:00-04:00,12.277034232825974,12.464231025976506,12.245833940794325,12.370633125305176,3126200,0.0,0.0
2006-08-28 00:00:00-04:00,12.308233141858794,12.594228867070706,12.271833794119953,12.552629470825195,2004600,0.0,0.0
2006-08-29 00:00:00-04:00,12.599422209990598,12.635821538357215,12.329025782399572,12.495424270629883,2170200,0.0,0.0
2006-08-30 00:00:00-04:00,12.552626270935965,12.651425183761383,12.479827594015967,12.547426223754883,1607300,0.0,0.0
2006-08-31 00:00:00-04:00,12.609827251148404,12.812624155540986,12.557827765153261,12.786624908447266,2586000,0.0,0.0
2006-09-01 00:00:00-04:00,12.875021761377425,12.875021761377425,12.698224131208807,12.713824272155762,1552600,0.0,0.0
2006-09-05 00:00:00-04:00,12.66702739113208,12.807424720687973,12.438230236888488,12.448630332946777,2226600,0.0,0.0
2006-09-06 00:00:00-04:00,12.448110000971061,12.45331200463042,12.312860882369975,12.437705993652344,2359500,0.009,0.0
2006-09-07 00:00:00-04:00,12.411697702014255,12.515734804815716,12.354476650555927,12.48452377319336,1822300,0.0,0.0
2006-09-08 00:00:00-04:00,12.541743022932174,12.635377096528787,12.416897922196913,12.604165077209473,1489300,0.0,0.0
2006-09-11 00:00:00-04:00,12.609370946145173,12.635380970218618,12.448112765613676,12.588563919067383,1453100,0.0,0.0
2006-09-12 00:00:00-04:00,12.614568637849342,12.64577966388499,12.375282451274982,12.41169548034668,2431100,0.0,0.0
2006-09-13 00:00:00-04:00,12.344067351139115,12.500124426716148,12.28684731638988,12.474114418029785,2031000,0.0,0.0
2006-09-14 00:00:00-04:00,12.536542820684492,12.656185935387535,12.437706729669419,12.48452377319336,1628400,0.0,0.0
2006-09-15 00:00:00-04:00,12.546944582741997,12.63017464695748,12.344070433058706,12.41169548034668,2728600,0.0,0.0
2006-09-18 00:00:00-04:00,12.312855103148927,12.494921177048084,12.240029070461377,12.468911170959473,2477100,0.0,0.0
2006-09-19 00:00:00-04:00,12.546945816125847,12.61456987788074,12.520935798388791,12.567752838134766,2245200,0.0,0.0
2006-09-20 00:00:00-04:00,12.6197691834649,12.729008258064281,12.567750151292591,12.671788215637207,1955300,0.0,0.0
2006-09-21 00:00:00-04:00,12.70820007139669,12.760219098783441,12.552142989236437,12.650979042053223,1706600,0.0,0.0
2006-09-22 00:00:00-04:00,12.661388552612593,12.755022644195664,12.536543427895447,12.69780158996582,1702800,0.0,0.0
2006-09-25 00:00:00-04:00,12.796635576933525,12.92668268443858,12.744616535495364,12.879865646362305,1986400,0.0,0.0
2006-09-26 00:00:00-04:00,12.952685572460494,13.0359156024573,12.905868556564762,12.973493576049805,2585300,0.0,0.0
2006-09-27 00:00:00-04:00,12.95789145601869,13.046323513410318,12.744614316223673,12.807037353515625,2308400,0.0,0.0
2006-09-28 00:00:00-04:00,12.765425878315874,13.041125139941869,12.76022387441226,13.004712104797363,1561200,0.0,0.0
2006-09-29 00:00:00-04:00,13.004709961769088,13.00991196481547,12.723807750348172,12.765423774719238,2051400,0.0,0.0
2006-10-02 00:00:00-04:00,12.729010971161893,12.775828010877635,12.531339797391546,12.635377883911133,1463100,0.0,0.0
2006-10-03 00:00:00-04:00,12.635371640911947,13.0307137931184,12.635371640911947,12.926676750183105,2203000,0.0,0.0
2006-10-04 00:00:00-04:00,12.86945974223364,13.108746900697671,12.864257739638711,13.098342895507812,1448200,0.0,0.0
2006-10-05 00:00:00-04:00,13.041121360007688,13.160764438570206,13.041121360007688,13.072332382202148,1374800,0.0,0.0
2006-10-06 00:00:00-04:00,13.051525692593147,13.09314072062444,12.931882611025749,12.994304656982422,1286400,0.0,0.0
2006-10-09 00:00:00-04:00,13.004709534295019,13.07233358731389,12.95269049772172,13.00991153717041,1200000,0.0,0.0
2006-10-10 00:00:00-04:00,12.97870026162106,13.061930321659833,12.796634133218529,12.853854179382324,1882300,0.0,0.0
2006-10-11 00:00:00-04:00,12.874661415161228,13.285610680013024,12.796633362596355,13.025516510009766,2686000,0.0,0.0
2006-10-12 00:00:00-04:00,13.119150034622882,13.186775076799702,12.921478895096401,12.999506950378418,2171900,0.0,0.0
2006-10-13 00:00:00-04:00,13.041122899793052,13.186776007532195,12.838249743304758,12.864258766174316,2987600,0.0,0.0
2006-10-16 00:00:00-04:00,12.864259524791574,13.051527675473759,12.713405397327012,12.760222434997559,10977900,0.0,0.0
2006-10-17 00:00:00-04:00,12.760224350229702,12.94228953274128,12.66138825673711,12.89547348022461,4776000,0.0,0.0
2006-10-18 00:00:00-04:00,13.124357965686889,13.181579028425361,12.947493764659791,13.03592586517334,2667700,0.0,0.0
2006-10-19 00:00:00-04:00,13.004705463023559,13.046320480818022,12.807034376544927,12.838245391845703,2690900,0.0,0.0
2006-10-20 00:00:00-04:00,12.838247702395238,12.838247702395238,12.484519491390305,12.744613647460938,2679900,0.0,0.0
2006-10-23 00:00:00-04:00,12.671790235806826,12.81224035522831,12.671790235806826,12.791433334350586,2184500,0.0,0.0
2006-10-24 00:00:00-04:00,12.702999645686878,12.775825697756668,12.463712486888136,12.510529518127441,3145400,0.0,0.0
2006-10-25 00:00:00-04:00,12.552147247439875,12.661387341228817,12.448110149553143,12.541744232177734,2425400,0.0,0.0
2006-10-26 00:00:00-04:00,12.536538353684117,12.791430504168998,12.520932347343244,12.708200454711914,1890800,0.0,0.0
2006-10-27 00:00:00-04:00,12.640574504900982,12.650978508375527,12.442903399786532,12.474114418029785,1930900,0.0,0.0
2006-10-30 00:00:00-05:00,12.500127492816475,12.729009672315666,12.474117477750232,12.713404655456543,2798600,0.0,0.0
2006-10-31 00:00:00-05:00,12.781025470035011,12.796631475118339,12.47411431532552,12.57295036315918,3835500,0.0,0.0
2006-11-01 00:00:00-05:00,12.645781927453147,12.645781927453147,12.453312741571,12.48452377319336,2352400,0.0,0.0
2006-11-02 00:00:00-05:00,12.380481796360552,12.474115854049849,12.250434714498864,12.281646728515625,3748100,0.0,0.0
2006-11-03 00:00:00-05:00,12.27644734832111,12.328466390612697,12.073573182601995,12.193217277526855,2876700,0.0,0.0
2006-11-06 00:00:00-05:00,12.177606700085839,12.224423721371902,12.073568654521178,12.146395683288574,1909500,0.0,0.0
2006-11-07 00:00:00-05:00,12.115188977769641,12.188015040272388,12.016352898529707,12.03715991973877,2670100,0.0,0.0
2006-11-08 00:00:00-05:00,12.037156129415488,12.146396180952213,11.917513066640332,11.953926086425781,2228100,0.0,0.0
2006-11-09 00:00:00-05:00,11.93832506431189,12.000747121330901,11.792671944299686,11.839488983154297,2505100,0.0,0.0
2006-11-10 00:00:00-05:00,11.943523157275811,12.005946191222963,11.834284088093874,11.92271614074707,2106100,0.0,0.0
2006-11-13 00:00:00-05:00,11.886303733871635,12.00074481116349,11.839486704029396,11.84989070892334,2579300,0.0,0.0
2006-11-14 00:00:00-05:00,11.823881155439155,12.042360305786133,11.688632063111925,12.042360305786133,3040400,0.0,0.0
2006-11-15 00:00:00-05:00,11.969531839208207,12.068367885242429,11.912310813791496,11.93311882019043,4037700,0.0,0.0
2006-11-16 00:00:00-05:00,11.922717921455712,12.068371027632669,11.901909909638741,12.021553993225098,2479800,0.0,0.0
2006-11-17 00:00:00-05:00,11.969534501566471,12.00594752868352,11.860294428034745,11.979938507080078,2854300,0.0,0.0
2006-11-20 00:00:00-05:00,11.922712958186745,12.17240304296401,11.860289940902328,12.167201042175293,2938600,0.0,0.0
2006-11-21 00:00:00-05:00,12.125589264759501,12.167204289997448,11.881101115509123,11.92271614074707,3043800,0.0,0.0
2006-11-22 00:00:00-05:00,11.891503314818962,12.057963390503305,11.886301313431286,11.974733352661133,2014700,0.0,0.0
2006-11-24 00:00:00-05:00,11.896706831330777,11.979936879772845,11.881100825180225,11.917513847351074,992200,0.0,0.0
2006-11-27 00:00:00-05:00,11.860292089066414,11.91751311592612,11.761457032720132,11.787466049194336,2477600,0.0,0.0
2006-11-28 00:00:00-05:00,11.751057175020579,11.834287247717983,11.662625098756994,11.709442138671875,3869300,0.0,0.0
2006-11-29 00:00:00-05:00,11.714640087618898,11.803072133274776,11.636612045494394,11.771860122680664,3023400,0.0,0.0
2006-11-30 00:00:00-05:00,11.74585255110131,11.797871582977574,11.652218492160138,11.730246543884277,2433500,0.0,0.0
2006-12-01 00:00:00-05:00,11.740652586166659,11.74585458947509,11.600201473381036,11.699037551879883,2997700,0.0,0.0
2006-12-04 00:00:00-05:00,11.745852923264088,11.75625692840509,11.542979783917264,11.636613845825195,3552700,0.0,0.0
2006-12-05 00:00:00-05:00,11.683432120840981,11.823883240585625,11.636616073106829,11.709442138671875,1790000,0.0,0.0
2006-12-06 00:00:00-05:00,12.203296524350298,12.390638561800005,12.00554532763781,12.359415054321289,8793300,0.009,0.0
2006-12-07 00:00:00-05:00,12.359419805814285,12.494723047008323,12.218912479276886,12.276156425476074,4646400,0.0,0.0
2006-12-08 00:00:00-05:00,12.244926874380042,12.349005552246771,12.177274790818235,12.302169799804688,3299400,0.0,0.0
2006-12-11 00:00:00-05:00,12.291764415448934,12.322987924094688,12.260539914225737,12.296967506408691,4884300,0.0,0.0
2006-12-12 00:00:00-05:00,12.30737388258462,12.354209635026702,12.218906460480385,12.302169799804688,4575600,0.0,0.0
2006-12-13 00:00:00-05:00,12.307374118414295,12.36982212039278,12.255334282195111,12.312578201293945,3868600,0.0,0.0
2006-12-14 00:00:00-05:00,12.32819242422603,12.505127300160023,12.302172005660749,12.437475204467773,3022200,0.0,0.0
2006-12-15 00:00:00-05:00,12.442676869003312,12.661243379569305,12.442676869003312,12.577980041503906,5579200,0.0,0.0
2006-12-18 00:00:00-05:00,12.531144493661566,12.723691586431496,12.505125072309253,12.70807933807373,3714000,0.0,0.0
2006-12-19 00:00:00-05:00,12.588389589152651,12.76532445011397,12.546757915548659,12.718488693237305,5061900,0.0,0.0
2006-12-20 00:00:00-05:00,12.718489484937773,12.82256817913775,12.598797547370491,12.630022048950195,3192300,0.0,0.0
2006-12-21 00:00:00-05:00,12.630022924517185,12.72369445059509,12.453088040276144,12.463496208190918,3498000,0.0,0.0
2006-12-22 00:00:00-05:00,12.531146989287585,12.78614114111705,12.510331646575741,12.734101295471191,3264200,0.0,0.0
2006-12-26 00:00:00-05:00,12.67165429519749,12.79134524557178,12.61961444946769,12.77573299407959,1430400,0.0,0.0
2006-12-27 00:00:00-05:00,12.827774248600457,12.869405931240934,12.708083285081287,12.754919052124023,1347100,0.0,0.0
2006-12-28 00:00:00-05:00,12.728897405308276,12.858996525113524,12.661246299743652,12.661246299743652,1583100,0.0,0.0
2006-12-29 00:00:00-05:00,12.6300214620009,12.770528734847465,12.541554030124628,12.60400104522705,2275900,0.0,0.0
2007-01-03 00:00:00-05:00,12.749707457142561,12.879806512827688,12.525936922551816,12.59879207611084,3855600,0.0,0.0
2007-01-04 00:00:00-05:00,12.630021579584557,12.676857337636113,12.515533729868569,12.60920524597168,3071000,0.0,0.0
2007-01-05 00:00:00-05:00,12.567573425141743,12.572777508484432,12.281355789335793,12.359415054321289,2676800,0.0,0.0
2007-01-08 00:00:00-05:00,12.37502450750465,12.442675590515138,12.250129513239544,12.442675590515137,2389200,0.0,0.0
2007-01-09 00:00:00-05:00,12.489515913293715,12.489515913293715,12.198094153238575,12.229317665100098,2614000,0.0,0.0
2007-01-10 00:00:00-05:00,12.218909712062569,12.28135772946253,12.177278031321784,12.198094367980957,2046700,0.0,0.0
2007-01-11 00:00:00-05:00,12.166869808973477,12.18768614554023,12.036770683163942,12.073199272155762,4182600,0.0,0.0
2007-01-12 00:00:00-05:00,12.010748967151052,12.22411141342988,11.995136717699905,12.177275657653809,3325700,0.0,0.0
2007-01-16 00:00:00-05:00,12.229314301615464,12.333393969298418,12.151255047141882,12.166866302490234,2658200,0.0,0.0
2007-01-17 00:00:00-05:00,12.359414531421525,12.411454370069299,12.208499098600717,12.255334854125977,3529900,0.0,0.0
2007-01-18 00:00:00-05:00,12.218910333600276,12.28135835417677,12.01595600373749,12.224114418029785,4049200,0.0,0.0
2007-01-19 00:00:00-05:00,12.28135672645287,12.312580236314066,12.05758608852975,12.114830017089844,3281700,0.0,0.0
2007-01-22 00:00:00-05:00,12.057584263835846,12.12523535706027,11.917077001857432,11.995136260986328,2918600,0.0,0.0
2007-01-23 00:00:00-05:00,11.963914566368677,12.16166577817038,11.943099223987039,12.114830017089844,2556700,0.0,0.0
2007-01-24 00:00:00-05:00,12.09401358684453,12.151257514953613,12.047177826133003,12.151257514953613,2443500,0.0,0.0
2007-01-25 00:00:00-05:00,12.151256468964807,12.218907566070516,12.125236052710774,12.187684059143066,4381500,0.0,0.0
2007-01-26 00:00:00-05:00,12.182479140425551,12.250131225469113,12.109623965065397,12.192887306213379,3472900,0.0,0.0
2007-01-29 00:00:00-05:00,12.187686217443014,12.437476302252373,12.187686217443014,12.239726066589355,3571900,0.0,0.0
2007-01-30 00:00:00-05:00,12.260535203849255,12.276147448462785,12.083600401870846,12.099212646484375,3089900,0.0,0.0
2007-01-31 00:00:00-05:00,12.052380914255803,12.109624837636304,11.927485893534396,12.0679931640625,4103200,0.0,0.0
2007-02-01 00:00:00-05:00,12.146054456811592,12.364621027727646,12.094014608007283,12.317785263061523,5030800,0.0,0.0
2007-02-02 00:00:00-05:00,12.291764627424278,12.328192220235437,12.244928867359228,12.26574420928955,3319400,0.0,0.0
2007-02-05 00:00:00-05:00,12.224112322042783,12.343803265666043,12.203296980471428,12.296967506408691,3331400,0.0,0.0
2007-02-06 00:00:00-05:00,12.281357666671774,12.364621027727646,12.281357666671774,12.317785263061523,3300100,0.0,0.0
2007-02-07 00:00:00-05:00,12.312576978573256,12.359412727261688,12.250129975373492,12.260537147521973,2673600,0.0,0.0
2007-02-08 00:00:00-05:00,12.276154269747261,12.322990037035229,12.208502164741256,12.224114418029785,2591800,0.0,0.0
2007-02-09 00:00:00-05:00,12.229316431432451,12.281356274337014,12.088809153363362,12.135644912719727,1541000,0.0,0.0
2007-02-12 00:00:00-05:00,12.130443532430089,12.203299725763394,11.969120876795033,12.005548477172852,1864900,0.0,0.0
2007-02-13 00:00:00-05:00,12.146048387747898,12.156456550823584,12.010745245495169,12.099212646484375,2228700,0.0,0.0
2007-02-14 00:00:00-05:00,12.161665682351169,12.23972495267789,12.062790077229337,12.151257514953613,3297300,0.0,0.0
2007-02-15 00:00:00-05:00,12.151256468964807,12.234519815822937,12.151256468964807,12.187684059143066,2153600,0.0,0.0
2007-02-16 00:00:00-05:00,12.135645359471482,12.187685204291798,12.073198339749089,12.114830017089844,2191700,0.0,0.0
2007-02-20 00:00:00-05:00,12.005544780114864,12.0836040415404,11.989933523376173,12.010748863220215,3251200,0.0,0.0
2007-02-21 00:00:00-05:00,11.979525898752335,12.198092436171512,11.974321815411711,12.156460762023926,3545600,0.0,0.0
2007-02-22 00:00:00-05:00,12.192887907104955,12.239723662881026,12.120032728154342,12.177275657653809,2271000,0.0,0.0
2007-02-23 00:00:00-05:00,12.146053526951041,12.16166577817038,12.031566662408332,12.114830017089844,1996400,0.0,0.0
2007-02-26 00:00:00-05:00,12.125239811227035,12.166871497560864,12.041976438559374,12.062792778015137,3773300,0.0,0.0
2007-02-27 00:00:00-05:00,12.057584243337898,12.114828163137863,11.71412270969277,11.792181968688965,6923900,0.0,0.0
2007-02-28 00:00:00-05:00,11.84421857055338,11.969113549350398,11.76095525135537,11.93789005279541,6840100,0.0,0.0
2007-03-01 00:00:00-05:00,11.828612726245646,12.015955792097804,11.734941193319568,11.969120025634766,5319000,0.0,0.0
2007-03-02 00:00:00-05:00,11.90666788397469,11.963911799295126,11.792181045911072,11.833812713623047,3857100,0.0,0.0
2007-03-05 00:00:00-05:00,11.750551921378843,11.854631609473444,11.682900818921581,11.698512077331543,2982700,0.0,0.0
2007-03-06 00:00:00-05:00,11.776571000429886,11.823406759435937,11.672492307976666,11.76616382598877,3019900,0.0,0.0
2007-03-07 00:00:00-05:00,11.708918515403164,11.766162434658767,11.604838842679763,11.625655174255371,3659300,0.0,0.0
2007-03-08 00:00:00-05:00,11.698510731711936,11.750550569773361,11.63606372010011,11.682899475097656,3117300,0.0,0.0
2007-03-09 00:00:00-05:00,11.729735230095203,11.750550569773361,11.630859637036231,11.682899475097656,1361200,0.0,0.0
2007-03-12 00:00:00-04:00,11.636061347334218,11.70371242821486,11.531981692434757,11.662080764770508,2366600,0.0,0.0
2007-03-13 00:00:00-04:00,11.568416894973367,11.59443732212867,11.323830835180358,11.33423900604248,3233200,0.0,0.0
2007-03-14 00:00:00-04:00,11.23015610026079,11.303011290494878,11.006385453024638,11.074037551879883,9841600,0.0,0.0
2007-03-15 00:00:00-04:00,11.074033999904831,11.110461583337797,10.881486925588458,10.923118591308594,9589000,0.0,0.0
2007-03-16 00:00:00-04:00,10.92832474936303,11.027200346445603,10.886693075735218,11.011588096618652,9987200,0.0,0.0
2007-03-19 00:00:00-04:00,10.995974296252959,11.063626376719425,10.98036304120474,11.027198791503906,5093100,0.0,0.0
2007-03-20 00:00:00-04:00,11.001179578815046,11.30821353423351,10.990772405173425,11.240562438964844,6099000,0.0,0.0
2007-03-21 00:00:00-04:00,11.198932513144712,11.417499074942096,11.198932513144712,11.396682739257812,4573200,0.0,0.0
2007-03-22 00:00:00-04:00,11.417499055015757,11.474741992892598,11.339439781490963,11.355051040649414,4215000,0.0,0.0
2007-03-23 00:00:00-04:00,11.31862220290048,11.584024497801918,11.308214036219466,11.505965232849121,3864500,0.0,0.0
2007-03-26 00:00:00-04:00,11.511169198679255,11.521576372676623,11.303009837493555,11.500761032104492,3590900,0.0,0.0
2007-03-27 00:00:00-04:00,11.4227067580912,11.464338450000152,11.36025872393886,11.427909851074219,2635000,0.0,0.0
2007-03-28 00:00:00-04:00,11.360251875289077,11.469535621028337,11.28739670651439,11.29780387878418,3148200,0.0,0.0
2007-03-29 00:00:00-04:00,11.407091728254139,11.443519325746404,11.271788514298876,11.349847793579102,3870700,0.0,0.0
2007-03-30 00:00:00-04:00,11.339439781490963,11.45392664982216,11.240564172318217,11.355051040649414,3798700,0.0,0.0
2007-04-02 00:00:00-04:00,11.375866705782666,11.396682047626209,11.214543091752288,11.245767593383789,3216800,0.0,0.0
2007-04-03 00:00:00-04:00,11.25617577844553,11.3706636428833,11.240564518805865,11.3706636428833,2888000,0.0,0.0
2007-04-04 00:00:00-04:00,11.313417254379148,11.401884679247516,11.292601915186355,11.386272430419922,2826400,0.0,0.0
2007-04-05 00:00:00-04:00,11.391482244726115,11.474745628544017,11.344646467256318,11.427909851074219,2158000,0.0,0.0
2007-04-09 00:00:00-04:00,11.448717077241989,11.47473649175036,11.271782279369358,11.287394523620605,3415700,0.0,0.0
2007-04-10 00:00:00-04:00,11.313418177859305,11.386273359847026,11.28219467023277,11.34464168548584,2627000,0.0,0.0
2007-04-11 00:00:00-04:00,11.813001067665896,11.969119622229163,11.433110864427501,11.828612327575684,10331500,0.0,0.0
2007-04-12 00:00:00-04:00,11.891060745722232,12.005547623422107,11.823408641907799,11.969120025634766,6376900,0.0,0.0
2007-04-13 00:00:00-04:00,11.839015792247148,12.052378195250704,11.839015792247148,11.911870956420898,6470400,0.0,0.0
2007-04-16 00:00:00-04:00,11.932690962492313,12.192889191966362,11.932690962492313,12.151257514953613,2751600,0.0,0.0
2007-04-17 00:00:00-04:00,12.130436220567615,12.2709434452551,12.088804560576184,12.182476043701172,7430100,0.0,0.0
2007-04-18 00:00:00-04:00,12.182476043701174,12.224107703692605,12.125232138996553,12.182476043701172,3015800,0.0,0.0
2007-04-19 00:00:00-04:00,12.166867202220466,12.234519288990388,12.052380353364821,12.083603858947754,4540700,0.0,0.0
2007-04-20 00:00:00-04:00,12.22411141342988,12.281355335506715,12.120032728154342,12.177275657653809,5851900,0.0,0.0
2007-04-23 00:00:00-04:00,12.166871497560864,12.208503183894694,12.052384608287255,12.062792778015137,2802400,0.0,0.0
2007-04-24 00:00:00-04:00,12.276151531931513,12.276151531931513,12.031565573757598,12.0679931640625,2248000,0.0,0.0
2007-04-25 00:00:00-04:00,12.120031661465736,12.224110337581271,12.10441941338863,12.172070503234863,3575700,0.0,0.0
2007-04-26 00:00:00-04:00,11.958709400570399,12.156460594479004,11.839018463117892,12.0679931640625,3623200,0.0,0.0
2007-04-27 00:00:00-04:00,12.062786547919254,12.120030459280008,11.98472730043098,12.000338554382324,3944700,0.0,0.0
2007-04-30 00:00:00-04:00,12.052384246966524,12.166871132807907,11.989937215626739,12.005548477172852,3816900,0.0,0.0
2007-05-01 00:00:00-04:00,12.057588693151196,12.078404040029264,11.870245608360115,12.062792778015137,4007300,0.0,0.0
2007-05-02 00:00:00-04:00,12.099216134942056,12.172071312323407,12.0783998027889,12.125235557556152,4985000,0.0,0.0
2007-05-03 00:00:00-04:00,12.114828645003959,12.20329607340572,12.114828645003959,12.177275657653809,3383300,0.0,0.0
2007-05-04 00:00:00-04:00,12.21370348281971,12.21370348281971,12.140848302463194,12.187684059143066,2380100,0.0,0.0
2007-05-07 00:00:00-04:00,12.198094367980957,12.25013421705133,12.135646350580998,12.198094367980957,2732900,0.0,0.0
2007-05-08 00:00:00-04:00,12.156459247735038,12.198090916696708,12.135642916965562,12.172070503234863,2976800,0.0,0.0
2007-05-09 00:00:00-04:00,12.177275892641452,12.224111649321324,12.125236052710774,12.187684059143066,5198000,0.0,0.0
2007-05-10 00:00:00-04:00,12.166870566843391,12.187686904706787,12.099219453942597,12.146055221557617,2287300,0.0,0.0
2007-05-11 00:00:00-04:00,12.161665916442871,12.182481259061168,12.109626071030887,12.161665916442871,2137600,0.0,0.0
2007-05-14 00:00:00-04:00,12.151256536330767,12.187684126710979,12.073197272290686,12.109624862670898,1648000,0.0,0.0
2007-05-15 00:00:00-04:00,12.04197476730563,12.177277977256853,11.995139002607994,12.073199272155762,3198800,0.0,0.0
2007-05-16 00:00:00-04:00,12.07320094774302,12.094016294621087,12.021161091681307,12.062792778015137,4619400,0.0,0.0
2007-05-17 00:00:00-04:00,12.036768286169606,12.0836040415404,11.953504941638718,12.010748863220215,2635700,0.0,0.0
2007-05-18 00:00:00-04:00,12.06799278480171,12.06799278480171,11.953504941638718,12.010748863220215,3115700,0.0,0.0
2007-05-21 00:00:00-04:00,11.953504589945762,12.047176097931372,11.953504589945762,11.995136260986328,2235700,0.0,0.0
2007-05-22 00:00:00-04:00,11.984733157731272,12.114832297987494,11.974324988292134,12.088811874389648,2365800,0.0,0.0
2007-05-23 00:00:00-04:00,12.078403186282765,12.094015439771054,11.984732643085902,12.02636432647705,3150900,0.0,0.0
2007-05-24 00:00:00-04:00,12.083608180429493,12.083608180429493,11.854634400829914,11.859838485717773,2128000,0.0,0.0
2007-05-25 00:00:00-04:00,11.865036216262714,11.896260711479636,11.786976963374917,11.833812713623047,1906000,0.0,0.0
2007-05-29 00:00:00-04:00,11.911870956420898,11.969114866887226,11.823403545962558,11.911870956420898,3189100,0.0,0.0
2007-05-30 00:00:00-04:00,11.917079341568947,12.015954951919303,11.870243578380753,11.974323272705078,3993200,0.0,0.0
2007-05-31 00:00:00-04:00,11.839017742728535,12.073196512692558,11.839017742728535,11.995136260986328,4450500,0.0,0.0
2007-06-01 00:00:00-04:00,12.010751255033059,12.161666717409346,11.995139002607994,12.073199272155762,3129600,0.0,0.0
2007-06-04 00:00:00-04:00,12.031566662408332,12.172072953072458,12.010750327449212,12.114830017089844,2026500,0.0,0.0
2007-06-05 00:00:00-04:00,12.13043614313437,12.203292292087108,12.036764660607322,12.099212646484375,3080600,0.0,0.0
2007-06-06 00:00:00-04:00,12.135646899982731,12.46349726916414,12.094015217357207,12.343805313110352,8937700,0.0,0.0
2007-06-07 00:00:00-04:00,12.385433726455677,12.43747356414546,12.057584436391535,12.083603858947754,5840600,0.0,0.0
2007-06-08 00:00:00-04:00,12.047176556626358,12.192887907104955,11.927485621899674,12.177275657653809,4215500,0.0,0.0
2007-06-11 00:00:00-04:00,12.172069732507959,12.302168813847555,12.125233983819527,12.260537147521973,4279900,0.0,0.0
2007-06-12 00:00:00-04:00,12.19288872137273,12.255335738192928,12.104421287062921,12.130440711975098,5176700,0.0,0.0
2007-06-13 00:00:00-04:00,12.161660632361427,12.161660632361427,11.932686007581651,12.099212646484375,4279200,0.0,0.0
2007-06-14 00:00:00-04:00,12.052383002056729,13.093176014272872,11.906671623018546,12.85379409790039,18501000,0.0,0.0
2007-06-15 00:00:00-04:00,12.702878234391767,12.853793692844608,12.333397203135554,12.385436058044434,11562300,0.0,0.0
2007-06-18 00:00:00-04:00,12.312576978573256,12.489511808601286,12.229313645922092,12.260537147521973,9497000,0.0,0.0
2007-06-19 00:00:00-04:00,12.296968615090794,12.411456478076406,12.234521592169125,12.385436058044434,8937500,0.0,0.0
2007-06-20 00:00:00-04:00,12.38543476041036,12.416659261177307,12.229316226885349,12.25013256072998,7392200,0.0,0.0
2007-06-21 00:00:00-04:00,12.250134001392809,12.276153429181152,12.140850221011165,12.229317665100098,7278000,0.0,0.0
2007-06-22 00:00:00-04:00,12.177276470878963,12.26053982169085,12.125236628477174,12.130440711975098,8236300,0.0,0.0
2007-06-25 00:00:00-04:00,12.161663801427217,12.276150647361362,12.120032130853225,12.192887306213379,5967900,0.0,0.0
2007-06-26 00:00:00-04:00,12.198093371771357,12.229316881632553,12.088809598390945,12.114830017089844,5633800,0.0,0.0
2007-06-27 00:00:00-04:00,12.036768664449104,12.104420754367403,11.865037886884995,12.0679931640625,6670100,0.0,0.0
2007-06-28 00:00:00-04:00,12.021158732644684,12.52073887061285,11.932691292473967,12.369824409484863,8767400,0.0,0.0
2007-06-29 00:00:00-04:00,12.458287120197177,12.54675452678359,12.369819713610765,12.453083038330078,6154800,0.0,0.0
2007-07-02 00:00:00-04:00,12.453088554769543,12.46869981470915,12.16686988075345,12.239726066589355,5419700,0.0,0.0
2007-07-03 00:00:00-04:00,12.307376089373806,12.489515049020856,12.302172005660749,12.437475204467773,2001600,0.0,0.0
2007-07-05 00:00:00-04:00,12.401046846233202,12.406250929625301,12.349007004889618,12.364619255065918,3284700,0.0,0.0
2007-07-06 00:00:00-04:00,12.36462152799826,12.463497145469184,12.30217350839094,12.421865463256836,3191500,0.0,0.0
2007-07-09 00:00:00-04:00,12.380232035598096,12.54155465735442,12.349007533907873,12.427066802978516,4131400,0.0,0.0
2007-07-10 00:00:00-04:00,12.380233288472466,12.416660884886726,12.026363507458125,12.073199272155762,5261600,0.0,0.0
2007-07-11 00:00:00-04:00,12.067992889227888,12.198091990255337,12.026361216602199,12.177275657653809,3796500,0.0,0.0
2007-07-12 00:00:00-04:00,11.708920868570738,12.177277504798063,11.646472853870918,11.807796478271484,12900700,0.0,0.0
2007-07-13 00:00:00-04:00,11.750551781231362,11.776571206655948,11.594433243528936,11.651676177978516,7799900,0.0,0.0
2007-07-16 00:00:00-04:00,11.594433034793228,11.656880051718975,11.464333924857575,11.479945182800293,4177600,0.0,0.0
2007-07-17 00:00:00-04:00,11.459131240844727,11.505967005547767,11.391479139572528,11.459131240844727,4067700,0.0,0.0
2007-07-18 00:00:00-04:00,11.625655604307859,11.625655604307859,11.35504923927869,11.521575927734375,6112400,0.0,0.0
2007-07-19 00:00:00-04:00,11.568412949125593,11.568412949125593,11.401886242443155,11.453926086425781,3114400,0.0,0.0
2007-07-20 00:00:00-04:00,11.438314197215519,11.448722364856714,11.110464857137812,11.183320045471191,5614100,0.0,0.0
2007-07-23 00:00:00-04:00,11.370663081322258,11.49035403134373,11.318623235745857,11.469538688659668,6347600,0.0,0.0
2007-07-24 00:00:00-04:00,11.412293652445003,11.412293652445003,11.110463768467893,11.136483192443848,5580400,0.0,0.0
2007-07-25 00:00:00-04:00,11.245766161280907,11.396680596304984,11.183318158547866,11.386272430419922,6025600,0.0,0.0
2007-07-26 00:00:00-04:00,11.25617142917475,11.28739592154434,10.995973281557813,11.224947929382324,7454400,0.0,0.0
2007-07-27 00:00:00-04:00,11.214543407193569,11.245767909703346,10.8918981552124,10.891898155212402,8713800,0.0,0.0
2007-07-30 00:00:00-04:00,10.949139572490818,10.949139572490818,10.751388405597153,10.865875244140625,10223900,0.0,0.0
2007-07-31 00:00:00-04:00,11.058420667113834,11.172907488457373,10.891894020586106,10.917913436889648,7742000,0.0,0.0
2007-08-01 00:00:00-04:00,10.881490797765641,11.110465536995614,10.787819268418037,11.089649200439453,5319100,0.0,0.0
2007-08-02 00:00:00-04:00,11.042811934194487,11.266582558857705,11.027200676477701,11.188523292541504,4028100,0.0,0.0
2007-08-03 00:00:00-04:00,11.141686936539553,11.245766614429407,10.92832449018499,10.959547996520996,6257200,0.0,0.0
2007-08-06 00:00:00-04:00,10.93873351680656,11.308214516477731,10.902305924453339,11.282195091247559,7637800,0.0,0.0
2007-08-07 00:00:00-04:00,11.16770837645821,11.29260440951149,11.074037840534572,11.209341049194336,9066800,0.0,0.0
2007-08-08 00:00:00-04:00,11.292603010473258,12.099217085831022,11.256174426342277,11.922282218933105,12581200,0.0,0.0
2007-08-09 00:00:00-04:00,11.812998770323372,12.489513698635161,11.604839414617556,12.177275657653809,12446200,0.0,0.0
2007-08-10 00:00:00-04:00,12.109625370560844,12.177276470878963,11.865038409045669,12.130440711975098,9992000,0.0,0.0
2007-08-13 00:00:00-04:00,12.260538799105147,12.260538799105147,11.662083142842144,11.682899475097656,6788500,0.0,0.0
2007-08-14 00:00:00-04:00,11.797387831622888,11.87024301866809,11.516373265744292,11.542393684387207,5656400,0.0,0.0
2007-08-15 00:00:00-04:00,11.56841126076435,11.797385945323537,11.41749682707527,11.464332580566406,6402000,0.0,0.0
2007-08-16 00:00:00-04:00,11.26658428077021,11.734940942825466,11.26658428077021,11.63086223602295,6955400,0.0,0.0
2007-08-17 00:00:00-04:00,12.505123190240116,12.505123190240116,11.433106119537984,11.662080764770508,8006300,0.0,0.0
2007-08-20 00:00:00-04:00,11.656881276119767,11.839020247676453,11.464335129033948,11.531986236572266,3999700,0.0,0.0
2007-08-21 00:00:00-04:00,11.573614654104516,11.724530071379371,11.495555400462502,11.677694320678711,4501000,0.0,0.0
2007-08-22 00:00:00-04:00,11.760962296271412,11.911876780500467,11.734941873074918,11.875449180603027,4665300,0.0,0.0
2007-08-23 00:00:00-04:00,11.953502515863514,11.969114762011307,11.71932477910959,11.786975860595703,3288300,0.0,0.0
2007-08-24 00:00:00-04:00,11.740140217599082,11.948298538507773,11.672489135520195,11.911870956420898,2197100,0.0,0.0
2007-08-27 00:00:00-04:00,11.90667160485732,11.979527790554066,11.766165302781403,11.828612327575684,3689100,0.0,0.0
2007-08-28 00:00:00-04:00,11.599637813290471,11.854631964932992,11.599637813290471,11.71412467956543,5623300,0.0,0.0
2007-08-29 00:00:00-04:00,12.022539861764209,12.022539861764209,11.554203549414046,11.7027006149292,6786600,2.0,0.0
2007-08-30 00:00:00-04:00,11.645588721441014,11.68556849981036,11.45711184529463,11.611320495605469,5682700,0.0,0.0
2007-08-31 00:00:00-04:00,11.714121457225904,11.794080981164374,11.54848976979129,11.617027282714844,3028800,0.0,0.0
2007-09-04 00:00:00-04:00,11.594183053209818,11.931156946195848,11.542780182119271,11.8911771774292,4195700,0.0,0.0
2007-09-05 00:00:00-04:00,11.851199933871024,11.862623038628914,11.514225969083867,11.531360626220703,4746700,0.0,0.0
2007-09-06 00:00:00-04:00,11.479958216986356,11.56562932746449,11.337172669733707,11.388575553894043,4049500,0.0,0.0
2007-09-07 00:00:00-04:00,11.251503936095808,11.348598172313112,11.137275038416332,11.222946166992188,4800300,0.0,0.0
2007-09-10 00:00:00-04:00,11.251501707035407,11.308615055192787,11.103004605218185,11.131561279296875,3521900,0.0,0.0
2007-09-11 00:00:00-04:00,11.188673958325769,11.262921952881365,11.103002860187122,11.165827751159668,5181900,0.0,0.0
2007-09-12 00:00:00-04:00,11.114423590041694,11.188672665384328,11.034464052934542,11.080155372619629,3705600,0.0,0.0
2007-09-13 00:00:00-04:00,11.165828092838453,11.320036727827134,11.120136766475193,11.280056953430176,6053300,0.0,0.0
2007-09-14 00:00:00-04:00,11.257211854110535,11.285769616754244,11.00591007904943,11.05160140991211,8477000,0.0,0.0
2007-09-17 00:00:00-04:00,11.05159800516878,11.097289321955014,10.783160565853597,10.885966300964355,6504600,0.0,0.0
2007-09-18 00:00:00-04:00,10.85170248850988,11.365730283250032,10.840279382336965,11.360018730163574,7359000,0.0,0.0
2007-09-19 00:00:00-04:00,11.394287089246985,11.445689973329449,11.251501542210642,11.3543062210083,5941300,0.0,0.0
2007-09-20 00:00:00-04:00,11.251500733120773,11.360016956720608,11.091580539767634,11.114425659179688,3642900,0.0,0.0
2007-09-21 00:00:00-04:00,11.131560954661046,11.3428840405292,10.943084078883397,11.028755187988281,6124300,0.0,0.0
2007-09-24 00:00:00-04:00,10.965930288973903,11.188675390520054,10.897392748069642,11.028755187988281,3123400,0.0,0.0
2007-09-25 00:00:00-04:00,10.988773983842753,11.06302306763541,10.828853802061511,10.92023754119873,4059900,0.0,0.0
2007-09-26 00:00:00-04:00,10.925946870737555,10.960216177873408,10.794584461484455,10.86312198638916,5227400,0.0,0.0
2007-09-27 00:00:00-04:00,10.885969335118771,10.965929978806628,10.828854900875223,10.954506874084473,3104600,0.0,0.0
2007-09-28 00:00:00-04:00,10.885967932364983,11.211518749425695,10.885967932364983,11.085867881774902,3900000,0.0,0.0
2007-10-01 00:00:00-04:00,11.085869947150599,11.194387269510738,11.01162194092563,11.131561279296875,3481300,0.0,0.0
2007-10-02 00:00:00-04:00,11.154405255576037,11.28005612146579,10.994485080416023,11.057311058044434,4283100,0.0,0.0
2007-10-03 00:00:00-04:00,10.988773862143654,11.22294203575706,10.988773862143654,11.15440559387207,3616600,0.0,0.0
2007-10-04 00:00:00-04:00,11.154406412758549,11.428554379158937,11.13727175634583,11.394286155700684,4549100,0.0,0.0
2007-10-05 00:00:00-04:00,11.377151660835821,11.531360302638392,11.285769004071453,11.439977645874023,3665500,0.0,0.0
2007-10-08 00:00:00-04:00,11.137270314547678,11.285767382799026,11.125847211751335,11.23436450958252,3124200,0.0,0.0
2007-10-09 00:00:00-04:00,11.280055890708164,11.531358706713803,11.251499222934203,11.5142240524292,10632300,0.0,0.0
2007-10-10 00:00:00-04:00,11.702701178478904,11.708412730046879,11.285767718320455,11.3257474899292,6574600,0.0,0.0
2007-10-11 00:00:00-04:00,11.142983274003146,11.3257485843712,10.994486186987308,11.097291946411133,7771400,0.0,0.0
2007-10-12 00:00:00-04:00,11.074442788424792,11.428551299976949,11.074442788424792,11.308610916137695,4236300,0.0,0.0
2007-10-15 00:00:00-04:00,11.337170268357148,11.422841360688906,11.211518316194663,11.25149917602539,4252600,0.0,0.0
2007-10-16 00:00:00-04:00,11.222944425349615,11.222944425349615,10.96021952657252,10.9773530960083,4623700,0.0,0.0
2007-10-17 00:00:00-04:00,11.011621626321803,11.045889852110639,10.726050536224562,10.77174186706543,4679500,0.0,0.0
2007-10-18 00:00:00-04:00,10.708912657659571,10.760315525565693,10.53757049088379,10.640375137329102,3620500,0.0,0.0
2007-10-19 00:00:00-04:00,10.571840099600434,10.766028495200258,10.486169004922177,10.497591018676758,5946600,0.0,0.0
2007-10-22 00:00:00-04:00,10.406208704451966,10.60039710624745,10.314826055297281,10.594685554504395,4570800,0.0,0.0
2007-10-23 00:00:00-04:00,10.606105609576177,10.623240259880493,10.446186564203076,10.543279647827148,3504800,0.0,0.0
2007-10-24 00:00:00-04:00,10.514729008049166,10.663226127624512,10.349098317724591,10.663226127624512,5127600,0.0,0.0
2007-10-25 00:00:00-04:00,10.640378332351464,10.646089884874607,10.337673674195637,10.49188232421875,3592500,0.0,0.0
2007-10-26 00:00:00-04:00,10.680358384611909,10.828854381407561,10.394787316460437,10.520438194274902,3709700,0.0,0.0
2007-10-29 00:00:00-04:00,10.520436282494495,10.617530471596664,10.44618829758906,10.514724731445312,3543900,0.0,0.0
2007-10-30 00:00:00-04:00,10.514726317424424,10.588975402896127,10.41763211367714,10.43476676940918,2462400,0.0,0.0
2007-10-31 00:00:00-04:00,10.486169186273646,10.577551834093134,10.40049700074667,10.566128730773926,5371800,0.0,0.0
2007-11-01 00:00:00-04:00,10.526149116033654,10.737471083765714,10.406208708121394,10.600397109985352,5865100,0.0,0.0
2007-11-02 00:00:00-04:00,10.628954180388774,10.628954180388774,10.28626872344633,10.400496482849121,8234000,0.0,0.0
2007-11-05 00:00:00-05:00,10.223444317715112,10.514726946380526,10.217732765462785,10.331961631774902,3466100,0.0,0.0
2007-11-06 00:00:00-05:00,10.33767032623291,10.457609622273564,10.22344149149875,10.33767032623291,3706100,0.0,0.0
2007-11-07 00:00:00-05:00,10.194888594090168,10.326251040010634,10.02354527868463,10.052103042602539,4279800,0.0,0.0
2007-11-08 00:00:00-05:00,10.103504659691628,10.263423760083258,10.012122005362935,10.223443984985352,4904000,0.0,0.0
2007-11-09 00:00:00-05:00,10.080657417211825,10.680357250256392,10.080657417211825,10.480457305908203,3846700,0.0,0.0
2007-11-12 00:00:00-05:00,10.440477104337557,11.000196053935541,10.440477104337557,10.634665489196777,6243900,0.0,0.0
2007-11-13 00:00:00-05:00,10.691781226172163,11.07444653065982,10.548995681055384,11.05160140991211,4989700,0.0,0.0
2007-11-14 00:00:00-05:00,11.137270757033654,11.228653404300974,10.994485234507582,11.085867881774902,3603700,0.0,0.0
2007-11-15 00:00:00-05:00,11.063019945646026,11.171536130770262,10.754602772682055,10.828850746154785,3629900,0.0,0.0
2007-11-16 00:00:00-05:00,10.880255904695137,10.897390558820721,10.303403377571914,10.400496482849121,5889700,0.0,0.0
2007-11-19 00:00:00-05:00,10.354807389081772,10.423344930963129,10.103505610707096,10.240579605102539,5831300,0.0,0.0
2007-11-20 00:00:00-05:00,10.274845732797818,10.503302343462972,9.966429580741625,10.172039985656738,5173600,0.0,0.0
2007-11-21 00:00:00-05:00,10.080660975544344,10.349098543045818,9.869338943008547,10.137775421142578,5283200,0.0,0.0
2007-11-23 00:00:00-05:00,10.274845897803615,10.274845897803615,10.12634882614476,10.212019920349121,1475200,0.0,0.0
2007-11-26 00:00:00-05:00,10.234869848307126,10.234869848307126,9.863627578843785,9.892184257507324,3537100,0.0,0.0
2007-11-27 00:00:00-05:00,9.92645106009835,10.126351050054492,9.857914605429979,10.052103042602539,5917200,0.0,0.0
2007-11-28 00:00:00-05:00,10.052101347403365,10.41763194897061,10.052101347403365,10.38907527923584,5165400,0.0,0.0
2007-11-29 00:00:00-05:00,10.33767159645605,10.440477342475486,10.234865850436611,10.400496482849121,3642900,0.0,0.0
2007-11-30 00:00:00-05:00,10.537572843729993,10.680358377713505,10.354806445162675,10.509015083312988,4858100,0.0,0.0
2007-12-03 00:00:00-05:00,10.646090845130203,10.646090845130203,10.360519729418622,10.474748611450195,3429200,0.0,0.0
2007-12-04 00:00:00-05:00,10.411918037130535,10.611817948064937,10.337670059029293,10.503300666809082,2562800,0.0,0.0
2007-12-05 00:00:00-05:00,10.577551217606256,10.708913630019746,10.509013691052637,10.657510757446289,3375500,0.0,0.0
2007-12-06 00:00:00-05:00,10.651802362266995,11.057313911681703,10.588977457791998,11.040179252624512,3132200,0.0,0.0
2007-12-07 00:00:00-05:00,11.040178304854624,11.114426308993757,10.988775421463204,11.05160140991211,2408300,0.0,0.0
2007-12-10 00:00:00-05:00,11.103001940851211,11.28576722557847,11.017330849806187,11.20580768585205,3701400,0.0,0.0
2007-12-11 00:00:00-05:00,11.240079945809251,11.245791499181466,10.623246343386423,10.663226127624512,4445600,0.0,0.0
2007-12-12 00:00:00-05:00,10.925946521279274,11.222940637422191,10.53757085713119,10.766027450561523,4183500,0.0,0.0
2007-12-13 00:00:00-05:00,10.680354311951126,10.783158942215499,10.17774881361377,10.457608222961426,5670300,0.0,0.0
2007-12-14 00:00:00-05:00,10.480454659859369,10.480454659859369,10.251998105155375,10.274843215942383,3903600,0.0,0.0
2007-12-17 00:00:00-05:00,10.25770778441601,10.400493256399752,10.206306016719227,10.309110641479492,3104700,0.0,0.0
2007-12-18 00:00:00-05:00,10.457610310320453,10.560416050471805,10.217730613089621,10.514724731445312,4347100,0.0,0.0
2007-12-19 00:00:00-05:00,10.497592286341343,10.548995167229004,10.206310747134207,10.326250076293945,2726500,0.0,0.0
2007-12-20 00:00:00-05:00,10.38336337528385,10.417631595676859,10.097792330152247,10.269134521484375,2306900,0.0,0.0
2007-12-21 00:00:00-05:00,10.371940808271372,10.708914746097959,10.326249482262705,10.691780090332031,5295300,0.0,0.0
2007-12-24 00:00:00-05:00,10.680357021261806,10.948793398886039,10.663222367187778,10.931658744812012,1321000,0.0,0.0
2007-12-26 00:00:00-05:00,10.771737423191212,10.960214221324703,10.708911460691112,10.828850746154785,2477000,0.0,0.0
2007-12-27 00:00:00-05:00,10.817432053881218,10.925948272297335,10.691780090332031,10.691780090332031,2089300,0.0,0.0
2007-12-28 00:00:00-05:00,10.8288534637292,10.90881409680512,10.737470816814216,10.817431449890137,2820700,0.0,0.0
2007-12-31 00:00:00-05:00,10.76602999749902,11.04588952682888,10.743183788067737,10.943083763122559,3207800,0.0,0.0
2008-01-02 00:00:00-05:00,10.868835406717785,10.920238286894438,10.51472679765275,10.554706573486328,2975100,0.0,0.0
2008-01-03 00:00:00-05:00,10.600396955196135,10.731760464680338,10.543282527946538,10.571840286254883,2803000,0.0,0.0
2008-01-04 00:00:00-05:00,10.566128277701822,10.97735017525646,10.486168736630182,10.697490692138672,4904500,0.0,0.0
2008-01-07 00:00:00-05:00,10.77744897336093,10.948791120985264,10.726046111200269,10.828850746154785,3965000,0.0,0.0
2008-01-08 00:00:00-05:00,10.868831908833375,10.994482748067803,10.383361024162209,10.411917686462402,4163400,0.0,0.0
2008-01-09 00:00:00-05:00,10.469035314858264,10.537572850536174,10.172041142532612,10.520438194274902,5143600,0.0,0.0
2008-01-10 00:00:00-05:00,10.394787966915855,11.07444636730172,10.360518652248906,11.000198364257812,6618900,0.0,0.0
2008-01-11 00:00:00-05:00,10.857411041690169,10.954505238598056,10.708913970574159,10.754605293273926,6255000,0.0,0.0
2008-01-14 00:00:00-05:00,10.863123387114198,10.988774261379804,10.554706119325242,10.703203201293945,4384800,0.0,0.0
2008-01-15 00:00:00-05:00,10.691782805118171,10.766031909589554,10.451903010322216,10.663226127624512,5344000,0.0,0.0
2008-01-16 00:00:00-05:00,10.743182635510784,10.851699939932903,10.566128888882037,10.600397109985352,8008900,0.0,0.0
2008-01-17 00:00:00-05:00,10.534199736425258,10.701135676057675,10.309700739762977,10.3615083694458,6283700,0.145,0.0
2008-01-18 00:00:00-05:00,10.470880396842293,10.539956506057445,10.0276378205894,10.223355293273926,7155500,0.0,0.0
2008-01-22 00:00:00-05:00,9.780113096732794,10.758700498148967,9.774356571083874,10.459367752075195,7020800,0.0,0.0
2008-01-23 00:00:00-05:00,10.200329151979446,11.046519721167732,10.177304148312087,11.029250144958496,6253400,0.0,0.0
2008-01-24 00:00:00-05:00,11.046520413343547,11.121353052382673,10.747187661296989,10.873827934265137,4843400,0.0,0.0
2008-01-25 00:00:00-05:00,11.029251287192187,11.09257197523884,10.551470608705342,10.55722713470459,5333600,0.0,0.0
2008-01-28 00:00:00-05:00,10.603271839001918,10.983193541869706,10.505413152024191,10.977437019348145,3585100,0.0,0.0
2008-01-29 00:00:00-05:00,11.02924816598375,11.150132981868161,10.787479632159691,11.075299263000488,3584000,0.0,0.0
2008-01-30 00:00:00-05:00,11.115594739285301,11.132864313799786,10.562981530159965,10.60903263092041,6197700,0.0,0.0
2008-01-31 00:00:00-05:00,10.378775696934795,10.816261642846383,10.378775696934795,10.678107261657715,7129900,0.0,0.0
2008-02-01 00:00:00-05:00,10.666595615740283,10.868068473335287,10.591761898966658,10.83353042602539,4064600,0.0,0.0
2008-02-04 00:00:00-05:00,10.84504137580742,10.84504137580742,10.614785941723882,10.666593551635742,2329700,0.0,0.0
2008-02-05 00:00:00-05:00,10.61478937312803,10.7932372549859,10.442096918281333,10.643570899963379,5043900,0.0,0.0
2008-02-06 00:00:00-05:00,10.695373968201192,10.822014169424854,10.626296796114573,10.672348976135254,3811500,0.0,0.0
2008-02-07 00:00:00-05:00,10.637815168754157,10.93714790113409,10.56298253463165,10.735673904418945,4009900,0.0,0.0
2008-02-08 00:00:00-05:00,10.643570899963379,10.747186153282422,10.586006748347813,10.643570899963379,4087200,0.0,0.0
2008-02-11 00:00:00-05:00,10.591760619585951,10.614786713641042,10.384531262813116,10.505414962768555,6154700,0.0,0.0
2008-02-12 00:00:00-05:00,10.597518113090961,10.695376825892916,10.505415924329673,10.591761589050293,4722000,0.0,0.0
2008-02-13 00:00:00-05:00,10.637815773810653,10.729917989328449,10.465124394201037,10.6205472946167,3663300,0.0,0.0
2008-02-14 00:00:00-05:00,10.609035282617198,10.770213626592376,10.545714591515448,10.57449722290039,4849400,0.0,0.0
2008-02-15 00:00:00-05:00,10.557224712075095,10.752942159356778,10.465122513112517,10.706891059875488,4844800,0.0,0.0
2008-02-19 00:00:00-05:00,10.810507430366457,10.839288958800587,10.591763861665303,10.614789962768555,3000300,0.0,0.0
2008-02-20 00:00:00-05:00,10.49965704839217,10.752938559723633,10.49965704839217,10.741425514221191,4499400,0.0,0.0
2008-02-21 00:00:00-05:00,10.764454320580768,10.850799987741043,10.660839080810545,10.660839080810547,4158000,0.0,0.0
2008-02-22 00:00:00-05:00,10.729918233075448,10.885341137021786,10.580251854972868,10.862316131591797,5103300,0.0,0.0
2008-02-25 00:00:00-05:00,10.845044926841135,11.132864588173554,10.770211200045576,11.104083061218262,4199900,0.0,0.0
2008-02-26 00:00:00-05:00,11.03500671475223,11.25374919122437,11.03500671475223,11.236480712890625,3999400,0.0,0.0
2008-02-27 00:00:00-05:00,11.14437851485031,11.420685147959418,11.05227630381394,11.150135040283203,4419700,0.0,0.0
2008-02-28 00:00:00-05:00,11.178913671354266,11.178913671354266,10.868067966234968,10.8968505859375,3899400,0.0,0.0
2008-02-29 00:00:00-05:00,10.741427842012703,10.827773506104219,10.499659323789649,10.551466941833496,5460700,0.0,0.0
2008-03-03 00:00:00-05:00,10.51692842213511,10.53419689540888,10.188814254597812,10.315454483032227,4874500,0.0,0.0
2008-03-04 00:00:00-05:00,10.194572666146813,10.309700978765344,10.044907396865668,10.223355293273926,7044300,0.0,0.0
2008-03-05 00:00:00-05:00,10.275160419208348,10.436338700047186,10.137007136513047,10.252134323120117,4129700,0.0,0.0
2008-03-06 00:00:00-05:00,10.183059326836299,10.229110426024945,9.970072306873291,9.98734188079834,4123100,0.0,0.0
2008-03-07 00:00:00-05:00,9.929780198027593,10.217599913912451,9.837677976780045,10.04490852355957,3806700,0.0,0.0
2008-03-10 00:00:00-04:00,10.033392083613352,10.165788844709414,9.843431179188,9.860699653625488,4026200,0.0,0.0
2008-03-11 00:00:00-04:00,10.160032932023702,10.269404701136988,9.72830347798917,10.085200309753418,5824900,0.0,0.0
2008-03-12 00:00:00-04:00,9.757087711583608,9.791625766185234,9.158422242782308,9.210229873657227,10207600,0.0,0.0
2008-03-13 00:00:00-04:00,9.077831343222591,9.215984633100916,8.864844335111375,9.118125915527344,8533500,0.0,0.0
2008-03-14 00:00:00-04:00,9.118127369880483,9.210229577823121,8.726692437151813,8.90514087677002,9257800,0.0,0.0
2008-03-17 00:00:00-04:00,8.71518148751607,9.45775635749593,8.634591766729804,9.00300121307373,8049900,0.0,0.0
2008-03-18 00:00:00-04:00,9.19295866654128,9.394432067871094,9.07783093021391,9.394432067871094,6583000,0.0,0.0
2008-03-19 00:00:00-04:00,9.423215080173998,9.492291175871635,9.135394903923729,9.141151428222656,5988000,0.0,0.0
2008-03-20 00:00:00-04:00,9.152664261955334,9.371407801520567,9.112369688336681,9.359894752502441,7202400,0.0,0.0
2008-03-24 00:00:00-04:00,9.417460291487965,9.549857080929433,9.325358081620426,9.428972244262695,4466500,0.0,0.0
2008-03-25 00:00:00-04:00,9.405945415150631,9.538342178894965,9.25052255443612,9.463509559631348,5920100,0.0,0.0
2008-03-26 00:00:00-04:00,9.359893640677871,9.405944733335359,9.256278407712358,9.285059928894043,3697900,0.0,0.0
2008-03-27 00:00:00-04:00,9.29081666848925,9.405944951779036,9.210227528953206,9.227497100830078,5022700,0.0,0.0
2008-03-28 00:00:00-04:00,9.233255057130844,9.365651834891347,9.17569035758368,9.187203407287598,2795300,0.0,0.0
2008-03-31 00:00:00-04:00,9.204473415089046,9.371409359775194,9.112371203519091,9.250524520874023,3987200,0.0,0.0
2008-04-01 00:00:00-04:00,9.423212592765063,9.762838653194038,9.365648462915514,9.745570182800293,9291800,0.0,0.0
2008-04-02 00:00:00-04:00,9.785867313562393,9.860699933452771,9.57288030658329,9.590149879455566,6389600,0.0,0.0
2008-04-03 00:00:00-04:00,9.624687618816347,9.653470239347756,9.417458240713755,9.43472671508789,8291600,0.0,0.0
2008-04-04 00:00:00-04:00,9.434728406277534,9.515318660266695,9.273550094189023,9.400190353393555,5320100,0.0,0.0
2008-04-07 00:00:00-04:00,9.52107647759007,9.670741759714618,9.388678577333655,9.595909118652344,4815200,0.0,0.0
2008-04-08 00:00:00-04:00,9.584395046348835,9.722548359870222,9.503805887947594,9.55561351776123,7595700,0.0,0.0
2008-04-09 00:00:00-04:00,9.613177140056912,10.01036748268669,9.613177140056912,9.791625022888184,6755700,0.0,0.0
2008-04-10 00:00:00-04:00,9.78586849790074,9.843432649830307,9.58439451511969,9.791625022888184,6419500,0.0,0.0
2008-04-11 00:00:00-04:00,9.722547820983726,9.964316380732011,9.699522818978826,9.791625022888184,5452600,0.0,0.0
2008-04-14 00:00:00-04:00,9.768598045203188,9.866456765307117,9.728303471856531,9.831918716430664,4461200,0.0,0.0
2008-04-15 00:00:00-04:00,9.929778388500214,10.021880592963756,9.837676184036672,9.998855590820312,4158000,0.0,0.0
2008-04-16 00:00:00-04:00,10.119740456349732,10.30394488591662,10.027638241566287,10.286676406860352,5306200,0.0,0.0
2008-04-17 00:00:00-04:00,10.183057743002136,10.44209472391935,10.183057743002136,10.401800155639648,4687900,0.0,0.0
2008-04-18 00:00:00-04:00,10.505416197187294,10.6147879609113,10.286673767684004,10.321211814880371,4909500,0.0,0.0
2008-04-21 00:00:00-04:00,9.929775537560651,10.390286427660998,9.900994018658592,10.303940773010254,6550500,0.0,0.0
2008-04-22 00:00:00-04:00,10.240620348474046,10.36726055808876,10.229107302706034,10.344234466552734,6712400,0.0,0.0
2008-04-23 00:00:00-04:00,10.804750553750877,10.94866038713186,10.229111220226951,10.338481903076172,5878800,0.0,0.0
2008-04-24 00:00:00-04:00,10.298183796975522,10.597516411355613,10.223351192352759,10.539952278137207,5001300,0.0,0.0
2008-04-25 00:00:00-04:00,10.609035671184863,10.72991943359375,10.49966386380647,10.72991943359375,3459100,0.0,0.0
2008-04-28 00:00:00-04:00,10.706890478123498,10.850800293426381,10.666595905509851,10.816262245178223,6206400,0.0,0.0
2008-04-29 00:00:00-04:00,10.810505427133702,10.879581521753494,10.770209757669972,10.83353042602539,3310300,0.0,0.0
2008-04-30 00:00:00-04:00,10.833530857120866,10.845043905997208,10.447852503321531,10.470878601074219,5926300,0.0,0.0
2008-05-01 00:00:00-04:00,10.505419214894097,10.896854188709302,10.413316997284053,10.862316131591797,5046800,0.0,0.0
2008-05-02 00:00:00-04:00,10.931388917239161,11.017734582713352,10.724158441745338,10.798992156982422,4363800,0.0,0.0
2008-05-05 00:00:00-04:00,10.747183624207311,10.747183624207311,10.562979260741189,10.586004257202148,2766300,0.0,0.0
2008-05-06 00:00:00-04:00,10.476636649983845,10.637814965926873,10.424829020446465,10.614789962768555,4175000,0.0,0.0
2008-05-07 00:00:00-04:00,10.574493692311249,10.712646982997276,10.367263207309831,10.396044731140137,4285200,0.0,0.0
2008-05-08 00:00:00-04:00,10.476634001826119,10.476634001826119,10.252133964595577,10.309698104858398,2359500,0.0,0.0
2008-05-09 00:00:00-04:00,10.165790912064924,10.413316010157248,10.14276590881758,10.275162696838379,2906800,0.0,0.0
2008-05-12 00:00:00-04:00,10.326970315638897,10.37877794532172,10.217598530981276,10.3615083694458,3037800,0.0,0.0
2008-05-13 00:00:00-04:00,10.442092867858364,10.442092867858364,10.280914623388664,10.35574722290039,3083000,0.0,0.0
2008-05-14 00:00:00-04:00,10.586004063304898,10.80474756437279,10.113980116082576,10.724157333374023,3907000,0.0,0.0
2008-05-15 00:00:00-04:00,10.724158356072373,10.724158356072373,10.476634409809028,10.678107261657715,2918300,0.0,0.0
2008-05-16 00:00:00-04:00,10.672351927810247,10.896850877779201,10.643569307336852,10.885337829589844,4996800,0.0,0.0
2008-05-19 00:00:00-04:00,10.914119422019914,10.971683565390677,10.787479184960002,10.839286804199219,4424300,0.0,0.0
2008-05-20 00:00:00-04:00,11.029247950076947,11.167401238422691,10.862313138388448,11.127106666564941,5717900,0.0,0.0
2008-05-21 00:00:00-04:00,11.167400922560882,11.190427018939598,10.879581305495163,10.885337829589844,3816100,0.0,0.0
2008-05-22 00:00:00-04:00,10.937146983687576,11.13862096350237,10.833531731328831,11.115594863891602,2738700,0.0,0.0
2008-05-23 00:00:00-04:00,11.12710956327564,11.12710956327564,10.902610548513264,10.954418182373047,3062500,0.0,0.0
2008-05-27 00:00:00-04:00,10.983196853961697,11.207695810280441,10.873825088958707,11.127106666564941,3557100,0.0,0.0
2008-05-28 00:00:00-04:00,11.380390957502241,11.472493171691895,11.190430003492954,11.472493171691895,3743900,0.0,0.0
2008-05-29 00:00:00-04:00,11.426440234703874,11.731528358619233,11.39765761116339,11.59913158416748,4829200,0.0,0.0
2008-05-30 00:00:00-04:00,11.570353146603841,11.599134679881056,11.43795633681647,11.547327041625977,3150200,0.0,0.0
2008-06-02 00:00:00-04:00,11.766069707453248,11.869684975688305,11.57035222255259,11.754556655883789,7054300,0.0,0.0
2008-06-03 00:00:00-04:00,11.81211896565209,11.973297270598993,11.737285240116863,11.881195068359375,5719800,0.0,0.0
2008-06-04 00:00:00-04:00,11.823631283344577,11.886950857248276,11.570349693895418,11.656695365905762,4864300,0.0,0.0
2008-06-05 00:00:00-04:00,11.789089838012318,12.059640948300066,11.656693093542973,12.013589859008789,4342700,0.0,0.0
2008-06-06 00:00:00-04:00,11.909976273691807,11.944514320930216,11.512784887643582,11.558835983276367,5350900,0.0,0.0
2008-06-09 00:00:00-04:00,11.633671117550346,11.829388590796716,11.43219821680699,11.530056953430176,4495500,0.0,0.0
2008-06-10 00:00:00-04:00,11.466732622403464,11.760308738846964,11.334335873206774,11.524296760559082,5877000,0.0,0.0
2008-06-11 00:00:00-04:00,11.530054542243825,11.938757881648646,11.512784969529426,11.679720878601074,7484000,0.0,0.0
2008-06-12 00:00:00-04:00,11.80060497489007,12.26687247379046,11.760310401866487,12.04813003540039,7394100,0.0,0.0
2008-06-13 00:00:00-04:00,12.030857230885777,12.197793100513367,11.93875506072727,12.025100708007812,6438400,0.0,0.0
2008-06-16 00:00:00-04:00,11.852411734451467,12.094180252948112,11.829385638430505,12.088423728942871,3904800,0.0,0.0
2008-06-17 00:00:00-04:00,12.128718727833151,12.134475252041907,11.898463249206543,11.898463249206543,3858500,0.0,0.0
2008-06-18 00:00:00-04:00,11.817874095358054,11.950270858204096,11.691232758770772,11.7257719039917,4620600,0.0,0.0
2008-06-19 00:00:00-04:00,11.656693895437106,11.886949357733354,11.593373231576393,11.639424324035645,5841700,0.0,0.0
2008-06-20 00:00:00-04:00,11.530055485687535,11.679721834291195,11.432196761521482,11.512785911560059,6225400,0.0,0.0
2008-06-23 00:00:00-04:00,11.794848810386208,11.794848810386208,11.374632396110536,11.391901969909668,3945300,0.0,0.0
2008-06-24 00:00:00-04:00,11.374631724614714,11.455220868363522,11.092568623549154,11.213452339172363,6670400,0.0,0.0
2008-06-25 00:00:00-04:00,11.144376828206376,11.541567141458655,11.058030057726077,11.443708419799805,7736300,0.0,0.0
2008-06-26 00:00:00-04:00,11.311313347541763,11.518543871106393,11.236480712890625,11.236480712890625,6752600,0.0,0.0
2008-06-27 00:00:00-04:00,11.236479246674946,11.397657545798005,11.017735700801058,11.132863998413086,8120300,0.0,0.0
2008-06-30 00:00:00-04:00,11.132864456901043,11.132864456901043,10.752942596257665,10.775967597961426,7898100,0.0,0.0
2008-07-01 00:00:00-04:00,10.724160820547528,11.03500660273917,10.655084712023795,10.9889554977417,8557200,0.0,0.0
2008-07-02 00:00:00-04:00,11.052273688510653,11.420682445479441,10.98895302167738,11.184670448303223,8269500,0.0,0.0
2008-07-03 00:00:00-04:00,11.25374654126252,11.351605254575443,11.098324783131751,11.184670448303223,4345500,0.0,0.0
2008-07-07 00:00:00-04:00,11.201941515271026,11.288288298372247,10.931391408996074,11.029250144958496,9178300,0.0,0.0
2008-07-08 00:00:00-04:00,11.063787143527586,11.633669928704478,10.954416465142069,11.587618827819824,8002600,0.0,0.0
2008-07-09 00:00:00-04:00,11.587620011959727,11.754555955941322,11.507030851662384,11.530056953430176,7775100,0.0,0.0
2008-07-10 00:00:00-04:00,11.288284140890067,11.455218924317332,10.758696076248981,10.914117813110352,11531400,0.0,0.0
2008-07-11 00:00:00-04:00,10.856561003914857,11.132867692329263,10.436343346762953,10.845047950744629,8372200,0.0,0.0
2008-07-14 00:00:00-04:00,10.960173793702788,11.046519476950115,10.534199706852108,10.614789962768555,7733700,0.0,0.0
2008-07-15 00:00:00-04:00,10.666598932800152,10.9083675350432,10.315458532461543,10.55722713470459,9255500,0.0,0.0
2008-07-16 00:00:00-04:00,10.59176218963198,10.931389441676277,10.349993655938496,10.902607917785645,7725800,0.0,0.0
2008-07-17 00:00:00-04:00,11.017735042789832,11.247991624262292,10.74142846255658,11.035004615783691,7391600,0.0,0.0
2008-07-18 00:00:00-04:00,11.023489209968707,11.28252725976275,10.37877399395056,11.271014213562012,7543700,0.0,0.0
2008-07-21 00:00:00-04:00,11.155887059824716,11.178913154522183,10.833529419672566,10.965926170349121,5588800,0.0,0.0
2008-07-22 00:00:00-04:00,10.908366555164285,11.530057033951774,10.649328398192427,11.48400592803955,7431200,0.0,0.0
2008-07-23 00:00:00-04:00,11.507027189729014,11.6912315534713,11.351604346092229,11.524296760559082,7608400,0.0,0.0
2008-07-24 00:00:00-04:00,11.5012704727026,11.731525923508263,11.259501974870508,11.276771545410156,6404500,0.0,0.0
2008-07-25 00:00:00-04:00,11.432198069557952,11.432198069557952,10.896853287746756,10.9889554977417,5856300,0.0,0.0
2008-07-28 00:00:00-04:00,10.896853954720187,11.184673653057457,10.879584377559746,10.919878959655762,5588500,0.0,0.0
2008-07-29 00:00:00-04:00,10.977440260218444,11.196183788839807,10.75869782954181,11.173157691955566,6720600,0.0,0.0
2008-07-30 00:00:00-04:00,11.253748070088463,11.731528653418295,11.253748070088463,11.668209075927734,8027300,0.0,0.0
2008-07-31 00:00:00-04:00,11.547323595788772,11.886950857248276,11.524298595626915,11.656695365905762,6721700,0.0,0.0
2008-08-01 00:00:00-04:00,11.771824255314067,11.771824255314067,11.437953501512597,11.627914428710938,4456000,0.0,0.0
2008-08-04 00:00:00-04:00,11.70850603289599,11.737287565067666,11.403416741328881,11.564596176147461,3828500,0.0,0.0
2008-08-05 00:00:00-04:00,11.622156532279892,11.915732675656647,11.547322816428812,11.904219627380371,3846400,0.0,0.0
2008-08-06 00:00:00-04:00,11.898464430813856,11.92148943199071,11.622157829022596,11.673965454101562,3928200,0.0,0.0
2008-08-07 00:00:00-04:00,11.51278428560175,11.720014754084875,11.38038752982405,11.414925575256348,5164100,0.0,0.0
2008-08-08 00:00:00-04:00,11.201935886618555,11.656691283455567,10.793232669866267,11.322820663452148,6992100,0.0,0.0
2008-08-11 00:00:00-04:00,11.282531008213592,11.39765821463671,11.104083124593586,11.23072338104248,6530400,0.0,0.0
2008-08-12 00:00:00-04:00,11.081055641174316,11.253746978222512,11.017734971882431,11.081055641174316,4394200,0.0,0.0
2008-08-13 00:00:00-04:00,10.96592922103367,10.96592922103367,10.568738858506984,10.614789962768555,8116300,0.0,0.0
2008-08-14 00:00:00-04:00,10.53419912168829,10.724160053458247,10.447853443237378,10.643570899963379,6185100,0.0,0.0
2008-08-15 00:00:00-04:00,10.643566363622329,10.816258744866671,10.580245714038297,10.672348976135254,5915300,0.0,0.0
2008-08-18 00:00:00-04:00,10.706888893972213,10.706888893972213,10.482388868713464,10.505414962768555,4981500,0.0,0.0
2008-08-19 00:00:00-04:00,10.361505587359947,10.58024799999746,10.050659892725722,10.401800155639648,5695200,0.0,0.0
2008-08-20 00:00:00-04:00,10.38453527851341,10.482392922255311,10.223355851633471,10.367265701293945,4154600,0.0,0.0
2008-08-21 00:00:00-04:00,10.286675747434519,10.361508380419554,10.177303962661064,10.275162696838379,3204400,0.0,0.0
2008-08-22 00:00:00-04:00,10.33848247274685,10.47663688659668,10.229111783871089,10.47663688659668,5225800,0.0,0.0
2008-08-25 00:00:00-04:00,10.390289092920792,10.436340193743602,10.25789231529832,10.269405364990234,3100800,0.0,0.0
2008-08-26 00:00:00-04:00,10.286674206952606,10.390288352966309,10.148519816378126,10.390288352966309,2789100,0.0,0.0
2008-08-27 00:00:00-04:00,10.361505168758026,10.5169280097961,10.246376894371766,10.505414962768555,2715400,0.0,0.0
2008-08-28 00:00:00-04:00,10.609032701945162,10.660840327890607,10.534198976492917,10.649327278137207,4053600,0.0,0.0
2008-08-29 00:00:00-04:00,10.568734771261944,10.649323898067237,10.551465202113164,10.632054328918457,3527500,0.0,0.0
2008-09-02 00:00:00-04:00,10.683865476710812,10.729916578414292,10.516930644765031,10.643570899963379,4905900,0.0,0.0
2008-09-03 00:00:00-04:00,10.637814228383807,10.666596852767308,10.528443549561072,10.649327278137207,4606000,0.0,0.0
2008-09-04 00:00:00-04:00,10.539952548782885,10.626298201855423,10.419068854070241,10.442093849182129,4067500,0.0,0.0
2008-09-05 00:00:00-04:00,10.361507626535948,10.574494655288257,10.292430425929972,10.562981605529785,4043400,0.0,0.0
2008-09-08 00:00:00-04:00,10.93714439644907,10.99470853391404,10.269403036922485,10.373018264770508,12939400,0.0,0.0
2008-09-09 00:00:00-04:00,10.263649873306923,10.678109822432704,10.217598767848504,10.223355293273926,13660000,0.0,0.0
2008-09-10 00:00:00-04:00,10.303941581037652,10.378775292762716,10.021878501488942,10.309698104858398,9226400,0.0,0.0
2008-09-11 00:00:00-04:00,10.171545603851186,10.26364779612819,9.785867261961956,9.975828170776367,10556200,0.0,0.0
2008-09-12 00:00:00-04:00,9.83191676438596,10.033390689063063,9.83191676438596,9.964313507080078,7547500,0.0,0.0
2008-09-15 00:00:00-04:00,9.371410097520467,10.096715894190822,9.371410097520467,9.595909118652344,11696900,0.0,0.0
2008-09-16 00:00:00-04:00,9.377164116112443,9.79738051436397,9.377164116112443,9.67073917388916,13107500,0.0,0.0
2008-09-17 00:00:00-04:00,9.762843971902514,9.785870075564528,9.215987185270352,9.302332878112793,13115900,0.0,0.0
2008-09-18 00:00:00-04:00,9.428969711147182,9.820404546896784,9.112368587026292,9.664982795715332,13130500,0.0,0.0
2008-09-19 00:00:00-04:00,9.924019692066308,11.51278401835228,9.785866415599438,10.10246753692627,11067700,0.0,0.0
2008-09-22 00:00:00-04:00,10.073685763046504,10.263646650660453,9.814647689961747,9.895237922668457,4178300,0.0,0.0
2008-09-23 00:00:00-04:00,9.987342029903415,10.160033379952823,9.780111531488263,9.81464958190918,4954700,0.0,0.0
2008-09-24 00:00:00-04:00,9.699520576047957,9.929776032576756,9.302329227320394,9.849186897277832,2577700,0.0,0.0
2008-09-25 00:00:00-04:00,10.044906770604308,10.16003397810014,9.636202274440144,9.952804565429688,3323100,0.0,0.0
2008-09-26 00:00:00-04:00,9.924021207684643,10.073687554533954,9.860700534570947,9.98734188079834,4011300,0.0,0.0
2008-09-29 00:00:00-04:00,10.603273384656568,10.603273384656568,9.037534713745117,9.037534713745117,5468600,0.0,0.0
2008-09-30 00:00:00-04:00,9.15266306398197,10.188814283153008,9.106611971881788,10.016121864318848,8059500,0.0,0.0
2008-10-01 00:00:00-04:00,9.872214233680706,10.125495844862629,9.532586943079568,10.004611015319824,4468400,0.0,0.0
2008-10-02 00:00:00-04:00,9.970073458325391,10.085201768565684,9.544100467148215,9.55561351776123,5319600,0.0,0.0
2008-10-03 00:00:00-04:00,9.78586993163276,9.929779783568536,9.33111427250209,9.601665496826172,4157000,0.0,0.0
2008-10-06 00:00:00-04:00,9.331111845979642,9.53834233022002,8.542486677299982,8.755473136901855,4590800,0.0,0.0
2008-10-07 00:00:00-04:00,8.766987602194515,8.985730635173415,7.615708827972413,7.615708827972412,5778600,0.0,0.0
2008-10-08 00:00:00-04:00,7.569655497414835,8.720933933461035,7.483309834300305,7.9265522956848145,6458100,0.0,0.0
2008-10-09 00:00:00-04:00,7.972605569945747,8.156809994427197,7.431504249572754,7.431504249572754,9116500,0.0,0.0
2008-10-10 00:00:00-04:00,7.339399767625015,9.354136958737765,6.09601918894529,7.512091636657715,12879300,0.0,0.0
2008-10-13 00:00:00-04:00,8.56551291289414,8.93392226523464,7.627220781114329,8.577025413513184,6123600,0.0,0.0
2008-10-14 00:00:00-04:00,8.91089631095547,9.567125875057132,8.530974451817864,8.738204956054688,7898300,0.0,0.0
2008-10-15 00:00:00-04:00,8.559753783677026,8.623073890246808,7.6272184604294875,7.874743461608887,4463700,0.0,0.0
2008-10-16 00:00:00-04:00,7.834452199542693,7.834452199542693,6.924941972517584,7.621465682983398,6122000,0.0,0.0
2008-10-17 00:00:00-04:00,6.9134293709854235,8.116515812692377,6.9134293709854235,7.7941575050354,4821200,0.0,0.0
2008-10-20 00:00:00-04:00,7.834451805591501,8.248912315095096,7.62722182532595,8.145297050476074,3962600,0.0,0.0
2008-10-21 00:00:00-04:00,8.030169986655826,8.23740053403568,7.834452491451537,7.943824291229248,2490900,0.0,0.0
2008-10-22 00:00:00-04:00,7.788398464755642,7.805668036553348,7.195490224009513,7.28759241104126,5030000,0.0,0.0
2008-10-23 00:00:00-04:00,7.310618191776372,7.506335619968964,6.890401812751866,7.4487714767456055,6350800,0.0,0.0
2008-10-24 00:00:00-04:00,6.959479038625835,7.310618804600572,5.92332821655489,7.057337760925293,4458400,0.0,0.0
2008-10-27 00:00:00-04:00,6.994015683133702,7.195489611854546,6.74073469034423,6.7580037117004395,4737200,0.0,0.0
2008-10-28 00:00:00-04:00,6.953721350178817,7.5063349928606184,6.568043050131502,7.454527378082275,5809700,0.0,0.0
2008-10-29 00:00:00-04:00,7.4948249127264255,7.961092498225635,7.304863414258337,7.558145046234131,6434700,0.0,0.0
2008-10-30 00:00:00-04:00,7.7481046448772855,7.828694340814076,7.4372594590816545,7.702053546905518,3892000,0.0,0.0
2008-10-31 00:00:00-04:00,7.6560032789069385,8.220129564703186,7.58117009934719,8.214373588562012,5026100,0.0,0.0
2008-11-03 00:00:00-05:00,8.13953849372641,8.254666224046463,8.024410214434036,8.047435760498047,3583300,0.0,0.0
2008-11-04 00:00:00-05:00,8.168320338598761,8.335255691427923,7.984115962779643,8.289204597473145,3996100,0.0,0.0
2008-11-05 00:00:00-05:00,8.076219086254502,8.30647513167406,7.5984385193973525,7.6502461433410645,3795200,0.0,0.0
2008-11-06 00:00:00-05:00,7.753860557341192,7.77688610450963,7.068849568378561,7.109144687652588,4955300,0.0,0.0
2008-11-07 00:00:00-05:00,7.166710047182295,7.24729975661775,6.942211044209747,7.160953521728516,5545200,0.0,0.0
2008-11-10 00:00:00-05:00,7.212763294443799,7.276083995291255,6.815572252733364,6.919187545776367,5208900,0.0,0.0
2008-11-11 00:00:00-05:00,6.809812762884187,7.350914003393592,6.804056238225651,7.09763240814209,6823000,0.0,0.0
2008-11-12 00:00:00-05:00,7.563899962077201,7.563899962077201,6.999773210161173,7.01128625869751,5659700,0.0,0.0
2008-11-13 00:00:00-05:00,7.333643178145695,8.715177569048528,7.201246427423459,8.69215202331543,11401700,0.0,0.0
2008-11-14 00:00:00-05:00,8.202859990285077,8.634589463457974,8.053193641165093,8.133783340454102,6976100,0.0,0.0
2008-11-17 00:00:00-05:00,8.064707436719424,8.317988509531643,7.943823151088658,7.972605228424072,5552300,0.0,0.0
2008-11-18 00:00:00-05:00,8.024412468043408,8.33525770169278,7.828695546019524,8.15680980682373,8603800,0.0,0.0
2008-11-19 00:00:00-05:00,8.202859287925092,8.46765336409069,7.51209229978903,7.569655895233154,10513400,0.0,0.0
2008-11-20 00:00:00-05:00,7.483312243982208,7.8229395798139265,6.855865206458867,6.930698394775391,11202000,0.0,0.0
2008-11-21 00:00:00-05:00,6.953722886277182,7.621464404321244,6.827082083173933,7.529362201690674,11114900,0.0,0.0
2008-11-24 00:00:00-05:00,7.851721214568639,8.151053401889461,7.258812267442857,8.087733268737793,8443200,0.0,0.0
2008-11-25 00:00:00-05:00,8.398575881710109,8.398575881710109,7.71356493722525,8.329499244689941,7409400,0.0,0.0
2008-11-26 00:00:00-05:00,7.926553482823314,8.600050963723689,7.926553482823314,8.577025413513184,4592900,0.0,0.0
2008-11-28 00:00:00-05:00,8.594292434426448,8.657612541449021,8.467651671409048,8.646100044250488,2614800,0.0,0.0
2008-12-01 00:00:00-05:00,8.25466813900065,8.404334497623138,7.627221176983055,7.667515754699707,8170100,0.0,0.0
2008-12-02 00:00:00-05:00,8.064703871855555,8.064703871855555,7.44301369169693,7.851717472076416,8220800,0.0,0.0
2008-12-03 00:00:00-05:00,7.506336249074921,7.9265532122901625,7.3451574031024185,7.822937965393066,9849800,0.0,0.0
2008-12-04 00:00:00-05:00,7.627220129049031,8.271936028797624,7.6041945808070235,7.863232135772705,7668700,0.0,0.0
2008-12-05 00:00:00-05:00,7.920795046420821,8.536728777631534,7.817179820993864,8.496434211730957,7979800,0.0,0.0
2008-12-08 00:00:00-05:00,8.663371379019537,8.933921997617908,8.352526186002915,8.65185832977295,8092600,0.0,0.0
2008-12-09 00:00:00-05:00,8.40433591062794,8.86484701616437,8.335258695824935,8.513707160949707,7088700,0.0,0.0
2008-12-10 00:00:00-05:00,8.720934186926147,9.049048924036827,8.646101569503868,8.899382591247559,6167800,0.0,0.0
2008-12-11 00:00:00-05:00,8.732449930314226,9.20447407282661,8.530975916378562,8.588540077209473,6010400,0.0,0.0
2008-12-12 00:00:00-05:00,8.323743349898454,8.876357036782796,8.058949280162784,8.813036918640137,5285600,0.0,0.0
2008-12-15 00:00:00-05:00,8.450385311291562,9.02026810080958,8.369795609643308,8.484923362731934,4922600,0.0,0.0
2008-12-16 00:00:00-05:00,8.13378395790155,8.588539015539228,7.87474636412837,8.571269989013672,11378800,0.0,0.0
2008-12-17 00:00:00-05:00,8.433116947571692,8.588539848288965,8.191348356882049,8.260425567626953,6958100,0.0,0.0
2008-12-18 00:00:00-05:00,8.306475239517745,8.404333964021394,8.070463215352145,8.133783340454102,5373600,0.0,0.0
2008-12-19 00:00:00-05:00,8.358281674681912,8.421601790772895,8.145294681797358,8.27193546295166,5291500,0.0,0.0
2008-12-22 00:00:00-05:00,8.271933758607853,8.381305494470158,8.12802398434751,8.220126152038574,5154700,0.0,0.0
2008-12-23 00:00:00-05:00,8.28920385285292,8.369793534520575,7.995628292506215,8.041679382324219,2977100,0.0,0.0
2008-12-24 00:00:00-05:00,8.139540203239765,8.139540203239765,7.915040670235729,8.012899398803711,996400,0.0,0.0
2008-12-26 00:00:00-05:00,8.087730375775507,8.133781465044805,7.9841151504334436,8.110755920410156,1100100,0.0,0.0
2008-12-29 00:00:00-05:00,8.030169178204543,8.208617626152417,8.012900150652326,8.12802791595459,2493700,0.0,0.0
2008-12-30 00:00:00-05:00,8.128025659040242,8.300717533528411,8.081974565706375,8.27193546295166,3138800,0.0,0.0
2008-12-31 00:00:00-05:00,8.254666470224448,8.571268149775811,8.23164092347375,8.525217056274414,3728000,0.0,0.0
2009-01-02 00:00:00-05:00,8.536727446398228,8.743957315964037,8.317984531814881,8.686393737792969,3326500,0.0,0.0
2009-01-05 00:00:00-05:00,8.605807304382324,8.74396060268931,8.49067955579317,8.605807304382324,3315100,0.0,0.0
2009-01-06 00:00:00-05:00,8.605805510110418,8.772740848002524,8.530972351886744,8.623074531555176,3590000,0.0,0.0
2009-01-07 00:00:00-05:00,8.502191059096218,8.651856830560627,8.39281930609542,8.461895942687988,4378500,0.0,0.0
2009-01-08 00:00:00-05:00,8.444625790890868,8.62883013049115,8.410087202729697,8.600048065185547,3190800,0.0,0.0
2009-01-09 00:00:00-05:00,8.634590023453711,8.680641126327668,8.33525730580054,8.387064933776855,3347300,0.0,0.0
2009-01-12 00:00:00-05:00,8.358282417747539,8.507948209901985,8.220128576491488,8.32374382019043,4214200,0.0,0.0
2009-01-13 00:00:00-05:00,8.41584638617916,8.41584638617916,8.08773216529275,8.266180038452148,8034100,0.0,0.0
2009-01-14 00:00:00-05:00,8.070460184378813,8.174074845725144,7.650243369509795,7.690537929534912,8751200,0.0,0.0
2009-01-15 00:00:00-05:00,7.719322366429976,8.283449125063415,7.650245721306522,8.053193092346191,9868500,0.0,0.0
2009-01-16 00:00:00-05:00,8.220130236148425,8.456142295360646,7.94958012137819,8.145297050476074,6514600,0.0,0.0
2009-01-20 00:00:00-05:00,7.851722040469282,8.51946369293378,7.4833126068115225,7.483312606811523,10066000,0.0,0.0
2009-01-21 00:00:00-05:00,7.817183241097674,7.845965321750116,7.350915620623724,7.805670738220215,10998600,0.0,0.0
2009-01-22 00:00:00-05:00,7.5120939735713765,7.6272217390838035,7.0976334687541485,7.114902496337891,8942800,0.0,0.0
2009-01-23 00:00:00-05:00,6.890403294041729,7.310619763403821,6.890403294041729,7.270325183868408,6338600,0.0,0.0
2009-01-26 00:00:00-05:00,7.1839758193166,7.425744289098623,6.878887245152517,6.982502460479736,7279400,0.0,0.0
2009-01-27 00:00:00-05:00,7.051582149543108,7.109146305046735,6.855864679597745,7.080364227294922,5567800,0.0,0.0
2009-01-28 00:00:00-05:00,7.483312153579036,7.753862823613042,7.281838145239828,7.736593246459961,8187100,0.0,0.0
2009-01-29 00:00:00-05:00,7.5293617211784,7.592681844202816,7.18973445892334,7.18973445892334,6042100,0.0,0.0
2009-01-30 00:00:00-05:00,7.2760817844311765,7.316376364383091,6.850108236339245,6.994018077850342,6517900,0.0,0.0
2009-02-02 00:00:00-05:00,6.861619921559343,7.051580830629952,6.654389988656597,7.01128625869751,5047900,0.0,0.0
2009-02-03 00:00:00-05:00,7.022800056138737,7.276081681023208,6.988262002091518,7.207005023956299,5744500,0.0,0.0
2009-02-04 00:00:00-05:00,7.2645679986779115,7.368183249754779,7.132171221388513,7.2588114738464355,5993000,0.0,0.0
2009-02-05 00:00:00-05:00,7.207002656649638,7.425745057690949,7.178220588416111,7.29334831237793,6049000,0.0,0.0
2009-02-06 00:00:00-05:00,7.379694770219306,7.569655672646592,7.258810509677183,7.5351176261901855,6709300,0.0,0.0
2009-02-09 00:00:00-05:00,7.540876190743775,7.684786037521538,7.431504399768076,7.615708827972412,4157300,0.0,0.0
2009-02-10 00:00:00-05:00,7.489068636627335,7.615708907860004,6.947967299642279,6.999774932861328,9176900,0.0,0.0
2009-02-11 00:00:00-05:00,7.1954895156594585,7.37969387158921,7.109143861060459,7.362424850463867,5847300,0.0,0.0
2009-02-12 00:00:00-05:00,7.230030637920036,7.609952529511639,6.688929329493076,7.563901424407959,7762300,0.0,0.0
2009-02-13 00:00:00-05:00,7.512092773136022,7.632977044849839,7.350913927175066,7.356669902801514,5200500,0.0,0.0
2009-02-17 00:00:00-05:00,6.907671560881068,7.218516759161821,6.861620461059655,6.965235710144043,6979800,0.0,0.0
2009-02-18 00:00:00-05:00,7.005529472776525,7.212759397939342,6.878888688468629,6.959478378295898,6181400,0.0,0.0
2009-02-19 00:00:00-05:00,7.080364876883585,7.1436850145689075,6.769519616384916,6.798301696777344,6441600,0.0,0.0
2009-02-20 00:00:00-05:00,6.7061993149794255,6.988263060261961,6.562289453722592,6.844353199005127,10117300,0.0,0.0
2009-02-23 00:00:00-05:00,6.953722628909102,6.953722628909102,6.591069807744255,6.608338832855225,6704800,0.0,0.0
2009-02-24 00:00:00-05:00,6.665903739151621,7.045825628589411,6.585314031190812,7.040069103240967,8731200,0.0,0.0
2009-02-25 00:00:00-05:00,7.126411701664353,7.126411701664353,6.688925879830361,6.855861186981201,8255700,0.0,0.0
2009-02-26 00:00:00-05:00,6.878889050637658,7.063093987230781,6.86737655089755,6.942209720611572,6880200,0.0,0.0
2009-02-27 00:00:00-05:00,6.76375954457393,6.804054106615171,6.527747597237121,6.660144329071045,9658900,0.0,0.0
2009-03-02 00:00:00-05:00,6.527749649396153,6.7810306959511735,6.435647450648873,6.458673000335693,7541600,0.0,0.0
2009-03-03 00:00:00-05:00,6.573798707775295,6.6025807731908355,6.216902523950417,6.378081321716309,8304400,0.0,0.0
2009-03-04 00:00:00-05:00,6.44715969694322,6.6946847580516335,6.2341732334901785,6.533505916595459,9710000,0.0,0.0
2009-03-05 00:00:00-05:00,6.412620765077269,6.458671856293755,5.865763096179952,5.97513484954834,10672100,0.0,0.0
2009-03-06 00:00:00-05:00,5.998161685065663,6.044212786185472,5.750636604817367,5.9405975341796875,7934900,0.0,0.0
2009-03-09 00:00:00-04:00,5.842739083951078,5.998161969325424,5.629752593935179,5.693073272705078,11071300,0.0,0.0
2009-03-10 00:00:00-04:00,5.808199272194509,6.0499677658081055,5.618238391351296,6.0499677658081055,13353800,0.0,0.0
2009-03-11 00:00:00-04:00,6.107530756691825,6.65438835012086,6.084505214261188,6.401106834411621,17019000,0.0,0.0
2009-03-12 00:00:00-04:00,6.280223239642206,6.9652341574881875,6.251441171426677,6.907670021057129,10175300,0.0,0.0
2009-03-13 00:00:00-04:00,6.919182423119522,7.097630241275764,6.809810683887544,7.086117744445801,7089300,0.0,0.0
2009-03-16 00:00:00-04:00,7.166710163544952,7.224274321072418,6.878890473852604,6.901916027069092,8841200,0.0,0.0
2009-03-17 00:00:00-04:00,6.919182248972791,7.356667547973055,6.809810512493556,7.33364200592041,6093700,0.0,0.0
2009-03-18 00:00:00-04:00,7.333644214158981,7.707810071395087,7.080363175314255,7.702053546905518,9993600,0.0,0.0
2009-03-19 00:00:00-04:00,7.868989953573149,7.868989953573149,7.4315039160891025,7.466042518615723,7696400,0.0,0.0
2009-03-20 00:00:00-04:00,7.586927336828148,7.673273025750038,7.207005427215828,7.402722358703613,7752300,0.0,0.0
2009-03-23 00:00:00-04:00,7.621462108409033,8.076217008635057,7.523603410350194,7.9956278800964355,9271000,0.0,0.0
2009-03-24 00:00:00-04:00,7.799912047141684,7.943821861483884,7.5005793698031695,7.753860950469971,7714500,0.0,0.0
2009-03-25 00:00:00-04:00,7.7078102182698505,7.966847786540187,7.419990575975609,7.822937965393066,8018800,0.0,0.0
2009-03-26 00:00:00-04:00,7.874747360123175,7.915041943436735,7.598440155904761,7.828696250915527,6531600,0.0,0.0
2009-03-27 00:00:00-04:00,7.604197930039189,7.874748652774817,7.5869288984947145,7.730838775634766,5535400,0.0,0.0
2009-03-30 00:00:00-04:00,7.569654750884838,7.684783022313216,7.356668327097991,7.362424850463867,7426500,0.0,0.0
2009-03-31 00:00:00-04:00,7.540876312810955,7.782644903229001,7.368184384087706,7.736593246459961,7884300,0.0,0.0
2009-04-01 00:00:00-04:00,7.5466327747328865,7.978362349810862,7.5408767976176465,7.943824291229248,5806600,0.0,0.0
2009-04-02 00:00:00-04:00,8.13378251611916,8.358282017046772,7.88050094343585,7.915039539337158,8717600,0.0,0.0
2009-04-03 00:00:00-04:00,7.828695106866475,7.966848414300339,7.684785274379757,7.903527736663818,5840700,0.0,0.0
2009-04-06 00:00:00-04:00,7.483307938821309,8.00138288422775,7.483307938821309,7.955331802368164,4614100,0.0,0.0
2009-04-07 00:00:00-04:00,7.7883996587575375,8.058950286369358,7.748105082996865,7.81142520904541,4753000,0.0,0.0
2009-04-08 00:00:00-04:00,7.8862592693886455,8.099245770686966,7.8862592693886455,8.087733268737793,3889900,0.0,0.0
2009-04-09 00:00:00-04:00,8.525217676708996,8.565512249212128,7.972603965502653,8.479166030883789,9851400,0.0,0.0
2009-04-13 00:00:00-04:00,8.375553519795346,8.663373224606373,8.300720330667778,8.611565589904785,7628900,0.0,0.0
2009-04-14 00:00:00-04:00,8.35252604018097,8.634589154129149,8.231641770064268,8.317987442016602,10126500,0.0,0.0
2009-04-15 00:00:00-04:00,8.145294441929428,9.10085597289801,7.978359096267096,9.095099449157715,10937900,0.0,0.0
2009-04-16 00:00:00-04:00,9.135395269302068,9.22749801485152,8.939677827089623,9.083587646484375,7464500,0.0,0.0
2009-04-17 00:00:00-04:00,8.979973709491173,9.221742270444796,8.853332903998218,9.112370491027832,12418300,0.0,0.0
2009-04-20 00:00:00-04:00,8.870600026129761,9.296572904391612,8.761228819160166,8.772741317749023,9072300,0.0,0.0
2009-04-21 00:00:00-04:00,8.536729471788858,9.342624149164815,8.536729471788858,9.319599151611328,9427100,0.0,0.0
2009-04-22 00:00:00-04:00,9.083586212728394,9.244765031297732,8.836061735739989,8.847574234008789,9334500,0.0,0.0
2009-04-23 00:00:00-04:00,8.847573803592091,9.123880885241478,8.600048789672973,9.06056022644043,6794900,0.0,0.0
2009-04-24 00:00:00-04:00,9.089343494798417,9.181445684523394,8.755472782559192,8.899382591247559,9690800,0.0,0.0
2009-04-27 00:00:00-04:00,8.732448168707517,9.146908615751935,8.732448168707517,8.985729217529297,6029100,0.0,0.0
2009-04-28 00:00:00-04:00,9.118124887364761,9.12388141103701,8.80727974570334,8.887868881225586,4954400,0.0,0.0
2009-04-29 00:00:00-04:00,8.991485339299784,9.08934405920221,8.84757552167532,8.979972839355469,7908200,0.0,0.0
2009-04-30 00:00:00-04:00,9.037537298362087,9.037537298362087,8.772743186737456,8.795768737792969,6013400,0.0,0.0
2009-05-01 00:00:00-04:00,8.784255138403205,8.945433975638645,8.738204042050222,8.80152416229248,5081900,0.0,0.0
2009-05-04 00:00:00-04:00,8.824550045162814,9.072075109177403,8.617320103714661,9.020267486572266,10334800,0.0,0.0
2009-05-05 00:00:00-04:00,8.939675880919905,9.089342192261425,8.841817181117547,8.933919906616211,5887800,0.0,0.0
2009-05-06 00:00:00-04:00,8.956948716208679,9.285062427976108,8.951192190834037,9.256280899047852,8158800,0.0,0.0
2009-05-07 00:00:00-04:00,9.348379904656008,9.348379904656008,8.951189122489378,8.991483688354492,7435300,0.0,0.0
2009-05-08 00:00:00-04:00,9.066317513257138,9.308086024195115,8.951189781613419,9.285059928894043,8711500,0.0,0.0
2009-05-11 00:00:00-04:00,9.020268233076981,9.141152512835715,8.772743148577566,8.818794250488281,6924500,0.0,0.0
2009-05-12 00:00:00-04:00,8.945433832887181,9.089343643936829,8.755472926219435,8.89362621307373,7198400,0.0,0.0
2009-05-13 00:00:00-04:00,8.859086750945451,9.262034047734543,8.674881848920396,8.933919906616211,8798100,0.0,0.0
2009-05-14 00:00:00-04:00,8.899383222252904,9.41170237513922,8.893626697743843,9.359894752502441,9465000,0.0,0.0
2009-05-15 00:00:00-04:00,9.325358186255926,9.428972350060803,9.141153215481495,9.210229873657227,5562400,0.0,0.0
2009-05-18 00:00:00-04:00,9.354138013088342,9.555611974497658,9.066318381916393,9.498047828674316,8335700,0.0,0.0
2009-05-19 00:00:00-04:00,9.382914919664007,9.734055048238883,9.308082335480357,9.538337707519531,7100500,0.0,0.0
2009-05-20 00:00:00-04:00,9.682253198606416,9.785868452004705,9.279306332879028,9.3311128616333,5539100,0.0,0.0
2009-05-21 00:00:00-04:00,9.215987692944276,9.336871449993714,9.043295748773922,9.175692558288574,5807900,0.0,0.0
2009-05-22 00:00:00-04:00,9.24476700888991,9.371408359743306,9.083588155842037,9.187203407287598,3199800,0.0,0.0
2009-05-26 00:00:00-04:00,9.123881826216927,9.532585144042969,9.123881826216927,9.532585144042969,6202000,0.0,0.0
2009-05-27 00:00:00-04:00,9.503803668836296,9.532585190703497,8.933920971897223,8.951189994812012,7661800,0.0,0.0
2009-05-28 00:00:00-04:00,9.031779662432527,9.158420452147066,8.88786984879358,9.141151428222656,6978700,0.0,0.0
2009-05-29 00:00:00-04:00,9.175688721075591,9.29657297654458,8.997240874270906,9.285059928894043,5231000,0.0,0.0
2009-06-01 00:00:00-04:00,9.457755644890396,9.688011188398631,9.250525106760467,9.601665496826172,6972500,0.0,0.0
2009-06-02 00:00:00-04:00,9.492292681650671,9.768599304161716,9.492292681650671,9.64771556854248,4918100,0.0,0.0
2009-06-03 00:00:00-04:00,9.5843962362777,9.705281086832683,9.417461373443292,9.503807067871094,4649600,0.0,0.0
2009-06-04 00:00:00-04:00,9.544098124018765,9.641956834314671,9.42321441609453,9.578636169433594,5318400,0.0,0.0
2009-06-05 00:00:00-04:00,9.647716024235532,9.762843240080509,9.469268126011588,9.544100761413574,4868800,0.0,0.0
2009-06-08 00:00:00-04:00,9.486534785501902,9.734059844126566,9.411702164448863,9.67073917388916,4113300,0.0,0.0
2009-06-09 00:00:00-04:00,9.636202081572968,9.636202081572968,9.498048776576153,9.584394454956055,3910700,0.0,0.0
2009-06-10 00:00:00-04:00,9.61317793963257,9.636202943552576,9.146909807344066,9.250524520874023,7237900,0.0,0.0
2009-06-11 00:00:00-04:00,9.100858529308987,9.331113504903403,9.095102003951697,9.192960739135742,4755200,0.0,0.0
2009-06-12 00:00:00-04:00,9.262037430357282,9.262037430357282,8.836064433865428,8.939679145812988,6138200,0.0,0.0
2009-06-15 00:00:00-04:00,8.859087841220743,9.020266669977975,8.790011200324788,8.9281644821167,5004200,0.0,0.0
2009-06-16 00:00:00-04:00,8.962706026472903,8.962706026472903,8.663373799086035,8.669130325317383,5230200,0.0,0.0
2009-06-17 00:00:00-04:00,8.640342655667233,8.870598066295912,8.565509509969862,8.686393737792969,5747600,0.0,0.0
2009-06-18 00:00:00-04:00,8.715174936432666,8.813033613480982,8.634585276224596,8.72668743133545,4638300,0.0,0.0
2009-06-19 00:00:00-04:00,8.853331890849725,8.89362646340666,8.703665551392,8.732447624206543,5445600,0.0,0.0
2009-06-22 00:00:00-04:00,8.369792968890046,8.640343515016239,8.300716338831236,8.34676742553711,8793300,0.0,0.0
2009-06-23 00:00:00-04:00,8.341013393438317,8.444628643956595,8.243154667720484,8.40433406829834,4931200,0.0,0.0
2009-06-24 00:00:00-04:00,8.461896715446358,8.577024453614348,8.375551049063457,8.490678787231445,3841300,0.0,0.0
2009-06-25 00:00:00-04:00,8.479166470067684,8.634589341725498,8.317987622734416,8.628832817077637,3908600,0.0,0.0
2009-06-26 00:00:00-04:00,8.628833438393222,8.720935643501157,8.577025810776899,8.663372039794922,4795900,0.0,0.0
2009-06-29 00:00:00-04:00,8.697909970729548,8.836063825434126,8.640346367827373,8.818794250488281,3386400,0.0,0.0
2009-06-30 00:00:00-04:00,8.801520741475409,8.801520741475409,8.634585444834167,8.697905540466309,3986300,0.0,0.0
2009-07-01 00:00:00-04:00,8.732447624206543,8.807280793935407,8.651857930120295,8.732447624206543,3893100,0.0,0.0
2009-07-02 00:00:00-04:00,8.686394903746118,8.697907401336746,8.335254669189453,8.335254669189453,4614500,0.0,0.0
2009-07-06 00:00:00-04:00,8.341012100066685,8.577024090564183,8.312230029499892,8.548242568969727,4433800,0.0,0.0
2009-07-07 00:00:00-04:00,8.525217970492566,8.582781569056086,8.289205404773218,8.294961929321289,3767500,0.0,0.0
2009-07-08 00:00:00-04:00,8.306474057438228,8.392819720196146,8.128025659040242,8.27193546295166,6116300,0.0,0.0
2009-07-09 00:00:00-04:00,8.438872420649005,8.438872420649005,8.179834834071183,8.306475639343262,3562300,0.0,0.0
2009-07-10 00:00:00-04:00,8.34101614477697,9.037539955183203,8.18559376670489,8.243157386779785,5878300,0.0,0.0
2009-07-13 00:00:00-04:00,8.352526436203865,8.577025413513184,8.266180211185157,8.577025413513184,5945700,0.0,0.0
2009-07-14 00:00:00-04:00,8.588538920579754,8.588538920579754,8.29496272802894,8.387064933776855,3717900,0.0,0.0
2009-07-15 00:00:00-04:00,8.461898206749414,8.623077068590343,8.369795999983168,8.571269989013672,6092100,0.0,0.0
2009-07-16 00:00:00-04:00,8.507950361840704,8.657616740823052,8.43311717234953,8.588540077209473,3909400,0.0,0.0
2009-07-17 00:00:00-04:00,8.559755067813041,8.600049637223151,8.456139833361522,8.548242568969727,3596700,0.0,0.0
2009-07-20 00:00:00-04:00,8.617320353727443,8.663371453163105,8.438871931684949,8.605807304382324,3148200,0.0,0.0
2009-07-21 00:00:00-04:00,8.749716228211568,8.755472752292567,8.502191731424437,8.559755325317383,4385100,0.0,0.0
2009-07-22 00:00:00-04:00,8.46189783685153,8.77849957050012,8.46189783685153,8.715179443359375,3335900,0.0,0.0
2009-07-23 00:00:00-04:00,8.692151779939783,9.014509411177315,8.663369711336214,8.962701797485352,4449400,0.0,0.0
2009-07-24 00:00:00-04:00,8.910895861506189,9.026024157596423,8.864844762659057,9.014511108398438,2924700,0.0,0.0
2009-07-27 00:00:00-04:00,9.002999336840615,9.077832515767012,8.94543518413648,9.066319465637207,2778400,0.0,0.0
2009-07-28 00:00:00-04:00,9.031778335571289,9.066316927318406,8.968458224502582,9.031778335571289,2680000,0.0,0.0
2009-07-29 00:00:00-04:00,8.968460192352733,9.060562391924291,8.922409092566955,8.985729217529297,2222300,0.0,0.0
2009-07-30 00:00:00-04:00,9.1123680169997,9.175688128068407,8.979971271409052,9.031778335571289,3736600,0.0,0.0
2009-07-31 00:00:00-04:00,9.014511182232129,9.112369905326902,8.939678008749514,8.968460083007812,3217000,0.0,0.0
2009-08-03 00:00:00-04:00,9.09510256407721,9.123884643663747,8.95694924082885,9.10661506652832,3810200,0.0,0.0
2009-08-04 00:00:00-04:00,9.11812692782115,9.3311128616333,9.020268199383308,9.3311128616333,4250000,0.0,0.0
2009-08-05 00:00:00-04:00,9.215987121834008,9.405948083957842,9.135397406489266,9.262038230895996,3574300,0.0,0.0
2009-08-06 00:00:00-04:00,9.279308383557856,9.34838450245893,9.037539222541314,9.175692558288574,3889200,0.0,0.0
2009-08-07 00:00:00-04:00,9.244765956158927,9.45199643545205,9.135394741288282,9.42321491241455,4596900,0.0,0.0
2009-08-10 00:00:00-04:00,9.359893054829403,9.469264804774456,9.21598326203918,9.308085441589355,3067900,0.0,0.0
2009-08-11 00:00:00-04:00,9.331110883814315,9.33686740755461,9.08934292541742,9.095099449157715,3494200,0.0,0.0
2009-08-12 00:00:00-04:00,9.083588607437322,9.475022984299663,9.077832631271628,9.400190353393555,3737400,0.0,0.0
2009-08-13 00:00:00-04:00,9.463509705788969,9.503804278164374,9.319599891336956,9.45775318145752,2706200,0.0,0.0
2009-08-14 00:00:00-04:00,9.463511710189968,9.492293239998487,9.279307284347484,9.325358390808105,2767200,0.0,0.0
2009-08-17 00:00:00-04:00,9.187205041427134,9.336870871392335,9.15842296102026,9.262038230895996,3861300,0.0,0.0
2009-08-18 00:00:00-04:00,9.30232793944929,9.325354030886608,9.16993120751812,9.221738815307617,2709500,0.0,0.0
2009-08-19 00:00:00-04:00,9.106613806154416,9.394433464239928,9.106613806154416,9.371408462524414,2534300,0.0,0.0
2009-08-20 00:00:00-04:00,9.359896135834516,9.440485294982375,9.308088505540907,9.428972244262695,2592200,0.0,0.0
2009-08-21 00:00:00-04:00,9.584394811677264,9.705279644264229,9.469267602200771,9.693766593933105,3733000,0.0,0.0
2009-08-24 00:00:00-04:00,9.653469748088662,9.80313607340143,9.641956700461991,9.664982795715332,2550000,0.0,0.0
2009-08-25 00:00:00-04:00,9.711035140815124,9.791624288706975,9.69952209170349,9.739816665649414,3156200,0.0,0.0
2009-08-26 00:00:00-04:00,9.630446150855965,9.745574461096256,9.498049362641085,9.55561351776123,4255500,0.0,0.0
2009-08-27 00:00:00-04:00,9.595905741113343,9.613175312793091,9.463508985402608,9.578636169433594,3504100,0.0,0.0
2009-08-28 00:00:00-04:00,9.624687262634923,9.659226405994419,9.463508985402608,9.578636169433594,3069400,0.0,0.0
2009-08-31 00:00:00-04:00,9.492291012422559,9.56136820487549,9.434726868369236,9.509560585021973,3767900,0.0,0.0
2009-09-01 00:00:00-04:00,9.480776477519342,9.595904747574872,9.382917777355507,9.405943870544434,6417000,0.0,0.0
2009-09-02 00:00:00-04:00,9.34262385615249,9.45775213414315,9.20447058133048,9.336867332458496,4773400,0.0,0.0
2009-09-03 00:00:00-04:00,9.382920985331006,9.526830823130224,9.331113355887693,9.515318870544434,3967700,0.0,0.0
2009-09-04 00:00:00-04:00,9.521075239651324,9.613177446496628,9.417459982464129,9.607420921325684,2620000,0.0,0.0
2009-09-08 00:00:00-04:00,9.641960228062603,9.693767863392274,9.503806899831828,9.595909118652344,3197600,0.0,0.0
2009-09-09 00:00:00-04:00,9.561365618875831,9.88372320126589,9.555609096232956,9.711031913757324,3074500,0.0,0.0
2009-09-10 00:00:00-04:00,9.659229805820845,9.682254811553445,9.52683190556443,9.595909118652344,5118200,0.0,0.0
2009-09-11 00:00:00-04:00,9.843431688984946,9.843431688984946,9.624688152593743,9.705278396606445,6402500,0.0,0.0
2009-09-14 00:00:00-04:00,9.64195694140903,9.906750455771592,9.590149323739018,9.872212409973145,3905900,0.0,0.0
2009-09-15 00:00:00-04:00,9.895237973526525,9.918262970172057,9.688007513993627,9.768596649169922,5190100,0.0,0.0
2009-09-16 00:00:00-04:00,9.837674738380493,10.010366071886247,9.728302974922995,9.981584548950195,4563600,0.0,0.0
2009-09-17 00:00:00-04:00,9.929779281080725,10.073689125734068,9.849190119417246,9.877971649169922,3905800,0.0,0.0
2009-09-18 00:00:00-04:00,9.889483674817727,9.947047826299288,9.814649948508238,9.837676048278809,4363300,0.0,0.0
2009-09-21 00:00:00-04:00,9.75133044592095,9.872214176822652,9.734060870958615,9.791625022888184,2852400,0.0,0.0
2009-09-22 00:00:00-04:00,9.797377411730126,9.849185016800703,9.67649263391731,9.722543716430664,3228400,0.0,0.0
2009-09-23 00:00:00-04:00,9.711035066637,9.831918787551404,9.613176345825195,9.613176345825195,3368200,0.0,0.0
2009-09-24 00:00:00-04:00,9.64195913254757,9.768599394550707,9.515318870544434,9.515318870544434,4343500,0.0,0.0
2009-09-25 00:00:00-04:00,9.451996210520953,9.61893101646638,9.382919019752181,9.394432067871094,4106400,0.0,0.0
2009-09-28 00:00:00-04:00,9.446240500971506,9.745573190205231,9.440483976415688,9.739816665649414,3326500,0.0,0.0
2009-09-29 00:00:00-04:00,9.739815181498125,9.768596701946693,9.595905383366029,9.636199951171875,3330200,0.0,0.0
2009-09-30 00:00:00-04:00,9.653472549719526,9.7110367066145,9.469268126011588,9.544100761413574,4216500,0.0,0.0
2009-10-01 00:00:00-04:00,9.509559371084583,9.555610460859672,9.308085441589355,9.308085441589355,5397000,0.0,0.0
2009-10-02 00:00:00-04:00,9.192959384546379,9.45199694875787,9.16993383548252,9.359894752502441,4124600,0.0,0.0
2009-10-05 00:00:00-04:00,9.417458393714547,9.509560585021973,9.262035534153991,9.509560585021973,4328400,0.0,0.0
2009-10-06 00:00:00-04:00,9.578635361957316,9.60166145558922,9.44623861740759,9.567123413085938,4805100,0.0,0.0
2009-10-07 00:00:00-04:00,9.498047753832923,9.538342326208326,9.38291946309341,9.45775318145752,2906000,0.0,0.0
2009-10-08 00:00:00-04:00,9.492289524113806,9.555610182438803,9.359892782111134,9.405943870544434,3713600,0.0,0.0
2009-10-09 00:00:00-04:00,9.377163593637425,9.446239686461498,9.3541374973996,9.394432067871094,2905700,0.0,0.0
2009-10-12 00:00:00-04:00,9.469266304735026,9.549855450120848,9.359894537465152,9.498047828674316,2431100,0.0,0.0
2009-10-13 00:00:00-04:00,9.48653632314864,9.532587427709752,9.394434114026415,9.469267845153809,4429700,0.0,0.0
2009-10-14 00:00:00-04:00,9.59590351400504,9.734056761545107,9.549852431491683,9.722543716430664,5151700,0.0,0.0
2009-10-15 00:00:00-04:00,9.670741121526714,9.889484700248985,9.555613904571027,9.877971649169922,4358700,0.0,0.0
2009-10-16 00:00:00-04:00,9.820405365559234,9.860699937667023,9.647714028541637,9.676495552062988,4410000,0.0,0.0
2009-10-19 00:00:00-04:00,9.676494677141003,9.751328388241848,9.647713156221997,9.716789245605469,2897600,0.0,0.0
2009-10-20 00:00:00-04:00,9.693766603000041,9.751330756764585,9.555613292732085,9.607420921325684,2489700,0.0,0.0
2009-10-21 00:00:00-04:00,9.262035598122148,9.618931317417141,9.262035598122148,9.377163887023926,4481300,0.0,0.0
2009-10-22 00:00:00-04:00,9.382918748841783,9.584392693326844,9.313842658012124,9.578636169433594,5673300,0.0,0.0
2009-10-23 00:00:00-04:00,9.613176268385885,9.613176268385885,9.446240352721475,9.492291450500488,3962200,0.0,0.0
2009-10-26 00:00:00-04:00,9.469266154867308,9.641957491659431,9.377163962185543,9.417458534240723,3988000,0.0,0.0
2009-10-27 00:00:00-04:00,9.388673782348633,9.486532477110154,9.348379219437035,9.388673782348633,3418700,0.0,0.0
2009-10-28 00:00:00-04:00,9.359896308842709,9.423216991026417,9.250524520874023,9.250524520874023,3717700,0.0,0.0
2009-10-29 00:00:00-04:00,9.354137725461419,9.509560585021973,9.279305106753407,9.509560585021973,4134600,0.0,0.0
2009-10-30 00:00:00-04:00,9.475023455511291,9.52683108638621,9.204473348232796,9.210229873657227,5564200,0.0,0.0
2009-11-02 00:00:00-05:00,9.521071529124239,9.521071529124239,9.181443813039206,9.348379135131836,4997300,0.0,0.0
2009-11-03 00:00:00-05:00,9.30233038110973,9.30233038110973,9.164177090056983,9.244766235351562,3860300,0.0,0.0
2009-11-04 00:00:00-05:00,9.273549447579578,9.38867664848043,9.204472248683203,9.215985298156738,4152400,0.0,0.0
2009-11-05 00:00:00-05:00,9.28505957253361,9.354136757840989,9.20447043796218,9.342623710632324,4211700,0.0,0.0
2009-11-06 00:00:00-05:00,9.267791455362895,9.377163212153675,9.152663174746847,9.285059928894043,5393400,0.0,0.0
2009-11-09 00:00:00-05:00,9.388676998391016,9.590150979907364,9.336869371774103,9.584394454956055,3979900,0.0,0.0
2009-11-10 00:00:00-05:00,9.590150320873846,9.670739468764364,9.526829648705698,9.653470993041992,4375700,0.0,0.0
2009-11-11 00:00:00-05:00,9.682253377027456,10.039150245537783,9.682253377027456,9.952804565429688,5692600,0.0,0.0
2009-11-12 00:00:00-05:00,9.987338148132261,9.987338148132261,9.762838162790478,9.808890342712402,3249800,0.0,0.0
2009-11-13 00:00:00-05:00,9.85494643095601,9.906752963796848,9.7801126985121,9.843433380126953,2952900,0.0,0.0
2009-11-16 00:00:00-05:00,9.94704723191007,9.964315707761246,9.820405886629157,9.866456985473633,3163300,0.0,0.0
2009-11-17 00:00:00-05:00,9.843434249752207,9.90099841103808,9.79738314031252,9.889485359191895,1980700,0.0,0.0
2009-11-18 00:00:00-05:00,9.877970255968215,9.906751781661507,9.803137630398759,9.81464958190918,2291000,0.0,0.0
2009-11-19 00:00:00-05:00,9.45775434038039,9.820406634142024,9.45775434038039,9.659228324890137,5116000,0.0,0.0
2009-11-20 00:00:00-05:00,9.664984919581885,9.739817549710306,9.5728816162736,9.699522972106934,3090000,0.0,0.0
2009-11-23 00:00:00-05:00,9.768597465144941,9.872212703566413,9.768597465144941,9.854944229125977,2861200,0.0,0.0
2009-11-24 00:00:00-05:00,9.84343118086921,9.889482275951563,9.80313660991524,9.854944229125977,3357400,0.0,0.0
2009-11-25 00:00:00-05:00,9.872213289777322,9.906751338653773,9.803137192024417,9.831918716430664,2078400,0.0,0.0
2009-11-27 00:00:00-05:00,9.60166351682222,9.716790715862901,9.561368942260742,9.561368942260742,2059500,0.0,0.0
2009-11-30 00:00:00-05:00,9.595906845429568,9.670739468764364,9.48653507476044,9.653470993041992,3489800,0.0,0.0
2009-12-01 00:00:00-05:00,9.72254790440557,9.751330529589753,9.6534717998533,9.659228324890137,3249700,0.0,0.0
2009-12-02 00:00:00-05:00,9.67073917388916,9.739816368506762,9.595906552836121,9.67073917388916,1895700,0.0,0.0
2009-12-03 00:00:00-05:00,9.705278688263329,9.768598262957502,9.509561243692684,9.526829719543457,2929900,0.0,0.0
2009-12-04 00:00:00-05:00,9.722543716430664,9.74556980665955,9.53833938637724,9.722543716430664,4806300,0.0,0.0
2009-12-07 00:00:00-05:00,9.699522091542972,9.751329714599676,9.613176419096733,9.653470993041992,2803700,0.0,0.0
2009-12-08 00:00:00-05:00,9.526830734978322,9.745574301258257,9.509562257286957,9.64771556854248,4142100,0.0,0.0
2009-12-09 00:00:00-05:00,9.607418666656605,9.80313608475814,9.590149095196592,9.751328468322754,5350400,0.0,0.0
2009-12-10 00:00:00-05:00,9.751330294844058,9.90675207531761,9.7455737699458,9.883727073669434,3702000,0.0,0.0
2009-12-11 00:00:00-05:00,9.866455397183058,10.021878242492676,9.866455397183058,10.021878242492676,3782600,0.0,0.0
2009-12-14 00:00:00-05:00,10.148518482912825,10.148518482912825,10.027634779474642,10.108223915100098,3652500,0.0,0.0
2009-12-15 00:00:00-05:00,10.010365779376999,10.056416873495872,9.79162335679852,9.993097305297852,4504400,0.0,0.0
2009-12-16 00:00:00-05:00,10.102466920352551,10.102466920352551,9.860698426804982,9.95855712890625,3469700,0.0,0.0
2009-12-17 00:00:00-05:00,9.849189098164095,9.935534776414002,9.826162998393523,9.837676048278809,2949300,0.0,0.0
2009-12-18 00:00:00-05:00,9.866455304578698,9.91826291919565,9.768596598962747,9.895237922668457,5936100,0.0,0.0
2009-12-21 00:00:00-05:00,9.906750108851677,10.090955575197043,9.906750108851677,10.016121864318848,3240800,0.0,0.0
2009-12-22 00:00:00-05:00,10.067929492295711,10.20032624500005,10.010365352615022,10.10246753692627,3319300,0.0,0.0
2009-12-23 00:00:00-05:00,10.119740177347536,10.263650021222185,10.108227126330771,10.217598915100098,4373500,0.0,0.0
2009-12-24 00:00:00-05:00,10.240621373730175,10.39604311538074,10.240621373730175,10.378774642944336,1327200,0.0,0.0
2009-12-28 00:00:00-05:00,10.367265701293945,10.407560283527674,10.332727644800036,10.367265701293945,1814900,0.0,0.0
2009-12-29 00:00:00-05:00,10.401803757787853,10.419073335007317,10.34999612407448,10.367265701293945,1840300,0.0,0.0
2009-12-30 00:00:00-05:00,10.286674206952606,10.390288352966309,10.286674206952606,10.390288352966309,1678100,0.0,0.0
2009-12-31 00:00:00-05:00,10.46511895875086,10.488143951698913,10.338477654731017,10.35574722290039,2223900,0.0,0.0
2010-01-04 00:00:00-05:00,10.355748549103016,10.41331268576173,10.286672463468229,10.378774642944336,4619400,0.0,0.0
2010-01-05 00:00:00-05:00,10.378773603856772,10.401798597448321,10.23486382559004,10.344234466552734,6113800,0.0,0.0
2010-01-06 00:00:00-05:00,10.355751637502681,10.384534263388185,10.200328751555707,10.24062442779541,3576300,0.0,0.0
2010-01-07 00:00:00-05:00,10.039147971427688,10.131250155738934,9.970070784221932,10.10246753692627,4731300,0.0,0.0
2010-01-08 00:00:00-05:00,10.079442407798735,10.217595682456052,10.033391316246295,10.19456958770752,3623600,0.0,0.0
2010-01-11 00:00:00-05:00,10.177299120297327,10.206080635148483,9.906748049741052,9.935530662536621,6228800,0.0,0.0
2010-01-12 00:00:00-05:00,9.895237567272188,10.027634311896087,9.895237567272188,9.95855712890625,4951600,0.0,0.0
2010-01-13 00:00:00-05:00,9.987341015980222,10.263647587186334,9.95855839526414,10.200326919555664,5012300,0.0,0.0
2010-01-14 00:00:00-05:00,10.206085864083331,10.275163072238952,10.113983651839153,10.217598915100098,2544900,0.0,0.0
2010-01-15 00:00:00-05:00,10.11973761740801,10.177301759985152,9.958558237780956,10.033391952514648,3871500,0.0,0.0
2010-01-19 00:00:00-05:00,9.998853272068123,10.229108729830319,9.998853272068123,10.19456958770752,4733600,0.0,0.0
2010-01-20 00:00:00-05:00,10.125496716976265,10.303944616205088,10.033394504603647,10.131253242492676,5846500,0.0,0.0
2010-01-21 00:00:00-05:00,10.137008897515624,10.188816524769477,9.900996861334688,9.998855590820312,5597100,0.0,0.0
2010-01-22 00:00:00-05:00,10.004606734068023,10.03914586941135,9.693762201588973,9.722543716430664,4900500,0.0,0.0
2010-01-25 00:00:00-05:00,9.885854793628033,10.007901849945325,9.682441924588254,9.804490089416504,4305400,0.161,0.0
2010-01-26 00:00:00-05:00,9.78124688829085,9.96141214826508,9.752188368734558,9.763811111450195,3242200,0.0,0.0
2010-01-27 00:00:00-05:00,9.717315304488956,9.868422021417237,9.688256789449834,9.85679817199707,4306300,0.0,0.0
2010-01-28 00:00:00-05:00,9.856798802540244,9.920728869929496,9.682445484129477,9.73475170135498,4087800,0.0,0.0
2010-01-29 00:00:00-05:00,9.7463753999914,9.816116282866897,9.624327192192261,9.635951042175293,5639400,0.0,0.0
2010-02-01 00:00:00-05:00,9.659198892313345,9.740563626436854,9.624327341822099,9.73475170135498,4211100,0.0,0.0
2010-02-02 00:00:00-05:00,9.746375468325324,9.850987901883377,9.694069251546297,9.839364051818848,3645200,0.0,0.0
2010-02-03 00:00:00-05:00,9.787057449033304,9.909104544363196,9.705692718813376,9.74637508392334,3176100,0.0,0.0
2010-02-04 00:00:00-05:00,9.688253773353734,9.734748048048752,9.432534708275655,9.444158554077148,4847200,0.0,0.0
2010-02-05 00:00:00-05:00,9.444162240432604,9.601080894470215,9.403479872758716,9.601080894470215,6034700,0.0,0.0
2010-02-08 00:00:00-05:00,9.589459097782862,9.612706803438822,9.41510573940964,9.420916557312012,4292100,0.0,0.0
2010-02-09 00:00:00-05:00,9.537150208519417,9.589456423144748,9.426725854475796,9.513903617858887,3193300,0.0,0.0
2010-02-10 00:00:00-05:00,9.47903691609132,9.606897109893577,9.461602241308741,9.589461326599121,3736500,0.0,0.0
2010-02-11 00:00:00-05:00,9.612702493993647,9.70569105790679,9.502278158655116,9.665007591247559,3802400,0.0,0.0
2010-02-12 00:00:00-05:00,9.618517287519255,9.728941668529417,9.531340611358212,9.711505889892578,4296000,0.0,0.0
2010-02-16 00:00:00-05:00,9.76381097333423,9.938165413740009,9.734752454188992,9.920729637145996,3082200,0.0,0.0
2010-02-17 00:00:00-05:00,9.943977686133277,9.967224280558057,9.804494794050138,9.833553314208984,3766500,0.0,0.0
2010-02-18 00:00:00-05:00,9.821929305601097,9.973036046734833,9.746376489289965,9.96722412109375,3313800,0.0,0.0
2010-02-19 00:00:00-05:00,9.914917898835478,10.007906492069859,9.856799750936123,9.96722412109375,2592600,0.0,0.0
2010-02-22 00:00:00-05:00,9.967224137302649,10.025342285296517,9.92072984060985,9.990471839904785,2331700,0.0,0.0
2010-02-23 00:00:00-05:00,9.961413686332737,10.054402293484305,9.92073130926788,9.926543235778809,3251100,0.0,0.0
2010-02-24 00:00:00-05:00,9.955599507915577,10.054400019229897,9.955599507915577,10.013717651367188,2775100,0.0,0.0
2010-02-25 00:00:00-05:00,9.926536979410146,10.060207879378215,9.728936036626507,10.019525527954102,3949700,0.0,0.0
2010-02-26 00:00:00-05:00,10.042778045916354,10.071836565610297,9.938165601399808,9.96722412109375,2776100,0.0,0.0
2010-03-01 00:00:00-05:00,10.048588986533764,10.095083278593302,9.990470844331501,10.042777061462402,2449100,0.0,0.0
2010-03-02 00:00:00-05:00,10.106706237485207,10.106706237485207,9.984659133897075,10.013717651367188,4928700,0.0,0.0
2010-03-03 00:00:00-05:00,10.002094204226095,10.03115383137918,9.897482872009277,9.897482872009277,5551100,0.0,0.0
2010-03-04 00:00:00-05:00,9.92072870234792,9.967222993706166,9.792869678240585,9.943976402282715,4131300,0.0,0.0
2010-03-05 00:00:00-05:00,9.967225204334621,10.083461512765927,9.885860453539662,10.066025733947754,4666000,0.0,0.0
2010-03-08 00:00:00-05:00,10.060212241792565,10.100894610857791,9.967223652925925,9.97884750366211,4114300,0.0,0.0
2010-03-09 00:00:00-05:00,10.013718653298424,10.01953057907624,9.903295389054398,9.96141242980957,5382300,0.0,0.0
2010-03-10 00:00:00-05:00,9.984658984991617,10.019529427137991,9.862610774712255,9.9149169921875,3032700,0.0,0.0
2010-03-11 00:00:00-05:00,9.914919395479531,9.95560177259659,9.850990420800569,9.949790954589844,2347900,0.0,0.0
2010-03-12 00:00:00-05:00,10.03115256890308,10.054399159188407,9.932352066040039,9.932352066040039,2599800,0.0,0.0
2010-03-15 00:00:00-04:00,9.920727165183074,10.118328149966208,9.897480577361561,10.089269638061523,3952500,0.0,0.0
2010-03-16 00:00:00-04:00,10.129953678466421,10.164824120238507,10.019529319591568,10.095083236694336,4085200,0.0,0.0
2010-03-17 00:00:00-04:00,10.147388708420857,10.49028453890582,10.077647822379637,10.397295951843262,7698300,0.0,0.0
2010-03-18 00:00:00-04:00,10.432168775825899,10.449603445207076,10.281062026290334,10.385674476623535,3916400,0.0,0.0
2010-03-19 00:00:00-04:00,10.519344329833984,10.60652099300572,10.19969508685573,10.519344329833984,6683200,0.0,0.0
2010-03-22 00:00:00-04:00,10.484471664546705,10.623954517766535,10.484471664546705,10.606518745422363,3395100,0.0,0.0
2010-03-23 00:00:00-04:00,10.606523577909831,10.757630348205566,10.600711651147108,10.757630348205566,3928300,0.0,0.0
2010-03-24 00:00:00-04:00,10.716944634679898,10.775062775711323,10.676262268511302,10.746003150939941,3930300,0.0,0.0
2010-03-25 00:00:00-04:00,11.013350737161032,11.147021741174346,10.79250193108427,10.804125785827637,11640500,0.0,0.0
2010-03-26 00:00:00-04:00,11.106337906428516,11.27487934413089,10.984289664599105,11.199326515197754,7779300,0.0,0.0
2010-03-29 00:00:00-04:00,11.396925883554895,11.44342018099447,11.135394767637598,11.193512916564941,4549700,0.0,0.0
2010-03-30 00:00:00-04:00,11.170261959231714,11.210945427586125,11.05402680375261,11.100521087646484,4384200,0.0,0.0
2010-03-31 00:00:00-04:00,11.059843713222802,11.164455067756057,11.019160226529591,11.094714164733887,4291900,0.0,0.0
2010-04-01 00:00:00-04:00,11.15282957687265,11.187700019797921,11.100523358229047,11.17026424407959,2939600,0.0,0.0
2010-04-05 00:00:00-04:00,11.234192127355684,11.234192127355684,11.129579710423005,11.22838020324707,3526700,0.0,0.0
2010-04-06 00:00:00-04:00,11.222570904617616,11.2341947555542,11.158641941489282,11.2341947555542,2917400,0.0,0.0
2010-04-07 00:00:00-04:00,11.181888738281335,11.350431254393747,11.14701829334863,11.303936958312988,5530700,0.0,0.0
2010-04-08 00:00:00-04:00,11.298124121738528,11.303936046843923,11.19351168686416,11.251629829406738,3098900,0.0,0.0
2010-04-09 00:00:00-04:00,11.251629050568061,11.303935264384606,11.234193276458782,11.27487564086914,3366600,0.0,0.0
2010-04-12 00:00:00-04:00,11.292312196633134,11.30974686343795,11.187699761758765,11.251629829406738,3128600,0.0,0.0
2010-04-13 00:00:00-04:00,11.251630424688186,11.321371312619915,11.21094805530944,11.315559387207031,3804600,0.0,0.0
2010-04-14 00:00:00-04:00,11.571279371274889,12.04203427749459,11.571279371274889,11.983917236328125,11399900,0.0,0.0
2010-04-15 00:00:00-04:00,11.989728641600388,12.1466473208726,11.949046267384237,12.047846794128418,6518100,0.0,0.0
2010-04-16 00:00:00-04:00,11.989727963806414,12.123400039617703,11.815374624590294,11.832810401916504,7570500,0.0,0.0
2010-04-19 00:00:00-04:00,11.66426853935961,12.047846794128418,11.66426853935961,12.047846794128418,3894300,0.0,0.0
2010-04-20 00:00:00-04:00,12.123404333078426,12.14083900806757,11.91999129294728,12.076910018920898,3114400,0.0,0.0
2010-04-21 00:00:00-04:00,12.065279448941487,12.082715222739534,11.739819430956857,11.821184158325195,6189700,0.0,0.0
2010-04-22 00:00:00-04:00,11.73401007221422,12.042034383755976,11.658456144412703,12.036222457885742,6456600,0.0,0.0
2010-04-23 00:00:00-04:00,12.030410195094468,12.129210705994694,11.954856276370622,12.123398780822754,3640200,0.0,0.0
2010-04-26 00:00:00-04:00,12.094337849378066,12.16989175994586,11.960666910387367,11.978102684020996,2724200,0.0,0.0
2010-04-27 00:00:00-04:00,11.896737914814894,11.919985615075978,11.577089795804516,11.588713645935059,4586700,0.0,0.0
2010-04-28 00:00:00-04:00,11.664265109365557,11.873489953537176,11.62358274711246,11.704947471618652,3844800,0.0,0.0
2010-04-29 00:00:00-04:00,11.78049984079464,11.896734987969705,11.652639737837656,11.850240707397461,4849700,0.0,0.0
2010-04-30 00:00:00-04:00,11.8095599513999,11.908360449573493,11.675889015197754,11.675889015197754,4188300,0.0,0.0
2010-05-03 00:00:00-04:00,11.763064069888392,11.861864554668294,11.739817483857815,11.850240707397461,3145100,0.0,0.0
2010-05-04 00:00:00-04:00,11.728198386476912,11.7514449819223,11.501538815454573,11.61777400970459,4730600,0.0,0.0
2010-05-05 00:00:00-04:00,11.54222314208631,11.896741819330117,11.518975434195319,11.768882751464844,4627800,0.0,0.0
2010-05-06 00:00:00-04:00,11.757252378284386,11.890923299003719,11.147014795166665,11.507345199584961,7881600,0.0,0.0
2010-05-07 00:00:00-04:00,11.460857273697181,11.670082210682297,11.263256190658288,11.362056732177734,7482700,0.0,0.0
2010-05-10 00:00:00-04:00,11.74563280795712,11.890927629085802,11.67007998871527,11.879304885864258,6045900,0.0,0.0
2010-05-11 00:00:00-04:00,11.745630247044932,11.989725537661224,11.670077444275941,11.821184158325195,4682700,0.0,0.0
2010-05-12 00:00:00-04:00,11.879303029683227,12.06528019430654,11.78631444737157,12.059468269348145,3640300,0.0,0.0
2010-05-13 00:00:00-04:00,12.018786238865664,12.135021415746305,11.949044245928182,11.972291946411133,4152800,0.0,0.0
2010-05-14 00:00:00-04:00,11.867679385386241,11.94323219413174,11.728196509502071,11.797937393188477,5580000,0.0,0.0
2010-05-17 00:00:00-04:00,11.797936098235068,11.966478580915313,11.739819071045833,11.96066665649414,7498000,0.0,0.0
2010-05-18 00:00:00-04:00,12.030412652835082,12.094341625763969,11.786317288303275,11.82699966430664,5132500,0.0,0.0
2010-05-19 00:00:00-04:00,11.774694924802995,11.972296011963982,11.60034043750767,11.7863187789917,5113900,0.0,0.0
2010-05-20 00:00:00-04:00,11.60614839274487,11.687514235709028,11.251629829406738,11.251629829406738,6359100,0.0,0.0
2010-05-21 00:00:00-04:00,11.14120726078121,11.518973585280595,10.984288583239273,11.513161659240723,8141700,0.0,0.0
2010-05-24 00:00:00-04:00,11.524784587568728,11.536408438716782,11.303936958312988,11.303936958312988,4045400,0.0,0.0
2010-05-25 00:00:00-04:00,11.077276873309179,11.367866516113283,11.036594500678447,11.367866516113281,5291800,0.0,0.0
2010-05-26 00:00:00-04:00,11.425983172871444,11.425983172871444,11.152829343404022,11.17607593536377,4526800,0.0,0.0
2010-05-27 00:00:00-04:00,11.344616272404348,11.553839994143921,11.28649814083346,11.542217254638672,5660100,0.0,0.0
2010-05-28 00:00:00-04:00,11.565466846984263,11.565466846984263,11.315559592258854,11.38530158996582,4594100,0.0,0.0
2010-06-01 00:00:00-04:00,11.292313279716074,11.373678021972824,11.065653721422857,11.071464538574219,4112600,0.0,0.0
2010-06-02 00:00:00-04:00,11.15283035726685,11.402737617492676,11.065653689597985,11.402737617492676,3177900,0.0,0.0
2010-06-03 00:00:00-04:00,11.420174115605732,11.472480346289602,11.298126983017802,11.408550262451172,2823000,0.0,0.0
2010-06-04 00:00:00-04:00,11.199322795593536,11.286499448796967,10.97266216705107,11.019156455993652,5545200,0.0,0.0
2010-06-07 00:00:00-04:00,11.042406414937876,11.14120693772778,10.931982040405273,10.931982040405273,4095000,0.0,0.0
2010-06-08 00:00:00-04:00,10.99009788519379,11.176075040018125,10.85061501907554,11.147016525268555,5916300,0.0,0.0
2010-06-09 00:00:00-04:00,11.234195005142233,11.251630781934475,10.97266389581591,10.995911598205566,4797000,0.0,0.0
2010-06-10 00:00:00-04:00,11.123773810317774,11.356246466511555,11.09471528254944,11.344622611999512,4666600,0.0,0.0
2010-06-11 00:00:00-04:00,11.228381755570554,11.402736177399905,11.176075539872881,11.391112327575684,2769000,0.0,0.0
2010-06-14 00:00:00-04:00,11.46085378501996,11.478289560631856,11.298124313354492,11.298124313354492,3683600,0.0,0.0
2010-06-15 00:00:00-04:00,11.43179476420688,11.606148078604068,11.32718233216403,11.594525337219238,4350800,0.0,0.0
2010-06-16 00:00:00-04:00,11.542216998749883,11.559651661876813,11.455039249070685,11.524781227111816,4323800,0.0,0.0
2010-06-17 00:00:00-04:00,11.489914205843899,11.675891391190026,11.489914205843899,11.664267539978027,4438300,0.0,0.0
2010-06-18 00:00:00-04:00,11.68751067073476,11.774687303701956,11.658451054071675,11.7107572555542,3638300,0.0,0.0
2010-06-21 00:00:00-04:00,11.827000803168703,11.914177489929259,11.425986713856098,11.489916801452637,4140500,0.0,0.0
2010-06-22 00:00:00-04:00,11.478290227743296,11.594526521555403,11.303936895536586,11.332995414733887,5387100,0.0,0.0
2010-06-23 00:00:00-04:00,11.327181854685685,11.344617628794962,11.193510912048424,11.27487564086914,3908800,0.0,0.0
2010-06-24 00:00:00-04:00,11.199322738626808,11.327181755440717,11.1179569020077,11.147016525268555,3630300,0.0,0.0
2010-06-25 00:00:00-04:00,11.205137553481995,11.332996603275296,11.112148952084764,11.327184677124023,5868000,0.0,0.0
2010-06-28 00:00:00-04:00,11.298126637083033,11.420173765934031,11.22838462880274,11.3388090133667,3023500,0.0,0.0
2010-06-29 00:00:00-04:00,11.210948650285856,11.216759467495697,10.92616983249828,10.990099906921387,6105100,0.0,0.0
2010-06-30 00:00:00-04:00,10.990099276850545,11.06565319838474,10.862240243846072,10.879674911499023,4693700,0.0,0.0
2010-07-01 00:00:00-04:00,10.902919309198063,10.931977818821819,10.699506416298519,10.8389892578125,5165500,0.0,0.0
2010-07-02 00:00:00-04:00,10.891299846911506,10.943606072102245,10.72856924537237,10.821558952331543,2704200,0.0,0.0
2010-07-06 00:00:00-04:00,11.147020626828128,11.152832553618804,10.786688925388038,10.885489463806152,3843200,0.0,0.0
2010-07-07 00:00:00-04:00,10.943602368411158,11.27487427683102,10.891296160922638,11.257439613342285,4400800,0.0,0.0
2010-07-08 00:00:00-04:00,11.327186231219374,11.466669152452344,11.222573763166718,11.437610626220703,4067600,0.0,0.0
2010-07-09 00:00:00-04:00,11.45504033591881,11.675889030243786,11.420169897845323,11.600335121154785,4131900,0.0,0.0
2010-07-12 00:00:00-04:00,11.582903663207654,11.588715589247528,11.443420763785337,11.513161659240723,2292700,0.0,0.0
2010-07-13 00:00:00-04:00,11.61777340134368,11.623585327028572,11.484102436125607,11.530596733093262,4381000,0.0,0.0
2010-07-14 00:00:00-04:00,11.34461940713457,11.826998147994225,11.34461940713457,11.687515258789062,8698800,0.0,0.0
2010-07-15 00:00:00-04:00,11.687513584938033,11.710760175553853,11.489912576402682,11.68170166015625,7786000,0.0,0.0
2010-07-16 00:00:00-04:00,11.606149217100224,11.63520884469123,11.367865813411216,11.38530158996582,6663800,0.0,0.0
2010-07-19 00:00:00-04:00,11.425985571357321,11.484103726223621,11.332996966975882,11.420173645019531,3491200,0.0,0.0
2010-07-20 00:00:00-04:00,11.2341973293042,11.51316316462453,11.216761548904794,11.495728492736816,5362700,0.0,0.0
2010-07-21 00:00:00-04:00,11.62939686659758,11.62939686659758,11.164452803846489,11.181888580322266,4988800,0.0,0.0
2010-07-22 00:00:00-04:00,11.274878812109582,11.431797497695111,11.263254959434002,11.420173645019531,4121900,0.0,0.0
2010-07-23 00:00:00-04:00,11.37948929788155,11.559654549096352,11.321371153083138,11.5480318069458,4193600,0.0,0.0
2010-07-26 00:00:00-04:00,11.536405181016537,11.734006160688203,11.536405181016537,11.728194236755371,3660400,0.0,0.0
2010-07-27 00:00:00-04:00,11.79793557545557,11.79793557545557,11.664264645225458,11.716570854187012,3151300,0.0,0.0
2010-07-28 00:00:00-04:00,11.658456484702912,11.716574636590098,11.495726989632649,11.513161659240723,2610000,0.0,0.0
2010-07-29 00:00:00-04:00,11.600337656035782,11.646833061642159,11.402737724766082,11.455042839050293,4041200,0.0,0.0
2010-07-30 00:00:00-04:00,11.332994359725186,11.495724934210966,11.28650006823087,11.414359092712402,2692200,0.0,0.0
2010-08-02 00:00:00-04:00,11.61777233622383,11.641020036832042,11.478289458108685,11.611960411071777,2882200,0.0,0.0
2010-08-03 00:00:00-04:00,11.582901178189722,11.582901178189722,11.379488244480948,11.396924018859863,2679600,0.0,0.0
2010-08-04 00:00:00-04:00,11.449234480118047,11.553845839658985,11.33881008511672,11.437610626220703,4378600,0.0,0.0
2010-08-05 00:00:00-04:00,11.373677167141459,11.48410152941303,11.338806724296738,11.478289604187012,2438400,0.0,0.0
2010-08-06 00:00:00-04:00,11.373679342828812,11.443421350370691,11.240008362594445,11.420173645019531,2219700,0.0,0.0
2010-08-09 00:00:00-04:00,11.495726989632649,11.524785511320468,11.420173059625844,11.513161659240723,2165000,0.0,0.0
2010-08-10 00:00:00-04:00,11.40854760998618,11.559654340328489,11.385301017593497,11.478289604187012,2550900,0.0,0.0
2010-08-11 00:00:00-04:00,11.356240903700469,11.356240903700469,11.141204134609692,11.158639907836914,3069000,0.0,0.0
2010-08-12 00:00:00-04:00,11.013347236847475,11.181888643012469,11.013347236847475,11.152830123901367,3654900,0.0,0.0
2010-08-13 00:00:00-04:00,11.135392675964212,11.263251692778121,11.0947103119103,11.147016525268555,2089100,0.0,0.0
2010-08-16 00:00:00-04:00,11.094711537721066,11.152829682152735,11.024969542700783,11.088899612426758,2686000,0.0,0.0
2010-08-17 00:00:00-04:00,11.19932221301662,11.280686937305811,11.13539215335441,11.187698364257812,4619600,0.0,0.0
2010-08-18 00:00:00-04:00,11.176077056480914,11.472478616152685,11.152830462189208,11.455042839050293,7237500,0.0,0.0
2010-08-19 00:00:00-04:00,11.431797618732682,11.460856142217695,11.327185160568048,11.3388090133667,8354300,0.0,0.0
2010-08-20 00:00:00-04:00,11.286501181590907,11.36786592260437,11.21675918321404,11.303936958312988,3525900,0.0,0.0
2010-08-23 00:00:00-04:00,11.373677578237908,11.39692527998226,11.263253211975098,11.263253211975098,2467100,0.0,0.0
2010-08-24 00:00:00-04:00,11.129580481648361,11.30974570745522,11.129580481648361,11.205134391784668,2958400,0.0,0.0
2010-08-25 00:00:00-04:00,11.117961883061751,11.385304994279888,11.077279500781374,11.344622611999512,3658900,0.0,0.0
2010-08-26 00:00:00-04:00,11.367864219096043,11.4027357673146,11.240005201161875,11.27487564086914,3642600,0.0,0.0
2010-08-27 00:00:00-04:00,11.35624216766665,11.565465927124025,11.228382033458486,11.565465927124023,3362700,0.0,0.0
2010-08-30 00:00:00-04:00,11.513163400616651,11.582905415132123,11.460857166857975,11.489916801452637,4163800,0.0,0.0
2010-08-31 00:00:00-04:00,11.484098613095608,11.57708717607524,11.315556149875581,11.507345199584961,4079400,0.0,0.0
2010-09-01 00:00:00-04:00,11.611959306793725,11.832808007523894,11.524782654826037,11.821184158325195,4493300,0.0,0.0
2010-09-02 00:00:00-04:00,11.850243003479811,11.949043507403125,11.78050212336412,11.943231582641602,2815800,0.0,0.0
2010-09-03 00:00:00-04:00,12.030411889961194,12.059470411403334,11.83862276631307,12.053658485412598,4072500,0.0,0.0
2010-09-07 00:00:00-04:00,11.972292930309822,12.059469597262439,11.885116263357205,11.89673900604248,2928300,0.0,0.0
2010-09-08 00:00:00-04:00,11.931608071603526,12.082714780117335,11.931608071603526,12.065279006958008,2595100,0.0,0.0
2010-09-09 00:00:00-04:00,12.187324279830596,12.204760050395144,11.83861773662816,11.85605239868164,4675200,0.0,0.0
2010-09-10 00:00:00-04:00,11.890928637235529,11.954858718676023,11.815375811588078,11.82699966430664,3783600,0.0,0.0
2010-09-13 00:00:00-04:00,11.983918840312429,12.030413144575522,11.92580068285565,12.018789291381836,2744700,0.0,0.0
2010-09-14 00:00:00-04:00,11.96647791528878,12.001348351364925,11.902547858723198,11.925795555114746,2764900,0.0,0.0
2010-09-15 00:00:00-04:00,11.850243404891247,12.059468269348145,11.774690597454777,12.059468269348145,2716000,0.0,0.0
2010-09-16 00:00:00-04:00,11.937418937045722,12.216384631781093,11.780500318065402,12.198948860168457,4657700,0.0,0.0
2010-09-17 00:00:00-04:00,12.239632161973173,12.320997993924614,12.193137875934301,12.274503707885742,3779600,0.0,0.0
2010-09-20 00:00:00-04:00,12.286126748068156,12.466293080816188,12.245444385354485,12.448857307434082,3412200,0.0,0.0
2010-09-21 00:00:00-04:00,12.46629401657611,12.54765874811095,12.367493510350382,12.425610542297363,3885300,0.0,0.0
2010-09-22 00:00:00-04:00,12.408180664467439,12.472109645981746,12.257073884367857,12.268697738647461,3753700,0.0,0.0
2010-09-23 00:00:00-04:00,12.16989142889151,12.257068077665686,12.065279006958008,12.065279006958008,2578600,0.0,0.0
2010-09-24 00:00:00-04:00,12.204761829002532,12.402362823486328,12.204761829002532,12.402362823486328,3101400,0.0,0.0
2010-09-27 00:00:00-04:00,12.42560831703969,12.42560831703969,12.245443111544263,12.25125503540039,2888300,0.0,0.0
2010-09-28 00:00:00-04:00,12.30356398639315,12.431423014218597,12.175704958567705,12.40817642211914,3546400,0.0,0.0
2010-09-29 00:00:00-04:00,12.321003176965483,12.326813995217446,12.047848161632459,12.088530540466309,4736300,0.0,0.0
2010-09-30 00:00:00-04:00,12.175704764074528,12.373305782064639,12.100150846807589,12.129210472106934,5468600,0.0,0.0
2010-10-01 00:00:00-04:00,12.245445883899363,12.245445883899363,12.030410195094468,12.123398780822754,3318500,0.0,0.0
2010-10-04 00:00:00-04:00,12.088525924833524,12.175703684490403,11.931608396175916,11.978102684020996,2665700,0.0,0.0
2010-10-05 00:00:00-04:00,12.053657289662693,12.32100031615781,11.91417440525667,12.291940689086914,3173200,0.0,0.0
2010-10-06 00:00:00-04:00,12.245448178861174,12.268695883905869,12.15245957570557,12.216389656066895,2072700,0.0,0.0
2010-10-07 00:00:00-04:00,12.280318391822309,12.338436544805111,12.16408319436827,12.222201347351074,2110000,0.0,0.0
2010-10-08 00:00:00-04:00,12.257067934929458,12.315186069605852,12.14664358989543,12.274503707885742,1844700,0.0,0.0
2010-10-11 00:00:00-04:00,12.2628812789917,12.30356364542184,12.198951212594995,12.2628812789917,1570800,0.0,0.0
2010-10-12 00:00:00-04:00,12.216385573209347,12.286126448012046,12.123397001131602,12.274503707885742,2665700,0.0,0.0
2010-10-13 00:00:00-04:00,12.355868050915888,12.495350904738133,12.245443709281583,12.390738487243652,2371400,0.0,0.0
2010-10-14 00:00:00-04:00,12.350058972061452,12.49535378349747,11.919986463232213,12.135022163391113,6543300,0.0,0.0
2010-10-15 00:00:00-04:00,12.245447355168077,12.245447355168077,11.879304893435505,12.036222457885742,4590200,0.0,0.0
2010-10-18 00:00:00-04:00,12.030412660591276,12.030412660591276,11.931612129443,12.00716495513916,3369800,0.0,0.0
2010-10-19 00:00:00-04:00,11.908364402820938,11.978106410541695,11.716575267228365,11.803751945495605,4964200,0.0,0.0
2010-10-20 00:00:00-04:00,11.844433154964612,12.11758812408192,11.797938857233591,11.989727973937988,3584200,0.0,0.0
2010-10-21 00:00:00-04:00,12.03622216422931,12.105964164459046,11.850244974965326,11.937422752380371,3027100,0.0,0.0
2010-10-22 00:00:00-04:00,12.129208453695332,12.19894932578552,12.001348340678026,12.187325477600098,3321500,0.0,0.0
2010-10-25 00:00:00-04:00,12.274506129039484,12.344247017598615,12.198952206503748,12.210576057434082,3161200,0.0,0.0
2010-10-26 00:00:00-04:00,12.193142370749092,12.477920116280034,12.193142370749092,12.437237739562988,4363100,0.0,0.0
2010-10-27 00:00:00-04:00,12.344249914662312,12.437238526905547,12.222202776784952,12.413991928100586,4238800,0.0,0.0
2010-10-28 00:00:00-04:00,12.489539471991243,12.489539471991243,12.274503812913201,12.402362823486328,3672500,0.0,0.0
2010-10-29 00:00:00-04:00,12.338432835326033,12.402362895238067,12.228009597219545,12.297750473022461,16086800,0.0,0.0
2010-11-01 00:00:00-04:00,12.367496476831555,12.495355529699188,12.257072094325386,12.34424877166748,2371100,0.0,0.0
2010-11-02 00:00:00-04:00,12.443044662475586,12.553469003812465,12.390738453869233,12.443044662475586,3037500,0.0,0.0
2010-11-03 00:00:00-04:00,12.472106480983552,12.506978034973145,12.315188922076286,12.506978034973145,3098100,0.0,0.0
2010-11-04 00:00:00-04:00,12.599964666123341,12.780129899629294,12.518599936509936,12.768506050109863,4248600,0.0,0.0
2010-11-05 00:00:00-04:00,12.762691807806277,12.861492293757903,12.646456659252722,12.751069068908691,4014100,0.0,0.0
2010-11-08 00:00:00-05:00,12.629022132281158,12.733634552242965,12.599963619407859,12.640645980834961,2562900,0.0,0.0
2010-11-09 00:00:00-05:00,12.687140846602931,12.692952771145558,12.44304555836893,12.4721040725708,5231000,0.0,0.0
2010-11-10 00:00:00-05:00,12.443049040626315,12.605779647827148,12.367496217450812,12.605779647827148,3907000,0.0,0.0
2010-11-11 00:00:00-05:00,12.460483442323916,12.634836774086416,12.443047665743086,12.541848182678223,3034900,0.0,0.0
2010-11-12 00:00:00-05:00,12.49535486770133,12.553473019020853,12.29194189233877,12.309377670288086,3291700,0.0,0.0
2010-11-15 00:00:00-05:00,12.350058617229871,12.402364836524935,12.251258103951576,12.321000099182129,5707200,0.0,0.0
2010-11-16 00:00:00-05:00,12.268694786958141,12.309377158637346,12.071093745792158,12.11758804321289,4082600,0.0,0.0
2010-11-17 00:00:00-05:00,12.111774762545071,12.158269054764554,11.972291885886616,12.001350402832031,4611000,0.0,0.0
2010-11-18 00:00:00-05:00,12.105961994586975,12.233821012160647,12.082715404351438,12.152456283569336,2964100,0.0,0.0
2010-11-19 00:00:00-05:00,12.11758521792476,12.11758521792476,11.99553702283193,12.065279006958008,3737100,0.0,0.0
2010-11-22 00:00:00-05:00,11.989724492492604,12.210573173970944,11.96066598054022,12.187325477600098,12472000,0.0,0.0
2010-11-23 00:00:00-05:00,12.065283110257843,12.123401265376524,12.00716495513916,12.00716495513916,4768600,0.0,0.0
2010-11-24 00:00:00-05:00,12.094339154963052,12.135021522655254,12.042032936926967,12.123398780822754,3672600,0.0,0.0
2010-11-26 00:00:00-05:00,12.012974253014745,12.105962837453713,11.98972655264932,12.001350402832031,1444500,0.0,0.0
2010-11-29 00:00:00-05:00,11.954855491241112,11.954855491241112,11.797936847438418,11.914173126220703,3841100,0.0,0.0
2010-11-30 00:00:00-05:00,11.780501794641026,11.879302295807413,11.76306602084298,11.821184158325195,21583600,0.0,0.0
2010-12-01 00:00:00-05:00,12.007162370206958,12.007162370206958,11.873491418169134,11.949044227600098,14166200,0.0,0.0
2010-12-02 00:00:00-05:00,11.943234471497961,12.158271305642758,11.902552096838248,12.146647453308105,11943600,0.0,0.0
2010-12-03 00:00:00-05:00,12.071093745792158,12.140834637667512,11.972293225209166,12.11758804321289,3427700,0.0,0.0
2010-12-06 00:00:00-05:00,12.065286163253544,12.123404333078426,12.018791849096015,12.076910018920898,6140500,0.0,0.0
2010-12-07 00:00:00-05:00,12.181517531674166,12.181517531674166,12.047846559421862,12.053658485412598,3633400,0.0,0.0
2010-12-08 00:00:00-05:00,12.047848161632459,12.123402101048196,12.0304134898532,12.088530540466309,2558000,0.0,0.0
2010-12-09 00:00:00-05:00,12.152457063835051,12.216387130982252,12.071092330019603,12.129210472106934,2542100,0.0,0.0
2010-12-10 00:00:00-05:00,12.152455041555003,12.210573173970944,12.117584605509908,12.187325477600098,3008800,0.0,0.0
2010-12-13 00:00:00-05:00,12.239633722710368,12.280316089618092,12.123398547047065,12.129210472106934,4478600,0.0,0.0
2010-12-14 00:00:00-05:00,12.007163929393352,12.117588303834374,11.8676810341312,11.879304885864258,7378400,0.0,0.0
2010-12-15 00:00:00-05:00,11.885114954641622,12.076904044223332,11.84443147993285,12.059468269348145,6730100,0.0,0.0
2010-12-16 00:00:00-05:00,12.041151750565948,12.151061033793052,11.992303309647092,12.065576553344727,5544000,1.0,0.0
2010-12-17 00:00:00-05:00,12.059469368244747,12.102211604979892,11.931242658039308,11.980091094970703,7737000,0.0,0.0
2010-12-20 00:00:00-05:00,12.010623153532372,12.053365398175735,11.949562304910927,12.016729354858398,2845800,0.0,0.0
2010-12-21 00:00:00-05:00,12.077789091582906,12.144954970708179,11.992303445527277,12.09610652923584,4550400,0.0,0.0
2010-12-22 00:00:00-05:00,12.090002409602459,12.169381868558306,12.083897372426389,12.102214813232422,2882800,0.0,0.0
2010-12-23 00:00:00-05:00,12.102210502188484,12.13884653538899,12.041149670428641,12.059468269348145,1695900,0.0,0.0
2010-12-27 00:00:00-05:00,12.00451588601073,12.096106568488748,11.998409685227033,12.071682929992676,1843200,0.0,0.0
2010-12-28 00:00:00-05:00,12.071682513477697,12.077788714050708,11.931243394214459,11.998409271240234,2385200,0.0,0.0
2010-12-29 00:00:00-05:00,12.041147912541831,12.120527331632577,11.998405685941428,12.089996337890625,2385300,0.0,0.0
2010-12-30 00:00:00-05:00,12.102210928825114,12.144953163172238,12.071681094188179,12.132741928100586,2785600,0.0,0.0
2010-12-31 00:00:00-05:00,12.114423328535302,12.206013997084643,12.077787294043274,12.132741928100586,2288100,0.0,0.0
2011-01-03 00:00:00-05:00,12.267073985713848,12.303710017681409,12.20601315600894,12.27928638458252,2715500,0.0,0.0
2011-01-04 00:00:00-05:00,12.27928723117542,12.27928723117542,12.169377963056606,12.242650032043457,2682800,0.0,0.0
2011-01-05 00:00:00-05:00,12.181594808979565,12.315927760911906,12.151063798559283,12.291502952575684,2266300,0.0,0.0
2011-01-06 00:00:00-05:00,12.291497218913783,12.315922015856478,12.15716432964422,12.181589126586914,10905900,0.0,0.0
2011-01-07 00:00:00-05:00,12.218229653513196,12.224335854995873,12.035047102949429,12.053365707397461,11981700,0.0,0.0
2011-01-10 00:00:00-05:00,11.973987235499013,11.980093436888929,11.760274845407295,11.784698486328125,14795800,0.0,0.0
2011-01-11 00:00:00-05:00,11.803015394821635,11.870182435822345,11.686999914358228,11.766379356384277,5941200,0.0,0.0
2011-01-12 00:00:00-05:00,11.772482938215857,11.845754998791874,11.723634509619044,11.741951942443848,4086900,0.0,0.0
2011-01-13 00:00:00-05:00,11.76027195485769,11.76027195485769,11.674787485687707,11.699211120605469,2122700,0.0,0.0
2011-01-14 00:00:00-05:00,11.699212650857126,11.894606414310813,11.680894048793832,11.888500213623047,2833800,0.0,0.0
2011-01-18 00:00:00-05:00,11.912922227146513,12.041148917651174,11.888497430114144,11.94955825805664,3559500,0.0,0.0
2011-01-19 00:00:00-05:00,11.912919998829977,11.925132395061828,11.729737549266837,11.796904563903809,4141800,0.0,0.0
2011-01-20 00:00:00-05:00,11.912922736165356,12.212119524765495,11.912922736165356,12.193800926208496,6412200,0.0,0.0
2011-01-21 00:00:00-05:00,12.206012340946542,12.23043713705291,11.992300033569336,11.992300033569336,17867200,0.0,0.0
2011-01-24 00:00:00-05:00,12.004514060420679,12.138846963317143,11.937347026653178,12.132741928100586,3615500,0.0,0.0
2011-01-25 00:00:00-05:00,12.200662751773022,12.418754510401374,12.132119322017248,12.368905067443848,5512600,0.399,0.0
2011-01-26 00:00:00-05:00,12.412521456550815,12.499757672477505,12.337746708253436,12.45613956451416,4925500,0.0,0.0
2011-01-27 00:00:00-05:00,12.45613956451416,12.493526344410698,12.387596144283588,12.45613956451416,2726200,0.0,0.0
2011-01-28 00:00:00-05:00,12.468600968504408,12.518450399528493,12.194428503619841,12.250509262084961,24412600,0.0,0.0
2011-01-31 00:00:00-05:00,12.244277165031376,12.443674876594601,12.244277165031376,12.343976020812988,3779300,0.0,0.0
2011-02-01 00:00:00-05:00,12.393827432424459,12.49352630416359,12.337746668508162,12.468602180480957,3327700,0.0,0.0
2011-02-02 00:00:00-05:00,12.424983903268581,12.524682773648518,12.343977828269704,12.375134468078613,4221400,0.0,0.0
2011-02-03 00:00:00-05:00,12.362668935503592,12.400055706070523,12.244276108786964,12.381362915039062,3000700,0.0,0.0
2011-02-04 00:00:00-05:00,12.474831839250752,12.56829937043611,12.418751082838709,12.543374061584473,6482100,0.0,0.0
2011-02-07 00:00:00-05:00,12.555835458879255,12.555835458879255,12.437442630696133,12.487293243408203,3420600,0.0,0.0
2011-02-08 00:00:00-05:00,12.499754128617859,12.611915625012383,12.424980590024155,12.59945297241211,3737000,0.0,0.0
2011-02-09 00:00:00-05:00,12.537148538289184,12.624384774376695,12.499760561247754,12.586997985839844,3129000,0.0,0.0
2011-02-10 00:00:00-05:00,12.543374800025251,12.568300110344266,12.418751813942809,12.537144660949707,4573400,0.0,0.0
2011-02-11 00:00:00-05:00,12.505986298616806,12.58076103075905,12.456136873356659,12.555835723876953,2638700,0.0,0.0
2011-02-14 00:00:00-05:00,12.555834646388597,12.562065972574375,12.41874903581331,12.4374418258667,2847700,0.0,0.0
2011-02-15 00:00:00-05:00,12.375134802987949,12.630613313813612,12.375134802987949,12.5620698928833,4297000,0.0,0.0
2011-02-16 00:00:00-05:00,12.549607370252895,12.773930431319402,12.537145902363678,12.593225479125977,3311700,0.0,0.0
2011-02-17 00:00:00-05:00,12.580764095961438,12.730312408178127,12.568301439483964,12.711618423461914,2716500,0.0,0.0
2011-02-18 00:00:00-05:00,12.69292562725004,12.761467860867478,12.674231642533826,12.711618423461914,3680500,0.0,0.0
2011-02-22 00:00:00-05:00,12.549606186540382,12.705385811253164,12.505988081781478,12.518450736999512,3798300,0.0,0.0
2011-02-23 00:00:00-05:00,12.537145768865935,12.643075970074452,12.487296332326887,12.5620698928833,3644400,0.0,0.0
2011-02-24 00:00:00-05:00,12.537142031821228,12.661764991769342,12.474829957595189,12.618146896362305,3678000,0.0,0.0
2011-02-25 00:00:00-05:00,12.643074235216602,12.742773094614217,12.574530823691685,12.730310440063477,2579600,0.0,0.0
2011-02-28 00:00:00-05:00,12.74900456544103,12.979558944702147,12.736543098092431,12.979558944702148,3726600,0.0,0.0
2011-03-01 00:00:00-05:00,12.992020364278408,13.004483018945383,12.755234679622577,12.76769733428955,4875000,0.0,0.0
2011-03-02 00:00:00-05:00,12.724078985246422,12.817546516431781,12.524681268449886,12.543374061584473,2794700,0.0,0.0
2011-03-03 00:00:00-05:00,12.624381385926007,12.90478400744771,12.624381385926007,12.892322540283203,4256700,0.0,0.0
2011-03-04 00:00:00-05:00,13.073028538835516,13.129109310472922,12.830012654076398,13.010716438293457,5696100,0.0,0.0
2011-03-07 00:00:00-05:00,13.02318069080373,13.079261469308282,12.854938355290075,12.898557662963867,3403800,0.0,0.0
2011-03-08 00:00:00-05:00,12.94840185411633,13.235035771414774,12.94840185411633,13.12287425994873,4351400,0.0,0.0
2011-03-09 00:00:00-05:00,13.073023844076545,13.197648000405877,12.992018974415306,13.135335922241211,2328200,0.0,0.0
2011-03-10 00:00:00-05:00,12.985789161230006,13.09171934990479,12.848703524093768,12.954633712768555,4976800,0.0,0.0
2011-03-11 00:00:00-05:00,12.848706470622059,13.041872910090127,12.811318497689312,12.992023468017578,3009500,0.0,0.0
2011-03-14 00:00:00-04:00,12.879860846323327,12.929710284216277,12.749005329039118,12.817548751831055,3210200,0.0,0.0
2011-03-15 00:00:00-04:00,12.530913468680566,12.730311199368968,12.530913468680566,12.643074989318848,3190400,0.0,0.0
2011-03-16 00:00:00-04:00,12.611913776631866,12.848699387318291,12.493520971288651,12.661763191223145,7977200,0.0,0.0
2011-03-17 00:00:00-04:00,12.873630385802244,12.873630385802244,12.611920522096979,12.773931503295898,3819200,0.0,0.0
2011-03-18 00:00:00-04:00,12.917246702933692,13.079257661614282,12.84247314569912,12.879859924316406,5147500,0.0,0.0
2011-03-21 00:00:00-04:00,13.010713518701658,13.066794277754596,12.94840262064657,13.029407501220703,3362900,0.0,0.0
2011-03-22 00:00:00-04:00,13.010713499216038,13.09171956817305,12.98578937773217,13.035638809204102,1961400,0.0,0.0
2011-03-23 00:00:00-04:00,12.948406239828074,13.016948484547607,12.786395244892262,12.873631477355957,4255000,0.0,0.0
2011-03-24 00:00:00-04:00,12.923479050327023,13.029409255186438,12.861166955379538,13.004485130310059,2907700,0.0,0.0
2011-03-25 00:00:00-04:00,13.010715270150886,13.054334568567176,12.935941707017392,13.004485130310059,2482100,0.0,0.0
2011-03-28 00:00:00-04:00,13.016947594801628,13.054335567734375,12.992023468017578,12.992023468017578,1635700,0.0,0.0
2011-03-29 00:00:00-04:00,12.979556321081565,13.135335922241211,12.92970689625064,13.135335922241211,2107500,0.0,0.0
2011-03-30 00:00:00-04:00,13.185186405291985,13.210111713959927,13.135336976460232,13.178955078125,1818100,0.0,0.0
2011-03-31 00:00:00-04:00,13.11664588337207,13.228807420068605,13.066796443562987,13.166495323181152,1982600,0.0,0.0
2011-04-01 00:00:00-04:00,13.197649179184909,13.26619259013856,13.16649254306773,13.216341972351074,3960300,0.0,0.0
2011-04-04 00:00:00-04:00,13.228804669068113,13.347197509683411,13.216342014581418,13.278654098510742,2534700,0.0,0.0
2011-04-05 00:00:00-04:00,13.235035814867624,13.27865391646893,13.16649240463464,13.185186386108398,2803100,0.0,0.0
2011-04-06 00:00:00-04:00,13.228805791344454,13.390816747903363,13.210112996532741,13.372122764587402,2997800,0.0,0.0
2011-04-07 00:00:00-04:00,13.328501524871193,13.347195503791797,13.191415911631998,13.228802680969238,5437500,0.0,0.0
2011-04-08 00:00:00-04:00,13.266193448822701,13.322273020455215,13.185187378178878,13.247499465942383,2780900,0.0,0.0
2011-04-11 00:00:00-04:00,13.235042649525056,13.502983913161456,13.228811319149239,13.409516334533691,4397100,0.0,0.0
2011-04-12 00:00:00-04:00,13.328504582130726,13.421973309669406,13.247499698568676,13.322273254394531,2957300,0.0,0.0
2011-04-13 00:00:00-04:00,13.347198506053244,13.384585283800105,13.2786550897638,13.340967178344727,2740200,0.0,0.0
2011-04-14 00:00:00-04:00,13.272425531338506,13.42197503927015,12.998254206640743,13.166495323181152,5853400,0.0,0.0
2011-04-15 00:00:00-04:00,13.17895806692877,13.390818484636739,13.17895806692877,13.353431701660156,3962500,0.0,0.0
2011-04-18 00:00:00-04:00,13.197653771106,13.216346570776038,12.998255984595223,13.129110336303711,3613800,0.0,0.0
2011-04-19 00:00:00-04:00,13.135337672147964,13.147800327141995,12.960864067744106,13.035638809204102,3190300,0.0,0.0
2011-04-20 00:00:00-04:00,13.178956795753818,13.191419451712061,13.066795269138199,13.091720581054688,4227000,0.0,0.0
2011-04-21 00:00:00-04:00,13.141571935878524,13.178958720709788,13.073028506600824,13.160265922546387,2289900,0.0,0.0
2011-04-25 00:00:00-04:00,13.129107515419335,13.19765093549457,13.079258079502155,13.116644859313965,3986300,0.0,0.0
2011-04-26 00:00:00-04:00,13.122875115716091,13.141569098347546,13.035638907111055,13.079257011413574,4000000,0.0,0.0
2011-04-27 00:00:00-04:00,13.122877475230371,13.453130763407543,13.091722020413687,13.440668106079102,6466100,0.0,0.0
2011-04-28 00:00:00-04:00,13.421969915358558,13.683678483069249,13.409507263037874,13.652523040771484,2976600,0.0,0.0
2011-04-29 00:00:00-04:00,13.590214705558337,13.68368224666312,13.527902615320393,13.671220779418945,4029900,0.0,0.0
2011-05-02 00:00:00-04:00,13.758456111353995,13.758456111353995,13.590213835039556,13.646294593811035,2476200,0.0,0.0
2011-05-03 00:00:00-04:00,13.621367598473718,13.664985693092166,13.509206104595455,13.652523040771484,2939400,0.0,0.0
2011-05-04 00:00:00-04:00,13.6276007078455,13.65252482724432,13.478051237436205,13.615138053894043,4002500,0.0,0.0
2011-05-05 00:00:00-04:00,13.546598316362013,13.577754959683116,13.397049993933978,13.440668106079102,2846000,0.0,0.0
2011-05-06 00:00:00-04:00,13.552827738883975,13.621371156045669,13.434434887924029,13.509209632873535,2359200,0.0,0.0
2011-05-09 00:00:00-04:00,13.490512829398599,13.521669461824555,13.347195885751205,13.496744155883789,2349400,0.0,0.0
2011-05-10 00:00:00-04:00,13.502977409998524,13.534132858368102,13.428202670005696,13.490514755249023,2866900,0.0,0.0
2011-05-11 00:00:00-04:00,13.453129702500014,13.521673123896718,13.284887407346826,13.328505516052246,2129500,0.0,0.0
2011-05-12 00:00:00-04:00,13.316040287566588,13.409507806753659,13.253728211940546,13.390813827514648,3114700,0.0,0.0
2011-05-13 00:00:00-04:00,13.403278102119952,13.409509429286938,13.141568303627217,13.178955078125,2727400,0.0,0.0
2011-05-16 00:00:00-04:00,13.160262404348437,13.291116710528161,13.141568422678128,13.216341972351074,2404600,0.0,0.0
2011-05-17 00:00:00-04:00,13.17272373179256,13.228804487709704,13.129105630191255,13.185186386108398,2418500,0.0,0.0
2011-05-18 00:00:00-04:00,13.178957886815565,13.27865676572683,13.14157110434994,13.266195297241211,3926500,0.0,0.0
2011-05-19 00:00:00-04:00,13.303580605952238,13.583983226138356,13.216343205190647,13.571521759033203,4977200,0.0,0.0
2011-05-20 00:00:00-04:00,13.559058167867102,13.62137025311043,13.471821961628946,13.490514755249023,4250700,0.0,0.0
2011-05-23 00:00:00-04:00,13.359665022665911,13.459363917808565,13.32850837511847,13.397051811218262,3535000,0.0,0.0
2011-05-24 00:00:00-04:00,13.397050794384546,13.552830454784367,13.359664008669846,13.41574478149414,4231500,0.0,0.0
2011-05-25 00:00:00-04:00,13.328504348081987,13.403279091099039,13.222574155435293,13.247499465942383,3881800,0.0,0.0
2011-05-26 00:00:00-04:00,13.228802732322302,13.322270250280221,13.160260519688613,13.291114807128906,3467500,0.0,0.0
2011-05-27 00:00:00-04:00,13.28488843455519,13.453130742717137,13.28488843455519,13.4468994140625,2416000,0.0,0.0
2011-05-31 00:00:00-04:00,13.577752149991351,13.59021361623668,13.428202670005696,13.490514755249023,4313100,0.0,0.0
2011-06-01 00:00:00-04:00,13.484287726221048,13.496750384943233,13.141572930892814,13.147804260253906,4547600,0.0,0.0
2011-06-02 00:00:00-04:00,13.135339766695958,13.253732631009674,13.122877109714643,13.197651863098145,3491400,0.0,0.0
2011-06-03 00:00:00-04:00,13.066795349121094,13.197650860475056,13.041871225556331,13.066795349121094,3302700,0.0,0.0
2011-06-06 00:00:00-04:00,13.054332711426502,13.079256832757117,12.904783229426066,12.911014556884766,2669800,0.0,0.0
2011-06-07 00:00:00-04:00,12.979557611495,13.010713059422756,12.798853874206541,12.798853874206543,3285600,0.0,0.0
2011-06-08 00:00:00-04:00,12.792628385644335,12.805089857400523,12.64308002802779,12.699159622192383,3443800,0.0,0.0
2011-06-09 00:00:00-04:00,12.71162228245327,12.786397055513891,12.599460717114686,12.699159622192383,2911200,0.0,0.0
2011-06-10 00:00:00-04:00,12.630613144183117,12.667999923959217,12.431215400704858,12.468602180480957,4330000,0.0,0.0
2011-06-13 00:00:00-04:00,12.524683079178795,12.568301187471013,12.443677002203835,12.499757766723633,4728400,0.0,0.0
2011-06-14 00:00:00-04:00,12.60568808764627,12.742774930445993,12.574532635285054,12.680462837219238,3365600,0.0,0.0
2011-06-15 00:00:00-04:00,12.562069689547327,12.580763673635998,12.331516494975197,12.406290054321289,4379600,0.0,0.0
2011-06-16 00:00:00-04:00,12.431211758838925,12.499753970264162,12.362668358909735,12.493522644042969,3848000,0.0,0.0
2011-06-17 00:00:00-04:00,12.580764889148444,12.705387896267364,12.481066008051544,12.686695098876953,6381500,0.0,0.0
2011-06-20 00:00:00-04:00,12.661767050914447,12.836240649420679,12.605686293841163,12.798853874206543,4553600,0.0,0.0
2011-06-21 00:00:00-04:00,12.973328590393068,13.091721452871948,12.923479151744756,12.973328590393066,5784400,0.0,0.0
2011-06-22 00:00:00-04:00,12.91724758670815,13.010715133898374,12.830011367797853,12.830011367797852,3429500,0.0,0.0
2011-06-23 00:00:00-04:00,12.724078121985515,12.823776973619747,12.549604537373579,12.742772102355957,4255400,0.0,0.0
2011-06-24 00:00:00-04:00,12.730309709899347,12.879857990418225,12.71784705606342,12.811314582824707,4918100,0.0,0.0
2011-06-27 00:00:00-04:00,12.823781155333561,13.035641581268003,12.817549826511437,12.992023468017578,3071900,0.0,0.0
2011-06-28 00:00:00-04:00,13.029409326984844,13.129108204048466,13.010715341846277,13.05433464050293,3120700,0.0,0.0
2011-06-29 00:00:00-04:00,13.12287530988311,13.278654935270863,13.12287530988311,13.241268157958984,2966800,0.0,0.0
2011-06-30 00:00:00-04:00,13.303580459690188,13.372122687779848,13.216343059887702,13.322273254394531,3154800,0.0,0.0
2011-07-01 00:00:00-04:00,13.291117686309086,13.397047879876183,13.24749958104691,13.359661102294922,3656500,0.0,0.0
2011-07-05 00:00:00-04:00,13.359663021928133,13.36589435050442,13.235038827411197,13.28488826751709,2346200,0.0,0.0
2011-07-06 00:00:00-04:00,13.253731954987046,13.372123624757668,13.210113846281626,13.328505516052246,2847700,0.0,0.0
2011-07-07 00:00:00-04:00,13.453127047380391,13.496745147477311,13.415740274226474,13.484282493591309,2030300,0.0,0.0
2011-07-08 00:00:00-04:00,13.334735791571262,13.365892429975837,13.291117686309086,13.359661102294922,1961900,0.0,0.0
2011-07-11 00:00:00-04:00,13.222573979408764,13.291117393886553,13.054332889742508,13.079257011413574,2962600,0.0,0.0
2011-07-12 00:00:00-04:00,13.054334813896322,13.197651803015832,13.048103485434034,13.073027610778809,3204600,0.0,0.0
2011-07-13 00:00:00-04:00,13.116643689656916,13.166493121128848,12.979558050235154,13.035638809204102,3838700,0.0,0.0
2011-07-14 00:00:00-04:00,13.048100869292865,13.08548764406618,12.537143922875705,12.543374061584473,8578600,0.0,0.0
2011-07-15 00:00:00-04:00,12.518451751065005,12.574532515584803,12.35020945750561,12.499757766723633,6090000,0.0,0.0
2011-07-18 00:00:00-04:00,12.456141513980095,12.456141513980095,12.262975067694509,12.443678855895996,5512300,0.0,0.0
2011-07-19 00:00:00-04:00,12.468602214507547,12.580763742646228,12.443676902252593,12.530914306640625,4627100,0.0,0.0
2011-07-20 00:00:00-04:00,12.549605369567871,12.586993332788039,12.499755940445121,12.549605369567871,3104500,0.0,0.0
2011-07-21 00:00:00-04:00,12.636842904619968,12.730310436717646,12.5558368385656,12.655535697937012,3821500,0.0,0.0
2011-07-22 00:00:00-04:00,12.65553775013301,12.755236625671387,12.57453285944721,12.755236625671387,2713800,0.0,0.0
2011-07-25 00:00:00-04:00,12.643072256513067,12.667996373209645,12.530910760118543,12.59945297241211,2798300,0.0,0.0
2011-07-26 00:00:00-04:00,12.568302265382211,12.66800114674483,12.518452824700903,12.60568904876709,2742300,0.0,0.0
2011-07-27 00:00:00-04:00,12.562069593516153,12.58699490544384,12.350209196147972,12.362671852111816,4212500,0.0,0.0
2011-07-28 00:00:00-04:00,12.393827172381622,12.456139263037244,12.238047539994707,12.256741523742676,3496600,0.0,0.0
2011-07-29 00:00:00-04:00,12.181969599577915,12.375137244213914,12.119658682990355,12.262975692749023,4818200,0.0,0.0
2011-08-01 00:00:00-04:00,12.331515088282755,12.35643920905352,12.044879974141928,12.100960731506348,5967200,0.0,0.0
2011-08-02 00:00:00-04:00,12.038647308923828,12.11965336656067,11.839249610900879,11.839249610900879,6404600,0.0,0.0
2011-08-03 00:00:00-04:00,11.851716268842424,12.013727250355508,11.7956354987608,11.995033264160156,4686500,0.0,0.0
2011-08-04 00:00:00-04:00,11.83924919207011,11.88909861481235,11.577539425547346,11.583770751953125,6530400,0.0,0.0
2011-08-05 00:00:00-04:00,11.708395840009524,11.733319959123172,11.353217337481386,11.515228271484375,6210300,0.0,0.0
2011-08-08 00:00:00-04:00,11.253518083223565,11.490303743142514,10.717637062072754,10.717637062072754,8784400,0.0,0.0
2011-08-09 00:00:00-04:00,11.085274548009286,11.471607208251953,10.680246723378675,11.471607208251953,9945800,0.0,0.0
2011-08-10 00:00:00-04:00,11.24105888124987,11.24105888124987,10.779950121953235,10.786181449890137,9982200,0.0,0.0
2011-08-11 00:00:00-04:00,10.77994919051655,11.602466579554397,10.773719051622239,11.452917098999023,7706900,0.0,0.0
2011-08-12 00:00:00-04:00,11.533923913577308,11.695934870916822,11.278445416216142,11.371912956237793,4113900,0.0,0.0
2011-08-15 00:00:00-04:00,11.459151383843233,11.646087688530992,11.43422725632089,11.633625030517578,3253600,0.0,0.0
2011-08-16 00:00:00-04:00,11.508999895205248,11.62739275973432,11.403069687680158,11.558849334716797,4569600,0.0,0.0
2011-08-17 00:00:00-04:00,11.52146117783198,11.565079283638402,11.284676665523879,11.396838188171387,5040400,0.0,0.0
2011-08-18 00:00:00-04:00,11.072816012844473,11.172514877607497,10.923267715699934,11.035428047180176,7128000,0.0,0.0
2011-08-19 00:00:00-04:00,10.910809605799619,11.228600315308894,10.879652954766525,10.885884284973145,7412400,0.0,0.0
2011-08-22 00:00:00-04:00,11.17251668330552,11.17251668330552,10.904575495261254,11.0728178024292,6925100,0.0,0.0
2011-08-23 00:00:00-04:00,11.091508236340127,11.365680694580078,11.022966013158257,11.365680694580078,6231000,0.0,0.0
2011-08-24 00:00:00-04:00,11.315834382202423,11.633625030517578,11.284678925673372,11.633625030517578,5761900,0.0,0.0
2011-08-25 00:00:00-04:00,11.658548746746847,11.727092174898049,11.234829085779209,11.334527969360352,6674100,0.0,0.0
2011-08-26 00:00:00-04:00,11.216132405132146,11.48407353608208,11.022966013158257,11.365680694580078,4368700,0.0,0.0
2011-08-29 00:00:00-04:00,11.50276880288972,11.77070999145508,11.50276880288972,11.770709991455078,4565400,0.0,0.0
2011-08-30 00:00:00-04:00,11.695935269359508,11.776940156536712,11.565079758067968,11.689703941345215,4544200,0.0,0.0
2011-08-31 00:00:00-04:00,11.783175573714805,11.995036045706359,11.770712913361253,11.951417922973633,5603100,0.0,0.0
2011-09-01 00:00:00-04:00,11.957645349785137,12.001263458279489,11.801865711731413,11.83302116394043,5324500,0.0,0.0
2011-09-02 00:00:00-04:00,11.59000578256161,11.68347333151284,11.403069496154785,11.403069496154785,5065500,0.0,0.0
2011-09-06 00:00:00-04:00,11.060353568929841,11.216133196661248,11.01050413559596,11.191207885742188,5192100,0.0,0.0
2011-09-07 00:00:00-04:00,11.415530267354919,11.546385765075684,11.315831406474418,11.546385765075684,6381700,0.0,0.0
2011-09-08 00:00:00-04:00,11.41553311665649,11.633624874957059,11.38437766054404,11.540157318115234,6104800,0.0,0.0
2011-09-09 00:00:00-04:00,11.390607613871177,11.459149846741905,11.184978538250345,11.241059303283691,5108700,0.0,0.0
2011-09-12 00:00:00-04:00,11.085278097554268,11.365680694580078,11.085278097554268,11.365680694580078,4497100,0.0,0.0
2011-09-13 00:00:00-04:00,11.415534825805997,11.43422881537504,11.222368354277817,11.390610694885254,5094800,0.0,0.0
2011-09-14 00:00:00-04:00,11.446688620397717,11.508999526412179,11.228596883834053,11.384376525878906,4773200,0.0,0.0
2011-09-15 00:00:00-04:00,11.509000421375132,11.540157065309515,11.253521883635397,11.334527969360352,7469800,0.0,0.0
2011-09-16 00:00:00-04:00,11.346988556065009,11.446688620397717,11.241059540438684,11.384376525878906,7989100,0.0,0.0
2011-09-19 00:00:00-04:00,11.19120689367991,11.297137078687086,11.128895998914388,11.203669548034668,4728200,0.0,0.0
2011-09-20 00:00:00-04:00,11.216132164001465,11.396837086014582,11.209900836845412,11.216132164001465,4365700,0.0,0.0
2011-09-21 00:00:00-04:00,11.222363721115453,11.265981823597468,10.761256198656204,10.767487525939941,6287900,0.0,0.0
2011-09-22 00:00:00-04:00,10.568090409042428,10.742564037037655,10.518240970830128,10.649096488952637,8342900,0.0,0.0
2011-09-23 00:00:00-04:00,10.624170319778171,10.755025827359788,10.568089557743802,10.692713737487793,6100300,0.0,0.0
2011-09-26 00:00:00-04:00,10.823571507649849,10.960657183221485,10.692715972713938,10.941963195800781,5269400,0.0,0.0
2011-09-27 00:00:00-04:00,11.07904739857386,11.27221380150251,10.979348533287832,11.091508865356445,5750800,0.0,0.0
2011-09-28 00:00:00-04:00,11.1039710639183,11.203669925103545,10.854723910955185,10.860955238342285,5027100,0.0,0.0
2011-09-29 00:00:00-04:00,11.110201979356841,11.32829367580214,10.960653693123984,11.216132164001465,6751800,0.0,0.0
2011-09-30 00:00:00-04:00,11.060354212679034,11.265983285712613,11.054122884586585,11.066585540771484,7342500,0.0,0.0
2011-10-03 00:00:00-04:00,10.99804069291749,11.172514291349701,10.748793544088727,10.767487525939941,5348400,0.0,0.0
2011-10-04 00:00:00-04:00,10.62416993223926,11.13512809974794,10.57432049986088,11.11020278930664,7200000,0.0,0.0
2011-10-05 00:00:00-04:00,11.085276150327436,11.378141350488917,10.973114655817609,11.315829277038574,4425300,0.0,0.0
2011-10-06 00:00:00-04:00,11.234828572143924,11.558849334716797,11.209903258135956,11.558849334716797,3959500,0.0,0.0
2011-10-07 00:00:00-04:00,11.558848857764305,11.608698295218918,11.272214889526367,11.272214889526367,6450600,0.0,0.0
2011-10-10 00:00:00-04:00,11.484074030078917,11.739552517438433,11.46538004740473,11.733321189880371,3810800,0.0,0.0
2011-10-11 00:00:00-04:00,11.646084682839641,11.66477747653093,11.452917098999023,11.452917098999023,6852100,0.0,0.0
2011-10-12 00:00:00-04:00,11.465379755634785,11.739552218691372,11.284676015066342,11.527691841125488,9299100,0.0,0.0
2011-10-13 00:00:00-04:00,11.403070209007112,11.446689510515249,11.203672441844827,11.334527969360352,5364800,0.0,0.0
2011-10-14 00:00:00-04:00,11.446686372540736,11.50276593924019,11.135127149633853,11.184976577758789,7261700,0.0,0.0
2011-10-17 00:00:00-04:00,11.141359948908077,11.197440717504453,10.99181162881921,11.029199600219727,6731800,0.0,0.0
2011-10-18 00:00:00-04:00,10.92950020621837,11.4093005982525,10.898343564849696,11.328295707702637,5602600,0.0,0.0
2011-10-19 00:00:00-04:00,11.234829079803914,11.496538946191334,11.228597751020352,11.265984535217285,5252000,0.0,0.0
2011-10-20 00:00:00-04:00,11.297139996639093,11.37191475357717,11.19744111305795,11.334527969360352,6658400,0.0,0.0
2011-10-21 00:00:00-04:00,11.471609253657087,11.596233404764682,11.378141734578383,11.583770751953125,7871600,0.0,0.0
2011-10-24 00:00:00-04:00,11.62739166007265,11.68970375069501,11.533924118391246,11.60246753692627,4410200,0.0,0.0
2011-10-25 00:00:00-04:00,11.552619123769986,11.627392688325903,11.396839477690053,11.508999824523926,6989800,0.0,0.0
2011-10-26 00:00:00-04:00,11.714627399783973,11.93271911388455,11.683471949985702,11.895332336425781,8858700,0.0,0.0
2011-10-27 00:00:00-04:00,12.23181815731059,12.300361586782694,12.076038500149961,12.244280815124512,8025100,0.0,0.0
2011-10-28 00:00:00-04:00,12.157041627307782,12.213122385310816,12.08849821452537,12.132116317749023,3166100,0.0,0.0
2011-10-31 00:00:00-04:00,11.945184576243971,12.007496678987668,11.833023029006219,11.84548568725586,5099600,0.0,0.0
2011-11-01 00:00:00-04:00,11.477841433916113,11.74578254677718,11.415529353726829,11.459147453308105,5867100,0.0,0.0
2011-11-02 00:00:00-04:00,11.646082808995404,11.708394884450156,11.46537790902702,11.590002059936523,3689000,0.0,0.0
2011-11-03 00:00:00-04:00,11.695936161989996,11.733322944424803,11.496538404331856,11.708398818969727,4601600,0.0,0.0
2011-11-04 00:00:00-04:00,11.571309886043725,11.596235195515934,11.471611025163224,11.546385765075684,3165200,0.0,0.0
2011-11-07 00:00:00-05:00,11.546386962529388,11.689703941345215,11.434225435280723,11.689703941345215,3787000,0.0,0.0
2011-11-08 00:00:00-05:00,11.820556824767332,12.013724404175873,11.758245929220474,11.988799095153809,4546100,0.0,0.0
2011-11-09 00:00:00-05:00,11.714627399783973,12.113424050526358,11.639853844866431,11.895332336425781,9153400,0.0,0.0
2011-11-10 00:00:00-05:00,12.038648524693786,12.125884729262708,11.901562890584888,11.988799095153809,5363000,0.0,0.0
2011-11-11 00:00:00-05:00,12.15704557687177,12.269207129316724,12.119658788891638,12.231819152832031,3140100,0.0,0.0
2011-11-14 00:00:00-05:00,12.10719387416557,12.231816873713559,12.032419123633307,12.057344436645508,3191100,0.0,0.0
2011-11-15 00:00:00-05:00,12.001262008078063,12.188197075752056,11.970105371129614,12.132116317749023,2552800,0.0,0.0
2011-11-16 00:00:00-05:00,11.970104989659589,12.08226650209123,11.808095236707373,11.87663745880127,5061100,0.0,0.0
2011-11-17 00:00:00-05:00,11.733324643970741,11.808099408175694,11.440459293552504,11.496540069580078,6029500,0.0,0.0
2011-11-18 00:00:00-05:00,11.57754135131836,11.61492812746784,11.484073816692566,11.57754135131836,3796200,0.0,0.0
2011-11-21 00:00:00-05:00,11.31583402458378,11.409301579721525,11.20990381182648,11.322065353393555,4767000,0.0,0.0
2011-11-22 00:00:00-05:00,11.278446083804482,11.34698831667521,11.216133990600282,11.241059303283691,3274100,0.0,0.0
2011-11-23 00:00:00-05:00,11.153819911586886,11.2099006666357,11.041658401489258,11.041658401489258,4411500,0.0,0.0
2011-11-25 00:00:00-05:00,11.047891447878147,11.110203539685713,10.941961248356574,10.954423904418945,2270800,0.0,0.0
2011-11-28 00:00:00-05:00,11.203669370490568,11.265981452772769,11.060352413194389,11.184976577758789,4902500,0.0,0.0
2011-11-29 00:00:00-05:00,11.234826140671734,11.234826140671734,11.128895956072348,11.141357421875,4599400,0.0,0.0
2011-11-30 00:00:00-05:00,11.346992668948001,11.776944969615496,11.309605874087065,11.752020835876465,6644200,0.0,0.0
2011-12-01 00:00:00-05:00,11.739550346585627,11.739550346585627,11.527690002805105,11.583770751953125,3769100,0.0,0.0
2011-12-02 00:00:00-05:00,11.677238252470787,11.745781654321414,11.558845427957156,11.590002059936523,3403900,0.0,0.0
2011-12-05 00:00:00-05:00,11.764479423365204,11.876640968946223,11.63362507919034,11.758249282836914,5201500,0.0,0.0
2011-12-06 00:00:00-05:00,11.776944969615496,11.801870291859306,11.658552065966955,11.752020835876465,4308000,0.0,0.0
2011-12-07 00:00:00-05:00,11.639852432564854,11.671007878582932,11.446686052543786,11.515228271484375,7120000,0.0,0.0
2011-12-08 00:00:00-05:00,11.465377648563473,11.508995743839716,11.334523362734748,11.359447479248047,6813400,0.0,0.0
2011-12-09 00:00:00-05:00,11.471612878992618,11.5339249742387,11.396839315500811,11.415532112121582,6724300,0.0,0.0
2011-12-12 00:00:00-05:00,11.309599718317463,11.384374455844526,11.17874541327527,11.284675598144531,5938900,0.0,0.0
2011-12-13 00:00:00-05:00,11.309601637989406,11.371913731754683,11.097741232290069,11.2099027633667,6330200,0.0,0.0
2011-12-14 00:00:00-05:00,11.18497817113143,11.745784614553513,11.135128735905118,11.571310997009277,10025000,0.0,0.0
2011-12-15 00:00:00-05:00,11.689702967470362,11.745783726422578,11.533923345604025,11.621159553527832,5766100,0.0,0.0
2011-12-16 00:00:00-05:00,11.708399790093578,11.8641794497478,11.59623824498182,11.633625030517578,9418300,0.0,0.0
2011-12-19 00:00:00-05:00,11.683473185659356,11.683473185659356,11.415532010440872,11.446688652038574,3745300,0.0,0.0
2011-12-20 00:00:00-05:00,11.60869997400924,11.77694229543802,11.515232413828086,11.764479637145996,4967000,0.0,0.0
2011-12-21 00:00:00-05:00,11.770711010471581,11.857948430338665,11.646087992597128,11.820560455322266,3752900,0.0,0.0
2011-12-22 00:00:00-05:00,11.833019356967661,11.882868785992375,11.752014480491553,11.87663745880127,3391600,0.0,0.0
2011-12-23 00:00:00-05:00,11.938951484482256,12.05111301516076,11.938951484482256,12.013726234436035,2687800,0.0,0.0
2011-12-27 00:00:00-05:00,11.98880027605623,12.16950521875326,11.945182169475366,12.138348579406738,3196600,0.0,0.0
2011-12-28 00:00:00-05:00,12.132117998673433,12.157043311685634,12.044881780139407,12.057344436645508,2393000,0.0,0.0
2011-12-29 00:00:00-05:00,12.107194110628155,12.20066165924072,12.063576000509249,12.200661659240723,3137200,0.0,0.0
2011-12-30 00:00:00-05:00,12.200661566819747,12.225586880129947,12.094731362260104,12.15704345703125,2462100,0.0,0.0
2012-01-03 00:00:00-05:00,12.343976472321142,12.44367533174946,12.013724446153894,12.051111221313477,4402700,0.0,0.0
2012-01-04 00:00:00-05:00,12.013723410926955,12.044878856124571,11.96387398550834,12.001260757446289,9985500,0.0,0.0
2012-01-05 00:00:00-05:00,11.938952588931175,12.119657558075277,11.8454850342207,12.107194900512695,3718900,0.0,0.0
2012-01-06 00:00:00-05:00,12.094731362260104,12.31905442803449,12.088500033932554,12.15704345703125,3224100,0.0,0.0
2012-01-09 00:00:00-05:00,12.144583805601023,12.231820046764964,12.100965685019052,12.181970596313477,10015200,0.0,0.0
2012-01-10 00:00:00-05:00,12.300359494656623,12.306590822503718,12.169505175380403,12.2255859375,4117000,0.0,0.0
2012-01-11 00:00:00-05:00,12.206894030187211,12.269206130752355,12.157044587435989,12.244280815124512,3121100,0.0,0.0
2012-01-12 00:00:00-05:00,12.306591854711547,12.36890394990463,12.200661649434615,12.275436401367188,10857900,0.0,0.0
2012-01-13 00:00:00-05:00,12.163272954697472,12.188197075752056,11.982568025908995,12.132116317749023,11908800,0.0,0.0
2012-01-17 00:00:00-05:00,12.256744470488492,12.368906022933446,12.225589011922477,12.231819152832031,12225100,0.0,0.0
2012-01-18 00:00:00-05:00,12.256743523663298,12.456141295493401,12.2318182079323,12.368905067443848,4792700,0.0,0.0
2012-01-19 00:00:00-05:00,12.4249819093187,12.973325608410653,12.4249819093187,12.935938835144043,8643000,0.0,0.0
2012-01-20 00:00:00-05:00,12.886091402814124,12.979558944702147,12.74900456544103,12.979558944702148,6158700,0.0,0.0
2012-01-23 00:00:00-05:00,12.967096097287286,12.99202140862482,12.830010450443625,12.892322540283203,4044300,0.0,0.0
2012-01-24 00:00:00-05:00,12.839567001731337,12.960334328747614,12.718798462362107,12.922197341918945,5041600,0.407,0.0
2012-01-25 00:00:00-05:00,12.890411779011636,13.100166944671697,12.852273594453452,13.068385124206543,5215700,0.0,0.0
2012-01-26 00:00:00-05:00,12.92219402478608,13.144661946826115,12.903124930090314,13.081099510192871,5876200,0.0,0.0
2012-01-27 00:00:00-05:00,12.96668587423496,13.042961031885975,12.871342836435566,12.98575496673584,5109700,0.0,0.0
2012-01-30 00:00:00-05:00,12.877705128326618,12.877705128326618,12.776005679547088,12.839568138122559,3485800,0.0,0.0
2012-01-31 00:00:00-05:00,12.864994487513366,12.979406689095581,12.845925383131911,12.890419960021973,4901700,0.0,0.0
2012-02-01 00:00:00-05:00,12.985762003720307,13.271791272117746,12.960336533274404,13.220941543579102,6122000,0.0,0.0
2012-02-02 00:00:00-05:00,13.240009120611635,13.335352199089945,13.157378775891239,13.322639465332031,4299500,0.0,0.0
2012-02-03 00:00:00-05:00,13.42433811216028,13.570530891418457,13.341706567464554,13.570530891418457,4777100,0.0,0.0
2012-02-06 00:00:00-05:00,13.487897540870646,13.55145997927576,13.405267219590872,13.443404197692871,4039800,0.0,0.0
2012-02-07 00:00:00-05:00,13.354420672814832,13.557819553980977,13.316283685684422,13.487900733947754,2562700,0.0,0.0
2012-02-08 00:00:00-05:00,13.468829818019323,13.570529235734726,13.443404357414126,13.557816505432129,2883700,0.0,0.0
2012-02-09 00:00:00-05:00,13.545105500150445,13.653161296778467,13.468831533326457,13.627737045288086,5074900,0.0,0.0
2012-02-10 00:00:00-05:00,13.513324882699257,13.634093411248891,13.417981817992848,13.627737045288086,5182100,0.0,0.0
2012-02-13 00:00:00-05:00,13.684940512958569,13.82477690033107,13.608665348349179,13.812064170837402,4224600,0.0,0.0
2012-02-14 00:00:00-05:00,13.792997690066493,13.850203766246475,13.64044734535138,13.837491035461426,8239400,0.0,0.0
2012-02-15 00:00:00-05:00,13.850203112142527,13.850203112142527,13.538747284381648,13.564172744750977,5843400,0.0,0.0
2012-02-16 00:00:00-05:00,13.615024960252725,13.716724395751953,13.506969158490683,13.716724395751953,5511700,0.0,0.0
2012-02-17 00:00:00-05:00,13.735792841916107,13.742149207876913,13.564174598032865,13.627737045288086,4757100,0.0,0.0
2012-02-21 00:00:00-05:00,13.665874551587551,13.7230806350708,13.595955735696272,13.7230806350708,11203900,0.0,0.0
2012-02-22 00:00:00-05:00,13.65951541699138,13.742146948543649,13.570528732875994,13.58324146270752,4527100,0.0,0.0
2012-02-23 00:00:00-05:00,13.60231355294443,13.697656631469727,13.551463830240738,13.697656631469727,3748800,0.0,0.0
2012-02-24 00:00:00-05:00,13.754862781367965,13.754862781367965,13.60866997949795,13.621382713317871,9030800,0.0,0.0
2012-02-27 00:00:00-05:00,13.595955215484052,13.704011012112074,13.50696851673845,13.627737045288086,3650500,0.0,0.0
2012-02-28 00:00:00-05:00,13.704015730793854,13.761221831785953,13.602316265108625,13.691304206848145,4147200,0.0,0.0
2012-02-29 00:00:00-05:00,13.67858893134127,13.761219277239062,13.576889484534892,13.615026473999023,5570900,0.0,0.0
2012-03-01 00:00:00-05:00,13.627737807272306,13.71672451099353,13.551462623830606,13.589599609375,7008900,0.0,0.0
2012-03-02 00:00:00-05:00,13.640450288058531,13.729438210398845,13.557819944835023,13.710369110107422,4942600,0.0,0.0
2012-03-05 00:00:00-05:00,13.691301790167808,13.85656248347085,13.589601130080714,13.850207328796387,5038100,0.0,0.0
2012-03-06 00:00:00-05:00,13.72943781459727,13.78664390146937,13.481544367367192,13.487900733947754,4437000,0.0,0.0
2012-03-07 00:00:00-05:00,13.487896793845604,13.532391346911734,13.45611618257955,13.494253158569336,2841800,0.0,0.0
2012-03-08 00:00:00-05:00,13.583244455411695,13.608668708323652,13.487900173021341,13.589599609375,4140600,0.0,0.0
2012-03-09 00:00:00-05:00,13.589599814909127,13.792999903045654,13.583244660849703,13.761218070983887,3107100,0.0,0.0
2012-03-12 00:00:00-04:00,13.786646133048517,13.901058325312073,13.742152772135613,13.894701957702637,2688100,0.0,0.0
2012-03-13 00:00:00-04:00,13.939193674028514,14.390484809875488,13.926480940309524,14.390484809875488,8143400,0.0,0.0
2012-03-14 00:00:00-04:00,14.320563187756836,14.587524459311314,14.276068632203861,14.523962020874023,6541200,0.0,0.0
2012-03-15 00:00:00-04:00,14.55574772986883,14.606597455950565,14.403198551623628,14.568460464477539,4616800,0.0,0.0
2012-03-16 00:00:00-04:00,14.555749028912055,14.619311495275197,14.339637370689296,14.3587064743042,5007200,0.0,0.0
2012-03-19 00:00:00-04:00,14.403198618652311,14.549391430273502,14.371417994335742,14.504898071289062,2300400,0.0,0.0
2012-03-20 00:00:00-04:00,14.454046317630754,14.568458488887801,14.422265697771767,14.511252403259277,3126300,0.0,0.0
2012-03-21 00:00:00-04:00,14.498539532928188,14.543032885250145,14.377772208726565,14.39684009552002,2921600,0.0,0.0
2012-03-22 00:00:00-04:00,14.33328100281766,14.390487101309168,14.23793790944955,14.3587064743042,2746800,0.0,0.0
2012-03-23 00:00:00-04:00,14.384127751358196,14.523965390836983,14.345990764388054,14.498539924621582,2341800,0.0,0.0
2012-03-26 00:00:00-04:00,14.587529432379345,14.708296772993323,14.574816697887425,14.695585250854492,3225300,0.0,0.0
2012-03-27 00:00:00-04:00,14.746434660660702,14.746434660660702,14.644735211609502,14.663803100585938,3034500,0.0,0.0
2012-03-28 00:00:00-04:00,14.829066474973413,14.854491945927316,14.485831103567985,14.74643611907959,7252900,0.0,0.0
2012-03-29 00:00:00-04:00,14.6320219039917,14.663802525942385,14.485829103253721,14.6320219039917,3648000,0.0,0.0
2012-03-30 00:00:00-04:00,14.708290552816019,14.784565715157473,14.638372967384976,14.733716011047363,2861000,0.0,0.0
2012-04-02 00:00:00-04:00,14.708297151076023,14.879915434069199,14.670160158973022,14.809996604919434,2328400,0.0,0.0
2012-04-03 00:00:00-04:00,14.809990627361495,14.822703357049132,14.536674213193066,14.62566089630127,4014000,0.0,0.0
2012-04-04 00:00:00-04:00,14.390478335908034,14.72735835378806,14.390478335908034,14.689221382141113,4725800,0.0,0.0
2012-04-05 00:00:00-04:00,14.63201531849446,14.72735835378806,14.581165618847708,14.689221382141113,3982400,0.0,0.0
2012-04-09 00:00:00-04:00,14.52396500896485,14.600238980899698,14.409552838709654,14.517608642578125,5479500,0.0,0.0
2012-04-10 00:00:00-04:00,14.492178329286755,14.612946825530694,14.434972263295023,14.460397720336914,5948000,0.0,0.0
2012-04-11 00:00:00-04:00,14.377775192260742,14.460405547669168,14.10445744287774,14.377775192260742,9408400,0.0,0.0
2012-04-12 00:00:00-04:00,14.314213111555963,14.37141921004747,14.199800914572949,14.3587064743042,5781800,0.0,0.0
2012-04-13 00:00:00-04:00,14.345985603021257,14.422260761872392,14.199792861938477,14.199792861938477,3925500,0.0,0.0
2012-04-16 00:00:00-04:00,14.288782643487329,14.403194800462055,14.269714758893397,14.371414184570312,2901900,0.0,0.0
2012-04-17 00:00:00-04:00,14.5366761303303,14.5366761303303,14.352345162607362,14.428620338439941,6352300,0.0,0.0
2012-04-18 00:00:00-04:00,14.43497266835061,14.43497266835061,14.269712042351076,14.365055084228516,3895500,0.0,0.0
2012-04-19 00:00:00-04:00,14.409550687195988,14.415907052633633,14.161658496891533,14.2252197265625,7144000,0.0,0.0
2012-04-20 00:00:00-04:00,14.257000383193969,14.33327433747783,13.500609931155251,13.58324146270752,23904000,0.0,0.0
2012-04-23 00:00:00-04:00,13.303568697861149,13.576886352739187,13.22093715867103,13.506967544555664,11841100,0.0,0.0
2012-04-24 00:00:00-04:00,13.532395306707297,13.659519001322556,13.430694653720945,13.60866928100586,4596600,0.0,0.0
2012-04-25 00:00:00-04:00,13.513327027192647,13.634095574907608,13.40527121341674,13.615026473999023,6277600,0.0,0.0
2012-04-26 00:00:00-04:00,13.627737679978067,13.640449200138853,13.46883216061567,13.595955848693848,4009600,0.0,0.0
2012-04-27 00:00:00-04:00,13.634097540255725,13.704015162293052,13.519685343017832,13.672234535217285,5345000,0.0,0.0
2012-04-30 00:00:00-04:00,13.583246172009424,13.672232886976444,13.475190355683877,13.538751602172852,2666600,0.0,0.0
2012-05-01 00:00:00-04:00,13.532392004830744,13.850202982353089,13.513322909732443,13.767571449279785,6705600,0.0,0.0
2012-05-02 00:00:00-04:00,13.735793316125912,13.869273368852536,13.634093881947662,13.799354553222656,7848800,0.0,0.0
2012-05-03 00:00:00-04:00,13.83113931036812,13.939195133587917,13.793002317570883,13.856563568115234,6102400,0.0,0.0
2012-05-04 00:00:00-04:00,13.76757576979182,13.881987951580884,13.659519955030264,13.850207328796387,5164600,0.0,0.0
2012-05-07 00:00:00-04:00,13.970975050063911,14.009113253279407,13.76757614899358,13.964618682861328,5803400,0.0,0.0
2012-05-08 00:00:00-04:00,13.862918599005514,13.996399879455566,13.824781609885367,13.996399879455566,6255000,0.0,0.0
2012-05-09 00:00:00-04:00,13.850209600829428,13.996402429384933,13.76757802826971,13.951909065246582,5682800,0.0,0.0
2012-05-10 00:00:00-04:00,14.053603926980614,14.098097276546987,13.97732874747194,14.002754211425781,4450100,0.0,0.0
2012-05-11 00:00:00-04:00,13.894699866047196,14.104455116170236,13.856561666131752,13.977330207824707,3040800,0.0,0.0
2012-05-14 00:00:00-04:00,13.837494975868912,14.040893876939242,13.793001617803911,13.964618682861328,5721900,0.0,0.0
2012-05-15 00:00:00-04:00,13.958257587174936,14.021820025315344,13.850203018394716,13.88833999633789,4801500,0.0,0.0
2012-05-16 00:00:00-04:00,13.72943640253026,13.77392975166511,13.53239390821042,13.570530891418457,14834600,0.0,0.0
2012-05-17 00:00:00-04:00,13.57688547493564,13.678584891707596,13.443404232702022,13.564172744750977,9266600,0.0,0.0
2012-05-18 00:00:00-04:00,13.634090968273588,13.653158850386554,13.500609731719694,13.545103073120117,7965600,0.0,0.0
2012-05-21 00:00:00-04:00,13.59595769389538,13.665876519856933,13.487901877569833,13.538751602172852,3064100,0.0,0.0
2012-05-22 00:00:00-04:00,13.583242718242486,13.627736064412817,13.424337217718302,13.506967544555664,3779400,0.0,0.0
2012-05-23 00:00:00-04:00,13.411627454701275,13.665876069334569,13.354421364864656,13.621382713317871,3559100,0.0,0.0
2012-05-24 00:00:00-04:00,13.672234535217285,13.723084265950437,13.532398078789422,13.672234535217285,2849800,0.0,0.0
2012-05-25 00:00:00-04:00,13.67858608157963,13.87562856717153,13.67858608157963,13.73579216003418,2793600,0.0,0.0
2012-05-29 00:00:00-04:00,13.818425493658843,13.894700685635902,13.748506668709293,13.850207328796387,3346600,0.0,0.0
2012-05-30 00:00:00-04:00,13.704011536458754,13.780286718554049,13.646805452975505,13.7230806350708,2777100,0.0,0.0
2012-05-31 00:00:00-04:00,13.729433853833791,13.907407217334681,13.659515053971235,13.812064170837402,5188800,0.0,0.0
2012-06-01 00:00:00-04:00,13.602312267494352,13.697655337009506,13.481543732853606,13.519681930541992,5300400,0.0,0.0
2012-06-04 00:00:00-04:00,13.532397281149763,13.589602164043672,13.367135362919745,13.411628723144531,3924400,0.0,0.0
2012-06-05 00:00:00-04:00,13.386198124363535,13.468829657995986,13.3289920510342,13.443404197692871,5852400,0.0,0.0
2012-06-06 00:00:00-04:00,13.513326353363583,13.977330207824707,13.449763899190819,13.977330207824707,5245400,0.0,0.0
2012-06-07 00:00:00-04:00,14.104451311012845,14.129875558411106,13.86927065772752,13.913763999938965,4224700,0.0,0.0
2012-06-08 00:00:00-04:00,13.862917016952457,13.939192198841159,13.856560650765658,13.920123100280762,3248400,0.0,0.0
2012-06-11 00:00:00-04:00,13.875630031840235,13.881986398156453,13.583244455411695,13.589599609375,4389400,0.0,0.0
2012-06-12 00:00:00-04:00,13.48790068818542,13.805711742017476,13.48790068818542,13.793000221252441,4963200,0.0,0.0
2012-06-13 00:00:00-04:00,13.462473341882488,13.53239214561767,13.144662361053733,13.182799339294434,7746600,0.0,0.0
2012-06-14 00:00:00-04:00,13.195515505194345,13.265434327134217,12.99847298523552,13.201871871948242,6717000,0.0,0.0
2012-06-15 00:00:00-04:00,13.24000815862023,13.284501511187111,13.138308720652232,13.18915843963623,4642300,0.0,0.0
2012-06-18 00:00:00-04:00,13.303572147508048,13.33535277091257,13.106529615223248,13.208229064941406,4183500,0.0,0.0
2012-06-19 00:00:00-04:00,13.240012398318088,13.367137342662318,13.214588136861233,13.348068237304688,3119900,0.0,0.0
2012-06-20 00:00:00-04:00,13.379844665527344,13.506969569950407,13.189158521245691,13.379844665527344,3971500,0.0,0.0
2012-06-21 00:00:00-04:00,13.430694617845852,13.437050984412581,13.087459309713223,13.10017204284668,2935200,0.0,0.0
2012-06-22 00:00:00-04:00,13.15738017406751,13.18280443193204,13.042967982794258,13.093817710876465,3488600,0.0,0.0
2012-06-25 00:00:00-04:00,13.042964413726464,13.042964413726464,12.890415271223283,12.960332870483398,2618500,0.0,0.0
2012-06-26 00:00:00-04:00,12.960335093573699,13.042966650990582,12.85227928088833,12.992116928100586,3472800,0.0,0.0
2012-06-27 00:00:00-04:00,13.036609973405906,13.220939759856938,12.896773541879158,13.201871871948242,2631900,0.0,0.0
2012-06-28 00:00:00-04:00,13.036607565789712,13.11288152804412,12.890414794508123,13.106526374816895,4773800,0.0,0.0
2012-06-29 00:00:00-04:00,13.322637734498025,13.348063198710658,13.042964902276244,13.240007400512695,5814000,0.0,0.0
2012-07-02 00:00:00-04:00,13.13830731857126,13.246363111424982,13.036607891456322,13.151020050048828,3875800,0.0,0.0
2012-07-03 00:00:00-04:00,13.151021453486464,13.227295425785996,13.081102635251117,13.18915843963623,1901200,0.0,0.0
2012-07-05 00:00:00-04:00,13.163735329268782,13.17644806437762,13.068392240658786,13.093817710876465,3008100,0.0,0.0
2012-07-06 00:00:00-04:00,12.998469191216502,13.093812239990047,12.934906754583258,13.081099510192871,2115800,0.0,0.0
2012-07-09 00:00:00-04:00,13.023893814097478,13.12559323070286,13.017537449015558,13.062030792236328,3239700,0.0,0.0
2012-07-10 00:00:00-04:00,13.144661231952892,13.157373961058685,12.992112119741082,13.05567455291748,3443500,0.0,0.0
2012-07-11 00:00:00-04:00,13.0302501791794,13.07474352240017,12.903125302246336,13.062030792236328,6003000,0.0,0.0
2012-07-12 00:00:00-04:00,12.394630052019929,12.706084712972958,12.331067604154383,12.41369915008545,12865200,0.0,0.0
2012-07-13 00:00:00-04:00,12.388277080488033,12.718800930072838,12.331070982969385,12.699731826782227,7830300,0.0,0.0
2012-07-16 00:00:00-04:00,12.6361665725708,12.731510855627228,12.572605333670412,12.6361665725708,4002700,0.0,0.0
2012-07-17 00:00:00-04:00,12.648878171638206,12.776003062751279,12.572604206852612,12.706084251403809,4321600,0.0,0.0
2012-07-18 00:00:00-04:00,12.623457201553434,12.776006383123631,12.617100834110534,12.731513023376465,4256600,0.0,0.0
2012-07-19 00:00:00-04:00,12.750577547297683,12.801427261063816,12.66794721706002,12.769646644592285,3440200,0.0,0.0
2012-07-20 00:00:00-04:00,12.718796603758939,12.820496028675977,12.68701477575188,12.725152969360352,3568700,0.0,0.0
2012-07-23 00:00:00-04:00,12.515398298711066,12.655234710970777,12.502685566954867,12.623454093933105,4794900,0.0,0.0
2012-07-24 00:00:00-04:00,12.60438637886414,12.610742745439465,12.318355944739332,12.407343864440918,4914400,0.0,0.0
2012-07-25 00:00:00-04:00,12.477256435384149,12.585312198840004,12.38826976395667,12.43276309967041,4028300,0.0,0.0
2012-07-26 00:00:00-04:00,12.617099437840151,12.706086147486777,12.426412072714962,12.451837539672852,5407400,0.0,0.0
2012-07-27 00:00:00-04:00,12.52175826478754,12.667951084958037,12.489976426259272,12.57260799407959,6297600,0.0,0.0
2012-07-30 00:00:00-04:00,12.61074078789088,12.642521403481279,12.528109247591404,12.604384422302246,3694000,0.0,0.0
2012-07-31 00:00:00-04:00,12.617098036120376,12.655235019967318,12.49632950619339,12.547179222106934,3369300,0.0,0.0
2012-08-01 00:00:00-04:00,12.623457022944097,12.636168545296913,12.489975733238097,12.559894561767578,4231400,0.0,0.0
2012-08-02 00:00:00-04:00,12.27386060263069,12.528109162689178,12.18487390969841,12.22936725616455,6487000,0.0,0.0
2012-08-03 00:00:00-04:00,12.458192251371658,12.572604412776794,12.331067358176432,12.439123153686523,4875400,0.0,0.0
2012-08-06 00:00:00-04:00,12.40098883467976,12.489975551621063,12.286576648696318,12.388276100158691,3921300,0.0,0.0
2012-08-07 00:00:00-04:00,12.381919663582563,12.66795012693993,12.381919663582563,12.585318565368652,4289700,0.0,0.0
2012-08-08 00:00:00-04:00,12.559890416270608,12.62345285646781,12.483615245563422,12.515397071838379,3989900,0.0,0.0
2012-08-09 00:00:00-04:00,12.509045529376232,12.648881981841077,12.509045529376232,12.57260799407959,2951300,0.0,0.0
2012-08-10 00:00:00-04:00,12.515394674855376,12.591668618601656,12.458188610869426,12.553531646728516,3027400,0.0,0.0
2012-08-13 00:00:00-04:00,12.534466490040334,12.566248320206833,12.48997314016009,12.547179222106934,2624800,0.0,0.0
2012-08-14 00:00:00-04:00,12.598031299818555,12.706087117936551,12.553537941596984,12.585318565368652,5567100,0.0,0.0
2012-08-15 00:00:00-04:00,12.617098685841853,12.858634545780928,12.604385953120605,12.6361665725708,7907600,0.0,0.0
2012-08-16 00:00:00-04:00,12.617100401493408,12.687018016261698,12.547181574372033,12.585318565368652,4082500,0.0,0.0
2012-08-17 00:00:00-04:00,12.585316205953875,12.70608473588086,12.48361677412679,12.547179222106934,3542400,0.0,0.0
2012-08-20 00:00:00-04:00,12.52175459152921,12.566247940063477,12.439123047948865,12.566247940063477,2297300,0.0,0.0
2012-08-21 00:00:00-04:00,12.57260799407959,12.712444446544435,12.540826155551324,12.57260799407959,3517800,0.0,0.0
2012-08-22 00:00:00-04:00,12.553533931704342,12.66794608050137,12.521753318084144,12.534464836120605,2734400,0.0,0.0
2012-08-23 00:00:00-04:00,12.534466217406528,12.547178949196617,12.43276678779148,12.439123153686523,3350400,0.0,0.0
2012-08-24 00:00:00-04:00,12.413701749708762,12.598031553532246,12.38827628029691,12.559894561767578,3597900,0.0,0.0
2012-08-27 00:00:00-04:00,12.55989140168805,12.725153274225724,12.55989140168805,12.64887809753418,3962600,0.0,0.0
2012-08-28 00:00:00-04:00,12.578960745139236,12.680660174483176,12.547178915748736,12.623454093933105,2735000,0.0,0.0
2012-08-29 00:00:00-04:00,12.60438129086838,12.623450382896756,12.413695219994505,12.43276309967041,3661700,0.0,0.0
2012-08-30 00:00:00-04:00,12.36920566498897,12.445480851539905,12.31200079051697,12.407343864440918,2507000,0.0,0.0
2012-08-31 00:00:00-04:00,12.451836133863633,12.553535565507364,12.343780336198064,12.41369915008545,4549100,0.0,0.0
2012-09-04 00:00:00-04:00,12.426410019528525,12.439122750906975,12.299286342802404,12.337423324584961,2828300,0.0,0.0
2012-09-05 00:00:00-04:00,12.381916672056743,12.381916672056743,12.292929977113179,12.337423324584961,2079500,0.0,0.0
2012-09-06 00:00:00-04:00,12.369203441391083,12.445478614230115,12.292929480904794,12.37555980682373,3379700,0.0,0.0
2012-09-07 00:00:00-04:00,12.42005415983609,12.426409312811092,12.311998373970223,12.32470989227295,3842200,0.0,0.0
2012-09-10 00:00:00-04:00,12.375564939897606,12.534470504565618,12.324715207697972,12.477264404296875,4223500,0.0,0.0
2012-09-11 00:00:00-04:00,12.426413021804134,12.610744034268457,12.36920692913266,12.585318565368652,4079000,0.0,0.0
2012-09-12 00:00:00-04:00,12.553534642644,12.87134564625524,12.553534642644,12.864989280700684,8052400,0.0,0.0
2012-09-13 00:00:00-04:00,12.839567638661874,13.151022339977688,12.725155460147286,13.131953239440918,8064800,0.0,0.0
2012-09-14 00:00:00-04:00,13.011185197523613,13.309928389060556,13.011185197523613,13.227296829223633,5508100,0.0,0.0
2012-09-17 00:00:00-04:00,13.176446404932655,13.328995569967196,13.151022150270062,13.201871871948242,5017300,0.0,0.0
2012-09-18 00:00:00-04:00,13.227295748296067,13.27814546851989,13.157378140708907,13.233652114868164,4204200,0.0,0.0
2012-09-19 00:00:00-04:00,13.316284310806095,13.373490400363684,13.182803031054046,13.322639465332031,5064300,0.0,0.0
2012-09-20 00:00:00-04:00,13.278149396680028,13.360780974209774,13.189162663051059,13.348068237304688,5170500,0.0,0.0
2012-09-21 00:00:00-04:00,13.475188578925113,13.519681930541992,13.322638212877381,13.519681930541992,11445300,0.0,0.0
2012-09-24 00:00:00-04:00,13.456118764194555,13.48789938155786,13.3607756997518,13.386199951171875,4193700,0.0,0.0
2012-09-25 00:00:00-04:00,13.424338378995692,13.526037811140498,13.240007400512695,13.240007400512695,4909400,0.0,0.0
2012-09-26 00:00:00-04:00,13.182799591097355,13.259074761388359,13.112880786026663,13.170086860656738,3749300,0.0,0.0
2012-09-27 00:00:00-04:00,13.220938444407153,13.386200326506351,13.189157826152753,13.354419708251953,3949500,0.0,0.0
2012-09-28 00:00:00-04:00,13.297211486369212,13.30356785146811,13.176442974195536,13.182799339294434,4185200,0.0,0.0
2012-10-01 00:00:00-04:00,13.240005949291213,13.348061735645308,13.16373077736661,13.278142929077148,4110400,0.0,0.0
2012-10-02 00:00:00-04:00,13.316284814755306,13.557820703531384,13.259078723032777,13.538751602172852,5948700,0.0,0.0
2012-10-03 00:00:00-04:00,13.576888980143165,13.773931499466114,13.475189537114998,13.653162956237793,6164200,0.0,0.0
2012-10-04 00:00:00-04:00,13.716727696554948,13.799358053149959,13.659521598776404,13.74215316772461,4431800,0.0,0.0
2012-10-05 00:00:00-04:00,13.831135376503713,13.94554753470736,13.735792315451606,13.862915992736816,4109700,0.0,0.0
2012-10-08 00:00:00-04:00,13.862919679345381,13.932838508475292,13.748507490715753,13.86927604675293,3350700,0.0,0.0
2012-10-09 00:00:00-04:00,13.894699661490463,14.072673075730522,13.761218388457461,13.793000221252441,6666900,0.0,0.0
2012-10-10 00:00:00-04:00,13.983690056114524,14.237938723755041,13.970977319644179,14.053608894348145,7480200,0.0,0.0
2012-10-11 00:00:00-04:00,14.110806047516784,14.168012113001913,14.002750280750707,14.021818161010742,4947500,0.0,0.0
2012-10-12 00:00:00-04:00,14.244289368416341,14.422263970428418,14.091740229128614,14.110809326171875,9475200,0.0,0.0
2012-10-15 00:00:00-04:00,13.945543932091686,14.110805760987137,13.86926877554283,14.098093032836914,7354200,0.0,0.0
2012-10-16 00:00:00-04:00,14.123522639791503,14.371416083441416,14.085385653211878,14.25064754486084,5273200,0.0,0.0
2012-10-17 00:00:00-04:00,14.30149741794752,14.64473393790768,14.237934964730496,14.619308471679688,9188700,0.0,0.0
2012-10-18 00:00:00-04:00,14.600236718142547,14.740074332272492,14.568456103487234,14.67015552520752,6370900,0.0,0.0
2012-10-19 00:00:00-04:00,14.670159916641008,14.670159916641008,14.492185269178387,14.568460464477539,5569700,0.0,0.0
2012-10-22 00:00:00-04:00,14.517613928478697,14.619313402989485,14.365064716712515,14.492188453674316,5547700,0.0,0.0
2012-10-23 00:00:00-04:00,14.384125778665142,14.454044588815606,14.276069986774784,14.428620338439941,5444100,0.0,0.0
2012-10-24 00:00:00-04:00,14.466754084597387,14.543028031018016,14.39683529008471,14.460397720336914,2777800,0.0,0.0
2012-10-25 00:00:00-04:00,14.536681137650358,14.57481813252696,14.320569479427599,14.3587064743042,4471300,0.0,0.0
2012-10-26 00:00:00-04:00,14.37777092988078,14.460401260792928,14.231576940801107,14.35234546661377,4146600,0.0,0.0
2012-10-31 00:00:00-04:00,14.31420935109339,14.415908785615844,14.12987836830089,14.174371719360352,8754600,0.0,0.0
2012-11-01 00:00:00-04:00,14.250646016977454,14.428620622522386,14.148946588766869,14.231576919555664,5819700,0.0,0.0
2012-11-02 00:00:00-04:00,14.066319022998453,14.358705871043403,13.964619566031466,14.028182029724121,11359100,0.0,0.0
2012-11-05 00:00:00-05:00,13.951905832917983,14.136235614836732,13.875630646099662,14.10445499420166,3901300,0.0,0.0
2012-11-06 00:00:00-05:00,14.18072885243985,14.26336040517852,14.091742145508627,14.244291305541992,3813700,0.0,0.0
2012-11-07 00:00:00-05:00,14.117159863822282,14.155298045439332,13.93918653235229,14.040885925292969,3556700,0.0,0.0
2012-11-08 00:00:00-05:00,14.059955016101494,14.256997438380012,13.951899259557972,14.040885925292969,15124600,0.0,0.0
2012-11-09 00:00:00-05:00,14.0154683980958,14.288786125845803,13.964618672864619,14.206155776977539,16046100,0.0,0.0
2012-11-12 00:00:00-05:00,14.218862699307461,14.225217851554698,14.079025102816564,14.148943901062012,16932200,0.0,0.0
2012-11-13 00:00:00-05:00,14.028176968489827,14.250644904973202,14.002752719597488,14.11716365814209,7101700,0.0,0.0
2012-11-14 00:00:00-05:00,14.206152789412153,14.371414664747057,13.96461573609467,14.212509155273438,12872900,0.0,0.0
2012-11-15 00:00:00-05:00,14.269711820203488,14.339629403237122,14.066311798384866,14.129874229431152,6346700,0.0,0.0
2012-11-16 00:00:00-05:00,14.136235193096148,14.345990435147485,14.05360485449838,14.333277702331543,5501300,0.0,0.0
2012-11-19 00:00:00-05:00,14.446347727450032,14.53946501486496,14.19360370414805,14.280068397521973,8338900,1.0,0.0
2012-11-20 00:00:00-05:00,14.246808184985722,14.406436135096941,14.240156861821482,14.36652946472168,4883900,0.0,0.0
2012-11-21 00:00:00-05:00,14.386486386588711,14.426394337283114,14.306673022421009,14.359882354736328,3779400,0.0,0.0
2012-11-23 00:00:00-05:00,14.45965381171273,14.546119794228355,14.386490483216573,14.512863159179688,1750600,0.0,0.0
2012-11-26 00:00:00-05:00,14.492909169038121,14.532815858967359,14.36653650421627,14.413094520568848,2844400,0.0,0.0
2012-11-27 00:00:00-05:00,14.366536315898692,14.433048310649443,14.200256963327204,14.226861000061035,4710400,0.0,0.0
2012-11-28 00:00:00-05:00,14.147048969603539,14.226862356022824,14.033978948333795,14.220211029052734,6380900,0.0,0.0
2012-11-29 00:00:00-05:00,14.286719047073808,14.393137711704444,14.193603032674638,14.359882354736328,8318100,0.0,0.0
2012-11-30 00:00:00-05:00,14.326627921088434,14.333277978022199,14.100487927021458,14.133743286132812,5848800,0.0,0.0
2012-12-03 00:00:00-05:00,14.233510104280734,14.266766730769522,14.040626745088106,14.073882102966309,3956100,0.0,0.0
2012-12-04 00:00:00-05:00,14.100488609984355,14.220208669750297,14.053929328918457,14.053929328918457,5352900,0.0,0.0
2012-12-05 00:00:00-05:00,14.087183607255579,14.386485609636269,14.060578308229482,14.319974899291992,4709400,0.0,0.0
2012-12-06 00:00:00-05:00,14.326626094492537,14.359881449363947,14.220206167960992,14.253462791442871,4329300,0.0,0.0
2012-12-07 00:00:00-05:00,14.293368739211795,14.353229389803934,14.233508088619656,14.286717414855957,4277900,0.0,0.0
2012-12-10 00:00:00-05:00,14.246808018248682,14.479599251831894,14.226854048989493,14.4064359664917,3634000,0.0,0.0
2012-12-11 00:00:00-05:00,14.466299366632374,14.472950690988212,14.273414766144281,14.286717414855957,5489400,0.0,0.0
2012-12-12 00:00:00-05:00,14.33992499818067,14.47960025545597,14.220203711547628,14.246809005737305,5450500,0.0,0.0
2012-12-13 00:00:00-05:00,14.22020745368522,14.253464080174007,14.053928127073036,14.073882102966309,4111100,0.0,0.0
2012-12-14 00:00:00-05:00,14.087188103172247,14.107140815199232,13.940861449049628,13.9608154296875,4204400,0.0,0.0
2012-12-17 00:00:00-05:00,14.01402022466297,14.153695506542816,13.987416194397102,14.14704418182373,5608600,0.0,0.0
2012-12-18 00:00:00-05:00,14.14704523155069,14.293370580396655,14.100487223672909,14.266766548156738,16281600,0.0,0.0
2012-12-19 00:00:00-05:00,14.273419015803327,14.379838968570999,14.200256963327204,14.226861000061035,6036400,0.0,0.0
2012-12-20 00:00:00-05:00,14.213560425801766,14.333280500841102,14.147048427261566,14.31332778930664,5092100,0.0,0.0
2012-12-21 00:00:00-05:00,14.1936075678948,14.359886943086996,14.007374210979595,14.100491523742676,6695500,0.0,0.0
2012-12-24 00:00:00-05:00,14.040626166356798,14.16034747956055,14.000718216215192,14.120439529418945,1148600,0.0,0.0
2012-12-26 00:00:00-05:00,14.13374258037313,14.166997937823899,14.067230596861025,14.113788604736328,2548600,0.0,0.0
2012-12-27 00:00:00-05:00,14.107137770442653,14.107137770442653,13.841091095746563,13.947509765625,3529100,0.0,0.0
2012-12-28 00:00:00-05:00,13.881001322500392,13.96746603021295,13.834442036766593,13.867698669433594,2220500,0.0,0.0
2012-12-31 00:00:00-05:00,13.834438705401164,14.040625972453718,13.761276668372997,14.033974647521973,4025100,0.0,0.0
2013-01-02 00:00:00-05:00,14.266766464253024,14.42639446258545,14.206905806302043,14.42639446258545,16179600,0.0,0.0
2013-01-03 00:00:00-05:00,14.439697764192887,14.705745732063987,14.359884388720142,14.652536392211914,5517100,0.0,0.0
2013-01-04 00:00:00-05:00,14.65253251463038,14.832113196225984,14.639229866035034,14.81216049194336,3785900,0.0,0.0
2013-01-07 00:00:00-05:00,14.738996698981548,14.792206022968074,14.546113375259273,14.645880699157715,3145700,0.0,0.0
2013-01-08 00:00:00-05:00,14.619279861450197,14.685791853870782,14.566070521235876,14.619279861450195,2396900,0.0,0.0
2013-01-09 00:00:00-05:00,14.619277153724397,14.758952438798588,14.586021797978901,14.632579803466797,1827800,0.0,0.0
2013-01-10 00:00:00-05:00,14.705740004278548,14.885320663452148,14.67248338694252,14.885320663452148,10668700,0.0,0.0
2013-01-11 00:00:00-05:00,14.93853414604946,14.958488122012383,14.832115478135048,14.858720779418945,10371400,0.0,0.0
2013-01-14 00:00:00-05:00,14.85207244643768,15.044957113775848,14.798863101760055,14.998397827148438,11352900,0.0,0.0
2013-01-15 00:00:00-05:00,14.925230210935347,15.078206861318083,14.905276238385714,15.06490421295166,2927200,0.0,0.0
2013-01-16 00:00:00-05:00,14.978442562125624,15.111465266835436,14.925233226519572,15.02500057220459,3264100,0.0,0.0
2013-01-17 00:00:00-05:00,14.971790837350358,15.118116189212328,14.858720843626374,15.031651496887207,4064900,0.0,0.0
2013-01-18 00:00:00-05:00,15.005048675487298,15.118118687899228,14.579373931635711,15.111467361450195,5789400,0.0,0.0
2013-01-22 00:00:00-05:00,15.07820726027268,15.264440536499023,15.051601962835887,15.264440536499023,5266300,0.0,0.0
2013-01-23 00:00:00-05:00,15.308217639163503,15.314952601030974,15.045560549145286,15.234135627746582,4413800,0.285,0.0
2013-01-24 00:00:00-05:00,15.26780998206983,15.38903673314568,15.213931568765307,15.261075019836426,3540700,0.0,0.0
2013-01-25 00:00:00-05:00,15.267807459228184,15.288012342589752,15.133110805942707,15.240867614746094,3031400,0.0,0.0
2013-01-28 00:00:00-05:00,15.220666973695197,15.254340501278914,15.112910143952021,15.139848709106445,2479400,0.0,0.0
2013-01-29 00:00:00-05:00,15.126377263279837,15.220665443246425,15.03882532962794,15.173521995544434,4119000,0.0,0.0
2013-01-30 00:00:00-05:00,15.193727353810457,15.240870806965885,15.106175410030772,15.126379013061523,3983700,0.0,0.0
2013-01-31 00:00:00-05:00,15.146581649780273,15.207195018990522,15.085968280570027,15.146581649780273,3800200,0.0,0.0
2013-02-01 00:00:00-05:00,15.234137178799307,15.328424085418394,15.186992440927002,15.274545669555664,4859100,0.0,0.0
2013-02-04 00:00:00-05:00,15.186992440927002,15.308219197758834,15.173523800383391,15.274545669555664,5381400,0.0,0.0
2013-02-05 00:00:00-05:00,15.321684205408559,15.476584440728715,15.247600925663116,15.456380844116211,3954200,0.0,0.0
2013-02-06 00:00:00-05:00,15.375560316284496,15.66515714722385,15.274538494565737,15.597808837890625,11523800,0.0,0.0
2013-02-07 00:00:00-05:00,15.65842747578366,15.685367322439568,15.490057287872007,15.624753952026367,4607500,0.0,0.0
2013-02-08 00:00:00-05:00,15.631483078468385,15.78638458251953,15.496787738089315,15.786384582519531,4226900,0.0,0.0
2013-02-11 00:00:00-05:00,15.840272770948612,15.887416233462142,15.732515918185399,15.86721134185791,3518600,0.0,0.0
2013-02-12 00:00:00-05:00,15.840267468811057,16.001902693852486,15.793124022077627,15.99516773223877,3048100,0.0,0.0
2013-02-13 00:00:00-05:00,16.001901128873527,16.493541717529297,15.900879283672849,16.493541717529297,7818200,0.0,0.0
2013-02-14 00:00:00-05:00,16.41945622349143,16.49353949947166,16.06924729286281,16.16353416442871,9200800,0.0,0.0
2013-02-15 00:00:00-05:00,16.18373758754371,16.38578123258403,16.15006279032888,16.291494369506836,5907200,0.0,0.0
2013-02-19 00:00:00-05:00,16.29823298808298,16.513746600394413,16.27802810521786,16.493541717529297,3340200,0.0,0.0
2013-02-20 00:00:00-05:00,16.446395933141943,16.58109256393458,16.29823066691986,16.365577697753906,3909400,0.0,0.0
2013-02-21 00:00:00-05:00,16.32517732511354,16.608039362522856,16.264563939628477,16.486812591552734,4118000,0.0,0.0
2013-02-22 00:00:00-05:00,16.560895086785198,16.6551819997496,16.513751630302995,16.648447036743164,2724600,0.0,0.0
2013-02-25 00:00:00-05:00,16.648440356119316,16.769667072464056,16.1904746165181,16.203943252563477,4891000,0.0,0.0
2013-02-26 00:00:00-05:00,16.271290826936426,16.432926013150226,16.230882351523544,16.365577697753906,2696300,0.0,0.0
2013-02-27 00:00:00-05:00,16.392521204071485,16.560891387938643,16.331907835114304,16.527217864990234,3032700,0.0,0.0
2013-02-28 00:00:00-05:00,16.56089085647775,16.60129933963159,16.405990600585938,16.405990600585938,3517300,0.0,0.0
2013-03-01 00:00:00-05:00,16.3588515522962,16.45313846651393,16.230889822598666,16.44640350341797,2918100,0.0,0.0
2013-03-04 00:00:00-05:00,16.4396629771736,16.51374626159668,16.30496632996118,16.51374626159668,3412500,0.0,0.0
2013-03-05 00:00:00-05:00,16.581099496713236,16.715794899261542,16.500281227534007,16.601303100585938,2528000,0.0,0.0
2013-03-06 00:00:00-05:00,16.67538474972446,16.742733086586824,16.621506337147107,16.661914825439453,1978600,0.0,0.0
2013-03-07 00:00:00-05:00,16.715793838342982,16.77640721523969,16.628241896471472,16.70232391357422,2411800,0.0,0.0
2013-03-08 00:00:00-05:00,16.735994451631274,16.762933009726783,16.648441247555468,16.729259490966797,1549800,0.0,0.0
2013-03-11 00:00:00-04:00,16.702323826216595,16.816815617026812,16.648445411986067,16.78314208984375,2088100,0.0,0.0
2013-03-12 00:00:00-04:00,16.769668579101562,16.823546981810676,16.69558657822806,16.769668579101562,3371900,0.0,0.0
2013-03-13 00:00:00-04:00,16.810084472562668,17.092946532656896,16.567632195741194,17.04580307006836,4338200,0.0,0.0
2013-03-14 00:00:00-04:00,16.850489081804437,17.092941284179688,16.843754119993648,17.092941284179688,6251900,0.0,0.0
2013-03-15 00:00:00-04:00,16.890896561134333,17.00538833596691,16.735996302408655,16.924570083618164,4610600,0.0,0.0
2013-03-18 00:00:00-04:00,16.709060572956957,16.924574252894175,16.709060572956957,16.789878845214844,2777400,0.0,0.0
2013-03-19 00:00:00-04:00,16.8504863724521,16.897629812984903,16.66191132575847,16.796607971191406,2902400,0.0,0.0
2013-03-20 00:00:00-04:00,16.823552375993962,16.924574252894175,16.769673956009658,16.789878845214844,2443800,0.0,0.0
2013-03-21 00:00:00-04:00,16.76966797039126,16.857221174467067,16.69558597220681,16.729259490966797,2745800,0.0,0.0
2013-03-22 00:00:00-04:00,16.74946403503418,16.78987251364339,16.709054271862595,16.74946403503418,2981400,0.0,0.0
2013-03-25 00:00:00-04:00,16.843751139770838,16.850486100389986,16.64170617488358,16.735994338989258,3261100,0.0,0.0
2013-03-26 00:00:00-04:00,16.78313888147377,16.877425767212046,16.71579055541966,16.82354736328125,2845100,0.0,0.0
2013-03-27 00:00:00-04:00,16.769674433334004,16.85722767115236,16.66865255355835,16.83702278137207,2303600,0.0,0.0
2013-03-28 00:00:00-04:00,16.863961479940507,17.03906537446418,16.81008177754823,17.018861770629883,2099100,0.0,0.0
2013-04-01 00:00:00-04:00,17.059272997825943,17.092946532656896,16.964986072648873,17.04580307006836,2181600,0.0,0.0
2013-04-02 00:00:00-04:00,17.12661825764552,17.294988470505483,17.045799990265117,17.15355682373047,3315500,0.0,0.0
2013-04-03 00:00:00-04:00,17.17376458137161,17.20743811574518,17.012129304165086,17.05927276611328,3059000,0.0,0.0
2013-04-04 00:00:00-04:00,17.059265249516066,17.126613573151403,16.924568602245387,17.05253028869629,4170000,0.0,0.0
2013-04-05 00:00:00-04:00,16.89763325836233,17.092942021044312,16.823549959812606,17.08620834350586,2632400,0.0,0.0
2013-04-08 00:00:00-04:00,17.066003719062422,17.288252333559083,17.045798832449016,17.26131248474121,5618000,0.0,0.0
2013-04-09 00:00:00-04:00,17.28825023376901,17.463355376129233,17.173758459324347,17.34886360168457,4170800,0.0,0.0
2013-04-10 00:00:00-04:00,17.241107416515504,17.2815159017433,16.74946677846247,17.11988067626953,5673600,0.0,0.0
2013-04-11 00:00:00-04:00,17.13334853750319,17.402740547537647,17.119878615860856,17.321922302246094,3600200,0.0,0.0
2013-04-12 00:00:00-04:00,17.2747815793745,17.328659989859556,17.18049468216631,17.234373092651367,2040900,0.0,0.0
2013-04-15 00:00:00-04:00,17.20743029909328,17.22090022054905,16.78987301046352,16.796607971191406,2951700,0.0,0.0
2013-04-16 00:00:00-04:00,16.86396083871572,16.93130789501969,16.7562027225913,16.830286026000977,2770800,0.0,0.0
2013-04-17 00:00:00-04:00,16.749467444268983,16.857224265534928,16.608035813505786,16.621505737304688,4961000,0.0,0.0
2013-04-18 00:00:00-04:00,16.641709158988974,16.69558885360358,16.453135366088325,16.480073928833008,4100700,0.0,0.0
2013-04-19 00:00:00-04:00,16.56089296242725,16.67538474972446,16.52721943627741,16.661914825439453,3072200,0.0,0.0
2013-04-22 00:00:00-04:00,16.668651850862005,16.837022071577785,16.614773431615472,16.803348541259766,2741800,0.0,0.0
2013-04-23 00:00:00-04:00,16.90437268230275,17.04580307006836,16.81681943644146,17.04580307006836,2402300,0.0,0.0
2013-04-24 00:00:00-04:00,17.07947765747522,17.153559690009672,17.045802838538656,17.05927276611328,2059600,0.0,0.0
2013-04-25 00:00:00-04:00,17.133358468518963,17.220910440817036,17.059275141107626,17.10641860961914,2772400,0.0,0.0
2013-04-26 00:00:00-04:00,17.113146387134332,17.200699607224823,16.944776193412377,16.964981079101562,2644400,0.0,0.0
2013-04-29 00:00:00-04:00,16.985187300691578,17.072740534289725,16.917840240462645,16.9986572265625,2291600,0.0,0.0
2013-04-30 00:00:00-04:00,16.96498312415495,17.045800107528542,16.917839669759893,17.032331466674805,2911700,0.0,0.0
2013-05-01 00:00:00-04:00,17.012124381002344,17.099676315774644,16.80334570226638,16.897632598876953,3123700,0.0,0.0
2013-05-02 00:00:00-04:00,16.83702458178991,17.14009153808734,16.783146154510703,16.917842864990234,2042900,0.0,0.0
2013-05-03 00:00:00-04:00,17.045800292765108,17.092943747672475,16.85049151035419,16.870695114135742,3005100,0.0,0.0
2013-05-06 00:00:00-04:00,16.870695044444417,17.05253518510407,16.823551589731796,17.025596618652344,2079600,0.0,0.0
2013-05-07 00:00:00-04:00,17.072737229410006,17.17375908476079,17.072737229410006,17.11988067626953,1933200,0.0,0.0
2013-05-08 00:00:00-04:00,17.08620578191023,17.26130963203694,17.03906105427037,17.241106033325195,1881600,0.0,0.0
2013-05-09 00:00:00-04:00,17.2680467316191,17.31519018053477,17.180494795713237,17.227638244628906,1911700,0.0,0.0
2013-05-10 00:00:00-04:00,17.247840302338137,17.362332067173085,17.21416549823231,17.321922302246094,2484400,0.0,0.0
2013-05-13 00:00:00-04:00,17.288253440340164,17.35560178213374,17.193966532566826,17.30845832824707,1965000,0.0,0.0
2013-05-14 00:00:00-04:00,17.308456494280474,17.61152207339522,17.294986570436446,17.57111358642578,3808100,0.0,0.0
2013-05-15 00:00:00-04:00,17.537437508133436,17.7327462371866,17.537437508133436,17.726011276245117,2730300,0.0,0.0
2013-05-16 00:00:00-04:00,17.672134021705084,17.773155873267342,17.584582092901133,17.618255615234375,2005000,0.0,0.0
2013-05-17 00:00:00-04:00,17.651926888432783,17.74621505116462,17.591314812868394,17.638458251953125,2938700,0.0,0.0
2013-05-20 00:00:00-04:00,17.63172699080465,17.76642237579873,17.62499202887055,17.64519691467285,2245700,0.0,0.0
2013-05-21 00:00:00-04:00,17.618254046156384,17.66539748704935,17.47682372347748,17.59804916381836,2870800,0.0,0.0
2013-05-22 00:00:00-04:00,17.577846446043807,17.68560325478306,17.2747796186131,17.42967987060547,3436900,0.0,0.0
2013-05-23 00:00:00-04:00,17.31518928348572,17.49702939236496,17.29498568331863,17.396007537841797,2961200,0.0,0.0
2013-05-24 00:00:00-04:00,17.308453933392247,17.40274081722485,17.247840569624877,17.382535934448242,1950600,0.0,0.0
2013-05-28 00:00:00-04:00,17.51723537212162,17.618257232959802,17.369070061863127,17.48356056213379,3123500,0.0,0.0
2013-05-29 00:00:00-04:00,17.409478913003728,17.51050077595246,17.28151720150191,17.422948837280273,2638400,0.0,0.0
2013-05-30 00:00:00-04:00,17.416213616822496,17.463357066528484,17.315190470809473,17.362335205078125,4930700,0.0,0.0
2013-05-31 00:00:00-04:00,17.362334651625936,17.416213061652847,17.167024612426758,17.167024612426758,4082300,0.0,0.0
2013-06-03 00:00:00-04:00,17.187232197586916,17.207435801668854,16.83028687223973,16.93130874633789,4973900,0.0,0.0
2013-06-04 00:00:00-04:00,16.924572587404832,17.00539085170967,16.816815758040207,16.85049057006836,2401500,0.0,0.0
2013-06-05 00:00:00-04:00,16.769672107565988,16.769672107565988,16.44640162329278,16.520484924316406,4884100,0.0,0.0
2013-06-06 00:00:00-04:00,17.32192877710336,17.32192877710336,16.291503792983132,16.486812591552734,3413500,0.0,0.0
2013-06-07 00:00:00-04:00,16.54068562104128,16.722525718212257,16.49354217760343,16.695587158203125,4041200,0.0,0.0
2013-06-10 00:00:00-04:00,16.722529653955224,16.756203183032518,16.601302893976495,16.68885612487793,2938100,0.0,0.0
2013-06-11 00:00:00-04:00,16.547424682654054,16.7831432428171,16.49354626472217,16.601303100585938,3478200,0.0,0.0
2013-06-12 00:00:00-04:00,16.72252986207338,17.045800369664686,16.5743645339014,16.601303100585938,3343200,0.0,0.0
2013-06-13 00:00:00-04:00,16.567630069347913,16.749470217047776,16.500281723766907,16.722530364990234,3665700,0.0,0.0
2013-06-14 00:00:00-04:00,16.6686508690328,16.72926424768521,16.60130252780092,16.634977340698242,2137900,0.0,0.0
2013-06-17 00:00:00-04:00,16.76293734335789,16.89089905993941,16.71579389108121,16.85049057006836,3098100,0.0,0.0
2013-06-18 00:00:00-04:00,16.8504905979301,17.0660042570157,16.823550748263035,17.039064407348633,1811900,0.0,0.0
2013-06-19 00:00:00-04:00,16.99865407984992,17.173759230068722,16.843753814697266,16.843753814697266,2659000,0.0,0.0
2013-06-20 00:00:00-04:00,16.749465024196304,16.83028198618748,16.51374653002422,16.574359893798828,3221900,0.0,0.0
2013-06-21 00:00:00-04:00,16.614767138857157,16.668645537697525,16.372313701794333,16.53394889831543,4166400,0.0,0.0
2013-06-24 00:00:00-04:00,16.379049838311325,16.39925472103815,16.156801266566042,16.230884552001953,4335300,0.0,0.0
2013-06-25 00:00:00-04:00,16.352116226122597,16.48681163136249,16.298237807114074,16.39252471923828,3052500,0.0,0.0
2013-06-26 00:00:00-04:00,16.513750018691105,16.823550579375965,16.493545131643636,16.78314208984375,2728500,0.0,0.0
2013-06-27 00:00:00-04:00,16.877434134794115,17.079479213127414,16.85723052615496,17.005395889282227,2289900,0.0,0.0
2013-06-28 00:00:00-04:00,16.99191897439183,17.146819238233867,16.85722359544498,17.11988067626953,8520800,0.0,0.0
2013-07-01 00:00:00-04:00,17.160289796523426,17.308456388779305,17.146819872761505,17.234373092651367,2513800,0.0,0.0
2013-07-02 00:00:00-04:00,17.22763257827452,17.335389364514434,17.06599739891465,17.146814346313477,1764700,0.0,0.0
2013-07-03 00:00:00-04:00,17.059268865280973,17.187230578853754,17.012125414112763,17.140087127685547,939200,0.0,0.0
2013-07-05 00:00:00-04:00,17.27478083366,17.483559504706747,17.2074325023203,17.470090866088867,1239200,0.0,0.0
2013-07-08 00:00:00-04:00,17.557642247384514,17.685603944463395,17.49702887953465,17.618255615234375,1810000,0.0,0.0
2013-07-09 00:00:00-04:00,17.746218512817197,17.87418021855249,17.443151653065883,17.584583282470703,5271600,0.0,0.0
2013-07-10 00:00:00-04:00,17.584583021318636,17.651930069540857,17.463356279218473,17.523969650268555,3087100,0.0,0.0
2013-07-11 00:00:00-04:00,17.497023351942715,17.497023351942715,17.045791358591053,17.33538818359375,5185800,0.0,0.0
2013-07-12 00:00:00-04:00,17.38253669242514,17.503763425246053,17.308454688138752,17.490293502807617,2807700,0.0,0.0
2013-07-15 00:00:00-04:00,17.52397044031123,17.557643965940464,17.268047021103484,17.362335205078125,3089300,0.0,0.0
2013-07-16 00:00:00-04:00,17.38253279823033,17.503759503892923,17.288245931409296,17.301715850830078,2930400,0.0,0.0
2013-07-17 00:00:00-04:00,17.33539592722577,17.402744265262523,17.301722400488742,17.32866096496582,2210100,0.0,0.0
2013-07-18 00:00:00-04:00,17.355598132110774,17.523968308903708,17.348863170891555,17.490293502807617,3375400,0.0,0.0
2013-07-19 00:00:00-04:00,17.550906369231114,17.746216385336965,17.4229459633988,17.712541580200195,2751500,0.0,0.0
2013-07-22 00:00:00-04:00,17.699073321788838,17.773155325551485,17.62499003346369,17.766420364379883,1488200,0.0,0.0
2013-07-23 00:00:00-04:00,17.793362191601652,17.793362191601652,17.530705099456345,17.57111358642578,5498300,0.0,0.0
2013-07-24 00:00:00-04:00,17.591317340393843,17.611520940297375,17.348863865051012,17.40947723388672,2800400,0.0,0.0
2013-07-25 00:00:00-04:00,17.35559942704253,17.48355984606751,17.321924618433904,17.449886322021484,1999700,0.0,0.0
2013-07-26 00:00:00-04:00,17.362334647822745,17.53070483969028,17.288251352340993,17.510499954223633,1430500,0.0,0.0
2013-07-29 00:00:00-04:00,17.456621998706176,17.53744025811432,17.38927366329317,17.48356056213379,1438700,0.0,0.0
2013-07-30 00:00:00-04:00,17.53070457811959,17.62499147309854,17.396007912810283,17.449886322021484,2210000,0.0,0.0
2013-07-31 00:00:00-04:00,17.510497933852328,17.6182547414495,17.4835580896718,17.51723289489746,3363600,0.0,0.0
2013-08-01 00:00:00-04:00,17.54417498620623,17.82703698423032,17.54417498620623,17.800098419189453,2412600,0.0,0.0
2013-08-02 00:00:00-04:00,17.72601388875677,17.76642237579873,17.61152210500235,17.64519691467285,2875100,0.0,0.0
2013-08-05 00:00:00-04:00,17.571111298696046,17.651928262112687,17.47008945214401,17.51723289489746,6405400,0.0,0.0
2013-08-06 00:00:00-04:00,17.490295524131355,17.584583707534627,17.443152074711044,17.48356056213379,4106100,0.0,0.0
2013-08-07 00:00:00-04:00,17.396005201711667,17.396005201711667,17.22090007792405,17.268043518066406,3670400,0.0,0.0
2013-08-08 00:00:00-04:00,17.301721915021506,17.409478739031698,17.24784350301641,17.281517028808594,3284600,0.0,0.0
2013-08-09 00:00:00-04:00,17.274778861060366,17.38253566507415,17.21416549823231,17.321922302246094,2267800,0.0,0.0
2013-08-12 00:00:00-04:00,17.207432643244786,17.281515936781435,17.07947222567023,17.1939640045166,2607600,0.0,0.0
2013-08-13 00:00:00-04:00,17.193957892999205,17.362328020599644,17.113139666543656,17.33538818359375,2745700,0.0,0.0
2013-08-14 00:00:00-04:00,17.63171996784792,17.63171996784792,17.214161486191493,17.33538818359375,2502100,0.0,0.0
2013-08-15 00:00:00-04:00,17.227636999514964,17.274780445023378,17.0323282560426,17.072736740112305,2434300,0.0,0.0
2013-08-16 00:00:00-04:00,17.018861979235705,17.133353779097042,16.904370179374364,16.93130874633789,7185100,0.0,0.0
2013-08-19 00:00:00-04:00,16.88416409753378,16.978451002087144,16.8370206452571,16.85049057006836,2825400,0.0,0.0
2013-08-20 00:00:00-04:00,16.863965490555717,17.059274319925148,16.80335209551204,17.005395889282227,2787300,0.0,0.0
2013-08-21 00:00:00-04:00,16.97844696044922,17.133348489779696,16.870690156735584,16.97844696044922,2876300,0.0,0.0
2013-08-22 00:00:00-04:00,16.985179166953607,17.173754185154564,16.951505652964464,17.146814346313477,1264400,0.0,0.0
2013-08-23 00:00:00-04:00,17.140086049694613,17.200699421545213,17.079472677844013,17.167024612426758,1749100,0.0,0.0
2013-08-26 00:00:00-04:00,17.193962323096578,17.281514246799592,17.09293919285757,17.180492401123047,2460100,0.0,0.0
2013-08-27 00:00:00-04:00,17.052534651667244,17.07273953929609,16.830286026000977,16.830286026000977,3207200,0.0,0.0
2013-08-28 00:00:00-04:00,16.803349249634486,16.91784105593033,16.756204506813813,16.83702278137207,2395500,0.0,0.0
2013-08-29 00:00:00-04:00,16.78314096158682,17.01885948971008,16.74273247477109,16.964981079101562,1743600,0.0,0.0
2013-08-30 00:00:00-04:00,16.938041313701977,16.971716123347345,16.830284491962086,16.88416290283203,1809800,0.0,0.0
2013-09-03 00:00:00-04:00,17.04580439112364,17.200706003214773,16.897639027996377,17.005395889282227,1485300,0.0,0.0
2013-09-04 00:00:00-04:00,17.018856769159832,17.140083494790957,16.94477348470472,17.05253028869629,1359100,0.0,0.0
2013-09-05 00:00:00-04:00,17.03232919700784,17.19396442677888,17.03232919700784,17.092941284179688,1152100,0.0,0.0
2013-09-06 00:00:00-04:00,17.12661612604723,17.274781432480573,16.985184496874957,17.167024612426758,2312400,0.0,0.0
2013-09-09 00:00:00-04:00,17.180494275965476,17.49702976951096,17.180494275965476,17.449886322021484,2418500,0.0,0.0
2013-09-10 00:00:00-04:00,17.523970105818005,17.577848516533958,17.375803512927163,17.49703025817871,2062900,0.0,0.0
2013-09-11 00:00:00-04:00,17.503764988714767,17.860710257841305,17.4768264259942,17.853975296020508,4491000,0.0,0.0
2013-09-12 00:00:00-04:00,17.80683112251258,17.80683112251258,17.44988586792548,17.476825714111328,3513700,0.0,0.0
2013-09-13 00:00:00-04:00,17.54417298854955,17.598051397059177,17.402742647922754,17.463356018066406,2203700,0.0,0.0
2013-09-16 00:00:00-04:00,17.63846479856878,17.678873292130337,17.57785141594502,17.665403366088867,1505700,0.0,0.0
2013-09-17 00:00:00-04:00,17.678867834217197,17.766419757331555,17.497027742484544,17.726011276245117,2178800,0.0,0.0
2013-09-18 00:00:00-04:00,17.726013153762867,18.042549928727443,17.645196183029956,17.995405197143555,3741400,0.0,0.0
2013-09-19 00:00:00-04:00,18.035813741771022,18.231122478242334,18.015608858179164,18.183979034423828,2702100,0.0,0.0
2013-09-20 00:00:00-04:00,18.237865324300834,18.298478716719185,18.143578395900317,18.170516967773438,3279100,0.0,0.0
2013-09-23 00:00:00-04:00,18.07623003937292,18.19745682420962,18.02908657517266,18.170516967773438,3686700,0.0,0.0
2013-09-24 00:00:00-04:00,18.13009933430821,18.31867438067412,18.103159491443474,18.22438621520996,3441800,0.0,0.0
2013-09-25 00:00:00-04:00,18.210921561711746,18.47357866428325,18.163776826386243,18.365821838378906,4593300,0.0,0.0
2013-09-26 00:00:00-04:00,18.365824110290124,18.554397936668565,18.33214929517765,18.419702529907227,3254300,0.0,0.0
2013-09-27 00:00:00-04:00,18.32540897675937,18.439900745557136,18.278265533941905,18.399492263793945,4596700,0.0,0.0
2013-09-30 00:00:00-04:00,18.244593644873284,18.379290308879998,18.13683682749295,18.33888053894043,4527100,0.0,0.0
2013-10-01 00:00:00-04:00,18.372559073312615,18.480315912546825,18.291740801605535,18.419702529907227,3269200,0.0,0.0
2013-10-02 00:00:00-04:00,18.143569344483502,18.3725528717041,18.116629501487,18.3725528717041,3311800,0.0,0.0
2013-10-03 00:00:00-04:00,18.305208206176758,18.352351656277534,18.170511533406533,18.305208206176758,11752000,0.0,0.0
2013-10-04 00:00:00-04:00,18.28500583858304,18.426437492929722,18.231127418965936,18.419702529907227,5949400,0.0,0.0
2013-10-07 00:00:00-04:00,18.1772493328293,18.338884594645982,18.157044443391136,18.21092414855957,2531800,0.0,0.0
2013-10-08 00:00:00-04:00,18.210916952034044,18.231120548925347,17.91458511352539,17.91458511352539,3675200,0.0,0.0
2013-10-09 00:00:00-04:00,17.880913630972838,18.029080220017786,17.66539999370303,17.86744499206543,4291100,0.0,0.0
2013-10-10 00:00:00-04:00,18.015612044729377,18.143573760986328,17.934793780629533,18.143573760986328,3577000,0.0,0.0
2013-10-11 00:00:00-04:00,18.076225138805988,18.08296010108915,17.928059822264622,18.00887680053711,5056100,0.0,0.0
2013-10-14 00:00:00-04:00,17.934795170656503,18.042553292662276,17.78662984031316,18.022348403930664,2427000,0.0,0.0
2013-10-15 00:00:00-04:00,17.94826222520429,18.01561055897279,17.806831880396807,17.928058624267578,2773200,0.0,0.0
2013-10-16 00:00:00-04:00,18.056017604040203,18.264797550512405,18.02907904342082,18.244592666625977,2445000,0.0,0.0
2013-10-17 00:00:00-04:00,18.123366757160444,18.332145428570875,18.096428195315184,18.27153205871582,2315600,0.0,0.0
2013-10-18 00:00:00-04:00,18.27153194517817,18.29847179141861,18.1368365676637,18.27826690673828,3716200,0.0,0.0
2013-10-21 00:00:00-04:00,18.298473472310615,18.372556771714514,18.19745160875428,18.291738510131836,2599100,0.0,0.0
2013-10-22 00:00:00-04:00,18.338883953348958,18.379293730812186,17.961735022298654,18.022348403930664,6847900,0.0,0.0
2013-10-23 00:00:00-04:00,17.948260978262738,18.16377460369919,17.806830643281018,18.157039642333984,4877900,0.0,0.0
2013-10-24 00:00:00-04:00,18.251330447810854,18.352352313726158,18.069490318425668,18.07622528076172,4137500,0.0,0.0
2013-10-25 00:00:00-04:00,18.24459542685491,18.24459542685491,17.806833152919964,17.813568115234375,3308200,0.0,0.0
2013-10-28 00:00:00-04:00,17.847239545327046,17.86070946837325,17.658664476367857,17.672134399414062,4274600,0.0,0.0
2013-10-29 00:00:00-04:00,17.712537037328417,17.75968175242832,17.624985135552873,17.678863525390625,3098200,0.0,0.0
2013-10-30 00:00:00-04:00,17.67886898308424,17.699073867221706,17.537438647809584,17.618255615234375,2503900,0.0,0.0
2013-10-31 00:00:00-04:00,17.685603524477425,17.692338485696645,17.490293502807617,17.490293502807617,3726800,0.0,0.0
2013-11-01 00:00:00-04:00,17.497029803329585,17.550908212644924,17.382538022964162,17.523969650268555,3484900,0.0,0.0
2013-11-04 00:00:00-05:00,17.564374970784332,17.692336651558872,17.523966492220616,17.638458251953125,3216800,0.0,0.0
2013-11-05 00:00:00-05:00,17.6115210302687,17.793361137704785,17.577847507215754,17.672134399414062,3493100,0.0,0.0
2013-11-06 00:00:00-05:00,17.76642386099476,17.880915654320194,17.678871917657776,17.8607120513916,1893100,0.0,0.0
2013-11-07 00:00:00-05:00,17.752952273692415,17.901117570346226,17.61152065385522,17.618255615234375,2983700,0.0,0.0
2013-11-08 00:00:00-05:00,17.618257250806693,17.901119232177734,17.604787326797915,17.901119232177734,2054100,0.0,0.0
2013-11-11 00:00:00-05:00,17.827037238906033,17.914590466805763,17.813568598474554,17.8607120513916,1785600,0.0,0.0
2013-11-12 00:00:00-05:00,17.880915654320194,17.914590466805763,17.75295522056328,17.8607120513916,4223900,0.0,0.0
2013-11-13 00:00:00-05:00,17.847242898279344,18.271535277445896,17.847242898279344,18.23112678527832,5491100,0.0,0.0
2013-11-14 00:00:00-05:00,18.28500098401314,18.48704596735756,18.197449057090985,18.446636199951172,3047400,0.0,0.0
2013-11-15 00:00:00-05:00,18.399498348330713,18.46684669658246,18.264802936390115,18.45337677001953,2658300,0.0,0.0
2013-11-18 00:00:00-05:00,18.446640846681674,18.513989191428276,18.32541408305036,18.359088897705078,2155900,0.0,0.0
2013-11-19 00:00:00-05:00,18.318681111842867,18.453376521972913,18.29847622227006,18.392763137817383,1993800,0.0,0.0
2013-11-20 00:00:00-05:00,18.43990288522115,18.567864590975436,18.33214606497416,18.386024475097656,1757700,0.0,0.0
2013-11-21 00:00:00-05:00,18.453376071267932,18.702564564994812,18.426437503725023,18.6082763671875,3939500,0.0,0.0
2013-11-22 00:00:00-05:00,18.60153651783298,18.70929332138298,18.574596674664267,18.635210037231445,2441100,0.0,0.0
2013-11-25 00:00:00-05:00,18.64868414684302,18.803584426162562,18.635214222233657,18.6890926361084,1749100,0.0,0.0
2013-11-26 00:00:00-05:00,18.709294502488653,18.971951567152843,18.702559541271302,18.870929718017578,2019900,0.0,0.0
2013-11-27 00:00:00-05:00,18.904601893371872,18.95174533397381,18.68908828801306,18.83725357055664,1700400,0.0,0.0
2013-11-29 00:00:00-05:00,18.89113496570001,18.958483299188384,18.776643184138567,18.810317993164062,1146500,0.0,0.0
2013-12-02 00:00:00-05:00,19.187470275847748,19.22114509086414,18.891138326517712,18.951751708984375,3106900,0.0,0.0
2013-12-03 00:00:00-05:00,18.843986121500443,18.93153931533255,18.702555817780922,18.79010772705078,3301700,0.0,0.0
2013-12-04 00:00:00-05:00,18.695825869319847,18.776642840376205,18.399493978133826,18.48704719543457,3503200,0.0,0.0
2013-12-05 00:00:00-05:00,18.460107015173516,18.50725046153171,18.22438849881998,18.27826690673828,3434700,0.0,0.0
2013-12-06 00:00:00-05:00,18.48031450892701,18.594806302487815,18.291739412308402,18.54092788696289,3031300,0.0,0.0
2013-12-09 00:00:00-05:00,18.621741264000768,18.675619669098307,18.507249492598188,18.527454376220703,1825000,0.0,0.0
2013-12-10 00:00:00-05:00,18.446637390971134,18.554394208553884,18.4129638671875,18.4129638671875,1583200,0.0,0.0
2013-12-11 00:00:00-05:00,18.75643789056819,18.823786217978558,18.150305512999896,18.183979034423828,5688800,0.0,0.0
2013-12-12 00:00:00-05:00,18.123369165965297,18.18398254387657,17.85397708889449,17.8607120513916,4083100,0.0,0.0
2013-12-13 00:00:00-05:00,17.86070946837325,17.941526437525354,17.645195837884216,17.672134399414062,3414300,0.0,0.0
2013-12-16 00:00:00-05:00,17.752951120011044,17.759686080952527,17.55764110639543,17.726011276245117,2519400,0.0,0.0
2013-12-17 00:00:00-05:00,17.699073867221706,17.74621731231326,17.537438647809584,17.618255615234375,1447700,0.0,0.0
2013-12-18 00:00:00-05:00,17.67887014236764,17.880913858741078,17.456621540531806,17.853975296020508,4657300,0.0,0.0
2013-12-19 00:00:00-05:00,17.752951956548124,18.062752467079687,17.719277150253923,17.981935501098633,2910700,0.0,0.0
2013-12-20 00:00:00-05:00,17.981942402416127,18.096434218632375,17.94826758319782,18.062759399414062,3485200,0.0,0.0
2013-12-23 00:00:00-05:00,18.109893187606463,18.163771585011375,18.008871353042544,18.06948471069336,2275700,0.0,0.0
2013-12-24 00:00:00-05:00,18.06948867295045,18.143571967337973,18.06948867295045,18.136837005615234,823700,0.0,0.0
2013-12-26 00:00:00-05:00,18.20418821868754,18.311945054176277,18.10316506142439,18.23112678527832,3750900,0.0,0.0
2013-12-27 00:00:00-05:00,18.29174016581109,18.318680016964674,18.170513404745556,18.23112678527832,1799100,0.0,0.0
2013-12-30 00:00:00-05:00,18.25806498380062,18.379291733893297,18.217655210727937,18.291738510131836,2201700,0.0,0.0
2013-12-31 00:00:00-05:00,18.338881989621473,18.392760402573646,18.285003576669304,18.365821838378906,1654000,0.0,0.0
2014-01-02 00:00:00-05:00,18.37929030409395,18.3860239811862,17.96173167343194,17.995405197143555,2569500,0.0,0.0
2014-01-03 00:00:00-05:00,17.981940225098615,18.029083681732946,17.66540338558893,17.739486694335938,3155800,0.0,0.0
2014-01-06 00:00:00-05:00,17.79336256853461,17.8000975305993,17.49703066050177,17.62499237060547,3473000,0.0,0.0
2014-01-07 00:00:00-05:00,17.611521469458506,17.692339725188592,17.456621204251984,17.530704498291016,3554500,0.0,0.0
2014-01-08 00:00:00-05:00,17.20069686115241,17.48355750826677,17.193961900331242,17.321922302246094,11659600,0.0,0.0
2014-01-09 00:00:00-05:00,17.396008026202253,17.490294921795794,17.18049438795267,17.443151473999023,6197000,0.0,0.0
2014-01-10 00:00:00-05:00,17.4296810965475,17.544172874456216,17.33539420340947,17.470090866088867,3595400,0.0,0.0
2014-01-13 00:00:00-05:00,17.449888689907077,17.571115448222958,17.261313589797624,17.30845832824707,3709300,0.0,0.0
2014-01-14 00:00:00-05:00,17.348867204406467,17.57785080084727,17.32866231605129,17.55091094970703,4531300,0.0,0.0
2014-01-15 00:00:00-05:00,17.550908554700563,17.604786965065955,17.422948132934394,17.503765106201172,5146500,0.0,0.0
2014-01-16 00:00:00-05:00,17.510499087092047,17.510499087092047,17.382537387931933,17.40947723388672,2160100,0.0,0.0
2014-01-17 00:00:00-05:00,17.443152754259497,17.497031167776363,17.315191040445928,17.32866096496582,2592200,0.0,0.0
2014-01-21 00:00:00-05:00,17.422947532824832,17.463356018066406,17.268045984367397,17.463356018066406,4855000,0.0,0.0
2014-01-22 00:00:00-05:00,17.416204916365967,17.44314346649937,16.944768085692193,17.11313819885254,9021100,0.0,0.0
2014-01-23 00:00:00-05:00,17.012124527813686,17.08620782411139,16.850489295988126,16.964981079101562,8742200,0.0,0.0
2014-01-24 00:00:00-05:00,16.843755554520783,16.884164044264345,16.695590235752565,16.70232391357422,5184400,0.0,0.0
2014-01-27 00:00:00-05:00,16.77613959644969,16.85496854164323,16.539654127718578,16.611316680908203,8702800,1.493,0.0
2014-01-28 00:00:00-05:00,16.58980954949233,16.862126847657176,16.561145362071684,16.811962127685547,5473800,0.0,0.0
2014-01-29 00:00:00-05:00,16.668647036450178,16.948129500186738,16.64714785968215,16.804805755615234,5571200,0.0,0.0
2014-01-30 00:00:00-05:00,16.86930124282416,16.91946461975575,16.797638689986393,16.88363265991211,2493400,0.0,0.0
2014-01-31 00:00:00-05:00,16.733141071729886,16.890797580762143,16.632812959755366,16.654312133789062,4163900,0.0,0.0
2014-02-03 00:00:00-05:00,16.553982874702903,16.654309604591973,16.174172392217002,16.188505172729492,5577700,0.0,0.0
2014-02-04 00:00:00-05:00,16.26016817289595,16.3389957342679,16.14550865921927,16.210004806518555,2723900,0.0,0.0
2014-02-05 00:00:00-05:00,16.174175721046726,16.367664197239932,16.174175721046726,16.195674896240234,3481200,0.0,0.0
2014-02-06 00:00:00-05:00,16.23150599901698,16.424994481301233,16.167009838255563,16.410661697387695,2992900,0.0,0.0
2014-02-07 00:00:00-05:00,16.539652731997112,16.625648061937735,16.43932598610755,16.575483322143555,3135400,0.0,0.0
2014-02-10 00:00:00-05:00,16.539654127718578,16.64714727407826,16.489490750540693,16.611316680908203,2761100,0.0,0.0
2014-02-11 00:00:00-05:00,16.60414843243294,16.926629202305683,16.596982041230284,16.833467483520508,2687300,0.0,0.0
2014-02-12 00:00:00-05:00,16.747475313054803,16.897965443849564,16.704476961242438,16.88363265991211,3679500,0.0,0.0
2014-02-13 00:00:00-05:00,16.78330366562476,17.15594779715683,16.78330366562476,17.09145164489746,3855600,0.0,0.0
2014-02-14 00:00:00-05:00,17.05561239542457,17.198937420669647,17.05561239542457,17.18460464477539,2279700,0.0,0.0
2014-02-18 00:00:00-05:00,17.148776615037587,17.241936938468367,17.041283513587015,17.10577964782715,2536500,0.0,0.0
2014-02-19 00:00:00-05:00,17.00545405460166,17.16311190216986,16.991121274486527,17.019786834716797,2948000,0.0,0.0
2014-02-20 00:00:00-05:00,17.041281461714842,17.234768474289304,16.905122820618995,17.177438735961914,5032700,0.0,0.0
2014-02-21 00:00:00-05:00,17.191776370949203,17.28493807634081,17.055617691372557,17.141613006591797,4811300,0.0,0.0
2014-02-24 00:00:00-05:00,17.120114995731704,17.155946949020674,17.026954650878906,17.026954650878906,4399000,0.0,0.0
2014-02-25 00:00:00-05:00,17.041283220195364,17.08428018666555,16.926623731708933,16.98395347595215,4409400,0.0,0.0
2014-02-26 00:00:00-05:00,17.034118948211894,17.26343795368322,17.026952558434783,17.12727928161621,3668100,0.0,0.0
2014-02-27 00:00:00-05:00,17.098613375304865,17.335098746846807,17.055615040952546,17.327932357788086,2842800,0.0,0.0
2014-02-28 00:00:00-05:00,17.34942838777793,17.621745676826187,17.292098648007055,17.55008316040039,5522700,0.0,0.0
2014-03-03 00:00:00-05:00,17.428256751765677,17.435423139870778,17.22760335221792,17.28493309020996,3392300,0.0,0.0
2014-03-04 00:00:00-05:00,17.471267000315613,17.514265361646153,17.263447054617238,17.35660743713379,3471100,0.0,0.0
2014-03-05 00:00:00-05:00,17.33509763002891,17.442590725286532,17.277767888101586,17.413925170898438,3537300,0.0,0.0
2014-03-06 00:00:00-05:00,17.421095245108837,17.600250897390065,17.39959744161855,17.52142333984375,1880900,0.0,0.0
2014-03-07 00:00:00-05:00,17.600250897390065,17.607417287503214,17.36376549105281,17.52142333984375,2309400,0.0,0.0
2014-03-10 00:00:00-04:00,17.471259472501163,17.607418157681774,17.471259472501163,17.557254791259766,3189400,0.0,0.0
2014-03-11 00:00:00-04:00,17.58592320684444,17.62892018977637,17.442598107938757,17.571590423583984,2396200,0.0,0.0
2014-03-12 00:00:00-04:00,17.17743915850945,17.234768898247097,16.890790459821222,16.89795684814453,5647400,0.0,0.0
2014-03-13 00:00:00-04:00,16.91229364902565,16.955290622347697,16.596979322016004,16.76896858215332,6912200,0.0,0.0
2014-03-14 00:00:00-04:00,16.754633132130362,17.098612964438583,16.725968943433216,16.98395347595215,5464200,0.0,0.0
2014-03-17 00:00:00-04:00,17.05561264455784,17.091444584816884,16.883623431860727,17.005449295043945,2553800,0.0,0.0
2014-03-18 00:00:00-04:00,16.976793312640073,17.077120060144377,16.940961355067518,16.94812774658203,1778700,0.0,0.0
2014-03-19 00:00:00-04:00,16.955290604671756,16.969623384713877,16.7259715913944,16.79763412475586,2479800,0.0,0.0
2014-03-20 00:00:00-04:00,16.754635777218308,17.120113467035857,16.733137974013776,17.069950103759766,2945600,0.0,0.0
2014-03-21 00:00:00-04:00,17.69342109997398,17.836744870526353,17.313610442653058,17.35660743713379,5270100,0.0,0.0
2014-03-24 00:00:00-04:00,17.413930225762577,17.45692856982615,17.220443144873546,17.277772903442383,3333100,0.0,0.0
2014-03-25 00:00:00-04:00,17.313608169555664,17.41393493245544,17.241945610263123,17.313608169555664,1846300,0.0,0.0
2014-03-26 00:00:00-04:00,17.413928038455364,17.43542720778671,17.11294650206198,17.12727928161621,4382400,0.0,0.0
2014-03-27 00:00:00-04:00,17.08428201306317,17.141611763435233,16.98395529162433,17.03411865234375,2986100,0.0,0.0
2014-03-28 00:00:00-04:00,17.09861072310734,17.306430506179083,17.05561239542457,17.18460464477539,3898800,0.0,0.0
2014-03-31 00:00:00-04:00,17.249114267507057,17.37810661779906,17.198950879471234,17.35660743713379,4845300,0.0,0.0
2014-04-01 00:00:00-04:00,17.428260128927743,17.47125709904132,17.17744196404197,17.263437271118164,2295200,0.0,0.0
2014-04-02 00:00:00-04:00,17.30643709930217,17.399598811257317,17.23477455937881,17.277772903442383,3283000,0.0,0.0
2014-04-03 00:00:00-04:00,17.349433568255186,17.564421181727084,17.306436592300496,17.557254791259766,3415000,0.0,0.0
2014-04-04 00:00:00-04:00,17.614585819629635,17.67191558065722,17.385266775519295,17.392433166503906,2585200,0.0,0.0
2014-04-07 00:00:00-04:00,17.399598811257317,17.471259984331414,17.256273731410595,17.277772903442383,3691600,0.0,0.0
2014-04-08 00:00:00-04:00,17.24911200287734,17.385270728848205,17.184615836199015,17.313608169555664,2532700,0.0,0.0
2014-04-09 00:00:00-04:00,17.399593543450084,17.514253025874066,17.206105154291294,17.24193572998047,5066700,0.0,0.0
2014-04-10 00:00:00-04:00,17.256272630338653,17.46409384617101,17.06278419494629,17.06278419494629,3190500,0.0,0.0
2014-04-11 00:00:00-04:00,16.983957310064167,17.04128706724952,16.869297795693456,16.955291748046875,3436300,0.0,0.0
2014-04-14 00:00:00-04:00,17.10578242257913,17.148779396764166,16.768968918723697,17.141613006591797,4783000,0.0,0.0
2014-04-15 00:00:00-04:00,17.069953435853723,17.14878237458896,16.948127515467178,17.077119827270508,3117400,0.0,0.0
2014-04-16 00:00:00-04:00,17.21327735576654,17.227610137621966,17.127282031483286,17.1917781829834,2860800,0.0,0.0
2014-04-17 00:00:00-04:00,17.17028045654297,17.198946022668473,17.069953708802554,17.17028045654297,2137300,0.0,0.0
2014-04-21 00:00:00-04:00,16.940956862801134,17.19177503190138,16.85496292112903,17.08428192138672,1715100,0.0,0.0
2014-04-22 00:00:00-04:00,17.098617190607584,17.127281386389498,16.9839576737814,17.026954650878906,2606700,0.0,0.0
2014-04-23 00:00:00-04:00,17.36376691166207,17.36376691166207,16.912295232390036,16.976791381835938,4193700,0.0,0.0
2014-04-24 00:00:00-04:00,17.091450583313993,17.29927044235884,16.991122482225812,17.155946731567383,8357100,0.0,0.0
2014-04-25 00:00:00-04:00,17.098615740821295,17.141612714273098,16.912293700064627,17.048452377319336,5101700,0.0,0.0
2014-04-28 00:00:00-04:00,17.141614813338716,17.206110964838825,17.04845446497706,17.1917781829834,5475600,0.0,0.0
2014-04-29 00:00:00-04:00,17.24193572998047,17.399593543450084,17.191772377276084,17.24193572998047,8692900,0.0,0.0
2014-04-30 00:00:00-04:00,17.24910903769454,17.40676691440611,17.163115074805862,17.378101348876953,13662500,0.0,0.0
2014-05-01 00:00:00-04:00,17.37809760906438,17.922730935267257,17.284937274841763,17.90123176574707,9402500,0.0,0.0
2014-05-02 00:00:00-04:00,17.86540522188687,17.965731968628504,17.70058231885436,17.77224349975586,6781400,0.0,0.0
2014-05-05 00:00:00-04:00,17.700579441613005,17.843903146968053,17.614584124920626,17.81523895263672,3400800,0.0,0.0
2014-05-06 00:00:00-04:00,17.7364041077368,17.779401068310637,17.55724851068895,17.614578247070312,4834600,0.0,0.0
2014-05-07 00:00:00-04:00,17.63608169555664,17.765073975466212,17.578751945246726,17.63608169555664,7315900,0.0,0.0
2014-05-08 00:00:00-04:00,17.61458204657185,17.722075154617297,17.56441868727391,17.643247604370117,3299300,0.0,0.0
2014-05-09 00:00:00-04:00,17.62891903889417,17.664749627856715,17.55725649411973,17.657583236694336,6621500,0.0,0.0
2014-05-12 00:00:00-04:00,17.73640528439996,17.836731988011003,17.729238896020767,17.800901412963867,6031700,0.0,0.0
2014-05-13 00:00:00-04:00,17.851071704726486,17.944233423025622,17.772242768757888,17.93706703186035,6622500,0.0,0.0
2014-05-14 00:00:00-04:00,18.094722050051857,18.345540252828364,18.030225901713635,18.230880737304688,12739800,0.0,0.0
2014-05-15 00:00:00-04:00,18.18072227779471,18.3168796349524,18.094726934513883,18.137723922729492,4930400,0.0,0.0
2014-05-16 00:00:00-04:00,18.209382146624254,18.238047709844494,18.11622179985705,18.173551559448242,3808100,0.0,0.0
2014-05-19 00:00:00-04:00,18.273877347698512,18.273877347698512,18.051724711679565,18.159217834472656,2295800,0.0,0.0
2014-05-20 00:00:00-04:00,18.173549392888916,18.173549392888916,17.94423038186241,18.02305793762207,2642800,0.0,0.0
2014-05-21 00:00:00-04:00,18.09471987864825,18.123385437513864,18.015890958616886,18.109052658081055,2637000,0.0,0.0
2014-05-22 00:00:00-04:00,18.123383629255887,18.159214207413836,17.98722497192759,18.030221939086914,2619100,0.0,0.0
2014-05-23 00:00:00-04:00,18.066057869574397,18.10188982519702,17.951398345280698,17.98723030090332,2120300,0.0,0.0
2014-05-27 00:00:00-04:00,17.621752576133556,18.05172647618384,17.621752576133556,17.95856475830078,3024800,0.0,0.0
2014-05-28 00:00:00-04:00,18.015893335522755,18.152052024400206,17.951397186414976,18.10188865661621,3529000,0.0,0.0
2014-05-29 00:00:00-04:00,18.15921564421372,18.173548423350518,18.030223365680623,18.037389755249023,2466000,0.0,0.0
2014-05-30 00:00:00-04:00,18.06605797228712,18.087557145782924,17.865404487057024,17.93706703186035,3124400,0.0,0.0
2014-06-02 00:00:00-04:00,17.95856161116679,18.02305775321422,17.772239574901878,17.8510684967041,3587000,0.0,0.0
2014-06-03 00:00:00-04:00,17.98005790530804,18.00872209338434,17.786569510109693,17.836732864379883,2776300,0.0,0.0
2014-06-04 00:00:00-04:00,17.82956932707192,17.90123185899675,17.772239574901878,17.8510684967041,3398700,0.0,0.0
2014-06-05 00:00:00-04:00,17.69341417097761,17.980062966676364,17.614585239591975,17.972896575927734,2882400,0.0,0.0
2014-06-06 00:00:00-04:00,18.023067805303736,18.18789076386394,18.015901411429397,18.094730377197266,2101500,0.0,0.0
2014-06-09 00:00:00-04:00,18.08755311537877,18.187879835638267,17.987226395119276,18.037389755249023,1627800,0.0,0.0
2014-06-10 00:00:00-04:00,18.01588886677871,18.058887200084563,17.86539880075498,17.908395767211914,2879800,0.0,0.0
2014-06-11 00:00:00-04:00,17.800904366888034,18.16638203378212,17.800904366888034,18.037389755249023,3884500,0.0,0.0
2014-06-12 00:00:00-04:00,18.080387673151048,18.10188684298272,17.92273119493283,18.05172348022461,2719100,0.0,0.0
2014-06-13 00:00:00-04:00,17.550089324488894,18.20938224684069,17.550089324488894,18.123388290405273,2443900,0.0,0.0
2014-06-16 00:00:00-04:00,18.180713956534042,18.324037640603766,18.17354756730321,18.273874282836914,3615500,0.0,0.0
2014-06-17 00:00:00-04:00,18.08755226338219,18.31687125137293,18.058888073307838,18.273874282836914,3196800,0.0,0.0
2014-06-18 00:00:00-04:00,18.259539027175688,18.38136489387426,18.16637871351151,18.359867095947266,2238500,0.0,0.0
2014-06-19 00:00:00-04:00,18.38137023617725,18.632188430729993,18.295376285778662,18.56052589416504,5723900,0.0,0.0
2014-06-20 00:00:00-04:00,18.617852951867043,18.653684898381197,18.410033129480944,18.474529266357422,5786400,0.0,0.0
2014-06-23 00:00:00-04:00,18.474526574387237,18.481692962645837,18.316868766395675,18.359867095947266,3072700,0.0,0.0
2014-06-24 00:00:00-04:00,18.338368516371627,18.367032703471928,18.202209868810865,18.245206832885742,3991400,0.0,0.0
2014-06-25 00:00:00-04:00,18.23804724628485,18.23804724628485,18.109054948770968,18.15205192565918,3507600,0.0,0.0
2014-06-26 00:00:00-04:00,18.202210132688954,18.230875687053665,17.93706058905968,18.066051483154297,4057000,0.0,0.0
2014-06-27 00:00:00-04:00,17.951397186414976,18.10188865661621,17.951397186414976,18.10188865661621,8530700,0.0,0.0
2014-06-30 00:00:00-04:00,18.109055409051994,18.195049365014135,18.073223455026696,18.173551559448242,2658300,0.0,0.0
2014-07-01 00:00:00-04:00,18.23088017798171,18.316874128561555,18.21654739726867,18.259544372558594,2088100,0.0,0.0
2014-07-02 00:00:00-04:00,18.166379556581926,18.302538206116584,18.044553684229626,18.066051483154297,2308600,0.0,0.0
2014-07-03 00:00:00-04:00,17.822402125442714,18.187878396570408,17.72924043527374,18.030221939086914,1913800,0.0,0.0
2014-07-07 00:00:00-04:00,18.066050688308277,18.13771320421828,17.929893411612948,17.980056762695312,2864700,0.0,0.0
2014-07-08 00:00:00-04:00,17.965727226414078,18.058888923954225,17.929896645421127,18.037389755249023,3764800,0.0,0.0
2014-07-09 00:00:00-04:00,18.023057920449048,18.152050205740828,17.95856177780316,18.05172348022461,3035200,0.0,0.0
2014-07-10 00:00:00-04:00,17.736413330530908,17.858239254545907,17.499927874131142,17.571590423583984,8649900,0.0,0.0
2014-07-11 00:00:00-04:00,17.54291828539892,17.5859166190729,17.406760995978104,17.50708770751953,4497100,0.0,0.0
2014-07-14 00:00:00-04:00,17.550093292154738,17.7579145730809,17.44260013888413,17.49276351928711,4580200,0.0,0.0
2014-07-15 00:00:00-04:00,17.52858695144608,17.686244787540073,17.406762429881148,17.4855899810791,4917400,0.0,0.0
2014-07-16 00:00:00-04:00,17.557256318072696,17.585921882434786,17.428264012141984,17.514259338378906,3589300,0.0,0.0
2014-07-17 00:00:00-04:00,17.464099680754963,17.693418777011388,17.306441776941448,17.313608169555664,3920400,0.0,0.0
2014-07-18 00:00:00-04:00,17.306441776941448,17.356605158391336,17.234779217648907,17.313608169555664,5602700,0.0,0.0
2014-07-21 00:00:00-04:00,17.30644166490566,17.399603401437755,17.27061106891616,17.363771438598633,3603800,0.0,0.0
2014-07-22 00:00:00-04:00,17.36376293623273,17.38526210340889,17.277769001226,17.327932357788086,2583800,0.0,0.0
2014-07-23 00:00:00-04:00,17.38526451757178,17.38526451757178,17.234773060138938,17.292102813720703,3264200,0.0,0.0
2014-07-24 00:00:00-04:00,17.363768462712784,17.449763791938764,17.277774500336193,17.428264617919922,3213100,0.0,0.0
2014-07-25 00:00:00-04:00,17.32792806462112,17.42108836560518,17.299262515488415,17.335094451904297,3308200,0.0,0.0
2014-07-28 00:00:00-04:00,17.313608169555664,17.363771551005552,17.213281406655884,17.313608169555664,2985700,0.0,0.0
2014-07-29 00:00:00-04:00,17.306434532030227,17.370930671708834,17.077115531772534,17.08428192138672,3187500,0.0,0.0
2014-07-30 00:00:00-04:00,17.12727619713318,17.1917723266629,16.940954197030536,16.969619750976562,3161200,0.0,0.0
2014-07-31 00:00:00-04:00,17.069950111310433,17.127279864629774,16.79763412475586,16.79763412475586,4624000,0.0,0.0
2014-08-01 00:00:00-04:00,16.91229579708863,16.96245916681055,16.625646993785292,16.639978408813477,22511100,0.0,0.0
2014-08-04 00:00:00-04:00,16.69730888636969,16.82630119510678,16.62564770760408,16.78330421447754,11864700,0.0,0.0
2014-08-05 00:00:00-04:00,16.78330049148538,16.897959992295007,16.704471572110364,16.733137130737305,7201700,0.0,0.0
2014-08-06 00:00:00-04:00,16.69730888636969,16.876464566982452,16.69730888636969,16.78330421447754,3212900,0.0,0.0
2014-08-07 00:00:00-04:00,16.890797940508374,17.1487825670098,16.718808645123897,16.725975036621094,2522600,0.0,0.0
2014-08-08 00:00:00-04:00,16.754639648969402,17.012624281833336,16.7259754491231,16.991125106811523,2777100,0.0,0.0
2014-08-11 00:00:00-04:00,17.141614267375783,17.141614267375783,16.976791381835938,16.976791381835938,3878900,0.0,0.0
2014-08-12 00:00:00-04:00,16.998290430541232,17.06278658470514,16.948127058824713,17.055620193481445,2670500,0.0,0.0
2014-08-13 00:00:00-04:00,17.19894291904724,17.349433013501297,17.08428340893486,17.342267990112305,5693500,0.0,0.0
2014-08-14 00:00:00-04:00,17.578748713710233,17.621745676826187,17.428257292531185,17.55008316040039,3506600,0.0,0.0
2014-08-15 00:00:00-04:00,17.593083854293464,17.73640891753847,17.521422689520065,17.600250244140625,2960100,0.0,0.0
2014-08-18 00:00:00-04:00,17.64324799380218,17.74357471461253,17.628915214586687,17.68624496459961,3212700,0.0,0.0
2014-08-19 00:00:00-04:00,17.69341229958454,17.743575662669993,17.628916156517775,17.700578689575195,2475800,0.0,0.0
2014-08-20 00:00:00-04:00,17.64324981894526,17.71491098873776,17.614584257548902,17.707744598388672,2075000,0.0,0.0
2014-08-21 00:00:00-04:00,17.70774530511131,17.92273292361664,17.67908110942015,17.879735946655273,2486900,0.0,0.0
2014-08-22 00:00:00-04:00,17.851065800739722,17.886896377866254,17.707740758535788,17.765071868896484,2066600,0.0,0.0
2014-08-25 00:00:00-04:00,17.80806905652943,17.922728544980533,17.736406534535263,17.908395767211914,2011000,0.0,0.0
2014-08-26 00:00:00-04:00,17.95139609330053,17.95139609330053,17.843902973616235,17.886899948120117,1344300,0.0,0.0
2014-08-27 00:00:00-04:00,17.822409052505922,17.937068587394986,17.78657709357217,17.865406036376953,2285700,0.0,0.0
2014-08-28 00:00:00-04:00,17.815237914166243,17.92989741850632,17.772239574901878,17.8510684967041,1419000,0.0,0.0
2014-08-29 00:00:00-04:00,17.908398138849513,17.94423008801634,17.85106838703169,17.92989730834961,1688500,0.0,0.0
2014-09-02 00:00:00-04:00,18.21654395257592,18.252374530733867,18.001557749930342,18.030221939086914,3003700,0.0,0.0
2014-09-03 00:00:00-04:00,18.109056238400587,18.15205321835081,17.92273416948382,17.95856475830078,2168600,0.0,0.0
2014-09-04 00:00:00-04:00,17.987222271984635,18.03021923268997,17.894060595799544,17.944225311279297,2102500,0.0,0.0
2014-09-05 00:00:00-04:00,17.901232520233215,18.015892028808594,17.894066130091108,18.015892028808594,2348100,0.0,0.0
2014-09-08 00:00:00-04:00,18.008725848255438,18.023058628706455,17.843902973616235,17.886899948120117,2476800,0.0,0.0
2014-09-09 00:00:00-04:00,17.901230413490392,17.922729581386537,17.808070086305094,17.87256622314453,2189700,0.0,0.0
2014-09-10 00:00:00-04:00,17.879735484215466,17.929898850514515,17.815239337016916,17.85823631286621,4069200,0.0,0.0
2014-09-11 00:00:00-04:00,17.80806667438887,17.972889496133277,17.772234734760474,17.944225311279297,3141200,0.0,0.0
2014-09-12 00:00:00-04:00,17.95856475830078,18.101889847267326,17.908401387217296,17.95856475830078,3827200,0.0,0.0
2014-09-15 00:00:00-04:00,17.972893615982475,18.08755311537877,17.90839747671593,18.037389755249023,2081300,0.0,0.0
2014-09-16 00:00:00-04:00,18.015888129864912,18.144880390808392,17.987223942349065,18.066051483154297,2502700,0.0,0.0
2014-09-17 00:00:00-04:00,18.11621620329254,18.137714002217212,18.023054518456092,18.066051483154297,1748900,0.0,0.0
2014-09-18 00:00:00-04:00,18.152051729805365,18.27387763538188,18.109054753381077,18.252378463745117,1799500,0.0,0.0
2014-09-19 00:00:00-04:00,18.352703391492074,18.36703480325622,18.080386065238276,18.144882202148438,4015600,0.0,0.0
2014-09-22 00:00:00-04:00,18.101893327024754,18.17355588528384,18.037397161276537,18.137723922729492,2452400,0.0,0.0
2014-09-23 00:00:00-04:00,18.137719263192984,18.152052044532667,18.037392527513727,18.073223114013672,3284500,0.0,0.0
2014-09-24 00:00:00-04:00,18.080387871875796,18.28104269196279,18.05889006865696,18.19504737854004,2783400,0.0,0.0
2014-09-25 00:00:00-04:00,18.16638949277297,18.216552873499445,18.037397161276537,18.137723922729492,3498700,0.0,0.0
2014-09-26 00:00:00-04:00,18.152046516248703,18.30253794078404,18.073217609737394,18.245206832885742,1705700,0.0,0.0
2014-09-29 00:00:00-04:00,18.123388470950783,18.31687555828264,18.10188929820311,18.266712188720703,2310400,0.0,0.0
2014-09-30 00:00:00-04:00,18.24521139874776,18.27387695987046,18.08038852283979,18.116220474243164,1863100,0.0,0.0
2014-10-01 00:00:00-04:00,18.137717909467437,18.245211027793687,17.994394207315494,18.044557571411133,3012000,0.0,0.0
2014-10-02 00:00:00-04:00,18.03738955880922,18.223711585011287,18.015890390338164,18.1663818359375,2038100,0.0,0.0
2014-10-03 00:00:00-04:00,18.252380143787015,18.431535823369394,18.223715945815503,18.381372451782227,2125100,0.0,0.0
2014-10-06 00:00:00-04:00,18.460198601292443,18.47453138153909,18.25954377838685,18.345539093017578,2260700,0.0,0.0
2014-10-07 00:00:00-04:00,18.25237973244671,18.316875884990814,18.087556838989258,18.087556838989258,2596200,0.0,0.0
2014-10-08 00:00:00-04:00,18.087557246615074,18.381372451782227,18.066058072999418,18.381372451782227,2383000,0.0,0.0
2014-10-09 00:00:00-04:00,18.338371661609656,18.417200581641016,18.080387099215443,18.109052658081055,3720700,0.0,0.0
2014-10-10 00:00:00-04:00,18.094721145629883,18.309707384778886,17.915565490722656,17.915565490722656,4664900,0.0,0.0
2014-10-13 00:00:00-04:00,17.937059585663643,18.015887122059276,17.765070369643006,17.779401779174805,4764100,0.0,0.0
2014-10-14 00:00:00-04:00,17.865397060418186,17.922726799059028,17.736404806764096,17.808067321777344,3267600,0.0,0.0
2014-10-15 00:00:00-04:00,17.593088231625227,17.757912505421594,17.31360579229353,17.571590423583984,6113900,0.0,0.0
2014-10-16 00:00:00-04:00,17.363762662304122,17.66474416377734,17.32076569547907,17.50708770751953,5755100,0.0,0.0
2014-10-17 00:00:00-04:00,17.643247424880826,17.829568081277962,17.61458186737418,17.743574142456055,5313600,0.0,0.0
2014-10-20 00:00:00-04:00,17.67907600909791,17.865398011309892,17.643245433108582,17.82240104675293,2689100,0.0,0.0
2014-10-21 00:00:00-04:00,17.91556629000955,18.288210396885567,17.879735704169228,18.281044006347656,2792200,0.0,0.0
2014-10-22 00:00:00-04:00,18.25237817640021,18.424367446238996,18.159217834472656,18.159217834472656,2499200,0.0,0.0
2014-10-23 00:00:00-04:00,18.302549506863446,18.381377096340074,18.18788858545709,18.22372055053711,2271400,0.0,0.0
2014-10-24 00:00:00-04:00,18.2022165272081,18.56052788155019,18.180718720731157,18.539030075073242,4351800,0.0,0.0
2014-10-27 00:00:00-04:00,18.596356199679622,18.78267686466609,18.44586474953015,18.711015701293945,3453800,0.0,0.0
2014-10-28 00:00:00-04:00,18.74685083996275,18.840012561950807,18.589194328632196,18.825679779052734,2293600,0.0,0.0
2014-10-29 00:00:00-04:00,18.8185075855466,18.832840364025643,18.474529103143603,18.54619026184082,2884500,0.0,0.0
2014-10-30 00:00:00-04:00,18.47453089277402,18.689517123389397,18.410034750219584,18.62502098083496,2691700,0.0,0.0
2014-10-31 00:00:00-04:00,18.804178502474894,18.933170800437903,18.78984572117917,18.92600440979004,2454300,0.0,0.0
2014-11-03 00:00:00-05:00,18.926001929477454,18.990498070006534,18.804176038127977,18.98333168029785,2155700,0.0,0.0
2014-11-04 00:00:00-05:00,19.004829217445394,19.169652066044264,18.976163661072217,19.133821487426758,2223200,0.0,0.0
2014-11-05 00:00:00-05:00,19.205485720385223,19.269981865704843,19.083659819986956,19.262815475463867,2054500,0.0,0.0
2014-11-06 00:00:00-05:00,19.305809032253137,19.305809032253137,19.20548096059344,19.277143478393555,2104100,0.0,0.0
2014-11-07 00:00:00-05:00,19.26997764230173,19.341640162156047,19.198316489296293,19.24847984313965,2502600,0.0,0.0
2014-11-10 00:00:00-05:00,19.241315750887505,19.34880886007366,19.205483803259423,19.291479110717773,2097000,0.0,0.0
2014-11-11 00:00:00-05:00,19.334475794946066,19.334475794946066,19.14815377058403,19.169652938842773,2344200,0.0,0.0
2014-11-12 00:00:00-05:00,19.08365735135427,19.377473845829996,19.04782677163355,19.34880828857422,3667300,0.0,0.0
2014-11-13 00:00:00-05:00,19.39897335406984,19.49213505650053,19.34880999130676,19.477802276611328,3032000,0.0,0.0
2014-11-14 00:00:00-05:00,19.44914172795084,19.506471495429675,19.298651600887446,19.334482192993164,1753200,0.0,0.0
2014-11-17 00:00:00-05:00,19.334482192993164,19.34881497657524,19.21982265803549,19.334482192993164,1741600,0.0,0.0
2014-11-18 00:00:00-05:00,19.377474594483274,19.563795256448373,19.305812065424128,19.49213409423828,2359200,0.0,0.0
2014-11-19 00:00:00-05:00,19.4133081335515,19.441972329433224,19.255651639078852,19.427640914916992,2517600,0.0,0.0
2014-11-20 00:00:00-05:00,19.334479202890545,19.47780428284696,19.312981397691566,19.427640914916992,2039700,0.0,0.0
2014-11-21 00:00:00-05:00,19.5781349941185,19.621131980096415,19.449142669335217,19.599634170532227,2639600,0.0,0.0
2014-11-24 00:00:00-05:00,19.635461909029193,19.678458888754584,19.50646960300367,19.585298538208008,2051900,0.0,0.0
2014-11-25 00:00:00-05:00,19.592459306135495,19.628289884481482,19.413303680707667,19.5064640045166,2193200,0.0,0.0
2014-11-26 00:00:00-05:00,19.492139252438463,19.535136234512606,19.420476704415275,19.520803451538086,1431400,0.0,0.0
2014-11-28 00:00:00-05:00,19.599632391048534,19.72145831263313,19.513637060050826,19.520803451538086,1186500,0.0,0.0
2014-12-01 00:00:00-05:00,19.46346624970307,19.556627936591937,19.355973152164985,19.420469284057617,3322800,0.0,0.0
2014-12-02 00:00:00-05:00,19.406142962467467,19.585298640247576,19.406142962467467,19.53513526916504,2952300,0.0,0.0
2014-12-03 00:00:00-05:00,19.49213116668885,19.642621224946602,19.4562992241164,19.499296188354492,4923200,0.0,0.0
2014-12-04 00:00:00-05:00,19.513630393555587,19.592459306135495,19.434802847824628,19.5064640045166,3319500,0.0,0.0
2014-12-05 00:00:00-05:00,19.54946805143129,19.621129229063857,19.484971898082506,19.53513526916504,2888600,0.0,0.0
2014-12-08 00:00:00-05:00,19.563794684007974,19.692786959170284,19.513631325189078,19.549463272094727,4891000,0.0,0.0
2014-12-09 00:00:00-05:00,19.449136644103252,19.477802203774463,19.191153441307957,19.22698402404785,8200600,0.0,0.0
2014-12-10 00:00:00-05:00,19.234154333879232,19.355980253611715,19.13382758828168,19.17682456970215,7133300,0.0,0.0
2014-12-11 00:00:00-05:00,19.176823504399536,19.413308939349054,19.176823504399536,19.24131965637207,7369400,0.0,0.0
2014-12-12 00:00:00-05:00,19.13382275351096,19.24131586332526,18.91166877746582,18.91166877746582,3467200,0.0,0.0
2014-12-15 00:00:00-05:00,19.047830049117344,19.062162830211417,18.610689793692753,18.80417823791504,4084700,0.0,0.0
2014-12-16 00:00:00-05:00,18.653690211701086,18.711019975604554,18.230882690344497,18.453035354614258,8482800,0.0,0.0
2014-12-17 00:00:00-05:00,18.517529071467614,18.789845072438077,18.424367363111177,18.761180877685547,3922500,0.0,0.0
2014-12-18 00:00:00-05:00,18.947505512993803,19.17682456970215,18.82567959326132,19.17682456970215,3960100,0.0,0.0
2014-12-19 00:00:00-05:00,19.205484200970066,19.320143702056228,19.03349494934082,19.03349494934082,5573100,0.0,0.0
2014-12-22 00:00:00-05:00,19.090830201532164,19.234155302618227,19.019169017838596,19.162492752075195,2468900,0.0,0.0
2014-12-23 00:00:00-05:00,19.26281632133065,19.39180861763419,19.226985735401552,19.327312469482422,2266600,0.0,0.0
2014-12-24 00:00:00-05:00,19.391805830378313,19.391805830378313,19.291479110717773,19.291479110717773,938500,0.0,0.0
2014-12-26 00:00:00-05:00,19.363144402633363,19.441971964967326,19.291481863998566,19.35597801208496,1073200,0.0,0.0
2014-12-29 00:00:00-05:00,19.334480621011167,19.53513547429767,19.269984466985125,19.4348087310791,1415700,0.0,0.0
2014-12-30 00:00:00-05:00,19.441967870014665,19.549462338750523,19.363140324283705,19.5064640045166,1540200,0.0,0.0
2014-12-31 00:00:00-05:00,19.535134648355477,19.592464408749247,19.32731341264724,19.341646194458008,2253500,0.0,0.0
2015-01-02 00:00:00-05:00,19.41331205437231,19.513638810494793,19.191159365737004,19.37748146057129,2849900,0.0,0.0
2015-01-05 00:00:00-05:00,19.248488086096724,19.28431867794351,19.083663809792913,19.162492752075195,3425600,0.0,0.0
2015-01-06 00:00:00-05:00,19.169656224420333,19.219819592106113,18.911671628494314,18.92600440979004,3639400,0.0,0.0
2015-01-07 00:00:00-05:00,19.11949119996451,19.320144653320312,19.047828666544948,19.320144653320312,3606300,0.0,0.0
2015-01-08 00:00:00-05:00,19.470637383775532,19.714289193230005,19.420474017155357,19.707122802734375,2748100,0.0,0.0
2015-01-09 00:00:00-05:00,19.707120135260208,19.707120135260208,19.255648529938735,19.291479110717773,4678600,0.0,0.0
2015-01-12 00:00:00-05:00,19.269981863218472,19.341644398769823,18.9546688937512,19.0191650390625,2820500,0.0,0.0
2015-01-13 00:00:00-05:00,19.18398985936293,19.384643339034707,18.95467081582415,18.990501403808594,3467800,0.0,0.0
2015-01-14 00:00:00-05:00,18.91883998541695,18.947505550987668,18.603525598386003,18.653690338134766,6148900,0.0,0.0
2015-01-15 00:00:00-05:00,18.66802190087277,18.88300954379561,18.66802190087277,18.825679779052734,5020000,0.0,0.0
2015-01-16 00:00:00-05:00,18.68235314927158,18.897340774536133,18.610690607516727,18.897340774536133,4180900,0.0,0.0
2015-01-20 00:00:00-05:00,19.02633029274012,19.076495025027665,18.732515123587614,18.861507415771484,1983400,0.0,0.0
2015-01-21 00:00:00-05:00,18.78267629127787,18.89733715624096,18.653685381036333,18.76834487915039,2762600,0.0,0.0
2015-01-22 00:00:00-05:00,18.911673658691825,19.16965828231289,18.75401714806195,19.12666130065918,2516500,0.0,0.0
2015-01-23 00:00:00-05:00,19.15532093275904,19.183986491593778,18.97616529058917,18.98333168029785,1641300,0.0,0.0
2015-01-26 00:00:00-05:00,18.969003195498455,19.269984797160607,18.883009233223206,19.255653381347656,2921000,0.0,0.0
2015-01-27 00:00:00-05:00,19.083662952156068,19.29148420270624,19.012001771683018,19.12666130065918,2349900,0.0,0.0
2015-01-28 00:00:00-05:00,19.413309373519034,19.59963144262344,18.997668255316697,19.012001037597656,5805800,0.0,0.0
2015-01-29 00:00:00-05:00,19.047832384925158,19.126661323760004,18.775516344990226,19.09799575805664,3264500,0.0,0.0
2015-01-30 00:00:00-05:00,18.89734083579633,18.99050118358513,18.58919286204604,18.596359252929688,4914100,0.0,0.0
2015-02-02 00:00:00-05:00,18.74062402740573,19.042418568366013,18.571325712302677,19.02769660949707,3720300,0.686,0.0
2015-02-03 00:00:00-05:00,19.01297725289705,19.35157533340968,18.95409081332487,19.211719512939453,4049200,0.0,0.0
2015-02-04 00:00:00-05:00,19.138111112483365,19.344214352967725,19.1160281711575,19.211719512939453,3317100,0.0,0.0
2015-02-05 00:00:00-05:00,19.255884521863493,19.432543845444574,19.101308140216357,19.417821884155273,3472500,0.0,0.0
2015-02-06 00:00:00-05:00,19.432543845444574,19.528235189861515,19.27796746379744,19.417821884155273,3772700,0.0,0.0
2015-02-09 00:00:00-05:00,19.30004588644748,19.46934560601987,19.24115945475895,19.388376235961914,2597800,0.0,0.0
2015-02-10 00:00:00-05:00,19.50614946953216,19.54295296354973,19.373654644727623,19.47670555114746,2997400,0.0,0.0
2015-02-11 00:00:00-05:00,19.469354929438968,19.69017880302753,19.46199394645749,19.63129234313965,2686300,0.0,0.0
2015-02-12 00:00:00-05:00,19.660729651672384,19.925719352801714,19.646009093581313,19.91099739074707,3554900,0.0,0.0
2015-02-13 00:00:00-05:00,19.88891652815273,19.984606476835683,19.79322517550615,19.955163955688477,3222300,0.0,0.0
2015-02-17 00:00:00-05:00,19.969884899965983,19.98460686280573,19.653371122693336,19.68281364440918,3355900,0.0,0.0
2015-02-18 00:00:00-05:00,19.660735891375225,19.71226277491951,19.491437485907497,19.6901798248291,3402900,0.0,0.0
2015-02-19 00:00:00-05:00,19.63864691681593,19.690172376906386,19.49879109373934,19.660728454589844,2868200,0.0,0.0
2015-02-20 00:00:00-05:00,19.58711814880371,19.646004579528412,19.277964036508205,19.58711814880371,5153900,0.0,0.0
2015-02-23 00:00:00-05:00,19.57976168842178,19.57976168842178,19.417822913581393,19.550317764282227,2623800,0.0,0.0
2015-02-24 00:00:00-05:00,19.528236901578474,19.653370775578924,19.484071013839284,19.594484329223633,1763500,0.0,0.0
2015-02-25 00:00:00-05:00,19.623923732426903,19.6460066727878,19.520872818669528,19.557676315307617,1744500,0.0,0.0
2015-02-26 00:00:00-05:00,19.51351201908333,19.697532311903093,19.41782068059754,19.67544937133789,3034400,0.0,0.0
2015-02-27 00:00:00-05:00,19.623926685573732,19.697535093890426,19.579762202169164,19.616565704345703,2553600,0.0,0.0
2015-03-02 00:00:00-05:00,19.60184490222568,19.969885561631795,19.520876911851648,19.94044303894043,3564700,0.0,0.0
2015-03-03 00:00:00-05:00,19.822666854563536,19.903636235480274,19.62392459447525,19.719615936279297,2813400,0.0,0.0
2015-03-04 00:00:00-05:00,19.653374651922125,19.668095213441646,19.395745871817816,19.4472713470459,2581500,0.0,0.0
2015-03-05 00:00:00-05:00,19.46935322516115,19.542960240604742,19.395744805753733,19.535600662231445,2208300,0.0,0.0
2015-03-06 00:00:00-05:00,19.41046386594706,19.61656572469123,19.263247049160984,19.32949447631836,4490600,0.0,0.0
2015-03-09 00:00:00-04:00,19.314776986615243,19.469354820432937,19.314776986615243,19.439910888671875,1739100,0.0,0.0
2015-03-10 00:00:00-04:00,19.336848644439833,19.366291155045154,19.108662518423788,19.123384475708008,3519000,0.0,0.0
2015-03-11 00:00:00-04:00,19.123389502793792,19.417821706061833,19.07922502329446,19.3736572265625,2945800,0.0,0.0
2015-03-12 00:00:00-04:00,19.506152587325612,19.734337375426048,19.454627125880048,19.72697639465332,3331500,0.0,0.0
2015-03-13 00:00:00-04:00,19.646015228955896,19.69754070827479,19.39574741172354,19.498798370361328,2464500,0.0,0.0
2015-03-16 00:00:00-04:00,19.57976013018426,19.866831347880712,19.5429552279389,19.85947036743164,3232400,0.0,0.0
2015-03-17 00:00:00-04:00,19.771142606717387,19.925718993614,19.73433770224423,19.896276473999023,2807100,0.0,0.0
2015-03-18 00:00:00-04:00,19.807950336554615,20.3232078774865,19.756424863254196,20.24959945678711,5820800,0.0,0.0
2015-03-19 00:00:00-04:00,20.220148771446965,20.374726543668228,20.14654177930324,20.264314651489258,4873500,0.0,0.0
2015-03-20 00:00:00-04:00,20.279037469705173,20.38945077816434,20.26431691201235,20.352645874023438,4922500,0.0,0.0
2015-03-23 00:00:00-04:00,20.374727249145508,20.536664603017535,20.330562771537398,20.374727249145508,2805900,0.0,0.0
2015-03-24 00:00:00-04:00,20.16126337700163,20.38208857673206,20.021408961532163,20.10237693786621,4542200,0.0,0.0
2015-03-25 00:00:00-04:00,20.131823480634672,20.220152448856755,19.92572021484375,19.92572021484375,3203500,0.0,0.0
2015-03-26 00:00:00-04:00,19.852104864641394,19.97723869584299,19.734332012212025,19.822662353515625,3592500,0.0,0.0
2015-03-27 00:00:00-04:00,19.815307088121628,19.925718993614,19.756420644928124,19.896276473999023,2296900,0.0,0.0
2015-03-30 00:00:00-04:00,19.96252886855913,20.227517226927592,19.96252886855913,20.146549224853516,2708800,0.0,0.0
2015-03-31 00:00:00-04:00,20.00668993281967,20.124462828350616,19.8668340928903,20.021411895751953,3159800,0.0,0.0
2015-04-01 00:00:00-04:00,19.94044271413881,19.977246217894464,19.79322589118884,19.844751358032227,5389400,0.0,0.0
2015-04-02 00:00:00-04:00,19.8815559189825,19.92572040351172,19.72697811718477,19.75642204284668,3310900,0.0,0.0
2015-04-06 00:00:00-04:00,19.609203499706283,19.947801595252614,19.572399999825898,19.87419319152832,5665500,0.0,0.0
2015-04-07 00:00:00-04:00,19.903640445814723,19.911000023851727,19.726979685723844,19.73434066772461,2309700,0.0,0.0
2015-04-08 00:00:00-04:00,19.719620107686836,19.86683553581089,19.66809323368147,19.73434066772461,5634800,0.0,0.0
2015-04-09 00:00:00-04:00,19.73433232960124,19.844744205034143,19.668084923548864,19.697528839111328,4089000,0.0,0.0
2015-04-10 00:00:00-04:00,19.726976389346877,19.844749273751777,19.697533870227414,19.80058479309082,2865900,0.0,0.0
2015-04-13 00:00:00-04:00,19.800587051781967,19.91835994962145,19.719619061994628,19.749061584472656,2460000,0.0,0.0
2015-04-14 00:00:00-04:00,19.6901798248291,19.807952750716563,19.63865434524884,19.6901798248291,3383700,0.0,0.0
2015-04-15 00:00:00-04:00,19.962524067293685,20.153903956322083,19.80058529416626,20.014049530029297,5802000,0.0,0.0
2015-04-16 00:00:00-04:00,19.98460422296404,20.07293458437098,19.844748402387832,20.00668716430664,2473900,0.0,0.0
2015-04-17 00:00:00-04:00,19.83739668417044,19.896283147114172,19.601849428431493,19.6901798248291,3975700,0.0,0.0
2015-04-20 00:00:00-04:00,19.830031121911333,19.984607524959326,19.749061727573604,19.94044303894043,2614400,0.0,0.0
2015-04-21 00:00:00-04:00,19.955157484430213,20.006682932701356,19.668084923548864,19.697528839111328,2598400,0.0,0.0
2015-04-22 00:00:00-04:00,19.690172376906386,19.71225531864379,19.46198759480715,19.660728454589844,4263500,0.0,0.0
2015-04-23 00:00:00-04:00,19.62392874564063,19.807949083768516,19.57976425759979,19.73434066772461,1902800,0.0,0.0
2015-04-24 00:00:00-04:00,19.719617496376223,19.793224498709186,19.623926147001654,19.771142959594727,1761500,0.0,0.0
2015-04-27 00:00:00-04:00,19.86683186751859,19.86683186751859,19.550316719747062,19.565038681030273,3101800,0.0,0.0
2015-04-28 00:00:00-04:00,19.51351528364305,19.734339110384642,19.491432339383426,19.68281364440918,2722200,0.0,0.0
2015-04-29 00:00:00-04:00,19.550310654871765,19.62391903448961,19.461981722500806,19.542949676513672,2552900,0.0,0.0
2015-04-30 00:00:00-04:00,19.65337390726823,19.763785836282665,19.557682539215563,19.623929977416992,4381800,0.0,0.0
2015-05-01 00:00:00-04:00,19.690178222179885,19.87419857939652,19.594488254171353,19.852115631103516,2553800,0.0,0.0
2015-05-04 00:00:00-04:00,19.866833420482713,19.991967293244553,19.807946974710298,19.977245330810547,4119700,0.0,0.0
2015-05-05 00:00:00-04:00,19.95516500226796,20.028772010978226,19.8594736446027,19.94044303894043,3909600,0.0,0.0
2015-05-06 00:00:00-04:00,19.962525839284023,19.984607380151623,19.631288686633173,19.749061584472656,4108000,0.0,0.0
2015-05-07 00:00:00-04:00,19.74905673130593,19.881551559806766,19.682809317055515,19.837387084960938,3653700,0.0,0.0
2015-05-08 00:00:00-04:00,19.98460631202755,20.058214720233977,19.918358885038128,19.977245330810547,2582600,0.0,0.0
2015-05-11 00:00:00-04:00,19.910994961643166,19.99932531923133,19.844747544442892,19.91835594177246,2633000,0.0,0.0
2015-05-12 00:00:00-04:00,19.81531212124575,19.881559562160852,19.726981732037647,19.852115631103516,3547700,0.0,0.0
2015-05-13 00:00:00-04:00,19.844749268453192,19.925718652946266,19.734337364848518,19.87419319152832,2180000,0.0,0.0
2015-05-14 00:00:00-04:00,19.97725167200406,20.168633032503728,19.87420071018272,20.161272048950195,2926600,0.0,0.0
2015-05-15 00:00:00-04:00,20.175984288330657,20.279035200466634,19.99932498011325,20.043489456176758,5154100,0.0,0.0
2015-05-18 00:00:00-04:00,20.058212280273438,20.095015777917922,19.962522344019717,20.058212280273438,3068300,0.0,0.0
2015-05-19 00:00:00-04:00,20.102375712813224,20.109736692751998,19.98460284171954,20.072933197021484,2889800,0.0,0.0
2015-05-20 00:00:00-04:00,20.175986727675355,20.20543065125315,20.028769917713486,20.109739303588867,3617000,0.0,0.0
2015-05-21 00:00:00-04:00,20.04349601575879,20.18335187368743,19.9919705428282,20.131826400756836,2413400,0.0,0.0
2015-05-22 00:00:00-04:00,20.13182293415092,20.242234843413183,20.065575507800844,20.080297470092773,2635400,0.0,0.0
2015-05-26 00:00:00-04:00,20.0508525127744,20.117099935712353,19.925718647665327,19.94780158996582,4486000,0.0,0.0
2015-05-27 00:00:00-04:00,20.036128297327604,20.095014732874446,19.933077386111474,20.072933197021484,1800000,0.0,0.0
2015-05-28 00:00:00-04:00,20.006692153815788,20.19071249900694,19.991970189249184,20.183351516723633,6090300,0.0,0.0
2015-05-29 00:00:00-04:00,20.146545071315117,20.19070955461065,20.02877077592101,20.124462127685547,10815700,0.0,0.0
2015-06-01 00:00:00-04:00,20.19070955461065,20.24223501911604,20.095018202846116,20.124462127685547,4661700,0.0,0.0
2015-06-02 00:00:00-04:00,20.050851138089588,20.256954373539855,20.050851138089588,20.153902053833008,4569700,0.0,0.0
2015-06-03 00:00:00-04:00,20.227509932244185,20.30847930908203,20.131819999224053,20.30847930908203,2999300,0.0,0.0
2015-06-04 00:00:00-04:00,20.198067048053947,20.264314463539563,20.036128297327604,20.072933197021484,4997700,0.0,0.0
2015-06-05 00:00:00-04:00,20.153902396614274,20.20542925932579,20.014047981144802,20.10237693786621,6964300,0.0,0.0
2015-06-08 00:00:00-04:00,20.0655774460651,20.146546842528462,19.91836061685239,19.933082580566406,5832100,0.0,0.0
2015-06-09 00:00:00-04:00,19.896275269676998,19.925717787509818,19.785861966904392,19.85947036743164,5192200,0.0,0.0
2015-06-10 00:00:00-04:00,19.955165466404782,20.3084841707012,19.910999575394936,20.29376220703125,5261700,0.0,0.0
2015-06-11 00:00:00-04:00,20.315841506869024,20.51458376885796,20.271677027748197,20.485139846801758,2410100,0.0,0.0
2015-06-12 00:00:00-04:00,20.440977096557617,20.477780598277196,20.330565187435287,20.440977096557617,2001300,0.0,0.0
2015-06-15 00:00:00-04:00,20.28639636886351,20.404169242102164,20.227509932244185,20.30847930908203,3370500,0.0,0.0
2015-06-16 00:00:00-04:00,20.27904143794366,20.455702204462195,20.22751596602734,20.396814346313477,2028900,0.0,0.0
2015-06-17 00:00:00-04:00,20.477780589328027,20.56611095896545,20.345285736853693,20.514585494995117,3813400,0.0,0.0
2015-06-18 00:00:00-04:00,20.6029101563579,20.912064279555736,20.573467641938883,20.88262176513672,3613700,0.0,0.0
2015-06-19 00:00:00-04:00,20.74276924654809,20.926789553697787,20.661799862133897,20.669160842895508,4440100,0.0,0.0
2015-06-22 00:00:00-04:00,20.88998794555664,20.934153837094048,20.794297988486417,20.88998794555664,3458200,0.0,0.0
2015-06-23 00:00:00-04:00,20.88997858176516,20.978308921282753,20.82373258208086,20.941505432128906,2761800,0.0,0.0
2015-06-24 00:00:00-04:00,20.934154549161104,20.956236091717155,20.72805126020058,20.786937713623047,2557400,0.0,0.0
2015-06-25 00:00:00-04:00,20.779573264666656,20.831098727319528,20.60291393387242,20.735408782958984,3746300,0.0,0.0
2015-06-26 00:00:00-04:00,20.809017878632087,20.919429788545134,20.76485199149598,20.845821380615234,3323200,0.0,0.0
2015-06-29 00:00:00-04:00,20.610274759028343,20.728047645334275,20.448337391348566,20.47041893005371,3361000,0.0,0.0
2015-06-30 00:00:00-04:00,20.676521128276644,20.72068560739747,20.44097536768093,20.485139846801758,3367000,0.0,0.0
2015-07-01 00:00:00-04:00,21.184414567468323,21.184414567468323,20.823734996875107,20.934146881103516,5053900,0.0,0.0
2015-07-02 00:00:00-04:00,20.978319038237004,21.044566473832752,20.735412242373865,20.786937713623047,3268900,0.0,0.0
2015-07-06 00:00:00-04:00,20.56611316473146,20.926792855171147,20.551391200885654,20.88998794555664,3498000,0.0,0.0
2015-07-07 00:00:00-04:00,20.919429571162294,21.34635664796301,20.794295700170863,21.309553146362305,5553400,0.0,0.0
2015-07-08 00:00:00-04:00,21.19913951105985,21.361078285151464,21.066646064935217,21.1402530670166,4226900,0.0,0.0
2015-07-09 00:00:00-04:00,21.39788314996809,21.442047634824423,21.235945769519105,21.368440628051758,5223700,0.0,0.0
2015-07-10 00:00:00-04:00,21.574538322498917,21.69231119532335,21.537734826227553,21.633424758911133,3833100,0.0,0.0
2015-07-13 00:00:00-04:00,21.810085294423597,22.317981714512634,21.736478297742305,21.88369369506836,3499200,0.0,0.0
2015-07-14 00:00:00-04:00,21.824808454351444,21.949942321133072,21.810086492621007,21.920499801635742,3113600,0.0,0.0
2015-07-15 00:00:00-04:00,21.89106326449887,22.133970099156773,21.824815818322715,22.089805603027344,4031800,0.0,0.0
2015-07-16 00:00:00-04:00,22.29590278596566,22.376870772581942,22.097160502158758,22.214933395385742,7075100,0.0,0.0
2015-07-17 00:00:00-04:00,22.2296524296132,23.09822705174989,22.185486547498535,23.024620056152344,9790600,0.0,0.0
2015-07-20 00:00:00-04:00,22.759630023085634,23.1276706111666,22.575609729045148,22.641857147216797,8144000,0.0,0.0
2015-07-21 00:00:00-04:00,22.656579796945586,22.737547774091464,22.362146194352867,22.465198516845703,4897300,0.0,0.0
2015-07-22 00:00:00-04:00,22.479924280293854,22.590336197960795,22.428397408349824,22.53881072998047,3428700,0.0,0.0
2015-07-23 00:00:00-04:00,22.538811965045607,22.619779960324212,22.428398637364612,22.494646072387695,2813700,0.0,0.0
2015-07-24 00:00:00-04:00,22.457836151123047,22.538805527237976,22.413671675043712,22.457836151123047,2606200,0.0,0.0
2015-07-27 00:00:00-04:00,22.30326045379138,22.48728075919878,22.25173499291147,22.428394317626953,2462000,0.0,0.0
2015-07-28 00:00:00-04:00,22.59769475700272,22.619776295790558,22.31798309800598,22.39895248413086,2906400,0.0,0.0
2015-07-29 00:00:00-04:00,22.406317469146238,22.516729394707138,22.20757516075833,22.3695125579834,4353100,0.0,0.0
2015-07-30 00:00:00-04:00,22.332707132992844,22.45784101227317,22.23701577615064,22.443119049072266,3187100,0.0,0.0
2015-07-31 00:00:00-04:00,22.582970528028902,22.597692488385203,22.428392752214574,22.450475692749023,2272400,0.0,0.0
2015-08-03 00:00:00-04:00,22.443119371762403,22.53881072998047,22.376871940369497,22.53881072998047,1986100,0.0,0.0
2015-08-04 00:00:00-04:00,22.332710218566543,22.590338994322643,22.332710218566543,22.47992706298828,3210100,0.0,0.0
2015-08-05 00:00:00-04:00,22.63449339510727,22.70074080516611,22.472556061609698,22.627132415771484,3063000,0.0,0.0
2015-08-06 00:00:00-04:00,22.634500358792987,22.693386807632926,22.36951063703142,22.443119049072266,3328200,0.0,0.0
2015-08-07 00:00:00-04:00,22.376870748995856,22.516726586041848,22.303262339815667,22.502004623413086,2591000,0.0,0.0
2015-08-10 00:00:00-04:00,22.656584126709227,22.796438570307696,22.627140199237715,22.74491310119629,2406300,0.0,0.0
2015-08-11 00:00:00-04:00,22.553528339300755,22.85532152996387,22.54616735855732,22.766992568969727,3282700,0.0,0.0
2015-08-12 00:00:00-04:00,22.55352920103768,22.730188533739383,22.376869868335977,22.708106994628906,2599000,0.0,0.0
2015-08-13 00:00:00-04:00,22.81852149963379,22.91421145592047,22.553531768434162,22.81852149963379,2651000,0.0,0.0
2015-08-14 00:00:00-04:00,22.818521836190904,22.928933757831334,22.730191456500307,22.840604782104492,2547000,0.0,0.0
2015-08-17 00:00:00-04:00,22.74491048380316,23.002539203677056,22.634498576418224,22.99517822265625,1976100,0.0,0.0
2015-08-18 00:00:00-04:00,22.95101494937761,22.980457471048062,22.833242054768498,22.958375930786133,2639000,0.0,0.0
2015-08-19 00:00:00-04:00,22.892128650143718,23.23808635480024,22.818520239546,23.149757385253906,5836500,0.0,0.0
2015-08-20 00:00:00-04:00,22.96573747606479,23.017262943225905,22.722830699474038,22.73019027709961,3609700,0.0,0.0
2015-08-21 00:00:00-04:00,22.568255119458865,22.57561610177398,22.052997589111328,22.052997589111328,5532700,0.0,0.0
2015-08-24 00:00:00-04:00,21.147613003127496,21.751199375738885,20.04349117889784,21.15497398376465,8233700,0.0,0.0
2015-08-25 00:00:00-04:00,21.530375045545885,21.721756325537463,21.000397088313143,21.015117645263672,5679800,0.0,0.0
2015-08-26 00:00:00-04:00,21.53038037611674,21.780648157763064,21.199143193360186,21.72176170349121,6306300,0.0,0.0
2015-08-27 00:00:00-04:00,22.016190766180582,22.362148459111886,21.8910568935946,22.26645851135254,4757000,0.0,0.0
2015-08-28 00:00:00-04:00,22.229655028710305,22.229655028710305,22.00146882299529,22.11924171447754,3122400,0.0,0.0
2015-08-31 00:00:00-04:00,22.097163483002024,22.15604993755913,21.964668609257583,22.052997589111328,2922500,0.0,0.0
2015-09-01 00:00:00-04:00,21.581900508305658,21.75855982741209,21.434685111032035,21.523014068603516,3673200,0.0,0.0
2015-09-02 00:00:00-04:00,21.78800167578644,21.846888109884645,21.596620413976435,21.839527130126953,3624900,0.0,0.0
2015-09-03 00:00:00-04:00,21.93521724669524,22.148681449604403,21.817444377491338,21.957300186157227,3127300,0.0,0.0
2015-09-04 00:00:00-04:00,21.684955073601735,21.79536839507975,21.581904137783543,21.69231605529785,3471500,0.0,0.0
2015-09-08 00:00:00-04:00,22.023554521840865,22.170771356592706,21.810090251847075,22.13396644592285,4202400,0.0,0.0
2015-09-09 00:00:00-04:00,22.317986843953484,22.39159526151599,21.81745128928499,21.846895217895508,3171400,0.0,0.0
2015-09-10 00:00:00-04:00,21.832167037845725,22.170765100646907,21.795363541524537,22.067712783813477,3144600,0.0,0.0
2015-09-11 00:00:00-04:00,21.97202166530696,22.259092852218284,21.949938726327893,22.251731872558594,2696700,0.0,0.0
2015-09-14 00:00:00-04:00,22.281180823321378,22.376870772581942,22.16340793009439,22.214933395385742,3611000,0.0,0.0
2015-09-15 00:00:00-04:00,22.310620912298845,22.54616667307316,22.214930973470583,22.509363174438477,2683500,0.0,0.0
2015-09-16 00:00:00-04:00,22.59033393593544,22.8847661548863,22.494642587299182,22.803796768188477,4110300,0.0,0.0
2015-09-17 00:00:00-04:00,22.877405326508296,23.333776321898775,22.83324084436198,23.06878662109375,5661700,0.0,0.0
2015-09-18 00:00:00-04:00,22.678665170508864,22.951015877786777,22.281181986115136,22.53881072998047,12851400,0.0,0.0
2015-09-21 00:00:00-04:00,22.803798503156216,23.002540792555173,22.656583084462063,22.759634017944336,3667100,0.0,0.0
2015-09-22 00:00:00-04:00,22.38423034653526,22.663942003335702,22.38423034653526,22.56825065612793,2866200,0.0,0.0
2015-09-23 00:00:00-04:00,22.546172383002688,22.671306275600255,22.465204384708148,22.582977294921875,2341900,0.0,0.0
2015-09-24 00:00:00-04:00,22.42839603066355,22.568251866564868,22.317984119778767,22.531448364257812,3069800,0.0,0.0
2015-09-25 00:00:00-04:00,22.833235964532005,22.914203930502158,22.450473457163604,22.575607299804688,4121700,0.0,0.0
2015-09-28 00:00:00-04:00,22.421033326979757,22.59033307489166,22.21493148355163,22.28853988647461,3945000,0.0,0.0
2015-09-29 00:00:00-04:00,22.295902937199738,22.428396390006085,22.008830279543556,22.406314849853516,5105500,0.0,0.0
2015-09-30 00:00:00-04:00,22.619775253268596,22.64921917558008,22.457837892445912,22.55352783203125,4341100,0.0,0.0
2015-10-01 00:00:00-04:00,22.612410793067184,22.781710512379195,22.332700593967676,22.575607299804688,3609200,0.0,0.0
2015-10-02 00:00:00-04:00,22.29590458921779,22.862686157226562,22.148687758795614,22.862686157226562,4147700,0.0,0.0
2015-10-05 00:00:00-04:00,23.02461903326232,23.135030925716936,22.847959724542257,23.105587005615234,3714700,0.0,0.0
2015-10-06 00:00:00-04:00,23.039343219164316,23.333776850715388,22.973095792461685,23.061426162719727,3636700,0.0,0.0
2015-10-07 00:00:00-04:00,23.17919954618212,23.2896114583776,23.08350959666967,23.274890899658203,2343000,0.0,0.0
2015-10-08 00:00:00-04:00,23.186561337254965,23.67237489105178,23.186561337254965,23.650293350219727,2510100,0.0,0.0
2015-10-09 00:00:00-04:00,23.628200671687217,23.76805786879197,23.53987173157069,23.613481521606445,3286800,0.0,0.0
2015-10-12 00:00:00-04:00,23.61348725168904,23.826948674775643,23.561958982196895,23.753341674804688,2071600,0.0,0.0
2015-10-13 00:00:00-04:00,23.687097040318935,23.849035828832413,23.569324141743873,23.620849609375,2135100,0.0,0.0
2015-10-14 00:00:00-04:00,23.591407860084054,23.65029571877025,23.18656365936324,23.230728149414062,2357700,0.0,0.0
2015-10-15 00:00:00-04:00,23.41475000398475,23.569327835064215,23.223368662819844,23.429471969604492,4150400,0.0,0.0
2015-10-16 00:00:00-04:00,23.650295200609158,24.05513939246012,23.547242854129944,23.937366485595703,4036400,0.0,0.0
2015-10-19 00:00:00-04:00,23.885841162454028,24.091943048762904,23.81223134025257,24.055139541625977,2507900,0.0,0.0
2015-10-20 00:00:00-04:00,24.08457362521015,24.275953468846446,24.08457362521015,24.246509552001953,2021500,0.0,0.0
2015-10-21 00:00:00-04:00,24.290685356815434,24.371654757273234,24.03305799892934,24.055139541625977,2825000,0.0,0.0
2015-10-22 00:00:00-04:00,24.180263531413413,24.356924234697175,24.158181996475427,24.32748031616211,2486400,0.0,0.0
2015-10-23 00:00:00-04:00,24.42317164743776,24.47469710091081,24.246510944153997,24.32748031616211,2894700,0.0,0.0
2015-10-26 00:00:00-04:00,24.342210041540252,24.511508415239696,24.327488077575843,24.45262336730957,2174000,0.0,0.0
2015-10-27 00:00:00-04:00,24.29068286069641,24.42317771911621,24.239157394413965,24.42317771911621,3058800,0.0,0.0
2015-10-28 00:00:00-04:00,24.430538988519398,24.747054193561265,24.33485043475512,24.732332229614258,2301800,0.0,0.0
2015-10-29 00:00:00-04:00,24.688163254170977,24.98995642324657,24.666078909556873,24.761770248413086,2502500,0.0,0.0
2015-10-30 00:00:00-04:00,24.74705177358263,24.78385527588743,24.37165155739009,24.38637351989746,3852800,0.0,0.0
2015-11-02 00:00:00-05:00,24.48942578832025,24.783856630781955,24.393734430754684,24.75441551208496,3805500,0.0,0.0
2015-11-03 00:00:00-05:00,24.69552698885899,24.710248951771785,24.46734358352896,24.57039451599121,3109400,0.0,0.0
2015-11-04 00:00:00-05:00,24.585116669943034,24.658723677151656,24.379011995489684,24.40109634399414,2482100,0.0,0.0
2015-11-05 00:00:00-05:00,24.40845298086862,24.504144325053023,23.723897226178288,23.83431053161621,7335200,0.0,0.0
2015-11-06 00:00:00-05:00,23.400024250305936,23.679733111235443,23.05406515482335,23.561960220336914,7693200,0.0,0.0
2015-11-09 00:00:00-05:00,23.54723510325613,23.591399577802036,23.068782651112702,23.164472579956055,5092200,0.0,0.0
2015-11-10 00:00:00-05:00,23.171838925658662,23.370581213083405,22.99517958260233,23.149757385253906,5512500,0.0,0.0
2015-11-11 00:00:00-05:00,23.208643655777383,23.36322005328535,23.09823033874181,23.245447158813477,2602300,0.0,0.0
2015-11-12 00:00:00-05:00,23.120312617268322,23.208642987560868,22.84060235194187,22.847963333129883,3150200,0.0,0.0
2015-11-13 00:00:00-05:00,22.8111595106949,22.87740694057009,22.524088250544867,22.612417221069336,3243300,0.0,0.0
2015-11-16 00:00:00-05:00,22.37686901334894,22.774353549713158,22.178126745166832,22.766992568969727,3295000,0.0,0.0
2015-11-17 00:00:00-05:00,22.766987691213647,22.892121529115418,22.627131894979144,22.634492874145508,3105100,0.0,0.0
2015-11-18 00:00:00-05:00,22.590334258091264,23.149756184057477,22.39895296205307,23.112951278686523,4413800,0.0,0.0
2015-11-19 00:00:00-05:00,23.098229316538145,23.208642628687414,22.973095446204077,23.112951278686523,2343100,0.0,0.0
2015-11-20 00:00:00-05:00,23.19392169297749,23.436828463321184,23.135035245741552,23.245447158813477,2794400,0.0,0.0
2015-11-23 00:00:00-05:00,23.282255479600792,23.488358789556944,23.223369020179597,23.377946853637695,2719100,0.0,0.0
2015-11-24 00:00:00-05:00,23.193916172783297,23.407378966722668,23.17183323383923,23.36321449279785,2381700,0.0,0.0
2015-11-25 00:00:00-05:00,23.341132219916037,23.422101594391503,22.987813610508592,23.039339065551758,2188800,0.0,0.0
2015-11-27 00:00:00-05:00,23.02462562838261,23.031986610516498,22.87004781149853,22.90685272216797,1607900,0.0,0.0
2015-11-30 00:00:00-05:00,22.906847001789615,22.973093016523848,22.66394026788597,22.68602180480957,4894700,0.0,0.0
2015-12-01 00:00:00-05:00,22.597693538669,22.94365119934082,22.590332558148727,22.94365119934082,4911000,0.0,0.0
2015-12-02 00:00:00-05:00,22.87004349652322,22.943651900010348,22.671301228297033,22.693384170532227,3480800,0.0,0.0
2015-12-03 00:00:00-05:00,22.722832685327607,22.75963619252664,22.310626104086666,22.3695125579834,4184800,0.0,0.0
2015-12-04 00:00:00-05:00,22.398950100280754,23.068783848852227,22.398950100280754,22.980453491210938,4293300,0.0,0.0
2015-12-07 00:00:00-05:00,22.943652414759264,23.01726081989782,22.722828603307143,22.833240509033203,2982900,0.0,0.0
2015-12-08 00:00:00-05:00,22.715466945111462,22.877404308417116,22.649219522858353,22.789073944091797,2835800,0.0,0.0
2015-12-09 00:00:00-05:00,22.678662561090825,22.93629127531327,22.450477770305707,22.56825065612793,3533000,0.0,0.0
2015-12-10 00:00:00-05:00,22.568252901172503,22.811159677840166,22.44311902204288,22.590335845947266,3011800,0.0,0.0
2015-12-11 00:00:00-05:00,22.30325992140136,22.487280222416103,22.19284802158521,22.295900344848633,2647300,0.0,0.0
2015-12-14 00:00:00-05:00,22.3327024824999,22.715465022236057,22.288538006057543,22.64921760559082,3641000,0.0,0.0
2015-12-15 00:00:00-05:00,22.811154093564145,22.95837088142918,22.56824737636117,22.78171157836914,4246400,0.0,0.0
2015-12-16 00:00:00-05:00,22.973098827617196,23.407386947172256,22.85532592102231,23.385305404663086,4238400,0.0,0.0
2015-12-17 00:00:00-05:00,23.57667902848491,23.598763373023786,23.127670468491207,23.17183494567871,3716700,0.0,0.0
2015-12-18 00:00:00-05:00,23.068785764749407,23.098228283766147,22.693384170532227,22.693384170532227,5719400,0.0,0.0
2015-12-21 00:00:00-05:00,22.840605286926763,23.090873063623818,22.678666487908792,22.90685272216797,2526800,0.0,0.0
2015-12-22 00:00:00-05:00,23.05407027008455,23.525161938204988,22.936297353054442,23.429471969604492,3021100,0.0,0.0
2015-12-23 00:00:00-05:00,23.50307239644144,23.584041775834976,23.392660499790622,23.554597854614258,2397400,0.0,0.0
2015-12-24 00:00:00-05:00,23.47362847522072,23.694452268522355,23.392660499790622,23.554597854614258,869000,0.0,0.0
2015-12-28 00:00:00-05:00,23.466271479988624,23.53987989157726,23.341137601477048,23.525157928466797,1734200,0.0,0.0
2015-12-29 00:00:00-05:00,23.694455727939534,23.907919976065447,23.576682833788563,23.893198013305664,2703300,0.0,0.0
2015-12-30 00:00:00-05:00,23.81222168572134,23.974160420979796,23.79014015197754,23.79014015197754,1598800,0.0,0.0
2015-12-31 00:00:00-05:00,23.657652627758885,23.701818516790127,23.400025294894984,23.407384872436523,1460600,0.0,0.0
2016-01-04 00:00:00-05:00,23.112954606061695,23.13503755246336,22.649223963337025,22.90685272216797,3266700,0.0,0.0
2016-01-05 00:00:00-05:00,22.906850796327955,23.245447522237367,22.818520422111252,23.12031364440918,6043500,0.0,0.0
2016-01-06 00:00:00-05:00,22.840604615437858,23.002542005731257,22.71547073076813,22.862686157226562,4206300,0.0,0.0
2016-01-07 00:00:00-05:00,22.531445413577515,22.77435214729882,22.35478609850415,22.472558975219727,4892900,0.0,0.0
2016-01-08 00:00:00-05:00,22.575609177901214,22.605051694167923,22.111878665984268,22.141321182250977,4178000,0.0,0.0
2016-01-11 00:00:00-05:00,22.29590053162323,22.627136233846468,22.266456609311746,22.55352783203125,3519600,0.0,0.0
2016-01-12 00:00:00-05:00,22.708104222294864,22.75962967921356,22.185485865055075,22.619773864746094,3083700,0.0,0.0
2016-01-13 00:00:00-05:00,22.730185898270733,22.759629818955574,22.119238583694422,22.16340446472168,2794900,0.0,0.0
2016-01-14 00:00:00-05:00,22.237014247787307,22.524086894619558,22.156046263674675,22.244375228881836,4102800,0.0,0.0
2016-01-15 00:00:00-05:00,21.699676300176886,22.141325359201534,21.699676300176886,22.016191482543945,4173800,0.0,0.0
2016-01-19 00:00:00-05:00,21.957305570609673,22.060356505442783,21.69231584793745,21.935222625732422,4456500,0.0,0.0
2016-01-20 00:00:00-05:00,21.692317400617867,22.089802013077126,21.581905476256,21.846895217895508,5852400,0.0,0.0
2016-01-21 00:00:00-05:00,21.913136569411513,22.082434900027174,21.68495039792425,21.751197814941406,4218700,0.0,0.0
2016-01-22 00:00:00-05:00,22.03091516669475,22.126605125043838,21.846894828054083,22.045637130737305,3037000,0.0,0.0
2016-01-25 00:00:00-05:00,22.03827358181396,22.08243806483382,21.684953505764284,21.714397430419922,3749200,0.0,0.0
2016-01-26 00:00:00-05:00,21.802728325517748,22.030913131240133,21.62606758125643,21.7070369720459,3800000,0.0,0.0
2016-01-27 00:00:00-05:00,22.56825539505805,22.62714185033426,22.023555332762097,22.362152099609375,5831800,0.0,0.0
2016-01-28 00:00:00-05:00,22.53881021362017,22.67130366940687,22.016191756156314,22.612417221069336,4399900,0.0,0.0
2016-01-29 00:00:00-05:00,22.7817148712778,23.083508066455835,22.68602352414513,23.002538681030273,6877600,0.0,0.0
2016-02-01 00:00:00-05:00,22.70555323604752,23.228304127535374,22.70555323604752,23.091934204101562,6982100,0.888,0.0
2016-02-02 00:00:00-05:00,23.00859977487064,23.228305765318737,22.87980610977163,23.099512100219727,5102900,0.0,0.0
2016-02-03 00:00:00-05:00,23.228306278574195,23.228306278574195,22.720707874912186,23.046480178833008,5863300,0.0,0.0
2016-02-04 00:00:00-05:00,23.02375091662486,23.235882084617117,22.932838591074866,23.22830581665039,4987500,0.0,0.0
2016-02-05 00:00:00-05:00,23.22830470131674,23.448012126726223,23.09951104211729,23.258609771728516,3762200,0.0,0.0
2016-02-08 00:00:00-05:00,23.023750412905414,23.387404042225374,22.99344678672686,23.28133773803711,5718600,0.0,0.0
2016-02-09 00:00:00-05:00,23.08436347813964,23.720755643581303,23.06921238469625,23.394983291625977,7501200,0.0,0.0
2016-02-10 00:00:00-05:00,23.50862312570294,23.849546531084464,23.410133082240737,23.417709350585938,4266700,0.0,0.0
2016-02-11 00:00:00-05:00,23.038898667846475,23.243453525390112,22.872225142269286,22.902528762817383,5204000,0.0,0.0
2016-02-12 00:00:00-05:00,23.19042272010958,23.82681469119899,23.15254138550595,23.773780822753906,6632000,0.0,0.0
2016-02-16 00:00:00-05:00,24.016219580204634,24.031370670630313,23.690447293134852,23.97833824157715,5294100,0.0,0.0
2016-02-17 00:00:00-05:00,24.243503800478255,24.41017881392282,24.076830232059123,24.28896141052246,4908700,0.0,0.0
2016-02-18 00:00:00-05:00,24.28895921856183,24.334413934453103,24.076828059242295,24.20562171936035,3178500,0.0,0.0
2016-02-19 00:00:00-05:00,24.061676634234253,24.304112875368723,24.054100366227676,24.175317764282227,3188200,0.0,0.0
2016-02-22 00:00:00-05:00,24.36472349688663,24.455635835480106,24.122288667269938,24.266233444213867,2926700,0.0,0.0
2016-02-23 00:00:00-05:00,24.266235270053546,24.33442025164181,24.09956167340761,24.190475463867188,2888500,0.0,0.0
2016-02-24 00:00:00-05:00,24.001073855878513,24.167747458062824,23.826823983818677,24.129867553710938,3640900,0.0,0.0
2016-02-25 00:00:00-05:00,24.22835062006616,24.4177529884751,24.160165651836905,24.372295379638672,3029100,0.0,0.0
2016-02-26 00:00:00-05:00,24.50867177961162,24.50867177961162,24.145020928194633,24.326847076416016,3117600,0.0,0.0
2016-02-29 00:00:00-05:00,24.266227896189637,24.417750352570046,24.160163043738493,24.182891845703125,3707300,0.0,0.0
2016-03-01 00:00:00-05:00,24.3647227630948,24.698069921265557,24.281385251039346,24.675342559814453,3260200,0.0,0.0
2016-03-02 00:00:00-05:00,24.660187655230143,25.02383985379902,24.569275328100616,24.94808006286621,3732000,0.0,0.0
2016-03-03 00:00:00-05:00,24.98596060545802,25.41022295980197,24.98596060545802,25.372343063354492,7479000,0.0,0.0
2016-03-04 00:00:00-05:00,25.342033917477117,25.402641164042766,25.054141548651724,25.14505386352539,3659200,0.0,0.0
2016-03-07 00:00:00-05:00,25.03142167456056,25.289009052073094,25.00869142151008,25.251129150390625,3800100,0.0,0.0
2016-03-08 00:00:00-05:00,25.160209886808516,25.228394854932013,24.955654982438027,25.023839950561523,3916800,0.0,0.0
2016-03-09 00:00:00-05:00,25.152635063706256,25.23597256808506,24.955654982438027,25.023839950561523,1962800,0.0,0.0
2016-03-10 00:00:00-05:00,25.1147600007109,25.205672345685446,24.71322493780824,24.879899978637695,4260100,0.0,0.0
2016-03-11 00:00:00-05:00,25.092026590444025,25.167789276768264,24.87232202523117,25.16021156311035,5756100,0.0,0.0
2016-03-14 00:00:00-04:00,25.152642913898116,25.167795454882565,24.940510230167533,25.03142547607422,3522600,0.0,0.0
2016-03-15 00:00:00-04:00,24.887469282367313,25.23597182588829,24.857167100798673,25.213241577148438,3153200,0.0,0.0
2016-03-16 00:00:00-04:00,25.190512785234677,25.81175226783191,25.0844479306523,25.77387237548828,4386200,0.0,0.0
2016-03-17 00:00:00-04:00,25.819328313430475,26.160250212563696,25.592043193941198,26.10721778869629,3810900,0.0,0.0
2016-03-18 00:00:00-04:00,26.190560176030562,26.266319969987745,26.054190234866923,26.22086524963379,6531100,0.0,0.0
2016-03-21 00:00:00-04:00,26.137524613151694,26.493601960233992,26.10721954317649,26.46329689025879,3242800,0.0,0.0
2016-03-22 00:00:00-04:00,26.395116005535833,26.622398285360884,26.349658393550428,26.54663848876953,3645400,0.0,0.0
2016-03-23 00:00:00-04:00,26.50876118094187,26.720890944168033,26.45572585008406,26.64512825012207,3701300,0.0,0.0
2016-03-24 00:00:00-04:00,26.493608165310963,26.56936796794216,26.1829883504411,26.372390747070312,2504700,0.0,0.0
2016-03-28 00:00:00-04:00,26.364806959997473,26.592089205590877,26.33450188990487,26.5390567779541,2097500,0.0,0.0
2016-03-29 00:00:00-04:00,26.546642865754542,26.65270775449071,26.417847722252432,26.531490325927734,3320700,0.0,0.0
2016-03-30 00:00:00-04:00,26.645121633227653,26.713306595910726,26.410264565136373,26.5390567779541,2325500,0.0,0.0
2016-03-31 00:00:00-04:00,26.56179302000101,26.667857899211228,26.455725250739583,26.622400283813477,2877300,0.0,0.0
2016-04-01 00:00:00-04:00,26.60723836381376,26.89513071305488,26.486020988878057,26.87997817993164,2633400,0.0,0.0
2016-04-04 00:00:00-04:00,26.872413442208693,26.925445883015232,26.59967352374576,26.64512825012207,2747400,0.0,0.0
2016-04-05 00:00:00-04:00,26.569363793835326,26.64512358456449,26.251169204711918,26.251169204711914,4073700,0.0,0.0
2016-04-06 00:00:00-04:00,26.258741666259834,26.349653984969045,26.152676812757335,26.342079162597656,3518200,0.0,0.0
2016-04-07 00:00:00-04:00,26.251171124009527,26.266320771222382,25.963278696098694,26.06934356689453,3366000,0.0,0.0
2016-04-08 00:00:00-04:00,26.152678603297772,26.228438392400587,26.023883493762153,26.08449363708496,3791900,0.0,0.0
2016-04-11 00:00:00-04:00,26.137528827227595,26.26632106031119,25.9405516207318,25.970853805541992,1936700,0.0,0.0
2016-04-12 00:00:00-04:00,26.03903779088523,26.342082747895983,25.9405506364,26.2966251373291,3670500,0.0,0.0
2016-04-13 00:00:00-04:00,26.39511522870683,26.47845273653522,26.05419037397744,26.334505081176758,3685500,0.0,0.0
2016-04-14 00:00:00-04:00,25.857203642930653,25.864778463554174,25.175354184820325,25.432941436767578,7797500,0.0,0.0
2016-04-15 00:00:00-04:00,25.395064454943956,25.410216987972014,25.175357061112344,25.326879501342773,4164600,0.0,0.0
2016-04-18 00:00:00-04:00,25.281425771554687,25.54659080505371,25.228393342865004,25.54659080505371,3837900,0.0,0.0
2016-04-19 00:00:00-04:00,25.59962384277756,25.713263525508765,25.478406447167206,25.569318771362305,3383000,0.0,0.0
2016-04-20 00:00:00-04:00,25.58446988769057,25.660229671975028,25.213240008575497,25.334457397460938,2510100,0.0,0.0
2016-04-21 00:00:00-04:00,25.235970145451994,25.311729929404876,24.75109770198184,24.78898048400879,3470100,0.0,0.0
2016-04-22 00:00:00-04:00,24.79656840370388,25.039003308465595,24.79656840370388,24.96324348449707,2387100,0.0,0.0
2016-04-25 00:00:00-04:00,24.864743068464893,24.932928037722327,24.751100489685562,24.895048141479492,2309500,0.0,0.0
2016-04-26 00:00:00-04:00,24.932927758315177,24.970807654133516,24.713220316497697,24.811710357666016,3172600,0.0,0.0
2016-04-27 00:00:00-04:00,24.84959104347693,24.963233624595553,24.720798815589994,24.842016220092773,2062100,0.0,0.0
2016-04-28 00:00:00-04:00,24.65261459350586,24.84201697442084,24.554124546215796,24.65261459350586,2179900,0.0,0.0
2016-04-29 00:00:00-04:00,24.546541447767126,24.75867111806499,24.440473722568193,24.698060989379883,2336900,0.0,0.0
2016-05-02 00:00:00-04:00,24.720798675013953,25.13748331999458,24.720798675013953,25.05414581298828,2217400,0.0,0.0
2016-05-03 00:00:00-04:00,24.834436754551003,25.167786760953476,24.751099252950386,25.137481689453125,2812600,0.0,0.0
2016-05-04 00:00:00-04:00,25.001112397265782,25.07687218790386,24.781404958344293,24.8723201751709,3243100,0.0,0.0
2016-05-05 00:00:00-04:00,24.963232550578677,25.258699780713854,24.819284902014836,24.910200119018555,3484800,0.0,0.0
2016-05-06 00:00:00-04:00,24.804137801678372,25.0465726251358,24.55412526433418,24.970809936523438,3161400,0.0,0.0
2016-05-09 00:00:00-04:00,24.94050290537426,25.205667959648064,24.83443803968507,25.114755630493164,2024100,0.0,0.0
2016-05-10 00:00:00-04:00,25.213246011675032,25.463258561430926,25.122333670877982,25.45568084716797,2208300,0.0,0.0
2016-05-11 00:00:00-04:00,25.395070331250423,25.48598266040532,25.099603093958876,25.114755630493164,2469500,0.0,0.0
2016-05-12 00:00:00-04:00,25.228391117953567,25.448098526035004,25.145053625919203,25.425371170043945,2467500,0.0,0.0
2016-05-13 00:00:00-04:00,25.319308490006346,25.387493461651196,25.129906112109648,25.182941436767578,2339700,0.0,0.0
2016-05-16 00:00:00-04:00,25.160217739364498,25.22082790330229,25.001120394105325,25.03142547607422,4540000,0.0,0.0
2016-05-17 00:00:00-04:00,25.016268587207854,25.152638542314804,24.796561116196525,24.86474609375,4758900,0.0,0.0
2016-05-18 00:00:00-04:00,24.758677216952428,24.758677216952428,24.235926288472427,24.531394958496094,10880600,0.0,0.0
2016-05-19 00:00:00-04:00,24.425329871575745,24.76625181108541,24.2889599397516,24.66776466369629,4692600,0.0,0.0
2016-05-20 00:00:00-04:00,24.796563317635098,25.06930325206285,24.735956048901954,24.985965728759766,3655600,0.0,0.0
2016-05-23 00:00:00-04:00,24.95566083033713,25.04657606917329,24.895053561164485,24.99354362487793,3021400,0.0,0.0
2016-05-24 00:00:00-04:00,25.15263561788794,25.61477786867937,25.06172328840382,25.372343063354492,2874800,0.0,0.0
2016-05-25 00:00:00-04:00,25.395073523966268,25.44053113928415,25.16779122747925,25.19809341430664,2651300,0.0,0.0
2016-05-26 00:00:00-04:00,25.16778244144332,25.258694750290534,25.129899663544307,25.190509796142578,3123300,0.0,0.0
2016-05-27 00:00:00-04:00,25.198084617692267,25.243542217140966,25.129899663544307,25.190509796142578,3646800,0.0,0.0
2016-05-31 00:00:00-04:00,25.258702444915812,25.342039957600665,25.09202741954611,25.228397369384766,6316600,0.0,0.0
2016-06-01 00:00:00-04:00,25.1677816311289,25.342031421663403,25.122324033143773,25.30415153503418,3077600,0.0,0.0
2016-06-02 00:00:00-04:00,24.955655862677553,25.22082092142222,24.796558561461286,25.129905700683594,2721900,0.0,0.0
2016-06-03 00:00:00-04:00,24.857167687458436,24.993537622913248,24.698067502727305,24.910200119018555,2866300,0.0,0.0
2016-06-06 00:00:00-04:00,24.895045389576698,25.03141531301721,24.781402823359436,24.826860427856445,1642700,0.0,0.0
2016-06-07 00:00:00-04:00,24.902624049127127,24.96323419779568,24.637461873829604,24.645036697387695,2811300,0.0,0.0
2016-06-08 00:00:00-04:00,24.584431359386237,24.895051170451808,24.54655145853457,24.86474609375,2207800,0.0,0.0
2016-06-09 00:00:00-04:00,24.78140556270016,24.932928037722327,24.720798306721793,24.895048141479492,2159000,0.0,0.0
2016-06-10 00:00:00-04:00,24.735947821739998,24.940499814475498,24.66776286081134,24.74352264404297,3293200,0.0,0.0
2016-06-13 00:00:00-04:00,24.758681023301804,24.887473263208722,24.46321375287896,24.493518829345703,2665900,0.0,0.0
2016-06-14 00:00:00-04:00,24.478364394432347,24.53897165261858,24.266231765653174,24.311689376831055,2877000,0.0,0.0
2016-06-15 00:00:00-04:00,24.266231681966392,24.372296550964723,24.00864577797408,24.054101943969727,3325000,0.0,0.0
2016-06-16 00:00:00-04:00,23.92530398604675,24.21319491251122,23.773781533154796,24.198043823242188,2017900,0.0,0.0
2016-06-17 00:00:00-04:00,24.09955596923828,24.190469738179306,23.99349110966153,24.09955596923828,2605000,0.0,0.0
2016-06-20 00:00:00-04:00,24.28896633104545,24.44806366335424,24.10713874408437,24.129867553710938,2490100,0.0,0.0
2016-06-21 00:00:00-04:00,24.22835372566882,24.349571141386225,24.122288848172488,24.27381134033203,2011300,0.0,0.0
2016-06-22 00:00:00-04:00,24.213201005863414,24.42533364931637,24.213201005863414,24.266233444213867,1821300,0.0,0.0
2016-06-23 00:00:00-04:00,24.501090166757013,24.61473274230957,24.357145409101086,24.61473274230957,1904000,0.0,0.0
2016-06-24 00:00:00-04:00,23.82682017835323,24.258657377107674,23.698026501090897,24.001070022583008,5671400,0.0,0.0
2016-06-27 00:00:00-04:00,23.74348012420456,23.940458753326702,23.591957657179726,23.75863265991211,4101500,0.0,0.0
2016-06-28 00:00:00-04:00,23.864697774129468,24.220773696899414,23.73590410929347,24.220773696899414,2433600,0.0,0.0
2016-06-29 00:00:00-04:00,24.36471922708696,24.766251301388458,24.36471922708696,24.720796585083008,3572600,0.0,0.0
2016-06-30 00:00:00-04:00,24.7586757523714,25.379915237426758,24.698065612341342,25.379915237426758,3543400,0.0,0.0
2016-07-01 00:00:00-04:00,25.36476610111989,25.379918638157736,25.11475646512273,25.182941436767578,2364800,0.0,0.0
2016-07-05 00:00:00-04:00,24.97838523184638,25.14505735055321,24.910200263722885,25.023839950561523,1973400,0.0,0.0
2016-07-06 00:00:00-04:00,24.97838110714733,25.107173308973724,24.89504361653011,25.08444595336914,2196000,0.0,0.0
2016-07-07 00:00:00-04:00,25.08444656352033,25.27384890496636,25.054141495276877,25.107173919677734,3533900,0.0,0.0
2016-07-08 00:00:00-04:00,25.334454785465045,25.56173989498623,25.07686749938456,25.52385711669922,3132200,0.0,0.0
2016-07-11 00:00:00-04:00,25.554164309014546,25.652654338663204,25.387489318847656,25.387489318847656,2318300,0.0,0.0
2016-07-12 00:00:00-04:00,25.44053113928415,25.561748556747304,25.175366051673297,25.19809341430664,3229500,0.0,0.0
2016-07-13 00:00:00-04:00,25.213246134673508,25.425378784303085,25.129908617681664,25.205671310424805,2963400,0.0,0.0
2016-07-14 00:00:00-04:00,25.485981213363594,25.652656215726473,25.190513992848068,25.349611282348633,4122400,0.0,0.0
2016-07-15 00:00:00-04:00,25.425370550912902,25.425370550912902,25.046565880017567,25.076868057250977,2295800,0.0,0.0
2016-07-18 00:00:00-04:00,25.001117401954208,25.069302383197954,24.84959490029573,24.879899978637695,2337800,0.0,0.0
2016-07-19 00:00:00-04:00,24.811711797001003,24.910201843882756,24.728374287335743,24.902624130249023,1889600,0.0,0.0
2016-07-20 00:00:00-04:00,24.917775270138787,25.031417847864248,24.849590301513672,24.849590301513672,1786600,0.0,0.0
2016-07-21 00:00:00-04:00,24.751103933232162,24.902626429335196,24.682921844539592,24.73595428466797,2621700,0.0,0.0
2016-07-22 00:00:00-04:00,24.804136182020255,25.061723526380238,24.796558468628294,25.05414581298828,1502900,0.0,0.0
2016-07-25 00:00:00-04:00,25.05413843698484,25.069290969256937,24.917768536585978,24.95564842224121,1831300,0.0,0.0
2016-07-26 00:00:00-04:00,24.95565483624919,25.046570053248466,24.66776531923712,24.72837257385254,2052900,0.0,0.0
2016-07-27 00:00:00-04:00,24.705649586612388,24.81928929289535,24.67534450891642,24.713224411010742,2333900,0.0,0.0
2016-07-28 00:00:00-04:00,24.682917855403666,24.819284900801048,24.652612783070577,24.72837257385254,2118000,0.0,0.0
2016-07-29 00:00:00-04:00,24.698063955737826,24.804131693676013,24.599576819870748,24.629878997802734,3175800,0.0,0.0
2016-08-01 00:00:00-04:00,24.62988164651548,24.70564432461889,24.576849216868418,24.62230682373047,2433100,0.0,0.0
2016-08-02 00:00:00-04:00,24.59200180217263,24.72837173298362,24.50108947831552,24.660186767578125,2891800,0.0,0.0
2016-08-03 00:00:00-04:00,24.73595664412911,25.069303855311418,24.660193943825288,25.00869369506836,4301900,0.0,0.0
2016-08-04 00:00:00-04:00,25.061719940872173,25.516284417626743,24.970804733480893,25.387489318847656,4148500,0.0,0.0
2016-08-05 00:00:00-04:00,25.56931570399782,25.84963035583496,25.501130746518477,25.84963035583496,2686200,0.0,0.0
2016-08-08 00:00:00-04:00,25.849635518503778,25.92539820308449,25.73599582670907,25.864788055419922,2004000,0.0,0.0
2016-08-09 00:00:00-04:00,25.735991240966168,25.978426008324632,25.66780628201845,25.8344783782959,2236000,0.0,0.0
2016-08-10 00:00:00-04:00,25.735990394635962,25.887509951714474,25.72083786091805,25.766292572021484,1823400,0.0,0.0
2016-08-11 00:00:00-04:00,25.834482934991218,25.902667905965426,25.71326552993162,25.826908111572266,1689600,0.0,0.0
2016-08-12 00:00:00-04:00,25.804167831733096,25.87235276856873,25.72840518522158,25.73598289489746,1193700,0.0,0.0
2016-08-15 00:00:00-04:00,25.735997884550017,25.811757685137547,25.63750783174531,25.652660369873047,1738200,0.0,0.0
2016-08-16 00:00:00-04:00,25.652660957287985,25.72084593539857,25.43295348448151,25.45568084716797,1837100,0.0,0.0
2016-08-17 00:00:00-04:00,25.04657108341618,25.379918222638487,25.001113473046868,25.129905700683594,3240400,0.0,0.0
2016-08-18 00:00:00-04:00,25.07687613543891,25.205671267859138,24.993541508639016,25.16779136657715,2277900,0.0,0.0
2016-08-19 00:00:00-04:00,25.076874019244798,25.09202655648914,24.902624176011305,24.94050407409668,2188100,0.0,0.0
2016-08-22 00:00:00-04:00,24.864740319912027,24.917772746799947,24.629880365086592,24.826860427856445,2051000,0.0,0.0
2016-08-23 00:00:00-04:00,24.735953660977327,24.773833561535177,24.417756138178845,24.493518829345703,3879700,0.0,0.0
2016-08-24 00:00:00-04:00,24.432908786780455,24.53139884071669,24.34199644702072,24.387451171875,1778300,0.0,0.0
2016-08-25 00:00:00-04:00,24.395028775854367,24.629885893343726,24.288963898271927,24.493518829345703,2109700,0.0,0.0
2016-08-26 00:00:00-04:00,24.5389612235509,24.69805845998069,24.33440639526272,24.425321578979492,2029900,0.0,0.0
2016-08-29 00:00:00-04:00,24.455634498925736,24.66018941712003,24.455634498925736,24.65261459350586,1484300,0.0,0.0
2016-08-30 00:00:00-04:00,24.682922223366052,24.728376949858724,24.584432165879797,24.713224411010742,1438000,0.0,0.0
2016-08-31 00:00:00-04:00,24.713219380937208,24.83443677699748,24.516242196108276,24.66776466369629,2406300,0.0,0.0
2016-09-01 00:00:00-04:00,24.6829202288375,24.788985102151425,24.48594012978217,24.637462615966797,2299300,0.0,0.0
2016-09-02 00:00:00-04:00,24.69806791643143,24.80413567137912,24.478363363452534,24.599580764770508,2333500,0.0,0.0
2016-09-06 00:00:00-04:00,24.660179879583918,24.660179879583918,24.326832858516727,24.508657455444336,2519400,0.0,0.0
2016-09-07 00:00:00-04:00,24.516238370631992,24.531390904031483,24.273803616340594,24.485933303833008,2810200,0.0,0.0
2016-09-08 00:00:00-04:00,24.39502412661318,24.4480565552974,24.23592539553522,24.243501663208008,2009500,0.0,0.0
2016-09-09 00:00:00-04:00,24.03137301076147,24.03894927922473,23.667720794677734,23.667720794677734,3377600,0.0,0.0
2016-09-12 00:00:00-04:00,23.523773569023536,23.955612182645485,23.501046209639753,23.86469841003418,4242800,0.0,0.0
2016-09-13 00:00:00-04:00,23.614686964518828,23.705600735678278,23.470740762276932,23.523773193359375,4143100,0.0,0.0
2016-09-14 00:00:00-04:00,23.56165466628024,23.599534561545454,23.243458632966185,23.311643600463867,3981500,0.0,0.0
2016-09-15 00:00:00-04:00,23.25861370182027,23.698027181863218,23.13739628974122,23.554080963134766,4475000,0.0,0.0
2016-09-16 00:00:00-04:00,23.53135438338638,23.81924684808812,23.42528949903609,23.584386825561523,6606300,0.0,0.0
2016-09-19 00:00:00-04:00,23.591960582051026,23.67529809374919,23.36467829836124,23.561656951904297,2867900,0.0,0.0
2016-09-20 00:00:00-04:00,23.713173021333816,23.758630624562212,23.50104331970215,23.50104331970215,2013300,0.0,0.0
2016-09-21 00:00:00-04:00,23.569232148268867,23.64499194270129,23.394980864008126,23.629840850830078,3109900,0.0,0.0
2016-09-22 00:00:00-04:00,23.67530003685385,23.766213824806652,23.63742013480514,23.690452575683594,3087600,0.0,0.0
2016-09-23 00:00:00-04:00,23.56923326554756,23.69045067641618,23.56165699674008,23.599536895751953,3035400,0.0,0.0
2016-09-26 00:00:00-04:00,23.47831329354777,23.74347685178264,23.463160759928602,23.652563095092773,3006700,0.0,0.0
2016-09-27 00:00:00-04:00,23.660140222298715,23.887423899775932,23.584378996472978,23.811662673950195,3574600,0.0,0.0
2016-09-28 00:00:00-04:00,23.8343982105908,23.902583192733804,23.69802969133048,23.887432098388672,1763400,0.0,0.0
2016-09-29 00:00:00-04:00,23.849544699580644,23.91015339666244,23.584381107963274,23.675294876098633,2460400,0.0,0.0
2016-09-30 00:00:00-04:00,23.79651344183205,23.96318700575648,23.728328473629922,23.86469841003418,2790600,0.0,0.0
2016-10-03 00:00:00-04:00,23.751057743565596,23.80409017653439,23.455589060556647,23.59195899963379,2622400,0.0,0.0
2016-10-04 00:00:00-04:00,23.59196195664607,23.59196195664607,23.28891841239423,23.394983291625977,2753200,0.0,0.0
2016-10-05 00:00:00-04:00,23.508625665062052,23.728331690703445,23.508625665062052,23.660146713256836,2975400,0.0,0.0
2016-10-06 00:00:00-04:00,23.67529669166914,23.682872960013526,23.205578169495233,23.508623123168945,3911900,0.0,0.0
2016-10-07 00:00:00-04:00,23.508622705937217,23.978339774749138,23.493470169517373,23.819242477416992,3702100,0.0,0.0
2016-10-10 00:00:00-04:00,23.963190003230093,23.963190003230093,23.78136388028887,23.79651641845703,1734500,0.0,0.0
2016-10-11 00:00:00-04:00,23.728329966628788,23.849547374387328,23.501047688337902,23.57680892944336,2690500,0.0,0.0
2016-10-12 00:00:00-04:00,23.57680936752918,24.016222840075088,23.561656830021438,23.993494033813477,2422700,0.0,0.0
2016-10-13 00:00:00-04:00,24.410177658756478,24.6980671719267,24.379872586827805,24.607154846191406,4808200,0.0,0.0
2016-10-14 00:00:00-04:00,24.940508898763348,25.023846424703144,24.713226576233055,24.79656410217285,3957900,0.0,0.0
2016-10-17 00:00:00-04:00,24.781405237431336,24.811710310048166,24.523817900289874,24.592002868652344,2707000,0.0,0.0
2016-10-18 00:00:00-04:00,24.804131633661633,24.826858989568223,24.22834690359172,24.304109573364258,3743200,0.0,0.0
2016-10-19 00:00:00-04:00,24.32683157497784,24.432896399264372,24.22834157097619,24.425321578979492,3160200,0.0,0.0
2016-10-20 00:00:00-04:00,24.357145404496894,24.47836280303969,24.220774024854528,24.25107765197754,3100300,0.0,0.0
2016-10-21 00:00:00-04:00,24.054101200522833,24.21319849910307,24.001068767662755,24.152589797973633,3141000,0.0,0.0
2016-10-24 00:00:00-04:00,24.281386500740822,24.35714919289557,24.129865451508127,24.21320152282715,1939900,0.0,0.0
2016-10-25 00:00:00-04:00,24.182895614037907,24.213199243020952,24.061678208054797,24.145015716552734,1876100,0.0,0.0
2016-10-26 00:00:00-04:00,24.114704761206635,24.33441071408237,24.06167233965129,24.22834587097168,1412700,0.0,0.0
2016-10-27 00:00:00-04:00,24.26622919001945,24.31926161907261,23.97833824157715,23.97833824157715,1821100,0.0,0.0
2016-10-28 00:00:00-04:00,24.00864381891888,24.11470867926254,23.652566453436,23.834392547607422,2512100,0.0,0.0
2016-10-31 00:00:00-04:00,23.925306830112444,23.940459366207904,23.773784359208605,23.87227439880371,2461900,0.0,0.0
2016-11-01 00:00:00-04:00,24.038952298613776,24.038952298613776,23.584386248901055,23.690452575683594,2252500,0.0,0.0
2016-11-02 00:00:00-04:00,23.629841364709534,23.743482503854977,23.531351317764795,23.57680892944336,2028600,0.0,0.0
2016-11-03 00:00:00-04:00,23.667717268140994,23.887424685762323,23.62226110915995,23.751054763793945,2647800,0.0,0.0
2016-11-04 00:00:00-04:00,23.751059054470502,23.7662115918766,23.47831916126274,23.569232940673828,2983500,0.0,0.0
2016-11-07 00:00:00-05:00,23.841969557403267,23.86469836176647,23.652567189452743,23.826818466186523,2053500,0.0,0.0
2016-11-08 00:00:00-05:00,23.819237586812505,24.281378292527023,23.728323831985406,24.22834587097168,2594300,0.0,0.0
2016-11-09 00:00:00-05:00,24.16773821279886,24.395021887040958,23.95560851753644,24.304109573364258,3747400,0.0,0.0
2016-11-10 00:00:00-05:00,24.402599821926827,25.02383934305875,24.341992568427735,25.00111198425293,4208200,0.0,0.0
2016-11-11 00:00:00-05:00,24.932929284239584,25.205669174904898,24.895049386102954,25.16021156311035,3030500,0.0,0.0
2016-11-14 00:00:00-05:00,25.220814050419833,25.43294372758356,25.09959667917626,25.30415153503418,3367300,0.0,0.0
2016-11-15 00:00:00-05:00,25.28142486694781,25.387489720532017,25.182937725791337,25.258697509765625,3129900,0.0,0.0
2016-11-16 00:00:00-05:00,25.114754353553046,25.205666678085578,24.554122090492605,24.66776466369629,5138600,0.0,0.0
2016-11-17 00:00:00-05:00,24.735950336213726,25.02383985379902,24.65261283215717,24.94808006286621,3390200,0.0,0.0
2016-11-18 00:00:00-05:00,24.940495889969114,25.1753558051116,24.902616004313877,24.95564842224121,2779100,0.0,0.0
2016-11-21 00:00:00-05:00,24.95564842224121,25.069290969256937,24.82685623300341,24.95564842224121,1790700,0.0,0.0
2016-11-22 00:00:00-05:00,25.023843557331553,25.311736007575746,24.948083755186282,25.19809341430664,2986400,0.0,0.0
2016-11-23 00:00:00-05:00,25.19808380640222,25.342031421663403,25.145051387111288,25.30415153503418,1933700,0.0,0.0
2016-11-25 00:00:00-05:00,25.311734033760978,25.37234418279176,25.258701598384526,25.342039108276367,702800,0.0,0.0
2016-11-28 00:00:00-05:00,25.205663842205805,25.402641004872915,25.205663842205805,25.319303512573242,2120900,0.0,0.0
2016-11-29 00:00:00-05:00,25.349609846039144,25.448099877314096,25.22081763518387,25.44052505493164,2439600,0.0,0.0
2016-11-30 00:00:00-05:00,25.455679655765497,25.53144234459312,25.205670007762013,25.228397369384766,5265600,0.0,0.0
2016-12-01 00:00:00-05:00,25.213243749041837,25.523863534770385,25.213243749041837,25.478408813476562,2490500,0.0,0.0
2016-12-02 00:00:00-05:00,25.47841180188864,25.531444242985675,25.326889303017996,25.410226821899414,1760000,0.0,0.0
2016-12-05 00:00:00-05:00,25.51628152872315,25.531434061572824,25.21323665182995,25.243541717529297,3038700,0.0,0.0
2016-12-06 00:00:00-05:00,25.25869761317648,25.448099963938137,25.251122790768243,25.334457397460938,7083100,0.0,0.0
2016-12-07 00:00:00-05:00,25.410225539931574,25.682965446128513,25.319310311165168,25.652660369873047,3773800,0.0,0.0
2016-12-08 00:00:00-05:00,25.690533585204495,25.910240995809623,25.56931620177587,25.796598434448242,2477500,0.0,0.0
2016-12-09 00:00:00-05:00,25.82690408140666,25.970848824312135,25.652654269452515,25.963274002075195,2830700,0.0,0.0
2016-12-12 00:00:00-05:00,25.97843455650328,26.266324131189748,25.932976938896886,26.160259246826172,3538100,0.0,0.0
2016-12-13 00:00:00-05:00,26.220866049481867,26.220866049481867,26.031463668760445,26.06934356689453,2446800,0.0,0.0
2016-12-14 00:00:00-05:00,26.069345593157067,26.796650098045472,26.039040516273918,26.58452033996582,8591600,0.0,0.0
2016-12-15 00:00:00-05:00,26.660280980452562,27.0163584198984,26.599673714831674,26.872413635253906,4447700,0.0,0.0
2016-12-16 00:00:00-05:00,26.940594046408176,27.160298598331128,26.87240907786635,27.061811447143555,7491700,0.0,0.0
2016-12-19 00:00:00-05:00,27.130004447887174,27.16788435494731,27.01636183665511,27.03908920288086,3218900,0.0,0.0
2016-12-20 00:00:00-05:00,27.076967239379883,27.167879578350533,27.031509624868985,27.076967239379883,1962300,0.0,0.0
2016-12-21 00:00:00-05:00,27.061808798808375,27.236058614684794,27.023926016619594,27.06938362121582,1897700,0.0,0.0
2016-12-22 00:00:00-05:00,27.054236535049714,27.1375740485683,26.940596835747993,26.986051559448242,2862500,0.0,0.0
2016-12-23 00:00:00-05:00,27.008782372514613,27.06181481130083,26.86483470433674,26.97089958190918,2689200,0.0,0.0
2016-12-27 00:00:00-05:00,26.986046124481334,27.10726351335408,26.902708627746847,27.06938362121582,1239700,0.0,0.0
2016-12-28 00:00:00-05:00,27.031510958816444,27.130001016758094,26.85726109633586,26.872413635253906,1366900,0.0,0.0
2016-12-29 00:00:00-05:00,26.89513704496627,26.97089683836836,26.766344818172538,26.902711868286133,1318100,0.0,0.0
2016-12-30 00:00:00-05:00,26.970899495078516,26.98605203326168,26.81937989334922,26.895139694213867,1561400,0.0,0.0
2017-01-03 00:00:00-05:00,27.07696403274607,27.107266215446934,26.69058158028927,26.917863845825195,2993300,0.0,0.0
2017-01-04 00:00:00-05:00,26.993630968393116,27.236065810187533,26.993630968393116,27.160303115844727,2915700,0.0,0.0
2017-01-05 00:00:00-05:00,27.220902543342678,27.236055076239502,26.933010198403263,27.15271759033203,2348800,0.0,0.0
2017-01-06 00:00:00-05:00,27.122426751104353,27.410319247052435,27.099699384862966,27.296676635742188,2147000,0.0,0.0
2017-01-09 00:00:00-05:00,27.2587886395695,27.2587886395695,27.061811447143555,27.061811447143555,1876300,0.0,0.0
2017-01-10 00:00:00-05:00,27.258789152693428,27.65274643501203,27.129996926384905,27.516376495361328,3641700,0.0,0.0
2017-01-11 00:00:00-05:00,27.44818690064155,27.720926733987536,27.440612078626547,27.630014419555664,3412000,0.0,0.0
2017-01-12 00:00:00-05:00,27.501226337144274,27.501226337144274,27.243638972199182,27.425466537475586,2388000,0.0,0.0
2017-01-13 00:00:00-05:00,27.516378919186536,27.652748870849607,27.44061911939643,27.463346481323242,1208200,0.0,0.0
2017-01-17 00:00:00-05:00,27.349701391949374,27.48607133114886,27.160299019733518,27.2587890625,2367800,0.0,0.0
2017-01-18 00:00:00-05:00,27.36484514522332,27.599705051806172,27.23605296067944,27.539094924926758,2113400,0.0,0.0
2017-01-19 00:00:00-05:00,27.584557877598844,27.622437769230604,27.417882886358516,27.561830520629883,2310100,0.0,0.0
2017-01-20 00:00:00-05:00,27.569417079060113,27.766397223479228,27.554264537946974,27.683059692382812,2233700,0.0,0.0
2017-01-23 00:00:00-05:00,27.667894683037705,27.667894683037705,27.40272966812901,27.607284545898438,3011300,0.0,0.0
2017-01-24 00:00:00-05:00,27.667902819763583,27.77396770089903,27.486075244923345,27.736087799072266,2946500,0.0,0.0
2017-01-25 00:00:00-05:00,27.85730622371234,28.72098073273934,27.781543527274923,28.61491584777832,5169800,0.0,0.0
2017-01-26 00:00:00-05:00,28.690666723681616,28.82703664477003,28.584601871735178,28.819461822509766,2772900,0.0,0.0
2017-01-27 00:00:00-05:00,28.827037760299728,28.917950081193244,28.690667833934164,28.78915786743164,2140900,0.0,0.0
2017-01-30 00:00:00-05:00,28.766432734587312,28.766432734587312,28.34217038751978,28.402780532836914,3223100,0.0,0.0
2017-01-31 00:00:00-05:00,28.410360112937052,28.463392553943766,28.198230348910197,28.36490249633789,3354900,0.0,0.0
2017-02-01 00:00:00-05:00,28.42740096530046,28.743775286956843,28.3502376453226,28.50456428527832,3494600,0.681,0.0
2017-02-02 00:00:00-05:00,28.465982156056818,28.743774813145144,28.38110073932517,28.620311737060547,3522600,0.0,0.0
2017-02-03 00:00:00-05:00,28.867247616785416,28.928980647426197,28.543158036700067,28.651187896728516,4121300,0.0,0.0
2017-02-06 00:00:00-05:00,28.52000826080805,28.689771160896353,28.49685984482986,28.558589935302734,2124900,0.0,0.0
2017-02-07 00:00:00-05:00,28.628028612835145,28.674328372997746,28.381102445818822,28.58173179626465,2643400,0.0,0.0
2017-02-08 00:00:00-05:00,28.558581154282187,28.628029324456342,28.427402912615545,28.52771759033203,2070300,0.0,0.0
2017-02-09 00:00:00-05:00,28.527714071295218,28.82865512372991,28.458265909687842,28.797788619995117,2149400,0.0,0.0
2017-02-10 00:00:00-05:00,28.720634951525742,29.106457547033212,28.720634951525742,29.060157775878906,2575300,0.0,0.0
2017-02-13 00:00:00-05:00,29.106446859381037,29.12959526466188,28.898102381078274,29.01384735107422,2515300,0.0,0.0
2017-02-14 00:00:00-05:00,29.013846774335782,29.021564871670456,28.77463874161079,28.898101806640625,2320400,0.0,0.0
2017-02-15 00:00:00-05:00,29.129597025768234,29.662030984559394,29.129597025768234,29.623449325561523,4086900,0.0,0.0
2017-02-16 00:00:00-05:00,29.63888520471234,29.793214797973633,29.530855372507087,29.793214797973633,2445800,0.0,0.0
2017-02-17 00:00:00-05:00,29.731483573168504,29.78549849252301,29.600305324333934,29.76235008239746,1977000,0.0,0.0
2017-02-21 00:00:00-05:00,29.80864913283395,30.071008567816406,29.777782624343715,30.040142059326172,2315800,0.0,0.0
2017-02-22 00:00:00-05:00,29.893534066268565,29.978412559185614,29.739204449304882,29.9706974029541,2126800,0.0,0.0
2017-02-23 00:00:00-05:00,29.947535598609754,30.256191750918433,29.89352069836595,30.16359519958496,3470800,0.0,0.0
2017-02-24 00:00:00-05:00,30.016989323936354,30.248482217067597,29.955256315852374,30.132734298706055,1976300,0.0,0.0
2017-02-27 00:00:00-05:00,30.17903923496584,30.25620256472397,29.916679792758917,30.01699447631836,1663300,0.0,0.0
2017-02-28 00:00:00-05:00,29.932108333013513,30.29477945806552,29.90895698285862,30.233049392700195,4195000,0.0,0.0
2017-03-01 00:00:00-05:00,30.62659891977393,30.796361816762317,30.49542064016874,30.76549530029297,4113800,0.0,0.0
2017-03-02 00:00:00-05:00,30.73462152272363,30.81949999944294,30.58029193521135,30.618873596191406,2345100,0.0,0.0
2017-03-03 00:00:00-05:00,30.549424957101163,30.74233620261365,30.503125198485044,30.734621047973633,1859000,0.0,0.0
2017-03-06 00:00:00-05:00,30.557137751205413,30.657452415328372,30.402811121590744,30.410526275634766,2079700,0.0,0.0
2017-03-07 00:00:00-05:00,30.441405863245844,30.53400246953265,30.30250948201911,30.34109115600586,2215200,0.0,0.0
2017-03-08 00:00:00-05:00,30.4336800395839,30.44911329398094,30.279353382798117,30.3333683013916,2479000,0.0,0.0
2017-03-09 00:00:00-05:00,30.402811896901273,30.402811896901273,30.279348823906005,30.364227294921875,2696600,0.0,0.0
2017-03-10 00:00:00-05:00,30.51083755493164,30.533985958087435,30.35650799884628,30.51083755493164,3515900,0.0,0.0
2017-03-13 00:00:00-04:00,30.49541051489999,30.6265887509506,30.449110755568693,30.618873596191406,2786200,0.0,0.0
2017-03-14 00:00:00-04:00,30.557136149272132,30.77319871787096,30.50312124302033,30.680599212646484,2135100,0.0,0.0
2017-03-15 00:00:00-04:00,30.757757368181835,31.0278318283276,30.688309229345663,30.98925018310547,2558300,0.0,0.0
2017-03-16 00:00:00-04:00,30.958406166553306,31.112735803082266,30.858094404863515,30.888957977294922,2148100,0.0,0.0
2017-03-17 00:00:00-04:00,30.92753298969249,31.228474068491703,30.858084822000976,31.105010986328125,3869800,0.0,0.0
2017-03-20 00:00:00-04:00,31.33650359111625,31.421385011197493,30.842651267289437,31.03556251525879,6642600,0.0,0.0
2017-03-21 00:00:00-04:00,31.436814673272032,31.436814673272032,30.796347990249437,30.881229400634766,5255800,0.0,0.0
2017-03-22 00:00:00-04:00,30.973844450651704,31.066441070157424,30.603455029035366,30.711484909057617,2823300,0.0,0.0
2017-03-23 00:00:00-04:00,30.672891020451292,30.89666879347774,30.526279519292043,30.533994674682617,3769700,0.0,0.0
2017-03-24 00:00:00-04:00,30.580288586814742,30.75776656276365,30.364226010518557,30.503122329711914,2557900,0.0,0.0
2017-03-27 00:00:00-04:00,30.186747844925854,30.510840235538208,30.14045103454674,30.464540481567383,2048700,0.0,0.0
2017-03-28 00:00:00-04:00,30.395093626171146,30.796349347021252,30.356511968003062,30.750049591064453,4823500,0.0,0.0
2017-03-29 00:00:00-04:00,30.65745516965709,30.65745516965709,30.31793243297291,30.387380599975586,2758800,0.0,0.0
2017-03-30 00:00:00-04:00,30.364225819759785,30.54170673818542,30.31792900938067,30.464540481567383,2369500,0.0,0.0
2017-03-31 00:00:00-04:00,30.38737897150133,30.38737897150133,30.040138155096745,30.233049392700195,3413200,0.0,0.0
2017-04-03 00:00:00-04:00,30.27934952771694,30.379661253137833,30.040138530406967,30.310213088989258,3749500,0.0,0.0
2017-04-04 00:00:00-04:00,30.32564532768496,30.364226985679576,30.125018939957858,30.29477882385254,2876700,0.0,0.0
2017-04-05 00:00:00-04:00,30.441395090908667,30.533991664428203,30.2561990002776,30.287065505981445,2324900,0.0,0.0
2017-04-06 00:00:00-04:00,30.31021391346333,30.44911024553863,30.09415426072042,30.287065505981445,5279500,0.0,0.0
2017-04-07 00:00:00-04:00,30.17131579991723,30.441393293491096,30.14045223962773,30.317930221557617,3375700,0.0,0.0
2017-04-10 00:00:00-04:00,30.526273918502813,30.618870484162066,30.464540912335476,30.564855575561523,2023600,0.0,0.0
2017-04-11 00:00:00-04:00,30.449112123907234,30.495411885319175,30.271634120549727,30.487693786621094,2513500,0.0,0.0
2017-04-12 00:00:00-04:00,30.341079593853497,30.371946098717736,30.040138530406967,30.310213088989258,2459700,0.0,0.0
2017-04-13 00:00:00-04:00,30.317930221557617,30.48769010572126,30.179033897683475,30.317930221557617,2706800,0.0,0.0
2017-04-17 00:00:00-04:00,30.40282015761886,30.549431676763945,30.248490538544075,30.526283264160156,2713700,0.0,0.0
2017-04-18 00:00:00-04:00,30.248485930882914,30.55714217842315,29.79321524293828,30.101871490478516,7093900,0.0,0.0
2017-04-19 00:00:00-04:00,30.194470525331575,30.317933611068085,29.939826255229434,29.99384117126465,3923600,0.0,0.0
2017-04-20 00:00:00-04:00,30.04013706609436,30.4954076880779,29.97840405937507,30.410526275634766,2996400,0.0,0.0
2017-04-21 00:00:00-04:00,30.402813853041966,30.44911066864906,30.217617759837477,30.387380599975586,3248600,0.0,0.0
2017-04-24 00:00:00-04:00,30.811778261504877,30.85035991424166,30.464537499690977,30.64201545715332,1653600,0.0,0.0
2017-04-25 00:00:00-04:00,30.726898579854176,30.834928391002773,30.711465329177006,30.804061889648438,1961900,0.0,0.0
2017-04-26 00:00:00-04:00,30.765488976058744,31.035566524258154,30.734625409526817,30.850370407104492,1664600,0.0,0.0
2017-04-27 00:00:00-04:00,30.919821862626602,31.05100307277272,30.788643596073214,30.942970275878906,1991700,0.0,0.0
2017-04-28 00:00:00-04:00,30.950683223011758,30.950683223011758,30.626590773474295,30.649742126464844,1574200,0.0,0.0
2017-05-01 00:00:00-04:00,30.734616096371685,30.788631000925573,30.54942003533584,30.688316345214844,1840800,0.0,0.0
2017-05-02 00:00:00-04:00,30.71918542204766,30.76548223349535,30.31792970914761,30.410526275634766,2620600,0.0,0.0
2017-05-03 00:00:00-04:00,30.410522852496847,30.966108076064305,30.37965635261167,30.904375076293945,3249400,0.0,0.0
2017-05-04 00:00:00-04:00,31.00469277154105,31.159022342519492,30.811781543715924,31.151304244995117,2969900,0.0,0.0
2017-05-05 00:00:00-04:00,31.18217291781606,31.452247478128506,31.112724753222583,31.436817169189453,3556800,0.0,0.0
2017-05-08 00:00:00-04:00,31.444538471003977,31.591149983322715,31.24391203606294,31.3133602142334,2531300,0.0,0.0
2017-05-09 00:00:00-04:00,31.267055800499577,31.421385389451302,31.043278043699182,31.11272621154785,2667300,0.0,0.0
2017-05-10 00:00:00-04:00,31.027833219798268,31.313343883145876,30.98153642089183,31.27475929260254,2246000,0.0,0.0
2017-05-11 00:00:00-04:00,31.13587240247035,31.15130565462574,30.858082694448942,31.043275833129883,2190100,0.0,0.0
2017-05-12 00:00:00-04:00,30.94296699388511,31.09729660091443,30.796355486183092,30.850370407104492,1988900,0.0,0.0
2017-05-15 00:00:00-04:00,30.981547601314734,31.12044393534003,30.896666181233492,31.03556251525879,2128700,0.0,0.0
2017-05-16 00:00:00-04:00,31.058711586915056,31.112726502013626,30.912100095017806,30.958396911621094,2756600,0.0,0.0
2017-05-17 00:00:00-04:00,30.95839476008754,31.7917727241342,29.90124199629522,31.760906219482422,4289200,0.0,0.0
2017-05-18 00:00:00-04:00,31.938393214778895,32.139022608015566,31.830363361617334,32.07728958129883,4466100,0.0,0.0
2017-05-19 00:00:00-04:00,32.10815168576563,32.20846636860937,31.676029388862993,31.714611053466797,4780500,0.0,0.0
2017-05-22 00:00:00-04:00,31.838078341033807,32.2470522817751,31.838078341033807,32.0387077331543,2875100,0.0,0.0
2017-05-23 00:00:00-04:00,32.054140159861554,32.139021597130885,31.92295895401096,32.06185531616211,3944200,0.0,0.0
2017-05-24 00:00:00-04:00,32.07727995740389,32.293339598904325,32.04641345330615,32.27019119262695,2230200,0.0,0.0
2017-05-25 00:00:00-04:00,32.35507224590678,32.6791617045395,32.28562408425809,32.617431640625,1905500,0.0,0.0
2017-05-26 00:00:00-04:00,32.6560162916212,32.74861286777583,32.50940480074368,32.64058303833008,2430900,0.0,0.0
2017-05-30 00:00:00-04:00,32.51711678533465,32.66373120551007,32.48625028176174,32.57884979248047,1496500,0.0,0.0
2017-05-31 00:00:00-04:00,32.609705551225986,32.7640350885784,32.54025740659695,32.74088668823242,4754900,0.0,0.0
2017-06-01 00:00:00-04:00,32.787199048434424,32.995540618896484,32.65601786095185,32.995540618896484,2359800,0.0,0.0
2017-06-02 00:00:00-04:00,33.01869201918902,33.28876660617032,32.9415257489142,33.242469787597656,2515500,0.0,0.0
2017-06-05 00:00:00-04:00,33.21159464302476,33.35049094980811,33.09584673950815,33.227027893066406,1911800,0.0,0.0
2017-06-06 00:00:00-04:00,33.11127491998155,33.3813493953814,33.064975176945424,33.14985656738281,2488600,0.0,0.0
2017-06-07 00:00:00-04:00,33.34278110662481,33.35821436048679,33.12672143974154,33.142154693603516,2042200,0.0,0.0
2017-06-08 00:00:00-04:00,33.142146489633085,33.281042796416436,33.02639858611647,33.227027893066406,3612800,0.0,0.0
2017-06-09 00:00:00-04:00,33.27333189908012,33.5819910795159,33.196168575767224,33.551124572753906,2433000,0.0,0.0
2017-06-12 00:00:00-04:00,33.520255880427165,33.72088521770676,33.32734464113089,33.70545196533203,2727500,0.0,0.0
2017-06-13 00:00:00-04:00,33.68231381028673,33.813492080010164,33.597432368186716,33.65144729614258,2686600,0.0,0.0
2017-06-14 00:00:00-04:00,33.589715870248355,34.353645941998884,33.543419040416346,34.26876449584961,3245600,0.0,0.0
2017-06-15 00:00:00-04:00,34.24561045995688,34.52340316772461,34.168444183581144,34.52340316772461,2363000,0.0,0.0
2017-06-16 00:00:00-04:00,34.53882805996467,34.63142757708589,34.36135006753701,34.59284591674805,3083900,0.0,0.0
2017-06-19 00:00:00-04:00,34.747175975599326,34.747175975599326,34.26875686445362,34.49253463745117,4931800,0.0,0.0
2017-06-20 00:00:00-04:00,34.507975576489116,34.58513892193776,34.23789798023297,34.26876449584961,1915100,0.0,0.0
2017-06-21 00:00:00-04:00,34.38450401846393,34.38450401846393,34.230174421851544,34.31505584716797,2748500,0.0,0.0
2017-06-22 00:00:00-04:00,34.16072786159353,34.27647285681724,33.944668182302024,34.02183151245117,2472200,0.0,0.0
2017-06-23 00:00:00-04:00,34.06813323557235,34.32277459457999,33.906085523193816,34.253326416015625,14861500,0.0,0.0
2017-06-26 00:00:00-04:00,34.307336144394114,34.46938088864456,34.1915911600404,34.38450241088867,2355300,0.0,0.0
2017-06-27 00:00:00-04:00,34.36135225498982,34.50024859592182,34.26104052044396,34.43851852416992,2587700,0.0,0.0
2017-06-28 00:00:00-04:00,34.59285070916281,34.61599911985404,34.29962475150678,34.36135482788086,2294800,0.0,0.0
2017-06-29 00:00:00-04:00,34.4925230997515,34.5233895981696,33.94465599899119,34.068119049072266,2081600,0.0,0.0
2017-06-30 00:00:00-04:00,34.222457936994374,34.34592103138842,34.00639825770287,34.02183151245117,2449000,0.0,0.0
2017-07-03 00:00:00-04:00,34.1144307052228,34.5774195522879,34.1144307052228,34.19159698486328,1208200,0.0,0.0
2017-07-05 00:00:00-04:00,34.284188477509296,34.56969631073199,34.07584396885745,34.5388298034668,2891200,0.0,0.0
2017-07-06 00:00:00-04:00,34.53111347947267,34.60827680143132,34.245605655915206,34.28418731689453,4703300,0.0,0.0
2017-07-07 00:00:00-04:00,34.315056625589634,34.8552058105977,34.28419011684852,34.716312408447266,2192000,0.0,0.0
2017-07-10 00:00:00-04:00,34.5388334216162,34.808910973090676,34.5388334216162,34.724029541015625,3246100,0.0,0.0
2017-07-11 00:00:00-04:00,34.74716687648551,34.8088998778055,34.3767776993401,34.39992904663086,2248900,0.0,0.0
2017-07-12 00:00:00-04:00,34.469379072935304,34.685441664146666,34.33820084219263,34.61599349975586,2784200,0.0,0.0
2017-07-13 00:00:00-04:00,35.750308846291894,35.750308846291894,34.623705079856904,34.87834930419922,4589800,0.0,0.0
2017-07-14 00:00:00-04:00,34.785758760024166,35.21016293042076,34.72402574577412,35.17158126831055,2982200,0.0,0.0
2017-07-17 00:00:00-04:00,35.17158467509058,35.17158467509058,34.85520736180245,35.07126998901367,5069700,0.0,0.0
2017-07-18 00:00:00-04:00,34.91692956162364,35.4493634499422,34.909214408282,34.98637771606445,4987600,0.0,0.0
2017-07-19 00:00:00-04:00,35.094420131836024,35.241031646728516,34.940090517237714,35.241031646728516,2349200,0.0,0.0
2017-07-20 00:00:00-04:00,35.24102485555092,35.90464000992587,35.14842828207293,35.866058349609375,3142000,0.0,0.0
2017-07-21 00:00:00-04:00,35.788897456772794,35.85062752874835,35.65771627048743,35.77346420288086,2876800,0.0,0.0
2017-07-24 00:00:00-04:00,35.819753003089765,36.17471187596613,35.77345619536921,36.0975456237793,1940500,0.0,0.0
2017-07-25 00:00:00-04:00,36.3599092657133,36.40620902246485,36.02038654697759,36.1978645324707,1766000,0.0,0.0
2017-07-26 00:00:00-04:00,36.2441610002877,36.267309404766955,35.79660555641128,35.88920211791992,2226600,0.0,0.0
2017-07-27 00:00:00-04:00,35.88148997232448,35.92778972875604,35.5574005080792,35.711727142333984,2915700,0.0,0.0
2017-07-28 00:00:00-04:00,35.7503204991744,36.48338102217509,35.7503204991744,36.43708419799805,3113000,0.0,0.0
2017-07-31 00:00:00-04:00,36.49880824315137,36.56054125663688,36.298181836507666,36.36763000488281,2744000,0.0,0.0
2017-08-01 00:00:00-04:00,36.46794509887695,36.48337835367133,36.28275192852919,36.46794509887695,2310400,0.0,0.0
2017-08-02 00:00:00-04:00,36.514247534021514,36.66857714966103,36.36763601813989,36.43708419799805,2492000,0.0,0.0
2017-08-03 00:00:00-04:00,36.44478455024702,36.792025308488164,36.33675474625897,36.73801040649414,3017200,0.0,0.0
2017-08-04 00:00:00-04:00,36.846055874002246,36.846055874002246,36.6685778429188,36.815189361572266,1817600,0.0,0.0
2017-08-07 00:00:00-04:00,36.83061677790523,36.846050031673116,36.67628718381853,36.78431701660156,1965100,0.0,0.0
2017-08-08 00:00:00-04:00,36.71486118516302,36.86147263822184,36.65312818792269,36.76115798950195,2378300,0.0,0.0
2017-08-09 00:00:00-04:00,36.7380242148444,37.06983184814453,36.72259095938946,37.06983184814453,2786200,0.0,0.0
2017-08-10 00:00:00-04:00,36.907788898862215,36.99266739265571,36.69172625544497,36.815189361572266,2485500,0.0,0.0
2017-08-11 00:00:00-04:00,36.80747165278965,36.99266482734177,36.39849775043489,36.44479751586914,2943200,0.0,0.0
2017-08-14 00:00:00-04:00,36.660855165436786,36.892351036163795,36.57597668224145,36.86148452758789,1481000,0.0,0.0
2017-08-15 00:00:00-04:00,36.87691335149811,36.93092826322047,36.63770235416197,36.72258377075195,2158100,0.0,0.0
2017-08-16 00:00:00-04:00,37.0003849443401,37.77203008210071,36.76889199173043,37.58683395385742,3892300,0.0,0.0
2017-08-17 00:00:00-04:00,37.62541785717942,37.79518073952122,37.378491633914685,37.4325065612793,3891300,0.0,0.0
2017-08-18 00:00:00-04:00,37.37076730574737,37.73344139498203,37.2704526322925,37.52509689331055,3466100,0.0,0.0
2017-08-21 00:00:00-04:00,37.52509143560786,37.63312124811246,37.11611764650837,37.571388244628906,2615000,0.0,0.0
2017-08-22 00:00:00-04:00,37.58682313161192,37.795167612050484,37.494226565947585,37.7257194519043,2501000,0.0,0.0
2017-08-23 00:00:00-04:00,37.602269445460976,37.81832915493,37.602269445460976,37.67943572998047,1721300,0.0,0.0
2017-08-24 00:00:00-04:00,37.76429696761213,37.76429696761213,37.22414794081152,37.23957824707031,2619000,0.0,0.0
2017-08-25 00:00:00-04:00,37.370755059226994,37.609965988739305,37.33217341087755,37.34760665893555,2406400,0.0,0.0
2017-08-28 00:00:00-04:00,36.61455677882049,36.8460496960458,36.25188267755914,36.506526947021484,6050100,0.0,0.0
2017-08-29 00:00:00-04:00,36.3830555004704,36.761159824875435,36.375337403634354,36.75344467163086,3208800,0.0,0.0
2017-08-30 00:00:00-04:00,36.730302165129174,36.869198505693475,35.804330486156715,35.935508728027344,5079100,0.0,0.0
2017-08-31 00:00:00-04:00,35.896924855299375,36.112984507945356,35.78889502897638,35.866058349609375,4557200,0.0,0.0
2017-09-01 00:00:00-04:00,35.89692587264519,36.02038895531222,35.2178774461805,35.23331069946289,6624400,0.0,0.0
2017-09-05 00:00:00-04:00,34.94008129846009,34.97866589962373,33.93694348363312,34.03725814819336,7658500,0.0,0.0
2017-09-06 00:00:00-04:00,34.1066998135809,35.14070393497424,34.04496681834967,34.67771530151367,5991400,0.0,0.0
2017-09-07 00:00:00-04:00,34.66229025797698,34.66229025797698,33.63600398984027,33.74403381347656,5818000,0.0,0.0
2017-09-08 00:00:00-04:00,33.64371553899358,35.11755713979078,33.64371553899358,35.0403938293457,7058900,0.0,0.0
2017-09-11 00:00:00-04:00,35.87377340637296,36.69171513266706,35.680862177553905,35.81975555419922,7352400,0.0,0.0
2017-09-12 00:00:00-04:00,35.72715188156431,35.97407796984571,35.46479254481643,35.943214416503906,4302700,0.0,0.0
2017-09-13 00:00:00-04:00,35.673146896069596,35.7811767217616,35.29504250614762,35.60369873046875,3098600,0.0,0.0
2017-09-14 00:00:00-04:00,35.565115869421206,35.565115869421206,35.05583032007642,35.5496826171875,3167800,0.0,0.0
2017-09-15 00:00:00-04:00,35.549690065309186,35.842916032000495,35.46480863203598,35.5111083984375,3690400,0.0,0.0
2017-09-18 00:00:00-04:00,35.626841971723145,35.750307975858746,35.4185004487232,35.7348747253418,3153100,0.0,0.0
2017-09-19 00:00:00-04:00,36.375337403634354,37.27044530317,36.375337403634354,36.75344467163086,6611400,0.0,0.0
2017-09-20 00:00:00-04:00,36.78431324953238,37.04667264953398,36.653135021327515,36.807464599609375,5060800,0.0,0.0
2017-09-21 00:00:00-04:00,36.76116383094772,37.13927114014872,36.714867019252104,36.792030334472656,3923300,0.0,0.0
2017-09-22 00:00:00-04:00,36.73802120915765,37.05439556111896,36.59140676612702,37.023529052734375,3044100,0.0,0.0
2017-09-25 00:00:00-04:00,36.98493697111735,37.085251623314434,36.73801086077947,37.0389518737793,4710000,0.0,0.0
2017-09-26 00:00:00-04:00,36.969509901317856,37.26273581020828,36.88462848477653,36.92321014404297,2941600,0.0,0.0
2017-09-27 00:00:00-04:00,37.13928185490182,37.27046011734029,36.73802602408995,36.815189361572266,2857100,0.0,0.0
2017-09-28 00:00:00-04:00,36.799755294980166,37.10069936915638,36.707158703321944,37.08526611328125,4015000,0.0,0.0
2017-09-29 00:00:00-04:00,37.008092568798354,37.37848180631221,36.9309292481633,37.3630485534668,1974600,0.0,0.0
2017-10-02 00:00:00-04:00,37.339891842211806,37.95720710078738,37.31674343988751,37.833744049072266,3457100,0.0,0.0
2017-10-03 00:00:00-04:00,37.748876083440145,37.88777243400001,37.64856434194099,37.8646240234375,2542800,0.0,0.0
2017-10-04 00:00:00-04:00,37.81831321603107,38.04209093143512,37.76429831142893,37.941776275634766,3555400,0.0,0.0
2017-10-05 00:00:00-04:00,37.972645196378075,38.011226853039574,37.80288531834914,37.84918212890625,2757500,0.0,0.0
2017-10-06 00:00:00-04:00,37.887768398122354,38.126979408292556,37.764305315619815,38.02666473388672,1815200,0.0,0.0
2017-10-09 00:00:00-04:00,38.072963125363586,38.38933744688063,37.941781949148634,38.15784454345703,2292200,0.0,0.0
2017-10-10 00:00:00-04:00,38.15012620995331,38.29674063797094,37.93406656056978,38.09611129760742,2197500,0.0,0.0
2017-10-11 00:00:00-04:00,38.0343836580727,38.08839857386577,37.77973938911213,38.003517150878906,2336600,0.0,0.0
2017-10-12 00:00:00-04:00,38.05752456356616,38.1269727192643,37.57910557075206,37.6176872253418,3064800,0.0,0.0
2017-10-13 00:00:00-04:00,37.68713896457797,37.93406510974146,37.532809387952824,37.55595779418945,3216300,0.0,0.0
2017-10-16 00:00:00-04:00,37.555958832758584,37.903199653869756,37.555958832758584,37.795169830322266,3142500,0.0,0.0
2017-10-17 00:00:00-04:00,37.81060063136187,38.17327468140796,37.10068872630931,37.46335983276367,5517400,0.0,0.0
2017-10-18 00:00:00-04:00,37.702565284933755,37.7951618364481,36.954068889248546,37.1083984375,4103900,0.0,0.0
2017-10-19 00:00:00-04:00,37.06982083748733,37.57910634186016,36.977221332262,37.571388244628906,2502700,0.0,0.0
2017-10-20 00:00:00-04:00,37.78745729228953,37.826038954286176,37.44021644713547,37.74115753173828,3089700,0.0,0.0
2017-10-23 00:00:00-04:00,37.795170466410866,37.856903477243776,37.62540763021233,37.73344039916992,3002900,0.0,0.0
2017-10-24 00:00:00-04:00,37.802880493836994,38.02665525135159,37.68713259503286,37.833744049072266,3221400,0.0,0.0
2017-10-25 00:00:00-04:00,37.73343270201274,37.81831115920588,37.4710733466749,37.5096549987793,2827900,0.0,0.0
2017-10-26 00:00:00-04:00,37.710290849944094,38.00351677822554,37.5559612590806,37.926353454589844,2883100,0.0,0.0
2017-10-27 00:00:00-04:00,37.77202205914451,37.903200291776486,37.54824431026316,37.73344039916992,2683200,0.0,0.0
2017-10-30 00:00:00-04:00,37.648547672903426,37.89547375488409,37.54823303222656,37.54823303222656,2385100,0.0,0.0
2017-10-31 00:00:00-04:00,37.57910900186238,37.75658698405278,37.49422758786005,37.54052734375,2690000,0.0,0.0
2017-11-01 00:00:00-04:00,37.69485454688007,37.75658755566795,37.5713914728962,37.656272888183594,1873500,0.0,0.0
2017-11-02 00:00:00-04:00,37.718016107905,38.690287710790116,37.687149595154956,38.04982376098633,3538300,0.0,0.0
2017-11-03 00:00:00-04:00,37.949497711701966,38.79059079912994,37.92634930586186,38.697994232177734,3884800,0.0,0.0
2017-11-06 00:00:00-05:00,38.43564455985476,38.89091529926269,38.38162963683963,38.744300842285156,3272600,0.0,0.0
2017-11-07 00:00:00-05:00,38.82146893157968,39.353903030534724,38.806035675199325,38.960365295410156,1831000,0.0,0.0
2017-11-08 00:00:00-05:00,38.8909078521308,39.1378340082288,38.79830833590007,39.00665283203125,1778800,0.0,0.0
2017-11-09 00:00:00-05:00,38.88318436436813,39.14554373680551,38.690273147681566,39.07609558105469,1939300,0.0,0.0
2017-11-10 00:00:00-05:00,38.952639534536424,39.24586546090844,38.721146621544655,39.16098403930664,1292300,0.0,0.0
2017-11-13 00:00:00-05:00,39.0066452822488,39.51593074857711,38.890900324750916,39.43104934692383,3418900,0.0,0.0
2017-11-14 00:00:00-05:00,39.19956089962064,39.77057942907996,39.13783083739332,39.569950103759766,2894800,0.0,0.0
2017-11-15 00:00:00-05:00,39.485072749515304,40.040658084604416,39.3153128532541,39.855464935302734,3130400,0.0,0.0
2017-11-16 00:00:00-05:00,40.12553542238988,40.18726842827144,39.68569805805487,39.79372787475586,2940100,0.0,0.0
2017-11-17 00:00:00-05:00,39.65483815030853,39.87861591845917,39.60082323297455,39.77830123901367,2240700,0.0,0.0
2017-11-20 00:00:00-05:00,39.855458899887154,40.04837011829204,39.77829264637024,39.986637115478516,2015200,0.0,0.0
2017-11-21 00:00:00-05:00,40.12554509465737,40.326171524949984,39.93263382016383,40.025230407714844,4230000,0.0,0.0
2017-11-22 00:00:00-05:00,40.032938272471426,40.032938272471426,39.724279134755136,39.87860870361328,2078700,0.0,0.0
2017-11-24 00:00:00-05:00,40.01751042634167,40.08695859452853,39.824599175110635,40.00979232788086,1726300,0.0,0.0
2017-11-27 00:00:00-05:00,40.07151655018644,40.31072750892724,40.01750164717907,40.17954635620117,2086800,0.0,0.0
2017-11-28 00:00:00-05:00,40.16412409074,40.75829112991119,40.14097568128926,40.72742462158203,3747800,0.0,0.0
2017-11-29 00:00:00-05:00,40.83544559722254,41.12095632193265,40.434192850370835,40.472774505615234,3706100,0.0,0.0
2017-11-30 00:00:00-05:00,40.696549116118696,41.445042590136595,40.51906821709662,41.03607177734375,5779000,0.0,0.0
2017-12-01 00:00:00-05:00,41.15183450027141,41.66883530314532,40.54994932202756,41.36017608642578,3301900,0.0,0.0
2017-12-04 00:00:00-05:00,41.815432160369085,42.08550961626414,41.69968720234956,41.94661331176758,3373600,0.0,0.0
2017-12-05 00:00:00-05:00,42.05465902161488,42.247570301530544,41.77686630756152,41.86174774169922,3880700,0.0,0.0
2017-12-06 00:00:00-05:00,41.87717736475713,42.18583361969281,41.73056586443211,42.12410354614258,1935100,0.0,0.0
2017-12-07 00:00:00-05:00,42.07008743286133,42.31701360723238,41.97749085337023,42.07008743286133,1993200,0.0,0.0
2017-12-08 00:00:00-05:00,42.262995495406024,42.43275833129883,42.10866591219366,42.43275833129883,1609700,0.0,0.0
2017-12-11 00:00:00-05:00,42.347877502441406,42.43275892156856,42.01606992417632,42.347877502441406,2571600,0.0,0.0
2017-12-12 00:00:00-05:00,42.57936941530741,43.06550656759011,42.46362149309041,42.55622100830078,4154700,0.0,0.0
2017-12-13 00:00:00-05:00,42.62566877978303,43.38959563987547,42.55622061581172,43.104087829589844,3407800,0.0,0.0
2017-12-14 00:00:00-05:00,43.35102313750766,43.3587382935377,42.44048165915119,42.54851150512695,3069100,0.0,0.0
2017-12-15 00:00:00-05:00,42.695109891745574,43.05778096050005,42.594795239557925,42.7954216003418,5616800,0.0,0.0
2017-12-18 00:00:00-05:00,42.83399940445747,43.042343843238804,42.517625170069046,42.594791412353516,2511200,0.0,0.0
2017-12-19 00:00:00-05:00,42.834001541329926,43.14266063868366,42.679674936244375,43.05006408691406,2613700,0.0,0.0
2017-12-20 00:00:00-05:00,43.165818063207674,43.42817746771907,43.050073085200594,43.34329605102539,2691200,0.0,0.0
2017-12-21 00:00:00-05:00,43.60564448282842,44.12264800732464,42.942032455903565,43.057777404785156,2610800,0.0,0.0
2017-12-22 00:00:00-05:00,43.17354821023883,43.351026247587676,42.93433714585069,43.281578063964844,1714800,0.0,0.0
2017-12-26 00:00:00-05:00,43.235252076560656,43.44359650109262,43.20438852534889,43.381866455078125,1235000,0.0,0.0
2017-12-27 00:00:00-05:00,43.443617990021174,43.74455910422771,43.381887913472546,43.48991775512695,1865600,0.0,0.0
2017-12-28 00:00:00-05:00,43.62108892269464,43.75227009739198,43.3201478573663,43.605655670166016,1314700,0.0,0.0
2017-12-29 00:00:00-05:00,43.61336733970818,43.70596389763945,43.45903778076172,43.45903778076172,1375200,0.0,0.0
2018-01-02 00:00:00-05:00,43.56708548502287,43.56708548502287,42.49449917232494,42.71827697753906,2715500,0.0,0.0
2018-01-03 00:00:00-05:00,42.68739985226515,42.87259594175258,42.3324438696389,42.69511795043945,3247300,0.0,0.0
2018-01-04 00:00:00-05:00,42.77227841587398,43.057786213835755,42.51763417777352,42.68739700317383,2573300,0.0,0.0
2018-01-05 00:00:00-05:00,42.77998955916047,42.89573746446194,42.34015222876131,42.84943771362305,3264800,0.0,0.0
2018-01-08 00:00:00-05:00,42.91116937090567,43.07321407837981,42.687391664246285,42.98061752319336,3075600,0.0,0.0
2018-01-09 00:00:00-05:00,43.06550633765326,43.65195521289478,43.034639832747935,43.34329605102539,3823600,0.0,0.0
2018-01-10 00:00:00-05:00,43.25841679153739,43.366446613150245,42.7799948049778,42.96519088745117,3212700,0.0,0.0
2018-01-11 00:00:00-05:00,43.08865294499566,43.242982519484976,42.82629355144135,42.94975662231445,2087100,0.0,0.0
2018-01-12 00:00:00-05:00,43.07321688482532,43.28927650886826,42.72597610076231,43.16581344604492,2659800,0.0,0.0
2018-01-16 00:00:00-05:00,43.27385207488294,43.62108996248225,43.119522489509905,43.42046356201172,3800300,0.0,0.0
2018-01-17 00:00:00-05:00,43.582502153517716,44.292416968643714,43.3895909349149,44.16123580932617,3169500,0.0,0.0
2018-01-18 00:00:00-05:00,44.16896075844615,44.323287402395934,43.914316497463304,44.207542419433594,2042900,0.0,0.0
2018-01-19 00:00:00-05:00,44.37730169664438,44.63966110872331,44.24612346240092,44.49304962158203,3847600,0.0,0.0
2018-01-22 00:00:00-05:00,44.639660141402715,44.94831930548661,44.593363327304495,44.9251708984375,2632800,0.0,0.0
2018-01-23 00:00:00-05:00,44.886584179555925,44.94831718689977,43.4667603337492,44.022342681884766,4611300,0.0,0.0
2018-01-24 00:00:00-05:00,44.46990080716268,44.46990080716268,41.67654387364659,42.69511795043945,7594900,0.0,0.0
2018-01-25 00:00:00-05:00,42.98061969576853,43.0655011021431,42.50220070226553,43.02691650390625,4766600,0.0,0.0
2018-01-26 00:00:00-05:00,43.19668561488942,43.79856775716888,41.707410568425416,42.309295654296875,5802800,0.0,0.0
2018-01-29 00:00:00-05:00,42.25527279257178,42.32472095026975,40.96662724189924,40.997493743896484,7824800,0.0,0.0
2018-01-30 00:00:00-05:00,41.01294340221215,42.03151482686965,41.01294340221215,41.27530288696289,5233600,0.0,0.0
2018-01-31 00:00:00-05:00,41.52993869832937,42.054657597417574,41.28301250388697,41.74599838256836,6765400,0.0,0.0
2018-02-01 00:00:00-05:00,41.88389386805584,42.87681267253282,41.84448987082579,42.222747802734375,4502800,1.125,0.0
2018-02-02 00:00:00-05:00,42.20698484974352,42.908332680064994,41.891770923123566,41.95481491088867,3004400,0.0,0.0
2018-02-05 00:00:00-05:00,41.73417393556671,42.845298933646106,40.93038093604705,40.938262939453125,4452700,0.0,0.0
2018-02-06 00:00:00-05:00,40.53636770834013,41.85238279951169,40.02414867775179,41.66325378417969,5951100,0.0,0.0
2018-02-07 00:00:00-05:00,41.59233526859729,42.63253744994161,41.411088237646815,42.08091735839844,4334500,0.0,0.0
2018-02-08 00:00:00-05:00,42.136066896833206,42.167585888375754,40.22114912835245,40.244789123535156,5464800,0.0,0.0
2018-02-09 00:00:00-05:00,40.66245703458681,41.41108816536531,40.363006987158634,41.151039123535156,5109500,0.0,0.0
2018-02-12 00:00:00-05:00,41.30861859145563,41.600192472993896,40.55999091177685,41.277099609375,2850800,0.0,0.0
2018-02-13 00:00:00-05:00,41.06434802440332,41.95482502662032,40.96978502605836,41.939064025878906,3078400,0.0,0.0
2018-02-14 00:00:00-05:00,42.37248684955565,44.40560812702069,42.214879826579896,44.366207122802734,6304600,0.0,0.0
2018-02-15 00:00:00-05:00,44.83901942914319,44.917821422179365,44.31891845923578,44.74445343017578,4209000,0.0,0.0
2018-02-16 00:00:00-05:00,44.59471974298085,45.33546855379274,44.59471974298085,45.19362258911133,3704700,0.0,0.0
2018-02-20 00:00:00-05:00,44.9651053548605,45.146352347487934,44.50016637164981,44.555328369140625,3807300,0.0,0.0
2018-02-21 00:00:00-05:00,44.70505154437432,45.784654459231525,44.594727553876936,45.05178451538086,3649100,0.0,0.0
2018-02-22 00:00:00-05:00,45.1384717660809,45.54036976743352,44.657771767574644,44.799617767333984,3358100,0.0,0.0
2018-02-23 00:00:00-05:00,44.9099444505787,45.51672643774804,44.85477944564164,45.477325439453125,1968600,0.0,0.0
2018-02-26 00:00:00-05:00,45.54824607052881,46.541168010112834,45.500966077474644,46.37567901611328,3290000,0.0,0.0
2018-02-27 00:00:00-05:00,46.336273605455304,46.69876754615164,46.123504638671875,46.123504638671875,4889100,0.0,0.0
2018-02-28 00:00:00-05:00,46.39931879134957,46.77757373998927,45.36699592732451,45.3748779296875,4031800,0.0,0.0
2018-03-01 00:00:00-05:00,45.50884512699001,46.17867108226195,45.13846914841901,45.540367126464844,3158200,0.0,0.0
2018-03-02 00:00:00-05:00,45.233031948184724,45.57976489957867,44.902056989310545,45.3748779296875,4006000,0.0,0.0
2018-03-05 00:00:00-05:00,45.169984276214485,46.454477001423385,44.941454323943034,46.328392028808594,3180000,0.0,0.0
2018-03-06 00:00:00-05:00,46.38357178344199,46.470255798962825,45.45369362693415,46.19444274902344,3362400,0.0,0.0
2018-03-07 00:00:00-05:00,45.86346209497835,46.233835083509554,45.83981909129514,46.036827087402344,2326400,0.0,0.0
2018-03-08 00:00:00-05:00,46.12350659721665,46.56480554774003,46.02106461360662,46.5096435546875,1455500,0.0,0.0
2018-03-09 00:00:00-05:00,46.78546190850133,47.58137596142779,46.62785489747695,47.57349395751953,1860700,0.0,0.0
2018-03-12 00:00:00-04:00,47.5577125198333,47.62075649959397,47.077015701619025,47.258262634277344,2553300,0.0,0.0
2018-03-13 00:00:00-04:00,47.32919892336197,47.82565687618264,47.250393926491284,47.289794921875,3339800,0.0,0.0
2018-03-14 00:00:00-04:00,48.30635354731227,48.5664055101278,47.849296620989136,48.38515853881836,3348400,0.0,0.0
2018-03-15 00:00:00-04:00,48.50335742873553,48.629442398414945,47.912333569719,48.527000427246094,3345400,0.0,0.0
2018-03-16 00:00:00-04:00,48.70824852816103,48.96829746906727,48.566402558174765,48.79492950439453,3086100,0.0,0.0
2018-03-19 00:00:00-04:00,48.79494757472233,49.26776865181158,48.385173516457215,48.75554656982422,2321700,0.0,0.0
2018-03-20 00:00:00-04:00,48.90526157099248,49.44112351197027,48.87373957302833,49.1180305480957,2611000,0.0,0.0
2018-03-21 00:00:00-04:00,49.16530913052909,49.41747909481215,48.6452082034324,48.8658561706543,2383700,0.0,0.0
2018-03-22 00:00:00-04:00,48.45608008412019,48.85009601159973,47.65228723132955,47.715328216552734,2713900,0.0,0.0
2018-03-23 00:00:00-04:00,47.68380809675326,48.06994504355901,46.97458120305112,47.02974319458008,3541500,0.0,0.0
2018-03-26 00:00:00-04:00,47.352841106230244,48.054189077201244,46.895781121582,47.951744079589844,3699100,0.0,0.0
2018-03-27 00:00:00-04:00,48.14087729939546,48.408808312435674,47.226760255982455,47.51045227050781,3576000,0.0,0.0
2018-03-28 00:00:00-04:00,47.55772766851238,47.96750464917678,47.10854969099827,47.6286506652832,3403100,0.0,0.0
2018-03-29 00:00:00-04:00,47.88869697328371,48.43243787994067,47.62864501394581,48.0147819519043,3268600,0.0,0.0
2018-04-02 00:00:00-04:00,48.06206862004104,48.28271659796765,46.62784774520836,47.1321907043457,3481500,0.0,0.0
2018-04-03 00:00:00-04:00,47.33708548598778,48.03843353666698,47.163717471265734,47.82566452026367,3498700,0.0,0.0
2018-04-04 00:00:00-04:00,47.38435981571745,48.503363690318146,47.3134368232355,48.39303970336914,3841200,0.0,0.0
2018-04-05 00:00:00-04:00,48.58216262859606,48.834332569070845,48.10934173562873,48.26694869995117,2900400,0.0,0.0
2018-04-06 00:00:00-04:00,47.959608898877086,48.3772647305735,47.04549226320983,47.31342315673828,3661400,0.0,0.0
2018-04-09 00:00:00-04:00,47.59711619776159,47.99113205037186,47.19521834468178,47.28190231323242,2952800,0.0,0.0
2018-04-10 00:00:00-04:00,47.920215954703124,48.054179920889474,47.534079041037316,47.58924102783203,3033400,0.0,0.0
2018-04-11 00:00:00-04:00,47.250389592829066,47.54196354535345,47.13218661751914,47.27403259277344,2315000,0.0,0.0
2018-04-12 00:00:00-04:00,47.58924984084519,47.88082082591343,47.45528584985016,47.675933837890625,2155800,0.0,0.0
2018-04-13 00:00:00-04:00,48.00689629943286,48.05417929010888,47.21886449144924,47.33707046508789,2711900,0.0,0.0
2018-04-16 00:00:00-04:00,47.738972000578954,48.40091588375977,47.64440601203626,48.0147819519043,4648000,0.0,0.0
2018-04-17 00:00:00-04:00,48.424567353156604,49.47264835759993,48.07783134673037,49.07863235473633,5132100,0.0,0.0
2018-04-18 00:00:00-04:00,49.16531376203551,49.19683576206612,47.935985821875335,48.211795806884766,3973000,0.0,0.0
2018-04-19 00:00:00-04:00,48.2117986128051,48.65309762060711,47.95962861009068,48.17239761352539,2991800,0.0,0.0
2018-04-20 00:00:00-04:00,48.25119045780046,48.37727543523665,47.912336517296396,48.109344482421875,2886600,0.0,0.0
2018-04-23 00:00:00-04:00,48.46396846525298,48.53489146617798,48.03843045970299,48.24332046508789,2146600,0.0,0.0
2018-04-24 00:00:00-04:00,48.33000504964404,48.456090052130605,47.48680802576714,47.84142303466797,2820000,0.0,0.0
2018-04-25 00:00:00-04:00,47.91234177918715,48.046308773358724,47.25039482342423,47.51832580566406,3370000,0.0,0.0
2018-04-26 00:00:00-04:00,47.56561614309271,47.975393179509396,47.26616311530671,47.778385162353516,1601000,0.0,0.0
2018-04-27 00:00:00-04:00,47.699569010686666,48.07782395454487,47.62076702467153,48.05418395996094,1519200,0.0,0.0
2018-04-30 00:00:00-04:00,48.14875629708621,48.266962305172996,47.51045227050781,47.51045227050781,2506600,0.0,0.0
2018-05-01 00:00:00-04:00,47.53408784383508,47.699573834865426,47.21887385568866,47.675933837890625,1929300,0.0,0.0
2018-05-02 00:00:00-04:00,47.40012162929156,47.47104462299232,45.79253577614308,46.47812271118164,3929200,0.0,0.0
2018-05-03 00:00:00-04:00,46.27324040709394,46.982467409641394,45.8871034010276,46.70665740966797,3764500,0.0,0.0
2018-05-04 00:00:00-04:00,46.517523756245055,47.36859968156753,46.21019178524636,47.1321907043457,2457300,0.0,0.0
2018-05-07 00:00:00-04:00,47.15583012451571,48.077826026255245,47.132190128913116,47.83353805541992,2675700,0.0,0.0
2018-05-08 00:00:00-04:00,47.699580063158734,48.29060411352771,47.66017906102156,48.196041107177734,2546500,0.0,0.0
2018-05-09 00:00:00-04:00,48.17239248770105,48.70037243529685,48.08570849484724,48.6924934387207,1600800,0.0,0.0
2018-05-10 00:00:00-04:00,48.77918220888175,49.338684209784795,48.58217420804798,49.14955520629883,2522700,0.0,0.0
2018-05-11 00:00:00-04:00,49.12591156891864,49.63813353558259,49.03134857723262,49.196834564208984,2073700,0.0,0.0
2018-05-14 00:00:00-04:00,49.23623587557808,49.32291987105516,48.558527917597274,48.637332916259766,3026600,0.0,0.0
2018-05-15 00:00:00-04:00,48.53487840576844,49.26774821608191,48.50335641248334,48.78704833984375,3991200,0.0,0.0
2018-05-16 00:00:00-04:00,48.93678938832701,49.0943964004681,48.09359533039143,48.550655364990234,3366700,0.0,0.0
2018-05-17 00:00:00-04:00,48.14088352347991,48.259089546849424,47.43953540028435,47.56562042236328,3644600,0.0,0.0
2018-05-18 00:00:00-04:00,47.668049012223435,48.101465938350266,47.502560035325224,48.0147819519043,4993500,0.0,0.0
2018-05-21 00:00:00-04:00,48.31424355762029,48.794940558019455,48.077831550019674,48.59005355834961,3327200,0.0,0.0
2018-05-22 00:00:00-04:00,48.700373477865966,49.48840542089326,48.558527487632794,48.850101470947266,3209000,0.0,0.0
2018-05-23 00:00:00-04:00,48.739773557552454,49.14167152435906,48.66097156717242,49.03922653198242,3086100,0.0,0.0
2018-05-24 00:00:00-04:00,49.04710682144684,49.35443878173828,48.71613185998465,49.35443878173828,2624200,0.0,0.0
2018-05-25 00:00:00-04:00,49.28352087768938,49.38596287095894,49.00770788031643,49.133792877197266,2078400,0.0,0.0
2018-05-29 00:00:00-04:00,48.88950757772032,48.92890857776995,48.322123557474065,48.62945556640625,2881000,0.0,0.0
2018-05-30 00:00:00-04:00,48.88950518139089,49.866663161582046,48.865862177637084,49.64601516723633,2260500,0.0,0.0
2018-05-31 00:00:00-04:00,49.575091466588205,49.575091466588205,48.850103491938995,48.92890548706055,6675300,0.0,0.0
2018-06-01 00:00:00-04:00,49.299279558762436,49.401721547212574,48.82645858812572,49.196834564208984,2687100,0.0,0.0
2018-06-04 00:00:00-04:00,49.33868643286101,49.62237844782064,49.23624142610255,49.512054443359375,4704200,0.0,0.0
2018-06-05 00:00:00-04:00,49.47264881002801,50.07943382071943,49.37808581018496,49.63813781738281,3009600,0.0,0.0
2018-06-06 00:00:00-04:00,49.709054901288724,49.9533428723112,48.14874905605184,49.32291793823242,4162300,0.0,0.0
2018-06-07 00:00:00-04:00,49.354448898705414,49.504173908330344,48.794943849888575,49.338687896728516,3935500,0.0,0.0
2018-06-08 00:00:00-04:00,49.37019918668576,49.54356415860164,49.165309211553684,49.51992416381836,2320900,0.0,0.0
2018-06-11 00:00:00-04:00,49.59085659744034,49.756342604641596,49.118038575121425,49.441131591796875,1987300,0.0,0.0
2018-06-12 00:00:00-04:00,49.527799347289275,49.646005324312114,48.68460552909474,48.79492950439453,3707400,0.0,0.0
2018-06-13 00:00:00-04:00,49.05498843052117,51.04082628065088,48.97618643869659,49.267757415771484,4815500,0.0,0.0
2018-06-14 00:00:00-04:00,49.49628454878496,49.622369532101644,48.62156866185539,48.77129364013672,3327900,0.0,0.0
2018-06-15 00:00:00-04:00,48.73977227085402,49.157431225931354,48.35363831964099,49.14167022705078,4254100,0.0,0.0
2018-06-18 00:00:00-04:00,48.787059358515634,48.850103359324464,48.345760371164054,48.463966369628906,2181000,0.0,0.0
2018-06-19 00:00:00-04:00,48.07782328152135,49.04710513133677,48.069944285471365,48.826454162597656,5244700,0.0,0.0
2018-06-20 00:00:00-04:00,49.12591182422263,49.12591182422263,48.36940187459632,48.40092086791992,2579400,0.0,0.0
2018-06-21 00:00:00-04:00,48.25907245982315,48.48759941473044,47.99114150700838,48.109344482421875,1740900,0.0,0.0
2018-06-22 00:00:00-04:00,48.322110008909384,48.37727199473326,47.78624814138936,47.89657211303711,9044800,0.0,0.0
2018-06-25 00:00:00-04:00,47.95174324187492,48.18027323020664,47.3607192758398,47.423763275146484,4257000,0.0,0.0
2018-06-26 00:00:00-04:00,47.565607487097395,47.66017047641458,47.07702853517153,47.08490753173828,3434000,0.0,0.0
2018-06-27 00:00:00-04:00,47.36072977959312,47.40013379095057,46.241725598654675,46.26536560058594,3850800,0.0,0.0
2018-06-28 00:00:00-04:00,46.281116026817784,47.17947196814343,46.25747603028921,46.91154098510742,2824800,0.0,0.0
2018-06-29 00:00:00-04:00,47.0297547339307,47.2110017514404,46.59633769152892,46.612098693847656,3864800,0.0,0.0
2018-07-02 00:00:00-04:00,46.470248983039085,47.09279199154362,46.43872698090874,47.07703399658203,3414400,0.0,0.0
2018-07-03 00:00:00-04:00,47.17158888794919,47.43163784556245,46.73028995229561,46.75393295288086,1198900,0.0,0.0
2018-07-05 00:00:00-04:00,46.958831883766514,47.100677899006186,46.430848825684656,46.541175842285156,2880100,0.0,0.0
2018-07-06 00:00:00-04:00,46.486011718332065,46.97459074516517,46.39144570841312,46.64361572265625,1985700,0.0,0.0
2018-07-09 00:00:00-04:00,46.91155126635633,47.07704029663528,46.730304239006976,46.94307327270508,2632600,0.0,0.0
2018-07-10 00:00:00-04:00,47.0139901425255,47.51045115630197,46.9273061394419,47.00611114501953,3386900,0.0,0.0
2018-07-11 00:00:00-04:00,46.7933463969298,47.045516425516446,46.62785737321043,46.675140380859375,3175900,0.0,0.0
2018-07-12 00:00:00-04:00,46.97458694756735,47.021866942600845,46.20231596561802,46.225955963134766,3730800,0.0,0.0
2018-07-13 00:00:00-04:00,46.21018876365273,46.30475174713752,45.94225780535994,46.052581787109375,3363000,0.0,0.0
2018-07-16 00:00:00-04:00,46.28111808477252,46.407203082037,45.965907094663066,46.036827087402344,4640700,0.0,0.0
2018-07-17 00:00:00-04:00,46.4938871083401,47.46316608901884,46.29687911211832,46.80910110473633,6385700,0.0,0.0
2018-07-18 00:00:00-04:00,46.93517618179352,47.67592500882453,46.5963222594244,47.58924102783203,8770400,0.0,0.0
2018-07-19 00:00:00-04:00,47.22675362854016,47.38436061517063,46.78545466719551,46.89577865600586,5577200,0.0,0.0
2018-07-20 00:00:00-04:00,46.83273905085873,47.32131801837796,46.66725306274625,47.147953033447266,3081600,0.0,0.0
2018-07-23 00:00:00-04:00,47.12431179929818,47.210995798068325,46.635732813443234,46.95094680786133,3027700,0.0,0.0
2018-07-24 00:00:00-04:00,46.99822793993787,47.14795594365589,46.63573394185844,46.80121994018555,3128200,0.0,0.0
2018-07-25 00:00:00-04:00,46.74604523298448,47.02973715648367,46.61208127250025,46.90365219116211,3190900,0.0,0.0
2018-07-26 00:00:00-04:00,47.09278432704763,47.69956924183446,47.02186133684909,47.3764762878418,3260200,0.0,0.0
2018-07-27 00:00:00-04:00,47.69955943734732,48.030534325610745,47.06125566286478,47.17945861816406,2013000,0.0,0.0
2018-07-30 00:00:00-04:00,47.171595620248326,47.415883614370394,46.76181862282326,46.824859619140625,2181200,0.0,0.0
2018-07-31 00:00:00-04:00,47.02186394472118,47.33707791999741,46.64360897805165,47.289794921875,4230500,0.0,0.0
2018-08-01 00:00:00-04:00,47.28978304039693,47.77836487993005,47.10853610228722,47.691680908203125,3367200,0.0,0.0
2018-08-02 00:00:00-04:00,47.60501858401798,48.68462170895083,47.589257581436726,48.60581970214844,4257700,0.0,0.0
2018-08-03 00:00:00-04:00,48.46395975621388,48.645206724651096,47.951737840902126,48.503360748291016,3862300,0.0,0.0
2018-08-06 00:00:00-04:00,48.49548220481376,48.62944618034659,48.27483123613757,48.40879821777344,2317800,0.0,0.0
2018-08-07 00:00:00-04:00,48.448202144280955,49.062866080732455,48.314238160635156,48.71613311767578,3744700,0.0,0.0
2018-08-08 00:00:00-04:00,48.629441379521,48.873732318326404,48.44031543201588,48.78704833984375,2091700,0.0,0.0
2018-08-09 00:00:00-04:00,48.81069120666153,49.56720405954812,48.731889224910155,49.283512115478516,2170200,0.0,0.0
2018-08-10 00:00:00-04:00,48.99982873672957,49.3702047291303,48.79493873859594,49.204715728759766,2446100,0.0,0.0
2018-08-13 00:00:00-04:00,49.15742911265481,49.606607040079986,48.80281416834466,48.826454162597656,2578500,0.0,0.0
2018-08-14 00:00:00-04:00,48.79493572571876,49.29139668396915,48.700372735705486,49.086509704589844,5674900,0.0,0.0
2018-08-15 00:00:00-04:00,49.141675086691905,50.58377506279121,48.842222090554266,50.481327056884766,3433800,0.0,0.0
2018-08-16 00:00:00-04:00,50.820180245672944,51.474248226068006,50.213398271949515,51.26148223876953,4532400,0.0,0.0
2018-08-17 00:00:00-04:00,51.22996069786773,52.34108266320412,51.222078694650634,52.23075866699219,5710900,0.0,0.0
2018-08-20 00:00:00-04:00,52.43564169265812,52.81389362588543,52.34895770541726,52.71933364868164,4511100,0.0,0.0
2018-08-21 00:00:00-04:00,52.67205204078652,53.29459799552555,52.62477204824142,52.97150802612305,4178500,0.0,0.0
2018-08-22 00:00:00-04:00,52.86119907946436,53.05820712074542,52.51446300290304,52.57750701904297,3542000,0.0,0.0
2018-08-23 00:00:00-04:00,52.62477080140669,52.77449879052746,52.54596881162971,52.64841079711914,1939200,0.0,0.0
2018-08-24 00:00:00-04:00,52.64052837708857,52.782374346244424,52.34107243542305,52.73508834838867,2092900,0.0,0.0
2018-08-27 00:00:00-04:00,52.82966088446793,53.08183085955486,52.703572890821235,53.003028869628906,1751100,0.0,0.0
2018-08-28 00:00:00-04:00,53.018797138594586,53.1370031524969,52.75874511045101,52.91635513305664,1836700,0.0,0.0
2018-08-29 00:00:00-04:00,53.11335249666488,53.491604450619015,52.95574250567866,53.32611846923828,2298500,0.0,0.0
2018-08-30 00:00:00-04:00,53.357636312891756,53.357636312891756,52.77449442216345,52.932098388671875,1948800,0.0,0.0
2018-08-31 00:00:00-04:00,52.932101642699116,53.263073600037046,52.727217676084,53.21579360961914,2579000,0.0,0.0
2018-09-04 00:00:00-04:00,53.27096289913182,53.909272918235544,53.215800898686524,53.89350891113281,2068900,0.0,0.0
2018-09-05 00:00:00-04:00,53.948680551183216,54.334814623295124,53.90928255080098,54.20873260498047,2256900,0.0,0.0
2018-09-06 00:00:00-04:00,54.12992265392034,54.311166655957486,53.94867263967587,54.232364654541016,1778100,0.0,0.0
2018-09-07 00:00:00-04:00,54.1850826605698,54.382090662959094,54.0274726513341,54.271766662597656,2108000,0.0,0.0
2018-09-10 00:00:00-04:00,54.18506513434144,54.18506513434144,53.31034940568432,53.42067337036133,2471000,0.0,0.0
2018-09-11 00:00:00-04:00,52.96362131995664,53.80681518130325,52.64053137924556,53.578285217285156,2769100,0.0,0.0
2018-09-12 00:00:00-04:00,53.69649742384174,54.08263140190552,53.45220943946358,53.86986541748047,2870000,0.0,0.0
2018-09-13 00:00:00-04:00,54.13780096317178,54.256006976460576,53.62558492593296,54.1693229675293,2254600,0.0,0.0
2018-09-14 00:00:00-04:00,54.35055733534294,54.35055733534294,53.57828348153504,53.775291442871094,3930200,0.0,0.0
2018-09-17 00:00:00-04:00,53.8777517729609,54.12203977707353,53.60981775781816,54.00383377075195,1899200,0.0,0.0
2018-09-18 00:00:00-04:00,54.13778324438875,54.94946106347333,54.00381927887012,54.910057067871094,2379600,0.0,0.0
2018-09-19 00:00:00-04:00,54.910061130439466,55.64293101254158,54.88642113621134,55.067665100097656,3019100,0.0,0.0
2018-09-20 00:00:00-04:00,55.272561270986,55.80842324502623,55.162237277407726,55.77690124511719,2293800,0.0,0.0
2018-09-21 00:00:00-04:00,56.107866184840454,56.13151219095993,55.66657026590585,55.7296142578125,4119400,0.0,0.0
2018-09-24 00:00:00-04:00,55.76902345871451,55.83994946692416,55.36713145695283,55.45381546020508,1649900,0.0,0.0
2018-09-25 00:00:00-04:00,55.34348231110465,56.13939019166249,55.22527632509713,56.10786819458008,3131100,0.0,0.0
2018-09-26 00:00:00-04:00,56.320647261465204,56.43097125903813,55.78478526802228,55.85570526123047,2836700,0.0,0.0
2018-09-27 00:00:00-04:00,55.79265995887817,56.155153905137134,55.29619602266202,55.41440200805664,1698800,0.0,0.0
2018-09-28 00:00:00-04:00,55.28044823727151,56.013318267387625,55.22528623552975,55.98179626464844,2437700,0.0,0.0
2018-10-01 00:00:00-04:00,56.233959709576716,56.557049678572994,55.61141375562042,55.7138557434082,2337800,0.0,0.0
2018-10-02 00:00:00-04:00,55.82416952426778,56.02117747320244,55.59564559424439,55.91873550415039,2620200,0.0,0.0
2018-10-03 00:00:00-04:00,56.07635897266908,56.35216896514595,55.92663097152152,55.99755096435547,2438200,0.0,0.0
2018-10-04 00:00:00-04:00,56.02905952693803,56.18666949355633,55.57988164343544,56.03694152832031,2691700,0.0,0.0
2018-10-05 00:00:00-04:00,55.973911879526256,56.11575787971419,55.48533588837328,55.69021987915039,2220800,0.0,0.0
2018-10-08 00:00:00-04:00,55.80054328565454,56.17880128620975,55.5010932938616,55.97391128540039,2551500,0.0,0.0
2018-10-09 00:00:00-04:00,56.021195370372965,56.75406541502916,55.910871364700625,56.60434341430664,3643300,0.0,0.0
2018-10-10 00:00:00-04:00,55.62717082472918,55.95026680056336,53.9644289904776,53.99594497680664,6340800,0.0,0.0
2018-10-11 00:00:00-04:00,53.66497575899768,54.12203574286173,52.60901580890497,52.77450180053711,5592800,0.0,0.0
2018-10-12 00:00:00-04:00,53.17638704269953,53.51524094784174,51.85249341472595,52.68780517578125,4845600,0.0,0.0
2018-10-15 00:00:00-04:00,52.632653980560484,52.979389957977624,52.18347601536399,52.19923400878906,2893300,0.0,0.0
2018-10-16 00:00:00-04:00,53.66497588494512,55.43016581203744,53.5467698871571,55.375003814697266,5629900,0.0,0.0
2018-10-17 00:00:00-04:00,55.42228924005663,55.847827220307856,54.79186126660147,55.658695220947266,3182500,0.0,0.0
2018-10-18 00:00:00-04:00,55.5010752083183,57.30566859876389,55.5010752083183,56.58068084716797,4935000,0.0,0.0
2018-10-19 00:00:00-04:00,55.989688696738234,56.17881473619173,55.382900552354336,55.595672607421875,4438100,0.0,0.0
2018-10-22 00:00:00-04:00,55.77689659035358,56.09211055093163,55.17011467631099,55.367122650146484,3509000,0.0,0.0
2018-10-23 00:00:00-04:00,54.60272983676703,55.16223175164036,54.12202990766911,54.7209358215332,4214700,0.0,0.0
2018-10-24 00:00:00-04:00,54.563342433258576,55.00464450979423,53.28673424367975,53.38129425048828,3564300,0.0,0.0
2018-10-25 00:00:00-04:00,53.68073417250376,54.86278200004581,53.499484193576606,54.34267807006836,2562200,0.0,0.0
2018-10-26 00:00:00-04:00,53.84622336421518,54.185077335512055,53.17639742436038,53.672855377197266,2597400,0.0,0.0
2018-10-29 00:00:00-04:00,54.32692866277838,55.12283666364202,53.65709664488909,54.271766662597656,2259400,0.0,0.0
2018-10-30 00:00:00-04:00,54.476657246931644,55.185887343777864,53.90139717719536,54.996761322021484,2701000,0.0,0.0
2018-10-31 00:00:00-04:00,55.28833087058935,55.62717887642779,54.88643284634729,54.92583084106445,3703300,0.0,0.0
2018-11-01 00:00:00-04:00,54.51605520262808,54.807629213452145,53.75166318381926,54.405731201171875,5145200,0.0,0.0
2018-11-02 00:00:00-04:00,54.862795670996505,55.23316569899693,53.546777525791875,53.8856315612793,3448500,0.0,0.0
2018-11-05 00:00:00-05:00,54.06687632503232,55.12283632550196,54.003832321724765,54.9494743347168,2218600,0.0,0.0
2018-11-06 00:00:00-05:00,54.86278672725786,55.27256069740961,54.720940735242515,54.988868713378906,2174400,0.0,0.0
2018-11-07 00:00:00-05:00,56.304877527629884,58.07007333365886,56.15515555312855,57.62089538574219,4782700,0.0,0.0
2018-11-08 00:00:00-05:00,57.32144806981062,58.00703809900189,57.31357207831482,57.888832092285156,2494900,0.0,0.0
2018-11-09 00:00:00-05:00,57.778490246483756,58.03854217851153,57.45540034092032,57.676048278808594,2344700,0.0,0.0
2018-11-12 00:00:00-05:00,57.66816843881683,57.87305839405136,56.55704069425844,56.659488677978516,1985500,0.0,0.0
2018-11-13 00:00:00-05:00,56.52551016318521,56.95892394237885,56.06845038538473,56.41518020629883,3227500,0.0,0.0
2018-11-14 00:00:00-05:00,54.63424776769243,54.768211734761756,50.97778058752795,51.0644645690918,8984700,0.0,0.0
2018-11-15 00:00:00-05:00,50.83594307586171,52.25439698685112,50.83594307586171,52.24652099609375,6524500,0.0,0.0
2018-11-16 00:00:00-05:00,52.010113836000905,52.67205785350871,51.789465830164964,52.27804183959961,3799100,0.0,0.0
2018-11-19 00:00:00-05:00,52.538087461283574,52.577491462764506,50.77289761709621,51.229957580566406,4328300,0.0,0.0
2018-11-20 00:00:00-05:00,50.568026831337036,51.31666105827512,49.92184064226486,50.73351287841797,6430300,0.0,0.0
2018-11-21 00:00:00-05:00,50.73349931270007,50.97779332734298,50.17399729963965,50.18975830078125,3361500,0.0,0.0
2018-11-23 00:00:00-05:00,49.77210297899283,50.008511987173165,49.54357296844026,49.60661697387695,1350500,0.0,0.0
2018-11-26 00:00:00-05:00,50.00062322401051,50.181870195086525,49.63812928185848,49.82725524902344,3407000,0.0,0.0
2018-11-27 00:00:00-05:00,49.67753152442125,49.99274247966138,48.44820068250629,48.77129364013672,3947100,0.0,0.0
2018-11-28 00:00:00-05:00,48.96829492348003,50.63104248046875,48.96829492348003,50.63104248046875,4633200,0.0,0.0
2018-11-29 00:00:00-05:00,50.276436379210466,51.6397312532139,50.244914380641966,51.371803283691406,3903200,0.0,0.0
2018-11-30 00:00:00-05:00,51.293005354784015,52.333213475215146,51.24572535374902,52.2386474609375,5104800,0.0,0.0
2018-12-03 00:00:00-05:00,52.94786677536068,53.23943473875615,51.742178896374206,52.64841079711914,5428300,0.0,0.0
2018-12-04 00:00:00-05:00,52.624769834522525,52.703571822851664,50.765014051364496,50.93050003051758,4625900,0.0,0.0
2018-12-06 00:00:00-05:00,50.166112948721214,51.16691386863655,49.275636018920395,51.088111877441406,4231100,0.0,0.0
2018-12-07 00:00:00-05:00,50.875334126752726,51.52940200279934,49.71692935562285,49.97697830200195,3469600,0.0,0.0
2018-12-10 00:00:00-05:00,49.80362245990897,50.53648944632826,48.692497472229846,50.15823745727539,5100400,0.0,0.0
2018-12-11 00:00:00-05:00,51.13538794559164,51.45848390056588,49.62236818681035,50.01638412475586,4215300,0.0,0.0
2018-12-12 00:00:00-05:00,50.76501905258321,51.34816705052276,50.41828606123148,50.481327056884766,3924800,0.0,0.0
2018-12-13 00:00:00-05:00,50.44192918133783,50.67833517016077,49.299282198739476,49.76422119140625,3194900,0.0,0.0
2018-12-14 00:00:00-05:00,49.1968404676769,49.519933483635654,48.67673944183832,48.85798645019531,3577100,0.0,0.0
2018-12-17 00:00:00-05:00,48.77129271452053,48.93677868833862,47.90445884643264,48.12510681152344,4626200,0.0,0.0
2018-12-18 00:00:00-05:00,48.37728359954528,48.79493959414334,47.64441360510871,48.13299560546875,3632100,0.0,0.0
2018-12-19 00:00:00-05:00,48.290595564084136,49.55932744856783,47.71533261763625,47.96750259399414,3961000,0.0,0.0
2018-12-20 00:00:00-05:00,47.4946816698829,47.89657660516448,46.66724879881866,47.124305725097656,3566200,0.0,0.0
2018-12-21 00:00:00-05:00,46.99034862244361,48.43244560763043,46.67513462254634,46.824859619140625,7327000,0.0,0.0
2018-12-24 00:00:00-05:00,46.31263140831761,46.68300733355733,44.97297668457031,44.97297668457031,2232500,0.0,0.0
2018-12-26 00:00:00-05:00,45.04390220756342,46.801212941845236,44.68928725981528,46.75393295288086,2956300,0.0,0.0
2018-12-27 00:00:00-05:00,46.14715735405698,47.44740841666131,45.69009732783352,47.43952941894531,3124800,0.0,0.0
2018-12-28 00:00:00-05:00,47.54197315853302,47.90446716587932,46.81698213773682,47.00611114501953,2690400,0.0,0.0
2018-12-31 00:00:00-05:00,47.3370869040645,47.54985592684172,47.02975487319866,47.54197692871094,2420600,0.0,0.0
2019-01-02 00:00:00-05:00,46.714541384181565,47.077038430615744,46.31264634052906,46.675140380859375,4153200,0.0,0.0
2019-01-03 00:00:00-05:00,46.462367046668625,46.89578405522528,45.78465903040381,45.88710403442383,3889200,0.0,0.0
2019-01-04 00:00:00-05:00,46.53329027898222,47.31344330313099,46.35204327472826,46.93518829345703,2717800,0.0,0.0
2019-01-07 00:00:00-05:00,46.80908335859115,47.77047997152076,46.65147642014459,47.31342315673828,3065300,0.0,0.0
2019-01-08 00:00:00-05:00,47.857177734375,48.369399680465534,47.25039280039657,47.857177734375,2822600,0.0,0.0
2019-01-09 00:00:00-05:00,48.44820815597448,48.921029170925245,48.21967814905345,48.30636215209961,4301700,0.0,0.0
2019-01-10 00:00:00-05:00,48.211793202338086,48.850100141009555,47.865060239043025,48.8343391418457,2039600,0.0,0.0
2019-01-11 00:00:00-05:00,48.51913569100349,48.70826471587464,47.943872624255214,48.60581970214844,1773900,0.0,0.0
2019-01-14 00:00:00-05:00,48.31423147726781,48.82645035142045,48.17238551061562,48.527000427246094,2112900,0.0,0.0
2019-01-15 00:00:00-05:00,48.44032255329986,49.01558548786084,48.42456155434026,48.88161849975586,1821200,0.0,0.0
2019-01-16 00:00:00-05:00,49.078625322871815,49.370199287609424,48.73189237222817,49.33079528808594,2555100,0.0,0.0
2019-01-17 00:00:00-05:00,49.1180409520962,49.890312029178325,49.05499694281416,49.8430290222168,2939500,0.0,0.0
2019-01-18 00:00:00-05:00,50.118824950868195,50.92262081261509,49.693290032317975,50.765010833740234,3817600,0.0,0.0
2019-01-22 00:00:00-05:00,50.48920618797269,50.835942165703095,49.614490253030326,49.874542236328125,4355000,0.0,0.0
2019-01-23 00:00:00-05:00,49.56720026953948,51.39543376252771,49.37019232412176,51.21418380737305,5317600,0.0,0.0
2019-01-24 00:00:00-05:00,50.89111485743838,51.42697693010176,50.54437880683036,51.41121292114258,3964300,0.0,0.0
2019-01-25 00:00:00-05:00,51.84462243437011,51.868262430790466,51.08811248788553,51.45848846435547,3193300,0.0,0.0
2019-01-28 00:00:00-05:00,51.25360245347791,51.44272845172787,50.985668444767306,51.37968444824219,2943600,0.0,0.0
2019-01-29 00:00:00-05:00,51.40333188731934,51.89978990110084,51.37968587619972,51.86038589477539,4549700,0.0,0.0
2019-01-30 00:00:00-05:00,51.986463724335565,52.76661359669714,51.61608778135607,52.60112762451172,4128200,0.0,0.0
2019-01-31 00:00:00-05:00,52.49868482909253,53.081826723757665,52.38047884731022,53.02666473388672,5243800,0.0,0.0
2019-02-01 00:00:00-05:00,53.42289099337083,53.914059427785645,52.96446170844423,53.86494445800781,3895000,2.514,0.0
2019-02-04 00:00:00-05:00,53.701209886964904,54.06140293584212,53.34102308363231,54.05321502685547,2550200,0.0,0.0
2019-02-05 00:00:00-05:00,54.16780696232409,54.642605633802816,54.01227420449301,54.46250915527344,3134800,0.0,0.0
2019-02-06 00:00:00-05:00,54.42977792636875,55.387563425274635,54.216942255984904,55.31388473510742,3163300,0.0,0.0
2019-02-07 00:00:00-05:00,55.0355597248122,55.567655160250546,54.83090571255289,55.43667984008789,3058600,0.0,0.0
2019-02-08 00:00:00-05:00,55.09285939952739,55.96877827131633,55.0191807117088,55.96059036254883,2564100,0.0,0.0
2019-02-11 00:00:00-05:00,56.042454967836655,56.66460492496127,55.68226190125742,56.6154899597168,3861600,0.0,0.0
2019-02-12 00:00:00-05:00,56.9429344154341,57.319497075262,56.689165420789166,56.730098724365234,4762700,0.0,0.0
2019-02-13 00:00:00-05:00,57.30310505568057,58.12172084219029,57.049336160436255,57.95800018310547,4510000,0.0,0.0
2019-02-14 00:00:00-05:00,57.5568945129116,58.18723239121392,57.14758647343296,57.884342193603516,5961800,0.0,0.0
2019-02-15 00:00:00-05:00,58.44919285557623,58.75207682613574,58.16267845955557,58.33458709716797,4789700,0.0,0.0
2019-02-19 00:00:00-05:00,58.30184383545452,58.98129674626443,58.26091052929175,58.78482437133789,3478300,0.0,0.0
2019-02-20 00:00:00-05:00,58.98129255635326,59.33329772949219,58.686590260444156,59.33329772949219,5379300,0.0,0.0
2019-02-21 00:00:00-05:00,59.333293320368064,59.505201939282784,58.801191645320735,59.03040313720703,4251000,0.0,0.0
2019-02-22 00:00:00-05:00,59.13681184561118,59.35784163977237,58.90760038910608,59.16136932373047,2749900,0.0,0.0
2019-02-25 00:00:00-05:00,59.37419882433395,59.70164637055327,59.022193805118114,59.537925720214844,2661000,0.0,0.0
2019-02-26 00:00:00-05:00,59.27599880053444,59.718046028296904,59.07952642647821,59.20232009887695,2847100,0.0,0.0
2019-02-27 00:00:00-05:00,59.071321890502006,59.74258662809665,58.997643217371404,59.52155685424805,2499000,0.0,0.0
2019-02-28 00:00:00-05:00,59.59524841222712,60.10278634456605,59.41515188957348,59.67710876464844,3639400,0.0,0.0
2019-03-01 00:00:00-05:00,60.11916452046235,60.397490978720704,59.4970145756772,59.77534103393555,3265300,0.0,0.0
2019-03-04 00:00:00-05:00,59.82444696281928,60.32380312383346,58.98945531023618,59.52155685424805,2499600,0.0,0.0
2019-03-05 00:00:00-05:00,59.570686363077975,59.73441331807588,59.25961451689905,59.34966278076172,1723000,0.0,0.0
2019-03-06 00:00:00-05:00,59.41515137180593,59.611617465013936,58.801189365679505,58.86668014526367,2215000,0.0,0.0
2019-03-07 00:00:00-05:00,58.87487696107641,59.390609176104185,58.522871737147184,59.12046432495117,3048400,0.0,0.0
2019-03-08 00:00:00-05:00,58.711134318607954,59.2923508677584,58.69475850283258,59.16136932373047,2436600,0.0,0.0
2019-03-11 00:00:00-04:00,59.34147858578873,59.70167166378375,59.18594577573688,59.63618087768555,1901700,0.0,0.0
2019-03-12 00:00:00-04:00,59.758965886300665,60.35655829320312,59.70166301814927,60.2337646484375,3428400,0.0,0.0
2019-03-13 00:00:00-04:00,59.95544546278896,60.00456667907583,59.120459732459665,59.20232009887695,3829800,0.0,0.0
2019-03-14 00:00:00-04:00,59.194122096469194,59.76715705478376,58.89941983117474,59.64436340332031,2334400,0.0,0.0
2019-03-15 00:00:00-04:00,59.45608101316225,60.29926078453902,59.366032748700114,60.25832748413086,8243400,0.0,0.0
2019-03-18 00:00:00-04:00,60.20919739395793,60.32380311165511,59.68528375718706,59.80807113647461,4090200,0.0,0.0
2019-03-19 00:00:00-04:00,60.070043422591716,60.127346296195505,59.11226414426633,59.26780319213867,3381700,0.0,0.0
2019-03-20 00:00:00-04:00,59.29237997561502,59.570706524994975,58.850326415823176,58.94856262207031,2620500,0.0,0.0
2019-03-21 00:00:00-04:00,58.66202292839019,60.004552608568986,58.58834424400967,59.86538314819336,2090700,0.0,0.0
2019-03-22 00:00:00-04:00,59.521558376246844,60.10277488684567,59.45606760857683,59.578861236572266,2576600,0.0,0.0
2019-03-25 00:00:00-04:00,59.595249234427556,59.840830295079655,59.357849837249276,59.52975845336914,1950600,0.0,0.0
2019-03-26 00:00:00-04:00,59.849004361672556,59.922676789165166,59.3578361084256,59.906307220458984,2304900,0.0,0.0
2019-03-27 00:00:00-04:00,59.808071148548834,60.070027966987155,59.21866674567681,59.52155685424805,2967200,0.0,0.0
2019-03-28 00:00:00-04:00,59.61979995944047,59.79989646416911,58.70294786516012,59.28416442871094,1820700,0.0,0.0
2019-03-29 00:00:00-04:00,59.660726342415074,59.68529006641237,58.948534485089965,59.01401901245117,4400400,0.0,0.0
2019-04-01 00:00:00-04:00,59.47244412538195,59.799891722054426,59.25960225071333,59.56249237060547,2483100,0.0,0.0
2019-04-02 00:00:00-04:00,59.57067632840209,59.693469962579755,59.243234964653205,59.505191802978516,1538000,0.0,0.0
2019-04-03 00:00:00-04:00,59.74259650821216,59.86538390783085,58.93216219746346,59.78352355957031,2787400,0.0,0.0
2019-04-04 00:00:00-04:00,59.931084923109715,59.93928405962779,59.39005448687361,59.45563507080078,1453900,0.1,0.0
2019-04-05 00:00:00-04:00,59.57039099464896,59.8900884862468,59.33266609631323,59.5949821472168,1719500,0.0,0.0
2019-04-08 00:00:00-04:00,59.34088689750314,59.463848959344325,58.57033048046798,59.029388427734375,2221000,0.0,0.0
2019-04-09 00:00:00-04:00,58.71788265590741,58.99659707471385,58.52114711293885,58.63591003417969,1938000,0.0,0.0
2019-04-10 00:00:00-04:00,58.83260920535049,59.144113731090115,58.529310067054055,59.07853317260742,1717000,0.0,0.0
2019-04-11 00:00:00-04:00,59.291684131765436,59.414646151211656,58.57850942226387,58.83262634277344,2657300,0.0,0.0
2019-04-12 00:00:00-04:00,59.12772113815819,59.55398855509289,58.98836712859015,59.52119827270508,2086300,0.0,0.0
2019-04-15 00:00:00-04:00,59.51300292824104,59.832700384246266,59.12772490328416,59.23429489135742,2729400,0.0,0.0
2019-04-16 00:00:00-04:00,60.865592804234936,63.36579810793817,60.841001646183656,63.3330078125,6385000,0.0,0.0
2019-04-17 00:00:00-04:00,63.324797802522106,63.39857126400937,62.25094239126325,62.4312858581543,3274200,0.0,0.0
2019-04-18 00:00:00-04:00,62.43948120317654,62.68540525938539,61.41480805915392,61.48038864135742,3057100,0.0,0.0
2019-04-22 00:00:00-04:00,61.177075194552664,61.34102662877004,60.87377598593906,61.119693756103516,1931400,0.0,0.0
2019-04-23 00:00:00-04:00,61.19348027326333,62.160771953387226,60.955755357780255,62.0460090637207,2645200,0.0,0.0
2019-04-24 00:00:00-04:00,62.029603479412195,62.13617347447473,61.46398823390392,61.53776168823242,1927700,0.0,0.0
2019-04-25 00:00:00-04:00,61.480383373046216,62.17715980045247,61.119696455943114,61.972225189208984,2209600,0.0,0.0
2019-04-26 00:00:00-04:00,62.07877749651893,62.464049202399096,61.890234956104194,62.45585632324219,1791500,0.0,0.0
2019-04-29 00:00:00-04:00,62.66080636567244,63.365781902020785,62.62801607862045,63.21002960205078,2183000,0.0,0.0
2019-04-30 00:00:00-04:00,63.26739866963491,64.11172807027424,62.98049153166618,64.06254577636719,2568700,0.0,0.0
2019-05-01 00:00:00-04:00,64.02156595827846,64.4150431308331,62.94771068630322,63.04608154296875,3306000,0.0,0.0
2019-05-02 00:00:00-04:00,63.24282141328448,63.275611701126735,61.652526850528886,61.93943405151367,3902400,0.0,0.0
2019-05-03 00:00:00-04:00,62.226345788216754,62.30011924324361,60.611460117701746,61.01313018798828,4016100,0.0,0.0
2019-05-06 00:00:00-04:00,60.19339755264302,61.103307776596246,60.1688063986078,60.857383728027344,4413200,0.0,0.0
2019-05-07 00:00:00-04:00,60.463913365470056,60.7426214528265,59.537604860072484,59.668766021728516,3665900,0.0,0.0
2019-05-08 00:00:00-04:00,59.46382598504858,60.52948218302394,59.31627281866949,60.26716613769531,3971300,0.0,0.0
2019-05-09 00:00:00-04:00,59.9064953485103,60.029457383091355,59.50481895193824,59.717952728271484,2415600,0.0,0.0
2019-05-10 00:00:00-04:00,59.431040476727546,60.324552428129785,58.88181718985965,60.193397521972656,1851600,0.0,0.0
2019-05-13 00:00:00-04:00,59.250680084239896,59.53758722273394,58.70145695425036,59.46381378173828,3182600,0.0,0.0
2019-05-14 00:00:00-04:00,59.5130032822656,61.12788884118973,59.5130032822656,60.36553192138672,3011200,0.0,0.0
2019-05-15 00:00:00-04:00,60.80819661502854,63.75925369412759,60.52128941710783,63.529727935791016,5317100,0.0,0.0
2019-05-16 00:00:00-04:00,63.619903463934435,64.30848078008424,63.41496884544582,63.8166389465332,2772900,0.0,0.0
2019-05-17 00:00:00-04:00,63.341189311619615,64.31668009972704,63.14445382845877,63.71007537841797,2196800,0.0,0.0
2019-05-20 00:00:00-04:00,63.65270030249685,64.20192363556896,63.34119564771473,64.18553161621094,2238200,0.0,0.0
2019-05-21 00:00:00-04:00,64.472424724621,65.8659774665312,64.472424724621,65.6364517211914,3842300,0.0,0.0
2019-05-22 00:00:00-04:00,65.62826997726927,66.0135481179459,65.3659538767823,65.94796752929688,2467700,0.0,0.0
2019-05-23 00:00:00-04:00,65.56267960976021,65.64465219847101,64.980659845466,65.34134674072266,2846300,0.0,0.0
2019-05-24 00:00:00-04:00,65.6692277117211,66.09548882397537,65.4560940285409,65.7593994140625,4398400,0.0,0.0
2019-05-28 00:00:00-04:00,65.84957890507762,66.39880206313269,64.94786802911571,65.16099548339844,3429400,0.0,0.0
2019-05-29 00:00:00-04:00,64.9150881464719,65.57907427216304,64.25929490210713,65.52989196777344,2663400,0.0,0.0
2019-05-30 00:00:00-04:00,65.69384002685547,65.92336579619581,65.40693281518004,65.69384002685547,1622900,0.0,0.0
2019-05-31 00:00:00-04:00,65.21020927094153,65.62827146128694,64.71836109906101,64.98887634277344,2245600,0.0,0.0
2019-06-03 00:00:00-04:00,64.98886151714036,65.6282564897914,64.63637374322916,65.4397201538086,2792700,0.0,0.0
2019-06-04 00:00:00-04:00,66.0709247601826,67.09559793032845,65.7840175233635,67.07100677490234,4058300,0.0,0.0
2019-06-05 00:00:00-04:00,67.12019891407677,68.51375838199742,67.07101659602284,68.3170166015625,3922200,0.0,0.0
2019-06-06 00:00:00-04:00,68.32520772255718,68.45636889412442,67.74319409547257,68.16126251220703,2602800,0.0,0.0
2019-06-07 00:00:00-04:00,68.32520610168389,69.103961467645,68.07108915543688,68.18585205078125,2059700,0.0,0.0
2019-06-10 00:00:00-04:00,68.39897688555725,68.53013178276771,67.51365787648191,67.70219421386719,2111600,0.0,0.0
2019-06-11 00:00:00-04:00,68.2432133084287,68.49733017949423,67.47265730699529,67.685791015625,2124200,0.0,0.0
2019-06-12 00:00:00-04:00,68.03010836114993,68.03830749874622,66.21848670715838,66.5053939819336,2914700,0.0,0.0
2019-06-13 00:00:00-04:00,66.66111540207514,67.21853767195809,66.40699854145869,66.92343139648438,1801800,0.0,0.0
2019-06-14 00:00:00-04:00,66.759506850253,67.35791246558145,66.4480022110494,67.1857681274414,1991900,0.0,0.0
2019-06-17 00:00:00-04:00,67.40708087817524,67.48905345457798,66.67750806210269,66.77587890625,2082500,0.0,0.0
2019-06-18 00:00:00-04:00,67.0218222205162,67.0792036659592,66.49719007529211,66.6693344116211,1730700,0.0,0.0
2019-06-19 00:00:00-04:00,66.71031053783778,67.20215859437535,66.47258564494005,67.00541687011719,1696200,0.0,0.0
2019-06-20 00:00:00-04:00,67.25955270565791,67.52186879998209,66.63654963634711,67.11199951171875,2698000,0.0,0.0
2019-06-21 00:00:00-04:00,67.21855043603817,67.5464470548404,65.67744445800781,65.67744445800781,5146800,0.0,0.0
2019-06-24 00:00:00-04:00,66.0299436121363,66.3906243263021,65.82500897181818,65.87419128417969,2266900,0.0,0.0
2019-06-25 00:00:00-04:00,65.89057672138738,66.04632903378494,65.14461795728447,65.21839141845703,3015400,0.0,0.0
2019-06-26 00:00:00-04:00,65.49710226521366,65.90697148307594,64.34946720437769,64.4232406616211,3561100,0.0,0.0
2019-06-27 00:00:00-04:00,64.81672628300977,65.44792220870976,64.52161990748262,65.32496643066406,2783500,0.0,0.0
2019-06-28 00:00:00-04:00,65.67744266550679,65.97254898896384,65.17740174265501,65.52169036865234,7799600,0.0,0.0
2019-07-01 00:00:00-04:00,66.34964743185367,67.04642402407548,65.64467170209245,67.01363372802734,2526000,0.0,0.0
2019-07-02 00:00:00-04:00,66.96445298587072,68.2350441535428,66.96445298587072,67.74320220947266,2524000,0.0,0.0
2019-07-03 00:00:00-04:00,68.01402050619855,68.87578480957883,67.93194234824244,68.65419006347656,1678400,0.1,0.0
2019-07-05 00:00:00-04:00,68.63778652846642,69.10560332458662,68.34232262968675,68.9332504272461,1875800,0.0,0.0
2019-07-08 00:00:00-04:00,68.81013332624737,69.0645643764508,68.49825757704147,68.62957763671875,2017800,0.0,0.0
2019-07-09 00:00:00-04:00,68.3915527273594,68.86757846765596,68.00580794683232,68.51466369628906,1962300,0.0,0.0
2019-07-10 00:00:00-04:00,68.62958145601827,69.01532006399552,67.95658176693193,68.47364044189453,2336800,0.0,0.0
2019-07-11 00:00:00-04:00,68.46543177574901,68.82655570040137,67.83347116929285,68.73627471923828,1557300,0.0,0.0
2019-07-12 00:00:00-04:00,69.03174701843585,69.27796904463277,68.34232910209626,69.26155090332031,1418400,0.0,0.0
2019-07-15 00:00:00-04:00,69.3436096378856,69.72935448345085,68.76910003492783,68.91683197021484,2158900,0.0,0.0
2019-07-16 00:00:00-04:00,69.12200414414232,69.26973605651433,68.67880840702631,69.03993225097656,3254200,0.0,0.0
2019-07-17 00:00:00-04:00,67.30001272834198,67.4805747399709,65.54364704343975,65.82269287109375,6544100,0.0,0.0
2019-07-18 00:00:00-04:00,65.69957450119823,66.63520812988281,65.54363347585551,66.63520812988281,3402900,0.0,0.0
2019-07-19 00:00:00-04:00,66.70085093095402,66.76651095836633,65.61748552539034,65.6421127319336,3127200,0.0,0.0
2019-07-22 00:00:00-04:00,65.68315910628269,67.02915863755284,65.61749906532167,66.49568176269531,3037500,0.0,0.0
2019-07-23 00:00:00-04:00,66.2986878426977,66.4217988168306,65.36305445798244,66.11812591552734,2887200,0.0,0.0
2019-07-24 00:00:00-04:00,66.11814591969868,66.56134180365633,65.27279324280553,66.49568176269531,2227900,0.0,0.0
2019-07-25 00:00:00-04:00,65.25637100825931,67.04556613957028,65.1660900316856,66.62699127197266,1951200,0.0,0.0
2019-07-26 00:00:00-04:00,66.57774480872959,67.08659435627854,66.2412418715707,67.05376434326172,1273200,0.0,0.0
2019-07-29 00:00:00-04:00,67.18509564193116,67.62829149932097,66.32332487561445,66.6434097290039,2015500,0.0,0.0
2019-07-30 00:00:00-04:00,66.40540681573148,66.80756360734824,66.13456384392,66.24125671386719,1315400,0.0,0.0
2019-07-31 00:00:00-04:00,66.57776205189718,67.11123268195267,66.05249423095682,66.46286010742188,2453900,0.0,0.0
2019-08-01 00:00:00-04:00,66.47927603409383,66.67624991351516,65.63392327898696,65.75703430175781,2608000,0.0,0.0
2019-08-02 00:00:00-04:00,65.76522983634942,66.23304666177886,65.21534109204721,65.46156311035156,1648800,0.0,0.0
2019-08-05 00:00:00-04:00,64.64902251567553,65.05938829751389,63.22095134814977,63.47537612915039,2660500,0.0,0.0
2019-08-06 00:00:00-04:00,63.60669758193758,65.30561170559419,63.327651849767584,65.28919982910156,2303500,0.0,0.0
2019-08-07 00:00:00-04:00,64.60799969514028,65.01015647031974,63.376902159064244,64.40281677246094,2368100,0.0,0.0
2019-08-08 00:00:00-04:00,64.72290170835366,65.6995744252155,64.20584299678993,65.51901245117188,2641000,0.0,0.0
2019-08-09 00:00:00-04:00,65.52720508745622,66.56953768065048,65.34664940312733,66.15096282958984,2636400,0.0,0.0
2019-08-12 00:00:00-04:00,65.90476713996753,66.32333585650944,64.43565644214951,64.8542251586914,2081800,0.0,0.0
2019-08-13 00:00:00-04:00,64.49309802405607,65.67494740559302,64.35357513886612,65.21533966064453,3192600,0.0,0.0
2019-08-14 00:00:00-04:00,64.01706418321368,65.1250505802015,61.620529437108054,62.0308952331543,5660100,0.0,0.0
2019-08-15 00:00:00-04:00,62.23609088902372,63.417940365959666,61.66978397065277,63.22917556762695,2957300,0.0,0.0
2019-08-16 00:00:00-04:00,63.721617952728806,64.07453288551307,63.311252043058126,63.598506927490234,1894100,0.0,0.0
2019-08-19 00:00:00-04:00,64.61620649943016,64.61620649943016,63.91037676922962,63.943206787109375,1588700,0.0,0.0
2019-08-20 00:00:00-04:00,63.81187869481976,63.81187869481976,62.917284301362855,62.974735260009766,2824700,0.0,0.0
2019-08-21 00:00:00-04:00,63.57386827232945,63.74622115499622,63.212744368636145,63.44255447387695,1523900,0.0,0.0
2019-08-22 00:00:00-04:00,63.65594474948153,64.14017967889995,62.95832409954637,63.253787994384766,2328700,0.0,0.0
2019-08-23 00:00:00-04:00,63.163508461383294,63.99244919990625,61.28403218896647,61.67798614501953,2249400,0.0,0.0
2019-08-26 00:00:00-04:00,62.07192701217664,62.29352804485965,61.292234517471236,62.2032470703125,1844900,0.0,0.0
2019-08-27 00:00:00-04:00,62.57258454942005,62.761355600071106,61.52204895019531,61.52204895019531,2315100,0.0,0.0
2019-08-28 00:00:00-04:00,61.30043382175856,61.75183236090441,60.96393092265193,61.43995666503906,1621100,0.0,0.0
2019-08-29 00:00:00-04:00,61.7846722121107,62.44125997941999,61.43175738297683,62.2032470703125,3338800,0.0,0.0
2019-08-30 00:00:00-04:00,62.7613526517212,63.03219560927211,61.751849928888625,62.211463928222656,1897100,0.0,0.0
2019-09-03 00:00:00-04:00,61.64513829059972,62.54794161246919,61.48099450905396,62.06371307373047,2024300,0.0,0.0
2019-09-04 00:00:00-04:00,62.359177826130036,62.72029540328936,62.137576829863825,62.58898162841797,1441700,0.0,0.0
2019-09-05 00:00:00-04:00,63.286610827584134,63.68876753702873,62.646441215333795,62.810585021972656,3631100,0.0,0.0
2019-09-06 00:00:00-04:00,62.97474641773627,63.90217098926543,62.81880539020042,63.51642608642578,2509300,0.0,0.0
2019-09-09 00:00:00-04:00,64.00065623357993,64.00065623357993,62.95011447142503,62.98294448852539,1738300,0.0,0.0
2019-09-10 00:00:00-04:00,62.982958160285925,62.999376303242755,61.88318052627915,62.4823112487793,2869000,0.0,0.0
2019-09-11 00:00:00-04:00,62.44126389356953,62.753139658664715,62.05551902572116,62.60540771484375,1998000,0.0,0.0
2019-09-12 00:00:00-04:00,62.99935824588331,63.59848879665606,62.55616243838404,63.1799201965332,2226600,0.0,0.0
2019-09-13 00:00:00-04:00,60.33198853241735,60.66028246209989,58.41147311387027,59.650779724121094,13251900,0.0,0.0
2019-09-16 00:00:00-04:00,59.650771479335205,60.594614048584674,59.34709854055676,60.24169921875,3769100,0.0,0.0
2019-09-17 00:00:00-04:00,60.34841153925969,60.90650944412631,60.085777599421704,60.75056838989258,3753600,0.0,0.0
2019-09-18 00:00:00-04:00,60.90650302326035,61.727234781442036,60.33199329720773,61.702613830566406,3617900,0.0,0.0
2019-09-19 00:00:00-04:00,61.64516053146455,62.539755108510995,61.489219499555624,62.19504928588867,3503800,0.0,0.0
2019-09-20 00:00:00-04:00,62.30173623165614,62.876245823652354,61.743638515852005,62.38380813598633,5353300,0.0,0.0
2019-09-23 00:00:00-04:00,62.055508984915676,62.884449550101344,62.047299916674596,62.687469482421875,2906300,0.0,0.0
2019-09-24 00:00:00-04:00,62.93369893840284,63.458966658128936,62.33456211907002,62.835208892822266,4187400,0.0,0.0
2019-09-25 00:00:00-04:00,62.95831697263973,63.286610847706676,62.137585415814776,63.122467041015625,2821000,0.0,0.0
2019-09-26 00:00:00-04:00,63.15531391711429,63.393326907143376,62.85164713738078,63.22097396850586,4262200,0.0,0.0
2019-09-27 00:00:00-04:00,63.434352889626744,63.57387577372211,62.72031406716709,63.278411865234375,4643700,0.0,0.0
2019-09-30 00:00:00-04:00,63.41792402183109,63.803668851643934,62.974734495753346,63.401512145996094,2892500,0.0,0.0
2019-10-01 00:00:00-04:00,63.68055684504693,63.877536922014585,62.178622893697884,62.318145751953125,2926900,0.0,0.0
2019-10-02 00:00:00-04:00,62.03091550409232,62.318170402859025,61.18556268985581,61.54668045043945,3552800,0.0,0.0
2019-10-03 00:00:00-04:00,61.60409990145424,62.00626281558937,61.25118513167922,61.874942779541016,2430700,0.0,0.0
2019-10-04 00:00:00-04:00,62.03931425530374,63.321360285721745,62.006440637087735,63.19808578491211,1958600,0.1,0.0
2019-10-07 00:00:00-04:00,63.066585391549054,63.10767897796171,62.187236564326554,62.26120376586914,2134000,0.0,0.0
2019-10-08 00:00:00-04:00,61.88316867487686,62.05575045760347,61.118874339944085,61.14352798461914,2994800,0.0,0.0
2019-10-09 00:00:00-04:00,61.63662026884232,61.78454840828759,61.291456700137104,61.644840240478516,2096600,0.0,0.0
2019-10-10 00:00:00-04:00,61.570891770116745,62.228351761032236,61.39008995911483,61.43940353393555,2910900,0.0,0.0
2019-10-11 00:00:00-04:00,61.916062282881256,62.53242874119507,61.77635405713105,61.817447662353516,3625800,0.0,0.0
2019-10-14 00:00:00-04:00,61.79277116728095,62.40913739777251,61.63662304915593,62.220115661621094,1358800,0.0,0.0
2019-10-15 00:00:00-04:00,62.35161744080494,62.43379836050108,61.40652118929368,61.611976623535156,3860000,0.0,0.0
2019-10-16 00:00:00-04:00,58.36578261388999,60.379249825104516,57.01799533724164,59.88615798950195,7426300,0.0,0.0
2019-10-17 00:00:00-04:00,60.43676630763267,60.69152901869366,58.54657396040115,58.735595703125,6066500,0.0,0.0
2019-10-18 00:00:00-04:00,58.62875548353496,58.87530449487099,57.67544559770605,57.69187927246094,3871800,0.0,0.0
2019-10-21 00:00:00-04:00,57.92201176584681,57.97131907471838,55.00454143754156,57.52753448486328,4908600,0.0,0.0
2019-10-22 00:00:00-04:00,57.35493953585293,57.626142212720225,56.12220693554946,56.51667785644531,4382800,0.0,0.0
2019-10-23 00:00:00-04:00,56.557783478177896,56.91938712422958,55.834582456078095,56.21261978149414,3884700,0.0,0.0
2019-10-24 00:00:00-04:00,56.40162648979785,57.59327183249514,56.27013826543277,57.190574645996094,4214100,0.0,0.0
2019-10-25 00:00:00-04:00,57.24811927804641,57.33030021794235,56.755021098663136,56.95226287841797,1993100,0.0,0.0
2019-10-28 00:00:00-04:00,57.01800330908608,57.21524508690632,56.44273046545309,56.55778503417969,2213200,0.0,0.0
2019-10-29 00:00:00-04:00,56.335888825214106,57.45356701304935,56.335888825214106,57.35494613647461,2834400,0.0,0.0
2019-10-30 00:00:00-04:00,57.297416597934195,57.297416597934195,56.376973929572834,57.01799392700195,2780300,0.0,0.0
2019-10-31 00:00:00-04:00,56.84540323186068,57.32206130377492,56.66460146182412,57.280967712402344,2400200,0.0,0.0
2019-11-01 00:00:00-04:00,57.62613664256965,57.7000975818377,56.81252869061121,57.34671401977539,2268000,0.0,0.0
2019-11-04 00:00:00-05:00,57.70833699144943,57.79873790544943,56.50025774981639,56.55778503417969,3056700,0.0,0.0
2019-11-05 00:00:00-05:00,56.697477025769246,57.23988235448461,56.59064246253832,56.62351608276367,4110000,0.0,0.0
2019-11-06 00:00:00-05:00,56.71390932913771,58.439733403414955,56.63172842464852,58.291805267333984,3513200,0.0,0.0
2019-11-07 00:00:00-05:00,58.43974300269159,59.81218377010065,58.382215733099656,59.63138198852539,8525000,0.0,0.0
2019-11-08 00:00:00-05:00,59.48344002068619,60.847666768629864,59.48344002068619,60.5435905456543,5196900,0.0,0.0
2019-11-11 00:00:00-05:00,60.13269396751155,60.62578574731441,59.828623942800895,60.592918395996094,2722600,0.0,0.0
2019-11-12 00:00:00-05:00,60.56823925056822,61.2010452876041,60.453184747470814,61.19282531738281,4095000,0.0,0.0
2019-11-13 00:00:00-05:00,59.96012583998422,60.31350951231295,58.89997482299805,58.89997482299805,4783900,0.0,0.0
2019-11-14 00:00:00-05:00,58.76025758803192,60.001210238149135,58.620549389476395,59.95189666748047,3657400,0.0,0.0
2019-11-15 00:00:00-05:00,60.10803637882945,60.28883814923912,59.59850468676601,59.91080093383789,3052100,0.0,0.0
2019-11-18 00:00:00-05:00,58.899957868648826,59.55741771582576,58.00417525362209,58.538360595703125,3977300,0.0,0.0
2019-11-19 00:00:00-05:00,58.957502322436305,59.19583142976608,58.31648223306832,58.809574127197266,3054600,0.0,0.0
2019-11-20 00:00:00-05:00,58.579447612128945,58.78490302955084,57.864466772301896,57.96308135986328,3508000,0.0,0.0
2019-11-21 00:00:00-05:00,58.201415016654344,58.201415016654344,56.8125342782288,57.60148239135742,3681000,0.0,0.0
2019-11-22 00:00:00-05:00,57.61790891493809,58.34932958703466,57.44532714320752,58.20962142944336,2378800,0.0,0.0
2019-11-25 00:00:00-05:00,58.464401376276555,58.9574931940602,58.29181955355241,58.760257720947266,2746400,0.0,0.0
2019-11-26 00:00:00-05:00,58.67806984156457,60.04229058474,58.497268066805944,59.94367599487305,6613900,0.0,0.0
2019-11-27 00:00:00-05:00,60.13268968799503,60.461419607802654,59.91080059737588,60.108036041259766,1954900,0.0,0.0
2019-11-29 00:00:00-05:00,60.091615412971294,60.321724525794,59.7875390738824,60.034088134765625,1077400,0.0,0.0
2019-12-02 00:00:00-05:00,60.1655656894025,60.1655656894025,58.88352584838867,58.88352584838867,2583100,0.0,0.0
2019-12-03 00:00:00-05:00,58.42330384096874,58.64519921951636,57.88912473187739,58.06170654296875,2648600,0.0,0.0
2019-12-04 00:00:00-05:00,57.98773449740799,59.19581334443761,57.823372672914886,59.03966522216797,2932100,0.0,0.0
2019-12-05 00:00:00-05:00,59.195818329920655,59.59850922284466,58.95748927533234,59.53276824951172,3500600,0.0,0.0
2019-12-06 00:00:00-05:00,59.74643571068513,60.116259241577815,59.582073876956414,59.9765510559082,2932800,0.0,0.0
2019-12-09 00:00:00-05:00,59.97654606555145,60.42032423369477,59.73821703747358,60.272396087646484,3257900,0.0,0.0
2019-12-10 00:00:00-05:00,60.371032288586285,60.62579505543203,59.77931955397399,59.869720458984375,3023100,0.0,0.0
2019-12-11 00:00:00-05:00,56.83720268958726,58.50550005756042,56.730361835281485,58.4808464050293,7804000,0.0,0.0
2019-12-12 00:00:00-05:00,58.480830307151486,60.05872633483143,58.35755580842617,59.738216400146484,3925800,0.0,0.0
2019-12-13 00:00:00-05:00,59.55742397506794,60.329938436188684,58.86709043598075,59.310874938964844,3289000,0.0,0.0
2019-12-16 00:00:00-05:00,58.64520159838738,58.908184312146865,57.88090710683599,58.43152618408203,4387800,0.0,0.0
2019-12-17 00:00:00-05:00,58.35756745899279,59.3848447034547,58.34934748543633,59.17116928100586,5011800,0.0,0.0
2019-12-18 00:00:00-05:00,59.37662975309654,59.5574315666179,58.538374209501306,58.59590148925781,2604600,0.0,0.0
2019-12-19 00:00:00-05:00,58.52191631991225,58.801338928783466,58.17675274719015,58.439735412597656,2985400,0.0,0.0
2019-12-20 00:00:00-05:00,59.46700676703813,60.453190100919066,58.67805884593323,58.973915100097656,5417800,0.0,0.0
2019-12-23 00:00:00-05:00,59.05612056776922,59.097214169610076,58.48906146638267,58.916412353515625,2831900,0.0,0.0
2019-12-24 00:00:00-05:00,59.05611870997178,59.187606945720155,58.85888322134765,59.06433868408203,778200,0.0,0.0
2019-12-26 00:00:00-05:00,58.9739219867903,59.056102895876954,58.71915301761979,58.94926834106445,1612900,0.0,0.0
2019-12-27 00:00:00-05:00,59.11363562972402,59.5163265105154,58.867086609646506,59.294437408447266,1570600,0.0,0.0
2019-12-30 00:00:00-05:00,59.35197358147693,59.45880816220408,59.05611722099855,59.43415451049805,1298600,0.0,0.0
2019-12-31 00:00:00-05:00,59.43413381449427,59.75464371507154,59.08897027079579,59.491661071777344,1724500,0.0,0.0
2020-01-02 00:00:00-05:00,60.749071445265216,61.10245510202488,60.20667226861278,61.086021423339844,2880700,0.0,0.0
2020-01-03 00:00:00-05:00,60.42033697715312,61.45583421789133,60.223101497489644,61.077796936035156,4155800,0.0,0.0
2020-01-06 00:00:00-05:00,60.72441401721756,62.22834945853791,60.67510671422441,62.187255859375,5897200,0.0,0.0
2020-01-07 00:00:00-05:00,61.915845033537984,62.01762683437322,61.2033918405849,61.71228790283203,4867700,2.35,0.0
2020-01-08 00:00:00-05:00,61.84797702128638,62.73006635673353,61.80557280006946,62.07698440551758,4073700,0.0,0.0
2020-01-09 00:00:00-05:00,62.33991466614332,62.71310806274415,62.076986484518194,62.71310806274414,2199400,0.0,0.0
2020-01-10 00:00:00-05:00,62.76402240329872,62.87428119418916,62.2975304592121,62.50957107543945,3650700,0.0,0.0
2020-01-13 00:00:00-05:00,62.50955633952333,63.552798772654484,62.50955633952333,63.544315338134766,3795900,0.0,0.0
2020-01-14 00:00:00-05:00,63.45949205504738,63.6121615014895,62.780959743979345,62.97603988647461,3191400,0.0,0.0
2020-01-15 00:00:00-05:00,62.92512986910947,64.43485693028018,62.797904297120176,64.22281646728516,4078700,0.0,0.0
2020-01-16 00:00:00-05:00,64.29919423520369,64.43490333531759,63.55281359747533,63.98537826538086,3180900,0.0,0.0
2020-01-17 00:00:00-05:00,64.49427392322808,65.30002566794762,64.37553169707921,64.71479797363281,4265000,0.0,0.0
2020-01-21 00:00:00-05:00,64.49425995612076,65.07101056006891,64.3331070536903,64.82504272460938,2686700,0.0,0.0
2020-01-22 00:00:00-05:00,64.95224238904258,65.45265482350376,64.58753249897552,64.59601593017578,2167300,0.0,0.0
2020-01-23 00:00:00-05:00,64.21436381577794,64.77415401246188,63.80724955543008,64.74022674560547,2190000,0.0,0.0
2020-01-24 00:00:00-05:00,64.89290128895597,65.18975680847333,64.70630454212649,65.0964584350586,1695100,0.0,0.0
2020-01-27 00:00:00-05:00,64.2652359008789,64.83350939425257,64.02775156142145,64.2652359008789,2490000,0.0,0.0
2020-01-28 00:00:00-05:00,64.51970353601942,65.07949373955324,64.36703406877969,64.84200286865234,4003900,0.0,0.0
2020-01-29 00:00:00-05:00,68.02259862265008,68.9046879934235,66.39412892474378,68.53997802734375,5230300,0.0,0.0
2020-01-30 00:00:00-05:00,67.63245680610383,69.43904656147001,66.96240784413287,69.3542251586914,4016700,0.0,0.0
2020-01-31 00:00:00-05:00,69.15065496207406,69.79525996979862,68.27704903462491,68.43820190429688,6531300,0.0,0.0
2020-02-03 00:00:00-05:00,68.81140220818598,69.60867680774301,68.1498366770491,68.33643341064453,2745500,0.0,0.0
2020-02-04 00:00:00-05:00,68.9640682717072,69.2354799241904,68.36187386997774,68.63328552246094,2166900,0.0,0.0
2020-02-05 00:00:00-05:00,69.21003259134939,70.3974609375,69.0149589136961,70.3974609375,2184500,0.0,0.0
2020-02-06 00:00:00-05:00,70.42289754219455,71.05053567910704,70.16845279688782,70.4483413696289,2804900,0.0,0.0
2020-02-07 00:00:00-05:00,70.39746459630231,70.95725477023936,70.11756950933379,70.61798858642578,2211900,0.0,0.0
2020-02-10 00:00:00-05:00,70.6349371208204,71.03357433452948,70.56708260126074,70.89786529541016,1512300,0.0,0.0
2020-02-11 00:00:00-05:00,70.90635074644685,71.29650453857592,70.67734982511841,70.95724487304688,2709400,0.0,0.0
2020-02-12 00:00:00-05:00,71.07600373334509,71.10144756713568,69.65109080238798,70.60102844238281,2887700,0.0,0.0
2020-02-13 00:00:00-05:00,70.56707914912258,71.20320067920828,70.27870716154588,71.12686920166016,1689700,0.0,0.0
2020-02-14 00:00:00-05:00,71.12689797695306,71.32197170135971,70.67737294918547,71.0505599975586,1709100,0.0,0.0
2020-02-18 00:00:00-05:00,71.0590241421047,71.415250693329,70.40594213152683,70.73672485351562,2720000,0.0,0.0
2020-02-19 00:00:00-05:00,69.32027712686767,70.65189109314899,68.6926326419224,69.05734252929688,4417500,0.0,0.0
2020-02-20 00:00:00-05:00,68.463661982177,69.2185259125012,68.29402563937307,68.56543731689453,2835600,0.0,0.0
2020-02-21 00:00:00-05:00,68.37884017962378,69.31181732297851,68.07350126420381,69.09129333496094,2730500,0.0,0.0
2020-02-24 00:00:00-05:00,67.98020455154948,68.91318171753244,67.60701109677056,68.67569732666016,3660400,0.0,0.0
2020-02-25 00:00:00-05:00,68.64176501885595,68.72657994208566,67.49674737784517,67.85297393798828,4476300,0.0,0.0
2020-02-26 00:00:00-05:00,68.200726922465,69.15066446335572,67.39496893435755,67.55612182617188,3293700,0.0,0.0
2020-02-27 00:00:00-05:00,67.1235594770899,67.77664802875478,64.65541071178197,64.69781494140625,3187800,0.0,0.0
2020-02-28 00:00:00-05:00,63.510369800514376,64.40094251091553,60.770810096527825,62.051536560058594,7029900,0.0,0.0
2020-03-02 00:00:00-05:00,62.42475647880888,66.92850359339519,62.41627304224095,66.9030532836914,4671600,0.0,0.0
2020-03-03 00:00:00-05:00,66.7419169826104,67.82756407392023,64.63847088997233,65.51207733154297,3930600,0.0,0.0
2020-03-04 00:00:00-05:00,66.18210688014446,68.8707799662533,65.98703316413659,68.74356079101562,3717100,0.0,0.0
2020-03-05 00:00:00-05:00,66.81821452374145,68.67569174137064,66.59769054831021,68.31098175048828,4157800,0.0,0.0
2020-03-06 00:00:00-05:00,66.09727709832858,68.68417426339114,65.83434890058781,68.29401397705078,4836100,0.0,0.0
2020-03-09 00:00:00-04:00,63.968386341433224,65.7156047308504,62.25510168472164,63.85812759399414,6472600,0.0,0.0
2020-03-10 00:00:00-04:00,65.52900034813362,66.15663843940713,63.27288623888145,66.12271118164062,4653600,0.0,0.0
2020-03-11 00:00:00-04:00,64.07016574147482,64.17194752291192,62.119390325191624,63.7054557800293,5388100,0.0,0.0
2020-03-12 00:00:00-04:00,59.1762723421327,62.21269449395861,57.78528688717766,59.04905319213867,7255100,0.0,0.0
2020-03-13 00:00:00-04:00,62.280546825264075,66.27538976831624,60.22799597885711,66.21601867675781,5919000,0.0,0.0
2020-03-16 00:00:00-04:00,57.26790495122957,63.654571312821744,56.47911390073578,61.915836334228516,5809900,0.0,0.0
2020-03-17 00:00:00-04:00,63.70545730953103,66.6994685558337,61.85646363029252,65.55445098876953,6868800,0.0,0.0
2020-03-18 00:00:00-04:00,62.153333037478575,63.34924500056539,58.353569512661444,61.19491195678711,4979200,0.0,0.0
2020-03-19 00:00:00-04:00,60.516391340004276,60.85565762443828,56.16532016971421,56.86081314086914,6030000,0.0,0.0
2020-03-20 00:00:00-04:00,56.99650451651577,60.9574274133165,55.291702936312085,57.91252136230469,6943400,0.0,0.0
2020-03-23 00:00:00-04:00,56.826868467868614,58.294191948666175,52.73872684588439,56.44519805908203,5880300,0.0,0.0
2020-03-24 00:00:00-04:00,59.515553900918896,60.97439426049734,56.92866247019412,58.557132720947266,5913100,0.0,0.0
2020-03-25 00:00:00-04:00,58.514695149548096,61.729229938004075,57.768314911678374,59.32892990112305,4536400,0.0,0.0
2020-03-26 00:00:00-04:00,60.10076462639682,64.96921308243645,59.46464307571181,64.30764770507812,4861700,0.0,0.0
2020-03-27 00:00:00-04:00,61.72075567943353,63.391636119728126,60.72840753511437,62.373844146728516,4481900,0.0,0.0
2020-03-30 00:00:00-04:00,62.9081762114602,65.1642903173005,62.01760996254647,64.61298370361328,4367600,0.0,0.0
2020-03-31 00:00:00-04:00,63.942938257772006,64.29068781426452,62.22117028245942,62.6282844543457,3865800,0.0,0.0
2020-04-01 00:00:00-04:00,60.52485417058185,62.0006545638136,59.982030888681344,61.373016357421875,4397300,0.0,0.0
2020-04-02 00:00:00-04:00,60.95740451564312,65.76648144313485,60.84713931559084,64.9352798461914,3836400,0.0,0.0
2020-04-03 00:00:00-04:00,64.65540689970443,65.0964483933866,63.54431002524257,64.40943908691406,2745600,0.0,0.0
2020-04-06 00:00:00-04:00,66.03154705531367,66.6090579511187,62.914689733312024,64.53681182861328,4435300,0.1,0.0
2020-04-07 00:00:00-04:00,66.14197091747201,66.75345398732023,64.04425327437714,64.20561218261719,4581000,0.0,0.0
2020-04-08 00:00:00-04:00,64.63025052413442,66.71099182259562,63.390301660974295,66.08251953125,4076300,0.0,0.0
2020-04-09 00:00:00-04:00,67.01674222111744,68.58791019850744,66.34580969984873,68.27367401123047,4811800,0.0,0.0
2020-04-13 00:00:00-04:00,67.94243735509964,67.94243735509964,65.28419182619983,65.47952270507812,2625300,0.0,0.0
2020-04-14 00:00:00-04:00,67.15261208737422,69.17389744142305,66.85536519405768,68.34160614013672,2912300,0.0,0.0
2020-04-15 00:00:00-04:00,63.11003313056114,68.01038534106094,61.725708220782764,67.30548095703125,3223800,0.0,0.0
2020-04-16 00:00:00-04:00,67.19509293421562,67.80656961015787,66.14198017562568,67.16960906982422,2877400,0.0,0.0
2020-04-17 00:00:00-04:00,68.81719990211229,70.41385143594535,67.31397622388252,70.06564331054688,3507700,0.0,0.0
2020-04-20 00:00:00-04:00,69.36924259347286,69.81086567312384,68.6813273518926,69.59005737304688,2881700,0.0,0.0
2020-04-21 00:00:00-04:00,67.97639236032175,70.08260376335552,67.74708306304753,69.00402069091797,4441800,0.0,0.0
2020-04-22 00:00:00-04:00,70.09961841436207,70.35439869544354,69.25033785176427,70.0571517944336,2323900,0.0,0.0
2020-04-23 00:00:00-04:00,70.26098818713474,70.26098818713474,68.95309526143024,69.3097915649414,2667700,0.0,0.0
2020-04-24 00:00:00-04:00,69.79388471459515,70.46481721177193,68.68981726769722,70.37989044189453,2439600,0.0,0.0
2020-04-27 00:00:00-04:00,70.49027845359086,70.74506518437803,69.84482348722689,70.45630645751953,5399600,0.0,0.0
2020-04-28 00:00:00-04:00,70.99136420823808,71.19519622311597,68.76625312154513,68.91062927246094,3264000,0.0,0.0
2020-04-29 00:00:00-04:00,69.43718755826758,69.43718755826758,67.36494070479694,67.77259826660156,4780300,0.0,0.0
2020-04-30 00:00:00-04:00,66.92332759432098,67.41590551890576,65.27572081904286,65.64940643310547,3852600,0.0,0.0
2020-05-01 00:00:00-04:00,64.88503152855166,65.53048652313537,64.12917240153098,64.69818878173828,2869100,0.0,0.0
2020-05-04 00:00:00-04:00,64.43491221171396,64.60476571555053,63.53467049879188,64.41792297363281,2928800,0.0,0.0
2020-05-05 00:00:00-04:00,64.57077690048781,66.74493228488541,64.57077690048781,66.27783203125,2475800,0.0,0.0
2020-05-06 00:00:00-04:00,66.76194532696697,66.92331070677443,64.4773785475727,64.7066879272461,2548700,0.0,0.0
2020-05-07 00:00:00-04:00,65.39459553161647,65.81923576234125,63.008119508381824,63.6365852355957,3724900,0.0,0.0
2020-05-08 00:00:00-04:00,64.33301093909562,64.4858817193189,62.78732037439228,63.076072692871094,4333800,0.0,0.0
2020-05-11 00:00:00-04:00,62.54952234727322,62.88074128865594,62.01447138081091,62.14186477661133,2808300,0.0,0.0
2020-05-12 00:00:00-04:00,62.30323096390204,62.43911250284159,60.80849515858288,61.309574127197266,3300800,0.0,0.0
2020-05-13 00:00:00-04:00,60.995325829794034,62.43061196185664,60.51123619937885,61.79365158081055,3968700,0.0,0.0
2020-05-14 00:00:00-04:00,61.37749885901392,62.71936360354622,61.08025198003423,62.62594223022461,4001800,0.0,0.0
2020-05-15 00:00:00-04:00,62.51552805230519,64.91899303519361,61.75117442954095,64.7236557006836,5593000,0.0,0.0
2020-05-18 00:00:00-04:00,65.66637030494027,66.0995051893971,64.23108413613983,65.0718765258789,3360500,0.0,0.0
2020-05-19 00:00:00-04:00,64.63024452103174,66.12498000990033,64.4009416378369,64.4349136352539,2610500,0.0,0.0
2020-05-20 00:00:00-04:00,64.90202125425357,65.18228540455759,63.398797458117244,63.602622985839844,2902900,0.0,0.0
2020-05-21 00:00:00-04:00,63.288387652814706,64.08671349267297,61.75119183559525,63.71302795410156,3899800,0.0,0.0
2020-05-22 00:00:00-04:00,63.83191833116716,64.32449604150574,63.07605280980401,63.45823287963867,2166000,0.0,0.0
2020-05-26 00:00:00-04:00,64.4603988704249,64.85106716909453,62.55801213966505,62.95716857910156,5212700,0.0,0.0
2020-05-27 00:00:00-04:00,63.96782205405009,65.66638345376411,62.90622117922882,64.94449615478516,4687900,0.0,0.0
2020-05-28 00:00:00-04:00,65.66637200189825,65.78527076078312,64.4688897932731,65.04639434814453,2613800,0.0,0.0
2020-05-29 00:00:00-04:00,65.19926613850882,66.14196808422729,64.9274966168285,65.97211456298828,4412400,0.0,0.0
2020-06-01 00:00:00-04:00,66.0315661100604,66.99125084759423,65.58144843246049,66.53263854980469,1749100,0.0,0.0
2020-06-02 00:00:00-04:00,66.72795227302085,67.33094050270898,66.49015482801644,67.16108703613281,2205200,0.0,0.0
2020-06-03 00:00:00-04:00,67.79806750213378,67.79806750213378,66.49866930424221,67.18658447265625,2288400,0.0,0.0
2020-06-04 00:00:00-04:00,66.74495471032908,67.0676854632862,65.8786914081468,66.92330932617188,2766400,0.0,0.0
2020-06-05 00:00:00-04:00,68.222701180878,70.23549173228461,66.9063138707928,69.53059387207031,3838000,0.0,0.0
2020-06-08 00:00:00-04:00,69.24184390545824,69.37773190695411,68.35859133422474,69.22486114501953,3052300,0.0,0.0
2020-06-09 00:00:00-04:00,68.79174068570198,69.26733583181813,68.11231349453786,68.80872344970703,2468600,0.0,0.0
2020-06-10 00:00:00-04:00,68.63037747944082,69.49664750003919,67.89150735072246,68.18025970458984,2413800,0.0,0.0
2020-06-11 00:00:00-04:00,66.89783507181599,67.24604325431625,64.39245970408405,64.47738647460938,3302500,0.0,0.0
2020-06-12 00:00:00-04:00,65.74281519448222,66.47319055865863,63.696045812224256,65.05489349365234,2344300,0.0,0.0
2020-06-15 00:00:00-04:00,64.01877188955378,67.52630505656417,63.908367739698804,67.33946228027344,3258700,0.0,0.0
2020-06-16 00:00:00-04:00,68.95309515688967,69.30129683945688,67.01673639276834,68.3076400756836,3455000,0.0,0.0
2020-06-17 00:00:00-04:00,68.63884937913907,69.01253487055428,67.22055250689823,67.2715072631836,2714000,0.0,0.0
2020-06-18 00:00:00-04:00,67.01673109531797,69.3437579805817,66.74495509987472,68.68132019042969,2863500,0.0,0.0
2020-06-19 00:00:00-04:00,70.6261617923364,70.6261617923364,67.84901123151116,68.78321838378906,4534600,0.0,0.0
2020-06-22 00:00:00-04:00,68.40107266499551,69.40322421331372,68.18025785482426,68.63887023925781,1870000,0.0,0.0
2020-06-23 00:00:00-04:00,69.23334166374812,69.58154976962541,67.92545543056364,67.99339294433594,1786300,0.0,0.0
2020-06-24 00:00:00-04:00,67.4243719844302,67.67066408361984,65.54746303491126,65.64088439941406,3611600,0.0,0.0
2020-06-25 00:00:00-04:00,65.74280679132656,67.91696280371383,65.61541342008599,67.85751342773438,2242600,0.0,0.0
2020-06-26 00:00:00-04:00,67.24604745113366,68.18874956564237,65.69186218348445,66.15047454833984,3733400,0.0,0.0
2020-06-29 00:00:00-04:00,66.3457977626698,67.31397705473329,66.14196576892235,66.5835952758789,2806200,0.0,0.0
2020-06-30 00:00:00-04:00,66.66853852382312,68.36710001487594,66.59210636688472,68.03588104248047,2598000,0.0,0.0
2020-07-01 00:00:00-04:00,67.90847980087167,68.62187891415547,67.6367102528343,67.77259826660156,2970000,0.0,0.0
2020-07-02 00:00:00-04:00,68.35857120495655,68.35857120495655,66.92329186890241,67.28848266601562,2493800,0.0,0.0
2020-07-06 00:00:00-04:00,68.18988666105096,68.4449889584319,67.33953269440934,67.53511047363281,2312900,0.1,0.0
2020-07-07 00:00:00-04:00,67.26298820681343,67.3905425817923,66.08950222991476,66.3446044921875,2559700,0.0,0.0
2020-07-08 00:00:00-04:00,66.37863286881438,66.75279071448385,64.89901868736398,65.7918930053711,3326500,0.0,0.0
2020-07-09 00:00:00-04:00,65.80038436949496,66.30209655875426,64.76295803083119,66.14903259277344,2764700,0.0,0.0
2020-07-10 00:00:00-04:00,66.55719753274525,68.84465162160528,66.54019330916476,68.6745834350586,2313800,0.0,0.0
2020-07-13 00:00:00-04:00,68.81063512365516,69.1507779767073,67.75619811811032,68.30892944335938,2266400,0.0,0.0
2020-07-14 00:00:00-04:00,68.56403954339851,71.8634171606098,68.41097556643834,71.85491180419922,6820700,0.0,0.0
2020-07-15 00:00:00-04:00,72.28006620136449,73.54709142763689,71.72733498581727,73.03688049316406,3965200,0.0,0.0
2020-07-16 00:00:00-04:00,73.00287787706252,74.48249178286133,72.89233421038456,74.07432556152344,2652400,0.0,0.0
2020-07-17 00:00:00-04:00,74.28692491696266,74.62706780972857,73.46208051050328,74.51651763916016,2659000,0.0,0.0
2020-07-20 00:00:00-04:00,74.57602850079125,75.17978543091249,74.34643582064189,74.94168090820312,1825400,0.0,0.0
2020-07-21 00:00:00-04:00,74.87367573944222,76.01314703777128,74.87367573944222,75.553955078125,1712600,0.0,0.0
2020-07-22 00:00:00-04:00,75.80906077617553,76.71893930121259,75.27333360138063,76.65090942382812,1789100,0.0,0.0
2020-07-23 00:00:00-04:00,76.50632292273777,77.14408819353393,75.12024224875644,75.37535095214844,1999900,0.0,0.0
2020-07-24 00:00:00-04:00,75.5624433858262,75.82605100241511,74.41446698957301,74.71208953857422,2204400,0.0,0.0
2020-07-27 00:00:00-04:00,74.69505558680373,75.08622394398854,73.81069356999791,74.23587036132812,2060100,0.0,0.0
2020-07-28 00:00:00-04:00,74.4314682104131,74.68657694937518,73.69166454525559,74.33792877197266,2470200,0.0,0.0
2020-07-29 00:00:00-04:00,73.98928437631483,75.90258038550304,73.98928437631483,75.61345672607422,1880500,0.0,0.0
2020-07-30 00:00:00-04:00,74.73760244700291,75.96211411768122,74.5590289096432,75.27332305908203,2119900,0.0,0.0
2020-07-31 00:00:00-04:00,74.73759673423417,76.88049199412326,74.73759673423417,76.82096099853516,4016500,0.0,0.0
2020-08-03 00:00:00-04:00,77.12708557506144,77.57777853001049,76.23421799491975,76.43830108642578,2134400,0.0,0.0
2020-08-04 00:00:00-04:00,76.17469505235357,76.93150941624597,76.04714068466374,76.74443054199219,2496900,0.0,0.0
2020-08-05 00:00:00-04:00,77.40770847080395,78.07098342329277,77.00804113079533,77.05906677246094,2073500,0.0,0.0
2020-08-06 00:00:00-04:00,77.12707772820642,77.7053185017141,75.60495031963202,76.2001953125,2514600,0.0,0.0
2020-08-07 00:00:00-04:00,75.94510333243537,77.1866192250183,75.94510333243537,77.1526107788086,1735400,0.0,0.0
2020-08-10 00:00:00-04:00,77.37369961558495,77.5012539982393,76.2852476606139,76.63389587402344,2410700,0.0,0.0
2020-08-11 00:00:00-04:00,77.32267286256656,77.48424216390427,75.570946075079,75.69849395751953,2468200,0.0,0.0
2020-08-12 00:00:00-04:00,76.557368281485,76.94003146759637,75.44340663646751,75.69001007080078,2058900,0.0,0.0
2020-08-13 00:00:00-04:00,75.15426327995071,75.72400523211601,74.77160668146276,75.71549987792969,1994800,0.0,0.0
2020-08-14 00:00:00-04:00,75.68148491666064,76.15768094794244,75.34134211388034,75.65597534179688,1731200,0.0,0.0
2020-08-17 00:00:00-04:00,75.2988282540935,76.34475974872142,75.2307983960586,75.53692626953125,1709100,0.0,0.0
2020-08-18 00:00:00-04:00,75.64748546514514,76.49783940223672,75.59646630497906,76.31076049804688,1510200,0.0,0.0
2020-08-19 00:00:00-04:00,76.66790470578916,77.39920303357938,76.48932469167684,76.8804931640625,2728000,0.0,0.0
2020-08-20 00:00:00-04:00,76.76992828844388,77.4247042474371,76.60835901508749,77.24612426757812,1663200,0.0,0.0
2020-08-21 00:00:00-04:00,77.56927964645197,78.22404925984343,77.22063145201396,78.0794906616211,2085600,0.0,0.0
2020-08-24 00:00:00-04:00,78.2325668334961,78.52168407509579,77.74786532023079,78.2325668334961,2535000,0.0,0.0
2020-08-25 00:00:00-04:00,78.61521611081697,79.10842293394495,77.99446139178129,78.8873291015625,2443900,0.0,0.0
2020-08-26 00:00:00-04:00,78.29207925423106,78.8618147806471,77.8243820384059,78.37711334228516,1603500,0.0,0.0
2020-08-27 00:00:00-04:00,78.64920685225948,79.84820860644942,78.64920685225948,79.34649658203125,1407300,0.0,0.0
2020-08-28 00:00:00-04:00,79.66116333007812,79.78021237158714,79.18496716404206,79.66116333007812,1425600,0.0,0.0
2020-08-31 00:00:00-04:00,79.68666235039807,81.08124221268118,79.16794595785169,80.81763458251953,2169100,0.0,0.0
2020-09-01 00:00:00-04:00,80.6135450747563,81.03021663178097,79.15093546009115,79.82271575927734,2426200,0.0,0.0
2020-09-02 00:00:00-04:00,80.02680826871288,81.09825602899686,79.29550337540476,80.78362274169922,1774100,0.0,0.0
2020-09-03 00:00:00-04:00,81.28532356408553,81.80403994536299,78.79379294565747,79.32951354980469,2378000,0.0,0.0
2020-09-04 00:00:00-04:00,79.92475854133193,80.82613805647266,78.59820857825618,79.03189086914062,2059500,0.0,0.0
2020-09-08 00:00:00-04:00,79.15942802690535,79.15942802690535,77.06755856580081,78.07097625732422,2398200,0.0,0.0
2020-09-09 00:00:00-04:00,78.52167230162733,81.13226487945035,78.52167230162733,80.50299835205078,1826900,0.0,0.0
2020-09-10 00:00:00-04:00,80.33293316924748,81.28532537562324,80.06082018347078,80.23088836669922,1912000,0.0,0.0
2020-09-11 00:00:00-04:00,80.18837590588186,81.35335660462009,80.08633110162691,80.76661682128906,1494700,0.0,0.0
2020-09-14 00:00:00-04:00,81.36184242932423,82.12716205830786,81.0982348578847,81.85504913330078,1838700,0.0,0.0
2020-09-15 00:00:00-04:00,81.94859594642205,82.39928241087,80.73258978400376,80.85163879394531,1764100,0.0,0.0
2020-09-16 00:00:00-04:00,81.54042327827638,81.8465511574645,80.82612921862705,80.85163879394531,1808200,0.0,0.0
2020-09-17 00:00:00-04:00,80.26490031124847,81.62546518945487,79.77169351549706,81.1492691040039,2322200,0.0,0.0
2020-09-18 00:00:00-04:00,80.88567365848003,82.9265180391364,80.7326096811622,82.36528778076172,3894600,0.0,0.0
2020-09-21 00:00:00-04:00,81.37035418405537,82.80744764119906,81.08973588340531,82.79044342041016,2740800,0.0,0.0
2020-09-22 00:00:00-04:00,82.23771627904931,83.17310417356416,79.49107710276431,80.2904052734375,2923100,0.0,0.0
2020-09-23 00:00:00-04:00,80.30741985530057,80.52850718567733,77.5012495487537,77.54376983642578,2881300,0.0,0.0
2020-09-24 00:00:00-04:00,78.00294997807573,79.00636763217291,77.28864947612794,78.4026107788086,1810400,0.0,0.0
2020-09-25 00:00:00-04:00,77.65430789075413,78.92983857653371,77.55226310032532,78.74275970458984,1676800,0.0,0.0
2020-09-28 00:00:00-04:00,79.55908342275865,80.75808515327816,79.29547587392811,79.9162368774414,1826900,0.0,0.0
2020-09-29 00:00:00-04:00,80.0438031942088,80.58802912307522,79.58461135028688,80.0608139038086,1744700,0.0,0.0
2020-09-30 00:00:00-04:00,80.25639495418096,80.77511132768556,79.49958053795658,80.50299835205078,3119600,0.0,0.0
2020-10-01 00:00:00-04:00,80.85162769646344,81.15775553363328,78.84479253620948,79.47405242919922,2006300,0.0,0.0
2020-10-02 00:00:00-04:00,78.9723681945563,81.03872840924133,78.57270082774744,80.1118392944336,1586800,0.0,0.0
2020-10-05 00:00:00-04:00,80.93667299943048,81.70199269858465,80.17135330027634,81.61695861816406,1325200,0.0,0.0
2020-10-06 00:00:00-04:00,81.80422100780018,82.04256733857233,80.39967270780667,80.97000885009766,1971300,0.1,0.0
2020-10-07 00:00:00-04:00,81.08068802559413,82.57035945913523,81.08068802559413,82.06813049316406,2305500,0.0,0.0
2020-10-08 00:00:00-04:00,82.39159278638901,83.43861526963956,81.98299436975002,83.39605712890625,1393000,0.0,0.0
2020-10-09 00:00:00-04:00,83.45564695996586,85.03895533239813,83.14919975920789,85.02192687988281,1919500,0.0,0.0
2020-10-12 00:00:00-04:00,85.11553568626039,86.40942488177957,84.68140770772466,86.29875946044922,2081200,0.0,0.0
2020-10-13 00:00:00-04:00,86.27324626671495,86.86911867148565,85.09002217732986,85.3539047241211,2206900,0.0,0.0
2020-10-14 00:00:00-04:00,85.60927358265373,86.82654799570489,84.74951869091667,84.82613372802734,2107800,0.0,0.0
2020-10-15 00:00:00-04:00,81.83828393628248,84.32390532967413,81.7276249784741,83.00448608398438,2740800,0.0,0.0
2020-10-16 00:00:00-04:00,83.57480573431936,83.57480573431936,81.86381024095131,82.1617431640625,2815700,0.0,0.0
2020-10-19 00:00:00-04:00,82.95340018550692,83.25133961374233,81.27646153121943,81.53182983398438,1459900,0.0,0.0
2020-10-20 00:00:00-04:00,82.07663200292573,82.34052105308865,80.21241916650925,80.51885986328125,1934700,0.0,0.0
2020-10-21 00:00:00-04:00,80.7401676677484,81.53182166647183,79.44628484444945,79.67611694335938,2098500,0.0,0.0
2020-10-22 00:00:00-04:00,79.4633112631558,81.05513357428094,79.05471939892567,80.34860229492188,1918200,0.0,0.0
2020-10-23 00:00:00-04:00,80.49333183888389,81.0125892713994,80.28903585551043,80.5444107055664,1562600,0.0,0.0
2020-10-26 00:00:00-04:00,79.91447490698603,80.45076070664251,78.80786588910108,79.88042449951172,1699900,0.0,0.0
2020-10-27 00:00:00-04:00,79.94851923191928,80.6976151504601,79.6335643520334,79.84637451171875,1505400,0.0,0.0
2020-10-28 00:00:00-04:00,78.73976661734541,79.58249311188469,77.58207871833429,77.94811248779297,1978500,0.0,0.0
2020-10-29 00:00:00-04:00,77.90554699843307,78.29712344053613,76.67976479105164,77.51397705078125,2176700,0.0,0.0
2020-10-30 00:00:00-04:00,77.43736507919445,78.3907504767185,76.70529758069509,78.22901916503906,2205600,0.0,0.0
2020-11-02 00:00:00-05:00,79.24200210572714,80.57845638208326,78.80787397838341,80.35713195800781,1913700,0.0,0.0
2020-11-03 00:00:00-05:00,80.59546966741658,81.87233071633354,80.15282736135053,80.41670989990234,2678700,0.0,0.0
2020-11-04 00:00:00-05:00,80.02512093043721,83.02999884532304,80.02512093043721,81.59991455078125,2979400,0.0,0.0
2020-11-05 00:00:00-05:00,82.41713076638686,83.45564554080093,81.73613555529354,82.81721496582031,2268500,0.0,0.0
2020-11-06 00:00:00-05:00,83.3449935913086,83.83020060933832,82.1702770780613,83.3449935913086,1976800,0.0,0.0
2020-11-09 00:00:00-05:00,84.9708243833269,85.4134665750019,76.92660445178048,76.9436264038086,5748500,0.0,0.0
2020-11-10 00:00:00-05:00,77.30966748483054,79.48033351300865,75.47949897991863,78.86743927001953,4402500,0.0,0.0
2020-11-11 00:00:00-05:00,79.33562433733928,80.16984301460161,78.39074671587355,78.92703247070312,2612700,0.0,0.0
2020-11-12 00:00:00-05:00,79.24200557862557,80.72316929567712,78.5950672252087,80.5954818725586,2740300,0.0,0.0
2020-11-13 00:00:00-05:00,80.86789583444326,81.68508642354111,80.4678115212024,81.42971801757812,2018900,0.0,0.0
2020-11-16 00:00:00-05:00,80.83381906114865,81.92340615804967,80.83381906114865,81.63398742675781,2291200,0.0,0.0
2020-11-17 00:00:00-05:00,80.95300559312179,81.41267644313628,79.80383171531179,80.80829620361328,2272600,0.0,0.0
2020-11-18 00:00:00-05:00,80.60397588544967,81.25091407662761,79.91446657130535,80.39967346191406,1942000,0.0,0.0
2020-11-19 00:00:00-05:00,79.6420798279864,80.77423154628767,79.17390132781647,80.2464599609375,2129600,0.0,0.0
2020-11-20 00:00:00-05:00,80.44224907081772,80.8934056190868,79.02918634017357,79.28456115722656,2562200,0.0,0.0
2020-11-23 00:00:00-05:00,79.27604999834658,79.58249719288483,78.33968645701373,79.10580444335938,2491500,0.0,0.0
2020-11-24 00:00:00-05:00,77.5310009749502,77.88852049395919,74.44950744363499,75.4454574584961,5954700,0.0,0.0
2020-11-25 00:00:00-05:00,75.54761386423108,76.15199399581078,74.93471950700906,76.10092163085938,2250200,0.0,0.0
2020-11-27 00:00:00-05:00,75.66677742140817,76.16049853464663,74.23669293459876,75.27520751953125,1113500,0.0,0.0
2020-11-30 00:00:00-05:00,75.33479715935336,75.47099878002865,73.39396952588552,74.15157318115234,4022300,0.0,0.0
2020-12-01 00:00:00-05:00,74.7814920035696,75.9391798411831,74.59421801594816,75.89662170410156,3097900,0.0,0.0
2020-12-02 00:00:00-05:00,76.56910994280591,77.41184303921366,75.57315973190813,75.93067932128906,2524500,0.0,0.0
2020-12-03 00:00:00-05:00,75.42842564409311,76.01578370173175,74.7218944290278,75.16454315185547,3240600,0.0,0.0
2020-12-04 00:00:00-05:00,75.15604154955187,76.27116477893864,74.52612525530182,76.20306396484375,2229100,0.0,0.0
2020-12-07 00:00:00-05:00,77.04580256419122,77.73530549761243,76.13497521599285,76.82447814941406,3141800,0.0,0.0
2020-12-08 00:00:00-05:00,75.6838200680705,80.35713008248342,75.50505379104037,79.02919006347656,4211800,0.0,0.0
2020-12-09 00:00:00-05:00,78.58653004069707,79.95702789326613,78.41628452257491,79.67611694335938,2833500,0.0,0.0
2020-12-10 00:00:00-05:00,79.6505874878999,80.54439276960734,78.92703423313476,80.1868667602539,3402700,0.0,0.0
2020-12-11 00:00:00-05:00,79.88041735210548,80.91893195657052,79.88041735210548,80.34860229492188,1968100,0.0,0.0
2020-12-14 00:00:00-05:00,80.55290979301873,81.77018432466998,80.09323900892123,80.10175323486328,2608100,0.0,0.0
2020-12-15 00:00:00-05:00,80.53586800828353,82.32347184337861,80.44223102932831,82.30644989013672,2877000,0.0,0.0
2020-12-16 00:00:00-05:00,82.71506908844762,83.44713671468816,81.41267167031917,82.02556610107422,2446200,0.0,0.0
2020-12-17 00:00:00-05:00,82.280918221684,83.89827014073438,81.82124752556591,81.98297882080078,3615400,0.0,0.0
2020-12-18 00:00:00-05:00,82.025564924003,82.791682951453,81.42969895512634,82.52779388427734,5330200,0.0,0.0
2020-12-21 00:00:00-05:00,82.43412134539737,83.48114994737014,81.44668580907879,83.37049102783203,2486000,0.0,0.0
2020-12-22 00:00:00-05:00,83.16621010731463,83.98340685822352,83.03001497846371,83.41307067871094,1751000,0.0,0.0
2020-12-23 00:00:00-05:00,84.00043618761404,84.14514555423688,82.85126249154509,83.00448608398438,3062700,0.0,0.0
2020-12-24 00:00:00-05:00,82.91084492633176,83.81315798409395,82.80017947962057,83.68547058105469,724700,0.0,0.0
2020-12-28 00:00:00-05:00,84.03448581434174,84.23878177087565,82.74059626924041,83.52374267578125,1338800,0.0,0.0
2020-12-29 00:00:00-05:00,83.83868819525533,84.2217503770934,83.06406259569722,83.15769958496094,1221700,0.0,0.0
2020-12-30 00:00:00-05:00,83.66844675607985,83.84720651856196,82.82572030596393,82.91935729980469,1477800,0.0,0.0
2020-12-31 00:00:00-05:00,83.26835658324819,84.22174840871908,82.78314969315375,84.17066955566406,1440200,0.0,0.0
2021-01-04 00:00:00-05:00,83.06406193464892,83.60885541632906,81.65951360132175,82.68099975585938,2485200,0.0,0.0
2021-01-05 00:00:00-05:00,82.944906556943,83.10663789452268,81.04663669417536,82.52779388427734,2623200,0.0,0.0
2021-01-06 00:00:00-05:00,82.22985120334495,84.1962216576687,81.71910807675546,84.09407043457031,2833600,0.0,0.0
2021-01-07 00:00:00-05:00,84.40654601181427,85.11186913409152,84.00477605497072,84.5851058959961,2698300,4.6,0.0
2021-01-08 00:00:00-05:00,83.02270724230246,84.68334053288443,82.88878388436038,84.37085723876953,1685400,0.0,0.0
2021-01-11 00:00:00-05:00,84.11191759630087,84.933303977015,83.80836442536773,84.89759063720703,1759700,0.0,0.0
2021-01-12 00:00:00-05:00,84.70116273888605,85.74575220281548,84.40653284548384,84.87972259521484,2090200,0.0,0.0
2021-01-13 00:00:00-05:00,84.8886917313248,85.27260172972069,84.29943167310665,84.75476837158203,2072300,0.0,0.0
2021-01-14 00:00:00-05:00,85.0939896674013,85.36183624425988,83.3530073526848,83.43335723876953,1602300,0.0,0.0
2021-01-15 00:00:00-05:00,83.43339148422157,84.82618471929177,82.91556500090459,84.6386947631836,3053300,0.0,0.0
2021-01-19 00:00:00-05:00,84.81725740604082,86.73680722544978,84.14764747915102,85.87970733642578,3463300,0.0,0.0
2021-01-20 00:00:00-05:00,85.65648526384378,86.46894158845144,85.11186876434529,85.76361846923828,1474900,0.0,0.0
2021-01-21 00:00:00-05:00,85.84397898098717,86.28145548281374,84.15656280517578,84.15656280517578,1695300,0.0,0.0
2021-01-22 00:00:00-05:00,83.92444494107737,84.16550151985717,82.40666515083534,82.41558837890625,2688200,0.0,0.0
2021-01-25 00:00:00-05:00,82.37985536955489,83.55836829795703,81.58525231693041,82.51377868652344,3119600,0.0,0.0
2021-01-26 00:00:00-05:00,82.61200094575445,82.87984761950898,81.3709911931646,81.88882446289062,2595600,0.0,0.0
2021-01-27 00:00:00-05:00,81.05850613715316,81.54062605216525,77.41582687592208,77.71045684814453,4866900,0.0,0.0
2021-01-28 00:00:00-05:00,78.13900553678896,80.08533851725105,77.4961857770127,79.00503540039062,6292500,0.0,0.0
2021-01-29 00:00:00-05:00,78.72826637950854,79.52286956371526,77.4247599558478,77.8443832397461,4756500,0.0,0.0
2021-02-01 00:00:00-05:00,78.11220613806991,78.67468267796956,76.3087269057684,76.95155334472656,5151700,0.0,0.0
2021-02-02 00:00:00-05:00,77.62118240439948,78.80861879299898,77.27298579856307,77.45154571533203,3261200,0.0,0.0
2021-02-03 00:00:00-05:00,76.93370725291985,77.7550937134846,76.67479062285892,77.63903045654297,2726000,0.0,0.0
2021-02-04 00:00:00-05:00,77.63009330236991,78.76396970979795,77.05869348551377,78.69254302978516,3279900,0.0,0.0
2021-02-05 00:00:00-05:00,78.8621878413819,79.41572763962505,78.07650790329664,78.09436798095703,2216300,0.0,0.0
2021-02-08 00:00:00-05:00,78.49613121743519,78.5854111709114,76.6926516353698,76.93370819091797,3958300,0.0,0.0
2021-02-09 00:00:00-05:00,77.17476313345476,77.54974298409522,76.18374009131706,77.02297973632812,4551400,0.0,0.0
2021-02-10 00:00:00-05:00,77.48725112041193,77.64795775368506,75.92482816811005,76.3623046875,3265300,0.0,0.0
2021-02-11 00:00:00-05:00,76.4337342690875,77.45154071452718,76.00518096023849,77.11227416992188,2475800,0.0,0.0
2021-02-12 00:00:00-05:00,76.78192320709442,77.33546975681826,76.55871994195752,77.02297973632812,2326900,0.0,0.0
2021-02-16 00:00:00-05:00,77.22832906396118,77.81758894836352,75.79089950408361,76.00517272949219,3846800,0.0,0.0
2021-02-17 00:00:00-05:00,75.96053730055043,77.16583357749211,75.96053730055043,77.005126953125,3951900,0.0,0.0
2021-02-18 00:00:00-05:00,77.03190285285743,79.0318020215383,76.7908463452827,78.65682220458984,2921000,0.0,0.0
2021-02-19 00:00:00-05:00,78.96931159730039,79.21037493546022,77.71044873805607,77.72830200195312,2580700,0.0,0.0
2021-02-22 00:00:00-05:00,77.67471248115572,78.6657352198105,77.16580946495093,78.38003540039062,2646900,0.0,0.0
2021-02-23 00:00:00-05:00,78.9603914038011,80.79065414076841,78.5675514667479,80.12997436523438,4797000,0.0,0.0
2021-02-24 00:00:00-05:00,80.12997492143002,81.24599128523823,78.32649547463019,78.33541870117188,3659500,0.0,0.0
2021-02-25 00:00:00-05:00,78.33541133161498,79.13894440028761,77.34438834885584,77.77294158935547,3552800,0.0,0.0
2021-02-26 00:00:00-05:00,78.21935478745034,78.28185143082808,76.33551863640568,76.7372817993164,4540100,0.0,0.0
2021-03-01 00:00:00-05:00,77.21047987257948,78.79075606220864,77.21047987257948,78.24613952636719,2193200,0.0,0.0
2021-03-02 00:00:00-05:00,78.36219252007709,79.67462869493465,77.96935943946399,79.2014389038086,2911500,0.0,0.0
2021-03-03 00:00:00-05:00,78.93361734362297,80.69245360495869,78.45149740395703,79.33538055419922,2788900,0.0,0.0
2021-03-04 00:00:00-05:00,79.17465817186161,79.72820469145249,77.46045882371419,77.66580200195312,3305400,0.0,0.0
2021-03-05 00:00:00-05:00,78.52291271105746,80.17462246457536,77.5318895835962,79.96034240722656,3341400,0.0,0.0
2021-03-08 00:00:00-05:00,79.92462016467914,82.67448595650977,79.18359051997224,81.26383972167969,3192800,0.0,0.0
2021-03-09 00:00:00-05:00,80.78171684270502,81.45132653970097,80.45137360666973,80.51387023925781,2919400,0.0,0.0
2021-03-10 00:00:00-05:00,80.73709912698031,82.90663550711389,80.46032921066003,82.33523559570312,2869700,0.0,0.0
2021-03-11 00:00:00-05:00,82.24595587941413,83.5494623568928,81.51384931503229,82.8441390991211,2998300,0.0,0.0
2021-03-12 00:00:00-05:00,83.33518455054794,83.41554128419124,82.61200800588054,83.06734466552734,1766800,0.0,0.0
2021-03-15 00:00:00-04:00,83.32625881206245,83.65659534146458,82.76378212837905,83.37089538574219,1869700,0.0,0.0
2021-03-16 00:00:00-04:00,82.84412055141101,83.51373031324432,82.17451078957771,83.36195373535156,1955000,0.0,0.0
2021-03-17 00:00:00-04:00,81.51384809951549,82.86199113069974,80.61210485788379,81.33528137207031,3543600,0.0,0.0
2021-03-18 00:00:00-04:00,81.60311346291607,81.63882680201786,80.36210387852618,80.66565704345703,2491900,0.0,0.0
2021-03-19 00:00:00-04:00,81.04956760187117,81.77274399276541,79.93355128919588,81.19242095947266,5568700,0.0,0.0
2021-03-22 00:00:00-04:00,80.59423156415419,81.47812139392053,80.16568511180357,80.46923828125,1684100,0.0,0.0
2021-03-23 00:00:00-04:00,80.33532591008186,81.55847550030687,80.33532591008186,81.02278900146484,1936000,0.0,0.0
2021-03-24 00:00:00-04:00,81.12992587695024,83.81728830512859,80.57637932304527,82.57627868652344,3203700,0.0,0.0
2021-03-25 00:00:00-04:00,83.07626387210287,84.38869344197536,82.71913726035332,84.1297836303711,4315800,0.0,0.0
2021-03-26 00:00:00-04:00,84.227980271434,85.236863382212,83.78157374429274,85.04044342041016,2874900,0.0,0.0
2021-03-29 00:00:00-04:00,84.8440212285786,86.58501072564337,84.03156491257998,85.88861083984375,2410500,0.0,0.0
2021-03-30 00:00:00-04:00,85.73684268601569,86.04040268837231,84.64760959150564,85.30829620361328,2162200,0.0,0.0
2021-03-31 00:00:00-04:00,85.3082879510102,85.42435119301149,84.54046819839151,85.36185455322266,3383000,0.0,0.0
2021-04-01 00:00:00-04:00,85.21900944245787,85.56720601376867,84.59404298411121,85.30829620361328,2487900,0.0,0.0
2021-04-05 00:00:00-04:00,85.62077593044192,86.86178556955464,85.54041921101378,86.3528823852539,2139600,0.0,0.0
2021-04-06 00:00:00-04:00,86.50481249899322,86.5673738216348,85.10164556088382,85.2893295288086,2478400,0.1,0.0
2021-04-07 00:00:00-04:00,85.34296741433384,86.00433788351772,85.11060064062775,85.67365264892578,2146600,0.0,0.0
2021-04-08 00:00:00-04:00,85.52171384115675,85.95070387363909,84.19004051942017,84.88716125488281,2319500,0.0,0.0
2021-04-09 00:00:00-04:00,85.39657299249384,85.771940895639,85.01226581012938,85.51275634765625,2197000,0.0,0.0
2021-04-12 00:00:00-04:00,85.62002299287546,86.21882525595356,85.28039850678611,86.18307495117188,2537600,0.0,0.0
2021-04-13 00:00:00-04:00,86.06688522703101,87.49686321946774,85.8523834141608,86.9516830444336,3404000,0.0,0.0
2021-04-14 00:00:00-04:00,86.88018931996208,87.2734358560247,86.62994400380349,86.85337829589844,2194900,0.0,0.0
2021-04-15 00:00:00-04:00,87.35384991896548,90.70536357106008,87.14829423342665,89.73119354248047,4481300,0.0,0.0
2021-04-16 00:00:00-04:00,89.60608572395037,89.9188923527866,88.19397943529188,88.2654800415039,4278400,0.0,0.0
2021-04-19 00:00:00-04:00,88.04205234375986,88.8017275902104,87.01425321330387,88.73916625976562,2000100,0.0,0.0
2021-04-20 00:00:00-04:00,88.82852371829716,89.87419441694642,88.65871149899307,89.18601989746094,1606500,0.0,0.0
2021-04-21 00:00:00-04:00,89.70438806984944,90.54449624054705,89.3737029143443,90.45512390136719,2412900,0.0,0.0
2021-04-22 00:00:00-04:00,90.02614352154873,90.19594893845026,88.94471560082637,89.50777435302734,1621100,0.0,0.0
2021-04-23 00:00:00-04:00,89.60610224303376,90.26746592573606,89.32010658413483,90.05297088623047,1788500,0.0,0.0
2021-04-26 00:00:00-04:00,90.10658307414755,90.3032063466104,89.15028455517482,89.24859619140625,2702400,0.0,0.0
2021-04-27 00:00:00-04:00,89.12346170052668,89.43626831125401,88.86427713201753,89.29327392578125,1480800,0.0,0.0
2021-04-28 00:00:00-04:00,89.71332920059022,89.90995245699104,88.8553423879374,89.6954574584961,1386800,0.0,0.0
2021-04-29 00:00:00-04:00,89.73121985927352,91.19694838083821,89.6954695515922,91.11650848388672,1724000,0.0,0.0
2021-04-30 00:00:00-04:00,90.9645597163256,91.3756779585227,89.97251100325349,90.03507232666016,2364300,0.0,0.0
2021-05-03 00:00:00-04:00,90.97350750705375,92.01023908030437,90.29426534747154,91.66168212890625,2182300,0.0,0.0
2021-05-04 00:00:00-04:00,91.43824785251692,92.20686236565486,91.23269212148787,92.17111206054688,3055700,0.0,0.0
2021-05-05 00:00:00-04:00,92.18003538616037,93.00227180530362,91.65273381910295,92.76990509033203,2297400,0.0,0.0
2021-05-06 00:00:00-04:00,93.39553476858698,93.65471936752532,92.77885393598633,93.12741088867188,2167400,0.0,0.0
2021-05-07 00:00:00-04:00,92.76991820715389,94.21776801542929,92.45710475204292,94.0032730102539,2158300,0.0,0.0
2021-05-10 00:00:00-04:00,94.35183523450209,95.76394163655594,94.30714564736263,94.50376892089844,2265000,0.0,0.0
2021-05-11 00:00:00-04:00,96.0231147222224,96.0231147222224,93.61895977839616,93.91389465332031,3404300,0.0,0.0
2021-05-12 00:00:00-04:00,93.93175885246959,94.72718424981521,93.48489034525643,93.62789154052734,2683600,0.0,0.0
2021-05-13 00:00:00-04:00,93.30616267697181,95.46006572862653,93.00228849096942,94.78083038330078,2211000,0.0,0.0
2021-05-14 00:00:00-04:00,95.19195186068477,96.1571828623963,94.98638930278513,95.71925354003906,1573800,0.0,0.0
2021-05-17 00:00:00-04:00,95.71923686812463,96.10354407308161,95.11149540025481,95.23661804199219,1437100,0.0,0.0
2021-05-18 00:00:00-04:00,95.08470570518861,95.33495104478813,94.25352978799071,94.71827697753906,1787100,0.0,0.0
2021-05-19 00:00:00-04:00,94.15521146162496,94.46801811392133,89.02516190794361,90.2674560546875,5700900,0.0,0.0
2021-05-20 00:00:00-04:00,88.63190954328049,91.90299071195732,88.47997586766606,91.19693756103516,3446100,0.0,0.0
2021-05-21 00:00:00-04:00,91.21480558637059,91.46505088157866,88.56934460768497,88.60509490966797,3469000,0.0,0.0
2021-05-24 00:00:00-04:00,88.67659397370029,89.4630801476496,86.85336951626653,87.1036148071289,3506400,0.0,0.0
2021-05-25 00:00:00-04:00,86.43331911973272,87.74711382367487,86.20094555107008,86.9427490234375,3001500,0.0,0.0
2021-05-26 00:00:00-04:00,87.79179192650655,88.49783818354979,87.06786029163871,87.9437255859375,3201600,0.0,0.0
2021-05-27 00:00:00-04:00,88.2297217304963,88.73915157084218,87.49685763002198,88.61402893066406,4817200,0.0,0.0
2021-05-28 00:00:00-04:00,89.11453513393268,89.4273417892859,88.51573284816027,88.55148315429688,2109000,0.0,0.0
2021-06-01 00:00:00-04:00,88.89109623816955,89.65971073367864,88.05098113408444,88.75703430175781,2071500,0.0,0.0
2021-06-02 00:00:00-04:00,88.99834434247063,89.9635820717667,87.8990446809935,89.79376983642578,2447800,0.0,0.0
2021-06-03 00:00:00-04:00,89.5881892838891,90.39255389656404,89.33794403076172,89.33794403076172,2051900,0.0,0.0
2021-06-04 00:00:00-04:00,89.60608511067929,89.8742021541297,88.98046503861553,89.6954574584961,1318200,0.0,0.0
2021-06-07 00:00:00-04:00,88.25654383439013,88.25654383439013,85.70939431277785,86.14732360839844,4923900,0.0,0.0
2021-06-08 00:00:00-04:00,86.16521085998487,86.37970588904973,85.28934536173614,85.67365264892578,3198700,0.0,0.0
2021-06-09 00:00:00-04:00,85.69152279095364,86.02220801936106,84.71735248738617,84.7441635131836,2628800,0.0,0.0
2021-06-10 00:00:00-04:00,84.95865466639627,85.5663962252456,83.48399376535141,84.02916717529297,3269500,0.0,0.0
2021-06-11 00:00:00-04:00,84.27047413170236,84.39559678340741,83.3409867056983,83.65379333496094,2641200,0.0,0.0
2021-06-14 00:00:00-04:00,83.33207475340248,83.47507601291771,82.49196621911422,83.2248306274414,3647000,0.0,0.0
2021-06-15 00:00:00-04:00,83.3678094559175,84.09173444528606,82.46513292562986,83.79680633544922,3447600,0.0,0.0
2021-06-16 00:00:00-04:00,83.30523560678188,84.44028556041505,82.33999788684338,83.04605102539062,4435900,0.0,0.0
2021-06-17 00:00:00-04:00,82.99242619129252,83.33204382859489,81.34794641051622,82.080810546875,4415900,0.0,0.0
2021-06-18 00:00:00-04:00,81.13343806923858,82.65279495370426,80.63294756637406,82.5008544921875,9155900,0.0,0.0
2021-06-21 00:00:00-04:00,82.85835354391415,84.7173280751563,82.84941426499965,84.54751586914062,4757200,0.0,0.0
2021-06-22 00:00:00-04:00,84.51176417839632,85.27144604414508,84.3598305327153,84.86032104492188,2381400,0.0,0.0
2021-06-23 00:00:00-04:00,84.82458652089548,85.43232116776927,84.54752339924546,84.8335189819336,1923100,0.0,0.0
2021-06-24 00:00:00-04:00,85.19102804427357,85.66470766046184,84.81566006374779,85.52171325683594,2643200,0.0,0.0
2021-06-25 00:00:00-04:00,85.69153014610986,86.67464663422547,85.31616211537907,86.55845642089844,5359100,0.0,0.0
2021-06-28 00:00:00-04:00,86.48692938436457,87.53260689155259,86.13837248819269,86.9874267578125,2395800,0.0,0.0
2021-06-29 00:00:00-04:00,87.31811417773095,88.2744126264637,87.27343141279091,87.97948455810547,2569300,0.0,0.0
2021-06-30 00:00:00-04:00,88.02416344424657,88.35484861986212,87.60410592401601,87.77391815185547,2570600,0.0,0.0
2021-07-01 00:00:00-04:00,88.0509718826801,88.91789791922606,87.52367029184973,88.33696746826172,2436700,0.0,0.0
2021-07-02 00:00:00-04:00,88.45317840576172,88.68555200440993,87.97949874524075,88.45317840576172,1873600,0.0,0.0
2021-07-06 00:00:00-04:00,88.44423229190465,88.48001876007123,86.80703720753134,87.54959106445312,2659300,0.1,0.0
2021-07-07 00:00:00-04:00,87.35273869678542,89.03466116560003,87.19170305850551,88.66786193847656,2300600,0.0,0.0
2021-07-08 00:00:00-04:00,87.86269131072576,88.97204423350333,87.6121929241859,88.11318969726562,3565800,0.0,0.0
2021-07-09 00:00:00-04:00,89.37464406891078,90.68976753111787,88.55157592438992,89.13308715820312,3426400,0.0,0.0
2021-07-12 00:00:00-04:00,89.01679692832073,89.77724056209179,88.4979034085916,89.35675811767578,2487500,0.0,0.0
2021-07-13 00:00:00-04:00,89.06153951137607,89.15100227160706,87.42434437942183,87.48696899414062,3251000,0.0,0.0
2021-07-14 00:00:00-04:00,87.6748557852577,88.22953590151326,86.4581429548451,87.18280029296875,2377800,0.0,0.0
2021-07-15 00:00:00-04:00,80.51768195604345,85.43820696446832,80.15982422668067,84.94615173339844,7070200,0.0,0.0
2021-07-16 00:00:00-04:00,83.56842471980593,86.16287833424849,83.17478046908738,86.04657745361328,4555800,0.0,0.0
2021-07-19 00:00:00-04:00,85.25035917472378,85.61715851057579,83.79209650316731,84.60621643066406,3959500,0.0,0.0
2021-07-20 00:00:00-04:00,84.83882918957644,85.8855577869681,84.13206180121935,84.4720230102539,3198100,0.0,0.0
2021-07-21 00:00:00-04:00,84.55252221800043,85.34875215627495,84.05151862018734,84.1052017211914,2576100,0.0,0.0
2021-07-22 00:00:00-04:00,83.93522637757913,84.00679930256355,83.1300480354289,83.55947875976562,3876800,0.0,0.0
2021-07-23 00:00:00-04:00,83.81892397028687,84.82986592143165,83.60420519923602,84.74935150146484,2095700,0.0,0.0
2021-07-26 00:00:00-04:00,84.4541113144925,84.96405640874882,84.34675193786043,84.6688232421875,1836100,0.0,0.0
2021-07-27 00:00:00-04:00,84.46307386178204,86.10921029398553,84.07837789601726,85.77819061279297,2216100,0.0,0.0
2021-07-28 00:00:00-04:00,85.77819015918395,85.84081476604378,84.53463951898863,84.56147766113281,2894800,0.0,0.0
2021-07-29 00:00:00-04:00,84.96406251684229,85.96605613516535,84.74040225195667,85.67082977294922,1867200,0.0,0.0
2021-07-30 00:00:00-04:00,85.58136900198153,85.8944920149148,84.8567050856848,85.13404846191406,2355100,0.0,0.0
2021-08-02 00:00:00-04:00,85.56347089586423,86.10025416965813,84.9372248806996,85.02668762207031,1510600,0.0,0.0
2021-08-03 00:00:00-04:00,85.4561196407066,86.59231772347222,84.9998575686388,86.43128204345703,2069900,0.0,0.0
2021-08-04 00:00:00-04:00,86.19866480306162,86.20761312482497,85.20561267998778,85.30402374267578,1870900,0.0,0.0
2021-08-05 00:00:00-04:00,85.51873315060818,85.51873315060818,84.24834452066061,85.36664581298828,2403000,0.0,0.0
2021-08-06 00:00:00-04:00,85.77819055388504,87.17383538193636,85.34876662646175,86.7086181640625,3067700,0.0,0.0
2021-08-09 00:00:00-04:00,86.9322706825354,87.30801829184833,86.52073661153986,86.88754272460938,1522000,0.0,0.0
2021-08-10 00:00:00-04:00,86.73545273354695,87.12014868320125,86.11815501010726,86.19866943359375,2120500,0.0,0.0
2021-08-11 00:00:00-04:00,86.33287511649581,86.91439325700603,85.68873236550424,86.86071014404297,2050700,0.0,0.0
2021-08-12 00:00:00-04:00,86.86964811875681,87.20066777790872,86.35970297256429,86.72650909423828,1803100,0.0,0.0
2021-08-13 00:00:00-04:00,86.84282638423329,86.93228914465452,85.89450883774033,85.992919921875,1413400,0.0,0.0
2021-08-16 00:00:00-04:00,85.608211358612,86.9770111865425,85.1966772605497,86.8696517944336,3565000,0.0,0.0
2021-08-17 00:00:00-04:00,86.332885952711,86.35972409977583,84.5972796364218,85.59033203125,3631800,0.0,0.0
2021-08-18 00:00:00-04:00,84.93723302449919,86.12710056739672,84.44517766142745,85.5008544921875,3890100,0.0,0.0
2021-08-19 00:00:00-04:00,85.41139179514235,86.75335352191073,85.2950840771241,86.0644760131836,1750300,0.0,0.0
2021-08-20 00:00:00-04:00,86.21657157625933,88.2205658758154,85.8408170993166,87.2901382446289,3638800,0.0,0.0
2021-08-23 00:00:00-04:00,87.11119999609988,87.86269518888963,86.9948922932376,87.03962707519531,1898500,0.0,0.0
2021-08-24 00:00:00-04:00,87.12910216749393,87.4869599971877,86.13604993223966,86.44917297363281,1601100,0.0,0.0
2021-08-25 00:00:00-04:00,86.36864416493917,86.78017821161666,86.01973471611325,86.08235931396484,1669900,0.0,0.0
2021-08-26 00:00:00-04:00,86.02868399520118,86.30602052797893,85.66187789972282,86.09130859375,2663900,0.0,0.0
2021-08-27 00:00:00-04:00,86.37760882510426,87.36171275987999,85.90344326531445,87.21856689453125,2913300,0.0,0.0
2021-08-30 00:00:00-04:00,87.29012588058094,87.43327172305881,85.92132618334118,86.01973724365234,1922700,0.0,0.0
2021-08-31 00:00:00-04:00,86.18971252441406,87.04857390945625,85.93027263531405,86.18971252441406,2547100,0.0,0.0
2021-09-01 00:00:00-04:00,86.10026329832775,86.44917280456495,85.16089417598542,86.25235748291016,1872300,0.0,0.0
2021-09-02 00:00:00-04:00,86.27919068265022,86.82492230484748,85.86765659183376,86.19866943359375,2193900,0.0,0.0
2021-09-03 00:00:00-04:00,86.03762549101577,86.49389432362541,85.43821764410997,86.09130859375,1405300,0.0,0.0
2021-09-07 00:00:00-04:00,85.64399620041462,85.79608355051055,84.21256496835662,84.32887268066406,1803500,0.0,0.0
2021-09-08 00:00:00-04:00,84.32886712187324,84.7582910027279,84.14099332080313,84.35570526123047,2279800,0.0,0.0
2021-09-09 00:00:00-04:00,84.25730748145016,84.5167542454161,83.37161461520131,83.39845275878906,2095800,0.0,0.0
2021-09-10 00:00:00-04:00,83.44319648058445,83.8905171597087,82.6201280691331,83.30900573730469,1943200,0.0,0.0
2021-09-13 00:00:00-04:00,83.78313706331068,84.40043475648557,83.17478086637145,84.09626007080078,2506700,0.0,0.0
2021-09-14 00:00:00-04:00,84.01575543554807,84.30204033653193,83.12111426677717,83.38055419921875,2455900,0.0,0.0
2021-09-15 00:00:00-04:00,83.47894287109375,83.8368006076801,82.86164527169014,83.47894287109375,2546200,0.0,0.0
2021-09-16 00:00:00-04:00,83.53264071075554,83.53264071075554,82.79008697076117,83.19267272949219,1482000,0.0,0.0
2021-09-17 00:00:00-04:00,82.90640609018163,83.16585288142255,82.45908544850516,82.85272979736328,4029700,0.0,0.0
2021-09-20 00:00:00-04:00,82.25331529326314,82.72747404398031,81.53759959275786,82.49486541748047,2250400,0.0,0.0
2021-09-21 00:00:00-04:00,82.65588324187635,83.43422338601161,82.33381192882516,82.36959838867188,1882100,0.0,0.0
2021-09-22 00:00:00-04:00,82.97796015572784,82.98690847768583,82.14594367844816,82.34276580810547,1894900,0.0,0.0
2021-09-23 00:00:00-04:00,82.54851766489374,82.73639827137596,81.8417573190822,81.92227172851562,2424600,0.0,0.0
2021-09-24 00:00:00-04:00,82.24436503508504,82.56643641017824,81.68074354145722,81.91334533691406,1690100,0.0,0.0
2021-09-27 00:00:00-04:00,81.82388719205485,82.56644106121345,81.0992299700599,81.12606811523438,2155000,0.0,0.0
2021-09-28 00:00:00-04:00,81.09922087846253,81.41234391301393,80.41034337687924,80.83082580566406,3803800,0.0,0.0
2021-09-29 00:00:00-04:00,80.2761571253927,82.29804130399468,80.2761571253927,81.53759765625,2531300,0.0,0.0
2021-09-30 00:00:00-04:00,81.86860814509829,82.32487018707866,80.83082120330876,80.86660766601562,2472900,0.0,0.0
2021-10-01 00:00:00-04:00,81.14393907428926,81.98490383064619,80.23140822262683,81.35865783691406,2685800,0.0,0.0
2021-10-04 00:00:00-04:00,81.3228704399355,81.85965368917688,80.44611923323806,80.79502868652344,2831100,0.0,0.0
2021-10-05 00:00:00-04:00,81.36760747694187,82.0028086813225,80.94713188224736,81.64495086669922,2973300,0.0,0.0
2021-10-06 00:00:00-04:00,81.51059692336541,82.75551151861795,81.21503989003179,82.63907623291016,2269700,0.1,0.0
2021-10-07 00:00:00-04:00,82.9883948806027,83.58846039340443,81.56435136793506,81.62704467773438,3075200,0.0,0.0
2021-10-08 00:00:00-04:00,81.72554083915956,82.1643938849305,80.8926117660519,81.4389419555664,2023600,0.0,0.0
2021-10-11 00:00:00-04:00,81.56434240663312,82.78238957724543,81.56434240663312,81.68077087402344,1842000,0.0,0.0
2021-10-12 00:00:00-04:00,81.6897208588338,81.90466832835293,80.5791509610853,81.07173919677734,2356700,0.0,0.0
2021-10-13 00:00:00-04:00,80.99114659867507,81.43895786885838,80.15821736281181,81.34043884277344,1887800,0.0,0.0
2021-10-14 00:00:00-04:00,80.82993774003964,81.66286701168038,80.02387605247473,80.614990234375,3635000,0.0,0.0
2021-10-15 00:00:00-04:00,81.08069097013404,82.63907195967685,80.49853507086813,81.72554016113281,3179700,0.0,0.0
2021-10-18 00:00:00-04:00,81.49268605834516,81.5464280526457,80.55228657129976,80.91053009033203,2419400,0.0,0.0
2021-10-19 00:00:00-04:00,81.39416483108543,83.05107181038667,81.14339164134775,82.95255279541016,2674000,0.0,0.0
2021-10-20 00:00:00-04:00,83.23021754798314,84.67217063753331,83.13169850461819,84.63634490966797,2562100,0.0,0.0
2021-10-21 00:00:00-04:00,84.82440565093374,84.89605709044172,83.56158148662838,84.75275421142578,3149800,0.0,0.0
2021-10-22 00:00:00-04:00,84.9856046014812,86.41859900088323,84.7975247271587,85.63941192626953,2542800,0.0,0.0
2021-10-25 00:00:00-04:00,85.64837884386186,86.56191763774665,85.27221902664228,86.29322814941406,2235500,0.0,0.0
2021-10-26 00:00:00-04:00,86.34696192656727,86.7858150048774,86.10514004347822,86.20365905761719,1989700,0.0,0.0
2021-10-27 00:00:00-04:00,86.44547518010245,86.44547518010245,84.36763138594625,84.45719909667969,1739300,0.0,0.0
2021-10-28 00:00:00-04:00,84.6811239089586,85.81856166278497,84.56468859182606,85.70213317871094,1315000,0.0,0.0
2021-10-29 00:00:00-04:00,85.88126546650035,85.97082637542623,84.78860461165036,84.9766845703125,2128200,0.0,0.0
2021-11-01 00:00:00-04:00,84.94084682645206,85.16475248362815,83.36455591973446,84.81546020507812,1945400,0.0,0.0
2021-11-02 00:00:00-04:00,85.01246462587967,85.0303808978746,84.37657363117371,84.74378204345703,2053900,0.0,0.0
2021-11-03 00:00:00-04:00,84.61840237964346,85.53193416734682,84.01833021382834,85.21846771240234,2139700,0.0,0.0
2021-11-04 00:00:00-04:00,84.83337277017246,85.95290100704011,84.30495188918071,84.69902801513672,3018400,0.0,0.0
2021-11-05 00:00:00-04:00,84.95875763511982,86.58879044108303,84.71693571442765,85.83646392822266,2170200,0.0,0.0
2021-11-08 00:00:00-05:00,85.92603352304334,86.52609901877159,85.56778312021548,86.34697723388672,2074400,0.0,0.0
2021-11-09 00:00:00-05:00,85.98871294519294,86.30217943465047,84.84231730771569,85.4871597290039,2807900,0.0,0.0
2021-11-10 00:00:00-05:00,85.53195182648312,86.20366872564398,85.29908805485121,85.72003173828125,1694000,0.0,0.0
2021-11-11 00:00:00-05:00,85.18266840725134,86.0782910322183,84.98563033646928,85.85438537597656,1566900,0.0,0.0
2021-11-12 00:00:00-05:00,85.99767429378014,86.37384095811981,85.35283179717882,86.13201904296875,1778900,0.0,0.0
2021-11-15 00:00:00-05:00,86.38279826354999,86.41862398802574,83.92879421795551,84.17061614990234,2304200,0.0,0.0
2021-11-16 00:00:00-05:00,84.27807747572292,85.15579054885153,84.03626240269936,84.08103942871094,2256200,0.0,0.0
2021-11-17 00:00:00-05:00,83.84817495467709,84.31389561505455,81.23295224729675,81.25982666015625,4601700,0.0,0.0
2021-11-18 00:00:00-05:00,81.06278985645801,82.20022736132455,80.48063389739184,81.25086975097656,2663500,0.0,0.0
2021-11-19 00:00:00-05:00,80.91948710573715,81.70763923601227,80.30151226083883,80.87471008300781,2581400,0.0,0.0
2021-11-22 00:00:00-05:00,81.15234863798642,83.14958282321383,81.03592018240434,82.44204711914062,2659900,0.0,0.0
2021-11-23 00:00:00-05:00,83.19438112004556,84.860239669705,82.47788032100954,84.65424346923828,3257600,0.0,0.0
2021-11-24 00:00:00-05:00,84.57363099403204,85.89915526994767,84.17060361156798,85.65733337402344,2449600,0.0,0.0
2021-11-26 00:00:00-05:00,84.50197909410431,85.899154800665,84.24224775655814,84.71692657470703,1817400,0.0,0.0
2021-11-29 00:00:00-05:00,85.27220606411366,85.63941452014372,83.65113174128952,85.05725860595703,2134000,0.0,0.0
2021-11-30 00:00:00-05:00,84.32286105224827,84.77963044760395,82.79134737341073,83.2391586303711,6405100,0.0,0.0
2021-12-01 00:00:00-05:00,84.15270069112503,85.40657372776148,83.39142282950736,83.40933227539062,2961500,0.0,0.0
2021-12-02 00:00:00-05:00,83.83026386928941,86.76790454922411,83.6153163845047,85.9797592163086,2787000,0.0,0.0
2021-12-03 00:00:00-05:00,86.09620201492066,86.25741436361456,84.3407824586196,85.28118896484375,2605700,0.0,0.0
2021-12-06 00:00:00-05:00,86.36486939164756,86.99180234631068,85.94392576506374,86.68729400634766,2788400,0.0,0.0
2021-12-07 00:00:00-05:00,87.01868880789651,87.25154574726838,86.24845288090911,86.70521545410156,2876800,0.0,0.0
2021-12-08 00:00:00-05:00,86.82162932335173,87.12613763030663,84.97664270965936,85.19159698486328,2397200,0.0,0.0
2021-12-09 00:00:00-05:00,84.51094094301108,85.60360150306127,84.28703531457644,85.30804443359375,2584800,0.0,0.0
2021-12-10 00:00:00-05:00,85.76480293902661,85.89914766564071,84.85126426449604,85.13786315917969,2385800,0.0,0.0
2021-12-13 00:00:00-05:00,84.82439717513347,87.13510462044516,84.75274574278504,86.59773254394531,3029800,0.0,0.0
2021-12-14 00:00:00-05:00,86.74999735791268,87.77100647846656,86.60669447563124,87.00077056884766,2939400,0.0,0.0
2021-12-15 00:00:00-05:00,87.7710071010848,92.40137389699393,87.53814333225438,91.1833267211914,5645000,0.0,0.0
2021-12-16 00:00:00-05:00,90.61907916201969,92.93873801223462,90.60116971968381,92.26702117919922,4065400,0.0,0.0
2021-12-17 00:00:00-05:00,92.43062695178857,92.97594594871119,90.64018694982546,91.76716613769531,5842000,1.5,0.0
2021-12-20 00:00:00-05:00,91.06734707660375,92.4033661928314,90.2312014167944,92.26703643798828,2560800,0.0,0.0
2021-12-21 00:00:00-05:00,92.73055574137923,93.70303116558055,91.4945113042984,91.994384765625,3429400,0.0,0.0
2021-12-22 00:00:00-05:00,92.1125047975612,92.1125047975612,90.96734491037974,91.93982696533203,1629700,0.0,0.0
2021-12-23 00:00:00-05:00,92.24884323308497,92.89412987583523,91.85803504843139,92.0216293334961,2133300,0.0,0.0
2021-12-27 00:00:00-05:00,92.21249722678624,93.92114342313438,92.13978710761774,93.90296936035156,1306100,0.0,0.0
2021-12-28 00:00:00-05:00,93.88479056533568,94.58460635850734,93.8484355075839,93.93022918701172,1833600,0.0,0.0
2021-12-29 00:00:00-05:00,93.99385522697578,95.05721473630418,93.99385522697578,94.49372863769531,1785500,0.0,0.0
2021-12-30 00:00:00-05:00,94.73003517586382,95.12084341459564,93.57578452318245,93.65758514404297,1165200,0.0,0.0
2021-12-31 00:00:00-05:00,93.82119016838871,94.23926301715507,93.27587112441377,93.29405212402344,1347600,0.0,0.0
2022-01-03 00:00:00-05:00,93.15771308599734,93.45763714351195,92.08526303847583,92.70328521728516,2088700,0.0,0.0
2022-01-04 00:00:00-05:00,92.92140466306871,93.26677426623334,92.23067932477686,92.84870147705078,2773000,0.0,0.0
2022-01-05 00:00:00-05:00,93.06681631588783,94.56642946668548,92.91231252558006,93.51215362548828,2731700,0.0,0.0
2022-01-06 00:00:00-05:00,95.0314115902128,95.895668500238,94.64022322774659,95.75010681152344,3669700,0.1,0.0
2022-01-07 00:00:00-05:00,96.04123975333702,99.42547324915061,95.6500513236432,99.32540130615234,4861000,0.0,0.0
2022-01-10 00:00:00-05:00,99.78028697085684,100.69002700270609,98.81596475814162,100.07140350341797,5015000,0.0,0.0
2022-01-11 00:00:00-05:00,100.40798646195644,100.89924679779432,97.77883893663513,99.08885955810547,4137600,0.0,0.0
2022-01-12 00:00:00-05:00,98.55212726860816,100.48077145827342,98.55212726860816,99.93492889404297,3486900,0.0,0.0
2022-01-13 00:00:00-05:00,100.08048298908932,100.83556179071888,99.12525336887889,99.39817810058594,2662600,0.0,0.0
2022-01-14 00:00:00-05:00,99.1798427996214,100.0168087991052,98.74317152583961,99.84395599365234,2993600,0.0,0.0
2022-01-18 00:00:00-05:00,99.65290916815262,100.05319694394912,98.27010063763633,99.953125,3228400,0.0,0.0
2022-01-19 00:00:00-05:00,99.68018824136024,99.93491427134472,97.80612650010548,97.91529083251953,2578400,0.0,0.0
2022-01-20 00:00:00-05:00,98.11544959898407,99.0706792972788,97.25119944587153,97.496826171875,2507000,0.0,0.0
2022-01-21 00:00:00-05:00,98.14272518158434,98.94330063181762,97.86070807021419,98.27008819580078,4086800,0.0,0.0
2022-01-24 00:00:00-05:00,98.59761689270739,101.09940184681611,97.21481517200947,99.96222686767578,5949500,0.0,0.0
2022-01-25 00:00:00-05:00,99.75298553185642,100.45348222977259,97.97898848932888,99.43457794189453,3371300,0.0,0.0
2022-01-26 00:00:00-05:00,101.75439384639247,101.75439384639247,95.77740371999118,97.91529083251953,4566700,0.0,0.0
2022-01-27 00:00:00-05:00,98.39745362248848,100.10776183523132,97.30576176989152,97.92438507080078,3107700,0.0,0.0
2022-01-28 00:00:00-05:00,98.20640263786997,98.91600546878803,97.20569030711954,98.90690612792969,3020700,0.0,0.0
2022-01-31 00:00:00-05:00,98.12454600316826,98.97060438636674,97.26029587593699,98.85234069824219,2589100,0.0,0.0
2022-02-01 00:00:00-05:00,98.47934262002164,98.47934262002164,97.01466084888764,98.34288024902344,2646300,0.0,0.0
2022-02-02 00:00:00-05:00,98.06084995632314,99.87123014256542,97.98806910944818,99.59831237792969,2330800,0.0,0.0
2022-02-03 00:00:00-05:00,99.7984619140625,100.53535593550703,98.94331114783023,99.7984619140625,1974900,0.0,0.0
2022-02-04 00:00:00-05:00,99.60743859092156,100.20787037031697,98.69769851845525,99.22534942626953,1895500,0.0,0.0
2022-02-07 00:00:00-05:00,99.4618601031002,99.8348498347909,98.37016811165196,99.25261688232422,2229200,0.0,0.0
2022-02-08 00:00:00-05:00,99.6347139115877,99.79846737634205,98.6885904938568,99.34359741210938,2552100,0.0,0.0
2022-02-09 00:00:00-05:00,99.16164838546096,99.77117244828534,98.4520523790965,98.64309692382812,1735600,0.0,0.0
2022-02-10 00:00:00-05:00,98.08816524448365,98.58852501427114,96.49612026522469,96.89640808105469,3173200,0.0,0.0
2022-02-11 00:00:00-05:00,96.7053441572375,97.80612848964148,95.99574127829284,96.61436462402344,2925800,0.0,0.0
2022-02-14 00:00:00-05:00,95.85019659284627,96.91459061199038,94.71302171578684,96.62347412109375,3541000,0.0,0.0
2022-02-15 00:00:00-05:00,97.07834292203981,97.90620955430015,95.96845914465386,96.23228454589844,2224300,0.0,0.0
2022-02-16 00:00:00-05:00,96.14132112660499,98.24281825417037,95.85020461135453,96.50521850585938,2490400,0.0,0.0
2022-02-17 00:00:00-05:00,96.28686855224807,96.4233309266309,94.98594714665715,95.73193359375,2347500,0.0,0.0
2022-02-18 00:00:00-05:00,95.65005397400785,97.2420988230303,95.51359159879584,96.80542755126953,5612000,0.0,0.0
2022-02-22 00:00:00-05:00,97.17841780888136,97.9698940365893,95.93207162195927,96.65986633300781,1991700,0.0,0.0
2022-02-23 00:00:00-05:00,97.02376527786936,97.12383722579692,95.08601477778551,95.17699432373047,1964900,0.0,0.0
2022-02-24 00:00:00-05:00,94.09439197615497,94.5401625545652,91.7108710954811,93.59403228759766,3184800,0.0,0.0
2022-02-25 00:00:00-05:00,93.37569911124096,97.62418261149966,93.37569911124096,97.56050109863281,2206200,0.0,0.0
2022-02-28 00:00:00-05:00,94.36732644656185,97.08744690692623,94.36732644656185,96.3687515258789,2841900,0.0,0.0
2022-03-01 00:00:00-05:00,95.73191881238273,96.31415170847018,93.87604885331766,93.9215316772461,3738900,0.0,0.0
2022-03-02 00:00:00-05:00,93.9397483307591,95.81381038976401,93.9306489879272,95.44991302490234,2181600,0.0,0.0
2022-03-03 00:00:00-05:00,95.83197868461221,96.67803690106034,95.33162600353286,95.59545135498047,1797500,0.0,0.0
2022-03-04 00:00:00-05:00,94.63114151465224,97.56960445088575,94.01251810390647,97.51502227783203,2018300,0.0,0.0
2022-03-07 00:00:00-05:00,96.57798709568192,98.87052849432258,95.72282940423165,96.90548706054688,3138400,0.0,0.0
2022-03-08 00:00:00-05:00,96.82361907158776,98.98879756257344,94.38551583080951,94.39461517333984,3411000,0.0,0.0
2022-03-09 00:00:00-05:00,95.00413427794352,96.07762759512565,93.06639086624172,94.70391845703125,2447800,0.0,0.0
2022-03-10 00:00:00-05:00,94.46737979699677,95.71372585197123,94.13078050490269,95.22246551513672,1943700,0.0,0.0
2022-03-11 00:00:00-05:00,95.07692313431393,97.1147386578179,95.04963204661867,96.01395416259766,1652600,0.0,0.0
2022-03-14 00:00:00-04:00,97.22391900952705,98.13365903489293,95.90479180828719,96.16861724853516,2019700,0.0,0.0
2022-03-15 00:00:00-04:00,97.01466718676785,97.83343452548186,95.9229820289925,97.62419128417969,1776300,0.0,0.0
2022-03-16 00:00:00-04:00,97.70606577207751,98.20641854813235,94.62204809399132,96.5597915649414,2716200,0.0,0.0
2022-03-17 00:00:00-04:00,96.63257467075448,100.01680825768489,96.396040349957,99.63471221923828,2261800,0.0,0.0
2022-03-18 00:00:00-04:00,101.05391900106845,101.46329921720815,99.29812055583702,101.18128204345703,3946700,0.0,0.0
2022-03-21 00:00:00-04:00,101.69072910169625,103.29187333508632,100.89925979817271,102.05462646484375,1977900,0.0,0.0
2022-03-22 00:00:00-04:00,102.68233208569619,103.3009554174525,101.72710253463768,103.11900329589844,2316100,0.0,0.0
2022-03-23 00:00:00-04:00,103.20090549852567,104.2743989519975,102.58228203481708,103.71035766601562,1935200,0.0,0.0
2022-03-24 00:00:00-04:00,103.96508404081004,104.61099859519024,103.26458730855035,103.80133056640625,2185300,0.0,0.0
2022-03-25 00:00:00-04:00,103.89228479308449,106.20302477156505,103.83770262486308,106.13934326171875,1965300,0.0,0.0
2022-03-28 00:00:00-04:00,106.4395545733776,106.63969843608905,105.47523262478285,106.33038330078125,1836000,0.0,0.0
2022-03-29 00:00:00-04:00,106.50325111823537,106.7306860960176,104.50182609005756,105.70268249511719,1628700,0.0,0.0
2022-03-30 00:00:00-04:00,105.89372634941994,106.61242170739246,105.09315079078489,106.59422302246094,1650300,0.0,0.0
2022-03-31 00:00:00-04:00,106.45775892648552,106.96721798485724,103.67395708275414,103.70124816894531,3354100,0.0,0.0
2022-04-01 00:00:00-04:00,103.83771614894641,104.92030889809709,103.18270228192299,104.7929458618164,1735100,0.0,0.0
2022-04-04 00:00:00-04:00,104.62009793842523,105.59351944161301,103.63757709200245,103.80133056640625,2307000,0.0,0.0
2022-04-05 00:00:00-04:00,103.9104868397212,105.44794940818605,103.5374901694311,103.91958618164062,1946600,0.0,0.0
2022-04-06 00:00:00-04:00,104.0197425279461,106.48729690722725,103.88316059173728,106.41445922851562,2850300,0.1,0.0
2022-04-07 00:00:00-04:00,106.53282931117283,109.3463853149049,105.27629074836716,108.83648681640625,5093500,0.0,0.0
2022-04-08 00:00:00-04:00,108.90021968989241,109.41922548237962,107.41604693691744,107.9077377319336,3216000,0.0,0.0
2022-04-11 00:00:00-04:00,107.98056693424769,108.4358353812868,107.04271504484238,107.83488464355469,2851900,0.0,0.0
2022-04-12 00:00:00-04:00,106.87883609489798,107.34321193406709,104.69355273918858,104.98492431640625,2417300,0.0,0.0
2022-04-13 00:00:00-04:00,104.72085806884601,105.26717885732434,103.22757800514393,103.71926879882812,2208500,0.0,0.0
2022-04-14 00:00:00-04:00,102.23509663471981,103.14563366487847,100.95124303455613,102.08030700683594,3918300,0.0,0.0
2022-04-18 00:00:00-04:00,99.78573868537204,100.86017253915088,99.15747292840113,99.83126831054688,2221600,0.0,0.0
2022-04-19 00:00:00-04:00,99.75842700996591,101.47934130681307,99.14836891464881,101.20618438720703,2639100,0.0,0.0
2022-04-20 00:00:00-04:00,101.65234797286381,103.0454684418842,101.41560641275737,102.9271011352539,2147600,0.0,0.0
2022-04-21 00:00:00-04:00,103.42788792024444,105.81349720944755,102.80872946857866,102.90888214111328,2825000,0.0,0.0
2022-04-22 00:00:00-04:00,102.49914202294434,102.62661663750951,98.54741507773264,98.64756774902344,2263700,0.0,0.0
2022-04-25 00:00:00-04:00,98.51098503131978,100.96943177270835,97.43655125946476,100.66895294189453,2662100,0.0,0.0
2022-04-26 00:00:00-04:00,99.71291598173869,101.06961426413118,98.7113265991211,98.7113265991211,2502400,0.0,0.0
2022-04-27 00:00:00-04:00,99.0937492266572,99.52170275341426,97.15430085619187,97.3819351196289,3365400,0.0,0.0
2022-04-28 00:00:00-04:00,98.05572665688358,100.72360020610392,96.83560352793533,100.54148864746094,2696400,0.0,0.0
2022-04-29 00:00:00-04:00,99.84950240532913,99.89502509253329,97.62778964309999,97.75526428222656,2771100,0.0,0.0
2022-05-02 00:00:00-04:00,98.48367036732814,100.59611561012922,97.70970847684629,100.45953369140625,4227700,0.0,0.0
2022-05-03 00:00:00-04:00,100.65986517296231,103.12741953688352,100.48686092505169,102.18956756591797,3121800,0.0,0.0
2022-05-04 00:00:00-04:00,102.5173628711939,105.5403525386819,101.87088240091607,105.47660827636719,2960100,0.0,0.0
2022-05-05 00:00:00-04:00,104.69354971435257,105.31271516640682,101.57950782343036,102.35346984863281,2202900,0.0,0.0
2022-05-06 00:00:00-04:00,101.98013053611169,102.84513779317103,98.62024722670829,99.66736602783203,3653200,0.0,0.0
2022-05-09 00:00:00-04:00,99.70379196693158,100.32295734560459,98.21051198545757,99.02088928222656,2743700,0.0,0.0
2022-05-10 00:00:00-04:00,100.31385336861916,101.01497070514127,97.90092907968543,98.58383178710938,3449600,0.0,0.0
2022-05-11 00:00:00-04:00,98.12857574643057,100.28655107612718,97.77346684933254,98.21963500976562,2404400,0.0,0.0
2022-05-12 00:00:00-04:00,98.34708892105328,99.27583346851014,97.38191511846068,99.06641387939453,3275900,0.0,0.0
2022-05-13 00:00:00-04:00,99.75843527813694,99.90412453814506,97.51851500685913,98.17410278320312,2253000,0.0,0.0
2022-05-16 00:00:00-04:00,98.7841636208777,100.96034663691289,98.62937398803588,99.93144226074219,4149900,0.0,0.0
2022-05-17 00:00:00-04:00,100.11353628109856,101.40650404787701,97.71882656979957,101.24260711669922,2947200,0.0,0.0
2022-05-18 00:00:00-04:00,101.15156694761079,103.25491245237995,99.94965820782001,101.88910675048828,3544900,0.0,0.0
2022-05-19 00:00:00-04:00,100.87838982081622,101.39739560596885,98.91162666854585,100.54148864746094,3130400,0.0,0.0
2022-05-20 00:00:00-04:00,100.86018945860692,101.39740994903866,98.8934329749766,101.06050872802734,3812900,0.0,0.0
2022-05-23 00:00:00-04:00,102.39900631425755,103.61912969878733,101.38830952932477,102.83606719970703,2087600,0.0,0.0
2022-05-24 00:00:00-04:00,102.83604982035658,104.76638379217593,101.57950432882565,104.46591186523438,2698800,0.0,0.0
2022-05-25 00:00:00-04:00,104.24737207831978,106.31429481765103,103.61910631500406,105.27628326416016,4408200,0.0,0.0
2022-05-26 00:00:00-04:00,105.93186403252716,107.06093483737693,105.13059402795085,106.35981750488281,3339700,0.0,0.0
2022-05-27 00:00:00-04:00,106.55103779215884,109.61044269974272,106.16861391542238,109.57402038574219,3107900,0.0,0.0
2022-05-31 00:00:00-04:00,108.69989776611328,109.70149396099698,107.5981488985868,108.69989776611328,8747200,0.0,0.0
2022-06-01 00:00:00-04:00,108.39942810765811,108.68169234289482,106.70582880254639,107.8713150024414,2979400,0.0,0.0
2022-06-02 00:00:00-04:00,108.69989776611328,109.03679893592377,107.37962197736016,108.69989776611328,2131500,0.0,0.0
2022-06-03 00:00:00-04:00,107.8986428760569,109.05502189921313,107.65280092358469,108.45407104492188,1575400,0.0,0.0
2022-06-06 00:00:00-04:00,109.51027538674236,109.76523156685145,108.95485424104439,109.32817077636719,1992300,0.0,0.0
2022-06-07 00:00:00-04:00,108.62706989197558,110.50277394101555,108.28106137639611,110.34798431396484,3117500,0.0,0.0
2022-06-08 00:00:00-04:00,110.04749184074419,110.12033646101372,108.15357339480866,108.92752838134766,2159700,0.0,0.0
2022-06-09 00:00:00-04:00,108.76364936696422,109.18250252905496,105.13971574744608,105.20345306396484,2344600,0.0,0.0
2022-06-10 00:00:00-04:00,103.61910760001048,104.54785223160313,102.71767101855352,103.40057373046875,2020300,0.0,0.0
2022-06-13 00:00:00-04:00,101.72518545504245,104.65711543859483,101.47023622983708,103.38236236572266,2852700,0.0,0.0
2022-06-14 00:00:00-04:00,103.81942806110854,104.3657558310976,101.68877476679741,102.35346984863281,2595200,0.0,0.0
2022-06-15 00:00:00-04:00,102.93621396799757,104.11080062287677,101.12424027748787,102.49915313720703,2280000,0.0,0.0
2022-06-16 00:00:00-04:00,101.08781350009477,101.97103549125148,100.01337957479781,100.35028076171875,2304800,0.0,0.0
2022-06-17 00:00:00-04:00,100.3775882357771,101.14244286185179,99.12104978553809,99.7584228515625,4699600,0.0,0.0
2022-06-21 00:00:00-04:00,101.00586415173868,102.41719920312175,100.52328067968445,102.14403533935547,2918200,0.0,0.0
2022-06-22 00:00:00-04:00,101.40650540736713,103.18204972989199,101.15154921901475,101.84355926513672,2464000,0.0,0.0
2022-06-23 00:00:00-04:00,102.43541917388151,102.87248001896918,98.92074556914551,99.93144226074219,3162000,0.0,0.0
2022-06-24 00:00:00-04:00,101.41561337230175,105.95919821966856,100.71450290563942,105.61318969726562,10282200,0.0,0.0
2022-06-27 00:00:00-04:00,105.56766600363079,106.40535840813331,104.7026516527422,106.13219451904297,1938400,0.0,0.0
2022-06-28 00:00:00-04:00,106.75133878317268,107.77114256018562,104.95758006988007,105.09416198730469,3272300,0.0,0.0
2022-06-29 00:00:00-04:00,105.67693254085164,106.33252035775782,103.35506712729673,103.47343444824219,2177500,0.0,0.0
2022-06-30 00:00:00-04:00,102.94529578174604,105.98649252461861,102.20776314374372,105.86811828613281,3913800,0.0,0.0
2022-07-01 00:00:00-04:00,105.97740609283672,108.30837870462872,105.3491333089083,107.88043212890625,2895200,0.0,0.0
2022-07-05 00:00:00-04:00,106.9790030662892,107.33411198330039,104.52055564900446,106.66031646728516,2518100,0.0,0.0
2022-07-06 00:00:00-04:00,106.62385064131976,109.76788448168202,106.40513699703943,109.39424896240234,3466600,0.1,0.0
2022-07-07 00:00:00-04:00,110.1415270600187,111.3991392068208,109.42158740442068,109.92281341552734,3006900,0.0,0.0
2022-07-08 00:00:00-04:00,110.15063561537274,110.81589160575707,109.54004934188805,109.70408630371094,2802000,0.0,0.0
2022-07-11 00:00:00-04:00,109.25754075534478,110.20530906790043,109.15729556200269,109.64940643310547,2338300,0.0,0.0
2022-07-12 00:00:00-04:00,108.76543078187949,108.96592117021831,106.16818473471935,106.6694107055664,2484200,0.0,0.0
2022-07-13 00:00:00-04:00,106.21375987202472,108.39180203950261,105.92213936704638,107.00659942626953,3411000,0.0,0.0
2022-07-14 00:00:00-04:00,104.64629108318661,105.13840196092222,101.27442179931987,102.36800384521484,4881100,0.0,0.0
2022-07-15 00:00:00-04:00,104.98347695097539,106.36867953544233,103.65295799009343,105.78543853759766,7515800,0.0,0.0
2022-07-18 00:00:00-04:00,105.89481019219193,106.13175406128647,100.31756631670045,100.50894165039062,3808500,0.0,0.0
2022-07-19 00:00:00-04:00,101.39290505885083,102.37711993796756,100.70030373794678,102.03082275390625,3118700,0.0,0.0
2022-07-20 00:00:00-04:00,102.51381094776193,102.75986986382368,100.55448252615176,101.4657974243164,2801600,0.0,0.0
2022-07-21 00:00:00-04:00,101.11950670535757,102.17663539188189,99.71608083847943,101.42024230957031,3277400,0.0,0.0
2022-07-22 00:00:00-04:00,101.6845138018677,102.3133163277133,100.92812079899569,101.3291015625,1697900,0.0,0.0
2022-07-25 00:00:00-04:00,101.8576586363255,102.96035573313526,101.69362168374707,102.65050506591797,2247800,0.0,0.0
2022-07-26 00:00:00-04:00,102.65051848114695,103.33400471408397,102.0217089219548,102.60494995117188,1925900,0.0,0.0
2022-07-27 00:00:00-04:00,102.70519408956778,103.57094748064344,101.9579160940858,103.08795166015625,1464000,0.0,0.0
2022-07-28 00:00:00-04:00,103.87168925493097,104.5460604243551,101.71187015003598,104.06306457519531,2078900,0.0,0.0
2022-07-29 00:00:00-04:00,104.27266257086221,105.17486944364657,104.1997557008385,104.85590362548828,2750300,0.0,0.0
2022-08-01 00:00:00-04:00,104.34556666912538,104.84679269624692,102.4591449122577,103.21553802490234,2294000,0.0,0.0
2022-08-02 00:00:00-04:00,102.87833615357341,104.83766453435068,102.39534038005687,103.1517333984375,3281300,0.0,0.0
2022-08-03 00:00:00-04:00,103.58004966288529,104.80120823014535,101.44756928866948,104.57337951660156,2378400,0.0,0.0
2022-08-04 00:00:00-04:00,104.65540193521832,107.02482628626797,104.33644310420198,106.42335510253906,2628700,0.0,0.0
2022-08-05 00:00:00-04:00,106.15906690392806,107.89968163713239,105.74897799491399,107.79032135009766,1525700,0.0,0.0
2022-08-08 00:00:00-04:00,108.07283481486672,108.79277444792075,107.65363077905954,107.98170471191406,1574100,0.0,0.0
2022-08-09 00:00:00-04:00,108.70163900712602,109.57650046751723,108.46469518885938,109.04794311523438,1583800,0.0,0.0
2022-08-10 00:00:00-04:00,110.01394713831242,110.24177588670926,109.2119854941753,110.16886901855469,2189500,0.0,0.0
2022-08-11 00:00:00-04:00,110.56983926947301,111.31711721465906,109.59473259767194,109.77699279785156,2376700,0.0,0.0
2022-08-12 00:00:00-04:00,110.12327924844196,110.99814759199906,110.01392592008254,110.9708023071289,1619300,0.0,0.0
2022-08-15 00:00:00-04:00,110.20530768905394,111.34445127843357,109.65852015670787,111.18952941894531,1690000,0.0,0.0
2022-08-16 00:00:00-04:00,110.85234447578593,111.88212781532152,110.67919241896506,111.62696075439453,1916200,0.0,0.0
2022-08-17 00:00:00-04:00,111.6269701929007,116.12886842864896,111.29889624317434,115.79167938232422,4099900,0.0,0.0
2022-08-18 00:00:00-04:00,115.84634672655409,117.17686557886601,115.70964810791796,116.83968353271484,2241000,0.0,0.0
2022-08-19 00:00:00-04:00,116.73033422625832,116.81234923837059,115.82813432911527,116.1744384765625,2058700,0.0,0.0
2022-08-22 00:00:00-04:00,115.90102457731435,116.32934367545373,114.59784404485605,114.77099609375,1584400,0.0,0.0
2022-08-23 00:00:00-04:00,114.52493577244482,114.85300967535939,113.31288535072044,113.36756896972656,1757400,0.0,0.0
2022-08-24 00:00:00-04:00,113.09418751964358,114.60697372233673,112.8025670044328,114.351806640625,1567900,0.0,0.0
2022-08-25 00:00:00-04:00,114.8074632287819,115.28134395498567,114.2697837798696,115.2175521850586,1192200,0.0,0.0
2022-08-26 00:00:00-04:00,115.2175398661093,115.50916034785064,113.99637431878072,114.06017303466797,1827300,0.0,0.0
2022-08-29 00:00:00-04:00,113.8779100003649,115.04439196945336,112.9757101887701,113.93258666992188,1591900,0.0,0.0
2022-08-30 00:00:00-04:00,113.6318518391061,114.06017093469866,112.87545883849715,113.22175598144531,1526100,0.0,0.0
2022-08-31 00:00:00-04:00,113.57717334897332,113.99637736814124,111.69986688209504,111.77277374267578,2103900,0.0,0.0
2022-09-01 00:00:00-04:00,111.77279104327154,113.17621703916413,111.4902786529881,112.72966766357422,2382600,0.0,0.0
2022-09-02 00:00:00-04:00,113.38580761430026,114.29712259005149,111.05284350126719,111.55406951904297,1826500,0.0,0.0
2022-09-06 00:00:00-04:00,111.61785125732422,112.90280164219921,111.18041704905518,111.61785125732422,2219800,0.0,0.0
2022-09-07 00:00:00-04:00,111.82744860503175,116.0559491114664,111.14396244188673,115.91925048828125,2448800,0.0,0.0
2022-09-08 00:00:00-04:00,115.69143528416929,117.77835439991404,114.70722037836204,117.76012420654297,1998700,0.0,0.0
2022-09-09 00:00:00-04:00,117.05842205001818,117.55964813714223,116.09243026695995,117.26802062988281,2544300,0.0,0.0
2022-09-12 00:00:00-04:00,117.25889941372536,118.25222942666457,116.21088577287951,117.65077209472656,2445600,0.0,0.0
2022-09-13 00:00:00-04:00,116.41137057775482,117.34090877401111,115.29045707499817,115.47271728515625,3045000,0.0,0.0
2022-09-14 00:00:00-04:00,116.10151939226964,117.18597939296606,115.85546047625972,116.68475341796875,2941800,0.0,0.0
2022-09-15 00:00:00-04:00,116.77589899678344,117.6963221049414,115.73700049345837,115.81901550292969,2071300,0.0,0.0
2022-09-16 00:00:00-04:00,115.44537193879262,115.75521566780314,113.58628870638668,113.81411743164062,4036900,0.0,0.0
2022-09-19 00:00:00-04:00,113.22177578424792,116.06508114076519,112.82991004876108,116.00128936767578,1858400,0.0,0.0
2022-09-20 00:00:00-04:00,114.83478537961214,115.23575918287328,112.5473831755809,114.00548553466797,2049400,0.0,0.0
2022-09-21 00:00:00-04:00,114.6525398955157,114.8712605052774,110.5971908569336,110.5971908569336,2768200,0.0,0.0
2022-09-22 00:00:00-04:00,110.99817576482934,112.52918532547464,109.8590319534201,111.56318664550781,2280000,0.0,0.0
2022-09-23 00:00:00-04:00,111.14397142286968,111.39003035504192,109.79522917883573,110.75210571289062,2004200,0.0,0.0
2022-09-26 00:00:00-04:00,109.98659711782904,110.43313947047486,107.96347693452218,108.33711242675781,2435300,0.0,0.0
2022-09-27 00:00:00-04:00,109.08440051342782,109.84990871339731,107.79945000485331,108.53761291503906,2118300,0.0,0.0
2022-09-28 00:00:00-04:00,108.99326923370567,109.4033651426732,107.55338990963399,108.49205017089844,4193500,0.0,0.0
2022-09-29 00:00:00-04:00,108.3097756183319,108.63784954201925,106.76965814895733,107.89057159423828,2303500,0.0,0.0
2022-09-30 00:00:00-04:00,107.77209841000501,108.29154760749026,105.84010838373287,105.90390014648438,2814200,0.0,0.0
2022-10-03 00:00:00-04:00,106.99748632600105,109.95925976704667,106.06794122940786,109.81344604492188,2427900,0.0,0.0
2022-10-04 00:00:00-04:00,110.3875722686341,113.07595541806478,109.77699294913182,112.94837188720703,2425800,0.0,0.0
2022-10-05 00:00:00-04:00,112.07352818134807,112.64765416124567,111.25334324379286,111.49028015136719,2600600,0.0,0.0
2022-10-06 00:00:00-04:00,110.75150995419088,112.13783889203023,110.7423874005591,111.19841766357422,2750500,0.1,0.0
2022-10-07 00:00:00-04:00,111.21665565120168,111.97366055090953,110.19514542239168,111.23489379882812,2521800,0.0,0.0
2022-10-10 00:00:00-04:00,111.40820103900177,113.46033734032345,111.11634193226371,112.84925842285156,2571100,0.0,0.0
2022-10-11 00:00:00-04:00,112.47529908254724,114.29029750498482,111.81861441794469,112.59386444091797,2629500,0.0,0.0
2022-10-12 00:00:00-04:00,112.79451821575773,113.61537404181085,110.69678328081004,110.7241439819336,2225900,0.0,0.0
2022-10-13 00:00:00-04:00,103.5462389069516,112.13784809740754,100.36314935817826,111.65445709228516,7584800,0.0,0.0
2022-10-14 00:00:00-04:00,112.8583578127705,112.95868501866191,105.47066958053308,105.69868469238281,3681700,0.0,0.0
2022-10-17 00:00:00-04:00,106.47393239506951,109.65702829825092,106.33712193920309,109.07330322265625,2644000,0.0,0.0
2022-10-18 00:00:00-04:00,110.8883143868932,111.19841160879321,108.8088176141285,109.68439483642578,2615700,0.0,0.0
2022-10-19 00:00:00-04:00,109.67527050358916,111.83685630255492,109.54758259564713,110.5417251586914,2001400,0.0,0.0
2022-10-20 00:00:00-04:00,108.42574699791074,109.92152562347457,107.63225883636152,108.40750885009766,2502000,0.0,0.0
2022-10-21 00:00:00-04:00,109.07330736303169,111.72740664879476,108.23421340762026,111.68180084228516,2985100,0.0,0.0
2022-10-24 00:00:00-04:00,112.7945115308438,114.70983703914067,111.36257693633243,112.42057037353516,2607800,0.0,0.0
2022-10-25 00:00:00-04:00,111.1254514914325,111.79125873919814,109.69351673952299,111.37171173095703,2473200,0.0,0.0
2022-10-26 00:00:00-04:00,112.1196060180664,113.49681942553657,111.31699522244885,112.1196060180664,1893100,0.0,0.0
2022-10-27 00:00:00-04:00,112.97693940980766,115.4212618880718,112.80364568384896,113.44208526611328,2173600,0.0,0.0
2022-10-28 00:00:00-04:00,114.3358815470611,118.47662925015956,114.17171041216312,118.29421997070312,2483400,0.0,0.0
2022-10-31 00:00:00-04:00,117.68316887051381,118.08447772973514,116.78935344939124,117.10856628417969,2062900,0.0,0.0
2022-11-01 00:00:00-04:00,117.53723957306872,118.48579034620535,116.6981455303338,117.67405700683594,2443300,0.0,0.0
2022-11-02 00:00:00-04:00,117.38217507569556,118.85059293115414,116.22386138620948,116.49748229980469,2151700,0.0,0.0
2022-11-03 00:00:00-04:00,115.99585487209778,117.36393866603159,115.32093204928364,116.12354278564453,1786900,0.0,0.0
2022-11-04 00:00:00-04:00,117.56459736940229,117.89293971860914,113.86163382481016,115.485107421875,2818800,0.0,0.0
2022-11-07 00:00:00-05:00,115.48509950383814,116.34243161601262,114.91049695288797,116.10530090332031,2555800,0.0,0.0
2022-11-08 00:00:00-05:00,116.0779375520384,118.63171671102882,115.84992242550867,117.74701690673828,1903100,0.0,0.0
2022-11-09 00:00:00-05:00,117.74701634363909,118.7502745454088,116.27859142066292,116.47012329101562,1762100,0.0,0.0
2022-11-10 00:00:00-05:00,119.1242224343271,119.43431966419058,116.81671048321199,118.33073425292969,2488500,0.0,0.0
2022-11-11 00:00:00-05:00,118.49490073772633,119.47992776644419,114.1261300248377,115.12940216064453,3761100,0.0,0.0
2022-11-14 00:00:00-05:00,115.56718092453991,115.94112905602975,112.11047092001279,112.16519927978516,3874000,0.0,0.0
2022-11-15 00:00:00-05:00,112.84013010009515,113.33264362225053,111.23490161586314,112.23816680908203,4372000,0.0,0.0
2022-11-16 00:00:00-05:00,112.01926913944227,115.23884155682133,109.68439651100249,114.83753967285156,4295900,0.0,0.0
2022-11-17 00:00:00-05:00,114.41797620425233,117.3183355588812,114.27205015635059,116.76197814941406,2014400,0.0,0.0
2022-11-18 00:00:00-05:00,118.19392840621576,118.52227077498273,116.09619322628238,117.07209777832031,3370300,0.0,0.0
2022-11-21 00:00:00-05:00,117.20890308840312,118.69556632480246,116.54310274491682,118.39458465576172,1525500,0.0,0.0
2022-11-22 00:00:00-05:00,118.96916721470268,119.92683346970476,118.2851218778352,118.64994049072266,1546000,0.0,0.0
2022-11-23 00:00:00-05:00,118.56785394769526,119.81737226280097,118.4310504522229,119.56199645996094,1371700,0.0,0.0
2022-11-25 00:00:00-05:00,119.93594309795267,121.24018279523777,119.18804688671766,119.99979400634766,1029900,0.0,0.0
2022-11-28 00:00:00-05:00,119.7444198189049,120.83890357893826,118.52226205939866,118.58611297607422,1992800,0.0,0.0
2022-11-29 00:00:00-05:00,117.4186536843792,120.0909838118903,116.37889849053717,119.58934783935547,1751300,0.0,0.0
2022-11-30 00:00:00-05:00,119.18804061045668,120.94832433387857,117.7652286821825,120.52877044677734,4446500,0.0,0.0
2022-12-01 00:00:00-05:00,122.17961518642473,122.67212167042246,117.6831502556756,119.717041015625,2325600,0.0,0.0
2022-12-02 00:00:00-05:00,119.24278736420727,121.11250013937597,118.56785762608422,120.85712432861328,1253200,0.0,0.0
2022-12-05 00:00:00-05:00,120.15484002021967,120.44669210634576,118.81411014213964,119.717041015625,1198800,0.0,0.0
2022-12-06 00:00:00-05:00,119.71704419038021,120.08187670388403,118.78675259405458,119.45255279541016,1578100,0.0,0.0
2022-12-07 00:00:00-05:00,119.58936389373639,120.7112082875363,118.6043369200512,119.00564575195312,1783300,0.0,0.0
2022-12-08 00:00:00-05:00,119.01477110615517,120.76592547033545,118.95092019561102,119.64408111572266,1240200,0.0,0.0
2022-12-09 00:00:00-05:00,119.58938750661966,120.32815440351827,117.89295414758026,118.00241088867188,1313900,0.0,0.0
2022-12-12 00:00:00-05:00,118.11182899024254,118.79587433188487,117.56458715015344,118.51313781738281,2568200,0.0,0.0
2022-12-13 00:00:00-05:00,119.64408476412333,119.64408476412333,116.88054267671541,116.99911499023438,2566300,0.0,0.0
2022-12-14 00:00:00-05:00,115.97762043511655,117.35482682650887,115.15676456571308,115.44862365722656,3429600,0.0,0.0
2022-12-15 00:00:00-05:00,114.29030689583638,117.34571534794092,113.84339916844345,116.43365478515625,3067500,0.0,0.0
2022-12-16 00:00:00-05:00,115.89553529008641,116.260360906439,114.33591256468722,115.3300552368164,6129700,0.0,0.0
2022-12-19 00:00:00-05:00,115.42126228913492,117.18153242327588,114.57304572205378,115.8955307006836,2342200,0.0,0.0
2022-12-20 00:00:00-05:00,116.36067739479809,117.89293231693763,115.92288530385163,116.00497436523438,1743800,0.0,0.0
2022-12-21 00:00:00-05:00,116.56135359988473,118.23954185216905,116.5431084901809,117.76526641845703,1744600,0.0,0.0
2022-12-22 00:00:00-05:00,117.78349165078028,117.92029515811907,115.2114813357705,117.29098510742188,2248600,0.0,0.0
2022-12-23 00:00:00-05:00,117.36393875885425,118.18480156110867,116.43364706668025,118.05711364746094,1277700,0.0,0.0
2022-12-27 00:00:00-05:00,118.43102546802365,119.2883503870183,117.82906238106044,118.7228775024414,1625000,0.0,0.0
2022-12-28 00:00:00-05:00,119.28840527982052,120.41936548634148,118.28514692348152,118.31250762939453,1337800,0.0,0.0
2022-12-29 00:00:00-05:00,118.7502633455128,119.57112606983821,118.33072334775899,119.07860565185547,898000,0.0,0.0
2022-12-30 00:00:00-05:00,118.6043353176681,119.42519807645144,117.13591743001392,118.3033676147461,1591300,0.0,0.0
2023-01-03 00:00:00-05:00,117.99325855257527,118.759399924262,117.51899712836243,118.69554901123047,1502900,0.0,0.0
2023-01-04 00:00:00-05:00,118.89621192647473,120.04540319073945,118.34897003857382,119.6988296508789,1905000,0.0,0.0
2023-01-05 00:00:00-05:00,119.69883524588978,120.47468350741379,118.6947979577473,120.0548095703125,1624900,0.1,0.0
2023-01-06 00:00:00-05:00,121.51521385226762,123.0760188528554,121.09533995338019,122.8660888671875,2116300,0.0,0.0
2023-01-09 00:00:00-05:00,123.21294295106578,123.63280293036912,120.45641580836892,120.492919921875,2752300,0.0,0.0
2023-01-10 00:00:00-05:00,120.28298013900569,121.47868822659169,120.11869075027666,121.41480255126953,1500200,0.0,0.0
2023-01-11 00:00:00-05:00,121.39654206418359,121.76163887531128,119.92700441893619,120.71197509765625,2125700,0.0,0.0
2023-01-12 00:00:00-05:00,120.49291889265727,122.43709369960645,119.76272520835779,121.34178924560547,1795600,0.0,0.0
2023-01-13 00:00:00-05:00,121.21400337873646,122.47359722741886,120.64808517029196,121.98983764648438,1448500,0.0,0.0
2023-01-17 00:00:00-05:00,122.30929829887097,122.61050943613695,119.16029303116389,119.28807830810547,2293900,0.0,0.0
2023-01-18 00:00:00-05:00,118.57614682188081,119.3611176152401,116.85103837139447,117.04270935058594,1813200,0.0,0.0
2023-01-19 00:00:00-05:00,116.82363927325497,117.01531719888679,114.37745289830626,114.93423461914062,2305800,0.0,0.0
2023-01-20 00:00:00-05:00,115.50014780207653,117.10660034985462,114.84296235235932,116.49504852294922,2647000,0.0,0.0
2023-01-23 00:00:00-05:00,116.44027841520689,116.91490845391874,115.66443723612146,116.029541015625,2624500,0.0,0.0
2023-01-24 00:00:00-05:00,116.42204115252365,118.22929429684412,115.54578918486833,117.91896057128906,2447700,0.0,0.0
2023-01-25 00:00:00-05:00,117.28915852740691,123.67845120983375,117.28915852740691,123.65106964111328,3024500,0.0,0.0
2023-01-26 00:00:00-05:00,124.016145744361,124.47252371669181,122.61963026323272,123.13990783691406,2724400,0.0,0.0
2023-01-27 00:00:00-05:00,123.16729460179309,123.80622100452484,122.37320135322298,123.28595733642578,2215300,0.0,0.0
2023-01-30 00:00:00-05:00,123.58714294433594,124.21694674198758,122.80217231542298,123.58714294433594,2689800,0.0,0.0
2023-01-31 00:00:00-05:00,123.88835129466422,124.45426940917969,123.31332456284525,124.45426940917969,3002900,0.0,0.0
2023-02-01 00:00:00-05:00,123.65104246134344,127.03735903925293,123.54151621053657,125.94205474853516,3088000,0.0,0.0
2023-02-02 00:00:00-05:00,125.57698077025879,125.57698077025879,120.04568125902728,123.19468688964844,3763400,0.0,0.0
2023-02-03 00:00:00-05:00,123.59631069992166,125.36705981757898,122.89348458127812,124.41778564453125,2197000,0.0,0.0
2023-02-06 00:00:00-05:00,124.88329198002832,126.45321960453329,124.80113334892182,125.65912628173828,1598400,0.0,0.0
2023-02-07 00:00:00-05:00,124.73722721765583,126.87307272523849,124.43601609311725,126.5992431640625,1975200,0.0,0.0
2023-02-08 00:00:00-05:00,125.92380010479773,127.68541216685611,125.78687837412748,126.29801940917969,1748200,0.0,0.0
2023-02-09 00:00:00-05:00,126.73616770172471,127.33857603652909,125.15708989941156,125.21185302734375,1976800,0.0,0.0
2023-02-10 00:00:00-05:00,125.43092458990328,127.19255086646156,125.12971344642283,126.62663269042969,1723100,0.0,0.0
2023-02-13 00:00:00-05:00,126.90958230398834,128.31523427908883,126.87307819378148,127.5211410522461,1973200,0.0,0.0
2023-02-14 00:00:00-05:00,128.02314923417023,128.89027856055216,126.48972586708624,127.1195297241211,1662000,0.0,0.0
2023-02-15 00:00:00-05:00,127.05561399318108,129.62045575290625,127.05561399318108,129.5748291015625,2416200,0.0,0.0
2023-02-16 00:00:00-05:00,129.60221293532146,131.13563613465266,129.16408008332726,130.10421752929688,2426700,0.0,0.0
2023-02-17 00:00:00-05:00,130.00384576427274,130.45110127106724,128.62558905524898,129.17324829101562,3862500,0.0,0.0
2023-02-21 00:00:00-05:00,129.16409150321877,130.84357306258693,129.0819468090382,130.1407470703125,2638700,0.0,0.0
2023-02-22 00:00:00-05:00,130.52410956043573,131.21779911481045,129.57484943720974,130.05860900878906,1660000,0.0,0.0
2023-02-23 00:00:00-05:00,130.05861941276646,131.382112948951,129.24626705517298,129.93995666503906,1690500,0.0,0.0
2023-02-24 00:00:00-05:00,129.2827756365611,129.72089467226672,128.89029719213903,129.4379425048828,1764900,0.0,0.0
2023-02-27 00:00:00-05:00,129.70263296020718,130.43282661697933,128.72597735656998,129.32839965820312,1807600,0.0,0.0
2023-02-28 00:00:00-05:00,129.84863702300328,131.78368881848155,129.57482142097427,130.99871826171875,3618600,0.0,0.0
2023-03-01 00:00:00-05:00,130.4328339445558,131.11740098190137,129.21888065457543,129.8212890625,2346500,0.0,0.0
2023-03-02 00:00:00-05:00,129.22799373695034,130.25941245449684,128.61644889968196,129.83953857421875,1425700,0.0,0.0
2023-03-03 00:00:00-05:00,131.20868874293365,132.98856034384897,130.6519069675137,132.8972930908203,2536300,0.0,0.0
2023-03-06 00:00:00-05:00,132.65082473755785,133.718747534617,132.3861177109279,132.93377685546875,2349000,0.0,0.0
2023-03-07 00:00:00-05:00,133.2167249317644,133.572699186651,131.8567275124144,132.19444274902344,2086500,0.0,0.0
2023-03-08 00:00:00-05:00,133.08895663198004,133.38104525147097,130.14075850769723,131.21780395507812,1495500,0.0,0.0
2023-03-09 00:00:00-05:00,131.61028179529305,132.13968191412522,128.80811436195637,129.66610717773438,2671500,0.0,0.0
2023-03-10 00:00:00-05:00,128.68031571578865,130.21375278471396,128.1965562299343,128.3791046142578,2623100,0.0,0.0
2023-03-13 00:00:00-04:00,126.32540818133444,129.06367582047505,125.99681550753559,127.35682678222656,3646200,0.0,0.0
2023-03-14 00:00:00-04:00,128.72595624574151,129.57482642747524,126.75440026966537,129.4652862548828,3309700,0.0,0.0
2023-03-15 00:00:00-04:00,125.32138016747842,128.81723672132574,122.01719454144491,123.27680206298828,4091000,0.0,0.0
2023-03-16 00:00:00-04:00,126.57186898666204,131.04438160672498,125.41266500231796,130.4054412841797,4786000,0.0,0.0
2023-03-17 00:00:00-04:00,129.75738643356436,130.0768426527365,124.00702128541364,124.42689514160156,6382900,0.0,0.0
2023-03-20 00:00:00-04:00,124.69159535557456,127.64892975348423,124.34474362532715,126.93698120117188,2293300,0.0,0.0
2023-03-21 00:00:00-04:00,129.06367311280064,129.27361698856586,127.42984625051183,127.9957504272461,2451100,0.0,0.0
2023-03-22 00:00:00-04:00,127.88621825901605,128.44299986528057,124.70983191104808,124.76459503173828,2215900,0.0,0.0
2023-03-23 00:00:00-04:00,124.69158953196005,125.94206071305884,124.21695254340234,125.8051528930664,2445400,0.0,0.0
2023-03-24 00:00:00-04:00,124.76463064650554,128.26048809980986,123.92489672526922,128.17832946777344,3227300,0.0,0.0
2023-03-27 00:00:00-04:00,128.9815465938797,129.97644727940622,127.67631221466524,128.80812072753906,3181800,0.0,0.0
2023-03-28 00:00:00-04:00,128.82637298487455,130.6062442847184,128.7716098568102,130.38719177246094,2021200,0.0,0.0
2023-03-29 00:00:00-04:00,130.98959513883895,132.10315845906595,130.61537580208056,131.87496948242188,2041400,0.0,0.0
2023-03-30 00:00:00-04:00,131.95714071117968,132.34961910329594,129.99470696794492,131.24517822265625,2122900,0.0,0.0
2023-03-31 00:00:00-04:00,131.60117033422293,132.20359271437786,129.9673430120424,130.57888793945312,2344500,0.0,0.0
2023-04-03 00:00:00-04:00,130.28679796782856,132.78774052325628,130.28679796782856,132.44090270996094,1968800,0.0,0.0
2023-04-04 00:00:00-04:00,132.05754070236824,132.7695032458955,130.04035759962318,131.69244384765625,1578800,0.0,0.0
2023-04-05 00:00:00-04:00,131.19922411717195,134.2590835117461,131.19922411717195,133.74757385253906,2225600,0.1,0.0
2023-04-06 00:00:00-04:00,133.7841092030265,135.0445906832219,133.73843695832724,134.5330810546875,1902900,0.0,0.0
2023-04-10 00:00:00-04:00,134.67007089245615,136.16802823381818,134.5878692307422,136.09495544433594,2108600,0.0,0.0
2023-04-11 00:00:00-04:00,135.31856984021027,136.8895999778935,134.33212202092972,135.74786376953125,2769200,0.0,0.0
2023-04-12 00:00:00-04:00,135.38250165106845,136.862187184877,134.9532077601374,135.3185577392578,2965100,0.0,0.0
2023-04-13 00:00:00-04:00,128.68740115658315,129.38157191676262,124.17525637238455,126.2395248413086,7196100,0.0,0.0
2023-04-14 00:00:00-04:00,126.04769671481712,126.95195694777615,123.38060219592552,124.08391571044922,4298900,0.0,0.0
2023-04-17 00:00:00-04:00,125.07948962571568,126.50437420996825,124.22090175130455,126.42217254638672,2988700,0.0,0.0
2023-04-18 00:00:00-04:00,126.01115758740714,126.86973157432048,125.39917466830636,126.5957260131836,2143100,0.0,0.0
2023-04-19 00:00:00-04:00,127.19856883344899,128.61432481253883,126.70534482163566,126.87889099121094,2044100,0.0,0.0
2023-04-20 00:00:00-04:00,126.91543404570187,127.79229386184585,125.51794960217082,126.40393829345703,2235000,0.0,0.0
2023-04-21 00:00:00-04:00,125.85587217171673,126.40391118141099,124.21178301705585,125.15257263183594,2358500,0.0,0.0
2023-04-24 00:00:00-04:00,125.39918697065374,125.60013369334187,123.36233312218266,123.67288208007812,2139700,0.0,0.0
2023-04-25 00:00:00-04:00,123.30752677953215,124.45839201207833,122.54941216464447,123.18878173828125,1982900,0.0,0.0
2023-04-26 00:00:00-04:00,122.32105863555158,123.17964656360517,121.672560221612,122.24798583984375,1648800,0.0,0.0
2023-04-27 00:00:00-04:00,120.93269284968113,123.50845640930962,120.86876286976633,123.04263305664062,1918100,0.0,0.0
2023-04-28 00:00:00-04:00,122.67727069710519,124.66846590500062,122.34845010943482,124.58625030517578,2188000,0.0,0.0
2023-05-01 00:00:00-04:00,124.47666644587491,125.44485666979911,123.71855181424084,124.12044525146484,1774100,0.0,0.0
2023-05-02 00:00:00-04:00,123.30751205505008,123.84640820724923,114.53897925818973,117.19693756103516,6751900,0.0,0.0
2023-05-03 00:00:00-04:00,115.91819570194272,116.3474826574535,110.27345167750208,114.21929168701172,8019200,0.0,0.0
2023-05-04 00:00:00-04:00,113.41551129420823,115.7446560488325,112.09110002187998,115.17835235595703,4909900,0.0,0.0
2023-05-05 00:00:00-04:00,115.93647326019156,118.87758016950522,115.66245375570507,118.30215454101562,3124100,0.0,0.0
2023-05-08 00:00:00-04:00,118.83189804371648,123.31662682132277,118.11945583720436,122.47631072998047,4254400,0.0,0.0
2023-05-09 00:00:00-04:00,122.36674015650684,125.39918475373295,122.19319399568865,123.9468994140625,3595100,0.0,0.0
2023-05-10 00:00:00-04:00,123.35317985842667,124.04735043950559,121.42592862622688,122.7412109375,2644600,0.0,0.0
2023-05-11 00:00:00-04:00,121.80955765844158,122.7138177862897,120.04670964021021,122.33932495117188,2037800,0.0,0.0
2023-05-12 00:00:00-04:00,123.32578850360903,123.78248301035318,121.60861269834373,121.87348937988281,2155900,0.0,0.0
2023-05-15 00:00:00-04:00,122.20231253079098,122.40325923292602,119.62656270638533,120.56735229492188,2204900,0.0,0.0
2023-05-16 00:00:00-04:00,120.39381271088958,120.76830557957226,118.16514112007044,118.5213623046875,2927900,0.0,0.0
2023-05-17 00:00:00-04:00,120.37553832152673,125.95634604657968,120.32073720777282,124.76895141601562,4312200,0.0,0.0
2023-05-18 00:00:00-04:00,125.1343116476768,125.44486060902479,122.84170993342596,124.32139587402344,3451200,0.0,0.0
2023-05-19 00:00:00-04:00,124.67761008788322,125.05210295762005,123.0335069476337,123.3623275756836,4874500,0.0,0.0
2023-05-22 00:00:00-04:00,123.94687980932646,124.91506988263434,123.15223586938687,123.88294982910156,2857100,0.0,0.0
2023-05-23 00:00:00-04:00,123.31663001641685,123.62719283380085,121.67254115091916,121.8004150390625,2989000,0.0,0.0
2023-05-24 00:00:00-04:00,121.34373749641014,121.69995865852576,119.59916111444453,120.11065673828125,1928800,0.0,0.0
2023-05-25 00:00:00-04:00,119.69963891033433,120.21113455316821,117.65364240178783,117.76324462890625,2584300,0.0,0.0
2023-05-26 00:00:00-04:00,117.85459789738789,120.36641799569064,117.15128436744375,117.36137390136719,3149700,0.0,0.0
2023-05-30 00:00:00-04:00,117.3065364404322,117.3430798033572,115.51630189896893,116.97772979736328,4230100,0.0,0.0
2023-05-31 00:00:00-04:00,116.50276815210329,117.74497773268803,116.35662256916157,116.83158874511719,6673400,0.0,0.0
2023-06-01 00:00:00-04:00,117.16040885186429,117.36135554327265,115.23315753860034,117.2152099609375,2978900,0.0,0.0
2023-06-02 00:00:00-04:00,117.44356588639847,118.60357388394658,117.16041751045458,118.28388214111328,1726300,0.0,0.0
2023-06-05 00:00:00-04:00,118.42087280477307,119.20638786597533,117.81804668489973,117.85457611083984,1576200,0.0,0.0
2023-06-06 00:00:00-04:00,118.10122775782733,118.6127234859816,117.33398416559594,118.55792236328125,1514900,0.0,0.0
2023-06-07 00:00:00-04:00,118.60355117340357,119.81834611425168,117.3704706154013,119.50779724121094,1982100,0.0,0.0
2023-06-08 00:00:00-04:00,119.50783236908619,120.43036432521478,118.36609593800608,119.72705078125,1534200,0.0,0.0
2023-06-09 00:00:00-04:00,119.51696376719923,120.78657399983167,119.48042040005545,119.5626220703125,1673100,0.0,0.0
2023-06-12 00:00:00-04:00,119.52607064236965,119.93709285521986,118.71315508816959,119.37079620361328,1833200,0.0,0.0
2023-06-13 00:00:00-04:00,119.1698696232123,121.12452161885965,119.11506851055474,120.27506256103516,1529500,0.0,0.0
2023-06-14 00:00:00-04:00,117.81804842181607,118.0829250911128,115.34275817729575,115.93646240234375,4474900,0.0,0.0
2023-06-15 00:00:00-04:00,116.61238927135531,117.47097728878629,115.99128438039365,117.24263000488281,2681600,0.0,0.0
2023-06-16 00:00:00-04:00,117.88197869039824,119.50780994825756,117.3978836494182,118.73143768310547,3355900,0.0,0.0
2023-06-20 00:00:00-04:00,117.94592432875322,118.60356551424475,117.40701423424635,118.2656021118164,2151800,0.0,0.0
2023-06-21 00:00:00-04:00,118.13771060583214,119.38906280860542,117.07817619407929,119.28858947753906,2034300,0.0,0.0
2023-06-22 00:00:00-04:00,119.96451517111734,120.43948138226447,119.3434173034111,120.34813690185547,1598000,0.0,0.0
2023-06-23 00:00:00-04:00,120.4303290469501,121.9374151196126,119.94623405695752,121.27064514160156,3616700,0.0,0.0
2023-06-26 00:00:00-04:00,120.87791921627903,121.215882685934,120.2385495857614,120.52169799804688,1641300,0.0,0.0
2023-06-27 00:00:00-04:00,121.06973359604903,122.08359610146324,120.53083734703748,121.16106414794922,1268500,0.0,0.0
2023-06-28 00:00:00-04:00,120.63130251547209,120.83223529088768,119.29774832596735,120.28421020507812,1544400,0.0,0.0
2023-06-29 00:00:00-04:00,120.39381941483413,121.17933462685959,120.2568166197416,120.63130950927734,1959900,0.0,0.0
2023-06-30 00:00:00-04:00,120.97838438546832,121.44422174966421,120.01932303606631,120.90531158447266,2421100,0.0,0.0
2023-07-03 00:00:00-04:00,120.61302300927973,121.59948482441506,119.7270345439418,121.10624694824219,1131800,0.0,0.0
2023-07-05 00:00:00-04:00,119.78182286848671,120.80481400288437,119.25205562039967,120.04669952392578,1864400,0.0,0.0
2023-07-06 00:00:00-04:00,119.45252682379868,120.52201770376371,119.26971275765582,120.35747528076172,1834600,0.1,0.0
2023-07-07 00:00:00-04:00,119.83648413039265,120.2386695962396,118.43793595420142,119.98272705078125,1682700,0.0,0.0
2023-07-10 00:00:00-04:00,120.06501352573625,120.6408773187675,118.84927937716691,119.81820678710938,1737000,0.0,0.0
2023-07-11 00:00:00-04:00,120.09243923939712,121.34473067838636,120.07415364200209,120.81455993652344,1973900,0.0,0.0
2023-07-12 00:00:00-04:00,121.48181753719163,122.54215884414916,120.19296906609893,120.75969696044922,2624000,0.0,0.0
2023-07-13 00:00:00-04:00,111.97535881020262,114.25142741618002,104.7175251585263,104.91862487792969,15043100,0.0,0.0
2023-07-14 00:00:00-04:00,104.3884605129432,107.29524987510437,101.83817056755161,106.75594329833984,10076700,0.0,0.0
2023-07-17 00:00:00-04:00,107.85282165156991,112.12160130746653,107.67915034937799,111.47259521484375,6039000,0.0,0.0
2023-07-18 00:00:00-04:00,110.80531131716884,111.74681712682893,109.35191350479137,109.51644897460938,4844400,0.0,0.0
2023-07-19 00:00:00-04:00,109.21482064325899,109.92780544732182,107.532901513498,108.06307220458984,2946800,0.0,0.0
2023-07-20 00:00:00-04:00,108.8491837916835,113.40132069035235,108.54753423333847,113.3099136352539,3542100,0.0,0.0
2023-07-21 00:00:00-04:00,113.51100026754821,114.06859230551453,111.60970305526668,113.70295715332031,3288600,0.0,0.0
2023-07-24 00:00:00-04:00,113.62982830124214,115.44886125874966,113.62982830124214,114.47992706298828,2699600,0.0,0.0
2023-07-25 00:00:00-04:00,112.78890088896105,113.06312906497591,111.39949533280256,112.9351577758789,3679500,0.0,0.0
2023-07-26 00:00:00-04:00,113.75780393091492,116.21669326644813,113.1819332536248,115.38488006591797,2811000,0.0,0.0
2023-07-27 00:00:00-04:00,115.64084337489587,115.75967186092724,113.81267419582385,114.54393768310547,2301200,0.0,0.0
2023-07-28 00:00:00-04:00,115.54942785997852,115.54942785997852,113.55672332157066,114.2879867553711,1876100,0.0,0.0
2023-07-31 00:00:00-04:00,114.10518102657994,116.0064786472379,114.10518102657994,115.15637969970703,2898200,0.0,0.0
2023-08-01 00:00:00-04:00,115.5585565251542,116.94796881895061,114.3611081062714,116.47264099121094,2729300,0.0,0.0
2023-08-02 00:00:00-04:00,116.58234231970575,118.83098943679416,113.76696028084908,114.58963775634766,3446000,0.0,0.0
2023-08-03 00:00:00-04:00,114.76331859591674,118.79443482834867,114.00462674201647,117.77980041503906,3886200,0.0,0.0
2023-08-04 00:00:00-04:00,117.61524847109864,117.61524847109864,115.4854299570905,115.66825103759766,2187400,0.0,0.0
2023-08-07 00:00:00-04:00,116.50006797626506,117.30446680813584,115.17464822671266,116.69203186035156,1473000,0.0,0.0
2023-08-08 00:00:00-04:00,116.3081038923982,116.46350354964112,115.1837839201597,115.63168334960938,1778600,0.0,0.0
2023-08-09 00:00:00-04:00,115.57684051405947,116.76514611907649,115.4397264512738,115.63168334960938,1617600,0.0,0.0
2023-08-10 00:00:00-04:00,115.89677626242857,117.07594612129472,114.95527032968333,115.30261993408203,1871100,0.0,0.0
2023-08-11 00:00:00-04:00,115.48543299613274,117.21305215239921,115.48543299613274,116.85655975341797,1188700,0.0,0.0
2023-08-14 00:00:00-04:00,116.83828638512587,117.31360728050181,114.76331753432711,115.10152435302734,2230700,0.0,0.0
2023-08-15 00:00:00-04:00,114.6444735782876,115.61340786740689,113.40131813006411,114.30626678466797,2866600,0.0,0.0
2023-08-16 00:00:00-04:00,121.59151948848742,125.43980727690148,120.20210719573964,124.4434585571289,6249900,0.0,0.0
2023-08-17 00:00:00-04:00,124.79082466930494,125.48552389494311,123.3191480095029,123.59337615966797,2207200,0.0,0.0
2023-08-18 00:00:00-04:00,122.85297602008855,123.78534630368802,122.25882655428201,122.42335510253906,2549200,0.0,0.0
2023-08-21 00:00:00-04:00,122.54216804665445,123.18202441862066,120.76884185304611,120.82368469238281,2016700,0.0,0.0
2023-08-22 00:00:00-04:00,120.86940121575495,121.15276520650012,118.57505392014424,119.31546020507812,2181800,0.0,0.0
2023-08-23 00:00:00-04:00,119.1783412880544,119.37944099339887,118.20026418044054,119.1874771118164,2855400,0.0,0.0
2023-08-24 00:00:00-04:00,119.09603462868472,121.54578775039823,119.09603462868472,120.56771087646484,1519100,0.0,0.0
2023-08-25 00:00:00-04:00,120.54030212291684,122.24964938946441,120.28435961362578,121.1893081665039,1447300,0.0,0.0
2023-08-28 00:00:00-04:00,121.20760042732171,121.4726787737341,119.49825306673887,120.27523040771484,1037000,0.0,0.0
2023-08-29 00:00:00-04:00,120.52205942425215,120.98823754646374,119.0778040904807,120.88768768310547,1485400,0.0,0.0
2023-08-30 00:00:00-04:00,121.07964217000736,122.81639718624761,120.54032170057354,122.5147476196289,1408300,0.0,0.0
2023-08-31 00:00:00-04:00,122.85296060733941,122.90781739770166,121.7469260886145,122.00286865234375,2879600,0.0,0.0
2023-09-01 00:00:00-04:00,122.82552983141194,124.2149421771384,121.95715234576636,123.84016418457031,1357800,0.0,0.0
2023-09-05 00:00:00-04:00,124.04126627949276,124.16923755407556,121.71949774125548,122.04856872558594,2286000,0.0,0.0
2023-09-06 00:00:00-04:00,122.2405381946774,123.55682234231011,122.03943845279879,123.25517272949219,1641500,0.0,0.0
2023-09-07 00:00:00-04:00,124.04127175625288,126.48187585287023,123.64822209118823,125.60436248779297,2188300,0.0,0.0
2023-09-08 00:00:00-04:00,125.55866370990282,126.05226326667251,124.03214407129592,124.09612274169922,1619400,0.0,0.0
2023-09-11 00:00:00-04:00,124.38864900526849,126.58244673004522,124.38864900526849,125.4672622680664,1549800,0.0,0.0
2023-09-12 00:00:00-04:00,125.7963174695365,128.1638071703482,125.7963174695365,126.73782348632812,2389000,0.0,0.0
2023-09-13 00:00:00-04:00,127.29539902093234,127.89869812216392,126.91148521500921,127.213134765625,2302800,0.0,0.0
2023-09-14 00:00:00-04:00,127.97183077034086,128.14550905803796,126.39960430505086,127.57878112792969,2429300,0.0,0.0
2023-09-15 00:00:00-04:00,123.12719679272658,127.71590553778414,122.79812576822395,126.82010650634766,4508000,0.0,0.0
2023-09-18 00:00:00-04:00,126.98463588659166,128.87679777698287,126.50930797075323,128.48373413085938,1713000,0.0,0.0
2023-09-19 00:00:00-04:00,129.22410063073605,130.39412748775027,128.36485910653053,130.22959899902344,1877300,0.0,0.0
2023-09-20 00:00:00-04:00,130.50383826716865,131.60073679604753,130.26616738823353,130.4307098388672,1637100,0.0,0.0
2023-09-21 00:00:00-04:00,130.93346042772433,131.91152352730722,129.7542836873547,130.16561889648438,3993900,0.0,0.0
2023-09-22 00:00:00-04:00,130.27533804742777,131.33566555825743,129.92798144425626,130.95175170898438,1679700,0.0,0.0
2023-09-25 00:00:00-04:00,130.56785861244157,130.75067276765364,128.69398213890946,130.18394470214844,1889600,0.0,0.0
2023-09-26 00:00:00-04:00,130.25704229703805,130.65924171192265,128.58426597485317,128.6573944091797,1848600,0.0,0.0
2023-09-27 00:00:00-04:00,128.291750955917,128.629957720184,127.0851528544979,128.53854370117188,1979200,0.0,0.0
2023-09-28 00:00:00-04:00,129.00476066283173,129.6629026733197,128.06325466546048,128.34661865234375,1641500,0.0,0.0
2023-09-29 00:00:00-04:00,128.05411383136592,128.42889188113043,126.91150803171173,127.33199310302734,2434900,0.0,0.0
2023-10-02 00:00:00-04:00,126.9571831579278,127.55133244535052,125.76887063526117,127.03031158447266,1795700,0.0,0.0
2023-10-03 00:00:00-04:00,127.97181896376398,130.11992293264143,126.60069233200937,127.4233627319336,2105700,0.0,0.0
2023-10-04 00:00:00-04:00,127.52399870848656,130.19503975965736,126.86538431692831,130.03953552246094,2161100,0.1,0.0
2023-10-05 00:00:00-04:00,130.1676100635313,131.44824151610138,129.64620114209032,130.35055541992188,1936100,0.0,0.0
2023-10-06 00:00:00-04:00,130.62497313861104,131.56715493135016,129.90232017814654,130.6798553466797,2207200,0.0,0.0
2023-10-09 00:00:00-04:00,130.37801941808667,131.15555476656624,129.82916929470835,131.0457763671875,1369200,0.0,0.0
2023-10-10 00:00:00-04:00,131.26526710228677,131.96962122419956,129.7467944604919,130.12184143066406,2391400,0.0,0.0
2023-10-11 00:00:00-04:00,129.97549438988642,131.90559770160192,129.95720962669878,131.59458923339844,3099200,0.0,0.0
2023-10-12 00:00:00-04:00,132.06111702464986,132.26236110538323,130.68900590574194,131.0823516845703,2403700,0.0,0.0
2023-10-13 00:00:00-04:00,137.21111084085038,142.13242048284974,136.8818036165189,141.73907470703125,6481300,0.0,0.0
2023-10-16 00:00:00-04:00,142.73610678971878,144.68450859372453,141.62013617939962,143.66000366210938,4257800,0.0,0.0
2023-10-17 00:00:00-04:00,144.75772738993876,145.43464058707303,144.08081419280447,145.38890075683594,2720400,0.0,0.0
2023-10-18 00:00:00-04:00,146.35849241086578,147.27323298843368,144.9772391635583,145.6083984375,2898100,0.0,0.0
2023-10-19 00:00:00-04:00,145.42547191605385,146.81588168192079,144.11739942076719,144.34608459472656,2587000,0.0,0.0
2023-10-20 00:00:00-04:00,144.89491756810756,145.10531797333454,141.4097578240491,141.63844299316406,3051900,0.0,0.0
2023-10-23 00:00:00-04:00,141.78480364548668,141.78480364548668,140.21144857872932,140.39439392089844,1844200,0.0,0.0
2023-10-24 00:00:00-04:00,140.9066270230772,143.07457160009514,140.39437455253838,142.9190673828125,1683200,0.0,0.0
2023-10-25 00:00:00-04:00,144.36438321486133,144.5290298402348,142.74528827617874,143.09288024902344,2219000,0.0,0.0
2023-10-26 00:00:00-04:00,143.32156590558552,143.99847904712794,140.30293276755432,140.74200439453125,2754000,0.0,0.0
2023-10-27 00:00:00-04:00,139.955371680022,140.23893915409317,138.6290000340996,140.01025390625,2147600,0.0,0.0
2023-10-30 00:00:00-04:00,140.5315946271786,142.1232342450967,140.15654765322867,141.95858764648438,2253000,0.0,0.0
2023-10-31 00:00:00-04:00,141.90371892532235,144.9406505701252,141.51952953423591,144.61134338378906,2353300,0.0,0.0
2023-11-01 00:00:00-04:00,145.4437776100096,146.92565314179274,144.44671355363295,146.00177001953125,2264400,0.0,0.0
2023-11-02 00:00:00-04:00,145.17853147664096,146.98971451421957,143.55027986599728,145.23341369628906,2996800,0.0,0.0
2023-11-03 00:00:00-04:00,145.5443897198361,145.5443897198361,142.34279734936703,142.8916473388672,4047000,0.0,0.0
2023-11-06 00:00:00-05:00,143.89785067001006,144.9863942862328,143.48622016549623,144.73941040039062,2067300,0.0,0.0
2023-11-07 00:00:00-05:00,145.44378447982692,145.44378447982692,143.79724827905397,145.0870361328125,1874700,0.0,0.0
2023-11-08 00:00:00-05:00,144.66624923123405,145.55354890726622,143.97105126105734,145.0870361328125,1757100,0.0,0.0
2023-11-09 00:00:00-05:00,145.63589170500723,147.5293979392789,145.47123109977127,146.67869567871094,2274600,0.0,0.0
2023-11-10 00:00:00-05:00,147.24582231566006,147.93187789060744,146.41340486817654,146.71527099609375,2988100,0.0,0.0
2023-11-13 00:00:00-05:00,147.4470655401723,148.1697046001169,145.93773490939745,148.1148223876953,2908100,0.0,0.0
2023-11-14 00:00:00-05:00,147.2641164865791,147.64830592173217,145.60842402564194,145.9285888671875,3080400,0.0,0.0
2023-11-15 00:00:00-05:00,145.69989060761642,145.9285757716738,142.90992881454932,144.22715759277344,3421700,0.0,0.0
2023-11-16 00:00:00-05:00,144.67535199326505,146.44995068812764,144.67535199326505,146.3035888671875,2781300,0.0,0.0
2023-11-17 00:00:00-05:00,146.212132237484,147.11773044443308,144.0807849924829,144.13568115234375,2402500,0.0,0.0
2023-11-20 00:00:00-05:00,144.5290257874004,146.88905838975512,144.2363020733867,145.76393127441406,2019100,0.0,0.0
2023-11-21 00:00:00-05:00,146.46827665506697,148.96552881975904,146.4225507862611,148.01419067382812,1954600,0.0,0.0
2023-11-22 00:00:00-05:00,147.59341867236193,149.11187763817898,147.27325384174569,148.74598693847656,1518600,0.0,0.0
2023-11-24 00:00:00-05:00,149.23078603915377,150.10894318669116,149.23078603915377,149.76133728027344,680000,0.0,0.0
2023-11-27 00:00:00-05:00,149.89854931104767,150.45654167874847,149.1027293936745,150.39251708984375,1692900,0.0,0.0
2023-11-28 00:00:00-05:00,150.27363103887467,150.68526164437287,148.7185743304158,149.34059143066406,1656000,0.0,0.0
2023-11-29 00:00:00-05:00,148.90150858983512,149.79795067938204,148.19715425484398,149.10275268554688,1519900,0.0,0.0
2023-11-30 00:00:00-05:00,149.14849502914802,150.43828294851681,148.81003143093173,150.04493713378906,3561700,0.0,0.0
2023-12-01 00:00:00-05:00,150.16385172039043,150.7950250999385,148.40755107520792,148.60879516601562,2630000,0.0,0.0
2023-12-04 00:00:00-05:00,148.12395689876945,149.6332874493343,147.8038060240452,149.477783203125,1569700,0.0,0.0
2023-12-05 00:00:00-05:00,149.47776001208217,150.33761838181718,148.7002249438324,149.5875244140625,1419200,0.0,0.0
2023-12-06 00:00:00-05:00,149.1485054006986,150.28277517504378,146.925677772551,147.7215118408203,2146300,0.0,0.0
2023-12-07 00:00:00-05:00,148.50814768150923,149.06614002719562,147.88611679160968,147.92271423339844,2623000,0.0,0.0
2023-12-08 00:00:00-05:00,148.01417488325862,148.50814262574977,146.19385001451803,147.42874145507812,2614600,0.0,0.0
2023-12-11 00:00:00-05:00,148.98381304222036,150.35592408945493,148.4441193801886,149.48692321777344,2060600,0.0,0.0
2023-12-12 00:00:00-05:00,149.20336720169414,151.07858856734597,148.92894217977303,151.0511474609375,2204000,0.0,0.0
2023-12-13 00:00:00-05:00,151.21577862658935,151.4536201349081,146.6054917698297,146.8616180419922,2742700,0.0,0.0
2023-12-14 00:00:00-05:00,146.53231265236798,147.09944741090504,139.79067826633218,140.45843505859375,5633800,0.0,0.0
2023-12-15 00:00:00-05:00,138.747856650083,143.00140909504213,136.424421514443,140.3303680419922,6746500,0.0,0.0
2023-12-18 00:00:00-05:00,141.65675056535596,143.4039087164341,141.26340479182844,142.69955444335938,2346800,0.0,0.0
2023-12-19 00:00:00-05:00,142.1141065778711,144.38265945989696,141.55611422841503,144.23629760742188,2776000,0.0,0.0
2023-12-20 00:00:00-05:00,144.10825619869067,144.23631934945186,142.2787746404815,142.2970733642578,1716000,0.0,0.0
2023-12-21 00:00:00-05:00,141.7207600622118,143.21179176567756,141.2176638785853,143.13861083984375,1139200,0.0,0.0
2023-12-22 00:00:00-05:00,143.54108479227594,144.7028091937993,143.01968993916944,144.30946350097656,1006000,0.0,0.0
2023-12-26 00:00:00-05:00,144.31864712576038,144.43755392788643,143.36730896173808,143.96189880371094,1066700,0.0,0.0
2023-12-27 00:00:00-05:00,143.4130564945432,144.48330151819368,142.75444202493733,144.21803283691406,1217600,0.0,0.0
2023-12-28 00:00:00-05:00,144.52903361964042,145.60842096843103,144.1722852975003,144.8400421142578,1139700,0.0,0.0
2023-12-29 00:00:00-05:00,144.95896762201355,146.19387321639473,144.6205180113646,145.6999053955078,1637500,0.0,0.0
2024-01-02 00:00:00-05:00,146.17555604656113,147.9135576673353,145.75476921364154,147.8495330810547,1912200,0.0,0.0
2024-01-03 00:00:00-05:00,148.42582235139406,151.2157843041682,148.29775921050455,149.25823974609375,2208600,0.0,0.0
2024-01-04 00:00:00-05:00,150.6395105533416,152.1031014389113,149.06616919443434,149.10275268554688,1937200,0.0,0.0
2024-01-05 00:00:00-05:00,150.30104010395274,150.53888161567625,147.78550321376153,148.83746337890625,1545000,0.0,0.0
2024-01-08 00:00:00-05:00,149.505217603912,151.39872353610497,148.50815362171934,151.27066040039062,1994200,0.0,0.0
2024-01-09 00:00:00-05:00,151.8012244116854,152.60620073681824,150.16384461342963,152.4598388671875,1927800,0.0,0.0
2024-01-10 00:00:00-05:00,151.9201516242852,153.87769635072365,150.17299337072396,151.39874267578125,1582600,0.0,0.0
2024-01-11 00:00:00-05:00,151.84696766311953,153.9417178828073,150.91392817048927,153.6947479248047,2275600,0.0,0.0
2024-01-12 00:00:00-05:00,154.9387957011506,155.46934702136252,153.40202395332363,154.4997100830078,1649900,0.0,0.0
2024-01-16 00:00:00-05:00,155.35957146425653,155.35957146425653,153.69475049481315,154.19786071777344,2186300,0.0,0.0
2024-01-17 00:00:00-05:00,154.81071285605785,157.0701233814719,154.4905480449582,155.40528869628906,2373800,0.0,0.0
2024-01-18 00:00:00-05:00,153.9619462186215,156.53610228313715,153.45630616573098,156.20513916015625,2530200,0.85,0.0
2024-01-19 00:00:00-05:00,157.20718285928757,158.5953815876658,156.36139151206186,156.4165496826172,2722300,0.0,0.0
2024-01-22 00:00:00-05:00,156.9497848234389,158.0989602547094,156.4809262975679,156.54527282714844,2643200,0.0,0.0
2024-01-23 00:00:00-05:00,155.99365525034355,158.16329891779242,155.89254128432037,156.58204650878906,2932600,0.0,0.0
2024-01-24 00:00:00-05:00,166.9522089688774,167.64171421402193,162.27275604386767,163.97354125976562,4565900,0.0,0.0
2024-01-25 00:00:00-05:00,164.01949316461088,165.93172251895345,161.9417752749407,163.65174865722656,2887200,0.0,0.0
2024-01-26 00:00:00-05:00,163.8264777846831,165.48129352554315,162.9714978349189,164.9480743408203,2354300,0.0,0.0
2024-01-29 00:00:00-05:00,164.33205734681616,165.9041352285877,162.4749862534295,163.42190551757812,2000800,0.0,0.0
2024-01-30 00:00:00-05:00,162.1532555924501,165.3157886442584,161.34423159463296,165.21466064453125,1834700,0.0,0.0
2024-01-31 00:00:00-05:00,165.90418510652066,166.2719156782536,163.35760811180253,163.8724365234375,1978800,0.0,0.0
2024-02-01 00:00:00-05:00,162.51179609650367,165.15948674099758,162.1440515430876,164.29531860351562,2839200,0.0,0.0
2024-02-02 00:00:00-05:00,165.63755491830784,167.22800985109853,165.1870730811036,166.11561584472656,1791600,0.0,0.0
2024-02-05 00:00:00-05:00,165.92253686081386,167.90831531676466,165.92253686081386,167.48541259765625,1819200,0.0,0.0
2024-02-06 00:00:00-05:00,167.31993169222565,167.88991817935383,165.3985138653418,165.72947692871094,1579600,0.0,0.0
2024-02-07 00:00:00-05:00,166.8143158430116,168.10140084350078,166.10641979414362,167.4762420654297,1586600,0.0,0.0
2024-02-08 00:00:00-05:00,167.5130093939716,169.41603660172692,167.21881375194974,168.2025146484375,1762400,0.0,0.0
2024-02-09 00:00:00-05:00,167.8347747335182,169.15862710315668,167.59575128878598,167.98187255859375,1968700,0.0,0.0
2024-02-12 00:00:00-05:00,167.9818725161541,168.34960305072934,166.99817159273326,167.65090942382812,1748900,0.0,0.0
2024-02-13 00:00:00-05:00,169.28731710921548,169.99521304643505,166.1431750626302,167.3934783935547,3251300,0.0,0.0
2024-02-14 00:00:00-05:00,169.31490329363334,173.0198436225363,167.53138084686222,172.79000854492188,3434300,0.0,0.0
2024-02-15 00:00:00-05:00,172.58776968152924,174.53678087216775,172.00859476751862,173.97598266601562,1939700,0.0,0.0
2024-02-16 00:00:00-05:00,174.54595444889637,176.43979327156165,173.3691999565991,173.8380584716797,2113100,0.0,0.0
2024-02-20 00:00:00-05:00,174.33451896947565,176.46738133474128,173.75533004701896,174.1966094970703,2497900,0.0,0.0
2024-02-21 00:00:00-05:00,174.91368359233695,175.88819611150376,172.64291188801405,174.9044952392578,2253100,0.0,0.0
2024-02-22 00:00:00-05:00,175.34579008320082,176.79834959457918,173.9851702227788,176.22836303710938,1997700,0.0,0.0
2024-02-23 00:00:00-05:00,176.36624962909858,177.06495727402933,175.1527276599365,175.86981201171875,1826500,0.0,0.0
2024-02-26 00:00:00-05:00,176.65126297760702,178.04866439832335,175.8974110983933,177.96592712402344,2194200,0.0,0.0
2024-02-27 00:00:00-05:00,178.01187244890644,178.30605405970798,174.36209021939342,176.67881774902344,2502700,0.0,0.0
2024-02-28 00:00:00-05:00,177.1844748179948,177.79124286054758,176.03529929559406,176.5409393310547,2533600,0.0,0.0
2024-02-29 00:00:00-05:00,176.6236659437242,176.84431268079814,173.57146323498176,174.27015686035156,4203700,0.0,0.0
2024-03-01 00:00:00-05:00,173.93919457218803,174.8217674965398,171.86149039355558,172.67970275878906,3677500,0.0,0.0
2024-03-04 00:00:00-05:00,172.61534877133823,174.518390136288,172.21085077813225,173.97598266601562,2931000,0.0,0.0
2024-03-05 00:00:00-05:00,174.20580313195427,175.48368562183245,174.12305184145765,174.49998474121094,2445800,0.0,0.0
2024-03-06 00:00:00-05:00,177.8003962972583,180.46649140245916,175.59398533876404,180.1998748779297,3431500,0.0,0.0
2024-03-07 00:00:00-05:00,180.19069378787077,181.0548758903161,178.2233061617158,180.30101013183594,2964900,0.0,0.0
2024-03-08 00:00:00-05:00,179.3909060072169,182.93035831323087,178.80252868194572,182.40634155273438,2803500,0.0,0.0
2024-03-11 00:00:00-04:00,182.2132618236256,182.26842000233978,179.6666850248263,180.87103271484375,2178200,0.0,0.0
2024-03-12 00:00:00-04:00,181.11003232770852,183.01307341099712,179.795382481317,182.8935546875,1515100,0.0,0.0
2024-03-13 00:00:00-04:00,183.52791558112187,183.74854828360827,181.81794199675102,183.62904357910156,2101400,0.0,0.0
2024-03-14 00:00:00-04:00,185.3666170286427,186.35030400286792,183.44518485165935,185.58724975585938,3537800,0.0,0.0
2024-03-15 00:00:00-04:00,183.4727516300073,189.22781689636278,183.4727516300073,188.3544464111328,5740500,0.0,0.0
2024-03-18 00:00:00-04:00,188.0694493422624,190.48730475926905,187.60977919852476,189.7610321044922,2289900,0.0,0.0
2024-03-19 00:00:00-04:00,190.79070081842173,191.10327316923082,187.71090504915824,188.91525268554688,2024900,0.0,0.0
2024-03-20 00:00:00-04:00,188.46475236065453,190.17472579685244,188.17055674547169,189.12667846679688,1729900,0.0,0.0
2024-03-21 00:00:00-04:00,188.00509915354806,190.48731526097373,187.12252625658635,188.98880004882812,3418700,0.0,0.0
2024-03-22 00:00:00-04:00,189.24623162377247,190.67119805653846,188.6854334048053,189.1083221435547,2557900,0.0,0.0
2024-03-25 00:00:00-04:00,189.22781943289917,190.2023179259883,188.15219294365818,189.40249633789062,3491700,0.0,0.0
2024-03-26 00:00:00-04:00,189.19105285551322,191.03893601900464,187.82124465111772,188.14300537109375,3546200,0.0,0.0
2024-03-27 00:00:00-04:00,188.61185004072294,189.6598973700699,187.7844353945949,189.52198791503906,3509100,0.0,0.0
2024-03-28 00:00:00-04:00,190.51490412618566,191.39747706844142,189.74266156922502,190.1379852294922,3163400,0.0,0.0
2024-04-01 00:00:00-04:00,190.47809850720242,193.10741204342511,189.31053252397987,193.01547241210938,2324300,0.0,0.0
2024-04-02 00:00:00-04:00,193.0247037638043,193.71420901810802,192.09616104340898,193.08905029296875,1919100,0.0,0.0
2024-04-03 00:00:00-04:00,193.42017538165695,194.76305789471283,192.78554013445657,193.86167907714844,2526800,0.1,0.0
2024-04-04 00:00:00-04:00,194.25716425499084,195.21374149768369,191.65419011445695,192.45440673828125,2581400,0.0,0.0
2024-04-05 00:00:00-04:00,193.37418524910126,195.03898164394016,192.4911919496468,194.07321166992188,3035900,0.0,0.0
2024-04-08 00:00:00-04:00,193.79729029010903,194.03644163684334,191.95773363992345,193.5121612548828,2793700,0.0,0.0
2024-04-09 00:00:00-04:00,193.66851648146172,194.1192129006733,187.80953320522684,188.37979125976562,2662100,0.0,0.0
2024-04-10 00:00:00-04:00,187.588779991685,190.47688326941275,186.90815303728795,189.61228942871094,2367300,0.0,0.0
2024-04-11 00:00:00-04:00,189.7042834377858,190.47689387836715,185.87800215866326,186.03436279296875,3896400,0.0,0.0
2024-04-12 00:00:00-04:00,191.31388220573697,192.69354962548988,186.95412810682478,187.54278564453125,5368000,0.0,0.0
2024-04-15 00:00:00-04:00,191.09313723292914,192.0313150417909,188.6741298136343,190.01699829101562,3841900,0.0,0.0
2024-04-16 00:00:00-04:00,191.00115398718282,193.7236897366863,190.13656019014377,191.63580322265625,2916800,0.0,0.0
2024-04-17 00:00:00-04:00,192.30722444731262,193.18101091541058,190.93674990028651,192.34400939941406,3554600,0.0,0.0
2024-04-18 00:00:00-04:00,192.56476423675494,193.19941343939547,191.33226481885387,192.92347717285156,2116500,0.0,0.0
2024-04-19 00:00:00-04:00,193.98121120719122,197.91786066760235,193.6500905032921,197.46717834472656,4191500,0.0,0.0
2024-04-22 00:00:00-04:00,197.80747562275647,198.86522885687768,195.7931593414396,195.91273498535156,2732400,0.0,0.0
2024-04-23 00:00:00-04:00,196.58419334869797,197.95466793726337,195.32410168918526,196.85093688964844,2576100,0.0,0.0
2024-04-24 00:00:00-04:00,196.6577690802777,197.84429078382576,192.96025689215514,195.1769256591797,2633200,0.0,0.0
2024-04-25 00:00:00-04:00,195.12175284897694,195.27811346367082,192.30723371508307,193.2178192138672,1882500,0.0,0.0
2024-04-26 00:00:00-04:00,192.24283990374514,193.07064871909574,189.0144234175727,191.34146118164062,2628700,0.0,0.0
2024-04-29 00:00:00-04:00,191.3138676161418,191.34145983965647,188.77528480988178,190.09056091308594,2691600,0.0,0.0
2024-04-30 00:00:00-04:00,190.24693252321552,193.87086112446644,189.65827499636833,191.5438232421875,3578400,0.0,0.0
2024-05-01 00:00:00-04:00,192.38083730364468,196.5934237048857,191.75538074629495,194.80905151367188,2360600,0.0,0.0
2024-05-02 00:00:00-04:00,194.76305913793644,195.71042968416643,191.60822623897127,192.26126098632812,2023100,0.0,0.0
2024-05-03 00:00:00-04:00,191.1299408696506,192.47280937966585,188.2326306928249,191.97613525390625,2150800,0.0,0.0
2024-05-06 00:00:00-04:00,192.42682811161842,198.24901251485363,192.29805970846812,198.22142028808594,2644700,0.0,0.0
2024-05-07 00:00:00-04:00,198.97563289384715,198.97563289384715,196.15190689581277,198.17543029785156,2706200,0.0,0.0
2024-05-08 00:00:00-04:00,199.09521152436895,200.30011881871914,198.55253167590135,198.5801239013672,1840000,0.0,0.0
2024-05-09 00:00:00-04:00,197.3384298522658,197.8719029309129,196.39105936070183,196.57501220703125,1923300,0.0,0.0
2024-05-10 00:00:00-04:00,197.191263238513,198.76409025942715,196.58420621046173,198.45135498046875,2128400,0.0,0.0
2024-05-13 00:00:00-04:00,199.13197605948406,200.18971535307887,195.37008666992188,195.37008666992188,1549300,0.0,0.0
2024-05-14 00:00:00-04:00,195.09414005944265,197.19123307676168,194.54226756659006,196.52899169921875,1777000,0.0,0.0
2024-05-15 00:00:00-04:00,190.72524249687203,196.1243370131032,190.4401134490219,192.463623046875,3641800,0.0,0.0
2024-05-16 00:00:00-04:00,193.14422359659852,194.45030691806625,189.14318293025434,190.4032745361328,3419000,0.0,0.0
2024-05-17 00:00:00-04:00,192.51879657735756,192.85911006229034,190.65164772349388,192.43601989746094,2005000,0.0,0.0
2024-05-20 00:00:00-04:00,192.23365793462577,192.70273979862404,190.30211795872216,190.37570190429688,2172500,0.0,0.0
2024-05-21 00:00:00-04:00,191.30468444521378,194.33074873103445,191.1207175663218,192.5831756591797,2669100,0.0,0.0
2024-05-22 00:00:00-04:00,192.59235943733407,193.03384904980865,189.77784035141832,189.7870330810547,1684000,0.0,0.0
2024-05-23 00:00:00-04:00,189.24437579023828,190.82639551014307,186.73338508614034,186.8805389404297,2469300,0.0,0.0
2024-05-24 00:00:00-04:00,187.1381045130785,188.49937250678607,186.66900858428278,187.552001953125,1721200,0.0,0.0
2024-05-28 00:00:00-04:00,186.69659854512517,189.16161172864028,186.57703690771186,188.72010803222656,2876200,0.0,0.0
2024-05-29 00:00:00-04:00,188.0302661196424,188.59133142907308,185.59285930350248,186.8529510498047,3075800,0.0,0.0
2024-05-30 00:00:00-04:00,186.85295115359452,190.49527930178618,186.80697346755716,190.3297119140625,2589000,0.0,0.0
2024-05-31 00:00:00-04:00,190.80800049250718,194.39514418866187,190.59645541880687,194.23876953125,4520600,0.0,0.0
2024-06-03 00:00:00-04:00,194.49631611509676,194.7630456339663,190.55045953892332,192.5831756591797,1827300,0.0,0.0
2024-06-04 00:00:00-04:00,192.12329673265472,195.3793057552745,191.8841453912777,194.9654083251953,2768600,0.0,0.0
2024-06-05 00:00:00-04:00,195.3609327618109,196.1887417689716,193.42940648117934,195.55409240722656,2126000,0.0,0.0
2024-06-06 00:00:00-04:00,196.34507647624278,197.24645528811206,194.56989704425703,196.08753967285156,1756300,0.0,0.0
2024-06-07 00:00:00-04:00,197.7615148616163,199.13198949539378,194.76304284364727,195.48046875,2113000,0.0,0.0
2024-06-10 00:00:00-04:00,194.76307081680383,195.44371186648476,192.50961660602957,193.41099548339844,2629000,0.0,0.0
2024-06-11 00:00:00-04:00,193.07067093539257,193.19023257365183,190.7068339112434,191.76458740234375,2298100,0.0,0.0
2024-06-12 00:00:00-04:00,190.45849865968995,191.31388573907742,185.1881589139109,186.19992065429688,3002100,0.0,0.0
2024-06-13 00:00:00-04:00,187.12890104845152,188.31542297017833,186.07116156804102,187.26687622070312,2520500,0.0,0.0
2024-06-14 00:00:00-04:00,189.29037542534567,192.15088647673983,187.07370637183544,187.56118774414062,2913800,0.0,0.0
2024-06-17 00:00:00-04:00,188.20503047536477,191.59901463385964,188.20503047536477,191.53463745117188,2489400,0.0,0.0
2024-06-18 00:00:00-04:00,192.32564839444314,194.87342418377617,191.47024727628312,193.84327697753906,2722100,0.0,0.0
2024-06-20 00:00:00-04:00,193.9536424187172,195.19534871704022,192.408421636958,193.9352569580078,2545300,0.0,0.0
2024-06-21 00:00:00-04:00,192.30724057790465,193.40177895452436,190.09057159959943,192.40841674804688,3950700,0.0,0.0
2024-06-24 00:00:00-04:00,192.9786822603591,195.72882442105805,192.7579444512749,193.7788848876953,2927400,0.0,0.0
2024-06-25 00:00:00-04:00,194.0456168494976,195.48966139148163,191.12992150634184,191.5714111328125,2095200,0.0,0.0
2024-06-26 00:00:00-04:00,190.596446195094,191.69098453579184,188.44416850238,191.48863220214844,3213100,0.0,0.0
2024-06-27 00:00:00-04:00,192.12327308751392,194.44110402457676,191.10231873379527,194.39512634277344,1987600,0.0,0.0
2024-06-28 00:00:00-04:00,193.52137231547897,194.8458554746167,190.88161276353665,191.04718017578125,4068200,0.0,0.0
2024-07-01 00:00:00-04:00,192.48199343141357,193.61331672053913,191.23109448171226,192.65675354003906,2264000,0.0,0.0
2024-07-02 00:00:00-04:00,191.36905930854292,194.27556192954347,190.83558624255912,194.18357849121094,2277700,0.0,0.0
2024-07-03 00:00:00-04:00,194.08237523169385,194.3216258625684,192.02109042254932,193.49343872070312,1284900,0.1,0.0
2024-07-05 00:00:00-04:00,193.59465281363364,193.76028461688549,191.39534160855257,193.4105987548828,1699400,0.0,0.0
2024-07-08 00:00:00-04:00,194.32162371545252,195.8859849891096,192.84007834679608,192.97811889648438,2706400,0.0,0.0
2024-07-09 00:00:00-04:00,193.2081670524005,195.75715011095116,192.59161122208246,192.77566528320312,2372200,0.0,0.0
2024-07-10 00:00:00-04:00,192.78486880995038,194.1559929795243,191.86465463901982,193.23577880859375,1988200,0.0,0.0
2024-07-11 00:00:00-04:00,191.671400397995,195.4350869679145,190.9444373928636,194.91976928710938,2546500,0.0,0.0
2024-07-12 00:00:00-04:00,195.4810814027981,197.33072079535904,193.97193078734006,196.28167724609375,2315700,0.0,0.0
2024-07-15 00:00:00-04:00,197.22027900274483,199.90730230382056,197.22027900274483,199.77847290039062,2415300,0.0,0.0
2024-07-16 00:00:00-04:00,204.7660492777935,205.980724610916,191.74501109543655,193.24496459960938,3735900,0.0,0.0
2024-07-17 00:00:00-04:00,197.66197225429528,203.79060093385894,197.5147346426979,203.6893768310547,4422800,0.0,0.0
2024-07-18 00:00:00-04:00,205.49301452126574,210.72903515223248,205.49301452126574,206.6156768798828,3522200,0.0,0.0
2024-07-19 00:00:00-04:00,206.5880967396765,206.85495269089907,201.26925955939768,201.8489990234375,3207500,0.0,0.0
2024-07-22 00:00:00-04:00,196.93504466456707,201.17723287729686,196.1620680720403,199.04234313964844,2945700,0.0,0.0
2024-07-23 00:00:00-04:00,199.05151601636643,199.18034543278458,197.57918183463792,198.67422485351562,3085000,0.0,0.0
2024-07-24 00:00:00-04:00,199.2723690133962,200.08214788485827,197.72640200178128,198.2509307861328,2312600,0.0,0.0
2024-07-25 00:00:00-04:00,198.75706662539457,199.89812322690622,195.16822288355365,195.79397583007812,2288800,0.0,0.0
2024-07-26 00:00:00-04:00,196.08842008044647,199.0607217465803,196.08842008044647,198.47177124023438,1972300,0.0,0.0
2024-07-29 00:00:00-04:00,198.637431333909,199.677277839431,196.38290942527058,196.58535766601562,1793700,0.0,0.0
2024-07-30 00:00:00-04:00,197.01784531208983,200.31219944850668,196.75097535873272,198.47177124023438,1595500,0.0,0.0
2024-07-31 00:00:00-04:00,197.6528273088742,198.41660687825555,195.70197744672578,197.03628540039062,2321900,0.0,0.0
2024-08-01 00:00:00-04:00,199.22637644867416,200.08216892405386,195.4350983970183,198.1037139892578,2207800,0.0,0.0
2024-08-02 00:00:00-04:00,199.24478308216817,201.99621456152556,197.39514354844158,199.6312713623047,1769800,0.0,0.0
2024-08-05 00:00:00-04:00,199.6312413693666,200.6434684153537,191.5241577089514,194.0823516845703,2820200,0.0,0.0
2024-08-06 00:00:00-04:00,196.18964466844042,199.96252812107218,195.33385228937172,196.97183227539062,2705000,0.0,0.0
2024-08-07 00:00:00-04:00,196.5669630293314,200.89196711960489,196.438133598263,198.65585327148438,2082100,0.0,0.0
2024-08-08 00:00:00-04:00,197.83684064227404,202.189449540726,197.83684064227404,200.93795776367188,2482600,0.0,0.0
2024-08-09 00:00:00-04:00,201.80296413374634,204.18631539142288,200.5330641246484,204.03907775878906,1730600,0.0,0.0
2024-08-12 00:00:00-04:00,206.85493689336374,207.73834867389363,203.83663554203034,205.1985626220703,2350100,0.0,0.0
2024-08-13 00:00:00-04:00,204.90407120514618,206.55126230121925,202.7507735890249,204.59120178222656,1649900,0.0,0.0
2024-08-14 00:00:00-04:00,208.88860654058618,216.01106892861935,208.44690769181497,215.64297485351562,2914900,0.0,0.0
2024-08-15 00:00:00-04:00,218.55087230687406,219.42507298783067,215.79942679641783,217.87911987304688,3898100,0.0,0.0
2024-08-16 00:00:00-04:00,218.23799262537779,219.0477715346059,215.38532312499456,217.06011962890625,2600500,0.0,0.0
2024-08-19 00:00:00-04:00,216.4251812919317,218.85454623340107,216.02028479479438,218.80853271484375,1366300,0.0,0.0
2024-08-20 00:00:00-04:00,219.8943925185919,220.07843255124868,218.2287930134586,219.70114135742188,1436800,0.0,0.0
2024-08-21 00:00:00-04:00,221.2562869720625,221.5875646194809,216.6368081223263,218.38522338867188,1814000,0.0,0.0
2024-08-22 00:00:00-04:00,218.661300910075,221.22870647576394,218.08157549310883,221.05386352539062,1563100,0.0,0.0
2024-08-23 00:00:00-04:00,220.80539718388624,222.16731028497372,219.8851829726249,222.00167846679688,1544700,0.0,0.0
2024-08-26 00:00:00-04:00,223.0323076938537,225.45247549546696,222.46177939195567,223.10592651367188,2087100,0.0,0.0
2024-08-27 00:00:00-04:00,223.71327192302616,226.30826863303557,222.73784712985403,225.9770050048828,2883300,0.0,0.0
2024-08-28 00:00:00-04:00,226.33588072791048,228.52598087823,225.77454952926118,228.45236206054688,2482100,0.0,0.0
2024-08-29 00:00:00-04:00,227.65177236185266,230.2651771131242,226.36347820033942,230.06272888183594,1982700,0.0,0.0
2024-08-30 00:00:00-04:00,229.7038789726944,234.05650253008594,228.94931058137783,232.07803344726562,2817600,0.0,0.0
2024-09-03 00:00:00-04:00,232.0780107964342,234.49817855604482,231.0473754195752,232.18844604492188,2449100,0.0,0.0
2024-09-04 00:00:00-04:00,233.54114556319087,234.22210909669687,231.27742659202212,233.65158081054688,1631400,0.0,0.0
2024-09-05 00:00:00-04:00,232.97060015547245,233.6515636389328,227.55973679735922,229.63021850585938,2328900,0.0,0.0
2024-09-06 00:00:00-04:00,230.13636248158159,231.92158024961822,228.25913171972752,228.8480682373047,2429400,0.0,0.0
2024-09-09 00:00:00-04:00,229.83269835495474,232.63015744475462,228.69164170950228,231.259033203125,2457100,0.0,0.0
2024-09-10 00:00:00-04:00,232.42768080683814,234.4061355201411,229.13331261915857,229.25294494628906,1997300,0.0,0.0
2024-09-11 00:00:00-04:00,229.09652888603026,229.92471603313356,225.72854161061574,229.67625427246094,2509600,0.0,0.0
2024-09-12 00:00:00-04:00,228.07508791510435,230.12716158500112,226.85120138262488,229.5750274658203,2118200,0.0,0.0
2024-09-13 00:00:00-04:00,235.86008497444956,236.2649814443788,229.7590607072097,235.07791137695312,3078900,0.0,0.0
2024-09-16 00:00:00-04:00,236.7802910167034,239.6789598542427,235.16071923375503,235.86007690429688,2752600,0.0,0.0
2024-09-17 00:00:00-04:00,235.59319692284646,236.66064861773722,233.33868929301497,236.41220092773438,1736100,0.0,0.0
2024-09-18 00:00:00-04:00,236.48580018593455,238.38143888602877,235.11469023521607,237.10235595703125,1710400,0.0,0.0
2024-09-19 00:00:00-04:00,236.39383051624208,236.59625067330515,232.58413039038533,234.93067932128906,2699000,0.0,0.0
2024-09-20 00:00:00-04:00,234.8478571079905,238.80478072264856,233.91843183909376,238.55630493164062,4476700,0.0,0.0
2024-09-23 00:00:00-04:00,239.2556732069768,239.6145701964864,236.20976669084297,237.0471649169922,2629600,0.0,0.0
2024-09-24 00:00:00-04:00,236.42141741637934,236.605443385579,233.74357699122768,236.0717315673828,1774800,0.0,0.0
2024-09-25 00:00:00-04:00,237.52568638989655,238.08703165863707,236.00733856634395,236.48583984375,2430800,0.0,0.0
2024-09-26 00:00:00-04:00,235.06873337973786,235.4552216896821,231.66394337573402,232.24368286132812,2115200,0.0,0.0
2024-09-27 00:00:00-04:00,231.02897946653624,232.7037760841764,230.5596752699553,231.0657958984375,2011900,0.0,0.0
2024-09-30 00:00:00-04:00,232.71298315222182,233.67921093142718,229.06892851221625,233.51356506347656,2233700,0.0,0.0
2024-10-01 00:00:00-04:00,231.3510512533089,235.73127975341822,231.10258949217436,233.9828643798828,1569300,0.0,0.0
2024-10-02 00:00:00-04:00,233.28350104107162,234.5257958502668,232.71297271990133,234.13009643554688,1476000,0.0,0.0
2024-10-03 00:00:00-04:00,233.86311296452496,234.67322431217687,230.3465200676146,232.23370361328125,1887100,0.1,0.0
2024-10-04 00:00:00-04:00,231.73658235979073,235.8239559144858,231.51565311950273,235.07827758789062,1951800,0.0,0.0
2024-10-07 00:00:00-04:00,234.60878100710383,235.53855763805439,223.87486230908067,226.01980590820312,2757500,0.0,0.0
2024-10-08 00:00:00-04:00,227.9806378919602,230.04273316270147,227.62161381838527,229.24183654785156,2008500,0.0,0.0
2024-10-09 00:00:00-04:00,228.53298727434245,232.4914668018631,228.21999481206458,230.8436279296875,1920700,0.0,0.0
2024-10-10 00:00:00-04:00,234.53515057761558,235.55699049567608,231.09219129359298,231.78262329101562,1731400,0.0,0.0
2024-10-11 00:00:00-04:00,231.570907449779,233.9828121981016,231.49725968038834,233.90916442871094,1643600,0.0,0.0
2024-10-14 00:00:00-04:00,234.41546418298074,234.41546418298074,230.5030163147525,231.8746795654297,2413600,0.0,0.0
2024-10-15 00:00:00-04:00,233.8262894859062,235.12430493658562,229.9046410262062,231.61691284179688,3897800,0.0,0.0
2024-10-16 00:00:00-04:00,232.08639099806706,235.66743069162342,231.34992746778104,235.08746337890625,2461000,0.0,0.0
2024-10-17 00:00:00-04:00,236.59722604217887,238.97229955305409,230.95409116108587,231.37754821777344,2866500,0.0,0.0
2024-10-18 00:00:00-04:00,232.16924198020322,232.85047321132154,230.02429842162155,231.17501831054688,2089900,0.0,0.0
2024-10-21 00:00:00-04:00,231.20265130551428,232.63876163087687,229.61925949926487,230.82522583007812,2566900,0.0,0.0
2024-10-22 00:00:00-04:00,228.6618543112752,229.98748589577463,225.8909258234492,228.53297424316406,1633600,0.0,0.0
2024-10-23 00:00:00-04:00,228.29364278242727,229.54562667954463,226.78389873415708,227.61241149902344,1240900,0.0,0.0
2024-10-24 00:00:00-04:00,228.48694090338842,230.10716351520256,226.83911618455338,227.2625732421875,1273600,0.0,0.0
2024-10-25 00:00:00-04:00,226.7654861186932,226.98642941396352,223.12921375447738,224.4180145263672,1594600,0.0,0.0
2024-10-28 00:00:00-04:00,225.3938031579707,226.1670835536077,224.25229801589896,224.90589904785156,1322600,0.0,0.0
2024-10-29 00:00:00-04:00,225.04400102996237,225.9553622228184,222.4479701302382,222.4847869873047,1472700,0.0,0.0
2024-10-30 00:00:00-04:00,223.23967843389315,224.08660666232663,222.19942306619092,223.69996643066406,1560000,0.0,0.0
2024-10-31 00:00:00-04:00,222.87144052866947,226.0934563162974,221.10392236392155,223.54345703125,3362600,0.0,0.0
2024-11-01 00:00:00-04:00,224.02216706091156,226.33280767989385,223.28570347835512,223.44219970703125,3237900,0.0,0.0
2024-11-04 00:00:00-05:00,224.14184170679346,224.5560980995622,221.16838514453104,222.30068969726562,2209000,0.0,0.0
2024-11-05 00:00:00-05:00,221.16836849491645,228.4225113613623,220.4779365433194,228.36727905273438,2002700,0.0,0.0
2024-11-06 00:00:00-05:00,239.15647317351423,239.22089214933953,230.7608095795186,238.19906616210938,3712200,0.0,0.0
2024-11-07 00:00:00-05:00,237.3337098738433,239.6903823210045,233.0714382552954,234.99545288085938,2432700,0.0,0.0
2024-11-08 00:00:00-05:00,238.85262400191257,242.47050877427364,236.94705316952158,240.74900817871094,2603400,0.0,0.0
2024-11-11 00:00:00-05:00,241.74325767521344,242.89397764882568,238.7974033052663,239.24850463867188,2177600,0.0,0.0
2024-11-12 00:00:00-05:00,240.2519363657659,242.65462625848733,237.7479685035475,241.50390625,1617500,0.0,0.0
2024-11-13 00:00:00-05:00,242.70982804544312,242.70982804544312,240.1230120392111,240.6109161376953,1427800,0.0,0.0
2024-11-14 00:00:00-05:00,239.42336752630445,240.27030971490063,235.21634297091967,237.0482940673828,1885900,0.0,0.0
2024-11-15 00:00:00-05:00,239.42338547006713,240.19669400592488,232.9149206786736,235.4649200439453,3259900,0.0,0.0
2024-11-18 00:00:00-05:00,235.37286820216508,237.05753803803177,234.1024828564196,236.14614868164062,1658300,0.0,0.0
2024-11-19 00:00:00-05:00,234.36943939126297,236.70771028676305,232.66638222721758,234.29579162597656,1766600,0.0,0.0
2024-11-20 00:00:00-05:00,234.5995811446465,237.1587812646345,233.14506939963087,236.60643005371094,1638400,0.0,0.0
2024-11-21 00:00:00-05:00,238.79737561998363,242.580957063316,236.77212555747565,242.51651000976562,2280500,0.0,0.0
2024-11-22 00:00:00-05:00,243.23461020029222,245.0389314302116,242.3232488815132,244.928466796875,2321100,0.0,0.0
2024-11-25 00:00:00-05:00,244.20119036749736,245.6925471165461,240.93315673860323,244.76275634765625,5405200,0.0,0.0
2024-11-26 00:00:00-05:00,244.1275701699512,246.86168222069583,242.691473748727,246.7327880859375,2114800,0.0,0.0
2024-11-27 00:00:00-05:00,246.73274263118654,249.12624559019721,245.4163258365421,245.6648712158203,2862900,0.0,0.0
2024-11-29 00:00:00-05:00,246.79721220397371,248.71202598338482,246.0423331545184,247.52447509765625,1427300,0.0,0.0
2024-12-02 00:00:00-05:00,246.99048155017604,248.7119819342847,242.82948895277877,243.06884765625,3095400,0.0,0.0
2024-12-03 00:00:00-05:00,244.13672706666387,245.1677675253926,241.28293630813192,241.75241088867188,2844700,0.0,0.0
2024-12-04 00:00:00-05:00,241.1908959742703,242.04702485488554,238.88024137779982,239.6719512939453,1852900,0.0,0.0
2024-12-05 00:00:00-05:00,240.15065346309865,243.40028557656294,239.7548125308104,240.5373077392578,2972000,0.0,0.0
2024-12-06 00:00:00-05:00,240.30717006473375,241.56835470631017,232.7768509813838,234.34182739257812,3151300,0.0,0.0
2024-12-09 00:00:00-05:00,232.00356494393324,233.80788601816894,226.46169355074534,228.17396545410156,3364700,0.0,0.0
2024-12-10 00:00:00-05:00,228.8459971994348,229.56404539562976,225.54113254683546,227.63084411621094,2396200,0.0,0.0
2024-12-11 00:00:00-05:00,227.45592936749048,228.41332226728105,223.21207326646459,224.3719940185547,3615900,0.0,0.0
2024-12-12 00:00:00-05:00,225.83569004631264,227.37305013762148,222.16258709125526,223.47900390625,3608900,0.0,0.0
2024-12-13 00:00:00-05:00,229.22339485024966,234.4522591228084,228.33963582201002,231.80101013183594,3285800,0.0,0.0
2024-12-16 00:00:00-05:00,233.5501144500747,233.94596941082122,229.91384227649792,230.37413024902344,2496400,0.0,0.0
2024-12-17 00:00:00-05:00,228.2476024732656,229.2326114318642,225.9001309997958,227.8701629638672,2481800,0.0,0.0
2024-12-18 00:00:00-05:00,227.9806397395058,228.3028469567835,220.95665444347648,221.1959991455078,2872400,0.0,0.0
2024-12-19 00:00:00-05:00,221.8956336302299,224.18787293506804,220.35827339051417,220.67127990722656,2722700,0.0,0.0
2024-12-20 00:00:00-05:00,219.06947722721603,224.03138142727607,218.08445414050985,220.91062927246094,5587400,0.0,0.0
2024-12-23 00:00:00-05:00,220.6528584876205,222.33751421354512,219.52975467033744,221.86801147460938,1847300,0.0,0.0
2024-12-24 00:00:00-05:00,222.1073778331062,223.93011439951266,221.260449589656,223.92091369628906,680200,0.0,0.0
2024-12-26 00:00:00-05:00,224.15105353689404,224.65735909541866,222.64130947062318,223.8748779296875,952300,0.0,0.0
2024-12-27 00:00:00-05:00,222.44799569680316,224.14185225402497,220.97506840112072,221.8772430419922,1410400,0.0,0.0
2024-12-30 00:00:00-05:00,219.70467886661626,222.36514303356722,218.360631681117,220.5700225830078,2257400,0.0,0.0
2024-12-31 00:00:00-05:00,220.49635990810836,221.37090426880792,219.6954492636392,220.57920837402344,1773800,0.0,0.0
2025-01-02 00:00:00-05:00,221.38930910389993,222.54922971170686,219.88876585220916,221.53659057617188,3107200,0.0,0.0
2025-01-03 00:00:00-05:00,223.06475153869192,225.03478346867635,221.32486359140134,222.98190307617188,1461900,0.0,0.0
2025-01-06 00:00:00-05:00,223.48824533584596,224.26152582495047,220.2386130940582,220.56080627441406,2129600,0.0,0.0
2025-01-07 00:00:00-05:00,220.83697904369652,224.0129634769711,219.96243464132743,223.0371551513672,2346300,0.0,0.0
2025-01-08 00:00:00-05:00,223.91169510759897,228.0635018309117,222.31910257096098,224.24310302734375,2601400,0.0,0.0
2025-01-10 00:00:00-05:00,222.5916883839327,226.66389900783835,220.23657341039163,221.0716552734375,3692300,4.6,0.0
2025-01-13 00:00:00-05:00,216.14561400798306,221.73785791858947,214.43791041556256,221.23117065429688,3023800,0.0,0.0
2025-01-14 00:00:00-05:00,220.94967521483696,225.03126368601397,218.7259209218854,224.965576171875,2256700,0.0,0.0
2025-01-15 00:00:00-05:00,226.04463924779338,227.94937684591827,223.71765746948014,227.5083770751953,3498000,0.0,0.0
2025-01-16 00:00:00-05:00,227.71479930890055,231.14896219572282,227.06737351514371,230.38893127441406,1897600,0.0,0.0
2025-01-17 00:00:00-05:00,230.5671994053384,231.5993295116588,228.57801881924144,228.64369201660156,1967900,0.0,0.0
2025-01-21 00:00:00-05:00,228.953343070917,231.69316257663914,224.96558957738483,226.13845825195312,3204800,0.0,0.0
2025-01-22 00:00:00-05:00,228.2777576730953,228.4654281050421,222.282053893837,224.4119873046875,3657400,0.0,0.0
2025-01-23 00:00:00-05:00,225.19077245558842,226.59821478343585,223.45492119101243,224.7310028076172,2590000,0.0,0.0
2025-01-24 00:00:00-05:00,223.90532457713775,225.12509653697126,221.44698211548214,224.08360290527344,2324200,0.0,0.0
2025-01-27 00:00:00-05:00,225.60362366960075,231.77760570988252,225.2939846405391,231.6743927001953,2251900,0.0,0.0
2025-01-28 00:00:00-05:00,231.46798712935757,231.46798712935757,228.03382412246492,229.92918395996094,2724400,0.0,0.0
2025-01-29 00:00:00-05:00,223.70827238775263,236.450319078379,223.06084660427894,231.19586181640625,3564600,0.0,0.0
2025-01-30 00:00:00-05:00,232.12477651196681,234.2828576619054,229.1128435603654,233.84185791015625,2374400,0.0,0.0
2025-01-31 00:00:00-05:00,234.76138212240815,235.75597242991054,231.22400632542363,231.2333984375,3047500,0.0,0.0
2025-02-03 00:00:00-05:00,232.24675664216784,235.23991965085006,230.36077473837133,233.56036376953125,2050300,0.0,0.0
2025-02-04 00:00:00-05:00,231.9558816464785,235.98116034846151,231.862046432365,232.69712829589844,1775200,0.0,0.0
2025-02-05 00:00:00-05:00,234.34852069724505,234.93027325018673,232.00278353105097,233.6354217529297,1508500,0.0,0.0
2025-02-06 00:00:00-05:00,235.31498165000636,237.060210810703,234.8927517905504,235.84043884277344,1589100,0.0,0.0
2025-02-07 00:00:00-05:00,236.06560626267884,237.71701442038835,234.2265563089943,235.13670349121094,1710700,0.0,0.0
2025-02-10 00:00:00-05:00,236.45031106687222,236.89131080828915,233.17565676336534,234.28285217285156,1916500,0.0,0.0
2025-02-11 00:00:00-05:00,237.3885909971666,242.76503065899553,233.25070737803424,241.67660522460938,2794900,0.0,0.0
2025-02-12 00:00:00-05:00,240.54127460132946,242.03318873894457,239.3871901630653,240.94476318359375,2164700,0.0,0.0
2025-02-13 00:00:00-05:00,241.88304955418337,246.13352429289736,241.09488527671516,245.9552459716797,2781100,0.0,0.0
2025-02-14 00:00:00-05:00,245.16710660256456,248.03828698879184,244.29447049734588,246.39627075195312,2852100,0.0,0.0
2025-02-18 00:00:00-05:00,246.8841332520706,250.01803457560158,245.87078742596216,247.64414978027344,2609600,0.0,0.0
2025-02-19 00:00:00-05:00,246.78094728825474,254.08088036063958,246.25550444251655,252.98306274414062,3223100,0.0,0.0
2025-02-20 00:00:00-05:00,251.99788686980582,252.61716498591028,247.6911163952746,251.15342712402344,1934100,0.0,0.0
2025-02-21 00:00:00-05:00,250.44969032511486,252.4857742473366,249.35187267971136,249.7647247314453,2567300,0.0,0.0
2025-02-24 00:00:00-05:00,250.03683463561404,258.5189998935872,250.03683463561404,255.80734252929688,3952100,0.0,0.0
2025-02-25 00:00:00-05:00,260.50824776043714,262.65692277786434,257.458788890852,261.33392333984375,3541100,0.0,0.0
2025-02-26 00:00:00-05:00,261.28699800265935,262.9571618818999,255.64783614413574,256.5579833984375,3386800,0.0,0.0
2025-02-27 00:00:00-05:00,257.6464152985042,262.6756912846834,257.1022168089073,261.5684814453125,2338900,0.0,0.0
2025-02-28 00:00:00-05:00,262.66626648251497,264.97446382997873,259.5699048855388,264.5991516113281,3509200,0.0,0.0
2025-03-03 00:00:00-05:00,264.9557261020747,267.6767756638292,264.674220443245,267.4891052246094,2871800,0.0,0.0
2025-03-04 00:00:00-05:00,268.2115965710853,269.75038528088766,264.32704203207646,265.7157287597656,3363000,0.0,0.0
2025-03-05 00:00:00-05:00,263.57644092284835,266.03476913907724,261.7749019986062,264.4678039550781,2485600,0.0,0.0
2025-03-06 00:00:00-05:00,263.6608813118401,264.1769320812525,259.1007815931369,263.8204040527344,2308800,0.0,0.0
2025-03-07 00:00:00-05:00,261.3808118189121,264.5334688738725,260.6395508454175,262.5536804199219,2885700,0.0,0.0
2025-03-10 00:00:00-04:00,261.9907033551855,269.14989803003795,260.2454599497076,261.493408203125,4159500,0.0,0.0
2025-03-11 00:00:00-04:00,260.6301821339265,261.8781304727593,256.6424285324578,259.8514099121094,3353700,0.0,0.0
2025-03-12 00:00:00-04:00,261.6810769295229,262.722570518094,256.4829151951869,260.4237365722656,2878900,0.0,0.0
2025-03-13 00:00:00-04:00,261.024247660612,263.81098452168385,259.0444306292275,262.1595764160156,3046600,0.0,0.0
2025-03-14 00:00:00-04:00,262.91020539408197,266.7384354475728,260.44248557322493,266.1848449707031,2223400,0.0,0.0
2025-03-17 00:00:00-04:00,265.21844202221126,274.9110158186854,265.0120159971567,273.250244140625,3454600,0.0,0.0
2025-03-18 00:00:00-04:00,272.23688862733076,273.6443309390567,264.7868250331691,265.8001708984375,3548600,0.0,0.0
2025-03-19 00:00:00-04:00,259.438523647856,261.20252253121095,250.89067138723047,256.4266052246094,6077100,0.0,0.0
2025-03-20 00:00:00-04:00,256.041906134934,261.1649880560114,255.619661993881,257.6745300292969,3630400,0.0,0.0
2025-03-21 00:00:00-04:00,258.31254337741444,261.15557543631604,255.71347712613962,256.0231018066406,7280200,0.0,0.0
2025-03-24 00:00:00-04:00,258.4814600403944,258.9787551356058,255.71347894557636,257.0927734375,2553300,0.0,0.0
2025-03-25 00:00:00-04:00,258.0686516662353,258.91311139630267,255.34760203180076,257.49627685546875,2911600,0.0,0.0
2025-03-26 00:00:00-04:00,259.2039509899177,260.25483663503775,255.0754593978805,255.72288513183594,3463000,0.0,0.0
2025-03-27 00:00:00-04:00,256.77377907711923,258.1530736895463,254.2779112720375,257.7214660644531,3117300,0.0,0.0
2025-03-28 00:00:00-04:00,258.23751463785743,262.54428464453014,257.25231648055166,261.65289306640625,4346900,0.0,0.0
2025-03-31 00:00:00-04:00,261.7373394615127,267.14189790483124,261.6059644481986,265.54681396484375,4886800,0.0,0.0
2025-04-01 00:00:00-04:00,266.01596446281934,268.7464057315643,263.6795909696547,266.7478332519531,4740200,0.0,0.0
2025-04-02 00:00:00-04:00,265.55623639097445,266.7760370523741,259.1664498328084,263.876708984375,2710000,0.0,0.0
2025-04-03 00:00:00-04:00,261.2297581794642,272.0896994031135,260.23481402247626,269.3864440917969,3831200,0.1,0.0
2025-04-04 00:00:00-04:00,259.1553856066655,264.27089475210886,240.81457308484977,241.82830810546875,7338600,0.0,0.0
2025-04-07 00:00:00-04:00,237.28533054706162,245.24489765527406,232.76113348472083,239.60374450683594,5910700,0.0,0.0
2025-04-08 00:00:00-04:00,247.79796233813542,253.66439137076173,241.17124639445458,244.40013122558594,5763700,0.0,0.0
2025-04-09 00:00:00-04:00,241.45282794161724,256.10483625643434,240.1105958291506,253.53297424316406,6074600,0.0,0.0
2025-04-10 00:00:00-04:00,254.09613702322855,258.9019108103812,249.6752043944956,256.41455078125,4346300,0.0,0.0
2025-04-11 00:00:00-04:00,255.62614086547114,259.6716283364924,252.02181003638992,258.7236328125,3052600,0.0,0.0
2025-04-14 00:00:00-04:00,260.74165226131225,264.15824554145445,258.86439502209697,261.4643859863281,2486900,0.0,0.0
2025-04-15 00:00:00-04:00,261.943095219307,264.69327019447866,258.8080790735132,259.16473388671875,2368900,0.0,0.0
2025-04-16 00:00:00-04:00,263.7358868641384,266.1012207363795,257.21240632648846,258.2449035644531,3069000,0.0,0.0
2025-04-17 00:00:00-04:00,255.79507963343053,257.59725931728457,248.7366022147403,249.15899658203125,3648800,0.0,0.0
2025-04-21 00:00:00-04:00,247.96694865872087,248.7084734286871,238.60883273137208,241.61244201660156,2775400,0.0,0.0
2025-04-22 00:00:00-04:00,244.26873166579483,249.5344537392771,242.86078857000578,248.8116912841797,3712300,0.0,0.0
2025-04-23 00:00:00-04:00,248.81164470131694,250.62321958202006,246.97194075442707,248.7647247314453,2001200,0.0,0.0
2025-04-24 00:00:00-04:00,248.53010630499463,249.68462991930755,246.1084568600715,248.91494750976562,1821600,0.0,0.0
2025-04-25 00:00:00-04:00,248.76477971921656,249.40304040283928,244.74744976247857,248.7460174560547,1826900,0.0,0.0
2025-04-28 00:00:00-04:00,252.10627397432089,253.71132099820684,249.7503068188844,253.03550720214844,2104200,0.0,0.0
2025-04-29 00:00:00-04:00,253.66439074296073,260.08460722301663,253.10120782828784,259.35247802734375,2690600,0.0,0.0
2025-04-30 00:00:00-04:00,260.3661771143514,265.2564236492757,257.18421270408237,264.4491882324219,3124900,0.0,0.0
2025-05-01 00:00:00-04:00,261.74596607571914,262.816016463621,259.0615019427121,260.61962890625,2474500,0.0,0.0
2025-05-02 00:00:00-04:00,261.9337251067391,266.0449234331846,261.48317301456865,265.4535827636719,1566100,0.0,0.0
2025-05-05 00:00:00-04:00,265.09689477671645,266.5705486988227,262.20593100716064,264.8434753417969,2229200,0.0,0.0
2025-05-06 00:00:00-04:00,264.2239625061767,266.98353300296606,263.4636755983544,266.25140380859375,1927200,0.0,0.0
2025-05-07 00:00:00-04:00,266.1763267235023,269.84636855133243,265.54746150579604,268.80450439453125,2304600,0.0,0.0
2025-05-08 00:00:00-04:00,267.60302778807335,268.63552500864256,265.7539282436316,266.4954528808594,2147000,0.0,0.0
2025-05-09 00:00:00-04:00,266.1763089272443,269.3864316220064,265.73515230110075,267.04925537109375,1542700,0.0,0.0
2025-05-12 00:00:00-04:00,266.60813137403056,268.69188844801374,257.85070866180865,263.05072021484375,3349100,0.0,0.0
2025-05-13 00:00:00-04:00,263.10702837902966,267.5842773024309,262.25287276047527,265.2471008300781,3014500,0.0,0.0
2025-05-14 00:00:00-04:00,266.31713143615485,267.021102961348,260.4507020595452,261.0983581542969,2422700,0.0,0.0
2025-05-15 00:00:00-04:00,261.73658201045265,264.5430722634936,260.8261111533763,263.8954162597656,4913600,0.0,0.0
2025-05-16 00:00:00-04:00,263.61389257138114,268.5698512708072,263.5669439466471,268.4759826660156,2779500,0.0,0.0
2025-05-19 00:00:00-04:00,269.04857085153725,271.35758966074826,267.2745486841359,270.55035400390625,1825900,0.0,0.0
2025-05-20 00:00:00-04:00,269.3113639672521,271.1886214004292,267.7907613848514,268.10052490234375,1844800,0.0,0.0
2025-05-21 00:00:00-04:00,266.42037130546595,268.26007556827125,261.24851791413823,263.7546691894531,3127500,0.0,0.0
2025-05-22 00:00:00-04:00,262.947470108382,263.75467707882285,259.0239801882877,260.11279296875,2505700,0.0,0.0
2025-05-23 00:00:00-04:00,260.76041753149246,261.7553615881871,259.5308163171874,260.2817077636719,1677600,0.0,0.0
2025-05-27 00:00:00-04:00,259.82178887841815,263.15390905832766,256.639852716727,261.6427307128906,3468200,0.0,0.0
2025-05-28 00:00:00-04:00,258.47019315705506,263.22904777315375,258.4514308942218,260.0283203125,3182600,0.0,0.0
2025-05-29 00:00:00-04:00,259.4275809172816,260.34741864252425,258.47955683424004,260.2817077636719,2270700,0.0,0.0
2025-05-30 00:00:00-04:00,260.11276355715546,267.73442351391566,259.5308183847929,267.4434509277344,5075000,0.0,0.0
2025-06-02 00:00:00-04:00,265.83843298570304,271.10412646958224,264.3178590094957,271.0196533203125,2107600,0.0,0.0
2025-06-03 00:00:00-04:00,270.1748812449715,272.16476950342496,263.9142438645359,269.62109375,2896500,0.0,0.0
2025-06-04 00:00:00-04:00,270.6536244741276,270.6536244741276,264.3929576758084,264.8529052734375,2432100,0.0,0.0
2025-06-05 00:00:00-04:00,265.87595497919,266.3358738417316,262.32793990252145,263.0037536621094,2520800,0.0,0.0
2025-06-06 00:00:00-04:00,264.7871206073128,266.52358915980227,261.57699835146343,262.177734375,2442300,0.0,0.0
2025-06-09 00:00:00-04:00,260.93879139546243,261.60520978463217,249.68464189689692,254.65936279296875,5885900,0.0,0.0
2025-06-10 00:00:00-04:00,253.52361103452668,254.36837111371864,248.31420469760744,249.19651794433594,3987300,0.0,0.0
2025-06-11 00:00:00-04:00,248.6990464076067,249.20591391404227,246.0239489473912,247.0658416748047,3013400,0.0,0.0
2025-06-12 00:00:00-04:00,247.18787712114568,251.97488928296573,246.79364045830988,251.9467315673828,3045600,0.0,0.0
2025-06-13 00:00:00-04:00,252.02181559590056,253.27957466467916,250.26658444286866,251.41171264648438,3152200,0.0,0.0
2025-06-16 00:00:00-04:00,252.01241502828063,253.2232540935623,249.37487062542743,250.07884216308594,3509200,0.0,0.0
2025-06-17 00:00:00-04:00,249.21529610353795,250.47305502727818,246.76546049004455,249.45932006835938,2495200,0.0,0.0
2025-06-18 00:00:00-04:00,248.87740790940896,249.9193007195513,241.8001390975245,244.35321044921875,4771900,0.0,0.0
2025-06-20 00:00:00-04:00,244.5221716967075,248.02323841358955,243.19870179292343,245.93011474609375,8887100,0.0,0.0
2025-06-23 00:00:00-04:00,246.6528522878128,250.63262886837143,246.6528522878128,250.03192138671875,3006500,0.0,0.0
2025-06-24 00:00:00-04:00,249.5532095793206,250.9048372080667,248.11710880436218,249.68463134765625,3540300,0.0,0.0
2025-06-25 00:00:00-04:00,247.87303057353822,249.0838695002058,243.22683614368313,243.73370361328125,2957800,0.0,0.0
2025-06-26 00:00:00-04:00,244.48462383865478,245.80809377118587,242.72939271544254,245.5640411376953,4008600,0.0,0.0
2025-06-27 00:00:00-04:00,246.23984263723617,248.16404860368874,245.64850199009888,247.78857421875,12464500,0.0,0.0
2025-06-30 00:00:00-04:00,247.6008537574931,251.48676138150643,246.90624909451682,250.482421875,4016500,0.0,0.0
2025-07-01 00:00:00-04:00,250.48244655865062,250.6138683289414,244.4564662151302,248.07955932617188,3042300,0.0,0.0
2025-07-02 00:00:00-04:00,247.27233392698705,247.63838420537456,240.3076967380941,241.97845458984375,3495400,0.0,0.0
2025-07-03 00:00:00-04:00,242.12872403792608,245.69691467285156,241.27426561509736,245.69691467285156,2685600,0.1,0.0
2025-07-07 00:00:00-04:00,243.01134779587406,244.23205574296267,236.42901281326724,238.07225036621094,5032800,0.0,0.0
2025-07-08 00:00:00-04:00,237.27412292045537,238.09104217480382,234.46652893548023,236.28817749023438,4960500,0.0,0.0
2025-07-09 00:00:00-04:00,236.80461539950736,237.55581256496183,234.53225436173088,235.13320922851562,2534700,0.0,0.0
2025-07-10 00:00:00-04:00,234.85150692480534,235.02991786229185,231.6964903133797,234.16604614257812,4289800,0.0,0.0
2025-07-11 00:00:00-04:00,232.94536868862158,233.9313141344882,229.6401095505136,230.03448486328125,3182500,0.0,0.0
2025-07-14 00:00:00-04:00,230.05327776831956,232.42892883740973,228.81380016989215,232.2786865234375,4758100,0.0,0.0
2025-07-15 00:00:00-04:00,231.65895485966283,231.94064127974548,226.22217770574397,227.42408752441406,5200300,0.0,0.0
2025-07-16 00:00:00-04:00,230.05325841011793,233.2833962492374,227.6306550307783,231.4241943359375,6060300,0.0,0.0
2025-07-17 00:00:00-04:00,229.62133803161242,232.25052125271824,227.7809198063655,232.18479919433594,4470700,0.0,0.0
2025-07-18 00:00:00-04:00,232.4382952719622,233.38668726718433,230.14716464016402,231.3772430419922,2966500,0.0,0.0
2025-07-21 00:00:00-04:00,230.25982940471403,232.2974421838616,229.97812868220046,230.17532348632812,3481300,0.0,0.0
2025-07-22 00:00:00-04:00,231.0298241533477,232.51343476605823,229.9499879684506,232.2786865234375,2642400,0.0,0.0
2025-07-23 00:00:00-04:00,232.55099822939005,232.81391511005575,229.9781523795666,232.42892456054688,2177000,0.0,0.0
2025-07-24 00:00:00-04:00,231.3584777374208,233.49938056678891,230.28802632273675,232.2880859375,3217800,0.0,0.0
2025-07-25 00:00:00-04:00,232.21294955426316,236.43841765009446,231.9969851967312,234.84213256835938,2805300,0.0,0.0
2025-07-28 00:00:00-04:00,234.03459452330503,234.58859689317038,224.5225919032716,226.2691192626953,5550000,0.0,0.0
2025-07-29 00:00:00-04:00,227.39592410887417,227.5837198358773,225.46160089774025,226.75741577148438,4691800,0.0,0.0
2025-07-30 00:00:00-04:00,227.37713411493593,227.7715237572865,225.7620651159879,226.9639892578125,3537900,0.0,0.0
2025-07-31 00:00:00-04:00,227.01093260502185,229.76218942533964,225.8184218632017,227.2738494873047,3545400,0.0,0.0
2025-08-01 00:00:00-04:00,228.47577000103078,228.61661321146624,224.9733160039862,226.38180541992188,3201200,0.0,0.0
2025-08-04 00:00:00-04:00,226.12828946020667,227.62128481441385,225.4052608757327,226.8419189453125,2284700,0.0,0.0
2025-08-05 00:00:00-04:00,226.68229940216938,230.41010268988234,226.68229940216938,228.11895751953125,3362300,0.0,0.0
2025-08-06 00:00:00-04:00,229.58376259465,233.99702633109504,228.7011069817821,232.41952514648438,2620800,0.0,0.0
2025-08-07 00:00:00-04:00,232.15660883308948,233.9406896048543,229.69643770188054,230.34434509277344,2042400,0.0,0.0
2025-08-08 00:00:00-04:00,230.8232677495794,232.6449021468699,230.29741963047388,231.47116088867188,2118600,0.0,0.0
2025-08-11 00:00:00-04:00,230.91714389515903,231.63077337710948,229.30207487947004,229.9405975341797,2523400,0.0,0.0
2025-08-12 00:00:00-04:00,230.2973949875769,230.65421687681425,226.81373932963447,228.21282958984375,2396500,0.0,0.0
2025-08-13 00:00:00-04:00,229.72461962053677,234.00643951047013,228.44758863467496,233.98765563964844,3940900,0.0,0.0
2025-08-14 00:00:00-04:00,234.69189634204616,237.38680147914224,233.8092406911505,235.64027404785156,4574100,0.0,0.0
2025-08-15 00:00:00-04:00,236.100385486569,236.983041136503,231.60260131158054,232.0720977783203,3425700,0.0,0.0
2025-08-18 00:00:00-04:00,231.0486007462028,232.52282654081068,229.46170038361296,232.01576232910156,2163800,0.0,0.0
2025-08-19 00:00:00-04:00,231.92187877893593,236.03465824386805,231.47115183732762,235.3491973876953,2744600,0.0,0.0
2025-08-20 00:00:00-04:00,236.67318415410506,239.37747420130034,235.09566849266994,237.26473999023438,3662100,0.0,0.0
2025-08-21 00:00:00-04:00,236.83280962829198,237.33047475949863,232.88904199341655,233.76229858398438,2628100,0.0,0.0
2025-08-22 00:00:00-04:00,235.4806506889406,237.39620432921308,232.95475736275614,234.00643920898438,2532900,0.0,0.0
2025-08-25 00:00:00-04:00,233.32097008519256,233.38670647073926,228.91709074622673,229.19879150390625,2226000,0.0,0.0
2025-08-26 00:00:00-04:00,228.6447805303234,231.16127472817504,228.24102044414823,231.0204315185547,4410600,0.0,0.0
2025-08-27 00:00:00-04:00,230.82324308261863,231.97820034544986,229.16122162681145,229.76217651367188,1736300,0.0,0.0
2025-08-28 00:00:00-04:00,229.09547588488547,231.48052579283114,228.3630625941983,231.0955352783203,2316500,0.0,0.0
2025-08-29 00:00:00-04:00,231.65895567061358,233.18011965596585,230.81385342372155,231.9875946044922,2408200,0.0,0.0
2025-09-02 00:00:00-04:00,232.78574775647792,232.78574775647792,229.87486385426922,230.86080932617188,2353100,0.0,0.0
2025-09-03 00:00:00-04:00,229.78097947943198,232.51343817439079,228.41004341815673,231.66835021972656,2581900,0.0,0.0
2025-09-04 00:00:00-04:00,233.21766388663764,234.5885998360717,232.34440735991808,233.81861877441406,2004700,0.0,0.0
2025-09-05 00:00:00-04:00,233.56509316513808,233.8092261548884,228.0531952393218,228.98280334472656,1690800,0.0,0.0
2025-09-08 00:00:00-04:00,228.6447832549651,231.4429782332973,225.49915114227048,230.93592834472656,2611900,0.0,0.0
2025-09-09 00:00:00-04:00,230.7011786387428,230.75751592290365,227.1517864576557,228.41941833496094,2849400,0.0,0.0
2025-09-10 00:00:00-04:00,227.6212714563699,231.583822625433,225.82779158554055,231.3772430419922,2170500,0.0,0.0
2025-09-11 00:00:00-04:00,231.67772245256546,233.9125302190475,230.22228054017503,233.62144470214844,1647300,0.0,0.0
2025-09-12 00:00:00-04:00,233.57449127536265,234.47593079219664,232.560377191885,233.13316345214844,2612100,0.0,0.0
2025-09-15 00:00:00-04:00,232.87964400285142,233.94071065604876,229.98754390273078,230.6636199951172,2944400,0.0,0.0
2025-09-16 00:00:00-04:00,228.85137471878403,230.57911839716388,226.32548126059703,230.02511596679688,2835700,0.0,0.0
2025-09-17 00:00:00-04:00,226.29730517421459,229.02037904888712,224.6071149670853,228.74807739257812,3363100,0.0,0.0
2025-09-18 00:00:00-04:00,228.57906601939365,229.89366485585347,226.00623429150605,227.23631286621094,3366000,0.0,0.0
2025-09-19 00:00:00-04:00,226.56961174809376,228.72929848586182,226.37243124425478,227.55555725097656,4783400,0.0,0.0
2025-09-22 00:00:00-04:00,227.08603298523485,227.40528712338502,224.6540448826709,226.43812561035156,2330300,0.0,0.0
2025-09-23 00:00:00-04:00,226.0531600848545,226.32546172661708,222.67277985117715,224.0531005859375,3971700,0.0,0.0
2025-09-24 00:00:00-04:00,223.48030586242677,225.82778806686403,222.30656476020815,225.35829162597656,2812500,0.0,0.0
2025-09-25 00:00:00-04:00,226.40998923318145,227.6400677797265,224.03433807201512,227.4147186279297,2832400,0.0,0.0
2025-09-26 00:00:00-04:00,229.10487208890254,230.6260359306661,226.97335429401485,228.6259765625,2888900,0.0,0.0
2025-09-29 00:00:00-04:00,229.6025570595166,229.94059509008855,227.10483240739586,229.4898681640625,2911900,0.0,0.0
2025-09-30 00:00:00-04:00,229.49927205486577,232.0157663021899,229.32086110057577,231.88430786132812,2396700,0.0,0.0
2025-10-01 00:00:00-04:00,230.84200900025795,233.02986415673007,230.05325841011793,231.4241943359375,2441800,0.0,0.0
2025-10-02 00:00:00-04:00,229.62999713764424,230.8136176837109,227.53519689659464,228.7375946044922,2495600,0.1,0.0
2025-10-03 00:00:00-04:00,227.4412384288388,232.48568678056077,227.4412384288388,230.80419921875,2074900,0.0,0.0
2025-10-06 00:00:00-04:00,229.73330503041913,230.14663188720198,224.8955346242333,225.91944885253906,4322200,0.0,0.0
2025-10-07 00:00:00-04:00,226.15429378283642,229.20725932715303,224.66069254124577,229.1039276123047,2641300,0.0,0.0
2025-10-08 00:00:00-04:00,228.26790437423648,230.33452451005934,227.394293348788,228.3242645263672,2559700,0.0,0.0
2025-10-09 00:00:00-04:00,229.00061751855227,230.74785392222873,226.95278885566105,227.4788360595703,2566900,0.0,0.0
2025-10-10 00:00:00-04:00,228.56849673817246,229.0287808410668,224.65129440435362,225.44976806640625,2677000,0.0,0.0
2025-10-13 00:00:00-04:00,223.50525314371612,224.78280238109386,221.15681809954455,221.95529174804688,3000100,0.0,0.0
2025-10-14 00:00:00-04:00,222.03985447759973,226.39854978807224,221.97410574322723,225.82553100585938,2680400,0.0,0.0
2025-10-15 00:00:00-04:00,212.43005900262293,216.05604361224647,204.03205223143138,212.7682342529297,11534000,0.0,0.0
2025-10-16 00:00:00-04:00,211.1243247896549,212.9185327251771,207.17895651461043,208.29681396484375,6017800,0.0,0.0
2025-10-17 00:00:00-04:00,208.59739402194802,212.70245393078378,207.98680663823416,211.9321746826172,3504700,0.0,0.0
2025-10-20 00:00:00-04:00,209.92193165542707,211.19009242621763,205.1687009941774,206.07989501953125,4986900,0.0,0.0
2025-10-21 00:00:00-04:00,206.6622942249754,209.14224118232667,204.7929346761682,208.16529846191406,2746600,0.0,0.0
2025-10-22 00:00:00-04:00,209.16103835237473,209.65890547345612,207.00047507829282,209.1328582763672,3328500,0.0,0.0
2025-10-23 00:00:00-04:00,210.66400781360534,210.92703138657612,206.63409966553104,207.2165069580078,2864400,0.0,0.0
2025-10-24 00:00:00-04:00,205.9577526231899,206.66228313387356,204.2668765308071,205.8074493408203,3347000,0.0,0.0
2025-10-27 00:00:00-04:00,206.34291547988764,206.66229922951533,202.9987460221129,203.4590301513672,3809100,0.0,0.0
2025-10-28 00:00:00-04:00,202.904795843584,204.3890085702629,198.70579267179076,199.06275939941406,3808400,0.0,0.0
2025-10-29 00:00:00-04:00,197.5409583366818,198.27368326663083,194.05588871446807,195.3616180419922,5050900,0.0,0.0
2025-10-30 00:00:00-04:00,195.2958674928666,196.13190985925576,193.89620927294834,194.42225646972656,6354000,0.0,0.0
2025-10-31 00:00:00-04:00,193.2856076802387,194.96709532893004,193.08834714813327,193.5110626220703,3977900,0.0,0.0
2025-11-03 00:00:00-05:00,192.76895839805465,193.12591079622499,187.78087006708716,191.35049438476562,5635100,0.0,0.0
2025-11-04 00:00:00-05:00,193.50166954612595,197.935516296502,190.31719202700143,196.88340759277344,4712800,0.0,0.0
2025-11-05 00:00:00-05:00,196.8928021888062,199.4948579285599,195.23949472438548,196.27281188964844,3520500,0.0,0.0
2025-11-06 00:00:00-05:00,195.67162863862652,197.7194573042094,195.07042978569555,196.90220642089844,3326800,0.0,0.0
2025-11-07 00:00:00-05:00,198.26428953819257,204.24809779593843,197.7382423507482,204.09780883789062,5260900,0.0,0.0
2025-11-10 00:00:00-05:00,201.96542575690341,204.69900775026187,200.75363950919476,204.342041015625,3275600,0.0,0.0
2025-11-11 00:00:00-05:00,205.22504265232314,207.38560575828762,204.88686743283554,206.57774353027344,2390400,0.0,0.0
2025-11-12 00:00:00-05:00,206.31472610751928,208.7758815188393,204.78354182725295,208.41891479492188,2783100,0.0,0.0
2025-11-13 00:00:00-05:00,208.80405656031502,211.09613146845177,208.3155780552096,209.62130737304688,2674300,0.0,0.0
2025-11-14 00:00:00-05:00,208.6161930318458,213.28488325824208,207.5922787462075,211.5282440185547,3227200,0.0,0.0
2025-11-17 00:00:00-05:00,213.51971898894723,214.01758607605933,210.3540187742204,211.6879425048828,3238500,0.0,0.0
2025-11-18 00:00:00-05:00,212.88094640459957,214.96635797932962,211.1243214866924,211.24644470214844,3764900,0.0,0.0
2025-11-19 00:00:00-05:00,212.7870059422626,215.5769479141784,208.66315458877213,209.41464233398438,3814000,0.0,0.0
2025-11-20 00:00:00-05:00,209.7058860270731,212.48642542613135,207.41381085554212,212.29855346679688,2785100,0.0,0.0
2025-11-21 00:00:00-05:00,214.44970786406356,215.98089224014797,211.98855229872999,213.15338134765625,3405600,0.0,0.0
2025-11-24 00:00:00-05:00,213.5479179171061,214.1585053544661,211.1994826446271,211.434326171875,5848500,0.0,0.0
2025-11-25 00:00:00-05:00,213.15337233480594,214.64697365670293,212.14823520599168,212.68368530273438,2361300,0.0,0.0
2025-11-26 00:00:00-05:00,212.8245778045636,215.90572347425672,212.19519892491942,215.25755310058594,2824200,0.0,0.0
2025-11-28 00:00:00-05:00,214.62816891008302,216.14996454695714,214.1397047471598,214.91937255859375,1250200,0.0,0.0
2025-12-01 00:00:00-05:00,215.116663759848,217.85024576562054,213.82972586038662,214.00820922851562,3475400,0.0,0.0
2025-12-02 00:00:00-05:00,213.15337142298011,215.4078634337951,211.39673218362375,214.89120483398438,3953900,0.0,0.0
2025-12-03 00:00:00-05:00,214.8536417979714,215.64271258902394,212.32672321675005,213.40699768066406,2961700,0.0,0.0
2025-12-04 00:00:00-05:00,213.82973403741346,214.9475915258442,213.10641195659747,213.3224639892578,1982400,0.0,0.0
2025-12-05 00:00:00-05:00,212.7682314940887,212.88095179815895,209.07649819867723,209.37709045410156,2100200,0.0,0.0
2025-12-08 00:00:00-05:00,209.00134313560724,211.5376502717136,205.96715455266846,209.63072204589844,2756600,0.0,0.0
2025-12-09 00:00:00-05:00,210.83311148241347,212.88094000604676,210.69219677642027,212.6273193359375,2486400,0.0,0.0
2025-12-10 00:00:00-05:00,212.63672183955745,214.17729479013806,208.95437708777237,209.30194091796875,2650800,0.0,0.0
2025-12-11 00:00:00-05:00,209.97828216671434,217.051767681092,209.74343865207044,216.4693603515625,3452000,0.0,0.0
2025-12-12 00:00:00-05:00,217.28662240472775,220.8374553826208,216.99541872494092,220.6120147705078,2991600,0.0,0.0
2025-12-15 00:00:00-05:00,221.0159308237392,222.16196833988496,220.54624378707985,222.03045654296875,3102600,0.0,0.0
2025-12-16 00:00:00-05:00,222.1901486574751,223.04498250521715,216.92025952706663,217.7563018798828,3093100,0.0,0.0
2025-12-17 00:00:00-05:00,210.0910027867167,213.6700299956541,205.56322727102037,213.49154663085938,5574500,0.0,0.0
2025-12-18 00:00:00-05:00,213.00306222506475,213.18154558493146,208.93557093750232,211.22764587402344,3692000,0.0,0.0
2025-12-19 00:00:00-05:00,211.17129408224338,212.55217511366794,209.71526140507405,210.6828155517578,6280200,0.0,0.0
2025-12-22 00:00:00-05:00,210.68280658591735,213.71698069347164,209.7622240487143,213.57608032226562,3197200,0.0,0.0
2025-12-23 00:00:00-05:00,214.13031950221142,214.84425297936357,213.33186013133204,214.07395935058594,2272600,0.0,0.0
2025-12-24 00:00:00-05:00,213.82032716552808,214.60000938532926,213.1064080126347,213.85791015625,1111600,0.0,0.0
2025-12-26 00:00:00-05:00,213.83912202312192,214.5624441019243,212.9279279888895,213.36004638671875,1306200,0.0,0.0
2025-12-29 00:00:00-05:00,214.01760455761527,214.74092663357885,212.30793680237622,214.6563720703125,2877700,0.0,0.0
2025-12-30 00:00:00-05:00,214.5530231795888,216.45995131788996,213.69820370407152,216.02784729003906,2018100,0.0,0.0
2025-12-31 00:00:00-05:00,216.21573985428478,216.56330369249818,213.8766931313034,213.91427612304688,2134000,0.0,0.0
2026-01-02 00:00:00-05:00,214.134051644522,214.134051644522,210.20783503084013,211.9161834716797,3321800,13.6,0.0
2026-01-05 00:00:00-05:00,210.59745026170643,214.2839070661156,209.198786342469,212.7154083251953,3942900,0.0,0.0
2026-01-06 00:00:00-05:00,211.79629578265335,214.16401364512168,210.6474068795965,212.14596557617188,3441400,0.0,0.0
2026-01-07 00:00:00-05:00,211.10696162609102,214.72347849287502,208.8791085764529,208.8990936279297,3314200,0.0,0.0
2026-01-08 00:00:00-05:00,210.42762272730377,214.79341896963547,209.84817818636944,212.9451904296875,4362400,0.0,0.0
2026-01-09 00:00:00-05:00,212.51560441896828,216.5017760255348,212.04605480951832,214.95326232910156,3409800,0.0,0.0
2026-01-12 00:00:00-05:00,214.89332821019485,217.1811211663664,212.79533988829297,216.29197692871094,3251000,0.0,0.0
2026-01-13 00:00:00-05:00,215.0132180128004,215.78248246576197,204.2635617002239,204.86297607421875,4101200,0.0,0.0
2026-01-14 00:00:00-05:00,204.0537522958723,208.5494286010445,203.63415767001825,205.30255126953125,3933300,0.0,0.0
2026-01-15 00:00:00-05:00,205.9319558205755,208.18977893177694,202.47527347030788,203.324462890625,4061700,0.0,0.0
2026-01-16 00:00:00-05:00,203.03472666588593,204.48333041652225,200.54712888374146,202.17555236816406,3796300,0.0,0.0
2026-01-20 00:00:00-05:00,200.44721289153964,203.94384988941925,198.3092697368869,203.72406005859375,3647000,0.0,0.0
2026-01-21 00:00:00-05:00,204.1536558459036,205.6022595606453,199.86776936732764,202.80494689941406,4983300,0.0,0.0
2026-01-22 00:00:00-05:00,201.54617561807638,206.97095120863202,201.19650579709014,206.72119140625,4316700,0.0,0.0
2026-01-23 00:00:00-05:00,205.13272211302018,207.1208156219682,204.42339756894341,205.83204650878906,3999600,0.0,0.0
2026-01-26 00:00:00-05:00,205.9119570227407,207.81012528433794,204.79303806804145,207.80014038085938,3480800,0.0,0.0
2026-01-27 00:00:00-05:00,207.0808315577681,209.43856453608987,205.80206267909807,207.88006591796875,3527200,0.0,0.0
2026-01-28 00:00:00-05:00,205.7221442905691,215.0431815865425,203.77402095568388,212.5355987548828,5058700,0.0,0.0
2026-01-29 00:00:00-05:00,211.88621257338806,213.21493649042225,204.24356906863156,208.0598907470703,6249900,0.0,0.0
2026-01-30 00:00:00-05:00,208.04990016497098,209.24874407988122,206.2716117216265,207.80014038085938,3196400,0.0,0.0
2026-02-02 00:00:00-05:00,206.79112664894296,208.4994751207118,202.73501474771655,202.84490966796875,4248300,0.0,0.0
2026-02-03 00:00:00-05:00,202.67506613373206,205.53231869348434,200.7069578017981,200.8368377685547,3116100,0.0,0.0
2026-02-04 00:00:00-05:00,200.59706284924977,207.5503819931139,197.72982538647892,205.34249877929688,5384800,0.0,0.0
2026-02-05 00:00:00-05:00,207.57037011613312,210.6773825071303,206.5813158618742,207.36056518554688,3293800,0.0,0.0
2026-02-06 00:00:00-05:00,208.579380778749,209.46852496244338,201.53615211881208,202.09561157226562,2666200,0.0,0.0
2026-02-09 00:00:00-05:00,201.3763348500095,202.4253137938124,199.74789610832494,201.33636474609375,3459300,0.0,0.0
2026-02-10 00:00:00-05:00,201.24644541961845,202.4752592850301,198.63895267234713,202.40533447265625,2871700,0.0,0.0
2026-02-11 00:00:00-05:00,201.5361651442632,209.49850845579053,200.07757650979337,208.16978454589844,4840300,0.0,0.0
2026-02-12 00:00:00-05:00,207.95999684653836,208.67930626694925,205.16268412762122,205.25259399414062,4096200,0.0,0.0
2026-02-13 00:00:00-05:00,206.78112375999495,208.6293523277034,201.80591294679127,204.33348083496094,3489700,0.0,0.0
2026-02-17 00:00:00-05:00,207.68025602355743,209.8981240775251,205.4723728728501,207.70022583007812,3074500,0.0,0.0
2026-02-18 00:00:00-05:00,208.19976207804513,208.69928167539564,201.0466530295232,203.08468627929688,4099300,0.0,0.0
2026-02-19 00:00:00-05:00,202.91485021158994,203.8539494879589,200.6170570289245,201.57614135742188,2112400,0.0,0.0
2026-02-20 00:00:00-05:00,203.49428647489643,203.95383594621916,200.19745423799952,203.8839111328125,2527200,0.0,0.0
2026-02-23 00:00:00-05:00,202.8549087468285,204.803032100914,201.78592950599833,203.49429321289062,2869000,0.0,0.0
2026-02-24 00:00:00-05:00,202.82493118528737,206.13174831127003,200.85682285302758,205.88198852539062,2916900,0.0,0.0
2026-02-25 00:00:00-05:00,205.5523041563006,207.07084792559232,202.69505159082703,204.3434600830078,3047700,0.0,0.0
2026-02-26 00:00:00-05:00,206.40150482166547,211.94616018647056,204.85299101280967,211.5265655517578,3089000,0.0,0.0
2026-02-27 00:00:00-05:00,211.17690383460146,214.16402118537007,210.8272340287718,213.4547119140625,3364900,0.0,0.0
2026-03-02 00:00:00-05:00,213.56461077092652,214.76345474368057,211.7663371897314,213.2049560546875,2594600,0.0,0.0
2026-03-03 00:00:00-05:00,211.436655790923,214.12407367941586,209.268742555063,213.14501953125,2960100,0.0,0.0
2026-03-04 00:00:00-05:00,212.23589347657887,213.0151428454936,209.7882504463144,211.19688415527344,3300800,0.0,0.0
2026-03-05 00:00:00-05:00,210.1978200647595,213.03510268784936,209.27870592414305,210.37765502929688,3374300,0.0,0.0
2026-03-06 00:00:00-05:00,210.4975540741812,211.33674333435323,207.3206167703321,210.3976593017578,2698900,0.0,0.0
2026-03-09 00:00:00-04:00,209.60840550997162,210.63741463402607,204.8529845556605,206.60130310058594,2595900,0.0,0.0
2026-03-10 00:00:00-04:00,207.0908236874181,209.1088870874135,205.73212980090554,206.7611541748047,2996900,0.0,0.0
2026-03-11 00:00:00-04:00,206.45144799168426,207.68027720374957,199.92772312748184,201.02667236328125,3013700,0.0,0.0
2026-03-12 00:00:00-04:00,202.1355966394923,205.09274403931101,199.81781845313847,204.98284912109375,3680200,0.0,0.0
2026-03-13 00:00:00-04:00,206.27162387577928,207.4005430446039,204.6431851092982,204.97286987304688,2553200,0.0,0.0
2026-03-16 00:00:00-04:00,205.1726598999873,207.47045293269377,204.2135908782091,204.5133056640625,2715300,0.0,0.0
2026-03-17 00:00:00-04:00,206.17171547833513,208.17979403293214,203.21456797368876,203.5941925048828,2831800,0.0,0.0
2026-03-18 00:00:00-04:00,203.4443276982129,206.1717002530785,200.62704528029317,200.97669982910156,2887600,0.0,0.0
2026-03-19 00:00:00-04:00,203.3444190176324,204.46335321586886,198.55902826399424,202.48524475097656,3158600,0.0,0.0
2026-03-20 00:00:00-04:00,202.1955460719075,206.81110236612352,202.0656660958634,205.8020782470703,7866100,0.0,0.0
2026-03-23 00:00:00-04:00,205.89197785989907,207.47046156992232,202.61513061817138,204.90293884277344,3793300,0.0,0.0
2026-03-24 00:00:00-04:00,205.04280213576226,207.90005473545588,204.3134925751484,206.01187133789062,3521300,0.0,0.0
2026-03-25 00:00:00-04:00,204.73308397256562,207.50042666317577,201.99572648080107,202.6450958251953,2932000,0.0,0.0
2026-03-26 00:00:00-04:00,204.1536666429038,206.11177493843408,202.51524296446627,202.70504760742188,2079700,0.0,0.0
2026-03-27 00:00:00-04:00,203.05470735262767,203.54424202429118,197.85970681850773,198.64894104003906,2218700,0.0,0.0
2026-03-30 00:00:00-04:00,199.37825927927216,203.37441605558303,198.91869454257994,201.19650268554688,2687600,0.0,0.0
2026-03-31 00:00:00-04:00,201.54616711512688,201.54616711512688,196.19131656820497,198.04953002929688,3161600,0.0,0.0
2026-04-01 00:00:00-04:00,196.97056139273937,197.51003582336566,191.83550079965642,193.17420959472656,3182400,0.0,0.0
2026-04-02 00:00:00-04:00,193.6639959161932,195.55315635014662,192.09468550573695,195.163330078125,2177500,0.1,0.0
2026-04-06 00:00:00-04:00,194.5735937120457,196.3927778794967,194.07381566300745,196.29283142089844,1608800,0.0,0.0
2026-04-07 00:00:00-04:00,196.54273070412762,198.23198303837125,194.50362761649023,196.76263427734375,2877400,0.0,0.0
2026-04-08 00:00:00-04:00,197.0325045042535,199.4414384996482,195.29328655486162,198.0020751953125,1883100,0.0,0.0
2026-04-09 00:00:00-04:00,196.4227756502418,200.24108750511894,196.12292100364232,199.79129028320312,2398400,0.0,0.0
2026-04-10 00:00:00-04:00,199.5913628809987,200.17110727292507,192.9743061093151,194.04383850097656,3126300,0.0,0.0
2026-04-13 00:00:00-04:00,193.9138949248491,199.71132369980978,193.7539622788601,199.48143005371094,2844200,0.0,0.0
2026-04-14 00:00:00-04:00,198.0520463387747,199.49140957250768,196.48275118256285,196.5027313232422,3276400,0.0,0.0
2026-04-15 00:00:00-04:00,199.07159756967673,203.0298312050914,195.42320863453196,201.1406707763672,4865700,0.0,0.0
2026-04-16 00:00:00-04:00,200.92076968830088,205.19886865104706,200.16111252972527,203.3796844482422,2914100,0.0,0.0
2026-04-17 00:00:00-04:00,203.31971520173377,206.0285037614198,202.34013921703544,202.49008178710938,3150400,0.0,0.0
2026-04-20 00:00:00-04:00,202.7299793447737,206.118473977572,201.86035515000916,203.68954467773438,2541100,0.0,0.0
2026-04-21 00:00:00-04:00,204.08936426106348,208.3674785494131,202.9098953430911,207.40789794921875,2900700,0.0,0.0
2026-04-22 00:00:00-04:00,206.62824014248477,207.8576898864059,202.22019403982097,202.62002563476562,2427100,0.0,0.0
2026-04-23 00:00:00-04:00,202.76995623378002,206.76818073587407,201.91033735574916,205.23886108398438,2040800,0.0,0.0
2026-04-24 00:00:00-04:00,203.65955812099278,204.88900787000537,200.18110711665636,200.8008270263672,1916500,0.0,0.0
2026-04-27 00:00:00-04:00,199.28149307421037,204.32925438649852,199.28149307421037,201.8903350830078,2090600,0.0,0.0
2026-04-28 00:00:00-04:00,204.2792819282244,204.66910820983756,200.84080639193613,202.93988037109375,1879000,0.0,0.0
2026-04-29 00:00:00-04:00,202.9998522022871,203.61958737859644,199.9711983273467,200.57093811035156,1886500,0.0,0.0
2026-04-30 00:00:00-04:00,198.15201461567585,201.47053306827766,196.06293069226723,201.19065856933594,2467500,0.0,0.0
2026-05-01 00:00:00-04:00,202.89990153864497,203.2097614943757,199.2115370291721,199.22152709960938,1670200,0.0,0.0
2026-05-04 00:00:00-04:00,198.9116665937833,201.54050405302965,197.63223598861774,199.1515655517578,2296300,0.0,0.0
2026-05-05 00:00:00-04:00,198.54184129445488,199.71132014993088,196.16289279670818,197.65223693847656,2860700,0.0,0.0
2026-05-06 00:00:00-04:00,197.75217813309843,200.56092837595403,196.69265109151036,196.712646484375,3063200,0.0,0.0
2026-05-07 00:00:00-04:00,195.57316006201953,197.77218054265668,194.11380137144178,195.66311645507812,3226000,0.0,0.0
2026-05-08 00:00:00-04:00,195.5931416778038,196.50274144207395,191.664893297805,193.9138946533203,3308900,0.0,0.0
2026-05-11 00:00:00-04:00,195.53316536887797,196.89256231644637,193.91388931810394,196.82260131835938,2387600,0.0,0.0
2026-05-12 00:00:00-04:00,196.70264307452322,200.30105122435387,195.6531213451707,198.33192443847656,2492400,0.0,0.0
2026-05-13 00:00:00-04:00,196.55272248332022,200.49097618985525,195.60314718273327,195.87303161621094,2559600,0.0,0.0
2026-05-14 00:00:00-04:00,196.67266068963536,198.76174461455338,196.39278619049142,196.79261779785156,2074500,0.0,0.0
2026-05-15 00:00:00-04:00,199.03161231190717,202.5700495636712,198.7017569577925,199.64134216308594,3297600,0.0,0.0
2026-05-18 00:00:00-04:00,199.1115817812833,203.93943981000442,198.82171720903202,203.90945434570312,2414100,0.0,0.0
2026-05-19 00:00:00-04:00,204.47921067406568,206.74819217250587,202.56004942788894,202.7799530029297,2577200,0.0,0.0
2026-05-20 00:00:00-04:00,201.99029736119425,203.74951059639142,200.321040513998,202.51007080078125,2884300,0.0,0.0
2026-05-21 00:00:00-04:00,201.90034711673584,203.05982062984333,198.79172695887118,198.88168334960938,3437900,0.0,0.0
2026-05-22 00:00:00-04:00,198.0620355857997,199.57137506168363,196.95252770207722,199.4214324951172,5461100,0.0,0.0
2026-05-26 00:00:00-04:00,198.96165689496877,200.10115030841388,197.11247189633522,198.6917724609375,2869400,0.0,0.0
2026-05-27 00:00:00-04:00,198.91166997063237,202.35014549989455,196.39278425119352,196.82260131835938,2953800,0.0,0.0
2026-05-28 00:00:00-04:00,196.63268606971542,199.6813353624486,194.41367020759594,194.4236602783203,3155100,0.0,0.0
2026-05-29 00:00:00-04:00,194.35369065164136,194.84346337967216,189.11601119348458,190.3154754638672,6597000,0.0,0.0
2026-06-01 00:00:00-04:00,190.11556786012136,194.9834164561727,189.60579973799545,192.58447265625,4898100,0.0,0.0
2026-06-02 00:00:00-04:00,192.59447361198113,197.3623607663436,192.2146526425048,196.73265075683594,2886200,0.0,0.0
2026-06-03 00:00:00-04:00,195.70308254545418,199.09157712194587,192.91432773110898,193.37413024902344,3124900,0.0,0.0
2026-06-04 00:00:00-04:00,195.16332675331589,198.54183122129098,194.15378059220615,195.29327392578125,2927100,0.0,0.0
2026-06-05 00:00:00-04:00,198.19198575429883,204.41921609565128,196.91255514408232,203.929443359375,2746300,0.0,0.0
2026-06-08 00:00:00-04:00,200.86079294317793,201.9103298865557,198.99162793823945,200.1710968017578,1932400,0.0,0.0
2026-06-09 00:00:00-04:00,199.93121643123877,202.78994750217097,198.81170322205207,200.04116821289062,3567000,0.0,0.0
2026-06-10 00:00:00-04:00,202.90989542946951,205.64868473042566,200.12114052337037,204.10935974121094,2507300,0.0,0.0
2026-06-11 00:00:00-04:00,206.12846066860422,206.12846066860422,202.06026001064143,202.1702117919922,2631100,0.0,0.0
2026-06-12 00:00:00-04:00,203.12980347193516,203.51962976313484,199.91123142581816,203.0198516845703,1994200,0.0,0.0
2026-06-15 00:00:00-04:00,201.20064225928348,205.2888383323496,200.27106239985335,203.40966796875,2565500,0.0,0.0
2026-06-16 00:00:00-04:00,204.48918651467062,206.29838059540992,202.69997257425987,204.56915283203125,2248500,0.0,0.0
2026-06-17 00:00:00-04:00,203.98940874016984,207.3978986686017,203.0897991076839,204.32925415039062,3371200,0.0,0.0
2026-06-18 00:00:00-04:00,207.8576873437171,208.04760544249058,201.74040891004609,204.779052734375,9986500,0.0,0.0
2026-06-22 00:00:00-04:00,204.66910125869472,210.18665519353337,203.33968981731428,207.28794860839844,3751900,0.0,0.0
2026-06-23 00:00:00-04:00,211.42612147651334,216.33393058978987,210.09670996452064,215.59426879882812,5353100,0.0,0.0
2026-06-24 00:00:00-04:00,217.50342340522832,221.3417153442342,215.42434479192937,220.40213012695312,5385000,0.0,0.0
2026-06-25 00:00:00-04:00,218.6628926244661,222.35125716958416,215.29439336062325,215.44432067871094,3885600,0.0,0.0
2026-06-26 00:00:00-04:00,218.403013369431,224.43033558459084,215.53429217057834,224.24041748046875,6015700,0.0,0.0
2026-06-29 00:00:00-04:00,221.21175869432176,223.24085636306444,218.50297019656898,219.7624053955078,3571800,0.0,0.0
2026-06-30 00:00:00-04:00,219.71242425200435,221.66155559971793,217.9032301484339,218.35302734375,2877400,0.0,0.0
2026-07-01 00:00:00-04:00,220.22221173983976,226.3594857082444,219.80238474755043,225.1999969482422,3622300,0.0,0.0
2026-07-02 00:00:00-04:00,225.99000549316406,232.3000030517578,222.4199981689453,232.22000122070312,3107700,0.1,0.0
2026-07-06 00:00:00-04:00,232.0,232.0500030517578,228.99000549316406,231.6699981689453,2829600,0.0,0.0
2026-07-07 00:00:00-04:00,235.47000122070312,239.3800048828125,234.19000244140625,234.39999389648438,3236900,0.0,0.0
2026-07-08 00:00:00-04:00,237.30999755859375,237.5800018310547,231.86000061035156,232.89999389648438,2919200,0.0,0.0
2026-07-09 00:00:00-04:00,231.67999267578125,232.2100067138672,228.8300018310547,229.52000427246094,1931600,0.0,0.0
2026-07-10 00:00:00-04:00,230.49000549316406,231.0,228.47000122070312,230.72000122070312,1477700,0.0,0.0
2026-07-13 00:00:00-04:00,232.27999877929688,235.0,230.92999267578125,234.47999572753906,2556000,0.0,0.0
2026-07-14 00:00:00-04:00,229.5,231.58999633789062,225.77000427246094,226.5800018310547,3226500,0.0,0.0
2026-07-15 00:00:00-04:00,208.02000427246094,211.94000244140625,203.5800018310547,205.22000122070312,7223700,0.0,0.0
2026-07-16 00:00:00-04:00,205.5,209.19000244140625,203.0800018310547,205.8000030517578,5690000,0.0,0.0
2026-07-17 00:00:00-04:00,208.99000549316406,211.99000549316406,206.94000244140625,207.9499969482422,3827000,0.0,0.0
2026-07-20 00:00:00-04:00,207.0,212.25999450683594,205.55999755859375,212.22999572753906,2566100,0.0,0.0
2026-07-21 00:00:00-04:00,209.8000030517578,211.3300018310547,205.3699951171875,205.89999389648438,3324300,0.0,0.0
2026-07-22 00:00:00-04:00,205.49000549316406,206.89999389648438,203.8000030517578,204.5399932861328,2522400,0.0,0.0
2026-07-23 00:00:00-04:00,205.1699981689453,207.27000427246094,203.11000061035156,207.07000732421875,2904700,0.0,0.0
2026-07-24 00:00:00-04:00,210.6199951171875,214.77999877929688,209.02000427246094,213.8300018310547,2353800,0.0,0.0
2026-07-27 00:00:00-04:00,212.7100067138672,216.67999267578125,212.14999389648438,215.75999450683594,2141200,0.0,0.0
2026-07-28 00:00:00-04:00,218.07000732421875,222.66000366210938,215.72999572753906,219.52000427246094,2507500,0.0,0.0
2026-07-29 00:00:00-04:00,218.64999389648438,223.10000610351562,217.6699981689453,219.99000549316406,2930400,0.0,0.0
2026-07-30 00:00:00-04:00,217.94000244140625,217.94000244140625,211.02999877929688,213.27999877929688,2499700,0.0,0.0
2026-07-31 00:00:00-04:00,210.5,213.82000732421875,210.2899932861328,211.4199981689453,2358200,0.0,0.0
